date,0,1,2,3,4,5,6,7
2015-01-05,0.11844212,-0.32756925,0.12182217,-0.20792146,0.37022534,0.19485763,-0.1727187,-0.2517665
2015-01-06,0.23341838,-0.44984096,0.026345879,-0.15400216,0.5386166,-0.08718524,-0.24352297,-0.26696643
2015-01-07,0.10662577,-0.26565975,0.16324577,-0.18118049,0.3152104,0.27720746,-0.16012108,-0.26541793
2015-01-08,0.24299777,-0.346653,0.07818524,-0.10911862,0.49308112,0.06737998,-0.26399022,-0.20881604
2015-01-09,0.26953465,-0.30382907,0.081957735,-0.065128565,0.5005682,0.11305521,-0.29145122,-0.17851713
2015-01-12,0.25940475,-0.30681986,0.08801978,-0.05788532,0.4807661,0.09103896,-0.27012432,-0.23022918
2015-01-13,0.18141668,-0.32084975,0.10416498,-0.1514353,0.42776424,0.15345293,-0.22225553,-0.21447323
2015-01-14,0.16176617,-0.2562412,0.14896712,-0.13773096,0.3675921,0.2602622,-0.21007425,-0.21658058
2015-01-15,0.18817693,-0.25651783,0.15030375,-0.09927895,0.37745613,0.21202663,-0.21559101,-0.25239214
2015-01-16,0.25140113,-0.39195913,0.041131772,-0.12725604,0.5359639,0.009494312,-0.27473253,-0.19890246
2015-01-19,0.25132728,-0.23577063,0.11935688,-0.063268274,0.45549375,0.24513194,-0.29405314,-0.1255672
2015-01-20,0.25587794,-0.36816674,0.052647464,-0.09340189,0.51675427,0.013229082,-0.26729605,-0.238135
2015-01-21,0.1615166,-0.28924266,0.13063386,-0.14980261,0.38396606,0.21286999,-0.20571074,-0.23546068
2015-01-22,0.19388485,-0.3190574,0.10618896,-0.13274394,0.4284947,0.13870658,-0.22461155,-0.23848124
2015-01-23,0.107532635,-0.22451669,0.18915048,-0.17032643,0.29318163,0.34671843,-0.16989544,-0.23832007
2015-01-26,0.2409294,-0.32324195,0.091963254,-0.08230483,0.46853068,0.077929795,-0.25260198,-0.24697421
2015-01-27,0.15268534,-0.25707287,0.15464485,-0.12156779,0.34246498,0.23383196,-0.1834982,-0.2883261
2015-01-28,0.19798549,-0.28267288,0.11928732,-0.1246434,0.4236079,0.20296144,-0.24152172,-0.18657652
2015-01-29,0.18181765,-0.27033406,0.14328364,-0.1165595,0.3835957,0.20493782,-0.21423891,-0.24362366
2015-01-30,0.14941844,-0.2503333,0.16678315,-0.13960633,0.34258568,0.26223353,-0.19309789,-0.24369667
2015-02-02,0.24770221,-0.31110746,0.090086944,-0.084745094,0.4807159,0.10891927,-0.2709763,-0.19740924
2015-02-03,0.24380285,-0.35649627,0.06552022,-0.10966454,0.50380325,0.04828236,-0.26432353,-0.21167864
2015-02-04,0.16148356,-0.3019312,0.12818816,-0.15786208,0.39035162,0.19179127,-0.20397806,-0.2346491
2015-02-05,0.25924832,-0.3332191,0.068871625,-0.09691726,0.51297444,0.090043865,-0.28802246,-0.16665934
2015-02-06,0.1138497,-0.2393456,0.18155539,-0.17507365,0.30915624,0.32211918,-0.17510322,-0.23053063
2015-02-09,0.20543319,-0.22699589,0.16019806,-0.08079212,0.38348526,0.25284523,-0.23892888,-0.2092045
2015-02-10,0.19540575,-0.33321398,0.09804643,-0.11979175,0.42953986,0.08998058,-0.21240532,-0.28391132
2015-02-11,0.22788891,-0.30146176,0.10310488,-0.09511258,0.45342723,0.1338893,-0.25324035,-0.21363579
2015-02-12,0.20709291,-0.29779857,0.11306756,-0.11417713,0.4311943,0.16182315,-0.239164,-0.21821536
2015-02-13,0.21930614,-0.30749476,0.1070549,-0.097204275,0.44179687,0.11889687,-0.23945159,-0.24193384
2015-02-16,0.22813815,-0.3735147,0.05763372,-0.13043493,0.50078243,0.040018644,-0.2527444,-0.22092988
2015-02-17,0.11200214,-0.28705937,0.14954895,-0.20023751,0.3416971,0.26115716,-0.17353746,-0.23194696
2015-02-25,0.17369902,-0.25760448,0.14912474,-0.13212702,0.37947875,0.2496941,-0.22017202,-0.20291352
2015-02-26,0.17776355,-0.25744992,0.1504406,-0.101984814,0.3659213,0.21178576,-0.20330715,-0.27289134
2015-02-27,0.22667205,-0.34506583,0.07266044,-0.1186546,0.48288405,0.08240625,-0.25336725,-0.21430491
2015-03-02,0.21787128,-0.3543725,0.07595322,-0.13317096,0.47660756,0.07864309,-0.24553904,-0.22139229
2015-03-03,0.16688742,-0.2617916,0.14515117,-0.14219588,0.3801176,0.25410742,-0.21832809,-0.19432439
2015-03-04,0.25041035,-0.34221604,0.06778028,-0.09217171,0.49966168,0.061756887,-0.2668986,-0.21733253
2015-03-05,0.15640357,-0.28352404,0.14341965,-0.14843254,0.36861834,0.21578453,-0.19646782,-0.25144914
2015-03-06,0.08397799,-0.22457923,0.20704582,-0.18634017,0.26125652,0.3538097,-0.14391083,-0.27102968
2015-03-09,0.25844496,-0.35548818,0.060692497,-0.0928173,0.5163764,0.035974447,-0.27473983,-0.21104558
2015-03-10,0.24950007,-0.33711314,0.074142076,-0.08993261,0.4940928,0.06636791,-0.26639855,-0.2192793
2015-03-11,0.14423646,-0.27994132,0.13819948,-0.163591,0.36871165,0.23972778,-0.19627601,-0.22377698
2015-03-12,0.15339556,-0.22567604,0.178675,-0.10627766,0.31993037,0.27429408,-0.18445054,-0.28814608
2015-03-13,0.18950048,-0.3673073,0.075924926,-0.15820812,0.4561337,0.075604826,-0.21956939,-0.24814193
2015-03-16,0.24382025,-0.34961098,0.073615275,-0.10196829,0.4919889,0.055922,-0.259751,-0.22878484
2015-03-17,0.16534574,-0.2621152,0.14826226,-0.14085816,0.37420055,0.25326335,-0.21531942,-0.20893177
2015-03-18,0.20621803,-0.35711688,0.07824143,-0.14305937,0.46875778,0.077477135,-0.23640212,-0.22568254
2015-03-19,0.16248104,-0.27772817,0.14079088,-0.13489895,0.37092897,0.21339038,-0.19935659,-0.25705737
2015-03-20,0.22915176,-0.27910316,0.11069582,-0.070367955,0.4363418,0.15089333,-0.24766585,-0.24028797
2015-03-23,0.23491871,-0.36291695,0.06271342,-0.112483226,0.49604183,0.03906655,-0.25268012,-0.23567583
2015-03-24,0.20007975,-0.32581353,0.11632898,-0.08795459,0.4091212,0.046861112,-0.19456318,-0.34826398
2015-03-25,0.19680396,-0.30474505,0.104952835,-0.11107103,0.42384806,0.13800487,-0.22209162,-0.2509093
2015-03-26,0.12381773,-0.19128501,0.21452317,-0.1287186,0.2778573,0.34865353,-0.17229244,-0.25737113
2015-03-27,0.1915515,-0.34324014,0.10233573,-0.13686149,0.43145004,0.0864668,-0.21255478,-0.27196762
2015-03-30,0.1491434,-0.24601299,0.17019755,-0.12424566,0.3301586,0.25338998,-0.18258578,-0.282889
2015-03-31,0.25683784,-0.32905668,0.07306967,-0.08275962,0.5019276,0.07257228,-0.27563348,-0.19674495
2015-04-01,0.22113761,-0.33563954,0.08660505,-0.10885541,0.46266508,0.08134788,-0.24058169,-0.24614258
2015-04-02,0.18193373,-0.31838235,0.11122974,-0.14386325,0.41687363,0.15508275,-0.21750802,-0.24146123
2015-04-03,0.20814303,-0.30801123,0.108280204,-0.10340879,0.43070728,0.121937014,-0.2279926,-0.2544597
2015-04-07,0.20750105,-0.30316198,0.11074019,-0.10716285,0.42943293,0.14039482,-0.23239172,-0.24289145
2015-04-08,0.0821189,-0.21848927,0.22105086,-0.1841505,0.24806407,0.3537129,-0.13293767,-0.29033628
2015-04-09,0.08202064,-0.3798766,0.116415046,-0.21752483,0.33106762,0.09369486,-0.10733985,-0.41668233
2015-04-10,0.26198208,-0.33597106,0.06857296,-0.08069199,0.50697744,0.065676175,-0.27886006,-0.20734695
2015-04-13,0.19528398,-0.3225614,0.099611975,-0.13877314,0.43935242,0.13920322,-0.23120812,-0.2177711
2015-04-14,0.17179792,-0.2642441,0.13932195,-0.1347981,0.38251212,0.24884135,-0.21928135,-0.21008608
2015-04-15,0.09056866,-0.24098423,0.1889962,-0.18815556,0.28507435,0.32040644,-0.15069422,-0.25709125
2015-04-16,0.32278398,-0.32090026,0.05315862,-0.0337018,0.5670434,0.064188465,-0.3402109,-0.13040836
2015-04-17,0.14274625,-0.2846717,0.13816863,-0.1742105,0.36821094,0.25161487,-0.19859341,-0.2192273
2015-04-20,0.17342082,-0.24771069,0.13759181,-0.1374891,0.3912811,0.28627092,-0.23494458,-0.15977395
2015-04-21,0.33074278,-0.42375475,-0.00084029883,-0.048002094,0.6148079,-0.12461044,-0.31703624,-0.2324415
2015-04-22,0.21804067,-0.29594684,0.118386365,-0.09764428,0.43311277,0.1419426,-0.2410331,-0.2315316
2015-04-23,0.26329803,-0.3211591,0.08330532,-0.07489137,0.49899885,0.08099744,-0.2815229,-0.19702256
2015-04-24,0.23728749,-0.31264907,0.09995403,-0.05542781,0.44286177,0.062072024,-0.23115036,-0.31769136
2015-04-27,0.16026863,-0.24245487,0.16967711,-0.11651943,0.34086525,0.25187296,-0.19463515,-0.26396897
2015-04-28,0.063186,-0.20391782,0.21269122,-0.19334862,0.23693499,0.4062258,-0.12365795,-0.27127174
2015-04-29,0.32261088,-0.39641595,0.013868988,-0.047660187,0.59693384,-0.07329405,-0.3187086,-0.20951052
2015-04-30,0.25801998,-0.32001352,0.07504343,-0.09064956,0.503389,0.10971732,-0.2870206,-0.16839
2015-05-04,0.14286315,-0.26394996,0.14646423,-0.15134695,0.35645244,0.2554165,-0.19360939,-0.23505758
2015-05-05,0.11457773,-0.21194664,0.1897595,-0.151401,0.29246792,0.35007924,-0.17317843,-0.24391381
2015-05-06,0.28848946,-0.323831,0.05351434,-0.09544511,0.5609621,0.124378674,-0.3367776,-0.06319912
2015-05-07,0.19410455,-0.26262647,0.13296923,-0.10860471,0.40269676,0.21587567,-0.23192155,-0.21239685
2015-05-08,0.28448528,-0.37676817,0.027716301,-0.046652183,0.5408159,-0.045186736,-0.274882,-0.2861826
2015-05-11,0.24791485,-0.40792412,0.026963964,-0.11690397,0.53727055,-0.040872253,-0.25966576,-0.24658303
2015-05-12,0.17000318,-0.33776367,0.116761304,-0.14090821,0.40110305,0.089980684,-0.18760374,-0.31002253
2015-05-13,0.20206076,-0.2703257,0.12935796,-0.11506329,0.41740555,0.21135107,-0.24360344,-0.1820863
2015-05-14,0.19532633,-0.26509464,0.14362454,-0.11694565,0.39818224,0.22484313,-0.2348451,-0.20458204
2015-05-15,0.18171723,-0.36147022,0.08092829,-0.163323,0.4481401,0.08771368,-0.21599239,-0.24453144
2015-05-18,0.28711134,-0.34073,0.07128871,-0.050030276,0.5199537,0.019477393,-0.28765607,-0.2311263
2015-05-19,0.09483715,-0.34129888,0.12197135,-0.2215752,0.34779269,0.17503303,-0.1425705,-0.2973749
2015-05-20,0.2998292,-0.35153311,0.05184064,-0.057841208,0.5515186,0.014617154,-0.30748075,-0.18487126
2015-05-21,0.2667914,-0.35411376,0.055281006,-0.08853155,0.5273954,0.042202063,-0.28595144,-0.19635682
2015-05-22,0.06817596,-0.26127037,0.18559399,-0.22204272,0.27350223,0.33114797,-0.13661975,-0.2712851
2015-05-25,0.20894289,-0.3283068,0.08485433,-0.13378873,0.46346304,0.1283313,-0.24697551,-0.19318324
2015-05-26,0.3084839,-0.3473785,0.049443334,-0.027697446,0.5468608,-0.006855501,-0.30299774,-0.23553719
2015-05-27,0.10030008,-0.30162063,0.14399657,-0.18873312,0.32397354,0.21179673,-0.14248094,-0.3144518
2015-05-28,0.17764038,-0.17239751,0.19696751,-0.07617756,0.32447848,0.3440863,-0.21923226,-0.21604942
2015-05-29,0.21327907,-0.3625937,0.062057905,-0.1540503,0.49695492,0.08238526,-0.25454596,-0.16725758
2015-06-01,0.29570132,-0.3741855,0.035388425,-0.06557391,0.56027293,-0.0144566875,-0.30186227,-0.20906374
2015-06-02,0.25819618,-0.36882645,0.04642129,-0.0694365,0.5086118,-0.01605436,-0.25237104,-0.2900035
2015-06-03,0.16702874,-0.2730946,0.15356362,-0.10014324,0.3521412,0.1590219,-0.17839634,-0.32921425
2015-06-04,0.09944199,-0.16185534,0.21979949,-0.09880784,0.22041324,0.38875085,-0.1039082,-0.36495346
2015-06-05,0.15267022,-0.18144767,0.2053985,-0.0956889,0.29755598,0.34297594,-0.19261298,-0.25099814
2015-06-08,0.035619084,-0.22077699,0.21809432,-0.2195748,0.206806,0.3946701,-0.076061964,-0.3332607
2015-06-09,0.24843916,-0.24343431,0.14241096,-0.032105777,0.41942972,0.17778164,-0.25864735,-0.2455426
2015-06-10,0.23819819,-0.42169815,0.030485153,-0.13468087,0.5319604,-0.053880878,-0.2484267,-0.2542058
2015-06-11,0.17731851,-0.2761721,0.13506636,-0.11971782,0.384417,0.20185554,-0.20990258,-0.254268
2015-06-12,0.15834406,-0.30847758,0.12808481,-0.16143396,0.38990432,0.17970014,-0.19961452,-0.2436928
2015-06-15,0.05516708,-0.1900365,0.2390177,-0.20688428,0.21113035,0.43421173,-0.10758922,-0.2737612
2015-06-16,0.08664873,-0.3075387,0.14924139,-0.25115517,0.336894,0.2811905,-0.16736111,-0.20456724
2015-06-17,0.187785,-0.40061283,0.07952709,-0.14642596,0.44351357,-0.018590735,-0.18841296,-0.35061815
2015-06-18,0.10946953,-0.16807352,0.21589431,-0.17440718,0.27584982,0.4569846,-0.18591818,-0.15597631
2015-06-19,0.1864853,-0.24727942,0.14847258,-0.11804558,0.38328022,0.2652862,-0.23095721,-0.1980126
2015-06-23,0.14647469,-0.29625085,0.16270602,-0.12857892,0.33625108,0.13380897,-0.14997238,-0.36395267
2015-06-24,0.16940688,-0.21601945,0.18250555,-0.08098749,0.3237955,0.26217225,-0.19121516,-0.30053142
2015-06-25,0.09627355,-0.20531532,0.20016631,-0.2045765,0.2881968,0.42134115,-0.18118942,-0.16200863
2015-06-26,0.0073498115,-0.119675644,0.26512644,-0.22452052,0.13678142,0.58076507,-0.035999134,-0.27381727
2015-06-29,-0.047580846,-0.09025535,0.31068686,-0.28355846,0.02551914,0.6843802,0.11508894,-0.3964762
2015-06-30,0.1274395,-0.7605434,-0.08913805,-0.41077894,0.630876,-0.42386907,-0.13594273,-0.3569243
2015-07-01,0.3862064,-0.22791708,0.09315408,0.047964003,0.57144725,0.17405124,-0.4040747,-0.049717944
2015-07-02,0.21637577,-0.16714236,0.16269088,-0.091406815,0.39372236,0.42701507,-0.28034142,-0.064425126
2015-07-03,0.13546446,-0.51028806,0.03353841,-0.34918112,0.5272605,-0.00011491589,-0.2226795,-0.105632305
2015-07-06,-0.16093388,0.08837916,0.444589,-0.38965476,-0.28575164,1.168964,0.51080126,-0.575281
2015-07-07,-0.014055684,-0.17562495,0.2535141,-0.29296845,0.12994553,0.5381519,-0.007481795,-0.32105663
2015-07-08,0.18846527,-0.31262255,0.105668075,-0.16859579,0.44567564,0.20233458,-0.2512559,-0.14102904
2015-07-09,0.55856025,-0.46488,-0.108362034,0.11262261,0.8649616,-0.31475616,-0.48574817,-0.12417026
2015-07-10,0.18463548,-0.28701106,0.12759829,-0.12469481,0.40113896,0.18733542,-0.21915352,-0.23541187
2015-07-13,0.1277301,-0.32809144,0.10939423,-0.20798539,0.38878605,0.20501243,-0.1883102,-0.21944512
2015-07-14,0.5070417,-0.3026982,-0.017825048,0.15081601,0.7184892,-0.04412747,-0.4713565,-0.112804204
2015-07-15,0.03297477,-0.11778301,0.2569252,-0.20254351,0.16160947,0.56847095,-0.071232185,-0.24770038
2015-07-16,0.4917387,-0.39654756,-0.065683305,0.0901632,0.75945365,-0.16969167,-0.4496293,-0.11041449
2015-07-17,0.27460393,-0.4334337,0.0050479323,-0.062025163,0.54915047,-0.1520938,-0.24503908,-0.35886034
2015-07-20,0.22956154,-0.24984162,0.14372057,-0.027263148,0.39730024,0.14047328,-0.22806719,-0.3126616
2015-07-21,0.28657442,-0.31961608,0.082340874,-0.04540891,0.5117111,0.050139345,-0.29165688,-0.21099551
2015-07-22,0.21496823,-0.23761988,0.14097407,-0.04478858,0.3854634,0.19877617,-0.22548264,-0.28984272
2015-07-23,0.16061664,-0.36689764,0.089329205,-0.18110463,0.4266093,0.09378464,-0.19634545,-0.26645026
2015-07-24,0.17811453,-0.24472974,0.16099024,-0.13469164,0.3773648,0.2787866,-0.2311669,-0.17454383
2015-07-27,0.22941852,-0.115628205,0.20579126,-0.038798187,0.3567339,0.4257535,-0.28424224,-0.10036869
2015-07-28,0.2338767,-0.33449265,0.047708474,-0.12306612,0.5037252,0.14059591,-0.2775994,-0.15915892
2015-07-29,0.092127256,-0.25399113,0.17949632,-0.12119472,0.24916752,0.23474948,-0.08692782,-0.46246123
2015-07-30,0.17630208,-0.25282568,0.15377972,-0.13685405,0.38224122,0.25922,-0.22676176,-0.17640367
2015-07-31,0.26112443,-0.29635012,0.097560726,-0.07447245,0.48683977,0.12370214,-0.28480315,-0.16472714
2015-08-03,0.12738763,-0.15753107,0.21840954,-0.11499584,0.26958376,0.4102848,-0.176094,-0.23183544
2015-08-04,0.22962311,-0.4877035,0.009000182,-0.16581148,0.5496609,-0.14901245,-0.23019907,-0.30644593
2015-08-05,0.1559079,-0.2066366,0.18227106,-0.09607268,0.31483966,0.3008448,-0.18880272,-0.27338934
2015-08-06,0.26054838,-0.31464076,0.08328938,-0.077945985,0.49765185,0.10046662,-0.2839323,-0.18241669
2015-08-07,0.23618722,-0.33265758,0.073611505,-0.10098222,0.48843548,0.08156157,-0.26071095,-0.20541807
2015-08-10,0.22528288,-0.4643293,0.0112871155,-0.1544402,0.5372077,-0.11451423,-0.22916636,-0.302273
2015-08-11,0.12307903,-0.25919226,0.16562015,-0.15189555,0.31845868,0.25029126,-0.16257918,-0.2873052
2015-08-12,0.21898681,-0.2599709,0.13657457,-0.09141201,0.41909525,0.2075323,-0.2515353,-0.1935145
2015-08-13,0.19026962,-0.28985637,0.1356723,-0.08752099,0.38349175,0.12642217,-0.19685784,-0.32633567
2015-08-14,0.13966316,-0.25287193,0.16244084,-0.16165295,0.34474754,0.2895426,-0.19693512,-0.21342884
2015-08-17,0.13415605,-0.2838283,0.15103272,-0.1705396,0.3496224,0.23495363,-0.18163362,-0.25150675
2015-08-18,0.18663108,-0.09878052,0.223991,-0.0817532,0.3114959,0.4977578,-0.24857348,-0.09691185
2015-08-19,0.25651655,-0.36793327,0.080657564,-0.03387358,0.46871805,-0.08064942,-0.21933088,-0.4023076
2015-08-20,0.17806858,-0.2643515,0.13547435,-0.14173284,0.39685944,0.25732458,-0.23377788,-0.173514
2015-08-21,0.11302271,-0.20727532,0.20166004,-0.1346523,0.27130964,0.33278918,-0.15026766,-0.29891938
2015-08-24,0.009139918,-0.19322294,0.23088452,-0.25326094,0.17973414,0.47451496,-0.059857458,-0.2933676
2015-08-25,0.17065892,-0.19700623,0.17534947,-0.11990511,0.3557803,0.3596801,-0.23798636,-0.14830261
2015-08-26,0.17995882,-0.39483804,0.09060227,-0.2447373,0.48585346,0.11291574,-0.25093445,-0.1048847
2015-08-27,0.16341941,-0.2037403,0.18102103,-0.08626742,0.32388428,0.29863307,-0.19963327,-0.2658131
2015-08-28,0.15846029,-0.42140734,0.05060085,-0.16341922,0.43437696,-0.03016943,-0.16025296,-0.39909673
2015-08-31,0.057199977,-0.23883265,0.20279455,-0.21045473,0.24616504,0.34957135,-0.117004834,-0.29605567
2015-09-01,0.098289646,-0.23950306,0.18214488,-0.21433294,0.3082934,0.37701565,-0.18329874,-0.17586651
2015-09-02,0.3020403,-0.44833767,-0.015525289,-0.15379418,0.6498563,-0.058892243,-0.34446606,-0.06605086
2015-09-07,0.2797644,-0.27777046,0.10948356,-0.05474842,0.4875383,0.15869294,-0.30552503,-0.15913734
2015-09-08,0.20054367,-0.35991845,0.07657162,-0.08060146,0.426518,-0.0066734757,-0.18370646,-0.4105171
2015-09-09,0.2306563,-0.26674825,0.10686772,-0.080769435,0.44832194,0.19784898,-0.26647648,-0.17861582
2015-09-10,0.2260285,-0.29597157,0.11274811,-0.09270582,0.44469187,0.13377501,-0.24867561,-0.2208649
2015-09-11,0.20235851,-0.2630824,0.12955564,-0.093743384,0.40585476,0.20299444,-0.23398712,-0.2293951
2015-09-14,0.042159066,-0.0090857595,0.31960565,-0.15415865,0.08909,0.7704894,-0.016476832,-0.23524426
2015-09-15,0.19280747,-0.21080098,0.16678157,-0.10100104,0.37678665,0.30780718,-0.2447393,-0.15622196
2015-09-16,0.27273482,-0.4015689,0.0127988085,-0.03542054,0.5287075,-0.11495814,-0.24202237,-0.38233152
2015-09-17,0.1936661,-0.34782925,0.08103263,-0.15541947,0.45782498,0.1064375,-0.23167652,-0.2081923
2015-09-18,0.14487636,-0.35066903,0.11295321,-0.17873225,0.3912898,0.11164861,-0.17538607,-0.29804835
2015-09-21,0.3449928,-0.46023107,-0.03623454,-0.058190405,0.66057175,-0.17814635,-0.33374187,-0.20819724
2015-09-22,0.09525247,-0.29446936,0.16255611,-0.19365215,0.30696315,0.22896105,-0.13837358,-0.3154049
2015-09-23,0.27854228,-0.30816913,0.08484531,-0.029781528,0.4880501,0.058931418,-0.27380577,-0.25718573
2015-09-24,0.19484426,-0.2549887,0.15043402,-0.09824829,0.3858659,0.21161082,-0.22448361,-0.23094742
2015-09-25,0.09130351,-0.15692522,0.25476116,-0.13668355,0.2064529,0.41698238,-0.11092245,-0.32179645
2015-09-28,0.2520771,-0.43581623,-0.002850823,-0.12592591,0.5635793,-0.068230286,-0.26413718,-0.24774007
2015-09-29,0.20271966,-0.2599492,0.13306308,-0.08377473,0.39867282,0.19296712,-0.22639534,-0.24935953
2015-09-30,0.08271282,-0.29197443,0.16969034,-0.22024982,0.30300504,0.26320463,-0.14087126,-0.27806026
2015-10-08,0.20639898,-0.35061604,0.06396369,-0.14933327,0.48468262,0.107851565,-0.25079897,-0.18151248
2015-10-09,0.1965984,-0.3259964,0.107505925,-0.12008465,0.42577273,0.10292763,-0.21538416,-0.2748865
2015-10-12,0.33495247,-0.40728593,-0.0044246837,-0.063464165,0.6315106,-0.06278193,-0.3448826,-0.14650103
2015-10-13,0.218021,-0.30885863,0.10637044,-0.09409496,0.43876466,0.11006749,-0.23446798,-0.25730255
2015-10-14,0.12838037,-0.25194618,0.16104123,-0.16324535,0.33156097,0.29415664,-0.18360904,-0.23752229
2015-10-15,0.26932457,-0.40180868,0.027357012,-0.09880196,0.5532707,-0.042759515,-0.2778518,-0.22810932
2015-10-16,0.17356142,-0.25552356,0.15260401,-0.105506025,0.3622714,0.21864246,-0.20076042,-0.27052814
2015-10-19,0.13077733,-0.23321483,0.17344427,-0.14924523,0.31941152,0.31228825,-0.18457511,-0.24028172
2015-10-20,0.27235085,-0.37142605,0.04577077,-0.078573026,0.5321828,-0.0064004418,-0.27733442,-0.23739915
2015-10-21,0.1110617,-0.0991666,0.23126861,-0.1318171,0.24026234,0.5421202,-0.16481626,-0.16287693
2015-10-22,0.2861847,-0.3360436,0.051480748,-0.027965121,0.5165058,0.016880808,-0.279342,-0.27209637
2015-10-23,0.19589445,-0.3260252,0.10815885,-0.09614442,0.41068107,0.069473244,-0.19685489,-0.33990625
2015-10-26,0.08028542,-0.2559803,0.18255028,-0.21902505,0.29419112,0.33437246,-0.15567303,-0.2247444
2015-10-27,0.146472,-0.39509946,0.089971356,-0.18103637,0.40549496,0.027556432,-0.15984732,-0.35684696
2015-10-28,0.19398819,-0.21302937,0.17247832,-0.081823915,0.36035773,0.28046265,-0.22815713,-0.22122528
2015-10-29,0.12849359,-0.2943849,0.14990348,-0.15891634,0.33902222,0.18490182,-0.1592496,-0.3091532
2015-10-30,0.17568818,-0.35331053,0.084201686,-0.18397583,0.44975403,0.13148628,-0.22561094,-0.19362663
2015-11-02,0.3037189,-0.30833405,0.06652934,-0.050660428,0.54337263,0.1015165,-0.32825422,-0.12765178
2015-11-03,0.1756077,-0.29111573,0.13466918,-0.14251842,0.39437455,0.19752423,-0.21538219,-0.22697498
2015-11-04,0.29077572,-0.42063302,0.006091729,-0.07626574,0.5784612,-0.09874374,-0.28501576,-0.25829306
2015-11-05,0.12605385,-0.2372644,0.18485168,-0.14712813,0.3076356,0.28779703,-0.17186329,-0.26808292
2015-11-06,0.2705781,-0.37084234,0.054286472,-0.08122208,0.52823704,-0.009025356,-0.2752277,-0.23330481
2015-11-09,0.20425633,-0.3876233,0.055052586,-0.15634401,0.48625612,0.03800529,-0.2318753,-0.23872535
2015-11-10,0.2628845,-0.2810127,0.10089614,-0.036333185,0.46456665,0.11796436,-0.27026272,-0.2400399
2015-11-11,0.20047805,-0.34657437,0.087810524,-0.13144363,0.44816843,0.083157584,-0.22314203,-0.2611193
2015-11-12,0.12899725,-0.27154112,0.16149095,-0.14995492,0.32409117,0.23074797,-0.16283897,-0.30602735
2015-11-13,0.15750366,-0.27967712,0.15420943,-0.14580576,0.36111245,0.21627763,-0.1940451,-0.2551911
2015-11-16,0.2633868,-0.37175202,0.04405959,-0.08008544,0.5237432,-0.0051762927,-0.26772758,-0.25309312
2015-11-17,0.11169073,-0.18145311,0.21109477,-0.15735711,0.27681446,0.41315886,-0.1767768,-0.20450856
2015-11-18,0.15042701,-0.24619637,0.15540686,-0.149127,0.3541319,0.29584745,-0.20656946,-0.20485781
2015-11-19,0.23242256,-0.3431122,0.079842724,-0.08418731,0.46733597,0.034689654,-0.23472038,-0.2894737
2015-11-20,0.17078453,-0.3176071,0.118382834,-0.15170324,0.40537533,0.15183067,-0.20600703,-0.24602266
2015-11-23,0.22454524,-0.24996486,0.1291759,-0.0853012,0.4271271,0.22945072,-0.26301503,-0.17439534
2015-11-24,0.16911946,-0.32721937,0.112919815,-0.15264085,0.40732437,0.13516013,-0.20080733,-0.26312542
2015-11-25,0.22017404,-0.3706491,0.063152246,-0.12459464,0.48460495,0.03149804,-0.23790577,-0.2535212
2015-11-26,0.11613114,-0.23889239,0.18079528,-0.17780696,0.3152203,0.3261847,-0.18135658,-0.21413906
2015-11-27,0.16051507,-0.13398169,0.20750278,-0.107239336,0.3072845,0.46223444,-0.22189948,-0.1369356
2015-11-30,0.15071265,-0.22576764,0.17755207,-0.07220207,0.29667228,0.2308974,-0.14861366,-0.38782457
2015-12-01,0.17912911,-0.26686186,0.14150661,-0.13344848,0.39418226,0.23039898,-0.22591302,-0.192652
2015-12-02,0.09671189,-0.25903243,0.19215924,-0.17583248,0.28026956,0.2629825,-0.13156682,-0.3234609
2015-12-03,0.25162652,-0.3612172,0.07569141,-0.087607935,0.4950799,0.005170794,-0.25397742,-0.2623319
2015-12-04,0.19420555,-0.26052684,0.13294211,-0.1163237,0.4059995,0.2368858,-0.23949668,-0.1860322
2015-12-07,0.218083,-0.30460075,0.095709406,-0.11093357,0.45492804,0.1523712,-0.25292113,-0.19752316
2015-12-08,0.14327806,-0.28859645,0.14103037,-0.17624824,0.3703635,0.23799466,-0.19713089,-0.21580796
2015-12-09,0.17752758,-0.27022704,0.13664159,-0.13230439,0.39087194,0.23353875,-0.22285852,-0.20976111
2015-12-10,0.1974041,-0.31147438,0.113262914,-0.12316036,0.42439723,0.13463227,-0.22389579,-0.24148636
2015-12-11,0.17259665,-0.27966538,0.13799617,-0.13016029,0.38392818,0.20054299,-0.2083753,-0.24350654
2015-12-14,0.16558656,-0.3208783,0.11896131,-0.13575308,0.38765237,0.1269328,-0.1861752,-0.31170714
2015-12-15,0.22482082,-0.29389787,0.10747614,-0.09615259,0.4471701,0.1515596,-0.25306147,-0.20918772
2015-12-16,0.18056358,-0.30599827,0.11681529,-0.14529179,0.41400507,0.17602216,-0.2210029,-0.21866466
2015-12-17,0.22242203,-0.32212675,0.096739076,-0.10550053,0.45674556,0.102222815,-0.24435374,-0.23147328
2015-12-18,0.14000429,-0.27075076,0.15840575,-0.1510103,0.34253561,0.2345302,-0.18050843,-0.26692376
2015-12-21,0.15088058,-0.2953596,0.13634887,-0.1568647,0.3721174,0.19977017,-0.1910649,-0.25646022
2015-12-22,0.13468225,-0.27308196,0.15616667,-0.15573566,0.3400563,0.2349338,-0.17611602,-0.27149117
2015-12-23,0.14922458,-0.25134927,0.1608839,-0.14469548,0.3476984,0.2711022,-0.19742358,-0.23112898
2015-12-24,0.15296865,-0.30683026,0.12908286,-0.15106021,0.37514642,0.17130384,-0.18538082,-0.28347325
2015-12-25,0.17293319,-0.26204765,0.14458013,-0.12783746,0.3796492,0.23646928,-0.21602687,-0.21823438
2015-12-28,0.1737693,-0.22820318,0.1592837,-0.1176081,0.36400416,0.29583213,-0.22397435,-0.19630016
2015-12-29,0.18038554,-0.2989959,0.12215982,-0.13399538,0.4032282,0.17700616,-0.21546057,-0.2433085
2015-12-30,0.18162763,-0.29289147,0.12106284,-0.12309271,0.40061098,0.17383648,-0.21304,-0.25316572
2015-12-31,0.1261573,-0.2286036,0.18305421,-0.14541495,0.30607575,0.3092955,-0.17457384,-0.2593386
2016-01-04,0.02746633,-0.06122826,0.29503512,-0.19705872,0.107977614,0.70821863,-0.022198424,-0.24516855
2016-01-05,0.2740078,-0.24168256,0.11981586,-0.039054837,0.46761712,0.21503237,-0.30530918,-0.15223373
2016-01-06,0.154697,-0.30800444,0.1379247,-0.14118482,0.36591926,0.1506972,-0.17691019,-0.31492856
2016-01-07,-0.07238538,-0.1756075,0.2553179,-0.37930742,0.06597619,0.6141868,0.08875339,-0.34997973
2016-01-08,0.0790253,-0.30989182,0.14403912,-0.24805059,0.33661276,0.2562745,-0.15498191,-0.21648492
2016-01-11,0.19350424,-0.18898115,0.18207103,-0.07648126,0.35293734,0.3150764,-0.23464283,-0.19294402
2016-01-12,0.17577292,-0.34427074,0.107546575,-0.16293988,0.42437005,0.11099189,-0.20898712,-0.24709351
2016-01-13,0.13498734,-0.17024866,0.21136636,-0.124474816,0.2873311,0.3980931,-0.19418877,-0.20594667
2016-01-14,0.29695356,-0.50207305,-0.027741376,-0.09997941,0.6210103,-0.238118,-0.2706237,-0.3015217
2016-01-15,0.17370105,-0.21257639,0.17097428,-0.102050744,0.34558994,0.30703902,-0.21630055,-0.22164021
2016-01-18,0.3452667,-0.406524,0.015945897,-0.037172556,0.6175827,-0.106712416,-0.33342,-0.19705655
2016-01-19,0.18218371,-0.40427804,0.06662988,-0.17552908,0.46327627,0.013362006,-0.20573178,-0.28005445
2016-01-20,0.17954208,-0.2338026,0.16297898,-0.09098163,0.35447568,0.24586575,-0.20741203,-0.2616885
2016-01-21,0.23688668,-0.24802086,0.11824589,-0.08596132,0.44855285,0.24234201,-0.2834477,-0.13277614
2016-01-22,0.128587,-0.30309004,0.14170378,-0.1609672,0.3468743,0.17260773,-0.15917581,-0.31088316
2016-01-25,0.16632363,-0.2557978,0.14923087,-0.13944647,0.3736764,0.26641658,-0.21824908,-0.20176679
2016-01-26,0.14767173,-0.14333932,0.20908418,-0.13402091,0.30381784,0.47246924,-0.2205587,-0.118914366
2016-01-27,0.06507024,-0.25702137,0.18399504,-0.18618125,0.25461447,0.2912337,-0.10273532,-0.35812318
2016-01-28,0.1601505,-0.22517335,0.1696701,-0.12871055,0.3457187,0.30910242,-0.21177635,-0.203471
2016-01-29,0.26689422,-0.4075327,0.022019453,-0.1057457,0.5552794,-0.04522296,-0.27576122,-0.2276908
2016-02-01,0.19083503,-0.2580784,0.14344195,-0.106785506,0.39166006,0.22022514,-0.22661379,-0.2179421
2016-02-02,0.29989746,-0.36986953,0.03341174,-0.06739277,0.56788826,-0.004397461,-0.31046677,-0.18221176
2016-02-03,0.16282831,-0.31799978,0.111353494,-0.14394596,0.39526686,0.14771548,-0.19328988,-0.28427064
2016-02-04,0.22092691,-0.28769094,0.111871295,-0.085109316,0.43400544,0.14770718,-0.24251807,-0.23608841
2016-02-05,0.14094172,-0.25434613,0.166947,-0.1504523,0.33847374,0.2658309,-0.18800703,-0.24366198
2016-02-15,0.26582068,-0.38044983,0.04158581,-0.09239096,0.53508854,-0.009566082,-0.27439225,-0.22949006
2016-02-16,0.27725065,-0.3689975,0.046133354,-0.08377473,0.5422815,0.0062069185,-0.2896872,-0.20319894
2016-02-17,0.15540771,-0.28136066,0.14428636,-0.13163185,0.35910386,0.1946407,-0.18441114,-0.2902811
2016-02-18,0.13320781,-0.25416186,0.16911581,-0.159241,0.33126247,0.2769761,-0.18384627,-0.24427237
2016-02-19,0.193631,-0.30798176,0.11481609,-0.1233898,0.42031938,0.14033441,-0.22093865,-0.24198939
2016-02-22,0.14440677,-0.28296298,0.13931349,-0.16031823,0.36472848,0.23187955,-0.19200268,-0.24218045
2016-02-23,0.1339326,-0.23044759,0.18075952,-0.14560167,0.3178221,0.30984715,-0.18533766,-0.23948349
2016-02-24,0.14955941,-0.24035938,0.17006484,-0.11658513,0.32514483,0.2596436,-0.18151295,-0.29337567
2016-02-25,0.068643294,-0.07660869,0.26779726,-0.1651271,0.17541644,0.6095288,-0.111461066,-0.19100824
2016-02-26,0.15417385,-0.24434552,0.15667784,-0.113494426,0.34025282,0.24724732,-0.18712673,-0.28203404
2016-02-29,-0.00309439,-0.17736301,0.23004681,-0.27913514,0.16576296,0.5316646,-0.047578856,-0.2648136
2016-03-01,0.16538566,-0.34887305,0.102049805,-0.11899735,0.38842946,0.040800963,-0.16218379,-0.39632416
2016-03-02,0.21256882,-0.42364055,0.045606412,-0.15234786,0.50006497,-0.044407725,-0.22336623,-0.2866808
2016-03-03,0.2145195,-0.29207867,0.10968878,-0.11312137,0.44456926,0.16973677,-0.25223482,-0.18577804
2016-03-04,0.119653344,-0.15097477,0.22601902,-0.11030617,0.24989168,0.416831,-0.15626037,-0.26467285
2016-03-07,0.23587582,-0.25430495,0.12576777,-0.06236131,0.43231413,0.19175272,-0.26130518,-0.20482866
2016-03-08,0.068524726,-0.42798567,0.07964062,-0.30228418,0.39135644,0.092710815,-0.13506415,-0.27855894
2016-03-09,0.23772249,-0.25610933,0.1294797,-0.056704443,0.4301487,0.17646353,-0.2577348,-0.21567847
2016-03-10,0.15489763,-0.28202167,0.14891085,-0.15837729,0.3705093,0.22366558,-0.1997335,-0.2283219
2016-03-11,0.21835935,-0.32468647,0.09779333,-0.12330108,0.45912346,0.12288546,-0.24988937,-0.204944
2016-03-14,0.28609475,-0.3722002,0.03684129,-0.08486886,0.5590188,0.007084526,-0.30235744,-0.1768409
2016-03-15,0.16363204,-0.24886657,0.15789616,-0.121484354,0.35489702,0.24992554,-0.201433,-0.247184
2016-03-16,0.08885346,-0.24447787,0.19969347,-0.18637092,0.27151948,0.30733612,-0.13666046,-0.29258466
2016-03-17,0.25265774,-0.448646,0.022106215,-0.13564205,0.55543095,-0.1074657,-0.25670403,-0.25972518
2016-03-18,0.22302175,-0.38390404,0.05090549,-0.14782183,0.5101979,0.03803889,-0.25519216,-0.19914424
2016-03-21,0.17649424,-0.272102,0.13248149,-0.12629913,0.38922387,0.22277525,-0.21743846,-0.2262385
2016-03-22,0.21639201,-0.30852854,0.09990952,-0.109492384,0.44873405,0.13564494,-0.24465722,-0.21497782
2016-03-23,0.19681796,-0.2929015,0.118123,-0.10185419,0.4075576,0.15573737,-0.21751738,-0.27314368
2016-03-24,0.19262567,-0.28443646,0.1266157,-0.12219919,0.41260552,0.18315001,-0.22871006,-0.21029943
2016-03-25,0.18121344,-0.26372796,0.14325666,-0.120055266,0.38648105,0.22648644,-0.22137257,-0.22125272
2016-03-28,0.18820386,-0.23353258,0.15589213,-0.110108346,0.37998256,0.27616662,-0.23447838,-0.18883336
2016-03-29,0.11460996,-0.24169196,0.17842653,-0.1603471,0.30467764,0.295695,-0.1639471,-0.26547876
2016-03-30,0.19857314,-0.35653165,0.08640555,-0.11946645,0.441011,0.04140248,-0.20746446,-0.31195816
2016-03-31,0.17221278,-0.26272112,0.14721328,-0.13283084,0.37962198,0.23950219,-0.21745434,-0.21215406
2016-04-01,0.1203427,-0.25272685,0.17042997,-0.15504327,0.31237298,0.27456385,-0.16458285,-0.2829454
2016-04-05,0.2251265,-0.39413458,0.055500023,-0.14015272,0.50401723,0.003065737,-0.24403286,-0.23906027
2016-04-06,0.18386097,-0.29731756,0.11866105,-0.13166279,0.40946174,0.17791966,-0.2205849,-0.23278676
2016-04-07,0.108652726,-0.25890306,0.17369488,-0.18137486,0.31088567,0.2866279,-0.16338864,-0.25770822
2016-04-08,0.15717727,-0.265248,0.14959022,-0.1458311,0.3685697,0.24568982,-0.20604318,-0.21815349
2016-04-11,0.22231558,-0.31315094,0.09771911,-0.11032845,0.45783567,0.1302957,-0.25201133,-0.20617059
2016-04-12,0.13153556,-0.2528904,0.16875595,-0.15145019,0.32555413,0.26940712,-0.17687091,-0.26227483
2016-04-13,0.22280806,-0.31932962,0.094016574,-0.11741841,0.46582016,0.12492395,-0.255423,-0.19314566
2016-04-14,0.17235614,-0.2800638,0.13464543,-0.124578886,0.38138735,0.19929278,-0.20538,-0.2578515
2016-04-15,0.1398424,-0.26867175,0.15354607,-0.15819046,0.34946764,0.25094187,-0.18803224,-0.24181546
2016-04-18,0.1218386,-0.27265677,0.15382904,-0.16969115,0.33333564,0.25523266,-0.17114937,-0.26502705
2016-04-19,0.14168459,-0.2734055,0.15262052,-0.15665063,0.3500409,0.24290535,-0.18674734,-0.25323352
2016-04-20,0.094968386,-0.07597762,0.25971916,-0.09937071,0.18092321,0.54226077,-0.10027423,-0.27974892
2016-04-21,0.18293151,-0.27224588,0.13273755,-0.1291472,0.39761463,0.2237024,-0.22619125,-0.20673315
2016-04-22,0.23006076,-0.30286855,0.10514695,-0.08201745,0.44725028,0.113703914,-0.24547836,-0.2472217
2016-04-25,0.10589949,-0.2971732,0.15102944,-0.19598943,0.33169442,0.22780153,-0.15629917,-0.27420545
2016-04-26,0.19571327,-0.28777286,0.12581274,-0.10312132,0.4037326,0.16153793,-0.2185604,-0.2643717
2016-04-27,0.16226384,-0.26877257,0.14158994,-0.1427544,0.37613326,0.24068248,-0.20938101,-0.21637966
2016-04-28,0.14830045,-0.25760627,0.15439373,-0.12606677,0.34096032,0.23841694,-0.18250072,-0.28525582
2016-04-29,0.18454,-0.27733362,0.13249996,-0.11601613,0.3942376,0.1928212,-0.21678075,-0.24101327
2016-05-03,0.24391752,-0.3718865,0.04452911,-0.11702968,0.5209338,0.034876686,-0.26806286,-0.20283528
2016-05-04,0.18357286,-0.28338972,0.13170579,-0.12488667,0.39809668,0.19050254,-0.21846512,-0.23145418
2016-05-05,0.1824146,-0.28835788,0.1298019,-0.12025428,0.39458278,0.1762976,-0.21204641,-0.255739
2016-05-06,0.12398174,-0.16752876,0.2230218,-0.1136887,0.26145107,0.3830473,-0.16589034,-0.2662862
2016-05-09,0.10420268,-0.24046755,0.17749575,-0.17446591,0.29971445,0.31832188,-0.16239095,-0.25312272
2016-05-10,0.18143165,-0.2836758,0.1319508,-0.1280782,0.39558834,0.19726437,-0.2177549,-0.23295085
2016-05-11,0.14266653,-0.27973711,0.14826384,-0.17115279,0.36135885,0.2488748,-0.19576332,-0.2220354
2016-05-12,0.16004041,-0.32965887,0.103526734,-0.17129841,0.41308078,0.15713869,-0.20496505,-0.23104517
2016-05-13,0.20344558,-0.259731,0.13908762,-0.09958406,0.403607,0.21450686,-0.2375851,-0.21230847
2016-05-16,0.19871506,-0.32483733,0.09662042,-0.13070966,0.43987432,0.12899187,-0.22963387,-0.23408167
2016-05-17,0.15573296,-0.3401535,0.11294884,-0.15471852,0.39109963,0.10286974,-0.17722523,-0.31532168
2016-05-18,0.11638102,-0.23260196,0.18393636,-0.16560923,0.3067037,0.32170197,-0.1751253,-0.23337202
2016-05-19,0.2438361,-0.28355289,0.10322458,-0.07953714,0.46515602,0.15927534,-0.27345467,-0.17929289
2016-05-20,0.19793473,-0.3016503,0.10719054,-0.109109454,0.42255864,0.14414737,-0.22421762,-0.25270456
2016-05-23,0.22498056,-0.2978811,0.10658086,-0.090528406,0.44496232,0.13466224,-0.24745953,-0.2283182
2016-05-24,0.1412844,-0.26760364,0.15575242,-0.15256956,0.34586906,0.24577375,-0.18546328,-0.25482428
2016-05-25,0.15342537,-0.23546714,0.16908944,-0.12942617,0.34013802,0.28543362,-0.19963634,-0.2345907
2016-05-26,0.123691924,-0.3109553,0.14040208,-0.16988073,0.34213585,0.1766475,-0.15561041,-0.32627493
2016-05-27,0.16992043,-0.28643423,0.13326415,-0.13328315,0.3836986,0.19285649,-0.20394188,-0.2544156
2016-05-30,0.16094652,-0.29794377,0.11951829,-0.15862434,0.39688134,0.20539029,-0.20919737,-0.21521871
2016-05-31,0.29590967,-0.39033175,0.03021688,-0.056718122,0.5605112,-0.06583561,-0.28871787,-0.25108084
2016-06-01,0.18138704,-0.28473854,0.12698048,-0.12740472,0.39890188,0.19631645,-0.21849337,-0.2321903
2016-06-02,0.1814633,-0.28678203,0.12869695,-0.121488325,0.39609602,0.18076827,-0.21301806,-0.24849565
2016-06-03,0.20302619,-0.3385768,0.09433026,-0.1290203,0.44710666,0.09061601,-0.22681457,-0.24665262
2016-06-06,0.15536286,-0.26708707,0.1475628,-0.14508374,0.36449823,0.2457851,-0.20151788,-0.23285307
2016-06-07,0.15183067,-0.28403312,0.14090809,-0.15358491,0.36983547,0.21821715,-0.19525966,-0.24317731
2016-06-08,0.1537737,-0.29667062,0.13455078,-0.15282425,0.3742977,0.1923017,-0.19170588,-0.26168558
2016-06-13,0.15716413,-0.20754352,0.17721403,-0.13655305,0.34284788,0.3540613,-0.22166848,-0.16296358
2016-06-14,0.18445179,-0.26770917,0.14129364,-0.11128489,0.38544658,0.20752949,-0.21612698,-0.24274872
2016-06-15,0.3157996,-0.38822216,0.017903067,-0.062040918,0.59298885,-0.039375104,-0.3216141,-0.1809923
2016-06-16,0.17008801,-0.26877275,0.14696363,-0.13740282,0.37785703,0.23286985,-0.21313554,-0.21915464
2016-06-17,0.22682968,-0.2617241,0.12819237,-0.07863333,0.42817768,0.1936677,-0.2559587,-0.2027795
2016-06-20,0.12873289,-0.29874068,0.13883409,-0.18037604,0.3571042,0.21810262,-0.17742157,-0.25749776
2016-06-21,0.16182242,-0.2306121,0.17044523,-0.11998776,0.3446678,0.28092882,-0.20526868,-0.22920428
2016-06-22,0.21317151,-0.33145112,0.092004575,-0.10768965,0.44694382,0.089487225,-0.23012075,-0.26845524
2016-06-23,0.1662013,-0.26879194,0.1439076,-0.12034026,0.36597958,0.21030457,-0.19685158,-0.26957467
2016-06-24,0.16513515,-0.2697295,0.15581441,-0.113774315,0.3543439,0.18942249,-0.18607011,-0.29904613
2016-06-27,0.24534342,-0.3733582,0.055745862,-0.10901915,0.51082814,0.014811407,-0.25921667,-0.23325776
2016-06-28,0.18929417,-0.32241923,0.109830655,-0.13665946,0.42369017,0.13271897,-0.2193138,-0.2465135
2016-06-29,0.14874204,-0.26325685,0.15669718,-0.14448318,0.34961236,0.24702398,-0.19163445,-0.24994303
2016-06-30,0.18230295,-0.29344133,0.121959396,-0.12732063,0.40329847,0.17736606,-0.2156851,-0.24240385
2016-07-01,0.16239056,-0.25362915,0.15419191,-0.124029756,0.35740644,0.24436173,-0.2007435,-0.24893667
2016-07-04,0.23105085,-0.3469981,0.0743575,-0.115525305,0.48522004,0.07298428,-0.25467157,-0.21866213
2016-07-05,0.15724236,-0.27299157,0.1465908,-0.14060119,0.3653437,0.22401834,-0.19717273,-0.2466719
2016-07-06,0.16313578,-0.28140295,0.13901865,-0.14315039,0.37840354,0.21473663,-0.20446202,-0.23640539
2016-07-07,0.15145183,-0.27616015,0.14843327,-0.14015734,0.3555415,0.21526419,-0.18676934,-0.27283692
2016-07-08,0.17516007,-0.30839708,0.11540163,-0.14778844,0.4093191,0.17312947,-0.21463257,-0.2294227
2016-07-11,0.16449645,-0.28126276,0.13858724,-0.14826478,0.3826032,0.2215025,-0.20947355,-0.22127421
2016-07-12,0.15848565,-0.2936415,0.14058676,-0.12724777,0.36341953,0.1606371,-0.17990857,-0.31242755
2016-07-13,0.19217345,-0.3273219,0.10061815,-0.14298517,0.4375946,0.13231428,-0.2274639,-0.22163065
2016-07-14,0.15393928,-0.28715035,0.13793981,-0.15158233,0.37315992,0.21000625,-0.19588882,-0.24581428
2016-07-15,0.13591245,-0.26042914,0.1597653,-0.15309747,0.3380744,0.2590311,-0.18257484,-0.25404167
2016-07-18,0.13961408,-0.29390907,0.13875192,-0.17620224,0.3678156,0.22521931,-0.19056031,-0.23196001
2016-07-19,0.17832544,-0.293841,0.1280443,-0.12674144,0.39384022,0.17400698,-0.20843416,-0.25871667
2016-07-20,0.1734897,-0.28838533,0.12989303,-0.1391731,0.3945776,0.19866717,-0.21376804,-0.22902904
2016-07-21,0.1815629,-0.30436647,0.120066725,-0.14670478,0.41364717,0.18056911,-0.22320378,-0.21384792
2016-07-22,0.16436836,-0.27605146,0.13979477,-0.1385656,0.37644312,0.22011125,-0.20491388,-0.23734914
2016-07-25,0.18221942,-0.27574894,0.13006112,-0.12799735,0.3991978,0.21598397,-0.22444403,-0.21162954
2016-07-26,0.20493498,-0.29737365,0.11421742,-0.10546658,0.4240836,0.14845693,-0.23031756,-0.24366404
2016-07-27,0.11350693,-0.10050033,0.24334612,-0.09573373,0.21750796,0.49895462,-0.13773149,-0.25627628
2016-07-28,0.16403002,-0.23858263,0.1634976,-0.10566027,0.34422767,0.24990664,-0.195137,-0.27064055
2016-07-29,0.13426167,-0.27545857,0.15369302,-0.16977115,0.34947392,0.24831995,-0.18599555,-0.2383221
2016-08-01,0.10259673,-0.29594165,0.14656532,-0.18994293,0.32617158,0.22638318,-0.14975438,-0.29495376
2016-08-02,0.18276486,-0.28792,0.12670165,-0.12315805,0.39773494,0.18497412,-0.21535161,-0.24614708
2016-08-03,0.16154313,-0.28033406,0.14004344,-0.14515334,0.3769647,0.21881916,-0.20445594,-0.23438464
2016-08-04,0.18292871,-0.31543246,0.11128154,-0.14247267,0.41896898,0.1534499,-0.21889114,-0.23420964
2016-08-05,0.15736991,-0.26665357,0.14942208,-0.13974209,0.36367962,0.23576708,-0.19980392,-0.23903151
2016-08-08,0.157756,-0.31893933,0.11274988,-0.16373798,0.39939213,0.16818883,-0.19934377,-0.24538119
2016-08-09,0.18443252,-0.29793197,0.12063173,-0.13064006,0.4088421,0.17303373,-0.2193807,-0.2334276
2016-08-10,0.15968286,-0.2625636,0.149887,-0.13673419,0.3637304,0.24350783,-0.20261529,-0.23654039
2016-08-11,0.1559878,-0.27228898,0.14586163,-0.1505484,0.3680166,0.24175753,-0.20283574,-0.22689028
2016-08-12,0.18462846,-0.29127765,0.12406608,-0.11972068,0.39983305,0.17379738,-0.21426195,-0.25458255
2016-08-15,0.23298582,-0.3847583,0.041479506,-0.14047436,0.5232943,0.035625756,-0.26486948,-0.19071458
2016-08-16,0.18231896,-0.28798634,0.12915954,-0.12554316,0.39807978,0.18334304,-0.21555737,-0.2400714
2016-08-17,0.17407028,-0.29781306,0.12472939,-0.14055085,0.39917547,0.18133229,-0.21168861,-0.23663454
2016-08-18,0.16313893,-0.2833395,0.13681605,-0.13978377,0.37757528,0.20564225,-0.20141283,-0.24839623
2016-08-19,0.1612165,-0.28605565,0.1343961,-0.1425093,0.3782712,0.20518214,-0.2002044,-0.24872364
2016-08-22,0.15380158,-0.2476842,0.16330382,-0.136808,0.34801465,0.2686983,-0.19913745,-0.23251374
2016-08-23,0.19162619,-0.28067705,0.12636629,-0.11865752,0.40767893,0.19501883,-0.22759962,-0.21951498
2016-08-24,0.18603578,-0.3049866,0.11776591,-0.13261233,0.41378137,0.15923293,-0.21949035,-0.23561825
2016-08-25,0.127762,-0.28015268,0.14844617,-0.16436936,0.34255835,0.23190163,-0.1725932,-0.26906773
2016-08-26,0.19327305,-0.29122066,0.11686202,-0.12666458,0.41988775,0.18712696,-0.23278019,-0.20812447
2016-08-29,0.18886946,-0.29375917,0.117754616,-0.13063127,0.4145417,0.18839946,-0.22806758,-0.2173198
2016-08-30,0.17609495,-0.2803664,0.13650247,-0.13107485,0.38895565,0.20419523,-0.2136974,-0.23296003
2016-08-31,0.1494331,-0.28854972,0.13779491,-0.16016942,0.37141523,0.21972823,-0.19546995,-0.24015348
2016-09-01,0.16914874,-0.27789515,0.13562974,-0.13528179,0.38368767,0.21377087,-0.20935363,-0.23326872
2016-09-02,0.1812203,-0.27011862,0.13617152,-0.120776705,0.39001352,0.21597688,-0.21926409,-0.22919269
2016-09-05,0.19736749,-0.2821619,0.12301234,-0.113986,0.41468444,0.18728031,-0.23217756,-0.21759535
2016-09-06,0.17107669,-0.33907256,0.10001334,-0.15038006,0.41568422,0.111871295,-0.19895482,-0.27685744
2016-09-07,0.17569298,-0.2768874,0.13498846,-0.13288397,0.39075673,0.21435228,-0.21665886,-0.2212737
2016-09-08,0.17697093,-0.28313148,0.13324589,-0.12882657,0.3911652,0.1971364,-0.21292055,-0.2387854
2016-09-09,0.16000518,-0.27047902,0.14682984,-0.14088665,0.36835885,0.23133272,-0.20223933,-0.23630838
2016-09-12,0.1732372,-0.25364923,0.14844516,-0.12359826,0.37392625,0.25035924,-0.21615604,-0.21826507
2016-09-13,0.16516203,-0.25875044,0.14991343,-0.1279361,0.36574328,0.24032377,-0.20541194,-0.23837091
2016-09-14,0.18818586,-0.27935204,0.1274961,-0.12050562,0.40447992,0.19882427,-0.22555348,-0.22004901
2016-09-19,0.20427945,-0.285353,0.121061765,-0.10496816,0.41897628,0.17115498,-0.23367324,-0.22899161
2016-09-20,0.16312107,-0.27832222,0.139711,-0.14038362,0.3762617,0.2177117,-0.20395297,-0.23942323
2016-09-21,0.16999364,-0.28786987,0.13383365,-0.13758786,0.38631257,0.19559047,-0.20668253,-0.24337973
2016-09-22,0.16524477,-0.27625886,0.13876334,-0.13987751,0.37923846,0.22283964,-0.20785001,-0.23075546
2016-09-23,0.15830065,-0.27206618,0.14465421,-0.14072958,0.36792994,0.22798635,-0.20010096,-0.2415881
2016-09-26,0.16547707,-0.271115,0.14108208,-0.14437619,0.37987453,0.23989716,-0.21292397,-0.21263455
2016-09-27,0.18220463,-0.27995688,0.13280982,-0.11827682,0.3911465,0.19311236,-0.21399501,-0.24855436
2016-09-28,0.15142436,-0.27898604,0.14302495,-0.14724836,0.36405337,0.22066014,-0.19244313,-0.2525823
2016-09-29,0.17766464,-0.28699273,0.12619883,-0.13219672,0.39784816,0.19675343,-0.21615693,-0.2314942
2016-09-30,0.17118782,-0.28247744,0.13516048,-0.13241842,0.3847047,0.20033258,-0.20755652,-0.24399547
2016-10-10,0.20961988,-0.34834462,0.07843124,-0.13730313,0.468864,0.092913955,-0.24121359,-0.21819375
2016-10-11,0.15125977,-0.2816667,0.1396496,-0.15124571,0.3680198,0.22236297,-0.19471079,-0.24621831
2016-10-12,0.17795162,-0.27853018,0.13451052,-0.12691922,0.39097935,0.2039708,-0.21534067,-0.23305665
2016-10-13,0.16079599,-0.28586555,0.13771737,-0.14525634,0.37691078,0.20738567,-0.20046288,-0.2456757
2016-10-14,0.13285822,-0.27043366,0.1551972,-0.15723336,0.33943188,0.2442911,-0.17711058,-0.26566672
2016-10-17,0.16043997,-0.25492045,0.15455124,-0.14069067,0.36451393,0.2629297,-0.20973131,-0.2119459
2016-10-18,0.18271023,-0.320928,0.10824684,-0.14212148,0.41952634,0.14270803,-0.21578535,-0.24416451
2016-10-19,0.15404356,-0.2633574,0.15238512,-0.14000045,0.3577306,0.24205679,-0.19670814,-0.24308796
2016-10-20,0.18017846,-0.2929345,0.12596291,-0.13122109,0.39987624,0.18270117,-0.21498096,-0.23931251
2016-10-21,0.16090617,-0.24757838,0.15891755,-0.11915116,0.35045463,0.24878046,-0.19751784,-0.25618163
2016-10-24,0.18736058,-0.31398433,0.10816597,-0.14039016,0.4254666,0.15613277,-0.22489974,-0.22273524
2016-10-25,0.16806906,-0.27511415,0.13888681,-0.13435808,0.37961233,0.21812391,-0.20804906,-0.23631822
2016-10-26,0.1523989,-0.2644316,0.15287888,-0.14113806,0.35542995,0.24141146,-0.19441247,-0.24795331
2016-10-27,0.16436201,-0.27466816,0.14020663,-0.13735376,0.3761759,0.22245035,-0.20560938,-0.2372623
2016-10-28,0.17278826,-0.26375884,0.14721632,-0.12210771,0.37371477,0.22366454,-0.20918122,-0.24192457
2016-10-31,0.15089431,-0.28759533,0.13735408,-0.15187839,0.36892825,0.21024346,-0.19177967,-0.25438958
2016-11-01,0.1759016,-0.2933668,0.12690362,-0.1297811,0.3937105,0.1769973,-0.20822954,-0.25435433
2016-11-02,0.155703,-0.2542113,0.15376022,-0.13494408,0.35587376,0.25638318,-0.1999211,-0.23752074
2016-11-03,0.1956079,-0.30987006,0.11336825,-0.1338672,0.42845443,0.15584224,-0.23134735,-0.21567656
2016-11-04,0.18365234,-0.26628572,0.13779342,-0.11730319,0.3907649,0.21812673,-0.22140533,-0.22281148
2016-11-07,0.15595347,-0.2712683,0.14433044,-0.14911352,0.36949512,0.24207094,-0.20351231,-0.22473346
2016-11-08,0.17658553,-0.30610105,0.12049941,-0.14365226,0.40655413,0.16911274,-0.21394974,-0.23429082
2016-11-09,0.14181247,-0.2524387,0.16722953,-0.14109516,0.3325159,0.25993785,-0.18220693,-0.26314592
2016-11-10,0.17640485,-0.28653848,0.12992832,-0.13230403,0.3943306,0.1944408,-0.21359274,-0.23541923
2016-11-11,0.1590773,-0.2868119,0.13682428,-0.13998465,0.37275356,0.19819194,-0.19463435,-0.26401478
2016-11-14,0.21594653,-0.27757734,0.12258772,-0.09538119,0.42631978,0.17940402,-0.245457,-0.21339579
2016-11-15,0.16432771,-0.29843697,0.12787789,-0.13995983,0.38442546,0.17796846,-0.19766209,-0.26676768
2016-11-16,0.19400948,-0.27216345,0.13231218,-0.11250617,0.4027974,0.20474747,-0.22933447,-0.22066467
2016-11-17,0.14432204,-0.27407336,0.14859313,-0.15389647,0.35560352,0.23666865,-0.18924952,-0.24854825
2016-11-18,0.17012176,-0.27362087,0.13858882,-0.13209322,0.38135,0.21840595,-0.20999825,-0.23311009
2016-11-21,0.17082018,-0.27517298,0.13692126,-0.13555384,0.38452232,0.22223124,-0.21280858,-0.22503717
2016-11-22,0.16992694,-0.29152897,0.12916815,-0.13480283,0.38755155,0.18860023,-0.20510185,-0.25524962
2016-11-23,0.15364721,-0.2784685,0.14559022,-0.15240757,0.3674138,0.22713855,-0.19759676,-0.2363965
2016-11-24,0.17807183,-0.26881027,0.1405412,-0.12708116,0.38701335,0.22336286,-0.21859732,-0.21985225
2016-11-25,0.17480911,-0.31545454,0.11113348,-0.14859736,0.4118411,0.16179892,-0.21267414,-0.24002291
2016-11-28,0.1608077,-0.28560656,0.13438538,-0.14646228,0.38093245,0.20972194,-0.20299649,-0.23757212
2016-11-29,0.17259818,-0.29950458,0.12357647,-0.14380209,0.39892736,0.18406667,-0.21155906,-0.23746799
2016-11-30,0.22174701,-0.28673995,0.111175306,-0.08890954,0.43796137,0.15413865,-0.24701339,-0.22164021
2016-12-01,0.16538185,-0.27894992,0.13730428,-0.13924783,0.38055885,0.2153844,-0.20658797,-0.23486303
2016-12-02,0.15099427,-0.24219836,0.16567168,-0.13491687,0.34169853,0.27824098,-0.1967428,-0.23724242
2016-12-05,0.20327118,-0.27468413,0.129965,-0.10106287,0.40965474,0.18610276,-0.23254186,-0.22934355
2016-12-06,0.15353456,-0.2665012,0.15206894,-0.14631423,0.36000928,0.24341409,-0.1984596,-0.2354805
2016-12-07,0.15271795,-0.29137802,0.13564381,-0.15525559,0.3744052,0.20753925,-0.19526082,-0.24681501
2016-12-08,0.14809728,-0.27286947,0.14771,-0.15171158,0.3593621,0.23744859,-0.19322544,-0.24219735
2016-12-09,0.15812631,-0.2750668,0.1447342,-0.14878777,0.37202892,0.23248248,-0.20396388,-0.22749795
2016-12-12,0.08755198,-0.15776294,0.22631243,-0.16307053,0.2362621,0.46065933,-0.14408496,-0.22942404
2016-12-13,0.15554205,-0.29478097,0.13721097,-0.14911681,0.37407237,0.1879572,-0.1918442,-0.2609336
2016-12-14,0.14722084,-0.27933472,0.14930496,-0.16271465,0.3625803,0.23740785,-0.19561839,-0.231225
2016-12-15,0.20514362,-0.29410172,0.11249187,-0.11813977,0.43189064,0.17604661,-0.2417579,-0.20514104
2016-12-16,0.21709353,-0.30298352,0.10211227,-0.101235375,0.4448395,0.13544542,-0.24330607,-0.22464316
2016-12-19,0.15000701,-0.2695239,0.14879397,-0.15063204,0.36061454,0.24414642,-0.19687623,-0.2350188
2016-12-20,0.17053202,-0.27647662,0.13625088,-0.13420519,0.38463613,0.21635994,-0.21137166,-0.230698
2016-12-21,0.1801809,-0.2763818,0.13571271,-0.12211443,0.38985577,0.20253676,-0.21538031,-0.23842384
2016-12-22,0.14924851,-0.27928954,0.1442517,-0.15041244,0.36167452,0.22361596,-0.1910547,-0.25317723
2016-12-23,0.17049286,-0.26060933,0.14780918,-0.13011953,0.37426335,0.24333379,-0.2135095,-0.2231885
2016-12-26,0.14369889,-0.31137884,0.12592062,-0.16334257,0.3742869,0.17410833,-0.18132854,-0.2768738
2016-12-27,0.17530146,-0.27908906,0.13444069,-0.13246611,0.38961223,0.21126743,-0.21508512,-0.22890683
2016-12-28,0.16316272,-0.2742929,0.14376387,-0.14015873,0.3739641,0.2234763,-0.20485207,-0.23526229
2016-12-29,0.18906422,-0.29139444,0.12308448,-0.12611948,0.41027823,0.18161623,-0.2250393,-0.22494285
2016-12-30,0.1611416,-0.28504115,0.13737756,-0.14340319,0.3767875,0.20664434,-0.20026705,-0.24718396
2017-01-03,0.17362809,-0.27361852,0.13878217,-0.12678659,0.3819826,0.21314864,-0.21059564,-0.24034669
2017-01-04,0.18256041,-0.32612833,0.10145762,-0.1459731,0.42673576,0.13764758,-0.21795234,-0.2376305
2017-01-05,0.16277424,-0.28319356,0.1365644,-0.1433262,0.37922573,0.21179084,-0.20347783,-0.2393574
2017-01-06,0.15016766,-0.26690716,0.14974257,-0.14880645,0.35891083,0.24771324,-0.19681776,-0.23599727
2017-01-09,0.15359266,-0.28376627,0.13712135,-0.15560195,0.37424627,0.22631893,-0.20020977,-0.23268677
2017-01-10,0.16868483,-0.28275734,0.1329116,-0.14429255,0.38933975,0.21785821,-0.21347669,-0.21927659
2017-01-11,0.17667666,-0.2670657,0.1428253,-0.11830345,0.3781524,0.21534784,-0.21059015,-0.2462423
2017-01-12,0.19073652,-0.2805282,0.12916532,-0.12359966,0.4069208,0.2023055,-0.22956887,-0.21285917
2017-01-13,0.15719599,-0.25514203,0.15556449,-0.14690806,0.36231005,0.27147523,-0.20943567,-0.20779677
2017-01-16,0.11936121,-0.18623686,0.20764321,-0.16122493,0.29222918,0.406467,-0.19412401,-0.17486271
2017-01-17,0.18545571,-0.3314452,0.10643146,-0.11710832,0.40966117,0.08268042,-0.19449687,-0.32069233
2017-01-18,0.15332545,-0.2764787,0.1456298,-0.15133062,0.36709148,0.23056547,-0.19829467,-0.23429944
2017-01-19,0.1689511,-0.28855956,0.12773061,-0.1408722,0.39091173,0.20228797,-0.20961148,-0.23384033
2017-01-20,0.2527917,-0.33130705,0.06990021,-0.091945365,0.5022323,0.08412063,-0.27648786,-0.19212247
2017-01-23,0.2002781,-0.27916616,0.12684724,-0.105853654,0.41059402,0.18300296,-0.23048437,-0.23009868
2017-01-24,0.13280034,-0.26052904,0.161565,-0.16071416,0.33722538,0.26796645,-0.1832723,-0.24369471
2017-01-25,0.19172522,-0.29568708,0.116683714,-0.124701224,0.41623667,0.17509334,-0.22692937,-0.22646423
2017-01-26,0.19477707,-0.29447228,0.11916118,-0.11881722,0.41569784,0.16792601,-0.2264261,-0.23248522
2017-02-03,0.15358022,-0.27553725,0.14521906,-0.14547862,0.36464936,0.22508147,-0.19529697,-0.2470624
2017-02-06,0.18736336,-0.31498486,0.106729425,-0.14091423,0.42563912,0.15744361,-0.22504106,-0.22494309
2017-02-07,0.16339311,-0.25991422,0.149082,-0.1280643,0.3645165,0.23800677,-0.20304167,-0.2422974
2017-02-08,0.17272982,-0.30773166,0.11973887,-0.13968027,0.39980868,0.1602371,-0.20533451,-0.257562
2017-02-09,0.18771389,-0.29602262,0.122410215,-0.12576069,0.4088069,0.17080475,-0.22031805,-0.23704554
2017-02-10,0.15169448,-0.27616704,0.14499256,-0.14741948,0.36342737,0.22569838,-0.1937575,-0.24793144
2017-02-13,0.18081515,-0.31033552,0.11021603,-0.14474893,0.41745052,0.17003489,-0.22076672,-0.22343268
2017-02-14,0.17158818,-0.27417046,0.13943085,-0.12854543,0.3802412,0.21263717,-0.20877525,-0.24209909
2017-02-15,0.17556663,-0.26946056,0.14275193,-0.13090737,0.38392726,0.2258445,-0.2167297,-0.22021477
2017-02-16,0.18398917,-0.2906419,0.12342452,-0.13095944,0.40663493,0.18974416,-0.22217357,-0.22360848
2017-02-17,0.16669439,-0.25056487,0.15466854,-0.12035537,0.36085233,0.24677116,-0.20527539,-0.24240364
2017-02-20,0.17053798,-0.29105154,0.13179776,-0.13616921,0.38804072,0.18857512,-0.20625407,-0.25067508
2017-02-21,0.20374995,-0.31674004,0.096874826,-0.12654075,0.44452035,0.14060108,-0.23783189,-0.21576594
2017-02-22,0.14993781,-0.2722727,0.14903313,-0.1467896,0.35777158,0.23284453,-0.1920707,-0.2504448
2017-02-23,0.15299189,-0.2920561,0.13620579,-0.15423185,0.3738449,0.20442751,-0.19417045,-0.2506672
2017-02-24,0.18188584,-0.29428914,0.12237588,-0.12929228,0.40429994,0.17756943,-0.2167643,-0.23773585
2017-02-27,0.16568363,-0.26363105,0.14523098,-0.13749082,0.3747933,0.24528372,-0.21205369,-0.21666314
2017-02-28,0.15801215,-0.27547967,0.14384574,-0.14497901,0.36958647,0.22864549,-0.20115325,-0.238919
2017-03-01,0.19142342,-0.29177183,0.121166505,-0.124530606,0.41367194,0.17992683,-0.22705129,-0.2220032
2017-03-02,0.15873629,-0.27424002,0.14422953,-0.14506742,0.37079725,0.23009104,-0.20263422,-0.23402111
2017-03-03,0.16905233,-0.30407915,0.119532816,-0.1449043,0.39810532,0.17618531,-0.2063865,-0.24628253
2017-03-06,0.22940615,-0.30840242,0.099014096,-0.09359406,0.45647538,0.12008218,-0.2515685,-0.2242112
2017-03-07,0.1674854,-0.2849548,0.13568148,-0.13026664,0.37837553,0.19121605,-0.19965115,-0.26384458
2017-03-08,0.1483227,-0.26824766,0.15024358,-0.14828107,0.35669369,0.24267697,-0.19344863,-0.24368931
2017-03-09,0.16194816,-0.27361333,0.14149714,-0.14164747,0.37499553,0.22807877,-0.20537859,-0.23080756
2017-03-10,0.1701479,-0.28724945,0.1323309,-0.13933197,0.38848498,0.2011132,-0.20913434,-0.2369621
2017-03-13,0.18827266,-0.32028827,0.101250626,-0.14150128,0.4316651,0.14695406,-0.22563809,-0.22355945
2017-03-14,0.14796191,-0.26341468,0.15326697,-0.14873138,0.3543804,0.25222972,-0.19488597,-0.23707499
2017-03-15,0.1635663,-0.29216543,0.13098383,-0.14268577,0.38286746,0.19367278,-0.20077118,-0.25194126
2017-03-16,0.1840731,-0.28585777,0.12819922,-0.12312077,0.39948782,0.18724732,-0.21799329,-0.23875888
2017-03-17,0.18608955,-0.2648611,0.13784811,-0.11919798,0.3945289,0.2234482,-0.22634426,-0.21097365
2017-03-20,0.17058617,-0.28031462,0.13387904,-0.13166903,0.38461325,0.20606704,-0.2084074,-0.24257718
2017-03-21,0.17212828,-0.2964515,0.1260845,-0.14357619,0.39742836,0.18905808,-0.211923,-0.23270749
2017-03-22,0.16184354,-0.27176213,0.1468682,-0.13370803,0.36638042,0.21911144,-0.19891137,-0.25328115
2017-03-23,0.18272345,-0.26124656,0.13949293,-0.11533193,0.38659698,0.22904971,-0.22146612,-0.22597022
2017-03-24,0.18276614,-0.30028266,0.117680065,-0.127927,0.40712062,0.16501693,-0.21461174,-0.24770145
2017-03-27,0.1524249,-0.27062294,0.1496971,-0.14718871,0.36098823,0.23704638,-0.19630402,-0.2415946
2017-03-28,0.1724535,-0.27870953,0.13632002,-0.13141944,0.3843634,0.20912968,-0.21035561,-0.23938741
2017-03-29,0.14762391,-0.28351176,0.14075443,-0.16595976,0.37012008,0.23781691,-0.1987921,-0.22347154
2017-03-30,0.14133789,-0.2476112,0.1647948,-0.14352417,0.33602524,0.274442,-0.18778032,-0.24607237
2017-03-31,0.18560022,-0.2856701,0.12857667,-0.120715864,0.39944005,0.18510832,-0.21815789,-0.24207853
2017-04-05,0.21131578,-0.3140424,0.09945757,-0.11361228,0.4453133,0.12913936,-0.23907647,-0.22604157
2017-04-06,0.16128235,-0.28453773,0.13707355,-0.14732482,0.37939987,0.21342792,-0.20364246,-0.2351724
2017-04-07,0.16907024,-0.2951886,0.12933117,-0.14214642,0.3910931,0.18618183,-0.2063793,-0.24344109
2017-04-10,0.12558524,-0.2502281,0.16791248,-0.16639726,0.32818544,0.29358137,-0.18217945,-0.23115726
2017-04-11,0.16995513,-0.26578584,0.14338955,-0.115369864,0.3689703,0.21234941,-0.20154575,-0.2675049
2017-04-12,0.15627134,-0.27545047,0.14103478,-0.14739496,0.37184864,0.22986618,-0.20153713,-0.23110549
2017-04-13,0.20151585,-0.29005915,0.11778589,-0.11191186,0.42102996,0.17126112,-0.23324975,-0.22423096
2017-04-14,0.14484939,-0.26245898,0.15475714,-0.15112521,0.35084343,0.25605902,-0.19259083,-0.23788719
2017-04-17,0.15609719,-0.25271064,0.15609545,-0.13182953,0.35315502,0.25449198,-0.19828743,-0.24286453
2017-04-18,0.17675364,-0.26176712,0.14346296,-0.12956226,0.38460004,0.24162573,-0.22162098,-0.2067207
2017-04-19,0.12399605,-0.28491014,0.15102416,-0.17220092,0.33883938,0.23227322,-0.16969955,-0.27399012
2017-04-20,0.17948374,-0.2769253,0.13631675,-0.12139994,0.38808247,0.19994584,-0.21372691,-0.24383049
2017-04-21,0.18436207,-0.2596591,0.14212298,-0.115910254,0.38763842,0.23021817,-0.22361359,-0.21777938
2017-04-24,0.112084724,-0.27056026,0.15682638,-0.17882705,0.32567835,0.26600176,-0.16519341,-0.2603299
2017-04-25,0.1933805,-0.28479838,0.12308992,-0.12100633,0.41343942,0.19061618,-0.23093143,-0.21455951
2017-04-26,0.16981196,-0.28915215,0.13002232,-0.13990419,0.3901531,0.19842753,-0.20908841,-0.23697035
2017-04-27,0.1597529,-0.35665345,0.09701427,-0.18067943,0.42008686,0.111845076,-0.19720113,-0.25695238
2017-04-28,0.19615,-0.29043198,0.121456884,-0.11406168,0.41358015,0.17025132,-0.22667965,-0.23577206
2017-05-02,0.16104022,-0.27825052,0.13861072,-0.14342083,0.37683356,0.2210216,-0.20419848,-0.23459314
2017-05-03,0.17069131,-0.2661162,0.14445797,-0.12768146,0.37550294,0.22861484,-0.2100369,-0.23507665
2017-05-04,0.18202859,-0.30015004,0.11584335,-0.14343894,0.41662216,0.18648748,-0.22573102,-0.20592824
2017-05-05,0.15831864,-0.27456075,0.14305988,-0.14794743,0.37308347,0.23196663,-0.20432383,-0.22557132
2017-05-08,0.17656063,-0.25984836,0.14316013,-0.11776267,0.37826565,0.22943524,-0.21399781,-0.23376079
2017-05-09,0.1696688,-0.31231183,0.11513772,-0.14921765,0.40277278,0.16824162,-0.20704931,-0.24833454
2017-05-10,0.18523438,-0.24610285,0.150498,-0.1137746,0.38194188,0.254964,-0.2283585,-0.20342034
2017-05-11,0.1508514,-0.26832384,0.15109754,-0.12720253,0.34565908,0.21595038,-0.18041494,-0.2964315
2017-05-12,0.1533829,-0.2795385,0.14267814,-0.15017742,0.36774883,0.2252586,-0.1967341,-0.24203058
2017-05-15,0.18204969,-0.27837867,0.13330469,-0.1245708,0.39467552,0.20371231,-0.21909156,-0.23069005
2017-05-16,0.16920444,-0.34864503,0.097206615,-0.15655357,0.4182989,0.100277446,-0.19694048,-0.281302
2017-05-17,0.1852197,-0.28941134,0.12174096,-0.1289985,0.40823075,0.19098406,-0.22376409,-0.22212036
2017-05-18,0.19100913,-0.2811086,0.12700933,-0.11769653,0.40502512,0.19479917,-0.22574425,-0.22660498
2017-05-19,0.15174404,-0.26063836,0.15158546,-0.14007972,0.35492015,0.24977298,-0.19523445,-0.24452208
2017-05-22,0.18001592,-0.25168017,0.14990735,-0.11543622,0.37728179,0.24297693,-0.21991003,-0.2203594
2017-05-23,0.1637458,-0.24731646,0.15566099,-0.122608535,0.35668904,0.2576251,-0.20408368,-0.24059556
2017-05-24,0.18618804,-0.30460566,0.10814122,-0.12385946,0.415781,0.15471183,-0.21720198,-0.24937578
2017-05-25,0.13862835,-0.30789444,0.13927132,-0.16129172,0.3574405,0.16956353,-0.16958037,-0.2999847
2017-05-26,0.1704489,-0.26794007,0.14415538,-0.12842174,0.37649632,0.22382613,-0.2094529,-0.2353506
2017-05-31,0.11659178,-0.2634731,0.16181043,-0.17878024,0.32695487,0.28242192,-0.17347595,-0.24175788
2017-06-01,0.15456894,-0.24847133,0.15835539,-0.13624364,0.351957,0.26887658,-0.20078275,-0.23012196
2017-06-02,0.17308573,-0.33225137,0.10818718,-0.14041084,0.4066797,0.10941559,-0.1952352,-0.2929753
2017-06-05,0.19464904,-0.28550348,0.12350901,-0.10995644,0.40775,0.17459187,-0.22336736,-0.24328719
2017-06-06,0.19035195,-0.28523868,0.1247528,-0.12179936,0.4086325,0.18961324,-0.22624889,-0.22271274
2017-06-07,0.2115944,-0.3434289,0.083083145,-0.12776776,0.46384507,0.08681769,-0.23809075,-0.2312863
2017-06-08,0.16030297,-0.273149,0.14399579,-0.14094366,0.3706013,0.22806762,-0.20250332,-0.2388929
2017-06-09,0.16221467,-0.2896167,0.13463399,-0.1409458,0.377969,0.19567207,-0.19805777,-0.25887716
2017-06-12,0.15205792,-0.276076,0.14475188,-0.15014507,0.36501184,0.23029792,-0.19612089,-0.2402802
2017-06-13,0.19742382,-0.3183756,0.104700424,-0.12940061,0.43333143,0.13478988,-0.22828603,-0.23244445
2017-06-14,0.16534175,-0.28372794,0.13489932,-0.1431279,0.38293728,0.21271484,-0.20692328,-0.2342083
2017-06-15,0.21475014,-0.32807666,0.08921187,-0.12679073,0.46161017,0.12276138,-0.2474806,-0.20554966
2017-06-16,0.161419,-0.27962407,0.14070404,-0.1392073,0.37287518,0.21165085,-0.19973794,-0.2503903
2017-06-19,0.1757167,-0.29345053,0.12864068,-0.13620944,0.39612517,0.18505625,-0.21210322,-0.23960869
2017-06-20,0.19321719,-0.28144068,0.12841186,-0.119545184,0.40835166,0.1943099,-0.22923344,-0.21751033
2017-06-21,0.15110166,-0.26337212,0.14990899,-0.1383747,0.3550954,0.24101497,-0.19297764,-0.25249884
2017-06-22,0.16364715,-0.2604618,0.1485892,-0.13883455,0.37069112,0.2515278,-0.21062815,-0.2153727
2017-06-23,0.16566256,-0.26550198,0.14442635,-0.120125815,0.3648549,0.21969,-0.19856727,-0.26578256
2017-06-26,0.17317669,-0.29924864,0.12166687,-0.13819182,0.3987155,0.17675099,-0.20915496,-0.24517907
2017-06-27,0.17632373,-0.2701103,0.13774326,-0.12296448,0.38354725,0.21749397,-0.21344823,-0.23640428
2017-06-28,0.14886743,-0.27262554,0.14794567,-0.14944796,0.35879597,0.23605135,-0.19279853,-0.24727444
2017-06-29,0.18380493,-0.3007405,0.11913089,-0.13616098,0.4116363,0.17536597,-0.22156566,-0.22747596
2017-06-30,0.16494316,-0.2959394,0.12958395,-0.14226052,0.38576484,0.1843582,-0.20073715,-0.25456557
2017-07-03,0.1801714,-0.3071056,0.11592027,-0.14065504,0.41167304,0.1679978,-0.21759078,-0.23393781
2017-07-04,0.14614597,-0.2731679,0.14734957,-0.15221322,0.35782197,0.23754567,-0.19136614,-0.24602066
2017-07-05,0.16395053,-0.29182827,0.13218835,-0.14079374,0.3816524,0.19095619,-0.19973102,-0.25650072
2017-07-06,0.16567272,-0.26194602,0.14651963,-0.1244303,0.36648056,0.23073727,-0.20267642,-0.2494119
2017-07-07,0.16923696,-0.28408343,0.1334809,-0.1376702,0.38588467,0.20592918,-0.20869192,-0.23826982
2017-07-10,0.14392701,-0.2545538,0.16169176,-0.14604074,0.34259444,0.2630394,-0.1898664,-0.24311112
2017-07-11,0.16307399,-0.27011162,0.14644513,-0.13652061,0.37030518,0.22596782,-0.20321283,-0.23815177
2017-07-12,0.1545382,-0.27441072,0.14830753,-0.13631207,0.35808903,0.21446925,-0.18927857,-0.27117774
2017-07-13,0.16244158,-0.27455318,0.13930252,-0.14201298,0.3767067,0.2285357,-0.20642108,-0.22951879
2017-07-14,0.1502276,-0.26116985,0.15181336,-0.14640684,0.35719073,0.2550015,-0.19798085,-0.23044889
2017-07-17,0.07248468,-0.22228158,0.19584697,-0.21028425,0.2687835,0.3920176,-0.15032619,-0.22161983
2017-07-18,0.18316558,-0.32456857,0.11173209,-0.13844119,0.4164174,0.12542552,-0.2095812,-0.26176172
2017-07-19,0.16736937,-0.3206643,0.11043786,-0.15300539,0.4058318,0.15373847,-0.2039231,-0.25445774
2017-07-20,0.21510321,-0.27462396,0.122427024,-0.09832351,0.4276955,0.18834952,-0.24832651,-0.20132814
2017-07-21,0.18989143,-0.28512722,0.12896627,-0.12265267,0.4051187,0.18969321,-0.22461873,-0.2259397
2017-07-24,0.16534656,-0.30382508,0.12205889,-0.14914143,0.39440727,0.17979078,-0.20373306,-0.24442606
2017-07-25,0.1661755,-0.2776879,0.14026386,-0.13775444,0.37947038,0.21433711,-0.20673713,-0.23495136
2017-07-26,0.15881899,-0.26740485,0.14841744,-0.13901147,0.364681,0.23630726,-0.20081282,-0.240442
2017-07-27,0.23243684,-0.43219525,0.023923934,-0.15946396,0.54078215,-0.036547802,-0.25544387,-0.22063382
2017-07-28,0.14607853,-0.26778942,0.15212905,-0.15165122,0.35463917,0.24570069,-0.19226763,-0.2392263
2017-07-31,0.166195,-0.29246837,0.128645,-0.1476504,0.39136228,0.20095764,-0.20910102,-0.2305158
2017-08-01,0.15445155,-0.2830044,0.13696101,-0.14931785,0.37165722,0.22027922,-0.19737959,-0.24471109
2017-08-02,0.16486628,-0.266645,0.14569679,-0.13441922,0.37202385,0.23229873,-0.20654294,-0.23296492
2017-08-03,0.22074574,-0.29988194,0.09802281,-0.103623375,0.45230234,0.15063015,-0.25240132,-0.2013863
2017-08-04,0.15433836,-0.274255,0.14374062,-0.14886719,0.36796302,0.2340498,-0.19982126,-0.23376156
2017-08-07,0.2106646,-0.2861424,0.120098,-0.097981304,0.42261404,0.16280414,-0.23628062,-0.23470567
2017-08-08,0.18648773,-0.3318162,0.09984612,-0.14867984,0.43253207,0.1321157,-0.2216509,-0.23193519
2017-08-09,0.17434326,-0.28396338,0.12941498,-0.13352178,0.39337555,0.2010444,-0.21346712,-0.2313963
2017-08-10,0.18167761,-0.25959188,0.14816552,-0.10780194,0.37514105,0.2173748,-0.2118428,-0.2519858
2017-08-11,0.18692467,-0.29103023,0.12209422,-0.13371676,0.41249505,0.19263184,-0.22746447,-0.20894724
2017-08-14,0.22523186,-0.33376968,0.083259664,-0.113660336,0.47222763,0.09472029,-0.25126037,-0.21751745
2017-08-15,0.16401544,-0.27629197,0.14025462,-0.13810278,0.3757723,0.22045091,-0.20492011,-0.24053504
2017-08-16,0.21908978,-0.33322704,0.08451042,-0.11802076,0.46574813,0.09976241,-0.2456632,-0.22231846
2017-08-17,0.18286906,-0.31679398,0.113955565,-0.14336717,0.4181627,0.14909045,-0.21804076,-0.2338977
2017-08-18,0.1699658,-0.2679566,0.14356196,-0.12951003,0.3766721,0.22608925,-0.20990208,-0.23347865
2017-08-21,0.16114022,-0.27727616,0.14241964,-0.13760684,0.37083343,0.21359107,-0.19946387,-0.25192606
2017-08-22,0.1617776,-0.26071805,0.14933297,-0.13741058,0.36702535,0.2492046,-0.20710057,-0.22567932
2017-08-23,0.16353196,-0.2839114,0.13774675,-0.14383689,0.38003126,0.2088267,-0.20417878,-0.23790939
2017-08-24,0.16716471,-0.27709386,0.13574561,-0.14370883,0.3852204,0.22857116,-0.21305916,-0.21597864
2017-08-25,0.19817072,-0.3185671,0.107515104,-0.1256412,0.43077368,0.12715334,-0.22556883,-0.24225332
2017-08-28,0.2348077,-0.323089,0.08526807,-0.10695797,0.47939697,0.11035582,-0.26374972,-0.19172642
2017-08-29,0.17328748,-0.27375132,0.13961902,-0.1311292,0.38314515,0.21849547,-0.2126666,-0.2321784
2017-08-30,0.20054527,-0.28820306,0.11731281,-0.11320826,0.4205399,0.17824082,-0.23400679,-0.22023033
2017-08-31,0.17542951,-0.28923675,0.13133156,-0.1331222,0.3920087,0.18968895,-0.2106362,-0.24288453
2017-09-01,0.15259522,-0.29902917,0.13045025,-0.15225951,0.3763956,0.18631105,-0.19012544,-0.26384503
2017-09-04,0.20091304,-0.3102012,0.10414875,-0.12800421,0.43794674,0.15285626,-0.23685363,-0.21108621
2017-09-05,0.16781464,-0.28455007,0.1383749,-0.13717122,0.38030612,0.2012219,-0.204398,-0.24824093
2017-09-06,0.17982182,-0.31133074,0.115705274,-0.13916233,0.40973997,0.15694678,-0.2134594,-0.24775599
2017-09-07,0.18401021,-0.2672885,0.14081049,-0.12169304,0.39177668,0.2197119,-0.22327182,-0.21586664
2017-09-08,0.17199197,-0.2704274,0.1393798,-0.13583335,0.3841885,0.23447962,-0.21690112,-0.21656908
2017-09-11,0.1893585,-0.29141316,0.11995072,-0.11965906,0.40910357,0.17521176,-0.22165951,-0.23827784
2017-09-12,0.1535283,-0.2740925,0.14635617,-0.15016729,0.36627588,0.2328874,-0.19831458,-0.23198445
2017-09-13,0.1639241,-0.2889518,0.13364205,-0.14245354,0.3813776,0.20017692,-0.20197594,-0.24917342
2017-09-14,0.16484685,-0.26997194,0.1409019,-0.13467754,0.37472194,0.22886848,-0.20663953,-0.23508553
2017-09-15,0.17063338,-0.28190762,0.1326265,-0.13882653,0.3885989,0.21365766,-0.21268478,-0.2272078
2017-09-18,0.19308823,-0.30371046,0.1123242,-0.12400022,0.42159548,0.15667544,-0.22557712,-0.23393731
2017-09-19,0.16412465,-0.2586138,0.14912099,-0.13401692,0.36827633,0.24943836,-0.20888317,-0.22390448
2017-09-20,0.17769578,-0.30217472,0.121961154,-0.13711362,0.40303686,0.16948228,-0.212259,-0.24378623
2017-09-21,0.16440143,-0.25753626,0.14946347,-0.13309658,0.36867478,0.2500432,-0.2094365,-0.22301875
2017-09-22,0.15946537,-0.28792447,0.13502103,-0.1468524,0.37846583,0.20378119,-0.1994127,-0.2447794
2017-09-25,0.16987965,-0.26415017,0.1462323,-0.13222851,0.37617612,0.23664945,-0.21262449,-0.2224925
2017-09-26,0.16564617,-0.2688088,0.14345777,-0.1379381,0.37626645,0.23512045,-0.21004426,-0.2246929
2017-09-27,0.17801984,-0.29858375,0.122895904,-0.13300781,0.40026295,0.17255135,-0.2113896,-0.24823041
2017-09-28,0.17931554,-0.2955184,0.122813426,-0.13385643,0.40234625,0.18174316,-0.21561036,-0.2374687
2017-09-29,0.19164635,-0.28625983,0.124930404,-0.115360476,0.4064042,0.17913987,-0.22283411,-0.23776703
2017-10-09,0.15533409,-0.28896293,0.1345931,-0.15427306,0.37772286,0.21260306,-0.19961315,-0.23801453
2017-10-10,0.19448477,-0.3054215,0.115001716,-0.118555196,0.41708562,0.146147,-0.22107705,-0.252677
2017-10-11,0.14806823,-0.26091665,0.15724859,-0.14483917,0.3495099,0.25093922,-0.19244057,-0.24554448
2017-10-12,0.17380999,-0.2659377,0.14171249,-0.12637658,0.38114116,0.22868907,-0.21466425,-0.22731395
2017-10-13,0.18543524,-0.3176462,0.10544614,-0.13338818,0.42057163,0.1397871,-0.21623224,-0.25067186
2017-10-16,0.117600545,-0.22628517,0.18225098,-0.1540296,0.3009375,0.32618192,-0.17176786,-0.25281045
2017-10-17,0.15954319,-0.28962845,0.13220492,-0.15628935,0.3852544,0.21631786,-0.20672095,-0.22225712
2017-10-18,0.18227857,-0.2793465,0.13271701,-0.12980822,0.3981153,0.20753652,-0.22212392,-0.21639176
2017-10-19,0.17420381,-0.28622034,0.13266721,-0.13823475,0.39183754,0.20423985,-0.21400091,-0.22959225
2017-10-20,0.18131235,-0.30003226,0.11919897,-0.13103402,0.40581018,0.17008471,-0.21513045,-0.24443181
2017-10-23,0.19076864,-0.30219656,0.116679795,-0.12466563,0.41562256,0.1581095,-0.2219052,-0.23905368
2017-10-24,0.15475605,-0.27154,0.14407071,-0.14168562,0.3645464,0.23242968,-0.19737121,-0.24602269
2017-10-25,0.17812327,-0.28570855,0.12888795,-0.1237829,0.39148915,0.1879492,-0.21070942,-0.2531534
2017-10-26,0.16655564,-0.2874797,0.12948236,-0.1452347,0.39017558,0.20796274,-0.20995054,-0.22638278
2017-10-27,0.15268394,-0.26187694,0.15304661,-0.14204058,0.35656244,0.2476415,-0.19694301,-0.2394919
2017-10-30,0.09983579,-0.2553705,0.17526338,-0.19142732,0.30415812,0.3101206,-0.16160354,-0.25045428
2017-10-31,0.18303093,-0.28582582,0.12828779,-0.11932972,0.3956122,0.18181075,-0.21354067,-0.25127754
2017-11-01,0.17374401,-0.27934432,0.13311848,-0.13085867,0.38818032,0.20735523,-0.21214733,-0.2349072
2017-11-02,0.15042186,-0.2622689,0.15082052,-0.14857818,0.3584951,0.2580487,-0.1993646,-0.2274322
2017-11-03,0.17975351,-0.25093597,0.1475007,-0.11429119,0.37807724,0.24493828,-0.21986142,-0.22073872
2017-11-06,0.16057947,-0.31317994,0.11978301,-0.15394713,0.39320928,0.16436985,-0.19700149,-0.25957835
2017-11-07,0.15246905,-0.28362286,0.13862723,-0.1458181,0.36709702,0.2112405,-0.1915913,-0.25967592
2017-11-08,0.18843213,-0.3039785,0.11553662,-0.134161,0.41943452,0.16510358,-0.2250303,-0.22148933
2017-11-09,0.17273417,-0.29877326,0.12203763,-0.13470268,0.3955529,0.1741793,-0.20619917,-0.25526962
2017-11-10,0.20204136,-0.30195397,0.11303676,-0.11541761,0.4267839,0.15031636,-0.2313191,-0.23233612
2017-11-13,0.17034975,-0.28377458,0.13141367,-0.13851091,0.38944307,0.20763922,-0.21152136,-0.23010693
2017-11-14,0.16551271,-0.26531222,0.14761859,-0.13695185,0.3721965,0.23975398,-0.20945567,-0.2246858
2017-11-15,0.13930559,-0.2402264,0.17159817,-0.14166084,0.32787406,0.28531334,-0.1859315,-0.24793433
2017-11-16,0.17723235,-0.29747033,0.121901475,-0.13362955,0.40055725,0.17663403,-0.21212777,-0.24470176
2017-11-17,0.14589302,-0.23287128,0.17221099,-0.14726831,0.33848166,0.3123711,-0.20284033,-0.20506299
2017-11-20,0.16250044,-0.32274288,0.10542486,-0.15148312,0.40332958,0.14685322,-0.19730988,-0.2672645
2017-11-21,0.17149453,-0.2685951,0.14282274,-0.12104818,0.37408483,0.2128353,-0.20519295,-0.25241905
2017-11-22,0.1651753,-0.26449853,0.14173728,-0.13350132,0.37608716,0.23812799,-0.20988292,-0.22367887
2017-11-23,0.13969842,-0.23068075,0.17576468,-0.1400131,0.3253471,0.30121922,-0.18921629,-0.23612003
2017-11-24,0.17394912,-0.27686846,0.13607255,-0.12829514,0.38469252,0.20858878,-0.2107493,-0.23997046
2017-11-27,0.18573284,-0.2784878,0.12591735,-0.13286863,0.40864378,0.21790886,-0.23152867,-0.19326949
2017-11-28,0.18798473,-0.310277,0.11587339,-0.1253015,0.41206196,0.14205626,-0.21420065,-0.2605927
2017-11-29,0.13970192,-0.27531958,0.15124607,-0.14903651,0.34519666,0.22398959,-0.17791715,-0.27744135
2017-11-30,0.17041701,-0.26167634,0.14450556,-0.1325999,0.37809357,0.2450136,-0.21589911,-0.21398006
2017-12-01,0.21489781,-0.30685726,0.09941957,-0.106006846,0.44616097,0.13467045,-0.24248946,-0.22288473
2017-12-04,0.16957283,-0.2790108,0.13558051,-0.1405256,0.3873055,0.21950664,-0.21346495,-0.2209829
2017-12-05,0.13880871,-0.22474065,0.18153304,-0.14151537,0.32103562,0.31585428,-0.19179606,-0.22952728
2017-12-06,0.17278916,-0.27156138,0.141215,-0.11501816,0.37232953,0.2040254,-0.20228785,-0.27313897
2017-12-07,0.16831063,-0.28886026,0.13025048,-0.1441886,0.39054143,0.202566,-0.20960641,-0.22923388
2017-12-08,0.20959991,-0.3120801,0.10664608,-0.11603948,0.44014212,0.13146125,-0.2371557,-0.22524942
2017-12-11,0.18430644,-0.29449344,0.12078605,-0.1270752,0.40704462,0.1759028,-0.21887392,-0.2365645
2017-12-12,0.1510326,-0.26421183,0.14925212,-0.14757739,0.36072177,0.25075224,-0.19902739,-0.22935967
2017-12-13,0.17015411,-0.2841583,0.13313806,-0.129986,0.3840819,0.19316421,-0.20453742,-0.25256714
2017-12-14,0.14638388,-0.2697237,0.15266576,-0.14849377,0.35244465,0.23778118,-0.18909687,-0.25312766
2017-12-15,0.15863968,-0.26333457,0.14990759,-0.13532013,0.36156705,0.23982836,-0.19959536,-0.24255814
2017-12-18,0.15443687,-0.27136847,0.14607716,-0.14250149,0.3632673,0.23069784,-0.19621757,-0.24556743
2017-12-19,0.2045115,-0.29016882,0.11743828,-0.10863403,0.42291567,0.16748899,-0.23483068,-0.2261122
2017-12-20,0.15481496,-0.25929737,0.15411279,-0.14179741,0.35816374,0.2538986,-0.20079893,-0.2320817
2017-12-21,0.17369062,-0.32340175,0.108902894,-0.15603781,0.41526952,0.15360035,-0.21213529,-0.23671733
2017-12-22,0.1687515,-0.2715699,0.14234272,-0.13153873,0.37715214,0.2201431,-0.20809913,-0.2370186
2017-12-25,0.13130562,-0.2515791,0.16741538,-0.15433195,0.32816988,0.2773801,-0.18020648,-0.25269708
2017-12-26,0.15677682,-0.28945565,0.13742098,-0.14783618,0.37378287,0.20165794,-0.19567508,-0.2543199
2017-12-27,0.16046797,-0.26783687,0.14611548,-0.14375679,0.37072566,0.24227098,-0.20659232,-0.22278364
2017-12-28,0.19591859,-0.2840732,0.1223254,-0.11540293,0.41392288,0.18557468,-0.23063824,-0.22041209
2017-12-29,0.1630118,-0.28502816,0.13605103,-0.13930553,0.37748528,0.20282477,-0.20033613,-0.25257844
2018-01-02,0.15508491,-0.29340574,0.12958145,-0.15649235,0.38212648,0.20786852,-0.19990298,-0.23635097
2018-01-03,0.19557416,-0.32029033,0.10074238,-0.13137005,0.4351986,0.13430458,-0.22781363,-0.23128192
2018-01-04,0.17313579,-0.28816137,0.12987074,-0.13547768,0.39194787,0.19545938,-0.21091768,-0.23789506
2018-01-05,0.17562112,-0.2887442,0.12920213,-0.1355912,0.39499447,0.19562566,-0.21386766,-0.2338791
2018-01-08,0.15400496,-0.29348361,0.13266343,-0.15275607,0.37575564,0.20220734,-0.19461906,-0.25389925
2018-01-09,0.16455117,-0.28275588,0.1368562,-0.14107612,0.38003308,0.20988713,-0.20442739,-0.24002908
2018-01-10,0.15613687,-0.26154312,0.15006322,-0.13545026,0.35893625,0.24336497,-0.19803143,-0.24613772
2018-01-11,0.17186378,-0.3172241,0.11184291,-0.14865628,0.40878886,0.15381648,-0.20741925,-0.24680005
2018-01-12,0.15044415,-0.26488757,0.15052506,-0.14597309,0.35733244,0.24820305,-0.19616118,-0.23856045
2018-01-15,0.119155,-0.22517812,0.18394613,-0.16320835,0.30771273,0.3388495,-0.18095252,-0.22302563
2018-01-16,0.1762859,-0.2680974,0.13889313,-0.1295596,0.3868901,0.23105876,-0.21920103,-0.215688
2018-01-17,0.1450302,-0.3426724,0.10629044,-0.19974259,0.40678468,0.16376168,-0.19713888,-0.22540988
2018-01-18,0.195153,-0.27547902,0.1294347,-0.108575664,0.4044323,0.19270399,-0.22712538,-0.23098303
2018-01-19,0.16728503,-0.26630014,0.14232695,-0.13224915,0.37623173,0.23216276,-0.20961967,-0.22727408
2018-01-22,0.22183365,-0.37408316,0.051894583,-0.14789478,0.50564814,0.06521993,-0.25810808,-0.19090348
2018-01-23,0.16674508,-0.27399546,0.1400671,-0.13345769,0.37667313,0.21947761,-0.20625779,-0.24040975
2018-01-24,0.20037076,-0.3649038,0.06571146,-0.14823635,0.47237986,0.0733774,-0.23189688,-0.23175086
2018-01-25,0.21711513,-0.2657447,0.12770954,-0.089387834,0.4229369,0.1915369,-0.24792933,-0.20329161
2018-01-26,0.20175555,-0.29521552,0.116820835,-0.1143428,0.4234456,0.162074,-0.2321862,-0.22530161
2018-01-29,0.14124173,-0.24431244,0.16788441,-0.14273503,0.33388555,0.2803662,-0.1887964,-0.24440987
2018-01-30,0.16030565,-0.25914407,0.15388379,-0.13601726,0.3617927,0.2481078,-0.20373869,-0.23328657
2018-01-31,0.09825909,-0.2350505,0.18386781,-0.18525851,0.29451883,0.34206492,-0.1649051,-0.23494719
2018-02-01,0.15586665,-0.2225925,0.17643934,-0.116101794,0.33096063,0.29222003,-0.19671968,-0.24576227
2018-02-02,0.22382316,-0.2796593,0.112504534,-0.085277885,0.4376654,0.16591322,-0.25082642,-0.21434869
2018-02-05,0.1873207,-0.2956624,0.120282926,-0.13113196,0.4118052,0.18143304,-0.22396693,-0.22305782
2018-02-06,0.1411376,-0.19006698,0.20038384,-0.11687624,0.29816532,0.35105047,-0.18996787,-0.23816492
2018-02-07,0.10700773,-0.29370856,0.16400123,-0.1957025,0.32583046,0.22600876,-0.15640488,-0.27562487
2018-02-08,0.251921,-0.31564313,0.08518211,-0.080844514,0.48403296,0.101459265,-0.27146256,-0.20728488
2018-02-09,0.19446513,-0.2479537,0.14687598,-0.10177658,0.3899594,0.23815873,-0.23237804,-0.21211605
2018-02-12,0.20869339,-0.36386037,0.07487009,-0.13787888,0.46943495,0.058769353,-0.23222533,-0.24547692
2018-02-13,0.17577916,-0.2633968,0.14342284,-0.12909791,0.38347793,0.23822212,-0.22034442,-0.21279658
2018-02-14,0.14072336,-0.28103757,0.14663342,-0.16096452,0.35675347,0.22942588,-0.18609315,-0.24895702
2018-02-22,0.18540901,-0.31004238,0.1092994,-0.13666598,0.4203566,0.15880516,-0.22145084,-0.22936355
2018-02-23,0.15797547,-0.26598752,0.15094128,-0.13120097,0.35752383,0.22718592,-0.1940166,-0.26244488
2018-02-26,0.2006111,-0.37462902,0.06517454,-0.15494667,0.47550073,0.059873693,-0.230842,-0.23299055
2018-02-27,0.207207,-0.28497142,0.11803464,-0.099811815,0.42055386,0.16730659,-0.23414764,-0.23475172
2018-02-28,0.2344234,-0.30397433,0.09189699,-0.09153537,0.46624,0.13253969,-0.2613043,-0.20307434
2018-03-01,0.2192002,-0.34437925,0.0841048,-0.122751325,0.46858194,0.08269247,-0.24336094,-0.22994678
2018-03-02,0.1771686,-0.24909227,0.15709814,-0.110111825,0.3665117,0.23777331,-0.21162724,-0.24206777
2018-03-05,0.15298294,-0.29965317,0.1319902,-0.15236594,0.3759198,0.18485998,-0.18999332,-0.26515147
2018-03-06,0.18004161,-0.2713528,0.13759425,-0.12657899,0.39182082,0.21944728,-0.2213425,-0.21736921
2018-03-07,0.155305,-0.2666874,0.1484681,-0.13913698,0.3601718,0.23616625,-0.19635114,-0.24776287
2018-03-08,0.17742209,-0.28046253,0.13226798,-0.12668519,0.39064208,0.20166661,-0.21355632,-0.23971899
2018-03-09,0.22028893,-0.39123803,0.05481594,-0.14034843,0.4976044,0.0119708255,-0.24019226,-0.2454838
2018-03-12,0.18253398,-0.26958138,0.13877565,-0.108868256,0.38452587,0.19667724,-0.21169731,-0.2538933
2018-03-13,0.16057108,-0.2991918,0.12876609,-0.16016088,0.39154553,0.19866887,-0.20605004,-0.22286738
2018-03-14,0.15648729,-0.26132262,0.15223435,-0.13865812,0.35941532,0.24538732,-0.1995182,-0.23843177
2018-03-15,0.16392663,-0.2588724,0.14953956,-0.11994074,0.35961238,0.23307204,-0.19893116,-0.26262805
2018-03-16,0.16483082,-0.26280838,0.14993319,-0.13627882,0.36969241,0.2414661,-0.20789915,-0.22561984
2018-03-19,0.2176739,-0.3217371,0.09195907,-0.1201697,0.4611916,0.12487489,-0.25013575,-0.20376
2018-03-20,0.19446552,-0.34195828,0.09639046,-0.13519676,0.43700945,0.092236035,-0.2172249,-0.26430053
2018-03-21,0.16170815,-0.25548035,0.15542567,-0.1464401,0.36787784,0.2687004,-0.21451515,-0.19690636
2018-03-22,0.15445668,-0.2817729,0.1442827,-0.15721668,0.37218046,0.22679369,-0.20095012,-0.22556497
2018-03-23,0.17364736,-0.18301725,0.1861757,-0.09301405,0.33523127,0.35316673,-0.22474194,-0.19353774
2018-03-26,0.23689732,-0.341254,0.07224069,-0.08337481,0.4768291,0.045261867,-0.24418283,-0.27247098
2018-03-27,0.23276812,-0.33448312,0.077206574,-0.11450055,0.48556438,0.10281357,-0.26357695,-0.19387104
2018-03-28,0.21990213,-0.2897573,0.11517983,-0.09346818,0.43360576,0.15471062,-0.24419624,-0.2281297
2018-03-29,0.15718633,-0.25902197,0.15747374,-0.12865673,0.35205126,0.2359161,-0.19345585,-0.26051044
2018-03-30,0.20271122,-0.34189188,0.08511438,-0.12885499,0.4514549,0.091680266,-0.22801691,-0.25052232
2018-04-02,0.14653027,-0.2751053,0.14202008,-0.16407035,0.3685026,0.25240132,-0.2011714,-0.2126264
2018-04-03,0.16861781,-0.25782555,0.14832306,-0.119992144,0.3658151,0.23763971,-0.20552981,-0.24882428
2018-04-04,0.13268025,-0.24709523,0.16692746,-0.16615374,0.33549732,0.30500558,-0.19261962,-0.21240525
2018-04-09,0.18284376,-0.30741674,0.11455009,-0.14853586,0.42068243,0.17726457,-0.22663206,-0.20486966
2018-04-10,0.13921633,-0.2749697,0.14598003,-0.15346599,0.34931487,0.23798881,-0.18227038,-0.264798
2018-04-11,0.18047503,-0.27024037,0.1400362,-0.12336222,0.38833046,0.21541776,-0.21851343,-0.22501482
2018-04-12,0.19685602,-0.2769673,0.13055271,-0.11503203,0.40942582,0.19804029,-0.2326138,-0.21405144
2018-04-13,0.15584503,-0.2617159,0.15444613,-0.13758379,0.35665843,0.24166551,-0.19706252,-0.24387695
2018-04-16,0.19131702,-0.26934958,0.12715247,-0.10421367,0.39983913,0.20142624,-0.22421253,-0.2359197
2018-04-17,0.13012023,-0.2036029,0.19349551,-0.13815965,0.30000857,0.35463914,-0.18632779,-0.23217933
2018-04-18,0.13252819,-0.35070074,0.11605091,-0.18047577,0.37598515,0.10686872,-0.15956733,-0.32276836
2018-04-19,0.19384053,-0.29722667,0.117392994,-0.12836675,0.4218485,0.17267267,-0.23108864,-0.21157423
2018-04-20,0.17243487,-0.22991379,0.16589153,-0.10718054,0.3536867,0.2712438,-0.21127445,-0.23190252
2018-04-23,0.1316743,-0.20775017,0.19124839,-0.13708065,0.3032504,0.3462247,-0.18663287,-0.23496719
2018-04-24,0.22714752,-0.35520896,0.06901651,-0.11632955,0.4841704,0.057379313,-0.24746618,-0.23654284
2018-04-25,0.20024431,-0.29948658,0.1158176,-0.1137828,0.4221154,0.15126416,-0.22816512,-0.2395495
2018-04-26,0.13124947,-0.25392973,0.16588554,-0.15866753,0.33151078,0.2766036,-0.1820328,-0.24372168
2018-04-27,0.18590215,-0.29984757,0.11360934,-0.123657554,0.41191435,0.1620284,-0.21708024,-0.2454858
2018-05-02,0.1669679,-0.24569146,0.16120854,-0.1205043,0.35619667,0.25822255,-0.20670602,-0.23875223
2018-05-03,0.13032575,-0.34640807,0.11296513,-0.19200341,0.3803029,0.13641134,-0.16807273,-0.2926972
2018-05-04,0.1707432,-0.27207965,0.13984177,-0.13225831,0.38203156,0.2199372,-0.21157143,-0.22877114
2018-05-07,0.2098287,-0.32503945,0.09582663,-0.120855436,0.4498099,0.11498383,-0.23743775,-0.22862796
2018-05-08,0.15493113,-0.28756994,0.13647151,-0.15305746,0.37453786,0.21412224,-0.19807684,-0.24171229
2018-05-09,0.1670082,-0.2766971,0.13979256,-0.13895914,0.38019598,0.22072984,-0.20908105,-0.23128583
2018-05-10,0.16551006,-0.2798193,0.13936517,-0.13125508,0.3745967,0.20283307,-0.20019257,-0.26005834
2018-05-11,0.13379514,-0.24641933,0.17052841,-0.15145195,0.32797885,0.282662,-0.18313166,-0.24628945
2018-05-14,0.1750547,-0.2743644,0.13733011,-0.12945952,0.386195,0.21509333,-0.21426716,-0.22891356
2018-05-15,0.18720442,-0.30458748,0.11932901,-0.1169204,0.4047974,0.14099646,-0.20955229,-0.27695894
2018-05-16,0.17074531,-0.2807733,0.13493514,-0.13754934,0.38767862,0.21025404,-0.2115263,-0.2266372
2018-05-17,0.14950535,-0.26243678,0.15582031,-0.14481914,0.3524937,0.24874882,-0.19397461,-0.24346848
2018-05-18,0.15797894,-0.287179,0.13480952,-0.13642699,0.37055194,0.19348457,-0.19096985,-0.27591214
2018-05-21,0.20313576,-0.3019701,0.11164,-0.119117536,0.43036792,0.1575317,-0.23567143,-0.2214924
2018-05-22,0.1757522,-0.29280502,0.12793857,-0.13131942,0.3934466,0.1815165,-0.20958602,-0.2514086
2018-05-23,0.16153459,-0.25718522,0.15505278,-0.13323696,0.3606622,0.24842733,-0.20380029,-0.23470278
2018-05-24,0.16839921,-0.27946493,0.13743559,-0.14133504,0.3836874,0.21949454,-0.21094742,-0.22659172
2018-05-25,0.12984586,-0.2436393,0.17516145,-0.15592395,0.3229223,0.29233307,-0.18206698,-0.24265458
2018-05-28,0.16867965,-0.2876135,0.12721881,-0.14882164,0.3961816,0.2141514,-0.21569338,-0.21050917
2018-05-29,0.18717456,-0.25944972,0.14196405,-0.11224429,0.38813317,0.22612718,-0.22376534,-0.22255217
2018-05-30,0.14025824,-0.27658087,0.15316576,-0.16729045,0.35546076,0.24239245,-0.19005549,-0.22904594
2018-05-31,0.1483374,-0.2938129,0.14017403,-0.15874577,0.36741972,0.20345406,-0.18887347,-0.2583928
2018-06-01,0.15045723,-0.22918162,0.17294317,-0.13049813,0.3351581,0.29792726,-0.19892159,-0.2296196
2018-06-04,0.13722573,-0.2857259,0.14285228,-0.17307295,0.36081174,0.23715478,-0.18863913,-0.2336754
2018-06-05,0.20330045,-0.3325245,0.097715266,-0.12137403,0.43952945,0.09747401,-0.22422579,-0.26102862
2018-06-06,0.17204574,-0.27229977,0.13888359,-0.12535337,0.3795395,0.21305059,-0.20841724,-0.24496217
2018-06-07,0.14646122,-0.26122504,0.15418082,-0.14653835,0.35032618,0.25393912,-0.19207993,-0.24422555
2018-06-08,0.1506485,-0.24649145,0.1608051,-0.13408393,0.34490323,0.2699808,-0.19564465,-0.24216966
2018-06-11,0.14932737,-0.2571655,0.1547839,-0.14623858,0.35324374,0.26445404,-0.19808206,-0.22926722
2018-06-12,0.17837398,-0.31798428,0.1132899,-0.14081423,0.40993863,0.14450094,-0.20942959,-0.25803727
2018-06-13,0.1572075,-0.25772637,0.15280962,-0.13826911,0.36045742,0.25287506,-0.20255494,-0.22953434
2018-06-14,0.18657559,-0.25925285,0.14446971,-0.10963172,0.38511407,0.22299352,-0.22155929,-0.23007803
2018-06-15,0.117185034,-0.23230684,0.1884529,-0.15605175,0.29876566,0.30844206,-0.16716447,-0.26216888
2018-06-19,0.11974213,-0.14094743,0.2301907,-0.12587757,0.25414783,0.4515381,-0.17153049,-0.21478914
2018-06-20,0.17511708,-0.3422038,0.10906733,-0.15691972,0.41919053,0.10560777,-0.20440763,-0.26009127
2018-06-21,0.15773845,-0.20718816,0.18248,-0.10851595,0.32475448,0.3158556,-0.20104665,-0.23829009
2018-06-22,0.2384575,-0.3300607,0.07918059,-0.10141778,0.4834675,0.09449812,-0.26284027,-0.20711426
2018-06-25,0.15130028,-0.24997571,0.15693435,-0.14623095,0.3544519,0.27994803,-0.20421186,-0.2145776
2018-06-26,0.24086624,-0.33888566,0.07086102,-0.10901986,0.4951557,0.089400575,-0.2682326,-0.1939303
2018-06-27,0.1562335,-0.2544579,0.15450862,-0.13579512,0.35705987,0.25653076,-0.20125496,-0.23478593
2018-06-28,0.2055784,-0.27463868,0.12873405,-0.10850596,0.41676345,0.1980432,-0.2412476,-0.20466238
2018-06-29,0.23552403,-0.39038354,0.043947376,-0.12541428,0.5145626,0.0021066405,-0.25270423,-0.23868085
2018-07-02,0.14956725,-0.23673457,0.16761222,-0.13844821,0.3409473,0.29373243,-0.20009917,-0.22201104
2018-07-03,0.14360139,-0.31703323,0.1298928,-0.1584668,0.36895016,0.14834014,-0.17192015,-0.30153847
2018-07-04,0.1299324,-0.2423914,0.17170295,-0.15918154,0.32669336,0.30157322,-0.18585128,-0.22752462
2018-07-05,0.16665532,-0.24286519,0.15316537,-0.12881552,0.36544222,0.27749115,-0.21551949,-0.20719092
2018-07-06,0.2013304,-0.3350219,0.10603074,-0.14059657,0.4449484,0.10620103,-0.23180553,-0.22165729
2018-07-09,0.21612653,-0.32232866,0.09483039,-0.11130752,0.452712,0.11063877,-0.24073157,-0.23304315
2018-07-10,0.17515513,-0.27811742,0.13596517,-0.123179995,0.38444585,0.1983714,-0.20909086,-0.25078475
2018-07-11,0.16682121,-0.2530033,0.14804885,-0.119710594,0.3658567,0.24398552,-0.20664796,-0.23936008
2018-07-12,0.25930172,-0.36788452,0.051101647,-0.1025766,0.5268866,0.025340049,-0.27750427,-0.20261215
2018-07-13,0.17218292,-0.29204047,0.12713405,-0.1399103,0.39425367,0.19514602,-0.21159959,-0.23608185
2018-07-16,0.161329,-0.28856856,0.13178068,-0.14986639,0.38397855,0.21133767,-0.20519987,-0.23325478
2018-07-17,0.14732729,-0.276143,0.14813879,-0.14564125,0.35401273,0.22364289,-0.18639174,-0.26734415
2018-07-18,0.17188199,-0.2676304,0.14133656,-0.13704588,0.38493812,0.23831028,-0.21849716,-0.20636874
2018-07-19,0.14510798,-0.24490944,0.16805354,-0.1373417,0.3342378,0.2727644,-0.1886692,-0.252039
2018-07-20,0.19116107,-0.32448715,0.1007609,-0.13016964,0.42935812,0.119946636,-0.21808565,-0.25097185
2018-07-23,0.17315772,-0.28564966,0.13058609,-0.12380887,0.38574636,0.18431176,-0.2042644,-0.2628756
2018-07-24,0.19418699,-0.2912318,0.11416421,-0.12062886,0.42055836,0.17833716,-0.23079547,-0.21581219
2018-07-25,0.18903902,-0.27344704,0.13546622,-0.11401594,0.3953729,0.2016691,-0.222442,-0.23486193
2018-07-26,0.13692713,-0.2476354,0.16595444,-0.14964673,0.33362433,0.28132248,-0.18652642,-0.2413164
2018-07-27,0.15621948,-0.28903538,0.13609695,-0.15583174,0.3777993,0.21460567,-0.20047694,-0.23556222
2018-07-30,0.13495943,-0.22959223,0.18196774,-0.14339325,0.31747064,0.30555284,-0.185298,-0.24216811
2018-07-31,0.19272418,-0.27942708,0.12913564,-0.11711739,0.40506992,0.19695702,-0.22754267,-0.22342153
2018-08-01,0.17006274,-0.24548307,0.15503892,-0.12428339,0.36690176,0.2637943,-0.215594,-0.2144175
2018-08-02,0.10241206,-0.22516885,0.18822175,-0.15588753,0.28009924,0.3264025,-0.15188661,-0.2876872
2018-08-03,0.15031812,-0.26283166,0.1555579,-0.15376678,0.35674965,0.2627308,-0.20056674,-0.22347166
2018-08-06,0.15776837,-0.20854339,0.18446389,-0.11502989,0.32907745,0.31842774,-0.20557985,-0.220522
2018-08-07,0.17679547,-0.33918273,0.09775633,-0.15621984,0.42542765,0.12590122,-0.21116209,-0.25157395
2018-08-08,0.15445676,-0.23291762,0.16872343,-0.12782806,0.3408209,0.28895673,-0.20142317,-0.23121153
2018-08-09,0.2686776,-0.37573844,0.03992722,-0.09613161,0.5417768,0.005129043,-0.2838086,-0.20086956
2018-08-10,0.19413194,-0.28694588,0.1236156,-0.10922801,0.40625486,0.17154382,-0.22188172,-0.24875338
2018-08-13,0.20794074,-0.32004848,0.10224513,-0.09923165,0.43143147,0.092970245,-0.21985668,-0.28586683
2018-08-14,0.15056364,-0.2609195,0.15316108,-0.1385661,0.35253292,0.24470304,-0.19259918,-0.2510189
2018-08-15,0.12073904,-0.2113259,0.19262445,-0.14732653,0.29478776,0.3470325,-0.17684868,-0.24268179
2018-08-16,0.2087686,-0.28929144,0.11982251,-0.10686385,0.42813653,0.16093875,-0.23884997,-0.2139711
2018-08-17,0.114896625,-0.21912545,0.19149,-0.15597114,0.2933979,0.33744785,-0.17087016,-0.24794577
2018-08-20,0.14994594,-0.2594105,0.15794319,-0.12135526,0.33886355,0.22257765,-0.17917544,-0.29976013
2018-08-21,0.20556413,-0.32993954,0.08992956,-0.13173415,0.45289686,0.12357913,-0.23839474,-0.21949394
2018-08-22,0.15579955,-0.25881147,0.15288949,-0.13850208,0.35878775,0.2517864,-0.20057276,-0.23521183
2018-08-23,0.1923076,-0.2946309,0.11954794,-0.1101216,0.40771666,0.15316868,-0.21604025,-0.2603378
2018-08-24,0.17320669,-0.2980222,0.12678164,-0.1407607,0.39662585,0.17941292,-0.20929772,-0.23963155
2018-08-27,0.22210428,-0.35634863,0.07357443,-0.12664643,0.48109064,0.06394037,-0.24633539,-0.22671498
2018-08-28,0.15897113,-0.27293903,0.14634135,-0.14125922,0.3679725,0.22653583,-0.20033577,-0.24189357
2018-08-29,0.14754152,-0.26409677,0.15280634,-0.14844649,0.35409543,0.25095722,-0.1940845,-0.23914416
2018-08-30,0.14305049,-0.24403274,0.16876268,-0.13939138,0.33276692,0.27606618,-0.1876263,-0.250227
2018-08-31,0.14899302,-0.277336,0.14309978,-0.16272432,0.36804134,0.24765888,-0.20084912,-0.21923093
2018-09-03,0.14994398,-0.30231744,0.13117003,-0.14886114,0.36906502,0.17625177,-0.18195572,-0.28927797
2018-09-04,0.16807997,-0.30820966,0.12536201,-0.13452376,0.38723332,0.14824802,-0.19322601,-0.28863668
2018-09-05,0.17231533,-0.25415972,0.14851677,-0.12534025,0.37388396,0.24971187,-0.21546435,-0.21722071
2018-09-06,0.19643128,-0.2608089,0.13685805,-0.10011383,0.39709628,0.2114135,-0.22911394,-0.22692145
2018-09-07,0.20616877,-0.23911788,0.14720798,-0.07682806,0.38891047,0.22945143,-0.23333251,-0.23261873
2018-09-10,0.12799712,-0.2405975,0.17338154,-0.16004483,0.32284644,0.30767626,-0.18434554,-0.23109223
2018-09-11,0.1669849,-0.29446623,0.12827963,-0.15131406,0.394086,0.20296714,-0.21201181,-0.22413607
2018-09-12,0.16980496,-0.2647186,0.14254522,-0.13088605,0.3783537,0.23415193,-0.21236569,-0.22300465
2018-09-13,0.12175453,-0.2510391,0.17426494,-0.14794272,0.30812016,0.26424626,-0.16086954,-0.2967216
2018-09-14,0.1408189,-0.24944486,0.16708604,-0.14694141,0.3360923,0.27265692,-0.18791184,-0.24253659
2018-09-17,0.15990677,-0.26015475,0.14971253,-0.13061182,0.36140996,0.23954238,-0.20027599,-0.24570595
2018-09-18,0.19043471,-0.31387803,0.112117805,-0.111362234,0.4100383,0.11564356,-0.20657468,-0.29320008
2018-09-19,0.19760703,-0.33888713,0.08937066,-0.14435971,0.451255,0.114458434,-0.23164025,-0.21906208
2018-09-20,0.18268389,-0.27338544,0.13870788,-0.12079338,0.38941005,0.20776905,-0.2178084,-0.23322035
2018-09-21,0.16473576,-0.33378124,0.11073316,-0.1608364,0.40640303,0.13111933,-0.19767892,-0.2647486
2018-09-25,0.19074833,-0.27555466,0.13229606,-0.10964943,0.39765552,0.191505,-0.22105035,-0.24001984
2018-09-26,0.18002608,-0.31909144,0.10767735,-0.1506021,0.42230755,0.15648605,-0.21938547,-0.22150429
2018-09-27,0.15547422,-0.25127363,0.15501767,-0.13569127,0.355156,0.2645659,-0.20165992,-0.23158322
2018-09-28,0.15774377,-0.2978388,0.13005853,-0.15151305,0.38235292,0.19064158,-0.19701698,-0.25094694
2018-10-08,0.14297685,-0.24210605,0.17123163,-0.14937948,0.33706927,0.2920531,-0.19554427,-0.22286238
2018-10-09,0.1530031,-0.24683753,0.16399592,-0.13682711,0.34791648,0.269078,-0.19963774,-0.23168553
2018-10-10,0.1611322,-0.2809104,0.14493829,-0.14348018,0.37269598,0.21145472,-0.20089555,-0.24498333
2018-10-11,0.12815496,-0.17290577,0.21502885,-0.119844355,0.2745633,0.3851315,-0.17691585,-0.2446274
2018-10-12,0.1640205,-0.34510708,0.11094297,-0.17430042,0.41375637,0.12331809,-0.2011607,-0.25260574
2018-10-15,0.1784532,-0.24305345,0.15679455,-0.11310711,0.37002406,0.25516078,-0.21889281,-0.21732731
2018-10-16,0.13320927,-0.20845512,0.19160742,-0.1424877,0.3089755,0.34820995,-0.19154367,-0.21647523
2018-10-17,0.135438,-0.28720027,0.14296213,-0.14748096,0.3441089,0.19612186,-0.16663778,-0.3087231
2018-10-18,0.16253707,-0.27868164,0.13355699,-0.14555043,0.38415542,0.2224799,-0.20884782,-0.22039269
2018-10-19,0.26120415,-0.390054,0.04142598,-0.09453997,0.5297929,-0.031605482,-0.26352116,-0.25456005
2018-10-22,0.25843856,-0.36960995,0.050371446,-0.11180257,0.53242236,0.032185487,-0.2829905,-0.18038622
2018-10-23,0.12579799,-0.21975806,0.186596,-0.1543622,0.31022036,0.33850175,-0.18622985,-0.21939652
2018-10-24,0.16747832,-0.28040946,0.13619417,-0.15187015,0.38999403,0.23302454,-0.21791768,-0.20373935
2018-10-25,0.18237725,-0.3282988,0.105179705,-0.12321992,0.41100225,0.10089806,-0.19928804,-0.30591333
2018-10-26,0.14220582,-0.23803015,0.17590171,-0.13215102,0.3229536,0.2764815,-0.18231827,-0.26493716
2018-10-29,0.16453964,-0.24955052,0.15100473,-0.13063774,0.366566,0.26492155,-0.212738,-0.21551122
2018-10-30,0.16337568,-0.36904567,0.086479805,-0.19794098,0.44069463,0.11209943,-0.20965359,-0.21875615
2018-10-31,0.2123963,-0.29738644,0.11133131,-0.10318799,0.4351675,0.1432408,-0.239052,-0.225468
2018-11-01,0.18065521,-0.28453404,0.13072914,-0.1425471,0.40544975,0.21248274,-0.22748524,-0.19425242
2018-11-02,0.12246317,-0.31023127,0.13254812,-0.18212287,0.35521406,0.19360393,-0.16667527,-0.28116822
2018-11-05,0.18484592,-0.23145886,0.1607922,-0.07345842,0.3544124,0.22700873,-0.2044414,-0.2864948
2018-11-06,0.14308181,-0.28823882,0.13883987,-0.15097989,0.35821512,0.20518157,-0.17993078,-0.27637404
2018-11-07,0.18503676,-0.27567273,0.13338849,-0.12967178,0.40143383,0.21770403,-0.22871032,-0.20236653
2018-11-08,0.13163072,-0.24637169,0.16580048,-0.16674423,0.33678347,0.30615813,-0.19323292,-0.20881255
2018-11-09,0.1983791,-0.28182638,0.12365005,-0.11048178,0.41245824,0.1849501,-0.23047996,-0.22523268
2018-11-12,0.2307325,-0.38101012,0.054938488,-0.128078,0.5032635,0.023277987,-0.2500271,-0.23570289
2018-11-13,0.23151031,-0.345604,0.0829288,-0.102983184,0.475787,0.048720412,-0.24479076,-0.24858855
2018-11-14,0.16892432,-0.28535244,0.13153282,-0.149207,0.39354482,0.21916686,-0.21661171,-0.20863974
2018-11-15,0.1882424,-0.31513077,0.11217723,-0.12692599,0.4167671,0.13226765,-0.21462503,-0.26045445
2018-11-16,0.15145649,-0.29587114,0.13613069,-0.16641183,0.3779332,0.21077374,-0.19829234,-0.23135062
2018-11-19,0.13303187,-0.28451532,0.14690343,-0.16598056,0.3493517,0.22712876,-0.17764705,-0.2636029
2018-11-20,0.14686012,-0.22865202,0.17335328,-0.13507245,0.33252096,0.30429235,-0.1974397,-0.2267202
2018-11-21,0.16755114,-0.30264956,0.12345008,-0.14830174,0.39630306,0.18108867,-0.20668787,-0.23938315
2018-11-22,0.1530386,-0.26358885,0.15258667,-0.13761227,0.3540068,0.23938383,-0.19278812,-0.25494054
2018-11-23,0.09119919,-0.21384251,0.20172894,-0.17485069,0.26897815,0.36708665,-0.15360713,-0.2548909
2018-11-26,0.16397583,-0.2652325,0.1495907,-0.13368891,0.36850554,0.2333076,-0.20532134,-0.23662458
2018-11-27,0.17284055,-0.27357858,0.13772681,-0.131307,0.3857971,0.21791422,-0.21392506,-0.22625409
2018-11-28,0.18640208,-0.3453589,0.08763873,-0.15813747,0.4457565,0.12028253,-0.22482046,-0.2236651
2018-11-29,0.1438671,-0.23038004,0.17253733,-0.1486706,0.3365125,0.3177722,-0.20239028,-0.20318112
2018-11-30,0.19700629,-0.3034901,0.11258959,-0.106063545,0.41390172,0.13690707,-0.21710804,-0.27600276
2018-12-03,0.18359783,-0.30442336,0.11248792,-0.13774624,0.41776457,0.16909935,-0.22246867,-0.22188996
2018-12-04,0.17895846,-0.28355098,0.12991598,-0.120677136,0.38969442,0.18854855,-0.21008012,-0.25619432
2018-12-05,0.21111593,-0.31869075,0.09372871,-0.12032135,0.45143327,0.13180129,-0.2428894,-0.21642484
2018-12-06,0.15575403,-0.22047381,0.1740962,-0.116212025,0.33163327,0.30064297,-0.19953164,-0.24156974
2018-12-07,0.14651805,-0.27519587,0.14691573,-0.15639512,0.36063737,0.23928529,-0.19353536,-0.23741873
2018-12-10,0.17699763,-0.27220488,0.13805577,-0.12280499,0.38363147,0.21228333,-0.21268561,-0.23978151
2018-12-11,0.17871699,-0.27957815,0.13372973,-0.12660512,0.39188474,0.20280796,-0.2158618,-0.23450513
2018-12-12,0.1519463,-0.27329582,0.14833713,-0.14486642,0.3598693,0.22835454,-0.19300655,-0.2513221
2018-12-13,0.17697331,-0.31589752,0.10337559,-0.15369926,0.4237179,0.16912502,-0.22173491,-0.21248001
2018-12-14,0.1356984,-0.23005205,0.17988151,-0.15192391,0.32407922,0.31835175,-0.1925646,-0.21897836
2018-12-17,0.14890473,-0.28140467,0.1388641,-0.16095902,0.37079364,0.23638761,-0.19842905,-0.22615807
2018-12-18,0.18560264,-0.26492566,0.14334852,-0.10150871,0.3793895,0.20019135,-0.21159104,-0.2654393
2018-12-19,0.13682866,-0.24168228,0.17023125,-0.15532133,0.33331084,0.30107984,-0.1925363,-0.2204578
2018-12-20,0.1884019,-0.2949986,0.11876286,-0.118462615,0.40736043,0.1652502,-0.21743736,-0.25019255
2018-12-21,0.15970586,-0.25857687,0.15008342,-0.13526525,0.36260787,0.25154012,-0.20397004,-0.232538
2018-12-24,0.20041576,-0.2973707,0.11234272,-0.11402194,0.42478707,0.1595439,-0.23153564,-0.23021816
2018-12-25,0.117569044,-0.29585326,0.1487762,-0.16821265,0.32987025,0.19919562,-0.15218177,-0.31698713
2018-12-26,0.16892746,-0.27084923,0.14211825,-0.13124208,0.37605828,0.22418042,-0.2079384,-0.23871924
2018-12-27,0.12075259,-0.22925943,0.18114635,-0.16232134,0.3110044,0.32936853,-0.18085045,-0.22658513
2018-12-28,0.16427577,-0.2849143,0.13300723,-0.14226283,0.38385588,0.20688874,-0.20509648,-0.23751871
2019-01-02,0.12631619,-0.24759811,0.1687029,-0.1586004,0.32308722,0.29089305,-0.17862114,-0.24774356
2019-01-03,0.17391935,-0.25005943,0.15322298,-0.117391184,0.36871395,0.24539462,-0.21330628,-0.22954427
2019-01-04,0.23155317,-0.37611526,0.05761277,-0.1344486,0.5061577,0.04200613,-0.25821587,-0.20990722
2019-01-07,0.20039222,-0.32091844,0.0969455,-0.12708193,0.44087073,0.12999895,-0.23166648,-0.22942223
2019-01-08,0.17521071,-0.28492668,0.13339815,-0.13083147,0.3890546,0.19586611,-0.21095237,-0.2433203
2019-01-09,0.20513749,-0.28382957,0.11704827,-0.114275865,0.42804846,0.18780673,-0.24316305,-0.19520833
2019-01-10,0.17930214,-0.28952137,0.126914,-0.13907641,0.403183,0.19885612,-0.22125265,-0.21432067
2019-01-11,0.16697282,-0.28493613,0.13841006,-0.13673902,0.37950057,0.19931239,-0.20296508,-0.25193503
2019-01-14,0.14000052,-0.24983637,0.16479734,-0.14854035,0.3374607,0.27633443,-0.18897644,-0.23990034
2019-01-15,0.18194751,-0.32990223,0.10078675,-0.14549068,0.42579913,0.12977883,-0.2152107,-0.24693467
2019-01-16,0.17910963,-0.27855992,0.13552895,-0.12194744,0.38770095,0.19811736,-0.2124793,-0.24754526
2019-01-17,0.1511524,-0.2680509,0.15003666,-0.15356351,0.3627102,0.25068948,-0.20071813,-0.2230043
2019-01-18,0.1754989,-0.30679148,0.12288002,-0.1349616,0.3979504,0.1562349,-0.20502725,-0.2644474
2019-01-21,0.18849246,-0.28366965,0.123256944,-0.12384257,0.40781614,0.1982386,-0.22696689,-0.2186421
2019-01-22,0.13856867,-0.2380635,0.17085266,-0.14521205,0.32990634,0.2958718,-0.18982893,-0.23608886
2019-01-23,0.16888666,-0.2805541,0.13754612,-0.13272546,0.38022646,0.20426941,-0.20520225,-0.24884377
2019-01-24,0.19843557,-0.32434762,0.094651096,-0.13716215,0.44412667,0.13925059,-0.23466372,-0.2155741
2019-01-25,0.1832777,-0.29527673,0.12284676,-0.1336491,0.40785742,0.18003803,-0.22051406,-0.22587855
2019-01-28,0.164817,-0.24463095,0.15630293,-0.12524988,0.3604682,0.26603204,-0.20995575,-0.22384124
2019-01-29,0.117725,-0.28189552,0.15934068,-0.18335125,0.33078718,0.24864668,-0.16759089,-0.26458284
2019-01-30,0.2022469,-0.27632797,0.12616587,-0.107558265,0.41448215,0.19248913,-0.23614481,-0.2154486
2019-01-31,0.17620367,-0.26205552,0.13971543,-0.12729713,0.38530427,0.24168645,-0.22087681,-0.21140082
2019-02-01,0.23034596,-0.35958862,0.067951106,-0.1108942,0.4852471,0.040713556,-0.24507624,-0.25006077
2019-02-11,0.24545291,-0.3593642,0.061203443,-0.104291074,0.504599,0.039469298,-0.26251033,-0.22417228
2019-02-12,0.20742439,-0.29982996,0.10912924,-0.113382176,0.43367764,0.1582994,-0.23920861,-0.22042997
2019-02-13,0.20979297,-0.327294,0.09413817,-0.11753789,0.44848207,0.10564871,-0.23407131,-0.2409649
2019-02-14,0.16930899,-0.2955029,0.12763673,-0.13620803,0.38920912,0.17834629,-0.20274791,-0.25742048
2019-02-15,0.18839023,-0.2900448,0.12446741,-0.12901154,0.40935642,0.18883862,-0.22612318,-0.2192507
2019-02-18,0.23225355,-0.36280084,0.06448466,-0.11389892,0.4916844,0.040864095,-0.24924096,-0.24127345
2019-02-19,0.15532902,-0.2377002,0.16135442,-0.12435777,0.34299028,0.2810124,-0.19896582,-0.2464843
2019-02-20,0.15553385,-0.2695291,0.14780763,-0.12831908,0.3547324,0.21657133,-0.18762818,-0.28215507
2019-02-21,0.222047,-0.32593215,0.09215351,-0.14129989,0.47919914,0.14383473,-0.26862577,-0.14167316
2019-02-22,0.21079135,-0.37873048,0.06925864,-0.13295625,0.47161028,0.023779888,-0.22420889,-0.2782553
2019-02-25,0.21118933,-0.37793726,0.059715815,-0.13984942,0.4851964,0.038382657,-0.23574004,-0.2465268
2019-02-26,0.16870801,-0.32018468,0.11898855,-0.15817952,0.40614942,0.15093632,-0.20596308,-0.2378091
2019-02-27,0.17368703,-0.2437512,0.15176716,-0.13675886,0.3794407,0.28972074,-0.23124227,-0.17039223
2019-02-28,0.21065047,-0.27470678,0.1265589,-0.09335492,0.41756895,0.1782348,-0.23821795,-0.22662695
2019-03-01,0.14396906,-0.2862391,0.13426995,-0.15339962,0.36337665,0.21756281,-0.1858221,-0.26307574
2019-03-04,0.23550436,-0.330596,0.08125954,-0.12701955,0.49368566,0.12185493,-0.27601472,-0.14890687
2019-03-05,0.23801214,-0.3373872,0.07856607,-0.084279396,0.47349218,0.055895403,-0.24605376,-0.26668444
2019-03-06,0.12844697,-0.29836935,0.14119005,-0.1859516,0.35946822,0.22484286,-0.18110138,-0.24340524
2019-03-07,0.14999597,-0.2870581,0.14623696,-0.13685568,0.35340655,0.18560936,-0.17729208,-0.30346173
2019-03-08,0.2884358,-0.29919064,0.079979144,-0.04343325,0.5136928,0.09870394,-0.3041945,-0.1713211
2019-03-11,0.20509261,-0.3688408,0.07272982,-0.14961827,0.47196126,0.06966065,-0.23480725,-0.23634164
2019-03-12,0.18996316,-0.29913914,0.11499523,-0.14647543,0.42988694,0.19569643,-0.24047714,-0.17420292
2019-03-13,0.086371124,-0.19285712,0.21221313,-0.1835424,0.25794572,0.41755778,-0.15607572,-0.22143985
2019-03-14,0.14046824,-0.21188518,0.19669586,-0.12834617,0.3049681,0.32424325,-0.18640506,-0.24895795
2019-03-15,0.17620838,-0.25309452,0.14149317,-0.11967586,0.3796212,0.25418943,-0.22064099,-0.2172326
2019-03-18,0.17663643,-0.33186927,0.09449864,-0.14227417,0.4221882,0.12263222,-0.20733643,-0.26643986
2019-03-19,0.1744972,-0.26850885,0.13578692,-0.12436142,0.38678196,0.22069767,-0.21520537,-0.22509204
2019-03-20,0.11990096,-0.2331083,0.17787626,-0.14315645,0.30029634,0.30166537,-0.16454667,-0.28510913
2019-03-21,0.19796383,-0.32195628,0.10456776,-0.12508836,0.43298802,0.11792797,-0.22440678,-0.24475034
2019-03-22,0.10218294,-0.28634006,0.1604729,-0.19077405,0.31773803,0.24114673,-0.15057918,-0.28509396
2019-03-25,0.20794398,-0.28046846,0.12195071,-0.10360594,0.42245644,0.18015993,-0.23974007,-0.2144712
2019-03-26,0.12963554,-0.20504445,0.19020757,-0.14395042,0.3063218,0.3575896,-0.1898281,-0.2153552
2019-03-27,0.15471137,-0.2836304,0.13656715,-0.1516658,0.3731557,0.22308335,-0.19928828,-0.24149655
2019-03-28,0.21547517,-0.2723925,0.12059661,-0.089947015,0.42466056,0.18141364,-0.24427983,-0.21575506
2019-03-29,0.22771555,-0.39155668,0.045127347,-0.13535257,0.50977427,0.011768321,-0.24852017,-0.23576958
2019-04-01,0.2792077,-0.34566927,0.06295704,-0.070913225,0.52601904,0.038613096,-0.29071993,-0.20343027
2019-04-02,0.15493762,-0.2774592,0.1426717,-0.15612432,0.37362653,0.2373862,-0.20474473,-0.21988754
2019-04-03,0.19076973,-0.3030065,0.11735671,-0.11792289,0.4120057,0.14719139,-0.21736011,-0.25880587
2019-04-04,0.15330364,-0.27512574,0.14445111,-0.14361456,0.36421776,0.22290413,-0.19427481,-0.2514813
2019-04-08,0.09800671,-0.19799969,0.20723683,-0.14913155,0.25817573,0.3717584,-0.14434803,-0.28385133
2019-04-09,0.18514271,-0.28585377,0.12590802,-0.13101898,0.40585008,0.20212182,-0.22620842,-0.21515201
2019-04-10,0.15006974,-0.28923333,0.13160548,-0.15704285,0.37399924,0.21777387,-0.19535694,-0.24268495
2019-04-11,0.1096331,-0.24491857,0.17857441,-0.16607307,0.30032128,0.2971189,-0.16022867,-0.2713694
2019-04-12,0.18387374,-0.27764824,0.1319974,-0.11881298,0.39472884,0.19912773,-0.21814775,-0.23719852
2019-04-15,0.1376802,-0.21628703,0.18453014,-0.14232633,0.31760627,0.33504972,-0.19400185,-0.21663226
2019-04-16,0.15479693,-0.36948806,0.09023061,-0.17942648,0.41872624,0.08078324,-0.18556023,-0.2884598
2019-04-17,0.20273963,-0.31755215,0.10722046,-0.1264735,0.4363017,0.13379095,-0.23274502,-0.22855894
2019-04-18,0.1704325,-0.2723881,0.13848406,-0.1302418,0.38090348,0.21879406,-0.20978817,-0.23463775
2019-04-19,0.16135912,-0.29489756,0.13524005,-0.14758773,0.3804921,0.19163293,-0.19904837,-0.25354883
2019-04-22,0.15222122,-0.24352053,0.16113788,-0.13383497,0.34582686,0.2757758,-0.19800213,-0.23473795
2019-04-23,0.16366626,-0.28155476,0.14466515,-0.14142883,0.3747977,0.20551933,-0.20148301,-0.24353729
2019-04-24,0.16904524,-0.31950057,0.117067836,-0.14549403,0.40144104,0.14001332,-0.19905722,-0.2661896
2019-04-25,0.17725745,-0.24124393,0.15548027,-0.1263824,0.37659237,0.27699205,-0.22816455,-0.18387958
2019-04-26,0.17569038,-0.2926101,0.13118899,-0.14036468,0.3967117,0.19062907,-0.21413684,-0.2282442
2019-04-29,0.10660954,-0.26411027,0.17333269,-0.19972898,0.31867778,0.30060154,-0.17106,-0.22194876
2019-04-30,0.1982882,-0.27732307,0.12758252,-0.11361702,0.4113283,0.199443,-0.23440108,-0.21289553
2019-05-06,0.096059665,-0.16338515,0.22812656,-0.14819717,0.23862433,0.43087497,-0.14273849,-0.25594237
2019-05-07,0.17526811,-0.2420312,0.15159526,-0.10870207,0.36692303,0.25645345,-0.21477184,-0.23353712
2019-05-08,0.23294693,-0.29815763,0.09538006,-0.102252945,0.4678631,0.15736865,-0.2690073,-0.17098849
2019-05-09,0.18951698,-0.2788927,0.13529378,-0.119976014,0.40045208,0.19431883,-0.2235317,-0.22463168
2019-05-10,0.22173223,-0.31789798,0.10667766,-0.075321406,0.43032917,0.0668496,-0.21947089,-0.3155918
2019-05-13,0.16689277,-0.25255933,0.15388438,-0.1275046,0.36433235,0.2548979,-0.2098994,-0.22686927
2019-05-14,0.19739665,-0.27437246,0.13213643,-0.10810891,0.40658656,0.19056313,-0.22950673,-0.22388177
2019-05-15,0.17636108,-0.3261575,0.1087235,-0.14252093,0.41196328,0.12747091,-0.20462069,-0.26754192
2019-05-16,0.16202429,-0.29697454,0.12936223,-0.1488782,0.38688836,0.18869014,-0.20134518,-0.2452762
2019-05-17,0.12805896,-0.18521564,0.20633182,-0.1340674,0.2880575,0.38126794,-0.18584096,-0.22056024
2019-05-20,0.13635969,-0.2770579,0.14264283,-0.17007212,0.35793176,0.25607386,-0.19128639,-0.22879125
2019-05-21,0.21651104,-0.32064074,0.090533935,-0.12204648,0.46021572,0.13444133,-0.25046316,-0.2021793
2019-05-22,0.17416063,-0.25444883,0.14928877,-0.11863637,0.37262857,0.24054646,-0.21386737,-0.2309501
2019-05-23,0.13305372,-0.23618132,0.16753727,-0.15623409,0.33182365,0.31520134,-0.1928643,-0.21340956
2019-05-24,0.17099896,-0.2556748,0.14911497,-0.12268441,0.36909026,0.2456938,-0.21068299,-0.23445304
2019-05-27,0.20737518,-0.3723457,0.07832926,-0.13500692,0.46503082,0.030566595,-0.22249064,-0.2732374
2019-05-28,0.17892817,-0.27693504,0.1341998,-0.13442819,0.39542294,0.21936414,-0.22218415,-0.20876521
2019-05-29,0.18622974,-0.29372656,0.12371846,-0.12826851,0.4076226,0.17787176,-0.2209413,-0.23115773
2019-05-30,0.1297918,-0.26644674,0.1557141,-0.15967607,0.33632198,0.25704667,-0.1774,-0.26190528
2019-05-31,0.182013,-0.27232102,0.13651675,-0.12058377,0.39146402,0.20922253,-0.21916467,-0.22870512
2019-06-03,0.14025591,-0.25421208,0.16808677,-0.14714426,0.33336586,0.26369065,-0.18431744,-0.25577894
2019-06-04,0.16049837,-0.26037487,0.15464908,-0.13549608,0.3611133,0.24377272,-0.20291564,-0.23579414
2019-06-05,0.12587583,-0.2737738,0.15739602,-0.17739229,0.34086737,0.2597504,-0.17985436,-0.23808686
2019-06-06,0.12020987,-0.2291295,0.18327203,-0.15930052,0.30825105,0.32417485,-0.17835048,-0.23513137
2019-06-10,0.18623447,-0.3105191,0.10852108,-0.1440806,0.42591086,0.16943367,-0.22784036,-0.20919238
2019-06-11,0.24513507,-0.39059663,0.03974329,-0.11918286,0.5251051,-0.0013432112,-0.26187804,-0.22895662
2019-06-12,0.14981471,-0.25979865,0.15496206,-0.14121063,0.35083446,0.25063646,-0.19316685,-0.24758147
2019-06-13,0.17120764,-0.30780765,0.12095245,-0.14613411,0.40055534,0.16894853,-0.20795557,-0.24667169
2019-06-14,0.16188373,-0.24498291,0.15781513,-0.13463172,0.3603541,0.27703854,-0.21139348,-0.21024194
2019-06-17,0.16720617,-0.25962102,0.15310708,-0.12469109,0.3638888,0.23401733,-0.20403123,-0.24557568
2019-06-18,0.17761591,-0.29935232,0.116576575,-0.13971874,0.4075999,0.18380043,-0.21726859,-0.22760801
2019-06-19,0.12088288,-0.24723642,0.17216522,-0.17272034,0.3232044,0.30631933,-0.1814608,-0.2246703
2019-06-20,0.20712897,-0.3383944,0.08220338,-0.13933274,0.46553025,0.11568394,-0.24446753,-0.20319414
2019-06-21,0.11108867,-0.25251055,0.16819522,-0.17709017,0.3163931,0.30116215,-0.17069083,-0.24347757
2019-06-24,0.14778262,-0.26343375,0.1513707,-0.14679633,0.35362598,0.2523958,-0.19356328,-0.24117453
2019-06-25,0.11532731,-0.24888095,0.17816454,-0.15723482,0.30437064,0.2761856,-0.16004005,-0.28474405
2019-06-26,0.21064225,-0.29927278,0.110149525,-0.10618663,0.4338309,0.14721757,-0.23818392,-0.22973798
2019-06-27,0.21460947,-0.30119348,0.11243079,-0.10490351,0.4359216,0.14156702,-0.24013367,-0.22820269
2019-06-28,0.12340274,-0.2587644,0.16418508,-0.15932085,0.32386404,0.26655683,-0.17056865,-0.26816276
2019-07-01,0.2005449,-0.32046318,0.0965024,-0.12613995,0.44066858,0.13152406,-0.23162347,-0.22943212
2019-07-02,0.18836547,-0.27963084,0.12877211,-0.115848824,0.3998298,0.19336276,-0.2218073,-0.23772515
2019-07-03,0.13508503,-0.25306952,0.16319305,-0.16025966,0.33866584,0.28527313,-0.19001758,-0.22726144
2019-07-04,0.14754474,-0.25501546,0.15788287,-0.14272366,0.3481802,0.260286,-0.1933856,-0.24023865
2019-07-05,0.18923126,-0.30691874,0.114288725,-0.12463775,0.4148072,0.14844228,-0.21763384,-0.2507892
2019-07-08,0.084359534,-0.23406366,0.19811487,-0.18550144,0.26907507,0.33388168,-0.14346108,-0.2767825
2019-07-09,0.1806187,-0.29374975,0.12536052,-0.12291759,0.3962576,0.16896409,-0.20948502,-0.26121852
2019-07-10,0.15872896,-0.26634902,0.14703742,-0.14474335,0.3686162,0.24713847,-0.20586094,-0.22165535
2019-07-11,0.1773327,-0.2582781,0.14500466,-0.11849097,0.37794372,0.23602158,-0.21659526,-0.229008
2019-07-12,0.18188217,-0.2897067,0.12724662,-0.12812395,0.3998528,0.18485928,-0.2167297,-0.23753668
2019-07-15,0.20367593,-0.35790122,0.068215765,-0.15521698,0.4791938,0.09744737,-0.24482265,-0.19374862
2019-07-16,0.17259799,-0.27839053,0.13655534,-0.12839124,0.382579,0.20632209,-0.2083686,-0.24634092
2019-07-17,0.19790432,-0.29505903,0.11704665,-0.12518945,0.42465726,0.17669405,-0.23542732,-0.20729879
2019-07-18,0.14520642,-0.26645508,0.15095764,-0.149941,0.3530538,0.24756615,-0.1909188,-0.24342354
2019-07-19,0.21018693,-0.2814546,0.1202851,-0.09715591,0.42185265,0.17252517,-0.23803157,-0.22779925
2019-07-22,0.11245608,-0.26398942,0.16232693,-0.18488795,0.3263944,0.28549698,-0.17265084,-0.2347631
2019-07-23,0.19678727,-0.30205226,0.11545893,-0.11422155,0.41715077,0.14742291,-0.22233647,-0.25220594
2019-07-24,0.21056816,-0.29252356,0.11215871,-0.10921799,0.43387827,0.16743024,-0.24314234,-0.20997325
2019-07-25,0.19093734,-0.30011162,0.11472627,-0.12889443,0.4189699,0.17139553,-0.22702569,-0.22448312
2019-07-26,0.16260819,-0.28514946,0.13747498,-0.13833725,0.37591588,0.19915769,-0.19851199,-0.25687215
2019-07-29,0.16331054,-0.2900779,0.13294739,-0.1437766,0.38200042,0.19958499,-0.202272,-0.24807481
2019-07-30,0.21734437,-0.28959554,0.10958909,-0.09875327,0.4391873,0.16070601,-0.24741775,-0.21157572
2019-07-31,0.16540888,-0.28667295,0.13485405,-0.1430912,0.38339022,0.20403187,-0.20532662,-0.23917092
2019-08-01,0.18945324,-0.28564137,0.12668842,-0.11717113,0.40367198,0.18220088,-0.22155371,-0.23937352
2019-08-02,0.1861468,-0.292275,0.12247979,-0.11709237,0.40150675,0.1683966,-0.21440443,-0.25752547
2019-08-05,0.17824276,-0.24467431,0.14920148,-0.115309864,0.37596586,0.25837007,-0.22171465,-0.21034886
2019-08-06,0.15428871,-0.31521142,0.13017362,-0.16755697,0.38639677,0.17020783,-0.19421867,-0.24872674
2019-08-07,0.15021892,-0.26850745,0.15233791,-0.14944668,0.35806322,0.24157767,-0.19535059,-0.23835649
2019-08-08,0.19613563,-0.30260247,0.11585318,-0.12086671,0.42010286,0.15456198,-0.22606257,-0.23762412
2019-08-09,0.15243407,-0.23344333,0.1713939,-0.12777084,0.3369911,0.284711,-0.19705018,-0.23838924
2019-08-12,0.1741429,-0.3034498,0.118884005,-0.12845767,0.3960414,0.15645818,-0.20219237,-0.27497712
2019-08-13,0.15833625,-0.26790637,0.1495277,-0.13597392,0.36227584,0.22921404,-0.19765624,-0.250526
2019-08-14,0.16721475,-0.27009463,0.14304566,-0.13645181,0.37695292,0.230169,-0.20986724,-0.22687148
2019-08-15,0.21159214,-0.3375631,0.08492457,-0.112194106,0.45243567,0.08172904,-0.22914335,-0.2641069
2019-08-16,0.20392098,-0.31569266,0.10229205,-0.13061085,0.4442044,0.14306867,-0.23966661,-0.20459566
2019-08-19,0.19579732,-0.35974407,0.07968698,-0.15444645,0.46020854,0.08719833,-0.2288984,-0.2301345
2019-08-20,0.15700424,-0.25799832,0.15522018,-0.14032923,0.35877994,0.25555536,-0.20291704,-0.2294607
2019-08-21,0.17077291,-0.27752554,0.13877904,-0.13591819,0.38364676,0.21593498,-0.21131974,-0.23037134
2019-08-22,0.15499417,-0.27278063,0.14352876,-0.13552843,0.36196688,0.21958295,-0.19220611,-0.26288238
2019-08-23,0.16903365,-0.28850856,0.12979871,-0.13865079,0.3875481,0.19989325,-0.20748526,-0.24338116
2019-08-26,0.17333345,-0.27813452,0.13582602,-0.136212,0.38863885,0.2175389,-0.2156789,-0.22252865
2019-08-27,0.23006499,-0.30506605,0.093901,-0.09749165,0.46244055,0.13657364,-0.258434,-0.20368972
2019-08-28,0.15280056,-0.29371735,0.13639104,-0.15561812,0.37388527,0.20114632,-0.19344816,-0.25102192
2019-08-29,0.15820226,-0.28172386,0.13587978,-0.15335545,0.37994862,0.22842985,-0.20592606,-0.22085093
2019-08-30,0.16338858,-0.23784336,0.16346374,-0.1302531,0.35697493,0.28472707,-0.2135177,-0.2066899
2019-09-02,0.22547528,-0.3542098,0.07270747,-0.1200658,0.48234287,0.060685314,-0.24734288,-0.23014967
2019-09-03,0.16761778,-0.2873571,0.13388532,-0.13939728,0.38390952,0.20058273,-0.20605502,-0.24567132
2019-09-04,0.17335391,-0.27945834,0.13679808,-0.12382437,0.38161823,0.19590254,-0.20588893,-0.25707176
2019-09-05,0.21095505,-0.29745656,0.11064608,-0.114930905,0.43956497,0.16127272,-0.24540657,-0.2009108
2019-09-06,0.14792496,-0.2569334,0.15622157,-0.14267504,0.34880823,0.25958377,-0.19367152,-0.24390207
2019-09-09,0.1703653,-0.33886415,0.100887604,-0.1580032,0.4198603,0.12041576,-0.20429921,-0.25592828
2019-09-10,0.15292212,-0.28173286,0.14386299,-0.14786866,0.36574125,0.2135463,-0.19288465,-0.25290057
2019-09-11,0.13417365,-0.24800955,0.16817507,-0.15618676,0.33235586,0.28829405,-0.18742955,-0.2352672
2019-09-12,0.14390466,-0.29108363,0.13945386,-0.16186498,0.36496684,0.21292338,-0.18756077,-0.25335744
2019-09-16,0.16876441,-0.28472477,0.13239115,-0.14338134,0.3905983,0.20956689,-0.2122783,-0.222043
2019-09-17,0.12187709,-0.22917727,0.18232998,-0.15504098,0.3071144,0.3215004,-0.17696023,-0.24498416
2019-09-18,0.15655637,-0.2840134,0.13929015,-0.14771372,0.37206152,0.21281779,-0.19705138,-0.24721874
2019-09-19,0.17581877,-0.31021586,0.11301569,-0.13856371,0.40706295,0.15872043,-0.20939595,-0.25314987
2019-09-20,0.17217457,-0.27134538,0.14171377,-0.12796983,0.37993786,0.2161275,-0.2101723,-0.23633982
2019-09-23,0.11708671,-0.25661755,0.16602057,-0.16842522,0.3197888,0.2825237,-0.16995633,-0.25711405
2019-09-24,0.18883917,-0.3130247,0.107708625,-0.14370309,0.4289421,0.16396894,-0.22973043,-0.20863989
2019-09-25,0.15711302,-0.2783271,0.14175743,-0.1493311,0.37220502,0.22824636,-0.20167527,-0.2331961
2019-09-26,0.10150283,-0.20641696,0.20871639,-0.1593368,0.267261,0.36167654,-0.15832028,-0.26148036
2019-09-27,0.21465692,-0.31444424,0.09678965,-0.11146647,0.4492871,0.12790142,-0.24233639,-0.22398038
2019-09-30,0.14397693,-0.2795273,0.14717522,-0.16308543,0.3612991,0.23622909,-0.1919716,-0.23348503
2019-10-08,0.16784048,-0.2540021,0.15015122,-0.1321958,0.37127343,0.25896594,-0.2152417,-0.21206121
2019-10-09,0.1688829,-0.29692444,0.12876227,-0.13384116,0.38653722,0.17140259,-0.19950923,-0.26863575
2019-10-10,0.21474358,-0.33288926,0.08829806,-0.11323813,0.45617166,0.09067549,-0.23617667,-0.2453116
2019-10-11,0.1546215,-0.30183125,0.13035178,-0.1612016,0.38290918,0.19303009,-0.19726321,-0.24368574
2019-10-14,0.18713649,-0.27171534,0.13301322,-0.1143889,0.3958611,0.20552601,-0.22228584,-0.2300855
2019-10-15,0.14011948,-0.26867425,0.15360472,-0.15700254,0.3489573,0.25022265,-0.18764019,-0.2454827
2019-10-16,0.16761705,-0.270988,0.13971183,-0.13594867,0.37903288,0.23047663,-0.21053952,-0.22714092
2019-10-17,0.17592156,-0.27813718,0.1360274,-0.13083048,0.38818455,0.21087764,-0.21449715,-0.23135088
2019-10-18,0.17593992,-0.24420199,0.15047199,-0.11355239,0.37102523,0.25718716,-0.21744409,-0.22208197
2019-10-21,0.14714494,-0.26568553,0.15157092,-0.15080477,0.3549805,0.25307664,-0.195115,-0.23724659
2019-10-22,0.18476635,-0.29340386,0.124251015,-0.11820319,0.39988658,0.16491887,-0.21245357,-0.2605431
2019-10-23,0.14857674,-0.25835007,0.15615383,-0.14836848,0.35347334,0.26139358,-0.19763267,-0.22911619
2019-10-24,0.16436444,-0.28089803,0.13640305,-0.1311428,0.37462646,0.20044717,-0.19851929,-0.26275298
2019-10-25,0.17637558,-0.32340077,0.10818338,-0.14684933,0.41423604,0.14230514,-0.20948008,-0.25245085
2019-10-28,0.1721626,-0.3049253,0.11887763,-0.14544703,0.4026252,0.17693473,-0.2109451,-0.23871686
2019-10-29,0.15625525,-0.26385018,0.14989662,-0.1418855,0.362917,0.24534182,-0.20126513,-0.23105545
2019-10-30,0.15697865,-0.2774642,0.13978648,-0.14337993,0.37170765,0.22035506,-0.19904158,-0.24307953
2019-10-31,0.16347092,-0.25626868,0.1521981,-0.1322927,0.36400607,0.25249153,-0.2071901,-0.22999056
2019-11-01,0.1774891,-0.31431356,0.112999775,-0.1466944,0.4138284,0.15880254,-0.21498728,-0.23385055
2019-11-04,0.19934617,-0.29730862,0.11391168,-0.11960185,0.42433348,0.16702434,-0.23286262,-0.2219335
2019-11-05,0.17466515,-0.30761468,0.118052475,-0.14765567,0.4078481,0.17284852,-0.21437803,-0.23010005
2019-11-06,0.15988421,-0.25534073,0.15284574,-0.13601513,0.36197862,0.25675154,-0.20565751,-0.22591297
2019-11-07,0.20994651,-0.29098177,0.1110094,-0.1007697,0.43011206,0.15770541,-0.23764467,-0.2274942
2019-11-08,0.17336813,-0.27490228,0.13893744,-0.13754457,0.38778427,0.22446418,-0.21747035,-0.21579169
2019-11-11,0.13581112,-0.24134971,0.16908109,-0.15043424,0.3306659,0.29419243,-0.18835562,-0.23263134
2019-11-12,0.15128052,-0.28036886,0.14765897,-0.14615664,0.36064276,0.21193692,-0.18889245,-0.26201665
2019-11-13,0.17340551,-0.29769474,0.12284758,-0.14266415,0.4003067,0.18811207,-0.21350628,-0.23201866
2019-11-14,0.1773242,-0.3051215,0.121251605,-0.13890445,0.40343034,0.16602783,-0.21134612,-0.24668656
2019-11-15,0.15609366,-0.28076133,0.13648576,-0.15523192,0.3775027,0.23321773,-0.20478344,-0.21981187
2019-11-18,0.1670526,-0.29766566,0.1279665,-0.14889473,0.3925715,0.19204518,-0.20795763,-0.23452954
2019-11-19,0.24029043,-0.3332832,0.075727396,-0.09536016,0.48550344,0.07824162,-0.26015928,-0.22078453
2019-11-20,0.18290953,-0.25750986,0.14379194,-0.11462447,0.38453373,0.23186322,-0.22181985,-0.22105129
2019-11-21,0.17610838,-0.2678063,0.13687536,-0.12419237,0.38579834,0.2232552,-0.21602827,-0.22560675
2019-11-22,0.16277638,-0.17961273,0.20279619,-0.08458833,0.30738667,0.3351576,-0.20149267,-0.24745278
2019-11-25,0.1251049,-0.25601947,0.16230023,-0.16112286,0.32861012,0.27519074,-0.17612922,-0.25151572
2019-11-26,0.16894546,-0.29867834,0.12827212,-0.1404028,0.3894811,0.17877798,-0.20336664,-0.25708997
2019-11-27,0.17845504,-0.2982921,0.11767822,-0.14711642,0.41326705,0.19447556,-0.22418964,-0.20385428
2019-11-28,0.18567163,-0.27282274,0.13438943,-0.119562015,0.3956149,0.21008445,-0.22287765,-0.22506832
2019-11-29,0.14677264,-0.26250106,0.1537939,-0.13831423,0.3460067,0.24164939,-0.18607587,-0.26674828
2019-12-02,0.18219174,-0.27161586,0.13386256,-0.12133972,0.39316747,0.21405111,-0.22095507,-0.22504254
2019-12-03,0.15252835,-0.30193174,0.13173512,-0.1534107,0.37583467,0.18079282,-0.18902054,-0.26838565
2019-12-04,0.18266363,-0.27585155,0.13349053,-0.11701326,0.39229205,0.19729456,-0.21624616,-0.24075215
2019-12-05,0.21982053,-0.32346335,0.09358341,-0.1045676,0.45413557,0.09915333,-0.24001053,-0.24233802
2019-12-06,0.17499763,-0.3018862,0.123281814,-0.13790946,0.40003458,0.16964255,-0.2095348,-0.24746852
2019-12-09,0.14080322,-0.26668292,0.15228248,-0.15355803,0.34910548,0.25067118,-0.18762597,-0.24686138
2019-12-10,0.17636079,-0.30810553,0.11794803,-0.13825357,0.40566286,0.15723608,-0.2097657,-0.24935181
2019-12-11,0.14427102,-0.26742005,0.15448225,-0.14972882,0.34996495,0.24181806,-0.18806544,-0.25088274
2019-12-12,0.19216132,-0.2909786,0.11977913,-0.124935575,0.41487136,0.18420857,-0.22909775,-0.21810149
2019-12-13,0.19077857,-0.3049597,0.11223448,-0.121986374,0.4172074,0.15053882,-0.21997029,-0.24780183
2019-12-16,0.17392336,-0.32243937,0.11071669,-0.14876588,0.4125527,0.1422648,-0.20801619,-0.24991785
2019-12-17,0.19698,-0.31634843,0.107207246,-0.12861839,0.43122023,0.13633004,-0.22780076,-0.23255129
2019-12-18,0.16133222,-0.27116573,0.14546862,-0.14063753,0.37157524,0.22903882,-0.20425045,-0.23214458
2019-12-19,0.15441276,-0.28329253,0.14094111,-0.1443188,0.36647007,0.20917596,-0.19204181,-0.26142263
2019-12-20,0.15007529,-0.26674652,0.15053248,-0.15011044,0.35787487,0.2514517,-0.19715637,-0.23533808
2019-12-23,0.15109399,-0.24463984,0.16408145,-0.1390009,0.34646875,0.27603793,-0.19948456,-0.22689025
2019-12-24,0.19000666,-0.3205132,0.10549983,-0.12967715,0.42406663,0.12871805,-0.2177217,-0.25463498
2019-12-25,0.19113228,-0.2967988,0.11696396,-0.12937458,0.4189224,0.17794375,-0.22923738,-0.21503069
2019-12-26,0.17486471,-0.2762392,0.13739797,-0.122489855,0.38250718,0.20268185,-0.20859447,-0.25113603
2019-12-27,0.16644067,-0.24260242,0.15722129,-0.13015305,0.3633153,0.2788713,-0.21611431,-0.20790517
2019-12-30,0.19089016,-0.33893865,0.09209076,-0.14941275,0.4437014,0.12100313,-0.22677073,-0.22656725
2019-12-31,0.19217218,-0.28167772,0.12925327,-0.1094929,0.4005942,0.17977832,-0.22029597,-0.24894471
2020-01-02,0.20463356,-0.31381512,0.09730939,-0.12126434,0.44323036,0.13884145,-0.23701149,-0.2198578
2020-01-03,0.16698816,-0.2741096,0.14085475,-0.12458935,0.3714788,0.20528662,-0.1990566,-0.26376995
2020-01-06,0.24598035,-0.3156291,0.08683742,-0.09593794,0.48653686,0.11628318,-0.2749712,-0.1802045
2020-01-07,0.19825605,-0.3190732,0.10301181,-0.12523781,0.43344846,0.12878205,-0.2266103,-0.24114908
2020-01-08,0.17307907,-0.2552278,0.14729407,-0.12610896,0.37452656,0.25411716,-0.21726203,-0.21884654
2020-01-09,0.20561787,-0.30708325,0.11051563,-0.1109446,0.43017244,0.13495804,-0.23062265,-0.24357946
2020-01-10,0.13237314,-0.2687836,0.15393054,-0.15829779,0.33964252,0.25060362,-0.1783782,-0.26198065
2020-01-13,0.17600878,-0.32370996,0.1058828,-0.15207519,0.41931716,0.14930736,-0.21417204,-0.23641495
2020-01-14,0.15678695,-0.27424616,0.14372465,-0.1434236,0.36773753,0.22710238,-0.19850487,-0.24321069
2020-01-15,0.15278116,-0.28412968,0.14022058,-0.14569902,0.36488393,0.21086408,-0.19071802,-0.26547593
2020-01-16,0.17969652,-0.28431824,0.13062528,-0.12646008,0.39485884,0.19235018,-0.21509597,-0.23825698
2020-01-17,0.17568782,-0.27461296,0.13294038,-0.12295585,0.38573754,0.20854914,-0.21122155,-0.24287464
2020-01-20,0.21044722,-0.3567319,0.07627983,-0.14026162,0.47280544,0.07887753,-0.24041337,-0.22283019
2020-01-21,0.15603125,-0.2756214,0.14733806,-0.14534836,0.36536512,0.22538969,-0.19760114,-0.24601056
2020-01-22,0.15117401,-0.38040364,0.081688814,-0.19766037,0.42927125,0.08332229,-0.18967271,-0.26355284
2020-01-23,0.1752697,-0.1721277,0.19582647,-0.07740954,0.3208958,0.3537738,-0.21657199,-0.22325473
2020-02-03,0.33363032,-0.280809,0.09118595,0.0032524823,0.5374774,0.09097381,-0.33997804,-0.14798512
2020-02-04,0.33946192,-0.39872897,0.017224975,-0.027365783,0.6065865,-0.10386309,-0.32537827,-0.22326155
2020-02-05,0.25803062,-0.28067595,0.09979651,-0.056115072,0.47270325,0.14182982,-0.27997586,-0.19422531
2020-02-06,0.24409708,-0.39618462,0.039340794,-0.12963946,0.53155506,-0.002982486,-0.26514986,-0.21069498
2020-02-07,0.15884808,-0.27168664,0.14779887,-0.124964185,0.35871887,0.2032043,-0.18862554,-0.28203654
2020-02-10,0.19990796,-0.28428447,0.12439916,-0.09747563,0.406515,0.16241771,-0.22128817,-0.26181135
2020-02-11,0.13071457,-0.28374755,0.14538234,-0.1709698,0.35174358,0.23305786,-0.1794213,-0.24921836
2020-02-12,0.24219981,-0.36542487,0.065165214,-0.10766553,0.5005057,0.02634352,-0.25638926,-0.23800896
2020-02-13,0.1400122,-0.2673579,0.14915809,-0.151464,0.34735942,0.25023806,-0.18439803,-0.2562105
2020-02-14,0.2102904,-0.2632373,0.12541845,-0.1003879,0.42056674,0.21755841,-0.2491287,-0.19024798
2020-02-17,0.25160965,-0.34678385,0.069862165,-0.09570772,0.5014497,0.05543291,-0.26864824,-0.21618764
2020-02-18,0.16863118,-0.28866595,0.13667798,-0.13320023,0.381528,0.18452181,-0.20105225,-0.25991055
2020-02-19,0.15142018,-0.26934522,0.14819959,-0.1585182,0.3676741,0.2546931,-0.2050494,-0.21001503
2020-02-20,0.1959194,-0.35258895,0.089989714,-0.15057577,0.45142645,0.09290052,-0.22646788,-0.23497422
2020-02-21,0.23497427,-0.329799,0.080616765,-0.10769402,0.4828017,0.10045276,-0.26303157,-0.19981098
2020-02-24,0.1937344,-0.34537792,0.094993,-0.14589857,0.44339433,0.100047305,-0.22328839,-0.24257581
2020-02-25,0.20093453,-0.3146711,0.11854146,-0.092123576,0.41198,0.07781867,-0.20501894,-0.31523696
2020-02-26,0.12145345,-0.2345765,0.18626949,-0.17526835,0.31578797,0.33202052,-0.1871646,-0.20746969
2020-02-27,0.16271505,-0.3197134,0.11698037,-0.18007024,0.41186813,0.18591027,-0.2159723,-0.19823761
2020-02-28,0.16637576,-0.22315088,0.18193325,-0.107961565,0.3353818,0.27785936,-0.20189622,-0.2452624
2020-03-02,0.16898578,-0.3574052,0.08788162,-0.173914,0.432881,0.10780422,-0.2065565,-0.24737574
2020-03-03,0.2290557,-0.2198723,0.14216372,-0.0626244,0.4125294,0.2649662,-0.2667332,-0.17290059
2020-03-04,0.1681833,-0.24829838,0.14795524,-0.10799753,0.36010885,0.2408545,-0.20239827,-0.26183027
2020-03-05,0.13466534,-0.30372396,0.1373576,-0.1753769,0.36332166,0.19899836,-0.17903203,-0.26009482
2020-03-06,0.22088346,-0.2888959,0.12045967,-0.09128597,0.43145752,0.14764374,-0.2432253,-0.23255758
2020-03-09,0.1413718,-0.21865281,0.17842782,-0.13160352,0.32158327,0.31652507,-0.19172636,-0.2331415
2020-03-10,0.1526424,-0.38532865,0.09273703,-0.20421985,0.4279903,0.075768195,-0.19122171,-0.2619375
2020-03-11,0.13714936,-0.22280926,0.18123305,-0.14177017,0.3194422,0.32097954,-0.19085684,-0.2284997
2020-03-12,0.13042153,-0.23892908,0.17083275,-0.15425315,0.32348797,0.30768353,-0.18551546,-0.23696615
2020-03-13,0.21531957,-0.37726784,0.061003245,-0.15041825,0.49768034,0.049032193,-0.24832225,-0.20165618
2020-03-16,0.09913542,-0.13538426,0.22270834,-0.1555222,0.24446855,0.50251645,-0.15795729,-0.18581541
2020-03-17,0.07722648,-0.29979718,0.14876613,-0.24336123,0.32135847,0.28884873,-0.15412602,-0.23389934
2020-03-18,0.20865506,-0.22814915,0.14765447,-0.103684425,0.4054833,0.29259074,-0.26324645,-0.14177704
2020-03-19,0.10432255,-0.27253908,0.17254701,-0.16880561,0.30088398,0.23572293,-0.14141107,-0.3220826
2020-03-20,0.13201968,-0.25981116,0.16308182,-0.13763529,0.3220776,0.2388986,-0.16540241,-0.30527762
2020-03-23,0.15247881,-0.2641486,0.1535227,-0.16018155,0.3631728,0.27106804,-0.20772257,-0.20469244
2020-03-24,0.15041432,-0.25831312,0.15181535,-0.12077532,0.34124327,0.23274666,-0.18190837,-0.2967133
2020-03-25,0.18625197,-0.29746357,0.12358727,-0.11972723,0.40201226,0.15876055,-0.21231878,-0.26184955
2020-03-26,0.20967975,-0.2801906,0.1223037,-0.10266394,0.42300543,0.18142034,-0.24110192,-0.21469586
2020-03-27,0.10873839,-0.24483916,0.18454665,-0.18018614,0.30353826,0.3126481,-0.16844589,-0.24279545
2020-03-30,0.099302314,-0.29244483,0.15827528,-0.20539884,0.324427,0.24423027,-0.15455082,-0.26297128
2020-03-31,0.16167465,-0.27229822,0.14206317,-0.13785389,0.37098572,0.22747673,-0.20249462,-0.24214102
2020-04-01,0.2051537,-0.264318,0.12798455,-0.10733165,0.4161474,0.22307345,-0.24607968,-0.18746084
2020-04-02,0.20910391,-0.34174183,0.08393069,-0.11485354,0.45149225,0.077014446,-0.2261998,-0.2713814
2020-04-03,0.1890497,-0.2614969,0.14092058,-0.10542892,0.38739285,0.21497717,-0.22106874,-0.23758815
2020-04-07,0.18964304,-0.31813985,0.10510149,-0.13421306,0.42582548,0.14071314,-0.22155318,-0.23994459
2020-04-08,0.17553723,-0.28270635,0.1349099,-0.13264987,0.39081046,0.2002333,-0.21328619,-0.23234917
2020-04-09,0.17569682,-0.30789912,0.116063796,-0.14200261,0.40785062,0.16391858,-0.21193025,-0.24017812
2020-04-10,0.1205041,-0.21072957,0.19078797,-0.14060433,0.2934812,0.33666682,-0.17282897,-0.25505075
2020-04-13,0.121870965,-0.25285268,0.16164795,-0.16524094,0.32733834,0.28876153,-0.17717794,-0.24169184
2020-04-14,0.20619437,-0.33773398,0.08928668,-0.122417964,0.45026314,0.08948551,-0.22849739,-0.2516322
2020-04-15,0.18411608,-0.26539904,0.13923997,-0.12274794,0.3925911,0.22867414,-0.22592285,-0.21098171
2020-04-16,0.21777207,-0.32467502,0.09081984,-0.10564877,0.45471984,0.09817073,-0.23841527,-0.24402507
2020-04-17,0.18740898,-0.2732858,0.13382286,-0.1272489,0.40283328,0.21969303,-0.23076954,-0.20114163
2020-04-20,0.19552888,-0.29641017,0.118076794,-0.11685974,0.41595513,0.16256543,-0.22535992,-0.24006943
2020-04-21,0.12731573,-0.25832802,0.16247416,-0.14944947,0.32359254,0.25722092,-0.16870064,-0.28243876
2020-04-22,0.18648335,-0.31910372,0.108356215,-0.12894772,0.41781703,0.12777577,-0.2122381,-0.2625402
2020-04-23,0.1472863,-0.266834,0.15505421,-0.15011553,0.35287988,0.2445852,-0.19192821,-0.24287792
2020-04-24,0.15210013,-0.2423857,0.16486302,-0.13554181,0.344068,0.27998802,-0.19912192,-0.23251282
2020-04-27,0.18123221,-0.29021436,0.12049156,-0.1363046,0.40870848,0.19677524,-0.22377628,-0.21070972
2020-04-28,0.14449337,-0.32255608,0.109895565,-0.19147354,0.40038425,0.19633818,-0.20060614,-0.21267416
2020-04-29,0.2058248,-0.26947775,0.12994635,-0.094732165,0.40985724,0.18972087,-0.23441893,-0.228658
2020-04-30,0.20935711,-0.3168655,0.10097998,-0.11487955,0.44219437,0.12336369,-0.23549312,-0.2360798
2020-05-06,0.21004507,-0.34430695,0.08673807,-0.12435351,0.45655254,0.08072184,-0.231991,-0.25132146
2020-05-07,0.15897687,-0.2801749,0.13673744,-0.14289412,0.37372884,0.21798669,-0.19989315,-0.24576928
2020-05-08,0.18741013,-0.3009705,0.11942939,-0.13345598,0.41402823,0.17241164,-0.22391522,-0.22535913
2020-05-11,0.12790978,-0.23366314,0.17791337,-0.15198788,0.31520107,0.31107187,-0.18095711,-0.24296655
2020-05-12,0.1810712,-0.29330778,0.12526238,-0.12098119,0.39663225,0.16661575,-0.20894441,-0.26146737
2020-05-13,0.19389874,-0.3122277,0.10937566,-0.12566341,0.4242986,0.14122818,-0.22334203,-0.24319164
2020-05-14,0.16403878,-0.2758682,0.13895997,-0.14346182,0.37941495,0.22832023,-0.20895502,-0.22493191
2020-05-15,0.15240663,-0.29690427,0.1333378,-0.16457146,0.38036874,0.20795399,-0.19899681,-0.23213388
2020-05-18,0.15587983,-0.29325062,0.12677369,-0.16257867,0.3896121,0.21440312,-0.20618424,-0.21317
2020-05-19,0.17126098,-0.28971565,0.13189226,-0.13455047,0.38811707,0.18813002,-0.20624733,-0.249146
2020-05-20,0.16592854,-0.24507172,0.15827212,-0.1259521,0.36061883,0.26538324,-0.2106041,-0.22123672
2020-05-21,0.17210451,-0.24577229,0.15200713,-0.12780248,0.37219152,0.27276728,-0.22128826,-0.20020738
2020-05-22,0.12698504,-0.21830858,0.18689609,-0.13632643,0.2997152,0.31998375,-0.17414579,-0.26479748
2020-05-25,0.16753462,-0.28917143,0.1333611,-0.14132692,0.38620606,0.1986025,-0.20648798,-0.24194567
2020-05-26,0.22779045,-0.32788885,0.085794024,-0.10222486,0.46747807,0.09221785,-0.24885902,-0.23206197
2020-05-27,0.1233834,-0.2376947,0.17707247,-0.16462755,0.3181579,0.31645295,-0.18282744,-0.22647934
2020-05-28,0.14182267,-0.23695195,0.17412707,-0.123440765,0.31945008,0.26990563,-0.17763177,-0.2843767
2020-05-29,0.24107951,-0.30683243,0.09592966,-0.07827934,0.46378908,0.10707866,-0.25726777,-0.22949876
2020-06-01,0.24019936,-0.35343987,0.065767355,-0.10798511,0.4983093,0.052978598,-0.26042184,-0.21726097
2020-06-02,0.13188593,-0.26902562,0.15615949,-0.16293672,0.34123766,0.25254625,-0.18024227,-0.24931727
2020-06-03,0.15821366,-0.28564304,0.13456929,-0.15793636,0.38431072,0.22393726,-0.20780891,-0.21268404
2020-06-04,0.17160326,-0.2853735,0.13447064,-0.13107625,0.38494197,0.19170386,-0.20591286,-0.25145304
2020-06-05,0.17515293,-0.29301494,0.12415593,-0.12701671,0.39346704,0.17561546,-0.20626903,-0.2599892
2020-06-08,0.14322767,-0.2416208,0.17101794,-0.13878867,0.33079934,0.28114367,-0.18835256,-0.24984698
2020-06-09,0.20040119,-0.30588406,0.10914806,-0.12228263,0.43080103,0.15218091,-0.23309407,-0.2212568
2020-06-10,0.18498448,-0.3026243,0.11978222,-0.13285263,0.41149002,0.16490115,-0.21938708,-0.23460777
2020-06-11,0.20193547,-0.25695536,0.13300496,-0.10353239,0.40768516,0.23024487,-0.24243122,-0.19667493
2020-06-12,0.2476016,-0.34272665,0.07451417,-0.08992315,0.4903178,0.053390265,-0.25975773,-0.23666807
2020-06-15,0.21188724,-0.27403948,0.118649624,-0.09887492,0.42629668,0.19228536,-0.24594057,-0.20430982
2020-06-16,0.18000174,-0.29036677,0.12904128,-0.12537201,0.395071,0.17779726,-0.21126089,-0.2511487
2020-06-17,0.17016713,-0.27355403,0.14227134,-0.12438422,0.37392464,0.20778386,-0.20335436,-0.25747707
2020-06-18,0.15906563,-0.29205546,0.13730967,-0.14794376,0.37709135,0.1960945,-0.19716656,-0.25386932
2020-06-19,0.23196578,-0.3351441,0.081632726,-0.10585594,0.47697946,0.083755866,-0.25350276,-0.22312348
2020-06-22,0.21039915,-0.28221023,0.122126155,-0.10236804,0.4243374,0.176754,-0.24143314,-0.21555935
2020-06-23,0.19381495,-0.3336565,0.09556105,-0.13696317,0.43901783,0.11344901,-0.22350156,-0.24352889
2020-06-24,0.12776226,-0.27938634,0.14923137,-0.1660121,0.34142405,0.23771247,-0.17324442,-0.26828247
2020-06-29,0.17069182,-0.26501423,0.14612257,-0.1246351,0.37290698,0.22491913,-0.20791274,-0.24227951
2020-06-30,0.24208456,-0.31986633,0.08699382,-0.09422798,0.48037273,0.103237204,-0.26609218,-0.20244084
2020-07-01,0.1513099,-0.22603223,0.1708386,-0.12339046,0.3321709,0.30114123,-0.1978094,-0.242586
2020-07-02,0.17306341,-0.27490324,0.13722941,-0.1202812,0.37883863,0.20197064,-0.2055775,-0.25874028
2020-07-03,0.178862,-0.33365804,0.09972613,-0.15431556,0.42630792,0.13478485,-0.2150276,-0.23915826
2020-07-06,0.22308397,-0.34025204,0.07880721,-0.11731838,0.47520643,0.086377636,-0.24984288,-0.2185675
2020-07-07,0.2672717,-0.35666084,0.056219928,-0.09866725,0.53337944,0.043875095,-0.2909482,-0.1690262
2020-07-08,0.18203735,-0.34793833,0.09197418,-0.14950722,0.43286335,0.09838574,-0.2105071,-0.26497707
2020-07-09,0.25063103,-0.36949474,0.057528354,-0.11705641,0.5215608,0.036277197,-0.27503368,-0.19186376
2020-07-10,0.20840776,-0.30570275,0.11564752,-0.11589067,0.43115386,0.14498304,-0.23542821,-0.22924455
2020-07-13,0.25008532,-0.38129103,0.053979628,-0.10825376,0.51782775,-0.0027226433,-0.26151675,-0.2369379
2020-07-14,0.10317232,-0.23258759,0.18792212,-0.15862837,0.28136745,0.31760946,-0.1527338,-0.29283848
2020-07-15,0.1504018,-0.27857962,0.16026786,-0.14661008,0.35233334,0.20274158,-0.18409231,-0.2658468
2020-07-16,0.121415935,-0.13570304,0.22888204,-0.13162245,0.25520843,0.4754521,-0.17561138,-0.1969356
2020-07-17,0.2193549,-0.24498208,0.13023958,-0.05589163,0.40597188,0.19487336,-0.23815277,-0.2495385
2020-07-20,0.08001179,-0.30116466,0.15179434,-0.2351482,0.3195483,0.272693,-0.1491988,-0.24711378
2020-07-21,0.18526119,-0.29308897,0.12911668,-0.1157759,0.39617383,0.15834077,-0.20966727,-0.26804522
2020-07-22,0.26503414,-0.31272906,0.07904417,-0.071701005,0.49882445,0.10186712,-0.28537348,-0.18778172
2020-07-23,0.17444143,-0.32603633,0.12280425,-0.14119273,0.4001173,0.1186524,-0.19774276,-0.2890886
2020-07-24,0.097312935,-0.13454793,0.23153791,-0.13020483,0.22684804,0.4702739,-0.13671893,-0.25109223
2020-07-27,0.18656996,-0.25828424,0.14590758,-0.109868795,0.38264275,0.2264792,-0.22046673,-0.23080169
2020-07-28,0.14301208,-0.2712042,0.14458844,-0.15611573,0.35858414,0.24976668,-0.19277051,-0.23720135
2020-07-29,0.28206497,-0.3678952,0.043700762,-0.066289485,0.54018676,-0.012039335,-0.2847109,-0.23277636
2020-07-30,0.15641347,-0.25627494,0.15246579,-0.14316058,0.36149362,0.26543006,-0.20567966,-0.21774496
2020-07-31,0.22111315,-0.2923176,0.120282896,-0.07876256,0.42668062,0.12150884,-0.23385078,-0.2654089
2020-08-03,0.18448392,-0.31035012,0.10790584,-0.13541016,0.41974986,0.15784408,-0.22035176,-0.2341214
2020-08-04,0.16088519,-0.23019522,0.16778705,-0.11733307,0.343239,0.28231293,-0.20333618,-0.23659693
2020-08-05,0.16859955,-0.31349057,0.1091358,-0.16106331,0.41400257,0.18099923,-0.2163319,-0.2136737
2020-08-06,0.08651926,-0.24938563,0.18538225,-0.18946427,0.2828436,0.3101792,-0.14476141,-0.28017798
2020-08-07,0.12222475,-0.24010816,0.18051493,-0.14066426,0.29761067,0.28077638,-0.15884736,-0.3051048
2020-08-10,0.14301136,-0.311325,0.12888542,-0.1703383,0.3752757,0.18035239,-0.18331593,-0.26230577
2020-08-11,0.18942699,-0.25131395,0.15244037,-0.11446131,0.3865203,0.24264702,-0.23011598,-0.20160641
2020-08-12,0.06292373,-0.23485215,0.20491701,-0.19337659,0.2395551,0.34136248,-0.1095886,-0.3245402
2020-08-13,0.13865042,-0.2686473,0.15579933,-0.16077843,0.34909475,0.2513522,-0.18803611,-0.23688053
2020-08-14,0.20084986,-0.29863685,0.121136986,-0.10008254,0.41154766,0.133523,-0.2184011,-0.27629167
2020-08-17,0.15276276,-0.31237853,0.11767476,-0.17170252,0.39425513,0.19210878,-0.2010208,-0.22964309
2020-08-18,0.16962127,-0.2807429,0.1391019,-0.1392545,0.38436142,0.2117952,-0.2104572,-0.23068829
2020-08-19,0.09754749,-0.2355679,0.18818673,-0.18916461,0.29287493,0.34224817,-0.16442758,-0.22991554
2020-08-20,0.18694422,-0.26924884,0.14315704,-0.11359625,0.38734972,0.20668584,-0.21898428,-0.238162
2020-08-21,0.20542213,-0.29036987,0.12134724,-0.11526507,0.42498726,0.17652114,-0.23965228,-0.2124565
2020-08-24,0.16622096,-0.34967554,0.086504094,-0.18114133,0.43745914,0.13150044,-0.21361119,-0.21296683
2020-08-25,0.2148638,-0.28316456,0.11212567,-0.09827061,0.43293434,0.17542087,-0.24598828,-0.21166022
2020-08-26,0.1545786,-0.20624322,0.18324608,-0.11510484,0.32653928,0.32397494,-0.20369828,-0.22221832
2020-08-27,0.1923733,-0.32767332,0.09662362,-0.15012863,0.443047,0.14735985,-0.23425141,-0.20289685
2020-08-28,0.20062259,-0.36057055,0.0785486,-0.13389716,0.45410636,0.058454704,-0.21909651,-0.27471498
2020-08-31,0.15193574,-0.26023862,0.148058,-0.15126373,0.36430764,0.26663953,-0.20535868,-0.21024258
2020-09-01,0.17360243,-0.30734676,0.11917227,-0.1482527,0.40504268,0.17594138,-0.21275097,-0.23339914
2020-09-02,0.17310226,-0.31184894,0.12083178,-0.1441523,0.40318272,0.15305829,-0.20667431,-0.25124723
2020-09-03,0.17774087,-0.26168695,0.14132851,-0.12350422,0.38510627,0.23349646,-0.21979564,-0.21572961
2020-09-04,0.17373902,-0.30921543,0.11881957,-0.13590302,0.39965346,0.15223172,-0.20344585,-0.2671269
2020-09-07,0.14832382,-0.21544328,0.18691707,-0.1389738,0.32733995,0.33411983,-0.20558366,-0.20066018
2020-09-08,0.15510657,-0.29402912,0.13575843,-0.14688595,0.37319127,0.1873338,-0.19012433,-0.26391888
2020-09-09,0.057552584,-0.25642717,0.19131392,-0.23994794,0.27005595,0.35439587,-0.13740724,-0.2382717
2020-09-10,0.15538418,-0.22906351,0.17322627,-0.13860275,0.3447084,0.30920732,-0.21039951,-0.19723171
2020-09-11,0.22131082,-0.32960448,0.09364087,-0.09951626,0.45286036,0.078409486,-0.23466289,-0.26411885
2020-09-14,0.19798782,-0.25221637,0.13987118,-0.09329704,0.3939652,0.22133538,-0.23092306,-0.22756787
2020-09-15,0.17943168,-0.30477133,0.11864305,-0.13882454,0.40843186,0.16823795,-0.2157554,-0.23612021
2020-09-16,0.11984593,-0.24569894,0.17339188,-0.16561393,0.316741,0.30084866,-0.17509452,-0.2448089
2020-09-17,0.15057696,-0.31022775,0.1249538,-0.15354405,0.37729344,0.16301918,-0.18271899,-0.2834253
2020-09-18,0.17147271,-0.33348852,0.11204236,-0.15198335,0.40921226,0.121729046,-0.20030499,-0.2719271
2020-09-21,0.14057301,-0.24783091,0.16388533,-0.1457527,0.3375842,0.27608162,-0.18930006,-0.23981877
2020-09-22,0.20480606,-0.28158063,0.12207516,-0.116704166,0.42495814,0.1960169,-0.24410588,-0.19203188
2020-09-23,0.19492796,-0.3262265,0.09938351,-0.13522017,0.4373146,0.12584837,-0.22666124,-0.23200153
2020-09-24,0.13691568,-0.2526399,0.16577819,-0.14826265,0.3325162,0.26779723,-0.18237454,-0.2557573
2020-09-25,0.17503895,-0.2666973,0.14321816,-0.117572956,0.37638655,0.21409765,-0.20887923,-0.25061044
2020-09-28,0.13333234,-0.2659159,0.16026595,-0.16428469,0.34048074,0.2618042,-0.18341127,-0.24163516
2020-09-29,0.18869144,-0.30874532,0.10902565,-0.12552498,0.4191221,0.14551963,-0.21878546,-0.24594761
2020-09-30,0.20658502,-0.2696447,0.12595633,-0.09699861,0.41408432,0.19680436,-0.23877767,-0.21971913
2020-10-09,0.21888834,-0.31560177,0.097073786,-0.10920048,0.4525729,0.12328004,-0.24501595,-0.22367735
2020-10-12,0.22531986,-0.3492996,0.0757486,-0.11779384,0.47903204,0.06862022,-0.24776253,-0.23084624
2020-10-13,0.15700033,-0.30203784,0.12592432,-0.15589082,0.3859895,0.1888426,-0.19810396,-0.24774913
2020-10-14,0.16181728,-0.2680769,0.14694887,-0.13510157,0.36732534,0.22996126,-0.20200881,-0.24325521
2020-10-15,0.146162,-0.2688114,0.1521408,-0.15300263,0.3552674,0.24538568,-0.19269046,-0.23843421
2020-10-16,0.15941006,-0.25970757,0.15586889,-0.12818284,0.35494274,0.23514783,-0.1955738,-0.2570056
2020-10-19,0.1345264,-0.23406267,0.17679623,-0.14873649,0.32249203,0.3070608,-0.18725094,-0.23444284
2020-10-20,0.1930677,-0.3279434,0.10196971,-0.13081118,0.43069643,0.11530021,-0.21952167,-0.25515795
2020-10-21,0.119369105,-0.24957517,0.17631415,-0.16026214,0.31035602,0.28370366,-0.16738632,-0.27097428
2020-10-22,0.13372563,-0.29379344,0.13987124,-0.17559783,0.35913414,0.22361468,-0.18205589,-0.24933754
2020-10-23,0.1636875,-0.20379093,0.18540233,-0.11741677,0.33521068,0.33698657,-0.21735215,-0.19791332
2020-10-26,0.19392958,-0.2946805,0.10911951,-0.12108842,0.4237543,0.17616355,-0.23124155,-0.21770366
2020-10-27,0.21196449,-0.31142405,0.10733875,-0.1082476,0.43705592,0.12561569,-0.23487294,-0.24189146
2020-10-28,0.17130968,-0.3341092,0.10328723,-0.16094911,0.41978753,0.13486567,-0.20858684,-0.24196689
2020-10-29,0.2125696,-0.3567593,0.07386211,-0.13480061,0.47211093,0.07495472,-0.23862872,-0.23172139
2020-10-30,0.14125408,-0.25261623,0.15875345,-0.16487388,0.35236907,0.2948215,-0.20370984,-0.19394088
2020-11-02,0.20769222,-0.32779133,0.09976234,-0.12118948,0.4434909,0.107013054,-0.23122728,-0.24611552
2020-11-03,0.17925373,-0.3093847,0.11067065,-0.13613948,0.4115517,0.15902518,-0.21316573,-0.24518047
2020-11-04,0.17434195,-0.28264323,0.1356054,-0.124209106,0.3833434,0.19051935,-0.20533395,-0.25990617
2020-11-05,0.15176836,-0.29901588,0.13719651,-0.15348683,0.37029842,0.18596873,-0.18760711,-0.2715436
2020-11-06,0.08793632,-0.23794053,0.19148663,-0.18201657,0.27497864,0.32689986,-0.14539367,-0.28058314
2020-11-09,0.23888353,-0.34576097,0.07069198,-0.119308345,0.49906573,0.08577807,-0.26932,-0.18413338
2020-11-10,0.11697547,-0.26085994,0.15742269,-0.18465887,0.33537653,0.29813883,-0.1826888,-0.21481876
2020-11-11,0.11642811,-0.22459522,0.19233206,-0.16069724,0.29637015,0.33377722,-0.1730282,-0.24449639
2020-11-12,0.1808686,-0.27712926,0.13387862,-0.12447975,0.39192444,0.20811363,-0.21794534,-0.23293348
2020-11-13,0.19353722,-0.29136944,0.11644802,-0.120873384,0.41656825,0.18234515,-0.22970483,-0.22467147
2020-11-16,0.1411987,-0.28234887,0.1391275,-0.16875935,0.36640745,0.24138914,-0.19452685,-0.22340028
2020-11-17,0.09644882,-0.22723019,0.19413698,-0.1694643,0.27716368,0.33356303,-0.15253887,-0.27294865
2020-11-18,0.13111226,-0.24825327,0.17471442,-0.15613462,0.3233229,0.28458256,-0.18074057,-0.25034234
2020-11-19,0.18710107,-0.31278682,0.10840323,-0.13435128,0.42125154,0.15113616,-0.22106093,-0.23665436
2020-11-20,0.20011294,-0.29139975,0.121862285,-0.10931952,0.41465583,0.1634137,-0.22725281,-0.24287756
2020-11-23,0.17602083,-0.30436876,0.11973763,-0.14477754,0.40840235,0.17241628,-0.21521753,-0.22438179
2020-11-24,0.15394457,-0.2723357,0.14333391,-0.14722322,0.36663598,0.23717062,-0.1993365,-0.23725457
2020-11-25,0.11774853,-0.24756242,0.17121616,-0.17329155,0.31884518,0.30863732,-0.17705539,-0.23338316
2020-11-26,0.14219776,-0.27998805,0.150029,-0.16219059,0.35555148,0.23475212,-0.18824518,-0.2474535
2020-11-27,0.17588627,-0.2670027,0.14007816,-0.114216425,0.37759584,0.21073774,-0.20828551,-0.25347957
2020-11-30,0.18033619,-0.3041966,0.11611336,-0.14362781,0.4137264,0.17645295,-0.22093818,-0.21872579
2020-12-01,0.24552634,-0.33087146,0.08095429,-0.08472014,0.48229286,0.06851404,-0.25896317,-0.23566164
2020-12-02,0.13657054,-0.28842536,0.14429608,-0.16902702,0.35634434,0.22523177,-0.18283832,-0.25278836
2020-12-03,0.20110142,-0.31963098,0.096152864,-0.1296119,0.44311365,0.13837387,-0.23514178,-0.22019769
2020-12-04,0.18534312,-0.31296426,0.11164949,-0.13783176,0.41900167,0.15312329,-0.2197563,-0.23594825
2020-12-07,0.17745891,-0.28796792,0.12854329,-0.13089128,0.3960445,0.18897532,-0.21370801,-0.23585875
2020-12-08,0.19578949,-0.292759,0.12141242,-0.11741689,0.41449693,0.1693381,-0.22689536,-0.23347782
2020-12-09,0.15268974,-0.24283312,0.16344431,-0.13793829,0.3462189,0.28402176,-0.20149955,-0.22721119
2020-12-10,0.20201226,-0.32584724,0.094124876,-0.13625792,0.45046848,0.13245742,-0.23882079,-0.20704001
2020-12-11,0.1372928,-0.2336879,0.17480853,-0.13847573,0.32245386,0.2952575,-0.18509188,-0.2511221
2020-12-14,0.18413526,-0.3153636,0.10583136,-0.13626407,0.4205836,0.14878835,-0.21778098,-0.24151836
2020-12-15,0.19341953,-0.3021775,0.11779886,-0.1146247,0.41335303,0.14254434,-0.2177442,-0.25824404
2020-12-16,0.15841404,-0.28816807,0.13941538,-0.14655153,0.37381777,0.2018615,-0.19644368,-0.25251114
2020-12-17,0.19026081,-0.3174864,0.10911163,-0.13828354,0.42540064,0.14949377,-0.22460514,-0.23266639
2020-12-18,0.15791063,-0.27478743,0.13755107,-0.1406902,0.37195182,0.2256139,-0.20042723,-0.24176903
2020-12-21,0.24221167,-0.3622139,0.060498573,-0.10545742,0.50266373,0.03209383,-0.2578895,-0.2319761
2020-12-22,0.17495796,-0.24908641,0.1505638,-0.13203302,0.37927985,0.27039593,-0.22668412,-0.18767758
2020-12-23,0.1938914,-0.2997759,0.113068886,-0.13579862,0.42828658,0.18384588,-0.23749992,-0.19715625
2020-12-24,0.16332993,-0.26431304,0.14872232,-0.13373037,0.3676934,0.23661472,-0.20476484,-0.23636205
2020-12-25,0.17074051,-0.31328443,0.11636085,-0.1523576,0.40550113,0.16929558,-0.20981604,-0.2392589
2020-12-28,0.16268551,-0.2789706,0.13288257,-0.14783594,0.3847852,0.23037171,-0.21082655,-0.21659692
2020-12-29,0.15603715,-0.2780553,0.14034486,-0.15409645,0.37449396,0.2358683,-0.2039237,-0.22163863
2020-12-30,0.2611693,-0.34543145,0.06479093,-0.0870649,0.5132812,0.050807267,-0.2782124,-0.20521127
2020-12-31,0.22343153,-0.30211043,0.107227854,-0.080829665,0.43648064,0.11164909,-0.23496863,-0.2678344
2021-01-04,0.28109866,-0.37215716,0.036997706,-0.0785779,0.5486311,-0.00080831535,-0.2916305,-0.20849222
2021-01-05,0.21275204,-0.30108318,0.11697812,-0.090638556,0.42458397,0.11611358,-0.2268089,-0.2692695
2021-01-06,0.14056253,-0.27884212,0.15266523,-0.15433222,0.34854367,0.22357783,-0.18041551,-0.27100644
2021-01-07,0.181234,-0.31995755,0.10562434,-0.14797482,0.4229613,0.15706329,-0.2211793,-0.22952892
2021-01-08,0.122417144,-0.2583001,0.15958717,-0.16525543,0.32873827,0.27832055,-0.17524627,-0.2518684
2021-01-11,0.13092571,-0.2286745,0.16959974,-0.15450147,0.32843757,0.3285434,-0.19369048,-0.20635404
2021-01-12,0.20315425,-0.35376728,0.080159746,-0.13654509,0.46015197,0.07568126,-0.22886613,-0.24416198
2021-01-13,0.14700496,-0.21944064,0.18001089,-0.12818833,0.3231811,0.3173637,-0.19615558,-0.23694484
2021-01-14,0.15416062,-0.27739924,0.13148558,-0.15907407,0.38098896,0.24640451,-0.20798343,-0.20597431
2021-01-15,0.1542142,-0.2720092,0.1449112,-0.11882473,0.3493643,0.19848306,-0.17789546,-0.30922565
2021-01-18,0.2427854,-0.3395245,0.07307642,-0.09807652,0.49196795,0.067759074,-0.26272157,-0.21455391
2021-01-19,0.15173861,-0.23122315,0.1717771,-0.14049001,0.34312922,0.3065422,-0.20705134,-0.20255627
2021-01-20,0.27693528,-0.3325024,0.06614674,-0.053996127,0.51272166,0.0420516,-0.28236437,-0.227621
2021-01-21,0.22064033,-0.3518526,0.08046948,-0.12883033,0.47539452,0.075040825,-0.24623159,-0.2237304
2021-01-22,0.19443682,-0.3399164,0.09886206,-0.13273126,0.43493235,0.09249027,-0.21673387,-0.2680365
2021-01-25,0.19916251,-0.28750992,0.11509452,-0.13356264,0.43393683,0.2055775,-0.24854276,-0.16347948
2021-01-26,0.10495376,-0.23378496,0.18985799,-0.17227028,0.2919788,0.32474637,-0.1628707,-0.25406206
2021-01-27,0.14511725,-0.32423434,0.112648614,-0.18732543,0.39746726,0.18519981,-0.19682261,-0.2251481
2021-01-28,0.15586138,-0.23853898,0.17231807,-0.13101546,0.34151876,0.27793846,-0.20035148,-0.23271357
2021-01-29,0.13223462,-0.20312436,0.19209853,-0.14639544,0.30876762,0.36924046,-0.19390392,-0.2053316
2021-02-01,0.20990181,-0.29366755,0.119106464,-0.10347963,0.42688465,0.15061416,-0.23622143,-0.23108532
2021-02-02,0.19217142,-0.3340874,0.089260004,-0.14257932,0.4455366,0.12124975,-0.22775719,-0.2256049
2021-02-03,0.17691946,-0.2855171,0.129754,-0.14121573,0.39914733,0.20960909,-0.22099137,-0.21169347
2021-02-04,0.17078167,-0.2663821,0.14587021,-0.10962569,0.36381367,0.203524,-0.19580814,-0.28665724
2021-02-05,0.19744939,-0.27192342,0.13183224,-0.10996681,0.40573427,0.20075028,-0.23131707,-0.21579365
2021-02-08,0.16754976,-0.28201884,0.13539502,-0.1377474,0.3829929,0.2084251,-0.2070437,-0.23884602
2021-02-09,0.24933529,-0.42248273,0.009488128,-0.15078485,0.5659468,-0.013326129,-0.28136256,-0.17734526
2021-02-10,0.19443594,-0.35438138,0.07935601,-0.15095825,0.45793208,0.092063464,-0.2277191,-0.23032825
2021-02-18,0.025820177,-0.20850451,0.22967738,-0.24899994,0.19709903,0.44573364,-0.08047705,-0.28532946
2021-02-19,0.08283908,-0.30191648,0.16235799,-0.21882433,0.30714428,0.23983833,-0.13591337,-0.2935935
2021-02-22,0.10120803,-0.19836257,0.20296201,-0.16252513,0.27557254,0.38289836,-0.16600299,-0.22923304
2021-02-23,0.18578863,-0.2818684,0.13512182,-0.13024732,0.401288,0.2023418,-0.22524408,-0.212228
2021-02-24,0.09177357,-0.18958074,0.21413746,-0.16767107,0.25556344,0.4076887,-0.15203622,-0.24236153
2021-02-25,0.13397537,-0.2496453,0.16086978,-0.16974135,0.34353602,0.30738413,-0.19778419,-0.1964299
2021-02-26,0.12337944,-0.2533866,0.15985367,-0.15168384,0.3243811,0.26673284,-0.16975501,-0.26824182
2021-03-01,0.19112372,-0.30243552,0.114968754,-0.11697557,0.41378957,0.14658965,-0.2178944,-0.25481912
2021-03-02,0.1343475,-0.22025809,0.18071854,-0.12983136,0.31033316,0.31088427,-0.18081906,-0.26035437
2021-03-03,0.18950468,-0.3212695,0.10348538,-0.13785248,0.42808756,0.14107451,-0.22333574,-0.23646452
2021-03-04,0.06499011,-0.2088265,0.21863204,-0.1987552,0.23668689,0.39515102,-0.1253056,-0.27003157
2021-03-05,0.24960718,-0.33856547,0.07073287,-0.09025305,0.4948407,0.06670244,-0.26546806,-0.22306772
2021-03-08,0.10790975,-0.1417604,0.24002817,-0.13572885,0.23551758,0.45712095,-0.15315416,-0.23696686
2021-03-09,0.12182232,-0.27001965,0.14853689,-0.20272988,0.35665998,0.3059531,-0.19804195,-0.16539666
2021-03-10,0.1522236,-0.27621934,0.14034331,-0.15615867,0.36986235,0.24376741,-0.20207644,-0.2271827
2021-03-11,0.25904623,-0.31629303,0.07668739,-0.078285955,0.49903926,0.09996563,-0.28269026,-0.18584335
2021-03-12,0.123253904,-0.2995674,0.14257702,-0.19091935,0.35369432,0.22680916,-0.17597392,-0.2477962
2021-03-15,0.08237483,-0.18259867,0.21320334,-0.16521834,0.245304,0.4151414,-0.13755599,-0.25556606
2021-03-16,0.16980864,-0.2985435,0.12809643,-0.14571103,0.3935203,0.18753955,-0.2083692,-0.2390904
2021-03-17,0.23241001,-0.3063302,0.09324028,-0.08206895,0.45833337,0.108780205,-0.25014815,-0.2350081
2021-03-18,0.21409887,-0.2970026,0.111000694,-0.10292676,0.4344492,0.1519652,-0.24093726,-0.22668149
2021-03-19,0.16122325,-0.23252775,0.16562107,-0.12035151,0.3458234,0.2846304,-0.2055847,-0.23393412
2021-03-22,0.20114356,-0.28610623,0.13123882,-0.108668186,0.4088209,0.17233603,-0.22835457,-0.24112125
2021-03-23,0.14249876,-0.24486828,0.1708582,-0.13713993,0.32962143,0.27055538,-0.18490627,-0.25993294
2021-03-24,0.164722,-0.25509322,0.15509734,-0.12472965,0.35887977,0.244356,-0.20264482,-0.2471608
2021-03-25,0.21411762,-0.31952167,0.09495286,-0.11426985,0.45313117,0.117943704,-0.2417658,-0.22108497
2021-03-26,0.23417148,-0.36634296,0.06501927,-0.1224391,0.49718028,0.045222852,-0.25496018,-0.22461955
2021-03-29,0.17992344,-0.271724,0.1305469,-0.12652017,0.39508396,0.22234587,-0.2225208,-0.2148482
2021-03-30,0.22521162,-0.31037903,0.09426207,-0.09948188,0.458521,0.123751424,-0.2512203,-0.21877371
2021-03-31,0.15165874,-0.2837354,0.14264679,-0.14933833,0.3648313,0.21477573,-0.19155166,-0.2574326
2021-04-01,0.21995914,-0.310436,0.09901928,-0.0961442,0.4464912,0.11576651,-0.24002433,-0.24462537
2021-04-02,0.2076959,-0.2880683,0.112738974,-0.10467041,0.42772466,0.17066269,-0.23874974,-0.22096519
2021-04-06,0.119668424,-0.2643876,0.15964332,-0.16912387,0.3269627,0.26973408,-0.17063299,-0.25935608
2021-04-07,0.0910809,-0.27438238,0.16765174,-0.19973555,0.30481026,0.27597013,-0.14847225,-0.27299383
2021-04-08,0.21278486,-0.31073046,0.10114198,-0.11456425,0.44532827,0.13993311,-0.24269128,-0.21926983
2021-04-09,0.12365568,-0.25862685,0.16467589,-0.16790468,0.32745022,0.2804292,-0.17681146,-0.24832587
2021-04-12,0.14146152,-0.21609093,0.19209105,-0.13027643,0.31109416,0.31637973,-0.18837938,-0.2448921
2021-04-13,0.24507752,-0.28421003,0.101159774,-0.0745879,0.46409208,0.15381114,-0.2716536,-0.19174731
2021-04-14,0.22319955,-0.3167141,0.098898165,-0.09561625,0.44996867,0.10032959,-0.23995233,-0.2495945
2021-04-15,0.14309858,-0.28294563,0.14597663,-0.1539723,0.3561116,0.21516846,-0.18324155,-0.26392666
2021-04-16,0.11004262,-0.29253095,0.15105072,-0.19462262,0.33507258,0.23904677,-0.16284177,-0.26215497
2021-04-19,0.28217444,-0.3734032,0.03641071,-0.07561194,0.54973304,-0.008970121,-0.29066247,-0.21250586
2021-04-20,0.18613246,-0.29463097,0.117739804,-0.13502093,0.41599593,0.18655817,-0.22768673,-0.20944811
2021-04-21,0.20842966,-0.32536682,0.09618258,-0.12308502,0.44791436,0.11924195,-0.23625013,-0.23093121
2021-04-22,0.15539747,-0.30101025,0.12349782,-0.16496164,0.39108455,0.20516446,-0.20405817,-0.22367807
2021-04-23,0.2520048,-0.31809595,0.08294595,-0.07614578,0.48347118,0.08983842,-0.267486,-0.22198589
2021-04-26,0.20124422,-0.22101155,0.15634263,-0.08654495,0.38251078,0.27869588,-0.24181768,-0.19413465
2021-04-27,0.18086281,-0.29742342,0.1270656,-0.124177605,0.3955884,0.16179112,-0.20732573,-0.26457104
2021-04-28,0.227173,-0.32168877,0.08849313,-0.09977019,0.46438307,0.10030575,-0.2494016,-0.22948967
2021-04-29,0.16160917,-0.289605,0.14004454,-0.13771561,0.37267843,0.18565474,-0.19331282,-0.27028263
2021-04-30,0.22094098,-0.30609667,0.095901646,-0.099736184,0.45042664,0.13531923,-0.24717885,-0.22538887
2021-05-06,0.0839014,-0.26143277,0.18421197,-0.19179703,0.28091598,0.28329983,-0.13410455,-0.30205148
2021-05-07,0.13635707,-0.19891703,0.19402418,-0.13559973,0.3076045,0.35972813,-0.19550344,-0.20941935
2021-05-10,0.19234022,-0.25980282,0.13931394,-0.10504245,0.39147642,0.22253434,-0.22667569,-0.22795357
2021-05-11,0.16498488,-0.3331109,0.10652789,-0.17027985,0.41548228,0.14838718,-0.20700362,-0.23256595
2021-05-12,0.17624266,-0.32571942,0.1058292,-0.13645615,0.41069207,0.12124618,-0.20116097,-0.27959076
2021-05-13,0.1790559,-0.2950765,0.11870029,-0.14114015,0.40799382,0.19703296,-0.22159001,-0.2159874
2021-05-14,0.21886438,-0.36217165,0.06515699,-0.13543586,0.48740822,0.06692421,-0.24758682,-0.21599032
2021-05-17,0.26287192,-0.31750163,0.08313692,-0.0694754,0.4926427,0.086400546,-0.2777556,-0.21016473
2021-05-18,0.14590625,-0.27453667,0.15036842,-0.15604992,0.35665244,0.2402412,-0.19178563,-0.24300201
2021-05-19,0.22582158,-0.30634433,0.10124058,-0.09789691,0.4539264,0.12658359,-0.2503117,-0.21844532
2021-05-20,0.20183447,-0.3110469,0.1090304,-0.116983235,0.42812207,0.13546598,-0.22753096,-0.24649794
2021-05-21,0.11758298,-0.26825064,0.16644108,-0.18420213,0.3272878,0.27860084,-0.17468241,-0.240575
2021-05-24,0.16488382,-0.31594038,0.1171334,-0.16071177,0.40152052,0.17411909,-0.20620015,-0.24095266
2021-05-25,0.24081174,-0.3350043,0.07836882,-0.08909523,0.48085636,0.06383284,-0.2539356,-0.241284
2021-05-26,0.13325492,-0.2693243,0.15394753,-0.16052692,0.34305292,0.24966297,-0.18080115,-0.2518029
2021-05-27,0.19276142,-0.30030224,0.11023527,-0.12467196,0.42166847,0.16795433,-0.22746944,-0.22600447
2021-05-28,0.22176147,-0.26516032,0.12542418,-0.095665425,0.4334872,0.2080127,-0.26068443,-0.17540269
2021-05-31,0.23115277,-0.31802365,0.09291164,-0.09118914,0.46125084,0.09639929,-0.24830812,-0.23947202
2021-06-01,0.1570555,-0.30774024,0.12608239,-0.16480438,0.38902876,0.19120587,-0.20118713,-0.23836298
2021-06-02,0.11298584,-0.23211828,0.18412817,-0.16221513,0.3007172,0.31850624,-0.16874364,-0.25189692
2021-06-03,0.16484892,-0.2695619,0.14112541,-0.1498407,0.3831848,0.2504799,-0.21769375,-0.19427417
2021-06-04,0.249538,-0.31482232,0.086362325,-0.090727285,0.4887892,0.11100554,-0.27646255,-0.18020636
2021-06-07,0.1331647,-0.28051916,0.14588478,-0.16122201,0.34856057,0.22983083,-0.17756736,-0.26456058
2021-06-08,0.18890378,-0.23931979,0.15906501,-0.09003614,0.36702785,0.23724833,-0.21687487,-0.2518592
2021-06-09,0.17109606,-0.28949603,0.12950024,-0.14440386,0.3937684,0.2067248,-0.21384197,-0.22477753
2021-06-10,0.26070997,-0.3159007,0.08134883,-0.07253357,0.49407417,0.09290032,-0.27894264,-0.20218816
2021-06-11,0.15492833,-0.29745257,0.12477229,-0.15981567,0.38622552,0.20535813,-0.20100302,-0.2330686
2021-06-15,0.13289568,-0.26539445,0.15630424,-0.16731133,0.34454098,0.26795244,-0.18671367,-0.23237239
2021-06-16,0.0928321,-0.19232182,0.22118673,-0.1636481,0.24850121,0.39366478,-0.1457426,-0.26369604
2021-06-17,0.23722675,-0.3117137,0.09559745,-0.08307126,0.46259195,0.101172164,-0.25330818,-0.23447834
2021-06-18,0.21205801,-0.2987635,0.121041216,-0.08919868,0.41847137,0.12070895,-0.22390646,-0.27908772
2021-06-21,0.21054068,-0.29423964,0.10930615,-0.09718016,0.4303222,0.14527825,-0.23478922,-0.23704232
2021-06-22,0.137747,-0.31507772,0.123510085,-0.18578778,0.38131106,0.19571163,-0.18867919,-0.23656769
2021-06-23,0.2019406,-0.31117922,0.09977516,-0.12944385,0.4422387,0.15559235,-0.23972276,-0.20415339
2021-06-24,0.12631573,-0.2565946,0.16514185,-0.15833431,0.32618546,0.26933718,-0.17431962,-0.2605674
2021-06-25,0.20838627,-0.33663484,0.09061658,-0.12308472,0.4520167,0.092456214,-0.23200938,-0.24626644
2021-06-28,0.24555373,-0.30918872,0.08967272,-0.0838855,0.47649732,0.11514979,-0.26836607,-0.20525807
2021-06-29,0.13724913,-0.2676132,0.15738502,-0.15825285,0.34321064,0.25241697,-0.18422368,-0.24983133
2021-06-30,0.2102423,-0.33137017,0.08732378,-0.12432607,0.45889568,0.106976084,-0.23989022,-0.22053017
2021-07-01,0.13035361,-0.2900465,0.14644924,-0.17267697,0.3514825,0.21748234,-0.17585903,-0.2584667
2021-07-02,0.09102377,-0.22231656,0.1917265,-0.18252294,0.28046206,0.3595697,-0.15895543,-0.2392066
2021-07-05,0.20214455,-0.27241233,0.12978154,-0.09444819,0.4037022,0.18471847,-0.22762218,-0.24836169
2021-07-06,0.1227241,-0.20210722,0.20121965,-0.1261582,0.2843603,0.330329,-0.16950348,-0.2732031
2021-07-07,0.27160442,-0.39327782,0.027450092,-0.10299155,0.5566746,-0.018532483,-0.2863518,-0.20145044
2021-07-08,0.19694738,-0.2770389,0.12767866,-0.10878298,0.40677935,0.19277526,-0.2290321,-0.22862606
2021-07-09,0.1364589,-0.31965476,0.11849252,-0.18652129,0.38099003,0.1908092,-0.18512607,-0.24817605
2021-07-12,0.25434113,-0.33381486,0.06398349,-0.08625147,0.5055759,0.0732366,-0.27537793,-0.2003298
2021-07-13,0.1585505,-0.26464206,0.15225953,-0.12619355,0.35419542,0.22414361,-0.1911703,-0.27390876
2021-07-14,0.16488025,-0.28896165,0.1363936,-0.15511538,0.3878409,0.21513729,-0.21117789,-0.21371602
2021-07-15,0.1955894,-0.33048004,0.10542544,-0.12461801,0.42615172,0.1019301,-0.21481308,-0.27466932
2021-07-16,0.13016246,-0.23990276,0.17252514,-0.16301979,0.32886362,0.3103778,-0.18988335,-0.21277411
2021-07-19,0.18767017,-0.283567,0.13110822,-0.1187482,0.39891043,0.18712722,-0.2200802,-0.2408397
2021-07-20,0.2031568,-0.29889137,0.122434,-0.105273984,0.41529492,0.14124125,-0.22380921,-0.26084873
2021-07-21,0.23179415,-0.34601957,0.07961119,-0.10610437,0.47750667,0.060065433,-0.24801123,-0.24177496
2021-07-22,0.12869908,-0.27022982,0.15909547,-0.162494,0.33414656,0.24885952,-0.174191,-0.26463532
2021-07-23,0.10940224,-0.24198072,0.17911834,-0.17204659,0.30343732,0.31242052,-0.16623944,-0.25069204
2021-07-26,0.11450356,-0.20117643,0.20081365,-0.12941857,0.27195674,0.34103855,-0.15372872,-0.29305866
2021-07-27,0.17942235,-0.23547655,0.16316655,-0.14035818,0.37954143,0.30961385,-0.24128515,-0.1436367
2021-07-28,0.22582117,-0.3234503,0.07928779,-0.102191254,0.47061926,0.102643095,-0.2508676,-0.22327258
2021-07-29,0.19790843,-0.37137836,0.07463967,-0.15049869,0.46408343,0.05578739,-0.22345993,-0.2511622
2021-07-30,0.15960044,-0.27201873,0.13742092,-0.14196841,0.37278667,0.23872714,-0.20438251,-0.2354949
2021-08-02,0.18176693,-0.33334664,0.1041568,-0.13975427,0.41982573,0.11149777,-0.20692399,-0.27532795
2021-08-03,0.13771307,-0.28520167,0.13950843,-0.17738913,0.3653758,0.24787968,-0.19404355,-0.21895315
2021-08-04,0.22997499,-0.3397694,0.07816554,-0.10097993,0.4746375,0.065504976,-0.24603534,-0.24437489
2021-08-05,0.15086256,-0.27639508,0.13891119,-0.1588692,0.37479657,0.24222723,-0.20434174,-0.2114705
2021-08-06,0.123602115,-0.23840028,0.17172387,-0.15135041,0.3161655,0.29706436,-0.17492804,-0.2534276
2021-08-09,0.13902245,-0.29345527,0.1396437,-0.16965973,0.36238658,0.21800476,-0.18471399,-0.24968226
2021-08-10,0.17342827,-0.26758075,0.1415405,-0.120959915,0.37794566,0.21807763,-0.20967066,-0.24374129
2021-08-11,0.14746688,-0.27564976,0.14737329,-0.15981257,0.36238056,0.2447761,-0.19672436,-0.22949354
2021-08-12,0.14403316,-0.25518706,0.16355696,-0.14387628,0.34068483,0.25759912,-0.18777421,-0.2505774
2021-08-13,0.20230442,-0.22987743,0.15444568,-0.073483445,0.37981963,0.23799424,-0.23000151,-0.23625232
2021-08-16,0.15715782,-0.26430422,0.14846784,-0.14714609,0.36612082,0.25580102,-0.20635507,-0.2187864
2021-08-17,0.15426657,-0.21250494,0.17840594,-0.13102219,0.33560368,0.33587846,-0.21194527,-0.19670263
2021-08-18,0.1799672,-0.28313386,0.12916017,-0.1289403,0.39926767,0.19784018,-0.21927515,-0.22591974
2021-08-19,0.18358484,-0.321316,0.11283784,-0.1470825,0.42057425,0.145078,-0.21851483,-0.23344062
2021-08-20,0.12105031,-0.2144608,0.19358253,-0.13308345,0.28795844,0.31781498,-0.16527522,-0.28182918
2021-08-23,0.23403803,-0.34383237,0.07416039,-0.10380565,0.48455244,0.062154315,-0.25275874,-0.23030372
2021-08-24,0.20488131,-0.30296093,0.10464471,-0.12025405,0.43956485,0.15741861,-0.24096218,-0.20448999
2021-08-25,0.15176085,-0.29944718,0.13228488,-0.15569773,0.37587202,0.1903625,-0.19121829,-0.2604348
2021-08-26,0.10838145,-0.23479621,0.18377113,-0.1713777,0.29881603,0.32563213,-0.16728097,-0.24539135
2021-08-27,0.18204805,-0.2625143,0.13770542,-0.11414415,0.3881629,0.2207945,-0.21966594,-0.22608353
2021-08-30,0.19509627,-0.25546092,0.13560238,-0.10615955,0.40088463,0.23190841,-0.23583066,-0.20053086
2021-08-31,0.1055519,-0.24225415,0.18422636,-0.16711213,0.29320914,0.30048957,-0.1562542,-0.2772418
2021-09-01,0.113804474,-0.3051626,0.1372315,-0.20592457,0.35416853,0.2362913,-0.17403144,-0.23885654
2021-09-02,0.14786999,-0.24461345,0.16895115,-0.13580899,0.336822,0.27111354,-0.1915527,-0.2492599
2021-09-03,0.15342316,-0.24090876,0.17127007,-0.13195267,0.34040427,0.2735233,-0.1975523,-0.23871292
2021-09-06,0.26629704,-0.37437963,0.040973544,-0.0962226,0.5380112,0.009508867,-0.28165975,-0.20745373
2021-09-07,0.18774484,-0.31284726,0.1141671,-0.1279527,0.4142737,0.13998939,-0.21488091,-0.257135
2021-09-08,0.15442544,-0.24745226,0.16201076,-0.13089661,0.34575748,0.26404557,-0.19632256,-0.24714066
2021-09-09,0.15220189,-0.27257264,0.15068358,-0.13337827,0.35064644,0.21621998,-0.18427086,-0.2855513
2021-09-10,0.16617,-0.3124782,0.117541425,-0.15802383,0.4038569,0.17344378,-0.20848298,-0.2315604
2021-09-13,0.14436078,-0.24990027,0.165333,-0.14383985,0.33903542,0.27254468,-0.19093642,-0.24561967
2021-09-14,0.25114143,-0.28717726,0.10019205,-0.07081593,0.47046745,0.1443623,-0.2760247,-0.18961541
2021-09-15,0.14571688,-0.2591611,0.15346566,-0.14498807,0.35068572,0.25569898,-0.19248497,-0.2419547
2021-09-16,0.11577649,-0.24025118,0.17709064,-0.1686301,0.31061167,0.31436002,-0.17374733,-0.23947279
2021-09-17,0.20292631,-0.34735566,0.08793103,-0.13477474,0.45171618,0.08763017,-0.2274597,-0.25051424
2021-09-22,0.1875804,-0.28428456,0.13330245,-0.12360738,0.3999556,0.1911754,-0.22161523,-0.23127611
2021-09-23,0.16629595,-0.27538598,0.13735962,-0.13527536,0.38069692,0.21613686,-0.20709103,-0.23265375
2021-09-24,0.2244209,-0.29705054,0.09929476,-0.0985319,0.45330247,0.15036486,-0.25480226,-0.201633
2021-09-27,0.21975166,-0.2701466,0.1300444,-0.079660185,0.41681087,0.17204572,-0.23960137,-0.23642133
2021-09-28,0.19915573,-0.25664288,0.13837498,-0.09814248,0.3984502,0.21786337,-0.23297814,-0.21716909
2021-09-29,0.16157079,-0.27207035,0.14396852,-0.13779782,0.3724331,0.22204873,-0.202914,-0.23697577
2021-09-30,0.22052234,-0.32977813,0.09095905,-0.11521263,0.4623599,0.10128648,-0.24571335,-0.22352453
2021-10-08,0.1416193,-0.26559666,0.15955761,-0.15173037,0.3433578,0.24722542,-0.18503574,-0.25405914
2021-10-11,0.14465027,-0.24139051,0.17025116,-0.14233871,0.3365538,0.28440884,-0.19394934,-0.23246916
2021-10-12,0.1592246,-0.22115858,0.17189038,-0.12270949,0.3420118,0.31025845,-0.21037498,-0.21483617
2021-10-13,0.20530893,-0.3425212,0.09086809,-0.12796843,0.4509785,0.084535845,-0.22825292,-0.25099382
2021-10-14,0.1997725,-0.28505045,0.12532339,-0.11202288,0.41355744,0.18055643,-0.23146701,-0.22600438
2021-10-15,0.21877113,-0.33297175,0.07926118,-0.120563686,0.4713517,0.105954565,-0.24944344,-0.20927757
2021-10-18,0.127182,-0.288486,0.14302102,-0.17500553,0.34872365,0.23378801,-0.17548832,-0.2581353
2021-10-19,0.17704703,-0.29040608,0.13187468,-0.13473089,0.39400196,0.19081208,-0.21305418,-0.23941825
2021-10-20,0.1720704,-0.2820826,0.13471869,-0.14106616,0.3894414,0.21721607,-0.21531543,-0.22251962
2021-10-21,0.15222746,-0.2637018,0.14904347,-0.14190431,0.35814586,0.24723382,-0.19650334,-0.24131064
2021-10-22,0.1710449,-0.2830295,0.13017878,-0.13837923,0.3917522,0.20907371,-0.21356896,-0.22501142
2021-10-25,0.2193098,-0.3126826,0.09983269,-0.1068792,0.44972643,0.12776744,-0.24470368,-0.22682114
2021-10-26,0.14791065,-0.25855762,0.15467876,-0.14956692,0.35364434,0.265341,-0.19838393,-0.22764982
2021-10-27,0.13979837,-0.26121756,0.15864763,-0.14750548,0.34035218,0.25221848,-0.1833514,-0.25950176
2021-10-28,0.17529356,-0.25546646,0.1511144,-0.119944334,0.3724642,0.24050888,-0.21460313,-0.22923581
2021-10-29,0.17406593,-0.3487742,0.09059534,-0.15845664,0.43037477,0.104726546,-0.20637736,-0.25678483
2021-11-01,0.14929304,-0.29448837,0.12963307,-0.1748938,0.38429895,0.23140194,-0.20505428,-0.20713602
2021-11-02,0.1965509,-0.26157108,0.13394451,-0.10227018,0.3987181,0.21792328,-0.23109445,-0.22402327
2021-11-03,0.19292241,-0.26532388,0.13954306,-0.09844925,0.38854834,0.20023869,-0.21963456,-0.25451955
2021-11-04,0.20157391,-0.28423035,0.11942842,-0.1115745,0.419323,0.18574435,-0.23604172,-0.21777953
2021-11-05,0.19847415,-0.2838359,0.12472122,-0.114115834,0.4143286,0.1834054,-0.23222998,-0.22100092
2021-11-08,0.19574241,-0.30720726,0.11253404,-0.12529223,0.42523438,0.14976233,-0.22737911,-0.230752
2021-11-09,0.17561856,-0.296408,0.12649146,-0.1340378,0.396635,0.17533514,-0.20949742,-0.24861918
2021-11-10,0.14383768,-0.28677216,0.14834529,-0.1523351,0.35408676,0.20437846,-0.1803638,-0.27643842
2021-11-11,0.21332762,-0.29803166,0.11593164,-0.10112377,0.42969352,0.14245644,-0.23616257,-0.23882802
2021-11-12,0.16259517,-0.28294712,0.13926274,-0.13686962,0.37397522,0.2013508,-0.19808713,-0.25813398
2021-11-15,0.13697721,-0.26788604,0.15651056,-0.1543895,0.34236193,0.24409968,-0.18110934,-0.25885916
2021-11-16,0.17954238,-0.27849704,0.13105956,-0.12945646,0.3959086,0.20972426,-0.21990594,-0.22043268
2021-11-17,0.19679527,-0.29734677,0.11606746,-0.11638245,0.41857737,0.16087203,-0.22664052,-0.23800428
2021-11-18,0.13645586,-0.28064573,0.14574283,-0.17547779,0.3597019,0.25139105,-0.19215816,-0.22141634
2021-11-19,0.18639359,-0.30791193,0.11722513,-0.12614192,0.41030762,0.14575613,-0.21362346,-0.2585789
2021-11-22,0.21725142,-0.33228645,0.0882728,-0.11607577,0.46023908,0.097997874,-0.24167222,-0.2327147
2021-11-23,0.15684928,-0.2831162,0.13628998,-0.151223,0.37642407,0.22237389,-0.20204148,-0.23380809
2021-11-24,0.16100562,-0.27356285,0.144016,-0.14262117,0.37260255,0.22754054,-0.20392472,-0.23231031
2021-11-25,0.16650024,-0.29119405,0.13236994,-0.14429198,0.38708112,0.19614722,-0.20589861,-0.23919804
2021-11-26,0.17344774,-0.2685722,0.14358115,-0.12089575,0.37547413,0.21414766,-0.20766151,-0.2502015
2021-11-29,0.22991535,-0.2900746,0.11347336,-0.07931453,0.43885705,0.13832241,-0.24739239,-0.24141876
2021-11-30,0.14653164,-0.2758346,0.14699805,-0.15561116,0.35965908,0.23794171,-0.19281942,-0.24151991
2021-12-01,0.1530828,-0.2703724,0.14689368,-0.1411444,0.3603158,0.23093496,-0.19407174,-0.2523809
2021-12-02,0.1788486,-0.27853167,0.13685283,-0.12260486,0.38720846,0.1967532,-0.2118403,-0.24559955
2021-12-03,0.16945224,-0.284384,0.1378904,-0.1291138,0.37858066,0.18990225,-0.20086542,-0.2636341
2021-12-06,0.15706924,-0.2484057,0.15907574,-0.13981384,0.3562832,0.27437076,-0.2069833,-0.21527685
2021-12-07,0.102750994,-0.23769785,0.18542996,-0.16809474,0.2897607,0.3125591,-0.1561394,-0.27381402
2021-12-08,0.20609912,-0.3169617,0.09768871,-0.122009665,0.44355133,0.1361191,-0.23724532,-0.22543244
2021-12-09,0.19837523,-0.31917727,0.09737965,-0.13087744,0.4406368,0.13884579,-0.23290554,-0.22113307
2021-12-10,0.19061938,-0.30457187,0.1142791,-0.12975575,0.42018598,0.16005896,-0.22519967,-0.22843374
2021-12-13,0.1902354,-0.30872068,0.11275024,-0.13129686,0.419842,0.15518521,-0.22327298,-0.23505656
2021-12-14,0.18734033,-0.28740525,0.12754393,-0.12532757,0.40497315,0.18768467,-0.22304541,-0.22732247
2021-12-15,0.18046428,-0.26160705,0.14467096,-0.12008303,0.38238734,0.23036665,-0.21911296,-0.22425635
2021-12-16,0.17558679,-0.29497057,0.12589672,-0.13355951,0.39620087,0.17890793,-0.20993567,-0.24748318
2021-12-17,0.1306148,-0.2522447,0.16636187,-0.16067992,0.33140984,0.28482836,-0.18375388,-0.236854
2021-12-20,0.112404965,-0.21745466,0.19736087,-0.16201945,0.2904236,0.34622726,-0.17207697,-0.23915817
2021-12-21,0.16513789,-0.29468942,0.13531429,-0.13745561,0.37989157,0.17753664,-0.19630343,-0.26835907
2021-12-22,0.18727586,-0.2886437,0.12363436,-0.12239011,0.40554658,0.18242997,-0.22088686,-0.23454733
2021-12-23,0.16235909,-0.27862346,0.1397509,-0.1363408,0.37268057,0.21123986,-0.1997351,-0.25298154
2021-12-24,0.099290214,-0.23156613,0.19509625,-0.17745641,0.28391296,0.33435434,-0.15922245,-0.25712466
2021-12-27,0.19192708,-0.26384616,0.13851771,-0.10369058,0.39165258,0.2093016,-0.22334877,-0.23798709
2021-12-28,0.17055482,-0.30286387,0.12452554,-0.1408287,0.39368325,0.17288214,-0.20464233,-0.2562025
2021-12-29,0.1398654,-0.26085937,0.15978998,-0.15218708,0.3416062,0.25838792,-0.18601742,-0.24880756
2021-12-30,0.21282345,-0.3041528,0.1019439,-0.11052409,0.44366586,0.14814034,-0.24388298,-0.21571784
2021-12-31,0.15424445,-0.2702975,0.14838171,-0.14322224,0.3617917,0.23355237,-0.19633046,-0.24547194
2022-01-04,0.06160391,-0.24419793,0.19691166,-0.21846229,0.26049498,0.35049495,-0.13253075,-0.26372996
2022-01-05,0.081630185,-0.21974717,0.20162284,-0.1798428,0.2598427,0.35902774,-0.1413019,-0.2748818
2022-01-06,0.13787359,-0.29236293,0.14324734,-0.17566437,0.3624308,0.22574979,-0.18751663,-0.23986201
2022-01-07,0.13854018,-0.27572095,0.1547584,-0.16849759,0.3527835,0.24685384,-0.18912947,-0.23226888
2022-01-10,0.16539146,-0.27595007,0.13059095,-0.1413352,0.38672644,0.22889347,-0.21252051,-0.21580486
2022-01-11,0.13963407,-0.25508326,0.1643396,-0.15256922,0.33912477,0.27003407,-0.18852615,-0.24189486
2022-01-12,0.21010768,-0.3110193,0.106192134,-0.10208695,0.4336554,0.11531001,-0.22877151,-0.25810775
2022-01-13,0.13324094,-0.24676737,0.15942559,-0.15913458,0.3388566,0.29878315,-0.19174948,-0.21863608
2022-01-14,0.21646193,-0.30962855,0.10420192,-0.10515244,0.44428554,0.12521963,-0.24071023,-0.22998317
2022-01-17,0.24150363,-0.33232677,0.084323935,-0.09784983,0.48162216,0.08150989,-0.26057115,-0.22059445
2022-01-18,0.17324597,-0.25748408,0.14715546,-0.11908366,0.3729771,0.23425342,-0.2113441,-0.2358558
2022-01-19,0.11776042,-0.22239569,0.1866875,-0.14939462,0.29758304,0.32483938,-0.17086503,-0.25801116
2022-01-20,0.17637728,-0.27920327,0.13776857,-0.13047624,0.38900983,0.20503975,-0.21456584,-0.23190095
2022-01-21,0.15917912,-0.25428623,0.15696907,-0.12769128,0.3543826,0.24471621,-0.19849372,-0.24918507
2022-01-24,0.1998404,-0.3126359,0.10817232,-0.13203421,0.43524963,0.15237394,-0.23561859,-0.21358167
2022-01-25,0.16144183,-0.24035494,0.16335267,-0.13114212,0.3531636,0.28210628,-0.20912388,-0.21759997
2022-01-26,0.17043403,-0.28003126,0.13613996,-0.1198145,0.37533322,0.18990707,-0.19831571,-0.27679035
2022-01-27,0.14112121,-0.22271672,0.18278074,-0.14076182,0.3214726,0.32155097,-0.19445834,-0.22563331
2022-01-28,0.14647841,-0.30511776,0.12841746,-0.1876222,0.3869972,0.22532009,-0.20369676,-0.20230585
2022-02-07,0.13355143,-0.23736748,0.18071324,-0.14730932,0.31772336,0.29462436,-0.18161845,-0.25025183
2022-02-08,0.04252626,-0.23986855,0.21496728,-0.22160818,0.22443736,0.35535657,-0.09369036,-0.32353693
2022-02-09,0.17758894,-0.33169994,0.1027954,-0.14714482,0.42044374,0.12457588,-0.20852244,-0.25791928
2022-02-10,0.08116346,-0.23521666,0.19216877,-0.18924667,0.270047,0.34181258,-0.14342275,-0.27331454
2022-02-11,0.15222251,-0.22992626,0.17137608,-0.13799068,0.34074813,0.30941144,-0.20613822,-0.20886384
2022-02-14,0.19277194,-0.24663244,0.14979208,-0.09953962,0.3835157,0.23834643,-0.22769597,-0.22267412
2022-02-15,0.23642871,-0.3326035,0.07638795,-0.099953935,0.48253193,0.08586186,-0.2584087,-0.217957
2022-02-16,0.17604177,-0.2716616,0.13548094,-0.13133363,0.39033297,0.22580567,-0.21981722,-0.21424673
2022-02-17,0.21120045,-0.31057924,0.100851424,-0.119430125,0.44666535,0.1453071,-0.24405524,-0.20816733
2022-02-18,0.16950364,-0.2838685,0.13274914,-0.13479759,0.38534528,0.20262754,-0.20748946,-0.24281351
2022-02-21,0.13991025,-0.26150402,0.16053519,-0.15600555,0.34360135,0.26233125,-0.18893221,-0.24059562
2022-02-22,0.13282,-0.27816474,0.14497519,-0.16935423,0.35225534,0.24922866,-0.1844672,-0.24180661
2022-02-23,0.2312899,-0.3412393,0.07881055,-0.10814126,0.47858846,0.07486924,-0.2516858,-0.22855945
2022-02-24,0.18992755,-0.20735902,0.16718996,-0.081817485,0.35996857,0.2959041,-0.22900659,-0.21451272
2022-02-25,0.22812438,-0.2869904,0.11105303,-0.08204169,0.44218892,0.14504181,-0.25000045,-0.22369312
2022-02-28,0.17160964,-0.29903215,0.124293484,-0.13579276,0.39437497,0.1708624,-0.20460579,-0.25503352
2022-03-01,0.15846494,-0.26809967,0.14893591,-0.13118432,0.35964698,0.22334774,-0.19416481,-0.26382598
2022-03-02,0.109200865,-0.27409256,0.15728018,-0.18930447,0.32678956,0.2734698,-0.16715014,-0.24947025
2022-03-03,0.10635473,-0.2458249,0.17641935,-0.1789239,0.30562103,0.31358644,-0.16639563,-0.24492215
2022-03-04,0.18275577,-0.23788714,0.15592697,-0.100391135,0.36869815,0.25224194,-0.21847564,-0.23252793
2022-03-07,0.072268054,-0.20544448,0.20543265,-0.19302228,0.2542104,0.40153807,-0.1416358,-0.23979719
2022-03-08,0.14993286,-0.2654159,0.16371796,-0.15379652,0.35266608,0.24690515,-0.19535342,-0.22915743
2022-03-09,0.116103485,-0.19968934,0.19539964,-0.12548973,0.27490664,0.34726304,-0.1522702,-0.2956672
2022-03-10,0.1800608,-0.2847306,0.12558767,-0.13217309,0.4002367,0.20502813,-0.22061864,-0.2247381
2022-03-11,0.19655426,-0.33278883,0.107154794,-0.1013009,0.4129475,0.06329778,-0.1967965,-0.3384405
2022-03-14,0.15443298,-0.22933531,0.17398009,-0.12953636,0.3387414,0.29446697,-0.20262396,-0.22314157
2022-03-15,0.23021793,-0.24348958,0.12336337,-0.07491521,0.4339714,0.22921054,-0.26807764,-0.16638424
2022-03-16,0.1387666,-0.4224928,0.07836997,-0.20550844,0.4218021,-0.01037777,-0.15709838,-0.34520018
2022-03-17,0.23926884,-0.31346384,0.09048588,-0.10474376,0.4809429,0.1281103,-0.27241042,-0.17431745
2022-03-18,0.15314606,-0.30861586,0.1303643,-0.14913869,0.37392962,0.1610047,-0.18245289,-0.29080555
2022-03-21,0.18430986,-0.2554215,0.14701569,-0.10155694,0.37652835,0.21922468,-0.2144121,-0.25176412
2022-03-22,0.1397869,-0.26261663,0.15839526,-0.15708515,0.34620067,0.2607165,-0.18970108,-0.23565201
2022-03-23,0.17331009,-0.2848638,0.12591392,-0.13159624,0.39308602,0.19923238,-0.21135688,-0.23669724
2022-03-24,0.14748415,-0.32709873,0.117171116,-0.17898183,0.39073738,0.16607462,-0.1900005,-0.25369692
2022-03-25,0.14393114,-0.2270252,0.17829782,-0.13407429,0.32469863,0.30458516,-0.19213736,-0.23953865
2022-03-28,0.13397244,-0.24560903,0.1648204,-0.15302844,0.33204728,0.29307643,-0.18704835,-0.23629425
2022-03-29,0.18408746,-0.26039678,0.14715546,-0.11335754,0.38236055,0.22272515,-0.21884707,-0.22896872
2022-03-30,0.2410483,-0.35222387,0.072957955,-0.0990658,0.48987132,0.039434507,-0.2538795,-0.24266635
2022-03-31,0.13658436,-0.26890635,0.15546772,-0.1547902,0.34217346,0.24432209,-0.18059623,-0.26140067
2022-04-01,0.21802726,-0.3080492,0.09599886,-0.109786436,0.45358056,0.14148399,-0.24940982,-0.20583886
2022-04-06,0.13695154,-0.2664054,0.15687203,-0.16389243,0.3460644,0.26408553,-0.18890455,-0.23422797
2022-04-07,0.13861448,-0.24849752,0.16702011,-0.14846377,0.3321244,0.28010213,-0.1863086,-0.2472109
2022-04-08,0.16019937,-0.2848856,0.12954459,-0.1562141,0.38715196,0.23039922,-0.21076694,-0.21118726
2022-04-11,0.07402358,-0.2362059,0.19715163,-0.2065653,0.26799715,0.3561114,-0.14450291,-0.2525739
2022-04-12,0.19476585,-0.3336972,0.10139731,-0.12855345,0.43156087,0.09894411,-0.21605903,-0.2665213
2022-04-13,0.1582962,-0.28033695,0.13597932,-0.15930521,0.38360313,0.23849991,-0.21076515,-0.20282865
2022-04-14,0.11484843,-0.2718869,0.16650131,-0.1741252,0.31967044,0.25112715,-0.16056621,-0.2742392
2022-04-15,0.16940327,-0.31983045,0.11722074,-0.15083243,0.405293,0.14274338,-0.2023648,-0.2501862
2022-04-18,0.19777629,-0.33616686,0.087342896,-0.1366947,0.4500881,0.11063734,-0.22972918,-0.2279195
2022-04-19,0.15999252,-0.24881764,0.16257048,-0.13164636,0.3526805,0.26376677,-0.20333767,-0.23531096
2022-04-20,0.072034605,-0.21347827,0.20189407,-0.20334011,0.26006484,0.40194276,-0.14558753,-0.22988684
2022-04-21,0.17668039,-0.2313042,0.16882128,-0.115371495,0.36104903,0.28049818,-0.22166702,-0.20740128
2022-04-22,0.18102065,-0.28709918,0.13316005,-0.12814415,0.39676416,0.18421909,-0.2153371,-0.23584403
2022-04-25,0.14128304,-0.22684094,0.17081445,-0.15261137,0.33627707,0.333414,-0.20422617,-0.19248894
2022-04-26,0.20474628,-0.26229995,0.122519575,-0.11698691,0.4264929,0.24032053,-0.2557588,-0.1538691
2022-04-27,0.22949997,-0.4752574,0.013118334,-0.16359963,0.5443417,-0.12576258,-0.23234811,-0.29095045
2022-04-28,0.16156714,-0.23781013,0.15233296,-0.118131444,0.3556716,0.27346528,-0.20564672,-0.23444308
2022-04-29,0.18389265,-0.41444433,0.060605355,-0.17909855,0.47266784,-0.0040813964,-0.20631629,-0.2752613
2022-05-05,0.18884678,-0.32284236,0.09767846,-0.15190613,0.44075805,0.15552862,-0.233295,-0.19528717
2022-05-06,0.2175034,-0.29097936,0.11288572,-0.099469,0.43718147,0.15683295,-0.24541116,-0.21531944
2022-05-09,0.18080792,-0.2504717,0.15048704,-0.11199865,0.37543157,0.24415761,-0.2195203,-0.22776191
2022-05-10,0.26801702,-0.34345356,0.05729402,-0.07688043,0.5222559,0.044534646,-0.28360704,-0.20060742
2022-05-11,0.30905107,-0.3663984,0.039211407,-0.06549289,0.5765977,-0.0017805565,-0.3220591,-0.1570094
2022-05-12,0.19922215,-0.2961016,0.11443988,-0.1171189,0.42308667,0.16775808,-0.232404,-0.22611545
2022-05-13,0.13928486,-0.27725422,0.15097222,-0.15298045,0.34766752,0.22499123,-0.17992824,-0.26937827
2022-05-16,0.14130656,-0.24230564,0.17503825,-0.14446327,0.32905436,0.28439954,-0.18817985,-0.2457404
2022-05-17,0.20745772,-0.32259607,0.10031081,-0.12127683,0.44265753,0.11990721,-0.2339989,-0.23468311
2022-05-18,0.16851516,-0.29390717,0.1311622,-0.14248645,0.38824567,0.1902434,-0.20547622,-0.24368869
2022-05-19,0.2000019,-0.3420647,0.09145785,-0.13842945,0.44889826,0.10247695,-0.22903913,-0.23969395
2022-05-20,0.18851131,-0.31650406,0.11415521,-0.14022526,0.4212733,0.15001056,-0.2224173,-0.23278181
2022-05-23,0.12961878,-0.28380007,0.15031826,-0.16982381,0.34494728,0.23187432,-0.17538622,-0.26266623
2022-05-24,0.11469195,-0.20374413,0.19803688,-0.154773,0.2889738,0.36731857,-0.17698896,-0.22656591
2022-05-25,0.16673551,-0.28229007,0.1391035,-0.13923496,0.38002846,0.20833232,-0.20597613,-0.2413132
2022-05-26,0.14016736,-0.29938304,0.12720868,-0.18331234,0.382386,0.22597353,-0.19838637,-0.21090892
2022-05-27,0.18686393,-0.23716438,0.15872583,-0.103767715,0.37352005,0.25965124,-0.2264502,-0.21529399
2022-05-30,0.18803933,-0.28981993,0.11789309,-0.124672316,0.41154733,0.18698923,-0.22496563,-0.22433205
2022-05-31,0.18384679,-0.3780704,0.07097616,-0.17262125,0.4610849,0.07004047,-0.21840072,-0.2385167
2022-06-01,0.19392326,-0.2949292,0.11314652,-0.1228689,0.42212763,0.1752041,-0.23172483,-0.21824159
2022-06-02,0.22466359,-0.31675503,0.098449446,-0.09737037,0.45302916,0.10448871,-0.2432726,-0.2425829
2022-06-06,0.29507962,-0.36480153,0.037906058,-0.06182535,0.55737436,-0.0037970077,-0.30328962,-0.20212482
2022-06-07,0.16914588,-0.27581343,0.14132953,-0.13175014,0.37604988,0.21630378,-0.20627284,-0.24870078
2022-06-08,0.15022145,-0.2784528,0.14410764,-0.12436119,0.34926975,0.18772788,-0.174505,-0.3146661
2022-06-09,0.12937503,-0.23040485,0.17710567,-0.14930351,0.3157897,0.31635547,-0.18341073,-0.24079023
2022-06-10,0.22930881,-0.34393752,0.07912288,-0.102672055,0.47318864,0.05905499,-0.2433613,-0.25395072
2022-06-13,0.1884898,-0.2784788,0.12991416,-0.120176286,0.4015324,0.20320809,-0.22548598,-0.2235535
2022-06-14,0.1293773,-0.28490973,0.1510818,-0.14759071,0.3340639,0.19722205,-0.15973508,-0.31964326
2022-06-15,0.19898337,-0.35003364,0.095408596,-0.15318872,0.45393708,0.09728435,-0.23137805,-0.22058095
2022-06-16,0.20671955,-0.28560957,0.11817897,-0.11559378,0.4276074,0.19207896,-0.24483046,-0.19852187
2022-06-17,0.27195856,-0.35800052,0.065698974,-0.06188651,0.51190823,-0.009608401,-0.26771605,-0.26537502
2022-06-20,0.23481941,-0.31832328,0.08691285,-0.10179372,0.47319183,0.11864992,-0.26137775,-0.20367414
2022-06-21,0.14834353,-0.26312542,0.15550733,-0.14983536,0.354779,0.25460437,-0.19732445,-0.23350312
2022-06-22,0.1872294,-0.2666996,0.14055076,-0.11983456,0.39547032,0.21747701,-0.22644496,-0.20954886
2022-06-23,0.20003694,-0.36154646,0.083283134,-0.13798484,0.4525306,0.06109383,-0.21954507,-0.27196756
2022-06-24,0.1941024,-0.3192572,0.09571063,-0.13148879,0.436998,0.13896082,-0.22829267,-0.22836699
2022-06-27,0.18158443,-0.27454472,0.13159418,-0.12409044,0.39422694,0.21336448,-0.2204985,-0.22664814
2022-06-28,0.12583238,-0.32117885,0.123852335,-0.18703668,0.36534554,0.18362124,-0.16984624,-0.27872515
2022-06-29,0.16609386,-0.23906335,0.16106582,-0.12333986,0.35611412,0.27542454,-0.21054122,-0.22283064
2022-06-30,0.21506336,-0.32666016,0.09391429,-0.1260584,0.45885062,0.123263426,-0.24743477,-0.20988056
2022-07-01,0.15040053,-0.247467,0.15839598,-0.13913065,0.3479792,0.2761643,-0.19823194,-0.2313803
2022-07-04,0.22739393,-0.33586687,0.08552753,-0.11002895,0.4712918,0.0846123,-0.24952635,-0.225767
2022-07-05,0.12788567,-0.24998784,0.17094737,-0.15283911,0.32117772,0.27705666,-0.17531437,-0.26457024
2022-07-06,0.1864515,-0.23741141,0.15905693,-0.10066219,0.37083587,0.25507355,-0.2235193,-0.22532
2022-07-07,0.20360535,-0.3205729,0.097147025,-0.12384558,0.44389936,0.12634228,-0.23433653,-0.22763588
2022-07-08,0.1433728,-0.23640497,0.17211738,-0.14083152,0.33224535,0.29489964,-0.19303468,-0.2361949
2022-07-11,0.092142865,-0.24477671,0.18154097,-0.18061201,0.287346,0.3118038,-0.1493155,-0.27610245
2022-07-12,0.12421851,-0.22435111,0.18652093,-0.14704877,0.3040529,0.3174577,-0.17522952,-0.25042465
2022-07-13,0.17520684,-0.3476586,0.08893875,-0.174734,0.44041914,0.13379553,-0.22048736,-0.21317033
2022-07-14,0.28463984,-0.34329265,0.057184123,-0.06752529,0.53498375,0.042667832,-0.29885077,-0.18896133
2022-07-15,0.17504428,-0.24300574,0.15036687,-0.11920331,0.3724745,0.26728886,-0.22088158,-0.20906262
2022-07-18,0.16940254,-0.34204328,0.096082516,-0.17752585,0.43032122,0.14569615,-0.21655661,-0.21614562
2022-07-19,0.12264052,-0.2378446,0.17699164,-0.14957671,0.30931818,0.2939439,-0.17018607,-0.26615775
2022-07-20,0.18585712,-0.26953036,0.13546127,-0.112350956,0.39147407,0.2062215,-0.21970648,-0.23653905
2022-07-21,0.19933137,-0.27956665,0.12906659,-0.10893846,0.40942287,0.18498768,-0.23022732,-0.22661497
2022-07-22,0.14275998,-0.22386333,0.17724985,-0.12924165,0.32257497,0.30574155,-0.19035214,-0.24575703
2022-07-25,0.14352062,-0.26064938,0.15425396,-0.147872,0.34742934,0.2570275,-0.18965691,-0.2463849
2022-07-26,0.1729444,-0.28364766,0.12616274,-0.13580368,0.3954084,0.20725444,-0.21514213,-0.22448097
2022-07-27,0.17244431,-0.27912426,0.13447013,-0.128565,0.385285,0.20266187,-0.20859805,-0.24299209
2022-07-28,0.1582888,-0.2601149,0.14370197,-0.14210635,0.3702958,0.2574694,-0.20829922,-0.21424766
2022-07-29,0.13611232,-0.24954276,0.16951546,-0.1498028,0.32988465,0.27459168,-0.18288895,-0.24946035
2022-08-01,0.2298876,-0.35747826,0.0644343,-0.12160539,0.49361077,0.061064385,-0.2551743,-0.21476762
2022-08-02,0.13296428,-0.27803624,0.15468761,-0.15647204,0.3403117,0.22264759,-0.17244375,-0.27756613
2022-08-03,0.14124481,-0.23891336,0.17452073,-0.15204579,0.33470905,0.2995212,-0.19571099,-0.21507607
2022-08-04,0.16851097,-0.2651681,0.14725879,-0.120773405,0.3671098,0.21969458,-0.20157066,-0.2576714
2022-08-05,0.20162164,-0.30388218,0.11364006,-0.10305385,0.41745076,0.13103968,-0.2201753,-0.27366328
2022-08-08,0.17350821,-0.28967434,0.12712643,-0.13473037,0.39404252,0.19180644,-0.21127623,-0.23983608
2022-08-09,0.18405607,-0.2939585,0.11867947,-0.12884079,0.4087777,0.1814401,-0.22047329,-0.2304232
2022-08-10,0.14818698,-0.2529614,0.16155693,-0.1456634,0.34690738,0.27030247,-0.19658661,-0.23293544
2022-08-11,0.1864232,-0.36040637,0.08028158,-0.16376744,0.45325592,0.09599873,-0.2227304,-0.23221861
2022-08-12,0.14799416,-0.2719894,0.14660734,-0.15243123,0.36043853,0.2417251,-0.1946724,-0.23836495
2022-08-15,0.22188446,-0.30278307,0.10965512,-0.09920035,0.4432185,0.13389106,-0.24539056,-0.22733201
2022-08-16,0.21120998,-0.27751648,0.12066432,-0.09698714,0.4232814,0.17980096,-0.24122202,-0.21788143
2022-08-17,0.18397543,-0.33868432,0.09465488,-0.15228638,0.43524224,0.12183099,-0.2191036,-0.23797233
2022-08-18,0.18831898,-0.28212237,0.13190389,-0.11893435,0.39900646,0.19013052,-0.22074687,-0.23661329
2022-08-19,0.13819349,-0.25760633,0.16169685,-0.15913673,0.34254396,0.27409098,-0.19093248,-0.2308998
2022-08-22,0.21313614,-0.32126492,0.09572584,-0.110310145,0.44838074,0.10834412,-0.23637691,-0.23979019
2022-08-23,0.18313548,-0.27941358,0.13657296,-0.12040519,0.39020324,0.19585763,-0.21524361,-0.24560921
2022-08-24,0.06872862,-0.19427752,0.22662875,-0.19052367,0.22955456,0.4139594,-0.124038704,-0.26897752
2022-08-25,0.12897347,-0.26426005,0.15952957,-0.16641736,0.33607042,0.27168563,-0.18167615,-0.24786864
2022-08-26,0.17629229,-0.25004745,0.15050781,-0.115186945,0.3718527,0.24618782,-0.21567073,-0.22794817
2022-08-29,0.1843924,-0.29022425,0.12758112,-0.12937912,0.40217626,0.18842389,-0.21992427,-0.23262943
2022-08-30,0.13976368,-0.2704877,0.1542669,-0.14917779,0.3440517,0.23419298,-0.18022794,-0.2692208
2022-08-31,0.13029626,-0.2549926,0.16954881,-0.16218047,0.33034956,0.276605,-0.18105233,-0.23994596
2022-09-01,0.17077942,-0.2544023,0.15250948,-0.1278981,0.37025675,0.2515767,-0.21444073,-0.22027664
2022-09-02,0.16090366,-0.2689403,0.14365155,-0.13993588,0.37146866,0.23644327,-0.20555887,-0.23141436
2022-09-05,0.17754838,-0.27612054,0.13618869,-0.12509553,0.38769037,0.2071349,-0.21414083,-0.23725297
2022-09-06,0.12631235,-0.3055898,0.1288208,-0.19096386,0.36567128,0.2235233,-0.18100059,-0.23951404
2022-09-07,0.23792568,-0.30858096,0.09233976,-0.08665198,0.4675989,0.1144956,-0.25966254,-0.2166457
2022-09-08,0.13261355,-0.24347952,0.17022517,-0.15853162,0.33070016,0.29919028,-0.1884774,-0.22435273
2022-09-09,0.18343402,-0.30093166,0.11780018,-0.13076383,0.4088663,0.16837758,-0.21714544,-0.24128376
2022-09-13,0.15002432,-0.27906936,0.14214996,-0.15484442,0.36630264,0.23272493,-0.1960907,-0.2382432
2022-09-14,0.15346074,-0.25633082,0.1545518,-0.13105178,0.3503359,0.2456291,-0.19264546,-0.25771523
2022-09-15,0.083666444,-0.19929513,0.21247661,-0.17435259,0.2511667,0.39507762,-0.14237663,-0.25974956
2022-09-16,0.14238766,-0.24571437,0.1649372,-0.15031609,0.34135264,0.28765795,-0.19567943,-0.22240575
2022-09-19,0.17285079,-0.25871348,0.14834437,-0.1230631,0.3716275,0.24121845,-0.21230796,-0.23439036
2022-09-20,0.1948843,-0.26347375,0.13210076,-0.10402415,0.4010998,0.21147968,-0.23014504,-0.22071658
2022-09-21,0.13582055,-0.27681237,0.14909717,-0.16000283,0.34842396,0.23559698,-0.18057638,-0.25673237
2022-09-22,0.18929696,-0.27061224,0.13298571,-0.111212865,0.39605108,0.20528318,-0.22323701,-0.2311265
2022-09-23,0.14300568,-0.2950953,0.14665076,-0.16546763,0.3614143,0.20306548,-0.18363732,-0.2582262
2022-09-26,0.25032383,-0.2986117,0.09187766,-0.080885045,0.47984335,0.13385457,-0.27728465,-0.18097161
2022-09-27,0.19550374,-0.31813014,0.10856839,-0.11479065,0.42058358,0.1127997,-0.21441448,-0.27589488
2022-09-28,0.11912325,-0.2434132,0.1757642,-0.16249992,0.31296965,0.29825127,-0.17228943,-0.25134733
2022-09-29,0.17770423,-0.26789454,0.14040846,-0.12448685,0.3860442,0.22224751,-0.21796042,-0.22370051
2022-09-30,0.14682415,-0.25671846,0.16148567,-0.15191329,0.34718132,0.27092245,-0.19597009,-0.22893865
2022-10-10,0.13106497,-0.23266625,0.181539,-0.15490203,0.3180095,0.3152178,-0.18642601,-0.23005758
2022-10-11,0.18719733,-0.29044992,0.121660836,-0.1255789,0.4076621,0.18497556,-0.22300231,-0.22919433
2022-10-12,0.1620781,-0.3710965,0.0901318,-0.14586948,0.40668485,0.033669427,-0.16790399,-0.36448535
2022-10-13,0.23010439,-0.30372936,0.1070376,-0.09695762,0.45380732,0.13095272,-0.25463137,-0.21391366
2022-10-14,0.20219803,-0.35489726,0.0793258,-0.14351211,0.46366033,0.08128235,-0.23157352,-0.22875302
2022-10-17,0.1735152,-0.29348266,0.13144332,-0.1318495,0.38891238,0.17782527,-0.20496163,-0.2591321
2022-10-18,0.15153185,-0.2956497,0.13167542,-0.16886346,0.38281825,0.21914276,-0.20262617,-0.22091402
2022-10-19,0.18195114,-0.26393425,0.14154229,-0.11789581,0.38509065,0.22469482,-0.21954694,-0.2294948
2022-10-20,0.138409,-0.31226587,0.12249974,-0.19395663,0.38722628,0.21492812,-0.19716763,-0.20792583
2022-10-21,0.14480768,-0.27549008,0.14375228,-0.16131823,0.36321378,0.24695562,-0.19567758,-0.22881432
2022-10-24,0.12751447,-0.21966061,0.18654016,-0.15050386,0.30836546,0.33792388,-0.1849232,-0.23113658
2022-10-25,0.14190906,-0.29542917,0.14256513,-0.17595883,0.36814326,0.22035167,-0.1925855,-0.23445271
2022-10-26,0.26341715,-0.31526253,0.07670229,-0.075127445,0.5026155,0.10020777,-0.2867719,-0.18178003
2022-10-27,0.1201136,-0.24342258,0.17310786,-0.16319004,0.31595513,0.29971483,-0.17415723,-0.24351351
2022-10-28,0.12877002,-0.22377455,0.18548223,-0.15497333,0.31311426,0.33321324,-0.18757778,-0.22269194
2022-10-31,0.23802349,-0.29834294,0.099844955,-0.092640884,0.46436864,0.14746667,-0.26739976,-0.1957398
2022-11-01,0.19860788,-0.32667065,0.08952383,-0.11416978,0.43776855,0.10098372,-0.21992889,-0.26920456
2022-11-02,0.22056454,-0.34510353,0.08249993,-0.12980177,0.47557938,0.089360856,-0.2500777,-0.2075757
2022-11-03,0.20862386,-0.28931278,0.11696597,-0.09911498,0.42269364,0.15856831,-0.23357281,-0.24015792
2022-11-04,0.25071585,-0.3660853,0.05920241,-0.108089894,0.51495,0.030333437,-0.26952264,-0.21206528
2022-11-07,0.18008521,-0.28796342,0.12937883,-0.13210976,0.39658666,0.19817011,-0.21722806,-0.23584722
2022-11-08,0.13000178,-0.25220054,0.16593614,-0.15367256,0.32740834,0.27589768,-0.17861637,-0.25680643
2022-11-09,0.14367136,-0.25465652,0.15616378,-0.14374869,0.345601,0.26248264,-0.19002694,-0.24496503
2022-11-10,0.14216292,-0.25402933,0.1603936,-0.14288332,0.33832967,0.26370525,-0.18594909,-0.25780308
2022-11-11,0.06304529,-0.25465846,0.18633997,-0.22076032,0.27075425,0.33216342,-0.13301107,-0.262266
2022-11-14,0.14648002,-0.24432805,0.16654313,-0.14402167,0.3404659,0.2854398,-0.19657385,-0.23012175
2022-11-15,0.21671087,-0.356641,0.06649735,-0.13429125,0.48324955,0.07737633,-0.24706748,-0.21327148
2022-11-16,0.15286478,-0.24560688,0.15774995,-0.13485423,0.3510643,0.27191377,-0.20026785,-0.22978385
2022-11-17,0.11436525,-0.27075845,0.16046226,-0.172419,0.3215739,0.25824618,-0.16235459,-0.27593568
2022-11-18,0.19958615,-0.28041366,0.1273804,-0.11348688,0.41432306,0.18803571,-0.23436615,-0.21502002
2022-11-21,0.18119761,-0.29749012,0.12082749,-0.1297117,0.4044492,0.17117523,-0.2144284,-0.24444355
2022-11-22,0.13800618,-0.24115358,0.16846162,-0.15690482,0.3370285,0.30594674,-0.19686067,-0.21115392
2022-11-23,0.14124838,-0.30473143,0.13887027,-0.17297737,0.3679255,0.19603096,-0.18432495,-0.2553103
2022-11-24,0.16009408,-0.27137122,0.14283857,-0.1407042,0.3705862,0.23252425,-0.20305234,-0.23624583
2022-11-25,0.14410369,-0.26516843,0.15088901,-0.15328367,0.35435075,0.25451097,-0.19335565,-0.23402198
2022-11-28,0.1844437,-0.30303603,0.11484272,-0.12996586,0.41153276,0.16528532,-0.21812415,-0.2431915
2022-11-29,0.20535243,-0.32597068,0.09564977,-0.12979661,0.4498482,0.12337309,-0.23795295,-0.21759225
2022-11-30,0.1650024,-0.28198856,0.13393924,-0.14827707,0.38692507,0.22358985,-0.21213496,-0.2168722
2022-12-01,0.1868045,-0.27706996,0.13295752,-0.11726292,0.3958714,0.19828728,-0.22024253,-0.23445927
2022-12-02,0.19576778,-0.2769729,0.12952557,-0.107244276,0.40437642,0.18686321,-0.2260583,-0.23431925
2022-12-05,0.13721657,-0.2574502,0.15701222,-0.15054622,0.3409602,0.2639039,-0.18524688,-0.24793471
2022-12-06,0.2085225,-0.29336637,0.10914519,-0.11284233,0.43536842,0.1714494,-0.24344122,-0.20630096
2022-12-07,0.22126132,-0.30109906,0.10473,-0.10215356,0.44902286,0.14278632,-0.2502871,-0.2105807
2022-12-08,0.17204821,-0.28201967,0.13322002,-0.13231699,0.38625345,0.20366585,-0.20950472,-0.24064286
2022-12-09,0.15889335,-0.29826102,0.1281108,-0.14869285,0.38283533,0.18763252,-0.19690633,-0.25661388
2022-12-12,0.15994966,-0.2798645,0.13858092,-0.14851026,0.3773475,0.22546916,-0.20495722,-0.227946
2022-12-13,0.13202384,-0.2640105,0.16138923,-0.16149975,0.33678937,0.26008725,-0.1804083,-0.24908178
2022-12-14,0.15458384,-0.2719326,0.14644796,-0.14689827,0.36577326,0.23560442,-0.19924527,-0.2365893
2022-12-15,0.18041864,-0.31261346,0.11416664,-0.1357774,0.41045982,0.14831398,-0.21149772,-0.25387573
2022-12-16,0.15435448,-0.26203358,0.15032446,-0.13896447,0.35860553,0.24609223,-0.19786829,-0.2421471
2022-12-19,0.15218353,-0.24125667,0.1689584,-0.13360216,0.34100145,0.27597702,-0.19710499,-0.23730282
2022-12-20,0.14086702,-0.25891832,0.15781486,-0.1531848,0.34480476,0.26597095,-0.19022721,-0.23907007
2022-12-21,0.1662465,-0.25980964,0.14619961,-0.12578999,0.36794698,0.23876654,-0.20587048,-0.2398717
2022-12-22,0.16151947,-0.25597644,0.1515589,-0.13608555,0.3652585,0.2563506,-0.20826825,-0.22004057
2022-12-23,0.1832629,-0.27125978,0.13715279,-0.11784772,0.3906916,0.20751157,-0.21873268,-0.23231141
2022-12-26,0.21904856,-0.31567284,0.09515584,-0.10624447,0.45240393,0.12047359,-0.24378824,-0.22783296
2022-12-27,0.17242114,-0.31866083,0.11334372,-0.1501891,0.40957746,0.15189907,-0.20846564,-0.2449084
2022-12-28,0.14754662,-0.28315252,0.13840228,-0.1603199,0.36917678,0.23151305,-0.19589141,-0.23366936
2022-12-29,0.21417096,-0.30648097,0.10202914,-0.10979888,0.44422892,0.14232618,-0.24310383,-0.22025476
2022-12-30,0.16905564,-0.27080858,0.14454347,-0.1302145,0.3749798,0.21954568,-0.20708555,-0.24129961
2023-01-03,0.16368373,-0.3251889,0.10805895,-0.16267163,0.40900216,0.15514682,-0.20420331,-0.24336736
2023-01-04,0.15754542,-0.25700384,0.15145111,-0.1314508,0.3573528,0.24826545,-0.1991879,-0.24582873
2023-01-05,0.21486369,-0.3470465,0.07921664,-0.12643442,0.4679415,0.0828317,-0.24025443,-0.23352303
2023-01-06,0.21258232,-0.3064425,0.10364615,-0.113171265,0.44322434,0.14606844,-0.24368945,-0.2164949
2023-01-09,0.1865777,-0.27343622,0.13358116,-0.11066587,0.39235112,0.19684277,-0.21748129,-0.24498145
2023-01-10,0.18933284,-0.3256926,0.10593098,-0.13474023,0.42596573,0.12203852,-0.21717131,-0.2512806
2023-01-11,0.14946009,-0.2554649,0.15326244,-0.14532322,0.35521114,0.26550102,-0.19912842,-0.22609691
2023-01-12,0.17955959,-0.27213687,0.13935566,-0.115879245,0.38278553,0.20139876,-0.21075508,-0.25009328
2023-01-13,0.16966663,-0.28680158,0.13071981,-0.133622,0.3857733,0.19616039,-0.20579746,-0.2514088
2023-01-16,0.24471608,-0.3208552,0.07969802,-0.097281665,0.48942634,0.109082006,-0.2731173,-0.18464223
2023-01-17,0.18166536,-0.27567977,0.1347594,-0.11815831,0.38892815,0.2013708,-0.21468544,-0.24489523
2023-01-18,0.15092207,-0.27808157,0.14149055,-0.15177658,0.36780623,0.2283189,-0.1963917,-0.23734625
2023-01-19,0.1838674,-0.31558675,0.10650457,-0.13972247,0.42200154,0.15196414,-0.2198044,-0.2341652
2023-01-20,0.16673145,-0.28677225,0.1343573,-0.14038853,0.3837096,0.20160764,-0.20521474,-0.24335675
2023-01-30,0.12645644,-0.24059184,0.17289895,-0.15500951,0.31930172,0.29909596,-0.17926523,-0.24674045
2023-01-31,0.15512076,-0.24759677,0.16068554,-0.13679779,0.35190275,0.27041927,-0.20221877,-0.22768115
2023-02-01,0.16278097,-0.29953498,0.1326657,-0.14216053,0.38015383,0.17600092,-0.1948246,-0.2719147
2023-02-02,0.1602835,-0.25913066,0.14881617,-0.13776018,0.36674112,0.25296578,-0.20743024,-0.22137566
2023-02-03,0.135766,-0.27049714,0.15752149,-0.15054509,0.336748,0.23542684,-0.17434523,-0.28057995
2023-02-06,0.13279277,-0.26333722,0.16120416,-0.15669094,0.33521926,0.25564727,-0.1788997,-0.25797197
2023-02-07,0.14860225,-0.26428115,0.15273681,-0.14483391,0.35276097,0.24775827,-0.19282845,-0.24808694
2023-02-08,0.16549575,-0.26428396,0.14470091,-0.13495052,0.3732856,0.24044037,-0.20941931,-0.22513814
2023-02-09,0.21747595,-0.32463494,0.093737744,-0.106467344,0.4529384,0.09736292,-0.23774621,-0.243555
2023-02-10,0.14323318,-0.2483941,0.16434374,-0.13668366,0.3345412,0.26475954,-0.185191,-0.26137176
2023-02-13,0.2112552,-0.30143327,0.113191806,-0.1039498,0.43052483,0.13977012,-0.23466495,-0.24235637
2023-02-14,0.13808513,-0.26422027,0.15659386,-0.15135896,0.34157217,0.25137198,-0.1827668,-0.25806525
2023-02-15,0.14583462,-0.2682336,0.15228233,-0.15341322,0.35395503,0.24946308,-0.19277665,-0.24021138
2023-02-16,0.17821288,-0.25060117,0.14550918,-0.13242146,0.38819152,0.26828122,-0.23214644,-0.17323992
2023-02-17,0.12574612,-0.23544505,0.17825362,-0.1567391,0.3156525,0.31056777,-0.18035871,-0.23875089
2023-02-20,0.16852461,-0.3281836,0.10946762,-0.15030345,0.40738714,0.12962791,-0.19909754,-0.2680036
2023-02-21,0.16045871,-0.264077,0.14777118,-0.13566114,0.36587274,0.24012135,-0.20335454,-0.23627688
2023-02-22,0.17036277,-0.26662484,0.14045632,-0.12992176,0.37961265,0.23140652,-0.21234319,-0.22574122
2023-02-23,0.18157491,-0.27786422,0.13433039,-0.12596339,0.3932823,0.2080949,-0.21894088,-0.22947972
2023-02-24,0.12879303,-0.25723085,0.1659281,-0.16088219,0.32928455,0.27323478,-0.17878172,-0.2509291
2023-02-27,0.16576898,-0.26610693,0.14405864,-0.13296108,0.37279963,0.23505414,-0.20802233,-0.2327808
2023-02-28,0.16957936,-0.27505597,0.13790709,-0.12608764,0.37708578,0.20930721,-0.20459709,-0.2544562
2023-03-01,0.17548597,-0.2943846,0.12118698,-0.13763809,0.4026516,0.18734594,-0.21535099,-0.22952281
2023-03-02,0.14850238,-0.25706777,0.15860948,-0.14274369,0.34803468,0.25664416,-0.19325021,-0.24406563
2023-03-03,0.15891907,-0.2826512,0.1431449,-0.14080144,0.36852807,0.20589179,-0.19500926,-0.2608911
2023-03-06,0.13723734,-0.3112936,0.12840527,-0.18534525,0.37607557,0.20317805,-0.18788353,-0.23941515
2023-03-07,0.14616457,-0.2448542,0.1655469,-0.14780626,0.34383464,0.28766453,-0.19907746,-0.21924488
2023-03-08,0.17475438,-0.27475163,0.13898247,-0.1268003,0.38396698,0.21049869,-0.21189618,-0.2395389
2023-03-09,0.16405913,-0.28024697,0.13803828,-0.13890031,0.37843382,0.20940483,-0.20385408,-0.24059115
2023-03-10,0.17276224,-0.30163494,0.11962848,-0.14701356,0.40294012,0.1860375,-0.21318778,-0.22700448
2023-03-13,0.15225622,-0.275323,0.14571658,-0.15038441,0.36425233,0.23396671,-0.19692984,-0.24033384
2023-03-14,0.12730074,-0.28785098,0.15253395,-0.16927335,0.3408321,0.2187858,-0.1693399,-0.2785904
2023-03-15,0.16934216,-0.25300032,0.15602443,-0.12188372,0.36313644,0.24459855,-0.20801196,-0.23934431
2023-03-16,0.15810362,-0.2542467,0.15362087,-0.13674808,0.35954383,0.26028585,-0.20439035,-0.22725426
2023-03-17,0.14680833,-0.26887327,0.1511957,-0.15879384,0.35938385,0.25487044,-0.19807178,-0.22362088
2023-03-20,0.17171493,-0.27414617,0.13162592,-0.13681075,0.39037898,0.22864361,-0.21738988,-0.21070851
2023-03-21,0.18974325,-0.314054,0.11120955,-0.12690748,0.4189297,0.13589811,-0.21689537,-0.2529431
2023-03-22,0.17494568,-0.27242225,0.14061332,-0.121450774,0.37942895,0.20747848,-0.20838183,-0.25005853
2023-03-23,0.1973067,-0.2986591,0.11563485,-0.11562638,0.4193875,0.15616284,-0.2262862,-0.23957212
2023-03-24,0.17078424,-0.28548914,0.13214374,-0.13589579,0.38765895,0.20101707,-0.20914477,-0.2398536
2023-03-27,0.20370957,-0.30392373,0.110600166,-0.110979974,0.42762226,0.1411543,-0.22924131,-0.24175029
2023-03-28,0.14173332,-0.26510355,0.15333706,-0.15798393,0.35212523,0.2591856,-0.19260424,-0.23053981
2023-03-29,0.17524767,-0.28125983,0.13368413,-0.1314061,0.38974196,0.20414,-0.21310219,-0.23411198
2023-03-30,0.16607578,-0.29381263,0.13001487,-0.14087383,0.38656265,0.18667436,-0.20244288,-0.25083616
2023-03-31,0.1662488,-0.28567243,0.13414454,-0.13688917,0.3821562,0.1977628,-0.20305774,-0.24882354
2023-04-03,0.20414145,-0.3226246,0.10050542,-0.1229058,0.4399198,0.121180974,-0.23115152,-0.23995842
2023-04-04,0.13116348,-0.26742846,0.15638837,-0.16024384,0.33843267,0.2540987,-0.17859271,-0.25825658
2023-04-06,0.1814197,-0.29426926,0.124162205,-0.1252299,0.3998591,0.17137553,-0.21256164,-0.25187105
2023-04-07,0.20265168,-0.29207197,0.11684201,-0.11034659,0.4227224,0.16410132,-0.23289111,-0.22807638
2023-04-10,0.15640056,-0.270638,0.14936107,-0.14055303,0.36261088,0.22876516,-0.19690308,-0.24755313
2023-04-11,0.17751558,-0.25767148,0.14644885,-0.115531236,0.37522995,0.23336096,-0.21412927,-0.23781644
2023-04-12,0.141616,-0.28150433,0.14521495,-0.16235991,0.3583347,0.23331393,-0.18852785,-0.24638425
2023-04-13,0.16615033,-0.26962706,0.14090323,-0.13530582,0.376849,0.23040394,-0.20912811,-0.22953556
2023-04-14,0.17886272,-0.29645365,0.12216736,-0.1353116,0.4029481,0.18147166,-0.2154206,-0.23464645
2023-04-17,0.17652187,-0.2784328,0.13576177,-0.123392746,0.38559338,0.19937706,-0.21035361,-0.24832498
2023-04-18,0.15856373,-0.27708828,0.14384037,-0.14324328,0.3699386,0.22014917,-0.19921738,-0.2439635
2023-04-19,0.15361401,-0.2697793,0.14685416,-0.14634669,0.3642807,0.23847213,-0.19881219,-0.23492883
2023-04-20,0.13705109,-0.2564335,0.16049916,-0.15469995,0.3392467,0.27225244,-0.18719852,-0.24180733
2023-04-21,0.15037519,-0.22758938,0.17200693,-0.1330441,0.33727056,0.30381516,-0.20127931,-0.21928538
2023-04-24,0.12866868,-0.23833853,0.1720796,-0.15703367,0.32376248,0.30828962,-0.1851983,-0.23079424
2023-04-25,0.097868145,-0.24170555,0.18397877,-0.17755897,0.2895661,0.31576025,-0.15482083,-0.26964507
2023-04-26,0.22556067,-0.33061552,0.08595998,-0.11692686,0.47132492,0.10746893,-0.25372395,-0.20696831
2023-04-27,0.1977781,-0.2942918,0.1196293,-0.111115284,0.41547018,0.15674517,-0.22481787,-0.24328585
2023-04-28,0.16734815,-0.2875505,0.13321999,-0.13968222,0.3845702,0.20079061,-0.20556483,-0.24556108
2023-05-04,0.13441126,-0.25549918,0.1648339,-0.15243928,0.33278686,0.2665268,-0.18132758,-0.25347918
2023-05-05,0.12965016,-0.2620167,0.16158259,-0.16338515,0.33338162,0.2699179,-0.1797719,-0.24856834
2023-05-08,0.14799479,-0.2906744,0.1350773,-0.15967014,0.37223983,0.21297745,-0.19296774,-0.24470912
2023-05-09,0.15412413,-0.25718322,0.15181983,-0.14411552,0.36116815,0.26119244,-0.20365795,-0.21940838
2023-05-10,0.17582934,-0.31580812,0.11634397,-0.14931147,0.41149947,0.15632437,-0.21274745,-0.23596562
2023-05-11,0.19922784,-0.28262794,0.121558525,-0.11032423,0.41531613,0.18308702,-0.23203558,-0.22332259
2023-05-12,0.1605928,-0.26187962,0.14967284,-0.14064777,0.36661494,0.25121668,-0.20720321,-0.22336467
2023-05-15,0.20553604,-0.31187847,0.10692523,-0.108589895,0.43035325,0.12296437,-0.22707099,-0.2559892
2023-05-16,0.15168585,-0.26804155,0.14825484,-0.14842282,0.36159375,0.2455779,-0.19832772,-0.23372369
2023-05-17,0.16056067,-0.27377546,0.14081618,-0.13962653,0.3720486,0.22703116,-0.2025873,-0.23961361
2023-05-18,0.14840084,-0.2533006,0.15698221,-0.14070863,0.34825182,0.2651393,-0.19508576,-0.2410466
2023-05-19,0.17858109,-0.2873558,0.1293469,-0.13168523,0.39608333,0.19420952,-0.2158002,-0.234553
2023-05-22,0.16295066,-0.27502647,0.13746932,-0.13486335,0.37539816,0.2177615,-0.20289141,-0.24503641
2023-05-23,0.15585376,-0.26379773,0.14929757,-0.14529617,0.36376268,0.25126648,-0.20304424,-0.22429822
2023-05-24,0.18136045,-0.29501313,0.12272782,-0.13927275,0.4082197,0.18986012,-0.2225458,-0.21673141
2023-05-25,0.17252648,-0.27175587,0.14244041,-0.12461654,0.37763152,0.21279404,-0.2080718,-0.24783646
2023-05-26,0.13163091,-0.27958673,0.15037614,-0.16702549,0.34671164,0.23743983,-0.17891434,-0.25505134
2023-05-29,0.12524667,-0.25099295,0.16992491,-0.1574963,0.3209634,0.27928987,-0.1740993,-0.25922573
2023-05-30,0.17092994,-0.2830981,0.13750008,-0.118917525,0.37398127,0.1821548,-0.19616234,-0.28468147
2023-05-31,0.14755714,-0.2620994,0.15535864,-0.14240697,0.3487156,0.24644901,-0.18979967,-0.25451198
2023-06-01,0.21356094,-0.29091418,0.115184374,-0.10760236,0.43484426,0.16728602,-0.24601972,-0.20612746
2023-06-02,0.1924325,-0.30120832,0.112957545,-0.12547478,0.42027527,0.16441733,-0.22649705,-0.22905077
2023-06-05,0.11590184,-0.25749275,0.16576657,-0.17191981,0.32065302,0.28386724,-0.17039004,-0.25179785
2023-06-06,0.14082399,-0.2560616,0.15805414,-0.1562859,0.34712332,0.2744529,-0.19358477,-0.22332795
2023-06-07,0.12372607,-0.2532311,0.1676051,-0.16682367,0.32644433,0.28763846,-0.17899555,-0.2394997
2023-06-08,0.16543518,-0.2714038,0.14549315,-0.13268486,0.37185887,0.2193976,-0.2035822,-0.24380578
2023-06-09,0.16609131,-0.28961992,0.13332376,-0.13362463,0.37968516,0.18608281,-0.19844505,-0.266346
2023-06-12,0.17755637,-0.31449848,0.114095934,-0.14158985,0.4106508,0.1494975,-0.21054971,-0.24782704
2023-06-13,0.18100369,-0.30559978,0.1171783,-0.13645822,0.40966251,0.16453923,-0.21586487,-0.24037774
2023-06-14,0.1651384,-0.27632788,0.13957015,-0.13997169,0.37902576,0.22150654,-0.20768353,-0.23095588
2023-06-15,0.22114646,-0.3556692,0.07792462,-0.11246862,0.4691333,0.04326199,-0.23334265,-0.26683134
2023-06-16,0.1767711,-0.32261404,0.110026576,-0.14590932,0.41438437,0.13931434,-0.20938176,-0.2511847
2023-06-19,0.16088268,-0.28277606,0.13808903,-0.14359383,0.37637517,0.21173397,-0.20136783,-0.2431639
2023-06-20,0.17781788,-0.29736602,0.12260448,-0.14000389,0.40392953,0.18574415,-0.21704355,-0.22785564
2023-06-21,0.12462613,-0.23937647,0.17623171,-0.16170812,0.31815484,0.30820036,-0.18081349,-0.23493753
2023-06-26,0.15395251,-0.29140666,0.13644141,-0.16607557,0.38061526,0.22356771,-0.204216,-0.21975295
2023-06-27,0.17129749,-0.28601718,0.13747963,-0.13432437,0.38357896,0.1951768,-0.20653358,-0.24946482
2023-06-28,0.1426319,-0.2832902,0.14323556,-0.15952525,0.35914803,0.22584382,-0.18676865,-0.25292355
2023-06-29,0.18639264,-0.2901912,0.12718967,-0.123683915,0.40287152,0.17826901,-0.2189079,-0.23986371
2023-06-30,0.21654034,-0.3307741,0.08567662,-0.12489999,0.46615756,0.11509598,-0.24894705,-0.20584711
2023-07-03,0.17361155,-0.29047686,0.12904298,-0.1410574,0.39503324,0.20004748,-0.21423689,-0.22997914
2023-07-04,0.16385564,-0.29301715,0.12838098,-0.1482596,0.38843215,0.20096192,-0.20596212,-0.23663776
2023-07-05,0.15400702,-0.25666428,0.15475866,-0.13937765,0.35522923,0.2566758,-0.1990599,-0.23563431
2023-07-06,0.17267066,-0.25105992,0.15092075,-0.11795209,0.3689803,0.24668238,-0.21241075,-0.23163833
2023-07-07,0.153388,-0.27657318,0.1438227,-0.15196551,0.36862385,0.23244344,-0.1993221,-0.23220284
2023-07-10,0.20995212,-0.28380722,0.118680574,-0.09738643,0.42245847,0.16808884,-0.23677936,-0.23133765
2023-07-11,0.16960311,-0.30150414,0.12252151,-0.14404987,0.39586824,0.18047363,-0.20701054,-0.24621893
2023-07-12,0.15407643,-0.26588392,0.1476177,-0.14829013,0.36529973,0.24993916,-0.20282128,-0.22347917
2023-07-13,0.21313,-0.30164355,0.111288406,-0.10081233,0.43271473,0.13551563,-0.23549455,-0.2427309
2023-07-14,0.14683557,-0.27182704,0.14928865,-0.14972763,0.35627252,0.23544963,-0.1905182,-0.2488756
2023-07-17,0.14412235,-0.26721293,0.15131119,-0.14997427,0.35157153,0.24652885,-0.18950686,-0.24840216
2023-07-18,0.15178293,-0.2783363,0.14313635,-0.15098566,0.36670566,0.22696443,-0.19607973,-0.24051212
2023-07-19,0.13798921,-0.25868103,0.16028354,-0.15164486,0.3387289,0.2628447,-0.18459606,-0.25225297
2023-07-20,0.165373,-0.2529296,0.15640762,-0.13343379,0.3649791,0.2580833,-0.21093768,-0.21782096
2023-07-21,0.1923939,-0.27866852,0.1260634,-0.109622076,0.40442863,0.1865913,-0.2238681,-0.235821
2023-07-24,0.17042872,-0.26019686,0.14736399,-0.1238923,0.37201318,0.2339675,-0.20959848,-0.23493539
2023-07-25,0.16997898,-0.3036133,0.12092265,-0.14817311,0.40041953,0.18110554,-0.21008271,-0.23531248
2023-07-26,0.17447463,-0.28427926,0.13168454,-0.13147889,0.39022753,0.19784333,-0.21131253,-0.23935984
2023-07-27,0.16961905,-0.2634452,0.1456764,-0.13218784,0.37616098,0.23909302,-0.21312225,-0.22215472
2023-07-28,0.19497496,-0.35175636,0.08271103,-0.1506518,0.45481837,0.098687425,-0.22835979,-0.23071955
2023-07-31,0.2018482,-0.27144325,0.1316613,-0.09863032,0.4051423,0.19050199,-0.23004091,-0.23563392
2023-08-01,0.16844244,-0.2529568,0.15314233,-0.12219274,0.36434218,0.24701963,-0.20837101,-0.23771657
2023-08-02,0.17325398,-0.2698892,0.1418266,-0.12489651,0.37845328,0.2175189,-0.20974267,-0.24193986
2023-08-03,0.1960204,-0.30573294,0.11484439,-0.120280765,0.42061558,0.14665712,-0.2239885,-0.24394514
2023-08-04,0.15090004,-0.29934037,0.13562366,-0.1651841,0.3781056,0.2001174,-0.19524497,-0.23969688
2023-08-07,0.14562726,-0.26762873,0.1510813,-0.15114115,0.35402304,0.24754788,-0.19197145,-0.24223159
2023-08-08,0.16097596,-0.27946687,0.13628876,-0.14920837,0.38105917,0.22875781,-0.20827124,-0.22065537
2023-08-09,0.1799187,-0.28329903,0.12770322,-0.12978731,0.39816126,0.20159969,-0.21867877,-0.22689785
2023-08-10,0.17668495,-0.28398734,0.13345465,-0.12310817,0.38718417,0.18722746,-0.20763403,-0.25730786
2023-08-11,0.120823175,-0.23054987,0.18522653,-0.15919517,0.30736485,0.31865287,-0.17676708,-0.23899658
2023-08-14,0.14074054,-0.28556675,0.14451978,-0.15469554,0.353675,0.2125226,-0.17973614,-0.2740715
2023-08-15,0.1348378,-0.25769797,0.16233867,-0.14957255,0.3323871,0.26064065,-0.17892286,-0.26460212
2023-08-16,0.18886147,-0.2696916,0.13655025,-0.11543991,0.3951616,0.21302837,-0.22498989,-0.22571407
2023-08-17,0.1690959,-0.3062616,0.11446128,-0.14734209,0.40254655,0.1780226,-0.20879513,-0.24135058
2023-08-18,0.17188442,-0.251315,0.15225813,-0.12293375,0.36969805,0.25120914,-0.21419421,-0.22210439
2023-08-21,0.14506376,-0.26153088,0.15347779,-0.15145248,0.35325027,0.2577041,-0.19451293,-0.23142873
2023-08-22,0.120063595,-0.26299796,0.16161287,-0.15062074,0.31603533,0.2481591,-0.15834102,-0.30658618
2023-08-23,0.14158852,-0.25597757,0.1594398,-0.15649046,0.3471489,0.2744265,-0.19455197,-0.22298236
2023-08-24,0.19350925,-0.31868428,0.10541739,-0.13643576,0.43341467,0.14062731,-0.22827831,-0.22079699
2023-08-25,0.16394572,-0.26255327,0.14766398,-0.13312851,0.36893332,0.23886998,-0.20633343,-0.23206238
2023-08-28,-0.010315098,-0.17711152,0.23766464,-0.28629002,0.15311566,0.53498334,-0.034068376,-0.279191
2023-08-29,0.2659684,-0.35836175,0.05482263,-0.09731646,0.5301115,0.040981844,-0.28675306,-0.18555047
2023-08-30,0.18517223,-0.2721458,0.14017287,-0.10989518,0.3855205,0.1953555,-0.21370709,-0.25513318
2023-08-31,0.1553891,-0.2685694,0.14737707,-0.13891475,0.36209676,0.23057412,-0.1961275,-0.24824493
2023-09-01,0.15465328,-0.26152492,0.15071744,-0.13527149,0.3574322,0.2407938,-0.1958032,-0.24824937
2023-09-04,0.16059317,-0.2927913,0.12640989,-0.1468075,0.38646612,0.19670625,-0.20174769,-0.2429621
2023-09-05,0.16941908,-0.28105664,0.13583559,-0.1401466,0.38583833,0.21480548,-0.21141171,-0.22781484
2023-09-06,0.15387672,-0.28317776,0.1405397,-0.14725436,0.36866748,0.21212484,-0.19382966,-0.25272056
2023-09-07,0.1288735,-0.24013402,0.17420945,-0.15327317,0.3206057,0.2969907,-0.1808542,-0.24419264
2023-09-08,0.1539137,-0.28546894,0.1390455,-0.14866292,0.37051967,0.20901756,-0.19391787,-0.2523836
2023-09-11,0.17369628,-0.3074631,0.12003402,-0.14820205,0.4063276,0.1717168,-0.21286693,-0.23082347
2023-09-12,0.16376622,-0.27286607,0.13968784,-0.13765517,0.37572366,0.22639896,-0.2058362,-0.23408012
2023-09-13,0.13966723,-0.24474639,0.17111155,-0.14059995,0.3278274,0.275772,-0.18358117,-0.25881308
2023-09-14,0.15135667,-0.27033228,0.1492346,-0.1476137,0.35983443,0.23954304,-0.1958969,-0.24270187
2023-09-15,0.15674675,-0.26643035,0.14231193,-0.14442652,0.3694334,0.2492324,-0.20520109,-0.22332023
2023-09-18,0.21017668,-0.28685224,0.11762712,-0.09634204,0.42355457,0.15801546,-0.23475692,-0.23695911
2023-09-19,0.13598548,-0.27431086,0.14868915,-0.16523218,0.3513098,0.25052512,-0.18653062,-0.24119954
2023-09-20,0.15866937,-0.27480942,0.14312375,-0.14273997,0.37002224,0.22567074,-0.20063633,-0.24028964
2023-09-21,0.16189775,-0.26553443,0.14731938,-0.13445,0.3666771,0.23520464,-0.20278588,-0.24069221
2023-09-22,0.2133553,-0.33925998,0.08393394,-0.11423749,0.45748663,0.07976837,-0.23298809,-0.25605965
2023-09-25,0.16623062,-0.28208953,0.1360155,-0.13987489,0.38271856,0.20928806,-0.20666379,-0.23599358
2023-09-26,0.15890852,-0.26585984,0.14759761,-0.13836253,0.36600608,0.23761003,-0.20174462,-0.23551108
2023-09-27,0.21679774,-0.29546112,0.113821305,-0.094943166,0.4326867,0.14017001,-0.23909003,-0.23848225
2023-09-28,0.15601969,-0.27954477,0.14495274,-0.14592518,0.36726233,0.21754831,-0.1961042,-0.24885888
2023-10-09,0.14641938,-0.2793502,0.1431498,-0.14555475,0.35783377,0.21412362,-0.18479344,-0.26733
2023-10-10,0.15164766,-0.26235995,0.15582868,-0.14305064,0.35371077,0.24723963,-0.1952788,-0.24288975
2023-10-11,0.20137513,-0.2757026,0.1275374,-0.10678459,0.4127267,0.1920599,-0.23486143,-0.21873419
2023-10-12,0.14556152,-0.2948429,0.13775536,-0.16348141,0.36846226,0.20789509,-0.18938935,-0.25233614
2023-10-13,0.14619426,-0.267838,0.15201917,-0.14521277,0.3510334,0.23816979,-0.18777132,-0.25693613
2023-10-16,0.110536106,-0.24022593,0.17840376,-0.17526214,0.30774754,0.32152477,-0.17208973,-0.23536299
2023-10-17,0.16810985,-0.28059146,0.13553053,-0.13866736,0.38348958,0.2145235,-0.20934069,-0.23431595
2023-10-18,0.13805619,-0.2641678,0.15358296,-0.1560543,0.3462094,0.25850436,-0.18688983,-0.242251
2023-10-19,0.16994405,-0.2643355,0.1456877,-0.12706168,0.3734558,0.230772,-0.20915878,-0.23612396
2023-10-20,0.16744155,-0.26025292,0.14799401,-0.12932515,0.3696319,0.24267857,-0.20896253,-0.23293139
2023-10-23,0.11930294,-0.25282466,0.16586804,-0.17743905,0.3280296,0.30253986,-0.18164393,-0.22094028
2023-10-24,0.18776163,-0.28629088,0.1214406,-0.11193043,0.40299496,0.17309901,-0.21680614,-0.25164622
2023-10-25,0.13745207,-0.24425092,0.17056006,-0.14668593,0.32841167,0.2844285,-0.18531,-0.24745195
2023-10-26,0.16438888,-0.3027984,0.123906575,-0.13449864,0.38408336,0.16158354,-0.19247463,-0.28572008
2023-10-27,0.24079835,-0.3606894,0.06763915,-0.09540866,0.4899935,0.01762696,-0.2470187,-0.26484165
2023-10-30,0.25366473,-0.34874064,0.072076775,-0.09241396,0.5002921,0.04681077,-0.2672907,-0.22661774
2023-10-31,0.15480119,-0.2734242,0.14531612,-0.14068732,0.36329424,0.22424008,-0.1947566,-0.25312135
2023-11-01,0.14058445,-0.27931604,0.14329231,-0.16302852,0.35846353,0.24042203,-0.18911031,-0.24136795
2023-11-02,0.1538792,-0.25928828,0.1540606,-0.14480889,0.35810927,0.25908563,-0.20150557,-0.2277718
2023-11-03,0.21081382,-0.31065607,0.10040269,-0.113085486,0.44369322,0.13492954,-0.23954654,-0.22410302
2023-11-06,0.24420789,-0.3378057,0.074809365,-0.09766339,0.49097887,0.073501535,-0.26399204,-0.21559356
2023-11-07,0.15025051,-0.2884848,0.13962868,-0.15124209,0.36608952,0.2058374,-0.18897599,-0.26218468
2023-11-08,0.19356737,-0.2714737,0.12999538,-0.11279646,0.4046352,0.20836966,-0.23095697,-0.21734835
2023-11-09,0.17035052,-0.2812492,0.13832977,-0.13655663,0.38350597,0.20861526,-0.20919281,-0.2381664
2023-11-10,0.15838143,-0.28198093,0.13713974,-0.14690034,0.37555888,0.21880428,-0.20147648,-0.23923297
2023-11-13,0.1431765,-0.27073294,0.15133253,-0.1509936,0.35135752,0.23809855,-0.18670124,-0.25366446
2023-11-14,0.16944736,-0.26298237,0.14822114,-0.12479912,0.3693513,0.23083131,-0.20666972,-0.24438493
2023-11-15,0.14100078,-0.25925446,0.1561721,-0.15256691,0.34556788,0.2658475,-0.19009775,-0.23887499
2023-11-16,0.1211362,-0.24851213,0.17302161,-0.16257468,0.3164863,0.28962743,-0.17250064,-0.2544419
2023-11-17,0.18192239,-0.29515785,0.123433225,-0.12830302,0.4020871,0.17566013,-0.21497238,-0.24575521
2023-11-20,0.15359579,-0.3125414,0.12075434,-0.17164364,0.39406395,0.18815503,-0.20102066,-0.23007764
2023-11-21,0.1679022,-0.2630747,0.15007639,-0.13642102,0.37350193,0.24300031,-0.21261534,-0.21749698
2023-11-22,0.15288006,-0.25947136,0.15507406,-0.14390785,0.35642332,0.25491348,-0.19942245,-0.23206396
2023-11-23,0.16944121,-0.2937348,0.12625843,-0.13415007,0.38898215,0.18101136,-0.20306587,-0.25766876
2023-11-24,0.13714893,-0.2594157,0.15977058,-0.15354599,0.34029412,0.26208973,-0.1852828,-0.24671201
2023-11-27,0.14615408,-0.28202334,0.14390406,-0.15635021,0.36269835,0.22366393,-0.19036117,-0.24722327
2023-11-28,0.18283856,-0.28537756,0.12686917,-0.11906931,0.39630628,0.18411924,-0.2145361,-0.25034696
2023-11-29,0.15258276,-0.2607018,0.1505005,-0.14215587,0.35879156,0.25145394,-0.19898862,-0.23449607
2023-11-30,0.17836803,-0.27688897,0.13249153,-0.12074157,0.38849646,0.20157416,-0.21274436,-0.2443056
2023-12-01,0.14794546,-0.2998485,0.13526693,-0.15331376,0.3673839,0.18209167,-0.18218282,-0.27896017
2023-12-04,0.15001923,-0.26716256,0.14912194,-0.15163936,0.36134204,0.25007886,-0.19892406,-0.22719695
2023-12-05,0.14581399,-0.25635654,0.15949336,-0.14937374,0.34839892,0.2647728,-0.19455853,-0.23122375
2023-12-06,0.21937257,-0.29228455,0.11273762,-0.09762302,0.43810743,0.15221798,-0.24569681,-0.21755715
2023-12-07,0.15797874,-0.29843825,0.13177598,-0.15403035,0.38255548,0.1910534,-0.19807538,-0.24779667
2023-12-08,0.17464489,-0.30715817,0.11909179,-0.14434041,0.40543926,0.16823635,-0.21165004,-0.2382014
2023-12-11,0.15678409,-0.33607316,0.10891577,-0.16053605,0.39811182,0.12558495,-0.18699172,-0.2863792
2023-12-12,0.15857328,-0.27460074,0.14372775,-0.14110792,0.36820555,0.22470543,-0.19917288,-0.24552502
2023-12-13,0.1443573,-0.2510252,0.16202947,-0.1462471,0.3426266,0.2728166,-0.19278455,-0.23766871
2023-12-14,0.15688571,-0.257331,0.1539695,-0.13901387,0.35791543,0.25737476,-0.20196632,-0.23327886
2023-12-15,0.15888779,-0.2427522,0.15614173,-0.12945145,0.35558778,0.27566773,-0.20641056,-0.22382279
2023-12-18,0.15861505,-0.24600603,0.16077214,-0.13071412,0.35199913,0.26759654,-0.20300886,-0.23281889
2023-12-19,0.18066576,-0.28175324,0.12860298,-0.12824678,0.39833504,0.20257881,-0.21951056,-0.22579388
2023-12-20,0.14233768,-0.25304028,0.16062611,-0.14851344,0.34245422,0.2713216,-0.19093153,-0.2383358
2023-12-21,0.21247593,-0.34156057,0.08306556,-0.12825072,0.4639915,0.09466987,-0.23997813,-0.22680782
2023-12-22,0.16395853,-0.29705435,0.12396491,-0.16180182,0.39885545,0.21296252,-0.21502423,-0.20495848
2023-12-25,0.17381853,-0.2851395,0.13369825,-0.12861349,0.38591,0.191521,-0.20697269,-0.25301346
2023-12-26,0.123838775,-0.26669708,0.16187742,-0.16679628,0.3291248,0.2589089,-0.17198092,-0.26170903
2023-12-27,0.15593733,-0.29567754,0.13021773,-0.15779632,0.38291982,0.20459175,-0.2006113,-0.23680796
2023-12-28,0.27509367,-0.38219428,0.036832467,-0.09177481,0.5502887,-0.012263181,-0.28755376,-0.20338432
2023-12-29,0.19833395,-0.2869984,0.12227113,-0.106662914,0.41121525,0.16781859,-0.22514161,-0.24361615
2024-01-02,0.11842506,-0.25016323,0.16951346,-0.17005266,0.31996047,0.29648313,-0.17490566,-0.24076961
2024-01-03,0.1465088,-0.2511452,0.1613864,-0.1350738,0.3390624,0.25952378,-0.18739712,-0.2620513
2024-01-04,0.11227887,-0.24900074,0.17545462,-0.16890903,0.3081907,0.2942809,-0.16548118,-0.26198256
2024-01-05,0.16680196,-0.23745018,0.16433144,-0.12473473,0.3567028,0.279721,-0.21328261,-0.21584119
2024-01-08,0.14952455,-0.2452453,0.16407156,-0.1363545,0.3425367,0.27246276,-0.19511876,-0.24031751
2024-01-09,0.18320043,-0.26528454,0.13410053,-0.10891985,0.3882757,0.20999546,-0.21657366,-0.24222885
2024-01-10,0.19539867,-0.27728736,0.12264899,-0.10862279,0.41057634,0.18836656,-0.22905347,-0.22267382
2024-01-11,0.21629927,-0.34580624,0.08511569,-0.12801602,0.46883103,0.08010978,-0.24231616,-0.22402366
2024-01-12,0.18304983,-0.26147947,0.13950959,-0.11220916,0.3858416,0.22150125,-0.21903181,-0.23055808
2024-01-15,0.18182558,-0.27054426,0.13210008,-0.12190506,0.39448702,0.2176188,-0.22192058,-0.21876211
2024-01-16,0.17896754,-0.26676387,0.14257035,-0.108865194,0.37606215,0.20594881,-0.20771268,-0.26510033
2024-01-17,0.13045183,-0.23978345,0.17334104,-0.15759747,0.32497177,0.30475608,-0.1860677,-0.22901781
2024-01-18,0.18025416,-0.30937257,0.11653555,-0.12050096,0.40034473,0.13655691,-0.2030195,-0.29157305
2024-01-19,0.18388489,-0.27416587,0.13835922,-0.121559635,0.3897179,0.21100545,-0.21894857,-0.23454197
2024-01-22,0.15235047,-0.24423108,0.157127,-0.1493293,0.3569353,0.2959968,-0.20984942,-0.19222444
2024-01-23,0.22507319,-0.30774474,0.100265704,-0.09282975,0.451935,0.11350108,-0.2456378,-0.23123612
2024-01-24,0.103951246,-0.2738591,0.16649643,-0.16417734,0.30008113,0.23516195,-0.13925311,-0.3343271
2024-01-25,0.19529858,-0.33936697,0.08755054,-0.14127494,0.44963244,0.10860288,-0.22811216,-0.22950043
2024-01-26,0.14617033,-0.24332179,0.16544607,-0.1419823,0.3412066,0.28144798,-0.19512293,-0.23016949
2024-01-29,0.08728318,-0.21650487,0.20109054,-0.17885801,0.26604337,0.36493114,-0.15003255,-0.25979453
2024-01-30,0.16243795,-0.24820727,0.16305882,-0.13187376,0.35484576,0.263806,-0.20600954,-0.227989
2024-01-31,0.16860902,-0.2854433,0.13575387,-0.14920007,0.38877654,0.2192673,-0.21436897,-0.21779571
2024-02-01,0.2332448,-0.30389488,0.08652247,-0.09378173,0.4712201,0.13478988,-0.26334134,-0.19450356
2024-02-02,0.12377471,-0.20051546,0.19485688,-0.13391449,0.29012728,0.35405853,-0.17487308,-0.25154874
2024-02-05,0.15541667,-0.41085583,0.08735762,-0.19956897,0.42996204,0.007850874,-0.17382476,-0.31123382
2024-02-06,0.35702565,-0.44828635,-0.014462929,-0.034452822,0.65032345,-0.18948013,-0.33286348,-0.23015009
2024-02-07,0.26032737,-0.30023175,0.09494024,-0.0607672,0.4787304,0.10744105,-0.27559504,-0.21578772
2024-02-08,0.24072799,-0.25264794,0.12722674,-0.054388177,0.4325503,0.18664367,-0.26276988,-0.21317802
2024-02-19,0.12532105,-0.271662,0.15509546,-0.16129394,0.33340436,0.24313934,-0.16957432,-0.27378625
2024-02-20,0.17033899,-0.2794962,0.1370644,-0.12267338,0.37711015,0.19385466,-0.20111313,-0.2673841
2024-02-21,0.21893716,-0.3519316,0.07385679,-0.14592087,0.48782465,0.09972094,-0.25829113,-0.17624195
2024-02-22,0.17392209,-0.28793222,0.13230109,-0.13411997,0.38981038,0.19446656,-0.21004367,-0.24356405
2024-02-23,0.13398549,-0.27575687,0.15298378,-0.15698433,0.34124425,0.23309891,-0.17538098,-0.2724378
2024-02-26,0.15593296,-0.30022687,0.1284197,-0.16698176,0.38924623,0.2065559,-0.2045281,-0.21972789
2024-02-27,0.19859442,-0.3504519,0.086106576,-0.1385875,0.45083472,0.08452284,-0.22442222,-0.25261313
2024-02-28,0.19046512,-0.21600267,0.17233092,-0.090160824,0.36276114,0.27873346,-0.22853532,-0.21062176
2024-02-29,0.26897895,-0.32576457,0.070211716,-0.0550704,0.5011568,0.05512219,-0.27511117,-0.23609729
2024-03-01,0.18004912,-0.30005383,0.11801889,-0.12636518,0.40253153,0.1626711,-0.20972297,-0.25827402
2024-03-04,0.18990467,-0.28829104,0.12392808,-0.12373499,0.40845072,0.18945429,-0.22586623,-0.22672726
2024-03-05,0.19774866,-0.30004436,0.11408507,-0.12391911,0.42379823,0.16748102,-0.23205012,-0.22182117
2024-03-06,0.17080604,-0.32068676,0.11301432,-0.16358607,0.41480312,0.16593507,-0.21525362,-0.21952368
2024-03-07,0.149331,-0.21920002,0.1791999,-0.1249683,0.32569927,0.31121552,-0.19672483,-0.23568745
2024-03-08,0.16218197,-0.29679134,0.13440177,-0.13993058,0.37782025,0.17656669,-0.1936751,-0.27494776
2024-03-11,0.25387183,-0.38196862,0.04961639,-0.10522709,0.5223582,-0.0024505313,-0.26552173,-0.23528318
2024-03-12,0.1700663,-0.29443324,0.1309833,-0.1405642,0.3901307,0.18560946,-0.20672959,-0.24601631
2024-03-13,0.1478422,-0.27772292,0.1479466,-0.15625101,0.3619181,0.23073012,-0.1934089,-0.23871852
2024-03-14,0.16946006,-0.25576103,0.1526514,-0.12848458,0.36835364,0.2517005,-0.21244389,-0.2255008
2024-03-15,0.13118157,-0.29458588,0.1455732,-0.16067635,0.3446815,0.19724874,-0.16633722,-0.29997492
2024-03-18,0.18973595,-0.30555457,0.115563266,-0.12407337,0.4151953,0.14887215,-0.21880278,-0.24801002
2024-03-19,0.15875822,-0.2676672,0.1473608,-0.14195211,0.36821535,0.23796387,-0.20337072,-0.22959302
2024-03-20,0.18185648,-0.2858473,0.13211846,-0.12352964,0.39449197,0.18505895,-0.2142981,-0.2460831
2024-03-21,0.15574697,-0.26556206,0.15402627,-0.13780004,0.35667923,0.23388533,-0.19492748,-0.25193584
2024-03-22,0.11541025,-0.26620504,0.16634434,-0.1734298,0.32030177,0.26464057,-0.1649549,-0.2663469
2024-03-25,0.16165191,-0.26623887,0.14548597,-0.14876762,0.37606257,0.25257793,-0.21333042,-0.2026257
2024-03-26,0.18866771,-0.28587976,0.12778515,-0.11084258,0.39820334,0.16975586,-0.21467787,-0.2591071
2024-03-27,0.11596547,-0.25477853,0.16913497,-0.1760234,0.32028052,0.29216063,-0.17292044,-0.24068056
2024-03-28,0.20526876,-0.31710064,0.097624965,-0.13387552,0.450102,0.14940992,-0.24459505,-0.1940928
2024-03-29,0.17624772,-0.2907002,0.13093075,-0.12666836,0.38934267,0.17875463,-0.20649815,-0.26149568
2024-04-01,0.24046248,-0.31709164,0.08829462,-0.0877263,0.47340307,0.10031124,-0.2601827,-0.22211082
2024-04-02,0.13804145,-0.2729951,0.14814967,-0.16646439,0.35503092,0.2560871,-0.19128475,-0.22888125
2024-04-03,0.14791521,-0.27381384,0.14501533,-0.15679897,0.36372653,0.2449366,-0.19758543,-0.23006321
2024-04-08,0.15063334,-0.24397905,0.1608884,-0.13847691,0.3476206,0.28001586,-0.20009884,-0.22637658
2024-04-09,0.17647174,-0.30493093,0.117886774,-0.13963704,0.40542346,0.16988863,-0.21237144,-0.24241646
2024-04-10,0.101258226,-0.24565239,0.1773718,-0.17819975,0.29843813,0.31201395,-0.15934235,-0.25980705
2024-04-11,0.19738665,-0.2908613,0.12285689,-0.11803684,0.4176292,0.17101073,-0.23034951,-0.22175665
2024-04-12,0.16001487,-0.26600075,0.15118736,-0.14328001,0.3673905,0.24187018,-0.20525977,-0.22472133
2024-04-15,0.25307888,-0.29673386,0.096530296,-0.07408152,0.47712117,0.12904885,-0.27622065,-0.19188915
2024-04-16,0.13088723,-0.26818407,0.15726545,-0.17389672,0.34450436,0.26969904,-0.18686181,-0.22531326
2024-04-17,0.21253765,-0.29660517,0.11095343,-0.09575763,0.42826396,0.1430979,-0.23396698,-0.2499309
2024-04-18,0.17453974,-0.29875985,0.1145548,-0.14774626,0.41116327,0.19340819,-0.22062153,-0.20786478
2024-04-19,0.1194306,-0.2638456,0.1680499,-0.1701973,0.3222076,0.26697075,-0.16960824,-0.26295093
2024-04-22,0.19600117,-0.2833348,0.12297421,-0.109778225,0.410699,0.17794904,-0.22658014,-0.23186971
2024-04-23,0.15227933,-0.28270996,0.14441767,-0.14709602,0.3640922,0.21079859,-0.19062138,-0.25966758
2024-04-24,0.16141565,-0.29006535,0.13295051,-0.1415734,0.3803962,0.19310638,-0.19875836,-0.25310996
2024-04-25,0.18269828,-0.29278868,0.11790665,-0.13378942,0.40914267,0.19219309,-0.22255057,-0.21974133
2024-04-26,0.25178605,-0.3604232,0.06288431,-0.101077974,0.5095265,0.034156844,-0.26748347,-0.2221119
2024-04-29,0.27988037,-0.3457175,0.050269835,-0.07081471,0.5349718,0.042448178,-0.29453415,-0.1929069
2024-04-30,0.14373921,-0.26711398,0.15390402,-0.15093015,0.34992132,0.24479486,-0.18840018,-0.24795957
2024-05-06,0.17529872,-0.27790773,0.13444802,-0.12803727,0.38729978,0.2081481,-0.2125876,-0.2366739
2024-05-07,0.167317,-0.27517915,0.14065373,-0.1341794,0.37777963,0.21573818,-0.20625106,-0.24005862
2024-05-08,0.1335142,-0.25080988,0.16566145,-0.15322018,0.33120573,0.2783317,-0.18294924,-0.24663897
2024-05-09,0.21808133,-0.31094557,0.10090443,-0.108083956,0.44923523,0.1300089,-0.24528414,-0.22040607
2024-05-10,0.11568451,-0.26827905,0.16197538,-0.18059279,0.326844,0.27401763,-0.1711387,-0.24870838
2024-05-13,0.17977677,-0.27557546,0.13371661,-0.12728831,0.3944774,0.21074234,-0.21986711,-0.21984999
2024-05-14,0.15498933,-0.27225953,0.1466153,-0.14426556,0.36398396,0.23213194,-0.19725302,-0.24489318
2024-05-15,0.1618848,-0.25865963,0.15157539,-0.13573143,0.36497778,0.2503184,-0.20672446,-0.22663678
2024-05-16,0.16615158,-0.28873536,0.13048396,-0.15223011,0.39296713,0.21387511,-0.2136845,-0.21166098
2024-05-17,0.18559739,-0.30293095,0.120515116,-0.12195451,0.40519005,0.1496902,-0.21182314,-0.26315236
2024-05-20,0.18401799,-0.27420545,0.13648182,-0.112193376,0.38872266,0.19371893,-0.21415392,-0.25055578
2024-05-21,0.15692808,-0.26994574,0.14581868,-0.14430241,0.3672953,0.23805794,-0.20166537,-0.23310213
2024-05-22,0.17502522,-0.30810648,0.12076061,-0.13507827,0.3995408,0.1520209,-0.20433986,-0.26392254
2024-05-23,0.12211451,-0.25603476,0.16412815,-0.17042388,0.3272722,0.2901819,-0.17826656,-0.24035163
2024-05-24,0.16223085,-0.24852563,0.16159698,-0.12965433,0.3543594,0.26241216,-0.20485571,-0.23490451
2024-05-27,0.13233286,-0.2980069,0.13977432,-0.16996983,0.35539982,0.20535682,-0.17493236,-0.27261522
2024-05-28,0.15530266,-0.25800264,0.15307257,-0.13948633,0.3584699,0.2540798,-0.20103228,-0.23192815
2024-05-29,0.19787571,-0.26830953,0.137366,-0.10442099,0.40020964,0.20157292,-0.22948027,-0.22951321
2024-05-30,0.1755381,-0.28234118,0.13377053,-0.12940794,0.38869917,0.19917332,-0.21146363,-0.24113525
2024-05-31,0.17259645,-0.27425516,0.1396412,-0.13444126,0.38424516,0.22081998,-0.21400163,-0.22481282
2024-06-03,0.19119248,-0.2803194,0.12719205,-0.11407334,0.4046216,0.18911411,-0.22438878,-0.23079352
2024-06-04,0.2061626,-0.3104241,0.103798755,-0.110624924,0.4336768,0.13279234,-0.231359,-0.24641122
2024-06-05,0.18636799,-0.26881778,0.13630027,-0.11712126,0.39373514,0.21469936,-0.22347271,-0.22333087
2024-06-06,0.15142705,-0.25690156,0.15282613,-0.14571291,0.35662535,0.26599237,-0.20109123,-0.22487377
2024-06-07,0.094872415,-0.23597755,0.1952332,-0.17185883,0.27486306,0.31585267,-0.146081,-0.29013062
2024-06-11,0.16800427,-0.31425267,0.11490602,-0.14672469,0.40002257,0.15780534,-0.20186919,-0.26108617
2024-06-12,0.17394647,-0.2789324,0.13561678,-0.13076615,0.38640875,0.20780951,-0.21177575,-0.23650078
2024-06-13,0.1654627,-0.27017653,0.14242497,-0.13747106,0.37715352,0.22954203,-0.20901132,-0.22479548
2024-06-14,0.14097786,-0.31729126,0.12649319,-0.17365539,0.37613565,0.17287517,-0.18105292,-0.26758066
2024-06-17,0.21447593,-0.30836183,0.10204027,-0.11067225,0.44644162,0.13655671,-0.24370375,-0.2175201
2024-06-18,0.18988383,-0.2742433,0.13213861,-0.11515512,0.39940888,0.20458831,-0.2252225,-0.22801413
2024-06-19,0.115932465,-0.25758457,0.16825125,-0.17228775,0.31852943,0.283481,-0.16931355,-0.2547299
2024-06-20,0.14655438,-0.25524497,0.15913495,-0.14564787,0.34704357,0.2637583,-0.19344294,-0.23816894
2024-06-21,0.1523059,-0.28063518,0.14518681,-0.14414495,0.36216182,0.21043679,-0.18952623,-0.26251242
2024-06-24,0.16753396,-0.2667269,0.14691731,-0.13454424,0.37436786,0.23195897,-0.20977518,-0.22686748
2024-06-25,0.13282394,-0.24315551,0.17134866,-0.15599583,0.32914686,0.29624632,-0.18749022,-0.23084746
2024-06-26,0.18805273,-0.3311987,0.10200224,-0.13307558,0.42541364,0.10979064,-0.21279082,-0.26790988
2024-06-27,0.14033696,-0.26004598,0.15605792,-0.1522969,0.34542868,0.26159516,-0.18873999,-0.24182062
2024-06-28,0.20294681,-0.24424642,0.14644137,-0.09944395,0.39876544,0.2459729,-0.243599,-0.189787
2024-07-01,0.12537639,-0.30502743,0.14314598,-0.18099263,0.34983253,0.20102032,-0.16765544,-0.2785512
2024-07-02,0.16488138,-0.25976306,0.14961249,-0.13056698,0.367774,0.24096443,-0.20677894,-0.2319537
2024-07-03,0.14735793,-0.30118972,0.13131428,-0.17570314,0.38167635,0.2143094,-0.19913119,-0.22288527
2024-07-04,0.15334097,-0.26022437,0.15595785,-0.14403136,0.3554118,0.25478026,-0.19891968,-0.23484905
2024-07-05,0.15304205,-0.30966997,0.12807164,-0.15785368,0.38091767,0.17035337,-0.18925476,-0.2663857
2024-07-08,0.1574339,-0.24871755,0.15651995,-0.13506182,0.35605106,0.26952383,-0.2047446,-0.2246807
2024-07-09,0.17392649,-0.3404531,0.107352056,-0.15042827,0.41384155,0.10483459,-0.19916344,-0.27926895
2024-07-10,0.21714196,-0.27867156,0.1237495,-0.08996111,0.42446387,0.167656,-0.24222368,-0.22639965
2024-07-11,0.18722647,-0.29603153,0.11710953,-0.1239175,0.4128916,0.1667943,-0.22110757,-0.2333907
2024-07-12,0.17449,-0.29587242,0.124463595,-0.13826594,0.39826754,0.18359691,-0.21155274,-0.23790933
2024-07-15,0.15774652,-0.2817443,0.14052805,-0.14784327,0.3727518,0.21884018,-0.20008513,-0.24096937
2024-07-16,0.19616237,-0.31805667,0.1089708,-0.12541081,0.42659885,0.12788676,-0.22232452,-0.24886595
2024-07-17,0.16891259,-0.3034702,0.12249216,-0.14874831,0.39862743,0.17984459,-0.20830342,-0.23748432
2024-07-18,0.19081473,-0.33943358,0.09599031,-0.14681754,0.44007194,0.11319654,-0.22339115,-0.2367286
2024-07-19,0.20073882,-0.31118524,0.10498711,-0.123029135,0.4332799,0.14514245,-0.2320553,-0.228483
2024-07-22,0.16703463,-0.2657088,0.14373425,-0.12665604,0.3709238,0.22794253,-0.20532766,-0.24570076
2024-07-23,0.10865911,-0.23288348,0.18376115,-0.17594233,0.30213898,0.33498797,-0.17211345,-0.22967081
2024-07-24,0.16325164,-0.25773638,0.15390846,-0.13748647,0.3653013,0.25566348,-0.20920974,-0.22167714
2024-07-25,0.18343058,-0.2832841,0.13064337,-0.12581742,0.39767715,0.19732308,-0.21962106,-0.23285203
2024-07-26,0.19042239,-0.2915309,0.12652645,-0.12643126,0.40876874,0.18411137,-0.22573271,-0.22748916
2024-07-29,0.12970744,-0.2670017,0.15579826,-0.16557752,0.34045026,0.26121596,-0.1812624,-0.24471061
2024-07-30,0.15847352,-0.28081775,0.13606665,-0.14582324,0.37584245,0.22049041,-0.20170718,-0.2381498
2024-07-31,0.26627576,-0.37625778,0.04135015,-0.09909627,0.5403143,0.008449558,-0.28325298,-0.20289575
2024-08-01,0.12635936,-0.2542305,0.17028296,-0.16131003,0.32426995,0.2759698,-0.17605138,-0.25220102
2024-08-02,0.17462127,-0.25106317,0.1547485,-0.12051964,0.36944848,0.25012198,-0.2155475,-0.22607397
2024-08-05,0.20174302,-0.24841407,0.1454519,-0.103237204,0.39780357,0.24703154,-0.24208269,-0.19685896
2024-08-06,0.16420595,-0.2664764,0.14560732,-0.13111016,0.36817804,0.23300883,-0.20382717,-0.2461182
2024-08-07,0.17494087,-0.2799955,0.1347757,-0.13448508,0.3903661,0.21037968,-0.21529162,-0.22525044
2024-08-08,0.15956363,-0.30032057,0.12386329,-0.16260138,0.3934334,0.20567392,-0.20752418,-0.22158973
2024-08-09,0.14924236,-0.24753918,0.16254875,-0.14282358,0.34607655,0.27836,-0.19837207,-0.22894953
2024-08-12,0.16661927,-0.27515805,0.13891852,-0.13887967,0.38083726,0.2236012,-0.2098034,-0.22782843
2024-08-13,0.16906561,-0.29298574,0.12925848,-0.14191501,0.39115295,0.19330788,-0.20816463,-0.23866011
2024-08-14,0.12990852,-0.26799533,0.15522194,-0.16669287,0.34049428,0.26205027,-0.1810722,-0.24430205
2024-08-15,0.20760784,-0.27844107,0.11789971,-0.10092127,0.42344055,0.1843358,-0.24030066,-0.21569623
2024-08-16,0.17034611,-0.27274823,0.14031875,-0.12988493,0.3795851,0.21628633,-0.20889142,-0.237231
2024-08-19,0.1892674,-0.2689614,0.13892284,-0.11176519,0.3920969,0.2078743,-0.2223264,-0.23395248
2024-08-20,0.1271482,-0.2518564,0.16612461,-0.16087544,0.32721,0.28506306,-0.17948756,-0.24539752
2024-08-21,0.17606911,-0.27686757,0.13281155,-0.13226376,0.39166677,0.2171607,-0.21770835,-0.22144087
2024-08-22,0.14173473,-0.27163255,0.15299955,-0.1607951,0.35321462,0.2497923,-0.19103116,-0.23614617
2024-08-23,0.17161272,-0.2985384,0.1257303,-0.14232051,0.39594176,0.18216294,-0.2089991,-0.24230225
2024-08-26,0.16948636,-0.2750556,0.14112467,-0.13395962,0.37913325,0.21823017,-0.20911643,-0.2369553
2024-08-27,0.14439234,-0.27293947,0.1469304,-0.15810911,0.35910812,0.24605621,-0.1936265,-0.23383479
2024-08-28,0.16628775,-0.28692248,0.1333977,-0.13976297,0.38313824,0.20112197,-0.20438561,-0.24546604
2024-08-29,0.21444151,-0.33276775,0.085191526,-0.12619632,0.46429983,0.11104241,-0.24577877,-0.21138899
2024-08-30,0.28130245,-0.34715265,0.058369435,-0.074384145,0.53389096,0.039253913,-0.29596138,-0.1862267
2024-09-02,0.10749741,-0.23864388,0.18134746,-0.17906643,0.30350634,0.3284132,-0.1705142,-0.23432903
2024-09-03,0.21812922,-0.3041519,0.10292419,-0.102727786,0.4459775,0.13629504,-0.24481842,-0.22066166
2024-09-04,0.20803092,-0.2974055,0.10815529,-0.11519707,0.43548778,0.16748878,-0.24223495,-0.20875536
2024-09-05,0.19537999,-0.28645602,0.121452816,-0.11361023,0.41264132,0.17812361,-0.22756162,-0.23175131
2024-09-06,0.13913803,-0.23594932,0.17103761,-0.13973816,0.32746303,0.29299402,-0.18757239,-0.24394713
2024-09-09,0.18980569,-0.27595514,0.13388425,-0.113816895,0.39769325,0.19795884,-0.22281358,-0.23622154
2024-09-10,0.1346411,-0.2897112,0.14293608,-0.16359653,0.35318696,0.21300262,-0.17674103,-0.26971108
2024-09-11,0.21070036,-0.29962552,0.1076129,-0.10581131,0.43579286,0.1475086,-0.23865771,-0.22655345
2024-09-12,0.16703546,-0.26492316,0.15009698,-0.13503328,0.37129727,0.23728584,-0.20929933,-0.22877018
2024-09-13,0.15338656,-0.26027888,0.15313056,-0.14398544,0.35823295,0.25476694,-0.20036271,-0.22996281
2024-09-18,0.15884739,-0.28089726,0.14057538,-0.13998735,0.36961493,0.2096237,-0.19585451,-0.25760466
2024-09-19,0.18010625,-0.29343063,0.11485342,-0.13385142,0.41155943,0.18613282,-0.22117943,-0.21973602
2024-09-20,0.13078552,-0.27388898,0.1531145,-0.16544889,0.34255314,0.24905299,-0.17932561,-0.2564721
2024-09-23,0.17728277,-0.26920605,0.14202666,-0.12715894,0.3841496,0.22381204,-0.21669537,-0.22585906
2024-09-24,0.19928113,-0.45118684,0.03062775,-0.20206577,0.52032113,-0.033848673,-0.23132521,-0.23144172
2024-09-25,0.20072708,-0.24122664,0.14266545,-0.088758215,0.39327908,0.23952936,-0.23606366,-0.21056658
2024-09-26,0.19813862,-0.39910924,0.063142665,-0.13987958,0.46652797,-0.018431732,-0.204469,-0.3183508
2024-09-27,0.3707467,-0.46492934,-0.05635801,-0.060460076,0.70288116,-0.17039518,-0.37038296,-0.14471534
2024-09-30,0.2512788,-0.64932865,-0.1016275,-0.23078659,0.69475317,-0.3665829,-0.24282122,-0.27215558
2024-10-08,-0.07110555,-0.20813394,0.25264433,-0.3453749,0.027093112,0.5405986,0.19366899,-0.55289495
2024-10-09,0.07567415,-0.25840396,0.21953633,-0.24523316,0.27022088,0.3371455,-0.13517809,-0.23133387
2024-10-10,0.10621488,-0.2728886,0.15669045,-0.22132467,0.33881626,0.3237624,-0.187015,-0.17997873
2024-10-11,0.07865239,-0.21269551,0.1989846,-0.21103662,0.27171063,0.41837633,-0.15836674,-0.19812025
2024-10-14,0.12880884,-0.3692168,0.106812276,-0.22260275,0.39964482,0.12894568,-0.177515,-0.25528607
2024-10-15,0.18471256,-0.23049371,0.1566613,-0.11066429,0.37730125,0.27984723,-0.23279357,-0.18576047
2024-10-16,0.19108936,-0.27748093,0.13092262,-0.12707137,0.40639487,0.2176757,-0.2336106,-0.20603147
2024-10-17,0.17775919,-0.2615566,0.14906174,-0.130179,0.3822682,0.24000947,-0.22173893,-0.20547728
2024-10-18,0.30793706,-0.5816018,-0.07943985,-0.1276431,0.68792105,-0.34581476,-0.27334675,-0.30803743
2024-10-21,0.19820637,-0.29606456,0.112728305,-0.13570783,0.4353784,0.1912768,-0.2459211,-0.17826675
2024-10-22,0.18322316,-0.28349108,0.12832367,-0.12338402,0.3984985,0.1944884,-0.21914908,-0.23793341
2024-10-23,0.17647573,-0.29706895,0.121100895,-0.15162353,0.41246915,0.19691561,-0.22472575,-0.1938371
2024-10-24,0.15515277,-0.26248616,0.14699262,-0.14137699,0.36300895,0.25023445,-0.20148793,-0.2339287
2024-10-25,0.21536675,-0.36413807,0.06349268,-0.15317509,0.4931844,0.08878962,-0.25567913,-0.1832069
2024-10-28,0.13876355,-0.27423996,0.1436522,-0.15860754,0.3552465,0.2428614,-0.18713811,-0.243546
2024-10-29,0.122272246,-0.21923238,0.18340096,-0.15229246,0.30551136,0.3392198,-0.1802527,-0.23368262
2024-10-30,0.17514053,-0.23870435,0.15758964,-0.09941082,0.3566505,0.24956116,-0.20710495,-0.25856534
2024-10-31,0.22061798,-0.29520988,0.09566089,-0.09812802,0.44995353,0.1566263,-0.25106353,-0.20678341
2024-11-01,0.17478436,-0.27086565,0.1356327,-0.13941742,0.39119038,0.24068213,-0.22350168,-0.20048067
2024-11-04,0.2529052,-0.31472802,0.089670725,-0.069664866,0.47661117,0.08801221,-0.26489577,-0.23507832
2024-11-05,0.29333094,-0.3917634,0.023869142,-0.07661825,0.57434905,-0.044483274,-0.3007316,-0.19982111
2024-11-06,0.20933929,-0.2385866,0.14839268,-0.07863101,0.3938661,0.22605829,-0.23828238,-0.21550886
2024-11-07,0.23429021,-0.37746656,0.059922688,-0.104546875,0.4913292,-0.003262898,-0.23841906,-0.28248203
2024-11-08,0.10800028,-0.21174029,0.19935924,-0.16387989,0.28485984,0.3597752,-0.16934565,-0.23567714
2024-11-11,0.27000254,-0.3738258,0.056864657,-0.087850474,0.5269033,-0.0030533336,-0.27676812,-0.23234425
2024-11-12,0.18871436,-0.23481658,0.15989935,-0.11113294,0.37892306,0.27389935,-0.2353318,-0.1889242
2024-11-13,0.17080748,-0.3332169,0.108949475,-0.1431905,0.40399617,0.114847,-0.19422752,-0.2956738
2024-11-14,0.119630165,-0.21657827,0.19209331,-0.16071813,0.30066586,0.35178697,-0.1818155,-0.22223233
2024-11-15,0.14786483,-0.21678254,0.18025988,-0.14055042,0.3328405,0.3344113,-0.20743665,-0.1911082
2024-11-18,0.12014953,-0.21746466,0.179412,-0.16422369,0.3151699,0.35811225,-0.19074008,-0.19494036
2024-11-19,0.1768157,-0.31684715,0.11430643,-0.11768199,0.39266562,0.12018323,-0.1912497,-0.32501152
2024-11-20,0.18885794,-0.30957568,0.11456808,-0.13774109,0.42136443,0.16114841,-0.22558367,-0.2225845
2024-11-21,0.1858596,-0.28405923,0.1291801,-0.12433999,0.4021559,0.19211853,-0.22181624,-0.22738738
2024-11-22,0.14707449,-0.2017506,0.18662566,-0.12980333,0.31996834,0.3533842,-0.2044085,-0.20469609
2024-11-25,0.14195076,-0.25463694,0.15845588,-0.15148863,0.3468771,0.27258554,-0.19401562,-0.23001106
2024-11-26,0.18306184,-0.26054263,0.14519289,-0.1161367,0.3833232,0.22837181,-0.2203039,-0.22648866
2024-11-27,0.19559337,-0.3492024,0.07403291,-0.13988976,0.4557695,0.09649585,-0.2264435,-0.24484985
2024-11-28,0.1375469,-0.26033452,0.15925106,-0.15894249,0.34285945,0.26724505,-0.1878765,-0.23543648
2024-11-29,0.22908816,-0.390168,0.054251857,-0.1543263,0.5166362,0.035045,-0.26282483,-0.18860924
2024-12-02,0.23027498,-0.30485398,0.101869486,-0.08971654,0.45416096,0.11997705,-0.25119698,-0.2282329
2024-12-03,0.13913909,-0.28234017,0.14324847,-0.15868764,0.35434142,0.2277694,-0.18303898,-0.26206124
2024-12-04,0.1526019,-0.25913352,0.15225011,-0.14894582,0.3605883,0.26424018,-0.20360628,-0.2169858
2024-12-05,0.19021076,-0.28680405,0.122922845,-0.12645954,0.41104433,0.19482677,-0.22869268,-0.2143044
2024-12-06,0.2061515,-0.35747817,0.06828343,-0.15149967,0.47714707,0.09795698,-0.24432847,-0.20230019
2024-12-09,0.15290013,-0.25261104,0.15798384,-0.12797475,0.3453505,0.2503337,-0.19055182,-0.26385978
2024-12-10,0.046003155,-0.20415771,0.21571434,-0.21883382,0.22824624,0.42468265,-0.11565023,-0.25190526
2024-12-11,0.1777131,-0.2792803,0.13192484,-0.12566966,0.39043182,0.20295857,-0.21379578,-0.23910914
2024-12-12,0.18698032,-0.32441294,0.10522994,-0.14164577,0.42746595,0.1347613,-0.22058374,-0.23805983
2024-12-13,0.13056347,-0.2647841,0.15935236,-0.16763717,0.3393662,0.2668647,-0.18274942,-0.23838626
2024-12-16,0.12274162,-0.24822748,0.17063013,-0.16545829,0.3220805,0.29574743,-0.1783804,-0.23973905
2024-12-17,0.19919872,-0.2718383,0.13449916,-0.10387961,0.40419987,0.19162077,-0.22944337,-0.22742166
2024-12-18,0.15084046,-0.28014803,0.14115459,-0.15526256,0.3697878,0.2281914,-0.19776797,-0.23190619
2024-12-19,0.19553165,-0.3282696,0.103938065,-0.13289872,0.43339437,0.11580905,-0.22316203,-0.24609534
2024-12-20,0.17740475,-0.29166275,0.12541512,-0.14449137,0.40423855,0.20420521,-0.22230908,-0.20945428
2024-12-23,0.17532226,-0.25691676,0.14786032,-0.12410678,0.37702793,0.24454147,-0.21762842,-0.2189114
2024-12-24,0.18311547,-0.29123065,0.12750554,-0.12562269,0.3997243,0.17960894,-0.21569625,-0.24463283
2024-12-25,0.14131027,-0.2626891,0.15874803,-0.14766598,0.34288514,0.24627186,-0.18436986,-0.25665233
2024-12-26,0.1801223,-0.29058945,0.12456841,-0.13421477,0.40265077,0.19281569,-0.21921,-0.22595738
2024-12-27,0.17441529,-0.28497624,0.12742475,-0.14421466,0.40085438,0.21624765,-0.2219679,-0.20351087
2024-12-30,0.18379903,-0.27720553,0.13254371,-0.11805363,0.39358798,0.19832633,-0.21721685,-0.23953827
2024-12-31,0.12159987,-0.2245219,0.18577227,-0.15607561,0.30647898,0.32929888,-0.17944604,-0.23451544
2025-01-02,0.10168256,-0.2019935,0.19709125,-0.17924246,0.28608435,0.40179017,-0.17590484,-0.19480827
2025-01-03,0.1490154,-0.23817529,0.16300496,-0.14669499,0.34934154,0.30293173,-0.20698828,-0.20064378
2025-01-06,0.17129064,-0.26269072,0.14131951,-0.12566373,0.37868905,0.23424362,-0.21312755,-0.2282532
2025-01-07,0.17658824,-0.29630834,0.12796432,-0.12415446,0.3900963,0.16390459,-0.20277014,-0.27535892
2025-01-08,0.12549274,-0.27832943,0.15872782,-0.14823535,0.3218842,0.2089049,-0.15369794,-0.3255748
2025-01-09,0.21198723,-0.30007213,0.111433156,-0.11106701,0.4358333,0.15459143,-0.24158728,-0.21825685
2025-01-10,0.16952918,-0.25538015,0.1511046,-0.13003102,0.37111732,0.25200814,-0.21398538,-0.21799426
2025-01-13,0.23246038,-0.2861547,0.10944485,-0.07958495,0.44538692,0.14892614,-0.25447682,-0.22032036
2025-01-14,0.24782932,-0.39079863,0.039762318,-0.11448949,0.5257747,-0.008254634,-0.2610248,-0.23453473
2025-01-15,0.1358448,-0.25479186,0.15860862,-0.15620148,0.34021497,0.2776321,-0.18794596,-0.23516534
2025-01-16,0.17978463,-0.26379624,0.1499109,-0.106018744,0.3702538,0.20379548,-0.20492688,-0.2717705
2025-01-17,0.19930118,-0.32630143,0.10432639,-0.13235752,0.43807155,0.11952393,-0.22821087,-0.23324193
2025-01-20,0.2098572,-0.28783467,0.11980171,-0.10574648,0.42695612,0.16809303,-0.24032292,-0.21826686
2025-01-21,0.11860065,-0.2868335,0.14865851,-0.18598893,0.3423342,0.24484444,-0.17247492,-0.25151816
2025-01-22,0.14505799,-0.28295135,0.14118057,-0.16023688,0.3638608,0.23104933,-0.1920189,-0.2427025
2025-01-23,0.16915613,-0.23993234,0.16052106,-0.12271875,0.3602764,0.2746278,-0.21492842,-0.21705712
2025-01-24,0.23044851,-0.3141628,0.09261798,-0.10004773,0.46481925,0.12002906,-0.25606325,-0.21177866
2025-01-27,0.10026899,-0.23958212,0.18404105,-0.17912057,0.29296434,0.32300848,-0.15960723,-0.2544504
2025-02-05,0.13671549,-0.2657638,0.1515798,-0.1624665,0.3494553,0.26529062,-0.19012052,-0.23232128
2025-02-06,0.23310834,-0.35220307,0.06330646,-0.118165664,0.49609455,0.07135804,-0.2600966,-0.20588072
2025-02-07,0.25934708,-0.32817316,0.07053127,-0.09893296,0.51429206,0.10476547,-0.2928191,-0.14961728
2025-02-10,0.14732337,-0.28760874,0.13851756,-0.1526699,0.36603707,0.20749749,-0.18819776,-0.25772658
2025-02-11,0.117859796,-0.26983118,0.1587109,-0.1817517,0.3326921,0.2722681,-0.17502618,-0.2395346
2025-02-12,0.19350994,-0.30708522,0.11012783,-0.1148101,0.41764373,0.13914387,-0.21810254,-0.261663
2025-02-13,0.17184365,-0.2837882,0.1360212,-0.13674958,0.38735855,0.20120516,-0.20979854,-0.23286371
2025-02-14,0.21709949,-0.3298493,0.08871981,-0.123411655,0.46351615,0.1169012,-0.2483345,-0.21186796
2025-02-17,0.14599924,-0.25754917,0.15408862,-0.14664379,0.3498351,0.2655554,-0.19440046,-0.23948489
2025-02-18,0.16344944,-0.24272951,0.15792117,-0.14152257,0.3661484,0.29277936,-0.22074306,-0.18387525
2025-02-19,0.225288,-0.32643795,0.08641998,-0.10260917,0.46485585,0.09427517,-0.2466527,-0.23384039
2025-02-20,0.1610626,-0.29553586,0.13443798,-0.14656685,0.3799987,0.18771374,-0.19727916,-0.2558229
2025-02-21,0.21669453,-0.3493715,0.074661665,-0.1275702,0.47392756,0.08242061,-0.24396232,-0.2263151
2025-02-24,0.15546262,-0.25957918,0.15013286,-0.13687114,0.35797396,0.25120208,-0.1987691,-0.24175672
2025-02-25,0.19066438,-0.30620036,0.112172134,-0.14051285,0.42657113,0.1734446,-0.23194245,-0.20388593
2025-02-26,0.18191901,-0.3053928,0.115879826,-0.13595726,0.4107995,0.16658576,-0.2167286,-0.23839392
2025-02-27,0.13654926,-0.25807738,0.16212508,-0.14231348,0.32990754,0.2515207,-0.17543179,-0.28181347
2025-02-28,0.117584795,-0.21480387,0.1914399,-0.16031182,0.29945847,0.353812,-0.18056214,-0.22219346
2025-03-03,0.2398749,-0.2768796,0.106775664,-0.07840055,0.45844427,0.16872841,-0.27099195,-0.17993699
2025-03-04,0.17536843,-0.30894804,0.11779251,-0.14195424,0.40568677,0.16168825,-0.2105296,-0.24550171
2025-03-05,0.15587999,-0.28131652,0.14147758,-0.14351961,0.36788535,0.2125232,-0.19439521,-0.25725293
2025-03-06,0.20719032,-0.31696367,0.10028098,-0.11812262,0.4416432,0.12747471,-0.23529434,-0.2315199
2025-03-07,0.14778234,-0.26674604,0.14851955,-0.15682559,0.3621202,0.257461,-0.20012158,-0.21736367
2025-03-10,0.137404,-0.27181408,0.15280035,-0.15298358,0.34385407,0.2375607,-0.17948332,-0.26750153
2025-03-11,0.19173585,-0.28629467,0.12617743,-0.11103499,0.40393,0.17198685,-0.21985787,-0.24968489
2025-03-12,0.14339897,-0.2778535,0.14633888,-0.15998137,0.35965577,0.23521976,-0.19059065,-0.23868908
2025-03-13,0.14699131,-0.24723172,0.1623995,-0.13802049,0.34038872,0.27318063,-0.1923503,-0.24661236
2025-03-14,0.2422137,-0.3528612,0.06437851,-0.10946935,0.50269103,0.057598237,-0.26527604,-0.20824349
2025-03-17,0.14830369,-0.26427335,0.15179041,-0.14566557,0.35436127,0.24684025,-0.19321582,-0.24408875
2025-03-18,0.17202756,-0.28198913,0.13817826,-0.12958126,0.38162178,0.19689848,-0.20583934,-0.25274104
2025-03-19,0.16070437,-0.29053742,0.12972796,-0.15688722,0.3885689,0.21761127,-0.20909446,-0.2178735
2025-03-20,0.1546903,-0.26401848,0.14796817,-0.14723487,0.36533514,0.25328338,-0.20398831,-0.22043897
2025-03-21,0.13883677,-0.22213888,0.1829133,-0.13114823,0.3144731,0.30797246,-0.18512374,-0.25208578
2025-03-24,0.16283567,-0.25566262,0.1517984,-0.12621087,0.36113715,0.2456871,-0.20323169,-0.24414016
2025-03-25,0.15719154,-0.27448314,0.14835086,-0.14355282,0.36543113,0.22452924,-0.19768205,-0.24555354
2025-03-26,0.18441835,-0.27671236,0.13337943,-0.12216366,0.39555284,0.20559357,-0.22111529,-0.22941743
2025-03-27,0.18424296,-0.29993695,0.11222278,-0.13611522,0.41696474,0.18038756,-0.22458172,-0.21655999
2025-03-28,0.15977456,-0.26863462,0.14778492,-0.1359602,0.36472157,0.22842075,-0.19909933,-0.24677427
2025-03-31,0.13858797,-0.25529057,0.16288194,-0.14237566,0.33325756,0.25683275,-0.18004298,-0.26817906
2025-04-01,0.18201542,-0.26424733,0.13732827,-0.11677713,0.3886735,0.22224368,-0.22033614,-0.22472434
2025-04-02,0.18525167,-0.27211648,0.13352355,-0.11715517,0.39475116,0.20798199,-0.22136661,-0.22852974
2025-04-03,0.16363633,-0.24988474,0.15710872,-0.12113911,0.35515684,0.24891062,-0.20116708,-0.25045252
2025-04-07,-0.0076795965,-0.11442802,0.25724682,-0.26396725,0.13755296,0.64520687,-0.03947217,-0.21073453
2025-04-08,0.19334352,-0.25934833,0.14462763,-0.10070046,0.38763696,0.21620016,-0.22394493,-0.24160369
2025-04-09,0.28024474,-0.3459449,0.05552987,-0.05103277,0.5243002,0.0053218063,-0.28061408,-0.23720546
2025-04-10,0.17740116,-0.24780814,0.15760654,-0.10428418,0.36305854,0.23042502,-0.20762292,-0.25315508
2025-04-11,0.21512225,-0.3628497,0.07961612,-0.13600993,0.4741876,0.055897728,-0.23865274,-0.2358409
2025-04-14,0.1436156,-0.25486243,0.15552527,-0.1465254,0.345986,0.26831508,-0.19207922,-0.2398199
2025-04-15,0.15247032,-0.2766512,0.14241782,-0.14632201,0.3649904,0.2260298,-0.19459212,-0.24863572
2025-04-16,0.122984365,-0.24732856,0.17265141,-0.15629509,0.31627265,0.28509912,-0.17208141,-0.26217854
2025-04-17,0.21529445,-0.29507935,0.112300865,-0.10067498,0.4345091,0.15033937,-0.24153912,-0.22659649
2025-04-18,0.1749886,-0.29544467,0.12648517,-0.12964903,0.39267597,0.17170858,-0.20565161,-0.2606552
2025-04-21,0.21463385,-0.3218963,0.09496588,-0.11170857,0.45068425,0.111126855,-0.23872963,-0.23511513
2025-04-22,0.16242144,-0.28612733,0.13556609,-0.14391205,0.38050282,0.20442538,-0.20229328,-0.24163906
2025-04-23,0.16357122,-0.30164653,0.12861139,-0.1580509,0.3932101,0.19295426,-0.20729181,-0.22805147
2025-04-24,0.17011972,-0.25984508,0.14899808,-0.12004575,0.36868048,0.22709617,-0.20593041,-0.24478243
2025-04-25,0.18248567,-0.29424477,0.12155106,-0.13584082,0.40819892,0.18841554,-0.22208416,-0.22162513
2025-04-28,0.14382611,-0.27419108,0.14618313,-0.15746462,0.35894686,0.24224599,-0.19209412,-0.2380388
2025-04-29,0.17336589,-0.28253245,0.13223895,-0.13248034,0.3895993,0.2021245,-0.21168914,-0.23596992
2025-04-30,0.20098656,-0.2961995,0.117162146,-0.11391675,0.42142826,0.15993169,-0.23025188,-0.23268221
2025-05-06,0.20106182,-0.30024266,0.11147634,-0.11767676,0.4280415,0.15774022,-0.23302746,-0.22380914
2025-05-07,0.11259756,-0.24793647,0.17527789,-0.17303824,0.31066394,0.3036188,-0.16950312,-0.2484865
2025-05-08,0.23409209,-0.31814504,0.09113235,-0.09486449,0.46603444,0.10676399,-0.2547258,-0.22552754
2025-05-09,0.1331731,-0.27199504,0.15465507,-0.16149998,0.34274483,0.24506503,-0.17953548,-0.25556198
2025-05-12,0.17725155,-0.30025917,0.120956115,-0.13041261,0.40019122,0.16489801,-0.20856535,-0.25516406
2025-05-13,0.115328886,-0.25920314,0.16843212,-0.17264828,0.31804058,0.27923852,-0.16772509,-0.2578459
2025-05-14,0.16473371,-0.31831837,0.12077121,-0.15454897,0.3978118,0.15225682,-0.19895542,-0.25677443
2025-05-15,0.12757899,-0.25025833,0.16532344,-0.16065621,0.3292541,0.2877612,-0.18152681,-0.2391776
2025-05-16,0.18456644,-0.2851951,0.12983346,-0.12762725,0.4010445,0.19452561,-0.2215231,-0.22666715
2025-05-19,0.1458862,-0.28956372,0.13628253,-0.16184402,0.36922067,0.21861525,-0.191697,-0.24378951
2025-05-20,0.16597465,-0.3077461,0.11857811,-0.15570864,0.4017659,0.18072793,-0.20904762,-0.23003991
2025-05-21,0.19650048,-0.3018177,0.112894885,-0.12813088,0.42698547,0.16784227,-0.2333318,-0.2141475
2025-05-22,0.14133528,-0.26717788,0.1524131,-0.15591738,0.35143343,0.25109312,-0.1899893,-0.23874785
2025-05-23,0.18282923,-0.25972092,0.14230472,-0.12952542,0.39282304,0.24933586,-0.23129082,-0.18701501
2025-05-26,0.14483714,-0.25423592,0.1582321,-0.13885511,0.34213537,0.25744256,-0.18733999,-0.25614935
2025-05-27,0.14221741,-0.27510518,0.14913532,-0.15444712,0.35281983,0.23479123,-0.18615344,-0.25470322
2025-05-28,0.1647629,-0.26748127,0.14440477,-0.13684013,0.37295055,0.23689,-0.20802626,-0.22881399
2025-05-29,0.21003896,-0.30501044,0.106355004,-0.109111324,0.43648577,0.14053181,-0.23720098,-0.23086362
2025-05-30,0.1457967,-0.2818313,0.14407742,-0.15918553,0.36273256,0.22926512,-0.1917654,-0.24278696
2025-06-03,0.21025804,-0.29293975,0.116626285,-0.10470965,0.42743924,0.15909027,-0.2377226,-0.22933282
2025-06-04,0.20257929,-0.29632166,0.114819534,-0.11313175,0.4247429,0.15982203,-0.2327348,-0.22844185
2025-06-05,0.17242531,-0.318519,0.11299267,-0.14593375,0.4076705,0.14640586,-0.20573336,-0.25519505
2025-06-06,0.15513517,-0.27303737,0.14418474,-0.14493284,0.36590412,0.2334985,-0.19855198,-0.24155544
2025-06-09,0.21399376,-0.28069162,0.11780279,-0.093714125,0.4259676,0.17159824,-0.24147311,-0.22504626
2025-06-10,0.15712363,-0.2451789,0.15826786,-0.13024072,0.35108423,0.27196938,-0.20262244,-0.23654126
2025-06-11,0.22452846,-0.2931615,0.114612244,-0.088745296,0.4375559,0.14015724,-0.24530163,-0.23384608
2025-06-12,0.19197838,-0.28725186,0.12231343,-0.12153548,0.4118578,0.18649904,-0.22803628,-0.22171696
2025-06-13,0.15512672,-0.26941764,0.15196085,-0.14109865,0.35904625,0.23099358,-0.1949282,-0.25090572
2025-06-16,0.19891815,-0.29057205,0.12081731,-0.11158825,0.41579565,0.16759557,-0.22840121,-0.23538889
2025-06-17,0.14774463,-0.27126306,0.14999035,-0.15317985,0.35847154,0.24270883,-0.19459778,-0.23785307
2025-06-18,0.15972418,-0.29847583,0.13060829,-0.1514252,0.38401848,0.18884192,-0.19874465,-0.24904199
2025-06-19,0.15982354,-0.23988406,0.16419524,-0.124966405,0.34852576,0.27237096,-0.20289427,-0.23500462
2025-06-20,0.15269622,-0.26525843,0.15204614,-0.14632452,0.3589079,0.24702421,-0.19805732,-0.23482268
2025-06-23,0.18413322,-0.29818255,0.12354278,-0.1223414,0.40120134,0.1603015,-0.21148944,-0.2604941
2025-06-24,0.23351058,-0.31262627,0.09445333,-0.0905718,0.4632825,0.10771901,-0.25382292,-0.22635137
2025-06-25,0.20149809,-0.34770477,0.08992372,-0.124429375,0.44320735,0.071135506,-0.21797019,-0.28200662
2025-06-26,0.16632101,-0.26498055,0.14509249,-0.13809918,0.37552387,0.24431004,-0.21265402,-0.21731351
2025-06-27,0.19302565,-0.2800058,0.12633318,-0.11913786,0.40978822,0.19758354,-0.23082551,-0.21342976
2025-06-30,0.18621139,-0.30019093,0.117534764,-0.1273998,0.41134664,0.165511,-0.21927568,-0.24006514
2025-07-01,0.15229985,-0.28593507,0.13877255,-0.15236081,0.37130117,0.21172738,-0.19472325,-0.24574508
2025-07-02,0.13355865,-0.2628369,0.15573838,-0.16024618,0.34218797,0.26503825,-0.1848869,-0.24173029
2025-07-03,0.19665015,-0.3262207,0.1013489,-0.13090327,0.43519378,0.1196961,-0.22478789,-0.2430013
2025-07-04,0.16326292,-0.29042646,0.13291693,-0.15828942,0.39113304,0.2169748,-0.21230176,-0.20855977
2025-07-07,0.13760898,-0.27107412,0.15300879,-0.15940066,0.34789485,0.24695382,-0.1848661,-0.24784593
2025-07-08,0.23216811,-0.3391661,0.07867435,-0.10918215,0.47975996,0.082300976,-0.2546414,-0.22223984
2025-07-09,0.20028362,-0.28024665,0.12410497,-0.112024575,0.41636184,0.18879429,-0.23529103,-0.2134809
2025-07-10,0.1502643,-0.2899564,0.13961986,-0.15387578,0.36864597,0.20451728,-0.19065547,-0.25580028
2025-07-11,0.19017401,-0.3084788,0.11152316,-0.13426821,0.42444304,0.1567777,-0.22644684,-0.22107778
2025-07-14,0.15729833,-0.2823236,0.1395382,-0.14318718,0.3710818,0.2099434,-0.19614199,-0.25269738
2025-07-15,0.21784285,-0.2894314,0.120685585,-0.084529564,0.4231985,0.1386646,-0.23355144,-0.25799996
2025-07-16,0.17839085,-0.26492384,0.14286914,-0.12186525,0.38259715,0.22495757,-0.21680695,-0.22791563
2025-07-17,0.2125336,-0.32471344,0.09651808,-0.117170386,0.45026562,0.11146239,-0.23806897,-0.23271127
2025-07-18,0.17414036,-0.26196837,0.14560044,-0.118406855,0.37366152,0.22655341,-0.20975399,-0.24499549
2025-07-21,0.17541096,-0.29138443,0.12862968,-0.12604545,0.39051202,0.1748616,-0.20558417,-0.26248035
2025-07-22,0.18233584,-0.291431,0.12656698,-0.1330905,0.40250772,0.19150099,-0.22018445,-0.22879963
2025-07-23,0.18040024,-0.28807846,0.12864059,-0.13634261,0.40258536,0.19726644,-0.22163615,-0.2163278
2025-07-24,0.17923473,-0.30389327,0.12034897,-0.1351395,0.4051194,0.16472131,-0.21270904,-0.246386
2025-07-25,0.1513059,-0.27060264,0.14800903,-0.14450264,0.35981035,0.23306002,-0.19377032,-0.24830438
2025-07-28,0.18620726,-0.29335284,0.122305386,-0.12063731,0.40458763,0.16923456,-0.21640718,-0.24794237
2025-07-29,0.1942608,-0.3239733,0.100068636,-0.1313951,0.43313465,0.12919666,-0.22411582,-0.24392949
2025-07-30,0.13950613,-0.25100586,0.1591365,-0.15712461,0.34418967,0.29017353,-0.19564652,-0.2191887
2025-07-31,0.15445074,-0.2326702,0.169487,-0.1410123,0.34679055,0.3080685,-0.21051475,-0.1992098
2025-08-01,0.19533667,-0.26117188,0.14002788,-0.092795745,0.38869146,0.20031075,-0.22100094,-0.2554543
2025-08-04,0.17805037,-0.30606478,0.11935618,-0.13263294,0.402355,0.15688682,-0.2083219,-0.25986928
2025-08-05,0.13913354,-0.2865445,0.14590696,-0.16330802,0.35602668,0.22030766,-0.18282795,-0.25722158
2025-08-06,0.18866341,-0.3039713,0.11692736,-0.1267244,0.41308507,0.15750505,-0.2193465,-0.2445466
2025-08-07,0.13579153,-0.27557474,0.15750098,-0.16412885,0.34437388,0.24168591,-0.18216938,-0.25470433
2025-08-08,0.1745038,-0.28346375,0.12826824,-0.13840945,0.39658645,0.21122125,-0.21815407,-0.21655835
2025-08-11,0.22356206,-0.3181488,0.09692242,-0.10716556,0.45736977,0.11632952,-0.2488054,-0.22120772
2025-08-12,0.1868093,-0.30669296,0.11351324,-0.12890571,0.41558605,0.15361084,-0.21870792,-0.24285193
2025-08-13,0.22890434,-0.36742795,0.061664335,-0.12937488,0.49881798,0.04974605,-0.25502962,-0.21355818
2025-08-14,0.16527194,-0.2554159,0.14856157,-0.12297214,0.36410955,0.24175985,-0.20393199,-0.24345352
2025-08-15,0.24062896,-0.3622083,0.06736847,-0.1157633,0.5018105,0.04363109,-0.26150998,-0.21560495
2025-08-18,0.2456111,-0.33818603,0.06566813,-0.10804181,0.50584584,0.09128541,-0.27760276,-0.17633215
2025-08-19,0.18524647,-0.274292,0.13605657,-0.12533247,0.39675686,0.21620712,-0.22572774,-0.21785606
2025-08-20,0.16251305,-0.29985514,0.12554646,-0.13102287,0.3792644,0.16136846,-0.18856862,-0.29308835
2025-08-21,0.15328214,-0.27586168,0.13928437,-0.15980427,0.37537447,0.24789824,-0.20637777,-0.2080997
2025-08-22,0.25352797,-0.3646021,0.05684901,-0.0985051,0.5131514,0.026228048,-0.26720747,-0.22933821
2025-08-25,0.19942787,-0.30251652,0.10104578,-0.11179434,0.42597792,0.1546986,-0.22751924,-0.24770974
2025-08-26,0.17272475,-0.28838083,0.13159618,-0.14067474,0.39287317,0.19944711,-0.21322864,-0.22745548
2025-08-27,0.23681965,-0.29828596,0.09711828,-0.109683916,0.47674823,0.16671197,-0.2785383,-0.14308663
2025-08-28,0.25354648,-0.335783,0.06738422,-0.06165669,0.48713803,0.037445113,-0.25470257,-0.27730703
2025-08-29,0.24813804,-0.3256612,0.06602786,-0.0907378,0.49864748,0.09662006,-0.2746592,-0.19137906
2025-09-01,0.17892894,-0.33422124,0.10541535,-0.14856087,0.42000192,0.12067498,-0.20799652,-0.25914973
2025-09-02,0.13030612,-0.18471806,0.21270445,-0.116371654,0.27751154,0.35493973,-0.1727905,-0.26634383
2025-09-03,0.18920115,-0.2895335,0.122397505,-0.10866789,0.39797062,0.16815028,-0.21273223,-0.27016202
2025-09-04,0.0485774,-0.17338958,0.24401793,-0.21520345,0.2013709,0.4770425,-0.1041205,-0.252911
2025-09-05,0.29935005,-0.41741872,0.009100854,-0.054639306,0.5737146,-0.11623411,-0.2816448,-0.2893529
2025-09-08,0.08360563,-0.27580386,0.17115974,-0.20903662,0.29702488,0.28287292,-0.14345527,-0.27622828
2025-09-09,0.17795813,-0.23280767,0.16064626,-0.099582285,0.35878092,0.26199114,-0.2140148,-0.24189992
2025-09-10,0.1833849,-0.3200126,0.11858588,-0.14521287,0.41537607,0.14433388,-0.2164348,-0.24307494
2025-09-11,0.25917727,-0.41633528,0.021912552,-0.12351214,0.55549973,-0.04202436,-0.2742325,-0.21890275
2025-09-12,0.16924685,-0.27167684,0.14322606,-0.13182019,0.37874398,0.21567659,-0.20884529,-0.23339202
2025-09-15,0.24477777,-0.28501397,0.108671136,-0.072066866,0.45737773,0.14517713,-0.26668563,-0.20505442
2025-09-16,0.15624496,-0.2939589,0.14116132,-0.14135551,0.36684683,0.18038587,-0.18646926,-0.2849259
2025-09-17,0.20895457,-0.34679037,0.08232536,-0.13796888,0.46319082,0.0989962,-0.23936018,-0.22206952
2025-09-18,0.16141865,-0.2538554,0.14742634,-0.15447691,0.37884724,0.28540918,-0.22410414,-0.1634271
2025-09-19,0.18525137,-0.27196622,0.13509881,-0.1123629,0.39097524,0.20118189,-0.21808276,-0.24390681
2025-09-22,0.147499,-0.29764938,0.13085881,-0.16291782,0.3763742,0.2027566,-0.19235262,-0.24452873
2025-09-23,0.113330305,-0.22430965,0.19532874,-0.14390601,0.28134423,0.3128434,-0.15684903,-0.29584914
2025-09-24,0.22887132,-0.3662578,0.06387412,-0.12722164,0.4946259,0.051069595,-0.2526044,-0.22221006
2025-09-25,0.23673418,-0.33347902,0.07151786,-0.103127405,0.48832232,0.08803913,-0.26212946,-0.20835255
2025-09-26,0.15563634,-0.2359388,0.16985568,-0.13669139,0.34506005,0.295748,-0.20611769,-0.21530606
2025-09-29,0.25752902,-0.3301495,0.07620209,-0.07203154,0.4927566,0.05873955,-0.2667665,-0.2339788
2025-09-30,0.16897345,-0.27544016,0.1444599,-0.13381515,0.37605143,0.21662153,-0.20691547,-0.24300887
2025-10-09,0.22415611,-0.29108268,0.10340641,-0.10122083,0.45160803,0.16716841,-0.25815904,-0.18963125
2025-10-10,0.09240925,-0.20695484,0.20152423,-0.17665794,0.27283245,0.3813851,-0.16152087,-0.23267122
2025-10-13,0.2852166,-0.3135729,0.08580702,-0.027809044,0.49549237,0.047109764,-0.27930155,-0.2582935
2025-10-14,0.078609996,-0.15215994,0.24578547,-0.17022158,0.21159124,0.4708878,-0.1223743,-0.2551089
2025-10-15,0.19155313,-0.33684793,0.09741152,-0.12553868,0.43103006,0.084641986,-0.21088848,-0.27967015
2025-10-16,0.22622469,-0.27321368,0.1183907,-0.080674216,0.43240163,0.17597249,-0.25172067,-0.21658887
2025-10-17,0.10175037,-0.2338387,0.18699083,-0.18456282,0.29592568,0.34249684,-0.16755253,-0.23032849
2025-10-20,0.18959518,-0.24327697,0.14749199,-0.099038936,0.381905,0.24385695,-0.22678867,-0.22063117
2025-10-21,0.22509456,-0.33787224,0.07764553,-0.11993128,0.47958276,0.09600471,-0.25519523,-0.20300488
2025-10-22,0.18226731,-0.26881284,0.13697478,-0.116945624,0.38991997,0.21118279,-0.21843937,-0.23070298
2025-10-23,0.14031306,-0.29721722,0.13365975,-0.1625327,0.3651731,0.20216702,-0.18248588,-0.26930523
2025-10-24,0.20213044,-0.34971547,0.084694825,-0.1355627,0.4555245,0.0806413,-0.2276305,-0.24560122
2025-10-27,0.13612595,-0.2932504,0.1443151,-0.16492431,0.3538614,0.20809919,-0.17739585,-0.27389187
2025-10-28,0.21200511,-0.28949738,0.108957194,-0.109357715,0.43721437,0.1764266,-0.2481088,-0.2005328
2025-10-29,0.19603461,-0.32296288,0.10554918,-0.12373408,0.42693785,0.11826932,-0.21910098,-0.26112592
2025-10-30,0.14178774,-0.25841606,0.15512833,-0.15745696,0.3499511,0.2722867,-0.19449571,-0.22384872
2025-10-31,0.14131747,-0.22105011,0.18228391,-0.13030048,0.31823188,0.30845925,-0.18858716,-0.24248992
2025-11-03,0.14145435,-0.31642437,0.12971458,-0.17065379,0.3721257,0.17050265,-0.17883849,-0.27476808
2025-11-04,0.13528691,-0.22532149,0.18371871,-0.142593,0.3164444,0.31512877,-0.18735465,-0.23738958
2025-11-05,0.21339747,-0.37227607,0.070718534,-0.14191003,0.48124024,0.046794876,-0.238312,-0.23520358
2025-11-06,0.2016343,-0.3195529,0.10093931,-0.12569447,0.43833116,0.1312577,-0.23107448,-0.2331203
2025-11-07,0.17053416,-0.2950122,0.124046855,-0.14930889,0.40040877,0.2004684,-0.21539786,-0.21565332
2025-11-10,0.08513203,-0.2611349,0.17942706,-0.19574352,0.2873892,0.29583082,-0.14183083,-0.28539523
2025-11-11,0.1261257,-0.2348862,0.18257016,-0.15095991,0.30928844,0.30338866,-0.17565131,-0.25769484
2025-11-12,0.15735924,-0.27640402,0.14719188,-0.12699568,0.35820782,0.19609807,-0.1860449,-0.2869802
2025-11-13,0.23495221,-0.34474128,0.067850746,-0.1148462,0.49390167,0.08316623,-0.26357642,-0.20019549
2025-11-14,0.14570007,-0.2610873,0.15303981,-0.15054223,0.35359412,0.25819498,-0.19476661,-0.23107888
2025-11-17,0.17228946,-0.2801088,0.1352511,-0.12961765,0.38312975,0.20615461,-0.20795983,-0.24737026
2025-11-18,0.17144738,-0.24804671,0.15263733,-0.12114922,0.36812615,0.25752968,-0.21442714,-0.22315158
2025-11-19,0.1865823,-0.27644455,0.12933794,-0.111655064,0.39458895,0.19379249,-0.21737441,-0.24726628
2025-11-20,0.093420245,-0.23644468,0.19220603,-0.18738082,0.28452277,0.33483142,-0.15651533,-0.24996959
2025-11-21,0.09579341,-0.24021544,0.1896466,-0.18991661,0.291277,0.32963297,-0.1600084,-0.23917864
2025-11-24,0.1381273,-0.27929297,0.14946356,-0.15154396,0.3471772,0.21501473,-0.17564398,-0.27769443
2025-11-25,0.20750886,-0.2706281,0.121912904,-0.09623758,0.41848063,0.1920889,-0.23992997,-0.2166477
2025-11-26,0.24283186,-0.34979486,0.066378735,-0.117200494,0.5050322,0.07699888,-0.27231938,-0.18443927
2025-11-27,0.22736442,-0.25100297,0.13842738,-0.07150558,0.41767114,0.20335263,-0.25346434,-0.20772846
2025-11-28,0.18068258,-0.3060739,0.11437253,-0.13987477,0.41324586,0.1694127,-0.21874407,-0.23048611
2025-12-01,0.1765041,-0.30167922,0.12140954,-0.1373146,0.40159398,0.17271751,-0.21157691,-0.24553056
2025-12-02,0.14461328,-0.2544915,0.15828079,-0.14055812,0.34245896,0.25923413,-0.18837783,-0.2530331
2025-12-03,0.1549342,-0.24164064,0.17014667,-0.13515535,0.34393042,0.2790308,-0.20153642,-0.22928853
2025-12-04,0.18823549,-0.30781102,0.10839825,-0.13222414,0.42144004,0.16113368,-0.22345152,-0.2319629
2025-12-05,0.15555462,-0.32111263,0.11609263,-0.16372238,0.3939636,0.16041511,-0.19369563,-0.2590074
2025-12-08,0.24824584,-0.3332629,0.074788086,-0.096995525,0.49692413,0.08205945,-0.27184227,-0.19537513
2025-12-09,0.20052588,-0.27664143,0.12505278,-0.10591709,0.41184217,0.19136848,-0.23359749,-0.22370546
2025-12-10,0.12229014,-0.30051148,0.13263908,-0.17513609,0.3503552,0.20821436,-0.16617295,-0.28214607
2025-12-11,0.1900494,-0.24420331,0.15085661,-0.103560485,0.38227865,0.24530005,-0.22774753,-0.21507819
2025-12-12,0.16804117,-0.32038325,0.11012036,-0.16049908,0.4103679,0.16453642,-0.20908538,-0.23314269
2025-12-15,0.17671032,-0.2585147,0.14501753,-0.12033982,0.3778045,0.23757634,-0.21651831,-0.22763444
2025-12-16,0.113244034,-0.249825,0.1772429,-0.16242266,0.30458248,0.28088683,-0.16054103,-0.2782341
2025-12-17,0.21899286,-0.3608908,0.072660156,-0.109382495,0.46665692,0.03164578,-0.2268607,-0.29112905
2025-12-18,0.13916141,-0.26086622,0.16185814,-0.15671304,0.34289062,0.26250112,-0.18860617,-0.23888974
2025-12-19,0.16622001,-0.27015376,0.13848194,-0.13455868,0.3797357,0.2270734,-0.20947385,-0.22753082
2025-12-22,0.2073152,-0.30526948,0.11182796,-0.11022994,0.43032798,0.13832676,-0.2321716,-0.23946507
2025-12-23,0.17579852,-0.28897655,0.1282705,-0.14056335,0.39877844,0.20206599,-0.21800077,-0.22045635
2025-12-24,0.16394535,-0.30393776,0.12676495,-0.15004723,0.39032334,0.17815964,-0.20116147,-0.24995078
2025-12-25,0.1577472,-0.30562925,0.12871629,-0.15426078,0.3833938,0.17745683,-0.19429585,-0.26052245
2025-12-26,0.1793218,-0.274579,0.13273698,-0.12119536,0.3898452,0.20754756,-0.21499509,-0.23629777
2025-12-29,0.16265556,-0.27048194,0.13913524,-0.14217384,0.37702143,0.23957796,-0.20906398,-0.2214409
2025-12-30,0.20230696,-0.30381322,0.117842756,-0.111004025,0.41999322,0.13951196,-0.22489816,-0.25286356
2025-12-31,0.14281654,-0.24768265,0.16453543,-0.1419147,0.33827293,0.27088982,-0.18897504,-0.24331455
2026-01-05,0.20909503,-0.32214087,0.093849964,-0.10991241,0.44323635,0.10848409,-0.2305465,-0.25510395
2026-01-06,0.16809516,-0.30415136,0.12796894,-0.14429025,0.39078805,0.17179893,-0.20222417,-0.25817043
2026-01-07,0.17248257,-0.2661925,0.14022458,-0.12146876,0.3768335,0.22264042,-0.20941561,-0.2442662
2026-01-08,0.17170961,-0.26968366,0.14090699,-0.12827705,0.37948695,0.22236826,-0.2111963,-0.23368926
2026-01-09,0.20044124,-0.303326,0.109548874,-0.11635295,0.42798576,0.14937678,-0.23056075,-0.23246662
2026-01-12,0.16660413,-0.356238,0.08892775,-0.17647995,0.43277344,0.11070035,-0.20688426,-0.24130543
2026-01-13,0.14775077,-0.23158255,0.17621529,-0.13646092,0.330698,0.29992244,-0.19626132,-0.23059015
2026-01-14,0.24008882,-0.2587112,0.11970139,-0.06410489,0.4393622,0.19155037,-0.26558408,-0.2016733
2026-01-15,0.18138924,-0.30211192,0.12640548,-0.123927005,0.39631373,0.15374097,-0.20626315,-0.275004
2026-01-16,0.14011414,-0.26418948,0.15492612,-0.15903498,0.34762746,0.2647098,-0.19024107,-0.23444985
2026-01-19,0.18617016,-0.26359463,0.14225966,-0.1121529,0.3870265,0.21836005,-0.22096694,-0.23123367
2026-01-20,0.1123258,-0.2408621,0.18394884,-0.1709374,0.30251443,0.31344208,-0.16853738,-0.25097942
2026-01-21,0.24313414,-0.28815877,0.10718227,-0.07445241,0.45784533,0.14079913,-0.26463145,-0.2086916
2026-01-22,0.1584521,-0.2865848,0.14084801,-0.13738193,0.36708993,0.19348273,-0.19014537,-0.2762295
2026-01-23,0.1671288,-0.29054892,0.13338017,-0.13900885,0.38412312,0.19104116,-0.20313692,-0.25050324
2026-01-26,0.11280736,-0.2615856,0.16484243,-0.17554277,0.32016474,0.27811137,-0.16686177,-0.25646216
2026-01-27,0.16014326,-0.31915733,0.1092528,-0.16531831,0.40732548,0.16742836,-0.20458266,-0.23002751
2026-01-28,0.13086015,-0.27153432,0.15720391,-0.1658468,0.34035423,0.25098175,-0.17957655,-0.2526894
2026-01-29,0.19492984,-0.26167807,0.1354334,-0.10368985,0.3970519,0.21690226,-0.22928163,-0.22422363
2026-01-30,0.18207255,-0.3553877,0.09045727,-0.16770962,0.44319004,0.10703153,-0.21934494,-0.22795747
2026-02-02,0.14315477,-0.22714995,0.18148479,-0.13827072,0.32365918,0.30778146,-0.19289738,-0.23400356
2026-02-03,0.1414266,-0.29825315,0.14488116,-0.16120097,0.35629508,0.19316386,-0.17712605,-0.28168178
2026-02-04,0.12429834,-0.29162782,0.14176422,-0.16470474,0.34140447,0.21028507,-0.16379413,-0.29568794
2026-02-05,0.14321789,-0.2799366,0.14661485,-0.15529653,0.3552797,0.22619355,-0.18532228,-0.2589527
2026-02-06,0.20394522,-0.3172533,0.09421324,-0.13547291,0.45217356,0.15158077,-0.24493298,-0.19015831
2026-02-09,0.18120798,-0.31418204,0.10614539,-0.14605969,0.42242143,0.16333516,-0.22159955,-0.22022845
2026-02-10,0.15836215,-0.27215803,0.14531612,-0.14141673,0.36799043,0.22847427,-0.20043746,-0.24005379
2026-02-11,0.15207171,-0.26738682,0.15095621,-0.1459785,0.3589574,0.24199194,-0.19625801,-0.24042372
2026-02-12,0.19746685,-0.31028664,0.11238057,-0.12360778,0.42455328,0.14396966,-0.22626206,-0.24075677
2026-02-13,0.15921156,-0.261167,0.15188986,-0.1389775,0.3631711,0.24727097,-0.20368344,-0.22965665
2026-02-24,0.15553077,-0.27399173,0.13769734,-0.15163542,0.37523773,0.24187526,-0.20553648,-0.21764936
2026-02-25,0.19076371,-0.31838787,0.104857706,-0.14094298,0.43198377,0.14978959,-0.22852519,-0.21881442
2026-02-26,0.14284588,-0.29243898,0.13377658,-0.16880561,0.3716592,0.22157519,-0.19243658,-0.2342308
2026-02-27,0.15003633,-0.27610815,0.14585486,-0.15145464,0.36255994,0.23216638,-0.19406131,-0.24207671
2026-03-02,0.20235774,-0.31078053,0.11236537,-0.12524258,0.4313613,0.14528945,-0.233062,-0.22508217
2026-03-03,0.12200494,-0.22803602,0.18071747,-0.1740636,0.31649572,0.35335383,-0.19119877,-0.1967116
2026-03-04,0.17354113,-0.25151095,0.1554882,-0.11348603,0.36483586,0.23565857,-0.20798206,-0.24497707
2026-03-05,0.17583694,-0.26363754,0.1353682,-0.13368782,0.39366105,0.24493805,-0.22645453,-0.19035518
2026-03-06,0.19189897,-0.30973065,0.10571609,-0.13655294,0.4308393,0.16238616,-0.23127735,-0.21101953
2026-03-09,0.10199396,-0.338918,0.12178012,-0.2160105,0.3559055,0.17281002,-0.15068838,-0.2847318
2026-03-10,0.18244335,-0.29995382,0.12135852,-0.12893532,0.40543726,0.16446956,-0.21428111,-0.24706759
2026-03-11,0.22433463,-0.29244143,0.10488387,-0.09235107,0.44571495,0.15217072,-0.25103784,-0.21630703
2026-03-12,0.1238258,-0.25523734,0.17042741,-0.15362027,0.3164516,0.2642435,-0.16661495,-0.2819988
2026-03-13,0.20576207,-0.28156418,0.12409303,-0.10814322,0.4205762,0.18235312,-0.23845744,-0.21259832
2026-03-16,0.16512954,-0.32042426,0.116363265,-0.15144439,0.40060765,0.14356092,-0.19819793,-0.26130268
2026-03-17,0.13254009,-0.2111303,0.18617857,-0.1456301,0.31392258,0.3479266,-0.19382674,-0.20960021
2026-03-18,0.16446352,-0.31593633,0.11871501,-0.1443972,0.39308766,0.14648418,-0.1940347,-0.27976674
2026-03-19,0.2104032,-0.2692839,0.12836164,-0.09830664,0.4167547,0.19999334,-0.24288219,-0.21079049
2026-03-20,0.22431302,-0.29027408,0.11108378,-0.10396576,0.44898942,0.16771501,-0.25902247,-0.18546897
2026-03-23,0.15268476,-0.21004336,0.1821791,-0.126865,0.32956046,0.33313107,-0.20731068,-0.20460896
2026-03-24,0.059086405,-0.26446795,0.17391568,-0.21482953,0.26982296,0.31273994,-0.121372126,-0.30111405
2026-03-25,0.19170216,-0.29201525,0.12315757,-0.11856373,0.41024625,0.16964333,-0.22274807,-0.23625575
2026-03-26,0.1699716,-0.232553,0.1603564,-0.11608298,0.35880625,0.28161797,-0.21567464,-0.21538363
2026-03-27,0.19999689,-0.32674003,0.093825854,-0.14012417,0.45090503,0.13457444,-0.23901892,-0.2024749
2026-03-30,0.1696352,-0.31041348,0.11819623,-0.15526365,0.4039463,0.17952934,-0.21116844,-0.2327383
2026-03-31,0.14467227,-0.22115989,0.18358463,-0.12439899,0.3189658,0.29701614,-0.18774837,-0.24907838
2026-04-01,0.13104023,-0.28733,0.14404812,-0.17246641,0.3531466,0.23062769,-0.17953837,-0.25082323
2026-04-02,0.12428379,-0.22774428,0.18103889,-0.15100043,0.30859226,0.32107046,-0.17841491,-0.24511476
2026-04-03,0.14385846,-0.25719574,0.15625957,-0.14954613,0.34757656,0.26532456,-0.19245178,-0.23624592
2026-04-07,0.16569313,-0.27580565,0.14308962,-0.12590568,0.36903894,0.20042749,-0.1964828,-0.26810634
2026-04-08,0.2329765,-0.35208273,0.0728996,-0.10925021,0.4851289,0.05413106,-0.25033134,-0.23726739
2026-04-09,0.16825962,-0.2828434,0.1326155,-0.13767757,0.38544697,0.20772927,-0.20814025,-0.23558007
2026-04-10,0.26650617,-0.34923536,0.06931449,-0.06866254,0.50642145,0.015182989,-0.26854035,-0.24722163
2026-04-13,0.21212113,-0.29794684,0.11461701,-0.101553425,0.43071294,0.14047574,-0.23550555,-0.23604508
2026-04-14,0.19423793,-0.2900412,0.11328154,-0.112591006,0.41536146,0.1744478,-0.22656119,-0.23822881
2026-04-15,0.10943399,-0.22698087,0.18819124,-0.17271711,0.2988667,0.34251827,-0.17357755,-0.22721462
2026-04-16,0.24168476,-0.33901125,0.07633156,-0.094350435,0.48427263,0.06582881,-0.25721285,-0.23428853
2026-04-17,0.18445358,-0.3018494,0.11779121,-0.12897868,0.40981826,0.16242978,-0.21673328,-0.24278556
2026-04-20,0.18506813,-0.2781459,0.12985605,-0.12099983,0.3997045,0.20030408,-0.22257611,-0.22514553
2026-04-21,0.14565176,-0.31119186,0.1271855,-0.17036067,0.3796892,0.18363947,-0.18833989,-0.25267756
2026-04-22,0.22052178,-0.34134874,0.08659776,-0.11215707,0.46317157,0.07326072,-0.23835957,-0.2504479
2026-04-23,0.12598498,-0.25435683,0.1732524,-0.15529525,0.31881836,0.26576883,-0.1695748,-0.26984626
2026-04-24,0.14170516,-0.27958018,0.1463257,-0.14586404,0.34844202,0.21388985,-0.1771009,-0.28546456
2026-04-27,0.15137538,-0.26406628,0.15009063,-0.14649847,0.36002213,0.24954478,-0.19874212,-0.2312283
2026-04-28,0.15212288,-0.26825947,0.1471293,-0.15405051,0.3664302,0.25333765,-0.20400217,-0.21693595
2026-04-29,0.24239871,-0.36384684,0.059486188,-0.11358405,0.5061556,0.044203203,-0.2631374,-0.21867599
2026-04-30,0.15293965,-0.27841705,0.14656156,-0.14706394,0.362813,0.22070326,-0.19330996,-0.25400746
2026-05-06,0.21076322,-0.2886225,0.11507342,-0.1071002,0.432343,0.1695294,-0.24391618,-0.2088568
2026-05-07,0.1472868,-0.32876843,0.11688458,-0.1784093,0.3918488,0.16026957,-0.18967053,-0.25552386
2026-05-08,0.18456869,-0.2686736,0.142593,-0.11548445,0.38719186,0.2082539,-0.2181206,-0.23523335
2026-05-11,0.22174391,-0.3596146,0.06462594,-0.12951,0.4885301,0.06489211,-0.24869889,-0.21688507
2026-05-12,0.1610507,-0.26848033,0.14408228,-0.13311976,0.36674523,0.22889155,-0.19971985,-0.24749924
2026-05-13,0.21418768,-0.37910926,0.06595548,-0.13264252,0.47990176,0.020922711,-0.23008499,-0.26540267
2026-05-14,0.073763564,-0.25063825,0.19214359,-0.20379548,0.26895568,0.31947356,-0.13237974,-0.2833394
2026-05-15,0.14908199,-0.27694958,0.1382918,-0.17146118,0.37573883,0.26692435,-0.20927498,-0.19549797
2026-05-18,0.20042354,-0.2571556,0.14070389,-0.09519519,0.39749342,0.21099296,-0.2316516,-0.22424378
2026-05-19,0.121300414,-0.31273586,0.135452,-0.18999267,0.3547013,0.19994514,-0.16729438,-0.27507368
2026-05-20,0.19915123,-0.29509166,0.121669136,-0.112317085,0.41647312,0.15635781,-0.22700709,-0.24095012
2026-05-21,0.18394881,-0.2048175,0.17745847,-0.10522366,0.35994303,0.32153872,-0.23598203,-0.16974577
2026-05-22,0.19575986,-0.33341473,0.09982028,-0.13117287,0.43413958,0.10529851,-0.2205913,-0.25865906
2026-05-25,0.15646288,-0.32272774,0.106253065,-0.16356076,0.40270668,0.1614959,-0.19786412,-0.2499734
2026-05-26,0.19022389,-0.28184104,0.12883133,-0.10868036,0.40006372,0.17617458,-0.21837905,-0.2516196
2026-05-27,0.23500946,-0.2429392,0.1319885,-0.057036333,0.42287174,0.21002947,-0.25991467,-0.21039446
2026-05-28,0.15443595,-0.37483913,0.091049306,-0.1824423,0.41872245,0.07128463,-0.18276832,-0.29384503
2026-05-29,0.13132003,-0.2337875,0.1752978,-0.16516574,0.3303164,0.32639056,-0.1963256,-0.19673371
2026-06-01,0.15876795,-0.22279191,0.18264517,-0.12165575,0.3364724,0.291003,-0.20490444,-0.22469674
2026-06-02,0.21315557,-0.35759094,0.07362894,-0.14039433,0.47796944,0.07874507,-0.24358398,-0.21359886
2026-06-03,0.25059944,-0.2936808,0.09220623,-0.094908774,0.4883405,0.16453819,-0.29092512,-0.13451816
2026-06-04,0.19900036,-0.28893757,0.12376072,-0.11065068,0.41281602,0.16868038,-0.22720158,-0.23695056
2026-06-05,0.16345298,-0.20512694,0.176234,-0.119960174,0.3442958,0.33686483,-0.22119501,-0.1801614
2026-06-08,0.22716948,-0.24517323,0.13553873,-0.06296588,0.41327477,0.20915811,-0.2513554,-0.22287767
2026-06-09,0.17842051,-0.36152434,0.09454075,-0.15721394,0.43069172,0.074092045,-0.20231181,-0.2802184
2026-06-10,0.12783456,-0.2452296,0.17414215,-0.15213455,0.31667182,0.2875743,-0.17527282,-0.2637644
2026-06-11,0.17156039,-0.23773071,0.17119154,-0.11414589,0.3518253,0.2646447,-0.20999369,-0.2373014
2026-06-12,0.11937935,-0.23627903,0.17542195,-0.1666938,0.31588933,0.32214987,-0.1802161,-0.22431897
2026-06-15,0.21745288,-0.36357367,0.06677318,-0.12591097,0.48090625,0.0472306,-0.23876566,-0.2443849
2026-06-16,0.20908508,-0.31336957,0.10011714,-0.12034963,0.44545612,0.13991311,-0.24139318,-0.2161537
