date,etf,period,position,z_composite,trade_return_target,r_1125,r_1305,r_1330,r_1435,pnl_at_1125,pnl_at_1305,pnl_at_1330,lunch_move,hold_benefit_1125,hold_benefit_1305,hold_benefit_1330,morning_vol,first30_vol,best_exit,gain_vs_1435,stop_hit,stop_minute,cut_is_better,u_noon_gap,u_reopen_drift,u_lunch_total,u_vol_ratio_reopen,u_vol_to_now,u_trend_consistency,u_drawdown_from_peak,u_range_position,x_abs_z,x_z_x_pnl1330,x_z_x_noongap,x_z_x_reopen,x_z_x_mvol,x_pnl_persist,x_gap_confirm,x_dd_x_vol,f_combo_tri_min__rbreaker_sell_setup_proximity_early__opening_drive_thrust_ratio__max_up_ret,f_combo_rank_min__rbreaker_sell_setup_proximity_early__bar_body_rng_0,f_combo_ratio__bar_body_rng_0__volume_weighted_price_position,f_combo_tri_min__rbreaker_sell_setup_proximity_early__max_up_ret__bar_body_rng_0,f_combo_tri_min__rbreaker_sell_setup_proximity_early__opening_drive_thrust_ratio__bar_body_rng_0,f_combo_rank_min__rbreaker_sell_setup_proximity_early__opening_drive_thrust_ratio,f_combo_min__rbreaker_sell_setup_proximity_early__max_up_ret,f_combo_mean__rbreaker_sell_setup_proximity_early__bar_body_rng_0,f_combo_tri_min__rbreaker_sell_setup_proximity_early__bar_ret_0__bar_body_rng_0,f_combo_min__star50_limit_proximity_early__opening_drive_thrust_ratio,f_combo_tri_mean__opening_drive_thrust_ratio__max_up_ret__limit_down_proximity_early,f_combo_tri_min__rbreaker_sell_setup_proximity_early__opening_drive_thrust_ratio__first_bar_return,f_combo_tri_mean__star50_limit_proximity_early__bar_ret_0__bar_body_rng_0,f_combo_tri_mean__rbreaker_sell_setup_proximity_early__opening_drive_thrust_ratio__bar_body_rng_0,f_combo_tri_max__max_up_ret__bar_ret_0__volume_weighted_price_position,f_combo_tri_mean__max_up_ret__first_bar_return__volume_weighted_price_position,f_combo_min__opening_drive_thrust_ratio__max_up_ret,f_rbreaker_sell_setup_proximity_early,f_combo_ratio__opening_drive_thrust_ratio__volume_weighted_price_position,f_combo_tri_mean__opening_drive_thrust_ratio__max_up_ret__volume_weighted_price_position,f_combo_rank_min__bar_body_rng_0__rbreaker_buy_setup_proximity_early,f_combo_tri_median__opening_drive_thrust_ratio__max_up_ret__volume_concentration,f_combo_min__star50_limit_proximity_early__bar_body_rng_0,f_star50_limit_proximity_early,f_combo_tri_min__max_up_ret__bar_body_rng_0__limit_down_proximity_early,f_combo_tri_max__rbreaker_sell_setup_proximity_early__bar_body_rng_0__rbreaker_buy_setup_proximity_early
2012-06-19,300ETF,IS,-0.5042672335118183,-1.727714653743594,-0.0018610316059885,0.0027116034433968,0.0038759738446928,0.0015485872239156,0.0034876997182852,0.0027116034433968,0.0038759738446928,0.0015485872239156,0.001164370401296,0.0007760962748884,-0.0003882741264076,0.0019391124943695,0.0003994385785227,0.0003933177732222,1305.0,0.0003882741264076,False,-1.0,0,0.00038797284676760416,-0.001550989066248734,-0.0011630162194813,0.5919988844926357,0.00039048712633603437,0.26666666666666666,-0.0027158115625419573,0.5,1.727714653743594,-0.002675516839359094,-0.0006703063726150076,0.0026796665375540315,-0.00069011588538418,4.199154448769832e-06,-6.017416433379495e-07,-1.0604894527271843e-06,-1.5723636996655013,-1.386935773790857,-2.2743437781516653,-1.5006319281637124,-1.4288741087649115,-1.3321403035770536,-0.8658489714882263,-1.51812158007519,-1.4419752502245426,-1.5528362742033588,-1.3905545181209142,-1.4786158071380393,-1.254337383984627,-1.8153888490554637,-1.3341076941236956,-1.4182100166021185,-1.787309369784571,-0.6878760836064268,-2.2615564111566466,-1.767978251493565,-1.3788639911742389,-1.6079823032874252,-1.4787272190141065,-0.43937953223872106,-1.4977595081709238,-0.825223054511446
2012-08-01,300ETF,IS,0.7235355330651401,1.700590119277409,0.0014618349309065,0.0041911209714621,0.0041911209714621,0.0033543008389468,0.0020977561709987,0.0041911209714621,0.0041911209714621,0.0033543008389468,0.0,-0.0020933648004633,-0.0020933648004633,-0.0012565446679481,0.0004961176423495,0.0005551393202165,1125.0,0.0020933648004633,False,-1.0,1,0.00041832253276833086,-0.0008368201325152779,-0.0004184975997469906,0.11758293376324988,0.0004587499719945286,0.2916666666666667,-0.005010448895443745,0.45454545454544903,1.700590119277409,0.0057042908637968525,0.0007113951658969237,-0.0014230880489678936,0.0008436927605787632,1.4058280590702848e-05,-3.500607173053213e-07,-2.2985432904648345e-06,1.4771547844711865,1.7898428469803926,0.9710157583477692,1.5742324170823285,1.560754766934554,1.6581755840422294,1.2826850334443214,1.4093280286632865,1.3880154677584509,1.2121492625252233,1.4059532258941725,1.5368618916455892,1.6001898595437845,1.5750795091666965,2.464799005628816,2.191212608282725,1.6089106879251478,0.730895373904236,0.921144066605592,2.0590170885886034,1.676337878951202,1.6040310968408498,1.2865082678194188,0.6845003534490387,1.5098829595909329,1.1906412160142583
2012-08-13,300ETF,IS,-0.5037755762181796,-1.7260692101773785,-0.0108974264713729,0.0012399257633203,0.0004131377873263,0.0008264463280311,0.0095456213505988,0.0012399257633203,0.0004131377873263,0.0008264463280311,-0.0008267879759939,0.0083056955872785,0.0091324835632724,0.0087191750225676,0.0004758747955206,0.0004118439490105,1435.0,0.0,False,-1.0,0,-0.000413137787326395,0.0008264463280311878,0.0004133085407048146,0.9969062894427433,0.0004523829513136934,0.325,-0.0016549445233541827,0.63636363636364,1.7260692101773785,-0.0014265035606786354,0.0007131044142649004,-0.001426503560678787,-0.0008213928324475636,1.0247320941272206e-06,-3.41436207306829e-07,-7.486686877353987e-07,-1.3453250614933996,-1.3199476601875921,-2.559970012933502,-1.4880252890183332,-1.313537907925712,-1.1806648043167483,-0.8738242567009096,-1.5755125340124214,-1.4350387695965323,-1.3481181550647483,-1.4643069189509714,-1.2610401854052782,-1.501285459784011,-1.7616830629887301,-1.6237352348735752,-1.7188301219421973,-1.5505622893337634,-0.8016538679045256,-2.294380478746594,-1.8444447889504112,-1.3143132952073044,-1.1655536535756676,-1.4704563199505827,-0.7067630864636372,-1.4881158963329388,-1.2494467059859076
2012-08-20,300ETF,IS,-0.562893916315748,-1.806399741244209,0.0084184237336868,-0.0004309416140814,-0.0008616975974813,0.0004311274048239,-0.0081563019238234,-0.0004309416140814,-0.0008616975974813,0.0004311274048239,-0.0004307559833997,-0.0077253603097419,-0.0072946043263421,-0.0085874293286474,0.0003766631131224,0.0004445421385465,1330.0,0.0085874293286474,False,-1.0,1,0.00043075598339974337,0.0008620690189054866,0.0012928250023051934,0.44635985132261824,0.0003753299990367975,0.21666666666666667,-0.0012944985626458082,0.6249999999999861,1.806399741244209,-0.0007787884325171803,-0.0007781174969526912,-0.00155724125268552,-0.0006804041500805416,-1.857907397095366e-07,3.713413879970848e-07,-4.858641442709869e-07,-1.3711406801989685,-1.2818858240651012,-3.0,-1.4394831826917138,-1.2693424279673473,-1.2632094003871286,-1.6745222025018176,-2.1088013721631302,-1.3958699500550085,-1.1811178556621906,-1.5607452863888776,-1.3238724834965276,-2.0990991516385704,-1.9147240750903418,-1.62111055005356,-2.1794963904528304,-0.9882168222281794,-1.7435124288152526,-1.9740443244988233,-1.8720656910323192,-1.262231790985453,-1.1619067138128614,-1.4281040397476337,-1.595387222322535,-1.4384895095281125,-2.0790272294880983
2012-08-27,300ETF,IS,-0.5234028894996722,-1.7649039298497478,-0.0079524797775663,0.0065688872072739,0.0078878586009522,0.0074480081430141,0.008768140347937,0.0065688872072739,0.0078878586009522,0.0074480081430141,0.0013189713936781,0.002199253140663,0.0008802817469848,0.0013201322049229,0.0005286141016574,0.0005429573373449,1435.0,0.0,False,-1.0,0,-0.0,0.0008791209357401293,0.0008791209357401293,0.4102391724179066,0.0005124264351727986,0.3333333333333333,-0.0013201322049229552,0.8499999999999944,1.7649039298497478,-0.013145018841158507,0.0,-0.0015515639943009419,-0.0009329531053891393,4.892512541031716e-05,-0.0,-6.764706397254764e-07,-0.8006013322016716,-1.3443567152626654,-3.0,-1.5004684556654921,-1.3286743712635989,-0.9980193333998494,-0.8717915957078755,-1.6659655683919372,-1.8460436693761457,-0.8490974366470194,-1.4589158675897185,-1.793423553641703,-2.0579787759979604,-1.6315725424682277,-1.6138553027686595,-2.3072130650846447,-1.0286672321863046,-0.9556630571734029,-2.005816636547188,-1.866249811169439,-1.3417989158022017,-1.3767338858133416,-1.4827748386488222,-1.0471186701123438,-1.5014337419543817,-1.7585806348842687
2012-09-06,300ETF,IS,0.5175565840507612,1.5562155239158812,-0.0001829797649815,-0.0066919723301696,-0.0057971176843258,-0.0044563353605609,-0.0008896797739865,-0.0066919723301696,-0.0057971176843258,-0.0044563353605609,0.0008948546458439,0.005802292556183,0.0049074379103392,0.0035666555865743,0.0004847752432446,0.0004735882294803,1435.0,0.0,False,-1.0,0,0.0,0.001788109551085514,0.001788109551085514,0.35596450002663327,0.00044753164951693626,0.25833333333333336,-0.004456335360560905,0.41176470588233605,1.5562155239158812,-0.006935018267880149,0.0,0.0027826838418615342,0.000754414759147344,2.982167292682991e-05,0.0,-1.9943511147124727e-06,1.5629877747093517,1.8005398645145478,0.8422396912880148,1.6687127687544336,1.7927830570932586,1.8342016450461338,1.3779793462109335,1.2888577767791125,1.4721186632234045,1.542066610067789,1.4296192824296303,1.6197906661475088,1.1787364720245688,1.4996072807425143,1.5110011010151436,1.3379483707691808,1.2235533208978755,0.9435148781656851,1.040441366968322,1.5857129548056603,1.9283227695685603,1.1697214522871806,1.6274042441810967,1.003142580906108,1.7511802942783672,0.7371813811158539
2012-09-07,300ETF,IS,0.500351754093914,1.5079571186307927,0.028705034525672,0.0305597269079865,0.0394224141658318,0.0326770260263004,0.0335226920386436,0.0305597269079865,0.0394224141658318,0.0326770260263004,0.0088626872578453,0.0029629651306571,-0.0058997221271882,0.0008456660123432,0.0010748826996623,0.000707808157756,1305.0,0.0058997221271882,False,-1.0,0,0.0004197271834966851,-0.008005098572753312,-0.007585371389256724,2.199129515750059,0.00108127024918729,0.4583333333333333,-0.008844024796452772,0.7835051546391761,1.5079571186307927,0.04927555401204337,0.0006329305942366793,-0.012071345378124557,0.0016208770186488496,0.0009986009915289075,-3.3599574775550813e-06,-9.56278089547906e-06,2.481223929606854,1.4923227132831205,0.8621480234538729,1.9243559757113313,1.8875637022977598,2.0654157461918192,2.9256897224252705,2.063411057877175,1.711853951772279,2.1672659551582805,2.30308950001032,1.8800572157876692,1.6524437578672373,2.0074076874112143,1.437580556098943,1.3053591591025577,2.10013608859812,2.516454542432337,1.2778209823770226,1.462267946978696,1.606923754326866,2.1617536479942965,1.6339328157647726,2.2310140208583156,2.01294839567012,2.106579739076436
2012-09-11,300ETF,IS,-0.5938463396930851,-1.8299705395262915,0.0009119634874844,-0.0012817775734836,0.0008554320453209,0.0012834226360614,-0.0012817775734836,-0.0012817775734836,0.0008554320453209,0.0012834226360614,0.0021372096188046,0.0,-0.0021372096188045,-0.002565200209545,0.0005734765190159,0.0004468550867132,1330.0,0.002565200209545,False,-1.0,1,-0.0,0.001283422636061436,0.001283422636061436,0.7949440114209878,0.000572529881899896,0.2833333333333333,-0.002142704912360483,0.7058823529411811,1.8299705395262915,-0.0023486256137535354,0.0,-0.0023486256137536013,-0.001049445134909186,-1.6450623522047066e-06,-0.0,-1.2267625904200742e-06,-1.3225180247710862,-1.2970490961852632,-2.9736673677362204,-1.468720865692853,-1.2976132731326917,-1.1687623883160343,-0.9704996131524061,-1.7632077940542399,-1.4420965499684002,-1.3300128445732218,-1.6308654300349184,-1.3760339772521326,-1.927210132248054,-1.8741912128180718,-1.6165411563272432,-2.1392280140928723,-1.5247254471815757,-1.1535113697641328,-2.6919344915401937,-1.9931800903728487,-1.2925132192372792,-1.16485564571378,-1.4548999462560361,-1.123475122137621,-1.468166926799206,-1.7146046203208758
2012-09-12,300ETF,IS,0.6793928708910226,1.6796961790366842,-0.0041901964651449,-0.0093657559876419,-0.0085106896679086,-0.0068027473227525,-0.0033955890011382,-0.0093657559876419,-0.0085106896679086,-0.0068027473227525,0.0008550663197332,0.0059701669865036,0.0051151006667703,0.0034071583216142,0.0006649034449111,0.0005660859455708,1435.0,0.0,False,-1.0,0,0.0004278074931556812,0.002563008664889327,0.0029908161580451263,0.5010443600237434,0.0006281890120157452,0.35833333333333334,-0.008919150229130254,0.2999999999999941,1.6796961790366842,-0.011426548684979406,0.0007185866116168601,0.004305075861252516,0.0011168357758455031,6.371287147048413e-05,1.0964743118625924e-06,-5.602912170457341e-06,1.0095081141784579,2.181584728148967,1.146518538265941,1.0929113460128943,2.2143674343947564,1.9723019295843207,0.802662890601332,1.7512815415999958,2.0345012485993483,1.9637779542166005,1.3421337669254862,2.1975393710687583,1.885583443140168,1.7650929107084727,1.1255947908120945,1.3447042401045353,0.7016162206633517,1.3230532324284725,1.0371237938107782,1.2119306419069553,2.4405105344939506,0.5808660207469453,2.064689875650352,1.4106547106076865,1.1590216894907646,1.1949833697261867
2012-10-09,300ETF,IS,0.787267441148904,1.7273942378487257,0.0055463297636832,0.0089305292663968,0.0072356136064054,0.0055378203293111,0.0034115171680021,0.0089305292663968,0.0072356136064054,0.0055378203293111,-0.0016949156599914,-0.0055190120983947,-0.0038240964384032,-0.002126303161309,0.0012252212354528,0.0014472384164297,1125.0,0.0055190120983947,False,-1.0,1,0.0004232804296001803,-0.0038159893666858133,-0.003392708937085579,0.20043041697758832,0.0010868906175345789,0.45,-0.005929708183674171,0.5333333333333373,1.7273942378487257,0.009565998927093526,0.0007311721750854846,-0.006591718043705082,0.002116440102211063,4.945566652295994e-05,-1.615233618480491e-06,-6.444944189553466e-06,1.4160582668230697,2.30878031543217,1.2102233832335123,2.7245470333008805,1.497268678502006,1.0025224512937576,2.4369363090713487,2.111025041011587,2.4497273430674955,1.187970278193963,1.595273506609841,1.473450611868755,2.440911839085864,1.674067302330046,2.149735648597228,2.1010727592553886,1.0853362657081054,1.9397592335122908,0.5548817318731148,1.2686076153182158,2.4512131234389036,1.0149458386111074,2.3613225895687906,1.7650504340157172,2.534014733179675,1.468023730991075
2012-10-12,300ETF,IS,0.8548577329648246,1.7527338361471776,-0.0112767215561609,-0.0157886787358509,-0.0149288334550159,-0.01106865280919,-0.0132113577215504,-0.0157886787358509,-0.0149288334550159,-0.01106865280919,0.0008598452808349,0.0025773210143004,0.0017174757334654,-0.0021427049123604,0.0007343019781367,0.0006295770037676,1330.0,0.0021427049123604,False,-1.0,1,0.0,0.0038601806458259612,0.0038601806458259612,0.6374299809279136,0.0007070875027695719,0.30833333333333335,-0.011068652809190052,0.36585365853657825,1.7527338361471776,-0.019400402299232823,0.0,0.006765869231579627,0.0012870359230299992,0.0001747594032429745,0.0,-7.8265060738736e-06,2.3167452483803106,2.026623367372714,0.985651657161704,2.442421409481162,2.376626003227287,1.9134215573767566,2.2567503713656,1.7968892334368767,2.190919651771736,2.0167503859298734,1.7809809192211918,2.363923467078863,1.8133207489000198,1.7729371804421235,1.2558068494296193,1.8587140967094062,1.943359750839083,1.6351576723963361,0.9787089525321141,1.6959238636726106,2.1564933209290658,1.9868270498145821,2.1070142521561954,1.497298768764157,2.2742603309294185,1.133238021015649
2012-11-01,300ETF,IS,0.6473091632533421,1.6628362655725115,0.0119874042093676,0.014649120216232,0.0142213127230761,0.0142213127230761,0.0137933221323357,0.014649120216232,0.0142213127230761,0.0142213127230761,-0.0004278074931556,-0.0008557980838962,-0.0004279905907404,-0.0004279905907404,0.0006956110058525,0.0006834972681935,1125.0,0.0008557980838962,False,-1.0,1,0.0,-0.0012828738128890414,-0.0012828738128890414,0.4283692150008113,0.0006249586018618578,0.3416666666666667,-0.0029908161580451845,0.8250000000000083,1.6628362655725115,0.023647714539978708,0.0,-0.0021332091002251824,0.0011566872072629095,0.00020832971971297145,-0.0,-1.8691362845577716e-06,1.6990408990223347,1.9520079622782753,1.225203723216186,1.7952831982218307,1.7686054101391637,1.830565437015313,1.5176938540807972,1.5223513109341233,1.4652722903613307,1.4136076059239233,1.5657910412892042,1.6156808081319163,1.2923852897830044,1.7174946665151336,0.6082711577314158,1.1330854045186367,1.628105484282955,0.9396515490744346,1.2837402135118894,1.442525511529196,1.9251040987654953,1.628811961729264,1.4794394397732737,0.886092166371963,1.7058987238633898,1.2153560147896973
2012-11-21,300ETF,IS,0.6735229667273605,1.6767318138053386,0.007018183671055,-0.0077220460939102,-0.0090909717012519,-0.0081781464438922,0.0049650293826289,-0.0077220460939102,-0.0090909717012519,-0.0081781464438922,-0.0013689256073417,0.0126870754765392,0.0140560010838808,0.0131431758265211,0.0004917807354871,0.0003524615867324,1435.0,0.0,False,-1.0,0,-0.00045547712014972993,-0.001367677441365437,-0.0018231545615151365,0.200033263596208,0.0005040056331819587,0.19166666666666668,-0.00863053278953999,0.24000000000000996,1.6767318138053386,-0.013712558320433048,-0.0007637129778154888,-0.0022932282769613137,0.0008245844046078086,6.315202380248335e-05,6.229457822868803e-07,-4.349837143289759e-06,1.893163659375804,1.9613462730189617,0.9663607605725337,1.9960919811525606,1.9559029316676328,1.9336821491408394,1.7257931353626164,1.4578069649825314,1.7830563722377617,1.4498798709215264,1.6126964730411797,1.9408745390829822,1.5889248677227448,1.5678506713934428,1.1723401023867543,1.8706143431126752,2.019686143377406,1.1190837102222253,1.0403490525309218,1.7045085234712747,1.7617348002788882,2.207558955405135,1.5176666845875502,0.9272369221167573,1.5887089525607612,0.9033398735836985
2012-12-14,300ETF,IS,0.536732099266529,1.5813128395025975,0.0280012482574366,0.0141724510881117,0.0158767548666449,0.0315053728655935,0.0302472473064741,0.0141724510881117,0.0158767548666449,0.0315053728655935,0.001704303778533,0.0160747962183624,0.0143704924398292,-0.0012581255591193,0.000939518163399,0.0010753509261252,1330.0,0.0012581255591193,False,-1.0,1,0.0,0.01690657344444065,0.01690657344444065,1.1152416986832852,0.0009125283828208604,0.4666666666666667,-0.0008378718546311942,0.9736842105263187,1.5813128395025975,0.04981985062567975,0.0,0.026734581659687652,0.001485672134728738,0.00044650835595034545,0.0,-7.645818485177187e-07,1.8348630120146192,1.492648769825006,0.8074902569285701,1.9251991439038563,1.8929374380422788,1.428903460063639,3.0,1.9077768640398591,1.2726378929544029,1.580588904948119,2.229793799293158,1.4141731305737435,1.2475707232951025,1.682201690473421,2.6949034758729593,1.8233479961394694,1.4936927037192822,2.2850888339329845,0.8253907996194098,1.9036811103975353,1.584009795130106,3.0,1.6373135840039625,1.6337195450995594,1.821241275436905,1.832094241733126
2012-12-31,300ETF,IS,0.5211624602788532,1.5617190639121623,0.0056807448893148,0.0059701669865039,0.0039840690148745,0.0051762010853272,0.0067635030058996,0.0059701669865039,0.0039840690148745,0.0051762010853272,-0.0019860979716294,0.0007933360193956,0.0027794339910251,0.0015873019205724,0.00050491584898,0.0005558439248438,1435.0,0.0,False,-1.0,0,-0.0011926059851231359,0.001589825454099777,0.00039721946897664396,0.6739293218812902,0.0005083304694326493,0.3416666666666667,-0.0007939659011766231,0.925925925925918,1.5617190639121623,0.008083771913598313,-0.001862515502702546,0.0024828607199604323,0.0007885367070234603,3.090278483512611e-05,-1.8960353518605016e-06,-4.035970592586293e-07,1.5987102681254652,2.1125008588119747,1.2965953221721265,2.1490385010080346,1.6779297398463373,1.1813010648167355,1.8734889562544166,1.7316672079079454,1.933788622716319,1.3655597509616777,1.3165025537588662,1.6629775650667018,1.6938293493852878,1.4870244216619337,0.8741741881580652,1.358040494076396,1.275729633918183,1.26552747664991,0.6985694979208903,1.0856513824879417,2.1813699143584504,1.2211692076088976,1.7794507475672166,1.1885579148685235,1.9719970236909627,1.2842063468554135
2013-01-28,300ETF,IS,1.0,1.904154768836628,0.0079449609743586,0.0011443831117311,0.0019065782705814,0.0045696956900652,0.0072257397481814,0.0011443831117311,0.0019065782705814,0.0045696956900652,0.0007621951588503,0.0060813566364502,0.0053191614775999,0.0026560440581161,0.0010878566705594,0.0011713503070386,1435.0,0.0,False,-1.0,0,0.0003810249617443354,0.00266311741948385,0.003044142381228052,0.8004549881351258,0.0009643105572586623,0.43333333333333335,-0.00037986705110151846,0.965517241379314,1.904154768836628,0.008701407840369836,0.00072553049795127,0.005070987734282068,0.002071447467056418,5.229482573461009e-06,1.0147142128795072e-06,-3.6630980773191e-07,2.509743150937188,1.7223989734132221,0.9307484666213106,2.15661369984156,2.1214192740740137,2.10811522173231,3.0,2.1796041284379974,1.9363228411513602,2.212698300331325,2.6387847235958484,2.1228458603096096,1.647868784940899,2.1019050963526573,2.956890526122467,2.1698743513536263,2.1382829498756064,2.5722036540496456,1.2090606616159914,2.2235526461055857,1.8237332612579595,2.1971360453593296,1.8443541384094873,1.8556475195742324,1.9619130504321263,2.1502125349091066
2013-02-08,300ETF,IS,0.5368641378962968,1.5814588535478706,0.0030972001661358,-0.0032485139558313,-0.0021645030095729,0.0018001805041478,0.0025193463028533,-0.0032485139558313,-0.0021645030095729,0.0018001805041478,0.0010840109462583,0.0057678602586846,0.0046838493124262,0.0007191657987054,0.0005259518984705,0.0006117134405635,1435.0,0.0,False,-1.0,0,0.0,0.00468722689775676,0.00468722689775676,0.5603579575721943,0.00048690256649528243,0.325,0.0,1.0,1.5814588535478706,0.002846911396268808,0.0,0.007412656476045147,0.000831771286376483,-5.847911490739554e-06,0.0,0.0,1.2237614322768486,1.5140631911045639,0.9534624432748633,1.304411403464327,1.3111912960200034,1.4307912182386135,1.0228133846450327,1.225285796294027,1.1429581226787249,0.9615695651722359,1.3398374751792406,1.289496912203061,1.6180268624306517,1.484795384076892,2.0217619646393166,2.1732312459910736,1.5897002474949666,0.5438606198065622,1.0224196742459872,1.9266801559540097,1.029128839866477,1.580682446811459,1.0023718228030687,0.4634066697865879,1.1972553291540042,1.123434083963921
2013-02-21,300ETF,IS,-0.7808795079410891,-1.924851754339156,-0.0153428857208921,0.0171334859436098,0.0182862238234181,0.0205956936720806,0.0155985662255261,0.0171334859436098,0.0182862238234181,0.0205956936720806,0.0011527378798083,-0.0015349197180836,-0.002687657597892,-0.0049971274465544,0.0008067065933162,0.0007193378310775,1330.0,0.0049971274465544,False,-1.0,1,-0.0,0.004997127446554502,0.004997127446554502,1.0870590984290733,0.0007975478670016943,0.4583333333333333,-0.0015426150378790775,0.9310344827586204,1.924851754339156,-0.039643657096536195,0.0,-0.00961872953215678,-0.0015527906013816516,0.00035287602802948624,-0.0,-1.230309333065196e-06,-1.7723199963441196,-1.3376946680368176,-2.7235711097467106,-1.8106122026520397,-1.6135555274515705,-1.3284236569268268,-2.0996460525516616,-2.1582944805530713,-2.849621690215451,-1.983102305383092,-2.2247054866142153,-2.8182457482328447,-2.803509391318642,-2.1511669180329402,-1.6515297779472948,-2.701746592234493,-1.5721240809763026,-2.123674047844391,-2.989139502944207,-2.093718985908111,-1.320627066501838,-1.1666083699208392,-2.0112069899805647,-2.4168126638274012,-2.0674870687926927,-2.4515410534806406
2013-02-27,300ETF,IS,1.0,1.9726038408206013,-0.0073793998161355,-0.0073373567258271,-0.0073373567258271,-0.0096656464854184,-0.0073373567258271,-0.0073373567258271,-0.0073373567258271,-0.0096656464854184,0.0,0.0,0.0,0.0023282897595912,0.0011466985227979,0.0009755064430481,1125.0,0.0,False,-1.0,0,0.0,-0.0023282897595911845,-0.0023282897595911845,0.6078228962210197,0.0010458757855464666,0.3333333333333333,-0.010434877292579619,0.24999999999999692,1.9726038408206013,-0.01906649138115048,0.0,-0.004592793322312845,0.0022619819103344473,7.092029624925177e-05,-0.0,-1.0913585485457695e-05,2.6938097388358444,1.7725102863866982,0.9303692854085804,2.2178582095388606,2.1707820031956344,2.2651340979080015,3.0,2.224902673061009,1.9872015349719847,2.382309917340506,2.656923490033463,2.5051690055930984,1.8416094780689158,2.193997669678065,2.6877920839736413,2.2750078406530276,2.314850447928697,2.6082452478523384,1.2737911380633518,2.262005479081515,1.8726581914704983,2.4003652217485274,1.8951071433390292,1.9718598674331904,2.159630160854209,2.1873154973570017
2013-03-11,300ETF,IS,-0.556188498166351,-1.8005680350307351,0.0050736427047081,-0.0065853424118391,-0.0038789808140963,-0.0054263699042849,-0.0061991674697935,-0.0065853424118391,-0.0038789808140963,-0.0054263699042849,0.0027063615977428,0.0003861749420456,-0.0023201866556972,-0.0007727975655086,0.0008953459229979,0.0010343795955611,1305.0,0.0023201866556972,False,-1.0,1,-0.0,0.002702182690359973,0.002702182690359973,0.26597958530929366,0.0008702006420744075,0.44166666666666665,-0.005426369904285028,0.5882352941176432,1.8005680350307351,0.00977054819590818,0.0,-0.004865463777075522,-0.0016121312492451086,3.573450387301463e-05,-0.0,-4.722030574842073e-06,-1.131024280178636,-1.378884588728433,-3.0,-1.5303752796668872,-1.3540579331302132,-1.0284906757170984,-0.9029517251182767,-1.6142495510809576,-2.4624863692773173,-1.153511710974744,-1.6606823477411445,-2.4223416798865296,-2.294146808494604,-1.6960322118530111,-1.649959903140977,-2.54173053888857,-1.3258236812137694,-0.882232566006985,-2.4938945323988206,-1.9856527553753045,-1.3788827137071615,-1.1686215425562738,-1.5144476780408798,-1.1633902615650773,-1.5350988574016704,-1.6677076783821005
2013-03-20,300ETF,IS,0.9649330853714692,1.7892887059096232,0.0163474382381917,0.0170811606380603,0.0109035348141033,0.012064750350045,0.0163110412314961,0.0170811606380603,0.0109035348141033,0.012064750350045,-0.0061776258239571,-0.0007701194065641,0.0054075064173928,0.0042462908814511,0.0011054414101417,0.0012709767773453,1125.0,0.0007701194065641,False,-1.0,0,-0.0003858769100553148,-0.002318393619580606,-0.002704270529635847,0.29453564883780403,0.00104938834395022,0.4666666666666667,-0.005785937067043999,0.7115384615384595,1.7892887059096232,0.021587321540954694,-0.0006904451970332783,-0.00414827551936851,0.0019779538302113517,0.0002060799387872129,8.946145662157213e-07,-6.071694916985495e-06,1.4997491649979515,2.263267572404605,1.277397893563227,2.7413831793365255,1.5910889203186591,1.100015071224461,2.4492827102784243,2.020238461036651,2.3541542643697753,1.2816451920419298,1.7546688920699096,1.5670067523169515,1.79028420478617,1.656470449469362,2.0108190671081037,1.945900266326473,1.1919396260214237,1.7779539524896886,0.6407553633829643,1.5744709237549137,1.8865705963680348,1.1321011204513085,1.900945130981899,1.3264290088295718,1.6758595607705582,1.2988922396999303
2013-03-27,300ETF,IS,0.6399453928111397,1.6587141162783108,-0.0058785254312489,-0.0042627462339661,-0.0046511711757308,-0.0019353596131888,-0.0065955622219191,-0.0042627462339661,-0.0046511711757308,-0.0019353596131888,-0.0003884249417646,-0.002332815987953,-0.0019443910461883,-0.0046602026087303,0.0009410980443966,0.0010154226644963,1330.0,0.0046602026087303,False,-1.0,1,-0.00038797284676760416,0.001550989066248734,0.0011630162194813,0.6663011824306018,0.0008954089195753696,0.4166666666666667,-0.010790085418114626,0.2631578947368378,1.6587141162783108,-0.003210208310471194,-0.000643536037666107,0.0025726474583800912,0.0015610126110425528,8.249946902490647e-06,-6.017416433379495e-07,-9.661538726359968e-06,1.5117100107645685,1.8055707988070617,1.1732034194450471,1.5982042471187328,1.6016846822703892,1.7236930932798067,1.3144501499091163,1.4572070830240769,1.4148584494359664,1.2890582982036416,1.513805952027099,1.5781066584166592,1.4571830157403598,1.7032699494095465,1.006697433205125,1.4536712552756252,1.5323273831681254,0.8064325682340968,1.256785485347912,1.5996920845578626,1.7583249669089809,1.5159937781789283,1.3307899760259094,0.7877782868222286,1.5834869274747083,1.2969537533930209
2013-03-28,300ETF,IS,-0.7661417935706222,-1.9188733031749463,-0.005364739994925,0.0035921012482104,0.0027927406940552,0.0047923414403063,0.004392101290877,0.0035921012482104,0.0027927406940552,0.0047923414403063,-0.0007993605541551,0.0008000000426665,0.0015993605968217,-0.0004002401494293,0.0007340506716771,0.0007452009996913,1330.0,0.0004002401494293,False,-1.0,1,-0.00040008002133967057,0.0008003201707690441,0.000400240149429332,0.3450983658996434,0.0007089494501184626,0.4,-0.0032077012267697313,0.6923076923076896,1.9188733031749463,-0.00919589604950273,0.0007677028720823566,-0.0015357130096811326,-0.0014085502370588248,1.7214575669574687e-05,-3.2019211099984795e-07,-2.274098020862719e-06,-3.0,-1.3835290025581288,-2.059131547464598,-3.0,-3.0,-1.3722163710035624,-3.0,-2.8482657616081055,-3.0,-3.0,-2.8990453306747286,-3.0,-3.0,-2.500907908042813,-1.653597163471362,-3.0,-1.254710682615407,-3.0,-2.0747932557061173,-1.841903268474409,-1.3793213251493563,-1.1718539723703256,-3.0,-3.0,-3.0,-2.2643037993652113
2013-04-19,300ETF,IS,1.0,1.9164959855897532,0.0165438271689259,0.0023961672806744,0.0067742837266733,0.0087580177634387,0.015867052442545,0.0023961672806744,0.0067742837266733,0.0087580177634387,0.0043781164459988,0.0134708851618706,0.0090927687158716,0.0071090346791063,0.0008057431768265,0.0009712437711919,1435.0,0.0,False,-1.0,0,0.0,0.007159935122092761,0.007159935122092761,0.6176739844078826,0.0008239235972994984,0.38333333333333336,-0.0015841587471364324,0.8857142857142861,1.9164959855897532,0.016784705885354016,0.0,0.013721986918573856,0.0015442035638043219,2.0985675608317002e-05,0.0,-1.305225773634116e-06,2.459662755981451,2.119507770542998,1.0795521327841717,2.535356190367964,2.488823070557645,2.1017985030481796,2.4356352598585227,1.917979518762187,1.6311506987804425,1.9207601931939475,2.0260770206117997,1.7994182859971113,1.4986136409850694,1.929248068833098,1.665485679109183,1.7685573886764405,2.1329162400435835,1.7824350026032023,1.1285998325018622,1.9400368291485537,2.0800286957455345,2.191130491561528,1.9768693394479662,1.4136996960502153,1.8430276899557863,1.2981000268893694
2013-05-03,300ETF,IS,0.5443790312349239,1.589376874091044,0.0003062729992112,0.0048057761695938,0.006402582896113,0.0040064156154385,-0.0012050614031104,0.0048057761695938,0.006402582896113,0.0040064156154385,0.0015968067265191,-0.0060108375727042,-0.0076076442992234,-0.005211477018549,0.0010629738030866,0.0010561117932483,1305.0,0.0076076442992234,False,-1.0,1,-0.0003984857594072375,-0.0031936154888032122,-0.0035921012482104477,0.1600697644036812,0.0009472983967018299,0.35833333333333334,-0.009154292783484798,0.3947368421052567,1.589376874091044,0.006367704327175189,-0.000633344050656471,-0.005075858602642791,0.0016894659803904492,1.9253936690162822e-05,1.2726102933104641e-06,-8.671846876734281e-06,2.4843880625260133,1.1359657431957073,0.6154203803523888,1.563012107823066,1.5693909870664169,2.131577548332348,3.0,1.8628272127369114,0.9997843631804927,2.200243055267044,2.534128623963488,1.1455635119316463,1.140121136703284,1.902873036645759,2.6297711700535658,1.679753931884294,2.1583664220139123,2.5254076159560546,1.255743595069256,2.072290241455524,1.2192796257637923,2.2212667328153595,1.3048575870467378,1.9121388950170215,1.6385986013208742,2.121711902860722
2013-06-13,300ETF,IS,-0.7150497012206923,-1.8967458925104272,0.0026379253825217,-0.001660440398099,-0.0020751200640039,0.0004155412484476,-0.004145942920411,-0.001660440398099,-0.0020751200640039,0.0004155412484476,-0.000414679665905,-0.0024855025223119,-0.002070822856407,-0.0045614841688587,0.0006066786592157,0.0006359317520961,1330.0,0.0045614841688587,False,-1.0,1,-0.0004150238698293906,0.001661129950076487,0.0012461060802470717,0.357924588221852,0.0005811042158858604,0.26666666666666666,-0.0029136336949296356,0.5624999999999931,1.8967458925104272,-0.0007881761561616403,0.0007871948203926788,-0.003150741409733628,-0.0011507152549411121,-6.899814759988884e-07,-6.89408580170246e-07,-1.6931248236707083e-06,-2.527593713977912,-1.421351207604344,-2.011833718359694,-2.6070178077971358,-2.373144038840592,-1.3655783444880978,-2.871148021066518,-2.7123822081523525,-3.0,-3.0,-3.0,-3.0,-3.0,-2.592070821177131,-1.6615109010389844,-2.725154872858613,-1.7501460822500838,-2.811467482471035,-2.0044228223084555,-1.646479003321207,-1.4179134458899894,-1.1846329252652075,-3.0,-3.0,-3.0,-2.775335271767374
2013-06-27,300ETF,IS,0.5603241450584605,1.6042033881911857,-0.005176431727524,0.0009099181701508,-0.0004552697551889,-0.0022784243167039,-0.0031912495740637,0.0009099181701508,-0.0004552697551889,-0.0022784243167039,-0.0013651879253397,-0.0041011677442146,-0.0027359798188748,-0.0009128252573597,0.0010255478697681,0.0012206879872381,1125.0,0.0041011677442146,False,-1.0,1,0.0,-0.00045610034998194493,-0.00045610034998194493,0.6121089111235507,0.0009273197898840669,0.35833333333333334,-0.014493007302566864,0.05882352941177085,1.6042033881911857,-0.003655056008593583,0.0,-0.0007316777267962216,0.0016451873674342386,-2.0731796850822996e-06,-0.0,-1.3439652486604553e-05,1.3780752800799194,2.2414590057589985,1.5626975695377772,2.6808518170834934,1.4783566881683967,0.999191038475407,2.3855228715984764,1.979539074883402,2.3563627425510565,1.1633816443002212,1.558198524014773,1.4227223374416185,2.5537638657863195,1.5987839984104315,3.0,2.1095484051425633,1.0932684502984247,1.755944072412957,0.704005026451493,0.9452763663474608,2.0228404439619747,1.0158509370891189,1.9063656080148659,1.3593933649637195,1.7279123110725534,1.2850662935767108
2013-07-11,300ETF,IS,0.8350634749096711,1.745583846137609,0.0323380385230316,0.0155577900309259,0.0206903932574462,0.0296095434865764,0.0346707099207369,0.0155577900309259,0.0206903932574462,0.0296095434865764,0.0051326032265202,0.0191129198898109,0.0139803166632906,0.0050611664341604,0.0012446580747499,0.0013479400294684,1435.0,0.0,False,-1.0,0,0.0004276245521652359,0.011054534341854471,0.011482158894019781,0.5387160065826974,0.0011579029397100205,0.5166666666666667,-0.00042274361229868317,0.985915492957748,1.745583846137609,0.05168594080167682,0.000746454510471465,0.01929661657371461,0.002172655029248162,0.0004606590604757252,4.7271902973307385e-06,-4.894960714242784e-07,2.640332145704856,1.6296817721170778,0.8515628994425756,2.0267893776061143,2.0186267817048438,2.200432026271514,2.753730473599883,1.8442282439921165,1.255325303282709,2.201931691424929,2.2212275129543815,1.4116763505469105,1.3013024529222963,1.9498916368601797,1.7418869352031214,1.5745093966416461,2.3225077596474755,2.092650829244306,1.293441316133814,1.9418938113841029,1.7200730426016004,2.416271487670723,1.7153487257045523,1.7079858805513148,2.0583462188738095,1.6433830352794596
2013-10-08,300ETF,IS,-0.5082921352489785,-1.738633979148104,0.0140712480322625,-0.01053494346318,-0.0145574750335594,-0.0149588396787227,-0.0173636504569021,-0.01053494346318,-0.0145574750335594,-0.0149588396787227,-0.0040225315703794,-0.0068287069937221,-0.0028061754233427,-0.0024048107781794,0.0006227130688656,0.0006497879893755,1125.0,0.0068287069937221,False,-1.0,1,-0.0008045052726756589,-0.0020084361039391166,-0.0028129413766146577,0.9216184678405104,0.0006580524235681606,0.2916666666666667,-0.014958839678722725,0.026315789473681406,1.738633979148104,0.026007946954056192,0.0013987402034777113,0.0034919352552563814,-0.0010826701007893254,0.0001575905302901173,1.615797435451177e-06,-9.843700704351054e-06,-1.375333878025023,-1.3580174972421573,-2.4240026754940076,-1.502231782918911,-1.3320440508135474,-1.2286136576494744,-0.8969580797059189,-1.4558063217663015,-1.8289581295507265,-1.357173045348156,-1.3516727371931563,-1.7731371183429205,-1.7787740343524028,-1.6742569128277611,-1.6441838439285308,-2.0957365403644,-1.5636530290338537,-0.652066497135834,-2.218301055884618,-1.8304646777776732,-1.3463135227282654,-1.1865538604998687,-1.464873751136016,-0.541795789733068,-1.4442241966783393,-1.0648499252391899
2013-11-15,300ETF,IS,1.0,1.825819306107148,0.0100250813071439,0.0212463730352538,0.0187701026819904,0.0154588413783343,0.0121365791863565,0.0212463730352538,0.0187701026819904,0.0154588413783343,-0.0024762703532634,-0.0091097938488972,-0.0066335234956338,-0.0033222621919777,0.0009618524663787,0.0010806301205364,1125.0,0.0091097938488972,False,-1.0,1,0.0,-0.004137366265961617,-0.004137366265961617,0.3000560939152547,0.0009297033414628888,0.4166666666666667,-0.007023371155096352,0.690909090909091,1.825819306107148,0.0282250510386108,0.0,-0.007554083204829162,0.001756168802741007,0.0003284443106169076,-0.0,-6.529651631227148e-06,2.103725803362973,2.1201125045638856,1.135899333233803,2.2315799548373167,2.232737823930502,2.033072987338287,1.865967568809627,1.7430623311408404,1.3806214197099316,1.6087314193987807,1.8392337196740578,1.5653917761400884,1.3416995889512595,1.884605786493874,1.2909088060288232,1.6520963490319216,2.2984524779612348,1.3458369705971023,1.214622294441284,1.9630133368274107,1.888632023191711,2.3667688358916044,1.6506102589648426,1.1080156548954692,1.618472358533107,1.2601995914782316
2014-01-06,300ETF,IS,-0.96869292385617,-1.990456066030838,-0.0054045868009272,0.0074155192594652,0.0069777867070608,0.0056657375356775,0.0074155192594652,0.0074155192594652,0.0069777867070608,0.0056657375356775,-0.0004377325524044,0.0,0.0004377325524044,0.0017497817237877,0.0007495125893572,0.0009028843673784,1125.0,0.0,False,-1.0,0,-0.0008748906944759194,-0.00043715847690728763,-0.0013120491713833355,0.17648619750149805,0.0007067837057238176,0.425,-0.003502630551202112,0.6800000000000043,1.990456066030838,-0.011277401646427892,0.0017414314899335261,0.0008701447421769126,-0.0014918718800525192,4.20143858148914e-05,3.8246588345745206e-07,-2.4756022007600863e-06,-1.5382502299576244,-1.3227690289592946,-3.0,-1.4762547892325282,-1.4017227224851663,-1.326547649765432,-0.9114741770947281,-1.5207619283817033,-3.0,-1.512249568956076,-2.0869395393681036,-3.0,-2.8398490710835644,-1.7672860392777567,-1.6447305300941488,-3.0,-1.701347783206476,-0.8034528000539922,-3.0,-2.162409407906748,-1.3120166805582525,-1.186706383066083,-1.4469503922570561,-1.5407501480137018,-1.6467499075428471,-1.5310897236927397
2014-01-21,300ETF,IS,1.0,1.8511966913919,-0.0037465534031204,-0.0027510333718899,-0.0009161704717796,0.0009153318716882,-0.0004579803148518,-0.0027510333718899,-0.0009161704717796,0.0009153318716882,0.0018348629001104,0.0022930530570381,0.0004581901569277,-0.00137331218654,0.0007210945863317,0.0008459689121902,1330.0,0.00137331218654,False,-1.0,1,0.0,0.0027485129533490935,0.0027485129533490935,0.9507027157799549,0.0006629247586557298,0.4083333333333333,-0.004108656772787784,0.5,1.8511966913919,0.0016944593323947512,0.0,0.005088038085487622,0.001334887912397854,-2.518108525368682e-06,0.0,-2.7237302994995713e-06,2.2088787840894106,2.2019109764379237,1.2766822361209915,2.483939537595479,2.3536239164729946,1.8836123991597222,2.1051701405347463,1.879653875531101,1.705044364554014,1.7313979361371215,1.8181084479687923,1.8976469614976632,1.5162244116313033,1.8277188345849698,1.5685411047448692,1.5942127299947189,1.88726100149251,1.558326103717982,1.0919717343949695,1.6570879010379673,1.969396102095129,1.9060798348361718,1.7951114837820923,1.241144449055628,1.6799817671892154,1.2805801466011568
2014-02-10,300ETF,IS,1.0,2.017023622567656,0.0110376225165238,0.0075774822119117,0.0080214333845753,0.007133333859063,0.0142161434598598,0.0075774822119117,0.0080214333845753,0.007133333859063,0.0004439511726635,0.006638661247948,0.0061947100752845,0.0070828096007967,0.000618141642076,0.0007378402527651,1435.0,0.0,False,-1.0,0,0.0004435573370571367,-0.0017754110300465323,-0.0013318536929894421,0.6609474627155822,0.0005774836523600338,0.38333333333333336,-0.0031049038028750984,0.7407407407407377,2.017023622567656,0.01438810290139177,0.0008946656268074487,-0.00358104598737103,0.001246806294160053,5.405271042867732e-05,-7.874965886693081e-07,-1.7930311883108703e-06,2.5095718675535794,2.274802380654938,1.1832919577906067,2.649391922147029,2.6177409882435856,2.1685097158251523,2.6098376741880998,2.1143585923451154,1.5446305166110306,2.207803764414711,2.080656281112761,1.726968964948552,1.623830996226286,2.0906612737713375,1.503952120746064,1.6570383722172966,2.178161474169151,2.0113105282902723,1.208117094654256,1.8669828655212666,2.3347421913432793,2.2420931321996296,2.283224496528593,1.720614860269697,2.202574324303863,1.5754929833383289
2014-02-20,300ETF,IS,0.5558892813428933,1.6002999034980632,-0.0074825341525633,-0.0017346058122083,-0.0030375375926241,-0.0013006721972411,-0.0065203447700855,-0.0017346058122083,-0.0030375375926241,-0.0013006721972411,-0.0013029317804157,-0.0047857389578772,-0.0034828071774614,-0.0052196725728444,0.0004823731176088,0.0005759386493814,1330.0,0.0052196725728444,False,-1.0,1,0.0,0.00043393361496715815,0.00043393361496715815,0.09653104386719043,0.00045551217561035675,0.275,-0.0025996548436317615,0.684210526315803,1.6002999034980632,-0.002081465591727546,0.0,0.0006944239221565089,0.0007719416535594226,2.2561535531121523e-06,0.0,-1.1841744336587055e-06,1.8252103666645259,2.0379694251011857,1.3325296144351282,1.96466281176154,1.994687509461203,1.9210425158213402,1.6061327458574766,1.5443942497157819,1.759002729579455,1.4101110800361336,1.402974957958395,1.9484387131079088,1.423071948156912,1.704262801394637,0.7006330182296447,0.9531955828674508,1.525482106259715,1.1448245579007315,1.451132273637359,1.0612741551207263,1.6683213181086542,1.4987998983203197,1.468163828612833,0.9311368021907033,1.4672863111206762,1.096125267798201
2014-02-24,300ETF,IS,-0.9958708389835093,-1.998758683584313,-0.0020312152616738,0.0049898039570374,0.0036264772291732,0.0031724477094554,0.0018115946983507,0.0049898039570374,0.0036264772291732,0.0031724477094554,-0.0013633267278641,-0.0031782092586866,-0.0018148825308225,-0.0013608530111047,0.0006538426011076,0.0006113113515456,1125.0,0.0031782092586866,False,-1.0,1,-0.0,-0.0009082652758814336,-0.0009082652758814336,0.20806150397517306,0.0006217008820036272,0.375,-0.006832183260471185,0.4000000000000107,1.998758683584313,-0.0063409574074911445,0.0,0.001815403107166117,-0.0013068735766611696,1.582989213413479e-05,0.0,-4.247574359045353e-06,-1.5689498437836698,-1.303692609979192,-3.0,-1.3930539888790627,-1.4302526679203862,-1.3524424351272695,-1.632187528331026,-2.026032117772016,-2.2903190581268995,-2.014299083571134,-2.4133887806450476,-2.235313063104267,-2.620357400412587,-2.113923345612366,-1.6444940685309135,-2.57064046712803,-1.726068604609197,-1.76638622461153,-3.0,-2.177310891697109,-1.3488573050161463,-1.1889150846710057,-2.0640930474298456,-2.4750496500667842,-2.562614317551335,-2.5939221837647506
2014-04-08,300ETF,IS,0.8077099365345658,1.7353461038050595,0.0147865415871012,0.0063607665618104,0.0108795270751368,0.0167235535973568,0.0176196110049824,0.0063607665618104,0.0108795270751368,0.0167235535973568,0.0045187605133263,0.0112588444431719,0.0067400839298455,0.0008960574076255,0.0007218158976686,0.0005896953695413,1435.0,0.0,False,-1.0,0,0.0,0.0062949848162210265,0.0062949848162210265,1.774198736659799,0.0008106186861740898,0.43333333333333335,-0.002685767057597246,0.8846153846153804,1.7353461038050595,0.029021153576948212,0.0,0.010923977374341167,0.0012526004056837565,0.00010637462051671117,0.0,-2.1771329635991307e-06,1.68816533744056,1.9472442845581766,0.9151395705722118,1.8160454663345074,1.8236353813349566,1.845820408489014,1.4697894752476008,1.4321326325860761,1.595243247740339,1.0869969549938,1.6237127861983955,1.7787744546412811,1.6045819838296778,1.5532362510194277,1.9260362784416427,2.618169603606097,1.9632955984692597,0.9991558256209188,0.9348666777084256,2.274380019975053,0.6091210716988454,1.9966044348706924,1.1307141615458698,0.6121909296663481,0.9531875399078913,1.0497594593619657
2014-07-24,300ETF,IS,1.0,2.110625630842045,0.0070200627747076,0.0039761483796394,0.0052980256375551,0.0057382633730385,0.0079365495957365,0.0039761483796394,0.0052980256375551,0.0057382633730385,0.0013218772579158,0.0039604012160971,0.0026385239581813,0.002198286222698,0.0007015098673686,0.0009155263597157,1435.0,0.0,False,-1.0,0,-0.0004412089195773133,0.002644338253090202,0.002203129333512913,0.7820639988027096,0.0007069692251548521,0.3416666666666667,-0.0013195515440089063,0.8636363636363572,2.110625630842045,0.012111325751657185,-0.000931226854216004,0.0055812080935882585,0.0014806247063567706,2.281618661265115e-05,-1.166705623642888e-06,-9.328823326198652e-07,2.6768940997762134,2.266326129795135,1.1128521973477914,2.676221611284955,2.620168544579801,2.177012341229004,2.5108231997596815,2.0360448921937255,1.8987925620815858,1.877551688594523,2.2267770748147253,2.0876823253219903,1.6219052172875688,2.0723908575356123,2.1769184870737193,2.1672957594505604,2.3326423853349043,1.9263176871884171,1.213741506896349,2.2646025736556163,1.8916713084425645,2.413418049759698,1.944337871424563,1.4173295838543267,1.6703862189684102,1.416083614815356
2014-07-28,300ETF,IS,1.0,2.379104566159349,0.0126580074262266,0.0119201070839102,0.0127661308230357,0.0119201070839102,0.0131888744353344,0.0119201070839102,0.0127661308230357,0.0119201070839102,0.0008460237391256,0.0012687673514242,0.0004227436122987,0.0012687673514242,0.0011033368652856,0.0009737995317867,1435.0,0.0,False,-1.0,0,0.0,0.0012703791672521471,0.0012703791672521471,0.5136762867528962,0.0009623489807231431,0.39166666666666666,-0.0075885692999548525,0.6170212765957467,2.379104566159349,0.02835918119243916,0.0,0.0030223648775632946,0.0026249537742129136,0.00014208895289188612,0.0,-7.302851930958488e-06,2.6771238847766723,2.3798066987807864,1.25140184504648,2.7417386830588075,2.6804235503407186,2.269498563126012,3.0,2.5203952244224754,2.4280989014124224,2.369917407472558,2.5416602377760142,2.7415435671314894,2.2517636623562014,2.3977304488407367,2.2800508716622474,2.290718099009059,2.3356598600815413,2.739238282399682,1.3236061318636552,2.084133269242157,2.361548189534375,2.417070298843106,2.3458772459359603,2.208595939631702,2.447289505104397,2.298455619543021
2014-09-03,300ETF,IS,0.5858947161122878,1.6243424661980443,0.0002073447316778,-0.0024459857282603,-0.0012222450085438,-0.0020379057389204,-0.000407249038412,-0.0024459857282603,-0.0012222450085438,-0.0020379057389204,0.0012237407197164,0.0020387366898482,0.0008149959701317,0.0016306567005083,0.0006770317479979,0.0007891978635992,1435.0,0.0,False,-1.0,0,0.0,0.00040807998933991093,0.00040807998933991093,0.3458771471307918,0.0006019434231553433,0.3416666666666667,-0.004071666862943192,0.3333333333333333,1.6243424661980443,-0.0033102568338371106,0.0,0.0006628616562904626,0.0010997314192372817,4.98468835293906e-06,0.0,-2.450913089428203e-06,1.9998410736161627,2.0928082067887126,1.3803387462230325,2.142169515632549,2.110669662402845,1.9903872032963152,1.8069600334444822,1.6929884239140127,1.3974350442892987,1.5931124323983503,1.7324883490731637,1.5646258823196313,1.34580995228199,1.8251178324513975,0.9925436234586482,1.0013676327890724,2.058431267888632,1.3012757066001988,1.4572709778737811,1.31203702814779,1.9873775330721504,2.1015976694976914,1.651999420284446,1.1370923154602561,1.7505750365039228,1.2607022535584802
2014-12-03,300ETF,IS,1.0,2.6502280486927297,-0.0105421684369964,0.0,-0.0119761910467156,-0.0153285240554692,-0.0119761910467156,0.0,-0.0119761910467156,-0.0153285240554692,-0.0119761910467156,-0.0119761910467156,0.0,0.0033523330087535,0.0015388405606702,0.0013616440511403,1125.0,0.0119761910467156,True,695.0,0,0.0,-0.009358357068965418,-0.009358357068965418,1.4236245611890959,0.0015663288979534385,0.43333333333333335,-0.029121846187805025,0.23478260869565382,2.6502280486927297,-0.040624084396865705,0.0,-0.02480178039385403,0.00407827841635421,-0.0,-0.0,-4.5614389245714187e-05,2.520792978984718,2.364390686867346,1.3078686731324407,2.755452770503818,2.6126296712335404,2.1577167881011023,3.0,3.0,2.4381362076613198,2.208649036850447,3.0,2.573616419917518,3.0,2.971063122134768,3.0,3.0,2.186886232247221,3.0,1.2807128590724446,3.0,2.2935941578032737,2.2386521835033313,2.343579107708973,3.0,2.268460733107503,3.0
2014-12-09,300ETF,IS,1.0,2.1262928320107304,-0.0090301619531779,0.0232915874008363,0.0274153045846984,0.026827242233144,-0.0121582044798095,0.0232915874008363,0.0274153045846984,0.026827242233144,0.0041237171838621,-0.0354497918806459,-0.0395735090645079,-0.0389854467129535,0.0013744613391127,0.001417924684554,1305.0,0.0395735090645079,True,726.0,1,-0.00029494175114261074,0.0029455102297567446,0.002650568478614174,1.4359229958070274,0.0014540405410794395,0.575,-0.010241494052197018,0.7798742138364775,2.1262928320107304,0.05704257286294962,-0.0006271325313152258,0.006263017288146045,0.0029225072932312036,0.0006248490571966802,-8.68753945172928e-07,-1.4891547553118413e-05,2.335262528154082,1.517016741187904,0.8069028181148168,1.9677962685902837,1.9403090949641888,1.985325844222175,3.0,2.1625684265219576,1.7250974334273848,1.2871802119223181,2.842446062778436,2.40025955008724,1.972388916731745,2.040094604420533,3.0,3.0,2.0163698840197526,2.779060666347936,1.1131776444583008,3.0,-1.050045972246603,2.0455770253979244,1.3420845340778278,0.818938906882808,-0.4664415612482396,2.3386342485944107
2015-01-23,300ETF,IS,0.6415438988254937,1.6596179870459118,-0.003626226481365,0.0030799408359321,0.0128171161137903,0.0069861958029971,-0.0050604549936155,0.0030799408359321,0.0128171161137903,0.0069861958029971,0.0097371752778582,-0.0081403958295477,-0.0178775711074059,-0.0120466507966127,0.000986297814488,0.0007311065782432,1305.0,0.0178775711074059,False,-1.0,1,0.0,-0.0036136245021456243,-0.0036136245021456243,1.1447195793327198,0.001047678304518584,0.44166666666666665,-0.006107736921557384,0.627118644067801,1.6596179870459118,0.011594416215678645,0.0,-0.005997236222190706,0.0016368775935083567,2.1517069741468217e-05,-0.0,-6.398943462422796e-06,1.3044133583991198,2.0429208412064885,1.3302707779809073,1.404841984931019,1.9868628082560806,1.9478810695179758,1.0435841535178447,1.6474704477054722,1.769561207694306,1.6468313142873905,1.4386754267267696,1.9478450013025188,1.6142114938375836,1.817792035649986,0.7085085867950421,0.9728845953747325,1.054634425887858,1.1434591878680362,1.394209890645844,1.1066934456305266,2.186747611686787,0.9284054661103396,1.701778087804768,1.181305544182586,1.4492641362602692,1.2737883249728825
2015-03-11,300ETF,IS,1.0,2.095568011070753,-0.0069339644401111,-0.0033965501094114,-0.0073738280796364,-0.0085131047622483,-0.0073738280796364,-0.0033965501094114,-0.0073738280796364,-0.0085131047622483,-0.003977277970225,-0.003977277970225,0.0,0.0011392766826118,0.000816476964342,0.0008680446330835,1125.0,0.003977277970225,False,-1.0,0,0.0,-0.001139276682611871,-0.001139276682611871,0.44623309919235743,0.0007573121223593218,0.36666666666666664,-0.0144294482628611,0.0,2.095568011070753,-0.017839790014661624,0.0,-0.002387431771840244,0.001710983008251251,2.891518691164517e-05,-0.0,-1.0927596088421369e-05,2.525055863971435,2.234886761108998,1.2399110982750354,2.6771282596037658,2.616998766722064,2.132467880875981,2.2810282359034715,1.9827224447164702,2.384191157952236,1.7941471572220107,2.136282749412328,2.5868321118446613,1.8313062766602506,2.054095242178954,1.8602871839031205,2.0012610402684508,2.341955875824219,1.72633444948768,1.3259560792187075,1.9501131628247244,1.9229416419388405,2.391499809511313,1.851990664139781,1.324789336418131,1.65411847093764,1.2643828393372043
2015-03-31,300ETF,IS,0.5303730977036322,1.5739402298255407,-0.0203916567729189,-0.0080458802936315,-0.0063337605162178,-0.0065781696583362,-0.0238369806904608,-0.0080458802936315,-0.0063337605162178,-0.0065781696583362,0.0017121197774137,-0.0157911003968293,-0.017503220174243,-0.0172588110321246,0.0008597633037464,0.0007802393994267,1305.0,0.017503220174243,True,772.0,1,0.0002451881831577738,0.0029375786118402535,0.003182766794998004,0.2604244965787682,0.0008414779717806913,0.39166666666666666,-0.008761311823183113,0.34545454545454957,1.5739402298255407,-0.010353645863873077,0.0003859115453498533,0.004623573155450441,0.0013532160518941751,5.2927165622171885e-05,7.20259562720247e-07,-7.372450903110316e-06,1.4823045760009466,1.5461035474486198,1.181729898461765,1.5903587015435867,1.933791015631343,2.2398801994342534,1.228931614753518,2.1230748419401833,1.0503815382621111,2.3084177001201174,2.043073782891926,1.1990161442490972,1.5882622564058633,2.1487351301239315,0.20902228796906022,0.129687806642806,1.2291129875751283,2.586796471262826,1.880660910214857,0.6177184814188185,1.6230700168080374,1.1229699902602719,1.6306549052237334,2.6242306987710515,1.6355640987566744,2.2333074357681957
2015-05-19,300ETF,IS,1.0,1.8929686080048496,0.0239410893344231,0.021941082375023,0.0227917842553358,0.0185310193944812,0.0259754864032607,0.021941082375023,0.0227917842553358,0.0185310193944812,0.0008507018803128,0.0040344040282376,0.0031837021479248,0.0074444670087794,0.0010370628547904,0.0009886370572619,1435.0,0.0,False,-1.0,0,0.00021265284503315873,-0.0040481572274399975,-0.003835504382406832,0.3275647996893017,0.0009770494826981094,0.4583333333333333,-0.005535462292855471,0.7833333333333352,1.8929686080048496,0.035078637988081945,0.0004025451600506895,-0.0076630345518118636,0.001963127428646119,0.00040659062302746086,-8.608521515566593e-07,-5.4084205697293285e-06,2.4137123519030785,2.213562400549162,1.2264492676533971,2.562107065936698,2.5152120610262108,2.1048132508626916,2.1713690268382337,1.9212991083950652,2.2522727925880868,1.6906735234012031,2.092301087643851,2.447399760986597,1.787202613993377,2.0176532768790083,1.8442504021366155,2.045668978440587,2.34244626247975,1.5916642338540825,1.3031697294261508,2.002558487519498,1.7952838138663496,2.386116493436181,1.7554087318822769,1.1978928683083154,1.5619848738380366,1.2528721252812054
2015-05-25,300ETF,IS,1.0,2.063438864329086,0.0102170057300261,0.0055877215830716,0.007377164351056,0.0085683497212093,0.0121334158857054,0.0055877215830716,0.007377164351056,0.0085683497212093,0.0017894427679846,0.0065456943026338,0.0047562515346493,0.0035650661644961,0.0008913141243575,0.0009271037778978,1435.0,0.0,False,-1.0,0,0.00019859001157494124,0.000793965901176524,0.000992555912751643,0.559215266962261,0.0008314794619662942,0.4083333333333333,-0.0007933360193957629,0.9166666666666744,2.063438864329086,0.01768026581790656,0.0004097783479512968,0.0016383000974397061,0.0018391722045247138,4.787755266850673e-05,1.5767369750475456e-07,-6.596426065656705e-07,2.391642430058722,2.2865483706773215,1.0943875687987799,2.6484793059257736,2.4903058650364596,2.0680097880308765,2.596937604022728,2.122598290338696,2.329965650977824,1.802287298983828,2.3452740362843154,2.424075720217745,2.2575204160482514,2.0689330005157562,2.7687874095130005,3.0,2.1071333354680513,1.9663072863665407,1.0579666001630919,2.5323958112907494,1.546295712390062,2.1183618462734852,1.8681745642999406,1.3061837130916998,1.3871851705691527,1.5583581063785124
2015-06-26,300ETF,IS,-0.7499672334130808,-1.9121181322149396,-0.0686594558494913,0.0328911670822873,0.0250672756016693,0.0342385735291213,0.0722555171217679,0.0328911670822873,0.0250672756016693,0.0342385735291213,-0.0078238914806178,0.0393643500394806,0.0471882415200986,0.0380169435926466,0.0024539150741092,0.0022333834084906,1435.0,0.0,True,655.0,0,-0.0,0.013614762248109978,0.013614762248109978,0.7771300271738991,0.0024457834388862455,0.5916666666666667,-0.0024749703262506913,0.9497716894977164,1.9121181322149396,-0.06546819726620728,0.0,-0.026033033760406523,-0.004692175508119769,0.0011261466426055078,-0.0,-6.053241435678829e-06,-3.0,-1.423918029034171,0.14059970029678834,-3.0,-2.9790643512789083,-1.4182634537155794,-3.0,-1.9755065067283633,-2.932689854719109,-3.0,-1.8480054940961226,-2.9174528837635734,-1.7935264885758646,-1.5392152387808036,1.3183489206249461,0.8211287450693551,-0.19113729530931123,-3.0,-0.26912165298318724,0.5217299463814399,-1.3950501199974354,0.026257211660309695,-3.0,-3.0,-3.0,-0.660442048534235
2015-07-03,300ETF,IS,-0.645758068257005,-1.8619767029120573,-0.0102197773996762,-0.0129580681820577,-0.0272159301655162,-0.0313567228315475,0.0187347251709426,-0.0129580681820577,-0.0272159301655162,-0.0313567228315475,-0.0142578619834584,0.0316927933530003,0.0459506553364588,0.0500914480024901,0.0056058252531348,0.004857124829583,1435.0,0.0,True,640.0,0,-0.002484473327662187,-0.02062941527217361,-0.023113888599835878,0.8818761907123468,0.005137755517739139,0.44166666666666665,-0.08334990434135325,0.17749999999999955,1.8619767029120573,0.05838548739201205,0.004626031455113386,0.03841149063148546,-0.010437916021933084,0.00040632255241707793,5.125323200898231e-05,-0.0004282314309328171,-2.3874558595788873,-1.4045732886472406,0.9050997762711497,-2.4394661107623787,-2.2127903406002845,-1.4023612513581136,-2.6735725249022724,-1.0553081982527734,-2.1137736959592996,-3.0,-2.2752887604019216,-2.0743522248897133,-0.2664992639811091,-1.1891018513108929,2.0752107463944887,1.437726238453092,-0.9385972161688151,-2.7033494478934887,-0.8706990322809425,-0.03532424160020906,-1.387113575253522,1.8931444379606372,-3.0,-3.0,-3.0,0.33883966439130453
2015-07-08,300ETF,IS,-0.5844905008830029,-1.823321896510476,-0.0188124113341334,-0.0030662044928616,-0.0171606757591918,-0.0077864687062695,0.0337860382182351,-0.0030662044928616,-0.0171606757591918,-0.0077864687062695,-0.0140944712663303,0.0368522427110967,0.0509467139774269,0.0415725069245046,0.0031743155632334,0.0028054671377139,1435.0,0.0,True,670.0,0,0.0033185871164320984,-0.0,0.0033185871164320984,0.5480336031303218,0.003101024476570666,0.5083333333333333,-0.0161969472148659,0.5639097744360915,1.823321896510476,0.014197238888634778,-0.006050852554868206,0.0,-0.0057877990728774425,2.387490533068979e-05,-0.0,-5.022712975902223e-05,-3.0,-1.4337663473381057,0.045964437014784185,-3.0,-3.0,-1.4297006415723459,-3.0,-3.0,-3.0,-3.0,-2.0273175798793597,-3.0,-3.0,-3.0,3.0,2.1578444789934905,0.8151257176679586,-3.0,0.47078555157394664,2.3406516907768764,-1.4026730148022382,3.0,-3.0,-3.0,-3.0,-0.7491637182105236
2015-07-10,300ETF,IS,1.0,2.4635299020556563,0.0079911635127208,0.0138066865602382,0.0048661896511729,0.0128439909383543,0.0140472157255592,0.0138066865602382,0.0048661896511729,0.0128439909383543,-0.0089404969090653,0.000240529165321,0.0091810260743863,0.0012032247872049,0.0015585199578987,0.0020004501606663,1435.0,0.0,False,-1.0,0,0.0,0.0026522016752238376,0.0026522016752238376,0.5067681077349484,0.0017062492507328153,0.35833333333333334,-0.008869769285430094,0.6574074074074017,2.4635299020556563,0.0316415557383677,0.0,0.0065337781331960285,0.00383946051923397,0.00017733295706839753,0.0,-1.5134037197438038e-05,2.2965357633490964,1.571789744349039,0.7656941797530623,1.913839056131361,1.9265990974462655,2.0447225434310403,3.0,3.0,1.59871894227738,1.9730481962801776,3.0,2.208411679650408,3.0,3.0,3.0,3.0,2.0741265279522283,3.0,1.0560824563913134,3.0,0.755763295475189,2.0450393276651844,1.596525083248037,3.0,0.9575287993638967,3.0
2015-08-24,300ETF,IS,-1.0,-2.6005541120479982,-0.0180032642448209,0.0194471349355215,0.0312995757682463,0.0337483067133096,0.0337483067133096,0.0194471349355215,0.0312995757682463,0.0337483067133096,0.0118524408327247,0.014301171777788,0.0024487309450632,0.0,0.0024348820655184,0.0035443682352877,1330.0,0.0,True,742.0,0,-0.0,0.011275450861250999,0.011275450861250999,0.20397662804969446,0.0021137710528905933,0.4166666666666667,0.0,1.0,2.6005541120479982,-0.08776429779795433,0.0,-0.029322420102421427,-0.006332042567835799,0.0006563078744990978,-0.0,0.0,-3.0,-1.423049089685351,-1.443349686697597,-3.0,-3.0,-1.4177324191787217,-3.0,-3.0,-3.0,-3.0,-3.0,-3.0,-3.0,-3.0,-0.5221487140381851,-2.1072954174645386,-1.2474216615274323,-3.0,-1.5045979940810272,-1.087454642579164,-1.3838220902691512,0.13151744053592365,-3.0,-3.0,-3.0,-2.0777288652424035
2015-08-25,300ETF,IS,-1.0,-2.000373520791824,-0.0314961115658558,0.0076021905563799,-0.0028359874057405,0.0127026160220385,0.052805789378001,0.0076021905563799,-0.0028359874057405,0.0127026160220385,-0.0104381779621202,0.0452035988216211,0.0556417767837415,0.0401031733559624,0.0024083187212371,0.0024744380274568,1435.0,0.0,True,635.0,0,-0.0,0.01364883908585646,0.01364883908585646,0.16671400168103487,0.0023233041878170635,0.5416666666666666,-0.000319642003680443,0.9901960784313736,2.000373520791824,-0.02540997673527179,0.0,-0.02730277629689575,-0.004817536999589921,9.656770756406109e-05,-0.0,-7.426256057530105e-07,-3.0,-1.4213900540593196,0.589286664304318,-3.0,-3.0,-1.416088079793673,-3.0,-3.0,-3.0,-3.0,0.35850406078707225,-3.0,-2.332873671824803,-1.4955926326487654,3.0,2.46809146260504,2.2980038156349116,-3.0,2.3468083736741288,2.738298518237025,-1.3769724764879647,2.277766579405848,-3.0,-3.0,-3.0,-0.28022984127615885
2015-08-27,300ETF,IS,0.5817620816094409,1.621314363080797,0.0057723466380178,-0.0124622159277449,-0.0073307101196028,-0.0095725044932213,0.0025372674569669,-0.0124622159277449,-0.0073307101196028,-0.0095725044932213,0.0051315058081421,0.0149994833847118,0.0098679775765697,0.0121097719501882,0.0023742706226527,0.002526731030718,1435.0,0.0,True,668.0,0,0.0009620010361910629,-0.0003205641957247786,0.0006414368404662475,0.4507191294785272,0.002262525439666761,0.49166666666666664,-0.016534557930543894,0.48514851485148897,1.621314363080797,-0.015520039025515159,0.0015597060972751798,-0.0005197353348180273,0.00384943906234761,0.00011929461796383211,-3.083830884529917e-07,-3.7409857951499355e-05,0.6420932168691352,1.9345553332633343,1.0592574142618743,2.1887787177467035,0.7670830578266804,0.40181465378506065,2.331104742005681,3.0,1.8215998088008103,0.4922917980952111,1.9478278722852698,0.6992696259245693,3.0,2.439192020071141,2.3008910926258577,2.2034382001181116,0.40679475681206806,3.0,0.1614452894459996,1.048505124027115,2.056074517285251,0.858778244979228,1.8122297971521344,3.0,2.0403167553774755,3.0
2015-08-31,300ETF,IS,-0.822145955612186,-1.9408033887016407,0.0190148419876655,-0.0015209128407067,0.0045766670274118,-0.0054644944720787,-0.0222766586935817,-0.0015209128407067,0.0045766670274118,-0.0054644944720787,0.0060975798681185,-0.020755745852875,-0.0268533257209936,-0.016812164221503,0.0015190148634416,0.0015593814144686,1305.0,0.0268533257209936,True,752.0,1,0.0009122700951981941,-0.00485585172657021,-0.003943581631371966,0.6612035603864538,0.0015910402039588409,0.36666666666666664,-0.017715796252599284,0.0,1.9408033887016407,0.010605509388951724,-0.0017705368921718235,0.009424253485960175,-0.0029481091944556174,8.311019810555274e-06,-4.4298483168665205e-06,-2.8186544083028835e-05,-1.7167238863115433,-1.3745176545186601,-0.6879749570778843,-1.7413666017674387,-1.5679610281034226,-1.3704265257503676,-1.9201451877727864,-1.757215091363097,-1.4794839180175943,-2.607536531428132,-2.783676723738356,-1.422679507048243,-2.1730792834513903,-1.868890708594174,-0.8881190925476637,-1.1410211718548826,-1.416327727801948,-1.9276017676281503,-1.2709868522335217,-1.1380836953197262,-1.3589516853616646,-1.245860412703887,-2.630700653607554,-2.8625649180259805,-3.0,-1.5875221149094847
2015-09-01,300ETF,IS,-1.0,-2.5930983637314675,0.0181417625062101,-0.0135523833005543,-0.0141504694427845,-0.0105565751881954,-0.0132532060357947,-0.0135523833005543,-0.0141504694427845,-0.0105565751881954,-0.0005980861422302,0.0002991772647595,0.0008972634069897,-0.0026966308475993,0.0021578787353117,0.0022171389811581,1330.0,0.0026966308475993,True,641.0,1,0.00029792939293817766,0.006876989279356965,0.007174918672295205,0.23166571292916519,0.002046137200898998,0.4166666666666667,-0.03511275075541121,0.23841059602648984,2.5930983637314675,0.0273742378471177,-0.0007725602213354979,-0.01783270964769939,-0.005595591817667698,0.0001430667532915452,2.0488572412411763e-06,-7.184550554654128e-05,-3.0,-1.4123392974847466,-1.22633477874191,-3.0,-3.0,-1.4073923363280543,-3.0,-3.0,-3.0,-3.0,-3.0,-3.0,-3.0,-2.8417947882972703,-0.6785063584726306,-1.2740875140516035,-1.574514242284279,-3.0,-1.326299632662416,-1.100844327979795,-1.3601764105118848,-1.244652261665853,-3.0,-3.0,-3.0,-2.286712523170641
2015-09-02,300ETF,IS,-1.0,-2.0390630941823957,0.0165080066859515,-0.0129111536803614,-0.0250684568626178,-0.019156527140038,-0.0129111536803614,-0.0129111536803614,-0.0250684568626178,-0.019156527140038,-0.0121573031822565,0.0,0.0121573031822564,0.0062453734596766,0.001910743357167,0.0018902877813465,1125.0,0.0,True,676.0,0,-0.0023577965535326526,0.007090133098933582,0.004732336545401013,0.803862892796578,0.002102559544197069,0.5083333333333333,-0.03407536070089705,0.29374999999999796,2.0390630941823957,0.039061367503954926,0.004807695935898879,-0.014457228734876528,-0.0038961262620534017,0.0002473328658870447,-1.6717091384753385e-05,-7.164547486362882e-05,-3.0,-1.412619251838753,0.6987602441269692,-3.0,-3.0,-1.407643841410359,-3.0,-1.9859154146429063,-3.0,-3.0,-0.176782810816333,-3.0,-1.129526081545927,-0.903212623556746,3.0,2.292670559726253,1.7026006875711788,-3.0,0.9957425522226256,2.220798849380096,-1.362583024379623,3.0,-3.0,-3.0,-3.0,0.21445394222367378
2015-09-07,300ETF,IS,1.0,2.022249410995435,-0.0311963153185781,-0.0169644314090877,-0.0140189211793309,-0.0294312001742178,-0.0354228298424845,-0.0169644314090877,-0.0140189211793309,-0.0294312001742178,0.0029455102297567,-0.0184583984333968,-0.0214039086631536,-0.0059916296682667,0.0014013001764818,0.0015563460589864,1305.0,0.0214039086631536,True,717.0,1,0.0005866823283562153,-0.018349138668196655,-0.017762456339840388,0.5053741868794217,0.0013768299970081611,0.325,-0.030590620593952646,0.028037383177567068,2.022249410995435,-0.059517227217200694,0.0011864179929597868,-0.037106534864034244,0.0028337784565181192,0.0004992835766426478,-1.0765115397188678e-05,-4.2118084060849616e-05,2.443179693182614,2.304890806493292,1.131219494375994,2.4832935192629733,2.4935527437657288,2.2280574330268146,2.538080421795563,2.1320695474833946,2.0771383772719934,1.3776839350871422,2.8075139435431717,2.3245542109055535,2.1958661443963137,2.185671888601279,3.0,3.0,2.2529756897069695,1.8461348321835815,1.1800117938720533,3.0,-0.2156819448179222,2.215611618506824,1.4147049302449675,0.8632384927766352,0.4794242843074193,1.5920697138647169
2015-09-15,300ETF,IS,-1.0,-2.1992386299683457,-0.0178308381520434,0.0068090637571674,0.0089853431797629,0.0033987364711232,0.0177381342893576,0.0068090637571674,0.0089853431797629,0.0033987364711232,0.0021762794225955,0.0109290705321902,0.0087527911095946,0.0143393978182344,0.0015283713930499,0.0017722758862652,1435.0,0.0,False,-1.0,0,-0.0,-0.003410327286044168,-0.003410327286044168,0.7242675702059305,0.0013397901122997721,0.4083333333333333,-0.0065207497004366455,0.6865671641791067,2.1992386299683457,-0.0074746325403764365,0.0,0.007500123508303443,-0.0033612534085338745,2.3142213325688006e-05,0.0,-8.736435973426718e-06,-2.8465910235490375,-1.4072201367769546,0.19342626170754795,-2.908364204476853,-2.6936923624048683,-1.4012139852104286,-3.0,-1.778678861079058,-2.4705094985582066,-2.84336984400973,-1.5180557026494208,-2.4515545306694433,-1.183658211188958,-1.4216047961311482,-0.04019470732166754,0.3692938648188678,-0.13720665885753955,-2.8469663934339247,-0.19167464544751442,0.134237247859653,-1.3467667740243647,0.452327491311703,-2.8721841400740704,-3.0,-2.7017896538315425,-0.5241735649541998
2015-11-04,300ETF,IS,1.0,1.8553174191354376,0.0295108197138787,0.0153827673186231,0.0178775711074058,0.0156602752987584,0.037072018363553,0.0153827673186231,0.0178775711074058,0.0156602752987584,0.0024948037887828,0.0216892510449298,0.0191944472561472,0.0214117430647946,0.0007088303390241,0.0007592972021059,1435.0,0.0,False,-1.0,0,0.0,-0.0013863859145600355,-0.0013863859145600355,0.6896580695208895,0.000727092636614255,0.44166666666666665,-0.005258072166848715,0.7532467532467528,1.8553174191354376,0.02905478155024288,0.0,-0.0025721859369272483,0.0013151052752030904,0.00024089837106638134,-0.0,-3.823105555302061e-06,2.467963074591608,2.15212249195248,1.3686211384287397,2.376456816310577,2.3897288673711814,2.1878321259447877,2.299047387217082,1.9494507993489414,1.3544017349798307,1.9373660231657601,2.1168247445321624,1.5209976962187353,1.5107944429609064,2.0709812724792376,1.395497547475174,1.1549320844815576,2.2690773431999096,1.629251801509394,1.5145768126758643,1.4862741249841964,2.2573765776184835,2.237346552736282,1.9768687330474364,1.3716960634824222,1.7525512290512404,1.3478366960013946
2015-11-05,300ETF,IS,0.5355011486648551,1.5799387688150994,0.0181291782603168,0.0205477542796773,0.030534696681701,0.0294881241110299,0.0213398335290099,0.0205477542796773,0.030534696681701,0.0294881241110299,0.0099869424020237,0.0007920792493325,-0.0091948631526911,-0.00814829058202,0.0014540104530666,0.0019042551575661,1305.0,0.0091948631526911,True,777.0,1,0.0005268704020720949,0.00603914136881841,0.006566011770890454,0.4029737878778126,0.001442908312611694,0.55,-0.009120584396809078,0.7619047619047606,1.5799387688150994,0.04658943050264743,0.0008324229743749021,0.009541473578951293,0.002297247485062329,0.00060591472840207,3.1818448411595777e-06,-1.3160167042032332e-05,1.9302931389977636,1.8837639958989625,0.9196051428304802,2.115983141150139,2.0483463205845163,1.7264367114079748,1.7269992438592767,1.5037354640279728,1.775087614088521,1.3965016224216393,1.5981695373295763,1.8749742032040086,1.6349034344758004,1.5583260867356956,1.2228254980409277,2.0626130106831884,1.7195085931978094,1.1503069965392538,0.880028480406867,1.8132668897774178,1.5989448694722928,2.176125555224757,1.435191627006226,0.8728657459183267,1.2218443790993923,0.7760663544120581
2015-11-09,300ETF,IS,1.0,2.341429156746633,0.0080456501655719,0.0056555420666892,0.0082157073155469,0.0059118537430894,0.0130620374233398,0.0056555420666892,0.0082157073155469,0.0059118537430894,0.0025601652488576,0.0074064953566506,0.0048463301077928,0.0071501836802504,0.0010637167915881,0.0010193521861332,1435.0,0.0,False,-1.0,0,0.0002559836184463839,-0.0012805738720140622,-0.001024590253567669,0.3221159468942273,0.000987705446212396,0.45,-0.009691481108922975,0.3770491803278714,2.341429156746633,0.01384218672449124,0.0005993675078798685,-0.0029983730013016566,0.002490617510345359,3.34347375361561e-05,-3.278059334460561e-07,-9.572328673147772e-06,2.304329987332724,2.279152888518335,1.2098992772189476,2.448410440080001,2.4193371963840837,2.131693333525103,3.0,2.7010484321821218,2.0577749514067536,1.9591157512986908,3.0,2.214676442539187,3.0,2.5387438640519435,3.0,3.0,2.1033121742152923,2.7208740335997184,1.1914174914029947,2.8684448836534506,1.8709748845831995,2.050670408066413,2.0427756211953465,1.7459132255582743,1.3816340296055374,2.655238558824589
2015-11-17,300ETF,IS,0.6597439071887137,1.6695697593734462,-0.0131117890973367,0.0018085523596441,0.0018085523596441,-0.0010349289410157,-0.0143250268332043,0.0018085523596441,0.0018085523596441,-0.0010349289410157,0.0,-0.0161335791928485,-0.0161335791928485,-0.0132900978921886,0.0008814644462265,0.0008923866492768,1125.0,0.0161335791928485,True,748.0,1,0.0,-0.002327085730186315,-0.002327085730186315,0.569960268181057,0.0008245101618761263,0.4,-0.014137235838204809,0.051724137931036196,1.6695697593734462,-0.0017278860630201979,0.0,-0.0038852319625885465,0.0014716663833826255,-1.871723178337914e-06,-0.0,-1.1656294609439222e-05,2.32994408868508,1.2758260505195385,0.6963298551413871,1.5780585331065653,1.6217809501590903,2.154392413391344,2.0372703320785797,1.6766183457746882,1.0764535439224274,1.9829739641145248,2.001871855714934,1.2306723315301586,1.2663485352955481,1.828140946676942,0.8805623161394308,1.1031932714604769,2.1224226272935085,1.83644284265393,1.2464410319049843,1.4981863903231216,1.3933628524787962,2.0743173883488844,1.2923493883371875,1.699138183767844,1.5049060326430592,1.5975362171492518
2015-12-21,300ETF,IS,0.6386306296520434,1.657966810872942,0.0140078898961783,0.0103093696588612,0.0118466489777476,0.0169539123775298,0.0154244703256317,0.0103093696588612,0.0118466489777476,0.0169539123775298,0.0015372793188863,0.0051151006667704,0.003577821347884,-0.0015294420518981,0.0010215584995873,0.0009063955493615,1330.0,0.0015294420518981,False,-1.0,1,0.00025618035236810117,0.005619427303423254,0.0058756076557914235,0.765582793404766,0.0010076634678023322,0.4666666666666667,-0.0010183300269005545,0.9466666666666668,1.657966810872942,0.028109024036392382,0.0004247385218240472,0.009316823965188988,0.0016937100876809033,0.00017478414986389707,1.439586866697898e-06,-1.026133966273855e-06,2.107674534210089,2.046016378897727,1.1364044518457512,2.2117259601679904,2.2282941558930145,2.0576776916603645,1.7727037146492983,1.616032679056883,1.8582294973646987,1.2873144488324457,1.942720805938242,2.042719132639413,1.520918197730224,1.791853033213176,1.817879513131803,1.9024425347183134,2.141168383782989,1.1941108529778655,1.252450730801846,1.9155959901030633,0.9584335052993754,2.0950767156516736,1.3273444651755544,0.7754679208196253,0.9755266815217771,0.8932977970366944
2016-01-07,300ETF,IS,-1.0,-2.445384738563873,0.0,-0.003518033531679,-0.003518033531679,-0.003518033531679,-0.003518033531679,-0.003518033531679,-0.003518033531679,-0.003518033531679,-0.0,0.0,0.0,0.0,0.0,0.0,1125.0,0.0,False,-1.0,0,-0.0,-0.0,-0.0,0.0,0.0,0.0,-0.0041055776143860325,0.0,2.445384738563873,0.00860294550812379,0.0,0.0,-0.0,1.2376559930017818e-05,0.0,-0.0,-2.7233784818137443,-1.4106064375111549,-0.8175924981421497,-2.7947375869008524,-2.580609748130438,-1.4272050321176393,-2.8841289612607217,-2.3498242615688203,-2.3933343987773674,-3.0,-3.0,-2.364133784728251,-3.0,-2.4206223127710538,-1.0980840519449684,-0.9814633650590293,-1.7806662940749234,-2.7386984474229172,-1.6734594734886117,-1.3539632613491073,-1.3749106357471044,-1.2519187913392418,-3.0,-3.0,-3.0,-1.6638499699744302
2016-02-02,300ETF,IS,1.0,1.918166495518064,0.004089848239197,0.0064505401057924,0.0078032626658033,0.0054347959859569,0.0030607063512808,0.0064505401057924,0.0078032626658033,0.0054347959859569,0.001352722560011,-0.0033898337545115,-0.0047425563145225,-0.0023740896346761,0.0010394496972316,0.0012549074779479,1305.0,0.0047425563145225,False,-1.0,1,0.0,-0.0023684666798465532,-0.0023684666798465532,0.24748720678129232,0.0009978082717890045,0.39166666666666666,-0.004731336977514314,0.621621621621619,1.918166495518064,0.010424843570238589,0.0,-0.004543113431032568,0.0019938375830060506,3.5057369474214536e-05,-0.0,-4.72096717278497e-06,2.2700826192828774,2.241295587937851,1.20827231555048,2.4922358142503933,2.391820622956602,2.100525917016097,2.141036522938378,1.9269293467203128,2.0972560703410714,1.6203890416511884,2.0890190924655885,2.193773792160633,1.878111684334908,1.9841668557713816,1.8904198333214859,2.178960894955954,2.049600438493967,1.499155335132972,1.1437526207052156,2.045023455838321,1.7287466483378202,1.987409457404396,1.6639191674667067,1.0869298577084399,1.275401795248717,1.1966961079310692
2016-02-04,300ETF,IS,0.9124337349292204,1.7724666443571755,-0.0036739487004776,-0.0060443434523501,-0.0077298318001322,-0.0036894222631273,-0.0040255002363796,-0.0060443434523501,-0.0077298318001322,-0.0036894222631273,-0.0016854883477823,0.0020188432159704,0.0037043315637526,-0.0003360779732523,0.000754771886222,0.0008297778613088,1330.0,0.0003360779732523,False,-1.0,1,0.0010140274656288575,0.005390848634876373,0.006404876100505309,0.7856472715760345,0.0007832837822582755,0.38333333333333336,-0.0060301690265913,0.5263157894736812,1.7724666443571755,-0.006539377898341902,0.0017973298592891922,0.009555099390096786,0.001337807992427044,2.2300135299088183e-05,5.466468578812475e-06,-4.723333602805137e-06,1.7763517198757839,2.180660322788961,1.5632424817732247,2.392531001132477,1.8993890750728142,1.5545380924415246,2.283646198239106,1.9566059487417862,1.4572349959291386,1.494349178670531,1.7816027928318272,1.6268219930112149,1.565713314014641,1.8214918720020947,1.1982559025527588,0.8790471627501937,1.547544741876635,1.6212726111991813,1.1317362616872808,0.9518333650559547,2.3108862039232356,1.4281423515874967,1.9844578157948765,1.4070986863440478,1.7996135973880338,1.3442132533985338
2016-02-15,300ETF,IS,-1.0,-2.0901336965537047,0.0170217258342028,-0.0044696653404595,-0.0054982956385978,-0.0109665252587938,-0.0167439414988061,-0.0044696653404595,-0.0054982956385978,-0.0109665252587938,-0.0010286302981382,-0.0122742761583466,-0.0112456458602082,-0.0057774162400123,0.0006454163063957,0.0006229534672267,1125.0,0.0122742761583466,True,785.0,1,-0.0,-0.006496859918334232,-0.006496859918334232,0.4803932245173068,0.0006315263487117334,0.3416666666666667,-0.015110177596449195,0.08333333333333337,2.0901336965537047,0.022921503977512258,0.0,0.013579305837099528,-0.001349006370302883,4.90166978545043e-05,0.0,-9.542475285871396e-06,-2.8137754286054912,-1.405983686852468,0.04031264493026476,-2.8892423247127295,-2.6730105151975567,-1.3916170913500463,-2.9681659713569357,-1.8884165559826553,-2.474472793803153,-2.6765337176955177,-0.2939572789694984,-2.4460336285517625,-1.3287027484534855,-0.8321001500392149,0.5352422699082305,0.28700106390245006,1.6822646424192196,-2.8003445246264995,1.204221868470531,0.769744138175779,-1.330865095412996,1.6557516899023963,-2.714004795669635,-2.891935338985748,-2.4064026021290146,-0.7255212794362235
2016-02-16,300ETF,IS,1.0,2.108949457642581,0.0137768158341893,0.0096651310621501,0.0126457592002877,0.0129763923658061,0.0126457592002877,0.0096651310621501,0.0126457592002877,0.0129763923658061,0.0029806281381377,0.0029806281381376,0.0,-0.0003306331655183,0.000847645373285,0.000947421032319,1330.0,0.0003306331655183,False,-1.0,1,0.0003309614460128229,0.00099222763225704,0.0013231890782697932,0.9084139361357365,0.0007478522515030932,0.44166666666666665,-0.0016515280384729533,0.8863636363636377,2.108949457642581,0.027366555642024105,0.0006979809620693473,0.002092557926906467,0.001787641250262644,0.00012541853292939996,3.2838909194566943e-07,-1.2350989619924852e-06,2.4136289581900123,2.303732812184695,1.1947266121885307,2.4624543454211247,2.472582716391229,2.2184476315375656,2.580854107062818,2.1632161159701946,1.6492593974828125,2.051992768758466,2.1754231201819523,1.8260303141885166,1.7656633239796948,2.208615261637473,1.3366059347743615,1.6338852525799015,2.2001925070262733,1.8753729627528335,1.2327377414853036,1.8631602200647377,2.3718977195859967,2.156194219405501,2.046564209686847,1.6253402801148795,1.9811588678611984,1.6539904375990448
2016-03-02,300ETF,IS,0.5342218401893207,1.5784852294006824,0.0280662885553421,0.0111168401063393,0.0137933221323357,0.0194571720225582,0.0287164974353549,0.0111168401063393,0.0137933221323357,0.0194571720225582,0.0026764820259965,0.0175996573290155,0.0149231753030191,0.0092593254127966,0.0009181881104608,0.0008711993847608,1435.0,0.0,False,-1.0,0,0.00033472803659803516,0.007335811490213358,0.007670539526811497,0.7693264905950722,0.000940094400382722,0.475,-0.003316752625994038,0.868421052631576,1.5784852294006824,0.03071285864351632,0.0005283632616362896,0.011579470082969594,0.001449346370173695,0.00021630227029631794,2.4555017769724236e-06,-3.1180605711516838e-06,1.8396650985472118,2.044850675815843,1.32375338094975,1.9312736635729266,1.9614764585249698,1.9676368102207968,1.5154815065118292,1.4955507414570115,1.6164302214629969,1.38327178716734,1.613213934358005,1.7912720154814499,1.372016327814915,1.723347921390816,0.7757548991622738,0.9958835938322464,2.0576687636701796,0.9769670574834389,1.4443972731006307,1.2101112056821037,1.8825554414892964,1.9995690129244106,1.4201035830960544,0.8680390698717227,1.3590633422764107,0.9317576912641217
2016-03-09,300ETF,IS,-1.0,-2.3545420330816484,-0.0035771882821952,0.0095820987575804,0.0062675448446798,0.0019749841837659,0.0019749841837659,0.0095820987575804,0.0062675448446798,0.0019749841837659,-0.0033145539129006,-0.0076071145738145,-0.0042925606609139,0.0,0.0010795306402716,0.0009824201075457,1125.0,0.0076071145738145,False,-1.0,0,-0.0006635700309846122,-0.006611594332312789,-0.00727516436329751,0.7112180506522181,0.0010252311321895394,0.49166666666666664,-0.008603626863553513,0.3953488372092987,2.3545420330816484,-0.004650183275348262,0.0015624035298465611,0.015567276761114858,-0.0025418002685190268,1.8924493493504172e-05,4.387255855950484e-06,-8.820706110257304e-06,-2.7095505296082014,-1.4037498725834388,-1.2671600082032952,-2.7797853971995834,-2.5689506072774875,-1.391188995116926,-2.8718152612564554,-2.8301951758022286,-2.3860898757395543,-2.665382180996872,-1.3536210936915096,-2.3549100429257592,-2.618680669746485,-1.9209946016803863,0.013833059582413305,-0.4834490396149605,0.15978327554264368,-2.7230650047297846,0.24555592414039967,0.20581906703462494,-1.331802704926186,0.27795711529998135,-2.6988669845977227,-2.8776503930349926,-2.4588804654805556,-2.5527968027904464
2016-03-30,300ETF,IS,0.842554136792456,1.7483138027227687,0.0074796376310345,-0.0034694877887498,-0.000629921280672,0.0006295247296349,0.0094015108024718,-0.0034694877887498,-0.000629921280672,0.0006295247296349,0.0028395665080777,0.0128709985912216,0.0100314320831438,0.0087719860728369,0.0006383800708525,0.0008041321961575,1435.0,0.0,False,-1.0,0,0.0006301197435963081,0.0009444357698692035,0.0015745555134657988,0.35581432093975424,0.0006077582323847753,0.35,-0.0028279673206750826,0.6785714285714325,1.7483138027227687,0.0011006067739760149,0.0011016470450975573,0.001651170092247433,0.0011160886892545648,-2.184128362184305e-06,5.951076251531644e-07,-1.7187204200553971e-06,1.6672223269626636,2.2111460080167187,1.2519131979844702,2.0087486451354333,1.7881796516137076,1.44614972759409,1.588879295798468,2.075059454349196,1.5815389672791313,1.4044980879436515,1.643843789349727,1.648139044151802,1.7869075088760378,1.8681282011167955,0.5011791010268063,1.085852296376556,1.4344582385923084,1.7944878473276875,0.8369138705766658,1.0777799217237805,2.3595444044501317,1.3077160085462176,1.9946507103656936,1.784254961805431,1.849241719980386,1.5581167446452517
2016-04-11,300ETF,IS,1.0,1.8625247627097568,-0.0025618761791608,0.0,0.0003091667979487,0.0009272137891922,-0.0043384015985981,0.0,0.0003091667979487,0.0009272137891922,0.0003091667979487,-0.0043384015985981,-0.0046475683965468,-0.0052656153877903,0.0005930133295684,0.0006728327734258,1330.0,0.0052656153877903,False,-1.0,1,0.0,0.0,0.0,0.2462532740756923,0.0005598938510583305,0.35,-0.0033924473553242915,0.5,1.8625247627097568,0.0017269586426964167,0.0,0.0,0.001104502010938107,0.0,0.0,-1.899410414285166e-06,1.7885032325093233,2.215696960946833,1.3069034049952817,2.2261584507714867,1.9082625204589923,1.5741526906391692,1.7927596914642354,2.180901607396095,1.6948098811014856,1.5108027436734315,1.7997921440573175,1.7589033988341671,1.8813178231134646,1.9882599270563812,0.666390471137885,1.1075794270694594,1.5585144622264357,1.9551360926033063,0.9553657267527433,1.0977907717694473,2.363694703547897,1.4457834388825332,1.9971743049572201,1.8972100624685118,2.036383076144639,1.7498803613550977
2016-04-13,300ETF,IS,1.0,1.8121994550472291,0.0022220201462402,0.0042826617920007,0.0073305154162542,0.0073305154162542,0.0018376727989342,0.0042826617920007,0.0073305154162542,0.0073305154162542,0.0030478536242533,-0.0024449889930664,-0.0054928426173199,-0.0054928426173199,0.0005365253463211,0.0004579279929973,1305.0,0.0054928426173199,False,-1.0,1,-0.0018303848917493714,0.0033531505278610266,0.0015227656361117105,0.15569044367981283,0.0005639403372312668,0.4,-0.00121654516220422,0.8571428571428571,1.8121994550472291,0.013284356042551173,-0.0033170225033548923,0.006076577559281081,0.0009722909402221233,3.139411828886397e-05,-6.137556065958253e-06,-6.86058889030514e-07,1.602530563029156,2.2604969003778583,1.2902620081010248,2.4587577175163244,1.7228112475072863,1.3685274225889834,2.0526913844693246,2.0484399854076023,1.8064871088212142,1.3486917341162719,1.6722361261855074,1.588422144647449,1.811279805855575,1.825810006356595,0.8806775582942902,1.333303501161267,1.3691945430336272,1.707876182035789,0.7938741310381069,1.2228496949884642,2.386346064381674,1.2347226292826996,2.046987809210347,1.588462460500243,2.0667963243699607,1.4536909947396708
2016-05-31,300ETF,IS,1.0,2.29051573307364,0.0096006650949114,-0.001593118068348,0.0015905840795764,0.0034959514391231,0.0053976952769408,-0.001593118068348,0.0015905840795764,0.0034959514391231,0.0031837021479246,0.0069908133452889,0.0038071111973644,0.0019017438378177,0.0007296220986903,0.0004952137047368,1435.0,0.0,False,-1.0,0,-0.0006367399132673178,0.0038143720754706925,0.003177632162203344,0.3779343654622387,0.0006769600671867333,0.44166666666666665,-0.0009513239975436937,0.8800000000000128,2.29051573307364,0.008007531773372895,-0.0014584627892147363,0.008736879250662376,0.0016712108962483403,-5.569463403734203e-06,-2.4287629445044875e-06,-6.440083572935306e-07,2.3829013439106568,2.177335859637043,1.1590280857795772,2.381754058532924,2.400534781919665,2.213924288258143,3.0,2.8225473002080435,1.6012205366015062,2.031293251715651,3.0,1.7774458851918158,1.8126929629600235,2.6580855959619023,3.0,2.8517942295729437,2.1599849445949233,2.9738423976585677,1.2286814831698434,3.0,1.8235011836830457,2.5304323458305995,1.9804372069797953,1.857646824116147,1.3247221607212902,2.9569776462994133
2016-06-17,300ETF,IS,0.5148753824522811,1.5517452301319707,-0.0068500543042609,-0.0022367799707698,-0.0012775472833095,-0.0019169334943505,-0.0070467940545546,-0.0022367799707698,-0.0012775472833095,-0.0019169334943505,0.0009592326874603,-0.0048100140837848,-0.005769246771245,-0.0051298605602041,0.0005725432531503,0.0004974680137312,1305.0,0.005769246771245,False,-1.0,1,0.0,0.0,0.0,0.6117075647085457,0.0005203295444059451,0.325,-0.0041487214444578206,0.13333333333331754,1.5517452301319707,-0.0029745924063385993,0.0,0.0,0.0008884412621202194,4.287758445460962e-06,0.0,-2.158702339061912e-06,1.8593943117310006,2.0405310483853025,1.0925089893102824,1.9402930999066221,1.9738500093807754,1.9822405465010222,1.5305974814416712,1.5719014908011388,1.645513976525525,1.3696722359485998,1.6668636982982927,1.8222370789137576,1.6024656322648163,1.7673587359395064,1.0790104243504686,1.8524880322280926,2.1346008945386927,0.9965264711389931,1.1054047861748766,1.8877928234308714,1.787768938101253,2.0913741349759047,1.395375149822273,0.8539081953085504,1.3052391908272905,1.0753228154057073
2016-08-15,300ETF,IS,0.6186832569067089,1.6461608232160985,0.0166953460296132,0.0151872077935281,0.0209675707090275,0.0215437735483633,0.0198141680436741,0.0151872077935281,0.0209675707090275,0.0215437735483633,0.0057803629154995,0.004626960250146,-0.0011534026653533,-0.0017296055046891,0.0007655156362538,0.0009669479465195,1330.0,0.0017296055046891,False,-1.0,1,0.00028864194167781365,0.0020181641562371953,0.002306806097915092,0.7163974583883888,0.0007310339497733592,0.5,-0.00345026219215267,0.8762886597938143,1.6461608232160985,0.03546451599955494,0.0004751510563270428,0.003322222768816644,0.001260161849960351,0.00032718976553570766,5.825268206808705e-07,-2.522258798083055e-06,2.281112716954476,1.4826130346646724,0.9052863404591706,1.769544648077927,1.8038760110754222,2.112938926192391,2.404133229254761,1.690156811797484,0.7803959193178858,1.9193387968772568,2.0942381226082674,0.9203887766193285,1.0550534196086505,1.811538567047537,1.6602735612120245,1.0622483768115452,2.04540126403685,1.7404193837236983,1.3524670327396182,1.5547261487622837,1.5931899354092913,1.9917876456389914,1.450886557224733,1.3698847301694774,1.5905848337338355,1.457961143358702
2017-06-26,300ETF,IS,0.5273554146171043,1.57017103840673,0.0013692348540506,-0.0005433306300465,0.0013570364411212,-0.0005433306300465,0.0013570364411212,-0.0005433306300465,0.0013570364411212,-0.0005433306300465,0.0019003670711677,0.0019003670711677,0.0,0.0019003670711677,0.0005612324752207,0.0007291906603686,1305.0,0.0,False,-1.0,0,0.0,-0.0013577734604603596,-0.0013577734604603596,0.3208258616030853,0.0005357576899874537,0.4,-0.003255564459766185,0.4,1.57017103840673,-0.0008531220195782957,0.0,-0.002131936564332142,0.0008812309784048658,2.952081735467266e-07,-0.0,-1.7441936945695839e-06,2.0181043206064335,2.1253691740066674,1.069637592129485,2.1053884186300382,2.09822307025973,1.9039352039921469,1.7137555079031057,1.6370703918545868,1.7869469595489273,1.4770919517962509,1.6045860073913438,1.951089778363086,1.633123704722342,1.670843009868645,0.9826477268035798,1.8267506892000573,1.887809275087227,1.15707829500324,0.9245761391379425,1.7298332852977125,1.8800543203935232,1.8095580815514773,1.5080073671954504,0.9861567593900363,1.450239524477041,1.0679244064849345
2017-08-28,300ETF,IS,0.6624384481129746,1.6709939199513697,-0.0008724871484947,0.0020481317963549,0.003070626772965,0.0035814824673443,-0.0012822158443473,0.0020481317963549,0.003070626772965,0.0035814824673443,0.00102249497661,-0.0033303476407022,-0.0043528426173123,-0.0048636983116917,0.0004494296625776,0.0004097203262124,1330.0,0.0048636983116917,False,-1.0,1,0.0,0.0010219724956929677,0.0010219724956929677,0.2524932644496237,0.0004212205105215568,0.38333333333333336,-0.003059665823955499,0.5999999999999971,1.6709939199513697,0.005984635427344755,0.0,0.0017077098266604764,0.0007509942336129652,7.33534811945546e-06,0.0,-1.2887940003918951e-06,2.2454219981121364,2.1433820902937835,1.0206378975879062,2.3386494084053595,2.3168405071080604,2.1214997151687087,1.9414666519516581,1.7044180642578424,1.305246736972353,1.6912854069690517,1.7824454847442375,1.449727643397619,1.3627568287138738,1.8198164958074472,0.9084319229332538,1.470848058918063,2.1902909924383542,1.3548707675120573,1.0948568357034598,1.7693400734125335,2.084203815733164,2.1453194780839593,1.723701944237771,1.196680403762326,1.6691970318632414,0.9772327594258837
2018-02-13,300ETF,IS,0.5053226213630795,1.530952735668343,-0.0046927402482199,0.0050530678513912,0.0042967335155761,-0.000253324890525,-0.0030441423812281,0.0050530678513912,0.0042967335155761,-0.000253324890525,-0.000756334335815,-0.0080972102326193,-0.0073408758968042,-0.0027908174907031,0.0006290707372383,0.0006921167424503,1125.0,0.0080972102326193,False,-1.0,1,0.0,-0.005054344851483033,-0.005054344851483033,0.3727573448186814,0.0005862853402358337,0.3333333333333333,-0.008577247337470078,0.10526315789473746,1.530952735668343,-0.0003878284341621323,0.0,-0.007737963077389155,0.0009630775661038768,-1.2800678602690728e-06,-0.0,-5.0287143735355435e-06,1.8882754886089177,2.343181623262075,1.1142697022257586,1.9712430787031698,2.2782734041977433,1.9862568773406888,1.607099980758707,2.206420382137121,2.0743181318914816,1.8379639797616656,1.884573658910597,2.1315775952298406,2.0542540712358637,2.0808523973016673,0.7954209897493063,1.484767617377407,1.6511233629133029,2.070952787401546,0.9926216290555374,1.4227240131823937,2.3323763106206776,1.5479442336130464,2.0932964089466206,2.047037697948779,1.829446976396011,1.7034801424682517
2018-04-24,300ETF,IS,1.0,1.894848085451116,0.0021025176634665,0.0075609798349298,0.006521478701825,0.0041786428000525,0.0044392291207452,0.0075609798349298,0.006521478701825,0.0041786428000525,-0.0010395011331048,-0.0031217507141846,-0.0020822495810797,0.0002605863206927,0.000554142834809,0.0005859406740523,1125.0,0.0031217507141846,False,-1.0,0,0.00026024723634198533,-0.0015625003178914457,-0.0013022530815495004,0.29424857181963326,0.0005210034278676349,0.4,-0.0046801957504774665,0.4857142857142937,1.894848085451116,0.00791789330946357,0.000493128977526555,-0.002960700735873366,0.0010500164896042876,3.1594633948571545e-05,-4.0663638951472225e-07,-2.438398029090298e-06,2.595396718216866,2.33079825864324,1.1904734616853883,2.5858444111797123,2.542504019855941,2.273013271713949,2.6967225781179844,2.1713753109336027,2.2047363158338964,1.892648428923373,2.4686431033203715,2.4832587909822172,2.1162570986286746,2.1988509666771057,2.418379871493779,2.4933524427379457,2.3663458010587566,1.9990949806824043,1.2840220595230023,2.2311603939921554,1.7888240352282083,2.3391657383450477,1.919819585832404,1.3961350610083019,1.4389163576509354,1.62727468655293
2018-07-09,300ETF,IS,1.0,2.014229441922923,0.0072094752594497,0.0002890591146011,0.0011557354652531,0.0031750640037362,0.0074885142574555,0.0002890591146011,0.0011557354652531,0.0031750640037362,0.0008666763506519,0.0071994551428544,0.0063327787922023,0.0043134502537193,0.0005963525436664,0.0006881811369261,1435.0,0.0,False,-1.0,0,0.0,0.0014419613169014058,0.0014419613169014058,0.3416404040151544,0.0005410150424190628,0.36666666666666664,-0.0014398850579876432,0.7826086956521798,2.014229441922923,0.006395307396315128,0.0,0.0029044409386167615,0.0012011908512184883,9.177811897218098e-07,0.0,-7.789994757257595e-07,2.6004860372911818,2.27816556798831,1.1131841699921778,2.537014534494184,2.4869472477029504,2.289906604790258,2.9104209420777343,2.2512742826050984,2.160744656388997,2.170531446859275,2.428615619079596,2.486266946971277,2.1431770521396545,2.256550254014292,1.9128407693040044,2.296556474128713,2.374580545495702,2.184188502576109,1.2402266896204814,2.1199943587248193,2.190724170050283,2.344003523704297,2.0597974618781976,1.729198547859722,1.9186791351707542,1.8360919956792232
2018-07-11,300ETF,IS,-0.501195158033065,-1.7146672576152364,7.921961228051558e-05,-0.0026212334798742,-0.0020393306412257,-0.0034934533345601,-0.0037840243085645,-0.0026212334798742,-0.0020393306412257,-0.0034934533345601,0.0005819028386486,-0.0011627908286902,-0.0017446936673387,-0.0002905709740044,0.0007191313162501,0.0008192722339397,1305.0,0.0017446936673387,False,-1.0,1,-0.0,-0.0008722198546856974,-0.0008722198546856974,0.36443196613149403,0.0006613404533162897,0.375,-0.0034934533345600885,0.6129032258064531,1.7146672576152364,0.00599011004877697,0.0,0.0014955668262714846,-0.0012330709218997943,9.157156840927099e-06,0.0,-2.310362011917273e-06,-3.0,-1.4397351697197767,-0.9741596252391712,-3.0,-2.844758060993375,-1.448768964132522,-3.0,-2.774522326459422,-2.719382888194511,-2.939912347516322,-1.5374269841166748,-2.7193740847755783,-2.5168909966118167,-1.8648841994239944,0.32710168440443294,-0.3812159077448946,-0.14020087419176072,-3.0,0.21647630549446456,0.23099761126431267,-1.3977682910466454,0.38233291943181036,-2.936444638766903,-3.0,-2.658502971079123,-2.293706988092109
2018-07-24,300ETF,IS,1.0,1.844016892684009,0.001155040962491,0.0016478993017815,0.0027449921161544,0.0010989012094857,0.0008242890973658,0.0016478993017815,0.0027449921161544,0.0010989012094857,0.0010970928143731,-0.0008236102044156,-0.0019207030187886,-0.0002746121121199,0.0006572265599532,0.0006479116140429,1305.0,0.0019207030187886,False,-1.0,1,0.0,-0.0005489980922957173,-0.0005489980922957173,0.1928368257033684,0.0005873748919276364,0.375,-0.004110157861827986,0.44444444444444264,1.844016892684009,0.00202639239368252,0.0,-0.0010123617562445974,0.0012119368788743004,1.810878535838331e-06,-0.0,-2.4142035298967386e-06,2.5456062634570977,2.3060577694205553,1.087355627665472,2.585938561084059,2.533976477017569,2.2451070022919764,2.5364892562562504,2.0835111281718066,2.20639834036901,1.8515014219723926,2.3162389219472974,2.440254165282885,2.129085060823345,2.1235987052287157,2.07558608589489,2.609770527099029,2.3235757978164133,1.8688887318013108,1.152277891623394,2.300841081660791,1.895857832084728,2.2885378824328417,1.8837672180909706,1.3669783840102148,1.515451100663103,1.4708587925326961
2018-08-27,300ETF,IS,0.5162373532029864,1.5540622194932612,0.0131721955428664,0.0066967785576897,0.0110402051051589,0.0124838317453661,0.0142134372500554,0.0066967785576897,0.0110402051051589,0.0124838317453661,0.0043434265474691,0.0075166586923657,0.0031732321448965,0.0017296055046892,0.000604062733049,0.0004874182035092,1435.0,0.0,False,-1.0,0,0.0,0.002600030353927041,0.002600030353927041,0.9233538460552786,0.0006040493727930871,0.4666666666666667,-0.00144154558623482,0.9122807017543877,1.5540622194932612,0.019400651269984075,0.0,0.004040608942573707,0.0009387510716352943,8.360145675017368e-05,0.0,-8.707647072177861e-07,1.9296729233619065,1.6571096009441098,0.9973056934521125,1.9705089667641662,1.9531663195372129,2.118880459000476,1.6551083340116814,1.463449394495252,1.401342210906464,1.8088177995353272,1.6987693651067355,1.5513187235429897,1.2838115416045264,1.660746756582363,0.4847719883325328,0.7299480264585549,1.6996094121872423,1.3676492744014401,1.4500695392857423,1.0038061306209864,1.6547139519312433,1.5960907290152382,1.5819059467452385,1.3257440284634798,1.8490275044345181,0.8869413270464352
2018-09-07,300ETF,IS,1.0,1.874136777662424,-0.0105717094652308,-0.0137192727413581,-0.0137192727413581,-0.0104214133590911,-0.0128187774081079,-0.0137192727413581,-0.0137192727413581,-0.0104214133590911,0.0,0.0009004953332502,0.0009004953332502,-0.0023973640490168,0.0007600641097784,0.0008916540503809,1330.0,0.0023973640490168,False,-1.0,1,0.0,0.006606630636782008,0.006606630636782008,0.5813717621949607,0.0009672516850837256,0.36666666666666664,-0.012788278369357255,0.39436619718310045,1.874136777662424,-0.019531154051495133,0.0,0.01238172945282448,0.0014244641015169494,0.00014297421222380367,0.0,-1.2369483802080562e-05,2.5835508531990996,2.0281273449341755,1.0112875733593971,2.3273111639706134,2.2923170307353757,2.2334279115311744,2.4782604472031022,1.9263226308073143,1.768292587827464,1.9842967853176647,2.173882718280494,1.9318239278373754,1.618632869189789,2.030318999534275,1.4859664836878155,1.7552047151909569,2.3612773621710423,1.824880099610816,1.2529570478889926,1.9228021796496633,2.022775365060323,2.331685964926567,1.8899474246721633,1.4964692669558677,1.8123398442059686,1.4208105087999092
2018-10-08,300ETF,IS,-0.6911511818138104,-1.8854918130982763,-0.0138901273992623,0.0091351747701575,0.0070650867915277,0.0067697094448223,0.0159672227321208,0.0091351747701575,0.0070650867915277,0.0067697094448223,-0.0020700879786298,0.0068320479619633,0.0089021359405931,0.0091975132872985,0.0007343379575723,0.0006129829926794,1435.0,0.0,False,-1.0,0,-0.0,-0.002365465325335269,-0.002365465325335269,0.611317577236547,0.0007220019195751723,0.475,-0.003550299587167048,0.6666666666666667,1.8854918130982763,-0.012764231735266524,0.0,0.0044600655050875005,-0.0013845882070498811,6.184247892163761e-05,0.0,-2.5633231170015505e-06,-3.0,-1.4356952756709962,-0.9569274063120078,-3.0,-3.0,-1.4453191096079285,-3.0,-3.0,-3.0,-3.0,-1.9684129478990078,-3.0,-2.578336476841094,-2.235270434097631,0.3403076058180599,-0.4219650921085243,-0.6073351484787647,-3.0,0.007958412232512216,-0.02528694695628908,-1.4046136345846314,-0.001349338893803542,-3.0,-3.0,-2.9754537436182815,-2.271420548438322
2018-10-22,300ETF,IS,1.0,2.318734933229533,0.0160582374102154,0.0172339866339892,0.0208246547647177,0.0232112907424486,0.0187316655121084,0.0172339866339892,0.0208246547647177,0.0232112907424486,0.0035906681307285,0.0014976788781192,-0.0020929892526093,-0.0044796252303402,0.0009370788828608,0.0011919109432776,1330.0,0.0044796252303402,False,-1.0,1,0.0,0.004778981616350821,0.004778981616350821,0.6175241283312647,0.0008719365257886974,0.55,-0.004162955759310578,0.8478260869565242,2.318734933229533,0.053820830689862834,0.0,0.011081191619094386,0.002172837540881042,0.0004000230744129965,0.0,-3.6298331817853147e-06,2.5691395916217457,2.367686790926174,1.004869138875544,2.56155476918146,2.519796464512677,2.332240070116137,3.0,3.0,2.193457041391385,2.1584209032200095,3.0,2.4712563661711133,3.0,2.847174610902681,3.0,3.0,2.3562647093036917,3.0,1.0936294110307745,3.0,2.3309732314739637,2.3262143026928683,2.096332629635429,2.6857782819116043,2.383766005089872,3.0
2019-02-18,300ETF,IS,1.0,1.9412633338402887,0.015507200306912,0.005301927000184,0.0058892985295529,0.0085282093118097,0.014367641963369,0.005301927000184,0.0058892985295529,0.0085282093118097,0.0005873715293688,0.0090657149631849,0.008478343433816,0.0058394326515592,0.0006409600484034,0.0007316702499564,1435.0,0.0,False,-1.0,0,0.00029390154509864656,0.0035200975039847058,0.0038139990490834675,0.8767454027759506,0.0006149655288332416,0.425,-0.0014630580517603286,0.8780487804878085,1.9412633338402887,0.016555500040331492,0.0005705402932590106,0.006833436216028229,0.001244272240422017,4.521594321350446e-05,1.0345620953189941e-06,-8.997302685145227e-07,2.024299317558581,2.3119263472590585,1.0789725687892995,2.5442276633047913,2.091336793573045,1.7958957114304614,2.3212089628116,2.330999107480439,2.180259488654964,1.684034985033124,2.0622547624934477,1.970723404257584,2.3331275202010024,2.1164193463686747,1.4333205799330082,2.0930636896208443,1.7922362790790818,2.2813442037502702,0.8727479032141378,1.7087882924496218,2.311279045724705,1.6925959051709114,2.0830128302726907,2.0920208853748368,2.374428798604748,1.9704124676376167
2019-02-25,300ETF,IS,1.0,1.949908810623244,0.0344959974121159,0.0124741742251758,0.0204314119854861,0.0231606713215612,0.0428617538003141,0.0124741742251758,0.0204314119854861,0.0231606713215612,0.0079572377603103,0.0303875795751383,0.022430341814828,0.0197010824787529,0.001110749400105,0.0013163476225548,1435.0,0.0,False,-1.0,0,-0.0008227067514635084,0.006562779912523362,0.0057400731610599805,1.3185177785463604,0.0011243312584001389,0.5666666666666667,-0.0016339872916550239,0.9347826086956494,1.949908810623244,0.04516119706986128,-0.0016042031432379224,0.012796822373610546,0.0021658600416592224,0.000288910249237187,-5.399243342402063e-06,-1.8371429878363276e-06,2.292355060524488,0.5203125942038405,0.19493607422384698,0.8170527583065524,0.8564134498067196,2.078102645611039,3.0,2.47599426809399,0.6531919140387417,1.9204974672576898,3.0,0.7764263398544776,1.4935775292380293,2.3155931533888294,1.958469853342273,0.7688634811054782,2.064980982299455,3.0,1.57021207156648,1.2730978398820556,0.5329061677074313,2.2119556628131036,0.5914681872320542,3.0,0.8218522019505563,3.0
2019-03-08,300ETF,IS,-0.527737817542995,-1.7706597987383144,-0.0166993575027068,0.0107905012451138,0.0097061964492596,0.0097061964492596,0.012962644374484,0.0107905012451138,0.0097061964492596,0.0097061964492596,-0.0010843047958541,0.0021721431293701,0.0032564479252243,0.0032564479252243,0.001136472468358,0.0010986901766753,1435.0,0.0,False,-1.0,0,0.0002719238629943779,-0.0038002217287265395,-0.0035282978657323,1.2407414994249788,0.0011439994070839665,0.5416666666666666,-0.006796274630348256,0.7340425531914887,1.7706597987383144,-0.017186371851360547,-0.0004814846525217702,0.006728899841347904,-0.0020123061120944116,0.00010473472487105487,-1.0333709727104936e-06,-7.774934147498208e-06,-2.783462904361773,-1.4263786660698674,-0.39300635021694785,-2.8068512669483514,-2.5988551876780535,-1.4381966097504224,-2.9590728270886486,-2.1559402586711345,-2.5030293378916175,-3.0,-1.166749302439472,-2.4967752065706796,-2.0331989105216906,-1.4110038659705664,0.19707924671472815,0.21868667027228234,0.6679166729437419,-2.844663686724952,0.27806434761669935,0.6497490271926044,-1.3993256395846652,1.173648228973948,-3.0,-3.0,-3.0,-1.3631623782827733
2019-03-15,300ETF,IS,0.5317844240039723,1.575638590155522,0.0008783810800235,0.0101550845976194,0.0069593428631948,0.0018784387651441,0.0021464993484408,0.0101550845976194,0.0069593428631948,0.0018784387651441,-0.0031957417344244,-0.0080085852491785,-0.0048128435147539,0.0002680605832966,0.0008937526722161,0.0009168357382711,1125.0,0.0080085852491785,False,-1.0,0,0.0002658513906392744,-0.00854249722311449,-0.008276645832475208,0.5238125821924089,0.000916721823819238,0.44166666666666665,-0.013051190711627669,0.15517241379310212,1.575638590155522,0.0029597406076051296,0.00041888571033775126,-0.013459888281035578,0.0014082312003983063,1.9075704571486057e-05,-2.271034766297127e-06,-1.1964311352176015e-05,1.474757949508396,2.0861869113442277,1.113397597760988,1.5518525679666226,2.0317406299321044,2.037352342892448,1.2026778157558602,1.632010204698641,1.707672154662787,1.6954894743186437,1.5723227957231127,1.8728305099840614,1.563445979486436,1.8271463457612318,0.8747941322072448,1.2841636306681539,1.2366976819612063,1.1273511711595008,1.1986625076398212,1.479896183292762,2.204466544244491,1.5789443535910113,1.723906286414143,1.196642353849459,1.484516354329911,1.1240638843885347
2019-03-29,300ETF,IS,0.5478207017515037,1.592777833102906,0.0285402508680295,0.0203092830396707,0.021874636868308,0.0205703455656281,0.0301820574381641,0.0203092830396707,0.021874636868308,0.0205703455656281,0.0015653538286372,0.0098727743984933,0.0083074205698561,0.0096117118725359,0.001053173369864,0.0009342486744512,1435.0,0.0,False,-1.0,0,0.0007819627662886638,-0.0018255318669961223,-0.001043569100707511,0.4027734066870806,0.0009509153043135843,0.5,-0.004167758051646004,0.8350515463917569,1.592777833102906,0.0327639904361991,0.001245492960456412,-0.0029076666913743863,0.0016774711979336673,0.0004177689703161762,-1.4274979486643968e-06,-3.963184915986351e-06,1.8892601031346663,2.1035045495581604,1.127842574365195,1.975213969596949,2.063012929388933,2.0515031491203812,1.6074537447663282,1.6093433423859689,1.7770223732364012,1.622262292987937,1.5485269280510003,1.94527988055891,1.5853869699628682,1.7041225897207608,0.665393806456433,1.3679544764522833,1.65690992641593,1.153986230768015,1.082128586668636,1.3905001228293439,2.1073651913702123,1.539283125217356,1.649937607203787,1.1267205239681097,1.7707934123321982,1.0492910273177298
2019-04-01,300ETF,IS,1.0,2.417837479325557,0.0028453868652966,-0.0005046681913824,-0.0015147692873674,-0.0002523022594435,0.0007565250644516,-0.0005046681913824,-0.0015147692873674,-0.0002523022594435,-0.001010101095985,0.0012611932558341,0.0022712943518191,0.0010088273238951,0.0009031320510316,0.0009476040746681,1435.0,0.0,False,-1.0,0,-0.0002530044289271488,0.0027795343226767063,0.002526529893749556,0.45552110877591095,0.0008383184639359717,0.48333333333333334,-0.0012608752143283657,0.8214285714285754,2.417837479325557,-0.0006100258590010147,-0.0006117235906954196,0.006720462260439517,0.002183626521764364,1.273289249550442e-07,-7.032344939922295e-07,-1.0570149728906946e-06,2.514755330354329,2.366264309972456,1.0336963782122675,2.5621612235527293,2.5210515781092613,2.292314786967433,3.0,2.8758554575177104,2.1984095530515173,2.1184802159779506,3.0,2.4300203647668077,2.656169701214942,2.678099931049761,2.77412679873676,3.0,2.2920844014101345,3.0,1.0928862316866204,2.7335681405665566,2.326755999648253,2.2449866539285726,2.1027582510901484,2.454529918462795,2.3954658913437465,2.9801494316320754
2019-05-10,300ETF,IS,1.0,2.5967205132402045,0.0028285919105205,-0.014980533452605,-0.0340973367043458,-0.0127875501175949,0.0024301348532918,-0.014980533452605,-0.0340973367043458,-0.0127875501175949,-0.0191168032517407,0.0174106683058969,0.0365274715576377,0.0152176849708868,0.0010790156760385,0.0009835046809544,1435.0,0.0,True,691.0,0,0.0,-0.001368176434522178,-0.001368176434522178,1.3486052179631038,0.0019328904070322849,0.4166666666666667,-0.01440829601532829,0.598484848484846,2.5967205132402045,-0.03320569370444587,0.0,-0.0035527718132555832,0.00280190214007692,0.0001915643223134934,-0.0,-2.7849657149709547e-05,2.28391507053729,2.0081968793230494,0.9885421431910756,2.2859214383849817,2.2607433760908013,2.083462546634294,3.0,3.0,1.9622952199356618,1.918480205691681,3.0,2.2163107618523923,2.5841340249220983,2.847398788717927,2.968181539551857,2.660253389300763,2.068490550147453,3.0,1.0757524805847032,2.485914974053283,2.0146392538853224,1.9951860652815034,1.868145696658807,3.0,2.150546224586869,3.0
2019-06-27,300ETF,IS,0.5555449789290742,1.5999904805830705,-0.0031852109809037,-0.0018104233575461,-0.0005169294506424,-0.002587323564951,-0.0064809040840831,-0.0018104233575461,-0.0005169294506424,-0.002587323564951,0.0012934939069037,-0.0046704807265369,-0.0059639746334406,-0.003893580519132,0.0006820517771714,0.0009017863384245,1305.0,0.0059639746334406,False,-1.0,1,0.0,-0.0020703941143085133,-0.0020703941143085133,0.41890850751850434,0.0006111061208672929,0.39166666666666666,-0.005167970158442561,0.4285714285714231,1.5999904805830705,-0.0041396930741098535,0.0,-0.0033126108739488388,0.0010912763507390055,4.684151015516734e-06,-0.0,-3.1581781962837626e-06,2.4366146587610023,1.3381019827713336,0.6050401145528981,1.6556134962921139,1.6581186501728875,2.1847583336003567,2.235065253245322,1.4794590700643326,1.09509908978707,1.863543086722228,1.9514448552032098,1.2340589301578835,1.086083789493491,1.6829843626661503,1.1855048875468794,1.5008461918819649,2.223148964017835,1.6093305573306653,1.1341278420977534,1.8874349498558631,1.3499737053105048,2.1665169784604266,1.32622634452966,1.3510307356929205,1.5847152101016628,1.2084432473002251
2019-07-24,300ETF,IS,0.5050862540217209,1.5302576556248129,-0.0034545577396298,-0.0002573671356377,-0.0025766569267284,-0.0023186922664563,-0.005418668915863,-0.0002573671356377,-0.0025766569267284,-0.0023186922664563,-0.0023192897910907,-0.0051613017802252,-0.0028420119891345,-0.0030999766494066,0.000501960375428,0.0005450877078189,1125.0,0.0051613017802252,False,-1.0,1,0.000257499679548092,-0.0018038917402863849,-0.0015463920607382015,0.23993740001721559,0.0004992746148080306,0.3333333333333333,-0.005914894446808736,0.1785714285714246,1.5302576556248129,-0.0035481965917828016,0.00039404085594940387,-0.002760419145491607,0.0007681287073190022,5.967551870431446e-07,-4.645015450631941e-07,-2.953156646560591e-06,1.455360860596638,2.036086863164511,1.007986158504802,1.5324068624309157,1.9141186880649999,1.808177823749137,1.1821610449445297,1.5658475835050678,1.6462152087575235,1.5977116788786212,1.327698292455996,1.8059168089316253,1.6115114247730533,1.5924424089777693,1.5047044455281033,1.6255815924726478,1.2239267968003769,1.0243077483329726,0.8192876086040541,1.558545389898246,2.1592608875093178,1.0567947096137729,1.6253521502463824,1.0957137004224278,1.473838678218387,1.1134031279287686
2019-08-06,300ETF,IS,-1.0,-2.088006305899068,0.0053404512811724,0.0005460005595648,-0.0057150788294162,-0.0095070660384332,-0.0062576724401235,0.0005460005595648,-0.0057150788294162,-0.0095070660384332,-0.006261079388981,-0.0068036729996884,-0.0005425936107073,0.0032493935983096,0.0006768739870037,0.0007224158568326,1125.0,0.0068036729996884,False,-1.0,0,-0.003275112097805048,-0.007870850783837985,-0.011145962881642933,0.957129218078298,0.000814341685571404,0.4,-0.016903346845464885,0.03125000000000344,2.088006305899068,0.019850813838847393,0.006838454712743265,0.016434386069444334,-0.0014133171531627694,-5.190863376804034e-06,2.577791862216613e-05,-1.376509996193395e-05,-2.7397042066618633,-1.419231722566552,-1.5923319629193033,-2.7634470816707095,-2.5583118279242014,-1.428724643934215,-2.9122582919903253,-2.8122004225819794,-2.472581982699836,-2.675474402666442,-1.7096788547975184,-2.4598057405594482,-2.780918125320633,-2.126131487448265,-1.0637666304092501,-1.2425923654317454,-0.24796767609112283,-2.8023351823479286,-0.24374724377979903,-0.590237444624044,-1.3715390145597635,-0.3719207273896417,-2.6713651432934316,-2.955950199842233,-2.4190192091348255,-2.6331116522716567
2019-09-05,300ETF,IS,0.5836452946122752,1.6227035167801214,-0.0026236288617009,0.0012448650929179,0.0009960160185963,0.0022396425935048,-0.0034938892542556,0.0012448650929179,0.0009960160185963,0.0022396425935048,-0.0002488490743215,-0.0047387543471735,-0.0044899052728519,-0.0057335318477605,0.0007686730172854,0.0005800729892559,1330.0,0.0057335318477605,False,-1.0,1,-0.0002488490743215159,0.0012436265749085607,0.0009947775005869606,0.30157670321217644,0.0006942899353630142,0.44166666666666665,-0.006195039017513361,0.35897435897435953,1.6227035167801214,0.0036342759128107907,-0.00040380826804900164,0.0020180372166653383,0.0012473284084030057,2.7880528852662395e-06,-3.0947532196763266e-07,-4.301153239040702e-06,1.987957367784143,2.2331999623839085,1.165130048651329,2.2094326480347948,2.0593769467269607,1.7697994511730453,1.8299877008801757,1.9415933991951697,1.9885625884406077,1.6649749937247036,1.7202814070611523,1.9469774201998238,1.821895750394695,1.843642517456466,0.7555615311169854,1.4144755857692457,1.7680805512859128,1.6773717761176512,0.9543195597321437,1.318171990092841,2.2371563020049967,1.6592133232500523,2.0361468725014538,1.5983832865961627,2.0881984647352705,1.290173267337327
2020-02-04,300ETF,IS,1.0,2.3062043033605297,0.0031957417344245,-0.0053418930447861,-0.0029345092420249,-0.0045387876609701,0.0018629413238823,-0.0053418930447861,-0.0029345092420249,-0.0045387876609701,0.002407383802761,0.0072048343686684,0.0047974505659072,0.0064017289848525,0.0008534266486267,0.0009314969434686,1435.0,0.0,False,-1.0,0,0.0005354752470653285,0.000267630136750713,0.00080310538381599,0.47826078546108725,0.0008134259915828035,0.39166666666666666,-0.006401728984852532,0.5555555555555574,2.3062043033605297,-0.010467371635768916,0.0012349153191251034,0.0006172097730834614,0.0019681762096654502,2.4245718237897145e-05,1.4330931359871568e-07,-5.2073327473480446e-06,1.868164600434905,2.2291209250802377,0.9997070209605751,2.424956273334633,1.9360343915600664,1.6770835058322342,3.0,2.482387280406455,2.0980475627515913,1.344575741906218,3.0,1.8367945004096595,3.0,2.1928536641010528,3.0,3.0,1.6932944545276991,2.5208710656838105,0.7803443217152054,3.0,-0.9480236952727221,2.4588964853262403,1.3653611151381206,0.858857714625522,-0.14148994812474136,2.3371035628304795
2020-03-02,300ETF,IS,0.5022574329170703,1.5201578254053518,0.0287932524330258,0.0172181421489672,0.0191954042859857,0.0199358708137095,0.0282897277496783,0.0172181421489672,0.0191954042859857,0.0199358708137095,0.0019772621370184,0.011071585600711,0.0090943234636925,0.0083538569359687,0.000785183217317,0.0006768398174712,1435.0,0.0,False,-1.0,0,-0.00024663953756800925,-0.00024670038363668804,-0.0004933399212046429,0.6052468199637653,0.000721906722057189,0.55,-0.0009864365781385737,0.9550561797752856,1.5201578254053518,0.030305670023730656,-0.0003749310230883665,-0.00037502351871581373,0.0011936024121813884,0.00034325865753389657,6.084606853800322e-08,-7.121151966413279e-07,1.3947758770632235,1.7858144862397503,0.9792137172133174,2.0305350120894703,1.4749570715559082,1.1262308611545118,1.6740285806265822,1.8256363125412562,1.7557804295678587,1.1373935549925294,1.5390312270138728,1.39408945084968,2.1019304393160305,1.5569406075211352,1.5498929102192514,1.564893476239275,1.1949863423366012,1.7951054514812441,0.6326184652806878,0.9601449054054432,1.7875662531768453,1.6536077927175006,1.6548256254224276,1.7362549185712106,1.9289607277649794,1.4642350231721997
2020-03-09,300ETF,IS,-1.0,-2.03165039293836,-0.0069704041245923,0.0029798879760942,0.0067172786476046,0.0104686898246343,0.0074664358807946,0.0029798879760942,0.0067172786476046,0.0104686898246343,0.0037373906715104,0.0044865479047004,0.00074915723319,-0.0030022539438397,0.0005644105529404,0.0004364488384524,1330.0,0.0030022539438397,False,-1.0,1,-0.00024891101559753085,0.006742440326145762,0.00649352931054812,1.195928850010094,0.0005376483589120294,0.44166666666666665,-0.0010027576673788264,0.9285714285714286,2.03165039293836,-0.021268717795768086,0.0005057001626454098,-0.013698281537977482,-0.0011466849216599207,3.119552293388745e-05,-1.6782676691866888e-06,-5.391310142526806e-07,-3.0,-1.4080371023395943,-0.053584446368732636,-3.0,-2.8256850394658772,-1.4204462319183389,-3.0,-2.052702361553054,-2.7326704893181515,-2.9170237014989286,-2.7428622757220746,-2.7341073724731375,-1.5304854947456525,-2.2163405111223997,-0.15189946006550084,-0.3343459640356763,-1.7915104697219402,-3.0,-1.3651809437078146,-0.9688475490784239,-1.3753281590809885,-1.274726513351278,-2.909050429320413,-3.0,-2.662082649671422,-0.886191082794164
2020-03-10,300ETF,IS,0.7700961577636276,1.7204933295985458,0.0173658544198475,0.0037448552065712,0.0166195069215656,0.0166195069215656,0.0168654791279464,0.0037448552065712,0.0166195069215656,0.0166195069215656,0.0128746517149942,0.0131206239213752,0.0002459722063807,0.0002459722063807,0.0009949193776283,0.0010014709899562,1435.0,0.0,False,-1.0,0,0.003216630263252185,0.004190811014609497,0.007407441277861818,2.36551976156843,0.0011785837875077992,0.4583333333333333,-0.003438117335647355,0.8970588235294163,1.7204933295985458,0.02859375079977048,0.005534190911710199,0.007210262396243753,0.001711752152697827,6.223764702587104e-05,1.3480289537163503e-05,-4.052109351343483e-06,1.6460605536857034,1.6769653498657955,1.050376377863796,1.9337037867925073,1.7199781632146587,1.4196667803281229,1.8574145776455204,1.4545608505221719,1.6642086345729206,1.0264542206919571,1.98566936548356,1.629636818826873,2.4862321199258877,1.391789547250242,3.0,3.0,1.4581582765597032,1.2900976888439977,0.920905531003225,1.735325014670544,-0.2521758680975452,3.0,1.04730039845218,0.5564520933550731,0.496383999725811,0.8580605746682463
2020-03-18,300ETF,IS,0.6279861331174408,1.6517811054154612,-0.0272584681442747,-0.0007998933902033,-0.0058807974882539,-0.0144968981790451,-0.0261929379422364,-0.0007998933902033,-0.0058807974882539,-0.0144968981790451,-0.0050809040980507,-0.025393044552033,-0.0203121404539824,-0.0116960397631912,0.0010411666252716,0.00103436971329,1125.0,0.025393044552033,True,743.0,1,0.00026648900890566995,-0.014763387187950682,-0.01449689817904514,0.9113328622585466,0.001052105615074692,0.4166666666666667,-0.01742437864636705,0.057971014492753714,1.6517811054154612,-0.0239457024992785,0.00044018150971127817,-0.024385884008989635,0.0017197793592128086,1.159597303186843e-05,-3.9342804198076425e-06,-1.8332286613030333e-05,1.8945100330099642,0.7471555421201992,0.36354294744802634,1.0607350075059918,1.0870899903289661,1.7149789808361209,2.780682820734989,1.5133386557860604,0.7699665588678215,1.5814327512419408,2.00449331308422,0.8938008335599078,0.8982629272170037,1.5302378327041133,1.607789649407188,1.057188246399588,1.7255199813478421,2.0940560450489727,1.049545319962965,1.4026182233210667,0.7572785385335066,1.5845128832937274,0.8083152374718583,1.614687987565843,1.0474218473241217,1.8423933299593294
2020-04-20,300ETF,IS,-1.0,-2.2529518567159443,0.0026157482871519,-0.004445032812378,-0.0039231121324719,-0.0023557136924589,-0.0031397200046678,-0.004445032812378,-0.0039231121324719,-0.0023557136924589,0.000521920679906,0.0013053128077101,0.000783392127804,-0.0007840063122088,0.0004713982616856,0.0005271399993189,1330.0,0.0007840063122088,False,-1.0,1,-0.0002611989044493994,0.0010452052166582079,0.0007840063122086455,0.3960467956331233,0.0004416597131860268,0.3416666666666667,-0.00287996010027196,0.47619047619045807,2.2529518567159443,0.005307309537316451,0.0005884685567514449,-0.0023547970335193002,-0.0010620375889172412,1.0471224659547945e-05,-2.7300645751592104e-07,-1.2719623518733149e-06,-3.0,-1.4046834871959548,-0.386188127553175,-3.0,-3.0,-1.4175520714203853,-3.0,-2.729553358670362,-3.0,-3.0,-2.6268131810976825,-3.0,-1.9241197940691637,-2.5954181344191825,-0.903346988611316,-0.7729599120635303,-1.5162190971613831,-3.0,-1.4515781922051718,-1.2358819814315922,-1.3702595540769296,-1.1807284372699252,-3.0,-3.0,-2.6932848055000274,-1.2646172274314287
2020-04-30,300ETF,IS,1.0,1.9048567653685209,-0.0020465599366262,-0.0017923446098983,-0.0005117707378841,-0.0028179857254485,-0.0010238035191685,-0.0017923446098983,-0.0005117707378841,-0.0028179857254485,0.0012805738720142,0.0007685410907298,-0.0005120327812843,0.00179418220628,0.0004522035352756,0.0004578285327841,1305.0,0.0005120327812843,False,-1.0,0,0.0,-0.0023062149875644825,-0.0023062149875644825,0.7770834311860574,0.0004806349788762501,0.39166666666666666,-0.0038407421429063693,0.24999999999999445,1.9048567653685209,-0.005367859173832494,0.0,-0.004393009221456484,0.0008613829634932892,5.05080152577797e-06,-0.0,-1.8459950187249263e-06,2.443907980336478,2.2489740638253104,1.1572335111763359,2.4796443474532763,2.4464901731414224,2.19746867633866,2.156890030854877,1.921876153607048,1.8110854010271429,1.8414973873927654,2.0164150231575197,1.9738009799012683,1.7040658435356353,2.041752024440916,1.1539730648917081,1.6839299164638635,2.3538572104954745,1.5419790317171804,1.245692893189109,1.8338143414020354,2.1548552175692777,2.2714278279300295,1.8692376598871148,1.3207226256815883,1.796426314895505,1.1839593455221171
2020-06-01,300ETF,IS,0.946439537424934,1.7834768363314508,0.0063299363147586,0.0048180643476813,0.0063347481571262,0.0078491351199441,0.0070922283094918,0.0048180643476813,0.0063347481571262,0.0078491351199441,0.0015166838094448,0.0022741639618105,0.0007574801523655,-0.0007569068104522,0.0004078285145077,0.0004881753766845,1330.0,0.0007569068104522,False,-1.0,1,0.00025242963657938977,0.0007569068104522524,0.0010093364470315645,1.050611565238785,0.0004275207722520184,0.4,-0.0012602396122877771,0.8780487804877978,1.7834768363314508,0.013998750671655987,0.00045020240964290794,0.0013499257637031123,0.000727352708819948,3.781763808153585e-05,1.9106571108692714e-07,-5.387786122678547e-07,2.1851745317985007,1.7990046588727748,0.8521545388124395,2.0293247512336556,2.0140653730549607,2.1568665501800885,1.9063753902403284,2.0537559145313686,1.7564344425076328,1.9288535717895852,2.0991012623800054,2.234579366626344,2.0578516905863196,2.055935300482307,1.1327554457985616,1.8459744129017917,2.03304499414955,2.1195335833815165,1.076580730800666,1.717879164713857,1.8065541995985714,1.9188827117938227,1.656193637168316,2.0042239286804344,1.9386729592046221,1.888639272446002
2020-06-08,300ETF,IS,0.6645629538185969,1.6721084881327688,-0.0064468361146242,-0.0057022591599946,-0.0054536575428039,-0.0076933001363087,-0.0061996478795254,-0.0057022591599946,-0.0054536575428039,-0.0076933001363087,0.0002486016171908,-0.0004973887195308,-0.0007459903367215,0.0014936522567832,0.0004262750760402,0.0004228101946805,1305.0,0.0007459903367215,False,-1.0,0,-0.00024878716386546204,-0.0012448650929178654,-0.0014936522567833646,0.457435567499704,0.00041116693979778996,0.3,-0.008187615519582265,0.05714285714285062,1.6721084881327688,-0.012864032459674764,-0.00041599912843791716,-0.0020815494884481507,0.0007127781729262599,4.386919117285399e-05,3.097064558621506e-07,-3.3664768174275318e-06,1.4188731083475505,2.1670307781899396,1.0844790621045464,1.4933611520122458,2.194290281368219,2.112300609308303,1.158107481276684,1.7531982374493873,1.9245569920818872,1.859411450271534,1.658647191056253,2.088755150209753,1.8039112721281079,1.9176635430146094,1.1499021536675655,1.525543368784523,1.2260925232173598,1.2774961040830357,1.1600124132610565,1.5855634176997673,2.2752960286971646,1.0309117746801897,1.8904865054881905,1.3377969560213347,1.4475972584796155,1.1247480231402707
2020-07-06,300ETF,IS,1.0,2.667836847699997,0.0332256476283203,0.0147380214235163,0.0233070541486177,0.0181744509220975,0.034970848769351,0.0147380214235163,0.0233070541486177,0.0181744509220975,0.0085690327251013,0.0202328273458347,0.0116637946207333,0.0167963978472535,0.0008154247774361,0.0009981800988763,1435.0,0.0,False,-1.0,0,0.0002142933684402121,-0.0006430179194872929,-0.0004287245510470673,1.4563264268744154,0.0009446709927107101,0.55,-0.011511531937292095,0.6197183098591516,2.667836847699997,0.048486469856686906,0.0005716997445425495,-0.0017154668993395901,0.002175420267771597,0.00026785544705051857,-1.377944759343491e-07,-1.0874610302822767e-05,2.4720073696561755,2.3212254786198323,1.331595185008098,2.458834306140801,2.4222012303676745,2.3227459975828397,3.0,3.0,2.1382210735166334,2.092251175618339,3.0,2.4111229086560777,3.0,3.0,3.0,3.0,2.3326371494930864,3.0,1.4317763072467011,2.9834707848576434,2.326635877109901,2.2477936680947517,2.030034837558152,3.0,2.3336112566151934,3.0
2020-07-08,300ETF,IS,0.7353059027758584,1.7058034559954096,0.0178444957501273,0.0040054865400801,0.0054771571515363,0.0008445946448016,0.0150946262224848,0.0040054865400801,0.0054771571515363,0.0008445946448016,0.0014716706114562,0.0110891396824046,0.0096174690709485,0.0142500315776832,0.0008609071687718,0.0011537285476307,1435.0,0.0,False,-1.0,0,0.0,-0.0031608918952785547,-0.0031608918952785547,0.574369758444125,0.000844211047253074,0.5083333333333333,-0.0061020704860946925,0.5084745762711969,1.7058034559954096,0.0014407124640177847,0.0,-0.005391860318994039,0.0014685384237821597,3.383012481576542e-06,-0.0,-5.151435315478075e-06,1.719753736064389,2.0058089441437277,1.0660811101031813,1.7997756615536395,1.7932736551605157,1.952312680580433,1.444311048983787,1.5040138749858225,1.5530375527954638,1.0946504040342464,1.560452898741132,1.7037062914626693,2.1607739002956046,1.6154081111679668,2.4388876629697505,2.6169682158076415,1.979717579915969,0.9289896526803191,0.9713324797444803,1.8957608756935103,0.8632858703207822,1.8591384310988415,1.1224521097010782,0.6124853714160069,0.9868658942603369,1.0730864872705679
2020-07-31,300ETF,IS,1.0,2.168134580806297,-0.0098688465007304,-0.0134653833407679,-0.0141010439194343,-0.0128301265698016,-0.0096598819194663,-0.0134653833407679,-0.0141010439194343,-0.0128301265698016,-0.0006356605786664,0.0038055014213015,0.0044411619999679,0.0031702446503352,0.0013665872778023,0.0010657226066085,1435.0,0.0,True,664.0,0,0.0,0.0006352567709662946,0.0006352567709662946,0.2320229858701476,0.0012311083608772307,0.425,-0.017833263960409736,0.37956204379562275,2.168134580806297,-0.027817441092108527,0.0,0.001377322172823369,0.0029629451346931085,0.00017276257257295007,0.0,-2.1954680363391023e-05,2.201655325173938,2.283481986553934,1.1060734007090158,2.4491729723515734,2.2675242919754317,2.0582244301493575,2.375917949317737,2.027435331504155,2.1306059061755662,1.618574175246811,2.3209702608827714,2.1608343880328476,2.091998634550903,2.007727917716589,2.6146321731829234,2.832958153803981,2.0461363223056823,1.7316136152653676,1.0380154688814933,2.409741881098803,1.3224023631490904,1.928846418280001,1.6489872947671742,1.1073113972256425,1.1672164663072906,1.4209195696611454
2020-08-11,300ETF,IS,1.0,1.9234779319769029,-0.0129330129722259,-0.0051861956300406,-0.0041468025419748,-0.0020712517761121,-0.0145896710442237,-0.0051861956300406,-0.0041468025419748,-0.0020712517761121,0.0010393930880657,-0.009403475414183,-0.0104428685022488,-0.0125184192681115,0.0007584764149414,0.0007969065722825,1330.0,0.0125184192681115,False,-1.0,1,0.00041580042179100807,0.0024911783695183314,0.0029069787913093108,0.3184053131826579,0.0006965158324279046,0.44166666666666665,-0.00578872817624454,0.42857142857144154,1.9234779319769029,-0.003984007082919589,0.0007997829354216921,0.004791726618386713,0.0014589126460647394,1.0741916909986404e-05,1.035833016802358e-06,-4.031940824375831e-06,2.0351181259358673,2.238692003772561,1.0877540927405296,2.475662178402746,2.1047520545964633,1.8725789538265694,2.1490060814525216,1.9163726303666018,2.1547416023294246,1.6700107116524474,1.9672690605751293,2.0044017904696725,1.9371991290192483,1.86782391944928,1.7399604108205062,2.376875246476766,1.8712823866431245,1.5361070784251747,0.9126557877253393,2.0777789754064844,1.86336620375294,1.7366594091048972,1.700593545344631,1.1553591481609027,1.4678802596900062,1.1820995910917547
2020-10-12,300ETF,IS,1.0,2.149714963951249,0.0084493032288552,0.004751584190399,0.0068104690025268,0.0084545302030936,0.0090703569699642,0.004751584190399,0.0068104690025268,0.0084545302030936,0.0020588848121278,0.0043187727795652,0.0022598879674373,0.0006158267668706,0.0004862015509322,0.0003654493039068,1435.0,0.0,False,-1.0,0,0.00020578248863649997,0.0020554991820959595,0.0022612816707324964,0.9682334659619534,0.00048058079341925205,0.49166666666666664,-0.0032800357410502964,0.7460317460317447,2.149714963951249,0.0181748300907681,0.00044237369514101184,0.004418737350141237,0.0010451947495352556,4.017241205027039e-05,4.2298573708199676e-07,-1.5763221788774559e-06,2.4133338342858988,2.1406772113617274,1.1908594003251265,2.3475157779566334,2.3188926916510857,2.2639954801835467,2.7775058203950675,2.1964441738363476,1.5509567970527263,2.047514082878883,2.327294271158376,1.7036342708783547,1.7135820037060168,2.205222994515372,1.6977138774898248,1.5758024631463425,2.2694094299930763,2.074083110370004,1.3220924022319056,1.8042334280467673,2.1571442155918965,2.1759884906849742,1.9387971730678866,1.693349126240815,2.020994581628598,1.8430623325391362
2020-11-02,300ETF,IS,0.500465287744505,1.5091516006256238,-0.0029264234931603,-0.0031338164161713,-0.0029245895088278,-0.0041806080955541,-0.0035524016043676,-0.0031338164161713,-0.0029245895088278,-0.0041806080955541,0.0002092269073435,-0.0004185851881963,-0.0006278120955398,0.0006282064911864,0.0006900324895697,0.000643260744856,1305.0,0.0006278120955398,False,-1.0,0,0.0,-0.0006282064911864323,-0.0006282064911864323,0.3100366383560689,0.0006513222901621937,0.4083333333333333,-0.005014636500864494,0.35135135135134943,1.5091516006256238,-0.0063091713989939105,0.0,-0.0009480588316974111,0.001041363636117797,1.3101258279426072e-05,-0.0,-3.266144530073992e-06,1.6040614297412097,1.9463821351066886,1.029194021470422,1.6873128420337884,1.6870593739058466,1.7428596385468846,1.3342590633570062,1.4603992891143298,1.4550632652551327,1.3238503342435672,1.2949435451348459,1.6038255952573133,1.6179090120828976,1.5060293072186235,1.4701310519291757,1.7879711469579713,1.5129786689831892,0.8314002354508044,0.809186280148916,1.6201039491707776,1.9408742032417845,1.3442552110338792,1.3578908122558386,0.8270253077910616,1.534531983637839,1.1017298651212752
2020-11-09,300ETF,IS,0.8124299654132225,1.7371442467663512,0.0067635030058996,0.0120973215507311,0.0113085224563905,0.0097290551981191,0.0063643810688513,0.0120973215507311,0.0113085224563905,0.0097290551981191,-0.0007887990943407,-0.0057329404818798,-0.0049441413875392,-0.0033646741292678,0.0006619111470542,0.0006442403848167,1125.0,0.0057329404818798,False,-1.0,1,-0.00019745285877175356,-0.0005925926099341434,-0.0007900454687058855,0.5706496948445599,0.0006550637357579876,0.48333333333333334,-0.002565368945149143,0.811594202898552,1.7371442467663512,0.016900772263884856,-0.00034300409762292054,-0.0010294188430233536,0.00114983514097572,0.00011769550911645862,1.1700910491851126e-07,-1.6804801648069258e-06,1.6998874399749233,2.248195550160855,1.1742100931890438,1.784840771027281,2.3416818308844816,2.1307483011585084,1.4282151198748796,1.9195654754933764,2.121738051909849,1.9231086588144,1.75788112948435,2.2350058347180446,2.038542390847976,1.9577947824836464,1.1862412757526424,1.511000042840016,1.5185360700737038,1.5716499860052575,1.1543051538963327,1.3643612066368478,2.2935594534731463,1.3497495891415188,2.017045641644216,1.5718801202228905,1.723693629008452,1.2270109091189478
2020-12-31,300ETF,IS,1.0,2.0930597264555897,0.0041729954335085,-0.0099123953056588,-0.0078073328117321,-0.0045627455584183,0.0020843209819725,-0.0099123953056588,-0.0078073328117321,-0.0045627455584183,0.0021050624939267,0.0119967162876314,0.0098916537937047,0.0066470665403909,0.0007819819308446,0.0006897368902869,1435.0,0.0,False,-1.0,0,0.00019140587674475068,0.004392253790913093,0.004583659667657893,0.1861291462374311,0.0007313818621173026,0.38333333333333336,-0.005321183213280384,0.562499999999987,2.0930597264555897,-0.009550098970389465,0.00040062393202136017,0.009193249518132086,0.0016367348862668125,4.52277376541811e-05,8.407031877351754e-07,-3.8918168871963385e-06,2.130282234299823,2.2947517751568243,1.1203361063184376,2.4598777161547445,2.1991393681107834,1.962704345670535,2.42179019483139,2.0542819397973218,2.1412977972848433,1.7916754185082078,2.161648358235158,2.0984394450860218,1.8768975595256436,1.9939739291905991,2.0183040588526855,2.276785118221648,1.9698925431170968,1.767318111828565,1.0011313644870867,2.120740858375898,1.9579922796099398,1.8451190966203588,1.870777344155449,1.3099160115578454,1.558856457807519,1.4634224395940933
2021-01-06,300ETF,IS,0.6916788956955324,1.685747681614592,0.0031081476708697,-0.0036724242522638,-0.0049609656178471,-0.0014673516939498,0.0040241502997253,-0.0036724242522638,-0.0049609656178471,-0.0014673516939498,-0.0012885413655833,0.0076965745519891,0.0089851159175724,0.0054915019936751,0.0008843374652214,0.0008630499670988,1435.0,0.0,False,-1.0,0,-0.00018417902253011243,0.0034936139238972486,0.0033094349013672304,0.5196272496441944,0.000820334210023126,0.43333333333333335,-0.005126338578991257,0.5254237288135456,1.685747681614592,-0.0024735847161891198,-0.00031047936023217873,0.005889351572666244,0.0014907698317619,5.388737947461615e-06,-6.434503976009859e-07,-4.205310908507867e-06,2.0576575817100355,1.9325080004294855,1.0889180229510125,2.1519411009633194,2.127227358154601,1.8849874966763938,1.7881416199596976,1.5698209375904884,1.8678528668883831,1.5458160344396819,1.4918080575949868,2.0299516126736163,1.73572596016502,1.6295413409227044,1.2542995691354,1.463456344184632,1.8933102631940086,1.2607399768947665,1.1042680136445673,1.21351525144217,1.933959722717564,1.7610456691382648,1.584347182888729,1.0406181835961263,1.531499487612291,0.8454474883818395
2021-03-11,300ETF,IS,0.9163463353712428,1.7737559869059008,0.002749952626716,0.0043230564477932,0.0066732337927469,0.0049111187993474,0.0039308226714369,0.0043230564477932,0.0066732337927469,0.0049111187993474,0.0023501773449536,-0.0003922337763563,-0.0027424111213099,-0.0009802961279105,0.0009465956990124,0.0009546451375893,1305.0,0.0027424111213099,False,-1.0,1,0.00019590557414022645,-0.0003918495347945921,-0.00019594396065446057,0.8819000328255064,0.0008921370783135234,0.44166666666666665,-0.005666844671555743,0.4727272727272639,1.7737559869059008,0.00871112637274857,0.0003474886849994645,-0.0006950454583081998,0.0016790297883026205,2.1231043791397175e-05,-7.676550809051521e-08,-5.055602248538299e-06,1.8317063567341922,1.0547090737140787,0.8183666045587988,1.3775824262323375,1.3887920362404351,1.6282799706302942,2.944143644929441,1.7758002308125278,1.1771122505259157,1.5308990893357761,2.2281428628140945,1.338271333436226,1.2126029124325537,1.6906101282290635,2.191622326861315,0.9056526920905026,1.6551848080618847,2.2135747129924064,1.3683794481377785,1.0711940789031356,1.0742179914845649,1.4965291379453678,1.0924191220231583,1.65616286658473,1.3505897263138127,2.017353999537094
2021-03-22,300ETF,IS,0.5021895928601955,1.5198526248852684,-0.002975897444689,-0.002775576722402,-0.0037687240877761,-0.0045639527579144,-0.0035700156916925,-0.002775576722402,-0.0037687240877761,-0.0045639527579144,-0.000993147365374,-0.0007944389692905,0.0001987083960835,0.0009939370662218,0.000735346044227,0.0007374046134151,1125.0,0.0007944389692905,False,-1.0,0,0.00019862945740150908,-0.00139123544252451,-0.0011926059851230246,0.5442091012488584,0.0006842322026355353,0.39166666666666666,-0.005355561744433577,0.4600000000000131,1.5198526248852684,-0.006936535578968561,0.0003018875022112202,-0.0021144728391542947,0.0011176176155174046,1.2667601037009619e-05,-2.7634034106639184e-07,-3.6644478087443965e-06,2.1182212398085922,1.2142864250861187,0.5601719669124094,1.5278981388065815,1.5329665940747108,1.9498143709194404,1.9512431586477306,1.3095320884402686,1.3112123429071083,1.3297214305002392,1.7562592277446991,1.4903383658568494,0.9684869223817331,1.4743012398184272,1.6693414025555737,1.8936951382276368,1.9558854911161234,1.3592914750548204,0.9580656779104844,2.090690984039719,0.8841762742203059,1.8278898054121082,1.2245242958537963,0.8307822450581528,1.0013356914599103,0.9738009025945602
2021-03-26,300ETF,IS,0.6476981558979514,1.6630511210069752,0.0101848109542342,0.0077930257520958,0.0077930257520958,0.0075939613541058,0.0095828243804212,0.0077930257520958,0.0077930257520958,0.0075939613541058,0.0,0.0017897986283253,0.0017897986283253,0.0019888630263153,0.0006842108416367,0.0006996818477986,1435.0,0.0,False,-1.0,0,0.0,-0.00019906439798992608,-0.00019906439798992608,1.1986214248448492,0.0006215708173346612,0.5333333333333333,-0.0017901546302317574,0.8695652173912993,1.6630511210069752,0.012629145942829299,0.0,-0.0003310542702297252,0.00113787760718904,5.917993639296679e-05,-0.0,-1.1127078766685817e-06,1.535454426955049,2.1892022107154685,1.0784788634013556,1.6222411945839974,2.0189403128374304,1.7577152401862186,1.270649668729672,1.7853050744640984,1.9963855554625338,1.6283609771767453,1.4881927131836756,1.92320674670158,1.873001448103494,1.7388065051246042,1.2084710856984289,1.6453981633856298,1.3455948309706214,1.3288262339679036,0.8514235382301834,1.4666987046898474,2.2873425017748894,1.153857030983172,1.9383567719657124,1.3678171944838553,1.5774111727086744,1.1081813077859206
2021-05-17,300ETF,IS,1.0,1.934943506303004,0.0009620010361908,0.0051938175811082,0.0046180570815638,0.0017342715590662,0.0028887839058911,0.0051938175811082,0.0046180570815638,0.0017342715590662,-0.0005757604995444,-0.0023050336752171,-0.0017292731756727,0.0011545123468249,0.0006050484508018,0.0006950980289984,1125.0,0.0023050336752171,False,-1.0,0,-0.00019232618580297312,-0.0009621861610220284,-0.0011545123468249872,0.2518236576966221,0.0006664113131203083,0.45,-0.0040349752121789945,0.41666666666667695,1.934943506303004,0.00335571749138113,-0.00037214030431148787,-0.0018617758641241904,0.0011707345708776356,9.007490113893957e-06,1.8505359438177204e-07,-2.6889531295560984e-06,1.846778112023115,2.254464864617607,1.08869815935871,2.48667124021826,1.929100169758393,1.6493957181698757,2.1971069741673745,1.950607173908764,2.1632817631391412,1.548164643892866,1.9332281665103974,1.8374795015158842,2.1468514587551826,1.8176031352384145,1.8788358066619637,2.6593638193809603,1.6686961795859037,1.5734380749383339,0.8005684728255993,2.097389510930984,1.8138315093418618,1.9212479289600375,1.7134581502127277,1.1584112817259613,1.4494715806464442,1.2354244738199633
2021-06-10,300ETF,IS,0.5403358695974048,1.5852083125494976,0.0030268657237771,0.0058518335938657,0.0058518335938657,0.0049103025950205,0.0022692899299688,0.0058518335938657,0.0058518335938657,0.0049103025950205,0.0,-0.0035825436638968,-0.0035825436638968,-0.0026410126650516,0.000709882365459,0.0007474491775392,1125.0,0.0035825436638968,False,-1.0,1,0.00018823529467331497,-0.0009415309988450712,-0.0007532957041717723,0.48020579265269864,0.0006214989779418431,0.44166666666666665,-0.0030097840629040927,0.659574468085104,1.5852083125494976,0.007783852490759866,0.00029839215383134303,-0.0014925227658922383,0.001125311426657907,2.8734273681586887e-05,-1.7722936501166256e-07,-1.8705777189205416e-06,1.8020546128486432,1.9076135481107914,0.9832786982508082,1.8972009929283626,1.8853187917871,1.976213603108035,1.5349831217401684,1.39829476024098,1.6399466892411507,1.1992144579473893,1.540657469227908,1.7962965216606155,1.627683794392403,1.5458737272661343,1.35142809166887,1.8930653403646838,1.9802405523145885,1.0022875529712738,1.0664045391793648,1.6305986740521345,1.1733869955612608,1.8543110833767682,1.2356858905986279,0.7085056927368257,1.1201762728783307,0.7726741071294271
2021-09-06,300ETF,IS,0.5997213371950394,1.6339770155478437,0.0084135111688307,0.0090226175996375,0.0054233335699907,0.0076244350089321,0.0096212407842305,0.0090226175996375,0.0054233335699907,0.0076244350089321,-0.0035992840296468,0.0005986231845929,0.0041979072142397,0.0019968057752984,0.0006718070979812,0.0007976864945007,1435.0,0.0,False,-1.0,0,0.0,-0.00019986009859656733,-0.00019986009859656733,0.939256495375967,0.0006375564844628658,0.525,-0.002196267230033655,0.7884615384615381,1.6339770155478437,0.01245815156113337,0.0,-0.0003265668074319169,0.0010977173569831791,6.879236149888306e-05,-0.0,-1.4002444141212533e-06,2.0829332868645785,1.6297861879876476,0.8930815433775774,1.89207976983503,1.8807669738066852,2.0764041838890677,1.816383931617078,1.4267630057573126,1.5322352267321273,1.348944156838164,1.8637478252766413,1.683379727591836,1.1789014546804448,1.6182622669861444,1.6220174407185943,1.5539738382442378,2.1302407085410824,1.2454661852503297,1.2304440424176324,1.7454373079376284,1.2743848185099185,2.0199688625734398,1.3889766632782856,0.8518223771587252,1.1624366340995425,0.8316743799818402
2021-10-11,300ETF,IS,0.6091053449686641,1.640139081252731,-0.0055710450494554,-0.0039745680303346,-0.0021840572565465,-0.0027805380377271,-0.0059677917319062,-0.0039745680303346,-0.0021840572565465,-0.0027805380377271,0.001790510773788,-0.0019932237015715,-0.0037837344753596,-0.003187253694179,0.0004159895945701,0.0004017147867621,1305.0,0.0037837344753596,False,-1.0,1,-0.00019890601756271885,0.00019890601756271427,0.0,0.7145598355882021,0.00038277312836523184,0.35,-0.00377171663012437,0.3870967741935382,1.640139081252731,-0.004560469102585997,-0.0003262335329009573,0.00032623353290094976,0.0006822807914488999,1.1051437591879432e-05,-3.956360382265971e-08,-1.443711773819875e-06,1.9178911243342176,2.105001216768337,1.1360975033042053,2.0171174201703392,1.9995859177495106,2.023708006964202,1.6545472193903217,1.6150293359374146,1.7476133262233806,1.520678586965205,1.6060453055109305,1.9064023944269959,1.6377560544043148,1.7380710353408737,0.841091227831744,1.5590541142626535,1.8535976692882132,1.1057804714335724,1.117479852971667,1.5508856247622766,2.0425537960854454,1.711450123023326,1.5623787050917701,1.016942201325357,1.642083244942047,1.0659773651725875
2022-01-20,300ETF,OOS,0.5021875621299225,1.519843416625825,0.0020759816465467,0.0041468025419747,0.0060072681948944,0.003525877343509,0.0018681894380071,0.0041468025419747,0.0060072681948944,0.003525877343509,0.0018604656529196,-0.0022786131039675,-0.0041390787568872,-0.0016576879055019,0.0005836332494408,0.0004852026230778,1305.0,0.0041390787568872,False,-1.0,1,-0.0002067610882998048,-0.0012414650880649882,-0.0014482261763647637,1.6307669447188802,0.0005595288034303077,0.45,-0.0035134891987577224,0.6909090909090879,1.519843416625825,0.005358781468362306,-0.0003142444788668492,-0.0018868325410663724,0.0008870311518865379,1.4621117130754124e-05,2.5668667269452996e-07,-1.9658984072462193e-06,1.8167036842344277,1.7352394236241744,0.965642690205926,1.9154561577989127,1.9004610298083195,1.9762696920861362,1.560987682299084,1.3389877105559755,1.4685703810533477,1.2670202259729142,1.7607200165231693,1.6160435854533324,1.1548453417691769,1.6039941685390848,1.2267849532376325,1.3456426993492745,2.2637000229028783,1.0263635701277605,1.327237093835572,1.6067257515419084,1.4698204122854563,2.1657213655918763,1.307335808356392,0.7778112867143867,1.2377684320657323,0.6405239737358275
2022-03-15,300ETF,OOS,-1.0,-2.0574912677061272,-0.0128523766172919,-0.0107554202287342,-0.0014734776732732,0.0027070276159299,0.0121153663886232,-0.0107554202287342,-0.0014734776732732,0.0027070276159299,0.009281942555461,0.0228707866173575,0.0135888440618965,0.0094083387726933,0.0015457919643532,0.0019427704551049,1435.0,0.0,False,-1.0,0,0.0017079423451562587,0.009076475901409713,0.010784418246565997,0.5376303670118259,0.0014146998734363052,0.55,0.0,1.0,2.0574912677061272,-0.005569685681215105,-0.0035140764609045264,-0.018674769908695585,-0.0031804534683470102,-2.911521958011456e-05,1.550209753680797e-05,0.0,-1.911003935637044,-1.3709145083858614,-2.412606164652813,-1.9195422892546252,-1.7512762451878094,-1.376028612037295,-2.1250471507018505,-2.364769888103266,-3.0,-2.5989040774087098,-2.432551820218964,-3.0,-3.0,-2.0171244172138905,-1.5465500630077922,-3.0,-0.8484548748370151,-2.164640908068901,-1.226146494821991,-1.621059499564445,-1.3731985371068782,-1.0934051335339885,-2.6031046872418817,-2.9294450592324845,-3.0,-2.589487711696518
2022-04-27,300ETF,OOS,1.0,1.8939312911862003,0.0174597269123672,0.004200583755981,0.0068170164364534,0.0166974920322737,0.0182486815883993,0.004200583755981,0.0068170164364534,0.0166974920322737,0.0026164326804723,0.0140480978324182,0.0114316651519459,0.0015511895561256,0.0010755935339518,0.0009179321892361,1435.0,0.0,False,-1.0,0,0.0013073606254839418,0.009880475595820124,0.011187836221304044,1.465825215134074,0.0010997405873144604,0.4666666666666667,-0.0033578747810746987,0.8712871287128723,1.8939312911862003,0.031623902644255415,0.0024760511974688004,0.01871294190272535,0.0020371002505488608,7.013921379639107e-05,1.291734475503022e-05,-3.6927911838675044e-06,2.1074434777490434,1.3587492215421522,0.7504460488221693,1.6494972405039776,1.647194376389727,1.9522130956338979,1.850738669854539,1.3068229833012068,1.415059982042714,0.9021186751686018,2.231152194676169,2.077135467638432,1.266593918961677,1.4710856011162907,3.0,2.545138627586403,1.9512506691752074,1.2679913126339144,1.1522344689778004,2.325890103549948,-0.5808129103097965,3.0,0.9358966826817401,0.4233436751339103,0.2643903958209731,0.8510157297108776
2022-05-11,300ETF,OOS,0.5981833826383204,1.632939869395519,0.0090817980415809,0.010576779536187,0.0125787822068599,0.0188093319574962,0.008068626728974,0.010576779536187,0.0125787822068599,0.0188093319574962,0.0020020026706729,-0.002508152807213,-0.0045101554778859,-0.0107407052285222,0.0008752613503197,0.0010444201110803,1330.0,0.0107407052285222,False,-1.0,1,0.000751220769020546,0.007481331652288766,0.008232552421309339,1.4485974433028097,0.0008425432714163973,0.55,0.0,1.0,1.632939869395519,0.030714508070090806,0.0012266983444516118,0.01221656473119298,0.0014292491550779965,0.00019894215733739398,5.620131717130119e-06,0.0,1.836154849246406,2.0683854784527473,1.0956558277299078,1.934610395351332,1.9189157411894546,1.9888680569258514,1.58302211511693,1.5336672048959343,1.667780515234841,1.2604849305653727,1.748677272721299,1.8223988155660746,1.5185169311393012,1.727666253314382,1.2686125514648887,1.8169338492287432,2.2242387833291817,1.0381238935451391,1.1968352244350895,1.831727023249536,1.3703503847234024,2.1164368887608513,1.2980768896358534,0.7662786456980042,1.2027685286418754,0.9978203406125242
2022-05-20,300ETF,OOS,1.0,2.231173024575781,0.0044335047989993,-0.0019748216736477,0.0,0.0029549393577112,0.0034465814521768,-0.0019748216736477,0.0,0.0029549393577112,0.0019748216736476,0.0054214031258245,0.0034465814521768,0.0004916420944655,0.0007455967418856,0.0007995125338396,1435.0,0.0,False,-1.0,0,0.00024657872150585475,0.0027083606362054836,0.0029549393577112774,0.6778100050888936,0.0007481826962657362,0.4666666666666667,-0.001719690879526477,0.8600000000000061,2.231173024575781,0.006592980984182513,0.0005501597918582471,0.006042821192324576,0.001663555337706742,-5.835478287922692e-06,6.678241030523316e-07,-1.2866429589877148e-06,2.5036665428178884,2.2457396319993697,1.2688000825534547,2.442210470110144,2.40299156384618,2.2598709171991085,2.798178734616922,2.241339817427848,2.1167465335025235,2.1424385098974787,2.3400285847812268,2.4497913505543254,2.0896800535177533,2.2560624871834394,1.632321997433429,1.8376315194087551,2.3299061129284993,2.0859570286446223,1.3937240797009476,1.7681528301816374,2.2771254990341263,2.2331886836765515,2.0325413914301502,1.7442346333767662,2.12128840344988,1.8401713256892505
2022-06-15,300ETF,OOS,1.0,1.961569998688362,0.0174890781542136,0.0114500608341458,0.0163173783585052,0.0202403094307625,0.0165485655055295,0.0114500608341458,0.0163173783585052,0.0202403094307625,0.0048673175243593,0.0050985046713837,0.0002311871470243,-0.003691743925233,0.0009996961489408,0.001101073840784,1330.0,0.003691743925233,False,-1.0,1,0.00023204548195534546,0.007397167340443769,0.007629212822399081,1.7207503667548931,0.0010798477735795235,0.5083333333333333,-0.005053996514724333,0.8103448275862043,1.961569998688362,0.039702783743552836,0.00045517345573478727,0.014510061530291878,0.0019609739735665654,0.0002317527742841656,1.7164792606176153e-06,-5.457546884103742e-06,1.9095727873129082,2.0971924401188953,1.0361107430611065,2.009161709179084,1.990124343083182,2.0175859284182396,1.6560412100640127,1.6575600013788014,1.7345881695403427,1.4679162555395433,1.726127293846527,1.8905993117658577,2.358760735722932,1.8285266071644173,2.5466314730690396,2.707800960828028,2.1013519436490817,1.101764270163284,1.06708355615023,2.0633355336523707,1.9474442743273082,1.9782040850488092,1.5074275814297933,0.9643148539051486,1.541101472036963,1.1584811355951348
2022-06-27,300ETF,OOS,0.5894243035962256,1.626871488709326,0.0047006242121442,0.0042510411931903,0.0042510411931903,-0.0029190545034133,0.0040277521445902,0.0042510411931903,0.0042510411931903,-0.0029190545034133,0.0,-0.0002232890486001,-0.0002232890486001,0.0069468066480035,0.0007349121353266,0.0007517199446347,1125.0,0.0002232890486001,False,-1.0,0,0.00022363860095443876,-0.005606024324238719,-0.005382385723284203,0.6738116385501861,0.000773560678727849,0.425,-0.011625438330475784,0.01886792452830821,1.626871488709326,-0.004748926545591658,0.0003638312636676187,-0.009120281138114937,0.0011956075996693355,-1.2409020939177595e-05,-1.2537234367893e-06,-8.992981965431599e-06,1.490819504513275,2.126782425208138,1.1175703305978029,1.5785546585865535,2.0624202724936342,2.0477742897456945,1.2427682058251641,1.6784226239595934,1.8022175549557755,1.7331041746562899,1.5151855608528657,1.9601713671162246,1.6663102196235384,1.762573921583903,1.001418830100298,1.4158760943219961,1.2812610960390005,1.166965954558767,1.0478032376746713,1.4580799254442258,2.255126518674388,1.4898406623821228,1.7752016073529044,1.218609765362993,1.5452870307721098,1.1218206895572214
2022-06-30,300ETF,OOS,0.6135264132728137,1.6429501814937864,0.0066741070876929,0.0077804104834097,0.0097713413478836,0.009550322449868,0.0064509177105809,0.0077804104834097,0.0097713413478836,0.009550322449868,0.0019909308644738,-0.0013294927728287,-0.0033204236373026,-0.003099404739287,0.0006400936315545,0.0007213671093511,1305.0,0.0033204236373026,False,-1.0,1,-0.0002210677581680058,0.0002210677581679447,0.0,0.5214526303696387,0.0006186165648721315,0.43333333333333335,-0.0022079938314631684,0.8529411764705905,1.6429501814937864,0.015690704002334813,-0.00036320331340454964,0.0003632033134044492,0.0010516419481354825,7.4305428908896e-05,-4.887095370141439e-08,-1.3659015592786014e-06,1.6386970310753992,1.9661957117741542,1.0490583226109746,1.7304154370939433,1.723358716610141,1.8909005856506484,1.3895746370034208,1.4976589477204136,1.4878969453261077,1.1804558786769463,1.6666649855322337,1.63527149262824,1.9112946735892278,1.721157368922138,1.791304089578455,2.383092801735503,2.2732673310631895,0.8722264266565416,1.100901500894432,2.05161626459212,1.421182128585113,2.169197096226596,1.216523583301872,0.6905791446503136,1.2175764132183766,1.1336996383835027
2022-11-04,300ETF,OOS,1.0,2.412908075321269,0.0160382036412793,0.0105541876786901,0.0176158098048959,0.0176158098048959,0.0168336431635334,0.0105541876786901,0.0176158098048959,0.0176158098048959,0.0070616221262058,0.0062794554848432,-0.0007821666413625,-0.0007821666413625,0.0007165938794403,0.000781891503031,1305.0,0.0007821666413625,False,-1.0,1,0.0005246589837035918,0.006274530389388688,0.006799189373092133,2.0474333391523216,0.0008363643859010205,0.475,-0.003642043567956445,0.8409090909090934,2.412908075321269,0.04250532973155691,0.0012659538985682467,0.015139865045404674,0.0017290751584272956,0.00018592056279298055,3.291988737313971e-06,-3.046075532138654e-06,2.5179944981048457,2.3261472297285315,1.0623638902738526,2.4995599452147124,2.45682732436792,2.255250547263341,2.7094185891335325,2.2173222420168215,2.1653972834074624,1.8178265855552387,2.6078032646102516,2.4618534885512964,2.3684784311132634,2.2396576888121276,2.943848886731595,3.0,2.3280331035904,2.009760408650826,1.1434246578376102,2.8104114045039106,1.5534756473844045,2.2232061922777837,1.861698901881272,1.2994401508246134,1.2933413671410283,1.7388728920373655
2022-11-14,300ETF,OOS,0.9256874547507076,1.776809938143715,-0.01187110714949,0.0020549711829618,-0.0010290713539994,-0.0051559794552341,-0.0095595612377311,0.0020549711829618,-0.0010290713539994,-0.0051559794552341,-0.0030840425369614,-0.011614532420693,-0.0085304898837316,-0.0044035817824969,0.0007028137132191,0.0007143026980618,1125.0,0.011614532420693,False,-1.0,1,0.00025690430455995085,-0.006183992909942629,-0.005927088605382601,0.581863789867078,0.0006595016346406811,0.38333333333333336,-0.00823685480614344,0.0857142857142897,1.776809938143715,-0.009161195536924767,0.0004564701214940204,-0.010987780059796335,0.0012487663903113838,-1.0595389200449154e-05,-1.5886943979324779e-06,-5.432219208949549e-06,1.7344713474399573,2.3134935094178433,1.2970406032070285,1.9477018322866055,1.8185593308053754,1.4997886618965663,1.6003952229695444,2.1252701237116782,2.1917691493713423,1.4582385768106896,1.6706177695191957,1.7262557195873975,2.309609723882074,1.8846505902183401,1.5945411405239505,1.5909561249395716,1.5220973112840022,1.8367397465277484,0.8573726271691624,1.1027396086014207,2.396802657834322,1.4628350532305345,2.1122747684103245,1.8099836845414452,1.892817496861966,1.5323285403638647
2022-11-28,300ETF,OOS,-1.0,-2.14599764265819,0.0106101791120154,-0.0087754851149742,-0.0074508061558654,-0.0053276631077875,-0.0122114604789893,-0.0087754851149742,-0.0074508061558654,-0.0053276631077875,0.0013246789591088,-0.003435975364015,-0.0047606543231239,-0.0068837973712017,0.0007103480499415,0.0006117130000686,1330.0,0.0068837973712017,False,-1.0,1,0.00026493575462949615,0.0026532252232253886,0.0029181609778548704,0.22974221161212827,0.0006888508400045332,0.4083333333333333,-0.005327663107787426,0.4871794871794942,2.14599764265819,0.011433152470188982,-0.0005685515048907675,-0.005693815074482934,-0.0015244052406413013,4.6752828299986395e-05,7.029342267172318e-07,-3.6699652070605308e-06,-3.0,-1.3948975854723358,-0.3473430653580655,-3.0,-3.0,-1.3983910756215776,-3.0,-2.4307227686745785,-2.9209588993108024,-3.0,-2.6195824012633904,-2.9186117237713813,-1.866788963320153,-2.357246536939947,0.08515747345194684,-0.34203838193037644,-1.4977519407882796,-3.0,-1.1095842579656257,-0.7600590264062537,-1.359361921022937,-1.2442179029980882,-3.0,-3.0,-2.7905003873839784,-1.3726045871458894
2023-01-05,300ETF,OOS,0.7064987279808224,1.6927946343562186,0.0064660757494563,0.0052310494175527,0.0029925209364539,0.0047340315146769,0.007464578079046,0.0052310494175527,0.0029925209364539,0.0047340315146769,-0.0022385284810987,0.0022335286614932,0.004472057142592,0.002730546564369,0.0004594992297184,0.0004871434683604,1435.0,0.0,False,-1.0,0,0.0,0.0017415105782229235,0.0017415105782229235,0.8945386897165836,0.000466453259968366,0.4666666666666667,-0.002730546564368864,0.7179487179487127,1.6927946343562186,0.008013743146918297,0.0,0.0029480197624903604,0.000777837830558123,2.476395279752672e-05,0.0,-1.2736723464452783e-06,1.919378029011743,2.0671418848602876,1.0414610033311376,2.018342983160936,2.277820522448723,2.160262998459322,1.6707586685953035,1.7945307475824221,1.416050590449366,1.954864321771803,1.7894186086587553,1.563508508253066,1.5085096506408815,1.911326544318897,0.8947579185975671,1.3458061995386064,1.7116509243727642,1.4934948277011033,1.1774342557922035,1.6248473742366383,2.107594396636763,1.5395792175862002,1.9206315650864227,1.4237069301521579,1.9593458430957125,1.120483787146471
2023-03-13,300ETF,OOS,0.6623655618967718,1.6709555531166476,0.0050150556464278,0.0042633293415155,0.0042633293415155,0.0037627035488318,0.0047637046334168,0.0042633293415155,0.0042633293415155,0.0037627035488318,0.0,0.0005003752919013,0.0005003752919013,0.001001001084585,0.0006343882257038,0.00071398657875,1435.0,0.0,False,-1.0,0,0.00025021894287929555,-0.0007508447355629083,-0.0005006257926835453,0.6417108333691248,0.0005762033150123278,0.43333333333333335,-0.0025006264593505382,0.7058823529411903,1.6709555531166476,0.006287310389652213,0.0004181047320991361,-0.0012546281804172424,0.0010600345285715817,1.6041644443159113e-05,-1.8787557599903513e-07,-1.44086925548532e-06,1.841960612675873,2.06800627940144,1.1108885401133126,1.9394593320262448,1.9193590222386756,1.99016771329379,1.5966870289542092,1.542224688141832,1.6694053719999145,1.245582441465154,1.8065832194873201,1.825430709433136,1.7286709826615776,1.7288313289476687,1.4388295218232947,2.0820940569070605,2.2091137931800127,1.0394183841759477,1.2001667034700534,1.8885993510811674,1.2698474648257283,2.4386365850329974,1.2828040012717876,0.7463767933981901,1.1753423645430172,1.0122131131338026
2023-07-03,300ETF,OOS,0.791338056694276,1.7289996729363817,0.002039256378378,0.0045859952986033,0.0035687012129059,0.0030596658239554,0.0028050509276086,0.0045859952986033,0.0035687012129059,0.0030596658239554,-0.0010172940856974,-0.0017809443709946,-0.0007636502852972,-0.0002546148963468,0.000461513432916,0.0005337019893261,1125.0,0.0017809443709946,False,-1.0,1,0.0002540327715934676,-0.0022886214693809827,-0.002034588697787574,0.4701549186105299,0.0004515836528522573,0.35833333333333334,-0.002796493496549397,0.6666666666666622,1.7289996729363817,0.005290161208913511,0.0004392225790002281,-0.003957025772034901,0.0007979565745675107,1.4031613083956656e-05,-5.813848549951654e-07,-1.262850748349358e-06,1.7294147200781333,2.0725742213964984,1.0714081257996042,1.8234076703116606,1.9264124922337544,1.993256617225555,1.4887579900269525,1.6358100789432188,1.67963896496195,1.5554216132848178,1.5348072833881772,1.834026966360003,1.6380021755222793,1.7513143476234818,1.532659492309814,1.735584670443698,1.513747510077687,1.052599169960541,1.0066585603779132,1.767428288500532,2.1412443316152143,1.9113947500508106,1.5982151471897266,1.0459393904124945,1.7790796653442789,1.1820921905111506
2023-07-31,300ETF,OOS,1.0,2.098378339727544,-0.0080498056343642,-0.003894844261541,-0.0056036204615371,-0.0080498056343642,-0.0080498056343642,-0.003894844261541,-0.0056036204615371,-0.0080498056343642,-0.001708776199996,-0.0041549613728232,-0.002446185172827,0.0,0.0005653638384639,0.0006816001303152,1125.0,0.0041549613728232,False,-1.0,0,0.0,-0.003911029184761784,-0.003911029184761784,0.7437387145652001,0.0005401016737236646,0.4,-0.01144539463550264,0.09615384615384484,2.098378339727544,-0.01689153778216658,0.0,-0.008206818927346402,0.00118634723269787,3.1352739281523816e-05,-0.0,-6.181676799062828e-06,2.12001417193061,2.356755287798812,1.2212727176602998,2.5540411179674165,2.182888513391706,1.9137955079710802,2.672664430785831,2.33611834787169,2.211073100752852,1.7925388321404634,2.160352049043653,2.0814518089419463,2.3212269973963466,2.1636930694193475,1.5454892656828065,2.099591371078835,1.9138293917213238,2.172881162132127,1.031607656477559,1.7499338280354269,2.355392984956042,2.333858692443937,2.1258895492674075,1.8887117325402738,2.3517829605693925,1.9237174431953805
2023-11-21,300ETF,OOS,0.5350997907196627,1.5794856108332778,-0.0090102998661659,-0.0024506479249164,-0.001905540252656,-0.0021780569459899,-0.0084665260626636,-0.0024506479249164,-0.001905540252656,-0.0021780569459899,0.0005451076722604,-0.0060158781377471,-0.0065609858100076,-0.0062884691166737,0.0004123191572259,0.0004524240918156,1305.0,0.0065609858100076,False,-1.0,1,0.0,-0.0002725166933338575,-0.0002725166933338575,0.5246833526457865,0.00038381550639008527,0.36666666666666664,-0.0035369374377410456,0.277777777777775,1.5794856108332778,-0.0034402096057665208,0.0,-0.0004304361958326929,0.000651252175909213,5.3376507350399e-06,-0.0,-1.3575314337366302e-06,1.7717479019726732,2.027080208261787,1.1057960752655194,1.8650278733704626,2.018180091166121,2.035739081973907,1.535686421252455,1.5407784504742699,1.7444281023031263,1.5926115235244513,1.5126988843180662,1.899253548445462,1.480554278895746,1.6547711985327116,0.5903380799943995,1.211626425731699,1.553991244132198,1.1256971120095238,1.144902259995779,1.2957632039696392,2.0631648156974056,1.3755238578681694,1.6342551984293852,1.0724946263494033,1.7710443175184425,0.9007420826812529
2023-12-28,300ETF,OOS,0.6555211129631868,1.6673134792339626,0.0130003275401272,0.00926200542952,0.0095500653479745,0.0132873127623579,0.0130003275401272,0.00926200542952,0.0095500653479745,0.0132873127623579,0.0002880599184544,0.0037383221106072,0.0034502621921526,-0.0002869852222306,0.0005988344917641,0.0006881741443403,1330.0,0.0002869852222306,False,-1.0,1,0.00028814292088128347,0.004025307332837969,0.0043134502537193475,0.5557054071295404,0.000558789492288243,0.44166666666666665,-0.0002869028853420218,0.9795918367346872,1.6673134792339626,0.022154115671476782,0.00048042457593120916,0.006711449174100056,0.0009984448199485032,0.00012306716294868924,1.159863812328781e-06,-1.6031831763630037e-07,2.034134739459202,1.7488802804778822,0.8219151604483195,2.041801181579408,2.0079641519633675,2.0716318666565576,1.7994388129560976,1.4528839143072523,1.7463949736561015,1.302505889759997,1.757475465326904,1.9863290544593348,1.5016481673962172,1.6197053382657238,1.4836220733136296,2.2308204391113793,2.1011891564341854,1.1949718990243132,1.0279747126911623,2.1125427273467667,1.118322865313227,1.949745092413316,1.3388994413005477,0.7942663841145485,1.1269777709199722,0.7471992343601113
2024-02-06,300ETF,OOS,1.0,2.231320575845636,0.0122663298195543,0.00338722417773,0.0116529990825679,0.0159122084419642,0.0119578306654802,0.00338722417773,0.0116529990825679,0.0159122084419642,0.0082657749048378,0.0085706064877501,0.0003048315829123,-0.0039543777764839,0.0008716392529374,0.0008691642286695,1330.0,0.0039543777764839,False,-1.0,1,0.0021475694708896886,0.009455614144264967,0.011603183615154687,2.12027747859823,0.001371903910747662,0.45,-0.003031223903283028,0.8648648648648675,2.231320575845636,0.03550523810369934,0.004791915948454088,0.021098506397355447,0.001944906599793939,5.3898217155700544e-05,2.030658826473617e-05,-4.158547927265779e-06,2.2051097353597315,2.198656588824485,1.0423897956838666,2.4546820583178715,2.261360934909088,1.9968091950345404,2.6503884674119007,2.1197631566262594,2.1092953674189747,1.3792472504816284,2.6280585982560476,2.1451295836458963,2.7290328622700684,2.038383829464829,3.0,3.0,1.9908592177005502,1.921825253632011,0.9760203759932154,3.0,-0.2288804743435793,1.8273935397132233,1.4158502822861965,0.8689654441632851,0.520503971458207,1.607681923481795
2024-02-29,300ETF,OOS,0.5392004845966842,1.5840005192091284,0.0074648638345211,0.0028793570137959,0.0023041484848502,0.0031668372515096,0.0080413988749936,0.0028793570137959,0.0023041484848502,0.0031668372515096,-0.0005752085289457,0.0051620418611977,0.0057372503901433,0.004874561623484,0.0007004062405914,0.0006199875459921,1435.0,0.0,False,-1.0,0,0.0,0.0008626887666595001,0.0008626887666595001,0.797285855386352,0.000690217424802416,0.48333333333333334,-0.007160276904340008,0.30555555555555863,1.5840005192091284,0.005016271850642016,0.0,0.0013664994543045308,0.0011094438487540912,9.118455051684298e-06,0.0,-4.942147885785776e-06,1.3944577515264087,1.7818650183287348,0.9300106620731861,1.4760653253841458,1.4722838596466232,1.7138732305145707,1.1605206543864617,1.3765050405774237,1.2505003542892208,0.8564366951021947,1.629953054270243,1.3898963924563317,2.1408500107527675,1.6042215448328316,2.6411872652989388,3.0,2.2037007963755073,0.6516632985356355,0.9277092517409617,2.587507890574135,0.375947488530096,2.061715055023559,0.8879427429060429,0.3675692132342376,0.8154491364128204,1.1606628350464177
2024-04-01,300ETF,OOS,1.0,1.924263442813344,0.0019544889650562,0.0027917382732649,0.002234013774703,0.0008383401357283,0.002234013774703,0.0027917382732649,0.002234013774703,0.0008383401357283,-0.0005577244985619,-0.0005577244985618,0.0,0.0013956736389746,0.0005329340487028,0.0006511082721362,1125.0,0.0005577244985618,False,-1.0,0,-0.0002790567898672146,-0.0008376379102078635,-0.0011166947000750686,0.26288554697624983,0.0004939309946996631,0.38333333333333336,-0.0039029879487583073,0.22222222222222496,1.924263442813344,0.0016131872758251447,-0.0005369787792103263,-0.0016118360089275583,0.0010255055073493044,2.3404262429267864e-06,2.3374854629368856e-07,-1.9278067198309884e-06,2.1655045699391584,2.248398556680828,1.0882207110873539,2.4152246317732815,2.221716837959711,1.9547284057423042,2.0777037312163724,1.9185899559685173,2.1477763722573133,1.8344478496363814,1.775299462298621,2.107285655091485,2.0143212482602086,1.8827808861915518,1.4108791144969204,2.1005172931590974,1.9484216124766562,1.5043613473878927,0.9390705797620157,1.849463317603879,2.26150028052653,1.9375417588397046,1.9390665750718248,1.3683522838935198,1.9802860268035798,1.1823948355464171
2024-04-15,300ETF,OOS,1.0,1.9479543180046672,0.0076912499926943,0.0096839264326799,0.00940043954205,0.0116660876366713,0.0085494963620682,0.0096839264326799,0.00940043954205,0.0116660876366713,-0.0002834868906298,-0.0011344300706116,-0.0008509431799818,-0.003116591274603,0.0008697678870983,0.0009934656161914,1330.0,0.003116591274603,False,-1.0,1,0.0,0.0011321824022867623,0.0011321824022867623,0.22680337438202436,0.0007942816168581126,0.4666666666666667,-0.0028248606355546274,0.803921568627454,1.9479543180046672,0.022725005786074722,0.0,0.002205439599303396,0.0016942681113349294,0.00011297353443072137,0.0,-2.243734873007165e-06,1.657329485331566,2.150405315913756,1.0918586125357763,2.1392575838118963,1.726979496324855,1.3887678253476021,1.8094677972229467,1.7322488396477826,1.832983295531477,1.3755911136655365,1.612182111540345,1.634002255529352,2.6727930994219453,1.5688830665579925,3.0,3.0,1.4322899934202658,1.2070142846772995,0.6714654450922288,1.9477960103342538,1.467109700275323,1.2789379933126142,1.4119354890671714,0.8678776914286286,1.2628173845465158,1.1827430877555163
2024-08-19,300ETF,OOS,0.7233282714841875,1.700497104385958,-0.0052447672672949,-0.0037873315482009,-0.0043712731706335,-0.0052478254546615,-0.0046633719020808,-0.0037873315482009,-0.0043712731706335,-0.0052478254546615,-0.0005839416224326,-0.0008760403538798,-0.0002920987314473,0.0005844535525807,0.0003775458669335,0.0003420322363427,1125.0,0.0008760403538798,False,-1.0,0,-0.00029192818773960506,-0.0011685657187209758,-0.0014604939064606886,0.3447301821611591,0.0003561126418072776,0.26666666666666666,-0.006410278360919166,0.11999999999998721,1.700497104385958,-0.008923911989974803,-0.0004964230379398387,-0.0019871426209697152,0.000642015653493303,1.987525490389123e-05,3.411372725208436e-07,-2.2827811618269495e-06,1.6672955666242275,1.9826339505454968,1.0131416095201913,1.7558087360052927,1.7353036647790192,1.5445790559165695,1.4391277803089357,1.514914925265767,1.49713934068754,1.21589167202445,1.3760041123028044,1.6429934201098622,2.075450219315283,1.4686355526038266,2.167171120921792,2.601759153234932,1.577293683017274,0.8911187403449321,0.7074680252743698,1.8974906724352851,1.5059143759770235,1.9074479745988677,1.2519342920543464,0.7159810725738872,1.2837320637466096,1.1483868302002702
2024-08-30,300ETF,OOS,0.8058798393259612,1.7346452025477466,0.0047197727733516,0.0064820498029042,0.0050125418235441,0.0088287801259985,0.0044241334511689,0.0064820498029042,0.0050125418235441,0.0088287801259985,-0.0014695079793599,-0.0020579163517352,-0.0005884083723752,-0.0044046466748295,0.0006133142524322,0.0006234574967492,1330.0,0.0044046466748295,False,-1.0,1,0.00029364263902102847,0.002053087684073272,0.002346730323094407,0.6156650020493188,0.0006129339067348073,0.4666666666666667,-0.0008786060017535253,0.9347826086956494,1.7346452025477466,0.015314801089912186,0.0005093657950412867,0.0035613787015875645,0.0010638826256356734,5.722859247561309e-05,6.028740856928471e-07,-5.385274091354372e-07,2.019442617220127,2.1507967532358854,1.3312034478685364,2.117069537049823,2.077225324504905,2.0758869418141392,1.7932267762742515,1.7097308309133694,1.324358232150446,1.3239559786523598,1.9603807654862726,1.4636043851167366,1.2839917389026942,1.8623490195169707,1.6931408817662708,1.4021855439725346,2.299683257654546,1.1937940844484114,1.3878410030976729,1.7327719863378601,1.2394366326082524,2.1562968213024756,1.3610426725049605,0.8204559142959142,1.1824161622236187,1.1627212822545467
2024-09-25,300ETF,OOS,1.0,2.2002422064112044,-0.0128701905205349,-0.0054123476374771,-0.0056980211146377,-0.0074137778981408,-0.0131543217910925,-0.0054123476374771,-0.0056980211146377,-0.0074137778981408,-0.0002856734771606,-0.0077419741536153,-0.0074563006764547,-0.0057405438929516,0.0009423545893475,0.001141716422019,1125.0,0.0077419741536153,False,-1.0,1,0.0,-0.0011441648845455247,-0.0011441648845455247,0.5050817091678317,0.0008573234861547549,0.35,-0.014208821030969649,0.07407407407407438,2.2002422064112044,-0.016312107040447936,0.0,-0.0025174398700706663,0.002073408340887668,4.0125943291782304e-05,-0.0,-1.2181555980419898e-05,1.9786016644488091,1.566873248144023,0.8257385333240626,1.8851881083238329,1.8571559989440942,1.7426543512350139,3.0,3.0,1.6121233961698953,1.6669328299513955,3.0,1.9334510362895772,3.0,2.697075158502153,2.5141355434169324,2.7235051512764876,1.7526523749985723,3.0,0.9519065731549664,2.0662791722440663,1.6007190167579342,3.0,1.540383311668156,3.0,1.8412857174588064,3.0
2024-09-30,300ETF,OOS,1.0,2.285950180189638,0.0466238667816757,0.0249038150162573,0.0372496508385567,0.0416571016559965,0.0499296549161753,0.0249038150162573,0.0372496508385567,0.0416571016559965,0.0123458358222993,0.0250258398999179,0.0126800040776185,0.0082725532601788,0.0017657694866239,0.0013528872028102,1435.0,0.0,True,774.0,0,0.0004951720824129466,0.013033505537207151,0.01352867761962015,0.9015821680052187,0.002002253225605982,0.55,-0.00778782227637834,0.8391959798994972,2.285950180189638,0.09522605903670327,0.0011319387110167536,0.02979394433128133,0.004036461076121269,0.0010374207537543626,6.453828077999535e-06,-1.5593192273324654e-05,1.1048826896561637,2.329747347058732,1.1996626622395183,2.545079262000117,1.1879470793479578,0.808008222344974,3.0,3.0,2.1931921543329955,0.8855357833830589,3.0,1.1190990831241043,3.0,3.0,3.0,3.0,0.8687781522197532,3.0,0.41303008725744017,2.8757958834732795,2.3712738136593856,2.3251256052229943,2.1223809034636725,3.0,2.4624105453346425,3.0
2024-12-17,300ETF,OOS,0.500110872007002,1.5044673214861206,-0.0062243447562361,-0.0042283361095211,-0.0044776194212943,0.000992309682021,-0.0062243447562361,-0.0042283361095211,-0.0044776194212943,0.000992309682021,-0.0002492833117731,-0.0019960086467149,-0.0017467253349417,-0.0072166544382571,0.000547552143175,0.000729271056559,1330.0,0.0072166544382571,False,-1.0,1,0.0,0.0049714246064515326,0.0049714246064515326,0.871681626298193,0.0005670803493408856,0.38333333333333336,-0.0014866206900445505,0.8064516129032452,1.5044673214861206,0.001492897489394878,0.0,0.0074793458616383285,0.0008237743062164772,-4.1958188603167945e-06,0.0,-8.430333802478521e-07,1.6675585850999004,1.982747240460702,1.2855500954362344,1.7548455892249204,1.736894253841789,1.9117464666060278,1.4225125066379662,1.3457584167597234,1.4910600477927687,1.1859046683431091,1.550246233887636,1.638256033211574,1.3007568375948597,1.4919042693332765,1.078423799240937,1.0847647262240119,1.943972452680521,0.8399925263697131,1.2953509008839796,1.1370478094448904,1.3548593596307237,1.7493695505973552,1.221395597440104,0.6584883068713628,1.2211572266461812,0.8207963803321443
2024-12-23,300ETF,OOS,0.5035936605000298,1.5254334207295317,-0.0032254090733656,0.0004949270083705,0.0007422986855752,0.0,-0.0039682591756206,0.0004949270083705,0.0007422986855752,0.0,0.0002473716772045,-0.0044631861839911,-0.0047105578611958,-0.0039682591756206,0.0004882940463583,0.0005240090656193,1305.0,0.0047105578611958,False,-1.0,1,0.0,-0.000989609185166167,-0.000989609185166167,0.3161241677683342,0.00047019347637364305,0.425,-0.003212655673112817,0.48000000000001136,1.5254334207295317,0.0,0.0,-0.0015095829245133905,0.0007448600574582061,0.0,-0.0,-1.5105697393324215e-06,1.676002105145325,1.9856930744092378,1.0998857271901925,1.7632884665768238,1.7444473795966966,1.915169640159449,1.4313325927508456,1.4304365346455874,1.4986526511110436,1.2725195585447797,1.582165376639067,1.6459207142864127,1.5442881304026863,1.6339222265338345,0.9861138989444248,1.674146719696476,2.011297342581787,0.8475554456546414,1.1557837437692173,1.6521140119293756,1.6706145915565445,2.0038638059220673,1.308713817203018,0.7397450224213001,1.3839230417586932,0.9675364966510425
2025-01-16,300ETF,OOS,0.650949206847556,1.664835849354927,-0.0074483457227061,-0.0053853188236642,-0.0079599855394443,-0.0102828669555839,-0.0079599855394443,-0.0053853188236642,-0.0079599855394443,-0.0102828669555839,-0.00257466671578,-0.00257466671578,0.0,0.0023228814161395,0.0005957404958284,0.0007020105508559,1125.0,0.00257466671578,False,-1.0,0,0.000257499679548092,-0.0036110433873880036,-0.0033535437078398398,0.8036592517316545,0.0005895930912627317,0.3416666666666667,-0.012071547642003775,0.160714285714285,1.664835849354927,-0.017119285541803232,0.00042869469770906926,-0.0060117944848996,0.0009918101343675996,5.537651697714057e-05,-9.298425150866676e-07,-7.117301090574345e-06,1.9455193275241047,2.146185307576702,1.217568276114462,2.0408966915607434,2.2971816979971593,2.135565338144762,1.700224592285968,1.7187990131894249,1.5452475090741615,1.8383254640594553,1.7388266960765129,1.6934631011033383,1.5078166555026435,1.8569249328713129,0.5708749921532821,1.0682583007642648,1.7126513474197185,1.3128626582915854,1.331895511577012,1.3094704864899536,2.188362710553155,1.4961017817774973,1.8812244389147128,1.2685616574468253,1.9814408230161757,0.9516164014523715
2025-03-14,300ETF,OOS,1.0,1.9773307487803604,0.0090653567046724,0.0083313395405271,0.0117418178766831,0.0075990070288518,0.0088192634340813,0.0083313395405271,0.0117418178766831,0.0075990070288518,0.0034104783361559,0.0004879238935542,-0.0029225544426018,0.0012202564052295,0.0007092534954599,0.0007938400363823,1305.0,0.0029225544426018,False,-1.0,0,0.0002436350359231407,-0.0024390255993589696,-0.002195390563435726,0.40105852882227083,0.0006777042495101275,0.475,-0.0043859719432544405,0.672727272727264,1.9773307487803604,0.015025750258346751,0.0004817470480110338,-0.004822760314674939,0.001402428745252812,6.330990772821636e-05,-5.942320895172824e-07,-2.972391824175726e-06,2.5615684839293773,1.930363454870531,1.295075539109336,2.2031955461834167,2.1598880750478457,2.2193388123760003,2.3546079308075356,1.7959126031838515,1.7833780055557238,1.8455664646028025,2.1725170825689193,1.9398505016543606,1.529382883198767,1.943104835978799,1.6838352169952395,1.2114124560787063,2.3339536578843783,1.6068389148951978,1.674466536253445,1.3949729837567142,1.9671611127097826,2.17328784233372,1.818799708449305,1.276400626543167,1.6911862497759265,1.2259555708019405
2025-06-11,300ETF,OOS,0.9250741518522588,1.7766104613593032,-0.0029902838130566,-0.0029902838130566,-0.0014940241822843,-0.0039890354566274,-0.0029902838130566,-0.0029902838130566,-0.0014940241822843,-0.0039890354566274,0.0014962596307721,0.0,-0.0014962596307722,0.0009987516435707,0.0003834699438971,0.0004565859944562,1305.0,0.0014962596307722,False,-1.0,0,0.0,-0.0012482837721270598,-0.0012482837721270598,0.39648777688981784,0.00036463881884853344,0.35,-0.0049838129572145375,0.13043478260870237,1.7766104613593032,-0.007086962122977424,0.0,-0.002217714008305987,0.000681276713944453,1.1928348155661759e-05,-0.0,-1.8172916700807254e-06,2.168417160714271,2.1997233926261477,1.1880071912531702,2.272833549284835,2.2256750308847,2.120336601773407,1.9278829671125917,1.7170404913838262,1.4508889143778763,1.5876708306968688,1.9305991487927716,1.5937312101237477,1.4002092158327624,1.8992261332477918,1.2367629308806438,1.4151593103052154,2.368912996242119,1.2579592541723497,1.34145982305605,1.7292733834398906,1.9721564327691947,2.200542326648983,1.6295957724996586,1.0390362226516034,1.5689209473424717,1.0049363597488261
2025-06-24,300ETF,OOS,0.5121835154641206,1.5468298279256043,0.0005085176819472,0.0010172940856973,0.0015255533088369,0.0002544205585532,0.0010172940856973,0.0010172940856973,0.0015255533088369,0.0002544205585532,0.0005082592231396,0.0,-0.0005082592231396,0.000762873527144,0.0004696527750492,0.0006606078832867,1305.0,0.0005082592231396,False,-1.0,0,0.0,-0.0005086470099491721,-0.0005086470099491721,0.1630399447617427,0.0004336611967991449,0.35833333333333334,-0.004821732473307278,0.17391304347826003,1.5468298279256043,0.0003935453088075825,0.0,-0.000786790366874551,0.0007264729212141366,2.5882052949597395e-07,-0.0,-2.090998275019735e-06,1.8093513355809179,2.0696542019093536,1.0890960698925503,1.9037607913356827,1.8756746024476167,1.9898684620635618,1.5704505268862103,1.4761306368348053,1.6227990469711042,1.4112133517123,1.5396907556252544,1.7714660257524566,1.5195321297964004,1.5926059398998056,0.8362312532294012,1.5146438337014994,1.9221793909739335,0.9640942312559773,1.066497278457198,1.4901976637292327,1.9294911813146818,1.7732231589135703,1.451428803209152,0.8746376368871375,1.5407461712441717,0.9103576621162741
2026-03-09,300ETF,OOS,-1.0,-2.193399984289489,0.0143543134516831,-0.0041507432613258,-0.0071981988196226,-0.0108862385785946,-0.0136973551449058,-0.0041507432613258,-0.0071981988196226,-0.0108862385785946,-0.0030474555582966,-0.00954661188358,-0.0064991563252832,-0.0028111165663112,0.0005473456377781,0.0007122660091707,1125.0,0.00954661188358,False,-1.0,1,-0.00021779375018016759,-0.005646051915038467,-0.005863845665218621,0.387387017873709,0.0005181580871900594,0.31666666666666665,-0.012419813202740328,0.0,2.193399984289489,0.023877875527261026,0.00047770880822352844,0.012384050181743012,-0.0012005479133034049,4.518598142128649e-05,1.2296748202881447e-06,-6.435426652389774e-06,-2.1872708224916675,-1.3938455986607818,-2.428035016535621,-2.20251675223445,-2.0109882159089048,-1.3996518829198006,-2.4204597852779233,-2.5597604294281,-1.9760649251745643,-2.3246637294134658,-2.3617586019806556,-1.9419588242197487,-2.740852559785605,-2.3796831629049398,-1.5448686895119417,-2.074407257312583,-1.3329916590757012,-2.331805926088906,-2.0010003480431853,-1.776516950389708,-1.375328166580125,-1.3187975002150987,-2.3251792747253828,-2.641083420538281,-2.2584367394362403,-2.6310591127040857
2026-03-23,300ETF,OOS,-1.0,-2.0978445777634254,-0.0199491093956633,0.0077908017877683,0.0048899852941916,0.0129437201012885,0.0208364209001975,0.0077908017877683,0.0048899852941916,0.0129437201012885,-0.0029008164935765,0.0130456191124292,0.0159464356060058,0.007892700798909,0.0007317907542002,0.000756977515743,1435.0,0.0,False,-1.0,0,-0.0,0.0040349752121789945,0.0040349752121789945,1.4025315179237559,0.0007629627929563214,0.575,0.0,1.0,2.0978445777634254,-0.027153913030575537,0.0,-0.00846475087027953,-0.001535183265756297,0.00010084195770549094,-0.0,0.0,-2.465236792848469,-1.4025951540653714,-0.8504184817742703,-2.48766298530449,-2.2798120459782996,-1.4081162769966329,-2.698350928544419,-2.376143963538987,-2.226084469895328,-2.4305003964635588,-1.9916744457382998,-2.200674667509425,-2.3554353971849933,-1.967410405208983,-0.19972839632693742,-0.8777392466665939,-0.7292278360107369,-2.5611899402062033,-0.5025465082666437,-0.5208063085993491,-1.3732307520884584,-0.9784025420089748,-2.432059653235189,-2.7410287911581213,-2.222363909491987,-2.028071147165613
2026-04-08,300ETF,OOS,1.0,1.865896858785539,0.0115936987115477,0.00680349381675,0.0074594466116706,0.0100789634992207,0.0124741742251755,0.00680349381675,0.0074594466116706,0.0100789634992207,0.0006559527949204,0.0056706804084254,0.0050147276135049,0.0023952107259548,0.0003736964538466,0.0004196108443411,1435.0,0.0,False,-1.0,0,0.0,0.003275469682470638,0.003275469682470638,0.5865164057286248,0.00038532197916955717,0.5083333333333333,-0.0017425401926154356,0.85185185185185,1.865896858785539,0.018806306333010007,0.0,0.006111688591569231,0.0006972790393716661,6.857216584619697e-05,0.0,-6.714390358010811e-07,1.274635295201839,1.6834988933293447,0.9566348278110408,1.355220653460306,1.7951414365629248,1.4597172981660194,1.0436039517038822,2.518996539558468,1.1646847853924271,1.4337980613811723,1.9830034694741074,1.296073088558474,1.9452124849181602,2.1288901398787283,0.03849780590631308,0.626123601903148,1.035162668400749,2.923535430966448,0.8656303496580132,0.7655994352990902,1.697611174471247,1.2217349453594042,1.616756490377975,3.0,1.3270900066841327,2.7465091493690417
2026-04-10,300ETF,OOS,0.8176664052562728,1.7391233007177032,0.0025812016912457,-0.0019415387395488,0.0008616975974813,0.0,0.0032275444908665,-0.0019415387395488,0.0008616975974813,0.0,0.0028032363370302,0.0051690832304154,0.0023658468933852,0.0032275444908665,0.0004985418908874,0.0005543499631604,1435.0,0.0,False,-1.0,0,0.0,0.0030218024289162264,0.0030218024289162264,0.9349732260635505,0.0005308087731752702,0.44166666666666665,-0.002582868418254189,0.5999999999999882,1.7391233007177032,0.0,0.0,0.00525528701429356,0.0008670258188261401,-0.0,0.0,-1.371009216366657e-06,2.2077479375923907,1.7528219148578474,0.9177835882993396,2.0626881812436486,2.013856617158928,2.049232692201796,1.9774189963218094,1.80434493421257,1.6478298810849326,1.9097698345266092,1.841208989126143,1.7953775259740914,1.5505286542072065,1.831273594126191,0.7927751346468027,1.3201927996729155,1.9772282932825156,1.7468556960585624,1.1225529427727858,1.4534836022850666,1.7671466848839852,1.7347810400955237,1.6774155239791961,1.5773296838971516,1.9862513578702954,1.3714692673973732
2026-05-21,300ETF,OOS,0.8688537557135777,1.7576697033576978,-0.025390389340245,-0.0073111617301208,-0.0079228448973222,-0.0083308416390079,-0.024581327807439,-0.0073111617301208,-0.0079228448973222,-0.0083308416390079,-0.0006116831672014,-0.0172701660773182,-0.0166584829101168,-0.016250486168431,0.0006029924235489,0.0006152430611122,1125.0,0.0172701660773182,True,775.0,1,0.0,0.0014293009069305,0.0014293009069305,0.6177223833354479,0.0006187199111424834,0.4166666666666667,-0.010756065139757343,0.19696969696969596,1.7576697033576978,-0.014642867952354973,0.0,0.0025122389010934203,0.0010598615142261342,6.0908130570811406e-05,0.0,-6.654991667513427e-06,2.114177406392651,1.4752089442447123,0.9839044971901956,1.8078656112179876,1.772557876829755,1.8807948137450154,2.035833526583624,1.7879745149532174,1.4294033309843168,1.7686427593170222,1.9335636137596073,1.5691841730872107,1.4817785977839866,1.7609789447185014,0.8387521465914651,0.7134619282848083,1.8798110084059712,1.9263583319764486,1.3170493015530869,0.8785432380380698,1.4890826715352323,1.7913845315000267,1.454210649501332,1.8265248033378434,1.7484297572569196,1.5801123346151584
2026-06-26,300ETF,OOS,-0.5499262023209106,-1.794798293327274,-0.013754262138971,0.0164253920912446,0.0117338995494774,0.008686045925224,0.0125482318420354,0.0164253920912446,0.0117338995494774,0.008686045925224,-0.0046914925417672,-0.0038771602492091,0.000814332292558,0.0038621859168114,0.0009508348559439,0.0009264725778081,1125.0,0.0038771602492091,False,-1.0,0,-0.0,-0.002844374124110809,-0.002844374124110809,0.6468354386879981,0.0009425551641683923,0.5,-0.009990907858185035,0.5288461538461506,1.794798293327274,-0.015589700402354356,0.0,0.0051050778235383395,-0.001706556776684196,0.00014267171004436166,0.0,-9.416981796462877e-06,-1.2519907748594032,-1.3734999198444804,-1.403938895469761,-1.3995581002776953,-1.2532371683744212,-1.328559608660885,-1.485613231149928,-2.079117121667137,-1.2748117810893562,-1.3836263145314915,-1.8757274400036008,-1.0742851900192945,-1.9672676508070457,-1.9860094664379815,-0.6171943589771893,-0.8933568894053691,-1.158341261900012,-1.5623330523810441,-1.013110319161702,-0.926068394341077,-1.3660400854817154,-1.3102246521382752,-1.3708166395865964,-1.7553139621411675,-1.2411961593884673,-2.500798656183718
2026-07-02,300ETF,OOS,-1.0,-2.2623541033910586,-0.0077821404420549,0.0006119327064998,-0.0006115584738561,0.004291413554387,0.0081900539700443,0.0006119327064998,-0.0006115584738561,0.004291413554387,-0.0012234911803559,0.0075781212635445,0.0088016124439005,0.0038986404156573,0.0006536867216427,0.0007345375535437,1435.0,0.0,False,-1.0,0,0.00020389438341616095,0.004291413554387017,0.004495307937803212,0.4107276624634796,0.0006259985790588624,0.5166666666666667,0.0,1.0,2.2623541033910586,-0.009708697064115437,-0.00046128129497994153,-0.009708697064115476,-0.001478870837040611,2.6260563110459636e-06,8.749951206554965e-07,0.0,-2.661861901779035,-1.4073586735751638,-0.6740899452302582,-2.6864103396998313,-2.4676228145493266,-1.4152332707578812,-2.8979370119054924,-2.305103659244512,-2.4025721827641755,-2.6411722114448786,-1.5251973589251346,-2.384265098512136,-2.155827994851456,-1.7383044245991877,-0.6141342529909489,-0.5719662561225898,-0.03692685510366642,-2.7248406292584764,-0.18229005678144877,-0.20783985357504647,-1.3793644211683702,-0.15261363127835387,-2.64152729406797,-2.9380025862234604,-2.4606219235114497,-1.7071532489502208
2026-07-17,300ETF,OOS,-0.798003938120259,-1.9316046391194408,-0.0077203900521317,0.0107205143378425,0.0143918282552602,0.0178595387089558,0.0094279678416475,0.0107205143378425,0.0143918282552602,0.0178595387089558,0.0036713139174176,-0.001292546496195,-0.0049638604136127,-0.0084315708673082,0.0010523367020211,0.0010492411330399,1330.0,0.0084315708673082,True,762.0,1,-0.0,0.008431570867308275,0.008431570867308275,1.682730076286317,0.0010595018898691374,0.575,-0.003044142381228244,0.8556701030927817,1.9316046391194408,-0.034497567822752255,0.0,-0.01628646140235699,-0.0020326984555396094,0.0001914634407966138,-0.0,-3.2252746059420607e-06,-1.2224808608139903,-1.3131921483994196,-2.160002423261681,-1.268349214114251,-1.1298823145781356,-1.3240436388552355,-1.4556692546796788,-1.9958226462566313,-3.0,-1.7020923783907655,-2.0214059012097576,-3.0,-3.0,-1.8603148494405408,-1.440678220606418,-2.9451901882847396,-0.9671246277529466,-1.537529139446799,-1.452772955218764,-1.5559038197029078,-1.3530937836111006,-1.1814280998845936,-1.691088948265426,-2.0537271510144737,-1.8855618012027242,-2.4711490434600987
