date,etf,period,position,z_composite,trade_return_target,r_1125,r_1305,r_1330,r_1435,pnl_at_1125,pnl_at_1305,pnl_at_1330,lunch_move,hold_benefit_1125,hold_benefit_1305,hold_benefit_1330,morning_vol,first30_vol,best_exit,gain_vs_1435,stop_hit,stop_minute
2010-04-06,300ETF,IS,0.0,0.0,-0.010645855109210048,,,,,,,,,,,,,,,,,
2010-04-07,300ETF,IS,0.0,0.0,-0.0018570986249791925,,,,,,,,,,,,,,,,,
2010-04-08,300ETF,IS,0.0,0.0,-0.008713652113188761,,,,,,,,,,,,,,,,,
2010-04-09,300ETF,IS,0.0,0.0,0.002777137601630668,,,,,,,,,,,,,,,,,
2010-04-12,300ETF,IS,0.0,0.0,-0.012022087001036633,,,,,,,,,,,,,,,,,
2010-04-13,300ETF,IS,0.0,0.0,0.0016105935272044286,,,,,,,,,,,,,,,,,
2010-04-14,300ETF,IS,0.0,0.0,0.005151684656367382,,,,,,,,,,,,,,,,,
2010-04-15,300ETF,IS,0.0,0.0,-0.0005096993237950927,,,,,,,,,,,,,,,,,
2010-04-16,300ETF,IS,0.0,0.0,0.001646045388729945,,,,,,,,,,,,,,,,,
2010-04-19,300ETF,IS,0.0,0.0,-0.02978084140531326,,,,,,,,,,,,,,,,,
2010-04-20,300ETF,IS,0.0,0.0,0.0008158870786234131,,,,,,,,,,,,,,,,,
2010-04-21,300ETF,IS,0.0,0.0,0.008913333534945613,,,,,,,,,,,,,,,,,
2010-04-22,300ETF,IS,0.0,0.0,-0.001974874761968191,,,,,,,,,,,,,,,,,
2010-04-23,300ETF,IS,0.0,0.0,-0.004222601426829209,,,,,,,,,,,,,,,,,
2010-04-26,300ETF,IS,0.0,0.0,-0.0012762686456075302,,,,,,,,,,,,,,,,,
2010-04-27,300ETF,IS,0.0,0.0,-0.014148138087573248,,,,,,,,,,,,,,,,,
2010-04-28,300ETF,IS,0.0,0.0,-0.0022071067449837283,,,,,,,,,,,,,,,,,
2010-04-29,300ETF,IS,0.0,0.0,-0.007234694092022014,,,,,,,,,,,,,,,,,
2010-04-30,300ETF,IS,0.0,0.0,0.005603998698026087,,,,,,,,,,,,,,,,,
2010-05-04,300ETF,IS,0.0,0.0,-0.004915248373790519,,,,,,,,,,,,,,,,,
2010-05-05,300ETF,IS,0.0,0.0,0.014441603032226054,,,,,,,,,,,,,,,,,
2010-05-06,300ETF,IS,0.0,0.0,-0.026832547842752356,,,,,,,,,,,,,,,,,
2010-05-07,300ETF,IS,0.0,0.0,-0.0046854364359958725,,,,,,,,,,,,,,,,,
2010-05-10,300ETF,IS,0.0,0.0,5.253565070458783e-05,,,,,,,,,,,,,,,,,
2010-05-11,300ETF,IS,0.0,0.0,-0.028190171223586954,,,,,,,,,,,,,,,,,
2010-05-12,300ETF,IS,0.0,0.0,-0.0026878673206551704,,,,,,,,,,,,,,,,,
2010-05-13,300ETF,IS,0.0,0.0,0.017665053067183408,,,,,,,,,,,,,,,,,
2010-05-14,300ETF,IS,0.0,0.0,0.0071803038688293885,,,,,,,,,,,,,,,,,
2010-05-17,300ETF,IS,0.0,0.0,-0.028333194424028343,,,,,,,,,,,,,,,,,
2010-05-18,300ETF,IS,0.0,0.0,0.027649398859622955,,,,,,,,,,,,,,,,,
2010-05-19,300ETF,IS,0.0,0.0,0.0006429998586916091,,,,,,,,,,,,,,,,,
2010-05-20,300ETF,IS,0.0,0.0,-0.013842072118446598,,,,,,,,,,,,,,,,,
2010-05-21,300ETF,IS,0.0,0.0,0.02720733505736332,,,,,,,,,,,,,,,,,
2010-05-24,300ETF,IS,0.0,0.0,0.015011570787128318,,,,,,,,,,,,,,,,,
2010-05-25,300ETF,IS,0.0,0.0,-0.010583026590204752,,,,,,,,,,,,,,,,,
2010-05-26,300ETF,IS,0.0,0.0,-0.009174459297298706,,,,,,,,,,,,,,,,,
2010-05-27,300ETF,IS,0.0,0.0,0.032158346926331696,,,,,,,,,,,,,,,,,
2010-05-28,300ETF,IS,0.0,0.0,-0.008513262445369546,,,,,,,,,,,,,,,,,
2010-05-31,300ETF,IS,0.0,0.0,-0.004914247472781374,,,,,,,,,,,,,,,,,
2010-06-01,300ETF,IS,0.0,0.0,-0.014905044956513396,,,,,,,,,,,,,,,,,
2010-06-02,300ETF,IS,0.0,0.0,0.0035055484919772053,,,,,,,,,,,,,,,,,
2010-06-03,300ETF,IS,0.0,0.0,-0.0013412357135236261,,,,,,,,,,,,,,,,,
2010-06-04,300ETF,IS,0.0,0.0,0.0041133504000738655,,,,,,,,,,,,,,,,,
2010-06-07,300ETF,IS,0.0,0.0,-0.0034299204870885057,,,,,,,,,,,,,,,,,
2010-06-08,300ETF,IS,0.0,0.0,-0.008322939675489263,,,,,,,,,,,,,,,,,
2010-06-09,300ETF,IS,0.0,0.0,0.02788510010765055,,,,,,,,,,,,,,,,,
2010-06-10,300ETF,IS,0.0,0.0,0.000487465001421023,,,,,,,,,,,,,,,,,
2010-06-11,300ETF,IS,0.0,0.0,-0.006111585696064822,,,,,,,,,,,,,,,,,
2010-06-17,300ETF,IS,0.0,0.0,-0.007425109057012823,,,,,,,,,,,,,,,,,
2010-06-18,300ETF,IS,0.0,0.0,-0.0097627616038596,,,,,,,,,,,,,,,,,
2010-06-21,300ETF,IS,0.0,0.0,0.022793798194230497,,,,,,,,,,,,,,,,,
2010-06-22,300ETF,IS,0.0,0.0,-0.0005059038075639682,,,,,,,,,,,,,,,,,
2010-06-23,300ETF,IS,0.0,0.0,-0.007154482020277521,,,,,,,,,,,,,,,,,
2010-06-24,300ETF,IS,0.0,0.0,0.003934182517235932,,,,,,,,,,,,,,,,,
2010-06-25,300ETF,IS,0.0,0.0,-0.002378415803417846,,,,,,,,,,,,,,,,,
2010-06-28,300ETF,IS,0.0,0.0,-0.005114092234215067,,,,,,,,,,,,,,,,,
2010-06-29,300ETF,IS,0.0,0.0,-0.03705773273345069,,,,,,,,,,,,,,,,,
2010-06-30,300ETF,IS,0.0,0.0,0.0021851795558399394,,,,,,,,,,,,,,,,,
2010-07-01,300ETF,IS,0.0,0.0,-0.008542275262341545,,,,,,,,,,,,,,,,,
2010-07-02,300ETF,IS,0.0,0.0,0.0029055328788781675,,,,,,,,,,,,,,,,,
2010-07-05,300ETF,IS,0.0,0.0,0.009223584425205515,,,,,,,,,,,,,,,,,
2010-07-06,300ETF,IS,0.0,0.0,0.006685409173948661,,,,,,,,,,,,,,,,,
2010-07-07,300ETF,IS,0.0,0.0,0.0007859715780092664,,,,,,,,,,,,,,,,,
2010-07-08,300ETF,IS,0.0,0.0,-0.0041977344386190515,,,,,,,,,,,,,,,,,
2010-07-09,300ETF,IS,0.0,0.0,0.03223701899293721,,,,,,,,,,,,,,,,,
2010-07-12,300ETF,IS,0.0,0.0,0.009029989264334331,,,,,,,,,,,,,,,,,
2010-07-13,300ETF,IS,0.0,0.0,-0.0029181197787702304,,,,,,,,,,,,,,,,,
2010-07-14,300ETF,IS,0.0,0.0,-0.009073676262530531,,,,,,,,,,,,,,,,,
2010-07-15,300ETF,IS,0.0,0.0,-0.00912073423268056,,,,,,,,,,,,,,,,,
2010-07-16,300ETF,IS,0.0,0.0,0.006868107816307742,,,,,,,,,,,,,,,,,
2010-07-19,300ETF,IS,0.0,0.0,0.02592305592799221,,,,,,,,,,,,,,,,,
2010-07-20,300ETF,IS,0.0,0.0,0.009043232599370338,,,,,,,,,,,,,,,,,
2010-07-21,300ETF,IS,0.0,0.0,0.005551851715338132,,,,,,,,,,,,,,,,,
2010-07-22,300ETF,IS,0.0,0.0,0.004736029926738282,,,,,,,,,,,,,,,,,
2010-07-23,300ETF,IS,0.0,0.0,0.0017702826988200999,,,,,,,,,,,,,,,,,
2010-07-26,300ETF,IS,0.0,0.0,-0.0013415824137196128,,,,,,,,,,,,,,,,,
2010-07-27,300ETF,IS,0.0,0.0,0.005139979616127358,,,,,,,,,,,,,,,,,
2010-07-28,300ETF,IS,0.0,0.0,0.02415417437199137,,,,,,,,,,,,,,,,,
2010-07-29,300ETF,IS,0.0,0.0,0.0023362292269079837,,,,,,,,,,,,,,,,,
2010-07-30,300ETF,IS,0.0,0.0,-0.0008949711472281208,,,,,,,,,,,,,,,,,
2010-08-02,300ETF,IS,0.0,0.0,0.009373319306020988,,,,,,,,,,,,,,,,,
2010-08-03,300ETF,IS,0.0,0.0,0.0009210966266313033,,,,,,,,,,,,,,,,,
2010-08-04,300ETF,IS,0.0,0.0,-0.003285585359198269,,,,,,,,,,,,,,,,,
2010-08-05,300ETF,IS,0.0,0.0,-0.005820289040416456,,,,,,,,,,,,,,,,,
2010-08-06,300ETF,IS,0.0,0.0,0.018366782468456962,,,,,,,,,,,,,,,,,
2010-08-09,300ETF,IS,0.0,0.0,0.0030470723871214344,,,,,,,,,,,,,,,,,
2010-08-10,300ETF,IS,0.0,0.0,-0.023573898046436587,,,,,,,,,,,,,,,,,
2010-08-11,300ETF,IS,0.0,0.0,0.0019652753764000668,,,,,,,,,,,,,,,,,
2010-08-12,300ETF,IS,0.0,0.0,-0.0011304983622898847,,,,,,,,,,,,,,,,,
2010-08-13,300ETF,IS,0.0,0.0,0.009784341275580586,,,,,,,,,,,,,,,,,
2010-08-16,300ETF,IS,0.0,0.0,0.019818346818207176,,,,,,,,,,,,,,,,,
2010-08-17,300ETF,IS,0.0,0.0,0.005791702699162858,,,,,,,,,,,,,,,,,
2010-08-18,300ETF,IS,0.0,0.0,-0.004320308154867047,,,,,,,,,,,,,,,,,
2010-08-19,300ETF,IS,0.0,0.0,0.0021635340669083317,,,,,,,,,,,,,,,,,
2010-08-20,300ETF,IS,0.0,0.0,-0.0135587911980138,,,,,,,,,,,,,,,,,
2010-08-23,300ETF,IS,0.0,0.0,-0.0056558952839193145,,,,,,,,,,,,,,,,,
2010-08-24,300ETF,IS,0.0,0.0,0.012930088726346564,,,,,,,,,,,,,,,,,
2010-08-25,300ETF,IS,0.0,0.0,-0.013670322215808326,,,,,,,,,,,,,,,,,
2010-08-26,300ETF,IS,0.0,0.0,-0.005384819645465391,,,,,,,,,,,,,,,,,
2010-08-27,300ETF,IS,0.0,0.0,0.004496031993880704,,,,,,,,,,,,,,,,,
2010-08-30,300ETF,IS,0.0,0.0,0.010814716495230949,,,,,,,,,,,,,,,,,
2010-08-31,300ETF,IS,0.0,0.0,0.003136549436467034,,,,,,,,,,,,,,,,,
2010-09-01,300ETF,IS,0.0,0.0,-0.013069239076607841,,,,,,,,,,,,,,,,,
2010-09-02,300ETF,IS,0.0,0.0,0.0037787829959551192,,,,,,,,,,,,,,,,,
2010-09-03,300ETF,IS,0.0,0.0,-0.0009766830566250155,,,,,,,,,,,,,,,,,
2010-09-06,300ETF,IS,0.0,0.0,0.008876697747339114,,,,,,,,,,,,,,,,,
2010-09-07,300ETF,IS,0.0,0.0,-0.002626384223701484,,,,,,,,,,,,,,,,,
2010-09-08,300ETF,IS,0.0,0.0,0.006184220078096381,,,,,,,,,,,,,,,,,
2010-09-09,300ETF,IS,0.0,0.0,-0.009177288713714609,,,,,,,,,,,,,,,,,
2010-09-10,300ETF,IS,0.0,0.0,0.0019521467874899973,,,,,,,,,,,,,,,,,
2010-09-13,300ETF,IS,0.0,0.0,0.008076484733729359,,,,,,,,,,,,,,,,,
2010-09-14,300ETF,IS,0.0,0.0,-0.004217939412396306,,,,,,,,,,,,,,,,,
2010-09-15,300ETF,IS,0.0,0.0,-0.006968674070604964,,,,,,,,,,,,,,,,,
2010-09-16,300ETF,IS,0.0,0.0,-0.021386949919429316,,,,,,,,,,,,,,,,,
2010-09-17,300ETF,IS,0.0,0.0,0.0004992214377472606,,,,,,,,,,,,,,,,,
2010-09-20,300ETF,IS,0.0,0.0,-0.0035885375365296403,,,,,,,,,,,,,,,,,
2010-09-21,300ETF,IS,0.0,0.0,-0.001026329383896998,,,,,,,,,,,,,,,,,
2010-09-27,300ETF,IS,0.0,0.0,0.011550011755168664,,,,,,,,,,,,,,,,,
2010-09-28,300ETF,IS,0.0,0.0,-0.00404796801206939,,,,,,,,,,,,,,,,,
2010-09-29,300ETF,IS,0.0,0.0,-0.003821853373970078,,,,,,,,,,,,,,,,,
2010-09-30,300ETF,IS,0.0,0.0,0.011777111223749864,,,,,,,,,,,,,,,,,
2010-10-08,300ETF,IS,0.0,0.0,0.017625534521302826,,,,,,,,,,,,,,,,,
2010-10-11,300ETF,IS,0.0,0.0,0.008332519135896681,,,,,,,,,,,,,,,,,
2010-10-12,300ETF,IS,0.0,0.0,0.009916551861440142,,,,,,,,,,,,,,,,,
2010-10-13,300ETF,IS,0.0,0.0,0.011708363285845416,,,,,,,,,,,,,,,,,
2010-10-14,300ETF,IS,0.0,0.0,-0.0106582754528808,,,,,,,,,,,,,,,,,
2010-10-15,300ETF,IS,0.0,0.0,0.02726076297229936,,,,,,,,,,,,,,,,,
2010-10-18,300ETF,IS,0.0,0.0,-0.014802569137105665,,,,,,,,,,,,,,,,,
2010-10-19,300ETF,IS,0.0,0.0,0.013119544032186304,,,,,,,,,,,,,,,,,
2010-10-20,300ETF,IS,0.0,0.0,0.012862641411690615,,,,,,,,,,,,,,,,,
2010-10-21,300ETF,IS,0.0,0.0,-0.0009738721720516714,,,,,,,,,,,,,,,,,
2010-10-22,300ETF,IS,0.0,0.0,0.00526345208514358,,,,,,,,,,,,,,,,,
2010-10-25,300ETF,IS,0.0,0.0,0.02843625774775679,,,,,,,,,,,,,,,,,
2010-10-26,300ETF,IS,0.0,0.0,-0.005356762294948812,,,,,,,,,,,,,,,,,
2010-10-27,300ETF,IS,0.0,0.0,-0.011902111080136444,,,,,,,,,,,,,,,,,
2010-10-28,300ETF,IS,0.0,0.0,-0.0026370686300181824,,,,,,,,,,,,,,,,,
2010-10-29,300ETF,IS,0.0,0.0,-0.0014590005777841448,,,,,,,,,,,,,,,,,
2010-11-01,300ETF,IS,0.0,0.0,0.012823025337670177,,,,,,,,,,,,,,,,,
2010-11-02,300ETF,IS,0.0,0.0,0.0013496882878761666,,,,,,,,,,,,,,,,,
2010-11-03,300ETF,IS,0.0,0.0,-2.295861245223687e-05,,,,,,,,,,,,,,,,,
2010-11-04,300ETF,IS,0.0,0.0,0.0029465588863886376,,,,,,,,,,,,,,,,,
2010-11-05,300ETF,IS,0.0,0.0,7.466825508167061e-05,,,,,,,,,,,,,,,,,
2010-11-08,300ETF,IS,0.0,0.0,0.00025518238684849303,,,,,,,,,,,,,,,,,
2010-11-09,300ETF,IS,0.0,0.0,-0.0034198588988527366,,,,,,,,,,,,,,,,,
2010-11-10,300ETF,IS,0.0,0.0,-0.0008816821312648751,,,,,,,,,,,,,,,,,
2010-11-11,300ETF,IS,0.0,0.0,0.015821273048596634,,,,,,,,,,,,,,,,,
2010-11-12,300ETF,IS,0.0,0.0,-0.0469197684762134,,,,,,,,,,,,,,,,,
2010-11-15,300ETF,IS,0.0,0.0,-0.0019701231741257167,,,,,,,,,,,,,,,,,
2010-11-16,300ETF,IS,0.0,0.0,-0.020037299065422006,,,,,,,,,,,,,,,,,
2010-11-17,300ETF,IS,0.0,0.0,-0.012684855392644379,,,,,,,,,,,,,,,,,
2010-11-18,300ETF,IS,0.0,0.0,0.005922337593765733,,,,,,,,,,,,,,,,,
2010-11-19,300ETF,IS,0.0,0.0,0.0029451891034692436,,,,,,,,,,,,,,,,,
2010-11-22,300ETF,IS,0.0,0.0,-0.003058156545932612,,,,,,,,,,,,,,,,,
2010-11-23,300ETF,IS,0.0,0.0,-0.005517436024070526,,,,,,,,,,,,,,,,,
2010-11-24,300ETF,IS,0.0,0.0,-0.0006095527433672799,,,,,,,,,,,,,,,,,
2010-11-25,300ETF,IS,0.0,0.0,0.01025173499461325,,,,,,,,,,,,,,,,,
2010-11-26,300ETF,IS,0.0,0.0,0.0003854520331745643,,,,,,,,,,,,,,,,,
2010-11-29,300ETF,IS,0.0,0.0,0.001601727924527926,,,,,,,,,,,,,,,,,
2010-11-30,300ETF,IS,0.0,0.0,-0.02330762939846881,,,,,,,,,,,,,,,,,
2010-12-01,300ETF,IS,0.0,0.0,0.0023499454147518552,,,,,,,,,,,,,,,,,
2010-12-02,300ETF,IS,0.0,0.0,-0.006514446865494583,,,,,,,,,,,,,,,,,
2010-12-03,300ETF,IS,0.0,0.0,0.0011251187155843462,,,,,,,,,,,,,,,,,
2010-12-06,300ETF,IS,0.0,0.0,0.0008171619613061714,,,,,,,,,,,,,,,,,
2010-12-07,300ETF,IS,0.0,0.0,0.028131617237187892,,,,,,,,,,,,,,,,,
2010-12-08,300ETF,IS,0.0,0.0,-0.008333671557467018,,,,,,,,,,,,,,,,,
2010-12-09,300ETF,IS,0.0,0.0,-0.004517223125150633,,,,,,,,,,,,,,,,,
2010-12-10,300ETF,IS,0.0,0.0,0.013074824361050903,,,,,,,,,,,,,,,,,
2010-12-13,300ETF,IS,0.0,0.0,0.010177478468306172,,,,,,,,,,,,,,,,,
2010-12-14,300ETF,IS,0.0,0.0,-0.0016124038684140417,,,,,,,,,,,,,,,,,
2010-12-15,300ETF,IS,0.0,0.0,-0.00394224263577232,,,,,,,,,,,,,,,,,
2010-12-16,300ETF,IS,0.0,0.0,-0.005508209113955138,,,,,,,,,,,,,,,,,
2010-12-17,300ETF,IS,0.0,0.0,-0.0032074942874919217,,,,,,,,,,,,,,,,,
2010-12-20,300ETF,IS,0.0,0.0,-0.013335855989036973,,,,,,,,,,,,,,,,,
2010-12-21,300ETF,IS,0.0,0.0,0.018745017053724774,,,,,,,,,,,,,,,,,
2010-12-22,300ETF,IS,0.0,0.0,-0.011447009673789978,,,,,,,,,,,,,,,,,
2010-12-23,300ETF,IS,0.0,0.0,-0.0021195379351119526,,,,,,,,,,,,,,,,,
2010-12-24,300ETF,IS,0.0,0.0,-0.0028730069806712855,,,,,,,,,,,,,,,,,
2010-12-27,300ETF,IS,0.0,0.0,-0.027069747376256392,,,,,,,,,,,,,,,,,
2010-12-28,300ETF,IS,0.0,0.0,-0.004900406125111339,,,,,,,,,,,,,,,,,
2010-12-29,300ETF,IS,0.0,0.0,0.00395484332714737,,,,,,,,,,,,,,,,,
2010-12-30,300ETF,IS,0.0,0.0,0.0044764845591069875,,,,,,,,,,,,,,,,,
2010-12-31,300ETF,IS,0.0,0.0,0.010955066629007339,,,,,,,,,,,,,,,,,
2011-01-04,300ETF,IS,0.0,0.0,0.013515840843734032,,,,,,,,,,,,,,,,,
2011-01-05,300ETF,IS,0.0,0.0,0.0005934638781321734,,,,,,,,,,,,,,,,,
2011-01-06,300ETF,IS,0.0,0.0,-0.0020869133992861724,,,,,,,,,,,,,,,,,
2011-01-07,300ETF,IS,0.0,0.0,0.0035345265016675886,,,,,,,,,,,,,,,,,
2011-01-10,300ETF,IS,0.0,0.0,-0.014020232773518061,,,,,,,,,,,,,,,,,
2011-01-11,300ETF,IS,0.0,0.0,-0.001093967467585482,,,,,,,,,,,,,,,,,
2011-01-12,300ETF,IS,0.0,0.0,-0.008007766008051753,,,,,,,,,,,,,,,,,
2011-01-13,300ETF,IS,0.0,0.0,-0.004766680019418738,,,,,,,,,,,,,,,,,
2011-01-14,300ETF,IS,0.0,0.0,-0.0008940718614403014,,,,,,,,,,,,,,,,,
2011-01-17,300ETF,IS,0.0,0.0,-0.026934850830549327,,,,,,,,,,,,,,,,,
2011-01-18,300ETF,IS,0.0,0.0,0.0019528514859752264,,,,,,,,,,,,,,,,,
2011-01-19,300ETF,IS,0.0,0.0,0.01830860909847204,,,,,,,,,,,,,,,,,
2011-01-20,300ETF,IS,0.0,0.0,-0.021743897707006098,,,,,,,,,,,,,,,,,
2011-01-21,300ETF,IS,0.0,0.0,0.01060312657236312,,,,,,,,,,,,,,,,,
2011-01-24,300ETF,IS,0.0,0.0,-0.00482725189987684,,,,,,,,,,,,,,,,,
2011-01-25,300ETF,IS,0.0,0.0,-0.01059597178014186,,,,,,,,,,,,,,,,,
2011-01-26,300ETF,IS,0.0,0.0,0.002918275233735443,,,,,,,,,,,,,,,,,
2011-01-27,300ETF,IS,0.0,0.0,0.02433410715931304,,,,,,,,,,,,,,,,,
2011-01-28,300ETF,IS,0.0,0.0,0.006105873203996884,,,,,,,,,,,,,,,,,
2011-01-31,300ETF,IS,0.0,0.0,0.009616516411163543,,,,,,,,,,,,,,,,,
2011-02-01,300ETF,IS,0.0,0.0,0.0022892631124947957,,,,,,,,,,,,,,,,,
2011-02-09,300ETF,IS,0.0,0.0,-0.009154582922434451,,,,,,,,,,,,,,,,,
2011-02-10,300ETF,IS,0.0,0.0,0.014076215281424886,,,,,,,,,,,,,,,,,
2011-02-11,300ETF,IS,0.0,0.0,0.0017868361079914818,,,,,,,,,,,,,,,,,
2011-02-14,300ETF,IS,0.0,0.0,0.01999005292073304,,,,,,,,,,,,,,,,,
2011-02-15,300ETF,IS,0.0,0.0,0.00012474395085206115,,,,,,,,,,,,,,,,,
2011-02-16,300ETF,IS,0.0,0.0,0.0032298184734027642,,,,,,,,,,,,,,,,,
2011-02-17,300ETF,IS,0.0,0.0,-0.0061616533919146045,,,,,,,,,,,,,,,,,
2011-02-18,300ETF,IS,0.0,0.0,-0.005016676365528718,,,,,,,,,,,,,,,,,
2011-02-21,300ETF,IS,0.0,0.0,0.011894280246509565,,,,,,,,,,,,,,,,,
2011-02-22,300ETF,IS,0.0,0.0,-0.020056205838922824,,,,,,,,,,,,,,,,,
2011-02-23,300ETF,IS,0.0,0.0,-0.005293604151398077,,,,,,,,,,,,,,,,,
2011-02-24,300ETF,IS,0.0,0.0,0.005854554695537305,,,,,,,,,,,,,,,,,
2011-02-25,300ETF,IS,0.0,0.0,0.0074272048104866,,,,,,,,,,,,,,,,,
2011-02-28,300ETF,IS,0.0,0.0,0.01641162488159497,,,,,,,,,,,,,,,,,
2011-03-01,300ETF,IS,0.0,0.0,-0.000742283519845628,,,,,,,,,,,,,,,,,
2011-03-02,300ETF,IS,0.0,0.0,-0.0013500319655072473,,,,,,,,,,,,,,,,,
2011-03-03,300ETF,IS,0.0,0.0,-0.006596592370086378,,,,,,,,,,,,,,,,,
2011-03-04,300ETF,IS,0.0,0.0,0.010621735073772757,,,,,,,,,,,,,,,,,
2011-03-07,300ETF,IS,0.0,0.0,0.00673409299913268,,,,,,,,,,,,,,,,,
2011-03-08,300ETF,IS,0.0,0.0,-0.0021451146989896583,,,,,,,,,,,,,,,,,
2011-03-09,300ETF,IS,0.0,0.0,-0.002926252428664142,,,,,,,,,,,,,,,,,
2011-03-10,300ETF,IS,0.0,0.0,-0.004350736390401842,,,,,,,,,,,,,,,,,
2011-03-11,300ETF,IS,0.0,0.0,-0.0076450347278704915,,,,,,,,,,,,,,,,,
2011-03-14,300ETF,IS,0.0,0.0,0.005388988436239591,,,,,,,,,,,,,,,,,
2011-03-15,300ETF,IS,0.0,0.0,-0.010292619721535081,,,,,,,,,,,,,,,,,
2011-03-16,300ETF,IS,0.0,0.0,0.012089981632572648,,,,,,,,,,,,,,,,,
2011-03-17,300ETF,IS,0.0,0.0,-0.006572773282611246,,,,,,,,,,,,,,,,,
2011-03-18,300ETF,IS,0.0,0.0,-0.003447643524375194,,,,,,,,,,,,,,,,,
2011-03-21,300ETF,IS,0.0,0.0,-0.009068694367344742,,,,,,,,,,,,,,,,,
2011-03-22,300ETF,IS,0.0,0.0,0.00528534928803567,,,,,,,,,,,,,,,,,
2011-03-23,300ETF,IS,0.0,0.0,0.009193814464541107,,,,,,,,,,,,,,,,,
2011-03-24,300ETF,IS,0.0,0.0,-0.0008698607912492293,,,,,,,,,,,,,,,,,
2011-03-25,300ETF,IS,0.0,0.0,0.009842889392184253,,,,,,,,,,,,,,,,,
2011-03-28,300ETF,IS,0.0,0.0,-0.005870872250455217,,,,,,,,,,,,,,,,,
2011-03-29,300ETF,IS,0.0,0.0,-0.0035388665010106578,,,,,,,,,,,,,,,,,
2011-03-30,300ETF,IS,0.0,0.0,0.00018875955306539737,,,,,,,,,,,,,,,,,
2011-03-31,300ETF,IS,0.0,0.0,-0.009348932316493428,,,,,,,,,,,,,,,,,
2011-04-01,300ETF,IS,0.0,0.0,0.00885430202773002,,,,,,,,,,,,,,,,,
2011-04-06,300ETF,IS,0.0,0.0,0.00752584834907157,,,,,,,,,,,,,,,,,
2011-04-07,300ETF,IS,0.0,0.0,0.0024303854623767642,,,,,,,,,,,,,,,,,
2011-04-08,300ETF,IS,0.0,0.0,0.005406044822108045,,,,,,,,,,,,,,,,,
2011-04-11,300ETF,IS,0.0,0.0,-0.003488524137808227,,,,,,,,,,,,,,,,,
2011-04-12,300ETF,IS,0.0,0.0,-0.007820312728073087,,,,,,,,,,,,,,,,,
2011-04-13,300ETF,IS,0.0,0.0,0.018291933812667666,,,,,,,,,,,,,,,,,
2011-04-14,300ETF,IS,0.0,0.0,-0.004602322711377906,,,,,,,,,,,,,,,,,
2011-04-15,300ETF,IS,0.0,0.0,-0.0028478723983045196,,,,,,,,,,,,,,,,,
2011-04-18,300ETF,IS,0.0,0.0,-0.0036508277987407686,,,,,,,,,,,,,,,,,
2011-04-19,300ETF,IS,0.0,0.0,-0.0010235799175281563,,,,,,,,,,,,,,,,,
2011-04-20,300ETF,IS,0.0,0.0,-0.0018784328281575972,,,,,,,,,,,,,,,,,
2011-04-21,300ETF,IS,0.0,-0.6364159544101725,0.0046577057135786925,,,,,,,,,,,,,,,,,
2011-04-22,300ETF,IS,0.0,-0.5266763582428371,-0.0016837082609707052,,,,,,,,,,,,,,,,,
2011-04-25,300ETF,IS,0.0,-1.1977322176106238,-0.0008407100732104378,,,,,,,,,,,,,,,,,
2011-04-26,300ETF,IS,0.0,0.35363709047281927,-0.007906648404985712,,,,,,,,,,,,,,,,,
2011-04-27,300ETF,IS,0.0,1.0254812208574242,-0.015195030398028412,,,,,,,,,,,,,,,,,
2011-04-28,300ETF,IS,0.0,-0.34830838391807933,-0.009154278193344067,,,,,,,,,,,,,,,,,
2011-04-29,300ETF,IS,0.0,-0.23989515265092926,0.010041584571377472,,,,,,,,,,,,,,,,,
2011-05-03,300ETF,IS,0.0,-1.2753449364048188,0.007473539763274416,,,,,,,,,,,,,,,,,
2011-05-04,300ETF,IS,0.0,-0.8409767977445662,-0.015602751627952174,,,,,,,,,,,,,,,,,
2011-05-05,300ETF,IS,0.0,0.1515427275423176,0.002316194885796942,,,,,,,,,,,,,,,,,
2011-05-06,300ETF,IS,0.0,-0.6130426943506891,0.005348474914572069,,,,,,,,,,,,,,,,,
2011-05-09,300ETF,IS,0.0,1.1255492105114493,-0.00870673288586764,,,,,,,,,,,,,,,,,
2011-05-10,300ETF,IS,0.0,-0.6130815186171247,0.004461534176590075,,,,,,,,,,,,,,,,,
2011-05-11,300ETF,IS,0.0,-0.8006638763183839,-0.00018912799674315067,,,,,,,,,,,,,,,,,
2011-05-12,300ETF,IS,0.0,-0.702678197936799,0.00033615957888601404,,,,,,,,,,,,,,,,,
2011-05-13,300ETF,IS,0.0,0.38574295179987966,0.006376578284949601,,,,,,,,,,,,,,,,,
2011-05-16,300ETF,IS,0.0,0.5692654384548074,-0.00611352968799639,,,,,,,,,,,,,,,,,
2011-05-17,300ETF,IS,0.0,0.019984491676376722,0.00930916454681903,,,,,,,,,,,,,,,,,
2011-05-18,300ETF,IS,0.0,0.827120101677755,0.0012185592565744305,,,,,,,,,,,,,,,,,
2011-05-19,300ETF,IS,0.0,-0.7018936672438527,-0.006554560675542126,,,,,,,,,,,,,,,,,
2011-05-20,300ETF,IS,0.0,-0.39389656426726266,-0.0003723901884570464,,,,,,,,,,,,,,,,,
2011-05-24,300ETF,IS,0.0,0.12350444144161153,0.0029424185235510537,,,,,,,,,,,,,,,,,
2011-05-25,300ETF,IS,0.0,-0.6211885701536176,-0.011838948653029344,,,,,,,,,,,,,,,,,
2011-05-26,300ETF,IS,0.0,0.05024702061144117,-0.005496794283205959,,,,,,,,,,,,,,,,,
2011-05-27,300ETF,IS,0.0,-0.3548711624993258,-0.009220937709600292,,,,,,,,,,,,,,,,,
2011-05-30,300ETF,IS,0.0,-1.219498477802509,0.00010952980286457335,,,,,,,,,,,,,,,,,
2011-05-31,300ETF,IS,0.0,0.5829839123880693,0.006552972242783678,,,,,,,,,,,,,,,,,
2011-06-01,300ETF,IS,0.0,-0.5978674886557132,0.004397919239416283,,,,,,,,,,,,,,,,,
2011-06-02,300ETF,IS,0.0,-0.23633098571555744,-0.007589524575233943,,,,,,,,,,,,,,,,,
2011-06-03,300ETF,IS,0.0,1.2163695891518846,0.005719619210460262,,,,,,,,,,,,,,,,,
2011-06-07,300ETF,IS,0.0,0.5068361626676855,0.005520588507693338,,,,,,,,,,,,,,,,,
2011-06-08,300ETF,IS,0.0,-1.0573706736803932,0.008123961834765027,,,,,,,,,,,,,,,,,
2011-06-09,300ETF,IS,0.0,-0.8783243018478443,-0.008974701666617811,,,,,,,,,,,,,,,,,
2011-06-10,300ETF,IS,0.0,0.9612366560900558,-0.0012668916326504264,,,,,,,,,,,,,,,,,
2011-06-13,300ETF,IS,0.0,-1.1308865534287855,0.008198026359962921,,,,,,,,,,,,,,,,,
2011-06-14,300ETF,IS,0.0,1.0361495257830746,0.008624907862182436,,,,,,,,,,,,,,,,,
2011-06-15,300ETF,IS,0.0,0.4039608691926641,-0.004481700434895394,,,,,,,,,,,,,,,,,
2011-06-16,300ETF,IS,0.0,-1.2049590555268181,-0.007244736300767369,,,,,,,,,,,,,,,,,
2011-06-17,300ETF,IS,0.0,0.4556323966965266,-0.006196310009955635,,,,,,,,,,,,,,,,,
2011-06-20,300ETF,IS,0.0,-0.10119163392279945,-0.004469971376587518,,,,,,,,,,,,,,,,,
2011-06-21,300ETF,IS,0.0,1.2337965881657993,0.0037029948073434966,,,,,,,,,,,,,,,,,
2011-06-22,300ETF,IS,0.0,-0.5890637008834527,-3.9449240581452026e-05,,,,,,,,,,,,,,,,,
2011-06-23,300ETF,IS,0.0,-0.6907386745836862,0.01840609865500673,,,,,,,,,,,,,,,,,
2011-06-24,300ETF,IS,0.0,1.176573844090389,0.020398066759300074,,,,,,,,,,,,,,,,,
2011-06-27,300ETF,IS,0.0,0.9832610505824018,-0.0020583975977059533,,,,,,,,,,,,,,,,,
2011-06-28,300ETF,IS,0.0,-1.295193313979755,0.005811313373599707,,,,,,,,,,,,,,,,,
2011-06-29,300ETF,IS,0.0,-0.7795656869944505,-0.009576475146564957,,,,,,,,,,,,,,,,,
2011-06-30,300ETF,IS,0.0,1.1733200481695258,0.009804474866282374,,,,,,,,,,,,,,,,,
2011-07-01,300ETF,IS,0.0,-1.2812663840353073,0.006469897480214048,,,,,,,,,,,,,,,,,
2011-07-05,300ETF,IS,0.0,-0.7834664498966406,-0.0026531943981548014,,,,,,,,,,,,,,,,,
2011-07-07,300ETF,IS,0.0,1.2126608401856998,-0.00018771278456315688,,,,,,,,,,,,,,,,,
2011-07-08,300ETF,IS,0.0,0.01777969593191922,0.0015595563036099392,,,,,,,,,,,,,,,,,
2011-07-11,300ETF,IS,0.0,-0.35186631047841627,0.006285227693419701,,,,,,,,,,,,,,,,,
2011-07-12,300ETF,IS,0.0,-1.1579129733046887,-0.006479398457385521,,,,,,,,,,,,,,,,,
2011-07-13,300ETF,IS,0.0,1.1094688828890096,0.011831713590187335,,,,,,,,,,,,,,,,,
2011-07-14,300ETF,IS,0.0,0.8771871183654141,-0.0021841202727746257,,,,,,,,,,,,,,,,,
2011-07-15,300ETF,IS,0.0,-0.6185021021176477,0.008096726097602773,,,,,,,,,,,,,,,,,
2011-07-18,300ETF,IS,0.0,-0.22132634094303466,-0.0023520981789563683,,,,,,,,,,,,,,,,,
2011-07-19,300ETF,IS,0.0,-1.0236241986642987,0.0009193058081452802,,,,,,,,,,,,,,,,,
2011-07-20,300ETF,IS,0.0,-0.23855621414360767,-0.00530025482073241,,,,,,,,,,,,,,,,,
2011-07-21,300ETF,IS,0.0,-0.9594160662519395,-0.005960173129580192,,,,,,,,,,,,,,,,,
2011-07-22,300ETF,IS,0.0,0.6148892353466416,0.000510388905226236,,,,,,,,,,,,,,,,,
2011-07-25,300ETF,IS,0.0,-1.316050452482408,-0.021527014456957493,,,,,,,,,,,,,,,,,
2011-07-26,300ETF,IS,0.0,0.7258722082314888,-0.0015476056476714834,,,,,,,,,,,,,,,,,
2011-07-27,300ETF,IS,0.0,-0.8485592273714693,0.008418224481732184,,,,,,,,,,,,,,,,,
2011-07-28,300ETF,IS,0.0,-0.09139169557906465,0.0003386870243102315,,,,,,,,,,,,,,,,,
2011-07-29,300ETF,IS,0.0,0.9887576323056707,0.001025230930234113,,,,,,,,,,,,,,,,,
2011-08-01,300ETF,IS,0.0,0.19072482336045726,-0.0013205774632388226,,,,,,,,,,,,,,,,,
2011-08-02,300ETF,IS,0.0,-1.173394171145557,0.0033951669409628057,,,,,,,,,,,,,,,,,
2011-08-03,300ETF,IS,0.0,0.2397243870278892,1.7945592012942058e-05,,,,,,,,,,,,,,,,,
2011-08-04,300ETF,IS,0.0,0.8641062343423553,-0.005865101683998987,,,,,,,,,,,,,,,,,
2011-08-05,300ETF,IS,0.0,-0.1594066838178411,0.0023852113794131796,,,,,,,,,,,,,,,,,
2011-08-08,300ETF,IS,0.0,0.41871750951988324,-0.03630416679490405,,,,,,,,,,,,,,,,,
2011-08-09,300ETF,IS,0.0,-1.226485807984988,0.024693451090344008,,,,,,,,,,,,,,,,,
2011-08-10,300ETF,IS,0.0,-0.9981949001403404,-0.004292987052567353,,,,,,,,,,,,,,,,,
2011-08-11,300ETF,IS,0.0,0.9582641870081229,0.012208485026385893,,,,,,,,,,,,,,,,,
2011-08-12,300ETF,IS,0.0,-0.2620642579821362,-0.004487298710290703,,,,,,,,,,,,,,,,,
2011-08-15,300ETF,IS,0.0,-0.4921773397651155,0.007846801208603229,,,,,,,,,,,,,,,,,
2011-08-16,300ETF,IS,0.0,-0.7039156858400684,-0.010446400434735012,,,,,,,,,,,,,,,,,
2011-08-17,300ETF,IS,0.0,0.038861083989001934,0.0003643664847372886,,,,,,,,,,,,,,,,,
2011-08-18,300ETF,IS,0.0,-0.9599851884440542,-0.015429740049567629,,,,,,,,,,,,,,,,,
2011-08-19,300ETF,IS,0.0,0.2064635905637422,-0.0024507520701210262,,,,,,,,,,,,,,,,,
2011-08-22,300ETF,IS,0.0,1.3261754265112757,-0.018506164039843787,,,,,,,,,,,,,,,,,
2011-08-23,300ETF,IS,0.0,0.20771800889315992,0.007720962058980564,,,,,,,,,,,,,,,,,
2011-08-24,300ETF,IS,0.0,-0.47227061935149117,-0.009090724321580259,,,,,,,,,,,,,,,,,
2011-08-25,300ETF,IS,0.0,0.15802368743656314,0.024304685303146716,,,,,,,,,,,,,,,,,
2011-08-26,300ETF,IS,0.0,0.0336906234775359,0.0028349162817252484,,,,,,,,,,,,,,,,,
2011-08-29,300ETF,IS,0.0,-1.1463375030518088,-0.0030402044532493334,,,,,,,,,,,,,,,,,
2011-08-30,300ETF,IS,0.0,0.09244185463497556,-0.010114253878850532,,,,,,,,,,,,,,,,,
2011-08-31,300ETF,IS,0.0,0.010134802646719036,0.005226672835682092,,,,,,,,,,,,,,,,,
2011-09-01,300ETF,IS,0.0,0.6420075073745801,-0.002754528887304258,,,,,,,,,,,,,,,,,
2011-09-02,300ETF,IS,0.0,-0.40158057559117016,-0.005772474527931349,,,,,,,,,,,,,,,,,
2011-09-05,300ETF,IS,0.0,-1.3154601346762704,-0.005567504923763307,,,,,,,,,,,,,,,,,
2011-09-06,300ETF,IS,0.0,0.560415149180082,-0.009688999652731404,,,,,,,,,,,,,,,,,
2011-09-07,300ETF,IS,0.0,0.47396135631317515,0.010763353621959045,,,,,,,,,,,,,,,,,
2011-09-08,300ETF,IS,0.0,-1.5809654587229365,-0.005384938213330343,,,,,,,,,,,,,,,,,
2011-09-09,300ETF,IS,0.0,0.7572661342286958,-0.005104002228953713,,,,,,,,,,,,,,,,,
2011-09-13,300ETF,IS,0.0,-0.8546619185688009,0.0031345216884861877,,,,,,,,,,,,,,,,,
2011-09-14,300ETF,IS,0.0,-0.4314884623231221,-0.004812623015568081,,,,,,,,,,,,,,,,,
2011-09-15,300ETF,IS,0.0,-0.2194880446117272,5.540127839875546e-05,,,,,,,,,,,,,,,,,
2011-09-16,300ETF,IS,0.0,1.3851357144490837,-0.006484443819533065,,,,,,,,,,,,,,,,,
2011-09-20,300ETF,IS,0.0,0.3401166317669922,0.0031839927927758407,,,,,,,,,,,,,,,,,
2011-09-21,300ETF,IS,0.0,-1.4415762610680758,0.03386615004105962,,,,,,,,,,,,,,,,,
2011-09-22,300ETF,IS,0.0,-0.31088522808255203,-0.01806578093515515,,,,,,,,,,,,,,,,,
2011-09-23,300ETF,IS,0.0,-1.007213733673574,0.002470002932934065,,,,,,,,,,,,,,,,,
2011-09-26,300ETF,IS,0.0,1.234654664611222,-0.020848850306373384,,,,,,,,,,,,,,,,,
2011-09-27,300ETF,IS,0.0,-0.10017400770362367,0.005742688522686333,,,,,,,,,,,,,,,,,
2011-09-28,300ETF,IS,0.0,-0.024800589003342314,-0.014255821248120904,,,,,,,,,,,,,,,,,
2011-09-29,300ETF,IS,0.0,-0.5563097095390093,-0.004810979617625437,,,,,,,,,,,,,,,,,
2011-09-30,300ETF,IS,0.0,0.5220832416940973,-0.007852349579716488,,,,,,,,,,,,,,,,,
2011-10-10,300ETF,IS,0.0,-0.34478564439497167,-0.005255602513940863,,,,,,,,,,,,,,,,,
2011-10-11,300ETF,IS,0.0,-0.3507904714341722,-0.02419468311947623,,,,,,,,,,,,,,,,,
2011-10-12,300ETF,IS,0.0,0.6885333116595181,0.035831894164662655,,,,,,,,,,,,,,,,,
2011-10-13,300ETF,IS,0.0,0.3846328948001144,0.003678992759976863,,,,,,,,,,,,,,,,,
2011-10-14,300ETF,IS,0.0,0.1733181780427616,-0.0017872668243877684,,,,,,,,,,,,,,,,,
2011-10-17,300ETF,IS,0.0,-0.0027588898859863703,-0.005677190744963302,,,,,,,,,,,,,,,,,
2011-10-18,300ETF,IS,0.0,-0.3252350473443891,-0.015106337900840958,,,,,,,,,,,,,,,,,
2011-10-19,300ETF,IS,0.0,0.7689303851401171,-0.004242401704154954,,,,,,,,,,,,,,,,,
2011-10-20,300ETF,IS,0.0,-0.750227696047781,-0.011371752803645323,,,,,,,,,,,,,,,,,
2011-10-21,300ETF,IS,0.0,-0.3052287307397086,-0.0008850082810985274,,,,,,,,,,,,,,,,,
2011-10-24,300ETF,IS,0.0,0.31973329137282147,0.014518766636877577,,,,,,,,,,,,,,,,,
2011-10-25,300ETF,IS,0.0,-0.3161685918295667,0.020183742964555745,,,,,,,,,,,,,,,,,
2011-10-26,300ETF,IS,0.0,1.4369833478435508,0.008794788759085717,,,,,,,,,,,,,,,,,
2011-10-27,300ETF,IS,0.0,0.47621366415199506,-0.004609861881211912,,,,,,,,,,,,,,,,,
2011-10-28,300ETF,IS,0.0,1.1876235334769112,-0.0018359126399275563,,,,,,,,,,,,,,,,,
2011-10-31,300ETF,IS,0.0,-0.6300271904067531,-0.005525885540601684,,,,,,,,,,,,,,,,,
2011-11-01,300ETF,IS,0.0,1.0836248174298848,-0.0025076249707622665,,,,,,,,,,,,,,,,,
2011-11-02,300ETF,IS,0.0,-0.0010962108231888207,0.025051958628475587,,,,,,,,,,,,,,,,,
2011-11-03,300ETF,IS,0.0,1.0348815757555976,0.0014254116232590827,,,,,,,,,,,,,,,,,
2011-11-04,300ETF,IS,0.0,-0.2258384599522752,-0.009165034893023142,,,,,,,,,,,,,,,,,
2011-11-07,300ETF,IS,0.0,-0.33712085996661206,-0.003384745155797002,,,,,,,,,,,,,,,,,
2011-11-08,300ETF,IS,0.0,-1.0202917279356902,-0.008008837235999957,,,,,,,,,,,,,,,,,
2011-11-09,300ETF,IS,0.0,1.2077892238583605,-0.005298138775203674,,,,,,,,,,,,,,,,,
2011-11-10,300ETF,IS,0.0,-0.20131904653882196,-0.009498726119458673,,,,,,,,,,,,,,,,,
2011-11-11,300ETF,IS,0.0,0.6036997991529429,-0.0024644234451689424,,,,,,,,,,,,,,,,,
2011-11-14,300ETF,IS,0.0,-0.3813020171505167,0.0055520439927668926,,,,,,,,,,,,,,,,,
2011-11-15,300ETF,IS,0.0,-0.4201083228057127,-0.0031722082909532903,,,,,,,,,,,,,,,,,
2011-11-16,300ETF,IS,0.0,-1.2673204659932988,-0.022934749849895415,,,,,,,,,,,,,,,,,
2011-11-17,300ETF,IS,0.0,0.6485586821434437,-0.001183326417978808,,,,,,,,,,,,,,,,,
2011-11-18,300ETF,IS,0.0,-0.48723478047343166,-0.01406586199675771,,,,,,,,,,,,,,,,,
2011-11-21,300ETF,IS,0.0,-0.7753675632420376,-0.0022704396899426377,,,,,,,,,,,,,,,,,
2011-11-22,300ETF,IS,0.0,0.32820375661571727,0.0005215348461782632,,,,,,,,,,,,,,,,,
2011-11-23,300ETF,IS,0.0,-0.6339350816929074,-0.005742405824591327,,,,,,,,,,,,,,,,,
2011-11-24,300ETF,IS,0.0,-0.5461248225825854,0.007200714804961851,,,,,,,,,,,,,,,,,
2011-11-25,300ETF,IS,0.0,-0.8333405543897046,-0.006278682672086753,,,,,,,,,,,,,,,,,
2011-11-28,300ETF,IS,0.0,0.2774626395575586,-0.0008940570296421408,,,,,,,,,,,,,,,,,
2011-11-29,300ETF,IS,0.0,-0.998780736761468,0.007550070158685486,,,,,,,,,,,,,,,,,
2011-11-30,300ETF,IS,0.0,-0.4039309740610783,-0.0300424549818343,,,,,,,,,,,,,,,,,
2011-12-01,300ETF,IS,0.0,0.19664423230526756,0.0031269647651252907,,,,,,,,,,,,,,,,,
2011-12-02,300ETF,IS,0.0,-0.515522279037224,-0.00218217341067565,,,,,,,,,,,,,,,,,
2011-12-06,300ETF,IS,0.0,0.2705155968345773,-0.0003719594984156006,,,,,,,,,,,,,,,,,
2011-12-07,300ETF,IS,0.0,-0.3175670430381806,0.0003390244238843359,,,,,,,,,,,,,,,,,
2011-12-08,300ETF,IS,0.0,-0.9097844896450998,0.009782725811376203,,,,,,,,,,,,,,,,,
2011-12-09,300ETF,IS,0.0,0.16551778570354903,-0.008633328306701164,,,,,,,,,,,,,,,,,
2011-12-12,300ETF,IS,0.0,-0.7586411832483595,-0.00681262360418008,,,,,,,,,,,,,,,,,
2011-12-13,300ETF,IS,0.0,-0.41970123092476663,-0.012974911044261395,,,,,,,,,,,,,,,,,
2011-12-14,300ETF,IS,0.0,0.05596755222742198,-0.008860178753107831,,,,,,,,,,,,,,,,,
2011-12-15,300ETF,IS,0.0,-0.5498717861099931,-0.010707346398788103,,,,,,,,,,,,,,,,,
2011-12-16,300ETF,IS,0.0,1.105412353917208,0.01548647570752449,,,,,,,,,,,,,,,,,
2011-12-20,300ETF,IS,0.0,1.3558386888042968,-0.007554793706548801,,,,,,,,,,,,,,,,,
2011-12-21,300ETF,IS,0.0,-0.1381519058688789,-0.010550946398775879,,,,,,,,,,,,,,,,,
2011-12-22,300ETF,IS,0.0,-0.6932692729670605,0.011119016537820879,,,,,,,,,,,,,,,,,
2011-12-23,300ETF,IS,0.0,0.47336992813692846,0.0028704340460002373,,,,,,,,,,,,,,,,,
2011-12-26,300ETF,IS,0.0,-0.589019295397436,-0.001421023568123906,,,,,,,,,,,,,,,,,
2011-12-27,300ETF,IS,0.0,-0.5196641469626774,-0.0037281591882461977,,,,,,,,,,,,,,,,,
2011-12-28,300ETF,IS,0.0,-0.021395710329622498,-0.0026354200321589165,,,,,,,,,,,,,,,,,
2011-12-29,300ETF,IS,0.0,0.6363559020408915,0.0003863439978912016,,,,,,,,,,,,,,,,,
2012-01-04,300ETF,IS,0.0,-0.8058749714270736,-0.01934408292494496,,,,,,,,,,,,,,,,,
2012-01-05,300ETF,IS,0.0,0.8615281914349033,-0.010480306681036724,,,,,,,,,,,,,,,,,
2012-01-06,300ETF,IS,0.0,0.5189853567831284,0.0018657060523684726,,,,,,,,,,,,,,,,,
2012-01-10,300ETF,IS,0.0,1.309860373490291,0.02205682138724883,,,,,,,,,,,,,,,,,
2012-01-11,300ETF,IS,0.0,0.5278218284224708,0.0012581521382118124,,,,,,,,,,,,,,,,,
2012-01-12,300ETF,IS,0.0,0.7506142109351779,0.0005719286300622218,,,,,,,,,,,,,,,,,
2012-01-13,300ETF,IS,0.0,-0.3304647603675297,-0.01140993107571064,,,,,,,,,,,,,,,,,
2012-01-16,300ETF,IS,0.0,-0.04768577080290406,-0.010920766794326242,,,,,,,,,,,,,,,,,
2012-01-17,300ETF,IS,0.0,1.4389399165991263,0.03946386658502881,,,,,,,,,,,,,,,,,
2012-01-18,300ETF,IS,0.0,0.28657202713297636,-0.018615549451356708,,,,,,,,,,,,,,,,,
2012-01-19,300ETF,IS,0.0,1.031280699031858,0.01112537615851331,,,,,,,,,,,,,,,,,
2012-01-20,300ETF,IS,0.0,0.8865100715347617,0.01435919717299458,,,,,,,,,,,,,,,,,
2012-01-31,300ETF,IS,0.0,0.4751767218782973,0.0003864266037472983,,,,,,,,,,,,,,,,,
2012-02-01,300ETF,IS,0.0,-1.052715213319311,-0.010740116549906968,,,,,,,,,,,,,,,,,
2012-02-02,300ETF,IS,0.0,0.44334375715509977,0.013952517811484537,,,,,,,,,,,,,,,,,
2012-02-03,300ETF,IS,0.0,-0.1554556727014337,0.014131214985048058,,,,,,,,,,,,,,,,,
2012-02-06,300ETF,IS,0.0,0.5272513079226846,-0.0057325415797390405,,,,,,,,,,,,,,,,,
2012-02-07,300ETF,IS,0.0,-1.2410148944902855,-0.005974612052827067,,,,,,,,,,,,,,,,,
2012-02-08,300ETF,IS,0.0,0.5703298691149649,0.026974894921850238,,,,,,,,,,,,,,,,,
2012-02-09,300ETF,IS,0.0,-0.9786450367688743,0.003239211784607467,,,,,,,,,,,,,,,,,
2012-02-13,300ETF,IS,0.0,-0.7053825925281654,0.004474650013756337,,,,,,,,,,,,,,,,,
2012-02-14,300ETF,IS,0.0,-0.14546630265448104,0.0006353261849727473,,,,,,,,,,,,,,,,,
2012-02-15,300ETF,IS,0.0,0.2263728439893938,0.013045079586630736,,,,,,,,,,,,,,,,,
2012-02-16,300ETF,IS,0.0,-0.4727542231578377,-0.010331003973697959,,,,,,,,,,,,,,,,,
2012-02-17,300ETF,IS,0.0,0.2814419519254399,-0.0012970609382793668,,,,,,,,,,,,,,,,,
2012-02-21,300ETF,IS,0.0,-0.500987042656836,-0.001564008583527299,,,,,,,,,,,,,,,,,
2012-02-22,300ETF,IS,0.0,0.475530344400367,0.006928865763456495,,,,,,,,,,,,,,,,,
2012-02-23,300ETF,IS,0.0,0.95148117337173,0.0009333617638305463,,,,,,,,,,,,,,,,,
2012-02-24,300ETF,IS,0.0,-0.3419616727124429,0.014474390961006783,,,,,,,,,,,,,,,,,
2012-02-28,300ETF,IS,0.0,0.8880680631494351,0.0036872738640666147,,,,,,,,,,,,,,,,,
2012-02-29,300ETF,IS,0.0,-0.8274694950760865,0.001745580533998009,,,,,,,,,,,,,,,,,
2012-03-01,300ETF,IS,0.0,1.025258969153948,-0.0006608251683121792,,,,,,,,,,,,,,,,,
2012-03-02,300ETF,IS,0.0,1.3561579163185744,0.008273269443062923,,,,,,,,,,,,,,,,,
2012-03-05,300ETF,IS,0.0,-0.01767588807613624,-0.008172010091028034,,,,,,,,,,,,,,,,,
2012-03-06,300ETF,IS,0.0,-0.8421521450448993,-0.00677458768290475,,,,,,,,,,,,,,,,,
2012-03-07,300ETF,IS,0.0,0.17495892831534443,0.0015573099223136235,,,,,,,,,,,,,,,,,
2012-03-08,300ETF,IS,0.0,1.359345280554298,0.0024869156204724917,,,,,,,,,,,,,,,,,
2012-03-09,300ETF,IS,0.0,0.21192079155551835,0.004769691906125061,,,,,,,,,,,,,,,,,
2012-03-12,300ETF,IS,0.0,-0.018077773723635126,-0.005319544012696042,,,,,,,,,,,,,,,,,
2012-03-13,300ETF,IS,0.0,0.34139764511112386,0.00813154536057067,,,,,,,,,,,,,,,,,
2012-03-14,300ETF,IS,0.0,-0.05161316467968141,-0.02608464824809895,,,,,,,,,,,,,,,,,
2012-03-15,300ETF,IS,0.0,0.9246641155711047,-0.001454358841325653,,,,,,,,,,,,,,,,,
2012-03-19,300ETF,IS,0.0,-0.12221167910605422,0.0025925357479618196,,,,,,,,,,,,,,,,,
2012-03-20,300ETF,IS,0.0,-0.7332480391535575,-0.007010998792677601,,,,,,,,,,,,,,,,,
2012-03-21,300ETF,IS,0.0,-0.48523184243416745,-0.002677524578095728,,,,,,,,,,,,,,,,,
2012-03-22,300ETF,IS,0.0,-0.048086580257581196,0.0033794466706057276,,,,,,,,,,,,,,,,,
2012-03-23,300ETF,IS,0.0,-1.226768942925502,-0.005688274388504283,,,,,,,,,,,,,,,,,
2012-03-26,300ETF,IS,0.0,0.7704745485058312,-0.004387218042196497,,,,,,,,,,,,,,,,,
2012-03-27,300ETF,IS,0.0,0.17459345598565967,-0.00544499755768701,,,,,,,,,,,,,,,,,
2012-03-28,300ETF,IS,0.0,-0.45675588031538983,-0.016277374167591327,,,,,,,,,,,,,,,,,
2012-03-29,300ETF,IS,0.0,-1.2546649231558502,-0.0036086548450542733,,,,,,,,,,,,,,,,,
2012-03-30,300ETF,IS,0.0,1.1004362442474913,-0.003241385532881849,,,,,,,,,,,,,,,,,
2012-04-05,300ETF,IS,0.0,-0.3748376734016348,0.023728070254597024,,,,,,,,,,,,,,,,,
2012-04-06,300ETF,IS,0.0,-0.05118206282697061,0.003752832778967727,,,,,,,,,,,,,,,,,
2012-04-10,300ETF,IS,0.0,0.728025450731851,0.0010902194571590135,,,,,,,,,,,,,,,,,
2012-04-11,300ETF,IS,0.0,0.03766010313888415,0.005597916861286436,,,,,,,,,,,,,,,,,
2012-04-12,300ETF,IS,0.0,0.6093576444036886,0.012678754897823953,,,,,,,,,,,,,,,,,
2012-04-13,300ETF,IS,0.0,-0.015071824455142147,-0.0034215619415113737,,,,,,,,,,,,,,,,,
2012-04-16,300ETF,IS,0.0,0.25609550807366077,0.0019049273423197908,,,,,,,,,,,,,,,,,
2012-04-17,300ETF,IS,0.0,-0.3464465773723027,-0.007168969138231946,,,,,,,,,,,,,,,,,
2012-04-18,300ETF,IS,0.0,-0.2820791555345769,0.02013565219087145,,,,,,,,,,,,,,,,,
2012-04-19,300ETF,IS,0.0,0.3687599053968849,-0.0009101605960524375,,,,,,,,,,,,,,,,,
2012-04-20,300ETF,IS,0.0,1.3201587609374303,0.00873687161982308,,,,,,,,,,,,,,,,,
2012-04-23,300ETF,IS,0.0,-0.005950511552821296,-0.00276309423922926,,,,,,,,,,,,,,,,,
2012-04-24,300ETF,IS,0.0,0.7525304094700541,-0.008964736999215796,,,,,,,,,,,,,,,,,
2012-04-25,300ETF,IS,0.0,0.41002092714122373,0.009276443399717988,,,,,,,,,,,,,,,,,
2012-04-26,300ETF,IS,0.0,0.6506800745626945,0.006488315393608479,,,,,,,,,,,,,,,,,
2012-04-27,300ETF,IS,0.0,0.4453823034911746,-0.002422373312462108,,,,,,,,,,,,,,,,,
2012-05-02,300ETF,IS,0.0,-0.5507333150246515,0.016733273071521244,,,,,,,,,,,,,,,,,
2012-05-03,300ETF,IS,0.0,0.8642953981261584,0.0019407537091369938,,,,,,,,,,,,,,,,,
2012-05-04,300ETF,IS,0.0,0.8531154119674917,0.0070748072752965085,,,,,,,,,,,,,,,,,
2012-05-07,300ETF,IS,0.0,0.6334500075532945,-0.00109635906925189,,,,,,,,,,,,,,,,,
2012-05-08,300ETF,IS,0.0,-1.2956313551300553,0.004490904213868596,,,,,,,,,,,,,,,,,
2012-05-09,300ETF,IS,0.0,-1.5503787065892023,-0.004961275667808168,,,,,,,,,,,,,,,,,
2012-05-10,300ETF,IS,0.0,0.7322327079787956,-0.00032301727746406224,,,,,,,,,,,,,,,,,
2012-05-11,300ETF,IS,0.0,-0.8954968142598275,0.0005895551410472669,,,,,,,,,,,,,,,,,
2012-05-14,300ETF,IS,0.0,-0.6762641930064327,0.0020971084520987914,,,,,,,,,,,,,,,,,
2012-05-15,300ETF,IS,0.0,-0.05920324234731376,0.0005545441892537544,,,,,,,,,,,,,,,,,
2012-05-16,300ETF,IS,0.0,-0.598841738687268,-0.01020184958964861,,,,,,,,,,,,,,,,,
2012-05-17,300ETF,IS,0.0,1.0646011884194102,0.013607216940629096,,,,,,,,,,,,,,,,,
2012-05-18,300ETF,IS,0.0,-0.7523080266082315,-0.009676802177401736,,,,,,,,,,,,,,,,,
2012-05-21,300ETF,IS,0.0,1.2973251606111587,0.00032091277312730216,,,,,,,,,,,,,,,,,
2012-05-22,300ETF,IS,0.0,0.7442901378241543,0.004088703933555082,,,,,,,,,,,,,,,,,
2012-05-23,300ETF,IS,0.0,-1.0626741139196056,-0.005976394617500887,,,,,,,,,,,,,,,,,
2012-05-24,300ETF,IS,0.0,0.9734335769533442,-0.008893277610982086,,,,,,,,,,,,,,,,,
2012-05-25,300ETF,IS,0.0,0.48927768696879403,-0.009202482720511789,,,,,,,,,,,,,,,,,
2012-05-28,300ETF,IS,0.0,-0.6878866412978045,0.021989601712688902,,,,,,,,,,,,,,,,,
2012-05-29,300ETF,IS,0.0,0.5480187937160848,0.012232133113095445,,,,,,,,,,,,,,,,,
2012-05-30,300ETF,IS,0.0,0.44222767861421686,-0.005386973930291558,,,,,,,,,,,,,,,,,
2012-05-31,300ETF,IS,0.0,-0.23838746320732884,0.0017647456120138479,,,,,,,,,,,,,,,,,
2012-06-01,300ETF,IS,0.0,1.4291269890207685,-0.004187059131004979,,,,,,,,,,,,,,,,,
2012-06-04,300ETF,IS,0.0,-0.810473754307802,-0.010964534060664657,,,,,,,,,,,,,,,,,
2012-06-05,300ETF,IS,0.0,0.8781112817972282,0.0013770800646729692,,,,,,,,,,,,,,,,,
2012-06-06,300ETF,IS,0.0,0.5817241307463178,-0.0048013831435411705,,,,,,,,,,,,,,,,,
2012-06-07,300ETF,IS,0.0,-0.5711235583402503,-0.011839290238427792,,,,,,,,,,,,,,,,,
2012-06-08,300ETF,IS,0.0,-1.6431592936634547,-0.0027168071977844398,,,,,,,,,,,,,,,,,
2012-06-11,300ETF,IS,0.0,0.5982809167481388,0.009234134348580919,,,,,,,,,,,,,,,,,
2012-06-12,300ETF,IS,0.0,-0.3592303433618079,0.0029447076052218314,,,,,,,,,,,,,,,,,
2012-06-13,300ETF,IS,0.0,1.2312818549286648,0.00902891880144187,,,,,,,,,,,,,,,,,
2012-06-14,300ETF,IS,0.0,0.07929926903852301,-0.0057106828221150045,,,,,,,,,,,,,,,,,
2012-06-15,300ETF,IS,0.0,0.19545706269045743,-0.0021575461955268215,,,,,,,,,,,,,,,,,
2012-06-18,300ETF,IS,0.0,-0.23547247531271562,-0.0013279506028149228,,,,,,,,,,,,,,,,,
2012-06-19,300ETF,IS,-0.5042672335118183,-1.727714653743594,-0.0018610316059885922,0.0027116034433968023,0.003875973844692849,0.0015485872239156522,0.0034876997182852164,0.0027116034433968023,0.003875973844692849,0.0015485872239156522,0.0011643704012960865,0.0007760962748884141,-0.0003882741264076327,0.0019391124943695642,0.00039943857852278464,0.00039331777322225214,1305,0.0003882741264076327,False,-1.0
2012-06-20,300ETF,IS,0.0,0.5298484579732785,-0.004090686765636768,,,,,,,,,,,,,,,,,
2012-06-21,300ETF,IS,0.0,-1.6457163491978526,-0.005116880426596025,,,,,,,,,,,,,,,,,
2012-06-25,300ETF,IS,0.0,-1.6113214950916956,-0.013192673540211175,,,,,,,,,,,,,,,,,
2012-06-26,300ETF,IS,0.0,-0.12827810515555105,0.0010330252916851861,,,,,,,,,,,,,,,,,
2012-06-27,300ETF,IS,0.0,0.7195908053488729,-0.0005509364023481815,,,,,,,,,,,,,,,,,
2012-06-28,300ETF,IS,0.0,1.0578396253836828,-0.006490020028821299,,,,,,,,,,,,,,,,,
2012-06-29,300ETF,IS,0.0,0.2898071555422906,0.012287755813613603,,,,,,,,,,,,,,,,,
2012-07-02,300ETF,IS,0.0,-1.3337292124458675,-0.0005202545018740038,,,,,,,,,,,,,,,,,
2012-07-03,300ETF,IS,0.0,-1.032571604353132,-0.0004183086186802321,,,,,,,,,,,,,,,,,
2012-07-04,300ETF,IS,0.0,0.586817544503547,-0.005384533515613427,,,,,,,,,,,,,,,,,
2012-07-05,300ETF,IS,0.0,-1.2190696278538502,-0.000744655957577104,,,,,,,,,,,,,,,,,
2012-07-06,300ETF,IS,0.0,0.5361883375469632,0.016281694618727315,,,,,,,,,,,,,,,,,
2012-07-09,300ETF,IS,0.0,0.13709550528044534,-0.01615896439191095,,,,,,,,,,,,,,,,,
2012-07-10,300ETF,IS,0.0,0.8373748833449869,-0.00533313624739184,,,,,,,,,,,,,,,,,
2012-07-11,300ETF,IS,0.0,0.9732830059288596,0.002883278167620967,,,,,,,,,,,,,,,,,
2012-07-12,300ETF,IS,0.0,-0.8082175404112535,0.017491826647690233,,,,,,,,,,,,,,,,,
2012-07-13,300ETF,IS,0.0,0.46284950568221084,0.0018360403993503626,,,,,,,,,,,,,,,,,
2012-07-16,300ETF,IS,0.0,-1.6298706772714036,-0.01221756995383539,,,,,,,,,,,,,,,,,
2012-07-17,300ETF,IS,0.0,0.9224141181237392,0.00046885918368335256,,,,,,,,,,,,,,,,,
2012-07-18,300ETF,IS,0.0,-0.3319303252254062,-0.0017097854611564948,,,,,,,,,,,,,,,,,
2012-07-19,300ETF,IS,0.0,0.3749610467542168,0.00691340611757855,,,,,,,,,,,,,,,,,
2012-07-20,300ETF,IS,0.0,-0.285330436761096,-0.00805611706134208,,,,,,,,,,,,,,,,,
2012-07-23,300ETF,IS,0.0,-1.5297101507303983,-0.0024348808539619354,,,,,,,,,,,,,,,,,
2012-07-24,300ETF,IS,0.0,1.4415733189216169,0.0015537189655929744,,,,,,,,,,,,,,,,,
2012-07-25,300ETF,IS,0.0,-0.09664513743916311,-0.0009986319319912685,,,,,,,,,,,,,,,,,
2012-07-26,300ETF,IS,0.0,0.48048130139463463,-0.005471405651656137,,,,,,,,,,,,,,,,,
2012-07-27,300ETF,IS,0.0,-0.028449736905136507,-0.001214446622184011,,,,,,,,,,,,,,,,,
2012-07-30,300ETF,IS,0.0,1.254615288235156,-0.006941668621765747,,,,,,,,,,,,,,,,,
2012-07-31,300ETF,IS,0.0,0.8631120470552457,0.003042244788824414,,,,,,,,,,,,,,,,,
2012-08-01,300ETF,IS,0.7235355330651401,1.700590119277409,0.0014618349309065827,0.004191120971462109,0.004191120971462109,0.003354300838946836,0.0020977561709987214,0.004191120971462109,0.004191120971462109,0.003354300838946836,0.0,-0.0020933648004633877,-0.0020933648004633877,-0.0012565446679481149,0.0004961176423495338,0.0005551393202165305,1125,0.0020933648004633877,False,-1.0
2012-08-02,300ETF,IS,0.0,-0.1931574390242078,-0.007136438181800889,,,,,,,,,,,,,,,,,
2012-08-03,300ETF,IS,0.0,-0.731688817664955,0.005192009506830997,,,,,,,,,,,,,,,,,
2012-08-06,300ETF,IS,0.0,0.5107684698900706,0.012210771289105915,,,,,,,,,,,,,,,,,
2012-08-07,300ETF,IS,0.0,0.2429437514815644,0.0013363953358921815,,,,,,,,,,,,,,,,,
2012-08-08,300ETF,IS,0.0,0.427547222491898,-0.001942991040294244,,,,,,,,,,,,,,,,,
2012-08-09,300ETF,IS,0.0,-1.0265488159349345,0.00897534070819959,,,,,,,,,,,,,,,,,
2012-08-10,300ETF,IS,0.0,-0.1495274188776584,-0.0023346433179740923,,,,,,,,,,,,,,,,,
2012-08-13,300ETF,IS,-0.5037755762181796,-1.7260692101773785,-0.010897426471372915,0.001239925763320325,0.0004131377873263841,0.0008264463280311878,0.009545621350598842,0.001239925763320325,0.0004131377873263841,0.0008264463280311878,-0.0008267879759939956,0.008305695587278518,0.009132483563272458,0.008719175022567655,0.0004758747955206329,0.00041184394901053667,1435,0.0,False,-1.0
2012-08-14,300ETF,IS,0.0,0.12650663278615779,-0.0004272742159951093,,,,,,,,,,,,,,,,,
2012-08-15,300ETF,IS,0.0,-0.8414907918353842,-0.003061899507721408,,,,,,,,,,,,,,,,,
2012-08-16,300ETF,IS,0.0,0.2952124813071279,-0.002263133686323506,,,,,,,,,,,,,,,,,
2012-08-17,300ETF,IS,0.0,0.05364888443170692,-0.005813896766571225,,,,,,,,,,,,,,,,,
2012-08-20,300ETF,IS,-0.562893916315748,-1.806399741244209,0.00841842373368689,-0.00043094161408149833,-0.0008616975974813635,0.0004311274048239734,-0.008156301923823472,-0.00043094161408149833,-0.0008616975974813635,0.0004311274048239734,-0.00043075598339976164,-0.007725360309741974,-0.007294604326342108,-0.008587429328647445,0.00037666311312240376,0.0004445421385465108,1330,0.008587429328647445,False,-1.0
2012-08-21,300ETF,IS,0.0,-0.360230633098984,-0.0012527542025010628,,,,,,,,,,,,,,,,,
2012-08-22,300ETF,IS,0.0,-1.2104886639318697,-0.006293198166663152,,,,,,,,,,,,,,,,,
2012-08-23,300ETF,IS,0.0,0.7721574305186645,-0.0034076879694721744,,,,,,,,,,,,,,,,,
2012-08-24,300ETF,IS,0.0,-0.7379890397430695,-0.007277282497305736,,,,,,,,,,,,,,,,,
2012-08-27,300ETF,IS,-0.5234028894996722,-1.7649039298497478,-0.007952479777566352,0.006568887207273982,0.007887858600952227,0.007448008143014151,0.008768140347937055,0.006568887207273982,0.007887858600952227,0.007448008143014151,0.001318971393678186,0.002199253140663073,0.0008802817469848283,0.001320132204922904,0.0005286141016574883,0.000542957337344984,1435,0.0,False,-1.0
2012-08-28,300ETF,IS,0.0,0.524503424544703,0.004467748318739299,,,,,,,,,,,,,,,,,
2012-08-29,300ETF,IS,0.0,-1.2765110151789363,-0.0016239948074490238,,,,,,,,,,,,,,,,,
2012-08-30,300ETF,IS,0.0,0.9782010433364259,-0.0005065778701570342,,,,,,,,,,,,,,,,,
2012-08-31,300ETF,IS,0.0,0.8805222953237078,-0.002394394363443418,,,,,,,,,,,,,,,,,
2012-09-03,300ETF,IS,0.0,0.48537451489034134,0.006354877812220509,,,,,,,,,,,,,,,,,
2012-09-04,300ETF,IS,0.0,-0.41900075467893155,-0.011952369455430645,,,,,,,,,,,,,,,,,
2012-09-05,300ETF,IS,0.0,0.05436211023576815,0.0011324596519861156,,,,,,,,,,,,,,,,,
2012-09-06,300ETF,IS,0.5175565840507612,1.5562155239158812,-0.0001829797649815411,-0.006691972330169683,-0.005797117684325846,-0.004456335360560905,-0.0008896797739865897,-0.006691972330169683,-0.005797117684325846,-0.004456335360560905,0.0008948546458439274,0.005802292556183093,0.004907437910339256,0.0035666555865743158,0.0004847752432446885,0.00047358822948035664,1435,0.0,False,-1.0
2012-09-07,300ETF,IS,0.500351754093914,1.5079571186307927,0.02870503452567209,0.03055972690798652,0.03942241416583186,0.03267702602630042,0.033522692038643644,0.03055972690798652,0.03942241416583186,0.03267702602630042,0.008862687257845324,0.002962965130657122,-0.005899722127188214,0.0008456660123432255,0.0010748826996623206,0.0007078081577560779,1305,0.005899722127188214,False,-1.0
2012-09-10,300ETF,IS,0.0,0.8413294164226813,-0.0033748050988220107,,,,,,,,,,,,,,,,,
2012-09-11,300ETF,IS,-0.5938463396930851,-1.8299705395262915,0.0009119634874844746,-0.0012817775734836009,0.0008554320453209799,0.001283422636061436,-0.0012817775734836009,-0.0012817775734836009,0.0008554320453209799,0.001283422636061436,0.0021372096188046214,0.0,-0.0021372096188045807,-0.002565200209545037,0.0005734765190159445,0.00044685508671325904,1330,0.002565200209545037,False,-1.0
2012-09-12,300ETF,IS,0.6793928708910226,1.6796961790366842,-0.00419019646514491,-0.009365755987641939,-0.00851068966790862,-0.006802747322752523,-0.003395589001138272,-0.009365755987641939,-0.00851068966790862,-0.006802747322752523,0.0008550663197332547,0.005970166986503667,0.005115100666770347,0.0034071583216142513,0.0006649034449111449,0.0005660859455708517,1435,0.0,False,-1.0
2012-09-13,300ETF,IS,0.0,-0.7812631882048398,0.0005784994093989597,,,,,,,,,,,,,,,,,
2012-09-14,300ETF,IS,0.0,0.03654048277914117,0.00497878864651129,,,,,,,,,,,,,,,,,
2012-09-17,300ETF,IS,0.0,-0.9133292303547343,-0.01363393478659457,,,,,,,,,,,,,,,,,
2012-09-18,300ETF,IS,0.0,-1.095550438274978,-0.0062774183179709515,,,,,,,,,,,,,,,,,
2012-09-19,300ETF,IS,0.0,-0.6302455731286595,0.0027709554898399653,,,,,,,,,,,,,,,,,
2012-09-20,300ETF,IS,0.0,-1.5599060059698142,-0.012168934245635227,,,,,,,,,,,,,,,,,
2012-09-21,300ETF,IS,0.0,-0.11534922504111102,0.00395025491596108,,,,,,,,,,,,,,,,,
2012-09-24,300ETF,IS,0.0,-1.5826664393835956,0.020712395903108412,,,,,,,,,,,,,,,,,
2012-09-25,300ETF,IS,0.0,0.4886271105123788,-0.004083545633004528,,,,,,,,,,,,,,,,,
2012-09-26,300ETF,IS,0.0,0.5034117259131156,-0.006421102576788463,,,,,,,,,,,,,,,,,
2012-09-27,300ETF,IS,0.0,1.1955005386475648,0.025300611236985803,,,,,,,,,,,,,,,,,
2012-09-28,300ETF,IS,0.0,0.8184337260180864,0.014912407110539837,,,,,,,,,,,,,,,,,
2012-10-08,300ETF,IS,0.0,0.5753738552575968,-0.008676660051339045,,,,,,,,,,,,,,,,,
2012-10-09,300ETF,IS,0.787267441148904,1.7273942378487255,0.00554632976368328,0.008930529266396852,0.007235613606405421,0.005537820329311158,0.0034115171680021337,0.008930529266396852,0.007235613606405421,0.005537820329311158,-0.0016949156599914295,-0.005519012098394718,-0.003824096438403287,-0.0021263031613090243,0.001225221235452892,0.001447238416429761,1125,0.005519012098394718,False,-1.0
2012-10-10,300ETF,IS,0.0,-0.3742369462782304,0.004281159607018878,,,,,,,,,,,,,,,,,
2012-10-11,300ETF,IS,0.0,-1.259139716315553,-0.0012798481190531513,,,,,,,,,,,,,,,,,
2012-10-12,300ETF,IS,0.8548577329648246,1.7527338361471776,-0.01127672155616091,-0.0157886787358509,-0.014928833455015944,-0.011068652809190052,-0.013211357721550491,-0.0157886787358509,-0.014928833455015944,-0.011068652809190052,0.0008598452808349296,0.0025773210143004103,0.0017174757334654529,-0.0021427049123604394,0.0007343019781367068,0.0006295770037676548,1330,0.0021427049123604394,False,-1.0
2012-10-15,300ETF,IS,0.0,-0.9870793479609143,-0.00675082281326226,,,,,,,,,,,,,,,,,
2012-10-16,300ETF,IS,0.0,0.26669751576199996,0.002572873309103996,,,,,,,,,,,,,,,,,
2012-10-17,300ETF,IS,0.0,-0.8938413113710599,0.0006078096820948532,,,,,,,,,,,,,,,,,
2012-10-18,300ETF,IS,0.0,1.3669865108223442,0.009143797985507594,,,,,,,,,,,,,,,,,
2012-10-19,300ETF,IS,0.0,0.6743234794535171,-0.002765590669840201,,,,,,,,,,,,,,,,,
2012-10-22,300ETF,IS,0.0,-0.32965376883951836,0.009380140681423692,,,,,,,,,,,,,,,,,
2012-10-23,300ETF,IS,0.0,-0.1909189113161293,-0.008342065041842116,,,,,,,,,,,,,,,,,
2012-10-24,300ETF,IS,0.0,0.31704990790172444,-0.0030245756650765167,,,,,,,,,,,,,,,,,
2012-10-25,300ETF,IS,0.0,-0.1760050408656901,-0.010426003743995292,,,,,,,,,,,,,,,,,
2012-10-26,300ETF,IS,0.0,-0.5041135853364703,-0.0143290744256911,,,,,,,,,,,,,,,,,
2012-10-29,300ETF,IS,0.0,-0.8337272914179843,-0.006064109543127153,,,,,,,,,,,,,,,,,
2012-10-30,300ETF,IS,0.0,0.5453346451260329,-0.0006090001205752328,,,,,,,,,,,,,,,,,
2012-10-31,300ETF,IS,0.0,-0.546695253845414,0.0011843924013438356,,,,,,,,,,,,,,,,,
2012-11-01,300ETF,IS,0.6473091632533421,1.6628362655725117,0.011987404209367692,0.014649120216232058,0.01422131272307617,0.01422131272307617,0.01379332213233577,0.014649120216232058,0.01422131272307617,0.01422131272307617,-0.0004278074931556985,-0.0008557980838962888,-0.00042799059074040066,-0.00042799059074040066,0.0006956110058525166,0.0006834972681935885,1125,0.0008557980838962888,False,-1.0
2012-11-02,300ETF,IS,0.0,0.7814517650278603,0.003851510753886316,,,,,,,,,,,,,,,,,
2012-11-05,300ETF,IS,0.0,0.7805789979367462,0.0002877121544382628,,,,,,,,,,,,,,,,,
2012-11-06,300ETF,IS,0.0,-1.2345672758787478,-0.0023100672192340158,,,,,,,,,,,,,,,,,
2012-11-07,300ETF,IS,0.0,-0.07524577707265069,0.004315963457751494,,,,,,,,,,,,,,,,,
2012-11-08,300ETF,IS,0.0,-0.976885713181223,-0.0034036572840100113,,,,,,,,,,,,,,,,,
2012-11-09,300ETF,IS,0.0,0.6586324363198433,-0.0005802967347978175,,,,,,,,,,,,,,,,,
2012-11-12,300ETF,IS,0.0,1.0998685988849903,0.0007708555610309384,,,,,,,,,,,,,,,,,
2012-11-13,300ETF,IS,0.0,-1.1791802896834047,-0.0063771604332543965,,,,,,,,,,,,,,,,,
2012-11-14,300ETF,IS,0.0,-0.13447529134734576,0.003330082729056852,,,,,,,,,,,,,,,,,
2012-11-15,300ETF,IS,0.0,-1.2572628385430604,-0.00179006067529028,,,,,,,,,,,,,,,,,
2012-11-16,300ETF,IS,0.0,-0.97616454809421,-0.007022158827952499,,,,,,,,,,,,,,,,,
2012-11-19,300ETF,IS,0.0,-1.3489217685313082,-0.0011540613621339626,,,,,,,,,,,,,,,,,
2012-11-20,300ETF,IS,0.0,-0.5867550775264975,-0.005776759171284173,,,,,,,,,,,,,,,,,
2012-11-21,300ETF,IS,0.6735229667273605,1.6767318138053386,0.007018183671055046,-0.007722046093910278,-0.009090971701251963,-0.008178146443892207,0.004965029382628925,-0.007722046093910278,-0.009090971701251963,-0.008178146443892207,-0.0013689256073417322,0.012687075476539203,0.014056001083880887,0.013143175826521133,0.0004917807354871296,0.0003524615867324196,1435,0.0,False,-1.0
2012-11-22,300ETF,IS,0.0,-1.1614173654363669,-0.0016339452468304302,,,,,,,,,,,,,,,,,
2012-11-23,300ETF,IS,0.0,-0.3657895974548144,0.002861321158534991,,,,,,,,,,,,,,,,,
2012-11-26,300ETF,IS,0.0,-0.26594289029636764,-0.0009444240679284333,,,,,,,,,,,,,,,,,
2012-11-27,300ETF,IS,0.0,-0.043340504946803846,-0.005405865482773698,,,,,,,,,,,,,,,,,
2012-11-28,300ETF,IS,0.0,-0.8383469256020968,-0.0025962212759438434,,,,,,,,,,,,,,,,,
2012-11-29,300ETF,IS,0.0,0.9720395414887816,-0.008000968447636581,,,,,,,,,,,,,,,,,
2012-11-30,300ETF,IS,0.0,0.8964193655597446,0.007003008332140881,,,,,,,,,,,,,,,,,
2012-12-03,300ETF,IS,0.0,-0.3480951169803562,-0.01611524773470461,,,,,,,,,,,,,,,,,
2012-12-04,300ETF,IS,0.0,0.27841099685115955,0.010610286945445547,,,,,,,,,,,,,,,,,
2012-12-05,300ETF,IS,0.0,1.2350985772006449,0.026484959797554913,,,,,,,,,,,,,,,,,
2012-12-06,300ETF,IS,0.0,0.18903987283070414,0.00046742926558851906,,,,,,,,,,,,,,,,,
2012-12-07,300ETF,IS,0.0,-0.007030104662720387,0.009505290836517298,,,,,,,,,,,,,,,,,
2012-12-10,300ETF,IS,0.0,1.0176573150559893,0.005396572817765812,,,,,,,,,,,,,,,,,
2012-12-11,300ETF,IS,0.0,-0.8226579484554821,0.0036483585996292534,,,,,,,,,,,,,,,,,
2012-12-12,300ETF,IS,0.0,0.8198340672233784,0.0009480888944819485,,,,,,,,,,,,,,,,,
2012-12-13,300ETF,IS,0.0,-1.473326240785796,-0.005346909602455455,,,,,,,,,,,,,,,,,
2012-12-14,300ETF,IS,0.536732099266529,1.5813128395025977,0.028001248257436603,0.014172451088111729,0.01587675486664492,0.03150537286559354,0.030247247306474195,0.014172451088111729,0.01587675486664492,0.03150537286559354,0.0017043037785330077,0.016074796218362466,0.014370492439829276,-0.0012581255591193434,0.0009395181633990359,0.0010753509261252129,1330,0.0012581255591193434,False,-1.0
2012-12-17,300ETF,IS,0.0,1.3666661463907646,-0.00390752684173227,,,,,,,,,,,,,,,,,
2012-12-18,300ETF,IS,0.0,-0.5054446142615865,0.0023376795200647188,,,,,,,,,,,,,,,,,
2012-12-19,300ETF,IS,0.0,0.3767740142523359,0.006418126279202487,,,,,,,,,,,,,,,,,
2012-12-20,300ETF,IS,0.0,-0.6169038838996829,0.00827327314300773,,,,,,,,,,,,,,,,,
2012-12-21,300ETF,IS,0.0,0.30587604931422496,-0.007083977196614491,,,,,,,,,,,,,,,,,
2012-12-24,300ETF,IS,0.0,1.1887993822441336,-0.003961439391712165,,,,,,,,,,,,,,,,,
2012-12-25,300ETF,IS,0.0,-0.6166580703841069,0.031715133005547166,,,,,,,,,,,,,,,,,
2012-12-26,300ETF,IS,0.0,0.8214121919909572,0.0006153774825353924,,,,,,,,,,,,,,,,,
2012-12-27,300ETF,IS,0.0,0.41256852691418405,-7.876430642414435e-05,,,,,,,,,,,,,,,,,
2012-12-28,300ETF,IS,0.0,0.7266131426087352,0.007077243951235503,,,,,,,,,,,,,,,,,
2012-12-31,300ETF,IS,0.5211624602788532,1.5617190639121623,0.005680744889314835,0.005970166986503975,0.003984069014874513,0.0051762010853272184,0.006763503005899652,0.005970166986503975,0.003984069014874513,0.0051762010853272184,-0.001986097971629403,0.0007933360193956773,0.002779433991025139,0.0015873019205724336,0.0005049158489800191,0.0005558439248438576,1435,0.0,False,-1.0
2013-01-04,300ETF,IS,0.0,0.9496285784430283,-0.007104869077346541,,,,,,,,,,,,,,,,,
2013-01-07,300ETF,IS,0.0,-0.32834440233464274,0.00690197706430746,,,,,,,,,,,,,,,,,
2013-01-08,300ETF,IS,0.0,-0.032538460789092824,3.980088414206491e-05,,,,,,,,,,,,,,,,,
2013-01-09,300ETF,IS,0.0,0.7647078237861445,-0.004094996805573581,,,,,,,,,,,,,,,,,
2013-01-10,300ETF,IS,0.0,0.3053257502420949,-0.005257648369500884,,,,,,,,,,,,,,,,,
2013-01-11,300ETF,IS,0.0,0.2836890605469407,-0.018581131692587,,,,,,,,,,,,,,,,,
2013-01-14,300ETF,IS,0.0,0.966716121876379,0.035738018263168976,,,,,,,,,,,,,,,,,
2013-01-15,300ETF,IS,0.0,0.03787698676222006,0.004914228708242219,,,,,,,,,,,,,,,,,
2013-01-16,300ETF,IS,0.0,-0.251057415656195,-0.0034139085651660223,,,,,,,,,,,,,,,,,
2013-01-17,300ETF,IS,0.0,-0.7105856405802881,-0.007760245289792526,,,,,,,,,,,,,,,,,
2013-01-18,300ETF,IS,0.0,0.7752361401819163,0.008904789028317676,,,,,,,,,,,,,,,,,
2013-01-21,300ETF,IS,0.0,-0.9613016104191314,-0.0013843251470534662,,,,,,,,,,,,,,,,,
2013-01-22,300ETF,IS,0.0,-1.0044048252710205,0.0030657964740314313,,,,,,,,,,,,,,,,,
2013-01-23,300ETF,IS,0.0,0.9170760675491024,-0.0006304983342266921,,,,,,,,,,,,,,,,,
2013-01-24,300ETF,IS,0.0,0.9073961636833012,-0.0159087023359498,,,,,,,,,,,,,,,,,
2013-01-25,300ETF,IS,0.0,0.4770076596423606,-0.000721160178709842,,,,,,,,,,,,,,,,,
2013-01-28,300ETF,IS,1.0,1.904154768836628,0.007944960974358675,0.0011443831117311865,0.0019065782705814474,0.004569695690065268,0.007225739748181416,0.0011443831117311865,0.0019065782705814474,0.004569695690065268,0.0007621951588503767,0.00608135663645023,0.005319161477599969,0.002656044058116148,0.00108785667055944,0.0011713503070386673,1435,0.0,False,-1.0
2013-01-29,300ETF,IS,0.0,0.576525705643947,0.009305345274164826,,,,,,,,,,,,,,,,,
2013-01-30,300ETF,IS,0.0,0.8797106766784948,0.0024588056521072563,,,,,,,,,,,,,,,,,
2013-01-31,300ETF,IS,0.0,0.5978690714683776,0.0004241764204724476,,,,,,,,,,,,,,,,,
2013-02-01,300ETF,IS,0.0,-0.8289653343299175,0.022059597184322936,,,,,,,,,,,,,,,,,
2013-02-04,300ETF,IS,0.0,1.1016730437704738,-0.0005926124310100791,,,,,,,,,,,,,,,,,
2013-02-05,300ETF,IS,0.0,0.607311336083857,0.010665647846981234,,,,,,,,,,,,,,,,,
2013-02-06,300ETF,IS,0.0,0.4106379037360043,0.001432489253969018,,,,,,,,,,,,,,,,,
2013-02-07,300ETF,IS,0.0,-0.13018378192679303,0.003519402682849554,,,,,,,,,,,,,,,,,
2013-02-08,300ETF,IS,0.5368641378962968,1.5814588535478706,0.00309720016613582,-0.0032485139558313327,-0.0021645030095729027,0.0018001805041478473,0.002519346302853308,-0.0032485139558313327,-0.0021645030095729027,0.0018001805041478473,0.0010840109462583103,0.005767860258684641,0.00468384931242621,0.0007191657987054606,0.0005259518984705445,0.0006117134405635727,1435,0.0,False,-1.0
2013-02-18,300ETF,IS,0.0,-0.7558692389726555,-0.00546875342467655,,,,,,,,,,,,,,,,,
2013-02-19,300ETF,IS,0.0,-0.12832486426109144,-0.012497321043645978,,,,,,,,,,,,,,,,,
2013-02-20,300ETF,IS,0.0,-0.11378531491376247,0.005421900011901804,,,,,,,,,,,,,,,,,
2013-02-21,300ETF,IS,-0.7808795079410891,-1.9248517543391557,-0.015342885720892154,0.017133485943609812,0.018286223823418154,0.02059569367208061,0.015598566225526113,0.017133485943609812,0.018286223823418154,0.02059569367208061,0.0011527378798083963,-0.0015349197180836993,-0.002687657597892041,-0.004997127446554499,0.0008067065933162715,0.0007193378310775278,1330,0.004997127446554499,False,-1.0
2013-02-22,300ETF,IS,0.0,0.6503990200306534,-0.003939345999343429,,,,,,,,,,,,,,,,,
2013-02-25,300ETF,IS,0.0,1.1883122340850614,0.00017323165496134602,,,,,,,,,,,,,,,,,
2013-02-26,300ETF,IS,0.0,-0.676684312810815,-0.004267952424562159,,,,,,,,,,,,,,,,,
2013-02-27,300ETF,IS,1.0,1.9726038408206015,-0.0073793998161355585,-0.0073373567258271915,-0.0073373567258271915,-0.0096656464854184,-0.0073373567258271915,-0.0073373567258271915,-0.0073373567258271915,-0.0096656464854184,0.0,0.0,0.0,0.0023282897595912084,0.0011466985227979302,0.0009755064430481873,1125,0.0,False,-1.0
2013-02-28,300ETF,IS,0.0,-0.3733221743255212,0.025690646097303215,,,,,,,,,,,,,,,,,
2013-03-01,300ETF,IS,0.0,0.2620673750124917,-0.0021955554378542365,,,,,,,,,,,,,,,,,
2013-03-04,300ETF,IS,0.0,-1.6224585891469476,-0.0283602268945345,,,,,,,,,,,,,,,,,
2013-03-05,300ETF,IS,0.0,0.9204520217031302,0.02555909671384251,,,,,,,,,,,,,,,,,
2013-03-06,300ETF,IS,0.0,-0.23186046691309997,0.006531235808296496,,,,,,,,,,,,,,,,,
2013-03-07,300ETF,IS,0.0,-0.6434368743739259,-0.007570905930845223,,,,,,,,,,,,,,,,,
2013-03-08,300ETF,IS,0.0,-0.22422902880115764,-0.0015982823246214748,,,,,,,,,,,,,,,,,
2013-03-11,300ETF,IS,-0.556188498166351,-1.8005680350307351,0.0050736427047081015,-0.006585342411839189,-0.003878980814096356,-0.005426369904284965,-0.006199167469793565,-0.006585342411839189,-0.003878980814096356,-0.005426369904284965,0.0027063615977428027,0.00038617494204562335,-0.0023201866556972093,-0.0007727975655086004,0.0008953459229979059,0.0010343795955611624,1305,0.0023201866556972093,False,-1.0
2013-03-12,300ETF,IS,0.0,0.03115903737017727,-0.022298546949694954,,,,,,,,,,,,,,,,,
2013-03-13,300ETF,IS,0.0,-1.010017689629072,-0.003989613453426449,,,,,,,,,,,,,,,,,
2013-03-14,300ETF,IS,0.0,0.8149797700450542,-0.0011945403003170206,,,,,,,,,,,,,,,,,
2013-03-15,300ETF,IS,0.0,-0.6748230803919626,0.01565944057328154,,,,,,,,,,,,,,,,,
2013-03-18,300ETF,IS,0.0,0.23466262726661288,-0.011901611748769188,,,,,,,,,,,,,,,,,
2013-03-19,300ETF,IS,0.0,0.9554725569575181,0.0011364118634722396,,,,,,,,,,,,,,,,,
2013-03-20,300ETF,IS,0.9649330853714693,1.7892887059096232,0.01634743823819177,0.017081160638060342,0.010903534814103309,0.012064750350045032,0.016311041231496164,0.017081160638060342,0.010903534814103309,0.012064750350045032,-0.0061776258239571,-0.0007701194065641778,0.005407506417392856,0.004246290881451132,0.0011054414101417435,0.001270976777345348,1125,0.0007701194065641778,False,-1.0
2013-03-21,300ETF,IS,0.0,-0.04013193739892824,-0.007211387884055094,,,,,,,,,,,,,,,,,
2013-03-22,300ETF,IS,0.0,0.4723366073061676,0.0037051546389161557,,,,,,,,,,,,,,,,,
2013-03-25,300ETF,IS,0.0,1.1042221532892476,-0.0021422997590723066,,,,,,,,,,,,,,,,,
2013-03-26,300ETF,IS,0.0,-0.5230777116517282,0.0003085821527545967,,,,,,,,,,,,,,,,,
2013-03-27,300ETF,IS,0.6399453928111397,1.6587141162783108,-0.005878525431248976,-0.004262746233966155,-0.004651171175730844,-0.001935359613188851,-0.006595562221919167,-0.004262746233966155,-0.004651171175730844,-0.001935359613188851,-0.0003884249417646763,-0.002332815987953012,-0.0019443910461883233,-0.004660202608730317,0.0009410980443966356,0.0010154226644963447,1330,0.004660202608730317,False,-1.0
2013-03-28,300ETF,IS,-0.7661417935706222,-1.9188733031749463,-0.005364739994925059,0.0035921012482104477,0.0027927406940552644,0.00479234144030638,0.004392101290877028,0.0035921012482104477,0.0027927406940552644,0.00479234144030638,-0.0007993605541551843,0.0008000000426665803,0.0015993605968217636,-0.0004002401494293522,0.0007340506716771993,0.0007452009996913798,1330,0.0004002401494293522,False,-1.0
2013-03-29,300ETF,IS,0.0,-0.22389738099460213,0.0014303616950478988,,,,,,,,,,,,,,,,,
2013-04-01,300ETF,IS,0.0,1.0190008516862887,0.0007266171560733911,,,,,,,,,,,,,,,,,
2013-04-02,300ETF,IS,0.0,1.0300143401332131,-0.01528319333505345,,,,,,,,,,,,,,,,,
2013-04-03,300ETF,IS,0.0,0.9498545575830731,-0.006636947171296084,,,,,,,,,,,,,,,,,
2013-04-08,300ETF,IS,0.0,-1.4950611865901895,0.01070169658106849,,,,,,,,,,,,,,,,,
2013-04-09,300ETF,IS,0.0,0.9295112685493304,0.0017671319740527188,,,,,,,,,,,,,,,,,
2013-04-10,300ETF,IS,0.0,0.3465632737145677,-0.002928070197976302,,,,,,,,,,,,,,,,,
2013-04-11,300ETF,IS,0.0,0.6911269440505007,-0.007163314099867216,,,,,,,,,,,,,,,,,
2013-04-12,300ETF,IS,0.0,0.5167279670960484,-0.01042139674980692,,,,,,,,,,,,,,,,,
2013-04-15,300ETF,IS,0.0,-0.6244570883290048,-0.0030541409076881043,,,,,,,,,,,,,,,,,
2013-04-16,300ETF,IS,0.0,-0.16294429062002433,0.01106248372187346,,,,,,,,,,,,,,,,,
2013-04-17,300ETF,IS,0.0,-0.3530905609001932,-0.0006544312291776982,,,,,,,,,,,,,,,,,
2013-04-18,300ETF,IS,0.0,-0.45042508250743835,0.005393481889058498,,,,,,,,,,,,,,,,,
2013-04-19,300ETF,IS,1.0,1.9164959855897534,0.016543827168925978,0.002396167280674406,0.006774283726673393,0.008758017763438718,0.01586705244254504,0.002396167280674406,0.006774283726673393,0.008758017763438718,0.004378116445998856,0.013470885161870633,0.009092768715871644,0.00710903467910632,0.0008057431768265931,0.0009712437711919573,1435,0.0,False,-1.0
2013-04-22,300ETF,IS,0.0,0.39172282112431805,-0.0004260232498751927,,,,,,,,,,,,,,,,,
2013-04-23,300ETF,IS,0.0,-1.4915147559806157,-0.009934259717175065,,,,,,,,,,,,,,,,,
2013-04-24,300ETF,IS,0.0,0.5532430385685023,0.015291821478574441,,,,,,,,,,,,,,,,,
2013-04-25,300ETF,IS,0.0,-0.9873838518970904,0.0019478872561069886,,,,,,,,,,,,,,,,,
2013-04-26,300ETF,IS,0.0,-0.26162064725173784,-0.010150433016244489,,,,,,,,,,,,,,,,,
2013-05-02,300ETF,IS,0.0,-1.0991361918678857,0.002805052078452364,,,,,,,,,,,,,,,,,
2013-05-03,300ETF,IS,0.5443790312349239,1.589376874091044,0.00030627299921121844,0.004805776169593863,0.006402582896113063,0.004006415615438579,-0.0012050614031104316,0.004805776169593863,0.006402582896113063,0.004006415615438579,0.0015968067265191422,-0.006010837572704294,-0.007607644299223494,-0.00521147701854901,0.001062973803086669,0.0010561117932483379,1305,0.007607644299223494,False,-1.0
2013-05-06,300ETF,IS,0.0,0.9430095245058235,0.010434496226667108,,,,,,,,,,,,,,,,,
2013-05-07,300ETF,IS,0.0,-0.09862039700631012,0.004498992965645537,,,,,,,,,,,,,,,,,
2013-05-08,300ETF,IS,0.0,1.4541711863240174,-0.009297643264846727,,,,,,,,,,,,,,,,,
2013-05-09,300ETF,IS,0.0,-1.2364853142497818,-0.00757756402420484,,,,,,,,,,,,,,,,,
2013-05-10,300ETF,IS,0.0,0.8829967919635551,-0.004357994885360137,,,,,,,,,,,,,,,,,
2013-05-13,300ETF,IS,0.0,0.039086073209878655,-0.002835117083396183,,,,,,,,,,,,,,,,,
2013-05-14,300ETF,IS,0.0,-1.104789991957852,-0.005356615443227506,,,,,,,,,,,,,,,,,
2013-05-15,300ETF,IS,0.0,0.6491267729224589,-0.0005885883513632599,,,,,,,,,,,,,,,,,
2013-05-16,300ETF,IS,0.0,-1.0125245583984726,0.012646118360390703,,,,,,,,,,,,,,,,,
2013-05-17,300ETF,IS,0.0,0.7572435106194754,0.012053365042033456,,,,,,,,,,,,,,,,,
2013-05-20,300ETF,IS,0.0,-0.18726003423864648,0.009893607128102668,,,,,,,,,,,,,,,,,
2013-05-21,300ETF,IS,0.0,-0.05125542854788551,-0.002662901099488088,,,,,,,,,,,,,,,,,
2013-05-22,300ETF,IS,0.0,0.23630047826494202,-0.001793603068765317,,,,,,,,,,,,,,,,,
2013-05-23,300ETF,IS,0.0,0.08020615539811678,-0.009125640378564047,,,,,,,,,,,,,,,,,
2013-05-24,300ETF,IS,0.0,1.0765773478495393,0.00019980046967606963,,,,,,,,,,,,,,,,,
2013-05-27,300ETF,IS,0.0,-0.0057696409511952835,-0.002918462022612424,,,,,,,,,,,,,,,,,
2013-05-28,300ETF,IS,0.0,-0.5562410514550111,0.016613888134878525,,,,,,,,,,,,,,,,,
2013-05-29,300ETF,IS,0.0,0.36075215485967577,-0.0010302586996306638,,,,,,,,,,,,,,,,,
2013-05-30,300ETF,IS,0.0,0.736699074648571,-0.0016748091734199919,,,,,,,,,,,,,,,,,
2013-05-31,300ETF,IS,0.0,0.5355169417477251,-0.007814361934702061,,,,,,,,,,,,,,,,,
2013-06-03,300ETF,IS,0.0,0.9877110572275749,-0.001437800390396317,,,,,,,,,,,,,,,,,
2013-06-04,300ETF,IS,0.0,-1.3760181197129022,-0.0075628463460755265,,,,,,,,,,,,,,,,,
2013-06-05,300ETF,IS,0.0,0.07663181089796002,-0.001534525157063726,,,,,,,,,,,,,,,,,
2013-06-06,300ETF,IS,0.0,-0.3470302976084912,-0.008610464131914538,,,,,,,,,,,,,,,,,
2013-06-07,300ETF,IS,0.0,0.6076089837799233,-0.022036804079281977,,,,,,,,,,,,,,,,,
2013-06-13,300ETF,IS,-0.7150497012206923,-1.8967458925104272,0.002637925382521766,-0.0016604403980990355,-0.002075120064003976,0.00041554124844769255,-0.004145942920411014,-0.0016604403980990355,-0.002075120064003976,0.00041554124844769255,-0.0004146796659050597,-0.002485502522311978,-0.0020708228564070377,-0.004561484168858706,0.0006066786592157271,0.0006359317520961676,1330,0.004561484168858706,False,-1.0
2013-06-14,300ETF,IS,0.0,-0.34237428908320283,0.004904818665567625,,,,,,,,,,,,,,,,,
2013-06-17,300ETF,IS,0.0,-0.827884049658274,0.0004450060597582055,,,,,,,,,,,,,,,,,
2013-06-18,300ETF,IS,0.0,0.08295807284362015,-0.0024874000459843134,,,,,,,,,,,,,,,,,
2013-06-19,300ETF,IS,0.0,-1.6296760785173545,0.0046488476663171675,,,,,,,,,,,,,,,,,
2013-06-20,300ETF,IS,0.0,-1.031804542975306,-0.01993237579101569,,,,,,,,,,,,,,,,,
2013-06-21,300ETF,IS,0.0,-1.330066015013663,0.0109762426162431,,,,,,,,,,,,,,,,,
2013-06-24,300ETF,IS,0.0,-1.690710743246505,-0.03163819005572936,,,,,,,,,,,,,,,,,
2013-06-25,300ETF,IS,0.0,-0.40943258623210904,-0.00387930480909678,,,,,,,,,,,,,,,,,
2013-06-26,300ETF,IS,0.0,-0.831794427645928,-0.004931622486712201,,,,,,,,,,,,,,,,,
2013-06-27,300ETF,IS,0.5603241450584605,1.6042033881911855,-0.005176431727524053,0.0009099181701508606,-0.0004552697551889003,-0.0022784243167039897,-0.0031912495740637455,0.0009099181701508606,-0.0004552697551889003,-0.0022784243167039897,-0.0013651879253397477,-0.004101167744214606,-0.002735979818874845,-0.0009128252573597558,0.001025547869768195,0.0012206879872381107,1125,0.004101167744214606,False,-1.0
2013-06-28,300ETF,IS,0.0,0.8896874599416179,0.0057865417557672735,,,,,,,,,,,,,,,,,
2013-07-01,300ETF,IS,0.0,0.43118328441926224,0.006995961962358165,,,,,,,,,,,,,,,,,
2013-07-02,300ETF,IS,0.0,-0.48696608375764683,0.006317622766572654,,,,,,,,,,,,,,,,,
2013-07-03,300ETF,IS,0.0,-1.4357113364551544,0.0007482623895795551,,,,,,,,,,,,,,,,,
2013-07-04,300ETF,IS,0.0,-0.33407954673761703,0.021768472046617287,,,,,,,,,,,,,,,,,
2013-07-05,300ETF,IS,0.0,1.4746877731064727,-0.0008432915563777398,,,,,,,,,,,,,,,,,
2013-07-08,300ETF,IS,0.0,-1.6967653745853293,-0.0009407018034096006,,,,,,,,,,,,,,,,,
2013-07-09,300ETF,IS,0.0,0.9278720278913666,-0.001108790387327573,,,,,,,,,,,,,,,,,
2013-07-10,300ETF,IS,0.0,0.45176403699658363,0.015213446846942298,,,,,,,,,,,,,,,,,
2013-07-11,300ETF,IS,0.8350634749096711,1.745583846137609,0.03233803852303163,0.015557790030925943,0.020690393257446246,0.02960954348657647,0.034670709920736904,0.015557790030925943,0.020690393257446246,0.02960954348657647,0.005132603226520216,0.01911291988981096,0.013980316663290658,0.005061166434160436,0.0012446580747499947,0.0013479400294684467,1435,0.0,False,-1.0
2013-07-12,300ETF,IS,0.0,0.19162068561201437,-0.014601763926559262,,,,,,,,,,,,,,,,,
2013-07-15,300ETF,IS,0.0,1.273356035461729,0.004860069157004093,,,,,,,,,,,,,,,,,
2013-07-16,300ETF,IS,0.0,0.06477864259584819,0.005436636627827242,,,,,,,,,,,,,,,,,
2013-07-17,300ETF,IS,0.0,-1.4304059703855445,-0.004125000714062841,,,,,,,,,,,,,,,,,
2013-07-18,300ETF,IS,0.0,-0.4194139543518974,-0.001991816614722055,,,,,,,,,,,,,,,,,
2013-07-19,300ETF,IS,0.0,0.5026738915216328,-0.016452712769119863,,,,,,,,,,,,,,,,,
2013-07-22,300ETF,IS,0.0,-0.041378585147613264,0.007428022281599399,,,,,,,,,,,,,,,,,
2013-07-23,300ETF,IS,0.0,1.0211640246341567,0.004699722422063773,,,,,,,,,,,,,,,,,
2013-07-24,300ETF,IS,0.0,0.15914159078966159,-0.0019891273551001522,,,,,,,,,,,,,,,,,
2013-07-25,300ETF,IS,0.0,0.2264626717472584,0.003701560163226025,,,,,,,,,,,,,,,,,
2013-07-26,300ETF,IS,0.0,-0.6440448575553782,-0.004103939441272579,,,,,,,,,,,,,,,,,
2013-07-29,300ETF,IS,0.0,-1.6883148840288937,-0.007636863940437985,,,,,,,,,,,,,,,,,
2013-07-30,300ETF,IS,0.0,0.6783948076832256,0.006392624848761856,,,,,,,,,,,,,,,,,
2013-07-31,300ETF,IS,0.0,0.9879286744938705,-0.015266034186789545,,,,,,,,,,,,,,,,,
2013-08-01,300ETF,IS,0.0,0.4512354876063156,-0.002029900254760744,,,,,,,,,,,,,,,,,
2013-08-02,300ETF,IS,0.0,1.1557276474960296,-0.002521263261098769,,,,,,,,,,,,,,,,,
2013-08-05,300ETF,IS,0.0,-0.015568111769406895,0.011580307480392354,,,,,,,,,,,,,,,,,
2013-08-06,300ETF,IS,0.0,-0.862782483147482,0.015102896777431969,,,,,,,,,,,,,,,,,
2013-08-07,300ETF,IS,0.0,1.3740619580128313,-0.0022457771378273494,,,,,,,,,,,,,,,,,
2013-08-08,300ETF,IS,0.0,0.3670888024481326,-0.0012189980484847008,,,,,,,,,,,,,,,,,
2013-08-09,300ETF,IS,0.0,0.4271713886029317,0.001694288013796555,,,,,,,,,,,,,,,,,
2013-08-12,300ETF,IS,0.0,0.8348343239201625,0.012286658272159816,,,,,,,,,,,,,,,,,
2013-08-13,300ETF,IS,0.0,-0.04483588938786994,-0.0008389103823307325,,,,,,,,,,,,,,,,,
2013-08-14,300ETF,IS,0.0,1.067537486226748,-0.011408658126817618,,,,,,,,,,,,,,,,,
2013-08-15,300ETF,IS,0.0,0.5174254476888343,-0.007215645372227214,,,,,,,,,,,,,,,,,
2013-08-16,300ETF,IS,0.0,0.6095170705562566,0.007313364681325359,,,,,,,,,,,,,,,,,
2013-08-19,300ETF,IS,0.0,0.5621995847826131,0.009383708294021473,,,,,,,,,,,,,,,,,
2013-08-20,300ETF,IS,0.0,1.0381698882210992,-0.014296651662088091,,,,,,,,,,,,,,,,,
2013-08-21,300ETF,IS,0.0,-0.9637328413797247,-0.0010128821922436352,,,,,,,,,,,,,,,,,
2013-08-22,300ETF,IS,0.0,0.8245238063493961,-0.008553184937011042,,,,,,,,,,,,,,,,,
2013-08-23,300ETF,IS,0.0,0.5860515053020244,-0.014933821614305115,,,,,,,,,,,,,,,,,
2013-08-26,300ETF,IS,0.0,-0.3512406273598474,0.015620987181332745,,,,,,,,,,,,,,,,,
2013-08-27,300ETF,IS,0.0,0.3233295906488672,-0.003684682298504048,,,,,,,,,,,,,,,,,
2013-08-28,300ETF,IS,0.0,-0.5908308469206511,0.00884094761676897,,,,,,,,,,,,,,,,,
2013-08-29,300ETF,IS,0.0,-0.4607951732891157,-0.002831412528071902,,,,,,,,,,,,,,,,,
2013-08-30,300ETF,IS,0.0,-0.8849820034730989,-0.0021366937764539656,,,,,,,,,,,,,,,,,
2013-09-02,300ETF,IS,0.0,-0.032184660986486716,0.0007746479715979272,,,,,,,,,,,,,,,,,
2013-09-03,300ETF,IS,0.0,-0.4463723155576292,0.00646009110833533,,,,,,,,,,,,,,,,,
2013-09-04,300ETF,IS,0.0,0.6747010815138628,-0.002487674542982697,,,,,,,,,,,,,,,,,
2013-09-05,300ETF,IS,0.0,-0.895036561774775,0.0004591921326465393,,,,,,,,,,,,,,,,,
2013-09-06,300ETF,IS,0.0,1.2931730613003856,0.00610946799247151,,,,,,,,,,,,,,,,,
2013-09-09,300ETF,IS,0.0,0.9074569613132677,0.019351926476302662,,,,,,,,,,,,,,,,,
2013-09-10,300ETF,IS,0.0,-0.5497365087141258,0.003038697779336858,,,,,,,,,,,,,,,,,
2013-09-11,300ETF,IS,0.0,0.45787100337440995,-0.005919411571555897,,,,,,,,,,,,,,,,,
2013-09-12,300ETF,IS,0.0,-0.39786472568057063,0.020172170264797694,,,,,,,,,,,,,,,,,
2013-09-13,300ETF,IS,0.0,-0.02921870489451522,-0.0026738283245604177,,,,,,,,,,,,,,,,,
2013-09-16,300ETF,IS,0.0,-0.9682078630448134,-0.0067903476055509,,,,,,,,,,,,,,,,,
2013-09-17,300ETF,IS,0.0,-1.2946726708067953,-0.013558546096859738,,,,,,,,,,,,,,,,,
2013-09-18,300ETF,IS,0.0,0.9450715159828207,0.004265499869404613,,,,,,,,,,,,,,,,,
2013-09-23,300ETF,IS,0.0,0.6602745145308663,0.006375661186691231,,,,,,,,,,,,,,,,,
2013-09-24,300ETF,IS,0.0,-1.3740308921676172,-0.0019710348101321207,,,,,,,,,,,,,,,,,
2013-09-25,300ETF,IS,0.0,-0.8239772081563278,-0.008627619990297326,,,,,,,,,,,,,,,,,
2013-09-26,300ETF,IS,0.0,-1.1486812505706203,-0.00413335868450031,,,,,,,,,,,,,,,,,
2013-09-27,300ETF,IS,0.0,1.2928095440017655,-0.0015491785840333475,,,,,,,,,,,,,,,,,
2013-09-30,300ETF,IS,0.0,0.7586805976761282,-0.00048006883295154113,,,,,,,,,,,,,,,,,
2013-10-08,300ETF,IS,-0.5082921352489785,-1.738633979148104,0.014071248032262567,-0.01053494346318,-0.014557475033559478,-0.014958839678722717,-0.017363650456902194,-0.01053494346318,-0.014557475033559478,-0.014958839678722717,-0.004022531570379467,-0.006828706993722195,-0.002806175423342716,-0.0024048107781794777,0.0006227130688656779,0.0006497879893755008,1125,0.006828706993722195,False,-1.0
2013-10-09,300ETF,IS,0.0,-0.04777135410541841,-0.0020467716780096534,,,,,,,,,,,,,,,,,
2013-10-10,300ETF,IS,0.0,-1.316003949306915,-0.006813903698239817,,,,,,,,,,,,,,,,,
2013-10-11,300ETF,IS,0.0,0.21390749783740345,0.0027079156837263945,,,,,,,,,,,,,,,,,
2013-10-14,300ETF,IS,0.0,-0.8044949914414147,0.001563243537752689,,,,,,,,,,,,,,,,,
2013-10-15,300ETF,IS,0.0,-0.5382860706122555,-0.00469056837169241,,,,,,,,,,,,,,,,,
2013-10-16,300ETF,IS,0.0,-1.22722316287564,-0.00788516825009801,,,,,,,,,,,,,,,,,
2013-10-17,300ETF,IS,0.0,0.5775542393471347,-0.006758745307372826,,,,,,,,,,,,,,,,,
2013-10-18,300ETF,IS,0.0,-0.01703646350298773,0.0021884543415059106,,,,,,,,,,,,,,,,,
2013-10-21,300ETF,IS,0.0,-0.437531792125664,0.01758888543929694,,,,,,,,,,,,,,,,,
2013-10-22,300ETF,IS,0.0,-1.1532564813111588,-0.008978156354356661,,,,,,,,,,,,,,,,,
2013-10-23,300ETF,IS,0.0,0.0551948458354255,-0.022133518876186205,,,,,,,,,,,,,,,,,
2013-10-24,300ETF,IS,0.0,-1.2362854328034094,-0.0030307590808166126,,,,,,,,,,,,,,,,,
2013-10-25,300ETF,IS,0.0,1.0526701805473073,-0.020142929836183276,,,,,,,,,,,,,,,,,
2013-10-28,300ETF,IS,0.0,-0.527438968709331,0.0023916485049449506,,,,,,,,,,,,,,,,,
2013-10-29,300ETF,IS,0.0,1.432037560766677,-0.014021518083637512,,,,,,,,,,,,,,,,,
2013-10-30,300ETF,IS,0.0,-0.15065399513167857,0.006891224557792894,,,,,,,,,,,,,,,,,
2013-10-31,300ETF,IS,0.0,-1.256451811811383,-0.00398484001501941,,,,,,,,,,,,,,,,,
2013-11-01,300ETF,IS,0.0,-0.2776827851447592,0.0012120064472732153,,,,,,,,,,,,,,,,,
2013-11-04,300ETF,IS,0.0,0.49924713146766686,-0.008335072252124235,,,,,,,,,,,,,,,,,
2013-11-05,300ETF,IS,0.0,-1.5837264296075098,0.013017027998154438,,,,,,,,,,,,,,,,,
2013-11-06,300ETF,IS,0.0,-0.32510852833039544,-0.007392570572720727,,,,,,,,,,,,,,,,,
2013-11-07,300ETF,IS,0.0,-0.45900712966708695,-0.00010493895633750989,,,,,,,,,,,,,,,,,
2013-11-08,300ETF,IS,0.0,0.5765607802758126,-0.012322209687385306,,,,,,,,,,,,,,,,,
2013-11-11,300ETF,IS,0.0,0.007644129352232134,0.008563345160809088,,,,,,,,,,,,,,,,,
2013-11-12,300ETF,IS,0.0,1.4423532296383943,0.0008672513490833225,,,,,,,,,,,,,,,,,
2013-11-13,300ETF,IS,0.0,-1.5268185852164413,-0.007660388825663033,,,,,,,,,,,,,,,,,
2013-11-14,300ETF,IS,0.0,0.4856547493504747,0.008583552559507348,,,,,,,,,,,,,,,,,
2013-11-15,300ETF,IS,1.0,1.8258193061071477,0.01002508130714393,0.02124637303525385,0.018770102681990468,0.015458841378334342,0.01213657918635659,0.02124637303525385,0.018770102681990468,0.015458841378334342,-0.0024762703532634008,-0.009109793848897261,-0.006633523495633878,-0.0033222621919777526,0.0009618524663787072,0.0010806301205364842,1125,0.009109793848897261,False,-1.0
2013-11-18,300ETF,IS,0.0,0.15746158273007205,0.017291757116859676,,,,,,,,,,,,,,,,,
2013-11-19,300ETF,IS,0.0,-1.1510424217595105,-0.004594854081224355,,,,,,,,,,,,,,,,,
2013-11-20,300ETF,IS,0.0,-0.18108480968451213,0.0005053796109019788,,,,,,,,,,,,,,,,,
2013-11-21,300ETF,IS,0.0,-1.3541539029760103,0.0015247283449035805,,,,,,,,,,,,,,,,,
2013-11-22,300ETF,IS,0.0,-0.5925113107131239,-0.00708181070993766,,,,,,,,,,,,,,,,,
2013-11-25,300ETF,IS,0.0,-0.20956233668521212,0.003910967293137584,,,,,,,,,,,,,,,,,
2013-11-26,300ETF,IS,0.0,0.8089456198733027,0.0012443065163125087,,,,,,,,,,,,,,,,,
2013-11-27,300ETF,IS,0.0,0.9181309429903803,0.007840323683024002,,,,,,,,,,,,,,,,,
2013-11-28,300ETF,IS,0.0,0.6636041696908083,0.005245966990486332,,,,,,,,,,,,,,,,,
2013-11-29,300ETF,IS,0.0,-0.9095325752032858,-5.121702930468515e-05,,,,,,,,,,,,,,,,,
2013-12-02,300ETF,IS,0.0,0.44445347882692754,-0.01110948167283512,,,,,,,,,,,,,,,,,
2013-12-03,300ETF,IS,0.0,0.3952085549571508,0.013931313827579773,,,,,,,,,,,,,,,,,
2013-12-04,300ETF,IS,0.0,0.760260204958301,0.008282541664950021,,,,,,,,,,,,,,,,,
2013-12-05,300ETF,IS,0.0,-0.30503251292292133,-0.0006098231863557194,,,,,,,,,,,,,,,,,
2013-12-06,300ETF,IS,0.0,0.27830517449136694,-0.005431235180440641,,,,,,,,,,,,,,,,,
2013-12-09,300ETF,IS,0.0,0.8771869522456371,-0.003777645229219773,,,,,,,,,,,,,,,,,
2013-12-10,300ETF,IS,0.0,1.1773272655267204,-0.005022402547137218,,,,,,,,,,,,,,,,,
2013-12-11,300ETF,IS,0.0,-1.1285389700283293,-0.0072064685468966,,,,,,,,,,,,,,,,,
2013-12-12,300ETF,IS,0.0,0.6822008270296556,-0.001928318206674292,,,,,,,,,,,,,,,,,
2013-12-13,300ETF,IS,0.0,0.28224220497596986,0.0018468591721255113,,,,,,,,,,,,,,,,,
2013-12-16,300ETF,IS,0.0,-0.7224297352025002,-0.010468585224508498,,,,,,,,,,,,,,,,,
2013-12-17,300ETF,IS,0.0,-0.4962954502136279,-0.003145352662939823,,,,,,,,,,,,,,,,,
2013-12-18,300ETF,IS,0.0,0.22768616987412948,-0.0001447843151440582,,,,,,,,,,,,,,,,,
2013-12-19,300ETF,IS,0.0,0.4918088014950148,-0.008546809708081806,,,,,,,,,,,,,,,,,
2013-12-20,300ETF,IS,0.0,-0.33998539920432636,-0.020475759957594056,,,,,,,,,,,,,,,,,
2013-12-23,300ETF,IS,0.0,-0.7864537946315406,0.0076772545649756675,,,,,,,,,,,,,,,,,
2013-12-24,300ETF,IS,0.0,0.2252203201889901,-0.005095792686754194,,,,,,,,,,,,,,,,,
2013-12-25,300ETF,IS,0.0,-0.16987961104365368,0.0005060050616944123,,,,,,,,,,,,,,,,,
2013-12-26,300ETF,IS,0.0,-1.1925039582687509,-0.009171268203560177,,,,,,,,,,,,,,,,,
2013-12-27,300ETF,IS,0.0,1.343659774614739,0.011673030607940666,,,,,,,,,,,,,,,,,
2013-12-30,300ETF,IS,0.0,-0.6050338486981068,-0.0009899042302517265,,,,,,,,,,,,,,,,,
2013-12-31,300ETF,IS,0.0,1.1303399452739276,0.009114995842702943,,,,,,,,,,,,,,,,,
2014-01-02,300ETF,IS,0.0,-0.316558278840558,0.0009188016629211577,,,,,,,,,,,,,,,,,
2014-01-03,300ETF,IS,0.0,-0.9406619887672515,-0.007911594692661967,,,,,,,,,,,,,,,,,
2014-01-06,300ETF,IS,-0.9686929238561701,-1.9904560660308381,-0.005404586800927215,0.007415519259465249,0.006977786707060834,0.0056657375356775315,0.007415519259465249,0.007415519259465249,0.006977786707060834,0.0056657375356775315,-0.0004377325524044827,0.0,0.0004377325524044153,0.0017497817237877179,0.000749512589357296,0.0009028843673784929,1125,0.0,False,-1.0
2014-01-07,300ETF,IS,0.0,0.3498551492775502,0.0026546762851133903,,,,,,,,,,,,,,,,,
2014-01-08,300ETF,IS,0.0,0.509377957917668,-0.006463376626061466,,,,,,,,,,,,,,,,,
2014-01-09,300ETF,IS,0.0,0.8920510038715809,-0.0070817068182157765,,,,,,,,,,,,,,,,,
2014-01-10,300ETF,IS,0.0,-0.12054015981559599,-0.00241451145464579,,,,,,,,,,,,,,,,,
2014-01-13,300ETF,IS,0.0,0.6098913462896399,-0.012127346654496239,,,,,,,,,,,,,,,,,
2014-01-14,300ETF,IS,0.0,-0.06426318350750908,0.008191366279777982,,,,,,,,,,,,,,,,,
2014-01-15,300ETF,IS,0.0,0.22684592783585422,-0.0021167030941005244,,,,,,,,,,,,,,,,,
2014-01-16,300ETF,IS,0.0,-1.2456851265041555,0.00287638484823288,,,,,,,,,,,,,,,,,
2014-01-17,300ETF,IS,0.0,-0.6209320594916286,-0.006038360032217152,,,,,,,,,,,,,,,,,
2014-01-20,300ETF,IS,0.0,-0.09089583137601454,-0.0028771407457538057,,,,,,,,,,,,,,,,,
2014-01-21,300ETF,IS,1.0,1.8511966913918998,-0.003746553403120465,-0.002751033371889982,-0.0009161704717796407,0.000915331871688206,-0.0004579803148518753,-0.002751033371889982,-0.0009161704717796407,0.000915331871688206,0.00183486290011044,0.0022930530570381066,0.00045819015692776546,-0.0013733121865400814,0.0007210945863317695,0.0008459689121902891,1330,0.0013733121865400814,False,-1.0
2014-01-22,300ETF,IS,0.0,0.5294706907054767,0.01624888655888203,,,,,,,,,,,,,,,,,
2014-01-23,300ETF,IS,0.0,0.2600344435981937,-0.00032539364213503177,,,,,,,,,,,,,,,,,
2014-01-24,300ETF,IS,0.0,0.6527018704390497,0.003542508069241143,,,,,,,,,,,,,,,,,
2014-01-27,300ETF,IS,0.0,-1.3341057590703593,-0.0005031573567463482,,,,,,,,,,,,,,,,,
2014-01-28,300ETF,IS,0.0,1.4290470751365518,0.0008087733647492057,,,,,,,,,,,,,,,,,
2014-01-29,300ETF,IS,0.0,0.07752339952387402,0.00033545526690807026,,,,,,,,,,,,,,,,,
2014-01-30,300ETF,IS,0.0,-1.25072594384178,-0.00747910840987158,,,,,,,,,,,,,,,,,
2014-02-07,300ETF,IS,0.0,-1.1610500711694645,0.009680866678131192,,,,,,,,,,,,,,,,,
2014-02-10,300ETF,IS,1.0,2.0170236225676557,0.011037622516523824,0.007577482211911731,0.008021433384575305,0.007133333859063055,0.014216143459859826,0.007577482211911731,0.008021433384575305,0.007133333859063055,0.00044395117266353694,0.006638661247948095,0.006194710075284521,0.0070828096007967715,0.0006181416420760799,0.0007378402527651413,1435,0.0,False,-1.0
2014-02-11,300ETF,IS,0.0,-0.8275072988731927,0.009016755547985485,,,,,,,,,,,,,,,,,
2014-02-12,300ETF,IS,0.0,0.5007985426544935,0.0018487063777379278,,,,,,,,,,,,,,,,,
2014-02-13,300ETF,IS,0.0,-0.6621654217177401,0.002441469992679541,,,,,,,,,,,,,,,,,
2014-02-14,300ETF,IS,0.0,1.0298810358282524,0.003996171554863987,,,,,,,,,,,,,,,,,
2014-02-17,300ETF,IS,0.0,-0.5303736869650117,0.0017059732590875372,,,,,,,,,,,,,,,,,
2014-02-18,300ETF,IS,0.0,-1.6038740916872245,-0.007194936031415602,,,,,,,,,,,,,,,,,
2014-02-19,300ETF,IS,0.0,0.3744538479113836,0.006654369653639638,,,,,,,,,,,,,,,,,
2014-02-20,300ETF,IS,0.5558892813428933,1.6002999034980632,-0.007482534152563362,-0.0017346058122083075,-0.0030375375926241653,-0.0013006721972411651,-0.0065203447700855725,-0.0017346058122083075,-0.0030375375926241653,-0.0013006721972411651,-0.0013029317804157947,-0.004785738957877265,-0.003482807177461407,-0.005219672572844407,0.00048237311760889135,0.0005759386493814867,1330,0.005219672572844407,False,-1.0
2014-02-21,300ETF,IS,0.0,-0.0610197726192772,-0.009695849910967653,,,,,,,,,,,,,,,,,
2014-02-24,300ETF,IS,-0.9958708389835093,-1.998758683584313,-0.0020312152616738695,0.00498980395703741,0.003626477229173215,0.0031724477094554767,0.001811594698350714,0.00498980395703741,0.003626477229173215,0.0031724477094554767,-0.0013633267278641253,-0.0031782092586866966,-0.001814882530822501,-0.0013608530111047627,0.0006538426011076743,0.0006113113515456419,1125,0.0031782092586866966,False,-1.0
2014-02-25,300ETF,IS,0.0,0.7597431537165652,-0.024203478216302112,,,,,,,,,,,,,,,,,
2014-02-26,300ETF,IS,0.0,-0.35763776533776637,-0.00018957900971078656,,,,,,,,,,,,,,,,,
2014-02-27,300ETF,IS,0.0,-1.1430743293781187,-0.002942256561393843,,,,,,,,,,,,,,,,,
2014-02-28,300ETF,IS,0.0,0.3481359124858389,0.007190977485692336,,,,,,,,,,,,,,,,,
2014-03-03,300ETF,IS,0.0,0.08964626636291911,0.0029160296908147536,,,,,,,,,,,,,,,,,
2014-03-04,300ETF,IS,0.0,-1.3067454580569846,0.0030689261037771735,,,,,,,,,,,,,,,,,
2014-03-05,300ETF,IS,0.0,-0.7332899798527102,-0.0049341947833959204,,,,,,,,,,,,,,,,,
2014-03-06,300ETF,IS,0.0,-0.3325425373514913,0.016791755336918252,,,,,,,,,,,,,,,,,
2014-03-07,300ETF,IS,0.0,1.1860107215985072,-0.007296017139114283,,,,,,,,,,,,,,,,,
2014-03-10,300ETF,IS,0.0,-1.5835904519086816,-0.0160043753685358,,,,,,,,,,,,,,,,,
2014-03-11,300ETF,IS,0.0,0.4504452349825948,0.0014417700180979756,,,,,,,,,,,,,,,,,
2014-03-12,300ETF,IS,0.0,-0.11993825776844538,-0.003164643558628582,,,,,,,,,,,,,,,,,
2014-03-13,300ETF,IS,0.0,0.9452782613948278,0.006500548327170067,,,,,,,,,,,,,,,,,
2014-03-14,300ETF,IS,0.0,-0.37110610689945345,-0.0074785389665627785,,,,,,,,,,,,,,,,,
2014-03-17,300ETF,IS,0.0,-0.8430143194288706,0.00443825718781973,,,,,,,,,,,,,,,,,
2014-03-18,300ETF,IS,0.0,-0.4860619028874936,-0.002074810216672233,,,,,,,,,,,,,,,,,
2014-03-19,300ETF,IS,0.0,-1.4870555851756182,0.00265834958952327,,,,,,,,,,,,,,,,,
2014-03-20,300ETF,IS,0.0,0.2822669490350653,-0.013764849405055696,,,,,,,,,,,,,,,,,
2014-03-21,300ETF,IS,0.0,-0.049391329192718325,0.036566741309294784,,,,,,,,,,,,,,,,,
2014-03-24,300ETF,IS,0.0,0.520705449157308,0.008654530835444721,,,,,,,,,,,,,,,,,
2014-03-25,300ETF,IS,0.0,0.09668694630877317,-0.0022152175062365603,,,,,,,,,,,,,,,,,
2014-03-26,300ETF,IS,0.0,-0.4275804980420545,-0.0039103735262952495,,,,,,,,,,,,,,,,,
2014-03-27,300ETF,IS,0.0,-0.567158484139194,0.004489426163387722,,,,,,,,,,,,,,,,,
2014-03-28,300ETF,IS,0.0,1.2712426779644,-0.008457675479869578,,,,,,,,,,,,,,,,,
2014-03-31,300ETF,IS,0.0,0.2750183850855241,-0.0056261370072498785,,,,,,,,,,,,,,,,,
2014-04-01,300ETF,IS,0.0,0.4574566474422617,0.007235703766743584,,,,,,,,,,,,,,,,,
2014-04-02,300ETF,IS,0.0,0.8462729004411779,0.0027883083539831316,,,,,,,,,,,,,,,,,
2014-04-03,300ETF,IS,0.0,0.9030505341546209,-0.010118383964482967,,,,,,,,,,,,,,,,,
2014-04-04,300ETF,IS,0.0,0.2819048843123271,0.011657268401964198,,,,,,,,,,,,,,,,,
2014-04-08,300ETF,IS,0.8077099365345658,1.7353461038050595,0.014786541587101298,0.006360766561810458,0.010879527075136838,0.016723553597356895,0.017619611004982428,0.006360766561810458,0.010879527075136838,0.016723553597356895,0.00451876051332638,0.01125884444317197,0.00674008392984559,0.0008960574076255327,0.0007218158976686561,0.0005896953695413568,1435,0.0,False,-1.0
2014-04-09,300ETF,IS,0.0,0.6881416675789161,-0.0044711254676661726,,,,,,,,,,,,,,,,,
2014-04-10,300ETF,IS,0.0,-1.0371279996648257,0.02181083399210238,,,,,,,,,,,,,,,,,
2014-04-11,300ETF,IS,0.0,0.6295555108133192,0.0016754660398397702,,,,,,,,,,,,,,,,,
2014-04-14,300ETF,IS,0.0,0.13586868630389787,0.0010018740244356204,,,,,,,,,,,,,,,,,
2014-04-15,300ETF,IS,0.0,-1.4063953508435663,-0.009810170270655732,,,,,,,,,,,,,,,,,
2014-04-16,300ETF,IS,0.0,1.2377650914654101,-0.006479305718052233,,,,,,,,,,,,,,,,,
2014-04-17,300ETF,IS,0.0,-0.0727894226861715,-0.0018937213501465178,,,,,,,,,,,,,,,,,
2014-04-18,300ETF,IS,0.0,-1.3888223181165815,0.004495615181728657,,,,,,,,,,,,,,,,,
2014-04-21,300ETF,IS,0.0,0.33815263390350825,-0.01068233990125437,,,,,,,,,,,,,,,,,
2014-04-22,300ETF,IS,0.0,1.0831838057610135,-0.0015544906870746424,,,,,,,,,,,,,,,,,
2014-04-23,300ETF,IS,0.0,0.3114982429112792,8.625274936009992e-05,,,,,,,,,,,,,,,,,
2014-04-24,300ETF,IS,0.0,-0.5489772834457596,0.0016108644683880606,,,,,,,,,,,,,,,,,
2014-04-25,300ETF,IS,0.0,-1.169784496406393,-0.0043621026035418845,,,,,,,,,,,,,,,,,
2014-04-28,300ETF,IS,0.0,-0.3162112867202699,-0.003920876240634505,,,,,,,,,,,,,,,,,
2014-04-29,300ETF,IS,0.0,0.7270542767209417,0.005526434995409486,,,,,,,,,,,,,,,,,
2014-04-30,300ETF,IS,0.0,-0.882522719971009,0.0009672215958609276,,,,,,,,,,,,,,,,,
2014-05-05,300ETF,IS,0.0,-1.1749462752821598,0.011654067791199589,,,,,,,,,,,,,,,,,
2014-05-06,300ETF,IS,0.0,1.0521695197419099,-0.0054812581343955625,,,,,,,,,,,,,,,,,
2014-05-07,300ETF,IS,0.0,-0.9104486869247166,-0.003088530300398142,,,,,,,,,,,,,,,,,
2014-05-08,300ETF,IS,0.0,0.29582602878536657,0.001599646642574831,,,,,,,,,,,,,,,,,
2014-05-09,300ETF,IS,0.0,-0.33218330728792395,0.00017493925115422588,,,,,,,,,,,,,,,,,
2014-05-12,300ETF,IS,0.0,-0.34766910591477496,0.016333989943482008,,,,,,,,,,,,,,,,,
2014-05-13,300ETF,IS,0.0,0.4928452883054804,-0.0033350033885384705,,,,,,,,,,,,,,,,,
2014-05-14,300ETF,IS,0.0,-0.16360876534049001,-0.00021126540708568849,,,,,,,,,,,,,,,,,
2014-05-15,300ETF,IS,0.0,-0.1735944591200927,-0.010133517880195508,,,,,,,,,,,,,,,,,
2014-05-16,300ETF,IS,0.0,0.34862583893284127,0.0012119346111762871,,,,,,,,,,,,,,,,,
2014-05-19,300ETF,IS,0.0,-1.3906224772438371,-0.001718527074024062,,,,,,,,,,,,,,,,,
2014-05-20,300ETF,IS,0.0,0.8384418376302342,-0.005872550790502621,,,,,,,,,,,,,,,,,
2014-05-21,300ETF,IS,0.0,-0.6554609212005305,0.006544696812517258,,,,,,,,,,,,,,,,,
2014-05-22,300ETF,IS,0.0,0.08364083268148269,-0.005652433543181766,,,,,,,,,,,,,,,,,
2014-05-23,300ETF,IS,0.0,0.6222407603395086,0.004385987336016597,,,,,,,,,,,,,,,,,
2014-05-26,300ETF,IS,0.0,-0.2434576188431459,-0.0029745611537496993,,,,,,,,,,,,,,,,,
2014-05-27,300ETF,IS,0.0,-1.0765163180578345,-0.0043394335044124165,,,,,,,,,,,,,,,,,
2014-05-28,300ETF,IS,0.0,0.8392102725138678,0.0073482044253811545,,,,,,,,,,,,,,,,,
2014-05-29,300ETF,IS,0.0,0.5635894724840513,-0.005541697190893249,,,,,,,,,,,,,,,,,
2014-05-30,300ETF,IS,0.0,0.41162177903424596,0.0016956853951875718,,,,,,,,,,,,,,,,,
2014-06-03,300ETF,IS,0.0,1.3121661368454993,-0.0038321287481586316,,,,,,,,,,,,,,,,,
2014-06-04,300ETF,IS,0.0,-1.557068497928914,-0.0039040500366022603,,,,,,,,,,,,,,,,,
2014-06-05,300ETF,IS,0.0,0.10935506783560718,0.007516022086805898,,,,,,,,,,,,,,,,,
2014-06-06,300ETF,IS,0.0,-0.39280517480792465,-0.003646203999547759,,,,,,,,,,,,,,,,,
2014-06-09,300ETF,IS,0.0,0.2749443140929702,-0.0008213222062753283,,,,,,,,,,,,,,,,,
2014-06-10,300ETF,IS,0.0,0.918979494555676,0.010436290430843773,,,,,,,,,,,,,,,,,
2014-06-11,300ETF,IS,0.0,0.19526095617543915,-0.0002567604936041523,,,,,,,,,,,,,,,,,
2014-06-12,300ETF,IS,0.0,-0.8063031282157709,0.0001452522809595737,,,,,,,,,,,,,,,,,
2014-06-13,300ETF,IS,0.0,0.42668862420833703,0.011033688834710887,,,,,,,,,,,,,,,,,
2014-06-16,300ETF,IS,0.0,0.35387220434222216,0.007444748854940017,,,,,,,,,,,,,,,,,
2014-06-17,300ETF,IS,0.0,-1.2354934205882289,-0.0022848020956617076,,,,,,,,,,,,,,,,,
2014-06-18,300ETF,IS,0.0,0.31235340354260216,-0.0018686003295954887,,,,,,,,,,,,,,,,,
2014-06-19,300ETF,IS,0.0,0.3878864293494395,-0.016167122671757437,,,,,,,,,,,,,,,,,
2014-06-20,300ETF,IS,0.0,0.56312836830148,0.0031545248730363144,,,,,,,,,,,,,,,,,
2014-06-23,300ETF,IS,0.0,0.36669170249467525,-0.0042681664690013745,,,,,,,,,,,,,,,,,
2014-06-24,300ETF,IS,0.0,0.12872452691918967,0.002717413936541397,,,,,,,,,,,,,,,,,
2014-06-25,300ETF,IS,0.0,-1.2829370861836271,0.0006823321559809956,,,,,,,,,,,,,,,,,
2014-06-26,300ETF,IS,0.0,1.3333865389653747,0.001541943466101032,,,,,,,,,,,,,,,,,
2014-06-27,300ETF,IS,0.0,-0.8470280178118904,0.004710032849265975,,,,,,,,,,,,,,,,,
2014-06-30,300ETF,IS,0.0,1.0658871064352078,0.0019193904762318309,,,,,,,,,,,,,,,,,
2014-07-01,300ETF,IS,0.0,-0.8846322407325721,-0.0014888733394851892,,,,,,,,,,,,,,,,,
2014-07-02,300ETF,IS,0.0,-0.4152939625385143,0.003013073241935968,,,,,,,,,,,,,,,,,
2014-07-03,300ETF,IS,0.0,-0.7715075631960616,0.002976053080026873,,,,,,,,,,,,,,,,,
2014-07-04,300ETF,IS,0.0,-0.28874179849293824,-0.0013210274915837518,,,,,,,,,,,,,,,,,
2014-07-07,300ETF,IS,0.0,0.3873668174804173,-0.002875197047192472,,,,,,,,,,,,,,,,,
2014-07-08,300ETF,IS,0.0,-0.06666621986744428,0.003982199212621612,,,,,,,,,,,,,,,,,
2014-07-09,300ETF,IS,0.0,-0.8960451122648067,-0.010533146523145805,,,,,,,,,,,,,,,,,
2014-07-10,300ETF,IS,0.0,0.23037551373764775,-0.0018789142286707683,,,,,,,,,,,,,,,,,
2014-07-11,300ETF,IS,0.0,0.42063994794188103,-8.252577361527765e-05,,,,,,,,,,,,,,,,,
2014-07-14,300ETF,IS,0.0,-0.2906032852267679,0.006325377166145139,,,,,,,,,,,,,,,,,
2014-07-15,300ETF,IS,0.0,0.6103665854440101,-0.0010675457738348938,,,,,,,,,,,,,,,,,
2014-07-16,300ETF,IS,0.0,0.7147990607773343,-0.0035225634305537956,,,,,,,,,,,,,,,,,
2014-07-17,300ETF,IS,0.0,-0.5129763134536156,-0.0028715756215831113,,,,,,,,,,,,,,,,,
2014-07-18,300ETF,IS,0.0,0.5682586250507374,0.0009863726854629862,,,,,,,,,,,,,,,,,
2014-07-21,300ETF,IS,0.0,0.8497826885908477,0.0003582039048462109,,,,,,,,,,,,,,,,,
2014-07-22,300ETF,IS,0.0,0.9186747152214382,0.00877078429822582,,,,,,,,,,,,,,,,,
2014-07-23,300ETF,IS,0.0,1.0594669385311715,-0.0015509869486745817,,,,,,,,,,,,,,,,,
2014-07-24,300ETF,IS,1.0,2.1106256308420455,0.007020062774707691,0.003976148379639417,0.005298025637555194,0.0057382633730385475,0.007936549595736562,0.003976148379639417,0.005298025637555194,0.0057382633730385475,0.0013218772579158475,0.003960401216097145,0.002638523958181368,0.0021982862226980144,0.0007015098673686018,0.0009155263597157899,1435,0.0,False,-1.0
2014-07-25,300ETF,IS,0.0,0.4285965584704072,0.005946836129033315,,,,,,,,,,,,,,,,,
2014-07-28,300ETF,IS,1.0,2.3791045661593495,0.01265800742622661,0.01192010708391024,0.012766130823035751,0.01192010708391024,0.013188874435334499,0.01192010708391024,0.012766130823035751,0.01192010708391024,0.0008460237391256038,0.0012687673514242583,0.0004227436122987479,0.0012687673514242583,0.001103336865285614,0.0009737995317867909,1435,0.0,False,-1.0
2014-07-29,300ETF,IS,0.0,-0.302372309627458,0.0010595271131872638,,,,,,,,,,,,,,,,,
2014-07-30,300ETF,IS,0.0,0.819255728416162,-0.0038098642326655895,,,,,,,,,,,,,,,,,
2014-07-31,300ETF,IS,0.0,0.5947801433890313,0.007551009890365664,,,,,,,,,,,,,,,,,
2014-08-01,300ETF,IS,0.0,1.2103533430849356,-0.008826279837300718,,,,,,,,,,,,,,,,,
2014-08-04,300ETF,IS,0.0,1.0118136473727815,0.012627660584064818,,,,,,,,,,,,,,,,,
2014-08-05,300ETF,IS,0.0,-0.602117757977588,-0.004501101207576336,,,,,,,,,,,,,,,,,
2014-08-06,300ETF,IS,0.0,-1.5296357777622287,0.00875895576811689,,,,,,,,,,,,,,,,,
2014-08-07,300ETF,IS,0.0,-0.28955245247408407,-0.008129086853235878,,,,,,,,,,,,,,,,,
2014-08-08,300ETF,IS,0.0,0.42891155447514473,0.0016723370926041625,,,,,,,,,,,,,,,,,
2014-08-11,300ETF,IS,0.0,0.8225099483437514,0.008892868344417217,,,,,,,,,,,,,,,,,
2014-08-12,300ETF,IS,0.0,-0.7797707338941162,0.0017388849622348844,,,,,,,,,,,,,,,,,
2014-08-13,300ETF,IS,0.0,-0.643187651367785,-0.0007114015652642818,,,,,,,,,,,,,,,,,
2014-08-14,300ETF,IS,0.0,-0.4561225214075023,-0.0013751244953062241,,,,,,,,,,,,,,,,,
2014-08-15,300ETF,IS,0.0,-0.06929303755885685,0.008268904969500694,,,,,,,,,,,,,,,,,
2014-08-18,300ETF,IS,0.0,1.1368431143197928,-0.0010705964210338944,,,,,,,,,,,,,,,,,
2014-08-19,300ETF,IS,0.0,-0.5828065110315641,-0.0018045648220453116,,,,,,,,,,,,,,,,,
2014-08-20,300ETF,IS,0.0,-1.4884092763735677,-0.0026029584304685972,,,,,,,,,,,,,,,,,
2014-08-21,300ETF,IS,0.0,-0.057681186610448444,-0.003319717747887982,,,,,,,,,,,,,,,,,
2014-08-22,300ETF,IS,0.0,0.36102098081892603,-0.0008509826696856728,,,,,,,,,,,,,,,,,
2014-08-25,300ETF,IS,0.0,-1.4730892143105914,-0.0016569476768610774,,,,,,,,,,,,,,,,,
2014-08-26,300ETF,IS,0.0,0.35692610961850024,-0.010266353571636492,,,,,,,,,,,,,,,,,
2014-08-27,300ETF,IS,0.0,1.029237325219286,-0.0015978915875674497,,,,,,,,,,,,,,,,,
2014-08-28,300ETF,IS,0.0,-0.8535233707331203,-0.005504824611046973,,,,,,,,,,,,,,,,,
2014-08-29,300ETF,IS,0.0,0.6797911343150911,0.006757451129511113,,,,,,,,,,,,,,,,,
2014-09-01,300ETF,IS,0.0,0.08667239431508927,0.0035262793302526666,,,,,,,,,,,,,,,,,
2014-09-02,300ETF,IS,0.0,-0.9215767874081305,0.01302644795957083,,,,,,,,,,,,,,,,,
2014-09-03,300ETF,IS,0.5858947161122878,1.6243424661980443,0.00020734473167781904,-0.0024459857282603027,-0.0012222450085438352,-0.002037905738920452,-0.00040724903841207315,-0.0024459857282603027,-0.0012222450085438352,-0.002037905738920452,0.0012237407197164267,0.0020387366898482295,0.000814995970131762,0.001630656700508379,0.000677031747997928,0.0007891978635992822,1435,0.0,False,-1.0
2014-09-04,300ETF,IS,0.0,-0.6006593891738017,0.005285701358974071,,,,,,,,,,,,,,,,,
2014-09-05,300ETF,IS,0.0,1.1091297839881156,0.00453050010078405,,,,,,,,,,,,,,,,,
2014-09-09,300ETF,IS,0.0,-0.35352248405723746,-0.0009142420749632468,,,,,,,,,,,,,,,,,
2014-09-10,300ETF,IS,0.0,-1.364464887258808,0.002696420794026614,,,,,,,,,,,,,,,,,
2014-09-11,300ETF,IS,0.0,0.47704219434845685,-0.007794977265234034,,,,,,,,,,,,,,,,,
2014-09-12,300ETF,IS,0.0,0.024560014976407342,0.00678977803835793,,,,,,,,,,,,,,,,,
2014-09-15,300ETF,IS,0.0,-0.22038461962641256,0.003691769171304053,,,,,,,,,,,,,,,,,
2014-09-16,300ETF,IS,0.0,-0.6168463564079854,-0.014592520224838883,,,,,,,,,,,,,,,,,
2014-09-17,300ETF,IS,0.0,-0.43218777530654556,0.0007499626309230377,,,,,,,,,,,,,,,,,
2014-09-18,300ETF,IS,0.0,-0.373260713529258,0.0014027222103400686,,,,,,,,,,,,,,,,,
2014-09-19,300ETF,IS,0.0,0.7074423236019411,0.005516183424303397,,,,,,,,,,,,,,,,,
2014-09-22,300ETF,IS,0.0,-1.5963244375617256,-0.010509780878778543,,,,,,,,,,,,,,,,,
2014-09-23,300ETF,IS,0.0,1.1324714695678415,0.0006552961126598731,,,,,,,,,,,,,,,,,
2014-09-24,300ETF,IS,0.0,0.35442977223206495,0.016587557736578176,,,,,,,,,,,,,,,,,
2014-09-25,300ETF,IS,0.0,1.0599700581375608,-0.005550708067855592,,,,,,,,,,,,,,,,,
2014-09-26,300ETF,IS,0.0,-0.6421135147808056,0.002650349615115215,,,,,,,,,,,,,,,,,
2014-09-29,300ETF,IS,0.0,1.2002301619282465,0.001062734567347252,,,,,,,,,,,,,,,,,
2014-09-30,300ETF,IS,0.0,0.0645946574457797,0.0034725545775786577,,,,,,,,,,,,,,,,,
2014-10-08,300ETF,IS,0.0,-0.49445882224948906,0.008604538515882793,,,,,,,,,,,,,,,,,
2014-10-09,300ETF,IS,0.0,0.2782790465877714,-0.0020004108196381297,,,,,,,,,,,,,,,,,
2014-10-10,300ETF,IS,0.0,-0.7282962700970191,-0.002428738007862556,,,,,,,,,,,,,,,,,
2014-10-13,300ETF,IS,0.0,-0.5310885373769917,0.004827896490706374,,,,,,,,,,,,,,,,,
2014-10-14,300ETF,IS,0.0,0.575795117092965,-0.0053698042504168346,,,,,,,,,,,,,,,,,
2014-10-15,300ETF,IS,0.0,0.38184095856029,0.00932667267921558,,,,,,,,,,,,,,,,,
2014-10-16,300ETF,IS,0.0,-0.15335176687775948,0.0002781389257921228,,,,,,,,,,,,,,,,,
2014-10-17,300ETF,IS,0.0,0.8871363611236668,-0.001526209901154214,,,,,,,,,,,,,,,,,
2014-10-20,300ETF,IS,0.0,0.10834371335829872,0.0011453913938162675,,,,,,,,,,,,,,,,,
2014-10-21,300ETF,IS,0.0,-1.2662734834084444,-0.008060520444282447,,,,,,,,,,,,,,,,,
2014-10-22,300ETF,IS,0.0,-0.1314145843964136,-0.004252266552800648,,,,,,,,,,,,,,,,,
2014-10-23,300ETF,IS,0.0,0.6541531225379337,-0.00966084418108987,,,,,,,,,,,,,,,,,
2014-10-24,300ETF,IS,0.0,-0.045770100472983,-0.005547651974097652,,,,,,,,,,,,,,,,,
2014-10-27,300ETF,IS,0.0,-1.1868422320858663,-0.0010279654002886686,,,,,,,,,,,,,,,,,
2014-10-28,300ETF,IS,0.0,1.4803486841606548,0.011243520146721536,,,,,,,,,,,,,,,,,
2014-10-29,300ETF,IS,0.0,0.32890718429657506,0.008093810419590949,,,,,,,,,,,,,,,,,
2014-10-30,300ETF,IS,0.0,0.0948732694249146,0.004010101744586791,,,,,,,,,,,,,,,,,
2014-10-31,300ETF,IS,0.0,0.9895140637120003,0.010208567899795408,,,,,,,,,,,,,,,,,
2014-11-03,300ETF,IS,0.0,-0.26907999459668086,-0.0037331290424120742,,,,,,,,,,,,,,,,,
2014-11-04,300ETF,IS,0.0,-1.075279518881396,0.0039057034040842543,,,,,,,,,,,,,,,,,
2014-11-05,300ETF,IS,0.0,-1.0561669902412167,0.004286166598157733,,,,,,,,,,,,,,,,,
2014-11-06,300ETF,IS,0.0,0.5713399314727065,-0.0015677155329356064,,,,,,,,,,,,,,,,,
2014-11-07,300ETF,IS,0.0,-0.19105100775774533,-0.00891812755154469,,,,,,,,,,,,,,,,,
2014-11-10,300ETF,IS,0.0,-0.33194007945450044,0.011929840850167208,,,,,,,,,,,,,,,,,
2014-11-11,300ETF,IS,0.0,1.1725453097487983,-0.012197371567170084,,,,,,,,,,,,,,,,,
2014-11-12,300ETF,IS,0.0,0.41275451432962335,0.006741903501092768,,,,,,,,,,,,,,,,,
2014-11-13,300ETF,IS,0.0,0.7764973149994198,6.188453894129394e-05,,,,,,,,,,,,,,,,,
2014-11-14,300ETF,IS,0.0,-0.15069555268215495,0.0022411315496575113,,,,,,,,,,,,,,,,,
2014-11-17,300ETF,IS,0.0,-1.63626268060696,-0.0030364141590339577,,,,,,,,,,,,,,,,,
2014-11-18,300ETF,IS,0.0,-0.2606910644553105,-0.004668438164172487,,,,,,,,,,,,,,,,,
2014-11-19,300ETF,IS,0.0,0.5607437155991863,-0.002728666223326063,,,,,,,,,,,,,,,,,
2014-11-20,300ETF,IS,0.0,-0.502878752527059,0.001904891044806633,,,,,,,,,,,,,,,,,
2014-11-21,300ETF,IS,0.0,-0.07163526191852577,0.016145569236006165,,,,,,,,,,,,,,,,,
2014-11-24,300ETF,IS,0.0,-0.799827876966095,0.011066511138911682,,,,,,,,,,,,,,,,,
2014-11-25,300ETF,IS,0.0,1.0004223379060002,0.006702462278769809,,,,,,,,,,,,,,,,,
2014-11-26,300ETF,IS,0.0,1.0754013293220044,-0.0005130534593623245,,,,,,,,,,,,,,,,,
2014-11-27,300ETF,IS,0.0,-0.21941632055734847,-0.0010164398400641956,,,,,,,,,,,,,,,,,
2014-11-28,300ETF,IS,0.0,-0.095227113369407,0.016959565786254006,,,,,,,,,,,,,,,,,
2014-12-01,300ETF,IS,0.0,1.0358054435442299,-0.0006548814153423767,,,,,,,,,,,,,,,,,
2014-12-02,300ETF,IS,0.0,1.195736742823436,0.035454525925360726,,,,,,,,,,,,,,,,,
2014-12-03,300ETF,IS,1.0,2.6502280486927297,-0.010542168436996489,0.0,-0.01197619104671565,-0.01532852405546923,-0.01197619104671565,0.0,-0.01197619104671565,-0.01532852405546923,-0.01197619104671565,-0.01197619104671565,0.0,0.00335233300875358,0.0015388405606702067,0.0013616440511403146,1125,0.01197619104671565,True,695.0
2014-12-04,300ETF,IS,0.0,0.9651131275042876,0.028118099321261303,,,,,,,,,,,,,,,,,
2014-12-05,300ETF,IS,0.0,0.23741037102552506,-0.017336909090226445,,,,,,,,,,,,,,,,,
2014-12-08,300ETF,IS,0.0,1.0453569580968887,0.039972239422305614,,,,,,,,,,,,,,,,,
2014-12-09,300ETF,IS,1.0,2.1262928320107304,-0.009030161953177906,0.023291587400836387,0.027415304584698433,0.02682724223314406,-0.012158204479809519,0.023291587400836387,0.027415304584698433,0.02682724223314406,0.004123717183862156,-0.035449791880645905,-0.039573509064507954,-0.03898544671295358,0.0013744613391127778,0.0014179246845540468,1305,0.039573509064507954,True,726.0
2014-12-10,300ETF,IS,0.0,0.8537587732266855,0.019658330506617035,,,,,,,,,,,,,,,,,
2014-12-11,300ETF,IS,0.0,1.1368650440074561,-0.02045993928602038,,,,,,,,,,,,,,,,,
2014-12-12,300ETF,IS,0.0,1.3509756102499517,-0.004728263706379499,,,,,,,,,,,,,,,,,
2014-12-15,300ETF,IS,0.0,-0.8630159551565962,0.00998292191123767,,,,,,,,,,,,,,,,,
2014-12-16,300ETF,IS,0.0,0.21818975132131654,0.010535478663308742,,,,,,,,,,,,,,,,,
2014-12-17,300ETF,IS,0.0,-0.6726610164606601,0.0011472025217951274,,,,,,,,,,,,,,,,,
2014-12-18,300ETF,IS,0.0,0.6164377634509236,-0.0009987367479171146,,,,,,,,,,,,,,,,,
2014-12-19,300ETF,IS,0.0,0.14754128279698,0.008089713311648502,,,,,,,,,,,,,,,,,
2014-12-22,300ETF,IS,0.0,-0.13216825716242456,-0.009260146397026008,,,,,,,,,,,,,,,,,
2014-12-23,300ETF,IS,0.0,-0.9939117441661228,-0.0021635690424740193,,,,,,,,,,,,,,,,,
2014-12-24,300ETF,IS,0.0,-0.6290837401606764,-0.016791332768448183,,,,,,,,,,,,,,,,,
2014-12-25,300ETF,IS,0.0,-0.6196412648974747,0.012159018035591149,,,,,,,,,,,,,,,,,
2014-12-26,300ETF,IS,0.0,0.9859165443014776,0.02725224632715751,,,,,,,,,,,,,,,,,
2014-12-29,300ETF,IS,0.0,0.27714597270743063,-0.008437260795034174,,,,,,,,,,,,,,,,,
2014-12-30,300ETF,IS,0.0,0.9247935668235456,0.0007808177766961793,,,,,,,,,,,,,,,,,
2014-12-31,300ETF,IS,0.0,0.3540129585875157,0.02087394488618996,,,,,,,,,,,,,,,,,
2015-01-05,300ETF,IS,0.0,1.2882812214633925,0.024719281855401638,,,,,,,,,,,,,,,,,
2015-01-06,300ETF,IS,0.0,0.8704100680133873,-0.005219016655379988,,,,,,,,,,,,,,,,,
2015-01-07,300ETF,IS,0.0,0.8707141388334395,-0.0005148489736464313,,,,,,,,,,,,,,,,,
2015-01-08,300ETF,IS,0.0,-0.8415906067281227,-0.010278086202455568,,,,,,,,,,,,,,,,,
2015-01-09,300ETF,IS,0.0,0.5811657939100319,0.017348415441780115,,,,,,,,,,,,,,,,,
2015-01-12,300ETF,IS,0.0,0.05087088364248821,-0.013230479187312853,,,,,,,,,,,,,,,,,
2015-01-13,300ETF,IS,0.0,0.9630742755978207,-0.003041171663673129,,,,,,,,,,,,,,,,,
2015-01-14,300ETF,IS,0.0,1.034251858060821,-0.01276684275339633,,,,,,,,,,,,,,,,,
2015-01-15,300ETF,IS,0.0,-0.31163981624528964,0.023646634524427716,,,,,,,,,,,,,,,,,
2015-01-16,300ETF,IS,0.0,0.9933886039677309,0.0011667101533755545,,,,,,,,,,,,,,,,,
2015-01-19,300ETF,IS,0.0,-1.0274242924013643,-0.04666936606750778,,,,,,,,,,,,,,,,,
2015-01-20,300ETF,IS,0.0,0.9067340940014661,0.001143556377454831,,,,,,,,,,,,,,,,,
2015-01-21,300ETF,IS,0.0,0.4817034107995111,0.028547838088018033,,,,,,,,,,,,,,,,,
2015-01-22,300ETF,IS,0.0,0.17145190988274672,-0.00016609972081806513,,,,,,,,,,,,,,,,,
2015-01-23,300ETF,IS,0.6415438988254937,1.6596179870459118,-0.0036262264813650452,0.0030799408359321457,0.012817116113790397,0.006986195802997182,-0.005060454993615591,0.0030799408359321457,0.012817116113790397,0.006986195802997182,0.009737175277858244,-0.008140395829547736,-0.01787757110740599,-0.012046650796612773,0.0009862978144880125,0.0007311065782432895,1305,0.01787757110740599,False,-1.0
2015-01-26,300ETF,IS,0.0,0.36597474178287753,0.0031279529297411797,,,,,,,,,,,,,,,,,
2015-01-27,300ETF,IS,0.0,-0.8710238221896134,-0.010364617071857972,,,,,,,,,,,,,,,,,
2015-01-28,300ETF,IS,0.0,-0.7102132799827796,0.0009272381216838302,,,,,,,,,,,,,,,,,
2015-01-29,300ETF,IS,0.0,-0.21708382416883182,-0.002314181687164458,,,,,,,,,,,,,,,,,
2015-01-30,300ETF,IS,0.0,1.2664160476847657,-0.007646582163047473,,,,,,,,,,,,,,,,,
2015-02-02,300ETF,IS,0.0,-1.354932845340026,-0.0025854151872696956,,,,,,,,,,,,,,,,,
2015-02-03,300ETF,IS,0.0,1.0525486166300393,0.01285711729791079,,,,,,,,,,,,,,,,,
2015-02-04,300ETF,IS,0.0,-0.30341266144617174,-0.009780797453507411,,,,,,,,,,,,,,,,,
2015-02-05,300ETF,IS,0.0,-1.1538781015023765,-0.008083697563715329,,,,,,,,,,,,,,,,,
2015-02-06,300ETF,IS,0.0,0.18491345002070864,-0.0149821365118291,,,,,,,,,,,,,,,,,
2015-02-09,300ETF,IS,0.0,0.689547815619732,0.011272126999990471,,,,,,,,,,,,,,,,,
2015-02-10,300ETF,IS,0.0,1.1194970052168933,0.006497056282583435,,,,,,,,,,,,,,,,,
2015-02-11,300ETF,IS,0.0,1.1993848431195515,-0.0005519625994598953,,,,,,,,,,,,,,,,,
2015-02-12,300ETF,IS,0.0,-0.897385308490629,0.008204761686711777,,,,,,,,,,,,,,,,,
2015-02-13,300ETF,IS,0.0,0.5769442042816054,0.0049947188655870434,,,,,,,,,,,,,,,,,
2015-02-16,300ETF,IS,0.0,0.06858116820743981,0.008349397319801794,,,,,,,,,,,,,,,,,
2015-02-17,300ETF,IS,0.0,1.352542730083588,-0.002381181216202264,,,,,,,,,,,,,,,,,
2015-02-25,300ETF,IS,0.0,-1.563145429411312,-0.006990877416237284,,,,,,,,,,,,,,,,,
2015-02-26,300ETF,IS,0.0,-0.04404885679489938,0.023487693018650377,,,,,,,,,,,,,,,,,
2015-02-27,300ETF,IS,0.0,0.4962670666612211,-0.0052684148068918284,,,,,,,,,,,,,,,,,
2015-03-02,300ETF,IS,0.0,-1.1123525710892863,0.004467307075225702,,,,,,,,,,,,,,,,,
2015-03-03,300ETF,IS,0.0,-1.5742452520889838,-0.011953634991987034,,,,,,,,,,,,,,,,,
2015-03-04,300ETF,IS,0.0,0.42050356190862664,0.005035869864928522,,,,,,,,,,,,,,,,,
2015-03-05,300ETF,IS,0.0,-0.6143232412901949,-0.005837036554373966,,,,,,,,,,,,,,,,,
2015-03-06,300ETF,IS,0.0,0.24093382351183892,-0.01027035737615615,,,,,,,,,,,,,,,,,
2015-03-09,300ETF,IS,0.0,-1.5411251066025946,0.03232312682690489,,,,,,,,,,,,,,,,,
2015-03-10,300ETF,IS,0.0,-0.7545557508611884,0.0024119664243018105,,,,,,,,,,,,,,,,,
2015-03-11,300ETF,IS,1.0,2.095568011070753,-0.0069339644401111,-0.0033965501094114004,-0.007373828079636415,-0.008513104762248301,-0.007373828079636415,-0.0033965501094114004,-0.007373828079636415,-0.008513104762248301,-0.00397727797022506,-0.0039772779702250145,0.0,0.0011392766826118861,0.0008164769643420309,0.0008680446330835736,1125,0.0039772779702250145,False,-1.0
2015-03-12,300ETF,IS,0.0,-0.5465752571390884,0.015289037568108822,,,,,,,,,,,,,,,,,
2015-03-13,300ETF,IS,0.0,1.0403535815352307,-0.002973498603102783,,,,,,,,,,,,,,,,,
2015-03-16,300ETF,IS,0.0,-1.1998576683749995,0.0160057905443878,,,,,,,,,,,,,,,,,
2015-03-17,300ETF,IS,0.0,0.18758064531879853,0.0013673013116763824,,,,,,,,,,,,,,,,,
2015-03-18,300ETF,IS,0.0,0.4865472412550251,0.014006893149932823,,,,,,,,,,,,,,,,,
2015-03-19,300ETF,IS,0.0,-1.1752848955623088,-0.00048092313101895785,,,,,,,,,,,,,,,,,
2015-03-20,300ETF,IS,0.0,0.12736636739150164,0.012796387369237019,,,,,,,,,,,,,,,,,
2015-03-23,300ETF,IS,0.0,0.45049504444314553,0.004647847864511593,,,,,,,,,,,,,,,,,
2015-03-24,300ETF,IS,0.0,-1.271799824884903,0.0027992226050318875,,,,,,,,,,,,,,,,,
2015-03-25,300ETF,IS,0.0,0.012913582197106603,-0.0007330023111383664,,,,,,,,,,,,,,,,,
2015-03-26,300ETF,IS,0.0,-0.8651533388828341,-0.0014065015997081212,,,,,,,,,,,,,,,,,
2015-03-27,300ETF,IS,0.0,0.08482212856292108,0.010969772209059318,,,,,,,,,,,,,,,,,
2015-03-30,300ETF,IS,0.0,1.1050232555797492,0.01972688639745084,,,,,,,,,,,,,,,,,
2015-03-31,300ETF,IS,0.5303730977036322,1.5739402298255407,-0.020391656772918952,-0.008045880293631558,-0.0063337605162178765,-0.0065781696583362605,-0.02383698069046088,-0.008045880293631558,-0.0063337605162178765,-0.0065781696583362605,0.0017121197774137495,-0.015791100396829322,-0.017503220174243002,-0.01725881103212462,0.0008597633037464524,0.0007802393994267339,1305,0.017503220174243002,True,772.0
2015-04-01,300ETF,IS,0.0,0.6076195424079092,0.016714607448648305,,,,,,,,,,,,,,,,,
2015-04-02,300ETF,IS,0.0,-0.5341730070420085,-0.0055523653676041885,,,,,,,,,,,,,,,,,
2015-04-03,300ETF,IS,0.0,0.36412570848975423,0.006520218456400871,,,,,,,,,,,,,,,,,
2015-04-07,300ETF,IS,0.0,0.18741932441350964,0.00836036320514743,,,,,,,,,,,,,,,,,
2015-04-08,300ETF,IS,0.0,-0.7276522365826549,-0.0008518160713942691,,,,,,,,,,,,,,,,,
2015-04-09,300ETF,IS,0.0,-0.4971262550468585,-0.012358183922526798,,,,,,,,,,,,,,,,,
2015-04-10,300ETF,IS,0.0,0.6918569010456186,0.013831812114846744,,,,,,,,,,,,,,,,,
2015-04-13,300ETF,IS,0.0,0.15717618582681375,0.010350832916135082,,,,,,,,,,,,,,,,,
2015-04-14,300ETF,IS,0.0,-0.7194128208466458,0.003906706810714665,,,,,,,,,,,,,,,,,
2015-04-15,300ETF,IS,0.0,-0.15802129939223192,0.002968657937674587,,,,,,,,,,,,,,,,,
2015-04-16,300ETF,IS,0.0,1.1663235781931736,0.01571282921326879,,,,,,,,,,,,,,,,,
2015-04-17,300ETF,IS,0.0,0.49906125903204984,0.006468639041131122,,,,,,,,,,,,,,,,,
2015-04-20,300ETF,IS,0.0,-0.7172081022176577,-0.016516815462261344,,,,,,,,,,,,,,,,,
2015-04-21,300ETF,IS,0.0,1.2655374299467013,0.011161338526169441,,,,,,,,,,,,,,,,,
2015-04-22,300ETF,IS,0.0,0.3918645701756115,0.013149091800230057,,,,,,,,,,,,,,,,,
2015-04-23,300ETF,IS,0.0,-0.7461195324705207,-0.007792427130072951,,,,,,,,,,,,,,,,,
2015-04-24,300ETF,IS,0.0,-0.06350825569424756,0.0017757630024471448,,,,,,,,,,,,,,,,,
2015-04-27,300ETF,IS,0.0,1.3675301309758314,0.0008260117368485441,,,,,,,,,,,,,,,,,
2015-04-28,300ETF,IS,0.0,-0.7617412792747068,-0.017210224277315483,,,,,,,,,,,,,,,,,
2015-04-29,300ETF,IS,0.0,-0.4447941422732058,0.012216594264385814,,,,,,,,,,,,,,,,,
2015-04-30,300ETF,IS,0.0,1.3990090575805918,-0.002963309342727446,,,,,,,,,,,,,,,,,
2015-05-04,300ETF,IS,0.0,-0.21236110670765387,0.006192721911660063,,,,,,,,,,,,,,,,,
2015-05-05,300ETF,IS,0.0,-0.7032865140159853,-0.03759225686699371,,,,,,,,,,,,,,,,,
2015-05-06,300ETF,IS,0.0,0.12261811971713776,-0.015349799064817718,,,,,,,,,,,,,,,,,
2015-05-07,300ETF,IS,0.0,-0.045700315451303965,-0.006249605605686418,,,,,,,,,,,,,,,,,
2015-05-08,300ETF,IS,0.0,0.26907438466332845,0.005542080960115255,,,,,,,,,,,,,,,,,
2015-05-11,300ETF,IS,0.0,-1.1790600422577604,0.021326922914251797,,,,,,,,,,,,,,,,,
2015-05-12,300ETF,IS,0.0,0.0952687825943728,0.010623568341378288,,,,,,,,,,,,,,,,,
2015-05-13,300ETF,IS,0.0,-0.4376448305282369,-0.009973558329091822,,,,,,,,,,,,,,,,,
2015-05-14,300ETF,IS,0.0,0.11226757818954285,-0.0023251397446315183,,,,,,,,,,,,,,,,,
2015-05-15,300ETF,IS,0.0,-0.943139817013537,0.004459900930908735,,,,,,,,,,,,,,,,,
2015-05-18,300ETF,IS,0.0,-0.33517660056933773,-0.0015815982804221018,,,,,,,,,,,,,,,,,
2015-05-19,300ETF,IS,1.0,1.8929686080048496,0.02394108933442314,0.021941082375023083,0.022791784255335883,0.01853101939448125,0.025975486403260736,0.021941082375023083,0.022791784255335883,0.01853101939448125,0.0008507018803128285,0.004034404028237654,0.003183702147924853,0.007444467008779487,0.001037062854790428,0.0009886370572619067,1435,0.0,False,-1.0
2015-05-20,300ETF,IS,0.0,0.150547765148978,0.008029426123082545,,,,,,,,,,,,,,,,,
2015-05-21,300ETF,IS,0.0,0.880100931844891,0.014570404762164412,,,,,,,,,,,,,,,,,
2015-05-22,300ETF,IS,0.0,0.2345126009912393,0.005051041860886411,,,,,,,,,,,,,,,,,
2015-05-25,300ETF,IS,1.0,2.0634388643290866,0.010217005730026107,0.005587721583071618,0.007377164351056061,0.00856834972120932,0.012133415885705452,0.005587721583071618,0.007377164351056061,0.00856834972120932,0.0017894427679846297,0.006545694302633833,0.00475625153464939,0.0035650661644961307,0.0008913141243575931,0.0009271037778978671,1435,0.0,False,-1.0
2015-05-26,300ETF,IS,0.0,-0.12376208960069815,0.02089195096215234,,,,,,,,,,,,,,,,,
2015-05-27,300ETF,IS,0.0,-0.4263568854910538,0.012297113790710782,,,,,,,,,,,,,,,,,
2015-05-28,300ETF,IS,0.0,-0.49409732032585907,-0.041211727781225796,,,,,,,,,,,,,,,,,
2015-05-29,300ETF,IS,0.0,-0.549953202324188,-0.005075169128250257,,,,,,,,,,,,,,,,,
2015-06-01,300ETF,IS,0.0,0.8945534472240338,0.028539318873998538,,,,,,,,,,,,,,,,,
2015-06-02,300ETF,IS,0.0,-0.37411681105017364,0.006909134182322153,,,,,,,,,,,,,,,,,
2015-06-03,300ETF,IS,0.0,-1.2497176402291685,0.0018476071906604183,,,,,,,,,,,,,,,,,
2015-06-04,300ETF,IS,0.0,-1.2192042620841967,-0.021615940661594942,,,,,,,,,,,,,,,,,
2015-06-05,300ETF,IS,0.0,0.15453635117001183,-0.006734191469932413,,,,,,,,,,,,,,,,,
2015-06-08,300ETF,IS,0.0,-0.45545200443559913,0.017127481990811304,,,,,,,,,,,,,,,,,
2015-06-09,300ETF,IS,0.0,-0.2548846134249388,-0.009586547708652823,,,,,,,,,,,,,,,,,
2015-06-10,300ETF,IS,0.0,-0.803828145407302,0.018258556391496848,,,,,,,,,,,,,,,,,
2015-06-11,300ETF,IS,0.0,-0.08936873059560368,0.0017239252139231134,,,,,,,,,,,,,,,,,
2015-06-12,300ETF,IS,0.0,0.5558706579675972,0.005313407101244851,,,,,,,,,,,,,,,,,
2015-06-15,300ETF,IS,0.0,-1.0111093080812588,-0.011152349205800645,,,,,,,,,,,,,,,,,
2015-06-16,300ETF,IS,0.0,-0.36057856207956596,-0.022200584459058398,,,,,,,,,,,,,,,,,
2015-06-17,300ETF,IS,0.0,0.40399455205041873,0.01731320307571806,,,,,,,,,,,,,,,,,
2015-06-18,300ETF,IS,0.0,-0.6471493915875728,-0.019935773671005963,,,,,,,,,,,,,,,,,
2015-06-19,300ETF,IS,0.0,-0.3730365964915946,-0.023787498462179462,,,,,,,,,,,,,,,,,
2015-06-23,300ETF,IS,0.0,0.8503808004408905,0.00878740071122099,,,,,,,,,,,,,,,,,
2015-06-24,300ETF,IS,0.0,0.9544814022391377,0.0035167592861512576,,,,,,,,,,,,,,,,,
2015-06-25,300ETF,IS,0.0,0.11740429201013923,-0.018698609443951922,,,,,,,,,,,,,,,,,
2015-06-26,300ETF,IS,-0.7499672334130808,-1.9121181322149394,-0.0686594558494913,0.03289116708228731,0.02506727560166932,0.03423857352912134,0.07225551712176796,0.03289116708228731,0.02506727560166932,0.03423857352912134,-0.007823891480617838,0.039364350039480654,0.047188241520098644,0.038016943592646624,0.002453915074109225,0.0022333834084906027,1435,0.0,True,655.0
2015-06-29,300ETF,IS,0.0,-0.7987292039047095,-0.029938167746228286,,,,,,,,,,,,,,,,,
2015-06-30,300ETF,IS,0.0,0.6272842318497719,0.06498718412590977,,,,,,,,,,,,,,,,,
2015-07-01,300ETF,IS,0.0,0.8633640379544877,-0.027207348100208386,,,,,,,,,,,,,,,,,
2015-07-02,300ETF,IS,0.0,-0.661063136120612,-0.04828982524872809,,,,,,,,,,,,,,,,,
2015-07-03,300ETF,IS,-0.645758068257005,-1.8619767029120573,-0.010219777399676208,-0.012958068182057728,-0.027215930165516232,-0.0313567228315475,0.018734725170942653,-0.012958068182057728,-0.027215930165516232,-0.0313567228315475,-0.014257861983458402,0.03169279335300038,0.04595065533645888,0.05009144800249016,0.00560582525313488,0.0048571248295830914,1435,0.0,True,640.0
2015-07-06,300ETF,IS,0.0,-0.5028437455464618,-0.03081746022681744,,,,,,,,,,,,,,,,,
2015-07-07,300ETF,IS,0.0,-1.072001500530589,0.001714207203934468,,,,,,,,,,,,,,,,,
2015-07-08,300ETF,IS,-0.5844905008830029,-1.8233218965104758,-0.018812411334133455,-0.0030662044928616125,-0.017160675759191866,-0.007786468706269501,0.033786038218235115,-0.0030662044928616125,-0.017160675759191866,-0.007786468706269501,-0.01409447126633032,0.03685224271109673,0.05094671397742698,0.041572506924504614,0.0031743155632334573,0.002805467137713911,1435,0.0,True,670.0
2015-07-09,300ETF,IS,0.0,-1.3413016730121787,0.06744627265849154,,,,,,,,,,,,,,,,,
2015-07-10,300ETF,IS,1.0,2.4635299020556563,0.007991163512720846,0.013806686560238281,0.004866189651172906,0.012843990938354378,0.014047215725559292,0.013806686560238281,0.004866189651172906,0.012843990938354378,-0.008940496909065334,0.0002405291653210101,0.009181026074386384,0.0012032247872049134,0.0015585199578987963,0.002000450160666304,1435,0.0,False,-1.0
2015-07-13,300ETF,IS,0.0,1.0559393892032363,0.027117045723525066,,,,,,,,,,,,,,,,,
2015-07-14,300ETF,IS,0.0,-0.22005602631529617,-0.011417249797267907,,,,,,,,,,,,,,,,,
2015-07-15,300ETF,IS,0.0,-0.14414148602379698,-0.026461978234841112,,,,,,,,,,,,,,,,,
2015-07-16,300ETF,IS,0.0,-1.040016226689016,0.007233147244191843,,,,,,,,,,,,,,,,,
2015-07-17,300ETF,IS,0.0,0.04875189578852069,0.03219983650528383,,,,,,,,,,,,,,,,,
2015-07-20,300ETF,IS,0.0,0.09484790327891175,0.0014422480556298112,,,,,,,,,,,,,,,,,
2015-07-21,300ETF,IS,0.0,-0.7324236651627312,0.003590028011708808,,,,,,,,,,,,,,,,,
2015-07-22,300ETF,IS,0.0,0.5028130736806613,-0.002093820035657662,,,,,,,,,,,,,,,,,
2015-07-23,300ETF,IS,0.0,0.7096502084763001,0.016512665573130955,,,,,,,,,,,,,,,,,
2015-07-24,300ETF,IS,0.0,0.1380647224529462,-0.012153193853353894,,,,,,,,,,,,,,,,,
2015-07-27,300ETF,IS,0.0,-0.9744496730494615,-0.0593240184900944,,,,,,,,,,,,,,,,,
2015-07-28,300ETF,IS,0.0,-1.3631883908705187,0.04715212416922655,,,,,,,,,,,,,,,,,
2015-07-29,300ETF,IS,0.0,0.4185173295381001,0.014684719167703277,,,,,,,,,,,,,,,,,
2015-07-30,300ETF,IS,0.0,-0.30373012314017184,-0.0029360956954804823,,,,,,,,,,,,,,,,,
2015-07-31,300ETF,IS,0.0,-0.12960374915132863,0.0064658195573546505,,,,,,,,,,,,,,,,,
2015-08-03,300ETF,IS,0.0,-0.8739297437796372,0.0005490517100925795,,,,,,,,,,,,,,,,,
2015-08-04,300ETF,IS,0.0,0.6913552937075481,0.026718087072251012,,,,,,,,,,,,,,,,,
2015-08-05,300ETF,IS,0.0,0.07938057620619166,-0.00938050538817227,,,,,,,,,,,,,,,,,
2015-08-06,300ETF,IS,0.0,-0.6777809519142756,-0.005011043237876158,,,,,,,,,,,,,,,,,
2015-08-07,300ETF,IS,0.0,1.2275538156699304,0.0012907700482139308,,,,,,,,,,,,,,,,,
2015-08-10,300ETF,IS,0.0,0.49167654360226154,0.0375499954872666,,,,,,,,,,,,,,,,,
2015-08-11,300ETF,IS,0.0,0.11191281666855817,-0.002268599470111273,,,,,,,,,,,,,,,,,
2015-08-12,300ETF,IS,0.0,0.13333247778209503,-0.008715138695437226,,,,,,,,,,,,,,,,,
2015-08-13,300ETF,IS,0.0,1.3055758856387831,0.001345630072594089,,,,,,,,,,,,,,,,,
2015-08-14,300ETF,IS,0.0,-0.4850056219529289,-0.0020823126695174075,,,,,,,,,,,,,,,,,
2015-08-17,300ETF,IS,0.0,-0.4835739280270981,0.008108752499533753,,,,,,,,,,,,,,,,,
2015-08-18,300ETF,IS,0.0,-0.46930962678772453,-0.05255319920110888,,,,,,,,,,,,,,,,,
2015-08-19,300ETF,IS,0.0,0.021393421907763714,0.011192306488147098,,,,,,,,,,,,,,,,,
2015-08-20,300ETF,IS,0.0,-1.2979390840852878,-0.01543066559198892,,,,,,,,,,,,,,,,,
2015-08-21,300ETF,IS,0.0,-0.19509554634456958,-0.01697694351315183,,,,,,,,,,,,,,,,,
2015-08-24,300ETF,IS,-1.0,-2.6005541120479982,-0.018003264244820922,0.01944713493552155,0.031299575768246324,0.0337483067133096,0.0337483067133096,0.01944713493552155,0.031299575768246324,0.0337483067133096,0.011852440832724766,0.014301171777788047,0.002448730945063274,0.0,0.002434882065518425,0.0035443682352877454,1330,0.0,True,742.0
2015-08-25,300ETF,IS,-1.0,-2.0003735207918236,-0.031496111565855835,0.007602190556379905,-0.00283598740574051,0.012702616022038593,0.05280578937800107,0.007602190556379905,-0.00283598740574051,0.012702616022038593,-0.010438177962120258,0.045203598821621165,0.055641776783741576,0.040103173355962474,0.0024083187212371156,0.002474438027456808,1435,0.0,True,635.0
2015-08-26,300ETF,IS,0.0,0.28681348760019393,0.012646630522361979,,,,,,,,,,,,,,,,,
2015-08-27,300ETF,IS,0.5817620816094409,1.6213143630807967,0.005772346638017809,-0.012462215927744921,-0.007330710119602808,-0.009572504493221312,0.0025372674569669575,-0.012462215927744921,-0.007330710119602808,-0.009572504493221312,0.005131505808142138,0.014999483384711878,0.009867977576569766,0.01210977195018827,0.0023742706226527743,0.0025267310307180565,1435,0.0,True,668.0
2015-08-28,300ETF,IS,0.0,0.6019671961230765,0.032623300593926347,,,,,,,,,,,,,,,,,
2015-08-31,300ETF,IS,-0.822145955612186,-1.9408033887016407,0.019014841987665544,-0.0015209128407067448,0.004576667027411867,-0.005464494472078745,-0.022276658693581794,-0.0015209128407067448,0.004576667027411867,-0.005464494472078745,0.006097579868118557,-0.020755745852875047,-0.02685332572099366,-0.01681216422150305,0.0015190148634416408,0.0015593814144686069,1305,0.02685332572099366,True,752.0
2015-09-01,300ETF,IS,-1.0,-2.5930983637314675,0.018141762506210145,-0.01355238330055435,-0.014150469442784563,-0.010556575188195437,-0.013253206035794765,-0.01355238330055435,-0.014150469442784563,-0.010556575188195437,-0.0005980861422302184,0.0002991772647595852,0.0008972634069897983,-0.0026966308475993277,0.0021578787353117713,0.0022171389811581643,1330,0.0026966308475993277,True,641.0
2015-09-02,300ETF,IS,-1.0,-2.0390630941823953,0.016508006685951572,-0.012911153680361467,-0.02506845686261789,-0.01915652714003808,-0.012911153680361467,-0.012911153680361467,-0.02506845686261789,-0.01915652714003808,-0.012157303182256505,0.0,0.012157303182256423,0.006245373459676615,0.0019107433571670502,0.0018902877813465656,1125,0.0,True,676.0
2015-09-07,300ETF,IS,1.0,2.022249410995435,-0.031196315318578187,-0.016964431409087745,-0.014018921179330929,-0.02943120017421781,-0.03542282984248454,-0.016964431409087745,-0.014018921179330929,-0.02943120017421781,0.0029455102297567446,-0.0184583984333968,-0.021403908663153615,-0.005991629668266732,0.0014013001764818084,0.001556346058986494,1305,0.021403908663153615,True,717.0
2015-09-08,300ETF,IS,0.0,0.5083584596935192,0.023180218373371076,,,,,,,,,,,,,,,,,
2015-09-09,300ETF,IS,0.0,0.8522028321282837,0.004815989121418148,,,,,,,,,,,,,,,,,
2015-09-10,300ETF,IS,0.0,-0.821880183872407,-0.0019651615678028724,,,,,,,,,,,,,,,,,
2015-09-11,300ETF,IS,0.0,0.9907116144476729,-0.002671284461317077,,,,,,,,,,,,,,,,,
2015-09-14,300ETF,IS,0.0,-0.5819303001944208,-0.029596214552120817,,,,,,,,,,,,,,,,,
2015-09-15,300ETF,IS,-1.0,-2.1992386299683457,-0.01783083815204347,0.006809063757167407,0.008985343179762977,0.0033987364711232037,0.017738134289357655,0.006809063757167407,0.008985343179762977,0.0033987364711232037,0.0021762794225955173,0.01092907053219025,0.008752791109594678,0.014339397818234451,0.0015283713930499601,0.0017722758862652186,1435,0.0,False,-1.0
2015-09-16,300ETF,IS,0.0,0.5477721778883332,0.03671783192762569,,,,,,,,,,,,,,,,,
2015-09-17,300ETF,IS,0.0,-0.9356822008198935,0.023138104805127804,,,,,,,,,,,,,,,,,
2015-09-18,300ETF,IS,0.0,0.6204494092380552,-0.005914982057312926,,,,,,,,,,,,,,,,,
2015-09-21,300ETF,IS,0.0,-0.001019284668243605,0.01377417075270442,,,,,,,,,,,,,,,,,
2015-09-22,300ETF,IS,0.0,0.5513245461722913,0.00814775918649409,,,,,,,,,,,,,,,,,
2015-09-23,300ETF,IS,0.0,-1.0769236347980564,-0.004326332639993767,,,,,,,,,,,,,,,,,
2015-09-24,300ETF,IS,0.0,1.1482674175047425,-0.008191856284772878,,,,,,,,,,,,,,,,,
2015-09-25,300ETF,IS,0.0,0.1324015807565198,-0.01872560474001739,,,,,,,,,,,,,,,,,
2015-09-28,300ETF,IS,0.0,-0.8336764101908568,0.010441617959851589,,,,,,,,,,,,,,,,,
2015-09-29,300ETF,IS,0.0,-1.31829838442618,-0.007085324524859933,,,,,,,,,,,,,,,,,
2015-09-30,300ETF,IS,0.0,0.8170064142210652,0.003729458832046648,,,,,,,,,,,,,,,,,
2015-10-08,300ETF,IS,0.0,0.06053394833426734,8.219200025660804e-05,,,,,,,,,,,,,,,,,
2015-10-09,300ETF,IS,0.0,0.8312491901650682,0.010368222232547679,,,,,,,,,,,,,,,,,
2015-10-12,300ETF,IS,0.0,1.058593841932934,0.02159605720194068,,,,,,,,,,,,,,,,,
2015-10-13,300ETF,IS,0.0,-0.17870417260675564,0.0025074470450381385,,,,,,,,,,,,,,,,,
2015-10-14,300ETF,IS,0.0,0.39039963405069406,-0.0075966734433322745,,,,,,,,,,,,,,,,,
2015-10-15,300ETF,IS,0.0,0.688482825163239,0.017909754492698167,,,,,,,,,,,,,,,,,
2015-10-16,300ETF,IS,0.0,1.0076234744714525,0.003130919236549744,,,,,,,,,,,,,,,,,
2015-10-19,300ETF,IS,0.0,-0.7709715108575882,-0.007875888008153737,,,,,,,,,,,,,,,,,
2015-10-20,300ETF,IS,0.0,0.5423659805325511,0.002810933903453856,,,,,,,,,,,,,,,,,
2015-10-21,300ETF,IS,0.0,-0.33342379401848227,-0.043910882245967876,,,,,,,,,,,,,,,,,
2015-10-22,300ETF,IS,0.0,0.3754669400112278,0.008123058046768916,,,,,,,,,,,,,,,,,
2015-10-23,300ETF,IS,0.0,-0.201714351126584,0.012358961943278237,,,,,,,,,,,,,,,,,
2015-10-26,300ETF,IS,0.0,-0.16863208087755777,-0.008380412909160893,,,,,,,,,,,,,,,,,
2015-10-27,300ETF,IS,0.0,-1.1642898671197661,0.006318870588634964,,,,,,,,,,,,,,,,,
2015-10-28,300ETF,IS,0.0,0.007303155803984223,-0.007767228998301676,,,,,,,,,,,,,,,,,
2015-10-29,300ETF,IS,0.0,0.05415250552458853,0.0009761420313984747,,,,,,,,,,,,,,,,,
2015-10-30,300ETF,IS,0.0,-0.8388937019644003,0.012485100327006894,,,,,,,,,,,,,,,,,
2015-11-02,300ETF,IS,0.0,-0.7367721158647361,-0.0074032889736699685,,,,,,,,,,,,,,,,,
2015-11-03,300ETF,IS,0.0,0.8158227766430793,-0.008088798646952323,,,,,,,,,,,,,,,,,
2015-11-04,300ETF,IS,1.0,1.8553174191354378,0.029510819713878703,0.015382767318623189,0.017877571107405874,0.0156602752987584,0.03707201836355308,0.015382767318623189,0.017877571107405874,0.0156602752987584,0.0024948037887828718,0.021689251044929893,0.019194447256147208,0.02141174306479468,0.0007088303390241358,0.0007592972021059228,1435,0.0,False,-1.0
2015-11-05,300ETF,IS,0.5355011486648551,1.5799387688150994,0.018129178260316858,0.020547754279677383,0.030534696681701053,0.029488124111029943,0.021339833529009915,0.020547754279677383,0.030534696681701053,0.029488124111029943,0.009986942402023757,0.0007920792493325314,-0.009194863152691139,-0.008148290582020028,0.0014540104530666514,0.0019042551575661657,1305,0.009194863152691139,True,777.0
2015-11-06,300ETF,IS,0.0,0.6423198922011992,0.014399059026438328,,,,,,,,,,,,,,,,,
2015-11-09,300ETF,IS,1.0,2.341429156746633,0.00804565016557193,0.005655542066689263,0.008215707315546997,0.00591185374308944,0.01306203742333988,0.005655542066689263,0.008215707315546997,0.00591185374308944,0.0025601652488576316,0.007406495356650618,0.004846330107792883,0.007150183680250441,0.0010637167915881346,0.001019352186133266,1435,0.0,False,-1.0
2015-11-10,300ETF,IS,0.0,-0.4080213345699771,0.005654557663903007,,,,,,,,,,,,,,,,,
2015-11-11,300ETF,IS,0.0,-0.4202011203292196,0.008193346652179734,,,,,,,,,,,,,,,,,
2015-11-12,300ETF,IS,0.0,-0.6503750447925775,-0.004475256221170283,,,,,,,,,,,,,,,,,
2015-11-13,300ETF,IS,0.0,-0.2521211396526315,-0.0023386488375540756,,,,,,,,,,,,,,,,,
2015-11-16,300ETF,IS,0.0,-1.0515195260597272,0.008073975632438038,,,,,,,,,,,,,,,,,
2015-11-17,300ETF,IS,0.6597439071887137,1.6695697593734462,-0.013111789097336773,0.0018085523596441148,0.0018085523596441148,-0.00103492894101573,-0.01432502683320439,0.0018085523596441148,0.0018085523596441148,-0.00103492894101573,0.0,-0.016133579192848507,-0.016133579192848507,-0.01329009789218866,0.0008814644462265518,0.0008923866492768959,1125,0.016133579192848507,True,748.0
2015-11-18,300ETF,IS,0.0,-0.42666876538305776,-0.004523506352523005,,,,,,,,,,,,,,,,,
2015-11-19,300ETF,IS,0.0,0.17493334024490817,0.007340698126685006,,,,,,,,,,,,,,,,,
2015-11-20,300ETF,IS,0.0,-0.4587488588867338,-0.0027312882879955568,,,,,,,,,,,,,,,,,
2015-11-23,300ETF,IS,0.0,0.09642020533742553,-0.0069154560698117444,,,,,,,,,,,,,,,,,
2015-11-24,300ETF,IS,0.0,-0.3567649919441247,0.0019899217158615835,,,,,,,,,,,,,,,,,
2015-11-25,300ETF,IS,0.0,-0.7477682345055459,0.005964405845975502,,,,,,,,,,,,,,,,,
2015-11-26,300ETF,IS,0.0,0.7557279044595441,-0.007539693164980578,,,,,,,,,,,,,,,,,
2015-11-27,300ETF,IS,0.0,-0.8017973931876202,-0.03771283622697893,,,,,,,,,,,,,,,,,
2015-11-30,300ETF,IS,0.0,0.5824738965913285,-0.0022523245199871254,,,,,,,,,,,,,,,,,
2015-12-01,300ETF,IS,0.0,-0.5353687091889708,0.006458475292999354,,,,,,,,,,,,,,,,,
2015-12-02,300ETF,IS,0.0,0.17987233791135102,0.02784227805910244,,,,,,,,,,,,,,,,,
2015-12-03,300ETF,IS,0.0,-0.278119726425538,0.008975203287678923,,,,,,,,,,,,,,,,,
2015-12-04,300ETF,IS,0.0,-0.9835476227626146,-0.008457625776740654,,,,,,,,,,,,,,,,,
2015-12-07,300ETF,IS,0.0,-0.05449817096043073,0.0026990450640838465,,,,,,,,,,,,,,,,,
2015-12-08,300ETF,IS,0.0,-0.9760424667025581,-0.006691223648341387,,,,,,,,,,,,,,,,,
2015-12-09,300ETF,IS,0.0,0.48827167948079697,0.004459074431871227,,,,,,,,,,,,,,,,,
2015-12-10,300ETF,IS,0.0,0.7282896193325324,-0.008861449126759987,,,,,,,,,,,,,,,,,
2015-12-11,300ETF,IS,0.0,-0.8379437941735314,0.005802986890924832,,,,,,,,,,,,,,,,,
2015-12-14,300ETF,IS,0.0,-0.07921803378107549,0.024568788293398633,,,,,,,,,,,,,,,,,
2015-12-15,300ETF,IS,0.0,0.054431989436313166,-0.0022688480080596068,,,,,,,,,,,,,,,,,
2015-12-16,300ETF,IS,0.0,0.6554144710257438,-0.005640521625190562,,,,,,,,,,,,,,,,,
2015-12-17,300ETF,IS,0.0,0.6799347109711312,0.004827917790683638,,,,,,,,,,,,,,,,,
2015-12-18,300ETF,IS,0.0,0.18987690607513152,-0.001161875910354151,,,,,,,,,,,,,,,,,
2015-12-21,300ETF,IS,0.6386306296520434,1.657966810872942,0.01400788989617832,0.010309369658861287,0.011846648977747697,0.016953912377529846,0.01542447032563173,0.010309369658861287,0.011846648977747697,0.016953912377529846,0.0015372793188863979,0.005115100666770444,0.003577821347884034,-0.001529442051898115,0.0010215584995873872,0.0009063955493615099,1330,0.001529442051898115,False,-1.0
2015-12-22,300ETF,IS,0.0,0.17697405120102738,0.0011833465984711113,,,,,,,,,,,,,,,,,
2015-12-23,300ETF,IS,0.0,0.5142689616682408,-0.0007735722867232959,,,,,,,,,,,,,,,,,
2015-12-24,300ETF,IS,0.0,-0.4343991298437065,-0.0038721164281035232,,,,,,,,,,,,,,,,,
2015-12-25,300ETF,IS,0.0,0.21538865459612275,-0.0015280327797843696,,,,,,,,,,,,,,,,,
2015-12-28,300ETF,IS,0.0,-0.2812299566879068,-0.016909030248016804,,,,,,,,,,,,,,,,,
2015-12-29,300ETF,IS,0.0,0.765476919235013,0.0056967718985220265,,,,,,,,,,,,,,,,,
2015-12-30,300ETF,IS,0.0,-0.5165467708656658,-0.0004930978378860312,,,,,,,,,,,,,,,,,
2015-12-31,300ETF,IS,0.0,0.27711820276391463,-0.0006735021450501654,,,,,,,,,,,,,,,,,
2016-01-04,300ETF,IS,0.0,-1.006886584747494,-0.057759186989344236,,,,,,,,,,,,,,,,,
2016-01-05,300ETF,IS,0.0,1.3777997063766088,-0.015534502919583222,,,,,,,,,,,,,,,,,
2016-01-06,300ETF,IS,0.0,0.7369135969167789,0.009196923737880216,,,,,,,,,,,,,,,,,
2016-01-07,300ETF,IS,-1.0,-2.445384738563873,0.0,-0.003518033531679029,-0.003518033531679029,-0.003518033531679029,-0.003518033531679029,-0.003518033531679029,-0.003518033531679029,-0.003518033531679029,-0.0,0.0,0.0,0.0,0.0,0.0,1125,0.0,False,-1.0
2016-01-08,300ETF,IS,0.0,-0.08036213935065845,0.007978821371100427,,,,,,,,,,,,,,,,,
2016-01-11,300ETF,IS,0.0,-1.4367314306149266,-0.023959338777863,,,,,,,,,,,,,,,,,
2016-01-12,300ETF,IS,0.0,0.656013729613682,-0.0012893423809944493,,,,,,,,,,,,,,,,,
2016-01-13,300ETF,IS,0.0,-0.33719621434037855,-0.01607277687054306,,,,,,,,,,,,,,,,,
2016-01-14,300ETF,IS,0.0,-0.7624119492056465,0.017088865995760344,,,,,,,,,,,,,,,,,
2016-01-15,300ETF,IS,0.0,-0.39227271891016213,-0.025966422740285888,,,,,,,,,,,,,,,,,
2016-01-18,300ETF,IS,0.0,0.5695829949886325,0.001457991536330464,,,,,,,,,,,,,,,,,
2016-01-19,300ETF,IS,0.0,0.05235194774465857,0.026033474013088868,,,,,,,,,,,,,,,,,
2016-01-20,300ETF,IS,0.0,-0.13590234676519913,-0.00960269537578038,,,,,,,,,,,,,,,,,
2016-01-21,300ETF,IS,0.0,-0.667305776819064,-0.009655583371731584,,,,,,,,,,,,,,,,,
2016-01-22,300ETF,IS,0.0,-0.036763028748183775,0.00788911090748938,,,,,,,,,,,,,,,,,
2016-01-25,300ETF,IS,0.0,-0.2810151919610456,-0.006878653520941484,,,,,,,,,,,,,,,,,
2016-01-26,300ETF,IS,0.0,-1.3306208035140454,-0.036116739113401214,,,,,,,,,,,,,,,,,
2016-01-27,300ETF,IS,0.0,-0.36655029978045134,0.007621124252311071,,,,,,,,,,,,,,,,,
2016-01-28,300ETF,IS,0.0,-0.15850372316970984,-0.017368352541263225,,,,,,,,,,,,,,,,,
2016-01-29,300ETF,IS,0.0,1.3950612417990393,0.02709719343018463,,,,,,,,,,,,,,,,,
2016-02-01,300ETF,IS,0.0,-0.29030714470817165,-0.019680302741784544,,,,,,,,,,,,,,,,,
2016-02-02,300ETF,IS,1.0,1.918166495518064,0.004089848239197038,0.006450540105792454,0.007803262665803386,0.005434795985956995,0.0030607063512808844,0.006450540105792454,0.007803262665803386,0.005434795985956995,0.0013527225600110963,-0.0033898337545115696,-0.004742556314522502,-0.0023740896346761105,0.0010394496972316336,0.001254907477947977,1305,0.004742556314522502,False,-1.0
2016-02-03,300ETF,IS,0.0,-1.272090713109769,0.006033002899186904,,,,,,,,,,,,,,,,,
2016-02-04,300ETF,IS,0.9124337349292204,1.7724666443571757,-0.0036739487004776644,-0.006044343452350116,-0.007729831800132285,-0.0036894222631273003,-0.004025500236379669,-0.006044343452350116,-0.007729831800132285,-0.0036894222631273003,-0.0016854883477823005,0.0020188432159704475,0.0037043315637526157,-0.0003360779732523686,0.0007547718862220935,0.0008297778613088524,1330,0.0003360779732523686,False,-1.0
2016-02-05,300ETF,IS,0.0,-0.22426275522988065,-0.0020060579445356818,,,,,,,,,,,,,,,,,
2016-02-15,300ETF,IS,-1.0,-2.0901336965537047,0.01702172583420281,-0.004469665340459549,-0.005498295638597876,-0.010966525258793804,-0.01674394149880616,-0.004469665340459549,-0.005498295638597876,-0.010966525258793804,-0.0010286302981382426,-0.012274276158346612,-0.011245645860208285,-0.005777416240012358,0.0006454163063957907,0.0006229534672267902,1125,0.012274276158346612,True,785.0
2016-02-16,300ETF,IS,1.0,2.108949457642581,0.01377681583418931,0.009665131062150127,0.012645759200287786,0.012976392365806111,0.012645759200287786,0.009665131062150127,0.012645759200287786,0.012976392365806111,0.00298062813813772,0.0029806281381376584,0.0,-0.00033063316551832506,0.0008476453732850947,0.000947421032319059,1330,0.00033063316551832506,False,-1.0
2016-02-17,300ETF,IS,0.0,0.8919212295974311,0.0010459224858736776,,,,,,,,,,,,,,,,,
2016-02-18,300ETF,IS,0.0,0.23629103077032063,-0.009223794805201703,,,,,,,,,,,,,,,,,
2016-02-19,300ETF,IS,0.0,0.4018371201150608,-0.001900958033484992,,,,,,,,,,,,,,,,,
2016-02-22,300ETF,IS,0.0,0.0998621317857338,0.009577360578859788,,,,,,,,,,,,,,,,,
2016-02-23,300ETF,IS,0.0,-0.5678182279447721,-0.011181108571170504,,,,,,,,,,,,,,,,,
2016-02-24,300ETF,IS,0.0,0.9410719143749707,-0.0008176444972262017,,,,,,,,,,,,,,,,,
2016-02-25,300ETF,IS,0.0,-1.1421816327008616,-0.04494183244520904,,,,,,,,,,,,,,,,,
2016-02-26,300ETF,IS,0.0,0.21384178474470972,0.0030172718578831133,,,,,,,,,,,,,,,,,
2016-02-29,300ETF,IS,0.0,-1.4864965657243436,0.00039843926680563856,,,,,,,,,,,,,,,,,
2016-03-01,300ETF,IS,0.0,0.09004494170146499,0.018518663091825857,,,,,,,,,,,,,,,,,
2016-03-02,300ETF,IS,0.5342218401893207,1.5784852294006824,0.028066288555342156,0.011116840106339393,0.01379332213233577,0.019457172022558266,0.02871649743535491,0.011116840106339393,0.01379332213233577,0.019457172022558266,0.002676482025996542,0.017599657329015514,0.01492317530301914,0.009259325412796643,0.0009181881104608062,0.000871199384760876,1435,0.0,False,-1.0
2016-03-03,300ETF,IS,0.0,1.0507352386654665,-0.006497769226245414,,,,,,,,,,,,,,,,,
2016-03-04,300ETF,IS,0.0,0.33493117493321584,0.013091326021101614,,,,,,,,,,,,,,,,,
2016-03-07,300ETF,IS,0.0,1.4163464547025657,-0.009317551855979647,,,,,,,,,,,,,,,,,
2016-03-08,300ETF,IS,0.0,-1.533852745425255,0.014420296643688778,,,,,,,,,,,,,,,,,
2016-03-09,300ETF,IS,-1.0,-2.3545420330816484,-0.003577188282195243,0.009582098757580431,0.00626754484467986,0.0019749841837659213,0.0019749841837659213,0.009582098757580431,0.00626754484467986,0.0019749841837659213,-0.003314553912900679,-0.00760711457381451,-0.004292560660913939,0.0,0.0010795306402716185,0.0009824201075457708,1125,0.00760711457381451,False,-1.0
2016-03-10,300ETF,IS,0.0,0.09363201228561709,-0.0028518275094214637,,,,,,,,,,,,,,,,,
2016-03-11,300ETF,IS,0.0,-0.36232930192416307,-0.005099009405729735,,,,,,,,,,,,,,,,,
2016-03-14,300ETF,IS,0.0,1.2726322184288215,-0.002455221519079703,,,,,,,,,,,,,,,,,
2016-03-15,300ETF,IS,0.0,-0.15970412041701798,0.0047931869895543305,,,,,,,,,,,,,,,,,
2016-03-16,300ETF,IS,0.0,0.6139164920515383,0.0030996554838249655,,,,,,,,,,,,,,,,,
2016-03-17,300ETF,IS,0.0,0.5584198671386456,0.0030644522950080827,,,,,,,,,,,,,,,,,
2016-03-18,300ETF,IS,0.0,0.3204582636285043,0.0036706645762152957,,,,,,,,,,,,,,,,,
2016-03-21,300ETF,IS,0.0,1.3077897854837808,0.0008932841102965627,,,,,,,,,,,,,,,,,
2016-03-22,300ETF,IS,0.0,-0.38299456948720084,0.0006210517208328739,,,,,,,,,,,,,,,,,
2016-03-23,300ETF,IS,0.0,0.8621979062196107,0.0016899798443174524,,,,,,,,,,,,,,,,,
2016-03-24,300ETF,IS,0.0,-1.3886386239916821,-0.002209699586257766,,,,,,,,,,,,,,,,,
2016-03-25,300ETF,IS,0.0,0.8708886412395415,-0.003056365463241532,,,,,,,,,,,,,,,,,
2016-03-28,300ETF,IS,0.0,1.3752986815025192,-0.01212064485418439,,,,,,,,,,,,,,,,,
2016-03-29,300ETF,IS,0.0,-0.47789400868466736,-0.005416591278306026,,,,,,,,,,,,,,,,,
2016-03-30,300ETF,IS,0.842554136792456,1.7483138027227687,0.00747963763103457,-0.003469487788749805,-0.0006299212806720342,0.0006295247296349124,0.00940151080247183,-0.003469487788749805,-0.0006299212806720342,0.0006295247296349124,0.002839566508077739,0.012870998591221636,0.010031432083143865,0.008771986072836918,0.0006383800708525508,0.0008041321961575612,1435,0.0,False,-1.0
2016-03-31,300ETF,IS,0.0,-0.20574968312003172,-0.0014704168583962827,,,,,,,,,,,,,,,,,
2016-04-01,300ETF,IS,0.0,0.07864481729791509,0.0016424069971534899,,,,,,,,,,,,,,,,,
2016-04-05,300ETF,IS,0.0,0.14911847737600256,0.015052438304370202,,,,,,,,,,,,,,,,,
2016-04-06,300ETF,IS,0.0,-0.21139986217428364,-4.6337122582916826e-05,,,,,,,,,,,,,,,,,
2016-04-07,300ETF,IS,0.0,-0.11989674255964235,-0.005460243736136977,,,,,,,,,,,,,,,,,
2016-04-08,300ETF,IS,0.0,-0.7373655717333247,-0.006789778501338666,,,,,,,,,,,,,,,,,
2016-04-11,300ETF,IS,1.0,1.8625247627097572,-0.0025618761791608912,0.0,0.00030916679794873404,0.0009272137891922675,-0.00433840159859813,0.0,0.00030916679794873404,0.0009272137891922675,0.00030916679794873404,-0.00433840159859813,-0.004647568396546864,-0.005265615387790397,0.0005930133295684099,0.000672832773425814,1330,0.005265615387790397,False,-1.0
2016-04-12,300ETF,IS,0.0,-0.3653617548335601,-0.0010245331290510285,,,,,,,,,,,,,,,,,
2016-04-13,300ETF,IS,1.0,1.8121994550472293,0.002222020146240268,0.004282661792000728,0.0073305154162542,0.0073305154162542,0.0018376727989342645,0.004282661792000728,0.0073305154162542,0.0073305154162542,0.0030478536242533358,-0.0024449889930664636,-0.005492842617319935,-0.005492842617319935,0.0005365253463211991,0.00045792799299731134,1305,0.005492842617319935,False,-1.0
2016-04-14,300ETF,IS,0.0,0.45292165614792224,-0.0006710908545771144,,,,,,,,,,,,,,,,,
2016-04-15,300ETF,IS,0.0,-0.45055986071858917,-0.0011868009308845953,,,,,,,,,,,,,,,,,
2016-04-18,300ETF,IS,0.0,-1.3634608854314811,0.0009010254074154877,,,,,,,,,,,,,,,,,
2016-04-19,300ETF,IS,0.0,0.4050892379137628,-0.00024866288996060843,,,,,,,,,,,,,,,,,
2016-04-20,300ETF,IS,0.0,-0.09783792740693012,-0.02276510669583611,,,,,,,,,,,,,,,,,
2016-04-21,300ETF,IS,0.0,-0.43128134462472156,0.005463857718168406,,,,,,,,,,,,,,,,,
2016-04-22,300ETF,IS,0.0,0.22680231986863575,0.004192200128594399,,,,,,,,,,,,,,,,,
2016-04-25,300ETF,IS,0.0,-1.0874553572231362,0.005711930965465823,,,,,,,,,,,,,,,,,
2016-04-26,300ETF,IS,0.0,1.011764285586544,-0.0025401545075317564,,,,,,,,,,,,,,,,,
2016-04-27,300ETF,IS,0.0,-0.7817321806522464,-0.001422419540615756,,,,,,,,,,,,,,,,,
2016-04-28,300ETF,IS,0.0,-0.46712072665798765,-0.00628303742577162,,,,,,,,,,,,,,,,,
2016-04-29,300ETF,IS,0.0,-0.08905298388794898,0.0020442201021128154,,,,,,,,,,,,,,,,,
2016-05-03,300ETF,IS,0.0,0.36901902488909893,0.011324109061999843,,,,,,,,,,,,,,,,,
2016-05-04,300ETF,IS,0.0,0.11467415409789677,-0.001388035958442402,,,,,,,,,,,,,,,,,
2016-05-05,300ETF,IS,0.0,0.27787034835405267,-0.00018860599498044046,,,,,,,,,,,,,,,,,
2016-05-06,300ETF,IS,0.0,-0.19525108444873276,-0.014050966781155567,,,,,,,,,,,,,,,,,
2016-05-09,300ETF,IS,0.0,-1.0746812774591756,-0.004148040246427157,,,,,,,,,,,,,,,,,
2016-05-10,300ETF,IS,0.0,0.3903045527789942,0.0013546041216027952,,,,,,,,,,,,,,,,,
2016-05-11,300ETF,IS,0.0,-0.04621928148577275,0.0031985195430996173,,,,,,,,,,,,,,,,,
2016-05-12,300ETF,IS,0.0,-1.5187506100674204,0.014566727281596836,,,,,,,,,,,,,,,,,
2016-05-13,300ETF,IS,0.0,0.542290050091239,-0.008147517066187559,,,,,,,,,,,,,,,,,
2016-05-16,300ETF,IS,0.0,0.03083742662525217,0.009418315876034276,,,,,,,,,,,,,,,,,
2016-05-17,300ETF,IS,0.0,-0.7368309263349619,0.0008957069928603627,,,,,,,,,,,,,,,,,
2016-05-18,300ETF,IS,0.0,-0.7875229337766291,-0.009701841278872653,,,,,,,,,,,,,,,,,
2016-05-19,300ETF,IS,0.0,0.3059048133313461,-0.0019851281484718026,,,,,,,,,,,,,,,,,
2016-05-20,300ETF,IS,0.0,-0.15527872060502468,0.0021602622268485825,,,,,,,,,,,,,,,,,
2016-05-23,300ETF,IS,0.0,0.9379714380541148,-0.0016884925055488194,,,,,,,,,,,,,,,,,
2016-05-24,300ETF,IS,0.0,-0.906370718618902,-0.0019333045472862715,,,,,,,,,,,,,,,,,
2016-05-25,300ETF,IS,0.0,0.4339316868295135,-0.006283506536551991,,,,,,,,,,,,,,,,,
2016-05-26,300ETF,IS,0.0,0.7261441303199,0.004589223075150372,,,,,,,,,,,,,,,,,
2016-05-27,300ETF,IS,0.0,-0.3947238250646134,0.003181394617159156,,,,,,,,,,,,,,,,,
2016-05-30,300ETF,IS,0.0,-1.001406955857107,0.00637790845494818,,,,,,,,,,,,,,,,,
2016-05-31,300ETF,IS,1.0,2.2905157330736396,0.009600665094911446,-0.0015931180683480637,0.0015905840795764612,0.003495951439123142,0.005397695276940868,-0.0015931180683480637,0.0015905840795764612,0.003495951439123142,0.003183702147924608,0.006990813345288931,0.0038071111973644067,0.0019017438378177258,0.0007296220986903468,0.0004952137047368363,1435,0.0,False,-1.0
2016-06-01,300ETF,IS,0.0,0.3585292338860701,-0.0036341428005579064,,,,,,,,,,,,,,,,,
2016-06-02,300ETF,IS,0.0,0.4127528345417452,-0.0016390433707808118,,,,,,,,,,,,,,,,,
2016-06-03,300ETF,IS,0.0,-0.3270590998066881,0.008574933452787401,,,,,,,,,,,,,,,,,
2016-06-06,300ETF,IS,0.0,0.09516329386386378,-0.0030907643436406235,,,,,,,,,,,,,,,,,
2016-06-07,300ETF,IS,0.0,-0.24082130700254897,0.001990309051843918,,,,,,,,,,,,,,,,,
2016-06-08,300ETF,IS,0.0,-0.9169852118494345,0.00545921627582239,,,,,,,,,,,,,,,,,
2016-06-13,300ETF,IS,0.0,-1.2690360080463206,-0.012286975478006643,,,,,,,,,,,,,,,,,
2016-06-14,300ETF,IS,0.0,0.6345986715416011,-0.002288118931851106,,,,,,,,,,,,,,,,,
2016-06-15,300ETF,IS,0.0,0.0814799449331053,0.012274834822590739,,,,,,,,,,,,,,,,,
2016-06-16,300ETF,IS,0.0,-0.03169089216150158,-0.0031177610989942756,,,,,,,,,,,,,,,,,
2016-06-17,300ETF,IS,0.5148753824522811,1.5517452301319707,-0.006850054304260922,-0.0022367799707698048,-0.0012775472833095895,-0.0019169334943505512,-0.007046794054554686,-0.0022367799707698048,-0.0012775472833095895,-0.0019169334943505512,0.0009592326874603561,-0.004810014083784881,-0.005769246771245096,-0.005129860560204135,0.0005725432531503733,0.0004974680137312063,1305,0.005769246771245096,False,-1.0
2016-06-20,300ETF,IS,0.0,-0.5396206125884685,0.00541670950937,,,,,,,,,,,,,,,,,
2016-06-21,300ETF,IS,0.0,0.7485399195049853,-0.010143197950178493,,,,,,,,,,,,,,,,,
2016-06-22,300ETF,IS,0.0,0.4383981920160934,0.004677270704980906,,,,,,,,,,,,,,,,,
2016-06-23,300ETF,IS,0.0,-0.5554321687390495,-0.00023545057505622432,,,,,,,,,,,,,,,,,
2016-06-24,300ETF,IS,0.0,0.7057231717390572,-0.008771651577233674,,,,,,,,,,,,,,,,,
2016-06-27,300ETF,IS,0.0,0.996730725457421,0.005432079372740896,,,,,,,,,,,,,,,,,
2016-06-28,300ETF,IS,0.0,-0.21841512973235977,0.008011159268617318,,,,,,,,,,,,,,,,,
2016-06-29,300ETF,IS,0.0,0.5308520512447059,-0.0010407614605275283,,,,,,,,,,,,,,,,,
2016-06-30,300ETF,IS,0.0,0.561755944562777,-0.0011575487819035328,,,,,,,,,,,,,,,,,
2016-07-01,300ETF,IS,0.0,0.5691796249286383,-0.002601792588816071,,,,,,,,,,,,,,,,,
2016-07-04,300ETF,IS,0.0,0.2255965491569592,0.016195316155119488,,,,,,,,,,,,,,,,,
2016-07-05,300ETF,IS,0.0,0.17452777878285528,0.001034223713440694,,,,,,,,,,,,,,,,,
2016-07-06,300ETF,IS,0.0,-0.6653925631292535,0.004812188383288498,,,,,,,,,,,,,,,,,
2016-07-07,300ETF,IS,0.0,0.02245262507551348,-0.00015795349515049828,,,,,,,,,,,,,,,,,
2016-07-08,300ETF,IS,0.0,-0.4914928286833986,0.00010418841504956756,,,,,,,,,,,,,,,,,
2016-07-11,300ETF,IS,0.0,0.9001557954846412,0.0053936315271159805,,,,,,,,,,,,,,,,,
2016-07-12,300ETF,IS,0.0,1.167935537170536,0.011323555972335614,,,,,,,,,,,,,,,,,
2016-07-13,300ETF,IS,0.0,1.320362900376696,-0.003776763173644679,,,,,,,,,,,,,,,,,
2016-07-14,300ETF,IS,0.0,-0.08863307716423452,-0.0011508514651732376,,,,,,,,,,,,,,,,,
2016-07-15,300ETF,IS,0.0,-0.18635195807663069,0.0013956878111185613,,,,,,,,,,,,,,,,,
2016-07-18,300ETF,IS,0.0,0.4155090657561914,0.0008941694474124568,,,,,,,,,,,,,,,,,
2016-07-19,300ETF,IS,0.0,0.026988265054410984,-0.0041777458049980926,,,,,,,,,,,,,,,,,
2016-07-20,300ETF,IS,0.0,-0.3450392226738681,-0.0017731392797593034,,,,,,,,,,,,,,,,,
2016-07-21,300ETF,IS,0.0,1.044614310374931,0.003213697050713291,,,,,,,,,,,,,,,,,
2016-07-22,300ETF,IS,0.0,-0.4551293668814398,-0.006192535212373166,,,,,,,,,,,,,,,,,
2016-07-25,300ETF,IS,0.0,0.4520037939524169,-0.0012766561308024803,,,,,,,,,,,,,,,,,
2016-07-26,300ETF,IS,0.0,1.0084812889072128,0.003686780569320488,,,,,,,,,,,,,,,,,
2016-07-27,300ETF,IS,0.0,0.13812071413117033,-0.02835572775508652,,,,,,,,,,,,,,,,,
2016-07-28,300ETF,IS,0.0,-0.11151964493972523,0.004153693336741145,,,,,,,,,,,,,,,,,
2016-07-29,300ETF,IS,0.0,0.2664808423852818,-0.005352113220132399,,,,,,,,,,,,,,,,,
2016-08-01,300ETF,IS,0.0,-0.903326336432696,-0.00048637515865824056,,,,,,,,,,,,,,,,,
2016-08-02,300ETF,IS,0.0,0.5706839717471901,0.0011017482331434317,,,,,,,,,,,,,,,,,
2016-08-03,300ETF,IS,0.0,-0.12118391726792269,-0.0009067498284031569,,,,,,,,,,,,,,,,,
2016-08-04,300ETF,IS,0.0,-0.14187746359850775,0.004180094477112424,,,,,,,,,,,,,,,,,
2016-08-05,300ETF,IS,0.0,-0.4414877980498636,0.003541479218969625,,,,,,,,,,,,,,,,,
2016-08-08,300ETF,IS,0.0,-0.6707236655804284,0.006805066541145295,,,,,,,,,,,,,,,,,
2016-08-09,300ETF,IS,0.0,0.1412101403583788,0.00514365386964372,,,,,,,,,,,,,,,,,
2016-08-10,300ETF,IS,0.0,0.32838685371656884,-0.00042398301899076134,,,,,,,,,,,,,,,,,
2016-08-11,300ETF,IS,0.0,1.1539328218437137,-0.005381958906516249,,,,,,,,,,,,,,,,,
2016-08-12,300ETF,IS,0.0,0.633546870791294,0.015248945329227876,,,,,,,,,,,,,,,,,
2016-08-15,300ETF,IS,0.6186832569067089,1.6461608232160985,0.01669534602961329,0.015187207793528164,0.020967570709027522,0.02154377354836336,0.019814168043674182,0.015187207793528164,0.020967570709027522,0.02154377354836336,0.005780362915499549,0.004626960250146018,-0.0011534026653533397,-0.001729605504689178,0.0007655156362538919,0.0009669479465195191,1330,0.001729605504689178,False,-1.0
2016-08-16,300ETF,IS,0.0,0.9886444579038504,-0.005120566347820127,,,,,,,,,,,,,,,,,
2016-08-17,300ETF,IS,0.0,0.1396688777251505,-0.0020164244727524537,,,,,,,,,,,,,,,,,
2016-08-18,300ETF,IS,0.0,1.0016770083028066,-0.005051330116062332,,,,,,,,,,,,,,,,,
2016-08-19,300ETF,IS,0.0,0.0028404451854191983,0.003998028060889389,,,,,,,,,,,,,,,,,
2016-08-22,300ETF,IS,0.0,0.3238033123718239,-0.004548469265009766,,,,,,,,,,,,,,,,,
2016-08-23,300ETF,IS,0.0,0.5941325287743464,-0.0022709583892751776,,,,,,,,,,,,,,,,,
2016-08-24,300ETF,IS,0.0,0.17260146918349709,-0.0039608475393535765,,,,,,,,,,,,,,,,,
2016-08-25,300ETF,IS,0.0,-1.04395052358671,0.0015927370694710436,,,,,,,,,,,,,,,,,
2016-08-26,300ETF,IS,0.0,-0.130536226547709,-0.0030326280891376472,,,,,,,,,,,,,,,,,
2016-08-29,300ETF,IS,0.0,-0.4580113229351379,0.0015494570434611196,,,,,,,,,,,,,,,,,
2016-08-30,300ETF,IS,0.0,0.6439740803769721,0.0009935998920447588,,,,,,,,,,,,,,,,,
2016-08-31,300ETF,IS,0.0,-0.22578315327706933,0.002873769222247587,,,,,,,,,,,,,,,,,
2016-09-01,300ETF,IS,0.0,-0.49438558161986484,-0.002676137659068724,,,,,,,,,,,,,,,,,
2016-09-02,300ETF,IS,0.0,0.5304061901308649,0.0001103002549327243,,,,,,,,,,,,,,,,,
2016-09-05,300ETF,IS,0.0,-0.15762092672041572,-0.0008580003421695078,,,,,,,,,,,,,,,,,
2016-09-06,300ETF,IS,0.0,-0.2634827232733837,0.009579531803955139,,,,,,,,,,,,,,,,,
2016-09-07,300ETF,IS,0.0,0.12858951054085946,-0.0005218264797942074,,,,,,,,,,,,,,,,,
2016-09-08,300ETF,IS,0.0,0.16932887281975043,-0.002191686407660856,,,,,,,,,,,,,,,,,
2016-09-09,300ETF,IS,0.0,-0.06705665424237121,-0.004478762334113046,,,,,,,,,,,,,,,,,
2016-09-12,300ETF,IS,0.0,-1.5418944915652164,-0.007430594346519857,,,,,,,,,,,,,,,,,
2016-09-13,300ETF,IS,0.0,0.026372010213074563,-0.00241228319809551,,,,,,,,,,,,,,,,,
2016-09-14,300ETF,IS,0.0,-0.7791585787849116,-0.004316245872179201,,,,,,,,,,,,,,,,,
2016-09-19,300ETF,IS,0.0,1.2041200319629297,0.0006432479253203019,,,,,,,,,,,,,,,,,
2016-09-20,300ETF,IS,0.0,-0.5847781670483105,-0.001090650872894572,,,,,,,,,,,,,,,,,
2016-09-21,300ETF,IS,0.0,0.041612009417903946,0.0016824120949585756,,,,,,,,,,,,,,,,,
2016-09-22,300ETF,IS,0.0,0.47298777110657786,0.0011461109256514297,,,,,,,,,,,,,,,,,
2016-09-23,300ETF,IS,0.0,-0.6445243458214651,-0.0011602103947258773,,,,,,,,,,,,,,,,,
2016-09-26,300ETF,IS,0.0,-1.3233471578926024,-0.004519094615200412,,,,,,,,,,,,,,,,,
2016-09-27,300ETF,IS,0.0,0.4779938806634844,7.308352849788957e-05,,,,,,,,,,,,,,,,,
2016-09-28,300ETF,IS,0.0,-1.3803685004702881,0.0009187038690987646,,,,,,,,,,,,,,,,,
2016-09-29,300ETF,IS,0.0,0.4893118352200187,0.0032832690434108163,,,,,,,,,,,,,,,,,
2016-09-30,300ETF,IS,0.0,0.5380762660679727,0.0008128090792767229,,,,,,,,,,,,,,,,,
2016-10-10,300ETF,IS,0.0,0.1656133416168888,0.007710349361921885,,,,,,,,,,,,,,,,,
2016-10-11,300ETF,IS,0.0,0.30457903575066836,-0.001049930238856996,,,,,,,,,,,,,,,,,
2016-10-12,300ETF,IS,0.0,-0.37901779587406675,-0.0006077889783618088,,,,,,,,,,,,,,,,,
2016-10-13,300ETF,IS,0.0,0.2873817988602844,0.00032324053672897125,,,,,,,,,,,,,,,,,
2016-10-14,300ETF,IS,0.0,-0.8122050898484457,0.0021653581898972256,,,,,,,,,,,,,,,,,
2016-10-17,300ETF,IS,0.0,-0.1366210005445308,-0.008978816780488865,,,,,,,,,,,,,,,,,
2016-10-18,300ETF,IS,0.0,0.6654064623320824,0.009082733557360043,,,,,,,,,,,,,,,,,
2016-10-19,300ETF,IS,0.0,0.5676601256179085,-0.0038867499003389866,,,,,,,,,,,,,,,,,
2016-10-20,300ETF,IS,0.0,0.40350651371791274,-0.0011141134354666121,,,,,,,,,,,,,,,,,
2016-10-21,300ETF,IS,0.0,0.07556987311174838,-1.8972738253694444e-05,,,,,,,,,,,,,,,,,
2016-10-24,300ETF,IS,0.0,0.6689022060034462,0.010050464820812873,,,,,,,,,,,,,,,,,
2016-10-25,300ETF,IS,0.0,0.09162145186192479,-0.0008874289064177165,,,,,,,,,,,,,,,,,
2016-10-26,300ETF,IS,0.0,-0.461515732650749,-0.002273742830026566,,,,,,,,,,,,,,,,,
2016-10-27,300ETF,IS,0.0,-0.8354249913559401,-0.0016015855859840985,,,,,,,,,,,,,,,,,
2016-10-28,300ETF,IS,0.0,1.1776537399861877,-0.005747022386570319,,,,,,,,,,,,,,,,,
2016-10-31,300ETF,IS,0.0,-0.8060893617324913,0.0025490740298063815,,,,,,,,,,,,,,,,,
2016-11-01,300ETF,IS,0.0,0.14610620057164728,0.0030526496768937582,,,,,,,,,,,,,,,,,
2016-11-02,300ETF,IS,0.0,-0.4995311957369024,-0.0032596039438350173,,,,,,,,,,,,,,,,,
2016-11-03,300ETF,IS,0.0,0.5119697534391433,0.008341493260315809,,,,,,,,,,,,,,,,,
2016-11-04,300ETF,IS,0.0,0.7060704962725167,-0.005786644280015126,,,,,,,,,,,,,,,,,
2016-11-07,300ETF,IS,0.0,-0.44088356794176636,0.00183076623530704,,,,,,,,,,,,,,,,,
2016-11-08,300ETF,IS,0.0,0.12468336089954765,0.0004820621047511034,,,,,,,,,,,,,,,,,
2016-11-09,300ETF,IS,0.0,-0.09531549826731964,-0.0005669660932326895,,,,,,,,,,,,,,,,,
2016-11-10,300ETF,IS,0.0,1.3660471007961683,0.00017955517068071506,,,,,,,,,,,,,,,,,
2016-11-11,300ETF,IS,0.0,-0.2358285716432517,0.008677626210777221,,,,,,,,,,,,,,,,,
2016-11-14,300ETF,IS,0.0,0.6022650071348246,-0.000675334289850255,,,,,,,,,,,,,,,,,
2016-11-15,300ETF,IS,0.0,0.03727870747272046,0.0003236725143058824,,,,,,,,,,,,,,,,,
2016-11-16,300ETF,IS,0.0,-0.6394141447220354,0.000321372603499395,,,,,,,,,,,,,,,,,
2016-11-17,300ETF,IS,0.0,-0.49551235634242863,0.0027275581416077595,,,,,,,,,,,,,,,,,
2016-11-18,300ETF,IS,0.0,-0.9705520149751407,-0.003902138963727782,,,,,,,,,,,,,,,,,
2016-11-21,300ETF,IS,0.0,1.173573849364979,-0.0030992986101454237,,,,,,,,,,,,,,,,,
2016-11-22,300ETF,IS,0.0,0.7973411155081556,0.001534919895625449,,,,,,,,,,,,,,,,,
2016-11-23,300ETF,IS,0.0,0.9616243573972325,-0.0039042804658064676,,,,,,,,,,,,,,,,,
2016-11-24,300ETF,IS,0.0,0.020360377930307903,0.0036327787076312667,,,,,,,,,,,,,,,,,
2016-11-25,300ETF,IS,0.0,1.0206308555594095,0.006115030282426088,,,,,,,,,,,,,,,,,
2016-11-28,300ETF,IS,0.0,1.0320668200351895,0.00029622740943596607,,,,,,,,,,,,,,,,,
2016-11-29,300ETF,IS,0.0,0.20092087734624856,0.012445932908296221,,,,,,,,,,,,,,,,,
2016-11-30,300ETF,IS,0.0,-0.2103217708991684,-0.003923061595081488,,,,,,,,,,,,,,,,,
2016-12-01,300ETF,IS,0.0,1.0324023021271593,-0.001068445825049534,,,,,,,,,,,,,,,,,
2016-12-02,300ETF,IS,0.0,-0.5623344334149206,-0.007086028602529351,,,,,,,,,,,,,,,,,
2016-12-05,300ETF,IS,0.0,-0.9741428305824581,-0.004954392731878715,,,,,,,,,,,,,,,,,
2016-12-06,300ETF,IS,0.0,0.42939301330654867,-0.0024917925654557474,,,,,,,,,,,,,,,,,
2016-12-07,300ETF,IS,0.0,-0.480374403190024,0.003832624015471033,,,,,,,,,,,,,,,,,
2016-12-08,300ETF,IS,0.0,-0.3205511824908886,-0.0013781793115080604,,,,,,,,,,,,,,,,,
2016-12-09,300ETF,IS,0.0,0.10237910625435397,0.005018355658612186,,,,,,,,,,,,,,,,,
2016-12-12,300ETF,IS,0.0,-0.23338868733696508,-0.01703092261586006,,,,,,,,,,,,,,,,,
2016-12-13,300ETF,IS,0.0,-0.3012995993606256,0.003762513767356297,,,,,,,,,,,,,,,,,
2016-12-14,300ETF,IS,0.0,0.23308820145974088,-0.004615269100277596,,,,,,,,,,,,,,,,,
2016-12-15,300ETF,IS,0.0,-0.13725996818804503,-0.0034342560244717403,,,,,,,,,,,,,,,,,
2016-12-16,300ETF,IS,0.0,-0.04003826164050302,0.0014859259921270733,,,,,,,,,,,,,,,,,
2016-12-19,300ETF,IS,0.0,-0.7884148084135133,-0.003838372026750889,,,,,,,,,,,,,,,,,
2016-12-20,300ETF,IS,0.0,-0.517688221208558,-0.004726333899199912,,,,,,,,,,,,,,,,,
2016-12-21,300ETF,IS,0.0,1.0810298637366105,0.00097637000325618,,,,,,,,,,,,,,,,,
2016-12-22,300ETF,IS,0.0,0.021355950981478865,0.0023609872403318344,,,,,,,,,,,,,,,,,
2016-12-23,300ETF,IS,0.0,-0.7868930002518492,-0.005156712621506971,,,,,,,,,,,,,,,,,
2016-12-26,300ETF,IS,0.0,-1.2352336730520483,0.010883357364295491,,,,,,,,,,,,,,,,,
2016-12-27,300ETF,IS,0.0,0.5092180050738051,-0.002298299443237375,,,,,,,,,,,,,,,,,
2016-12-28,300ETF,IS,0.0,-0.13939851695103994,-0.004436421177778569,,,,,,,,,,,,,,,,,
2016-12-29,300ETF,IS,0.0,-0.21442253555269664,0.0012601560824146427,,,,,,,,,,,,,,,,,
2016-12-30,300ETF,IS,0.0,0.7760492013007645,-0.0032015397146002438,,,,,,,,,,,,,,,,,
2017-01-03,300ETF,IS,0.0,1.2312867889707748,0.0012211034017577994,,,,,,,,,,,,,,,,,
2017-01-04,300ETF,IS,0.0,0.42753233621557496,0.005788836562830998,,,,,,,,,,,,,,,,,
2017-01-05,300ETF,IS,0.0,0.09014156219820094,-4.039993920357898e-05,,,,,,,,,,,,,,,,,
2017-01-06,300ETF,IS,0.0,-0.10438053566478415,-0.0031676559681474018,,,,,,,,,,,,,,,,,
2017-01-09,300ETF,IS,0.0,0.3797223622923697,0.0028805414577770744,,,,,,,,,,,,,,,,,
2017-01-10,300ETF,IS,0.0,0.09401307850188928,0.0004578583158166727,,,,,,,,,,,,,,,,,
2017-01-11,300ETF,IS,0.0,-0.14550413531947362,-0.0056483804732173504,,,,,,,,,,,,,,,,,
2017-01-12,300ETF,IS,0.0,0.4623614733845881,-0.005380514274301588,,,,,,,,,,,,,,,,,
2017-01-13,300ETF,IS,0.0,0.47078894419793665,-0.0005257384190878209,,,,,,,,,,,,,,,,,
2017-01-16,300ETF,IS,0.0,-1.0109980933295186,-0.005029937073204512,,,,,,,,,,,,,,,,,
2017-01-17,300ETF,IS,0.0,-0.09900395162175143,0.0036191111817707095,,,,,,,,,,,,,,,,,
2017-01-18,300ETF,IS,0.0,0.3659352010957484,0.00040417694362719853,,,,,,,,,,,,,,,,,
2017-01-19,300ETF,IS,0.0,0.1195894959677142,-0.0015414696867643192,,,,,,,,,,,,,,,,,
2017-01-20,300ETF,IS,0.0,0.7522360134046452,0.0034122152008146723,,,,,,,,,,,,,,,,,
2017-01-23,300ETF,IS,0.0,1.0107584102717135,-0.0043158946550275875,,,,,,,,,,,,,,,,,
2017-01-24,300ETF,IS,0.0,-0.5837146633529122,0.0030587688463518245,,,,,,,,,,,,,,,,,
2017-01-25,300ETF,IS,0.0,-0.009088510673278673,0.002925758800268058,,,,,,,,,,,,,,,,,
2017-01-26,300ETF,IS,0.0,0.7356275734412157,-0.0009550211764865968,,,,,,,,,,,,,,,,,
2017-02-03,300ETF,IS,0.0,-1.0632833959668355,-0.0036607797956082827,,,,,,,,,,,,,,,,,
2017-02-06,300ETF,IS,0.0,0.4229177554730666,0.0026981761841295697,,,,,,,,,,,,,,,,,
2017-02-07,300ETF,IS,0.0,0.05517337152422414,-0.002632926127403465,,,,,,,,,,,,,,,,,
2017-02-08,300ETF,IS,0.0,-0.8626219568330011,0.007824554558721863,,,,,,,,,,,,,,,,,
2017-02-09,300ETF,IS,0.0,0.5830640882586486,-0.00026548159297433676,,,,,,,,,,,,,,,,,
2017-02-10,300ETF,IS,0.0,0.629957624440017,0.004518495643616048,,,,,,,,,,,,,,,,,
2017-02-13,300ETF,IS,0.0,0.8960407814499481,0.0001895672238465689,,,,,,,,,,,,,,,,,
2017-02-14,300ETF,IS,0.0,-0.5191008994768577,0.0003973632020316167,,,,,,,,,,,,,,,,,
2017-02-15,300ETF,IS,0.0,0.44044058178016077,-0.005026836733226023,,,,,,,,,,,,,,,,,
2017-02-16,300ETF,IS,0.0,0.061798831218321575,0.0016716695716719676,,,,,,,,,,,,,,,,,
2017-02-17,300ETF,IS,0.0,0.5200154061020679,-0.009116157006279959,,,,,,,,,,,,,,,,,
2017-02-20,300ETF,IS,0.0,1.2236339890409171,0.005584311442350707,,,,,,,,,,,,,,,,,
2017-02-21,300ETF,IS,0.0,0.7182867581197379,-0.0009917394319817483,,,,,,,,,,,,,,,,,
2017-02-22,300ETF,IS,0.0,-0.9383407931180531,0.001479998978701319,,,,,,,,,,,,,,,,,
2017-02-23,300ETF,IS,0.0,0.09713167881695386,-0.0055852259000380485,,,,,,,,,,,,,,,,,
2017-02-24,300ETF,IS,0.0,-0.19995828576646474,0.0008538800282976471,,,,,,,,,,,,,,,,,
2017-02-27,300ETF,IS,0.0,-0.31392155616690454,-0.005820216278238058,,,,,,,,,,,,,,,,,
2017-02-28,300ETF,IS,0.0,0.8267757108749466,-0.002807042116881873,,,,,,,,,,,,,,,,,
2017-03-01,300ETF,IS,0.0,0.13334485998645212,-0.0009019728279927473,,,,,,,,,,,,,,,,,
2017-03-02,300ETF,IS,0.0,0.23557692804707775,-0.006312899634911111,,,,,,,,,,,,,,,,,
2017-03-03,300ETF,IS,0.0,-0.6285014223213125,0.0033508154330734174,,,,,,,,,,,,,,,,,
2017-03-06,300ETF,IS,0.0,0.40138482824653443,0.0021760566327485137,,,,,,,,,,,,,,,,,
2017-03-07,300ETF,IS,0.0,0.0750853706332718,0.0014813075049212921,,,,,,,,,,,,,,,,,
2017-03-08,300ETF,IS,0.0,-0.9922451094589633,-0.0018900238712719784,,,,,,,,,,,,,,,,,
2017-03-09,300ETF,IS,0.0,-1.2034199841165454,-0.0013935546438084145,,,,,,,,,,,,,,,,,
2017-03-10,300ETF,IS,0.0,0.4403836239050478,-0.0003527940787496487,,,,,,,,,,,,,,,,,
2017-03-13,300ETF,IS,0.0,-1.1869485778667743,0.00995068212662184,,,,,,,,,,,,,,,,,
2017-03-14,300ETF,IS,0.0,0.23368380900214353,-0.0027497684741140654,,,,,,,,,,,,,,,,,
2017-03-15,300ETF,IS,0.0,-0.881241295698165,0.0004359804706993397,,,,,,,,,,,,,,,,,
2017-03-16,300ETF,IS,0.0,1.2826298344393212,-0.002458881256693694,,,,,,,,,,,,,,,,,
2017-03-17,300ETF,IS,0.0,-0.3602099638594414,-0.00715826217512353,,,,,,,,,,,,,,,,,
2017-03-20,300ETF,IS,0.0,-0.013166814555184416,-0.00020273229174546195,,,,,,,,,,,,,,,,,
2017-03-21,300ETF,IS,0.0,0.08941524906799073,-0.00025219881637249323,,,,,,,,,,,,,,,,,
2017-03-22,300ETF,IS,0.0,-0.07412077194761156,-0.003347123447523074,,,,,,,,,,,,,,,,,
2017-03-23,300ETF,IS,0.0,0.8312251165260827,-0.0015701424490470724,,,,,,,,,,,,,,,,,
2017-03-24,300ETF,IS,0.0,0.3262332875093973,0.007636267096515268,,,,,,,,,,,,,,,,,
2017-03-27,300ETF,IS,0.0,0.8816135698478639,-0.0058093361589995835,,,,,,,,,,,,,,,,,
2017-03-28,300ETF,IS,0.0,-0.6193880322630156,-0.002948085995772851,,,,,,,,,,,,,,,,,
2017-03-29,300ETF,IS,0.0,-0.22580636544800758,0.001926698382558931,,,,,,,,,,,,,,,,,
2017-03-30,300ETF,IS,0.0,-0.2317060537469309,-0.004636625153028334,,,,,,,,,,,,,,,,,
2017-03-31,300ETF,IS,0.0,0.6345829715499204,0.0027109548719012094,,,,,,,,,,,,,,,,,
2017-04-05,300ETF,IS,0.0,0.5354927918057616,0.004906255734627362,,,,,,,,,,,,,,,,,
2017-04-06,300ETF,IS,0.0,-0.5006336853871665,0.0036267431486192337,,,,,,,,,,,,,,,,,
2017-04-07,300ETF,IS,0.0,-0.04494279515013158,0.002594581061693235,,,,,,,,,,,,,,,,,
2017-04-10,300ETF,IS,0.0,-0.421067845832889,-0.003213344649360334,,,,,,,,,,,,,,,,,
2017-04-11,300ETF,IS,0.0,0.6076211050370535,-0.0019166581864761111,,,,,,,,,,,,,,,,,
2017-04-12,300ETF,IS,0.0,-0.777981604904436,-2.5894664206656025e-05,,,,,,,,,,,,,,,,,
2017-04-13,300ETF,IS,0.0,0.012263349116057207,0.002638044405341861,,,,,,,,,,,,,,,,,
2017-04-14,300ETF,IS,0.0,-1.1075537164896183,-0.007580703405902426,,,,,,,,,,,,,,,,,
2017-04-17,300ETF,IS,0.0,-0.7897963061456375,-0.0037495031797097097,,,,,,,,,,,,,,,,,
2017-04-18,300ETF,IS,0.0,-0.042779900566020636,-0.001104851326815117,,,,,,,,,,,,,,,,,
2017-04-19,300ETF,IS,0.0,-0.3096130219669884,-0.0028406699457197713,,,,,,,,,,,,,,,,,
2017-04-20,300ETF,IS,0.0,0.6926966882832736,0.00220579366822751,,,,,,,,,,,,,,,,,
2017-04-21,300ETF,IS,0.0,0.1564132229827765,-0.0035309382303806624,,,,,,,,,,,,,,,,,
2017-04-24,300ETF,IS,0.0,-1.4751888618631022,0.0016720134343205175,,,,,,,,,,,,,,,,,
2017-04-25,300ETF,IS,0.0,0.2086739782570846,0.0029015481315198014,,,,,,,,,,,,,,,,,
2017-04-26,300ETF,IS,0.0,0.5902599404452046,-0.0005207096276396794,,,,,,,,,,,,,,,,,
2017-04-27,300ETF,IS,0.0,-0.9225798696398152,0.010704610785613796,,,,,,,,,,,,,,,,,
2017-04-28,300ETF,IS,0.0,-0.9059945509006098,0.0006020652680200928,,,,,,,,,,,,,,,,,
2017-05-02,300ETF,IS,0.0,-0.673567563067757,-0.0012405248204956836,,,,,,,,,,,,,,,,,
2017-05-03,300ETF,IS,0.0,0.1693305904960149,-0.0035837202698608865,,,,,,,,,,,,,,,,,
2017-05-04,300ETF,IS,0.0,-0.7647509145387051,-0.0011328241167441113,,,,,,,,,,,,,,,,,
2017-05-05,300ETF,IS,0.0,-0.7801054799710718,-0.003269057457714674,,,,,,,,,,,,,,,,,
2017-05-08,300ETF,IS,0.0,-0.387481349866487,0.0016910968086813183,,,,,,,,,,,,,,,,,
2017-05-09,300ETF,IS,0.0,-0.5552319516744688,0.006559706240120085,,,,,,,,,,,,,,,,,
2017-05-10,300ETF,IS,0.0,0.8521929202206877,-0.0035340378086547095,,,,,,,,,,,,,,,,,
2017-05-11,300ETF,IS,0.0,0.07058360631131619,0.005891922446658532,,,,,,,,,,,,,,,,,
2017-05-12,300ETF,IS,0.0,0.35344666806331987,0.003683573666304547,,,,,,,,,,,,,,,,,
2017-05-15,300ETF,IS,0.0,1.0051932659808218,-0.0011111359892126745,,,,,,,,,,,,,,,,,
2017-05-16,300ETF,IS,0.0,-0.9746593553791524,0.012412757501763214,,,,,,,,,,,,,,,,,
2017-05-17,300ETF,IS,0.0,0.031154892531161126,-0.00375397902455999,,,,,,,,,,,,,,,,,
2017-05-18,300ETF,IS,0.0,-0.0517129058019825,-0.0028718104635565476,,,,,,,,,,,,,,,,,
2017-05-19,300ETF,IS,0.0,0.4570377012863059,-0.0004104045608747223,,,,,,,,,,,,,,,,,
2017-05-22,300ETF,IS,0.0,0.41620548396599444,-0.004267315205213186,,,,,,,,,,,,,,,,,
2017-05-23,300ETF,IS,0.0,0.07325367378377538,0.0024966720609421946,,,,,,,,,,,,,,,,,
2017-05-24,300ETF,IS,0.0,-0.9278044358939318,0.0057588800275827105,,,,,,,,,,,,,,,,,
2017-05-25,300ETF,IS,0.0,0.612938699686436,0.01583148552026255,,,,,,,,,,,,,,,,,
2017-05-26,300ETF,IS,0.0,0.6882534345554541,-0.0030118165220632694,,,,,,,,,,,,,,,,,
2017-05-31,300ETF,IS,0.0,0.8887844758475207,-0.006734908837905546,,,,,,,,,,,,,,,,,
2017-06-01,300ETF,IS,0.0,-0.029688216957167314,0.0034759992845876417,,,,,,,,,,,,,,,,,
2017-06-02,300ETF,IS,0.0,-0.2727927671004138,-0.0005050795862824895,,,,,,,,,,,,,,,,,
2017-06-05,300ETF,IS,0.0,-0.33877081450862456,0.00020673757541157952,,,,,,,,,,,,,,,,,
2017-06-06,300ETF,IS,0.0,0.2869654337319184,0.0013569899259656454,,,,,,,,,,,,,,,,,
2017-06-07,300ETF,IS,0.0,0.8235719527712001,0.002679946788640015,,,,,,,,,,,,,,,,,
2017-06-08,300ETF,IS,0.0,0.4249393708913522,0.005450649018454445,,,,,,,,,,,,,,,,,
2017-06-09,300ETF,IS,0.0,1.0960288997698104,-0.0012696408499528328,,,,,,,,,,,,,,,,,
2017-06-12,300ETF,IS,0.0,0.7873771160012677,-0.006014028362050926,,,,,,,,,,,,,,,,,
2017-06-13,300ETF,IS,0.0,-0.525627200622838,0.005905158071884868,,,,,,,,,,,,,,,,,
2017-06-14,300ETF,IS,0.0,-0.9028190316057753,-0.007960575370781034,,,,,,,,,,,,,,,,,
2017-06-15,300ETF,IS,0.0,0.37860846662431485,2.782864946595342e-05,,,,,,,,,,,,,,,,,
2017-06-16,300ETF,IS,0.0,0.4864250972632954,-0.0008398363468043244,,,,,,,,,,,,,,,,,
2017-06-19,300ETF,IS,0.0,0.9536539124469684,0.001979587599952707,,,,,,,,,,,,,,,,,
2017-06-20,300ETF,IS,0.0,-0.43173023807713584,-0.0019511462339043082,,,,,,,,,,,,,,,,,
2017-06-21,300ETF,IS,0.0,-0.8533487233974406,0.0035475227078232614,,,,,,,,,,,,,,,,,
2017-06-22,300ETF,IS,0.0,0.9578380531949521,0.0005102179573193257,,,,,,,,,,,,,,,,,
2017-06-23,300ETF,IS,0.0,-0.043600926728516634,0.005641322889083561,,,,,,,,,,,,,,,,,
2017-06-26,300ETF,IS,0.5273554146171043,1.57017103840673,0.0013692348540506774,-0.0005433306300465419,0.001357036441121208,-0.0005433306300465419,0.001357036441121208,-0.0005433306300465419,0.001357036441121208,-0.0005433306300465419,0.001900367071167792,0.0019003670711677499,0.0,0.0019003670711677499,0.0005612324752207657,0.0007291906603686581,1305,0.0,False,-1.0
2017-06-27,300ETF,IS,0.0,-0.791477383051268,0.005304377406944105,,,,,,,,,,,,,,,,,
2017-06-28,300ETF,IS,0.0,-0.48336199544817693,-0.0034282384903041897,,,,,,,,,,,,,,,,,
2017-06-29,300ETF,IS,0.0,0.23060510320315103,0.0016891111466291004,,,,,,,,,,,,,,,,,
2017-06-30,300ETF,IS,0.0,-0.38066925437081395,0.002824847977769835,,,,,,,,,,,,,,,,,
2017-07-03,300ETF,IS,0.0,-1.1657819824860147,-0.001650001762349982,,,,,,,,,,,,,,,,,
2017-07-04,300ETF,IS,0.0,-1.367067229196645,-0.0007891408891612385,,,,,,,,,,,,,,,,,
2017-07-05,300ETF,IS,0.0,0.272204848183157,0.011016472358421103,,,,,,,,,,,,,,,,,
2017-07-06,300ETF,IS,0.0,0.08340808821959746,0.002472930458676037,,,,,,,,,,,,,,,,,
2017-07-07,300ETF,IS,0.0,-0.9419056485583841,0.004543935633951905,,,,,,,,,,,,,,,,,
2017-07-10,300ETF,IS,0.0,-0.1994885729584072,0.0009934349053078752,,,,,,,,,,,,,,,,,
2017-07-11,300ETF,IS,0.0,0.548519113763374,0.00930776894040611,,,,,,,,,,,,,,,,,
2017-07-12,300ETF,IS,0.0,0.7851682936349041,-0.004236768625660296,,,,,,,,,,,,,,,,,
2017-07-13,300ETF,IS,0.0,0.7671141640260902,0.002492071320438553,,,,,,,,,,,,,,,,,
2017-07-14,300ETF,IS,0.0,-0.08653290568593686,0.0044247163616698785,,,,,,,,,,,,,,,,,
2017-07-17,300ETF,IS,0.0,-0.35025607420388555,-0.0016636860297047167,,,,,,,,,,,,,,,,,
2017-07-18,300ETF,IS,0.0,0.16433991737965692,-0.0010784418707818085,,,,,,,,,,,,,,,,,
2017-07-19,300ETF,IS,0.0,0.6393924123396865,0.010612750632759974,,,,,,,,,,,,,,,,,
2017-07-20,300ETF,IS,0.0,0.2211261405774512,0.0031236751060663365,,,,,,,,,,,,,,,,,
2017-07-21,300ETF,IS,0.0,-0.23382197669460122,-0.0027561881328580042,,,,,,,,,,,,,,,,,
2017-07-24,300ETF,IS,0.0,0.37834173998578813,0.003818595048783663,,,,,,,,,,,,,,,,,
2017-07-25,300ETF,IS,0.0,0.011324521185119014,-0.0038687344962044985,,,,,,,,,,,,,,,,,
2017-07-26,300ETF,IS,0.0,0.9246306457419025,-0.00593569139890835,,,,,,,,,,,,,,,,,
2017-07-27,300ETF,IS,0.0,-0.9128967440769865,0.007660902582418088,,,,,,,,,,,,,,,,,
2017-07-28,300ETF,IS,0.0,-0.2874402760034206,0.0017459501294476616,,,,,,,,,,,,,,,,,
2017-07-31,300ETF,IS,0.0,0.0818769899666216,0.004635727470229446,,,,,,,,,,,,,,,,,
2017-08-01,300ETF,IS,0.0,0.763788772537771,-0.0015287188870640462,,,,,,,,,,,,,,,,,
2017-08-02,300ETF,IS,0.0,0.4494817929553169,-0.004025517092956765,,,,,,,,,,,,,,,,,
2017-08-03,300ETF,IS,0.0,0.25181073050127495,-0.006409095150329395,,,,,,,,,,,,,,,,,
2017-08-04,300ETF,IS,0.0,0.011884374345388034,-0.0009159574414172903,,,,,,,,,,,,,,,,,
2017-08-07,300ETF,IS,0.0,-0.20699007331700645,0.008581752571922611,,,,,,,,,,,,,,,,,
2017-08-08,300ETF,IS,0.0,0.07092543313319136,-0.0008031856711309292,,,,,,,,,,,,,,,,,
2017-08-09,300ETF,IS,0.0,-0.622148726944359,0.002259074532971244,,,,,,,,,,,,,,,,,
2017-08-10,300ETF,IS,0.0,0.6782072385437944,-0.007430341218427952,,,,,,,,,,,,,,,,,
2017-08-11,300ETF,IS,0.0,-0.5316439522926465,-0.0114427540285551,,,,,,,,,,,,,,,,,
2017-08-14,300ETF,IS,0.0,1.0822486018859667,0.004744750420158989,,,,,,,,,,,,,,,,,
2017-08-15,300ETF,IS,0.0,1.0116270569884804,-0.004226922907915142,,,,,,,,,,,,,,,,,
2017-08-16,300ETF,IS,0.0,-0.9884085906194692,0.0013730788257496288,,,,,,,,,,,,,,,,,
2017-08-17,300ETF,IS,0.0,0.6426753617916534,0.0010368738101315536,,,,,,,,,,,,,,,,,
2017-08-18,300ETF,IS,0.0,-0.28639469003098045,0.0029641457122642147,,,,,,,,,,,,,,,,,
2017-08-21,300ETF,IS,0.0,0.7324954362677331,-0.001015051839283345,,,,,,,,,,,,,,,,,
2017-08-22,300ETF,IS,0.0,-0.4399524437601756,0.0019944346585468874,,,,,,,,,,,,,,,,,
2017-08-23,300ETF,IS,0.0,0.41958459242197016,0.0011615439124073642,,,,,,,,,,,,,,,,,
2017-08-24,300ETF,IS,0.0,0.5397161755475685,-0.004877756791230016,,,,,,,,,,,,,,,,,
2017-08-25,300ETF,IS,0.0,1.1931766893603484,0.008172048290932798,,,,,,,,,,,,,,,,,
2017-08-28,300ETF,IS,0.6624384481129746,1.6709939199513697,-0.0008724871484947313,0.002048131796354929,0.0030706267729650114,0.0035814824673443602,-0.0012822158443473429,0.002048131796354929,0.0030706267729650114,0.0035814824673443602,0.0010224949766100139,-0.0033303476407022716,-0.004352842617312354,-0.004863698311691703,0.000449429662577601,0.00040972032621246397,1330,0.004863698311691703,False,-1.0
2017-08-29,300ETF,IS,0.0,-0.5818714135417357,-0.0006108624307401929,,,,,,,,,,,,,,,,,
2017-08-30,300ETF,IS,0.0,0.886980601282798,-0.0009856735706190295,,,,,,,,,,,,,,,,,
2017-08-31,300ETF,IS,0.0,-0.23212865326015242,-0.0013415871749379894,,,,,,,,,,,,,,,,,
2017-09-01,300ETF,IS,0.0,0.8317210857348495,-0.0027554477168644067,,,,,,,,,,,,,,,,,
2017-09-04,300ETF,IS,0.0,-0.47253016612356763,0.0005142842629399742,,,,,,,,,,,,,,,,,
2017-09-05,300ETF,IS,0.0,-0.1217250436316386,0.0028602259900812883,,,,,,,,,,,,,,,,,
2017-09-06,300ETF,IS,0.0,-0.3877638896817024,0.0026019043004959683,,,,,,,,,,,,,,,,,
2017-09-07,300ETF,IS,0.0,-0.39800480063111354,-0.00616737179594014,,,,,,,,,,,,,,,,,
2017-09-08,300ETF,IS,0.0,0.4164582463889364,-0.0023504087814568606,,,,,,,,,,,,,,,,,
2017-09-11,300ETF,IS,0.0,0.14314469602275556,-0.002661773781590506,,,,,,,,,,,,,,,,,
2017-09-12,300ETF,IS,0.0,-0.29354462998295444,0.0009890507132463734,,,,,,,,,,,,,,,,,
2017-09-13,300ETF,IS,0.0,-0.2993100436101213,0.003532147092401849,,,,,,,,,,,,,,,,,
2017-09-14,300ETF,IS,0.0,0.4190572301700619,-0.006671358096400717,,,,,,,,,,,,,,,,,
2017-09-15,300ETF,IS,0.0,-0.1950212121856607,0.000971588407344077,,,,,,,,,,,,,,,,,
2017-09-18,300ETF,IS,0.0,1.0370082419245685,-0.0010841908981790043,,,,,,,,,,,,,,,,,
2017-09-19,300ETF,IS,0.0,0.6191064501287211,-0.007056050040790859,,,,,,,,,,,,,,,,,
2017-09-20,300ETF,IS,0.0,0.07931768439405568,0.0020204684009008573,,,,,,,,,,,,,,,,,
2017-09-21,300ETF,IS,0.0,-0.23177745006404044,0.0011894531878896806,,,,,,,,,,,,,,,,,
2017-09-22,300ETF,IS,0.0,0.3020437788992374,0.001423699647050917,,,,,,,,,,,,,,,,,
2017-09-25,300ETF,IS,0.0,-0.6500192935258987,-0.001975713261636988,,,,,,,,,,,,,,,,,
2017-09-26,300ETF,IS,0.0,0.2724789500655593,-0.0011484073123093385,,,,,,,,,,,,,,,,,
2017-09-27,300ETF,IS,0.0,0.02725415882186457,0.001095127110803807,,,,,,,,,,,,,,,,,
2017-09-28,300ETF,IS,0.0,-0.05875178217687411,0.001742192509733744,,,,,,,,,,,,,,,,,
2017-09-29,300ETF,IS,0.0,0.9126763646901754,-0.0015716947065360272,,,,,,,,,,,,,,,,,
2017-10-09,300ETF,IS,0.0,0.10439099300140028,-0.005736775080764474,,,,,,,,,,,,,,,,,
2017-10-10,300ETF,IS,0.0,0.8176689826257199,0.0009290344658148492,,,,,,,,,,,,,,,,,
2017-10-11,300ETF,IS,0.0,0.43403388813278887,0.0016002108312462733,,,,,,,,,,,,,,,,,
2017-10-12,300ETF,IS,0.0,0.3489762351129031,0.0021066300336020217,,,,,,,,,,,,,,,,,
2017-10-13,300ETF,IS,0.0,0.3351262338724235,0.0029189525691745493,,,,,,,,,,,,,,,,,
2017-10-16,300ETF,IS,0.0,0.13438707588880308,-0.002338105859670237,,,,,,,,,,,,,,,,,
2017-10-17,300ETF,IS,0.0,0.10446741415623266,0.0023055901642469847,,,,,,,,,,,,,,,,,
2017-10-18,300ETF,IS,0.0,0.2964747270088348,0.0024461877215779457,,,,,,,,,,,,,,,,,
2017-10-19,300ETF,IS,0.0,-0.1482840972691836,-0.0024513978358638297,,,,,,,,,,,,,,,,,
2017-10-20,300ETF,IS,0.0,-0.7061625854146651,0.0030824846331754746,,,,,,,,,,,,,,,,,
2017-10-23,300ETF,IS,0.0,0.21591659072667888,0.00017303210734781775,,,,,,,,,,,,,,,,,
2017-10-24,300ETF,IS,0.0,0.4543708449563493,0.0036733642495922797,,,,,,,,,,,,,,,,,
2017-10-25,300ETF,IS,0.0,0.08188405845422246,0.0023671109993851926,,,,,,,,,,,,,,,,,
2017-10-26,300ETF,IS,0.0,0.31916903825572457,-0.001378369565872705,,,,,,,,,,,,,,,,,
2017-10-27,300ETF,IS,0.0,0.5598536539073655,0.003279005653132857,,,,,,,,,,,,,,,,,
2017-10-30,300ETF,IS,0.0,-0.13025060068894842,0.0030586462939995412,,,,,,,,,,,,,,,,,
2017-10-31,300ETF,IS,0.0,-0.5297768265036737,0.005368695894524178,,,,,,,,,,,,,,,,,
2017-11-01,300ETF,IS,0.0,0.6013726114616683,-0.006085691690175538,,,,,,,,,,,,,,,,,
2017-11-02,300ETF,IS,0.0,-1.1844662953700573,0.0034163492977520755,,,,,,,,,,,,,,,,,
2017-11-03,300ETF,IS,0.0,-0.19727770993375368,-0.0048671026571724925,,,,,,,,,,,,,,,,,
2017-11-06,300ETF,IS,0.0,-0.4751414645741876,0.006716301314331343,,,,,,,,,,,,,,,,,
2017-11-07,300ETF,IS,0.0,1.14920886214712,-0.00014431049594545824,,,,,,,,,,,,,,,,,
2017-11-08,300ETF,IS,0.0,0.40540484070968114,-0.005377682433233412,,,,,,,,,,,,,,,,,
2017-11-09,300ETF,IS,0.0,0.38231860413029417,0.003554072704675514,,,,,,,,,,,,,,,,,
2017-11-10,300ETF,IS,0.0,0.3251887306672834,0.006218493140743409,,,,,,,,,,,,,,,,,
2017-11-13,300ETF,IS,0.0,1.0060219487426638,-0.003711904948035865,,,,,,,,,,,,,,,,,
2017-11-14,300ETF,IS,0.0,-0.5220381054353819,-0.004248344204498808,,,,,,,,,,,,,,,,,
2017-11-15,300ETF,IS,0.0,0.1696100361105904,-0.0027465968121272184,,,,,,,,,,,,,,,,,
2017-11-16,300ETF,IS,0.0,0.3897465860650211,0.005096787657228926,,,,,,,,,,,,,,,,,
2017-11-17,300ETF,IS,0.0,0.5093896915246747,0.0011197822504204584,,,,,,,,,,,,,,,,,
2017-11-20,300ETF,IS,0.0,-0.8972530412713697,0.00926131511444747,,,,,,,,,,,,,,,,,
2017-11-21,300ETF,IS,0.0,1.279929902303125,0.007186267664241301,,,,,,,,,,,,,,,,,
2017-11-22,300ETF,IS,0.0,1.0473991754070766,-0.006344039569171468,,,,,,,,,,,,,,,,,
2017-11-23,300ETF,IS,0.0,-1.0217035264665584,-0.014624902133082707,,,,,,,,,,,,,,,,,
2017-11-24,300ETF,IS,0.0,0.524010845866995,0.004291040443863034,,,,,,,,,,,,,,,,,
2017-11-27,300ETF,IS,0.0,-1.5106002461626336,-0.0034517110705183556,,,,,,,,,,,,,,,,,
2017-11-28,300ETF,IS,0.0,0.4631869736646507,-0.0018925532967029551,,,,,,,,,,,,,,,,,
2017-11-29,300ETF,IS,0.0,-0.13672851181592396,0.000232044885780036,,,,,,,,,,,,,,,,,
2017-11-30,300ETF,IS,0.0,-0.7638211227116283,-0.013680025083402795,,,,,,,,,,,,,,,,,
2017-12-01,300ETF,IS,0.0,-0.3599857456290051,0.001307135238883674,,,,,,,,,,,,,,,,,
2017-12-04,300ETF,IS,0.0,-0.10755572101879891,0.001293242156002835,,,,,,,,,,,,,,,,,
2017-12-05,300ETF,IS,0.0,0.6673701394014172,0.0017085703315263385,,,,,,,,,,,,,,,,,
2017-12-06,300ETF,IS,0.0,-0.7007235263178206,-0.007119966851684741,,,,,,,,,,,,,,,,,
2017-12-07,300ETF,IS,0.0,0.26493828029253197,-0.009830123484108175,,,,,,,,,,,,,,,,,
2017-12-08,300ETF,IS,0.0,0.07937821079732087,0.005924424119191353,,,,,,,,,,,,,,,,,
2017-12-11,300ETF,IS,0.0,0.5918576526698073,0.009118057884757705,,,,,,,,,,,,,,,,,
2017-12-12,300ETF,IS,0.0,-0.5488429391654827,-0.007249364867455952,,,,,,,,,,,,,,,,,
2017-12-13,300ETF,IS,0.0,0.23349928557447833,0.008801479092403657,,,,,,,,,,,,,,,,,
2017-12-14,300ETF,IS,0.0,-0.5931211081511356,-0.0012447363927442078,,,,,,,,,,,,,,,,,
2017-12-15,300ETF,IS,0.0,-1.1119215166002105,-0.007415008722188281,,,,,,,,,,,,,,,,,
2017-12-18,300ETF,IS,0.0,0.8654455221078436,-0.006722465954131704,,,,,,,,,,,,,,,,,
2017-12-19,300ETF,IS,0.0,1.0059215301207347,0.004944855333693285,,,,,,,,,,,,,,,,,
2017-12-20,300ETF,IS,0.0,-0.5558124184985493,-0.00218960359271973,,,,,,,,,,,,,,,,,
2017-12-21,300ETF,IS,0.0,-0.194417532390791,0.012334681759606897,,,,,,,,,,,,,,,,,
2017-12-22,300ETF,IS,0.0,0.5520329812282917,-0.002972204447937059,,,,,,,,,,,,,,,,,
2017-12-25,300ETF,IS,0.0,1.1924424610717503,-0.01298448886840254,,,,,,,,,,,,,,,,,
2017-12-26,300ETF,IS,0.0,-0.06171838928269566,-0.0012293533173661777,,,,,,,,,,,,,,,,,
2017-12-27,300ETF,IS,0.0,-0.5543622997172364,-0.006861162524598226,,,,,,,,,,,,,,,,,
2017-12-28,300ETF,IS,0.0,-0.5675130697488868,0.010039251753868193,,,,,,,,,,,,,,,,,
2017-12-29,300ETF,IS,0.0,0.9752626223638986,-0.0028861488918327585,,,,,,,,,,,,,,,,,
2018-01-02,300ETF,IS,0.0,1.3337701454589819,0.003081320547195449,,,,,,,,,,,,,,,,,
2018-01-03,300ETF,IS,0.0,0.6283108892207272,0.002260619414025084,,,,,,,,,,,,,,,,,
2018-01-04,300ETF,IS,0.0,-0.45487319110418545,-9.353583926264029e-05,,,,,,,,,,,,,,,,,
2018-01-05,300ETF,IS,0.0,-0.15984776329175102,0.0025804452443096864,,,,,,,,,,,,,,,,,
2018-01-08,300ETF,IS,0.0,-0.047954338517044004,0.003319794708676381,,,,,,,,,,,,,,,,,
2018-01-09,300ETF,IS,0.0,0.44153954884950136,0.004088835939175773,,,,,,,,,,,,,,,,,
2018-01-10,300ETF,IS,0.0,-0.03246429392303083,0.002793852074395196,,,,,,,,,,,,,,,,,
2018-01-11,300ETF,IS,0.0,-0.5041141946477276,-0.0014029986895758185,,,,,,,,,,,,,,,,,
2018-01-12,300ETF,IS,0.0,0.10836644607288622,0.000373186157618325,,,,,,,,,,,,,,,,,
2018-01-15,300ETF,IS,0.0,0.3104322383339903,0.0006428993983192225,,,,,,,,,,,,,,,,,
2018-01-16,300ETF,IS,0.0,0.3749145945870739,0.0006408029460537682,,,,,,,,,,,,,,,,,
2018-01-17,300ETF,IS,0.0,0.7578931578662161,-0.0013737677375777323,,,,,,,,,,,,,,,,,
2018-01-18,300ETF,IS,0.0,1.3216596661198343,-0.006092587962871575,,,,,,,,,,,,,,,,,
2018-01-19,300ETF,IS,0.0,0.76156131484595,-0.00020386946741010066,,,,,,,,,,,,,,,,,
2018-01-22,300ETF,IS,0.0,0.9915543772987805,0.0064989804245090335,,,,,,,,,,,,,,,,,
2018-01-23,300ETF,IS,0.0,1.1380907707892505,-0.0024099992675534637,,,,,,,,,,,,,,,,,
2018-01-24,300ETF,IS,0.0,0.1517201110014176,0.0012232047170102317,,,,,,,,,,,,,,,,,
2018-01-25,300ETF,IS,0.0,-0.6529404003533757,0.003447628506137984,,,,,,,,,,,,,,,,,
2018-01-26,300ETF,IS,0.0,0.5656022349781137,0.006266701701444905,,,,,,,,,,,,,,,,,
2018-01-29,300ETF,IS,0.0,0.26487274061458627,-0.019727326530931035,,,,,,,,,,,,,,,,,
2018-01-30,300ETF,IS,0.0,0.2903474991345936,-0.011195604804627349,,,,,,,,,,,,,,,,,
2018-01-31,300ETF,IS,0.0,0.5285170451848179,0.003995095881204101,,,,,,,,,,,,,,,,,
2018-02-01,300ETF,IS,0.0,0.38605775668703407,-0.011768480734489026,,,,,,,,,,,,,,,,,
2018-02-02,300ETF,IS,0.0,-1.4141294022830533,0.010721280043914516,,,,,,,,,,,,,,,,,
2018-02-05,300ETF,IS,0.0,-0.0915249120317976,0.004970947896701131,,,,,,,,,,,,,,,,,
2018-02-06,300ETF,IS,0.0,-0.9904500988870473,-0.006634951776097241,,,,,,,,,,,,,,,,,
2018-02-07,300ETF,IS,0.0,0.10028225441663337,-0.03289547154705284,,,,,,,,,,,,,,,,,
2018-02-08,300ETF,IS,0.0,-0.12917979385353312,-0.011710492719269263,,,,,,,,,,,,,,,,,
2018-02-09,300ETF,IS,0.0,-1.552123035217843,-0.0157618621172424,,,,,,,,,,,,,,,,,
2018-02-12,300ETF,IS,0.0,0.7192030462311221,0.011423792794291353,,,,,,,,,,,,,,,,,
2018-02-13,300ETF,IS,0.5053226213630795,1.530952735668343,-0.004692740248219914,0.005053067851391201,0.004296733515576128,-0.0002533248905250227,-0.0030441423812281325,0.005053067851391201,0.004296733515576128,-0.0002533248905250227,-0.000756334335815031,-0.008097210232619334,-0.007340875896804261,-0.0027908174907031098,0.0006290707372383261,0.0006921167424503024,1125,0.008097210232619334,False,-1.0
2018-02-14,300ETF,IS,0.0,0.1208475122584356,0.008508669771806239,,,,,,,,,,,,,,,,,
2018-02-22,300ETF,IS,0.0,0.6748173409299926,0.0060243145945388515,,,,,,,,,,,,,,,,,
2018-02-23,300ETF,IS,0.0,-0.2972896262866033,-0.0020795972170917533,,,,,,,,,,,,,,,,,
2018-02-26,300ETF,IS,0.0,0.3040108635313542,0.010810878571151624,,,,,,,,,,,,,,,,,
2018-02-27,300ETF,IS,0.0,-1.069412997447161,-0.009946692709953787,,,,,,,,,,,,,,,,,
2018-02-28,300ETF,IS,0.0,-1.373356799445351,0.0021962087047021385,,,,,,,,,,,,,,,,,
2018-03-01,300ETF,IS,0.0,0.7826875520371236,0.000218676880016537,,,,,,,,,,,,,,,,,
2018-03-02,300ETF,IS,0.0,-0.4073152994408879,0.003440809913583073,,,,,,,,,,,,,,,,,
2018-03-05,300ETF,IS,0.0,1.0046256090328822,-0.0016762951885510647,,,,,,,,,,,,,,,,,
2018-03-06,300ETF,IS,0.0,-0.24662479204453946,0.007663964807321609,,,,,,,,,,,,,,,,,
2018-03-07,300ETF,IS,0.0,0.34234707732402325,-0.008876771370324311,,,,,,,,,,,,,,,,,
2018-03-08,300ETF,IS,0.0,0.20041724816962178,0.0069832785306459455,,,,,,,,,,,,,,,,,
2018-03-09,300ETF,IS,0.0,0.4314162207939485,0.005601523922794547,,,,,,,,,,,,,,,,,
2018-03-12,300ETF,IS,0.0,-0.40520359794260696,0.0021345532160655764,,,,,,,,,,,,,,,,,
2018-03-13,300ETF,IS,0.0,-0.35970799743436077,-0.006578202504104885,,,,,,,,,,,,,,,,,
2018-03-14,300ETF,IS,0.0,-0.19411105751442134,0.002180487049641744,,,,,,,,,,,,,,,,,
2018-03-15,300ETF,IS,0.0,1.0046590807243387,-0.002463252785000283,,,,,,,,,,,,,,,,,
2018-03-16,300ETF,IS,0.0,0.3321474747623887,-0.008677024794525917,,,,,,,,,,,,,,,,,
2018-03-19,300ETF,IS,0.0,-0.8630561458746934,0.0026703994127719463,,,,,,,,,,,,,,,,,
2018-03-20,300ETF,IS,0.0,0.049079718464639335,0.0024900667305881607,,,,,,,,,,,,,,,,,
2018-03-21,300ETF,IS,0.0,0.2742181553396041,-0.011072129964234291,,,,,,,,,,,,,,,,,
2018-03-22,300ETF,IS,0.0,-0.09298729129171786,-0.006381668340260848,,,,,,,,,,,,,,,,,
2018-03-23,300ETF,IS,0.0,-1.4108044049193855,-0.012226155799000236,,,,,,,,,,,,,,,,,
2018-03-26,300ETF,IS,0.0,-0.9162154884500949,-0.0020821516148282738,,,,,,,,,,,,,,,,,
2018-03-27,300ETF,IS,0.0,0.4909278482195506,-0.0058136375513360705,,,,,,,,,,,,,,,,,
2018-03-28,300ETF,IS,0.0,-0.18882819650850882,-0.013396668866960022,,,,,,,,,,,,,,,,,
2018-03-29,300ETF,IS,0.0,-0.32964507074441957,0.02177652866981172,,,,,,,,,,,,,,,,,
2018-03-30,300ETF,IS,0.0,0.3351690512730419,0.0029836289710805943,,,,,,,,,,,,,,,,,
2018-04-02,300ETF,IS,0.0,0.37398664733172954,-0.009330520298432048,,,,,,,,,,,,,,,,,
2018-04-03,300ETF,IS,0.0,-0.3761502721005827,-3.7591031873106266e-05,,,,,,,,,,,,,,,,,
2018-04-04,300ETF,IS,0.0,0.020579397181519958,-0.0060107660762654174,,,,,,,,,,,,,,,,,
2018-04-09,300ETF,IS,0.0,0.1793831590077371,-0.002242016043599605,,,,,,,,,,,,,,,,,
2018-04-10,300ETF,IS,0.0,0.24308465661072276,0.011840965019656263,,,,,,,,,,,,,,,,,
2018-04-11,300ETF,IS,0.0,0.3946793361492735,0.0017807354807289999,,,,,,,,,,,,,,,,,
2018-04-12,300ETF,IS,0.0,-0.4325910962291794,-0.008166351854306638,,,,,,,,,,,,,,,,,
2018-04-13,300ETF,IS,0.0,0.23051636801296593,-0.011029353671898704,,,,,,,,,,,,,,,,,
2018-04-16,300ETF,IS,0.0,-0.7531763430588682,-0.008981508112542927,,,,,,,,,,,,,,,,,
2018-04-17,300ETF,IS,0.0,0.0011344874718895123,-0.0031673253294385575,,,,,,,,,,,,,,,,,
2018-04-18,300ETF,IS,0.0,-0.5959282326820918,0.005859492371142856,,,,,,,,,,,,,,,,,
2018-04-19,300ETF,IS,0.0,1.2364250995699388,-0.003085521407580837,,,,,,,,,,,,,,,,,
2018-04-20,300ETF,IS,0.0,-0.7303479178075674,-0.012945081539446237,,,,,,,,,,,,,,,,,
2018-04-23,300ETF,IS,0.0,0.7109844553914564,-0.002848271313331348,,,,,,,,,,,,,,,,,
2018-04-24,300ETF,IS,1.0,1.894848085451116,0.0021025176634665806,0.007560979834929861,0.006521478701825022,0.004178642800052538,0.004439229120745259,0.007560979834929861,0.006521478701825022,0.004178642800052538,-0.0010395011331048897,-0.0031217507141846025,-0.0020822495810797637,0.0002605863206927208,0.0005541428348090206,0.0005859406740523098,1125,0.0031217507141846025,False,-1.0
2018-04-25,300ETF,IS,0.0,-0.17196191411633183,0.0003658325125264914,,,,,,,,,,,,,,,,,
2018-04-26,300ETF,IS,0.0,-1.1744232716686918,-0.010885482854360536,,,,,,,,,,,,,,,,,
2018-04-27,300ETF,IS,0.0,-0.46731580405568013,0.005425519607495383,,,,,,,,,,,,,,,,,
2018-05-02,300ETF,IS,0.0,0.31986190741509585,-0.004697983996630862,,,,,,,,,,,,,,,,,
2018-05-03,300ETF,IS,0.0,-0.2117909054786644,0.008864202829357187,,,,,,,,,,,,,,,,,
2018-05-04,300ETF,IS,0.0,0.35566042455866975,-0.006340019139696202,,,,,,,,,,,,,,,,,
2018-05-07,300ETF,IS,0.0,0.47326082252857743,0.01175746653632353,,,,,,,,,,,,,,,,,
2018-05-08,300ETF,IS,0.0,1.2058120024431798,0.0018344776137895194,,,,,,,,,,,,,,,,,
2018-05-09,300ETF,IS,0.0,-0.7925067837735482,-0.0030373131923218037,,,,,,,,,,,,,,,,,
2018-05-10,300ETF,IS,0.0,0.9083364917105956,0.0021920332229143015,,,,,,,,,,,,,,,,,
2018-05-11,300ETF,IS,0.0,-1.0081206822384252,-0.004502032209201792,,,,,,,,,,,,,,,,,
2018-05-14,300ETF,IS,0.0,1.3342212193210161,-0.00076201100311069,,,,,,,,,,,,,,,,,
2018-05-15,300ETF,IS,0.0,-0.9028751888040247,-0.0014799280227115444,,,,,,,,,,,,,,,,,
2018-05-16,300ETF,IS,0.0,-0.6697189275249799,-0.0017441302183160156,,,,,,,,,,,,,,,,,
2018-05-17,300ETF,IS,0.0,-1.1899603897649877,-0.0037324221991061877,,,,,,,,,,,,,,,,,
2018-05-18,300ETF,IS,0.0,0.05178004919039481,0.01455331514746483,,,,,,,,,,,,,,,,,
2018-05-21,300ETF,IS,0.0,1.0955742027068596,-0.0008901025895188,,,,,,,,,,,,,,,,,
2018-05-22,300ETF,IS,0.0,-1.1245231296896456,-0.0007754804896076168,,,,,,,,,,,,,,,,,
2018-05-23,300ETF,IS,0.0,-1.363742895607938,-0.003428048175989166,,,,,,,,,,,,,,,,,
2018-05-24,300ETF,IS,0.0,-0.31574421132552893,-0.006875322857774671,,,,,,,,,,,,,,,,,
2018-05-25,300ETF,IS,0.0,0.21460573742596256,-0.004603980173620204,,,,,,,,,,,,,,,,,
2018-05-28,300ETF,IS,0.0,-0.542727772699354,0.0038069159768016484,,,,,,,,,,,,,,,,,
2018-05-29,300ETF,IS,0.0,0.5762414903199435,-0.006431219319796786,,,,,,,,,,,,,,,,,
2018-05-30,300ETF,IS,0.0,-1.1034988623326956,-0.005303939693200588,,,,,,,,,,,,,,,,,
2018-05-31,300ETF,IS,0.0,1.2902599429790964,0.009501781411882106,,,,,,,,,,,,,,,,,
2018-06-01,300ETF,IS,0.0,-0.625299595573466,-0.0036497352254920615,,,,,,,,,,,,,,,,,
2018-06-04,300ETF,IS,0.0,0.85857496536824,0.0024334598300756885,,,,,,,,,,,,,,,,,
2018-06-05,300ETF,IS,0.0,-0.34464756172982036,0.006783828098826038,,,,,,,,,,,,,,,,,
2018-06-06,300ETF,IS,0.0,-0.26245107175220955,0.000663127303165322,,,,,,,,,,,,,,,,,
2018-06-07,300ETF,IS,0.0,0.3059809886074926,-0.0015202781308623235,,,,,,,,,,,,,,,,,
2018-06-08,300ETF,IS,0.0,-1.5049651796390493,-0.007880179885473224,,,,,,,,,,,,,,,,,
2018-06-11,300ETF,IS,0.0,-1.0227605459803708,-0.00051090427866671,,,,,,,,,,,,,,,,,
2018-06-12,300ETF,IS,0.0,0.32976294397870803,0.009395047469156514,,,,,,,,,,,,,,,,,
2018-06-13,300ETF,IS,0.0,-0.88668344747381,-0.005510070275148164,,,,,,,,,,,,,,,,,
2018-06-14,300ETF,IS,0.0,0.5435462172918963,-0.007061597411592991,,,,,,,,,,,,,,,,,
2018-06-15,300ETF,IS,0.0,0.43570516994622155,-0.003198900588943551,,,,,,,,,,,,,,,,,
2018-06-19,300ETF,IS,0.0,-1.1943012059603126,-0.027469817645951747,,,,,,,,,,,,,,,,,
2018-06-20,300ETF,IS,0.0,0.007882997049504004,0.006599327388655214,,,,,,,,,,,,,,,,,
2018-06-21,300ETF,IS,0.0,0.4075399852990778,-0.012703014472032257,,,,,,,,,,,,,,,,,
2018-06-22,300ETF,IS,0.0,-0.8600615189819025,0.008059525041978387,,,,,,,,,,,,,,,,,
2018-06-25,300ETF,IS,0.0,-0.11675581244450177,-0.009113017460172637,,,,,,,,,,,,,,,,,
2018-06-26,300ETF,IS,0.0,-0.6063503005878313,0.000930926117842631,,,,,,,,,,,,,,,,,
2018-06-27,300ETF,IS,0.0,0.1391010843008906,-0.0165398567626974,,,,,,,,,,,,,,,,,
2018-06-28,300ETF,IS,0.0,-0.3160096419820861,-0.007593299189539364,,,,,,,,,,,,,,,,,
2018-06-29,300ETF,IS,0.0,0.9858807878356222,0.022087750248373245,,,,,,,,,,,,,,,,,
2018-07-02,300ETF,IS,0.0,-0.6834105838110364,-0.025962262446369042,,,,,,,,,,,,,,,,,
2018-07-03,300ETF,IS,0.0,-0.22178132259633518,0.011914974568861546,,,,,,,,,,,,,,,,,
2018-07-04,300ETF,IS,0.0,-0.30791536828440663,-0.01078461109600026,,,,,,,,,,,,,,,,,
2018-07-05,300ETF,IS,0.0,1.243218218089349,-0.012304790868852625,,,,,,,,,,,,,,,,,
2018-07-06,300ETF,IS,0.0,0.14862260140392894,0.009273697764052024,,,,,,,,,,,,,,,,,
2018-07-09,300ETF,IS,1.0,2.014229441922923,0.007209475259449713,0.0002890591146011465,0.0011557354652531604,0.0031750640037362054,0.00748851425745555,0.0002890591146011465,0.0011557354652531604,0.0031750640037362054,0.0008666763506519515,0.007199455142854403,0.0063327787922023895,0.004313450253719344,0.0005963525436664084,0.0006881811369261115,1435,0.0,False,-1.0
2018-07-10,300ETF,IS,0.0,-0.7739672648411091,-0.0020246586624177087,,,,,,,,,,,,,,,,,
2018-07-11,300ETF,IS,-0.501195158033065,-1.7146672576152364,7.921961228051558e-05,-0.002621233479874287,-0.0020393306412257706,-0.0034934533345601267,-0.003784024308564554,-0.002621233479874287,-0.0020393306412257706,-0.0034934533345601267,0.0005819028386486805,-0.001162790828690267,-0.0017446936673387835,-0.00029057097400442744,0.0007191313162501614,0.0008192722339397595,1305,0.0017446936673387835,False,-1.0
2018-07-12,300ETF,IS,0.0,1.384850285880054,0.015167391182067247,,,,,,,,,,,,,,,,,
2018-07-13,300ETF,IS,0.0,-0.4096650534221208,0.0013711029450855312,,,,,,,,,,,,,,,,,
2018-07-16,300ETF,IS,0.0,0.3275980800104541,-0.0016973362077115268,,,,,,,,,,,,,,,,,
2018-07-17,300ETF,IS,0.0,-1.3234968188056075,0.0007047044277446483,,,,,,,,,,,,,,,,,
2018-07-18,300ETF,IS,0.0,0.9332754710588135,-0.004829411157597759,,,,,,,,,,,,,,,,,
2018-07-19,300ETF,IS,0.0,0.5674663828869718,-0.00995351943540901,,,,,,,,,,,,,,,,,
2018-07-20,300ETF,IS,0.0,-1.0360823217513027,0.024854203501266152,,,,,,,,,,,,,,,,,
2018-07-23,300ETF,IS,0.0,-0.18713633916796732,0.009592209387365654,,,,,,,,,,,,,,,,,
2018-07-24,300ETF,IS,1.0,1.844016892684009,0.0011550409624910283,0.0016478993017815138,0.002744992116154452,0.0010989012094857913,0.0008242890973658395,0.0016478993017815138,0.002744992116154452,0.0010989012094857913,0.001097092814373149,-0.0008236102044156743,-0.0019207030187886123,-0.0002746121121199518,0.0006572265599532075,0.0006479116140429908,1305,0.0019207030187886123,False,-1.0
2018-07-25,300ETF,IS,0.0,-0.8981341928020972,-0.002999916698370612,,,,,,,,,,,,,,,,,
2018-07-26,300ETF,IS,0.0,-0.0008278435013882022,-0.010221283980363254,,,,,,,,,,,,,,,,,
2018-07-27,300ETF,IS,0.0,-0.45268785303357456,0.0025057260148154165,,,,,,,,,,,,,,,,,
2018-07-30,300ETF,IS,0.0,0.6689933430589227,-0.012927842427809148,,,,,,,,,,,,,,,,,
2018-07-31,300ETF,IS,0.0,-0.531565083323226,0.0002869114453905674,,,,,,,,,,,,,,,,,
2018-08-01,300ETF,IS,0.0,0.10165938519112326,-0.022650416327464548,,,,,,,,,,,,,,,,,
2018-08-02,300ETF,IS,0.0,-1.2766868420194883,-0.007713913101435039,,,,,,,,,,,,,,,,,
2018-08-03,300ETF,IS,0.0,-0.021094245294234502,-0.006662189812985307,,,,,,,,,,,,,,,,,
2018-08-06,300ETF,IS,0.0,-0.41400820019367723,-0.021964012898982813,,,,,,,,,,,,,,,,,
2018-08-07,300ETF,IS,0.0,1.302928582227515,0.017208541807105883,,,,,,,,,,,,,,,,,
2018-08-08,300ETF,IS,0.0,-0.6483639273743668,-0.00971104052338479,,,,,,,,,,,,,,,,,
2018-08-09,300ETF,IS,0.0,1.2120750263866837,0.017876998839225125,,,,,,,,,,,,,,,,,
2018-08-10,300ETF,IS,0.0,0.580020885489149,-0.004631937469750209,,,,,,,,,,,,,,,,,
2018-08-13,300ETF,IS,0.0,-1.132386882333284,0.009225860654711567,,,,,,,,,,,,,,,,,
2018-08-14,300ETF,IS,0.0,-0.9102345560396273,-0.002161630694788532,,,,,,,,,,,,,,,,,
2018-08-15,300ETF,IS,0.0,-1.084620719252468,-0.015647345414435295,,,,,,,,,,,,,,,,,
2018-08-16,300ETF,IS,0.0,-0.9053179040942497,-0.0005512670473852115,,,,,,,,,,,,,,,,,
2018-08-17,300ETF,IS,0.0,-0.7045620256036279,-0.014852575740386427,,,,,,,,,,,,,,,,,
2018-08-20,300ETF,IS,0.0,0.2724901677083325,0.007830011324700964,,,,,,,,,,,,,,,,,
2018-08-21,300ETF,IS,0.0,1.0709433109461046,0.009914095657515715,,,,,,,,,,,,,,,,,
2018-08-22,300ETF,IS,0.0,-1.200202071058994,0.0001100720522731177,,,,,,,,,,,,,,,,,
2018-08-23,300ETF,IS,0.0,0.9287011582533493,0.006728047272676973,,,,,,,,,,,,,,,,,
2018-08-24,300ETF,IS,0.0,-1.1732703081083902,0.00799459431606905,,,,,,,,,,,,,,,,,
2018-08-27,300ETF,IS,0.5162373532029864,1.5540622194932612,0.013172195542866484,0.00669677855768974,0.011040205105158941,0.012483831745366186,0.01421343725005545,0.00669677855768974,0.011040205105158941,0.012483831745366186,0.004343426547469192,0.007516658692365709,0.0031732321448965078,0.001729605504689263,0.0006040627330490072,0.00048741820350924314,1435,0.0,False,-1.0
2018-08-28,300ETF,IS,0.0,0.31474964093086577,-0.005344453881374905,,,,,,,,,,,,,,,,,
2018-08-29,300ETF,IS,0.0,-0.35253147848352,-0.0028961447687693752,,,,,,,,,,,,,,,,,
2018-08-30,300ETF,IS,0.0,0.8498138059359444,-0.008033004305053104,,,,,,,,,,,,,,,,,
2018-08-31,300ETF,IS,0.0,-1.1438125721247785,0.0022166770533878733,,,,,,,,,,,,,,,,,
2018-09-03,300ETF,IS,0.0,-0.5991611119171895,0.002258313411722442,,,,,,,,,,,,,,,,,
2018-09-04,300ETF,IS,0.0,0.21585478304943476,0.010780218806854766,,,,,,,,,,,,,,,,,
2018-09-05,300ETF,IS,0.0,-0.4403522343824342,-0.010440162035413704,,,,,,,,,,,,,,,,,
2018-09-06,300ETF,IS,0.0,0.6919049480214662,-0.007761804022473233,,,,,,,,,,,,,,,,,
2018-09-07,300ETF,IS,1.0,1.874136777662424,-0.010571709465230806,-0.013719272741358125,-0.013719272741358125,-0.010421413359091103,-0.01281877740810792,-0.013719272741358125,-0.013719272741358125,-0.010421413359091103,0.0,0.0009004953332502046,0.0009004953332502046,-0.0023973640490168174,0.0007600641097784629,0.0008916540503809776,1330,0.0023973640490168174,False,-1.0
2018-09-10,300ETF,IS,0.0,-1.069220212012911,-0.0035110571595807103,,,,,,,,,,,,,,,,,
2018-09-11,300ETF,IS,0.0,0.5490920450722442,-0.001753786873541405,,,,,,,,,,,,,,,,,
2018-09-12,300ETF,IS,0.0,-1.021680988996405,-0.0004184572570557719,,,,,,,,,,,,,,,,,
2018-09-13,300ETF,IS,0.0,-0.22792582578622,-0.004159442409722858,,,,,,,,,,,,,,,,,
2018-09-14,300ETF,IS,0.0,-1.4420847916033315,0.004370443313993091,,,,,,,,,,,,,,,,,
2018-09-17,300ETF,IS,0.0,-0.7665632549524721,-0.0017677950821927571,,,,,,,,,,,,,,,,,
2018-09-18,300ETF,IS,0.0,0.7730772524282515,0.015238409633129849,,,,,,,,,,,,,,,,,
2018-09-19,300ETF,IS,0.0,0.3908102728848849,0.015346035813148735,,,,,,,,,,,,,,,,,
2018-09-20,300ETF,IS,0.0,1.0556130817536997,-0.006096947841831357,,,,,,,,,,,,,,,,,
2018-09-21,300ETF,IS,0.0,0.377140693806977,0.02623218143345536,,,,,,,,,,,,,,,,,
2018-09-25,300ETF,IS,0.0,-0.4794105967665904,0.0003058698198259698,,,,,,,,,,,,,,,,,
2018-09-26,300ETF,IS,0.0,0.758514774313831,0.007509896379067799,,,,,,,,,,,,,,,,,
2018-09-27,300ETF,IS,0.0,-1.1221510812093047,-0.00020774970474947692,,,,,,,,,,,,,,,,,
2018-09-28,300ETF,IS,0.0,1.0266846268682264,0.006598797918175443,,,,,,,,,,,,,,,,,
2018-10-08,300ETF,IS,-0.6911511818138104,-1.8854918130982763,-0.013890127399262325,0.009135174770157585,0.007065086791527737,0.00676970944482234,0.01596722273212089,0.009135174770157585,0.007065086791527737,0.00676970944482234,-0.00207008797862987,0.006832047961963307,0.008902135940593154,0.00919751328729855,0.0007343379575723045,0.0006129829926794045,1435,0.0,False,-1.0
2018-10-09,300ETF,IS,0.0,0.34170425457333636,-0.0055191240763286225,,,,,,,,,,,,,,,,,
2018-10-10,300ETF,IS,0.0,0.6178345904688133,-0.007620342176102836,,,,,,,,,,,,,,,,,
2018-10-11,300ETF,IS,0.0,-1.306367074257067,-0.027168460045569602,,,,,,,,,,,,,,,,,
2018-10-12,300ETF,IS,0.0,0.25827393207975125,0.014875760369425225,,,,,,,,,,,,,,,,,
2018-10-15,300ETF,IS,0.0,-1.0733027970816542,-0.017014096606660468,,,,,,,,,,,,,,,,,
2018-10-16,300ETF,IS,0.0,0.9692139000209545,-0.018136664803024043,,,,,,,,,,,,,,,,,
2018-10-17,300ETF,IS,0.0,-0.468085456695254,0.002716788059126225,,,,,,,,,,,,,,,,,
2018-10-18,300ETF,IS,0.0,-1.401391254884776,-0.006942109329399171,,,,,,,,,,,,,,,,,
2018-10-19,300ETF,IS,0.0,0.07681335248764719,0.027102442573021263,,,,,,,,,,,,,,,,,
2018-10-22,300ETF,IS,1.0,2.318734933229533,0.01605823741021546,0.01723398663398924,0.02082465476471778,0.023211290742448695,0.01873166551210846,0.01723398663398924,0.02082465476471778,0.023211290742448695,0.00359066813072854,0.001497678878119222,-0.002092989252609319,-0.004479625230340234,0.0009370788828608572,0.0011919109432776452,1330,0.004479625230340234,False,-1.0
2018-10-23,300ETF,IS,0.0,-0.641825525907902,-0.02302616754578856,,,,,,,,,,,,,,,,,
2018-10-24,300ETF,IS,0.0,1.075936965719733,0.00019414586689227778,,,,,,,,,,,,,,,,,
2018-10-25,300ETF,IS,0.0,-1.339999595211556,0.020027137054644806,,,,,,,,,,,,,,,,,
2018-10-26,300ETF,IS,0.0,-0.7012275954511161,-0.017873185153806023,,,,,,,,,,,,,,,,,
2018-10-29,300ETF,IS,0.0,-1.2855735689566972,-0.019769354959982367,,,,,,,,,,,,,,,,,
2018-10-30,300ETF,IS,0.0,0.38438169223840823,0.017985307067498162,,,,,,,,,,,,,,,,,
2018-10-31,300ETF,IS,0.0,0.46523801262135,0.00445731732024982,,,,,,,,,,,,,,,,,
2018-11-01,300ETF,IS,0.0,0.9661906505093497,-0.010020875135710384,,,,,,,,,,,,,,,,,
2018-11-02,300ETF,IS,0.0,0.10412133305472672,0.015366952984761154,,,,,,,,,,,,,,,,,
2018-11-05,300ETF,IS,0.0,-1.287672131319417,-0.003963268678851245,,,,,,,,,,,,,,,,,
2018-11-06,300ETF,IS,0.0,-1.050555926908127,-0.00012897376465474493,,,,,,,,,,,,,,,,,
2018-11-07,300ETF,IS,0.0,-0.7084488103507142,-0.008558992553905123,,,,,,,,,,,,,,,,,
2018-11-08,300ETF,IS,0.0,-0.7481786466588684,-0.006388012451592018,,,,,,,,,,,,,,,,,
2018-11-09,300ETF,IS,0.0,-1.4445826819948844,-0.004032849260967882,,,,,,,,,,,,,,,,,
2018-11-12,300ETF,IS,0.0,0.6869576022452248,0.011787213687884034,,,,,,,,,,,,,,,,,
2018-11-13,300ETF,IS,0.0,-0.42784635406881394,0.017933615402544394,,,,,,,,,,,,,,,,,
2018-11-14,300ETF,IS,0.0,-0.5636635722599225,-0.004530060001524169,,,,,,,,,,,,,,,,,
2018-11-15,300ETF,IS,0.0,0.6581897998734206,0.008907938337127016,,,,,,,,,,,,,,,,,
2018-11-16,300ETF,IS,0.0,-0.011569820524574871,0.007364857166843823,,,,,,,,,,,,,,,,,
2018-11-19,300ETF,IS,0.0,1.0172366183017447,0.0017767060381870554,,,,,,,,,,,,,,,,,
2018-11-20,300ETF,IS,0.0,-0.69269482851042,-0.01329803040825744,,,,,,,,,,,,,,,,,
2018-11-21,300ETF,IS,0.0,0.28573652828625073,0.0015235922898922999,,,,,,,,,,,,,,,,,
2018-11-22,300ETF,IS,0.0,-0.7807562032278426,0.0011066769365503796,,,,,,,,,,,,,,,,,
2018-11-23,300ETF,IS,0.0,-0.5552240426224545,-0.011838691227141549,,,,,,,,,,,,,,,,,
2018-11-26,300ETF,IS,0.0,0.18335880250500916,-0.007835437807500128,,,,,,,,,,,,,,,,,
2018-11-27,300ETF,IS,0.0,-0.7407778344478955,-0.004342133694752098,,,,,,,,,,,,,,,,,
2018-11-28,300ETF,IS,0.0,0.6031102832683324,0.014368932925406475,,,,,,,,,,,,,,,,,
2018-11-29,300ETF,IS,0.0,0.368596127091859,-0.011730864177494416,,,,,,,,,,,,,,,,,
2018-11-30,300ETF,IS,0.0,0.5852617880331608,0.005884489912163172,,,,,,,,,,,,,,,,,
2018-12-03,300ETF,IS,0.0,-0.29182591804736474,0.004828248901167528,,,,,,,,,,,,,,,,,
2018-12-04,300ETF,IS,0.0,-0.3105401514612825,0.001928711423526558,,,,,,,,,,,,,,,,,
2018-12-05,300ETF,IS,0.0,-0.494595648028502,0.0010667444290858455,,,,,,,,,,,,,,,,,
2018-12-06,300ETF,IS,0.0,-1.1784038153875662,-0.011156971779785642,,,,,,,,,,,,,,,,,
2018-12-07,300ETF,IS,0.0,0.1922376148010925,-0.003663632546247535,,,,,,,,,,,,,,,,,
2018-12-10,300ETF,IS,0.0,-0.053766368778375914,-0.004056515181536813,,,,,,,,,,,,,,,,,
2018-12-11,300ETF,IS,0.0,0.8985552112558641,-0.001574417670880033,,,,,,,,,,,,,,,,,
2018-12-12,300ETF,IS,0.0,-0.7837422451696388,-0.0012428385626214867,,,,,,,,,,,,,,,,,
2018-12-13,300ETF,IS,0.0,-0.44363681808063704,0.01166299479214914,,,,,,,,,,,,,,,,,
2018-12-14,300ETF,IS,0.0,-0.6797328992992117,-0.007054952597955635,,,,,,,,,,,,,,,,,
2018-12-17,300ETF,IS,0.0,-0.020512710355903314,0.0028828571115942048,,,,,,,,,,,,,,,,,
2018-12-18,300ETF,IS,0.0,0.42672151874818104,-0.007971677906892367,,,,,,,,,,,,,,,,,
2018-12-19,300ETF,IS,0.0,-0.23670452819011847,-0.011728308965571605,,,,,,,,,,,,,,,,,
2018-12-20,300ETF,IS,0.0,0.15537258029137585,0.0007089685962655884,,,,,,,,,,,,,,,,,
2018-12-21,300ETF,IS,0.0,-1.1529763802577118,-0.0032654408924698277,,,,,,,,,,,,,,,,,
2018-12-24,300ETF,IS,0.0,0.02157345430212975,-0.002543614156770364,,,,,,,,,,,,,,,,,
2018-12-25,300ETF,IS,0.0,-1.6252817564893174,0.008471541310556843,,,,,,,,,,,,,,,,,
2018-12-26,300ETF,IS,0.0,0.6561377364102335,-0.005880302689890981,,,,,,,,,,,,,,,,,
2018-12-27,300ETF,IS,0.0,-0.5063781438460553,-0.011912571600757732,,,,,,,,,,,,,,,,,
2018-12-28,300ETF,IS,0.0,0.629953405689984,0.004595529879451285,,,,,,,,,,,,,,,,,
2019-01-02,300ETF,IS,0.0,-1.1430388226334454,-0.0009984603323404697,,,,,,,,,,,,,,,,,
2019-01-03,300ETF,IS,0.0,0.40123690587998195,-0.008111703559241592,,,,,,,,,,,,,,,,,
2019-01-04,300ETF,IS,0.0,0.34037988584789863,0.019975952280493977,,,,,,,,,,,,,,,,,
2019-01-07,300ETF,IS,0.0,-0.17214944990182932,0.0031951216424346905,,,,,,,,,,,,,,,,,
2019-01-08,300ETF,IS,0.0,-1.0756723434356055,0.0004596614983646693,,,,,,,,,,,,,,,,,
2019-01-09,300ETF,IS,0.0,1.4432751101047405,-0.001807353390021201,,,,,,,,,,,,,,,,,
2019-01-10,300ETF,IS,0.0,-0.629192956950346,-0.00143524053906627,,,,,,,,,,,,,,,,,
2019-01-11,300ETF,IS,0.0,0.21162517876512546,0.0006953262774951441,,,,,,,,,,,,,,,,,
2019-01-14,300ETF,IS,0.0,-0.5386901995786737,-0.005029273296118843,,,,,,,,,,,,,,,,,
2019-01-15,300ETF,IS,0.0,0.37116434282393496,0.016914985454367884,,,,,,,,,,,,,,,,,
2019-01-16,300ETF,IS,0.0,-0.7608396758623871,1.273462163980928e-05,,,,,,,,,,,,,,,,,
2019-01-17,300ETF,IS,0.0,-1.1908574075591325,-0.0017076251410692907,,,,,,,,,,,,,,,,,
2019-01-18,300ETF,IS,0.0,1.0491451773920433,0.006193638055460855,,,,,,,,,,,,,,,,,
2019-01-21,300ETF,IS,0.0,1.014399654479852,-0.0029778309529634216,,,,,,,,,,,,,,,,,
2019-01-22,300ETF,IS,0.0,-1.1973678795124836,-0.009147588358785024,,,,,,,,,,,,,,,,,
2019-01-23,300ETF,IS,0.0,0.7379040493280521,-0.0019640123498578907,,,,,,,,,,,,,,,,,
2019-01-24,300ETF,IS,0.0,0.07244094135041776,0.008145819549468455,,,,,,,,,,,,,,,,,
2019-01-25,300ETF,IS,0.0,1.3357155130326748,0.004189977493809094,,,,,,,,,,,,,,,,,
2019-01-28,300ETF,IS,0.0,1.456911551437082,-0.010729947296415115,,,,,,,,,,,,,,,,,
2019-01-29,300ETF,IS,0.0,-0.30639553892684285,0.0032467095839275517,,,,,,,,,,,,,,,,,
2019-01-30,300ETF,IS,0.0,-0.5116813444463588,-0.003094999706820717,,,,,,,,,,,,,,,,,
2019-01-31,300ETF,IS,0.0,1.1358299396310643,0.0027133685444895293,,,,,,,,,,,,,,,,,
2019-02-01,300ETF,IS,0.0,-0.183478537737933,0.010101455642984206,,,,,,,,,,,,,,,,,
2019-02-11,300ETF,IS,0.0,0.5544608273811338,0.015832938905348922,,,,,,,,,,,,,,,,,
2019-02-12,300ETF,IS,0.0,0.1503586477202425,0.0038657075620601297,,,,,,,,,,,,,,,,,
2019-02-13,300ETF,IS,0.0,0.04349842927403656,0.01686622862132832,,,,,,,,,,,,,,,,,
2019-02-14,300ETF,IS,0.0,-0.21006312709315667,0.005511158704081043,,,,,,,,,,,,,,,,,
2019-02-15,300ETF,IS,0.0,-0.6585370009229959,-0.010524659568938445,,,,,,,,,,,,,,,,,
2019-02-18,300ETF,IS,1.0,1.9412633338402887,0.015507200306912048,0.005301927000184068,0.005889298529552945,0.008528209311809764,0.014367641963369022,0.005301927000184068,0.005889298529552945,0.008528209311809764,0.0005873715293688682,0.009065714963184954,0.008478343433816076,0.005839432651559258,0.0006409600484034237,0.0007316702499564592,1435,0.0,False,-1.0
2019-02-19,300ETF,IS,0.0,0.1429658508797823,-0.010657771594857294,,,,,,,,,,,,,,,,,
2019-02-20,300ETF,IS,0.0,-0.04456414457496515,0.0006201880860278341,,,,,,,,,,,,,,,,,
2019-02-21,300ETF,IS,0.0,-0.7401579013639392,-0.0018958477634300785,,,,,,,,,,,,,,,,,
2019-02-22,300ETF,IS,0.0,-0.17451502308750663,0.025102453799483625,,,,,,,,,,,,,,,,,
2019-02-25,300ETF,IS,1.0,1.949908810623244,0.034495997412115925,0.012474174225175818,0.02043141198548611,0.023160671321561244,0.042861753800314185,0.012474174225175818,0.02043141198548611,0.023160671321561244,0.007957237760310328,0.030387579575138365,0.022430341814828076,0.019701082478752942,0.001110749400105062,0.001316347622554825,1435,0.0,False,-1.0
2019-02-26,300ETF,IS,0.0,0.10072271880705642,-0.016623671359450483,,,,,,,,,,,,,,,,,
2019-02-27,300ETF,IS,0.0,1.4985445105828614,-0.014913301190321509,,,,,,,,,,,,,,,,,
2019-02-28,300ETF,IS,0.0,0.02748114163494055,-0.003924917423170471,,,,,,,,,,,,,,,,,
2019-03-01,300ETF,IS,0.0,-0.1439834381048731,0.01119436995820526,,,,,,,,,,,,,,,,,
2019-03-04,300ETF,IS,0.0,-0.07375240855374224,0.0011114332416332358,,,,,,,,,,,,,,,,,
2019-03-05,300ETF,IS,0.0,-0.15483122676914202,0.0021158464881760337,,,,,,,,,,,,,,,,,
2019-03-06,300ETF,IS,0.0,0.6042630060120773,0.00474184684318763,,,,,,,,,,,,,,,,,
2019-03-07,300ETF,IS,0.0,-1.1198066440084655,0.004036708716599755,,,,,,,,,,,,,,,,,
2019-03-08,300ETF,IS,-0.527737817542995,-1.7706597987383144,-0.016699357502706864,0.010790501245113873,0.009706196449259694,0.009706196449259694,0.01296264437448404,0.010790501245113873,0.009706196449259694,0.009706196449259694,-0.0010843047958541034,0.002172143129370167,0.003256447925224346,0.003256447925224346,0.0011364724683580526,0.0010986901766753974,1435,0.0,False,-1.0
2019-03-11,300ETF,IS,0.0,0.9750467199399925,0.011638426402978295,,,,,,,,,,,,,,,,,
2019-03-12,300ETF,IS,0.0,1.0095180224237439,-0.007703306416313068,,,,,,,,,,,,,,,,,
2019-03-13,300ETF,IS,0.0,-0.8503492720211507,-0.0014552417978895302,,,,,,,,,,,,,,,,,
2019-03-14,300ETF,IS,0.0,0.9039197063254462,-0.014991960429471334,,,,,,,,,,,,,,,,,
2019-03-15,300ETF,IS,0.5317844240039723,1.5756385901555219,0.0008783810800235059,0.010155084597619457,0.006959342863194858,0.0018784387651441844,0.002146499348440879,0.010155084597619457,0.006959342863194858,0.0018784387651441844,-0.00319574173442444,-0.00800858524917858,-0.004812843514753979,0.00026806058329669467,0.0008937526722161789,0.0009168357382711668,1125,0.00800858524917858,False,-1.0
2019-03-18,300ETF,IS,0.0,0.3272239535432311,0.020814768674452904,,,,,,,,,,,,,,,,,
2019-03-19,300ETF,IS,0.0,0.30057915641462957,-0.0026406206013894627,,,,,,,,,,,,,,,,,
2019-03-20,300ETF,IS,0.0,-0.34575914845922334,0.0028532007821520647,,,,,,,,,,,,,,,,,
2019-03-21,300ETF,IS,0.0,-0.09775219435572953,0.0035209669097412376,,,,,,,,,,,,,,,,,
2019-03-22,300ETF,IS,0.0,0.1160210133195349,-0.0013328508937376098,,,,,,,,,,,,,,,,,
2019-03-25,300ETF,IS,0.0,-0.7756021225991159,-0.011174076334171038,,,,,,,,,,,,,,,,,
2019-03-26,300ETF,IS,0.0,-0.6127570546295199,-0.01273882942695153,,,,,,,,,,,,,,,,,
2019-03-27,300ETF,IS,0.0,0.13234002128874128,0.00033601323008328686,,,,,,,,,,,,,,,,,
2019-03-28,300ETF,IS,0.0,-0.9301712212395923,0.002587424679563123,,,,,,,,,,,,,,,,,
2019-03-29,300ETF,IS,0.5478207017515037,1.5927778331029059,0.028540250868029516,0.020309283039670768,0.021874636868308067,0.02057034556562817,0.030182057438164166,0.020309283039670768,0.021874636868308067,0.02057034556562817,0.0015653538286372396,0.009872774398493399,0.0083074205698561,0.009611711872535997,0.0010531733698640338,0.0009342486744512996,1435,0.0,False,-1.0
2019-04-01,300ETF,IS,1.0,2.417837479325557,0.002845386865296677,-0.0005046681913824538,-0.0015147692873674916,-0.0002523022594435295,0.0007565250644516562,-0.0005046681913824538,-0.0015147692873674916,-0.0002523022594435295,-0.0010101010959850827,0.00126119325583411,0.0022712943518191477,0.0010088273238951857,0.0009031320510316896,0.0009476040746681691,1435,0.0,False,-1.0
2019-04-02,300ETF,IS,0.0,-0.2696729499082109,-0.002040211688015757,,,,,,,,,,,,,,,,,
2019-04-03,300ETF,IS,0.0,0.4437310297860359,0.011044878726812361,,,,,,,,,,,,,,,,,
2019-04-04,300ETF,IS,0.0,1.2170877076075994,0.002902882207550796,,,,,,,,,,,,,,,,,
2019-04-08,300ETF,IS,0.0,0.7772745645896574,-0.015369008925733505,,,,,,,,,,,,,,,,,
2019-04-09,300ETF,IS,0.0,-0.187221489868141,0.0010409737617983752,,,,,,,,,,,,,,,,,
2019-04-10,300ETF,IS,0.0,-1.2180840423342931,0.010573831283091056,,,,,,,,,,,,,,,,,
2019-04-11,300ETF,IS,0.0,0.25907568186403646,-0.013919053721230848,,,,,,,,,,,,,,,,,
2019-04-12,300ETF,IS,0.0,0.2511623019889918,0.0020295916963113097,,,,,,,,,,,,,,,,,
2019-04-15,300ETF,IS,0.0,0.9881225469163689,-0.013459615995512167,,,,,,,,,,,,,,,,,
2019-04-16,300ETF,IS,0.0,-0.4799547886991577,0.027036047361584152,,,,,,,,,,,,,,,,,
2019-04-17,300ETF,IS,0.0,0.05710366683179128,0.00025452059295083947,,,,,,,,,,,,,,,,,
2019-04-18,300ETF,IS,0.0,-0.8792161650762274,0.0004139905284735989,,,,,,,,,,,,,,,,,
2019-04-19,300ETF,IS,0.0,0.9326550250110639,0.0008069491350045751,,,,,,,,,,,,,,,,,
2019-04-22,300ETF,IS,0.0,-1.1292842988391008,-0.01872184171127748,,,,,,,,,,,,,,,,,
2019-04-23,300ETF,IS,0.0,-0.05053401906253385,-0.001964553834785393,,,,,,,,,,,,,,,,,
2019-04-24,300ETF,IS,0.0,-0.2640159044077761,-0.002340790113219709,,,,,,,,,,,,,,,,,
2019-04-25,300ETF,IS,0.0,-1.2478251554035082,-0.013671976096348439,,,,,,,,,,,,,,,,,
2019-04-26,300ETF,IS,0.0,0.26954515479139723,-0.003658914404374651,,,,,,,,,,,,,,,,,
2019-04-29,300ETF,IS,0.0,-0.49842194496635506,0.00455365977795613,,,,,,,,,,,,,,,,,
2019-04-30,300ETF,IS,0.0,0.876587657951277,0.0034765298164115663,,,,,,,,,,,,,,,,,
2019-05-06,300ETF,IS,0.0,-1.3973760152436265,-0.0243989557008579,,,,,,,,,,,,,,,,,
2019-05-07,300ETF,IS,0.0,1.2778836116064796,0.0007923038101376743,,,,,,,,,,,,,,,,,
2019-05-08,300ETF,IS,0.0,-0.66685892279019,-0.000869657402371405,,,,,,,,,,,,,,,,,
2019-05-09,300ETF,IS,0.0,-0.10586255428277198,-0.004061848177380795,,,,,,,,,,,,,,,,,
2019-05-10,300ETF,IS,1.0,2.5967205132402045,0.0028285919105205323,-0.014980533452605081,-0.03409733670434582,-0.012787550117594988,0.0024301348532918907,-0.014980533452605081,-0.03409733670434582,-0.012787550117594988,-0.019116803251740748,0.01741066830589697,0.036527471557637706,0.015217684970886878,0.001079015676038543,0.0009835046809544255,1435,0.0,True,691.0
2019-05-13,300ETF,IS,0.0,-1.112607564995297,-0.010185908670331409,,,,,,,,,,,,,,,,,
2019-05-14,300ETF,IS,0.0,0.8199355053517055,-0.002242044924927734,,,,,,,,,,,,,,,,,
2019-05-15,300ETF,IS,0.0,1.1709178915252132,0.010973152880305485,,,,,,,,,,,,,,,,,
2019-05-16,300ETF,IS,0.0,-0.2204552283160218,0.007932830061548537,,,,,,,,,,,,,,,,,
2019-05-17,300ETF,IS,0.0,-1.2796184608665748,-0.020053455177470248,,,,,,,,,,,,,,,,,
2019-05-20,300ETF,IS,0.0,-0.7674318980691411,0.0011071789373788062,,,,,,,,,,,,,,,,,
2019-05-21,300ETF,IS,0.0,1.2623275749080294,0.004772612242319186,,,,,,,,,,,,,,,,,
2019-05-22,300ETF,IS,0.0,-0.6396588560720673,-0.00487762830575432,,,,,,,,,,,,,,,,,
2019-05-23,300ETF,IS,0.0,-1.5029857592297144,-0.0027278849325986765,,,,,,,,,,,,,,,,,
2019-05-24,300ETF,IS,0.0,1.4924234478963923,-0.0015514195936447847,,,,,,,,,,,,,,,,,
2019-05-27,300ETF,IS,0.0,-0.5747351194422141,0.016479850249941988,,,,,,,,,,,,,,,,,
2019-05-28,300ETF,IS,0.0,0.5255890685199794,-0.004887739944203267,,,,,,,,,,,,,,,,,
2019-05-29,300ETF,IS,0.0,-0.7389709258622512,0.009107976255100392,,,,,,,,,,,,,,,,,
2019-05-30,300ETF,IS,0.0,-1.3356810355018744,0.0032904353176115143,,,,,,,,,,,,,,,,,
2019-05-31,300ETF,IS,0.0,0.3667212813456881,-0.006195472035021973,,,,,,,,,,,,,,,,,
2019-06-03,300ETF,IS,0.0,0.8862044204841608,-0.005528475109628986,,,,,,,,,,,,,,,,,
2019-06-04,300ETF,IS,0.0,-0.8477502947927212,-0.004130343519095924,,,,,,,,,,,,,,,,,
2019-06-05,300ETF,IS,0.0,-0.5443580471583706,-0.002126711112250395,,,,,,,,,,,,,,,,,
2019-06-06,300ETF,IS,0.0,-1.2699753160647218,-0.005674754959218758,,,,,,,,,,,,,,,,,
2019-06-10,300ETF,IS,0.0,0.4370463011750083,0.0064886853235681784,,,,,,,,,,,,,,,,,
2019-06-11,300ETF,IS,0.0,1.4343846814565582,0.018667782943644313,,,,,,,,,,,,,,,,,
2019-06-12,300ETF,IS,0.0,-0.595347768706112,-0.002400217372817237,,,,,,,,,,,,,,,,,
2019-06-13,300ETF,IS,0.0,-0.8576704785589769,0.0060166350603462525,,,,,,,,,,,,,,,,,
2019-06-14,300ETF,IS,0.0,0.9868015907890609,-0.0075595303135703425,,,,,,,,,,,,,,,,,
2019-06-17,300ETF,IS,0.0,0.7014357833494815,-0.008360092142829121,,,,,,,,,,,,,,,,,
2019-06-18,300ETF,IS,0.0,-0.12835379888971069,0.005497428473549579,,,,,,,,,,,,,,,,,
2019-06-19,300ETF,IS,0.0,0.1846242024958261,-0.003059494343937667,,,,,,,,,,,,,,,,,
2019-06-20,300ETF,IS,0.0,1.0469830567261404,0.020796674298026716,,,,,,,,,,,,,,,,,
2019-06-21,300ETF,IS,0.0,1.0654572904027209,-0.002275524939520959,,,,,,,,,,,,,,,,,
2019-06-24,300ETF,IS,0.0,-0.23541658069318072,-0.001153838225912567,,,,,,,,,,,,,,,,,
2019-06-25,300ETF,IS,0.0,-1.3393509665579741,-0.005954358608288078,,,,,,,,,,,,,,,,,
2019-06-26,300ETF,IS,0.0,0.1485678793394015,0.0011178039150407462,,,,,,,,,,,,,,,,,
2019-06-27,300ETF,IS,0.5555449789290742,1.5999904805830703,-0.003185210980903761,-0.0018104233575461732,-0.0005169294506424947,-0.0025873235649510238,-0.0064809040840831155,-0.0018104233575461732,-0.0005169294506424947,-0.0025873235649510238,0.0012934939069037781,-0.004670480726536942,-0.005963974633440621,-0.0038935805191320917,0.0006820517771714658,0.0009017863384245476,1305,0.005963974633440621,False,-1.0
2019-06-28,300ETF,IS,0.0,-1.3154486428046668,0.00022539434006346775,,,,,,,,,,,,,,,,,
2019-07-01,300ETF,IS,0.0,0.7357900844788403,0.004978653354091191,,,,,,,,,,,,,,,,,
2019-07-02,300ETF,IS,0.0,-0.1929240291349932,0.0019412770296893182,,,,,,,,,,,,,,,,,
2019-07-03,300ETF,IS,0.0,-1.1634610732976496,-0.006980784432384133,,,,,,,,,,,,,,,,,
2019-07-04,300ETF,IS,0.0,0.29257369593137084,-0.008741752331814318,,,,,,,,,,,,,,,,,
2019-07-05,300ETF,IS,0.0,-0.5043161801618892,0.010156605134042911,,,,,,,,,,,,,,,,,
2019-07-08,300ETF,IS,0.0,-1.458239307690363,-0.004921691217425293,,,,,,,,,,,,,,,,,
2019-07-09,300ETF,IS,0.0,0.3543151642427785,-0.0020898376938666345,,,,,,,,,,,,,,,,,
2019-07-10,300ETF,IS,0.0,-0.8889346285053351,-0.0011050434083701428,,,,,,,,,,,,,,,,,
2019-07-11,300ETF,IS,0.0,0.02014020866169197,-0.009850529575456112,,,,,,,,,,,,,,,,,
2019-07-12,300ETF,IS,0.0,0.6998214428638978,0.002513103095382685,,,,,,,,,,,,,,,,,
2019-07-15,300ETF,IS,0.0,-1.3918110483525643,0.010496088079120789,,,,,,,,,,,,,,,,,
2019-07-16,300ETF,IS,0.0,0.1500846539778291,-0.0035381216479680546,,,,,,,,,,,,,,,,,
2019-07-17,300ETF,IS,0.0,-0.13164360669476813,-0.0027509193693510746,,,,,,,,,,,,,,,,,
2019-07-18,300ETF,IS,0.0,-1.200034825888838,-0.0014672596328679736,,,,,,,,,,,,,,,,,
2019-07-19,300ETF,IS,0.0,1.0040130033224073,0.0007921909600714114,,,,,,,,,,,,,,,,,
2019-07-22,300ETF,IS,0.0,-0.7498975033739963,0.000131323179621486,,,,,,,,,,,,,,,,,
2019-07-23,300ETF,IS,0.0,0.09695237286977024,-0.0007223585144451656,,,,,,,,,,,,,,,,,
2019-07-24,300ETF,IS,0.5050862540217209,1.5302576556248129,-0.0034545577396298895,-0.00025736713563771557,-0.0025766569267284497,-0.002318692266456372,-0.005418668915863002,-0.00025736713563771557,-0.0025766569267284497,-0.002318692266456372,-0.0023192897910907823,-0.005161301780225287,-0.0028420119891345527,-0.0030999766494066304,0.0005019603754280682,0.0005450877078189881,1125,0.005161301780225287,False,-1.0
2019-07-25,300ETF,IS,0.0,-0.6582727352516802,0.0060125912827299205,,,,,,,,,,,,,,,,,
2019-07-26,300ETF,IS,0.0,0.11017665844695747,0.002766833144355418,,,,,,,,,,,,,,,,,
2019-07-29,300ETF,IS,0.0,-0.5025532559311908,-0.0005591777479397004,,,,,,,,,,,,,,,,,
2019-07-30,300ETF,IS,0.0,0.9334139878434354,-4.811352642153713e-05,,,,,,,,,,,,,,,,,
2019-07-31,300ETF,IS,0.0,-1.283892290072206,-0.0025530715601333118,,,,,,,,,,,,,,,,,
2019-08-01,300ETF,IS,0.0,0.1556017861833721,-0.0058186524656412926,,,,,,,,,,,,,,,,,
2019-08-02,300ETF,IS,0.0,-1.313029563085182,0.0032948507923713953,,,,,,,,,,,,,,,,,
2019-08-05,300ETF,IS,0.0,-1.2607252172750112,-0.006042318370844392,,,,,,,,,,,,,,,,,
2019-08-06,300ETF,IS,-1.0,-2.088006305899068,0.005340451281172429,0.0005460005595648527,-0.005715078829416292,-0.009507066038433215,-0.006257672440123593,0.0005460005595648527,-0.005715078829416292,-0.009507066038433215,-0.006261079388981066,-0.006803672999688445,-0.0005425936107073008,0.003249393598309622,0.0006768739870037395,0.0007224158568326157,1125,0.006803672999688445,False,-1.0
2019-08-07,300ETF,IS,0.0,-0.527736192831344,-0.0022930227368005394,,,,,,,,,,,,,,,,,
2019-08-08,300ETF,IS,0.0,0.7455844777614173,0.0016493634486634393,,,,,,,,,,,,,,,,,
2019-08-09,300ETF,IS,0.0,-0.7972601852762523,-0.011038378617267638,,,,,,,,,,,,,,,,,
2019-08-12,300ETF,IS,0.0,0.5767721829571135,0.008575850384298837,,,,,,,,,,,,,,,,,
2019-08-13,300ETF,IS,0.0,-0.44023588857997514,-0.003094222042279476,,,,,,,,,,,,,,,,,
2019-08-14,300ETF,IS,0.0,-0.3333246115249551,-0.007336076493069812,,,,,,,,,,,,,,,,,
2019-08-15,300ETF,IS,0.0,-0.64542825692725,0.011840891626050993,,,,,,,,,,,,,,,,,
2019-08-16,300ETF,IS,0.0,-0.5175390241054135,0.006615354704598076,,,,,,,,,,,,,,,,,
2019-08-19,300ETF,IS,0.0,-0.5559410724606462,0.016672869670656242,,,,,,,,,,,,,,,,,
2019-08-20,300ETF,IS,0.0,0.34077855830114234,-0.002573493114918428,,,,,,,,,,,,,,,,,
2019-08-21,300ETF,IS,0.0,0.03308086238288217,-0.0023391433579896,,,,,,,,,,,,,,,,,
2019-08-22,300ETF,IS,0.0,-0.38590257404526207,0.002598067418452051,,,,,,,,,,,,,,,,,
2019-08-23,300ETF,IS,0.0,0.2106909229106099,0.0033647495468271493,,,,,,,,,,,,,,,,,
2019-08-26,300ETF,IS,0.0,-0.6125844395062021,-0.0027581184220997275,,,,,,,,,,,,,,,,,
2019-08-27,300ETF,IS,0.0,1.3376216685826114,0.0008559091269412331,,,,,,,,,,,,,,,,,
2019-08-28,300ETF,IS,0.0,-0.20435361095097618,-0.00022785822733992474,,,,,,,,,,,,,,,,,
2019-08-29,300ETF,IS,0.0,-0.706725203206897,0.002129310021391646,,,,,,,,,,,,,,,,,
2019-08-30,300ETF,IS,0.0,0.07925667076993673,-0.006668225364331679,,,,,,,,,,,,,,,,,
2019-09-02,300ETF,IS,0.0,1.0129695860676777,0.008761086972861864,,,,,,,,,,,,,,,,,
2019-09-03,300ETF,IS,0.0,-0.14242804133077588,-0.0016593035284193768,,,,,,,,,,,,,,,,,
2019-09-04,300ETF,IS,0.0,0.8344018071873629,8.446744391732097e-05,,,,,,,,,,,,,,,,,
2019-09-05,300ETF,IS,0.5836452946122752,1.6227035167801214,-0.002623628861700941,0.0012448650929179454,0.0009960160185963247,0.0022396425935048815,-0.003493889254255629,0.0012448650929179454,0.0009960160185963247,0.0022396425935048815,-0.0002488490743215159,-0.004738754347173574,-0.0044899052728519535,-0.005733531847760511,0.0007686730172854119,0.0005800729892559845,1330,0.005733531847760511,False,-1.0
2019-09-06,300ETF,IS,0.0,-0.9074021031930016,-0.0007398443640043292,,,,,,,,,,,,,,,,,
2019-09-09,300ETF,IS,0.0,-0.8459756395693395,-0.00027088347314484955,,,,,,,,,,,,,,,,,
2019-09-10,300ETF,IS,0.0,-1.2553180602958043,0.002379567666824751,,,,,,,,,,,,,,,,,
2019-09-11,300ETF,IS,0.0,-0.900982159784415,-0.0009822657379389252,,,,,,,,,,,,,,,,,
2019-09-12,300ETF,IS,0.0,0.2601179803148373,0.00687830620060177,,,,,,,,,,,,,,,,,
2019-09-16,300ETF,IS,0.0,-1.1887357182926561,-0.003423945188505679,,,,,,,,,,,,,,,,,
2019-09-17,300ETF,IS,0.0,-1.3224329203440144,-0.011414977552831228,,,,,,,,,,,,,,,,,
2019-09-18,300ETF,IS,0.0,0.6467594830051895,-0.0016335061528730144,,,,,,,,,,,,,,,,,
2019-09-19,300ETF,IS,0.0,-0.9923556327742491,0.003390637982032089,,,,,,,,,,,,,,,,,
2019-09-20,300ETF,IS,0.0,-0.06078389228988958,0.000631257068854888,,,,,,,,,,,,,,,,,
2019-09-23,300ETF,IS,0.0,-1.2726575283437207,-0.002205695592232957,,,,,,,,,,,,,,,,,
2019-09-24,300ETF,IS,0.0,-0.27248167365581466,0.0036363678301414215,,,,,,,,,,,,,,,,,
2019-09-25,300ETF,IS,0.0,-1.1046128062292717,0.003295963673734839,,,,,,,,,,,,,,,,,
2019-09-26,300ETF,IS,0.0,-0.26330882222718344,-0.008457036961780684,,,,,,,,,,,,,,,,,
2019-09-27,300ETF,IS,0.0,-0.29637560562196497,0.00405306049747172,,,,,,,,,,,,,,,,,
2019-09-30,300ETF,IS,0.0,0.09267101952697004,-0.0027514203798547944,,,,,,,,,,,,,,,,,
2019-10-08,300ETF,IS,0.0,1.1944564036529255,0.0016233374828847008,,,,,,,,,,,,,,,,,
2019-10-09,300ETF,IS,0.0,-1.072258474559601,0.0042169995160694805,,,,,,,,,,,,,,,,,
2019-10-10,300ETF,IS,0.0,-0.18761758256194877,0.007350753343193458,,,,,,,,,,,,,,,,,
2019-10-11,300ETF,IS,0.0,-0.4501415795236466,0.00836332732251971,,,,,,,,,,,,,,,,,
2019-10-14,300ETF,IS,0.0,0.20392205104022046,-0.0029009934826051053,,,,,,,,,,,,,,,,,
2019-10-15,300ETF,IS,0.0,-1.2891258195327995,-0.002847105051916505,,,,,,,,,,,,,,,,,
2019-10-16,300ETF,IS,0.0,1.2730491798620356,-0.00747091586415306,,,,,,,,,,,,,,,,,
2019-10-17,300ETF,IS,0.0,-0.9140972212322502,-0.0014668796074407604,,,,,,,,,,,,,,,,,
2019-10-18,300ETF,IS,0.0,-0.020548116078228446,-0.013621560145890773,,,,,,,,,,,,,,,,,
2019-10-21,300ETF,IS,0.0,-0.2470802896219942,-4.545188364326469e-05,,,,,,,,,,,,,,,,,
2019-10-22,300ETF,IS,0.0,-1.2162264966682212,0.0024956392157433607,,,,,,,,,,,,,,,,,
2019-10-23,300ETF,IS,0.0,0.051887368291044976,-0.004334620338266739,,,,,,,,,,,,,,,,,
2019-10-24,300ETF,IS,0.0,-1.201929623925914,-0.001481541091007477,,,,,,,,,,,,,,,,,
2019-10-25,300ETF,IS,0.0,-1.1078896932535003,0.011517278807502423,,,,,,,,,,,,,,,,,
2019-10-28,300ETF,IS,0.0,0.6340550004240542,0.005072956544394226,,,,,,,,,,,,,,,,,
2019-10-29,300ETF,IS,0.0,-1.058253845274461,-0.0016612397838231083,,,,,,,,,,,,,,,,,
2019-10-30,300ETF,IS,0.0,-0.7840796512683799,4.995071162143874e-05,,,,,,,,,,,,,,,,,
2019-10-31,300ETF,IS,0.0,-1.2349955641734898,-0.004303518331216116,,,,,,,,,,,,,,,,,
2019-11-01,300ETF,IS,0.0,-0.3082718387317315,0.01341477606623157,,,,,,,,,,,,,,,,,
2019-11-04,300ETF,IS,0.0,0.8668729204203279,0.001539271160094567,,,,,,,,,,,,,,,,,
2019-11-05,300ETF,IS,0.0,-1.127187448021626,0.004478275457303244,,,,,,,,,,,,,,,,,
2019-11-06,300ETF,IS,0.0,-1.1962291009782373,-0.004430524823754003,,,,,,,,,,,,,,,,,
2019-11-07,300ETF,IS,0.0,-0.7053727542066343,0.001580790060124287,,,,,,,,,,,,,,,,,
2019-11-08,300ETF,IS,0.0,-0.7356883306887714,-0.007238380337714855,,,,,,,,,,,,,,,,,
2019-11-11,300ETF,IS,0.0,-1.3141221697373051,-0.007638690587662392,,,,,,,,,,,,,,,,,
2019-11-12,300ETF,IS,0.0,-0.2957229667611798,-0.0007238830311592091,,,,,,,,,,,,,,,,,
2019-11-13,300ETF,IS,0.0,-1.198110557879441,0.00229836512221462,,,,,,,,,,,,,,,,,
2019-11-14,300ETF,IS,0.0,0.24132715175254965,0.001648529341962238,,,,,,,,,,,,,,,,,
2019-11-15,300ETF,IS,0.0,-1.1936979345537193,0.0011796093867503354,,,,,,,,,,,,,,,,,
2019-11-18,300ETF,IS,0.0,-0.013503692888673877,0.0033012858308091447,,,,,,,,,,,,,,,,,
2019-11-19,300ETF,IS,0.0,0.6419310861259305,0.00393175709570816,,,,,,,,,,,,,,,,,
2019-11-20,300ETF,IS,0.0,-0.6145057773509721,-0.0058461548174284774,,,,,,,,,,,,,,,,,
2019-11-21,300ETF,IS,0.0,-1.122150098167511,-0.00016321445014409847,,,,,,,,,,,,,,,,,
2019-11-22,300ETF,IS,0.0,0.5804166209990694,-0.01768298579910959,,,,,,,,,,,,,,,,,
2019-11-25,300ETF,IS,0.0,-0.20131400371385338,0.0019124384611594757,,,,,,,,,,,,,,,,,
2019-11-26,300ETF,IS,0.0,-0.32088258224701094,-0.0009210554132700768,,,,,,,,,,,,,,,,,
2019-11-27,300ETF,IS,0.0,-1.2981842039295335,0.001256746205259128,,,,,,,,,,,,,,,,,
2019-11-28,300ETF,IS,0.0,-0.08722237438473925,-0.007592988004306056,,,,,,,,,,,,,,,,,
2019-11-29,300ETF,IS,0.0,-0.876600049781993,-0.003380399889417994,,,,,,,,,,,,,,,,,
2019-12-02,300ETF,IS,0.0,0.8515720685569059,-0.005510576320129124,,,,,,,,,,,,,,,,,
2019-12-03,300ETF,IS,0.0,-0.9137342983614712,0.004791823994465792,,,,,,,,,,,,,,,,,
2019-12-04,300ETF,IS,0.0,-0.36595758492973446,0.0031908756210915217,,,,,,,,,,,,,,,,,
2019-12-05,300ETF,IS,0.0,0.37015650583023185,-0.00034278185271578927,,,,,,,,,,,,,,,,,
2019-12-06,300ETF,IS,0.0,0.1279270642458468,-1.8655733139834e-05,,,,,,,,,,,,,,,,,
2019-12-09,300ETF,IS,0.0,-0.5595771601919918,-0.00013319538587424758,,,,,,,,,,,,,,,,,
2019-12-10,300ETF,IS,0.0,-0.18800519051135903,0.0031665646470599605,,,,,,,,,,,,,,,,,
2019-12-11,300ETF,IS,0.0,-0.392426453295806,0.0010854304364125349,,,,,,,,,,,,,,,,,
2019-12-12,300ETF,IS,0.0,-1.323893343583113,-0.0022295255619585517,,,,,,,,,,,,,,,,,
2019-12-13,300ETF,IS,0.0,0.5741465775457358,0.005145481746122213,,,,,,,,,,,,,,,,,
2019-12-16,300ETF,IS,0.0,-1.1472857157058372,0.004956562685199803,,,,,,,,,,,,,,,,,
2019-12-17,300ETF,IS,0.0,-0.1693723200974867,0.015373318578412492,,,,,,,,,,,,,,,,,
2019-12-18,300ETF,IS,0.0,0.30797776067123306,-0.004814572079569793,,,,,,,,,,,,,,,,,
2019-12-19,300ETF,IS,0.0,-0.3105933147711485,2.9775811958903455e-05,,,,,,,,,,,,,,,,,
2019-12-20,300ETF,IS,0.0,0.4787198051251739,-0.003506781366050636,,,,,,,,,,,,,,,,,
2019-12-23,300ETF,IS,0.0,-0.3340898866005555,-0.010986377669809984,,,,,,,,,,,,,,,,,
2019-12-24,300ETF,IS,0.0,0.19736072434533988,0.004271899950477525,,,,,,,,,,,,,,,,,
2019-12-25,300ETF,IS,0.0,-0.7110701846830184,-0.0007534849031608953,,,,,,,,,,,,,,,,,
2019-12-26,300ETF,IS,0.0,0.6982294653734324,0.003493889254255617,,,,,,,,,,,,,,,,,
2019-12-27,300ETF,IS,0.0,0.9934527353343134,-0.002723785266993715,,,,,,,,,,,,,,,,,
2019-12-30,300ETF,IS,0.0,-0.20199272979004157,0.012091448980800409,,,,,,,,,,,,,,,,,
2019-12-31,300ETF,IS,0.0,0.5533758464570496,0.002446783701727048,,,,,,,,,,,,,,,,,
2020-01-02,300ETF,IS,0.0,0.8761849083939792,0.0014450869566807129,,,,,,,,,,,,,,,,,
2020-01-03,300ETF,IS,0.0,0.1339825603818632,-0.0007231529783626526,,,,,,,,,,,,,,,,,
2020-01-06,300ETF,IS,0.0,0.2622068017906672,-0.005818198230987168,,,,,,,,,,,,,,,,,
2020-01-07,300ETF,IS,0.0,1.0815921153942738,0.0007235017800226769,,,,,,,,,,,,,,,,,
2020-01-08,300ETF,IS,0.0,-0.6604969189907146,-0.002425419573663797,,,,,,,,,,,,,,,,,
2020-01-09,300ETF,IS,0.0,1.1673869152296787,-0.002405003564221878,,,,,,,,,,,,,,,,,
2020-01-10,300ETF,IS,0.0,-0.7185498380856388,0.0021642427589178967,,,,,,,,,,,,,,,,,
2020-01-13,300ETF,IS,0.0,-0.7108026664533559,0.009119333656527253,,,,,,,,,,,,,,,,,
2020-01-14,300ETF,IS,0.0,0.16315036616053913,-0.0042867415013623685,,,,,,,,,,,,,,,,,
2020-01-15,300ETF,IS,0.0,-0.06564559197592858,-0.0011997601919040602,,,,,,,,,,,,,,,,,
2020-01-16,300ETF,IS,0.0,-0.9532023607938925,-0.0031321553133184187,,,,,,,,,,,,,,,,,
2020-01-17,300ETF,IS,0.0,-0.3395154282960349,0.0002408767926858047,,,,,,,,,,,,,,,,,
2020-01-20,300ETF,IS,0.0,-1.0007507700065863,0.0038396975420441695,,,,,,,,,,,,,,,,,
2020-01-21,300ETF,IS,0.0,-1.2380802799919708,-0.002183142164846913,,,,,,,,,,,,,,,,,
2020-01-22,300ETF,IS,0.0,-1.474562156595697,0.018875422509261063,,,,,,,,,,,,,,,,,
2020-01-23,300ETF,IS,0.0,-0.8728318329638617,-0.028324874965026624,,,,,,,,,,,,,,,,,
2020-02-03,300ETF,IS,0.0,-1.5375963391950005,-0.016212189724323513,,,,,,,,,,,,,,,,,
2020-02-04,300ETF,IS,1.0,2.3062043033605297,0.003195741734424569,-0.00534189304478612,-0.0029345092420249197,-0.004538787660970133,0.0018629413238823716,-0.00534189304478612,-0.0029345092420249197,-0.004538787660970133,0.002407383802761098,0.007204834368668491,0.0047974505659072915,0.006401728984852504,0.0008534266486267082,0.0009314969434686207,1435,0.0,False,-1.0
2020-02-05,300ETF,IS,0.0,0.35637563390308036,-0.0034125246399175895,,,,,,,,,,,,,,,,,
2020-02-06,300ETF,IS,0.0,-0.69341293472399,0.013517232067852311,,,,,,,,,,,,,,,,,
2020-02-07,300ETF,IS,0.0,-0.6359508374701796,0.004401301603336714,,,,,,,,,,,,,,,,,
2020-02-10,300ETF,IS,0.0,-0.4409912031722028,0.005662820795484652,,,,,,,,,,,,,,,,,
2020-02-11,300ETF,IS,0.0,0.4245092797644013,0.004825406188490585,,,,,,,,,,,,,,,,,
2020-02-12,300ETF,IS,0.0,-0.17672351521108992,0.00682941822235072,,,,,,,,,,,,,,,,,
2020-02-13,300ETF,IS,0.0,0.3361505116139769,-0.0002526847770868164,,,,,,,,,,,,,,,,,
2020-02-14,300ETF,IS,0.0,0.8599695564001564,-0.000504413629862683,,,,,,,,,,,,,,,,,
2020-02-17,300ETF,IS,0.0,1.1625367654847325,0.011640998330014507,,,,,,,,,,,,,,,,,
2020-02-18,300ETF,IS,0.0,-0.22010503054988112,-0.004202206159004342,,,,,,,,,,,,,,,,,
2020-02-19,300ETF,IS,0.0,0.41384051921644976,-0.0029651615498347554,,,,,,,,,,,,,,,,,
2020-02-20,300ETF,IS,0.0,0.8436474385262794,0.01853711616515825,,,,,,,,,,,,,,,,,
2020-02-21,300ETF,IS,0.0,0.32739356553593,0.0026650530613280556,,,,,,,,,,,,,,,,,
2020-02-24,300ETF,IS,0.0,-0.3386907779673468,0.0019436352085710307,,,,,,,,,,,,,,,,,
2020-02-25,300ETF,IS,0.0,-0.23237045497904477,0.005377671234118518,,,,,,,,,,,,,,,,,
2020-02-26,300ETF,IS,0.0,-0.7119988008429557,0.0009815951708407773,,,,,,,,,,,,,,,,,
2020-02-27,300ETF,IS,0.0,0.9470080474911631,-0.0034347433178858323,,,,,,,,,,,,,,,,,
2020-02-28,300ETF,IS,0.0,-1.0537285428375756,-0.018598173658899708,,,,,,,,,,,,,,,,,
2020-03-02,300ETF,IS,0.5022574329170703,1.5201578254053518,0.028793252433025867,0.017218142148967247,0.019195404285985748,0.01993587081370958,0.02828972774967833,0.017218142148967247,0.019195404285985748,0.01993587081370958,0.0019772621370184045,0.011071585600711083,0.009094323463692582,0.00835385693596875,0.0007851832173170897,0.000676839817471288,1435,0.0,False,-1.0
2020-03-03,300ETF,IS,0.0,0.5829659006676894,-0.009049835519917927,,,,,,,,,,,,,,,,,
2020-03-04,300ETF,IS,0.0,0.5769266515051447,0.005151489375985242,,,,,,,,,,,,,,,,,
2020-03-05,300ETF,IS,0.0,-0.5345695573818933,0.018499026032531785,,,,,,,,,,,,,,,,,
2020-03-06,300ETF,IS,0.0,-0.3856617530961,-0.0050620814374233375,,,,,,,,,,,,,,,,,
2020-03-09,300ETF,IS,-1.0,-2.03165039293836,-0.00697040412459232,0.002979887976094235,0.0067172786476046385,0.010468689824634368,0.00746643588079464,0.002979887976094235,0.0067172786476046385,0.010468689824634368,0.0037373906715104013,0.004486547904700405,0.0007491572331900015,-0.0030022539438397276,0.0005644105529404929,0.00043644883845241826,1330,0.0030022539438397276,False,-1.0
2020-03-10,300ETF,IS,0.7700961577636276,1.7204933295985458,0.01736585441984758,0.003744855206571253,0.01661950692156568,0.01661950692156568,0.016865479127946476,0.003744855206571253,0.01661950692156568,0.01661950692156568,0.01287465171499427,0.013120623921375222,0.00024597220638079495,0.00024597220638079495,0.0009949193776283033,0.0010014709899562862,1435,0.0,False,-1.0
2020-03-11,300ETF,IS,0.0,-0.905333180337696,-0.009883945055770327,,,,,,,,,,,,,,,,,
2020-03-12,300ETF,IS,0.0,-1.3027826225978725,-0.006085211475545675,,,,,,,,,,,,,,,,,
2020-03-13,300ETF,IS,0.0,-1.512064818348702,0.016680084404726757,,,,,,,,,,,,,,,,,
2020-03-16,300ETF,IS,0.0,-1.1591930889679445,-0.027449598860420928,,,,,,,,,,,,,,,,,
2020-03-17,300ETF,IS,0.0,1.1117830416006218,-0.0029871033752124983,,,,,,,,,,,,,,,,,
2020-03-18,300ETF,IS,0.6279861331174408,1.6517811054154612,-0.02725846814427477,-0.00079989339020333,-0.005880797488253965,-0.01449689817904514,-0.026192937942236413,-0.00079989339020333,-0.005880797488253965,-0.01449689817904514,-0.00508090409805077,-0.025393044552033082,-0.020312140453982448,-0.011696039763191274,0.0010411666252716498,0.0010343697132900044,1125,0.025393044552033082,True,743.0
2020-03-19,300ETF,IS,0.0,0.250987289367523,-0.005020931050099569,,,,,,,,,,,,,,,,,
2020-03-20,300ETF,IS,0.0,-0.2849040430268215,0.005500563923812067,,,,,,,,,,,,,,,,,
2020-03-23,300ETF,IS,0.0,-1.296313363498077,-0.004797525781387517,,,,,,,,,,,,,,,,,
2020-03-24,300ETF,IS,0.0,0.8075018900438434,-0.0030458281888352916,,,,,,,,,,,,,,,,,
2020-03-25,300ETF,IS,0.0,0.6568782057125742,0.007832585620767774,,,,,,,,,,,,,,,,,
2020-03-26,300ETF,IS,0.0,-0.10052556770492262,-0.0005414185297389167,,,,,,,,,,,,,,,,,
2020-03-27,300ETF,IS,0.0,-0.81097044206955,-0.0029581842198775263,,,,,,,,,,,,,,,,,
2020-03-30,300ETF,IS,0.0,-1.409338915271144,0.0013693005015045804,,,,,,,,,,,,,,,,,
2020-03-31,300ETF,IS,0.0,-0.1953265607749094,-0.0024406791776773527,,,,,,,,,,,,,,,,,
2020-04-01,300ETF,IS,0.0,0.8821321980332201,-0.01059648551207961,,,,,,,,,,,,,,,,,
2020-04-02,300ETF,IS,0.0,-0.01243333111307921,0.01468215607455029,,,,,,,,,,,,,,,,,
2020-04-03,300ETF,IS,0.0,-0.1830927527543128,-0.003503574531182284,,,,,,,,,,,,,,,,,
2020-04-07,300ETF,IS,0.0,-0.14998504602837195,0.0015877219530113541,,,,,,,,,,,,,,,,,
2020-04-08,300ETF,IS,0.0,-0.460331920738038,-0.0007984032360243618,,,,,,,,,,,,,,,,,
2020-04-09,300ETF,IS,0.0,-0.5558217797475956,-0.0002645852641443304,,,,,,,,,,,,,,,,,
2020-04-10,300ETF,IS,0.0,-1.3404342702396874,-0.003715503212788675,,,,,,,,,,,,,,,,,
2020-04-13,300ETF,IS,0.0,-0.9625181391214755,0.0008026756283804294,,,,,,,,,,,,,,,,,
2020-04-14,300ETF,IS,0.0,-0.5834577767806282,0.005815506741611282,,,,,,,,,,,,,,,,,
2020-04-15,300ETF,IS,0.0,-0.5539212043952894,-0.005797117684325958,,,,,,,,,,,,,,,,,
2020-04-16,300ETF,IS,0.0,-0.25155542885591325,0.003967734341658456,,,,,,,,,,,,,,,,,
2020-04-17,300ETF,IS,0.0,-0.3485652310147493,-0.002353249876673663,,,,,,,,,,,,,,,,,
2020-04-20,300ETF,IS,-1.0,-2.2529518567159443,0.0026157482871519613,-0.004445032812378007,-0.003923112132471919,-0.0023557136924589835,-0.0031397200046678463,-0.004445032812378007,-0.003923112132471919,-0.0023557136924589835,0.0005219206799060675,0.0013053128077101604,0.0007833921278040728,-0.0007840063122088628,0.000471398261685698,0.0005271399993189557,1330,0.0007840063122088628,False,-1.0
2020-04-21,300ETF,IS,0.0,-1.1698928425877593,-0.001316655884746785,,,,,,,,,,,,,,,,,
2020-04-22,300ETF,IS,0.0,-0.06343134319355942,0.009202115677631826,,,,,,,,,,,,,,,,,
2020-04-23,300ETF,IS,0.0,0.05396697065502146,-0.001566989090552966,,,,,,,,,,,,,,,,,
2020-04-24,300ETF,IS,0.0,-1.1154006549989126,-0.004483721081447869,,,,,,,,,,,,,,,,,
2020-04-27,300ETF,IS,0.0,0.019038468243300723,-0.003933399590805154,,,,,,,,,,,,,,,,,
2020-04-28,300ETF,IS,0.0,-0.6297335448027368,0.0168558112433005,,,,,,,,,,,,,,,,,
2020-04-29,300ETF,IS,0.0,0.8735286783638578,0.0010389611324190385,,,,,,,,,,,,,,,,,
2020-04-30,300ETF,IS,1.0,1.9048567653685209,-0.002046559936626249,-0.0017923446098983492,-0.0005117707378841304,-0.0028179857254485613,-0.0010238035191685038,-0.0017923446098983492,-0.0005117707378841304,-0.0028179857254485613,0.0012805738720142274,0.0007685410907298455,-0.0005120327812843734,0.0017941822062800576,0.00045220353527564226,0.0004578285327841532,1305,0.0005120327812843734,False,-1.0
2020-05-06,300ETF,IS,0.0,-0.05016112788301558,0.01181318308818303,,,,,,,,,,,,,,,,,
2020-05-07,300ETF,IS,0.0,-0.967736897873158,0.0012786090477391922,,,,,,,,,,,,,,,,,
2020-05-08,300ETF,IS,0.0,-0.2345875832434631,0.0017723767141248,,,,,,,,,,,,,,,,,
2020-05-11,300ETF,IS,0.0,1.3426588827960415,-0.008832864998508837,,,,,,,,,,,,,,,,,
2020-05-12,300ETF,IS,0.0,-0.08463508444310104,-0.002281080700163789,,,,,,,,,,,,,,,,,
2020-05-13,300ETF,IS,0.0,-0.8824939325722638,0.007863071584501467,,,,,,,,,,,,,,,,,
2020-05-14,300ETF,IS,0.0,-1.196451754147288,-0.0017818510505484253,,,,,,,,,,,,,,,,,
2020-05-15,300ETF,IS,0.0,-0.5564551032134891,-0.0017873105740956402,,,,,,,,,,,,,,,,,
2020-05-18,300ETF,IS,0.0,-0.28838399146015753,0.004083721856994856,,,,,,,,,,,,,,,,,
2020-05-19,300ETF,IS,0.0,-0.26575894375830295,-0.002281080700163789,,,,,,,,,,,,,,,,,
2020-05-20,300ETF,IS,0.0,-0.6357574765747093,-0.004324056082426955,,,,,,,,,,,,,,,,,
2020-05-21,300ETF,IS,0.0,-0.9695883786303474,-0.006892177888877297,,,,,,,,,,,,,,,,,
2020-05-22,300ETF,IS,0.0,-1.261581239656134,-0.012725791787249164,,,,,,,,,,,,,,,,,
2020-05-25,300ETF,IS,0.0,-0.8217183938478335,-0.0020942416031146257,,,,,,,,,,,,,,,,,
2020-05-26,300ETF,IS,0.0,0.5861955543346423,0.00259538168007721,,,,,,,,,,,,,,,,,
2020-05-27,300ETF,IS,0.0,-0.94132313424989,-0.0041612543792052745,,,,,,,,,,,,,,,,,
2020-05-28,300ETF,IS,0.0,1.465465714472053,-0.0054369065967361475,,,,,,,,,,,,,,,,,
2020-05-29,300ETF,IS,0.0,0.12114414728459615,0.002076304924481659,,,,,,,,,,,,,,,,,
2020-06-01,300ETF,IS,0.9464395374249341,1.7834768363314508,0.006329936314758652,0.0048180643476813285,0.006334748157126289,0.007849135119944103,0.007092228309491837,0.0048180643476813285,0.006334748157126289,0.007849135119944103,0.001516683809444875,0.002274163961810508,0.0007574801523655477,-0.0007569068104522668,0.0004078285145077884,0.0004881753766845483,1330,0.0007569068104522668,False,-1.0
2020-06-02,300ETF,IS,0.0,-0.35478810907356784,0.0035246763579802006,,,,,,,,,,,,,,,,,
2020-06-03,300ETF,IS,0.0,0.4067514148978476,-0.006504901596125991,,,,,,,,,,,,,,,,,
2020-06-04,300ETF,IS,0.0,-1.0052519665175912,-0.0007538635863997109,,,,,,,,,,,,,,,,,
2020-06-05,300ETF,IS,0.0,-1.210705661448949,0.006275908637192654,,,,,,,,,,,,,,,,,
2020-06-08,300ETF,IS,0.6645629538185969,1.6721084881327688,-0.006446836114624257,-0.005702259159994618,-0.0054536575428039274,-0.007693300136308734,-0.00619964787952545,-0.005702259159994618,-0.0054536575428039274,-0.007693300136308734,0.0002486016171908129,-0.0004973887195308321,-0.0007459903367215224,0.0014936522567832846,0.0004262750760402799,0.00042281019468056185,1305,0.0007459903367215224,False,-1.0
2020-06-09,300ETF,IS,0.0,0.2112561981045169,0.0,,,,,,,,,,,,,,,,,
2020-06-10,300ETF,IS,0.0,-1.3279675490639102,-0.000990589481696068,,,,,,,,,,,,,,,,,
2020-06-11,300ETF,IS,0.0,-0.498058925757024,-0.00920977262668138,,,,,,,,,,,,,,,,,
2020-06-12,300ETF,IS,0.0,-0.4385780095682976,0.007515065428453898,,,,,,,,,,,,,,,,,
2020-06-15,300ETF,IS,0.0,-0.4008209189103475,-0.006028654280156111,,,,,,,,,,,,,,,,,
2020-06-16,300ETF,IS,0.0,0.5756733408075984,0.0007482230053521344,,,,,,,,,,,,,,,,,
2020-06-17,300ETF,IS,0.0,-0.8041676390084713,0.0002492211850906007,,,,,,,,,,,,,,,,,
2020-06-18,300ETF,IS,0.0,-0.4941308909276468,0.00668898815079671,,,,,,,,,,,,,,,,,
2020-06-19,300ETF,IS,0.0,1.2889027487726834,0.010259005462757459,,,,,,,,,,,,,,,,,
2020-06-22,300ETF,IS,0.0,0.1638949435733384,-0.0019469463438955429,,,,,,,,,,,,,,,,,
2020-06-23,300ETF,IS,0.0,-0.9121280674242259,0.008761311823183252,,,,,,,,,,,,,,,,,
2020-06-24,300ETF,IS,0.0,0.9018144032644483,0.0026528413001573143,,,,,,,,,,,,,,,,,
2020-06-29,300ETF,IS,0.0,-0.5328071790566464,-0.0043668191663404025,,,,,,,,,,,,,,,,,
2020-06-30,300ETF,IS,0.0,1.0779363668095763,0.002639473637972971,,,,,,,,,,,,,,,,,
2020-07-01,300ETF,IS,0.0,0.393781475842494,0.010169178327941557,,,,,,,,,,,,,,,,,
2020-07-02,300ETF,IS,0.0,1.241928814580989,0.018467745545840172,,,,,,,,,,,,,,,,,
2020-07-03,300ETF,IS,0.0,1.3505530916718391,0.003846593723587719,,,,,,,,,,,,,,,,,
2020-07-06,300ETF,IS,1.0,2.667836847699997,0.033225647628320386,0.014738021423516353,0.02330705414861776,0.018174450922097553,0.03497084876935109,0.014738021423516353,0.02330705414861776,0.018174450922097553,0.008569032725101367,0.020232827345834738,0.011663794620733327,0.016796397847253536,0.0008154247774361403,0.0009981800988763945,1435,0.0,False,-1.0
2020-07-07,300ETF,IS,0.0,0.4386350788506483,0.0039744848888539274,,,,,,,,,,,,,,,,,
2020-07-08,300ETF,IS,0.7353059027758584,1.7058034559954096,0.017844495750127365,0.004005486540080192,0.005477157151536356,0.0008445946448016335,0.015094626222484888,0.004005486540080192,0.005477157151536356,0.0008445946448016335,0.0014716706114562507,0.011089139682404697,0.009617469070948532,0.014250031577683255,0.0008609071687718645,0.0011537285476307278,1435,0.0,False,-1.0
2020-07-09,300ETF,IS,0.0,1.0989545084217258,0.0006219550319699032,,,,,,,,,,,,,,,,,
2020-07-10,300ETF,IS,0.0,-0.43668265428084085,-0.012242086700391435,,,,,,,,,,,,,,,,,
2020-07-13,300ETF,IS,0.0,1.1530974219061094,0.016525887356207185,,,,,,,,,,,,,,,,,
2020-07-14,300ETF,IS,0.0,0.15182041231384566,-0.009661910911736859,,,,,,,,,,,,,,,,,
2020-07-15,300ETF,IS,0.0,-0.033944226962358305,-0.0076218311088229185,,,,,,,,,,,,,,,,,
2020-07-16,300ETF,IS,0.0,0.2997666657007008,-0.046788411968420894,,,,,,,,,,,,,,,,,
2020-07-17,300ETF,IS,0.0,0.8788746113669074,0.00021703743981026262,,,,,,,,,,,,,,,,,
2020-07-20,300ETF,IS,0.0,-0.18640051027332935,0.028346325646895026,,,,,,,,,,,,,,,,,
2020-07-21,300ETF,IS,0.0,-0.268949132210147,0.0010536298519769503,,,,,,,,,,,,,,,,,
2020-07-22,300ETF,IS,0.0,0.9251769699969062,-0.0008375209869795232,,,,,,,,,,,,,,,,,
2020-07-23,300ETF,IS,0.0,0.8370385197588855,-0.0035733091095657156,,,,,,,,,,,,,,,,,
2020-07-24,300ETF,IS,0.0,-0.8672246762032408,-0.02473510340173998,,,,,,,,,,,,,,,,,
2020-07-27,300ETF,IS,0.0,0.43720397428221563,-0.0074301041123520165,,,,,,,,,,,,,,,,,
2020-07-28,300ETF,IS,0.0,0.4103001777787772,-0.0036976659857971207,,,,,,,,,,,,,,,,,
2020-07-29,300ETF,IS,0.0,0.5318217225068385,0.014486831966242508,,,,,,,,,,,,,,,,,
2020-07-30,300ETF,IS,0.0,-0.2359144478182408,-0.0019069822496950847,,,,,,,,,,,,,,,,,
2020-07-31,300ETF,IS,1.0,2.168134580806297,-0.009868846500730463,-0.013465383340767936,-0.01410104391943432,-0.012830126569801661,-0.009659881919466382,-0.013465383340767936,-0.01410104391943432,-0.012830126569801661,-0.000635660578666406,0.0038055014213015537,0.004441161999967937,0.0031702446503352796,0.0013665872778023263,0.0010657226066085232,1435,0.0,True,664.0
2020-08-03,300ETF,IS,0.0,0.012441216518596001,0.0010409077654738724,,,,,,,,,,,,,,,,,
2020-08-04,300ETF,IS,0.0,-0.501073019208478,0.00020718947551579946,,,,,,,,,,,,,,,,,
2020-08-05,300ETF,IS,0.0,-0.780241835660799,0.012088517362268486,,,,,,,,,,,,,,,,,
2020-08-06,300ETF,IS,0.0,-0.04775355811926268,0.0016628563382653312,,,,,,,,,,,,,,,,,
2020-08-07,300ETF,IS,0.0,-0.3734657649871604,-0.0002090519501706758,,,,,,,,,,,,,,,,,
2020-08-10,300ETF,IS,0.0,-0.21855415643021,0.01409807674193125,,,,,,,,,,,,,,,,,
2020-08-11,300ETF,IS,1.0,1.9234779319769029,-0.012933012972225997,-0.005186195630040687,-0.004146802541974847,-0.002071251776112156,-0.01458967104422374,-0.005186195630040687,-0.004146802541974847,-0.002071251776112156,0.0010393930880657487,-0.009403475414183052,-0.010442868502248893,-0.012518419268111584,0.0007584764149414404,0.0007969065722825605,1330,0.012518419268111584,False,-1.0
2020-08-12,300ETF,IS,0.0,-0.6651415519964766,-0.0010639430730197145,,,,,,,,,,,,,,,,,
2020-08-13,300ETF,IS,0.0,-0.566927080899285,0.0012790451541203815,,,,,,,,,,,,,,,,,
2020-08-14,300ETF,IS,0.0,1.0398033928285284,0.008438868645864604,,,,,,,,,,,,,,,,,
2020-08-17,300ETF,IS,0.0,1.0716208588549048,0.010095892902323858,,,,,,,,,,,,,,,,,
2020-08-18,300ETF,IS,0.0,-0.49772933437051853,-0.00020578248863647409,,,,,,,,,,,,,,,,,
2020-08-19,300ETF,IS,0.0,-0.75071938697877,-0.005806735519639839,,,,,,,,,,,,,,,,,
2020-08-20,300ETF,IS,0.0,-0.6752356458484432,-0.007566240383315701,,,,,,,,,,,,,,,,,
2020-08-21,300ETF,IS,0.0,1.0113159758223635,-0.008170151239492194,,,,,,,,,,,,,,,,,
2020-08-24,300ETF,IS,0.0,-0.7648479074428134,0.004782211005982525,,,,,,,,,,,,,,,,,
2020-08-25,300ETF,IS,0.0,1.3328563569935765,-0.009292787575459406,,,,,,,,,,,,,,,,,
2020-08-26,300ETF,IS,0.0,0.25665046548447995,-0.018758365789219633,,,,,,,,,,,,,,,,,
2020-08-27,300ETF,IS,0.0,-0.8179787021450744,0.003990344473626265,,,,,,,,,,,,,,,,,
2020-08-28,300ETF,IS,0.0,0.16564927897029436,0.019545936527692823,,,,,,,,,,,,,,,,,
2020-08-31,300ETF,IS,0.0,0.4316371942383461,-0.007924454757692115,,,,,,,,,,,,,,,,,
2020-09-01,300ETF,IS,0.0,0.27480041187985627,0.001025325630685557,,,,,,,,,,,,,,,,,
2020-09-02,300ETF,IS,0.0,-0.6200345322095829,0.0014266791373329713,,,,,,,,,,,,,,,,,
2020-09-03,300ETF,IS,0.0,0.20908745677387858,-0.011214308574182257,,,,,,,,,,,,,,,,,
2020-09-04,300ETF,IS,0.0,-1.1084505292540276,0.003942322773735058,,,,,,,,,,,,,,,,,
2020-09-07,300ETF,IS,0.0,0.7304373130280989,-0.020464276480850318,,,,,,,,,,,,,,,,,
2020-09-08,300ETF,IS,0.0,-0.3675159078563052,0.004010559465383864,,,,,,,,,,,,,,,,,
2020-09-09,300ETF,IS,0.0,-1.0652764557800556,-0.0017115964811813807,,,,,,,,,,,,,,,,,
2020-09-10,300ETF,IS,0.0,0.49046100663748804,-0.010702156942016778,,,,,,,,,,,,,,,,,
2020-09-11,300ETF,IS,0.0,0.5676935374104376,0.006641695544986557,,,,,,,,,,,,,,,,,
2020-09-14,300ETF,IS,0.0,0.046045719362815735,-0.0031911525857496272,,,,,,,,,,,,,,,,,
2020-09-15,300ETF,IS,0.0,-0.8549673867026065,0.008881428648519544,,,,,,,,,,,,,,,,,
2020-09-16,300ETF,IS,0.0,-0.5619802002166946,-0.004022446410171832,,,,,,,,,,,,,,,,,
2020-09-17,300ETF,IS,0.0,-0.972192407216978,0.004042128682005418,,,,,,,,,,,,,,,,,
2020-09-18,300ETF,IS,0.0,0.6947759997724858,0.015761595601118072,,,,,,,,,,,,,,,,,
2020-09-21,300ETF,IS,0.0,-1.1795858978537357,-0.007759292363822085,,,,,,,,,,,,,,,,,
2020-09-22,300ETF,IS,0.0,-0.26763629315675475,-0.009116993076367567,,,,,,,,,,,,,,,,,
2020-09-23,300ETF,IS,0.0,-0.6173845070402213,0.0006375518226795118,,,,,,,,,,,,,,,,,
2020-09-24,300ETF,IS,0.0,-0.6318660494378077,-0.0064585800394118195,,,,,,,,,,,,,,,,,
2020-09-25,300ETF,IS,0.0,-0.3216076771999787,-0.00021540118553945052,,,,,,,,,,,,,,,,,
2020-09-28,300ETF,IS,0.0,0.9439952799714307,-0.0040838315757807135,,,,,,,,,,,,,,,,,
2020-09-29,300ETF,IS,0.0,-0.9401552494041081,-0.0010712373814988035,,,,,,,,,,,,,,,,,
2020-09-30,300ETF,IS,0.0,0.3202091358115503,-0.005143603281887306,,,,,,,,,,,,,,,,,
2020-10-09,300ETF,IS,0.0,-0.22118437880127523,-0.0004221190438364983,,,,,,,,,,,,,,,,,
2020-10-12,300ETF,IS,1.0,2.149714963951249,0.008449303228855287,0.004751584190399062,0.006810469002526879,0.008454530203093603,0.009070356969964279,0.004751584190399062,0.006810469002526879,0.008454530203093603,0.0020588848121278996,0.004318772779565217,0.0022598879674373996,0.0006158267668706762,0.00048620155093222233,0.00036544930390685536,1435,0.0,False,-1.0
2020-10-13,300ETF,IS,0.0,-0.4858581493811449,0.008801612443900599,,,,,,,,,,,,,,,,,
2020-10-14,300ETF,IS,0.0,-0.9668697560779907,-0.0026653014240524795,,,,,,,,,,,,,,,,,
2020-10-15,300ETF,IS,0.0,0.28383213730866,0.0010276437036319112,,,,,,,,,,,,,,,,,
2020-10-16,300ETF,IS,0.0,0.9664331454701675,-0.005553855682797236,,,,,,,,,,,,,,,,,
2020-10-19,300ETF,IS,0.0,0.989429385664158,-0.018950103631884836,,,,,,,,,,,,,,,,,
2020-10-20,300ETF,IS,0.0,-0.1186185606695901,0.004968954323186924,,,,,,,,,,,,,,,,,
2020-10-21,300ETF,IS,0.0,-0.8759608740986639,-0.0014443415282997189,,,,,,,,,,,,,,,,,
2020-10-22,300ETF,IS,0.0,-1.0237549571403077,0.00578992519041253,,,,,,,,,,,,,,,,,
2020-10-23,300ETF,IS,0.0,0.2960505633575493,-0.010173450144409209,,,,,,,,,,,,,,,,,
2020-10-26,300ETF,IS,0.0,-1.3786615626153553,0.002107038284802955,,,,,,,,,,,,,,,,,
2020-10-27,300ETF,IS,0.0,0.06473474595944291,0.0010514142488935179,,,,,,,,,,,,,,,,,
2020-10-28,300ETF,IS,0.0,0.44600386057129504,0.010041925389201537,,,,,,,,,,,,,,,,,
2020-10-29,300ETF,IS,0.0,-0.04399657595442806,0.017633482518030864,,,,,,,,,,,,,,,,,
2020-10-30,300ETF,IS,0.0,-1.114060677293711,-0.01670184961793147,,,,,,,,,,,,,,,,,
2020-11-02,300ETF,IS,0.500465287744505,1.5091516006256238,-0.0029264234931603485,-0.003133816416171348,-0.002924589508827822,-0.004180608095554125,-0.0035524016043676607,-0.003133816416171348,-0.002924589508827822,-0.004180608095554125,0.00020922690734352038,-0.00041858518819631266,-0.0006278120955398388,0.0006282064911864644,0.0006900324895697762,0.0006432607448560549,1305,0.0006278120955398388,False,-1.0
2020-11-03,300ETF,IS,0.0,-0.2057797603728492,0.0049782305674214685,,,,,,,,,,,,,,,,,
2020-11-04,300ETF,IS,0.0,0.29504834079499165,0.003702184401326637,,,,,,,,,,,,,,,,,
2020-11-05,300ETF,IS,0.0,1.2644518551074728,0.0028363066015817807,,,,,,,,,,,,,,,,,
2020-11-06,300ETF,IS,0.0,-1.1476799752043048,-0.00040469446120941613,,,,,,,,,,,,,,,,,
2020-11-09,300ETF,IS,0.8124299654132225,1.7371442467663512,0.006763503005899652,0.012097321550731177,0.01130852245639054,0.009729055198119159,0.006364381068851313,0.012097321550731177,0.01130852245639054,0.009729055198119159,-0.0007887990943407724,-0.005732940481879864,-0.004944141387539226,-0.0033646741292678453,0.0006619111470542586,0.0006442403848167182,1125,0.005732940481879864,False,-1.0
2020-11-10,300ETF,IS,0.0,-1.172945587805935,-0.0015948966698160025,,,,,,,,,,,,,,,,,
2020-11-11,300ETF,IS,0.0,0.03161886341484275,-0.005200011717380827,,,,,,,,,,,,,,,,,
2020-11-12,300ETF,IS,0.0,-0.5586175077568694,-0.003418119342852841,,,,,,,,,,,,,,,,,
2020-11-13,300ETF,IS,0.0,-1.397310739996416,0.0020383211296973198,,,,,,,,,,,,,,,,,
2020-11-16,300ETF,IS,0.0,-1.0135463478982232,0.006283592175748175,,,,,,,,,,,,,,,,,
2020-11-17,300ETF,IS,0.0,0.0262709893741742,-0.0022242451794548656,,,,,,,,,,,,,,,,,
2020-11-18,300ETF,IS,0.0,0.6260335492262438,-0.003225809248882677,,,,,,,,,,,,,,,,,
2020-11-19,300ETF,IS,0.0,-0.23868377404730043,0.009038928669870666,,,,,,,,,,,,,,,,,
2020-11-20,300ETF,IS,0.0,0.21717395248145807,0.0021967058259389936,,,,,,,,,,,,,,,,,
2020-11-23,300ETF,IS,0.0,0.33146359828104394,0.01010610008235632,,,,,,,,,,,,,,,,,
2020-11-24,300ETF,IS,0.0,-0.6409904486446116,0.0007923930684024075,,,,,,,,,,,,,,,,,
2020-11-25,300ETF,IS,0.0,0.2438349080652293,-0.010763508339245676,,,,,,,,,,,,,,,,,
2020-11-26,300ETF,IS,0.0,0.5322506161264365,-0.001408025979378422,,,,,,,,,,,,,,,,,
2020-11-27,300ETF,IS,0.0,0.48698444142021247,0.0045885367291307495,,,,,,,,,,,,,,,,,
2020-11-30,300ETF,IS,0.0,1.385756871499622,-0.01005033585350145,,,,,,,,,,,,,,,,,
2020-12-01,300ETF,IS,0.0,0.6678853627934437,0.01588424415727453,,,,,,,,,,,,,,,,,
2020-12-02,300ETF,IS,0.0,-0.3503079183190134,0.005264709440108018,,,,,,,,,,,,,,,,,
2020-12-03,300ETF,IS,0.0,-0.601945469472532,0.0029231239756045725,,,,,,,,,,,,,,,,,
2020-12-04,300ETF,IS,0.0,-1.193047913695201,0.00723436530830368,,,,,,,,,,,,,,,,,
2020-12-07,300ETF,IS,0.0,-0.8961670603266176,-0.0021574981400212367,,,,,,,,,,,,,,,,,
2020-12-08,300ETF,IS,0.0,0.26432239479552894,-0.0027494125724954696,,,,,,,,,,,,,,,,,
2020-12-09,300ETF,IS,0.0,0.3006942277049949,-0.006518541600241863,,,,,,,,,,,,,,,,,
2020-12-10,300ETF,IS,0.0,-0.14881849323678994,0.0007996801705642441,,,,,,,,,,,,,,,,,
2020-12-11,300ETF,IS,0.0,-0.9708754261868163,-0.011649057217198382,,,,,,,,,,,,,,,,,
2020-12-14,300ETF,IS,0.0,-0.14146769473526408,0.00622929774821453,,,,,,,,,,,,,,,,,
2020-12-15,300ETF,IS,0.0,-1.205345142699617,0.009412305393578613,,,,,,,,,,,,,,,,,
2020-12-16,300ETF,IS,0.0,0.000749788756209801,0.0009967109366951932,,,,,,,,,,,,,,,,,
2020-12-17,300ETF,IS,0.0,0.5535549474278006,0.013654115365024295,,,,,,,,,,,,,,,,,
2020-12-18,300ETF,IS,0.0,-0.30170329505180415,-0.0019700557987128,,,,,,,,,,,,,,,,,
2020-12-21,300ETF,IS,0.0,-1.1035798841228932,0.011002075614664777,,,,,,,,,,,,,,,,,
2020-12-22,300ETF,IS,0.0,-0.04738188639414844,-0.009862012869115819,,,,,,,,,,,,,,,,,
2020-12-23,300ETF,IS,0.0,0.5159217377670186,0.0011869437595288443,,,,,,,,,,,,,,,,,
2020-12-24,300ETF,IS,0.0,0.33646097342024256,-0.0033520686026184644,,,,,,,,,,,,,,,,,
2020-12-25,300ETF,IS,0.0,-0.3016290434745214,0.011610875297898005,,,,,,,,,,,,,,,,,
2020-12-28,300ETF,IS,0.0,0.06794192525737493,0.0017610805842978177,,,,,,,,,,,,,,,,,
2020-12-29,300ETF,IS,0.0,-0.16107079862991952,-0.0023460421317524267,,,,,,,,,,,,,,,,,
2020-12-30,300ETF,IS,0.0,1.0237614394446546,0.008925165959936606,,,,,,,,,,,,,,,,,
2020-12-31,300ETF,IS,1.0,2.0930597264555897,0.004172995433508529,-0.009912395305658845,-0.007807332811732153,-0.004562745558418396,0.002084320981972598,-0.009912395305658845,-0.007807332811732153,-0.004562745558418396,0.0021050624939267506,0.011996716287631442,0.009891653793704751,0.006647066540390994,0.0007819819308446908,0.0006897368902869522,1435,0.0,False,-1.0
2021-01-04,300ETF,IS,0.0,-0.3790269130927627,0.011836681176166118,,,,,,,,,,,,,,,,,
2021-01-05,300ETF,IS,0.0,0.7291298944620613,0.013176399226850079,,,,,,,,,,,,,,,,,
2021-01-06,300ETF,IS,0.6916788956955324,1.685747681614592,0.0031081476708697303,-0.0036724242522638054,-0.004960965617847104,-0.0014673516939498429,0.004024150299725327,-0.0036724242522638054,-0.004960965617847104,-0.0014673516939498429,-0.0012885413655833425,0.007696574551989133,0.00898511591757243,0.005491501993675169,0.0008843374652214223,0.0008630499670988313,1435,0.0,False,-1.0
2021-01-07,300ETF,IS,0.0,0.3310338678606755,0.0063205628025894585,,,,,,,,,,,,,,,,,
2021-01-08,300ETF,IS,0.0,-0.00731288536139532,-0.001435235266104405,,,,,,,,,,,,,,,,,
2021-01-11,300ETF,IS,0.0,-0.9887931324814839,-0.010443018924406636,,,,,,,,,,,,,,,,,
2021-01-12,300ETF,IS,0.0,0.4673675243698901,0.02328185388576075,,,,,,,,,,,,,,,,,
2021-01-13,300ETF,IS,0.0,0.8762156043124372,-0.015175869159555112,,,,,,,,,,,,,,,,,
2021-01-14,300ETF,IS,0.0,-0.7333193797662572,-0.010396221973945782,,,,,,,,,,,,,,,,,
2021-01-15,300ETF,IS,0.0,0.7525873380511549,-0.0005420543993959221,,,,,,,,,,,,,,,,,
2021-01-18,300ETF,IS,0.0,-0.26267630435440437,0.01346454111635211,,,,,,,,,,,,,,,,,
2021-01-19,300ETF,IS,0.0,-0.6727393715588771,-0.014465142816847167,,,,,,,,,,,,,,,,,
2021-01-20,300ETF,IS,0.0,0.5544356983966877,-0.00018306636206708957,,,,,,,,,,,,,,,,,
2021-01-21,300ETF,IS,0.0,1.4492825806549943,0.006691407551486721,,,,,,,,,,,,,,,,,
2021-01-22,300ETF,IS,0.0,-0.016489015591329672,0.0008993615139888084,,,,,,,,,,,,,,,,,
2021-01-25,300ETF,IS,0.0,-0.2477805219621797,0.006996171688174532,,,,,,,,,,,,,,,,,
2021-01-26,300ETF,IS,0.0,-0.7876158142588995,-0.01081091610421573,,,,,,,,,,,,,,,,,
2021-01-27,300ETF,IS,0.0,0.42727164933124334,0.004362057080165607,,,,,,,,,,,,,,,,,
2021-01-28,300ETF,IS,0.0,-1.2541730071944224,-0.010157996662657806,,,,,,,,,,,,,,,,,
2021-01-29,300ETF,IS,0.0,0.24114845842303237,-0.014953549667058358,,,,,,,,,,,,,,,,,
2021-02-01,300ETF,IS,0.0,0.26830691811622653,0.006677821142605668,,,,,,,,,,,,,,,,,
2021-02-02,300ETF,IS,0.0,0.41634830111244625,0.007881994797428243,,,,,,,,,,,,,,,,,
2021-02-03,300ETF,IS,0.0,-0.5716818409653093,0.0,,,,,,,,,,,,,,,,,
2021-02-04,300ETF,IS,0.0,0.6750637753842562,0.002373779988021489,,,,,,,,,,,,,,,,,
2021-02-05,300ETF,IS,0.0,0.44634421741751024,-0.0018175214018211283,,,,,,,,,,,,,,,,,
2021-02-08,300ETF,IS,0.0,0.07024416506280477,0.009422066441847007,,,,,,,,,,,,,,,,,
2021-02-09,300ETF,IS,0.0,-0.4515796262488187,0.01866554946338029,,,,,,,,,,,,,,,,,
2021-02-10,300ETF,IS,0.0,0.9974748213279242,0.012450446148928205,,,,,,,,,,,,,,,,,
2021-02-18,300ETF,IS,0.0,-0.9414777093808948,-0.014952585880843437,,,,,,,,,,,,,,,,,
2021-02-19,300ETF,IS,0.0,-0.04793405144823427,0.005039544943277356,,,,,,,,,,,,,,,,,
2021-02-22,300ETF,IS,0.0,-1.5458269516598016,-0.012352371634739059,,,,,,,,,,,,,,,,,
2021-02-23,300ETF,IS,0.0,1.2428591870954768,-0.01072013124977129,,,,,,,,,,,,,,,,,
2021-02-24,300ETF,IS,0.0,0.15535940714950633,-0.02527177488648446,,,,,,,,,,,,,,,,,
2021-02-25,300ETF,IS,0.0,-0.8344686742796519,0.002563634438306437,,,,,,,,,,,,,,,,,
2021-02-26,300ETF,IS,0.0,-1.6471192980190326,-0.003357585694845934,,,,,,,,,,,,,,,,,
2021-03-01,300ETF,IS,0.0,-0.8187071405787123,0.0018542560476952534,,,,,,,,,,,,,,,,,
2021-03-02,300ETF,IS,0.0,-0.8014406891370929,-0.014842573037928852,,,,,,,,,,,,,,,,,
2021-03-03,300ETF,IS,0.0,0.658370961623095,0.010366623752544544,,,,,,,,,,,,,,,,,
2021-03-04,300ETF,IS,0.0,-1.6589308506941594,-0.017666311738285635,,,,,,,,,,,,,,,,,
2021-03-05,300ETF,IS,0.0,-0.7757942386257889,0.015498253384779795,,,,,,,,,,,,,,,,,
2021-03-08,300ETF,IS,0.0,0.05519307697016745,-0.03553624664163007,,,,,,,,,,,,,,,,,
2021-03-09,300ETF,IS,0.0,-1.1102878693129852,0.010832603420822888,,,,,,,,,,,,,,,,,
2021-03-10,300ETF,IS,0.0,-0.3222582550266954,-0.0017944377260501407,,,,,,,,,,,,,,,,,
2021-03-11,300ETF,IS,0.9163463353712429,1.7737559869059008,0.002749952626716021,0.004323056447793286,0.0066732337927469,0.004911118799347495,0.003930822671436968,0.004323056447793286,0.0066732337927469,0.004911118799347495,0.002350177344953673,-0.0003922337763563183,-0.002742411121309932,-0.000980296127910527,0.0009465956990124738,0.0009546451375893844,1305,0.002742411121309932,False,-1.0
2021-03-12,300ETF,IS,0.0,-0.9720259859944519,0.0009764672194678831,,,,,,,,,,,,,,,,,
2021-03-15,300ETF,IS,0.0,-1.1799701568292842,-0.014052680535705271,,,,,,,,,,,,,,,,,
2021-03-16,300ETF,IS,0.0,0.38326433511543573,-0.0015788438251100238,,,,,,,,,,,,,,,,,
2021-03-17,300ETF,IS,0.0,-0.31526885628022605,0.0,,,,,,,,,,,,,,,,,
2021-03-18,300ETF,IS,0.0,0.4574568279973497,0.0015582395050136235,,,,,,,,,,,,,,,,,
2021-03-19,300ETF,IS,0.0,-1.1726205922598176,-0.015676479385007516,,,,,,,,,,,,,,,,,
2021-03-22,300ETF,IS,0.5021895928601955,1.5198526248852684,-0.0029758974446890073,-0.0027755767224020597,-0.0037687240877761646,-0.004563952757914479,-0.0035700156916925923,-0.0027755767224020597,-0.0037687240877761646,-0.004563952757914479,-0.0009931473653740704,-0.0007944389692905326,0.00019870839608357232,0.0009939370662218868,0.0007353460442270744,0.0007374046134151142,1125,0.0007944389692905326,False,-1.0
2021-03-23,300ETF,IS,0.0,-0.7344324374743879,-0.008972246411946173,,,,,,,,,,,,,,,,,
2021-03-24,300ETF,IS,0.0,0.3716950023260182,-0.00867903318527716,,,,,,,,,,,,,,,,,
2021-03-25,300ETF,IS,0.0,-0.41697098245915987,0.00468194239479657,,,,,,,,,,,,,,,,,
2021-03-26,300ETF,IS,0.6476981558979514,1.6630511210069752,0.010184810954234272,0.007793025752095856,0.007793025752095856,0.007593961354105847,0.009582824380421202,0.007793025752095856,0.007793025752095856,0.007593961354105847,0.0,0.0017897986283253453,0.0017897986283253453,0.001988863026315355,0.0006842108416367083,0.0006996818477986508,1435,0.0,False,-1.0
2021-03-29,300ETF,IS,0.0,-0.5168324043201804,0.003171459546258107,,,,,,,,,,,,,,,,,
2021-03-30,300ETF,IS,0.0,0.6816226930978165,0.0055281483331924225,,,,,,,,,,,,,,,,,
2021-03-31,300ETF,IS,0.0,-1.3068488164524739,0.0025785990683863578,,,,,,,,,,,,,,,,,
2021-04-01,300ETF,IS,0.0,0.6405808945343651,0.007079675588061548,,,,,,,,,,,,,,,,,
2021-04-02,300ETF,IS,0.0,0.8104434393369624,0.004675636805599423,,,,,,,,,,,,,,,,,
2021-04-06,300ETF,IS,0.0,-1.1380607443362498,0.0015573294952017632,,,,,,,,,,,,,,,,,
2021-04-07,300ETF,IS,0.0,-1.3239799228505393,0.00019656019719316057,,,,,,,,,,,,,,,,,
2021-04-08,300ETF,IS,0.0,0.37100515902159015,0.003726590563597383,,,,,,,,,,,,,,,,,
2021-04-09,300ETF,IS,0.0,-1.1491844742402415,-0.003958049893183804,,,,,,,,,,,,,,,,,
2021-04-12,300ETF,IS,0.0,-0.5324339080332964,-0.01184396059529266,,,,,,,,,,,,,,,,,
2021-04-13,300ETF,IS,0.0,0.8157433358794867,-0.006262014200530029,,,,,,,,,,,,,,,,,
2021-04-14,300ETF,IS,0.0,1.2595674482191292,-0.002413031534832359,,,,,,,,,,,,,,,,,
2021-04-15,300ETF,IS,0.0,-1.1133109496731097,-0.0002026958555637709,,,,,,,,,,,,,,,,,
2021-04-16,300ETF,IS,0.0,-0.8683894866041205,0.002221998692220585,,,,,,,,,,,,,,,,,
2021-04-19,300ETF,IS,0.0,0.5339403056931846,0.016044713808898117,,,,,,,,,,,,,,,,,
2021-04-20,300ETF,IS,0.0,0.05126542340046332,0.0007864727106135764,,,,,,,,,,,,,,,,,
2021-04-21,300ETF,IS,0.0,0.11859095073714203,0.006894541247466052,,,,,,,,,,,,,,,,,
2021-04-22,300ETF,IS,0.0,-1.0444398456040462,0.0009849306420177538,,,,,,,,,,,,,,,,,
2021-04-23,300ETF,IS,0.0,1.464031970410346,0.003510828650063021,,,,,,,,,,,,,,,,,
2021-04-26,300ETF,IS,0.0,0.22301657202717198,-0.017503364011358675,,,,,,,,,,,,,,,,,
2021-04-27,300ETF,IS,0.0,-0.4806705247943749,0.001968892150117346,,,,,,,,,,,,,,,,,
2021-04-28,300ETF,IS,0.0,-0.3400125088362032,0.0015698590351200523,,,,,,,,,,,,,,,,,
2021-04-29,300ETF,IS,0.0,0.6523549436854056,0.003681104612032042,,,,,,,,,,,,,,,,,
2021-04-30,300ETF,IS,0.0,-1.0117970232579903,-0.004663825010204337,,,,,,,,,,,,,,,,,
2021-05-06,300ETF,IS,0.0,-0.13528490801014648,-0.011572160128156463,,,,,,,,,,,,,,,,,
2021-05-07,300ETF,IS,0.0,-0.5849013502412541,-0.015664045860100863,,,,,,,,,,,,,,,,,
2021-05-10,300ETF,IS,0.0,0.025251454600034435,-0.003607941376199054,,,,,,,,,,,,,,,,,
2021-05-11,300ETF,IS,0.0,-0.7383882113345066,0.013237257066695906,,,,,,,,,,,,,,,,,
2021-05-12,300ETF,IS,0.0,0.33816840905369844,0.00496574662273204,,,,,,,,,,,,,,,,,
2021-05-13,300ETF,IS,0.0,-0.29015187641530277,-0.0028000018293353355,,,,,,,,,,,,,,,,,
2021-05-14,300ETF,IS,0.0,0.03689694209554986,0.02292590528216996,,,,,,,,,,,,,,,,,
2021-05-17,300ETF,IS,1.0,1.934943506303004,0.0009620010361908411,0.005193817581108293,0.004618057081563896,0.0017342715590662112,0.0028887839058911397,0.005193817581108293,0.004618057081563896,0.0017342715590662112,-0.0005757604995444385,-0.0023050336752171536,-0.0017292731756727566,0.0011545123468249285,0.000605048450801835,0.0006950980289984554,1125,0.0023050336752171536,False,-1.0
2021-05-18,300ETF,IS,0.0,0.04180697988990069,0.0003857280664989353,,,,,,,,,,,,,,,,,
2021-05-19,300ETF,IS,0.0,-1.0349283114442993,0.0011591964203764285,,,,,,,,,,,,,,,,,
2021-05-20,300ETF,IS,0.0,0.2996644817903785,0.0030840425369615407,,,,,,,,,,,,,,,,,
2021-05-21,300ETF,IS,0.0,0.6805923826233579,-0.007948088754062456,,,,,,,,,,,,,,,,,
2021-05-24,300ETF,IS,0.0,-0.5717692442465222,0.00622570104245337,,,,,,,,,,,,,,,,,
2021-05-25,300ETF,IS,0.0,1.179559781332246,0.022391827387567575,,,,,,,,,,,,,,,,,
2021-05-26,300ETF,IS,0.0,0.4512459651249633,0.00037495313525159646,,,,,,,,,,,,,,,,,
2021-05-27,300ETF,IS,0.0,-0.524298153324748,0.005256253888827123,,,,,,,,,,,,,,,,,
2021-05-28,300ETF,IS,0.0,-0.7497714086871757,-0.0035657352221517605,,,,,,,,,,,,,,,,,
2021-05-31,300ETF,IS,0.0,-1.2046241801655688,0.003199400489550961,,,,,,,,,,,,,,,,,
2021-06-01,300ETF,IS,0.0,-0.1680166360477516,0.00375164574340101,,,,,,,,,,,,,,,,,
2021-06-02,300ETF,IS,0.0,-0.7815843807836573,-0.0005654509621967274,,,,,,,,,,,,,,,,,
2021-06-03,300ETF,IS,0.0,0.13276196088571776,-0.008133970884022259,,,,,,,,,,,,,,,,,
2021-06-04,300ETF,IS,0.0,-0.19278602210616635,0.003992021269537457,,,,,,,,,,,,,,,,,
2021-06-07,300ETF,IS,0.0,-1.1986579111744557,0.001137009787075102,,,,,,,,,,,,,,,,,
2021-06-08,300ETF,IS,0.0,0.15028967969502702,-0.013272853175451864,,,,,,,,,,,,,,,,,
2021-06-09,300ETF,IS,0.0,0.3042760751641715,-0.0009530163687092799,,,,,,,,,,,,,,,,,
2021-06-10,300ETF,IS,0.5403358695974048,1.5852083125494976,0.0030268657237771286,0.005851833593865715,0.005851833593865715,0.004910302595020524,0.0022692899299688626,0.005851833593865715,0.005851833593865715,0.004910302595020524,0.0,-0.0035825436638968525,-0.0035825436638968525,-0.0026410126650516616,0.0007098823654590887,0.0007474491775392976,1125,0.0035825436638968525,False,-1.0
2021-06-11,300ETF,IS,0.0,-1.2683416483781187,-0.001333206558773211,,,,,,,,,,,,,,,,,
2021-06-15,300ETF,IS,0.0,-0.41000215094208475,0.00019306882963733782,,,,,,,,,,,,,,,,,
2021-06-16,300ETF,IS,0.0,-0.6558451196809877,-0.011279777316222258,,,,,,,,,,,,,,,,,
2021-06-17,300ETF,IS,0.0,0.7077241978317735,-0.0019535071654929377,,,,,,,,,,,,,,,,,
2021-06-18,300ETF,IS,0.0,0.2101277114939156,0.0029242637077971714,,,,,,,,,,,,,,,,,
2021-06-21,300ETF,IS,0.0,-0.8923906690130041,-0.00039123631171964754,,,,,,,,,,,,,,,,,
2021-06-22,300ETF,IS,0.0,-0.38470499810182185,0.0023373598487049932,,,,,,,,,,,,,,,,,
2021-06-23,300ETF,IS,0.0,-0.022705470339686035,0.0038782286344302393,,,,,,,,,,,,,,,,,
2021-06-24,300ETF,IS,0.0,-1.0062665571783471,0.003091192569673101,,,,,,,,,,,,,,,,,
2021-06-25,300ETF,IS,0.0,0.6832402089472525,0.010483275269818937,,,,,,,,,,,,,,,,,
2021-06-28,300ETF,IS,0.0,-0.3346473803901863,0.0013281474298426862,,,,,,,,,,,,,,,,,
2021-06-29,300ETF,IS,0.0,-1.0451029613145464,-0.003051690333222073,,,,,,,,,,,,,,,,,
2021-06-30,300ETF,IS,0.0,0.7182338701019112,0.003435117881688609,,,,,,,,,,,,,,,,,
2021-07-01,300ETF,IS,0.0,-1.0118605340062814,0.0019033123370445716,,,,,,,,,,,,,,,,,
2021-07-02,300ETF,IS,0.0,-1.545830066760662,-0.008550382445813014,,,,,,,,,,,,,,,,,
2021-07-05,300ETF,IS,0.0,0.3835524810842872,-0.001370265458604683,,,,,,,,,,,,,,,,,
2021-07-06,300ETF,IS,0.0,-1.1876906464200052,-0.00254378378046603,,,,,,,,,,,,,,,,,
2021-07-07,300ETF,IS,0.0,0.611372325353333,0.011051978709341392,,,,,,,,,,,,,,,,,
2021-07-08,300ETF,IS,0.0,-1.0203647533934557,-0.00563162960387453,,,,,,,,,,,,,,,,,
2021-07-09,300ETF,IS,0.0,-0.3893134086372317,0.006665384410389584,,,,,,,,,,,,,,,,,
2021-07-12,300ETF,IS,0.0,-1.3213285238829167,0.006585342411839189,,,,,,,,,,,,,,,,,
2021-07-13,300ETF,IS,0.0,0.670907754163565,-0.0009627419632610737,,,,,,,,,,,,,,,,,
2021-07-14,300ETF,IS,0.0,-1.1454958177926555,-0.0031043874368697536,,,,,,,,,,,,,,,,,
2021-07-15,300ETF,IS,0.0,0.33731579723987004,0.013334819295980701,,,,,,,,,,,,,,,,,
2021-07-16,300ETF,IS,0.0,-0.8811844783031492,-0.005029024138747535,,,,,,,,,,,,,,,,,
2021-07-19,300ETF,IS,0.0,-0.9384257558028309,0.008928630744301398,,,,,,,,,,,,,,,,,
2021-07-20,300ETF,IS,0.0,0.13955599728621543,0.002129101743020862,,,,,,,,,,,,,,,,,
2021-07-21,300ETF,IS,0.0,0.9760972952916229,-0.0023001735270839823,,,,,,,,,,,,,,,,,
2021-07-22,300ETF,IS,0.0,0.16668574699223088,-0.003068075273399712,,,,,,,,,,,,,,,,,
2021-07-23,300ETF,IS,0.0,-1.2313075649775467,-0.0031001768678150183,,,,,,,,,,,,,,,,,
2021-07-26,300ETF,IS,0.0,-1.5295281888123087,-0.018316259613795148,,,,,,,,,,,,,,,,,
2021-07-27,300ETF,IS,0.0,0.13427620103833904,-0.023650439742064763,,,,,,,,,,,,,,,,,
2021-07-28,300ETF,IS,0.0,-0.04640545951031855,0.01000425184234107,,,,,,,,,,,,,,,,,
2021-07-29,300ETF,IS,0.0,-0.6813050195752923,0.004704928388665443,,,,,,,,,,,,,,,,,
2021-07-30,300ETF,IS,0.0,-1.3969365536233986,0.0076202613621683445,,,,,,,,,,,,,,,,,
2021-08-02,300ETF,IS,0.0,-0.8031808835603403,0.03315670350750312,,,,,,,,,,,,,,,,,
2021-08-03,300ETF,IS,0.0,-0.5921694569319096,0.0038141168390073503,,,,,,,,,,,,,,,,,
2021-08-04,300ETF,IS,0.0,0.2806317181683494,0.004975629729691635,,,,,,,,,,,,,,,,,
2021-08-05,300ETF,IS,0.0,-0.17808111011798788,-0.0061710159006636,,,,,,,,,,,,,,,,,
2021-08-06,300ETF,IS,0.0,-1.004220557670784,0.002007226687568286,,,,,,,,,,,,,,,,,
2021-08-09,300ETF,IS,0.0,0.7847757248040556,0.012372937729166504,,,,,,,,,,,,,,,,,
2021-08-10,300ETF,IS,0.0,-0.5088255708716778,0.013864353591105867,,,,,,,,,,,,,,,,,
2021-08-11,300ETF,IS,0.0,0.6834434781298458,-0.004902451234605812,,,,,,,,,,,,,,,,,
2021-08-12,300ETF,IS,0.0,0.08656885284060377,-0.0025724759412488326,,,,,,,,,,,,,,,,,
2021-08-13,300ETF,IS,0.0,-0.23370802635858065,-0.0011935549457503679,,,,,,,,,,,,,,,,,
2021-08-16,300ETF,IS,0.0,0.27385608683974644,-0.002789957967551888,,,,,,,,,,,,,,,,,
2021-08-17,300ETF,IS,0.0,0.5931151526492889,-0.02553672495708422,,,,,,,,,,,,,,,,,
2021-08-18,300ETF,IS,0.0,-0.0019706752189576526,0.009328804218502662,,,,,,,,,,,,,,,,,
2021-08-19,300ETF,IS,0.0,-0.020997565285040612,-0.003246097392884642,,,,,,,,,,,,,,,,,
2021-08-20,300ETF,IS,0.0,-1.2414761247751493,-0.014199230229530624,,,,,,,,,,,,,,,,,
2021-08-23,300ETF,IS,0.0,-0.18686960802119928,0.007159691011891741,,,,,,,,,,,,,,,,,
2021-08-24,300ETF,IS,0.0,0.6633947327761028,0.004648820903910042,,,,,,,,,,,,,,,,,
2021-08-25,300ETF,IS,0.0,-0.41743088240122905,0.0022184137362601182,,,,,,,,,,,,,,,,,
2021-08-26,300ETF,IS,0.0,-1.4738534681751279,-0.010390233027641733,,,,,,,,,,,,,,,,,
2021-08-27,300ETF,IS,0.0,1.199088129331278,-0.0006129329030384462,,,,,,,,,,,,,,,,,
2021-08-30,300ETF,IS,0.0,-1.120456471658986,-0.005938381329412163,,,,,,,,,,,,,,,,,
2021-08-31,300ETF,IS,0.0,0.3182988699239176,0.0008221994296684403,,,,,,,,,,,,,,,,,
2021-09-01,300ETF,IS,0.0,-0.7595600098306245,0.01750502667239764,,,,,,,,,,,,,,,,,
2021-09-02,300ETF,IS,0.0,0.7427083791820964,-0.0028299998673365556,,,,,,,,,,,,,,,,,
2021-09-03,300ETF,IS,0.0,-1.3857675981364792,-0.003658540666133302,,,,,,,,,,,,,,,,,
2021-09-06,300ETF,IS,0.5997213371950394,1.6339770155478435,0.0084135111688307,0.009022617599637552,0.005423333569990736,0.007624435008932115,0.009621240784230534,0.009022617599637552,0.005423333569990736,0.007624435008932115,-0.003599284029646873,0.0005986231845929828,0.0041979072142397985,0.001996805775298419,0.0006718070979812415,0.0007976864945007672,1435,0.0,False,-1.0
2021-09-07,300ETF,IS,0.0,-0.5138698509125258,0.01626697246387194,,,,,,,,,,,,,,,,,
2021-09-08,300ETF,IS,0.0,0.5192449106235688,-0.006118641412056809,,,,,,,,,,,,,,,,,
2021-09-09,300ETF,IS,0.0,-0.17965671095682842,0.000795070604395413,,,,,,,,,,,,,,,,,
2021-09-10,300ETF,IS,0.0,1.009805400077952,0.007478877607347666,,,,,,,,,,,,,,,,,
2021-09-13,300ETF,IS,0.0,0.6566790819698746,-0.0021749884995274898,,,,,,,,,,,,,,,,,
2021-09-14,300ETF,IS,0.0,-0.6592132713842541,-0.009960241705055424,,,,,,,,,,,,,,,,,
2021-09-15,300ETF,IS,0.0,-1.0327073814360839,-0.004248008815566601,,,,,,,,,,,,,,,,,
2021-09-16,300ETF,IS,0.0,0.19692944810605892,-0.005499555566038658,,,,,,,,,,,,,,,,,
2021-09-17,300ETF,IS,0.0,0.5522524671254231,0.008361423242683946,,,,,,,,,,,,,,,,,
2021-09-22,300ETF,IS,0.0,-0.5122820914113283,0.00020468734080264113,,,,,,,,,,,,,,,,,
2021-09-23,300ETF,IS,0.0,1.1944867614374244,-0.002031282437217793,,,,,,,,,,,,,,,,,
2021-09-24,300ETF,IS,0.0,0.425951451712943,-0.0018238935038891045,,,,,,,,,,,,,,,,,
2021-09-27,300ETF,IS,0.0,0.7345107117211324,-0.007854234314577258,,,,,,,,,,,,,,,,,
2021-09-28,300ETF,IS,0.0,-0.7509289207394216,0.00020199979868695757,,,,,,,,,,,,,,,,,
2021-09-29,300ETF,IS,0.0,-1.2337977575557058,0.009778036756855206,,,,,,,,,,,,,,,,,
2021-09-30,300ETF,IS,0.0,1.2076771177553558,0.0008102086730429756,,,,,,,,,,,,,,,,,
2021-10-08,300ETF,IS,0.0,0.0950975005200412,0.0009995003330834232,,,,,,,,,,,,,,,,,
2021-10-11,300ETF,IS,0.6091053449686641,1.640139081252731,-0.005571045049455472,-0.003974568030334694,-0.0021840572565465714,-0.002780538037727188,-0.005967791731906259,-0.003974568030334694,-0.0021840572565465714,-0.002780538037727188,0.001790510773788072,-0.0019932237015715644,-0.0037837344753596873,-0.0031872536941790707,0.0004159895945701948,0.0004017147867621814,1305,0.0037837344753596873,False,-1.0
2021-10-12,300ETF,IS,0.0,-0.8131993510274879,-0.011299555253933394,,,,,,,,,,,,,,,,,
2021-10-13,300ETF,IS,0.0,0.3999242280460734,0.011049836186584935,,,,,,,,,,,,,,,,,
2021-10-14,300ETF,IS,0.0,0.47199928341525754,-0.0030033058914417897,,,,,,,,,,,,,,,,,
2021-10-15,300ETF,IS,0.0,0.3808906128913696,0.0034017041306821363,,,,,,,,,,,,,,,,,
2021-10-18,300ETF,IS,0.0,-1.4545632978184155,0.0008102086730429756,,,,,,,,,,,,,,,,,
2021-10-19,300ETF,IS,0.0,1.4123046185853045,0.004016069654889965,,,,,,,,,,,,,,,,,
2021-10-20,300ETF,IS,0.0,0.2622003935741355,0.00020058168756438365,,,,,,,,,,,,,,,,,
2021-10-21,300ETF,IS,0.0,-0.1554182250665257,0.0014040720389116293,,,,,,,,,,,,,,,,,
2021-10-22,300ETF,IS,0.0,0.9892646508776222,0.0023847388090180418,,,,,,,,,,,,,,,,,
2021-10-25,300ETF,IS,0.0,-0.44371656499247875,0.006146544581798263,,,,,,,,,,,,,,,,,
2021-10-26,300ETF,IS,0.0,-0.04444457376396214,-0.0017869557023544407,,,,,,,,,,,,,,,,,
2021-10-27,300ETF,IS,0.0,-1.2334244921563964,-0.007424534958291382,,,,,,,,,,,,,,,,,
2021-10-28,300ETF,IS,0.0,-0.459767040577062,-0.003841104490170163,,,,,,,,,,,,,,,,,
2021-10-29,300ETF,IS,0.0,0.3719017413801183,0.007461968676586024,,,,,,,,,,,,,,,,,
2021-11-01,300ETF,IS,0.0,-0.6507212111616918,0.0026170120623009614,,,,,,,,,,,,,,,,,
2021-11-02,300ETF,IS,0.0,0.8940340710681436,-0.016375580727687977,,,,,,,,,,,,,,,,,
2021-11-03,300ETF,IS,0.0,0.44517402470470874,-0.004480659227403408,,,,,,,,,,,,,,,,,
2021-11-04,300ETF,IS,0.0,-0.04495671208816961,0.002431612140372178,,,,,,,,,,,,,,,,,
2021-11-05,300ETF,IS,0.0,-0.09395127551373297,-0.0018220472699447688,,,,,,,,,,,,,,,,,
2021-11-08,300ETF,IS,0.0,-0.40029612487159855,0.0012197602650756178,,,,,,,,,,,,,,,,,
2021-11-09,300ETF,IS,0.0,0.3159169839257828,-0.0018294547230773214,,,,,,,,,,,,,,,,,
2021-11-10,300ETF,IS,0.0,-1.1203461162247605,0.002050021218154066,,,,,,,,,,,,,,,,,
2021-11-11,300ETF,IS,0.0,1.4881644842829378,0.0064594491855495045,,,,,,,,,,,,,,,,,
2021-11-12,300ETF,IS,0.0,-0.6156022240178539,-0.0040192980153912075,,,,,,,,,,,,,,,,,
2021-11-15,300ETF,IS,0.0,0.12913507505681585,0.0014108638841371125,,,,,,,,,,,,,,,,,
2021-11-16,300ETF,IS,0.0,0.7850375026737002,-0.0062305497506359745,,,,,,,,,,,,,,,,,
2021-11-17,300ETF,IS,0.0,-0.39342260527137896,0.0012111426591509,,,,,,,,,,,,,,,,,
2021-11-18,300ETF,IS,0.0,-1.2422180236413054,-0.0008133388004282849,,,,,,,,,,,,,,,,,
2021-11-19,300ETF,IS,0.0,1.007293523199428,0.007681460854756335,,,,,,,,,,,,,,,,,
2021-11-22,300ETF,IS,0.0,0.6350829113458524,-0.000401364645163255,,,,,,,,,,,,,,,,,
2021-11-23,300ETF,IS,0.0,0.8045137417557509,0.000200662185884569,,,,,,,,,,,,,,,,,
2021-11-24,300ETF,IS,0.0,-0.22006316285136163,0.0024033658674477714,,,,,,,,,,,,,,,,,
2021-11-25,300ETF,IS,0.0,-0.57890640106646,-0.00020098482632226688,,,,,,,,,,,,,,,,,
2021-11-26,300ETF,IS,0.0,-1.0405304458789055,-0.0038380008732232223,,,,,,,,,,,,,,,,,
2021-11-29,300ETF,IS,0.0,0.34375581385832127,-0.00325005364285918,,,,,,,,,,,,,,,,,
2021-11-30,300ETF,IS,0.0,0.5166590088860115,-0.005285639465800429,,,,,,,,,,,,,,,,,
2021-12-01,300ETF,IS,0.0,0.025837462920463898,0.0036600284859104625,,,,,,,,,,,,,,,,,
2021-12-02,300ETF,IS,0.0,0.42790313747944536,-0.002228300324429271,,,,,,,,,,,,,,,,,
2021-12-03,300ETF,IS,0.0,0.6442161224486347,0.005847380306537407,,,,,,,,,,,,,,,,,
2021-12-06,300ETF,IS,0.0,0.48607366391801105,-0.005204175076212381,,,,,,,,,,,,,,,,,
2021-12-07,300ETF,IS,0.0,-0.7177259484259679,-0.003005110946281183,,,,,,,,,,,,,,,,,
2021-12-08,300ETF,IS,0.0,-1.0275242426255733,0.014888612493750777,,,,,,,,,,,,,,,,,
2021-12-09,300ETF,IS,0.0,1.0228597606968877,0.012064750350045032,,,,,,,,,,,,,,,,,
2021-12-10,300ETF,IS,0.0,-0.5008682975584956,-0.0009738047317408264,,,,,,,,,,,,,,,,,
2021-12-13,300ETF,IS,0.0,1.369784994615382,-0.011756905202123132,,,,,,,,,,,,,,,,,
2021-12-14,300ETF,IS,0.0,-0.3582328881899216,-0.0035080916897402272,,,,,,,,,,,,,,,,,
2021-12-15,300ETF,IS,0.0,0.2923831142454046,-0.008410807528749734,,,,,,,,,,,,,,,,,
2021-12-16,300ETF,IS,0.0,-0.1036485958874048,0.004720701134937394,,,,,,,,,,,,,,,,,
2021-12-17,300ETF,IS,0.0,-0.7506873142505107,-0.008111628214726973,,,,,,,,,,,,,,,,,
2021-12-20,300ETF,IS,0.0,0.622590770420367,-0.00902261759963753,,,,,,,,,,,,,,,,,
2021-12-21,300ETF,IS,0.0,1.0270948940150813,-0.0008033742147291311,,,,,,,,,,,,,,,,,
2021-12-22,300ETF,IS,0.0,0.304814291486698,0.00020058168756438365,,,,,,,,,,,,,,,,,
2021-12-23,300ETF,IS,0.0,0.007410839342260439,0.004594953644534551,,,,,,,,,,,,,,,,,
2021-12-24,300ETF,IS,0.0,-0.1588575811465203,-0.0027972046210611424,,,,,,,,,,,,,,,,,
2021-12-27,300ETF,IS,0.0,0.5249498660495121,-0.00300270468827792,,,,,,,,,,,,,,,,,
2021-12-28,300ETF,IS,0.0,0.5253477136900556,0.005577703703541645,,,,,,,,,,,,,,,,,
2021-12-29,300ETF,IS,0.0,-1.290068754914928,-0.005015558713603117,,,,,,,,,,,,,,,,,
2021-12-30,300ETF,IS,0.0,0.7020357662008769,0.0036072183402869233,,,,,,,,,,,,,,,,,
2021-12-31,300ETF,IS,0.0,0.2346278182271427,-0.0021945145964228975,,,,,,,,,,,,,,,,,
2022-01-04,300ETF,OOS,0.0,-1.167629234149198,0.0034119451062591677,,,,,,,,,,,,,,,,,
2022-01-05,300ETF,OOS,0.0,-0.44441717992610075,-0.004236867025988971,,,,,,,,,,,,,,,,,
2022-01-06,300ETF,OOS,0.0,-0.324798830034505,-0.004900969581169352,,,,,,,,,,,,,,,,,
2022-01-07,300ETF,OOS,0.0,1.1688942484652585,-0.0032566688665147336,,,,,,,,,,,,,,,,,
2022-01-10,300ETF,OOS,0.0,-0.3550440147664221,0.0038771602492090004,,,,,,,,,,,,,,,,,
2022-01-11,300ETF,OOS,0.0,-0.3089899170086302,-0.005926246014965048,,,,,,,,,,,,,,,,,
2022-01-12,300ETF,OOS,0.0,-0.019302071599794503,0.00570847625598264,,,,,,,,,,,,,,,,,
2022-01-13,300ETF,OOS,0.0,-0.850340548057717,-0.012300278081651789,,,,,,,,,,,,,,,,,
2022-01-14,300ETF,OOS,0.0,-0.8594112198248746,-0.0008312552432104749,,,,,,,,,,,,,,,,,
2022-01-17,300ETF,OOS,0.0,1.0973687596993695,0.0028979527629513185,,,,,,,,,,,,,,,,,
2022-01-18,300ETF,OOS,0.0,0.6719706082482232,0.004518389285075007,,,,,,,,,,,,,,,,,
2022-01-19,300ETF,OOS,0.0,-0.006189987561502641,-0.0048051904848091685,,,,,,,,,,,,,,,,,
2022-01-20,300ETF,OOS,0.5021875621299225,1.519843416625825,0.0020759816465467525,0.004146802541974755,0.0060072681948944405,0.00352587734350907,0.00186818943800717,0.004146802541974755,0.0060072681948944405,0.00352587734350907,0.0018604656529196708,-0.002278613103967585,-0.004139078756887271,-0.0016576879055019,0.0005836332494408643,0.000485202623077816,1305,0.004139078756887271,False,-1.0
2022-01-21,300ETF,OOS,0.0,-1.010657839340119,-0.0052175846217159694,,,,,,,,,,,,,,,,,
2022-01-24,300ETF,OOS,0.0,0.1765187558165122,0.003352895010310968,,,,,,,,,,,,,,,,,
2022-01-25,300ETF,OOS,0.0,-0.1238034099029253,-0.013315213102710432,,,,,,,,,,,,,,,,,
2022-01-26,300ETF,OOS,0.0,1.0486039551197572,0.0017032152297129493,,,,,,,,,,,,,,,,,
2022-01-27,300ETF,OOS,0.0,-0.5555852084634963,-0.013108600729382544,,,,,,,,,,,,,,,,,
2022-01-28,300ETF,OOS,0.0,0.13336149535437705,-0.004788864180283231,,,,,,,,,,,,,,,,,
2022-02-07,300ETF,OOS,0.0,1.3097878038035329,-0.002378636649674441,,,,,,,,,,,,,,,,,
2022-02-08,300ETF,OOS,0.0,-1.1792142842429687,-0.00021779375018022787,,,,,,,,,,,,,,,,,
2022-02-09,300ETF,OOS,0.0,0.3295139598296866,0.011906191085576057,,,,,,,,,,,,,,,,,
2022-02-10,300ETF,OOS,0.0,-1.1201295280321821,0.00043243243917118223,,,,,,,,,,,,,,,,,
2022-02-11,300ETF,OOS,0.0,0.9518803953367693,-0.010158954764160694,,,,,,,,,,,,,,,,,
2022-02-14,300ETF,OOS,0.0,-0.380571369951432,-0.011178198585297436,,,,,,,,,,,,,,,,,
2022-02-15,300ETF,OOS,0.0,0.6200931848795365,0.0015305567653917241,,,,,,,,,,,,,,,,,
2022-02-16,300ETF,OOS,0.0,-0.15012450106988154,-0.0034669590523085133,,,,,,,,,,,,,,,,,
2022-02-17,300ETF,OOS,0.0,-0.40933972771976007,-0.00043271311795903836,,,,,,,,,,,,,,,,,
2022-02-18,300ETF,OOS,0.0,-0.20413093958075543,0.004543004027698633,,,,,,,,,,,,,,,,,
2022-02-21,300ETF,OOS,0.0,-0.785489538932885,-0.00043327557003634793,,,,,,,,,,,,,,,,,
2022-02-22,300ETF,OOS,0.0,-1.4384722136763592,0.001316367017641701,,,,,,,,,,,,,,,,,
2022-02-23,300ETF,OOS,0.0,0.8722774490213407,0.006313289718631771,,,,,,,,,,,,,,,,,
2022-02-24,300ETF,OOS,0.0,-0.5233384286439409,-0.018244269089555204,,,,,,,,,,,,,,,,,
2022-02-25,300ETF,OOS,0.0,1.4244152965456756,-0.00851626503149222,,,,,,,,,,,,,,,,,
2022-02-28,300ETF,OOS,0.0,-0.20612719211134967,0.004836237168644659,,,,,,,,,,,,,,,,,
2022-03-01,300ETF,OOS,0.0,0.9770737791087184,0.0032591012009069243,,,,,,,,,,,,,,,,,
2022-03-02,300ETF,OOS,0.0,-1.193540860245421,0.0026246734227713016,,,,,,,,,,,,,,,,,
2022-03-03,300ETF,OOS,0.0,-0.6260324381898853,-0.004831988316462549,,,,,,,,,,,,,,,,,
2022-03-04,300ETF,OOS,0.0,-1.1885830105591368,-0.005340466631317474,,,,,,,,,,,,,,,,,
2022-03-07,300ETF,OOS,0.0,-1.675962863892714,-0.010533644455445522,,,,,,,,,,,,,,,,,
2022-03-08,300ETF,OOS,0.0,0.9991630540227956,-0.017888733503525954,,,,,,,,,,,,,,,,,
2022-03-09,300ETF,OOS,0.0,-0.510869343867658,-0.013910397587600378,,,,,,,,,,,,,,,,,
2022-03-10,300ETF,OOS,0.0,-0.4756863874571813,-0.0020976583848334924,,,,,,,,,,,,,,,,,
2022-03-11,300ETF,OOS,0.0,-1.1603276981198167,0.014745732367029668,,,,,,,,,,,,,,,,,
2022-03-14,300ETF,OOS,0.0,-0.8272932588552466,-0.01796313958719958,,,,,,,,,,,,,,,,,
2022-03-15,300ETF,OOS,-1.0,-2.0574912677061272,-0.012852376617291994,-0.010755420228734235,-0.001473477673273286,0.002707027615929927,0.012115366388623297,-0.010755420228734235,-0.001473477673273286,0.002707027615929927,0.00928194255546102,0.02287078661735753,0.013588844061896584,0.00940833877269337,0.0015457919643532588,0.0019427704551049517,1435,0.0,False,-1.0
2022-03-16,300ETF,OOS,0.0,-1.1759606625470294,0.03129839823632088,,,,,,,,,,,,,,,,,
2022-03-17,300ETF,OOS,0.0,0.7735934769942965,0.007572208448200636,,,,,,,,,,,,,,,,,
2022-03-18,300ETF,OOS,0.0,-0.044735346067071996,0.011091559135777598,,,,,,,,,,,,,,,,,
2022-03-21,300ETF,OOS,0.0,-1.050762522977632,-0.003994835532409337,,,,,,,,,,,,,,,,,
2022-03-22,300ETF,OOS,0.0,0.18275200950358705,-0.0028255257790429458,,,,,,,,,,,,,,,,,
2022-03-23,300ETF,OOS,0.0,-1.0523745891656284,0.0039901472961235505,,,,,,,,,,,,,,,,,
2022-03-24,300ETF,OOS,0.0,-0.8624734488333138,0.005889992290017014,,,,,,,,,,,,,,,,,
2022-03-25,300ETF,OOS,0.0,0.00811899744803353,-0.015666116744399577,,,,,,,,,,,,,,,,,
2022-03-28,300ETF,OOS,0.0,-1.181239108446002,0.00727805250485267,,,,,,,,,,,,,,,,,
2022-03-29,300ETF,OOS,0.0,0.8585204657694777,-0.009405592068335597,,,,,,,,,,,,,,,,,
2022-03-30,300ETF,OOS,0.0,1.1113970039252443,0.013780213309442464,,,,,,,,,,,,,,,,,
2022-03-31,300ETF,OOS,0.0,-0.2882868441940066,0.0,,,,,,,,,,,,,,,,,
2022-04-01,300ETF,OOS,0.0,0.40472584186272714,0.011310205391586612,,,,,,,,,,,,,,,,,
2022-04-06,300ETF,OOS,0.0,-0.05839782902786362,-0.003531492781471037,,,,,,,,,,,,,,,,,
2022-04-07,300ETF,OOS,0.0,0.7044919291413708,-0.00850666755432806,,,,,,,,,,,,,,,,,
2022-04-08,300ETF,OOS,0.0,0.2981445863308849,0.0037959713434227815,,,,,,,,,,,,,,,,,
2022-04-11,300ETF,OOS,0.0,-1.5412207673941731,-0.0123592994536654,,,,,,,,,,,,,,,,,
2022-04-12,300ETF,OOS,0.0,0.42196632982509663,0.013530044524575088,,,,,,,,,,,,,,,,,
2022-04-13,300ETF,OOS,0.0,-0.8054324051505323,0.0014447389943737638,,,,,,,,,,,,,,,,,
2022-04-14,300ETF,OOS,0.0,-0.4602046421112608,0.00837826564599772,,,,,,,,,,,,,,,,,
2022-04-15,300ETF,OOS,0.0,-0.2981337019478845,0.002635679014712646,,,,,,,,,,,,,,,,,
2022-04-18,300ETF,OOS,0.0,-1.3402614206758034,0.0014478767008140538,,,,,,,,,,,,,,,,,
2022-04-19,300ETF,OOS,0.0,0.6967704736260141,-0.006530438010600424,,,,,,,,,,,,,,,,,
2022-04-20,300ETF,OOS,0.0,-1.0478118919108121,-0.007112231083790346,,,,,,,,,,,,,,,,,
2022-04-21,300ETF,OOS,0.0,0.8599460450390342,-0.016377537276403214,,,,,,,,,,,,,,,,,
2022-04-22,300ETF,OOS,0.0,0.22634953568794935,0.004505639662370975,,,,,,,,,,,,,,,,,
2022-04-25,300ETF,OOS,0.0,-1.3188226851615918,-0.02029613664089956,,,,,,,,,,,,,,,,,
2022-04-26,300ETF,OOS,0.0,0.105503712622669,-0.0018462355237614644,,,,,,,,,,,,,,,,,
2022-04-27,300ETF,OOS,1.0,1.8939312911862005,0.01745972691236729,0.004200583755981077,0.006817016436453407,0.016697492032273706,0.018248681588399315,0.004200583755981077,0.006817016436453407,0.016697492032273706,0.00261643268047237,0.014048097832418237,0.011431665151945908,0.0015511895561256088,0.0010755935339518729,0.0009179321892361889,1435,0.0,False,-1.0
2022-04-28,300ETF,OOS,0.0,0.3332663377249636,0.0038506016002852334,,,,,,,,,,,,,,,,,
2022-04-29,300ETF,OOS,0.0,-0.5214939479556242,0.026080728789729026,,,,,,,,,,,,,,,,,
2022-05-05,300ETF,OOS,0.0,0.20256280613267655,0.0007500937968897681,,,,,,,,,,,,,,,,,
2022-05-06,300ETF,OOS,0.0,-1.6398564123887982,-0.006893937682692043,,,,,,,,,,,,,,,,,
2022-05-09,300ETF,OOS,0.0,0.27441831581234943,-0.009026495845972078,,,,,,,,,,,,,,,,,
2022-05-10,300ETF,OOS,0.0,-0.2317538666881318,0.01727960466533108,,,,,,,,,,,,,,,,,
2022-05-11,300ETF,OOS,0.5981833826383204,1.632939869395519,0.00908179804158098,0.010576779536187053,0.012578782206859965,0.018809331957496293,0.008068626728974047,0.010576779536187053,0.012578782206859965,0.018809331957496293,0.0020020026706729687,-0.002508152807213006,-0.004510155477885918,-0.010740705228522246,0.0008752613503197405,0.0010444201110803143,1330,0.010740705228522246,False,-1.0
2022-05-12,300ETF,OOS,0.0,0.042426670930079693,0.0017728255877837505,,,,,,,,,,,,,,,,,
2022-05-13,300ETF,OOS,0.0,-0.18801823091446268,-0.004020105916665776,,,,,,,,,,,,,,,,,
2022-05-16,300ETF,OOS,0.0,-0.3150758010937917,-0.004542021434500897,,,,,,,,,,,,,,,,,
2022-05-17,300ETF,OOS,0.0,0.3954176091670334,0.005775282844509167,,,,,,,,,,,,,,,,,
2022-05-18,300ETF,OOS,0.0,-1.2430357842361601,0.0035078963558565638,,,,,,,,,,,,,,,,,
2022-05-19,300ETF,OOS,0.0,-0.5460053774982262,0.010840897801754432,,,,,,,,,,,,,,,,,
2022-05-20,300ETF,OOS,1.0,2.2311730245757815,0.004433504798999391,-0.0019748216736477494,0.0,0.0029549393577112774,0.0034465814521768136,-0.0019748216736477494,0.0,0.0029549393577112774,0.00197482167364767,0.0054214031258245626,0.0034465814521768136,0.0004916420944655361,0.0007455967418856096,0.0007995125338396556,1435,0.0,False,-1.0
2022-05-23,300ETF,OOS,0.0,-1.1559975694300009,-0.0012353306079927434,,,,,,,,,,,,,,,,,
2022-05-24,300ETF,OOS,0.0,-0.9243519048861821,-0.01298719552681119,,,,,,,,,,,,,,,,,
2022-05-25,300ETF,OOS,0.0,0.8583312766605594,-0.0027704337075162996,,,,,,,,,,,,,,,,,
2022-05-26,300ETF,OOS,0.0,-0.727653803514364,0.012620056437617586,,,,,,,,,,,,,,,,,
2022-05-27,300ETF,OOS,0.0,1.4937378181224545,-0.008964203453811577,,,,,,,,,,,,,,,,,
2022-05-30,300ETF,OOS,0.0,-0.16836050562366472,0.0024894212507714604,,,,,,,,,,,,,,,,,
2022-05-31,300ETF,OOS,0.0,0.5410230306263506,0.01576775707794444,,,,,,,,,,,,,,,,,
2022-06-01,300ETF,OOS,0.0,-0.5511005885031186,-0.001714636060009002,,,,,,,,,,,,,,,,,
2022-06-02,300ETF,OOS,0.0,-0.2587319526298792,0.0049067811892756115,,,,,,,,,,,,,,,,,
2022-06-06,300ETF,OOS,0.0,-0.5890138409921161,0.017673865201218494,,,,,,,,,,,,,,,,,
2022-06-07,300ETF,OOS,0.0,1.0577099751475638,0.0016740408070644588,,,,,,,,,,,,,,,,,
2022-06-08,300ETF,OOS,0.0,0.04866196366585912,0.0030882552160816324,,,,,,,,,,,,,,,,,
2022-06-09,300ETF,OOS,0.0,-0.029483142267720374,-0.007863736460214576,,,,,,,,,,,,,,,,,
2022-06-10,300ETF,OOS,0.0,-0.1240756826117763,0.01853665243247437,,,,,,,,,,,,,,,,,
2022-06-13,300ETF,OOS,0.0,-0.4016767920185648,-0.006900681756132369,,,,,,,,,,,,,,,,,
2022-06-14,300ETF,OOS,0.0,-0.14380892979127807,0.013175421158564328,,,,,,,,,,,,,,,,,
2022-06-15,300ETF,OOS,1.0,1.9615699986883621,0.017489078154213678,0.011450060834145851,0.016317378358505212,0.02024030943076258,0.01654856550552956,0.011450060834145851,0.016317378358505212,0.02024030943076258,0.004867317524359333,0.005098504671383709,0.0002311871470243483,-0.0036917439252330195,0.000999696148940814,0.0011010738407840595,1330,0.0036917439252330195,False,-1.0
2022-06-16,300ETF,OOS,0.0,0.6581811307789139,-0.007943967009784681,,,,,,,,,,,,,,,,,
2022-06-17,300ETF,OOS,0.0,1.2533803184192918,0.008822903762365986,,,,,,,,,,,,,,,,,
2022-06-20,300ETF,OOS,0.0,0.6315002046181561,0.0048482145063040724,,,,,,,,,,,,,,,,,
2022-06-21,300ETF,OOS,0.0,0.18178952848444602,-0.005981154246775797,,,,,,,,,,,,,,,,,
2022-06-22,300ETF,OOS,0.0,-1.168376733180859,-0.0106531808812379,,,,,,,,,,,,,,,,,
2022-06-23,300ETF,OOS,0.0,0.9216488111907818,0.01339511945465619,,,,,,,,,,,,,,,,,
2022-06-24,300ETF,OOS,0.0,-0.4998816060249537,0.0075162636052738315,,,,,,,,,,,,,,,,,
2022-06-27,300ETF,OOS,0.5894243035962256,1.6268714887093259,0.004700624212144259,0.0042510411931903705,0.0042510411931903705,-0.0029190545034133235,0.004027752144590242,0.0042510411931903705,0.0042510411931903705,-0.0029190545034133235,0.0,-0.0002232890486001289,-0.0002232890486001289,0.0069468066480035656,0.0007349121353266069,0.0007517199446347095,1125,0.0002232890486001289,False,-1.0
2022-06-28,300ETF,OOS,0.0,-1.1775971329065897,0.014292337972582059,,,,,,,,,,,,,,,,,
2022-06-29,300ETF,OOS,0.0,0.5469453745789103,-0.010258787562383352,,,,,,,,,,,,,,,,,
2022-06-30,300ETF,OOS,0.6135264132728137,1.6429501814937864,0.006674107087692997,0.0077804104834097105,0.009771341347883628,0.009550322449868077,0.006450917710580995,0.0077804104834097105,0.009771341347883628,0.009550322449868077,0.001990930864473861,-0.0013294927728287158,-0.003320423637302633,-0.003099404739287082,0.00064009363155454,0.0007213671093511558,1305,0.003320423637302633,False,-1.0
2022-07-01,300ETF,OOS,0.0,0.0030168611442475167,0.0,,,,,,,,,,,,,,,,,
2022-07-04,300ETF,OOS,0.0,-0.4799941281301975,0.0035539797514495216,,,,,,,,,,,,,,,,,
2022-07-05,300ETF,OOS,0.0,0.6340641237555943,-0.005319161477599933,,,,,,,,,,,,,,,,,
2022-07-06,300ETF,OOS,0.0,-0.38494974938246246,-0.014114718478600881,,,,,,,,,,,,,,,,,
2022-07-07,300ETF,OOS,0.0,-1.026788900427635,0.006505911899026766,,,,,,,,,,,,,,,,,
2022-07-08,300ETF,OOS,0.0,-0.1527811679715335,-0.0029053545970517207,,,,,,,,,,,,,,,,,
2022-07-11,300ETF,OOS,0.0,-1.4101105396038442,-0.0015929005529890165,,,,,,,,,,,,,,,,,
2022-07-12,300ETF,OOS,0.0,0.5222329928837502,-0.00892556560550435,,,,,,,,,,,,,,,,,
2022-07-13,300ETF,OOS,0.0,-0.3470209888677954,-0.00023012311688263746,,,,,,,,,,,,,,,,,
2022-07-14,300ETF,OOS,0.0,-0.8669290001600721,-0.0018365478073015034,,,,,,,,,,,,,,,,,
2022-07-15,300ETF,OOS,0.0,0.4066949340275069,-0.01216308741322483,,,,,,,,,,,,,,,,,
2022-07-18,300ETF,OOS,0.0,-0.7995563496509934,0.0078777052436278,,,,,,,,,,,,,,,,,
2022-07-19,300ETF,OOS,0.0,-0.8793840061090576,0.0018522811501035018,,,,,,,,,,,,,,,,,
2022-07-20,300ETF,OOS,0.0,0.00816954573620353,-0.0036874897741654483,,,,,,,,,,,,,,,,,
2022-07-21,300ETF,OOS,0.0,-0.39686145394447436,-0.005806542850191889,,,,,,,,,,,,,,,,,
2022-07-22,300ETF,OOS,0.0,0.4924211396867608,-0.0037157497466459716,,,,,,,,,,,,,,,,,
2022-07-25,300ETF,OOS,0.0,-0.9055287713369778,0.0016395366127289167,,,,,,,,,,,,,,,,,
2022-07-26,300ETF,OOS,0.0,0.7697217319398328,0.003729608052827626,,,,,,,,,,,,,,,,,
2022-07-27,300ETF,OOS,0.0,-1.0057509983737503,-0.002805050927608498,,,,,,,,,,,,,,,,,
2022-07-28,300ETF,OOS,0.0,-0.1323180947272755,-0.0006997084833581669,,,,,,,,,,,,,,,,,
2022-07-29,300ETF,OOS,0.0,-0.41692539431309095,-0.01924490279761779,,,,,,,,,,,,,,,,,
2022-08-01,300ETF,OOS,0.0,-0.9802563316716527,0.0021294223118014373,,,,,,,,,,,,,,,,,
2022-08-02,300ETF,OOS,0.0,-1.5916431715567285,-0.005019730870312609,,,,,,,,,,,,,,,,,
2022-08-03,300ETF,OOS,0.0,1.403432718941407,-0.0089082086628714,,,,,,,,,,,,,,,,,
2022-08-04,300ETF,OOS,0.0,0.06580439200241446,0.0002414001218721574,,,,,,,,,,,,,,,,,
2022-08-05,300ETF,OOS,0.0,0.4535918411189378,0.010733555643108633,,,,,,,,,,,,,,,,,
2022-08-08,300ETF,OOS,0.0,0.0035239387765750264,-0.0011875075614707006,,,,,,,,,,,,,,,,,
2022-08-09,300ETF,OOS,0.0,-0.3525768656235773,0.002141583209942353,,,,,,,,,,,,,,,,,
2022-08-10,300ETF,OOS,0.0,0.041664932087724246,-0.011234730335211811,,,,,,,,,,,,,,,,,
2022-08-11,300ETF,OOS,0.0,-0.3709067634213109,0.016114092754237353,,,,,,,,,,,,,,,,,
2022-08-12,300ETF,OOS,0.0,-0.6653145021694183,0.003763824720888608,,,,,,,,,,,,,,,,,
2022-08-15,300ETF,OOS,0.0,0.9697393315419321,-0.00820541469359627,,,,,,,,,,,,,,,,,
2022-08-16,300ETF,OOS,0.0,0.42580990060257823,-0.004007076663979755,,,,,,,,,,,,,,,,,
2022-08-17,300ETF,OOS,0.0,-0.845584548032708,0.014365018005710316,,,,,,,,,,,,,,,,,
2022-08-18,300ETF,OOS,0.0,-0.25424205319477855,-0.006116227017436094,,,,,,,,,,,,,,,,,
2022-08-19,300ETF,OOS,0.0,-0.11155511819426253,-0.004730377789524533,,,,,,,,,,,,,,,,,
2022-08-22,300ETF,OOS,0.0,0.9067064165482497,0.0002358768733664134,,,,,,,,,,,,,,,,,
2022-08-23,300ETF,OOS,0.0,0.2554296432702999,-0.0023702310219630143,,,,,,,,,,,,,,,,,
2022-08-24,300ETF,OOS,0.0,-0.6261644354647838,-0.013902429091980247,,,,,,,,,,,,,,,,,
2022-08-25,300ETF,OOS,0.0,0.04447989500360556,0.002645186104106008,,,,,,,,,,,,,,,,,
2022-08-26,300ETF,OOS,0.0,-0.24151381209587247,-0.004064560287925284,,,,,,,,,,,,,,,,,
2022-08-29,300ETF,OOS,0.0,-0.16134322891242162,-0.0012064182908517584,,,,,,,,,,,,,,,,,
2022-08-30,300ETF,OOS,0.0,0.023348792545938583,0.0007252508476966648,,,,,,,,,,,,,,,,,
2022-08-31,300ETF,OOS,0.0,0.624045153987987,-0.0024142937849699793,,,,,,,,,,,,,,,,,
2022-09-01,300ETF,OOS,0.0,0.3880943625065773,-0.007260438476476701,,,,,,,,,,,,,,,,,
2022-09-02,300ETF,OOS,0.0,-0.7277896361188699,-0.005375043480815401,,,,,,,,,,,,,,,,,
2022-09-05,300ETF,OOS,0.0,-0.7852237492425934,-0.0004914005012888804,,,,,,,,,,,,,,,,,
2022-09-06,300ETF,OOS,0.0,-0.1640037726905001,0.0063492276786587445,,,,,,,,,,,,,,,,,
2022-09-07,300ETF,OOS,0.0,-0.046575486431406354,0.0012163971819754954,,,,,,,,,,,,,,,,,
2022-09-08,300ETF,OOS,0.0,0.059512275691485504,-0.0043774388966314436,,,,,,,,,,,,,,,,,
2022-09-09,300ETF,OOS,0.0,0.36170135227271394,0.007956642338094741,,,,,,,,,,,,,,,,,
2022-09-13,300ETF,OOS,0.0,-0.7925498544637539,0.0019170866163785113,,,,,,,,,,,,,,,,,
2022-09-14,300ETF,OOS,0.0,-0.4505745658083889,-0.0031427561223233273,,,,,,,,,,,,,,,,,
2022-09-15,300ETF,OOS,0.0,0.4528789933427378,-0.01533063241116667,,,,,,,,,,,,,,,,,
2022-09-16,300ETF,OOS,0.0,-0.922806882631399,-0.009427011018758749,,,,,,,,,,,,,,,,,
2022-09-19,300ETF,OOS,0.0,-0.06578456764239116,-0.004004009353382119,,,,,,,,,,,,,,,,,
2022-09-20,300ETF,OOS,0.0,-0.2531302651849715,-0.0045033851440346735,,,,,,,,,,,,,,,,,
2022-09-21,300ETF,OOS,0.0,-1.1515083988146422,0.005301034753672509,,,,,,,,,,,,,,,,,
2022-09-22,300ETF,OOS,0.0,-0.6928510890030827,-0.00583092031079321,,,,,,,,,,,,,,,,,
2022-09-23,300ETF,OOS,0.0,0.9890370971688618,-0.004319661144516396,,,,,,,,,,,,,,,,,
2022-09-26,300ETF,OOS,0.0,1.1001251672857708,-0.006641148291299952,,,,,,,,,,,,,,,,,
2022-09-27,300ETF,OOS,0.0,-0.2650303143210248,0.011443227222342714,,,,,,,,,,,,,,,,,
2022-09-28,300ETF,OOS,0.0,-1.1508215309171492,-0.005370170174593862,,,,,,,,,,,,,,,,,
2022-09-29,300ETF,OOS,0.0,-0.28874096156764884,-0.011253315686727479,,,,,,,,,,,,,,,,,
2022-09-30,300ETF,OOS,0.0,0.5465146904306909,-0.0033466371819563835,,,,,,,,,,,,,,,,,
2022-10-10,300ETF,OOS,0.0,-1.248919798372827,-0.01780617875460845,,,,,,,,,,,,,,,,,
2022-10-11,300ETF,OOS,0.0,-0.8777874157425217,0.0,,,,,,,,,,,,,,,,,
2022-10-12,300ETF,OOS,0.0,-1.1200718857350644,0.019510241846538306,,,,,,,,,,,,,,,,,
2022-10-13,300ETF,OOS,0.0,-0.27279366165248026,-0.0007856488553910223,,,,,,,,,,,,,,,,,
2022-10-14,300ETF,OOS,0.0,1.1395456373507937,0.0074540892631294285,,,,,,,,,,,,,,,,,
2022-10-17,300ETF,OOS,0.0,-0.35514961194179784,0.00823261660296683,,,,,,,,,,,,,,,,,
2022-10-18,300ETF,OOS,0.0,-0.5320088378035293,-0.0033294946880079437,,,,,,,,,,,,,,,,,
2022-10-19,300ETF,OOS,0.0,0.009262815817620508,-0.011141454801261002,,,,,,,,,,,,,,,,,
2022-10-20,300ETF,OOS,0.0,-0.8010611506169419,0.003937529696855381,,,,,,,,,,,,,,,,,
2022-10-21,300ETF,OOS,0.0,0.4592112252187126,-0.003152090868315022,,,,,,,,,,,,,,,,,
2022-10-24,300ETF,OOS,0.0,0.40607853853792386,-0.018201787308613625,,,,,,,,,,,,,,,,,
2022-10-25,300ETF,OOS,0.0,0.4066549496664097,-0.0010831303523036282,,,,,,,,,,,,,,,,,
2022-10-26,300ETF,OOS,0.0,0.9783765239898563,-0.0021569164468928374,,,,,,,,,,,,,,,,,
2022-10-27,300ETF,OOS,0.0,-0.07262346591216018,-0.012903404835907954,,,,,,,,,,,,,,,,,
2022-10-28,300ETF,OOS,0.0,-0.7647457570825744,-0.020085968986355906,,,,,,,,,,,,,,,,,
2022-10-31,300ETF,OOS,0.0,-0.19198479565051255,-0.008667746144312562,,,,,,,,,,,,,,,,,
2022-11-01,300ETF,OOS,0.0,0.7629253440932312,0.020596636376545845,,,,,,,,,,,,,,,,,
2022-11-02,300ETF,OOS,0.0,0.6443408873198228,0.008884161274087601,,,,,,,,,,,,,,,,,
2022-11-03,300ETF,OOS,0.0,-0.22631267871629288,0.0008089524507486935,,,,,,,,,,,,,,,,,
2022-11-04,300ETF,OOS,1.0,2.412908075321269,0.016038203641279326,0.010554187678690171,0.017615809804895976,0.017615809804895976,0.016833643163533443,0.010554187678690171,0.017615809804895976,0.017615809804895976,0.007061622126205809,0.006279455484843271,-0.0007821666413625333,-0.0007821666413625333,0.0007165938794403955,0.0007818915030310679,1305,0.0007821666413625333,False,-1.0
2022-11-07,300ETF,OOS,0.0,1.0037224124968585,0.0033947023069161157,,,,,,,,,,,,,,,,,
2022-11-08,300ETF,OOS,0.0,-0.6202094367305229,-0.006824173464610383,,,,,,,,,,,,,,,,,
2022-11-09,300ETF,OOS,0.0,0.17490194982058496,-0.005812433801322887,,,,,,,,,,,,,,,,,
2022-11-10,300ETF,OOS,0.0,-1.141208669879949,0.0013360055427421298,,,,,,,,,,,,,,,,,
2022-11-11,300ETF,OOS,0.0,-0.29456989520390264,0.009901070982711755,,,,,,,,,,,,,,,,,
2022-11-14,300ETF,OOS,0.9256874547507075,1.776809938143715,-0.011871107149490065,0.002054971182961882,-0.0010290713539994405,-0.00515597945523417,-0.009559561237731135,0.002054971182961882,-0.0010290713539994405,-0.00515597945523417,-0.003084042536961445,-0.011614532420693015,-0.008530489883731694,-0.004403581782496965,0.0007028137132191301,0.0007143026980618275,1125,0.011614532420693015,False,-1.0
2022-11-15,300ETF,OOS,0.0,-0.5275429519966297,0.01618532442101735,,,,,,,,,,,,,,,,,
2022-11-16,300ETF,OOS,0.0,-0.6524953425987697,-0.003840742142906258,,,,,,,,,,,,,,,,,
2022-11-17,300ETF,OOS,0.0,-0.7529395195689208,0.0002587656891138645,,,,,,,,,,,,,,,,,
2022-11-18,300ETF,OOS,0.0,-0.33190768467571985,-0.0025813127394541113,,,,,,,,,,,,,,,,,
2022-11-21,300ETF,OOS,0.0,-1.3978809936427468,0.006037556074668818,,,,,,,,,,,,,,,,,
2022-11-22,300ETF,OOS,0.0,0.14354438749683687,-0.0005238344802864547,,,,,,,,,,,,,,,,,
2022-11-23,300ETF,OOS,0.0,0.5378224077824307,0.0,,,,,,,,,,,,,,,,,
2022-11-24,300ETF,OOS,0.0,0.10523833557816435,-0.006007592836542686,,,,,,,,,,,,,,,,,
2022-11-25,300ETF,OOS,0.0,-0.5820853867390839,0.005221943981151625,,,,,,,,,,,,,,,,,
2022-11-28,300ETF,OOS,-1.0,-2.14599764265819,0.010610179112015469,-0.008775485114974271,-0.007450806155865421,-0.005327663107787569,-0.012211460478989323,-0.008775485114974271,-0.007450806155865421,-0.005327663107787569,0.0013246789591088337,-0.0034359753640150516,-0.004760654323123901,-0.006883797371201754,0.0007103480499415982,0.0006117130000686423,1330,0.006883797371201754,False,-1.0
2022-11-29,300ETF,OOS,0.0,1.2149399146114404,0.018344397635267646,,,,,,,,,,,,,,,,,
2022-11-30,300ETF,OOS,0.0,0.8851274737539915,-0.0007681475220875229,,,,,,,,,,,,,,,,,
2022-12-01,300ETF,OOS,0.0,1.068867220363717,-0.004028202828604776,,,,,,,,,,,,,,,,,
2022-12-02,300ETF,OOS,0.0,-0.19240224375644227,-0.004560433543531829,,,,,,,,,,,,,,,,,
2022-12-05,300ETF,OOS,0.0,0.018383447484992124,0.0085341883429049,,,,,,,,,,,,,,,,,
2022-12-06,300ETF,OOS,0.0,0.49955385381506473,0.002986562697749068,,,,,,,,,,,,,,,,,
2022-12-07,300ETF,OOS,0.0,-0.08990474850403583,-0.002239085398713157,,,,,,,,,,,,,,,,,
2022-12-08,300ETF,OOS,0.0,-0.41267400814278576,0.0002484163470729646,,,,,,,,,,,,,,,,,
2022-12-09,300ETF,OOS,0.0,0.2770617599392163,0.011878387622628814,,,,,,,,,,,,,,,,,
2022-12-12,300ETF,OOS,0.0,-0.7082872112834677,-0.005215459481375708,,,,,,,,,,,,,,,,,
2022-12-13,300ETF,OOS,0.0,-0.038211189976461904,-0.0007480364393190481,,,,,,,,,,,,,,,,,
2022-12-14,300ETF,OOS,0.0,-0.5221687634626203,-0.0012470384456816105,,,,,,,,,,,,,,,,,
2022-12-15,300ETF,OOS,0.0,-0.2134638670650327,0.00524673283556215,,,,,,,,,,,,,,,,,
2022-12-16,300ETF,OOS,0.0,-0.18099015136503885,0.003000752439238242,,,,,,,,,,,,,,,,,
2022-12-19,300ETF,OOS,0.0,0.4250921128661433,-0.01384192227467441,,,,,,,,,,,,,,,,,
2022-12-20,300ETF,OOS,0.0,-0.8020725393259613,-0.010725332638888817,,,,,,,,,,,,,,,,,
2022-12-21,300ETF,OOS,0.0,0.18894873303989337,-0.003080875350909184,,,,,,,,,,,,,,,,,
2022-12-22,300ETF,OOS,0.0,-0.5663379540361277,-0.010238123725786473,,,,,,,,,,,,,,,,,
2022-12-23,300ETF,OOS,0.0,0.2580652123302337,-0.005907298544830706,,,,,,,,,,,,,,,,,
2022-12-26,300ETF,OOS,0.0,0.416452480086343,-0.00153806746547691,,,,,,,,,,,,,,,,,
2022-12-27,300ETF,OOS,0.0,0.3914469984163569,0.00431308546335819,,,,,,,,,,,,,,,,,
2022-12-28,300ETF,OOS,0.0,-0.9994801092875645,0.004073325387635869,,,,,,,,,,,,,,,,,
2022-12-29,300ETF,OOS,0.0,-0.9969727950095495,0.008173736439262988,,,,,,,,,,,,,,,,,
2022-12-30,300ETF,OOS,0.0,1.3007279555136064,-0.0010139417852199318,,,,,,,,,,,,,,,,,
2023-01-03,300ETF,OOS,0.0,-1.123627050263562,0.015271358123533222,,,,,,,,,,,,,,,,,
2023-01-04,300ETF,OOS,0.0,-0.18971055995080313,0.0012659832049112625,,,,,,,,,,,,,,,,,
2023-01-05,300ETF,OOS,0.7064987279808224,1.6927946343562186,0.00646607574945636,0.005231049417552723,0.0029925209364539294,0.004734031514676934,0.007464578079046011,0.005231049417552723,0.0029925209364539294,0.004734031514676934,-0.0022385284810987546,0.0022335286614932883,0.004472057142592082,0.002730546564369077,0.0004594992297184625,0.0004871434683604011,1435,0.0,False,-1.0
2023-01-06,300ETF,OOS,0.0,-0.007548411685183787,0.0032174263617084074,,,,,,,,,,,,,,,,,
2023-01-09,300ETF,OOS,0.0,0.1965874930438075,0.003685055146673972,,,,,,,,,,,,,,,,,
2023-01-10,300ETF,OOS,0.0,-0.8449901598053778,0.0004905567917852453,,,,,,,,,,,,,,,,,
2023-01-11,300ETF,OOS,0.0,-0.2999817597736287,-0.0024503810349521394,,,,,,,,,,,,,,,,,
2023-01-12,300ETF,OOS,0.0,-0.11692673238533802,-0.0031804308154290855,,,,,,,,,,,,,,,,,
2023-01-13,300ETF,OOS,0.0,0.22820285011667557,0.0060716640685497736,,,,,,,,,,,,,,,,,
2023-01-16,300ETF,OOS,0.0,1.373042107169086,0.00871254301184158,,,,,,,,,,,,,,,,,
2023-01-17,300ETF,OOS,0.0,0.07829001629476628,0.0009673519496790091,,,,,,,,,,,,,,,,,
2023-01-18,300ETF,OOS,0.0,0.17134305287672152,-0.00024175027314628095,,,,,,,,,,,,,,,,,
2023-01-19,300ETF,OOS,0.0,-0.5589157282669609,0.0106512747473437,,,,,,,,,,,,,,,,,
2023-01-20,300ETF,OOS,0.0,0.5033149040505953,0.0007169315637466085,,,,,,,,,,,,,,,,,
2023-01-30,300ETF,OOS,0.0,-0.899927759481397,-0.009936206659129606,,,,,,,,,,,,,,,,,
2023-01-31,300ETF,OOS,0.0,0.3751966874138004,-0.0109996326641368,,,,,,,,,,,,,,,,,
2023-02-01,300ETF,OOS,0.0,1.029641601897809,0.002871502332022941,,,,,,,,,,,,,,,,,
2023-02-02,300ETF,OOS,0.0,-1.389167889290502,-0.0019134184264003474,,,,,,,,,,,,,,,,,
2023-02-03,300ETF,OOS,0.0,-1.109782828613277,0.0033881929799511553,,,,,,,,,,,,,,,,,
2023-02-06,300ETF,OOS,0.0,-1.4918940130686618,-0.006610380295866301,,,,,,,,,,,,,,,,,
2023-02-07,300ETF,OOS,0.0,-0.28924806764314054,-0.0009782343651214174,,,,,,,,,,,,,,,,,
2023-02-08,300ETF,OOS,0.0,0.3282101387352707,-0.005145178568538263,,,,,,,,,,,,,,,,,
2023-02-09,300ETF,OOS,0.0,1.221493566732467,0.006319904360522477,,,,,,,,,,,,,,,,,
2023-02-10,300ETF,OOS,0.0,-0.7978503563183754,-0.0036491951455487597,,,,,,,,,,,,,,,,,
2023-02-13,300ETF,OOS,0.0,1.060548291827822,0.0038769130217108597,,,,,,,,,,,,,,,,,
2023-02-14,300ETF,OOS,0.0,-0.8869645891492237,-0.0007254262196977757,,,,,,,,,,,,,,,,,
2023-02-15,300ETF,OOS,0.0,-0.22608704271167582,-0.0026689327986415983,,,,,,,,,,,,,,,,,
2023-02-16,300ETF,OOS,0.0,-0.14586777753790878,-0.01189767585616681,,,,,,,,,,,,,,,,,
2023-02-17,300ETF,OOS,0.0,0.48271597747281175,-0.013261491011745593,,,,,,,,,,,,,,,,,
2023-02-20,300ETF,OOS,0.0,0.5910427346500788,0.020538619272227686,,,,,,,,,,,,,,,,,
2023-02-21,300ETF,OOS,0.0,-0.08077391041347855,-0.0019351723504098947,,,,,,,,,,,,,,,,,
2023-02-22,300ETF,OOS,0.0,-0.696293827239016,-0.001705861264159571,,,,,,,,,,,,,,,,,
2023-02-23,300ETF,OOS,0.0,1.1256596358320383,-0.004633589560881731,,,,,,,,,,,,,,,,,
2023-02-24,300ETF,OOS,0.0,-0.9269774553910206,-0.003930243329831746,,,,,,,,,,,,,,,,,
2023-02-27,300ETF,OOS,0.0,0.03146558947157706,-0.0019792188549079366,,,,,,,,,,,,,,,,,
2023-02-28,300ETF,OOS,0.0,0.821957951429792,0.0004929751147409076,,,,,,,,,,,,,,,,,
2023-03-01,300ETF,OOS,0.0,0.5186508908535161,0.0063322179436776874,,,,,,,,,,,,,,,,,
2023-03-02,300ETF,OOS,0.0,-0.00312869625587727,-0.001457372130669662,,,,,,,,,,,,,,,,,
2023-03-03,300ETF,OOS,0.0,0.21888516816314596,0.0012113871862970882,,,,,,,,,,,,,,,,,
2023-03-06,300ETF,OOS,0.0,-1.0366031948835122,-0.0012196610854547836,,,,,,,,,,,,,,,,,
2023-03-07,300ETF,OOS,0.0,0.3277436998705425,-0.010800301350769826,,,,,,,,,,,,,,,,,
2023-03-08,300ETF,OOS,0.0,-0.409954941184984,-0.0004972650525141769,,,,,,,,,,,,,,,,,
2023-03-09,300ETF,OOS,0.0,-0.6542835357408207,-0.002979887976094235,,,,,,,,,,,,,,,,,
2023-03-10,300ETF,OOS,0.0,-0.41156020607920346,-0.0035158248169743327,,,,,,,,,,,,,,,,,
2023-03-13,300ETF,OOS,0.6623655618967718,1.6709555531166476,0.005015055646427847,0.004263329341515529,0.004263329341515529,0.003762703548831835,0.0047637046334168456,0.004263329341515529,0.004263329341515529,0.003762703548831835,0.0,0.0005003752919013164,0.0005003752919013164,0.0010010010845850105,0.0006343882257038752,0.0007139865787500047,1435,0.0,False,-1.0
2023-03-14,300ETF,OOS,0.0,-0.5068831838786718,0.0017576903458114547,,,,,,,,,,,,,,,,,
2023-03-15,300ETF,OOS,0.0,0.27269068245740186,-0.007254565900181773,,,,,,,,,,,,,,,,,
2023-03-16,300ETF,OOS,0.0,-0.546259090920429,-0.0032873970685444575,,,,,,,,,,,,,,,,,
2023-03-17,300ETF,OOS,0.0,-0.07744401054252847,-0.005059459312807829,,,,,,,,,,,,,,,,,
2023-03-20,300ETF,OOS,0.0,0.6024859183882952,-0.00785112301806916,,,,,,,,,,,,,,,,,
2023-03-21,300ETF,OOS,0.0,0.8695569134788992,0.0035308990025520416,,,,,,,,,,,,,,,,,
2023-03-22,300ETF,OOS,0.0,0.7839432276187611,-0.004000005333346128,,,,,,,,,,,,,,,,,
2023-03-23,300ETF,OOS,0.0,0.4592072999059396,0.006980831141340361,,,,,,,,,,,,,,,,,
2023-03-24,300ETF,OOS,0.0,-0.9106828604618975,0.00024866343532344227,,,,,,,,,,,,,,,,,
2023-03-27,300ETF,OOS,0.0,-0.9076156114002623,0.0007493443587809797,,,,,,,,,,,,,,,,,
2023-03-28,300ETF,OOS,0.0,0.061980233033851945,-0.0012507819016526025,,,,,,,,,,,,,,,,,
2023-03-29,300ETF,OOS,0.0,-0.4773202904735358,-0.00024978144253749555,,,,,,,,,,,,,,,,,
2023-03-30,300ETF,OOS,0.0,0.758908161122085,0.007227445791108779,,,,,,,,,,,,,,,,,
2023-03-31,300ETF,OOS,0.0,0.8147384047428242,-0.0032094830660853646,,,,,,,,,,,,,,,,,
2023-04-03,300ETF,OOS,0.0,0.7265209029013475,0.003924459292413203,,,,,,,,,,,,,,,,,
2023-04-04,300ETF,OOS,0.0,-0.16002627419595097,0.004650601944554307,,,,,,,,,,,,,,,,,
2023-04-06,300ETF,OOS,0.0,-0.31550612565050407,0.0007339449870750548,,,,,,,,,,,,,,,,,
2023-04-07,300ETF,OOS,0.0,0.5757162207494082,0.0017008873010796988,,,,,,,,,,,,,,,,,
2023-04-10,300ETF,OOS,0.0,-1.168564054638955,-0.0031626349192991994,,,,,,,,,,,,,,,,,
2023-04-11,300ETF,OOS,0.0,-0.15182556072599893,-0.006101300196177081,,,,,,,,,,,,,,,,,
2023-04-12,300ETF,OOS,0.0,-0.16965122234138205,-0.0009782343651214174,,,,,,,,,,,,,,,,,
2023-04-13,300ETF,OOS,0.0,-1.099377577217244,-0.0017209592446609581,,,,,,,,,,,,,,,,,
2023-04-14,300ETF,OOS,0.0,0.4214804931789358,-0.001714636060009002,,,,,,,,,,,,,,,,,
2023-04-17,300ETF,OOS,0.0,1.1717168966635196,0.006065771358303964,,,,,,,,,,,,,,,,,
2023-04-18,300ETF,OOS,0.0,0.9851677436317046,0.0024102204967385954,,,,,,,,,,,,,,,,,
2023-04-19,300ETF,OOS,0.0,-1.0611469382019694,-0.005085372383279259,,,,,,,,,,,,,,,,,
2023-04-20,300ETF,OOS,0.0,-0.6763972467261152,-0.002435461505819087,,,,,,,,,,,,,,,,,
2023-04-21,300ETF,OOS,0.0,-1.1153328241568559,-0.014501913235432269,,,,,,,,,,,,,,,,,
2023-04-24,300ETF,OOS,0.0,-0.9792698039453628,-0.00978800636616282,,,,,,,,,,,,,,,,,
2023-04-25,300ETF,OOS,0.0,-0.09042555837552764,-0.0015163005179639638,,,,,,,,,,,,,,,,,
2023-04-26,300ETF,OOS,0.0,-0.33390686743348424,-0.0002531325162231551,,,,,,,,,,,,,,,,,
2023-04-27,300ETF,OOS,0.0,0.5102097920555224,0.006552442798562988,,,,,,,,,,,,,,,,,
2023-04-28,300ETF,OOS,0.0,1.3318046257431702,0.0007472911046484048,,,,,,,,,,,,,,,,,
2023-05-04,300ETF,OOS,0.0,-0.7365399727476788,0.0022418741485863325,,,,,,,,,,,,,,,,,
2023-05-05,300ETF,OOS,0.0,0.6990682278210719,-0.0022413158430137593,,,,,,,,,,,,,,,,,
2023-05-08,300ETF,OOS,0.0,0.19871293360474002,0.009918256361391828,,,,,,,,,,,,,,,,,
2023-05-09,300ETF,OOS,0.0,-0.5102183217369467,-0.004203245154809105,,,,,,,,,,,,,,,,,
2023-05-10,300ETF,OOS,0.0,-1.1309293730523626,-0.004754168844408617,,,,,,,,,,,,,,,,,
2023-05-11,300ETF,OOS,0.0,-0.5457159667475652,-0.004255858219833597,,,,,,,,,,,,,,,,,
2023-05-12,300ETF,OOS,0.0,0.24914342292160352,-0.01260414971868901,,,,,,,,,,,,,,,,,
2023-05-15,300ETF,OOS,0.0,-0.40410305212036507,0.012600973185594045,,,,,,,,,,,,,,,,,
2023-05-16,300ETF,OOS,0.0,-0.73891398256939,-0.004272973700118897,,,,,,,,,,,,,,,,,
2023-05-17,300ETF,OOS,0.0,-1.0685885865524112,-0.004044494896506414,,,,,,,,,,,,,,,,,
2023-05-18,300ETF,OOS,0.0,0.5489693612001862,-0.0032857352952674773,,,,,,,,,,,,,,,,,
2023-05-19,300ETF,OOS,0.0,-0.7347846119740776,0.004060919286315012,,,,,,,,,,,,,,,,,
2023-05-22,300ETF,OOS,0.0,0.6994809196547304,0.002775326620554219,,,,,,,,,,,,,,,,,
2023-05-23,300ETF,OOS,0.0,-0.6832292426880578,-0.007108433080176728,,,,,,,,,,,,,,,,,
2023-05-24,300ETF,OOS,0.0,-1.2340807054048304,-0.003099976649406657,,,,,,,,,,,,,,,,,
2023-05-25,300ETF,OOS,0.0,-0.2736827162664538,-0.0031233757822682973,,,,,,,,,,,,,,,,,
2023-05-26,300ETF,OOS,0.0,-1.0195201675632903,0.0065011280851193145,,,,,,,,,,,,,,,,,
2023-05-29,300ETF,OOS,0.0,-0.7251115743448453,-0.004685068434353735,,,,,,,,,,,,,,,,,
2023-05-30,300ETF,OOS,0.0,0.07718370341103718,-0.0013022530815495004,,,,,,,,,,,,,,,,,
2023-05-31,300ETF,OOS,0.0,-1.2708909065689435,-0.004203894788133153,,,,,,,,,,,,,,,,,
2023-06-01,300ETF,OOS,0.0,1.3474859934699375,-0.0057621950947972156,,,,,,,,,,,,,,,,,
2023-06-02,300ETF,OOS,0.0,1.0419034906649511,0.008040504995875549,,,,,,,,,,,,,,,,,
2023-06-05,300ETF,OOS,0.0,-1.196601201635833,-0.002076843944839117,,,,,,,,,,,,,,,,,
2023-06-06,300ETF,OOS,0.0,-0.5867013918553878,-0.004442709515663628,,,,,,,,,,,,,,,,,
2023-06-07,300ETF,OOS,0.0,0.29967764526192064,-0.008148290582019954,,,,,,,,,,,,,,,,,
2023-06-08,300ETF,OOS,0.0,-0.054034214563372734,0.008139732482392978,,,,,,,,,,,,,,,,,
2023-06-09,300ETF,OOS,0.0,0.026641493273530225,0.0028664514740928612,,,,,,,,,,,,,,,,,
2023-06-12,300ETF,OOS,0.0,-0.54400243776373,0.0057172712906662215,,,,,,,,,,,,,,,,,
2023-06-13,300ETF,OOS,0.0,0.6186611368372333,0.005689180072160861,,,,,,,,,,,,,,,,,
2023-06-14,300ETF,OOS,0.0,0.42705593699200023,-0.004626068388782191,,,,,,,,,,,,,,,,,
2023-06-15,300ETF,OOS,0.0,1.1653995756709565,0.01021459340971842,,,,,,,,,,,,,,,,,
2023-06-16,300ETF,OOS,0.0,0.8427895214771183,0.006796753666609545,,,,,,,,,,,,,,,,,
2023-06-19,300ETF,OOS,0.0,-1.2883178275965388,-0.004299993978521668,,,,,,,,,,,,,,,,,
2023-06-20,300ETF,OOS,0.0,0.33123817149806073,-0.0025329294190582774,,,,,,,,,,,,,,,,,
2023-06-21,300ETF,OOS,0.0,-0.1211188141546616,-0.00791931588070958,,,,,,,,,,,,,,,,,
2023-06-26,300ETF,OOS,0.0,-0.7813129123049576,-0.0007815553348201155,,,,,,,,,,,,,,,,,
2023-06-27,300ETF,OOS,0.0,0.5863226132640345,0.004921652208918671,,,,,,,,,,,,,,,,,
2023-06-28,300ETF,OOS,0.0,-0.7635939795975705,0.0031055925581530666,,,,,,,,,,,,,,,,,
2023-06-29,300ETF,OOS,0.0,-0.44332802151987594,-0.0012951692006068346,,,,,,,,,,,,,,,,,
2023-06-30,300ETF,OOS,0.0,0.567502149583253,0.003872471600630039,,,,,,,,,,,,,,,,,
2023-07-03,300ETF,OOS,0.791338056694276,1.7289996729363815,0.0020392563783780994,0.00458599529860336,0.003568701212905977,0.0030596658239554933,0.0028050509276086816,0.00458599529860336,0.003568701212905977,0.0030596658239554933,-0.0010172940856974727,-0.0017809443709946781,-0.0007636502852972956,-0.0002546148963468117,0.00046151343291602777,0.0005337019893261912,1125,0.0017809443709946781,False,-1.0
2023-07-04,300ETF,OOS,0.0,-0.44136921957273,0.0015267178537998873,,,,,,,,,,,,,,,,,
2023-07-05,300ETF,OOS,0.0,-0.5375051899997662,-0.0007669692310009035,,,,,,,,,,,,,,,,,
2023-07-06,300ETF,OOS,0.0,0.38830432388924035,-0.00949577262230636,,,,,,,,,,,,,,,,,
2023-07-07,300ETF,OOS,0.0,-0.8224215393324317,0.0005169294506425463,,,,,,,,,,,,,,,,,
2023-07-10,300ETF,OOS,0.0,0.7715088599407648,-0.004114173969802965,,,,,,,,,,,,,,,,,
2023-07-11,300ETF,OOS,0.0,-0.09052306943467343,0.0048686835442521776,,,,,,,,,,,,,,,,,
2023-07-12,300ETF,OOS,0.0,-0.5216065290637324,-0.004098366392282248,,,,,,,,,,,,,,,,,
2023-07-13,300ETF,OOS,0.0,1.4789964382673362,0.0035496994676531934,,,,,,,,,,,,,,,,,
2023-07-14,300ETF,OOS,0.0,-0.45514622762486917,-0.0005056890120404947,,,,,,,,,,,,,,,,,
2023-07-17,300ETF,OOS,0.0,-1.3757843532471385,0.0,,,,,,,,,,,,,,,,,
2023-07-18,300ETF,OOS,0.0,-1.0840978631053286,-0.000510725240927728,,,,,,,,,,,,,,,,,
2023-07-19,300ETF,OOS,0.0,0.3201823571893151,-0.0010222336693893504,,,,,,,,,,,,,,,,,
2023-07-20,300ETF,OOS,0.0,0.9657750505292414,-0.007676598599096876,,,,,,,,,,,,,,,,,
2023-07-21,300ETF,OOS,0.0,-0.36962631662961365,-0.0020565559947596105,,,,,,,,,,,,,,,,,
2023-07-24,300ETF,OOS,0.0,-0.2685230504073719,-0.00283907791680604,,,,,,,,,,,,,,,,,
2023-07-25,300ETF,OOS,0.0,1.1890153201127818,0.006808751559170261,,,,,,,,,,,,,,,,,
2023-07-26,300ETF,OOS,0.0,0.09263757758918133,-0.002767645495418031,,,,,,,,,,,,,,,,,
2023-07-27,300ETF,OOS,0.0,0.5107523456292066,-0.004776878976591612,,,,,,,,,,,,,,,,,
2023-07-28,300ETF,OOS,0.0,0.10868719712640823,0.024139532225988383,,,,,,,,,,,,,,,,,
2023-07-31,300ETF,OOS,1.0,2.0983783397275437,-0.008049805634364287,-0.0038948442615410737,-0.00560362046153719,-0.008049805634364287,-0.008049805634364287,-0.0038948442615410737,-0.00560362046153719,-0.008049805634364287,-0.0017087761999960603,-0.004154961372823214,-0.0024461851728270973,0.0,0.0005653638384639414,0.0006816001303152445,1125,0.004154961372823214,False,-1.0
2023-08-01,300ETF,OOS,0.0,0.5435494337377059,-0.007110487234085141,,,,,,,,,,,,,,,,,
2023-08-02,300ETF,OOS,0.0,0.5090961244874022,-0.010107321345753942,,,,,,,,,,,,,,,,,
2023-08-03,300ETF,OOS,0.0,0.6341222655740684,0.0069067862132548225,,,,,,,,,,,,,,,,,
2023-08-04,300ETF,OOS,0.0,1.3762068480398035,-0.0038976906835530094,,,,,,,,,,,,,,,,,
2023-08-07,300ETF,OOS,0.0,-1.1450947728322327,-0.0036941305401419345,,,,,,,,,,,,,,,,,
2023-08-08,300ETF,OOS,0.0,-1.1334517638984956,0.00222359572780309,,,,,,,,,,,,,,,,,
2023-08-09,300ETF,OOS,0.0,0.29575558565901405,-0.0027210901143607247,,,,,,,,,,,,,,,,,
2023-08-10,300ETF,OOS,0.0,0.49779817191618153,0.0037133351246608493,,,,,,,,,,,,,,,,,
2023-08-11,300ETF,OOS,0.0,-1.3121858037743521,-0.013769149818267233,,,,,,,,,,,,,,,,,
2023-08-14,300ETF,OOS,0.0,-1.051084558016528,0.0035732554609947302,,,,,,,,,,,,,,,,,
2023-08-15,300ETF,OOS,0.0,-0.27880198824873453,-0.0010209291341072334,,,,,,,,,,,,,,,,,
2023-08-16,300ETF,OOS,0.0,-0.06992128108849353,-0.0020512827705573607,,,,,,,,,,,,,,,,,
2023-08-17,300ETF,OOS,0.0,-0.5747016922726279,0.008747161509155528,,,,,,,,,,,,,,,,,
2023-08-18,300ETF,OOS,0.0,0.3732040447973816,-0.011319904771432408,,,,,,,,,,,,,,,,,
2023-08-21,300ETF,OOS,0.0,-0.9367767385433456,-0.00288146892232006,,,,,,,,,,,,,,,,,
2023-08-22,300ETF,OOS,0.0,-0.1489903051327987,0.007076428428919983,,,,,,,,,,,,,,,,,
2023-08-23,300ETF,OOS,0.0,-0.7442601671650378,-0.009240989853729785,,,,,,,,,,,,,,,,,
2023-08-24,300ETF,OOS,0.0,0.352529490253109,0.006074229689106035,,,,,,,,,,,,,,,,,
2023-08-25,300ETF,OOS,0.0,-0.3209479367695108,-0.0034368837532095914,,,,,,,,,,,,,,,,,
2023-08-28,300ETF,OOS,0.0,-1.0327095748706396,-0.01922137099465942,,,,,,,,,,,,,,,,,
2023-08-29,300ETF,OOS,0.0,0.9626130182193842,0.007557039221603349,,,,,,,,,,,,,,,,,
2023-08-30,300ETF,OOS,0.0,-0.5401179334584647,-0.00491020498109071,,,,,,,,,,,,,,,,,
2023-08-31,300ETF,OOS,0.0,0.030392967830840247,-0.002600105469004031,,,,,,,,,,,,,,,,,
2023-09-01,300ETF,OOS,0.0,1.12195630359323,-0.0012955047802319238,,,,,,,,,,,,,,,,,
2023-09-04,300ETF,OOS,0.0,-0.0980516161085651,0.0064094566300827065,,,,,,,,,,,,,,,,,
2023-09-05,300ETF,OOS,0.0,-0.7073961773966223,-0.0033380439263268,,,,,,,,,,,,,,,,,
2023-09-06,300ETF,OOS,0.0,-1.2818529984355753,0.004639183578099067,,,,,,,,,,,,,,,,,
2023-09-07,300ETF,OOS,0.0,-1.2032692008534898,-0.00728221683696983,,,,,,,,,,,,,,,,,
2023-09-08,300ETF,OOS,0.0,-0.5729476099738978,0.0007885399278351067,,,,,,,,,,,,,,,,,
2023-09-11,300ETF,OOS,0.0,0.36824655763014513,0.005489492284771515,,,,,,,,,,,,,,,,,
2023-09-12,300ETF,OOS,0.0,-0.9689064578546931,-0.0002610625259573268,,,,,,,,,,,,,,,,,
2023-09-13,300ETF,OOS,0.0,0.36395993465389886,-0.009173174008323945,,,,,,,,,,,,,,,,,
2023-09-14,300ETF,OOS,0.0,0.570175227981297,-0.0023649991314978564,,,,,,,,,,,,,,,,,
2023-09-15,300ETF,OOS,0.0,-1.0428132213917887,-0.006072625922234247,,,,,,,,,,,,,,,,,
2023-09-18,300ETF,OOS,0.0,0.4931388060510627,0.001581861653346408,,,,,,,,,,,,,,,,,
2023-09-19,300ETF,OOS,0.0,-0.968684270779348,0.005548963901234732,,,,,,,,,,,,,,,,,
2023-09-20,300ETF,OOS,0.0,-0.7446293270224205,0.0005285412385198995,,,,,,,,,,,,,,,,,
2023-09-21,300ETF,OOS,0.0,0.041848708679777503,-0.004793617701236408,,,,,,,,,,,,,,,,,
2023-09-22,300ETF,OOS,0.0,-0.15307732897654552,0.014795514283594767,,,,,,,,,,,,,,,,,
2023-09-25,300ETF,OOS,0.0,-1.344110531308857,-0.0013204808468320448,,,,,,,,,,,,,,,,,
2023-09-26,300ETF,OOS,0.0,0.46825842577209076,-0.0034441681946793105,,,,,,,,,,,,,,,,,
2023-09-27,300ETF,OOS,0.0,1.2944879470675,-0.00475185688231338,,,,,,,,,,,,,,,,,
2023-09-28,300ETF,OOS,0.0,-0.5572506991382145,-0.005041804497276909,,,,,,,,,,,,,,,,,
2023-10-09,300ETF,OOS,0.0,-1.505645406245148,0.0021333341424203877,,,,,,,,,,,,,,,,,
2023-10-10,300ETF,OOS,0.0,-0.7218435975619089,-0.007212532936107705,,,,,,,,,,,,,,,,,
2023-10-11,300ETF,OOS,0.0,0.54828571961768,-0.006680051560373911,,,,,,,,,,,,,,,,,
2023-10-12,300ETF,OOS,0.0,0.16024563766097058,0.000796072750015322,,,,,,,,,,,,,,,,,
2023-10-13,300ETF,OOS,0.0,-1.159855446563773,-0.002678812210026284,,,,,,,,,,,,,,,,,
2023-10-16,300ETF,OOS,0.0,-1.1740976407860202,-0.005952398527295273,,,,,,,,,,,,,,,,,
2023-10-17,300ETF,OOS,0.0,-0.883861866897624,0.001081373449524113,,,,,,,,,,,,,,,,,
2023-10-18,300ETF,OOS,0.0,-1.0939334551198856,-0.0013574048507474523,,,,,,,,,,,,,,,,,
2023-10-19,300ETF,OOS,0.0,-0.8773710417152256,-0.008839836569140952,,,,,,,,,,,,,,,,,
2023-10-20,300ETF,OOS,0.0,0.3749843184571128,-0.001675510026156684,,,,,,,,,,,,,,,,,
2023-10-23,300ETF,OOS,0.0,-0.5421036512193267,-0.006783519511646002,,,,,,,,,,,,,,,,,
2023-10-24,300ETF,OOS,0.0,-0.8513370817134092,0.007632545887017842,,,,,,,,,,,,,,,,,
2023-10-25,300ETF,OOS,0.0,0.1409268466788434,-0.006970612359657446,,,,,,,,,,,,,,,,,
2023-10-26,300ETF,OOS,0.0,0.1714454783330293,0.005888142625222532,,,,,,,,,,,,,,,,,
2023-10-27,300ETF,OOS,0.0,0.8232231522463983,0.012735498820012512,,,,,,,,,,,,,,,,,
2023-10-30,300ETF,OOS,0.0,0.8203014664842752,0.004662013105811371,,,,,,,,,,,,,,,,,
2023-10-31,300ETF,OOS,0.0,-1.036524769920871,0.002748764787361783,,,,,,,,,,,,,,,,,
2023-11-01,300ETF,OOS,0.0,-1.1976037269420723,-0.00027461211211973936,,,,,,,,,,,,,,,,,
2023-11-02,300ETF,OOS,0.0,0.9227321527798047,-0.004119187480331188,,,,,,,,,,,,,,,,,
2023-11-03,300ETF,OOS,0.0,0.8276688276983556,0.004387174571719057,,,,,,,,,,,,,,,,,
2023-11-06,300ETF,OOS,0.0,0.29414464322932593,0.004066699382553613,,,,,,,,,,,,,,,,,
2023-11-07,300ETF,OOS,0.0,-0.42513056004008026,0.002710028758865158,,,,,,,,,,,,,,,,,
2023-11-08,300ETF,OOS,0.0,0.243539623869306,-0.005704212125908604,,,,,,,,,,,,,,,,,
2023-11-09,300ETF,OOS,0.0,0.9000041338921339,-0.0005433306300465419,,,,,,,,,,,,,,,,,
2023-11-10,300ETF,OOS,0.0,-1.0185411942171638,0.0016420364937443893,,,,,,,,,,,,,,,,,
2023-11-13,300ETF,OOS,0.0,-0.6570938793851512,-0.0016460909066687917,,,,,,,,,,,,,,,,,
2023-11-14,300ETF,OOS,0.0,1.0491801407418926,-0.0027382273407010895,,,,,,,,,,,,,,,,,
2023-11-15,300ETF,OOS,0.0,-0.5564849966454575,-0.0027225717879108867,,,,,,,,,,,,,,,,,
2023-11-16,300ETF,OOS,0.0,-0.39950672554192945,-0.0030141138040298966,,,,,,,,,,,,,,,,,
2023-11-17,300ETF,OOS,0.0,0.15840536983853631,0.0013791203399500585,,,,,,,,,,,,,,,,,
2023-11-20,300ETF,OOS,0.0,-1.1321255451010794,0.008543527232208829,,,,,,,,,,,,,,,,,
2023-11-21,300ETF,OOS,0.5350997907196627,1.5794856108332778,-0.00901029986616599,-0.002450647924916491,-0.0019055402526560387,-0.00217805694598993,-0.008466526062663668,-0.002450647924916491,-0.0019055402526560387,-0.00217805694598993,0.0005451076722604805,-0.006015878137747177,-0.006560985810007629,-0.006288469116673738,0.00041231915722593254,0.0004524240918156107,1305,0.006560985810007629,False,-1.0
2023-11-22,300ETF,OOS,0.0,-0.2721671460607621,-0.004411366403877197,,,,,,,,,,,,,,,,,
2023-11-23,300ETF,OOS,0.0,-0.2799280197706845,0.007469947586151973,,,,,,,,,,,,,,,,,
2023-11-24,300ETF,OOS,0.0,-0.9430050026377639,-0.003875973844693072,,,,,,,,,,,,,,,,,
2023-11-27,300ETF,OOS,0.0,-1.3783489977312886,0.0025185405785040096,,,,,,,,,,,,,,,,,
2023-11-28,300ETF,OOS,0.0,-0.5098582006168508,0.000558191474164017,,,,,,,,,,,,,,,,,
2023-11-29,300ETF,OOS,0.0,-1.328214123680183,-0.003931484985303449,,,,,,,,,,,,,,,,,
2023-11-30,300ETF,OOS,0.0,0.23259630127839404,0.0016853936573809672,,,,,,,,,,,,,,,,,
2023-12-01,300ETF,OOS,0.0,-1.3625039443381202,0.002257974428158386,,,,,,,,,,,,,,,,,
2023-12-04,300ETF,OOS,0.0,-0.7199201993055685,-0.005936413193418051,,,,,,,,,,,,,,,,,
2023-12-05,300ETF,OOS,0.0,-1.0185682981472837,-0.008027566044746795,,,,,,,,,,,,,,,,,
2023-12-06,300ETF,OOS,0.0,0.0007185317966873041,0.0017326022237815313,,,,,,,,,,,,,,,,,
2023-12-07,300ETF,OOS,0.0,-1.0873407111572035,0.0063768332030780415,,,,,,,,,,,,,,,,,
2023-12-08,300ETF,OOS,0.0,0.44621581328181925,0.0023141462453520234,,,,,,,,,,,,,,,,,
2023-12-11,300ETF,OOS,0.0,-1.4939029989939885,0.02140046969030602,,,,,,,,,,,,,,,,,
2023-12-12,300ETF,OOS,0.0,0.16417112879500287,0.002582127385033973,,,,,,,,,,,,,,,,,
2023-12-13,300ETF,OOS,0.0,-1.1403277360508048,-0.00751883241402734,,,,,,,,,,,,,,,,,
2023-12-14,300ETF,OOS,0.0,0.4513886243604239,-0.005824128285988651,,,,,,,,,,,,,,,,,
2023-12-15,300ETF,OOS,0.0,0.19986562456570212,-0.00584968032501722,,,,,,,,,,,,,,,,,
2023-12-18,300ETF,OOS,0.0,0.5182284471435935,-0.0038207247066650825,,,,,,,,,,,,,,,,,
2023-12-19,300ETF,OOS,0.0,-0.49309887279345105,-0.0020664213995247507,,,,,,,,,,,,,,,,,
2023-12-20,300ETF,OOS,0.0,-0.2916881065898651,-0.007081764621627798,,,,,,,,,,,,,,,,,
2023-12-21,300ETF,OOS,0.0,1.0203242161079178,0.00826694994554514,,,,,,,,,,,,,,,,,
2023-12-22,300ETF,OOS,0.0,-0.5607642685438877,0.004712821683134029,,,,,,,,,,,,,,,,,
2023-12-25,300ETF,OOS,0.0,0.7331427306392779,0.0008791209357403145,,,,,,,,,,,,,,,,,
2023-12-26,300ETF,OOS,0.0,-1.0164900935018337,-0.0023550202229653604,,,,,,,,,,,,,,,,,
2023-12-27,300ETF,OOS,0.0,-0.49371423970136685,0.007954085241320357,,,,,,,,,,,,,,,,,
2023-12-28,300ETF,OOS,0.6555211129631868,1.6673134792339626,0.013000327540127239,0.009262005429520012,0.009550065347974574,0.013287312762357903,0.013000327540127239,0.009262005429520012,0.009550065347974574,0.013287312762357903,0.0002880599184544895,0.003738322110607227,0.0034502621921526644,-0.00028698522223066444,0.0005988344917641045,0.0006881741443403968,1330,0.00028698522223066444,False,-1.0
2023-12-29,300ETF,OOS,0.0,0.6311817254812465,-0.0011435107020789379,,,,,,,,,,,,,,,,,
2024-01-02,300ETF,OOS,0.0,-1.3729923066712002,-0.004324642749938479,,,,,,,,,,,,,,,,,
2024-01-03,300ETF,OOS,0.0,0.37332266210057913,-0.002320186655697198,,,,,,,,,,,,,,,,,
2024-01-04,300ETF,OOS,0.0,-1.1447591800141785,-0.002343293397973777,,,,,,,,,,,,,,,,,
2024-01-05,300ETF,OOS,0.0,1.0500293185518172,-0.010569681489687668,,,,,,,,,,,,,,,,,
2024-01-08,300ETF,OOS,0.0,-0.035871784551208576,-0.006543747324339881,,,,,,,,,,,,,,,,,
2024-01-09,300ETF,OOS,0.0,-0.1550818265155034,0.002084264562778865,,,,,,,,,,,,,,,,,
2024-01-10,300ETF,OOS,0.0,-0.7300535543637232,-0.004476951217387518,,,,,,,,,,,,,,,,,
2024-01-11,300ETF,OOS,0.0,-0.249628101922382,0.00627148539051233,,,,,,,,,,,,,,,,,
2024-01-12,300ETF,OOS,0.0,-0.09028196018243907,-0.0008932559772148798,,,,,,,,,,,,,,,,,
2024-01-15,300ETF,OOS,0.0,-0.5270331189428356,0.002094241603114685,,,,,,,,,,,,,,,,,
2024-01-16,300ETF,OOS,0.0,0.7059370997563459,-0.000596480781180579,,,,,,,,,,,,,,,,,
2024-01-17,300ETF,OOS,0.0,-1.016977112246923,-0.005408667031399517,,,,,,,,,,,,,,,,,
2024-01-18,300ETF,OOS,0.0,-0.47037543183132724,0.003414561753104674,,,,,,,,,,,,,,,,,
2024-01-19,300ETF,OOS,0.0,0.4950949369962492,-0.002751033371889871,,,,,,,,,,,,,,,,,
2024-01-22,300ETF,OOS,0.0,-0.11152180815749974,-0.012967146808424734,,,,,,,,,,,,,,,,,
2024-01-23,300ETF,OOS,0.0,-0.3027899360709878,0.00806205917092818,,,,,,,,,,,,,,,,,
2024-01-24,300ETF,OOS,0.0,-0.2211604469488204,0.009870530476836266,,,,,,,,,,,,,,,,,
2024-01-25,300ETF,OOS,0.0,0.5452400943595597,0.015106027431013096,,,,,,,,,,,,,,,,,
2024-01-26,300ETF,OOS,0.0,0.3147165089490142,0.0015035335865048063,,,,,,,,,,,,,,,,,
2024-01-29,300ETF,OOS,0.0,0.5365108615966406,-0.004208001400205188,,,,,,,,,,,,,,,,,
2024-01-30,300ETF,OOS,0.0,-0.5039927469712493,-0.003676474729308637,,,,,,,,,,,,,,,,,
2024-01-31,300ETF,OOS,0.0,0.5539376707360575,-0.0031027018375110005,,,,,,,,,,,,,,,,,
2024-02-01,300ETF,OOS,0.0,-0.1074539451298127,0.007796702523850287,,,,,,,,,,,,,,,,,
2024-02-02,300ETF,OOS,0.0,0.5811350851115417,-0.010625099956933557,,,,,,,,,,,,,,,,,
2024-02-05,300ETF,OOS,0.0,0.30664942576223353,0.011299555253933466,,,,,,,,,,,,,,,,,
2024-02-06,300ETF,OOS,1.0,2.231320575845636,0.012266329819554356,0.003387224177730091,0.011652999082567906,0.015912208441964202,0.011957830665480207,0.003387224177730091,0.011652999082567906,0.015912208441964202,0.008265774904837868,0.008570606487750116,0.0003048315829123002,-0.003954377776483995,0.0008716392529374393,0.0008691642286695559,1330,0.003954377776483995,False,-1.0
2024-02-07,300ETF,OOS,0.0,0.7631358669043976,0.00030052592262251967,,,,,,,,,,,,,,,,,
2024-02-08,300ETF,OOS,0.0,0.6966816022882114,-0.0032860373108895232,,,,,,,,,,,,,,,,,
2024-02-19,300ETF,OOS,0.0,-1.288689862339115,0.006221320614252424,,,,,,,,,,,,,,,,,
2024-02-20,300ETF,OOS,0.0,-0.778296902832965,0.0047197727733516905,,,,,,,,,,,,,,,,,
2024-02-21,300ETF,OOS,0.0,0.3213517242385555,0.018942719986209656,,,,,,,,,,,,,,,,,
2024-02-22,300ETF,OOS,0.0,1.0782333694462316,0.0037501846923041465,,,,,,,,,,,,,,,,,
2024-02-23,300ETF,OOS,0.0,0.20798632982663756,-0.0014345146628690706,,,,,,,,,,,,,,,,,
2024-02-26,300ETF,OOS,0.0,0.033163462490748835,-0.004048588526000109,,,,,,,,,,,,,,,,,
2024-02-27,300ETF,OOS,0.0,0.5629267525152737,0.008665565490995925,,,,,,,,,,,,,,,,,
2024-02-28,300ETF,OOS,0.0,-0.1682982988941848,-0.006307360359826713,,,,,,,,,,,,,,,,,
2024-02-29,300ETF,OOS,0.5392004845966842,1.5840005192091284,0.007464863834521112,0.002879357013795951,0.0023041484848502955,0.003166837251509628,0.008041398874993657,0.002879357013795951,0.0023041484848502955,0.003166837251509628,-0.0005752085289457084,0.005162041861197706,0.005737250390143361,0.0048745616234840295,0.0007004062405914715,0.0006199875459921176,1435,0.0,False,-1.0
2024-03-01,300ETF,OOS,0.0,0.035520295087561514,0.006251796435268767,,,,,,,,,,,,,,,,,
2024-03-04,300ETF,OOS,0.0,0.14054039980453548,0.00028348689062985497,,,,,,,,,,,,,,,,,
2024-03-05,300ETF,OOS,0.0,0.6168230502898496,0.0045083198365515696,,,,,,,,,,,,,,,,,
2024-03-06,300ETF,OOS,0.0,-0.1337128361551455,0.0019732212181162705,,,,,,,,,,,,,,,,,
2024-03-07,300ETF,OOS,0.0,0.901909758087124,-0.009052395621502743,,,,,,,,,,,,,,,,,
2024-03-08,300ETF,OOS,0.0,0.7811406988661357,0.002549215372857771,,,,,,,,,,,,,,,,,
2024-03-11,300ETF,OOS,0.0,0.9030860646790445,0.009846752790909189,,,,,,,,,,,,,,,,,
2024-03-12,300ETF,OOS,0.0,-0.30251216010823995,-0.002505918059228287,,,,,,,,,,,,,,,,,
2024-03-13,300ETF,OOS,0.0,-0.5341503231068964,-0.002801907128673368,,,,,,,,,,,,,,,,,
2024-03-14,300ETF,OOS,0.0,1.2752283641561604,-0.009813621448324622,,,,,,,,,,,,,,,,,
2024-03-15,300ETF,OOS,0.0,0.12802230185010832,0.005921348190921124,,,,,,,,,,,,,,,,,
2024-03-18,300ETF,OOS,0.0,0.5145059351550213,0.0,,,,,,,,,,,,,,,,,
2024-03-19,300ETF,OOS,0.0,-0.16988167170727592,-0.00615042475560109,,,,,,,,,,,,,,,,,
2024-03-20,300ETF,OOS,0.0,0.21834546910910843,-0.00028007282076381425,,,,,,,,,,,,,,,,,
2024-03-21,300ETF,OOS,0.0,0.0016685063033207866,-0.0027878468014331955,,,,,,,,,,,,,,,,,
2024-03-22,300ETF,OOS,0.0,-0.7455178056904291,-0.0005660911557909687,,,,,,,,,,,,,,,,,
2024-03-25,300ETF,OOS,0.0,-0.2917969556340669,-0.0002832460010440785,,,,,,,,,,,,,,,,,
2024-03-26,300ETF,OOS,0.0,0.84271839714979,0.0008499788017045162,,,,,,,,,,,,,,,,,
2024-03-27,300ETF,OOS,0.0,-1.055731962988751,-0.0022746668892255073,,,,,,,,,,,,,,,,,
2024-03-28,300ETF,OOS,0.0,-0.4206021176254139,0.0034344624486346968,,,,,,,,,,,,,,,,,
2024-03-29,300ETF,OOS,0.0,1.0219333703483229,-0.0014194466542262543,,,,,,,,,,,,,,,,,
2024-04-01,300ETF,OOS,1.0,1.9242634428133436,0.001954488965056228,0.0027917382732649157,0.002234013774703057,0.0008383401357283849,0.002234013774703057,0.0027917382732649157,0.002234013774703057,0.0008383401357283849,-0.0005577244985619011,-0.0005577244985618588,0.0,0.0013956736389746718,0.0005329340487028308,0.0006511082721362321,1125,0.0005577244985618588,False,-1.0
2024-04-02,300ETF,OOS,0.0,0.034046526896758855,-0.00503779402995707,,,,,,,,,,,,,,,,,
2024-04-03,300ETF,OOS,0.0,-0.5107482588314788,-0.0008432888763975355,,,,,,,,,,,,,,,,,
2024-04-08,300ETF,OOS,0.0,-0.7365074631250769,-0.0036749157965851307,,,,,,,,,,,,,,,,,
2024-04-09,300ETF,OOS,0.0,0.14238491151173377,0.0022727282510026188,,,,,,,,,,,,,,,,,
2024-04-10,300ETF,OOS,0.0,-0.8572553555255411,-0.00541388984408015,,,,,,,,,,,,,,,,,
2024-04-11,300ETF,OOS,0.0,-0.05198898368192737,0.002865331473286427,,,,,,,,,,,,,,,,,
2024-04-12,300ETF,OOS,0.0,0.3645247835225188,-0.006321860135286358,,,,,,,,,,,,,,,,,
2024-04-15,300ETF,OOS,1.0,1.9479543180046672,0.007691249992694301,0.009683926432679915,0.009400439542050084,0.011666087636671344,0.00854949636206828,0.009683926432679915,0.009400439542050084,0.011666087636671344,-0.0002834868906298627,-0.001134430070611635,-0.0008509431799818036,-0.0031165912746030644,0.0008697678870983971,0.0009934656161914622,1330,0.0031165912746030644,False,-1.0
2024-04-16,300ETF,OOS,0.0,0.02008126088458769,-0.006546202400571921,,,,,,,,,,,,,,,,,
2024-04-17,300ETF,OOS,0.0,0.3927646722853106,0.010201278605189686,,,,,,,,,,,,,,,,,
2024-04-18,300ETF,OOS,0.0,0.23423312772315566,0.005904698724738323,,,,,,,,,,,,,,,,,
2024-04-19,300ETF,OOS,0.0,-0.39022270587640895,-0.005374076008412373,,,,,,,,,,,,,,,,,
2024-04-22,300ETF,OOS,0.0,0.8031233785764985,-0.007925317452036671,,,,,,,,,,,,,,,,,
2024-04-23,300ETF,OOS,0.0,-0.47305773219372604,0.0,,,,,,,,,,,,,,,,,
2024-04-24,300ETF,OOS,0.0,-0.9568796145840385,0.004859234943705225,,,,,,,,,,,,,,,,,
2024-04-25,300ETF,OOS,0.0,-0.41569588513976113,0.005126755746345742,,,,,,,,,,,,,,,,,
2024-04-26,300ETF,OOS,0.0,1.4519971092008994,0.010674258654122097,,,,,,,,,,,,,,,,,
2024-04-29,300ETF,OOS,0.0,0.4297826667208121,0.00914007193939798,,,,,,,,,,,,,,,,,
2024-04-30,300ETF,OOS,0.0,-0.1744992768005011,-0.0016615899696594734,,,,,,,,,,,,,,,,,
2024-05-06,300ETF,OOS,0.0,-0.08981804378293642,-0.0024640669551591835,,,,,,,,,,,,,,,,,
2024-05-07,300ETF,OOS,0.0,-0.07806707507273394,-0.001918597272100567,,,,,,,,,,,,,,,,,
2024-05-08,300ETF,OOS,0.0,-1.0011250862077772,-0.00385675409191178,,,,,,,,,,,,,,,,,
2024-05-09,300ETF,OOS,0.0,1.1061196102561581,0.002738977335432439,,,,,,,,,,,,,,,,,
2024-05-10,300ETF,OOS,0.0,0.033589384463646746,0.003834570570961906,,,,,,,,,,,,,,,,,
2024-05-13,300ETF,OOS,0.0,-0.5447933129981206,0.004118056608917548,,,,,,,,,,,,,,,,,
2024-05-14,300ETF,OOS,0.0,0.38883680807852,0.0,,,,,,,,,,,,,,,,,
2024-05-15,300ETF,OOS,0.0,-0.7581332067167468,-0.0035788062973634445,,,,,,,,,,,,,,,,,
2024-05-16,300ETF,OOS,0.0,-0.5340698821180401,-0.0008263325081136557,,,,,,,,,,,,,,,,,
2024-05-17,300ETF,OOS,0.0,0.11608451402840587,0.0024640669551592785,,,,,,,,,,,,,,,,,
2024-05-20,300ETF,OOS,0.0,1.3011917334925638,-0.0027107633839877784,,,,,,,,,,,,,,,,,
2024-05-21,300ETF,OOS,0.0,-0.45632146253572875,-0.0016344323987154752,,,,,,,,,,,,,,,,,
2024-05-22,300ETF,OOS,0.0,-0.34737113288537674,0.0013596195160396518,,,,,,,,,,,,,,,,,
2024-05-23,300ETF,OOS,0.0,-1.071460525425623,-0.0038408826367916423,,,,,,,,,,,,,,,,,
2024-05-24,300ETF,OOS,0.0,0.6493910006520983,-0.009379379105038974,,,,,,,,,,,,,,,,,
2024-05-27,300ETF,OOS,0.0,0.47928103935116767,0.004143080087386931,,,,,,,,,,,,,,,,,
2024-05-28,300ETF,OOS,0.0,-0.6045027033877961,-0.00497926339960745,,,,,,,,,,,,,,,,,
2024-05-29,300ETF,OOS,0.0,1.0714518655139162,-0.002761669802729179,,,,,,,,,,,,,,,,,
2024-05-30,300ETF,OOS,0.0,0.15740748504600693,-0.0074823682882115975,,,,,,,,,,,,,,,,,
2024-05-31,300ETF,OOS,0.0,0.2886768652587034,-0.007779978113919531,,,,,,,,,,,,,,,,,
2024-06-03,300ETF,OOS,0.0,-0.42907740454964255,-0.003910619508872853,,,,,,,,,,,,,,,,,
2024-06-04,300ETF,OOS,0.0,0.03542266270249867,0.0063756279722316294,,,,,,,,,,,,,,,,,
2024-06-05,300ETF,OOS,0.0,0.3562663320812862,-0.004983399017547915,,,,,,,,,,,,,,,,,
2024-06-06,300ETF,OOS,0.0,0.5267418032901046,-0.004446922280938019,,,,,,,,,,,,,,,,,
2024-06-07,300ETF,OOS,0.0,0.08550049152705835,-0.004740006086482742,,,,,,,,,,,,,,,,,
2024-06-11,300ETF,OOS,0.0,-0.6900397536645666,0.0008451895136177438,,,,,,,,,,,,,,,,,
2024-06-12,300ETF,OOS,0.0,0.3334051677443794,0.0002817298229650445,,,,,,,,,,,,,,,,,
2024-06-13,300ETF,OOS,0.0,-1.1950450391286547,-0.0062182224104444265,,,,,,,,,,,,,,,,,
2024-06-14,300ETF,OOS,0.0,-0.6466839485023138,0.005928034297176365,,,,,,,,,,,,,,,,,
2024-06-17,300ETF,OOS,0.0,-0.16329560231988538,-0.0002818886558483019,,,,,,,,,,,,,,,,,
2024-06-18,300ETF,OOS,0.0,0.32597190062941894,-0.0008447135515656546,,,,,,,,,,,,,,,,,
2024-06-19,300ETF,OOS,0.0,-1.0455857117445897,-0.000846143048650248,,,,,,,,,,,,,,,,,
2024-06-20,300ETF,OOS,0.0,0.11992392174322809,-0.002839297762069594,,,,,,,,,,,,,,,,,
2024-06-21,300ETF,OOS,0.0,-0.46178081040805957,-0.0005688282292170703,,,,,,,,,,,,,,,,,
2024-06-24,300ETF,OOS,0.0,-0.5709575317115326,0.002281152970945489,,,,,,,,,,,,,,,,,
2024-06-25,300ETF,OOS,0.0,-0.018984006936377477,-0.0045805977600414,,,,,,,,,,,,,,,,,
2024-06-26,300ETF,OOS,0.0,-0.25152393810452556,0.009169118680129547,,,,,,,,,,,,,,,,,
2024-06-27,300ETF,OOS,0.0,-1.1148660733434357,0.003158653021008781,,,,,,,,,,,,,,,,,
2024-06-28,300ETF,OOS,0.0,1.1315409274404284,-0.0051531748734036514,,,,,,,,,,,,,,,,,
2024-07-01,300ETF,OOS,0.0,-0.042708373216173184,0.004868977111503736,,,,,,,,,,,,,,,,,
2024-07-02,300ETF,OOS,0.0,0.4082980121529692,-0.003718008001013955,,,,,,,,,,,,,,,,,
2024-07-03,300ETF,OOS,0.0,-0.4990435098928853,0.001433692001848616,,,,,,,,,,,,,,,,,
2024-07-04,300ETF,OOS,0.0,0.9376948365873959,-0.00487595975368227,,,,,,,,,,,,,,,,,
2024-07-05,300ETF,OOS,0.0,-0.637780077652185,0.0002897291053150665,,,,,,,,,,,,,,,,,
2024-07-08,300ETF,OOS,0.0,-0.29922248538432644,-0.0026143805740708207,,,,,,,,,,,,,,,,,
2024-07-09,300ETF,OOS,0.0,-0.14916109434078614,0.01041676085825558,,,,,,,,,,,,,,,,,
2024-07-10,300ETF,OOS,0.0,0.5961940856650226,-0.0034582167029568295,,,,,,,,,,,,,,,,,
2024-07-11,300ETF,OOS,0.0,-0.5247151214923808,0.0034275954722674975,,,,,,,,,,,,,,,,,
2024-07-12,300ETF,OOS,0.0,0.05698008662313612,0.0014218685745427152,,,,,,,,,,,,,,,,,
2024-07-15,300ETF,OOS,0.0,0.3429360655303008,0.0,,,,,,,,,,,,,,,,,
2024-07-16,300ETF,OOS,0.0,0.038785365861108215,0.004240289038885442,,,,,,,,,,,,,,,,,
2024-07-17,300ETF,OOS,0.0,-0.4916838039402865,0.005064726639608255,,,,,,,,,,,,,,,,,
2024-07-18,300ETF,OOS,0.0,-0.4768720574510057,0.006185007065746828,,,,,,,,,,,,,,,,,
2024-07-19,300ETF,OOS,0.0,-0.5959069772404364,0.008384621507682674,,,,,,,,,,,,,,,,,
2024-07-22,300ETF,OOS,0.0,-1.015074406855557,0.0,,,,,,,,,,,,,,,,,
2024-07-23,300ETF,OOS,0.0,-1.328871631527124,-0.012183179451014313,,,,,,,,,,,,,,,,,
2024-07-24,300ETF,OOS,0.0,0.7310533525994943,-0.004308494385723732,,,,,,,,,,,,,,,,,
2024-07-25,300ETF,OOS,0.0,-0.1798627202266423,-0.0037545170458034194,,,,,,,,,,,,,,,,,
2024-07-26,300ETF,OOS,0.0,1.120192846991145,-0.004322150511806399,,,,,,,,,,,,,,,,,
2024-07-29,300ETF,OOS,0.0,-0.30478993018596795,-0.0028893403516051814,,,,,,,,,,,,,,,,,
2024-07-30,300ETF,OOS,0.0,-1.3866596385766528,0.0011658409947718131,,,,,,,,,,,,,,,,,
2024-07-31,300ETF,OOS,0.0,0.8248732625098304,0.014074625559555203,,,,,,,,,,,,,,,,,
2024-08-01,300ETF,OOS,0.0,-0.2716011685673299,-0.005151700002862582,,,,,,,,,,,,,,,,,
2024-08-02,300ETF,OOS,0.0,0.29309739551040026,-0.007797873448441772,,,,,,,,,,,,,,,,,
2024-08-05,300ETF,OOS,0.0,1.4652953807344204,-0.010202682876876742,,,,,,,,,,,,,,,,,
2024-08-06,300ETF,OOS,0.0,-0.35379484933209526,-0.006168326210718797,,,,,,,,,,,,,,,,,
2024-08-07,300ETF,OOS,0.0,0.8371984446534558,-0.00293169368582684,,,,,,,,,,,,,,,,,
2024-08-08,300ETF,OOS,0.0,-0.5557212901297063,0.006177398670511242,,,,,,,,,,,,,,,,,
2024-08-09,300ETF,OOS,0.0,0.4253033424626762,-0.005281702419175781,,,,,,,,,,,,,,,,,
2024-08-12,300ETF,OOS,0.0,-0.04705434474784764,-0.0035356548323077553,,,,,,,,,,,,,,,,,
2024-08-13,300ETF,OOS,0.0,-0.07685266297091928,-0.0008869180182278928,,,,,,,,,,,,,,,,,
2024-08-14,300ETF,OOS,0.0,-1.2579139544911395,0.0002959017627744029,,,,,,,,,,,,,,,,,
2024-08-15,300ETF,OOS,0.0,1.3121677471396085,0.0005887548006394024,,,,,,,,,,,,,,,,,
2024-08-16,300ETF,OOS,0.0,-0.10056182828357217,-0.0038072970283982493,,,,,,,,,,,,,,,,,
2024-08-19,300ETF,OOS,0.7233282714841875,1.700497104385958,-0.005244767267294965,-0.003787331548200956,-0.004371273170633534,-0.0052478254546615855,-0.004663371902080852,-0.003787331548200956,-0.004371273170633534,-0.0052478254546615855,-0.0005839416224326013,-0.0008760403538798961,-0.00029209873144731783,0.0005844535525807333,0.00037754586693355827,0.00034203223634271556,1125,0.0008760403538798961,False,-1.0
2024-08-20,300ETF,OOS,0.0,-1.1387658406002856,-0.0026474497004681766,,,,,,,,,,,,,,,,,
2024-08-21,300ETF,OOS,0.0,-0.7217818219096698,0.0011809862606759623,,,,,,,,,,,,,,,,,
2024-08-22,300ETF,OOS,0.0,-0.042109345403043036,-0.0008879680914968502,,,,,,,,,,,,,,,,,
2024-08-23,300ETF,OOS,0.0,0.5693651589054626,0.004133457317107247,,,,,,,,,,,,,,,,,
2024-08-26,300ETF,OOS,0.0,-0.42978291324719436,0.00029485478615513014,,,,,,,,,,,,,,,,,
2024-08-27,300ETF,OOS,0.0,-0.6293437761186372,-0.0020743821336846524,,,,,,,,,,,,,,,,,
2024-08-28,300ETF,OOS,0.0,-0.10059895246538345,-0.0014883169885259971,,,,,,,,,,,,,,,,,
2024-08-29,300ETF,OOS,0.0,-0.1548547304702363,0.0026869698208253877,,,,,,,,,,,,,,,,,
2024-08-30,300ETF,OOS,0.8058798393259612,1.7346452025477466,0.0047197727733516905,0.0064820498029042025,0.0050125418235441935,0.0088287801259985,0.004424133451168935,0.0064820498029042025,0.0050125418235441935,0.0088287801259985,-0.0014695079793599947,-0.0020579163517352676,-0.0005884083723752586,-0.0044046466748295645,0.0006133142524322743,0.0006234574967492859,1330,0.0044046466748295645,False,-1.0
2024-09-02,300ETF,OOS,0.0,-0.6819926455159343,-0.0071642097467805735,,,,,,,,,,,,,,,,,
2024-09-03,300ETF,OOS,0.0,0.14355897878324214,0.0023937773249888003,,,,,,,,,,,,,,,,,
2024-09-04,300ETF,OOS,0.0,-0.318762504938701,0.0,,,,,,,,,,,,,,,,,
2024-09-05,300ETF,OOS,0.0,0.6263270588966451,0.003006616816933075,,,,,,,,,,,,,,,,,
2024-09-06,300ETF,OOS,0.0,0.055354653524517135,-0.009313571904696309,,,,,,,,,,,,,,,,,
2024-09-09,300ETF,OOS,0.0,-0.47395037348568325,-0.0064269540275415,,,,,,,,,,,,,,,,,
2024-09-10,300ETF,OOS,0.0,-0.48896008661753154,0.0021475694708896886,,,,,,,,,,,,,,,,,
2024-09-11,300ETF,OOS,0.0,-0.9455294265560488,0.0009223674750779126,,,,,,,,,,,,,,,,,
2024-09-12,300ETF,OOS,0.0,0.8758038973006744,-0.005218737861310068,,,,,,,,,,,,,,,,,
2024-09-13,300ETF,OOS,0.0,0.5507441265563983,-0.007707761297932648,,,,,,,,,,,,,,,,,
2024-09-18,300ETF,OOS,0.0,0.6442548579959371,0.004019173751707929,,,,,,,,,,,,,,,,,
2024-09-19,300ETF,OOS,0.0,-0.8722445508242238,0.009837152797966252,,,,,,,,,,,,,,,,,
2024-09-20,300ETF,OOS,0.0,-0.5827501416533725,0.004604766386748339,,,,,,,,,,,,,,,,,
2024-09-23,300ETF,OOS,0.0,1.2370866656299468,-0.002736811804045599,,,,,,,,,,,,,,,,,
2024-09-24,300ETF,OOS,0.0,-0.13869425972488228,0.033952040151697324,,,,,,,,,,,,,,,,,
2024-09-25,300ETF,OOS,1.0,2.2002422064112044,-0.012870190520534907,-0.005412347637477187,-0.005698021114637779,-0.007413777898140844,-0.013154321791092525,-0.005412347637477187,-0.005698021114637779,-0.007413777898140844,-0.000285673477160606,-0.007741974153615338,-0.007456300676454746,-0.005740543892951681,0.0009423545893475925,0.001141716422019034,1125,0.007741974153615338,False,-1.0
2024-09-26,300ETF,OOS,0.0,0.6742099182399313,0.029306126585499487,,,,,,,,,,,,,,,,,
2024-09-27,300ETF,OOS,0.0,0.7124585493947542,0.03280717504711268,,,,,,,,,,,,,,,,,
2024-09-30,300ETF,OOS,1.0,2.285950180189638,0.04662386678167577,0.024903815016257387,0.03724965083855679,0.041657101655996516,0.049929654916175376,0.024903815016257387,0.03724965083855679,0.041657101655996516,0.012345835822299362,0.02502583989991799,0.012680004077618587,0.00827255326017886,0.0017657694866239305,0.0013528872028102268,1435,0.0,True,774.0
2024-10-08,300ETF,OOS,0.0,-0.8515822487277313,-0.04284607350007533,,,,,,,,,,,,,,,,,
2024-10-09,300ETF,OOS,0.0,-1.6966240772611236,-0.024573628712546647,,,,,,,,,,,,,,,,,
2024-10-10,300ETF,OOS,0.0,1.3297876573188812,0.01200259357079866,,,,,,,,,,,,,,,,,
2024-10-11,300ETF,OOS,0.0,-0.843567292713312,-0.02533686268079682,,,,,,,,,,,,,,,,,
2024-10-14,300ETF,OOS,0.0,0.9822376639124729,0.010253935035283565,,,,,,,,,,,,,,,,,
2024-10-15,300ETF,OOS,0.0,-0.341029917164146,-0.014525674882718848,,,,,,,,,,,,,,,,,
2024-10-16,300ETF,OOS,0.0,0.26384572293928915,-0.008423789442347946,,,,,,,,,,,,,,,,,
2024-10-17,300ETF,OOS,0.0,0.26830025936041846,-0.017125019142593564,,,,,,,,,,,,,,,,,
2024-10-18,300ETF,OOS,0.0,0.5983793639572877,0.058670064634206286,,,,,,,,,,,,,,,,,
2024-10-21,300ETF,OOS,0.0,0.2812024000945226,0.00825107818992098,,,,,,,,,,,,,,,,,
2024-10-22,300ETF,OOS,0.0,0.9144713288876952,0.0007448789916104024,,,,,,,,,,,,,,,,,
2024-10-23,300ETF,OOS,0.0,-0.24865130407084376,0.004203245154809144,,,,,,,,,,,,,,,,,
2024-10-24,300ETF,OOS,0.0,-0.5874091722965258,-0.0032390709769221575,,,,,,,,,,,,,,,,,
2024-10-25,300ETF,OOS,0.0,0.6178505023171161,0.007695209873445297,,,,,,,,,,,,,,,,,
2024-10-28,300ETF,OOS,0.0,-1.1861890081741484,0.0037271753919222083,,,,,,,,,,,,,,,,,
2024-10-29,300ETF,OOS,0.0,0.47842730423589236,-0.008185584586439518,,,,,,,,,,,,,,,,,
2024-10-30,300ETF,OOS,0.0,0.2962226705837137,-0.009785550422718198,,,,,,,,,,,,,,,,,
2024-10-31,300ETF,OOS,0.0,-0.9652730806357601,0.0073204921136174675,,,,,,,,,,,,,,,,,
2024-11-01,300ETF,OOS,0.0,1.1500191541766258,-0.002501877712324098,,,,,,,,,,,,,,,,,
2024-11-04,300ETF,OOS,0.0,0.30627258557353315,0.005002511682971852,,,,,,,,,,,,,,,,,
2024-11-05,300ETF,OOS,0.0,0.08276080561505268,0.017591462679642775,,,,,,,,,,,,,,,,,
2024-11-06,300ETF,OOS,0.0,0.6162794620934319,-0.005815378637562264,,,,,,,,,,,,,,,,,
2024-11-07,300ETF,OOS,0.0,0.6434718771831839,0.02210565746360565,,,,,,,,,,,,,,,,,
2024-11-08,300ETF,OOS,0.0,-0.6997416413544544,-0.011130961579008291,,,,,,,,,,,,,,,,,
2024-11-11,300ETF,OOS,0.0,-0.24656739179550355,0.00908228040417366,,,,,,,,,,,,,,,,,
2024-11-12,300ETF,OOS,0.0,1.4087221623450252,-0.02283095600099608,,,,,,,,,,,,,,,,,
2024-11-13,300ETF,OOS,0.0,0.5249403805769807,0.004068451226296215,,,,,,,,,,,,,,,,,
2024-11-14,300ETF,OOS,0.0,0.09506160380885512,-0.011521970960653983,,,,,,,,,,,,,,,,,
2024-11-15,300ETF,OOS,0.0,0.1731612538530288,-0.004639246508961256,,,,,,,,,,,,,,,,,
2024-11-18,300ETF,OOS,0.0,-0.06564987387436812,-0.007405612714792427,,,,,,,,,,,,,,,,,
2024-11-19,300ETF,OOS,0.0,0.7884392249531951,0.001730318068594881,,,,,,,,,,,,,,,,,
2024-11-20,300ETF,OOS,0.0,-0.2805166797456442,0.0059171770280885185,,,,,,,,,,,,,,,,,
2024-11-21,300ETF,OOS,0.0,0.07537890658442356,0.002215930981844542,,,,,,,,,,,,,,,,,
2024-11-22,300ETF,OOS,0.0,-0.32471662021472214,-0.01740038930403112,,,,,,,,,,,,,,,,,
2024-11-25,300ETF,OOS,0.0,0.6508682837747256,-0.006108443529172387,,,,,,,,,,,,,,,,,
2024-11-26,300ETF,OOS,0.0,0.3485138215029006,-0.0017818510505484253,,,,,,,,,,,,,,,,,
2024-11-27,300ETF,OOS,0.0,-0.03656451710599404,0.019255725431360594,,,,,,,,,,,,,,,,,
2024-11-28,300ETF,OOS,0.0,-0.06485403644949796,-0.0032749745860295686,,,,,,,,,,,,,,,,,
2024-11-29,300ETF,OOS,0.0,1.330358210009201,0.010279644237743692,,,,,,,,,,,,,,,,,
2024-12-02,300ETF,OOS,0.0,0.8961048171402023,-0.003229415302003368,,,,,,,,,,,,,,,,,
2024-12-03,300ETF,OOS,0.0,-0.9920967508041011,0.006703935722190355,,,,,,,,,,,,,,,,,
2024-12-04,300ETF,OOS,0.0,-1.0975666886280182,-0.0009970090556687444,,,,,,,,,,,,,,,,,
2024-12-05,300ETF,OOS,0.0,0.1289016965004894,-0.0007499062968602387,,,,,,,,,,,,,,,,,
2024-12-06,300ETF,OOS,0.0,0.6324202187721794,0.013868473887677134,,,,,,,,,,,,,,,,,
2024-12-09,300ETF,OOS,0.0,0.1825364973328871,-0.0012338064489284325,,,,,,,,,,,,,,,,,
2024-12-10,300ETF,OOS,0.0,-1.015323161149339,-0.008521049731933985,,,,,,,,,,,,,,,,,
2024-12-11,300ETF,OOS,0.0,0.45584569692481347,-0.0017158969769604528,,,,,,,,,,,,,,,,,
2024-12-12,300ETF,OOS,0.0,-0.15307375123176983,0.008797710703529351,,,,,,,,,,,,,,,,,
2024-12-13,300ETF,OOS,0.0,-1.359326511380962,-0.006188904517119697,,,,,,,,,,,,,,,,,
2024-12-16,300ETF,OOS,0.0,-0.050740285569671875,-0.00574642430754964,,,,,,,,,,,,,,,,,
2024-12-17,300ETF,OOS,0.500110872007002,1.5044673214861206,-0.00622434475623613,-0.004228336109521176,-0.004477619421294388,0.0009923096820210495,-0.00622434475623613,-0.004228336109521176,-0.004477619421294388,0.0009923096820210495,-0.00024928331177319476,-0.001996008646714954,-0.001746725334941742,-0.007216654438257179,0.0005475521431750055,0.0007292710565590001,1330,0.007216654438257179,False,-1.0
2024-12-18,300ETF,OOS,0.0,1.207107204794642,-0.002730546564368864,,,,,,,,,,,,,,,,,
2024-12-19,300ETF,OOS,0.0,-0.16764441059422364,0.002733260491527656,,,,,,,,,,,,,,,,,
2024-12-20,300ETF,OOS,0.0,-0.546741219009836,-0.001989555493381542,,,,,,,,,,,,,,,,,
2024-12-23,300ETF,OOS,0.5035936605000298,1.5254334207295317,-0.0032254090733656276,0.0004949270083705664,0.0007422986855752281,0.0,-0.003968259175620622,0.0004949270083705664,0.0007422986855752281,0.0,0.0002473716772045935,-0.004463186183991189,-0.0047105578611958505,-0.003968259175620622,0.0004882940463583682,0.000524009065619357,1305,0.0047105578611958505,False,-1.0
2024-12-24,300ETF,OOS,0.0,0.7851375476712233,0.004192878260035737,,,,,,,,,,,,,,,,,
2024-12-25,300ETF,OOS,0.0,-0.03307887694374165,-0.0056434943059594294,,,,,,,,,,,,,,,,,
2024-12-26,300ETF,OOS,0.0,-0.5858586556894029,0.002947680837342397,,,,,,,,,,,,,,,,,
2024-12-27,300ETF,OOS,0.0,-0.7567696060513612,0.0014752891783229606,,,,,,,,,,,,,,,,,
2024-12-30,300ETF,OOS,0.0,1.173622462361301,0.000733586045858182,,,,,,,,,,,,,,,,,
2024-12-31,300ETF,OOS,0.0,-0.22204225029853134,-0.011341344444190144,,,,,,,,,,,,,,,,,
2025-01-02,300ETF,OOS,0.0,-0.9660568386285556,-0.021304381717658874,,,,,,,,,,,,,,,,,
2025-01-03,300ETF,OOS,0.0,-0.3001513201901007,-0.007733990599736451,,,,,,,,,,,,,,,,,
2025-01-06,300ETF,OOS,0.0,-0.2948873812077353,0.0005215123977389679,,,,,,,,,,,,,,,,,
2025-01-07,300ETF,OOS,0.0,0.7801275183236844,0.0038794824293224613,,,,,,,,,,,,,,,,,
2025-01-08,300ETF,OOS,0.0,-0.6413916302396637,0.0012928250023051713,,,,,,,,,,,,,,,,,
2025-01-09,300ETF,OOS,0.0,-0.33337448088213084,0.0018071516471016252,,,,,,,,,,,,,,,,,
2025-01-10,300ETF,OOS,0.0,-0.3166220726034732,-0.0033823370348775163,,,,,,,,,,,,,,,,,
2025-01-13,300ETF,OOS,0.0,0.3473011295127432,-0.003152090868315022,,,,,,,,,,,,,,,,,
2025-01-14,300ETF,OOS,0.0,0.9166690618853102,0.013180188214665637,,,,,,,,,,,,,,,,,
2025-01-15,300ETF,OOS,0.0,-0.5926475253650632,-0.0030856285731813123,,,,,,,,,,,,,,,,,
2025-01-16,300ETF,OOS,0.650949206847556,1.6648358493549267,-0.007448345722706182,-0.005385318823664295,-0.007959985539444344,-0.01028286695558392,-0.007959985539444344,-0.005385318823664295,-0.007959985539444344,-0.01028286695558392,-0.002574666715780095,-0.0025746667157800496,0.0,0.002322881416139575,0.0005957404958284762,0.0007020105508559023,1125,0.0025746667157800496,False,-1.0
2025-01-17,300ETF,OOS,0.0,-0.07239536119527261,0.005140078137750187,,,,,,,,,,,,,,,,,
2025-01-20,300ETF,OOS,0.0,1.1163066971535145,-0.006617484062264567,,,,,,,,,,,,,,,,,
2025-01-21,300ETF,OOS,0.0,-1.1942537442247827,0.003065919621834761,,,,,,,,,,,,,,,,,
2025-01-22,300ETF,OOS,0.0,-0.9176284938347136,0.0010314596066622124,,,,,,,,,,,,,,,,,
2025-01-23,300ETF,OOS,0.0,0.9528824126171883,-0.008934328733765855,,,,,,,,,,,,,,,,,
2025-01-24,300ETF,OOS,0.0,0.8174931777155002,0.0033142159080586753,,,,,,,,,,,,,,,,,
2025-01-27,300ETF,OOS,0.0,0.8250201627598771,-0.0005095541511526749,,,,,,,,,,,,,,,,,
2025-02-05,300ETF,OOS,0.0,-1.4043667636091104,-0.0028266754013238056,,,,,,,,,,,,,,,,,
2025-02-06,300ETF,OOS,0.0,0.4543841121009207,0.010996147111309916,,,,,,,,,,,,,,,,,
2025-02-07,300ETF,OOS,0.0,0.01518341422461736,0.002524616337138683,,,,,,,,,,,,,,,,,
2025-02-10,300ETF,OOS,0.0,-0.7416569371121328,-0.0007519739670049922,,,,,,,,,,,,,,,,,
2025-02-11,300ETF,OOS,0.0,-1.1298661445642375,-0.000503144664702417,,,,,,,,,,,,,,,,,
2025-02-12,300ETF,OOS,0.0,-0.1777653957235931,0.00100477275471553,,,,,,,,,,,,,,,,,
2025-02-13,300ETF,OOS,0.0,-0.025984217664859744,-0.001246106080247183,,,,,,,,,,,,,,,,,
2025-02-14,300ETF,OOS,0.0,0.5279991326780119,0.006725644981217691,,,,,,,,,,,,,,,,,
2025-02-17,300ETF,OOS,0.0,-0.32224781716986095,0.0007439553969912622,,,,,,,,,,,,,,,,,
2025-02-18,300ETF,OOS,0.0,-0.3666941008765989,-0.00945986641315401,,,,,,,,,,,,,,,,,
2025-02-19,300ETF,OOS,0.0,0.09870029102269884,0.0034799935691636496,,,,,,,,,,,,,,,,,
2025-02-20,300ETF,OOS,0.0,-0.552058135291846,0.001988072225386115,,,,,,,,,,,,,,,,,
2025-02-21,300ETF,OOS,0.0,0.46753775280873633,0.013333530869465168,,,,,,,,,,,,,,,,,
2025-02-24,300ETF,OOS,0.0,0.37151778669815966,-0.0036868666563175307,,,,,,,,,,,,,,,,,
2025-02-25,300ETF,OOS,0.0,-0.9328952264861748,-0.004224133501803077,,,,,,,,,,,,,,,,,
2025-02-26,300ETF,OOS,0.0,0.874149981065293,0.0022274480190926185,,,,,,,,,,,,,,,,,
2025-02-27,300ETF,OOS,0.0,0.36313889096046403,0.001480385170434425,,,,,,,,,,,,,,,,,
2025-02-28,300ETF,OOS,0.0,0.10354051366740379,-0.011955310514678828,,,,,,,,,,,,,,,,,
2025-03-03,300ETF,OOS,0.0,-0.16069247514476478,-0.007772384620512193,,,,,,,,,,,,,,,,,
2025-03-04,300ETF,OOS,0.0,-0.6083522023805775,0.0032741497578118992,,,,,,,,,,,,,,,,,
2025-03-05,300ETF,OOS,0.0,0.14089963545044096,0.00401707796030157,,,,,,,,,,,,,,,,,
2025-03-06,300ETF,OOS,0.0,-0.1703098000420023,0.006426121965529476,,,,,,,,,,,,,,,,,
2025-03-07,300ETF,OOS,0.0,-0.41672745086619284,-0.0004957858306809328,,,,,,,,,,,,,,,,,
2025-03-10,300ETF,OOS,0.0,-0.5616784152045692,0.0029880500319826105,,,,,,,,,,,,,,,,,
2025-03-11,300ETF,OOS,0.0,-0.39764688929020725,0.001246416713776502,,,,,,,,,,,,,,,,,
2025-03-12,300ETF,OOS,0.0,-1.2593962744029183,0.0,,,,,,,,,,,,,,,,,
2025-03-13,300ETF,OOS,0.0,0.39405523073009685,-0.0019925286791482822,,,,,,,,,,,,,,,,,
2025-03-14,300ETF,OOS,1.0,1.9773307487803604,0.009065356704672472,0.00833133954052712,0.011741817876683195,0.0075990070288518,0.008819263434081336,0.00833133954052712,0.011741817876683195,0.0075990070288518,0.0034104783361559995,0.0004879238935542162,-0.0029225544426018588,0.001220256405229536,0.0007092534954599077,0.0007938400363823982,1305,0.0029225544426018588,False,-1.0
2025-03-17,300ETF,OOS,0.0,-0.04140659800752409,-0.0012211504753541936,,,,,,,,,,,,,,,,,
2025-03-18,300ETF,OOS,0.0,-0.6430133060310915,-0.0007307271059530922,,,,,,,,,,,,,,,,,
2025-03-19,300ETF,OOS,0.0,-0.2830653087563171,0.003662560558645619,,,,,,,,,,,,,,,,,
2025-03-20,300ETF,OOS,0.0,-1.1120370594866287,0.0,,,,,,,,,,,,,,,,,
2025-03-21,300ETF,OOS,0.0,0.3421182510658374,-0.013858177734773202,,,,,,,,,,,,,,,,,
2025-03-24,300ETF,OOS,0.0,0.4850622419212972,0.0004976362381870486,,,,,,,,,,,,,,,,,
2025-03-25,300ETF,OOS,0.0,-0.08346981489478165,0.0,,,,,,,,,,,,,,,,,
2025-03-26,300ETF,OOS,0.0,0.1493379393265291,-0.005964232391673439,,,,,,,,,,,,,,,,,
2025-03-27,300ETF,OOS,0.0,0.027385266698034476,0.0014917954034627506,,,,,,,,,,,,,,,,,
2025-03-28,300ETF,OOS,0.0,-0.6553312701438107,0.0,,,,,,,,,,,,,,,,,
2025-03-31,300ETF,OOS,0.0,0.23894336231650354,-0.007001779042601292,,,,,,,,,,,,,,,,,
2025-04-01,300ETF,OOS,0.0,-0.35567033899292116,-0.0015052687237623915,,,,,,,,,,,,,,,,,
2025-04-02,300ETF,OOS,0.0,0.024686678089713854,-0.0035167079699667545,,,,,,,,,,,,,,,,,
2025-04-03,300ETF,OOS,0.0,0.06787435043553688,-0.0032815882030091817,,,,,,,,,,,,,,,,,
2025-04-07,300ETF,OOS,0.0,-1.3482629951977552,-0.022436405397335234,,,,,,,,,,,,,,,,,
2025-04-08,300ETF,OOS,0.0,0.5409065232092196,0.00026994196411733067,,,,,,,,,,,,,,,,,
2025-04-09,300ETF,OOS,0.0,-0.6784655840558466,0.018732150619905217,,,,,,,,,,,,,,,,,
2025-04-10,300ETF,OOS,0.0,-0.7768520783485814,-0.0033893918512074264,,,,,,,,,,,,,,,,,
2025-04-11,300ETF,OOS,0.0,-0.5673618538675388,0.007056085724208799,,,,,,,,,,,,,,,,,
2025-04-14,300ETF,OOS,0.0,-0.6983634816765814,-0.0020746895408603554,,,,,,,,,,,,,,,,,
2025-04-15,300ETF,OOS,0.0,-1.168272824366017,0.002870191141942909,,,,,,,,,,,,,,,,,
2025-04-16,300ETF,OOS,0.0,-1.1605968522371166,-0.0002611989044497177,,,,,,,,,,,,,,,,,
2025-04-17,300ETF,OOS,0.0,-0.168201157305532,0.0005184033293909974,,,,,,,,,,,,,,,,,
2025-04-18,300ETF,OOS,0.0,-0.47416531928938876,0.0015556134845647852,,,,,,,,,,,,,,,,,
2025-04-21,300ETF,OOS,0.0,0.8106395100134679,0.0007732955663091387,,,,,,,,,,,,,,,,,
2025-04-22,300ETF,OOS,0.0,0.3980227396341162,0.0,,,,,,,,,,,,,,,,,
2025-04-23,300ETF,OOS,0.0,-0.7464588531716768,0.0007726980423091776,,,,,,,,,,,,,,,,,
2025-04-24,300ETF,OOS,0.0,0.4867068842151395,-0.002315113574228387,,,,,,,,,,,,,,,,,
2025-04-25,300ETF,OOS,0.0,-0.12899156868206446,-0.0007721014410077093,,,,,,,,,,,,,,,,,
2025-04-28,300ETF,OOS,0.0,-1.1520058493544325,0.0018076183101438778,,,,,,,,,,,,,,,,,
2025-04-29,300ETF,OOS,0.0,-0.6311370181434677,-0.0005167958771350419,,,,,,,,,,,,,,,,,
2025-04-30,300ETF,OOS,0.0,0.05097460317338925,-0.00025843132331444606,,,,,,,,,,,,,,,,,
2025-05-06,300ETF,OOS,0.0,-0.8728757559871563,0.001283203050452214,,,,,,,,,,,,,,,,,
2025-05-07,300ETF,OOS,0.0,-1.057833892147732,-0.002805766411502913,,,,,,,,,,,,,,,,,
2025-05-08,300ETF,OOS,0.0,1.0877495354160436,-0.0005059448628038228,,,,,,,,,,,,,,,,,
2025-05-09,300ETF,OOS,0.0,-0.48837420610273735,-0.000506842382872605,,,,,,,,,,,,,,,,,
2025-05-12,300ETF,OOS,0.0,-0.16190696895285672,0.0027655580165810937,,,,,,,,,,,,,,,,,
2025-05-13,300ETF,OOS,0.0,-1.0917824255431794,-0.0010002501459116663,,,,,,,,,,,,,,,,,
2025-05-14,300ETF,OOS,0.0,-0.19499061982692947,0.010450455894850412,,,,,,,,,,,,,,,,,
2025-05-15,300ETF,OOS,0.0,-0.4990651766249625,-0.001992032531240541,,,,,,,,,,,,,,,,,
2025-05-16,300ETF,OOS,0.0,-0.40348127704306896,-0.004510155477886019,,,,,,,,,,,,,,,,,
2025-05-19,300ETF,OOS,0.0,-0.58780684949684,0.003522902485987067,,,,,,,,,,,,,,,,,
2025-05-20,300ETF,OOS,0.0,0.18308653490540064,0.004254793053756046,,,,,,,,,,,,,,,,,
2025-05-21,300ETF,OOS,0.0,1.0011691004266552,0.0012448650929177236,,,,,,,,,,,,,,,,,
2025-05-22,300ETF,OOS,0.0,-0.750121848294682,0.000746361522394339,,,,,,,,,,,,,,,,,
2025-05-23,300ETF,OOS,0.0,0.7287050586403558,-0.009478743954543659,,,,,,,,,,,,,,,,,
2025-05-26,300ETF,OOS,0.0,-0.38270425419001974,-0.004784095741820857,,,,,,,,,,,,,,,,,
2025-05-27,300ETF,OOS,0.0,0.08073085589767898,-0.0037941110393559293,,,,,,,,,,,,,,,,,
2025-05-28,300ETF,OOS,0.0,0.1237122421263539,-0.002532288008036256,,,,,,,,,,,,,,,,,
2025-05-29,300ETF,OOS,0.0,0.22985662281176877,0.0007565250644516562,,,,,,,,,,,,,,,,,
2025-05-30,300ETF,OOS,0.0,-0.1320571794098751,0.004305439093444808,,,,,,,,,,,,,,,,,
2025-06-03,300ETF,OOS,0.0,0.44926594436244316,0.0007572889419087576,,,,,,,,,,,,,,,,,
2025-06-04,300ETF,OOS,0.0,0.7765394575318724,-0.00025160397667007254,,,,,,,,,,,,,,,,,
2025-06-05,300ETF,OOS,0.0,-0.5932741660073501,0.003771217543079324,,,,,,,,,,,,,,,,,
2025-06-06,300ETF,OOS,0.0,-0.22281482916647466,-0.0002510985575026081,,,,,,,,,,,,,,,,,
2025-06-09,300ETF,OOS,0.0,-0.07525202199278049,-0.0010007506464432742,,,,,,,,,,,,,,,,,
2025-06-10,300ETF,OOS,0.0,0.005184697278486382,-0.006772884287428762,,,,,,,,,,,,,,,,,
2025-06-11,300ETF,OOS,0.9250741518522588,1.7766104613593032,-0.0029902838130566726,-0.0029902838130566726,-0.0014940241822843882,-0.003989035456627465,-0.0029902838130566726,-0.0029902838130566726,-0.0014940241822843882,-0.003989035456627465,0.0014962596307721223,0.0,-0.0014962596307722844,0.0009987516435707926,0.000383469943897176,0.0004565859944562636,1305,0.0014962596307722844,False,-1.0
2025-06-12,300ETF,OOS,0.0,-0.4936031825540996,0.0025000013020844273,,,,,,,,,,,,,,,,,
2025-06-13,300ETF,OOS,0.0,-0.08017269346695904,-0.00175724910287168,,,,,,,,,,,,,,,,,
2025-06-16,300ETF,OOS,0.0,0.0019333770917468918,0.002006521867089744,,,,,,,,,,,,,,,,,
2025-06-17,300ETF,OOS,0.0,0.05979321895779387,-0.002757930794116346,,,,,,,,,,,,,,,,,
2025-06-18,300ETF,OOS,0.0,0.3266201081959105,0.0012822158443473591,,,,,,,,,,,,,,,,,
2025-06-19,300ETF,OOS,0.0,-0.6092179870193359,-0.007473298536572368,,,,,,,,,,,,,,,,,
2025-06-20,300ETF,OOS,0.0,0.7853084800360055,-0.0020623879442199277,,,,,,,,,,,,,,,,,
2025-06-23,300ETF,OOS,0.0,-0.22959591253357436,0.006179216365958118,,,,,,,,,,,,,,,,,
2025-06-24,300ETF,OOS,0.5121835154641206,1.5468298279256043,0.0005085176819472895,0.0010172940856973582,0.0015255533088369701,0.00025442055855326684,0.0010172940856973582,0.0010172940856973582,0.0015255533088369701,0.00025442055855326684,0.0005082592231396135,0.0,-0.0005082592231396119,0.0007628735271440915,0.00046965277504928244,0.0006606078832867427,1305,0.0005082592231396119,False,-1.0
2025-06-25,300ETF,OOS,0.0,0.3394951873203785,0.012090827393199843,,,,,,,,,,,,,,,,,
2025-06-26,300ETF,OOS,0.0,-0.07225762321445289,-0.00225422762959453,,,,,,,,,,,,,,,,,
2025-06-27,300ETF,OOS,0.0,0.12316808617448091,-0.01005033585350145,,,,,,,,,,,,,,,,,
2025-06-30,300ETF,OOS,0.0,0.37345861770215305,0.0032708545955536963,,,,,,,,,,,,,,,,,
2025-07-01,300ETF,OOS,0.0,-0.67462204732288,0.0020095460166247646,,,,,,,,,,,,,,,,,
2025-07-02,300ETF,OOS,0.0,-0.6070044010081127,0.0022581868835921063,,,,,,,,,,,,,,,,,
2025-07-03,300ETF,OOS,0.0,0.4220107523473912,0.0029925209364539294,,,,,,,,,,,,,,,,,
2025-07-04,300ETF,OOS,0.0,-0.4927531660930742,0.0032342359328200202,,,,,,,,,,,,,,,,,
2025-07-07,300ETF,OOS,0.0,-0.819596769513611,0.0004982561139451788,,,,,,,,,,,,,,,,,
2025-07-08,300ETF,OOS,0.0,0.6579803489611034,0.005690971687579748,,,,,,,,,,,,,,,,,
2025-07-09,300ETF,OOS,0.0,0.3520808116143652,-0.0002468221658833344,,,,,,,,,,,,,,,,,
2025-07-10,300ETF,OOS,0.0,0.2563459387037575,0.0044367832209905,,,,,,,,,,,,,,,,,
2025-07-11,300ETF,OOS,0.0,0.4083629613118274,0.0017108644036293876,,,,,,,,,,,,,,,,,
2025-07-14,300ETF,OOS,0.0,0.36030010891901754,0.0009794320077774177,,,,,,,,,,,,,,,,,
2025-07-15,300ETF,OOS,0.0,0.944318893271614,-0.0039119854290549615,,,,,,,,,,,,,,,,,
2025-07-16,300ETF,OOS,0.0,-0.2982598000164355,-0.005147701035157484,,,,,,,,,,,,,,,,,
2025-07-17,300ETF,OOS,0.0,0.8073365573193456,0.003911985429054909,,,,,,,,,,,,,,,,,
2025-07-18,300ETF,OOS,0.0,0.9420187230025577,-0.0016967644356858146,,,,,,,,,,,,,,,,,
2025-07-21,300ETF,OOS,0.0,0.08635211540064279,0.0026490081715768625,,,,,,,,,,,,,,,,,
2025-07-22,300ETF,OOS,0.0,0.25785818590894777,0.009101859242747267,,,,,,,,,,,,,,,,,
2025-07-23,300ETF,OOS,0.0,0.363811846971308,-0.003566761598438214,,,,,,,,,,,,,,,,,
2025-07-24,300ETF,OOS,0.0,0.3537849499431595,0.0059319191618443365,,,,,,,,,,,,,,,,,
2025-07-25,300ETF,OOS,0.0,-0.4448534283785637,-0.002137006630677427,,,,,,,,,,,,,,,,,
2025-07-28,300ETF,OOS,0.0,-0.5280013776727497,-0.0007123353025894057,,,,,,,,,,,,,,,,,
2025-07-29,300ETF,OOS,0.0,0.39602839774532866,0.007835728088821584,,,,,,,,,,,,,,,,,
2025-07-30,300ETF,OOS,0.0,0.23236891583204394,-0.0018876834298172823,,,,,,,,,,,,,,,,,
2025-07-31,300ETF,OOS,0.0,-1.018385894500417,-0.00888894741724604,,,,,,,,,,,,,,,,,
2025-08-01,300ETF,OOS,0.0,0.4171519005355913,-0.005310174196528508,,,,,,,,,,,,,,,,,
2025-08-04,300ETF,OOS,0.0,0.4106229118457423,0.0026560440581162104,,,,,,,,,,,,,,,,,
2025-08-05,300ETF,OOS,0.0,-0.0008382136438405427,0.005517586266164485,,,,,,,,,,,,,,,,,
2025-08-06,300ETF,OOS,0.0,0.19023848166099627,0.002387205717106407,,,,,,,,,,,,,,,,,
2025-08-07,300ETF,OOS,0.0,0.3081377043065236,-0.0004765308643906984,,,,,,,,,,,,,,,,,
2025-08-08,300ETF,OOS,0.0,-0.5453557326217378,0.0019129608894338486,,,,,,,,,,,,,,,,,
2025-08-11,300ETF,OOS,0.0,-0.301710100962634,0.0016648832481638532,,,,,,,,,,,,,,,,,
2025-08-12,300ETF,OOS,0.0,0.5770989417548358,0.0007103113830081884,,,,,,,,,,,,,,,,,
2025-08-13,300ETF,OOS,0.0,0.6624229168306056,0.00188457064022088,,,,,,,,,,,,,,,,,
2025-08-14,300ETF,OOS,0.0,1.220103971888417,-0.0028057067739046307,,,,,,,,,,,,,,,,,
2025-08-15,300ETF,OOS,0.0,0.22168081116557853,0.004679465721958719,,,,,,,,,,,,,,,,,
2025-08-18,300ETF,OOS,0.0,-0.17792094039303208,0.0034734317658693574,,,,,,,,,,,,,,,,,
2025-08-19,300ETF,OOS,0.0,1.1314626708949855,-0.005091425023087822,,,,,,,,,,,,,,,,,
2025-08-20,300ETF,OOS,0.0,0.04177291632456552,0.007393749024938192,,,,,,,,,,,,,,,,,
2025-08-21,300ETF,OOS,0.0,0.7797264892153073,0.00045861041849434966,,,,,,,,,,,,,,,,,
2025-08-22,300ETF,OOS,0.0,1.2376493473461334,0.014430915596364908,,,,,,,,,,,,,,,,,
2025-08-25,300ETF,OOS,0.0,1.469039871701392,0.007065606784577971,,,,,,,,,,,,,,,,,
2025-08-26,300ETF,OOS,0.0,-0.6501958954899911,0.0026367846523034154,,,,,,,,,,,,,,,,,
2025-08-27,300ETF,OOS,0.0,0.527391111592415,-0.003750693861940084,,,,,,,,,,,,,,,,,
2025-08-28,300ETF,OOS,0.0,0.9929735598019379,0.010664397893061011,,,,,,,,,,,,,,,,,
2025-08-29,300ETF,OOS,0.0,1.047836865484895,0.002180074985961405,,,,,,,,,,,,,,,,,
2025-09-01,300ETF,OOS,0.0,-0.6053458653550527,0.005865119452398058,,,,,,,,,,,,,,,,,
2025-09-02,300ETF,OOS,0.0,0.9384395862244347,-0.008701381853346868,,,,,,,,,,,,,,,,,
2025-09-03,300ETF,OOS,0.0,-0.18499536354181767,-0.003286233650818647,,,,,,,,,,,,,,,,,
2025-09-04,300ETF,OOS,0.0,-0.49903865989014207,-0.018604145229827868,,,,,,,,,,,,,,,,,
2025-09-05,300ETF,OOS,0.0,0.16020176860683183,0.01483805320913189,,,,,,,,,,,,,,,,,
2025-09-08,300ETF,OOS,0.0,0.5970017464739841,0.001314636473298488,,,,,,,,,,,,,,,,,
2025-09-09,300ETF,OOS,0.0,0.11694837171411118,-0.009910883899453906,,,,,,,,,,,,,,,,,
2025-09-10,300ETF,OOS,0.0,0.6386037283340288,0.0011012004196161366,,,,,,,,,,,,,,,,,
2025-09-11,300ETF,OOS,0.0,0.23087497864848536,0.020453280449917555,,,,,,,,,,,,,,,,,
2025-09-12,300ETF,OOS,0.0,0.5450812731989241,-0.0060358018981228325,,,,,,,,,,,,,,,,,
2025-09-15,300ETF,OOS,0.0,0.47319496499532393,-0.001294219335095376,,,,,,,,,,,,,,,,,
2025-09-16,300ETF,OOS,0.0,0.17861356837662776,-0.0030309614024349465,,,,,,,,,,,,,,,,,
2025-09-17,300ETF,OOS,0.0,0.230021202253162,0.005182477589316242,,,,,,,,,,,,,,,,,
2025-09-18,300ETF,OOS,0.0,-0.5042219492348384,-0.013655788234498048,,,,,,,,,,,,,,,,,
2025-09-19,300ETF,OOS,0.0,0.5349175080734412,0.002821488578230371,,,,,,,,,,,,,,,,,
2025-09-22,300ETF,OOS,0.0,-0.8082721772988551,0.006303683519102734,,,,,,,,,,,,,,,,,
2025-09-23,300ETF,OOS,0.0,0.13564585542327848,-0.008239422154958534,,,,,,,,,,,,,,,,,
2025-09-24,300ETF,OOS,0.0,0.5445465256824713,0.004742410267834805,,,,,,,,,,,,,,,,,
2025-09-25,300ETF,OOS,0.0,0.18416817869201432,0.010031030647851984,,,,,,,,,,,,,,,,,
2025-09-26,300ETF,OOS,0.0,0.15620592331566283,-0.005567466201164503,,,,,,,,,,,,,,,,,
2025-09-29,300ETF,OOS,0.0,-0.01332675804043045,0.01515018842136141,,,,,,,,,,,,,,,,,
2025-09-30,300ETF,OOS,0.0,0.47357950174976476,0.0006324444186774393,,,,,,,,,,,,,,,,,
2025-10-09,300ETF,OOS,0.0,0.2751231352867156,0.010646170900354421,,,,,,,,,,,,,,,,,
2025-10-10,300ETF,OOS,0.0,-0.8635098253283231,-0.010323487870648674,,,,,,,,,,,,,,,,,
2025-10-13,300ETF,OOS,0.0,-0.5046376906780319,0.011125489166402904,,,,,,,,,,,,,,,,,
2025-10-14,300ETF,OOS,0.0,0.09989701876948019,-0.018799955536382328,,,,,,,,,,,,,,,,,
2025-10-15,300ETF,OOS,0.0,-0.43450664780271864,0.010688430100399582,,,,,,,,,,,,,,,,,
2025-10-16,300ETF,OOS,0.0,0.9233700236863748,-0.0014825799602227248,,,,,,,,,,,,,,,,,
2025-10-17,300ETF,OOS,0.0,-0.29340296003033894,-0.010762049631841637,,,,,,,,,,,,,,,,,
2025-10-20,300ETF,OOS,0.0,-0.2910462341192944,-0.007105208059173587,,,,,,,,,,,,,,,,,
2025-10-21,300ETF,OOS,0.0,0.768192785055371,0.004468567920877035,,,,,,,,,,,,,,,,,
2025-10-22,300ETF,OOS,0.0,-0.4420910665586937,0.0019175461292718545,,,,,,,,,,,,,,,,,
2025-10-23,300ETF,OOS,0.0,-0.06200990733896012,0.009403788041753179,,,,,,,,,,,,,,,,,
2025-10-24,300ETF,OOS,0.0,1.0378277394231408,0.005894753911349232,,,,,,,,,,,,,,,,,
2025-10-27,300ETF,OOS,0.0,0.20616172571919442,0.0016597514183644708,,,,,,,,,,,,,,,,,
2025-10-28,300ETF,OOS,0.0,-0.5428606227019291,-0.0022852404252893042,,,,,,,,,,,,,,,,,
2025-10-29,300ETF,OOS,0.0,0.5091434208361721,0.006821731880924479,,,,,,,,,,,,,,,,,
2025-10-30,300ETF,OOS,0.0,0.16157764296529964,-0.00371747640013242,,,,,,,,,,,,,,,,,
2025-10-31,300ETF,OOS,0.0,-0.8695785552423931,-0.0073214425987795755,,,,,,,,,,,,,,,,,
2025-11-03,300ETF,OOS,0.0,-0.4806988068502861,0.00717302653616435,,,,,,,,,,,,,,,,,
2025-11-04,300ETF,OOS,0.0,0.358403771661232,-0.00865989148341418,,,,,,,,,,,,,,,,,
2025-11-05,300ETF,OOS,0.0,-0.8606182960693554,0.010806334633059354,,,,,,,,,,,,,,,,,
2025-11-06,300ETF,OOS,0.0,1.3247717277730706,0.0058504136781755605,,,,,,,,,,,,,,,,,
2025-11-07,300ETF,OOS,0.0,-0.38715991674570155,0.0008343763521195829,,,,,,,,,,,,,,,,,
2025-11-10,300ETF,OOS,0.0,-0.46027072925231916,0.006891538186586027,,,,,,,,,,,,,,,,,
2025-11-11,300ETF,OOS,0.0,-0.6511721184148662,-0.006272234654454298,,,,,,,,,,,,,,,,,
2025-11-12,300ETF,OOS,0.0,-0.16140955866856996,-0.0010485478574195739,,,,,,,,,,,,,,,,,
2025-11-13,300ETF,OOS,0.0,0.38927817690813327,0.007096669316268002,,,,,,,,,,,,,,,,,
2025-11-14,300ETF,OOS,0.0,-0.5281632699841816,-0.0033500868852819744,,,,,,,,,,,,,,,,,
2025-11-17,300ETF,OOS,0.0,-0.19274598970237602,0.00042507970884506893,,,,,,,,,,,,,,,,,
2025-11-18,300ETF,OOS,0.0,0.26587383688833083,-0.003204103990783014,,,,,,,,,,,,,,,,,
2025-11-19,300ETF,OOS,0.0,0.918469653007616,0.0021263031613091288,,,,,,,,,,,,,,,,,
2025-11-20,300ETF,OOS,0.0,-0.5068683816616165,-0.005745307855989891,,,,,,,,,,,,,,,,,
2025-11-21,300ETF,OOS,0.0,-1.1154907501327302,-0.007611214301193244,,,,,,,,,,,,,,,,,
2025-11-24,300ETF,OOS,0.0,-0.5524290263659495,0.0026286981183029296,,,,,,,,,,,,,,,,,
2025-11-25,300ETF,OOS,0.0,-0.22557489233917524,0.0008707009692441128,,,,,,,,,,,,,,,,,
2025-11-26,300ETF,OOS,0.0,0.29570226173358233,0.0012967367280664074,,,,,,,,,,,,,,,,,
2025-11-27,300ETF,OOS,0.0,1.051639645635688,-0.007957886925694675,,,,,,,,,,,,,,,,,
2025-11-28,300ETF,OOS,0.0,-0.6790128757285728,0.006060624611691175,,,,,,,,,,,,,,,,,
2025-12-01,300ETF,OOS,0.0,0.3345570935640216,0.0034246608813641747,,,,,,,,,,,,,,,,,
2025-12-02,300ETF,OOS,0.0,-0.692083293140054,-0.0038535693159899662,,,,,,,,,,,,,,,,,
2025-12-03,300ETF,OOS,0.0,0.526085000699871,-0.004939342158507807,,,,,,,,,,,,,,,,,
2025-12-04,300ETF,OOS,0.0,0.46070117429258134,0.005601048679897102,,,,,,,,,,,,,,,,,
2025-12-05,300ETF,OOS,0.0,-0.4056995553493286,0.007266541912229945,,,,,,,,,,,,,,,,,
2025-12-08,300ETF,OOS,0.0,0.8361614827092472,0.0057136966361656764,,,,,,,,,,,,,,,,,
2025-12-09,300ETF,OOS,0.0,-0.18061339077640046,-0.006779686985378804,,,,,,,,,,,,,,,,,
2025-12-10,300ETF,OOS,0.0,-1.3478056506655003,0.008536116705932427,,,,,,,,,,,,,,,,,
2025-12-11,300ETF,OOS,0.0,0.5670548565350392,-0.00787657079104523,,,,,,,,,,,,,,,,,
2025-12-12,300ETF,OOS,0.0,-0.8389487399196112,0.006837633477603969,,,,,,,,,,,,,,,,,
2025-12-15,300ETF,OOS,0.0,0.3779550627336409,-0.005761244997723787,,,,,,,,,,,,,,,,,
2025-12-16,300ETF,OOS,0.0,-0.3291505252433944,-0.004103234350034387,,,,,,,,,,,,,,,,,
2025-12-17,300ETF,OOS,0.0,0.9406305117602667,0.0167206467870783,,,,,,,,,,,,,,,,,
2025-12-18,300ETF,OOS,0.0,-0.5670910510712575,-0.0017090369466363764,,,,,,,,,,,,,,,,,
2025-12-19,300ETF,OOS,0.0,-0.7498505899500556,0.0017079423451561158,,,,,,,,,,,,,,,,,
2025-12-22,300ETF,OOS,0.0,0.8045029426984005,0.0,,,,,,,,,,,,,,,,,
2025-12-23,300ETF,OOS,0.0,-0.39962653892078126,-0.0019005390579742256,,,,,,,,,,,,,,,,,
2025-12-24,300ETF,OOS,0.0,-0.5667995547874136,0.0037926720557387547,,,,,,,,,,,,,,,,,
2025-12-25,300ETF,OOS,0.0,0.2390410557666006,0.003992021269537457,,,,,,,,,,,,,,,,,
2025-12-26,300ETF,OOS,0.0,0.6433045789187828,-0.0020907387921090628,,,,,,,,,,,,,,,,,
2025-12-29,300ETF,OOS,0.0,-0.3805579298637507,-0.004407604994691521,,,,,,,,,,,,,,,,,
2025-12-30,300ETF,OOS,0.0,0.44131771412809717,0.0012568078738549244,,,,,,,,,,,,,,,,,
2025-12-31,300ETF,OOS,0.0,-0.6799534505857693,-0.005251561276337795,,,,,,,,,,,,,,,,,
2026-01-05,300ETF,OOS,0.0,1.1858647842537575,0.008503628967063427,,,,,,,,,,,,,,,,,
2026-01-06,300ETF,OOS,0.0,1.3671466627205886,0.006738157193976898,,,,,,,,,,,,,,,,,
2026-01-07,300ETF,OOS,0.0,-0.7109607899931871,-0.005303970002621369,,,,,,,,,,,,,,,,,
2026-01-08,300ETF,OOS,0.0,-0.7317087170298807,-0.005742427592848969,,,,,,,,,,,,,,,,,
2026-01-09,300ETF,OOS,0.0,0.4389461018809045,-0.0016400167677538813,,,,,,,,,,,,,,,,,
2026-01-12,300ETF,OOS,0.0,-1.0705920376547624,0.005311554877896797,,,,,,,,,,,,,,,,,
2026-01-13,300ETF,OOS,0.0,0.7220145590426876,-0.00895042590250771,,,,,,,,,,,,,,,,,
2026-01-14,300ETF,OOS,0.0,1.4319438787478482,-0.013874942034127627,,,,,,,,,,,,,,,,,
2026-01-15,300ETF,OOS,0.0,1.2025257540941594,-0.004510977507963325,,,,,,,,,,,,,,,,,
2026-01-16,300ETF,OOS,0.0,0.675689564525108,-0.0038962419842314667,,,,,,,,,,,,,,,,,
2026-01-19,300ETF,OOS,0.0,0.7854023478905806,-0.004423387939151217,,,,,,,,,,,,,,,,,
2026-01-20,300ETF,OOS,0.0,0.26153504737520655,-0.0004243581646539036,,,,,,,,,,,,,,,,,
2026-01-21,300ETF,OOS,0.0,0.7885640931575382,-0.0029585820397452656,,,,,,,,,,,,,,,,,
2026-01-22,300ETF,OOS,0.0,0.7334320238535926,-0.004226548979892452,,,,,,,,,,,,,,,,,
2026-01-23,300ETF,OOS,0.0,-0.3840006804654949,-0.00848901532491131,,,,,,,,,,,,,,,,,
2026-01-26,300ETF,OOS,0.0,0.04871379381887875,0.004458132848136778,,,,,,,,,,,,,,,,,
2026-01-27,300ETF,OOS,0.0,-0.4997687089024796,0.005102051883895552,,,,,,,,,,,,,,,,,
2026-01-28,300ETF,OOS,0.0,-0.7842980556899591,0.0038046970436638452,,,,,,,,,,,,,,,,,
2026-01-29,300ETF,OOS,0.0,-0.9391560978136672,0.010325663336100015,,,,,,,,,,,,,,,,,
2026-01-30,300ETF,OOS,0.0,-0.42903187641745816,0.001484781267579224,,,,,,,,,,,,,,,,,
2026-02-02,300ETF,OOS,0.0,0.43008188055845853,-0.01950549462425662,,,,,,,,,,,,,,,,,
2026-02-03,300ETF,OOS,0.0,-0.27133811465151003,0.003006875117736201,,,,,,,,,,,,,,,,,
2026-02-04,300ETF,OOS,0.0,-0.038881242316845616,0.009189080579844142,,,,,,,,,,,,,,,,,
2026-02-05,300ETF,OOS,0.0,-0.03616771678615968,0.004918217975404324,,,,,,,,,,,,,,,,,
2026-02-06,300ETF,OOS,0.0,-1.279034884516755,0.005807092348678646,,,,,,,,,,,,,,,,,
2026-02-09,300ETF,OOS,0.0,-0.31995328204926143,0.004032691446271894,,,,,,,,,,,,,,,,,
2026-02-10,300ETF,OOS,0.0,-0.0931633120932045,0.0002114388421029302,,,,,,,,,,,,,,,,,
2026-02-11,300ETF,OOS,0.0,-0.4050717048963902,0.00021170742113592133,,,,,,,,,,,,,,,,,
2026-02-12,300ETF,OOS,0.0,-0.13537796941582148,-0.0008462027160327742,,,,,,,,,,,,,,,,,
2026-02-13,300ETF,OOS,0.0,-0.7242387001926467,-0.005325393350286087,,,,,,,,,,,,,,,,,
2026-02-24,300ETF,OOS,0.0,-0.6775596047964196,0.0012728045842203366,,,,,,,,,,,,,,,,,
2026-02-25,300ETF,OOS,0.0,0.8049770347180061,0.00042202997039142713,,,,,,,,,,,,,,,,,
2026-02-26,300ETF,OOS,0.0,-1.1428021620559492,-0.0006341824544016909,,,,,,,,,,,,,,,,,
2026-02-27,300ETF,OOS,0.0,-0.025323076007952503,-0.0010596588890251638,,,,,,,,,,,,,,,,,
2026-03-02,300ETF,OOS,0.0,0.43799425766506905,0.004865160310326727,,,,,,,,,,,,,,,,,
2026-03-03,300ETF,OOS,0.0,-0.05752622357825788,-0.005543724219161904,,,,,,,,,,,,,,,,,
2026-03-04,300ETF,OOS,0.0,-0.6830938261874129,-0.0038927384796957868,,,,,,,,,,,,,,,,,
2026-03-05,300ETF,OOS,0.0,-0.14491163030508789,0.00021544759320653566,,,,,,,,,,,,,,,,,
2026-03-06,300ETF,OOS,0.0,-0.7637930827041473,0.005807092348678646,,,,,,,,,,,,,,,,,
2026-03-09,300ETF,OOS,-1.0,-2.193399984289489,0.014354313451683122,-0.00415074326132584,-0.007198198819622601,-0.01088623857859464,-0.013697355144905861,-0.00415074326132584,-0.007198198819622601,-0.01088623857859464,-0.003047455558296686,-0.009546611883580022,-0.00649915632528326,-0.002811116566311221,0.0005473456377781507,0.0007122660091707688,1125,0.009546611883580022,False,-1.0
2026-03-10,300ETF,OOS,0.0,0.9294817578617401,0.0017104985996445016,,,,,,,,,,,,,,,,,
2026-03-11,300ETF,OOS,0.0,-0.1511868149688416,0.005745307855989955,,,,,,,,,,,,,,,,,
2026-03-12,300ETF,OOS,0.0,-0.5961327941156941,-0.000851426190217624,,,,,,,,,,,,,,,,,
2026-03-13,300ETF,OOS,0.0,0.6247845010133629,-0.003623578514608255,,,,,,,,,,,,,,,,,
2026-03-16,300ETF,OOS,0.0,-0.9582426112997802,0.004929813863649179,,,,,,,,,,,,,,,,,
2026-03-17,300ETF,OOS,0.0,0.31825470063142547,-0.011523815106934105,,,,,,,,,,,,,,,,,
2026-03-18,300ETF,OOS,0.0,-0.6444872357919517,0.005160192056577258,,,,,,,,,,,,,,,,,
2026-03-19,300ETF,OOS,0.0,-0.40568412760538203,-0.007373705064523556,,,,,,,,,,,,,,,,,
2026-03-20,300ETF,OOS,0.0,0.8945986587007243,-0.006075089198438165,,,,,,,,,,,,,,,,,
2026-03-23,300ETF,OOS,-1.0,-2.0978445777634254,-0.019949109395663356,0.007790801787768334,0.004889985294191681,0.012943720101288542,0.020836420900197578,0.007790801787768334,0.004889985294191681,0.012943720101288542,-0.002900816493576595,0.013045619112429244,0.015946435606005897,0.007892700798909035,0.0007317907542002403,0.0007569775157430317,1435,0.0,False,-1.0
2026-03-24,300ETF,OOS,0.0,-0.4535454030878792,0.011927676011087936,,,,,,,,,,,,,,,,,
2026-03-25,300ETF,OOS,0.0,0.9388451765449712,0.0017640577893274561,,,,,,,,,,,,,,,,,
2026-03-26,300ETF,OOS,0.0,0.025489797189431364,-0.013512222419528678,,,,,,,,,,,,,,,,,
2026-03-27,300ETF,OOS,0.0,-0.07647228290985436,0.007122220180118608,,,,,,,,,,,,,,,,,
2026-03-30,300ETF,OOS,0.0,-0.3489249529623004,0.008487877627712869,,,,,,,,,,,,,,,,,
2026-03-31,300ETF,OOS,0.0,1.0052286997263906,-0.010676257991341644,,,,,,,,,,,,,,,,,
2026-04-01,300ETF,OOS,0.0,-0.09477061242116928,0.005089069507471228,,,,,,,,,,,,,,,,,
2026-04-02,300ETF,OOS,0.0,-0.6068079701657615,-0.007994712801708588,,,,,,,,,,,,,,,,,
2026-04-03,300ETF,OOS,0.0,-0.8607974794383574,-0.005378766889788988,,,,,,,,,,,,,,,,,
2026-04-07,300ETF,OOS,0.0,0.30096538616960816,-0.003593894254589171,,,,,,,,,,,,,,,,,
2026-04-08,300ETF,OOS,1.0,1.865896858785539,0.01159369871154771,0.006803493816750099,0.007459446611670623,0.010078963499220701,0.012474174225175598,0.006803493816750099,0.007459446611670623,0.010078963499220701,0.0006559527949204875,0.005670680408425499,0.005014727613504975,0.002395210725954897,0.000373696453846684,0.00041961084434115055,1435,0.0,False,-1.0
2026-04-09,300ETF,OOS,0.0,-1.0237113242610343,-0.0010932547278894062,,,,,,,,,,,,,,,,,
2026-04-10,300ETF,OOS,0.8176664052562728,1.7391233007177032,0.002581201691245729,-0.001941538739548873,0.0008616975974813635,0.0,0.0032275444908665646,-0.001941538739548873,0.0008616975974813635,0.0,0.0028032363370302043,0.005169083230415437,0.0023658468933852013,0.0032275444908665646,0.0004985418908874257,0.0005543499631604163,1435,0.0,False,-1.0
2026-04-13,300ETF,OOS,0.0,0.23818718646330003,0.0,,,,,,,,,,,,,,,,,
2026-04-14,300ETF,OOS,0.0,-0.1265368636608296,-0.0006401365843260324,,,,,,,,,,,,,,,,,
2026-04-15,300ETF,OOS,0.0,-0.03680366291384408,-0.008281181203550678,,,,,,,,,,,,,,,,,
2026-04-16,300ETF,OOS,0.0,0.6589400660501553,0.0031682358321144482,,,,,,,,,,,,,,,,,
2026-04-17,300ETF,OOS,0.0,-0.27899357607615094,0.0,,,,,,,,,,,,,,,,,
2026-04-20,300ETF,OOS,0.0,0.25371639421629893,-0.002310197394153224,,,,,,,,,,,,,,,,,
2026-04-21,300ETF,OOS,0.0,-0.5556065726405374,0.004828391872349903,,,,,,,,,,,,,,,,,
2026-04-22,300ETF,OOS,0.0,0.5205625038094157,0.006261761223976317,,,,,,,,,,,,,,,,,
2026-04-23,300ETF,OOS,0.0,-0.09995379296859089,-0.003957101904168443,,,,,,,,,,,,,,,,,
2026-04-24,300ETF,OOS,0.0,-0.93534527671355,0.0050188311119427655,,,,,,,,,,,,,,,,,
2026-04-27,300ETF,OOS,0.0,0.3088838170609589,-0.004593869010227505,,,,,,,,,,,,,,,,,
2026-04-28,300ETF,OOS,0.0,-0.018853395293490914,-0.004823329053220284,,,,,,,,,,,,,,,,,
2026-04-29,300ETF,OOS,0.0,0.6709995880660474,0.010008423826839282,,,,,,,,,,,,,,,,,
2026-04-30,300ETF,OOS,0.0,0.33760703623189925,-0.002482931132825763,,,,,,,,,,,,,,,,,
2026-05-06,300ETF,OOS,0.0,0.42257491173920453,-0.0022483402419582084,,,,,,,,,,,,,,,,,
2026-05-07,300ETF,OOS,0.0,-0.6277307339339586,0.005716634596382974,,,,,,,,,,,,,,,,,
2026-05-08,300ETF,OOS,0.0,-0.2773789931232009,-0.003066546407979462,,,,,,,,,,,,,,,,,
2026-05-11,300ETF,OOS,0.0,0.023028060199459955,0.006881225290791664,,,,,,,,,,,,,,,,,
2026-05-12,300ETF,OOS,0.0,-0.5165032006781308,-0.0020145051131868416,,,,,,,,,,,,,,,,,
2026-05-13,300ETF,OOS,0.0,0.10405709814912653,0.014651541573572194,,,,,,,,,,,,,,,,,
2026-05-14,300ETF,OOS,0.0,-0.6073253131315807,-0.0032160831740540427,,,,,,,,,,,,,,,,,
2026-05-15,300ETF,OOS,0.0,-0.7773912896789626,-0.005339918213571198,,,,,,,,,,,,,,,,,
2026-05-18,300ETF,OOS,0.0,-0.3921236140437466,-0.009059151928442375,,,,,,,,,,,,,,,,,
2026-05-19,300ETF,OOS,0.0,-0.8579926562721113,0.009313945008883988,,,,,,,,,,,,,,,,,
2026-05-20,300ETF,OOS,0.0,0.23712187993792952,-0.0016430482234007814,,,,,,,,,,,,,,,,,
2026-05-21,300ETF,OOS,0.8688537557135777,1.7576697033576978,-0.025390389340245074,-0.00731116173012082,-0.00792284489732223,-0.008330841639007942,-0.02458132780743904,-0.00731116173012082,-0.00792284489732223,-0.008330841639007942,-0.000611683167201413,-0.017270166077318218,-0.01665848291011681,-0.016250486168431097,0.000602992423548957,0.0006152430611122781,1125,0.017270166077318218,True,775.0
2026-05-22,300ETF,OOS,0.0,-0.011550524929522904,0.005364155631111186,,,,,,,,,,,,,,,,,
2026-05-25,300ETF,OOS,0.0,0.15878295488527183,0.010407195248535731,,,,,,,,,,,,,,,,,
2026-05-26,300ETF,OOS,0.0,-0.10019140659356161,0.00404367716380948,,,,,,,,,,,,,,,,,
2026-05-27,300ETF,OOS,0.0,0.9122237951356363,-0.005449604767564703,,,,,,,,,,,,,,,,,
2026-05-28,300ETF,OOS,0.0,-1.2811136948335573,0.0138664538284893,,,,,,,,,,,,,,,,,
2026-05-29,300ETF,OOS,0.0,0.19642567426465912,-0.003240181044625684,,,,,,,,,,,,,,,,,
2026-06-01,300ETF,OOS,0.0,-0.355424669169486,-0.010003145573049143,,,,,,,,,,,,,,,,,
2026-06-02,300ETF,OOS,0.0,0.33561691163713125,0.015510515029055968,,,,,,,,,,,,,,,,,
2026-06-03,300ETF,OOS,0.0,0.2837087418696226,-0.008483185593866065,,,,,,,,,,,,,,,,,
2026-06-04,300ETF,OOS,0.0,-0.13208924439420222,-0.006071664068549907,,,,,,,,,,,,,,,,,
2026-06-05,300ETF,OOS,0.0,-0.23038595055740657,-0.019863456396840316,,,,,,,,,,,,,,,,,
2026-06-08,300ETF,OOS,0.0,-0.9964771529614492,-0.008391070841190949,,,,,,,,,,,,,,,,,
2026-06-09,300ETF,OOS,0.0,-0.1555380829733727,0.011266549385958606,,,,,,,,,,,,,,,,,
2026-06-10,300ETF,OOS,0.0,-0.41702305931932454,-0.003129893008927593,,,,,,,,,,,,,,,,,
2026-06-11,300ETF,OOS,0.0,0.42554665725019036,-0.007572606653965196,,,,,,,,,,,,,,,,,
2026-06-12,300ETF,OOS,0.0,0.05208930214573243,0.0006235062033025313,,,,,,,,,,,,,,,,,
2026-06-15,300ETF,OOS,0.0,0.7548134784410129,0.0036817386649201428,,,,,,,,,,,,,,,,,
2026-06-16,300ETF,OOS,0.0,-0.5448126286889873,-0.0006108113800820069,,,,,,,,,,,,,,,,,
2026-06-17,300ETF,OOS,0.0,0.29204657134542455,0.0038590481526139587,,,,,,,,,,,,,,,,,
2026-06-18,300ETF,OOS,0.0,1.0597490684011601,-0.0020052142271378003,,,,,,,,,,,,,,,,,
2026-06-22,300ETF,OOS,0.0,0.4307839737955493,0.01647679955577654,,,,,,,,,,,,,,,,,
2026-06-23,300ETF,OOS,0.0,-0.09169038825795846,-0.02226995436003645,,,,,,,,,,,,,,,,,
2026-06-24,300ETF,OOS,0.0,0.8493058031372236,-0.00020151133569456798,,,,,,,,,,,,,,,,,
2026-06-25,300ETF,OOS,0.0,1.305855702265022,0.006972834308086235,,,,,,,,,,,,,,,,,
2026-06-26,300ETF,OOS,-0.5499262023209106,-1.7947982933272741,-0.013754262138971003,0.016425392091244623,0.011733899549477438,0.00868604592522403,0.012548231842035488,0.016425392091244623,0.011733899549477438,0.00868604592522403,-0.0046914925417672285,-0.0038771602492091353,0.0008143322925580499,0.003862185916811459,0.0009508348559439014,0.000926472577808194,1125,0.0038771602492091353,False,-1.0
2026-06-29,300ETF,OOS,0.0,0.14578278007655424,0.003652601463523201,,,,,,,,,,,,,,,,,
2026-06-30,300ETF,OOS,0.0,0.7074717615468463,0.006608615220356157,,,,,,,,,,,,,,,,,
2026-07-01,300ETF,OOS,0.0,0.33037136008428997,-0.005814552722825758,,,,,,,,,,,,,,,,,
2026-07-02,300ETF,OOS,-1.0,-2.2623541033910586,-0.007782140442054963,0.0006119327064998209,-0.0006115584738561714,0.004291413554387017,0.008190053970044367,0.0006119327064998209,-0.0006115584738561714,0.004291413554387017,-0.0012234911803559866,0.007578121263544546,0.008801612443900538,0.0038986404156573498,0.0006536867216427629,0.0007345375535437052,1435,0.0,False,-1.0
2026-07-03,300ETF,OOS,0.0,0.8037008251024234,0.0028694424279529607,,,,,,,,,,,,,,,,,
2026-07-06,300ETF,OOS,0.0,-0.21015534818471998,-0.0020445723744762253,,,,,,,,,,,,,,,,,
2026-07-07,300ETF,OOS,0.0,-0.23153416700008198,-0.008047087682974933,,,,,,,,,,,,,,,,,
2026-07-08,300ETF,OOS,0.0,-0.597493003757574,0.001453941475362823,,,,,,,,,,,,,,,,,
2026-07-09,300ETF,OOS,0.0,0.36506334325825995,0.01916596534216052,,,,,,,,,,,,,,,,,
2026-07-10,300ETF,OOS,0.0,-0.23525517817100192,-0.016559716039018443,,,,,,,,,,,,,,,,,
2026-07-13,300ETF,OOS,0.0,-0.060057454342728564,-0.01114744954016923,,,,,,,,,,,,,,,,,
2026-07-14,300ETF,OOS,0.0,-0.34572195178192994,0.016501679930934276,,,,,,,,,,,,,,,,,
2026-07-15,300ETF,OOS,0.0,-0.20729852226661585,-0.00371747640013242,,,,,,,,,,,,,,,,,
2026-07-16,300ETF,OOS,0.0,-1.2192569334388683,-0.015293060176054942,,,,,,,,,,,,,,,,,
2026-07-17,300ETF,OOS,-0.798003938120259,-1.9316046391194412,-0.007720390052131799,0.010720514337842551,0.014391828255260255,0.017859538708955805,0.009427967841647523,0.010720514337842551,0.014391828255260255,0.017859538708955805,0.0036713139174176625,-0.001292546496195028,-0.004963860413612731,-0.008431570867308282,0.0010523367020211618,0.0010492411330399098,1330,0.008431570867308282,True,762.0
