date,etf,asset_type,scheme,z_composite,z_th,position,is_trade,trade_return,raw_pnl,fee,net_pnl,cum_pnl
2022-01-04,300ETF,Future (IF88 (CSI 300 Futures)),rank,-0.8023,1.4,-1.0,1,0.00362,-0.00362,0.0008,-0.00442,-0.00442
2022-01-05,300ETF,Future (IF88 (CSI 300 Futures)),rank,-0.5491,1.4,0.0,0,-0.004212,-0.0,0.0008,-0.0008,-0.00522
2022-01-06,300ETF,Future (IF88 (CSI 300 Futures)),rank,-0.4011,1.4,0.0,0,-0.00526,-0.0,0.0,-0.0,-0.00522
2022-01-07,300ETF,Future (IF88 (CSI 300 Futures)),rank,0.9428,1.4,0.0,0,-0.003136,-0.0,0.0,-0.0,-0.00522
2022-01-10,300ETF,Future (IF88 (CSI 300 Futures)),rank,-0.2215,1.4,0.0,0,0.004177,0.0,0.0,0.0,-0.00522
2022-01-11,300ETF,Future (IF88 (CSI 300 Futures)),rank,-0.333,1.4,0.0,0,-0.00605,-0.0,0.0,-0.0,-0.00522
2022-01-12,300ETF,Future (IF88 (CSI 300 Futures)),rank,-0.1984,1.4,0.0,0,0.006447,0.0,0.0,0.0,-0.00522
2022-01-13,300ETF,Future (IF88 (CSI 300 Futures)),rank,-0.7138,1.4,0.0,0,-0.012848,-0.0,0.0,-0.0,-0.00522
2022-01-14,300ETF,Future (IF88 (CSI 300 Futures)),rank,-0.7144,1.4,0.0,0,-0.000928,-0.0,0.0,-0.0,-0.00522
2022-01-17,300ETF,Future (IF88 (CSI 300 Futures)),rank,0.9017,1.4,0.0,0,0.002604,0.0,0.0,0.0,-0.00522
2022-01-18,300ETF,Future (IF88 (CSI 300 Futures)),rank,0.5988,1.4,0.0,0,0.004749,0.0,0.0,0.0,-0.00522
2022-01-19,300ETF,Future (IF88 (CSI 300 Futures)),rank,-0.1302,1.4,0.0,0,-0.004591,-0.0,0.0,-0.0,-0.00522
2022-01-20,300ETF,Future (IF88 (CSI 300 Futures)),rank,1.3048,1.4,0.0,0,0.001037,0.0,0.0,0.0,-0.00522
2022-01-21,300ETF,Future (IF88 (CSI 300 Futures)),rank,-0.8418,1.4,-1.0,1,-0.004243,0.004243,0.0008,0.003443,-0.001778
2022-01-24,300ETF,Future (IF88 (CSI 300 Futures)),rank,0.0644,1.4,0.0,0,0.003174,0.0,0.0008,-0.0008,-0.002578
2022-01-25,300ETF,Future (IF88 (CSI 300 Futures)),rank,-0.2443,1.4,0.0,0,-0.014499,-0.0,0.0,-0.0,-0.002578
2022-01-26,300ETF,Future (IF88 (CSI 300 Futures)),rank,0.6468,1.4,0.0,0,0.002291,0.0,0.0,0.0,-0.002578
2022-01-27,300ETF,Future (IF88 (CSI 300 Futures)),rank,-0.6243,1.4,0.0,0,-0.013897,-0.0,0.0,-0.0,-0.002578
2022-01-28,300ETF,Future (IF88 (CSI 300 Futures)),rank,0.2551,1.4,0.0,0,-0.007697,-0.0,0.0,-0.0,-0.002578
2022-02-07,300ETF,Future (IF88 (CSI 300 Futures)),rank,1.4259,1.4,1.0,1,-0.001858,-0.001858,0.0008,-0.002658,-0.005235
2022-02-08,300ETF,Future (IF88 (CSI 300 Futures)),rank,-0.9342,1.4,-1.0,1,-0.000478,0.000478,0.0016,-0.001122,-0.006357
2022-02-09,300ETF,Future (IF88 (CSI 300 Futures)),rank,0.0802,1.4,0.0,0,0.011712,0.0,0.0008,-0.0008,-0.007157
2022-02-10,300ETF,Future (IF88 (CSI 300 Futures)),rank,-0.8962,1.4,-1.0,1,0.000821,-0.000821,0.0008,-0.001621,-0.008777
2022-02-11,300ETF,Future (IF88 (CSI 300 Futures)),rank,0.7517,1.4,0.0,0,-0.010146,-0.0,0.0008,-0.0008,-0.009577
2022-02-14,300ETF,Future (IF88 (CSI 300 Futures)),rank,-0.316,1.4,0.0,0,-0.012,-0.0,0.0,-0.0,-0.009577
2022-02-15,300ETF,Future (IF88 (CSI 300 Futures)),rank,0.4876,1.4,0.0,0,0.001529,0.0,0.0,0.0,-0.009577
2022-02-16,300ETF,Future (IF88 (CSI 300 Futures)),rank,-0.0003,1.4,0.0,0,-0.003377,-0.0,0.0,-0.0,-0.009577
2022-02-17,300ETF,Future (IF88 (CSI 300 Futures)),rank,-0.3148,1.4,0.0,0,-0.001124,-0.0,0.0,-0.0,-0.009577
2022-02-18,300ETF,Future (IF88 (CSI 300 Futures)),rank,-0.1651,1.4,0.0,0,0.004883,0.0,0.0,0.0,-0.009577
2022-02-21,300ETF,Future (IF88 (CSI 300 Futures)),rank,-0.6831,1.4,0.0,0,0.00013,0.0,0.0,0.0,-0.009577
2022-02-22,300ETF,Future (IF88 (CSI 300 Futures)),rank,-1.1695,1.4,-1.0,1,0.002811,-0.002811,0.0008,-0.003611,-0.013189
2022-02-23,300ETF,Future (IF88 (CSI 300 Futures)),rank,0.4381,1.4,0.0,0,0.006788,0.0,0.0008,-0.0008,-0.013989
2022-02-24,300ETF,Future (IF88 (CSI 300 Futures)),rank,-0.4944,1.4,0.0,0,-0.01706,-0.0,0.0,-0.0,-0.013989
2022-02-25,300ETF,Future (IF88 (CSI 300 Futures)),rank,1.2553,1.4,0.0,0,-0.009502,-0.0,0.0,-0.0,-0.013989
2022-02-28,300ETF,Future (IF88 (CSI 300 Futures)),rank,-0.1826,1.4,0.0,0,0.004262,0.0,0.0,0.0,-0.013989
2022-03-01,300ETF,Future (IF88 (CSI 300 Futures)),rank,0.4738,1.4,0.0,0,0.003559,0.0,0.0,0.0,-0.013989
2022-03-02,300ETF,Future (IF88 (CSI 300 Futures)),rank,-1.0046,1.4,-1.0,1,0.003148,-0.003148,0.0008,-0.003948,-0.017937
2022-03-03,300ETF,Future (IF88 (CSI 300 Futures)),rank,-0.3661,1.4,0.0,0,-0.004653,-0.0,0.0008,-0.0008,-0.018737
2022-03-04,300ETF,Future (IF88 (CSI 300 Futures)),rank,-1.0999,1.4,-1.0,1,-0.004494,0.004494,0.0008,0.003694,-0.015043
2022-03-07,300ETF,Future (IF88 (CSI 300 Futures)),rank,-1.2847,1.4,-1.0,1,-0.010623,0.010623,0.0,0.010623,-0.00442
2022-03-08,300ETF,Future (IF88 (CSI 300 Futures)),rank,0.5177,1.4,0.0,0,-0.01832,-0.0,0.0008,-0.0008,-0.00522
2022-03-09,300ETF,Future (IF88 (CSI 300 Futures)),rank,0.0964,1.4,0.0,0,-0.019109,-0.0,0.0,-0.0,-0.00522
2022-03-10,300ETF,Future (IF88 (CSI 300 Futures)),rank,0.1259,1.4,0.0,0,-0.002617,-0.0,0.0,-0.0,-0.00522
2022-03-11,300ETF,Future (IF88 (CSI 300 Futures)),rank,-1.0445,1.4,-1.0,1,0.01698,-0.01698,0.0008,-0.01778,-0.023
2022-03-14,300ETF,Future (IF88 (CSI 300 Futures)),rank,-0.7811,1.4,0.0,0,-0.018591,-0.0,0.0008,-0.0008,-0.0238
2022-03-15,300ETF,Future (IF88 (CSI 300 Futures)),rank,-1.676,1.4,-1.0,1,-0.013969,0.013969,0.0008,0.013169,-0.010631
2022-03-16,300ETF,Future (IF88 (CSI 300 Futures)),rank,-0.1932,1.4,0.0,0,0.031527,0.0,0.0008,-0.0008,-0.011431
2022-03-17,300ETF,Future (IF88 (CSI 300 Futures)),rank,0.8259,1.4,0.0,0,0.006999,0.0,0.0,0.0,-0.011431
2022-03-18,300ETF,Future (IF88 (CSI 300 Futures)),rank,-0.1598,1.4,0.0,0,0.0102,0.0,0.0,0.0,-0.011431
2022-03-21,300ETF,Future (IF88 (CSI 300 Futures)),rank,-0.6234,1.4,0.0,0,-0.005356,-0.0,0.0,-0.0,-0.011431
2022-03-22,300ETF,Future (IF88 (CSI 300 Futures)),rank,0.1452,1.4,0.0,0,-0.003178,-0.0,0.0,-0.0,-0.011431
2022-03-23,300ETF,Future (IF88 (CSI 300 Futures)),rank,-0.8317,1.4,-1.0,1,0.005386,-0.005386,0.0008,-0.006186,-0.017617
2022-03-24,300ETF,Future (IF88 (CSI 300 Futures)),rank,-0.8889,1.4,-1.0,1,0.006069,-0.006069,0.0,-0.006069,-0.023686
2022-03-25,300ETF,Future (IF88 (CSI 300 Futures)),rank,-0.1785,1.4,0.0,0,-0.018087,-0.0,0.0008,-0.0008,-0.024486
2022-03-28,300ETF,Future (IF88 (CSI 300 Futures)),rank,-1.1588,1.4,-1.0,1,0.009316,-0.009316,0.0008,-0.010116,-0.034602
2022-03-29,300ETF,Future (IF88 (CSI 300 Futures)),rank,0.6656,1.4,0.0,0,-0.00943,-0.0,0.0008,-0.0008,-0.035402
2022-03-30,300ETF,Future (IF88 (CSI 300 Futures)),rank,1.143,1.4,0.0,0,0.015734,0.0,0.0,0.0,-0.035402
2022-03-31,300ETF,Future (IF88 (CSI 300 Futures)),rank,-0.4401,1.4,0.0,0,-0.00019,-0.0,0.0,-0.0,-0.035402
2022-04-01,300ETF,Future (IF88 (CSI 300 Futures)),rank,0.2414,1.4,0.0,0,0.010988,0.0,0.0,0.0,-0.035402
2022-04-06,300ETF,Future (IF88 (CSI 300 Futures)),rank,-0.1483,1.4,0.0,0,-0.005048,-0.0,0.0,-0.0,-0.035402
2022-04-07,300ETF,Future (IF88 (CSI 300 Futures)),rank,0.581,1.4,0.0,0,-0.009238,-0.0,0.0,-0.0,-0.035402
2022-04-08,300ETF,Future (IF88 (CSI 300 Futures)),rank,0.1659,1.4,0.0,0,0.003515,0.0,0.0,0.0,-0.035402
2022-04-11,300ETF,Future (IF88 (CSI 300 Futures)),rank,-1.2733,1.4,-1.0,1,-0.011933,0.011933,0.0008,0.011133,-0.024269
2022-04-12,300ETF,Future (IF88 (CSI 300 Futures)),rank,0.37,1.4,0.0,0,0.014474,0.0,0.0008,-0.0008,-0.025069
2022-04-13,300ETF,Future (IF88 (CSI 300 Futures)),rank,-0.7705,1.4,0.0,0,0.001346,0.0,0.0,0.0,-0.025069
2022-04-14,300ETF,Future (IF88 (CSI 300 Futures)),rank,-0.09,1.4,0.0,0,0.007601,0.0,0.0,0.0,-0.025069
2022-04-15,300ETF,Future (IF88 (CSI 300 Futures)),rank,-0.2907,1.4,0.0,0,0.002778,0.0,0.0,0.0,-0.025069
2022-04-18,300ETF,Future (IF88 (CSI 300 Futures)),rank,-1.2087,1.4,-1.0,1,0.000676,-0.000676,0.0008,-0.001476,-0.026545
2022-04-19,300ETF,Future (IF88 (CSI 300 Futures)),rank,0.475,1.4,0.0,0,-0.007211,-0.0,0.0008,-0.0008,-0.027345
2022-04-20,300ETF,Future (IF88 (CSI 300 Futures)),rank,-0.8005,1.4,-1.0,1,-0.006677,0.006677,0.0008,0.005877,-0.021468
2022-04-21,300ETF,Future (IF88 (CSI 300 Futures)),rank,0.5699,1.4,0.0,0,-0.016735,-0.0,0.0008,-0.0008,-0.022268
2022-04-22,300ETF,Future (IF88 (CSI 300 Futures)),rank,0.1936,1.4,0.0,0,0.004801,0.0,0.0,0.0,-0.022268
2022-04-25,300ETF,Future (IF88 (CSI 300 Futures)),rank,-1.1977,1.4,-1.0,1,-0.021402,0.021402,0.0008,0.020602,-0.001666
2022-04-26,300ETF,Future (IF88 (CSI 300 Futures)),rank,0.2518,1.4,0.0,0,-0.001949,-0.0,0.0008,-0.0008,-0.002466
2022-04-27,300ETF,Future (IF88 (CSI 300 Futures)),rank,1.5577,1.4,1.0,1,0.015999,0.015999,0.0008,0.015199,0.012733
2022-04-28,300ETF,Future (IF88 (CSI 300 Futures)),rank,0.1418,1.4,0.0,0,0.004729,0.0,0.0008,-0.0008,0.011933
2022-04-29,300ETF,Future (IF88 (CSI 300 Futures)),rank,-0.262,1.4,0.0,0,0.026209,0.0,0.0,0.0,0.011933
2022-05-05,300ETF,Future (IF88 (CSI 300 Futures)),rank,-0.1359,1.4,0.0,0,-0.000901,-0.0,0.0,-0.0,0.011933
2022-05-06,300ETF,Future (IF88 (CSI 300 Futures)),rank,-1.5022,1.4,-1.0,1,-0.008445,0.008445,0.0008,0.007645,0.019578
2022-05-09,300ETF,Future (IF88 (CSI 300 Futures)),rank,0.2477,1.4,0.0,0,-0.010616,-0.0,0.0008,-0.0008,0.018778
2022-05-10,300ETF,Future (IF88 (CSI 300 Futures)),rank,-0.3979,1.4,0.0,0,0.021306,0.0,0.0,0.0,0.018778
2022-05-11,300ETF,Future (IF88 (CSI 300 Futures)),rank,1.4021,1.4,1.0,1,0.008236,0.008236,0.0008,0.007436,0.026214
2022-05-12,300ETF,Future (IF88 (CSI 300 Futures)),rank,-0.1149,1.4,0.0,0,0.001674,0.0,0.0008,-0.0008,0.025414
2022-05-13,300ETF,Future (IF88 (CSI 300 Futures)),rank,0.2963,1.4,0.0,0,-0.004325,-0.0,0.0,-0.0,0.025414
2022-05-16,300ETF,Future (IF88 (CSI 300 Futures)),rank,-0.2842,1.4,0.0,0,-0.007358,-0.0,0.0,-0.0,0.025414
2022-05-17,300ETF,Future (IF88 (CSI 300 Futures)),rank,0.5421,1.4,0.0,0,0.006471,0.0,0.0,0.0,0.025414
2022-05-18,300ETF,Future (IF88 (CSI 300 Futures)),rank,-0.9299,1.4,-1.0,1,0.002929,-0.002929,0.0008,-0.003729,0.021685
2022-05-19,300ETF,Future (IF88 (CSI 300 Futures)),rank,-0.5805,1.4,0.0,0,0.010555,0.0,0.0008,-0.0008,0.020885
2022-05-20,300ETF,Future (IF88 (CSI 300 Futures)),rank,1.8097,1.4,1.0,1,0.001435,0.001435,0.0008,0.000635,0.02152
2022-05-23,300ETF,Future (IF88 (CSI 300 Futures)),rank,-1.0285,1.4,-1.0,1,-0.002932,0.002932,0.0016,0.001332,0.022852
2022-05-24,300ETF,Future (IF88 (CSI 300 Futures)),rank,-0.7455,1.4,0.0,0,-0.011522,-0.0,0.0008,-0.0008,0.022052
2022-05-25,300ETF,Future (IF88 (CSI 300 Futures)),rank,0.5746,1.4,0.0,0,-0.003949,-0.0,0.0,-0.0,0.022052
2022-05-26,300ETF,Future (IF88 (CSI 300 Futures)),rank,-0.6877,1.4,0.0,0,0.014218,0.0,0.0,0.0,0.022052
2022-05-27,300ETF,Future (IF88 (CSI 300 Futures)),rank,1.1135,1.4,0.0,0,-0.008403,-0.0,0.0,-0.0,0.022052
2022-05-30,300ETF,Future (IF88 (CSI 300 Futures)),rank,-0.1982,1.4,0.0,0,0.00195,0.0,0.0,0.0,0.022052
2022-05-31,300ETF,Future (IF88 (CSI 300 Futures)),rank,0.4374,1.4,0.0,0,0.016444,0.0,0.0,0.0,0.022052
2022-06-01,300ETF,Future (IF88 (CSI 300 Futures)),rank,-0.4318,1.4,0.0,0,-0.00266,-0.0,0.0,-0.0,0.022052
2022-06-02,300ETF,Future (IF88 (CSI 300 Futures)),rank,-0.3374,1.4,0.0,0,0.00464,0.0,0.0,0.0,0.022052
2022-06-06,300ETF,Future (IF88 (CSI 300 Futures)),rank,-0.2401,1.4,0.0,0,0.017694,0.0,0.0,0.0,0.022052
2022-06-07,300ETF,Future (IF88 (CSI 300 Futures)),rank,1.0156,1.4,0.0,0,0.002741,0.0,0.0,0.0,0.022052
2022-06-08,300ETF,Future (IF88 (CSI 300 Futures)),rank,0.058,1.4,0.0,0,0.003488,0.0,0.0,0.0,0.022052
2022-06-09,300ETF,Future (IF88 (CSI 300 Futures)),rank,0.0055,1.4,0.0,0,-0.007809,-0.0,0.0,-0.0,0.022052
2022-06-10,300ETF,Future (IF88 (CSI 300 Futures)),rank,-0.306,1.4,0.0,0,0.019563,0.0,0.0,0.0,0.022052
2022-06-13,300ETF,Future (IF88 (CSI 300 Futures)),rank,-0.466,1.4,0.0,0,-0.006781,-0.0,0.0,-0.0,0.022052
2022-06-14,300ETF,Future (IF88 (CSI 300 Futures)),rank,-0.3528,1.4,0.0,0,0.013651,0.0,0.0,0.0,0.022052
2022-06-15,300ETF,Future (IF88 (CSI 300 Futures)),rank,1.4965,1.4,1.0,1,0.017195,0.017195,0.0008,0.016395,0.038447
2022-06-16,300ETF,Future (IF88 (CSI 300 Futures)),rank,0.4832,1.4,0.0,0,-0.007818,-0.0,0.0008,-0.0008,0.037647
2022-06-17,300ETF,Future (IF88 (CSI 300 Futures)),rank,0.9731,1.4,0.0,0,0.008249,0.0,0.0,0.0,0.037647
2022-06-20,300ETF,Future (IF88 (CSI 300 Futures)),rank,0.3015,1.4,0.0,0,0.004441,0.0,0.0,0.0,0.037647
2022-06-21,300ETF,Future (IF88 (CSI 300 Futures)),rank,0.2282,1.4,0.0,0,-0.00582,-0.0,0.0,-0.0,0.037647
2022-06-22,300ETF,Future (IF88 (CSI 300 Futures)),rank,-0.814,1.4,-1.0,1,-0.012294,0.012294,0.0008,0.011494,0.049141
2022-06-23,300ETF,Future (IF88 (CSI 300 Futures)),rank,0.5451,1.4,0.0,0,0.014387,0.0,0.0008,-0.0008,0.048341
2022-06-24,300ETF,Future (IF88 (CSI 300 Futures)),rank,-0.4195,1.4,0.0,0,0.00723,0.0,0.0,0.0,0.048341
2022-06-27,300ETF,Future (IF88 (CSI 300 Futures)),rank,1.1655,1.4,0.0,0,0.003123,0.0,0.0,0.0,0.048341
2022-06-28,300ETF,Future (IF88 (CSI 300 Futures)),rank,-0.9982,1.4,-1.0,1,0.014628,-0.014628,0.0008,-0.015428,0.032913
2022-06-29,300ETF,Future (IF88 (CSI 300 Futures)),rank,0.3969,1.4,0.0,0,-0.010098,-0.0,0.0008,-0.0008,0.032113
2022-06-30,300ETF,Future (IF88 (CSI 300 Futures)),rank,1.2974,1.4,0.0,0,0.005978,0.0,0.0,0.0,0.032113
2022-07-01,300ETF,Future (IF88 (CSI 300 Futures)),rank,0.0199,1.4,0.0,0,-0.001443,-0.0,0.0,-0.0,0.032113
2022-07-04,300ETF,Future (IF88 (CSI 300 Futures)),rank,-0.4297,1.4,0.0,0,0.002336,0.0,0.0,0.0,0.032113
2022-07-05,300ETF,Future (IF88 (CSI 300 Futures)),rank,0.5876,1.4,0.0,0,-0.006454,-0.0,0.0,-0.0,0.032113
2022-07-06,300ETF,Future (IF88 (CSI 300 Futures)),rank,-0.4189,1.4,0.0,0,-0.013821,-0.0,0.0,-0.0,0.032113
2022-07-07,300ETF,Future (IF88 (CSI 300 Futures)),rank,-0.7486,1.4,0.0,0,0.006806,0.0,0.0,0.0,0.032113
2022-07-08,300ETF,Future (IF88 (CSI 300 Futures)),rank,0.0142,1.4,0.0,0,-0.003346,-0.0,0.0,-0.0,0.032113
2022-07-11,300ETF,Future (IF88 (CSI 300 Futures)),rank,-1.2054,1.4,-1.0,1,-0.001198,0.001198,0.0008,0.000398,0.032511
2022-07-12,300ETF,Future (IF88 (CSI 300 Futures)),rank,0.2424,1.4,0.0,0,-0.008893,-0.0,0.0008,-0.0008,0.031711
2022-07-13,300ETF,Future (IF88 (CSI 300 Futures)),rank,-0.2484,1.4,0.0,0,-0.000838,-0.0,0.0,-0.0,0.031711
2022-07-14,300ETF,Future (IF88 (CSI 300 Futures)),rank,-0.7536,1.4,0.0,0,-0.002741,-0.0,0.0,-0.0,0.031711
2022-07-15,300ETF,Future (IF88 (CSI 300 Futures)),rank,0.1819,1.4,0.0,0,-0.013666,-0.0,0.0,-0.0,0.031711
2022-07-18,300ETF,Future (IF88 (CSI 300 Futures)),rank,-0.4701,1.4,0.0,0,0.008858,0.0,0.0,0.0,0.031711
2022-07-19,300ETF,Future (IF88 (CSI 300 Futures)),rank,-0.905,1.4,-1.0,1,0.003105,-0.003105,0.0008,-0.003905,0.027806
2022-07-20,300ETF,Future (IF88 (CSI 300 Futures)),rank,-0.0352,1.4,0.0,0,-0.003699,-0.0,0.0008,-0.0008,0.027006
2022-07-21,300ETF,Future (IF88 (CSI 300 Futures)),rank,-0.5808,1.4,0.0,0,-0.006041,-0.0,0.0,-0.0,0.027006
2022-07-22,300ETF,Future (IF88 (CSI 300 Futures)),rank,0.3562,1.4,0.0,0,-0.002641,-0.0,0.0,-0.0,0.027006
2022-07-25,300ETF,Future (IF88 (CSI 300 Futures)),rank,-0.6759,1.4,0.0,0,0.002236,0.0,0.0,0.0,0.027006
2022-07-26,300ETF,Future (IF88 (CSI 300 Futures)),rank,0.4783,1.4,0.0,0,0.003738,0.0,0.0,0.0,0.027006
2022-07-27,300ETF,Future (IF88 (CSI 300 Futures)),rank,-0.8016,1.4,-1.0,1,-0.002563,0.002563,0.0008,0.001763,0.028769
2022-07-28,300ETF,Future (IF88 (CSI 300 Futures)),rank,-0.1547,1.4,0.0,0,-0.001136,-0.0,0.0008,-0.0008,0.027969
2022-07-29,300ETF,Future (IF88 (CSI 300 Futures)),rank,0.0816,1.4,0.0,0,-0.021056,-0.0,0.0,-0.0,0.027969
2022-08-01,300ETF,Future (IF88 (CSI 300 Futures)),rank,-0.6942,1.4,0.0,0,0.001638,0.0,0.0,0.0,0.027969
2022-08-02,300ETF,Future (IF88 (CSI 300 Futures)),rank,-1.3981,1.4,-1.0,1,-0.004816,0.004816,0.0008,0.004016,0.031985
2022-08-03,300ETF,Future (IF88 (CSI 300 Futures)),rank,1.0549,1.4,0.0,0,-0.00979,-0.0,0.0008,-0.0008,0.031185
2022-08-04,300ETF,Future (IF88 (CSI 300 Futures)),rank,-0.0197,1.4,0.0,0,0.000393,0.0,0.0,0.0,0.031185
2022-08-05,300ETF,Future (IF88 (CSI 300 Futures)),rank,0.2842,1.4,0.0,0,0.010817,0.0,0.0,0.0,0.031185
2022-08-08,300ETF,Future (IF88 (CSI 300 Futures)),rank,-0.1983,1.4,0.0,0,-0.001207,-0.0,0.0,-0.0,0.031185
2022-08-09,300ETF,Future (IF88 (CSI 300 Futures)),rank,-0.3746,1.4,0.0,0,0.002274,0.0,0.0,0.0,0.031185
2022-08-10,300ETF,Future (IF88 (CSI 300 Futures)),rank,-0.1062,1.4,0.0,0,-0.011236,-0.0,0.0,-0.0,0.031185
2022-08-11,300ETF,Future (IF88 (CSI 300 Futures)),rank,-0.3369,1.4,0.0,0,0.016668,0.0,0.0,0.0,0.031185
2022-08-12,300ETF,Future (IF88 (CSI 300 Futures)),rank,-0.6026,1.4,0.0,0,0.004303,0.0,0.0,0.0,0.031185
2022-08-15,300ETF,Future (IF88 (CSI 300 Futures)),rank,0.9159,1.4,0.0,0,-0.008953,-0.0,0.0,-0.0,0.031185
2022-08-16,300ETF,Future (IF88 (CSI 300 Futures)),rank,0.0443,1.4,0.0,0,-0.004837,-0.0,0.0,-0.0,0.031185
2022-08-17,300ETF,Future (IF88 (CSI 300 Futures)),rank,-0.6766,1.4,0.0,0,0.014791,0.0,0.0,0.0,0.031185
2022-08-18,300ETF,Future (IF88 (CSI 300 Futures)),rank,-0.3719,1.4,0.0,0,-0.007176,-0.0,0.0,-0.0,0.031185
2022-08-19,300ETF,Future (IF88 (CSI 300 Futures)),rank,-0.0516,1.4,0.0,0,-0.005002,-0.0,0.0,-0.0,0.031185
2022-08-22,300ETF,Future (IF88 (CSI 300 Futures)),rank,0.5664,1.4,0.0,0,0.000958,0.0,0.0,0.0,0.031185
2022-08-23,300ETF,Future (IF88 (CSI 300 Futures)),rank,-0.0869,1.4,0.0,0,-0.00265,-0.0,0.0,-0.0,0.031185
2022-08-24,300ETF,Future (IF88 (CSI 300 Futures)),rank,-0.4044,1.4,0.0,0,-0.014525,-0.0,0.0,-0.0,0.031185
2022-08-25,300ETF,Future (IF88 (CSI 300 Futures)),rank,0.0628,1.4,0.0,0,0.00303,0.0,0.0,0.0,0.031185
2022-08-26,300ETF,Future (IF88 (CSI 300 Futures)),rank,-0.3758,1.4,0.0,0,-0.00481,-0.0,0.0,-0.0,0.031185
2022-08-29,300ETF,Future (IF88 (CSI 300 Futures)),rank,-0.2838,1.4,0.0,0,-0.000882,-0.0,0.0,-0.0,0.031185
2022-08-30,300ETF,Future (IF88 (CSI 300 Futures)),rank,-0.2599,1.4,0.0,0,0.000639,0.0,0.0,0.0,0.031185
2022-08-31,300ETF,Future (IF88 (CSI 300 Futures)),rank,0.3869,1.4,0.0,0,-0.00147,-0.0,0.0,-0.0,0.031185
2022-09-01,300ETF,Future (IF88 (CSI 300 Futures)),rank,0.1888,1.4,0.0,0,-0.007958,-0.0,0.0,-0.0,0.031185
2022-09-02,300ETF,Future (IF88 (CSI 300 Futures)),rank,-0.5557,1.4,0.0,0,-0.005311,-0.0,0.0,-0.0,0.031185
2022-09-05,300ETF,Future (IF88 (CSI 300 Futures)),rank,-0.5911,1.4,0.0,0,-0.000449,-0.0,0.0,-0.0,0.031185
2022-09-06,300ETF,Future (IF88 (CSI 300 Futures)),rank,-0.1816,1.4,0.0,0,0.006102,0.0,0.0,0.0,0.031185
2022-09-07,300ETF,Future (IF88 (CSI 300 Futures)),rank,-0.0989,1.4,0.0,0,0.00173,0.0,0.0,0.0,0.031185
2022-09-08,300ETF,Future (IF88 (CSI 300 Futures)),rank,-0.2406,1.4,0.0,0,-0.004642,-0.0,0.0,-0.0,0.031185
2022-09-09,300ETF,Future (IF88 (CSI 300 Futures)),rank,0.3141,1.4,0.0,0,0.008467,0.0,0.0,0.0,0.031185
2022-09-13,300ETF,Future (IF88 (CSI 300 Futures)),rank,-0.5031,1.4,0.0,0,0.001459,0.0,0.0,0.0,0.031185
2022-09-14,300ETF,Future (IF88 (CSI 300 Futures)),rank,-0.5567,1.4,0.0,0,-0.003434,-0.0,0.0,-0.0,0.031185
2022-09-15,300ETF,Future (IF88 (CSI 300 Futures)),rank,0.228,1.4,0.0,0,-0.015849,-0.0,0.0,-0.0,0.031185
2022-09-16,300ETF,Future (IF88 (CSI 300 Futures)),rank,-0.7716,1.4,0.0,0,-0.010984,-0.0,0.0,-0.0,0.031185
2022-09-19,300ETF,Future (IF88 (CSI 300 Futures)),rank,-0.036,1.4,0.0,0,-0.004067,-0.0,0.0,-0.0,0.031185
2022-09-20,300ETF,Future (IF88 (CSI 300 Futures)),rank,-0.071,1.4,0.0,0,-0.004727,-0.0,0.0,-0.0,0.031185
2022-09-21,300ETF,Future (IF88 (CSI 300 Futures)),rank,-0.9953,1.4,-1.0,1,0.005336,-0.005336,0.0008,-0.006136,0.025049
2022-09-22,300ETF,Future (IF88 (CSI 300 Futures)),rank,-0.6264,1.4,0.0,0,-0.006338,-0.0,0.0008,-0.0008,0.024249
2022-09-23,300ETF,Future (IF88 (CSI 300 Futures)),rank,0.6948,1.4,0.0,0,-0.003614,-0.0,0.0,-0.0,0.024249
2022-09-26,300ETF,Future (IF88 (CSI 300 Futures)),rank,0.9044,1.4,0.0,0,-0.007155,-0.0,0.0,-0.0,0.024249
2022-09-27,300ETF,Future (IF88 (CSI 300 Futures)),rank,-0.0024,1.4,0.0,0,0.011504,0.0,0.0,0.0,0.024249
2022-09-28,300ETF,Future (IF88 (CSI 300 Futures)),rank,-0.9367,1.4,-1.0,1,-0.005347,0.005347,0.0008,0.004547,0.028796
2022-09-29,300ETF,Future (IF88 (CSI 300 Futures)),rank,-0.1467,1.4,0.0,0,-0.012038,-0.0,0.0008,-0.0008,0.027996
2022-09-30,300ETF,Future (IF88 (CSI 300 Futures)),rank,0.3301,1.4,0.0,0,-0.004495,-0.0,0.0,-0.0,0.027996
2022-10-10,300ETF,Future (IF88 (CSI 300 Futures)),rank,-0.8973,1.4,-1.0,1,-0.019164,0.019164,0.0008,0.018364,0.04636
2022-10-11,300ETF,Future (IF88 (CSI 300 Futures)),rank,-0.5481,1.4,0.0,0,0.000322,0.0,0.0008,-0.0008,0.04556
2022-10-12,300ETF,Future (IF88 (CSI 300 Futures)),rank,-0.7335,1.4,0.0,0,0.019937,0.0,0.0,0.0,0.04556
2022-10-13,300ETF,Future (IF88 (CSI 300 Futures)),rank,-0.2948,1.4,0.0,0,-0.000106,-0.0,0.0,-0.0,0.04556
2022-10-14,300ETF,Future (IF88 (CSI 300 Futures)),rank,0.9933,1.4,0.0,0,0.007829,0.0,0.0,0.0,0.04556
2022-10-17,300ETF,Future (IF88 (CSI 300 Futures)),rank,-0.4165,1.4,0.0,0,0.008418,0.0,0.0,0.0,0.04556
2022-10-18,300ETF,Future (IF88 (CSI 300 Futures)),rank,-0.4327,1.4,0.0,0,-0.004215,-0.0,0.0,-0.0,0.04556
2022-10-19,300ETF,Future (IF88 (CSI 300 Futures)),rank,-0.0873,1.4,0.0,0,-0.012115,-0.0,0.0,-0.0,0.04556
2022-10-20,300ETF,Future (IF88 (CSI 300 Futures)),rank,-0.841,1.4,-1.0,1,0.003897,-0.003897,0.0008,-0.004697,0.040862
2022-10-21,300ETF,Future (IF88 (CSI 300 Futures)),rank,0.1142,1.4,0.0,0,-0.003262,-0.0,0.0008,-0.0008,0.040062
2022-10-24,300ETF,Future (IF88 (CSI 300 Futures)),rank,0.2763,1.4,0.0,0,-0.021122,-0.0,0.0,-0.0,0.040062
2022-10-25,300ETF,Future (IF88 (CSI 300 Futures)),rank,0.2657,1.4,0.0,0,-0.000441,-0.0,0.0,-0.0,0.040062
2022-10-26,300ETF,Future (IF88 (CSI 300 Futures)),rank,0.7267,1.4,0.0,0,-0.002849,-0.0,0.0,-0.0,0.040062
2022-10-27,300ETF,Future (IF88 (CSI 300 Futures)),rank,0.0091,1.4,0.0,0,-0.013264,-0.0,0.0,-0.0,0.040062
2022-10-28,300ETF,Future (IF88 (CSI 300 Futures)),rank,-0.7349,1.4,0.0,0,-0.020637,-0.0,0.0,-0.0,0.040062
2022-10-31,300ETF,Future (IF88 (CSI 300 Futures)),rank,-0.2247,1.4,0.0,0,-0.008639,-0.0,0.0,-0.0,0.040062
2022-11-01,300ETF,Future (IF88 (CSI 300 Futures)),rank,0.844,1.4,0.0,0,0.023091,0.0,0.0,0.0,0.040062
2022-11-02,300ETF,Future (IF88 (CSI 300 Futures)),rank,0.4455,1.4,0.0,0,0.00869,0.0,0.0,0.0,0.040062
2022-11-03,300ETF,Future (IF88 (CSI 300 Futures)),rank,-0.259,1.4,0.0,0,0.000767,0.0,0.0,0.0,0.040062
2022-11-04,300ETF,Future (IF88 (CSI 300 Futures)),rank,2.0623,1.4,1.0,1,0.017217,0.017217,0.0008,0.016417,0.056479
2022-11-07,300ETF,Future (IF88 (CSI 300 Futures)),rank,0.7255,1.4,0.0,0,0.003176,0.0,0.0008,-0.0008,0.055679
2022-11-08,300ETF,Future (IF88 (CSI 300 Futures)),rank,-0.4384,1.4,0.0,0,-0.006593,-0.0,0.0,-0.0,0.055679
2022-11-09,300ETF,Future (IF88 (CSI 300 Futures)),rank,-0.0981,1.4,0.0,0,-0.006373,-0.0,0.0,-0.0,0.055679
2022-11-10,300ETF,Future (IF88 (CSI 300 Futures)),rank,-1.0986,1.4,-1.0,1,0.000325,-0.000325,0.0008,-0.001125,0.054554
2022-11-11,300ETF,Future (IF88 (CSI 300 Futures)),rank,0.2835,1.4,0.0,0,0.009561,0.0,0.0008,-0.0008,0.053754
2022-11-14,300ETF,Future (IF88 (CSI 300 Futures)),rank,1.3604,1.4,0.0,0,-0.011977,-0.0,0.0,-0.0,0.053754
2022-11-15,300ETF,Future (IF88 (CSI 300 Futures)),rank,-0.465,1.4,0.0,0,0.016452,0.0,0.0,0.0,0.053754
2022-11-16,300ETF,Future (IF88 (CSI 300 Futures)),rank,-0.6146,1.4,0.0,0,-0.004152,-0.0,0.0,-0.0,0.053754
2022-11-17,300ETF,Future (IF88 (CSI 300 Futures)),rank,-0.8887,1.4,-1.0,1,-0.000157,0.000157,0.0008,-0.000643,0.053111
2022-11-18,300ETF,Future (IF88 (CSI 300 Futures)),rank,-0.3961,1.4,0.0,0,-0.003401,-0.0,0.0008,-0.0008,0.052311
2022-11-21,300ETF,Future (IF88 (CSI 300 Futures)),rank,-1.2848,1.4,-1.0,1,0.006762,-0.006762,0.0008,-0.007562,0.044749
2022-11-22,300ETF,Future (IF88 (CSI 300 Futures)),rank,-0.0935,1.4,0.0,0,-0.000425,-0.0,0.0008,-0.0008,0.043949
2022-11-23,300ETF,Future (IF88 (CSI 300 Futures)),rank,0.3061,1.4,0.0,0,0.001322,0.0,0.0,0.0,0.043949
2022-11-24,300ETF,Future (IF88 (CSI 300 Futures)),rank,0.1446,1.4,0.0,0,-0.005826,-0.0,0.0,-0.0,0.043949
2022-11-25,300ETF,Future (IF88 (CSI 300 Futures)),rank,-0.4466,1.4,0.0,0,0.005083,0.0,0.0,0.0,0.043949
2022-11-28,300ETF,Future (IF88 (CSI 300 Futures)),rank,-1.7472,1.4,-1.0,1,0.011682,-0.011682,0.0008,-0.012482,0.031467
2022-11-29,300ETF,Future (IF88 (CSI 300 Futures)),rank,0.7479,1.4,0.0,0,0.019212,0.0,0.0008,-0.0008,0.030667
2022-11-30,300ETF,Future (IF88 (CSI 300 Futures)),rank,0.6795,1.4,0.0,0,-0.001453,-0.0,0.0,-0.0,0.030667
2022-12-01,300ETF,Future (IF88 (CSI 300 Futures)),rank,1.0991,1.4,0.0,0,-0.00459,-0.0,0.0,-0.0,0.030667
2022-12-02,300ETF,Future (IF88 (CSI 300 Futures)),rank,-0.3129,1.4,0.0,0,-0.005235,-0.0,0.0,-0.0,0.030667
2022-12-05,300ETF,Future (IF88 (CSI 300 Futures)),rank,0.1661,1.4,0.0,0,0.00753,0.0,0.0,0.0,0.030667
2022-12-06,300ETF,Future (IF88 (CSI 300 Futures)),rank,0.3651,1.4,0.0,0,0.003637,0.0,0.0,0.0,0.030667
2022-12-07,300ETF,Future (IF88 (CSI 300 Futures)),rank,-0.2805,1.4,0.0,0,-0.001564,-0.0,0.0,-0.0,0.030667
2022-12-08,300ETF,Future (IF88 (CSI 300 Futures)),rank,-0.3569,1.4,0.0,0,0.000806,0.0,0.0,0.0,0.030667
2022-12-09,300ETF,Future (IF88 (CSI 300 Futures)),rank,0.0468,1.4,0.0,0,0.01194,0.0,0.0,0.0,0.030667
2022-12-12,300ETF,Future (IF88 (CSI 300 Futures)),rank,-0.6851,1.4,0.0,0,-0.005237,-0.0,0.0,-0.0,0.030667
2022-12-13,300ETF,Future (IF88 (CSI 300 Futures)),rank,-0.3594,1.4,0.0,0,-0.000607,-0.0,0.0,-0.0,0.030667
2022-12-14,300ETF,Future (IF88 (CSI 300 Futures)),rank,-0.3076,1.4,0.0,0,-0.002174,-0.0,0.0,-0.0,0.030667
2022-12-15,300ETF,Future (IF88 (CSI 300 Futures)),rank,-0.1638,1.4,0.0,0,0.004768,0.0,0.0,0.0,0.030667
2022-12-16,300ETF,Future (IF88 (CSI 300 Futures)),rank,-0.3122,1.4,0.0,0,0.004048,0.0,0.0,0.0,0.030667
2022-12-19,300ETF,Future (IF88 (CSI 300 Futures)),rank,0.1735,1.4,0.0,0,-0.014515,-0.0,0.0,-0.0,0.030667
2022-12-20,300ETF,Future (IF88 (CSI 300 Futures)),rank,-0.8803,1.4,-1.0,1,-0.010384,0.010384,0.0008,0.009584,0.040251
2022-12-21,300ETF,Future (IF88 (CSI 300 Futures)),rank,-0.0097,1.4,0.0,0,-0.003118,-0.0,0.0008,-0.0008,0.039451
2022-12-22,300ETF,Future (IF88 (CSI 300 Futures)),rank,-0.3313,1.4,0.0,0,-0.010204,-0.0,0.0,-0.0,0.039451
2022-12-23,300ETF,Future (IF88 (CSI 300 Futures)),rank,0.0925,1.4,0.0,0,-0.006439,-0.0,0.0,-0.0,0.039451
2022-12-26,300ETF,Future (IF88 (CSI 300 Futures)),rank,0.1172,1.4,0.0,0,-0.002697,-0.0,0.0,-0.0,0.039451
2022-12-27,300ETF,Future (IF88 (CSI 300 Futures)),rank,0.179,1.4,0.0,0,0.004158,0.0,0.0,0.0,0.039451
2022-12-28,300ETF,Future (IF88 (CSI 300 Futures)),rank,-0.7427,1.4,0.0,0,0.003402,0.0,0.0,0.0,0.039451
2022-12-29,300ETF,Future (IF88 (CSI 300 Futures)),rank,-0.8526,1.4,-1.0,1,0.007561,-0.007561,0.0008,-0.008361,0.03109
2022-12-30,300ETF,Future (IF88 (CSI 300 Futures)),rank,0.6281,1.4,0.0,0,-0.001645,-0.0,0.0008,-0.0008,0.03029
2023-01-03,300ETF,Future (IF88 (CSI 300 Futures)),rank,-0.9855,1.4,-1.0,1,0.016163,-0.016163,0.0008,-0.016963,0.013327
2023-01-04,300ETF,Future (IF88 (CSI 300 Futures)),rank,-0.5048,1.4,0.0,0,0.001489,0.0,0.0008,-0.0008,0.012527
2023-01-05,300ETF,Future (IF88 (CSI 300 Futures)),rank,1.4343,1.4,1.0,1,0.006956,0.006956,0.0008,0.006156,0.018683
2023-01-06,300ETF,Future (IF88 (CSI 300 Futures)),rank,-0.2049,1.4,0.0,0,0.003162,0.0,0.0008,-0.0008,0.017883
2023-01-09,300ETF,Future (IF88 (CSI 300 Futures)),rank,-0.0061,1.4,0.0,0,0.003088,0.0,0.0,0.0,0.017883
2023-01-10,300ETF,Future (IF88 (CSI 300 Futures)),rank,-0.5857,1.4,0.0,0,0.000647,0.0,0.0,0.0,0.017883
2023-01-11,300ETF,Future (IF88 (CSI 300 Futures)),rank,0.1433,1.4,0.0,0,-0.002584,-0.0,0.0,-0.0,0.017883
2023-01-12,300ETF,Future (IF88 (CSI 300 Futures)),rank,-0.1363,1.4,0.0,0,-0.003076,-0.0,0.0,-0.0,0.017883
2023-01-13,300ETF,Future (IF88 (CSI 300 Futures)),rank,0.0474,1.4,0.0,0,0.00655,0.0,0.0,0.0,0.017883
2023-01-16,300ETF,Future (IF88 (CSI 300 Futures)),rank,1.1625,1.4,0.0,0,0.008697,0.0,0.0,0.0,0.017883
2023-01-17,300ETF,Future (IF88 (CSI 300 Futures)),rank,-0.1167,1.4,0.0,0,0.000483,0.0,0.0,0.0,0.017883
2023-01-18,300ETF,Future (IF88 (CSI 300 Futures)),rank,-0.1023,1.4,0.0,0,-0.000918,-0.0,0.0,-0.0,0.017883
2023-01-19,300ETF,Future (IF88 (CSI 300 Futures)),rank,-0.4475,1.4,0.0,0,0.010743,0.0,0.0,0.0,0.017883
2023-01-20,300ETF,Future (IF88 (CSI 300 Futures)),rank,0.3158,1.4,0.0,0,4.8e-05,0.0,0.0,0.0,0.017883
2023-01-30,300ETF,Future (IF88 (CSI 300 Futures)),rank,-0.3547,1.4,0.0,0,-0.011799,-0.0,0.0,-0.0,0.017883
2023-01-31,300ETF,Future (IF88 (CSI 300 Futures)),rank,0.0706,1.4,0.0,0,-0.010633,-0.0,0.0,-0.0,0.017883
2023-02-01,300ETF,Future (IF88 (CSI 300 Futures)),rank,0.4592,1.4,0.0,0,0.00119,0.0,0.0,0.0,0.017883
2023-02-02,300ETF,Future (IF88 (CSI 300 Futures)),rank,-1.0474,1.4,-1.0,1,-0.002764,0.002764,0.0008,0.001964,0.019848
2023-02-03,300ETF,Future (IF88 (CSI 300 Futures)),rank,-0.9138,1.4,-1.0,1,0.003237,-0.003237,0.0,-0.003237,0.016611
2023-02-06,300ETF,Future (IF88 (CSI 300 Futures)),rank,-1.3509,1.4,-1.0,1,-0.005865,0.005865,0.0,0.005865,0.022476
2023-02-07,300ETF,Future (IF88 (CSI 300 Futures)),rank,-0.2011,1.4,0.0,0,-0.001074,-0.0,0.0008,-0.0008,0.021676
2023-02-08,300ETF,Future (IF88 (CSI 300 Futures)),rank,0.0919,1.4,0.0,0,-0.004298,-0.0,0.0,-0.0,0.021676
2023-02-09,300ETF,Future (IF88 (CSI 300 Futures)),rank,0.9836,1.4,0.0,0,0.00683,0.0,0.0,0.0,0.021676
2023-02-10,300ETF,Future (IF88 (CSI 300 Futures)),rank,-0.7387,1.4,0.0,0,-0.003637,-0.0,0.0,-0.0,0.021676
2023-02-13,300ETF,Future (IF88 (CSI 300 Futures)),rank,0.7692,1.4,0.0,0,0.003094,0.0,0.0,0.0,0.021676
2023-02-14,300ETF,Future (IF88 (CSI 300 Futures)),rank,-0.8339,1.4,-1.0,1,-0.000531,0.000531,0.0008,-0.000269,0.021407
2023-02-15,300ETF,Future (IF88 (CSI 300 Futures)),rank,-0.3531,1.4,0.0,0,-0.002856,-0.0,0.0008,-0.0008,0.020607
2023-02-16,300ETF,Future (IF88 (CSI 300 Futures)),rank,-0.214,1.4,0.0,0,-0.012108,-0.0,0.0,-0.0,0.020607
2023-02-17,300ETF,Future (IF88 (CSI 300 Futures)),rank,0.2335,1.4,0.0,0,-0.014645,-0.0,0.0,-0.0,0.020607
2023-02-20,300ETF,Future (IF88 (CSI 300 Futures)),rank,0.4974,1.4,0.0,0,0.021083,0.0,0.0,0.0,0.020607
2023-02-21,300ETF,Future (IF88 (CSI 300 Futures)),rank,-0.1462,1.4,0.0,0,-0.001158,-0.0,0.0,-0.0,0.020607
2023-02-22,300ETF,Future (IF88 (CSI 300 Futures)),rank,-0.6592,1.4,0.0,0,-0.001459,-0.0,0.0,-0.0,0.020607
2023-02-23,300ETF,Future (IF88 (CSI 300 Futures)),rank,0.7656,1.4,0.0,0,-0.004672,-0.0,0.0,-0.0,0.020607
2023-02-24,300ETF,Future (IF88 (CSI 300 Futures)),rank,-0.904,1.4,-1.0,1,-0.004559,0.004559,0.0008,0.003759,0.024366
2023-02-27,300ETF,Future (IF88 (CSI 300 Futures)),rank,-0.23,1.4,0.0,0,-0.002075,-0.0,0.0008,-0.0008,0.023566
2023-02-28,300ETF,Future (IF88 (CSI 300 Futures)),rank,0.164,1.4,0.0,0,0.001181,0.0,0.0,0.0,0.023566
2023-03-01,300ETF,Future (IF88 (CSI 300 Futures)),rank,0.4978,1.4,0.0,0,0.00685,0.0,0.0,0.0,0.023566
2023-03-02,300ETF,Future (IF88 (CSI 300 Futures)),rank,-0.2427,1.4,0.0,0,-0.001453,-0.0,0.0,-0.0,0.023566
2023-03-03,300ETF,Future (IF88 (CSI 300 Futures)),rank,-0.0989,1.4,0.0,0,0.001111,0.0,0.0,0.0,0.023566
2023-03-06,300ETF,Future (IF88 (CSI 300 Futures)),rank,-0.8704,1.4,-1.0,1,-0.000974,0.000974,0.0008,0.000174,0.02374
2023-03-07,300ETF,Future (IF88 (CSI 300 Futures)),rank,0.1645,1.4,0.0,0,-0.010298,-0.0,0.0008,-0.0008,0.02294
2023-03-08,300ETF,Future (IF88 (CSI 300 Futures)),rank,-0.5847,1.4,0.0,0,0.000248,0.0,0.0,0.0,0.02294
2023-03-09,300ETF,Future (IF88 (CSI 300 Futures)),rank,-0.5964,1.4,0.0,0,-0.002777,-0.0,0.0,-0.0,0.02294
2023-03-10,300ETF,Future (IF88 (CSI 300 Futures)),rank,-0.5048,1.4,0.0,0,-0.003963,-0.0,0.0,-0.0,0.02294
2023-03-13,300ETF,Future (IF88 (CSI 300 Futures)),rank,1.3562,1.4,0.0,0,0.005109,0.0,0.0,0.0,0.02294
2023-03-14,300ETF,Future (IF88 (CSI 300 Futures)),rank,-0.7035,1.4,0.0,0,0.001504,0.0,0.0,0.0,0.02294
2023-03-15,300ETF,Future (IF88 (CSI 300 Futures)),rank,-0.0102,1.4,0.0,0,-0.007641,-0.0,0.0,-0.0,0.02294
2023-03-16,300ETF,Future (IF88 (CSI 300 Futures)),rank,-0.5422,1.4,0.0,0,-0.003433,-0.0,0.0,-0.0,0.02294
2023-03-17,300ETF,Future (IF88 (CSI 300 Futures)),rank,-0.2319,1.4,0.0,0,-0.006005,-0.0,0.0,-0.0,0.02294
2023-03-20,300ETF,Future (IF88 (CSI 300 Futures)),rank,0.3711,1.4,0.0,0,-0.008079,-0.0,0.0,-0.0,0.02294
2023-03-21,300ETF,Future (IF88 (CSI 300 Futures)),rank,0.4444,1.4,0.0,0,0.00377,0.0,0.0,0.0,0.02294
2023-03-22,300ETF,Future (IF88 (CSI 300 Futures)),rank,0.6879,1.4,0.0,0,-0.004885,-0.0,0.0,-0.0,0.02294
2023-03-23,300ETF,Future (IF88 (CSI 300 Futures)),rank,0.2905,1.4,0.0,0,0.008051,0.0,0.0,0.0,0.02294
2023-03-24,300ETF,Future (IF88 (CSI 300 Futures)),rank,-0.9106,1.4,-1.0,1,0.000545,-0.000545,0.0008,-0.001345,0.021595
2023-03-27,300ETF,Future (IF88 (CSI 300 Futures)),rank,-0.9097,1.4,-1.0,1,0.001145,-0.001145,0.0,-0.001145,0.020449
2023-03-28,300ETF,Future (IF88 (CSI 300 Futures)),rank,-0.056,1.4,0.0,0,-0.001097,-0.0,0.0008,-0.0008,0.019649
2023-03-29,300ETF,Future (IF88 (CSI 300 Futures)),rank,-0.4101,1.4,0.0,0,0.0,0.0,0.0,0.0,0.019649
2023-03-30,300ETF,Future (IF88 (CSI 300 Futures)),rank,0.3305,1.4,0.0,0,0.007057,0.0,0.0,0.0,0.019649
2023-03-31,300ETF,Future (IF88 (CSI 300 Futures)),rank,0.3467,1.4,0.0,0,-0.003297,-0.0,0.0,-0.0,0.019649
2023-04-03,300ETF,Future (IF88 (CSI 300 Futures)),rank,0.4574,1.4,0.0,0,0.004351,0.0,0.0,0.0,0.019649
2023-04-04,300ETF,Future (IF88 (CSI 300 Futures)),rank,-0.402,1.4,0.0,0,0.00459,0.0,0.0,0.0,0.019649
2023-04-06,300ETF,Future (IF88 (CSI 300 Futures)),rank,-0.4491,1.4,0.0,0,0.000781,0.0,0.0,0.0,0.019649
2023-04-07,300ETF,Future (IF88 (CSI 300 Futures)),rank,0.5321,1.4,0.0,0,0.001793,0.0,0.0,0.0,0.019649
2023-04-10,300ETF,Future (IF88 (CSI 300 Futures)),rank,-0.9223,1.4,-1.0,1,-0.002766,0.002766,0.0008,0.001966,0.021615
2023-04-11,300ETF,Future (IF88 (CSI 300 Futures)),rank,-0.3093,1.4,0.0,0,-0.005696,-0.0,0.0008,-0.0008,0.020815
2023-04-12,300ETF,Future (IF88 (CSI 300 Futures)),rank,-0.4242,1.4,0.0,0,-0.001366,-0.0,0.0,-0.0,0.020815
2023-04-13,300ETF,Future (IF88 (CSI 300 Futures)),rank,-0.9963,1.4,-1.0,1,-0.001276,0.001276,0.0008,0.000476,0.021291
2023-04-14,300ETF,Future (IF88 (CSI 300 Futures)),rank,0.3327,1.4,0.0,0,-0.001564,-0.0,0.0008,-0.0008,0.020491
2023-04-17,300ETF,Future (IF88 (CSI 300 Futures)),rank,0.8442,1.4,0.0,0,0.006003,0.0,0.0,0.0,0.020491
2023-04-18,300ETF,Future (IF88 (CSI 300 Futures)),rank,0.7352,1.4,0.0,0,0.001876,0.0,0.0,0.0,0.020491
2023-04-19,300ETF,Future (IF88 (CSI 300 Futures)),rank,-0.8774,1.4,-1.0,1,-0.004689,0.004689,0.0008,0.003889,0.02438
2023-04-20,300ETF,Future (IF88 (CSI 300 Futures)),rank,-0.5385,1.4,0.0,0,-0.002966,-0.0,0.0008,-0.0008,0.02358
2023-04-21,300ETF,Future (IF88 (CSI 300 Futures)),rank,-0.965,1.4,-1.0,1,-0.015049,0.015049,0.0008,0.014249,0.037829
2023-04-24,300ETF,Future (IF88 (CSI 300 Futures)),rank,-0.6399,1.4,0.0,0,-0.009912,-0.0,0.0008,-0.0008,0.037029
2023-04-25,300ETF,Future (IF88 (CSI 300 Futures)),rank,-0.0898,1.4,0.0,0,-0.00121,-0.0,0.0,-0.0,0.037029
2023-04-26,300ETF,Future (IF88 (CSI 300 Futures)),rank,-0.5767,1.4,0.0,0,-0.000151,-0.0,0.0,-0.0,0.037029
2023-04-27,300ETF,Future (IF88 (CSI 300 Futures)),rank,0.2272,1.4,0.0,0,0.006283,0.0,0.0,0.0,0.037029
2023-04-28,300ETF,Future (IF88 (CSI 300 Futures)),rank,1.0287,1.4,0.0,0,0.000646,0.0,0.0,0.0,0.037029
2023-05-04,300ETF,Future (IF88 (CSI 300 Futures)),rank,-0.8308,1.4,-1.0,1,0.002143,-0.002143,0.0008,-0.002943,0.034086
2023-05-05,300ETF,Future (IF88 (CSI 300 Futures)),rank,0.3401,1.4,0.0,0,-0.002194,-0.0,0.0008,-0.0008,0.033286
2023-05-08,300ETF,Future (IF88 (CSI 300 Futures)),rank,-0.168,1.4,0.0,0,0.009683,0.0,0.0,0.0,0.033286
2023-05-09,300ETF,Future (IF88 (CSI 300 Futures)),rank,-0.5926,1.4,0.0,0,-0.003763,-0.0,0.0,-0.0,0.033286
2023-05-10,300ETF,Future (IF88 (CSI 300 Futures)),rank,-0.8211,1.4,-1.0,1,-0.004306,0.004306,0.0008,0.003506,0.036791
2023-05-11,300ETF,Future (IF88 (CSI 300 Futures)),rank,-0.1302,1.4,0.0,0,-0.003909,-0.0,0.0008,-0.0008,0.035991
2023-05-12,300ETF,Future (IF88 (CSI 300 Futures)),rank,0.0636,1.4,0.0,0,-0.013325,-0.0,0.0,-0.0,0.035991
2023-05-15,300ETF,Future (IF88 (CSI 300 Futures)),rank,-0.4764,1.4,0.0,0,0.012817,0.0,0.0,0.0,0.035991
2023-05-16,300ETF,Future (IF88 (CSI 300 Futures)),rank,-0.7906,1.4,0.0,0,-0.004376,-0.0,0.0,-0.0,0.035991
2023-05-17,300ETF,Future (IF88 (CSI 300 Futures)),rank,-1.0017,1.4,-1.0,1,-0.004248,0.004248,0.0008,0.003448,0.03944
2023-05-18,300ETF,Future (IF88 (CSI 300 Futures)),rank,0.1047,1.4,0.0,0,-0.004097,-0.0,0.0008,-0.0008,0.03864
2023-05-19,300ETF,Future (IF88 (CSI 300 Futures)),rank,-0.8207,1.4,-1.0,1,0.005034,-0.005034,0.0008,-0.005834,0.032806
2023-05-22,300ETF,Future (IF88 (CSI 300 Futures)),rank,0.4304,1.4,0.0,0,0.002525,0.0,0.0008,-0.0008,0.032006
2023-05-23,300ETF,Future (IF88 (CSI 300 Futures)),rank,-0.6536,1.4,0.0,0,-0.007274,-0.0,0.0,-0.0,0.032006
2023-05-24,300ETF,Future (IF88 (CSI 300 Futures)),rank,-1.165,1.4,-1.0,1,-0.003158,0.003158,0.0008,0.002358,0.034364
2023-05-25,300ETF,Future (IF88 (CSI 300 Futures)),rank,-0.1723,1.4,0.0,0,-0.00266,-0.0,0.0008,-0.0008,0.033564
2023-05-26,300ETF,Future (IF88 (CSI 300 Futures)),rank,-1.0249,1.4,-1.0,1,0.006309,-0.006309,0.0008,-0.007109,0.026455
2023-05-29,300ETF,Future (IF88 (CSI 300 Futures)),rank,-0.498,1.4,0.0,0,-0.005849,-0.0,0.0008,-0.0008,0.025655
2023-05-30,300ETF,Future (IF88 (CSI 300 Futures)),rank,-0.0586,1.4,0.0,0,-0.001463,-0.0,0.0,-0.0,0.025655
2023-05-31,300ETF,Future (IF88 (CSI 300 Futures)),rank,-0.9286,1.4,-1.0,1,-0.003271,0.003271,0.0008,0.002471,0.028126
2023-06-01,300ETF,Future (IF88 (CSI 300 Futures)),rank,1.0301,1.4,0.0,0,-0.00604,-0.0,0.0008,-0.0008,0.027326
2023-06-02,300ETF,Future (IF88 (CSI 300 Futures)),rank,0.5965,1.4,0.0,0,0.007751,0.0,0.0,0.0,0.027326
2023-06-05,300ETF,Future (IF88 (CSI 300 Futures)),rank,-1.0085,1.4,-1.0,1,-0.001771,0.001771,0.0008,0.000971,0.028296
2023-06-06,300ETF,Future (IF88 (CSI 300 Futures)),rank,-0.5852,1.4,0.0,0,-0.004826,-0.0,0.0008,-0.0008,0.027496
2023-06-07,300ETF,Future (IF88 (CSI 300 Futures)),rank,-0.073,1.4,0.0,0,-0.009232,-0.0,0.0,-0.0,0.027496
2023-06-08,300ETF,Future (IF88 (CSI 300 Futures)),rank,-0.2616,1.4,0.0,0,0.008066,0.0,0.0,0.0,0.027496
2023-06-09,300ETF,Future (IF88 (CSI 300 Futures)),rank,-0.1932,1.4,0.0,0,0.002876,0.0,0.0,0.0,0.027496
2023-06-12,300ETF,Future (IF88 (CSI 300 Futures)),rank,-0.5576,1.4,0.0,0,0.005738,0.0,0.0,0.0,0.027496
2023-06-13,300ETF,Future (IF88 (CSI 300 Futures)),rank,0.3707,1.4,0.0,0,0.00602,0.0,0.0,0.0,0.027496
2023-06-14,300ETF,Future (IF88 (CSI 300 Futures)),rank,0.3004,1.4,0.0,0,-0.005314,-0.0,0.0,-0.0,0.027496
2023-06-15,300ETF,Future (IF88 (CSI 300 Futures)),rank,0.6772,1.4,0.0,0,0.01005,0.0,0.0,0.0,0.027496
2023-06-16,300ETF,Future (IF88 (CSI 300 Futures)),rank,0.4008,1.4,0.0,0,0.007743,0.0,0.0,0.0,0.027496
2023-06-19,300ETF,Future (IF88 (CSI 300 Futures)),rank,-1.1574,1.4,-1.0,1,-0.00471,0.00471,0.0008,0.00391,0.031406
2023-06-20,300ETF,Future (IF88 (CSI 300 Futures)),rank,0.1568,1.4,0.0,0,-0.002461,-0.0,0.0008,-0.0008,0.030606
2023-06-21,300ETF,Future (IF88 (CSI 300 Futures)),rank,-0.2851,1.4,0.0,0,-0.007867,-0.0,0.0,-0.0,0.030606
2023-06-26,300ETF,Future (IF88 (CSI 300 Futures)),rank,-0.8763,1.4,-1.0,1,0.000106,-0.000106,0.0008,-0.000906,0.029701
2023-06-27,300ETF,Future (IF88 (CSI 300 Futures)),rank,0.437,1.4,0.0,0,0.005408,0.0,0.0008,-0.0008,0.028901
2023-06-28,300ETF,Future (IF88 (CSI 300 Futures)),rank,-0.5583,1.4,0.0,0,0.003516,0.0,0.0,0.0,0.028901
2023-06-29,300ETF,Future (IF88 (CSI 300 Futures)),rank,-0.5764,1.4,0.0,0,-0.001733,-0.0,0.0,-0.0,0.028901
2023-06-30,300ETF,Future (IF88 (CSI 300 Futures)),rank,0.386,1.4,0.0,0,0.004554,0.0,0.0,0.0,0.028901
2023-07-03,300ETF,Future (IF88 (CSI 300 Futures)),rank,1.262,1.4,0.0,0,0.002016,0.0,0.0,0.0,0.028901
2023-07-04,300ETF,Future (IF88 (CSI 300 Futures)),rank,-0.637,1.4,0.0,0,0.001497,0.0,0.0,0.0,0.028901
2023-07-05,300ETF,Future (IF88 (CSI 300 Futures)),rank,-0.3674,1.4,0.0,0,-0.001349,-0.0,0.0,-0.0,0.028901
2023-07-06,300ETF,Future (IF88 (CSI 300 Futures)),rank,0.1797,1.4,0.0,0,-0.010417,-0.0,0.0,-0.0,0.028901
2023-07-07,300ETF,Future (IF88 (CSI 300 Futures)),rank,-0.5746,1.4,0.0,0,0.000472,0.0,0.0,0.0,0.028901
2023-07-10,300ETF,Future (IF88 (CSI 300 Futures)),rank,0.2359,1.4,0.0,0,-0.004125,-0.0,0.0,-0.0,0.028901
2023-07-11,300ETF,Future (IF88 (CSI 300 Futures)),rank,-0.1833,1.4,0.0,0,0.004681,0.0,0.0,0.0,0.028901
2023-07-12,300ETF,Future (IF88 (CSI 300 Futures)),rank,-0.5028,1.4,0.0,0,-0.004317,-0.0,0.0,-0.0,0.028901
2023-07-13,300ETF,Future (IF88 (CSI 300 Futures)),rank,1.1003,1.4,0.0,0,0.003807,0.0,0.0,0.0,0.028901
2023-07-14,300ETF,Future (IF88 (CSI 300 Futures)),rank,-0.4133,1.4,0.0,0,-0.000308,-0.0,0.0,-0.0,0.028901
2023-07-17,300ETF,Future (IF88 (CSI 300 Futures)),rank,-1.2768,1.4,-1.0,1,0.0,-0.0,0.0008,-0.0008,0.028101
2023-07-18,300ETF,Future (IF88 (CSI 300 Futures)),rank,-0.8225,1.4,-1.0,1,0.000156,-0.000156,0.0,-0.000156,0.027945
2023-07-19,300ETF,Future (IF88 (CSI 300 Futures)),rank,-0.0245,1.4,0.0,0,-0.000416,-0.0,0.0008,-0.0008,0.027145
2023-07-20,300ETF,Future (IF88 (CSI 300 Futures)),rank,0.4766,1.4,0.0,0,-0.008373,-0.0,0.0,-0.0,0.027145
2023-07-21,300ETF,Future (IF88 (CSI 300 Futures)),rank,-0.1334,1.4,0.0,0,-0.002349,-0.0,0.0,-0.0,0.027145
2023-07-24,300ETF,Future (IF88 (CSI 300 Futures)),rank,-0.4244,1.4,0.0,0,-0.002622,-0.0,0.0,-0.0,0.027145
2023-07-25,300ETF,Future (IF88 (CSI 300 Futures)),rank,1.2091,1.4,0.0,0,0.006449,0.0,0.0,0.0,0.027145
2023-07-26,300ETF,Future (IF88 (CSI 300 Futures)),rank,-0.2118,1.4,0.0,0,-0.003115,-0.0,0.0,-0.0,0.027145
2023-07-27,300ETF,Future (IF88 (CSI 300 Futures)),rank,0.1336,1.4,0.0,0,-0.005516,-0.0,0.0,-0.0,0.027145
2023-07-28,300ETF,Future (IF88 (CSI 300 Futures)),rank,-0.0813,1.4,0.0,0,0.025366,0.0,0.0,0.0,0.027145
2023-07-31,300ETF,Future (IF88 (CSI 300 Futures)),rank,1.817,1.4,1.0,1,-0.007969,-0.007969,0.0008,-0.008769,0.018376
2023-08-01,300ETF,Future (IF88 (CSI 300 Futures)),rank,0.3511,1.4,0.0,0,-0.006999,-0.0,0.0008,-0.0008,0.017576
2023-08-02,300ETF,Future (IF88 (CSI 300 Futures)),rank,0.3654,1.4,0.0,0,-0.009932,-0.0,0.0,-0.0,0.017576
2023-08-03,300ETF,Future (IF88 (CSI 300 Futures)),rank,0.2576,1.4,0.0,0,0.005798,0.0,0.0,0.0,0.017576
2023-08-04,300ETF,Future (IF88 (CSI 300 Futures)),rank,0.9521,1.4,0.0,0,-0.004885,-0.0,0.0,-0.0,0.017576
2023-08-07,300ETF,Future (IF88 (CSI 300 Futures)),rank,-1.1465,1.4,-1.0,1,-0.003191,0.003191,0.0008,0.002391,0.019968
2023-08-08,300ETF,Future (IF88 (CSI 300 Futures)),rank,-1.0294,1.4,-1.0,1,0.002351,-0.002351,0.0,-0.002351,0.017616
2023-08-09,300ETF,Future (IF88 (CSI 300 Futures)),rank,0.0376,1.4,0.0,0,-0.001903,-0.0,0.0008,-0.0008,0.016816
2023-08-10,300ETF,Future (IF88 (CSI 300 Futures)),rank,0.1585,1.4,0.0,0,0.003459,0.0,0.0,0.0,0.016816
2023-08-11,300ETF,Future (IF88 (CSI 300 Futures)),rank,-0.9407,1.4,-1.0,1,-0.014978,0.014978,0.0008,0.014178,0.030994
2023-08-14,300ETF,Future (IF88 (CSI 300 Futures)),rank,-1.0733,1.4,-1.0,1,0.003628,-0.003628,0.0,-0.003628,0.027366
2023-08-15,300ETF,Future (IF88 (CSI 300 Futures)),rank,-0.2616,1.4,0.0,0,-0.001347,-0.0,0.0008,-0.0008,0.026566
2023-08-16,300ETF,Future (IF88 (CSI 300 Futures)),rank,-0.287,1.4,0.0,0,-0.001822,-0.0,0.0,-0.0,0.026566
2023-08-17,300ETF,Future (IF88 (CSI 300 Futures)),rank,-0.6774,1.4,0.0,0,0.009556,0.0,0.0,0.0,0.026566
2023-08-18,300ETF,Future (IF88 (CSI 300 Futures)),rank,-0.1303,1.4,0.0,0,-0.012698,-0.0,0.0,-0.0,0.026566
2023-08-21,300ETF,Future (IF88 (CSI 300 Futures)),rank,-0.9288,1.4,-1.0,1,-0.002502,0.002502,0.0008,0.001702,0.028268
2023-08-22,300ETF,Future (IF88 (CSI 300 Futures)),rank,0.1787,1.4,0.0,0,0.006818,0.0,0.0008,-0.0008,0.027468
2023-08-23,300ETF,Future (IF88 (CSI 300 Futures)),rank,-0.6873,1.4,0.0,0,-0.009932,-0.0,0.0,-0.0,0.027468
2023-08-24,300ETF,Future (IF88 (CSI 300 Futures)),rank,0.1696,1.4,0.0,0,0.006334,0.0,0.0,0.0,0.027468
2023-08-25,300ETF,Future (IF88 (CSI 300 Futures)),rank,-0.4046,1.4,0.0,0,-0.00457,-0.0,0.0,-0.0,0.027468
2023-08-28,300ETF,Future (IF88 (CSI 300 Futures)),rank,-0.211,1.4,0.0,0,-0.022705,-0.0,0.0,-0.0,0.027468
2023-08-29,300ETF,Future (IF88 (CSI 300 Futures)),rank,0.672,1.4,0.0,0,0.006355,0.0,0.0,0.0,0.027468
2023-08-30,300ETF,Future (IF88 (CSI 300 Futures)),rank,-0.3508,1.4,0.0,0,-0.005672,-0.0,0.0,-0.0,0.027468
2023-08-31,300ETF,Future (IF88 (CSI 300 Futures)),rank,-0.2231,1.4,0.0,0,-0.003542,-0.0,0.0,-0.0,0.027468
2023-09-01,300ETF,Future (IF88 (CSI 300 Futures)),rank,0.7807,1.4,0.0,0,-0.002213,-0.0,0.0,-0.0,0.027468
2023-09-04,300ETF,Future (IF88 (CSI 300 Futures)),rank,-0.0238,1.4,0.0,0,0.006205,0.0,0.0,0.0,0.027468
2023-09-05,300ETF,Future (IF88 (CSI 300 Futures)),rank,-0.8154,1.4,-1.0,1,-0.003813,0.003813,0.0008,0.003013,0.030481
2023-09-06,300ETF,Future (IF88 (CSI 300 Futures)),rank,-0.9575,1.4,-1.0,1,0.004824,-0.004824,0.0,-0.004824,0.025658
2023-09-07,300ETF,Future (IF88 (CSI 300 Futures)),rank,-1.1693,1.4,-1.0,1,-0.007837,0.007837,0.0,0.007837,0.033494
2023-09-08,300ETF,Future (IF88 (CSI 300 Futures)),rank,-0.4299,1.4,0.0,0,0.000696,0.0,0.0008,-0.0008,0.032694
2023-09-11,300ETF,Future (IF88 (CSI 300 Futures)),rank,0.2527,1.4,0.0,0,0.006068,0.0,0.0,0.0,0.032694
2023-09-12,300ETF,Future (IF88 (CSI 300 Futures)),rank,-0.7037,1.4,0.0,0,-0.000213,-0.0,0.0,-0.0,0.032694
2023-09-13,300ETF,Future (IF88 (CSI 300 Futures)),rank,0.1168,1.4,0.0,0,-0.009445,-0.0,0.0,-0.0,0.032694
2023-09-14,300ETF,Future (IF88 (CSI 300 Futures)),rank,0.2238,1.4,0.0,0,-0.002675,-0.0,0.0,-0.0,0.032694
2023-09-15,300ETF,Future (IF88 (CSI 300 Futures)),rank,-0.746,1.4,0.0,0,-0.005638,-0.0,0.0,-0.0,0.032694
2023-09-18,300ETF,Future (IF88 (CSI 300 Futures)),rank,0.3396,1.4,0.0,0,0.002088,0.0,0.0,0.0,0.032694
2023-09-19,300ETF,Future (IF88 (CSI 300 Futures)),rank,-0.8888,1.4,-1.0,1,0.005959,-0.005959,0.0008,-0.006759,0.025935
2023-09-20,300ETF,Future (IF88 (CSI 300 Futures)),rank,-0.7946,1.4,0.0,0,0.000429,0.0,0.0008,-0.0008,0.025135
2023-09-21,300ETF,Future (IF88 (CSI 300 Futures)),rank,-0.0884,1.4,0.0,0,-0.005141,-0.0,0.0,-0.0,0.025135
2023-09-22,300ETF,Future (IF88 (CSI 300 Futures)),rank,-0.1512,1.4,0.0,0,0.015826,0.0,0.0,0.0,0.025135
2023-09-25,300ETF,Future (IF88 (CSI 300 Futures)),rank,-1.058,1.4,-1.0,1,-0.001073,0.001073,0.0008,0.000273,0.025408
2023-09-26,300ETF,Future (IF88 (CSI 300 Futures)),rank,0.1417,1.4,0.0,0,-0.003068,-0.0,0.0008,-0.0008,0.024608
2023-09-27,300ETF,Future (IF88 (CSI 300 Futures)),rank,0.8647,1.4,0.0,0,-0.004822,-0.0,0.0,-0.0,0.024608
2023-09-28,300ETF,Future (IF88 (CSI 300 Futures)),rank,-0.3326,1.4,0.0,0,-0.005879,-0.0,0.0,-0.0,0.024608
2023-10-09,300ETF,Future (IF88 (CSI 300 Futures)),rank,-1.1478,1.4,-1.0,1,0.002441,-0.002441,0.0008,-0.003241,0.021367
2023-10-10,300ETF,Future (IF88 (CSI 300 Futures)),rank,-0.3802,1.4,0.0,0,-0.008043,-0.0,0.0008,-0.0008,0.020567
2023-10-11,300ETF,Future (IF88 (CSI 300 Futures)),rank,0.4937,1.4,0.0,0,-0.006631,-0.0,0.0,-0.0,0.020567
2023-10-12,300ETF,Future (IF88 (CSI 300 Futures)),rank,0.0103,1.4,0.0,0,0.001133,0.0,0.0,0.0,0.020567
2023-10-13,300ETF,Future (IF88 (CSI 300 Futures)),rank,-1.1233,1.4,-1.0,1,-0.002344,0.002344,0.0008,0.001544,0.022111
2023-10-16,300ETF,Future (IF88 (CSI 300 Futures)),rank,-0.8261,1.4,-1.0,1,-0.006279,0.006279,0.0,0.006279,0.02839
2023-10-17,300ETF,Future (IF88 (CSI 300 Futures)),rank,-0.7586,1.4,0.0,0,0.001541,0.0,0.0008,-0.0008,0.02759
2023-10-18,300ETF,Future (IF88 (CSI 300 Futures)),rank,-0.9311,1.4,-1.0,1,-0.001768,0.001768,0.0008,0.000968,0.028559
2023-10-19,300ETF,Future (IF88 (CSI 300 Futures)),rank,-0.9487,1.4,-1.0,1,-0.008718,0.008718,0.0,0.008718,0.037277
2023-10-20,300ETF,Future (IF88 (CSI 300 Futures)),rank,0.1275,1.4,0.0,0,-0.001022,-0.0,0.0008,-0.0008,0.036477
2023-10-23,300ETF,Future (IF88 (CSI 300 Futures)),rank,-0.5685,1.4,0.0,0,-0.009615,-0.0,0.0,-0.0,0.036477
2023-10-24,300ETF,Future (IF88 (CSI 300 Futures)),rank,-0.5876,1.4,0.0,0,0.008464,0.0,0.0,0.0,0.036477
2023-10-25,300ETF,Future (IF88 (CSI 300 Futures)),rank,0.1724,1.4,0.0,0,-0.008004,-0.0,0.0,-0.0,0.036477
2023-10-26,300ETF,Future (IF88 (CSI 300 Futures)),rank,-0.0267,1.4,0.0,0,0.005877,0.0,0.0,0.0,0.036477
2023-10-27,300ETF,Future (IF88 (CSI 300 Futures)),rank,0.6758,1.4,0.0,0,0.012842,0.0,0.0,0.0,0.036477
2023-10-30,300ETF,Future (IF88 (CSI 300 Futures)),rank,0.5444,1.4,0.0,0,0.004353,0.0,0.0,0.0,0.036477
2023-10-31,300ETF,Future (IF88 (CSI 300 Futures)),rank,-0.7575,1.4,0.0,0,0.002574,0.0,0.0,0.0,0.036477
2023-11-01,300ETF,Future (IF88 (CSI 300 Futures)),rank,-0.6691,1.4,0.0,0,-0.000502,-0.0,0.0,-0.0,0.036477
2023-11-02,300ETF,Future (IF88 (CSI 300 Futures)),rank,0.4419,1.4,0.0,0,-0.004577,-0.0,0.0,-0.0,0.036477
2023-11-03,300ETF,Future (IF88 (CSI 300 Futures)),rank,0.4537,1.4,0.0,0,0.004734,0.0,0.0,0.0,0.036477
2023-11-06,300ETF,Future (IF88 (CSI 300 Futures)),rank,0.3729,1.4,0.0,0,0.003578,0.0,0.0,0.0,0.036477
2023-11-07,300ETF,Future (IF88 (CSI 300 Futures)),rank,-0.6439,1.4,0.0,0,0.002807,0.0,0.0,0.0,0.036477
2023-11-08,300ETF,Future (IF88 (CSI 300 Futures)),rank,0.0541,1.4,0.0,0,-0.006235,-0.0,0.0,-0.0,0.036477
2023-11-09,300ETF,Future (IF88 (CSI 300 Futures)),rank,0.6315,1.4,0.0,0,-0.000662,-0.0,0.0,-0.0,0.036477
2023-11-10,300ETF,Future (IF88 (CSI 300 Futures)),rank,-0.9481,1.4,-1.0,1,0.001057,-0.001057,0.0008,-0.001857,0.034619
2023-11-13,300ETF,Future (IF88 (CSI 300 Futures)),rank,-0.6228,1.4,0.0,0,-0.001841,-0.0,0.0008,-0.0008,0.033819
2023-11-14,300ETF,Future (IF88 (CSI 300 Futures)),rank,0.6764,1.4,0.0,0,-0.002839,-0.0,0.0,-0.0,0.033819
2023-11-15,300ETF,Future (IF88 (CSI 300 Futures)),rank,-0.5219,1.4,0.0,0,-0.003044,-0.0,0.0,-0.0,0.033819
2023-11-16,300ETF,Future (IF88 (CSI 300 Futures)),rank,-0.4086,1.4,0.0,0,-0.003286,-0.0,0.0,-0.0,0.033819
2023-11-17,300ETF,Future (IF88 (CSI 300 Futures)),rank,-0.1573,1.4,0.0,0,0.001066,0.0,0.0,0.0,0.033819
2023-11-20,300ETF,Future (IF88 (CSI 300 Futures)),rank,-0.8174,1.4,-1.0,1,0.009259,-0.009259,0.0008,-0.010059,0.02376
2023-11-21,300ETF,Future (IF88 (CSI 300 Futures)),rank,1.2011,1.4,0.0,0,-0.009107,-0.0,0.0008,-0.0008,0.02296
2023-11-22,300ETF,Future (IF88 (CSI 300 Futures)),rank,-0.4747,1.4,0.0,0,-0.004261,-0.0,0.0,-0.0,0.02296
2023-11-23,300ETF,Future (IF88 (CSI 300 Futures)),rank,-0.233,1.4,0.0,0,0.008105,0.0,0.0,0.0,0.02296
2023-11-24,300ETF,Future (IF88 (CSI 300 Futures)),rank,-0.8978,1.4,-1.0,1,-0.004564,0.004564,0.0008,0.003764,0.026724
2023-11-27,300ETF,Future (IF88 (CSI 300 Futures)),rank,-1.1795,1.4,-1.0,1,0.002963,-0.002963,0.0,-0.002963,0.023761
2023-11-28,300ETF,Future (IF88 (CSI 300 Futures)),rank,-0.437,1.4,0.0,0,0.000966,0.0,0.0008,-0.0008,0.022961
2023-11-29,300ETF,Future (IF88 (CSI 300 Futures)),rank,-0.9345,1.4,-1.0,1,-0.004059,0.004059,0.0008,0.003259,0.02622
2023-11-30,300ETF,Future (IF88 (CSI 300 Futures)),rank,0.0446,1.4,0.0,0,0.002343,0.0,0.0008,-0.0008,0.02542
2023-12-01,300ETF,Future (IF88 (CSI 300 Futures)),rank,-1.1341,1.4,-1.0,1,0.002069,-0.002069,0.0008,-0.002869,0.022551
2023-12-04,300ETF,Future (IF88 (CSI 300 Futures)),rank,-0.6369,1.4,0.0,0,-0.006911,-0.0,0.0008,-0.0008,0.021751
2023-12-05,300ETF,Future (IF88 (CSI 300 Futures)),rank,-0.9403,1.4,-1.0,1,-0.009122,0.009122,0.0008,0.008322,0.030073
2023-12-06,300ETF,Future (IF88 (CSI 300 Futures)),rank,-0.162,1.4,0.0,0,0.001296,0.0,0.0008,-0.0008,0.029273
2023-12-07,300ETF,Future (IF88 (CSI 300 Futures)),rank,-0.7027,1.4,0.0,0,0.007515,0.0,0.0,0.0,0.029273
2023-12-08,300ETF,Future (IF88 (CSI 300 Futures)),rank,0.201,1.4,0.0,0,0.002773,0.0,0.0,0.0,0.029273
2023-12-11,300ETF,Future (IF88 (CSI 300 Futures)),rank,-1.3132,1.4,-1.0,1,0.023592,-0.023592,0.0008,-0.024392,0.004881
2023-12-12,300ETF,Future (IF88 (CSI 300 Futures)),rank,0.0651,1.4,0.0,0,0.002339,0.0,0.0008,-0.0008,0.004081
2023-12-13,300ETF,Future (IF88 (CSI 300 Futures)),rank,-1.0244,1.4,-1.0,1,-0.007253,0.007253,0.0008,0.006453,0.010535
2023-12-14,300ETF,Future (IF88 (CSI 300 Futures)),rank,0.3344,1.4,0.0,0,-0.005279,-0.0,0.0008,-0.0008,0.009735
2023-12-15,300ETF,Future (IF88 (CSI 300 Futures)),rank,0.2779,1.4,0.0,0,-0.007407,-0.0,0.0,-0.0,0.009735
2023-12-18,300ETF,Future (IF88 (CSI 300 Futures)),rank,0.2254,1.4,0.0,0,-0.002877,-0.0,0.0,-0.0,0.009735
2023-12-19,300ETF,Future (IF88 (CSI 300 Futures)),rank,-0.6831,1.4,0.0,0,-0.002044,-0.0,0.0,-0.0,0.009735
2023-12-20,300ETF,Future (IF88 (CSI 300 Futures)),rank,-0.3421,1.4,0.0,0,-0.00739,-0.0,0.0,-0.0,0.009735
2023-12-21,300ETF,Future (IF88 (CSI 300 Futures)),rank,0.7353,1.4,0.0,0,0.009545,0.0,0.0,0.0,0.009735
2023-12-22,300ETF,Future (IF88 (CSI 300 Futures)),rank,-0.4317,1.4,0.0,0,0.004915,0.0,0.0,0.0,0.009735
2023-12-25,300ETF,Future (IF88 (CSI 300 Futures)),rank,0.4341,1.4,0.0,0,0.000477,0.0,0.0,0.0,0.009735
2023-12-26,300ETF,Future (IF88 (CSI 300 Futures)),rank,-0.8389,1.4,-1.0,1,-0.002338,0.002338,0.0008,0.001538,0.011272
2023-12-27,300ETF,Future (IF88 (CSI 300 Futures)),rank,-0.348,1.4,0.0,0,0.00852,0.0,0.0008,-0.0008,0.010472
2023-12-28,300ETF,Future (IF88 (CSI 300 Futures)),rank,1.5794,1.4,1.0,1,0.0141,0.0141,0.0008,0.0133,0.023773
2023-12-29,300ETF,Future (IF88 (CSI 300 Futures)),rank,0.4095,1.4,0.0,0,-0.001686,-0.0,0.0008,-0.0008,0.022973
2024-01-02,300ETF,Future (IF88 (CSI 300 Futures)),rank,-1.1554,1.4,-1.0,1,-0.004991,0.004991,0.0008,0.004191,0.027164
2024-01-03,300ETF,Future (IF88 (CSI 300 Futures)),rank,0.2113,1.4,0.0,0,-0.001417,-0.0,0.0008,-0.0008,0.026364
2024-01-04,300ETF,Future (IF88 (CSI 300 Futures)),rank,-0.8713,1.4,-1.0,1,-0.00179,0.00179,0.0008,0.00099,0.027354
2024-01-05,300ETF,Future (IF88 (CSI 300 Futures)),rank,0.7616,1.4,0.0,0,-0.010469,-0.0,0.0008,-0.0008,0.026554
2024-01-08,300ETF,Future (IF88 (CSI 300 Futures)),rank,-0.1109,1.4,0.0,0,-0.009278,-0.0,0.0,-0.0,0.026554
2024-01-09,300ETF,Future (IF88 (CSI 300 Futures)),rank,-0.2583,1.4,0.0,0,0.001882,0.0,0.0,0.0,0.026554
2024-01-10,300ETF,Future (IF88 (CSI 300 Futures)),rank,-0.3829,1.4,0.0,0,-0.003954,-0.0,0.0,-0.0,0.026554
2024-01-11,300ETF,Future (IF88 (CSI 300 Futures)),rank,-0.3056,1.4,0.0,0,0.006816,0.0,0.0,0.0,0.026554
2024-01-12,300ETF,Future (IF88 (CSI 300 Futures)),rank,-0.2695,1.4,0.0,0,-0.00085,-0.0,0.0,-0.0,0.026554
2024-01-15,300ETF,Future (IF88 (CSI 300 Futures)),rank,-0.6117,1.4,0.0,0,0.001585,0.0,0.0,0.0,0.026554
2024-01-16,300ETF,Future (IF88 (CSI 300 Futures)),rank,0.6077,1.4,0.0,0,-0.001581,-0.0,0.0,-0.0,0.026554
2024-01-17,300ETF,Future (IF88 (CSI 300 Futures)),rank,-0.8157,1.4,-1.0,1,-0.006623,0.006623,0.0008,0.005823,0.032376
2024-01-18,300ETF,Future (IF88 (CSI 300 Futures)),rank,-0.5724,1.4,0.0,0,-0.000746,-0.0,0.0008,-0.0008,0.031576
2024-01-19,300ETF,Future (IF88 (CSI 300 Futures)),rank,0.3089,1.4,0.0,0,-0.003632,-0.0,0.0,-0.0,0.031576
2024-01-22,300ETF,Future (IF88 (CSI 300 Futures)),rank,-0.2588,1.4,0.0,0,-0.015666,-0.0,0.0,-0.0,0.031576
2024-01-23,300ETF,Future (IF88 (CSI 300 Futures)),rank,-0.3227,1.4,0.0,0,0.010088,0.0,0.0,0.0,0.031576
2024-01-24,300ETF,Future (IF88 (CSI 300 Futures)),rank,-0.2039,1.4,0.0,0,0.008534,0.0,0.0,0.0,0.031576
2024-01-25,300ETF,Future (IF88 (CSI 300 Futures)),rank,0.3368,1.4,0.0,0,0.018394,0.0,0.0,0.0,0.031576
2024-01-26,300ETF,Future (IF88 (CSI 300 Futures)),rank,0.0316,1.4,0.0,0,0.001022,0.0,0.0,0.0,0.031576
2024-01-29,300ETF,Future (IF88 (CSI 300 Futures)),rank,0.3891,1.4,0.0,0,-0.005172,-0.0,0.0,-0.0,0.031576
2024-01-30,300ETF,Future (IF88 (CSI 300 Futures)),rank,-0.5452,1.4,0.0,0,-0.004601,-0.0,0.0,-0.0,0.031576
2024-01-31,300ETF,Future (IF88 (CSI 300 Futures)),rank,0.2362,1.4,0.0,0,-0.002606,-0.0,0.0,-0.0,0.031576
2024-02-01,300ETF,Future (IF88 (CSI 300 Futures)),rank,-0.2762,1.4,0.0,0,0.00725,0.0,0.0,0.0,0.031576
2024-02-02,300ETF,Future (IF88 (CSI 300 Futures)),rank,0.1787,1.4,0.0,0,-0.015813,-0.0,0.0,-0.0,0.031576
2024-02-05,300ETF,Future (IF88 (CSI 300 Futures)),rank,0.0957,1.4,0.0,0,0.006857,0.0,0.0,0.0,0.031576
2024-02-06,300ETF,Future (IF88 (CSI 300 Futures)),rank,1.9962,1.4,1.0,1,0.020303,0.020303,0.0008,0.019503,0.051079
2024-02-07,300ETF,Future (IF88 (CSI 300 Futures)),rank,0.4757,1.4,0.0,0,-0.00297,-0.0,0.0008,-0.0008,0.050279
2024-02-08,300ETF,Future (IF88 (CSI 300 Futures)),rank,0.4946,1.4,0.0,0,0.000958,0.0,0.0,0.0,0.050279
2024-02-19,300ETF,Future (IF88 (CSI 300 Futures)),rank,-0.855,1.4,-1.0,1,0.003264,-0.003264,0.0008,-0.004064,0.046215
2024-02-20,300ETF,Future (IF88 (CSI 300 Futures)),rank,-0.7653,1.4,0.0,0,0.006452,0.0,0.0008,-0.0008,0.045415
2024-02-21,300ETF,Future (IF88 (CSI 300 Futures)),rank,0.1067,1.4,0.0,0,0.022683,0.0,0.0,0.0,0.045415
2024-02-22,300ETF,Future (IF88 (CSI 300 Futures)),rank,0.802,1.4,0.0,0,0.003913,0.0,0.0,0.0,0.045415
2024-02-23,300ETF,Future (IF88 (CSI 300 Futures)),rank,0.1534,1.4,0.0,0,-0.000572,-0.0,0.0,-0.0,0.045415
2024-02-26,300ETF,Future (IF88 (CSI 300 Futures)),rank,-0.1596,1.4,0.0,0,-0.003291,-0.0,0.0,-0.0,0.045415
2024-02-27,300ETF,Future (IF88 (CSI 300 Futures)),rank,0.2652,1.4,0.0,0,0.009504,0.0,0.0,0.0,0.045415
2024-02-28,300ETF,Future (IF88 (CSI 300 Futures)),rank,-0.2761,1.4,0.0,0,-0.006804,-0.0,0.0,-0.0,0.045415
2024-02-29,300ETF,Future (IF88 (CSI 300 Futures)),rank,1.3025,1.4,0.0,0,0.008012,0.0,0.0,0.0,0.045415
2024-03-01,300ETF,Future (IF88 (CSI 300 Futures)),rank,0.0504,1.4,0.0,0,0.006913,0.0,0.0,0.0,0.045415
2024-03-04,300ETF,Future (IF88 (CSI 300 Futures)),rank,-0.0013,1.4,0.0,0,-0.000735,-0.0,0.0,-0.0,0.045415
2024-03-05,300ETF,Future (IF88 (CSI 300 Futures)),rank,0.5052,1.4,0.0,0,0.003834,0.0,0.0,0.0,0.045415
2024-03-06,300ETF,Future (IF88 (CSI 300 Futures)),rank,-0.2758,1.4,0.0,0,0.003721,0.0,0.0,0.0,0.045415
2024-03-07,300ETF,Future (IF88 (CSI 300 Futures)),rank,0.6059,1.4,0.0,0,-0.009427,-0.0,0.0,-0.0,0.045415
2024-03-08,300ETF,Future (IF88 (CSI 300 Futures)),rank,0.4372,1.4,0.0,0,0.002825,0.0,0.0,0.0,0.045415
2024-03-11,300ETF,Future (IF88 (CSI 300 Futures)),rank,0.4566,1.4,0.0,0,0.010387,0.0,0.0,0.0,0.045415
2024-03-12,300ETF,Future (IF88 (CSI 300 Futures)),rank,-0.0793,1.4,0.0,0,-0.00272,-0.0,0.0,-0.0,0.045415
2024-03-13,300ETF,Future (IF88 (CSI 300 Futures)),rank,-0.6696,1.4,0.0,0,-0.002569,-0.0,0.0,-0.0,0.045415
2024-03-14,300ETF,Future (IF88 (CSI 300 Futures)),rank,0.9607,1.4,0.0,0,-0.009661,-0.0,0.0,-0.0,0.045415
2024-03-15,300ETF,Future (IF88 (CSI 300 Futures)),rank,-0.0826,1.4,0.0,0,0.006127,0.0,0.0,0.0,0.045415
2024-03-18,300ETF,Future (IF88 (CSI 300 Futures)),rank,0.379,1.4,0.0,0,-0.000111,-0.0,0.0,-0.0,0.045415
2024-03-19,300ETF,Future (IF88 (CSI 300 Futures)),rank,-0.3045,1.4,0.0,0,-0.007018,-0.0,0.0,-0.0,0.045415
2024-03-20,300ETF,Future (IF88 (CSI 300 Futures)),rank,-0.0041,1.4,0.0,0,0.0,0.0,0.0,0.0,0.045415
2024-03-21,300ETF,Future (IF88 (CSI 300 Futures)),rank,-0.1334,1.4,0.0,0,-0.002944,-0.0,0.0,-0.0,0.045415
2024-03-22,300ETF,Future (IF88 (CSI 300 Futures)),rank,-0.5629,1.4,0.0,0,-0.002201,-0.0,0.0,-0.0,0.045415
2024-03-25,300ETF,Future (IF88 (CSI 300 Futures)),rank,-0.3535,1.4,0.0,0,5.7e-05,0.0,0.0,0.0,0.045415
2024-03-26,300ETF,Future (IF88 (CSI 300 Futures)),rank,0.4947,1.4,0.0,0,0.001693,0.0,0.0,0.0,0.045415
2024-03-27,300ETF,Future (IF88 (CSI 300 Futures)),rank,-0.7795,1.4,0.0,0,-0.00255,-0.0,0.0,-0.0,0.045415
2024-03-28,300ETF,Future (IF88 (CSI 300 Futures)),rank,-0.2887,1.4,0.0,0,0.003821,0.0,0.0,0.0,0.045415
2024-03-29,300ETF,Future (IF88 (CSI 300 Futures)),rank,0.6842,1.4,0.0,0,-0.001583,-0.0,0.0,-0.0,0.045415
2024-04-01,300ETF,Future (IF88 (CSI 300 Futures)),rank,1.5946,1.4,1.0,1,0.001278,0.001278,0.0008,0.000478,0.045893
2024-04-02,300ETF,Future (IF88 (CSI 300 Futures)),rank,-0.2999,1.4,0.0,0,-0.005014,-0.0,0.0008,-0.0008,0.045093
2024-04-03,300ETF,Future (IF88 (CSI 300 Futures)),rank,-0.6112,1.4,0.0,0,-0.001959,-0.0,0.0,-0.0,0.045093
2024-04-08,300ETF,Future (IF88 (CSI 300 Futures)),rank,-0.8352,1.4,-1.0,1,-0.003717,0.003717,0.0008,0.002917,0.048011
2024-04-09,300ETF,Future (IF88 (CSI 300 Futures)),rank,-0.0244,1.4,0.0,0,0.00249,0.0,0.0008,-0.0008,0.047211
2024-04-10,300ETF,Future (IF88 (CSI 300 Futures)),rank,-0.5225,1.4,0.0,0,-0.005507,-0.0,0.0,-0.0,0.047211
2024-04-11,300ETF,Future (IF88 (CSI 300 Futures)),rank,-0.2039,1.4,0.0,0,0.00297,0.0,0.0,0.0,0.047211
2024-04-12,300ETF,Future (IF88 (CSI 300 Futures)),rank,0.1639,1.4,0.0,0,-0.006699,-0.0,0.0,-0.0,0.047211
2024-04-15,300ETF,Future (IF88 (CSI 300 Futures)),rank,1.5866,1.4,1.0,1,0.007383,0.007383,0.0008,0.006583,0.053793
2024-04-16,300ETF,Future (IF88 (CSI 300 Futures)),rank,-0.1342,1.4,0.0,0,-0.006698,-0.0,0.0008,-0.0008,0.052993
2024-04-17,300ETF,Future (IF88 (CSI 300 Futures)),rank,0.1865,1.4,0.0,0,0.010109,0.0,0.0,0.0,0.052993
2024-04-18,300ETF,Future (IF88 (CSI 300 Futures)),rank,-0.0217,1.4,0.0,0,0.005437,0.0,0.0,0.0,0.052993
2024-04-19,300ETF,Future (IF88 (CSI 300 Futures)),rank,-0.4899,1.4,0.0,0,-0.005979,-0.0,0.0,-0.0,0.052993
2024-04-22,300ETF,Future (IF88 (CSI 300 Futures)),rank,0.525,1.4,0.0,0,-0.008239,-0.0,0.0,-0.0,0.052993
2024-04-23,300ETF,Future (IF88 (CSI 300 Futures)),rank,-0.3833,1.4,0.0,0,5.7e-05,0.0,0.0,0.0,0.052993
2024-04-24,300ETF,Future (IF88 (CSI 300 Futures)),rank,-0.8092,1.4,-1.0,1,0.005471,-0.005471,0.0008,-0.006271,0.046722
2024-04-25,300ETF,Future (IF88 (CSI 300 Futures)),rank,-0.5877,1.4,0.0,0,0.005282,0.0,0.0008,-0.0008,0.045922
2024-04-26,300ETF,Future (IF88 (CSI 300 Futures)),rank,1.0755,1.4,0.0,0,0.010911,0.0,0.0,0.0,0.045922
2024-04-29,300ETF,Future (IF88 (CSI 300 Futures)),rank,0.2735,1.4,0.0,0,0.009098,0.0,0.0,0.0,0.045922
2024-04-30,300ETF,Future (IF88 (CSI 300 Futures)),rank,-0.4513,1.4,0.0,0,-0.002427,-0.0,0.0,-0.0,0.045922
2024-05-06,300ETF,Future (IF88 (CSI 300 Futures)),rank,0.1007,1.4,0.0,0,-0.003284,-0.0,0.0,-0.0,0.045922
2024-05-07,300ETF,Future (IF88 (CSI 300 Futures)),rank,-0.2807,1.4,0.0,0,-0.002468,-0.0,0.0,-0.0,0.045922
2024-05-08,300ETF,Future (IF88 (CSI 300 Futures)),rank,-0.8866,1.4,-1.0,1,-0.004028,0.004028,0.0008,0.003228,0.049151
2024-05-09,300ETF,Future (IF88 (CSI 300 Futures)),rank,0.8465,1.4,0.0,0,0.002248,0.0,0.0008,-0.0008,0.048351
2024-05-10,300ETF,Future (IF88 (CSI 300 Futures)),rank,-0.175,1.4,0.0,0,0.004282,0.0,0.0,0.0,0.048351
2024-05-13,300ETF,Future (IF88 (CSI 300 Futures)),rank,-0.7627,1.4,0.0,0,0.004734,0.0,0.0,0.0,0.048351
2024-05-14,300ETF,Future (IF88 (CSI 300 Futures)),rank,0.0256,1.4,0.0,0,0.00011,0.0,0.0,0.0,0.048351
2024-05-15,300ETF,Future (IF88 (CSI 300 Futures)),rank,-0.6212,1.4,0.0,0,-0.003255,-0.0,0.0,-0.0,0.048351
2024-05-16,300ETF,Future (IF88 (CSI 300 Futures)),rank,-0.324,1.4,0.0,0,-0.002043,-0.0,0.0,-0.0,0.048351
2024-05-17,300ETF,Future (IF88 (CSI 300 Futures)),rank,-0.0285,1.4,0.0,0,0.002249,0.0,0.0,0.0,0.048351
2024-05-20,300ETF,Future (IF88 (CSI 300 Futures)),rank,0.8534,1.4,0.0,0,-0.004074,-0.0,0.0,-0.0,0.048351
2024-05-21,300ETF,Future (IF88 (CSI 300 Futures)),rank,-0.518,1.4,0.0,0,-0.001967,-0.0,0.0,-0.0,0.048351
2024-05-22,300ETF,Future (IF88 (CSI 300 Futures)),rank,-0.149,1.4,0.0,0,0.000764,0.0,0.0,0.0,0.048351
2024-05-23,300ETF,Future (IF88 (CSI 300 Futures)),rank,-0.9811,1.4,-1.0,1,-0.003858,0.003858,0.0008,0.003058,0.051408
2024-05-24,300ETF,Future (IF88 (CSI 300 Futures)),rank,0.3795,1.4,0.0,0,-0.009911,-0.0,0.0008,-0.0008,0.050608
2024-05-27,300ETF,Future (IF88 (CSI 300 Futures)),rank,0.1673,1.4,0.0,0,0.003935,0.0,0.0,0.0,0.050608
2024-05-28,300ETF,Future (IF88 (CSI 300 Futures)),rank,-0.478,1.4,0.0,0,-0.005054,-0.0,0.0,-0.0,0.050608
2024-05-29,300ETF,Future (IF88 (CSI 300 Futures)),rank,0.6995,1.4,0.0,0,-0.003047,-0.0,0.0,-0.0,0.050608
2024-05-30,300ETF,Future (IF88 (CSI 300 Futures)),rank,0.0566,1.4,0.0,0,-0.007671,-0.0,0.0,-0.0,0.050608
2024-05-31,300ETF,Future (IF88 (CSI 300 Futures)),rank,0.1545,1.4,0.0,0,-0.008472,-0.0,0.0,-0.0,0.050608
2024-06-03,300ETF,Future (IF88 (CSI 300 Futures)),rank,-0.5051,1.4,0.0,0,-0.005326,-0.0,0.0,-0.0,0.050608
2024-06-04,300ETF,Future (IF88 (CSI 300 Futures)),rank,-0.042,1.4,0.0,0,0.006841,0.0,0.0,0.0,0.050608
2024-06-05,300ETF,Future (IF88 (CSI 300 Futures)),rank,0.1594,1.4,0.0,0,-0.005893,-0.0,0.0,-0.0,0.050608
2024-06-06,300ETF,Future (IF88 (CSI 300 Futures)),rank,0.2962,1.4,0.0,0,-0.004967,-0.0,0.0,-0.0,0.050608
2024-06-07,300ETF,Future (IF88 (CSI 300 Futures)),rank,-0.1283,1.4,0.0,0,-0.005936,-0.0,0.0,-0.0,0.050608
2024-06-11,300ETF,Future (IF88 (CSI 300 Futures)),rank,-0.7311,1.4,0.0,0,0.001189,0.0,0.0,0.0,0.050608
2024-06-12,300ETF,Future (IF88 (CSI 300 Futures)),rank,0.019,1.4,0.0,0,-0.00034,-0.0,0.0,-0.0,0.050608
2024-06-13,300ETF,Future (IF88 (CSI 300 Futures)),rank,-0.8394,1.4,-1.0,1,-0.006648,0.006648,0.0008,0.005848,0.056457
2024-06-14,300ETF,Future (IF88 (CSI 300 Futures)),rank,-0.4439,1.4,0.0,0,0.005788,0.0,0.0008,-0.0008,0.055657
2024-06-17,300ETF,Future (IF88 (CSI 300 Futures)),rank,-0.342,1.4,0.0,0,-0.000566,-0.0,0.0,-0.0,0.055657
2024-06-18,300ETF,Future (IF88 (CSI 300 Futures)),rank,0.1718,1.4,0.0,0,-0.000962,-0.0,0.0,-0.0,0.055657
2024-06-19,300ETF,Future (IF88 (CSI 300 Futures)),rank,-0.9779,1.4,-1.0,1,-0.000964,0.000964,0.0008,0.000164,0.05582
2024-06-20,300ETF,Future (IF88 (CSI 300 Futures)),rank,-0.0461,1.4,0.0,0,-0.002111,-0.0,0.0008,-0.0008,0.05502
2024-06-21,300ETF,Future (IF88 (CSI 300 Futures)),rank,-0.4761,1.4,0.0,0,-0.002019,-0.0,0.0,-0.0,0.05502
2024-06-24,300ETF,Future (IF88 (CSI 300 Futures)),rank,-0.5854,1.4,0.0,0,0.002256,0.0,0.0,0.0,0.05502
2024-06-25,300ETF,Future (IF88 (CSI 300 Futures)),rank,-0.0678,1.4,0.0,0,-0.006448,-0.0,0.0,-0.0,0.05502
2024-06-26,300ETF,Future (IF88 (CSI 300 Futures)),rank,-0.3865,1.4,0.0,0,0.009242,0.0,0.0,0.0,0.05502
2024-06-27,300ETF,Future (IF88 (CSI 300 Futures)),rank,-1.1117,1.4,-1.0,1,0.001808,-0.001808,0.0008,-0.002608,0.052412
2024-06-28,300ETF,Future (IF88 (CSI 300 Futures)),rank,1.0203,1.4,0.0,0,-0.005515,-0.0,0.0008,-0.0008,0.051612
2024-07-01,300ETF,Future (IF88 (CSI 300 Futures)),rank,-0.1335,1.4,0.0,0,0.005056,0.0,0.0,0.0,0.051612
2024-07-02,300ETF,Future (IF88 (CSI 300 Futures)),rank,0.1296,1.4,0.0,0,-0.004295,-0.0,0.0,-0.0,0.051612
2024-07-03,300ETF,Future (IF88 (CSI 300 Futures)),rank,-0.3627,1.4,0.0,0,0.001397,0.0,0.0,0.0,0.051612
2024-07-04,300ETF,Future (IF88 (CSI 300 Futures)),rank,0.5171,1.4,0.0,0,-0.005708,-0.0,0.0,-0.0,0.051612
2024-07-05,300ETF,Future (IF88 (CSI 300 Futures)),rank,-0.4373,1.4,0.0,0,0.00053,0.0,0.0,0.0,0.051612
2024-07-08,300ETF,Future (IF88 (CSI 300 Futures)),rank,-0.4015,1.4,0.0,0,-0.003188,-0.0,0.0,-0.0,0.051612
2024-07-09,300ETF,Future (IF88 (CSI 300 Futures)),rank,-0.1447,1.4,0.0,0,0.010932,0.0,0.0,0.0,0.051612
2024-07-10,300ETF,Future (IF88 (CSI 300 Futures)),rank,0.369,1.4,0.0,0,-0.003217,-0.0,0.0,-0.0,0.051612
2024-07-11,300ETF,Future (IF88 (CSI 300 Futures)),rank,-0.3209,1.4,0.0,0,0.003015,0.0,0.0,0.0,0.051612
2024-07-12,300ETF,Future (IF88 (CSI 300 Futures)),rank,-0.116,1.4,0.0,0,0.000693,0.0,0.0,0.0,0.051612
2024-07-15,300ETF,Future (IF88 (CSI 300 Futures)),rank,0.162,1.4,0.0,0,-0.001443,-0.0,0.0,-0.0,0.051612
2024-07-16,300ETF,Future (IF88 (CSI 300 Futures)),rank,-0.0443,1.4,0.0,0,0.005008,0.0,0.0,0.0,0.051612
2024-07-17,300ETF,Future (IF88 (CSI 300 Futures)),rank,-0.5358,1.4,0.0,0,0.005386,0.0,0.0,0.0,0.051612
2024-07-18,300ETF,Future (IF88 (CSI 300 Futures)),rank,-0.5502,1.4,0.0,0,0.007322,0.0,0.0,0.0,0.051612
2024-07-19,300ETF,Future (IF88 (CSI 300 Futures)),rank,-0.5546,1.4,0.0,0,0.007662,0.0,0.0,0.0,0.051612
2024-07-22,300ETF,Future (IF88 (CSI 300 Futures)),rank,-0.7063,1.4,0.0,0,-0.001145,-0.0,0.0,-0.0,0.051612
2024-07-23,300ETF,Future (IF88 (CSI 300 Futures)),rank,-1.0653,1.4,-1.0,1,-0.01163,0.01163,0.0008,0.01083,0.062442
2024-07-24,300ETF,Future (IF88 (CSI 300 Futures)),rank,0.4304,1.4,0.0,0,-0.005575,-0.0,0.0008,-0.0008,0.061642
2024-07-25,300ETF,Future (IF88 (CSI 300 Futures)),rank,-0.2386,1.4,0.0,0,-0.005669,-0.0,0.0,-0.0,0.061642
2024-07-26,300ETF,Future (IF88 (CSI 300 Futures)),rank,0.7859,1.4,0.0,0,-0.004886,-0.0,0.0,-0.0,0.061642
2024-07-29,300ETF,Future (IF88 (CSI 300 Futures)),rank,-0.3479,1.4,0.0,0,-0.002185,-0.0,0.0,-0.0,0.061642
2024-07-30,300ETF,Future (IF88 (CSI 300 Futures)),rank,-1.1863,1.4,-1.0,1,0.00125,-0.00125,0.0008,-0.00205,0.059592
2024-07-31,300ETF,Future (IF88 (CSI 300 Futures)),rank,0.8927,1.4,0.0,0,0.015281,0.0,0.0008,-0.0008,0.058792
2024-08-01,300ETF,Future (IF88 (CSI 300 Futures)),rank,-0.2927,1.4,0.0,0,-0.006363,-0.0,0.0,-0.0,0.058792
2024-08-02,300ETF,Future (IF88 (CSI 300 Futures)),rank,0.1474,1.4,0.0,0,-0.00837,-0.0,0.0,-0.0,0.058792
2024-08-05,300ETF,Future (IF88 (CSI 300 Futures)),rank,1.1819,1.4,0.0,0,-0.011612,-0.0,0.0,-0.0,0.058792
2024-08-06,300ETF,Future (IF88 (CSI 300 Futures)),rank,-0.0655,1.4,0.0,0,-0.006665,-0.0,0.0,-0.0,0.058792
2024-08-07,300ETF,Future (IF88 (CSI 300 Futures)),rank,0.5591,1.4,0.0,0,-0.003538,-0.0,0.0,-0.0,0.058792
2024-08-08,300ETF,Future (IF88 (CSI 300 Futures)),rank,-0.6642,1.4,0.0,0,0.007099,0.0,0.0,0.0,0.058792
2024-08-09,300ETF,Future (IF88 (CSI 300 Futures)),rank,0.123,1.4,0.0,0,-0.005819,-0.0,0.0,-0.0,0.058792
2024-08-12,300ETF,Future (IF88 (CSI 300 Futures)),rank,-0.1486,1.4,0.0,0,-0.002709,-0.0,0.0,-0.0,0.058792
2024-08-13,300ETF,Future (IF88 (CSI 300 Futures)),rank,-0.3647,1.4,0.0,0,-0.000846,-0.0,0.0,-0.0,0.058792
2024-08-14,300ETF,Future (IF88 (CSI 300 Futures)),rank,-1.1044,1.4,-1.0,1,-0.000907,0.000907,0.0008,0.000107,0.058899
2024-08-15,300ETF,Future (IF88 (CSI 300 Futures)),rank,1.1287,1.4,0.0,0,0.001986,0.0,0.0008,-0.0008,0.058099
2024-08-16,300ETF,Future (IF88 (CSI 300 Futures)),rank,-0.1413,1.4,0.0,0,-0.003951,-0.0,0.0,-0.0,0.058099
2024-08-19,300ETF,Future (IF88 (CSI 300 Futures)),rank,1.3095,1.4,0.0,0,-0.006128,-0.0,0.0,-0.0,0.058099
2024-08-20,300ETF,Future (IF88 (CSI 300 Futures)),rank,-0.9131,1.4,-1.0,1,-0.004032,0.004032,0.0008,0.003232,0.061331
2024-08-21,300ETF,Future (IF88 (CSI 300 Futures)),rank,-0.7466,1.4,0.0,0,0.002055,0.0,0.0008,-0.0008,0.060531
2024-08-22,300ETF,Future (IF88 (CSI 300 Futures)),rank,-0.2528,1.4,0.0,0,-0.001151,-0.0,0.0,-0.0,0.060531
2024-08-23,300ETF,Future (IF88 (CSI 300 Futures)),rank,0.3528,1.4,0.0,0,0.005493,0.0,0.0,0.0,0.060531
2024-08-26,300ETF,Future (IF88 (CSI 300 Futures)),rank,-0.3214,1.4,0.0,0,-0.000181,-0.0,0.0,-0.0,0.060531
2024-08-27,300ETF,Future (IF88 (CSI 300 Futures)),rank,-0.4937,1.4,0.0,0,-0.001212,-0.0,0.0,-0.0,0.060531
2024-08-28,300ETF,Future (IF88 (CSI 300 Futures)),rank,-0.3145,1.4,0.0,0,-0.001947,-0.0,0.0,-0.0,0.060531
2024-08-29,300ETF,Future (IF88 (CSI 300 Futures)),rank,-0.2258,1.4,0.0,0,0.003845,0.0,0.0,0.0,0.060531
2024-08-30,300ETF,Future (IF88 (CSI 300 Futures)),rank,1.516,1.4,1.0,1,0.004032,0.004032,0.0008,0.003232,0.063763
2024-09-02,300ETF,Future (IF88 (CSI 300 Futures)),rank,-0.7634,1.4,0.0,0,-0.007626,-0.0,0.0008,-0.0008,0.062963
2024-09-03,300ETF,Future (IF88 (CSI 300 Futures)),rank,-0.0402,1.4,0.0,0,0.001591,0.0,0.0,0.0,0.062963
2024-09-04,300ETF,Future (IF88 (CSI 300 Futures)),rank,-0.6088,1.4,0.0,0,-6.1e-05,-0.0,0.0,-0.0,0.062963
2024-09-05,300ETF,Future (IF88 (CSI 300 Futures)),rank,0.1529,1.4,0.0,0,0.002644,0.0,0.0,0.0,0.062963
2024-09-06,300ETF,Future (IF88 (CSI 300 Futures)),rank,0.0047,1.4,0.0,0,-0.010324,-0.0,0.0,-0.0,0.062963
2024-09-09,300ETF,Future (IF88 (CSI 300 Futures)),rank,-0.5854,1.4,0.0,0,-0.006388,-0.0,0.0,-0.0,0.062963
2024-09-10,300ETF,Future (IF88 (CSI 300 Futures)),rank,-0.3267,1.4,0.0,0,0.002447,0.0,0.0,0.0,0.062963
2024-09-11,300ETF,Future (IF88 (CSI 300 Futures)),rank,-0.8994,1.4,-1.0,1,0.001069,-0.001069,0.0008,-0.001869,0.061094
2024-09-12,300ETF,Future (IF88 (CSI 300 Futures)),rank,0.4412,1.4,0.0,0,-0.005019,-0.0,0.0008,-0.0008,0.060294
2024-09-13,300ETF,Future (IF88 (CSI 300 Futures)),rank,0.4959,1.4,0.0,0,-0.008757,-0.0,0.0,-0.0,0.060294
2024-09-18,300ETF,Future (IF88 (CSI 300 Futures)),rank,0.4303,1.4,0.0,0,0.003916,0.0,0.0,0.0,0.060294
2024-09-19,300ETF,Future (IF88 (CSI 300 Futures)),rank,-0.4646,1.4,0.0,0,0.011236,0.0,0.0,0.0,0.060294
2024-09-20,300ETF,Future (IF88 (CSI 300 Futures)),rank,-0.4774,1.4,0.0,0,0.00195,0.0,0.0,0.0,0.060294
2024-09-23,300ETF,Future (IF88 (CSI 300 Futures)),rank,1.0459,1.4,0.0,0,-0.004482,-0.0,0.0,-0.0,0.060294
2024-09-24,300ETF,Future (IF88 (CSI 300 Futures)),rank,0.019,1.4,0.0,0,0.036945,0.0,0.0,0.0,0.060294
2024-09-25,300ETF,Future (IF88 (CSI 300 Futures)),rank,1.9186,1.4,1.0,1,-0.012834,-0.012834,0.0008,-0.013634,0.04666
2024-09-26,300ETF,Future (IF88 (CSI 300 Futures)),rank,0.8316,1.4,0.0,0,0.030667,0.0,0.0008,-0.0008,0.04586
2024-09-27,300ETF,Future (IF88 (CSI 300 Futures)),rank,1.3431,1.4,0.0,0,0.041525,0.0,0.0,0.0,0.04586
2024-09-30,300ETF,Future (IF88 (CSI 300 Futures)),rank,2.3278,1.4,1.0,1,0.051948,0.051948,0.0008,0.051148,0.097008
2024-10-08,300ETF,Future (IF88 (CSI 300 Futures)),rank,0.1878,1.4,0.0,0,-0.050967,-0.0,0.0008,-0.0008,0.096208
2024-10-09,300ETF,Future (IF88 (CSI 300 Futures)),rank,-1.2012,1.4,-1.0,1,-0.028803,0.028803,0.0008,0.028003,0.124211
2024-10-10,300ETF,Future (IF88 (CSI 300 Futures)),rank,1.13,1.4,0.0,0,0.010806,0.0,0.0008,-0.0008,0.123411
2024-10-11,300ETF,Future (IF88 (CSI 300 Futures)),rank,-0.8082,1.4,-1.0,1,-0.028697,0.028697,0.0008,0.027897,0.151308
2024-10-14,300ETF,Future (IF88 (CSI 300 Futures)),rank,0.932,1.4,0.0,0,0.010289,0.0,0.0008,-0.0008,0.150508
2024-10-15,300ETF,Future (IF88 (CSI 300 Futures)),rank,-0.433,1.4,0.0,0,-0.015621,-0.0,0.0,-0.0,0.150508
2024-10-16,300ETF,Future (IF88 (CSI 300 Futures)),rank,0.2273,1.4,0.0,0,-0.009728,-0.0,0.0,-0.0,0.150508
2024-10-17,300ETF,Future (IF88 (CSI 300 Futures)),rank,0.2772,1.4,0.0,0,-0.017828,-0.0,0.0,-0.0,0.150508
2024-10-18,300ETF,Future (IF88 (CSI 300 Futures)),rank,0.2947,1.4,0.0,0,0.061175,0.0,0.0,0.0,0.150508
2024-10-21,300ETF,Future (IF88 (CSI 300 Futures)),rank,0.1381,1.4,0.0,0,0.007699,0.0,0.0,0.0,0.150508
2024-10-22,300ETF,Future (IF88 (CSI 300 Futures)),rank,0.711,1.4,0.0,0,-0.000202,-0.0,0.0,-0.0,0.150508
2024-10-23,300ETF,Future (IF88 (CSI 300 Futures)),rank,-0.3429,1.4,0.0,0,0.004788,0.0,0.0,0.0,0.150508
2024-10-24,300ETF,Future (IF88 (CSI 300 Futures)),rank,-0.6188,1.4,0.0,0,-0.003559,-0.0,0.0,-0.0,0.150508
2024-10-25,300ETF,Future (IF88 (CSI 300 Futures)),rank,0.2887,1.4,0.0,0,0.007441,0.0,0.0,0.0,0.150508
2024-10-28,300ETF,Future (IF88 (CSI 300 Futures)),rank,-1.0743,1.4,-1.0,1,0.003751,-0.003751,0.0008,-0.004551,0.145957
2024-10-29,300ETF,Future (IF88 (CSI 300 Futures)),rank,0.4931,1.4,0.0,0,-0.008297,-0.0,0.0008,-0.0008,0.145157
2024-10-30,300ETF,Future (IF88 (CSI 300 Futures)),rank,0.0959,1.4,0.0,0,-0.010079,-0.0,0.0,-0.0,0.145157
2024-10-31,300ETF,Future (IF88 (CSI 300 Futures)),rank,-0.7752,1.4,0.0,0,0.00742,0.0,0.0,0.0,0.145157
2024-11-01,300ETF,Future (IF88 (CSI 300 Futures)),rank,1.0171,1.4,0.0,0,-0.002804,-0.0,0.0,-0.0,0.145157
2024-11-04,300ETF,Future (IF88 (CSI 300 Futures)),rank,0.0551,1.4,0.0,0,0.004841,0.0,0.0,0.0,0.145157
2024-11-05,300ETF,Future (IF88 (CSI 300 Futures)),rank,0.1286,1.4,0.0,0,0.019196,0.0,0.0,0.0,0.145157
2024-11-06,300ETF,Future (IF88 (CSI 300 Futures)),rank,0.0752,1.4,0.0,0,-0.006952,-0.0,0.0,-0.0,0.145157
2024-11-07,300ETF,Future (IF88 (CSI 300 Futures)),rank,0.5333,1.4,0.0,0,0.023729,0.0,0.0,0.0,0.145157
2024-11-08,300ETF,Future (IF88 (CSI 300 Futures)),rank,-0.2032,1.4,0.0,0,-0.013387,-0.0,0.0,-0.0,0.145157
2024-11-11,300ETF,Future (IF88 (CSI 300 Futures)),rank,-0.2139,1.4,0.0,0,0.008081,0.0,0.0,0.0,0.145157
2024-11-12,300ETF,Future (IF88 (CSI 300 Futures)),rank,1.259,1.4,0.0,0,-0.023713,-0.0,0.0,-0.0,0.145157
2024-11-13,300ETF,Future (IF88 (CSI 300 Futures)),rank,0.4402,1.4,0.0,0,0.004538,0.0,0.0,0.0,0.145157
2024-11-14,300ETF,Future (IF88 (CSI 300 Futures)),rank,-0.0185,1.4,0.0,0,-0.011552,-0.0,0.0,-0.0,0.145157
2024-11-15,300ETF,Future (IF88 (CSI 300 Futures)),rank,0.0349,1.4,0.0,0,-0.004726,-0.0,0.0,-0.0,0.145157
2024-11-18,300ETF,Future (IF88 (CSI 300 Futures)),rank,0.2659,1.4,0.0,0,-0.008863,-0.0,0.0,-0.0,0.145157
2024-11-19,300ETF,Future (IF88 (CSI 300 Futures)),rank,0.3842,1.4,0.0,0,0.000706,0.0,0.0,0.0,0.145157
2024-11-20,300ETF,Future (IF88 (CSI 300 Futures)),rank,-0.3268,1.4,0.0,0,0.005388,0.0,0.0,0.0,0.145157
2024-11-21,300ETF,Future (IF88 (CSI 300 Futures)),rank,-0.0609,1.4,0.0,0,0.002113,0.0,0.0,0.0,0.145157
2024-11-22,300ETF,Future (IF88 (CSI 300 Futures)),rank,-0.3062,1.4,0.0,0,-0.019422,-0.0,0.0,-0.0,0.145157
2024-11-25,300ETF,Future (IF88 (CSI 300 Futures)),rank,0.3956,1.4,0.0,0,-0.007805,-0.0,0.0,-0.0,0.145157
2024-11-26,300ETF,Future (IF88 (CSI 300 Futures)),rank,0.2303,1.4,0.0,0,-0.002294,-0.0,0.0,-0.0,0.145157
2024-11-27,300ETF,Future (IF88 (CSI 300 Futures)),rank,-0.156,1.4,0.0,0,0.021023,0.0,0.0,0.0,0.145157
2024-11-28,300ETF,Future (IF88 (CSI 300 Futures)),rank,-0.2841,1.4,0.0,0,-0.004172,-0.0,0.0,-0.0,0.145157
2024-11-29,300ETF,Future (IF88 (CSI 300 Futures)),rank,0.999,1.4,0.0,0,0.009639,0.0,0.0,0.0,0.145157
2024-12-02,300ETF,Future (IF88 (CSI 300 Futures)),rank,0.8026,1.4,0.0,0,-0.00335,-0.0,0.0,-0.0,0.145157
2024-12-03,300ETF,Future (IF88 (CSI 300 Futures)),rank,-0.8627,1.4,-1.0,1,0.006549,-0.006549,0.0008,-0.007349,0.137808
2024-12-04,300ETF,Future (IF88 (CSI 300 Futures)),rank,-0.9206,1.4,-1.0,1,-0.001428,0.001428,0.0,0.001428,0.139236
2024-12-05,300ETF,Future (IF88 (CSI 300 Futures)),rank,-0.0019,1.4,0.0,0,-0.000102,-0.0,0.0008,-0.0008,0.138436
2024-12-06,300ETF,Future (IF88 (CSI 300 Futures)),rank,0.2516,1.4,0.0,0,0.014887,0.0,0.0,0.0,0.138436
2024-12-09,300ETF,Future (IF88 (CSI 300 Futures)),rank,-0.0349,1.4,0.0,0,-0.00111,-0.0,0.0,-0.0,0.138436
2024-12-10,300ETF,Future (IF88 (CSI 300 Futures)),rank,-0.0925,1.4,0.0,0,-0.010091,-0.0,0.0,-0.0,0.138436
2024-12-11,300ETF,Future (IF88 (CSI 300 Futures)),rank,0.2949,1.4,0.0,0,-0.0013,-0.0,0.0,-0.0,0.138436
2024-12-12,300ETF,Future (IF88 (CSI 300 Futures)),rank,-0.33,1.4,0.0,0,0.009566,0.0,0.0,0.0,0.138436
2024-12-13,300ETF,Future (IF88 (CSI 300 Futures)),rank,-1.1907,1.4,-1.0,1,-0.00774,0.00774,0.0008,0.00694,0.145377
2024-12-16,300ETF,Future (IF88 (CSI 300 Futures)),rank,-0.1005,1.4,0.0,0,-0.005515,-0.0,0.0008,-0.0008,0.144577
2024-12-17,300ETF,Future (IF88 (CSI 300 Futures)),rank,1.1339,1.4,0.0,0,-0.006254,-0.0,0.0,-0.0,0.144577
2024-12-18,300ETF,Future (IF88 (CSI 300 Futures)),rank,0.6863,1.4,0.0,0,-0.003345,-0.0,0.0,-0.0,0.144577
2024-12-19,300ETF,Future (IF88 (CSI 300 Futures)),rank,-0.1098,1.4,0.0,0,0.003097,0.0,0.0,0.0,0.144577
2024-12-20,300ETF,Future (IF88 (CSI 300 Futures)),rank,-0.4119,1.4,0.0,0,-0.002186,-0.0,0.0,-0.0,0.144577
2024-12-23,300ETF,Future (IF88 (CSI 300 Futures)),rank,1.1854,1.4,0.0,0,-0.003701,-0.0,0.0,-0.0,0.144577
2024-12-24,300ETF,Future (IF88 (CSI 300 Futures)),rank,0.6393,1.4,0.0,0,0.004483,0.0,0.0,0.0,0.144577
2024-12-25,300ETF,Future (IF88 (CSI 300 Futures)),rank,0.0022,1.4,0.0,0,-0.006219,-0.0,0.0,-0.0,0.144577
2024-12-26,300ETF,Future (IF88 (CSI 300 Futures)),rank,-0.5975,1.4,0.0,0,0.003261,0.0,0.0,0.0,0.144577
2024-12-27,300ETF,Future (IF88 (CSI 300 Futures)),rank,-0.614,1.4,0.0,0,0.001858,0.0,0.0,0.0,0.144577
2024-12-30,300ETF,Future (IF88 (CSI 300 Futures)),rank,0.8305,1.4,0.0,0,0.00015,0.0,0.0,0.0,0.144577
2024-12-31,300ETF,Future (IF88 (CSI 300 Futures)),rank,-0.2124,1.4,0.0,0,-0.013976,-0.0,0.0,-0.0,0.144577
2025-01-02,300ETF,Future (IF88 (CSI 300 Futures)),rank,-0.8248,1.4,-1.0,1,-0.022235,0.022235,0.0008,0.021435,0.166011
2025-01-03,300ETF,Future (IF88 (CSI 300 Futures)),rank,-0.3986,1.4,0.0,0,-0.007968,-0.0,0.0008,-0.0008,0.165211
2025-01-06,300ETF,Future (IF88 (CSI 300 Futures)),rank,-0.2563,1.4,0.0,0,-5.3e-05,-0.0,0.0,-0.0,0.165211
2025-01-07,300ETF,Future (IF88 (CSI 300 Futures)),rank,0.5184,1.4,0.0,0,0.003544,0.0,0.0,0.0,0.165211
2025-01-08,300ETF,Future (IF88 (CSI 300 Futures)),rank,-0.7167,1.4,0.0,0,-0.000106,-0.0,0.0,-0.0,0.165211
2025-01-09,300ETF,Future (IF88 (CSI 300 Futures)),rank,-0.4327,1.4,0.0,0,0.001743,0.0,0.0,0.0,0.165211
2025-01-10,300ETF,Future (IF88 (CSI 300 Futures)),rank,-0.2116,1.4,0.0,0,-0.004155,-0.0,0.0,-0.0,0.165211
2025-01-13,300ETF,Future (IF88 (CSI 300 Futures)),rank,0.3201,1.4,0.0,0,-0.003118,-0.0,0.0,-0.0,0.165211
2025-01-14,300ETF,Future (IF88 (CSI 300 Futures)),rank,0.8187,1.4,0.0,0,0.013693,0.0,0.0,0.0,0.165211
2025-01-15,300ETF,Future (IF88 (CSI 300 Futures)),rank,-0.5777,1.4,0.0,0,-0.003315,-0.0,0.0,-0.0,0.165211
2025-01-16,300ETF,Future (IF88 (CSI 300 Futures)),rank,1.3348,1.4,0.0,0,-0.008828,-0.0,0.0,-0.0,0.165211
2025-01-17,300ETF,Future (IF88 (CSI 300 Futures)),rank,-0.1768,1.4,0.0,0,0.004945,0.0,0.0,0.0,0.165211
2025-01-20,300ETF,Future (IF88 (CSI 300 Futures)),rank,0.9424,1.4,0.0,0,-0.006719,-0.0,0.0,-0.0,0.165211
2025-01-21,300ETF,Future (IF88 (CSI 300 Futures)),rank,-0.8268,1.4,-1.0,1,0.002668,-0.002668,0.0008,-0.003468,0.161744
2025-01-22,300ETF,Future (IF88 (CSI 300 Futures)),rank,-0.8078,1.4,-1.0,1,5.3e-05,-5.3e-05,0.0,-5.3e-05,0.161691
2025-01-23,300ETF,Future (IF88 (CSI 300 Futures)),rank,0.7974,1.4,0.0,0,-0.010623,-0.0,0.0008,-0.0008,0.160891
2025-01-24,300ETF,Future (IF88 (CSI 300 Futures)),rank,0.5147,1.4,0.0,0,0.002975,0.0,0.0,0.0,0.160891
2025-01-27,300ETF,Future (IF88 (CSI 300 Futures)),rank,0.4022,1.4,0.0,0,-0.001045,-0.0,0.0,-0.0,0.160891
2025-02-05,300ETF,Future (IF88 (CSI 300 Futures)),rank,-1.0745,1.4,-1.0,1,-0.002636,0.002636,0.0008,0.001836,0.162727
2025-02-06,300ETF,Future (IF88 (CSI 300 Futures)),rank,0.1546,1.4,0.0,0,0.012566,0.0,0.0008,-0.0008,0.161927
2025-02-07,300ETF,Future (IF88 (CSI 300 Futures)),rank,-0.0556,1.4,0.0,0,0.002016,0.0,0.0,0.0,0.161927
2025-02-10,300ETF,Future (IF88 (CSI 300 Futures)),rank,-0.603,1.4,0.0,0,-0.000872,-0.0,0.0,-0.0,0.161927
2025-02-11,300ETF,Future (IF88 (CSI 300 Futures)),rank,-0.9883,1.4,-1.0,1,-0.000979,0.000979,0.0008,0.000179,0.162106
2025-02-12,300ETF,Future (IF88 (CSI 300 Futures)),rank,-0.124,1.4,0.0,0,0.000617,0.0,0.0008,-0.0008,0.161306
2025-02-13,300ETF,Future (IF88 (CSI 300 Futures)),rank,-0.0936,1.4,0.0,0,-0.001174,-0.0,0.0,-0.0,0.161306
2025-02-14,300ETF,Future (IF88 (CSI 300 Futures)),rank,0.2755,1.4,0.0,0,0.007239,0.0,0.0,0.0,0.161306
2025-02-17,300ETF,Future (IF88 (CSI 300 Futures)),rank,-0.2752,1.4,0.0,0,0.0,0.0,0.0,0.0,0.161306
2025-02-18,300ETF,Future (IF88 (CSI 300 Futures)),rank,-0.2906,1.4,0.0,0,-0.010301,-0.0,0.0,-0.0,0.161306
2025-02-19,300ETF,Future (IF88 (CSI 300 Futures)),rank,-0.0113,1.4,0.0,0,0.004783,0.0,0.0,0.0,0.161306
2025-02-20,300ETF,Future (IF88 (CSI 300 Futures)),rank,-0.5999,1.4,0.0,0,0.002188,0.0,0.0,0.0,0.161306
2025-02-21,300ETF,Future (IF88 (CSI 300 Futures)),rank,0.1916,1.4,0.0,0,0.015009,0.0,0.0,0.0,0.161306
2025-02-24,300ETF,Future (IF88 (CSI 300 Futures)),rank,0.2565,1.4,0.0,0,-0.003624,-0.0,0.0,-0.0,0.161306
2025-02-25,300ETF,Future (IF88 (CSI 300 Futures)),rank,-0.8251,1.4,-1.0,1,-0.004428,0.004428,0.0008,0.003628,0.164934
2025-02-26,300ETF,Future (IF88 (CSI 300 Futures)),rank,0.4447,1.4,0.0,0,0.002433,0.0,0.0008,-0.0008,0.164134
2025-02-27,300ETF,Future (IF88 (CSI 300 Futures)),rank,0.1113,1.4,0.0,0,0.001466,0.0,0.0,0.0,0.164134
2025-02-28,300ETF,Future (IF88 (CSI 300 Futures)),rank,-0.0938,1.4,0.0,0,-0.013429,-0.0,0.0,-0.0,0.164134
2025-03-03,300ETF,Future (IF88 (CSI 300 Futures)),rank,-0.0559,1.4,0.0,0,-0.007755,-0.0,0.0,-0.0,0.164134
2025-03-04,300ETF,Future (IF88 (CSI 300 Futures)),rank,-0.5091,1.4,0.0,0,0.003199,0.0,0.0,0.0,0.164134
2025-03-05,300ETF,Future (IF88 (CSI 300 Futures)),rank,-0.113,1.4,0.0,0,0.004117,0.0,0.0,0.0,0.164134
2025-03-06,300ETF,Future (IF88 (CSI 300 Futures)),rank,-0.1393,1.4,0.0,0,0.006882,0.0,0.0,0.0,0.164134
2025-03-07,300ETF,Future (IF88 (CSI 300 Futures)),rank,-0.5023,1.4,0.0,0,-0.000609,-0.0,0.0,-0.0,0.164134
2025-03-10,300ETF,Future (IF88 (CSI 300 Futures)),rank,-0.4454,1.4,0.0,0,0.002349,0.0,0.0,0.0,0.164134
2025-03-11,300ETF,Future (IF88 (CSI 300 Futures)),rank,-0.3277,1.4,0.0,0,0.001942,0.0,0.0,0.0,0.164134
2025-03-12,300ETF,Future (IF88 (CSI 300 Futures)),rank,-0.9355,1.4,-1.0,1,-0.000305,0.000305,0.0008,-0.000495,0.163639
2025-03-13,300ETF,Future (IF88 (CSI 300 Futures)),rank,0.1643,1.4,0.0,0,-0.001431,-0.0,0.0008,-0.0008,0.162839
2025-03-14,300ETF,Future (IF88 (CSI 300 Futures)),rank,1.5415,1.4,1.0,1,0.010287,0.010287,0.0008,0.009487,0.172327
2025-03-17,300ETF,Future (IF88 (CSI 300 Futures)),rank,-0.3388,1.4,0.0,0,-0.001351,-0.0,0.0008,-0.0008,0.171527
2025-03-18,300ETF,Future (IF88 (CSI 300 Futures)),rank,-0.4912,1.4,0.0,0,-0.001097,-0.0,0.0,-0.0,0.171527
2025-03-19,300ETF,Future (IF88 (CSI 300 Futures)),rank,-0.2958,1.4,0.0,0,0.003851,0.0,0.0,0.0,0.171527
2025-03-20,300ETF,Future (IF88 (CSI 300 Futures)),rank,-0.8353,1.4,-1.0,1,0.000101,-0.000101,0.0008,-0.000901,0.170626
2025-03-21,300ETF,Future (IF88 (CSI 300 Futures)),rank,0.0952,1.4,0.0,0,-0.015592,-0.0,0.0008,-0.0008,0.169826
2025-03-24,300ETF,Future (IF88 (CSI 300 Futures)),rank,0.1516,1.4,0.0,0,0.000765,0.0,0.0,0.0,0.169826
2025-03-25,300ETF,Future (IF88 (CSI 300 Futures)),rank,-0.1477,1.4,0.0,0,0.000713,0.0,0.0,0.0,0.169826
2025-03-26,300ETF,Future (IF88 (CSI 300 Futures)),rank,0.0809,1.4,0.0,0,-0.00606,-0.0,0.0,-0.0,0.169826
2025-03-27,300ETF,Future (IF88 (CSI 300 Futures)),rank,-0.0665,1.4,0.0,0,0.001783,0.0,0.0,0.0,0.169826
2025-03-28,300ETF,Future (IF88 (CSI 300 Futures)),rank,-0.5493,1.4,0.0,0,-0.000153,-0.0,0.0,-0.0,0.169826
2025-03-31,300ETF,Future (IF88 (CSI 300 Futures)),rank,0.0625,1.4,0.0,0,-0.008515,-0.0,0.0,-0.0,0.169826
2025-04-01,300ETF,Future (IF88 (CSI 300 Futures)),rank,-0.2959,1.4,0.0,0,-0.001441,-0.0,0.0,-0.0,0.169826
2025-04-02,300ETF,Future (IF88 (CSI 300 Futures)),rank,-0.0019,1.4,0.0,0,-0.003501,-0.0,0.0,-0.0,0.169826
2025-04-03,300ETF,Future (IF88 (CSI 300 Futures)),rank,0.0621,1.4,0.0,0,-0.003724,-0.0,0.0,-0.0,0.169826
2025-04-07,300ETF,Future (IF88 (CSI 300 Futures)),rank,-1.5669,1.4,-1.0,1,-0.037154,0.037154,0.0008,0.036354,0.20618
2025-04-08,300ETF,Future (IF88 (CSI 300 Futures)),rank,0.5521,1.4,0.0,0,-0.004296,-0.0,0.0008,-0.0008,0.20538
2025-04-09,300ETF,Future (IF88 (CSI 300 Futures)),rank,-0.6799,1.4,0.0,0,0.021168,0.0,0.0,0.0,0.20538
2025-04-10,300ETF,Future (IF88 (CSI 300 Futures)),rank,-0.0925,1.4,0.0,0,-0.007286,-0.0,0.0,-0.0,0.20538
2025-04-11,300ETF,Future (IF88 (CSI 300 Futures)),rank,-0.5738,1.4,0.0,0,0.007466,0.0,0.0,0.0,0.20538
2025-04-14,300ETF,Future (IF88 (CSI 300 Futures)),rank,-0.3994,1.4,0.0,0,-0.001865,-0.0,0.0,-0.0,0.20538
2025-04-15,300ETF,Future (IF88 (CSI 300 Futures)),rank,-0.8961,1.4,-1.0,1,0.002841,-0.002841,0.0008,-0.003641,0.201739
2025-04-16,300ETF,Future (IF88 (CSI 300 Futures)),rank,-1.1225,1.4,-1.0,1,0.001287,-0.001287,0.0,-0.001287,0.200452
2025-04-17,300ETF,Future (IF88 (CSI 300 Futures)),rank,-0.1664,1.4,0.0,0,0.000691,0.0,0.0008,-0.0008,0.199652
2025-04-18,300ETF,Future (IF88 (CSI 300 Futures)),rank,-0.5824,1.4,0.0,0,0.002784,0.0,0.0,0.0,0.199652
2025-04-21,300ETF,Future (IF88 (CSI 300 Futures)),rank,0.6162,1.4,0.0,0,0.002178,0.0,0.0,0.0,0.199652
2025-04-22,300ETF,Future (IF88 (CSI 300 Futures)),rank,0.1574,1.4,0.0,0,-0.000531,-0.0,0.0,-0.0,0.199652
2025-04-23,300ETF,Future (IF88 (CSI 300 Futures)),rank,-0.6525,1.4,0.0,0,0.001062,0.0,0.0,0.0,0.199652
2025-04-24,300ETF,Future (IF88 (CSI 300 Futures)),rank,0.2907,1.4,0.0,0,-0.001907,-0.0,0.0,-0.0,0.199652
2025-04-25,300ETF,Future (IF88 (CSI 300 Futures)),rank,-0.3219,1.4,0.0,0,-0.000583,-0.0,0.0,-0.0,0.199652
2025-04-28,300ETF,Future (IF88 (CSI 300 Futures)),rank,-0.9618,1.4,-1.0,1,0.001968,-0.001968,0.0008,-0.002768,0.196885
2025-04-29,300ETF,Future (IF88 (CSI 300 Futures)),rank,-0.7027,1.4,0.0,0,-0.000692,-0.0,0.0008,-0.0008,0.196085
2025-04-30,300ETF,Future (IF88 (CSI 300 Futures)),rank,-0.0731,1.4,0.0,0,0.000372,0.0,0.0,0.0,0.196085
2025-05-06,300ETF,Future (IF88 (CSI 300 Futures)),rank,-0.5835,1.4,0.0,0,0.002553,0.0,0.0,0.0,0.196085
2025-05-07,300ETF,Future (IF88 (CSI 300 Futures)),rank,-0.5602,1.4,0.0,0,-0.004175,-0.0,0.0,-0.0,0.196085
2025-05-08,300ETF,Future (IF88 (CSI 300 Futures)),rank,0.9102,1.4,0.0,0,-0.000733,-0.0,0.0,-0.0,0.196085
2025-05-09,300ETF,Future (IF88 (CSI 300 Futures)),rank,-0.4216,1.4,0.0,0,-0.000998,-0.0,0.0,-0.0,0.196085
2025-05-12,300ETF,Future (IF88 (CSI 300 Futures)),rank,-0.1807,1.4,0.0,0,0.002863,0.0,0.0,0.0,0.196085
2025-05-13,300ETF,Future (IF88 (CSI 300 Futures)),rank,-0.898,1.4,-1.0,1,-0.002385,0.002385,0.0008,0.001585,0.197669
2025-05-14,300ETF,Future (IF88 (CSI 300 Futures)),rank,-0.3501,1.4,0.0,0,0.011439,0.0,0.0008,-0.0008,0.196869
2025-05-15,300ETF,Future (IF88 (CSI 300 Futures)),rank,-0.5603,1.4,0.0,0,-0.001858,-0.0,0.0,-0.0,0.196869
2025-05-16,300ETF,Future (IF88 (CSI 300 Futures)),rank,-0.4062,1.4,0.0,0,-0.005085,-0.0,0.0,-0.0,0.196869
2025-05-19,300ETF,Future (IF88 (CSI 300 Futures)),rank,-0.5329,1.4,0.0,0,0.004176,0.0,0.0,0.0,0.196869
2025-05-20,300ETF,Future (IF88 (CSI 300 Futures)),rank,-0.0241,1.4,0.0,0,0.00503,0.0,0.0,0.0,0.196869
2025-05-21,300ETF,Future (IF88 (CSI 300 Futures)),rank,0.6585,1.4,0.0,0,0.00165,0.0,0.0,0.0,0.196869
2025-05-22,300ETF,Future (IF88 (CSI 300 Futures)),rank,-0.7055,1.4,0.0,0,0.000773,0.0,0.0,0.0,0.196869
2025-05-23,300ETF,Future (IF88 (CSI 300 Futures)),rank,0.4658,1.4,0.0,0,-0.010178,-0.0,0.0,-0.0,0.196869
2025-05-26,300ETF,Future (IF88 (CSI 300 Futures)),rank,-0.5095,1.4,0.0,0,-0.003859,-0.0,0.0,-0.0,0.196869
2025-05-27,300ETF,Future (IF88 (CSI 300 Futures)),rank,-0.1465,1.4,0.0,0,-0.003982,-0.0,0.0,-0.0,0.196869
2025-05-28,300ETF,Future (IF88 (CSI 300 Futures)),rank,0.0085,1.4,0.0,0,-0.003042,-0.0,0.0,-0.0,0.196869
2025-05-29,300ETF,Future (IF88 (CSI 300 Futures)),rank,0.1618,1.4,0.0,0,0.000887,0.0,0.0,0.0,0.196869
2025-05-30,300ETF,Future (IF88 (CSI 300 Futures)),rank,-0.233,1.4,0.0,0,0.005352,0.0,0.0,0.0,0.196869
2025-06-03,300ETF,Future (IF88 (CSI 300 Futures)),rank,0.293,1.4,0.0,0,0.000313,0.0,0.0,0.0,0.196869
2025-06-04,300ETF,Future (IF88 (CSI 300 Futures)),rank,0.5451,1.4,0.0,0,-5.2e-05,-0.0,0.0,-0.0,0.196869
2025-06-05,300ETF,Future (IF88 (CSI 300 Futures)),rank,-0.5128,1.4,0.0,0,0.004679,0.0,0.0,0.0,0.196869
2025-06-06,300ETF,Future (IF88 (CSI 300 Futures)),rank,-0.3898,1.4,0.0,0,0.000156,0.0,0.0,0.0,0.196869
2025-06-09,300ETF,Future (IF88 (CSI 300 Futures)),rank,-0.0953,1.4,0.0,0,-0.001086,-0.0,0.0,-0.0,0.196869
2025-06-10,300ETF,Future (IF88 (CSI 300 Futures)),rank,-0.0566,1.4,0.0,0,-0.007306,-0.0,0.0,-0.0,0.196869
2025-06-11,300ETF,Future (IF88 (CSI 300 Futures)),rank,1.5691,1.4,1.0,1,-0.003342,-0.003342,0.0008,-0.004142,0.192727
2025-06-12,300ETF,Future (IF88 (CSI 300 Futures)),rank,-0.6674,1.4,0.0,0,0.003354,0.0,0.0008,-0.0008,0.191927
2025-06-13,300ETF,Future (IF88 (CSI 300 Futures)),rank,-0.1982,1.4,0.0,0,-0.001762,-0.0,0.0,-0.0,0.191927
2025-06-16,300ETF,Future (IF88 (CSI 300 Futures)),rank,-0.0812,1.4,0.0,0,0.002276,0.0,0.0,0.0,0.191927
2025-06-17,300ETF,Future (IF88 (CSI 300 Futures)),rank,-0.2194,1.4,0.0,0,-0.002999,-0.0,0.0,-0.0,0.191927
2025-06-18,300ETF,Future (IF88 (CSI 300 Futures)),rank,0.0735,1.4,0.0,0,0.001707,0.0,0.0,0.0,0.191927
2025-06-19,300ETF,Future (IF88 (CSI 300 Futures)),rank,-0.5175,1.4,0.0,0,-0.007953,-0.0,0.0,-0.0,0.191927
2025-06-20,300ETF,Future (IF88 (CSI 300 Futures)),rank,0.4743,1.4,0.0,0,-0.002102,-0.0,0.0,-0.0,0.191927
2025-06-23,300ETF,Future (IF88 (CSI 300 Futures)),rank,-0.258,1.4,0.0,0,0.007076,0.0,0.0,0.0,0.191927
2025-06-24,300ETF,Future (IF88 (CSI 300 Futures)),rank,1.2344,1.4,0.0,0,0.000672,0.0,0.0,0.0,0.191927
2025-06-25,300ETF,Future (IF88 (CSI 300 Futures)),rank,0.1474,1.4,0.0,0,0.012951,0.0,0.0,0.0,0.191927
2025-06-26,300ETF,Future (IF88 (CSI 300 Futures)),rank,-0.1806,1.4,0.0,0,-0.002291,-0.0,0.0,-0.0,0.191927
2025-06-27,300ETF,Future (IF88 (CSI 300 Futures)),rank,0.1187,1.4,0.0,0,-0.010626,-0.0,0.0,-0.0,0.191927
2025-06-30,300ETF,Future (IF88 (CSI 300 Futures)),rank,0.1391,1.4,0.0,0,0.00169,0.0,0.0,0.0,0.191927
2025-07-01,300ETF,Future (IF88 (CSI 300 Futures)),rank,-0.6471,1.4,0.0,0,0.002969,0.0,0.0,0.0,0.191927
2025-07-02,300ETF,Future (IF88 (CSI 300 Futures)),rank,-0.4632,1.4,0.0,0,0.003271,0.0,0.0,0.0,0.191927
2025-07-03,300ETF,Future (IF88 (CSI 300 Futures)),rank,0.1277,1.4,0.0,0,0.003046,0.0,0.0,0.0,0.191927
2025-07-04,300ETF,Future (IF88 (CSI 300 Futures)),rank,-0.568,1.4,0.0,0,0.003545,0.0,0.0,0.0,0.191927
2025-07-07,300ETF,Future (IF88 (CSI 300 Futures)),rank,-0.8465,1.4,-1.0,1,0.000659,-0.000659,0.0008,-0.001459,0.190468
2025-07-08,300ETF,Future (IF88 (CSI 300 Futures)),rank,0.4788,1.4,0.0,0,0.006693,0.0,0.0008,-0.0008,0.189668
2025-07-09,300ETF,Future (IF88 (CSI 300 Futures)),rank,0.0839,1.4,0.0,0,-5e-05,-0.0,0.0,-0.0,0.189668
2025-07-10,300ETF,Future (IF88 (CSI 300 Futures)),rank,0.0086,1.4,0.0,0,0.004161,0.0,0.0,0.0,0.189668
2025-07-11,300ETF,Future (IF88 (CSI 300 Futures)),rank,0.236,1.4,0.0,0,0.001739,0.0,0.0,0.0,0.189668
2025-07-14,300ETF,Future (IF88 (CSI 300 Futures)),rank,-0.0043,1.4,0.0,0,0.000897,0.0,0.0,0.0,0.189668
2025-07-15,300ETF,Future (IF88 (CSI 300 Futures)),rank,0.6502,1.4,0.0,0,-0.003929,-0.0,0.0,-0.0,0.189668
2025-07-16,300ETF,Future (IF88 (CSI 300 Futures)),rank,-0.3647,1.4,0.0,0,-0.005135,-0.0,0.0,-0.0,0.189668
2025-07-17,300ETF,Future (IF88 (CSI 300 Futures)),rank,0.4593,1.4,0.0,0,0.004077,0.0,0.0,0.0,0.189668
2025-07-18,300ETF,Future (IF88 (CSI 300 Futures)),rank,0.6947,1.4,0.0,0,-0.001977,-0.0,0.0,-0.0,0.189668
2025-07-21,300ETF,Future (IF88 (CSI 300 Futures)),rank,-0.2132,1.4,0.0,0,0.001768,0.0,0.0,0.0,0.189668
2025-07-22,300ETF,Future (IF88 (CSI 300 Futures)),rank,0.0626,1.4,0.0,0,0.009089,0.0,0.0,0.0,0.189668
2025-07-23,300ETF,Future (IF88 (CSI 300 Futures)),rank,0.1841,1.4,0.0,0,-0.003733,-0.0,0.0,-0.0,0.189668
2025-07-24,300ETF,Future (IF88 (CSI 300 Futures)),rank,0.1025,1.4,0.0,0,0.006141,0.0,0.0,0.0,0.189668
2025-07-25,300ETF,Future (IF88 (CSI 300 Futures)),rank,-0.4376,1.4,0.0,0,-0.001549,-0.0,0.0,-0.0,0.189668
2025-07-28,300ETF,Future (IF88 (CSI 300 Futures)),rank,-0.4978,1.4,0.0,0,-0.00092,-0.0,0.0,-0.0,0.189668
2025-07-29,300ETF,Future (IF88 (CSI 300 Futures)),rank,0.2247,1.4,0.0,0,0.008089,0.0,0.0,0.0,0.189668
2025-07-30,300ETF,Future (IF88 (CSI 300 Futures)),rank,0.1216,1.4,0.0,0,-0.001204,-0.0,0.0,-0.0,0.189668
2025-07-31,300ETF,Future (IF88 (CSI 300 Futures)),rank,-0.9176,1.4,-1.0,1,-0.010208,0.010208,0.0008,0.009408,0.199076
2025-08-01,300ETF,Future (IF88 (CSI 300 Futures)),rank,0.1776,1.4,0.0,0,-0.005883,-0.0,0.0008,-0.0008,0.198276
2025-08-04,300ETF,Future (IF88 (CSI 300 Futures)),rank,0.2825,1.4,0.0,0,0.002622,0.0,0.0,0.0,0.198276
2025-08-05,300ETF,Future (IF88 (CSI 300 Futures)),rank,-0.1059,1.4,0.0,0,0.006046,0.0,0.0,0.0,0.198276
2025-08-06,300ETF,Future (IF88 (CSI 300 Futures)),rank,0.0732,1.4,0.0,0,0.003469,0.0,0.0,0.0,0.198276
2025-08-07,300ETF,Future (IF88 (CSI 300 Futures)),rank,0.077,1.4,0.0,0,-0.001659,-0.0,0.0,-0.0,0.198276
2025-08-08,300ETF,Future (IF88 (CSI 300 Futures)),rank,-0.5517,1.4,0.0,0,0.002352,0.0,0.0,0.0,0.198276
2025-08-11,300ETF,Future (IF88 (CSI 300 Futures)),rank,-0.358,1.4,0.0,0,0.001119,0.0,0.0,0.0,0.198276
2025-08-12,300ETF,Future (IF88 (CSI 300 Futures)),rank,0.3913,1.4,0.0,0,0.000388,0.0,0.0,0.0,0.198276
2025-08-13,300ETF,Future (IF88 (CSI 300 Futures)),rank,0.3944,1.4,0.0,0,0.001879,0.0,0.0,0.0,0.198276
2025-08-14,300ETF,Future (IF88 (CSI 300 Futures)),rank,0.9142,1.4,0.0,0,-0.002963,-0.0,0.0,-0.0,0.198276
2025-08-15,300ETF,Future (IF88 (CSI 300 Futures)),rank,0.2082,1.4,0.0,0,0.005304,0.0,0.0,0.0,0.198276
2025-08-18,300ETF,Future (IF88 (CSI 300 Futures)),rank,0.0388,1.4,0.0,0,0.003404,0.0,0.0,0.0,0.198276
2025-08-19,300ETF,Future (IF88 (CSI 300 Futures)),rank,0.7708,1.4,0.0,0,-0.005054,-0.0,0.0,-0.0,0.198276
2025-08-20,300ETF,Future (IF88 (CSI 300 Futures)),rank,-0.0079,1.4,0.0,0,0.006893,0.0,0.0,0.0,0.198276
2025-08-21,300ETF,Future (IF88 (CSI 300 Futures)),rank,0.4835,1.4,0.0,0,-0.000187,-0.0,0.0,-0.0,0.198276
2025-08-22,300ETF,Future (IF88 (CSI 300 Futures)),rank,0.9101,1.4,0.0,0,0.015046,0.0,0.0,0.0,0.198276
2025-08-25,300ETF,Future (IF88 (CSI 300 Futures)),rank,1.1329,1.4,0.0,0,0.007882,0.0,0.0,0.0,0.198276
2025-08-26,300ETF,Future (IF88 (CSI 300 Futures)),rank,-0.6805,1.4,0.0,0,0.001928,0.0,0.0,0.0,0.198276
2025-08-27,300ETF,Future (IF88 (CSI 300 Futures)),rank,0.2809,1.4,0.0,0,-0.003468,-0.0,0.0,-0.0,0.198276
2025-08-28,300ETF,Future (IF88 (CSI 300 Futures)),rank,0.6566,1.4,0.0,0,0.011022,0.0,0.0,0.0,0.198276
2025-08-29,300ETF,Future (IF88 (CSI 300 Futures)),rank,0.7694,1.4,0.0,0,0.003029,0.0,0.0,0.0,0.198276
2025-09-01,300ETF,Future (IF88 (CSI 300 Futures)),rank,-0.3698,1.4,0.0,0,0.004929,0.0,0.0,0.0,0.198276
2025-09-02,300ETF,Future (IF88 (CSI 300 Futures)),rank,0.69,1.4,0.0,0,-0.010199,-0.0,0.0,-0.0,0.198276
2025-09-03,300ETF,Future (IF88 (CSI 300 Futures)),rank,-0.1532,1.4,0.0,0,-0.005025,-0.0,0.0,-0.0,0.198276
2025-09-04,300ETF,Future (IF88 (CSI 300 Futures)),rank,-0.5157,1.4,0.0,0,-0.020833,-0.0,0.0,-0.0,0.198276
2025-09-05,300ETF,Future (IF88 (CSI 300 Futures)),rank,0.1108,1.4,0.0,0,0.015206,0.0,0.0,0.0,0.198276
2025-09-08,300ETF,Future (IF88 (CSI 300 Futures)),rank,0.3544,1.4,0.0,0,0.000134,0.0,0.0,0.0,0.198276
2025-09-09,300ETF,Future (IF88 (CSI 300 Futures)),rank,0.0518,1.4,0.0,0,-0.010137,-0.0,0.0,-0.0,0.198276
2025-09-10,300ETF,Future (IF88 (CSI 300 Futures)),rank,0.4497,1.4,0.0,0,0.000585,0.0,0.0,0.0,0.198276
2025-09-11,300ETF,Future (IF88 (CSI 300 Futures)),rank,0.0362,1.4,0.0,0,0.021525,0.0,0.0,0.0,0.198276
2025-09-12,300ETF,Future (IF88 (CSI 300 Futures)),rank,0.2045,1.4,0.0,0,-0.005988,-0.0,0.0,-0.0,0.198276
2025-09-15,300ETF,Future (IF88 (CSI 300 Futures)),rank,0.3885,1.4,0.0,0,-0.001896,-0.0,0.0,-0.0,0.198276
2025-09-16,300ETF,Future (IF88 (CSI 300 Futures)),rank,0.2047,1.4,0.0,0,-0.00425,-0.0,0.0,-0.0,0.198276
2025-09-17,300ETF,Future (IF88 (CSI 300 Futures)),rank,0.0428,1.4,0.0,0,0.005207,0.0,0.0,0.0,0.198276
2025-09-18,300ETF,Future (IF88 (CSI 300 Futures)),rank,-0.381,1.4,0.0,0,-0.015567,-0.0,0.0,-0.0,0.198276
2025-09-19,300ETF,Future (IF88 (CSI 300 Futures)),rank,0.4085,1.4,0.0,0,0.002893,0.0,0.0,0.0,0.198276
2025-09-22,300ETF,Future (IF88 (CSI 300 Futures)),rank,-0.7426,1.4,0.0,0,0.006636,0.0,0.0,0.0,0.198276
2025-09-23,300ETF,Future (IF88 (CSI 300 Futures)),rank,0.0086,1.4,0.0,0,-0.006632,-0.0,0.0,-0.0,0.198276
2025-09-24,300ETF,Future (IF88 (CSI 300 Futures)),rank,0.4616,1.4,0.0,0,0.004503,0.0,0.0,0.0,0.198276
2025-09-25,300ETF,Future (IF88 (CSI 300 Futures)),rank,-0.0153,1.4,0.0,0,0.010397,0.0,0.0,0.0,0.198276
2025-09-26,300ETF,Future (IF88 (CSI 300 Futures)),rank,-0.054,1.4,0.0,0,-0.005434,-0.0,0.0,-0.0,0.198276
2025-09-29,300ETF,Future (IF88 (CSI 300 Futures)),rank,-0.1105,1.4,0.0,0,0.015715,0.0,0.0,0.0,0.198276
2025-09-30,300ETF,Future (IF88 (CSI 300 Futures)),rank,0.2257,1.4,0.0,0,-0.000345,-0.0,0.0,-0.0,0.198276
2025-10-09,300ETF,Future (IF88 (CSI 300 Futures)),rank,0.1571,1.4,0.0,0,0.011139,0.0,0.0,0.0,0.198276
2025-10-10,300ETF,Future (IF88 (CSI 300 Futures)),rank,-0.7915,1.4,0.0,0,-0.010562,-0.0,0.0,-0.0,0.198276
2025-10-13,300ETF,Future (IF88 (CSI 300 Futures)),rank,-0.2577,1.4,0.0,0,0.010764,0.0,0.0,0.0,0.198276
2025-10-14,300ETF,Future (IF88 (CSI 300 Futures)),rank,0.0274,1.4,0.0,0,-0.019376,-0.0,0.0,-0.0,0.198276
2025-10-15,300ETF,Future (IF88 (CSI 300 Futures)),rank,-0.4929,1.4,0.0,0,0.011149,0.0,0.0,0.0,0.198276
2025-10-16,300ETF,Future (IF88 (CSI 300 Futures)),rank,0.7879,1.4,0.0,0,-0.002427,-0.0,0.0,-0.0,0.198276
2025-10-17,300ETF,Future (IF88 (CSI 300 Futures)),rank,-0.251,1.4,0.0,0,-0.011597,-0.0,0.0,-0.0,0.198276
2025-10-20,300ETF,Future (IF88 (CSI 300 Futures)),rank,-0.1088,1.4,0.0,0,-0.007688,-0.0,0.0,-0.0,0.198276
2025-10-21,300ETF,Future (IF88 (CSI 300 Futures)),rank,0.6164,1.4,0.0,0,0.004406,0.0,0.0,0.0,0.198276
2025-10-22,300ETF,Future (IF88 (CSI 300 Futures)),rank,-0.4925,1.4,0.0,0,0.001661,0.0,0.0,0.0,0.198276
2025-10-23,300ETF,Future (IF88 (CSI 300 Futures)),rank,-0.2022,1.4,0.0,0,0.009826,0.0,0.0,0.0,0.198276
2025-10-24,300ETF,Future (IF88 (CSI 300 Futures)),rank,0.712,1.4,0.0,0,0.004924,0.0,0.0,0.0,0.198276
2025-10-27,300ETF,Future (IF88 (CSI 300 Futures)),rank,0.2268,1.4,0.0,0,0.000468,0.0,0.0,0.0,0.198276
2025-10-28,300ETF,Future (IF88 (CSI 300 Futures)),rank,-0.5227,1.4,0.0,0,-0.002642,-0.0,0.0,-0.0,0.198276
2025-10-29,300ETF,Future (IF88 (CSI 300 Futures)),rank,0.3002,1.4,0.0,0,0.006569,0.0,0.0,0.0,0.198276
2025-10-30,300ETF,Future (IF88 (CSI 300 Futures)),rank,0.0046,1.4,0.0,0,-0.00483,-0.0,0.0,-0.0,0.198276
2025-10-31,300ETF,Future (IF88 (CSI 300 Futures)),rank,-0.6615,1.4,0.0,0,-0.006777,-0.0,0.0,-0.0,0.198276
2025-11-03,300ETF,Future (IF88 (CSI 300 Futures)),rank,-0.4125,1.4,0.0,0,0.007459,0.0,0.0,0.0,0.198276
2025-11-04,300ETF,Future (IF88 (CSI 300 Futures)),rank,0.209,1.4,0.0,0,-0.01014,-0.0,0.0,-0.0,0.198276
2025-11-05,300ETF,Future (IF88 (CSI 300 Futures)),rank,-0.828,1.4,-1.0,1,0.011033,-0.011033,0.0008,-0.011833,0.186443
2025-11-06,300ETF,Future (IF88 (CSI 300 Futures)),rank,1.0268,1.4,0.0,0,0.007185,0.0,0.0008,-0.0008,0.185643
2025-11-07,300ETF,Future (IF88 (CSI 300 Futures)),rank,-0.3859,1.4,0.0,0,0.001288,0.0,0.0,0.0,0.185643
2025-11-10,300ETF,Future (IF88 (CSI 300 Futures)),rank,-0.2617,1.4,0.0,0,0.006446,0.0,0.0,0.0,0.185643
2025-11-11,300ETF,Future (IF88 (CSI 300 Futures)),rank,-0.5543,1.4,0.0,0,-0.006669,-0.0,0.0,-0.0,0.185643
2025-11-12,300ETF,Future (IF88 (CSI 300 Futures)),rank,-0.257,1.4,0.0,0,-0.000604,-0.0,0.0,-0.0,0.185643
2025-11-13,300ETF,Future (IF88 (CSI 300 Futures)),rank,0.2622,1.4,0.0,0,0.007427,0.0,0.0,0.0,0.185643
2025-11-14,300ETF,Future (IF88 (CSI 300 Futures)),rank,-0.6341,1.4,0.0,0,-0.003792,-0.0,0.0,-0.0,0.185643
2025-11-17,300ETF,Future (IF88 (CSI 300 Futures)),rank,-0.3657,1.4,0.0,0,0.001312,0.0,0.0,0.0,0.185643
2025-11-18,300ETF,Future (IF88 (CSI 300 Futures)),rank,0.0281,1.4,0.0,0,-0.00365,-0.0,0.0,-0.0,0.185643
2025-11-19,300ETF,Future (IF88 (CSI 300 Futures)),rank,0.6888,1.4,0.0,0,0.001619,0.0,0.0,0.0,0.185643
2025-11-20,300ETF,Future (IF88 (CSI 300 Futures)),rank,-0.483,1.4,0.0,0,-0.006488,-0.0,0.0,-0.0,0.185643
2025-11-21,300ETF,Future (IF88 (CSI 300 Futures)),rank,-1.0504,1.4,-1.0,1,-0.008379,0.008379,0.0008,0.007579,0.193222
2025-11-24,300ETF,Future (IF88 (CSI 300 Futures)),rank,-0.5546,1.4,0.0,0,0.003603,0.0,0.0008,-0.0008,0.192422
2025-11-25,300ETF,Future (IF88 (CSI 300 Futures)),rank,-0.2336,1.4,0.0,0,0.0,0.0,0.0,0.0,0.192422
2025-11-26,300ETF,Future (IF88 (CSI 300 Futures)),rank,0.218,1.4,0.0,0,-0.000311,-0.0,0.0,-0.0,0.192422
2025-11-27,300ETF,Future (IF88 (CSI 300 Futures)),rank,0.7713,1.4,0.0,0,-0.00871,-0.0,0.0,-0.0,0.192422
2025-11-28,300ETF,Future (IF88 (CSI 300 Futures)),rank,-0.4402,1.4,0.0,0,0.006411,0.0,0.0,0.0,0.192422
2025-12-01,300ETF,Future (IF88 (CSI 300 Futures)),rank,0.2973,1.4,0.0,0,0.002598,0.0,0.0,0.0,0.192422
2025-12-02,300ETF,Future (IF88 (CSI 300 Futures)),rank,-0.6845,1.4,0.0,0,-0.003261,-0.0,0.0,-0.0,0.192422
2025-12-03,300ETF,Future (IF88 (CSI 300 Futures)),rank,0.2609,1.4,0.0,0,-0.005126,-0.0,0.0,-0.0,0.192422
2025-12-04,300ETF,Future (IF88 (CSI 300 Futures)),rank,0.1713,1.4,0.0,0,0.005713,0.0,0.0,0.0,0.192422
2025-12-05,300ETF,Future (IF88 (CSI 300 Futures)),rank,-0.2206,1.4,0.0,0,0.008607,0.0,0.0,0.0,0.192422
2025-12-08,300ETF,Future (IF88 (CSI 300 Futures)),rank,0.3838,1.4,0.0,0,0.00599,0.0,0.0,0.0,0.192422
2025-12-09,300ETF,Future (IF88 (CSI 300 Futures)),rank,-0.3654,1.4,0.0,0,-0.007132,-0.0,0.0,-0.0,0.192422
2025-12-10,300ETF,Future (IF88 (CSI 300 Futures)),rank,-1.1338,1.4,-1.0,1,0.008116,-0.008116,0.0008,-0.008916,0.183506
2025-12-11,300ETF,Future (IF88 (CSI 300 Futures)),rank,0.3275,1.4,0.0,0,-0.007622,-0.0,0.0008,-0.0008,0.182706
2025-12-12,300ETF,Future (IF88 (CSI 300 Futures)),rank,-0.6647,1.4,0.0,0,0.007986,0.0,0.0,0.0,0.182706
2025-12-15,300ETF,Future (IF88 (CSI 300 Futures)),rank,0.2584,1.4,0.0,0,-0.005607,-0.0,0.0,-0.0,0.182706
2025-12-16,300ETF,Future (IF88 (CSI 300 Futures)),rank,-0.3138,1.4,0.0,0,-0.003594,-0.0,0.0,-0.0,0.182706
2025-12-17,300ETF,Future (IF88 (CSI 300 Futures)),rank,0.5372,1.4,0.0,0,0.017914,0.0,0.0,0.0,0.182706
2025-12-18,300ETF,Future (IF88 (CSI 300 Futures)),rank,-0.5958,1.4,0.0,0,-0.001622,-0.0,0.0,-0.0,0.182706
2025-12-19,300ETF,Future (IF88 (CSI 300 Futures)),rank,-0.7138,1.4,0.0,0,0.001407,0.0,0.0,0.0,0.182706
2025-12-22,300ETF,Future (IF88 (CSI 300 Futures)),rank,0.7106,1.4,0.0,0,-0.001306,-0.0,0.0,-0.0,0.182706
2025-12-23,300ETF,Future (IF88 (CSI 300 Futures)),rank,-0.5258,1.4,0.0,0,-0.001913,-0.0,0.0,-0.0,0.182706
2025-12-24,300ETF,Future (IF88 (CSI 300 Futures)),rank,-0.5726,1.4,0.0,0,0.003994,0.0,0.0,0.0,0.182706
2025-12-25,300ETF,Future (IF88 (CSI 300 Futures)),rank,0.0207,1.4,0.0,0,0.004453,0.0,0.0,0.0,0.182706
2025-12-26,300ETF,Future (IF88 (CSI 300 Futures)),rank,0.5023,1.4,0.0,0,-0.002362,-0.0,0.0,-0.0,0.182706
2025-12-29,300ETF,Future (IF88 (CSI 300 Futures)),rank,-0.3593,1.4,0.0,0,-0.004703,-0.0,0.0,-0.0,0.182706
2025-12-30,300ETF,Future (IF88 (CSI 300 Futures)),rank,0.2755,1.4,0.0,0,0.001162,0.0,0.0,0.0,0.182706
2025-12-31,300ETF,Future (IF88 (CSI 300 Futures)),rank,-0.6239,1.4,0.0,0,-0.005747,-0.0,0.0,-0.0,0.182706
2022-01-04,500ETF,Future (IC88 (CSI 500 Futures)),rank,-0.5345,0.6,0.0,0,0.002203,0.0,0.0,0.0,0.0
2022-01-05,500ETF,Future (IC88 (CSI 500 Futures)),rank,-0.9398,0.6,0.0,0,-0.005012,-0.0,0.0,-0.0,0.0
2022-01-06,500ETF,Future (IC88 (CSI 500 Futures)),rank,-0.0282,0.6,0.0,0,0.002217,0.0,0.0,0.0,0.0
2022-01-07,500ETF,Future (IC88 (CSI 500 Futures)),rank,0.704,0.6,1.0,1,-0.006981,-0.006981,0.0008,-0.007781,-0.007781
2022-01-10,500ETF,Future (IC88 (CSI 500 Futures)),rank,-0.7516,0.6,0.0,0,0.005297,0.0,0.0008,-0.0008,-0.008581
2022-01-11,500ETF,Future (IC88 (CSI 500 Futures)),rank,0.2576,0.6,0.0,0,-0.007003,-0.0,0.0,-0.0,-0.008581
2022-01-12,500ETF,Future (IC88 (CSI 500 Futures)),rank,0.148,0.6,0.0,0,0.00323,0.0,0.0,0.0,-0.008581
2022-01-13,500ETF,Future (IC88 (CSI 500 Futures)),rank,-0.997,0.6,0.0,0,-0.005573,-0.0,0.0,-0.0,-0.008581
2022-01-14,500ETF,Future (IC88 (CSI 500 Futures)),rank,-0.3999,0.6,0.0,0,2.8e-05,0.0,0.0,0.0,-0.008581
2022-01-17,500ETF,Future (IC88 (CSI 500 Futures)),rank,0.8461,0.6,1.0,1,0.004251,0.004251,0.0008,0.003451,-0.005131
2022-01-18,500ETF,Future (IC88 (CSI 500 Futures)),rank,-0.3621,0.6,0.0,0,-0.000865,-0.0,0.0008,-0.0008,-0.005931
2022-01-19,500ETF,Future (IC88 (CSI 500 Futures)),rank,0.6752,0.6,1.0,1,-0.011228,-0.011228,0.0008,-0.012028,-0.017959
2022-01-20,500ETF,Future (IC88 (CSI 500 Futures)),rank,-0.1538,0.6,0.0,0,-0.004943,-0.0,0.0008,-0.0008,-0.018759
2022-01-21,500ETF,Future (IC88 (CSI 500 Futures)),rank,-0.8392,0.6,0.0,0,-0.004617,-0.0,0.0,-0.0,-0.018759
2022-01-24,500ETF,Future (IC88 (CSI 500 Futures)),rank,0.1538,0.6,0.0,0,0.000744,0.0,0.0,0.0,-0.018759
2022-01-25,500ETF,Future (IC88 (CSI 500 Futures)),rank,-0.3407,0.6,0.0,0,-0.02033,-0.0,0.0,-0.0,-0.018759
2022-01-26,500ETF,Future (IC88 (CSI 500 Futures)),rank,0.6848,0.6,1.0,1,0.001093,0.001093,0.0008,0.000293,-0.018465
2022-01-27,500ETF,Future (IC88 (CSI 500 Futures)),rank,-0.5074,0.6,0.0,0,-0.01749,-0.0,0.0008,-0.0008,-0.019265
2022-01-28,500ETF,Future (IC88 (CSI 500 Futures)),rank,-0.8795,0.6,0.0,0,0.003681,0.0,0.0,0.0,-0.019265
2022-02-07,500ETF,Future (IC88 (CSI 500 Futures)),rank,1.0446,0.6,1.0,1,-0.004785,-0.004785,0.0008,-0.005585,-0.024851
2022-02-08,500ETF,Future (IC88 (CSI 500 Futures)),rank,-0.5797,0.6,0.0,0,0.006312,0.0,0.0008,-0.0008,-0.025651
2022-02-09,500ETF,Future (IC88 (CSI 500 Futures)),rank,0.7258,0.6,1.0,1,0.014964,0.014964,0.0008,0.014164,-0.011486
2022-02-10,500ETF,Future (IC88 (CSI 500 Futures)),rank,0.027,0.6,0.0,0,-0.000469,-0.0,0.0008,-0.0008,-0.012286
2022-02-11,500ETF,Future (IC88 (CSI 500 Futures)),rank,0.0012,0.6,0.0,0,-0.009994,-0.0,0.0,-0.0,-0.012286
2022-02-14,500ETF,Future (IC88 (CSI 500 Futures)),rank,0.3736,0.6,0.0,0,-0.011956,-0.0,0.0,-0.0,-0.012286
2022-02-15,500ETF,Future (IC88 (CSI 500 Futures)),rank,0.0809,0.6,0.0,0,0.001902,0.0,0.0,0.0,-0.012286
2022-02-16,500ETF,Future (IC88 (CSI 500 Futures)),rank,-0.2761,0.6,0.0,0,-0.0013,-0.0,0.0,-0.0,-0.012286
2022-02-17,500ETF,Future (IC88 (CSI 500 Futures)),rank,-0.832,0.6,0.0,0,-5.9e-05,-0.0,0.0,-0.0,-0.012286
2022-02-18,500ETF,Future (IC88 (CSI 500 Futures)),rank,0.7879,0.6,1.0,1,0.00426,0.00426,0.0008,0.00346,-0.008827
2022-02-21,500ETF,Future (IC88 (CSI 500 Futures)),rank,-0.0119,0.6,0.0,0,-0.000293,-0.0,0.0008,-0.0008,-0.009627
2022-02-22,500ETF,Future (IC88 (CSI 500 Futures)),rank,-1.1231,0.6,-1.0,1,0.000828,-0.000828,0.0008,-0.001628,-0.011255
2022-02-23,500ETF,Future (IC88 (CSI 500 Futures)),rank,1.0184,0.6,1.0,1,0.006776,0.006776,0.0016,0.005176,-0.00608
2022-02-24,500ETF,Future (IC88 (CSI 500 Futures)),rank,-0.148,0.6,0.0,0,-0.019137,-0.0,0.0008,-0.0008,-0.00688
2022-02-25,500ETF,Future (IC88 (CSI 500 Futures)),rank,1.2011,0.6,1.0,1,-0.012179,-0.012179,0.0008,-0.012979,-0.019859
2022-02-28,500ETF,Future (IC88 (CSI 500 Futures)),rank,-0.4539,0.6,0.0,0,0.006169,0.0,0.0008,-0.0008,-0.020659
2022-03-01,500ETF,Future (IC88 (CSI 500 Futures)),rank,0.4545,0.6,0.0,0,-0.00233,-0.0,0.0,-0.0,-0.020659
2022-03-02,500ETF,Future (IC88 (CSI 500 Futures)),rank,-0.5729,0.6,0.0,0,0.005489,0.0,0.0,0.0,-0.020659
2022-03-03,500ETF,Future (IC88 (CSI 500 Futures)),rank,-0.5099,0.6,0.0,0,-0.003091,-0.0,0.0,-0.0,-0.020659
2022-03-04,500ETF,Future (IC88 (CSI 500 Futures)),rank,-0.6592,0.6,0.0,0,-0.005964,-0.0,0.0,-0.0,-0.020659
2022-03-07,500ETF,Future (IC88 (CSI 500 Futures)),rank,-1.1337,0.6,-1.0,1,-0.009547,0.009547,0.0008,0.008747,-0.011911
2022-03-08,500ETF,Future (IC88 (CSI 500 Futures)),rank,-0.8139,0.6,0.0,0,-0.020997,-0.0,0.0008,-0.0008,-0.012711
2022-03-09,500ETF,Future (IC88 (CSI 500 Futures)),rank,-0.6526,0.6,0.0,0,-0.028827,-0.0,0.0,-0.0,-0.012711
2022-03-10,500ETF,Future (IC88 (CSI 500 Futures)),rank,0.1611,0.6,0.0,0,-0.001095,-0.0,0.0,-0.0,-0.012711
2022-03-11,500ETF,Future (IC88 (CSI 500 Futures)),rank,-1.0531,0.6,-1.0,1,0.020718,-0.020718,0.0008,-0.021518,-0.034229
2022-03-14,500ETF,Future (IC88 (CSI 500 Futures)),rank,0.4526,0.6,0.0,0,-0.018545,-0.0,0.0008,-0.0008,-0.035029
2022-03-15,500ETF,Future (IC88 (CSI 500 Futures)),rank,-1.4453,0.6,-1.0,1,-0.016509,0.016509,0.0008,0.015709,-0.01932
2022-03-16,500ETF,Future (IC88 (CSI 500 Futures)),rank,-0.7013,0.6,0.0,0,0.029807,0.0,0.0008,-0.0008,-0.02012
2022-03-17,500ETF,Future (IC88 (CSI 500 Futures)),rank,1.1904,0.6,1.0,1,0.004431,0.004431,0.0008,0.003631,-0.016489
2022-03-18,500ETF,Future (IC88 (CSI 500 Futures)),rank,0.7594,0.6,1.0,1,0.011075,0.011075,0.0,0.011075,-0.005414
2022-03-21,500ETF,Future (IC88 (CSI 500 Futures)),rank,0.5666,0.6,0.0,0,-0.006824,-0.0,0.0008,-0.0008,-0.006214
2022-03-22,500ETF,Future (IC88 (CSI 500 Futures)),rank,-0.6696,0.6,0.0,0,-0.000794,-0.0,0.0,-0.0,-0.006214
2022-03-23,500ETF,Future (IC88 (CSI 500 Futures)),rank,-0.0689,0.6,0.0,0,0.004383,0.0,0.0,0.0,-0.006214
2022-03-24,500ETF,Future (IC88 (CSI 500 Futures)),rank,-0.9267,0.6,0.0,0,0.000982,0.0,0.0,0.0,-0.006214
2022-03-25,500ETF,Future (IC88 (CSI 500 Futures)),rank,0.1602,0.6,0.0,0,-0.013524,-0.0,0.0,-0.0,-0.006214
2022-03-28,500ETF,Future (IC88 (CSI 500 Futures)),rank,-0.8965,0.6,0.0,0,0.011408,0.0,0.0,0.0,-0.006214
2022-03-29,500ETF,Future (IC88 (CSI 500 Futures)),rank,0.2837,0.6,0.0,0,-0.011042,-0.0,0.0,-0.0,-0.006214
2022-03-30,500ETF,Future (IC88 (CSI 500 Futures)),rank,0.9283,0.6,1.0,1,0.009988,0.009988,0.0008,0.009188,0.002974
2022-03-31,500ETF,Future (IC88 (CSI 500 Futures)),rank,-0.1778,0.6,0.0,0,-0.005212,-0.0,0.0008,-0.0008,0.002174
2022-04-01,500ETF,Future (IC88 (CSI 500 Futures)),rank,-0.0072,0.6,0.0,0,0.007671,0.0,0.0,0.0,0.002174
2022-04-06,500ETF,Future (IC88 (CSI 500 Futures)),rank,-1.0403,0.6,-1.0,1,0.003646,-0.003646,0.0008,-0.004446,-0.002272
2022-04-07,500ETF,Future (IC88 (CSI 500 Futures)),rank,0.4584,0.6,0.0,0,-0.018847,-0.0,0.0008,-0.0008,-0.003072
2022-04-08,500ETF,Future (IC88 (CSI 500 Futures)),rank,-0.5096,0.6,0.0,0,0.005254,0.0,0.0,0.0,-0.003072
2022-04-11,500ETF,Future (IC88 (CSI 500 Futures)),rank,-1.1516,0.6,-1.0,1,-0.019434,0.019434,0.0008,0.018634,0.015562
2022-04-12,500ETF,Future (IC88 (CSI 500 Futures)),rank,0.0846,0.6,0.0,0,0.019013,0.0,0.0008,-0.0008,0.014762
2022-04-13,500ETF,Future (IC88 (CSI 500 Futures)),rank,-1.0824,0.6,-1.0,1,0.001812,-0.001812,0.0008,-0.002612,0.012151
2022-04-14,500ETF,Future (IC88 (CSI 500 Futures)),rank,0.0075,0.6,0.0,0,0.010707,0.0,0.0008,-0.0008,0.011351
2022-04-15,500ETF,Future (IC88 (CSI 500 Futures)),rank,-0.6644,0.6,0.0,0,-0.005229,-0.0,0.0,-0.0,0.011351
2022-04-18,500ETF,Future (IC88 (CSI 500 Futures)),rank,-0.9148,0.6,0.0,0,0.006313,0.0,0.0,0.0,0.011351
2022-04-19,500ETF,Future (IC88 (CSI 500 Futures)),rank,0.7709,0.6,1.0,1,0.0,0.0,0.0008,-0.0008,0.010551
2022-04-20,500ETF,Future (IC88 (CSI 500 Futures)),rank,-0.616,0.6,0.0,0,-0.018858,-0.0,0.0008,-0.0008,0.009751
2022-04-21,500ETF,Future (IC88 (CSI 500 Futures)),rank,0.2554,0.6,0.0,0,-0.029177,-0.0,0.0,-0.0,0.009751
2022-04-22,500ETF,Future (IC88 (CSI 500 Futures)),rank,-0.9957,0.6,0.0,0,0.006387,0.0,0.0,0.0,0.009751
2022-04-25,500ETF,Future (IC88 (CSI 500 Futures)),rank,-1.5533,0.6,-1.0,1,-0.027182,0.027182,0.0008,0.026382,0.036133
2022-04-26,500ETF,Future (IC88 (CSI 500 Futures)),rank,-0.5534,0.6,0.0,0,-0.010154,-0.0,0.0008,-0.0008,0.035333
2022-04-27,500ETF,Future (IC88 (CSI 500 Futures)),rank,0.3543,0.6,0.0,0,0.03843,0.0,0.0,0.0,0.035333
2022-04-28,500ETF,Future (IC88 (CSI 500 Futures)),rank,0.152,0.6,0.0,0,0.000821,0.0,0.0,0.0,0.035333
2022-04-29,500ETF,Future (IC88 (CSI 500 Futures)),rank,0.2023,0.6,0.0,0,0.03127,0.0,0.0,0.0,0.035333
2022-05-05,500ETF,Future (IC88 (CSI 500 Futures)),rank,0.805,0.6,1.0,1,0.001751,0.001751,0.0008,0.000951,0.036283
2022-05-06,500ETF,Future (IC88 (CSI 500 Futures)),rank,-0.555,0.6,0.0,0,-0.006291,-0.0,0.0008,-0.0008,0.035483
2022-05-09,500ETF,Future (IC88 (CSI 500 Futures)),rank,1.0582,0.6,1.0,1,-0.001711,-0.001711,0.0008,-0.002511,0.032973
2022-05-10,500ETF,Future (IC88 (CSI 500 Futures)),rank,0.0074,0.6,0.0,0,0.030099,0.0,0.0008,-0.0008,0.032173
2022-05-11,500ETF,Future (IC88 (CSI 500 Futures)),rank,1.4224,0.6,1.0,1,-0.002567,-0.002567,0.0008,-0.003367,0.028806
2022-05-12,500ETF,Future (IC88 (CSI 500 Futures)),rank,0.9561,0.6,1.0,1,0.000776,0.000776,0.0,0.000776,0.029582
2022-05-13,500ETF,Future (IC88 (CSI 500 Futures)),rank,0.6185,0.6,1.0,1,0.001121,0.001121,0.0,0.001121,0.030703
2022-05-16,500ETF,Future (IC88 (CSI 500 Futures)),rank,-0.2167,0.6,0.0,0,-0.00569,-0.0,0.0008,-0.0008,0.029903
2022-05-17,500ETF,Future (IC88 (CSI 500 Futures)),rank,-0.8309,0.6,0.0,0,0.005002,0.0,0.0,0.0,0.029903
2022-05-18,500ETF,Future (IC88 (CSI 500 Futures)),rank,-0.4634,0.6,0.0,0,-0.002892,-0.0,0.0,-0.0,0.029903
2022-05-19,500ETF,Future (IC88 (CSI 500 Futures)),rank,0.103,0.6,0.0,0,0.017183,0.0,0.0,0.0,0.029903
2022-05-20,500ETF,Future (IC88 (CSI 500 Futures)),rank,1.2494,0.6,1.0,1,0.002227,0.002227,0.0008,0.001427,0.031329
2022-05-23,500ETF,Future (IC88 (CSI 500 Futures)),rank,-0.1979,0.6,0.0,0,0.003396,0.0,0.0008,-0.0008,0.030529
2022-05-24,500ETF,Future (IC88 (CSI 500 Futures)),rank,-0.6428,0.6,0.0,0,-0.029223,-0.0,0.0,-0.0,0.030529
2022-05-25,500ETF,Future (IC88 (CSI 500 Futures)),rank,0.9683,0.6,1.0,1,0.003178,0.003178,0.0008,0.002378,0.032907
2022-05-26,500ETF,Future (IC88 (CSI 500 Futures)),rank,-0.8745,0.6,0.0,0,0.024312,0.0,0.0008,-0.0008,0.032107
2022-05-27,500ETF,Future (IC88 (CSI 500 Futures)),rank,0.8106,0.6,1.0,1,-0.006596,-0.006596,0.0008,-0.007396,0.024711
2022-05-30,500ETF,Future (IC88 (CSI 500 Futures)),rank,-0.63,0.6,0.0,0,0.009516,0.0,0.0008,-0.0008,0.023911
2022-05-31,500ETF,Future (IC88 (CSI 500 Futures)),rank,-0.9154,0.6,0.0,0,0.025436,0.0,0.0,0.0,0.023911
2022-06-01,500ETF,Future (IC88 (CSI 500 Futures)),rank,0.3955,0.6,0.0,0,-0.003414,-0.0,0.0,-0.0,0.023911
2022-06-02,500ETF,Future (IC88 (CSI 500 Futures)),rank,-0.3771,0.6,0.0,0,0.014275,0.0,0.0,0.0,0.023911
2022-06-06,500ETF,Future (IC88 (CSI 500 Futures)),rank,0.6835,0.6,1.0,1,0.016757,0.016757,0.0008,0.015957,0.039868
2022-06-07,500ETF,Future (IC88 (CSI 500 Futures)),rank,-0.1375,0.6,0.0,0,0.004423,0.0,0.0008,-0.0008,0.039068
2022-06-08,500ETF,Future (IC88 (CSI 500 Futures)),rank,0.4554,0.6,0.0,0,-0.004465,-0.0,0.0,-0.0,0.039068
2022-06-09,500ETF,Future (IC88 (CSI 500 Futures)),rank,-0.8471,0.6,0.0,0,-0.010478,-0.0,0.0,-0.0,0.039068
2022-06-10,500ETF,Future (IC88 (CSI 500 Futures)),rank,0.5703,0.6,0.0,0,0.018835,0.0,0.0,0.0,0.039068
2022-06-13,500ETF,Future (IC88 (CSI 500 Futures)),rank,0.472,0.6,0.0,0,-0.005749,-0.0,0.0,-0.0,0.039068
2022-06-14,500ETF,Future (IC88 (CSI 500 Futures)),rank,-0.7283,0.6,0.0,0,0.013187,0.0,0.0,0.0,0.039068
2022-06-15,500ETF,Future (IC88 (CSI 500 Futures)),rank,1.015,0.6,1.0,1,0.00692,0.00692,0.0008,0.00612,0.045187
2022-06-16,500ETF,Future (IC88 (CSI 500 Futures)),rank,1.0704,0.6,1.0,1,-0.00542,-0.00542,0.0,-0.00542,0.039767
2022-06-17,500ETF,Future (IC88 (CSI 500 Futures)),rank,0.7673,0.6,1.0,1,0.005993,0.005993,0.0,0.005993,0.04576
2022-06-20,500ETF,Future (IC88 (CSI 500 Futures)),rank,0.4774,0.6,0.0,0,0.004084,0.0,0.0008,-0.0008,0.04496
2022-06-21,500ETF,Future (IC88 (CSI 500 Futures)),rank,-0.5859,0.6,0.0,0,-0.008609,-0.0,0.0,-0.0,0.04496
2022-06-22,500ETF,Future (IC88 (CSI 500 Futures)),rank,-0.814,0.6,0.0,0,-0.015169,-0.0,0.0,-0.0,0.04496
2022-06-23,500ETF,Future (IC88 (CSI 500 Futures)),rank,0.0293,0.6,0.0,0,0.023173,0.0,0.0,0.0,0.04496
2022-06-24,500ETF,Future (IC88 (CSI 500 Futures)),rank,0.7667,0.6,1.0,1,0.004456,0.004456,0.0008,0.003656,0.048617
2022-06-27,500ETF,Future (IC88 (CSI 500 Futures)),rank,0.6093,0.6,1.0,1,0.001191,0.001191,0.0,0.001191,0.049808
2022-06-28,500ETF,Future (IC88 (CSI 500 Futures)),rank,-0.4791,0.6,0.0,0,0.014884,0.0,0.0008,-0.0008,0.049008
2022-06-29,500ETF,Future (IC88 (CSI 500 Futures)),rank,-0.1457,0.6,0.0,0,-0.010856,-0.0,0.0,-0.0,0.049008
2022-06-30,500ETF,Future (IC88 (CSI 500 Futures)),rank,1.2933,0.6,1.0,1,-0.002209,-0.002209,0.0008,-0.003009,0.045999
2022-07-01,500ETF,Future (IC88 (CSI 500 Futures)),rank,-0.5284,0.6,0.0,0,-0.000467,-0.0,0.0008,-0.0008,0.045199
2022-07-04,500ETF,Future (IC88 (CSI 500 Futures)),rank,-0.5623,0.6,0.0,0,0.005483,0.0,0.0,0.0,0.045199
2022-07-05,500ETF,Future (IC88 (CSI 500 Futures)),rank,-0.123,0.6,0.0,0,-0.006677,-0.0,0.0,-0.0,0.045199
2022-07-06,500ETF,Future (IC88 (CSI 500 Futures)),rank,-0.6588,0.6,0.0,0,-0.014031,-0.0,0.0,-0.0,0.045199
2022-07-07,500ETF,Future (IC88 (CSI 500 Futures)),rank,-0.6715,0.6,0.0,0,0.006799,0.0,0.0,0.0,0.045199
2022-07-08,500ETF,Future (IC88 (CSI 500 Futures)),rank,-0.1766,0.6,0.0,0,-0.006323,-0.0,0.0,-0.0,0.045199
2022-07-11,500ETF,Future (IC88 (CSI 500 Futures)),rank,-1.1662,0.6,-1.0,1,-0.000889,0.000889,0.0008,8.9e-05,0.045288
2022-07-12,500ETF,Future (IC88 (CSI 500 Futures)),rank,-0.6209,0.6,0.0,0,-0.011627,-0.0,0.0008,-0.0008,0.044488
2022-07-13,500ETF,Future (IC88 (CSI 500 Futures)),rank,0.2608,0.6,0.0,0,-0.001444,-0.0,0.0,-0.0,0.044488
2022-07-14,500ETF,Future (IC88 (CSI 500 Futures)),rank,-0.2369,0.6,0.0,0,0.001687,0.0,0.0,0.0,0.044488
2022-07-15,500ETF,Future (IC88 (CSI 500 Futures)),rank,0.1021,0.6,0.0,0,-0.010567,-0.0,0.0,-0.0,0.044488
2022-07-18,500ETF,Future (IC88 (CSI 500 Futures)),rank,0.6211,0.6,1.0,1,0.00995,0.00995,0.0008,0.00915,0.053638
2022-07-19,500ETF,Future (IC88 (CSI 500 Futures)),rank,-0.2728,0.6,0.0,0,0.00452,0.0,0.0008,-0.0008,0.052838
2022-07-20,500ETF,Future (IC88 (CSI 500 Futures)),rank,1.1414,0.6,1.0,1,0.00129,0.00129,0.0008,0.00049,0.053328
2022-07-21,500ETF,Future (IC88 (CSI 500 Futures)),rank,-0.4574,0.6,0.0,0,-0.003027,-0.0,0.0008,-0.0008,0.052528
2022-07-22,500ETF,Future (IC88 (CSI 500 Futures)),rank,-0.0186,0.6,0.0,0,-0.007247,-0.0,0.0,-0.0,0.052528
2022-07-25,500ETF,Future (IC88 (CSI 500 Futures)),rank,0.2167,0.6,0.0,0,-0.008311,-0.0,0.0,-0.0,0.052528
2022-07-26,500ETF,Future (IC88 (CSI 500 Futures)),rank,-0.4583,0.6,0.0,0,0.009017,0.0,0.0,0.0,0.052528
2022-07-27,500ETF,Future (IC88 (CSI 500 Futures)),rank,-0.5672,0.6,0.0,0,0.003535,0.0,0.0,0.0,0.052528
2022-07-28,500ETF,Future (IC88 (CSI 500 Futures)),rank,-0.145,0.6,0.0,0,-0.000411,-0.0,0.0,-0.0,0.052528
2022-07-29,500ETF,Future (IC88 (CSI 500 Futures)),rank,-0.345,0.6,0.0,0,-0.012636,-0.0,0.0,-0.0,0.052528
2022-08-01,500ETF,Future (IC88 (CSI 500 Futures)),rank,-0.6321,0.6,0.0,0,0.003327,0.0,0.0,0.0,0.052528
2022-08-02,500ETF,Future (IC88 (CSI 500 Futures)),rank,-1.4527,0.6,-1.0,1,-0.003597,0.003597,0.0008,0.002797,0.055325
2022-08-03,500ETF,Future (IC88 (CSI 500 Futures)),rank,1.2662,0.6,1.0,1,-0.01287,-0.01287,0.0016,-0.01447,0.040855
2022-08-04,500ETF,Future (IC88 (CSI 500 Futures)),rank,-0.0706,0.6,0.0,0,-0.004317,-0.0,0.0008,-0.0008,0.040055
2022-08-05,500ETF,Future (IC88 (CSI 500 Futures)),rank,0.1641,0.6,0.0,0,0.015007,0.0,0.0,0.0,0.040055
2022-08-08,500ETF,Future (IC88 (CSI 500 Futures)),rank,-0.0172,0.6,0.0,0,0.006596,0.0,0.0,0.0,0.040055
2022-08-09,500ETF,Future (IC88 (CSI 500 Futures)),rank,-0.7472,0.6,0.0,0,0.003739,0.0,0.0,0.0,0.040055
2022-08-10,500ETF,Future (IC88 (CSI 500 Futures)),rank,0.477,0.6,0.0,0,-0.007303,-0.0,0.0,-0.0,0.040055
2022-08-11,500ETF,Future (IC88 (CSI 500 Futures)),rank,0.1394,0.6,0.0,0,0.012004,0.0,0.0,0.0,0.040055
2022-08-12,500ETF,Future (IC88 (CSI 500 Futures)),rank,-0.2638,0.6,0.0,0,-0.001752,-0.0,0.0,-0.0,0.040055
2022-08-15,500ETF,Future (IC88 (CSI 500 Futures)),rank,0.7057,0.6,1.0,1,-0.003709,-0.003709,0.0008,-0.004509,0.035546
2022-08-16,500ETF,Future (IC88 (CSI 500 Futures)),rank,0.57,0.6,0.0,0,-0.000405,-0.0,0.0008,-0.0008,0.034746
2022-08-17,500ETF,Future (IC88 (CSI 500 Futures)),rank,-0.9171,0.6,0.0,0,0.010179,0.0,0.0,0.0,0.034746
2022-08-18,500ETF,Future (IC88 (CSI 500 Futures)),rank,-0.6241,0.6,0.0,0,-0.003292,-0.0,0.0,-0.0,0.034746
2022-08-19,500ETF,Future (IC88 (CSI 500 Futures)),rank,-0.3964,0.6,0.0,0,-0.009001,-0.0,0.0,-0.0,0.034746
2022-08-22,500ETF,Future (IC88 (CSI 500 Futures)),rank,0.0538,0.6,0.0,0,0.010045,0.0,0.0,0.0,0.034746
2022-08-23,500ETF,Future (IC88 (CSI 500 Futures)),rank,-0.6212,0.6,0.0,0,0.00053,0.0,0.0,0.0,0.034746
2022-08-24,500ETF,Future (IC88 (CSI 500 Futures)),rank,-0.8161,0.6,0.0,0,-0.021612,-0.0,0.0,-0.0,0.034746
2022-08-25,500ETF,Future (IC88 (CSI 500 Futures)),rank,-0.0249,0.6,0.0,0,-0.001376,-0.0,0.0,-0.0,0.034746
2022-08-26,500ETF,Future (IC88 (CSI 500 Futures)),rank,0.437,0.6,0.0,0,-0.010687,-0.0,0.0,-0.0,0.034746
2022-08-29,500ETF,Future (IC88 (CSI 500 Futures)),rank,0.4001,0.6,0.0,0,0.003545,0.0,0.0,0.0,0.034746
2022-08-30,500ETF,Future (IC88 (CSI 500 Futures)),rank,-0.0442,0.6,0.0,0,-0.001597,-0.0,0.0,-0.0,0.034746
2022-08-31,500ETF,Future (IC88 (CSI 500 Futures)),rank,-0.5998,0.6,0.0,0,-0.009114,-0.0,0.0,-0.0,0.034746
2022-09-01,500ETF,Future (IC88 (CSI 500 Futures)),rank,1.0612,0.6,1.0,1,-0.010892,-0.010892,0.0008,-0.011692,0.023054
2022-09-02,500ETF,Future (IC88 (CSI 500 Futures)),rank,0.1566,0.6,0.0,0,-0.002379,-0.0,0.0008,-0.0008,0.022254
2022-09-05,500ETF,Future (IC88 (CSI 500 Futures)),rank,0.0437,0.6,0.0,0,-0.002986,-0.0,0.0,-0.0,0.022254
2022-09-06,500ETF,Future (IC88 (CSI 500 Futures)),rank,0.1408,0.6,0.0,0,0.009691,0.0,0.0,0.0,0.022254
2022-09-07,500ETF,Future (IC88 (CSI 500 Futures)),rank,-0.3743,0.6,0.0,0,0.001911,0.0,0.0,0.0,0.022254
2022-09-08,500ETF,Future (IC88 (CSI 500 Futures)),rank,-0.6333,0.6,0.0,0,-0.001657,-0.0,0.0,-0.0,0.022254
2022-09-09,500ETF,Future (IC88 (CSI 500 Futures)),rank,0.0366,0.6,0.0,0,0.008255,0.0,0.0,0.0,0.022254
2022-09-13,500ETF,Future (IC88 (CSI 500 Futures)),rank,-0.2353,0.6,0.0,0,-0.004094,-0.0,0.0,-0.0,0.022254
2022-09-14,500ETF,Future (IC88 (CSI 500 Futures)),rank,-0.0875,0.6,0.0,0,-0.002079,-0.0,0.0,-0.0,0.022254
2022-09-15,500ETF,Future (IC88 (CSI 500 Futures)),rank,-0.8193,0.6,0.0,0,-0.025787,-0.0,0.0,-0.0,0.022254
2022-09-16,500ETF,Future (IC88 (CSI 500 Futures)),rank,-0.6589,0.6,0.0,0,-0.020398,-0.0,0.0,-0.0,0.022254
2022-09-19,500ETF,Future (IC88 (CSI 500 Futures)),rank,-0.4953,0.6,0.0,0,-0.007425,-0.0,0.0,-0.0,0.022254
2022-09-20,500ETF,Future (IC88 (CSI 500 Futures)),rank,0.6223,0.6,1.0,1,-0.006714,-0.006714,0.0008,-0.007514,0.01474
2022-09-21,500ETF,Future (IC88 (CSI 500 Futures)),rank,-1.0955,0.6,-1.0,1,0.013428,-0.013428,0.0016,-0.015028,-0.000288
2022-09-22,500ETF,Future (IC88 (CSI 500 Futures)),rank,0.6364,0.6,1.0,1,-0.00775,-0.00775,0.0016,-0.00935,-0.009638
2022-09-23,500ETF,Future (IC88 (CSI 500 Futures)),rank,0.4561,0.6,0.0,0,-0.009244,-0.0,0.0008,-0.0008,-0.010438
2022-09-26,500ETF,Future (IC88 (CSI 500 Futures)),rank,-0.1701,0.6,0.0,0,-0.005529,-0.0,0.0,-0.0,-0.010438
2022-09-27,500ETF,Future (IC88 (CSI 500 Futures)),rank,0.8563,0.6,1.0,1,0.013841,0.013841,0.0008,0.013041,0.002602
2022-09-28,500ETF,Future (IC88 (CSI 500 Futures)),rank,-1.0007,0.6,-1.0,1,-0.007296,0.007296,0.0016,0.005696,0.008298
2022-09-29,500ETF,Future (IC88 (CSI 500 Futures)),rank,0.497,0.6,0.0,0,-0.012614,-0.0,0.0008,-0.0008,0.007498
2022-09-30,500ETF,Future (IC88 (CSI 500 Futures)),rank,0.7144,0.6,1.0,1,-0.005605,-0.005605,0.0008,-0.006405,0.001092
2022-10-10,500ETF,Future (IC88 (CSI 500 Futures)),rank,-0.2619,0.6,0.0,0,-0.023597,-0.0,0.0008,-0.0008,0.000292
2022-10-11,500ETF,Future (IC88 (CSI 500 Futures)),rank,0.456,0.6,0.0,0,0.003988,0.0,0.0,0.0,0.000292
2022-10-12,500ETF,Future (IC88 (CSI 500 Futures)),rank,-0.9199,0.6,0.0,0,0.026334,0.0,0.0,0.0,0.000292
2022-10-13,500ETF,Future (IC88 (CSI 500 Futures)),rank,0.7313,0.6,1.0,1,0.003257,0.003257,0.0008,0.002457,0.00275
2022-10-14,500ETF,Future (IC88 (CSI 500 Futures)),rank,1.1185,0.6,1.0,1,0.010477,0.010477,0.0,0.010477,0.013227
2022-10-17,500ETF,Future (IC88 (CSI 500 Futures)),rank,0.1872,0.6,0.0,0,0.011748,0.0,0.0008,-0.0008,0.012427
2022-10-18,500ETF,Future (IC88 (CSI 500 Futures)),rank,-0.663,0.6,0.0,0,0.002159,0.0,0.0,0.0,0.012427
2022-10-19,500ETF,Future (IC88 (CSI 500 Futures)),rank,-0.39,0.6,0.0,0,-0.004935,-0.0,0.0,-0.0,0.012427
2022-10-20,500ETF,Future (IC88 (CSI 500 Futures)),rank,-0.6666,0.6,0.0,0,0.008876,0.0,0.0,0.0,0.012427
2022-10-21,500ETF,Future (IC88 (CSI 500 Futures)),rank,0.4929,0.6,0.0,0,0.005395,0.0,0.0,0.0,0.012427
2022-10-24,500ETF,Future (IC88 (CSI 500 Futures)),rank,1.2342,0.6,1.0,1,-0.016489,-0.016489,0.0008,-0.017289,-0.004862
2022-10-25,500ETF,Future (IC88 (CSI 500 Futures)),rank,-0.6606,0.6,0.0,0,0.001432,0.0,0.0008,-0.0008,-0.005662
2022-10-26,500ETF,Future (IC88 (CSI 500 Futures)),rank,1.2219,0.6,1.0,1,0.003701,0.003701,0.0008,0.002901,-0.00276
2022-10-27,500ETF,Future (IC88 (CSI 500 Futures)),rank,0.6627,0.6,1.0,1,-0.003304,-0.003304,0.0,-0.003304,-0.006064
2022-10-28,500ETF,Future (IC88 (CSI 500 Futures)),rank,-0.7682,0.6,0.0,0,-0.020445,-0.0,0.0008,-0.0008,-0.006864
2022-10-31,500ETF,Future (IC88 (CSI 500 Futures)),rank,0.57,0.6,0.0,0,0.000172,0.0,0.0,0.0,-0.006864
2022-11-01,500ETF,Future (IC88 (CSI 500 Futures)),rank,0.5007,0.6,0.0,0,0.018629,0.0,0.0,0.0,-0.006864
2022-11-02,500ETF,Future (IC88 (CSI 500 Futures)),rank,0.8889,0.6,1.0,1,0.004056,0.004056,0.0008,0.003256,-0.003608
2022-11-03,500ETF,Future (IC88 (CSI 500 Futures)),rank,0.4883,0.6,0.0,0,0.003844,0.0,0.0008,-0.0008,-0.004408
2022-11-04,500ETF,Future (IC88 (CSI 500 Futures)),rank,1.1833,0.6,1.0,1,0.015065,0.015065,0.0008,0.014265,0.009857
2022-11-07,500ETF,Future (IC88 (CSI 500 Futures)),rank,0.6961,0.6,1.0,1,0.000391,0.000391,0.0,0.000391,0.010248
2022-11-08,500ETF,Future (IC88 (CSI 500 Futures)),rank,-0.8291,0.6,0.0,0,-0.000131,-0.0,0.0008,-0.0008,0.009448
2022-11-09,500ETF,Future (IC88 (CSI 500 Futures)),rank,-0.3328,0.6,0.0,0,-0.002023,-0.0,0.0,-0.0,0.009448
2022-11-10,500ETF,Future (IC88 (CSI 500 Futures)),rank,-0.2931,0.6,0.0,0,-0.000624,-0.0,0.0,-0.0,0.009448
2022-11-11,500ETF,Future (IC88 (CSI 500 Futures)),rank,0.1008,0.6,0.0,0,-0.00451,-0.0,0.0,-0.0,0.009448
2022-11-14,500ETF,Future (IC88 (CSI 500 Futures)),rank,0.968,0.6,1.0,1,-0.013462,-0.013462,0.0008,-0.014262,-0.004814
2022-11-15,500ETF,Future (IC88 (CSI 500 Futures)),rank,0.5525,0.6,0.0,0,0.010893,0.0,0.0008,-0.0008,-0.005614
2022-11-16,500ETF,Future (IC88 (CSI 500 Futures)),rank,-0.2928,0.6,0.0,0,-0.005272,-0.0,0.0,-0.0,-0.005614
2022-11-17,500ETF,Future (IC88 (CSI 500 Futures)),rank,-0.8871,0.6,0.0,0,0.004294,0.0,0.0,0.0,-0.005614
2022-11-18,500ETF,Future (IC88 (CSI 500 Futures)),rank,0.0215,0.6,0.0,0,-0.001607,-0.0,0.0,-0.0,-0.005614
2022-11-21,500ETF,Future (IC88 (CSI 500 Futures)),rank,-0.8055,0.6,0.0,0,0.007996,0.0,0.0,0.0,-0.005614
2022-11-22,500ETF,Future (IC88 (CSI 500 Futures)),rank,-0.3858,0.6,0.0,0,-0.010867,-0.0,0.0,-0.0,-0.005614
2022-11-23,500ETF,Future (IC88 (CSI 500 Futures)),rank,-0.2501,0.6,0.0,0,0.002385,0.0,0.0,0.0,-0.005614
2022-11-24,500ETF,Future (IC88 (CSI 500 Futures)),rank,0.4811,0.6,0.0,0,-3.3e-05,-0.0,0.0,-0.0,-0.005614
2022-11-25,500ETF,Future (IC88 (CSI 500 Futures)),rank,-1.0076,0.6,-1.0,1,0.004497,-0.004497,0.0008,-0.005297,-0.010911
2022-11-28,500ETF,Future (IC88 (CSI 500 Futures)),rank,-0.6245,0.6,0.0,0,0.007945,0.0,0.0008,-0.0008,-0.011711
2022-11-29,500ETF,Future (IC88 (CSI 500 Futures)),rank,1.1007,0.6,1.0,1,0.011282,0.011282,0.0008,0.010482,-0.001229
2022-11-30,500ETF,Future (IC88 (CSI 500 Futures)),rank,-0.0341,0.6,0.0,0,-0.005063,-0.0,0.0008,-0.0008,-0.002029
2022-12-01,500ETF,Future (IC88 (CSI 500 Futures)),rank,0.1174,0.6,0.0,0,-0.003535,-0.0,0.0,-0.0,-0.002029
2022-12-02,500ETF,Future (IC88 (CSI 500 Futures)),rank,0.3553,0.6,0.0,0,-0.006771,-0.0,0.0,-0.0,-0.002029
2022-12-05,500ETF,Future (IC88 (CSI 500 Futures)),rank,-0.1095,0.6,0.0,0,0.003353,0.0,0.0,0.0,-0.002029
2022-12-06,500ETF,Future (IC88 (CSI 500 Futures)),rank,0.0271,0.6,0.0,0,-0.000452,-0.0,0.0,-0.0,-0.002029
2022-12-07,500ETF,Future (IC88 (CSI 500 Futures)),rank,-0.4668,0.6,0.0,0,-0.002351,-0.0,0.0,-0.0,-0.002029
2022-12-08,500ETF,Future (IC88 (CSI 500 Futures)),rank,-0.8039,0.6,0.0,0,0.001582,0.0,0.0,0.0,-0.002029
2022-12-09,500ETF,Future (IC88 (CSI 500 Futures)),rank,-0.2296,0.6,0.0,0,0.008943,0.0,0.0,0.0,-0.002029
2022-12-12,500ETF,Future (IC88 (CSI 500 Futures)),rank,-1.0007,0.6,-1.0,1,0.002371,-0.002371,0.0008,-0.003171,-0.0052
2022-12-13,500ETF,Future (IC88 (CSI 500 Futures)),rank,-0.8908,0.6,0.0,0,0.0,0.0,0.0008,-0.0008,-0.006
2022-12-14,500ETF,Future (IC88 (CSI 500 Futures)),rank,0.1085,0.6,0.0,0,-0.006284,-0.0,0.0,-0.0,-0.006
2022-12-15,500ETF,Future (IC88 (CSI 500 Futures)),rank,0.1189,0.6,0.0,0,0.000459,0.0,0.0,0.0,-0.006
2022-12-16,500ETF,Future (IC88 (CSI 500 Futures)),rank,-0.4408,0.6,0.0,0,0.002109,0.0,0.0,0.0,-0.006
2022-12-19,500ETF,Future (IC88 (CSI 500 Futures)),rank,-0.458,0.6,0.0,0,-0.017214,-0.0,0.0,-0.0,-0.006
2022-12-20,500ETF,Future (IC88 (CSI 500 Futures)),rank,-0.7981,0.6,0.0,0,-0.003449,-0.0,0.0,-0.0,-0.006
2022-12-21,500ETF,Future (IC88 (CSI 500 Futures)),rank,-0.4323,0.6,0.0,0,-0.006979,-0.0,0.0,-0.0,-0.006
2022-12-22,500ETF,Future (IC88 (CSI 500 Futures)),rank,-0.5275,0.6,0.0,0,-0.0176,-0.0,0.0,-0.0,-0.006
2022-12-23,500ETF,Future (IC88 (CSI 500 Futures)),rank,0.0463,0.6,0.0,0,-0.004901,-0.0,0.0,-0.0,-0.006
2022-12-26,500ETF,Future (IC88 (CSI 500 Futures)),rank,1.1398,0.6,1.0,1,0.002255,0.002255,0.0008,0.001455,-0.004545
2022-12-27,500ETF,Future (IC88 (CSI 500 Futures)),rank,-0.5785,0.6,0.0,0,0.008162,0.0,0.0008,-0.0008,-0.005345
2022-12-28,500ETF,Future (IC88 (CSI 500 Futures)),rank,-0.8319,0.6,0.0,0,0.002621,0.0,0.0,0.0,-0.005345
2022-12-29,500ETF,Future (IC88 (CSI 500 Futures)),rank,-0.3303,0.6,0.0,0,0.005956,0.0,0.0,0.0,-0.005345
2022-12-30,500ETF,Future (IC88 (CSI 500 Futures)),rank,0.2317,0.6,0.0,0,-0.003263,-0.0,0.0,-0.0,-0.005345
2023-01-03,500ETF,Future (IC88 (CSI 500 Futures)),rank,-0.1005,0.6,0.0,0,0.016405,0.0,0.0,0.0,-0.005345
2023-01-04,500ETF,Future (IC88 (CSI 500 Futures)),rank,-0.26,0.6,0.0,0,-0.000436,-0.0,0.0,-0.0,-0.005345
2023-01-05,500ETF,Future (IC88 (CSI 500 Futures)),rank,0.3927,0.6,0.0,0,0.002957,0.0,0.0,0.0,-0.005345
2023-01-06,500ETF,Future (IC88 (CSI 500 Futures)),rank,0.1637,0.6,0.0,0,-0.001061,-0.0,0.0,-0.0,-0.005345
2023-01-09,500ETF,Future (IC88 (CSI 500 Futures)),rank,0.6125,0.6,1.0,1,-0.001914,-0.001914,0.0008,-0.002714,-0.008059
2023-01-10,500ETF,Future (IC88 (CSI 500 Futures)),rank,-0.7258,0.6,0.0,0,0.002579,0.0,0.0008,-0.0008,-0.008859
2023-01-11,500ETF,Future (IC88 (CSI 500 Futures)),rank,-0.6029,0.6,0.0,0,-0.004736,-0.0,0.0,-0.0,-0.008859
2023-01-12,500ETF,Future (IC88 (CSI 500 Futures)),rank,0.3393,0.6,0.0,0,-0.004568,-0.0,0.0,-0.0,-0.008859
2023-01-13,500ETF,Future (IC88 (CSI 500 Futures)),rank,-0.28,0.6,0.0,0,0.004656,0.0,0.0,0.0,-0.008859
2023-01-16,500ETF,Future (IC88 (CSI 500 Futures)),rank,1.205,0.6,1.0,1,0.001173,0.001173,0.0008,0.000373,-0.008485
2023-01-17,500ETF,Future (IC88 (CSI 500 Futures)),rank,-0.1574,0.6,0.0,0,0.00039,0.0,0.0008,-0.0008,-0.009285
2023-01-18,500ETF,Future (IC88 (CSI 500 Futures)),rank,0.3201,0.6,0.0,0,0.001363,0.0,0.0,0.0,-0.009285
2023-01-19,500ETF,Future (IC88 (CSI 500 Futures)),rank,-0.6767,0.6,0.0,0,0.010547,0.0,0.0,0.0,-0.009285
2023-01-20,500ETF,Future (IC88 (CSI 500 Futures)),rank,0.8377,0.6,1.0,1,-0.000669,-0.000669,0.0008,-0.001469,-0.010755
2023-01-30,500ETF,Future (IC88 (CSI 500 Futures)),rank,0.2202,0.6,0.0,0,-0.010147,-0.0,0.0008,-0.0008,-0.011555
2023-01-31,500ETF,Future (IC88 (CSI 500 Futures)),rank,0.5684,0.6,0.0,0,-0.000349,-0.0,0.0,-0.0,-0.011555
2023-02-01,500ETF,Future (IC88 (CSI 500 Futures)),rank,0.8745,0.6,1.0,1,0.003427,0.003427,0.0008,0.002627,-0.008928
2023-02-02,500ETF,Future (IC88 (CSI 500 Futures)),rank,-0.6396,0.6,0.0,0,-0.001002,-0.0,0.0008,-0.0008,-0.009728
2023-02-03,500ETF,Future (IC88 (CSI 500 Futures)),rank,-0.9719,0.6,0.0,0,0.005214,0.0,0.0,0.0,-0.009728
2023-02-06,500ETF,Future (IC88 (CSI 500 Futures)),rank,-0.664,0.6,0.0,0,-0.004247,-0.0,0.0,-0.0,-0.009728
2023-02-07,500ETF,Future (IC88 (CSI 500 Futures)),rank,-0.0673,0.6,0.0,0,0.001523,0.0,0.0,0.0,-0.009728
2023-02-08,500ETF,Future (IC88 (CSI 500 Futures)),rank,-0.6103,0.6,0.0,0,-0.005863,-0.0,0.0,-0.0,-0.009728
2023-02-09,500ETF,Future (IC88 (CSI 500 Futures)),rank,0.8182,0.6,1.0,1,0.009098,0.009098,0.0008,0.008298,-0.00143
2023-02-10,500ETF,Future (IC88 (CSI 500 Futures)),rank,0.0278,0.6,0.0,0,-0.003656,-0.0,0.0008,-0.0008,-0.00223
2023-02-13,500ETF,Future (IC88 (CSI 500 Futures)),rank,1.0037,0.6,1.0,1,-0.002982,-0.002982,0.0008,-0.003782,-0.006012
2023-02-14,500ETF,Future (IC88 (CSI 500 Futures)),rank,0.1795,0.6,0.0,0,-0.001537,-0.0,0.0008,-0.0008,-0.006812
2023-02-15,500ETF,Future (IC88 (CSI 500 Futures)),rank,-0.3257,0.6,0.0,0,-0.000691,-0.0,0.0,-0.0,-0.006812
2023-02-16,500ETF,Future (IC88 (CSI 500 Futures)),rank,0.2572,0.6,0.0,0,-0.01648,-0.0,0.0,-0.0,-0.006812
2023-02-17,500ETF,Future (IC88 (CSI 500 Futures)),rank,0.1684,0.6,0.0,0,-0.006113,-0.0,0.0,-0.0,-0.006812
2023-02-20,500ETF,Future (IC88 (CSI 500 Futures)),rank,-0.0909,0.6,0.0,0,0.012532,0.0,0.0,0.0,-0.006812
2023-02-21,500ETF,Future (IC88 (CSI 500 Futures)),rank,0.9804,0.6,1.0,1,-0.003521,-0.003521,0.0008,-0.004321,-0.011133
2023-02-22,500ETF,Future (IC88 (CSI 500 Futures)),rank,-0.053,0.6,0.0,0,0.001797,0.0,0.0008,-0.0008,-0.011933
2023-02-23,500ETF,Future (IC88 (CSI 500 Futures)),rank,0.4219,0.6,0.0,0,-0.006422,-0.0,0.0,-0.0,-0.011933
2023-02-24,500ETF,Future (IC88 (CSI 500 Futures)),rank,-0.5575,0.6,0.0,0,-0.004166,-0.0,0.0,-0.0,-0.011933
2023-02-27,500ETF,Future (IC88 (CSI 500 Futures)),rank,-0.3282,0.6,0.0,0,-0.005497,-0.0,0.0,-0.0,-0.011933
2023-02-28,500ETF,Future (IC88 (CSI 500 Futures)),rank,0.4295,0.6,0.0,0,0.002211,0.0,0.0,0.0,-0.011933
2023-03-01,500ETF,Future (IC88 (CSI 500 Futures)),rank,-0.397,0.6,0.0,0,0.003984,0.0,0.0,0.0,-0.011933
2023-03-02,500ETF,Future (IC88 (CSI 500 Futures)),rank,-0.3949,0.6,0.0,0,-0.004511,-0.0,0.0,-0.0,-0.011933
2023-03-03,500ETF,Future (IC88 (CSI 500 Futures)),rank,0.0679,0.6,0.0,0,-0.001128,-0.0,0.0,-0.0,-0.011933
2023-03-06,500ETF,Future (IC88 (CSI 500 Futures)),rank,-0.5719,0.6,0.0,0,0.000346,0.0,0.0,0.0,-0.011933
2023-03-07,500ETF,Future (IC88 (CSI 500 Futures)),rank,-0.3966,0.6,0.0,0,-0.009234,-0.0,0.0,-0.0,-0.011933
2023-03-08,500ETF,Future (IC88 (CSI 500 Futures)),rank,0.4612,0.6,0.0,0,0.001178,0.0,0.0,0.0,-0.011933
2023-03-09,500ETF,Future (IC88 (CSI 500 Futures)),rank,-0.7294,0.6,0.0,0,-0.000446,-0.0,0.0,-0.0,-0.011933
2023-03-10,500ETF,Future (IC88 (CSI 500 Futures)),rank,-0.7513,0.6,0.0,0,-0.000386,-0.0,0.0,-0.0,-0.011933
2023-03-13,500ETF,Future (IC88 (CSI 500 Futures)),rank,0.7345,0.6,1.0,1,0.004994,0.004994,0.0008,0.004194,-0.00774
2023-03-14,500ETF,Future (IC88 (CSI 500 Futures)),rank,-0.6369,0.6,0.0,0,-0.004156,-0.0,0.0008,-0.0008,-0.00854
2023-03-15,500ETF,Future (IC88 (CSI 500 Futures)),rank,1.1274,0.6,1.0,1,-0.004554,-0.004554,0.0008,-0.005354,-0.013894
2023-03-16,500ETF,Future (IC88 (CSI 500 Futures)),rank,-0.4223,0.6,0.0,0,-0.006239,-0.0,0.0008,-0.0008,-0.014694
2023-03-17,500ETF,Future (IC88 (CSI 500 Futures)),rank,1.0265,0.6,1.0,1,-0.00469,-0.00469,0.0008,-0.00549,-0.020184
2023-03-20,500ETF,Future (IC88 (CSI 500 Futures)),rank,-0.7689,0.6,0.0,0,-0.00172,-0.0,0.0008,-0.0008,-0.020984
2023-03-21,500ETF,Future (IC88 (CSI 500 Futures)),rank,0.8581,0.6,1.0,1,0.000675,0.000675,0.0008,-0.000125,-0.021109
2023-03-22,500ETF,Future (IC88 (CSI 500 Futures)),rank,0.5258,0.6,0.0,0,0.000224,0.0,0.0008,-0.0008,-0.021909
2023-03-23,500ETF,Future (IC88 (CSI 500 Futures)),rank,0.2404,0.6,0.0,0,0.005225,0.0,0.0,0.0,-0.021909
2023-03-24,500ETF,Future (IC88 (CSI 500 Futures)),rank,-0.5868,0.6,0.0,0,0.000984,0.0,0.0,0.0,-0.021909
2023-03-27,500ETF,Future (IC88 (CSI 500 Futures)),rank,-0.0789,0.6,0.0,0,0.000698,0.0,0.0,0.0,-0.021909
2023-03-28,500ETF,Future (IC88 (CSI 500 Futures)),rank,-0.4475,0.6,0.0,0,0.001465,0.0,0.0,0.0,-0.021909
2023-03-29,500ETF,Future (IC88 (CSI 500 Futures)),rank,-0.5117,0.6,0.0,0,-0.000191,-0.0,0.0,-0.0,-0.021909
2023-03-30,500ETF,Future (IC88 (CSI 500 Futures)),rank,-0.647,0.6,0.0,0,0.003957,0.0,0.0,0.0,-0.021909
2023-03-31,500ETF,Future (IC88 (CSI 500 Futures)),rank,0.7459,0.6,1.0,1,0.001137,0.001137,0.0008,0.000337,-0.021572
2023-04-03,500ETF,Future (IC88 (CSI 500 Futures)),rank,0.9889,0.6,1.0,1,0.004246,0.004246,0.0,0.004246,-0.017325
2023-04-04,500ETF,Future (IC88 (CSI 500 Futures)),rank,-0.2386,0.6,0.0,0,-0.001155,-0.0,0.0008,-0.0008,-0.018125
2023-04-06,500ETF,Future (IC88 (CSI 500 Futures)),rank,0.3364,0.6,0.0,0,-0.000125,-0.0,0.0,-0.0,-0.018125
2023-04-07,500ETF,Future (IC88 (CSI 500 Futures)),rank,0.8456,0.6,1.0,1,0.00372,0.00372,0.0008,0.00292,-0.015205
2023-04-10,500ETF,Future (IC88 (CSI 500 Futures)),rank,-0.606,0.6,0.0,0,-0.006118,-0.0,0.0008,-0.0008,-0.016005
2023-04-11,500ETF,Future (IC88 (CSI 500 Futures)),rank,-0.571,0.6,0.0,0,-0.000966,-0.0,0.0,-0.0,-0.016005
2023-04-12,500ETF,Future (IC88 (CSI 500 Futures)),rank,0.3975,0.6,0.0,0,0.001897,0.0,0.0,0.0,-0.016005
2023-04-13,500ETF,Future (IC88 (CSI 500 Futures)),rank,-0.4228,0.6,0.0,0,-0.003988,-0.0,0.0,-0.0,-0.016005
2023-04-14,500ETF,Future (IC88 (CSI 500 Futures)),rank,0.501,0.6,0.0,0,-0.00028,-0.0,0.0,-0.0,-0.016005
2023-04-17,500ETF,Future (IC88 (CSI 500 Futures)),rank,0.5993,0.6,0.0,0,0.00242,0.0,0.0,0.0,-0.016005
2023-04-18,500ETF,Future (IC88 (CSI 500 Futures)),rank,-0.6125,0.6,0.0,0,0.002237,0.0,0.0,0.0,-0.016005
2023-04-19,500ETF,Future (IC88 (CSI 500 Futures)),rank,-0.0813,0.6,0.0,0,-0.005663,-0.0,0.0,-0.0,-0.016005
2023-04-20,500ETF,Future (IC88 (CSI 500 Futures)),rank,-0.6323,0.6,0.0,0,0.000594,0.0,0.0,0.0,-0.016005
2023-04-21,500ETF,Future (IC88 (CSI 500 Futures)),rank,-0.8523,0.6,0.0,0,-0.019036,-0.0,0.0,-0.0,-0.016005
2023-04-24,500ETF,Future (IC88 (CSI 500 Futures)),rank,-0.6849,0.6,0.0,0,-0.005672,-0.0,0.0,-0.0,-0.016005
2023-04-25,500ETF,Future (IC88 (CSI 500 Futures)),rank,-0.9114,0.6,0.0,0,-0.008937,-0.0,0.0,-0.0,-0.016005
2023-04-26,500ETF,Future (IC88 (CSI 500 Futures)),rank,1.0741,0.6,1.0,1,-0.002671,-0.002671,0.0008,-0.003471,-0.019476
2023-04-27,500ETF,Future (IC88 (CSI 500 Futures)),rank,0.4169,0.6,0.0,0,0.002115,0.0,0.0008,-0.0008,-0.020276
2023-04-28,500ETF,Future (IC88 (CSI 500 Futures)),rank,1.0673,0.6,1.0,1,0.003569,0.003569,0.0008,0.002769,-0.017507
2023-05-04,500ETF,Future (IC88 (CSI 500 Futures)),rank,0.5316,0.6,0.0,0,-0.000353,-0.0,0.0008,-0.0008,-0.018307
2023-05-05,500ETF,Future (IC88 (CSI 500 Futures)),rank,-0.9732,0.6,0.0,0,-0.005242,-0.0,0.0,-0.0,-0.018307
2023-05-08,500ETF,Future (IC88 (CSI 500 Futures)),rank,0.4108,0.6,0.0,0,0.00548,0.0,0.0,0.0,-0.018307
2023-05-09,500ETF,Future (IC88 (CSI 500 Futures)),rank,-0.573,0.6,0.0,0,-0.004457,-0.0,0.0,-0.0,-0.018307
2023-05-10,500ETF,Future (IC88 (CSI 500 Futures)),rank,0.088,0.6,0.0,0,-0.003382,-0.0,0.0,-0.0,-0.018307
2023-05-11,500ETF,Future (IC88 (CSI 500 Futures)),rank,-0.4706,0.6,0.0,0,-0.003387,-0.0,0.0,-0.0,-0.018307
2023-05-12,500ETF,Future (IC88 (CSI 500 Futures)),rank,0.5392,0.6,0.0,0,-0.011616,-0.0,0.0,-0.0,-0.018307
2023-05-15,500ETF,Future (IC88 (CSI 500 Futures)),rank,-0.5771,0.6,0.0,0,0.009995,0.0,0.0,0.0,-0.018307
2023-05-16,500ETF,Future (IC88 (CSI 500 Futures)),rank,-0.843,0.6,0.0,0,-0.005441,-0.0,0.0,-0.0,-0.018307
2023-05-17,500ETF,Future (IC88 (CSI 500 Futures)),rank,-0.0768,0.6,0.0,0,-0.001641,-0.0,0.0,-0.0,-0.018307
2023-05-18,500ETF,Future (IC88 (CSI 500 Futures)),rank,0.2681,0.6,0.0,0,-0.001506,-0.0,0.0,-0.0,-0.018307
2023-05-19,500ETF,Future (IC88 (CSI 500 Futures)),rank,-0.8836,0.6,0.0,0,0.004233,0.0,0.0,0.0,-0.018307
2023-05-22,500ETF,Future (IC88 (CSI 500 Futures)),rank,-0.3456,0.6,0.0,0,0.001115,0.0,0.0,0.0,-0.018307
2023-05-23,500ETF,Future (IC88 (CSI 500 Futures)),rank,-0.7838,0.6,0.0,0,-0.003065,-0.0,0.0,-0.0,-0.018307
2023-05-24,500ETF,Future (IC88 (CSI 500 Futures)),rank,-0.9546,0.6,0.0,0,0.003802,0.0,0.0,0.0,-0.018307
2023-05-25,500ETF,Future (IC88 (CSI 500 Futures)),rank,0.51,0.6,0.0,0,-0.008372,-0.0,0.0,-0.0,-0.018307
2023-05-26,500ETF,Future (IC88 (CSI 500 Futures)),rank,-0.8897,0.6,0.0,0,0.013716,0.0,0.0,0.0,-0.018307
2023-05-29,500ETF,Future (IC88 (CSI 500 Futures)),rank,0.0066,0.6,0.0,0,-0.00558,-0.0,0.0,-0.0,-0.018307
2023-05-30,500ETF,Future (IC88 (CSI 500 Futures)),rank,-0.4575,0.6,0.0,0,0.006803,0.0,0.0,0.0,-0.018307
2023-05-31,500ETF,Future (IC88 (CSI 500 Futures)),rank,-0.3092,0.6,0.0,0,-0.002588,-0.0,0.0,-0.0,-0.018307
2023-06-01,500ETF,Future (IC88 (CSI 500 Futures)),rank,0.0234,0.6,0.0,0,-0.004724,-0.0,0.0,-0.0,-0.018307
2023-06-02,500ETF,Future (IC88 (CSI 500 Futures)),rank,0.849,0.6,1.0,1,0.002494,0.002494,0.0008,0.001694,-0.016613
2023-06-05,500ETF,Future (IC88 (CSI 500 Futures)),rank,-0.5835,0.6,0.0,0,-0.00023,-0.0,0.0008,-0.0008,-0.017413
2023-06-06,500ETF,Future (IC88 (CSI 500 Futures)),rank,-0.9069,0.6,0.0,0,-0.011323,-0.0,0.0,-0.0,-0.017413
2023-06-07,500ETF,Future (IC88 (CSI 500 Futures)),rank,0.1726,0.6,0.0,0,-0.006049,-0.0,0.0,-0.0,-0.017413
2023-06-08,500ETF,Future (IC88 (CSI 500 Futures)),rank,-0.8537,0.6,0.0,0,0.001614,0.0,0.0,0.0,-0.017413
2023-06-09,500ETF,Future (IC88 (CSI 500 Futures)),rank,0.0341,0.6,0.0,0,0.004136,0.0,0.0,0.0,-0.017413
2023-06-12,500ETF,Future (IC88 (CSI 500 Futures)),rank,-0.5378,0.6,0.0,0,0.002425,0.0,0.0,0.0,-0.017413
2023-06-13,500ETF,Future (IC88 (CSI 500 Futures)),rank,0.0468,0.6,0.0,0,0.003546,0.0,0.0,0.0,-0.017413
2023-06-14,500ETF,Future (IC88 (CSI 500 Futures)),rank,0.078,0.6,0.0,0,-0.000926,-0.0,0.0,-0.0,-0.017413
2023-06-15,500ETF,Future (IC88 (CSI 500 Futures)),rank,0.2882,0.6,0.0,0,0.005594,0.0,0.0,0.0,-0.017413
2023-06-16,500ETF,Future (IC88 (CSI 500 Futures)),rank,0.4736,0.6,0.0,0,0.005361,0.0,0.0,0.0,-0.017413
2023-06-19,500ETF,Future (IC88 (CSI 500 Futures)),rank,-0.8212,0.6,0.0,0,-0.002321,-0.0,0.0,-0.0,-0.017413
2023-06-20,500ETF,Future (IC88 (CSI 500 Futures)),rank,-0.4765,0.6,0.0,0,0.000131,0.0,0.0,0.0,-0.017413
2023-06-21,500ETF,Future (IC88 (CSI 500 Futures)),rank,-1.0146,0.6,-1.0,1,-0.008362,0.008362,0.0008,0.007562,-0.009851
2023-06-26,500ETF,Future (IC88 (CSI 500 Futures)),rank,-0.2923,0.6,0.0,0,-0.005291,-0.0,0.0008,-0.0008,-0.010651
2023-06-27,500ETF,Future (IC88 (CSI 500 Futures)),rank,0.8579,0.6,1.0,1,0.002603,0.002603,0.0008,0.001803,-0.008848
2023-06-28,500ETF,Future (IC88 (CSI 500 Futures)),rank,-1.1032,0.6,-1.0,1,0.009067,-0.009067,0.0016,-0.010667,-0.019516
2023-06-29,500ETF,Future (IC88 (CSI 500 Futures)),rank,0.2933,0.6,0.0,0,-0.000169,-0.0,0.0008,-0.0008,-0.020316
2023-06-30,500ETF,Future (IC88 (CSI 500 Futures)),rank,0.8918,0.6,1.0,1,0.005461,0.005461,0.0008,0.004661,-0.015654
2023-07-03,500ETF,Future (IC88 (CSI 500 Futures)),rank,0.7278,0.6,1.0,1,0.002462,0.002462,0.0,0.002462,-0.013193
2023-07-04,500ETF,Future (IC88 (CSI 500 Futures)),rank,-0.6614,0.6,0.0,0,0.001692,0.0,0.0008,-0.0008,-0.013993
2023-07-05,500ETF,Future (IC88 (CSI 500 Futures)),rank,-0.6884,0.6,0.0,0,-0.003258,-0.0,0.0,-0.0,-0.013993
2023-07-06,500ETF,Future (IC88 (CSI 500 Futures)),rank,-0.4004,0.6,0.0,0,-0.009206,-0.0,0.0,-0.0,-0.013993
2023-07-07,500ETF,Future (IC88 (CSI 500 Futures)),rank,-0.8132,0.6,0.0,0,0.002962,0.0,0.0,0.0,-0.013993
2023-07-10,500ETF,Future (IC88 (CSI 500 Futures)),rank,0.2372,0.6,0.0,0,-0.003819,-0.0,0.0,-0.0,-0.013993
2023-07-11,500ETF,Future (IC88 (CSI 500 Futures)),rank,-0.5192,0.6,0.0,0,0.007869,0.0,0.0,0.0,-0.013993
2023-07-12,500ETF,Future (IC88 (CSI 500 Futures)),rank,-0.4829,0.6,0.0,0,-0.006175,-0.0,0.0,-0.0,-0.013993
2023-07-13,500ETF,Future (IC88 (CSI 500 Futures)),rank,1.1562,0.6,1.0,1,0.003149,0.003149,0.0008,0.002349,-0.011643
2023-07-14,500ETF,Future (IC88 (CSI 500 Futures)),rank,-0.6533,0.6,0.0,0,-0.002517,-0.0,0.0008,-0.0008,-0.012443
2023-07-17,500ETF,Future (IC88 (CSI 500 Futures)),rank,-0.7985,0.6,0.0,0,-0.000767,-0.0,0.0,-0.0,-0.012443
2023-07-18,500ETF,Future (IC88 (CSI 500 Futures)),rank,-0.6793,0.6,0.0,0,0.001301,0.0,0.0,0.0,-0.012443
2023-07-19,500ETF,Future (IC88 (CSI 500 Futures)),rank,0.2899,0.6,0.0,0,-0.003337,-0.0,0.0,-0.0,-0.012443
2023-07-20,500ETF,Future (IC88 (CSI 500 Futures)),rank,-0.2244,0.6,0.0,0,-0.008932,-0.0,0.0,-0.0,-0.012443
2023-07-21,500ETF,Future (IC88 (CSI 500 Futures)),rank,-0.0049,0.6,0.0,0,-0.001551,-0.0,0.0,-0.0,-0.012443
2023-07-24,500ETF,Future (IC88 (CSI 500 Futures)),rank,-0.3701,0.6,0.0,0,-0.002059,-0.0,0.0,-0.0,-0.012443
2023-07-25,500ETF,Future (IC88 (CSI 500 Futures)),rank,0.8435,0.6,1.0,1,0.002631,0.002631,0.0008,0.001831,-0.010612
2023-07-26,500ETF,Future (IC88 (CSI 500 Futures)),rank,-0.7237,0.6,0.0,0,-0.003198,-0.0,0.0008,-0.0008,-0.011412
2023-07-27,500ETF,Future (IC88 (CSI 500 Futures)),rank,0.1813,0.6,0.0,0,-0.008791,-0.0,0.0,-0.0,-0.011412
2023-07-28,500ETF,Future (IC88 (CSI 500 Futures)),rank,-0.3687,0.6,0.0,0,0.018159,0.0,0.0,0.0,-0.011412
2023-07-31,500ETF,Future (IC88 (CSI 500 Futures)),rank,1.2375,0.6,1.0,1,-0.004979,-0.004979,0.0008,-0.005779,-0.01719
2023-08-01,500ETF,Future (IC88 (CSI 500 Futures)),rank,0.1413,0.6,0.0,0,-0.001866,-0.0,0.0008,-0.0008,-0.01799
2023-08-02,500ETF,Future (IC88 (CSI 500 Futures)),rank,0.1247,0.6,0.0,0,-0.00644,-0.0,0.0,-0.0,-0.01799
2023-08-03,500ETF,Future (IC88 (CSI 500 Futures)),rank,-0.1937,0.6,0.0,0,0.003259,0.0,0.0,0.0,-0.01799
2023-08-04,500ETF,Future (IC88 (CSI 500 Futures)),rank,0.9196,0.6,1.0,1,-0.001597,-0.001597,0.0008,-0.002397,-0.020387
2023-08-07,500ETF,Future (IC88 (CSI 500 Futures)),rank,-0.9495,0.6,0.0,0,-0.000885,-0.0,0.0008,-0.0008,-0.021187
2023-08-08,500ETF,Future (IC88 (CSI 500 Futures)),rank,-1.0063,0.6,-1.0,1,0.003554,-0.003554,0.0008,-0.004354,-0.025541
2023-08-09,500ETF,Future (IC88 (CSI 500 Futures)),rank,-0.0592,0.6,0.0,0,-0.005843,-0.0,0.0008,-0.0008,-0.026341
2023-08-10,500ETF,Future (IC88 (CSI 500 Futures)),rank,0.1778,0.6,0.0,0,-3.3e-05,-0.0,0.0,-0.0,-0.026341
2023-08-11,500ETF,Future (IC88 (CSI 500 Futures)),rank,-0.9655,0.6,0.0,0,-0.011559,-0.0,0.0,-0.0,-0.026341
2023-08-14,500ETF,Future (IC88 (CSI 500 Futures)),rank,-0.585,0.6,0.0,0,0.007059,0.0,0.0,0.0,-0.026341
2023-08-15,500ETF,Future (IC88 (CSI 500 Futures)),rank,-0.5816,0.6,0.0,0,-0.002921,-0.0,0.0,-0.0,-0.026341
2023-08-16,500ETF,Future (IC88 (CSI 500 Futures)),rank,-0.2331,0.6,0.0,0,-0.003411,-0.0,0.0,-0.0,-0.026341
2023-08-17,500ETF,Future (IC88 (CSI 500 Futures)),rank,-0.6667,0.6,0.0,0,0.012387,0.0,0.0,0.0,-0.026341
2023-08-18,500ETF,Future (IC88 (CSI 500 Futures)),rank,-0.1014,0.6,0.0,0,-0.012911,-0.0,0.0,-0.0,-0.026341
2023-08-21,500ETF,Future (IC88 (CSI 500 Futures)),rank,0.423,0.6,0.0,0,-0.008478,-0.0,0.0,-0.0,-0.026341
2023-08-22,500ETF,Future (IC88 (CSI 500 Futures)),rank,-0.0457,0.6,0.0,0,0.006077,0.0,0.0,0.0,-0.026341
2023-08-23,500ETF,Future (IC88 (CSI 500 Futures)),rank,-1.0941,0.6,-1.0,1,-0.009718,0.009718,0.0008,0.008918,-0.017424
2023-08-24,500ETF,Future (IC88 (CSI 500 Futures)),rank,-0.1854,0.6,0.0,0,0.004921,0.0,0.0008,-0.0008,-0.018224
2023-08-25,500ETF,Future (IC88 (CSI 500 Futures)),rank,-0.3752,0.6,0.0,0,-0.01568,-0.0,0.0,-0.0,-0.018224
2023-08-28,500ETF,Future (IC88 (CSI 500 Futures)),rank,-0.4242,0.6,0.0,0,-0.02292,-0.0,0.0,-0.0,-0.018224
2023-08-29,500ETF,Future (IC88 (CSI 500 Futures)),rank,1.0688,0.6,1.0,1,0.013467,0.013467,0.0008,0.012667,-0.005557
2023-08-30,500ETF,Future (IC88 (CSI 500 Futures)),rank,0.9213,0.6,1.0,1,-0.007032,-0.007032,0.0,-0.007032,-0.012589
2023-08-31,500ETF,Future (IC88 (CSI 500 Futures)),rank,-0.5123,0.6,0.0,0,-0.002399,-0.0,0.0008,-0.0008,-0.013389
2023-09-01,500ETF,Future (IC88 (CSI 500 Futures)),rank,0.1777,0.6,0.0,0,-0.002191,-0.0,0.0,-0.0,-0.013389
2023-09-04,500ETF,Future (IC88 (CSI 500 Futures)),rank,-0.1019,0.6,0.0,0,0.007485,0.0,0.0,0.0,-0.013389
2023-09-05,500ETF,Future (IC88 (CSI 500 Futures)),rank,-0.6067,0.6,0.0,0,-0.004004,-0.0,0.0,-0.0,-0.013389
2023-09-06,500ETF,Future (IC88 (CSI 500 Futures)),rank,-0.8989,0.6,0.0,0,0.00688,0.0,0.0,0.0,-0.013389
2023-09-07,500ETF,Future (IC88 (CSI 500 Futures)),rank,-0.9519,0.6,0.0,0,-0.010061,-0.0,0.0,-0.0,-0.013389
2023-09-08,500ETF,Future (IC88 (CSI 500 Futures)),rank,0.4245,0.6,0.0,0,0.00186,0.0,0.0,0.0,-0.013389
2023-09-11,500ETF,Future (IC88 (CSI 500 Futures)),rank,0.42,0.6,0.0,0,0.008178,0.0,0.0,0.0,-0.013389
2023-09-12,500ETF,Future (IC88 (CSI 500 Futures)),rank,-0.4246,0.6,0.0,0,0.001283,0.0,0.0,0.0,-0.013389
2023-09-13,500ETF,Future (IC88 (CSI 500 Futures)),rank,-0.4384,0.6,0.0,0,-0.0102,-0.0,0.0,-0.0,-0.013389
2023-09-14,500ETF,Future (IC88 (CSI 500 Futures)),rank,-0.4706,0.6,0.0,0,-0.00021,-0.0,0.0,-0.0,-0.013389
2023-09-15,500ETF,Future (IC88 (CSI 500 Futures)),rank,-0.7224,0.6,0.0,0,-0.000914,-0.0,0.0,-0.0,-0.013389
2023-09-18,500ETF,Future (IC88 (CSI 500 Futures)),rank,-0.4542,0.6,0.0,0,0.005417,0.0,0.0,0.0,-0.013389
2023-09-19,500ETF,Future (IC88 (CSI 500 Futures)),rank,-0.946,0.6,0.0,0,0.002844,0.0,0.0,0.0,-0.013389
2023-09-20,500ETF,Future (IC88 (CSI 500 Futures)),rank,-0.1472,0.6,0.0,0,-0.004328,-0.0,0.0,-0.0,-0.013389
2023-09-21,500ETF,Future (IC88 (CSI 500 Futures)),rank,0.5393,0.6,0.0,0,-0.00656,-0.0,0.0,-0.0,-0.013389
2023-09-22,500ETF,Future (IC88 (CSI 500 Futures)),rank,0.0967,0.6,0.0,0,0.014513,0.0,0.0,0.0,-0.013389
2023-09-25,500ETF,Future (IC88 (CSI 500 Futures)),rank,-0.5757,0.6,0.0,0,-0.001302,-0.0,0.0,-0.0,-0.013389
2023-09-26,500ETF,Future (IC88 (CSI 500 Futures)),rank,-0.0444,0.6,0.0,0,-7.1e-05,-0.0,0.0,-0.0,-0.013389
2023-09-27,500ETF,Future (IC88 (CSI 500 Futures)),rank,1.1202,0.6,1.0,1,-0.00231,-0.00231,0.0008,-0.00311,-0.0165
2023-09-28,500ETF,Future (IC88 (CSI 500 Futures)),rank,0.4663,0.6,0.0,0,-0.004242,-0.0,0.0008,-0.0008,-0.0173
2023-10-09,500ETF,Future (IC88 (CSI 500 Futures)),rank,-0.9351,0.6,0.0,0,-0.001024,-0.0,0.0,-0.0,-0.0173
2023-10-10,500ETF,Future (IC88 (CSI 500 Futures)),rank,0.0245,0.6,0.0,0,-0.004251,-0.0,0.0,-0.0,-0.0173
2023-10-11,500ETF,Future (IC88 (CSI 500 Futures)),rank,0.3492,0.6,0.0,0,-0.008964,-0.0,0.0,-0.0,-0.0173
2023-10-12,500ETF,Future (IC88 (CSI 500 Futures)),rank,0.4221,0.6,0.0,0,0.001977,0.0,0.0,0.0,-0.0173
2023-10-13,500ETF,Future (IC88 (CSI 500 Futures)),rank,-0.863,0.6,0.0,0,3.6e-05,0.0,0.0,0.0,-0.0173
2023-10-16,500ETF,Future (IC88 (CSI 500 Futures)),rank,-0.9546,0.6,0.0,0,-0.004303,-0.0,0.0,-0.0,-0.0173
2023-10-17,500ETF,Future (IC88 (CSI 500 Futures)),rank,-0.6313,0.6,0.0,0,0.002474,0.0,0.0,0.0,-0.0173
2023-10-18,500ETF,Future (IC88 (CSI 500 Futures)),rank,-1.1461,0.6,-1.0,1,-0.002312,0.002312,0.0008,0.001512,-0.015788
2023-10-19,500ETF,Future (IC88 (CSI 500 Futures)),rank,0.2118,0.6,0.0,0,-0.00743,-0.0,0.0008,-0.0008,-0.016588
2023-10-20,500ETF,Future (IC88 (CSI 500 Futures)),rank,0.3573,0.6,0.0,0,-0.003786,-0.0,0.0,-0.0,-0.016588
2023-10-23,500ETF,Future (IC88 (CSI 500 Futures)),rank,-1.0719,0.6,-1.0,1,-0.015574,0.015574,0.0008,0.014774,-0.001813
2023-10-24,500ETF,Future (IC88 (CSI 500 Futures)),rank,-0.148,0.6,0.0,0,0.010372,0.0,0.0008,-0.0008,-0.002613
2023-10-25,500ETF,Future (IC88 (CSI 500 Futures)),rank,1.1458,0.6,1.0,1,-0.008326,-0.008326,0.0008,-0.009126,-0.011739
2023-10-26,500ETF,Future (IC88 (CSI 500 Futures)),rank,-0.5337,0.6,0.0,0,0.007686,0.0,0.0008,-0.0008,-0.012539
2023-10-27,500ETF,Future (IC88 (CSI 500 Futures)),rank,0.7725,0.6,1.0,1,0.018066,0.018066,0.0008,0.017266,0.004727
2023-10-30,500ETF,Future (IC88 (CSI 500 Futures)),rank,0.8203,0.6,1.0,1,0.00641,0.00641,0.0,0.00641,0.011137
2023-10-31,500ETF,Future (IC88 (CSI 500 Futures)),rank,-0.5388,0.6,0.0,0,-0.000507,-0.0,0.0008,-0.0008,0.010337
2023-11-01,500ETF,Future (IC88 (CSI 500 Futures)),rank,-0.5681,0.6,0.0,0,-0.000801,-0.0,0.0,-0.0,0.010337
2023-11-02,500ETF,Future (IC88 (CSI 500 Futures)),rank,0.1621,0.6,0.0,0,-0.004311,-0.0,0.0,-0.0,0.010337
2023-11-03,500ETF,Future (IC88 (CSI 500 Futures)),rank,0.9186,0.6,1.0,1,0.003602,0.003602,0.0008,0.002802,0.01314
2023-11-06,500ETF,Future (IC88 (CSI 500 Futures)),rank,0.977,0.6,1.0,1,0.004774,0.004774,0.0,0.004774,0.017914
2023-11-07,500ETF,Future (IC88 (CSI 500 Futures)),rank,-0.2917,0.6,0.0,0,0.005469,0.0,0.0008,-0.0008,0.017114
2023-11-08,500ETF,Future (IC88 (CSI 500 Futures)),rank,-0.22,0.6,0.0,0,-0.003862,-0.0,0.0,-0.0,0.017114
2023-11-09,500ETF,Future (IC88 (CSI 500 Futures)),rank,0.8301,0.6,1.0,1,-0.004189,-0.004189,0.0008,-0.004989,0.012125
2023-11-10,500ETF,Future (IC88 (CSI 500 Futures)),rank,-0.7997,0.6,0.0,0,0.001512,0.0,0.0008,-0.0008,0.011325
2023-11-13,500ETF,Future (IC88 (CSI 500 Futures)),rank,-0.317,0.6,0.0,0,0.003238,0.0,0.0,0.0,0.011325
2023-11-14,500ETF,Future (IC88 (CSI 500 Futures)),rank,0.9238,0.6,1.0,1,-0.003357,-0.003357,0.0008,-0.004157,0.007168
2023-11-15,500ETF,Future (IC88 (CSI 500 Futures)),rank,-0.1294,0.6,0.0,0,-0.003057,-0.0,0.0008,-0.0008,0.006368
2023-11-16,500ETF,Future (IC88 (CSI 500 Futures)),rank,-0.5343,0.6,0.0,0,-0.003569,-0.0,0.0,-0.0,0.006368
2023-11-17,500ETF,Future (IC88 (CSI 500 Futures)),rank,0.2829,0.6,0.0,0,0.003258,0.0,0.0,0.0,0.006368
2023-11-20,500ETF,Future (IC88 (CSI 500 Futures)),rank,-0.7208,0.6,0.0,0,0.011901,0.0,0.0,0.0,0.006368
2023-11-21,500ETF,Future (IC88 (CSI 500 Futures)),rank,0.8299,0.6,1.0,1,-0.009362,-0.009362,0.0008,-0.010162,-0.003794
2023-11-22,500ETF,Future (IC88 (CSI 500 Futures)),rank,0.0217,0.6,0.0,0,-0.00755,-0.0,0.0008,-0.0008,-0.004594
2023-11-23,500ETF,Future (IC88 (CSI 500 Futures)),rank,-0.3043,0.6,0.0,0,0.012676,0.0,0.0,0.0,-0.004594
2023-11-24,500ETF,Future (IC88 (CSI 500 Futures)),rank,-0.9558,0.6,0.0,0,-0.002123,-0.0,0.0,-0.0,-0.004594
2023-11-27,500ETF,Future (IC88 (CSI 500 Futures)),rank,-0.6655,0.6,0.0,0,0.004557,0.0,0.0,0.0,-0.004594
2023-11-28,500ETF,Future (IC88 (CSI 500 Futures)),rank,-0.8049,0.6,0.0,0,0.003312,0.0,0.0,0.0,-0.004594
2023-11-29,500ETF,Future (IC88 (CSI 500 Futures)),rank,-0.5464,0.6,0.0,0,-0.004259,-0.0,0.0,-0.0,-0.004594
2023-11-30,500ETF,Future (IC88 (CSI 500 Futures)),rank,-0.5793,0.6,0.0,0,7.3e-05,0.0,0.0,0.0,-0.004594
2023-12-01,500ETF,Future (IC88 (CSI 500 Futures)),rank,-0.7343,0.6,0.0,0,0.005695,0.0,0.0,0.0,-0.004594
2023-12-04,500ETF,Future (IC88 (CSI 500 Futures)),rank,-0.3511,0.6,0.0,0,-0.005381,-0.0,0.0,-0.0,-0.004594
2023-12-05,500ETF,Future (IC88 (CSI 500 Futures)),rank,-0.9791,0.6,0.0,0,-0.002816,-0.0,0.0,-0.0,-0.004594
2023-12-06,500ETF,Future (IC88 (CSI 500 Futures)),rank,0.684,0.6,1.0,1,0.002821,0.002821,0.0008,0.002021,-0.002573
2023-12-07,500ETF,Future (IC88 (CSI 500 Futures)),rank,-0.8309,0.6,0.0,0,0.008719,0.0,0.0008,-0.0008,-0.003373
2023-12-08,500ETF,Future (IC88 (CSI 500 Futures)),rank,0.3246,0.6,0.0,0,0.003498,0.0,0.0,0.0,-0.003373
2023-12-11,500ETF,Future (IC88 (CSI 500 Futures)),rank,-1.0061,0.6,-1.0,1,0.021671,-0.021671,0.0008,-0.022471,-0.025844
2023-12-12,500ETF,Future (IC88 (CSI 500 Futures)),rank,-0.0297,0.6,0.0,0,0.002913,0.0,0.0008,-0.0008,-0.026644
2023-12-13,500ETF,Future (IC88 (CSI 500 Futures)),rank,-0.7015,0.6,0.0,0,-0.005125,-0.0,0.0,-0.0,-0.026644
2023-12-14,500ETF,Future (IC88 (CSI 500 Futures)),rank,0.7681,0.6,1.0,1,-0.008403,-0.008403,0.0008,-0.009203,-0.035847
2023-12-15,500ETF,Future (IC88 (CSI 500 Futures)),rank,-0.0763,0.6,0.0,0,-0.009471,-0.0,0.0008,-0.0008,-0.036647
2023-12-18,500ETF,Future (IC88 (CSI 500 Futures)),rank,-0.4144,0.6,0.0,0,-0.008142,-0.0,0.0,-0.0,-0.036647
2023-12-19,500ETF,Future (IC88 (CSI 500 Futures)),rank,-0.4773,0.6,0.0,0,-0.003099,-0.0,0.0,-0.0,-0.036647
2023-12-20,500ETF,Future (IC88 (CSI 500 Futures)),rank,-0.6066,0.6,0.0,0,-0.009019,-0.0,0.0,-0.0,-0.036647
2023-12-21,500ETF,Future (IC88 (CSI 500 Futures)),rank,-0.002,0.6,0.0,0,0.009898,0.0,0.0,0.0,-0.036647
2023-12-22,500ETF,Future (IC88 (CSI 500 Futures)),rank,-1.0072,0.6,-1.0,1,0.002675,-0.002675,0.0008,-0.003475,-0.040122
2023-12-25,500ETF,Future (IC88 (CSI 500 Futures)),rank,0.8112,0.6,1.0,1,-0.001278,-0.001278,0.0016,-0.002878,-0.043
2023-12-26,500ETF,Future (IC88 (CSI 500 Futures)),rank,-0.8654,0.6,0.0,0,-0.004472,-0.0,0.0008,-0.0008,-0.0438
2023-12-27,500ETF,Future (IC88 (CSI 500 Futures)),rank,-0.6078,0.6,0.0,0,0.007962,0.0,0.0,0.0,-0.0438
2023-12-28,500ETF,Future (IC88 (CSI 500 Futures)),rank,0.7448,0.6,1.0,1,0.011958,0.011958,0.0008,0.011158,-0.032642
2023-12-29,500ETF,Future (IC88 (CSI 500 Futures)),rank,0.9981,0.6,1.0,1,7.4e-05,7.4e-05,0.0,7.4e-05,-0.032569
2024-01-02,500ETF,Future (IC88 (CSI 500 Futures)),rank,-0.6046,0.6,0.0,0,-0.000517,-0.0,0.0008,-0.0008,-0.033369
2024-01-03,500ETF,Future (IC88 (CSI 500 Futures)),rank,0.7683,0.6,1.0,1,-0.003258,-0.003258,0.0008,-0.004058,-0.037427
2024-01-04,500ETF,Future (IC88 (CSI 500 Futures)),rank,-0.9755,0.6,0.0,0,-0.003439,-0.0,0.0008,-0.0008,-0.038227
2024-01-05,500ETF,Future (IC88 (CSI 500 Futures)),rank,0.4735,0.6,0.0,0,-0.015381,-0.0,0.0,-0.0,-0.038227
2024-01-08,500ETF,Future (IC88 (CSI 500 Futures)),rank,-1.0241,0.6,-1.0,1,-0.015159,0.015159,0.0008,0.014359,-0.023868
2024-01-09,500ETF,Future (IC88 (CSI 500 Futures)),rank,-0.0202,0.6,0.0,0,-0.001393,-0.0,0.0008,-0.0008,-0.024668
2024-01-10,500ETF,Future (IC88 (CSI 500 Futures)),rank,-0.8605,0.6,0.0,0,-0.002445,-0.0,0.0,-0.0,-0.024668
2024-01-11,500ETF,Future (IC88 (CSI 500 Futures)),rank,0.5348,0.6,0.0,0,0.010583,0.0,0.0,0.0,-0.024668
2024-01-12,500ETF,Future (IC88 (CSI 500 Futures)),rank,0.7272,0.6,1.0,1,-0.0028,-0.0028,0.0008,-0.0036,-0.028268
2024-01-15,500ETF,Future (IC88 (CSI 500 Futures)),rank,-0.6289,0.6,0.0,0,0.001234,0.0,0.0008,-0.0008,-0.029068
2024-01-16,500ETF,Future (IC88 (CSI 500 Futures)),rank,-0.2046,0.6,0.0,0,-0.007781,-0.0,0.0,-0.0,-0.029068
2024-01-17,500ETF,Future (IC88 (CSI 500 Futures)),rank,-0.8696,0.6,0.0,0,-0.012271,-0.0,0.0,-0.0,-0.029068
2024-01-18,500ETF,Future (IC88 (CSI 500 Futures)),rank,-0.8988,0.6,0.0,0,-0.004122,-0.0,0.0,-0.0,-0.029068
2024-01-19,500ETF,Future (IC88 (CSI 500 Futures)),rank,0.4639,0.6,0.0,0,-0.006064,-0.0,0.0,-0.0,-0.029068
2024-01-22,500ETF,Future (IC88 (CSI 500 Futures)),rank,-1.096,0.6,-1.0,1,-0.04369,0.04369,0.0008,0.04289,0.013822
2024-01-23,500ETF,Future (IC88 (CSI 500 Futures)),rank,-0.1996,0.6,0.0,0,0.020643,0.0,0.0008,-0.0008,0.013022
2024-01-24,500ETF,Future (IC88 (CSI 500 Futures)),rank,0.6396,0.6,1.0,1,0.006524,0.006524,0.0008,0.005724,0.018746
2024-01-25,500ETF,Future (IC88 (CSI 500 Futures)),rank,0.5476,0.6,0.0,0,0.026965,0.0,0.0008,-0.0008,0.017946
2024-01-26,500ETF,Future (IC88 (CSI 500 Futures)),rank,0.1361,0.6,0.0,0,-0.005797,-0.0,0.0,-0.0,0.017946
2024-01-29,500ETF,Future (IC88 (CSI 500 Futures)),rank,-0.5325,0.6,0.0,0,-0.006498,-0.0,0.0,-0.0,0.017946
2024-01-30,500ETF,Future (IC88 (CSI 500 Futures)),rank,0.2304,0.6,0.0,0,-0.020036,-0.0,0.0,-0.0,0.017946
2024-01-31,500ETF,Future (IC88 (CSI 500 Futures)),rank,0.5478,0.6,0.0,0,-0.008509,-0.0,0.0,-0.0,0.017946
2024-02-01,500ETF,Future (IC88 (CSI 500 Futures)),rank,0.1669,0.6,0.0,0,0.012445,0.0,0.0,0.0,0.017946
2024-02-02,500ETF,Future (IC88 (CSI 500 Futures)),rank,0.9178,0.6,1.0,1,-0.030357,-0.030357,0.0008,-0.031157,-0.013211
2024-02-05,500ETF,Future (IC88 (CSI 500 Futures)),rank,-1.4772,0.6,-1.0,1,0.029852,-0.029852,0.0016,-0.031452,-0.044663
2024-02-06,500ETF,Future (IC88 (CSI 500 Futures)),rank,1.4087,0.6,1.0,1,0.053901,0.053901,0.0016,0.052301,0.007638
2024-02-07,500ETF,Future (IC88 (CSI 500 Futures)),rank,1.6325,0.6,1.0,1,0.006049,0.006049,0.0,0.006049,0.013687
2024-02-08,500ETF,Future (IC88 (CSI 500 Futures)),rank,1.5685,0.6,1.0,1,-0.03343,-0.03343,0.0,-0.03343,-0.019743
2024-02-19,500ETF,Future (IC88 (CSI 500 Futures)),rank,-0.7328,0.6,0.0,0,-0.009449,-0.0,0.0008,-0.0008,-0.020543
2024-02-20,500ETF,Future (IC88 (CSI 500 Futures)),rank,-0.5933,0.6,0.0,0,0.008847,0.0,0.0,0.0,-0.020543
2024-02-21,500ETF,Future (IC88 (CSI 500 Futures)),rank,0.0585,0.6,0.0,0,0.008049,0.0,0.0,0.0,-0.020543
2024-02-22,500ETF,Future (IC88 (CSI 500 Futures)),rank,1.1237,0.6,1.0,1,-0.001126,-0.001126,0.0008,-0.001926,-0.022469
2024-02-23,500ETF,Future (IC88 (CSI 500 Futures)),rank,-0.5972,0.6,0.0,0,0.007712,0.0,0.0008,-0.0008,-0.023269
2024-02-26,500ETF,Future (IC88 (CSI 500 Futures)),rank,0.2194,0.6,0.0,0,0.004787,0.0,0.0,0.0,-0.023269
2024-02-27,500ETF,Future (IC88 (CSI 500 Futures)),rank,0.3577,0.6,0.0,0,0.020078,0.0,0.0,0.0,-0.023269
2024-02-28,500ETF,Future (IC88 (CSI 500 Futures)),rank,1.2325,0.6,1.0,1,-0.01724,-0.01724,0.0008,-0.01804,-0.041309
2024-02-29,500ETF,Future (IC88 (CSI 500 Futures)),rank,1.3948,0.6,1.0,1,0.011934,0.011934,0.0,0.011934,-0.029375
2024-03-01,500ETF,Future (IC88 (CSI 500 Futures)),rank,0.376,0.6,0.0,0,0.003284,0.0,0.0008,-0.0008,-0.030175
2024-03-04,500ETF,Future (IC88 (CSI 500 Futures)),rank,-0.3073,0.6,0.0,0,0.004098,0.0,0.0,0.0,-0.030175
2024-03-05,500ETF,Future (IC88 (CSI 500 Futures)),rank,0.0968,0.6,0.0,0,-0.003097,-0.0,0.0,-0.0,-0.030175
2024-03-06,500ETF,Future (IC88 (CSI 500 Futures)),rank,-0.2664,0.6,0.0,0,0.005886,0.0,0.0,0.0,-0.030175
2024-03-07,500ETF,Future (IC88 (CSI 500 Futures)),rank,0.8379,0.6,1.0,1,-0.0149,-0.0149,0.0008,-0.0157,-0.045875
2024-03-08,500ETF,Future (IC88 (CSI 500 Futures)),rank,0.9308,0.6,1.0,1,0.008139,0.008139,0.0,0.008139,-0.037736
2024-03-11,500ETF,Future (IC88 (CSI 500 Futures)),rank,0.6034,0.6,1.0,1,0.011688,0.011688,0.0,0.011688,-0.026047
2024-03-12,500ETF,Future (IC88 (CSI 500 Futures)),rank,0.6215,0.6,1.0,1,-0.009251,-0.009251,0.0,-0.009251,-0.035299
2024-03-13,500ETF,Future (IC88 (CSI 500 Futures)),rank,-0.7785,0.6,0.0,0,0.000222,0.0,0.0008,-0.0008,-0.036099
2024-03-14,500ETF,Future (IC88 (CSI 500 Futures)),rank,0.8905,0.6,1.0,1,-0.008859,-0.008859,0.0008,-0.009659,-0.045757
2024-03-15,500ETF,Future (IC88 (CSI 500 Futures)),rank,-0.0854,0.6,0.0,0,0.013115,0.0,0.0008,-0.0008,-0.046557
2024-03-18,500ETF,Future (IC88 (CSI 500 Futures)),rank,0.3415,0.6,0.0,0,0.00601,0.0,0.0,0.0,-0.046557
2024-03-19,500ETF,Future (IC88 (CSI 500 Futures)),rank,-0.4696,0.6,0.0,0,-0.006951,-0.0,0.0,-0.0,-0.046557
2024-03-20,500ETF,Future (IC88 (CSI 500 Futures)),rank,0.565,0.6,0.0,0,-0.000693,-0.0,0.0,-0.0,-0.046557
2024-03-21,500ETF,Future (IC88 (CSI 500 Futures)),rank,0.0328,0.6,0.0,0,-0.004953,-0.0,0.0,-0.0,-0.046557
2024-03-22,500ETF,Future (IC88 (CSI 500 Futures)),rank,-0.9148,0.6,0.0,0,-0.004786,-0.0,0.0,-0.0,-0.046557
2024-03-25,500ETF,Future (IC88 (CSI 500 Futures)),rank,-0.8321,0.6,0.0,0,-0.002475,-0.0,0.0,-0.0,-0.046557
2024-03-26,500ETF,Future (IC88 (CSI 500 Futures)),rank,0.6407,0.6,1.0,1,-0.00367,-0.00367,0.0008,-0.00447,-0.051027
2024-03-27,500ETF,Future (IC88 (CSI 500 Futures)),rank,-1.0441,0.6,-1.0,1,-0.007479,0.007479,0.0016,0.005879,-0.045148
2024-03-28,500ETF,Future (IC88 (CSI 500 Futures)),rank,1.0153,0.6,1.0,1,0.00239,0.00239,0.0016,0.00079,-0.044358
2024-03-29,500ETF,Future (IC88 (CSI 500 Futures)),rank,0.7488,0.6,1.0,1,0.005787,0.005787,0.0,0.005787,-0.038571
2024-04-01,500ETF,Future (IC88 (CSI 500 Futures)),rank,1.3346,0.6,1.0,1,0.00479,0.00479,0.0,0.00479,-0.033781
2024-04-02,500ETF,Future (IC88 (CSI 500 Futures)),rank,-0.4995,0.6,0.0,0,-0.003795,-0.0,0.0008,-0.0008,-0.034581
2024-04-03,500ETF,Future (IC88 (CSI 500 Futures)),rank,-0.4632,0.6,0.0,0,0.001455,0.0,0.0,0.0,-0.034581
2024-04-08,500ETF,Future (IC88 (CSI 500 Futures)),rank,-0.5382,0.6,0.0,0,-0.007031,-0.0,0.0,-0.0,-0.034581
2024-04-09,500ETF,Future (IC88 (CSI 500 Futures)),rank,0.5576,0.6,0.0,0,0.006856,0.0,0.0,0.0,-0.034581
2024-04-10,500ETF,Future (IC88 (CSI 500 Futures)),rank,-0.8994,0.6,0.0,0,-0.005177,-0.0,0.0,-0.0,-0.034581
2024-04-11,500ETF,Future (IC88 (CSI 500 Futures)),rank,0.4565,0.6,0.0,0,0.006803,0.0,0.0,0.0,-0.034581
2024-04-12,500ETF,Future (IC88 (CSI 500 Futures)),rank,0.1258,0.6,0.0,0,-0.002949,-0.0,0.0,-0.0,-0.034581
2024-04-15,500ETF,Future (IC88 (CSI 500 Futures)),rank,0.7465,0.6,1.0,1,0.007232,0.007232,0.0008,0.006432,-0.028149
2024-04-16,500ETF,Future (IC88 (CSI 500 Futures)),rank,0.1806,0.6,0.0,0,-0.014603,-0.0,0.0008,-0.0008,-0.028949
2024-04-17,500ETF,Future (IC88 (CSI 500 Futures)),rank,1.4187,0.6,1.0,1,0.00588,0.00588,0.0008,0.00508,-0.023869
2024-04-18,500ETF,Future (IC88 (CSI 500 Futures)),rank,-0.6393,0.6,0.0,0,0.006243,0.0,0.0008,-0.0008,-0.024669
2024-04-19,500ETF,Future (IC88 (CSI 500 Futures)),rank,0.7949,0.6,1.0,1,-0.010887,-0.010887,0.0008,-0.011687,-0.036356
2024-04-22,500ETF,Future (IC88 (CSI 500 Futures)),rank,-0.1368,0.6,0.0,0,-0.012527,-0.0,0.0008,-0.0008,-0.037156
2024-04-23,500ETF,Future (IC88 (CSI 500 Futures)),rank,-0.0751,0.6,0.0,0,-0.003455,-0.0,0.0,-0.0,-0.037156
2024-04-24,500ETF,Future (IC88 (CSI 500 Futures)),rank,-0.5706,0.6,0.0,0,0.009642,0.0,0.0,0.0,-0.037156
2024-04-25,500ETF,Future (IC88 (CSI 500 Futures)),rank,-0.6067,0.6,0.0,0,0.002022,0.0,0.0,0.0,-0.037156
2024-04-26,500ETF,Future (IC88 (CSI 500 Futures)),rank,1.1546,0.6,1.0,1,0.018297,0.018297,0.0008,0.017497,-0.019659
2024-04-29,500ETF,Future (IC88 (CSI 500 Futures)),rank,1.1181,0.6,1.0,1,0.01413,0.01413,0.0,0.01413,-0.005529
2024-04-30,500ETF,Future (IC88 (CSI 500 Futures)),rank,-0.6353,0.6,0.0,0,-0.002124,-0.0,0.0008,-0.0008,-0.006329
2024-05-06,500ETF,Future (IC88 (CSI 500 Futures)),rank,0.5821,0.6,0.0,0,-0.000799,-0.0,0.0,-0.0,-0.006329
2024-05-07,500ETF,Future (IC88 (CSI 500 Futures)),rank,-0.0633,0.6,0.0,0,-0.005023,-0.0,0.0,-0.0,-0.006329
2024-05-08,500ETF,Future (IC88 (CSI 500 Futures)),rank,-0.9744,0.6,0.0,0,-0.006289,-0.0,0.0,-0.0,-0.006329
2024-05-09,500ETF,Future (IC88 (CSI 500 Futures)),rank,1.4252,0.6,1.0,1,0.002431,0.002431,0.0008,0.001631,-0.004698
2024-05-10,500ETF,Future (IC88 (CSI 500 Futures)),rank,-0.7813,0.6,0.0,0,0.006677,0.0,0.0008,-0.0008,-0.005498
2024-05-13,500ETF,Future (IC88 (CSI 500 Futures)),rank,-1.071,0.6,-1.0,1,0.001103,-0.001103,0.0008,-0.001903,-0.007401
2024-05-14,500ETF,Future (IC88 (CSI 500 Futures)),rank,0.7207,0.6,1.0,1,0.000293,0.000293,0.0016,-0.001307,-0.008708
2024-05-15,500ETF,Future (IC88 (CSI 500 Futures)),rank,-0.8149,0.6,0.0,0,-0.004639,-0.0,0.0008,-0.0008,-0.009508
2024-05-16,500ETF,Future (IC88 (CSI 500 Futures)),rank,0.2313,0.6,0.0,0,-0.010337,-0.0,0.0,-0.0,-0.009508
2024-05-17,500ETF,Future (IC88 (CSI 500 Futures)),rank,0.4022,0.6,0.0,0,0.001734,0.0,0.0,0.0,-0.009508
2024-05-20,500ETF,Future (IC88 (CSI 500 Futures)),rank,0.6194,0.6,1.0,1,-0.003062,-0.003062,0.0008,-0.003862,-0.01337
2024-05-21,500ETF,Future (IC88 (CSI 500 Futures)),rank,-0.6849,0.6,0.0,0,-0.001434,-0.0,0.0008,-0.0008,-0.01417
2024-05-22,500ETF,Future (IC88 (CSI 500 Futures)),rank,-0.1708,0.6,0.0,0,-0.002392,-0.0,0.0,-0.0,-0.01417
2024-05-23,500ETF,Future (IC88 (CSI 500 Futures)),rank,-1.1211,0.6,-1.0,1,-0.007162,0.007162,0.0008,0.006362,-0.007808
2024-05-24,500ETF,Future (IC88 (CSI 500 Futures)),rank,1.0581,0.6,1.0,1,-0.010983,-0.010983,0.0016,-0.012583,-0.020391
2024-05-27,500ETF,Future (IC88 (CSI 500 Futures)),rank,-0.3834,0.6,0.0,0,0.00921,0.0,0.0008,-0.0008,-0.021191
2024-05-28,500ETF,Future (IC88 (CSI 500 Futures)),rank,-0.9072,0.6,0.0,0,-0.006052,-0.0,0.0,-0.0,-0.021191
2024-05-29,500ETF,Future (IC88 (CSI 500 Futures)),rank,1.0722,0.6,1.0,1,-0.005493,-0.005493,0.0008,-0.006293,-0.027484
2024-05-30,500ETF,Future (IC88 (CSI 500 Futures)),rank,0.34,0.6,0.0,0,-0.007015,-0.0,0.0008,-0.0008,-0.028284
2024-05-31,500ETF,Future (IC88 (CSI 500 Futures)),rank,0.8677,0.6,1.0,1,-0.008394,-0.008394,0.0008,-0.009194,-0.037478
2024-06-03,500ETF,Future (IC88 (CSI 500 Futures)),rank,-0.8084,0.6,0.0,0,-0.013936,-0.0,0.0008,-0.0008,-0.038278
2024-06-04,500ETF,Future (IC88 (CSI 500 Futures)),rank,0.124,0.6,0.0,0,0.012552,0.0,0.0,0.0,-0.038278
2024-06-05,500ETF,Future (IC88 (CSI 500 Futures)),rank,-0.0581,0.6,0.0,0,-0.00904,-0.0,0.0,-0.0,-0.038278
2024-06-06,500ETF,Future (IC88 (CSI 500 Futures)),rank,0.1935,0.6,0.0,0,-0.013349,-0.0,0.0,-0.0,-0.038278
2024-06-07,500ETF,Future (IC88 (CSI 500 Futures)),rank,-0.0803,0.6,0.0,0,-0.004422,-0.0,0.0,-0.0,-0.038278
2024-06-11,500ETF,Future (IC88 (CSI 500 Futures)),rank,-0.8999,0.6,0.0,0,0.009429,0.0,0.0,0.0,-0.038278
2024-06-12,500ETF,Future (IC88 (CSI 500 Futures)),rank,0.5123,0.6,0.0,0,-0.000651,-0.0,0.0,-0.0,-0.038278
2024-06-13,500ETF,Future (IC88 (CSI 500 Futures)),rank,-0.8091,0.6,0.0,0,-0.005752,-0.0,0.0,-0.0,-0.038278
2024-06-14,500ETF,Future (IC88 (CSI 500 Futures)),rank,-0.4703,0.6,0.0,0,0.009789,0.0,0.0,0.0,-0.038278
2024-06-17,500ETF,Future (IC88 (CSI 500 Futures)),rank,0.5129,0.6,0.0,0,-0.003111,-0.0,0.0,-0.0,-0.038278
2024-06-18,500ETF,Future (IC88 (CSI 500 Futures)),rank,0.3197,0.6,0.0,0,-0.001264,-0.0,0.0,-0.0,-0.038278
2024-06-19,500ETF,Future (IC88 (CSI 500 Futures)),rank,-0.9918,0.6,0.0,0,-0.005983,-0.0,0.0,-0.0,-0.038278
2024-06-20,500ETF,Future (IC88 (CSI 500 Futures)),rank,0.337,0.6,0.0,0,-0.01153,-0.0,0.0,-0.0,-0.038278
2024-06-21,500ETF,Future (IC88 (CSI 500 Futures)),rank,0.3098,0.6,0.0,0,-0.001339,-0.0,0.0,-0.0,-0.038278
2024-06-24,500ETF,Future (IC88 (CSI 500 Futures)),rank,-0.8182,0.6,0.0,0,-0.008317,-0.0,0.0,-0.0,-0.038278
2024-06-25,500ETF,Future (IC88 (CSI 500 Futures)),rank,-0.0736,0.6,0.0,0,-0.010148,-0.0,0.0,-0.0,-0.038278
2024-06-26,500ETF,Future (IC88 (CSI 500 Futures)),rank,-0.6783,0.6,0.0,0,0.019591,0.0,0.0,0.0,-0.038278
2024-06-27,500ETF,Future (IC88 (CSI 500 Futures)),rank,-0.9571,0.6,0.0,0,-0.00585,-0.0,0.0,-0.0,-0.038278
2024-06-28,500ETF,Future (IC88 (CSI 500 Futures)),rank,1.3203,0.6,1.0,1,-0.012861,-0.012861,0.0008,-0.013661,-0.051939
2024-07-01,500ETF,Future (IC88 (CSI 500 Futures)),rank,0.5048,0.6,0.0,0,0.007753,0.0,0.0008,-0.0008,-0.052739
2024-07-02,500ETF,Future (IC88 (CSI 500 Futures)),rank,-0.6687,0.6,0.0,0,-0.008844,-0.0,0.0,-0.0,-0.052739
2024-07-03,500ETF,Future (IC88 (CSI 500 Futures)),rank,-0.5805,0.6,0.0,0,-0.004611,-0.0,0.0,-0.0,-0.052739
2024-07-04,500ETF,Future (IC88 (CSI 500 Futures)),rank,0.2999,0.6,0.0,0,-0.013128,-0.0,0.0,-0.0,-0.052739
2024-07-05,500ETF,Future (IC88 (CSI 500 Futures)),rank,-0.8265,0.6,0.0,0,0.010276,0.0,0.0,0.0,-0.052739
2024-07-08,500ETF,Future (IC88 (CSI 500 Futures)),rank,-1.0727,0.6,-1.0,1,-0.00444,0.00444,0.0008,0.00364,-0.049098
2024-07-09,500ETF,Future (IC88 (CSI 500 Futures)),rank,0.8832,0.6,1.0,1,0.018007,0.018007,0.0016,0.016407,-0.032691
2024-07-10,500ETF,Future (IC88 (CSI 500 Futures)),rank,0.2997,0.6,0.0,0,-0.007172,-0.0,0.0008,-0.0008,-0.033491
2024-07-11,500ETF,Future (IC88 (CSI 500 Futures)),rank,-0.3263,0.6,0.0,0,0.007634,0.0,0.0,0.0,-0.033491
2024-07-12,500ETF,Future (IC88 (CSI 500 Futures)),rank,-0.4013,0.6,0.0,0,-8.1e-05,-0.0,0.0,-0.0,-0.033491
2024-07-15,500ETF,Future (IC88 (CSI 500 Futures)),rank,-0.9516,0.6,0.0,0,-0.00456,-0.0,0.0,-0.0,-0.033491
2024-07-16,500ETF,Future (IC88 (CSI 500 Futures)),rank,0.0925,0.6,0.0,0,0.002587,0.0,0.0,0.0,-0.033491
2024-07-17,500ETF,Future (IC88 (CSI 500 Futures)),rank,-0.7162,0.6,0.0,0,0.001485,0.0,0.0,0.0,-0.033491
2024-07-18,500ETF,Future (IC88 (CSI 500 Futures)),rank,-0.9681,0.6,0.0,0,0.012645,0.0,0.0,0.0,-0.033491
2024-07-19,500ETF,Future (IC88 (CSI 500 Futures)),rank,-0.7021,0.6,0.0,0,0.005469,0.0,0.0,0.0,-0.033491
2024-07-22,500ETF,Future (IC88 (CSI 500 Futures)),rank,-0.3393,0.6,0.0,0,-0.002974,-0.0,0.0,-0.0,-0.033491
2024-07-23,500ETF,Future (IC88 (CSI 500 Futures)),rank,-1.036,0.6,-1.0,1,-0.016163,0.016163,0.0008,0.015363,-0.018128
2024-07-24,500ETF,Future (IC88 (CSI 500 Futures)),rank,0.423,0.6,0.0,0,-0.008445,-0.0,0.0008,-0.0008,-0.018928
2024-07-25,500ETF,Future (IC88 (CSI 500 Futures)),rank,0.281,0.6,0.0,0,-0.000605,-0.0,0.0,-0.0,-0.018928
2024-07-26,500ETF,Future (IC88 (CSI 500 Futures)),rank,1.4681,0.6,1.0,1,-0.002551,-0.002551,0.0008,-0.003351,-0.02228
2024-07-29,500ETF,Future (IC88 (CSI 500 Futures)),rank,-0.8407,0.6,0.0,0,-0.002175,-0.0,0.0008,-0.0008,-0.02308
2024-07-30,500ETF,Future (IC88 (CSI 500 Futures)),rank,-1.1346,0.6,-1.0,1,0.010926,-0.010926,0.0008,-0.011726,-0.034805
2024-07-31,500ETF,Future (IC88 (CSI 500 Futures)),rank,1.1356,0.6,1.0,1,0.022929,0.022929,0.0016,0.021329,-0.013476
2024-08-01,500ETF,Future (IC88 (CSI 500 Futures)),rank,0.6764,0.6,1.0,1,-0.008297,-0.008297,0.0,-0.008297,-0.021773
2024-08-02,500ETF,Future (IC88 (CSI 500 Futures)),rank,0.7623,0.6,1.0,1,-0.017374,-0.017374,0.0,-0.017374,-0.039147
2024-08-05,500ETF,Future (IC88 (CSI 500 Futures)),rank,1.2359,0.6,1.0,1,-0.019152,-0.019152,0.0,-0.019152,-0.058299
2024-08-06,500ETF,Future (IC88 (CSI 500 Futures)),rank,0.4753,0.6,0.0,0,-0.00225,-0.0,0.0008,-0.0008,-0.059099
2024-08-07,500ETF,Future (IC88 (CSI 500 Futures)),rank,-0.4361,0.6,0.0,0,-8.5e-05,-0.0,0.0,-0.0,-0.059099
2024-08-08,500ETF,Future (IC88 (CSI 500 Futures)),rank,-0.4449,0.6,0.0,0,0.01189,0.0,0.0,0.0,-0.059099
2024-08-09,500ETF,Future (IC88 (CSI 500 Futures)),rank,0.8616,0.6,1.0,1,-0.011311,-0.011311,0.0008,-0.012111,-0.07121
2024-08-12,500ETF,Future (IC88 (CSI 500 Futures)),rank,-0.4825,0.6,0.0,0,-0.002346,-0.0,0.0008,-0.0008,-0.07201
2024-08-13,500ETF,Future (IC88 (CSI 500 Futures)),rank,-0.4132,0.6,0.0,0,-0.002267,-0.0,0.0,-0.0,-0.07201
2024-08-14,500ETF,Future (IC88 (CSI 500 Futures)),rank,-1.0874,0.6,-1.0,1,-0.000172,0.000172,0.0008,-0.000628,-0.072638
2024-08-15,500ETF,Future (IC88 (CSI 500 Futures)),rank,-0.1131,0.6,0.0,0,0.003394,0.0,0.0008,-0.0008,-0.073438
2024-08-16,500ETF,Future (IC88 (CSI 500 Futures)),rank,-0.6524,0.6,0.0,0,-0.007765,-0.0,0.0,-0.0,-0.073438
2024-08-19,500ETF,Future (IC88 (CSI 500 Futures)),rank,1.3095,0.6,1.0,1,-0.010704,-0.010704,0.0008,-0.011504,-0.084942
2024-08-20,500ETF,Future (IC88 (CSI 500 Futures)),rank,-0.8539,0.6,0.0,0,-0.010546,-0.0,0.0008,-0.0008,-0.085742
2024-08-21,500ETF,Future (IC88 (CSI 500 Futures)),rank,0.3617,0.6,0.0,0,0.002104,0.0,0.0,0.0,-0.085742
2024-08-22,500ETF,Future (IC88 (CSI 500 Futures)),rank,-0.5229,0.6,0.0,0,-0.009019,-0.0,0.0,-0.0,-0.085742
2024-08-23,500ETF,Future (IC88 (CSI 500 Futures)),rank,0.5812,0.6,0.0,0,0.003101,0.0,0.0,0.0,-0.085742
2024-08-26,500ETF,Future (IC88 (CSI 500 Futures)),rank,-0.2477,0.6,0.0,0,-0.001987,-0.0,0.0,-0.0,-0.085742
2024-08-27,500ETF,Future (IC88 (CSI 500 Futures)),rank,-0.8884,0.6,0.0,0,-0.002543,-0.0,0.0,-0.0,-0.085742
2024-08-28,500ETF,Future (IC88 (CSI 500 Futures)),rank,0.3762,0.6,0.0,0,0.00263,0.0,0.0,0.0,-0.085742
2024-08-29,500ETF,Future (IC88 (CSI 500 Futures)),rank,0.3881,0.6,0.0,0,0.015675,0.0,0.0,0.0,-0.085742
2024-08-30,500ETF,Future (IC88 (CSI 500 Futures)),rank,1.0476,0.6,1.0,1,0.004222,0.004222,0.0008,0.003422,-0.08232
2024-09-02,500ETF,Future (IC88 (CSI 500 Futures)),rank,-0.791,0.6,0.0,0,-0.011154,-0.0,0.0008,-0.0008,-0.08312
2024-09-03,500ETF,Future (IC88 (CSI 500 Futures)),rank,1.2295,0.6,1.0,1,0.001835,0.001835,0.0008,0.001035,-0.082085
2024-09-04,500ETF,Future (IC88 (CSI 500 Futures)),rank,-0.1363,0.6,0.0,0,0.001751,0.0,0.0008,-0.0008,-0.082885
2024-09-05,500ETF,Future (IC88 (CSI 500 Futures)),rank,0.874,0.6,1.0,1,0.00061,0.00061,0.0008,-0.00019,-0.083074
2024-09-06,500ETF,Future (IC88 (CSI 500 Futures)),rank,-0.6827,0.6,0.0,0,-0.012661,-0.0,0.0008,-0.0008,-0.083874
2024-09-09,500ETF,Future (IC88 (CSI 500 Futures)),rank,0.0357,0.6,0.0,0,-0.005337,-0.0,0.0,-0.0,-0.083874
2024-09-10,500ETF,Future (IC88 (CSI 500 Futures)),rank,-0.7937,0.6,0.0,0,0.007812,0.0,0.0,0.0,-0.083874
2024-09-11,500ETF,Future (IC88 (CSI 500 Futures)),rank,0.0402,0.6,0.0,0,0.003516,0.0,0.0,0.0,-0.083874
2024-09-12,500ETF,Future (IC88 (CSI 500 Futures)),rank,1.2224,0.6,1.0,1,-0.007168,-0.007168,0.0008,-0.007968,-0.091843
2024-09-13,500ETF,Future (IC88 (CSI 500 Futures)),rank,0.0215,0.6,0.0,0,-0.012369,-0.0,0.0008,-0.0008,-0.092643
2024-09-18,500ETF,Future (IC88 (CSI 500 Futures)),rank,-0.2655,0.6,0.0,0,0.006882,0.0,0.0,0.0,-0.092643
2024-09-19,500ETF,Future (IC88 (CSI 500 Futures)),rank,-0.5849,0.6,0.0,0,0.014236,0.0,0.0,0.0,-0.092643
2024-09-20,500ETF,Future (IC88 (CSI 500 Futures)),rank,-0.6988,0.6,0.0,0,0.000179,0.0,0.0,0.0,-0.092643
2024-09-23,500ETF,Future (IC88 (CSI 500 Futures)),rank,1.1067,0.6,1.0,1,-0.009157,-0.009157,0.0008,-0.009957,-0.1026
2024-09-24,500ETF,Future (IC88 (CSI 500 Futures)),rank,1.1124,0.6,1.0,1,0.035183,0.035183,0.0,0.035183,-0.067417
2024-09-25,500ETF,Future (IC88 (CSI 500 Futures)),rank,1.5262,0.6,1.0,1,-0.016267,-0.016267,0.0,-0.016267,-0.083683
2024-09-26,500ETF,Future (IC88 (CSI 500 Futures)),rank,1.0166,0.6,1.0,1,0.031497,0.031497,0.0,0.031497,-0.052186
2024-09-27,500ETF,Future (IC88 (CSI 500 Futures)),rank,1.4415,0.6,1.0,1,0.052039,0.052039,0.0,0.052039,-0.000147
2024-09-30,500ETF,Future (IC88 (CSI 500 Futures)),rank,1.3538,0.6,1.0,1,0.06383,0.06383,0.0,0.06383,0.063683
2024-10-08,500ETF,Future (IC88 (CSI 500 Futures)),rank,-0.4495,0.6,0.0,0,-0.041449,-0.0,0.0008,-0.0008,0.062883
2024-10-09,500ETF,Future (IC88 (CSI 500 Futures)),rank,-0.8726,0.6,0.0,0,-0.026964,-0.0,0.0,-0.0,0.062883
2024-10-10,500ETF,Future (IC88 (CSI 500 Futures)),rank,0.2525,0.6,0.0,0,0.004708,0.0,0.0,0.0,0.062883
2024-10-11,500ETF,Future (IC88 (CSI 500 Futures)),rank,-1.1481,0.6,-1.0,1,-0.027409,0.027409,0.0008,0.026609,0.089492
2024-10-14,500ETF,Future (IC88 (CSI 500 Futures)),rank,0.0347,0.6,0.0,0,0.022139,0.0,0.0008,-0.0008,0.088692
2024-10-15,500ETF,Future (IC88 (CSI 500 Futures)),rank,-0.4964,0.6,0.0,0,-0.016767,-0.0,0.0,-0.0,0.088692
2024-10-16,500ETF,Future (IC88 (CSI 500 Futures)),rank,0.7975,0.6,1.0,1,-0.011748,-0.011748,0.0008,-0.012548,0.076144
2024-10-17,500ETF,Future (IC88 (CSI 500 Futures)),rank,0.447,0.6,0.0,0,-0.018731,-0.0,0.0008,-0.0008,0.075344
2024-10-18,500ETF,Future (IC88 (CSI 500 Futures)),rank,0.6538,0.6,1.0,1,0.066631,0.066631,0.0008,0.065831,0.141174
2024-10-21,500ETF,Future (IC88 (CSI 500 Futures)),rank,0.6178,0.6,1.0,1,0.011885,0.011885,0.0,0.011885,0.153059
2024-10-22,500ETF,Future (IC88 (CSI 500 Futures)),rank,-0.1557,0.6,0.0,0,0.007769,0.0,0.0008,-0.0008,0.152259
2024-10-23,500ETF,Future (IC88 (CSI 500 Futures)),rank,0.4339,0.6,0.0,0,0.000554,0.0,0.0,0.0,0.152259
2024-10-24,500ETF,Future (IC88 (CSI 500 Futures)),rank,-0.6104,0.6,0.0,0,0.002174,0.0,0.0,0.0,0.152259
2024-10-25,500ETF,Future (IC88 (CSI 500 Futures)),rank,0.7105,0.6,1.0,1,0.011034,0.011034,0.0008,0.010234,0.162493
2024-10-28,500ETF,Future (IC88 (CSI 500 Futures)),rank,-0.2468,0.6,0.0,0,0.007682,0.0,0.0008,-0.0008,0.161693
2024-10-29,500ETF,Future (IC88 (CSI 500 Futures)),rank,-0.2412,0.6,0.0,0,-0.006437,-0.0,0.0,-0.0,0.161693
2024-10-30,500ETF,Future (IC88 (CSI 500 Futures)),rank,1.1956,0.6,1.0,1,-0.006608,-0.006608,0.0008,-0.007408,0.154285
2024-10-31,500ETF,Future (IC88 (CSI 500 Futures)),rank,-0.4544,0.6,0.0,0,0.012186,0.0,0.0008,-0.0008,0.153485
2024-11-01,500ETF,Future (IC88 (CSI 500 Futures)),rank,0.3803,0.6,0.0,0,-0.004479,-0.0,0.0,-0.0,0.153485
2024-11-04,500ETF,Future (IC88 (CSI 500 Futures)),rank,1.2124,0.6,1.0,1,0.00358,0.00358,0.0008,0.00278,0.156265
2024-11-05,500ETF,Future (IC88 (CSI 500 Futures)),rank,0.8607,0.6,1.0,1,0.021481,0.021481,0.0,0.021481,0.177746
2024-11-06,500ETF,Future (IC88 (CSI 500 Futures)),rank,0.5682,0.6,0.0,0,-0.004638,-0.0,0.0008,-0.0008,0.176946
2024-11-07,500ETF,Future (IC88 (CSI 500 Futures)),rank,0.5491,0.6,0.0,0,0.015586,0.0,0.0,0.0,0.176946
2024-11-08,500ETF,Future (IC88 (CSI 500 Futures)),rank,0.5131,0.6,0.0,0,-0.014018,-0.0,0.0,-0.0,0.176946
2024-11-11,500ETF,Future (IC88 (CSI 500 Futures)),rank,1.0388,0.6,1.0,1,0.004938,0.004938,0.0008,0.004138,0.181084
2024-11-12,500ETF,Future (IC88 (CSI 500 Futures)),rank,0.3953,0.6,0.0,0,-0.024169,-0.0,0.0008,-0.0008,0.180284
2024-11-13,500ETF,Future (IC88 (CSI 500 Futures)),rank,0.5197,0.6,0.0,0,0.002719,0.0,0.0,0.0,0.180284
2024-11-14,500ETF,Future (IC88 (CSI 500 Futures)),rank,-0.9133,0.6,0.0,0,-0.016825,-0.0,0.0,-0.0,0.180284
2024-11-15,500ETF,Future (IC88 (CSI 500 Futures)),rank,0.0747,0.6,0.0,0,-0.011243,-0.0,0.0,-0.0,0.180284
2024-11-18,500ETF,Future (IC88 (CSI 500 Futures)),rank,-0.714,0.6,0.0,0,-0.010518,-0.0,0.0,-0.0,0.180284
2024-11-19,500ETF,Future (IC88 (CSI 500 Futures)),rank,1.1694,0.6,1.0,1,0.005139,0.005139,0.0008,0.004339,0.184622
2024-11-20,500ETF,Future (IC88 (CSI 500 Futures)),rank,0.6538,0.6,1.0,1,0.008544,0.008544,0.0,0.008544,0.193167
2024-11-21,500ETF,Future (IC88 (CSI 500 Futures)),rank,0.1906,0.6,0.0,0,-0.000337,-0.0,0.0008,-0.0008,0.192367
2024-11-22,500ETF,Future (IC88 (CSI 500 Futures)),rank,-0.3096,0.6,0.0,0,-0.024522,-0.0,0.0,-0.0,0.192367
2024-11-25,500ETF,Future (IC88 (CSI 500 Futures)),rank,-0.2156,0.6,0.0,0,-0.001832,-0.0,0.0,-0.0,0.192367
2024-11-26,500ETF,Future (IC88 (CSI 500 Futures)),rank,0.8278,0.6,1.0,1,-0.007098,-0.007098,0.0008,-0.007898,0.184469
2024-11-27,500ETF,Future (IC88 (CSI 500 Futures)),rank,-0.8546,0.6,0.0,0,0.031204,0.0,0.0008,-0.0008,0.183669
2024-11-28,500ETF,Future (IC88 (CSI 500 Futures)),rank,0.2231,0.6,0.0,0,-0.004178,-0.0,0.0,-0.0,0.183669
2024-11-29,500ETF,Future (IC88 (CSI 500 Futures)),rank,0.7764,0.6,1.0,1,0.020534,0.020534,0.0008,0.019734,0.203403
2024-12-02,500ETF,Future (IC88 (CSI 500 Futures)),rank,1.2367,0.6,1.0,1,0.000881,0.000881,0.0,0.000881,0.204284
2024-12-03,500ETF,Future (IC88 (CSI 500 Futures)),rank,-0.7994,0.6,0.0,0,0.006044,0.0,0.0008,-0.0008,0.203484
2024-12-04,500ETF,Future (IC88 (CSI 500 Futures)),rank,-0.7413,0.6,0.0,0,-0.006631,-0.0,0.0,-0.0,0.203484
2024-12-05,500ETF,Future (IC88 (CSI 500 Futures)),rank,0.4503,0.6,0.0,0,0.005911,0.0,0.0,0.0,0.203484
2024-12-06,500ETF,Future (IC88 (CSI 500 Futures)),rank,-0.2311,0.6,0.0,0,0.021652,0.0,0.0,0.0,0.203484
2024-12-09,500ETF,Future (IC88 (CSI 500 Futures)),rank,0.1269,0.6,0.0,0,-0.002361,-0.0,0.0,-0.0,0.203484
2024-12-10,500ETF,Future (IC88 (CSI 500 Futures)),rank,-0.4341,0.6,0.0,0,-0.012347,-0.0,0.0,-0.0,0.203484
2024-12-11,500ETF,Future (IC88 (CSI 500 Futures)),rank,0.8548,0.6,1.0,1,0.004146,0.004146,0.0008,0.003346,0.20683
2024-12-12,500ETF,Future (IC88 (CSI 500 Futures)),rank,-0.2861,0.6,0.0,0,0.010383,0.0,0.0008,-0.0008,0.20603
2024-12-13,500ETF,Future (IC88 (CSI 500 Futures)),rank,-1.0161,0.6,-1.0,1,0.000901,-0.000901,0.0008,-0.001701,0.204329
2024-12-16,500ETF,Future (IC88 (CSI 500 Futures)),rank,-0.6878,0.6,0.0,0,-0.008142,-0.0,0.0008,-0.0008,0.203529
2024-12-17,500ETF,Future (IC88 (CSI 500 Futures)),rank,-0.5419,0.6,0.0,0,-0.010212,-0.0,0.0,-0.0,0.203529
2024-12-18,500ETF,Future (IC88 (CSI 500 Futures)),rank,0.3161,0.6,0.0,0,0.00017,0.0,0.0,0.0,0.203529
2024-12-19,500ETF,Future (IC88 (CSI 500 Futures)),rank,0.1454,0.6,0.0,0,0.008907,0.0,0.0,0.0,0.203529
2024-12-20,500ETF,Future (IC88 (CSI 500 Futures)),rank,0.724,0.6,1.0,1,-0.000542,-0.000542,0.0008,-0.001342,0.202187
2024-12-23,500ETF,Future (IC88 (CSI 500 Futures)),rank,-0.13,0.6,0.0,0,-0.01241,-0.0,0.0008,-0.0008,0.201387
2024-12-24,500ETF,Future (IC88 (CSI 500 Futures)),rank,1.008,0.6,1.0,1,0.000614,0.000614,0.0008,-0.000186,0.201201
2024-12-25,500ETF,Future (IC88 (CSI 500 Futures)),rank,-0.9698,0.6,0.0,0,-0.005433,-0.0,0.0008,-0.0008,0.200401
2024-12-26,500ETF,Future (IC88 (CSI 500 Futures)),rank,1.0407,0.6,1.0,1,0.002691,0.002691,0.0008,0.001891,0.202292
2024-12-27,500ETF,Future (IC88 (CSI 500 Futures)),rank,0.8235,0.6,1.0,1,-0.004406,-0.004406,0.0,-0.004406,0.197886
2024-12-30,500ETF,Future (IC88 (CSI 500 Futures)),rank,0.4209,0.6,0.0,0,-0.00159,-0.0,0.0008,-0.0008,0.197086
2024-12-31,500ETF,Future (IC88 (CSI 500 Futures)),rank,-1.0844,0.6,-1.0,1,-0.017334,0.017334,0.0008,0.016534,0.21362
2025-01-02,500ETF,Future (IC88 (CSI 500 Futures)),rank,-0.9011,0.6,0.0,0,-0.031268,-0.0,0.0008,-0.0008,0.21282
2025-01-03,500ETF,Future (IC88 (CSI 500 Futures)),rank,-0.5292,0.6,0.0,0,-0.017592,-0.0,0.0,-0.0,0.21282
2025-01-06,500ETF,Future (IC88 (CSI 500 Futures)),rank,0.4146,0.6,0.0,0,-0.006957,-0.0,0.0,-0.0,0.21282
2025-01-07,500ETF,Future (IC88 (CSI 500 Futures)),rank,0.7375,0.6,1.0,1,0.004547,0.004547,0.0008,0.003747,0.216568
2025-01-08,500ETF,Future (IC88 (CSI 500 Futures)),rank,-1.0534,0.6,-1.0,1,0.002983,-0.002983,0.0016,-0.004583,0.211985
2025-01-09,500ETF,Future (IC88 (CSI 500 Futures)),rank,0.883,0.6,1.0,1,0.001026,0.001026,0.0016,-0.000574,0.211411
2025-01-10,500ETF,Future (IC88 (CSI 500 Futures)),rank,0.7848,0.6,1.0,1,-0.010037,-0.010037,0.0,-0.010037,0.201374
2025-01-13,500ETF,Future (IC88 (CSI 500 Futures)),rank,0.7035,0.6,1.0,1,-0.001414,-0.001414,0.0,-0.001414,0.19996
2025-01-14,500ETF,Future (IC88 (CSI 500 Futures)),rank,0.7654,0.6,1.0,1,0.016984,0.016984,0.0,0.016984,0.216945
2025-01-15,500ETF,Future (IC88 (CSI 500 Futures)),rank,-0.7498,0.6,0.0,0,-0.001629,-0.0,0.0008,-0.0008,0.216145
2025-01-16,500ETF,Future (IC88 (CSI 500 Futures)),rank,1.391,0.6,1.0,1,-0.010368,-0.010368,0.0008,-0.011168,0.204977
2025-01-17,500ETF,Future (IC88 (CSI 500 Futures)),rank,0.3417,0.6,0.0,0,0.012979,0.0,0.0008,-0.0008,0.204177
2025-01-20,500ETF,Future (IC88 (CSI 500 Futures)),rank,0.6388,0.6,1.0,1,-0.008049,-0.008049,0.0008,-0.008849,0.195328
2025-01-21,500ETF,Future (IC88 (CSI 500 Futures)),rank,-0.9361,0.6,0.0,0,0.007873,0.0,0.0008,-0.0008,0.194528
2025-01-22,500ETF,Future (IC88 (CSI 500 Futures)),rank,-0.598,0.6,0.0,0,0.004636,0.0,0.0,0.0,0.194528
2025-01-23,500ETF,Future (IC88 (CSI 500 Futures)),rank,0.6122,0.6,1.0,1,-0.016535,-0.016535,0.0008,-0.017335,0.177193
2025-01-24,500ETF,Future (IC88 (CSI 500 Futures)),rank,0.8632,0.6,1.0,1,0.00682,0.00682,0.0,0.00682,0.184013
2025-01-27,500ETF,Future (IC88 (CSI 500 Futures)),rank,-0.0147,0.6,0.0,0,-0.006344,-0.0,0.0008,-0.0008,0.183213
2025-02-05,500ETF,Future (IC88 (CSI 500 Futures)),rank,-0.625,0.6,0.0,0,3.6e-05,0.0,0.0,0.0,0.183213
2025-02-06,500ETF,Future (IC88 (CSI 500 Futures)),rank,0.6936,0.6,1.0,1,0.018806,0.018806,0.0008,0.018006,0.201219
2025-02-07,500ETF,Future (IC88 (CSI 500 Futures)),rank,0.648,0.6,1.0,1,0.000173,0.000173,0.0,0.000173,0.201392
2025-02-10,500ETF,Future (IC88 (CSI 500 Futures)),rank,0.1983,0.6,0.0,0,0.001884,0.0,0.0008,-0.0008,0.200592
2025-02-11,500ETF,Future (IC88 (CSI 500 Futures)),rank,-1.01,0.6,-1.0,1,0.004616,-0.004616,0.0008,-0.005416,0.195175
2025-02-12,500ETF,Future (IC88 (CSI 500 Futures)),rank,0.6383,0.6,1.0,1,0.002152,0.002152,0.0016,0.000552,0.195728
2025-02-13,500ETF,Future (IC88 (CSI 500 Futures)),rank,-0.3793,0.6,0.0,0,-0.003198,-0.0,0.0008,-0.0008,0.194928
2025-02-14,500ETF,Future (IC88 (CSI 500 Futures)),rank,0.6253,0.6,1.0,1,0.004681,0.004681,0.0008,0.003881,0.198809
2025-02-17,500ETF,Future (IC88 (CSI 500 Futures)),rank,-0.5759,0.6,0.0,0,-0.00105,-0.0,0.0008,-0.0008,0.198009
2025-02-18,500ETF,Future (IC88 (CSI 500 Futures)),rank,-0.5535,0.6,0.0,0,-0.018379,-0.0,0.0,-0.0,0.198009
2025-02-19,500ETF,Future (IC88 (CSI 500 Futures)),rank,0.5642,0.6,0.0,0,0.011025,0.0,0.0,0.0,0.198009
2025-02-20,500ETF,Future (IC88 (CSI 500 Futures)),rank,0.2398,0.6,0.0,0,0.005533,0.0,0.0,0.0,0.198009
2025-02-21,500ETF,Future (IC88 (CSI 500 Futures)),rank,0.2697,0.6,0.0,0,0.0212,0.0,0.0,0.0,0.198009
2025-02-24,500ETF,Future (IC88 (CSI 500 Futures)),rank,-0.4835,0.6,0.0,0,-0.002366,-0.0,0.0,-0.0,0.198009
2025-02-25,500ETF,Future (IC88 (CSI 500 Futures)),rank,-0.3983,0.6,0.0,0,0.001245,0.0,0.0,0.0,0.198009
2025-02-26,500ETF,Future (IC88 (CSI 500 Futures)),rank,0.5365,0.6,0.0,0,0.005016,0.0,0.0,0.0,0.198009
2025-02-27,500ETF,Future (IC88 (CSI 500 Futures)),rank,-0.1114,0.6,0.0,0,-0.002313,-0.0,0.0,-0.0,0.198009
2025-02-28,500ETF,Future (IC88 (CSI 500 Futures)),rank,-0.8948,0.6,0.0,0,-0.01479,-0.0,0.0,-0.0,0.198009
2025-03-03,500ETF,Future (IC88 (CSI 500 Futures)),rank,0.46,0.6,0.0,0,-0.007845,-0.0,0.0,-0.0,0.198009
2025-03-04,500ETF,Future (IC88 (CSI 500 Futures)),rank,0.3496,0.6,0.0,0,0.006423,0.0,0.0,0.0,0.198009
2025-03-05,500ETF,Future (IC88 (CSI 500 Futures)),rank,-0.1443,0.6,0.0,0,0.007242,0.0,0.0,0.0,0.198009
2025-03-06,500ETF,Future (IC88 (CSI 500 Futures)),rank,0.8346,0.6,1.0,1,0.006879,0.006879,0.0008,0.006079,0.204087
2025-03-07,500ETF,Future (IC88 (CSI 500 Futures)),rank,-0.3619,0.6,0.0,0,-0.002677,-0.0,0.0008,-0.0008,0.203287
2025-03-10,500ETF,Future (IC88 (CSI 500 Futures)),rank,-0.3401,0.6,0.0,0,0.002045,0.0,0.0,0.0,0.203287
2025-03-11,500ETF,Future (IC88 (CSI 500 Futures)),rank,0.4189,0.6,0.0,0,0.004805,0.0,0.0,0.0,0.203287
2025-03-12,500ETF,Future (IC88 (CSI 500 Futures)),rank,-0.3987,0.6,0.0,0,-0.000464,-0.0,0.0,-0.0,0.203287
2025-03-13,500ETF,Future (IC88 (CSI 500 Futures)),rank,-0.6776,0.6,0.0,0,0.003221,0.0,0.0,0.0,0.203287
2025-03-14,500ETF,Future (IC88 (CSI 500 Futures)),rank,0.6863,0.6,1.0,1,0.011333,0.011333,0.0008,0.010533,0.21382
2025-03-17,500ETF,Future (IC88 (CSI 500 Futures)),rank,-0.3679,0.6,0.0,0,0.001675,0.0,0.0008,-0.0008,0.21302
2025-03-18,500ETF,Future (IC88 (CSI 500 Futures)),rank,0.6034,0.6,1.0,1,-0.005151,-0.005151,0.0008,-0.005951,0.20707
2025-03-19,500ETF,Future (IC88 (CSI 500 Futures)),rank,-0.6017,0.6,0.0,0,0.001977,0.0,0.0008,-0.0008,0.20627
2025-03-20,500ETF,Future (IC88 (CSI 500 Futures)),rank,-0.7823,0.6,0.0,0,0.001386,0.0,0.0,0.0,0.20627
2025-03-21,500ETF,Future (IC88 (CSI 500 Futures)),rank,0.3512,0.6,0.0,0,-0.01317,-0.0,0.0,-0.0,0.20627
2025-03-24,500ETF,Future (IC88 (CSI 500 Futures)),rank,-0.0401,0.6,0.0,0,-0.003491,-0.0,0.0,-0.0,0.20627
2025-03-25,500ETF,Future (IC88 (CSI 500 Futures)),rank,0.393,0.6,0.0,0,-0.005218,-0.0,0.0,-0.0,0.20627
2025-03-26,500ETF,Future (IC88 (CSI 500 Futures)),rank,0.8781,0.6,1.0,1,-0.005137,-0.005137,0.0008,-0.005937,0.200333
2025-03-27,500ETF,Future (IC88 (CSI 500 Futures)),rank,-0.7187,0.6,0.0,0,0.00474,0.0,0.0008,-0.0008,0.199533
2025-03-28,500ETF,Future (IC88 (CSI 500 Futures)),rank,0.1455,0.6,0.0,0,-0.003326,-0.0,0.0,-0.0,0.199533
2025-03-31,500ETF,Future (IC88 (CSI 500 Futures)),rank,-0.4029,0.6,0.0,0,-0.008496,-0.0,0.0,-0.0,0.199533
2025-04-01,500ETF,Future (IC88 (CSI 500 Futures)),rank,0.7279,0.6,1.0,1,-0.000991,-0.000991,0.0008,-0.001791,0.197742
2025-04-02,500ETF,Future (IC88 (CSI 500 Futures)),rank,0.5595,0.6,0.0,0,-0.004357,-0.0,0.0008,-0.0008,0.196942
2025-04-03,500ETF,Future (IC88 (CSI 500 Futures)),rank,0.5504,0.6,0.0,0,-0.004905,-0.0,0.0,-0.0,0.196942
2025-04-07,500ETF,Future (IC88 (CSI 500 Futures)),rank,-0.9682,0.6,0.0,0,-0.029395,-0.0,0.0,-0.0,0.196942
2025-04-08,500ETF,Future (IC88 (CSI 500 Futures)),rank,1.0877,0.6,1.0,1,-0.017651,-0.017651,0.0008,-0.018451,0.178491
2025-04-09,500ETF,Future (IC88 (CSI 500 Futures)),rank,-0.7078,0.6,0.0,0,0.032864,0.0,0.0008,-0.0008,0.177691
2025-04-10,500ETF,Future (IC88 (CSI 500 Futures)),rank,0.9157,0.6,1.0,1,-0.011909,-0.011909,0.0008,-0.012709,0.164982
2025-04-11,500ETF,Future (IC88 (CSI 500 Futures)),rank,0.6339,0.6,1.0,1,0.00673,0.00673,0.0,0.00673,0.171712
2025-04-14,500ETF,Future (IC88 (CSI 500 Futures)),rank,0.1292,0.6,0.0,0,-0.001571,-0.0,0.0008,-0.0008,0.170912
2025-04-15,500ETF,Future (IC88 (CSI 500 Futures)),rank,-1.0748,0.6,-1.0,1,0.002914,-0.002914,0.0008,-0.003714,0.167198
2025-04-16,500ETF,Future (IC88 (CSI 500 Futures)),rank,-0.7148,0.6,0.0,0,-0.0069,-0.0,0.0008,-0.0008,0.166398
2025-04-17,500ETF,Future (IC88 (CSI 500 Futures)),rank,1.1177,0.6,1.0,1,-0.004695,-0.004695,0.0008,-0.005495,0.160903
2025-04-18,500ETF,Future (IC88 (CSI 500 Futures)),rank,-0.3091,0.6,0.0,0,0.009378,0.0,0.0008,-0.0008,0.160103
2025-04-21,500ETF,Future (IC88 (CSI 500 Futures)),rank,0.9476,0.6,1.0,1,0.009122,0.009122,0.0008,0.008322,0.168425
2025-04-22,500ETF,Future (IC88 (CSI 500 Futures)),rank,-0.5377,0.6,0.0,0,0.000825,0.0,0.0008,-0.0008,0.167625
2025-04-23,500ETF,Future (IC88 (CSI 500 Futures)),rank,0.235,0.6,0.0,0,-0.001289,-0.0,0.0,-0.0,0.167625
2025-04-24,500ETF,Future (IC88 (CSI 500 Futures)),rank,-0.3603,0.6,0.0,0,-0.004267,-0.0,0.0,-0.0,0.167625
2025-04-25,500ETF,Future (IC88 (CSI 500 Futures)),rank,0.0349,0.6,0.0,0,0.00301,0.0,0.0,0.0,0.167625
2025-04-28,500ETF,Future (IC88 (CSI 500 Futures)),rank,-0.8216,0.6,0.0,0,0.003389,0.0,0.0,0.0,0.167625
2025-04-29,500ETF,Future (IC88 (CSI 500 Futures)),rank,0.024,0.6,0.0,0,0.001149,0.0,0.0,0.0,0.167625
2025-04-30,500ETF,Future (IC88 (CSI 500 Futures)),rank,0.9943,0.6,1.0,1,0.001179,0.001179,0.0008,0.000379,0.168004
2025-05-06,500ETF,Future (IC88 (CSI 500 Futures)),rank,0.5359,0.6,0.0,0,0.006071,0.0,0.0008,-0.0008,0.167204
2025-05-07,500ETF,Future (IC88 (CSI 500 Futures)),rank,-0.4434,0.6,0.0,0,-0.008414,-0.0,0.0,-0.0,0.167204
2025-05-08,500ETF,Future (IC88 (CSI 500 Futures)),rank,0.7305,0.6,1.0,1,0.000106,0.000106,0.0008,-0.000694,0.16651
2025-05-09,500ETF,Future (IC88 (CSI 500 Futures)),rank,-0.8984,0.6,0.0,0,-0.005622,-0.0,0.0008,-0.0008,0.16571
2025-05-12,500ETF,Future (IC88 (CSI 500 Futures)),rank,-0.014,0.6,0.0,0,0.002472,0.0,0.0,0.0,0.16571
2025-05-13,500ETF,Future (IC88 (CSI 500 Futures)),rank,-0.6442,0.6,0.0,0,-0.004865,-0.0,0.0,-0.0,0.16571
2025-05-14,500ETF,Future (IC88 (CSI 500 Futures)),rank,-0.5033,0.6,0.0,0,0.004229,0.0,0.0,0.0,0.16571
2025-05-15,500ETF,Future (IC88 (CSI 500 Futures)),rank,-1.0434,0.6,-1.0,1,-0.002135,0.002135,0.0008,0.001335,0.167045
2025-05-16,500ETF,Future (IC88 (CSI 500 Futures)),rank,0.5588,0.6,0.0,0,-0.004268,-0.0,0.0008,-0.0008,0.166245
2025-05-19,500ETF,Future (IC88 (CSI 500 Futures)),rank,-0.8984,0.6,0.0,0,0.009909,0.0,0.0,0.0,0.166245
2025-05-20,500ETF,Future (IC88 (CSI 500 Futures)),rank,-0.4751,0.6,0.0,0,0.007995,0.0,0.0,0.0,0.166245
2025-05-21,500ETF,Future (IC88 (CSI 500 Futures)),rank,0.0837,0.6,0.0,0,0.003152,0.0,0.0,0.0,0.166245
2025-05-22,500ETF,Future (IC88 (CSI 500 Futures)),rank,-0.2646,0.6,0.0,0,-0.005395,-0.0,0.0,-0.0,0.166245
2025-05-23,500ETF,Future (IC88 (CSI 500 Futures)),rank,0.4213,0.6,0.0,0,-0.010648,-0.0,0.0,-0.0,0.166245
2025-05-26,500ETF,Future (IC88 (CSI 500 Futures)),rank,0.4068,0.6,0.0,0,0.001073,0.0,0.0,0.0,0.166245
2025-05-27,500ETF,Future (IC88 (CSI 500 Futures)),rank,-0.7979,0.6,0.0,0,0.001507,0.0,0.0,0.0,0.166245
2025-05-28,500ETF,Future (IC88 (CSI 500 Futures)),rank,-0.1705,0.6,0.0,0,-0.001436,-0.0,0.0,-0.0,0.166245
2025-05-29,500ETF,Future (IC88 (CSI 500 Futures)),rank,1.0592,0.6,1.0,1,0.004601,0.004601,0.0008,0.003801,0.170047
2025-05-30,500ETF,Future (IC88 (CSI 500 Futures)),rank,-1.0499,0.6,-1.0,1,0.002102,-0.002102,0.0016,-0.003702,0.166344
2025-06-03,500ETF,Future (IC88 (CSI 500 Futures)),rank,0.9637,0.6,1.0,1,-0.003393,-0.003393,0.0016,-0.004993,0.161351
2025-06-04,500ETF,Future (IC88 (CSI 500 Futures)),rank,0.8707,0.6,1.0,1,0.001865,0.001865,0.0,0.001865,0.163216
2025-06-05,500ETF,Future (IC88 (CSI 500 Futures)),rank,-0.6429,0.6,0.0,0,0.007571,0.0,0.0008,-0.0008,0.162416
2025-06-06,500ETF,Future (IC88 (CSI 500 Futures)),rank,-0.6104,0.6,0.0,0,0.000665,0.0,0.0,0.0,0.162416
2025-06-09,500ETF,Future (IC88 (CSI 500 Futures)),rank,0.4726,0.6,0.0,0,-0.001283,-0.0,0.0,-0.0,0.162416
2025-06-10,500ETF,Future (IC88 (CSI 500 Futures)),rank,-0.4731,0.6,0.0,0,-0.006273,-0.0,0.0,-0.0,0.162416
2025-06-11,500ETF,Future (IC88 (CSI 500 Futures)),rank,1.2575,0.6,1.0,1,-0.003183,-0.003183,0.0008,-0.003983,0.158433
2025-06-12,500ETF,Future (IC88 (CSI 500 Futures)),rank,-0.1111,0.6,0.0,0,0.003293,0.0,0.0008,-0.0008,0.157633
2025-06-13,500ETF,Future (IC88 (CSI 500 Futures)),rank,-0.3329,0.6,0.0,0,-0.001012,-0.0,0.0,-0.0,0.157633
2025-06-16,500ETF,Future (IC88 (CSI 500 Futures)),rank,1.0163,0.6,1.0,1,-0.000902,-0.000902,0.0008,-0.001702,0.155931
2025-06-17,500ETF,Future (IC88 (CSI 500 Futures)),rank,-0.4491,0.6,0.0,0,-0.003967,-0.0,0.0008,-0.0008,0.155131
2025-06-18,500ETF,Future (IC88 (CSI 500 Futures)),rank,-0.1431,0.6,0.0,0,0.00192,0.0,0.0,0.0,0.155131
2025-06-19,500ETF,Future (IC88 (CSI 500 Futures)),rank,0.0611,0.6,0.0,0,-0.010791,-0.0,0.0,-0.0,0.155131
2025-06-20,500ETF,Future (IC88 (CSI 500 Futures)),rank,0.1102,0.6,0.0,0,-0.003073,-0.0,0.0,-0.0,0.155131
2025-06-23,500ETF,Future (IC88 (CSI 500 Futures)),rank,0.8343,0.6,1.0,1,0.004982,0.004982,0.0008,0.004182,0.159313
2025-06-24,500ETF,Future (IC88 (CSI 500 Futures)),rank,1.224,0.6,1.0,1,0.004518,0.004518,0.0,0.004518,0.163831
2025-06-25,500ETF,Future (IC88 (CSI 500 Futures)),rank,0.9268,0.6,1.0,1,0.010173,0.010173,0.0,0.010173,0.174004
2025-06-26,500ETF,Future (IC88 (CSI 500 Futures)),rank,-0.3744,0.6,0.0,0,-0.003881,-0.0,0.0008,-0.0008,0.173204
2025-06-27,500ETF,Future (IC88 (CSI 500 Futures)),rank,0.699,0.6,1.0,1,-0.002502,-0.002502,0.0008,-0.003302,0.169902
2025-06-30,500ETF,Future (IC88 (CSI 500 Futures)),rank,0.3535,0.6,0.0,0,0.001432,0.0,0.0008,-0.0008,0.169102
2025-07-01,500ETF,Future (IC88 (CSI 500 Futures)),rank,-0.6668,0.6,0.0,0,0.003482,0.0,0.0,0.0,0.169102
2025-07-02,500ETF,Future (IC88 (CSI 500 Futures)),rank,-0.8917,0.6,0.0,0,0.000376,0.0,0.0,0.0,0.169102
2025-07-03,500ETF,Future (IC88 (CSI 500 Futures)),rank,0.3692,0.6,0.0,0,0.001568,0.0,0.0,0.0,0.169102
2025-07-04,500ETF,Future (IC88 (CSI 500 Futures)),rank,-0.6864,0.6,0.0,0,0.002868,0.0,0.0,0.0,0.169102
2025-07-07,500ETF,Future (IC88 (CSI 500 Futures)),rank,-0.2468,0.6,0.0,0,0.001981,0.0,0.0,0.0,0.169102
2025-07-08,500ETF,Future (IC88 (CSI 500 Futures)),rank,1.1246,0.6,1.0,1,0.006566,0.006566,0.0008,0.005766,0.174868
2025-07-09,500ETF,Future (IC88 (CSI 500 Futures)),rank,-0.1722,0.6,0.0,0,-0.002388,-0.0,0.0008,-0.0008,0.174068
2025-07-10,500ETF,Future (IC88 (CSI 500 Futures)),rank,0.1,0.6,0.0,0,0.00316,0.0,0.0,0.0,0.174068
2025-07-11,500ETF,Future (IC88 (CSI 500 Futures)),rank,-0.4104,0.6,0.0,0,0.009853,0.0,0.0,0.0,0.174068
2025-07-14,500ETF,Future (IC88 (CSI 500 Futures)),rank,-0.2408,0.6,0.0,0,-0.000997,-0.0,0.0,-0.0,0.174068
2025-07-15,500ETF,Future (IC88 (CSI 500 Futures)),rank,0.8189,0.6,1.0,1,-0.00299,-0.00299,0.0008,-0.00379,0.170278
2025-07-16,500ETF,Future (IC88 (CSI 500 Futures)),rank,0.6507,0.6,1.0,1,-0.007983,-0.007983,0.0,-0.007983,0.162294
2025-07-17,500ETF,Future (IC88 (CSI 500 Futures)),rank,0.832,0.6,1.0,1,0.006333,0.006333,0.0,0.006333,0.168627
2025-07-18,500ETF,Future (IC88 (CSI 500 Futures)),rank,0.3611,0.6,0.0,0,-0.001754,-0.0,0.0008,-0.0008,0.167827
2025-07-21,500ETF,Future (IC88 (CSI 500 Futures)),rank,0.6565,0.6,1.0,1,0.001276,0.001276,0.0008,0.000476,0.168303
2025-07-22,500ETF,Future (IC88 (CSI 500 Futures)),rank,0.2264,0.6,0.0,0,0.007447,0.0,0.0008,-0.0008,0.167503
2025-07-23,500ETF,Future (IC88 (CSI 500 Futures)),rank,-0.0999,0.6,0.0,0,-0.004594,-0.0,0.0,-0.0,0.167503
2025-07-24,500ETF,Future (IC88 (CSI 500 Futures)),rank,0.997,0.6,1.0,1,0.009905,0.009905,0.0008,0.009105,0.176609
2025-07-25,500ETF,Future (IC88 (CSI 500 Futures)),rank,-0.2844,0.6,0.0,0,9.6e-05,0.0,0.0008,-0.0008,0.175809
2025-07-28,500ETF,Future (IC88 (CSI 500 Futures)),rank,-0.6524,0.6,0.0,0,-0.000319,-0.0,0.0,-0.0,0.175809
2025-07-29,500ETF,Future (IC88 (CSI 500 Futures)),rank,-0.9545,0.6,0.0,0,0.011116,0.0,0.0,0.0,0.175809
2025-07-30,500ETF,Future (IC88 (CSI 500 Futures)),rank,-0.3129,0.6,0.0,0,-0.00251,-0.0,0.0,-0.0,0.175809
2025-07-31,500ETF,Future (IC88 (CSI 500 Futures)),rank,0.1416,0.6,0.0,0,-0.013936,-0.0,0.0,-0.0,0.175809
2025-08-01,500ETF,Future (IC88 (CSI 500 Futures)),rank,0.6865,0.6,1.0,1,-0.005547,-0.005547,0.0008,-0.006347,0.169461
2025-08-04,500ETF,Future (IC88 (CSI 500 Futures)),rank,0.2992,0.6,0.0,0,0.007431,0.0,0.0008,-0.0008,0.168661
2025-08-05,500ETF,Future (IC88 (CSI 500 Futures)),rank,0.3514,0.6,0.0,0,0.002684,0.0,0.0,0.0,0.168661
2025-08-06,500ETF,Future (IC88 (CSI 500 Futures)),rank,0.0676,0.6,0.0,0,0.008169,0.0,0.0,0.0,0.168661
2025-08-07,500ETF,Future (IC88 (CSI 500 Futures)),rank,-0.1746,0.6,0.0,0,-0.004163,-0.0,0.0,-0.0,0.168661
2025-08-08,500ETF,Future (IC88 (CSI 500 Futures)),rank,-0.729,0.6,0.0,0,0.004762,0.0,0.0,0.0,0.168661
2025-08-11,500ETF,Future (IC88 (CSI 500 Futures)),rank,0.8902,0.6,1.0,1,0.003681,0.003681,0.0008,0.002881,0.171542
2025-08-12,500ETF,Future (IC88 (CSI 500 Futures)),rank,-0.6359,0.6,0.0,0,0.004902,0.0,0.0008,-0.0008,0.170742
2025-08-13,500ETF,Future (IC88 (CSI 500 Futures)),rank,0.9553,0.6,1.0,1,0.007181,0.007181,0.0008,0.006381,0.177123
2025-08-14,500ETF,Future (IC88 (CSI 500 Futures)),rank,-0.5563,0.6,0.0,0,-0.005483,-0.0,0.0008,-0.0008,0.176323
2025-08-15,500ETF,Future (IC88 (CSI 500 Futures)),rank,1.2835,0.6,1.0,1,0.009595,0.009595,0.0008,0.008795,0.185118
2025-08-18,500ETF,Future (IC88 (CSI 500 Futures)),rank,-0.0789,0.6,0.0,0,0.003156,0.0,0.0008,-0.0008,0.184318
2025-08-19,500ETF,Future (IC88 (CSI 500 Futures)),rank,0.7412,0.6,1.0,1,-0.002872,-0.002872,0.0008,-0.003672,0.180646
2025-08-20,500ETF,Future (IC88 (CSI 500 Futures)),rank,-0.0333,0.6,0.0,0,0.009416,0.0,0.0008,-0.0008,0.179846
2025-08-21,500ETF,Future (IC88 (CSI 500 Futures)),rank,0.1581,0.6,0.0,0,-0.003858,-0.0,0.0,-0.0,0.179846
2025-08-22,500ETF,Future (IC88 (CSI 500 Futures)),rank,1.0956,0.6,1.0,1,0.012138,0.012138,0.0008,0.011338,0.191184
2025-08-25,500ETF,Future (IC88 (CSI 500 Futures)),rank,0.791,0.6,1.0,1,0.003331,0.003331,0.0,0.003331,0.194515
2025-08-26,500ETF,Future (IC88 (CSI 500 Futures)),rank,0.3972,0.6,0.0,0,0.002448,0.0,0.0008,-0.0008,0.193715
2025-08-27,500ETF,Future (IC88 (CSI 500 Futures)),rank,0.8111,0.6,1.0,1,-0.002594,-0.002594,0.0008,-0.003394,0.190321
2025-08-28,500ETF,Future (IC88 (CSI 500 Futures)),rank,1.0859,0.6,1.0,1,0.010001,0.010001,0.0,0.010001,0.200321
2025-08-29,500ETF,Future (IC88 (CSI 500 Futures)),rank,-0.6062,0.6,0.0,0,0.001551,0.0,0.0008,-0.0008,0.199521
2025-09-01,500ETF,Future (IC88 (CSI 500 Futures)),rank,0.0522,0.6,0.0,0,0.005194,0.0,0.0,0.0,0.199521
2025-09-02,500ETF,Future (IC88 (CSI 500 Futures)),rank,-1.0073,0.6,-1.0,1,-0.014033,0.014033,0.0008,0.013233,0.212754
2025-09-03,500ETF,Future (IC88 (CSI 500 Futures)),rank,-0.284,0.6,0.0,0,-0.007695,-0.0,0.0008,-0.0008,0.211954
2025-09-04,500ETF,Future (IC88 (CSI 500 Futures)),rank,0.0003,0.6,0.0,0,-0.035329,-0.0,0.0,-0.0,0.211954
2025-09-05,500ETF,Future (IC88 (CSI 500 Futures)),rank,0.3741,0.6,0.0,0,0.021988,0.0,0.0,0.0,0.211954
2025-09-08,500ETF,Future (IC88 (CSI 500 Futures)),rank,0.8524,0.6,1.0,1,0.002248,0.002248,0.0008,0.001448,0.213402
2025-09-09,500ETF,Future (IC88 (CSI 500 Futures)),rank,-0.0425,0.6,0.0,0,-0.011225,-0.0,0.0008,-0.0008,0.212602
2025-09-10,500ETF,Future (IC88 (CSI 500 Futures)),rank,1.0533,0.6,1.0,1,-0.004753,-0.004753,0.0008,-0.005553,0.207049
2025-09-11,500ETF,Future (IC88 (CSI 500 Futures)),rank,-0.3988,0.6,0.0,0,0.03007,0.0,0.0008,-0.0008,0.206249
2025-09-12,500ETF,Future (IC88 (CSI 500 Futures)),rank,0.8588,0.6,1.0,1,0.004755,0.004755,0.0008,0.003955,0.210205
2025-09-15,500ETF,Future (IC88 (CSI 500 Futures)),rank,-0.5203,0.6,0.0,0,8.4e-05,0.0,0.0008,-0.0008,0.209405
2025-09-16,500ETF,Future (IC88 (CSI 500 Futures)),rank,0.7138,0.6,1.0,1,0.00084,0.00084,0.0008,4e-05,0.209444
2025-09-17,500ETF,Future (IC88 (CSI 500 Futures)),rank,0.1956,0.6,0.0,0,0.007349,0.0,0.0008,-0.0008,0.208644
2025-09-18,500ETF,Future (IC88 (CSI 500 Futures)),rank,0.2798,0.6,0.0,0,-0.015536,-0.0,0.0,-0.0,0.208644
2025-09-19,500ETF,Future (IC88 (CSI 500 Futures)),rank,0.3516,0.6,0.0,0,0.002276,0.0,0.0,0.0,0.208644
2025-09-22,500ETF,Future (IC88 (CSI 500 Futures)),rank,-0.3947,0.6,0.0,0,0.010759,0.0,0.0,0.0,0.208644
2025-09-23,500ETF,Future (IC88 (CSI 500 Futures)),rank,-0.5361,0.6,0.0,0,-0.005847,-0.0,0.0,-0.0,0.208644
2025-09-24,500ETF,Future (IC88 (CSI 500 Futures)),rank,0.9179,0.6,1.0,1,0.017342,0.017342,0.0008,0.016542,0.225187
2025-09-25,500ETF,Future (IC88 (CSI 500 Futures)),rank,0.8071,0.6,1.0,1,0.006302,0.006302,0.0,0.006302,0.231489
2025-09-26,500ETF,Future (IC88 (CSI 500 Futures)),rank,0.4118,0.6,0.0,0,-0.008008,-0.0,0.0008,-0.0008,0.230689
2025-09-29,500ETF,Future (IC88 (CSI 500 Futures)),rank,-0.2156,0.6,0.0,0,0.015148,0.0,0.0,0.0,0.230689
2025-09-30,500ETF,Future (IC88 (CSI 500 Futures)),rank,1.0832,0.6,1.0,1,0.001812,0.001812,0.0008,0.001012,0.231701
2025-10-09,500ETF,Future (IC88 (CSI 500 Futures)),rank,0.3121,0.6,0.0,0,0.01186,0.0,0.0008,-0.0008,0.230901
2025-10-10,500ETF,Future (IC88 (CSI 500 Futures)),rank,-0.9759,0.6,0.0,0,-0.006313,-0.0,0.0,-0.0,0.230901
2025-10-13,500ETF,Future (IC88 (CSI 500 Futures)),rank,0.1463,0.6,0.0,0,0.013606,0.0,0.0,0.0,0.230901
2025-10-14,500ETF,Future (IC88 (CSI 500 Futures)),rank,0.3957,0.6,0.0,0,-0.03249,-0.0,0.0,-0.0,0.230901
2025-10-15,500ETF,Future (IC88 (CSI 500 Futures)),rank,-0.2165,0.6,0.0,0,0.008733,0.0,0.0,0.0,0.230901
2025-10-16,500ETF,Future (IC88 (CSI 500 Futures)),rank,-0.4452,0.6,0.0,0,-0.005614,-0.0,0.0,-0.0,0.230901
2025-10-17,500ETF,Future (IC88 (CSI 500 Futures)),rank,-0.281,0.6,0.0,0,-0.012817,-0.0,0.0,-0.0,0.230901
2025-10-20,500ETF,Future (IC88 (CSI 500 Futures)),rank,-0.134,0.6,0.0,0,-0.012633,-0.0,0.0,-0.0,0.230901
2025-10-21,500ETF,Future (IC88 (CSI 500 Futures)),rank,0.6382,0.6,1.0,1,0.008321,0.008321,0.0008,0.007521,0.238421
2025-10-22,500ETF,Future (IC88 (CSI 500 Futures)),rank,-0.5007,0.6,0.0,0,0.000821,0.0,0.0008,-0.0008,0.237621
2025-10-23,500ETF,Future (IC88 (CSI 500 Futures)),rank,-1.0815,0.6,-1.0,1,0.012548,-0.012548,0.0008,-0.013348,0.224273
2025-10-24,500ETF,Future (IC88 (CSI 500 Futures)),rank,1.0602,0.6,1.0,1,0.004608,0.004608,0.0016,0.003008,0.227281
2025-10-27,500ETF,Future (IC88 (CSI 500 Futures)),rank,1.0103,0.6,1.0,1,0.001668,0.001668,0.0,0.001668,0.228949
2025-10-28,500ETF,Future (IC88 (CSI 500 Futures)),rank,-0.1496,0.6,0.0,0,-0.004243,-0.0,0.0008,-0.0008,0.228149
2025-10-29,500ETF,Future (IC88 (CSI 500 Futures)),rank,1.1125,0.6,1.0,1,0.011983,0.011983,0.0008,0.011183,0.239332
2025-10-30,500ETF,Future (IC88 (CSI 500 Futures)),rank,-0.9897,0.6,0.0,0,-0.00231,-0.0,0.0008,-0.0008,0.238532
2025-10-31,500ETF,Future (IC88 (CSI 500 Futures)),rank,-0.3568,0.6,0.0,0,-0.004474,-0.0,0.0,-0.0,0.238532
2025-11-03,500ETF,Future (IC88 (CSI 500 Futures)),rank,-1.0502,0.6,-1.0,1,0.009506,-0.009506,0.0008,-0.010306,0.228226
2025-11-04,500ETF,Future (IC88 (CSI 500 Futures)),rank,-0.6867,0.6,0.0,0,-0.012361,-0.0,0.0008,-0.0008,0.227426
2025-11-05,500ETF,Future (IC88 (CSI 500 Futures)),rank,0.2534,0.6,0.0,0,0.013459,0.0,0.0,0.0,0.227426
2025-11-06,500ETF,Future (IC88 (CSI 500 Futures)),rank,1.0099,0.6,1.0,1,0.011383,0.011383,0.0008,0.010583,0.238009
2025-11-07,500ETF,Future (IC88 (CSI 500 Futures)),rank,-0.4959,0.6,0.0,0,0.003489,0.0,0.0008,-0.0008,0.237209
2025-11-10,500ETF,Future (IC88 (CSI 500 Futures)),rank,0.2014,0.6,0.0,0,0.00285,0.0,0.0,0.0,0.237209
2025-11-11,500ETF,Future (IC88 (CSI 500 Futures)),rank,-0.0339,0.6,0.0,0,-0.008536,-0.0,0.0,-0.0,0.237209
2025-11-12,500ETF,Future (IC88 (CSI 500 Futures)),rank,-0.8545,0.6,0.0,0,-0.00123,-0.0,0.0,-0.0,0.237209
2025-11-13,500ETF,Future (IC88 (CSI 500 Futures)),rank,1.0608,0.6,1.0,1,0.007052,0.007052,0.0008,0.006252,0.243461
2025-11-14,500ETF,Future (IC88 (CSI 500 Futures)),rank,-0.3718,0.6,0.0,0,-0.002222,-0.0,0.0008,-0.0008,0.242661
2025-11-17,500ETF,Future (IC88 (CSI 500 Futures)),rank,-0.2027,0.6,0.0,0,0.004796,0.0,0.0,0.0,0.242661
2025-11-18,500ETF,Future (IC88 (CSI 500 Futures)),rank,-0.5137,0.6,0.0,0,-0.004472,-0.0,0.0,-0.0,0.242661
2025-11-19,500ETF,Future (IC88 (CSI 500 Futures)),rank,0.5718,0.6,0.0,0,-0.001076,-0.0,0.0,-0.0,0.242661
2025-11-20,500ETF,Future (IC88 (CSI 500 Futures)),rank,-0.4739,0.6,0.0,0,-0.008534,-0.0,0.0,-0.0,0.242661
2025-11-21,500ETF,Future (IC88 (CSI 500 Futures)),rank,-0.5372,0.6,0.0,0,-0.007972,-0.0,0.0,-0.0,0.242661
2025-11-24,500ETF,Future (IC88 (CSI 500 Futures)),rank,-0.359,0.6,0.0,0,0.007861,0.0,0.0,0.0,0.242661
2025-11-25,500ETF,Future (IC88 (CSI 500 Futures)),rank,1.1496,0.6,1.0,1,-0.00266,-0.00266,0.0008,-0.00346,0.239201
2025-11-26,500ETF,Future (IC88 (CSI 500 Futures)),rank,0.6397,0.6,1.0,1,-0.007598,-0.007598,0.0,-0.007598,0.231603
2025-11-27,500ETF,Future (IC88 (CSI 500 Futures)),rank,1.2485,0.6,1.0,1,-0.012381,-0.012381,0.0,-0.012381,0.219222
2025-11-28,500ETF,Future (IC88 (CSI 500 Futures)),rank,0.1848,0.6,0.0,0,0.01108,0.0,0.0008,-0.0008,0.218422
2025-12-01,500ETF,Future (IC88 (CSI 500 Futures)),rank,0.687,0.6,1.0,1,-0.00111,-0.00111,0.0008,-0.00191,0.216512
2025-12-02,500ETF,Future (IC88 (CSI 500 Futures)),rank,-0.9523,0.6,0.0,0,-0.00189,-0.0,0.0008,-0.0008,0.215712
2025-12-03,500ETF,Future (IC88 (CSI 500 Futures)),rank,-0.112,0.6,0.0,0,-0.003968,-0.0,0.0,-0.0,0.215712
2025-12-04,500ETF,Future (IC88 (CSI 500 Futures)),rank,-0.1348,0.6,0.0,0,0.00725,0.0,0.0,0.0,0.215712
2025-12-05,500ETF,Future (IC88 (CSI 500 Futures)),rank,-0.742,0.6,0.0,0,0.012207,0.0,0.0,0.0,0.215712
2025-12-08,500ETF,Future (IC88 (CSI 500 Futures)),rank,0.3138,0.6,0.0,0,0.00732,0.0,0.0,0.0,0.215712
2025-12-09,500ETF,Future (IC88 (CSI 500 Futures)),rank,0.1795,0.6,0.0,0,-0.00862,-0.0,0.0,-0.0,0.215712
2025-12-10,500ETF,Future (IC88 (CSI 500 Futures)),rank,-0.8159,0.6,0.0,0,0.011617,0.0,0.0,0.0,0.215712
2025-12-11,500ETF,Future (IC88 (CSI 500 Futures)),rank,-0.2624,0.6,0.0,0,-0.004249,-0.0,0.0,-0.0,0.215712
2025-12-12,500ETF,Future (IC88 (CSI 500 Futures)),rank,-0.1141,0.6,0.0,0,0.014734,0.0,0.0,0.0,0.215712
2025-12-15,500ETF,Future (IC88 (CSI 500 Futures)),rank,0.0897,0.6,0.0,0,-0.004036,-0.0,0.0,-0.0,0.215712
2025-12-16,500ETF,Future (IC88 (CSI 500 Futures)),rank,-1.2105,0.6,-1.0,1,-0.000969,0.000969,0.0008,0.000169,0.215881
2025-12-17,500ETF,Future (IC88 (CSI 500 Futures)),rank,0.8617,0.6,1.0,1,0.020758,0.020758,0.0016,0.019158,0.235039
2025-12-18,500ETF,Future (IC88 (CSI 500 Futures)),rank,0.9245,0.6,1.0,1,-0.006884,-0.006884,0.0,-0.006884,0.228155
2025-12-19,500ETF,Future (IC88 (CSI 500 Futures)),rank,0.0795,0.6,0.0,0,0.00528,0.0,0.0008,-0.0008,0.227355
2025-12-22,500ETF,Future (IC88 (CSI 500 Futures)),rank,1.1504,0.6,1.0,1,-0.001634,-0.001634,0.0008,-0.002434,0.224922
2025-12-23,500ETF,Future (IC88 (CSI 500 Futures)),rank,-0.06,0.6,0.0,0,-0.00404,-0.0,0.0008,-0.0008,0.224122
2025-12-24,500ETF,Future (IC88 (CSI 500 Futures)),rank,0.3744,0.6,0.0,0,0.011006,0.0,0.0,0.0,0.224122
2025-12-25,500ETF,Future (IC88 (CSI 500 Futures)),rank,0.4986,0.6,0.0,0,0.009797,0.0,0.0,0.0,0.224122
2025-12-26,500ETF,Future (IC88 (CSI 500 Futures)),rank,0.7135,0.6,1.0,1,0.000806,0.000806,0.0008,6e-06,0.224128
2025-12-29,500ETF,Future (IC88 (CSI 500 Futures)),rank,-0.4482,0.6,0.0,0,-0.001996,-0.0,0.0008,-0.0008,0.223328
2025-12-30,500ETF,Future (IC88 (CSI 500 Futures)),rank,0.88,0.6,1.0,1,0.001556,0.001556,0.0008,0.000756,0.224084
2025-12-31,500ETF,Future (IC88 (CSI 500 Futures)),rank,-0.5416,0.6,0.0,0,0.001209,0.0,0.0008,-0.0008,0.223284
