date,etf,asset_type,scheme,z_composite,z_th,position,is_trade,trade_return,raw_pnl,fee,net_pnl,cum_pnl
2022-01-04,300ETF,Future (IF88 (CSI 300 Futures)),score,-0.7789,1.3,0.0,0,0.00362,0.0,0.0,0.0,0.0
2022-01-05,300ETF,Future (IF88 (CSI 300 Futures)),score,-0.5484,1.3,0.0,0,-0.004212,-0.0,0.0,-0.0,0.0
2022-01-06,300ETF,Future (IF88 (CSI 300 Futures)),score,-0.349,1.3,0.0,0,-0.00526,-0.0,0.0,-0.0,0.0
2022-01-07,300ETF,Future (IF88 (CSI 300 Futures)),score,0.9584,1.3,0.0,0,-0.003136,-0.0,0.0,-0.0,0.0
2022-01-10,300ETF,Future (IF88 (CSI 300 Futures)),score,-0.2137,1.3,0.0,0,0.004177,0.0,0.0,0.0,0.0
2022-01-11,300ETF,Future (IF88 (CSI 300 Futures)),score,-0.3096,1.3,0.0,0,-0.00605,-0.0,0.0,-0.0,0.0
2022-01-12,300ETF,Future (IF88 (CSI 300 Futures)),score,-0.129,1.3,0.0,0,0.006447,0.0,0.0,0.0,0.0
2022-01-13,300ETF,Future (IF88 (CSI 300 Futures)),score,-0.6544,1.3,0.0,0,-0.012848,-0.0,0.0,-0.0,0.0
2022-01-14,300ETF,Future (IF88 (CSI 300 Futures)),score,-0.7204,1.3,0.0,0,-0.000928,-0.0,0.0,-0.0,0.0
2022-01-17,300ETF,Future (IF88 (CSI 300 Futures)),score,0.8758,1.3,0.0,0,0.002604,0.0,0.0,0.0,0.0
2022-01-18,300ETF,Future (IF88 (CSI 300 Futures)),score,0.5367,1.3,0.0,0,0.004749,0.0,0.0,0.0,0.0
2022-01-19,300ETF,Future (IF88 (CSI 300 Futures)),score,-0.1094,1.3,0.0,0,-0.004591,-0.0,0.0,-0.0,0.0
2022-01-20,300ETF,Future (IF88 (CSI 300 Futures)),score,1.2528,1.3,0.0,0,0.001037,0.0,0.0,0.0,0.0
2022-01-21,300ETF,Future (IF88 (CSI 300 Futures)),score,-0.8604,1.3,0.0,0,-0.004243,-0.0,0.0,-0.0,0.0
2022-01-24,300ETF,Future (IF88 (CSI 300 Futures)),score,0.0343,1.3,0.0,0,0.003174,0.0,0.0,0.0,0.0
2022-01-25,300ETF,Future (IF88 (CSI 300 Futures)),score,-0.2154,1.3,0.0,0,-0.014499,-0.0,0.0,-0.0,0.0
2022-01-26,300ETF,Future (IF88 (CSI 300 Futures)),score,0.695,1.3,0.0,0,0.002291,0.0,0.0,0.0,0.0
2022-01-27,300ETF,Future (IF88 (CSI 300 Futures)),score,-0.6001,1.3,0.0,0,-0.013897,-0.0,0.0,-0.0,0.0
2022-01-28,300ETF,Future (IF88 (CSI 300 Futures)),score,0.2536,1.3,0.0,0,-0.007697,-0.0,0.0,-0.0,0.0
2022-02-07,300ETF,Future (IF88 (CSI 300 Futures)),score,1.404,1.3,1.0,1,-0.001858,-0.001858,0.0008,-0.002658,-0.002658
2022-02-08,300ETF,Future (IF88 (CSI 300 Futures)),score,-0.9181,1.3,0.0,0,-0.000478,-0.0,0.0008,-0.0008,-0.003458
2022-02-09,300ETF,Future (IF88 (CSI 300 Futures)),score,0.0915,1.3,0.0,0,0.011712,0.0,0.0,0.0,-0.003458
2022-02-10,300ETF,Future (IF88 (CSI 300 Futures)),score,-0.8796,1.3,0.0,0,0.000821,0.0,0.0,0.0,-0.003458
2022-02-11,300ETF,Future (IF88 (CSI 300 Futures)),score,0.64,1.3,0.0,0,-0.010146,-0.0,0.0,-0.0,-0.003458
2022-02-14,300ETF,Future (IF88 (CSI 300 Futures)),score,-0.329,1.3,0.0,0,-0.012,-0.0,0.0,-0.0,-0.003458
2022-02-15,300ETF,Future (IF88 (CSI 300 Futures)),score,0.4777,1.3,0.0,0,0.001529,0.0,0.0,0.0,-0.003458
2022-02-16,300ETF,Future (IF88 (CSI 300 Futures)),score,-0.0101,1.3,0.0,0,-0.003377,-0.0,0.0,-0.0,-0.003458
2022-02-17,300ETF,Future (IF88 (CSI 300 Futures)),score,-0.3067,1.3,0.0,0,-0.001124,-0.0,0.0,-0.0,-0.003458
2022-02-18,300ETF,Future (IF88 (CSI 300 Futures)),score,-0.1719,1.3,0.0,0,0.004883,0.0,0.0,0.0,-0.003458
2022-02-21,300ETF,Future (IF88 (CSI 300 Futures)),score,-0.6874,1.3,0.0,0,0.00013,0.0,0.0,0.0,-0.003458
2022-02-22,300ETF,Future (IF88 (CSI 300 Futures)),score,-1.1547,1.3,-1.0,1,0.002811,-0.002811,0.0008,-0.003611,-0.007069
2022-02-23,300ETF,Future (IF88 (CSI 300 Futures)),score,0.4867,1.3,0.0,0,0.006788,0.0,0.0008,-0.0008,-0.007869
2022-02-24,300ETF,Future (IF88 (CSI 300 Futures)),score,-0.4638,1.3,0.0,0,-0.01706,-0.0,0.0,-0.0,-0.007869
2022-02-25,300ETF,Future (IF88 (CSI 300 Futures)),score,1.2466,1.3,0.0,0,-0.009502,-0.0,0.0,-0.0,-0.007869
2022-02-28,300ETF,Future (IF88 (CSI 300 Futures)),score,-0.1697,1.3,0.0,0,0.004262,0.0,0.0,0.0,-0.007869
2022-03-01,300ETF,Future (IF88 (CSI 300 Futures)),score,0.5414,1.3,0.0,0,0.003559,0.0,0.0,0.0,-0.007869
2022-03-02,300ETF,Future (IF88 (CSI 300 Futures)),score,-1.0053,1.3,-1.0,1,0.003148,-0.003148,0.0008,-0.003948,-0.011817
2022-03-03,300ETF,Future (IF88 (CSI 300 Futures)),score,-0.3341,1.3,0.0,0,-0.004653,-0.0,0.0008,-0.0008,-0.012617
2022-03-04,300ETF,Future (IF88 (CSI 300 Futures)),score,-1.1026,1.3,-1.0,1,-0.004494,0.004494,0.0008,0.003694,-0.008923
2022-03-07,300ETF,Future (IF88 (CSI 300 Futures)),score,-1.2859,1.3,-1.0,1,-0.010623,0.010623,0.0,0.010623,0.0017
2022-03-08,300ETF,Future (IF88 (CSI 300 Futures)),score,0.5385,1.3,0.0,0,-0.01832,-0.0,0.0008,-0.0008,0.0009
2022-03-09,300ETF,Future (IF88 (CSI 300 Futures)),score,-0.0176,1.3,0.0,0,-0.019109,-0.0,0.0,-0.0,0.0009
2022-03-10,300ETF,Future (IF88 (CSI 300 Futures)),score,0.096,1.3,0.0,0,-0.002617,-0.0,0.0,-0.0,0.0009
2022-03-11,300ETF,Future (IF88 (CSI 300 Futures)),score,-1.1191,1.3,-1.0,1,0.01698,-0.01698,0.0008,-0.01778,-0.01688
2022-03-14,300ETF,Future (IF88 (CSI 300 Futures)),score,-0.8746,1.3,0.0,0,-0.018591,-0.0,0.0008,-0.0008,-0.01768
2022-03-15,300ETF,Future (IF88 (CSI 300 Futures)),score,-1.635,1.3,-1.0,1,-0.013969,0.013969,0.0008,0.013169,-0.004511
2022-03-16,300ETF,Future (IF88 (CSI 300 Futures)),score,-0.2395,1.3,0.0,0,0.031527,0.0,0.0008,-0.0008,-0.005311
2022-03-17,300ETF,Future (IF88 (CSI 300 Futures)),score,0.858,1.3,0.0,0,0.006999,0.0,0.0,0.0,-0.005311
2022-03-18,300ETF,Future (IF88 (CSI 300 Futures)),score,-0.1957,1.3,0.0,0,0.0102,0.0,0.0,0.0,-0.005311
2022-03-21,300ETF,Future (IF88 (CSI 300 Futures)),score,-0.6354,1.3,0.0,0,-0.005356,-0.0,0.0,-0.0,-0.005311
2022-03-22,300ETF,Future (IF88 (CSI 300 Futures)),score,0.1223,1.3,0.0,0,-0.003178,-0.0,0.0,-0.0,-0.005311
2022-03-23,300ETF,Future (IF88 (CSI 300 Futures)),score,-0.8118,1.3,0.0,0,0.005386,0.0,0.0,0.0,-0.005311
2022-03-24,300ETF,Future (IF88 (CSI 300 Futures)),score,-0.9105,1.3,0.0,0,0.006069,0.0,0.0,0.0,-0.005311
2022-03-25,300ETF,Future (IF88 (CSI 300 Futures)),score,-0.1579,1.3,0.0,0,-0.018087,-0.0,0.0,-0.0,-0.005311
2022-03-28,300ETF,Future (IF88 (CSI 300 Futures)),score,-1.1418,1.3,-1.0,1,0.009316,-0.009316,0.0008,-0.010116,-0.015427
2022-03-29,300ETF,Future (IF88 (CSI 300 Futures)),score,0.6654,1.3,0.0,0,-0.00943,-0.0,0.0008,-0.0008,-0.016227
2022-03-30,300ETF,Future (IF88 (CSI 300 Futures)),score,1.1265,1.3,0.0,0,0.015734,0.0,0.0,0.0,-0.016227
2022-03-31,300ETF,Future (IF88 (CSI 300 Futures)),score,-0.4205,1.3,0.0,0,-0.00019,-0.0,0.0,-0.0,-0.016227
2022-04-01,300ETF,Future (IF88 (CSI 300 Futures)),score,0.1935,1.3,0.0,0,0.010988,0.0,0.0,0.0,-0.016227
2022-04-06,300ETF,Future (IF88 (CSI 300 Futures)),score,-0.1902,1.3,0.0,0,-0.005048,-0.0,0.0,-0.0,-0.016227
2022-04-07,300ETF,Future (IF88 (CSI 300 Futures)),score,0.4998,1.3,0.0,0,-0.009238,-0.0,0.0,-0.0,-0.016227
2022-04-08,300ETF,Future (IF88 (CSI 300 Futures)),score,0.2006,1.3,0.0,0,0.003515,0.0,0.0,0.0,-0.016227
2022-04-11,300ETF,Future (IF88 (CSI 300 Futures)),score,-1.2439,1.3,-1.0,1,-0.011933,0.011933,0.0008,0.011133,-0.005094
2022-04-12,300ETF,Future (IF88 (CSI 300 Futures)),score,0.3789,1.3,0.0,0,0.014474,0.0,0.0008,-0.0008,-0.005894
2022-04-13,300ETF,Future (IF88 (CSI 300 Futures)),score,-0.7444,1.3,0.0,0,0.001346,0.0,0.0,0.0,-0.005894
2022-04-14,300ETF,Future (IF88 (CSI 300 Futures)),score,-0.0846,1.3,0.0,0,0.007601,0.0,0.0,0.0,-0.005894
2022-04-15,300ETF,Future (IF88 (CSI 300 Futures)),score,-0.334,1.3,0.0,0,0.002778,0.0,0.0,0.0,-0.005894
2022-04-18,300ETF,Future (IF88 (CSI 300 Futures)),score,-1.2124,1.3,-1.0,1,0.000676,-0.000676,0.0008,-0.001476,-0.00737
2022-04-19,300ETF,Future (IF88 (CSI 300 Futures)),score,0.4689,1.3,0.0,0,-0.007211,-0.0,0.0008,-0.0008,-0.00817
2022-04-20,300ETF,Future (IF88 (CSI 300 Futures)),score,-0.7713,1.3,0.0,0,-0.006677,-0.0,0.0,-0.0,-0.00817
2022-04-21,300ETF,Future (IF88 (CSI 300 Futures)),score,0.5088,1.3,0.0,0,-0.016735,-0.0,0.0,-0.0,-0.00817
2022-04-22,300ETF,Future (IF88 (CSI 300 Futures)),score,0.1207,1.3,0.0,0,0.004801,0.0,0.0,0.0,-0.00817
2022-04-25,300ETF,Future (IF88 (CSI 300 Futures)),score,-1.1784,1.3,-1.0,1,-0.021402,0.021402,0.0008,0.020602,0.012433
2022-04-26,300ETF,Future (IF88 (CSI 300 Futures)),score,0.186,1.3,0.0,0,-0.001949,-0.0,0.0008,-0.0008,0.011633
2022-04-27,300ETF,Future (IF88 (CSI 300 Futures)),score,1.4112,1.3,1.0,1,0.015999,0.015999,0.0008,0.015199,0.026831
2022-04-28,300ETF,Future (IF88 (CSI 300 Futures)),score,0.1,1.3,0.0,0,0.004729,0.0,0.0008,-0.0008,0.026031
2022-04-29,300ETF,Future (IF88 (CSI 300 Futures)),score,-0.2795,1.3,0.0,0,0.026209,0.0,0.0,0.0,0.026031
2022-05-05,300ETF,Future (IF88 (CSI 300 Futures)),score,-0.1447,1.3,0.0,0,-0.000901,-0.0,0.0,-0.0,0.026031
2022-05-06,300ETF,Future (IF88 (CSI 300 Futures)),score,-1.5334,1.3,-1.0,1,-0.008445,0.008445,0.0008,0.007645,0.033677
2022-05-09,300ETF,Future (IF88 (CSI 300 Futures)),score,0.1761,1.3,0.0,0,-0.010616,-0.0,0.0008,-0.0008,0.032877
2022-05-10,300ETF,Future (IF88 (CSI 300 Futures)),score,-0.5276,1.3,0.0,0,0.021306,0.0,0.0,0.0,0.032877
2022-05-11,300ETF,Future (IF88 (CSI 300 Futures)),score,1.3444,1.3,1.0,1,0.008236,0.008236,0.0008,0.007436,0.040313
2022-05-12,300ETF,Future (IF88 (CSI 300 Futures)),score,-0.1464,1.3,0.0,0,0.001674,0.0,0.0008,-0.0008,0.039513
2022-05-13,300ETF,Future (IF88 (CSI 300 Futures)),score,0.2788,1.3,0.0,0,-0.004325,-0.0,0.0,-0.0,0.039513
2022-05-16,300ETF,Future (IF88 (CSI 300 Futures)),score,-0.2751,1.3,0.0,0,-0.007358,-0.0,0.0,-0.0,0.039513
2022-05-17,300ETF,Future (IF88 (CSI 300 Futures)),score,0.5482,1.3,0.0,0,0.006471,0.0,0.0,0.0,0.039513
2022-05-18,300ETF,Future (IF88 (CSI 300 Futures)),score,-0.8859,1.3,0.0,0,0.002929,0.0,0.0,0.0,0.039513
2022-05-19,300ETF,Future (IF88 (CSI 300 Futures)),score,-0.6235,1.3,0.0,0,0.010555,0.0,0.0,0.0,0.039513
2022-05-20,300ETF,Future (IF88 (CSI 300 Futures)),score,1.7712,1.3,1.0,1,0.001435,0.001435,0.0008,0.000635,0.040148
2022-05-23,300ETF,Future (IF88 (CSI 300 Futures)),score,-0.9836,1.3,0.0,0,-0.002932,-0.0,0.0008,-0.0008,0.039348
2022-05-24,300ETF,Future (IF88 (CSI 300 Futures)),score,-0.749,1.3,0.0,0,-0.011522,-0.0,0.0,-0.0,0.039348
2022-05-25,300ETF,Future (IF88 (CSI 300 Futures)),score,0.5924,1.3,0.0,0,-0.003949,-0.0,0.0,-0.0,0.039348
2022-05-26,300ETF,Future (IF88 (CSI 300 Futures)),score,-0.6726,1.3,0.0,0,0.014218,0.0,0.0,0.0,0.039348
2022-05-27,300ETF,Future (IF88 (CSI 300 Futures)),score,1.1146,1.3,0.0,0,-0.008403,-0.0,0.0,-0.0,0.039348
2022-05-30,300ETF,Future (IF88 (CSI 300 Futures)),score,-0.2225,1.3,0.0,0,0.00195,0.0,0.0,0.0,0.039348
2022-05-31,300ETF,Future (IF88 (CSI 300 Futures)),score,0.4337,1.3,0.0,0,0.016444,0.0,0.0,0.0,0.039348
2022-06-01,300ETF,Future (IF88 (CSI 300 Futures)),score,-0.4347,1.3,0.0,0,-0.00266,-0.0,0.0,-0.0,0.039348
2022-06-02,300ETF,Future (IF88 (CSI 300 Futures)),score,-0.3352,1.3,0.0,0,0.00464,0.0,0.0,0.0,0.039348
2022-06-06,300ETF,Future (IF88 (CSI 300 Futures)),score,-0.2848,1.3,0.0,0,0.017694,0.0,0.0,0.0,0.039348
2022-06-07,300ETF,Future (IF88 (CSI 300 Futures)),score,0.9761,1.3,0.0,0,0.002741,0.0,0.0,0.0,0.039348
2022-06-08,300ETF,Future (IF88 (CSI 300 Futures)),score,0.0617,1.3,0.0,0,0.003488,0.0,0.0,0.0,0.039348
2022-06-09,300ETF,Future (IF88 (CSI 300 Futures)),score,0.0282,1.3,0.0,0,-0.007809,-0.0,0.0,-0.0,0.039348
2022-06-10,300ETF,Future (IF88 (CSI 300 Futures)),score,-0.3372,1.3,0.0,0,0.019563,0.0,0.0,0.0,0.039348
2022-06-13,300ETF,Future (IF88 (CSI 300 Futures)),score,-0.4836,1.3,0.0,0,-0.006781,-0.0,0.0,-0.0,0.039348
2022-06-14,300ETF,Future (IF88 (CSI 300 Futures)),score,-0.3723,1.3,0.0,0,0.013651,0.0,0.0,0.0,0.039348
2022-06-15,300ETF,Future (IF88 (CSI 300 Futures)),score,1.4407,1.3,1.0,1,0.017195,0.017195,0.0008,0.016395,0.055743
2022-06-16,300ETF,Future (IF88 (CSI 300 Futures)),score,0.4962,1.3,0.0,0,-0.007818,-0.0,0.0008,-0.0008,0.054943
2022-06-17,300ETF,Future (IF88 (CSI 300 Futures)),score,0.8569,1.3,0.0,0,0.008249,0.0,0.0,0.0,0.054943
2022-06-20,300ETF,Future (IF88 (CSI 300 Futures)),score,0.3474,1.3,0.0,0,0.004441,0.0,0.0,0.0,0.054943
2022-06-21,300ETF,Future (IF88 (CSI 300 Futures)),score,0.166,1.3,0.0,0,-0.00582,-0.0,0.0,-0.0,0.054943
2022-06-22,300ETF,Future (IF88 (CSI 300 Futures)),score,-0.8174,1.3,0.0,0,-0.012294,-0.0,0.0,-0.0,0.054943
2022-06-23,300ETF,Future (IF88 (CSI 300 Futures)),score,0.5605,1.3,0.0,0,0.014387,0.0,0.0,0.0,0.054943
2022-06-24,300ETF,Future (IF88 (CSI 300 Futures)),score,-0.4361,1.3,0.0,0,0.00723,0.0,0.0,0.0,0.054943
2022-06-27,300ETF,Future (IF88 (CSI 300 Futures)),score,1.155,1.3,0.0,0,0.003123,0.0,0.0,0.0,0.054943
2022-06-28,300ETF,Future (IF88 (CSI 300 Futures)),score,-0.9672,1.3,0.0,0,0.014628,0.0,0.0,0.0,0.054943
2022-06-29,300ETF,Future (IF88 (CSI 300 Futures)),score,0.366,1.3,0.0,0,-0.010098,-0.0,0.0,-0.0,0.054943
2022-06-30,300ETF,Future (IF88 (CSI 300 Futures)),score,1.2215,1.3,0.0,0,0.005978,0.0,0.0,0.0,0.054943
2022-07-01,300ETF,Future (IF88 (CSI 300 Futures)),score,0.0433,1.3,0.0,0,-0.001443,-0.0,0.0,-0.0,0.054943
2022-07-04,300ETF,Future (IF88 (CSI 300 Futures)),score,-0.5002,1.3,0.0,0,0.002336,0.0,0.0,0.0,0.054943
2022-07-05,300ETF,Future (IF88 (CSI 300 Futures)),score,0.6327,1.3,0.0,0,-0.006454,-0.0,0.0,-0.0,0.054943
2022-07-06,300ETF,Future (IF88 (CSI 300 Futures)),score,-0.4039,1.3,0.0,0,-0.013821,-0.0,0.0,-0.0,0.054943
2022-07-07,300ETF,Future (IF88 (CSI 300 Futures)),score,-0.7499,1.3,0.0,0,0.006806,0.0,0.0,0.0,0.054943
2022-07-08,300ETF,Future (IF88 (CSI 300 Futures)),score,0.0318,1.3,0.0,0,-0.003346,-0.0,0.0,-0.0,0.054943
2022-07-11,300ETF,Future (IF88 (CSI 300 Futures)),score,-1.1664,1.3,-1.0,1,-0.001198,0.001198,0.0008,0.000398,0.055341
2022-07-12,300ETF,Future (IF88 (CSI 300 Futures)),score,0.268,1.3,0.0,0,-0.008893,-0.0,0.0008,-0.0008,0.054541
2022-07-13,300ETF,Future (IF88 (CSI 300 Futures)),score,-0.2337,1.3,0.0,0,-0.000838,-0.0,0.0,-0.0,0.054541
2022-07-14,300ETF,Future (IF88 (CSI 300 Futures)),score,-0.7565,1.3,0.0,0,-0.002741,-0.0,0.0,-0.0,0.054541
2022-07-15,300ETF,Future (IF88 (CSI 300 Futures)),score,0.1509,1.3,0.0,0,-0.013666,-0.0,0.0,-0.0,0.054541
2022-07-18,300ETF,Future (IF88 (CSI 300 Futures)),score,-0.4825,1.3,0.0,0,0.008858,0.0,0.0,0.0,0.054541
2022-07-19,300ETF,Future (IF88 (CSI 300 Futures)),score,-0.8678,1.3,0.0,0,0.003105,0.0,0.0,0.0,0.054541
2022-07-20,300ETF,Future (IF88 (CSI 300 Futures)),score,-0.046,1.3,0.0,0,-0.003699,-0.0,0.0,-0.0,0.054541
2022-07-21,300ETF,Future (IF88 (CSI 300 Futures)),score,-0.5979,1.3,0.0,0,-0.006041,-0.0,0.0,-0.0,0.054541
2022-07-22,300ETF,Future (IF88 (CSI 300 Futures)),score,0.3268,1.3,0.0,0,-0.002641,-0.0,0.0,-0.0,0.054541
2022-07-25,300ETF,Future (IF88 (CSI 300 Futures)),score,-0.6621,1.3,0.0,0,0.002236,0.0,0.0,0.0,0.054541
2022-07-26,300ETF,Future (IF88 (CSI 300 Futures)),score,0.5209,1.3,0.0,0,0.003738,0.0,0.0,0.0,0.054541
2022-07-27,300ETF,Future (IF88 (CSI 300 Futures)),score,-0.7747,1.3,0.0,0,-0.002563,-0.0,0.0,-0.0,0.054541
2022-07-28,300ETF,Future (IF88 (CSI 300 Futures)),score,-0.0586,1.3,0.0,0,-0.001136,-0.0,0.0,-0.0,0.054541
2022-07-29,300ETF,Future (IF88 (CSI 300 Futures)),score,0.0573,1.3,0.0,0,-0.021056,-0.0,0.0,-0.0,0.054541
2022-08-01,300ETF,Future (IF88 (CSI 300 Futures)),score,-0.7009,1.3,0.0,0,0.001638,0.0,0.0,0.0,0.054541
2022-08-02,300ETF,Future (IF88 (CSI 300 Futures)),score,-1.4169,1.3,-1.0,1,-0.004816,0.004816,0.0008,0.004016,0.058557
2022-08-03,300ETF,Future (IF88 (CSI 300 Futures)),score,1.0378,1.3,0.0,0,-0.00979,-0.0,0.0008,-0.0008,0.057757
2022-08-04,300ETF,Future (IF88 (CSI 300 Futures)),score,-0.0412,1.3,0.0,0,0.000393,0.0,0.0,0.0,0.057757
2022-08-05,300ETF,Future (IF88 (CSI 300 Futures)),score,0.2825,1.3,0.0,0,0.010817,0.0,0.0,0.0,0.057757
2022-08-08,300ETF,Future (IF88 (CSI 300 Futures)),score,-0.2066,1.3,0.0,0,-0.001207,-0.0,0.0,-0.0,0.057757
2022-08-09,300ETF,Future (IF88 (CSI 300 Futures)),score,-0.3495,1.3,0.0,0,0.002274,0.0,0.0,0.0,0.057757
2022-08-10,300ETF,Future (IF88 (CSI 300 Futures)),score,-0.0789,1.3,0.0,0,-0.011236,-0.0,0.0,-0.0,0.057757
2022-08-11,300ETF,Future (IF88 (CSI 300 Futures)),score,-0.3385,1.3,0.0,0,0.016668,0.0,0.0,0.0,0.057757
2022-08-12,300ETF,Future (IF88 (CSI 300 Futures)),score,-0.5812,1.3,0.0,0,0.004303,0.0,0.0,0.0,0.057757
2022-08-15,300ETF,Future (IF88 (CSI 300 Futures)),score,0.8322,1.3,0.0,0,-0.008953,-0.0,0.0,-0.0,0.057757
2022-08-16,300ETF,Future (IF88 (CSI 300 Futures)),score,0.0813,1.3,0.0,0,-0.004837,-0.0,0.0,-0.0,0.057757
2022-08-17,300ETF,Future (IF88 (CSI 300 Futures)),score,-0.6242,1.3,0.0,0,0.014791,0.0,0.0,0.0,0.057757
2022-08-18,300ETF,Future (IF88 (CSI 300 Futures)),score,-0.3397,1.3,0.0,0,-0.007176,-0.0,0.0,-0.0,0.057757
2022-08-19,300ETF,Future (IF88 (CSI 300 Futures)),score,-0.0016,1.3,0.0,0,-0.005002,-0.0,0.0,-0.0,0.057757
2022-08-22,300ETF,Future (IF88 (CSI 300 Futures)),score,0.542,1.3,0.0,0,0.000958,0.0,0.0,0.0,0.057757
2022-08-23,300ETF,Future (IF88 (CSI 300 Futures)),score,-0.0392,1.3,0.0,0,-0.00265,-0.0,0.0,-0.0,0.057757
2022-08-24,300ETF,Future (IF88 (CSI 300 Futures)),score,-0.4123,1.3,0.0,0,-0.014525,-0.0,0.0,-0.0,0.057757
2022-08-25,300ETF,Future (IF88 (CSI 300 Futures)),score,0.0553,1.3,0.0,0,0.00303,0.0,0.0,0.0,0.057757
2022-08-26,300ETF,Future (IF88 (CSI 300 Futures)),score,-0.4332,1.3,0.0,0,-0.00481,-0.0,0.0,-0.0,0.057757
2022-08-29,300ETF,Future (IF88 (CSI 300 Futures)),score,-0.3576,1.3,0.0,0,-0.000882,-0.0,0.0,-0.0,0.057757
2022-08-30,300ETF,Future (IF88 (CSI 300 Futures)),score,-0.2661,1.3,0.0,0,0.000639,0.0,0.0,0.0,0.057757
2022-08-31,300ETF,Future (IF88 (CSI 300 Futures)),score,0.3684,1.3,0.0,0,-0.00147,-0.0,0.0,-0.0,0.057757
2022-09-01,300ETF,Future (IF88 (CSI 300 Futures)),score,0.1426,1.3,0.0,0,-0.007958,-0.0,0.0,-0.0,0.057757
2022-09-02,300ETF,Future (IF88 (CSI 300 Futures)),score,-0.5561,1.3,0.0,0,-0.005311,-0.0,0.0,-0.0,0.057757
2022-09-05,300ETF,Future (IF88 (CSI 300 Futures)),score,-0.6036,1.3,0.0,0,-0.000449,-0.0,0.0,-0.0,0.057757
2022-09-06,300ETF,Future (IF88 (CSI 300 Futures)),score,-0.1641,1.3,0.0,0,0.006102,0.0,0.0,0.0,0.057757
2022-09-07,300ETF,Future (IF88 (CSI 300 Futures)),score,-0.0903,1.3,0.0,0,0.00173,0.0,0.0,0.0,0.057757
2022-09-08,300ETF,Future (IF88 (CSI 300 Futures)),score,-0.1924,1.3,0.0,0,-0.004642,-0.0,0.0,-0.0,0.057757
2022-09-09,300ETF,Future (IF88 (CSI 300 Futures)),score,0.2414,1.3,0.0,0,0.008467,0.0,0.0,0.0,0.057757
2022-09-13,300ETF,Future (IF88 (CSI 300 Futures)),score,-0.4702,1.3,0.0,0,0.001459,0.0,0.0,0.0,0.057757
2022-09-14,300ETF,Future (IF88 (CSI 300 Futures)),score,-0.6147,1.3,0.0,0,-0.003434,-0.0,0.0,-0.0,0.057757
2022-09-15,300ETF,Future (IF88 (CSI 300 Futures)),score,0.3013,1.3,0.0,0,-0.015849,-0.0,0.0,-0.0,0.057757
2022-09-16,300ETF,Future (IF88 (CSI 300 Futures)),score,-0.7522,1.3,0.0,0,-0.010984,-0.0,0.0,-0.0,0.057757
2022-09-19,300ETF,Future (IF88 (CSI 300 Futures)),score,-0.1151,1.3,0.0,0,-0.004067,-0.0,0.0,-0.0,0.057757
2022-09-20,300ETF,Future (IF88 (CSI 300 Futures)),score,0.0268,1.3,0.0,0,-0.004727,-0.0,0.0,-0.0,0.057757
2022-09-21,300ETF,Future (IF88 (CSI 300 Futures)),score,-0.9802,1.3,0.0,0,0.005336,0.0,0.0,0.0,0.057757
2022-09-22,300ETF,Future (IF88 (CSI 300 Futures)),score,-0.6652,1.3,0.0,0,-0.006338,-0.0,0.0,-0.0,0.057757
2022-09-23,300ETF,Future (IF88 (CSI 300 Futures)),score,0.6923,1.3,0.0,0,-0.003614,-0.0,0.0,-0.0,0.057757
2022-09-26,300ETF,Future (IF88 (CSI 300 Futures)),score,0.7837,1.3,0.0,0,-0.007155,-0.0,0.0,-0.0,0.057757
2022-09-27,300ETF,Future (IF88 (CSI 300 Futures)),score,0.0458,1.3,0.0,0,0.011504,0.0,0.0,0.0,0.057757
2022-09-28,300ETF,Future (IF88 (CSI 300 Futures)),score,-0.901,1.3,0.0,0,-0.005347,-0.0,0.0,-0.0,0.057757
2022-09-29,300ETF,Future (IF88 (CSI 300 Futures)),score,-0.1724,1.3,0.0,0,-0.012038,-0.0,0.0,-0.0,0.057757
2022-09-30,300ETF,Future (IF88 (CSI 300 Futures)),score,0.3279,1.3,0.0,0,-0.004495,-0.0,0.0,-0.0,0.057757
2022-10-10,300ETF,Future (IF88 (CSI 300 Futures)),score,-0.8741,1.3,0.0,0,-0.019164,-0.0,0.0,-0.0,0.057757
2022-10-11,300ETF,Future (IF88 (CSI 300 Futures)),score,-0.5463,1.3,0.0,0,0.000322,0.0,0.0,0.0,0.057757
2022-10-12,300ETF,Future (IF88 (CSI 300 Futures)),score,-0.7134,1.3,0.0,0,0.019937,0.0,0.0,0.0,0.057757
2022-10-13,300ETF,Future (IF88 (CSI 300 Futures)),score,-0.2997,1.3,0.0,0,-0.000106,-0.0,0.0,-0.0,0.057757
2022-10-14,300ETF,Future (IF88 (CSI 300 Futures)),score,0.9778,1.3,0.0,0,0.007829,0.0,0.0,0.0,0.057757
2022-10-17,300ETF,Future (IF88 (CSI 300 Futures)),score,-0.3971,1.3,0.0,0,0.008418,0.0,0.0,0.0,0.057757
2022-10-18,300ETF,Future (IF88 (CSI 300 Futures)),score,-0.418,1.3,0.0,0,-0.004215,-0.0,0.0,-0.0,0.057757
2022-10-19,300ETF,Future (IF88 (CSI 300 Futures)),score,-0.0757,1.3,0.0,0,-0.012115,-0.0,0.0,-0.0,0.057757
2022-10-20,300ETF,Future (IF88 (CSI 300 Futures)),score,-0.794,1.3,0.0,0,0.003897,0.0,0.0,0.0,0.057757
2022-10-21,300ETF,Future (IF88 (CSI 300 Futures)),score,0.1346,1.3,0.0,0,-0.003262,-0.0,0.0,-0.0,0.057757
2022-10-24,300ETF,Future (IF88 (CSI 300 Futures)),score,0.1915,1.3,0.0,0,-0.021122,-0.0,0.0,-0.0,0.057757
2022-10-25,300ETF,Future (IF88 (CSI 300 Futures)),score,0.1738,1.3,0.0,0,-0.000441,-0.0,0.0,-0.0,0.057757
2022-10-26,300ETF,Future (IF88 (CSI 300 Futures)),score,0.746,1.3,0.0,0,-0.002849,-0.0,0.0,-0.0,0.057757
2022-10-27,300ETF,Future (IF88 (CSI 300 Futures)),score,-0.0503,1.3,0.0,0,-0.013264,-0.0,0.0,-0.0,0.057757
2022-10-28,300ETF,Future (IF88 (CSI 300 Futures)),score,-0.7699,1.3,0.0,0,-0.020637,-0.0,0.0,-0.0,0.057757
2022-10-31,300ETF,Future (IF88 (CSI 300 Futures)),score,-0.2997,1.3,0.0,0,-0.008639,-0.0,0.0,-0.0,0.057757
2022-11-01,300ETF,Future (IF88 (CSI 300 Futures)),score,0.8656,1.3,0.0,0,0.023091,0.0,0.0,0.0,0.057757
2022-11-02,300ETF,Future (IF88 (CSI 300 Futures)),score,0.3707,1.3,0.0,0,0.00869,0.0,0.0,0.0,0.057757
2022-11-03,300ETF,Future (IF88 (CSI 300 Futures)),score,-0.2959,1.3,0.0,0,0.000767,0.0,0.0,0.0,0.057757
2022-11-04,300ETF,Future (IF88 (CSI 300 Futures)),score,1.9661,1.3,1.0,1,0.017217,0.017217,0.0008,0.016417,0.074174
2022-11-07,300ETF,Future (IF88 (CSI 300 Futures)),score,0.6576,1.3,0.0,0,0.003176,0.0,0.0008,-0.0008,0.073374
2022-11-08,300ETF,Future (IF88 (CSI 300 Futures)),score,-0.4241,1.3,0.0,0,-0.006593,-0.0,0.0,-0.0,0.073374
2022-11-09,300ETF,Future (IF88 (CSI 300 Futures)),score,-0.1079,1.3,0.0,0,-0.006373,-0.0,0.0,-0.0,0.073374
2022-11-10,300ETF,Future (IF88 (CSI 300 Futures)),score,-1.1135,1.3,-1.0,1,0.000325,-0.000325,0.0008,-0.001125,0.072249
2022-11-11,300ETF,Future (IF88 (CSI 300 Futures)),score,0.2225,1.3,0.0,0,0.009561,0.0,0.0008,-0.0008,0.071449
2022-11-14,300ETF,Future (IF88 (CSI 300 Futures)),score,1.358,1.3,1.0,1,-0.011977,-0.011977,0.0008,-0.012777,0.058672
2022-11-15,300ETF,Future (IF88 (CSI 300 Futures)),score,-0.5095,1.3,0.0,0,0.016452,0.0,0.0008,-0.0008,0.057872
2022-11-16,300ETF,Future (IF88 (CSI 300 Futures)),score,-0.5992,1.3,0.0,0,-0.004152,-0.0,0.0,-0.0,0.057872
2022-11-17,300ETF,Future (IF88 (CSI 300 Futures)),score,-0.8923,1.3,0.0,0,-0.000157,-0.0,0.0,-0.0,0.057872
2022-11-18,300ETF,Future (IF88 (CSI 300 Futures)),score,-0.4088,1.3,0.0,0,-0.003401,-0.0,0.0,-0.0,0.057872
2022-11-21,300ETF,Future (IF88 (CSI 300 Futures)),score,-1.2596,1.3,-1.0,1,0.006762,-0.006762,0.0008,-0.007562,0.05031
2022-11-22,300ETF,Future (IF88 (CSI 300 Futures)),score,-0.0591,1.3,0.0,0,-0.000425,-0.0,0.0008,-0.0008,0.04951
2022-11-23,300ETF,Future (IF88 (CSI 300 Futures)),score,0.2966,1.3,0.0,0,0.001322,0.0,0.0,0.0,0.04951
2022-11-24,300ETF,Future (IF88 (CSI 300 Futures)),score,0.2024,1.3,0.0,0,-0.005826,-0.0,0.0,-0.0,0.04951
2022-11-25,300ETF,Future (IF88 (CSI 300 Futures)),score,-0.4623,1.3,0.0,0,0.005083,0.0,0.0,0.0,0.04951
2022-11-28,300ETF,Future (IF88 (CSI 300 Futures)),score,-1.7224,1.3,-1.0,1,0.011682,-0.011682,0.0008,-0.012482,0.037028
2022-11-29,300ETF,Future (IF88 (CSI 300 Futures)),score,0.8123,1.3,0.0,0,0.019212,0.0,0.0008,-0.0008,0.036228
2022-11-30,300ETF,Future (IF88 (CSI 300 Futures)),score,0.6574,1.3,0.0,0,-0.001453,-0.0,0.0,-0.0,0.036228
2022-12-01,300ETF,Future (IF88 (CSI 300 Futures)),score,1.1119,1.3,0.0,0,-0.00459,-0.0,0.0,-0.0,0.036228
2022-12-02,300ETF,Future (IF88 (CSI 300 Futures)),score,-0.2757,1.3,0.0,0,-0.005235,-0.0,0.0,-0.0,0.036228
2022-12-05,300ETF,Future (IF88 (CSI 300 Futures)),score,0.1836,1.3,0.0,0,0.00753,0.0,0.0,0.0,0.036228
2022-12-06,300ETF,Future (IF88 (CSI 300 Futures)),score,0.2989,1.3,0.0,0,0.003637,0.0,0.0,0.0,0.036228
2022-12-07,300ETF,Future (IF88 (CSI 300 Futures)),score,-0.2507,1.3,0.0,0,-0.001564,-0.0,0.0,-0.0,0.036228
2022-12-08,300ETF,Future (IF88 (CSI 300 Futures)),score,-0.3974,1.3,0.0,0,0.000806,0.0,0.0,0.0,0.036228
2022-12-09,300ETF,Future (IF88 (CSI 300 Futures)),score,0.0714,1.3,0.0,0,0.01194,0.0,0.0,0.0,0.036228
2022-12-12,300ETF,Future (IF88 (CSI 300 Futures)),score,-0.6876,1.3,0.0,0,-0.005237,-0.0,0.0,-0.0,0.036228
2022-12-13,300ETF,Future (IF88 (CSI 300 Futures)),score,-0.332,1.3,0.0,0,-0.000607,-0.0,0.0,-0.0,0.036228
2022-12-14,300ETF,Future (IF88 (CSI 300 Futures)),score,-0.2587,1.3,0.0,0,-0.002174,-0.0,0.0,-0.0,0.036228
2022-12-15,300ETF,Future (IF88 (CSI 300 Futures)),score,-0.1198,1.3,0.0,0,0.004768,0.0,0.0,0.0,0.036228
2022-12-16,300ETF,Future (IF88 (CSI 300 Futures)),score,-0.2741,1.3,0.0,0,0.004048,0.0,0.0,0.0,0.036228
2022-12-19,300ETF,Future (IF88 (CSI 300 Futures)),score,0.188,1.3,0.0,0,-0.014515,-0.0,0.0,-0.0,0.036228
2022-12-20,300ETF,Future (IF88 (CSI 300 Futures)),score,-0.8503,1.3,0.0,0,-0.010384,-0.0,0.0,-0.0,0.036228
2022-12-21,300ETF,Future (IF88 (CSI 300 Futures)),score,0.0111,1.3,0.0,0,-0.003118,-0.0,0.0,-0.0,0.036228
2022-12-22,300ETF,Future (IF88 (CSI 300 Futures)),score,-0.3306,1.3,0.0,0,-0.010204,-0.0,0.0,-0.0,0.036228
2022-12-23,300ETF,Future (IF88 (CSI 300 Futures)),score,0.0271,1.3,0.0,0,-0.006439,-0.0,0.0,-0.0,0.036228
2022-12-26,300ETF,Future (IF88 (CSI 300 Futures)),score,0.1893,1.3,0.0,0,-0.002697,-0.0,0.0,-0.0,0.036228
2022-12-27,300ETF,Future (IF88 (CSI 300 Futures)),score,0.1811,1.3,0.0,0,0.004158,0.0,0.0,0.0,0.036228
2022-12-28,300ETF,Future (IF88 (CSI 300 Futures)),score,-0.7254,1.3,0.0,0,0.003402,0.0,0.0,0.0,0.036228
2022-12-29,300ETF,Future (IF88 (CSI 300 Futures)),score,-0.8533,1.3,0.0,0,0.007561,0.0,0.0,0.0,0.036228
2022-12-30,300ETF,Future (IF88 (CSI 300 Futures)),score,0.6645,1.3,0.0,0,-0.001645,-0.0,0.0,-0.0,0.036228
2023-01-03,300ETF,Future (IF88 (CSI 300 Futures)),score,-0.9552,1.3,0.0,0,0.016163,0.0,0.0,0.0,0.036228
2023-01-04,300ETF,Future (IF88 (CSI 300 Futures)),score,-0.5418,1.3,0.0,0,0.001489,0.0,0.0,0.0,0.036228
2023-01-05,300ETF,Future (IF88 (CSI 300 Futures)),score,1.4109,1.3,1.0,1,0.006956,0.006956,0.0008,0.006156,0.042384
2023-01-06,300ETF,Future (IF88 (CSI 300 Futures)),score,-0.2168,1.3,0.0,0,0.003162,0.0,0.0008,-0.0008,0.041584
2023-01-09,300ETF,Future (IF88 (CSI 300 Futures)),score,0.0479,1.3,0.0,0,0.003088,0.0,0.0,0.0,0.041584
2023-01-10,300ETF,Future (IF88 (CSI 300 Futures)),score,-0.5698,1.3,0.0,0,0.000647,0.0,0.0,0.0,0.041584
2023-01-11,300ETF,Future (IF88 (CSI 300 Futures)),score,0.1807,1.3,0.0,0,-0.002584,-0.0,0.0,-0.0,0.041584
2023-01-12,300ETF,Future (IF88 (CSI 300 Futures)),score,-0.131,1.3,0.0,0,-0.003076,-0.0,0.0,-0.0,0.041584
2023-01-13,300ETF,Future (IF88 (CSI 300 Futures)),score,0.0283,1.3,0.0,0,0.00655,0.0,0.0,0.0,0.041584
2023-01-16,300ETF,Future (IF88 (CSI 300 Futures)),score,1.1339,1.3,0.0,0,0.008697,0.0,0.0,0.0,0.041584
2023-01-17,300ETF,Future (IF88 (CSI 300 Futures)),score,-0.1212,1.3,0.0,0,0.000483,0.0,0.0,0.0,0.041584
2023-01-18,300ETF,Future (IF88 (CSI 300 Futures)),score,-0.0214,1.3,0.0,0,-0.000918,-0.0,0.0,-0.0,0.041584
2023-01-19,300ETF,Future (IF88 (CSI 300 Futures)),score,-0.4192,1.3,0.0,0,0.010743,0.0,0.0,0.0,0.041584
2023-01-20,300ETF,Future (IF88 (CSI 300 Futures)),score,0.286,1.3,0.0,0,4.8e-05,0.0,0.0,0.0,0.041584
2023-01-30,300ETF,Future (IF88 (CSI 300 Futures)),score,-0.3707,1.3,0.0,0,-0.011799,-0.0,0.0,-0.0,0.041584
2023-01-31,300ETF,Future (IF88 (CSI 300 Futures)),score,0.0589,1.3,0.0,0,-0.010633,-0.0,0.0,-0.0,0.041584
2023-02-01,300ETF,Future (IF88 (CSI 300 Futures)),score,0.5141,1.3,0.0,0,0.00119,0.0,0.0,0.0,0.041584
2023-02-02,300ETF,Future (IF88 (CSI 300 Futures)),score,-1.0132,1.3,-1.0,1,-0.002764,0.002764,0.0008,0.001964,0.043549
2023-02-03,300ETF,Future (IF88 (CSI 300 Futures)),score,-0.9137,1.3,0.0,0,0.003237,0.0,0.0008,-0.0008,0.042749
2023-02-06,300ETF,Future (IF88 (CSI 300 Futures)),score,-1.3203,1.3,-1.0,1,-0.005865,0.005865,0.0008,0.005065,0.047814
2023-02-07,300ETF,Future (IF88 (CSI 300 Futures)),score,-0.171,1.3,0.0,0,-0.001074,-0.0,0.0008,-0.0008,0.047014
2023-02-08,300ETF,Future (IF88 (CSI 300 Futures)),score,0.168,1.3,0.0,0,-0.004298,-0.0,0.0,-0.0,0.047014
2023-02-09,300ETF,Future (IF88 (CSI 300 Futures)),score,0.9194,1.3,0.0,0,0.00683,0.0,0.0,0.0,0.047014
2023-02-10,300ETF,Future (IF88 (CSI 300 Futures)),score,-0.7339,1.3,0.0,0,-0.003637,-0.0,0.0,-0.0,0.047014
2023-02-13,300ETF,Future (IF88 (CSI 300 Futures)),score,0.7006,1.3,0.0,0,0.003094,0.0,0.0,0.0,0.047014
2023-02-14,300ETF,Future (IF88 (CSI 300 Futures)),score,-0.7966,1.3,0.0,0,-0.000531,-0.0,0.0,-0.0,0.047014
2023-02-15,300ETF,Future (IF88 (CSI 300 Futures)),score,-0.301,1.3,0.0,0,-0.002856,-0.0,0.0,-0.0,0.047014
2023-02-16,300ETF,Future (IF88 (CSI 300 Futures)),score,-0.2777,1.3,0.0,0,-0.012108,-0.0,0.0,-0.0,0.047014
2023-02-17,300ETF,Future (IF88 (CSI 300 Futures)),score,0.2608,1.3,0.0,0,-0.014645,-0.0,0.0,-0.0,0.047014
2023-02-20,300ETF,Future (IF88 (CSI 300 Futures)),score,0.4997,1.3,0.0,0,0.021083,0.0,0.0,0.0,0.047014
2023-02-21,300ETF,Future (IF88 (CSI 300 Futures)),score,-0.1988,1.3,0.0,0,-0.001158,-0.0,0.0,-0.0,0.047014
2023-02-22,300ETF,Future (IF88 (CSI 300 Futures)),score,-0.6274,1.3,0.0,0,-0.001459,-0.0,0.0,-0.0,0.047014
2023-02-23,300ETF,Future (IF88 (CSI 300 Futures)),score,0.7542,1.3,0.0,0,-0.004672,-0.0,0.0,-0.0,0.047014
2023-02-24,300ETF,Future (IF88 (CSI 300 Futures)),score,-0.8658,1.3,0.0,0,-0.004559,-0.0,0.0,-0.0,0.047014
2023-02-27,300ETF,Future (IF88 (CSI 300 Futures)),score,-0.2579,1.3,0.0,0,-0.002075,-0.0,0.0,-0.0,0.047014
2023-02-28,300ETF,Future (IF88 (CSI 300 Futures)),score,0.2666,1.3,0.0,0,0.001181,0.0,0.0,0.0,0.047014
2023-03-01,300ETF,Future (IF88 (CSI 300 Futures)),score,0.4419,1.3,0.0,0,0.00685,0.0,0.0,0.0,0.047014
2023-03-02,300ETF,Future (IF88 (CSI 300 Futures)),score,-0.2242,1.3,0.0,0,-0.001453,-0.0,0.0,-0.0,0.047014
2023-03-03,300ETF,Future (IF88 (CSI 300 Futures)),score,-0.0387,1.3,0.0,0,0.001111,0.0,0.0,0.0,0.047014
2023-03-06,300ETF,Future (IF88 (CSI 300 Futures)),score,-0.8492,1.3,0.0,0,-0.000974,-0.0,0.0,-0.0,0.047014
2023-03-07,300ETF,Future (IF88 (CSI 300 Futures)),score,0.1619,1.3,0.0,0,-0.010298,-0.0,0.0,-0.0,0.047014
2023-03-08,300ETF,Future (IF88 (CSI 300 Futures)),score,-0.5708,1.3,0.0,0,0.000248,0.0,0.0,0.0,0.047014
2023-03-09,300ETF,Future (IF88 (CSI 300 Futures)),score,-0.6102,1.3,0.0,0,-0.002777,-0.0,0.0,-0.0,0.047014
2023-03-10,300ETF,Future (IF88 (CSI 300 Futures)),score,-0.4845,1.3,0.0,0,-0.003963,-0.0,0.0,-0.0,0.047014
2023-03-13,300ETF,Future (IF88 (CSI 300 Futures)),score,1.2805,1.3,0.0,0,0.005109,0.0,0.0,0.0,0.047014
2023-03-14,300ETF,Future (IF88 (CSI 300 Futures)),score,-0.719,1.3,0.0,0,0.001504,0.0,0.0,0.0,0.047014
2023-03-15,300ETF,Future (IF88 (CSI 300 Futures)),score,0.0077,1.3,0.0,0,-0.007641,-0.0,0.0,-0.0,0.047014
2023-03-16,300ETF,Future (IF88 (CSI 300 Futures)),score,-0.5775,1.3,0.0,0,-0.003433,-0.0,0.0,-0.0,0.047014
2023-03-17,300ETF,Future (IF88 (CSI 300 Futures)),score,-0.1857,1.3,0.0,0,-0.006005,-0.0,0.0,-0.0,0.047014
2023-03-20,300ETF,Future (IF88 (CSI 300 Futures)),score,0.3853,1.3,0.0,0,-0.008079,-0.0,0.0,-0.0,0.047014
2023-03-21,300ETF,Future (IF88 (CSI 300 Futures)),score,0.484,1.3,0.0,0,0.00377,0.0,0.0,0.0,0.047014
2023-03-22,300ETF,Future (IF88 (CSI 300 Futures)),score,0.6752,1.3,0.0,0,-0.004885,-0.0,0.0,-0.0,0.047014
2023-03-23,300ETF,Future (IF88 (CSI 300 Futures)),score,0.2797,1.3,0.0,0,0.008051,0.0,0.0,0.0,0.047014
2023-03-24,300ETF,Future (IF88 (CSI 300 Futures)),score,-0.8696,1.3,0.0,0,0.000545,0.0,0.0,0.0,0.047014
2023-03-27,300ETF,Future (IF88 (CSI 300 Futures)),score,-0.8671,1.3,0.0,0,0.001145,0.0,0.0,0.0,0.047014
2023-03-28,300ETF,Future (IF88 (CSI 300 Futures)),score,-0.0034,1.3,0.0,0,-0.001097,-0.0,0.0,-0.0,0.047014
2023-03-29,300ETF,Future (IF88 (CSI 300 Futures)),score,-0.3712,1.3,0.0,0,0.0,0.0,0.0,0.0,0.047014
2023-03-30,300ETF,Future (IF88 (CSI 300 Futures)),score,0.3672,1.3,0.0,0,0.007057,0.0,0.0,0.0,0.047014
2023-03-31,300ETF,Future (IF88 (CSI 300 Futures)),score,0.3918,1.3,0.0,0,-0.003297,-0.0,0.0,-0.0,0.047014
2023-04-03,300ETF,Future (IF88 (CSI 300 Futures)),score,0.4937,1.3,0.0,0,0.004351,0.0,0.0,0.0,0.047014
2023-04-04,300ETF,Future (IF88 (CSI 300 Futures)),score,-0.4079,1.3,0.0,0,0.00459,0.0,0.0,0.0,0.047014
2023-04-06,300ETF,Future (IF88 (CSI 300 Futures)),score,-0.4512,1.3,0.0,0,0.000781,0.0,0.0,0.0,0.047014
2023-04-07,300ETF,Future (IF88 (CSI 300 Futures)),score,0.4585,1.3,0.0,0,0.001793,0.0,0.0,0.0,0.047014
2023-04-10,300ETF,Future (IF88 (CSI 300 Futures)),score,-0.8932,1.3,0.0,0,-0.002766,-0.0,0.0,-0.0,0.047014
2023-04-11,300ETF,Future (IF88 (CSI 300 Futures)),score,-0.337,1.3,0.0,0,-0.005696,-0.0,0.0,-0.0,0.047014
2023-04-12,300ETF,Future (IF88 (CSI 300 Futures)),score,-0.3933,1.3,0.0,0,-0.001366,-0.0,0.0,-0.0,0.047014
2023-04-13,300ETF,Future (IF88 (CSI 300 Futures)),score,-0.9585,1.3,0.0,0,-0.001276,-0.0,0.0,-0.0,0.047014
2023-04-14,300ETF,Future (IF88 (CSI 300 Futures)),score,0.3563,1.3,0.0,0,-0.001564,-0.0,0.0,-0.0,0.047014
2023-04-17,300ETF,Future (IF88 (CSI 300 Futures)),score,0.8194,1.3,0.0,0,0.006003,0.0,0.0,0.0,0.047014
2023-04-18,300ETF,Future (IF88 (CSI 300 Futures)),score,0.7038,1.3,0.0,0,0.001876,0.0,0.0,0.0,0.047014
2023-04-19,300ETF,Future (IF88 (CSI 300 Futures)),score,-0.8344,1.3,0.0,0,-0.004689,-0.0,0.0,-0.0,0.047014
2023-04-20,300ETF,Future (IF88 (CSI 300 Futures)),score,-0.5104,1.3,0.0,0,-0.002966,-0.0,0.0,-0.0,0.047014
2023-04-21,300ETF,Future (IF88 (CSI 300 Futures)),score,-0.9184,1.3,0.0,0,-0.015049,-0.0,0.0,-0.0,0.047014
2023-04-24,300ETF,Future (IF88 (CSI 300 Futures)),score,-0.6158,1.3,0.0,0,-0.009912,-0.0,0.0,-0.0,0.047014
2023-04-25,300ETF,Future (IF88 (CSI 300 Futures)),score,-0.0712,1.3,0.0,0,-0.00121,-0.0,0.0,-0.0,0.047014
2023-04-26,300ETF,Future (IF88 (CSI 300 Futures)),score,-0.6093,1.3,0.0,0,-0.000151,-0.0,0.0,-0.0,0.047014
2023-04-27,300ETF,Future (IF88 (CSI 300 Futures)),score,0.1912,1.3,0.0,0,0.006283,0.0,0.0,0.0,0.047014
2023-04-28,300ETF,Future (IF88 (CSI 300 Futures)),score,0.9826,1.3,0.0,0,0.000646,0.0,0.0,0.0,0.047014
2023-05-04,300ETF,Future (IF88 (CSI 300 Futures)),score,-0.8324,1.3,0.0,0,0.002143,0.0,0.0,0.0,0.047014
2023-05-05,300ETF,Future (IF88 (CSI 300 Futures)),score,0.3819,1.3,0.0,0,-0.002194,-0.0,0.0,-0.0,0.047014
2023-05-08,300ETF,Future (IF88 (CSI 300 Futures)),score,-0.1451,1.3,0.0,0,0.009683,0.0,0.0,0.0,0.047014
2023-05-09,300ETF,Future (IF88 (CSI 300 Futures)),score,-0.6134,1.3,0.0,0,-0.003763,-0.0,0.0,-0.0,0.047014
2023-05-10,300ETF,Future (IF88 (CSI 300 Futures)),score,-0.7849,1.3,0.0,0,-0.004306,-0.0,0.0,-0.0,0.047014
2023-05-11,300ETF,Future (IF88 (CSI 300 Futures)),score,-0.1248,1.3,0.0,0,-0.003909,-0.0,0.0,-0.0,0.047014
2023-05-12,300ETF,Future (IF88 (CSI 300 Futures)),score,0.0604,1.3,0.0,0,-0.013325,-0.0,0.0,-0.0,0.047014
2023-05-15,300ETF,Future (IF88 (CSI 300 Futures)),score,-0.4788,1.3,0.0,0,0.012817,0.0,0.0,0.0,0.047014
2023-05-16,300ETF,Future (IF88 (CSI 300 Futures)),score,-0.8081,1.3,0.0,0,-0.004376,-0.0,0.0,-0.0,0.047014
2023-05-17,300ETF,Future (IF88 (CSI 300 Futures)),score,-0.9394,1.3,0.0,0,-0.004248,-0.0,0.0,-0.0,0.047014
2023-05-18,300ETF,Future (IF88 (CSI 300 Futures)),score,0.2059,1.3,0.0,0,-0.004097,-0.0,0.0,-0.0,0.047014
2023-05-19,300ETF,Future (IF88 (CSI 300 Futures)),score,-0.8005,1.3,0.0,0,0.005034,0.0,0.0,0.0,0.047014
2023-05-22,300ETF,Future (IF88 (CSI 300 Futures)),score,0.4405,1.3,0.0,0,0.002525,0.0,0.0,0.0,0.047014
2023-05-23,300ETF,Future (IF88 (CSI 300 Futures)),score,-0.613,1.3,0.0,0,-0.007274,-0.0,0.0,-0.0,0.047014
2023-05-24,300ETF,Future (IF88 (CSI 300 Futures)),score,-1.1077,1.3,-1.0,1,-0.003158,0.003158,0.0008,0.002358,0.049372
2023-05-25,300ETF,Future (IF88 (CSI 300 Futures)),score,-0.1527,1.3,0.0,0,-0.00266,-0.0,0.0008,-0.0008,0.048572
2023-05-26,300ETF,Future (IF88 (CSI 300 Futures)),score,-0.984,1.3,0.0,0,0.006309,0.0,0.0,0.0,0.048572
2023-05-29,300ETF,Future (IF88 (CSI 300 Futures)),score,-0.468,1.3,0.0,0,-0.005849,-0.0,0.0,-0.0,0.048572
2023-05-30,300ETF,Future (IF88 (CSI 300 Futures)),score,-0.1087,1.3,0.0,0,-0.001463,-0.0,0.0,-0.0,0.048572
2023-05-31,300ETF,Future (IF88 (CSI 300 Futures)),score,-0.8822,1.3,0.0,0,-0.003271,-0.0,0.0,-0.0,0.048572
2023-06-01,300ETF,Future (IF88 (CSI 300 Futures)),score,1.0037,1.3,0.0,0,-0.00604,-0.0,0.0,-0.0,0.048572
2023-06-02,300ETF,Future (IF88 (CSI 300 Futures)),score,0.6421,1.3,0.0,0,0.007751,0.0,0.0,0.0,0.048572
2023-06-05,300ETF,Future (IF88 (CSI 300 Futures)),score,-0.9773,1.3,0.0,0,-0.001771,-0.0,0.0,-0.0,0.048572
2023-06-06,300ETF,Future (IF88 (CSI 300 Futures)),score,-0.5747,1.3,0.0,0,-0.004826,-0.0,0.0,-0.0,0.048572
2023-06-07,300ETF,Future (IF88 (CSI 300 Futures)),score,-0.0335,1.3,0.0,0,-0.009232,-0.0,0.0,-0.0,0.048572
2023-06-08,300ETF,Future (IF88 (CSI 300 Futures)),score,-0.2106,1.3,0.0,0,0.008066,0.0,0.0,0.0,0.048572
2023-06-09,300ETF,Future (IF88 (CSI 300 Futures)),score,-0.1342,1.3,0.0,0,0.002876,0.0,0.0,0.0,0.048572
2023-06-12,300ETF,Future (IF88 (CSI 300 Futures)),score,-0.5623,1.3,0.0,0,0.005738,0.0,0.0,0.0,0.048572
2023-06-13,300ETF,Future (IF88 (CSI 300 Futures)),score,0.3745,1.3,0.0,0,0.00602,0.0,0.0,0.0,0.048572
2023-06-14,300ETF,Future (IF88 (CSI 300 Futures)),score,0.2683,1.3,0.0,0,-0.005314,-0.0,0.0,-0.0,0.048572
2023-06-15,300ETF,Future (IF88 (CSI 300 Futures)),score,0.6964,1.3,0.0,0,0.01005,0.0,0.0,0.0,0.048572
2023-06-16,300ETF,Future (IF88 (CSI 300 Futures)),score,0.4243,1.3,0.0,0,0.007743,0.0,0.0,0.0,0.048572
2023-06-19,300ETF,Future (IF88 (CSI 300 Futures)),score,-1.0982,1.3,-1.0,1,-0.00471,0.00471,0.0008,0.00391,0.052482
2023-06-20,300ETF,Future (IF88 (CSI 300 Futures)),score,0.174,1.3,0.0,0,-0.002461,-0.0,0.0008,-0.0008,0.051682
2023-06-21,300ETF,Future (IF88 (CSI 300 Futures)),score,-0.228,1.3,0.0,0,-0.007867,-0.0,0.0,-0.0,0.051682
2023-06-26,300ETF,Future (IF88 (CSI 300 Futures)),score,-0.9216,1.3,0.0,0,0.000106,0.0,0.0,0.0,0.051682
2023-06-27,300ETF,Future (IF88 (CSI 300 Futures)),score,0.4422,1.3,0.0,0,0.005408,0.0,0.0,0.0,0.051682
2023-06-28,300ETF,Future (IF88 (CSI 300 Futures)),score,-0.5363,1.3,0.0,0,0.003516,0.0,0.0,0.0,0.051682
2023-06-29,300ETF,Future (IF88 (CSI 300 Futures)),score,-0.536,1.3,0.0,0,-0.001733,-0.0,0.0,-0.0,0.051682
2023-06-30,300ETF,Future (IF88 (CSI 300 Futures)),score,0.377,1.3,0.0,0,0.004554,0.0,0.0,0.0,0.051682
2023-07-03,300ETF,Future (IF88 (CSI 300 Futures)),score,1.2176,1.3,0.0,0,0.002016,0.0,0.0,0.0,0.051682
2023-07-04,300ETF,Future (IF88 (CSI 300 Futures)),score,-0.6577,1.3,0.0,0,0.001497,0.0,0.0,0.0,0.051682
2023-07-05,300ETF,Future (IF88 (CSI 300 Futures)),score,-0.351,1.3,0.0,0,-0.001349,-0.0,0.0,-0.0,0.051682
2023-07-06,300ETF,Future (IF88 (CSI 300 Futures)),score,0.1659,1.3,0.0,0,-0.010417,-0.0,0.0,-0.0,0.051682
2023-07-07,300ETF,Future (IF88 (CSI 300 Futures)),score,-0.5307,1.3,0.0,0,0.000472,0.0,0.0,0.0,0.051682
2023-07-10,300ETF,Future (IF88 (CSI 300 Futures)),score,0.3059,1.3,0.0,0,-0.004125,-0.0,0.0,-0.0,0.051682
2023-07-11,300ETF,Future (IF88 (CSI 300 Futures)),score,-0.1222,1.3,0.0,0,0.004681,0.0,0.0,0.0,0.051682
2023-07-12,300ETF,Future (IF88 (CSI 300 Futures)),score,-0.5204,1.3,0.0,0,-0.004317,-0.0,0.0,-0.0,0.051682
2023-07-13,300ETF,Future (IF88 (CSI 300 Futures)),score,1.0793,1.3,0.0,0,0.003807,0.0,0.0,0.0,0.051682
2023-07-14,300ETF,Future (IF88 (CSI 300 Futures)),score,-0.3817,1.3,0.0,0,-0.000308,-0.0,0.0,-0.0,0.051682
2023-07-17,300ETF,Future (IF88 (CSI 300 Futures)),score,-1.23,1.3,-1.0,1,0.0,-0.0,0.0008,-0.0008,0.050882
2023-07-18,300ETF,Future (IF88 (CSI 300 Futures)),score,-0.7696,1.3,0.0,0,0.000156,0.0,0.0008,-0.0008,0.050082
2023-07-19,300ETF,Future (IF88 (CSI 300 Futures)),score,0.041,1.3,0.0,0,-0.000416,-0.0,0.0,-0.0,0.050082
2023-07-20,300ETF,Future (IF88 (CSI 300 Futures)),score,0.5284,1.3,0.0,0,-0.008373,-0.0,0.0,-0.0,0.050082
2023-07-21,300ETF,Future (IF88 (CSI 300 Futures)),score,-0.1044,1.3,0.0,0,-0.002349,-0.0,0.0,-0.0,0.050082
2023-07-24,300ETF,Future (IF88 (CSI 300 Futures)),score,-0.432,1.3,0.0,0,-0.002622,-0.0,0.0,-0.0,0.050082
2023-07-25,300ETF,Future (IF88 (CSI 300 Futures)),score,1.1787,1.3,0.0,0,0.006449,0.0,0.0,0.0,0.050082
2023-07-26,300ETF,Future (IF88 (CSI 300 Futures)),score,-0.227,1.3,0.0,0,-0.003115,-0.0,0.0,-0.0,0.050082
2023-07-27,300ETF,Future (IF88 (CSI 300 Futures)),score,0.1977,1.3,0.0,0,-0.005516,-0.0,0.0,-0.0,0.050082
2023-07-28,300ETF,Future (IF88 (CSI 300 Futures)),score,-0.0925,1.3,0.0,0,0.025366,0.0,0.0,0.0,0.050082
2023-07-31,300ETF,Future (IF88 (CSI 300 Futures)),score,1.7694,1.3,1.0,1,-0.007969,-0.007969,0.0008,-0.008769,0.041313
2023-08-01,300ETF,Future (IF88 (CSI 300 Futures)),score,0.3373,1.3,0.0,0,-0.006999,-0.0,0.0008,-0.0008,0.040513
2023-08-02,300ETF,Future (IF88 (CSI 300 Futures)),score,0.3525,1.3,0.0,0,-0.009932,-0.0,0.0,-0.0,0.040513
2023-08-03,300ETF,Future (IF88 (CSI 300 Futures)),score,0.2789,1.3,0.0,0,0.005798,0.0,0.0,0.0,0.040513
2023-08-04,300ETF,Future (IF88 (CSI 300 Futures)),score,0.9457,1.3,0.0,0,-0.004885,-0.0,0.0,-0.0,0.040513
2023-08-07,300ETF,Future (IF88 (CSI 300 Futures)),score,-1.1027,1.3,-1.0,1,-0.003191,0.003191,0.0008,0.002391,0.042904
2023-08-08,300ETF,Future (IF88 (CSI 300 Futures)),score,-0.9791,1.3,0.0,0,0.002351,0.0,0.0008,-0.0008,0.042104
2023-08-09,300ETF,Future (IF88 (CSI 300 Futures)),score,0.0536,1.3,0.0,0,-0.001903,-0.0,0.0,-0.0,0.042104
2023-08-10,300ETF,Future (IF88 (CSI 300 Futures)),score,0.1776,1.3,0.0,0,0.003459,0.0,0.0,0.0,0.042104
2023-08-11,300ETF,Future (IF88 (CSI 300 Futures)),score,-0.9163,1.3,0.0,0,-0.014978,-0.0,0.0,-0.0,0.042104
2023-08-14,300ETF,Future (IF88 (CSI 300 Futures)),score,-1.091,1.3,-1.0,1,0.003628,-0.003628,0.0008,-0.004428,0.037677
2023-08-15,300ETF,Future (IF88 (CSI 300 Futures)),score,-0.2473,1.3,0.0,0,-0.001347,-0.0,0.0008,-0.0008,0.036877
2023-08-16,300ETF,Future (IF88 (CSI 300 Futures)),score,-0.2817,1.3,0.0,0,-0.001822,-0.0,0.0,-0.0,0.036877
2023-08-17,300ETF,Future (IF88 (CSI 300 Futures)),score,-0.7202,1.3,0.0,0,0.009556,0.0,0.0,0.0,0.036877
2023-08-18,300ETF,Future (IF88 (CSI 300 Futures)),score,-0.0711,1.3,0.0,0,-0.012698,-0.0,0.0,-0.0,0.036877
2023-08-21,300ETF,Future (IF88 (CSI 300 Futures)),score,-0.9351,1.3,0.0,0,-0.002502,-0.0,0.0,-0.0,0.036877
2023-08-22,300ETF,Future (IF88 (CSI 300 Futures)),score,0.2374,1.3,0.0,0,0.006818,0.0,0.0,0.0,0.036877
2023-08-23,300ETF,Future (IF88 (CSI 300 Futures)),score,-0.6831,1.3,0.0,0,-0.009932,-0.0,0.0,-0.0,0.036877
2023-08-24,300ETF,Future (IF88 (CSI 300 Futures)),score,0.1687,1.3,0.0,0,0.006334,0.0,0.0,0.0,0.036877
2023-08-25,300ETF,Future (IF88 (CSI 300 Futures)),score,-0.3868,1.3,0.0,0,-0.00457,-0.0,0.0,-0.0,0.036877
2023-08-28,300ETF,Future (IF88 (CSI 300 Futures)),score,-0.257,1.3,0.0,0,-0.022705,-0.0,0.0,-0.0,0.036877
2023-08-29,300ETF,Future (IF88 (CSI 300 Futures)),score,0.6611,1.3,0.0,0,0.006355,0.0,0.0,0.0,0.036877
2023-08-30,300ETF,Future (IF88 (CSI 300 Futures)),score,-0.4029,1.3,0.0,0,-0.005672,-0.0,0.0,-0.0,0.036877
2023-08-31,300ETF,Future (IF88 (CSI 300 Futures)),score,-0.1783,1.3,0.0,0,-0.003542,-0.0,0.0,-0.0,0.036877
2023-09-01,300ETF,Future (IF88 (CSI 300 Futures)),score,0.7973,1.3,0.0,0,-0.002213,-0.0,0.0,-0.0,0.036877
2023-09-04,300ETF,Future (IF88 (CSI 300 Futures)),score,0.0427,1.3,0.0,0,0.006205,0.0,0.0,0.0,0.036877
2023-09-05,300ETF,Future (IF88 (CSI 300 Futures)),score,-0.8053,1.3,0.0,0,-0.003813,-0.0,0.0,-0.0,0.036877
2023-09-06,300ETF,Future (IF88 (CSI 300 Futures)),score,-0.9342,1.3,0.0,0,0.004824,0.0,0.0,0.0,0.036877
2023-09-07,300ETF,Future (IF88 (CSI 300 Futures)),score,-1.1037,1.3,-1.0,1,-0.007837,0.007837,0.0008,0.007037,0.043913
2023-09-08,300ETF,Future (IF88 (CSI 300 Futures)),score,-0.4311,1.3,0.0,0,0.000696,0.0,0.0008,-0.0008,0.043113
2023-09-11,300ETF,Future (IF88 (CSI 300 Futures)),score,0.2215,1.3,0.0,0,0.006068,0.0,0.0,0.0,0.043113
2023-09-12,300ETF,Future (IF88 (CSI 300 Futures)),score,-0.6902,1.3,0.0,0,-0.000213,-0.0,0.0,-0.0,0.043113
2023-09-13,300ETF,Future (IF88 (CSI 300 Futures)),score,0.1676,1.3,0.0,0,-0.009445,-0.0,0.0,-0.0,0.043113
2023-09-14,300ETF,Future (IF88 (CSI 300 Futures)),score,0.2364,1.3,0.0,0,-0.002675,-0.0,0.0,-0.0,0.043113
2023-09-15,300ETF,Future (IF88 (CSI 300 Futures)),score,-0.7094,1.3,0.0,0,-0.005638,-0.0,0.0,-0.0,0.043113
2023-09-18,300ETF,Future (IF88 (CSI 300 Futures)),score,0.2857,1.3,0.0,0,0.002088,0.0,0.0,0.0,0.043113
2023-09-19,300ETF,Future (IF88 (CSI 300 Futures)),score,-0.8506,1.3,0.0,0,0.005959,0.0,0.0,0.0,0.043113
2023-09-20,300ETF,Future (IF88 (CSI 300 Futures)),score,-0.7762,1.3,0.0,0,0.000429,0.0,0.0,0.0,0.043113
2023-09-21,300ETF,Future (IF88 (CSI 300 Futures)),score,-0.0787,1.3,0.0,0,-0.005141,-0.0,0.0,-0.0,0.043113
2023-09-22,300ETF,Future (IF88 (CSI 300 Futures)),score,-0.1871,1.3,0.0,0,0.015826,0.0,0.0,0.0,0.043113
2023-09-25,300ETF,Future (IF88 (CSI 300 Futures)),score,-1.0237,1.3,-1.0,1,-0.001073,0.001073,0.0008,0.000273,0.043386
2023-09-26,300ETF,Future (IF88 (CSI 300 Futures)),score,0.1697,1.3,0.0,0,-0.003068,-0.0,0.0008,-0.0008,0.042586
2023-09-27,300ETF,Future (IF88 (CSI 300 Futures)),score,0.8846,1.3,0.0,0,-0.004822,-0.0,0.0,-0.0,0.042586
2023-09-28,300ETF,Future (IF88 (CSI 300 Futures)),score,-0.2893,1.3,0.0,0,-0.005879,-0.0,0.0,-0.0,0.042586
2023-10-09,300ETF,Future (IF88 (CSI 300 Futures)),score,-1.1127,1.3,-1.0,1,0.002441,-0.002441,0.0008,-0.003241,0.039344
2023-10-10,300ETF,Future (IF88 (CSI 300 Futures)),score,-0.3633,1.3,0.0,0,-0.008043,-0.0,0.0008,-0.0008,0.038544
2023-10-11,300ETF,Future (IF88 (CSI 300 Futures)),score,0.5293,1.3,0.0,0,-0.006631,-0.0,0.0,-0.0,0.038544
2023-10-12,300ETF,Future (IF88 (CSI 300 Futures)),score,0.017,1.3,0.0,0,0.001133,0.0,0.0,0.0,0.038544
2023-10-13,300ETF,Future (IF88 (CSI 300 Futures)),score,-1.076,1.3,-1.0,1,-0.002344,0.002344,0.0008,0.001544,0.040089
2023-10-16,300ETF,Future (IF88 (CSI 300 Futures)),score,-0.8185,1.3,0.0,0,-0.006279,-0.0,0.0008,-0.0008,0.039289
2023-10-17,300ETF,Future (IF88 (CSI 300 Futures)),score,-0.7556,1.3,0.0,0,0.001541,0.0,0.0,0.0,0.039289
2023-10-18,300ETF,Future (IF88 (CSI 300 Futures)),score,-0.9152,1.3,0.0,0,-0.001768,-0.0,0.0,-0.0,0.039289
2023-10-19,300ETF,Future (IF88 (CSI 300 Futures)),score,-0.965,1.3,0.0,0,-0.008718,-0.0,0.0,-0.0,0.039289
2023-10-20,300ETF,Future (IF88 (CSI 300 Futures)),score,0.1011,1.3,0.0,0,-0.001022,-0.0,0.0,-0.0,0.039289
2023-10-23,300ETF,Future (IF88 (CSI 300 Futures)),score,-0.5706,1.3,0.0,0,-0.009615,-0.0,0.0,-0.0,0.039289
2023-10-24,300ETF,Future (IF88 (CSI 300 Futures)),score,-0.5799,1.3,0.0,0,0.008464,0.0,0.0,0.0,0.039289
2023-10-25,300ETF,Future (IF88 (CSI 300 Futures)),score,0.1706,1.3,0.0,0,-0.008004,-0.0,0.0,-0.0,0.039289
2023-10-26,300ETF,Future (IF88 (CSI 300 Futures)),score,-0.062,1.3,0.0,0,0.005877,0.0,0.0,0.0,0.039289
2023-10-27,300ETF,Future (IF88 (CSI 300 Futures)),score,0.6161,1.3,0.0,0,0.012842,0.0,0.0,0.0,0.039289
2023-10-30,300ETF,Future (IF88 (CSI 300 Futures)),score,0.5287,1.3,0.0,0,0.004353,0.0,0.0,0.0,0.039289
2023-10-31,300ETF,Future (IF88 (CSI 300 Futures)),score,-0.7158,1.3,0.0,0,0.002574,0.0,0.0,0.0,0.039289
2023-11-01,300ETF,Future (IF88 (CSI 300 Futures)),score,-0.6521,1.3,0.0,0,-0.000502,-0.0,0.0,-0.0,0.039289
2023-11-02,300ETF,Future (IF88 (CSI 300 Futures)),score,0.4724,1.3,0.0,0,-0.004577,-0.0,0.0,-0.0,0.039289
2023-11-03,300ETF,Future (IF88 (CSI 300 Futures)),score,0.492,1.3,0.0,0,0.004734,0.0,0.0,0.0,0.039289
2023-11-06,300ETF,Future (IF88 (CSI 300 Futures)),score,0.4163,1.3,0.0,0,0.003578,0.0,0.0,0.0,0.039289
2023-11-07,300ETF,Future (IF88 (CSI 300 Futures)),score,-0.6544,1.3,0.0,0,0.002807,0.0,0.0,0.0,0.039289
2023-11-08,300ETF,Future (IF88 (CSI 300 Futures)),score,0.0662,1.3,0.0,0,-0.006235,-0.0,0.0,-0.0,0.039289
2023-11-09,300ETF,Future (IF88 (CSI 300 Futures)),score,0.6011,1.3,0.0,0,-0.000662,-0.0,0.0,-0.0,0.039289
2023-11-10,300ETF,Future (IF88 (CSI 300 Futures)),score,-0.914,1.3,0.0,0,0.001057,0.0,0.0,0.0,0.039289
2023-11-13,300ETF,Future (IF88 (CSI 300 Futures)),score,-0.594,1.3,0.0,0,-0.001841,-0.0,0.0,-0.0,0.039289
2023-11-14,300ETF,Future (IF88 (CSI 300 Futures)),score,0.6931,1.3,0.0,0,-0.002839,-0.0,0.0,-0.0,0.039289
2023-11-15,300ETF,Future (IF88 (CSI 300 Futures)),score,-0.5096,1.3,0.0,0,-0.003044,-0.0,0.0,-0.0,0.039289
2023-11-16,300ETF,Future (IF88 (CSI 300 Futures)),score,-0.3801,1.3,0.0,0,-0.003286,-0.0,0.0,-0.0,0.039289
2023-11-17,300ETF,Future (IF88 (CSI 300 Futures)),score,-0.1259,1.3,0.0,0,0.001066,0.0,0.0,0.0,0.039289
2023-11-20,300ETF,Future (IF88 (CSI 300 Futures)),score,-0.7761,1.3,0.0,0,0.009259,0.0,0.0,0.0,0.039289
2023-11-21,300ETF,Future (IF88 (CSI 300 Futures)),score,1.1837,1.3,0.0,0,-0.009107,-0.0,0.0,-0.0,0.039289
2023-11-22,300ETF,Future (IF88 (CSI 300 Futures)),score,-0.4111,1.3,0.0,0,-0.004261,-0.0,0.0,-0.0,0.039289
2023-11-23,300ETF,Future (IF88 (CSI 300 Futures)),score,-0.1657,1.3,0.0,0,0.008105,0.0,0.0,0.0,0.039289
2023-11-24,300ETF,Future (IF88 (CSI 300 Futures)),score,-0.8596,1.3,0.0,0,-0.004564,-0.0,0.0,-0.0,0.039289
2023-11-27,300ETF,Future (IF88 (CSI 300 Futures)),score,-1.1392,1.3,-1.0,1,0.002963,-0.002963,0.0008,-0.003763,0.035526
2023-11-28,300ETF,Future (IF88 (CSI 300 Futures)),score,-0.4743,1.3,0.0,0,0.000966,0.0,0.0008,-0.0008,0.034726
2023-11-29,300ETF,Future (IF88 (CSI 300 Futures)),score,-0.917,1.3,0.0,0,-0.004059,-0.0,0.0,-0.0,0.034726
2023-11-30,300ETF,Future (IF88 (CSI 300 Futures)),score,0.0943,1.3,0.0,0,0.002343,0.0,0.0,0.0,0.034726
2023-12-01,300ETF,Future (IF88 (CSI 300 Futures)),score,-1.0719,1.3,-1.0,1,0.002069,-0.002069,0.0008,-0.002869,0.031857
2023-12-04,300ETF,Future (IF88 (CSI 300 Futures)),score,-0.6554,1.3,0.0,0,-0.006911,-0.0,0.0008,-0.0008,0.031057
2023-12-05,300ETF,Future (IF88 (CSI 300 Futures)),score,-0.9163,1.3,0.0,0,-0.009122,-0.0,0.0,-0.0,0.031057
2023-12-06,300ETF,Future (IF88 (CSI 300 Futures)),score,-0.2131,1.3,0.0,0,0.001296,0.0,0.0,0.0,0.031057
2023-12-07,300ETF,Future (IF88 (CSI 300 Futures)),score,-0.6734,1.3,0.0,0,0.007515,0.0,0.0,0.0,0.031057
2023-12-08,300ETF,Future (IF88 (CSI 300 Futures)),score,0.2254,1.3,0.0,0,0.002773,0.0,0.0,0.0,0.031057
2023-12-11,300ETF,Future (IF88 (CSI 300 Futures)),score,-1.2706,1.3,-1.0,1,0.023592,-0.023592,0.0008,-0.024392,0.006665
2023-12-12,300ETF,Future (IF88 (CSI 300 Futures)),score,0.0658,1.3,0.0,0,0.002339,0.0,0.0008,-0.0008,0.005865
2023-12-13,300ETF,Future (IF88 (CSI 300 Futures)),score,-0.9776,1.3,0.0,0,-0.007253,-0.0,0.0,-0.0,0.005865
2023-12-14,300ETF,Future (IF88 (CSI 300 Futures)),score,0.4055,1.3,0.0,0,-0.005279,-0.0,0.0,-0.0,0.005865
2023-12-15,300ETF,Future (IF88 (CSI 300 Futures)),score,0.3225,1.3,0.0,0,-0.007407,-0.0,0.0,-0.0,0.005865
2023-12-18,300ETF,Future (IF88 (CSI 300 Futures)),score,0.1363,1.3,0.0,0,-0.002877,-0.0,0.0,-0.0,0.005865
2023-12-19,300ETF,Future (IF88 (CSI 300 Futures)),score,-0.7062,1.3,0.0,0,-0.002044,-0.0,0.0,-0.0,0.005865
2023-12-20,300ETF,Future (IF88 (CSI 300 Futures)),score,-0.3093,1.3,0.0,0,-0.00739,-0.0,0.0,-0.0,0.005865
2023-12-21,300ETF,Future (IF88 (CSI 300 Futures)),score,0.673,1.3,0.0,0,0.009545,0.0,0.0,0.0,0.005865
2023-12-22,300ETF,Future (IF88 (CSI 300 Futures)),score,-0.4253,1.3,0.0,0,0.004915,0.0,0.0,0.0,0.005865
2023-12-25,300ETF,Future (IF88 (CSI 300 Futures)),score,0.4239,1.3,0.0,0,0.000477,0.0,0.0,0.0,0.005865
2023-12-26,300ETF,Future (IF88 (CSI 300 Futures)),score,-0.8063,1.3,0.0,0,-0.002338,-0.0,0.0,-0.0,0.005865
2023-12-27,300ETF,Future (IF88 (CSI 300 Futures)),score,-0.294,1.3,0.0,0,0.00852,0.0,0.0,0.0,0.005865
2023-12-28,300ETF,Future (IF88 (CSI 300 Futures)),score,1.4971,1.3,1.0,1,0.0141,0.0141,0.0008,0.0133,0.019166
2023-12-29,300ETF,Future (IF88 (CSI 300 Futures)),score,0.4028,1.3,0.0,0,-0.001686,-0.0,0.0008,-0.0008,0.018366
2024-01-02,300ETF,Future (IF88 (CSI 300 Futures)),score,-1.0958,1.3,-1.0,1,-0.004991,0.004991,0.0008,0.004191,0.022557
2024-01-03,300ETF,Future (IF88 (CSI 300 Futures)),score,0.2197,1.3,0.0,0,-0.001417,-0.0,0.0008,-0.0008,0.021757
2024-01-04,300ETF,Future (IF88 (CSI 300 Futures)),score,-0.8353,1.3,0.0,0,-0.00179,-0.0,0.0,-0.0,0.021757
2024-01-05,300ETF,Future (IF88 (CSI 300 Futures)),score,0.6801,1.3,0.0,0,-0.010469,-0.0,0.0,-0.0,0.021757
2024-01-08,300ETF,Future (IF88 (CSI 300 Futures)),score,-0.1183,1.3,0.0,0,-0.009278,-0.0,0.0,-0.0,0.021757
2024-01-09,300ETF,Future (IF88 (CSI 300 Futures)),score,-0.25,1.3,0.0,0,0.001882,0.0,0.0,0.0,0.021757
2024-01-10,300ETF,Future (IF88 (CSI 300 Futures)),score,-0.3934,1.3,0.0,0,-0.003954,-0.0,0.0,-0.0,0.021757
2024-01-11,300ETF,Future (IF88 (CSI 300 Futures)),score,-0.2554,1.3,0.0,0,0.006816,0.0,0.0,0.0,0.021757
2024-01-12,300ETF,Future (IF88 (CSI 300 Futures)),score,-0.3063,1.3,0.0,0,-0.00085,-0.0,0.0,-0.0,0.021757
2024-01-15,300ETF,Future (IF88 (CSI 300 Futures)),score,-0.6044,1.3,0.0,0,0.001585,0.0,0.0,0.0,0.021757
2024-01-16,300ETF,Future (IF88 (CSI 300 Futures)),score,0.5878,1.3,0.0,0,-0.001581,-0.0,0.0,-0.0,0.021757
2024-01-17,300ETF,Future (IF88 (CSI 300 Futures)),score,-0.8069,1.3,0.0,0,-0.006623,-0.0,0.0,-0.0,0.021757
2024-01-18,300ETF,Future (IF88 (CSI 300 Futures)),score,-0.5721,1.3,0.0,0,-0.000746,-0.0,0.0,-0.0,0.021757
2024-01-19,300ETF,Future (IF88 (CSI 300 Futures)),score,0.2297,1.3,0.0,0,-0.003632,-0.0,0.0,-0.0,0.021757
2024-01-22,300ETF,Future (IF88 (CSI 300 Futures)),score,-0.2591,1.3,0.0,0,-0.015666,-0.0,0.0,-0.0,0.021757
2024-01-23,300ETF,Future (IF88 (CSI 300 Futures)),score,-0.3673,1.3,0.0,0,0.010088,0.0,0.0,0.0,0.021757
2024-01-24,300ETF,Future (IF88 (CSI 300 Futures)),score,-0.2018,1.3,0.0,0,0.008534,0.0,0.0,0.0,0.021757
2024-01-25,300ETF,Future (IF88 (CSI 300 Futures)),score,0.3526,1.3,0.0,0,0.018394,0.0,0.0,0.0,0.021757
2024-01-26,300ETF,Future (IF88 (CSI 300 Futures)),score,0.0105,1.3,0.0,0,0.001022,0.0,0.0,0.0,0.021757
2024-01-29,300ETF,Future (IF88 (CSI 300 Futures)),score,0.4264,1.3,0.0,0,-0.005172,-0.0,0.0,-0.0,0.021757
2024-01-30,300ETF,Future (IF88 (CSI 300 Futures)),score,-0.5373,1.3,0.0,0,-0.004601,-0.0,0.0,-0.0,0.021757
2024-01-31,300ETF,Future (IF88 (CSI 300 Futures)),score,0.2125,1.3,0.0,0,-0.002606,-0.0,0.0,-0.0,0.021757
2024-02-01,300ETF,Future (IF88 (CSI 300 Futures)),score,-0.2592,1.3,0.0,0,0.00725,0.0,0.0,0.0,0.021757
2024-02-02,300ETF,Future (IF88 (CSI 300 Futures)),score,0.2526,1.3,0.0,0,-0.015813,-0.0,0.0,-0.0,0.021757
2024-02-05,300ETF,Future (IF88 (CSI 300 Futures)),score,0.0676,1.3,0.0,0,0.006857,0.0,0.0,0.0,0.021757
2024-02-06,300ETF,Future (IF88 (CSI 300 Futures)),score,1.8905,1.3,1.0,1,0.020303,0.020303,0.0008,0.019503,0.041259
2024-02-07,300ETF,Future (IF88 (CSI 300 Futures)),score,0.3921,1.3,0.0,0,-0.00297,-0.0,0.0008,-0.0008,0.040459
2024-02-08,300ETF,Future (IF88 (CSI 300 Futures)),score,0.5131,1.3,0.0,0,0.000958,0.0,0.0,0.0,0.040459
2024-02-19,300ETF,Future (IF88 (CSI 300 Futures)),score,-0.8174,1.3,0.0,0,0.003264,0.0,0.0,0.0,0.040459
2024-02-20,300ETF,Future (IF88 (CSI 300 Futures)),score,-0.7669,1.3,0.0,0,0.006452,0.0,0.0,0.0,0.040459
2024-02-21,300ETF,Future (IF88 (CSI 300 Futures)),score,0.0363,1.3,0.0,0,0.022683,0.0,0.0,0.0,0.040459
2024-02-22,300ETF,Future (IF88 (CSI 300 Futures)),score,0.7673,1.3,0.0,0,0.003913,0.0,0.0,0.0,0.040459
2024-02-23,300ETF,Future (IF88 (CSI 300 Futures)),score,0.1059,1.3,0.0,0,-0.000572,-0.0,0.0,-0.0,0.040459
2024-02-26,300ETF,Future (IF88 (CSI 300 Futures)),score,-0.1498,1.3,0.0,0,-0.003291,-0.0,0.0,-0.0,0.040459
2024-02-27,300ETF,Future (IF88 (CSI 300 Futures)),score,0.2233,1.3,0.0,0,0.009504,0.0,0.0,0.0,0.040459
2024-02-28,300ETF,Future (IF88 (CSI 300 Futures)),score,-0.338,1.3,0.0,0,-0.006804,-0.0,0.0,-0.0,0.040459
2024-02-29,300ETF,Future (IF88 (CSI 300 Futures)),score,1.1753,1.3,0.0,0,0.008012,0.0,0.0,0.0,0.040459
2024-03-01,300ETF,Future (IF88 (CSI 300 Futures)),score,0.0737,1.3,0.0,0,0.006913,0.0,0.0,0.0,0.040459
2024-03-04,300ETF,Future (IF88 (CSI 300 Futures)),score,0.0229,1.3,0.0,0,-0.000735,-0.0,0.0,-0.0,0.040459
2024-03-05,300ETF,Future (IF88 (CSI 300 Futures)),score,0.4457,1.3,0.0,0,0.003834,0.0,0.0,0.0,0.040459
2024-03-06,300ETF,Future (IF88 (CSI 300 Futures)),score,-0.2446,1.3,0.0,0,0.003721,0.0,0.0,0.0,0.040459
2024-03-07,300ETF,Future (IF88 (CSI 300 Futures)),score,0.6091,1.3,0.0,0,-0.009427,-0.0,0.0,-0.0,0.040459
2024-03-08,300ETF,Future (IF88 (CSI 300 Futures)),score,0.4678,1.3,0.0,0,0.002825,0.0,0.0,0.0,0.040459
2024-03-11,300ETF,Future (IF88 (CSI 300 Futures)),score,0.4778,1.3,0.0,0,0.010387,0.0,0.0,0.0,0.040459
2024-03-12,300ETF,Future (IF88 (CSI 300 Futures)),score,-0.1209,1.3,0.0,0,-0.00272,-0.0,0.0,-0.0,0.040459
2024-03-13,300ETF,Future (IF88 (CSI 300 Futures)),score,-0.6693,1.3,0.0,0,-0.002569,-0.0,0.0,-0.0,0.040459
2024-03-14,300ETF,Future (IF88 (CSI 300 Futures)),score,0.9306,1.3,0.0,0,-0.009661,-0.0,0.0,-0.0,0.040459
2024-03-15,300ETF,Future (IF88 (CSI 300 Futures)),score,-0.0377,1.3,0.0,0,0.006127,0.0,0.0,0.0,0.040459
2024-03-18,300ETF,Future (IF88 (CSI 300 Futures)),score,0.3695,1.3,0.0,0,-0.000111,-0.0,0.0,-0.0,0.040459
2024-03-19,300ETF,Future (IF88 (CSI 300 Futures)),score,-0.2898,1.3,0.0,0,-0.007018,-0.0,0.0,-0.0,0.040459
2024-03-20,300ETF,Future (IF88 (CSI 300 Futures)),score,0.0245,1.3,0.0,0,0.0,0.0,0.0,0.0,0.040459
2024-03-21,300ETF,Future (IF88 (CSI 300 Futures)),score,-0.0988,1.3,0.0,0,-0.002944,-0.0,0.0,-0.0,0.040459
2024-03-22,300ETF,Future (IF88 (CSI 300 Futures)),score,-0.5569,1.3,0.0,0,-0.002201,-0.0,0.0,-0.0,0.040459
2024-03-25,300ETF,Future (IF88 (CSI 300 Futures)),score,-0.3532,1.3,0.0,0,5.7e-05,0.0,0.0,0.0,0.040459
2024-03-26,300ETF,Future (IF88 (CSI 300 Futures)),score,0.523,1.3,0.0,0,0.001693,0.0,0.0,0.0,0.040459
2024-03-27,300ETF,Future (IF88 (CSI 300 Futures)),score,-0.7576,1.3,0.0,0,-0.00255,-0.0,0.0,-0.0,0.040459
2024-03-28,300ETF,Future (IF88 (CSI 300 Futures)),score,-0.2881,1.3,0.0,0,0.003821,0.0,0.0,0.0,0.040459
2024-03-29,300ETF,Future (IF88 (CSI 300 Futures)),score,0.6606,1.3,0.0,0,-0.001583,-0.0,0.0,-0.0,0.040459
2024-04-01,300ETF,Future (IF88 (CSI 300 Futures)),score,1.5422,1.3,1.0,1,0.001278,0.001278,0.0008,0.000478,0.040937
2024-04-02,300ETF,Future (IF88 (CSI 300 Futures)),score,-0.2677,1.3,0.0,0,-0.005014,-0.0,0.0008,-0.0008,0.040137
2024-04-03,300ETF,Future (IF88 (CSI 300 Futures)),score,-0.5699,1.3,0.0,0,-0.001959,-0.0,0.0,-0.0,0.040137
2024-04-08,300ETF,Future (IF88 (CSI 300 Futures)),score,-0.8388,1.3,0.0,0,-0.003717,-0.0,0.0,-0.0,0.040137
2024-04-09,300ETF,Future (IF88 (CSI 300 Futures)),score,0.0183,1.3,0.0,0,0.00249,0.0,0.0,0.0,0.040137
2024-04-10,300ETF,Future (IF88 (CSI 300 Futures)),score,-0.4996,1.3,0.0,0,-0.005507,-0.0,0.0,-0.0,0.040137
2024-04-11,300ETF,Future (IF88 (CSI 300 Futures)),score,-0.1917,1.3,0.0,0,0.00297,0.0,0.0,0.0,0.040137
2024-04-12,300ETF,Future (IF88 (CSI 300 Futures)),score,0.227,1.3,0.0,0,-0.006699,-0.0,0.0,-0.0,0.040137
2024-04-15,300ETF,Future (IF88 (CSI 300 Futures)),score,1.5,1.3,1.0,1,0.007383,0.007383,0.0008,0.006583,0.04672
2024-04-16,300ETF,Future (IF88 (CSI 300 Futures)),score,-0.1262,1.3,0.0,0,-0.006698,-0.0,0.0008,-0.0008,0.04592
2024-04-17,300ETF,Future (IF88 (CSI 300 Futures)),score,0.1297,1.3,0.0,0,0.010109,0.0,0.0,0.0,0.04592
2024-04-18,300ETF,Future (IF88 (CSI 300 Futures)),score,-0.0441,1.3,0.0,0,0.005437,0.0,0.0,0.0,0.04592
2024-04-19,300ETF,Future (IF88 (CSI 300 Futures)),score,-0.4488,1.3,0.0,0,-0.005979,-0.0,0.0,-0.0,0.04592
2024-04-22,300ETF,Future (IF88 (CSI 300 Futures)),score,0.5128,1.3,0.0,0,-0.008239,-0.0,0.0,-0.0,0.04592
2024-04-23,300ETF,Future (IF88 (CSI 300 Futures)),score,-0.3821,1.3,0.0,0,5.7e-05,0.0,0.0,0.0,0.04592
2024-04-24,300ETF,Future (IF88 (CSI 300 Futures)),score,-0.7681,1.3,0.0,0,0.005471,0.0,0.0,0.0,0.04592
2024-04-25,300ETF,Future (IF88 (CSI 300 Futures)),score,-0.5625,1.3,0.0,0,0.005282,0.0,0.0,0.0,0.04592
2024-04-26,300ETF,Future (IF88 (CSI 300 Futures)),score,1.0306,1.3,0.0,0,0.010911,0.0,0.0,0.0,0.04592
2024-04-29,300ETF,Future (IF88 (CSI 300 Futures)),score,0.2803,1.3,0.0,0,0.009098,0.0,0.0,0.0,0.04592
2024-04-30,300ETF,Future (IF88 (CSI 300 Futures)),score,-0.4078,1.3,0.0,0,-0.002427,-0.0,0.0,-0.0,0.04592
2024-05-06,300ETF,Future (IF88 (CSI 300 Futures)),score,0.0687,1.3,0.0,0,-0.003284,-0.0,0.0,-0.0,0.04592
2024-05-07,300ETF,Future (IF88 (CSI 300 Futures)),score,-0.3447,1.3,0.0,0,-0.002468,-0.0,0.0,-0.0,0.04592
2024-05-08,300ETF,Future (IF88 (CSI 300 Futures)),score,-0.8776,1.3,0.0,0,-0.004028,-0.0,0.0,-0.0,0.04592
2024-05-09,300ETF,Future (IF88 (CSI 300 Futures)),score,0.8575,1.3,0.0,0,0.002248,0.0,0.0,0.0,0.04592
2024-05-10,300ETF,Future (IF88 (CSI 300 Futures)),score,-0.1543,1.3,0.0,0,0.004282,0.0,0.0,0.0,0.04592
2024-05-13,300ETF,Future (IF88 (CSI 300 Futures)),score,-0.7976,1.3,0.0,0,0.004734,0.0,0.0,0.0,0.04592
2024-05-14,300ETF,Future (IF88 (CSI 300 Futures)),score,0.0802,1.3,0.0,0,0.00011,0.0,0.0,0.0,0.04592
2024-05-15,300ETF,Future (IF88 (CSI 300 Futures)),score,-0.5766,1.3,0.0,0,-0.003255,-0.0,0.0,-0.0,0.04592
2024-05-16,300ETF,Future (IF88 (CSI 300 Futures)),score,-0.2986,1.3,0.0,0,-0.002043,-0.0,0.0,-0.0,0.04592
2024-05-17,300ETF,Future (IF88 (CSI 300 Futures)),score,-0.0447,1.3,0.0,0,0.002249,0.0,0.0,0.0,0.04592
2024-05-20,300ETF,Future (IF88 (CSI 300 Futures)),score,0.8293,1.3,0.0,0,-0.004074,-0.0,0.0,-0.0,0.04592
2024-05-21,300ETF,Future (IF88 (CSI 300 Futures)),score,-0.5019,1.3,0.0,0,-0.001967,-0.0,0.0,-0.0,0.04592
2024-05-22,300ETF,Future (IF88 (CSI 300 Futures)),score,-0.1129,1.3,0.0,0,0.000764,0.0,0.0,0.0,0.04592
2024-05-23,300ETF,Future (IF88 (CSI 300 Futures)),score,-0.9518,1.3,0.0,0,-0.003858,-0.0,0.0,-0.0,0.04592
2024-05-24,300ETF,Future (IF88 (CSI 300 Futures)),score,0.3587,1.3,0.0,0,-0.009911,-0.0,0.0,-0.0,0.04592
2024-05-27,300ETF,Future (IF88 (CSI 300 Futures)),score,0.2324,1.3,0.0,0,0.003935,0.0,0.0,0.0,0.04592
2024-05-28,300ETF,Future (IF88 (CSI 300 Futures)),score,-0.435,1.3,0.0,0,-0.005054,-0.0,0.0,-0.0,0.04592
2024-05-29,300ETF,Future (IF88 (CSI 300 Futures)),score,0.684,1.3,0.0,0,-0.003047,-0.0,0.0,-0.0,0.04592
2024-05-30,300ETF,Future (IF88 (CSI 300 Futures)),score,0.0533,1.3,0.0,0,-0.007671,-0.0,0.0,-0.0,0.04592
2024-05-31,300ETF,Future (IF88 (CSI 300 Futures)),score,0.1353,1.3,0.0,0,-0.008472,-0.0,0.0,-0.0,0.04592
2024-06-03,300ETF,Future (IF88 (CSI 300 Futures)),score,-0.5351,1.3,0.0,0,-0.005326,-0.0,0.0,-0.0,0.04592
2024-06-04,300ETF,Future (IF88 (CSI 300 Futures)),score,-0.0449,1.3,0.0,0,0.006841,0.0,0.0,0.0,0.04592
2024-06-05,300ETF,Future (IF88 (CSI 300 Futures)),score,0.1779,1.3,0.0,0,-0.005893,-0.0,0.0,-0.0,0.04592
2024-06-06,300ETF,Future (IF88 (CSI 300 Futures)),score,0.3918,1.3,0.0,0,-0.004967,-0.0,0.0,-0.0,0.04592
2024-06-07,300ETF,Future (IF88 (CSI 300 Futures)),score,-0.0928,1.3,0.0,0,-0.005936,-0.0,0.0,-0.0,0.04592
2024-06-11,300ETF,Future (IF88 (CSI 300 Futures)),score,-0.7178,1.3,0.0,0,0.001189,0.0,0.0,0.0,0.04592
2024-06-12,300ETF,Future (IF88 (CSI 300 Futures)),score,0.0646,1.3,0.0,0,-0.00034,-0.0,0.0,-0.0,0.04592
2024-06-13,300ETF,Future (IF88 (CSI 300 Futures)),score,-0.7885,1.3,0.0,0,-0.006648,-0.0,0.0,-0.0,0.04592
2024-06-14,300ETF,Future (IF88 (CSI 300 Futures)),score,-0.4326,1.3,0.0,0,0.005788,0.0,0.0,0.0,0.04592
2024-06-17,300ETF,Future (IF88 (CSI 300 Futures)),score,-0.2989,1.3,0.0,0,-0.000566,-0.0,0.0,-0.0,0.04592
2024-06-18,300ETF,Future (IF88 (CSI 300 Futures)),score,0.218,1.3,0.0,0,-0.000962,-0.0,0.0,-0.0,0.04592
2024-06-19,300ETF,Future (IF88 (CSI 300 Futures)),score,-0.9432,1.3,0.0,0,-0.000964,-0.0,0.0,-0.0,0.04592
2024-06-20,300ETF,Future (IF88 (CSI 300 Futures)),score,0.0127,1.3,0.0,0,-0.002111,-0.0,0.0,-0.0,0.04592
2024-06-21,300ETF,Future (IF88 (CSI 300 Futures)),score,-0.4556,1.3,0.0,0,-0.002019,-0.0,0.0,-0.0,0.04592
2024-06-24,300ETF,Future (IF88 (CSI 300 Futures)),score,-0.5601,1.3,0.0,0,0.002256,0.0,0.0,0.0,0.04592
2024-06-25,300ETF,Future (IF88 (CSI 300 Futures)),score,-0.0367,1.3,0.0,0,-0.006448,-0.0,0.0,-0.0,0.04592
2024-06-26,300ETF,Future (IF88 (CSI 300 Futures)),score,-0.3873,1.3,0.0,0,0.009242,0.0,0.0,0.0,0.04592
2024-06-27,300ETF,Future (IF88 (CSI 300 Futures)),score,-1.0541,1.3,-1.0,1,0.001808,-0.001808,0.0008,-0.002608,0.043312
2024-06-28,300ETF,Future (IF88 (CSI 300 Futures)),score,0.9604,1.3,0.0,0,-0.005515,-0.0,0.0008,-0.0008,0.042512
2024-07-01,300ETF,Future (IF88 (CSI 300 Futures)),score,-0.0732,1.3,0.0,0,0.005056,0.0,0.0,0.0,0.042512
2024-07-02,300ETF,Future (IF88 (CSI 300 Futures)),score,0.1362,1.3,0.0,0,-0.004295,-0.0,0.0,-0.0,0.042512
2024-07-03,300ETF,Future (IF88 (CSI 300 Futures)),score,-0.3126,1.3,0.0,0,0.001397,0.0,0.0,0.0,0.042512
2024-07-04,300ETF,Future (IF88 (CSI 300 Futures)),score,0.5494,1.3,0.0,0,-0.005708,-0.0,0.0,-0.0,0.042512
2024-07-05,300ETF,Future (IF88 (CSI 300 Futures)),score,-0.4029,1.3,0.0,0,0.00053,0.0,0.0,0.0,0.042512
2024-07-08,300ETF,Future (IF88 (CSI 300 Futures)),score,-0.4077,1.3,0.0,0,-0.003188,-0.0,0.0,-0.0,0.042512
2024-07-09,300ETF,Future (IF88 (CSI 300 Futures)),score,-0.2223,1.3,0.0,0,0.010932,0.0,0.0,0.0,0.042512
2024-07-10,300ETF,Future (IF88 (CSI 300 Futures)),score,0.3304,1.3,0.0,0,-0.003217,-0.0,0.0,-0.0,0.042512
2024-07-11,300ETF,Future (IF88 (CSI 300 Futures)),score,-0.3227,1.3,0.0,0,0.003015,0.0,0.0,0.0,0.042512
2024-07-12,300ETF,Future (IF88 (CSI 300 Futures)),score,-0.0958,1.3,0.0,0,0.000693,0.0,0.0,0.0,0.042512
2024-07-15,300ETF,Future (IF88 (CSI 300 Futures)),score,0.1575,1.3,0.0,0,-0.001443,-0.0,0.0,-0.0,0.042512
2024-07-16,300ETF,Future (IF88 (CSI 300 Futures)),score,-0.0091,1.3,0.0,0,0.005008,0.0,0.0,0.0,0.042512
2024-07-17,300ETF,Future (IF88 (CSI 300 Futures)),score,-0.5232,1.3,0.0,0,0.005386,0.0,0.0,0.0,0.042512
2024-07-18,300ETF,Future (IF88 (CSI 300 Futures)),score,-0.5828,1.3,0.0,0,0.007322,0.0,0.0,0.0,0.042512
2024-07-19,300ETF,Future (IF88 (CSI 300 Futures)),score,-0.5225,1.3,0.0,0,0.007662,0.0,0.0,0.0,0.042512
2024-07-22,300ETF,Future (IF88 (CSI 300 Futures)),score,-0.6929,1.3,0.0,0,-0.001145,-0.0,0.0,-0.0,0.042512
2024-07-23,300ETF,Future (IF88 (CSI 300 Futures)),score,-1.0224,1.3,-1.0,1,-0.01163,0.01163,0.0008,0.01083,0.053342
2024-07-24,300ETF,Future (IF88 (CSI 300 Futures)),score,0.4274,1.3,0.0,0,-0.005575,-0.0,0.0008,-0.0008,0.052542
2024-07-25,300ETF,Future (IF88 (CSI 300 Futures)),score,-0.2264,1.3,0.0,0,-0.005669,-0.0,0.0,-0.0,0.052542
2024-07-26,300ETF,Future (IF88 (CSI 300 Futures)),score,0.793,1.3,0.0,0,-0.004886,-0.0,0.0,-0.0,0.052542
2024-07-29,300ETF,Future (IF88 (CSI 300 Futures)),score,-0.3673,1.3,0.0,0,-0.002185,-0.0,0.0,-0.0,0.052542
2024-07-30,300ETF,Future (IF88 (CSI 300 Futures)),score,-1.1365,1.3,-1.0,1,0.00125,-0.00125,0.0008,-0.00205,0.050492
2024-07-31,300ETF,Future (IF88 (CSI 300 Futures)),score,0.8442,1.3,0.0,0,0.015281,0.0,0.0008,-0.0008,0.049692
2024-08-01,300ETF,Future (IF88 (CSI 300 Futures)),score,-0.2965,1.3,0.0,0,-0.006363,-0.0,0.0,-0.0,0.049692
2024-08-02,300ETF,Future (IF88 (CSI 300 Futures)),score,0.0783,1.3,0.0,0,-0.00837,-0.0,0.0,-0.0,0.049692
2024-08-05,300ETF,Future (IF88 (CSI 300 Futures)),score,1.0495,1.3,0.0,0,-0.011612,-0.0,0.0,-0.0,0.049692
2024-08-06,300ETF,Future (IF88 (CSI 300 Futures)),score,-0.0492,1.3,0.0,0,-0.006665,-0.0,0.0,-0.0,0.049692
2024-08-07,300ETF,Future (IF88 (CSI 300 Futures)),score,0.5148,1.3,0.0,0,-0.003538,-0.0,0.0,-0.0,0.049692
2024-08-08,300ETF,Future (IF88 (CSI 300 Futures)),score,-0.6171,1.3,0.0,0,0.007099,0.0,0.0,0.0,0.049692
2024-08-09,300ETF,Future (IF88 (CSI 300 Futures)),score,0.1756,1.3,0.0,0,-0.005819,-0.0,0.0,-0.0,0.049692
2024-08-12,300ETF,Future (IF88 (CSI 300 Futures)),score,-0.1055,1.3,0.0,0,-0.002709,-0.0,0.0,-0.0,0.049692
2024-08-13,300ETF,Future (IF88 (CSI 300 Futures)),score,-0.3346,1.3,0.0,0,-0.000846,-0.0,0.0,-0.0,0.049692
2024-08-14,300ETF,Future (IF88 (CSI 300 Futures)),score,-1.0638,1.3,-1.0,1,-0.000907,0.000907,0.0008,0.000107,0.049799
2024-08-15,300ETF,Future (IF88 (CSI 300 Futures)),score,1.0545,1.3,0.0,0,0.001986,0.0,0.0008,-0.0008,0.048999
2024-08-16,300ETF,Future (IF88 (CSI 300 Futures)),score,-0.2023,1.3,0.0,0,-0.003951,-0.0,0.0,-0.0,0.048999
2024-08-19,300ETF,Future (IF88 (CSI 300 Futures)),score,1.227,1.3,0.0,0,-0.006128,-0.0,0.0,-0.0,0.048999
2024-08-20,300ETF,Future (IF88 (CSI 300 Futures)),score,-0.8698,1.3,0.0,0,-0.004032,-0.0,0.0,-0.0,0.048999
2024-08-21,300ETF,Future (IF88 (CSI 300 Futures)),score,-0.765,1.3,0.0,0,0.002055,0.0,0.0,0.0,0.048999
2024-08-22,300ETF,Future (IF88 (CSI 300 Futures)),score,-0.2236,1.3,0.0,0,-0.001151,-0.0,0.0,-0.0,0.048999
2024-08-23,300ETF,Future (IF88 (CSI 300 Futures)),score,0.3711,1.3,0.0,0,0.005493,0.0,0.0,0.0,0.048999
2024-08-26,300ETF,Future (IF88 (CSI 300 Futures)),score,-0.2875,1.3,0.0,0,-0.000181,-0.0,0.0,-0.0,0.048999
2024-08-27,300ETF,Future (IF88 (CSI 300 Futures)),score,-0.4483,1.3,0.0,0,-0.001212,-0.0,0.0,-0.0,0.048999
2024-08-28,300ETF,Future (IF88 (CSI 300 Futures)),score,-0.2609,1.3,0.0,0,-0.001947,-0.0,0.0,-0.0,0.048999
2024-08-29,300ETF,Future (IF88 (CSI 300 Futures)),score,-0.1881,1.3,0.0,0,0.003845,0.0,0.0,0.0,0.048999
2024-08-30,300ETF,Future (IF88 (CSI 300 Futures)),score,1.4636,1.3,1.0,1,0.004032,0.004032,0.0008,0.003232,0.052231
2024-09-02,300ETF,Future (IF88 (CSI 300 Futures)),score,-0.7422,1.3,0.0,0,-0.007626,-0.0,0.0008,-0.0008,0.051431
2024-09-03,300ETF,Future (IF88 (CSI 300 Futures)),score,0.0233,1.3,0.0,0,0.001591,0.0,0.0,0.0,0.051431
2024-09-04,300ETF,Future (IF88 (CSI 300 Futures)),score,-0.5662,1.3,0.0,0,-6.1e-05,-0.0,0.0,-0.0,0.051431
2024-09-05,300ETF,Future (IF88 (CSI 300 Futures)),score,0.212,1.3,0.0,0,0.002644,0.0,0.0,0.0,0.051431
2024-09-06,300ETF,Future (IF88 (CSI 300 Futures)),score,-0.0176,1.3,0.0,0,-0.010324,-0.0,0.0,-0.0,0.051431
2024-09-09,300ETF,Future (IF88 (CSI 300 Futures)),score,-0.5673,1.3,0.0,0,-0.006388,-0.0,0.0,-0.0,0.051431
2024-09-10,300ETF,Future (IF88 (CSI 300 Futures)),score,-0.2988,1.3,0.0,0,0.002447,0.0,0.0,0.0,0.051431
2024-09-11,300ETF,Future (IF88 (CSI 300 Futures)),score,-0.9006,1.3,0.0,0,0.001069,0.0,0.0,0.0,0.051431
2024-09-12,300ETF,Future (IF88 (CSI 300 Futures)),score,0.4761,1.3,0.0,0,-0.005019,-0.0,0.0,-0.0,0.051431
2024-09-13,300ETF,Future (IF88 (CSI 300 Futures)),score,0.4887,1.3,0.0,0,-0.008757,-0.0,0.0,-0.0,0.051431
2024-09-18,300ETF,Future (IF88 (CSI 300 Futures)),score,0.4407,1.3,0.0,0,0.003916,0.0,0.0,0.0,0.051431
2024-09-19,300ETF,Future (IF88 (CSI 300 Futures)),score,-0.4687,1.3,0.0,0,0.011236,0.0,0.0,0.0,0.051431
2024-09-20,300ETF,Future (IF88 (CSI 300 Futures)),score,-0.4461,1.3,0.0,0,0.00195,0.0,0.0,0.0,0.051431
2024-09-23,300ETF,Future (IF88 (CSI 300 Futures)),score,0.9888,1.3,0.0,0,-0.004482,-0.0,0.0,-0.0,0.051431
2024-09-24,300ETF,Future (IF88 (CSI 300 Futures)),score,0.0191,1.3,0.0,0,0.036945,0.0,0.0,0.0,0.051431
2024-09-25,300ETF,Future (IF88 (CSI 300 Futures)),score,1.8259,1.3,1.0,1,-0.012834,-0.012834,0.0008,-0.013634,0.037797
2024-09-26,300ETF,Future (IF88 (CSI 300 Futures)),score,0.8334,1.3,0.0,0,0.030667,0.0,0.0008,-0.0008,0.036997
2024-09-27,300ETF,Future (IF88 (CSI 300 Futures)),score,1.3083,1.3,1.0,1,0.041525,0.041525,0.0008,0.040725,0.077722
2024-09-30,300ETF,Future (IF88 (CSI 300 Futures)),score,2.2631,1.3,1.0,1,0.051948,0.051948,0.0,0.051948,0.12967
2024-10-08,300ETF,Future (IF88 (CSI 300 Futures)),score,0.1202,1.3,0.0,0,-0.050967,-0.0,0.0008,-0.0008,0.12887
2024-10-09,300ETF,Future (IF88 (CSI 300 Futures)),score,-1.2895,1.3,-1.0,1,-0.028803,0.028803,0.0008,0.028003,0.156873
2024-10-10,300ETF,Future (IF88 (CSI 300 Futures)),score,1.0136,1.3,0.0,0,0.010806,0.0,0.0008,-0.0008,0.156073
2024-10-11,300ETF,Future (IF88 (CSI 300 Futures)),score,-0.8561,1.3,0.0,0,-0.028697,-0.0,0.0,-0.0,0.156073
2024-10-14,300ETF,Future (IF88 (CSI 300 Futures)),score,0.8292,1.3,0.0,0,0.010289,0.0,0.0,0.0,0.156073
2024-10-15,300ETF,Future (IF88 (CSI 300 Futures)),score,-0.5155,1.3,0.0,0,-0.015621,-0.0,0.0,-0.0,0.156073
2024-10-16,300ETF,Future (IF88 (CSI 300 Futures)),score,0.0953,1.3,0.0,0,-0.009728,-0.0,0.0,-0.0,0.156073
2024-10-17,300ETF,Future (IF88 (CSI 300 Futures)),score,0.1942,1.3,0.0,0,-0.017828,-0.0,0.0,-0.0,0.156073
2024-10-18,300ETF,Future (IF88 (CSI 300 Futures)),score,0.2871,1.3,0.0,0,0.061175,0.0,0.0,0.0,0.156073
2024-10-21,300ETF,Future (IF88 (CSI 300 Futures)),score,0.1498,1.3,0.0,0,0.007699,0.0,0.0,0.0,0.156073
2024-10-22,300ETF,Future (IF88 (CSI 300 Futures)),score,0.6461,1.3,0.0,0,-0.000202,-0.0,0.0,-0.0,0.156073
2024-10-23,300ETF,Future (IF88 (CSI 300 Futures)),score,-0.35,1.3,0.0,0,0.004788,0.0,0.0,0.0,0.156073
2024-10-24,300ETF,Future (IF88 (CSI 300 Futures)),score,-0.5784,1.3,0.0,0,-0.003559,-0.0,0.0,-0.0,0.156073
2024-10-25,300ETF,Future (IF88 (CSI 300 Futures)),score,0.3224,1.3,0.0,0,0.007441,0.0,0.0,0.0,0.156073
2024-10-28,300ETF,Future (IF88 (CSI 300 Futures)),score,-1.0497,1.3,-1.0,1,0.003751,-0.003751,0.0008,-0.004551,0.151521
2024-10-29,300ETF,Future (IF88 (CSI 300 Futures)),score,0.4946,1.3,0.0,0,-0.008297,-0.0,0.0008,-0.0008,0.150721
2024-10-30,300ETF,Future (IF88 (CSI 300 Futures)),score,0.0606,1.3,0.0,0,-0.010079,-0.0,0.0,-0.0,0.150721
2024-10-31,300ETF,Future (IF88 (CSI 300 Futures)),score,-0.7744,1.3,0.0,0,0.00742,0.0,0.0,0.0,0.150721
2024-11-01,300ETF,Future (IF88 (CSI 300 Futures)),score,0.9763,1.3,0.0,0,-0.002804,-0.0,0.0,-0.0,0.150721
2024-11-04,300ETF,Future (IF88 (CSI 300 Futures)),score,0.0403,1.3,0.0,0,0.004841,0.0,0.0,0.0,0.150721
2024-11-05,300ETF,Future (IF88 (CSI 300 Futures)),score,0.0221,1.3,0.0,0,0.019196,0.0,0.0,0.0,0.150721
2024-11-06,300ETF,Future (IF88 (CSI 300 Futures)),score,0.0525,1.3,0.0,0,-0.006952,-0.0,0.0,-0.0,0.150721
2024-11-07,300ETF,Future (IF88 (CSI 300 Futures)),score,0.413,1.3,0.0,0,0.023729,0.0,0.0,0.0,0.150721
2024-11-08,300ETF,Future (IF88 (CSI 300 Futures)),score,-0.2306,1.3,0.0,0,-0.013387,-0.0,0.0,-0.0,0.150721
2024-11-11,300ETF,Future (IF88 (CSI 300 Futures)),score,-0.2632,1.3,0.0,0,0.008081,0.0,0.0,0.0,0.150721
2024-11-12,300ETF,Future (IF88 (CSI 300 Futures)),score,1.1617,1.3,0.0,0,-0.023713,-0.0,0.0,-0.0,0.150721
2024-11-13,300ETF,Future (IF88 (CSI 300 Futures)),score,0.3836,1.3,0.0,0,0.004538,0.0,0.0,0.0,0.150721
2024-11-14,300ETF,Future (IF88 (CSI 300 Futures)),score,-0.0274,1.3,0.0,0,-0.011552,-0.0,0.0,-0.0,0.150721
2024-11-15,300ETF,Future (IF88 (CSI 300 Futures)),score,0.0235,1.3,0.0,0,-0.004726,-0.0,0.0,-0.0,0.150721
2024-11-18,300ETF,Future (IF88 (CSI 300 Futures)),score,0.2778,1.3,0.0,0,-0.008863,-0.0,0.0,-0.0,0.150721
2024-11-19,300ETF,Future (IF88 (CSI 300 Futures)),score,0.4089,1.3,0.0,0,0.000706,0.0,0.0,0.0,0.150721
2024-11-20,300ETF,Future (IF88 (CSI 300 Futures)),score,-0.3236,1.3,0.0,0,0.005388,0.0,0.0,0.0,0.150721
2024-11-21,300ETF,Future (IF88 (CSI 300 Futures)),score,-0.0261,1.3,0.0,0,0.002113,0.0,0.0,0.0,0.150721
2024-11-22,300ETF,Future (IF88 (CSI 300 Futures)),score,-0.2618,1.3,0.0,0,-0.019422,-0.0,0.0,-0.0,0.150721
2024-11-25,300ETF,Future (IF88 (CSI 300 Futures)),score,0.4093,1.3,0.0,0,-0.007805,-0.0,0.0,-0.0,0.150721
2024-11-26,300ETF,Future (IF88 (CSI 300 Futures)),score,0.2267,1.3,0.0,0,-0.002294,-0.0,0.0,-0.0,0.150721
2024-11-27,300ETF,Future (IF88 (CSI 300 Futures)),score,-0.1356,1.3,0.0,0,0.021023,0.0,0.0,0.0,0.150721
2024-11-28,300ETF,Future (IF88 (CSI 300 Futures)),score,-0.2893,1.3,0.0,0,-0.004172,-0.0,0.0,-0.0,0.150721
2024-11-29,300ETF,Future (IF88 (CSI 300 Futures)),score,0.9724,1.3,0.0,0,0.009639,0.0,0.0,0.0,0.150721
2024-12-02,300ETF,Future (IF88 (CSI 300 Futures)),score,0.7435,1.3,0.0,0,-0.00335,-0.0,0.0,-0.0,0.150721
2024-12-03,300ETF,Future (IF88 (CSI 300 Futures)),score,-0.8452,1.3,0.0,0,0.006549,0.0,0.0,0.0,0.150721
2024-12-04,300ETF,Future (IF88 (CSI 300 Futures)),score,-0.9026,1.3,0.0,0,-0.001428,-0.0,0.0,-0.0,0.150721
2024-12-05,300ETF,Future (IF88 (CSI 300 Futures)),score,0.0177,1.3,0.0,0,-0.000102,-0.0,0.0,-0.0,0.150721
2024-12-06,300ETF,Future (IF88 (CSI 300 Futures)),score,0.3126,1.3,0.0,0,0.014887,0.0,0.0,0.0,0.150721
2024-12-09,300ETF,Future (IF88 (CSI 300 Futures)),score,-0.0364,1.3,0.0,0,-0.00111,-0.0,0.0,-0.0,0.150721
2024-12-10,300ETF,Future (IF88 (CSI 300 Futures)),score,-0.1284,1.3,0.0,0,-0.010091,-0.0,0.0,-0.0,0.150721
2024-12-11,300ETF,Future (IF88 (CSI 300 Futures)),score,0.3221,1.3,0.0,0,-0.0013,-0.0,0.0,-0.0,0.150721
2024-12-12,300ETF,Future (IF88 (CSI 300 Futures)),score,-0.2725,1.3,0.0,0,0.009566,0.0,0.0,0.0,0.150721
2024-12-13,300ETF,Future (IF88 (CSI 300 Futures)),score,-1.1694,1.3,-1.0,1,-0.00774,0.00774,0.0008,0.00694,0.157662
2024-12-16,300ETF,Future (IF88 (CSI 300 Futures)),score,-0.0533,1.3,0.0,0,-0.005515,-0.0,0.0008,-0.0008,0.156862
2024-12-17,300ETF,Future (IF88 (CSI 300 Futures)),score,1.1074,1.3,0.0,0,-0.006254,-0.0,0.0,-0.0,0.156862
2024-12-18,300ETF,Future (IF88 (CSI 300 Futures)),score,0.7332,1.3,0.0,0,-0.003345,-0.0,0.0,-0.0,0.156862
2024-12-19,300ETF,Future (IF88 (CSI 300 Futures)),score,-0.1984,1.3,0.0,0,0.003097,0.0,0.0,0.0,0.156862
2024-12-20,300ETF,Future (IF88 (CSI 300 Futures)),score,-0.3952,1.3,0.0,0,-0.002186,-0.0,0.0,-0.0,0.156862
2024-12-23,300ETF,Future (IF88 (CSI 300 Futures)),score,1.1328,1.3,0.0,0,-0.003701,-0.0,0.0,-0.0,0.156862
2024-12-24,300ETF,Future (IF88 (CSI 300 Futures)),score,0.6302,1.3,0.0,0,0.004483,0.0,0.0,0.0,0.156862
2024-12-25,300ETF,Future (IF88 (CSI 300 Futures)),score,-0.0439,1.3,0.0,0,-0.006219,-0.0,0.0,-0.0,0.156862
2024-12-26,300ETF,Future (IF88 (CSI 300 Futures)),score,-0.6043,1.3,0.0,0,0.003261,0.0,0.0,0.0,0.156862
2024-12-27,300ETF,Future (IF88 (CSI 300 Futures)),score,-0.5542,1.3,0.0,0,0.001858,0.0,0.0,0.0,0.156862
2024-12-30,300ETF,Future (IF88 (CSI 300 Futures)),score,0.7798,1.3,0.0,0,0.00015,0.0,0.0,0.0,0.156862
2024-12-31,300ETF,Future (IF88 (CSI 300 Futures)),score,-0.1522,1.3,0.0,0,-0.013976,-0.0,0.0,-0.0,0.156862
2025-01-02,300ETF,Future (IF88 (CSI 300 Futures)),score,-0.8042,1.3,0.0,0,-0.022235,-0.0,0.0,-0.0,0.156862
2025-01-03,300ETF,Future (IF88 (CSI 300 Futures)),score,-0.3997,1.3,0.0,0,-0.007968,-0.0,0.0,-0.0,0.156862
2025-01-06,300ETF,Future (IF88 (CSI 300 Futures)),score,-0.2168,1.3,0.0,0,-5.3e-05,-0.0,0.0,-0.0,0.156862
2025-01-07,300ETF,Future (IF88 (CSI 300 Futures)),score,0.4414,1.3,0.0,0,0.003544,0.0,0.0,0.0,0.156862
2025-01-08,300ETF,Future (IF88 (CSI 300 Futures)),score,-0.7444,1.3,0.0,0,-0.000106,-0.0,0.0,-0.0,0.156862
2025-01-09,300ETF,Future (IF88 (CSI 300 Futures)),score,-0.4721,1.3,0.0,0,0.001743,0.0,0.0,0.0,0.156862
2025-01-10,300ETF,Future (IF88 (CSI 300 Futures)),score,-0.2162,1.3,0.0,0,-0.004155,-0.0,0.0,-0.0,0.156862
2025-01-13,300ETF,Future (IF88 (CSI 300 Futures)),score,0.2435,1.3,0.0,0,-0.003118,-0.0,0.0,-0.0,0.156862
2025-01-14,300ETF,Future (IF88 (CSI 300 Futures)),score,0.7867,1.3,0.0,0,0.013693,0.0,0.0,0.0,0.156862
2025-01-15,300ETF,Future (IF88 (CSI 300 Futures)),score,-0.5742,1.3,0.0,0,-0.003315,-0.0,0.0,-0.0,0.156862
2025-01-16,300ETF,Future (IF88 (CSI 300 Futures)),score,1.3316,1.3,1.0,1,-0.008828,-0.008828,0.0008,-0.009628,0.147234
2025-01-17,300ETF,Future (IF88 (CSI 300 Futures)),score,-0.1568,1.3,0.0,0,0.004945,0.0,0.0008,-0.0008,0.146434
2025-01-20,300ETF,Future (IF88 (CSI 300 Futures)),score,0.9328,1.3,0.0,0,-0.006719,-0.0,0.0,-0.0,0.146434
2025-01-21,300ETF,Future (IF88 (CSI 300 Futures)),score,-0.8047,1.3,0.0,0,0.002668,0.0,0.0,0.0,0.146434
2025-01-22,300ETF,Future (IF88 (CSI 300 Futures)),score,-0.8245,1.3,0.0,0,5.3e-05,0.0,0.0,0.0,0.146434
2025-01-23,300ETF,Future (IF88 (CSI 300 Futures)),score,0.6753,1.3,0.0,0,-0.010623,-0.0,0.0,-0.0,0.146434
2025-01-24,300ETF,Future (IF88 (CSI 300 Futures)),score,0.5255,1.3,0.0,0,0.002975,0.0,0.0,0.0,0.146434
2025-01-27,300ETF,Future (IF88 (CSI 300 Futures)),score,0.4145,1.3,0.0,0,-0.001045,-0.0,0.0,-0.0,0.146434
2025-02-05,300ETF,Future (IF88 (CSI 300 Futures)),score,-1.0192,1.3,-1.0,1,-0.002636,0.002636,0.0008,0.001836,0.14827
2025-02-06,300ETF,Future (IF88 (CSI 300 Futures)),score,0.1884,1.3,0.0,0,0.012566,0.0,0.0008,-0.0008,0.14747
2025-02-07,300ETF,Future (IF88 (CSI 300 Futures)),score,-0.1279,1.3,0.0,0,0.002016,0.0,0.0,0.0,0.14747
2025-02-10,300ETF,Future (IF88 (CSI 300 Futures)),score,-0.6221,1.3,0.0,0,-0.000872,-0.0,0.0,-0.0,0.14747
2025-02-11,300ETF,Future (IF88 (CSI 300 Futures)),score,-0.9413,1.3,0.0,0,-0.000979,-0.0,0.0,-0.0,0.14747
2025-02-12,300ETF,Future (IF88 (CSI 300 Futures)),score,-0.1017,1.3,0.0,0,0.000617,0.0,0.0,0.0,0.14747
2025-02-13,300ETF,Future (IF88 (CSI 300 Futures)),score,-0.0625,1.3,0.0,0,-0.001174,-0.0,0.0,-0.0,0.14747
2025-02-14,300ETF,Future (IF88 (CSI 300 Futures)),score,0.3076,1.3,0.0,0,0.007239,0.0,0.0,0.0,0.14747
2025-02-17,300ETF,Future (IF88 (CSI 300 Futures)),score,-0.2658,1.3,0.0,0,0.0,0.0,0.0,0.0,0.14747
2025-02-18,300ETF,Future (IF88 (CSI 300 Futures)),score,-0.2579,1.3,0.0,0,-0.010301,-0.0,0.0,-0.0,0.14747
2025-02-19,300ETF,Future (IF88 (CSI 300 Futures)),score,-0.0145,1.3,0.0,0,0.004783,0.0,0.0,0.0,0.14747
2025-02-20,300ETF,Future (IF88 (CSI 300 Futures)),score,-0.6095,1.3,0.0,0,0.002188,0.0,0.0,0.0,0.14747
2025-02-21,300ETF,Future (IF88 (CSI 300 Futures)),score,0.2692,1.3,0.0,0,0.015009,0.0,0.0,0.0,0.14747
2025-02-24,300ETF,Future (IF88 (CSI 300 Futures)),score,0.167,1.3,0.0,0,-0.003624,-0.0,0.0,-0.0,0.14747
2025-02-25,300ETF,Future (IF88 (CSI 300 Futures)),score,-0.8088,1.3,0.0,0,-0.004428,-0.0,0.0,-0.0,0.14747
2025-02-26,300ETF,Future (IF88 (CSI 300 Futures)),score,0.4779,1.3,0.0,0,0.002433,0.0,0.0,0.0,0.14747
2025-02-27,300ETF,Future (IF88 (CSI 300 Futures)),score,0.1452,1.3,0.0,0,0.001466,0.0,0.0,0.0,0.14747
2025-02-28,300ETF,Future (IF88 (CSI 300 Futures)),score,-0.0771,1.3,0.0,0,-0.013429,-0.0,0.0,-0.0,0.14747
2025-03-03,300ETF,Future (IF88 (CSI 300 Futures)),score,-0.091,1.3,0.0,0,-0.007755,-0.0,0.0,-0.0,0.14747
2025-03-04,300ETF,Future (IF88 (CSI 300 Futures)),score,-0.5002,1.3,0.0,0,0.003199,0.0,0.0,0.0,0.14747
2025-03-05,300ETF,Future (IF88 (CSI 300 Futures)),score,-0.0594,1.3,0.0,0,0.004117,0.0,0.0,0.0,0.14747
2025-03-06,300ETF,Future (IF88 (CSI 300 Futures)),score,-0.1527,1.3,0.0,0,0.006882,0.0,0.0,0.0,0.14747
2025-03-07,300ETF,Future (IF88 (CSI 300 Futures)),score,-0.4501,1.3,0.0,0,-0.000609,-0.0,0.0,-0.0,0.14747
2025-03-10,300ETF,Future (IF88 (CSI 300 Futures)),score,-0.4132,1.3,0.0,0,0.002349,0.0,0.0,0.0,0.14747
2025-03-11,300ETF,Future (IF88 (CSI 300 Futures)),score,-0.3613,1.3,0.0,0,0.001942,0.0,0.0,0.0,0.14747
2025-03-12,300ETF,Future (IF88 (CSI 300 Futures)),score,-0.9105,1.3,0.0,0,-0.000305,-0.0,0.0,-0.0,0.14747
2025-03-13,300ETF,Future (IF88 (CSI 300 Futures)),score,0.2355,1.3,0.0,0,-0.001431,-0.0,0.0,-0.0,0.14747
2025-03-14,300ETF,Future (IF88 (CSI 300 Futures)),score,1.5076,1.3,1.0,1,0.010287,0.010287,0.0008,0.009487,0.156957
2025-03-17,300ETF,Future (IF88 (CSI 300 Futures)),score,-0.3131,1.3,0.0,0,-0.001351,-0.0,0.0008,-0.0008,0.156157
2025-03-18,300ETF,Future (IF88 (CSI 300 Futures)),score,-0.5062,1.3,0.0,0,-0.001097,-0.0,0.0,-0.0,0.156157
2025-03-19,300ETF,Future (IF88 (CSI 300 Futures)),score,-0.237,1.3,0.0,0,0.003851,0.0,0.0,0.0,0.156157
2025-03-20,300ETF,Future (IF88 (CSI 300 Futures)),score,-0.8287,1.3,0.0,0,0.000101,0.0,0.0,0.0,0.156157
2025-03-21,300ETF,Future (IF88 (CSI 300 Futures)),score,0.134,1.3,0.0,0,-0.015592,-0.0,0.0,-0.0,0.156157
2025-03-24,300ETF,Future (IF88 (CSI 300 Futures)),score,0.216,1.3,0.0,0,0.000765,0.0,0.0,0.0,0.156157
2025-03-25,300ETF,Future (IF88 (CSI 300 Futures)),score,-0.1519,1.3,0.0,0,0.000713,0.0,0.0,0.0,0.156157
2025-03-26,300ETF,Future (IF88 (CSI 300 Futures)),score,0.1414,1.3,0.0,0,-0.00606,-0.0,0.0,-0.0,0.156157
2025-03-27,300ETF,Future (IF88 (CSI 300 Futures)),score,-0.06,1.3,0.0,0,0.001783,0.0,0.0,0.0,0.156157
2025-03-28,300ETF,Future (IF88 (CSI 300 Futures)),score,-0.5234,1.3,0.0,0,-0.000153,-0.0,0.0,-0.0,0.156157
2025-03-31,300ETF,Future (IF88 (CSI 300 Futures)),score,0.0815,1.3,0.0,0,-0.008515,-0.0,0.0,-0.0,0.156157
2025-04-01,300ETF,Future (IF88 (CSI 300 Futures)),score,-0.2577,1.3,0.0,0,-0.001441,-0.0,0.0,-0.0,0.156157
2025-04-02,300ETF,Future (IF88 (CSI 300 Futures)),score,0.0243,1.3,0.0,0,-0.003501,-0.0,0.0,-0.0,0.156157
2025-04-03,300ETF,Future (IF88 (CSI 300 Futures)),score,-0.0242,1.3,0.0,0,-0.003724,-0.0,0.0,-0.0,0.156157
2025-04-07,300ETF,Future (IF88 (CSI 300 Futures)),score,-1.5665,1.3,-1.0,1,-0.037154,0.037154,0.0008,0.036354,0.192512
2025-04-08,300ETF,Future (IF88 (CSI 300 Futures)),score,0.4968,1.3,0.0,0,-0.004296,-0.0,0.0008,-0.0008,0.191712
2025-04-09,300ETF,Future (IF88 (CSI 300 Futures)),score,-0.7156,1.3,0.0,0,0.021168,0.0,0.0,0.0,0.191712
2025-04-10,300ETF,Future (IF88 (CSI 300 Futures)),score,-0.1516,1.3,0.0,0,-0.007286,-0.0,0.0,-0.0,0.191712
2025-04-11,300ETF,Future (IF88 (CSI 300 Futures)),score,-0.5839,1.3,0.0,0,0.007466,0.0,0.0,0.0,0.191712
2025-04-14,300ETF,Future (IF88 (CSI 300 Futures)),score,-0.4021,1.3,0.0,0,-0.001865,-0.0,0.0,-0.0,0.191712
2025-04-15,300ETF,Future (IF88 (CSI 300 Futures)),score,-0.8675,1.3,0.0,0,0.002841,0.0,0.0,0.0,0.191712
2025-04-16,300ETF,Future (IF88 (CSI 300 Futures)),score,-1.0693,1.3,-1.0,1,0.001287,-0.001287,0.0008,-0.002087,0.189624
2025-04-17,300ETF,Future (IF88 (CSI 300 Futures)),score,-0.1706,1.3,0.0,0,0.000691,0.0,0.0008,-0.0008,0.188824
2025-04-18,300ETF,Future (IF88 (CSI 300 Futures)),score,-0.5207,1.3,0.0,0,0.002784,0.0,0.0,0.0,0.188824
2025-04-21,300ETF,Future (IF88 (CSI 300 Futures)),score,0.5943,1.3,0.0,0,0.002178,0.0,0.0,0.0,0.188824
2025-04-22,300ETF,Future (IF88 (CSI 300 Futures)),score,0.176,1.3,0.0,0,-0.000531,-0.0,0.0,-0.0,0.188824
2025-04-23,300ETF,Future (IF88 (CSI 300 Futures)),score,-0.6326,1.3,0.0,0,0.001062,0.0,0.0,0.0,0.188824
2025-04-24,300ETF,Future (IF88 (CSI 300 Futures)),score,0.3298,1.3,0.0,0,-0.001907,-0.0,0.0,-0.0,0.188824
2025-04-25,300ETF,Future (IF88 (CSI 300 Futures)),score,-0.2847,1.3,0.0,0,-0.000583,-0.0,0.0,-0.0,0.188824
2025-04-28,300ETF,Future (IF88 (CSI 300 Futures)),score,-0.9332,1.3,0.0,0,0.001968,0.0,0.0,0.0,0.188824
2025-04-29,300ETF,Future (IF88 (CSI 300 Futures)),score,-0.7118,1.3,0.0,0,-0.000692,-0.0,0.0,-0.0,0.188824
2025-04-30,300ETF,Future (IF88 (CSI 300 Futures)),score,-0.0802,1.3,0.0,0,0.000372,0.0,0.0,0.0,0.188824
2025-05-06,300ETF,Future (IF88 (CSI 300 Futures)),score,-0.558,1.3,0.0,0,0.002553,0.0,0.0,0.0,0.188824
2025-05-07,300ETF,Future (IF88 (CSI 300 Futures)),score,-0.5543,1.3,0.0,0,-0.004175,-0.0,0.0,-0.0,0.188824
2025-05-08,300ETF,Future (IF88 (CSI 300 Futures)),score,0.842,1.3,0.0,0,-0.000733,-0.0,0.0,-0.0,0.188824
2025-05-09,300ETF,Future (IF88 (CSI 300 Futures)),score,-0.3945,1.3,0.0,0,-0.000998,-0.0,0.0,-0.0,0.188824
2025-05-12,300ETF,Future (IF88 (CSI 300 Futures)),score,-0.1728,1.3,0.0,0,0.002863,0.0,0.0,0.0,0.188824
2025-05-13,300ETF,Future (IF88 (CSI 300 Futures)),score,-0.8553,1.3,0.0,0,-0.002385,-0.0,0.0,-0.0,0.188824
2025-05-14,300ETF,Future (IF88 (CSI 300 Futures)),score,-0.2682,1.3,0.0,0,0.011439,0.0,0.0,0.0,0.188824
2025-05-15,300ETF,Future (IF88 (CSI 300 Futures)),score,-0.5714,1.3,0.0,0,-0.001858,-0.0,0.0,-0.0,0.188824
2025-05-16,300ETF,Future (IF88 (CSI 300 Futures)),score,-0.3446,1.3,0.0,0,-0.005085,-0.0,0.0,-0.0,0.188824
2025-05-19,300ETF,Future (IF88 (CSI 300 Futures)),score,-0.4944,1.3,0.0,0,0.004176,0.0,0.0,0.0,0.188824
2025-05-20,300ETF,Future (IF88 (CSI 300 Futures)),score,0.0109,1.3,0.0,0,0.00503,0.0,0.0,0.0,0.188824
2025-05-21,300ETF,Future (IF88 (CSI 300 Futures)),score,0.6585,1.3,0.0,0,0.00165,0.0,0.0,0.0,0.188824
2025-05-22,300ETF,Future (IF88 (CSI 300 Futures)),score,-0.6972,1.3,0.0,0,0.000773,0.0,0.0,0.0,0.188824
2025-05-23,300ETF,Future (IF88 (CSI 300 Futures)),score,0.4724,1.3,0.0,0,-0.010178,-0.0,0.0,-0.0,0.188824
2025-05-26,300ETF,Future (IF88 (CSI 300 Futures)),score,-0.5037,1.3,0.0,0,-0.003859,-0.0,0.0,-0.0,0.188824
2025-05-27,300ETF,Future (IF88 (CSI 300 Futures)),score,-0.0471,1.3,0.0,0,-0.003982,-0.0,0.0,-0.0,0.188824
2025-05-28,300ETF,Future (IF88 (CSI 300 Futures)),score,0.0722,1.3,0.0,0,-0.003042,-0.0,0.0,-0.0,0.188824
2025-05-29,300ETF,Future (IF88 (CSI 300 Futures)),score,0.1076,1.3,0.0,0,0.000887,0.0,0.0,0.0,0.188824
2025-05-30,300ETF,Future (IF88 (CSI 300 Futures)),score,-0.227,1.3,0.0,0,0.005352,0.0,0.0,0.0,0.188824
2025-06-03,300ETF,Future (IF88 (CSI 300 Futures)),score,0.2912,1.3,0.0,0,0.000313,0.0,0.0,0.0,0.188824
2025-06-04,300ETF,Future (IF88 (CSI 300 Futures)),score,0.5938,1.3,0.0,0,-5.2e-05,-0.0,0.0,-0.0,0.188824
2025-06-05,300ETF,Future (IF88 (CSI 300 Futures)),score,-0.4904,1.3,0.0,0,0.004679,0.0,0.0,0.0,0.188824
2025-06-06,300ETF,Future (IF88 (CSI 300 Futures)),score,-0.4122,1.3,0.0,0,0.000156,0.0,0.0,0.0,0.188824
2025-06-09,300ETF,Future (IF88 (CSI 300 Futures)),score,-0.1461,1.3,0.0,0,-0.001086,-0.0,0.0,-0.0,0.188824
2025-06-10,300ETF,Future (IF88 (CSI 300 Futures)),score,-0.0453,1.3,0.0,0,-0.007306,-0.0,0.0,-0.0,0.188824
2025-06-11,300ETF,Future (IF88 (CSI 300 Futures)),score,1.5362,1.3,1.0,1,-0.003342,-0.003342,0.0008,-0.004142,0.184682
2025-06-12,300ETF,Future (IF88 (CSI 300 Futures)),score,-0.6922,1.3,0.0,0,0.003354,0.0,0.0008,-0.0008,0.183882
2025-06-13,300ETF,Future (IF88 (CSI 300 Futures)),score,-0.1654,1.3,0.0,0,-0.001762,-0.0,0.0,-0.0,0.183882
2025-06-16,300ETF,Future (IF88 (CSI 300 Futures)),score,-0.0613,1.3,0.0,0,0.002276,0.0,0.0,0.0,0.183882
2025-06-17,300ETF,Future (IF88 (CSI 300 Futures)),score,-0.2296,1.3,0.0,0,-0.002999,-0.0,0.0,-0.0,0.183882
2025-06-18,300ETF,Future (IF88 (CSI 300 Futures)),score,0.1358,1.3,0.0,0,0.001707,0.0,0.0,0.0,0.183882
2025-06-19,300ETF,Future (IF88 (CSI 300 Futures)),score,-0.5047,1.3,0.0,0,-0.007953,-0.0,0.0,-0.0,0.183882
2025-06-20,300ETF,Future (IF88 (CSI 300 Futures)),score,0.4713,1.3,0.0,0,-0.002102,-0.0,0.0,-0.0,0.183882
2025-06-23,300ETF,Future (IF88 (CSI 300 Futures)),score,-0.2473,1.3,0.0,0,0.007076,0.0,0.0,0.0,0.183882
2025-06-24,300ETF,Future (IF88 (CSI 300 Futures)),score,1.1922,1.3,0.0,0,0.000672,0.0,0.0,0.0,0.183882
2025-06-25,300ETF,Future (IF88 (CSI 300 Futures)),score,0.2112,1.3,0.0,0,0.012951,0.0,0.0,0.0,0.183882
2025-06-26,300ETF,Future (IF88 (CSI 300 Futures)),score,-0.1439,1.3,0.0,0,-0.002291,-0.0,0.0,-0.0,0.183882
2025-06-27,300ETF,Future (IF88 (CSI 300 Futures)),score,0.1085,1.3,0.0,0,-0.010626,-0.0,0.0,-0.0,0.183882
2025-06-30,300ETF,Future (IF88 (CSI 300 Futures)),score,0.1796,1.3,0.0,0,0.00169,0.0,0.0,0.0,0.183882
2025-07-01,300ETF,Future (IF88 (CSI 300 Futures)),score,-0.6277,1.3,0.0,0,0.002969,0.0,0.0,0.0,0.183882
2025-07-02,300ETF,Future (IF88 (CSI 300 Futures)),score,-0.4008,1.3,0.0,0,0.003271,0.0,0.0,0.0,0.183882
2025-07-03,300ETF,Future (IF88 (CSI 300 Futures)),score,0.1998,1.3,0.0,0,0.003046,0.0,0.0,0.0,0.183882
2025-07-04,300ETF,Future (IF88 (CSI 300 Futures)),score,-0.5877,1.3,0.0,0,0.003545,0.0,0.0,0.0,0.183882
2025-07-07,300ETF,Future (IF88 (CSI 300 Futures)),score,-0.8036,1.3,0.0,0,0.000659,0.0,0.0,0.0,0.183882
2025-07-08,300ETF,Future (IF88 (CSI 300 Futures)),score,0.5134,1.3,0.0,0,0.006693,0.0,0.0,0.0,0.183882
2025-07-09,300ETF,Future (IF88 (CSI 300 Futures)),score,0.1344,1.3,0.0,0,-5e-05,-0.0,0.0,-0.0,0.183882
2025-07-10,300ETF,Future (IF88 (CSI 300 Futures)),score,0.0713,1.3,0.0,0,0.004161,0.0,0.0,0.0,0.183882
2025-07-11,300ETF,Future (IF88 (CSI 300 Futures)),score,0.2287,1.3,0.0,0,0.001739,0.0,0.0,0.0,0.183882
2025-07-14,300ETF,Future (IF88 (CSI 300 Futures)),score,0.0557,1.3,0.0,0,0.000897,0.0,0.0,0.0,0.183882
2025-07-15,300ETF,Future (IF88 (CSI 300 Futures)),score,0.67,1.3,0.0,0,-0.003929,-0.0,0.0,-0.0,0.183882
2025-07-16,300ETF,Future (IF88 (CSI 300 Futures)),score,-0.3565,1.3,0.0,0,-0.005135,-0.0,0.0,-0.0,0.183882
2025-07-17,300ETF,Future (IF88 (CSI 300 Futures)),score,0.4555,1.3,0.0,0,0.004077,0.0,0.0,0.0,0.183882
2025-07-18,300ETF,Future (IF88 (CSI 300 Futures)),score,0.7177,1.3,0.0,0,-0.001977,-0.0,0.0,-0.0,0.183882
2025-07-21,300ETF,Future (IF88 (CSI 300 Futures)),score,-0.1426,1.3,0.0,0,0.001768,0.0,0.0,0.0,0.183882
2025-07-22,300ETF,Future (IF88 (CSI 300 Futures)),score,0.1104,1.3,0.0,0,0.009089,0.0,0.0,0.0,0.183882
2025-07-23,300ETF,Future (IF88 (CSI 300 Futures)),score,0.2234,1.3,0.0,0,-0.003733,-0.0,0.0,-0.0,0.183882
2025-07-24,300ETF,Future (IF88 (CSI 300 Futures)),score,0.0943,1.3,0.0,0,0.006141,0.0,0.0,0.0,0.183882
2025-07-25,300ETF,Future (IF88 (CSI 300 Futures)),score,-0.4268,1.3,0.0,0,-0.001549,-0.0,0.0,-0.0,0.183882
2025-07-28,300ETF,Future (IF88 (CSI 300 Futures)),score,-0.5287,1.3,0.0,0,-0.00092,-0.0,0.0,-0.0,0.183882
2025-07-29,300ETF,Future (IF88 (CSI 300 Futures)),score,0.2366,1.3,0.0,0,0.008089,0.0,0.0,0.0,0.183882
2025-07-30,300ETF,Future (IF88 (CSI 300 Futures)),score,0.0615,1.3,0.0,0,-0.001204,-0.0,0.0,-0.0,0.183882
2025-07-31,300ETF,Future (IF88 (CSI 300 Futures)),score,-0.9093,1.3,0.0,0,-0.010208,-0.0,0.0,-0.0,0.183882
2025-08-01,300ETF,Future (IF88 (CSI 300 Futures)),score,0.2197,1.3,0.0,0,-0.005883,-0.0,0.0,-0.0,0.183882
2025-08-04,300ETF,Future (IF88 (CSI 300 Futures)),score,0.2485,1.3,0.0,0,0.002622,0.0,0.0,0.0,0.183882
2025-08-05,300ETF,Future (IF88 (CSI 300 Futures)),score,-0.0911,1.3,0.0,0,0.006046,0.0,0.0,0.0,0.183882
2025-08-06,300ETF,Future (IF88 (CSI 300 Futures)),score,0.1181,1.3,0.0,0,0.003469,0.0,0.0,0.0,0.183882
2025-08-07,300ETF,Future (IF88 (CSI 300 Futures)),score,0.118,1.3,0.0,0,-0.001659,-0.0,0.0,-0.0,0.183882
2025-08-08,300ETF,Future (IF88 (CSI 300 Futures)),score,-0.5436,1.3,0.0,0,0.002352,0.0,0.0,0.0,0.183882
2025-08-11,300ETF,Future (IF88 (CSI 300 Futures)),score,-0.3774,1.3,0.0,0,0.001119,0.0,0.0,0.0,0.183882
2025-08-12,300ETF,Future (IF88 (CSI 300 Futures)),score,0.441,1.3,0.0,0,0.000388,0.0,0.0,0.0,0.183882
2025-08-13,300ETF,Future (IF88 (CSI 300 Futures)),score,0.4467,1.3,0.0,0,0.001879,0.0,0.0,0.0,0.183882
2025-08-14,300ETF,Future (IF88 (CSI 300 Futures)),score,0.8984,1.3,0.0,0,-0.002963,-0.0,0.0,-0.0,0.183882
2025-08-15,300ETF,Future (IF88 (CSI 300 Futures)),score,0.1978,1.3,0.0,0,0.005304,0.0,0.0,0.0,0.183882
2025-08-18,300ETF,Future (IF88 (CSI 300 Futures)),score,0.0228,1.3,0.0,0,0.003404,0.0,0.0,0.0,0.183882
2025-08-19,300ETF,Future (IF88 (CSI 300 Futures)),score,0.7535,1.3,0.0,0,-0.005054,-0.0,0.0,-0.0,0.183882
2025-08-20,300ETF,Future (IF88 (CSI 300 Futures)),score,-0.0821,1.3,0.0,0,0.006893,0.0,0.0,0.0,0.183882
2025-08-21,300ETF,Future (IF88 (CSI 300 Futures)),score,0.53,1.3,0.0,0,-0.000187,-0.0,0.0,-0.0,0.183882
2025-08-22,300ETF,Future (IF88 (CSI 300 Futures)),score,0.8799,1.3,0.0,0,0.015046,0.0,0.0,0.0,0.183882
2025-08-25,300ETF,Future (IF88 (CSI 300 Futures)),score,1.1774,1.3,0.0,0,0.007882,0.0,0.0,0.0,0.183882
2025-08-26,300ETF,Future (IF88 (CSI 300 Futures)),score,-0.6975,1.3,0.0,0,0.001928,0.0,0.0,0.0,0.183882
2025-08-27,300ETF,Future (IF88 (CSI 300 Futures)),score,0.3194,1.3,0.0,0,-0.003468,-0.0,0.0,-0.0,0.183882
2025-08-28,300ETF,Future (IF88 (CSI 300 Futures)),score,0.6183,1.3,0.0,0,0.011022,0.0,0.0,0.0,0.183882
2025-08-29,300ETF,Future (IF88 (CSI 300 Futures)),score,0.7268,1.3,0.0,0,0.003029,0.0,0.0,0.0,0.183882
2025-09-01,300ETF,Future (IF88 (CSI 300 Futures)),score,-0.3618,1.3,0.0,0,0.004929,0.0,0.0,0.0,0.183882
2025-09-02,300ETF,Future (IF88 (CSI 300 Futures)),score,0.7033,1.3,0.0,0,-0.010199,-0.0,0.0,-0.0,0.183882
2025-09-03,300ETF,Future (IF88 (CSI 300 Futures)),score,-0.1492,1.3,0.0,0,-0.005025,-0.0,0.0,-0.0,0.183882
2025-09-04,300ETF,Future (IF88 (CSI 300 Futures)),score,-0.5373,1.3,0.0,0,-0.020833,-0.0,0.0,-0.0,0.183882
2025-09-05,300ETF,Future (IF88 (CSI 300 Futures)),score,0.0431,1.3,0.0,0,0.015206,0.0,0.0,0.0,0.183882
2025-09-08,300ETF,Future (IF88 (CSI 300 Futures)),score,0.3405,1.3,0.0,0,0.000134,0.0,0.0,0.0,0.183882
2025-09-09,300ETF,Future (IF88 (CSI 300 Futures)),score,0.052,1.3,0.0,0,-0.010137,-0.0,0.0,-0.0,0.183882
2025-09-10,300ETF,Future (IF88 (CSI 300 Futures)),score,0.4554,1.3,0.0,0,0.000585,0.0,0.0,0.0,0.183882
2025-09-11,300ETF,Future (IF88 (CSI 300 Futures)),score,-0.0152,1.3,0.0,0,0.021525,0.0,0.0,0.0,0.183882
2025-09-12,300ETF,Future (IF88 (CSI 300 Futures)),score,0.2356,1.3,0.0,0,-0.005988,-0.0,0.0,-0.0,0.183882
2025-09-15,300ETF,Future (IF88 (CSI 300 Futures)),score,0.3578,1.3,0.0,0,-0.001896,-0.0,0.0,-0.0,0.183882
2025-09-16,300ETF,Future (IF88 (CSI 300 Futures)),score,0.2674,1.3,0.0,0,-0.00425,-0.0,0.0,-0.0,0.183882
2025-09-17,300ETF,Future (IF88 (CSI 300 Futures)),score,0.0976,1.3,0.0,0,0.005207,0.0,0.0,0.0,0.183882
2025-09-18,300ETF,Future (IF88 (CSI 300 Futures)),score,-0.351,1.3,0.0,0,-0.015567,-0.0,0.0,-0.0,0.183882
2025-09-19,300ETF,Future (IF88 (CSI 300 Futures)),score,0.4121,1.3,0.0,0,0.002893,0.0,0.0,0.0,0.183882
2025-09-22,300ETF,Future (IF88 (CSI 300 Futures)),score,-0.7184,1.3,0.0,0,0.006636,0.0,0.0,0.0,0.183882
2025-09-23,300ETF,Future (IF88 (CSI 300 Futures)),score,-0.0522,1.3,0.0,0,-0.006632,-0.0,0.0,-0.0,0.183882
2025-09-24,300ETF,Future (IF88 (CSI 300 Futures)),score,0.3997,1.3,0.0,0,0.004503,0.0,0.0,0.0,0.183882
2025-09-25,300ETF,Future (IF88 (CSI 300 Futures)),score,0.0251,1.3,0.0,0,0.010397,0.0,0.0,0.0,0.183882
2025-09-26,300ETF,Future (IF88 (CSI 300 Futures)),score,-0.0194,1.3,0.0,0,-0.005434,-0.0,0.0,-0.0,0.183882
2025-09-29,300ETF,Future (IF88 (CSI 300 Futures)),score,-0.1022,1.3,0.0,0,0.015715,0.0,0.0,0.0,0.183882
2025-09-30,300ETF,Future (IF88 (CSI 300 Futures)),score,0.2888,1.3,0.0,0,-0.000345,-0.0,0.0,-0.0,0.183882
2025-10-09,300ETF,Future (IF88 (CSI 300 Futures)),score,0.1721,1.3,0.0,0,0.011139,0.0,0.0,0.0,0.183882
2025-10-10,300ETF,Future (IF88 (CSI 300 Futures)),score,-0.8303,1.3,0.0,0,-0.010562,-0.0,0.0,-0.0,0.183882
2025-10-13,300ETF,Future (IF88 (CSI 300 Futures)),score,-0.4479,1.3,0.0,0,0.010764,0.0,0.0,0.0,0.183882
2025-10-14,300ETF,Future (IF88 (CSI 300 Futures)),score,0.0335,1.3,0.0,0,-0.019376,-0.0,0.0,-0.0,0.183882
2025-10-15,300ETF,Future (IF88 (CSI 300 Futures)),score,-0.5196,1.3,0.0,0,0.011149,0.0,0.0,0.0,0.183882
2025-10-16,300ETF,Future (IF88 (CSI 300 Futures)),score,0.7251,1.3,0.0,0,-0.002427,-0.0,0.0,-0.0,0.183882
2025-10-17,300ETF,Future (IF88 (CSI 300 Futures)),score,-0.2513,1.3,0.0,0,-0.011597,-0.0,0.0,-0.0,0.183882
2025-10-20,300ETF,Future (IF88 (CSI 300 Futures)),score,-0.1165,1.3,0.0,0,-0.007688,-0.0,0.0,-0.0,0.183882
2025-10-21,300ETF,Future (IF88 (CSI 300 Futures)),score,0.5322,1.3,0.0,0,0.004406,0.0,0.0,0.0,0.183882
2025-10-22,300ETF,Future (IF88 (CSI 300 Futures)),score,-0.4763,1.3,0.0,0,0.001661,0.0,0.0,0.0,0.183882
2025-10-23,300ETF,Future (IF88 (CSI 300 Futures)),score,-0.1787,1.3,0.0,0,0.009826,0.0,0.0,0.0,0.183882
2025-10-24,300ETF,Future (IF88 (CSI 300 Futures)),score,0.743,1.3,0.0,0,0.004924,0.0,0.0,0.0,0.183882
2025-10-27,300ETF,Future (IF88 (CSI 300 Futures)),score,0.2168,1.3,0.0,0,0.000468,0.0,0.0,0.0,0.183882
2025-10-28,300ETF,Future (IF88 (CSI 300 Futures)),score,-0.4826,1.3,0.0,0,-0.002642,-0.0,0.0,-0.0,0.183882
2025-10-29,300ETF,Future (IF88 (CSI 300 Futures)),score,0.3438,1.3,0.0,0,0.006569,0.0,0.0,0.0,0.183882
2025-10-30,300ETF,Future (IF88 (CSI 300 Futures)),score,0.012,1.3,0.0,0,-0.00483,-0.0,0.0,-0.0,0.183882
2025-10-31,300ETF,Future (IF88 (CSI 300 Futures)),score,-0.6858,1.3,0.0,0,-0.006777,-0.0,0.0,-0.0,0.183882
2025-11-03,300ETF,Future (IF88 (CSI 300 Futures)),score,-0.4187,1.3,0.0,0,0.007459,0.0,0.0,0.0,0.183882
2025-11-04,300ETF,Future (IF88 (CSI 300 Futures)),score,0.2235,1.3,0.0,0,-0.01014,-0.0,0.0,-0.0,0.183882
2025-11-05,300ETF,Future (IF88 (CSI 300 Futures)),score,-0.8985,1.3,0.0,0,0.011033,0.0,0.0,0.0,0.183882
2025-11-06,300ETF,Future (IF88 (CSI 300 Futures)),score,1.022,1.3,0.0,0,0.007185,0.0,0.0,0.0,0.183882
2025-11-07,300ETF,Future (IF88 (CSI 300 Futures)),score,-0.4046,1.3,0.0,0,0.001288,0.0,0.0,0.0,0.183882
2025-11-10,300ETF,Future (IF88 (CSI 300 Futures)),score,-0.2269,1.3,0.0,0,0.006446,0.0,0.0,0.0,0.183882
2025-11-11,300ETF,Future (IF88 (CSI 300 Futures)),score,-0.5578,1.3,0.0,0,-0.006669,-0.0,0.0,-0.0,0.183882
2025-11-12,300ETF,Future (IF88 (CSI 300 Futures)),score,-0.2823,1.3,0.0,0,-0.000604,-0.0,0.0,-0.0,0.183882
2025-11-13,300ETF,Future (IF88 (CSI 300 Futures)),score,0.3077,1.3,0.0,0,0.007427,0.0,0.0,0.0,0.183882
2025-11-14,300ETF,Future (IF88 (CSI 300 Futures)),score,-0.6124,1.3,0.0,0,-0.003792,-0.0,0.0,-0.0,0.183882
2025-11-17,300ETF,Future (IF88 (CSI 300 Futures)),score,-0.3499,1.3,0.0,0,0.001312,0.0,0.0,0.0,0.183882
2025-11-18,300ETF,Future (IF88 (CSI 300 Futures)),score,0.0601,1.3,0.0,0,-0.00365,-0.0,0.0,-0.0,0.183882
2025-11-19,300ETF,Future (IF88 (CSI 300 Futures)),score,0.6951,1.3,0.0,0,0.001619,0.0,0.0,0.0,0.183882
2025-11-20,300ETF,Future (IF88 (CSI 300 Futures)),score,-0.4978,1.3,0.0,0,-0.006488,-0.0,0.0,-0.0,0.183882
2025-11-21,300ETF,Future (IF88 (CSI 300 Futures)),score,-1.0357,1.3,-1.0,1,-0.008379,0.008379,0.0008,0.007579,0.191461
2025-11-24,300ETF,Future (IF88 (CSI 300 Futures)),score,-0.5445,1.3,0.0,0,0.003603,0.0,0.0008,-0.0008,0.190661
2025-11-25,300ETF,Future (IF88 (CSI 300 Futures)),score,-0.26,1.3,0.0,0,0.0,0.0,0.0,0.0,0.190661
2025-11-26,300ETF,Future (IF88 (CSI 300 Futures)),score,0.1713,1.3,0.0,0,-0.000311,-0.0,0.0,-0.0,0.190661
2025-11-27,300ETF,Future (IF88 (CSI 300 Futures)),score,0.7734,1.3,0.0,0,-0.00871,-0.0,0.0,-0.0,0.190661
2025-11-28,300ETF,Future (IF88 (CSI 300 Futures)),score,-0.4168,1.3,0.0,0,0.006411,0.0,0.0,0.0,0.190661
2025-12-01,300ETF,Future (IF88 (CSI 300 Futures)),score,0.2593,1.3,0.0,0,0.002598,0.0,0.0,0.0,0.190661
2025-12-02,300ETF,Future (IF88 (CSI 300 Futures)),score,-0.6592,1.3,0.0,0,-0.003261,-0.0,0.0,-0.0,0.190661
2025-12-03,300ETF,Future (IF88 (CSI 300 Futures)),score,0.3368,1.3,0.0,0,-0.005126,-0.0,0.0,-0.0,0.190661
2025-12-04,300ETF,Future (IF88 (CSI 300 Futures)),score,0.1854,1.3,0.0,0,0.005713,0.0,0.0,0.0,0.190661
2025-12-05,300ETF,Future (IF88 (CSI 300 Futures)),score,-0.2099,1.3,0.0,0,0.008607,0.0,0.0,0.0,0.190661
2025-12-08,300ETF,Future (IF88 (CSI 300 Futures)),score,0.4348,1.3,0.0,0,0.00599,0.0,0.0,0.0,0.190661
2025-12-09,300ETF,Future (IF88 (CSI 300 Futures)),score,-0.3655,1.3,0.0,0,-0.007132,-0.0,0.0,-0.0,0.190661
2025-12-10,300ETF,Future (IF88 (CSI 300 Futures)),score,-1.0945,1.3,-1.0,1,0.008116,-0.008116,0.0008,-0.008916,0.181745
2025-12-11,300ETF,Future (IF88 (CSI 300 Futures)),score,0.3616,1.3,0.0,0,-0.007622,-0.0,0.0008,-0.0008,0.180945
2025-12-12,300ETF,Future (IF88 (CSI 300 Futures)),score,-0.6496,1.3,0.0,0,0.007986,0.0,0.0,0.0,0.180945
2025-12-15,300ETF,Future (IF88 (CSI 300 Futures)),score,0.1932,1.3,0.0,0,-0.005607,-0.0,0.0,-0.0,0.180945
2025-12-16,300ETF,Future (IF88 (CSI 300 Futures)),score,-0.2774,1.3,0.0,0,-0.003594,-0.0,0.0,-0.0,0.180945
2025-12-17,300ETF,Future (IF88 (CSI 300 Futures)),score,0.5725,1.3,0.0,0,0.017914,0.0,0.0,0.0,0.180945
2025-12-18,300ETF,Future (IF88 (CSI 300 Futures)),score,-0.6193,1.3,0.0,0,-0.001622,-0.0,0.0,-0.0,0.180945
2025-12-19,300ETF,Future (IF88 (CSI 300 Futures)),score,-0.7149,1.3,0.0,0,0.001407,0.0,0.0,0.0,0.180945
2025-12-22,300ETF,Future (IF88 (CSI 300 Futures)),score,0.7139,1.3,0.0,0,-0.001306,-0.0,0.0,-0.0,0.180945
2025-12-23,300ETF,Future (IF88 (CSI 300 Futures)),score,-0.5337,1.3,0.0,0,-0.001913,-0.0,0.0,-0.0,0.180945
2025-12-24,300ETF,Future (IF88 (CSI 300 Futures)),score,-0.5791,1.3,0.0,0,0.003994,0.0,0.0,0.0,0.180945
2025-12-25,300ETF,Future (IF88 (CSI 300 Futures)),score,0.0883,1.3,0.0,0,0.004453,0.0,0.0,0.0,0.180945
2025-12-26,300ETF,Future (IF88 (CSI 300 Futures)),score,0.5084,1.3,0.0,0,-0.002362,-0.0,0.0,-0.0,0.180945
2025-12-29,300ETF,Future (IF88 (CSI 300 Futures)),score,-0.2954,1.3,0.0,0,-0.004703,-0.0,0.0,-0.0,0.180945
2025-12-30,300ETF,Future (IF88 (CSI 300 Futures)),score,0.2494,1.3,0.0,0,0.001162,0.0,0.0,0.0,0.180945
2025-12-31,300ETF,Future (IF88 (CSI 300 Futures)),score,-0.5988,1.3,0.0,0,-0.005747,-0.0,0.0,-0.0,0.180945
