date,etf,asset_type,scheme,z_composite,z_th,position,is_trade,trade_return,raw_pnl,fee,net_pnl,cum_pnl
2022-01-04,500ETF,Future (IC88 (CSI 500 Futures)),rank,-0.5345,0.6,0.0,0,0.002203,0.0,0.0,0.0,0.0
2022-01-05,500ETF,Future (IC88 (CSI 500 Futures)),rank,-0.9398,0.6,0.0,0,-0.005012,-0.0,0.0,-0.0,0.0
2022-01-06,500ETF,Future (IC88 (CSI 500 Futures)),rank,-0.0282,0.6,0.0,0,0.002217,0.0,0.0,0.0,0.0
2022-01-07,500ETF,Future (IC88 (CSI 500 Futures)),rank,0.704,0.6,1.0,1,-0.006981,-0.006981,0.0008,-0.007781,-0.007781
2022-01-10,500ETF,Future (IC88 (CSI 500 Futures)),rank,-0.7516,0.6,0.0,0,0.005297,0.0,0.0008,-0.0008,-0.008581
2022-01-11,500ETF,Future (IC88 (CSI 500 Futures)),rank,0.2576,0.6,0.0,0,-0.007003,-0.0,0.0,-0.0,-0.008581
2022-01-12,500ETF,Future (IC88 (CSI 500 Futures)),rank,0.148,0.6,0.0,0,0.00323,0.0,0.0,0.0,-0.008581
2022-01-13,500ETF,Future (IC88 (CSI 500 Futures)),rank,-0.997,0.6,0.0,0,-0.005573,-0.0,0.0,-0.0,-0.008581
2022-01-14,500ETF,Future (IC88 (CSI 500 Futures)),rank,-0.3999,0.6,0.0,0,2.8e-05,0.0,0.0,0.0,-0.008581
2022-01-17,500ETF,Future (IC88 (CSI 500 Futures)),rank,0.8461,0.6,1.0,1,0.004251,0.004251,0.0008,0.003451,-0.005131
2022-01-18,500ETF,Future (IC88 (CSI 500 Futures)),rank,-0.3621,0.6,0.0,0,-0.000865,-0.0,0.0008,-0.0008,-0.005931
2022-01-19,500ETF,Future (IC88 (CSI 500 Futures)),rank,0.6752,0.6,1.0,1,-0.011228,-0.011228,0.0008,-0.012028,-0.017959
2022-01-20,500ETF,Future (IC88 (CSI 500 Futures)),rank,-0.1538,0.6,0.0,0,-0.004943,-0.0,0.0008,-0.0008,-0.018759
2022-01-21,500ETF,Future (IC88 (CSI 500 Futures)),rank,-0.8392,0.6,0.0,0,-0.004617,-0.0,0.0,-0.0,-0.018759
2022-01-24,500ETF,Future (IC88 (CSI 500 Futures)),rank,0.1538,0.6,0.0,0,0.000744,0.0,0.0,0.0,-0.018759
2022-01-25,500ETF,Future (IC88 (CSI 500 Futures)),rank,-0.3407,0.6,0.0,0,-0.02033,-0.0,0.0,-0.0,-0.018759
2022-01-26,500ETF,Future (IC88 (CSI 500 Futures)),rank,0.6848,0.6,1.0,1,0.001093,0.001093,0.0008,0.000293,-0.018465
2022-01-27,500ETF,Future (IC88 (CSI 500 Futures)),rank,-0.5074,0.6,0.0,0,-0.01749,-0.0,0.0008,-0.0008,-0.019265
2022-01-28,500ETF,Future (IC88 (CSI 500 Futures)),rank,-0.8795,0.6,0.0,0,0.003681,0.0,0.0,0.0,-0.019265
2022-02-07,500ETF,Future (IC88 (CSI 500 Futures)),rank,1.0446,0.6,1.0,1,-0.004785,-0.004785,0.0008,-0.005585,-0.024851
2022-02-08,500ETF,Future (IC88 (CSI 500 Futures)),rank,-0.5797,0.6,0.0,0,0.006312,0.0,0.0008,-0.0008,-0.025651
2022-02-09,500ETF,Future (IC88 (CSI 500 Futures)),rank,0.7258,0.6,1.0,1,0.014964,0.014964,0.0008,0.014164,-0.011486
2022-02-10,500ETF,Future (IC88 (CSI 500 Futures)),rank,0.027,0.6,0.0,0,-0.000469,-0.0,0.0008,-0.0008,-0.012286
2022-02-11,500ETF,Future (IC88 (CSI 500 Futures)),rank,0.0012,0.6,0.0,0,-0.009994,-0.0,0.0,-0.0,-0.012286
2022-02-14,500ETF,Future (IC88 (CSI 500 Futures)),rank,0.3736,0.6,0.0,0,-0.011956,-0.0,0.0,-0.0,-0.012286
2022-02-15,500ETF,Future (IC88 (CSI 500 Futures)),rank,0.0809,0.6,0.0,0,0.001902,0.0,0.0,0.0,-0.012286
2022-02-16,500ETF,Future (IC88 (CSI 500 Futures)),rank,-0.2761,0.6,0.0,0,-0.0013,-0.0,0.0,-0.0,-0.012286
2022-02-17,500ETF,Future (IC88 (CSI 500 Futures)),rank,-0.832,0.6,0.0,0,-5.9e-05,-0.0,0.0,-0.0,-0.012286
2022-02-18,500ETF,Future (IC88 (CSI 500 Futures)),rank,0.7879,0.6,1.0,1,0.00426,0.00426,0.0008,0.00346,-0.008827
2022-02-21,500ETF,Future (IC88 (CSI 500 Futures)),rank,-0.0119,0.6,0.0,0,-0.000293,-0.0,0.0008,-0.0008,-0.009627
2022-02-22,500ETF,Future (IC88 (CSI 500 Futures)),rank,-1.1231,0.6,-1.0,1,0.000828,-0.000828,0.0008,-0.001628,-0.011255
2022-02-23,500ETF,Future (IC88 (CSI 500 Futures)),rank,1.0184,0.6,1.0,1,0.006776,0.006776,0.0016,0.005176,-0.00608
2022-02-24,500ETF,Future (IC88 (CSI 500 Futures)),rank,-0.148,0.6,0.0,0,-0.019137,-0.0,0.0008,-0.0008,-0.00688
2022-02-25,500ETF,Future (IC88 (CSI 500 Futures)),rank,1.2011,0.6,1.0,1,-0.012179,-0.012179,0.0008,-0.012979,-0.019859
2022-02-28,500ETF,Future (IC88 (CSI 500 Futures)),rank,-0.4539,0.6,0.0,0,0.006169,0.0,0.0008,-0.0008,-0.020659
2022-03-01,500ETF,Future (IC88 (CSI 500 Futures)),rank,0.4545,0.6,0.0,0,-0.00233,-0.0,0.0,-0.0,-0.020659
2022-03-02,500ETF,Future (IC88 (CSI 500 Futures)),rank,-0.5729,0.6,0.0,0,0.005489,0.0,0.0,0.0,-0.020659
2022-03-03,500ETF,Future (IC88 (CSI 500 Futures)),rank,-0.5099,0.6,0.0,0,-0.003091,-0.0,0.0,-0.0,-0.020659
2022-03-04,500ETF,Future (IC88 (CSI 500 Futures)),rank,-0.6592,0.6,0.0,0,-0.005964,-0.0,0.0,-0.0,-0.020659
2022-03-07,500ETF,Future (IC88 (CSI 500 Futures)),rank,-1.1337,0.6,-1.0,1,-0.009547,0.009547,0.0008,0.008747,-0.011911
2022-03-08,500ETF,Future (IC88 (CSI 500 Futures)),rank,-0.8139,0.6,0.0,0,-0.020997,-0.0,0.0008,-0.0008,-0.012711
2022-03-09,500ETF,Future (IC88 (CSI 500 Futures)),rank,-0.6526,0.6,0.0,0,-0.028827,-0.0,0.0,-0.0,-0.012711
2022-03-10,500ETF,Future (IC88 (CSI 500 Futures)),rank,0.1611,0.6,0.0,0,-0.001095,-0.0,0.0,-0.0,-0.012711
2022-03-11,500ETF,Future (IC88 (CSI 500 Futures)),rank,-1.0531,0.6,-1.0,1,0.020718,-0.020718,0.0008,-0.021518,-0.034229
2022-03-14,500ETF,Future (IC88 (CSI 500 Futures)),rank,0.4526,0.6,0.0,0,-0.018545,-0.0,0.0008,-0.0008,-0.035029
2022-03-15,500ETF,Future (IC88 (CSI 500 Futures)),rank,-1.4453,0.6,-1.0,1,-0.016509,0.016509,0.0008,0.015709,-0.01932
2022-03-16,500ETF,Future (IC88 (CSI 500 Futures)),rank,-0.7013,0.6,0.0,0,0.029807,0.0,0.0008,-0.0008,-0.02012
2022-03-17,500ETF,Future (IC88 (CSI 500 Futures)),rank,1.1904,0.6,1.0,1,0.004431,0.004431,0.0008,0.003631,-0.016489
2022-03-18,500ETF,Future (IC88 (CSI 500 Futures)),rank,0.7594,0.6,1.0,1,0.011075,0.011075,0.0,0.011075,-0.005414
2022-03-21,500ETF,Future (IC88 (CSI 500 Futures)),rank,0.5666,0.6,0.0,0,-0.006824,-0.0,0.0008,-0.0008,-0.006214
2022-03-22,500ETF,Future (IC88 (CSI 500 Futures)),rank,-0.6696,0.6,0.0,0,-0.000794,-0.0,0.0,-0.0,-0.006214
2022-03-23,500ETF,Future (IC88 (CSI 500 Futures)),rank,-0.0689,0.6,0.0,0,0.004383,0.0,0.0,0.0,-0.006214
2022-03-24,500ETF,Future (IC88 (CSI 500 Futures)),rank,-0.9267,0.6,0.0,0,0.000982,0.0,0.0,0.0,-0.006214
2022-03-25,500ETF,Future (IC88 (CSI 500 Futures)),rank,0.1602,0.6,0.0,0,-0.013524,-0.0,0.0,-0.0,-0.006214
2022-03-28,500ETF,Future (IC88 (CSI 500 Futures)),rank,-0.8965,0.6,0.0,0,0.011408,0.0,0.0,0.0,-0.006214
2022-03-29,500ETF,Future (IC88 (CSI 500 Futures)),rank,0.2837,0.6,0.0,0,-0.011042,-0.0,0.0,-0.0,-0.006214
2022-03-30,500ETF,Future (IC88 (CSI 500 Futures)),rank,0.9283,0.6,1.0,1,0.009988,0.009988,0.0008,0.009188,0.002974
2022-03-31,500ETF,Future (IC88 (CSI 500 Futures)),rank,-0.1778,0.6,0.0,0,-0.005212,-0.0,0.0008,-0.0008,0.002174
2022-04-01,500ETF,Future (IC88 (CSI 500 Futures)),rank,-0.0072,0.6,0.0,0,0.007671,0.0,0.0,0.0,0.002174
2022-04-06,500ETF,Future (IC88 (CSI 500 Futures)),rank,-1.0403,0.6,-1.0,1,0.003646,-0.003646,0.0008,-0.004446,-0.002272
2022-04-07,500ETF,Future (IC88 (CSI 500 Futures)),rank,0.4584,0.6,0.0,0,-0.018847,-0.0,0.0008,-0.0008,-0.003072
2022-04-08,500ETF,Future (IC88 (CSI 500 Futures)),rank,-0.5096,0.6,0.0,0,0.005254,0.0,0.0,0.0,-0.003072
2022-04-11,500ETF,Future (IC88 (CSI 500 Futures)),rank,-1.1516,0.6,-1.0,1,-0.019434,0.019434,0.0008,0.018634,0.015562
2022-04-12,500ETF,Future (IC88 (CSI 500 Futures)),rank,0.0846,0.6,0.0,0,0.019013,0.0,0.0008,-0.0008,0.014762
2022-04-13,500ETF,Future (IC88 (CSI 500 Futures)),rank,-1.0824,0.6,-1.0,1,0.001812,-0.001812,0.0008,-0.002612,0.012151
2022-04-14,500ETF,Future (IC88 (CSI 500 Futures)),rank,0.0075,0.6,0.0,0,0.010707,0.0,0.0008,-0.0008,0.011351
2022-04-15,500ETF,Future (IC88 (CSI 500 Futures)),rank,-0.6644,0.6,0.0,0,-0.005229,-0.0,0.0,-0.0,0.011351
2022-04-18,500ETF,Future (IC88 (CSI 500 Futures)),rank,-0.9148,0.6,0.0,0,0.006313,0.0,0.0,0.0,0.011351
2022-04-19,500ETF,Future (IC88 (CSI 500 Futures)),rank,0.7709,0.6,1.0,1,0.0,0.0,0.0008,-0.0008,0.010551
2022-04-20,500ETF,Future (IC88 (CSI 500 Futures)),rank,-0.616,0.6,0.0,0,-0.018858,-0.0,0.0008,-0.0008,0.009751
2022-04-21,500ETF,Future (IC88 (CSI 500 Futures)),rank,0.2554,0.6,0.0,0,-0.029177,-0.0,0.0,-0.0,0.009751
2022-04-22,500ETF,Future (IC88 (CSI 500 Futures)),rank,-0.9957,0.6,0.0,0,0.006387,0.0,0.0,0.0,0.009751
2022-04-25,500ETF,Future (IC88 (CSI 500 Futures)),rank,-1.5533,0.6,-1.0,1,-0.027182,0.027182,0.0008,0.026382,0.036133
2022-04-26,500ETF,Future (IC88 (CSI 500 Futures)),rank,-0.5534,0.6,0.0,0,-0.010154,-0.0,0.0008,-0.0008,0.035333
2022-04-27,500ETF,Future (IC88 (CSI 500 Futures)),rank,0.3543,0.6,0.0,0,0.03843,0.0,0.0,0.0,0.035333
2022-04-28,500ETF,Future (IC88 (CSI 500 Futures)),rank,0.152,0.6,0.0,0,0.000821,0.0,0.0,0.0,0.035333
2022-04-29,500ETF,Future (IC88 (CSI 500 Futures)),rank,0.2023,0.6,0.0,0,0.03127,0.0,0.0,0.0,0.035333
2022-05-05,500ETF,Future (IC88 (CSI 500 Futures)),rank,0.805,0.6,1.0,1,0.001751,0.001751,0.0008,0.000951,0.036283
2022-05-06,500ETF,Future (IC88 (CSI 500 Futures)),rank,-0.555,0.6,0.0,0,-0.006291,-0.0,0.0008,-0.0008,0.035483
2022-05-09,500ETF,Future (IC88 (CSI 500 Futures)),rank,1.0582,0.6,1.0,1,-0.001711,-0.001711,0.0008,-0.002511,0.032973
2022-05-10,500ETF,Future (IC88 (CSI 500 Futures)),rank,0.0074,0.6,0.0,0,0.030099,0.0,0.0008,-0.0008,0.032173
2022-05-11,500ETF,Future (IC88 (CSI 500 Futures)),rank,1.4224,0.6,1.0,1,-0.002567,-0.002567,0.0008,-0.003367,0.028806
2022-05-12,500ETF,Future (IC88 (CSI 500 Futures)),rank,0.9561,0.6,1.0,1,0.000776,0.000776,0.0,0.000776,0.029582
2022-05-13,500ETF,Future (IC88 (CSI 500 Futures)),rank,0.6185,0.6,1.0,1,0.001121,0.001121,0.0,0.001121,0.030703
2022-05-16,500ETF,Future (IC88 (CSI 500 Futures)),rank,-0.2167,0.6,0.0,0,-0.00569,-0.0,0.0008,-0.0008,0.029903
2022-05-17,500ETF,Future (IC88 (CSI 500 Futures)),rank,-0.8309,0.6,0.0,0,0.005002,0.0,0.0,0.0,0.029903
2022-05-18,500ETF,Future (IC88 (CSI 500 Futures)),rank,-0.4634,0.6,0.0,0,-0.002892,-0.0,0.0,-0.0,0.029903
2022-05-19,500ETF,Future (IC88 (CSI 500 Futures)),rank,0.103,0.6,0.0,0,0.017183,0.0,0.0,0.0,0.029903
2022-05-20,500ETF,Future (IC88 (CSI 500 Futures)),rank,1.2494,0.6,1.0,1,0.002227,0.002227,0.0008,0.001427,0.031329
2022-05-23,500ETF,Future (IC88 (CSI 500 Futures)),rank,-0.1979,0.6,0.0,0,0.003396,0.0,0.0008,-0.0008,0.030529
2022-05-24,500ETF,Future (IC88 (CSI 500 Futures)),rank,-0.6428,0.6,0.0,0,-0.029223,-0.0,0.0,-0.0,0.030529
2022-05-25,500ETF,Future (IC88 (CSI 500 Futures)),rank,0.9683,0.6,1.0,1,0.003178,0.003178,0.0008,0.002378,0.032907
2022-05-26,500ETF,Future (IC88 (CSI 500 Futures)),rank,-0.8745,0.6,0.0,0,0.024312,0.0,0.0008,-0.0008,0.032107
2022-05-27,500ETF,Future (IC88 (CSI 500 Futures)),rank,0.8106,0.6,1.0,1,-0.006596,-0.006596,0.0008,-0.007396,0.024711
2022-05-30,500ETF,Future (IC88 (CSI 500 Futures)),rank,-0.63,0.6,0.0,0,0.009516,0.0,0.0008,-0.0008,0.023911
2022-05-31,500ETF,Future (IC88 (CSI 500 Futures)),rank,-0.9154,0.6,0.0,0,0.025436,0.0,0.0,0.0,0.023911
2022-06-01,500ETF,Future (IC88 (CSI 500 Futures)),rank,0.3955,0.6,0.0,0,-0.003414,-0.0,0.0,-0.0,0.023911
2022-06-02,500ETF,Future (IC88 (CSI 500 Futures)),rank,-0.3771,0.6,0.0,0,0.014275,0.0,0.0,0.0,0.023911
2022-06-06,500ETF,Future (IC88 (CSI 500 Futures)),rank,0.6835,0.6,1.0,1,0.016757,0.016757,0.0008,0.015957,0.039868
2022-06-07,500ETF,Future (IC88 (CSI 500 Futures)),rank,-0.1375,0.6,0.0,0,0.004423,0.0,0.0008,-0.0008,0.039068
2022-06-08,500ETF,Future (IC88 (CSI 500 Futures)),rank,0.4554,0.6,0.0,0,-0.004465,-0.0,0.0,-0.0,0.039068
2022-06-09,500ETF,Future (IC88 (CSI 500 Futures)),rank,-0.8471,0.6,0.0,0,-0.010478,-0.0,0.0,-0.0,0.039068
2022-06-10,500ETF,Future (IC88 (CSI 500 Futures)),rank,0.5703,0.6,0.0,0,0.018835,0.0,0.0,0.0,0.039068
2022-06-13,500ETF,Future (IC88 (CSI 500 Futures)),rank,0.472,0.6,0.0,0,-0.005749,-0.0,0.0,-0.0,0.039068
2022-06-14,500ETF,Future (IC88 (CSI 500 Futures)),rank,-0.7283,0.6,0.0,0,0.013187,0.0,0.0,0.0,0.039068
2022-06-15,500ETF,Future (IC88 (CSI 500 Futures)),rank,1.015,0.6,1.0,1,0.00692,0.00692,0.0008,0.00612,0.045187
2022-06-16,500ETF,Future (IC88 (CSI 500 Futures)),rank,1.0704,0.6,1.0,1,-0.00542,-0.00542,0.0,-0.00542,0.039767
2022-06-17,500ETF,Future (IC88 (CSI 500 Futures)),rank,0.7673,0.6,1.0,1,0.005993,0.005993,0.0,0.005993,0.04576
2022-06-20,500ETF,Future (IC88 (CSI 500 Futures)),rank,0.4774,0.6,0.0,0,0.004084,0.0,0.0008,-0.0008,0.04496
2022-06-21,500ETF,Future (IC88 (CSI 500 Futures)),rank,-0.5859,0.6,0.0,0,-0.008609,-0.0,0.0,-0.0,0.04496
2022-06-22,500ETF,Future (IC88 (CSI 500 Futures)),rank,-0.814,0.6,0.0,0,-0.015169,-0.0,0.0,-0.0,0.04496
2022-06-23,500ETF,Future (IC88 (CSI 500 Futures)),rank,0.0293,0.6,0.0,0,0.023173,0.0,0.0,0.0,0.04496
2022-06-24,500ETF,Future (IC88 (CSI 500 Futures)),rank,0.7667,0.6,1.0,1,0.004456,0.004456,0.0008,0.003656,0.048617
2022-06-27,500ETF,Future (IC88 (CSI 500 Futures)),rank,0.6093,0.6,1.0,1,0.001191,0.001191,0.0,0.001191,0.049808
2022-06-28,500ETF,Future (IC88 (CSI 500 Futures)),rank,-0.4791,0.6,0.0,0,0.014884,0.0,0.0008,-0.0008,0.049008
2022-06-29,500ETF,Future (IC88 (CSI 500 Futures)),rank,-0.1457,0.6,0.0,0,-0.010856,-0.0,0.0,-0.0,0.049008
2022-06-30,500ETF,Future (IC88 (CSI 500 Futures)),rank,1.2933,0.6,1.0,1,-0.002209,-0.002209,0.0008,-0.003009,0.045999
2022-07-01,500ETF,Future (IC88 (CSI 500 Futures)),rank,-0.5284,0.6,0.0,0,-0.000467,-0.0,0.0008,-0.0008,0.045199
2022-07-04,500ETF,Future (IC88 (CSI 500 Futures)),rank,-0.5623,0.6,0.0,0,0.005483,0.0,0.0,0.0,0.045199
2022-07-05,500ETF,Future (IC88 (CSI 500 Futures)),rank,-0.123,0.6,0.0,0,-0.006677,-0.0,0.0,-0.0,0.045199
2022-07-06,500ETF,Future (IC88 (CSI 500 Futures)),rank,-0.6588,0.6,0.0,0,-0.014031,-0.0,0.0,-0.0,0.045199
2022-07-07,500ETF,Future (IC88 (CSI 500 Futures)),rank,-0.6715,0.6,0.0,0,0.006799,0.0,0.0,0.0,0.045199
2022-07-08,500ETF,Future (IC88 (CSI 500 Futures)),rank,-0.1766,0.6,0.0,0,-0.006323,-0.0,0.0,-0.0,0.045199
2022-07-11,500ETF,Future (IC88 (CSI 500 Futures)),rank,-1.1662,0.6,-1.0,1,-0.000889,0.000889,0.0008,8.9e-05,0.045288
2022-07-12,500ETF,Future (IC88 (CSI 500 Futures)),rank,-0.6209,0.6,0.0,0,-0.011627,-0.0,0.0008,-0.0008,0.044488
2022-07-13,500ETF,Future (IC88 (CSI 500 Futures)),rank,0.2608,0.6,0.0,0,-0.001444,-0.0,0.0,-0.0,0.044488
2022-07-14,500ETF,Future (IC88 (CSI 500 Futures)),rank,-0.2369,0.6,0.0,0,0.001687,0.0,0.0,0.0,0.044488
2022-07-15,500ETF,Future (IC88 (CSI 500 Futures)),rank,0.1021,0.6,0.0,0,-0.010567,-0.0,0.0,-0.0,0.044488
2022-07-18,500ETF,Future (IC88 (CSI 500 Futures)),rank,0.6211,0.6,1.0,1,0.00995,0.00995,0.0008,0.00915,0.053638
2022-07-19,500ETF,Future (IC88 (CSI 500 Futures)),rank,-0.2728,0.6,0.0,0,0.00452,0.0,0.0008,-0.0008,0.052838
2022-07-20,500ETF,Future (IC88 (CSI 500 Futures)),rank,1.1414,0.6,1.0,1,0.00129,0.00129,0.0008,0.00049,0.053328
2022-07-21,500ETF,Future (IC88 (CSI 500 Futures)),rank,-0.4574,0.6,0.0,0,-0.003027,-0.0,0.0008,-0.0008,0.052528
2022-07-22,500ETF,Future (IC88 (CSI 500 Futures)),rank,-0.0186,0.6,0.0,0,-0.007247,-0.0,0.0,-0.0,0.052528
2022-07-25,500ETF,Future (IC88 (CSI 500 Futures)),rank,0.2167,0.6,0.0,0,-0.008311,-0.0,0.0,-0.0,0.052528
2022-07-26,500ETF,Future (IC88 (CSI 500 Futures)),rank,-0.4583,0.6,0.0,0,0.009017,0.0,0.0,0.0,0.052528
2022-07-27,500ETF,Future (IC88 (CSI 500 Futures)),rank,-0.5672,0.6,0.0,0,0.003535,0.0,0.0,0.0,0.052528
2022-07-28,500ETF,Future (IC88 (CSI 500 Futures)),rank,-0.145,0.6,0.0,0,-0.000411,-0.0,0.0,-0.0,0.052528
2022-07-29,500ETF,Future (IC88 (CSI 500 Futures)),rank,-0.345,0.6,0.0,0,-0.012636,-0.0,0.0,-0.0,0.052528
2022-08-01,500ETF,Future (IC88 (CSI 500 Futures)),rank,-0.6321,0.6,0.0,0,0.003327,0.0,0.0,0.0,0.052528
2022-08-02,500ETF,Future (IC88 (CSI 500 Futures)),rank,-1.4527,0.6,-1.0,1,-0.003597,0.003597,0.0008,0.002797,0.055325
2022-08-03,500ETF,Future (IC88 (CSI 500 Futures)),rank,1.2662,0.6,1.0,1,-0.01287,-0.01287,0.0016,-0.01447,0.040855
2022-08-04,500ETF,Future (IC88 (CSI 500 Futures)),rank,-0.0706,0.6,0.0,0,-0.004317,-0.0,0.0008,-0.0008,0.040055
2022-08-05,500ETF,Future (IC88 (CSI 500 Futures)),rank,0.1641,0.6,0.0,0,0.015007,0.0,0.0,0.0,0.040055
2022-08-08,500ETF,Future (IC88 (CSI 500 Futures)),rank,-0.0172,0.6,0.0,0,0.006596,0.0,0.0,0.0,0.040055
2022-08-09,500ETF,Future (IC88 (CSI 500 Futures)),rank,-0.7472,0.6,0.0,0,0.003739,0.0,0.0,0.0,0.040055
2022-08-10,500ETF,Future (IC88 (CSI 500 Futures)),rank,0.477,0.6,0.0,0,-0.007303,-0.0,0.0,-0.0,0.040055
2022-08-11,500ETF,Future (IC88 (CSI 500 Futures)),rank,0.1394,0.6,0.0,0,0.012004,0.0,0.0,0.0,0.040055
2022-08-12,500ETF,Future (IC88 (CSI 500 Futures)),rank,-0.2638,0.6,0.0,0,-0.001752,-0.0,0.0,-0.0,0.040055
2022-08-15,500ETF,Future (IC88 (CSI 500 Futures)),rank,0.7057,0.6,1.0,1,-0.003709,-0.003709,0.0008,-0.004509,0.035546
2022-08-16,500ETF,Future (IC88 (CSI 500 Futures)),rank,0.57,0.6,0.0,0,-0.000405,-0.0,0.0008,-0.0008,0.034746
2022-08-17,500ETF,Future (IC88 (CSI 500 Futures)),rank,-0.9171,0.6,0.0,0,0.010179,0.0,0.0,0.0,0.034746
2022-08-18,500ETF,Future (IC88 (CSI 500 Futures)),rank,-0.6241,0.6,0.0,0,-0.003292,-0.0,0.0,-0.0,0.034746
2022-08-19,500ETF,Future (IC88 (CSI 500 Futures)),rank,-0.3964,0.6,0.0,0,-0.009001,-0.0,0.0,-0.0,0.034746
2022-08-22,500ETF,Future (IC88 (CSI 500 Futures)),rank,0.0538,0.6,0.0,0,0.010045,0.0,0.0,0.0,0.034746
2022-08-23,500ETF,Future (IC88 (CSI 500 Futures)),rank,-0.6212,0.6,0.0,0,0.00053,0.0,0.0,0.0,0.034746
2022-08-24,500ETF,Future (IC88 (CSI 500 Futures)),rank,-0.8161,0.6,0.0,0,-0.021612,-0.0,0.0,-0.0,0.034746
2022-08-25,500ETF,Future (IC88 (CSI 500 Futures)),rank,-0.0249,0.6,0.0,0,-0.001376,-0.0,0.0,-0.0,0.034746
2022-08-26,500ETF,Future (IC88 (CSI 500 Futures)),rank,0.437,0.6,0.0,0,-0.010687,-0.0,0.0,-0.0,0.034746
2022-08-29,500ETF,Future (IC88 (CSI 500 Futures)),rank,0.4001,0.6,0.0,0,0.003545,0.0,0.0,0.0,0.034746
2022-08-30,500ETF,Future (IC88 (CSI 500 Futures)),rank,-0.0442,0.6,0.0,0,-0.001597,-0.0,0.0,-0.0,0.034746
2022-08-31,500ETF,Future (IC88 (CSI 500 Futures)),rank,-0.5998,0.6,0.0,0,-0.009114,-0.0,0.0,-0.0,0.034746
2022-09-01,500ETF,Future (IC88 (CSI 500 Futures)),rank,1.0612,0.6,1.0,1,-0.010892,-0.010892,0.0008,-0.011692,0.023054
2022-09-02,500ETF,Future (IC88 (CSI 500 Futures)),rank,0.1566,0.6,0.0,0,-0.002379,-0.0,0.0008,-0.0008,0.022254
2022-09-05,500ETF,Future (IC88 (CSI 500 Futures)),rank,0.0437,0.6,0.0,0,-0.002986,-0.0,0.0,-0.0,0.022254
2022-09-06,500ETF,Future (IC88 (CSI 500 Futures)),rank,0.1408,0.6,0.0,0,0.009691,0.0,0.0,0.0,0.022254
2022-09-07,500ETF,Future (IC88 (CSI 500 Futures)),rank,-0.3743,0.6,0.0,0,0.001911,0.0,0.0,0.0,0.022254
2022-09-08,500ETF,Future (IC88 (CSI 500 Futures)),rank,-0.6333,0.6,0.0,0,-0.001657,-0.0,0.0,-0.0,0.022254
2022-09-09,500ETF,Future (IC88 (CSI 500 Futures)),rank,0.0366,0.6,0.0,0,0.008255,0.0,0.0,0.0,0.022254
2022-09-13,500ETF,Future (IC88 (CSI 500 Futures)),rank,-0.2353,0.6,0.0,0,-0.004094,-0.0,0.0,-0.0,0.022254
2022-09-14,500ETF,Future (IC88 (CSI 500 Futures)),rank,-0.0875,0.6,0.0,0,-0.002079,-0.0,0.0,-0.0,0.022254
2022-09-15,500ETF,Future (IC88 (CSI 500 Futures)),rank,-0.8193,0.6,0.0,0,-0.025787,-0.0,0.0,-0.0,0.022254
2022-09-16,500ETF,Future (IC88 (CSI 500 Futures)),rank,-0.6589,0.6,0.0,0,-0.020398,-0.0,0.0,-0.0,0.022254
2022-09-19,500ETF,Future (IC88 (CSI 500 Futures)),rank,-0.4953,0.6,0.0,0,-0.007425,-0.0,0.0,-0.0,0.022254
2022-09-20,500ETF,Future (IC88 (CSI 500 Futures)),rank,0.6223,0.6,1.0,1,-0.006714,-0.006714,0.0008,-0.007514,0.01474
2022-09-21,500ETF,Future (IC88 (CSI 500 Futures)),rank,-1.0955,0.6,-1.0,1,0.013428,-0.013428,0.0016,-0.015028,-0.000288
2022-09-22,500ETF,Future (IC88 (CSI 500 Futures)),rank,0.6364,0.6,1.0,1,-0.00775,-0.00775,0.0016,-0.00935,-0.009638
2022-09-23,500ETF,Future (IC88 (CSI 500 Futures)),rank,0.4561,0.6,0.0,0,-0.009244,-0.0,0.0008,-0.0008,-0.010438
2022-09-26,500ETF,Future (IC88 (CSI 500 Futures)),rank,-0.1701,0.6,0.0,0,-0.005529,-0.0,0.0,-0.0,-0.010438
2022-09-27,500ETF,Future (IC88 (CSI 500 Futures)),rank,0.8563,0.6,1.0,1,0.013841,0.013841,0.0008,0.013041,0.002602
2022-09-28,500ETF,Future (IC88 (CSI 500 Futures)),rank,-1.0007,0.6,-1.0,1,-0.007296,0.007296,0.0016,0.005696,0.008298
2022-09-29,500ETF,Future (IC88 (CSI 500 Futures)),rank,0.497,0.6,0.0,0,-0.012614,-0.0,0.0008,-0.0008,0.007498
2022-09-30,500ETF,Future (IC88 (CSI 500 Futures)),rank,0.7144,0.6,1.0,1,-0.005605,-0.005605,0.0008,-0.006405,0.001092
2022-10-10,500ETF,Future (IC88 (CSI 500 Futures)),rank,-0.2619,0.6,0.0,0,-0.023597,-0.0,0.0008,-0.0008,0.000292
2022-10-11,500ETF,Future (IC88 (CSI 500 Futures)),rank,0.456,0.6,0.0,0,0.003988,0.0,0.0,0.0,0.000292
2022-10-12,500ETF,Future (IC88 (CSI 500 Futures)),rank,-0.9199,0.6,0.0,0,0.026334,0.0,0.0,0.0,0.000292
2022-10-13,500ETF,Future (IC88 (CSI 500 Futures)),rank,0.7313,0.6,1.0,1,0.003257,0.003257,0.0008,0.002457,0.00275
2022-10-14,500ETF,Future (IC88 (CSI 500 Futures)),rank,1.1185,0.6,1.0,1,0.010477,0.010477,0.0,0.010477,0.013227
2022-10-17,500ETF,Future (IC88 (CSI 500 Futures)),rank,0.1872,0.6,0.0,0,0.011748,0.0,0.0008,-0.0008,0.012427
2022-10-18,500ETF,Future (IC88 (CSI 500 Futures)),rank,-0.663,0.6,0.0,0,0.002159,0.0,0.0,0.0,0.012427
2022-10-19,500ETF,Future (IC88 (CSI 500 Futures)),rank,-0.39,0.6,0.0,0,-0.004935,-0.0,0.0,-0.0,0.012427
2022-10-20,500ETF,Future (IC88 (CSI 500 Futures)),rank,-0.6666,0.6,0.0,0,0.008876,0.0,0.0,0.0,0.012427
2022-10-21,500ETF,Future (IC88 (CSI 500 Futures)),rank,0.4929,0.6,0.0,0,0.005395,0.0,0.0,0.0,0.012427
2022-10-24,500ETF,Future (IC88 (CSI 500 Futures)),rank,1.2342,0.6,1.0,1,-0.016489,-0.016489,0.0008,-0.017289,-0.004862
2022-10-25,500ETF,Future (IC88 (CSI 500 Futures)),rank,-0.6606,0.6,0.0,0,0.001432,0.0,0.0008,-0.0008,-0.005662
2022-10-26,500ETF,Future (IC88 (CSI 500 Futures)),rank,1.2219,0.6,1.0,1,0.003701,0.003701,0.0008,0.002901,-0.00276
2022-10-27,500ETF,Future (IC88 (CSI 500 Futures)),rank,0.6627,0.6,1.0,1,-0.003304,-0.003304,0.0,-0.003304,-0.006064
2022-10-28,500ETF,Future (IC88 (CSI 500 Futures)),rank,-0.7682,0.6,0.0,0,-0.020445,-0.0,0.0008,-0.0008,-0.006864
2022-10-31,500ETF,Future (IC88 (CSI 500 Futures)),rank,0.57,0.6,0.0,0,0.000172,0.0,0.0,0.0,-0.006864
2022-11-01,500ETF,Future (IC88 (CSI 500 Futures)),rank,0.5007,0.6,0.0,0,0.018629,0.0,0.0,0.0,-0.006864
2022-11-02,500ETF,Future (IC88 (CSI 500 Futures)),rank,0.8889,0.6,1.0,1,0.004056,0.004056,0.0008,0.003256,-0.003608
2022-11-03,500ETF,Future (IC88 (CSI 500 Futures)),rank,0.4883,0.6,0.0,0,0.003844,0.0,0.0008,-0.0008,-0.004408
2022-11-04,500ETF,Future (IC88 (CSI 500 Futures)),rank,1.1833,0.6,1.0,1,0.015065,0.015065,0.0008,0.014265,0.009857
2022-11-07,500ETF,Future (IC88 (CSI 500 Futures)),rank,0.6961,0.6,1.0,1,0.000391,0.000391,0.0,0.000391,0.010248
2022-11-08,500ETF,Future (IC88 (CSI 500 Futures)),rank,-0.8291,0.6,0.0,0,-0.000131,-0.0,0.0008,-0.0008,0.009448
2022-11-09,500ETF,Future (IC88 (CSI 500 Futures)),rank,-0.3328,0.6,0.0,0,-0.002023,-0.0,0.0,-0.0,0.009448
2022-11-10,500ETF,Future (IC88 (CSI 500 Futures)),rank,-0.2931,0.6,0.0,0,-0.000624,-0.0,0.0,-0.0,0.009448
2022-11-11,500ETF,Future (IC88 (CSI 500 Futures)),rank,0.1008,0.6,0.0,0,-0.00451,-0.0,0.0,-0.0,0.009448
2022-11-14,500ETF,Future (IC88 (CSI 500 Futures)),rank,0.968,0.6,1.0,1,-0.013462,-0.013462,0.0008,-0.014262,-0.004814
2022-11-15,500ETF,Future (IC88 (CSI 500 Futures)),rank,0.5525,0.6,0.0,0,0.010893,0.0,0.0008,-0.0008,-0.005614
2022-11-16,500ETF,Future (IC88 (CSI 500 Futures)),rank,-0.2928,0.6,0.0,0,-0.005272,-0.0,0.0,-0.0,-0.005614
2022-11-17,500ETF,Future (IC88 (CSI 500 Futures)),rank,-0.8871,0.6,0.0,0,0.004294,0.0,0.0,0.0,-0.005614
2022-11-18,500ETF,Future (IC88 (CSI 500 Futures)),rank,0.0215,0.6,0.0,0,-0.001607,-0.0,0.0,-0.0,-0.005614
2022-11-21,500ETF,Future (IC88 (CSI 500 Futures)),rank,-0.8055,0.6,0.0,0,0.007996,0.0,0.0,0.0,-0.005614
2022-11-22,500ETF,Future (IC88 (CSI 500 Futures)),rank,-0.3858,0.6,0.0,0,-0.010867,-0.0,0.0,-0.0,-0.005614
2022-11-23,500ETF,Future (IC88 (CSI 500 Futures)),rank,-0.2501,0.6,0.0,0,0.002385,0.0,0.0,0.0,-0.005614
2022-11-24,500ETF,Future (IC88 (CSI 500 Futures)),rank,0.4811,0.6,0.0,0,-3.3e-05,-0.0,0.0,-0.0,-0.005614
2022-11-25,500ETF,Future (IC88 (CSI 500 Futures)),rank,-1.0076,0.6,-1.0,1,0.004497,-0.004497,0.0008,-0.005297,-0.010911
2022-11-28,500ETF,Future (IC88 (CSI 500 Futures)),rank,-0.6245,0.6,0.0,0,0.007945,0.0,0.0008,-0.0008,-0.011711
2022-11-29,500ETF,Future (IC88 (CSI 500 Futures)),rank,1.1007,0.6,1.0,1,0.011282,0.011282,0.0008,0.010482,-0.001229
2022-11-30,500ETF,Future (IC88 (CSI 500 Futures)),rank,-0.0341,0.6,0.0,0,-0.005063,-0.0,0.0008,-0.0008,-0.002029
2022-12-01,500ETF,Future (IC88 (CSI 500 Futures)),rank,0.1174,0.6,0.0,0,-0.003535,-0.0,0.0,-0.0,-0.002029
2022-12-02,500ETF,Future (IC88 (CSI 500 Futures)),rank,0.3553,0.6,0.0,0,-0.006771,-0.0,0.0,-0.0,-0.002029
2022-12-05,500ETF,Future (IC88 (CSI 500 Futures)),rank,-0.1095,0.6,0.0,0,0.003353,0.0,0.0,0.0,-0.002029
2022-12-06,500ETF,Future (IC88 (CSI 500 Futures)),rank,0.0271,0.6,0.0,0,-0.000452,-0.0,0.0,-0.0,-0.002029
2022-12-07,500ETF,Future (IC88 (CSI 500 Futures)),rank,-0.4668,0.6,0.0,0,-0.002351,-0.0,0.0,-0.0,-0.002029
2022-12-08,500ETF,Future (IC88 (CSI 500 Futures)),rank,-0.8039,0.6,0.0,0,0.001582,0.0,0.0,0.0,-0.002029
2022-12-09,500ETF,Future (IC88 (CSI 500 Futures)),rank,-0.2296,0.6,0.0,0,0.008943,0.0,0.0,0.0,-0.002029
2022-12-12,500ETF,Future (IC88 (CSI 500 Futures)),rank,-1.0007,0.6,-1.0,1,0.002371,-0.002371,0.0008,-0.003171,-0.0052
2022-12-13,500ETF,Future (IC88 (CSI 500 Futures)),rank,-0.8908,0.6,0.0,0,0.0,0.0,0.0008,-0.0008,-0.006
2022-12-14,500ETF,Future (IC88 (CSI 500 Futures)),rank,0.1085,0.6,0.0,0,-0.006284,-0.0,0.0,-0.0,-0.006
2022-12-15,500ETF,Future (IC88 (CSI 500 Futures)),rank,0.1189,0.6,0.0,0,0.000459,0.0,0.0,0.0,-0.006
2022-12-16,500ETF,Future (IC88 (CSI 500 Futures)),rank,-0.4408,0.6,0.0,0,0.002109,0.0,0.0,0.0,-0.006
2022-12-19,500ETF,Future (IC88 (CSI 500 Futures)),rank,-0.458,0.6,0.0,0,-0.017214,-0.0,0.0,-0.0,-0.006
2022-12-20,500ETF,Future (IC88 (CSI 500 Futures)),rank,-0.7981,0.6,0.0,0,-0.003449,-0.0,0.0,-0.0,-0.006
2022-12-21,500ETF,Future (IC88 (CSI 500 Futures)),rank,-0.4323,0.6,0.0,0,-0.006979,-0.0,0.0,-0.0,-0.006
2022-12-22,500ETF,Future (IC88 (CSI 500 Futures)),rank,-0.5275,0.6,0.0,0,-0.0176,-0.0,0.0,-0.0,-0.006
2022-12-23,500ETF,Future (IC88 (CSI 500 Futures)),rank,0.0463,0.6,0.0,0,-0.004901,-0.0,0.0,-0.0,-0.006
2022-12-26,500ETF,Future (IC88 (CSI 500 Futures)),rank,1.1398,0.6,1.0,1,0.002255,0.002255,0.0008,0.001455,-0.004545
2022-12-27,500ETF,Future (IC88 (CSI 500 Futures)),rank,-0.5785,0.6,0.0,0,0.008162,0.0,0.0008,-0.0008,-0.005345
2022-12-28,500ETF,Future (IC88 (CSI 500 Futures)),rank,-0.8319,0.6,0.0,0,0.002621,0.0,0.0,0.0,-0.005345
2022-12-29,500ETF,Future (IC88 (CSI 500 Futures)),rank,-0.3303,0.6,0.0,0,0.005956,0.0,0.0,0.0,-0.005345
2022-12-30,500ETF,Future (IC88 (CSI 500 Futures)),rank,0.2317,0.6,0.0,0,-0.003263,-0.0,0.0,-0.0,-0.005345
2023-01-03,500ETF,Future (IC88 (CSI 500 Futures)),rank,-0.1005,0.6,0.0,0,0.016405,0.0,0.0,0.0,-0.005345
2023-01-04,500ETF,Future (IC88 (CSI 500 Futures)),rank,-0.26,0.6,0.0,0,-0.000436,-0.0,0.0,-0.0,-0.005345
2023-01-05,500ETF,Future (IC88 (CSI 500 Futures)),rank,0.3927,0.6,0.0,0,0.002957,0.0,0.0,0.0,-0.005345
2023-01-06,500ETF,Future (IC88 (CSI 500 Futures)),rank,0.1637,0.6,0.0,0,-0.001061,-0.0,0.0,-0.0,-0.005345
2023-01-09,500ETF,Future (IC88 (CSI 500 Futures)),rank,0.6125,0.6,1.0,1,-0.001914,-0.001914,0.0008,-0.002714,-0.008059
2023-01-10,500ETF,Future (IC88 (CSI 500 Futures)),rank,-0.7258,0.6,0.0,0,0.002579,0.0,0.0008,-0.0008,-0.008859
2023-01-11,500ETF,Future (IC88 (CSI 500 Futures)),rank,-0.6029,0.6,0.0,0,-0.004736,-0.0,0.0,-0.0,-0.008859
2023-01-12,500ETF,Future (IC88 (CSI 500 Futures)),rank,0.3393,0.6,0.0,0,-0.004568,-0.0,0.0,-0.0,-0.008859
2023-01-13,500ETF,Future (IC88 (CSI 500 Futures)),rank,-0.28,0.6,0.0,0,0.004656,0.0,0.0,0.0,-0.008859
2023-01-16,500ETF,Future (IC88 (CSI 500 Futures)),rank,1.205,0.6,1.0,1,0.001173,0.001173,0.0008,0.000373,-0.008485
2023-01-17,500ETF,Future (IC88 (CSI 500 Futures)),rank,-0.1574,0.6,0.0,0,0.00039,0.0,0.0008,-0.0008,-0.009285
2023-01-18,500ETF,Future (IC88 (CSI 500 Futures)),rank,0.3201,0.6,0.0,0,0.001363,0.0,0.0,0.0,-0.009285
2023-01-19,500ETF,Future (IC88 (CSI 500 Futures)),rank,-0.6767,0.6,0.0,0,0.010547,0.0,0.0,0.0,-0.009285
2023-01-20,500ETF,Future (IC88 (CSI 500 Futures)),rank,0.8377,0.6,1.0,1,-0.000669,-0.000669,0.0008,-0.001469,-0.010755
2023-01-30,500ETF,Future (IC88 (CSI 500 Futures)),rank,0.2202,0.6,0.0,0,-0.010147,-0.0,0.0008,-0.0008,-0.011555
2023-01-31,500ETF,Future (IC88 (CSI 500 Futures)),rank,0.5684,0.6,0.0,0,-0.000349,-0.0,0.0,-0.0,-0.011555
2023-02-01,500ETF,Future (IC88 (CSI 500 Futures)),rank,0.8745,0.6,1.0,1,0.003427,0.003427,0.0008,0.002627,-0.008928
2023-02-02,500ETF,Future (IC88 (CSI 500 Futures)),rank,-0.6396,0.6,0.0,0,-0.001002,-0.0,0.0008,-0.0008,-0.009728
2023-02-03,500ETF,Future (IC88 (CSI 500 Futures)),rank,-0.9719,0.6,0.0,0,0.005214,0.0,0.0,0.0,-0.009728
2023-02-06,500ETF,Future (IC88 (CSI 500 Futures)),rank,-0.664,0.6,0.0,0,-0.004247,-0.0,0.0,-0.0,-0.009728
2023-02-07,500ETF,Future (IC88 (CSI 500 Futures)),rank,-0.0673,0.6,0.0,0,0.001523,0.0,0.0,0.0,-0.009728
2023-02-08,500ETF,Future (IC88 (CSI 500 Futures)),rank,-0.6103,0.6,0.0,0,-0.005863,-0.0,0.0,-0.0,-0.009728
2023-02-09,500ETF,Future (IC88 (CSI 500 Futures)),rank,0.8182,0.6,1.0,1,0.009098,0.009098,0.0008,0.008298,-0.00143
2023-02-10,500ETF,Future (IC88 (CSI 500 Futures)),rank,0.0278,0.6,0.0,0,-0.003656,-0.0,0.0008,-0.0008,-0.00223
2023-02-13,500ETF,Future (IC88 (CSI 500 Futures)),rank,1.0037,0.6,1.0,1,-0.002982,-0.002982,0.0008,-0.003782,-0.006012
2023-02-14,500ETF,Future (IC88 (CSI 500 Futures)),rank,0.1795,0.6,0.0,0,-0.001537,-0.0,0.0008,-0.0008,-0.006812
2023-02-15,500ETF,Future (IC88 (CSI 500 Futures)),rank,-0.3257,0.6,0.0,0,-0.000691,-0.0,0.0,-0.0,-0.006812
2023-02-16,500ETF,Future (IC88 (CSI 500 Futures)),rank,0.2572,0.6,0.0,0,-0.01648,-0.0,0.0,-0.0,-0.006812
2023-02-17,500ETF,Future (IC88 (CSI 500 Futures)),rank,0.1684,0.6,0.0,0,-0.006113,-0.0,0.0,-0.0,-0.006812
2023-02-20,500ETF,Future (IC88 (CSI 500 Futures)),rank,-0.0909,0.6,0.0,0,0.012532,0.0,0.0,0.0,-0.006812
2023-02-21,500ETF,Future (IC88 (CSI 500 Futures)),rank,0.9804,0.6,1.0,1,-0.003521,-0.003521,0.0008,-0.004321,-0.011133
2023-02-22,500ETF,Future (IC88 (CSI 500 Futures)),rank,-0.053,0.6,0.0,0,0.001797,0.0,0.0008,-0.0008,-0.011933
2023-02-23,500ETF,Future (IC88 (CSI 500 Futures)),rank,0.4219,0.6,0.0,0,-0.006422,-0.0,0.0,-0.0,-0.011933
2023-02-24,500ETF,Future (IC88 (CSI 500 Futures)),rank,-0.5575,0.6,0.0,0,-0.004166,-0.0,0.0,-0.0,-0.011933
2023-02-27,500ETF,Future (IC88 (CSI 500 Futures)),rank,-0.3282,0.6,0.0,0,-0.005497,-0.0,0.0,-0.0,-0.011933
2023-02-28,500ETF,Future (IC88 (CSI 500 Futures)),rank,0.4295,0.6,0.0,0,0.002211,0.0,0.0,0.0,-0.011933
2023-03-01,500ETF,Future (IC88 (CSI 500 Futures)),rank,-0.397,0.6,0.0,0,0.003984,0.0,0.0,0.0,-0.011933
2023-03-02,500ETF,Future (IC88 (CSI 500 Futures)),rank,-0.3949,0.6,0.0,0,-0.004511,-0.0,0.0,-0.0,-0.011933
2023-03-03,500ETF,Future (IC88 (CSI 500 Futures)),rank,0.0679,0.6,0.0,0,-0.001128,-0.0,0.0,-0.0,-0.011933
2023-03-06,500ETF,Future (IC88 (CSI 500 Futures)),rank,-0.5719,0.6,0.0,0,0.000346,0.0,0.0,0.0,-0.011933
2023-03-07,500ETF,Future (IC88 (CSI 500 Futures)),rank,-0.3966,0.6,0.0,0,-0.009234,-0.0,0.0,-0.0,-0.011933
2023-03-08,500ETF,Future (IC88 (CSI 500 Futures)),rank,0.4612,0.6,0.0,0,0.001178,0.0,0.0,0.0,-0.011933
2023-03-09,500ETF,Future (IC88 (CSI 500 Futures)),rank,-0.7294,0.6,0.0,0,-0.000446,-0.0,0.0,-0.0,-0.011933
2023-03-10,500ETF,Future (IC88 (CSI 500 Futures)),rank,-0.7513,0.6,0.0,0,-0.000386,-0.0,0.0,-0.0,-0.011933
2023-03-13,500ETF,Future (IC88 (CSI 500 Futures)),rank,0.7345,0.6,1.0,1,0.004994,0.004994,0.0008,0.004194,-0.00774
2023-03-14,500ETF,Future (IC88 (CSI 500 Futures)),rank,-0.6369,0.6,0.0,0,-0.004156,-0.0,0.0008,-0.0008,-0.00854
2023-03-15,500ETF,Future (IC88 (CSI 500 Futures)),rank,1.1274,0.6,1.0,1,-0.004554,-0.004554,0.0008,-0.005354,-0.013894
2023-03-16,500ETF,Future (IC88 (CSI 500 Futures)),rank,-0.4223,0.6,0.0,0,-0.006239,-0.0,0.0008,-0.0008,-0.014694
2023-03-17,500ETF,Future (IC88 (CSI 500 Futures)),rank,1.0265,0.6,1.0,1,-0.00469,-0.00469,0.0008,-0.00549,-0.020184
2023-03-20,500ETF,Future (IC88 (CSI 500 Futures)),rank,-0.7689,0.6,0.0,0,-0.00172,-0.0,0.0008,-0.0008,-0.020984
2023-03-21,500ETF,Future (IC88 (CSI 500 Futures)),rank,0.8581,0.6,1.0,1,0.000675,0.000675,0.0008,-0.000125,-0.021109
2023-03-22,500ETF,Future (IC88 (CSI 500 Futures)),rank,0.5258,0.6,0.0,0,0.000224,0.0,0.0008,-0.0008,-0.021909
2023-03-23,500ETF,Future (IC88 (CSI 500 Futures)),rank,0.2404,0.6,0.0,0,0.005225,0.0,0.0,0.0,-0.021909
2023-03-24,500ETF,Future (IC88 (CSI 500 Futures)),rank,-0.5868,0.6,0.0,0,0.000984,0.0,0.0,0.0,-0.021909
2023-03-27,500ETF,Future (IC88 (CSI 500 Futures)),rank,-0.0789,0.6,0.0,0,0.000698,0.0,0.0,0.0,-0.021909
2023-03-28,500ETF,Future (IC88 (CSI 500 Futures)),rank,-0.4475,0.6,0.0,0,0.001465,0.0,0.0,0.0,-0.021909
2023-03-29,500ETF,Future (IC88 (CSI 500 Futures)),rank,-0.5117,0.6,0.0,0,-0.000191,-0.0,0.0,-0.0,-0.021909
2023-03-30,500ETF,Future (IC88 (CSI 500 Futures)),rank,-0.647,0.6,0.0,0,0.003957,0.0,0.0,0.0,-0.021909
2023-03-31,500ETF,Future (IC88 (CSI 500 Futures)),rank,0.7459,0.6,1.0,1,0.001137,0.001137,0.0008,0.000337,-0.021572
2023-04-03,500ETF,Future (IC88 (CSI 500 Futures)),rank,0.9889,0.6,1.0,1,0.004246,0.004246,0.0,0.004246,-0.017325
2023-04-04,500ETF,Future (IC88 (CSI 500 Futures)),rank,-0.2386,0.6,0.0,0,-0.001155,-0.0,0.0008,-0.0008,-0.018125
2023-04-06,500ETF,Future (IC88 (CSI 500 Futures)),rank,0.3364,0.6,0.0,0,-0.000125,-0.0,0.0,-0.0,-0.018125
2023-04-07,500ETF,Future (IC88 (CSI 500 Futures)),rank,0.8456,0.6,1.0,1,0.00372,0.00372,0.0008,0.00292,-0.015205
2023-04-10,500ETF,Future (IC88 (CSI 500 Futures)),rank,-0.606,0.6,0.0,0,-0.006118,-0.0,0.0008,-0.0008,-0.016005
2023-04-11,500ETF,Future (IC88 (CSI 500 Futures)),rank,-0.571,0.6,0.0,0,-0.000966,-0.0,0.0,-0.0,-0.016005
2023-04-12,500ETF,Future (IC88 (CSI 500 Futures)),rank,0.3975,0.6,0.0,0,0.001897,0.0,0.0,0.0,-0.016005
2023-04-13,500ETF,Future (IC88 (CSI 500 Futures)),rank,-0.4228,0.6,0.0,0,-0.003988,-0.0,0.0,-0.0,-0.016005
2023-04-14,500ETF,Future (IC88 (CSI 500 Futures)),rank,0.501,0.6,0.0,0,-0.00028,-0.0,0.0,-0.0,-0.016005
2023-04-17,500ETF,Future (IC88 (CSI 500 Futures)),rank,0.5993,0.6,0.0,0,0.00242,0.0,0.0,0.0,-0.016005
2023-04-18,500ETF,Future (IC88 (CSI 500 Futures)),rank,-0.6125,0.6,0.0,0,0.002237,0.0,0.0,0.0,-0.016005
2023-04-19,500ETF,Future (IC88 (CSI 500 Futures)),rank,-0.0813,0.6,0.0,0,-0.005663,-0.0,0.0,-0.0,-0.016005
2023-04-20,500ETF,Future (IC88 (CSI 500 Futures)),rank,-0.6323,0.6,0.0,0,0.000594,0.0,0.0,0.0,-0.016005
2023-04-21,500ETF,Future (IC88 (CSI 500 Futures)),rank,-0.8523,0.6,0.0,0,-0.019036,-0.0,0.0,-0.0,-0.016005
2023-04-24,500ETF,Future (IC88 (CSI 500 Futures)),rank,-0.6849,0.6,0.0,0,-0.005672,-0.0,0.0,-0.0,-0.016005
2023-04-25,500ETF,Future (IC88 (CSI 500 Futures)),rank,-0.9114,0.6,0.0,0,-0.008937,-0.0,0.0,-0.0,-0.016005
2023-04-26,500ETF,Future (IC88 (CSI 500 Futures)),rank,1.0741,0.6,1.0,1,-0.002671,-0.002671,0.0008,-0.003471,-0.019476
2023-04-27,500ETF,Future (IC88 (CSI 500 Futures)),rank,0.4169,0.6,0.0,0,0.002115,0.0,0.0008,-0.0008,-0.020276
2023-04-28,500ETF,Future (IC88 (CSI 500 Futures)),rank,1.0673,0.6,1.0,1,0.003569,0.003569,0.0008,0.002769,-0.017507
2023-05-04,500ETF,Future (IC88 (CSI 500 Futures)),rank,0.5316,0.6,0.0,0,-0.000353,-0.0,0.0008,-0.0008,-0.018307
2023-05-05,500ETF,Future (IC88 (CSI 500 Futures)),rank,-0.9732,0.6,0.0,0,-0.005242,-0.0,0.0,-0.0,-0.018307
2023-05-08,500ETF,Future (IC88 (CSI 500 Futures)),rank,0.4108,0.6,0.0,0,0.00548,0.0,0.0,0.0,-0.018307
2023-05-09,500ETF,Future (IC88 (CSI 500 Futures)),rank,-0.573,0.6,0.0,0,-0.004457,-0.0,0.0,-0.0,-0.018307
2023-05-10,500ETF,Future (IC88 (CSI 500 Futures)),rank,0.088,0.6,0.0,0,-0.003382,-0.0,0.0,-0.0,-0.018307
2023-05-11,500ETF,Future (IC88 (CSI 500 Futures)),rank,-0.4706,0.6,0.0,0,-0.003387,-0.0,0.0,-0.0,-0.018307
2023-05-12,500ETF,Future (IC88 (CSI 500 Futures)),rank,0.5392,0.6,0.0,0,-0.011616,-0.0,0.0,-0.0,-0.018307
2023-05-15,500ETF,Future (IC88 (CSI 500 Futures)),rank,-0.5771,0.6,0.0,0,0.009995,0.0,0.0,0.0,-0.018307
2023-05-16,500ETF,Future (IC88 (CSI 500 Futures)),rank,-0.843,0.6,0.0,0,-0.005441,-0.0,0.0,-0.0,-0.018307
2023-05-17,500ETF,Future (IC88 (CSI 500 Futures)),rank,-0.0768,0.6,0.0,0,-0.001641,-0.0,0.0,-0.0,-0.018307
2023-05-18,500ETF,Future (IC88 (CSI 500 Futures)),rank,0.2681,0.6,0.0,0,-0.001506,-0.0,0.0,-0.0,-0.018307
2023-05-19,500ETF,Future (IC88 (CSI 500 Futures)),rank,-0.8836,0.6,0.0,0,0.004233,0.0,0.0,0.0,-0.018307
2023-05-22,500ETF,Future (IC88 (CSI 500 Futures)),rank,-0.3456,0.6,0.0,0,0.001115,0.0,0.0,0.0,-0.018307
2023-05-23,500ETF,Future (IC88 (CSI 500 Futures)),rank,-0.7838,0.6,0.0,0,-0.003065,-0.0,0.0,-0.0,-0.018307
2023-05-24,500ETF,Future (IC88 (CSI 500 Futures)),rank,-0.9546,0.6,0.0,0,0.003802,0.0,0.0,0.0,-0.018307
2023-05-25,500ETF,Future (IC88 (CSI 500 Futures)),rank,0.51,0.6,0.0,0,-0.008372,-0.0,0.0,-0.0,-0.018307
2023-05-26,500ETF,Future (IC88 (CSI 500 Futures)),rank,-0.8897,0.6,0.0,0,0.013716,0.0,0.0,0.0,-0.018307
2023-05-29,500ETF,Future (IC88 (CSI 500 Futures)),rank,0.0066,0.6,0.0,0,-0.00558,-0.0,0.0,-0.0,-0.018307
2023-05-30,500ETF,Future (IC88 (CSI 500 Futures)),rank,-0.4575,0.6,0.0,0,0.006803,0.0,0.0,0.0,-0.018307
2023-05-31,500ETF,Future (IC88 (CSI 500 Futures)),rank,-0.3092,0.6,0.0,0,-0.002588,-0.0,0.0,-0.0,-0.018307
2023-06-01,500ETF,Future (IC88 (CSI 500 Futures)),rank,0.0234,0.6,0.0,0,-0.004724,-0.0,0.0,-0.0,-0.018307
2023-06-02,500ETF,Future (IC88 (CSI 500 Futures)),rank,0.849,0.6,1.0,1,0.002494,0.002494,0.0008,0.001694,-0.016613
2023-06-05,500ETF,Future (IC88 (CSI 500 Futures)),rank,-0.5835,0.6,0.0,0,-0.00023,-0.0,0.0008,-0.0008,-0.017413
2023-06-06,500ETF,Future (IC88 (CSI 500 Futures)),rank,-0.9069,0.6,0.0,0,-0.011323,-0.0,0.0,-0.0,-0.017413
2023-06-07,500ETF,Future (IC88 (CSI 500 Futures)),rank,0.1726,0.6,0.0,0,-0.006049,-0.0,0.0,-0.0,-0.017413
2023-06-08,500ETF,Future (IC88 (CSI 500 Futures)),rank,-0.8537,0.6,0.0,0,0.001614,0.0,0.0,0.0,-0.017413
2023-06-09,500ETF,Future (IC88 (CSI 500 Futures)),rank,0.0341,0.6,0.0,0,0.004136,0.0,0.0,0.0,-0.017413
2023-06-12,500ETF,Future (IC88 (CSI 500 Futures)),rank,-0.5378,0.6,0.0,0,0.002425,0.0,0.0,0.0,-0.017413
2023-06-13,500ETF,Future (IC88 (CSI 500 Futures)),rank,0.0468,0.6,0.0,0,0.003546,0.0,0.0,0.0,-0.017413
2023-06-14,500ETF,Future (IC88 (CSI 500 Futures)),rank,0.078,0.6,0.0,0,-0.000926,-0.0,0.0,-0.0,-0.017413
2023-06-15,500ETF,Future (IC88 (CSI 500 Futures)),rank,0.2882,0.6,0.0,0,0.005594,0.0,0.0,0.0,-0.017413
2023-06-16,500ETF,Future (IC88 (CSI 500 Futures)),rank,0.4736,0.6,0.0,0,0.005361,0.0,0.0,0.0,-0.017413
2023-06-19,500ETF,Future (IC88 (CSI 500 Futures)),rank,-0.8212,0.6,0.0,0,-0.002321,-0.0,0.0,-0.0,-0.017413
2023-06-20,500ETF,Future (IC88 (CSI 500 Futures)),rank,-0.4765,0.6,0.0,0,0.000131,0.0,0.0,0.0,-0.017413
2023-06-21,500ETF,Future (IC88 (CSI 500 Futures)),rank,-1.0146,0.6,-1.0,1,-0.008362,0.008362,0.0008,0.007562,-0.009851
2023-06-26,500ETF,Future (IC88 (CSI 500 Futures)),rank,-0.2923,0.6,0.0,0,-0.005291,-0.0,0.0008,-0.0008,-0.010651
2023-06-27,500ETF,Future (IC88 (CSI 500 Futures)),rank,0.8579,0.6,1.0,1,0.002603,0.002603,0.0008,0.001803,-0.008848
2023-06-28,500ETF,Future (IC88 (CSI 500 Futures)),rank,-1.1032,0.6,-1.0,1,0.009067,-0.009067,0.0016,-0.010667,-0.019516
2023-06-29,500ETF,Future (IC88 (CSI 500 Futures)),rank,0.2933,0.6,0.0,0,-0.000169,-0.0,0.0008,-0.0008,-0.020316
2023-06-30,500ETF,Future (IC88 (CSI 500 Futures)),rank,0.8918,0.6,1.0,1,0.005461,0.005461,0.0008,0.004661,-0.015654
2023-07-03,500ETF,Future (IC88 (CSI 500 Futures)),rank,0.7278,0.6,1.0,1,0.002462,0.002462,0.0,0.002462,-0.013193
2023-07-04,500ETF,Future (IC88 (CSI 500 Futures)),rank,-0.6614,0.6,0.0,0,0.001692,0.0,0.0008,-0.0008,-0.013993
2023-07-05,500ETF,Future (IC88 (CSI 500 Futures)),rank,-0.6884,0.6,0.0,0,-0.003258,-0.0,0.0,-0.0,-0.013993
2023-07-06,500ETF,Future (IC88 (CSI 500 Futures)),rank,-0.4004,0.6,0.0,0,-0.009206,-0.0,0.0,-0.0,-0.013993
2023-07-07,500ETF,Future (IC88 (CSI 500 Futures)),rank,-0.8132,0.6,0.0,0,0.002962,0.0,0.0,0.0,-0.013993
2023-07-10,500ETF,Future (IC88 (CSI 500 Futures)),rank,0.2372,0.6,0.0,0,-0.003819,-0.0,0.0,-0.0,-0.013993
2023-07-11,500ETF,Future (IC88 (CSI 500 Futures)),rank,-0.5192,0.6,0.0,0,0.007869,0.0,0.0,0.0,-0.013993
2023-07-12,500ETF,Future (IC88 (CSI 500 Futures)),rank,-0.4829,0.6,0.0,0,-0.006175,-0.0,0.0,-0.0,-0.013993
2023-07-13,500ETF,Future (IC88 (CSI 500 Futures)),rank,1.1562,0.6,1.0,1,0.003149,0.003149,0.0008,0.002349,-0.011643
2023-07-14,500ETF,Future (IC88 (CSI 500 Futures)),rank,-0.6533,0.6,0.0,0,-0.002517,-0.0,0.0008,-0.0008,-0.012443
2023-07-17,500ETF,Future (IC88 (CSI 500 Futures)),rank,-0.7985,0.6,0.0,0,-0.000767,-0.0,0.0,-0.0,-0.012443
2023-07-18,500ETF,Future (IC88 (CSI 500 Futures)),rank,-0.6793,0.6,0.0,0,0.001301,0.0,0.0,0.0,-0.012443
2023-07-19,500ETF,Future (IC88 (CSI 500 Futures)),rank,0.2899,0.6,0.0,0,-0.003337,-0.0,0.0,-0.0,-0.012443
2023-07-20,500ETF,Future (IC88 (CSI 500 Futures)),rank,-0.2244,0.6,0.0,0,-0.008932,-0.0,0.0,-0.0,-0.012443
2023-07-21,500ETF,Future (IC88 (CSI 500 Futures)),rank,-0.0049,0.6,0.0,0,-0.001551,-0.0,0.0,-0.0,-0.012443
2023-07-24,500ETF,Future (IC88 (CSI 500 Futures)),rank,-0.3701,0.6,0.0,0,-0.002059,-0.0,0.0,-0.0,-0.012443
2023-07-25,500ETF,Future (IC88 (CSI 500 Futures)),rank,0.8435,0.6,1.0,1,0.002631,0.002631,0.0008,0.001831,-0.010612
2023-07-26,500ETF,Future (IC88 (CSI 500 Futures)),rank,-0.7237,0.6,0.0,0,-0.003198,-0.0,0.0008,-0.0008,-0.011412
2023-07-27,500ETF,Future (IC88 (CSI 500 Futures)),rank,0.1813,0.6,0.0,0,-0.008791,-0.0,0.0,-0.0,-0.011412
2023-07-28,500ETF,Future (IC88 (CSI 500 Futures)),rank,-0.3687,0.6,0.0,0,0.018159,0.0,0.0,0.0,-0.011412
2023-07-31,500ETF,Future (IC88 (CSI 500 Futures)),rank,1.2375,0.6,1.0,1,-0.004979,-0.004979,0.0008,-0.005779,-0.01719
2023-08-01,500ETF,Future (IC88 (CSI 500 Futures)),rank,0.1413,0.6,0.0,0,-0.001866,-0.0,0.0008,-0.0008,-0.01799
2023-08-02,500ETF,Future (IC88 (CSI 500 Futures)),rank,0.1247,0.6,0.0,0,-0.00644,-0.0,0.0,-0.0,-0.01799
2023-08-03,500ETF,Future (IC88 (CSI 500 Futures)),rank,-0.1937,0.6,0.0,0,0.003259,0.0,0.0,0.0,-0.01799
2023-08-04,500ETF,Future (IC88 (CSI 500 Futures)),rank,0.9196,0.6,1.0,1,-0.001597,-0.001597,0.0008,-0.002397,-0.020387
2023-08-07,500ETF,Future (IC88 (CSI 500 Futures)),rank,-0.9495,0.6,0.0,0,-0.000885,-0.0,0.0008,-0.0008,-0.021187
2023-08-08,500ETF,Future (IC88 (CSI 500 Futures)),rank,-1.0063,0.6,-1.0,1,0.003554,-0.003554,0.0008,-0.004354,-0.025541
2023-08-09,500ETF,Future (IC88 (CSI 500 Futures)),rank,-0.0592,0.6,0.0,0,-0.005843,-0.0,0.0008,-0.0008,-0.026341
2023-08-10,500ETF,Future (IC88 (CSI 500 Futures)),rank,0.1778,0.6,0.0,0,-3.3e-05,-0.0,0.0,-0.0,-0.026341
2023-08-11,500ETF,Future (IC88 (CSI 500 Futures)),rank,-0.9655,0.6,0.0,0,-0.011559,-0.0,0.0,-0.0,-0.026341
2023-08-14,500ETF,Future (IC88 (CSI 500 Futures)),rank,-0.585,0.6,0.0,0,0.007059,0.0,0.0,0.0,-0.026341
2023-08-15,500ETF,Future (IC88 (CSI 500 Futures)),rank,-0.5816,0.6,0.0,0,-0.002921,-0.0,0.0,-0.0,-0.026341
2023-08-16,500ETF,Future (IC88 (CSI 500 Futures)),rank,-0.2331,0.6,0.0,0,-0.003411,-0.0,0.0,-0.0,-0.026341
2023-08-17,500ETF,Future (IC88 (CSI 500 Futures)),rank,-0.6667,0.6,0.0,0,0.012387,0.0,0.0,0.0,-0.026341
2023-08-18,500ETF,Future (IC88 (CSI 500 Futures)),rank,-0.1014,0.6,0.0,0,-0.012911,-0.0,0.0,-0.0,-0.026341
2023-08-21,500ETF,Future (IC88 (CSI 500 Futures)),rank,0.423,0.6,0.0,0,-0.008478,-0.0,0.0,-0.0,-0.026341
2023-08-22,500ETF,Future (IC88 (CSI 500 Futures)),rank,-0.0457,0.6,0.0,0,0.006077,0.0,0.0,0.0,-0.026341
2023-08-23,500ETF,Future (IC88 (CSI 500 Futures)),rank,-1.0941,0.6,-1.0,1,-0.009718,0.009718,0.0008,0.008918,-0.017424
2023-08-24,500ETF,Future (IC88 (CSI 500 Futures)),rank,-0.1854,0.6,0.0,0,0.004921,0.0,0.0008,-0.0008,-0.018224
2023-08-25,500ETF,Future (IC88 (CSI 500 Futures)),rank,-0.3752,0.6,0.0,0,-0.01568,-0.0,0.0,-0.0,-0.018224
2023-08-28,500ETF,Future (IC88 (CSI 500 Futures)),rank,-0.4242,0.6,0.0,0,-0.02292,-0.0,0.0,-0.0,-0.018224
2023-08-29,500ETF,Future (IC88 (CSI 500 Futures)),rank,1.0688,0.6,1.0,1,0.013467,0.013467,0.0008,0.012667,-0.005557
2023-08-30,500ETF,Future (IC88 (CSI 500 Futures)),rank,0.9213,0.6,1.0,1,-0.007032,-0.007032,0.0,-0.007032,-0.012589
2023-08-31,500ETF,Future (IC88 (CSI 500 Futures)),rank,-0.5123,0.6,0.0,0,-0.002399,-0.0,0.0008,-0.0008,-0.013389
2023-09-01,500ETF,Future (IC88 (CSI 500 Futures)),rank,0.1777,0.6,0.0,0,-0.002191,-0.0,0.0,-0.0,-0.013389
2023-09-04,500ETF,Future (IC88 (CSI 500 Futures)),rank,-0.1019,0.6,0.0,0,0.007485,0.0,0.0,0.0,-0.013389
2023-09-05,500ETF,Future (IC88 (CSI 500 Futures)),rank,-0.6067,0.6,0.0,0,-0.004004,-0.0,0.0,-0.0,-0.013389
2023-09-06,500ETF,Future (IC88 (CSI 500 Futures)),rank,-0.8989,0.6,0.0,0,0.00688,0.0,0.0,0.0,-0.013389
2023-09-07,500ETF,Future (IC88 (CSI 500 Futures)),rank,-0.9519,0.6,0.0,0,-0.010061,-0.0,0.0,-0.0,-0.013389
2023-09-08,500ETF,Future (IC88 (CSI 500 Futures)),rank,0.4245,0.6,0.0,0,0.00186,0.0,0.0,0.0,-0.013389
2023-09-11,500ETF,Future (IC88 (CSI 500 Futures)),rank,0.42,0.6,0.0,0,0.008178,0.0,0.0,0.0,-0.013389
2023-09-12,500ETF,Future (IC88 (CSI 500 Futures)),rank,-0.4246,0.6,0.0,0,0.001283,0.0,0.0,0.0,-0.013389
2023-09-13,500ETF,Future (IC88 (CSI 500 Futures)),rank,-0.4384,0.6,0.0,0,-0.0102,-0.0,0.0,-0.0,-0.013389
2023-09-14,500ETF,Future (IC88 (CSI 500 Futures)),rank,-0.4706,0.6,0.0,0,-0.00021,-0.0,0.0,-0.0,-0.013389
2023-09-15,500ETF,Future (IC88 (CSI 500 Futures)),rank,-0.7224,0.6,0.0,0,-0.000914,-0.0,0.0,-0.0,-0.013389
2023-09-18,500ETF,Future (IC88 (CSI 500 Futures)),rank,-0.4542,0.6,0.0,0,0.005417,0.0,0.0,0.0,-0.013389
2023-09-19,500ETF,Future (IC88 (CSI 500 Futures)),rank,-0.946,0.6,0.0,0,0.002844,0.0,0.0,0.0,-0.013389
2023-09-20,500ETF,Future (IC88 (CSI 500 Futures)),rank,-0.1472,0.6,0.0,0,-0.004328,-0.0,0.0,-0.0,-0.013389
2023-09-21,500ETF,Future (IC88 (CSI 500 Futures)),rank,0.5393,0.6,0.0,0,-0.00656,-0.0,0.0,-0.0,-0.013389
2023-09-22,500ETF,Future (IC88 (CSI 500 Futures)),rank,0.0967,0.6,0.0,0,0.014513,0.0,0.0,0.0,-0.013389
2023-09-25,500ETF,Future (IC88 (CSI 500 Futures)),rank,-0.5757,0.6,0.0,0,-0.001302,-0.0,0.0,-0.0,-0.013389
2023-09-26,500ETF,Future (IC88 (CSI 500 Futures)),rank,-0.0444,0.6,0.0,0,-7.1e-05,-0.0,0.0,-0.0,-0.013389
2023-09-27,500ETF,Future (IC88 (CSI 500 Futures)),rank,1.1202,0.6,1.0,1,-0.00231,-0.00231,0.0008,-0.00311,-0.0165
2023-09-28,500ETF,Future (IC88 (CSI 500 Futures)),rank,0.4663,0.6,0.0,0,-0.004242,-0.0,0.0008,-0.0008,-0.0173
2023-10-09,500ETF,Future (IC88 (CSI 500 Futures)),rank,-0.9351,0.6,0.0,0,-0.001024,-0.0,0.0,-0.0,-0.0173
2023-10-10,500ETF,Future (IC88 (CSI 500 Futures)),rank,0.0245,0.6,0.0,0,-0.004251,-0.0,0.0,-0.0,-0.0173
2023-10-11,500ETF,Future (IC88 (CSI 500 Futures)),rank,0.3492,0.6,0.0,0,-0.008964,-0.0,0.0,-0.0,-0.0173
2023-10-12,500ETF,Future (IC88 (CSI 500 Futures)),rank,0.4221,0.6,0.0,0,0.001977,0.0,0.0,0.0,-0.0173
2023-10-13,500ETF,Future (IC88 (CSI 500 Futures)),rank,-0.863,0.6,0.0,0,3.6e-05,0.0,0.0,0.0,-0.0173
2023-10-16,500ETF,Future (IC88 (CSI 500 Futures)),rank,-0.9546,0.6,0.0,0,-0.004303,-0.0,0.0,-0.0,-0.0173
2023-10-17,500ETF,Future (IC88 (CSI 500 Futures)),rank,-0.6313,0.6,0.0,0,0.002474,0.0,0.0,0.0,-0.0173
2023-10-18,500ETF,Future (IC88 (CSI 500 Futures)),rank,-1.1461,0.6,-1.0,1,-0.002312,0.002312,0.0008,0.001512,-0.015788
2023-10-19,500ETF,Future (IC88 (CSI 500 Futures)),rank,0.2118,0.6,0.0,0,-0.00743,-0.0,0.0008,-0.0008,-0.016588
2023-10-20,500ETF,Future (IC88 (CSI 500 Futures)),rank,0.3573,0.6,0.0,0,-0.003786,-0.0,0.0,-0.0,-0.016588
2023-10-23,500ETF,Future (IC88 (CSI 500 Futures)),rank,-1.0719,0.6,-1.0,1,-0.015574,0.015574,0.0008,0.014774,-0.001813
2023-10-24,500ETF,Future (IC88 (CSI 500 Futures)),rank,-0.148,0.6,0.0,0,0.010372,0.0,0.0008,-0.0008,-0.002613
2023-10-25,500ETF,Future (IC88 (CSI 500 Futures)),rank,1.1458,0.6,1.0,1,-0.008326,-0.008326,0.0008,-0.009126,-0.011739
2023-10-26,500ETF,Future (IC88 (CSI 500 Futures)),rank,-0.5337,0.6,0.0,0,0.007686,0.0,0.0008,-0.0008,-0.012539
2023-10-27,500ETF,Future (IC88 (CSI 500 Futures)),rank,0.7725,0.6,1.0,1,0.018066,0.018066,0.0008,0.017266,0.004727
2023-10-30,500ETF,Future (IC88 (CSI 500 Futures)),rank,0.8203,0.6,1.0,1,0.00641,0.00641,0.0,0.00641,0.011137
2023-10-31,500ETF,Future (IC88 (CSI 500 Futures)),rank,-0.5388,0.6,0.0,0,-0.000507,-0.0,0.0008,-0.0008,0.010337
2023-11-01,500ETF,Future (IC88 (CSI 500 Futures)),rank,-0.5681,0.6,0.0,0,-0.000801,-0.0,0.0,-0.0,0.010337
2023-11-02,500ETF,Future (IC88 (CSI 500 Futures)),rank,0.1621,0.6,0.0,0,-0.004311,-0.0,0.0,-0.0,0.010337
2023-11-03,500ETF,Future (IC88 (CSI 500 Futures)),rank,0.9186,0.6,1.0,1,0.003602,0.003602,0.0008,0.002802,0.01314
2023-11-06,500ETF,Future (IC88 (CSI 500 Futures)),rank,0.977,0.6,1.0,1,0.004774,0.004774,0.0,0.004774,0.017914
2023-11-07,500ETF,Future (IC88 (CSI 500 Futures)),rank,-0.2917,0.6,0.0,0,0.005469,0.0,0.0008,-0.0008,0.017114
2023-11-08,500ETF,Future (IC88 (CSI 500 Futures)),rank,-0.22,0.6,0.0,0,-0.003862,-0.0,0.0,-0.0,0.017114
2023-11-09,500ETF,Future (IC88 (CSI 500 Futures)),rank,0.8301,0.6,1.0,1,-0.004189,-0.004189,0.0008,-0.004989,0.012125
2023-11-10,500ETF,Future (IC88 (CSI 500 Futures)),rank,-0.7997,0.6,0.0,0,0.001512,0.0,0.0008,-0.0008,0.011325
2023-11-13,500ETF,Future (IC88 (CSI 500 Futures)),rank,-0.317,0.6,0.0,0,0.003238,0.0,0.0,0.0,0.011325
2023-11-14,500ETF,Future (IC88 (CSI 500 Futures)),rank,0.9238,0.6,1.0,1,-0.003357,-0.003357,0.0008,-0.004157,0.007168
2023-11-15,500ETF,Future (IC88 (CSI 500 Futures)),rank,-0.1294,0.6,0.0,0,-0.003057,-0.0,0.0008,-0.0008,0.006368
2023-11-16,500ETF,Future (IC88 (CSI 500 Futures)),rank,-0.5343,0.6,0.0,0,-0.003569,-0.0,0.0,-0.0,0.006368
2023-11-17,500ETF,Future (IC88 (CSI 500 Futures)),rank,0.2829,0.6,0.0,0,0.003258,0.0,0.0,0.0,0.006368
2023-11-20,500ETF,Future (IC88 (CSI 500 Futures)),rank,-0.7208,0.6,0.0,0,0.011901,0.0,0.0,0.0,0.006368
2023-11-21,500ETF,Future (IC88 (CSI 500 Futures)),rank,0.8299,0.6,1.0,1,-0.009362,-0.009362,0.0008,-0.010162,-0.003794
2023-11-22,500ETF,Future (IC88 (CSI 500 Futures)),rank,0.0217,0.6,0.0,0,-0.00755,-0.0,0.0008,-0.0008,-0.004594
2023-11-23,500ETF,Future (IC88 (CSI 500 Futures)),rank,-0.3043,0.6,0.0,0,0.012676,0.0,0.0,0.0,-0.004594
2023-11-24,500ETF,Future (IC88 (CSI 500 Futures)),rank,-0.9558,0.6,0.0,0,-0.002123,-0.0,0.0,-0.0,-0.004594
2023-11-27,500ETF,Future (IC88 (CSI 500 Futures)),rank,-0.6655,0.6,0.0,0,0.004557,0.0,0.0,0.0,-0.004594
2023-11-28,500ETF,Future (IC88 (CSI 500 Futures)),rank,-0.8049,0.6,0.0,0,0.003312,0.0,0.0,0.0,-0.004594
2023-11-29,500ETF,Future (IC88 (CSI 500 Futures)),rank,-0.5464,0.6,0.0,0,-0.004259,-0.0,0.0,-0.0,-0.004594
2023-11-30,500ETF,Future (IC88 (CSI 500 Futures)),rank,-0.5793,0.6,0.0,0,7.3e-05,0.0,0.0,0.0,-0.004594
2023-12-01,500ETF,Future (IC88 (CSI 500 Futures)),rank,-0.7343,0.6,0.0,0,0.005695,0.0,0.0,0.0,-0.004594
2023-12-04,500ETF,Future (IC88 (CSI 500 Futures)),rank,-0.3511,0.6,0.0,0,-0.005381,-0.0,0.0,-0.0,-0.004594
2023-12-05,500ETF,Future (IC88 (CSI 500 Futures)),rank,-0.9791,0.6,0.0,0,-0.002816,-0.0,0.0,-0.0,-0.004594
2023-12-06,500ETF,Future (IC88 (CSI 500 Futures)),rank,0.684,0.6,1.0,1,0.002821,0.002821,0.0008,0.002021,-0.002573
2023-12-07,500ETF,Future (IC88 (CSI 500 Futures)),rank,-0.8309,0.6,0.0,0,0.008719,0.0,0.0008,-0.0008,-0.003373
2023-12-08,500ETF,Future (IC88 (CSI 500 Futures)),rank,0.3246,0.6,0.0,0,0.003498,0.0,0.0,0.0,-0.003373
2023-12-11,500ETF,Future (IC88 (CSI 500 Futures)),rank,-1.0061,0.6,-1.0,1,0.021671,-0.021671,0.0008,-0.022471,-0.025844
2023-12-12,500ETF,Future (IC88 (CSI 500 Futures)),rank,-0.0297,0.6,0.0,0,0.002913,0.0,0.0008,-0.0008,-0.026644
2023-12-13,500ETF,Future (IC88 (CSI 500 Futures)),rank,-0.7015,0.6,0.0,0,-0.005125,-0.0,0.0,-0.0,-0.026644
2023-12-14,500ETF,Future (IC88 (CSI 500 Futures)),rank,0.7681,0.6,1.0,1,-0.008403,-0.008403,0.0008,-0.009203,-0.035847
2023-12-15,500ETF,Future (IC88 (CSI 500 Futures)),rank,-0.0763,0.6,0.0,0,-0.009471,-0.0,0.0008,-0.0008,-0.036647
2023-12-18,500ETF,Future (IC88 (CSI 500 Futures)),rank,-0.4144,0.6,0.0,0,-0.008142,-0.0,0.0,-0.0,-0.036647
2023-12-19,500ETF,Future (IC88 (CSI 500 Futures)),rank,-0.4773,0.6,0.0,0,-0.003099,-0.0,0.0,-0.0,-0.036647
2023-12-20,500ETF,Future (IC88 (CSI 500 Futures)),rank,-0.6066,0.6,0.0,0,-0.009019,-0.0,0.0,-0.0,-0.036647
2023-12-21,500ETF,Future (IC88 (CSI 500 Futures)),rank,-0.002,0.6,0.0,0,0.009898,0.0,0.0,0.0,-0.036647
2023-12-22,500ETF,Future (IC88 (CSI 500 Futures)),rank,-1.0072,0.6,-1.0,1,0.002675,-0.002675,0.0008,-0.003475,-0.040122
2023-12-25,500ETF,Future (IC88 (CSI 500 Futures)),rank,0.8112,0.6,1.0,1,-0.001278,-0.001278,0.0016,-0.002878,-0.043
2023-12-26,500ETF,Future (IC88 (CSI 500 Futures)),rank,-0.8654,0.6,0.0,0,-0.004472,-0.0,0.0008,-0.0008,-0.0438
2023-12-27,500ETF,Future (IC88 (CSI 500 Futures)),rank,-0.6078,0.6,0.0,0,0.007962,0.0,0.0,0.0,-0.0438
2023-12-28,500ETF,Future (IC88 (CSI 500 Futures)),rank,0.7448,0.6,1.0,1,0.011958,0.011958,0.0008,0.011158,-0.032642
2023-12-29,500ETF,Future (IC88 (CSI 500 Futures)),rank,0.9981,0.6,1.0,1,7.4e-05,7.4e-05,0.0,7.4e-05,-0.032569
2024-01-02,500ETF,Future (IC88 (CSI 500 Futures)),rank,-0.6046,0.6,0.0,0,-0.000517,-0.0,0.0008,-0.0008,-0.033369
2024-01-03,500ETF,Future (IC88 (CSI 500 Futures)),rank,0.7683,0.6,1.0,1,-0.003258,-0.003258,0.0008,-0.004058,-0.037427
2024-01-04,500ETF,Future (IC88 (CSI 500 Futures)),rank,-0.9755,0.6,0.0,0,-0.003439,-0.0,0.0008,-0.0008,-0.038227
2024-01-05,500ETF,Future (IC88 (CSI 500 Futures)),rank,0.4735,0.6,0.0,0,-0.015381,-0.0,0.0,-0.0,-0.038227
2024-01-08,500ETF,Future (IC88 (CSI 500 Futures)),rank,-1.0241,0.6,-1.0,1,-0.015159,0.015159,0.0008,0.014359,-0.023868
2024-01-09,500ETF,Future (IC88 (CSI 500 Futures)),rank,-0.0202,0.6,0.0,0,-0.001393,-0.0,0.0008,-0.0008,-0.024668
2024-01-10,500ETF,Future (IC88 (CSI 500 Futures)),rank,-0.8605,0.6,0.0,0,-0.002445,-0.0,0.0,-0.0,-0.024668
2024-01-11,500ETF,Future (IC88 (CSI 500 Futures)),rank,0.5348,0.6,0.0,0,0.010583,0.0,0.0,0.0,-0.024668
2024-01-12,500ETF,Future (IC88 (CSI 500 Futures)),rank,0.7272,0.6,1.0,1,-0.0028,-0.0028,0.0008,-0.0036,-0.028268
2024-01-15,500ETF,Future (IC88 (CSI 500 Futures)),rank,-0.6289,0.6,0.0,0,0.001234,0.0,0.0008,-0.0008,-0.029068
2024-01-16,500ETF,Future (IC88 (CSI 500 Futures)),rank,-0.2046,0.6,0.0,0,-0.007781,-0.0,0.0,-0.0,-0.029068
2024-01-17,500ETF,Future (IC88 (CSI 500 Futures)),rank,-0.8696,0.6,0.0,0,-0.012271,-0.0,0.0,-0.0,-0.029068
2024-01-18,500ETF,Future (IC88 (CSI 500 Futures)),rank,-0.8988,0.6,0.0,0,-0.004122,-0.0,0.0,-0.0,-0.029068
2024-01-19,500ETF,Future (IC88 (CSI 500 Futures)),rank,0.4639,0.6,0.0,0,-0.006064,-0.0,0.0,-0.0,-0.029068
2024-01-22,500ETF,Future (IC88 (CSI 500 Futures)),rank,-1.096,0.6,-1.0,1,-0.04369,0.04369,0.0008,0.04289,0.013822
2024-01-23,500ETF,Future (IC88 (CSI 500 Futures)),rank,-0.1996,0.6,0.0,0,0.020643,0.0,0.0008,-0.0008,0.013022
2024-01-24,500ETF,Future (IC88 (CSI 500 Futures)),rank,0.6396,0.6,1.0,1,0.006524,0.006524,0.0008,0.005724,0.018746
2024-01-25,500ETF,Future (IC88 (CSI 500 Futures)),rank,0.5476,0.6,0.0,0,0.026965,0.0,0.0008,-0.0008,0.017946
2024-01-26,500ETF,Future (IC88 (CSI 500 Futures)),rank,0.1361,0.6,0.0,0,-0.005797,-0.0,0.0,-0.0,0.017946
2024-01-29,500ETF,Future (IC88 (CSI 500 Futures)),rank,-0.5325,0.6,0.0,0,-0.006498,-0.0,0.0,-0.0,0.017946
2024-01-30,500ETF,Future (IC88 (CSI 500 Futures)),rank,0.2304,0.6,0.0,0,-0.020036,-0.0,0.0,-0.0,0.017946
2024-01-31,500ETF,Future (IC88 (CSI 500 Futures)),rank,0.5478,0.6,0.0,0,-0.008509,-0.0,0.0,-0.0,0.017946
2024-02-01,500ETF,Future (IC88 (CSI 500 Futures)),rank,0.1669,0.6,0.0,0,0.012445,0.0,0.0,0.0,0.017946
2024-02-02,500ETF,Future (IC88 (CSI 500 Futures)),rank,0.9178,0.6,1.0,1,-0.030357,-0.030357,0.0008,-0.031157,-0.013211
2024-02-05,500ETF,Future (IC88 (CSI 500 Futures)),rank,-1.4772,0.6,-1.0,1,0.029852,-0.029852,0.0016,-0.031452,-0.044663
2024-02-06,500ETF,Future (IC88 (CSI 500 Futures)),rank,1.4087,0.6,1.0,1,0.053901,0.053901,0.0016,0.052301,0.007638
2024-02-07,500ETF,Future (IC88 (CSI 500 Futures)),rank,1.6325,0.6,1.0,1,0.006049,0.006049,0.0,0.006049,0.013687
2024-02-08,500ETF,Future (IC88 (CSI 500 Futures)),rank,1.5685,0.6,1.0,1,-0.03343,-0.03343,0.0,-0.03343,-0.019743
2024-02-19,500ETF,Future (IC88 (CSI 500 Futures)),rank,-0.7328,0.6,0.0,0,-0.009449,-0.0,0.0008,-0.0008,-0.020543
2024-02-20,500ETF,Future (IC88 (CSI 500 Futures)),rank,-0.5933,0.6,0.0,0,0.008847,0.0,0.0,0.0,-0.020543
2024-02-21,500ETF,Future (IC88 (CSI 500 Futures)),rank,0.0585,0.6,0.0,0,0.008049,0.0,0.0,0.0,-0.020543
2024-02-22,500ETF,Future (IC88 (CSI 500 Futures)),rank,1.1237,0.6,1.0,1,-0.001126,-0.001126,0.0008,-0.001926,-0.022469
2024-02-23,500ETF,Future (IC88 (CSI 500 Futures)),rank,-0.5972,0.6,0.0,0,0.007712,0.0,0.0008,-0.0008,-0.023269
2024-02-26,500ETF,Future (IC88 (CSI 500 Futures)),rank,0.2194,0.6,0.0,0,0.004787,0.0,0.0,0.0,-0.023269
2024-02-27,500ETF,Future (IC88 (CSI 500 Futures)),rank,0.3577,0.6,0.0,0,0.020078,0.0,0.0,0.0,-0.023269
2024-02-28,500ETF,Future (IC88 (CSI 500 Futures)),rank,1.2325,0.6,1.0,1,-0.01724,-0.01724,0.0008,-0.01804,-0.041309
2024-02-29,500ETF,Future (IC88 (CSI 500 Futures)),rank,1.3948,0.6,1.0,1,0.011934,0.011934,0.0,0.011934,-0.029375
2024-03-01,500ETF,Future (IC88 (CSI 500 Futures)),rank,0.376,0.6,0.0,0,0.003284,0.0,0.0008,-0.0008,-0.030175
2024-03-04,500ETF,Future (IC88 (CSI 500 Futures)),rank,-0.3073,0.6,0.0,0,0.004098,0.0,0.0,0.0,-0.030175
2024-03-05,500ETF,Future (IC88 (CSI 500 Futures)),rank,0.0968,0.6,0.0,0,-0.003097,-0.0,0.0,-0.0,-0.030175
2024-03-06,500ETF,Future (IC88 (CSI 500 Futures)),rank,-0.2664,0.6,0.0,0,0.005886,0.0,0.0,0.0,-0.030175
2024-03-07,500ETF,Future (IC88 (CSI 500 Futures)),rank,0.8379,0.6,1.0,1,-0.0149,-0.0149,0.0008,-0.0157,-0.045875
2024-03-08,500ETF,Future (IC88 (CSI 500 Futures)),rank,0.9308,0.6,1.0,1,0.008139,0.008139,0.0,0.008139,-0.037736
2024-03-11,500ETF,Future (IC88 (CSI 500 Futures)),rank,0.6034,0.6,1.0,1,0.011688,0.011688,0.0,0.011688,-0.026047
2024-03-12,500ETF,Future (IC88 (CSI 500 Futures)),rank,0.6215,0.6,1.0,1,-0.009251,-0.009251,0.0,-0.009251,-0.035299
2024-03-13,500ETF,Future (IC88 (CSI 500 Futures)),rank,-0.7785,0.6,0.0,0,0.000222,0.0,0.0008,-0.0008,-0.036099
2024-03-14,500ETF,Future (IC88 (CSI 500 Futures)),rank,0.8905,0.6,1.0,1,-0.008859,-0.008859,0.0008,-0.009659,-0.045757
2024-03-15,500ETF,Future (IC88 (CSI 500 Futures)),rank,-0.0854,0.6,0.0,0,0.013115,0.0,0.0008,-0.0008,-0.046557
2024-03-18,500ETF,Future (IC88 (CSI 500 Futures)),rank,0.3415,0.6,0.0,0,0.00601,0.0,0.0,0.0,-0.046557
2024-03-19,500ETF,Future (IC88 (CSI 500 Futures)),rank,-0.4696,0.6,0.0,0,-0.006951,-0.0,0.0,-0.0,-0.046557
2024-03-20,500ETF,Future (IC88 (CSI 500 Futures)),rank,0.565,0.6,0.0,0,-0.000693,-0.0,0.0,-0.0,-0.046557
2024-03-21,500ETF,Future (IC88 (CSI 500 Futures)),rank,0.0328,0.6,0.0,0,-0.004953,-0.0,0.0,-0.0,-0.046557
2024-03-22,500ETF,Future (IC88 (CSI 500 Futures)),rank,-0.9148,0.6,0.0,0,-0.004786,-0.0,0.0,-0.0,-0.046557
2024-03-25,500ETF,Future (IC88 (CSI 500 Futures)),rank,-0.8321,0.6,0.0,0,-0.002475,-0.0,0.0,-0.0,-0.046557
2024-03-26,500ETF,Future (IC88 (CSI 500 Futures)),rank,0.6407,0.6,1.0,1,-0.00367,-0.00367,0.0008,-0.00447,-0.051027
2024-03-27,500ETF,Future (IC88 (CSI 500 Futures)),rank,-1.0441,0.6,-1.0,1,-0.007479,0.007479,0.0016,0.005879,-0.045148
2024-03-28,500ETF,Future (IC88 (CSI 500 Futures)),rank,1.0153,0.6,1.0,1,0.00239,0.00239,0.0016,0.00079,-0.044358
2024-03-29,500ETF,Future (IC88 (CSI 500 Futures)),rank,0.7488,0.6,1.0,1,0.005787,0.005787,0.0,0.005787,-0.038571
2024-04-01,500ETF,Future (IC88 (CSI 500 Futures)),rank,1.3346,0.6,1.0,1,0.00479,0.00479,0.0,0.00479,-0.033781
2024-04-02,500ETF,Future (IC88 (CSI 500 Futures)),rank,-0.4995,0.6,0.0,0,-0.003795,-0.0,0.0008,-0.0008,-0.034581
2024-04-03,500ETF,Future (IC88 (CSI 500 Futures)),rank,-0.4632,0.6,0.0,0,0.001455,0.0,0.0,0.0,-0.034581
2024-04-08,500ETF,Future (IC88 (CSI 500 Futures)),rank,-0.5382,0.6,0.0,0,-0.007031,-0.0,0.0,-0.0,-0.034581
2024-04-09,500ETF,Future (IC88 (CSI 500 Futures)),rank,0.5576,0.6,0.0,0,0.006856,0.0,0.0,0.0,-0.034581
2024-04-10,500ETF,Future (IC88 (CSI 500 Futures)),rank,-0.8994,0.6,0.0,0,-0.005177,-0.0,0.0,-0.0,-0.034581
2024-04-11,500ETF,Future (IC88 (CSI 500 Futures)),rank,0.4565,0.6,0.0,0,0.006803,0.0,0.0,0.0,-0.034581
2024-04-12,500ETF,Future (IC88 (CSI 500 Futures)),rank,0.1258,0.6,0.0,0,-0.002949,-0.0,0.0,-0.0,-0.034581
2024-04-15,500ETF,Future (IC88 (CSI 500 Futures)),rank,0.7465,0.6,1.0,1,0.007232,0.007232,0.0008,0.006432,-0.028149
2024-04-16,500ETF,Future (IC88 (CSI 500 Futures)),rank,0.1806,0.6,0.0,0,-0.014603,-0.0,0.0008,-0.0008,-0.028949
2024-04-17,500ETF,Future (IC88 (CSI 500 Futures)),rank,1.4187,0.6,1.0,1,0.00588,0.00588,0.0008,0.00508,-0.023869
2024-04-18,500ETF,Future (IC88 (CSI 500 Futures)),rank,-0.6393,0.6,0.0,0,0.006243,0.0,0.0008,-0.0008,-0.024669
2024-04-19,500ETF,Future (IC88 (CSI 500 Futures)),rank,0.7949,0.6,1.0,1,-0.010887,-0.010887,0.0008,-0.011687,-0.036356
2024-04-22,500ETF,Future (IC88 (CSI 500 Futures)),rank,-0.1368,0.6,0.0,0,-0.012527,-0.0,0.0008,-0.0008,-0.037156
2024-04-23,500ETF,Future (IC88 (CSI 500 Futures)),rank,-0.0751,0.6,0.0,0,-0.003455,-0.0,0.0,-0.0,-0.037156
2024-04-24,500ETF,Future (IC88 (CSI 500 Futures)),rank,-0.5706,0.6,0.0,0,0.009642,0.0,0.0,0.0,-0.037156
2024-04-25,500ETF,Future (IC88 (CSI 500 Futures)),rank,-0.6067,0.6,0.0,0,0.002022,0.0,0.0,0.0,-0.037156
2024-04-26,500ETF,Future (IC88 (CSI 500 Futures)),rank,1.1546,0.6,1.0,1,0.018297,0.018297,0.0008,0.017497,-0.019659
2024-04-29,500ETF,Future (IC88 (CSI 500 Futures)),rank,1.1181,0.6,1.0,1,0.01413,0.01413,0.0,0.01413,-0.005529
2024-04-30,500ETF,Future (IC88 (CSI 500 Futures)),rank,-0.6353,0.6,0.0,0,-0.002124,-0.0,0.0008,-0.0008,-0.006329
2024-05-06,500ETF,Future (IC88 (CSI 500 Futures)),rank,0.5821,0.6,0.0,0,-0.000799,-0.0,0.0,-0.0,-0.006329
2024-05-07,500ETF,Future (IC88 (CSI 500 Futures)),rank,-0.0633,0.6,0.0,0,-0.005023,-0.0,0.0,-0.0,-0.006329
2024-05-08,500ETF,Future (IC88 (CSI 500 Futures)),rank,-0.9744,0.6,0.0,0,-0.006289,-0.0,0.0,-0.0,-0.006329
2024-05-09,500ETF,Future (IC88 (CSI 500 Futures)),rank,1.4252,0.6,1.0,1,0.002431,0.002431,0.0008,0.001631,-0.004698
2024-05-10,500ETF,Future (IC88 (CSI 500 Futures)),rank,-0.7813,0.6,0.0,0,0.006677,0.0,0.0008,-0.0008,-0.005498
2024-05-13,500ETF,Future (IC88 (CSI 500 Futures)),rank,-1.071,0.6,-1.0,1,0.001103,-0.001103,0.0008,-0.001903,-0.007401
2024-05-14,500ETF,Future (IC88 (CSI 500 Futures)),rank,0.7207,0.6,1.0,1,0.000293,0.000293,0.0016,-0.001307,-0.008708
2024-05-15,500ETF,Future (IC88 (CSI 500 Futures)),rank,-0.8149,0.6,0.0,0,-0.004639,-0.0,0.0008,-0.0008,-0.009508
2024-05-16,500ETF,Future (IC88 (CSI 500 Futures)),rank,0.2313,0.6,0.0,0,-0.010337,-0.0,0.0,-0.0,-0.009508
2024-05-17,500ETF,Future (IC88 (CSI 500 Futures)),rank,0.4022,0.6,0.0,0,0.001734,0.0,0.0,0.0,-0.009508
2024-05-20,500ETF,Future (IC88 (CSI 500 Futures)),rank,0.6194,0.6,1.0,1,-0.003062,-0.003062,0.0008,-0.003862,-0.01337
2024-05-21,500ETF,Future (IC88 (CSI 500 Futures)),rank,-0.6849,0.6,0.0,0,-0.001434,-0.0,0.0008,-0.0008,-0.01417
2024-05-22,500ETF,Future (IC88 (CSI 500 Futures)),rank,-0.1708,0.6,0.0,0,-0.002392,-0.0,0.0,-0.0,-0.01417
2024-05-23,500ETF,Future (IC88 (CSI 500 Futures)),rank,-1.1211,0.6,-1.0,1,-0.007162,0.007162,0.0008,0.006362,-0.007808
2024-05-24,500ETF,Future (IC88 (CSI 500 Futures)),rank,1.0581,0.6,1.0,1,-0.010983,-0.010983,0.0016,-0.012583,-0.020391
2024-05-27,500ETF,Future (IC88 (CSI 500 Futures)),rank,-0.3834,0.6,0.0,0,0.00921,0.0,0.0008,-0.0008,-0.021191
2024-05-28,500ETF,Future (IC88 (CSI 500 Futures)),rank,-0.9072,0.6,0.0,0,-0.006052,-0.0,0.0,-0.0,-0.021191
2024-05-29,500ETF,Future (IC88 (CSI 500 Futures)),rank,1.0722,0.6,1.0,1,-0.005493,-0.005493,0.0008,-0.006293,-0.027484
2024-05-30,500ETF,Future (IC88 (CSI 500 Futures)),rank,0.34,0.6,0.0,0,-0.007015,-0.0,0.0008,-0.0008,-0.028284
2024-05-31,500ETF,Future (IC88 (CSI 500 Futures)),rank,0.8677,0.6,1.0,1,-0.008394,-0.008394,0.0008,-0.009194,-0.037478
2024-06-03,500ETF,Future (IC88 (CSI 500 Futures)),rank,-0.8084,0.6,0.0,0,-0.013936,-0.0,0.0008,-0.0008,-0.038278
2024-06-04,500ETF,Future (IC88 (CSI 500 Futures)),rank,0.124,0.6,0.0,0,0.012552,0.0,0.0,0.0,-0.038278
2024-06-05,500ETF,Future (IC88 (CSI 500 Futures)),rank,-0.0581,0.6,0.0,0,-0.00904,-0.0,0.0,-0.0,-0.038278
2024-06-06,500ETF,Future (IC88 (CSI 500 Futures)),rank,0.1935,0.6,0.0,0,-0.013349,-0.0,0.0,-0.0,-0.038278
2024-06-07,500ETF,Future (IC88 (CSI 500 Futures)),rank,-0.0803,0.6,0.0,0,-0.004422,-0.0,0.0,-0.0,-0.038278
2024-06-11,500ETF,Future (IC88 (CSI 500 Futures)),rank,-0.8999,0.6,0.0,0,0.009429,0.0,0.0,0.0,-0.038278
2024-06-12,500ETF,Future (IC88 (CSI 500 Futures)),rank,0.5123,0.6,0.0,0,-0.000651,-0.0,0.0,-0.0,-0.038278
2024-06-13,500ETF,Future (IC88 (CSI 500 Futures)),rank,-0.8091,0.6,0.0,0,-0.005752,-0.0,0.0,-0.0,-0.038278
2024-06-14,500ETF,Future (IC88 (CSI 500 Futures)),rank,-0.4703,0.6,0.0,0,0.009789,0.0,0.0,0.0,-0.038278
2024-06-17,500ETF,Future (IC88 (CSI 500 Futures)),rank,0.5129,0.6,0.0,0,-0.003111,-0.0,0.0,-0.0,-0.038278
2024-06-18,500ETF,Future (IC88 (CSI 500 Futures)),rank,0.3197,0.6,0.0,0,-0.001264,-0.0,0.0,-0.0,-0.038278
2024-06-19,500ETF,Future (IC88 (CSI 500 Futures)),rank,-0.9918,0.6,0.0,0,-0.005983,-0.0,0.0,-0.0,-0.038278
2024-06-20,500ETF,Future (IC88 (CSI 500 Futures)),rank,0.337,0.6,0.0,0,-0.01153,-0.0,0.0,-0.0,-0.038278
2024-06-21,500ETF,Future (IC88 (CSI 500 Futures)),rank,0.3098,0.6,0.0,0,-0.001339,-0.0,0.0,-0.0,-0.038278
2024-06-24,500ETF,Future (IC88 (CSI 500 Futures)),rank,-0.8182,0.6,0.0,0,-0.008317,-0.0,0.0,-0.0,-0.038278
2024-06-25,500ETF,Future (IC88 (CSI 500 Futures)),rank,-0.0736,0.6,0.0,0,-0.010148,-0.0,0.0,-0.0,-0.038278
2024-06-26,500ETF,Future (IC88 (CSI 500 Futures)),rank,-0.6783,0.6,0.0,0,0.019591,0.0,0.0,0.0,-0.038278
2024-06-27,500ETF,Future (IC88 (CSI 500 Futures)),rank,-0.9571,0.6,0.0,0,-0.00585,-0.0,0.0,-0.0,-0.038278
2024-06-28,500ETF,Future (IC88 (CSI 500 Futures)),rank,1.3203,0.6,1.0,1,-0.012861,-0.012861,0.0008,-0.013661,-0.051939
2024-07-01,500ETF,Future (IC88 (CSI 500 Futures)),rank,0.5048,0.6,0.0,0,0.007753,0.0,0.0008,-0.0008,-0.052739
2024-07-02,500ETF,Future (IC88 (CSI 500 Futures)),rank,-0.6687,0.6,0.0,0,-0.008844,-0.0,0.0,-0.0,-0.052739
2024-07-03,500ETF,Future (IC88 (CSI 500 Futures)),rank,-0.5805,0.6,0.0,0,-0.004611,-0.0,0.0,-0.0,-0.052739
2024-07-04,500ETF,Future (IC88 (CSI 500 Futures)),rank,0.2999,0.6,0.0,0,-0.013128,-0.0,0.0,-0.0,-0.052739
2024-07-05,500ETF,Future (IC88 (CSI 500 Futures)),rank,-0.8265,0.6,0.0,0,0.010276,0.0,0.0,0.0,-0.052739
2024-07-08,500ETF,Future (IC88 (CSI 500 Futures)),rank,-1.0727,0.6,-1.0,1,-0.00444,0.00444,0.0008,0.00364,-0.049098
2024-07-09,500ETF,Future (IC88 (CSI 500 Futures)),rank,0.8832,0.6,1.0,1,0.018007,0.018007,0.0016,0.016407,-0.032691
2024-07-10,500ETF,Future (IC88 (CSI 500 Futures)),rank,0.2997,0.6,0.0,0,-0.007172,-0.0,0.0008,-0.0008,-0.033491
2024-07-11,500ETF,Future (IC88 (CSI 500 Futures)),rank,-0.3263,0.6,0.0,0,0.007634,0.0,0.0,0.0,-0.033491
2024-07-12,500ETF,Future (IC88 (CSI 500 Futures)),rank,-0.4013,0.6,0.0,0,-8.1e-05,-0.0,0.0,-0.0,-0.033491
2024-07-15,500ETF,Future (IC88 (CSI 500 Futures)),rank,-0.9516,0.6,0.0,0,-0.00456,-0.0,0.0,-0.0,-0.033491
2024-07-16,500ETF,Future (IC88 (CSI 500 Futures)),rank,0.0925,0.6,0.0,0,0.002587,0.0,0.0,0.0,-0.033491
2024-07-17,500ETF,Future (IC88 (CSI 500 Futures)),rank,-0.7162,0.6,0.0,0,0.001485,0.0,0.0,0.0,-0.033491
2024-07-18,500ETF,Future (IC88 (CSI 500 Futures)),rank,-0.9681,0.6,0.0,0,0.012645,0.0,0.0,0.0,-0.033491
2024-07-19,500ETF,Future (IC88 (CSI 500 Futures)),rank,-0.7021,0.6,0.0,0,0.005469,0.0,0.0,0.0,-0.033491
2024-07-22,500ETF,Future (IC88 (CSI 500 Futures)),rank,-0.3393,0.6,0.0,0,-0.002974,-0.0,0.0,-0.0,-0.033491
2024-07-23,500ETF,Future (IC88 (CSI 500 Futures)),rank,-1.036,0.6,-1.0,1,-0.016163,0.016163,0.0008,0.015363,-0.018128
2024-07-24,500ETF,Future (IC88 (CSI 500 Futures)),rank,0.423,0.6,0.0,0,-0.008445,-0.0,0.0008,-0.0008,-0.018928
2024-07-25,500ETF,Future (IC88 (CSI 500 Futures)),rank,0.281,0.6,0.0,0,-0.000605,-0.0,0.0,-0.0,-0.018928
2024-07-26,500ETF,Future (IC88 (CSI 500 Futures)),rank,1.4681,0.6,1.0,1,-0.002551,-0.002551,0.0008,-0.003351,-0.02228
2024-07-29,500ETF,Future (IC88 (CSI 500 Futures)),rank,-0.8407,0.6,0.0,0,-0.002175,-0.0,0.0008,-0.0008,-0.02308
2024-07-30,500ETF,Future (IC88 (CSI 500 Futures)),rank,-1.1346,0.6,-1.0,1,0.010926,-0.010926,0.0008,-0.011726,-0.034805
2024-07-31,500ETF,Future (IC88 (CSI 500 Futures)),rank,1.1356,0.6,1.0,1,0.022929,0.022929,0.0016,0.021329,-0.013476
2024-08-01,500ETF,Future (IC88 (CSI 500 Futures)),rank,0.6764,0.6,1.0,1,-0.008297,-0.008297,0.0,-0.008297,-0.021773
2024-08-02,500ETF,Future (IC88 (CSI 500 Futures)),rank,0.7623,0.6,1.0,1,-0.017374,-0.017374,0.0,-0.017374,-0.039147
2024-08-05,500ETF,Future (IC88 (CSI 500 Futures)),rank,1.2359,0.6,1.0,1,-0.019152,-0.019152,0.0,-0.019152,-0.058299
2024-08-06,500ETF,Future (IC88 (CSI 500 Futures)),rank,0.4753,0.6,0.0,0,-0.00225,-0.0,0.0008,-0.0008,-0.059099
2024-08-07,500ETF,Future (IC88 (CSI 500 Futures)),rank,-0.4361,0.6,0.0,0,-8.5e-05,-0.0,0.0,-0.0,-0.059099
2024-08-08,500ETF,Future (IC88 (CSI 500 Futures)),rank,-0.4449,0.6,0.0,0,0.01189,0.0,0.0,0.0,-0.059099
2024-08-09,500ETF,Future (IC88 (CSI 500 Futures)),rank,0.8616,0.6,1.0,1,-0.011311,-0.011311,0.0008,-0.012111,-0.07121
2024-08-12,500ETF,Future (IC88 (CSI 500 Futures)),rank,-0.4825,0.6,0.0,0,-0.002346,-0.0,0.0008,-0.0008,-0.07201
2024-08-13,500ETF,Future (IC88 (CSI 500 Futures)),rank,-0.4132,0.6,0.0,0,-0.002267,-0.0,0.0,-0.0,-0.07201
2024-08-14,500ETF,Future (IC88 (CSI 500 Futures)),rank,-1.0874,0.6,-1.0,1,-0.000172,0.000172,0.0008,-0.000628,-0.072638
2024-08-15,500ETF,Future (IC88 (CSI 500 Futures)),rank,-0.1131,0.6,0.0,0,0.003394,0.0,0.0008,-0.0008,-0.073438
2024-08-16,500ETF,Future (IC88 (CSI 500 Futures)),rank,-0.6524,0.6,0.0,0,-0.007765,-0.0,0.0,-0.0,-0.073438
2024-08-19,500ETF,Future (IC88 (CSI 500 Futures)),rank,1.3095,0.6,1.0,1,-0.010704,-0.010704,0.0008,-0.011504,-0.084942
2024-08-20,500ETF,Future (IC88 (CSI 500 Futures)),rank,-0.8539,0.6,0.0,0,-0.010546,-0.0,0.0008,-0.0008,-0.085742
2024-08-21,500ETF,Future (IC88 (CSI 500 Futures)),rank,0.3617,0.6,0.0,0,0.002104,0.0,0.0,0.0,-0.085742
2024-08-22,500ETF,Future (IC88 (CSI 500 Futures)),rank,-0.5229,0.6,0.0,0,-0.009019,-0.0,0.0,-0.0,-0.085742
2024-08-23,500ETF,Future (IC88 (CSI 500 Futures)),rank,0.5812,0.6,0.0,0,0.003101,0.0,0.0,0.0,-0.085742
2024-08-26,500ETF,Future (IC88 (CSI 500 Futures)),rank,-0.2477,0.6,0.0,0,-0.001987,-0.0,0.0,-0.0,-0.085742
2024-08-27,500ETF,Future (IC88 (CSI 500 Futures)),rank,-0.8884,0.6,0.0,0,-0.002543,-0.0,0.0,-0.0,-0.085742
2024-08-28,500ETF,Future (IC88 (CSI 500 Futures)),rank,0.3762,0.6,0.0,0,0.00263,0.0,0.0,0.0,-0.085742
2024-08-29,500ETF,Future (IC88 (CSI 500 Futures)),rank,0.3881,0.6,0.0,0,0.015675,0.0,0.0,0.0,-0.085742
2024-08-30,500ETF,Future (IC88 (CSI 500 Futures)),rank,1.0476,0.6,1.0,1,0.004222,0.004222,0.0008,0.003422,-0.08232
2024-09-02,500ETF,Future (IC88 (CSI 500 Futures)),rank,-0.791,0.6,0.0,0,-0.011154,-0.0,0.0008,-0.0008,-0.08312
2024-09-03,500ETF,Future (IC88 (CSI 500 Futures)),rank,1.2295,0.6,1.0,1,0.001835,0.001835,0.0008,0.001035,-0.082085
2024-09-04,500ETF,Future (IC88 (CSI 500 Futures)),rank,-0.1363,0.6,0.0,0,0.001751,0.0,0.0008,-0.0008,-0.082885
2024-09-05,500ETF,Future (IC88 (CSI 500 Futures)),rank,0.874,0.6,1.0,1,0.00061,0.00061,0.0008,-0.00019,-0.083074
2024-09-06,500ETF,Future (IC88 (CSI 500 Futures)),rank,-0.6827,0.6,0.0,0,-0.012661,-0.0,0.0008,-0.0008,-0.083874
2024-09-09,500ETF,Future (IC88 (CSI 500 Futures)),rank,0.0357,0.6,0.0,0,-0.005337,-0.0,0.0,-0.0,-0.083874
2024-09-10,500ETF,Future (IC88 (CSI 500 Futures)),rank,-0.7937,0.6,0.0,0,0.007812,0.0,0.0,0.0,-0.083874
2024-09-11,500ETF,Future (IC88 (CSI 500 Futures)),rank,0.0402,0.6,0.0,0,0.003516,0.0,0.0,0.0,-0.083874
2024-09-12,500ETF,Future (IC88 (CSI 500 Futures)),rank,1.2224,0.6,1.0,1,-0.007168,-0.007168,0.0008,-0.007968,-0.091843
2024-09-13,500ETF,Future (IC88 (CSI 500 Futures)),rank,0.0215,0.6,0.0,0,-0.012369,-0.0,0.0008,-0.0008,-0.092643
2024-09-18,500ETF,Future (IC88 (CSI 500 Futures)),rank,-0.2655,0.6,0.0,0,0.006882,0.0,0.0,0.0,-0.092643
2024-09-19,500ETF,Future (IC88 (CSI 500 Futures)),rank,-0.5849,0.6,0.0,0,0.014236,0.0,0.0,0.0,-0.092643
2024-09-20,500ETF,Future (IC88 (CSI 500 Futures)),rank,-0.6988,0.6,0.0,0,0.000179,0.0,0.0,0.0,-0.092643
2024-09-23,500ETF,Future (IC88 (CSI 500 Futures)),rank,1.1067,0.6,1.0,1,-0.009157,-0.009157,0.0008,-0.009957,-0.1026
2024-09-24,500ETF,Future (IC88 (CSI 500 Futures)),rank,1.1124,0.6,1.0,1,0.035183,0.035183,0.0,0.035183,-0.067417
2024-09-25,500ETF,Future (IC88 (CSI 500 Futures)),rank,1.5262,0.6,1.0,1,-0.016267,-0.016267,0.0,-0.016267,-0.083683
2024-09-26,500ETF,Future (IC88 (CSI 500 Futures)),rank,1.0166,0.6,1.0,1,0.031497,0.031497,0.0,0.031497,-0.052186
2024-09-27,500ETF,Future (IC88 (CSI 500 Futures)),rank,1.4415,0.6,1.0,1,0.052039,0.052039,0.0,0.052039,-0.000147
2024-09-30,500ETF,Future (IC88 (CSI 500 Futures)),rank,1.3538,0.6,1.0,1,0.06383,0.06383,0.0,0.06383,0.063683
2024-10-08,500ETF,Future (IC88 (CSI 500 Futures)),rank,-0.4495,0.6,0.0,0,-0.041449,-0.0,0.0008,-0.0008,0.062883
2024-10-09,500ETF,Future (IC88 (CSI 500 Futures)),rank,-0.8726,0.6,0.0,0,-0.026964,-0.0,0.0,-0.0,0.062883
2024-10-10,500ETF,Future (IC88 (CSI 500 Futures)),rank,0.2525,0.6,0.0,0,0.004708,0.0,0.0,0.0,0.062883
2024-10-11,500ETF,Future (IC88 (CSI 500 Futures)),rank,-1.1481,0.6,-1.0,1,-0.027409,0.027409,0.0008,0.026609,0.089492
2024-10-14,500ETF,Future (IC88 (CSI 500 Futures)),rank,0.0347,0.6,0.0,0,0.022139,0.0,0.0008,-0.0008,0.088692
2024-10-15,500ETF,Future (IC88 (CSI 500 Futures)),rank,-0.4964,0.6,0.0,0,-0.016767,-0.0,0.0,-0.0,0.088692
2024-10-16,500ETF,Future (IC88 (CSI 500 Futures)),rank,0.7975,0.6,1.0,1,-0.011748,-0.011748,0.0008,-0.012548,0.076144
2024-10-17,500ETF,Future (IC88 (CSI 500 Futures)),rank,0.447,0.6,0.0,0,-0.018731,-0.0,0.0008,-0.0008,0.075344
2024-10-18,500ETF,Future (IC88 (CSI 500 Futures)),rank,0.6538,0.6,1.0,1,0.066631,0.066631,0.0008,0.065831,0.141174
2024-10-21,500ETF,Future (IC88 (CSI 500 Futures)),rank,0.6178,0.6,1.0,1,0.011885,0.011885,0.0,0.011885,0.153059
2024-10-22,500ETF,Future (IC88 (CSI 500 Futures)),rank,-0.1557,0.6,0.0,0,0.007769,0.0,0.0008,-0.0008,0.152259
2024-10-23,500ETF,Future (IC88 (CSI 500 Futures)),rank,0.4339,0.6,0.0,0,0.000554,0.0,0.0,0.0,0.152259
2024-10-24,500ETF,Future (IC88 (CSI 500 Futures)),rank,-0.6104,0.6,0.0,0,0.002174,0.0,0.0,0.0,0.152259
2024-10-25,500ETF,Future (IC88 (CSI 500 Futures)),rank,0.7105,0.6,1.0,1,0.011034,0.011034,0.0008,0.010234,0.162493
2024-10-28,500ETF,Future (IC88 (CSI 500 Futures)),rank,-0.2468,0.6,0.0,0,0.007682,0.0,0.0008,-0.0008,0.161693
2024-10-29,500ETF,Future (IC88 (CSI 500 Futures)),rank,-0.2412,0.6,0.0,0,-0.006437,-0.0,0.0,-0.0,0.161693
2024-10-30,500ETF,Future (IC88 (CSI 500 Futures)),rank,1.1956,0.6,1.0,1,-0.006608,-0.006608,0.0008,-0.007408,0.154285
2024-10-31,500ETF,Future (IC88 (CSI 500 Futures)),rank,-0.4544,0.6,0.0,0,0.012186,0.0,0.0008,-0.0008,0.153485
2024-11-01,500ETF,Future (IC88 (CSI 500 Futures)),rank,0.3803,0.6,0.0,0,-0.004479,-0.0,0.0,-0.0,0.153485
2024-11-04,500ETF,Future (IC88 (CSI 500 Futures)),rank,1.2124,0.6,1.0,1,0.00358,0.00358,0.0008,0.00278,0.156265
2024-11-05,500ETF,Future (IC88 (CSI 500 Futures)),rank,0.8607,0.6,1.0,1,0.021481,0.021481,0.0,0.021481,0.177746
2024-11-06,500ETF,Future (IC88 (CSI 500 Futures)),rank,0.5682,0.6,0.0,0,-0.004638,-0.0,0.0008,-0.0008,0.176946
2024-11-07,500ETF,Future (IC88 (CSI 500 Futures)),rank,0.5491,0.6,0.0,0,0.015586,0.0,0.0,0.0,0.176946
2024-11-08,500ETF,Future (IC88 (CSI 500 Futures)),rank,0.5131,0.6,0.0,0,-0.014018,-0.0,0.0,-0.0,0.176946
2024-11-11,500ETF,Future (IC88 (CSI 500 Futures)),rank,1.0388,0.6,1.0,1,0.004938,0.004938,0.0008,0.004138,0.181084
2024-11-12,500ETF,Future (IC88 (CSI 500 Futures)),rank,0.3953,0.6,0.0,0,-0.024169,-0.0,0.0008,-0.0008,0.180284
2024-11-13,500ETF,Future (IC88 (CSI 500 Futures)),rank,0.5197,0.6,0.0,0,0.002719,0.0,0.0,0.0,0.180284
2024-11-14,500ETF,Future (IC88 (CSI 500 Futures)),rank,-0.9133,0.6,0.0,0,-0.016825,-0.0,0.0,-0.0,0.180284
2024-11-15,500ETF,Future (IC88 (CSI 500 Futures)),rank,0.0747,0.6,0.0,0,-0.011243,-0.0,0.0,-0.0,0.180284
2024-11-18,500ETF,Future (IC88 (CSI 500 Futures)),rank,-0.714,0.6,0.0,0,-0.010518,-0.0,0.0,-0.0,0.180284
2024-11-19,500ETF,Future (IC88 (CSI 500 Futures)),rank,1.1694,0.6,1.0,1,0.005139,0.005139,0.0008,0.004339,0.184622
2024-11-20,500ETF,Future (IC88 (CSI 500 Futures)),rank,0.6538,0.6,1.0,1,0.008544,0.008544,0.0,0.008544,0.193167
2024-11-21,500ETF,Future (IC88 (CSI 500 Futures)),rank,0.1906,0.6,0.0,0,-0.000337,-0.0,0.0008,-0.0008,0.192367
2024-11-22,500ETF,Future (IC88 (CSI 500 Futures)),rank,-0.3096,0.6,0.0,0,-0.024522,-0.0,0.0,-0.0,0.192367
2024-11-25,500ETF,Future (IC88 (CSI 500 Futures)),rank,-0.2156,0.6,0.0,0,-0.001832,-0.0,0.0,-0.0,0.192367
2024-11-26,500ETF,Future (IC88 (CSI 500 Futures)),rank,0.8278,0.6,1.0,1,-0.007098,-0.007098,0.0008,-0.007898,0.184469
2024-11-27,500ETF,Future (IC88 (CSI 500 Futures)),rank,-0.8546,0.6,0.0,0,0.031204,0.0,0.0008,-0.0008,0.183669
2024-11-28,500ETF,Future (IC88 (CSI 500 Futures)),rank,0.2231,0.6,0.0,0,-0.004178,-0.0,0.0,-0.0,0.183669
2024-11-29,500ETF,Future (IC88 (CSI 500 Futures)),rank,0.7764,0.6,1.0,1,0.020534,0.020534,0.0008,0.019734,0.203403
2024-12-02,500ETF,Future (IC88 (CSI 500 Futures)),rank,1.2367,0.6,1.0,1,0.000881,0.000881,0.0,0.000881,0.204284
2024-12-03,500ETF,Future (IC88 (CSI 500 Futures)),rank,-0.7994,0.6,0.0,0,0.006044,0.0,0.0008,-0.0008,0.203484
2024-12-04,500ETF,Future (IC88 (CSI 500 Futures)),rank,-0.7413,0.6,0.0,0,-0.006631,-0.0,0.0,-0.0,0.203484
2024-12-05,500ETF,Future (IC88 (CSI 500 Futures)),rank,0.4503,0.6,0.0,0,0.005911,0.0,0.0,0.0,0.203484
2024-12-06,500ETF,Future (IC88 (CSI 500 Futures)),rank,-0.2311,0.6,0.0,0,0.021652,0.0,0.0,0.0,0.203484
2024-12-09,500ETF,Future (IC88 (CSI 500 Futures)),rank,0.1269,0.6,0.0,0,-0.002361,-0.0,0.0,-0.0,0.203484
2024-12-10,500ETF,Future (IC88 (CSI 500 Futures)),rank,-0.4341,0.6,0.0,0,-0.012347,-0.0,0.0,-0.0,0.203484
2024-12-11,500ETF,Future (IC88 (CSI 500 Futures)),rank,0.8548,0.6,1.0,1,0.004146,0.004146,0.0008,0.003346,0.20683
2024-12-12,500ETF,Future (IC88 (CSI 500 Futures)),rank,-0.2861,0.6,0.0,0,0.010383,0.0,0.0008,-0.0008,0.20603
2024-12-13,500ETF,Future (IC88 (CSI 500 Futures)),rank,-1.0161,0.6,-1.0,1,0.000901,-0.000901,0.0008,-0.001701,0.204329
2024-12-16,500ETF,Future (IC88 (CSI 500 Futures)),rank,-0.6878,0.6,0.0,0,-0.008142,-0.0,0.0008,-0.0008,0.203529
2024-12-17,500ETF,Future (IC88 (CSI 500 Futures)),rank,-0.5419,0.6,0.0,0,-0.010212,-0.0,0.0,-0.0,0.203529
2024-12-18,500ETF,Future (IC88 (CSI 500 Futures)),rank,0.3161,0.6,0.0,0,0.00017,0.0,0.0,0.0,0.203529
2024-12-19,500ETF,Future (IC88 (CSI 500 Futures)),rank,0.1454,0.6,0.0,0,0.008907,0.0,0.0,0.0,0.203529
2024-12-20,500ETF,Future (IC88 (CSI 500 Futures)),rank,0.724,0.6,1.0,1,-0.000542,-0.000542,0.0008,-0.001342,0.202187
2024-12-23,500ETF,Future (IC88 (CSI 500 Futures)),rank,-0.13,0.6,0.0,0,-0.01241,-0.0,0.0008,-0.0008,0.201387
2024-12-24,500ETF,Future (IC88 (CSI 500 Futures)),rank,1.008,0.6,1.0,1,0.000614,0.000614,0.0008,-0.000186,0.201201
2024-12-25,500ETF,Future (IC88 (CSI 500 Futures)),rank,-0.9698,0.6,0.0,0,-0.005433,-0.0,0.0008,-0.0008,0.200401
2024-12-26,500ETF,Future (IC88 (CSI 500 Futures)),rank,1.0407,0.6,1.0,1,0.002691,0.002691,0.0008,0.001891,0.202292
2024-12-27,500ETF,Future (IC88 (CSI 500 Futures)),rank,0.8235,0.6,1.0,1,-0.004406,-0.004406,0.0,-0.004406,0.197886
2024-12-30,500ETF,Future (IC88 (CSI 500 Futures)),rank,0.4209,0.6,0.0,0,-0.00159,-0.0,0.0008,-0.0008,0.197086
2024-12-31,500ETF,Future (IC88 (CSI 500 Futures)),rank,-1.0844,0.6,-1.0,1,-0.017334,0.017334,0.0008,0.016534,0.21362
2025-01-02,500ETF,Future (IC88 (CSI 500 Futures)),rank,-0.9011,0.6,0.0,0,-0.031268,-0.0,0.0008,-0.0008,0.21282
2025-01-03,500ETF,Future (IC88 (CSI 500 Futures)),rank,-0.5292,0.6,0.0,0,-0.017592,-0.0,0.0,-0.0,0.21282
2025-01-06,500ETF,Future (IC88 (CSI 500 Futures)),rank,0.4146,0.6,0.0,0,-0.006957,-0.0,0.0,-0.0,0.21282
2025-01-07,500ETF,Future (IC88 (CSI 500 Futures)),rank,0.7375,0.6,1.0,1,0.004547,0.004547,0.0008,0.003747,0.216568
2025-01-08,500ETF,Future (IC88 (CSI 500 Futures)),rank,-1.0534,0.6,-1.0,1,0.002983,-0.002983,0.0016,-0.004583,0.211985
2025-01-09,500ETF,Future (IC88 (CSI 500 Futures)),rank,0.883,0.6,1.0,1,0.001026,0.001026,0.0016,-0.000574,0.211411
2025-01-10,500ETF,Future (IC88 (CSI 500 Futures)),rank,0.7848,0.6,1.0,1,-0.010037,-0.010037,0.0,-0.010037,0.201374
2025-01-13,500ETF,Future (IC88 (CSI 500 Futures)),rank,0.7035,0.6,1.0,1,-0.001414,-0.001414,0.0,-0.001414,0.19996
2025-01-14,500ETF,Future (IC88 (CSI 500 Futures)),rank,0.7654,0.6,1.0,1,0.016984,0.016984,0.0,0.016984,0.216945
2025-01-15,500ETF,Future (IC88 (CSI 500 Futures)),rank,-0.7498,0.6,0.0,0,-0.001629,-0.0,0.0008,-0.0008,0.216145
2025-01-16,500ETF,Future (IC88 (CSI 500 Futures)),rank,1.391,0.6,1.0,1,-0.010368,-0.010368,0.0008,-0.011168,0.204977
2025-01-17,500ETF,Future (IC88 (CSI 500 Futures)),rank,0.3417,0.6,0.0,0,0.012979,0.0,0.0008,-0.0008,0.204177
2025-01-20,500ETF,Future (IC88 (CSI 500 Futures)),rank,0.6388,0.6,1.0,1,-0.008049,-0.008049,0.0008,-0.008849,0.195328
2025-01-21,500ETF,Future (IC88 (CSI 500 Futures)),rank,-0.9361,0.6,0.0,0,0.007873,0.0,0.0008,-0.0008,0.194528
2025-01-22,500ETF,Future (IC88 (CSI 500 Futures)),rank,-0.598,0.6,0.0,0,0.004636,0.0,0.0,0.0,0.194528
2025-01-23,500ETF,Future (IC88 (CSI 500 Futures)),rank,0.6122,0.6,1.0,1,-0.016535,-0.016535,0.0008,-0.017335,0.177193
2025-01-24,500ETF,Future (IC88 (CSI 500 Futures)),rank,0.8632,0.6,1.0,1,0.00682,0.00682,0.0,0.00682,0.184013
2025-01-27,500ETF,Future (IC88 (CSI 500 Futures)),rank,-0.0147,0.6,0.0,0,-0.006344,-0.0,0.0008,-0.0008,0.183213
2025-02-05,500ETF,Future (IC88 (CSI 500 Futures)),rank,-0.625,0.6,0.0,0,3.6e-05,0.0,0.0,0.0,0.183213
2025-02-06,500ETF,Future (IC88 (CSI 500 Futures)),rank,0.6936,0.6,1.0,1,0.018806,0.018806,0.0008,0.018006,0.201219
2025-02-07,500ETF,Future (IC88 (CSI 500 Futures)),rank,0.648,0.6,1.0,1,0.000173,0.000173,0.0,0.000173,0.201392
2025-02-10,500ETF,Future (IC88 (CSI 500 Futures)),rank,0.1983,0.6,0.0,0,0.001884,0.0,0.0008,-0.0008,0.200592
2025-02-11,500ETF,Future (IC88 (CSI 500 Futures)),rank,-1.01,0.6,-1.0,1,0.004616,-0.004616,0.0008,-0.005416,0.195175
2025-02-12,500ETF,Future (IC88 (CSI 500 Futures)),rank,0.6383,0.6,1.0,1,0.002152,0.002152,0.0016,0.000552,0.195728
2025-02-13,500ETF,Future (IC88 (CSI 500 Futures)),rank,-0.3793,0.6,0.0,0,-0.003198,-0.0,0.0008,-0.0008,0.194928
2025-02-14,500ETF,Future (IC88 (CSI 500 Futures)),rank,0.6253,0.6,1.0,1,0.004681,0.004681,0.0008,0.003881,0.198809
2025-02-17,500ETF,Future (IC88 (CSI 500 Futures)),rank,-0.5759,0.6,0.0,0,-0.00105,-0.0,0.0008,-0.0008,0.198009
2025-02-18,500ETF,Future (IC88 (CSI 500 Futures)),rank,-0.5535,0.6,0.0,0,-0.018379,-0.0,0.0,-0.0,0.198009
2025-02-19,500ETF,Future (IC88 (CSI 500 Futures)),rank,0.5642,0.6,0.0,0,0.011025,0.0,0.0,0.0,0.198009
2025-02-20,500ETF,Future (IC88 (CSI 500 Futures)),rank,0.2398,0.6,0.0,0,0.005533,0.0,0.0,0.0,0.198009
2025-02-21,500ETF,Future (IC88 (CSI 500 Futures)),rank,0.2697,0.6,0.0,0,0.0212,0.0,0.0,0.0,0.198009
2025-02-24,500ETF,Future (IC88 (CSI 500 Futures)),rank,-0.4835,0.6,0.0,0,-0.002366,-0.0,0.0,-0.0,0.198009
2025-02-25,500ETF,Future (IC88 (CSI 500 Futures)),rank,-0.3983,0.6,0.0,0,0.001245,0.0,0.0,0.0,0.198009
2025-02-26,500ETF,Future (IC88 (CSI 500 Futures)),rank,0.5365,0.6,0.0,0,0.005016,0.0,0.0,0.0,0.198009
2025-02-27,500ETF,Future (IC88 (CSI 500 Futures)),rank,-0.1114,0.6,0.0,0,-0.002313,-0.0,0.0,-0.0,0.198009
2025-02-28,500ETF,Future (IC88 (CSI 500 Futures)),rank,-0.8948,0.6,0.0,0,-0.01479,-0.0,0.0,-0.0,0.198009
2025-03-03,500ETF,Future (IC88 (CSI 500 Futures)),rank,0.46,0.6,0.0,0,-0.007845,-0.0,0.0,-0.0,0.198009
2025-03-04,500ETF,Future (IC88 (CSI 500 Futures)),rank,0.3496,0.6,0.0,0,0.006423,0.0,0.0,0.0,0.198009
2025-03-05,500ETF,Future (IC88 (CSI 500 Futures)),rank,-0.1443,0.6,0.0,0,0.007242,0.0,0.0,0.0,0.198009
2025-03-06,500ETF,Future (IC88 (CSI 500 Futures)),rank,0.8346,0.6,1.0,1,0.006879,0.006879,0.0008,0.006079,0.204087
2025-03-07,500ETF,Future (IC88 (CSI 500 Futures)),rank,-0.3619,0.6,0.0,0,-0.002677,-0.0,0.0008,-0.0008,0.203287
2025-03-10,500ETF,Future (IC88 (CSI 500 Futures)),rank,-0.3401,0.6,0.0,0,0.002045,0.0,0.0,0.0,0.203287
2025-03-11,500ETF,Future (IC88 (CSI 500 Futures)),rank,0.4189,0.6,0.0,0,0.004805,0.0,0.0,0.0,0.203287
2025-03-12,500ETF,Future (IC88 (CSI 500 Futures)),rank,-0.3987,0.6,0.0,0,-0.000464,-0.0,0.0,-0.0,0.203287
2025-03-13,500ETF,Future (IC88 (CSI 500 Futures)),rank,-0.6776,0.6,0.0,0,0.003221,0.0,0.0,0.0,0.203287
2025-03-14,500ETF,Future (IC88 (CSI 500 Futures)),rank,0.6863,0.6,1.0,1,0.011333,0.011333,0.0008,0.010533,0.21382
2025-03-17,500ETF,Future (IC88 (CSI 500 Futures)),rank,-0.3679,0.6,0.0,0,0.001675,0.0,0.0008,-0.0008,0.21302
2025-03-18,500ETF,Future (IC88 (CSI 500 Futures)),rank,0.6034,0.6,1.0,1,-0.005151,-0.005151,0.0008,-0.005951,0.20707
2025-03-19,500ETF,Future (IC88 (CSI 500 Futures)),rank,-0.6017,0.6,0.0,0,0.001977,0.0,0.0008,-0.0008,0.20627
2025-03-20,500ETF,Future (IC88 (CSI 500 Futures)),rank,-0.7823,0.6,0.0,0,0.001386,0.0,0.0,0.0,0.20627
2025-03-21,500ETF,Future (IC88 (CSI 500 Futures)),rank,0.3512,0.6,0.0,0,-0.01317,-0.0,0.0,-0.0,0.20627
2025-03-24,500ETF,Future (IC88 (CSI 500 Futures)),rank,-0.0401,0.6,0.0,0,-0.003491,-0.0,0.0,-0.0,0.20627
2025-03-25,500ETF,Future (IC88 (CSI 500 Futures)),rank,0.393,0.6,0.0,0,-0.005218,-0.0,0.0,-0.0,0.20627
2025-03-26,500ETF,Future (IC88 (CSI 500 Futures)),rank,0.8781,0.6,1.0,1,-0.005137,-0.005137,0.0008,-0.005937,0.200333
2025-03-27,500ETF,Future (IC88 (CSI 500 Futures)),rank,-0.7187,0.6,0.0,0,0.00474,0.0,0.0008,-0.0008,0.199533
2025-03-28,500ETF,Future (IC88 (CSI 500 Futures)),rank,0.1455,0.6,0.0,0,-0.003326,-0.0,0.0,-0.0,0.199533
2025-03-31,500ETF,Future (IC88 (CSI 500 Futures)),rank,-0.4029,0.6,0.0,0,-0.008496,-0.0,0.0,-0.0,0.199533
2025-04-01,500ETF,Future (IC88 (CSI 500 Futures)),rank,0.7279,0.6,1.0,1,-0.000991,-0.000991,0.0008,-0.001791,0.197742
2025-04-02,500ETF,Future (IC88 (CSI 500 Futures)),rank,0.5595,0.6,0.0,0,-0.004357,-0.0,0.0008,-0.0008,0.196942
2025-04-03,500ETF,Future (IC88 (CSI 500 Futures)),rank,0.5504,0.6,0.0,0,-0.004905,-0.0,0.0,-0.0,0.196942
2025-04-07,500ETF,Future (IC88 (CSI 500 Futures)),rank,-0.9682,0.6,0.0,0,-0.029395,-0.0,0.0,-0.0,0.196942
2025-04-08,500ETF,Future (IC88 (CSI 500 Futures)),rank,1.0877,0.6,1.0,1,-0.017651,-0.017651,0.0008,-0.018451,0.178491
2025-04-09,500ETF,Future (IC88 (CSI 500 Futures)),rank,-0.7078,0.6,0.0,0,0.032864,0.0,0.0008,-0.0008,0.177691
2025-04-10,500ETF,Future (IC88 (CSI 500 Futures)),rank,0.9157,0.6,1.0,1,-0.011909,-0.011909,0.0008,-0.012709,0.164982
2025-04-11,500ETF,Future (IC88 (CSI 500 Futures)),rank,0.6339,0.6,1.0,1,0.00673,0.00673,0.0,0.00673,0.171712
2025-04-14,500ETF,Future (IC88 (CSI 500 Futures)),rank,0.1292,0.6,0.0,0,-0.001571,-0.0,0.0008,-0.0008,0.170912
2025-04-15,500ETF,Future (IC88 (CSI 500 Futures)),rank,-1.0748,0.6,-1.0,1,0.002914,-0.002914,0.0008,-0.003714,0.167198
2025-04-16,500ETF,Future (IC88 (CSI 500 Futures)),rank,-0.7148,0.6,0.0,0,-0.0069,-0.0,0.0008,-0.0008,0.166398
2025-04-17,500ETF,Future (IC88 (CSI 500 Futures)),rank,1.1177,0.6,1.0,1,-0.004695,-0.004695,0.0008,-0.005495,0.160903
2025-04-18,500ETF,Future (IC88 (CSI 500 Futures)),rank,-0.3091,0.6,0.0,0,0.009378,0.0,0.0008,-0.0008,0.160103
2025-04-21,500ETF,Future (IC88 (CSI 500 Futures)),rank,0.9476,0.6,1.0,1,0.009122,0.009122,0.0008,0.008322,0.168425
2025-04-22,500ETF,Future (IC88 (CSI 500 Futures)),rank,-0.5377,0.6,0.0,0,0.000825,0.0,0.0008,-0.0008,0.167625
2025-04-23,500ETF,Future (IC88 (CSI 500 Futures)),rank,0.235,0.6,0.0,0,-0.001289,-0.0,0.0,-0.0,0.167625
2025-04-24,500ETF,Future (IC88 (CSI 500 Futures)),rank,-0.3603,0.6,0.0,0,-0.004267,-0.0,0.0,-0.0,0.167625
2025-04-25,500ETF,Future (IC88 (CSI 500 Futures)),rank,0.0349,0.6,0.0,0,0.00301,0.0,0.0,0.0,0.167625
2025-04-28,500ETF,Future (IC88 (CSI 500 Futures)),rank,-0.8216,0.6,0.0,0,0.003389,0.0,0.0,0.0,0.167625
2025-04-29,500ETF,Future (IC88 (CSI 500 Futures)),rank,0.024,0.6,0.0,0,0.001149,0.0,0.0,0.0,0.167625
2025-04-30,500ETF,Future (IC88 (CSI 500 Futures)),rank,0.9943,0.6,1.0,1,0.001179,0.001179,0.0008,0.000379,0.168004
2025-05-06,500ETF,Future (IC88 (CSI 500 Futures)),rank,0.5359,0.6,0.0,0,0.006071,0.0,0.0008,-0.0008,0.167204
2025-05-07,500ETF,Future (IC88 (CSI 500 Futures)),rank,-0.4434,0.6,0.0,0,-0.008414,-0.0,0.0,-0.0,0.167204
2025-05-08,500ETF,Future (IC88 (CSI 500 Futures)),rank,0.7305,0.6,1.0,1,0.000106,0.000106,0.0008,-0.000694,0.16651
2025-05-09,500ETF,Future (IC88 (CSI 500 Futures)),rank,-0.8984,0.6,0.0,0,-0.005622,-0.0,0.0008,-0.0008,0.16571
2025-05-12,500ETF,Future (IC88 (CSI 500 Futures)),rank,-0.014,0.6,0.0,0,0.002472,0.0,0.0,0.0,0.16571
2025-05-13,500ETF,Future (IC88 (CSI 500 Futures)),rank,-0.6442,0.6,0.0,0,-0.004865,-0.0,0.0,-0.0,0.16571
2025-05-14,500ETF,Future (IC88 (CSI 500 Futures)),rank,-0.5033,0.6,0.0,0,0.004229,0.0,0.0,0.0,0.16571
2025-05-15,500ETF,Future (IC88 (CSI 500 Futures)),rank,-1.0434,0.6,-1.0,1,-0.002135,0.002135,0.0008,0.001335,0.167045
2025-05-16,500ETF,Future (IC88 (CSI 500 Futures)),rank,0.5588,0.6,0.0,0,-0.004268,-0.0,0.0008,-0.0008,0.166245
2025-05-19,500ETF,Future (IC88 (CSI 500 Futures)),rank,-0.8984,0.6,0.0,0,0.009909,0.0,0.0,0.0,0.166245
2025-05-20,500ETF,Future (IC88 (CSI 500 Futures)),rank,-0.4751,0.6,0.0,0,0.007995,0.0,0.0,0.0,0.166245
2025-05-21,500ETF,Future (IC88 (CSI 500 Futures)),rank,0.0837,0.6,0.0,0,0.003152,0.0,0.0,0.0,0.166245
2025-05-22,500ETF,Future (IC88 (CSI 500 Futures)),rank,-0.2646,0.6,0.0,0,-0.005395,-0.0,0.0,-0.0,0.166245
2025-05-23,500ETF,Future (IC88 (CSI 500 Futures)),rank,0.4213,0.6,0.0,0,-0.010648,-0.0,0.0,-0.0,0.166245
2025-05-26,500ETF,Future (IC88 (CSI 500 Futures)),rank,0.4068,0.6,0.0,0,0.001073,0.0,0.0,0.0,0.166245
2025-05-27,500ETF,Future (IC88 (CSI 500 Futures)),rank,-0.7979,0.6,0.0,0,0.001507,0.0,0.0,0.0,0.166245
2025-05-28,500ETF,Future (IC88 (CSI 500 Futures)),rank,-0.1705,0.6,0.0,0,-0.001436,-0.0,0.0,-0.0,0.166245
2025-05-29,500ETF,Future (IC88 (CSI 500 Futures)),rank,1.0592,0.6,1.0,1,0.004601,0.004601,0.0008,0.003801,0.170047
2025-05-30,500ETF,Future (IC88 (CSI 500 Futures)),rank,-1.0499,0.6,-1.0,1,0.002102,-0.002102,0.0016,-0.003702,0.166344
2025-06-03,500ETF,Future (IC88 (CSI 500 Futures)),rank,0.9637,0.6,1.0,1,-0.003393,-0.003393,0.0016,-0.004993,0.161351
2025-06-04,500ETF,Future (IC88 (CSI 500 Futures)),rank,0.8707,0.6,1.0,1,0.001865,0.001865,0.0,0.001865,0.163216
2025-06-05,500ETF,Future (IC88 (CSI 500 Futures)),rank,-0.6429,0.6,0.0,0,0.007571,0.0,0.0008,-0.0008,0.162416
2025-06-06,500ETF,Future (IC88 (CSI 500 Futures)),rank,-0.6104,0.6,0.0,0,0.000665,0.0,0.0,0.0,0.162416
2025-06-09,500ETF,Future (IC88 (CSI 500 Futures)),rank,0.4726,0.6,0.0,0,-0.001283,-0.0,0.0,-0.0,0.162416
2025-06-10,500ETF,Future (IC88 (CSI 500 Futures)),rank,-0.4731,0.6,0.0,0,-0.006273,-0.0,0.0,-0.0,0.162416
2025-06-11,500ETF,Future (IC88 (CSI 500 Futures)),rank,1.2575,0.6,1.0,1,-0.003183,-0.003183,0.0008,-0.003983,0.158433
2025-06-12,500ETF,Future (IC88 (CSI 500 Futures)),rank,-0.1111,0.6,0.0,0,0.003293,0.0,0.0008,-0.0008,0.157633
2025-06-13,500ETF,Future (IC88 (CSI 500 Futures)),rank,-0.3329,0.6,0.0,0,-0.001012,-0.0,0.0,-0.0,0.157633
2025-06-16,500ETF,Future (IC88 (CSI 500 Futures)),rank,1.0163,0.6,1.0,1,-0.000902,-0.000902,0.0008,-0.001702,0.155931
2025-06-17,500ETF,Future (IC88 (CSI 500 Futures)),rank,-0.4491,0.6,0.0,0,-0.003967,-0.0,0.0008,-0.0008,0.155131
2025-06-18,500ETF,Future (IC88 (CSI 500 Futures)),rank,-0.1431,0.6,0.0,0,0.00192,0.0,0.0,0.0,0.155131
2025-06-19,500ETF,Future (IC88 (CSI 500 Futures)),rank,0.0611,0.6,0.0,0,-0.010791,-0.0,0.0,-0.0,0.155131
2025-06-20,500ETF,Future (IC88 (CSI 500 Futures)),rank,0.1102,0.6,0.0,0,-0.003073,-0.0,0.0,-0.0,0.155131
2025-06-23,500ETF,Future (IC88 (CSI 500 Futures)),rank,0.8343,0.6,1.0,1,0.004982,0.004982,0.0008,0.004182,0.159313
2025-06-24,500ETF,Future (IC88 (CSI 500 Futures)),rank,1.224,0.6,1.0,1,0.004518,0.004518,0.0,0.004518,0.163831
2025-06-25,500ETF,Future (IC88 (CSI 500 Futures)),rank,0.9268,0.6,1.0,1,0.010173,0.010173,0.0,0.010173,0.174004
2025-06-26,500ETF,Future (IC88 (CSI 500 Futures)),rank,-0.3744,0.6,0.0,0,-0.003881,-0.0,0.0008,-0.0008,0.173204
2025-06-27,500ETF,Future (IC88 (CSI 500 Futures)),rank,0.699,0.6,1.0,1,-0.002502,-0.002502,0.0008,-0.003302,0.169902
2025-06-30,500ETF,Future (IC88 (CSI 500 Futures)),rank,0.3535,0.6,0.0,0,0.001432,0.0,0.0008,-0.0008,0.169102
2025-07-01,500ETF,Future (IC88 (CSI 500 Futures)),rank,-0.6668,0.6,0.0,0,0.003482,0.0,0.0,0.0,0.169102
2025-07-02,500ETF,Future (IC88 (CSI 500 Futures)),rank,-0.8917,0.6,0.0,0,0.000376,0.0,0.0,0.0,0.169102
2025-07-03,500ETF,Future (IC88 (CSI 500 Futures)),rank,0.3692,0.6,0.0,0,0.001568,0.0,0.0,0.0,0.169102
2025-07-04,500ETF,Future (IC88 (CSI 500 Futures)),rank,-0.6864,0.6,0.0,0,0.002868,0.0,0.0,0.0,0.169102
2025-07-07,500ETF,Future (IC88 (CSI 500 Futures)),rank,-0.2468,0.6,0.0,0,0.001981,0.0,0.0,0.0,0.169102
2025-07-08,500ETF,Future (IC88 (CSI 500 Futures)),rank,1.1246,0.6,1.0,1,0.006566,0.006566,0.0008,0.005766,0.174868
2025-07-09,500ETF,Future (IC88 (CSI 500 Futures)),rank,-0.1722,0.6,0.0,0,-0.002388,-0.0,0.0008,-0.0008,0.174068
2025-07-10,500ETF,Future (IC88 (CSI 500 Futures)),rank,0.1,0.6,0.0,0,0.00316,0.0,0.0,0.0,0.174068
2025-07-11,500ETF,Future (IC88 (CSI 500 Futures)),rank,-0.4104,0.6,0.0,0,0.009853,0.0,0.0,0.0,0.174068
2025-07-14,500ETF,Future (IC88 (CSI 500 Futures)),rank,-0.2408,0.6,0.0,0,-0.000997,-0.0,0.0,-0.0,0.174068
2025-07-15,500ETF,Future (IC88 (CSI 500 Futures)),rank,0.8189,0.6,1.0,1,-0.00299,-0.00299,0.0008,-0.00379,0.170278
2025-07-16,500ETF,Future (IC88 (CSI 500 Futures)),rank,0.6507,0.6,1.0,1,-0.007983,-0.007983,0.0,-0.007983,0.162294
2025-07-17,500ETF,Future (IC88 (CSI 500 Futures)),rank,0.832,0.6,1.0,1,0.006333,0.006333,0.0,0.006333,0.168627
2025-07-18,500ETF,Future (IC88 (CSI 500 Futures)),rank,0.3611,0.6,0.0,0,-0.001754,-0.0,0.0008,-0.0008,0.167827
2025-07-21,500ETF,Future (IC88 (CSI 500 Futures)),rank,0.6565,0.6,1.0,1,0.001276,0.001276,0.0008,0.000476,0.168303
2025-07-22,500ETF,Future (IC88 (CSI 500 Futures)),rank,0.2264,0.6,0.0,0,0.007447,0.0,0.0008,-0.0008,0.167503
2025-07-23,500ETF,Future (IC88 (CSI 500 Futures)),rank,-0.0999,0.6,0.0,0,-0.004594,-0.0,0.0,-0.0,0.167503
2025-07-24,500ETF,Future (IC88 (CSI 500 Futures)),rank,0.997,0.6,1.0,1,0.009905,0.009905,0.0008,0.009105,0.176609
2025-07-25,500ETF,Future (IC88 (CSI 500 Futures)),rank,-0.2844,0.6,0.0,0,9.6e-05,0.0,0.0008,-0.0008,0.175809
2025-07-28,500ETF,Future (IC88 (CSI 500 Futures)),rank,-0.6524,0.6,0.0,0,-0.000319,-0.0,0.0,-0.0,0.175809
2025-07-29,500ETF,Future (IC88 (CSI 500 Futures)),rank,-0.9545,0.6,0.0,0,0.011116,0.0,0.0,0.0,0.175809
2025-07-30,500ETF,Future (IC88 (CSI 500 Futures)),rank,-0.3129,0.6,0.0,0,-0.00251,-0.0,0.0,-0.0,0.175809
2025-07-31,500ETF,Future (IC88 (CSI 500 Futures)),rank,0.1416,0.6,0.0,0,-0.013936,-0.0,0.0,-0.0,0.175809
2025-08-01,500ETF,Future (IC88 (CSI 500 Futures)),rank,0.6865,0.6,1.0,1,-0.005547,-0.005547,0.0008,-0.006347,0.169461
2025-08-04,500ETF,Future (IC88 (CSI 500 Futures)),rank,0.2992,0.6,0.0,0,0.007431,0.0,0.0008,-0.0008,0.168661
2025-08-05,500ETF,Future (IC88 (CSI 500 Futures)),rank,0.3514,0.6,0.0,0,0.002684,0.0,0.0,0.0,0.168661
2025-08-06,500ETF,Future (IC88 (CSI 500 Futures)),rank,0.0676,0.6,0.0,0,0.008169,0.0,0.0,0.0,0.168661
2025-08-07,500ETF,Future (IC88 (CSI 500 Futures)),rank,-0.1746,0.6,0.0,0,-0.004163,-0.0,0.0,-0.0,0.168661
2025-08-08,500ETF,Future (IC88 (CSI 500 Futures)),rank,-0.729,0.6,0.0,0,0.004762,0.0,0.0,0.0,0.168661
2025-08-11,500ETF,Future (IC88 (CSI 500 Futures)),rank,0.8902,0.6,1.0,1,0.003681,0.003681,0.0008,0.002881,0.171542
2025-08-12,500ETF,Future (IC88 (CSI 500 Futures)),rank,-0.6359,0.6,0.0,0,0.004902,0.0,0.0008,-0.0008,0.170742
2025-08-13,500ETF,Future (IC88 (CSI 500 Futures)),rank,0.9553,0.6,1.0,1,0.007181,0.007181,0.0008,0.006381,0.177123
2025-08-14,500ETF,Future (IC88 (CSI 500 Futures)),rank,-0.5563,0.6,0.0,0,-0.005483,-0.0,0.0008,-0.0008,0.176323
2025-08-15,500ETF,Future (IC88 (CSI 500 Futures)),rank,1.2835,0.6,1.0,1,0.009595,0.009595,0.0008,0.008795,0.185118
2025-08-18,500ETF,Future (IC88 (CSI 500 Futures)),rank,-0.0789,0.6,0.0,0,0.003156,0.0,0.0008,-0.0008,0.184318
2025-08-19,500ETF,Future (IC88 (CSI 500 Futures)),rank,0.7412,0.6,1.0,1,-0.002872,-0.002872,0.0008,-0.003672,0.180646
2025-08-20,500ETF,Future (IC88 (CSI 500 Futures)),rank,-0.0333,0.6,0.0,0,0.009416,0.0,0.0008,-0.0008,0.179846
2025-08-21,500ETF,Future (IC88 (CSI 500 Futures)),rank,0.1581,0.6,0.0,0,-0.003858,-0.0,0.0,-0.0,0.179846
2025-08-22,500ETF,Future (IC88 (CSI 500 Futures)),rank,1.0956,0.6,1.0,1,0.012138,0.012138,0.0008,0.011338,0.191184
2025-08-25,500ETF,Future (IC88 (CSI 500 Futures)),rank,0.791,0.6,1.0,1,0.003331,0.003331,0.0,0.003331,0.194515
2025-08-26,500ETF,Future (IC88 (CSI 500 Futures)),rank,0.3972,0.6,0.0,0,0.002448,0.0,0.0008,-0.0008,0.193715
2025-08-27,500ETF,Future (IC88 (CSI 500 Futures)),rank,0.8111,0.6,1.0,1,-0.002594,-0.002594,0.0008,-0.003394,0.190321
2025-08-28,500ETF,Future (IC88 (CSI 500 Futures)),rank,1.0859,0.6,1.0,1,0.010001,0.010001,0.0,0.010001,0.200321
2025-08-29,500ETF,Future (IC88 (CSI 500 Futures)),rank,-0.6062,0.6,0.0,0,0.001551,0.0,0.0008,-0.0008,0.199521
2025-09-01,500ETF,Future (IC88 (CSI 500 Futures)),rank,0.0522,0.6,0.0,0,0.005194,0.0,0.0,0.0,0.199521
2025-09-02,500ETF,Future (IC88 (CSI 500 Futures)),rank,-1.0073,0.6,-1.0,1,-0.014033,0.014033,0.0008,0.013233,0.212754
2025-09-03,500ETF,Future (IC88 (CSI 500 Futures)),rank,-0.284,0.6,0.0,0,-0.007695,-0.0,0.0008,-0.0008,0.211954
2025-09-04,500ETF,Future (IC88 (CSI 500 Futures)),rank,0.0003,0.6,0.0,0,-0.035329,-0.0,0.0,-0.0,0.211954
2025-09-05,500ETF,Future (IC88 (CSI 500 Futures)),rank,0.3741,0.6,0.0,0,0.021988,0.0,0.0,0.0,0.211954
2025-09-08,500ETF,Future (IC88 (CSI 500 Futures)),rank,0.8524,0.6,1.0,1,0.002248,0.002248,0.0008,0.001448,0.213402
2025-09-09,500ETF,Future (IC88 (CSI 500 Futures)),rank,-0.0425,0.6,0.0,0,-0.011225,-0.0,0.0008,-0.0008,0.212602
2025-09-10,500ETF,Future (IC88 (CSI 500 Futures)),rank,1.0533,0.6,1.0,1,-0.004753,-0.004753,0.0008,-0.005553,0.207049
2025-09-11,500ETF,Future (IC88 (CSI 500 Futures)),rank,-0.3988,0.6,0.0,0,0.03007,0.0,0.0008,-0.0008,0.206249
2025-09-12,500ETF,Future (IC88 (CSI 500 Futures)),rank,0.8588,0.6,1.0,1,0.004755,0.004755,0.0008,0.003955,0.210205
2025-09-15,500ETF,Future (IC88 (CSI 500 Futures)),rank,-0.5203,0.6,0.0,0,8.4e-05,0.0,0.0008,-0.0008,0.209405
2025-09-16,500ETF,Future (IC88 (CSI 500 Futures)),rank,0.7138,0.6,1.0,1,0.00084,0.00084,0.0008,4e-05,0.209444
2025-09-17,500ETF,Future (IC88 (CSI 500 Futures)),rank,0.1956,0.6,0.0,0,0.007349,0.0,0.0008,-0.0008,0.208644
2025-09-18,500ETF,Future (IC88 (CSI 500 Futures)),rank,0.2798,0.6,0.0,0,-0.015536,-0.0,0.0,-0.0,0.208644
2025-09-19,500ETF,Future (IC88 (CSI 500 Futures)),rank,0.3516,0.6,0.0,0,0.002276,0.0,0.0,0.0,0.208644
2025-09-22,500ETF,Future (IC88 (CSI 500 Futures)),rank,-0.3947,0.6,0.0,0,0.010759,0.0,0.0,0.0,0.208644
2025-09-23,500ETF,Future (IC88 (CSI 500 Futures)),rank,-0.5361,0.6,0.0,0,-0.005847,-0.0,0.0,-0.0,0.208644
2025-09-24,500ETF,Future (IC88 (CSI 500 Futures)),rank,0.9179,0.6,1.0,1,0.017342,0.017342,0.0008,0.016542,0.225187
2025-09-25,500ETF,Future (IC88 (CSI 500 Futures)),rank,0.8071,0.6,1.0,1,0.006302,0.006302,0.0,0.006302,0.231489
2025-09-26,500ETF,Future (IC88 (CSI 500 Futures)),rank,0.4118,0.6,0.0,0,-0.008008,-0.0,0.0008,-0.0008,0.230689
2025-09-29,500ETF,Future (IC88 (CSI 500 Futures)),rank,-0.2156,0.6,0.0,0,0.015148,0.0,0.0,0.0,0.230689
2025-09-30,500ETF,Future (IC88 (CSI 500 Futures)),rank,1.0832,0.6,1.0,1,0.001812,0.001812,0.0008,0.001012,0.231701
2025-10-09,500ETF,Future (IC88 (CSI 500 Futures)),rank,0.3121,0.6,0.0,0,0.01186,0.0,0.0008,-0.0008,0.230901
2025-10-10,500ETF,Future (IC88 (CSI 500 Futures)),rank,-0.9759,0.6,0.0,0,-0.006313,-0.0,0.0,-0.0,0.230901
2025-10-13,500ETF,Future (IC88 (CSI 500 Futures)),rank,0.1463,0.6,0.0,0,0.013606,0.0,0.0,0.0,0.230901
2025-10-14,500ETF,Future (IC88 (CSI 500 Futures)),rank,0.3957,0.6,0.0,0,-0.03249,-0.0,0.0,-0.0,0.230901
2025-10-15,500ETF,Future (IC88 (CSI 500 Futures)),rank,-0.2165,0.6,0.0,0,0.008733,0.0,0.0,0.0,0.230901
2025-10-16,500ETF,Future (IC88 (CSI 500 Futures)),rank,-0.4452,0.6,0.0,0,-0.005614,-0.0,0.0,-0.0,0.230901
2025-10-17,500ETF,Future (IC88 (CSI 500 Futures)),rank,-0.281,0.6,0.0,0,-0.012817,-0.0,0.0,-0.0,0.230901
2025-10-20,500ETF,Future (IC88 (CSI 500 Futures)),rank,-0.134,0.6,0.0,0,-0.012633,-0.0,0.0,-0.0,0.230901
2025-10-21,500ETF,Future (IC88 (CSI 500 Futures)),rank,0.6382,0.6,1.0,1,0.008321,0.008321,0.0008,0.007521,0.238421
2025-10-22,500ETF,Future (IC88 (CSI 500 Futures)),rank,-0.5007,0.6,0.0,0,0.000821,0.0,0.0008,-0.0008,0.237621
2025-10-23,500ETF,Future (IC88 (CSI 500 Futures)),rank,-1.0815,0.6,-1.0,1,0.012548,-0.012548,0.0008,-0.013348,0.224273
2025-10-24,500ETF,Future (IC88 (CSI 500 Futures)),rank,1.0602,0.6,1.0,1,0.004608,0.004608,0.0016,0.003008,0.227281
2025-10-27,500ETF,Future (IC88 (CSI 500 Futures)),rank,1.0103,0.6,1.0,1,0.001668,0.001668,0.0,0.001668,0.228949
2025-10-28,500ETF,Future (IC88 (CSI 500 Futures)),rank,-0.1496,0.6,0.0,0,-0.004243,-0.0,0.0008,-0.0008,0.228149
2025-10-29,500ETF,Future (IC88 (CSI 500 Futures)),rank,1.1125,0.6,1.0,1,0.011983,0.011983,0.0008,0.011183,0.239332
2025-10-30,500ETF,Future (IC88 (CSI 500 Futures)),rank,-0.9897,0.6,0.0,0,-0.00231,-0.0,0.0008,-0.0008,0.238532
2025-10-31,500ETF,Future (IC88 (CSI 500 Futures)),rank,-0.3568,0.6,0.0,0,-0.004474,-0.0,0.0,-0.0,0.238532
2025-11-03,500ETF,Future (IC88 (CSI 500 Futures)),rank,-1.0502,0.6,-1.0,1,0.009506,-0.009506,0.0008,-0.010306,0.228226
2025-11-04,500ETF,Future (IC88 (CSI 500 Futures)),rank,-0.6867,0.6,0.0,0,-0.012361,-0.0,0.0008,-0.0008,0.227426
2025-11-05,500ETF,Future (IC88 (CSI 500 Futures)),rank,0.2534,0.6,0.0,0,0.013459,0.0,0.0,0.0,0.227426
2025-11-06,500ETF,Future (IC88 (CSI 500 Futures)),rank,1.0099,0.6,1.0,1,0.011383,0.011383,0.0008,0.010583,0.238009
2025-11-07,500ETF,Future (IC88 (CSI 500 Futures)),rank,-0.4959,0.6,0.0,0,0.003489,0.0,0.0008,-0.0008,0.237209
2025-11-10,500ETF,Future (IC88 (CSI 500 Futures)),rank,0.2014,0.6,0.0,0,0.00285,0.0,0.0,0.0,0.237209
2025-11-11,500ETF,Future (IC88 (CSI 500 Futures)),rank,-0.0339,0.6,0.0,0,-0.008536,-0.0,0.0,-0.0,0.237209
2025-11-12,500ETF,Future (IC88 (CSI 500 Futures)),rank,-0.8545,0.6,0.0,0,-0.00123,-0.0,0.0,-0.0,0.237209
2025-11-13,500ETF,Future (IC88 (CSI 500 Futures)),rank,1.0608,0.6,1.0,1,0.007052,0.007052,0.0008,0.006252,0.243461
2025-11-14,500ETF,Future (IC88 (CSI 500 Futures)),rank,-0.3718,0.6,0.0,0,-0.002222,-0.0,0.0008,-0.0008,0.242661
2025-11-17,500ETF,Future (IC88 (CSI 500 Futures)),rank,-0.2027,0.6,0.0,0,0.004796,0.0,0.0,0.0,0.242661
2025-11-18,500ETF,Future (IC88 (CSI 500 Futures)),rank,-0.5137,0.6,0.0,0,-0.004472,-0.0,0.0,-0.0,0.242661
2025-11-19,500ETF,Future (IC88 (CSI 500 Futures)),rank,0.5718,0.6,0.0,0,-0.001076,-0.0,0.0,-0.0,0.242661
2025-11-20,500ETF,Future (IC88 (CSI 500 Futures)),rank,-0.4739,0.6,0.0,0,-0.008534,-0.0,0.0,-0.0,0.242661
2025-11-21,500ETF,Future (IC88 (CSI 500 Futures)),rank,-0.5372,0.6,0.0,0,-0.007972,-0.0,0.0,-0.0,0.242661
2025-11-24,500ETF,Future (IC88 (CSI 500 Futures)),rank,-0.359,0.6,0.0,0,0.007861,0.0,0.0,0.0,0.242661
2025-11-25,500ETF,Future (IC88 (CSI 500 Futures)),rank,1.1496,0.6,1.0,1,-0.00266,-0.00266,0.0008,-0.00346,0.239201
2025-11-26,500ETF,Future (IC88 (CSI 500 Futures)),rank,0.6397,0.6,1.0,1,-0.007598,-0.007598,0.0,-0.007598,0.231603
2025-11-27,500ETF,Future (IC88 (CSI 500 Futures)),rank,1.2485,0.6,1.0,1,-0.012381,-0.012381,0.0,-0.012381,0.219222
2025-11-28,500ETF,Future (IC88 (CSI 500 Futures)),rank,0.1848,0.6,0.0,0,0.01108,0.0,0.0008,-0.0008,0.218422
2025-12-01,500ETF,Future (IC88 (CSI 500 Futures)),rank,0.687,0.6,1.0,1,-0.00111,-0.00111,0.0008,-0.00191,0.216512
2025-12-02,500ETF,Future (IC88 (CSI 500 Futures)),rank,-0.9523,0.6,0.0,0,-0.00189,-0.0,0.0008,-0.0008,0.215712
2025-12-03,500ETF,Future (IC88 (CSI 500 Futures)),rank,-0.112,0.6,0.0,0,-0.003968,-0.0,0.0,-0.0,0.215712
2025-12-04,500ETF,Future (IC88 (CSI 500 Futures)),rank,-0.1348,0.6,0.0,0,0.00725,0.0,0.0,0.0,0.215712
2025-12-05,500ETF,Future (IC88 (CSI 500 Futures)),rank,-0.742,0.6,0.0,0,0.012207,0.0,0.0,0.0,0.215712
2025-12-08,500ETF,Future (IC88 (CSI 500 Futures)),rank,0.3138,0.6,0.0,0,0.00732,0.0,0.0,0.0,0.215712
2025-12-09,500ETF,Future (IC88 (CSI 500 Futures)),rank,0.1795,0.6,0.0,0,-0.00862,-0.0,0.0,-0.0,0.215712
2025-12-10,500ETF,Future (IC88 (CSI 500 Futures)),rank,-0.8159,0.6,0.0,0,0.011617,0.0,0.0,0.0,0.215712
2025-12-11,500ETF,Future (IC88 (CSI 500 Futures)),rank,-0.2624,0.6,0.0,0,-0.004249,-0.0,0.0,-0.0,0.215712
2025-12-12,500ETF,Future (IC88 (CSI 500 Futures)),rank,-0.1141,0.6,0.0,0,0.014734,0.0,0.0,0.0,0.215712
2025-12-15,500ETF,Future (IC88 (CSI 500 Futures)),rank,0.0897,0.6,0.0,0,-0.004036,-0.0,0.0,-0.0,0.215712
2025-12-16,500ETF,Future (IC88 (CSI 500 Futures)),rank,-1.2105,0.6,-1.0,1,-0.000969,0.000969,0.0008,0.000169,0.215881
2025-12-17,500ETF,Future (IC88 (CSI 500 Futures)),rank,0.8617,0.6,1.0,1,0.020758,0.020758,0.0016,0.019158,0.235039
2025-12-18,500ETF,Future (IC88 (CSI 500 Futures)),rank,0.9245,0.6,1.0,1,-0.006884,-0.006884,0.0,-0.006884,0.228155
2025-12-19,500ETF,Future (IC88 (CSI 500 Futures)),rank,0.0795,0.6,0.0,0,0.00528,0.0,0.0008,-0.0008,0.227355
2025-12-22,500ETF,Future (IC88 (CSI 500 Futures)),rank,1.1504,0.6,1.0,1,-0.001634,-0.001634,0.0008,-0.002434,0.224922
2025-12-23,500ETF,Future (IC88 (CSI 500 Futures)),rank,-0.06,0.6,0.0,0,-0.00404,-0.0,0.0008,-0.0008,0.224122
2025-12-24,500ETF,Future (IC88 (CSI 500 Futures)),rank,0.3744,0.6,0.0,0,0.011006,0.0,0.0,0.0,0.224122
2025-12-25,500ETF,Future (IC88 (CSI 500 Futures)),rank,0.4986,0.6,0.0,0,0.009797,0.0,0.0,0.0,0.224122
2025-12-26,500ETF,Future (IC88 (CSI 500 Futures)),rank,0.7135,0.6,1.0,1,0.000806,0.000806,0.0008,6e-06,0.224128
2025-12-29,500ETF,Future (IC88 (CSI 500 Futures)),rank,-0.4482,0.6,0.0,0,-0.001996,-0.0,0.0008,-0.0008,0.223328
2025-12-30,500ETF,Future (IC88 (CSI 500 Futures)),rank,0.88,0.6,1.0,1,0.001556,0.001556,0.0008,0.000756,0.224084
2025-12-31,500ETF,Future (IC88 (CSI 500 Futures)),rank,-0.5416,0.6,0.0,0,0.001209,0.0,0.0008,-0.0008,0.223284
