date,etf,asset_type,scheme,z_composite,z_th,position,is_trade,trade_return,raw_pnl,fee,net_pnl,cum_pnl
2022-01-04,300ETF,Future (IF88 (CSI 300 Futures)),rank,-0.7649,1.4,0.0,0,0.00362,0.0,0.0,0.0,0.0
2022-01-05,300ETF,Future (IF88 (CSI 300 Futures)),rank,-0.5853,1.4,0.0,0,-0.004212,-0.0,0.0,-0.0,0.0
2022-01-06,300ETF,Future (IF88 (CSI 300 Futures)),rank,-0.4523,1.4,0.0,0,-0.00526,-0.0,0.0,-0.0,0.0
2022-01-07,300ETF,Future (IF88 (CSI 300 Futures)),rank,1.0601,1.4,0.0,0,-0.003136,-0.0,0.0,-0.0,0.0
2022-01-10,300ETF,Future (IF88 (CSI 300 Futures)),rank,-0.2291,1.4,0.0,0,0.004177,0.0,0.0,0.0,0.0
2022-01-11,300ETF,Future (IF88 (CSI 300 Futures)),rank,-0.3479,1.4,0.0,0,-0.00605,-0.0,0.0,-0.0,0.0
2022-01-12,300ETF,Future (IF88 (CSI 300 Futures)),rank,-0.1273,1.4,0.0,0,0.006447,0.0,0.0,0.0,0.0
2022-01-13,300ETF,Future (IF88 (CSI 300 Futures)),rank,-0.6503,1.4,0.0,0,-0.012848,-0.0,0.0,-0.0,0.0
2022-01-14,300ETF,Future (IF88 (CSI 300 Futures)),rank,-0.7491,1.4,0.0,0,-0.000928,-0.0,0.0,-0.0,0.0
2022-01-17,300ETF,Future (IF88 (CSI 300 Futures)),rank,1.0606,1.4,0.0,0,0.002604,0.0,0.0,0.0,0.0
2022-01-18,300ETF,Future (IF88 (CSI 300 Futures)),rank,0.5963,1.4,0.0,0,0.004749,0.0,0.0,0.0,0.0
2022-01-19,300ETF,Future (IF88 (CSI 300 Futures)),rank,-0.0171,1.4,0.0,0,-0.004591,-0.0,0.0,-0.0,0.0
2022-01-20,300ETF,Future (IF88 (CSI 300 Futures)),rank,1.4464,1.4,1.0,1,0.001037,0.001037,0.0008,0.000237,0.000237
2022-01-21,300ETF,Future (IF88 (CSI 300 Futures)),rank,-0.9009,1.4,0.0,0,-0.004243,-0.0,0.0008,-0.0008,-0.000563
2022-01-24,300ETF,Future (IF88 (CSI 300 Futures)),rank,0.0308,1.4,0.0,0,0.003174,0.0,0.0,0.0,-0.000563
2022-01-25,300ETF,Future (IF88 (CSI 300 Futures)),rank,-0.301,1.4,0.0,0,-0.014499,-0.0,0.0,-0.0,-0.000563
2022-01-26,300ETF,Future (IF88 (CSI 300 Futures)),rank,0.8294,1.4,0.0,0,0.002291,0.0,0.0,0.0,-0.000563
2022-01-27,300ETF,Future (IF88 (CSI 300 Futures)),rank,-0.6409,1.4,0.0,0,-0.013897,-0.0,0.0,-0.0,-0.000563
2022-01-28,300ETF,Future (IF88 (CSI 300 Futures)),rank,0.3457,1.4,0.0,0,-0.007697,-0.0,0.0,-0.0,-0.000563
2022-02-07,300ETF,Future (IF88 (CSI 300 Futures)),rank,1.6475,1.4,1.0,1,-0.001858,-0.001858,0.0008,-0.002658,-0.003221
2022-02-08,300ETF,Future (IF88 (CSI 300 Futures)),rank,-0.9355,1.4,0.0,0,-0.000478,-0.0,0.0008,-0.0008,-0.004021
2022-02-09,300ETF,Future (IF88 (CSI 300 Futures)),rank,0.1297,1.4,0.0,0,0.011712,0.0,0.0,0.0,-0.004021
2022-02-10,300ETF,Future (IF88 (CSI 300 Futures)),rank,-0.976,1.4,0.0,0,0.000821,0.0,0.0,0.0,-0.004021
2022-02-11,300ETF,Future (IF88 (CSI 300 Futures)),rank,0.7109,1.4,0.0,0,-0.010146,-0.0,0.0,-0.0,-0.004021
2022-02-14,300ETF,Future (IF88 (CSI 300 Futures)),rank,-0.4043,1.4,0.0,0,-0.012,-0.0,0.0,-0.0,-0.004021
2022-02-15,300ETF,Future (IF88 (CSI 300 Futures)),rank,0.5892,1.4,0.0,0,0.001529,0.0,0.0,0.0,-0.004021
2022-02-16,300ETF,Future (IF88 (CSI 300 Futures)),rank,0.0657,1.4,0.0,0,-0.003377,-0.0,0.0,-0.0,-0.004021
2022-02-17,300ETF,Future (IF88 (CSI 300 Futures)),rank,-0.3016,1.4,0.0,0,-0.001124,-0.0,0.0,-0.0,-0.004021
2022-02-18,300ETF,Future (IF88 (CSI 300 Futures)),rank,-0.2397,1.4,0.0,0,0.004883,0.0,0.0,0.0,-0.004021
2022-02-21,300ETF,Future (IF88 (CSI 300 Futures)),rank,-0.7083,1.4,0.0,0,0.00013,0.0,0.0,0.0,-0.004021
2022-02-22,300ETF,Future (IF88 (CSI 300 Futures)),rank,-1.1904,1.4,0.0,0,0.002811,0.0,0.0,0.0,-0.004021
2022-02-23,300ETF,Future (IF88 (CSI 300 Futures)),rank,0.5346,1.4,0.0,0,0.006788,0.0,0.0,0.0,-0.004021
2022-02-24,300ETF,Future (IF88 (CSI 300 Futures)),rank,-0.607,1.4,0.0,0,-0.01706,-0.0,0.0,-0.0,-0.004021
2022-02-25,300ETF,Future (IF88 (CSI 300 Futures)),rank,1.4161,1.4,1.0,1,-0.009502,-0.009502,0.0008,-0.010302,-0.014323
2022-02-28,300ETF,Future (IF88 (CSI 300 Futures)),rank,-0.1645,1.4,0.0,0,0.004262,0.0,0.0008,-0.0008,-0.015123
2022-03-01,300ETF,Future (IF88 (CSI 300 Futures)),rank,0.6613,1.4,0.0,0,0.003559,0.0,0.0,0.0,-0.015123
2022-03-02,300ETF,Future (IF88 (CSI 300 Futures)),rank,-1.0405,1.4,0.0,0,0.003148,0.0,0.0,0.0,-0.015123
2022-03-03,300ETF,Future (IF88 (CSI 300 Futures)),rank,-0.3247,1.4,0.0,0,-0.004653,-0.0,0.0,-0.0,-0.015123
2022-03-04,300ETF,Future (IF88 (CSI 300 Futures)),rank,-1.1276,1.4,0.0,0,-0.004494,-0.0,0.0,-0.0,-0.015123
2022-03-07,300ETF,Future (IF88 (CSI 300 Futures)),rank,-1.2791,1.4,0.0,0,-0.010623,-0.0,0.0,-0.0,-0.015123
2022-03-08,300ETF,Future (IF88 (CSI 300 Futures)),rank,0.7035,1.4,0.0,0,-0.01832,-0.0,0.0,-0.0,-0.015123
2022-03-09,300ETF,Future (IF88 (CSI 300 Futures)),rank,0.0697,1.4,0.0,0,-0.019109,-0.0,0.0,-0.0,-0.015123
2022-03-10,300ETF,Future (IF88 (CSI 300 Futures)),rank,0.1131,1.4,0.0,0,-0.002617,-0.0,0.0,-0.0,-0.015123
2022-03-11,300ETF,Future (IF88 (CSI 300 Futures)),rank,-1.1669,1.4,0.0,0,0.01698,0.0,0.0,0.0,-0.015123
2022-03-14,300ETF,Future (IF88 (CSI 300 Futures)),rank,-0.9283,1.4,0.0,0,-0.018591,-0.0,0.0,-0.0,-0.015123
2022-03-15,300ETF,Future (IF88 (CSI 300 Futures)),rank,-1.6071,1.4,-1.0,1,-0.013969,0.013969,0.0008,0.013169,-0.001954
2022-03-16,300ETF,Future (IF88 (CSI 300 Futures)),rank,-0.1917,1.4,0.0,0,0.031527,0.0,0.0008,-0.0008,-0.002754
2022-03-17,300ETF,Future (IF88 (CSI 300 Futures)),rank,0.9584,1.4,0.0,0,0.006999,0.0,0.0,0.0,-0.002754
2022-03-18,300ETF,Future (IF88 (CSI 300 Futures)),rank,-0.2319,1.4,0.0,0,0.0102,0.0,0.0,0.0,-0.002754
2022-03-21,300ETF,Future (IF88 (CSI 300 Futures)),rank,-0.6337,1.4,0.0,0,-0.005356,-0.0,0.0,-0.0,-0.002754
2022-03-22,300ETF,Future (IF88 (CSI 300 Futures)),rank,0.2039,1.4,0.0,0,-0.003178,-0.0,0.0,-0.0,-0.002754
2022-03-23,300ETF,Future (IF88 (CSI 300 Futures)),rank,-0.846,1.4,0.0,0,0.005386,0.0,0.0,0.0,-0.002754
2022-03-24,300ETF,Future (IF88 (CSI 300 Futures)),rank,-0.9468,1.4,0.0,0,0.006069,0.0,0.0,0.0,-0.002754
2022-03-25,300ETF,Future (IF88 (CSI 300 Futures)),rank,-0.1939,1.4,0.0,0,-0.018087,-0.0,0.0,-0.0,-0.002754
2022-03-28,300ETF,Future (IF88 (CSI 300 Futures)),rank,-1.2365,1.4,0.0,0,0.009316,0.0,0.0,0.0,-0.002754
2022-03-29,300ETF,Future (IF88 (CSI 300 Futures)),rank,0.7668,1.4,0.0,0,-0.00943,-0.0,0.0,-0.0,-0.002754
2022-03-30,300ETF,Future (IF88 (CSI 300 Futures)),rank,1.2368,1.4,0.0,0,0.015734,0.0,0.0,0.0,-0.002754
2022-03-31,300ETF,Future (IF88 (CSI 300 Futures)),rank,-0.4526,1.4,0.0,0,-0.00019,-0.0,0.0,-0.0,-0.002754
2022-04-01,300ETF,Future (IF88 (CSI 300 Futures)),rank,0.2104,1.4,0.0,0,0.010988,0.0,0.0,0.0,-0.002754
2022-04-06,300ETF,Future (IF88 (CSI 300 Futures)),rank,-0.1988,1.4,0.0,0,-0.005048,-0.0,0.0,-0.0,-0.002754
2022-04-07,300ETF,Future (IF88 (CSI 300 Futures)),rank,0.5046,1.4,0.0,0,-0.009238,-0.0,0.0,-0.0,-0.002754
2022-04-08,300ETF,Future (IF88 (CSI 300 Futures)),rank,0.1858,1.4,0.0,0,0.003515,0.0,0.0,0.0,-0.002754
2022-04-11,300ETF,Future (IF88 (CSI 300 Futures)),rank,-1.2333,1.4,0.0,0,-0.011933,-0.0,0.0,-0.0,-0.002754
2022-04-12,300ETF,Future (IF88 (CSI 300 Futures)),rank,0.4728,1.4,0.0,0,0.014474,0.0,0.0,0.0,-0.002754
2022-04-13,300ETF,Future (IF88 (CSI 300 Futures)),rank,-0.8228,1.4,0.0,0,0.001346,0.0,0.0,0.0,-0.002754
2022-04-14,300ETF,Future (IF88 (CSI 300 Futures)),rank,-0.0694,1.4,0.0,0,0.007601,0.0,0.0,0.0,-0.002754
2022-04-15,300ETF,Future (IF88 (CSI 300 Futures)),rank,-0.37,1.4,0.0,0,0.002778,0.0,0.0,0.0,-0.002754
2022-04-18,300ETF,Future (IF88 (CSI 300 Futures)),rank,-1.2584,1.4,0.0,0,0.000676,0.0,0.0,0.0,-0.002754
2022-04-19,300ETF,Future (IF88 (CSI 300 Futures)),rank,0.5584,1.4,0.0,0,-0.007211,-0.0,0.0,-0.0,-0.002754
2022-04-20,300ETF,Future (IF88 (CSI 300 Futures)),rank,-0.7565,1.4,0.0,0,-0.006677,-0.0,0.0,-0.0,-0.002754
2022-04-21,300ETF,Future (IF88 (CSI 300 Futures)),rank,0.558,1.4,0.0,0,-0.016735,-0.0,0.0,-0.0,-0.002754
2022-04-22,300ETF,Future (IF88 (CSI 300 Futures)),rank,0.0978,1.4,0.0,0,0.004801,0.0,0.0,0.0,-0.002754
2022-04-25,300ETF,Future (IF88 (CSI 300 Futures)),rank,-1.3281,1.4,-1.0,1,-0.021402,0.021402,0.0008,0.020602,0.017848
2022-04-26,300ETF,Future (IF88 (CSI 300 Futures)),rank,0.3277,1.4,0.0,0,-0.001949,-0.0,0.0008,-0.0008,0.017048
2022-04-27,300ETF,Future (IF88 (CSI 300 Futures)),rank,1.7279,1.4,1.0,1,0.015999,0.015999,0.0008,0.015199,0.032247
2022-04-28,300ETF,Future (IF88 (CSI 300 Futures)),rank,0.0999,1.4,0.0,0,0.004729,0.0,0.0008,-0.0008,0.031447
2022-04-29,300ETF,Future (IF88 (CSI 300 Futures)),rank,-0.2193,1.4,0.0,0,0.026209,0.0,0.0,0.0,0.031447
2022-05-05,300ETF,Future (IF88 (CSI 300 Futures)),rank,-0.0968,1.4,0.0,0,-0.000901,-0.0,0.0,-0.0,0.031447
2022-05-06,300ETF,Future (IF88 (CSI 300 Futures)),rank,-1.6397,1.4,-1.0,1,-0.008445,0.008445,0.0008,0.007645,0.039092
2022-05-09,300ETF,Future (IF88 (CSI 300 Futures)),rank,0.1331,1.4,0.0,0,-0.010616,-0.0,0.0008,-0.0008,0.038292
2022-05-10,300ETF,Future (IF88 (CSI 300 Futures)),rank,-0.539,1.4,0.0,0,0.021306,0.0,0.0,0.0,0.038292
2022-05-11,300ETF,Future (IF88 (CSI 300 Futures)),rank,1.5095,1.4,1.0,1,0.008236,0.008236,0.0008,0.007436,0.045729
2022-05-12,300ETF,Future (IF88 (CSI 300 Futures)),rank,-0.2364,1.4,0.0,0,0.001674,0.0,0.0008,-0.0008,0.044929
2022-05-13,300ETF,Future (IF88 (CSI 300 Futures)),rank,0.3364,1.4,0.0,0,-0.004325,-0.0,0.0,-0.0,0.044929
2022-05-16,300ETF,Future (IF88 (CSI 300 Futures)),rank,-0.2345,1.4,0.0,0,-0.007358,-0.0,0.0,-0.0,0.044929
2022-05-17,300ETF,Future (IF88 (CSI 300 Futures)),rank,0.6081,1.4,0.0,0,0.006471,0.0,0.0,0.0,0.044929
2022-05-18,300ETF,Future (IF88 (CSI 300 Futures)),rank,-0.8987,1.4,0.0,0,0.002929,0.0,0.0,0.0,0.044929
2022-05-19,300ETF,Future (IF88 (CSI 300 Futures)),rank,-0.7537,1.4,0.0,0,0.010555,0.0,0.0,0.0,0.044929
2022-05-20,300ETF,Future (IF88 (CSI 300 Futures)),rank,2.0415,1.4,1.0,1,0.001435,0.001435,0.0008,0.000635,0.045564
2022-05-23,300ETF,Future (IF88 (CSI 300 Futures)),rank,-1.0139,1.4,0.0,0,-0.002932,-0.0,0.0008,-0.0008,0.044764
2022-05-24,300ETF,Future (IF88 (CSI 300 Futures)),rank,-0.7598,1.4,0.0,0,-0.011522,-0.0,0.0,-0.0,0.044764
2022-05-25,300ETF,Future (IF88 (CSI 300 Futures)),rank,0.7053,1.4,0.0,0,-0.003949,-0.0,0.0,-0.0,0.044764
2022-05-26,300ETF,Future (IF88 (CSI 300 Futures)),rank,-0.7012,1.4,0.0,0,0.014218,0.0,0.0,0.0,0.044764
2022-05-27,300ETF,Future (IF88 (CSI 300 Futures)),rank,1.3173,1.4,0.0,0,-0.008403,-0.0,0.0,-0.0,0.044764
2022-05-30,300ETF,Future (IF88 (CSI 300 Futures)),rank,-0.197,1.4,0.0,0,0.00195,0.0,0.0,0.0,0.044764
2022-05-31,300ETF,Future (IF88 (CSI 300 Futures)),rank,0.5308,1.4,0.0,0,0.016444,0.0,0.0,0.0,0.044764
2022-06-01,300ETF,Future (IF88 (CSI 300 Futures)),rank,-0.4469,1.4,0.0,0,-0.00266,-0.0,0.0,-0.0,0.044764
2022-06-02,300ETF,Future (IF88 (CSI 300 Futures)),rank,-0.4237,1.4,0.0,0,0.00464,0.0,0.0,0.0,0.044764
2022-06-06,300ETF,Future (IF88 (CSI 300 Futures)),rank,-0.2479,1.4,0.0,0,0.017694,0.0,0.0,0.0,0.044764
2022-06-07,300ETF,Future (IF88 (CSI 300 Futures)),rank,1.0611,1.4,0.0,0,0.002741,0.0,0.0,0.0,0.044764
2022-06-08,300ETF,Future (IF88 (CSI 300 Futures)),rank,0.1247,1.4,0.0,0,0.003488,0.0,0.0,0.0,0.044764
2022-06-09,300ETF,Future (IF88 (CSI 300 Futures)),rank,0.0144,1.4,0.0,0,-0.007809,-0.0,0.0,-0.0,0.044764
2022-06-10,300ETF,Future (IF88 (CSI 300 Futures)),rank,-0.432,1.4,0.0,0,0.019563,0.0,0.0,0.0,0.044764
2022-06-13,300ETF,Future (IF88 (CSI 300 Futures)),rank,-0.6448,1.4,0.0,0,-0.006781,-0.0,0.0,-0.0,0.044764
2022-06-14,300ETF,Future (IF88 (CSI 300 Futures)),rank,-0.4606,1.4,0.0,0,0.013651,0.0,0.0,0.0,0.044764
2022-06-15,300ETF,Future (IF88 (CSI 300 Futures)),rank,1.5652,1.4,1.0,1,0.017195,0.017195,0.0008,0.016395,0.061159
2022-06-16,300ETF,Future (IF88 (CSI 300 Futures)),rank,0.6016,1.4,0.0,0,-0.007818,-0.0,0.0008,-0.0008,0.060359
2022-06-17,300ETF,Future (IF88 (CSI 300 Futures)),rank,0.9638,1.4,0.0,0,0.008249,0.0,0.0,0.0,0.060359
2022-06-20,300ETF,Future (IF88 (CSI 300 Futures)),rank,0.3718,1.4,0.0,0,0.004441,0.0,0.0,0.0,0.060359
2022-06-21,300ETF,Future (IF88 (CSI 300 Futures)),rank,0.2194,1.4,0.0,0,-0.00582,-0.0,0.0,-0.0,0.060359
2022-06-22,300ETF,Future (IF88 (CSI 300 Futures)),rank,-0.8239,1.4,0.0,0,-0.012294,-0.0,0.0,-0.0,0.060359
2022-06-23,300ETF,Future (IF88 (CSI 300 Futures)),rank,0.6944,1.4,0.0,0,0.014387,0.0,0.0,0.0,0.060359
2022-06-24,300ETF,Future (IF88 (CSI 300 Futures)),rank,-0.434,1.4,0.0,0,0.00723,0.0,0.0,0.0,0.060359
2022-06-27,300ETF,Future (IF88 (CSI 300 Futures)),rank,1.3019,1.4,0.0,0,0.003123,0.0,0.0,0.0,0.060359
2022-06-28,300ETF,Future (IF88 (CSI 300 Futures)),rank,-1.0137,1.4,0.0,0,0.014628,0.0,0.0,0.0,0.060359
2022-06-29,300ETF,Future (IF88 (CSI 300 Futures)),rank,0.3701,1.4,0.0,0,-0.010098,-0.0,0.0,-0.0,0.060359
2022-06-30,300ETF,Future (IF88 (CSI 300 Futures)),rank,1.3747,1.4,0.0,0,0.005978,0.0,0.0,0.0,0.060359
2022-07-01,300ETF,Future (IF88 (CSI 300 Futures)),rank,0.0586,1.4,0.0,0,-0.001443,-0.0,0.0,-0.0,0.060359
2022-07-04,300ETF,Future (IF88 (CSI 300 Futures)),rank,-0.4941,1.4,0.0,0,0.002336,0.0,0.0,0.0,0.060359
2022-07-05,300ETF,Future (IF88 (CSI 300 Futures)),rank,0.7678,1.4,0.0,0,-0.006454,-0.0,0.0,-0.0,0.060359
2022-07-06,300ETF,Future (IF88 (CSI 300 Futures)),rank,-0.4342,1.4,0.0,0,-0.013821,-0.0,0.0,-0.0,0.060359
2022-07-07,300ETF,Future (IF88 (CSI 300 Futures)),rank,-0.7481,1.4,0.0,0,0.006806,0.0,0.0,0.0,0.060359
2022-07-08,300ETF,Future (IF88 (CSI 300 Futures)),rank,0.1059,1.4,0.0,0,-0.003346,-0.0,0.0,-0.0,0.060359
2022-07-11,300ETF,Future (IF88 (CSI 300 Futures)),rank,-1.1904,1.4,0.0,0,-0.001198,-0.0,0.0,-0.0,0.060359
2022-07-12,300ETF,Future (IF88 (CSI 300 Futures)),rank,0.3121,1.4,0.0,0,-0.008893,-0.0,0.0,-0.0,0.060359
2022-07-13,300ETF,Future (IF88 (CSI 300 Futures)),rank,-0.2232,1.4,0.0,0,-0.000838,-0.0,0.0,-0.0,0.060359
2022-07-14,300ETF,Future (IF88 (CSI 300 Futures)),rank,-0.7509,1.4,0.0,0,-0.002741,-0.0,0.0,-0.0,0.060359
2022-07-15,300ETF,Future (IF88 (CSI 300 Futures)),rank,0.1883,1.4,0.0,0,-0.013666,-0.0,0.0,-0.0,0.060359
2022-07-18,300ETF,Future (IF88 (CSI 300 Futures)),rank,-0.4149,1.4,0.0,0,0.008858,0.0,0.0,0.0,0.060359
2022-07-19,300ETF,Future (IF88 (CSI 300 Futures)),rank,-0.8965,1.4,0.0,0,0.003105,0.0,0.0,0.0,0.060359
2022-07-20,300ETF,Future (IF88 (CSI 300 Futures)),rank,0.0081,1.4,0.0,0,-0.003699,-0.0,0.0,-0.0,0.060359
2022-07-21,300ETF,Future (IF88 (CSI 300 Futures)),rank,-0.596,1.4,0.0,0,-0.006041,-0.0,0.0,-0.0,0.060359
2022-07-22,300ETF,Future (IF88 (CSI 300 Futures)),rank,0.4364,1.4,0.0,0,-0.002641,-0.0,0.0,-0.0,0.060359
2022-07-25,300ETF,Future (IF88 (CSI 300 Futures)),rank,-0.6807,1.4,0.0,0,0.002236,0.0,0.0,0.0,0.060359
2022-07-26,300ETF,Future (IF88 (CSI 300 Futures)),rank,0.6147,1.4,0.0,0,0.003738,0.0,0.0,0.0,0.060359
2022-07-27,300ETF,Future (IF88 (CSI 300 Futures)),rank,-0.8169,1.4,0.0,0,-0.002563,-0.0,0.0,-0.0,0.060359
2022-07-28,300ETF,Future (IF88 (CSI 300 Futures)),rank,-0.0335,1.4,0.0,0,-0.001136,-0.0,0.0,-0.0,0.060359
2022-07-29,300ETF,Future (IF88 (CSI 300 Futures)),rank,0.0998,1.4,0.0,0,-0.021056,-0.0,0.0,-0.0,0.060359
2022-08-01,300ETF,Future (IF88 (CSI 300 Futures)),rank,-0.6816,1.4,0.0,0,0.001638,0.0,0.0,0.0,0.060359
2022-08-02,300ETF,Future (IF88 (CSI 300 Futures)),rank,-1.4297,1.4,-1.0,1,-0.004816,0.004816,0.0008,0.004016,0.064376
2022-08-03,300ETF,Future (IF88 (CSI 300 Futures)),rank,1.2735,1.4,0.0,0,-0.00979,-0.0,0.0008,-0.0008,0.063576
2022-08-04,300ETF,Future (IF88 (CSI 300 Futures)),rank,0.0297,1.4,0.0,0,0.000393,0.0,0.0,0.0,0.063576
2022-08-05,300ETF,Future (IF88 (CSI 300 Futures)),rank,0.2524,1.4,0.0,0,0.010817,0.0,0.0,0.0,0.063576
2022-08-08,300ETF,Future (IF88 (CSI 300 Futures)),rank,-0.2317,1.4,0.0,0,-0.001207,-0.0,0.0,-0.0,0.063576
2022-08-09,300ETF,Future (IF88 (CSI 300 Futures)),rank,-0.3841,1.4,0.0,0,0.002274,0.0,0.0,0.0,0.063576
2022-08-10,300ETF,Future (IF88 (CSI 300 Futures)),rank,-0.0816,1.4,0.0,0,-0.011236,-0.0,0.0,-0.0,0.063576
2022-08-11,300ETF,Future (IF88 (CSI 300 Futures)),rank,-0.3682,1.4,0.0,0,0.016668,0.0,0.0,0.0,0.063576
2022-08-12,300ETF,Future (IF88 (CSI 300 Futures)),rank,-0.5729,1.4,0.0,0,0.004303,0.0,0.0,0.0,0.063576
2022-08-15,300ETF,Future (IF88 (CSI 300 Futures)),rank,0.9589,1.4,0.0,0,-0.008953,-0.0,0.0,-0.0,0.063576
2022-08-16,300ETF,Future (IF88 (CSI 300 Futures)),rank,0.0942,1.4,0.0,0,-0.004837,-0.0,0.0,-0.0,0.063576
2022-08-17,300ETF,Future (IF88 (CSI 300 Futures)),rank,-0.6415,1.4,0.0,0,0.014791,0.0,0.0,0.0,0.063576
2022-08-18,300ETF,Future (IF88 (CSI 300 Futures)),rank,-0.4011,1.4,0.0,0,-0.007176,-0.0,0.0,-0.0,0.063576
2022-08-19,300ETF,Future (IF88 (CSI 300 Futures)),rank,-0.032,1.4,0.0,0,-0.005002,-0.0,0.0,-0.0,0.063576
2022-08-22,300ETF,Future (IF88 (CSI 300 Futures)),rank,0.7203,1.4,0.0,0,0.000958,0.0,0.0,0.0,0.063576
2022-08-23,300ETF,Future (IF88 (CSI 300 Futures)),rank,-0.04,1.4,0.0,0,-0.00265,-0.0,0.0,-0.0,0.063576
2022-08-24,300ETF,Future (IF88 (CSI 300 Futures)),rank,-0.3865,1.4,0.0,0,-0.014525,-0.0,0.0,-0.0,0.063576
2022-08-25,300ETF,Future (IF88 (CSI 300 Futures)),rank,0.1047,1.4,0.0,0,0.00303,0.0,0.0,0.0,0.063576
2022-08-26,300ETF,Future (IF88 (CSI 300 Futures)),rank,-0.4912,1.4,0.0,0,-0.00481,-0.0,0.0,-0.0,0.063576
2022-08-29,300ETF,Future (IF88 (CSI 300 Futures)),rank,-0.474,1.4,0.0,0,-0.000882,-0.0,0.0,-0.0,0.063576
2022-08-30,300ETF,Future (IF88 (CSI 300 Futures)),rank,-0.2875,1.4,0.0,0,0.000639,0.0,0.0,0.0,0.063576
2022-08-31,300ETF,Future (IF88 (CSI 300 Futures)),rank,0.3515,1.4,0.0,0,-0.00147,-0.0,0.0,-0.0,0.063576
2022-09-01,300ETF,Future (IF88 (CSI 300 Futures)),rank,0.1219,1.4,0.0,0,-0.007958,-0.0,0.0,-0.0,0.063576
2022-09-02,300ETF,Future (IF88 (CSI 300 Futures)),rank,-0.594,1.4,0.0,0,-0.005311,-0.0,0.0,-0.0,0.063576
2022-09-05,300ETF,Future (IF88 (CSI 300 Futures)),rank,-0.6162,1.4,0.0,0,-0.000449,-0.0,0.0,-0.0,0.063576
2022-09-06,300ETF,Future (IF88 (CSI 300 Futures)),rank,-0.0937,1.4,0.0,0,0.006102,0.0,0.0,0.0,0.063576
2022-09-07,300ETF,Future (IF88 (CSI 300 Futures)),rank,-0.1554,1.4,0.0,0,0.00173,0.0,0.0,0.0,0.063576
2022-09-08,300ETF,Future (IF88 (CSI 300 Futures)),rank,-0.164,1.4,0.0,0,-0.004642,-0.0,0.0,-0.0,0.063576
2022-09-09,300ETF,Future (IF88 (CSI 300 Futures)),rank,0.2779,1.4,0.0,0,0.008467,0.0,0.0,0.0,0.063576
2022-09-13,300ETF,Future (IF88 (CSI 300 Futures)),rank,-0.4806,1.4,0.0,0,0.001459,0.0,0.0,0.0,0.063576
2022-09-14,300ETF,Future (IF88 (CSI 300 Futures)),rank,-0.7595,1.4,0.0,0,-0.003434,-0.0,0.0,-0.0,0.063576
2022-09-15,300ETF,Future (IF88 (CSI 300 Futures)),rank,0.3138,1.4,0.0,0,-0.015849,-0.0,0.0,-0.0,0.063576
2022-09-16,300ETF,Future (IF88 (CSI 300 Futures)),rank,-0.7689,1.4,0.0,0,-0.010984,-0.0,0.0,-0.0,0.063576
2022-09-19,300ETF,Future (IF88 (CSI 300 Futures)),rank,-0.0169,1.4,0.0,0,-0.004067,-0.0,0.0,-0.0,0.063576
2022-09-20,300ETF,Future (IF88 (CSI 300 Futures)),rank,0.0064,1.4,0.0,0,-0.004727,-0.0,0.0,-0.0,0.063576
2022-09-21,300ETF,Future (IF88 (CSI 300 Futures)),rank,-0.992,1.4,0.0,0,0.005336,0.0,0.0,0.0,0.063576
2022-09-22,300ETF,Future (IF88 (CSI 300 Futures)),rank,-0.7134,1.4,0.0,0,-0.006338,-0.0,0.0,-0.0,0.063576
2022-09-23,300ETF,Future (IF88 (CSI 300 Futures)),rank,0.7268,1.4,0.0,0,-0.003614,-0.0,0.0,-0.0,0.063576
2022-09-26,300ETF,Future (IF88 (CSI 300 Futures)),rank,0.8836,1.4,0.0,0,-0.007155,-0.0,0.0,-0.0,0.063576
2022-09-27,300ETF,Future (IF88 (CSI 300 Futures)),rank,0.0432,1.4,0.0,0,0.011504,0.0,0.0,0.0,0.063576
2022-09-28,300ETF,Future (IF88 (CSI 300 Futures)),rank,-0.9497,1.4,0.0,0,-0.005347,-0.0,0.0,-0.0,0.063576
2022-09-29,300ETF,Future (IF88 (CSI 300 Futures)),rank,-0.1116,1.4,0.0,0,-0.012038,-0.0,0.0,-0.0,0.063576
2022-09-30,300ETF,Future (IF88 (CSI 300 Futures)),rank,0.4112,1.4,0.0,0,-0.004495,-0.0,0.0,-0.0,0.063576
2022-10-10,300ETF,Future (IF88 (CSI 300 Futures)),rank,-0.8743,1.4,0.0,0,-0.019164,-0.0,0.0,-0.0,0.063576
2022-10-11,300ETF,Future (IF88 (CSI 300 Futures)),rank,-0.5487,1.4,0.0,0,0.000322,0.0,0.0,0.0,0.063576
2022-10-12,300ETF,Future (IF88 (CSI 300 Futures)),rank,-0.7776,1.4,0.0,0,0.019937,0.0,0.0,0.0,0.063576
2022-10-13,300ETF,Future (IF88 (CSI 300 Futures)),rank,-0.3829,1.4,0.0,0,-0.000106,-0.0,0.0,-0.0,0.063576
2022-10-14,300ETF,Future (IF88 (CSI 300 Futures)),rank,1.1646,1.4,0.0,0,0.007829,0.0,0.0,0.0,0.063576
2022-10-17,300ETF,Future (IF88 (CSI 300 Futures)),rank,-0.4722,1.4,0.0,0,0.008418,0.0,0.0,0.0,0.063576
2022-10-18,300ETF,Future (IF88 (CSI 300 Futures)),rank,-0.3596,1.4,0.0,0,-0.004215,-0.0,0.0,-0.0,0.063576
2022-10-19,300ETF,Future (IF88 (CSI 300 Futures)),rank,-0.1152,1.4,0.0,0,-0.012115,-0.0,0.0,-0.0,0.063576
2022-10-20,300ETF,Future (IF88 (CSI 300 Futures)),rank,-0.8969,1.4,0.0,0,0.003897,0.0,0.0,0.0,0.063576
2022-10-21,300ETF,Future (IF88 (CSI 300 Futures)),rank,0.2297,1.4,0.0,0,-0.003262,-0.0,0.0,-0.0,0.063576
2022-10-24,300ETF,Future (IF88 (CSI 300 Futures)),rank,0.3434,1.4,0.0,0,-0.021122,-0.0,0.0,-0.0,0.063576
2022-10-25,300ETF,Future (IF88 (CSI 300 Futures)),rank,0.2659,1.4,0.0,0,-0.000441,-0.0,0.0,-0.0,0.063576
2022-10-26,300ETF,Future (IF88 (CSI 300 Futures)),rank,0.8722,1.4,0.0,0,-0.002849,-0.0,0.0,-0.0,0.063576
2022-10-27,300ETF,Future (IF88 (CSI 300 Futures)),rank,0.0263,1.4,0.0,0,-0.013264,-0.0,0.0,-0.0,0.063576
2022-10-28,300ETF,Future (IF88 (CSI 300 Futures)),rank,-0.7811,1.4,0.0,0,-0.020637,-0.0,0.0,-0.0,0.063576
2022-10-31,300ETF,Future (IF88 (CSI 300 Futures)),rank,-0.3312,1.4,0.0,0,-0.008639,-0.0,0.0,-0.0,0.063576
2022-11-01,300ETF,Future (IF88 (CSI 300 Futures)),rank,0.9835,1.4,0.0,0,0.023091,0.0,0.0,0.0,0.063576
2022-11-02,300ETF,Future (IF88 (CSI 300 Futures)),rank,0.3864,1.4,0.0,0,0.00869,0.0,0.0,0.0,0.063576
2022-11-03,300ETF,Future (IF88 (CSI 300 Futures)),rank,-0.358,1.4,0.0,0,0.000767,0.0,0.0,0.0,0.063576
2022-11-04,300ETF,Future (IF88 (CSI 300 Futures)),rank,2.276,1.4,1.0,1,0.017217,0.017217,0.0008,0.016417,0.079992
2022-11-07,300ETF,Future (IF88 (CSI 300 Futures)),rank,0.7654,1.4,0.0,0,0.003176,0.0,0.0008,-0.0008,0.079192
2022-11-08,300ETF,Future (IF88 (CSI 300 Futures)),rank,-0.4218,1.4,0.0,0,-0.006593,-0.0,0.0,-0.0,0.079192
2022-11-09,300ETF,Future (IF88 (CSI 300 Futures)),rank,-0.0291,1.4,0.0,0,-0.006373,-0.0,0.0,-0.0,0.079192
2022-11-10,300ETF,Future (IF88 (CSI 300 Futures)),rank,-1.1573,1.4,0.0,0,0.000325,0.0,0.0,0.0,0.079192
2022-11-11,300ETF,Future (IF88 (CSI 300 Futures)),rank,0.4069,1.4,0.0,0,0.009561,0.0,0.0,0.0,0.079192
2022-11-14,300ETF,Future (IF88 (CSI 300 Futures)),rank,1.6002,1.4,1.0,1,-0.011977,-0.011977,0.0008,-0.012777,0.066415
2022-11-15,300ETF,Future (IF88 (CSI 300 Futures)),rank,-0.5359,1.4,0.0,0,0.016452,0.0,0.0008,-0.0008,0.065615
2022-11-16,300ETF,Future (IF88 (CSI 300 Futures)),rank,-0.6752,1.4,0.0,0,-0.004152,-0.0,0.0,-0.0,0.065615
2022-11-17,300ETF,Future (IF88 (CSI 300 Futures)),rank,-0.956,1.4,0.0,0,-0.000157,-0.0,0.0,-0.0,0.065615
2022-11-18,300ETF,Future (IF88 (CSI 300 Futures)),rank,-0.4275,1.4,0.0,0,-0.003401,-0.0,0.0,-0.0,0.065615
2022-11-21,300ETF,Future (IF88 (CSI 300 Futures)),rank,-1.288,1.4,0.0,0,0.006762,0.0,0.0,0.0,0.065615
2022-11-22,300ETF,Future (IF88 (CSI 300 Futures)),rank,-0.0198,1.4,0.0,0,-0.000425,-0.0,0.0,-0.0,0.065615
2022-11-23,300ETF,Future (IF88 (CSI 300 Futures)),rank,0.3257,1.4,0.0,0,0.001322,0.0,0.0,0.0,0.065615
2022-11-24,300ETF,Future (IF88 (CSI 300 Futures)),rank,0.3396,1.4,0.0,0,-0.005826,-0.0,0.0,-0.0,0.065615
2022-11-25,300ETF,Future (IF88 (CSI 300 Futures)),rank,-0.5146,1.4,0.0,0,0.005083,0.0,0.0,0.0,0.065615
2022-11-28,300ETF,Future (IF88 (CSI 300 Futures)),rank,-1.8157,1.4,-1.0,1,0.011682,-0.011682,0.0008,-0.012482,0.053133
2022-11-29,300ETF,Future (IF88 (CSI 300 Futures)),rank,0.9666,1.4,0.0,0,0.019212,0.0,0.0008,-0.0008,0.052333
2022-11-30,300ETF,Future (IF88 (CSI 300 Futures)),rank,0.7178,1.4,0.0,0,-0.001453,-0.0,0.0,-0.0,0.052333
2022-12-01,300ETF,Future (IF88 (CSI 300 Futures)),rank,1.3252,1.4,0.0,0,-0.00459,-0.0,0.0,-0.0,0.052333
2022-12-02,300ETF,Future (IF88 (CSI 300 Futures)),rank,-0.3084,1.4,0.0,0,-0.005235,-0.0,0.0,-0.0,0.052333
2022-12-05,300ETF,Future (IF88 (CSI 300 Futures)),rank,0.2447,1.4,0.0,0,0.00753,0.0,0.0,0.0,0.052333
2022-12-06,300ETF,Future (IF88 (CSI 300 Futures)),rank,0.3329,1.4,0.0,0,0.003637,0.0,0.0,0.0,0.052333
2022-12-07,300ETF,Future (IF88 (CSI 300 Futures)),rank,-0.2834,1.4,0.0,0,-0.001564,-0.0,0.0,-0.0,0.052333
2022-12-08,300ETF,Future (IF88 (CSI 300 Futures)),rank,-0.3867,1.4,0.0,0,0.000806,0.0,0.0,0.0,0.052333
2022-12-09,300ETF,Future (IF88 (CSI 300 Futures)),rank,0.1046,1.4,0.0,0,0.01194,0.0,0.0,0.0,0.052333
2022-12-12,300ETF,Future (IF88 (CSI 300 Futures)),rank,-0.7534,1.4,0.0,0,-0.005237,-0.0,0.0,-0.0,0.052333
2022-12-13,300ETF,Future (IF88 (CSI 300 Futures)),rank,-0.3407,1.4,0.0,0,-0.000607,-0.0,0.0,-0.0,0.052333
2022-12-14,300ETF,Future (IF88 (CSI 300 Futures)),rank,-0.2584,1.4,0.0,0,-0.002174,-0.0,0.0,-0.0,0.052333
2022-12-15,300ETF,Future (IF88 (CSI 300 Futures)),rank,-0.1282,1.4,0.0,0,0.004768,0.0,0.0,0.0,0.052333
2022-12-16,300ETF,Future (IF88 (CSI 300 Futures)),rank,-0.3679,1.4,0.0,0,0.004048,0.0,0.0,0.0,0.052333
2022-12-19,300ETF,Future (IF88 (CSI 300 Futures)),rank,0.2179,1.4,0.0,0,-0.014515,-0.0,0.0,-0.0,0.052333
2022-12-20,300ETF,Future (IF88 (CSI 300 Futures)),rank,-0.9025,1.4,0.0,0,-0.010384,-0.0,0.0,-0.0,0.052333
2022-12-21,300ETF,Future (IF88 (CSI 300 Futures)),rank,0.0157,1.4,0.0,0,-0.003118,-0.0,0.0,-0.0,0.052333
2022-12-22,300ETF,Future (IF88 (CSI 300 Futures)),rank,-0.2951,1.4,0.0,0,-0.010204,-0.0,0.0,-0.0,0.052333
2022-12-23,300ETF,Future (IF88 (CSI 300 Futures)),rank,0.0503,1.4,0.0,0,-0.006439,-0.0,0.0,-0.0,0.052333
2022-12-26,300ETF,Future (IF88 (CSI 300 Futures)),rank,0.2006,1.4,0.0,0,-0.002697,-0.0,0.0,-0.0,0.052333
2022-12-27,300ETF,Future (IF88 (CSI 300 Futures)),rank,0.2131,1.4,0.0,0,0.004158,0.0,0.0,0.0,0.052333
2022-12-28,300ETF,Future (IF88 (CSI 300 Futures)),rank,-0.7544,1.4,0.0,0,0.003402,0.0,0.0,0.0,0.052333
2022-12-29,300ETF,Future (IF88 (CSI 300 Futures)),rank,-0.8682,1.4,0.0,0,0.007561,0.0,0.0,0.0,0.052333
2022-12-30,300ETF,Future (IF88 (CSI 300 Futures)),rank,0.7121,1.4,0.0,0,-0.001645,-0.0,0.0,-0.0,0.052333
2023-01-03,300ETF,Future (IF88 (CSI 300 Futures)),rank,-0.9448,1.4,0.0,0,0.016163,0.0,0.0,0.0,0.052333
2023-01-04,300ETF,Future (IF88 (CSI 300 Futures)),rank,-0.6058,1.4,0.0,0,0.001489,0.0,0.0,0.0,0.052333
2023-01-05,300ETF,Future (IF88 (CSI 300 Futures)),rank,1.5726,1.4,1.0,1,0.006956,0.006956,0.0008,0.006156,0.05849
2023-01-06,300ETF,Future (IF88 (CSI 300 Futures)),rank,-0.2052,1.4,0.0,0,0.003162,0.0,0.0008,-0.0008,0.05769
2023-01-09,300ETF,Future (IF88 (CSI 300 Futures)),rank,0.0129,1.4,0.0,0,0.003088,0.0,0.0,0.0,0.05769
2023-01-10,300ETF,Future (IF88 (CSI 300 Futures)),rank,-0.5769,1.4,0.0,0,0.000647,0.0,0.0,0.0,0.05769
2023-01-11,300ETF,Future (IF88 (CSI 300 Futures)),rank,0.1995,1.4,0.0,0,-0.002584,-0.0,0.0,-0.0,0.05769
2023-01-12,300ETF,Future (IF88 (CSI 300 Futures)),rank,-0.1113,1.4,0.0,0,-0.003076,-0.0,0.0,-0.0,0.05769
2023-01-13,300ETF,Future (IF88 (CSI 300 Futures)),rank,0.0821,1.4,0.0,0,0.00655,0.0,0.0,0.0,0.05769
2023-01-16,300ETF,Future (IF88 (CSI 300 Futures)),rank,1.2988,1.4,0.0,0,0.008697,0.0,0.0,0.0,0.05769
2023-01-17,300ETF,Future (IF88 (CSI 300 Futures)),rank,-0.1341,1.4,0.0,0,0.000483,0.0,0.0,0.0,0.05769
2023-01-18,300ETF,Future (IF88 (CSI 300 Futures)),rank,0.0583,1.4,0.0,0,-0.000918,-0.0,0.0,-0.0,0.05769
2023-01-19,300ETF,Future (IF88 (CSI 300 Futures)),rank,-0.4918,1.4,0.0,0,0.010743,0.0,0.0,0.0,0.05769
2023-01-20,300ETF,Future (IF88 (CSI 300 Futures)),rank,0.3308,1.4,0.0,0,4.8e-05,0.0,0.0,0.0,0.05769
2023-01-30,300ETF,Future (IF88 (CSI 300 Futures)),rank,-0.3248,1.4,0.0,0,-0.011799,-0.0,0.0,-0.0,0.05769
2023-01-31,300ETF,Future (IF88 (CSI 300 Futures)),rank,0.1007,1.4,0.0,0,-0.010633,-0.0,0.0,-0.0,0.05769
2023-02-01,300ETF,Future (IF88 (CSI 300 Futures)),rank,0.4953,1.4,0.0,0,0.00119,0.0,0.0,0.0,0.05769
2023-02-02,300ETF,Future (IF88 (CSI 300 Futures)),rank,-1.0151,1.4,0.0,0,-0.002764,-0.0,0.0,-0.0,0.05769
2023-02-03,300ETF,Future (IF88 (CSI 300 Futures)),rank,-0.9675,1.4,0.0,0,0.003237,0.0,0.0,0.0,0.05769
2023-02-06,300ETF,Future (IF88 (CSI 300 Futures)),rank,-1.3404,1.4,-1.0,1,-0.005865,0.005865,0.0008,0.005065,0.062755
2023-02-07,300ETF,Future (IF88 (CSI 300 Futures)),rank,-0.2009,1.4,0.0,0,-0.001074,-0.0,0.0008,-0.0008,0.061955
2023-02-08,300ETF,Future (IF88 (CSI 300 Futures)),rank,0.2181,1.4,0.0,0,-0.004298,-0.0,0.0,-0.0,0.061955
2023-02-09,300ETF,Future (IF88 (CSI 300 Futures)),rank,1.0573,1.4,0.0,0,0.00683,0.0,0.0,0.0,0.061955
2023-02-10,300ETF,Future (IF88 (CSI 300 Futures)),rank,-0.7981,1.4,0.0,0,-0.003637,-0.0,0.0,-0.0,0.061955
2023-02-13,300ETF,Future (IF88 (CSI 300 Futures)),rank,0.7656,1.4,0.0,0,0.003094,0.0,0.0,0.0,0.061955
2023-02-14,300ETF,Future (IF88 (CSI 300 Futures)),rank,-0.7891,1.4,0.0,0,-0.000531,-0.0,0.0,-0.0,0.061955
2023-02-15,300ETF,Future (IF88 (CSI 300 Futures)),rank,-0.2674,1.4,0.0,0,-0.002856,-0.0,0.0,-0.0,0.061955
2023-02-16,300ETF,Future (IF88 (CSI 300 Futures)),rank,-0.2252,1.4,0.0,0,-0.012108,-0.0,0.0,-0.0,0.061955
2023-02-17,300ETF,Future (IF88 (CSI 300 Futures)),rank,0.2932,1.4,0.0,0,-0.014645,-0.0,0.0,-0.0,0.061955
2023-02-20,300ETF,Future (IF88 (CSI 300 Futures)),rank,0.5346,1.4,0.0,0,0.021083,0.0,0.0,0.0,0.061955
2023-02-21,300ETF,Future (IF88 (CSI 300 Futures)),rank,-0.1953,1.4,0.0,0,-0.001158,-0.0,0.0,-0.0,0.061955
2023-02-22,300ETF,Future (IF88 (CSI 300 Futures)),rank,-0.732,1.4,0.0,0,-0.001459,-0.0,0.0,-0.0,0.061955
2023-02-23,300ETF,Future (IF88 (CSI 300 Futures)),rank,0.8647,1.4,0.0,0,-0.004672,-0.0,0.0,-0.0,0.061955
2023-02-24,300ETF,Future (IF88 (CSI 300 Futures)),rank,-0.8923,1.4,0.0,0,-0.004559,-0.0,0.0,-0.0,0.061955
2023-02-27,300ETF,Future (IF88 (CSI 300 Futures)),rank,-0.2058,1.4,0.0,0,-0.002075,-0.0,0.0,-0.0,0.061955
2023-02-28,300ETF,Future (IF88 (CSI 300 Futures)),rank,0.3378,1.4,0.0,0,0.001181,0.0,0.0,0.0,0.061955
2023-03-01,300ETF,Future (IF88 (CSI 300 Futures)),rank,0.4747,1.4,0.0,0,0.00685,0.0,0.0,0.0,0.061955
2023-03-02,300ETF,Future (IF88 (CSI 300 Futures)),rank,-0.1934,1.4,0.0,0,-0.001453,-0.0,0.0,-0.0,0.061955
2023-03-03,300ETF,Future (IF88 (CSI 300 Futures)),rank,-0.0166,1.4,0.0,0,0.001111,0.0,0.0,0.0,0.061955
2023-03-06,300ETF,Future (IF88 (CSI 300 Futures)),rank,-0.8385,1.4,0.0,0,-0.000974,-0.0,0.0,-0.0,0.061955
2023-03-07,300ETF,Future (IF88 (CSI 300 Futures)),rank,0.0674,1.4,0.0,0,-0.010298,-0.0,0.0,-0.0,0.061955
2023-03-08,300ETF,Future (IF88 (CSI 300 Futures)),rank,-0.633,1.4,0.0,0,0.000248,0.0,0.0,0.0,0.061955
2023-03-09,300ETF,Future (IF88 (CSI 300 Futures)),rank,-0.599,1.4,0.0,0,-0.002777,-0.0,0.0,-0.0,0.061955
2023-03-10,300ETF,Future (IF88 (CSI 300 Futures)),rank,-0.5925,1.4,0.0,0,-0.003963,-0.0,0.0,-0.0,0.061955
2023-03-13,300ETF,Future (IF88 (CSI 300 Futures)),rank,1.5006,1.4,1.0,1,0.005109,0.005109,0.0008,0.004309,0.066264
2023-03-14,300ETF,Future (IF88 (CSI 300 Futures)),rank,-0.7926,1.4,0.0,0,0.001504,0.0,0.0008,-0.0008,0.065464
2023-03-15,300ETF,Future (IF88 (CSI 300 Futures)),rank,0.0365,1.4,0.0,0,-0.007641,-0.0,0.0,-0.0,0.065464
2023-03-16,300ETF,Future (IF88 (CSI 300 Futures)),rank,-0.6436,1.4,0.0,0,-0.003433,-0.0,0.0,-0.0,0.065464
2023-03-17,300ETF,Future (IF88 (CSI 300 Futures)),rank,-0.1853,1.4,0.0,0,-0.006005,-0.0,0.0,-0.0,0.065464
2023-03-20,300ETF,Future (IF88 (CSI 300 Futures)),rank,0.4213,1.4,0.0,0,-0.008079,-0.0,0.0,-0.0,0.065464
2023-03-21,300ETF,Future (IF88 (CSI 300 Futures)),rank,0.5828,1.4,0.0,0,0.00377,0.0,0.0,0.0,0.065464
2023-03-22,300ETF,Future (IF88 (CSI 300 Futures)),rank,0.7306,1.4,0.0,0,-0.004885,-0.0,0.0,-0.0,0.065464
2023-03-23,300ETF,Future (IF88 (CSI 300 Futures)),rank,0.2758,1.4,0.0,0,0.008051,0.0,0.0,0.0,0.065464
2023-03-24,300ETF,Future (IF88 (CSI 300 Futures)),rank,-0.8932,1.4,0.0,0,0.000545,0.0,0.0,0.0,0.065464
2023-03-27,300ETF,Future (IF88 (CSI 300 Futures)),rank,-0.9086,1.4,0.0,0,0.001145,0.0,0.0,0.0,0.065464
2023-03-28,300ETF,Future (IF88 (CSI 300 Futures)),rank,0.0047,1.4,0.0,0,-0.001097,-0.0,0.0,-0.0,0.065464
2023-03-29,300ETF,Future (IF88 (CSI 300 Futures)),rank,-0.327,1.4,0.0,0,0.0,0.0,0.0,0.0,0.065464
2023-03-30,300ETF,Future (IF88 (CSI 300 Futures)),rank,0.4914,1.4,0.0,0,0.007057,0.0,0.0,0.0,0.065464
2023-03-31,300ETF,Future (IF88 (CSI 300 Futures)),rank,0.4431,1.4,0.0,0,-0.003297,-0.0,0.0,-0.0,0.065464
2023-04-03,300ETF,Future (IF88 (CSI 300 Futures)),rank,0.5852,1.4,0.0,0,0.004351,0.0,0.0,0.0,0.065464
2023-04-04,300ETF,Future (IF88 (CSI 300 Futures)),rank,-0.4587,1.4,0.0,0,0.00459,0.0,0.0,0.0,0.065464
2023-04-06,300ETF,Future (IF88 (CSI 300 Futures)),rank,-0.5144,1.4,0.0,0,0.000781,0.0,0.0,0.0,0.065464
2023-04-07,300ETF,Future (IF88 (CSI 300 Futures)),rank,0.5124,1.4,0.0,0,0.001793,0.0,0.0,0.0,0.065464
2023-04-10,300ETF,Future (IF88 (CSI 300 Futures)),rank,-0.9127,1.4,0.0,0,-0.002766,-0.0,0.0,-0.0,0.065464
2023-04-11,300ETF,Future (IF88 (CSI 300 Futures)),rank,-0.3396,1.4,0.0,0,-0.005696,-0.0,0.0,-0.0,0.065464
2023-04-12,300ETF,Future (IF88 (CSI 300 Futures)),rank,-0.4572,1.4,0.0,0,-0.001366,-0.0,0.0,-0.0,0.065464
2023-04-13,300ETF,Future (IF88 (CSI 300 Futures)),rank,-0.9741,1.4,0.0,0,-0.001276,-0.0,0.0,-0.0,0.065464
2023-04-14,300ETF,Future (IF88 (CSI 300 Futures)),rank,0.343,1.4,0.0,0,-0.001564,-0.0,0.0,-0.0,0.065464
2023-04-17,300ETF,Future (IF88 (CSI 300 Futures)),rank,0.9137,1.4,0.0,0,0.006003,0.0,0.0,0.0,0.065464
2023-04-18,300ETF,Future (IF88 (CSI 300 Futures)),rank,0.7491,1.4,0.0,0,0.001876,0.0,0.0,0.0,0.065464
2023-04-19,300ETF,Future (IF88 (CSI 300 Futures)),rank,-0.8658,1.4,0.0,0,-0.004689,-0.0,0.0,-0.0,0.065464
2023-04-20,300ETF,Future (IF88 (CSI 300 Futures)),rank,-0.5312,1.4,0.0,0,-0.002966,-0.0,0.0,-0.0,0.065464
2023-04-21,300ETF,Future (IF88 (CSI 300 Futures)),rank,-1.0078,1.4,0.0,0,-0.015049,-0.0,0.0,-0.0,0.065464
2023-04-24,300ETF,Future (IF88 (CSI 300 Futures)),rank,-0.6132,1.4,0.0,0,-0.009912,-0.0,0.0,-0.0,0.065464
2023-04-25,300ETF,Future (IF88 (CSI 300 Futures)),rank,-0.1093,1.4,0.0,0,-0.00121,-0.0,0.0,-0.0,0.065464
2023-04-26,300ETF,Future (IF88 (CSI 300 Futures)),rank,-0.6196,1.4,0.0,0,-0.000151,-0.0,0.0,-0.0,0.065464
2023-04-27,300ETF,Future (IF88 (CSI 300 Futures)),rank,0.1489,1.4,0.0,0,0.006283,0.0,0.0,0.0,0.065464
2023-04-28,300ETF,Future (IF88 (CSI 300 Futures)),rank,1.1112,1.4,0.0,0,0.000646,0.0,0.0,0.0,0.065464
2023-05-04,300ETF,Future (IF88 (CSI 300 Futures)),rank,-0.859,1.4,0.0,0,0.002143,0.0,0.0,0.0,0.065464
2023-05-05,300ETF,Future (IF88 (CSI 300 Futures)),rank,0.4753,1.4,0.0,0,-0.002194,-0.0,0.0,-0.0,0.065464
2023-05-08,300ETF,Future (IF88 (CSI 300 Futures)),rank,-0.1521,1.4,0.0,0,0.009683,0.0,0.0,0.0,0.065464
2023-05-09,300ETF,Future (IF88 (CSI 300 Futures)),rank,-0.6339,1.4,0.0,0,-0.003763,-0.0,0.0,-0.0,0.065464
2023-05-10,300ETF,Future (IF88 (CSI 300 Futures)),rank,-0.7942,1.4,0.0,0,-0.004306,-0.0,0.0,-0.0,0.065464
2023-05-11,300ETF,Future (IF88 (CSI 300 Futures)),rank,-0.1169,1.4,0.0,0,-0.003909,-0.0,0.0,-0.0,0.065464
2023-05-12,300ETF,Future (IF88 (CSI 300 Futures)),rank,0.0684,1.4,0.0,0,-0.013325,-0.0,0.0,-0.0,0.065464
2023-05-15,300ETF,Future (IF88 (CSI 300 Futures)),rank,-0.5042,1.4,0.0,0,0.012817,0.0,0.0,0.0,0.065464
2023-05-16,300ETF,Future (IF88 (CSI 300 Futures)),rank,-0.8384,1.4,0.0,0,-0.004376,-0.0,0.0,-0.0,0.065464
2023-05-17,300ETF,Future (IF88 (CSI 300 Futures)),rank,-0.9277,1.4,0.0,0,-0.004248,-0.0,0.0,-0.0,0.065464
2023-05-18,300ETF,Future (IF88 (CSI 300 Futures)),rank,0.2094,1.4,0.0,0,-0.004097,-0.0,0.0,-0.0,0.065464
2023-05-19,300ETF,Future (IF88 (CSI 300 Futures)),rank,-0.841,1.4,0.0,0,0.005034,0.0,0.0,0.0,0.065464
2023-05-22,300ETF,Future (IF88 (CSI 300 Futures)),rank,0.5375,1.4,0.0,0,0.002525,0.0,0.0,0.0,0.065464
2023-05-23,300ETF,Future (IF88 (CSI 300 Futures)),rank,-0.6033,1.4,0.0,0,-0.007274,-0.0,0.0,-0.0,0.065464
2023-05-24,300ETF,Future (IF88 (CSI 300 Futures)),rank,-1.1546,1.4,0.0,0,-0.003158,-0.0,0.0,-0.0,0.065464
2023-05-25,300ETF,Future (IF88 (CSI 300 Futures)),rank,-0.1527,1.4,0.0,0,-0.00266,-0.0,0.0,-0.0,0.065464
2023-05-26,300ETF,Future (IF88 (CSI 300 Futures)),rank,-1.0305,1.4,0.0,0,0.006309,0.0,0.0,0.0,0.065464
2023-05-29,300ETF,Future (IF88 (CSI 300 Futures)),rank,-0.4192,1.4,0.0,0,-0.005849,-0.0,0.0,-0.0,0.065464
2023-05-30,300ETF,Future (IF88 (CSI 300 Futures)),rank,-0.1385,1.4,0.0,0,-0.001463,-0.0,0.0,-0.0,0.065464
2023-05-31,300ETF,Future (IF88 (CSI 300 Futures)),rank,-0.9192,1.4,0.0,0,-0.003271,-0.0,0.0,-0.0,0.065464
2023-06-01,300ETF,Future (IF88 (CSI 300 Futures)),rank,1.1547,1.4,0.0,0,-0.00604,-0.0,0.0,-0.0,0.065464
2023-06-02,300ETF,Future (IF88 (CSI 300 Futures)),rank,0.7611,1.4,0.0,0,0.007751,0.0,0.0,0.0,0.065464
2023-06-05,300ETF,Future (IF88 (CSI 300 Futures)),rank,-1.0268,1.4,0.0,0,-0.001771,-0.0,0.0,-0.0,0.065464
2023-06-06,300ETF,Future (IF88 (CSI 300 Futures)),rank,-0.5991,1.4,0.0,0,-0.004826,-0.0,0.0,-0.0,0.065464
2023-06-07,300ETF,Future (IF88 (CSI 300 Futures)),rank,-0.0119,1.4,0.0,0,-0.009232,-0.0,0.0,-0.0,0.065464
2023-06-08,300ETF,Future (IF88 (CSI 300 Futures)),rank,-0.1925,1.4,0.0,0,0.008066,0.0,0.0,0.0,0.065464
2023-06-09,300ETF,Future (IF88 (CSI 300 Futures)),rank,-0.1319,1.4,0.0,0,0.002876,0.0,0.0,0.0,0.065464
2023-06-12,300ETF,Future (IF88 (CSI 300 Futures)),rank,-0.5915,1.4,0.0,0,0.005738,0.0,0.0,0.0,0.065464
2023-06-13,300ETF,Future (IF88 (CSI 300 Futures)),rank,0.2927,1.4,0.0,0,0.00602,0.0,0.0,0.0,0.065464
2023-06-14,300ETF,Future (IF88 (CSI 300 Futures)),rank,0.3376,1.4,0.0,0,-0.005314,-0.0,0.0,-0.0,0.065464
2023-06-15,300ETF,Future (IF88 (CSI 300 Futures)),rank,0.7635,1.4,0.0,0,0.01005,0.0,0.0,0.0,0.065464
2023-06-16,300ETF,Future (IF88 (CSI 300 Futures)),rank,0.4938,1.4,0.0,0,0.007743,0.0,0.0,0.0,0.065464
2023-06-19,300ETF,Future (IF88 (CSI 300 Futures)),rank,-1.1519,1.4,0.0,0,-0.00471,-0.0,0.0,-0.0,0.065464
2023-06-20,300ETF,Future (IF88 (CSI 300 Futures)),rank,0.124,1.4,0.0,0,-0.002461,-0.0,0.0,-0.0,0.065464
2023-06-21,300ETF,Future (IF88 (CSI 300 Futures)),rank,-0.3091,1.4,0.0,0,-0.007867,-0.0,0.0,-0.0,0.065464
2023-06-26,300ETF,Future (IF88 (CSI 300 Futures)),rank,-0.9856,1.4,0.0,0,0.000106,0.0,0.0,0.0,0.065464
2023-06-27,300ETF,Future (IF88 (CSI 300 Futures)),rank,0.5336,1.4,0.0,0,0.005408,0.0,0.0,0.0,0.065464
2023-06-28,300ETF,Future (IF88 (CSI 300 Futures)),rank,-0.5514,1.4,0.0,0,0.003516,0.0,0.0,0.0,0.065464
2023-06-29,300ETF,Future (IF88 (CSI 300 Futures)),rank,-0.5488,1.4,0.0,0,-0.001733,-0.0,0.0,-0.0,0.065464
2023-06-30,300ETF,Future (IF88 (CSI 300 Futures)),rank,0.4319,1.4,0.0,0,0.004554,0.0,0.0,0.0,0.065464
2023-07-03,300ETF,Future (IF88 (CSI 300 Futures)),rank,1.3943,1.4,0.0,0,0.002016,0.0,0.0,0.0,0.065464
2023-07-04,300ETF,Future (IF88 (CSI 300 Futures)),rank,-0.7249,1.4,0.0,0,0.001497,0.0,0.0,0.0,0.065464
2023-07-05,300ETF,Future (IF88 (CSI 300 Futures)),rank,-0.3847,1.4,0.0,0,-0.001349,-0.0,0.0,-0.0,0.065464
2023-07-06,300ETF,Future (IF88 (CSI 300 Futures)),rank,0.1423,1.4,0.0,0,-0.010417,-0.0,0.0,-0.0,0.065464
2023-07-07,300ETF,Future (IF88 (CSI 300 Futures)),rank,-0.5948,1.4,0.0,0,0.000472,0.0,0.0,0.0,0.065464
2023-07-10,300ETF,Future (IF88 (CSI 300 Futures)),rank,0.402,1.4,0.0,0,-0.004125,-0.0,0.0,-0.0,0.065464
2023-07-11,300ETF,Future (IF88 (CSI 300 Futures)),rank,-0.0807,1.4,0.0,0,0.004681,0.0,0.0,0.0,0.065464
2023-07-12,300ETF,Future (IF88 (CSI 300 Futures)),rank,-0.5415,1.4,0.0,0,-0.004317,-0.0,0.0,-0.0,0.065464
2023-07-13,300ETF,Future (IF88 (CSI 300 Futures)),rank,1.2461,1.4,0.0,0,0.003807,0.0,0.0,0.0,0.065464
2023-07-14,300ETF,Future (IF88 (CSI 300 Futures)),rank,-0.3645,1.4,0.0,0,-0.000308,-0.0,0.0,-0.0,0.065464
2023-07-17,300ETF,Future (IF88 (CSI 300 Futures)),rank,-1.2126,1.4,0.0,0,0.0,0.0,0.0,0.0,0.065464
2023-07-18,300ETF,Future (IF88 (CSI 300 Futures)),rank,-0.7803,1.4,0.0,0,0.000156,0.0,0.0,0.0,0.065464
2023-07-19,300ETF,Future (IF88 (CSI 300 Futures)),rank,0.042,1.4,0.0,0,-0.000416,-0.0,0.0,-0.0,0.065464
2023-07-20,300ETF,Future (IF88 (CSI 300 Futures)),rank,0.6538,1.4,0.0,0,-0.008373,-0.0,0.0,-0.0,0.065464
2023-07-21,300ETF,Future (IF88 (CSI 300 Futures)),rank,-0.0599,1.4,0.0,0,-0.002349,-0.0,0.0,-0.0,0.065464
2023-07-24,300ETF,Future (IF88 (CSI 300 Futures)),rank,-0.4922,1.4,0.0,0,-0.002622,-0.0,0.0,-0.0,0.065464
2023-07-25,300ETF,Future (IF88 (CSI 300 Futures)),rank,1.36,1.4,0.0,0,0.006449,0.0,0.0,0.0,0.065464
2023-07-26,300ETF,Future (IF88 (CSI 300 Futures)),rank,-0.2762,1.4,0.0,0,-0.003115,-0.0,0.0,-0.0,0.065464
2023-07-27,300ETF,Future (IF88 (CSI 300 Futures)),rank,0.2075,1.4,0.0,0,-0.005516,-0.0,0.0,-0.0,0.065464
2023-07-28,300ETF,Future (IF88 (CSI 300 Futures)),rank,-0.1485,1.4,0.0,0,0.025366,0.0,0.0,0.0,0.065464
2023-07-31,300ETF,Future (IF88 (CSI 300 Futures)),rank,2.0659,1.4,1.0,1,-0.007969,-0.007969,0.0008,-0.008769,0.056695
2023-08-01,300ETF,Future (IF88 (CSI 300 Futures)),rank,0.385,1.4,0.0,0,-0.006999,-0.0,0.0008,-0.0008,0.055895
2023-08-02,300ETF,Future (IF88 (CSI 300 Futures)),rank,0.3325,1.4,0.0,0,-0.009932,-0.0,0.0,-0.0,0.055895
2023-08-03,300ETF,Future (IF88 (CSI 300 Futures)),rank,0.3783,1.4,0.0,0,0.005798,0.0,0.0,0.0,0.055895
2023-08-04,300ETF,Future (IF88 (CSI 300 Futures)),rank,1.107,1.4,0.0,0,-0.004885,-0.0,0.0,-0.0,0.055895
2023-08-07,300ETF,Future (IF88 (CSI 300 Futures)),rank,-1.1024,1.4,0.0,0,-0.003191,-0.0,0.0,-0.0,0.055895
2023-08-08,300ETF,Future (IF88 (CSI 300 Futures)),rank,-1.0235,1.4,0.0,0,0.002351,0.0,0.0,0.0,0.055895
2023-08-09,300ETF,Future (IF88 (CSI 300 Futures)),rank,-0.0025,1.4,0.0,0,-0.001903,-0.0,0.0,-0.0,0.055895
2023-08-10,300ETF,Future (IF88 (CSI 300 Futures)),rank,0.1681,1.4,0.0,0,0.003459,0.0,0.0,0.0,0.055895
2023-08-11,300ETF,Future (IF88 (CSI 300 Futures)),rank,-0.9654,1.4,0.0,0,-0.014978,-0.0,0.0,-0.0,0.055895
2023-08-14,300ETF,Future (IF88 (CSI 300 Futures)),rank,-1.1233,1.4,0.0,0,0.003628,0.0,0.0,0.0,0.055895
2023-08-15,300ETF,Future (IF88 (CSI 300 Futures)),rank,-0.2406,1.4,0.0,0,-0.001347,-0.0,0.0,-0.0,0.055895
2023-08-16,300ETF,Future (IF88 (CSI 300 Futures)),rank,-0.3882,1.4,0.0,0,-0.001822,-0.0,0.0,-0.0,0.055895
2023-08-17,300ETF,Future (IF88 (CSI 300 Futures)),rank,-0.7718,1.4,0.0,0,0.009556,0.0,0.0,0.0,0.055895
2023-08-18,300ETF,Future (IF88 (CSI 300 Futures)),rank,0.0232,1.4,0.0,0,-0.012698,-0.0,0.0,-0.0,0.055895
2023-08-21,300ETF,Future (IF88 (CSI 300 Futures)),rank,-1.0019,1.4,0.0,0,-0.002502,-0.0,0.0,-0.0,0.055895
2023-08-22,300ETF,Future (IF88 (CSI 300 Futures)),rank,0.2908,1.4,0.0,0,0.006818,0.0,0.0,0.0,0.055895
2023-08-23,300ETF,Future (IF88 (CSI 300 Futures)),rank,-0.6617,1.4,0.0,0,-0.009932,-0.0,0.0,-0.0,0.055895
2023-08-24,300ETF,Future (IF88 (CSI 300 Futures)),rank,0.227,1.4,0.0,0,0.006334,0.0,0.0,0.0,0.055895
2023-08-25,300ETF,Future (IF88 (CSI 300 Futures)),rank,-0.4519,1.4,0.0,0,-0.00457,-0.0,0.0,-0.0,0.055895
2023-08-28,300ETF,Future (IF88 (CSI 300 Futures)),rank,-0.289,1.4,0.0,0,-0.022705,-0.0,0.0,-0.0,0.055895
2023-08-29,300ETF,Future (IF88 (CSI 300 Futures)),rank,0.7687,1.4,0.0,0,0.006355,0.0,0.0,0.0,0.055895
2023-08-30,300ETF,Future (IF88 (CSI 300 Futures)),rank,-0.4619,1.4,0.0,0,-0.005672,-0.0,0.0,-0.0,0.055895
2023-08-31,300ETF,Future (IF88 (CSI 300 Futures)),rank,-0.1513,1.4,0.0,0,-0.003542,-0.0,0.0,-0.0,0.055895
2023-09-01,300ETF,Future (IF88 (CSI 300 Futures)),rank,0.9462,1.4,0.0,0,-0.002213,-0.0,0.0,-0.0,0.055895
2023-09-04,300ETF,Future (IF88 (CSI 300 Futures)),rank,0.0384,1.4,0.0,0,0.006205,0.0,0.0,0.0,0.055895
2023-09-05,300ETF,Future (IF88 (CSI 300 Futures)),rank,-0.8393,1.4,0.0,0,-0.003813,-0.0,0.0,-0.0,0.055895
2023-09-06,300ETF,Future (IF88 (CSI 300 Futures)),rank,-0.9884,1.4,0.0,0,0.004824,0.0,0.0,0.0,0.055895
2023-09-07,300ETF,Future (IF88 (CSI 300 Futures)),rank,-1.1697,1.4,0.0,0,-0.007837,-0.0,0.0,-0.0,0.055895
2023-09-08,300ETF,Future (IF88 (CSI 300 Futures)),rank,-0.4985,1.4,0.0,0,0.000696,0.0,0.0,0.0,0.055895
2023-09-11,300ETF,Future (IF88 (CSI 300 Futures)),rank,0.2875,1.4,0.0,0,0.006068,0.0,0.0,0.0,0.055895
2023-09-12,300ETF,Future (IF88 (CSI 300 Futures)),rank,-0.7424,1.4,0.0,0,-0.000213,-0.0,0.0,-0.0,0.055895
2023-09-13,300ETF,Future (IF88 (CSI 300 Futures)),rank,0.1603,1.4,0.0,0,-0.009445,-0.0,0.0,-0.0,0.055895
2023-09-14,300ETF,Future (IF88 (CSI 300 Futures)),rank,0.2992,1.4,0.0,0,-0.002675,-0.0,0.0,-0.0,0.055895
2023-09-15,300ETF,Future (IF88 (CSI 300 Futures)),rank,-0.7381,1.4,0.0,0,-0.005638,-0.0,0.0,-0.0,0.055895
2023-09-18,300ETF,Future (IF88 (CSI 300 Futures)),rank,0.3669,1.4,0.0,0,0.002088,0.0,0.0,0.0,0.055895
2023-09-19,300ETF,Future (IF88 (CSI 300 Futures)),rank,-0.8959,1.4,0.0,0,0.005959,0.0,0.0,0.0,0.055895
2023-09-20,300ETF,Future (IF88 (CSI 300 Futures)),rank,-0.8421,1.4,0.0,0,0.000429,0.0,0.0,0.0,0.055895
2023-09-21,300ETF,Future (IF88 (CSI 300 Futures)),rank,-0.106,1.4,0.0,0,-0.005141,-0.0,0.0,-0.0,0.055895
2023-09-22,300ETF,Future (IF88 (CSI 300 Futures)),rank,-0.1987,1.4,0.0,0,0.015826,0.0,0.0,0.0,0.055895
2023-09-25,300ETF,Future (IF88 (CSI 300 Futures)),rank,-1.0782,1.4,0.0,0,-0.001073,-0.0,0.0,-0.0,0.055895
2023-09-26,300ETF,Future (IF88 (CSI 300 Futures)),rank,0.1978,1.4,0.0,0,-0.003068,-0.0,0.0,-0.0,0.055895
2023-09-27,300ETF,Future (IF88 (CSI 300 Futures)),rank,1.0634,1.4,0.0,0,-0.004822,-0.0,0.0,-0.0,0.055895
2023-09-28,300ETF,Future (IF88 (CSI 300 Futures)),rank,-0.2854,1.4,0.0,0,-0.005879,-0.0,0.0,-0.0,0.055895
2023-10-09,300ETF,Future (IF88 (CSI 300 Futures)),rank,-1.121,1.4,0.0,0,0.002441,0.0,0.0,0.0,0.055895
2023-10-10,300ETF,Future (IF88 (CSI 300 Futures)),rank,-0.4145,1.4,0.0,0,-0.008043,-0.0,0.0,-0.0,0.055895
2023-10-11,300ETF,Future (IF88 (CSI 300 Futures)),rank,0.5586,1.4,0.0,0,-0.006631,-0.0,0.0,-0.0,0.055895
2023-10-12,300ETF,Future (IF88 (CSI 300 Futures)),rank,-0.0066,1.4,0.0,0,0.001133,0.0,0.0,0.0,0.055895
2023-10-13,300ETF,Future (IF88 (CSI 300 Futures)),rank,-1.1398,1.4,0.0,0,-0.002344,-0.0,0.0,-0.0,0.055895
2023-10-16,300ETF,Future (IF88 (CSI 300 Futures)),rank,-0.8682,1.4,0.0,0,-0.006279,-0.0,0.0,-0.0,0.055895
2023-10-17,300ETF,Future (IF88 (CSI 300 Futures)),rank,-0.8472,1.4,0.0,0,0.001541,0.0,0.0,0.0,0.055895
2023-10-18,300ETF,Future (IF88 (CSI 300 Futures)),rank,-0.9797,1.4,0.0,0,-0.001768,-0.0,0.0,-0.0,0.055895
2023-10-19,300ETF,Future (IF88 (CSI 300 Futures)),rank,-1.0044,1.4,0.0,0,-0.008718,-0.0,0.0,-0.0,0.055895
2023-10-20,300ETF,Future (IF88 (CSI 300 Futures)),rank,0.073,1.4,0.0,0,-0.001022,-0.0,0.0,-0.0,0.055895
2023-10-23,300ETF,Future (IF88 (CSI 300 Futures)),rank,-0.5875,1.4,0.0,0,-0.009615,-0.0,0.0,-0.0,0.055895
2023-10-24,300ETF,Future (IF88 (CSI 300 Futures)),rank,-0.5598,1.4,0.0,0,0.008464,0.0,0.0,0.0,0.055895
2023-10-25,300ETF,Future (IF88 (CSI 300 Futures)),rank,0.1984,1.4,0.0,0,-0.008004,-0.0,0.0,-0.0,0.055895
2023-10-26,300ETF,Future (IF88 (CSI 300 Futures)),rank,-0.0674,1.4,0.0,0,0.005877,0.0,0.0,0.0,0.055895
2023-10-27,300ETF,Future (IF88 (CSI 300 Futures)),rank,0.6974,1.4,0.0,0,0.012842,0.0,0.0,0.0,0.055895
2023-10-30,300ETF,Future (IF88 (CSI 300 Futures)),rank,0.5868,1.4,0.0,0,0.004353,0.0,0.0,0.0,0.055895
2023-10-31,300ETF,Future (IF88 (CSI 300 Futures)),rank,-0.7382,1.4,0.0,0,0.002574,0.0,0.0,0.0,0.055895
2023-11-01,300ETF,Future (IF88 (CSI 300 Futures)),rank,-0.718,1.4,0.0,0,-0.000502,-0.0,0.0,-0.0,0.055895
2023-11-02,300ETF,Future (IF88 (CSI 300 Futures)),rank,0.6225,1.4,0.0,0,-0.004577,-0.0,0.0,-0.0,0.055895
2023-11-03,300ETF,Future (IF88 (CSI 300 Futures)),rank,0.5559,1.4,0.0,0,0.004734,0.0,0.0,0.0,0.055895
2023-11-06,300ETF,Future (IF88 (CSI 300 Futures)),rank,0.4899,1.4,0.0,0,0.003578,0.0,0.0,0.0,0.055895
2023-11-07,300ETF,Future (IF88 (CSI 300 Futures)),rank,-0.7098,1.4,0.0,0,0.002807,0.0,0.0,0.0,0.055895
2023-11-08,300ETF,Future (IF88 (CSI 300 Futures)),rank,0.0943,1.4,0.0,0,-0.006235,-0.0,0.0,-0.0,0.055895
2023-11-09,300ETF,Future (IF88 (CSI 300 Futures)),rank,0.6069,1.4,0.0,0,-0.000662,-0.0,0.0,-0.0,0.055895
2023-11-10,300ETF,Future (IF88 (CSI 300 Futures)),rank,-0.921,1.4,0.0,0,0.001057,0.0,0.0,0.0,0.055895
2023-11-13,300ETF,Future (IF88 (CSI 300 Futures)),rank,-0.5635,1.4,0.0,0,-0.001841,-0.0,0.0,-0.0,0.055895
2023-11-14,300ETF,Future (IF88 (CSI 300 Futures)),rank,0.8059,1.4,0.0,0,-0.002839,-0.0,0.0,-0.0,0.055895
2023-11-15,300ETF,Future (IF88 (CSI 300 Futures)),rank,-0.5625,1.4,0.0,0,-0.003044,-0.0,0.0,-0.0,0.055895
2023-11-16,300ETF,Future (IF88 (CSI 300 Futures)),rank,-0.4183,1.4,0.0,0,-0.003286,-0.0,0.0,-0.0,0.055895
2023-11-17,300ETF,Future (IF88 (CSI 300 Futures)),rank,-0.1368,1.4,0.0,0,0.001066,0.0,0.0,0.0,0.055895
2023-11-20,300ETF,Future (IF88 (CSI 300 Futures)),rank,-0.8184,1.4,0.0,0,0.009259,0.0,0.0,0.0,0.055895
2023-11-21,300ETF,Future (IF88 (CSI 300 Futures)),rank,1.3702,1.4,0.0,0,-0.009107,-0.0,0.0,-0.0,0.055895
2023-11-22,300ETF,Future (IF88 (CSI 300 Futures)),rank,-0.4703,1.4,0.0,0,-0.004261,-0.0,0.0,-0.0,0.055895
2023-11-23,300ETF,Future (IF88 (CSI 300 Futures)),rank,-0.1791,1.4,0.0,0,0.008105,0.0,0.0,0.0,0.055895
2023-11-24,300ETF,Future (IF88 (CSI 300 Futures)),rank,-0.928,1.4,0.0,0,-0.004564,-0.0,0.0,-0.0,0.055895
2023-11-27,300ETF,Future (IF88 (CSI 300 Futures)),rank,-1.1734,1.4,0.0,0,0.002963,0.0,0.0,0.0,0.055895
2023-11-28,300ETF,Future (IF88 (CSI 300 Futures)),rank,-0.4919,1.4,0.0,0,0.000966,0.0,0.0,0.0,0.055895
2023-11-29,300ETF,Future (IF88 (CSI 300 Futures)),rank,-0.9709,1.4,0.0,0,-0.004059,-0.0,0.0,-0.0,0.055895
2023-11-30,300ETF,Future (IF88 (CSI 300 Futures)),rank,0.1119,1.4,0.0,0,0.002343,0.0,0.0,0.0,0.055895
2023-12-01,300ETF,Future (IF88 (CSI 300 Futures)),rank,-1.1326,1.4,0.0,0,0.002069,0.0,0.0,0.0,0.055895
2023-12-04,300ETF,Future (IF88 (CSI 300 Futures)),rank,-0.6888,1.4,0.0,0,-0.006911,-0.0,0.0,-0.0,0.055895
2023-12-05,300ETF,Future (IF88 (CSI 300 Futures)),rank,-0.9502,1.4,0.0,0,-0.009122,-0.0,0.0,-0.0,0.055895
2023-12-06,300ETF,Future (IF88 (CSI 300 Futures)),rank,-0.1792,1.4,0.0,0,0.001296,0.0,0.0,0.0,0.055895
2023-12-07,300ETF,Future (IF88 (CSI 300 Futures)),rank,-0.7594,1.4,0.0,0,0.007515,0.0,0.0,0.0,0.055895
2023-12-08,300ETF,Future (IF88 (CSI 300 Futures)),rank,0.2654,1.4,0.0,0,0.002773,0.0,0.0,0.0,0.055895
2023-12-11,300ETF,Future (IF88 (CSI 300 Futures)),rank,-1.2529,1.4,0.0,0,0.023592,0.0,0.0,0.0,0.055895
2023-12-12,300ETF,Future (IF88 (CSI 300 Futures)),rank,0.0842,1.4,0.0,0,0.002339,0.0,0.0,0.0,0.055895
2023-12-13,300ETF,Future (IF88 (CSI 300 Futures)),rank,-1.0078,1.4,0.0,0,-0.007253,-0.0,0.0,-0.0,0.055895
2023-12-14,300ETF,Future (IF88 (CSI 300 Futures)),rank,0.5391,1.4,0.0,0,-0.005279,-0.0,0.0,-0.0,0.055895
2023-12-15,300ETF,Future (IF88 (CSI 300 Futures)),rank,0.3951,1.4,0.0,0,-0.007407,-0.0,0.0,-0.0,0.055895
2023-12-18,300ETF,Future (IF88 (CSI 300 Futures)),rank,0.1412,1.4,0.0,0,-0.002877,-0.0,0.0,-0.0,0.055895
2023-12-19,300ETF,Future (IF88 (CSI 300 Futures)),rank,-0.7599,1.4,0.0,0,-0.002044,-0.0,0.0,-0.0,0.055895
2023-12-20,300ETF,Future (IF88 (CSI 300 Futures)),rank,-0.2903,1.4,0.0,0,-0.00739,-0.0,0.0,-0.0,0.055895
2023-12-21,300ETF,Future (IF88 (CSI 300 Futures)),rank,0.7819,1.4,0.0,0,0.009545,0.0,0.0,0.0,0.055895
2023-12-22,300ETF,Future (IF88 (CSI 300 Futures)),rank,-0.4301,1.4,0.0,0,0.004915,0.0,0.0,0.0,0.055895
2023-12-25,300ETF,Future (IF88 (CSI 300 Futures)),rank,0.5044,1.4,0.0,0,0.000477,0.0,0.0,0.0,0.055895
2023-12-26,300ETF,Future (IF88 (CSI 300 Futures)),rank,-0.8759,1.4,0.0,0,-0.002338,-0.0,0.0,-0.0,0.055895
2023-12-27,300ETF,Future (IF88 (CSI 300 Futures)),rank,-0.3213,1.4,0.0,0,0.00852,0.0,0.0,0.0,0.055895
2023-12-28,300ETF,Future (IF88 (CSI 300 Futures)),rank,1.6864,1.4,1.0,1,0.0141,0.0141,0.0008,0.0133,0.069196
2023-12-29,300ETF,Future (IF88 (CSI 300 Futures)),rank,0.4798,1.4,0.0,0,-0.001686,-0.0,0.0008,-0.0008,0.068396
2024-01-02,300ETF,Future (IF88 (CSI 300 Futures)),rank,-1.1646,1.4,0.0,0,-0.004991,-0.0,0.0,-0.0,0.068396
2024-01-03,300ETF,Future (IF88 (CSI 300 Futures)),rank,0.2187,1.4,0.0,0,-0.001417,-0.0,0.0,-0.0,0.068396
2024-01-04,300ETF,Future (IF88 (CSI 300 Futures)),rank,-0.8769,1.4,0.0,0,-0.00179,-0.0,0.0,-0.0,0.068396
2024-01-05,300ETF,Future (IF88 (CSI 300 Futures)),rank,0.7529,1.4,0.0,0,-0.010469,-0.0,0.0,-0.0,0.068396
2024-01-08,300ETF,Future (IF88 (CSI 300 Futures)),rank,-0.0993,1.4,0.0,0,-0.009278,-0.0,0.0,-0.0,0.068396
2024-01-09,300ETF,Future (IF88 (CSI 300 Futures)),rank,-0.2135,1.4,0.0,0,0.001882,0.0,0.0,0.0,0.068396
2024-01-10,300ETF,Future (IF88 (CSI 300 Futures)),rank,-0.3852,1.4,0.0,0,-0.003954,-0.0,0.0,-0.0,0.068396
2024-01-11,300ETF,Future (IF88 (CSI 300 Futures)),rank,-0.2476,1.4,0.0,0,0.006816,0.0,0.0,0.0,0.068396
2024-01-12,300ETF,Future (IF88 (CSI 300 Futures)),rank,-0.307,1.4,0.0,0,-0.00085,-0.0,0.0,-0.0,0.068396
2024-01-15,300ETF,Future (IF88 (CSI 300 Futures)),rank,-0.6084,1.4,0.0,0,0.001585,0.0,0.0,0.0,0.068396
2024-01-16,300ETF,Future (IF88 (CSI 300 Futures)),rank,0.6017,1.4,0.0,0,-0.001581,-0.0,0.0,-0.0,0.068396
2024-01-17,300ETF,Future (IF88 (CSI 300 Futures)),rank,-0.8533,1.4,0.0,0,-0.006623,-0.0,0.0,-0.0,0.068396
2024-01-18,300ETF,Future (IF88 (CSI 300 Futures)),rank,-0.5601,1.4,0.0,0,-0.000746,-0.0,0.0,-0.0,0.068396
2024-01-19,300ETF,Future (IF88 (CSI 300 Futures)),rank,0.2689,1.4,0.0,0,-0.003632,-0.0,0.0,-0.0,0.068396
2024-01-22,300ETF,Future (IF88 (CSI 300 Futures)),rank,-0.287,1.4,0.0,0,-0.015666,-0.0,0.0,-0.0,0.068396
2024-01-23,300ETF,Future (IF88 (CSI 300 Futures)),rank,-0.3784,1.4,0.0,0,0.010088,0.0,0.0,0.0,0.068396
2024-01-24,300ETF,Future (IF88 (CSI 300 Futures)),rank,-0.1736,1.4,0.0,0,0.008534,0.0,0.0,0.0,0.068396
2024-01-25,300ETF,Future (IF88 (CSI 300 Futures)),rank,0.4105,1.4,0.0,0,0.018394,0.0,0.0,0.0,0.068396
2024-01-26,300ETF,Future (IF88 (CSI 300 Futures)),rank,0.0544,1.4,0.0,0,0.001022,0.0,0.0,0.0,0.068396
2024-01-29,300ETF,Future (IF88 (CSI 300 Futures)),rank,0.5495,1.4,0.0,0,-0.005172,-0.0,0.0,-0.0,0.068396
2024-01-30,300ETF,Future (IF88 (CSI 300 Futures)),rank,-0.5971,1.4,0.0,0,-0.004601,-0.0,0.0,-0.0,0.068396
2024-01-31,300ETF,Future (IF88 (CSI 300 Futures)),rank,0.2396,1.4,0.0,0,-0.002606,-0.0,0.0,-0.0,0.068396
2024-02-01,300ETF,Future (IF88 (CSI 300 Futures)),rank,-0.299,1.4,0.0,0,0.00725,0.0,0.0,0.0,0.068396
2024-02-02,300ETF,Future (IF88 (CSI 300 Futures)),rank,0.2981,1.4,0.0,0,-0.015813,-0.0,0.0,-0.0,0.068396
2024-02-05,300ETF,Future (IF88 (CSI 300 Futures)),rank,0.07,1.4,0.0,0,0.006857,0.0,0.0,0.0,0.068396
2024-02-06,300ETF,Future (IF88 (CSI 300 Futures)),rank,2.2665,1.4,1.0,1,0.020303,0.020303,0.0008,0.019503,0.087899
2024-02-07,300ETF,Future (IF88 (CSI 300 Futures)),rank,0.4372,1.4,0.0,0,-0.00297,-0.0,0.0008,-0.0008,0.087099
2024-02-08,300ETF,Future (IF88 (CSI 300 Futures)),rank,0.6269,1.4,0.0,0,0.000958,0.0,0.0,0.0,0.087099
2024-02-19,300ETF,Future (IF88 (CSI 300 Futures)),rank,-0.9095,1.4,0.0,0,0.003264,0.0,0.0,0.0,0.087099
2024-02-20,300ETF,Future (IF88 (CSI 300 Futures)),rank,-0.8092,1.4,0.0,0,0.006452,0.0,0.0,0.0,0.087099
2024-02-21,300ETF,Future (IF88 (CSI 300 Futures)),rank,-0.0018,1.4,0.0,0,0.022683,0.0,0.0,0.0,0.087099
2024-02-22,300ETF,Future (IF88 (CSI 300 Futures)),rank,0.8904,1.4,0.0,0,0.003913,0.0,0.0,0.0,0.087099
2024-02-23,300ETF,Future (IF88 (CSI 300 Futures)),rank,0.1425,1.4,0.0,0,-0.000572,-0.0,0.0,-0.0,0.087099
2024-02-26,300ETF,Future (IF88 (CSI 300 Futures)),rank,-0.1533,1.4,0.0,0,-0.003291,-0.0,0.0,-0.0,0.087099
2024-02-27,300ETF,Future (IF88 (CSI 300 Futures)),rank,0.2126,1.4,0.0,0,0.009504,0.0,0.0,0.0,0.087099
2024-02-28,300ETF,Future (IF88 (CSI 300 Futures)),rank,-0.3951,1.4,0.0,0,-0.006804,-0.0,0.0,-0.0,0.087099
2024-02-29,300ETF,Future (IF88 (CSI 300 Futures)),rank,1.3727,1.4,0.0,0,0.008012,0.0,0.0,0.0,0.087099
2024-03-01,300ETF,Future (IF88 (CSI 300 Futures)),rank,0.1014,1.4,0.0,0,0.006913,0.0,0.0,0.0,0.087099
2024-03-04,300ETF,Future (IF88 (CSI 300 Futures)),rank,0.0452,1.4,0.0,0,-0.000735,-0.0,0.0,-0.0,0.087099
2024-03-05,300ETF,Future (IF88 (CSI 300 Futures)),rank,0.4532,1.4,0.0,0,0.003834,0.0,0.0,0.0,0.087099
2024-03-06,300ETF,Future (IF88 (CSI 300 Futures)),rank,-0.28,1.4,0.0,0,0.003721,0.0,0.0,0.0,0.087099
2024-03-07,300ETF,Future (IF88 (CSI 300 Futures)),rank,0.6475,1.4,0.0,0,-0.009427,-0.0,0.0,-0.0,0.087099
2024-03-08,300ETF,Future (IF88 (CSI 300 Futures)),rank,0.536,1.4,0.0,0,0.002825,0.0,0.0,0.0,0.087099
2024-03-11,300ETF,Future (IF88 (CSI 300 Futures)),rank,0.5494,1.4,0.0,0,0.010387,0.0,0.0,0.0,0.087099
2024-03-12,300ETF,Future (IF88 (CSI 300 Futures)),rank,-0.1624,1.4,0.0,0,-0.00272,-0.0,0.0,-0.0,0.087099
2024-03-13,300ETF,Future (IF88 (CSI 300 Futures)),rank,-0.7316,1.4,0.0,0,-0.002569,-0.0,0.0,-0.0,0.087099
2024-03-14,300ETF,Future (IF88 (CSI 300 Futures)),rank,1.0595,1.4,0.0,0,-0.009661,-0.0,0.0,-0.0,0.087099
2024-03-15,300ETF,Future (IF88 (CSI 300 Futures)),rank,-0.045,1.4,0.0,0,0.006127,0.0,0.0,0.0,0.087099
2024-03-18,300ETF,Future (IF88 (CSI 300 Futures)),rank,0.3995,1.4,0.0,0,-0.000111,-0.0,0.0,-0.0,0.087099
2024-03-19,300ETF,Future (IF88 (CSI 300 Futures)),rank,-0.3131,1.4,0.0,0,-0.007018,-0.0,0.0,-0.0,0.087099
2024-03-20,300ETF,Future (IF88 (CSI 300 Futures)),rank,0.0318,1.4,0.0,0,0.0,0.0,0.0,0.0,0.087099
2024-03-21,300ETF,Future (IF88 (CSI 300 Futures)),rank,-0.1225,1.4,0.0,0,-0.002944,-0.0,0.0,-0.0,0.087099
2024-03-22,300ETF,Future (IF88 (CSI 300 Futures)),rank,-0.5916,1.4,0.0,0,-0.002201,-0.0,0.0,-0.0,0.087099
2024-03-25,300ETF,Future (IF88 (CSI 300 Futures)),rank,-0.3434,1.4,0.0,0,5.7e-05,0.0,0.0,0.0,0.087099
2024-03-26,300ETF,Future (IF88 (CSI 300 Futures)),rank,0.5859,1.4,0.0,0,0.001693,0.0,0.0,0.0,0.087099
2024-03-27,300ETF,Future (IF88 (CSI 300 Futures)),rank,-0.805,1.4,0.0,0,-0.00255,-0.0,0.0,-0.0,0.087099
2024-03-28,300ETF,Future (IF88 (CSI 300 Futures)),rank,-0.2755,1.4,0.0,0,0.003821,0.0,0.0,0.0,0.087099
2024-03-29,300ETF,Future (IF88 (CSI 300 Futures)),rank,0.7584,1.4,0.0,0,-0.001583,-0.0,0.0,-0.0,0.087099
2024-04-01,300ETF,Future (IF88 (CSI 300 Futures)),rank,1.7577,1.4,1.0,1,0.001278,0.001278,0.0008,0.000478,0.087577
2024-04-02,300ETF,Future (IF88 (CSI 300 Futures)),rank,-0.2816,1.4,0.0,0,-0.005014,-0.0,0.0008,-0.0008,0.086777
2024-04-03,300ETF,Future (IF88 (CSI 300 Futures)),rank,-0.5982,1.4,0.0,0,-0.001959,-0.0,0.0,-0.0,0.086777
2024-04-08,300ETF,Future (IF88 (CSI 300 Futures)),rank,-0.8546,1.4,0.0,0,-0.003717,-0.0,0.0,-0.0,0.086777
2024-04-09,300ETF,Future (IF88 (CSI 300 Futures)),rank,0.0101,1.4,0.0,0,0.00249,0.0,0.0,0.0,0.086777
2024-04-10,300ETF,Future (IF88 (CSI 300 Futures)),rank,-0.5273,1.4,0.0,0,-0.005507,-0.0,0.0,-0.0,0.086777
2024-04-11,300ETF,Future (IF88 (CSI 300 Futures)),rank,-0.2174,1.4,0.0,0,0.00297,0.0,0.0,0.0,0.086777
2024-04-12,300ETF,Future (IF88 (CSI 300 Futures)),rank,0.2525,1.4,0.0,0,-0.006699,-0.0,0.0,-0.0,0.086777
2024-04-15,300ETF,Future (IF88 (CSI 300 Futures)),rank,1.7401,1.4,1.0,1,0.007383,0.007383,0.0008,0.006583,0.093359
2024-04-16,300ETF,Future (IF88 (CSI 300 Futures)),rank,-0.174,1.4,0.0,0,-0.006698,-0.0,0.0008,-0.0008,0.092559
2024-04-17,300ETF,Future (IF88 (CSI 300 Futures)),rank,0.2058,1.4,0.0,0,0.010109,0.0,0.0,0.0,0.092559
2024-04-18,300ETF,Future (IF88 (CSI 300 Futures)),rank,-0.0349,1.4,0.0,0,0.005437,0.0,0.0,0.0,0.092559
2024-04-19,300ETF,Future (IF88 (CSI 300 Futures)),rank,-0.4999,1.4,0.0,0,-0.005979,-0.0,0.0,-0.0,0.092559
2024-04-22,300ETF,Future (IF88 (CSI 300 Futures)),rank,0.6207,1.4,0.0,0,-0.008239,-0.0,0.0,-0.0,0.092559
2024-04-23,300ETF,Future (IF88 (CSI 300 Futures)),rank,-0.3509,1.4,0.0,0,5.7e-05,0.0,0.0,0.0,0.092559
2024-04-24,300ETF,Future (IF88 (CSI 300 Futures)),rank,-0.8198,1.4,0.0,0,0.005471,0.0,0.0,0.0,0.092559
2024-04-25,300ETF,Future (IF88 (CSI 300 Futures)),rank,-0.5706,1.4,0.0,0,0.005282,0.0,0.0,0.0,0.092559
2024-04-26,300ETF,Future (IF88 (CSI 300 Futures)),rank,1.2091,1.4,0.0,0,0.010911,0.0,0.0,0.0,0.092559
2024-04-29,300ETF,Future (IF88 (CSI 300 Futures)),rank,0.3335,1.4,0.0,0,0.009098,0.0,0.0,0.0,0.092559
2024-04-30,300ETF,Future (IF88 (CSI 300 Futures)),rank,-0.3841,1.4,0.0,0,-0.002427,-0.0,0.0,-0.0,0.092559
2024-05-06,300ETF,Future (IF88 (CSI 300 Futures)),rank,0.0225,1.4,0.0,0,-0.003284,-0.0,0.0,-0.0,0.092559
2024-05-07,300ETF,Future (IF88 (CSI 300 Futures)),rank,-0.3513,1.4,0.0,0,-0.002468,-0.0,0.0,-0.0,0.092559
2024-05-08,300ETF,Future (IF88 (CSI 300 Futures)),rank,-0.9176,1.4,0.0,0,-0.004028,-0.0,0.0,-0.0,0.092559
2024-05-09,300ETF,Future (IF88 (CSI 300 Futures)),rank,0.9339,1.4,0.0,0,0.002248,0.0,0.0,0.0,0.092559
2024-05-10,300ETF,Future (IF88 (CSI 300 Futures)),rank,-0.1504,1.4,0.0,0,0.004282,0.0,0.0,0.0,0.092559
2024-05-13,300ETF,Future (IF88 (CSI 300 Futures)),rank,-0.8082,1.4,0.0,0,0.004734,0.0,0.0,0.0,0.092559
2024-05-14,300ETF,Future (IF88 (CSI 300 Futures)),rank,0.0864,1.4,0.0,0,0.00011,0.0,0.0,0.0,0.092559
2024-05-15,300ETF,Future (IF88 (CSI 300 Futures)),rank,-0.5845,1.4,0.0,0,-0.003255,-0.0,0.0,-0.0,0.092559
2024-05-16,300ETF,Future (IF88 (CSI 300 Futures)),rank,-0.3756,1.4,0.0,0,-0.002043,-0.0,0.0,-0.0,0.092559
2024-05-17,300ETF,Future (IF88 (CSI 300 Futures)),rank,-0.0288,1.4,0.0,0,0.002249,0.0,0.0,0.0,0.092559
2024-05-20,300ETF,Future (IF88 (CSI 300 Futures)),rank,0.9649,1.4,0.0,0,-0.004074,-0.0,0.0,-0.0,0.092559
2024-05-21,300ETF,Future (IF88 (CSI 300 Futures)),rank,-0.5309,1.4,0.0,0,-0.001967,-0.0,0.0,-0.0,0.092559
2024-05-22,300ETF,Future (IF88 (CSI 300 Futures)),rank,-0.1198,1.4,0.0,0,0.000764,0.0,0.0,0.0,0.092559
2024-05-23,300ETF,Future (IF88 (CSI 300 Futures)),rank,-0.9468,1.4,0.0,0,-0.003858,-0.0,0.0,-0.0,0.092559
2024-05-24,300ETF,Future (IF88 (CSI 300 Futures)),rank,0.3909,1.4,0.0,0,-0.009911,-0.0,0.0,-0.0,0.092559
2024-05-27,300ETF,Future (IF88 (CSI 300 Futures)),rank,0.2286,1.4,0.0,0,0.003935,0.0,0.0,0.0,0.092559
2024-05-28,300ETF,Future (IF88 (CSI 300 Futures)),rank,-0.4615,1.4,0.0,0,-0.005054,-0.0,0.0,-0.0,0.092559
2024-05-29,300ETF,Future (IF88 (CSI 300 Futures)),rank,0.7763,1.4,0.0,0,-0.003047,-0.0,0.0,-0.0,0.092559
2024-05-30,300ETF,Future (IF88 (CSI 300 Futures)),rank,0.089,1.4,0.0,0,-0.007671,-0.0,0.0,-0.0,0.092559
2024-05-31,300ETF,Future (IF88 (CSI 300 Futures)),rank,0.1573,1.4,0.0,0,-0.008472,-0.0,0.0,-0.0,0.092559
2024-06-03,300ETF,Future (IF88 (CSI 300 Futures)),rank,-0.5387,1.4,0.0,0,-0.005326,-0.0,0.0,-0.0,0.092559
2024-06-04,300ETF,Future (IF88 (CSI 300 Futures)),rank,-0.0692,1.4,0.0,0,0.006841,0.0,0.0,0.0,0.092559
2024-06-05,300ETF,Future (IF88 (CSI 300 Futures)),rank,0.168,1.4,0.0,0,-0.005893,-0.0,0.0,-0.0,0.092559
2024-06-06,300ETF,Future (IF88 (CSI 300 Futures)),rank,0.408,1.4,0.0,0,-0.004967,-0.0,0.0,-0.0,0.092559
2024-06-07,300ETF,Future (IF88 (CSI 300 Futures)),rank,-0.1048,1.4,0.0,0,-0.005936,-0.0,0.0,-0.0,0.092559
2024-06-11,300ETF,Future (IF88 (CSI 300 Futures)),rank,-0.7285,1.4,0.0,0,0.001189,0.0,0.0,0.0,0.092559
2024-06-12,300ETF,Future (IF88 (CSI 300 Futures)),rank,0.077,1.4,0.0,0,-0.00034,-0.0,0.0,-0.0,0.092559
2024-06-13,300ETF,Future (IF88 (CSI 300 Futures)),rank,-0.9014,1.4,0.0,0,-0.006648,-0.0,0.0,-0.0,0.092559
2024-06-14,300ETF,Future (IF88 (CSI 300 Futures)),rank,-0.4715,1.4,0.0,0,0.005788,0.0,0.0,0.0,0.092559
2024-06-17,300ETF,Future (IF88 (CSI 300 Futures)),rank,-0.3428,1.4,0.0,0,-0.000566,-0.0,0.0,-0.0,0.092559
2024-06-18,300ETF,Future (IF88 (CSI 300 Futures)),rank,0.1958,1.4,0.0,0,-0.000962,-0.0,0.0,-0.0,0.092559
2024-06-19,300ETF,Future (IF88 (CSI 300 Futures)),rank,-1.0462,1.4,0.0,0,-0.000964,-0.0,0.0,-0.0,0.092559
2024-06-20,300ETF,Future (IF88 (CSI 300 Futures)),rank,-0.032,1.4,0.0,0,-0.002111,-0.0,0.0,-0.0,0.092559
2024-06-21,300ETF,Future (IF88 (CSI 300 Futures)),rank,-0.4433,1.4,0.0,0,-0.002019,-0.0,0.0,-0.0,0.092559
2024-06-24,300ETF,Future (IF88 (CSI 300 Futures)),rank,-0.612,1.4,0.0,0,0.002256,0.0,0.0,0.0,0.092559
2024-06-25,300ETF,Future (IF88 (CSI 300 Futures)),rank,-0.059,1.4,0.0,0,-0.006448,-0.0,0.0,-0.0,0.092559
2024-06-26,300ETF,Future (IF88 (CSI 300 Futures)),rank,-0.3855,1.4,0.0,0,0.009242,0.0,0.0,0.0,0.092559
2024-06-27,300ETF,Future (IF88 (CSI 300 Futures)),rank,-1.08,1.4,0.0,0,0.001808,0.0,0.0,0.0,0.092559
2024-06-28,300ETF,Future (IF88 (CSI 300 Futures)),rank,1.0874,1.4,0.0,0,-0.005515,-0.0,0.0,-0.0,0.092559
2024-07-01,300ETF,Future (IF88 (CSI 300 Futures)),rank,-0.0866,1.4,0.0,0,0.005056,0.0,0.0,0.0,0.092559
2024-07-02,300ETF,Future (IF88 (CSI 300 Futures)),rank,0.1155,1.4,0.0,0,-0.004295,-0.0,0.0,-0.0,0.092559
2024-07-03,300ETF,Future (IF88 (CSI 300 Futures)),rank,-0.3058,1.4,0.0,0,0.001397,0.0,0.0,0.0,0.092559
2024-07-04,300ETF,Future (IF88 (CSI 300 Futures)),rank,0.6361,1.4,0.0,0,-0.005708,-0.0,0.0,-0.0,0.092559
2024-07-05,300ETF,Future (IF88 (CSI 300 Futures)),rank,-0.4036,1.4,0.0,0,0.00053,0.0,0.0,0.0,0.092559
2024-07-08,300ETF,Future (IF88 (CSI 300 Futures)),rank,-0.4026,1.4,0.0,0,-0.003188,-0.0,0.0,-0.0,0.092559
2024-07-09,300ETF,Future (IF88 (CSI 300 Futures)),rank,-0.1989,1.4,0.0,0,0.010932,0.0,0.0,0.0,0.092559
2024-07-10,300ETF,Future (IF88 (CSI 300 Futures)),rank,0.347,1.4,0.0,0,-0.003217,-0.0,0.0,-0.0,0.092559
2024-07-11,300ETF,Future (IF88 (CSI 300 Futures)),rank,-0.3606,1.4,0.0,0,0.003015,0.0,0.0,0.0,0.092559
2024-07-12,300ETF,Future (IF88 (CSI 300 Futures)),rank,-0.1088,1.4,0.0,0,0.000693,0.0,0.0,0.0,0.092559
2024-07-15,300ETF,Future (IF88 (CSI 300 Futures)),rank,0.2109,1.4,0.0,0,-0.001443,-0.0,0.0,-0.0,0.092559
2024-07-16,300ETF,Future (IF88 (CSI 300 Futures)),rank,-0.0617,1.4,0.0,0,0.005008,0.0,0.0,0.0,0.092559
2024-07-17,300ETF,Future (IF88 (CSI 300 Futures)),rank,-0.5527,1.4,0.0,0,0.005386,0.0,0.0,0.0,0.092559
2024-07-18,300ETF,Future (IF88 (CSI 300 Futures)),rank,-0.5684,1.4,0.0,0,0.007322,0.0,0.0,0.0,0.092559
2024-07-19,300ETF,Future (IF88 (CSI 300 Futures)),rank,-0.5632,1.4,0.0,0,0.007662,0.0,0.0,0.0,0.092559
2024-07-22,300ETF,Future (IF88 (CSI 300 Futures)),rank,-0.7469,1.4,0.0,0,-0.001145,-0.0,0.0,-0.0,0.092559
2024-07-23,300ETF,Future (IF88 (CSI 300 Futures)),rank,-1.0799,1.4,0.0,0,-0.01163,-0.0,0.0,-0.0,0.092559
2024-07-24,300ETF,Future (IF88 (CSI 300 Futures)),rank,0.4614,1.4,0.0,0,-0.005575,-0.0,0.0,-0.0,0.092559
2024-07-25,300ETF,Future (IF88 (CSI 300 Futures)),rank,-0.2546,1.4,0.0,0,-0.005669,-0.0,0.0,-0.0,0.092559
2024-07-26,300ETF,Future (IF88 (CSI 300 Futures)),rank,0.8205,1.4,0.0,0,-0.004886,-0.0,0.0,-0.0,0.092559
2024-07-29,300ETF,Future (IF88 (CSI 300 Futures)),rank,-0.3887,1.4,0.0,0,-0.002185,-0.0,0.0,-0.0,0.092559
2024-07-30,300ETF,Future (IF88 (CSI 300 Futures)),rank,-1.161,1.4,0.0,0,0.00125,0.0,0.0,0.0,0.092559
2024-07-31,300ETF,Future (IF88 (CSI 300 Futures)),rank,0.8917,1.4,0.0,0,0.015281,0.0,0.0,0.0,0.092559
2024-08-01,300ETF,Future (IF88 (CSI 300 Futures)),rank,-0.2897,1.4,0.0,0,-0.006363,-0.0,0.0,-0.0,0.092559
2024-08-02,300ETF,Future (IF88 (CSI 300 Futures)),rank,0.0911,1.4,0.0,0,-0.00837,-0.0,0.0,-0.0,0.092559
2024-08-05,300ETF,Future (IF88 (CSI 300 Futures)),rank,1.2658,1.4,0.0,0,-0.011612,-0.0,0.0,-0.0,0.092559
2024-08-06,300ETF,Future (IF88 (CSI 300 Futures)),rank,-0.0524,1.4,0.0,0,-0.006665,-0.0,0.0,-0.0,0.092559
2024-08-07,300ETF,Future (IF88 (CSI 300 Futures)),rank,0.5658,1.4,0.0,0,-0.003538,-0.0,0.0,-0.0,0.092559
2024-08-08,300ETF,Future (IF88 (CSI 300 Futures)),rank,-0.631,1.4,0.0,0,0.007099,0.0,0.0,0.0,0.092559
2024-08-09,300ETF,Future (IF88 (CSI 300 Futures)),rank,0.1469,1.4,0.0,0,-0.005819,-0.0,0.0,-0.0,0.092559
2024-08-12,300ETF,Future (IF88 (CSI 300 Futures)),rank,-0.0884,1.4,0.0,0,-0.002709,-0.0,0.0,-0.0,0.092559
2024-08-13,300ETF,Future (IF88 (CSI 300 Futures)),rank,-0.3452,1.4,0.0,0,-0.000846,-0.0,0.0,-0.0,0.092559
2024-08-14,300ETF,Future (IF88 (CSI 300 Futures)),rank,-1.1017,1.4,0.0,0,-0.000907,-0.0,0.0,-0.0,0.092559
2024-08-15,300ETF,Future (IF88 (CSI 300 Futures)),rank,1.1529,1.4,0.0,0,0.001986,0.0,0.0,0.0,0.092559
2024-08-16,300ETF,Future (IF88 (CSI 300 Futures)),rank,-0.1649,1.4,0.0,0,-0.003951,-0.0,0.0,-0.0,0.092559
2024-08-19,300ETF,Future (IF88 (CSI 300 Futures)),rank,1.4008,1.4,1.0,1,-0.006128,-0.006128,0.0008,-0.006928,0.085632
2024-08-20,300ETF,Future (IF88 (CSI 300 Futures)),rank,-0.9127,1.4,0.0,0,-0.004032,-0.0,0.0008,-0.0008,0.084832
2024-08-21,300ETF,Future (IF88 (CSI 300 Futures)),rank,-0.7701,1.4,0.0,0,0.002055,0.0,0.0,0.0,0.084832
2024-08-22,300ETF,Future (IF88 (CSI 300 Futures)),rank,-0.245,1.4,0.0,0,-0.001151,-0.0,0.0,-0.0,0.084832
2024-08-23,300ETF,Future (IF88 (CSI 300 Futures)),rank,0.4123,1.4,0.0,0,0.005493,0.0,0.0,0.0,0.084832
2024-08-26,300ETF,Future (IF88 (CSI 300 Futures)),rank,-0.3004,1.4,0.0,0,-0.000181,-0.0,0.0,-0.0,0.084832
2024-08-27,300ETF,Future (IF88 (CSI 300 Futures)),rank,-0.4707,1.4,0.0,0,-0.001212,-0.0,0.0,-0.0,0.084832
2024-08-28,300ETF,Future (IF88 (CSI 300 Futures)),rank,-0.2809,1.4,0.0,0,-0.001947,-0.0,0.0,-0.0,0.084832
2024-08-29,300ETF,Future (IF88 (CSI 300 Futures)),rank,-0.2409,1.4,0.0,0,0.003845,0.0,0.0,0.0,0.084832
2024-08-30,300ETF,Future (IF88 (CSI 300 Futures)),rank,1.6536,1.4,1.0,1,0.004032,0.004032,0.0008,0.003232,0.088064
2024-09-02,300ETF,Future (IF88 (CSI 300 Futures)),rank,-0.7268,1.4,0.0,0,-0.007626,-0.0,0.0008,-0.0008,0.087264
2024-09-03,300ETF,Future (IF88 (CSI 300 Futures)),rank,-0.0052,1.4,0.0,0,0.001591,0.0,0.0,0.0,0.087264
2024-09-04,300ETF,Future (IF88 (CSI 300 Futures)),rank,-0.5419,1.4,0.0,0,-6.1e-05,-0.0,0.0,-0.0,0.087264
2024-09-05,300ETF,Future (IF88 (CSI 300 Futures)),rank,0.2848,1.4,0.0,0,0.002644,0.0,0.0,0.0,0.087264
2024-09-06,300ETF,Future (IF88 (CSI 300 Futures)),rank,-0.0125,1.4,0.0,0,-0.010324,-0.0,0.0,-0.0,0.087264
2024-09-09,300ETF,Future (IF88 (CSI 300 Futures)),rank,-0.5566,1.4,0.0,0,-0.006388,-0.0,0.0,-0.0,0.087264
2024-09-10,300ETF,Future (IF88 (CSI 300 Futures)),rank,-0.3151,1.4,0.0,0,0.002447,0.0,0.0,0.0,0.087264
2024-09-11,300ETF,Future (IF88 (CSI 300 Futures)),rank,-0.9441,1.4,0.0,0,0.001069,0.0,0.0,0.0,0.087264
2024-09-12,300ETF,Future (IF88 (CSI 300 Futures)),rank,0.5085,1.4,0.0,0,-0.005019,-0.0,0.0,-0.0,0.087264
2024-09-13,300ETF,Future (IF88 (CSI 300 Futures)),rank,0.5246,1.4,0.0,0,-0.008757,-0.0,0.0,-0.0,0.087264
2024-09-18,300ETF,Future (IF88 (CSI 300 Futures)),rank,0.4818,1.4,0.0,0,0.003916,0.0,0.0,0.0,0.087264
2024-09-19,300ETF,Future (IF88 (CSI 300 Futures)),rank,-0.4525,1.4,0.0,0,0.011236,0.0,0.0,0.0,0.087264
2024-09-20,300ETF,Future (IF88 (CSI 300 Futures)),rank,-0.4686,1.4,0.0,0,0.00195,0.0,0.0,0.0,0.087264
2024-09-23,300ETF,Future (IF88 (CSI 300 Futures)),rank,1.0904,1.4,0.0,0,-0.004482,-0.0,0.0,-0.0,0.087264
2024-09-24,300ETF,Future (IF88 (CSI 300 Futures)),rank,0.0057,1.4,0.0,0,0.036945,0.0,0.0,0.0,0.087264
2024-09-25,300ETF,Future (IF88 (CSI 300 Futures)),rank,2.2252,1.4,1.0,1,-0.012834,-0.012834,0.0008,-0.013634,0.07363
2024-09-26,300ETF,Future (IF88 (CSI 300 Futures)),rank,1.0057,1.4,0.0,0,0.030667,0.0,0.0008,-0.0008,0.07283
2024-09-27,300ETF,Future (IF88 (CSI 300 Futures)),rank,1.5696,1.4,1.0,1,0.041525,0.041525,0.0008,0.040725,0.113555
2024-09-30,300ETF,Future (IF88 (CSI 300 Futures)),rank,2.5435,1.4,1.0,1,0.051948,0.051948,0.0,0.051948,0.165503
2024-10-08,300ETF,Future (IF88 (CSI 300 Futures)),rank,-0.1746,1.4,0.0,0,-0.050967,-0.0,0.0008,-0.0008,0.164703
2024-10-09,300ETF,Future (IF88 (CSI 300 Futures)),rank,-1.3203,1.4,-1.0,1,-0.028803,0.028803,0.0008,0.028003,0.192705
2024-10-10,300ETF,Future (IF88 (CSI 300 Futures)),rank,1.4463,1.4,1.0,1,0.010806,0.010806,0.0016,0.009206,0.201911
2024-10-11,300ETF,Future (IF88 (CSI 300 Futures)),rank,-0.8435,1.4,0.0,0,-0.028697,-0.0,0.0008,-0.0008,0.201111
2024-10-14,300ETF,Future (IF88 (CSI 300 Futures)),rank,1.0444,1.4,0.0,0,0.010289,0.0,0.0,0.0,0.201111
2024-10-15,300ETF,Future (IF88 (CSI 300 Futures)),rank,-0.5424,1.4,0.0,0,-0.015621,-0.0,0.0,-0.0,0.201111
2024-10-16,300ETF,Future (IF88 (CSI 300 Futures)),rank,-0.0379,1.4,0.0,0,-0.009728,-0.0,0.0,-0.0,0.201111
2024-10-17,300ETF,Future (IF88 (CSI 300 Futures)),rank,0.2588,1.4,0.0,0,-0.017828,-0.0,0.0,-0.0,0.201111
2024-10-18,300ETF,Future (IF88 (CSI 300 Futures)),rank,0.2994,1.4,0.0,0,0.061175,0.0,0.0,0.0,0.201111
2024-10-21,300ETF,Future (IF88 (CSI 300 Futures)),rank,0.1809,1.4,0.0,0,0.007699,0.0,0.0,0.0,0.201111
2024-10-22,300ETF,Future (IF88 (CSI 300 Futures)),rank,0.687,1.4,0.0,0,-0.000202,-0.0,0.0,-0.0,0.201111
2024-10-23,300ETF,Future (IF88 (CSI 300 Futures)),rank,-0.3643,1.4,0.0,0,0.004788,0.0,0.0,0.0,0.201111
2024-10-24,300ETF,Future (IF88 (CSI 300 Futures)),rank,-0.6284,1.4,0.0,0,-0.003559,-0.0,0.0,-0.0,0.201111
2024-10-25,300ETF,Future (IF88 (CSI 300 Futures)),rank,0.3196,1.4,0.0,0,0.007441,0.0,0.0,0.0,0.201111
2024-10-28,300ETF,Future (IF88 (CSI 300 Futures)),rank,-0.9967,1.4,0.0,0,0.003751,0.0,0.0,0.0,0.201111
2024-10-29,300ETF,Future (IF88 (CSI 300 Futures)),rank,0.6288,1.4,0.0,0,-0.008297,-0.0,0.0,-0.0,0.201111
2024-10-30,300ETF,Future (IF88 (CSI 300 Futures)),rank,-0.0021,1.4,0.0,0,-0.010079,-0.0,0.0,-0.0,0.201111
2024-10-31,300ETF,Future (IF88 (CSI 300 Futures)),rank,-0.7411,1.4,0.0,0,0.00742,0.0,0.0,0.0,0.201111
2024-11-01,300ETF,Future (IF88 (CSI 300 Futures)),rank,1.1505,1.4,0.0,0,-0.002804,-0.0,0.0,-0.0,0.201111
2024-11-04,300ETF,Future (IF88 (CSI 300 Futures)),rank,0.1631,1.4,0.0,0,0.004841,0.0,0.0,0.0,0.201111
2024-11-05,300ETF,Future (IF88 (CSI 300 Futures)),rank,0.0576,1.4,0.0,0,0.019196,0.0,0.0,0.0,0.201111
2024-11-06,300ETF,Future (IF88 (CSI 300 Futures)),rank,0.0278,1.4,0.0,0,-0.006952,-0.0,0.0,-0.0,0.201111
2024-11-07,300ETF,Future (IF88 (CSI 300 Futures)),rank,0.3997,1.4,0.0,0,0.023729,0.0,0.0,0.0,0.201111
2024-11-08,300ETF,Future (IF88 (CSI 300 Futures)),rank,-0.1799,1.4,0.0,0,-0.013387,-0.0,0.0,-0.0,0.201111
2024-11-11,300ETF,Future (IF88 (CSI 300 Futures)),rank,-0.382,1.4,0.0,0,0.008081,0.0,0.0,0.0,0.201111
2024-11-12,300ETF,Future (IF88 (CSI 300 Futures)),rank,1.3367,1.4,0.0,0,-0.023713,-0.0,0.0,-0.0,0.201111
2024-11-13,300ETF,Future (IF88 (CSI 300 Futures)),rank,0.3548,1.4,0.0,0,0.004538,0.0,0.0,0.0,0.201111
2024-11-14,300ETF,Future (IF88 (CSI 300 Futures)),rank,0.0099,1.4,0.0,0,-0.011552,-0.0,0.0,-0.0,0.201111
2024-11-15,300ETF,Future (IF88 (CSI 300 Futures)),rank,0.0091,1.4,0.0,0,-0.004726,-0.0,0.0,-0.0,0.201111
2024-11-18,300ETF,Future (IF88 (CSI 300 Futures)),rank,0.2986,1.4,0.0,0,-0.008863,-0.0,0.0,-0.0,0.201111
2024-11-19,300ETF,Future (IF88 (CSI 300 Futures)),rank,0.4449,1.4,0.0,0,0.000706,0.0,0.0,0.0,0.201111
2024-11-20,300ETF,Future (IF88 (CSI 300 Futures)),rank,-0.3046,1.4,0.0,0,0.005388,0.0,0.0,0.0,0.201111
2024-11-21,300ETF,Future (IF88 (CSI 300 Futures)),rank,-0.0505,1.4,0.0,0,0.002113,0.0,0.0,0.0,0.201111
2024-11-22,300ETF,Future (IF88 (CSI 300 Futures)),rank,-0.2652,1.4,0.0,0,-0.019422,-0.0,0.0,-0.0,0.201111
2024-11-25,300ETF,Future (IF88 (CSI 300 Futures)),rank,0.4489,1.4,0.0,0,-0.007805,-0.0,0.0,-0.0,0.201111
2024-11-26,300ETF,Future (IF88 (CSI 300 Futures)),rank,0.1908,1.4,0.0,0,-0.002294,-0.0,0.0,-0.0,0.201111
2024-11-27,300ETF,Future (IF88 (CSI 300 Futures)),rank,-0.166,1.4,0.0,0,0.021023,0.0,0.0,0.0,0.201111
2024-11-28,300ETF,Future (IF88 (CSI 300 Futures)),rank,-0.3128,1.4,0.0,0,-0.004172,-0.0,0.0,-0.0,0.201111
2024-11-29,300ETF,Future (IF88 (CSI 300 Futures)),rank,1.0558,1.4,0.0,0,0.009639,0.0,0.0,0.0,0.201111
2024-12-02,300ETF,Future (IF88 (CSI 300 Futures)),rank,0.8607,1.4,0.0,0,-0.00335,-0.0,0.0,-0.0,0.201111
2024-12-03,300ETF,Future (IF88 (CSI 300 Futures)),rank,-0.8715,1.4,0.0,0,0.006549,0.0,0.0,0.0,0.201111
2024-12-04,300ETF,Future (IF88 (CSI 300 Futures)),rank,-0.8637,1.4,0.0,0,-0.001428,-0.0,0.0,-0.0,0.201111
2024-12-05,300ETF,Future (IF88 (CSI 300 Futures)),rank,-0.0293,1.4,0.0,0,-0.000102,-0.0,0.0,-0.0,0.201111
2024-12-06,300ETF,Future (IF88 (CSI 300 Futures)),rank,0.3456,1.4,0.0,0,0.014887,0.0,0.0,0.0,0.201111
2024-12-09,300ETF,Future (IF88 (CSI 300 Futures)),rank,-0.1001,1.4,0.0,0,-0.00111,-0.0,0.0,-0.0,0.201111
2024-12-10,300ETF,Future (IF88 (CSI 300 Futures)),rank,-0.1619,1.4,0.0,0,-0.010091,-0.0,0.0,-0.0,0.201111
2024-12-11,300ETF,Future (IF88 (CSI 300 Futures)),rank,0.3038,1.4,0.0,0,-0.0013,-0.0,0.0,-0.0,0.201111
2024-12-12,300ETF,Future (IF88 (CSI 300 Futures)),rank,-0.2874,1.4,0.0,0,0.009566,0.0,0.0,0.0,0.201111
2024-12-13,300ETF,Future (IF88 (CSI 300 Futures)),rank,-1.0999,1.4,0.0,0,-0.00774,-0.0,0.0,-0.0,0.201111
2024-12-16,300ETF,Future (IF88 (CSI 300 Futures)),rank,-0.0421,1.4,0.0,0,-0.005515,-0.0,0.0,-0.0,0.201111
2024-12-17,300ETF,Future (IF88 (CSI 300 Futures)),rank,1.2645,1.4,0.0,0,-0.006254,-0.0,0.0,-0.0,0.201111
2024-12-18,300ETF,Future (IF88 (CSI 300 Futures)),rank,0.8527,1.4,0.0,0,-0.003345,-0.0,0.0,-0.0,0.201111
2024-12-19,300ETF,Future (IF88 (CSI 300 Futures)),rank,-0.2105,1.4,0.0,0,0.003097,0.0,0.0,0.0,0.201111
2024-12-20,300ETF,Future (IF88 (CSI 300 Futures)),rank,-0.383,1.4,0.0,0,-0.002186,-0.0,0.0,-0.0,0.201111
2024-12-23,300ETF,Future (IF88 (CSI 300 Futures)),rank,1.2791,1.4,0.0,0,-0.003701,-0.0,0.0,-0.0,0.201111
2024-12-24,300ETF,Future (IF88 (CSI 300 Futures)),rank,0.6914,1.4,0.0,0,0.004483,0.0,0.0,0.0,0.201111
2024-12-25,300ETF,Future (IF88 (CSI 300 Futures)),rank,-0.054,1.4,0.0,0,-0.006219,-0.0,0.0,-0.0,0.201111
2024-12-26,300ETF,Future (IF88 (CSI 300 Futures)),rank,-0.6539,1.4,0.0,0,0.003261,0.0,0.0,0.0,0.201111
2024-12-27,300ETF,Future (IF88 (CSI 300 Futures)),rank,-0.5401,1.4,0.0,0,0.001858,0.0,0.0,0.0,0.201111
2024-12-30,300ETF,Future (IF88 (CSI 300 Futures)),rank,0.8756,1.4,0.0,0,0.00015,0.0,0.0,0.0,0.201111
2024-12-31,300ETF,Future (IF88 (CSI 300 Futures)),rank,-0.142,1.4,0.0,0,-0.013976,-0.0,0.0,-0.0,0.201111
2025-01-02,300ETF,Future (IF88 (CSI 300 Futures)),rank,-0.7753,1.4,0.0,0,-0.022235,-0.0,0.0,-0.0,0.201111
2025-01-03,300ETF,Future (IF88 (CSI 300 Futures)),rank,-0.3758,1.4,0.0,0,-0.007968,-0.0,0.0,-0.0,0.201111
2025-01-06,300ETF,Future (IF88 (CSI 300 Futures)),rank,-0.1909,1.4,0.0,0,-5.3e-05,-0.0,0.0,-0.0,0.201111
2025-01-07,300ETF,Future (IF88 (CSI 300 Futures)),rank,0.4354,1.4,0.0,0,0.003544,0.0,0.0,0.0,0.201111
2025-01-08,300ETF,Future (IF88 (CSI 300 Futures)),rank,-0.768,1.4,0.0,0,-0.000106,-0.0,0.0,-0.0,0.201111
2025-01-09,300ETF,Future (IF88 (CSI 300 Futures)),rank,-0.4642,1.4,0.0,0,0.001743,0.0,0.0,0.0,0.201111
2025-01-10,300ETF,Future (IF88 (CSI 300 Futures)),rank,-0.2173,1.4,0.0,0,-0.004155,-0.0,0.0,-0.0,0.201111
2025-01-13,300ETF,Future (IF88 (CSI 300 Futures)),rank,0.2246,1.4,0.0,0,-0.003118,-0.0,0.0,-0.0,0.201111
2025-01-14,300ETF,Future (IF88 (CSI 300 Futures)),rank,0.8709,1.4,0.0,0,0.013693,0.0,0.0,0.0,0.201111
2025-01-15,300ETF,Future (IF88 (CSI 300 Futures)),rank,-0.5645,1.4,0.0,0,-0.003315,-0.0,0.0,-0.0,0.201111
2025-01-16,300ETF,Future (IF88 (CSI 300 Futures)),rank,1.4535,1.4,1.0,1,-0.008828,-0.008828,0.0008,-0.009628,0.191484
2025-01-17,300ETF,Future (IF88 (CSI 300 Futures)),rank,-0.1444,1.4,0.0,0,0.004945,0.0,0.0008,-0.0008,0.190684
2025-01-20,300ETF,Future (IF88 (CSI 300 Futures)),rank,1.029,1.4,0.0,0,-0.006719,-0.0,0.0,-0.0,0.190684
2025-01-21,300ETF,Future (IF88 (CSI 300 Futures)),rank,-0.8381,1.4,0.0,0,0.002668,0.0,0.0,0.0,0.190684
2025-01-22,300ETF,Future (IF88 (CSI 300 Futures)),rank,-0.8428,1.4,0.0,0,5.3e-05,0.0,0.0,0.0,0.190684
2025-01-23,300ETF,Future (IF88 (CSI 300 Futures)),rank,0.8639,1.4,0.0,0,-0.010623,-0.0,0.0,-0.0,0.190684
2025-01-24,300ETF,Future (IF88 (CSI 300 Futures)),rank,0.6145,1.4,0.0,0,0.002975,0.0,0.0,0.0,0.190684
2025-01-27,300ETF,Future (IF88 (CSI 300 Futures)),rank,0.4991,1.4,0.0,0,-0.001045,-0.0,0.0,-0.0,0.190684
2025-02-05,300ETF,Future (IF88 (CSI 300 Futures)),rank,-1.0118,1.4,0.0,0,-0.002636,-0.0,0.0,-0.0,0.190684
2025-02-06,300ETF,Future (IF88 (CSI 300 Futures)),rank,0.2057,1.4,0.0,0,0.012566,0.0,0.0,0.0,0.190684
2025-02-07,300ETF,Future (IF88 (CSI 300 Futures)),rank,-0.0967,1.4,0.0,0,0.002016,0.0,0.0,0.0,0.190684
2025-02-10,300ETF,Future (IF88 (CSI 300 Futures)),rank,-0.6338,1.4,0.0,0,-0.000872,-0.0,0.0,-0.0,0.190684
2025-02-11,300ETF,Future (IF88 (CSI 300 Futures)),rank,-0.9742,1.4,0.0,0,-0.000979,-0.0,0.0,-0.0,0.190684
2025-02-12,300ETF,Future (IF88 (CSI 300 Futures)),rank,-0.1027,1.4,0.0,0,0.000617,0.0,0.0,0.0,0.190684
2025-02-13,300ETF,Future (IF88 (CSI 300 Futures)),rank,-0.0581,1.4,0.0,0,-0.001174,-0.0,0.0,-0.0,0.190684
2025-02-14,300ETF,Future (IF88 (CSI 300 Futures)),rank,0.3226,1.4,0.0,0,0.007239,0.0,0.0,0.0,0.190684
2025-02-17,300ETF,Future (IF88 (CSI 300 Futures)),rank,-0.2951,1.4,0.0,0,0.0,0.0,0.0,0.0,0.190684
2025-02-18,300ETF,Future (IF88 (CSI 300 Futures)),rank,-0.259,1.4,0.0,0,-0.010301,-0.0,0.0,-0.0,0.190684
2025-02-19,300ETF,Future (IF88 (CSI 300 Futures)),rank,0.0125,1.4,0.0,0,0.004783,0.0,0.0,0.0,0.190684
2025-02-20,300ETF,Future (IF88 (CSI 300 Futures)),rank,-0.5745,1.4,0.0,0,0.002188,0.0,0.0,0.0,0.190684
2025-02-21,300ETF,Future (IF88 (CSI 300 Futures)),rank,0.3069,1.4,0.0,0,0.015009,0.0,0.0,0.0,0.190684
2025-02-24,300ETF,Future (IF88 (CSI 300 Futures)),rank,0.2525,1.4,0.0,0,-0.003624,-0.0,0.0,-0.0,0.190684
2025-02-25,300ETF,Future (IF88 (CSI 300 Futures)),rank,-0.8247,1.4,0.0,0,-0.004428,-0.0,0.0,-0.0,0.190684
2025-02-26,300ETF,Future (IF88 (CSI 300 Futures)),rank,0.5827,1.4,0.0,0,0.002433,0.0,0.0,0.0,0.190684
2025-02-27,300ETF,Future (IF88 (CSI 300 Futures)),rank,0.1988,1.4,0.0,0,0.001466,0.0,0.0,0.0,0.190684
2025-02-28,300ETF,Future (IF88 (CSI 300 Futures)),rank,-0.0585,1.4,0.0,0,-0.013429,-0.0,0.0,-0.0,0.190684
2025-03-03,300ETF,Future (IF88 (CSI 300 Futures)),rank,-0.0784,1.4,0.0,0,-0.007755,-0.0,0.0,-0.0,0.190684
2025-03-04,300ETF,Future (IF88 (CSI 300 Futures)),rank,-0.5306,1.4,0.0,0,0.003199,0.0,0.0,0.0,0.190684
2025-03-05,300ETF,Future (IF88 (CSI 300 Futures)),rank,-0.039,1.4,0.0,0,0.004117,0.0,0.0,0.0,0.190684
2025-03-06,300ETF,Future (IF88 (CSI 300 Futures)),rank,-0.1266,1.4,0.0,0,0.006882,0.0,0.0,0.0,0.190684
2025-03-07,300ETF,Future (IF88 (CSI 300 Futures)),rank,-0.4578,1.4,0.0,0,-0.000609,-0.0,0.0,-0.0,0.190684
2025-03-10,300ETF,Future (IF88 (CSI 300 Futures)),rank,-0.4151,1.4,0.0,0,0.002349,0.0,0.0,0.0,0.190684
2025-03-11,300ETF,Future (IF88 (CSI 300 Futures)),rank,-0.4537,1.4,0.0,0,0.001942,0.0,0.0,0.0,0.190684
2025-03-12,300ETF,Future (IF88 (CSI 300 Futures)),rank,-0.9204,1.4,0.0,0,-0.000305,-0.0,0.0,-0.0,0.190684
2025-03-13,300ETF,Future (IF88 (CSI 300 Futures)),rank,0.2579,1.4,0.0,0,-0.001431,-0.0,0.0,-0.0,0.190684
2025-03-14,300ETF,Future (IF88 (CSI 300 Futures)),rank,1.7435,1.4,1.0,1,0.010287,0.010287,0.0008,0.009487,0.200171
2025-03-17,300ETF,Future (IF88 (CSI 300 Futures)),rank,-0.3322,1.4,0.0,0,-0.001351,-0.0,0.0008,-0.0008,0.199371
2025-03-18,300ETF,Future (IF88 (CSI 300 Futures)),rank,-0.5605,1.4,0.0,0,-0.001097,-0.0,0.0,-0.0,0.199371
2025-03-19,300ETF,Future (IF88 (CSI 300 Futures)),rank,-0.2851,1.4,0.0,0,0.003851,0.0,0.0,0.0,0.199371
2025-03-20,300ETF,Future (IF88 (CSI 300 Futures)),rank,-0.8188,1.4,0.0,0,0.000101,0.0,0.0,0.0,0.199371
2025-03-21,300ETF,Future (IF88 (CSI 300 Futures)),rank,0.1594,1.4,0.0,0,-0.015592,-0.0,0.0,-0.0,0.199371
2025-03-24,300ETF,Future (IF88 (CSI 300 Futures)),rank,0.2619,1.4,0.0,0,0.000765,0.0,0.0,0.0,0.199371
2025-03-25,300ETF,Future (IF88 (CSI 300 Futures)),rank,-0.1272,1.4,0.0,0,0.000713,0.0,0.0,0.0,0.199371
2025-03-26,300ETF,Future (IF88 (CSI 300 Futures)),rank,0.1521,1.4,0.0,0,-0.00606,-0.0,0.0,-0.0,0.199371
2025-03-27,300ETF,Future (IF88 (CSI 300 Futures)),rank,0.0059,1.4,0.0,0,0.001783,0.0,0.0,0.0,0.199371
2025-03-28,300ETF,Future (IF88 (CSI 300 Futures)),rank,-0.4963,1.4,0.0,0,-0.000153,-0.0,0.0,-0.0,0.199371
2025-03-31,300ETF,Future (IF88 (CSI 300 Futures)),rank,0.0892,1.4,0.0,0,-0.008515,-0.0,0.0,-0.0,0.199371
2025-04-01,300ETF,Future (IF88 (CSI 300 Futures)),rank,-0.2798,1.4,0.0,0,-0.001441,-0.0,0.0,-0.0,0.199371
2025-04-02,300ETF,Future (IF88 (CSI 300 Futures)),rank,0.0208,1.4,0.0,0,-0.003501,-0.0,0.0,-0.0,0.199371
2025-04-03,300ETF,Future (IF88 (CSI 300 Futures)),rank,-0.0661,1.4,0.0,0,-0.003724,-0.0,0.0,-0.0,0.199371
2025-04-07,300ETF,Future (IF88 (CSI 300 Futures)),rank,-1.936,1.4,-1.0,1,-0.037154,0.037154,0.0008,0.036354,0.235725
2025-04-08,300ETF,Future (IF88 (CSI 300 Futures)),rank,0.5801,1.4,0.0,0,-0.004296,-0.0,0.0008,-0.0008,0.234925
2025-04-09,300ETF,Future (IF88 (CSI 300 Futures)),rank,-0.8063,1.4,0.0,0,0.021168,0.0,0.0,0.0,0.234925
2025-04-10,300ETF,Future (IF88 (CSI 300 Futures)),rank,-0.21,1.4,0.0,0,-0.007286,-0.0,0.0,-0.0,0.234925
2025-04-11,300ETF,Future (IF88 (CSI 300 Futures)),rank,-0.5497,1.4,0.0,0,0.007466,0.0,0.0,0.0,0.234925
2025-04-14,300ETF,Future (IF88 (CSI 300 Futures)),rank,-0.3936,1.4,0.0,0,-0.001865,-0.0,0.0,-0.0,0.234925
2025-04-15,300ETF,Future (IF88 (CSI 300 Futures)),rank,-0.8597,1.4,0.0,0,0.002841,0.0,0.0,0.0,0.234925
2025-04-16,300ETF,Future (IF88 (CSI 300 Futures)),rank,-0.9711,1.4,0.0,0,0.001287,0.0,0.0,0.0,0.234925
2025-04-17,300ETF,Future (IF88 (CSI 300 Futures)),rank,-0.222,1.4,0.0,0,0.000691,0.0,0.0,0.0,0.234925
2025-04-18,300ETF,Future (IF88 (CSI 300 Futures)),rank,-0.471,1.4,0.0,0,0.002784,0.0,0.0,0.0,0.234925
2025-04-21,300ETF,Future (IF88 (CSI 300 Futures)),rank,0.5919,1.4,0.0,0,0.002178,0.0,0.0,0.0,0.234925
2025-04-22,300ETF,Future (IF88 (CSI 300 Futures)),rank,0.1249,1.4,0.0,0,-0.000531,-0.0,0.0,-0.0,0.234925
2025-04-23,300ETF,Future (IF88 (CSI 300 Futures)),rank,-0.5317,1.4,0.0,0,0.001062,0.0,0.0,0.0,0.234925
2025-04-24,300ETF,Future (IF88 (CSI 300 Futures)),rank,0.3406,1.4,0.0,0,-0.001907,-0.0,0.0,-0.0,0.234925
2025-04-25,300ETF,Future (IF88 (CSI 300 Futures)),rank,-0.2398,1.4,0.0,0,-0.000583,-0.0,0.0,-0.0,0.234925
2025-04-28,300ETF,Future (IF88 (CSI 300 Futures)),rank,-0.8877,1.4,0.0,0,0.001968,0.0,0.0,0.0,0.234925
2025-04-29,300ETF,Future (IF88 (CSI 300 Futures)),rank,-0.6814,1.4,0.0,0,-0.000692,-0.0,0.0,-0.0,0.234925
2025-04-30,300ETF,Future (IF88 (CSI 300 Futures)),rank,-0.0157,1.4,0.0,0,0.000372,0.0,0.0,0.0,0.234925
2025-05-06,300ETF,Future (IF88 (CSI 300 Futures)),rank,-0.5242,1.4,0.0,0,0.002553,0.0,0.0,0.0,0.234925
2025-05-07,300ETF,Future (IF88 (CSI 300 Futures)),rank,-0.5514,1.4,0.0,0,-0.004175,-0.0,0.0,-0.0,0.234925
2025-05-08,300ETF,Future (IF88 (CSI 300 Futures)),rank,0.8475,1.4,0.0,0,-0.000733,-0.0,0.0,-0.0,0.234925
2025-05-09,300ETF,Future (IF88 (CSI 300 Futures)),rank,-0.3667,1.4,0.0,0,-0.000998,-0.0,0.0,-0.0,0.234925
2025-05-12,300ETF,Future (IF88 (CSI 300 Futures)),rank,-0.1896,1.4,0.0,0,0.002863,0.0,0.0,0.0,0.234925
2025-05-13,300ETF,Future (IF88 (CSI 300 Futures)),rank,-0.8298,1.4,0.0,0,-0.002385,-0.0,0.0,-0.0,0.234925
2025-05-14,300ETF,Future (IF88 (CSI 300 Futures)),rank,-0.2292,1.4,0.0,0,0.011439,0.0,0.0,0.0,0.234925
2025-05-15,300ETF,Future (IF88 (CSI 300 Futures)),rank,-0.5239,1.4,0.0,0,-0.001858,-0.0,0.0,-0.0,0.234925
2025-05-16,300ETF,Future (IF88 (CSI 300 Futures)),rank,-0.3337,1.4,0.0,0,-0.005085,-0.0,0.0,-0.0,0.234925
2025-05-19,300ETF,Future (IF88 (CSI 300 Futures)),rank,-0.4463,1.4,0.0,0,0.004176,0.0,0.0,0.0,0.234925
2025-05-20,300ETF,Future (IF88 (CSI 300 Futures)),rank,0.0366,1.4,0.0,0,0.00503,0.0,0.0,0.0,0.234925
2025-05-21,300ETF,Future (IF88 (CSI 300 Futures)),rank,0.6443,1.4,0.0,0,0.00165,0.0,0.0,0.0,0.234925
2025-05-22,300ETF,Future (IF88 (CSI 300 Futures)),rank,-0.6159,1.4,0.0,0,0.000773,0.0,0.0,0.0,0.234925
2025-05-23,300ETF,Future (IF88 (CSI 300 Futures)),rank,0.5217,1.4,0.0,0,-0.010178,-0.0,0.0,-0.0,0.234925
2025-05-26,300ETF,Future (IF88 (CSI 300 Futures)),rank,-0.4307,1.4,0.0,0,-0.003859,-0.0,0.0,-0.0,0.234925
2025-05-27,300ETF,Future (IF88 (CSI 300 Futures)),rank,-0.0292,1.4,0.0,0,-0.003982,-0.0,0.0,-0.0,0.234925
2025-05-28,300ETF,Future (IF88 (CSI 300 Futures)),rank,0.0586,1.4,0.0,0,-0.003042,-0.0,0.0,-0.0,0.234925
2025-05-29,300ETF,Future (IF88 (CSI 300 Futures)),rank,0.1104,1.4,0.0,0,0.000887,0.0,0.0,0.0,0.234925
2025-05-30,300ETF,Future (IF88 (CSI 300 Futures)),rank,-0.2235,1.4,0.0,0,0.005352,0.0,0.0,0.0,0.234925
2025-06-03,300ETF,Future (IF88 (CSI 300 Futures)),rank,0.3202,1.4,0.0,0,0.000313,0.0,0.0,0.0,0.234925
2025-06-04,300ETF,Future (IF88 (CSI 300 Futures)),rank,0.6057,1.4,0.0,0,-5.2e-05,-0.0,0.0,-0.0,0.234925
2025-06-05,300ETF,Future (IF88 (CSI 300 Futures)),rank,-0.4849,1.4,0.0,0,0.004679,0.0,0.0,0.0,0.234925
2025-06-06,300ETF,Future (IF88 (CSI 300 Futures)),rank,-0.3556,1.4,0.0,0,0.000156,0.0,0.0,0.0,0.234925
2025-06-09,300ETF,Future (IF88 (CSI 300 Futures)),rank,-0.1505,1.4,0.0,0,-0.001086,-0.0,0.0,-0.0,0.234925
2025-06-10,300ETF,Future (IF88 (CSI 300 Futures)),rank,-0.0359,1.4,0.0,0,-0.007306,-0.0,0.0,-0.0,0.234925
2025-06-11,300ETF,Future (IF88 (CSI 300 Futures)),rank,1.6239,1.4,1.0,1,-0.003342,-0.003342,0.0008,-0.004142,0.230783
2025-06-12,300ETF,Future (IF88 (CSI 300 Futures)),rank,-0.6554,1.4,0.0,0,0.003354,0.0,0.0008,-0.0008,0.229983
2025-06-13,300ETF,Future (IF88 (CSI 300 Futures)),rank,-0.2055,1.4,0.0,0,-0.001762,-0.0,0.0,-0.0,0.229983
2025-06-16,300ETF,Future (IF88 (CSI 300 Futures)),rank,-0.0666,1.4,0.0,0,0.002276,0.0,0.0,0.0,0.229983
2025-06-17,300ETF,Future (IF88 (CSI 300 Futures)),rank,-0.2294,1.4,0.0,0,-0.002999,-0.0,0.0,-0.0,0.229983
2025-06-18,300ETF,Future (IF88 (CSI 300 Futures)),rank,0.1459,1.4,0.0,0,0.001707,0.0,0.0,0.0,0.229983
2025-06-19,300ETF,Future (IF88 (CSI 300 Futures)),rank,-0.4528,1.4,0.0,0,-0.007953,-0.0,0.0,-0.0,0.229983
2025-06-20,300ETF,Future (IF88 (CSI 300 Futures)),rank,0.4361,1.4,0.0,0,-0.002102,-0.0,0.0,-0.0,0.229983
2025-06-23,300ETF,Future (IF88 (CSI 300 Futures)),rank,-0.2447,1.4,0.0,0,0.007076,0.0,0.0,0.0,0.229983
2025-06-24,300ETF,Future (IF88 (CSI 300 Futures)),rank,1.291,1.4,0.0,0,0.000672,0.0,0.0,0.0,0.229983
2025-06-25,300ETF,Future (IF88 (CSI 300 Futures)),rank,0.1924,1.4,0.0,0,0.012951,0.0,0.0,0.0,0.229983
2025-06-26,300ETF,Future (IF88 (CSI 300 Futures)),rank,-0.0938,1.4,0.0,0,-0.002291,-0.0,0.0,-0.0,0.229983
2025-06-27,300ETF,Future (IF88 (CSI 300 Futures)),rank,0.13,1.4,0.0,0,-0.010626,-0.0,0.0,-0.0,0.229983
2025-06-30,300ETF,Future (IF88 (CSI 300 Futures)),rank,0.2138,1.4,0.0,0,0.00169,0.0,0.0,0.0,0.229983
2025-07-01,300ETF,Future (IF88 (CSI 300 Futures)),rank,-0.6005,1.4,0.0,0,0.002969,0.0,0.0,0.0,0.229983
2025-07-02,300ETF,Future (IF88 (CSI 300 Futures)),rank,-0.3694,1.4,0.0,0,0.003271,0.0,0.0,0.0,0.229983
2025-07-03,300ETF,Future (IF88 (CSI 300 Futures)),rank,0.2095,1.4,0.0,0,0.003046,0.0,0.0,0.0,0.229983
2025-07-04,300ETF,Future (IF88 (CSI 300 Futures)),rank,-0.5935,1.4,0.0,0,0.003545,0.0,0.0,0.0,0.229983
2025-07-07,300ETF,Future (IF88 (CSI 300 Futures)),rank,-0.7298,1.4,0.0,0,0.000659,0.0,0.0,0.0,0.229983
2025-07-08,300ETF,Future (IF88 (CSI 300 Futures)),rank,0.5083,1.4,0.0,0,0.006693,0.0,0.0,0.0,0.229983
2025-07-09,300ETF,Future (IF88 (CSI 300 Futures)),rank,0.2,1.4,0.0,0,-5e-05,-0.0,0.0,-0.0,0.229983
2025-07-10,300ETF,Future (IF88 (CSI 300 Futures)),rank,0.1018,1.4,0.0,0,0.004161,0.0,0.0,0.0,0.229983
2025-07-11,300ETF,Future (IF88 (CSI 300 Futures)),rank,0.2965,1.4,0.0,0,0.001739,0.0,0.0,0.0,0.229983
2025-07-14,300ETF,Future (IF88 (CSI 300 Futures)),rank,0.1142,1.4,0.0,0,0.000897,0.0,0.0,0.0,0.229983
2025-07-15,300ETF,Future (IF88 (CSI 300 Futures)),rank,0.6852,1.4,0.0,0,-0.003929,-0.0,0.0,-0.0,0.229983
2025-07-16,300ETF,Future (IF88 (CSI 300 Futures)),rank,-0.3054,1.4,0.0,0,-0.005135,-0.0,0.0,-0.0,0.229983
2025-07-17,300ETF,Future (IF88 (CSI 300 Futures)),rank,0.4076,1.4,0.0,0,0.004077,0.0,0.0,0.0,0.229983
2025-07-18,300ETF,Future (IF88 (CSI 300 Futures)),rank,0.7525,1.4,0.0,0,-0.001977,-0.0,0.0,-0.0,0.229983
2025-07-21,300ETF,Future (IF88 (CSI 300 Futures)),rank,-0.081,1.4,0.0,0,0.001768,0.0,0.0,0.0,0.229983
2025-07-22,300ETF,Future (IF88 (CSI 300 Futures)),rank,0.0884,1.4,0.0,0,0.009089,0.0,0.0,0.0,0.229983
2025-07-23,300ETF,Future (IF88 (CSI 300 Futures)),rank,0.2703,1.4,0.0,0,-0.003733,-0.0,0.0,-0.0,0.229983
2025-07-24,300ETF,Future (IF88 (CSI 300 Futures)),rank,0.0939,1.4,0.0,0,0.006141,0.0,0.0,0.0,0.229983
2025-07-25,300ETF,Future (IF88 (CSI 300 Futures)),rank,-0.3509,1.4,0.0,0,-0.001549,-0.0,0.0,-0.0,0.229983
2025-07-28,300ETF,Future (IF88 (CSI 300 Futures)),rank,-0.4921,1.4,0.0,0,-0.00092,-0.0,0.0,-0.0,0.229983
2025-07-29,300ETF,Future (IF88 (CSI 300 Futures)),rank,0.2305,1.4,0.0,0,0.008089,0.0,0.0,0.0,0.229983
2025-07-30,300ETF,Future (IF88 (CSI 300 Futures)),rank,0.0902,1.4,0.0,0,-0.001204,-0.0,0.0,-0.0,0.229983
2025-07-31,300ETF,Future (IF88 (CSI 300 Futures)),rank,-0.8438,1.4,0.0,0,-0.010208,-0.0,0.0,-0.0,0.229983
2025-08-01,300ETF,Future (IF88 (CSI 300 Futures)),rank,0.228,1.4,0.0,0,-0.005883,-0.0,0.0,-0.0,0.229983
2025-08-04,300ETF,Future (IF88 (CSI 300 Futures)),rank,0.229,1.4,0.0,0,0.002622,0.0,0.0,0.0,0.229983
2025-08-05,300ETF,Future (IF88 (CSI 300 Futures)),rank,-0.0787,1.4,0.0,0,0.006046,0.0,0.0,0.0,0.229983
2025-08-06,300ETF,Future (IF88 (CSI 300 Futures)),rank,0.1052,1.4,0.0,0,0.003469,0.0,0.0,0.0,0.229983
2025-08-07,300ETF,Future (IF88 (CSI 300 Futures)),rank,0.1249,1.4,0.0,0,-0.001659,-0.0,0.0,-0.0,0.229983
2025-08-08,300ETF,Future (IF88 (CSI 300 Futures)),rank,-0.4985,1.4,0.0,0,0.002352,0.0,0.0,0.0,0.229983
2025-08-11,300ETF,Future (IF88 (CSI 300 Futures)),rank,-0.3446,1.4,0.0,0,0.001119,0.0,0.0,0.0,0.229983
2025-08-12,300ETF,Future (IF88 (CSI 300 Futures)),rank,0.4731,1.4,0.0,0,0.000388,0.0,0.0,0.0,0.229983
2025-08-13,300ETF,Future (IF88 (CSI 300 Futures)),rank,0.4326,1.4,0.0,0,0.001879,0.0,0.0,0.0,0.229983
2025-08-14,300ETF,Future (IF88 (CSI 300 Futures)),rank,0.9543,1.4,0.0,0,-0.002963,-0.0,0.0,-0.0,0.229983
2025-08-15,300ETF,Future (IF88 (CSI 300 Futures)),rank,0.173,1.4,0.0,0,0.005304,0.0,0.0,0.0,0.229983
2025-08-18,300ETF,Future (IF88 (CSI 300 Futures)),rank,0.042,1.4,0.0,0,0.003404,0.0,0.0,0.0,0.229983
2025-08-19,300ETF,Future (IF88 (CSI 300 Futures)),rank,0.7851,1.4,0.0,0,-0.005054,-0.0,0.0,-0.0,0.229983
2025-08-20,300ETF,Future (IF88 (CSI 300 Futures)),rank,-0.0595,1.4,0.0,0,0.006893,0.0,0.0,0.0,0.229983
2025-08-21,300ETF,Future (IF88 (CSI 300 Futures)),rank,0.5887,1.4,0.0,0,-0.000187,-0.0,0.0,-0.0,0.229983
2025-08-22,300ETF,Future (IF88 (CSI 300 Futures)),rank,0.8839,1.4,0.0,0,0.015046,0.0,0.0,0.0,0.229983
2025-08-25,300ETF,Future (IF88 (CSI 300 Futures)),rank,1.2463,1.4,0.0,0,0.007882,0.0,0.0,0.0,0.229983
2025-08-26,300ETF,Future (IF88 (CSI 300 Futures)),rank,-0.624,1.4,0.0,0,0.001928,0.0,0.0,0.0,0.229983
2025-08-27,300ETF,Future (IF88 (CSI 300 Futures)),rank,0.324,1.4,0.0,0,-0.003468,-0.0,0.0,-0.0,0.229983
2025-08-28,300ETF,Future (IF88 (CSI 300 Futures)),rank,0.6534,1.4,0.0,0,0.011022,0.0,0.0,0.0,0.229983
2025-08-29,300ETF,Future (IF88 (CSI 300 Futures)),rank,0.8039,1.4,0.0,0,0.003029,0.0,0.0,0.0,0.229983
2025-09-01,300ETF,Future (IF88 (CSI 300 Futures)),rank,-0.3508,1.4,0.0,0,0.004929,0.0,0.0,0.0,0.229983
2025-09-02,300ETF,Future (IF88 (CSI 300 Futures)),rank,0.7182,1.4,0.0,0,-0.010199,-0.0,0.0,-0.0,0.229983
2025-09-03,300ETF,Future (IF88 (CSI 300 Futures)),rank,-0.125,1.4,0.0,0,-0.005025,-0.0,0.0,-0.0,0.229983
2025-09-04,300ETF,Future (IF88 (CSI 300 Futures)),rank,-0.4792,1.4,0.0,0,-0.020833,-0.0,0.0,-0.0,0.229983
2025-09-05,300ETF,Future (IF88 (CSI 300 Futures)),rank,0.0647,1.4,0.0,0,0.015206,0.0,0.0,0.0,0.229983
2025-09-08,300ETF,Future (IF88 (CSI 300 Futures)),rank,0.3596,1.4,0.0,0,0.000134,0.0,0.0,0.0,0.229983
2025-09-09,300ETF,Future (IF88 (CSI 300 Futures)),rank,0.0392,1.4,0.0,0,-0.010137,-0.0,0.0,-0.0,0.229983
2025-09-10,300ETF,Future (IF88 (CSI 300 Futures)),rank,0.4727,1.4,0.0,0,0.000585,0.0,0.0,0.0,0.229983
2025-09-11,300ETF,Future (IF88 (CSI 300 Futures)),rank,0.024,1.4,0.0,0,0.021525,0.0,0.0,0.0,0.229983
2025-09-12,300ETF,Future (IF88 (CSI 300 Futures)),rank,0.3147,1.4,0.0,0,-0.005988,-0.0,0.0,-0.0,0.229983
2025-09-15,300ETF,Future (IF88 (CSI 300 Futures)),rank,0.3693,1.4,0.0,0,-0.001896,-0.0,0.0,-0.0,0.229983
2025-09-16,300ETF,Future (IF88 (CSI 300 Futures)),rank,0.2468,1.4,0.0,0,-0.00425,-0.0,0.0,-0.0,0.229983
2025-09-17,300ETF,Future (IF88 (CSI 300 Futures)),rank,0.1088,1.4,0.0,0,0.005207,0.0,0.0,0.0,0.229983
2025-09-18,300ETF,Future (IF88 (CSI 300 Futures)),rank,-0.3401,1.4,0.0,0,-0.015567,-0.0,0.0,-0.0,0.229983
2025-09-19,300ETF,Future (IF88 (CSI 300 Futures)),rank,0.4473,1.4,0.0,0,0.002893,0.0,0.0,0.0,0.229983
2025-09-22,300ETF,Future (IF88 (CSI 300 Futures)),rank,-0.6955,1.4,0.0,0,0.006636,0.0,0.0,0.0,0.229983
2025-09-23,300ETF,Future (IF88 (CSI 300 Futures)),rank,-0.0863,1.4,0.0,0,-0.006632,-0.0,0.0,-0.0,0.229983
2025-09-24,300ETF,Future (IF88 (CSI 300 Futures)),rank,0.352,1.4,0.0,0,0.004503,0.0,0.0,0.0,0.229983
2025-09-25,300ETF,Future (IF88 (CSI 300 Futures)),rank,0.0355,1.4,0.0,0,0.010397,0.0,0.0,0.0,0.229983
2025-09-26,300ETF,Future (IF88 (CSI 300 Futures)),rank,-0.0165,1.4,0.0,0,-0.005434,-0.0,0.0,-0.0,0.229983
2025-09-29,300ETF,Future (IF88 (CSI 300 Futures)),rank,-0.0971,1.4,0.0,0,0.015715,0.0,0.0,0.0,0.229983
2025-09-30,300ETF,Future (IF88 (CSI 300 Futures)),rank,0.299,1.4,0.0,0,-0.000345,-0.0,0.0,-0.0,0.229983
2025-10-09,300ETF,Future (IF88 (CSI 300 Futures)),rank,0.1338,1.4,0.0,0,0.011139,0.0,0.0,0.0,0.229983
2025-10-10,300ETF,Future (IF88 (CSI 300 Futures)),rank,-0.772,1.4,0.0,0,-0.010562,-0.0,0.0,-0.0,0.229983
2025-10-13,300ETF,Future (IF88 (CSI 300 Futures)),rank,-0.788,1.4,0.0,0,0.010764,0.0,0.0,0.0,0.229983
2025-10-14,300ETF,Future (IF88 (CSI 300 Futures)),rank,-0.0038,1.4,0.0,0,-0.019376,-0.0,0.0,-0.0,0.229983
2025-10-15,300ETF,Future (IF88 (CSI 300 Futures)),rank,-0.4992,1.4,0.0,0,0.011149,0.0,0.0,0.0,0.229983
2025-10-16,300ETF,Future (IF88 (CSI 300 Futures)),rank,0.7526,1.4,0.0,0,-0.002427,-0.0,0.0,-0.0,0.229983
2025-10-17,300ETF,Future (IF88 (CSI 300 Futures)),rank,-0.2813,1.4,0.0,0,-0.011597,-0.0,0.0,-0.0,0.229983
2025-10-20,300ETF,Future (IF88 (CSI 300 Futures)),rank,-0.1935,1.4,0.0,0,-0.007688,-0.0,0.0,-0.0,0.229983
2025-10-21,300ETF,Future (IF88 (CSI 300 Futures)),rank,0.5693,1.4,0.0,0,0.004406,0.0,0.0,0.0,0.229983
2025-10-22,300ETF,Future (IF88 (CSI 300 Futures)),rank,-0.5036,1.4,0.0,0,0.001661,0.0,0.0,0.0,0.229983
2025-10-23,300ETF,Future (IF88 (CSI 300 Futures)),rank,-0.2335,1.4,0.0,0,0.009826,0.0,0.0,0.0,0.229983
2025-10-24,300ETF,Future (IF88 (CSI 300 Futures)),rank,0.8098,1.4,0.0,0,0.004924,0.0,0.0,0.0,0.229983
2025-10-27,300ETF,Future (IF88 (CSI 300 Futures)),rank,0.2061,1.4,0.0,0,0.000468,0.0,0.0,0.0,0.229983
2025-10-28,300ETF,Future (IF88 (CSI 300 Futures)),rank,-0.4737,1.4,0.0,0,-0.002642,-0.0,0.0,-0.0,0.229983
2025-10-29,300ETF,Future (IF88 (CSI 300 Futures)),rank,0.3222,1.4,0.0,0,0.006569,0.0,0.0,0.0,0.229983
2025-10-30,300ETF,Future (IF88 (CSI 300 Futures)),rank,-0.007,1.4,0.0,0,-0.00483,-0.0,0.0,-0.0,0.229983
2025-10-31,300ETF,Future (IF88 (CSI 300 Futures)),rank,-0.6375,1.4,0.0,0,-0.006777,-0.0,0.0,-0.0,0.229983
2025-11-03,300ETF,Future (IF88 (CSI 300 Futures)),rank,-0.3324,1.4,0.0,0,0.007459,0.0,0.0,0.0,0.229983
2025-11-04,300ETF,Future (IF88 (CSI 300 Futures)),rank,0.2296,1.4,0.0,0,-0.01014,-0.0,0.0,-0.0,0.229983
2025-11-05,300ETF,Future (IF88 (CSI 300 Futures)),rank,-0.8678,1.4,0.0,0,0.011033,0.0,0.0,0.0,0.229983
2025-11-06,300ETF,Future (IF88 (CSI 300 Futures)),rank,1.0411,1.4,0.0,0,0.007185,0.0,0.0,0.0,0.229983
2025-11-07,300ETF,Future (IF88 (CSI 300 Futures)),rank,-0.4044,1.4,0.0,0,0.001288,0.0,0.0,0.0,0.229983
2025-11-10,300ETF,Future (IF88 (CSI 300 Futures)),rank,-0.2372,1.4,0.0,0,0.006446,0.0,0.0,0.0,0.229983
2025-11-11,300ETF,Future (IF88 (CSI 300 Futures)),rank,-0.5639,1.4,0.0,0,-0.006669,-0.0,0.0,-0.0,0.229983
2025-11-12,300ETF,Future (IF88 (CSI 300 Futures)),rank,-0.23,1.4,0.0,0,-0.000604,-0.0,0.0,-0.0,0.229983
2025-11-13,300ETF,Future (IF88 (CSI 300 Futures)),rank,0.3153,1.4,0.0,0,0.007427,0.0,0.0,0.0,0.229983
2025-11-14,300ETF,Future (IF88 (CSI 300 Futures)),rank,-0.6048,1.4,0.0,0,-0.003792,-0.0,0.0,-0.0,0.229983
2025-11-17,300ETF,Future (IF88 (CSI 300 Futures)),rank,-0.3397,1.4,0.0,0,0.001312,0.0,0.0,0.0,0.229983
2025-11-18,300ETF,Future (IF88 (CSI 300 Futures)),rank,0.0248,1.4,0.0,0,-0.00365,-0.0,0.0,-0.0,0.229983
2025-11-19,300ETF,Future (IF88 (CSI 300 Futures)),rank,0.6595,1.4,0.0,0,0.001619,0.0,0.0,0.0,0.229983
2025-11-20,300ETF,Future (IF88 (CSI 300 Futures)),rank,-0.5283,1.4,0.0,0,-0.006488,-0.0,0.0,-0.0,0.229983
2025-11-21,300ETF,Future (IF88 (CSI 300 Futures)),rank,-0.9916,1.4,0.0,0,-0.008379,-0.0,0.0,-0.0,0.229983
2025-11-24,300ETF,Future (IF88 (CSI 300 Futures)),rank,-0.5139,1.4,0.0,0,0.003603,0.0,0.0,0.0,0.229983
2025-11-25,300ETF,Future (IF88 (CSI 300 Futures)),rank,-0.2929,1.4,0.0,0,0.0,0.0,0.0,0.0,0.229983
2025-11-26,300ETF,Future (IF88 (CSI 300 Futures)),rank,0.1686,1.4,0.0,0,-0.000311,-0.0,0.0,-0.0,0.229983
2025-11-27,300ETF,Future (IF88 (CSI 300 Futures)),rank,0.8884,1.4,0.0,0,-0.00871,-0.0,0.0,-0.0,0.229983
2025-11-28,300ETF,Future (IF88 (CSI 300 Futures)),rank,-0.4342,1.4,0.0,0,0.006411,0.0,0.0,0.0,0.229983
2025-12-01,300ETF,Future (IF88 (CSI 300 Futures)),rank,0.27,1.4,0.0,0,0.002598,0.0,0.0,0.0,0.229983
2025-12-02,300ETF,Future (IF88 (CSI 300 Futures)),rank,-0.6064,1.4,0.0,0,-0.003261,-0.0,0.0,-0.0,0.229983
2025-12-03,300ETF,Future (IF88 (CSI 300 Futures)),rank,0.3242,1.4,0.0,0,-0.005126,-0.0,0.0,-0.0,0.229983
2025-12-04,300ETF,Future (IF88 (CSI 300 Futures)),rank,0.1782,1.4,0.0,0,0.005713,0.0,0.0,0.0,0.229983
2025-12-05,300ETF,Future (IF88 (CSI 300 Futures)),rank,-0.2363,1.4,0.0,0,0.008607,0.0,0.0,0.0,0.229983
2025-12-08,300ETF,Future (IF88 (CSI 300 Futures)),rank,0.4891,1.4,0.0,0,0.00599,0.0,0.0,0.0,0.229983
2025-12-09,300ETF,Future (IF88 (CSI 300 Futures)),rank,-0.33,1.4,0.0,0,-0.007132,-0.0,0.0,-0.0,0.229983
2025-12-10,300ETF,Future (IF88 (CSI 300 Futures)),rank,-1.0094,1.4,0.0,0,0.008116,0.0,0.0,0.0,0.229983
2025-12-11,300ETF,Future (IF88 (CSI 300 Futures)),rank,0.3464,1.4,0.0,0,-0.007622,-0.0,0.0,-0.0,0.229983
2025-12-12,300ETF,Future (IF88 (CSI 300 Futures)),rank,-0.6284,1.4,0.0,0,0.007986,0.0,0.0,0.0,0.229983
2025-12-15,300ETF,Future (IF88 (CSI 300 Futures)),rank,0.1364,1.4,0.0,0,-0.005607,-0.0,0.0,-0.0,0.229983
2025-12-16,300ETF,Future (IF88 (CSI 300 Futures)),rank,-0.2773,1.4,0.0,0,-0.003594,-0.0,0.0,-0.0,0.229983
2025-12-17,300ETF,Future (IF88 (CSI 300 Futures)),rank,0.633,1.4,0.0,0,0.017914,0.0,0.0,0.0,0.229983
2025-12-18,300ETF,Future (IF88 (CSI 300 Futures)),rank,-0.5741,1.4,0.0,0,-0.001622,-0.0,0.0,-0.0,0.229983
2025-12-19,300ETF,Future (IF88 (CSI 300 Futures)),rank,-0.7301,1.4,0.0,0,0.001407,0.0,0.0,0.0,0.229983
2025-12-22,300ETF,Future (IF88 (CSI 300 Futures)),rank,0.7372,1.4,0.0,0,-0.001306,-0.0,0.0,-0.0,0.229983
2025-12-23,300ETF,Future (IF88 (CSI 300 Futures)),rank,-0.5027,1.4,0.0,0,-0.001913,-0.0,0.0,-0.0,0.229983
2025-12-24,300ETF,Future (IF88 (CSI 300 Futures)),rank,-0.5952,1.4,0.0,0,0.003994,0.0,0.0,0.0,0.229983
2025-12-25,300ETF,Future (IF88 (CSI 300 Futures)),rank,0.0729,1.4,0.0,0,0.004453,0.0,0.0,0.0,0.229983
2025-12-26,300ETF,Future (IF88 (CSI 300 Futures)),rank,0.5311,1.4,0.0,0,-0.002362,-0.0,0.0,-0.0,0.229983
2025-12-29,300ETF,Future (IF88 (CSI 300 Futures)),rank,-0.2716,1.4,0.0,0,-0.004703,-0.0,0.0,-0.0,0.229983
2025-12-30,300ETF,Future (IF88 (CSI 300 Futures)),rank,0.2447,1.4,0.0,0,0.001162,0.0,0.0,0.0,0.229983
2025-12-31,300ETF,Future (IF88 (CSI 300 Futures)),rank,-0.6267,1.4,0.0,0,-0.005747,-0.0,0.0,-0.0,0.229983
