date,etf,asset_type,scheme,z_composite,z_th,position,is_trade,trade_return,raw_pnl,fee,net_pnl,cum_pnl
2024-01-02,300ETF,Spot ETF,ensemble,-1.8934,1.7,-1.0,1,-0.004325,0.004315,0.0016,0.002715,0.002715
2024-01-03,300ETF,Spot ETF,ensemble,0.5194,1.7,0.0,0,-0.00232,0.0,0.0,0.0,0.002715
2024-01-04,300ETF,Spot ETF,ensemble,-1.2473,1.7,0.0,0,-0.002343,0.0,0.0,0.0,0.002715
2024-01-05,300ETF,Spot ETF,ensemble,1.2401,1.7,0.0,0,-0.01057,0.0,0.0,0.0,0.002715
2024-01-08,300ETF,Spot ETF,ensemble,-0.0341,1.7,0.0,0,-0.006544,0.0,0.0,0.0,0.002715
2024-01-09,300ETF,Spot ETF,ensemble,-0.128,1.7,0.0,0,0.002084,0.0,0.0,0.0,0.002715
2024-01-10,300ETF,Spot ETF,ensemble,-0.8219,1.7,0.0,0,-0.004477,0.0,0.0,0.0,0.002715
2024-01-11,300ETF,Spot ETF,ensemble,-0.318,1.7,0.0,0,0.006271,0.0,0.0,0.0,0.002715
2024-01-12,300ETF,Spot ETF,ensemble,-0.2183,1.7,0.0,0,-0.000893,0.0,0.0,0.0,0.002715
2024-01-15,300ETF,Spot ETF,ensemble,-0.845,1.7,0.0,0,0.002094,0.0,0.0,0.0,0.002715
2024-01-16,300ETF,Spot ETF,ensemble,1.0118,1.7,0.0,0,-0.000596,0.0,0.0,0.0,0.002715
2024-01-17,300ETF,Spot ETF,ensemble,-0.9007,1.7,0.0,0,-0.005409,0.0,0.0,0.0,0.002715
2024-01-18,300ETF,Spot ETF,ensemble,-0.9863,1.7,0.0,0,0.003415,0.0,0.0,0.0,0.002715
2024-01-19,300ETF,Spot ETF,ensemble,0.8301,1.7,0.0,0,-0.002751,0.0,0.0,0.0,0.002715
2024-01-22,300ETF,Spot ETF,ensemble,-0.0506,1.7,0.0,0,-0.012967,0.0,0.0,0.0,0.002715
2024-01-23,300ETF,Spot ETF,ensemble,-0.2517,1.7,0.0,0,0.008062,0.0,0.0,0.0,0.002715
2024-01-24,300ETF,Spot ETF,ensemble,-0.4004,1.7,0.0,0,0.009871,0.0,0.0,0.0,0.002715
2024-01-25,300ETF,Spot ETF,ensemble,0.4819,1.7,0.0,0,0.015106,0.0,0.0,0.0,0.002715
2024-01-26,300ETF,Spot ETF,ensemble,0.4908,1.7,0.0,0,0.001504,0.0,0.0,0.0,0.002715
2024-01-29,300ETF,Spot ETF,ensemble,0.117,1.7,0.0,0,-0.004208,0.0,0.0,0.0,0.002715
2024-01-30,300ETF,Spot ETF,ensemble,-0.1289,1.7,0.0,0,-0.003676,0.0,0.0,0.0,0.002715
2024-01-31,300ETF,Spot ETF,ensemble,0.7499,1.7,0.0,0,-0.003103,0.0,0.0,0.0,0.002715
2024-02-01,300ETF,Spot ETF,ensemble,-0.0177,1.7,0.0,0,0.007797,0.0,0.0,0.0,0.002715
2024-02-02,300ETF,Spot ETF,ensemble,0.2443,1.7,0.0,0,-0.010625,0.0,0.0,0.0,0.002715
2024-02-05,300ETF,Spot ETF,ensemble,0.6049,1.7,0.0,0,0.0113,0.0,0.0,0.0,0.002715
2024-02-06,300ETF,Spot ETF,ensemble,2.3652,1.7,1.0,1,0.012266,0.01203,0.0016,0.01043,0.013145
2024-02-07,300ETF,Spot ETF,ensemble,0.671,1.7,0.0,0,0.000301,0.0,0.0,0.0,0.013145
2024-02-08,300ETF,Spot ETF,ensemble,0.5817,1.7,0.0,0,-0.003286,0.0,0.0,0.0,0.013145
2024-02-19,300ETF,Spot ETF,ensemble,-1.7316,1.7,-1.0,1,0.006221,-0.005942,0.0016,-0.007542,0.005603
2024-02-20,300ETF,Spot ETF,ensemble,-0.8926,1.7,0.0,0,0.00472,0.0,0.0,0.0,0.005603
2024-02-21,300ETF,Spot ETF,ensemble,0.9992,1.7,0.0,0,0.018943,0.0,0.0,0.0,0.005603
2024-02-22,300ETF,Spot ETF,ensemble,1.3438,1.7,0.0,0,0.00375,0.0,0.0,0.0,0.005603
2024-02-23,300ETF,Spot ETF,ensemble,0.0575,1.7,0.0,0,-0.001435,0.0,0.0,0.0,0.005603
2024-02-26,300ETF,Spot ETF,ensemble,0.0681,1.7,0.0,0,-0.004049,0.0,0.0,0.0,0.005603
2024-02-27,300ETF,Spot ETF,ensemble,1.0932,1.7,0.0,0,0.008666,0.0,0.0,0.0,0.005603
2024-02-28,300ETF,Spot ETF,ensemble,-0.1554,1.7,0.0,0,-0.006307,0.0,0.0,0.0,0.005603
2024-02-29,300ETF,Spot ETF,ensemble,2.2066,1.7,1.0,1,0.007465,0.008074,0.0016,0.006474,0.012077
2024-03-01,300ETF,Spot ETF,ensemble,0.0212,1.7,0.0,0,0.006252,0.0,0.0,0.0,0.012077
2024-03-04,300ETF,Spot ETF,ensemble,-0.1595,1.7,0.0,0,0.000283,0.0,0.0,0.0,0.012077
2024-03-05,300ETF,Spot ETF,ensemble,1.1759,1.7,0.0,0,0.004508,0.0,0.0,0.0,0.012077
2024-03-06,300ETF,Spot ETF,ensemble,0.0164,1.7,0.0,0,0.001973,0.0,0.0,0.0,0.012077
2024-03-07,300ETF,Spot ETF,ensemble,1.138,1.7,0.0,0,-0.009052,0.0,0.0,0.0,0.012077
2024-03-08,300ETF,Spot ETF,ensemble,0.6726,1.7,0.0,0,0.002549,0.0,0.0,0.0,0.012077
2024-03-11,300ETF,Spot ETF,ensemble,1.0108,1.7,0.0,0,0.009847,0.0,0.0,0.0,0.012077
2024-03-12,300ETF,Spot ETF,ensemble,-0.3864,1.7,0.0,0,-0.002506,0.0,0.0,0.0,0.012077
2024-03-13,300ETF,Spot ETF,ensemble,-0.7335,1.7,0.0,0,-0.002802,0.0,0.0,0.0,0.012077
2024-03-14,300ETF,Spot ETF,ensemble,1.5225,1.7,0.0,0,-0.009814,0.0,0.0,0.0,0.012077
2024-03-15,300ETF,Spot ETF,ensemble,-0.0868,1.7,0.0,0,0.005921,0.0,0.0,0.0,0.012077
2024-03-18,300ETF,Spot ETF,ensemble,0.1065,1.7,0.0,0,0.0,0.0,0.0,0.0,0.012077
2024-03-19,300ETF,Spot ETF,ensemble,-0.0153,1.7,0.0,0,-0.00615,0.0,0.0,0.0,0.012077
2024-03-20,300ETF,Spot ETF,ensemble,0.3615,1.7,0.0,0,-0.00028,0.0,0.0,0.0,0.012077
2024-03-21,300ETF,Spot ETF,ensemble,-0.1527,1.7,0.0,0,-0.002788,0.0,0.0,0.0,0.012077
2024-03-22,300ETF,Spot ETF,ensemble,-0.7652,1.7,0.0,0,-0.000566,0.0,0.0,0.0,0.012077
2024-03-25,300ETF,Spot ETF,ensemble,-0.3047,1.7,0.0,0,-0.000283,0.0,0.0,0.0,0.012077
2024-03-26,300ETF,Spot ETF,ensemble,0.728,1.7,0.0,0,0.00085,0.0,0.0,0.0,0.012077
2024-03-27,300ETF,Spot ETF,ensemble,-1.0833,1.7,0.0,0,-0.002275,0.0,0.0,0.0,0.012077
2024-03-28,300ETF,Spot ETF,ensemble,-0.3327,1.7,0.0,0,0.003434,0.0,0.0,0.0,0.012077
2024-03-29,300ETF,Spot ETF,ensemble,1.3782,1.7,0.0,0,-0.001419,0.0,0.0,0.0,0.012077
2024-04-01,300ETF,Spot ETF,ensemble,1.9468,1.7,0.8383,1,0.001954,0.001875,0.001341,0.000534,0.012611
2024-04-02,300ETF,Spot ETF,ensemble,0.0843,1.7,0.0,0,-0.005038,0.0,0.0,0.0,0.012611
2024-04-03,300ETF,Spot ETF,ensemble,-1.0517,1.7,0.0,0,-0.000843,0.0,0.0,0.0,0.012611
2024-04-08,300ETF,Spot ETF,ensemble,-0.8711,1.7,0.0,0,-0.003675,0.0,0.0,0.0,0.012611
2024-04-09,300ETF,Spot ETF,ensemble,-0.167,1.7,0.0,0,0.002273,0.0,0.0,0.0,0.012611
2024-04-10,300ETF,Spot ETF,ensemble,-0.7493,1.7,0.0,0,-0.005414,0.0,0.0,0.0,0.012611
2024-04-11,300ETF,Spot ETF,ensemble,0.267,1.7,0.0,0,0.002865,0.0,0.0,0.0,0.012611
2024-04-12,300ETF,Spot ETF,ensemble,0.1156,1.7,0.0,0,-0.006322,0.0,0.0,0.0,0.012611
2024-04-15,300ETF,Spot ETF,ensemble,1.8778,1.7,0.6757,1,0.007691,0.005802,0.001081,0.004721,0.017331
2024-04-16,300ETF,Spot ETF,ensemble,0.4917,1.7,0.0,0,-0.006546,0.0,0.0,0.0,0.017331
2024-04-17,300ETF,Spot ETF,ensemble,0.4681,1.7,0.0,0,0.010201,0.0,0.0,0.0,0.017331
2024-04-18,300ETF,Spot ETF,ensemble,0.7451,1.7,0.0,0,0.005905,0.0,0.0,0.0,0.017331
2024-04-19,300ETF,Spot ETF,ensemble,-0.3681,1.7,0.0,0,-0.005374,0.0,0.0,0.0,0.017331
2024-04-22,300ETF,Spot ETF,ensemble,0.8077,1.7,0.0,0,-0.007925,0.0,0.0,0.0,0.017331
2024-04-23,300ETF,Spot ETF,ensemble,-0.6045,1.7,0.0,0,0.0,0.0,0.0,0.0,0.017331
2024-04-24,300ETF,Spot ETF,ensemble,-1.627,1.7,-0.7864,1,0.004859,-0.003378,0.001258,-0.004636,0.012695
2024-04-25,300ETF,Spot ETF,ensemble,-0.6723,1.7,0.0,0,0.005127,0.0,0.0,0.0,0.012695
2024-04-26,300ETF,Spot ETF,ensemble,1.6022,1.7,0.0,0,0.010674,0.0,0.0,0.0,0.012695
2024-04-29,300ETF,Spot ETF,ensemble,-0.0475,1.7,0.0,0,0.00914,0.0,0.0,0.0,0.012695
2024-04-30,300ETF,Spot ETF,ensemble,-0.62,1.7,0.0,0,-0.001662,0.0,0.0,0.0,0.012695
2024-05-06,300ETF,Spot ETF,ensemble,-0.2676,1.7,0.0,0,-0.002464,0.0,0.0,0.0,0.012695
2024-05-07,300ETF,Spot ETF,ensemble,-0.0935,1.7,0.0,0,-0.001919,0.0,0.0,0.0,0.012695
2024-05-08,300ETF,Spot ETF,ensemble,-1.1181,1.7,0.0,0,-0.003857,0.0,0.0,0.0,0.012695
2024-05-09,300ETF,Spot ETF,ensemble,1.0628,1.7,0.0,0,0.002739,0.0,0.0,0.0,0.012695
2024-05-10,300ETF,Spot ETF,ensemble,-0.0406,1.7,0.0,0,0.003835,0.0,0.0,0.0,0.012695
2024-05-13,300ETF,Spot ETF,ensemble,-0.5829,1.7,0.0,0,0.004118,0.0,0.0,0.0,0.012695
2024-05-14,300ETF,Spot ETF,ensemble,0.2867,1.7,0.0,0,0.0,0.0,0.0,0.0,0.012695
2024-05-15,300ETF,Spot ETF,ensemble,-1.2051,1.7,0.0,0,-0.003579,0.0,0.0,0.0,0.012695
2024-05-16,300ETF,Spot ETF,ensemble,-0.7588,1.7,0.0,0,-0.000826,0.0,0.0,0.0,0.012695
2024-05-17,300ETF,Spot ETF,ensemble,0.1123,1.7,0.0,0,0.002464,0.0,0.0,0.0,0.012695
2024-05-20,300ETF,Spot ETF,ensemble,1.3743,1.7,0.0,0,-0.002711,0.0,0.0,0.0,0.012695
2024-05-21,300ETF,Spot ETF,ensemble,-0.457,1.7,0.0,0,-0.001634,0.0,0.0,0.0,0.012695
2024-05-22,300ETF,Spot ETF,ensemble,-0.2928,1.7,0.0,0,0.00136,0.0,0.0,0.0,0.012695
2024-05-23,300ETF,Spot ETF,ensemble,-1.3013,1.7,0.0,0,-0.003841,0.0,0.0,0.0,0.012695
2024-05-24,300ETF,Spot ETF,ensemble,1.1017,1.7,0.0,0,-0.009379,0.0,0.0,0.0,0.012695
2024-05-27,300ETF,Spot ETF,ensemble,0.0605,1.7,0.0,0,0.004143,0.0,0.0,0.0,0.012695
2024-05-28,300ETF,Spot ETF,ensemble,-0.9818,1.7,0.0,0,-0.004979,0.0,0.0,0.0,0.012695
2024-05-29,300ETF,Spot ETF,ensemble,1.1332,1.7,0.0,0,-0.002762,0.0,0.0,0.0,0.012695
2024-05-30,300ETF,Spot ETF,ensemble,0.1583,1.7,0.0,0,-0.007482,0.0,0.0,0.0,0.012695
2024-05-31,300ETF,Spot ETF,ensemble,0.0986,1.7,0.0,0,-0.00778,0.0,0.0,0.0,0.012695
2024-06-03,300ETF,Spot ETF,ensemble,-0.7557,1.7,0.0,0,-0.003911,0.0,0.0,0.0,0.012695
2024-06-04,300ETF,Spot ETF,ensemble,-0.2041,1.7,0.0,0,0.006376,0.0,0.0,0.0,0.012695
2024-06-05,300ETF,Spot ETF,ensemble,0.4778,1.7,0.0,0,-0.004983,0.0,0.0,0.0,0.012695
2024-06-06,300ETF,Spot ETF,ensemble,0.0417,1.7,0.0,0,-0.004447,0.0,0.0,0.0,0.012695
2024-06-07,300ETF,Spot ETF,ensemble,-0.2562,1.7,0.0,0,-0.00474,0.0,0.0,0.0,0.012695
2024-06-11,300ETF,Spot ETF,ensemble,-0.8969,1.7,0.0,0,0.000845,0.0,0.0,0.0,0.012695
2024-06-12,300ETF,Spot ETF,ensemble,0.1809,1.7,0.0,0,0.000282,0.0,0.0,0.0,0.012695
2024-06-13,300ETF,Spot ETF,ensemble,-1.5017,1.7,-0.5575,1,-0.006218,0.003456,0.000892,0.002564,0.015259
2024-06-14,300ETF,Spot ETF,ensemble,-0.6442,1.7,0.0,0,0.005928,0.0,0.0,0.0,0.015259
2024-06-17,300ETF,Spot ETF,ensemble,-0.1473,1.7,0.0,0,-0.000282,0.0,0.0,0.0,0.015259
2024-06-18,300ETF,Spot ETF,ensemble,0.3397,1.7,0.0,0,-0.000845,0.0,0.0,0.0,0.015259
2024-06-19,300ETF,Spot ETF,ensemble,-1.3162,1.7,0.0,0,-0.000846,0.0,0.0,0.0,0.015259
2024-06-20,300ETF,Spot ETF,ensemble,-0.1406,1.7,0.0,0,-0.002839,0.0,0.0,0.0,0.015259
2024-06-21,300ETF,Spot ETF,ensemble,-0.6804,1.7,0.0,0,-0.000569,0.0,0.0,0.0,0.015259
2024-06-24,300ETF,Spot ETF,ensemble,-0.2072,1.7,0.0,0,0.002281,0.0,0.0,0.0,0.015259
2024-06-25,300ETF,Spot ETF,ensemble,-0.1924,1.7,0.0,0,-0.004581,0.0,0.0,0.0,0.015259
2024-06-26,300ETF,Spot ETF,ensemble,-0.3294,1.7,0.0,0,0.009169,0.0,0.0,0.0,0.015259
2024-06-27,300ETF,Spot ETF,ensemble,-1.6383,1.7,-0.8154,1,0.003159,-0.002344,0.001305,-0.003649,0.01161
2024-06-28,300ETF,Spot ETF,ensemble,1.5023,1.7,0.0,0,-0.005153,0.0,0.0,0.0,0.01161
2024-07-01,300ETF,Spot ETF,ensemble,-0.2682,1.7,0.0,0,0.004869,0.0,0.0,0.0,0.01161
2024-07-02,300ETF,Spot ETF,ensemble,0.5083,1.7,0.0,0,-0.003718,0.0,0.0,0.0,0.01161
2024-07-03,300ETF,Spot ETF,ensemble,-0.8993,1.7,0.0,0,0.001434,0.0,0.0,0.0,0.01161
2024-07-04,300ETF,Spot ETF,ensemble,0.864,1.7,0.0,0,-0.004876,0.0,0.0,0.0,0.01161
2024-07-05,300ETF,Spot ETF,ensemble,-1.0214,1.7,0.0,0,0.00029,0.0,0.0,0.0,0.01161
2024-07-08,300ETF,Spot ETF,ensemble,-0.1383,1.7,0.0,0,-0.002614,0.0,0.0,0.0,0.01161
2024-07-09,300ETF,Spot ETF,ensemble,-0.0846,1.7,0.0,0,0.010417,0.0,0.0,0.0,0.01161
2024-07-10,300ETF,Spot ETF,ensemble,1.1159,1.7,0.0,0,-0.003458,0.0,0.0,0.0,0.01161
2024-07-11,300ETF,Spot ETF,ensemble,-0.8278,1.7,0.0,0,0.003428,0.0,0.0,0.0,0.01161
2024-07-12,300ETF,Spot ETF,ensemble,0.2874,1.7,0.0,0,0.001422,0.0,0.0,0.0,0.01161
2024-07-15,300ETF,Spot ETF,ensemble,0.5953,1.7,0.0,0,0.0,0.0,0.0,0.0,0.01161
2024-07-16,300ETF,Spot ETF,ensemble,0.2201,1.7,0.0,0,0.00424,0.0,0.0,0.0,0.01161
2024-07-17,300ETF,Spot ETF,ensemble,-0.618,1.7,0.0,0,0.005065,0.0,0.0,0.0,0.01161
2024-07-18,300ETF,Spot ETF,ensemble,-0.236,1.7,0.0,0,0.006185,0.0,0.0,0.0,0.01161
2024-07-19,300ETF,Spot ETF,ensemble,-0.3522,1.7,0.0,0,0.008385,0.0,0.0,0.0,0.01161
2024-07-22,300ETF,Spot ETF,ensemble,-1.1317,1.7,0.0,0,0.0,0.0,0.0,0.0,0.01161
2024-07-23,300ETF,Spot ETF,ensemble,-1.5475,1.7,-0.6209,1,-0.012183,0.007519,0.000993,0.006525,0.018135
2024-07-24,300ETF,Spot ETF,ensemble,0.8079,1.7,0.0,0,-0.004308,0.0,0.0,0.0,0.018135
2024-07-25,300ETF,Spot ETF,ensemble,0.0952,1.7,0.0,0,-0.003755,0.0,0.0,0.0,0.018135
2024-07-26,300ETF,Spot ETF,ensemble,1.0904,1.7,0.0,0,-0.004322,0.0,0.0,0.0,0.018135
2024-07-29,300ETF,Spot ETF,ensemble,-0.4494,1.7,0.0,0,-0.002889,0.0,0.0,0.0,0.018135
2024-07-30,300ETF,Spot ETF,ensemble,-1.6627,1.7,-0.8835,1,0.001166,-0.000773,0.001414,-0.002186,0.015949
2024-07-31,300ETF,Spot ETF,ensemble,0.8706,1.7,0.0,0,0.014075,0.0,0.0,0.0,0.015949
2024-08-01,300ETF,Spot ETF,ensemble,-0.3904,1.7,0.0,0,-0.005152,0.0,0.0,0.0,0.015949
2024-08-02,300ETF,Spot ETF,ensemble,1.2424,1.7,0.0,0,-0.007798,0.0,0.0,0.0,0.015949
2024-08-05,300ETF,Spot ETF,ensemble,1.8294,1.7,0.5931,1,-0.010203,-0.006361,0.000949,-0.00731,0.008639
2024-08-06,300ETF,Spot ETF,ensemble,-0.816,1.7,0.0,0,-0.006168,0.0,0.0,0.0,0.008639
2024-08-07,300ETF,Spot ETF,ensemble,0.949,1.7,0.0,0,-0.002932,0.0,0.0,0.0,0.008639
2024-08-08,300ETF,Spot ETF,ensemble,-1.0979,1.7,0.0,0,0.006177,0.0,0.0,0.0,0.008639
2024-08-09,300ETF,Spot ETF,ensemble,0.1159,1.7,0.0,0,-0.005282,0.0,0.0,0.0,0.008639
2024-08-12,300ETF,Spot ETF,ensemble,-0.3762,1.7,0.0,0,-0.003536,0.0,0.0,0.0,0.008639
2024-08-13,300ETF,Spot ETF,ensemble,-0.1602,1.7,0.0,0,-0.000887,0.0,0.0,0.0,0.008639
2024-08-14,300ETF,Spot ETF,ensemble,-1.5838,1.7,-0.6877,1,0.000296,-0.0,0.0011,-0.0011,0.007539
2024-08-15,300ETF,Spot ETF,ensemble,1.6507,1.7,0.0,0,0.000589,0.0,0.0,0.0,0.007539
2024-08-16,300ETF,Spot ETF,ensemble,-0.2725,1.7,0.0,0,-0.003807,0.0,0.0,0.0,0.007539
2024-08-19,300ETF,Spot ETF,ensemble,1.9085,1.7,0.7415,1,-0.005245,-0.00345,0.001186,-0.004636,0.002903
2024-08-20,300ETF,Spot ETF,ensemble,-1.5839,1.7,-0.6878,1,-0.002647,0.00202,0.001101,0.00092,0.003822
2024-08-21,300ETF,Spot ETF,ensemble,-0.7603,1.7,0.0,0,0.001181,0.0,0.0,0.0,0.003822
2024-08-22,300ETF,Spot ETF,ensemble,-0.1479,1.7,0.0,0,-0.000888,0.0,0.0,0.0,0.003822
2024-08-23,300ETF,Spot ETF,ensemble,0.5519,1.7,0.0,0,0.004133,0.0,0.0,0.0,0.003822
2024-08-26,300ETF,Spot ETF,ensemble,-0.7255,1.7,0.0,0,0.000295,0.0,0.0,0.0,0.003822
2024-08-27,300ETF,Spot ETF,ensemble,-0.6722,1.7,0.0,0,-0.002074,0.0,0.0,0.0,0.003822
2024-08-28,300ETF,Spot ETF,ensemble,-0.3207,1.7,0.0,0,-0.001488,0.0,0.0,0.0,0.003822
2024-08-29,300ETF,Spot ETF,ensemble,0.0693,1.7,0.0,0,0.002687,0.0,0.0,0.0,0.003822
2024-08-30,300ETF,Spot ETF,ensemble,1.7274,1.7,0.5042,1,0.00472,0.002235,0.000807,0.001429,0.005251
2024-09-02,300ETF,Spot ETF,ensemble,-0.5744,1.7,0.0,0,-0.007164,0.0,0.0,0.0,0.005251
2024-09-03,300ETF,Spot ETF,ensemble,-0.2194,1.7,0.0,0,0.002394,0.0,0.0,0.0,0.005251
2024-09-04,300ETF,Spot ETF,ensemble,-0.6332,1.7,0.0,0,0.0,0.0,0.0,0.0,0.005251
2024-09-05,300ETF,Spot ETF,ensemble,-0.2269,1.7,0.0,0,0.003007,0.0,0.0,0.0,0.005251
2024-09-06,300ETF,Spot ETF,ensemble,-0.4534,1.7,0.0,0,-0.009314,0.0,0.0,0.0,0.005251
2024-09-09,300ETF,Spot ETF,ensemble,-0.2975,1.7,0.0,0,-0.006427,0.0,0.0,0.0,0.005251
2024-09-10,300ETF,Spot ETF,ensemble,-0.5598,1.7,0.0,0,0.002148,0.0,0.0,0.0,0.005251
2024-09-11,300ETF,Spot ETF,ensemble,-1.0311,1.7,0.0,0,0.000922,0.0,0.0,0.0,0.005251
2024-09-12,300ETF,Spot ETF,ensemble,0.7479,1.7,0.0,0,-0.005219,0.0,0.0,0.0,0.005251
2024-09-13,300ETF,Spot ETF,ensemble,0.5107,1.7,0.0,0,-0.007708,0.0,0.0,0.0,0.005251
2024-09-18,300ETF,Spot ETF,ensemble,0.6442,1.7,0.0,0,0.004019,0.0,0.0,0.0,0.005251
2024-09-19,300ETF,Spot ETF,ensemble,-0.8766,1.7,0.0,0,0.009837,0.0,0.0,0.0,0.005251
2024-09-20,300ETF,Spot ETF,ensemble,-0.5637,1.7,0.0,0,0.004605,0.0,0.0,0.0,0.005251
2024-09-23,300ETF,Spot ETF,ensemble,1.3908,1.7,0.0,0,-0.002737,0.0,0.0,0.0,0.005251
2024-09-24,300ETF,Spot ETF,ensemble,-0.6153,1.7,0.0,0,0.033952,0.0,0.0,0.0,0.005251
2024-09-25,300ETF,Spot ETF,ensemble,2.0006,1.7,1.0,1,-0.01287,-0.013068,0.0016,-0.014668,-0.009417
2024-09-26,300ETF,Spot ETF,ensemble,0.4909,1.7,0.0,0,0.029306,0.0,0.0,0.0,-0.009417
2024-09-27,300ETF,Spot ETF,ensemble,0.4276,1.7,0.0,0,0.032807,0.0,0.0,0.0,-0.009417
2024-09-30,300ETF,Spot ETF,ensemble,2.1361,1.7,1.0,1,0.046624,0.054181,0.0016,0.052581,0.043164
2024-10-08,300ETF,Spot ETF,ensemble,-1.1548,1.7,0.0,0,-0.042846,0.0,0.0,0.0,0.043164
2024-10-09,300ETF,Spot ETF,ensemble,-0.2788,1.7,0.0,0,-0.024574,0.0,0.0,0.0,0.043164
2024-10-10,300ETF,Spot ETF,ensemble,0.5168,1.7,0.0,0,0.012003,0.0,0.0,0.0,0.043164
2024-10-11,300ETF,Spot ETF,ensemble,-0.4173,1.7,0.0,0,-0.025337,0.0,0.0,0.0,0.043164
2024-10-14,300ETF,Spot ETF,ensemble,0.5916,1.7,0.0,0,0.010254,0.0,0.0,0.0,0.043164
2024-10-15,300ETF,Spot ETF,ensemble,0.0024,1.7,0.0,0,-0.014526,0.0,0.0,0.0,0.043164
2024-10-16,300ETF,Spot ETF,ensemble,1.6821,1.7,0.0,0,-0.008424,0.0,0.0,0.0,0.043164
2024-10-17,300ETF,Spot ETF,ensemble,0.1275,1.7,0.0,0,-0.017125,0.0,0.0,0.0,0.043164
2024-10-18,300ETF,Spot ETF,ensemble,0.7536,1.7,0.0,0,0.05867,0.0,0.0,0.0,0.043164
2024-10-21,300ETF,Spot ETF,ensemble,0.2543,1.7,0.0,0,0.008251,0.0,0.0,0.0,0.043164
2024-10-22,300ETF,Spot ETF,ensemble,1.3845,1.7,0.0,0,0.000745,0.0,0.0,0.0,0.043164
2024-10-23,300ETF,Spot ETF,ensemble,-0.4154,1.7,0.0,0,0.004203,0.0,0.0,0.0,0.043164
2024-10-24,300ETF,Spot ETF,ensemble,-0.3958,1.7,0.0,0,-0.003239,0.0,0.0,0.0,0.043164
2024-10-25,300ETF,Spot ETF,ensemble,0.698,1.7,0.0,0,0.007695,0.0,0.0,0.0,0.043164
2024-10-28,300ETF,Spot ETF,ensemble,-1.43,1.7,-0.505,1,0.003727,-0.001886,0.000808,-0.002694,0.04047
2024-10-29,300ETF,Spot ETF,ensemble,0.2799,1.7,0.0,0,-0.008186,0.0,0.0,0.0,0.04047
2024-10-30,300ETF,Spot ETF,ensemble,1.0726,1.7,0.0,0,-0.009786,0.0,0.0,0.0,0.04047
2024-10-31,300ETF,Spot ETF,ensemble,-1.063,1.7,0.0,0,0.00732,0.0,0.0,0.0,0.04047
2024-11-01,300ETF,Spot ETF,ensemble,1.1144,1.7,0.0,0,-0.002502,0.0,0.0,0.0,0.04047
2024-11-04,300ETF,Spot ETF,ensemble,-0.0406,1.7,0.0,0,0.005003,0.0,0.0,0.0,0.04047
2024-11-05,300ETF,Spot ETF,ensemble,-0.237,1.7,0.0,0,0.017591,0.0,0.0,0.0,0.04047
2024-11-06,300ETF,Spot ETF,ensemble,0.5145,1.7,0.0,0,-0.005815,0.0,0.0,0.0,0.04047
2024-11-07,300ETF,Spot ETF,ensemble,1.5357,1.7,0.0,0,0.022106,0.0,0.0,0.0,0.04047
2024-11-08,300ETF,Spot ETF,ensemble,-0.922,1.7,0.0,0,-0.011131,0.0,0.0,0.0,0.04047
2024-11-11,300ETF,Spot ETF,ensemble,1.0227,1.7,0.0,0,0.009082,0.0,0.0,0.0,0.04047
2024-11-12,300ETF,Spot ETF,ensemble,1.5172,1.7,0.0,0,-0.022831,0.0,0.0,0.0,0.04047
2024-11-13,300ETF,Spot ETF,ensemble,1.1757,1.7,0.0,0,0.004068,0.0,0.0,0.0,0.04047
2024-11-14,300ETF,Spot ETF,ensemble,0.1493,1.7,0.0,0,-0.011522,0.0,0.0,0.0,0.04047
2024-11-15,300ETF,Spot ETF,ensemble,0.2677,1.7,0.0,0,-0.004639,0.0,0.0,0.0,0.04047
2024-11-18,300ETF,Spot ETF,ensemble,-0.025,1.7,0.0,0,-0.007406,0.0,0.0,0.0,0.04047
2024-11-19,300ETF,Spot ETF,ensemble,0.8682,1.7,0.0,0,0.00173,0.0,0.0,0.0,0.04047
2024-11-20,300ETF,Spot ETF,ensemble,-0.2474,1.7,0.0,0,0.005917,0.0,0.0,0.0,0.04047
2024-11-21,300ETF,Spot ETF,ensemble,0.2719,1.7,0.0,0,0.002216,0.0,0.0,0.0,0.04047
2024-11-22,300ETF,Spot ETF,ensemble,-0.4383,1.7,0.0,0,-0.0174,0.0,0.0,0.0,0.04047
2024-11-25,300ETF,Spot ETF,ensemble,0.5494,1.7,0.0,0,-0.006108,0.0,0.0,0.0,0.04047
2024-11-26,300ETF,Spot ETF,ensemble,0.732,1.7,0.0,0,-0.001782,0.0,0.0,0.0,0.04047
2024-11-27,300ETF,Spot ETF,ensemble,0.1874,1.7,0.0,0,0.019256,0.0,0.0,0.0,0.04047
2024-11-28,300ETF,Spot ETF,ensemble,-0.0411,1.7,0.0,0,-0.003275,0.0,0.0,0.0,0.04047
2024-11-29,300ETF,Spot ETF,ensemble,1.3248,1.7,0.0,0,0.01028,0.0,0.0,0.0,0.04047
2024-12-02,300ETF,Spot ETF,ensemble,0.9482,1.7,0.0,0,-0.003229,0.0,0.0,0.0,0.04047
2024-12-03,300ETF,Spot ETF,ensemble,-1.1148,1.7,0.0,0,0.006704,0.0,0.0,0.0,0.04047
2024-12-04,300ETF,Spot ETF,ensemble,-1.268,1.7,0.0,0,-0.000997,0.0,0.0,0.0,0.04047
2024-12-05,300ETF,Spot ETF,ensemble,0.4221,1.7,0.0,0,-0.00075,0.0,0.0,0.0,0.04047
2024-12-06,300ETF,Spot ETF,ensemble,0.5159,1.7,0.0,0,0.013868,0.0,0.0,0.0,0.04047
2024-12-09,300ETF,Spot ETF,ensemble,0.1533,1.7,0.0,0,-0.001234,0.0,0.0,0.0,0.04047
2024-12-10,300ETF,Spot ETF,ensemble,-1.3187,1.7,0.0,0,-0.008521,0.0,0.0,0.0,0.04047
2024-12-11,300ETF,Spot ETF,ensemble,0.4626,1.7,0.0,0,-0.001716,0.0,0.0,0.0,0.04047
2024-12-12,300ETF,Spot ETF,ensemble,-0.3768,1.7,0.0,0,0.008798,0.0,0.0,0.0,0.04047
2024-12-13,300ETF,Spot ETF,ensemble,-1.4145,1.7,-0.5012,1,-0.006189,0.003215,0.000802,0.002413,0.042883
2024-12-16,300ETF,Spot ETF,ensemble,-0.1042,1.7,0.0,0,-0.005746,0.0,0.0,0.0,0.042883
2024-12-17,300ETF,Spot ETF,ensemble,1.4339,1.7,0.0,0,-0.006224,0.0,0.0,0.0,0.042883
2024-12-18,300ETF,Spot ETF,ensemble,0.864,1.7,0.0,0,-0.002731,0.0,0.0,0.0,0.042883
2024-12-19,300ETF,Spot ETF,ensemble,0.5192,1.7,0.0,0,0.002733,0.0,0.0,0.0,0.042883
2024-12-20,300ETF,Spot ETF,ensemble,-0.5536,1.7,0.0,0,-0.00199,0.0,0.0,0.0,0.042883
2024-12-23,300ETF,Spot ETF,ensemble,1.7283,1.7,0.5045,1,-0.003225,-0.001998,0.000807,-0.002805,0.040078
2024-12-24,300ETF,Spot ETF,ensemble,0.6946,1.7,0.0,0,0.004193,0.0,0.0,0.0,0.040078
2024-12-25,300ETF,Spot ETF,ensemble,-0.3847,1.7,0.0,0,-0.005643,0.0,0.0,0.0,0.040078
2024-12-26,300ETF,Spot ETF,ensemble,-0.7362,1.7,0.0,0,0.002948,0.0,0.0,0.0,0.040078
2024-12-27,300ETF,Spot ETF,ensemble,-0.9841,1.7,0.0,0,0.001475,0.0,0.0,0.0,0.040078
2024-12-30,300ETF,Spot ETF,ensemble,1.312,1.7,0.0,0,0.000734,0.0,0.0,0.0,0.040078
2024-12-31,300ETF,Spot ETF,ensemble,-0.4662,1.7,0.0,0,-0.011341,0.0,0.0,0.0,0.040078
2025-01-02,300ETF,Spot ETF,ensemble,-1.1687,1.7,0.0,0,-0.021304,0.0,0.0,0.0,0.040078
2025-01-03,300ETF,Spot ETF,ensemble,-0.4959,1.7,0.0,0,-0.007734,0.0,0.0,0.0,0.040078
2025-01-06,300ETF,Spot ETF,ensemble,-0.4405,1.7,0.0,0,0.000522,0.0,0.0,0.0,0.040078
2025-01-07,300ETF,Spot ETF,ensemble,0.9262,1.7,0.0,0,0.003879,0.0,0.0,0.0,0.040078
2025-01-08,300ETF,Spot ETF,ensemble,-0.5357,1.7,0.0,0,0.001293,0.0,0.0,0.0,0.040078
2025-01-09,300ETF,Spot ETF,ensemble,-0.3415,1.7,0.0,0,0.001807,0.0,0.0,0.0,0.040078
2025-01-10,300ETF,Spot ETF,ensemble,-0.4093,1.7,0.0,0,-0.003382,0.0,0.0,0.0,0.040078
2025-01-13,300ETF,Spot ETF,ensemble,1.237,1.7,0.0,0,-0.003152,0.0,0.0,0.0,0.040078
2025-01-14,300ETF,Spot ETF,ensemble,0.6313,1.7,0.0,0,0.01318,0.0,0.0,0.0,0.040078
2025-01-15,300ETF,Spot ETF,ensemble,-0.683,1.7,0.0,0,-0.003086,0.0,0.0,0.0,0.040078
2025-01-16,300ETF,Spot ETF,ensemble,1.5824,1.7,0.0,0,-0.007448,0.0,0.0,0.0,0.040078
2025-01-17,300ETF,Spot ETF,ensemble,-0.0516,1.7,0.0,0,0.00514,0.0,0.0,0.0,0.040078
2025-01-20,300ETF,Spot ETF,ensemble,0.9622,1.7,0.0,0,-0.006617,0.0,0.0,0.0,0.040078
2025-01-21,300ETF,Spot ETF,ensemble,-1.4182,1.7,-0.5018,1,0.003066,-0.00167,0.000803,-0.002473,0.037605
2025-01-22,300ETF,Spot ETF,ensemble,-1.0468,1.7,0.0,0,0.001031,0.0,0.0,0.0,0.037605
2025-01-23,300ETF,Spot ETF,ensemble,0.845,1.7,0.0,0,-0.008934,0.0,0.0,0.0,0.037605
2025-01-24,300ETF,Spot ETF,ensemble,0.8588,1.7,0.0,0,0.003314,0.0,0.0,0.0,0.037605
2025-01-27,300ETF,Spot ETF,ensemble,0.8602,1.7,0.0,0,-0.00051,0.0,0.0,0.0,0.037605
2025-02-05,300ETF,Spot ETF,ensemble,-1.6498,1.7,-0.8466,1,-0.002827,0.00239,0.001355,0.001035,0.038641
2025-02-06,300ETF,Spot ETF,ensemble,0.4773,1.7,0.0,0,0.010996,0.0,0.0,0.0,0.038641
2025-02-07,300ETF,Spot ETF,ensemble,-0.1423,1.7,0.0,0,0.002525,0.0,0.0,0.0,0.038641
2025-02-10,300ETF,Spot ETF,ensemble,-0.8832,1.7,0.0,0,-0.000752,0.0,0.0,0.0,0.038641
2025-02-11,300ETF,Spot ETF,ensemble,-1.4467,1.7,-0.5121,1,-0.000503,0.000386,0.000819,-0.000433,0.038208
2025-02-12,300ETF,Spot ETF,ensemble,-0.1393,1.7,0.0,0,0.001005,0.0,0.0,0.0,0.038208
2025-02-13,300ETF,Spot ETF,ensemble,-0.1138,1.7,0.0,0,-0.001246,0.0,0.0,0.0,0.038208
2025-02-14,300ETF,Spot ETF,ensemble,0.6122,1.7,0.0,0,0.006726,0.0,0.0,0.0,0.038208
2025-02-17,300ETF,Spot ETF,ensemble,-0.2398,1.7,0.0,0,0.000744,0.0,0.0,0.0,0.038208
2025-02-18,300ETF,Spot ETF,ensemble,-0.3211,1.7,0.0,0,-0.00946,0.0,0.0,0.0,0.038208
2025-02-19,300ETF,Spot ETF,ensemble,0.1979,1.7,0.0,0,0.00348,0.0,0.0,0.0,0.038208
2025-02-20,300ETF,Spot ETF,ensemble,-0.7369,1.7,0.0,0,0.001988,0.0,0.0,0.0,0.038208
2025-02-21,300ETF,Spot ETF,ensemble,0.1233,1.7,0.0,0,0.013334,0.0,0.0,0.0,0.038208
2025-02-24,300ETF,Spot ETF,ensemble,0.4687,1.7,0.0,0,-0.003687,0.0,0.0,0.0,0.038208
2025-02-25,300ETF,Spot ETF,ensemble,-0.3516,1.7,0.0,0,-0.004224,0.0,0.0,0.0,0.038208
2025-02-26,300ETF,Spot ETF,ensemble,0.731,1.7,0.0,0,0.002227,0.0,0.0,0.0,0.038208
2025-02-27,300ETF,Spot ETF,ensemble,0.1872,1.7,0.0,0,0.00148,0.0,0.0,0.0,0.038208
2025-02-28,300ETF,Spot ETF,ensemble,0.3427,1.7,0.0,0,-0.011955,0.0,0.0,0.0,0.038208
2025-03-03,300ETF,Spot ETF,ensemble,-0.2838,1.7,0.0,0,-0.007772,0.0,0.0,0.0,0.038208
2025-03-04,300ETF,Spot ETF,ensemble,-0.3211,1.7,0.0,0,0.003274,0.0,0.0,0.0,0.038208
2025-03-05,300ETF,Spot ETF,ensemble,-0.1455,1.7,0.0,0,0.004017,0.0,0.0,0.0,0.038208
2025-03-06,300ETF,Spot ETF,ensemble,-0.5062,1.7,0.0,0,0.006426,0.0,0.0,0.0,0.038208
2025-03-07,300ETF,Spot ETF,ensemble,-0.3207,1.7,0.0,0,-0.000496,0.0,0.0,0.0,0.038208
2025-03-10,300ETF,Spot ETF,ensemble,-0.6101,1.7,0.0,0,0.002988,0.0,0.0,0.0,0.038208
2025-03-11,300ETF,Spot ETF,ensemble,0.6724,1.7,0.0,0,0.001246,0.0,0.0,0.0,0.038208
2025-03-12,300ETF,Spot ETF,ensemble,-1.4002,1.7,-0.5,1,0.0,-0.0,0.0008,-0.0008,0.037408
2025-03-13,300ETF,Spot ETF,ensemble,0.0986,1.7,0.0,0,-0.001993,0.0,0.0,0.0,0.037408
2025-03-14,300ETF,Spot ETF,ensemble,1.7829,1.7,0.5382,1,0.009065,0.004767,0.000861,0.003906,0.041314
2025-03-17,300ETF,Spot ETF,ensemble,-0.1537,1.7,0.0,0,-0.001221,0.0,0.0,0.0,0.041314
2025-03-18,300ETF,Spot ETF,ensemble,-0.7294,1.7,0.0,0,-0.000731,0.0,0.0,0.0,0.041314
2025-03-19,300ETF,Spot ETF,ensemble,-0.2989,1.7,0.0,0,0.003663,0.0,0.0,0.0,0.041314
2025-03-20,300ETF,Spot ETF,ensemble,-1.2093,1.7,0.0,0,0.0,0.0,0.0,0.0,0.041314
2025-03-21,300ETF,Spot ETF,ensemble,0.4612,1.7,0.0,0,-0.013858,0.0,0.0,0.0,0.041314
2025-03-24,300ETF,Spot ETF,ensemble,0.2987,1.7,0.0,0,0.000498,0.0,0.0,0.0,0.041314
2025-03-25,300ETF,Spot ETF,ensemble,-0.2047,1.7,0.0,0,0.0,0.0,0.0,0.0,0.041314
2025-03-26,300ETF,Spot ETF,ensemble,-0.1172,1.7,0.0,0,-0.005964,0.0,0.0,0.0,0.041314
2025-03-27,300ETF,Spot ETF,ensemble,-0.0951,1.7,0.0,0,0.001492,0.0,0.0,0.0,0.041314
2025-03-28,300ETF,Spot ETF,ensemble,-0.8583,1.7,0.0,0,0.0,0.0,0.0,0.0,0.041314
2025-03-31,300ETF,Spot ETF,ensemble,0.1742,1.7,0.0,0,-0.007002,0.0,0.0,0.0,0.041314
2025-04-01,300ETF,Spot ETF,ensemble,-0.404,1.7,0.0,0,-0.001505,0.0,0.0,0.0,0.041314
2025-04-02,300ETF,Spot ETF,ensemble,-0.0452,1.7,0.0,0,-0.003517,0.0,0.0,0.0,0.041314
2025-04-03,300ETF,Spot ETF,ensemble,1.0601,1.7,0.0,0,-0.003282,0.0,0.0,0.0,0.041314
2025-04-07,300ETF,Spot ETF,ensemble,0.6411,1.7,0.0,0,-0.022436,0.0,0.0,0.0,0.041314
2025-04-08,300ETF,Spot ETF,ensemble,0.6142,1.7,0.0,0,0.00027,0.0,0.0,0.0,0.041314
2025-04-09,300ETF,Spot ETF,ensemble,0.2944,1.7,0.0,0,0.018732,0.0,0.0,0.0,0.041314
2025-04-10,300ETF,Spot ETF,ensemble,-0.7868,1.7,0.0,0,-0.003389,0.0,0.0,0.0,0.041314
2025-04-11,300ETF,Spot ETF,ensemble,-0.4447,1.7,0.0,0,0.007056,0.0,0.0,0.0,0.041314
2025-04-14,300ETF,Spot ETF,ensemble,-0.8553,1.7,0.0,0,-0.002075,0.0,0.0,0.0,0.041314
2025-04-15,300ETF,Spot ETF,ensemble,-1.3227,1.7,0.0,0,0.00287,0.0,0.0,0.0,0.041314
2025-04-16,300ETF,Spot ETF,ensemble,-1.4455,1.7,-0.5115,1,-0.000261,0.000267,0.000818,-0.000551,0.040762
2025-04-17,300ETF,Spot ETF,ensemble,0.2032,1.7,0.0,0,0.000518,0.0,0.0,0.0,0.040762
2025-04-18,300ETF,Spot ETF,ensemble,-0.6719,1.7,0.0,0,0.001556,0.0,0.0,0.0,0.040762
2025-04-21,300ETF,Spot ETF,ensemble,0.8159,1.7,0.0,0,0.000773,0.0,0.0,0.0,0.040762
2025-04-22,300ETF,Spot ETF,ensemble,0.5119,1.7,0.0,0,0.0,0.0,0.0,0.0,0.040762
2025-04-23,300ETF,Spot ETF,ensemble,-1.037,1.7,0.0,0,0.000773,0.0,0.0,0.0,0.040762
2025-04-24,300ETF,Spot ETF,ensemble,0.4125,1.7,0.0,0,-0.002315,0.0,0.0,0.0,0.040762
2025-04-25,300ETF,Spot ETF,ensemble,-0.3526,1.7,0.0,0,-0.000772,0.0,0.0,0.0,0.040762
2025-04-28,300ETF,Spot ETF,ensemble,-1.3239,1.7,0.0,0,0.001808,0.0,0.0,0.0,0.040762
2025-04-29,300ETF,Spot ETF,ensemble,-0.6531,1.7,0.0,0,-0.000517,0.0,0.0,0.0,0.040762
2025-04-30,300ETF,Spot ETF,ensemble,0.0261,1.7,0.0,0,-0.000258,0.0,0.0,0.0,0.040762
2025-05-06,300ETF,Spot ETF,ensemble,-1.1296,1.7,0.0,0,0.001283,0.0,0.0,0.0,0.040762
2025-05-07,300ETF,Spot ETF,ensemble,-1.2679,1.7,0.0,0,-0.002806,0.0,0.0,0.0,0.040762
2025-05-08,300ETF,Spot ETF,ensemble,1.328,1.7,0.0,0,-0.000506,0.0,0.0,0.0,0.040762
2025-05-09,300ETF,Spot ETF,ensemble,-0.5823,1.7,0.0,0,-0.000507,0.0,0.0,0.0,0.040762
2025-05-12,300ETF,Spot ETF,ensemble,-0.3574,1.7,0.0,0,0.002766,0.0,0.0,0.0,0.040762
2025-05-13,300ETF,Spot ETF,ensemble,-1.4303,1.7,-0.5051,1,-0.001,0.000379,0.000808,-0.000429,0.040333
2025-05-14,300ETF,Spot ETF,ensemble,-0.4529,1.7,0.0,0,0.01045,0.0,0.0,0.0,0.040333
2025-05-15,300ETF,Spot ETF,ensemble,-0.5458,1.7,0.0,0,-0.001992,0.0,0.0,0.0,0.040333
2025-05-16,300ETF,Spot ETF,ensemble,-0.6267,1.7,0.0,0,-0.00451,0.0,0.0,0.0,0.040333
2025-05-19,300ETF,Spot ETF,ensemble,-0.6775,1.7,0.0,0,0.003523,0.0,0.0,0.0,0.040333
2025-05-20,300ETF,Spot ETF,ensemble,0.1435,1.7,0.0,0,0.004255,0.0,0.0,0.0,0.040333
2025-05-21,300ETF,Spot ETF,ensemble,0.9943,1.7,0.0,0,0.001245,0.0,0.0,0.0,0.040333
2025-05-22,300ETF,Spot ETF,ensemble,-0.9516,1.7,0.0,0,0.000746,0.0,0.0,0.0,0.040333
2025-05-23,300ETF,Spot ETF,ensemble,0.8642,1.7,0.0,0,-0.009479,0.0,0.0,0.0,0.040333
2025-05-26,300ETF,Spot ETF,ensemble,-0.5783,1.7,0.0,0,-0.004784,0.0,0.0,0.0,0.040333
2025-05-27,300ETF,Spot ETF,ensemble,-0.1962,1.7,0.0,0,-0.003794,0.0,0.0,0.0,0.040333
2025-05-28,300ETF,Spot ETF,ensemble,0.0684,1.7,0.0,0,-0.002532,0.0,0.0,0.0,0.040333
2025-05-29,300ETF,Spot ETF,ensemble,0.2374,1.7,0.0,0,0.000757,0.0,0.0,0.0,0.040333
2025-05-30,300ETF,Spot ETF,ensemble,-0.1452,1.7,0.0,0,0.004305,0.0,0.0,0.0,0.040333
2025-06-03,300ETF,Spot ETF,ensemble,0.7035,1.7,0.0,0,0.000757,0.0,0.0,0.0,0.040333
2025-06-04,300ETF,Spot ETF,ensemble,0.6403,1.7,0.0,0,-0.000252,0.0,0.0,0.0,0.040333
2025-06-05,300ETF,Spot ETF,ensemble,-0.8511,1.7,0.0,0,0.003771,0.0,0.0,0.0,0.040333
2025-06-06,300ETF,Spot ETF,ensemble,-0.23,1.7,0.0,0,-0.000251,0.0,0.0,0.0,0.040333
2025-06-09,300ETF,Spot ETF,ensemble,0.0705,1.7,0.0,0,-0.001001,0.0,0.0,0.0,0.040333
2025-06-10,300ETF,Spot ETF,ensemble,-0.0929,1.7,0.0,0,-0.006773,0.0,0.0,0.0,0.040333
2025-06-11,300ETF,Spot ETF,ensemble,1.7843,1.7,0.5395,1,-0.00299,-0.001611,0.000863,-0.002474,0.037859
2025-06-12,300ETF,Spot ETF,ensemble,-0.5287,1.7,0.0,0,0.0025,0.0,0.0,0.0,0.037859
2025-06-13,300ETF,Spot ETF,ensemble,0.157,1.7,0.0,0,-0.001757,0.0,0.0,0.0,0.037859
2025-06-16,300ETF,Spot ETF,ensemble,0.3387,1.7,0.0,0,0.002007,0.0,0.0,0.0,0.037859
2025-06-17,300ETF,Spot ETF,ensemble,0.1011,1.7,0.0,0,-0.002758,0.0,0.0,0.0,0.037859
2025-06-18,300ETF,Spot ETF,ensemble,0.1551,1.7,0.0,0,0.001282,0.0,0.0,0.0,0.037859
2025-06-19,300ETF,Spot ETF,ensemble,-0.6621,1.7,0.0,0,-0.007473,0.0,0.0,0.0,0.037859
2025-06-20,300ETF,Spot ETF,ensemble,0.8862,1.7,0.0,0,-0.002062,0.0,0.0,0.0,0.037859
2025-06-23,300ETF,Spot ETF,ensemble,0.007,1.7,0.0,0,0.006179,0.0,0.0,0.0,0.037859
2025-06-24,300ETF,Spot ETF,ensemble,1.4962,1.7,0.0,0,0.000509,0.0,0.0,0.0,0.037859
2025-06-25,300ETF,Spot ETF,ensemble,0.2354,1.7,0.0,0,0.012091,0.0,0.0,0.0,0.037859
2025-06-26,300ETF,Spot ETF,ensemble,-0.2848,1.7,0.0,0,-0.002254,0.0,0.0,0.0,0.037859
2025-06-27,300ETF,Spot ETF,ensemble,-0.0251,1.7,0.0,0,-0.01005,0.0,0.0,0.0,0.037859
2025-06-30,300ETF,Spot ETF,ensemble,0.1875,1.7,0.0,0,0.003271,0.0,0.0,0.0,0.037859
2025-07-01,300ETF,Spot ETF,ensemble,-0.6642,1.7,0.0,0,0.00201,0.0,0.0,0.0,0.037859
2025-07-02,300ETF,Spot ETF,ensemble,-0.6493,1.7,0.0,0,0.002258,0.0,0.0,0.0,0.037859
2025-07-03,300ETF,Spot ETF,ensemble,0.3213,1.7,0.0,0,0.002993,0.0,0.0,0.0,0.037859
2025-07-04,300ETF,Spot ETF,ensemble,-0.4761,1.7,0.0,0,0.003234,0.0,0.0,0.0,0.037859
2025-07-07,300ETF,Spot ETF,ensemble,-1.0966,1.7,0.0,0,0.000498,0.0,0.0,0.0,0.037859
2025-07-08,300ETF,Spot ETF,ensemble,0.4477,1.7,0.0,0,0.005691,0.0,0.0,0.0,0.037859
2025-07-09,300ETF,Spot ETF,ensemble,0.1356,1.7,0.0,0,-0.000247,0.0,0.0,0.0,0.037859
2025-07-10,300ETF,Spot ETF,ensemble,0.2453,1.7,0.0,0,0.004437,0.0,0.0,0.0,0.037859
2025-07-11,300ETF,Spot ETF,ensemble,0.4663,1.7,0.0,0,0.001711,0.0,0.0,0.0,0.037859
2025-07-14,300ETF,Spot ETF,ensemble,0.2331,1.7,0.0,0,0.000979,0.0,0.0,0.0,0.037859
2025-07-15,300ETF,Spot ETF,ensemble,0.8238,1.7,0.0,0,-0.003912,0.0,0.0,0.0,0.037859
2025-07-16,300ETF,Spot ETF,ensemble,-0.4754,1.7,0.0,0,-0.005148,0.0,0.0,0.0,0.037859
2025-07-17,300ETF,Spot ETF,ensemble,0.8904,1.7,0.0,0,0.003912,0.0,0.0,0.0,0.037859
2025-07-18,300ETF,Spot ETF,ensemble,0.8067,1.7,0.0,0,-0.001697,0.0,0.0,0.0,0.037859
2025-07-21,300ETF,Spot ETF,ensemble,-0.1982,1.7,0.0,0,0.002649,0.0,0.0,0.0,0.037859
2025-07-22,300ETF,Spot ETF,ensemble,0.2938,1.7,0.0,0,0.009102,0.0,0.0,0.0,0.037859
2025-07-23,300ETF,Spot ETF,ensemble,0.125,1.7,0.0,0,-0.003567,0.0,0.0,0.0,0.037859
2025-07-24,300ETF,Spot ETF,ensemble,0.4624,1.7,0.0,0,0.005932,0.0,0.0,0.0,0.037859
2025-07-25,300ETF,Spot ETF,ensemble,-0.5308,1.7,0.0,0,-0.002137,0.0,0.0,0.0,0.037859
2025-07-28,300ETF,Spot ETF,ensemble,-0.589,1.7,0.0,0,-0.000712,0.0,0.0,0.0,0.037859
2025-07-29,300ETF,Spot ETF,ensemble,0.1777,1.7,0.0,0,0.007836,0.0,0.0,0.0,0.037859
2025-07-30,300ETF,Spot ETF,ensemble,0.2098,1.7,0.0,0,-0.001888,0.0,0.0,0.0,0.037859
2025-07-31,300ETF,Spot ETF,ensemble,-1.213,1.7,0.0,0,-0.008889,0.0,0.0,0.0,0.037859
2025-08-01,300ETF,Spot ETF,ensemble,0.3196,1.7,0.0,0,-0.00531,0.0,0.0,0.0,0.037859
2025-08-04,300ETF,Spot ETF,ensemble,0.7346,1.7,0.0,0,0.002656,0.0,0.0,0.0,0.037859
2025-08-05,300ETF,Spot ETF,ensemble,-0.083,1.7,0.0,0,0.005518,0.0,0.0,0.0,0.037859
2025-08-06,300ETF,Spot ETF,ensemble,0.331,1.7,0.0,0,0.002387,0.0,0.0,0.0,0.037859
2025-08-07,300ETF,Spot ETF,ensemble,0.1569,1.7,0.0,0,-0.000477,0.0,0.0,0.0,0.037859
2025-08-08,300ETF,Spot ETF,ensemble,-0.4163,1.7,0.0,0,0.001913,0.0,0.0,0.0,0.037859
2025-08-11,300ETF,Spot ETF,ensemble,-0.436,1.7,0.0,0,0.001665,0.0,0.0,0.0,0.037859
2025-08-12,300ETF,Spot ETF,ensemble,0.3722,1.7,0.0,0,0.00071,0.0,0.0,0.0,0.037859
2025-08-13,300ETF,Spot ETF,ensemble,0.6233,1.7,0.0,0,0.001885,0.0,0.0,0.0,0.037859
2025-08-14,300ETF,Spot ETF,ensemble,1.1163,1.7,0.0,0,-0.002806,0.0,0.0,0.0,0.037859
2025-08-15,300ETF,Spot ETF,ensemble,0.2904,1.7,0.0,0,0.004679,0.0,0.0,0.0,0.037859
2025-08-18,300ETF,Spot ETF,ensemble,-0.2482,1.7,0.0,0,0.003473,0.0,0.0,0.0,0.037859
2025-08-19,300ETF,Spot ETF,ensemble,1.1348,1.7,0.0,0,-0.005091,0.0,0.0,0.0,0.037859
2025-08-20,300ETF,Spot ETF,ensemble,0.1061,1.7,0.0,0,0.007394,0.0,0.0,0.0,0.037859
2025-08-21,300ETF,Spot ETF,ensemble,0.4213,1.7,0.0,0,0.000459,0.0,0.0,0.0,0.037859
2025-08-22,300ETF,Spot ETF,ensemble,1.2136,1.7,0.0,0,0.014431,0.0,0.0,0.0,0.037859
2025-08-25,300ETF,Spot ETF,ensemble,1.1576,1.7,0.0,0,0.007066,0.0,0.0,0.0,0.037859
2025-08-26,300ETF,Spot ETF,ensemble,-0.7225,1.7,0.0,0,0.002637,0.0,0.0,0.0,0.037859
2025-08-27,300ETF,Spot ETF,ensemble,0.3734,1.7,0.0,0,-0.003751,0.0,0.0,0.0,0.037859
2025-08-28,300ETF,Spot ETF,ensemble,1.1156,1.7,0.0,0,0.010664,0.0,0.0,0.0,0.037859
2025-08-29,300ETF,Spot ETF,ensemble,1.0461,1.7,0.0,0,0.00218,0.0,0.0,0.0,0.037859
2025-09-01,300ETF,Spot ETF,ensemble,-0.7516,1.7,0.0,0,0.005865,0.0,0.0,0.0,0.037859
2025-09-02,300ETF,Spot ETF,ensemble,0.8416,1.7,0.0,0,-0.008701,0.0,0.0,0.0,0.037859
2025-09-03,300ETF,Spot ETF,ensemble,-0.4276,1.7,0.0,0,-0.003286,0.0,0.0,0.0,0.037859
2025-09-04,300ETF,Spot ETF,ensemble,-0.6278,1.7,0.0,0,-0.018604,0.0,0.0,0.0,0.037859
2025-09-05,300ETF,Spot ETF,ensemble,0.1905,1.7,0.0,0,0.014838,0.0,0.0,0.0,0.037859
2025-09-08,300ETF,Spot ETF,ensemble,0.5565,1.7,0.0,0,0.001315,0.0,0.0,0.0,0.037859
2025-09-09,300ETF,Spot ETF,ensemble,0.4492,1.7,0.0,0,-0.009911,0.0,0.0,0.0,0.037859
2025-09-10,300ETF,Spot ETF,ensemble,0.519,1.7,0.0,0,0.001101,0.0,0.0,0.0,0.037859
2025-09-11,300ETF,Spot ETF,ensemble,0.1705,1.7,0.0,0,0.020453,0.0,0.0,0.0,0.037859
2025-09-12,300ETF,Spot ETF,ensemble,0.448,1.7,0.0,0,-0.006036,0.0,0.0,0.0,0.037859
2025-09-15,300ETF,Spot ETF,ensemble,0.4422,1.7,0.0,0,-0.001294,0.0,0.0,0.0,0.037859
2025-09-16,300ETF,Spot ETF,ensemble,0.029,1.7,0.0,0,-0.003031,0.0,0.0,0.0,0.037859
2025-09-17,300ETF,Spot ETF,ensemble,0.1087,1.7,0.0,0,0.005182,0.0,0.0,0.0,0.037859
2025-09-18,300ETF,Spot ETF,ensemble,-0.4227,1.7,0.0,0,-0.013656,0.0,0.0,0.0,0.037859
2025-09-19,300ETF,Spot ETF,ensemble,0.5077,1.7,0.0,0,0.002821,0.0,0.0,0.0,0.037859
2025-09-22,300ETF,Spot ETF,ensemble,-1.0521,1.7,0.0,0,0.006304,0.0,0.0,0.0,0.037859
2025-09-23,300ETF,Spot ETF,ensemble,-0.0219,1.7,0.0,0,-0.008239,0.0,0.0,0.0,0.037859
2025-09-24,300ETF,Spot ETF,ensemble,0.9767,1.7,0.0,0,0.004742,0.0,0.0,0.0,0.037859
2025-09-25,300ETF,Spot ETF,ensemble,0.27,1.7,0.0,0,0.010031,0.0,0.0,0.0,0.037859
2025-09-26,300ETF,Spot ETF,ensemble,0.358,1.7,0.0,0,-0.005567,0.0,0.0,0.0,0.037859
2025-09-29,300ETF,Spot ETF,ensemble,-0.0025,1.7,0.0,0,0.01515,0.0,0.0,0.0,0.037859
2025-09-30,300ETF,Spot ETF,ensemble,0.3196,1.7,0.0,0,0.000632,0.0,0.0,0.0,0.037859
2025-10-09,300ETF,Spot ETF,ensemble,0.309,1.7,0.0,0,0.010646,0.0,0.0,0.0,0.037859
2025-10-10,300ETF,Spot ETF,ensemble,-0.5803,1.7,0.0,0,-0.010323,0.0,0.0,0.0,0.037859
2025-10-13,300ETF,Spot ETF,ensemble,1.1997,1.7,0.0,0,0.011125,0.0,0.0,0.0,0.037859
2025-10-14,300ETF,Spot ETF,ensemble,-0.11,1.7,0.0,0,-0.0188,0.0,0.0,0.0,0.037859
2025-10-15,300ETF,Spot ETF,ensemble,-0.5364,1.7,0.0,0,0.010688,0.0,0.0,0.0,0.037859
2025-10-16,300ETF,Spot ETF,ensemble,1.2212,1.7,0.0,0,-0.001483,0.0,0.0,0.0,0.037859
2025-10-17,300ETF,Spot ETF,ensemble,-0.3114,1.7,0.0,0,-0.010762,0.0,0.0,0.0,0.037859
2025-10-20,300ETF,Spot ETF,ensemble,-0.4144,1.7,0.0,0,-0.007105,0.0,0.0,0.0,0.037859
2025-10-21,300ETF,Spot ETF,ensemble,0.7446,1.7,0.0,0,0.004469,0.0,0.0,0.0,0.037859
2025-10-22,300ETF,Spot ETF,ensemble,-0.3057,1.7,0.0,0,0.001918,0.0,0.0,0.0,0.037859
2025-10-23,300ETF,Spot ETF,ensemble,-0.2726,1.7,0.0,0,0.009404,0.0,0.0,0.0,0.037859
2025-10-24,300ETF,Spot ETF,ensemble,1.0049,1.7,0.0,0,0.005895,0.0,0.0,0.0,0.037859
2025-10-27,300ETF,Spot ETF,ensemble,-0.0568,1.7,0.0,0,0.00166,0.0,0.0,0.0,0.037859
2025-10-28,300ETF,Spot ETF,ensemble,-0.5993,1.7,0.0,0,-0.002285,0.0,0.0,0.0,0.037859
2025-10-29,300ETF,Spot ETF,ensemble,0.5648,1.7,0.0,0,0.006822,0.0,0.0,0.0,0.037859
2025-10-30,300ETF,Spot ETF,ensemble,0.1959,1.7,0.0,0,-0.003717,0.0,0.0,0.0,0.037859
2025-10-31,300ETF,Spot ETF,ensemble,-0.817,1.7,0.0,0,-0.007321,0.0,0.0,0.0,0.037859
2025-11-03,300ETF,Spot ETF,ensemble,-0.4885,1.7,0.0,0,0.007173,0.0,0.0,0.0,0.037859
2025-11-04,300ETF,Spot ETF,ensemble,0.3967,1.7,0.0,0,-0.00866,0.0,0.0,0.0,0.037859
2025-11-05,300ETF,Spot ETF,ensemble,-0.1557,1.7,0.0,0,0.010806,0.0,0.0,0.0,0.037859
2025-11-06,300ETF,Spot ETF,ensemble,1.288,1.7,0.0,0,0.00585,0.0,0.0,0.0,0.037859
2025-11-07,300ETF,Spot ETF,ensemble,-0.2508,1.7,0.0,0,0.000834,0.0,0.0,0.0,0.037859
2025-11-10,300ETF,Spot ETF,ensemble,-0.4183,1.7,0.0,0,0.006892,0.0,0.0,0.0,0.037859
2025-11-11,300ETF,Spot ETF,ensemble,-0.8169,1.7,0.0,0,-0.006272,0.0,0.0,0.0,0.037859
2025-11-12,300ETF,Spot ETF,ensemble,-0.1963,1.7,0.0,0,-0.001049,0.0,0.0,0.0,0.037859
2025-11-13,300ETF,Spot ETF,ensemble,0.3438,1.7,0.0,0,0.007097,0.0,0.0,0.0,0.037859
2025-11-14,300ETF,Spot ETF,ensemble,-0.1789,1.7,0.0,0,-0.00335,0.0,0.0,0.0,0.037859
2025-11-17,300ETF,Spot ETF,ensemble,-0.415,1.7,0.0,0,0.000425,0.0,0.0,0.0,0.037859
2025-11-18,300ETF,Spot ETF,ensemble,0.1273,1.7,0.0,0,-0.003204,0.0,0.0,0.0,0.037859
2025-11-19,300ETF,Spot ETF,ensemble,0.897,1.7,0.0,0,0.002126,0.0,0.0,0.0,0.037859
2025-11-20,300ETF,Spot ETF,ensemble,-0.8126,1.7,0.0,0,-0.005745,0.0,0.0,0.0,0.037859
2025-11-21,300ETF,Spot ETF,ensemble,-0.6631,1.7,0.0,0,-0.007611,0.0,0.0,0.0,0.037859
2025-11-24,300ETF,Spot ETF,ensemble,-0.8978,1.7,0.0,0,0.002629,0.0,0.0,0.0,0.037859
2025-11-25,300ETF,Spot ETF,ensemble,-0.4956,1.7,0.0,0,0.000871,0.0,0.0,0.0,0.037859
2025-11-26,300ETF,Spot ETF,ensemble,0.3517,1.7,0.0,0,0.001297,0.0,0.0,0.0,0.037859
2025-11-27,300ETF,Spot ETF,ensemble,1.1646,1.7,0.0,0,-0.007958,0.0,0.0,0.0,0.037859
2025-11-28,300ETF,Spot ETF,ensemble,-0.5557,1.7,0.0,0,0.006061,0.0,0.0,0.0,0.037859
2025-12-01,300ETF,Spot ETF,ensemble,0.343,1.7,0.0,0,0.003425,0.0,0.0,0.0,0.037859
2025-12-02,300ETF,Spot ETF,ensemble,-0.8804,1.7,0.0,0,-0.003854,0.0,0.0,0.0,0.037859
2025-12-03,300ETF,Spot ETF,ensemble,0.2978,1.7,0.0,0,-0.004939,0.0,0.0,0.0,0.037859
2025-12-04,300ETF,Spot ETF,ensemble,0.24,1.7,0.0,0,0.005601,0.0,0.0,0.0,0.037859
2025-12-05,300ETF,Spot ETF,ensemble,-0.2877,1.7,0.0,0,0.007267,0.0,0.0,0.0,0.037859
2025-12-08,300ETF,Spot ETF,ensemble,0.5775,1.7,0.0,0,0.005714,0.0,0.0,0.0,0.037859
2025-12-09,300ETF,Spot ETF,ensemble,-0.2385,1.7,0.0,0,-0.00678,0.0,0.0,0.0,0.037859
2025-12-10,300ETF,Spot ETF,ensemble,-1.4617,1.7,-0.5212,1,0.008536,-0.00413,0.000834,-0.004964,0.032895
2025-12-11,300ETF,Spot ETF,ensemble,0.6064,1.7,0.0,0,-0.007877,0.0,0.0,0.0,0.032895
2025-12-12,300ETF,Spot ETF,ensemble,-1.032,1.7,0.0,0,0.006838,0.0,0.0,0.0,0.032895
2025-12-15,300ETF,Spot ETF,ensemble,0.7633,1.7,0.0,0,-0.005761,0.0,0.0,0.0,0.032895
2025-12-16,300ETF,Spot ETF,ensemble,-0.534,1.7,0.0,0,-0.004103,0.0,0.0,0.0,0.032895
2025-12-17,300ETF,Spot ETF,ensemble,0.877,1.7,0.0,0,0.016721,0.0,0.0,0.0,0.032895
2025-12-18,300ETF,Spot ETF,ensemble,-0.4726,1.7,0.0,0,-0.001709,0.0,0.0,0.0,0.032895
2025-12-19,300ETF,Spot ETF,ensemble,-0.8843,1.7,0.0,0,0.001708,0.0,0.0,0.0,0.032895
2025-12-22,300ETF,Spot ETF,ensemble,0.8687,1.7,0.0,0,0.0,0.0,0.0,0.0,0.032895
2025-12-23,300ETF,Spot ETF,ensemble,-0.4902,1.7,0.0,0,-0.001901,0.0,0.0,0.0,0.032895
2025-12-24,300ETF,Spot ETF,ensemble,-0.6352,1.7,0.0,0,0.003793,0.0,0.0,0.0,0.032895
2025-12-25,300ETF,Spot ETF,ensemble,0.072,1.7,0.0,0,0.003992,0.0,0.0,0.0,0.032895
2025-12-26,300ETF,Spot ETF,ensemble,0.6188,1.7,0.0,0,-0.002091,0.0,0.0,0.0,0.032895
2025-12-29,300ETF,Spot ETF,ensemble,-0.4868,1.7,0.0,0,-0.004408,0.0,0.0,0.0,0.032895
2025-12-30,300ETF,Spot ETF,ensemble,0.7282,1.7,0.0,0,0.001257,0.0,0.0,0.0,0.032895
2025-12-31,300ETF,Spot ETF,ensemble,-0.9142,1.7,0.0,0,-0.005252,0.0,0.0,0.0,0.032895
2024-01-02,500ETF,Spot ETF,ensemble,-0.5118,1.1,0.0,0,0.0,0.0,0.0,0.0,0.0
2024-01-03,500ETF,Spot ETF,ensemble,0.9578,1.1,0.0,0,-0.002728,0.0,0.0,0.0,0.0
2024-01-04,500ETF,Spot ETF,ensemble,-1.6217,1.1,-0.7731,1,-0.002936,0.002831,0.001237,0.001594,0.001594
2024-01-05,500ETF,Spot ETF,ensemble,0.4789,1.1,0.0,0,-0.015722,0.0,0.0,0.0,0.001594
2024-01-08,500ETF,Spot ETF,ensemble,-1.7646,1.1,-1.0,1,-0.010578,0.01108,0.0016,0.00948,0.011074
2024-01-09,500ETF,Spot ETF,ensemble,-0.1272,1.1,0.0,0,0.001518,0.0,0.0,0.0,0.011074
2024-01-10,500ETF,Spot ETF,ensemble,-1.0951,1.1,0.0,0,-0.002284,0.0,0.0,0.0,0.011074
2024-01-11,500ETF,Spot ETF,ensemble,0.4164,1.1,0.0,0,0.010614,0.0,0.0,0.0,0.011074
2024-01-12,500ETF,Spot ETF,ensemble,1.0524,1.1,0.0,0,-0.002445,0.0,0.0,0.0,0.011074
2024-01-15,500ETF,Spot ETF,ensemble,-0.2623,1.1,0.0,0,0.001703,0.0,0.0,0.0,0.011074
2024-01-16,500ETF,Spot ETF,ensemble,0.0434,1.1,0.0,0,-0.007599,0.0,0.0,0.0,0.011074
2024-01-17,500ETF,Spot ETF,ensemble,-1.2502,1.1,0.0,0,-0.011113,0.0,0.0,0.0,0.011074
2024-01-18,500ETF,Spot ETF,ensemble,-0.7808,1.1,0.0,0,-0.004717,0.0,0.0,0.0,0.011074
2024-01-19,500ETF,Spot ETF,ensemble,0.6039,1.1,0.0,0,-0.008577,0.0,0.0,0.0,0.011074
2024-01-22,500ETF,Spot ETF,ensemble,-1.8133,1.1,-1.0,1,-0.032222,0.0319,0.0016,0.0303,0.041374
2024-01-23,500ETF,Spot ETF,ensemble,-0.4526,1.1,0.0,0,0.015873,0.0,0.0,0.0,0.041374
2024-01-24,500ETF,Spot ETF,ensemble,0.2084,1.1,0.0,0,0.008648,0.0,0.0,0.0,0.041374
2024-01-25,500ETF,Spot ETF,ensemble,0.5567,1.1,0.0,0,0.023147,0.0,0.0,0.0,0.041374
2024-01-26,500ETF,Spot ETF,ensemble,0.1002,1.1,0.0,0,-0.006058,0.0,0.0,0.0,0.041374
2024-01-29,500ETF,Spot ETF,ensemble,-1.2078,1.1,0.0,0,-0.0067,0.0,0.0,0.0,0.041374
2024-01-30,500ETF,Spot ETF,ensemble,0.4622,1.1,0.0,0,-0.016323,0.0,0.0,0.0,0.041374
2024-01-31,500ETF,Spot ETF,ensemble,0.5296,1.1,0.0,0,-0.012858,0.0,0.0,0.0,0.041374
2024-02-01,500ETF,Spot ETF,ensemble,-0.0009,1.1,0.0,0,0.01181,0.0,0.0,0.0,0.041374
2024-02-02,500ETF,Spot ETF,ensemble,0.3985,1.1,0.0,0,-0.024021,0.0,0.0,0.0,0.041374
2024-02-05,500ETF,Spot ETF,ensemble,-2.0315,1.1,-1.0,1,0.020384,0.010188,0.0016,0.008588,0.049963
2024-02-06,500ETF,Spot ETF,ensemble,1.9922,1.1,1.0,1,0.045314,0.04388,0.0016,0.04228,0.092243
2024-02-07,500ETF,Spot ETF,ensemble,2.3006,1.1,1.0,1,0.008381,0.010394,0.0016,0.008794,0.101037
2024-02-08,500ETF,Spot ETF,ensemble,1.8206,1.1,1.0,1,-0.028245,-0.00705,0.0016,-0.00865,0.092388
2024-02-19,500ETF,Spot ETF,ensemble,-1.3324,1.1,0.0,0,-0.008051,0.0,0.0,0.0,0.092388
2024-02-20,500ETF,Spot ETF,ensemble,-0.4637,1.1,0.0,0,0.007312,0.0,0.0,0.0,0.092388
2024-02-21,500ETF,Spot ETF,ensemble,0.2826,1.1,0.0,0,0.007661,0.0,0.0,0.0,0.092388
2024-02-22,500ETF,Spot ETF,ensemble,1.2292,1.1,0.5928,1,-0.001907,-0.001692,0.000948,-0.00264,0.089747
2024-02-23,500ETF,Spot ETF,ensemble,-0.8105,1.1,0.0,0,0.006279,0.0,0.0,0.0,0.089747
2024-02-26,500ETF,Spot ETF,ensemble,-0.3446,1.1,0.0,0,0.004739,0.0,0.0,0.0,0.089747
2024-02-27,500ETF,Spot ETF,ensemble,0.607,1.1,0.0,0,0.018783,0.0,0.0,0.0,0.089747
2024-02-28,500ETF,Spot ETF,ensemble,1.5066,1.1,1.0,1,-0.018105,-0.019765,0.0016,-0.021365,0.068383
2024-02-29,500ETF,Spot ETF,ensemble,2.1402,1.1,1.0,1,0.011339,0.011404,0.0016,0.009804,0.078187
2024-03-01,500ETF,Spot ETF,ensemble,0.2671,1.1,0.0,0,0.003488,0.0,0.0,0.0,0.078187
2024-03-04,500ETF,Spot ETF,ensemble,-0.5425,1.1,0.0,0,0.003665,0.0,0.0,0.0,0.078187
2024-03-05,500ETF,Spot ETF,ensemble,0.5097,1.1,0.0,0,-0.002014,0.0,0.0,0.0,0.078187
2024-03-06,500ETF,Spot ETF,ensemble,0.0546,1.1,0.0,0,0.004055,0.0,0.0,0.0,0.078187
2024-03-07,500ETF,Spot ETF,ensemble,0.9321,1.1,0.0,0,-0.015135,0.0,0.0,0.0,0.078187
2024-03-08,500ETF,Spot ETF,ensemble,1.0374,1.1,0.0,0,0.008305,0.0,0.0,0.0,0.078187
2024-03-11,500ETF,Spot ETF,ensemble,0.9541,1.1,0.0,0,0.010959,0.0,0.0,0.0,0.078187
2024-03-12,500ETF,Spot ETF,ensemble,0.4952,1.1,0.0,0,-0.009588,0.0,0.0,0.0,0.078187
2024-03-13,500ETF,Spot ETF,ensemble,-1.0883,1.1,0.0,0,0.000546,0.0,0.0,0.0,0.078187
2024-03-14,500ETF,Spot ETF,ensemble,0.9808,1.1,0.0,0,-0.008918,0.0,0.0,0.0,0.078187
2024-03-15,500ETF,Spot ETF,ensemble,0.0315,1.1,0.0,0,0.011651,0.0,0.0,0.0,0.078187
2024-03-18,500ETF,Spot ETF,ensemble,0.4966,1.1,0.0,0,0.005373,0.0,0.0,0.0,0.078187
2024-03-19,500ETF,Spot ETF,ensemble,0.0778,1.1,0.0,0,-0.006265,0.0,0.0,0.0,0.078187
2024-03-20,500ETF,Spot ETF,ensemble,0.8363,1.1,0.0,0,-0.001256,0.0,0.0,0.0,0.078187
2024-03-21,500ETF,Spot ETF,ensemble,-0.1333,1.1,0.0,0,-0.0043,0.0,0.0,0.0,0.078187
2024-03-22,500ETF,Spot ETF,ensemble,-1.6239,1.1,-0.7784,1,-0.003466,0.003258,0.001245,0.002012,0.080199
2024-03-25,500ETF,Spot ETF,ensemble,-0.9347,1.1,0.0,0,-0.002579,0.0,0.0,0.0,0.080199
2024-03-26,500ETF,Spot ETF,ensemble,0.5648,1.1,0.0,0,-0.003535,0.0,0.0,0.0,0.080199
2024-03-27,500ETF,Spot ETF,ensemble,-1.6917,1.1,-0.9728,1,-0.007358,0.006586,0.001556,0.00503,0.085229
2024-03-28,500ETF,Spot ETF,ensemble,1.2237,1.1,0.585,1,0.002465,0.001221,0.000936,0.000285,0.085514
2024-03-29,500ETF,Spot ETF,ensemble,0.9497,1.1,0.0,0,0.005434,0.0,0.0,0.0,0.085514
2024-04-01,500ETF,Spot ETF,ensemble,1.3666,1.1,0.8948,1,0.004758,0.005589,0.001432,0.004157,0.089671
2024-04-02,500ETF,Spot ETF,ensemble,-0.5482,1.1,0.0,0,-0.002931,0.0,0.0,0.0,0.089671
2024-04-03,500ETF,Spot ETF,ensemble,-0.5516,1.1,0.0,0,0.001468,0.0,0.0,0.0,0.089671
2024-04-08,500ETF,Spot ETF,ensemble,-0.689,1.1,0.0,0,-0.006836,0.0,0.0,0.0,0.089671
2024-04-09,500ETF,Spot ETF,ensemble,0.3331,1.1,0.0,0,0.007784,0.0,0.0,0.0,0.089671
2024-04-10,500ETF,Spot ETF,ensemble,-1.2348,1.1,0.0,0,-0.005757,0.0,0.0,0.0,0.089671
2024-04-11,500ETF,Spot ETF,ensemble,0.9924,1.1,0.0,0,0.006137,0.0,0.0,0.0,0.089671
2024-04-12,500ETF,Spot ETF,ensemble,-0.0284,1.1,0.0,0,-0.002604,0.0,0.0,0.0,0.089671
2024-04-15,500ETF,Spot ETF,ensemble,0.2295,1.1,0.0,0,0.007082,0.0,0.0,0.0,0.089671
2024-04-16,500ETF,Spot ETF,ensemble,0.0748,1.1,0.0,0,-0.014083,0.0,0.0,0.0,0.089671
2024-04-17,500ETF,Spot ETF,ensemble,1.9998,1.1,1.0,1,0.005387,0.005589,0.0016,0.003989,0.093659
2024-04-18,500ETF,Spot ETF,ensemble,-0.1753,1.1,0.0,0,0.006449,0.0,0.0,0.0,0.093659
2024-04-19,500ETF,Spot ETF,ensemble,1.322,1.1,0.7738,1,-0.008876,-0.00712,0.001238,-0.008358,0.085301
2024-04-22,500ETF,Spot ETF,ensemble,-0.0037,1.1,0.0,0,-0.012256,0.0,0.0,0.0,0.085301
2024-04-23,500ETF,Spot ETF,ensemble,-0.5839,1.1,0.0,0,-0.003579,0.0,0.0,0.0,0.085301
2024-04-24,500ETF,Spot ETF,ensemble,-0.4734,1.1,0.0,0,0.008674,0.0,0.0,0.0,0.085301
2024-04-25,500ETF,Spot ETF,ensemble,0.0739,1.1,0.0,0,0.001686,0.0,0.0,0.0,0.085301
2024-04-26,500ETF,Spot ETF,ensemble,1.1964,1.1,0.5516,1,0.01641,0.009023,0.000883,0.008141,0.093442
2024-04-29,500ETF,Spot ETF,ensemble,1.3314,1.1,0.7974,1,0.01388,0.011439,0.001276,0.010163,0.103605
2024-04-30,500ETF,Spot ETF,ensemble,-0.8336,1.1,0.0,0,-0.001982,0.0,0.0,0.0,0.103605
2024-05-06,500ETF,Spot ETF,ensemble,0.4596,1.1,0.0,0,0.000356,0.0,0.0,0.0,0.103605
2024-05-07,500ETF,Spot ETF,ensemble,0.15,1.1,0.0,0,-0.004274,0.0,0.0,0.0,0.103605
2024-05-08,500ETF,Spot ETF,ensemble,-1.4601,1.1,-0.5201,1,-0.005393,0.00289,0.000832,0.002058,0.105663
2024-05-09,500ETF,Spot ETF,ensemble,1.9122,1.1,1.0,1,0.00284,0.003736,0.0016,0.002136,0.107799
2024-05-10,500ETF,Spot ETF,ensemble,-1.6534,1.1,-0.8567,1,0.005883,-0.004593,0.001371,-0.005964,0.101835
2024-05-13,500ETF,Spot ETF,ensemble,-1.1443,1.1,0.0,0,0.001257,0.0,0.0,0.0,0.101835
2024-05-14,500ETF,Spot ETF,ensemble,0.2828,1.1,0.0,0,0.000716,0.0,0.0,0.0,0.101835
2024-05-15,500ETF,Spot ETF,ensemble,-0.7068,1.1,0.0,0,-0.003773,0.0,0.0,0.0,0.101835
2024-05-16,500ETF,Spot ETF,ensemble,-0.1192,1.1,0.0,0,-0.009218,0.0,0.0,0.0,0.101835
2024-05-17,500ETF,Spot ETF,ensemble,0.6876,1.1,0.0,0,0.001464,0.0,0.0,0.0,0.101835
2024-05-20,500ETF,Spot ETF,ensemble,0.8423,1.1,0.0,0,-0.001991,0.0,0.0,0.0,0.101835
2024-05-21,500ETF,Spot ETF,ensemble,-1.0817,1.1,0.0,0,-0.001094,0.0,0.0,0.0,0.101835
2024-05-22,500ETF,Spot ETF,ensemble,0.2362,1.1,0.0,0,-0.002372,0.0,0.0,0.0,0.101835
2024-05-23,500ETF,Spot ETF,ensemble,-1.7546,1.1,-1.0,1,-0.006304,0.006101,0.0016,0.004501,0.106336
2024-05-24,500ETF,Spot ETF,ensemble,1.5262,1.1,1.0,1,-0.009871,-0.009088,0.0016,-0.010688,0.095648
2024-05-27,500ETF,Spot ETF,ensemble,-0.7467,1.1,0.0,0,0.008967,0.0,0.0,0.0,0.095648
2024-05-28,500ETF,Spot ETF,ensemble,-0.8847,1.1,0.0,0,-0.00561,0.0,0.0,0.0,0.095648
2024-05-29,500ETF,Spot ETF,ensemble,1.1464,1.1,0.512,1,-0.004659,-0.001905,0.000819,-0.002725,0.092924
2024-05-30,500ETF,Spot ETF,ensemble,0.3758,1.1,0.0,0,-0.007098,0.0,0.0,0.0,0.092924
2024-05-31,500ETF,Spot ETF,ensemble,1.0962,1.1,0.0,0,-0.007647,0.0,0.0,0.0,0.092924
2024-06-03,500ETF,Spot ETF,ensemble,-0.4295,1.1,0.0,0,-0.012089,0.0,0.0,0.0,0.092924
2024-06-04,500ETF,Spot ETF,ensemble,0.3916,1.1,0.0,0,0.011981,0.0,0.0,0.0,0.092924
2024-06-05,500ETF,Spot ETF,ensemble,0.5248,1.1,0.0,0,-0.009168,0.0,0.0,0.0,0.092924
2024-06-06,500ETF,Spot ETF,ensemble,-0.1542,1.1,0.0,0,-0.012291,0.0,0.0,0.0,0.092924
2024-06-07,500ETF,Spot ETF,ensemble,-0.5316,1.1,0.0,0,-0.003992,0.0,0.0,0.0,0.092924
2024-06-11,500ETF,Spot ETF,ensemble,-0.6381,1.1,0.0,0,0.008977,0.0,0.0,0.0,0.092924
2024-06-12,500ETF,Spot ETF,ensemble,0.7785,1.1,0.0,0,0.000379,0.0,0.0,0.0,0.092924
2024-06-13,500ETF,Spot ETF,ensemble,-1.0277,1.1,0.0,0,-0.005147,0.0,0.0,0.0,0.092924
2024-06-14,500ETF,Spot ETF,ensemble,-0.4648,1.1,0.0,0,0.009145,0.0,0.0,0.0,0.092924
2024-06-17,500ETF,Spot ETF,ensemble,1.0201,1.1,0.0,0,-0.002851,0.0,0.0,0.0,0.092924
2024-06-18,500ETF,Spot ETF,ensemble,0.6374,1.1,0.0,0,-0.001138,0.0,0.0,0.0,0.092924
2024-06-19,500ETF,Spot ETF,ensemble,-1.6874,1.1,-0.9589,1,-0.005539,0.005479,0.001534,0.003944,0.096868
2024-06-20,500ETF,Spot ETF,ensemble,-0.0598,1.1,0.0,0,-0.011409,0.0,0.0,0.0,0.096868
2024-06-21,500ETF,Spot ETF,ensemble,0.6252,1.1,0.0,0,-0.001356,0.0,0.0,0.0,0.096868
2024-06-24,500ETF,Spot ETF,ensemble,-0.7028,1.1,0.0,0,-0.00727,0.0,0.0,0.0,0.096868
2024-06-25,500ETF,Spot ETF,ensemble,0.0044,1.1,0.0,0,-0.009745,0.0,0.0,0.0,0.096868
2024-06-26,500ETF,Spot ETF,ensemble,-0.6809,1.1,0.0,0,0.018874,0.0,0.0,0.0,0.096868
2024-06-27,500ETF,Spot ETF,ensemble,-1.4595,1.1,-0.5197,1,-0.00399,0.002173,0.000831,0.001341,0.098209
2024-06-28,500ETF,Spot ETF,ensemble,1.9299,1.1,1.0,1,-0.011342,-0.010299,0.0016,-0.011899,0.08631
2024-07-01,500ETF,Spot ETF,ensemble,0.4303,1.1,0.0,0,0.008739,0.0,0.0,0.0,0.08631
2024-07-02,500ETF,Spot ETF,ensemble,-0.6673,1.1,0.0,0,-0.008573,0.0,0.0,0.0,0.08631
2024-07-03,500ETF,Spot ETF,ensemble,-0.7051,1.1,0.0,0,-0.004214,0.0,0.0,0.0,0.08631
2024-07-04,500ETF,Spot ETF,ensemble,-0.0229,1.1,0.0,0,-0.011556,0.0,0.0,0.0,0.08631
2024-07-05,500ETF,Spot ETF,ensemble,-0.9354,1.1,0.0,0,0.010011,0.0,0.0,0.0,0.08631
2024-07-08,500ETF,Spot ETF,ensemble,-1.797,1.1,-1.0,1,-0.004113,0.004717,0.0016,0.003117,0.089427
2024-07-09,500ETF,Spot ETF,ensemble,0.7343,1.1,0.0,0,0.017541,0.0,0.0,0.0,0.089427
2024-07-10,500ETF,Spot ETF,ensemble,0.5193,1.1,0.0,0,-0.007506,0.0,0.0,0.0,0.089427
2024-07-11,500ETF,Spot ETF,ensemble,-0.9074,1.1,0.0,0,0.007834,0.0,0.0,0.0,0.089427
2024-07-12,500ETF,Spot ETF,ensemble,-0.2758,1.1,0.0,0,-0.0002,0.0,0.0,0.0,0.089427
2024-07-15,500ETF,Spot ETF,ensemble,-0.9303,1.1,0.0,0,-0.004439,0.0,0.0,0.0,0.089427
2024-07-16,500ETF,Spot ETF,ensemble,0.023,1.1,0.0,0,0.00202,0.0,0.0,0.0,0.089427
2024-07-17,500ETF,Spot ETF,ensemble,-1.4476,1.1,-0.5126,1,0.001621,-0.000312,0.00082,-0.001132,0.088296
2024-07-18,500ETF,Spot ETF,ensemble,-0.5532,1.1,0.0,0,0.00935,0.0,0.0,0.0,0.088296
2024-07-19,500ETF,Spot ETF,ensemble,-0.2655,1.1,0.0,0,0.005274,0.0,0.0,0.0,0.088296
2024-07-22,500ETF,Spot ETF,ensemble,-0.3225,1.1,0.0,0,-0.001619,0.0,0.0,0.0,0.088296
2024-07-23,500ETF,Spot ETF,ensemble,-2.0666,1.1,-1.0,1,-0.015038,0.01573,0.0016,0.01413,0.102426
2024-07-24,500ETF,Spot ETF,ensemble,0.1562,1.1,0.0,0,-0.006929,0.0,0.0,0.0,0.102426
2024-07-25,500ETF,Spot ETF,ensemble,0.6427,1.1,0.0,0,-0.000212,0.0,0.0,0.0,0.102426
2024-07-26,500ETF,Spot ETF,ensemble,1.9931,1.1,1.0,1,-0.002708,-0.002704,0.0016,-0.004304,0.098122
2024-07-29,500ETF,Spot ETF,ensemble,-1.0044,1.1,0.0,0,-0.002298,0.0,0.0,0.0,0.098122
2024-07-30,500ETF,Spot ETF,ensemble,-1.8377,1.1,-1.0,1,0.01011,-0.00952,0.0016,-0.01112,0.087002
2024-07-31,500ETF,Spot ETF,ensemble,0.8647,1.1,0.0,0,0.022441,0.0,0.0,0.0,0.087002
2024-08-01,500ETF,Spot ETF,ensemble,0.0357,1.1,0.0,0,-0.007271,0.0,0.0,0.0,0.087002
2024-08-02,500ETF,Spot ETF,ensemble,1.526,1.1,1.0,1,-0.016307,-0.017168,0.0016,-0.018768,0.068234
2024-08-05,500ETF,Spot ETF,ensemble,1.3053,1.1,0.7341,1,-0.017623,-0.012929,0.001175,-0.014103,0.05413
2024-08-06,500ETF,Spot ETF,ensemble,-0.0561,1.1,0.0,0,-0.001661,0.0,0.0,0.0,0.05413
2024-08-07,500ETF,Spot ETF,ensemble,-0.1967,1.1,0.0,0,0.000621,0.0,0.0,0.0,0.05413
2024-08-08,500ETF,Spot ETF,ensemble,-0.826,1.1,0.0,0,0.01121,0.0,0.0,0.0,0.05413
2024-08-09,500ETF,Spot ETF,ensemble,0.2511,1.1,0.0,0,-0.010567,0.0,0.0,0.0,0.05413
2024-08-12,500ETF,Spot ETF,ensemble,-0.2215,1.1,0.0,0,-0.003339,0.0,0.0,0.0,0.05413
2024-08-13,500ETF,Spot ETF,ensemble,-0.6037,1.1,0.0,0,-0.001256,0.0,0.0,0.0,0.05413
2024-08-14,500ETF,Spot ETF,ensemble,-1.8861,1.1,-1.0,1,0.0,0.00021,0.0016,-0.00139,0.052741
2024-08-15,500ETF,Spot ETF,ensemble,0.3493,1.1,0.0,0,0.003154,0.0,0.0,0.0,0.052741
2024-08-16,500ETF,Spot ETF,ensemble,-0.6529,1.1,0.0,0,-0.008609,0.0,0.0,0.0,0.052741
2024-08-19,500ETF,Spot ETF,ensemble,1.5353,1.1,1.0,1,-0.009826,-0.007506,0.0016,-0.009106,0.043634
2024-08-20,500ETF,Spot ETF,ensemble,-1.4358,1.1,-0.5071,1,-0.008743,0.004948,0.000811,0.004136,0.047771
2024-08-21,500ETF,Spot ETF,ensemble,0.5345,1.1,0.0,0,0.001073,0.0,0.0,0.0,0.047771
2024-08-22,500ETF,Spot ETF,ensemble,-0.9394,1.1,0.0,0,-0.007573,0.0,0.0,0.0,0.047771
2024-08-23,500ETF,Spot ETF,ensemble,0.5452,1.1,0.0,0,0.002605,0.0,0.0,0.0,0.047771
2024-08-26,500ETF,Spot ETF,ensemble,-0.2039,1.1,0.0,0,-0.002166,0.0,0.0,0.0,0.047771
2024-08-27,500ETF,Spot ETF,ensemble,-1.13,1.1,0.0,0,-0.002406,0.0,0.0,0.0,0.047771
2024-08-28,500ETF,Spot ETF,ensemble,0.3834,1.1,0.0,0,0.001968,0.0,0.0,0.0,0.047771
2024-08-29,500ETF,Spot ETF,ensemble,0.7357,1.1,0.0,0,0.014523,0.0,0.0,0.0,0.047771
2024-08-30,500ETF,Spot ETF,ensemble,1.3197,1.1,0.7683,1,0.004873,0.003589,0.001229,0.00236,0.050131
2024-09-02,500ETF,Spot ETF,ensemble,-0.9169,1.1,0.0,0,-0.010953,0.0,0.0,0.0,0.050131
2024-09-03,500ETF,Spot ETF,ensemble,1.5725,1.1,1.0,1,0.00236,0.002363,0.0016,0.000763,0.050893
2024-09-04,500ETF,Spot ETF,ensemble,0.1196,1.1,0.0,0,0.001718,0.0,0.0,0.0,0.050893
2024-09-05,500ETF,Spot ETF,ensemble,0.5615,1.1,0.0,0,0.000428,0.0,0.0,0.0,0.050893
2024-09-06,500ETF,Spot ETF,ensemble,-0.7059,1.1,0.0,0,-0.012468,0.0,0.0,0.0,0.050893
2024-09-09,500ETF,Spot ETF,ensemble,0.3328,1.1,0.0,0,-0.005239,0.0,0.0,0.0,0.050893
2024-09-10,500ETF,Spot ETF,ensemble,-1.3812,1.1,0.0,0,0.007451,0.0,0.0,0.0,0.050893
2024-09-11,500ETF,Spot ETF,ensemble,0.404,1.1,0.0,0,0.003059,0.0,0.0,0.0,0.050893
2024-09-12,500ETF,Spot ETF,ensemble,0.9602,1.1,0.0,0,-0.007831,0.0,0.0,0.0,0.050893
2024-09-13,500ETF,Spot ETF,ensemble,0.128,1.1,0.0,0,-0.012076,0.0,0.0,0.0,0.050893
2024-09-18,500ETF,Spot ETF,ensemble,-0.4605,1.1,0.0,0,0.006412,0.0,0.0,0.0,0.050893
2024-09-19,500ETF,Spot ETF,ensemble,-1.0754,1.1,0.0,0,0.012474,0.0,0.0,0.0,0.050893
2024-09-20,500ETF,Spot ETF,ensemble,-1.2108,1.1,0.0,0,0.000439,0.0,0.0,0.0,0.050893
2024-09-23,500ETF,Spot ETF,ensemble,0.9436,1.1,0.0,0,-0.007193,0.0,0.0,0.0,0.050893
2024-09-24,500ETF,Spot ETF,ensemble,0.1307,1.1,0.0,0,0.033176,0.0,0.0,0.0,0.050893
2024-09-25,500ETF,Spot ETF,ensemble,1.4575,1.1,1.0,1,-0.015453,-0.017342,0.0016,-0.018942,0.031951
2024-09-26,500ETF,Spot ETF,ensemble,1.0048,1.1,0.0,0,0.030253,0.0,0.0,0.0,0.031951
2024-09-27,500ETF,Spot ETF,ensemble,0.9184,1.1,0.0,0,0.047271,0.0,0.0,0.0,0.031951
2024-09-30,500ETF,Spot ETF,ensemble,0.3752,1.1,0.0,0,0.056831,0.0,0.0,0.0,0.031951
2024-10-08,500ETF,Spot ETF,ensemble,-2.4086,1.1,-1.0,1,-0.041617,0.052905,0.0016,0.051305,0.083256
2024-10-09,500ETF,Spot ETF,ensemble,-1.1807,1.1,0.0,0,-0.02211,0.0,0.0,0.0,0.083256
2024-10-10,500ETF,Spot ETF,ensemble,-0.6904,1.1,0.0,0,0.005165,0.0,0.0,0.0,0.083256
2024-10-11,500ETF,Spot ETF,ensemble,-1.3441,1.1,0.0,0,-0.026339,0.0,0.0,0.0,0.083256
2024-10-14,500ETF,Spot ETF,ensemble,-0.9919,1.1,0.0,0,0.022168,0.0,0.0,0.0,0.083256
2024-10-15,500ETF,Spot ETF,ensemble,-0.0376,1.1,0.0,0,-0.015743,0.0,0.0,0.0,0.083256
2024-10-16,500ETF,Spot ETF,ensemble,1.6372,1.1,1.0,1,-0.011145,-0.009188,0.0016,-0.010788,0.072468
2024-10-17,500ETF,Spot ETF,ensemble,0.4004,1.1,0.0,0,-0.017223,0.0,0.0,0.0,0.072468
2024-10-18,500ETF,Spot ETF,ensemble,0.609,1.1,0.0,0,0.064595,0.0,0.0,0.0,0.072468
2024-10-21,500ETF,Spot ETF,ensemble,0.0062,1.1,0.0,0,0.013006,0.0,0.0,0.0,0.072468
2024-10-22,500ETF,Spot ETF,ensemble,-0.2924,1.1,0.0,0,0.007051,0.0,0.0,0.0,0.072468
2024-10-23,500ETF,Spot ETF,ensemble,0.5149,1.1,0.0,0,0.000511,0.0,0.0,0.0,0.072468
2024-10-24,500ETF,Spot ETF,ensemble,-0.6708,1.1,0.0,0,0.001896,0.0,0.0,0.0,0.072468
2024-10-25,500ETF,Spot ETF,ensemble,0.8237,1.1,0.0,0,0.011057,0.0,0.0,0.0,0.072468
2024-10-28,500ETF,Spot ETF,ensemble,-0.3475,1.1,0.0,0,0.007751,0.0,0.0,0.0,0.072468
2024-10-29,500ETF,Spot ETF,ensemble,-0.8704,1.1,0.0,0,-0.006559,0.0,0.0,0.0,0.072468
2024-10-30,500ETF,Spot ETF,ensemble,1.4524,1.1,1.0,1,-0.006737,-0.006715,0.0016,-0.008315,0.064153
2024-10-31,500ETF,Spot ETF,ensemble,-0.212,1.1,0.0,0,0.012699,0.0,0.0,0.0,0.064153
2024-11-01,500ETF,Spot ETF,ensemble,0.326,1.1,0.0,0,-0.004516,0.0,0.0,0.0,0.064153
2024-11-04,500ETF,Spot ETF,ensemble,1.2216,1.1,0.5821,1,0.004343,0.002143,0.000931,0.001211,0.065364
2024-11-05,500ETF,Spot ETF,ensemble,1.0049,1.1,0.0,0,0.021754,0.0,0.0,0.0,0.065364
2024-11-06,500ETF,Spot ETF,ensemble,0.5912,1.1,0.0,0,-0.004161,0.0,0.0,0.0,0.065364
2024-11-07,500ETF,Spot ETF,ensemble,0.9435,1.1,0.0,0,0.016279,0.0,0.0,0.0,0.065364
2024-11-08,500ETF,Spot ETF,ensemble,-0.1625,1.1,0.0,0,-0.010981,0.0,0.0,0.0,0.065364
2024-11-11,500ETF,Spot ETF,ensemble,1.2824,1.1,0.6848,1,0.00704,0.005054,0.001096,0.003959,0.069323
2024-11-12,500ETF,Spot ETF,ensemble,0.6534,1.1,0.0,0,-0.024049,0.0,0.0,0.0,0.069323
2024-11-13,500ETF,Spot ETF,ensemble,0.5831,1.1,0.0,0,0.0,0.0,0.0,0.0,0.069323
2024-11-14,500ETF,Spot ETF,ensemble,-0.8586,1.1,0.0,0,-0.018384,0.0,0.0,0.0,0.069323
2024-11-15,500ETF,Spot ETF,ensemble,-0.1445,1.1,0.0,0,-0.012768,0.0,0.0,0.0,0.069323
2024-11-18,500ETF,Spot ETF,ensemble,-1.2646,1.1,0.0,0,-0.008403,0.0,0.0,0.0,0.069323
2024-11-19,500ETF,Spot ETF,ensemble,1.3386,1.1,0.8164,1,0.006012,0.004923,0.001306,0.003617,0.07294
2024-11-20,500ETF,Spot ETF,ensemble,0.5472,1.1,0.0,0,0.009913,0.0,0.0,0.0,0.07294
2024-11-21,500ETF,Spot ETF,ensemble,0.2863,1.1,0.0,0,-0.001648,0.0,0.0,0.0,0.07294
2024-11-22,500ETF,Spot ETF,ensemble,-0.299,1.1,0.0,0,-0.021578,0.0,0.0,0.0,0.07294
2024-11-25,500ETF,Spot ETF,ensemble,-0.8125,1.1,0.0,0,-0.000172,0.0,0.0,0.0,0.07294
2024-11-26,500ETF,Spot ETF,ensemble,0.7341,1.1,0.0,0,-0.006887,0.0,0.0,0.0,0.07294
2024-11-27,500ETF,Spot ETF,ensemble,-1.0623,1.1,0.0,0,0.027423,0.0,0.0,0.0,0.07294
2024-11-28,500ETF,Spot ETF,ensemble,0.3656,1.1,0.0,0,-0.003233,0.0,0.0,0.0,0.07294
2024-11-29,500ETF,Spot ETF,ensemble,0.653,1.1,0.0,0,0.017973,0.0,0.0,0.0,0.07294
2024-12-02,500ETF,Spot ETF,ensemble,1.6466,1.1,1.0,1,0.001163,0.001331,0.0016,-0.000269,0.07267
2024-12-03,500ETF,Spot ETF,ensemble,-1.032,1.1,0.0,0,0.004654,0.0,0.0,0.0,0.07267
2024-12-04,500ETF,Spot ETF,ensemble,-1.261,1.1,0.0,0,-0.006689,0.0,0.0,0.0,0.07267
2024-12-05,500ETF,Spot ETF,ensemble,0.6145,1.1,0.0,0,0.005024,0.0,0.0,0.0,0.07267
2024-12-06,500ETF,Spot ETF,ensemble,-0.3674,1.1,0.0,0,0.019219,0.0,0.0,0.0,0.07267
2024-12-09,500ETF,Spot ETF,ensemble,-0.2374,1.1,0.0,0,-0.002149,0.0,0.0,0.0,0.07267
2024-12-10,500ETF,Spot ETF,ensemble,-1.9453,1.1,-1.0,1,-0.010111,0.008773,0.0016,0.007173,0.079844
2024-12-11,500ETF,Spot ETF,ensemble,1.057,1.1,0.0,0,0.004729,0.0,0.0,0.0,0.079844
2024-12-12,500ETF,Spot ETF,ensemble,-0.4075,1.1,0.0,0,0.009239,0.0,0.0,0.0,0.079844
2024-12-13,500ETF,Spot ETF,ensemble,-1.6698,1.1,-0.9045,1,0.000656,-0.0,0.001447,-0.001447,0.078397
2024-12-16,500ETF,Spot ETF,ensemble,-0.947,1.1,0.0,0,-0.009301,0.0,0.0,0.0,0.078397
2024-12-17,500ETF,Spot ETF,ensemble,-0.205,1.1,0.0,0,-0.010894,0.0,0.0,0.0,0.078397
2024-12-18,500ETF,Spot ETF,ensemble,0.5178,1.1,0.0,0,0.000335,0.0,0.0,0.0,0.078397
2024-12-19,500ETF,Spot ETF,ensemble,0.4265,1.1,0.0,0,0.008542,0.0,0.0,0.0,0.078397
2024-12-20,500ETF,Spot ETF,ensemble,0.9521,1.1,0.0,0,-0.001165,0.0,0.0,0.0,0.078397
2024-12-23,500ETF,Spot ETF,ensemble,-0.4161,1.1,0.0,0,-0.012412,0.0,0.0,0.0,0.078397
2024-12-24,500ETF,Spot ETF,ensemble,1.1514,1.1,0.5147,1,0.000168,0.000259,0.000824,-0.000564,0.077832
2024-12-25,500ETF,Spot ETF,ensemble,-1.4387,1.1,-0.5083,1,-0.004727,0.001971,0.000813,0.001157,0.078989
2024-12-26,500ETF,Spot ETF,ensemble,1.2958,1.1,0.713,1,0.002511,0.000835,0.001141,-0.000305,0.078684
2024-12-27,500ETF,Spot ETF,ensemble,0.9876,1.1,0.0,0,-0.004664,0.0,0.0,0.0,0.078684
2024-12-30,500ETF,Spot ETF,ensemble,0.6854,1.1,0.0,0,-0.00183,0.0,0.0,0.0,0.078684
2024-12-31,500ETF,Spot ETF,ensemble,-1.8735,1.1,-1.0,1,-0.016169,0.016039,0.0016,0.014439,0.093123
2025-01-02,500ETF,Spot ETF,ensemble,-1.313,1.1,0.0,0,-0.030734,0.0,0.0,0.0,0.093123
2025-01-03,500ETF,Spot ETF,ensemble,-0.6634,1.1,0.0,0,-0.017245,0.0,0.0,0.0,0.093123
2025-01-06,500ETF,Spot ETF,ensemble,0.1512,1.1,0.0,0,-0.007459,0.0,0.0,0.0,0.093123
2025-01-07,500ETF,Spot ETF,ensemble,0.7625,1.1,0.0,0,0.005052,0.0,0.0,0.0,0.093123
2025-01-08,500ETF,Spot ETF,ensemble,-1.02,1.1,0.0,0,0.003619,0.0,0.0,0.0,0.093123
2025-01-09,500ETF,Spot ETF,ensemble,1.0567,1.1,0.0,0,0.00198,0.0,0.0,0.0,0.093123
2025-01-10,500ETF,Spot ETF,ensemble,0.4299,1.1,0.0,0,-0.009248,0.0,0.0,0.0,0.093123
2025-01-13,500ETF,Spot ETF,ensemble,0.9149,1.1,0.0,0,-0.001831,0.0,0.0,0.0,0.093123
2025-01-14,500ETF,Spot ETF,ensemble,0.9781,1.1,0.0,0,0.016654,0.0,0.0,0.0,0.093123
2025-01-15,500ETF,Spot ETF,ensemble,-1.0801,1.1,0.0,0,-0.002316,0.0,0.0,0.0,0.093123
2025-01-16,500ETF,Spot ETF,ensemble,1.3903,1.1,0.9683,1,-0.009909,-0.010406,0.001549,-0.011955,0.081168
2025-01-17,500ETF,Spot ETF,ensemble,0.3509,1.1,0.0,0,0.011528,0.0,0.0,0.0,0.081168
2025-01-20,500ETF,Spot ETF,ensemble,0.4639,1.1,0.0,0,-0.008532,0.0,0.0,0.0,0.081168
2025-01-21,500ETF,Spot ETF,ensemble,-1.8321,1.1,-1.0,1,0.008036,-0.007346,0.0016,-0.008946,0.072222
2025-01-22,500ETF,Spot ETF,ensemble,-0.8683,1.1,0.0,0,0.005016,0.0,0.0,0.0,0.072222
2025-01-23,500ETF,Spot ETF,ensemble,0.1658,1.1,0.0,0,-0.014182,0.0,0.0,0.0,0.072222
2025-01-24,500ETF,Spot ETF,ensemble,0.9274,1.1,0.0,0,0.006564,0.0,0.0,0.0,0.072222
2025-01-27,500ETF,Spot ETF,ensemble,-0.2076,1.1,0.0,0,-0.005335,0.0,0.0,0.0,0.072222
2025-02-05,500ETF,Spot ETF,ensemble,-1.5034,1.1,-0.5594,1,0.001249,-0.000599,0.000895,-0.001494,0.070727
2025-02-06,500ETF,Spot ETF,ensemble,0.9628,1.1,0.0,0,0.017061,0.0,0.0,0.0,0.070727
2025-02-07,500ETF,Spot ETF,ensemble,1.169,1.1,0.5264,1,0.000517,-0.0025,0.000842,-0.003342,0.067385
2025-02-10,500ETF,Spot ETF,ensemble,0.2564,1.1,0.0,0,0.002387,0.0,0.0,0.0,0.067385
2025-02-11,500ETF,Spot ETF,ensemble,-1.5666,1.1,-0.6542,1,0.00445,-0.002467,0.001047,-0.003514,0.063871
2025-02-12,500ETF,Spot ETF,ensemble,0.8887,1.1,0.0,0,0.002378,0.0,0.0,0.0,0.063871
2025-02-13,500ETF,Spot ETF,ensemble,-0.574,1.1,0.0,0,-0.002704,0.0,0.0,0.0,0.063871
2025-02-14,500ETF,Spot ETF,ensemble,0.7847,1.1,0.0,0,0.003883,0.0,0.0,0.0,0.063871
2025-02-17,500ETF,Spot ETF,ensemble,-0.885,1.1,0.0,0,0.000505,0.0,0.0,0.0,0.063871
2025-02-18,500ETF,Spot ETF,ensemble,-0.2915,1.1,0.0,0,-0.018393,0.0,0.0,0.0,0.063871
2025-02-19,500ETF,Spot ETF,ensemble,0.8129,1.1,0.0,0,0.010509,0.0,0.0,0.0,0.063871
2025-02-20,500ETF,Spot ETF,ensemble,0.4546,1.1,0.0,0,0.005204,0.0,0.0,0.0,0.063871
2025-02-21,500ETF,Spot ETF,ensemble,-0.0953,1.1,0.0,0,0.019321,0.0,0.0,0.0,0.063871
2025-02-24,500ETF,Spot ETF,ensemble,-0.5139,1.1,0.0,0,-0.001988,0.0,0.0,0.0,0.063871
2025-02-25,500ETF,Spot ETF,ensemble,-0.2809,1.1,0.0,0,0.000167,0.0,0.0,0.0,0.063871
2025-02-26,500ETF,Spot ETF,ensemble,0.5654,1.1,0.0,0,0.004319,0.0,0.0,0.0,0.063871
2025-02-27,500ETF,Spot ETF,ensemble,-0.237,1.1,0.0,0,-0.00133,0.0,0.0,0.0,0.063871
2025-02-28,500ETF,Spot ETF,ensemble,-1.2124,1.1,0.0,0,-0.014737,0.0,0.0,0.0,0.063871
2025-03-03,500ETF,Spot ETF,ensemble,0.6264,1.1,0.0,0,-0.008488,0.0,0.0,0.0,0.063871
2025-03-04,500ETF,Spot ETF,ensemble,0.6248,1.1,0.0,0,0.007109,0.0,0.0,0.0,0.063871
2025-03-05,500ETF,Spot ETF,ensemble,-0.3346,1.1,0.0,0,0.007267,0.0,0.0,0.0,0.063871
2025-03-06,500ETF,Spot ETF,ensemble,0.8672,1.1,0.0,0,0.005629,0.0,0.0,0.0,0.063871
2025-03-07,500ETF,Spot ETF,ensemble,-0.128,1.1,0.0,0,-0.003167,0.0,0.0,0.0,0.063871
2025-03-10,500ETF,Spot ETF,ensemble,-0.631,1.1,0.0,0,0.003501,0.0,0.0,0.0,0.063871
2025-03-11,500ETF,Spot ETF,ensemble,0.864,1.1,0.0,0,0.003823,0.0,0.0,0.0,0.063871
2025-03-12,500ETF,Spot ETF,ensemble,-0.4637,1.1,0.0,0,-0.000826,0.0,0.0,0.0,0.063871
2025-03-13,500ETF,Spot ETF,ensemble,-1.08,1.1,0.0,0,0.002172,0.0,0.0,0.0,0.063871
2025-03-14,500ETF,Spot ETF,ensemble,0.7512,1.1,0.0,0,0.009569,0.0,0.0,0.0,0.063871
2025-03-17,500ETF,Spot ETF,ensemble,-0.4344,1.1,0.0,0,0.002131,0.0,0.0,0.0,0.063871
2025-03-18,500ETF,Spot ETF,ensemble,0.4838,1.1,0.0,0,-0.004723,0.0,0.0,0.0,0.063871
2025-03-19,500ETF,Spot ETF,ensemble,-1.122,1.1,0.0,0,0.001645,0.0,0.0,0.0,0.063871
2025-03-20,500ETF,Spot ETF,ensemble,-0.5795,1.1,0.0,0,-0.00033,0.0,0.0,0.0,0.063871
2025-03-21,500ETF,Spot ETF,ensemble,0.2464,1.1,0.0,0,-0.010151,0.0,0.0,0.0,0.063871
2025-03-24,500ETF,Spot ETF,ensemble,-0.0916,1.1,0.0,0,-0.004712,0.0,0.0,0.0,0.063871
2025-03-25,500ETF,Spot ETF,ensemble,0.4036,1.1,0.0,0,-0.004534,0.0,0.0,0.0,0.063871
2025-03-26,500ETF,Spot ETF,ensemble,1.0984,1.1,0.0,0,-0.00403,0.0,0.0,0.0,0.063871
2025-03-27,500ETF,Spot ETF,ensemble,-0.5508,1.1,0.0,0,0.004372,0.0,0.0,0.0,0.063871
2025-03-28,500ETF,Spot ETF,ensemble,0.0497,1.1,0.0,0,-0.003373,0.0,0.0,0.0,0.063871
2025-03-31,500ETF,Spot ETF,ensemble,-0.1921,1.1,0.0,0,-0.007491,0.0,0.0,0.0,0.063871
2025-04-01,500ETF,Spot ETF,ensemble,0.8656,1.1,0.0,0,-0.001188,0.0,0.0,0.0,0.063871
2025-04-02,500ETF,Spot ETF,ensemble,0.9173,1.1,0.0,0,-0.005082,0.0,0.0,0.0,0.063871
2025-04-03,500ETF,Spot ETF,ensemble,0.7511,1.1,0.0,0,-0.004441,0.0,0.0,0.0,0.063871
2025-04-07,500ETF,Spot ETF,ensemble,-1.2642,1.1,0.0,0,-0.029367,0.0,0.0,0.0,0.063871
2025-04-08,500ETF,Spot ETF,ensemble,0.7675,1.1,0.0,0,-0.01079,0.0,0.0,0.0,0.063871
2025-04-09,500ETF,Spot ETF,ensemble,-1.1811,1.1,0.0,0,0.031861,0.0,0.0,0.0,0.063871
2025-04-10,500ETF,Spot ETF,ensemble,0.7326,1.1,0.0,0,-0.009861,0.0,0.0,0.0,0.063871
2025-04-11,500ETF,Spot ETF,ensemble,0.9644,1.1,0.0,0,0.005567,0.0,0.0,0.0,0.063871
2025-04-14,500ETF,Spot ETF,ensemble,0.0704,1.1,0.0,0,-0.001068,0.0,0.0,0.0,0.063871
2025-04-15,500ETF,Spot ETF,ensemble,-1.7966,1.1,-1.0,1,0.002152,-0.002334,0.0016,-0.003934,0.059937
2025-04-16,500ETF,Spot ETF,ensemble,-0.8607,1.1,0.0,0,-0.008658,0.0,0.0,0.0,0.059937
2025-04-17,500ETF,Spot ETF,ensemble,1.4844,1.1,1.0,1,-0.005021,-0.005008,0.0016,-0.006608,0.053329
2025-04-18,500ETF,Spot ETF,ensemble,-0.0349,1.1,0.0,0,0.00577,0.0,0.0,0.0,0.053329
2025-04-21,500ETF,Spot ETF,ensemble,1.119,1.1,0.502,1,0.008374,0.004131,0.000803,0.003328,0.056657
2025-04-22,500ETF,Spot ETF,ensemble,-0.3827,1.1,0.0,0,0.000356,0.0,0.0,0.0,0.056657
2025-04-23,500ETF,Spot ETF,ensemble,-0.2305,1.1,0.0,0,-0.000888,0.0,0.0,0.0,0.056657
2025-04-24,500ETF,Spot ETF,ensemble,-0.0356,1.1,0.0,0,-0.004449,0.0,0.0,0.0,0.056657
2025-04-25,500ETF,Spot ETF,ensemble,0.1387,1.1,0.0,0,0.002315,0.0,0.0,0.0,0.056657
2025-04-28,500ETF,Spot ETF,ensemble,-1.2336,1.1,0.0,0,0.002505,0.0,0.0,0.0,0.056657
2025-04-29,500ETF,Spot ETF,ensemble,0.3084,1.1,0.0,0,0.000536,0.0,0.0,0.0,0.056657
2025-04-30,500ETF,Spot ETF,ensemble,1.0259,1.1,0.0,0,0.0016,0.0,0.0,0.0,0.056657
2025-05-06,500ETF,Spot ETF,ensemble,0.9164,1.1,0.0,0,0.005782,0.0,0.0,0.0,0.056657
2025-05-07,500ETF,Spot ETF,ensemble,-1.3783,1.1,0.0,0,-0.006618,0.0,0.0,0.0,0.056657
2025-05-08,500ETF,Spot ETF,ensemble,0.949,1.1,0.0,0,0.001213,0.0,0.0,0.0,0.056657
2025-05-09,500ETF,Spot ETF,ensemble,-0.8029,1.1,0.0,0,-0.004534,0.0,0.0,0.0,0.056657
2025-05-12,500ETF,Spot ETF,ensemble,0.2888,1.1,0.0,0,0.002599,0.0,0.0,0.0,0.056657
2025-05-13,500ETF,Spot ETF,ensemble,-1.0847,1.1,0.0,0,-0.003626,0.0,0.0,0.0,0.056657
2025-05-14,500ETF,Spot ETF,ensemble,-0.2864,1.1,0.0,0,0.003287,0.0,0.0,0.0,0.056657
2025-05-15,500ETF,Spot ETF,ensemble,-1.7205,1.1,-1.0,1,-0.002269,0.002788,0.0016,0.001188,0.057845
2025-05-16,500ETF,Spot ETF,ensemble,0.6697,1.1,0.0,0,-0.002622,0.0,0.0,0.0,0.057845
2025-05-19,500ETF,Spot ETF,ensemble,-1.3037,1.1,0.0,0,0.007894,0.0,0.0,0.0,0.057845
2025-05-20,500ETF,Spot ETF,ensemble,-0.4474,1.1,0.0,0,0.006803,0.0,0.0,0.0,0.057845
2025-05-21,500ETF,Spot ETF,ensemble,0.3212,1.1,0.0,0,0.003133,0.0,0.0,0.0,0.057845
2025-05-22,500ETF,Spot ETF,ensemble,0.1854,1.1,0.0,0,-0.006104,0.0,0.0,0.0,0.057845
2025-05-23,500ETF,Spot ETF,ensemble,0.7563,1.1,0.0,0,-0.010013,0.0,0.0,0.0,0.057845
2025-05-26,500ETF,Spot ETF,ensemble,0.6136,1.1,0.0,0,-0.000705,0.0,0.0,0.0,0.057845
2025-05-27,500ETF,Spot ETF,ensemble,-0.7989,1.1,0.0,0,0.000707,0.0,0.0,0.0,0.057845
2025-05-28,500ETF,Spot ETF,ensemble,0.0563,1.1,0.0,0,-0.001769,0.0,0.0,0.0,0.057845
2025-05-29,500ETF,Spot ETF,ensemble,1.2678,1.1,0.6563,1,0.003848,0.003687,0.00105,0.002637,0.060482
2025-05-30,500ETF,Spot ETF,ensemble,-1.6298,1.1,-0.7934,1,0.000703,0.000139,0.001269,-0.00113,0.059352
2025-06-03,500ETF,Spot ETF,ensemble,1.3173,1.1,0.7624,1,-0.003497,-0.001865,0.00122,-0.003085,0.056267
2025-06-04,500ETF,Spot ETF,ensemble,1.0724,1.1,0.0,0,0.001567,0.0,0.0,0.0,0.056267
2025-06-05,500ETF,Spot ETF,ensemble,-0.267,1.1,0.0,0,0.007108,0.0,0.0,0.0,0.056267
2025-06-06,500ETF,Spot ETF,ensemble,-0.5727,1.1,0.0,0,0.000173,0.0,0.0,0.0,0.056267
2025-06-09,500ETF,Spot ETF,ensemble,0.7488,1.1,0.0,0,-0.000858,0.0,0.0,0.0,0.056267
2025-06-10,500ETF,Spot ETF,ensemble,-0.6287,1.1,0.0,0,-0.006384,0.0,0.0,0.0,0.056267
2025-06-11,500ETF,Spot ETF,ensemble,1.4858,1.1,1.0,1,-0.002916,-0.002911,0.0016,-0.004511,0.051755
2025-06-12,500ETF,Spot ETF,ensemble,0.3172,1.1,0.0,0,0.002578,0.0,0.0,0.0,0.051755
2025-06-13,500ETF,Spot ETF,ensemble,-0.4993,1.1,0.0,0,-0.001558,0.0,0.0,0.0,0.051755
2025-06-16,500ETF,Spot ETF,ensemble,1.2628,1.1,0.6472,1,-0.000861,-0.000446,0.001035,-0.001481,0.050274
2025-06-17,500ETF,Spot ETF,ensemble,-0.1433,1.1,0.0,0,-0.004147,0.0,0.0,0.0,0.050274
2025-06-18,500ETF,Spot ETF,ensemble,-0.0986,1.1,0.0,0,0.001734,0.0,0.0,0.0,0.050274
2025-06-19,500ETF,Spot ETF,ensemble,0.2252,1.1,0.0,0,-0.010639,0.0,0.0,0.0,0.050274
2025-06-20,500ETF,Spot ETF,ensemble,0.1814,1.1,0.0,0,-0.003864,0.0,0.0,0.0,0.050274
2025-06-23,500ETF,Spot ETF,ensemble,0.994,1.1,0.0,0,0.004205,0.0,0.0,0.0,0.050274
2025-06-24,500ETF,Spot ETF,ensemble,1.6045,1.1,1.0,1,0.005183,0.005371,0.0016,0.003771,0.054045
2025-06-25,500ETF,Spot ETF,ensemble,1.1983,1.1,0.5537,1,0.009869,0.005396,0.000886,0.00451,0.058555
2025-06-26,500ETF,Spot ETF,ensemble,-0.3202,1.1,0.0,0,-0.003726,0.0,0.0,0.0,0.058555
2025-06-27,500ETF,Spot ETF,ensemble,0.8723,1.1,0.0,0,-0.002367,0.0,0.0,0.0,0.058555
2025-06-30,500ETF,Spot ETF,ensemble,0.6024,1.1,0.0,0,0.002689,0.0,0.0,0.0,0.058555
2025-07-01,500ETF,Spot ETF,ensemble,-0.4353,1.1,0.0,0,0.002683,0.0,0.0,0.0,0.058555
2025-07-02,500ETF,Spot ETF,ensemble,-0.6639,1.1,0.0,0,-0.002016,0.0,0.0,0.0,0.058555
2025-07-03,500ETF,Spot ETF,ensemble,0.5402,1.1,0.0,0,0.002682,0.0,0.0,0.0,0.058555
2025-07-04,500ETF,Spot ETF,ensemble,-0.4369,1.1,0.0,0,0.000839,0.0,0.0,0.0,0.058555
2025-07-07,500ETF,Spot ETF,ensemble,-0.0631,1.1,0.0,0,0.001345,0.0,0.0,0.0,0.058555
2025-07-08,500ETF,Spot ETF,ensemble,1.4444,1.1,1.0,1,0.005646,0.005662,0.0016,0.004062,0.062617
2025-07-09,500ETF,Spot ETF,ensemble,0.1248,1.1,0.0,0,-0.002656,0.0,0.0,0.0,0.062617
2025-07-10,500ETF,Spot ETF,ensemble,0.2526,1.1,0.0,0,0.00332,0.0,0.0,0.0,0.062617
2025-07-11,500ETF,Spot ETF,ensemble,-0.1946,1.1,0.0,0,0.00806,0.0,0.0,0.0,0.062617
2025-07-14,500ETF,Spot ETF,ensemble,0.0292,1.1,0.0,0,-0.00115,0.0,0.0,0.0,0.062617
2025-07-15,500ETF,Spot ETF,ensemble,0.8612,1.1,0.0,0,-0.002136,0.0,0.0,0.0,0.062617
2025-07-16,500ETF,Spot ETF,ensemble,0.975,1.1,0.0,0,-0.00754,0.0,0.0,0.0,0.062617
2025-07-17,500ETF,Spot ETF,ensemble,1.1074,1.1,0.5003,1,0.006365,0.003442,0.0008,0.002641,0.065258
2025-07-18,500ETF,Spot ETF,ensemble,0.4056,1.1,0.0,0,-0.001787,0.0,0.0,0.0,0.065258
2025-07-21,500ETF,Spot ETF,ensemble,0.8565,1.1,0.0,0,0.002413,0.0,0.0,0.0,0.065258
2025-07-22,500ETF,Spot ETF,ensemble,0.459,1.1,0.0,0,0.007665,0.0,0.0,0.0,0.065258
2025-07-23,500ETF,Spot ETF,ensemble,0.4882,1.1,0.0,0,-0.005247,0.0,0.0,0.0,0.065258
2025-07-24,500ETF,Spot ETF,ensemble,1.324,1.1,0.7788,1,0.008052,0.006297,0.001246,0.005051,0.070309
2025-07-25,500ETF,Spot ETF,ensemble,0.1243,1.1,0.0,0,0.000157,0.0,0.0,0.0,0.070309
2025-07-28,500ETF,Spot ETF,ensemble,-0.4185,1.1,0.0,0,0.0,0.0,0.0,0.0,0.070309
2025-07-29,500ETF,Spot ETF,ensemble,-0.805,1.1,0.0,0,0.010665,0.0,0.0,0.0,0.070309
2025-07-30,500ETF,Spot ETF,ensemble,0.2745,1.1,0.0,0,-0.004213,0.0,0.0,0.0,0.070309
2025-07-31,500ETF,Spot ETF,ensemble,0.3552,1.1,0.0,0,-0.013455,0.0,0.0,0.0,0.070309
2025-08-01,500ETF,Spot ETF,ensemble,0.7831,1.1,0.0,0,-0.004604,0.0,0.0,0.0,0.070309
2025-08-04,500ETF,Spot ETF,ensemble,0.4884,1.1,0.0,0,0.007771,0.0,0.0,0.0,0.070309
2025-08-05,500ETF,Spot ETF,ensemble,0.5133,1.1,0.0,0,0.002516,0.0,0.0,0.0,0.070309
2025-08-06,500ETF,Spot ETF,ensemble,0.3771,1.1,0.0,0,0.006865,0.0,0.0,0.0,0.070309
2025-08-07,500ETF,Spot ETF,ensemble,-0.0471,1.1,0.0,0,-0.001402,0.0,0.0,0.0,0.070309
2025-08-08,500ETF,Spot ETF,ensemble,-0.4785,1.1,0.0,0,0.002817,0.0,0.0,0.0,0.070309
2025-08-11,500ETF,Spot ETF,ensemble,1.0992,1.1,0.0,0,0.003253,0.0,0.0,0.0,0.070309
2025-08-12,500ETF,Spot ETF,ensemble,-0.5483,1.1,0.0,0,0.00386,0.0,0.0,0.0,0.070309
2025-08-13,500ETF,Spot ETF,ensemble,0.9791,1.1,0.0,0,0.006569,0.0,0.0,0.0,0.070309
2025-08-14,500ETF,Spot ETF,ensemble,-0.4767,1.1,0.0,0,-0.005187,0.0,0.0,0.0,0.070309
2025-08-15,500ETF,Spot ETF,ensemble,1.8621,1.1,1.0,1,0.009687,0.009887,0.0016,0.008287,0.078596
2025-08-18,500ETF,Spot ETF,ensemble,0.1461,1.1,0.0,0,0.00387,0.0,0.0,0.0,0.078596
2025-08-19,500ETF,Spot ETF,ensemble,0.7945,1.1,0.0,0,-0.003411,0.0,0.0,0.0,0.078596
2025-08-20,500ETF,Spot ETF,ensemble,0.391,1.1,0.0,0,0.009456,0.0,0.0,0.0,0.078596
2025-08-21,500ETF,Spot ETF,ensemble,-0.3572,1.1,0.0,0,-0.003101,0.0,0.0,0.0,0.078596
2025-08-22,500ETF,Spot ETF,ensemble,1.1818,1.1,0.5372,1,0.010043,0.005581,0.00086,0.004722,0.083318
2025-08-25,500ETF,Spot ETF,ensemble,0.738,1.1,0.0,0,0.003848,0.0,0.0,0.0,0.083318
2025-08-26,500ETF,Spot ETF,ensemble,0.8748,1.1,0.0,0,0.003398,0.0,0.0,0.0,0.083318
2025-08-27,500ETF,Spot ETF,ensemble,0.7668,1.1,0.0,0,-0.003826,0.0,0.0,0.0,0.083318
2025-08-28,500ETF,Spot ETF,ensemble,0.7929,1.1,0.0,0,0.009996,0.0,0.0,0.0,0.083318
2025-08-29,500ETF,Spot ETF,ensemble,-0.536,1.1,0.0,0,0.002669,0.0,0.0,0.0,0.083318
2025-09-01,500ETF,Spot ETF,ensemble,-0.3999,1.1,0.0,0,0.008927,0.0,0.0,0.0,0.083318
2025-09-02,500ETF,Spot ETF,ensemble,-1.426,1.1,-0.5038,1,-0.011724,0.006081,0.000806,0.005275,0.088593
2025-09-03,500ETF,Spot ETF,ensemble,-0.5923,1.1,0.0,0,-0.007127,0.0,0.0,0.0,0.088593
2025-09-04,500ETF,Spot ETF,ensemble,-0.7607,1.1,0.0,0,-0.03305,0.0,0.0,0.0,0.088593
2025-09-05,500ETF,Spot ETF,ensemble,0.2202,1.1,0.0,0,0.022677,0.0,0.0,0.0,0.088593
2025-09-08,500ETF,Spot ETF,ensemble,0.9998,1.1,0.0,0,0.004389,0.0,0.0,0.0,0.088593
2025-09-09,500ETF,Spot ETF,ensemble,0.4404,1.1,0.0,0,-0.011232,0.0,0.0,0.0,0.088593
2025-09-10,500ETF,Spot ETF,ensemble,1.3523,1.1,0.8535,1,-0.003844,-0.00412,0.001366,-0.005485,0.083108
2025-09-11,500ETF,Spot ETF,ensemble,-0.1608,1.1,0.0,0,0.02656,0.0,0.0,0.0,0.083108
2025-09-12,500ETF,Spot ETF,ensemble,0.8818,1.1,0.0,0,0.003999,0.0,0.0,0.0,0.083108
2025-09-15,500ETF,Spot ETF,ensemble,-0.4973,1.1,0.0,0,0.000414,0.0,0.0,0.0,0.083108
2025-09-16,500ETF,Spot ETF,ensemble,0.3883,1.1,0.0,0,0.002067,0.0,0.0,0.0,0.083108
2025-09-17,500ETF,Spot ETF,ensemble,0.5942,1.1,0.0,0,0.007377,0.0,0.0,0.0,0.083108
2025-09-18,500ETF,Spot ETF,ensemble,0.6264,1.1,0.0,0,-0.014078,0.0,0.0,0.0,0.083108
2025-09-19,500ETF,Spot ETF,ensemble,0.2072,1.1,0.0,0,0.001236,0.0,0.0,0.0,0.083108
2025-09-22,500ETF,Spot ETF,ensemble,-0.6646,1.1,0.0,0,0.010042,0.0,0.0,0.0,0.083108
2025-09-23,500ETF,Spot ETF,ensemble,-1.0787,1.1,0.0,0,-0.007178,0.0,0.0,0.0,0.083108
2025-09-24,500ETF,Spot ETF,ensemble,1.0148,1.1,0.0,0,0.015371,0.0,0.0,0.0,0.083108
2025-09-25,500ETF,Spot ETF,ensemble,0.7792,1.1,0.0,0,0.005239,0.0,0.0,0.0,0.083108
2025-09-26,500ETF,Spot ETF,ensemble,0.5106,1.1,0.0,0,-0.00935,0.0,0.0,0.0,0.083108
2025-09-29,500ETF,Spot ETF,ensemble,-0.377,1.1,0.0,0,0.015013,0.0,0.0,0.0,0.083108
2025-09-30,500ETF,Spot ETF,ensemble,1.1276,1.1,0.5042,1,0.002395,0.001546,0.000807,0.000739,0.083847
2025-10-09,500ETF,Spot ETF,ensemble,0.1472,1.1,0.0,0,0.012094,0.0,0.0,0.0,0.083847
2025-10-10,500ETF,Spot ETF,ensemble,-1.0055,1.1,0.0,0,-0.006904,0.0,0.0,0.0,0.083847
2025-10-13,500ETF,Spot ETF,ensemble,0.3172,1.1,0.0,0,0.012912,0.0,0.0,0.0,0.083847
2025-10-14,500ETF,Spot ETF,ensemble,0.2303,1.1,0.0,0,-0.029027,0.0,0.0,0.0,0.083847
2025-10-15,500ETF,Spot ETF,ensemble,-0.3519,1.1,0.0,0,0.007899,0.0,0.0,0.0,0.083847
2025-10-16,500ETF,Spot ETF,ensemble,0.0555,1.1,0.0,0,-0.006949,0.0,0.0,0.0,0.083847
2025-10-17,500ETF,Spot ETF,ensemble,-1.4744,1.1,-0.5308,1,-0.014357,0.007565,0.000849,0.006716,0.090564
2025-10-20,500ETF,Spot ETF,ensemble,0.107,1.1,0.0,0,-0.01268,0.0,0.0,0.0,0.090564
2025-10-21,500ETF,Spot ETF,ensemble,0.6796,1.1,0.0,0,0.006756,0.0,0.0,0.0,0.090564
2025-10-22,500ETF,Spot ETF,ensemble,-0.2962,1.1,0.0,0,0.000138,0.0,0.0,0.0,0.090564
2025-10-23,500ETF,Spot ETF,ensemble,-1.9098,1.1,-1.0,1,0.012549,-0.012344,0.0016,-0.013944,0.07662
2025-10-24,500ETF,Spot ETF,ensemble,0.9175,1.1,0.0,0,0.006418,0.0,0.0,0.0,0.07662
2025-10-27,500ETF,Spot ETF,ensemble,0.7362,1.1,0.0,0,0.002677,0.0,0.0,0.0,0.07662
2025-10-28,500ETF,Spot ETF,ensemble,0.2071,1.1,0.0,0,-0.003351,0.0,0.0,0.0,0.07662
2025-10-29,500ETF,Spot ETF,ensemble,1.2487,1.1,0.6229,1,0.01167,0.006975,0.000997,0.005979,0.082598
2025-10-30,500ETF,Spot ETF,ensemble,-1.4984,1.1,-0.5538,1,-0.001463,0.001177,0.000886,0.000291,0.082889
2025-10-31,500ETF,Spot ETF,ensemble,-0.0623,1.1,0.0,0,-0.005617,0.0,0.0,0.0,0.082889
2025-11-03,500ETF,Spot ETF,ensemble,-1.4992,1.1,-0.5547,1,0.008786,-0.004136,0.000888,-0.005024,0.077866
2025-11-04,500ETF,Spot ETF,ensemble,-0.7951,1.1,0.0,0,-0.01188,0.0,0.0,0.0,0.077866
2025-11-05,500ETF,Spot ETF,ensemble,0.4536,1.1,0.0,0,0.013565,0.0,0.0,0.0,0.077866
2025-11-06,500ETF,Spot ETF,ensemble,0.7119,1.1,0.0,0,0.010269,0.0,0.0,0.0,0.077866
2025-11-07,500ETF,Spot ETF,ensemble,-0.1413,1.1,0.0,0,0.002961,0.0,0.0,0.0,0.077866
2025-11-10,500ETF,Spot ETF,ensemble,-0.1786,1.1,0.0,0,0.001882,0.0,0.0,0.0,0.077866
2025-11-11,500ETF,Spot ETF,ensemble,-0.3549,1.1,0.0,0,-0.006059,0.0,0.0,0.0,0.077866
2025-11-12,500ETF,Spot ETF,ensemble,-0.3994,1.1,0.0,0,-0.001767,0.0,0.0,0.0,0.077866
2025-11-13,500ETF,Spot ETF,ensemble,1.3309,1.1,0.7962,1,0.006594,0.005809,0.001274,0.004536,0.082401
2025-11-14,500ETF,Spot ETF,ensemble,-0.2535,1.1,0.0,0,-0.002839,0.0,0.0,0.0,0.082401
2025-11-17,500ETF,Spot ETF,ensemble,-0.6235,1.1,0.0,0,0.003276,0.0,0.0,0.0,0.082401
2025-11-18,500ETF,Spot ETF,ensemble,-0.6944,1.1,0.0,0,-0.005097,0.0,0.0,0.0,0.082401
2025-11-19,500ETF,Spot ETF,ensemble,0.2628,1.1,0.0,0,-0.001656,0.0,0.0,0.0,0.082401
2025-11-20,500ETF,Spot ETF,ensemble,-1.2672,1.1,0.0,0,-0.009159,0.0,0.0,0.0,0.082401
2025-11-21,500ETF,Spot ETF,ensemble,-1.3595,1.1,0.0,0,-0.008017,0.0,0.0,0.0,0.082401
2025-11-24,500ETF,Spot ETF,ensemble,-0.5911,1.1,0.0,0,0.007755,0.0,0.0,0.0,0.082401
2025-11-25,500ETF,Spot ETF,ensemble,1.3004,1.1,0.7232,1,-0.001558,-0.00133,0.001157,-0.002487,0.079914
2025-11-26,500ETF,Spot ETF,ensemble,1.1216,1.1,0.5026,1,-0.005638,-0.002263,0.000804,-0.003067,0.076847
2025-11-27,500ETF,Spot ETF,ensemble,1.6565,1.1,1.0,1,-0.011532,-0.010497,0.0016,-0.012097,0.06475
2025-11-28,500ETF,Spot ETF,ensemble,0.1912,1.1,0.0,0,0.012277,0.0,0.0,0.0,0.06475
2025-12-01,500ETF,Spot ETF,ensemble,0.8707,1.1,0.0,0,0.000139,0.0,0.0,0.0,0.06475
2025-12-02,500ETF,Spot ETF,ensemble,-0.9498,1.1,0.0,0,-0.002658,0.0,0.0,0.0,0.06475
2025-12-03,500ETF,Spot ETF,ensemble,-0.0912,1.1,0.0,0,-0.004642,0.0,0.0,0.0,0.06475
2025-12-04,500ETF,Spot ETF,ensemble,-1.1627,1.1,0.0,0,0.006904,0.0,0.0,0.0,0.06475
2025-12-05,500ETF,Spot ETF,ensemble,-0.5164,1.1,0.0,0,0.011024,0.0,0.0,0.0,0.06475
2025-12-08,500ETF,Spot ETF,ensemble,0.3795,1.1,0.0,0,0.007024,0.0,0.0,0.0,0.06475
2025-12-09,500ETF,Spot ETF,ensemble,0.6717,1.1,0.0,0,-0.008411,0.0,0.0,0.0,0.06475
2025-12-10,500ETF,Spot ETF,ensemble,-0.8391,1.1,0.0,0,0.012457,0.0,0.0,0.0,0.06475
2025-12-11,500ETF,Spot ETF,ensemble,-0.1806,1.1,0.0,0,-0.005524,0.0,0.0,0.0,0.06475
2025-12-12,500ETF,Spot ETF,ensemble,-0.0269,1.1,0.0,0,0.013114,0.0,0.0,0.0,0.06475
2025-12-15,500ETF,Spot ETF,ensemble,0.5049,1.1,0.0,0,-0.004411,0.0,0.0,0.0,0.06475
2025-12-16,500ETF,Spot ETF,ensemble,-2.1638,1.1,-1.0,1,-0.001262,0.0021,0.0016,0.0005,0.06525
2025-12-17,500ETF,Spot ETF,ensemble,0.4852,1.1,0.0,0,0.020155,0.0,0.0,0.0,0.06525
2025-12-18,500ETF,Spot ETF,ensemble,1.2059,1.1,0.5623,1,-0.006612,-0.004165,0.0009,-0.005065,0.060185
2025-12-19,500ETF,Spot ETF,ensemble,0.2754,1.1,0.0,0,0.004813,0.0,0.0,0.0,0.060185
2025-12-22,500ETF,Spot ETF,ensemble,1.2302,1.1,0.5941,1,-0.000407,-0.000483,0.000951,-0.001434,0.058751
2025-12-23,500ETF,Spot ETF,ensemble,0.2192,1.1,0.0,0,-0.004611,0.0,0.0,0.0,0.058751
2025-12-24,500ETF,Spot ETF,ensemble,0.3564,1.1,0.0,0,0.010232,0.0,0.0,0.0,0.058751
2025-12-25,500ETF,Spot ETF,ensemble,0.5593,1.1,0.0,0,0.009323,0.0,0.0,0.0,0.058751
2025-12-26,500ETF,Spot ETF,ensemble,0.7352,1.1,0.0,0,0.000924,0.0,0.0,0.0,0.058751
2025-12-29,500ETF,Spot ETF,ensemble,-0.5785,1.1,0.0,0,-0.00212,0.0,0.0,0.0,0.058751
2025-12-30,500ETF,Spot ETF,ensemble,1.0771,1.1,0.0,0,0.001319,0.0,0.0,0.0,0.058751
2025-12-31,500ETF,Spot ETF,ensemble,-0.4564,1.1,0.0,0,0.001716,0.0,0.0,0.0,0.058751
2024-01-02,159915ETF,Spot ETF,ensemble,-1.1227,1.1,0.0,0,-0.005501,0.0,0.0,0.0,0.0
2024-01-03,159915ETF,Spot ETF,ensemble,-0.4308,1.1,0.0,0,-0.005574,0.0,0.0,0.0,0.0
2024-01-04,159915ETF,Spot ETF,ensemble,-1.1871,1.1,0.0,0,-0.006248,0.0,0.0,0.0,0.0
2024-01-05,159915ETF,Spot ETF,ensemble,0.5239,1.1,0.0,0,-0.01895,0.0,0.0,0.0,0.0
2024-01-08,159915ETF,Spot ETF,ensemble,-0.1273,1.1,0.0,0,-0.011108,0.0,0.0,0.0,0.0
2024-01-09,159915ETF,Spot ETF,ensemble,-0.2416,1.1,0.0,0,0.001759,0.0,0.0,0.0,0.0
2024-01-10,159915ETF,Spot ETF,ensemble,-0.324,1.1,0.0,0,-0.005277,0.0,0.0,0.0,0.0
2024-01-11,159915ETF,Spot ETF,ensemble,0.5514,1.1,0.0,0,0.015152,0.0,0.0,0.0,0.0
2024-01-12,159915ETF,Spot ETF,ensemble,-0.6205,1.1,0.0,0,-0.004643,0.0,0.0,0.0,0.0
2024-01-15,159915ETF,Spot ETF,ensemble,-0.919,1.1,0.0,0,-0.001174,0.0,0.0,0.0,0.0
2024-01-16,159915ETF,Spot ETF,ensemble,0.389,1.1,0.0,0,-0.005299,0.0,0.0,0.0,0.0
2024-01-17,159915ETF,Spot ETF,ensemble,-1.1284,1.1,0.0,0,-0.013103,0.0,0.0,0.0,0.0
2024-01-18,159915ETF,Spot ETF,ensemble,0.1359,1.1,0.0,0,0.003614,0.0,0.0,0.0,0.0
2024-01-19,159915ETF,Spot ETF,ensemble,0.7125,1.1,0.0,0,-0.009507,0.0,0.0,0.0,0.0
2024-01-22,159915ETF,Spot ETF,ensemble,-1.0332,1.1,0.0,0,-0.014003,0.0,0.0,0.0,0.0
2024-01-23,159915ETF,Spot ETF,ensemble,0.6507,1.1,0.0,0,0.006693,0.0,0.0,0.0,0.0
2024-01-24,159915ETF,Spot ETF,ensemble,-0.6258,1.1,0.0,0,0.005493,0.0,0.0,0.0,0.0
2024-01-25,159915ETF,Spot ETF,ensemble,-0.8771,1.1,0.0,0,0.021155,0.0,0.0,0.0,0.0
2024-01-26,159915ETF,Spot ETF,ensemble,-0.2578,1.1,0.0,0,-0.012747,0.0,0.0,0.0,0.0
2024-01-29,159915ETF,Spot ETF,ensemble,-0.8106,1.1,0.0,0,-0.013665,0.0,0.0,0.0,0.0
2024-01-30,159915ETF,Spot ETF,ensemble,0.5035,1.1,0.0,0,-0.016,0.0,0.0,0.0,0.0
2024-01-31,159915ETF,Spot ETF,ensemble,0.975,1.1,0.0,0,-0.006485,0.0,0.0,0.0,0.0
2024-02-01,159915ETF,Spot ETF,ensemble,-0.0458,1.1,0.0,0,0.01496,0.0,0.0,0.0,0.0
2024-02-02,159915ETF,Spot ETF,ensemble,-0.2169,1.1,0.0,0,-0.014417,0.0,0.0,0.0,0.0
2024-02-05,159915ETF,Spot ETF,ensemble,-0.5738,1.1,0.0,0,0.031665,0.0,0.0,0.0,0.0
2024-02-06,159915ETF,Spot ETF,ensemble,2.2689,1.1,1.0,1,0.028366,0.026803,0.0016,0.025203,0.025203
2024-02-07,159915ETF,Spot ETF,ensemble,2.3719,1.1,1.0,1,-0.006039,-0.004822,0.0016,-0.006422,0.018781
2024-02-08,159915ETF,Spot ETF,ensemble,1.9033,1.1,1.0,1,-0.014815,-0.011824,0.0016,-0.013424,0.005356
2024-02-19,159915ETF,Spot ETF,ensemble,-0.64,1.1,0.0,0,0.004133,0.0,0.0,0.0,0.005356
2024-02-20,159915ETF,Spot ETF,ensemble,-0.5298,1.1,0.0,0,0.003546,0.0,0.0,0.0,0.005356
2024-02-21,159915ETF,Spot ETF,ensemble,-0.1677,1.1,0.0,0,0.016471,0.0,0.0,0.0,0.005356
2024-02-22,159915ETF,Spot ETF,ensemble,0.1638,1.1,0.0,0,-0.000586,0.0,0.0,0.0,0.005356
2024-02-23,159915ETF,Spot ETF,ensemble,-0.511,1.1,0.0,0,0.0,0.0,0.0,0.0,0.005356
2024-02-26,159915ETF,Spot ETF,ensemble,-0.2845,1.1,0.0,0,0.006469,0.0,0.0,0.0,0.005356
2024-02-27,159915ETF,Spot ETF,ensemble,0.0999,1.1,0.0,0,0.022094,0.0,0.0,0.0,0.005356
2024-02-28,159915ETF,Spot ETF,ensemble,1.4924,1.1,1.0,1,-0.02682,-0.024031,0.0016,-0.025631,-0.020275
2024-02-29,159915ETF,Spot ETF,ensemble,1.9722,1.1,1.0,1,0.013793,0.014476,0.0016,0.012876,-0.007399
2024-03-01,159915ETF,Spot ETF,ensemble,-0.1277,1.1,0.0,0,0.009624,0.0,0.0,0.0,-0.007399
2024-03-04,159915ETF,Spot ETF,ensemble,0.9493,1.1,0.0,0,-0.002242,0.0,0.0,0.0,-0.007399
2024-03-05,159915ETF,Spot ETF,ensemble,0.2511,1.1,0.0,0,0.00112,0.0,0.0,0.0,-0.007399
2024-03-06,159915ETF,Spot ETF,ensemble,-0.4009,1.1,0.0,0,0.007305,0.0,0.0,0.0,-0.007399
2024-03-07,159915ETF,Spot ETF,ensemble,0.3652,1.1,0.0,0,-0.022141,0.0,0.0,0.0,-0.007399
2024-03-08,159915ETF,Spot ETF,ensemble,0.5997,1.1,0.0,0,0.006273,0.0,0.0,0.0,-0.007399
2024-03-11,159915ETF,Spot ETF,ensemble,1.3796,1.1,0.9344,1,0.023804,0.022509,0.001495,0.021014,0.013615
2024-03-12,159915ETF,Spot ETF,ensemble,0.6483,1.1,0.0,0,-0.005925,0.0,0.0,0.0,0.013615
2024-03-13,159915ETF,Spot ETF,ensemble,-1.1558,1.1,0.0,0,-0.003791,0.0,0.0,0.0,0.013615
2024-03-14,159915ETF,Spot ETF,ensemble,0.8595,1.1,0.0,0,-0.013044,0.0,0.0,0.0,0.013615
2024-03-15,159915ETF,Spot ETF,ensemble,-0.8628,1.1,0.0,0,0.009885,0.0,0.0,0.0,0.013615
2024-03-18,159915ETF,Spot ETF,ensemble,0.37,1.1,0.0,0,0.004287,0.0,0.0,0.0,0.013615
2024-03-19,159915ETF,Spot ETF,ensemble,-0.2071,1.1,0.0,0,-0.007519,0.0,0.0,0.0,0.013615
2024-03-20,159915ETF,Spot ETF,ensemble,0.6831,1.1,0.0,0,-0.003231,0.0,0.0,0.0,0.013615
2024-03-21,159915ETF,Spot ETF,ensemble,0.3471,1.1,0.0,0,-0.006999,0.0,0.0,0.0,0.013615
2024-03-22,159915ETF,Spot ETF,ensemble,-0.9695,1.1,0.0,0,-0.002743,0.0,0.0,0.0,0.013615
2024-03-25,159915ETF,Spot ETF,ensemble,-0.7617,1.1,0.0,0,-0.006109,0.0,0.0,0.0,0.013615
2024-03-26,159915ETF,Spot ETF,ensemble,0.9637,1.1,0.0,0,-0.002231,0.0,0.0,0.0,0.013615
2024-03-27,159915ETF,Spot ETF,ensemble,-1.3616,1.1,0.0,0,-0.007941,0.0,0.0,0.0,0.013615
2024-03-28,159915ETF,Spot ETF,ensemble,0.0225,1.1,0.0,0,0.005153,0.0,0.0,0.0,0.013615
2024-03-29,159915ETF,Spot ETF,ensemble,0.8818,1.1,0.0,0,0.0,0.0,0.0,0.0,0.013615
2024-04-01,159915ETF,Spot ETF,ensemble,1.6628,1.1,1.0,1,0.00718,0.007206,0.0016,0.005606,0.019221
2024-04-02,159915ETF,Spot ETF,ensemble,-0.996,1.1,0.0,0,-0.002215,0.0,0.0,0.0,0.019221
2024-04-03,159915ETF,Spot ETF,ensemble,-0.8455,1.1,0.0,0,-0.001674,0.0,0.0,0.0,0.019221
2024-04-08,159915ETF,Spot ETF,ensemble,-0.5693,1.1,0.0,0,-0.009029,0.0,0.0,0.0,0.019221
2024-04-09,159915ETF,Spot ETF,ensemble,0.4227,1.1,0.0,0,0.009629,0.0,0.0,0.0,0.019221
2024-04-10,159915ETF,Spot ETF,ensemble,-1.3182,1.1,0.0,0,-0.004001,0.0,0.0,0.0,0.019221
2024-04-11,159915ETF,Spot ETF,ensemble,0.0362,1.1,0.0,0,0.002881,0.0,0.0,0.0,0.019221
2024-04-12,159915ETF,Spot ETF,ensemble,0.074,1.1,0.0,0,-0.00927,0.0,0.0,0.0,0.019221
2024-04-15,159915ETF,Spot ETF,ensemble,1.5212,1.1,1.0,1,0.002883,0.002308,0.0016,0.000708,0.019929
2024-04-16,159915ETF,Spot ETF,ensemble,-0.2937,1.1,0.0,0,-0.00349,0.0,0.0,0.0,0.019929
2024-04-17,159915ETF,Spot ETF,ensemble,1.7143,1.1,1.0,1,0.00115,0.002304,0.0016,0.000704,0.020634
2024-04-18,159915ETF,Spot ETF,ensemble,-1.2815,1.1,0.0,0,0.006335,0.0,0.0,0.0,0.020634
2024-04-19,159915ETF,Spot ETF,ensemble,-0.8874,1.1,0.0,0,-0.007026,0.0,0.0,0.0,0.020634
2024-04-22,159915ETF,Spot ETF,ensemble,0.0905,1.1,0.0,0,-0.004107,0.0,0.0,0.0,0.020634
2024-04-23,159915ETF,Spot ETF,ensemble,0.5074,1.1,0.0,0,0.003517,0.0,0.0,0.0,0.020634
2024-04-24,159915ETF,Spot ETF,ensemble,-0.8645,1.1,0.0,0,0.003509,0.0,0.0,0.0,0.020634
2024-04-25,159915ETF,Spot ETF,ensemble,-0.6026,1.1,0.0,0,0.005838,0.0,0.0,0.0,0.020634
2024-04-26,159915ETF,Spot ETF,ensemble,1.7973,1.1,1.0,1,0.021053,0.021864,0.0016,0.020264,0.040898
2024-04-29,159915ETF,Spot ETF,ensemble,1.7015,1.1,1.0,1,0.0214,0.022765,0.0016,0.021165,0.062063
2024-04-30,159915ETF,Spot ETF,ensemble,-0.5342,1.1,0.0,0,-0.003828,0.0,0.0,0.0,0.062063
2024-05-06,159915ETF,Spot ETF,ensemble,-0.0,1.1,0.0,0,-0.001618,0.0,0.0,0.0,0.062063
2024-05-07,159915ETF,Spot ETF,ensemble,-0.4348,1.1,0.0,0,-0.004864,0.0,0.0,0.0,0.062063
2024-05-08,159915ETF,Spot ETF,ensemble,-1.3609,1.1,0.0,0,-0.009282,0.0,0.0,0.0,0.062063
2024-05-09,159915ETF,Spot ETF,ensemble,1.3239,1.1,0.7784,1,0.001079,0.002105,0.001245,0.000859,0.062922
2024-05-10,159915ETF,Spot ETF,ensemble,-1.0515,1.1,0.0,0,0.001634,0.0,0.0,0.0,0.062922
2024-05-13,159915ETF,Spot ETF,ensemble,-0.2,1.1,0.0,0,-0.0044,0.0,0.0,0.0,0.062922
2024-05-14,159915ETF,Spot ETF,ensemble,0.3575,1.1,0.0,0,-0.001652,0.0,0.0,0.0,0.062922
2024-05-15,159915ETF,Spot ETF,ensemble,0.0394,1.1,0.0,0,-0.009395,0.0,0.0,0.0,0.062922
2024-05-16,159915ETF,Spot ETF,ensemble,-0.4125,1.1,0.0,0,-0.001666,0.0,0.0,0.0,0.062922
2024-05-17,159915ETF,Spot ETF,ensemble,0.0514,1.1,0.0,0,0.000551,0.0,0.0,0.0,0.062922
2024-05-20,159915ETF,Spot ETF,ensemble,1.0394,1.1,0.0,0,-0.003266,0.0,0.0,0.0,0.062922
2024-05-21,159915ETF,Spot ETF,ensemble,-0.9849,1.1,0.0,0,-0.002198,0.0,0.0,0.0,0.062922
2024-05-22,159915ETF,Spot ETF,ensemble,-0.3105,1.1,0.0,0,0.005467,0.0,0.0,0.0,0.062922
2024-05-23,159915ETF,Spot ETF,ensemble,-0.8994,1.1,0.0,0,-0.00496,0.0,0.0,0.0,0.062922
2024-05-24,159915ETF,Spot ETF,ensemble,0.8904,1.1,0.0,0,-0.015021,0.0,0.0,0.0,0.062922
2024-05-27,159915ETF,Spot ETF,ensemble,-0.9233,1.1,0.0,0,0.008994,0.0,0.0,0.0,0.062922
2024-05-28,159915ETF,Spot ETF,ensemble,-1.1933,1.1,0.0,0,-0.007883,0.0,0.0,0.0,0.062922
2024-05-29,159915ETF,Spot ETF,ensemble,1.4533,1.1,1.0,1,-0.007861,-0.007275,0.0016,-0.008875,0.054048
2024-05-30,159915ETF,Spot ETF,ensemble,-0.1872,1.1,0.0,0,-0.002811,0.0,0.0,0.0,0.054048
2024-05-31,159915ETF,Spot ETF,ensemble,1.016,1.1,0.0,0,-0.00841,0.0,0.0,0.0,0.054048
2024-06-03,159915ETF,Spot ETF,ensemble,-0.0923,1.1,0.0,0,-0.003943,0.0,0.0,0.0,0.054048
2024-06-04,159915ETF,Spot ETF,ensemble,0.7058,1.1,0.0,0,0.007769,0.0,0.0,0.0,0.054048
2024-06-05,159915ETF,Spot ETF,ensemble,0.8241,1.1,0.0,0,-0.008285,0.0,0.0,0.0,0.054048
2024-06-06,159915ETF,Spot ETF,ensemble,-0.5485,1.1,0.0,0,-0.009495,0.0,0.0,0.0,0.054048
2024-06-07,159915ETF,Spot ETF,ensemble,-0.044,1.1,0.0,0,-0.012507,0.0,0.0,0.0,0.054048
2024-06-11,159915ETF,Spot ETF,ensemble,-0.3845,1.1,0.0,0,0.012052,0.0,0.0,0.0,0.054048
2024-06-12,159915ETF,Spot ETF,ensemble,0.2691,1.1,0.0,0,-0.003431,0.0,0.0,0.0,0.054048
2024-06-13,159915ETF,Spot ETF,ensemble,-1.1319,1.1,0.0,0,-0.00401,0.0,0.0,0.0,0.054048
2024-06-14,159915ETF,Spot ETF,ensemble,-1.4118,1.1,0.0,0,0.013762,0.0,0.0,0.0,0.054048
2024-06-17,159915ETF,Spot ETF,ensemble,0.5133,1.1,0.0,0,0.003398,0.0,0.0,0.0,0.054048
2024-06-18,159915ETF,Spot ETF,ensemble,1.022,1.1,0.0,0,-0.003945,0.0,0.0,0.0,0.054048
2024-06-19,159915ETF,Spot ETF,ensemble,-1.3684,1.1,0.0,0,-0.005682,0.0,0.0,0.0,0.054048
2024-06-20,159915ETF,Spot ETF,ensemble,-0.4035,1.1,0.0,0,-0.008643,0.0,0.0,0.0,0.054048
2024-06-21,159915ETF,Spot ETF,ensemble,-0.4905,1.1,0.0,0,-0.00174,0.0,0.0,0.0,0.054048
2024-06-24,159915ETF,Spot ETF,ensemble,-0.1094,1.1,0.0,0,-0.008764,0.0,0.0,0.0,0.054048
2024-06-25,159915ETF,Spot ETF,ensemble,-0.5559,1.1,0.0,0,-0.008338,0.0,0.0,0.0,0.054048
2024-06-26,159915ETF,Spot ETF,ensemble,-0.151,1.1,0.0,0,0.017206,0.0,0.0,0.0,0.054048
2024-06-27,159915ETF,Spot ETF,ensemble,-1.1487,1.1,0.0,0,-0.003578,0.0,0.0,0.0,0.054048
2024-06-28,159915ETF,Spot ETF,ensemble,1.4528,1.1,1.0,1,-0.020372,-0.021242,0.0016,-0.022842,0.031205
2024-07-01,159915ETF,Spot ETF,ensemble,-0.1421,1.1,0.0,0,0.006697,0.0,0.0,0.0,0.031205
2024-07-02,159915ETF,Spot ETF,ensemble,-0.5627,1.1,0.0,0,-0.010996,0.0,0.0,0.0,0.031205
2024-07-03,159915ETF,Spot ETF,ensemble,-0.6183,1.1,0.0,0,0.003688,0.0,0.0,0.0,0.031205
2024-07-04,159915ETF,Spot ETF,ensemble,0.4118,1.1,0.0,0,-0.008003,0.0,0.0,0.0,0.031205
2024-07-05,159915ETF,Spot ETF,ensemble,-0.5419,1.1,0.0,0,0.007426,0.0,0.0,0.0,0.031205
2024-07-08,159915ETF,Spot ETF,ensemble,-1.1664,1.1,0.0,0,-0.007472,0.0,0.0,0.0,0.031205
2024-07-09,159915ETF,Spot ETF,ensemble,0.1523,1.1,0.0,0,0.01429,0.0,0.0,0.0,0.031205
2024-07-10,159915ETF,Spot ETF,ensemble,1.4286,1.1,1.0,1,-0.007385,-0.006748,0.0016,-0.008348,0.022857
2024-07-11,159915ETF,Spot ETF,ensemble,-0.8114,1.1,0.0,0,0.006681,0.0,0.0,0.0,0.022857
2024-07-12,159915ETF,Spot ETF,ensemble,-0.6717,1.1,0.0,0,0.003634,0.0,0.0,0.0,0.022857
2024-07-15,159915ETF,Spot ETF,ensemble,-0.6508,1.1,0.0,0,-0.003656,0.0,0.0,0.0,0.022857
2024-07-16,159915ETF,Spot ETF,ensemble,0.5925,1.1,0.0,0,0.006649,0.0,0.0,0.0,0.022857
2024-07-17,159915ETF,Spot ETF,ensemble,-0.2589,1.1,0.0,0,0.007824,0.0,0.0,0.0,0.022857
2024-07-18,159915ETF,Spot ETF,ensemble,0.4228,1.1,0.0,0,0.008368,0.0,0.0,0.0,0.022857
2024-07-19,159915ETF,Spot ETF,ensemble,0.1772,1.1,0.0,0,0.007708,0.0,0.0,0.0,0.022857
2024-07-22,159915ETF,Spot ETF,ensemble,-0.1078,1.1,0.0,0,-0.002363,0.0,0.0,0.0,0.022857
2024-07-23,159915ETF,Spot ETF,ensemble,-1.4013,1.1,0.0,0,-0.014467,0.0,0.0,0.0,0.022857
2024-07-24,159915ETF,Spot ETF,ensemble,0.8558,1.1,0.0,0,-0.009222,0.0,0.0,0.0,0.022857
2024-07-25,159915ETF,Spot ETF,ensemble,0.5075,1.1,0.0,0,-0.00618,0.0,0.0,0.0,0.022857
2024-07-26,159915ETF,Spot ETF,ensemble,1.5898,1.1,1.0,1,-0.004917,-0.006124,0.0016,-0.007724,0.015133
2024-07-29,159915ETF,Spot ETF,ensemble,-1.2297,1.1,0.0,0,-0.003108,0.0,0.0,0.0,0.015133
2024-07-30,159915ETF,Spot ETF,ensemble,-0.4921,1.1,0.0,0,0.002505,0.0,0.0,0.0,0.015133
2024-07-31,159915ETF,Spot ETF,ensemble,1.3223,1.1,0.7745,1,0.022638,0.018224,0.001239,0.016984,0.032117
2024-08-01,159915ETF,Spot ETF,ensemble,-0.5042,1.1,0.0,0,-0.010338,0.0,0.0,0.0,0.032117
2024-08-02,159915ETF,Spot ETF,ensemble,0.727,1.1,0.0,0,-0.014193,0.0,0.0,0.0,0.032117
2024-08-05,159915ETF,Spot ETF,ensemble,1.6336,1.1,1.0,1,-0.015679,-0.017224,0.0016,-0.018824,0.013294
2024-08-06,159915ETF,Spot ETF,ensemble,0.2325,1.1,0.0,0,-0.003764,0.0,0.0,0.0,0.013294
2024-08-07,159915ETF,Spot ETF,ensemble,0.2366,1.1,0.0,0,-0.005013,0.0,0.0,0.0,0.013294
2024-08-08,159915ETF,Spot ETF,ensemble,-0.6443,1.1,0.0,0,0.006329,0.0,0.0,0.0,0.013294
2024-08-09,159915ETF,Spot ETF,ensemble,-0.0301,1.1,0.0,0,-0.012029,0.0,0.0,0.0,0.013294
2024-08-12,159915ETF,Spot ETF,ensemble,-0.318,1.1,0.0,0,-0.005749,0.0,0.0,0.0,0.013294
2024-08-13,159915ETF,Spot ETF,ensemble,-0.1998,1.1,0.0,0,0.003198,0.0,0.0,0.0,0.013294
2024-08-14,159915ETF,Spot ETF,ensemble,-1.4453,1.1,0.0,0,0.0,0.0,0.0,0.0,0.013294
2024-08-15,159915ETF,Spot ETF,ensemble,0.6203,1.1,0.0,0,-0.000641,0.0,0.0,0.0,0.013294
2024-08-16,159915ETF,Spot ETF,ensemble,-0.1155,1.1,0.0,0,-0.007663,0.0,0.0,0.0,0.013294
2024-08-19,159915ETF,Spot ETF,ensemble,1.2469,1.1,0.6198,1,-0.009563,-0.005119,0.000992,-0.006111,0.007183
2024-08-20,159915ETF,Spot ETF,ensemble,-0.8757,1.1,0.0,0,-0.004535,0.0,0.0,0.0,0.007183
2024-08-21,159915ETF,Spot ETF,ensemble,-0.2563,1.1,0.0,0,0.0,0.0,0.0,0.0,0.007183
2024-08-22,159915ETF,Spot ETF,ensemble,-0.0435,1.1,0.0,0,-0.003291,0.0,0.0,0.0,0.007183
2024-08-23,159915ETF,Spot ETF,ensemble,0.3587,1.1,0.0,0,0.005939,0.0,0.0,0.0,0.007183
2024-08-26,159915ETF,Spot ETF,ensemble,0.3914,1.1,0.0,0,-0.003953,0.0,0.0,0.0,0.007183
2024-08-27,159915ETF,Spot ETF,ensemble,-0.8496,1.1,0.0,0,-0.001998,0.0,0.0,0.0,0.007183
2024-08-28,159915ETF,Spot ETF,ensemble,0.274,1.1,0.0,0,0.002665,0.0,0.0,0.0,0.007183
2024-08-29,159915ETF,Spot ETF,ensemble,0.5678,1.1,0.0,0,0.015288,0.0,0.0,0.0,0.007183
2024-08-30,159915ETF,Spot ETF,ensemble,1.7947,1.1,1.0,1,0.005801,0.005818,0.0016,0.004218,0.011401
2024-09-02,159915ETF,Spot ETF,ensemble,-0.8332,1.1,0.0,0,-0.011834,0.0,0.0,0.0,0.011401
2024-09-03,159915ETF,Spot ETF,ensemble,0.7332,1.1,0.0,0,0.006575,0.0,0.0,0.0,0.011401
2024-09-04,159915ETF,Spot ETF,ensemble,0.2583,1.1,0.0,0,0.00394,0.0,0.0,0.0,0.011401
2024-09-05,159915ETF,Spot ETF,ensemble,0.8045,1.1,0.0,0,0.001304,0.0,0.0,0.0,0.011401
2024-09-06,159915ETF,Spot ETF,ensemble,-0.8205,1.1,0.0,0,-0.013775,0.0,0.0,0.0,0.011401
2024-09-09,159915ETF,Spot ETF,ensemble,0.9408,1.1,0.0,0,-0.005316,0.0,0.0,0.0,0.011401
2024-09-10,159915ETF,Spot ETF,ensemble,-1.0454,1.1,0.0,0,0.003974,0.0,0.0,0.0,0.011401
2024-09-11,159915ETF,Spot ETF,ensemble,0.52,1.1,0.0,0,0.006566,0.0,0.0,0.0,0.011401
2024-09-12,159915ETF,Spot ETF,ensemble,0.9384,1.1,0.0,0,-0.011719,0.0,0.0,0.0,0.011401
2024-09-13,159915ETF,Spot ETF,ensemble,-0.3754,1.1,0.0,0,-0.009878,0.0,0.0,0.0,0.011401
2024-09-18,159915ETF,Spot ETF,ensemble,-0.0017,1.1,0.0,0,0.001329,0.0,0.0,0.0,0.011401
2024-09-19,159915ETF,Spot ETF,ensemble,-0.9108,1.1,0.0,0,0.008589,0.0,0.0,0.0,0.011401
2024-09-20,159915ETF,Spot ETF,ensemble,-1.3014,1.1,0.0,0,0.0,0.0,0.0,0.0,0.011401
2024-09-23,159915ETF,Spot ETF,ensemble,0.5018,1.1,0.0,0,-0.009937,0.0,0.0,0.0,0.011401
2024-09-24,159915ETF,Spot ETF,ensemble,0.3332,1.1,0.0,0,0.044711,0.0,0.0,0.0,0.011401
2024-09-25,159915ETF,Spot ETF,ensemble,0.2304,1.1,0.0,0,-0.013564,0.0,0.0,0.0,0.011401
2024-09-26,159915ETF,Spot ETF,ensemble,-0.5937,1.1,0.0,0,0.03477,0.0,0.0,0.0,0.011401
2024-09-27,159915ETF,Spot ETF,ensemble,1.9304,1.1,1.0,1,0.0415,0.040322,0.0016,0.038722,0.050123
2024-09-30,159915ETF,Spot ETF,ensemble,1.2493,1.1,0.6239,1,0.087559,0.068673,0.000998,0.067675,0.117798
2024-10-08,159915ETF,Spot ETF,ensemble,-1.4129,1.1,0.0,0,0.008449,0.0,0.0,0.0,0.117798
2024-10-09,159915ETF,Spot ETF,ensemble,-0.3905,1.1,0.0,0,-0.029751,0.0,0.0,0.0,0.117798
2024-10-10,159915ETF,Spot ETF,ensemble,0.2485,1.1,0.0,0,-0.001361,0.0,0.0,0.0,0.117798
2024-10-11,159915ETF,Spot ETF,ensemble,-0.7929,1.1,0.0,0,-0.025159,0.0,0.0,0.0,0.117798
2024-10-14,159915ETF,Spot ETF,ensemble,-0.0904,1.1,0.0,0,0.028497,0.0,0.0,0.0,0.117798
2024-10-15,159915ETF,Spot ETF,ensemble,-0.6792,1.1,0.0,0,-0.015319,0.0,0.0,0.0,0.117798
2024-10-16,159915ETF,Spot ETF,ensemble,0.5016,1.1,0.0,0,-0.014417,0.0,0.0,0.0,0.117798
2024-10-17,159915ETF,Spot ETF,ensemble,0.6539,1.1,0.0,0,-0.013875,0.0,0.0,0.0,0.117798
2024-10-18,159915ETF,Spot ETF,ensemble,0.8348,1.1,0.0,0,0.116504,0.0,0.0,0.0,0.117798
2024-10-21,159915ETF,Spot ETF,ensemble,0.8073,1.1,0.0,0,0.012503,0.0,0.0,0.0,0.117798
2024-10-22,159915ETF,Spot ETF,ensemble,0.063,1.1,0.0,0,0.000924,0.0,0.0,0.0,0.117798
2024-10-23,159915ETF,Spot ETF,ensemble,-0.6576,1.1,0.0,0,-0.000462,0.0,0.0,0.0,0.117798
2024-10-24,159915ETF,Spot ETF,ensemble,0.0411,1.1,0.0,0,-0.002808,0.0,0.0,0.0,0.117798
2024-10-25,159915ETF,Spot ETF,ensemble,0.0711,1.1,0.0,0,0.025295,0.0,0.0,0.0,0.117798
2024-10-28,159915ETF,Spot ETF,ensemble,-0.9095,1.1,0.0,0,0.003678,0.0,0.0,0.0,0.117798
2024-10-29,159915ETF,Spot ETF,ensemble,-0.5622,1.1,0.0,0,-0.011593,0.0,0.0,0.0,0.117798
2024-10-30,159915ETF,Spot ETF,ensemble,0.7346,1.1,0.0,0,-0.01227,0.0,0.0,0.0,0.117798
2024-10-31,159915ETF,Spot ETF,ensemble,-0.7153,1.1,0.0,0,0.010857,0.0,0.0,0.0,0.117798
2024-11-01,159915ETF,Spot ETF,ensemble,-0.3158,1.1,0.0,0,-0.009969,0.0,0.0,0.0,0.117798
2024-11-04,159915ETF,Spot ETF,ensemble,1.9969,1.1,1.0,1,0.00424,0.002829,0.0016,0.001229,0.119027
2024-11-05,159915ETF,Spot ETF,ensemble,0.3825,1.1,0.0,0,0.030772,0.0,0.0,0.0,0.119027
2024-11-06,159915ETF,Spot ETF,ensemble,1.1861,1.1,0.5412,1,-0.016405,-0.004544,0.000866,-0.00541,0.113617
2024-11-07,159915ETF,Spot ETF,ensemble,0.2087,1.1,0.0,0,0.025262,0.0,0.0,0.0,0.113617
2024-11-08,159915ETF,Spot ETF,ensemble,-0.4594,1.1,0.0,0,-0.016887,0.0,0.0,0.0,0.113617
2024-11-11,159915ETF,Spot ETF,ensemble,1.633,1.1,1.0,1,0.016394,0.016087,0.0016,0.014487,0.128104
2024-11-12,159915ETF,Spot ETF,ensemble,1.3756,1.1,0.9221,1,-0.030472,-0.020192,0.001475,-0.021667,0.106437
2024-11-13,159915ETF,Spot ETF,ensemble,0.0129,1.1,0.0,0,0.012354,0.0,0.0,0.0,0.106437
2024-11-14,159915ETF,Spot ETF,ensemble,-0.4469,1.1,0.0,0,-0.025296,0.0,0.0,0.0,0.106437
2024-11-15,159915ETF,Spot ETF,ensemble,-0.1841,1.1,0.0,0,-0.017369,0.0,0.0,0.0,0.106437
2024-11-18,159915ETF,Spot ETF,ensemble,-0.8746,1.1,0.0,0,-0.010195,0.0,0.0,0.0,0.106437
2024-11-19,159915ETF,Spot ETF,ensemble,1.3358,1.1,0.809,1,0.019223,0.01456,0.001294,0.013265,0.119702
2024-11-20,159915ETF,Spot ETF,ensemble,0.4239,1.1,0.0,0,0.00858,0.0,0.0,0.0,0.119702
2024-11-21,159915ETF,Spot ETF,ensemble,0.2171,1.1,0.0,0,-0.001351,0.0,0.0,0.0,0.119702
2024-11-22,159915ETF,Spot ETF,ensemble,0.2435,1.1,0.0,0,-0.021929,0.0,0.0,0.0,0.119702
2024-11-25,159915ETF,Spot ETF,ensemble,-0.1564,1.1,0.0,0,-0.000944,0.0,0.0,0.0,0.119702
2024-11-26,159915ETF,Spot ETF,ensemble,0.8753,1.1,0.0,0,-0.009899,0.0,0.0,0.0,0.119702
2024-11-27,159915ETF,Spot ETF,ensemble,-0.3291,1.1,0.0,0,0.032991,0.0,0.0,0.0,0.119702
2024-11-28,159915ETF,Spot ETF,ensemble,-0.5152,1.1,0.0,0,-0.007004,0.0,0.0,0.0,0.119702
2024-11-29,159915ETF,Spot ETF,ensemble,1.0855,1.1,0.0,0,0.025458,0.0,0.0,0.0,0.119702
2024-12-02,159915ETF,Spot ETF,ensemble,1.4767,1.1,1.0,1,-0.001814,-0.002264,0.0016,-0.003864,0.115837
2024-12-03,159915ETF,Spot ETF,ensemble,-0.9497,1.1,0.0,0,0.003635,0.0,0.0,0.0,0.115837
2024-12-04,159915ETF,Spot ETF,ensemble,-0.4935,1.1,0.0,0,-0.006428,0.0,0.0,0.0,0.115837
2024-12-05,159915ETF,Spot ETF,ensemble,0.7221,1.1,0.0,0,-0.000461,0.0,0.0,0.0,0.115837
2024-12-06,159915ETF,Spot ETF,ensemble,0.2167,1.1,0.0,0,0.025893,0.0,0.0,0.0,0.115837
2024-12-09,159915ETF,Spot ETF,ensemble,0.1567,1.1,0.0,0,-0.001358,0.0,0.0,0.0,0.115837
2024-12-10,159915ETF,Spot ETF,ensemble,-1.3189,1.1,0.0,0,-0.013818,0.0,0.0,0.0,0.115837
2024-12-11,159915ETF,Spot ETF,ensemble,0.3084,1.1,0.0,0,-0.000902,0.0,0.0,0.0,0.115837
2024-12-12,159915ETF,Spot ETF,ensemble,0.4963,1.1,0.0,0,0.010753,0.0,0.0,0.0,0.115837
2024-12-13,159915ETF,Spot ETF,ensemble,-1.0419,1.1,0.0,0,-0.005437,0.0,0.0,0.0,0.115837
2024-12-16,159915ETF,Spot ETF,ensemble,-1.1967,1.1,0.0,0,-0.010626,0.0,0.0,0.0,0.115837
2024-12-17,159915ETF,Spot ETF,ensemble,1.413,1.1,1.0,1,-0.01244,-0.012363,0.0016,-0.013963,0.101875
2024-12-18,159915ETF,Spot ETF,ensemble,-0.7229,1.1,0.0,0,-0.00139,0.0,0.0,0.0,0.101875
2024-12-19,159915ETF,Spot ETF,ensemble,0.3105,1.1,0.0,0,0.006933,0.0,0.0,0.0,0.101875
2024-12-20,159915ETF,Spot ETF,ensemble,-0.2099,1.1,0.0,0,-0.001845,0.0,0.0,0.0,0.101875
2024-12-23,159915ETF,Spot ETF,ensemble,0.7272,1.1,0.0,0,-0.00972,0.0,0.0,0.0,0.101875
2024-12-24,159915ETF,Spot ETF,ensemble,0.9693,1.1,0.0,0,-0.002776,0.0,0.0,0.0,0.101875
2024-12-25,159915ETF,Spot ETF,ensemble,-0.9513,1.1,0.0,0,-0.007404,0.0,0.0,0.0,0.101875
2024-12-26,159915ETF,Spot ETF,ensemble,0.1308,1.1,0.0,0,0.00277,0.0,0.0,0.0,0.101875
2024-12-27,159915ETF,Spot ETF,ensemble,-0.7549,1.1,0.0,0,0.000925,0.0,0.0,0.0,0.101875
2024-12-30,159915ETF,Spot ETF,ensemble,0.4561,1.1,0.0,0,0.0,0.0,0.0,0.0,0.101875
2024-12-31,159915ETF,Spot ETF,ensemble,-0.6169,1.1,0.0,0,-0.015031,0.0,0.0,0.0,0.101875
2025-01-02,159915ETF,Spot ETF,ensemble,-1.4137,1.1,0.0,0,-0.026459,0.0,0.0,0.0,0.101875
2025-01-03,159915ETF,Spot ETF,ensemble,-0.6622,1.1,0.0,0,-0.012528,0.0,0.0,0.0,0.101875
2025-01-06,159915ETF,Spot ETF,ensemble,0.0904,1.1,0.0,0,-0.004067,0.0,0.0,0.0,0.101875
2025-01-07,159915ETF,Spot ETF,ensemble,0.2936,1.1,0.0,0,0.007081,0.0,0.0,0.0,0.101875
2025-01-08,159915ETF,Spot ETF,ensemble,-0.7725,1.1,0.0,0,0.004579,0.0,0.0,0.0,0.101875
2025-01-09,159915ETF,Spot ETF,ensemble,0.7394,1.1,0.0,0,0.004558,0.0,0.0,0.0,0.101875
2025-01-10,159915ETF,Spot ETF,ensemble,0.0531,1.1,0.0,0,-0.008667,0.0,0.0,0.0,0.101875
2025-01-13,159915ETF,Spot ETF,ensemble,0.7229,1.1,0.0,0,-0.004117,0.0,0.0,0.0,0.101875
2025-01-14,159915ETF,Spot ETF,ensemble,0.5301,1.1,0.0,0,0.022529,0.0,0.0,0.0,0.101875
2025-01-15,159915ETF,Spot ETF,ensemble,-1.4405,1.1,0.0,0,-0.004998,0.0,0.0,0.0,0.101875
2025-01-16,159915ETF,Spot ETF,ensemble,1.5735,1.1,1.0,1,-0.006951,-0.008399,0.0016,-0.009999,0.091875
2025-01-17,159915ETF,Spot ETF,ensemble,0.4832,1.1,0.0,0,0.009921,0.0,0.0,0.0,0.091875
2025-01-20,159915ETF,Spot ETF,ensemble,1.2028,1.1,0.5588,1,-0.005331,-0.002433,0.000894,-0.003327,0.088548
2025-01-21,159915ETF,Spot ETF,ensemble,-1.0797,1.1,0.0,0,0.006315,0.0,0.0,0.0,0.088548
2025-01-22,159915ETF,Spot ETF,ensemble,-0.4894,1.1,0.0,0,0.001463,0.0,0.0,0.0,0.088548
2025-01-23,159915ETF,Spot ETF,ensemble,0.3882,1.1,0.0,0,-0.014929,0.0,0.0,0.0,0.088548
2025-01-24,159915ETF,Spot ETF,ensemble,0.945,1.1,0.0,0,0.006261,0.0,0.0,0.0,0.088548
2025-01-27,159915ETF,Spot ETF,ensemble,-0.8586,1.1,0.0,0,-0.007319,0.0,0.0,0.0,0.088548
2025-02-05,159915ETF,Spot ETF,ensemble,-1.2007,1.1,0.0,0,-0.000988,0.0,0.0,0.0,0.088548
2025-02-06,159915ETF,Spot ETF,ensemble,0.561,1.1,0.0,0,0.021433,0.0,0.0,0.0,0.088548
2025-02-07,159915ETF,Spot ETF,ensemble,0.178,1.1,0.0,0,0.007094,0.0,0.0,0.0,0.088548
2025-02-10,159915ETF,Spot ETF,ensemble,-1.0485,1.1,0.0,0,0.001874,0.0,0.0,0.0,0.088548
2025-02-11,159915ETF,Spot ETF,ensemble,-1.5271,1.1,0.0,0,-0.000945,0.0,0.0,0.0,0.088548
2025-02-12,159915ETF,Spot ETF,ensemble,0.2486,1.1,0.0,0,0.00565,0.0,0.0,0.0,0.088548
2025-02-13,159915ETF,Spot ETF,ensemble,-0.2475,1.1,0.0,0,-0.003261,0.0,0.0,0.0,0.088548
2025-02-14,159915ETF,Spot ETF,ensemble,1.2187,1.1,0.5782,1,0.012043,0.007278,0.000925,0.006353,0.094902
2025-02-17,159915ETF,Spot ETF,ensemble,-0.5992,1.1,0.0,0,-0.001374,0.0,0.0,0.0,0.094902
2025-02-18,159915ETF,Spot ETF,ensemble,-0.2127,1.1,0.0,0,-0.021317,0.0,0.0,0.0,0.094902
2025-02-19,159915ETF,Spot ETF,ensemble,0.2956,1.1,0.0,0,0.013386,0.0,0.0,0.0,0.094902
2025-02-20,159915ETF,Spot ETF,ensemble,-0.276,1.1,0.0,0,0.004581,0.0,0.0,0.0,0.094902
2025-02-21,159915ETF,Spot ETF,ensemble,0.6662,1.1,0.0,0,0.022574,0.0,0.0,0.0,0.094902
2025-02-24,159915ETF,Spot ETF,ensemble,-0.6764,1.1,0.0,0,-0.00225,0.0,0.0,0.0,0.094902
2025-02-25,159915ETF,Spot ETF,ensemble,-0.729,1.1,0.0,0,-0.00091,0.0,0.0,0.0,0.094902
2025-02-26,159915ETF,Spot ETF,ensemble,-0.4285,1.1,0.0,0,0.004974,0.0,0.0,0.0,0.094902
2025-02-27,159915ETF,Spot ETF,ensemble,0.2486,1.1,0.0,0,-0.002711,0.0,0.0,0.0,0.094902
2025-02-28,159915ETF,Spot ETF,ensemble,-1.037,1.1,0.0,0,-0.020907,0.0,0.0,0.0,0.094902
2025-03-03,159915ETF,Spot ETF,ensemble,-0.0868,1.1,0.0,0,-0.006972,0.0,0.0,0.0,0.094902
2025-03-04,159915ETF,Spot ETF,ensemble,-0.7671,1.1,0.0,0,0.006536,0.0,0.0,0.0,0.094902
2025-03-05,159915ETF,Spot ETF,ensemble,0.1018,1.1,0.0,0,0.002335,0.0,0.0,0.0,0.094902
2025-03-06,159915ETF,Spot ETF,ensemble,0.3312,1.1,0.0,0,0.009141,0.0,0.0,0.0,0.094902
2025-03-07,159915ETF,Spot ETF,ensemble,-0.8223,1.1,0.0,0,-0.004632,0.0,0.0,0.0,0.094902
2025-03-10,159915ETF,Spot ETF,ensemble,-0.4621,1.1,0.0,0,0.001855,0.0,0.0,0.0,0.094902
2025-03-11,159915ETF,Spot ETF,ensemble,0.032,1.1,0.0,0,-0.000465,0.0,0.0,0.0,0.094902
2025-03-12,159915ETF,Spot ETF,ensemble,-1.0217,1.1,0.0,0,-0.002314,0.0,0.0,0.0,0.094902
2025-03-13,159915ETF,Spot ETF,ensemble,0.0796,1.1,0.0,0,-0.003749,0.0,0.0,0.0,0.094902
2025-03-14,159915ETF,Spot ETF,ensemble,1.3454,1.1,0.8345,1,0.015697,0.011627,0.001335,0.010292,0.105194
2025-03-17,159915ETF,Spot ETF,ensemble,-0.1791,1.1,0.0,0,-0.00138,0.0,0.0,0.0,0.105194
2025-03-18,159915ETF,Spot ETF,ensemble,0.4569,1.1,0.0,0,-0.002285,0.0,0.0,0.0,0.105194
2025-03-19,159915ETF,Spot ETF,ensemble,-0.4316,1.1,0.0,0,0.003221,0.0,0.0,0.0,0.105194
2025-03-20,159915ETF,Spot ETF,ensemble,-1.0166,1.1,0.0,0,-0.001848,0.0,0.0,0.0,0.105194
2025-03-21,159915ETF,Spot ETF,ensemble,0.034,1.1,0.0,0,-0.014996,0.0,0.0,0.0,0.105194
2025-03-24,159915ETF,Spot ETF,ensemble,0.0341,1.1,0.0,0,-0.004751,0.0,0.0,0.0,0.105194
2025-03-25,159915ETF,Spot ETF,ensemble,0.2701,1.1,0.0,0,-0.003793,0.0,0.0,0.0,0.105194
2025-03-26,159915ETF,Spot ETF,ensemble,0.7133,1.1,0.0,0,-0.006648,0.0,0.0,0.0,0.105194
2025-03-27,159915ETF,Spot ETF,ensemble,-0.9438,1.1,0.0,0,0.005242,0.0,0.0,0.0,0.105194
2025-03-28,159915ETF,Spot ETF,ensemble,0.323,1.1,0.0,0,-0.004295,0.0,0.0,0.0,0.105194
2025-03-31,159915ETF,Spot ETF,ensemble,-0.6092,1.1,0.0,0,-0.00676,0.0,0.0,0.0,0.105194
2025-04-01,159915ETF,Spot ETF,ensemble,-0.1032,1.1,0.0,0,-0.003868,0.0,0.0,0.0,0.105194
2025-04-02,159915ETF,Spot ETF,ensemble,0.3698,1.1,0.0,0,-0.004357,0.0,0.0,0.0,0.105194
2025-04-03,159915ETF,Spot ETF,ensemble,0.0173,1.1,0.0,0,-0.008352,0.0,0.0,0.0,0.105194
2025-04-07,159915ETF,Spot ETF,ensemble,-2.6849,1.1,-1.0,1,-0.043053,0.046652,0.0016,0.045052,0.150246
2025-04-08,159915ETF,Spot ETF,ensemble,1.1146,1.1,0.5012,1,-0.013901,-0.005825,0.000802,-0.006626,0.14362
2025-04-09,159915ETF,Spot ETF,ensemble,-1.0442,1.1,0.0,0,0.019814,0.0,0.0,0.0,0.14362
2025-04-10,159915ETF,Spot ETF,ensemble,-0.3181,1.1,0.0,0,-0.01695,0.0,0.0,0.0,0.14362
2025-04-11,159915ETF,Spot ETF,ensemble,0.3378,1.1,0.0,0,0.01383,0.0,0.0,0.0,0.14362
2025-04-14,159915ETF,Spot ETF,ensemble,-0.7445,1.1,0.0,0,-0.004208,0.0,0.0,0.0,0.14362
2025-04-15,159915ETF,Spot ETF,ensemble,-0.4382,1.1,0.0,0,0.0,0.0,0.0,0.0,0.14362
2025-04-16,159915ETF,Spot ETF,ensemble,-0.949,1.1,0.0,0,-0.009118,0.0,0.0,0.0,0.14362
2025-04-17,159915ETF,Spot ETF,ensemble,0.8189,1.1,0.0,0,-0.002128,0.0,0.0,0.0,0.14362
2025-04-18,159915ETF,Spot ETF,ensemble,0.0826,1.1,0.0,0,0.00374,0.0,0.0,0.0,0.14362
2025-04-21,159915ETF,Spot ETF,ensemble,0.6823,1.1,0.0,0,0.010538,0.0,0.0,0.0,0.14362
2025-04-22,159915ETF,Spot ETF,ensemble,-0.7148,1.1,0.0,0,0.000526,0.0,0.0,0.0,0.14362
2025-04-23,159915ETF,Spot ETF,ensemble,0.3416,1.1,0.0,0,0.002084,0.0,0.0,0.0,0.14362
2025-04-24,159915ETF,Spot ETF,ensemble,-0.4744,1.1,0.0,0,-0.006263,0.0,0.0,0.0,0.14362
2025-04-25,159915ETF,Spot ETF,ensemble,0.7015,1.1,0.0,0,0.002086,0.0,0.0,0.0,0.14362
2025-04-28,159915ETF,Spot ETF,ensemble,-1.1928,1.1,0.0,0,0.0,0.0,0.0,0.0,0.14362
2025-04-29,159915ETF,Spot ETF,ensemble,-0.0773,1.1,0.0,0,0.001577,0.0,0.0,0.0,0.14362
2025-04-30,159915ETF,Spot ETF,ensemble,0.9413,1.1,0.0,0,0.001563,0.0,0.0,0.0,0.14362
2025-05-06,159915ETF,Spot ETF,ensemble,0.7377,1.1,0.0,0,0.003079,0.0,0.0,0.0,0.14362
2025-05-07,159915ETF,Spot ETF,ensemble,-0.5703,1.1,0.0,0,-0.008636,0.0,0.0,0.0,0.14362
2025-05-08,159915ETF,Spot ETF,ensemble,1.3802,1.1,0.9361,1,0.00551,0.006118,0.001498,0.00462,0.14824
2025-05-09,159915ETF,Spot ETF,ensemble,-1.0552,1.1,0.0,0,-0.001509,0.0,0.0,0.0,0.14824
2025-05-12,159915ETF,Spot ETF,ensemble,0.3765,1.1,0.0,0,0.006431,0.0,0.0,0.0,0.14824
2025-05-13,159915ETF,Spot ETF,ensemble,-1.1625,1.1,0.0,0,-0.005391,0.0,0.0,0.0,0.14824
2025-05-14,159915ETF,Spot ETF,ensemble,0.0693,1.1,0.0,0,0.010292,0.0,0.0,0.0,0.14824
2025-05-15,159915ETF,Spot ETF,ensemble,-1.3837,1.1,0.0,0,-0.004454,0.0,0.0,0.0,0.14824
2025-05-16,159915ETF,Spot ETF,ensemble,0.4912,1.1,0.0,0,-0.003972,0.0,0.0,0.0,0.14824
2025-05-19,159915ETF,Spot ETF,ensemble,-0.9697,1.1,0.0,0,0.006009,0.0,0.0,0.0,0.14824
2025-05-20,159915ETF,Spot ETF,ensemble,-0.9175,1.1,0.0,0,0.007948,0.0,0.0,0.0,0.14824
2025-05-21,159915ETF,Spot ETF,ensemble,0.7301,1.1,0.0,0,0.002954,0.0,0.0,0.0,0.14824
2025-05-22,159915ETF,Spot ETF,ensemble,-1.0574,1.1,0.0,0,-0.003459,0.0,0.0,0.0,0.14824
2025-05-23,159915ETF,Spot ETF,ensemble,0.7464,1.1,0.0,0,-0.011952,0.0,0.0,0.0,0.14824
2025-05-26,159915ETF,Spot ETF,ensemble,-0.4418,1.1,0.0,0,-0.00253,0.0,0.0,0.0,0.14824
2025-05-27,159915ETF,Spot ETF,ensemble,-0.8738,1.1,0.0,0,-0.001017,0.0,0.0,0.0,0.14824
2025-05-28,159915ETF,Spot ETF,ensemble,-0.1211,1.1,0.0,0,-0.006098,0.0,0.0,0.0,0.14824
2025-05-29,159915ETF,Spot ETF,ensemble,0.5413,1.1,0.0,0,0.00252,0.0,0.0,0.0,0.14824
2025-05-30,159915ETF,Spot ETF,ensemble,-0.7004,1.1,0.0,0,0.001522,0.0,0.0,0.0,0.14824
2025-06-03,159915ETF,Spot ETF,ensemble,1.0882,1.1,0.0,0,-0.002522,0.0,0.0,0.0,0.14824
2025-06-04,159915ETF,Spot ETF,ensemble,1.0288,1.1,0.0,0,0.002002,0.0,0.0,0.0,0.14824
2025-06-05,159915ETF,Spot ETF,ensemble,-0.8684,1.1,0.0,0,0.012429,0.0,0.0,0.0,0.14824
2025-06-06,159915ETF,Spot ETF,ensemble,-0.5296,1.1,0.0,0,-0.000496,0.0,0.0,0.0,0.14824
2025-06-09,159915ETF,Spot ETF,ensemble,1.1922,1.1,0.5473,1,-0.001472,-0.001073,0.000876,-0.001949,0.146291
2025-06-10,159915ETF,Spot ETF,ensemble,-0.1409,1.1,0.0,0,-0.010373,0.0,0.0,0.0,0.146291
2025-06-11,159915ETF,Spot ETF,ensemble,1.6809,1.1,1.0,1,-0.003422,-0.003416,0.0016,-0.005016,0.141275
2025-06-12,159915ETF,Spot ETF,ensemble,0.2241,1.1,0.0,0,0.0,0.0,0.0,0.0,0.141275
2025-06-13,159915ETF,Spot ETF,ensemble,0.4117,1.1,0.0,0,-0.003947,0.0,0.0,0.0,0.141275
2025-06-16,159915ETF,Spot ETF,ensemble,0.9838,1.1,0.0,0,0.000492,0.0,0.0,0.0,0.141275
2025-06-17,159915ETF,Spot ETF,ensemble,-0.6065,1.1,0.0,0,-0.005415,0.0,0.0,0.0,0.141275
2025-06-18,159915ETF,Spot ETF,ensemble,0.1821,1.1,0.0,0,0.004439,0.0,0.0,0.0,0.141275
2025-06-19,159915ETF,Spot ETF,ensemble,0.3319,1.1,0.0,0,-0.014874,0.0,0.0,0.0,0.141275
2025-06-20,159915ETF,Spot ETF,ensemble,0.2422,1.1,0.0,0,-0.005515,0.0,0.0,0.0,0.141275
2025-06-23,159915ETF,Spot ETF,ensemble,0.3736,1.1,0.0,0,0.00401,0.0,0.0,0.0,0.141275
2025-06-24,159915ETF,Spot ETF,ensemble,1.8005,1.1,1.0,1,0.007369,0.007893,0.0016,0.006293,0.147568
2025-06-25,159915ETF,Spot ETF,ensemble,1.3286,1.1,0.7902,1,0.017742,0.014535,0.001264,0.01327,0.160839
2025-06-26,159915ETF,Spot ETF,ensemble,0.0341,1.1,0.0,0,-0.010924,0.0,0.0,0.0,0.160839
2025-06-27,159915ETF,Spot ETF,ensemble,-0.3808,1.1,0.0,0,-0.004746,0.0,0.0,0.0,0.160839
2025-06-30,159915ETF,Spot ETF,ensemble,0.4894,1.1,0.0,0,0.005183,0.0,0.0,0.0,0.160839
2025-07-01,159915ETF,Spot ETF,ensemble,-0.9418,1.1,0.0,0,0.000471,0.0,0.0,0.0,0.160839
2025-07-02,159915ETF,Spot ETF,ensemble,-1.1355,1.1,0.0,0,-0.002374,0.0,0.0,0.0,0.160839
2025-07-03,159915ETF,Spot ETF,ensemble,1.0237,1.1,0.0,0,0.010786,0.0,0.0,0.0,0.160839
2025-07-04,159915ETF,Spot ETF,ensemble,-0.9287,1.1,0.0,0,0.000468,0.0,0.0,0.0,0.160839
2025-07-07,159915ETF,Spot ETF,ensemble,-0.8398,1.1,0.0,0,0.000948,0.0,0.0,0.0,0.160839
2025-07-08,159915ETF,Spot ETF,ensemble,1.4414,1.1,1.0,1,0.012579,0.012658,0.0016,0.011058,0.171897
2025-07-09,159915ETF,Spot ETF,ensemble,0.6758,1.1,0.0,0,-0.002306,0.0,0.0,0.0,0.171897
2025-07-10,159915ETF,Spot ETF,ensemble,-0.3766,1.1,0.0,0,0.001385,0.0,0.0,0.0,0.171897
2025-07-11,159915ETF,Spot ETF,ensemble,-0.3749,1.1,0.0,0,0.007789,0.0,0.0,0.0,0.171897
2025-07-14,159915ETF,Spot ETF,ensemble,-1.0912,1.1,0.0,0,0.002297,0.0,0.0,0.0,0.171897
2025-07-15,159915ETF,Spot ETF,ensemble,1.9047,1.1,1.0,1,-0.001805,-0.001353,0.0016,-0.002953,0.168944
2025-07-16,159915ETF,Spot ETF,ensemble,-0.0753,1.1,0.0,0,-0.012154,0.0,0.0,0.0,0.168944
2025-07-17,159915ETF,Spot ETF,ensemble,0.9768,1.1,0.0,0,0.009402,0.0,0.0,0.0,0.168944
2025-07-18,159915ETF,Spot ETF,ensemble,1.0433,1.1,0.0,0,-0.005761,0.0,0.0,0.0,0.168944
2025-07-21,159915ETF,Spot ETF,ensemble,0.3551,1.1,0.0,0,0.004851,0.0,0.0,0.0,0.168944
2025-07-22,159915ETF,Spot ETF,ensemble,0.8172,1.1,0.0,0,-0.002188,0.0,0.0,0.0,0.168944
2025-07-23,159915ETF,Spot ETF,ensemble,0.6834,1.1,0.0,0,-0.003487,0.0,0.0,0.0,0.168944
2025-07-24,159915ETF,Spot ETF,ensemble,0.9533,1.1,0.0,0,0.006926,0.0,0.0,0.0,0.168944
2025-07-25,159915ETF,Spot ETF,ensemble,-0.7312,1.1,0.0,0,-0.002588,0.0,0.0,0.0,0.168944
2025-07-28,159915ETF,Spot ETF,ensemble,-0.1119,1.1,0.0,0,0.002996,0.0,0.0,0.0,0.168944
2025-07-29,159915ETF,Spot ETF,ensemble,0.7385,1.1,0.0,0,0.017407,0.0,0.0,0.0,0.168944
2025-07-30,159915ETF,Spot ETF,ensemble,-0.9379,1.1,0.0,0,-0.006785,0.0,0.0,0.0,0.168944
2025-07-31,159915ETF,Spot ETF,ensemble,-0.1671,1.1,0.0,0,-0.020637,0.0,0.0,0.0,0.168944
2025-08-01,159915ETF,Spot ETF,ensemble,0.9416,1.1,0.0,0,-0.00692,0.0,0.0,0.0,0.168944
2025-08-04,159915ETF,Spot ETF,ensemble,-0.2069,1.1,0.0,0,0.007826,0.0,0.0,0.0,0.168944
2025-08-05,159915ETF,Spot ETF,ensemble,-0.8478,1.1,0.0,0,0.002159,0.0,0.0,0.0,0.168944
2025-08-06,159915ETF,Spot ETF,ensemble,0.4447,1.1,0.0,0,0.003862,0.0,0.0,0.0,0.168944
2025-08-07,159915ETF,Spot ETF,ensemble,0.4915,1.1,0.0,0,-0.005152,0.0,0.0,0.0,0.168944
2025-08-08,159915ETF,Spot ETF,ensemble,-0.7345,1.1,0.0,0,0.001298,0.0,0.0,0.0,0.168944
2025-08-11,159915ETF,Spot ETF,ensemble,1.7885,1.1,1.0,1,0.003827,0.002553,0.0016,0.000953,0.169897
2025-08-12,159915ETF,Spot ETF,ensemble,-0.5191,1.1,0.0,0,0.00674,0.0,0.0,0.0,0.169897
2025-08-13,159915ETF,Spot ETF,ensemble,1.1835,1.1,0.5387,1,0.019737,0.010738,0.000862,0.009876,0.179773
2025-08-14,159915ETF,Spot ETF,ensemble,-0.5215,1.1,0.0,0,-0.002029,0.0,0.0,0.0,0.179773
2025-08-15,159915ETF,Spot ETF,ensemble,1.1834,1.1,0.5387,1,0.014099,0.00787,0.000862,0.007008,0.186781
2025-08-18,159915ETF,Spot ETF,ensemble,0.3239,1.1,0.0,0,0.011326,0.0,0.0,0.0,0.186781
2025-08-19,159915ETF,Spot ETF,ensemble,1.2737,1.1,0.6677,1,-0.006974,-0.006682,0.001068,-0.007751,0.179031
2025-08-20,159915ETF,Spot ETF,ensemble,-1.5074,1.1,0.0,0,0.010144,0.0,0.0,0.0,0.179031
2025-08-21,159915ETF,Spot ETF,ensemble,-0.1337,1.1,0.0,0,-0.00039,0.0,0.0,0.0,0.179031
2025-08-22,159915ETF,Spot ETF,ensemble,1.634,1.1,1.0,1,0.020933,0.021547,0.0016,0.019947,0.198978
2025-08-25,159915ETF,Spot ETF,ensemble,0.9233,1.1,0.0,0,0.015149,0.0,0.0,0.0,0.198978
2025-08-26,159915ETF,Spot ETF,ensemble,-0.5667,1.1,0.0,0,-0.001098,0.0,0.0,0.0,0.198978
2025-08-27,159915ETF,Spot ETF,ensemble,1.0706,1.1,0.0,0,0.006574,0.0,0.0,0.0,0.198978
2025-08-28,159915ETF,Spot ETF,ensemble,1.1022,1.1,0.5,1,0.024106,-0.000923,0.0008,-0.001723,0.197254
2025-08-29,159915ETF,Spot ETF,ensemble,-0.3489,1.1,0.0,0,0.015848,0.0,0.0,0.0,0.197254
2025-09-01,159915ETF,Spot ETF,ensemble,0.688,1.1,0.0,0,0.017932,0.0,0.0,0.0,0.197254
2025-09-02,159915ETF,Spot ETF,ensemble,0.7577,1.1,0.0,0,-0.028494,0.0,0.0,0.0,0.197254
2025-09-03,159915ETF,Spot ETF,ensemble,1.03,1.1,0.0,0,0.009025,0.0,0.0,0.0,0.197254
2025-09-04,159915ETF,Spot ETF,ensemble,0.3646,1.1,0.0,0,-0.044596,0.0,0.0,0.0,0.197254
2025-09-05,159915ETF,Spot ETF,ensemble,0.4623,1.1,0.0,0,0.034492,0.0,0.0,0.0,0.197254
2025-09-08,159915ETF,Spot ETF,ensemble,-1.0175,1.1,0.0,0,0.0,0.0,0.0,0.0,0.197254
2025-09-09,159915ETF,Spot ETF,ensemble,-0.0979,1.1,0.0,0,-0.020929,0.0,0.0,0.0,0.197254
2025-09-10,159915ETF,Spot ETF,ensemble,1.4263,1.1,1.0,1,0.003473,0.001041,0.0016,-0.000559,0.196696
2025-09-11,159915ETF,Spot ETF,ensemble,0.0517,1.1,0.0,0,0.035423,0.0,0.0,0.0,0.196696
2025-09-12,159915ETF,Spot ETF,ensemble,-0.1544,1.1,0.0,0,-0.007294,0.0,0.0,0.0,0.196696
2025-09-15,159915ETF,Spot ETF,ensemble,1.1173,1.1,0.5017,1,-0.002622,-0.000986,0.000803,-0.001789,0.194907
2025-09-16,159915ETF,Spot ETF,ensemble,0.3349,1.1,0.0,0,-0.001312,0.0,0.0,0.0,0.194907
2025-09-17,159915ETF,Spot ETF,ensemble,0.1083,1.1,0.0,0,0.01325,0.0,0.0,0.0,0.194907
2025-09-18,159915ETF,Spot ETF,ensemble,-0.7294,1.1,0.0,0,-0.013964,0.0,0.0,0.0,0.194907
2025-09-19,159915ETF,Spot ETF,ensemble,0.315,1.1,0.0,0,-0.002597,0.0,0.0,0.0,0.194907
2025-09-22,159915ETF,Spot ETF,ensemble,-1.1099,1.1,0.0,0,0.013748,0.0,0.0,0.0,0.194907
2025-09-23,159915ETF,Spot ETF,ensemble,0.5808,1.1,0.0,0,-0.013936,0.0,0.0,0.0,0.194907
2025-09-24,159915ETF,Spot ETF,ensemble,0.3617,1.1,0.0,0,0.017955,0.0,0.0,0.0,0.194907
2025-09-25,159915ETF,Spot ETF,ensemble,0.3755,1.1,0.0,0,0.021284,0.0,0.0,0.0,0.194907
2025-09-26,159915ETF,Spot ETF,ensemble,0.5303,1.1,0.0,0,-0.019915,0.0,0.0,0.0,0.194907
2025-09-29,159915ETF,Spot ETF,ensemble,1.5749,1.1,1.0,1,0.010334,0.012938,0.0016,0.011338,0.206245
2025-09-30,159915ETF,Spot ETF,ensemble,1.4576,1.1,1.0,1,-0.004957,-0.004944,0.0016,-0.006544,0.1997
2025-10-09,159915ETF,Spot ETF,ensemble,1.1134,1.1,0.501,1,0.004635,0.002016,0.000802,0.001214,0.200915
2025-10-10,159915ETF,Spot ETF,ensemble,-1.4847,1.1,0.0,0,-0.018255,0.0,0.0,0.0,0.200915
2025-10-13,159915ETF,Spot ETF,ensemble,-0.4909,1.1,0.0,0,0.009189,0.0,0.0,0.0,0.200915
2025-10-14,159915ETF,Spot ETF,ensemble,-0.5613,1.1,0.0,0,-0.041922,0.0,0.0,0.0,0.200915
2025-10-15,159915ETF,Spot ETF,ensemble,-0.8529,1.1,0.0,0,0.02021,0.0,0.0,0.0,0.200915
2025-10-16,159915ETF,Spot ETF,ensemble,0.9772,1.1,0.0,0,-0.006299,0.0,0.0,0.0,0.200915
2025-10-17,159915ETF,Spot ETF,ensemble,-0.5931,1.1,0.0,0,-0.012262,0.0,0.0,0.0,0.200915
2025-10-20,159915ETF,Spot ETF,ensemble,-0.4278,1.1,0.0,0,-0.017129,0.0,0.0,0.0,0.200915
2025-10-21,159915ETF,Spot ETF,ensemble,-0.363,1.1,0.0,0,0.012835,0.0,0.0,0.0,0.200915
2025-10-22,159915ETF,Spot ETF,ensemble,-0.2518,1.1,0.0,0,-0.001974,0.0,0.0,0.0,0.200915
2025-10-23,159915ETF,Spot ETF,ensemble,-0.7668,1.1,0.0,0,0.013633,0.0,0.0,0.0,0.200915
2025-10-24,159915ETF,Spot ETF,ensemble,0.6083,1.1,0.0,0,0.021562,0.0,0.0,0.0,0.200915
2025-10-27,159915ETF,Spot ETF,ensemble,-0.0216,1.1,0.0,0,0.006564,0.0,0.0,0.0,0.200915
2025-10-28,159915ETF,Spot ETF,ensemble,0.4473,1.1,0.0,0,-0.001865,0.0,0.0,0.0,0.200915
2025-10-29,159915ETF,Spot ETF,ensemble,1.0813,1.1,0.0,0,0.011932,0.0,0.0,0.0,0.200915
2025-10-30,159915ETF,Spot ETF,ensemble,-0.2471,1.1,0.0,0,-0.006425,0.0,0.0,0.0,0.200915
2025-10-31,159915ETF,Spot ETF,ensemble,-0.4462,1.1,0.0,0,-0.01656,0.0,0.0,0.0,0.200915
2025-11-03,159915ETF,Spot ETF,ensemble,-0.5266,1.1,0.0,0,0.011113,0.0,0.0,0.0,0.200915
2025-11-04,159915ETF,Spot ETF,ensemble,0.1907,1.1,0.0,0,-0.018238,0.0,0.0,0.0,0.200915
2025-11-05,159915ETF,Spot ETF,ensemble,-0.5861,1.1,0.0,0,0.024748,0.0,0.0,0.0,0.200915
2025-11-06,159915ETF,Spot ETF,ensemble,1.368,1.1,0.8991,1,0.012579,0.009655,0.001439,0.008217,0.209131
2025-11-07,159915ETF,Spot ETF,ensemble,-0.7062,1.1,0.0,0,0.006914,0.0,0.0,0.0,0.209131
2025-11-10,159915ETF,Spot ETF,ensemble,-0.2066,1.1,0.0,0,0.001904,0.0,0.0,0.0,0.209131
2025-11-11,159915ETF,Spot ETF,ensemble,0.5658,1.1,0.0,0,-0.014641,0.0,0.0,0.0,0.209131
2025-11-12,159915ETF,Spot ETF,ensemble,-0.9257,1.1,0.0,0,-0.000645,0.0,0.0,0.0,0.209131
2025-11-13,159915ETF,Spot ETF,ensemble,-0.0479,1.1,0.0,0,0.018752,0.0,0.0,0.0,0.209131
2025-11-14,159915ETF,Spot ETF,ensemble,-1.3787,1.1,0.0,0,-0.003201,0.0,0.0,0.0,0.209131
2025-11-17,159915ETF,Spot ETF,ensemble,0.5976,1.1,0.0,0,0.002277,0.0,0.0,0.0,0.209131
2025-11-18,159915ETF,Spot ETF,ensemble,0.3028,1.1,0.0,0,-0.007859,0.0,0.0,0.0,0.209131
2025-11-19,159915ETF,Spot ETF,ensemble,0.9751,1.1,0.0,0,0.000979,0.0,0.0,0.0,0.209131
2025-11-20,159915ETF,Spot ETF,ensemble,-0.8931,1.1,0.0,0,-0.014101,0.0,0.0,0.0,0.209131
2025-11-21,159915ETF,Spot ETF,ensemble,-1.4772,1.1,0.0,0,-0.011596,0.0,0.0,0.0,0.209131
2025-11-24,159915ETF,Spot ETF,ensemble,-0.3685,1.1,0.0,0,0.003772,0.0,0.0,0.0,0.209131
2025-11-25,159915ETF,Spot ETF,ensemble,-0.0373,1.1,0.0,0,-0.003709,0.0,0.0,0.0,0.209131
2025-11-26,159915ETF,Spot ETF,ensemble,-0.0004,1.1,0.0,0,0.008626,0.0,0.0,0.0,0.209131
2025-11-27,159915ETF,Spot ETF,ensemble,1.7963,1.1,1.0,1,-0.022289,-0.019329,0.0016,-0.020929,0.188202
2025-11-28,159915ETF,Spot ETF,ensemble,0.1041,1.1,0.0,0,0.011281,0.0,0.0,0.0,0.188202
2025-12-01,159915ETF,Spot ETF,ensemble,-0.2166,1.1,0.0,0,0.002943,0.0,0.0,0.0,0.188202
2025-12-02,159915ETF,Spot ETF,ensemble,-0.72,1.1,0.0,0,-0.005564,0.0,0.0,0.0,0.188202
2025-12-03,159915ETF,Spot ETF,ensemble,0.9476,1.1,0.0,0,-0.015453,0.0,0.0,0.0,0.188202
2025-12-04,159915ETF,Spot ETF,ensemble,0.2883,1.1,0.0,0,0.014227,0.0,0.0,0.0,0.188202
2025-12-05,159915ETF,Spot ETF,ensemble,-0.9252,1.1,0.0,0,0.012062,0.0,0.0,0.0,0.188202
2025-12-08,159915ETF,Spot ETF,ensemble,1.6237,1.1,1.0,1,0.014909,0.015021,0.0016,0.013421,0.201623
2025-12-09,159915ETF,Spot ETF,ensemble,0.4774,1.1,0.0,0,-0.005014,0.0,0.0,0.0,0.201623
2025-12-10,159915ETF,Spot ETF,ensemble,-1.56,1.1,0.0,0,0.018633,0.0,0.0,0.0,0.201623
2025-12-11,159915ETF,Spot ETF,ensemble,1.2296,1.1,0.5934,1,-0.013763,-0.007929,0.000949,-0.008878,0.192745
2025-12-12,159915ETF,Spot ETF,ensemble,0.3382,1.1,0.0,0,0.011095,0.0,0.0,0.0,0.192745
2025-12-15,159915ETF,Spot ETF,ensemble,-0.2521,1.1,0.0,0,-0.0086,0.0,0.0,0.0,0.192745
2025-12-16,159915ETF,Spot ETF,ensemble,-0.4707,1.1,0.0,0,-0.009734,0.0,0.0,0.0,0.192745
2025-12-17,159915ETF,Spot ETF,ensemble,1.6509,1.1,1.0,1,0.0266,0.02629,0.0016,0.02469,0.217435
2025-12-18,159915ETF,Spot ETF,ensemble,-0.9004,1.1,0.0,0,-0.010905,0.0,0.0,0.0,0.217435
2025-12-19,159915ETF,Spot ETF,ensemble,-1.0424,1.1,0.0,0,0.000322,0.0,0.0,0.0,0.217435
2025-12-22,159915ETF,Spot ETF,ensemble,1.2741,1.1,0.6683,1,0.002526,0.001056,0.001069,-1.4e-05,0.217421
2025-12-23,159915ETF,Spot ETF,ensemble,0.0428,1.1,0.0,0,-0.005022,0.0,0.0,0.0,0.217421
2025-12-24,159915ETF,Spot ETF,ensemble,-0.2253,1.1,0.0,0,0.007198,0.0,0.0,0.0,0.217421
2025-12-25,159915ETF,Spot ETF,ensemble,0.1865,1.1,0.0,0,0.009022,0.0,0.0,0.0,0.217421
2025-12-26,159915ETF,Spot ETF,ensemble,-0.0807,1.1,0.0,0,-0.001551,0.0,0.0,0.0,0.217421
2025-12-29,159915ETF,Spot ETF,ensemble,-0.2971,1.1,0.0,0,-0.003127,0.0,0.0,0.0,0.217421
2025-12-30,159915ETF,Spot ETF,ensemble,1.0172,1.1,0.0,0,-0.000619,0.0,0.0,0.0,0.217421
2025-12-31,159915ETF,Spot ETF,ensemble,-0.8843,1.1,0.0,0,-0.009369,0.0,0.0,0.0,0.217421
2024-01-02,300ETF,Spot ETF,icw,-1.9246,1.6,-1.0,1,-0.004325,0.004315,0.0016,0.002715,0.002715
2024-01-03,300ETF,Spot ETF,icw,0.5208,1.6,0.0,0,-0.00232,0.0,0.0,0.0,0.002715
2024-01-04,300ETF,Spot ETF,icw,-1.2356,1.6,0.0,0,-0.002343,0.0,0.0,0.0,0.002715
2024-01-05,300ETF,Spot ETF,icw,1.2682,1.6,0.0,0,-0.01057,0.0,0.0,0.0,0.002715
2024-01-08,300ETF,Spot ETF,icw,0.0024,1.6,0.0,0,-0.006544,0.0,0.0,0.0,0.002715
2024-01-09,300ETF,Spot ETF,icw,-0.1326,1.6,0.0,0,0.002084,0.0,0.0,0.0,0.002715
2024-01-10,300ETF,Spot ETF,icw,-0.862,1.6,0.0,0,-0.004477,0.0,0.0,0.0,0.002715
2024-01-11,300ETF,Spot ETF,icw,-0.256,1.6,0.0,0,0.006271,0.0,0.0,0.0,0.002715
2024-01-12,300ETF,Spot ETF,icw,-0.2384,1.6,0.0,0,-0.000893,0.0,0.0,0.0,0.002715
2024-01-15,300ETF,Spot ETF,icw,-0.8149,1.6,0.0,0,0.002094,0.0,0.0,0.0,0.002715
2024-01-16,300ETF,Spot ETF,icw,1.0412,1.6,0.0,0,-0.000596,0.0,0.0,0.0,0.002715
2024-01-17,300ETF,Spot ETF,icw,-0.8762,1.6,0.0,0,-0.005409,0.0,0.0,0.0,0.002715
2024-01-18,300ETF,Spot ETF,icw,-1.0253,1.6,0.0,0,0.003415,0.0,0.0,0.0,0.002715
2024-01-19,300ETF,Spot ETF,icw,0.8548,1.6,0.0,0,-0.002751,0.0,0.0,0.0,0.002715
2024-01-22,300ETF,Spot ETF,icw,0.027,1.6,0.0,0,-0.012967,0.0,0.0,0.0,0.002715
2024-01-23,300ETF,Spot ETF,icw,-0.1854,1.6,0.0,0,0.008062,0.0,0.0,0.0,0.002715
2024-01-24,300ETF,Spot ETF,icw,-0.3883,1.6,0.0,0,0.009871,0.0,0.0,0.0,0.002715
2024-01-25,300ETF,Spot ETF,icw,0.514,1.6,0.0,0,0.015106,0.0,0.0,0.0,0.002715
2024-01-26,300ETF,Spot ETF,icw,0.5367,1.6,0.0,0,0.001504,0.0,0.0,0.0,0.002715
2024-01-29,300ETF,Spot ETF,icw,0.0752,1.6,0.0,0,-0.004208,0.0,0.0,0.0,0.002715
2024-01-30,300ETF,Spot ETF,icw,-0.0677,1.6,0.0,0,-0.003676,0.0,0.0,0.0,0.002715
2024-01-31,300ETF,Spot ETF,icw,0.8095,1.6,0.0,0,-0.003103,0.0,0.0,0.0,0.002715
2024-02-01,300ETF,Spot ETF,icw,0.0821,1.6,0.0,0,0.007797,0.0,0.0,0.0,0.002715
2024-02-02,300ETF,Spot ETF,icw,0.2473,1.6,0.0,0,-0.010625,0.0,0.0,0.0,0.002715
2024-02-05,300ETF,Spot ETF,icw,0.6428,1.6,0.0,0,0.0113,0.0,0.0,0.0,0.002715
2024-02-06,300ETF,Spot ETF,icw,2.3247,1.6,1.0,1,0.012266,0.01203,0.0016,0.01043,0.013145
2024-02-07,300ETF,Spot ETF,icw,0.6892,1.6,0.0,0,0.000301,0.0,0.0,0.0,0.013145
2024-02-08,300ETF,Spot ETF,icw,0.6096,1.6,0.0,0,-0.003286,0.0,0.0,0.0,0.013145
2024-02-19,300ETF,Spot ETF,icw,-1.7879,1.6,-0.9605,1,0.006221,-0.005707,0.001537,-0.007244,0.005901
2024-02-20,300ETF,Spot ETF,icw,-0.8756,1.6,0.0,0,0.00472,0.0,0.0,0.0,0.005901
2024-02-21,300ETF,Spot ETF,icw,1.0874,1.6,0.0,0,0.018943,0.0,0.0,0.0,0.005901
2024-02-22,300ETF,Spot ETF,icw,1.3427,1.6,0.0,0,0.00375,0.0,0.0,0.0,0.005901
2024-02-23,300ETF,Spot ETF,icw,-0.0059,1.6,0.0,0,-0.001435,0.0,0.0,0.0,0.005901
2024-02-26,300ETF,Spot ETF,icw,0.1326,1.6,0.0,0,-0.004049,0.0,0.0,0.0,0.005901
2024-02-27,300ETF,Spot ETF,icw,1.1308,1.6,0.0,0,0.008666,0.0,0.0,0.0,0.005901
2024-02-28,300ETF,Spot ETF,icw,-0.2867,1.6,0.0,0,-0.006307,0.0,0.0,0.0,0.005901
2024-02-29,300ETF,Spot ETF,icw,2.1392,1.6,1.0,1,0.007465,0.008074,0.0016,0.006474,0.012375
2024-03-01,300ETF,Spot ETF,icw,0.0808,1.6,0.0,0,0.006252,0.0,0.0,0.0,0.012375
2024-03-04,300ETF,Spot ETF,icw,-0.1204,1.6,0.0,0,0.000283,0.0,0.0,0.0,0.012375
2024-03-05,300ETF,Spot ETF,icw,1.1923,1.6,0.0,0,0.004508,0.0,0.0,0.0,0.012375
2024-03-06,300ETF,Spot ETF,icw,0.0775,1.6,0.0,0,0.001973,0.0,0.0,0.0,0.012375
2024-03-07,300ETF,Spot ETF,icw,1.1569,1.6,0.0,0,-0.009052,0.0,0.0,0.0,0.012375
2024-03-08,300ETF,Spot ETF,icw,0.6698,1.6,0.0,0,0.002549,0.0,0.0,0.0,0.012375
2024-03-11,300ETF,Spot ETF,icw,0.9627,1.6,0.0,0,0.009847,0.0,0.0,0.0,0.012375
2024-03-12,300ETF,Spot ETF,icw,-0.4231,1.6,0.0,0,-0.002506,0.0,0.0,0.0,0.012375
2024-03-13,300ETF,Spot ETF,icw,-0.7115,1.6,0.0,0,-0.002802,0.0,0.0,0.0,0.012375
2024-03-14,300ETF,Spot ETF,icw,1.5174,1.6,0.0,0,-0.009814,0.0,0.0,0.0,0.012375
2024-03-15,300ETF,Spot ETF,icw,-0.0057,1.6,0.0,0,0.005921,0.0,0.0,0.0,0.012375
2024-03-18,300ETF,Spot ETF,icw,0.0203,1.6,0.0,0,0.0,0.0,0.0,0.0,0.012375
2024-03-19,300ETF,Spot ETF,icw,0.0046,1.6,0.0,0,-0.00615,0.0,0.0,0.0,0.012375
2024-03-20,300ETF,Spot ETF,icw,0.3855,1.6,0.0,0,-0.00028,0.0,0.0,0.0,0.012375
2024-03-21,300ETF,Spot ETF,icw,-0.0895,1.6,0.0,0,-0.002788,0.0,0.0,0.0,0.012375
2024-03-22,300ETF,Spot ETF,icw,-0.6804,1.6,0.0,0,-0.000566,0.0,0.0,0.0,0.012375
2024-03-25,300ETF,Spot ETF,icw,-0.2433,1.6,0.0,0,-0.000283,0.0,0.0,0.0,0.012375
2024-03-26,300ETF,Spot ETF,icw,0.7382,1.6,0.0,0,0.00085,0.0,0.0,0.0,0.012375
2024-03-27,300ETF,Spot ETF,icw,-1.0638,1.6,0.0,0,-0.002275,0.0,0.0,0.0,0.012375
2024-03-28,300ETF,Spot ETF,icw,-0.2963,1.6,0.0,0,0.003434,0.0,0.0,0.0,0.012375
2024-03-29,300ETF,Spot ETF,icw,1.3563,1.6,0.0,0,-0.001419,0.0,0.0,0.0,0.012375
2024-04-01,300ETF,Spot ETF,icw,1.972,1.6,1.0,1,0.001954,0.002237,0.0016,0.000637,0.013011
2024-04-02,300ETF,Spot ETF,icw,0.1092,1.6,0.0,0,-0.005038,0.0,0.0,0.0,0.013011
2024-04-03,300ETF,Spot ETF,icw,-1.0834,1.6,0.0,0,-0.000843,0.0,0.0,0.0,0.013011
2024-04-08,300ETF,Spot ETF,icw,-0.864,1.6,0.0,0,-0.003675,0.0,0.0,0.0,0.013011
2024-04-09,300ETF,Spot ETF,icw,-0.1042,1.6,0.0,0,0.002273,0.0,0.0,0.0,0.013011
2024-04-10,300ETF,Spot ETF,icw,-0.7117,1.6,0.0,0,-0.005414,0.0,0.0,0.0,0.013011
2024-04-11,300ETF,Spot ETF,icw,0.4013,1.6,0.0,0,0.002865,0.0,0.0,0.0,0.013011
2024-04-12,300ETF,Spot ETF,icw,0.2269,1.6,0.0,0,-0.006322,0.0,0.0,0.0,0.013011
2024-04-15,300ETF,Spot ETF,icw,1.9366,1.6,1.0,1,0.007691,0.008586,0.0016,0.006986,0.019998
2024-04-16,300ETF,Spot ETF,icw,0.5597,1.6,0.0,0,-0.006546,0.0,0.0,0.0,0.019998
2024-04-17,300ETF,Spot ETF,icw,0.4386,1.6,0.0,0,0.010201,0.0,0.0,0.0,0.019998
2024-04-18,300ETF,Spot ETF,icw,0.7677,1.6,0.0,0,0.005905,0.0,0.0,0.0,0.019998
2024-04-19,300ETF,Spot ETF,icw,-0.2783,1.6,0.0,0,-0.005374,0.0,0.0,0.0,0.019998
2024-04-22,300ETF,Spot ETF,icw,0.8213,1.6,0.0,0,-0.007925,0.0,0.0,0.0,0.019998
2024-04-23,300ETF,Spot ETF,icw,-0.6074,1.6,0.0,0,0.0,0.0,0.0,0.0,0.019998
2024-04-24,300ETF,Spot ETF,icw,-1.7001,1.6,-0.7224,1,0.004859,-0.003103,0.001156,-0.004259,0.015739
2024-04-25,300ETF,Spot ETF,icw,-0.6193,1.6,0.0,0,0.005127,0.0,0.0,0.0,0.015739
2024-04-26,300ETF,Spot ETF,icw,1.5874,1.6,0.0,0,0.010674,0.0,0.0,0.0,0.015739
2024-04-29,300ETF,Spot ETF,icw,-0.158,1.6,0.0,0,0.00914,0.0,0.0,0.0,0.015739
2024-04-30,300ETF,Spot ETF,icw,-0.6276,1.6,0.0,0,-0.001662,0.0,0.0,0.0,0.015739
2024-05-06,300ETF,Spot ETF,icw,-0.3009,1.6,0.0,0,-0.002464,0.0,0.0,0.0,0.015739
2024-05-07,300ETF,Spot ETF,icw,-0.1904,1.6,0.0,0,-0.001919,0.0,0.0,0.0,0.015739
2024-05-08,300ETF,Spot ETF,icw,-1.1349,1.6,0.0,0,-0.003857,0.0,0.0,0.0,0.015739
2024-05-09,300ETF,Spot ETF,icw,1.0727,1.6,0.0,0,0.002739,0.0,0.0,0.0,0.015739
2024-05-10,300ETF,Spot ETF,icw,0.008,1.6,0.0,0,0.003835,0.0,0.0,0.0,0.015739
2024-05-13,300ETF,Spot ETF,icw,-0.5418,1.6,0.0,0,0.004118,0.0,0.0,0.0,0.015739
2024-05-14,300ETF,Spot ETF,icw,0.3675,1.6,0.0,0,0.0,0.0,0.0,0.0,0.015739
2024-05-15,300ETF,Spot ETF,icw,-1.2599,1.6,0.0,0,-0.003579,0.0,0.0,0.0,0.015739
2024-05-16,300ETF,Spot ETF,icw,-0.7409,1.6,0.0,0,-0.000826,0.0,0.0,0.0,0.015739
2024-05-17,300ETF,Spot ETF,icw,-0.0069,1.6,0.0,0,0.002464,0.0,0.0,0.0,0.015739
2024-05-20,300ETF,Spot ETF,icw,1.3567,1.6,0.0,0,-0.002711,0.0,0.0,0.0,0.015739
2024-05-21,300ETF,Spot ETF,icw,-0.3696,1.6,0.0,0,-0.001634,0.0,0.0,0.0,0.015739
2024-05-22,300ETF,Spot ETF,icw,-0.2241,1.6,0.0,0,0.00136,0.0,0.0,0.0,0.015739
2024-05-23,300ETF,Spot ETF,icw,-1.329,1.6,0.0,0,-0.003841,0.0,0.0,0.0,0.015739
2024-05-24,300ETF,Spot ETF,icw,1.158,1.6,0.0,0,-0.009379,0.0,0.0,0.0,0.015739
2024-05-27,300ETF,Spot ETF,icw,0.0541,1.6,0.0,0,0.004143,0.0,0.0,0.0,0.015739
2024-05-28,300ETF,Spot ETF,icw,-1.0799,1.6,0.0,0,-0.004979,0.0,0.0,0.0,0.015739
2024-05-29,300ETF,Spot ETF,icw,1.1313,1.6,0.0,0,-0.002762,0.0,0.0,0.0,0.015739
2024-05-30,300ETF,Spot ETF,icw,0.1448,1.6,0.0,0,-0.007482,0.0,0.0,0.0,0.015739
2024-05-31,300ETF,Spot ETF,icw,-0.0186,1.6,0.0,0,-0.00778,0.0,0.0,0.0,0.015739
2024-06-03,300ETF,Spot ETF,icw,-0.8521,1.6,0.0,0,-0.003911,0.0,0.0,0.0,0.015739
2024-06-04,300ETF,Spot ETF,icw,-0.2446,1.6,0.0,0,0.006376,0.0,0.0,0.0,0.015739
2024-06-05,300ETF,Spot ETF,icw,0.5389,1.6,0.0,0,-0.004983,0.0,0.0,0.0,0.015739
2024-06-06,300ETF,Spot ETF,icw,0.0756,1.6,0.0,0,-0.004447,0.0,0.0,0.0,0.015739
2024-06-07,300ETF,Spot ETF,icw,-0.3305,1.6,0.0,0,-0.00474,0.0,0.0,0.0,0.015739
2024-06-11,300ETF,Spot ETF,icw,-1.0256,1.6,0.0,0,0.000845,0.0,0.0,0.0,0.015739
2024-06-12,300ETF,Spot ETF,icw,0.3093,1.6,0.0,0,0.000282,0.0,0.0,0.0,0.015739
2024-06-13,300ETF,Spot ETF,icw,-1.5436,1.6,-0.5105,1,-0.006218,0.003165,0.000817,0.002348,0.018087
2024-06-14,300ETF,Spot ETF,icw,-0.6147,1.6,0.0,0,0.005928,0.0,0.0,0.0,0.018087
2024-06-17,300ETF,Spot ETF,icw,-0.135,1.6,0.0,0,-0.000282,0.0,0.0,0.0,0.018087
2024-06-18,300ETF,Spot ETF,icw,0.3992,1.6,0.0,0,-0.000845,0.0,0.0,0.0,0.018087
2024-06-19,300ETF,Spot ETF,icw,-1.3191,1.6,0.0,0,-0.000846,0.0,0.0,0.0,0.018087
2024-06-20,300ETF,Spot ETF,icw,0.0207,1.6,0.0,0,-0.002839,0.0,0.0,0.0,0.018087
2024-06-21,300ETF,Spot ETF,icw,-0.6696,1.6,0.0,0,-0.000569,0.0,0.0,0.0,0.018087
2024-06-24,300ETF,Spot ETF,icw,-0.1561,1.6,0.0,0,0.002281,0.0,0.0,0.0,0.018087
2024-06-25,300ETF,Spot ETF,icw,-0.0773,1.6,0.0,0,-0.004581,0.0,0.0,0.0,0.018087
2024-06-26,300ETF,Spot ETF,icw,-0.2409,1.6,0.0,0,0.009169,0.0,0.0,0.0,0.018087
2024-06-27,300ETF,Spot ETF,icw,-1.7362,1.6,-0.81,1,0.003159,-0.002329,0.001296,-0.003625,0.014462
2024-06-28,300ETF,Spot ETF,icw,1.4373,1.6,0.0,0,-0.005153,0.0,0.0,0.0,0.014462
2024-07-01,300ETF,Spot ETF,icw,-0.0908,1.6,0.0,0,0.004869,0.0,0.0,0.0,0.014462
2024-07-02,300ETF,Spot ETF,icw,0.4955,1.6,0.0,0,-0.003718,0.0,0.0,0.0,0.014462
2024-07-03,300ETF,Spot ETF,icw,-1.0603,1.6,0.0,0,0.001434,0.0,0.0,0.0,0.014462
2024-07-04,300ETF,Spot ETF,icw,0.8888,1.6,0.0,0,-0.004876,0.0,0.0,0.0,0.014462
2024-07-05,300ETF,Spot ETF,icw,-1.2037,1.6,0.0,0,0.00029,0.0,0.0,0.0,0.014462
2024-07-08,300ETF,Spot ETF,icw,-0.1498,1.6,0.0,0,-0.002614,0.0,0.0,0.0,0.014462
2024-07-09,300ETF,Spot ETF,icw,-0.196,1.6,0.0,0,0.010417,0.0,0.0,0.0,0.014462
2024-07-10,300ETF,Spot ETF,icw,1.1817,1.6,0.0,0,-0.003458,0.0,0.0,0.0,0.014462
2024-07-11,300ETF,Spot ETF,icw,-0.8715,1.6,0.0,0,0.003428,0.0,0.0,0.0,0.014462
2024-07-12,300ETF,Spot ETF,icw,0.2991,1.6,0.0,0,0.001422,0.0,0.0,0.0,0.014462
2024-07-15,300ETF,Spot ETF,icw,0.5837,1.6,0.0,0,0.0,0.0,0.0,0.0,0.014462
2024-07-16,300ETF,Spot ETF,icw,0.2573,1.6,0.0,0,0.00424,0.0,0.0,0.0,0.014462
2024-07-17,300ETF,Spot ETF,icw,-0.5808,1.6,0.0,0,0.005065,0.0,0.0,0.0,0.014462
2024-07-18,300ETF,Spot ETF,icw,-0.2501,1.6,0.0,0,0.006185,0.0,0.0,0.0,0.014462
2024-07-19,300ETF,Spot ETF,icw,-0.2809,1.6,0.0,0,0.008385,0.0,0.0,0.0,0.014462
2024-07-22,300ETF,Spot ETF,icw,-1.0922,1.6,0.0,0,0.0,0.0,0.0,0.0,0.014462
2024-07-23,300ETF,Spot ETF,icw,-1.5459,1.6,-0.5117,1,-0.012183,0.006196,0.000819,0.005377,0.019839
2024-07-24,300ETF,Spot ETF,icw,0.938,1.6,0.0,0,-0.004308,0.0,0.0,0.0,0.019839
2024-07-25,300ETF,Spot ETF,icw,0.1407,1.6,0.0,0,-0.003755,0.0,0.0,0.0,0.019839
2024-07-26,300ETF,Spot ETF,icw,1.1269,1.6,0.0,0,-0.004322,0.0,0.0,0.0,0.019839
2024-07-29,300ETF,Spot ETF,icw,-0.4351,1.6,0.0,0,-0.002889,0.0,0.0,0.0,0.019839
2024-07-30,300ETF,Spot ETF,icw,-1.7404,1.6,-0.821,1,0.001166,-0.000718,0.001314,-0.002032,0.017807
2024-07-31,300ETF,Spot ETF,icw,0.8162,1.6,0.0,0,0.014075,0.0,0.0,0.0,0.017807
2024-08-01,300ETF,Spot ETF,icw,-0.3399,1.6,0.0,0,-0.005152,0.0,0.0,0.0,0.017807
2024-08-02,300ETF,Spot ETF,icw,1.2769,1.6,0.0,0,-0.007798,0.0,0.0,0.0,0.017807
2024-08-05,300ETF,Spot ETF,icw,1.7864,1.6,0.693,1,-0.010203,-0.007432,0.001109,-0.008541,0.009267
2024-08-06,300ETF,Spot ETF,icw,-0.9579,1.6,0.0,0,-0.006168,0.0,0.0,0.0,0.009267
2024-08-07,300ETF,Spot ETF,icw,0.9711,1.6,0.0,0,-0.002932,0.0,0.0,0.0,0.009267
2024-08-08,300ETF,Spot ETF,icw,-1.2524,1.6,0.0,0,0.006177,0.0,0.0,0.0,0.009267
2024-08-09,300ETF,Spot ETF,icw,0.1808,1.6,0.0,0,-0.005282,0.0,0.0,0.0,0.009267
2024-08-12,300ETF,Spot ETF,icw,-0.4349,1.6,0.0,0,-0.003536,0.0,0.0,0.0,0.009267
2024-08-13,300ETF,Spot ETF,icw,-0.1067,1.6,0.0,0,-0.000887,0.0,0.0,0.0,0.009267
2024-08-14,300ETF,Spot ETF,icw,-1.6189,1.6,-0.5786,1,0.000296,-0.0,0.000926,-0.000926,0.008341
2024-08-15,300ETF,Spot ETF,icw,1.6363,1.6,0.5073,1,0.000589,0.000448,0.000812,-0.000363,0.007978
2024-08-16,300ETF,Spot ETF,icw,-0.3615,1.6,0.0,0,-0.003807,0.0,0.0,0.0,0.007978
2024-08-19,300ETF,Spot ETF,icw,1.914,1.6,1.0,1,-0.005245,-0.004653,0.0016,-0.006253,0.001725
2024-08-20,300ETF,Spot ETF,icw,-1.6317,1.6,-0.5963,1,-0.002647,0.001751,0.000954,0.000797,0.002522
2024-08-21,300ETF,Spot ETF,icw,-0.8125,1.6,0.0,0,0.001181,0.0,0.0,0.0,0.002522
2024-08-22,300ETF,Spot ETF,icw,-0.1273,1.6,0.0,0,-0.000888,0.0,0.0,0.0,0.002522
2024-08-23,300ETF,Spot ETF,icw,0.5137,1.6,0.0,0,0.004133,0.0,0.0,0.0,0.002522
2024-08-26,300ETF,Spot ETF,icw,-0.745,1.6,0.0,0,0.000295,0.0,0.0,0.0,0.002522
2024-08-27,300ETF,Spot ETF,icw,-0.6453,1.6,0.0,0,-0.002074,0.0,0.0,0.0,0.002522
2024-08-28,300ETF,Spot ETF,icw,-0.2699,1.6,0.0,0,-0.001488,0.0,0.0,0.0,0.002522
2024-08-29,300ETF,Spot ETF,icw,0.1382,1.6,0.0,0,0.002687,0.0,0.0,0.0,0.002522
2024-08-30,300ETF,Spot ETF,icw,1.6364,1.6,0.5074,1,0.00472,0.00225,0.000812,0.001438,0.00396
2024-09-02,300ETF,Spot ETF,icw,-0.5132,1.6,0.0,0,-0.007164,0.0,0.0,0.0,0.00396
2024-09-03,300ETF,Spot ETF,icw,-0.2195,1.6,0.0,0,0.002394,0.0,0.0,0.0,0.00396
2024-09-04,300ETF,Spot ETF,icw,-0.8092,1.6,0.0,0,0.0,0.0,0.0,0.0,0.00396
2024-09-05,300ETF,Spot ETF,icw,-0.3174,1.6,0.0,0,0.003007,0.0,0.0,0.0,0.00396
2024-09-06,300ETF,Spot ETF,icw,-0.5065,1.6,0.0,0,-0.009314,0.0,0.0,0.0,0.00396
2024-09-09,300ETF,Spot ETF,icw,-0.2277,1.6,0.0,0,-0.006427,0.0,0.0,0.0,0.00396
2024-09-10,300ETF,Spot ETF,icw,-0.4915,1.6,0.0,0,0.002148,0.0,0.0,0.0,0.00396
2024-09-11,300ETF,Spot ETF,icw,-1.0768,1.6,0.0,0,0.000922,0.0,0.0,0.0,0.00396
2024-09-12,300ETF,Spot ETF,icw,0.8089,1.6,0.0,0,-0.005219,0.0,0.0,0.0,0.00396
2024-09-13,300ETF,Spot ETF,icw,0.5484,1.6,0.0,0,-0.007708,0.0,0.0,0.0,0.00396
2024-09-18,300ETF,Spot ETF,icw,0.6559,1.6,0.0,0,0.004019,0.0,0.0,0.0,0.00396
2024-09-19,300ETF,Spot ETF,icw,-0.8461,1.6,0.0,0,0.009837,0.0,0.0,0.0,0.00396
2024-09-20,300ETF,Spot ETF,icw,-0.4663,1.6,0.0,0,0.004605,0.0,0.0,0.0,0.00396
2024-09-23,300ETF,Spot ETF,icw,1.3912,1.6,0.0,0,-0.002737,0.0,0.0,0.0,0.00396
2024-09-24,300ETF,Spot ETF,icw,-0.6078,1.6,0.0,0,0.033952,0.0,0.0,0.0,0.00396
2024-09-25,300ETF,Spot ETF,icw,1.955,1.6,1.0,1,-0.01287,-0.013068,0.0016,-0.014668,-0.010708
2024-09-26,300ETF,Spot ETF,icw,0.4462,1.6,0.0,0,0.029306,0.0,0.0,0.0,-0.010708
2024-09-27,300ETF,Spot ETF,icw,0.4438,1.6,0.0,0,0.032807,0.0,0.0,0.0,-0.010708
2024-09-30,300ETF,Spot ETF,icw,2.1531,1.6,1.0,1,0.046624,0.054181,0.0016,0.052581,0.041873
2024-10-08,300ETF,Spot ETF,icw,-0.992,1.6,0.0,0,-0.042846,0.0,0.0,0.0,0.041873
2024-10-09,300ETF,Spot ETF,icw,-0.5928,1.6,0.0,0,-0.024574,0.0,0.0,0.0,0.041873
2024-10-10,300ETF,Spot ETF,icw,0.2828,1.6,0.0,0,0.012003,0.0,0.0,0.0,0.041873
2024-10-11,300ETF,Spot ETF,icw,-0.4586,1.6,0.0,0,-0.025337,0.0,0.0,0.0,0.041873
2024-10-14,300ETF,Spot ETF,icw,0.5129,1.6,0.0,0,0.010254,0.0,0.0,0.0,0.041873
2024-10-15,300ETF,Spot ETF,icw,-0.0911,1.6,0.0,0,-0.014526,0.0,0.0,0.0,0.041873
2024-10-16,300ETF,Spot ETF,icw,1.624,1.6,0.5032,1,-0.008424,-0.002694,0.000805,-0.003499,0.038373
2024-10-17,300ETF,Spot ETF,icw,0.0093,1.6,0.0,0,-0.017125,0.0,0.0,0.0,0.038373
2024-10-18,300ETF,Spot ETF,icw,0.7673,1.6,0.0,0,0.05867,0.0,0.0,0.0,0.038373
2024-10-21,300ETF,Spot ETF,icw,0.2802,1.6,0.0,0,0.008251,0.0,0.0,0.0,0.038373
2024-10-22,300ETF,Spot ETF,icw,1.3752,1.6,0.0,0,0.000745,0.0,0.0,0.0,0.038373
2024-10-23,300ETF,Spot ETF,icw,-0.4257,1.6,0.0,0,0.004203,0.0,0.0,0.0,0.038373
2024-10-24,300ETF,Spot ETF,icw,-0.3444,1.6,0.0,0,-0.003239,0.0,0.0,0.0,0.038373
2024-10-25,300ETF,Spot ETF,icw,0.7175,1.6,0.0,0,0.007695,0.0,0.0,0.0,0.038373
2024-10-28,300ETF,Spot ETF,icw,-1.4164,1.6,0.0,0,0.003727,0.0,0.0,0.0,0.038373
2024-10-29,300ETF,Spot ETF,icw,0.2682,1.6,0.0,0,-0.008186,0.0,0.0,0.0,0.038373
2024-10-30,300ETF,Spot ETF,icw,1.1031,1.6,0.0,0,-0.009786,0.0,0.0,0.0,0.038373
2024-10-31,300ETF,Spot ETF,icw,-1.0373,1.6,0.0,0,0.00732,0.0,0.0,0.0,0.038373
2024-11-01,300ETF,Spot ETF,icw,1.0371,1.6,0.0,0,-0.002502,0.0,0.0,0.0,0.038373
2024-11-04,300ETF,Spot ETF,icw,-0.0958,1.6,0.0,0,0.005003,0.0,0.0,0.0,0.038373
2024-11-05,300ETF,Spot ETF,icw,-0.2897,1.6,0.0,0,0.017591,0.0,0.0,0.0,0.038373
2024-11-06,300ETF,Spot ETF,icw,0.4475,1.6,0.0,0,-0.005815,0.0,0.0,0.0,0.038373
2024-11-07,300ETF,Spot ETF,icw,1.5229,1.6,0.0,0,0.022106,0.0,0.0,0.0,0.038373
2024-11-08,300ETF,Spot ETF,icw,-0.9213,1.6,0.0,0,-0.011131,0.0,0.0,0.0,0.038373
2024-11-11,300ETF,Spot ETF,icw,1.0446,1.6,0.0,0,0.009082,0.0,0.0,0.0,0.038373
2024-11-12,300ETF,Spot ETF,icw,1.5268,1.6,0.0,0,-0.022831,0.0,0.0,0.0,0.038373
2024-11-13,300ETF,Spot ETF,icw,1.2061,1.6,0.0,0,0.004068,0.0,0.0,0.0,0.038373
2024-11-14,300ETF,Spot ETF,icw,0.1638,1.6,0.0,0,-0.011522,0.0,0.0,0.0,0.038373
2024-11-15,300ETF,Spot ETF,icw,0.2973,1.6,0.0,0,-0.004639,0.0,0.0,0.0,0.038373
2024-11-18,300ETF,Spot ETF,icw,0.0135,1.6,0.0,0,-0.007406,0.0,0.0,0.0,0.038373
2024-11-19,300ETF,Spot ETF,icw,0.8945,1.6,0.0,0,0.00173,0.0,0.0,0.0,0.038373
2024-11-20,300ETF,Spot ETF,icw,-0.2219,1.6,0.0,0,0.005917,0.0,0.0,0.0,0.038373
2024-11-21,300ETF,Spot ETF,icw,0.302,1.6,0.0,0,0.002216,0.0,0.0,0.0,0.038373
2024-11-22,300ETF,Spot ETF,icw,-0.3838,1.6,0.0,0,-0.0174,0.0,0.0,0.0,0.038373
2024-11-25,300ETF,Spot ETF,icw,0.568,1.6,0.0,0,-0.006108,0.0,0.0,0.0,0.038373
2024-11-26,300ETF,Spot ETF,icw,0.7462,1.6,0.0,0,-0.001782,0.0,0.0,0.0,0.038373
2024-11-27,300ETF,Spot ETF,icw,0.2207,1.6,0.0,0,0.019256,0.0,0.0,0.0,0.038373
2024-11-28,300ETF,Spot ETF,icw,-0.0267,1.6,0.0,0,-0.003275,0.0,0.0,0.0,0.038373
2024-11-29,300ETF,Spot ETF,icw,1.3207,1.6,0.0,0,0.01028,0.0,0.0,0.0,0.038373
2024-12-02,300ETF,Spot ETF,icw,0.9787,1.6,0.0,0,-0.003229,0.0,0.0,0.0,0.038373
2024-12-03,300ETF,Spot ETF,icw,-1.1005,1.6,0.0,0,0.006704,0.0,0.0,0.0,0.038373
2024-12-04,300ETF,Spot ETF,icw,-1.2499,1.6,0.0,0,-0.000997,0.0,0.0,0.0,0.038373
2024-12-05,300ETF,Spot ETF,icw,0.4339,1.6,0.0,0,-0.00075,0.0,0.0,0.0,0.038373
2024-12-06,300ETF,Spot ETF,icw,0.4785,1.6,0.0,0,0.013868,0.0,0.0,0.0,0.038373
2024-12-09,300ETF,Spot ETF,icw,0.1687,1.6,0.0,0,-0.001234,0.0,0.0,0.0,0.038373
2024-12-10,300ETF,Spot ETF,icw,-1.4038,1.6,0.0,0,-0.008521,0.0,0.0,0.0,0.038373
2024-12-11,300ETF,Spot ETF,icw,0.4994,1.6,0.0,0,-0.001716,0.0,0.0,0.0,0.038373
2024-12-12,300ETF,Spot ETF,icw,-0.3963,1.6,0.0,0,0.008798,0.0,0.0,0.0,0.038373
2024-12-13,300ETF,Spot ETF,icw,-1.392,1.6,0.0,0,-0.006189,0.0,0.0,0.0,0.038373
2024-12-16,300ETF,Spot ETF,icw,-0.0825,1.6,0.0,0,-0.005746,0.0,0.0,0.0,0.038373
2024-12-17,300ETF,Spot ETF,icw,1.2848,1.6,0.0,0,-0.006224,0.0,0.0,0.0,0.038373
2024-12-18,300ETF,Spot ETF,icw,0.6982,1.6,0.0,0,-0.002731,0.0,0.0,0.0,0.038373
2024-12-19,300ETF,Spot ETF,icw,0.6256,1.6,0.0,0,0.002733,0.0,0.0,0.0,0.038373
2024-12-20,300ETF,Spot ETF,icw,-0.4968,1.6,0.0,0,-0.00199,0.0,0.0,0.0,0.038373
2024-12-23,300ETF,Spot ETF,icw,1.7188,1.6,0.5784,1,-0.003225,-0.002291,0.000925,-0.003216,0.035157
2024-12-24,300ETF,Spot ETF,icw,0.5997,1.6,0.0,0,0.004193,0.0,0.0,0.0,0.035157
2024-12-25,300ETF,Spot ETF,icw,-0.3703,1.6,0.0,0,-0.005643,0.0,0.0,0.0,0.035157
2024-12-26,300ETF,Spot ETF,icw,-0.7389,1.6,0.0,0,0.002948,0.0,0.0,0.0,0.035157
2024-12-27,300ETF,Spot ETF,icw,-0.9716,1.6,0.0,0,0.001475,0.0,0.0,0.0,0.035157
2024-12-30,300ETF,Spot ETF,icw,1.2768,1.6,0.0,0,0.000734,0.0,0.0,0.0,0.035157
2024-12-31,300ETF,Spot ETF,icw,-0.5043,1.6,0.0,0,-0.011341,0.0,0.0,0.0,0.035157
2025-01-02,300ETF,Spot ETF,icw,-1.1576,1.6,0.0,0,-0.021304,0.0,0.0,0.0,0.035157
2025-01-03,300ETF,Spot ETF,icw,-0.5103,1.6,0.0,0,-0.007734,0.0,0.0,0.0,0.035157
2025-01-06,300ETF,Spot ETF,icw,-0.3837,1.6,0.0,0,0.000522,0.0,0.0,0.0,0.035157
2025-01-07,300ETF,Spot ETF,icw,0.9105,1.6,0.0,0,0.003879,0.0,0.0,0.0,0.035157
2025-01-08,300ETF,Spot ETF,icw,-0.5151,1.6,0.0,0,0.001293,0.0,0.0,0.0,0.035157
2025-01-09,300ETF,Spot ETF,icw,-0.2944,1.6,0.0,0,0.001807,0.0,0.0,0.0,0.035157
2025-01-10,300ETF,Spot ETF,icw,-0.3986,1.6,0.0,0,-0.003382,0.0,0.0,0.0,0.035157
2025-01-13,300ETF,Spot ETF,icw,1.2758,1.6,0.0,0,-0.003152,0.0,0.0,0.0,0.035157
2025-01-14,300ETF,Spot ETF,icw,0.6725,1.6,0.0,0,0.01318,0.0,0.0,0.0,0.035157
2025-01-15,300ETF,Spot ETF,icw,-0.6427,1.6,0.0,0,-0.003086,0.0,0.0,0.0,0.035157
2025-01-16,300ETF,Spot ETF,icw,1.5569,1.6,0.0,0,-0.007448,0.0,0.0,0.0,0.035157
2025-01-17,300ETF,Spot ETF,icw,-0.0578,1.6,0.0,0,0.00514,0.0,0.0,0.0,0.035157
2025-01-20,300ETF,Spot ETF,icw,0.9881,1.6,0.0,0,-0.006617,0.0,0.0,0.0,0.035157
2025-01-21,300ETF,Spot ETF,icw,-1.4199,1.6,0.0,0,0.003066,0.0,0.0,0.0,0.035157
2025-01-22,300ETF,Spot ETF,icw,-1.0784,1.6,0.0,0,0.001031,0.0,0.0,0.0,0.035157
2025-01-23,300ETF,Spot ETF,icw,0.8692,1.6,0.0,0,-0.008934,0.0,0.0,0.0,0.035157
2025-01-24,300ETF,Spot ETF,icw,0.7774,1.6,0.0,0,0.003314,0.0,0.0,0.0,0.035157
2025-01-27,300ETF,Spot ETF,icw,0.8529,1.6,0.0,0,-0.00051,0.0,0.0,0.0,0.035157
2025-02-05,300ETF,Spot ETF,icw,-1.7043,1.6,-0.7319,1,-0.002827,0.002066,0.001171,0.000895,0.036052
2025-02-06,300ETF,Spot ETF,icw,0.4734,1.6,0.0,0,0.010996,0.0,0.0,0.0,0.036052
2025-02-07,300ETF,Spot ETF,icw,-0.1155,1.6,0.0,0,0.002525,0.0,0.0,0.0,0.036052
2025-02-10,300ETF,Spot ETF,icw,-0.9466,1.6,0.0,0,-0.000752,0.0,0.0,0.0,0.036052
2025-02-11,300ETF,Spot ETF,icw,-1.4449,1.6,0.0,0,-0.000503,0.0,0.0,0.0,0.036052
2025-02-12,300ETF,Spot ETF,icw,-0.0671,1.6,0.0,0,0.001005,0.0,0.0,0.0,0.036052
2025-02-13,300ETF,Spot ETF,icw,-0.0749,1.6,0.0,0,-0.001246,0.0,0.0,0.0,0.036052
2025-02-14,300ETF,Spot ETF,icw,0.6277,1.6,0.0,0,0.006726,0.0,0.0,0.0,0.036052
2025-02-17,300ETF,Spot ETF,icw,-0.2798,1.6,0.0,0,0.000744,0.0,0.0,0.0,0.036052
2025-02-18,300ETF,Spot ETF,icw,-0.2674,1.6,0.0,0,-0.00946,0.0,0.0,0.0,0.036052
2025-02-19,300ETF,Spot ETF,icw,0.2741,1.6,0.0,0,0.00348,0.0,0.0,0.0,0.036052
2025-02-20,300ETF,Spot ETF,icw,-0.7045,1.6,0.0,0,0.001988,0.0,0.0,0.0,0.036052
2025-02-21,300ETF,Spot ETF,icw,0.0828,1.6,0.0,0,0.013334,0.0,0.0,0.0,0.036052
2025-02-24,300ETF,Spot ETF,icw,0.4841,1.6,0.0,0,-0.003687,0.0,0.0,0.0,0.036052
2025-02-25,300ETF,Spot ETF,icw,-0.3249,1.6,0.0,0,-0.004224,0.0,0.0,0.0,0.036052
2025-02-26,300ETF,Spot ETF,icw,0.7184,1.6,0.0,0,0.002227,0.0,0.0,0.0,0.036052
2025-02-27,300ETF,Spot ETF,icw,0.1949,1.6,0.0,0,0.00148,0.0,0.0,0.0,0.036052
2025-02-28,300ETF,Spot ETF,icw,0.3241,1.6,0.0,0,-0.011955,0.0,0.0,0.0,0.036052
2025-03-03,300ETF,Spot ETF,icw,-0.2379,1.6,0.0,0,-0.007772,0.0,0.0,0.0,0.036052
2025-03-04,300ETF,Spot ETF,icw,-0.2363,1.6,0.0,0,0.003274,0.0,0.0,0.0,0.036052
2025-03-05,300ETF,Spot ETF,icw,-0.1726,1.6,0.0,0,0.004017,0.0,0.0,0.0,0.036052
2025-03-06,300ETF,Spot ETF,icw,-0.5597,1.6,0.0,0,0.006426,0.0,0.0,0.0,0.036052
2025-03-07,300ETF,Spot ETF,icw,-0.2534,1.6,0.0,0,-0.000496,0.0,0.0,0.0,0.036052
2025-03-10,300ETF,Spot ETF,icw,-0.5837,1.6,0.0,0,0.002988,0.0,0.0,0.0,0.036052
2025-03-11,300ETF,Spot ETF,icw,0.7565,1.6,0.0,0,0.001246,0.0,0.0,0.0,0.036052
2025-03-12,300ETF,Spot ETF,icw,-1.4184,1.6,0.0,0,0.0,0.0,0.0,0.0,0.036052
2025-03-13,300ETF,Spot ETF,icw,0.0417,1.6,0.0,0,-0.001993,0.0,0.0,0.0,0.036052
2025-03-14,300ETF,Spot ETF,icw,1.7034,1.6,0.5593,1,0.009065,0.004955,0.000895,0.00406,0.040112
2025-03-17,300ETF,Spot ETF,icw,-0.1213,1.6,0.0,0,-0.001221,0.0,0.0,0.0,0.040112
2025-03-18,300ETF,Spot ETF,icw,-0.6967,1.6,0.0,0,-0.000731,0.0,0.0,0.0,0.040112
2025-03-19,300ETF,Spot ETF,icw,-0.2325,1.6,0.0,0,0.003663,0.0,0.0,0.0,0.040112
2025-03-20,300ETF,Spot ETF,icw,-1.191,1.6,0.0,0,0.0,0.0,0.0,0.0,0.040112
2025-03-21,300ETF,Spot ETF,icw,0.4468,1.6,0.0,0,-0.013858,0.0,0.0,0.0,0.040112
2025-03-24,300ETF,Spot ETF,icw,0.2554,1.6,0.0,0,0.000498,0.0,0.0,0.0,0.040112
2025-03-25,300ETF,Spot ETF,icw,-0.1883,1.6,0.0,0,0.0,0.0,0.0,0.0,0.040112
2025-03-26,300ETF,Spot ETF,icw,-0.1076,1.6,0.0,0,-0.005964,0.0,0.0,0.0,0.040112
2025-03-27,300ETF,Spot ETF,icw,-0.1537,1.6,0.0,0,0.001492,0.0,0.0,0.0,0.040112
2025-03-28,300ETF,Spot ETF,icw,-0.8536,1.6,0.0,0,0.0,0.0,0.0,0.0,0.040112
2025-03-31,300ETF,Spot ETF,icw,0.2186,1.6,0.0,0,-0.007002,0.0,0.0,0.0,0.040112
2025-04-01,300ETF,Spot ETF,icw,-0.3757,1.6,0.0,0,-0.001505,0.0,0.0,0.0,0.040112
2025-04-02,300ETF,Spot ETF,icw,0.0198,1.6,0.0,0,-0.003517,0.0,0.0,0.0,0.040112
2025-04-03,300ETF,Spot ETF,icw,1.0789,1.6,0.0,0,-0.003282,0.0,0.0,0.0,0.040112
2025-04-07,300ETF,Spot ETF,icw,0.4346,1.6,0.0,0,-0.022436,0.0,0.0,0.0,0.040112
2025-04-08,300ETF,Spot ETF,icw,0.4756,1.6,0.0,0,0.00027,0.0,0.0,0.0,0.040112
2025-04-09,300ETF,Spot ETF,icw,0.302,1.6,0.0,0,0.018732,0.0,0.0,0.0,0.040112
2025-04-10,300ETF,Spot ETF,icw,-0.7593,1.6,0.0,0,-0.003389,0.0,0.0,0.0,0.040112
2025-04-11,300ETF,Spot ETF,icw,-0.3911,1.6,0.0,0,0.007056,0.0,0.0,0.0,0.040112
2025-04-14,300ETF,Spot ETF,icw,-0.846,1.6,0.0,0,-0.002075,0.0,0.0,0.0,0.040112
2025-04-15,300ETF,Spot ETF,icw,-1.3185,1.6,0.0,0,0.00287,0.0,0.0,0.0,0.040112
2025-04-16,300ETF,Spot ETF,icw,-1.5017,1.6,-0.5,1,-0.000261,0.000261,0.0008,-0.000539,0.039573
2025-04-17,300ETF,Spot ETF,icw,0.329,1.6,0.0,0,0.000518,0.0,0.0,0.0,0.039573
2025-04-18,300ETF,Spot ETF,icw,-0.6181,1.6,0.0,0,0.001556,0.0,0.0,0.0,0.039573
2025-04-21,300ETF,Spot ETF,icw,0.8277,1.6,0.0,0,0.000773,0.0,0.0,0.0,0.039573
2025-04-22,300ETF,Spot ETF,icw,0.6425,1.6,0.0,0,0.0,0.0,0.0,0.0,0.039573
2025-04-23,300ETF,Spot ETF,icw,-1.1425,1.6,0.0,0,0.000773,0.0,0.0,0.0,0.039573
2025-04-24,300ETF,Spot ETF,icw,0.4677,1.6,0.0,0,-0.002315,0.0,0.0,0.0,0.039573
2025-04-25,300ETF,Spot ETF,icw,-0.3744,1.6,0.0,0,-0.000772,0.0,0.0,0.0,0.039573
2025-04-28,300ETF,Spot ETF,icw,-1.321,1.6,0.0,0,0.001808,0.0,0.0,0.0,0.039573
2025-04-29,300ETF,Spot ETF,icw,-0.6023,1.6,0.0,0,-0.000517,0.0,0.0,0.0,0.039573
2025-04-30,300ETF,Spot ETF,icw,0.0436,1.6,0.0,0,-0.000258,0.0,0.0,0.0,0.039573
2025-05-06,300ETF,Spot ETF,icw,-1.1562,1.6,0.0,0,0.001283,0.0,0.0,0.0,0.039573
2025-05-07,300ETF,Spot ETF,icw,-1.3452,1.6,0.0,0,-0.002806,0.0,0.0,0.0,0.039573
2025-05-08,300ETF,Spot ETF,icw,1.2998,1.6,0.0,0,-0.000506,0.0,0.0,0.0,0.039573
2025-05-09,300ETF,Spot ETF,icw,-0.5148,1.6,0.0,0,-0.000507,0.0,0.0,0.0,0.039573
2025-05-12,300ETF,Spot ETF,icw,-0.3566,1.6,0.0,0,0.002766,0.0,0.0,0.0,0.039573
2025-05-13,300ETF,Spot ETF,icw,-1.4735,1.6,0.0,0,-0.001,0.0,0.0,0.0,0.039573
2025-05-14,300ETF,Spot ETF,icw,-0.418,1.6,0.0,0,0.01045,0.0,0.0,0.0,0.039573
2025-05-15,300ETF,Spot ETF,icw,-0.5125,1.6,0.0,0,-0.001992,0.0,0.0,0.0,0.039573
2025-05-16,300ETF,Spot ETF,icw,-0.5449,1.6,0.0,0,-0.00451,0.0,0.0,0.0,0.039573
2025-05-19,300ETF,Spot ETF,icw,-0.5977,1.6,0.0,0,0.003523,0.0,0.0,0.0,0.039573
2025-05-20,300ETF,Spot ETF,icw,0.189,1.6,0.0,0,0.004255,0.0,0.0,0.0,0.039573
2025-05-21,300ETF,Spot ETF,icw,1.0228,1.6,0.0,0,0.001245,0.0,0.0,0.0,0.039573
2025-05-22,300ETF,Spot ETF,icw,-0.9722,1.6,0.0,0,0.000746,0.0,0.0,0.0,0.039573
2025-05-23,300ETF,Spot ETF,icw,0.8759,1.6,0.0,0,-0.009479,0.0,0.0,0.0,0.039573
2025-05-26,300ETF,Spot ETF,icw,-0.5949,1.6,0.0,0,-0.004784,0.0,0.0,0.0,0.039573
2025-05-27,300ETF,Spot ETF,icw,-0.188,1.6,0.0,0,-0.003794,0.0,0.0,0.0,0.039573
2025-05-28,300ETF,Spot ETF,icw,0.0681,1.6,0.0,0,-0.002532,0.0,0.0,0.0,0.039573
2025-05-29,300ETF,Spot ETF,icw,0.1423,1.6,0.0,0,0.000757,0.0,0.0,0.0,0.039573
2025-05-30,300ETF,Spot ETF,icw,-0.0348,1.6,0.0,0,0.004305,0.0,0.0,0.0,0.039573
2025-06-03,300ETF,Spot ETF,icw,0.7131,1.6,0.0,0,0.000757,0.0,0.0,0.0,0.039573
2025-06-04,300ETF,Spot ETF,icw,0.5848,1.6,0.0,0,-0.000252,0.0,0.0,0.0,0.039573
2025-06-05,300ETF,Spot ETF,icw,-0.8764,1.6,0.0,0,0.003771,0.0,0.0,0.0,0.039573
2025-06-06,300ETF,Spot ETF,icw,-0.3046,1.6,0.0,0,-0.000251,0.0,0.0,0.0,0.039573
2025-06-09,300ETF,Spot ETF,icw,0.049,1.6,0.0,0,-0.001001,0.0,0.0,0.0,0.039573
2025-06-10,300ETF,Spot ETF,icw,-0.1352,1.6,0.0,0,-0.006773,0.0,0.0,0.0,0.039573
2025-06-11,300ETF,Spot ETF,icw,1.7367,1.6,0.6038,1,-0.00299,-0.001803,0.000966,-0.002769,0.036804
2025-06-12,300ETF,Spot ETF,icw,-0.5659,1.6,0.0,0,0.0025,0.0,0.0,0.0,0.036804
2025-06-13,300ETF,Spot ETF,icw,0.2791,1.6,0.0,0,-0.001757,0.0,0.0,0.0,0.036804
2025-06-16,300ETF,Spot ETF,icw,0.4309,1.6,0.0,0,0.002007,0.0,0.0,0.0,0.036804
2025-06-17,300ETF,Spot ETF,icw,0.0451,1.6,0.0,0,-0.002758,0.0,0.0,0.0,0.036804
2025-06-18,300ETF,Spot ETF,icw,0.1652,1.6,0.0,0,0.001282,0.0,0.0,0.0,0.036804
2025-06-19,300ETF,Spot ETF,icw,-0.6634,1.6,0.0,0,-0.007473,0.0,0.0,0.0,0.036804
2025-06-20,300ETF,Spot ETF,icw,0.946,1.6,0.0,0,-0.002062,0.0,0.0,0.0,0.036804
2025-06-23,300ETF,Spot ETF,icw,0.0416,1.6,0.0,0,0.006179,0.0,0.0,0.0,0.036804
2025-06-24,300ETF,Spot ETF,icw,1.4434,1.6,0.0,0,0.000509,0.0,0.0,0.0,0.036804
2025-06-25,300ETF,Spot ETF,icw,0.2268,1.6,0.0,0,0.012091,0.0,0.0,0.0,0.036804
2025-06-26,300ETF,Spot ETF,icw,-0.3171,1.6,0.0,0,-0.002254,0.0,0.0,0.0,0.036804
2025-06-27,300ETF,Spot ETF,icw,-0.0608,1.6,0.0,0,-0.01005,0.0,0.0,0.0,0.036804
2025-06-30,300ETF,Spot ETF,icw,0.1711,1.6,0.0,0,0.003271,0.0,0.0,0.0,0.036804
2025-07-01,300ETF,Spot ETF,icw,-0.7384,1.6,0.0,0,0.00201,0.0,0.0,0.0,0.036804
2025-07-02,300ETF,Spot ETF,icw,-0.6889,1.6,0.0,0,0.002258,0.0,0.0,0.0,0.036804
2025-07-03,300ETF,Spot ETF,icw,0.3339,1.6,0.0,0,0.002993,0.0,0.0,0.0,0.036804
2025-07-04,300ETF,Spot ETF,icw,-0.5179,1.6,0.0,0,0.003234,0.0,0.0,0.0,0.036804
2025-07-07,300ETF,Spot ETF,icw,-1.1723,1.6,0.0,0,0.000498,0.0,0.0,0.0,0.036804
2025-07-08,300ETF,Spot ETF,icw,0.4027,1.6,0.0,0,0.005691,0.0,0.0,0.0,0.036804
2025-07-09,300ETF,Spot ETF,icw,0.1124,1.6,0.0,0,-0.000247,0.0,0.0,0.0,0.036804
2025-07-10,300ETF,Spot ETF,icw,0.2986,1.6,0.0,0,0.004437,0.0,0.0,0.0,0.036804
2025-07-11,300ETF,Spot ETF,icw,0.5345,1.6,0.0,0,0.001711,0.0,0.0,0.0,0.036804
2025-07-14,300ETF,Spot ETF,icw,0.2267,1.6,0.0,0,0.000979,0.0,0.0,0.0,0.036804
2025-07-15,300ETF,Spot ETF,icw,0.8154,1.6,0.0,0,-0.003912,0.0,0.0,0.0,0.036804
2025-07-16,300ETF,Spot ETF,icw,-0.509,1.6,0.0,0,-0.005148,0.0,0.0,0.0,0.036804
2025-07-17,300ETF,Spot ETF,icw,0.9739,1.6,0.0,0,0.003912,0.0,0.0,0.0,0.036804
2025-07-18,300ETF,Spot ETF,icw,0.7773,1.6,0.0,0,-0.001697,0.0,0.0,0.0,0.036804
2025-07-21,300ETF,Spot ETF,icw,-0.2818,1.6,0.0,0,0.002649,0.0,0.0,0.0,0.036804
2025-07-22,300ETF,Spot ETF,icw,0.3719,1.6,0.0,0,0.009102,0.0,0.0,0.0,0.036804
2025-07-23,300ETF,Spot ETF,icw,0.0335,1.6,0.0,0,-0.003567,0.0,0.0,0.0,0.036804
2025-07-24,300ETF,Spot ETF,icw,0.5284,1.6,0.0,0,0.005932,0.0,0.0,0.0,0.036804
2025-07-25,300ETF,Spot ETF,icw,-0.5684,1.6,0.0,0,-0.002137,0.0,0.0,0.0,0.036804
2025-07-28,300ETF,Spot ETF,icw,-0.6109,1.6,0.0,0,-0.000712,0.0,0.0,0.0,0.036804
2025-07-29,300ETF,Spot ETF,icw,0.223,1.6,0.0,0,0.007836,0.0,0.0,0.0,0.036804
2025-07-30,300ETF,Spot ETF,icw,0.2616,1.6,0.0,0,-0.001888,0.0,0.0,0.0,0.036804
2025-07-31,300ETF,Spot ETF,icw,-1.1185,1.6,0.0,0,-0.008889,0.0,0.0,0.0,0.036804
2025-08-01,300ETF,Spot ETF,icw,0.2719,1.6,0.0,0,-0.00531,0.0,0.0,0.0,0.036804
2025-08-04,300ETF,Spot ETF,icw,0.8541,1.6,0.0,0,0.002656,0.0,0.0,0.0,0.036804
2025-08-05,300ETF,Spot ETF,icw,-0.069,1.6,0.0,0,0.005518,0.0,0.0,0.0,0.036804
2025-08-06,300ETF,Spot ETF,icw,0.3546,1.6,0.0,0,0.002387,0.0,0.0,0.0,0.036804
2025-08-07,300ETF,Spot ETF,icw,0.1282,1.6,0.0,0,-0.000477,0.0,0.0,0.0,0.036804
2025-08-08,300ETF,Spot ETF,icw,-0.4489,1.6,0.0,0,0.001913,0.0,0.0,0.0,0.036804
2025-08-11,300ETF,Spot ETF,icw,-0.4897,1.6,0.0,0,0.001665,0.0,0.0,0.0,0.036804
2025-08-12,300ETF,Spot ETF,icw,0.2974,1.6,0.0,0,0.00071,0.0,0.0,0.0,0.036804
2025-08-13,300ETF,Spot ETF,icw,0.5566,1.6,0.0,0,0.001885,0.0,0.0,0.0,0.036804
2025-08-14,300ETF,Spot ETF,icw,1.1085,1.6,0.0,0,-0.002806,0.0,0.0,0.0,0.036804
2025-08-15,300ETF,Spot ETF,icw,0.3224,1.6,0.0,0,0.004679,0.0,0.0,0.0,0.036804
2025-08-18,300ETF,Spot ETF,icw,-0.3307,1.6,0.0,0,0.003473,0.0,0.0,0.0,0.036804
2025-08-19,300ETF,Spot ETF,icw,1.1313,1.6,0.0,0,-0.005091,0.0,0.0,0.0,0.036804
2025-08-20,300ETF,Spot ETF,icw,0.203,1.6,0.0,0,0.007394,0.0,0.0,0.0,0.036804
2025-08-21,300ETF,Spot ETF,icw,0.3682,1.6,0.0,0,0.000459,0.0,0.0,0.0,0.036804
2025-08-22,300ETF,Spot ETF,icw,1.2149,1.6,0.0,0,0.014431,0.0,0.0,0.0,0.036804
2025-08-25,300ETF,Spot ETF,icw,1.0482,1.6,0.0,0,0.007066,0.0,0.0,0.0,0.036804
2025-08-26,300ETF,Spot ETF,icw,-0.6877,1.6,0.0,0,0.002637,0.0,0.0,0.0,0.036804
2025-08-27,300ETF,Spot ETF,icw,0.3798,1.6,0.0,0,-0.003751,0.0,0.0,0.0,0.036804
2025-08-28,300ETF,Spot ETF,icw,1.1291,1.6,0.0,0,0.010664,0.0,0.0,0.0,0.036804
2025-08-29,300ETF,Spot ETF,icw,1.0423,1.6,0.0,0,0.00218,0.0,0.0,0.0,0.036804
2025-09-01,300ETF,Spot ETF,icw,-0.7659,1.6,0.0,0,0.005865,0.0,0.0,0.0,0.036804
2025-09-02,300ETF,Spot ETF,icw,0.7993,1.6,0.0,0,-0.008701,0.0,0.0,0.0,0.036804
2025-09-03,300ETF,Spot ETF,icw,-0.4134,1.6,0.0,0,-0.003286,0.0,0.0,0.0,0.036804
2025-09-04,300ETF,Spot ETF,icw,-0.5419,1.6,0.0,0,-0.018604,0.0,0.0,0.0,0.036804
2025-09-05,300ETF,Spot ETF,icw,0.1695,1.6,0.0,0,0.014838,0.0,0.0,0.0,0.036804
2025-09-08,300ETF,Spot ETF,icw,0.5464,1.6,0.0,0,0.001315,0.0,0.0,0.0,0.036804
2025-09-09,300ETF,Spot ETF,icw,0.5726,1.6,0.0,0,-0.009911,0.0,0.0,0.0,0.036804
2025-09-10,300ETF,Spot ETF,icw,0.54,1.6,0.0,0,0.001101,0.0,0.0,0.0,0.036804
2025-09-11,300ETF,Spot ETF,icw,0.225,1.6,0.0,0,0.020453,0.0,0.0,0.0,0.036804
2025-09-12,300ETF,Spot ETF,icw,0.4601,1.6,0.0,0,-0.006036,0.0,0.0,0.0,0.036804
2025-09-15,300ETF,Spot ETF,icw,0.4288,1.6,0.0,0,-0.001294,0.0,0.0,0.0,0.036804
2025-09-16,300ETF,Spot ETF,icw,-0.0363,1.6,0.0,0,-0.003031,0.0,0.0,0.0,0.036804
2025-09-17,300ETF,Spot ETF,icw,0.1411,1.6,0.0,0,0.005182,0.0,0.0,0.0,0.036804
2025-09-18,300ETF,Spot ETF,icw,-0.4303,1.6,0.0,0,-0.013656,0.0,0.0,0.0,0.036804
2025-09-19,300ETF,Spot ETF,icw,0.4606,1.6,0.0,0,0.002821,0.0,0.0,0.0,0.036804
2025-09-22,300ETF,Spot ETF,icw,-1.0748,1.6,0.0,0,0.006304,0.0,0.0,0.0,0.036804
2025-09-23,300ETF,Spot ETF,icw,-0.013,1.6,0.0,0,-0.008239,0.0,0.0,0.0,0.036804
2025-09-24,300ETF,Spot ETF,icw,1.0843,1.6,0.0,0,0.004742,0.0,0.0,0.0,0.036804
2025-09-25,300ETF,Spot ETF,icw,0.3461,1.6,0.0,0,0.010031,0.0,0.0,0.0,0.036804
2025-09-26,300ETF,Spot ETF,icw,0.4325,1.6,0.0,0,-0.005567,0.0,0.0,0.0,0.036804
2025-09-29,300ETF,Spot ETF,icw,-0.0087,1.6,0.0,0,0.01515,0.0,0.0,0.0,0.036804
2025-09-30,300ETF,Spot ETF,icw,0.2102,1.6,0.0,0,0.000632,0.0,0.0,0.0,0.036804
2025-10-09,300ETF,Spot ETF,icw,0.3263,1.6,0.0,0,0.010646,0.0,0.0,0.0,0.036804
2025-10-10,300ETF,Spot ETF,icw,-0.4694,1.6,0.0,0,-0.010323,0.0,0.0,0.0,0.036804
2025-10-13,300ETF,Spot ETF,icw,1.3648,1.6,0.0,0,0.011125,0.0,0.0,0.0,0.036804
2025-10-14,300ETF,Spot ETF,icw,-0.188,1.6,0.0,0,-0.0188,0.0,0.0,0.0,0.036804
2025-10-15,300ETF,Spot ETF,icw,-0.4303,1.6,0.0,0,0.010688,0.0,0.0,0.0,0.036804
2025-10-16,300ETF,Spot ETF,icw,1.2085,1.6,0.0,0,-0.001483,0.0,0.0,0.0,0.036804
2025-10-17,300ETF,Spot ETF,icw,-0.3703,1.6,0.0,0,-0.010762,0.0,0.0,0.0,0.036804
2025-10-20,300ETF,Spot ETF,icw,-0.4774,1.6,0.0,0,-0.007105,0.0,0.0,0.0,0.036804
2025-10-21,300ETF,Spot ETF,icw,0.8412,1.6,0.0,0,0.004469,0.0,0.0,0.0,0.036804
2025-10-22,300ETF,Spot ETF,icw,-0.2223,1.6,0.0,0,0.001918,0.0,0.0,0.0,0.036804
2025-10-23,300ETF,Spot ETF,icw,-0.2485,1.6,0.0,0,0.009404,0.0,0.0,0.0,0.036804
2025-10-24,300ETF,Spot ETF,icw,0.8416,1.6,0.0,0,0.005895,0.0,0.0,0.0,0.036804
2025-10-27,300ETF,Spot ETF,icw,-0.124,1.6,0.0,0,0.00166,0.0,0.0,0.0,0.036804
2025-10-28,300ETF,Spot ETF,icw,-0.5625,1.6,0.0,0,-0.002285,0.0,0.0,0.0,0.036804
2025-10-29,300ETF,Spot ETF,icw,0.4744,1.6,0.0,0,0.006822,0.0,0.0,0.0,0.036804
2025-10-30,300ETF,Spot ETF,icw,0.2332,1.6,0.0,0,-0.003717,0.0,0.0,0.0,0.036804
2025-10-31,300ETF,Spot ETF,icw,-0.7951,1.6,0.0,0,-0.007321,0.0,0.0,0.0,0.036804
2025-11-03,300ETF,Spot ETF,icw,-0.5043,1.6,0.0,0,0.007173,0.0,0.0,0.0,0.036804
2025-11-04,300ETF,Spot ETF,icw,0.3967,1.6,0.0,0,-0.00866,0.0,0.0,0.0,0.036804
2025-11-05,300ETF,Spot ETF,icw,-0.0324,1.6,0.0,0,0.010806,0.0,0.0,0.0,0.036804
2025-11-06,300ETF,Spot ETF,icw,1.1853,1.6,0.0,0,0.00585,0.0,0.0,0.0,0.036804
2025-11-07,300ETF,Spot ETF,icw,-0.1678,1.6,0.0,0,0.000834,0.0,0.0,0.0,0.036804
2025-11-10,300ETF,Spot ETF,icw,-0.5395,1.6,0.0,0,0.006892,0.0,0.0,0.0,0.036804
2025-11-11,300ETF,Spot ETF,icw,-0.8369,1.6,0.0,0,-0.006272,0.0,0.0,0.0,0.036804
2025-11-12,300ETF,Spot ETF,icw,-0.1619,1.6,0.0,0,-0.001049,0.0,0.0,0.0,0.036804
2025-11-13,300ETF,Spot ETF,icw,0.2609,1.6,0.0,0,0.007097,0.0,0.0,0.0,0.036804
2025-11-14,300ETF,Spot ETF,icw,-0.1145,1.6,0.0,0,-0.00335,0.0,0.0,0.0,0.036804
2025-11-17,300ETF,Spot ETF,icw,-0.3833,1.6,0.0,0,0.000425,0.0,0.0,0.0,0.036804
2025-11-18,300ETF,Spot ETF,icw,0.1317,1.6,0.0,0,-0.003204,0.0,0.0,0.0,0.036804
2025-11-19,300ETF,Spot ETF,icw,0.8605,1.6,0.0,0,0.002126,0.0,0.0,0.0,0.036804
2025-11-20,300ETF,Spot ETF,icw,-0.8499,1.6,0.0,0,-0.005745,0.0,0.0,0.0,0.036804
2025-11-21,300ETF,Spot ETF,icw,-0.6083,1.6,0.0,0,-0.007611,0.0,0.0,0.0,0.036804
2025-11-24,300ETF,Spot ETF,icw,-0.9313,1.6,0.0,0,0.002629,0.0,0.0,0.0,0.036804
2025-11-25,300ETF,Spot ETF,icw,-0.5146,1.6,0.0,0,0.000871,0.0,0.0,0.0,0.036804
2025-11-26,300ETF,Spot ETF,icw,0.3476,1.6,0.0,0,0.001297,0.0,0.0,0.0,0.036804
2025-11-27,300ETF,Spot ETF,icw,1.1099,1.6,0.0,0,-0.007958,0.0,0.0,0.0,0.036804
2025-11-28,300ETF,Spot ETF,icw,-0.5681,1.6,0.0,0,0.006061,0.0,0.0,0.0,0.036804
2025-12-01,300ETF,Spot ETF,icw,0.2871,1.6,0.0,0,0.003425,0.0,0.0,0.0,0.036804
2025-12-02,300ETF,Spot ETF,icw,-0.9164,1.6,0.0,0,-0.003854,0.0,0.0,0.0,0.036804
2025-12-03,300ETF,Spot ETF,icw,0.1999,1.6,0.0,0,-0.004939,0.0,0.0,0.0,0.036804
2025-12-04,300ETF,Spot ETF,icw,0.2686,1.6,0.0,0,0.005601,0.0,0.0,0.0,0.036804
2025-12-05,300ETF,Spot ETF,icw,-0.3138,1.6,0.0,0,0.007267,0.0,0.0,0.0,0.036804
2025-12-08,300ETF,Spot ETF,icw,0.4427,1.6,0.0,0,0.005714,0.0,0.0,0.0,0.036804
2025-12-09,300ETF,Spot ETF,icw,-0.2739,1.6,0.0,0,-0.00678,0.0,0.0,0.0,0.036804
2025-12-10,300ETF,Spot ETF,icw,-1.3969,1.6,0.0,0,0.008536,0.0,0.0,0.0,0.036804
2025-12-11,300ETF,Spot ETF,icw,0.5434,1.6,0.0,0,-0.007877,0.0,0.0,0.0,0.036804
2025-12-12,300ETF,Spot ETF,icw,-1.0315,1.6,0.0,0,0.006838,0.0,0.0,0.0,0.036804
2025-12-15,300ETF,Spot ETF,icw,0.9347,1.6,0.0,0,-0.005761,0.0,0.0,0.0,0.036804
2025-12-16,300ETF,Spot ETF,icw,-0.4582,1.6,0.0,0,-0.004103,0.0,0.0,0.0,0.036804
2025-12-17,300ETF,Spot ETF,icw,0.6788,1.6,0.0,0,0.016721,0.0,0.0,0.0,0.036804
2025-12-18,300ETF,Spot ETF,icw,-0.4468,1.6,0.0,0,-0.001709,0.0,0.0,0.0,0.036804
2025-12-19,300ETF,Spot ETF,icw,-0.9327,1.6,0.0,0,0.001708,0.0,0.0,0.0,0.036804
2025-12-22,300ETF,Spot ETF,icw,0.7312,1.6,0.0,0,0.0,0.0,0.0,0.0,0.036804
2025-12-23,300ETF,Spot ETF,icw,-0.5879,1.6,0.0,0,-0.001901,0.0,0.0,0.0,0.036804
2025-12-24,300ETF,Spot ETF,icw,-0.6965,1.6,0.0,0,0.003793,0.0,0.0,0.0,0.036804
2025-12-25,300ETF,Spot ETF,icw,-0.0614,1.6,0.0,0,0.003992,0.0,0.0,0.0,0.036804
2025-12-26,300ETF,Spot ETF,icw,0.5305,1.6,0.0,0,-0.002091,0.0,0.0,0.0,0.036804
2025-12-29,300ETF,Spot ETF,icw,-0.6152,1.6,0.0,0,-0.004408,0.0,0.0,0.0,0.036804
2025-12-30,300ETF,Spot ETF,icw,0.7895,1.6,0.0,0,0.001257,0.0,0.0,0.0,0.036804
2025-12-31,300ETF,Spot ETF,icw,-0.9756,1.6,0.0,0,-0.005252,0.0,0.0,0.0,0.036804
2024-01-02,500ETF,Spot ETF,icw,-0.5012,1.1,0.0,0,0.0,0.0,0.0,0.0,0.0
2024-01-03,500ETF,Spot ETF,icw,0.9942,1.1,0.0,0,-0.002728,0.0,0.0,0.0,0.0
2024-01-04,500ETF,Spot ETF,icw,-1.5429,1.1,-0.6135,1,-0.002936,0.002247,0.000982,0.001265,0.001265
2024-01-05,500ETF,Spot ETF,icw,0.4554,1.1,0.0,0,-0.015722,0.0,0.0,0.0,0.001265
2024-01-08,500ETF,Spot ETF,icw,-1.7197,1.1,-1.0,1,-0.010578,0.01108,0.0016,0.00948,0.010745
2024-01-09,500ETF,Spot ETF,icw,-0.1299,1.1,0.0,0,0.001518,0.0,0.0,0.0,0.010745
2024-01-10,500ETF,Spot ETF,icw,-1.1297,1.1,0.0,0,-0.002284,0.0,0.0,0.0,0.010745
2024-01-11,500ETF,Spot ETF,icw,0.3988,1.1,0.0,0,0.010614,0.0,0.0,0.0,0.010745
2024-01-12,500ETF,Spot ETF,icw,1.0605,1.1,0.0,0,-0.002445,0.0,0.0,0.0,0.010745
2024-01-15,500ETF,Spot ETF,icw,-0.2746,1.1,0.0,0,0.001703,0.0,0.0,0.0,0.010745
2024-01-16,500ETF,Spot ETF,icw,0.0208,1.1,0.0,0,-0.007599,0.0,0.0,0.0,0.010745
2024-01-17,500ETF,Spot ETF,icw,-1.2224,1.1,0.0,0,-0.011113,0.0,0.0,0.0,0.010745
2024-01-18,500ETF,Spot ETF,icw,-0.8529,1.1,0.0,0,-0.004717,0.0,0.0,0.0,0.010745
2024-01-19,500ETF,Spot ETF,icw,0.6062,1.1,0.0,0,-0.008577,0.0,0.0,0.0,0.010745
2024-01-22,500ETF,Spot ETF,icw,-1.7653,1.1,-1.0,1,-0.032222,0.0319,0.0016,0.0303,0.041045
2024-01-23,500ETF,Spot ETF,icw,-0.555,1.1,0.0,0,0.015873,0.0,0.0,0.0,0.041045
2024-01-24,500ETF,Spot ETF,icw,0.1918,1.1,0.0,0,0.008648,0.0,0.0,0.0,0.041045
2024-01-25,500ETF,Spot ETF,icw,0.4791,1.1,0.0,0,0.023147,0.0,0.0,0.0,0.041045
2024-01-26,500ETF,Spot ETF,icw,0.0565,1.1,0.0,0,-0.006058,0.0,0.0,0.0,0.041045
2024-01-29,500ETF,Spot ETF,icw,-1.2623,1.1,0.0,0,-0.0067,0.0,0.0,0.0,0.041045
2024-01-30,500ETF,Spot ETF,icw,0.4576,1.1,0.0,0,-0.016323,0.0,0.0,0.0,0.041045
2024-01-31,500ETF,Spot ETF,icw,0.4453,1.1,0.0,0,-0.012858,0.0,0.0,0.0,0.041045
2024-02-01,500ETF,Spot ETF,icw,-0.0075,1.1,0.0,0,0.01181,0.0,0.0,0.0,0.041045
2024-02-02,500ETF,Spot ETF,icw,0.5004,1.1,0.0,0,-0.024021,0.0,0.0,0.0,0.041045
2024-02-05,500ETF,Spot ETF,icw,-2.0389,1.1,-1.0,1,0.020384,0.010188,0.0016,0.008588,0.049633
2024-02-06,500ETF,Spot ETF,icw,1.9784,1.1,1.0,1,0.045314,0.04388,0.0016,0.04228,0.091914
2024-02-07,500ETF,Spot ETF,icw,2.1896,1.1,1.0,1,0.008381,0.010394,0.0016,0.008794,0.100708
2024-02-08,500ETF,Spot ETF,icw,1.8354,1.1,1.0,1,-0.028245,-0.00705,0.0016,-0.00865,0.092058
2024-02-19,500ETF,Spot ETF,icw,-1.522,1.1,-0.5827,1,-0.008051,0.004451,0.000932,0.003519,0.095578
2024-02-20,500ETF,Spot ETF,icw,-0.4955,1.1,0.0,0,0.007312,0.0,0.0,0.0,0.095578
2024-02-21,500ETF,Spot ETF,icw,0.2233,1.1,0.0,0,0.007661,0.0,0.0,0.0,0.095578
2024-02-22,500ETF,Spot ETF,icw,1.2413,1.1,0.6109,1,-0.001907,-0.001744,0.000977,-0.002721,0.092856
2024-02-23,500ETF,Spot ETF,icw,-0.8412,1.1,0.0,0,0.006279,0.0,0.0,0.0,0.092856
2024-02-26,500ETF,Spot ETF,icw,-0.3873,1.1,0.0,0,0.004739,0.0,0.0,0.0,0.092856
2024-02-27,500ETF,Spot ETF,icw,0.6442,1.1,0.0,0,0.018783,0.0,0.0,0.0,0.092856
2024-02-28,500ETF,Spot ETF,icw,1.4231,1.1,1.0,1,-0.018105,-0.019765,0.0016,-0.021365,0.071492
2024-02-29,500ETF,Spot ETF,icw,2.1691,1.1,1.0,1,0.011339,0.011404,0.0016,0.009804,0.081296
2024-03-01,500ETF,Spot ETF,icw,0.1153,1.1,0.0,0,0.003488,0.0,0.0,0.0,0.081296
2024-03-04,500ETF,Spot ETF,icw,-0.6175,1.1,0.0,0,0.003665,0.0,0.0,0.0,0.081296
2024-03-05,500ETF,Spot ETF,icw,0.4654,1.1,0.0,0,-0.002014,0.0,0.0,0.0,0.081296
2024-03-06,500ETF,Spot ETF,icw,-0.0014,1.1,0.0,0,0.004055,0.0,0.0,0.0,0.081296
2024-03-07,500ETF,Spot ETF,icw,0.9288,1.1,0.0,0,-0.015135,0.0,0.0,0.0,0.081296
2024-03-08,500ETF,Spot ETF,icw,1.0246,1.1,0.0,0,0.008305,0.0,0.0,0.0,0.081296
2024-03-11,500ETF,Spot ETF,icw,0.9248,1.1,0.0,0,0.010959,0.0,0.0,0.0,0.081296
2024-03-12,500ETF,Spot ETF,icw,0.5167,1.1,0.0,0,-0.009588,0.0,0.0,0.0,0.081296
2024-03-13,500ETF,Spot ETF,icw,-1.0333,1.1,0.0,0,0.000546,0.0,0.0,0.0,0.081296
2024-03-14,500ETF,Spot ETF,icw,0.9833,1.1,0.0,0,-0.008918,0.0,0.0,0.0,0.081296
2024-03-15,500ETF,Spot ETF,icw,0.0534,1.1,0.0,0,0.011651,0.0,0.0,0.0,0.081296
2024-03-18,500ETF,Spot ETF,icw,0.5144,1.1,0.0,0,0.005373,0.0,0.0,0.0,0.081296
2024-03-19,500ETF,Spot ETF,icw,0.1089,1.1,0.0,0,-0.006265,0.0,0.0,0.0,0.081296
2024-03-20,500ETF,Spot ETF,icw,0.8415,1.1,0.0,0,-0.001256,0.0,0.0,0.0,0.081296
2024-03-21,500ETF,Spot ETF,icw,-0.1031,1.1,0.0,0,-0.0043,0.0,0.0,0.0,0.081296
2024-03-22,500ETF,Spot ETF,icw,-1.5782,1.1,-0.6764,1,-0.003466,0.00283,0.001082,0.001748,0.083044
2024-03-25,500ETF,Spot ETF,icw,-0.9278,1.1,0.0,0,-0.002579,0.0,0.0,0.0,0.083044
2024-03-26,500ETF,Spot ETF,icw,0.6293,1.1,0.0,0,-0.003535,0.0,0.0,0.0,0.083044
2024-03-27,500ETF,Spot ETF,icw,-1.6644,1.1,-0.8885,1,-0.007358,0.006016,0.001422,0.004594,0.087638
2024-03-28,500ETF,Spot ETF,icw,1.2254,1.1,0.5874,1,0.002465,0.001226,0.00094,0.000286,0.087925
2024-03-29,500ETF,Spot ETF,icw,0.9936,1.1,0.0,0,0.005434,0.0,0.0,0.0,0.087925
2024-04-01,500ETF,Spot ETF,icw,1.3593,1.1,0.8737,1,0.004758,0.005456,0.001398,0.004059,0.091983
2024-04-02,500ETF,Spot ETF,icw,-0.5561,1.1,0.0,0,-0.002931,0.0,0.0,0.0,0.091983
2024-04-03,500ETF,Spot ETF,icw,-0.5338,1.1,0.0,0,0.001468,0.0,0.0,0.0,0.091983
2024-04-08,500ETF,Spot ETF,icw,-0.7262,1.1,0.0,0,-0.006836,0.0,0.0,0.0,0.091983
2024-04-09,500ETF,Spot ETF,icw,0.4326,1.1,0.0,0,0.007784,0.0,0.0,0.0,0.091983
2024-04-10,500ETF,Spot ETF,icw,-1.189,1.1,0.0,0,-0.005757,0.0,0.0,0.0,0.091983
2024-04-11,500ETF,Spot ETF,icw,1.0711,1.1,0.0,0,0.006137,0.0,0.0,0.0,0.091983
2024-04-12,500ETF,Spot ETF,icw,0.008,1.1,0.0,0,-0.002604,0.0,0.0,0.0,0.091983
2024-04-15,500ETF,Spot ETF,icw,0.2589,1.1,0.0,0,0.007082,0.0,0.0,0.0,0.091983
2024-04-16,500ETF,Spot ETF,icw,0.198,1.1,0.0,0,-0.014083,0.0,0.0,0.0,0.091983
2024-04-17,500ETF,Spot ETF,icw,1.9482,1.1,1.0,1,0.005387,0.005589,0.0016,0.003989,0.095972
2024-04-18,500ETF,Spot ETF,icw,-0.2227,1.1,0.0,0,0.006449,0.0,0.0,0.0,0.095972
2024-04-19,500ETF,Spot ETF,icw,1.3265,1.1,0.7851,1,-0.008876,-0.007224,0.001256,-0.00848,0.087492
2024-04-22,500ETF,Spot ETF,icw,-0.1486,1.1,0.0,0,-0.012256,0.0,0.0,0.0,0.087492
2024-04-23,500ETF,Spot ETF,icw,-0.5324,1.1,0.0,0,-0.003579,0.0,0.0,0.0,0.087492
2024-04-24,500ETF,Spot ETF,icw,-0.5316,1.1,0.0,0,0.008674,0.0,0.0,0.0,0.087492
2024-04-25,500ETF,Spot ETF,icw,0.1267,1.1,0.0,0,0.001686,0.0,0.0,0.0,0.087492
2024-04-26,500ETF,Spot ETF,icw,1.2278,1.1,0.5908,1,0.01641,0.009664,0.000945,0.008718,0.09621
2024-04-29,500ETF,Spot ETF,icw,1.3497,1.1,0.8464,1,0.01388,0.012142,0.001354,0.010788,0.106998
2024-04-30,500ETF,Spot ETF,icw,-0.8239,1.1,0.0,0,-0.001982,0.0,0.0,0.0,0.106998
2024-05-06,500ETF,Spot ETF,icw,0.5114,1.1,0.0,0,0.000356,0.0,0.0,0.0,0.106998
2024-05-07,500ETF,Spot ETF,icw,0.1712,1.1,0.0,0,-0.004274,0.0,0.0,0.0,0.106998
2024-05-08,500ETF,Spot ETF,icw,-1.4614,1.1,-0.5209,1,-0.005393,0.002895,0.000833,0.002061,0.109059
2024-05-09,500ETF,Spot ETF,icw,1.8758,1.1,1.0,1,0.00284,0.003736,0.0016,0.002136,0.111195
2024-05-10,500ETF,Spot ETF,icw,-1.6118,1.1,-0.7493,1,0.005883,-0.004017,0.001199,-0.005216,0.105979
2024-05-13,500ETF,Spot ETF,icw,-1.2154,1.1,0.0,0,0.001257,0.0,0.0,0.0,0.105979
2024-05-14,500ETF,Spot ETF,icw,0.4393,1.1,0.0,0,0.000716,0.0,0.0,0.0,0.105979
2024-05-15,500ETF,Spot ETF,icw,-0.7373,1.1,0.0,0,-0.003773,0.0,0.0,0.0,0.105979
2024-05-16,500ETF,Spot ETF,icw,-0.1292,1.1,0.0,0,-0.009218,0.0,0.0,0.0,0.105979
2024-05-17,500ETF,Spot ETF,icw,0.6698,1.1,0.0,0,0.001464,0.0,0.0,0.0,0.105979
2024-05-20,500ETF,Spot ETF,icw,0.7929,1.1,0.0,0,-0.001991,0.0,0.0,0.0,0.105979
2024-05-21,500ETF,Spot ETF,icw,-1.0188,1.1,0.0,0,-0.001094,0.0,0.0,0.0,0.105979
2024-05-22,500ETF,Spot ETF,icw,0.2733,1.1,0.0,0,-0.002372,0.0,0.0,0.0,0.105979
2024-05-23,500ETF,Spot ETF,icw,-1.7908,1.1,-1.0,1,-0.006304,0.006101,0.0016,0.004501,0.11048
2024-05-24,500ETF,Spot ETF,icw,1.5553,1.1,1.0,1,-0.009871,-0.009088,0.0016,-0.010688,0.099793
2024-05-27,500ETF,Spot ETF,icw,-0.8352,1.1,0.0,0,0.008967,0.0,0.0,0.0,0.099793
2024-05-28,500ETF,Spot ETF,icw,-0.9588,1.1,0.0,0,-0.00561,0.0,0.0,0.0,0.099793
2024-05-29,500ETF,Spot ETF,icw,1.2132,1.1,0.5712,1,-0.004659,-0.002126,0.000914,-0.00304,0.096753
2024-05-30,500ETF,Spot ETF,icw,0.2753,1.1,0.0,0,-0.007098,0.0,0.0,0.0,0.096753
2024-05-31,500ETF,Spot ETF,icw,1.0969,1.1,0.0,0,-0.007647,0.0,0.0,0.0,0.096753
2024-06-03,500ETF,Spot ETF,icw,-0.4543,1.1,0.0,0,-0.012089,0.0,0.0,0.0,0.096753
2024-06-04,500ETF,Spot ETF,icw,0.3278,1.1,0.0,0,0.011981,0.0,0.0,0.0,0.096753
2024-06-05,500ETF,Spot ETF,icw,0.5615,1.1,0.0,0,-0.009168,0.0,0.0,0.0,0.096753
2024-06-06,500ETF,Spot ETF,icw,-0.1647,1.1,0.0,0,-0.012291,0.0,0.0,0.0,0.096753
2024-06-07,500ETF,Spot ETF,icw,-0.5247,1.1,0.0,0,-0.003992,0.0,0.0,0.0,0.096753
2024-06-11,500ETF,Spot ETF,icw,-0.6414,1.1,0.0,0,0.008977,0.0,0.0,0.0,0.096753
2024-06-12,500ETF,Spot ETF,icw,0.8091,1.1,0.0,0,0.000379,0.0,0.0,0.0,0.096753
2024-06-13,500ETF,Spot ETF,icw,-1.0903,1.1,0.0,0,-0.005147,0.0,0.0,0.0,0.096753
2024-06-14,500ETF,Spot ETF,icw,-0.5416,1.1,0.0,0,0.009145,0.0,0.0,0.0,0.096753
2024-06-17,500ETF,Spot ETF,icw,1.0645,1.1,0.0,0,-0.002851,0.0,0.0,0.0,0.096753
2024-06-18,500ETF,Spot ETF,icw,0.6558,1.1,0.0,0,-0.001138,0.0,0.0,0.0,0.096753
2024-06-19,500ETF,Spot ETF,icw,-1.6405,1.1,-0.8215,1,-0.005539,0.004693,0.001314,0.003379,0.100132
2024-06-20,500ETF,Spot ETF,icw,-0.0096,1.1,0.0,0,-0.011409,0.0,0.0,0.0,0.100132
2024-06-21,500ETF,Spot ETF,icw,0.526,1.1,0.0,0,-0.001356,0.0,0.0,0.0,0.100132
2024-06-24,500ETF,Spot ETF,icw,-0.673,1.1,0.0,0,-0.00727,0.0,0.0,0.0,0.100132
2024-06-25,500ETF,Spot ETF,icw,-0.0641,1.1,0.0,0,-0.009745,0.0,0.0,0.0,0.100132
2024-06-26,500ETF,Spot ETF,icw,-0.7349,1.1,0.0,0,0.018874,0.0,0.0,0.0,0.100132
2024-06-27,500ETF,Spot ETF,icw,-1.4797,1.1,-0.5353,1,-0.00399,0.002238,0.000856,0.001381,0.101513
2024-06-28,500ETF,Spot ETF,icw,1.9154,1.1,1.0,1,-0.011342,-0.010299,0.0016,-0.011899,0.089614
2024-07-01,500ETF,Spot ETF,icw,0.4379,1.1,0.0,0,0.008739,0.0,0.0,0.0,0.089614
2024-07-02,500ETF,Spot ETF,icw,-0.6798,1.1,0.0,0,-0.008573,0.0,0.0,0.0,0.089614
2024-07-03,500ETF,Spot ETF,icw,-0.7487,1.1,0.0,0,-0.004214,0.0,0.0,0.0,0.089614
2024-07-04,500ETF,Spot ETF,icw,0.0313,1.1,0.0,0,-0.011556,0.0,0.0,0.0,0.089614
2024-07-05,500ETF,Spot ETF,icw,-1.0124,1.1,0.0,0,0.010011,0.0,0.0,0.0,0.089614
2024-07-08,500ETF,Spot ETF,icw,-1.7699,1.1,-1.0,1,-0.004113,0.004717,0.0016,0.003117,0.092731
2024-07-09,500ETF,Spot ETF,icw,0.7217,1.1,0.0,0,0.017541,0.0,0.0,0.0,0.092731
2024-07-10,500ETF,Spot ETF,icw,0.4989,1.1,0.0,0,-0.007506,0.0,0.0,0.0,0.092731
2024-07-11,500ETF,Spot ETF,icw,-0.9365,1.1,0.0,0,0.007834,0.0,0.0,0.0,0.092731
2024-07-12,500ETF,Spot ETF,icw,-0.2996,1.1,0.0,0,-0.0002,0.0,0.0,0.0,0.092731
2024-07-15,500ETF,Spot ETF,icw,-1.0201,1.1,0.0,0,-0.004439,0.0,0.0,0.0,0.092731
2024-07-16,500ETF,Spot ETF,icw,0.0141,1.1,0.0,0,0.00202,0.0,0.0,0.0,0.092731
2024-07-17,500ETF,Spot ETF,icw,-1.4379,1.1,-0.508,1,0.001621,-0.000309,0.000813,-0.001122,0.09161
2024-07-18,500ETF,Spot ETF,icw,-0.5155,1.1,0.0,0,0.00935,0.0,0.0,0.0,0.09161
2024-07-19,500ETF,Spot ETF,icw,-0.2413,1.1,0.0,0,0.005274,0.0,0.0,0.0,0.09161
2024-07-22,500ETF,Spot ETF,icw,-0.3926,1.1,0.0,0,-0.001619,0.0,0.0,0.0,0.09161
2024-07-23,500ETF,Spot ETF,icw,-2.0194,1.1,-1.0,1,-0.015038,0.01573,0.0016,0.01413,0.10574
2024-07-24,500ETF,Spot ETF,icw,0.1688,1.1,0.0,0,-0.006929,0.0,0.0,0.0,0.10574
2024-07-25,500ETF,Spot ETF,icw,0.7006,1.1,0.0,0,-0.000212,0.0,0.0,0.0,0.10574
2024-07-26,500ETF,Spot ETF,icw,1.9913,1.1,1.0,1,-0.002708,-0.002704,0.0016,-0.004304,0.101436
2024-07-29,500ETF,Spot ETF,icw,-1.0918,1.1,0.0,0,-0.002298,0.0,0.0,0.0,0.101436
2024-07-30,500ETF,Spot ETF,icw,-1.8296,1.1,-1.0,1,0.01011,-0.00952,0.0016,-0.01112,0.090316
2024-07-31,500ETF,Spot ETF,icw,0.7887,1.1,0.0,0,0.022441,0.0,0.0,0.0,0.090316
2024-08-01,500ETF,Spot ETF,icw,0.08,1.1,0.0,0,-0.007271,0.0,0.0,0.0,0.090316
2024-08-02,500ETF,Spot ETF,icw,1.5717,1.1,1.0,1,-0.016307,-0.017168,0.0016,-0.018768,0.071547
2024-08-05,500ETF,Spot ETF,icw,1.3735,1.1,0.9157,1,-0.017623,-0.016127,0.001465,-0.017592,0.053955
2024-08-06,500ETF,Spot ETF,icw,-0.0953,1.1,0.0,0,-0.001661,0.0,0.0,0.0,0.053955
2024-08-07,500ETF,Spot ETF,icw,-0.252,1.1,0.0,0,0.000621,0.0,0.0,0.0,0.053955
2024-08-08,500ETF,Spot ETF,icw,-0.8448,1.1,0.0,0,0.01121,0.0,0.0,0.0,0.053955
2024-08-09,500ETF,Spot ETF,icw,0.308,1.1,0.0,0,-0.010567,0.0,0.0,0.0,0.053955
2024-08-12,500ETF,Spot ETF,icw,-0.2672,1.1,0.0,0,-0.003339,0.0,0.0,0.0,0.053955
2024-08-13,500ETF,Spot ETF,icw,-0.6251,1.1,0.0,0,-0.001256,0.0,0.0,0.0,0.053955
2024-08-14,500ETF,Spot ETF,icw,-1.9251,1.1,-1.0,1,0.0,0.00021,0.0016,-0.00139,0.052566
2024-08-15,500ETF,Spot ETF,icw,0.3635,1.1,0.0,0,0.003154,0.0,0.0,0.0,0.052566
2024-08-16,500ETF,Spot ETF,icw,-0.7388,1.1,0.0,0,-0.008609,0.0,0.0,0.0,0.052566
2024-08-19,500ETF,Spot ETF,icw,1.5433,1.1,1.0,1,-0.009826,-0.007506,0.0016,-0.009106,0.043459
2024-08-20,500ETF,Spot ETF,icw,-1.4663,1.1,-0.5244,1,-0.008743,0.005116,0.000839,0.004277,0.047737
2024-08-21,500ETF,Spot ETF,icw,0.5712,1.1,0.0,0,0.001073,0.0,0.0,0.0,0.047737
2024-08-22,500ETF,Spot ETF,icw,-0.8665,1.1,0.0,0,-0.007573,0.0,0.0,0.0,0.047737
2024-08-23,500ETF,Spot ETF,icw,0.561,1.1,0.0,0,0.002605,0.0,0.0,0.0,0.047737
2024-08-26,500ETF,Spot ETF,icw,-0.2106,1.1,0.0,0,-0.002166,0.0,0.0,0.0,0.047737
2024-08-27,500ETF,Spot ETF,icw,-1.1937,1.1,0.0,0,-0.002406,0.0,0.0,0.0,0.047737
2024-08-28,500ETF,Spot ETF,icw,0.4078,1.1,0.0,0,0.001968,0.0,0.0,0.0,0.047737
2024-08-29,500ETF,Spot ETF,icw,0.7626,1.1,0.0,0,0.014523,0.0,0.0,0.0,0.047737
2024-08-30,500ETF,Spot ETF,icw,1.2594,1.1,0.6412,1,0.004873,0.002995,0.001026,0.00197,0.049706
2024-09-02,500ETF,Spot ETF,icw,-0.9972,1.1,0.0,0,-0.010953,0.0,0.0,0.0,0.049706
2024-09-03,500ETF,Spot ETF,icw,1.6417,1.1,1.0,1,0.00236,0.002363,0.0016,0.000763,0.050469
2024-09-04,500ETF,Spot ETF,icw,0.0941,1.1,0.0,0,0.001718,0.0,0.0,0.0,0.050469
2024-09-05,500ETF,Spot ETF,icw,0.6125,1.1,0.0,0,0.000428,0.0,0.0,0.0,0.050469
2024-09-06,500ETF,Spot ETF,icw,-0.7893,1.1,0.0,0,-0.012468,0.0,0.0,0.0,0.050469
2024-09-09,500ETF,Spot ETF,icw,0.4083,1.1,0.0,0,-0.005239,0.0,0.0,0.0,0.050469
2024-09-10,500ETF,Spot ETF,icw,-1.4882,1.1,-0.5432,1,0.007451,-0.006315,0.000869,-0.007184,0.043285
2024-09-11,500ETF,Spot ETF,icw,0.3868,1.1,0.0,0,0.003059,0.0,0.0,0.0,0.043285
2024-09-12,500ETF,Spot ETF,icw,1.0119,1.1,0.0,0,-0.007831,0.0,0.0,0.0,0.043285
2024-09-13,500ETF,Spot ETF,icw,0.104,1.1,0.0,0,-0.012076,0.0,0.0,0.0,0.043285
2024-09-18,500ETF,Spot ETF,icw,-0.5321,1.1,0.0,0,0.006412,0.0,0.0,0.0,0.043285
2024-09-19,500ETF,Spot ETF,icw,-1.227,1.1,0.0,0,0.012474,0.0,0.0,0.0,0.043285
2024-09-20,500ETF,Spot ETF,icw,-1.2181,1.1,0.0,0,0.000439,0.0,0.0,0.0,0.043285
2024-09-23,500ETF,Spot ETF,icw,0.933,1.1,0.0,0,-0.007193,0.0,0.0,0.0,0.043285
2024-09-24,500ETF,Spot ETF,icw,0.2016,1.1,0.0,0,0.033176,0.0,0.0,0.0,0.043285
2024-09-25,500ETF,Spot ETF,icw,1.5129,1.1,1.0,1,-0.015453,-0.017342,0.0016,-0.018942,0.024343
2024-09-26,500ETF,Spot ETF,icw,0.8882,1.1,0.0,0,0.030253,0.0,0.0,0.0,0.024343
2024-09-27,500ETF,Spot ETF,icw,0.8357,1.1,0.0,0,0.047271,0.0,0.0,0.0,0.024343
2024-09-30,500ETF,Spot ETF,icw,0.3147,1.1,0.0,0,0.056831,0.0,0.0,0.0,0.024343
2024-10-08,500ETF,Spot ETF,icw,-2.4449,1.1,-1.0,1,-0.041617,0.052905,0.0016,0.051305,0.075648
2024-10-09,500ETF,Spot ETF,icw,-0.8409,1.1,0.0,0,-0.02211,0.0,0.0,0.0,0.075648
2024-10-10,500ETF,Spot ETF,icw,-0.6179,1.1,0.0,0,0.005165,0.0,0.0,0.0,0.075648
2024-10-11,500ETF,Spot ETF,icw,-1.3239,1.1,0.0,0,-0.026339,0.0,0.0,0.0,0.075648
2024-10-14,500ETF,Spot ETF,icw,-0.9754,1.1,0.0,0,0.022168,0.0,0.0,0.0,0.075648
2024-10-15,500ETF,Spot ETF,icw,0.0148,1.1,0.0,0,-0.015743,0.0,0.0,0.0,0.075648
2024-10-16,500ETF,Spot ETF,icw,1.8618,1.1,1.0,1,-0.011145,-0.009188,0.0016,-0.010788,0.064859
2024-10-17,500ETF,Spot ETF,icw,0.4169,1.1,0.0,0,-0.017223,0.0,0.0,0.0,0.064859
2024-10-18,500ETF,Spot ETF,icw,0.5972,1.1,0.0,0,0.064595,0.0,0.0,0.0,0.064859
2024-10-21,500ETF,Spot ETF,icw,0.0789,1.1,0.0,0,0.013006,0.0,0.0,0.0,0.064859
2024-10-22,500ETF,Spot ETF,icw,-0.4135,1.1,0.0,0,0.007051,0.0,0.0,0.0,0.064859
2024-10-23,500ETF,Spot ETF,icw,0.4343,1.1,0.0,0,0.000511,0.0,0.0,0.0,0.064859
2024-10-24,500ETF,Spot ETF,icw,-0.6743,1.1,0.0,0,0.001896,0.0,0.0,0.0,0.064859
2024-10-25,500ETF,Spot ETF,icw,0.8612,1.1,0.0,0,0.011057,0.0,0.0,0.0,0.064859
2024-10-28,500ETF,Spot ETF,icw,-0.422,1.1,0.0,0,0.007751,0.0,0.0,0.0,0.064859
2024-10-29,500ETF,Spot ETF,icw,-0.9319,1.1,0.0,0,-0.006559,0.0,0.0,0.0,0.064859
2024-10-30,500ETF,Spot ETF,icw,1.4871,1.1,1.0,1,-0.006737,-0.006715,0.0016,-0.008315,0.056544
2024-10-31,500ETF,Spot ETF,icw,-0.2633,1.1,0.0,0,0.012699,0.0,0.0,0.0,0.056544
2024-11-01,500ETF,Spot ETF,icw,0.279,1.1,0.0,0,-0.004516,0.0,0.0,0.0,0.056544
2024-11-04,500ETF,Spot ETF,icw,1.2165,1.1,0.5754,1,0.004343,0.002118,0.000921,0.001197,0.057742
2024-11-05,500ETF,Spot ETF,icw,0.9036,1.1,0.0,0,0.021754,0.0,0.0,0.0,0.057742
2024-11-06,500ETF,Spot ETF,icw,0.5112,1.1,0.0,0,-0.004161,0.0,0.0,0.0,0.057742
2024-11-07,500ETF,Spot ETF,icw,1.0145,1.1,0.0,0,0.016279,0.0,0.0,0.0,0.057742
2024-11-08,500ETF,Spot ETF,icw,-0.2341,1.1,0.0,0,-0.010981,0.0,0.0,0.0,0.057742
2024-11-11,500ETF,Spot ETF,icw,1.303,1.1,0.7289,1,0.00704,0.00538,0.001166,0.004213,0.061955
2024-11-12,500ETF,Spot ETF,icw,0.6567,1.1,0.0,0,-0.024049,0.0,0.0,0.0,0.061955
2024-11-13,500ETF,Spot ETF,icw,0.6075,1.1,0.0,0,0.0,0.0,0.0,0.0,0.061955
2024-11-14,500ETF,Spot ETF,icw,-0.9162,1.1,0.0,0,-0.018384,0.0,0.0,0.0,0.061955
2024-11-15,500ETF,Spot ETF,icw,-0.1436,1.1,0.0,0,-0.012768,0.0,0.0,0.0,0.061955
2024-11-18,500ETF,Spot ETF,icw,-1.3213,1.1,0.0,0,-0.008403,0.0,0.0,0.0,0.061955
2024-11-19,500ETF,Spot ETF,icw,1.3599,1.1,0.8751,1,0.006012,0.005277,0.0014,0.003877,0.065832
2024-11-20,500ETF,Spot ETF,icw,0.5541,1.1,0.0,0,0.009913,0.0,0.0,0.0,0.065832
2024-11-21,500ETF,Spot ETF,icw,0.3104,1.1,0.0,0,-0.001648,0.0,0.0,0.0,0.065832
2024-11-22,500ETF,Spot ETF,icw,-0.3138,1.1,0.0,0,-0.021578,0.0,0.0,0.0,0.065832
2024-11-25,500ETF,Spot ETF,icw,-0.8287,1.1,0.0,0,-0.000172,0.0,0.0,0.0,0.065832
2024-11-26,500ETF,Spot ETF,icw,0.7514,1.1,0.0,0,-0.006887,0.0,0.0,0.0,0.065832
2024-11-27,500ETF,Spot ETF,icw,-1.0639,1.1,0.0,0,0.027423,0.0,0.0,0.0,0.065832
2024-11-28,500ETF,Spot ETF,icw,0.3583,1.1,0.0,0,-0.003233,0.0,0.0,0.0,0.065832
2024-11-29,500ETF,Spot ETF,icw,0.679,1.1,0.0,0,0.017973,0.0,0.0,0.0,0.065832
2024-12-02,500ETF,Spot ETF,icw,1.6733,1.1,1.0,1,0.001163,0.001331,0.0016,-0.000269,0.065563
2024-12-03,500ETF,Spot ETF,icw,-1.0093,1.1,0.0,0,0.004654,0.0,0.0,0.0,0.065563
2024-12-04,500ETF,Spot ETF,icw,-1.3637,1.1,0.0,0,-0.006689,0.0,0.0,0.0,0.065563
2024-12-05,500ETF,Spot ETF,icw,0.6452,1.1,0.0,0,0.005024,0.0,0.0,0.0,0.065563
2024-12-06,500ETF,Spot ETF,icw,-0.3948,1.1,0.0,0,0.019219,0.0,0.0,0.0,0.065563
2024-12-09,500ETF,Spot ETF,icw,-0.2481,1.1,0.0,0,-0.002149,0.0,0.0,0.0,0.065563
2024-12-10,500ETF,Spot ETF,icw,-1.9383,1.1,-1.0,1,-0.010111,0.008773,0.0016,0.007173,0.072736
2024-12-11,500ETF,Spot ETF,icw,1.0919,1.1,0.0,0,0.004729,0.0,0.0,0.0,0.072736
2024-12-12,500ETF,Spot ETF,icw,-0.4356,1.1,0.0,0,0.009239,0.0,0.0,0.0,0.072736
2024-12-13,500ETF,Spot ETF,icw,-1.6897,1.1,-0.9664,1,0.000656,-0.0,0.001546,-0.001546,0.07119
2024-12-16,500ETF,Spot ETF,icw,-0.9894,1.1,0.0,0,-0.009301,0.0,0.0,0.0,0.07119
2024-12-17,500ETF,Spot ETF,icw,-0.2331,1.1,0.0,0,-0.010894,0.0,0.0,0.0,0.07119
2024-12-18,500ETF,Spot ETF,icw,0.5059,1.1,0.0,0,0.000335,0.0,0.0,0.0,0.07119
2024-12-19,500ETF,Spot ETF,icw,0.4961,1.1,0.0,0,0.008542,0.0,0.0,0.0,0.07119
2024-12-20,500ETF,Spot ETF,icw,0.9776,1.1,0.0,0,-0.001165,0.0,0.0,0.0,0.07119
2024-12-23,500ETF,Spot ETF,icw,-0.4491,1.1,0.0,0,-0.012412,0.0,0.0,0.0,0.07119
2024-12-24,500ETF,Spot ETF,icw,1.1401,1.1,0.5089,1,0.000168,0.000256,0.000814,-0.000558,0.070632
2024-12-25,500ETF,Spot ETF,icw,-1.4587,1.1,-0.5191,1,-0.004727,0.002012,0.000831,0.001182,0.071814
2024-12-26,500ETF,Spot ETF,icw,1.344,1.1,0.8308,1,0.002511,0.000974,0.001329,-0.000356,0.071458
2024-12-27,500ETF,Spot ETF,icw,1.0236,1.1,0.0,0,-0.004664,0.0,0.0,0.0,0.071458
2024-12-30,500ETF,Spot ETF,icw,0.6516,1.1,0.0,0,-0.00183,0.0,0.0,0.0,0.071458
2024-12-31,500ETF,Spot ETF,icw,-1.8716,1.1,-1.0,1,-0.016169,0.016039,0.0016,0.014439,0.085897
2025-01-02,500ETF,Spot ETF,icw,-1.3807,1.1,0.0,0,-0.030734,0.0,0.0,0.0,0.085897
2025-01-03,500ETF,Spot ETF,icw,-0.674,1.1,0.0,0,-0.017245,0.0,0.0,0.0,0.085897
2025-01-06,500ETF,Spot ETF,icw,0.0961,1.1,0.0,0,-0.007459,0.0,0.0,0.0,0.085897
2025-01-07,500ETF,Spot ETF,icw,0.7668,1.1,0.0,0,0.005052,0.0,0.0,0.0,0.085897
2025-01-08,500ETF,Spot ETF,icw,-1.0387,1.1,0.0,0,0.003619,0.0,0.0,0.0,0.085897
2025-01-09,500ETF,Spot ETF,icw,1.1368,1.1,0.5075,1,0.00198,0.000183,0.000812,-0.000629,0.085268
2025-01-10,500ETF,Spot ETF,icw,0.478,1.1,0.0,0,-0.009248,0.0,0.0,0.0,0.085268
2025-01-13,500ETF,Spot ETF,icw,1.031,1.1,0.0,0,-0.001831,0.0,0.0,0.0,0.085268
2025-01-14,500ETF,Spot ETF,icw,0.8934,1.1,0.0,0,0.016654,0.0,0.0,0.0,0.085268
2025-01-15,500ETF,Spot ETF,icw,-1.1341,1.1,0.0,0,-0.002316,0.0,0.0,0.0,0.085268
2025-01-16,500ETF,Spot ETF,icw,1.4118,1.1,1.0,1,-0.009909,-0.010747,0.0016,-0.012347,0.072921
2025-01-17,500ETF,Spot ETF,icw,0.3908,1.1,0.0,0,0.011528,0.0,0.0,0.0,0.072921
2025-01-20,500ETF,Spot ETF,icw,0.3793,1.1,0.0,0,-0.008532,0.0,0.0,0.0,0.072921
2025-01-21,500ETF,Spot ETF,icw,-1.8756,1.1,-1.0,1,0.008036,-0.007346,0.0016,-0.008946,0.063974
2025-01-22,500ETF,Spot ETF,icw,-0.874,1.1,0.0,0,0.005016,0.0,0.0,0.0,0.063974
2025-01-23,500ETF,Spot ETF,icw,0.1256,1.1,0.0,0,-0.014182,0.0,0.0,0.0,0.063974
2025-01-24,500ETF,Spot ETF,icw,0.8761,1.1,0.0,0,0.006564,0.0,0.0,0.0,0.063974
2025-01-27,500ETF,Spot ETF,icw,-0.2574,1.1,0.0,0,-0.005335,0.0,0.0,0.0,0.063974
2025-02-05,500ETF,Spot ETF,icw,-1.5927,1.1,-0.7063,1,0.001249,-0.000757,0.00113,-0.001887,0.062088
2025-02-06,500ETF,Spot ETF,icw,1.0097,1.1,0.0,0,0.017061,0.0,0.0,0.0,0.062088
2025-02-07,500ETF,Spot ETF,icw,1.1526,1.1,0.5154,1,0.000517,-0.002447,0.000825,-0.003272,0.058816
2025-02-10,500ETF,Spot ETF,icw,0.2154,1.1,0.0,0,0.002387,0.0,0.0,0.0,0.058816
2025-02-11,500ETF,Spot ETF,icw,-1.6047,1.1,-0.7328,1,0.00445,-0.002763,0.001173,-0.003936,0.05488
2025-02-12,500ETF,Spot ETF,icw,0.8823,1.1,0.0,0,0.002378,0.0,0.0,0.0,0.05488
2025-02-13,500ETF,Spot ETF,icw,-0.6331,1.1,0.0,0,-0.002704,0.0,0.0,0.0,0.05488
2025-02-14,500ETF,Spot ETF,icw,0.8283,1.1,0.0,0,0.003883,0.0,0.0,0.0,0.05488
2025-02-17,500ETF,Spot ETF,icw,-0.9581,1.1,0.0,0,0.000505,0.0,0.0,0.0,0.05488
2025-02-18,500ETF,Spot ETF,icw,-0.2643,1.1,0.0,0,-0.018393,0.0,0.0,0.0,0.05488
2025-02-19,500ETF,Spot ETF,icw,0.8631,1.1,0.0,0,0.010509,0.0,0.0,0.0,0.05488
2025-02-20,500ETF,Spot ETF,icw,0.4507,1.1,0.0,0,0.005204,0.0,0.0,0.0,0.05488
2025-02-21,500ETF,Spot ETF,icw,-0.1309,1.1,0.0,0,0.019321,0.0,0.0,0.0,0.05488
2025-02-24,500ETF,Spot ETF,icw,-0.4901,1.1,0.0,0,-0.001988,0.0,0.0,0.0,0.05488
2025-02-25,500ETF,Spot ETF,icw,-0.233,1.1,0.0,0,0.000167,0.0,0.0,0.0,0.05488
2025-02-26,500ETF,Spot ETF,icw,0.4847,1.1,0.0,0,0.004319,0.0,0.0,0.0,0.05488
2025-02-27,500ETF,Spot ETF,icw,-0.2225,1.1,0.0,0,-0.00133,0.0,0.0,0.0,0.05488
2025-02-28,500ETF,Spot ETF,icw,-1.2244,1.1,0.0,0,-0.014737,0.0,0.0,0.0,0.05488
2025-03-03,500ETF,Spot ETF,icw,0.7161,1.1,0.0,0,-0.008488,0.0,0.0,0.0,0.05488
2025-03-04,500ETF,Spot ETF,icw,0.67,1.1,0.0,0,0.007109,0.0,0.0,0.0,0.05488
2025-03-05,500ETF,Spot ETF,icw,-0.2377,1.1,0.0,0,0.007267,0.0,0.0,0.0,0.05488
2025-03-06,500ETF,Spot ETF,icw,0.8432,1.1,0.0,0,0.005629,0.0,0.0,0.0,0.05488
2025-03-07,500ETF,Spot ETF,icw,-0.0488,1.1,0.0,0,-0.003167,0.0,0.0,0.0,0.05488
2025-03-10,500ETF,Spot ETF,icw,-0.6316,1.1,0.0,0,0.003501,0.0,0.0,0.0,0.05488
2025-03-11,500ETF,Spot ETF,icw,0.9736,1.1,0.0,0,0.003823,0.0,0.0,0.0,0.05488
2025-03-12,500ETF,Spot ETF,icw,-0.5189,1.1,0.0,0,-0.000826,0.0,0.0,0.0,0.05488
2025-03-13,500ETF,Spot ETF,icw,-1.0893,1.1,0.0,0,0.002172,0.0,0.0,0.0,0.05488
2025-03-14,500ETF,Spot ETF,icw,0.7331,1.1,0.0,0,0.009569,0.0,0.0,0.0,0.05488
2025-03-17,500ETF,Spot ETF,icw,-0.4486,1.1,0.0,0,0.002131,0.0,0.0,0.0,0.05488
2025-03-18,500ETF,Spot ETF,icw,0.4135,1.1,0.0,0,-0.004723,0.0,0.0,0.0,0.05488
2025-03-19,500ETF,Spot ETF,icw,-1.1072,1.1,0.0,0,0.001645,0.0,0.0,0.0,0.05488
2025-03-20,500ETF,Spot ETF,icw,-0.5456,1.1,0.0,0,-0.00033,0.0,0.0,0.0,0.05488
2025-03-21,500ETF,Spot ETF,icw,0.211,1.1,0.0,0,-0.010151,0.0,0.0,0.0,0.05488
2025-03-24,500ETF,Spot ETF,icw,-0.0499,1.1,0.0,0,-0.004712,0.0,0.0,0.0,0.05488
2025-03-25,500ETF,Spot ETF,icw,0.3813,1.1,0.0,0,-0.004534,0.0,0.0,0.0,0.05488
2025-03-26,500ETF,Spot ETF,icw,1.1019,1.1,0.5,1,-0.00403,-0.002594,0.0008,-0.003394,0.051485
2025-03-27,500ETF,Spot ETF,icw,-0.4913,1.1,0.0,0,0.004372,0.0,0.0,0.0,0.051485
2025-03-28,500ETF,Spot ETF,icw,0.1037,1.1,0.0,0,-0.003373,0.0,0.0,0.0,0.051485
2025-03-31,500ETF,Spot ETF,icw,-0.1293,1.1,0.0,0,-0.007491,0.0,0.0,0.0,0.051485
2025-04-01,500ETF,Spot ETF,icw,0.8169,1.1,0.0,0,-0.001188,0.0,0.0,0.0,0.051485
2025-04-02,500ETF,Spot ETF,icw,0.9238,1.1,0.0,0,-0.005082,0.0,0.0,0.0,0.051485
2025-04-03,500ETF,Spot ETF,icw,0.8428,1.1,0.0,0,-0.004441,0.0,0.0,0.0,0.051485
2025-04-07,500ETF,Spot ETF,icw,-1.6358,1.1,-0.8088,1,-0.029367,0.020792,0.001294,0.019498,0.070984
2025-04-08,500ETF,Spot ETF,icw,0.6709,1.1,0.0,0,-0.01079,0.0,0.0,0.0,0.070984
2025-04-09,500ETF,Spot ETF,icw,-1.2155,1.1,0.0,0,0.031861,0.0,0.0,0.0,0.070984
2025-04-10,500ETF,Spot ETF,icw,0.705,1.1,0.0,0,-0.009861,0.0,0.0,0.0,0.070984
2025-04-11,500ETF,Spot ETF,icw,0.9678,1.1,0.0,0,0.005567,0.0,0.0,0.0,0.070984
2025-04-14,500ETF,Spot ETF,icw,0.0393,1.1,0.0,0,-0.001068,0.0,0.0,0.0,0.070984
2025-04-15,500ETF,Spot ETF,icw,-1.8149,1.1,-1.0,1,0.002152,-0.002334,0.0016,-0.003934,0.067049
2025-04-16,500ETF,Spot ETF,icw,-0.8513,1.1,0.0,0,-0.008658,0.0,0.0,0.0,0.067049
2025-04-17,500ETF,Spot ETF,icw,1.4821,1.1,1.0,1,-0.005021,-0.005008,0.0016,-0.006608,0.060441
2025-04-18,500ETF,Spot ETF,icw,0.036,1.1,0.0,0,0.00577,0.0,0.0,0.0,0.060441
2025-04-21,500ETF,Spot ETF,icw,1.1315,1.1,0.5055,1,0.008374,0.00416,0.000809,0.003351,0.063792
2025-04-22,500ETF,Spot ETF,icw,-0.3315,1.1,0.0,0,0.000356,0.0,0.0,0.0,0.063792
2025-04-23,500ETF,Spot ETF,icw,-0.2343,1.1,0.0,0,-0.000888,0.0,0.0,0.0,0.063792
2025-04-24,500ETF,Spot ETF,icw,-0.0081,1.1,0.0,0,-0.004449,0.0,0.0,0.0,0.063792
2025-04-25,500ETF,Spot ETF,icw,0.1577,1.1,0.0,0,0.002315,0.0,0.0,0.0,0.063792
2025-04-28,500ETF,Spot ETF,icw,-1.2367,1.1,0.0,0,0.002505,0.0,0.0,0.0,0.063792
2025-04-29,500ETF,Spot ETF,icw,0.3593,1.1,0.0,0,0.000536,0.0,0.0,0.0,0.063792
2025-04-30,500ETF,Spot ETF,icw,0.968,1.1,0.0,0,0.0016,0.0,0.0,0.0,0.063792
2025-05-06,500ETF,Spot ETF,icw,0.888,1.1,0.0,0,0.005782,0.0,0.0,0.0,0.063792
2025-05-07,500ETF,Spot ETF,icw,-1.3867,1.1,0.0,0,-0.006618,0.0,0.0,0.0,0.063792
2025-05-08,500ETF,Spot ETF,icw,0.9175,1.1,0.0,0,0.001213,0.0,0.0,0.0,0.063792
2025-05-09,500ETF,Spot ETF,icw,-0.7946,1.1,0.0,0,-0.004534,0.0,0.0,0.0,0.063792
2025-05-12,500ETF,Spot ETF,icw,0.2769,1.1,0.0,0,0.002599,0.0,0.0,0.0,0.063792
2025-05-13,500ETF,Spot ETF,icw,-1.1415,1.1,0.0,0,-0.003626,0.0,0.0,0.0,0.063792
2025-05-14,500ETF,Spot ETF,icw,-0.2626,1.1,0.0,0,0.003287,0.0,0.0,0.0,0.063792
2025-05-15,500ETF,Spot ETF,icw,-1.7142,1.1,-1.0,1,-0.002269,0.002788,0.0016,0.001188,0.06498
2025-05-16,500ETF,Spot ETF,icw,0.7066,1.1,0.0,0,-0.002622,0.0,0.0,0.0,0.06498
2025-05-19,500ETF,Spot ETF,icw,-1.2803,1.1,0.0,0,0.007894,0.0,0.0,0.0,0.06498
2025-05-20,500ETF,Spot ETF,icw,-0.469,1.1,0.0,0,0.006803,0.0,0.0,0.0,0.06498
2025-05-21,500ETF,Spot ETF,icw,0.3243,1.1,0.0,0,0.003133,0.0,0.0,0.0,0.06498
2025-05-22,500ETF,Spot ETF,icw,0.2338,1.1,0.0,0,-0.006104,0.0,0.0,0.0,0.06498
2025-05-23,500ETF,Spot ETF,icw,0.7595,1.1,0.0,0,-0.010013,0.0,0.0,0.0,0.06498
2025-05-26,500ETF,Spot ETF,icw,0.5602,1.1,0.0,0,-0.000705,0.0,0.0,0.0,0.06498
2025-05-27,500ETF,Spot ETF,icw,-0.748,1.1,0.0,0,0.000707,0.0,0.0,0.0,0.06498
2025-05-28,500ETF,Spot ETF,icw,0.0553,1.1,0.0,0,-0.001769,0.0,0.0,0.0,0.06498
2025-05-29,500ETF,Spot ETF,icw,1.1766,1.1,0.5326,1,0.003848,0.002992,0.000852,0.00214,0.06712
2025-05-30,500ETF,Spot ETF,icw,-1.6163,1.1,-0.76,1,0.000703,0.000134,0.001216,-0.001082,0.066038
2025-06-03,500ETF,Spot ETF,icw,1.2721,1.1,0.6646,1,-0.003497,-0.001626,0.001063,-0.002689,0.063349
2025-06-04,500ETF,Spot ETF,icw,1.0429,1.1,0.0,0,0.001567,0.0,0.0,0.0,0.063349
2025-06-05,500ETF,Spot ETF,icw,-0.2505,1.1,0.0,0,0.007108,0.0,0.0,0.0,0.063349
2025-06-06,500ETF,Spot ETF,icw,-0.561,1.1,0.0,0,0.000173,0.0,0.0,0.0,0.063349
2025-06-09,500ETF,Spot ETF,icw,0.6846,1.1,0.0,0,-0.000858,0.0,0.0,0.0,0.063349
2025-06-10,500ETF,Spot ETF,icw,-0.6177,1.1,0.0,0,-0.006384,0.0,0.0,0.0,0.063349
2025-06-11,500ETF,Spot ETF,icw,1.3817,1.1,0.9408,1,-0.002916,-0.002739,0.001505,-0.004244,0.059104
2025-06-12,500ETF,Spot ETF,icw,0.3274,1.1,0.0,0,0.002578,0.0,0.0,0.0,0.059104
2025-06-13,500ETF,Spot ETF,icw,-0.4684,1.1,0.0,0,-0.001558,0.0,0.0,0.0,0.059104
2025-06-16,500ETF,Spot ETF,icw,1.2544,1.1,0.6325,1,-0.000861,-0.000436,0.001012,-0.001448,0.057657
2025-06-17,500ETF,Spot ETF,icw,-0.1251,1.1,0.0,0,-0.004147,0.0,0.0,0.0,0.057657
2025-06-18,500ETF,Spot ETF,icw,-0.0531,1.1,0.0,0,0.001734,0.0,0.0,0.0,0.057657
2025-06-19,500ETF,Spot ETF,icw,0.283,1.1,0.0,0,-0.010639,0.0,0.0,0.0,0.057657
2025-06-20,500ETF,Spot ETF,icw,0.2273,1.1,0.0,0,-0.003864,0.0,0.0,0.0,0.057657
2025-06-23,500ETF,Spot ETF,icw,0.9981,1.1,0.0,0,0.004205,0.0,0.0,0.0,0.057657
2025-06-24,500ETF,Spot ETF,icw,1.5609,1.1,1.0,1,0.005183,0.005371,0.0016,0.003771,0.061427
2025-06-25,500ETF,Spot ETF,icw,1.1553,1.1,0.517,1,0.009869,0.005038,0.000827,0.004211,0.065638
2025-06-26,500ETF,Spot ETF,icw,-0.2803,1.1,0.0,0,-0.003726,0.0,0.0,0.0,0.065638
2025-06-27,500ETF,Spot ETF,icw,0.8411,1.1,0.0,0,-0.002367,0.0,0.0,0.0,0.065638
2025-06-30,500ETF,Spot ETF,icw,0.594,1.1,0.0,0,0.002689,0.0,0.0,0.0,0.065638
2025-07-01,500ETF,Spot ETF,icw,-0.3681,1.1,0.0,0,0.002683,0.0,0.0,0.0,0.065638
2025-07-02,500ETF,Spot ETF,icw,-0.6017,1.1,0.0,0,-0.002016,0.0,0.0,0.0,0.065638
2025-07-03,500ETF,Spot ETF,icw,0.5318,1.1,0.0,0,0.002682,0.0,0.0,0.0,0.065638
2025-07-04,500ETF,Spot ETF,icw,-0.3573,1.1,0.0,0,0.000839,0.0,0.0,0.0,0.065638
2025-07-07,500ETF,Spot ETF,icw,-0.038,1.1,0.0,0,0.001345,0.0,0.0,0.0,0.065638
2025-07-08,500ETF,Spot ETF,icw,1.4161,1.1,1.0,1,0.005646,0.005662,0.0016,0.004062,0.0697
2025-07-09,500ETF,Spot ETF,icw,0.1393,1.1,0.0,0,-0.002656,0.0,0.0,0.0,0.0697
2025-07-10,500ETF,Spot ETF,icw,0.2421,1.1,0.0,0,0.00332,0.0,0.0,0.0,0.0697
2025-07-11,500ETF,Spot ETF,icw,-0.1671,1.1,0.0,0,0.00806,0.0,0.0,0.0,0.0697
2025-07-14,500ETF,Spot ETF,icw,0.0713,1.1,0.0,0,-0.00115,0.0,0.0,0.0,0.0697
2025-07-15,500ETF,Spot ETF,icw,0.8077,1.1,0.0,0,-0.002136,0.0,0.0,0.0,0.0697
2025-07-16,500ETF,Spot ETF,icw,0.9734,1.1,0.0,0,-0.00754,0.0,0.0,0.0,0.0697
2025-07-17,500ETF,Spot ETF,icw,1.0818,1.1,0.0,0,0.006365,0.0,0.0,0.0,0.0697
2025-07-18,500ETF,Spot ETF,icw,0.3961,1.1,0.0,0,-0.001787,0.0,0.0,0.0,0.0697
2025-07-21,500ETF,Spot ETF,icw,0.7896,1.1,0.0,0,0.002413,0.0,0.0,0.0,0.0697
2025-07-22,500ETF,Spot ETF,icw,0.4051,1.1,0.0,0,0.007665,0.0,0.0,0.0,0.0697
2025-07-23,500ETF,Spot ETF,icw,0.4976,1.1,0.0,0,-0.005247,0.0,0.0,0.0,0.0697
2025-07-24,500ETF,Spot ETF,icw,1.288,1.1,0.6963,1,0.008052,0.005629,0.001114,0.004515,0.074216
2025-07-25,500ETF,Spot ETF,icw,0.1329,1.1,0.0,0,0.000157,0.0,0.0,0.0,0.074216
2025-07-28,500ETF,Spot ETF,icw,-0.4021,1.1,0.0,0,0.0,0.0,0.0,0.0,0.074216
2025-07-29,500ETF,Spot ETF,icw,-0.8083,1.1,0.0,0,0.010665,0.0,0.0,0.0,0.074216
2025-07-30,500ETF,Spot ETF,icw,0.317,1.1,0.0,0,-0.004213,0.0,0.0,0.0,0.074216
2025-07-31,500ETF,Spot ETF,icw,0.3701,1.1,0.0,0,-0.013455,0.0,0.0,0.0,0.074216
2025-08-01,500ETF,Spot ETF,icw,0.7606,1.1,0.0,0,-0.004604,0.0,0.0,0.0,0.074216
2025-08-04,500ETF,Spot ETF,icw,0.5341,1.1,0.0,0,0.007771,0.0,0.0,0.0,0.074216
2025-08-05,500ETF,Spot ETF,icw,0.4876,1.1,0.0,0,0.002516,0.0,0.0,0.0,0.074216
2025-08-06,500ETF,Spot ETF,icw,0.4275,1.1,0.0,0,0.006865,0.0,0.0,0.0,0.074216
2025-08-07,500ETF,Spot ETF,icw,-0.0374,1.1,0.0,0,-0.001402,0.0,0.0,0.0,0.074216
2025-08-08,500ETF,Spot ETF,icw,-0.4345,1.1,0.0,0,0.002817,0.0,0.0,0.0,0.074216
2025-08-11,500ETF,Spot ETF,icw,1.0178,1.1,0.0,0,0.003253,0.0,0.0,0.0,0.074216
2025-08-12,500ETF,Spot ETF,icw,-0.4962,1.1,0.0,0,0.00386,0.0,0.0,0.0,0.074216
2025-08-13,500ETF,Spot ETF,icw,0.8992,1.1,0.0,0,0.006569,0.0,0.0,0.0,0.074216
2025-08-14,500ETF,Spot ETF,icw,-0.4027,1.1,0.0,0,-0.005187,0.0,0.0,0.0,0.074216
2025-08-15,500ETF,Spot ETF,icw,1.7963,1.1,1.0,1,0.009687,0.009887,0.0016,0.008287,0.082503
2025-08-18,500ETF,Spot ETF,icw,0.1384,1.1,0.0,0,0.00387,0.0,0.0,0.0,0.082503
2025-08-19,500ETF,Spot ETF,icw,0.7831,1.1,0.0,0,-0.003411,0.0,0.0,0.0,0.082503
2025-08-20,500ETF,Spot ETF,icw,0.4345,1.1,0.0,0,0.009456,0.0,0.0,0.0,0.082503
2025-08-21,500ETF,Spot ETF,icw,-0.3536,1.1,0.0,0,-0.003101,0.0,0.0,0.0,0.082503
2025-08-22,500ETF,Spot ETF,icw,1.1253,1.1,0.5035,1,0.010043,0.005231,0.000806,0.004426,0.086929
2025-08-25,500ETF,Spot ETF,icw,0.7217,1.1,0.0,0,0.003848,0.0,0.0,0.0,0.086929
2025-08-26,500ETF,Spot ETF,icw,0.9,1.1,0.0,0,0.003398,0.0,0.0,0.0,0.086929
2025-08-27,500ETF,Spot ETF,icw,0.7602,1.1,0.0,0,-0.003826,0.0,0.0,0.0,0.086929
2025-08-28,500ETF,Spot ETF,icw,0.7664,1.1,0.0,0,0.009996,0.0,0.0,0.0,0.086929
2025-08-29,500ETF,Spot ETF,icw,-0.5211,1.1,0.0,0,0.002669,0.0,0.0,0.0,0.086929
2025-09-01,500ETF,Spot ETF,icw,-0.3993,1.1,0.0,0,0.008927,0.0,0.0,0.0,0.086929
2025-09-02,500ETF,Spot ETF,icw,-1.446,1.1,-0.5117,1,-0.011724,0.006178,0.000819,0.005359,0.092288
2025-09-03,500ETF,Spot ETF,icw,-0.5889,1.1,0.0,0,-0.007127,0.0,0.0,0.0,0.092288
2025-09-04,500ETF,Spot ETF,icw,-0.7547,1.1,0.0,0,-0.03305,0.0,0.0,0.0,0.092288
2025-09-05,500ETF,Spot ETF,icw,0.1583,1.1,0.0,0,0.022677,0.0,0.0,0.0,0.092288
2025-09-08,500ETF,Spot ETF,icw,0.9776,1.1,0.0,0,0.004389,0.0,0.0,0.0,0.092288
2025-09-09,500ETF,Spot ETF,icw,0.4607,1.1,0.0,0,-0.011232,0.0,0.0,0.0,0.092288
2025-09-10,500ETF,Spot ETF,icw,1.3134,1.1,0.7529,1,-0.003844,-0.003634,0.001205,-0.004839,0.087449
2025-09-11,500ETF,Spot ETF,icw,-0.1768,1.1,0.0,0,0.02656,0.0,0.0,0.0,0.087449
2025-09-12,500ETF,Spot ETF,icw,0.8463,1.1,0.0,0,0.003999,0.0,0.0,0.0,0.087449
2025-09-15,500ETF,Spot ETF,icw,-0.4937,1.1,0.0,0,0.000414,0.0,0.0,0.0,0.087449
2025-09-16,500ETF,Spot ETF,icw,0.4661,1.1,0.0,0,0.002067,0.0,0.0,0.0,0.087449
2025-09-17,500ETF,Spot ETF,icw,0.6088,1.1,0.0,0,0.007377,0.0,0.0,0.0,0.087449
2025-09-18,500ETF,Spot ETF,icw,0.6133,1.1,0.0,0,-0.014078,0.0,0.0,0.0,0.087449
2025-09-19,500ETF,Spot ETF,icw,0.2501,1.1,0.0,0,0.001236,0.0,0.0,0.0,0.087449
2025-09-22,500ETF,Spot ETF,icw,-0.649,1.1,0.0,0,0.010042,0.0,0.0,0.0,0.087449
2025-09-23,500ETF,Spot ETF,icw,-1.062,1.1,0.0,0,-0.007178,0.0,0.0,0.0,0.087449
2025-09-24,500ETF,Spot ETF,icw,1.0243,1.1,0.0,0,0.015371,0.0,0.0,0.0,0.087449
2025-09-25,500ETF,Spot ETF,icw,0.7814,1.1,0.0,0,0.005239,0.0,0.0,0.0,0.087449
2025-09-26,500ETF,Spot ETF,icw,0.4698,1.1,0.0,0,-0.00935,0.0,0.0,0.0,0.087449
2025-09-29,500ETF,Spot ETF,icw,-0.3678,1.1,0.0,0,0.015013,0.0,0.0,0.0,0.087449
2025-09-30,500ETF,Spot ETF,icw,1.1044,1.1,0.5001,1,0.002395,0.001533,0.0008,0.000733,0.088182
2025-10-09,500ETF,Spot ETF,icw,0.1643,1.1,0.0,0,0.012094,0.0,0.0,0.0,0.088182
2025-10-10,500ETF,Spot ETF,icw,-0.9425,1.1,0.0,0,-0.006904,0.0,0.0,0.0,0.088182
2025-10-13,500ETF,Spot ETF,icw,0.2611,1.1,0.0,0,0.012912,0.0,0.0,0.0,0.088182
2025-10-14,500ETF,Spot ETF,icw,0.2301,1.1,0.0,0,-0.029027,0.0,0.0,0.0,0.088182
2025-10-15,500ETF,Spot ETF,icw,-0.3645,1.1,0.0,0,0.007899,0.0,0.0,0.0,0.088182
2025-10-16,500ETF,Spot ETF,icw,0.1251,1.1,0.0,0,-0.006949,0.0,0.0,0.0,0.088182
2025-10-17,500ETF,Spot ETF,icw,-1.4815,1.1,-0.5369,1,-0.014357,0.007653,0.000859,0.006794,0.094976
2025-10-20,500ETF,Spot ETF,icw,0.0441,1.1,0.0,0,-0.01268,0.0,0.0,0.0,0.094976
2025-10-21,500ETF,Spot ETF,icw,0.6971,1.1,0.0,0,0.006756,0.0,0.0,0.0,0.094976
2025-10-22,500ETF,Spot ETF,icw,-0.3502,1.1,0.0,0,0.000138,0.0,0.0,0.0,0.094976
2025-10-23,500ETF,Spot ETF,icw,-1.8746,1.1,-1.0,1,0.012549,-0.012344,0.0016,-0.013944,0.081032
2025-10-24,500ETF,Spot ETF,icw,0.9567,1.1,0.0,0,0.006418,0.0,0.0,0.0,0.081032
2025-10-27,500ETF,Spot ETF,icw,0.7856,1.1,0.0,0,0.002677,0.0,0.0,0.0,0.081032
2025-10-28,500ETF,Spot ETF,icw,0.2008,1.1,0.0,0,-0.003351,0.0,0.0,0.0,0.081032
2025-10-29,500ETF,Spot ETF,icw,1.2742,1.1,0.6687,1,0.01167,0.007488,0.00107,0.006418,0.08745
2025-10-30,500ETF,Spot ETF,icw,-1.4311,1.1,-0.5054,1,-0.001463,0.001074,0.000809,0.000266,0.087716
2025-10-31,500ETF,Spot ETF,icw,-0.0355,1.1,0.0,0,-0.005617,0.0,0.0,0.0,0.087716
2025-11-03,500ETF,Spot ETF,icw,-1.5088,1.1,-0.5657,1,0.008786,-0.004218,0.000905,-0.005123,0.082592
2025-11-04,500ETF,Spot ETF,icw,-0.7416,1.1,0.0,0,-0.01188,0.0,0.0,0.0,0.082592
2025-11-05,500ETF,Spot ETF,icw,0.4371,1.1,0.0,0,0.013565,0.0,0.0,0.0,0.082592
2025-11-06,500ETF,Spot ETF,icw,0.7676,1.1,0.0,0,0.010269,0.0,0.0,0.0,0.082592
2025-11-07,500ETF,Spot ETF,icw,-0.1477,1.1,0.0,0,0.002961,0.0,0.0,0.0,0.082592
2025-11-10,500ETF,Spot ETF,icw,-0.1588,1.1,0.0,0,0.001882,0.0,0.0,0.0,0.082592
2025-11-11,500ETF,Spot ETF,icw,-0.2839,1.1,0.0,0,-0.006059,0.0,0.0,0.0,0.082592
2025-11-12,500ETF,Spot ETF,icw,-0.4718,1.1,0.0,0,-0.001767,0.0,0.0,0.0,0.082592
2025-11-13,500ETF,Spot ETF,icw,1.2683,1.1,0.6574,1,0.006594,0.004797,0.001052,0.003745,0.086337
2025-11-14,500ETF,Spot ETF,icw,-0.2338,1.1,0.0,0,-0.002839,0.0,0.0,0.0,0.086337
2025-11-17,500ETF,Spot ETF,icw,-0.4766,1.1,0.0,0,0.003276,0.0,0.0,0.0,0.086337
2025-11-18,500ETF,Spot ETF,icw,-0.66,1.1,0.0,0,-0.005097,0.0,0.0,0.0,0.086337
2025-11-19,500ETF,Spot ETF,icw,0.342,1.1,0.0,0,-0.001656,0.0,0.0,0.0,0.086337
2025-11-20,500ETF,Spot ETF,icw,-1.2583,1.1,0.0,0,-0.009159,0.0,0.0,0.0,0.086337
2025-11-21,500ETF,Spot ETF,icw,-1.2904,1.1,0.0,0,-0.008017,0.0,0.0,0.0,0.086337
2025-11-24,500ETF,Spot ETF,icw,-0.6058,1.1,0.0,0,0.007755,0.0,0.0,0.0,0.086337
2025-11-25,500ETF,Spot ETF,icw,1.2079,1.1,0.5647,1,-0.001558,-0.001039,0.000904,-0.001942,0.084395
2025-11-26,500ETF,Spot ETF,icw,1.0136,1.1,0.0,0,-0.005638,0.0,0.0,0.0,0.084395
2025-11-27,500ETF,Spot ETF,icw,1.5531,1.1,1.0,1,-0.011532,-0.010497,0.0016,-0.012097,0.072298
2025-11-28,500ETF,Spot ETF,icw,0.2537,1.1,0.0,0,0.012277,0.0,0.0,0.0,0.072298
2025-12-01,500ETF,Spot ETF,icw,0.7966,1.1,0.0,0,0.000139,0.0,0.0,0.0,0.072298
2025-12-02,500ETF,Spot ETF,icw,-0.9699,1.1,0.0,0,-0.002658,0.0,0.0,0.0,0.072298
2025-12-03,500ETF,Spot ETF,icw,-0.0231,1.1,0.0,0,-0.004642,0.0,0.0,0.0,0.072298
2025-12-04,500ETF,Spot ETF,icw,-1.1089,1.1,0.0,0,0.006904,0.0,0.0,0.0,0.072298
2025-12-05,500ETF,Spot ETF,icw,-0.5574,1.1,0.0,0,0.011024,0.0,0.0,0.0,0.072298
2025-12-08,500ETF,Spot ETF,icw,0.4346,1.1,0.0,0,0.007024,0.0,0.0,0.0,0.072298
2025-12-09,500ETF,Spot ETF,icw,0.6551,1.1,0.0,0,-0.008411,0.0,0.0,0.0,0.072298
2025-12-10,500ETF,Spot ETF,icw,-0.8537,1.1,0.0,0,0.012457,0.0,0.0,0.0,0.072298
2025-12-11,500ETF,Spot ETF,icw,-0.1423,1.1,0.0,0,-0.005524,0.0,0.0,0.0,0.072298
2025-12-12,500ETF,Spot ETF,icw,0.0339,1.1,0.0,0,0.013114,0.0,0.0,0.0,0.072298
2025-12-15,500ETF,Spot ETF,icw,0.5013,1.1,0.0,0,-0.004411,0.0,0.0,0.0,0.072298
2025-12-16,500ETF,Spot ETF,icw,-2.2101,1.1,-1.0,1,-0.001262,0.0021,0.0016,0.0005,0.072798
2025-12-17,500ETF,Spot ETF,icw,0.4603,1.1,0.0,0,0.020155,0.0,0.0,0.0,0.072798
2025-12-18,500ETF,Spot ETF,icw,1.1963,1.1,0.5515,1,-0.006612,-0.004085,0.000882,-0.004968,0.06783
2025-12-19,500ETF,Spot ETF,icw,0.2902,1.1,0.0,0,0.004813,0.0,0.0,0.0,0.06783
2025-12-22,500ETF,Spot ETF,icw,1.1903,1.1,0.5453,1,-0.000407,-0.000444,0.000872,-0.001316,0.066514
2025-12-23,500ETF,Spot ETF,icw,0.2148,1.1,0.0,0,-0.004611,0.0,0.0,0.0,0.066514
2025-12-24,500ETF,Spot ETF,icw,0.3254,1.1,0.0,0,0.010232,0.0,0.0,0.0,0.066514
2025-12-25,500ETF,Spot ETF,icw,0.5983,1.1,0.0,0,0.009323,0.0,0.0,0.0,0.066514
2025-12-26,500ETF,Spot ETF,icw,0.712,1.1,0.0,0,0.000924,0.0,0.0,0.0,0.066514
2025-12-29,500ETF,Spot ETF,icw,-0.5979,1.1,0.0,0,-0.00212,0.0,0.0,0.0,0.066514
2025-12-30,500ETF,Spot ETF,icw,1.0975,1.1,0.0,0,0.001319,0.0,0.0,0.0,0.066514
2025-12-31,500ETF,Spot ETF,icw,-0.4715,1.1,0.0,0,0.001716,0.0,0.0,0.0,0.066514
2024-01-02,159915ETF,Spot ETF,icw,-1.0763,1.2,0.0,0,-0.005501,0.0,0.0,0.0,0.0
2024-01-03,159915ETF,Spot ETF,icw,-0.4632,1.2,0.0,0,-0.005574,0.0,0.0,0.0,0.0
2024-01-04,159915ETF,Spot ETF,icw,-1.1444,1.2,0.0,0,-0.006248,0.0,0.0,0.0,0.0
2024-01-05,159915ETF,Spot ETF,icw,0.4402,1.2,0.0,0,-0.01895,0.0,0.0,0.0,0.0
2024-01-08,159915ETF,Spot ETF,icw,-0.1662,1.2,0.0,0,-0.011108,0.0,0.0,0.0,0.0
2024-01-09,159915ETF,Spot ETF,icw,-0.2219,1.2,0.0,0,0.001759,0.0,0.0,0.0,0.0
2024-01-10,159915ETF,Spot ETF,icw,-0.2365,1.2,0.0,0,-0.005277,0.0,0.0,0.0,0.0
2024-01-11,159915ETF,Spot ETF,icw,0.5134,1.2,0.0,0,0.015152,0.0,0.0,0.0,0.0
2024-01-12,159915ETF,Spot ETF,icw,-0.6347,1.2,0.0,0,-0.004643,0.0,0.0,0.0,0.0
2024-01-15,159915ETF,Spot ETF,icw,-0.9099,1.2,0.0,0,-0.001174,0.0,0.0,0.0,0.0
2024-01-16,159915ETF,Spot ETF,icw,0.3298,1.2,0.0,0,-0.005299,0.0,0.0,0.0,0.0
2024-01-17,159915ETF,Spot ETF,icw,-1.1086,1.2,0.0,0,-0.013103,0.0,0.0,0.0,0.0
2024-01-18,159915ETF,Spot ETF,icw,0.102,1.2,0.0,0,0.003614,0.0,0.0,0.0,0.0
2024-01-19,159915ETF,Spot ETF,icw,0.6544,1.2,0.0,0,-0.009507,0.0,0.0,0.0,0.0
2024-01-22,159915ETF,Spot ETF,icw,-0.974,1.2,0.0,0,-0.014003,0.0,0.0,0.0,0.0
2024-01-23,159915ETF,Spot ETF,icw,0.5958,1.2,0.0,0,0.006693,0.0,0.0,0.0,0.0
2024-01-24,159915ETF,Spot ETF,icw,-0.5046,1.2,0.0,0,0.005493,0.0,0.0,0.0,0.0
2024-01-25,159915ETF,Spot ETF,icw,-0.9088,1.2,0.0,0,0.021155,0.0,0.0,0.0,0.0
2024-01-26,159915ETF,Spot ETF,icw,-0.2816,1.2,0.0,0,-0.012747,0.0,0.0,0.0,0.0
2024-01-29,159915ETF,Spot ETF,icw,-0.6959,1.2,0.0,0,-0.013665,0.0,0.0,0.0,0.0
2024-01-30,159915ETF,Spot ETF,icw,0.3614,1.2,0.0,0,-0.016,0.0,0.0,0.0,0.0
2024-01-31,159915ETF,Spot ETF,icw,0.8829,1.2,0.0,0,-0.006485,0.0,0.0,0.0,0.0
2024-02-01,159915ETF,Spot ETF,icw,-0.1009,1.2,0.0,0,0.01496,0.0,0.0,0.0,0.0
2024-02-02,159915ETF,Spot ETF,icw,-0.1613,1.2,0.0,0,-0.014417,0.0,0.0,0.0,0.0
2024-02-05,159915ETF,Spot ETF,icw,-0.5693,1.2,0.0,0,0.031665,0.0,0.0,0.0,0.0
2024-02-06,159915ETF,Spot ETF,icw,2.2055,1.2,1.0,1,0.028366,0.026803,0.0016,0.025203,0.025203
2024-02-07,159915ETF,Spot ETF,icw,2.4479,1.2,1.0,1,-0.006039,-0.004822,0.0016,-0.006422,0.018781
2024-02-08,159915ETF,Spot ETF,icw,2.0319,1.2,1.0,1,-0.014815,-0.011824,0.0016,-0.013424,0.005356
2024-02-19,159915ETF,Spot ETF,icw,-0.4673,1.2,0.0,0,0.004133,0.0,0.0,0.0,0.005356
2024-02-20,159915ETF,Spot ETF,icw,-0.5586,1.2,0.0,0,0.003546,0.0,0.0,0.0,0.005356
2024-02-21,159915ETF,Spot ETF,icw,-0.2149,1.2,0.0,0,0.016471,0.0,0.0,0.0,0.005356
2024-02-22,159915ETF,Spot ETF,icw,0.1406,1.2,0.0,0,-0.000586,0.0,0.0,0.0,0.005356
2024-02-23,159915ETF,Spot ETF,icw,-0.436,1.2,0.0,0,0.0,0.0,0.0,0.0,0.005356
2024-02-26,159915ETF,Spot ETF,icw,-0.2927,1.2,0.0,0,0.006469,0.0,0.0,0.0,0.005356
2024-02-27,159915ETF,Spot ETF,icw,0.0075,1.2,0.0,0,0.022094,0.0,0.0,0.0,0.005356
2024-02-28,159915ETF,Spot ETF,icw,1.5546,1.2,1.0,1,-0.02682,-0.024031,0.0016,-0.025631,-0.020275
2024-02-29,159915ETF,Spot ETF,icw,1.9513,1.2,1.0,1,0.013793,0.014476,0.0016,0.012876,-0.007399
2024-03-01,159915ETF,Spot ETF,icw,-0.0572,1.2,0.0,0,0.009624,0.0,0.0,0.0,-0.007399
2024-03-04,159915ETF,Spot ETF,icw,0.9811,1.2,0.0,0,-0.002242,0.0,0.0,0.0,-0.007399
2024-03-05,159915ETF,Spot ETF,icw,0.2229,1.2,0.0,0,0.00112,0.0,0.0,0.0,-0.007399
2024-03-06,159915ETF,Spot ETF,icw,-0.4132,1.2,0.0,0,0.007305,0.0,0.0,0.0,-0.007399
2024-03-07,159915ETF,Spot ETF,icw,0.3574,1.2,0.0,0,-0.022141,0.0,0.0,0.0,-0.007399
2024-03-08,159915ETF,Spot ETF,icw,0.5543,1.2,0.0,0,0.006273,0.0,0.0,0.0,-0.007399
2024-03-11,159915ETF,Spot ETF,icw,1.3694,1.2,0.6594,1,0.023804,0.015884,0.001055,0.014829,0.00743
2024-03-12,159915ETF,Spot ETF,icw,0.7235,1.2,0.0,0,-0.005925,0.0,0.0,0.0,0.00743
2024-03-13,159915ETF,Spot ETF,icw,-1.099,1.2,0.0,0,-0.003791,0.0,0.0,0.0,0.00743
2024-03-14,159915ETF,Spot ETF,icw,0.8223,1.2,0.0,0,-0.013044,0.0,0.0,0.0,0.00743
2024-03-15,159915ETF,Spot ETF,icw,-0.8675,1.2,0.0,0,0.009885,0.0,0.0,0.0,0.00743
2024-03-18,159915ETF,Spot ETF,icw,0.4108,1.2,0.0,0,0.004287,0.0,0.0,0.0,0.00743
2024-03-19,159915ETF,Spot ETF,icw,-0.221,1.2,0.0,0,-0.007519,0.0,0.0,0.0,0.00743
2024-03-20,159915ETF,Spot ETF,icw,0.6309,1.2,0.0,0,-0.003231,0.0,0.0,0.0,0.00743
2024-03-21,159915ETF,Spot ETF,icw,0.3233,1.2,0.0,0,-0.006999,0.0,0.0,0.0,0.00743
2024-03-22,159915ETF,Spot ETF,icw,-0.9458,1.2,0.0,0,-0.002743,0.0,0.0,0.0,0.00743
2024-03-25,159915ETF,Spot ETF,icw,-0.7554,1.2,0.0,0,-0.006109,0.0,0.0,0.0,0.00743
2024-03-26,159915ETF,Spot ETF,icw,0.9042,1.2,0.0,0,-0.002231,0.0,0.0,0.0,0.00743
2024-03-27,159915ETF,Spot ETF,icw,-1.3262,1.2,-0.5038,1,-0.007941,0.00342,0.000806,0.002613,0.010043
2024-03-28,159915ETF,Spot ETF,icw,0.0357,1.2,0.0,0,0.005153,0.0,0.0,0.0,0.010043
2024-03-29,159915ETF,Spot ETF,icw,0.8242,1.2,0.0,0,0.0,0.0,0.0,0.0,0.010043
2024-04-01,159915ETF,Spot ETF,icw,1.6847,1.2,1.0,1,0.00718,0.007206,0.0016,0.005606,0.01565
2024-04-02,159915ETF,Spot ETF,icw,-1.017,1.2,0.0,0,-0.002215,0.0,0.0,0.0,0.01565
2024-04-03,159915ETF,Spot ETF,icw,-0.8671,1.2,0.0,0,-0.001674,0.0,0.0,0.0,0.01565
2024-04-08,159915ETF,Spot ETF,icw,-0.5496,1.2,0.0,0,-0.009029,0.0,0.0,0.0,0.01565
2024-04-09,159915ETF,Spot ETF,icw,0.4343,1.2,0.0,0,0.009629,0.0,0.0,0.0,0.01565
2024-04-10,159915ETF,Spot ETF,icw,-1.3021,1.2,-0.5,1,-0.004001,0.002564,0.0008,0.001764,0.017414
2024-04-11,159915ETF,Spot ETF,icw,0.0074,1.2,0.0,0,0.002881,0.0,0.0,0.0,0.017414
2024-04-12,159915ETF,Spot ETF,icw,0.1006,1.2,0.0,0,-0.00927,0.0,0.0,0.0,0.017414
2024-04-15,159915ETF,Spot ETF,icw,1.5571,1.2,1.0,1,0.002883,0.002308,0.0016,0.000708,0.018122
2024-04-16,159915ETF,Spot ETF,icw,-0.3394,1.2,0.0,0,-0.00349,0.0,0.0,0.0,0.018122
2024-04-17,159915ETF,Spot ETF,icw,1.7131,1.2,1.0,1,0.00115,0.002304,0.0016,0.000704,0.018826
2024-04-18,159915ETF,Spot ETF,icw,-1.2796,1.2,0.0,0,0.006335,0.0,0.0,0.0,0.018826
2024-04-19,159915ETF,Spot ETF,icw,-0.9061,1.2,0.0,0,-0.007026,0.0,0.0,0.0,0.018826
2024-04-22,159915ETF,Spot ETF,icw,-0.0002,1.2,0.0,0,-0.004107,0.0,0.0,0.0,0.018826
2024-04-23,159915ETF,Spot ETF,icw,0.5079,1.2,0.0,0,0.003517,0.0,0.0,0.0,0.018826
2024-04-24,159915ETF,Spot ETF,icw,-0.8077,1.2,0.0,0,0.003509,0.0,0.0,0.0,0.018826
2024-04-25,159915ETF,Spot ETF,icw,-0.6121,1.2,0.0,0,0.005838,0.0,0.0,0.0,0.018826
2024-04-26,159915ETF,Spot ETF,icw,1.7689,1.2,1.0,1,0.021053,0.021864,0.0016,0.020264,0.03909
2024-04-29,159915ETF,Spot ETF,icw,1.7039,1.2,1.0,1,0.0214,0.022765,0.0016,0.021165,0.060256
2024-04-30,159915ETF,Spot ETF,icw,-0.6042,1.2,0.0,0,-0.003828,0.0,0.0,0.0,0.060256
2024-05-06,159915ETF,Spot ETF,icw,0.0337,1.2,0.0,0,-0.001618,0.0,0.0,0.0,0.060256
2024-05-07,159915ETF,Spot ETF,icw,-0.3856,1.2,0.0,0,-0.004864,0.0,0.0,0.0,0.060256
2024-05-08,159915ETF,Spot ETF,icw,-1.3065,1.2,-0.5002,1,-0.009282,0.004891,0.0008,0.004091,0.064346
2024-05-09,159915ETF,Spot ETF,icw,1.3773,1.2,0.6745,1,0.001079,0.001824,0.001079,0.000745,0.065091
2024-05-10,159915ETF,Spot ETF,icw,-1.0592,1.2,0.0,0,0.001634,0.0,0.0,0.0,0.065091
2024-05-13,159915ETF,Spot ETF,icw,-0.2205,1.2,0.0,0,-0.0044,0.0,0.0,0.0,0.065091
2024-05-14,159915ETF,Spot ETF,icw,0.3438,1.2,0.0,0,-0.001652,0.0,0.0,0.0,0.065091
2024-05-15,159915ETF,Spot ETF,icw,0.1093,1.2,0.0,0,-0.009395,0.0,0.0,0.0,0.065091
2024-05-16,159915ETF,Spot ETF,icw,-0.3539,1.2,0.0,0,-0.001666,0.0,0.0,0.0,0.065091
2024-05-17,159915ETF,Spot ETF,icw,0.0426,1.2,0.0,0,0.000551,0.0,0.0,0.0,0.065091
2024-05-20,159915ETF,Spot ETF,icw,1.0916,1.2,0.0,0,-0.003266,0.0,0.0,0.0,0.065091
2024-05-21,159915ETF,Spot ETF,icw,-0.9304,1.2,0.0,0,-0.002198,0.0,0.0,0.0,0.065091
2024-05-22,159915ETF,Spot ETF,icw,-0.2577,1.2,0.0,0,0.005467,0.0,0.0,0.0,0.065091
2024-05-23,159915ETF,Spot ETF,icw,-0.9144,1.2,0.0,0,-0.00496,0.0,0.0,0.0,0.065091
2024-05-24,159915ETF,Spot ETF,icw,0.8287,1.2,0.0,0,-0.015021,0.0,0.0,0.0,0.065091
2024-05-27,159915ETF,Spot ETF,icw,-0.8788,1.2,0.0,0,0.008994,0.0,0.0,0.0,0.065091
2024-05-28,159915ETF,Spot ETF,icw,-1.1842,1.2,0.0,0,-0.007883,0.0,0.0,0.0,0.065091
2024-05-29,159915ETF,Spot ETF,icw,1.5012,1.2,1.0,1,-0.007861,-0.007275,0.0016,-0.008875,0.056216
2024-05-30,159915ETF,Spot ETF,icw,-0.1904,1.2,0.0,0,-0.002811,0.0,0.0,0.0,0.056216
2024-05-31,159915ETF,Spot ETF,icw,1.0188,1.2,0.0,0,-0.00841,0.0,0.0,0.0,0.056216
2024-06-03,159915ETF,Spot ETF,icw,-0.1103,1.2,0.0,0,-0.003943,0.0,0.0,0.0,0.056216
2024-06-04,159915ETF,Spot ETF,icw,0.7237,1.2,0.0,0,0.007769,0.0,0.0,0.0,0.056216
2024-06-05,159915ETF,Spot ETF,icw,0.8085,1.2,0.0,0,-0.008285,0.0,0.0,0.0,0.056216
2024-06-06,159915ETF,Spot ETF,icw,-0.5392,1.2,0.0,0,-0.009495,0.0,0.0,0.0,0.056216
2024-06-07,159915ETF,Spot ETF,icw,-0.1206,1.2,0.0,0,-0.012507,0.0,0.0,0.0,0.056216
2024-06-11,159915ETF,Spot ETF,icw,-0.3788,1.2,0.0,0,0.012052,0.0,0.0,0.0,0.056216
2024-06-12,159915ETF,Spot ETF,icw,0.1886,1.2,0.0,0,-0.003431,0.0,0.0,0.0,0.056216
2024-06-13,159915ETF,Spot ETF,icw,-1.1221,1.2,0.0,0,-0.00401,0.0,0.0,0.0,0.056216
2024-06-14,159915ETF,Spot ETF,icw,-1.4357,1.2,-0.6023,1,0.013762,-0.008699,0.000964,-0.009663,0.046553
2024-06-17,159915ETF,Spot ETF,icw,0.5397,1.2,0.0,0,0.003398,0.0,0.0,0.0,0.046553
2024-06-18,159915ETF,Spot ETF,icw,1.0338,1.2,0.0,0,-0.003945,0.0,0.0,0.0,0.046553
2024-06-19,159915ETF,Spot ETF,icw,-1.427,1.2,-0.5896,1,-0.005682,0.003672,0.000943,0.002729,0.049282
2024-06-20,159915ETF,Spot ETF,icw,-0.4246,1.2,0.0,0,-0.008643,0.0,0.0,0.0,0.049282
2024-06-21,159915ETF,Spot ETF,icw,-0.4562,1.2,0.0,0,-0.00174,0.0,0.0,0.0,0.049282
2024-06-24,159915ETF,Spot ETF,icw,-0.1252,1.2,0.0,0,-0.008764,0.0,0.0,0.0,0.049282
2024-06-25,159915ETF,Spot ETF,icw,-0.5215,1.2,0.0,0,-0.008338,0.0,0.0,0.0,0.049282
2024-06-26,159915ETF,Spot ETF,icw,-0.1393,1.2,0.0,0,0.017206,0.0,0.0,0.0,0.049282
2024-06-27,159915ETF,Spot ETF,icw,-1.1047,1.2,0.0,0,-0.003578,0.0,0.0,0.0,0.049282
2024-06-28,159915ETF,Spot ETF,icw,1.5351,1.2,1.0,1,-0.020372,-0.021242,0.0016,-0.022842,0.02644
2024-07-01,159915ETF,Spot ETF,icw,-0.1183,1.2,0.0,0,0.006697,0.0,0.0,0.0,0.02644
2024-07-02,159915ETF,Spot ETF,icw,-0.6335,1.2,0.0,0,-0.010996,0.0,0.0,0.0,0.02644
2024-07-03,159915ETF,Spot ETF,icw,-0.6359,1.2,0.0,0,0.003688,0.0,0.0,0.0,0.02644
2024-07-04,159915ETF,Spot ETF,icw,0.3285,1.2,0.0,0,-0.008003,0.0,0.0,0.0,0.02644
2024-07-05,159915ETF,Spot ETF,icw,-0.5526,1.2,0.0,0,0.007426,0.0,0.0,0.0,0.02644
2024-07-08,159915ETF,Spot ETF,icw,-1.1719,1.2,0.0,0,-0.007472,0.0,0.0,0.0,0.02644
2024-07-09,159915ETF,Spot ETF,icw,0.1544,1.2,0.0,0,0.01429,0.0,0.0,0.0,0.02644
2024-07-10,159915ETF,Spot ETF,icw,1.5155,1.2,1.0,1,-0.007385,-0.006748,0.0016,-0.008348,0.018091
2024-07-11,159915ETF,Spot ETF,icw,-0.7392,1.2,0.0,0,0.006681,0.0,0.0,0.0,0.018091
2024-07-12,159915ETF,Spot ETF,icw,-0.6624,1.2,0.0,0,0.003634,0.0,0.0,0.0,0.018091
2024-07-15,159915ETF,Spot ETF,icw,-0.6881,1.2,0.0,0,-0.003656,0.0,0.0,0.0,0.018091
2024-07-16,159915ETF,Spot ETF,icw,0.6146,1.2,0.0,0,0.006649,0.0,0.0,0.0,0.018091
2024-07-17,159915ETF,Spot ETF,icw,-0.3437,1.2,0.0,0,0.007824,0.0,0.0,0.0,0.018091
2024-07-18,159915ETF,Spot ETF,icw,0.4786,1.2,0.0,0,0.008368,0.0,0.0,0.0,0.018091
2024-07-19,159915ETF,Spot ETF,icw,0.1675,1.2,0.0,0,0.007708,0.0,0.0,0.0,0.018091
2024-07-22,159915ETF,Spot ETF,icw,-0.0105,1.2,0.0,0,-0.002363,0.0,0.0,0.0,0.018091
2024-07-23,159915ETF,Spot ETF,icw,-1.3987,1.2,-0.5541,1,-0.014467,0.008285,0.000887,0.007399,0.02549
2024-07-24,159915ETF,Spot ETF,icw,0.8989,1.2,0.0,0,-0.009222,0.0,0.0,0.0,0.02549
2024-07-25,159915ETF,Spot ETF,icw,0.5915,1.2,0.0,0,-0.00618,0.0,0.0,0.0,0.02549
2024-07-26,159915ETF,Spot ETF,icw,1.663,1.2,1.0,1,-0.004917,-0.006124,0.0016,-0.007724,0.017766
2024-07-29,159915ETF,Spot ETF,icw,-1.1743,1.2,0.0,0,-0.003108,0.0,0.0,0.0,0.017766
2024-07-30,159915ETF,Spot ETF,icw,-0.4396,1.2,0.0,0,0.002505,0.0,0.0,0.0,0.017766
2024-07-31,159915ETF,Spot ETF,icw,1.3779,1.2,0.6757,1,0.022638,0.0159,0.001081,0.014818,0.032585
2024-08-01,159915ETF,Spot ETF,icw,-0.5481,1.2,0.0,0,-0.010338,0.0,0.0,0.0,0.032585
2024-08-02,159915ETF,Spot ETF,icw,0.8309,1.2,0.0,0,-0.014193,0.0,0.0,0.0,0.032585
2024-08-05,159915ETF,Spot ETF,icw,1.7047,1.2,1.0,1,-0.015679,-0.017224,0.0016,-0.018824,0.013761
2024-08-06,159915ETF,Spot ETF,icw,0.336,1.2,0.0,0,-0.003764,0.0,0.0,0.0,0.013761
2024-08-07,159915ETF,Spot ETF,icw,0.2358,1.2,0.0,0,-0.005013,0.0,0.0,0.0,0.013761
2024-08-08,159915ETF,Spot ETF,icw,-0.5023,1.2,0.0,0,0.006329,0.0,0.0,0.0,0.013761
2024-08-09,159915ETF,Spot ETF,icw,0.0381,1.2,0.0,0,-0.012029,0.0,0.0,0.0,0.013761
2024-08-12,159915ETF,Spot ETF,icw,-0.3424,1.2,0.0,0,-0.005749,0.0,0.0,0.0,0.013761
2024-08-13,159915ETF,Spot ETF,icw,-0.182,1.2,0.0,0,0.003198,0.0,0.0,0.0,0.013761
2024-08-14,159915ETF,Spot ETF,icw,-1.391,1.2,-0.546,1,0.0,-0.00035,0.000874,-0.001224,0.012537
2024-08-15,159915ETF,Spot ETF,icw,0.6724,1.2,0.0,0,-0.000641,0.0,0.0,0.0,0.012537
2024-08-16,159915ETF,Spot ETF,icw,-0.1377,1.2,0.0,0,-0.007663,0.0,0.0,0.0,0.012537
2024-08-19,159915ETF,Spot ETF,icw,1.2814,1.2,0.5368,1,-0.009563,-0.004434,0.000859,-0.005292,0.007245
2024-08-20,159915ETF,Spot ETF,icw,-0.8328,1.2,0.0,0,-0.004535,0.0,0.0,0.0,0.007245
2024-08-21,159915ETF,Spot ETF,icw,-0.2454,1.2,0.0,0,0.0,0.0,0.0,0.0,0.007245
2024-08-22,159915ETF,Spot ETF,icw,-0.1298,1.2,0.0,0,-0.003291,0.0,0.0,0.0,0.007245
2024-08-23,159915ETF,Spot ETF,icw,0.3528,1.2,0.0,0,0.005939,0.0,0.0,0.0,0.007245
2024-08-26,159915ETF,Spot ETF,icw,0.3976,1.2,0.0,0,-0.003953,0.0,0.0,0.0,0.007245
2024-08-27,159915ETF,Spot ETF,icw,-0.6784,1.2,0.0,0,-0.001998,0.0,0.0,0.0,0.007245
2024-08-28,159915ETF,Spot ETF,icw,0.332,1.2,0.0,0,0.002665,0.0,0.0,0.0,0.007245
2024-08-29,159915ETF,Spot ETF,icw,0.5375,1.2,0.0,0,0.015288,0.0,0.0,0.0,0.007245
2024-08-30,159915ETF,Spot ETF,icw,1.8657,1.2,1.0,1,0.005801,0.005818,0.0016,0.004218,0.011463
2024-09-02,159915ETF,Spot ETF,icw,-0.8483,1.2,0.0,0,-0.011834,0.0,0.0,0.0,0.011463
2024-09-03,159915ETF,Spot ETF,icw,0.7965,1.2,0.0,0,0.006575,0.0,0.0,0.0,0.011463
2024-09-04,159915ETF,Spot ETF,icw,0.2452,1.2,0.0,0,0.00394,0.0,0.0,0.0,0.011463
2024-09-05,159915ETF,Spot ETF,icw,0.8893,1.2,0.0,0,0.001304,0.0,0.0,0.0,0.011463
2024-09-06,159915ETF,Spot ETF,icw,-0.8404,1.2,0.0,0,-0.013775,0.0,0.0,0.0,0.011463
2024-09-09,159915ETF,Spot ETF,icw,1.0168,1.2,0.0,0,-0.005316,0.0,0.0,0.0,0.011463
2024-09-10,159915ETF,Spot ETF,icw,-1.0512,1.2,0.0,0,0.003974,0.0,0.0,0.0,0.011463
2024-09-11,159915ETF,Spot ETF,icw,0.5873,1.2,0.0,0,0.006566,0.0,0.0,0.0,0.011463
2024-09-12,159915ETF,Spot ETF,icw,0.9577,1.2,0.0,0,-0.011719,0.0,0.0,0.0,0.011463
2024-09-13,159915ETF,Spot ETF,icw,-0.403,1.2,0.0,0,-0.009878,0.0,0.0,0.0,0.011463
2024-09-18,159915ETF,Spot ETF,icw,-0.0192,1.2,0.0,0,0.001329,0.0,0.0,0.0,0.011463
2024-09-19,159915ETF,Spot ETF,icw,-0.8565,1.2,0.0,0,0.008589,0.0,0.0,0.0,0.011463
2024-09-20,159915ETF,Spot ETF,icw,-1.3383,1.2,-0.5081,1,0.0,0.000338,0.000813,-0.000475,0.010987
2024-09-23,159915ETF,Spot ETF,icw,0.4875,1.2,0.0,0,-0.009937,0.0,0.0,0.0,0.010987
2024-09-24,159915ETF,Spot ETF,icw,0.3131,1.2,0.0,0,0.044711,0.0,0.0,0.0,0.010987
2024-09-25,159915ETF,Spot ETF,icw,0.2604,1.2,0.0,0,-0.013564,0.0,0.0,0.0,0.010987
2024-09-26,159915ETF,Spot ETF,icw,-0.612,1.2,0.0,0,0.03477,0.0,0.0,0.0,0.010987
2024-09-27,159915ETF,Spot ETF,icw,1.9626,1.2,1.0,1,0.0415,0.040322,0.0016,0.038722,0.04971
2024-09-30,159915ETF,Spot ETF,icw,1.2141,1.2,0.5011,1,0.087559,0.055157,0.000802,0.054356,0.104065
2024-10-08,159915ETF,Spot ETF,icw,-1.4584,1.2,-0.6393,1,0.008449,0.059057,0.001023,0.058034,0.162099
2024-10-09,159915ETF,Spot ETF,icw,-0.2737,1.2,0.0,0,-0.029751,0.0,0.0,0.0,0.162099
2024-10-10,159915ETF,Spot ETF,icw,0.2564,1.2,0.0,0,-0.001361,0.0,0.0,0.0,0.162099
2024-10-11,159915ETF,Spot ETF,icw,-0.772,1.2,0.0,0,-0.025159,0.0,0.0,0.0,0.162099
2024-10-14,159915ETF,Spot ETF,icw,-0.1483,1.2,0.0,0,0.028497,0.0,0.0,0.0,0.162099
2024-10-15,159915ETF,Spot ETF,icw,-0.6719,1.2,0.0,0,-0.015319,0.0,0.0,0.0,0.162099
2024-10-16,159915ETF,Spot ETF,icw,0.6062,1.2,0.0,0,-0.014417,0.0,0.0,0.0,0.162099
2024-10-17,159915ETF,Spot ETF,icw,0.6942,1.2,0.0,0,-0.013875,0.0,0.0,0.0,0.162099
2024-10-18,159915ETF,Spot ETF,icw,0.8176,1.2,0.0,0,0.116504,0.0,0.0,0.0,0.162099
2024-10-21,159915ETF,Spot ETF,icw,0.6831,1.2,0.0,0,0.012503,0.0,0.0,0.0,0.162099
2024-10-22,159915ETF,Spot ETF,icw,0.0598,1.2,0.0,0,0.000924,0.0,0.0,0.0,0.162099
2024-10-23,159915ETF,Spot ETF,icw,-0.6177,1.2,0.0,0,-0.000462,0.0,0.0,0.0,0.162099
2024-10-24,159915ETF,Spot ETF,icw,0.076,1.2,0.0,0,-0.002808,0.0,0.0,0.0,0.162099
2024-10-25,159915ETF,Spot ETF,icw,0.0559,1.2,0.0,0,0.025295,0.0,0.0,0.0,0.162099
2024-10-28,159915ETF,Spot ETF,icw,-0.8663,1.2,0.0,0,0.003678,0.0,0.0,0.0,0.162099
2024-10-29,159915ETF,Spot ETF,icw,-0.6586,1.2,0.0,0,-0.011593,0.0,0.0,0.0,0.162099
2024-10-30,159915ETF,Spot ETF,icw,0.8761,1.2,0.0,0,-0.01227,0.0,0.0,0.0,0.162099
2024-10-31,159915ETF,Spot ETF,icw,-0.7673,1.2,0.0,0,0.010857,0.0,0.0,0.0,0.162099
2024-11-01,159915ETF,Spot ETF,icw,-0.2319,1.2,0.0,0,-0.009969,0.0,0.0,0.0,0.162099
2024-11-04,159915ETF,Spot ETF,icw,2.0843,1.2,1.0,1,0.00424,0.002829,0.0016,0.001229,0.163328
2024-11-05,159915ETF,Spot ETF,icw,0.4848,1.2,0.0,0,0.030772,0.0,0.0,0.0,0.163328
2024-11-06,159915ETF,Spot ETF,icw,1.2372,1.2,0.5077,1,-0.016405,-0.004263,0.000812,-0.005075,0.158253
2024-11-07,159915ETF,Spot ETF,icw,0.2754,1.2,0.0,0,0.025262,0.0,0.0,0.0,0.158253
2024-11-08,159915ETF,Spot ETF,icw,-0.565,1.2,0.0,0,-0.016887,0.0,0.0,0.0,0.158253
2024-11-11,159915ETF,Spot ETF,icw,1.7479,1.2,1.0,1,0.016394,0.016087,0.0016,0.014487,0.17274
2024-11-12,159915ETF,Spot ETF,icw,1.4016,1.2,0.7257,1,-0.030472,-0.015892,0.001161,-0.017053,0.155686
2024-11-13,159915ETF,Spot ETF,icw,0.1066,1.2,0.0,0,0.012354,0.0,0.0,0.0,0.155686
2024-11-14,159915ETF,Spot ETF,icw,-0.4887,1.2,0.0,0,-0.025296,0.0,0.0,0.0,0.155686
2024-11-15,159915ETF,Spot ETF,icw,-0.0937,1.2,0.0,0,-0.017369,0.0,0.0,0.0,0.155686
2024-11-18,159915ETF,Spot ETF,icw,-0.8225,1.2,0.0,0,-0.010195,0.0,0.0,0.0,0.155686
2024-11-19,159915ETF,Spot ETF,icw,1.4455,1.2,0.8349,1,0.019223,0.015025,0.001336,0.01369,0.169376
2024-11-20,159915ETF,Spot ETF,icw,0.5041,1.2,0.0,0,0.00858,0.0,0.0,0.0,0.169376
2024-11-21,159915ETF,Spot ETF,icw,0.2847,1.2,0.0,0,-0.001351,0.0,0.0,0.0,0.169376
2024-11-22,159915ETF,Spot ETF,icw,0.2788,1.2,0.0,0,-0.021929,0.0,0.0,0.0,0.169376
2024-11-25,159915ETF,Spot ETF,icw,-0.1998,1.2,0.0,0,-0.000944,0.0,0.0,0.0,0.169376
2024-11-26,159915ETF,Spot ETF,icw,0.9577,1.2,0.0,0,-0.009899,0.0,0.0,0.0,0.169376
2024-11-27,159915ETF,Spot ETF,icw,-0.211,1.2,0.0,0,0.032991,0.0,0.0,0.0,0.169376
2024-11-28,159915ETF,Spot ETF,icw,-0.5666,1.2,0.0,0,-0.007004,0.0,0.0,0.0,0.169376
2024-11-29,159915ETF,Spot ETF,icw,1.1732,1.2,0.0,0,0.025458,0.0,0.0,0.0,0.169376
2024-12-02,159915ETF,Spot ETF,icw,1.6233,1.2,1.0,1,-0.001814,-0.002264,0.0016,-0.003864,0.165512
2024-12-03,159915ETF,Spot ETF,icw,-1.0014,1.2,0.0,0,0.003635,0.0,0.0,0.0,0.165512
2024-12-04,159915ETF,Spot ETF,icw,-0.461,1.2,0.0,0,-0.006428,0.0,0.0,0.0,0.165512
2024-12-05,159915ETF,Spot ETF,icw,0.7458,1.2,0.0,0,-0.000461,0.0,0.0,0.0,0.165512
2024-12-06,159915ETF,Spot ETF,icw,0.2858,1.2,0.0,0,0.025893,0.0,0.0,0.0,0.165512
2024-12-09,159915ETF,Spot ETF,icw,0.1958,1.2,0.0,0,-0.001358,0.0,0.0,0.0,0.165512
2024-12-10,159915ETF,Spot ETF,icw,-1.0884,1.2,0.0,0,-0.013818,0.0,0.0,0.0,0.165512
2024-12-11,159915ETF,Spot ETF,icw,0.3434,1.2,0.0,0,-0.000902,0.0,0.0,0.0,0.165512
2024-12-12,159915ETF,Spot ETF,icw,0.5104,1.2,0.0,0,0.010753,0.0,0.0,0.0,0.165512
2024-12-13,159915ETF,Spot ETF,icw,-1.0522,1.2,0.0,0,-0.005437,0.0,0.0,0.0,0.165512
2024-12-16,159915ETF,Spot ETF,icw,-1.2349,1.2,0.0,0,-0.010626,0.0,0.0,0.0,0.165512
2024-12-17,159915ETF,Spot ETF,icw,1.4884,1.2,0.9619,1,-0.01244,-0.011892,0.001539,-0.013431,0.15208
2024-12-18,159915ETF,Spot ETF,icw,-0.8004,1.2,0.0,0,-0.00139,0.0,0.0,0.0,0.15208
2024-12-19,159915ETF,Spot ETF,icw,0.5151,1.2,0.0,0,0.006933,0.0,0.0,0.0,0.15208
2024-12-20,159915ETF,Spot ETF,icw,-0.3315,1.2,0.0,0,-0.001845,0.0,0.0,0.0,0.15208
2024-12-23,159915ETF,Spot ETF,icw,0.7409,1.2,0.0,0,-0.00972,0.0,0.0,0.0,0.15208
2024-12-24,159915ETF,Spot ETF,icw,0.9631,1.2,0.0,0,-0.002776,0.0,0.0,0.0,0.15208
2024-12-25,159915ETF,Spot ETF,icw,-1.1202,1.2,0.0,0,-0.007404,0.0,0.0,0.0,0.15208
2024-12-26,159915ETF,Spot ETF,icw,0.1534,1.2,0.0,0,0.00277,0.0,0.0,0.0,0.15208
2024-12-27,159915ETF,Spot ETF,icw,-0.8143,1.2,0.0,0,0.000925,0.0,0.0,0.0,0.15208
2024-12-30,159915ETF,Spot ETF,icw,0.4573,1.2,0.0,0,0.0,0.0,0.0,0.0,0.15208
2024-12-31,159915ETF,Spot ETF,icw,-0.6228,1.2,0.0,0,-0.015031,0.0,0.0,0.0,0.15208
2025-01-02,159915ETF,Spot ETF,icw,-1.3849,1.2,-0.5401,1,-0.026459,0.014102,0.000864,0.013238,0.165319
2025-01-03,159915ETF,Spot ETF,icw,-0.5946,1.2,0.0,0,-0.012528,0.0,0.0,0.0,0.165319
2025-01-06,159915ETF,Spot ETF,icw,0.0592,1.2,0.0,0,-0.004067,0.0,0.0,0.0,0.165319
2025-01-07,159915ETF,Spot ETF,icw,0.3839,1.2,0.0,0,0.007081,0.0,0.0,0.0,0.165319
2025-01-08,159915ETF,Spot ETF,icw,-0.77,1.2,0.0,0,0.004579,0.0,0.0,0.0,0.165319
2025-01-09,159915ETF,Spot ETF,icw,0.7644,1.2,0.0,0,0.004558,0.0,0.0,0.0,0.165319
2025-01-10,159915ETF,Spot ETF,icw,0.0777,1.2,0.0,0,-0.008667,0.0,0.0,0.0,0.165319
2025-01-13,159915ETF,Spot ETF,icw,0.6979,1.2,0.0,0,-0.004117,0.0,0.0,0.0,0.165319
2025-01-14,159915ETF,Spot ETF,icw,0.5672,1.2,0.0,0,0.022529,0.0,0.0,0.0,0.165319
2025-01-15,159915ETF,Spot ETF,icw,-1.485,1.2,-0.6902,1,-0.004998,0.002755,0.001104,0.001651,0.166969
2025-01-16,159915ETF,Spot ETF,icw,1.6088,1.2,1.0,1,-0.006951,-0.008399,0.0016,-0.009999,0.15697
2025-01-17,159915ETF,Spot ETF,icw,0.4663,1.2,0.0,0,0.009921,0.0,0.0,0.0,0.15697
2025-01-20,159915ETF,Spot ETF,icw,1.1854,1.2,0.0,0,-0.005331,0.0,0.0,0.0,0.15697
2025-01-21,159915ETF,Spot ETF,icw,-1.1019,1.2,0.0,0,0.006315,0.0,0.0,0.0,0.15697
2025-01-22,159915ETF,Spot ETF,icw,-0.481,1.2,0.0,0,0.001463,0.0,0.0,0.0,0.15697
2025-01-23,159915ETF,Spot ETF,icw,0.4965,1.2,0.0,0,-0.014929,0.0,0.0,0.0,0.15697
2025-01-24,159915ETF,Spot ETF,icw,0.9394,1.2,0.0,0,0.006261,0.0,0.0,0.0,0.15697
2025-01-27,159915ETF,Spot ETF,icw,-0.8383,1.2,0.0,0,-0.007319,0.0,0.0,0.0,0.15697
2025-02-05,159915ETF,Spot ETF,icw,-1.2085,1.2,0.0,0,-0.000988,0.0,0.0,0.0,0.15697
2025-02-06,159915ETF,Spot ETF,icw,0.5712,1.2,0.0,0,0.021433,0.0,0.0,0.0,0.15697
2025-02-07,159915ETF,Spot ETF,icw,0.1479,1.2,0.0,0,0.007094,0.0,0.0,0.0,0.15697
2025-02-10,159915ETF,Spot ETF,icw,-1.1114,1.2,0.0,0,0.001874,0.0,0.0,0.0,0.15697
2025-02-11,159915ETF,Spot ETF,icw,-1.4975,1.2,-0.7167,1,-0.000945,0.001015,0.001147,-0.000132,0.156839
2025-02-12,159915ETF,Spot ETF,icw,0.2253,1.2,0.0,0,0.00565,0.0,0.0,0.0,0.156839
2025-02-13,159915ETF,Spot ETF,icw,-0.2944,1.2,0.0,0,-0.003261,0.0,0.0,0.0,0.156839
2025-02-14,159915ETF,Spot ETF,icw,1.226,1.2,0.5037,1,0.012043,0.006341,0.000806,0.005535,0.162374
2025-02-17,159915ETF,Spot ETF,icw,-0.6272,1.2,0.0,0,-0.001374,0.0,0.0,0.0,0.162374
2025-02-18,159915ETF,Spot ETF,icw,-0.2494,1.2,0.0,0,-0.021317,0.0,0.0,0.0,0.162374
2025-02-19,159915ETF,Spot ETF,icw,0.2762,1.2,0.0,0,0.013386,0.0,0.0,0.0,0.162374
2025-02-20,159915ETF,Spot ETF,icw,-0.3172,1.2,0.0,0,0.004581,0.0,0.0,0.0,0.162374
2025-02-21,159915ETF,Spot ETF,icw,0.6717,1.2,0.0,0,0.022574,0.0,0.0,0.0,0.162374
2025-02-24,159915ETF,Spot ETF,icw,-0.6715,1.2,0.0,0,-0.00225,0.0,0.0,0.0,0.162374
2025-02-25,159915ETF,Spot ETF,icw,-0.6873,1.2,0.0,0,-0.00091,0.0,0.0,0.0,0.162374
2025-02-26,159915ETF,Spot ETF,icw,-0.4786,1.2,0.0,0,0.004974,0.0,0.0,0.0,0.162374
2025-02-27,159915ETF,Spot ETF,icw,0.2647,1.2,0.0,0,-0.002711,0.0,0.0,0.0,0.162374
2025-02-28,159915ETF,Spot ETF,icw,-1.0685,1.2,0.0,0,-0.020907,0.0,0.0,0.0,0.162374
2025-03-03,159915ETF,Spot ETF,icw,-0.0632,1.2,0.0,0,-0.006972,0.0,0.0,0.0,0.162374
2025-03-04,159915ETF,Spot ETF,icw,-0.7597,1.2,0.0,0,0.006536,0.0,0.0,0.0,0.162374
2025-03-05,159915ETF,Spot ETF,icw,0.1243,1.2,0.0,0,0.002335,0.0,0.0,0.0,0.162374
2025-03-06,159915ETF,Spot ETF,icw,0.293,1.2,0.0,0,0.009141,0.0,0.0,0.0,0.162374
2025-03-07,159915ETF,Spot ETF,icw,-0.8227,1.2,0.0,0,-0.004632,0.0,0.0,0.0,0.162374
2025-03-10,159915ETF,Spot ETF,icw,-0.4471,1.2,0.0,0,0.001855,0.0,0.0,0.0,0.162374
2025-03-11,159915ETF,Spot ETF,icw,0.0934,1.2,0.0,0,-0.000465,0.0,0.0,0.0,0.162374
2025-03-12,159915ETF,Spot ETF,icw,-1.1049,1.2,0.0,0,-0.002314,0.0,0.0,0.0,0.162374
2025-03-13,159915ETF,Spot ETF,icw,0.0953,1.2,0.0,0,-0.003749,0.0,0.0,0.0,0.162374
2025-03-14,159915ETF,Spot ETF,icw,1.3618,1.2,0.6455,1,0.015697,0.008994,0.001033,0.007961,0.170335
2025-03-17,159915ETF,Spot ETF,icw,-0.1648,1.2,0.0,0,-0.00138,0.0,0.0,0.0,0.170335
2025-03-18,159915ETF,Spot ETF,icw,0.4311,1.2,0.0,0,-0.002285,0.0,0.0,0.0,0.170335
2025-03-19,159915ETF,Spot ETF,icw,-0.3993,1.2,0.0,0,0.003221,0.0,0.0,0.0,0.170335
2025-03-20,159915ETF,Spot ETF,icw,-1.0741,1.2,0.0,0,-0.001848,0.0,0.0,0.0,0.170335
2025-03-21,159915ETF,Spot ETF,icw,0.002,1.2,0.0,0,-0.014996,0.0,0.0,0.0,0.170335
2025-03-24,159915ETF,Spot ETF,icw,0.0312,1.2,0.0,0,-0.004751,0.0,0.0,0.0,0.170335
2025-03-25,159915ETF,Spot ETF,icw,0.2606,1.2,0.0,0,-0.003793,0.0,0.0,0.0,0.170335
2025-03-26,159915ETF,Spot ETF,icw,0.7219,1.2,0.0,0,-0.006648,0.0,0.0,0.0,0.170335
2025-03-27,159915ETF,Spot ETF,icw,-1.0158,1.2,0.0,0,0.005242,0.0,0.0,0.0,0.170335
2025-03-28,159915ETF,Spot ETF,icw,0.3115,1.2,0.0,0,-0.004295,0.0,0.0,0.0,0.170335
2025-03-31,159915ETF,Spot ETF,icw,-0.6448,1.2,0.0,0,-0.00676,0.0,0.0,0.0,0.170335
2025-04-01,159915ETF,Spot ETF,icw,-0.1373,1.2,0.0,0,-0.003868,0.0,0.0,0.0,0.170335
2025-04-02,159915ETF,Spot ETF,icw,0.3339,1.2,0.0,0,-0.004357,0.0,0.0,0.0,0.170335
2025-04-03,159915ETF,Spot ETF,icw,0.0569,1.2,0.0,0,-0.008352,0.0,0.0,0.0,0.170335
2025-04-07,159915ETF,Spot ETF,icw,-2.6246,1.2,-1.0,1,-0.043053,0.046652,0.0016,0.045052,0.215387
2025-04-08,159915ETF,Spot ETF,icw,1.1505,1.2,0.0,0,-0.013901,0.0,0.0,0.0,0.215387
2025-04-09,159915ETF,Spot ETF,icw,-0.9477,1.2,0.0,0,0.019814,0.0,0.0,0.0,0.215387
2025-04-10,159915ETF,Spot ETF,icw,-0.3441,1.2,0.0,0,-0.01695,0.0,0.0,0.0,0.215387
2025-04-11,159915ETF,Spot ETF,icw,0.3507,1.2,0.0,0,0.01383,0.0,0.0,0.0,0.215387
2025-04-14,159915ETF,Spot ETF,icw,-0.7441,1.2,0.0,0,-0.004208,0.0,0.0,0.0,0.215387
2025-04-15,159915ETF,Spot ETF,icw,-0.4528,1.2,0.0,0,0.0,0.0,0.0,0.0,0.215387
2025-04-16,159915ETF,Spot ETF,icw,-0.9632,1.2,0.0,0,-0.009118,0.0,0.0,0.0,0.215387
2025-04-17,159915ETF,Spot ETF,icw,0.8624,1.2,0.0,0,-0.002128,0.0,0.0,0.0,0.215387
2025-04-18,159915ETF,Spot ETF,icw,0.0673,1.2,0.0,0,0.00374,0.0,0.0,0.0,0.215387
2025-04-21,159915ETF,Spot ETF,icw,0.6952,1.2,0.0,0,0.010538,0.0,0.0,0.0,0.215387
2025-04-22,159915ETF,Spot ETF,icw,-0.7475,1.2,0.0,0,0.000526,0.0,0.0,0.0,0.215387
2025-04-23,159915ETF,Spot ETF,icw,0.3762,1.2,0.0,0,0.002084,0.0,0.0,0.0,0.215387
2025-04-24,159915ETF,Spot ETF,icw,-0.537,1.2,0.0,0,-0.006263,0.0,0.0,0.0,0.215387
2025-04-25,159915ETF,Spot ETF,icw,0.7255,1.2,0.0,0,0.002086,0.0,0.0,0.0,0.215387
2025-04-28,159915ETF,Spot ETF,icw,-1.2329,1.2,0.0,0,0.0,0.0,0.0,0.0,0.215387
2025-04-29,159915ETF,Spot ETF,icw,-0.13,1.2,0.0,0,0.001577,0.0,0.0,0.0,0.215387
2025-04-30,159915ETF,Spot ETF,icw,0.9432,1.2,0.0,0,0.001563,0.0,0.0,0.0,0.215387
2025-05-06,159915ETF,Spot ETF,icw,0.7093,1.2,0.0,0,0.003079,0.0,0.0,0.0,0.215387
2025-05-07,159915ETF,Spot ETF,icw,-0.5463,1.2,0.0,0,-0.008636,0.0,0.0,0.0,0.215387
2025-05-08,159915ETF,Spot ETF,icw,1.4045,1.2,0.7322,1,0.00551,0.004786,0.001172,0.003614,0.219001
2025-05-09,159915ETF,Spot ETF,icw,-1.1134,1.2,0.0,0,-0.001509,0.0,0.0,0.0,0.219001
2025-05-12,159915ETF,Spot ETF,icw,0.3194,1.2,0.0,0,0.006431,0.0,0.0,0.0,0.219001
2025-05-13,159915ETF,Spot ETF,icw,-1.1136,1.2,0.0,0,-0.005391,0.0,0.0,0.0,0.219001
2025-05-14,159915ETF,Spot ETF,icw,0.0551,1.2,0.0,0,0.010292,0.0,0.0,0.0,0.219001
2025-05-15,159915ETF,Spot ETF,icw,-1.4164,1.2,-0.5753,1,-0.004454,0.003122,0.00092,0.002201,0.221202
2025-05-16,159915ETF,Spot ETF,icw,0.4979,1.2,0.0,0,-0.003972,0.0,0.0,0.0,0.221202
2025-05-19,159915ETF,Spot ETF,icw,-0.9864,1.2,0.0,0,0.006009,0.0,0.0,0.0,0.221202
2025-05-20,159915ETF,Spot ETF,icw,-0.9354,1.2,0.0,0,0.007948,0.0,0.0,0.0,0.221202
2025-05-21,159915ETF,Spot ETF,icw,0.7411,1.2,0.0,0,0.002954,0.0,0.0,0.0,0.221202
2025-05-22,159915ETF,Spot ETF,icw,-1.0419,1.2,0.0,0,-0.003459,0.0,0.0,0.0,0.221202
2025-05-23,159915ETF,Spot ETF,icw,0.7774,1.2,0.0,0,-0.011952,0.0,0.0,0.0,0.221202
2025-05-26,159915ETF,Spot ETF,icw,-0.4503,1.2,0.0,0,-0.00253,0.0,0.0,0.0,0.221202
2025-05-27,159915ETF,Spot ETF,icw,-0.9099,1.2,0.0,0,-0.001017,0.0,0.0,0.0,0.221202
2025-05-28,159915ETF,Spot ETF,icw,-0.1378,1.2,0.0,0,-0.006098,0.0,0.0,0.0,0.221202
2025-05-29,159915ETF,Spot ETF,icw,0.5831,1.2,0.0,0,0.00252,0.0,0.0,0.0,0.221202
2025-05-30,159915ETF,Spot ETF,icw,-0.72,1.2,0.0,0,0.001522,0.0,0.0,0.0,0.221202
2025-06-03,159915ETF,Spot ETF,icw,1.1151,1.2,0.0,0,-0.002522,0.0,0.0,0.0,0.221202
2025-06-04,159915ETF,Spot ETF,icw,1.0854,1.2,0.0,0,0.002002,0.0,0.0,0.0,0.221202
2025-06-05,159915ETF,Spot ETF,icw,-0.8665,1.2,0.0,0,0.012429,0.0,0.0,0.0,0.221202
2025-06-06,159915ETF,Spot ETF,icw,-0.5322,1.2,0.0,0,-0.000496,0.0,0.0,0.0,0.221202
2025-06-09,159915ETF,Spot ETF,icw,1.2169,1.2,0.5016,1,-0.001472,-0.000983,0.000803,-0.001786,0.219416
2025-06-10,159915ETF,Spot ETF,icw,-0.1598,1.2,0.0,0,-0.010373,0.0,0.0,0.0,0.219416
2025-06-11,159915ETF,Spot ETF,icw,1.7106,1.2,1.0,1,-0.003422,-0.003416,0.0016,-0.005016,0.2144
2025-06-12,159915ETF,Spot ETF,icw,0.2095,1.2,0.0,0,0.0,0.0,0.0,0.0,0.2144
2025-06-13,159915ETF,Spot ETF,icw,0.48,1.2,0.0,0,-0.003947,0.0,0.0,0.0,0.2144
2025-06-16,159915ETF,Spot ETF,icw,1.0135,1.2,0.0,0,0.000492,0.0,0.0,0.0,0.2144
2025-06-17,159915ETF,Spot ETF,icw,-0.6098,1.2,0.0,0,-0.005415,0.0,0.0,0.0,0.2144
2025-06-18,159915ETF,Spot ETF,icw,0.1633,1.2,0.0,0,0.004439,0.0,0.0,0.0,0.2144
2025-06-19,159915ETF,Spot ETF,icw,0.3589,1.2,0.0,0,-0.014874,0.0,0.0,0.0,0.2144
2025-06-20,159915ETF,Spot ETF,icw,0.2217,1.2,0.0,0,-0.005515,0.0,0.0,0.0,0.2144
2025-06-23,159915ETF,Spot ETF,icw,0.4279,1.2,0.0,0,0.00401,0.0,0.0,0.0,0.2144
2025-06-24,159915ETF,Spot ETF,icw,1.7935,1.2,1.0,1,0.007369,0.007893,0.0016,0.006293,0.220693
2025-06-25,159915ETF,Spot ETF,icw,1.3329,1.2,0.5981,1,0.017742,0.011001,0.000957,0.010044,0.230737
2025-06-26,159915ETF,Spot ETF,icw,0.013,1.2,0.0,0,-0.010924,0.0,0.0,0.0,0.230737
2025-06-27,159915ETF,Spot ETF,icw,-0.3932,1.2,0.0,0,-0.004746,0.0,0.0,0.0,0.230737
2025-06-30,159915ETF,Spot ETF,icw,0.4877,1.2,0.0,0,0.005183,0.0,0.0,0.0,0.230737
2025-07-01,159915ETF,Spot ETF,icw,-0.9625,1.2,0.0,0,0.000471,0.0,0.0,0.0,0.230737
2025-07-02,159915ETF,Spot ETF,icw,-1.1572,1.2,0.0,0,-0.002374,0.0,0.0,0.0,0.230737
2025-07-03,159915ETF,Spot ETF,icw,1.0491,1.2,0.0,0,0.010786,0.0,0.0,0.0,0.230737
2025-07-04,159915ETF,Spot ETF,icw,-0.9531,1.2,0.0,0,0.000468,0.0,0.0,0.0,0.230737
2025-07-07,159915ETF,Spot ETF,icw,-0.9769,1.2,0.0,0,0.000948,0.0,0.0,0.0,0.230737
2025-07-08,159915ETF,Spot ETF,icw,1.4393,1.2,0.8181,1,0.012579,0.010356,0.001309,0.009047,0.239784
2025-07-09,159915ETF,Spot ETF,icw,0.6844,1.2,0.0,0,-0.002306,0.0,0.0,0.0,0.239784
2025-07-10,159915ETF,Spot ETF,icw,-0.4165,1.2,0.0,0,0.001385,0.0,0.0,0.0,0.239784
2025-07-11,159915ETF,Spot ETF,icw,-0.3864,1.2,0.0,0,0.007789,0.0,0.0,0.0,0.239784
2025-07-14,159915ETF,Spot ETF,icw,-1.0828,1.2,0.0,0,0.002297,0.0,0.0,0.0,0.239784
2025-07-15,159915ETF,Spot ETF,icw,1.866,1.2,1.0,1,-0.001805,-0.001353,0.0016,-0.002953,0.236831
2025-07-16,159915ETF,Spot ETF,icw,-0.1521,1.2,0.0,0,-0.012154,0.0,0.0,0.0,0.236831
2025-07-17,159915ETF,Spot ETF,icw,1.0122,1.2,0.0,0,0.009402,0.0,0.0,0.0,0.236831
2025-07-18,159915ETF,Spot ETF,icw,1.0233,1.2,0.0,0,-0.005761,0.0,0.0,0.0,0.236831
2025-07-21,159915ETF,Spot ETF,icw,0.3325,1.2,0.0,0,0.004851,0.0,0.0,0.0,0.236831
2025-07-22,159915ETF,Spot ETF,icw,0.831,1.2,0.0,0,-0.002188,0.0,0.0,0.0,0.236831
2025-07-23,159915ETF,Spot ETF,icw,0.6801,1.2,0.0,0,-0.003487,0.0,0.0,0.0,0.236831
2025-07-24,159915ETF,Spot ETF,icw,0.9545,1.2,0.0,0,0.006926,0.0,0.0,0.0,0.236831
2025-07-25,159915ETF,Spot ETF,icw,-0.75,1.2,0.0,0,-0.002588,0.0,0.0,0.0,0.236831
2025-07-28,159915ETF,Spot ETF,icw,-0.0559,1.2,0.0,0,0.002996,0.0,0.0,0.0,0.236831
2025-07-29,159915ETF,Spot ETF,icw,0.7159,1.2,0.0,0,0.017407,0.0,0.0,0.0,0.236831
2025-07-30,159915ETF,Spot ETF,icw,-0.9551,1.2,0.0,0,-0.006785,0.0,0.0,0.0,0.236831
2025-07-31,159915ETF,Spot ETF,icw,-0.1143,1.2,0.0,0,-0.020637,0.0,0.0,0.0,0.236831
2025-08-01,159915ETF,Spot ETF,icw,0.9462,1.2,0.0,0,-0.00692,0.0,0.0,0.0,0.236831
2025-08-04,159915ETF,Spot ETF,icw,-0.1879,1.2,0.0,0,0.007826,0.0,0.0,0.0,0.236831
2025-08-05,159915ETF,Spot ETF,icw,-0.8761,1.2,0.0,0,0.002159,0.0,0.0,0.0,0.236831
2025-08-06,159915ETF,Spot ETF,icw,0.4684,1.2,0.0,0,0.003862,0.0,0.0,0.0,0.236831
2025-08-07,159915ETF,Spot ETF,icw,0.4749,1.2,0.0,0,-0.005152,0.0,0.0,0.0,0.236831
2025-08-08,159915ETF,Spot ETF,icw,-0.7541,1.2,0.0,0,0.001298,0.0,0.0,0.0,0.236831
2025-08-11,159915ETF,Spot ETF,icw,1.8051,1.2,1.0,1,0.003827,0.002553,0.0016,0.000953,0.237784
2025-08-12,159915ETF,Spot ETF,icw,-0.5349,1.2,0.0,0,0.00674,0.0,0.0,0.0,0.237784
2025-08-13,159915ETF,Spot ETF,icw,1.1974,1.2,0.0,0,0.019737,0.0,0.0,0.0,0.237784
2025-08-14,159915ETF,Spot ETF,icw,-0.5405,1.2,0.0,0,-0.002029,0.0,0.0,0.0,0.237784
2025-08-15,159915ETF,Spot ETF,icw,1.2112,1.2,0.5007,1,0.014099,0.007315,0.000801,0.006514,0.244298
2025-08-18,159915ETF,Spot ETF,icw,0.3039,1.2,0.0,0,0.011326,0.0,0.0,0.0,0.244298
2025-08-19,159915ETF,Spot ETF,icw,1.2868,1.2,0.5419,1,-0.006974,-0.005423,0.000867,-0.00629,0.238008
2025-08-20,159915ETF,Spot ETF,icw,-1.4973,1.2,-0.7163,1,0.010144,-0.008044,0.001146,-0.00919,0.228818
2025-08-21,159915ETF,Spot ETF,icw,-0.1666,1.2,0.0,0,-0.00039,0.0,0.0,0.0,0.228818
2025-08-22,159915ETF,Spot ETF,icw,1.6338,1.2,1.0,1,0.020933,0.021547,0.0016,0.019947,0.248765
2025-08-25,159915ETF,Spot ETF,icw,0.8986,1.2,0.0,0,0.015149,0.0,0.0,0.0,0.248765
2025-08-26,159915ETF,Spot ETF,icw,-0.5499,1.2,0.0,0,-0.001098,0.0,0.0,0.0,0.248765
2025-08-27,159915ETF,Spot ETF,icw,1.0511,1.2,0.0,0,0.006574,0.0,0.0,0.0,0.248765
2025-08-28,159915ETF,Spot ETF,icw,1.1171,1.2,0.0,0,0.024106,0.0,0.0,0.0,0.248765
2025-08-29,159915ETF,Spot ETF,icw,-0.3651,1.2,0.0,0,0.015848,0.0,0.0,0.0,0.248765
2025-09-01,159915ETF,Spot ETF,icw,0.6561,1.2,0.0,0,0.017932,0.0,0.0,0.0,0.248765
2025-09-02,159915ETF,Spot ETF,icw,0.7541,1.2,0.0,0,-0.028494,0.0,0.0,0.0,0.248765
2025-09-03,159915ETF,Spot ETF,icw,1.0524,1.2,0.0,0,0.009025,0.0,0.0,0.0,0.248765
2025-09-04,159915ETF,Spot ETF,icw,0.3222,1.2,0.0,0,-0.044596,0.0,0.0,0.0,0.248765
2025-09-05,159915ETF,Spot ETF,icw,0.5091,1.2,0.0,0,0.034492,0.0,0.0,0.0,0.248765
2025-09-08,159915ETF,Spot ETF,icw,-0.9935,1.2,0.0,0,0.0,0.0,0.0,0.0,0.248765
2025-09-09,159915ETF,Spot ETF,icw,-0.0462,1.2,0.0,0,-0.020929,0.0,0.0,0.0,0.248765
2025-09-10,159915ETF,Spot ETF,icw,1.4257,1.2,0.783,1,0.003473,0.000815,0.001253,-0.000437,0.248328
2025-09-11,159915ETF,Spot ETF,icw,0.1157,1.2,0.0,0,0.035423,0.0,0.0,0.0,0.248328
2025-09-12,159915ETF,Spot ETF,icw,-0.1748,1.2,0.0,0,-0.007294,0.0,0.0,0.0,0.248328
2025-09-15,159915ETF,Spot ETF,icw,1.0969,1.2,0.0,0,-0.002622,0.0,0.0,0.0,0.248328
2025-09-16,159915ETF,Spot ETF,icw,0.312,1.2,0.0,0,-0.001312,0.0,0.0,0.0,0.248328
2025-09-17,159915ETF,Spot ETF,icw,0.132,1.2,0.0,0,0.01325,0.0,0.0,0.0,0.248328
2025-09-18,159915ETF,Spot ETF,icw,-0.7369,1.2,0.0,0,-0.013964,0.0,0.0,0.0,0.248328
2025-09-19,159915ETF,Spot ETF,icw,0.2926,1.2,0.0,0,-0.002597,0.0,0.0,0.0,0.248328
2025-09-22,159915ETF,Spot ETF,icw,-1.0435,1.2,0.0,0,0.013748,0.0,0.0,0.0,0.248328
2025-09-23,159915ETF,Spot ETF,icw,0.5725,1.2,0.0,0,-0.013936,0.0,0.0,0.0,0.248328
2025-09-24,159915ETF,Spot ETF,icw,0.3799,1.2,0.0,0,0.017955,0.0,0.0,0.0,0.248328
2025-09-25,159915ETF,Spot ETF,icw,0.4301,1.2,0.0,0,0.021284,0.0,0.0,0.0,0.248328
2025-09-26,159915ETF,Spot ETF,icw,0.5413,1.2,0.0,0,-0.019915,0.0,0.0,0.0,0.248328
2025-09-29,159915ETF,Spot ETF,icw,1.5605,1.2,1.0,1,0.010334,0.012938,0.0016,0.011338,0.259666
2025-09-30,159915ETF,Spot ETF,icw,1.4538,1.2,0.8578,1,-0.004957,-0.004241,0.001372,-0.005614,0.254052
2025-10-09,159915ETF,Spot ETF,icw,1.1004,1.2,0.0,0,0.004635,0.0,0.0,0.0,0.254052
2025-10-10,159915ETF,Spot ETF,icw,-1.5068,1.2,-0.7376,1,-0.018255,0.014719,0.00118,0.013539,0.267591
2025-10-13,159915ETF,Spot ETF,icw,-0.3842,1.2,0.0,0,0.009189,0.0,0.0,0.0,0.267591
2025-10-14,159915ETF,Spot ETF,icw,-0.5356,1.2,0.0,0,-0.041922,0.0,0.0,0.0,0.267591
2025-10-15,159915ETF,Spot ETF,icw,-0.8059,1.2,0.0,0,0.02021,0.0,0.0,0.0,0.267591
2025-10-16,159915ETF,Spot ETF,icw,0.9788,1.2,0.0,0,-0.006299,0.0,0.0,0.0,0.267591
2025-10-17,159915ETF,Spot ETF,icw,-0.602,1.2,0.0,0,-0.012262,0.0,0.0,0.0,0.267591
2025-10-20,159915ETF,Spot ETF,icw,-0.5072,1.2,0.0,0,-0.017129,0.0,0.0,0.0,0.267591
2025-10-21,159915ETF,Spot ETF,icw,-0.3247,1.2,0.0,0,0.012835,0.0,0.0,0.0,0.267591
2025-10-22,159915ETF,Spot ETF,icw,-0.2675,1.2,0.0,0,-0.001974,0.0,0.0,0.0,0.267591
2025-10-23,159915ETF,Spot ETF,icw,-0.7622,1.2,0.0,0,0.013633,0.0,0.0,0.0,0.267591
2025-10-24,159915ETF,Spot ETF,icw,0.5706,1.2,0.0,0,0.021562,0.0,0.0,0.0,0.267591
2025-10-27,159915ETF,Spot ETF,icw,-0.074,1.2,0.0,0,0.006564,0.0,0.0,0.0,0.267591
2025-10-28,159915ETF,Spot ETF,icw,0.4453,1.2,0.0,0,-0.001865,0.0,0.0,0.0,0.267591
2025-10-29,159915ETF,Spot ETF,icw,1.1428,1.2,0.0,0,0.011932,0.0,0.0,0.0,0.267591
2025-10-30,159915ETF,Spot ETF,icw,-0.231,1.2,0.0,0,-0.006425,0.0,0.0,0.0,0.267591
2025-10-31,159915ETF,Spot ETF,icw,-0.4302,1.2,0.0,0,-0.01656,0.0,0.0,0.0,0.267591
2025-11-03,159915ETF,Spot ETF,icw,-0.5608,1.2,0.0,0,0.011113,0.0,0.0,0.0,0.267591
2025-11-04,159915ETF,Spot ETF,icw,0.2127,1.2,0.0,0,-0.018238,0.0,0.0,0.0,0.267591
2025-11-05,159915ETF,Spot ETF,icw,-0.496,1.2,0.0,0,0.024748,0.0,0.0,0.0,0.267591
2025-11-06,159915ETF,Spot ETF,icw,1.3087,1.2,0.5657,1,0.012579,0.006075,0.000905,0.00517,0.272761
2025-11-07,159915ETF,Spot ETF,icw,-0.69,1.2,0.0,0,0.006914,0.0,0.0,0.0,0.272761
2025-11-10,159915ETF,Spot ETF,icw,-0.2136,1.2,0.0,0,0.001904,0.0,0.0,0.0,0.272761
2025-11-11,159915ETF,Spot ETF,icw,0.5119,1.2,0.0,0,-0.014641,0.0,0.0,0.0,0.272761
2025-11-12,159915ETF,Spot ETF,icw,-0.902,1.2,0.0,0,-0.000645,0.0,0.0,0.0,0.272761
2025-11-13,159915ETF,Spot ETF,icw,0.0128,1.2,0.0,0,0.018752,0.0,0.0,0.0,0.272761
2025-11-14,159915ETF,Spot ETF,icw,-1.3048,1.2,-0.5001,1,-0.003201,0.00112,0.0008,0.00032,0.273081
2025-11-17,159915ETF,Spot ETF,icw,0.6414,1.2,0.0,0,0.002277,0.0,0.0,0.0,0.273081
2025-11-18,159915ETF,Spot ETF,icw,0.3002,1.2,0.0,0,-0.007859,0.0,0.0,0.0,0.273081
2025-11-19,159915ETF,Spot ETF,icw,1.0079,1.2,0.0,0,0.000979,0.0,0.0,0.0,0.273081
2025-11-20,159915ETF,Spot ETF,icw,-0.9864,1.2,0.0,0,-0.014101,0.0,0.0,0.0,0.273081
2025-11-21,159915ETF,Spot ETF,icw,-1.3753,1.2,-0.5315,1,-0.011596,0.005771,0.00085,0.004921,0.278001
2025-11-24,159915ETF,Spot ETF,icw,-0.4112,1.2,0.0,0,0.003772,0.0,0.0,0.0,0.278001
2025-11-25,159915ETF,Spot ETF,icw,-0.0902,1.2,0.0,0,-0.003709,0.0,0.0,0.0,0.278001
2025-11-26,159915ETF,Spot ETF,icw,-0.0052,1.2,0.0,0,0.008626,0.0,0.0,0.0,0.278001
2025-11-27,159915ETF,Spot ETF,icw,1.9422,1.2,1.0,1,-0.022289,-0.019329,0.0016,-0.020929,0.257072
2025-11-28,159915ETF,Spot ETF,icw,0.113,1.2,0.0,0,0.011281,0.0,0.0,0.0,0.257072
2025-12-01,159915ETF,Spot ETF,icw,-0.156,1.2,0.0,0,0.002943,0.0,0.0,0.0,0.257072
2025-12-02,159915ETF,Spot ETF,icw,-0.7188,1.2,0.0,0,-0.005564,0.0,0.0,0.0,0.257072
2025-12-03,159915ETF,Spot ETF,icw,0.917,1.2,0.0,0,-0.015453,0.0,0.0,0.0,0.257072
2025-12-04,159915ETF,Spot ETF,icw,0.251,1.2,0.0,0,0.014227,0.0,0.0,0.0,0.257072
2025-12-05,159915ETF,Spot ETF,icw,-0.9326,1.2,0.0,0,0.012062,0.0,0.0,0.0,0.257072
2025-12-08,159915ETF,Spot ETF,icw,1.5907,1.2,1.0,1,0.014909,0.015021,0.0016,0.013421,0.270493
2025-12-09,159915ETF,Spot ETF,icw,0.461,1.2,0.0,0,-0.005014,0.0,0.0,0.0,0.270493
2025-12-10,159915ETF,Spot ETF,icw,-1.6121,1.2,-1.0,1,0.018633,-0.019289,0.0016,-0.020889,0.249604
2025-12-11,159915ETF,Spot ETF,icw,1.2489,1.2,0.5133,1,-0.013763,-0.006859,0.000821,-0.00768,0.241924
2025-12-12,159915ETF,Spot ETF,icw,0.3301,1.2,0.0,0,0.011095,0.0,0.0,0.0,0.241924
2025-12-15,159915ETF,Spot ETF,icw,-0.2479,1.2,0.0,0,-0.0086,0.0,0.0,0.0,0.241924
2025-12-16,159915ETF,Spot ETF,icw,-0.4273,1.2,0.0,0,-0.009734,0.0,0.0,0.0,0.241924
2025-12-17,159915ETF,Spot ETF,icw,1.658,1.2,1.0,1,0.0266,0.02629,0.0016,0.02469,0.266614
2025-12-18,159915ETF,Spot ETF,icw,-0.866,1.2,0.0,0,-0.010905,0.0,0.0,0.0,0.266614
2025-12-19,159915ETF,Spot ETF,icw,-1.0768,1.2,0.0,0,0.000322,0.0,0.0,0.0,0.266614
2025-12-22,159915ETF,Spot ETF,icw,1.2537,1.2,0.516,1,0.002526,0.000815,0.000826,-1.1e-05,0.266603
2025-12-23,159915ETF,Spot ETF,icw,0.1258,1.2,0.0,0,-0.005022,0.0,0.0,0.0,0.266603
2025-12-24,159915ETF,Spot ETF,icw,-0.1754,1.2,0.0,0,0.007198,0.0,0.0,0.0,0.266603
2025-12-25,159915ETF,Spot ETF,icw,0.1906,1.2,0.0,0,0.009022,0.0,0.0,0.0,0.266603
2025-12-26,159915ETF,Spot ETF,icw,-0.0357,1.2,0.0,0,-0.001551,0.0,0.0,0.0,0.266603
2025-12-29,159915ETF,Spot ETF,icw,-0.3454,1.2,0.0,0,-0.003127,0.0,0.0,0.0,0.266603
2025-12-30,159915ETF,Spot ETF,icw,1.0251,1.2,0.0,0,-0.000619,0.0,0.0,0.0,0.266603
2025-12-31,159915ETF,Spot ETF,icw,-0.8973,1.2,0.0,0,-0.009369,0.0,0.0,0.0,0.266603
2024-01-02,300ETF,Spot ETF,sortino,-1.9455,1.4,-1.0,1,-0.004325,0.004315,0.0016,0.002715,0.002715
2024-01-03,300ETF,Spot ETF,sortino,0.5276,1.4,0.0,0,-0.00232,0.0,0.0,0.0,0.002715
2024-01-04,300ETF,Spot ETF,sortino,-1.226,1.4,0.0,0,-0.002343,0.0,0.0,0.0,0.002715
2024-01-05,300ETF,Spot ETF,sortino,1.2774,1.4,0.0,0,-0.01057,0.0,0.0,0.0,0.002715
2024-01-08,300ETF,Spot ETF,sortino,0.0123,1.4,0.0,0,-0.006544,0.0,0.0,0.0,0.002715
2024-01-09,300ETF,Spot ETF,sortino,-0.1222,1.4,0.0,0,0.002084,0.0,0.0,0.0,0.002715
2024-01-10,300ETF,Spot ETF,sortino,-0.8532,1.4,0.0,0,-0.004477,0.0,0.0,0.0,0.002715
2024-01-11,300ETF,Spot ETF,sortino,-0.249,1.4,0.0,0,0.006271,0.0,0.0,0.0,0.002715
2024-01-12,300ETF,Spot ETF,sortino,-0.2622,1.4,0.0,0,-0.000893,0.0,0.0,0.0,0.002715
2024-01-15,300ETF,Spot ETF,sortino,-0.8359,1.4,0.0,0,0.002094,0.0,0.0,0.0,0.002715
2024-01-16,300ETF,Spot ETF,sortino,1.0405,1.4,0.0,0,-0.000596,0.0,0.0,0.0,0.002715
2024-01-17,300ETF,Spot ETF,sortino,-0.8574,1.4,0.0,0,-0.005409,0.0,0.0,0.0,0.002715
2024-01-18,300ETF,Spot ETF,sortino,-1.0486,1.4,0.0,0,0.003415,0.0,0.0,0.0,0.002715
2024-01-19,300ETF,Spot ETF,sortino,0.8732,1.4,0.0,0,-0.002751,0.0,0.0,0.0,0.002715
2024-01-22,300ETF,Spot ETF,sortino,0.0183,1.4,0.0,0,-0.012967,0.0,0.0,0.0,0.002715
2024-01-23,300ETF,Spot ETF,sortino,-0.1952,1.4,0.0,0,0.008062,0.0,0.0,0.0,0.002715
2024-01-24,300ETF,Spot ETF,sortino,-0.3989,1.4,0.0,0,0.009871,0.0,0.0,0.0,0.002715
2024-01-25,300ETF,Spot ETF,sortino,0.5156,1.4,0.0,0,0.015106,0.0,0.0,0.0,0.002715
2024-01-26,300ETF,Spot ETF,sortino,0.5445,1.4,0.0,0,0.001504,0.0,0.0,0.0,0.002715
2024-01-29,300ETF,Spot ETF,sortino,0.0844,1.4,0.0,0,-0.004208,0.0,0.0,0.0,0.002715
2024-01-30,300ETF,Spot ETF,sortino,-0.0536,1.4,0.0,0,-0.003676,0.0,0.0,0.0,0.002715
2024-01-31,300ETF,Spot ETF,sortino,0.8214,1.4,0.0,0,-0.003103,0.0,0.0,0.0,0.002715
2024-02-01,300ETF,Spot ETF,sortino,0.0924,1.4,0.0,0,0.007797,0.0,0.0,0.0,0.002715
2024-02-02,300ETF,Spot ETF,sortino,0.2413,1.4,0.0,0,-0.010625,0.0,0.0,0.0,0.002715
2024-02-05,300ETF,Spot ETF,sortino,0.6488,1.4,0.0,0,0.0113,0.0,0.0,0.0,0.002715
2024-02-06,300ETF,Spot ETF,sortino,2.3238,1.4,1.0,1,0.012266,0.01203,0.0016,0.01043,0.013145
2024-02-07,300ETF,Spot ETF,sortino,0.6915,1.4,0.0,0,0.000301,0.0,0.0,0.0,0.013145
2024-02-08,300ETF,Spot ETF,sortino,0.6229,1.4,0.0,0,-0.003286,0.0,0.0,0.0,0.013145
2024-02-19,300ETF,Spot ETF,sortino,-1.8058,1.4,-1.0,1,0.006221,-0.005942,0.0016,-0.007542,0.005603
2024-02-20,300ETF,Spot ETF,sortino,-0.8842,1.4,0.0,0,0.00472,0.0,0.0,0.0,0.005603
2024-02-21,300ETF,Spot ETF,sortino,1.1079,1.4,0.0,0,0.018943,0.0,0.0,0.0,0.005603
2024-02-22,300ETF,Spot ETF,sortino,1.3481,1.4,0.0,0,0.00375,0.0,0.0,0.0,0.005603
2024-02-23,300ETF,Spot ETF,sortino,-0.0124,1.4,0.0,0,-0.001435,0.0,0.0,0.0,0.005603
2024-02-26,300ETF,Spot ETF,sortino,0.1181,1.4,0.0,0,-0.004049,0.0,0.0,0.0,0.005603
2024-02-27,300ETF,Spot ETF,sortino,1.1494,1.4,0.0,0,0.008666,0.0,0.0,0.0,0.005603
2024-02-28,300ETF,Spot ETF,sortino,-0.2878,1.4,0.0,0,-0.006307,0.0,0.0,0.0,0.005603
2024-02-29,300ETF,Spot ETF,sortino,2.1683,1.4,1.0,1,0.007465,0.008074,0.0016,0.006474,0.012077
2024-03-01,300ETF,Spot ETF,sortino,0.0948,1.4,0.0,0,0.006252,0.0,0.0,0.0,0.012077
2024-03-04,300ETF,Spot ETF,sortino,-0.1387,1.4,0.0,0,0.000283,0.0,0.0,0.0,0.012077
2024-03-05,300ETF,Spot ETF,sortino,1.2064,1.4,0.0,0,0.004508,0.0,0.0,0.0,0.012077
2024-03-06,300ETF,Spot ETF,sortino,0.0742,1.4,0.0,0,0.001973,0.0,0.0,0.0,0.012077
2024-03-07,300ETF,Spot ETF,sortino,1.16,1.4,0.0,0,-0.009052,0.0,0.0,0.0,0.012077
2024-03-08,300ETF,Spot ETF,sortino,0.6653,1.4,0.0,0,0.002549,0.0,0.0,0.0,0.012077
2024-03-11,300ETF,Spot ETF,sortino,0.9631,1.4,0.0,0,0.009847,0.0,0.0,0.0,0.012077
2024-03-12,300ETF,Spot ETF,sortino,-0.4256,1.4,0.0,0,-0.002506,0.0,0.0,0.0,0.012077
2024-03-13,300ETF,Spot ETF,sortino,-0.7139,1.4,0.0,0,-0.002802,0.0,0.0,0.0,0.012077
2024-03-14,300ETF,Spot ETF,sortino,1.5215,1.4,0.582,1,-0.009814,-0.005523,0.000931,-0.006454,0.005623
2024-03-15,300ETF,Spot ETF,sortino,-0.0072,1.4,0.0,0,0.005921,0.0,0.0,0.0,0.005623
2024-03-18,300ETF,Spot ETF,sortino,0.001,1.4,0.0,0,0.0,0.0,0.0,0.0,0.005623
2024-03-19,300ETF,Spot ETF,sortino,-0.0061,1.4,0.0,0,-0.00615,0.0,0.0,0.0,0.005623
2024-03-20,300ETF,Spot ETF,sortino,0.3848,1.4,0.0,0,-0.00028,0.0,0.0,0.0,0.005623
2024-03-21,300ETF,Spot ETF,sortino,-0.1065,1.4,0.0,0,-0.002788,0.0,0.0,0.0,0.005623
2024-03-22,300ETF,Spot ETF,sortino,-0.6693,1.4,0.0,0,-0.000566,0.0,0.0,0.0,0.005623
2024-03-25,300ETF,Spot ETF,sortino,-0.256,1.4,0.0,0,-0.000283,0.0,0.0,0.0,0.005623
2024-03-26,300ETF,Spot ETF,sortino,0.7293,1.4,0.0,0,0.00085,0.0,0.0,0.0,0.005623
2024-03-27,300ETF,Spot ETF,sortino,-1.0536,1.4,0.0,0,-0.002275,0.0,0.0,0.0,0.005623
2024-03-28,300ETF,Spot ETF,sortino,-0.2805,1.4,0.0,0,0.003434,0.0,0.0,0.0,0.005623
2024-03-29,300ETF,Spot ETF,sortino,1.3605,1.4,0.0,0,-0.001419,0.0,0.0,0.0,0.005623
2024-04-01,300ETF,Spot ETF,sortino,1.976,1.4,1.0,1,0.001954,0.002237,0.0016,0.000637,0.006259
2024-04-02,300ETF,Spot ETF,sortino,0.1031,1.4,0.0,0,-0.005038,0.0,0.0,0.0,0.006259
2024-04-03,300ETF,Spot ETF,sortino,-1.1119,1.4,0.0,0,-0.000843,0.0,0.0,0.0,0.006259
2024-04-08,300ETF,Spot ETF,sortino,-0.8621,1.4,0.0,0,-0.003675,0.0,0.0,0.0,0.006259
2024-04-09,300ETF,Spot ETF,sortino,-0.1199,1.4,0.0,0,0.002273,0.0,0.0,0.0,0.006259
2024-04-10,300ETF,Spot ETF,sortino,-0.6944,1.4,0.0,0,-0.005414,0.0,0.0,0.0,0.006259
2024-04-11,300ETF,Spot ETF,sortino,0.4098,1.4,0.0,0,0.002865,0.0,0.0,0.0,0.006259
2024-04-12,300ETF,Spot ETF,sortino,0.2192,1.4,0.0,0,-0.006322,0.0,0.0,0.0,0.006259
2024-04-15,300ETF,Spot ETF,sortino,1.9521,1.4,1.0,1,0.007691,0.008586,0.0016,0.006986,0.013246
2024-04-16,300ETF,Spot ETF,sortino,0.5625,1.4,0.0,0,-0.006546,0.0,0.0,0.0,0.013246
2024-04-17,300ETF,Spot ETF,sortino,0.4446,1.4,0.0,0,0.010201,0.0,0.0,0.0,0.013246
2024-04-18,300ETF,Spot ETF,sortino,0.7752,1.4,0.0,0,0.005905,0.0,0.0,0.0,0.013246
2024-04-19,300ETF,Spot ETF,sortino,-0.2829,1.4,0.0,0,-0.005374,0.0,0.0,0.0,0.013246
2024-04-22,300ETF,Spot ETF,sortino,0.8208,1.4,0.0,0,-0.007925,0.0,0.0,0.0,0.013246
2024-04-23,300ETF,Spot ETF,sortino,-0.6141,1.4,0.0,0,0.0,0.0,0.0,0.0,0.013246
2024-04-24,300ETF,Spot ETF,sortino,-1.727,1.4,-1.0,1,0.004859,-0.004296,0.0016,-0.005896,0.00735
2024-04-25,300ETF,Spot ETF,sortino,-0.6361,1.4,0.0,0,0.005127,0.0,0.0,0.0,0.00735
2024-04-26,300ETF,Spot ETF,sortino,1.5878,1.4,0.696,1,0.010674,0.007867,0.001114,0.006753,0.014103
2024-04-29,300ETF,Spot ETF,sortino,-0.1824,1.4,0.0,0,0.00914,0.0,0.0,0.0,0.014103
2024-04-30,300ETF,Spot ETF,sortino,-0.656,1.4,0.0,0,-0.001662,0.0,0.0,0.0,0.014103
2024-05-06,300ETF,Spot ETF,sortino,-0.3207,1.4,0.0,0,-0.002464,0.0,0.0,0.0,0.014103
2024-05-07,300ETF,Spot ETF,sortino,-0.1843,1.4,0.0,0,-0.001919,0.0,0.0,0.0,0.014103
2024-05-08,300ETF,Spot ETF,sortino,-1.1307,1.4,0.0,0,-0.003857,0.0,0.0,0.0,0.014103
2024-05-09,300ETF,Spot ETF,sortino,1.0575,1.4,0.0,0,0.002739,0.0,0.0,0.0,0.014103
2024-05-10,300ETF,Spot ETF,sortino,0.0046,1.4,0.0,0,0.003835,0.0,0.0,0.0,0.014103
2024-05-13,300ETF,Spot ETF,sortino,-0.5215,1.4,0.0,0,0.004118,0.0,0.0,0.0,0.014103
2024-05-14,300ETF,Spot ETF,sortino,0.3545,1.4,0.0,0,0.0,0.0,0.0,0.0,0.014103
2024-05-15,300ETF,Spot ETF,sortino,-1.2806,1.4,0.0,0,-0.003579,0.0,0.0,0.0,0.014103
2024-05-16,300ETF,Spot ETF,sortino,-0.7528,1.4,0.0,0,-0.000826,0.0,0.0,0.0,0.014103
2024-05-17,300ETF,Spot ETF,sortino,-0.0117,1.4,0.0,0,0.002464,0.0,0.0,0.0,0.014103
2024-05-20,300ETF,Spot ETF,sortino,1.3485,1.4,0.0,0,-0.002711,0.0,0.0,0.0,0.014103
2024-05-21,300ETF,Spot ETF,sortino,-0.378,1.4,0.0,0,-0.001634,0.0,0.0,0.0,0.014103
2024-05-22,300ETF,Spot ETF,sortino,-0.2225,1.4,0.0,0,0.00136,0.0,0.0,0.0,0.014103
2024-05-23,300ETF,Spot ETF,sortino,-1.3349,1.4,0.0,0,-0.003841,0.0,0.0,0.0,0.014103
2024-05-24,300ETF,Spot ETF,sortino,1.159,1.4,0.0,0,-0.009379,0.0,0.0,0.0,0.014103
2024-05-27,300ETF,Spot ETF,sortino,0.0232,1.4,0.0,0,0.004143,0.0,0.0,0.0,0.014103
2024-05-28,300ETF,Spot ETF,sortino,-1.1006,1.4,0.0,0,-0.004979,0.0,0.0,0.0,0.014103
2024-05-29,300ETF,Spot ETF,sortino,1.1271,1.4,0.0,0,-0.002762,0.0,0.0,0.0,0.014103
2024-05-30,300ETF,Spot ETF,sortino,0.1425,1.4,0.0,0,-0.007482,0.0,0.0,0.0,0.014103
2024-05-31,300ETF,Spot ETF,sortino,-0.0333,1.4,0.0,0,-0.00778,0.0,0.0,0.0,0.014103
2024-06-03,300ETF,Spot ETF,sortino,-0.8577,1.4,0.0,0,-0.003911,0.0,0.0,0.0,0.014103
2024-06-04,300ETF,Spot ETF,sortino,-0.253,1.4,0.0,0,0.006376,0.0,0.0,0.0,0.014103
2024-06-05,300ETF,Spot ETF,sortino,0.5328,1.4,0.0,0,-0.004983,0.0,0.0,0.0,0.014103
2024-06-06,300ETF,Spot ETF,sortino,0.0441,1.4,0.0,0,-0.004447,0.0,0.0,0.0,0.014103
2024-06-07,300ETF,Spot ETF,sortino,-0.3581,1.4,0.0,0,-0.00474,0.0,0.0,0.0,0.014103
2024-06-11,300ETF,Spot ETF,sortino,-1.0414,1.4,0.0,0,0.000845,0.0,0.0,0.0,0.014103
2024-06-12,300ETF,Spot ETF,sortino,0.2976,1.4,0.0,0,0.000282,0.0,0.0,0.0,0.014103
2024-06-13,300ETF,Spot ETF,sortino,-1.5505,1.4,-0.6258,1,-0.006218,0.003879,0.001001,0.002878,0.016981
2024-06-14,300ETF,Spot ETF,sortino,-0.6094,1.4,0.0,0,0.005928,0.0,0.0,0.0,0.016981
2024-06-17,300ETF,Spot ETF,sortino,-0.1479,1.4,0.0,0,-0.000282,0.0,0.0,0.0,0.016981
2024-06-18,300ETF,Spot ETF,sortino,0.3894,1.4,0.0,0,-0.000845,0.0,0.0,0.0,0.016981
2024-06-19,300ETF,Spot ETF,sortino,-1.3236,1.4,0.0,0,-0.000846,0.0,0.0,0.0,0.016981
2024-06-20,300ETF,Spot ETF,sortino,0.0091,1.4,0.0,0,-0.002839,0.0,0.0,0.0,0.016981
2024-06-21,300ETF,Spot ETF,sortino,-0.6784,1.4,0.0,0,-0.000569,0.0,0.0,0.0,0.016981
2024-06-24,300ETF,Spot ETF,sortino,-0.1573,1.4,0.0,0,0.002281,0.0,0.0,0.0,0.016981
2024-06-25,300ETF,Spot ETF,sortino,-0.0846,1.4,0.0,0,-0.004581,0.0,0.0,0.0,0.016981
2024-06-26,300ETF,Spot ETF,sortino,-0.2407,1.4,0.0,0,0.009169,0.0,0.0,0.0,0.016981
2024-06-27,300ETF,Spot ETF,sortino,-1.7551,1.4,-1.0,1,0.003159,-0.002875,0.0016,-0.004475,0.012506
2024-06-28,300ETF,Spot ETF,sortino,1.4508,1.4,0.5144,1,-0.005153,-0.002205,0.000823,-0.003028,0.009478
2024-07-01,300ETF,Spot ETF,sortino,-0.1011,1.4,0.0,0,0.004869,0.0,0.0,0.0,0.009478
2024-07-02,300ETF,Spot ETF,sortino,0.4967,1.4,0.0,0,-0.003718,0.0,0.0,0.0,0.009478
2024-07-03,300ETF,Spot ETF,sortino,-1.0884,1.4,0.0,0,0.001434,0.0,0.0,0.0,0.009478
2024-07-04,300ETF,Spot ETF,sortino,0.867,1.4,0.0,0,-0.004876,0.0,0.0,0.0,0.009478
2024-07-05,300ETF,Spot ETF,sortino,-1.2275,1.4,0.0,0,0.00029,0.0,0.0,0.0,0.009478
2024-07-08,300ETF,Spot ETF,sortino,-0.1452,1.4,0.0,0,-0.002614,0.0,0.0,0.0,0.009478
2024-07-09,300ETF,Spot ETF,sortino,-0.1831,1.4,0.0,0,0.010417,0.0,0.0,0.0,0.009478
2024-07-10,300ETF,Spot ETF,sortino,1.194,1.4,0.0,0,-0.003458,0.0,0.0,0.0,0.009478
2024-07-11,300ETF,Spot ETF,sortino,-0.8886,1.4,0.0,0,0.003428,0.0,0.0,0.0,0.009478
2024-07-12,300ETF,Spot ETF,sortino,0.2942,1.4,0.0,0,0.001422,0.0,0.0,0.0,0.009478
2024-07-15,300ETF,Spot ETF,sortino,0.5797,1.4,0.0,0,0.0,0.0,0.0,0.0,0.009478
2024-07-16,300ETF,Spot ETF,sortino,0.2609,1.4,0.0,0,0.00424,0.0,0.0,0.0,0.009478
2024-07-17,300ETF,Spot ETF,sortino,-0.5825,1.4,0.0,0,0.005065,0.0,0.0,0.0,0.009478
2024-07-18,300ETF,Spot ETF,sortino,-0.2325,1.4,0.0,0,0.006185,0.0,0.0,0.0,0.009478
2024-07-19,300ETF,Spot ETF,sortino,-0.2658,1.4,0.0,0,0.008385,0.0,0.0,0.0,0.009478
2024-07-22,300ETF,Spot ETF,sortino,-1.0831,1.4,0.0,0,0.0,0.0,0.0,0.0,0.009478
2024-07-23,300ETF,Spot ETF,sortino,-1.5449,1.4,-0.6166,1,-0.012183,0.007466,0.000987,0.00648,0.015958
2024-07-24,300ETF,Spot ETF,sortino,0.9325,1.4,0.0,0,-0.004308,0.0,0.0,0.0,0.015958
2024-07-25,300ETF,Spot ETF,sortino,0.1398,1.4,0.0,0,-0.003755,0.0,0.0,0.0,0.015958
2024-07-26,300ETF,Spot ETF,sortino,1.1285,1.4,0.0,0,-0.004322,0.0,0.0,0.0,0.015958
2024-07-29,300ETF,Spot ETF,sortino,-0.4179,1.4,0.0,0,-0.002889,0.0,0.0,0.0,0.015958
2024-07-30,300ETF,Spot ETF,sortino,-1.7484,1.4,-1.0,1,0.001166,-0.000875,0.0016,-0.002475,0.013483
2024-07-31,300ETF,Spot ETF,sortino,0.8184,1.4,0.0,0,0.014075,0.0,0.0,0.0,0.013483
2024-08-01,300ETF,Spot ETF,sortino,-0.3352,1.4,0.0,0,-0.005152,0.0,0.0,0.0,0.013483
2024-08-02,300ETF,Spot ETF,sortino,1.3016,1.4,0.0,0,-0.007798,0.0,0.0,0.0,0.013483
2024-08-05,300ETF,Spot ETF,sortino,1.7899,1.4,1.0,1,-0.010203,-0.010725,0.0016,-0.012325,0.001159
2024-08-06,300ETF,Spot ETF,sortino,-0.9952,1.4,0.0,0,-0.006168,0.0,0.0,0.0,0.001159
2024-08-07,300ETF,Spot ETF,sortino,0.9857,1.4,0.0,0,-0.002932,0.0,0.0,0.0,0.001159
2024-08-08,300ETF,Spot ETF,sortino,-1.298,1.4,0.0,0,0.006177,0.0,0.0,0.0,0.001159
2024-08-09,300ETF,Spot ETF,sortino,0.1524,1.4,0.0,0,-0.005282,0.0,0.0,0.0,0.001159
2024-08-12,300ETF,Spot ETF,sortino,-0.4663,1.4,0.0,0,-0.003536,0.0,0.0,0.0,0.001159
2024-08-13,300ETF,Spot ETF,sortino,-0.1045,1.4,0.0,0,-0.000887,0.0,0.0,0.0,0.001159
2024-08-14,300ETF,Spot ETF,sortino,-1.6315,1.4,-0.7978,1,0.000296,-0.0,0.001276,-0.001276,-0.000118
2024-08-15,300ETF,Spot ETF,sortino,1.6533,1.4,0.8564,1,0.000589,0.000757,0.00137,-0.000613,-0.000731
2024-08-16,300ETF,Spot ETF,sortino,-0.3765,1.4,0.0,0,-0.003807,0.0,0.0,0.0,-0.000731
2024-08-19,300ETF,Spot ETF,sortino,1.9204,1.4,1.0,1,-0.005245,-0.004653,0.0016,-0.006253,-0.006984
2024-08-20,300ETF,Spot ETF,sortino,-1.6526,1.4,-0.8546,1,-0.002647,0.00251,0.001367,0.001142,-0.005841
2024-08-21,300ETF,Spot ETF,sortino,-0.8056,1.4,0.0,0,0.001181,0.0,0.0,0.0,-0.005841
2024-08-22,300ETF,Spot ETF,sortino,-0.1332,1.4,0.0,0,-0.000888,0.0,0.0,0.0,-0.005841
2024-08-23,300ETF,Spot ETF,sortino,0.5051,1.4,0.0,0,0.004133,0.0,0.0,0.0,-0.005841
2024-08-26,300ETF,Spot ETF,sortino,-0.7563,1.4,0.0,0,0.000295,0.0,0.0,0.0,-0.005841
2024-08-27,300ETF,Spot ETF,sortino,-0.6468,1.4,0.0,0,-0.002074,0.0,0.0,0.0,-0.005841
2024-08-28,300ETF,Spot ETF,sortino,-0.2853,1.4,0.0,0,-0.001488,0.0,0.0,0.0,-0.005841
2024-08-29,300ETF,Spot ETF,sortino,0.1384,1.4,0.0,0,0.002687,0.0,0.0,0.0,-0.005841
2024-08-30,300ETF,Spot ETF,sortino,1.6302,1.4,0.7945,1,0.00472,0.003523,0.001271,0.002252,-0.00359
2024-09-02,300ETF,Spot ETF,sortino,-0.5089,1.4,0.0,0,-0.007164,0.0,0.0,0.0,-0.00359
2024-09-03,300ETF,Spot ETF,sortino,-0.2376,1.4,0.0,0,0.002394,0.0,0.0,0.0,-0.00359
2024-09-04,300ETF,Spot ETF,sortino,-0.8293,1.4,0.0,0,0.0,0.0,0.0,0.0,-0.00359
2024-09-05,300ETF,Spot ETF,sortino,-0.3495,1.4,0.0,0,0.003007,0.0,0.0,0.0,-0.00359
2024-09-06,300ETF,Spot ETF,sortino,-0.521,1.4,0.0,0,-0.009314,0.0,0.0,0.0,-0.00359
2024-09-09,300ETF,Spot ETF,sortino,-0.2307,1.4,0.0,0,-0.006427,0.0,0.0,0.0,-0.00359
2024-09-10,300ETF,Spot ETF,sortino,-0.4884,1.4,0.0,0,0.002148,0.0,0.0,0.0,-0.00359
2024-09-11,300ETF,Spot ETF,sortino,-1.0696,1.4,0.0,0,0.000922,0.0,0.0,0.0,-0.00359
2024-09-12,300ETF,Spot ETF,sortino,0.8028,1.4,0.0,0,-0.005219,0.0,0.0,0.0,-0.00359
2024-09-13,300ETF,Spot ETF,sortino,0.54,1.4,0.0,0,-0.007708,0.0,0.0,0.0,-0.00359
2024-09-18,300ETF,Spot ETF,sortino,0.6507,1.4,0.0,0,0.004019,0.0,0.0,0.0,-0.00359
2024-09-19,300ETF,Spot ETF,sortino,-0.8395,1.4,0.0,0,0.009837,0.0,0.0,0.0,-0.00359
2024-09-20,300ETF,Spot ETF,sortino,-0.4619,1.4,0.0,0,0.004605,0.0,0.0,0.0,-0.00359
2024-09-23,300ETF,Spot ETF,sortino,1.394,1.4,0.0,0,-0.002737,0.0,0.0,0.0,-0.00359
2024-09-24,300ETF,Spot ETF,sortino,-0.6342,1.4,0.0,0,0.033952,0.0,0.0,0.0,-0.00359
2024-09-25,300ETF,Spot ETF,sortino,1.9287,1.4,1.0,1,-0.01287,-0.013068,0.0016,-0.014668,-0.018258
2024-09-26,300ETF,Spot ETF,sortino,0.4629,1.4,0.0,0,0.029306,0.0,0.0,0.0,-0.018258
2024-09-27,300ETF,Spot ETF,sortino,0.4351,1.4,0.0,0,0.032807,0.0,0.0,0.0,-0.018258
2024-09-30,300ETF,Spot ETF,sortino,2.1494,1.4,1.0,1,0.046624,0.054181,0.0016,0.052581,0.034323
2024-10-08,300ETF,Spot ETF,sortino,-1.066,1.4,0.0,0,-0.042846,0.0,0.0,0.0,0.034323
2024-10-09,300ETF,Spot ETF,sortino,-0.5238,1.4,0.0,0,-0.024574,0.0,0.0,0.0,0.034323
2024-10-10,300ETF,Spot ETF,sortino,0.2763,1.4,0.0,0,0.012003,0.0,0.0,0.0,0.034323
2024-10-11,300ETF,Spot ETF,sortino,-0.4481,1.4,0.0,0,-0.025337,0.0,0.0,0.0,0.034323
2024-10-14,300ETF,Spot ETF,sortino,0.5092,1.4,0.0,0,0.010254,0.0,0.0,0.0,0.034323
2024-10-15,300ETF,Spot ETF,sortino,-0.0756,1.4,0.0,0,-0.014526,0.0,0.0,0.0,0.034323
2024-10-16,300ETF,Spot ETF,sortino,1.653,1.4,0.8555,1,-0.008424,-0.004581,0.001369,-0.005949,0.028373
2024-10-17,300ETF,Spot ETF,sortino,0.017,1.4,0.0,0,-0.017125,0.0,0.0,0.0,0.028373
2024-10-18,300ETF,Spot ETF,sortino,0.7627,1.4,0.0,0,0.05867,0.0,0.0,0.0,0.028373
2024-10-21,300ETF,Spot ETF,sortino,0.2781,1.4,0.0,0,0.008251,0.0,0.0,0.0,0.028373
2024-10-22,300ETF,Spot ETF,sortino,1.372,1.4,0.0,0,0.000745,0.0,0.0,0.0,0.028373
2024-10-23,300ETF,Spot ETF,sortino,-0.4307,1.4,0.0,0,0.004203,0.0,0.0,0.0,0.028373
2024-10-24,300ETF,Spot ETF,sortino,-0.3437,1.4,0.0,0,-0.003239,0.0,0.0,0.0,0.028373
2024-10-25,300ETF,Spot ETF,sortino,0.7234,1.4,0.0,0,0.007695,0.0,0.0,0.0,0.028373
2024-10-28,300ETF,Spot ETF,sortino,-1.4196,1.4,-0.5021,1,0.003727,-0.001875,0.000803,-0.002678,0.025695
2024-10-29,300ETF,Spot ETF,sortino,0.2837,1.4,0.0,0,-0.008186,0.0,0.0,0.0,0.025695
2024-10-30,300ETF,Spot ETF,sortino,1.1003,1.4,0.0,0,-0.009786,0.0,0.0,0.0,0.025695
2024-10-31,300ETF,Spot ETF,sortino,-1.0397,1.4,0.0,0,0.00732,0.0,0.0,0.0,0.025695
2024-11-01,300ETF,Spot ETF,sortino,1.0504,1.4,0.0,0,-0.002502,0.0,0.0,0.0,0.025695
2024-11-04,300ETF,Spot ETF,sortino,-0.0821,1.4,0.0,0,0.005003,0.0,0.0,0.0,0.025695
2024-11-05,300ETF,Spot ETF,sortino,-0.2974,1.4,0.0,0,0.017591,0.0,0.0,0.0,0.025695
2024-11-06,300ETF,Spot ETF,sortino,0.4492,1.4,0.0,0,-0.005815,0.0,0.0,0.0,0.025695
2024-11-07,300ETF,Spot ETF,sortino,1.5123,1.4,0.5701,1,0.022106,0.013593,0.000912,0.012681,0.038375
2024-11-08,300ETF,Spot ETF,sortino,-0.9191,1.4,0.0,0,-0.011131,0.0,0.0,0.0,0.038375
2024-11-11,300ETF,Spot ETF,sortino,1.0311,1.4,0.0,0,0.009082,0.0,0.0,0.0,0.038375
2024-11-12,300ETF,Spot ETF,sortino,1.5226,1.4,0.5835,1,-0.022831,-0.012466,0.000934,-0.013399,0.024976
2024-11-13,300ETF,Spot ETF,sortino,1.2069,1.4,0.0,0,0.004068,0.0,0.0,0.0,0.024976
2024-11-14,300ETF,Spot ETF,sortino,0.1663,1.4,0.0,0,-0.011522,0.0,0.0,0.0,0.024976
2024-11-15,300ETF,Spot ETF,sortino,0.3042,1.4,0.0,0,-0.004639,0.0,0.0,0.0,0.024976
2024-11-18,300ETF,Spot ETF,sortino,0.0202,1.4,0.0,0,-0.007406,0.0,0.0,0.0,0.024976
2024-11-19,300ETF,Spot ETF,sortino,0.898,1.4,0.0,0,0.00173,0.0,0.0,0.0,0.024976
2024-11-20,300ETF,Spot ETF,sortino,-0.2208,1.4,0.0,0,0.005917,0.0,0.0,0.0,0.024976
2024-11-21,300ETF,Spot ETF,sortino,0.3046,1.4,0.0,0,0.002216,0.0,0.0,0.0,0.024976
2024-11-22,300ETF,Spot ETF,sortino,-0.384,1.4,0.0,0,-0.0174,0.0,0.0,0.0,0.024976
2024-11-25,300ETF,Spot ETF,sortino,0.574,1.4,0.0,0,-0.006108,0.0,0.0,0.0,0.024976
2024-11-26,300ETF,Spot ETF,sortino,0.7457,1.4,0.0,0,-0.001782,0.0,0.0,0.0,0.024976
2024-11-27,300ETF,Spot ETF,sortino,0.2223,1.4,0.0,0,0.019256,0.0,0.0,0.0,0.024976
2024-11-28,300ETF,Spot ETF,sortino,-0.0335,1.4,0.0,0,-0.003275,0.0,0.0,0.0,0.024976
2024-11-29,300ETF,Spot ETF,sortino,1.3229,1.4,0.0,0,0.01028,0.0,0.0,0.0,0.024976
2024-12-02,300ETF,Spot ETF,sortino,0.9815,1.4,0.0,0,-0.003229,0.0,0.0,0.0,0.024976
2024-12-03,300ETF,Spot ETF,sortino,-1.1082,1.4,0.0,0,0.006704,0.0,0.0,0.0,0.024976
2024-12-04,300ETF,Spot ETF,sortino,-1.253,1.4,0.0,0,-0.000997,0.0,0.0,0.0,0.024976
2024-12-05,300ETF,Spot ETF,sortino,0.4375,1.4,0.0,0,-0.00075,0.0,0.0,0.0,0.024976
2024-12-06,300ETF,Spot ETF,sortino,0.4928,1.4,0.0,0,0.013868,0.0,0.0,0.0,0.024976
2024-12-09,300ETF,Spot ETF,sortino,0.1499,1.4,0.0,0,-0.001234,0.0,0.0,0.0,0.024976
2024-12-10,300ETF,Spot ETF,sortino,-1.3848,1.4,0.0,0,-0.008521,0.0,0.0,0.0,0.024976
2024-12-11,300ETF,Spot ETF,sortino,0.4926,1.4,0.0,0,-0.001716,0.0,0.0,0.0,0.024976
2024-12-12,300ETF,Spot ETF,sortino,-0.3847,1.4,0.0,0,0.008798,0.0,0.0,0.0,0.024976
2024-12-13,300ETF,Spot ETF,sortino,-1.3982,1.4,0.0,0,-0.006189,0.0,0.0,0.0,0.024976
2024-12-16,300ETF,Spot ETF,sortino,-0.0852,1.4,0.0,0,-0.005746,0.0,0.0,0.0,0.024976
2024-12-17,300ETF,Spot ETF,sortino,1.3196,1.4,0.0,0,-0.006224,0.0,0.0,0.0,0.024976
2024-12-18,300ETF,Spot ETF,sortino,0.7448,1.4,0.0,0,-0.002731,0.0,0.0,0.0,0.024976
2024-12-19,300ETF,Spot ETF,sortino,0.6084,1.4,0.0,0,0.002733,0.0,0.0,0.0,0.024976
2024-12-20,300ETF,Spot ETF,sortino,-0.4979,1.4,0.0,0,-0.00199,0.0,0.0,0.0,0.024976
2024-12-23,300ETF,Spot ETF,sortino,1.7219,1.4,1.0,1,-0.003225,-0.00396,0.0016,-0.00556,0.019416
2024-12-24,300ETF,Spot ETF,sortino,0.6263,1.4,0.0,0,0.004193,0.0,0.0,0.0,0.019416
2024-12-25,300ETF,Spot ETF,sortino,-0.3522,1.4,0.0,0,-0.005643,0.0,0.0,0.0,0.019416
2024-12-26,300ETF,Spot ETF,sortino,-0.7658,1.4,0.0,0,0.002948,0.0,0.0,0.0,0.019416
2024-12-27,300ETF,Spot ETF,sortino,-0.9532,1.4,0.0,0,0.001475,0.0,0.0,0.0,0.019416
2024-12-30,300ETF,Spot ETF,sortino,1.2655,1.4,0.0,0,0.000734,0.0,0.0,0.0,0.019416
2024-12-31,300ETF,Spot ETF,sortino,-0.4753,1.4,0.0,0,-0.011341,0.0,0.0,0.0,0.019416
2025-01-02,300ETF,Spot ETF,sortino,-1.1494,1.4,0.0,0,-0.021304,0.0,0.0,0.0,0.019416
2025-01-03,300ETF,Spot ETF,sortino,-0.4982,1.4,0.0,0,-0.007734,0.0,0.0,0.0,0.019416
2025-01-06,300ETF,Spot ETF,sortino,-0.3737,1.4,0.0,0,0.000522,0.0,0.0,0.0,0.019416
2025-01-07,300ETF,Spot ETF,sortino,0.8878,1.4,0.0,0,0.003879,0.0,0.0,0.0,0.019416
2025-01-08,300ETF,Spot ETF,sortino,-0.5088,1.4,0.0,0,0.001293,0.0,0.0,0.0,0.019416
2025-01-09,300ETF,Spot ETF,sortino,-0.3023,1.4,0.0,0,0.001807,0.0,0.0,0.0,0.019416
2025-01-10,300ETF,Spot ETF,sortino,-0.4069,1.4,0.0,0,-0.003382,0.0,0.0,0.0,0.019416
2025-01-13,300ETF,Spot ETF,sortino,1.2638,1.4,0.0,0,-0.003152,0.0,0.0,0.0,0.019416
2025-01-14,300ETF,Spot ETF,sortino,0.7211,1.4,0.0,0,0.01318,0.0,0.0,0.0,0.019416
2025-01-15,300ETF,Spot ETF,sortino,-0.6542,1.4,0.0,0,-0.003086,0.0,0.0,0.0,0.019416
2025-01-16,300ETF,Spot ETF,sortino,1.58,1.4,0.68,1,-0.007448,-0.005391,0.001088,-0.006479,0.012936
2025-01-17,300ETF,Spot ETF,sortino,-0.0466,1.4,0.0,0,0.00514,0.0,0.0,0.0,0.012936
2025-01-20,300ETF,Spot ETF,sortino,0.9948,1.4,0.0,0,-0.006617,0.0,0.0,0.0,0.012936
2025-01-21,300ETF,Spot ETF,sortino,-1.4026,1.4,-0.5,1,0.003066,-0.001664,0.0008,-0.002464,0.010473
2025-01-22,300ETF,Spot ETF,sortino,-1.0929,1.4,0.0,0,0.001031,0.0,0.0,0.0,0.010473
2025-01-23,300ETF,Spot ETF,sortino,0.9185,1.4,0.0,0,-0.008934,0.0,0.0,0.0,0.010473
2025-01-24,300ETF,Spot ETF,sortino,0.8071,1.4,0.0,0,0.003314,0.0,0.0,0.0,0.010473
2025-01-27,300ETF,Spot ETF,sortino,0.8516,1.4,0.0,0,-0.00051,0.0,0.0,0.0,0.010473
2025-02-05,300ETF,Spot ETF,sortino,-1.6595,1.4,-0.8741,1,-0.002827,0.002467,0.001399,0.001069,0.011541
2025-02-06,300ETF,Spot ETF,sortino,0.4724,1.4,0.0,0,0.010996,0.0,0.0,0.0,0.011541
2025-02-07,300ETF,Spot ETF,sortino,-0.0771,1.4,0.0,0,0.002525,0.0,0.0,0.0,0.011541
2025-02-10,300ETF,Spot ETF,sortino,-0.9571,1.4,0.0,0,-0.000752,0.0,0.0,0.0,0.011541
2025-02-11,300ETF,Spot ETF,sortino,-1.4264,1.4,-0.5039,1,-0.000503,0.00038,0.000806,-0.000426,0.011115
2025-02-12,300ETF,Spot ETF,sortino,-0.0846,1.4,0.0,0,0.001005,0.0,0.0,0.0,0.011115
2025-02-13,300ETF,Spot ETF,sortino,-0.09,1.4,0.0,0,-0.001246,0.0,0.0,0.0,0.011115
2025-02-14,300ETF,Spot ETF,sortino,0.6305,1.4,0.0,0,0.006726,0.0,0.0,0.0,0.011115
2025-02-17,300ETF,Spot ETF,sortino,-0.3005,1.4,0.0,0,0.000744,0.0,0.0,0.0,0.011115
2025-02-18,300ETF,Spot ETF,sortino,-0.2858,1.4,0.0,0,-0.00946,0.0,0.0,0.0,0.011115
2025-02-19,300ETF,Spot ETF,sortino,0.288,1.4,0.0,0,0.00348,0.0,0.0,0.0,0.011115
2025-02-20,300ETF,Spot ETF,sortino,-0.6987,1.4,0.0,0,0.001988,0.0,0.0,0.0,0.011115
2025-02-21,300ETF,Spot ETF,sortino,0.0689,1.4,0.0,0,0.013334,0.0,0.0,0.0,0.011115
2025-02-24,300ETF,Spot ETF,sortino,0.4931,1.4,0.0,0,-0.003687,0.0,0.0,0.0,0.011115
2025-02-25,300ETF,Spot ETF,sortino,-0.3356,1.4,0.0,0,-0.004224,0.0,0.0,0.0,0.011115
2025-02-26,300ETF,Spot ETF,sortino,0.7198,1.4,0.0,0,0.002227,0.0,0.0,0.0,0.011115
2025-02-27,300ETF,Spot ETF,sortino,0.2031,1.4,0.0,0,0.00148,0.0,0.0,0.0,0.011115
2025-02-28,300ETF,Spot ETF,sortino,0.3579,1.4,0.0,0,-0.011955,0.0,0.0,0.0,0.011115
2025-03-03,300ETF,Spot ETF,sortino,-0.2292,1.4,0.0,0,-0.007772,0.0,0.0,0.0,0.011115
2025-03-04,300ETF,Spot ETF,sortino,-0.2559,1.4,0.0,0,0.003274,0.0,0.0,0.0,0.011115
2025-03-05,300ETF,Spot ETF,sortino,-0.1682,1.4,0.0,0,0.004017,0.0,0.0,0.0,0.011115
2025-03-06,300ETF,Spot ETF,sortino,-0.531,1.4,0.0,0,0.006426,0.0,0.0,0.0,0.011115
2025-03-07,300ETF,Spot ETF,sortino,-0.2515,1.4,0.0,0,-0.000496,0.0,0.0,0.0,0.011115
2025-03-10,300ETF,Spot ETF,sortino,-0.5977,1.4,0.0,0,0.002988,0.0,0.0,0.0,0.011115
2025-03-11,300ETF,Spot ETF,sortino,0.7488,1.4,0.0,0,0.001246,0.0,0.0,0.0,0.011115
2025-03-12,300ETF,Spot ETF,sortino,-1.4097,1.4,-0.5005,1,0.0,-0.0,0.000801,-0.000801,0.010314
2025-03-13,300ETF,Spot ETF,sortino,0.0474,1.4,0.0,0,-0.001993,0.0,0.0,0.0,0.010314
2025-03-14,300ETF,Spot ETF,sortino,1.7353,1.4,1.0,1,0.009065,0.008858,0.0016,0.007258,0.017573
2025-03-17,300ETF,Spot ETF,sortino,-0.1284,1.4,0.0,0,-0.001221,0.0,0.0,0.0,0.017573
2025-03-18,300ETF,Spot ETF,sortino,-0.6805,1.4,0.0,0,-0.000731,0.0,0.0,0.0,0.017573
2025-03-19,300ETF,Spot ETF,sortino,-0.2475,1.4,0.0,0,0.003663,0.0,0.0,0.0,0.017573
2025-03-20,300ETF,Spot ETF,sortino,-1.1924,1.4,0.0,0,0.0,0.0,0.0,0.0,0.017573
2025-03-21,300ETF,Spot ETF,sortino,0.4575,1.4,0.0,0,-0.013858,0.0,0.0,0.0,0.017573
2025-03-24,300ETF,Spot ETF,sortino,0.254,1.4,0.0,0,0.000498,0.0,0.0,0.0,0.017573
2025-03-25,300ETF,Spot ETF,sortino,-0.1867,1.4,0.0,0,0.0,0.0,0.0,0.0,0.017573
2025-03-26,300ETF,Spot ETF,sortino,-0.1163,1.4,0.0,0,-0.005964,0.0,0.0,0.0,0.017573
2025-03-27,300ETF,Spot ETF,sortino,-0.1461,1.4,0.0,0,0.001492,0.0,0.0,0.0,0.017573
2025-03-28,300ETF,Spot ETF,sortino,-0.8599,1.4,0.0,0,0.0,0.0,0.0,0.0,0.017573
2025-03-31,300ETF,Spot ETF,sortino,0.2058,1.4,0.0,0,-0.007002,0.0,0.0,0.0,0.017573
2025-04-01,300ETF,Spot ETF,sortino,-0.3896,1.4,0.0,0,-0.001505,0.0,0.0,0.0,0.017573
2025-04-02,300ETF,Spot ETF,sortino,0.006,1.4,0.0,0,-0.003517,0.0,0.0,0.0,0.017573
2025-04-03,300ETF,Spot ETF,sortino,1.0745,1.4,0.0,0,-0.003282,0.0,0.0,0.0,0.017573
2025-04-07,300ETF,Spot ETF,sortino,0.4225,1.4,0.0,0,-0.022436,0.0,0.0,0.0,0.017573
2025-04-08,300ETF,Spot ETF,sortino,0.5014,1.4,0.0,0,0.00027,0.0,0.0,0.0,0.017573
2025-04-09,300ETF,Spot ETF,sortino,0.2886,1.4,0.0,0,0.018732,0.0,0.0,0.0,0.017573
2025-04-10,300ETF,Spot ETF,sortino,-0.7531,1.4,0.0,0,-0.003389,0.0,0.0,0.0,0.017573
2025-04-11,300ETF,Spot ETF,sortino,-0.398,1.4,0.0,0,0.007056,0.0,0.0,0.0,0.017573
2025-04-14,300ETF,Spot ETF,sortino,-0.8529,1.4,0.0,0,-0.002075,0.0,0.0,0.0,0.017573
2025-04-15,300ETF,Spot ETF,sortino,-1.3142,1.4,0.0,0,0.00287,0.0,0.0,0.0,0.017573
2025-04-16,300ETF,Spot ETF,sortino,-1.4799,1.4,-0.5355,1,-0.000261,0.00028,0.000857,-0.000577,0.016996
2025-04-17,300ETF,Spot ETF,sortino,0.3192,1.4,0.0,0,0.000518,0.0,0.0,0.0,0.016996
2025-04-18,300ETF,Spot ETF,sortino,-0.6109,1.4,0.0,0,0.001556,0.0,0.0,0.0,0.016996
2025-04-21,300ETF,Spot ETF,sortino,0.8177,1.4,0.0,0,0.000773,0.0,0.0,0.0,0.016996
2025-04-22,300ETF,Spot ETF,sortino,0.636,1.4,0.0,0,0.0,0.0,0.0,0.0,0.016996
2025-04-23,300ETF,Spot ETF,sortino,-1.1187,1.4,0.0,0,0.000773,0.0,0.0,0.0,0.016996
2025-04-24,300ETF,Spot ETF,sortino,0.4628,1.4,0.0,0,-0.002315,0.0,0.0,0.0,0.016996
2025-04-25,300ETF,Spot ETF,sortino,-0.36,1.4,0.0,0,-0.000772,0.0,0.0,0.0,0.016996
2025-04-28,300ETF,Spot ETF,sortino,-1.3164,1.4,0.0,0,0.001808,0.0,0.0,0.0,0.016996
2025-04-29,300ETF,Spot ETF,sortino,-0.5822,1.4,0.0,0,-0.000517,0.0,0.0,0.0,0.016996
2025-04-30,300ETF,Spot ETF,sortino,0.0584,1.4,0.0,0,-0.000258,0.0,0.0,0.0,0.016996
2025-05-06,300ETF,Spot ETF,sortino,-1.153,1.4,0.0,0,0.001283,0.0,0.0,0.0,0.016996
2025-05-07,300ETF,Spot ETF,sortino,-1.326,1.4,0.0,0,-0.002806,0.0,0.0,0.0,0.016996
2025-05-08,300ETF,Spot ETF,sortino,1.2853,1.4,0.0,0,-0.000506,0.0,0.0,0.0,0.016996
2025-05-09,300ETF,Spot ETF,sortino,-0.5229,1.4,0.0,0,-0.000507,0.0,0.0,0.0,0.016996
2025-05-12,300ETF,Spot ETF,sortino,-0.3574,1.4,0.0,0,0.002766,0.0,0.0,0.0,0.016996
2025-05-13,300ETF,Spot ETF,sortino,-1.4537,1.4,-0.516,1,-0.001,0.000387,0.000826,-0.000439,0.016557
2025-05-14,300ETF,Spot ETF,sortino,-0.4099,1.4,0.0,0,0.01045,0.0,0.0,0.0,0.016557
2025-05-15,300ETF,Spot ETF,sortino,-0.509,1.4,0.0,0,-0.001992,0.0,0.0,0.0,0.016557
2025-05-16,300ETF,Spot ETF,sortino,-0.5488,1.4,0.0,0,-0.00451,0.0,0.0,0.0,0.016557
2025-05-19,300ETF,Spot ETF,sortino,-0.6077,1.4,0.0,0,0.003523,0.0,0.0,0.0,0.016557
2025-05-20,300ETF,Spot ETF,sortino,0.2043,1.4,0.0,0,0.004255,0.0,0.0,0.0,0.016557
2025-05-21,300ETF,Spot ETF,sortino,1.0049,1.4,0.0,0,0.001245,0.0,0.0,0.0,0.016557
2025-05-22,300ETF,Spot ETF,sortino,-0.9656,1.4,0.0,0,0.000746,0.0,0.0,0.0,0.016557
2025-05-23,300ETF,Spot ETF,sortino,0.8788,1.4,0.0,0,-0.009479,0.0,0.0,0.0,0.016557
2025-05-26,300ETF,Spot ETF,sortino,-0.5858,1.4,0.0,0,-0.004784,0.0,0.0,0.0,0.016557
2025-05-27,300ETF,Spot ETF,sortino,-0.182,1.4,0.0,0,-0.003794,0.0,0.0,0.0,0.016557
2025-05-28,300ETF,Spot ETF,sortino,0.0505,1.4,0.0,0,-0.002532,0.0,0.0,0.0,0.016557
2025-05-29,300ETF,Spot ETF,sortino,0.1656,1.4,0.0,0,0.000757,0.0,0.0,0.0,0.016557
2025-05-30,300ETF,Spot ETF,sortino,-0.0473,1.4,0.0,0,0.004305,0.0,0.0,0.0,0.016557
2025-06-03,300ETF,Spot ETF,sortino,0.7155,1.4,0.0,0,0.000757,0.0,0.0,0.0,0.016557
2025-06-04,300ETF,Spot ETF,sortino,0.5848,1.4,0.0,0,-0.000252,0.0,0.0,0.0,0.016557
2025-06-05,300ETF,Spot ETF,sortino,-0.8787,1.4,0.0,0,0.003771,0.0,0.0,0.0,0.016557
2025-06-06,300ETF,Spot ETF,sortino,-0.2799,1.4,0.0,0,-0.000251,0.0,0.0,0.0,0.016557
2025-06-09,300ETF,Spot ETF,sortino,0.0598,1.4,0.0,0,-0.001001,0.0,0.0,0.0,0.016557
2025-06-10,300ETF,Spot ETF,sortino,-0.1312,1.4,0.0,0,-0.006773,0.0,0.0,0.0,0.016557
2025-06-11,300ETF,Spot ETF,sortino,1.7373,1.4,1.0,1,-0.00299,-0.002986,0.0016,-0.004586,0.011971
2025-06-12,300ETF,Spot ETF,sortino,-0.5616,1.4,0.0,0,0.0025,0.0,0.0,0.0,0.011971
2025-06-13,300ETF,Spot ETF,sortino,0.2695,1.4,0.0,0,-0.001757,0.0,0.0,0.0,0.011971
2025-06-16,300ETF,Spot ETF,sortino,0.4328,1.4,0.0,0,0.002007,0.0,0.0,0.0,0.011971
2025-06-17,300ETF,Spot ETF,sortino,0.0527,1.4,0.0,0,-0.002758,0.0,0.0,0.0,0.011971
2025-06-18,300ETF,Spot ETF,sortino,0.1609,1.4,0.0,0,0.001282,0.0,0.0,0.0,0.011971
2025-06-19,300ETF,Spot ETF,sortino,-0.6699,1.4,0.0,0,-0.007473,0.0,0.0,0.0,0.011971
2025-06-20,300ETF,Spot ETF,sortino,0.935,1.4,0.0,0,-0.002062,0.0,0.0,0.0,0.011971
2025-06-23,300ETF,Spot ETF,sortino,0.0472,1.4,0.0,0,0.006179,0.0,0.0,0.0,0.011971
2025-06-24,300ETF,Spot ETF,sortino,1.438,1.4,0.508,1,0.000509,0.000517,0.000813,-0.000296,0.011675
2025-06-25,300ETF,Spot ETF,sortino,0.2183,1.4,0.0,0,0.012091,0.0,0.0,0.0,0.011675
2025-06-26,300ETF,Spot ETF,sortino,-0.3217,1.4,0.0,0,-0.002254,0.0,0.0,0.0,0.011675
2025-06-27,300ETF,Spot ETF,sortino,-0.0644,1.4,0.0,0,-0.01005,0.0,0.0,0.0,0.011675
2025-06-30,300ETF,Spot ETF,sortino,0.1681,1.4,0.0,0,0.003271,0.0,0.0,0.0,0.011675
2025-07-01,300ETF,Spot ETF,sortino,-0.7388,1.4,0.0,0,0.00201,0.0,0.0,0.0,0.011675
2025-07-02,300ETF,Spot ETF,sortino,-0.6937,1.4,0.0,0,0.002258,0.0,0.0,0.0,0.011675
2025-07-03,300ETF,Spot ETF,sortino,0.339,1.4,0.0,0,0.002993,0.0,0.0,0.0,0.011675
2025-07-04,300ETF,Spot ETF,sortino,-0.5132,1.4,0.0,0,0.003234,0.0,0.0,0.0,0.011675
2025-07-07,300ETF,Spot ETF,sortino,-1.1778,1.4,0.0,0,0.000498,0.0,0.0,0.0,0.011675
2025-07-08,300ETF,Spot ETF,sortino,0.3982,1.4,0.0,0,0.005691,0.0,0.0,0.0,0.011675
2025-07-09,300ETF,Spot ETF,sortino,0.1122,1.4,0.0,0,-0.000247,0.0,0.0,0.0,0.011675
2025-07-10,300ETF,Spot ETF,sortino,0.3061,1.4,0.0,0,0.004437,0.0,0.0,0.0,0.011675
2025-07-11,300ETF,Spot ETF,sortino,0.5367,1.4,0.0,0,0.001711,0.0,0.0,0.0,0.011675
2025-07-14,300ETF,Spot ETF,sortino,0.2339,1.4,0.0,0,0.000979,0.0,0.0,0.0,0.011675
2025-07-15,300ETF,Spot ETF,sortino,0.8182,1.4,0.0,0,-0.003912,0.0,0.0,0.0,0.011675
2025-07-16,300ETF,Spot ETF,sortino,-0.5146,1.4,0.0,0,-0.005148,0.0,0.0,0.0,0.011675
2025-07-17,300ETF,Spot ETF,sortino,0.9826,1.4,0.0,0,0.003912,0.0,0.0,0.0,0.011675
2025-07-18,300ETF,Spot ETF,sortino,0.7775,1.4,0.0,0,-0.001697,0.0,0.0,0.0,0.011675
2025-07-21,300ETF,Spot ETF,sortino,-0.2763,1.4,0.0,0,0.002649,0.0,0.0,0.0,0.011675
2025-07-22,300ETF,Spot ETF,sortino,0.3818,1.4,0.0,0,0.009102,0.0,0.0,0.0,0.011675
2025-07-23,300ETF,Spot ETF,sortino,0.0361,1.4,0.0,0,-0.003567,0.0,0.0,0.0,0.011675
2025-07-24,300ETF,Spot ETF,sortino,0.5387,1.4,0.0,0,0.005932,0.0,0.0,0.0,0.011675
2025-07-25,300ETF,Spot ETF,sortino,-0.5709,1.4,0.0,0,-0.002137,0.0,0.0,0.0,0.011675
2025-07-28,300ETF,Spot ETF,sortino,-0.623,1.4,0.0,0,-0.000712,0.0,0.0,0.0,0.011675
2025-07-29,300ETF,Spot ETF,sortino,0.2213,1.4,0.0,0,0.007836,0.0,0.0,0.0,0.011675
2025-07-30,300ETF,Spot ETF,sortino,0.2569,1.4,0.0,0,-0.001888,0.0,0.0,0.0,0.011675
2025-07-31,300ETF,Spot ETF,sortino,-1.127,1.4,0.0,0,-0.008889,0.0,0.0,0.0,0.011675
2025-08-01,300ETF,Spot ETF,sortino,0.2729,1.4,0.0,0,-0.00531,0.0,0.0,0.0,0.011675
2025-08-04,300ETF,Spot ETF,sortino,0.8707,1.4,0.0,0,0.002656,0.0,0.0,0.0,0.011675
2025-08-05,300ETF,Spot ETF,sortino,-0.0648,1.4,0.0,0,0.005518,0.0,0.0,0.0,0.011675
2025-08-06,300ETF,Spot ETF,sortino,0.3618,1.4,0.0,0,0.002387,0.0,0.0,0.0,0.011675
2025-08-07,300ETF,Spot ETF,sortino,0.135,1.4,0.0,0,-0.000477,0.0,0.0,0.0,0.011675
2025-08-08,300ETF,Spot ETF,sortino,-0.4451,1.4,0.0,0,0.001913,0.0,0.0,0.0,0.011675
2025-08-11,300ETF,Spot ETF,sortino,-0.501,1.4,0.0,0,0.001665,0.0,0.0,0.0,0.011675
2025-08-12,300ETF,Spot ETF,sortino,0.2943,1.4,0.0,0,0.00071,0.0,0.0,0.0,0.011675
2025-08-13,300ETF,Spot ETF,sortino,0.5661,1.4,0.0,0,0.001885,0.0,0.0,0.0,0.011675
2025-08-14,300ETF,Spot ETF,sortino,1.1093,1.4,0.0,0,-0.002806,0.0,0.0,0.0,0.011675
2025-08-15,300ETF,Spot ETF,sortino,0.3249,1.4,0.0,0,0.004679,0.0,0.0,0.0,0.011675
2025-08-18,300ETF,Spot ETF,sortino,-0.3409,1.4,0.0,0,0.003473,0.0,0.0,0.0,0.011675
2025-08-19,300ETF,Spot ETF,sortino,1.1392,1.4,0.0,0,-0.005091,0.0,0.0,0.0,0.011675
2025-08-20,300ETF,Spot ETF,sortino,0.2025,1.4,0.0,0,0.007394,0.0,0.0,0.0,0.011675
2025-08-21,300ETF,Spot ETF,sortino,0.3692,1.4,0.0,0,0.000459,0.0,0.0,0.0,0.011675
2025-08-22,300ETF,Spot ETF,sortino,1.2212,1.4,0.0,0,0.014431,0.0,0.0,0.0,0.011675
2025-08-25,300ETF,Spot ETF,sortino,1.0512,1.4,0.0,0,0.007066,0.0,0.0,0.0,0.011675
2025-08-26,300ETF,Spot ETF,sortino,-0.693,1.4,0.0,0,0.002637,0.0,0.0,0.0,0.011675
2025-08-27,300ETF,Spot ETF,sortino,0.389,1.4,0.0,0,-0.003751,0.0,0.0,0.0,0.011675
2025-08-28,300ETF,Spot ETF,sortino,1.1452,1.4,0.0,0,0.010664,0.0,0.0,0.0,0.011675
2025-08-29,300ETF,Spot ETF,sortino,1.0503,1.4,0.0,0,0.00218,0.0,0.0,0.0,0.011675
2025-09-01,300ETF,Spot ETF,sortino,-0.7715,1.4,0.0,0,0.005865,0.0,0.0,0.0,0.011675
2025-09-02,300ETF,Spot ETF,sortino,0.7983,1.4,0.0,0,-0.008701,0.0,0.0,0.0,0.011675
2025-09-03,300ETF,Spot ETF,sortino,-0.4223,1.4,0.0,0,-0.003286,0.0,0.0,0.0,0.011675
2025-09-04,300ETF,Spot ETF,sortino,-0.541,1.4,0.0,0,-0.018604,0.0,0.0,0.0,0.011675
2025-09-05,300ETF,Spot ETF,sortino,0.1469,1.4,0.0,0,0.014838,0.0,0.0,0.0,0.011675
2025-09-08,300ETF,Spot ETF,sortino,0.5564,1.4,0.0,0,0.001315,0.0,0.0,0.0,0.011675
2025-09-09,300ETF,Spot ETF,sortino,0.5923,1.4,0.0,0,-0.009911,0.0,0.0,0.0,0.011675
2025-09-10,300ETF,Spot ETF,sortino,0.5403,1.4,0.0,0,0.001101,0.0,0.0,0.0,0.011675
2025-09-11,300ETF,Spot ETF,sortino,0.22,1.4,0.0,0,0.020453,0.0,0.0,0.0,0.011675
2025-09-12,300ETF,Spot ETF,sortino,0.4579,1.4,0.0,0,-0.006036,0.0,0.0,0.0,0.011675
2025-09-15,300ETF,Spot ETF,sortino,0.4328,1.4,0.0,0,-0.001294,0.0,0.0,0.0,0.011675
2025-09-16,300ETF,Spot ETF,sortino,-0.0412,1.4,0.0,0,-0.003031,0.0,0.0,0.0,0.011675
2025-09-17,300ETF,Spot ETF,sortino,0.1378,1.4,0.0,0,0.005182,0.0,0.0,0.0,0.011675
2025-09-18,300ETF,Spot ETF,sortino,-0.4267,1.4,0.0,0,-0.013656,0.0,0.0,0.0,0.011675
2025-09-19,300ETF,Spot ETF,sortino,0.4614,1.4,0.0,0,0.002821,0.0,0.0,0.0,0.011675
2025-09-22,300ETF,Spot ETF,sortino,-1.0929,1.4,0.0,0,0.006304,0.0,0.0,0.0,0.011675
2025-09-23,300ETF,Spot ETF,sortino,-0.0444,1.4,0.0,0,-0.008239,0.0,0.0,0.0,0.011675
2025-09-24,300ETF,Spot ETF,sortino,1.1196,1.4,0.0,0,0.004742,0.0,0.0,0.0,0.011675
2025-09-25,300ETF,Spot ETF,sortino,0.3648,1.4,0.0,0,0.010031,0.0,0.0,0.0,0.011675
2025-09-26,300ETF,Spot ETF,sortino,0.4512,1.4,0.0,0,-0.005567,0.0,0.0,0.0,0.011675
2025-09-29,300ETF,Spot ETF,sortino,0.0054,1.4,0.0,0,0.01515,0.0,0.0,0.0,0.011675
2025-09-30,300ETF,Spot ETF,sortino,0.2115,1.4,0.0,0,0.000632,0.0,0.0,0.0,0.011675
2025-10-09,300ETF,Spot ETF,sortino,0.3469,1.4,0.0,0,0.010646,0.0,0.0,0.0,0.011675
2025-10-10,300ETF,Spot ETF,sortino,-0.4426,1.4,0.0,0,-0.010323,0.0,0.0,0.0,0.011675
2025-10-13,300ETF,Spot ETF,sortino,1.484,1.4,0.5392,1,0.011125,0.006267,0.000863,0.005404,0.017079
2025-10-14,300ETF,Spot ETF,sortino,-0.1848,1.4,0.0,0,-0.0188,0.0,0.0,0.0,0.017079
2025-10-15,300ETF,Spot ETF,sortino,-0.43,1.4,0.0,0,0.010688,0.0,0.0,0.0,0.017079
2025-10-16,300ETF,Spot ETF,sortino,1.2243,1.4,0.0,0,-0.001483,0.0,0.0,0.0,0.017079
2025-10-17,300ETF,Spot ETF,sortino,-0.3815,1.4,0.0,0,-0.010762,0.0,0.0,0.0,0.017079
2025-10-20,300ETF,Spot ETF,sortino,-0.4689,1.4,0.0,0,-0.007105,0.0,0.0,0.0,0.017079
2025-10-21,300ETF,Spot ETF,sortino,0.826,1.4,0.0,0,0.004469,0.0,0.0,0.0,0.017079
2025-10-22,300ETF,Spot ETF,sortino,-0.2085,1.4,0.0,0,0.001918,0.0,0.0,0.0,0.017079
2025-10-23,300ETF,Spot ETF,sortino,-0.2545,1.4,0.0,0,0.009404,0.0,0.0,0.0,0.017079
2025-10-24,300ETF,Spot ETF,sortino,0.8422,1.4,0.0,0,0.005895,0.0,0.0,0.0,0.017079
2025-10-27,300ETF,Spot ETF,sortino,-0.1284,1.4,0.0,0,0.00166,0.0,0.0,0.0,0.017079
2025-10-28,300ETF,Spot ETF,sortino,-0.5665,1.4,0.0,0,-0.002285,0.0,0.0,0.0,0.017079
2025-10-29,300ETF,Spot ETF,sortino,0.4912,1.4,0.0,0,0.006822,0.0,0.0,0.0,0.017079
2025-10-30,300ETF,Spot ETF,sortino,0.2343,1.4,0.0,0,-0.003717,0.0,0.0,0.0,0.017079
2025-10-31,300ETF,Spot ETF,sortino,-0.8018,1.4,0.0,0,-0.007321,0.0,0.0,0.0,0.017079
2025-11-03,300ETF,Spot ETF,sortino,-0.5264,1.4,0.0,0,0.007173,0.0,0.0,0.0,0.017079
2025-11-04,300ETF,Spot ETF,sortino,0.3946,1.4,0.0,0,-0.00866,0.0,0.0,0.0,0.017079
2025-11-05,300ETF,Spot ETF,sortino,-0.0051,1.4,0.0,0,0.010806,0.0,0.0,0.0,0.017079
2025-11-06,300ETF,Spot ETF,sortino,1.1937,1.4,0.0,0,0.00585,0.0,0.0,0.0,0.017079
2025-11-07,300ETF,Spot ETF,sortino,-0.1638,1.4,0.0,0,0.000834,0.0,0.0,0.0,0.017079
2025-11-10,300ETF,Spot ETF,sortino,-0.5399,1.4,0.0,0,0.006892,0.0,0.0,0.0,0.017079
2025-11-11,300ETF,Spot ETF,sortino,-0.8336,1.4,0.0,0,-0.006272,0.0,0.0,0.0,0.017079
2025-11-12,300ETF,Spot ETF,sortino,-0.1677,1.4,0.0,0,-0.001049,0.0,0.0,0.0,0.017079
2025-11-13,300ETF,Spot ETF,sortino,0.2669,1.4,0.0,0,0.007097,0.0,0.0,0.0,0.017079
2025-11-14,300ETF,Spot ETF,sortino,-0.1035,1.4,0.0,0,-0.00335,0.0,0.0,0.0,0.017079
2025-11-17,300ETF,Spot ETF,sortino,-0.3954,1.4,0.0,0,0.000425,0.0,0.0,0.0,0.017079
2025-11-18,300ETF,Spot ETF,sortino,0.1368,1.4,0.0,0,-0.003204,0.0,0.0,0.0,0.017079
2025-11-19,300ETF,Spot ETF,sortino,0.8559,1.4,0.0,0,0.002126,0.0,0.0,0.0,0.017079
2025-11-20,300ETF,Spot ETF,sortino,-0.8507,1.4,0.0,0,-0.005745,0.0,0.0,0.0,0.017079
2025-11-21,300ETF,Spot ETF,sortino,-0.5959,1.4,0.0,0,-0.007611,0.0,0.0,0.0,0.017079
2025-11-24,300ETF,Spot ETF,sortino,-0.9351,1.4,0.0,0,0.002629,0.0,0.0,0.0,0.017079
2025-11-25,300ETF,Spot ETF,sortino,-0.5079,1.4,0.0,0,0.000871,0.0,0.0,0.0,0.017079
2025-11-26,300ETF,Spot ETF,sortino,0.3533,1.4,0.0,0,0.001297,0.0,0.0,0.0,0.017079
2025-11-27,300ETF,Spot ETF,sortino,1.1183,1.4,0.0,0,-0.007958,0.0,0.0,0.0,0.017079
2025-11-28,300ETF,Spot ETF,sortino,-0.5671,1.4,0.0,0,0.006061,0.0,0.0,0.0,0.017079
2025-12-01,300ETF,Spot ETF,sortino,0.2957,1.4,0.0,0,0.003425,0.0,0.0,0.0,0.017079
2025-12-02,300ETF,Spot ETF,sortino,-0.9157,1.4,0.0,0,-0.003854,0.0,0.0,0.0,0.017079
2025-12-03,300ETF,Spot ETF,sortino,0.2046,1.4,0.0,0,-0.004939,0.0,0.0,0.0,0.017079
2025-12-04,300ETF,Spot ETF,sortino,0.2558,1.4,0.0,0,0.005601,0.0,0.0,0.0,0.017079
2025-12-05,300ETF,Spot ETF,sortino,-0.31,1.4,0.0,0,0.007267,0.0,0.0,0.0,0.017079
2025-12-08,300ETF,Spot ETF,sortino,0.4507,1.4,0.0,0,0.005714,0.0,0.0,0.0,0.017079
2025-12-09,300ETF,Spot ETF,sortino,-0.2653,1.4,0.0,0,-0.00678,0.0,0.0,0.0,0.017079
2025-12-10,300ETF,Spot ETF,sortino,-1.394,1.4,0.0,0,0.008536,0.0,0.0,0.0,0.017079
2025-12-11,300ETF,Spot ETF,sortino,0.5366,1.4,0.0,0,-0.007877,0.0,0.0,0.0,0.017079
2025-12-12,300ETF,Spot ETF,sortino,-1.0247,1.4,0.0,0,0.006838,0.0,0.0,0.0,0.017079
2025-12-15,300ETF,Spot ETF,sortino,0.9266,1.4,0.0,0,-0.005761,0.0,0.0,0.0,0.017079
2025-12-16,300ETF,Spot ETF,sortino,-0.4645,1.4,0.0,0,-0.004103,0.0,0.0,0.0,0.017079
2025-12-17,300ETF,Spot ETF,sortino,0.6891,1.4,0.0,0,0.016721,0.0,0.0,0.0,0.017079
2025-12-18,300ETF,Spot ETF,sortino,-0.4483,1.4,0.0,0,-0.001709,0.0,0.0,0.0,0.017079
2025-12-19,300ETF,Spot ETF,sortino,-0.9207,1.4,0.0,0,0.001708,0.0,0.0,0.0,0.017079
2025-12-22,300ETF,Spot ETF,sortino,0.7521,1.4,0.0,0,0.0,0.0,0.0,0.0,0.017079
2025-12-23,300ETF,Spot ETF,sortino,-0.5739,1.4,0.0,0,-0.001901,0.0,0.0,0.0,0.017079
2025-12-24,300ETF,Spot ETF,sortino,-0.6968,1.4,0.0,0,0.003793,0.0,0.0,0.0,0.017079
2025-12-25,300ETF,Spot ETF,sortino,-0.0586,1.4,0.0,0,0.003992,0.0,0.0,0.0,0.017079
2025-12-26,300ETF,Spot ETF,sortino,0.5327,1.4,0.0,0,-0.002091,0.0,0.0,0.0,0.017079
2025-12-29,300ETF,Spot ETF,sortino,-0.6076,1.4,0.0,0,-0.004408,0.0,0.0,0.0,0.017079
2025-12-30,300ETF,Spot ETF,sortino,0.7886,1.4,0.0,0,0.001257,0.0,0.0,0.0,0.017079
2025-12-31,300ETF,Spot ETF,sortino,-0.9673,1.4,0.0,0,-0.005252,0.0,0.0,0.0,0.017079
2024-01-02,500ETF,Spot ETF,sortino,-0.5015,1.1,0.0,0,0.0,0.0,0.0,0.0,0.0
2024-01-03,500ETF,Spot ETF,sortino,1.0006,1.1,0.0,0,-0.002728,0.0,0.0,0.0,0.0
2024-01-04,500ETF,Spot ETF,sortino,-1.541,1.1,-0.6104,1,-0.002936,0.002236,0.000977,0.001259,0.001259
2024-01-05,500ETF,Spot ETF,sortino,0.4568,1.1,0.0,0,-0.015722,0.0,0.0,0.0,0.001259
2024-01-08,500ETF,Spot ETF,sortino,-1.7154,1.1,-1.0,1,-0.010578,0.01108,0.0016,0.00948,0.010739
2024-01-09,500ETF,Spot ETF,sortino,-0.1307,1.1,0.0,0,0.001518,0.0,0.0,0.0,0.010739
2024-01-10,500ETF,Spot ETF,sortino,-1.1363,1.1,0.0,0,-0.002284,0.0,0.0,0.0,0.010739
2024-01-11,500ETF,Spot ETF,sortino,0.3979,1.1,0.0,0,0.010614,0.0,0.0,0.0,0.010739
2024-01-12,500ETF,Spot ETF,sortino,1.0645,1.1,0.0,0,-0.002445,0.0,0.0,0.0,0.010739
2024-01-15,500ETF,Spot ETF,sortino,-0.2797,1.1,0.0,0,0.001703,0.0,0.0,0.0,0.010739
2024-01-16,500ETF,Spot ETF,sortino,0.0243,1.1,0.0,0,-0.007599,0.0,0.0,0.0,0.010739
2024-01-17,500ETF,Spot ETF,sortino,-1.2212,1.1,0.0,0,-0.011113,0.0,0.0,0.0,0.010739
2024-01-18,500ETF,Spot ETF,sortino,-0.8651,1.1,0.0,0,-0.004717,0.0,0.0,0.0,0.010739
2024-01-19,500ETF,Spot ETF,sortino,0.6055,1.1,0.0,0,-0.008577,0.0,0.0,0.0,0.010739
2024-01-22,500ETF,Spot ETF,sortino,-1.76,1.1,-1.0,1,-0.032222,0.0319,0.0016,0.0303,0.041039
2024-01-23,500ETF,Spot ETF,sortino,-0.5499,1.1,0.0,0,0.015873,0.0,0.0,0.0,0.041039
2024-01-24,500ETF,Spot ETF,sortino,0.191,1.1,0.0,0,0.008648,0.0,0.0,0.0,0.041039
2024-01-25,500ETF,Spot ETF,sortino,0.4738,1.1,0.0,0,0.023147,0.0,0.0,0.0,0.041039
2024-01-26,500ETF,Spot ETF,sortino,0.0456,1.1,0.0,0,-0.006058,0.0,0.0,0.0,0.041039
2024-01-29,500ETF,Spot ETF,sortino,-1.258,1.1,0.0,0,-0.0067,0.0,0.0,0.0,0.041039
2024-01-30,500ETF,Spot ETF,sortino,0.4571,1.1,0.0,0,-0.016323,0.0,0.0,0.0,0.041039
2024-01-31,500ETF,Spot ETF,sortino,0.4325,1.1,0.0,0,-0.012858,0.0,0.0,0.0,0.041039
2024-02-01,500ETF,Spot ETF,sortino,-0.0308,1.1,0.0,0,0.01181,0.0,0.0,0.0,0.041039
2024-02-02,500ETF,Spot ETF,sortino,0.4873,1.1,0.0,0,-0.024021,0.0,0.0,0.0,0.041039
2024-02-05,500ETF,Spot ETF,sortino,-2.033,1.1,-1.0,1,0.020384,0.010188,0.0016,0.008588,0.049627
2024-02-06,500ETF,Spot ETF,sortino,1.9818,1.1,1.0,1,0.045314,0.04388,0.0016,0.04228,0.091908
2024-02-07,500ETF,Spot ETF,sortino,2.1965,1.1,1.0,1,0.008381,0.010394,0.0016,0.008794,0.100702
2024-02-08,500ETF,Spot ETF,sortino,1.8409,1.1,1.0,1,-0.028245,-0.00705,0.0016,-0.00865,0.092052
2024-02-19,500ETF,Spot ETF,sortino,-1.5466,1.1,-0.6193,1,-0.008051,0.004731,0.000991,0.00374,0.095793
2024-02-20,500ETF,Spot ETF,sortino,-0.4901,1.1,0.0,0,0.007312,0.0,0.0,0.0,0.095793
2024-02-21,500ETF,Spot ETF,sortino,0.2234,1.1,0.0,0,0.007661,0.0,0.0,0.0,0.095793
2024-02-22,500ETF,Spot ETF,sortino,1.244,1.1,0.6152,1,-0.001907,-0.001756,0.000984,-0.00274,0.093052
2024-02-23,500ETF,Spot ETF,sortino,-0.8388,1.1,0.0,0,0.006279,0.0,0.0,0.0,0.093052
2024-02-26,500ETF,Spot ETF,sortino,-0.3811,1.1,0.0,0,0.004739,0.0,0.0,0.0,0.093052
2024-02-27,500ETF,Spot ETF,sortino,0.6425,1.1,0.0,0,0.018783,0.0,0.0,0.0,0.093052
2024-02-28,500ETF,Spot ETF,sortino,1.4253,1.1,1.0,1,-0.018105,-0.019765,0.0016,-0.021365,0.071688
2024-02-29,500ETF,Spot ETF,sortino,2.1774,1.1,1.0,1,0.011339,0.011404,0.0016,0.009804,0.081492
2024-03-01,500ETF,Spot ETF,sortino,0.1018,1.1,0.0,0,0.003488,0.0,0.0,0.0,0.081492
2024-03-04,500ETF,Spot ETF,sortino,-0.6183,1.1,0.0,0,0.003665,0.0,0.0,0.0,0.081492
2024-03-05,500ETF,Spot ETF,sortino,0.4684,1.1,0.0,0,-0.002014,0.0,0.0,0.0,0.081492
2024-03-06,500ETF,Spot ETF,sortino,-0.0006,1.1,0.0,0,0.004055,0.0,0.0,0.0,0.081492
2024-03-07,500ETF,Spot ETF,sortino,0.9332,1.1,0.0,0,-0.015135,0.0,0.0,0.0,0.081492
2024-03-08,500ETF,Spot ETF,sortino,1.0292,1.1,0.0,0,0.008305,0.0,0.0,0.0,0.081492
2024-03-11,500ETF,Spot ETF,sortino,0.9275,1.1,0.0,0,0.010959,0.0,0.0,0.0,0.081492
2024-03-12,500ETF,Spot ETF,sortino,0.5231,1.1,0.0,0,-0.009588,0.0,0.0,0.0,0.081492
2024-03-13,500ETF,Spot ETF,sortino,-1.0319,1.1,0.0,0,0.000546,0.0,0.0,0.0,0.081492
2024-03-14,500ETF,Spot ETF,sortino,0.9843,1.1,0.0,0,-0.008918,0.0,0.0,0.0,0.081492
2024-03-15,500ETF,Spot ETF,sortino,0.0498,1.1,0.0,0,0.011651,0.0,0.0,0.0,0.081492
2024-03-18,500ETF,Spot ETF,sortino,0.5193,1.1,0.0,0,0.005373,0.0,0.0,0.0,0.081492
2024-03-19,500ETF,Spot ETF,sortino,0.113,1.1,0.0,0,-0.006265,0.0,0.0,0.0,0.081492
2024-03-20,500ETF,Spot ETF,sortino,0.8459,1.1,0.0,0,-0.001256,0.0,0.0,0.0,0.081492
2024-03-21,500ETF,Spot ETF,sortino,-0.1014,1.1,0.0,0,-0.0043,0.0,0.0,0.0,0.081492
2024-03-22,500ETF,Spot ETF,sortino,-1.5802,1.1,-0.6804,1,-0.003466,0.002847,0.001089,0.001759,0.08325
2024-03-25,500ETF,Spot ETF,sortino,-0.9265,1.1,0.0,0,-0.002579,0.0,0.0,0.0,0.08325
2024-03-26,500ETF,Spot ETF,sortino,0.6265,1.1,0.0,0,-0.003535,0.0,0.0,0.0,0.08325
2024-03-27,500ETF,Spot ETF,sortino,-1.6628,1.1,-0.8838,1,-0.007358,0.005984,0.001414,0.00457,0.08782
2024-03-28,500ETF,Spot ETF,sortino,1.2271,1.1,0.5897,1,0.002465,0.001231,0.000944,0.000288,0.088108
2024-03-29,500ETF,Spot ETF,sortino,0.9946,1.1,0.0,0,0.005434,0.0,0.0,0.0,0.088108
2024-04-01,500ETF,Spot ETF,sortino,1.3613,1.1,0.8793,1,0.004758,0.005492,0.001407,0.004085,0.092192
2024-04-02,500ETF,Spot ETF,sortino,-0.5553,1.1,0.0,0,-0.002931,0.0,0.0,0.0,0.092192
2024-04-03,500ETF,Spot ETF,sortino,-0.5316,1.1,0.0,0,0.001468,0.0,0.0,0.0,0.092192
2024-04-08,500ETF,Spot ETF,sortino,-0.7254,1.1,0.0,0,-0.006836,0.0,0.0,0.0,0.092192
2024-04-09,500ETF,Spot ETF,sortino,0.4283,1.1,0.0,0,0.007784,0.0,0.0,0.0,0.092192
2024-04-10,500ETF,Spot ETF,sortino,-1.1869,1.1,0.0,0,-0.005757,0.0,0.0,0.0,0.092192
2024-04-11,500ETF,Spot ETF,sortino,1.0721,1.1,0.0,0,0.006137,0.0,0.0,0.0,0.092192
2024-04-12,500ETF,Spot ETF,sortino,0.0066,1.1,0.0,0,-0.002604,0.0,0.0,0.0,0.092192
2024-04-15,500ETF,Spot ETF,sortino,0.2529,1.1,0.0,0,0.007082,0.0,0.0,0.0,0.092192
2024-04-16,500ETF,Spot ETF,sortino,0.1899,1.1,0.0,0,-0.014083,0.0,0.0,0.0,0.092192
2024-04-17,500ETF,Spot ETF,sortino,1.9505,1.1,1.0,1,0.005387,0.005589,0.0016,0.003989,0.096181
2024-04-18,500ETF,Spot ETF,sortino,-0.2228,1.1,0.0,0,0.006449,0.0,0.0,0.0,0.096181
2024-04-19,500ETF,Spot ETF,sortino,1.3274,1.1,0.7873,1,-0.008876,-0.007245,0.00126,-0.008504,0.087677
2024-04-22,500ETF,Spot ETF,sortino,-0.1516,1.1,0.0,0,-0.012256,0.0,0.0,0.0,0.087677
2024-04-23,500ETF,Spot ETF,sortino,-0.5368,1.1,0.0,0,-0.003579,0.0,0.0,0.0,0.087677
2024-04-24,500ETF,Spot ETF,sortino,-0.5346,1.1,0.0,0,0.008674,0.0,0.0,0.0,0.087677
2024-04-25,500ETF,Spot ETF,sortino,0.1265,1.1,0.0,0,0.001686,0.0,0.0,0.0,0.087677
2024-04-26,500ETF,Spot ETF,sortino,1.2276,1.1,0.5904,1,0.01641,0.009657,0.000945,0.008713,0.096389
2024-04-29,500ETF,Spot ETF,sortino,1.3504,1.1,0.8485,1,0.01388,0.012172,0.001358,0.010814,0.107204
2024-04-30,500ETF,Spot ETF,sortino,-0.823,1.1,0.0,0,-0.001982,0.0,0.0,0.0,0.107204
2024-05-06,500ETF,Spot ETF,sortino,0.5132,1.1,0.0,0,0.000356,0.0,0.0,0.0,0.107204
2024-05-07,500ETF,Spot ETF,sortino,0.1727,1.1,0.0,0,-0.004274,0.0,0.0,0.0,0.107204
2024-05-08,500ETF,Spot ETF,sortino,-1.4605,1.1,-0.5203,1,-0.005393,0.002891,0.000833,0.002059,0.109262
2024-05-09,500ETF,Spot ETF,sortino,1.8764,1.1,1.0,1,0.00284,0.003736,0.0016,0.002136,0.111398
2024-05-10,500ETF,Spot ETF,sortino,-1.6137,1.1,-0.7536,1,0.005883,-0.00404,0.001206,-0.005246,0.106152
2024-05-13,500ETF,Spot ETF,sortino,-1.2156,1.1,0.0,0,0.001257,0.0,0.0,0.0,0.106152
2024-05-14,500ETF,Spot ETF,sortino,0.4364,1.1,0.0,0,0.000716,0.0,0.0,0.0,0.106152
2024-05-15,500ETF,Spot ETF,sortino,-0.7395,1.1,0.0,0,-0.003773,0.0,0.0,0.0,0.106152
2024-05-16,500ETF,Spot ETF,sortino,-0.128,1.1,0.0,0,-0.009218,0.0,0.0,0.0,0.106152
2024-05-17,500ETF,Spot ETF,sortino,0.6726,1.1,0.0,0,0.001464,0.0,0.0,0.0,0.106152
2024-05-20,500ETF,Spot ETF,sortino,0.7927,1.1,0.0,0,-0.001991,0.0,0.0,0.0,0.106152
2024-05-21,500ETF,Spot ETF,sortino,-1.0207,1.1,0.0,0,-0.001094,0.0,0.0,0.0,0.106152
2024-05-22,500ETF,Spot ETF,sortino,0.2725,1.1,0.0,0,-0.002372,0.0,0.0,0.0,0.106152
2024-05-23,500ETF,Spot ETF,sortino,-1.792,1.1,-1.0,1,-0.006304,0.006101,0.0016,0.004501,0.110653
2024-05-24,500ETF,Spot ETF,sortino,1.5558,1.1,1.0,1,-0.009871,-0.009088,0.0016,-0.010688,0.099966
2024-05-27,500ETF,Spot ETF,sortino,-0.8355,1.1,0.0,0,0.008967,0.0,0.0,0.0,0.099966
2024-05-28,500ETF,Spot ETF,sortino,-0.9605,1.1,0.0,0,-0.00561,0.0,0.0,0.0,0.099966
2024-05-29,500ETF,Spot ETF,sortino,1.2153,1.1,0.5739,1,-0.004659,-0.002136,0.000918,-0.003054,0.096912
2024-05-30,500ETF,Spot ETF,sortino,0.2794,1.1,0.0,0,-0.007098,0.0,0.0,0.0,0.096912
2024-05-31,500ETF,Spot ETF,sortino,1.0975,1.1,0.0,0,-0.007647,0.0,0.0,0.0,0.096912
2024-06-03,500ETF,Spot ETF,sortino,-0.4568,1.1,0.0,0,-0.012089,0.0,0.0,0.0,0.096912
2024-06-04,500ETF,Spot ETF,sortino,0.3267,1.1,0.0,0,0.011981,0.0,0.0,0.0,0.096912
2024-06-05,500ETF,Spot ETF,sortino,0.5637,1.1,0.0,0,-0.009168,0.0,0.0,0.0,0.096912
2024-06-06,500ETF,Spot ETF,sortino,-0.1658,1.1,0.0,0,-0.012291,0.0,0.0,0.0,0.096912
2024-06-07,500ETF,Spot ETF,sortino,-0.5263,1.1,0.0,0,-0.003992,0.0,0.0,0.0,0.096912
2024-06-11,500ETF,Spot ETF,sortino,-0.6427,1.1,0.0,0,0.008977,0.0,0.0,0.0,0.096912
2024-06-12,500ETF,Spot ETF,sortino,0.8111,1.1,0.0,0,0.000379,0.0,0.0,0.0,0.096912
2024-06-13,500ETF,Spot ETF,sortino,-1.0915,1.1,0.0,0,-0.005147,0.0,0.0,0.0,0.096912
2024-06-14,500ETF,Spot ETF,sortino,-0.5433,1.1,0.0,0,0.009145,0.0,0.0,0.0,0.096912
2024-06-17,500ETF,Spot ETF,sortino,1.0649,1.1,0.0,0,-0.002851,0.0,0.0,0.0,0.096912
2024-06-18,500ETF,Spot ETF,sortino,0.6593,1.1,0.0,0,-0.001138,0.0,0.0,0.0,0.096912
2024-06-19,500ETF,Spot ETF,sortino,-1.6425,1.1,-0.8266,1,-0.005539,0.004722,0.001323,0.0034,0.100312
2024-06-20,500ETF,Spot ETF,sortino,-0.0106,1.1,0.0,0,-0.011409,0.0,0.0,0.0,0.100312
2024-06-21,500ETF,Spot ETF,sortino,0.5331,1.1,0.0,0,-0.001356,0.0,0.0,0.0,0.100312
2024-06-24,500ETF,Spot ETF,sortino,-0.6749,1.1,0.0,0,-0.00727,0.0,0.0,0.0,0.100312
2024-06-25,500ETF,Spot ETF,sortino,-0.0642,1.1,0.0,0,-0.009745,0.0,0.0,0.0,0.100312
2024-06-26,500ETF,Spot ETF,sortino,-0.7364,1.1,0.0,0,0.018874,0.0,0.0,0.0,0.100312
2024-06-27,500ETF,Spot ETF,sortino,-1.4808,1.1,-0.5363,1,-0.00399,0.002242,0.000858,0.001384,0.101696
2024-06-28,500ETF,Spot ETF,sortino,1.9143,1.1,1.0,1,-0.011342,-0.010299,0.0016,-0.011899,0.089797
2024-07-01,500ETF,Spot ETF,sortino,0.4374,1.1,0.0,0,0.008739,0.0,0.0,0.0,0.089797
2024-07-02,500ETF,Spot ETF,sortino,-0.6794,1.1,0.0,0,-0.008573,0.0,0.0,0.0,0.089797
2024-07-03,500ETF,Spot ETF,sortino,-0.7488,1.1,0.0,0,-0.004214,0.0,0.0,0.0,0.089797
2024-07-04,500ETF,Spot ETF,sortino,0.0275,1.1,0.0,0,-0.011556,0.0,0.0,0.0,0.089797
2024-07-05,500ETF,Spot ETF,sortino,-1.0137,1.1,0.0,0,0.010011,0.0,0.0,0.0,0.089797
2024-07-08,500ETF,Spot ETF,sortino,-1.7714,1.1,-1.0,1,-0.004113,0.004717,0.0016,0.003117,0.092914
2024-07-09,500ETF,Spot ETF,sortino,0.7213,1.1,0.0,0,0.017541,0.0,0.0,0.0,0.092914
2024-07-10,500ETF,Spot ETF,sortino,0.5038,1.1,0.0,0,-0.007506,0.0,0.0,0.0,0.092914
2024-07-11,500ETF,Spot ETF,sortino,-0.9371,1.1,0.0,0,0.007834,0.0,0.0,0.0,0.092914
2024-07-12,500ETF,Spot ETF,sortino,-0.2989,1.1,0.0,0,-0.0002,0.0,0.0,0.0,0.092914
2024-07-15,500ETF,Spot ETF,sortino,-1.0222,1.1,0.0,0,-0.004439,0.0,0.0,0.0,0.092914
2024-07-16,500ETF,Spot ETF,sortino,0.0146,1.1,0.0,0,0.00202,0.0,0.0,0.0,0.092914
2024-07-17,500ETF,Spot ETF,sortino,-1.4365,1.1,-0.5074,1,0.001621,-0.000308,0.000812,-0.00112,0.091793
2024-07-18,500ETF,Spot ETF,sortino,-0.5184,1.1,0.0,0,0.00935,0.0,0.0,0.0,0.091793
2024-07-19,500ETF,Spot ETF,sortino,-0.2412,1.1,0.0,0,0.005274,0.0,0.0,0.0,0.091793
2024-07-22,500ETF,Spot ETF,sortino,-0.3918,1.1,0.0,0,-0.001619,0.0,0.0,0.0,0.091793
2024-07-23,500ETF,Spot ETF,sortino,-2.0195,1.1,-1.0,1,-0.015038,0.01573,0.0016,0.01413,0.105924
2024-07-24,500ETF,Spot ETF,sortino,0.1684,1.1,0.0,0,-0.006929,0.0,0.0,0.0,0.105924
2024-07-25,500ETF,Spot ETF,sortino,0.7007,1.1,0.0,0,-0.000212,0.0,0.0,0.0,0.105924
2024-07-26,500ETF,Spot ETF,sortino,1.9926,1.1,1.0,1,-0.002708,-0.002704,0.0016,-0.004304,0.101619
2024-07-29,500ETF,Spot ETF,sortino,-1.0924,1.1,0.0,0,-0.002298,0.0,0.0,0.0,0.101619
2024-07-30,500ETF,Spot ETF,sortino,-1.8294,1.1,-1.0,1,0.01011,-0.00952,0.0016,-0.01112,0.0905
2024-07-31,500ETF,Spot ETF,sortino,0.7975,1.1,0.0,0,0.022441,0.0,0.0,0.0,0.0905
2024-08-01,500ETF,Spot ETF,sortino,0.0749,1.1,0.0,0,-0.007271,0.0,0.0,0.0,0.0905
2024-08-02,500ETF,Spot ETF,sortino,1.5711,1.1,1.0,1,-0.016307,-0.017168,0.0016,-0.018768,0.071731
2024-08-05,500ETF,Spot ETF,sortino,1.374,1.1,0.9171,1,-0.017623,-0.016153,0.001467,-0.01762,0.054111
2024-08-06,500ETF,Spot ETF,sortino,-0.0939,1.1,0.0,0,-0.001661,0.0,0.0,0.0,0.054111
2024-08-07,500ETF,Spot ETF,sortino,-0.2522,1.1,0.0,0,0.000621,0.0,0.0,0.0,0.054111
2024-08-08,500ETF,Spot ETF,sortino,-0.8424,1.1,0.0,0,0.01121,0.0,0.0,0.0,0.054111
2024-08-09,500ETF,Spot ETF,sortino,0.304,1.1,0.0,0,-0.010567,0.0,0.0,0.0,0.054111
2024-08-12,500ETF,Spot ETF,sortino,-0.2711,1.1,0.0,0,-0.003339,0.0,0.0,0.0,0.054111
2024-08-13,500ETF,Spot ETF,sortino,-0.6236,1.1,0.0,0,-0.001256,0.0,0.0,0.0,0.054111
2024-08-14,500ETF,Spot ETF,sortino,-1.9247,1.1,-1.0,1,0.0,0.00021,0.0016,-0.00139,0.052722
2024-08-15,500ETF,Spot ETF,sortino,0.3656,1.1,0.0,0,0.003154,0.0,0.0,0.0,0.052722
2024-08-16,500ETF,Spot ETF,sortino,-0.7418,1.1,0.0,0,-0.008609,0.0,0.0,0.0,0.052722
2024-08-19,500ETF,Spot ETF,sortino,1.5448,1.1,1.0,1,-0.009826,-0.007506,0.0016,-0.009106,0.043615
2024-08-20,500ETF,Spot ETF,sortino,-1.463,1.1,-0.5221,1,-0.008743,0.005093,0.000835,0.004258,0.047874
2024-08-21,500ETF,Spot ETF,sortino,0.5707,1.1,0.0,0,0.001073,0.0,0.0,0.0,0.047874
2024-08-22,500ETF,Spot ETF,sortino,-0.865,1.1,0.0,0,-0.007573,0.0,0.0,0.0,0.047874
2024-08-23,500ETF,Spot ETF,sortino,0.5622,1.1,0.0,0,0.002605,0.0,0.0,0.0,0.047874
2024-08-26,500ETF,Spot ETF,sortino,-0.2116,1.1,0.0,0,-0.002166,0.0,0.0,0.0,0.047874
2024-08-27,500ETF,Spot ETF,sortino,-1.1911,1.1,0.0,0,-0.002406,0.0,0.0,0.0,0.047874
2024-08-28,500ETF,Spot ETF,sortino,0.4052,1.1,0.0,0,0.001968,0.0,0.0,0.0,0.047874
2024-08-29,500ETF,Spot ETF,sortino,0.7635,1.1,0.0,0,0.014523,0.0,0.0,0.0,0.047874
2024-08-30,500ETF,Spot ETF,sortino,1.2592,1.1,0.6407,1,0.004873,0.002993,0.001025,0.001968,0.049842
2024-09-02,500ETF,Spot ETF,sortino,-0.997,1.1,0.0,0,-0.010953,0.0,0.0,0.0,0.049842
2024-09-03,500ETF,Spot ETF,sortino,1.644,1.1,1.0,1,0.00236,0.002363,0.0016,0.000763,0.050604
2024-09-04,500ETF,Spot ETF,sortino,0.0963,1.1,0.0,0,0.001718,0.0,0.0,0.0,0.050604
2024-09-05,500ETF,Spot ETF,sortino,0.6088,1.1,0.0,0,0.000428,0.0,0.0,0.0,0.050604
2024-09-06,500ETF,Spot ETF,sortino,-0.7924,1.1,0.0,0,-0.012468,0.0,0.0,0.0,0.050604
2024-09-09,500ETF,Spot ETF,sortino,0.4055,1.1,0.0,0,-0.005239,0.0,0.0,0.0,0.050604
2024-09-10,500ETF,Spot ETF,sortino,-1.4851,1.1,-0.5402,1,0.007451,-0.006281,0.000864,-0.007145,0.043459
2024-09-11,500ETF,Spot ETF,sortino,0.3889,1.1,0.0,0,0.003059,0.0,0.0,0.0,0.043459
2024-09-12,500ETF,Spot ETF,sortino,1.0086,1.1,0.0,0,-0.007831,0.0,0.0,0.0,0.043459
2024-09-13,500ETF,Spot ETF,sortino,0.1072,1.1,0.0,0,-0.012076,0.0,0.0,0.0,0.043459
2024-09-18,500ETF,Spot ETF,sortino,-0.5267,1.1,0.0,0,0.006412,0.0,0.0,0.0,0.043459
2024-09-19,500ETF,Spot ETF,sortino,-1.2254,1.1,0.0,0,0.012474,0.0,0.0,0.0,0.043459
2024-09-20,500ETF,Spot ETF,sortino,-1.215,1.1,0.0,0,0.000439,0.0,0.0,0.0,0.043459
2024-09-23,500ETF,Spot ETF,sortino,0.9356,1.1,0.0,0,-0.007193,0.0,0.0,0.0,0.043459
2024-09-24,500ETF,Spot ETF,sortino,0.1947,1.1,0.0,0,0.033176,0.0,0.0,0.0,0.043459
2024-09-25,500ETF,Spot ETF,sortino,1.5145,1.1,1.0,1,-0.015453,-0.017342,0.0016,-0.018942,0.024517
2024-09-26,500ETF,Spot ETF,sortino,0.8855,1.1,0.0,0,0.030253,0.0,0.0,0.0,0.024517
2024-09-27,500ETF,Spot ETF,sortino,0.8342,1.1,0.0,0,0.047271,0.0,0.0,0.0,0.024517
2024-09-30,500ETF,Spot ETF,sortino,0.3026,1.1,0.0,0,0.056831,0.0,0.0,0.0,0.024517
2024-10-08,500ETF,Spot ETF,sortino,-2.4442,1.1,-1.0,1,-0.041617,0.052905,0.0016,0.051305,0.075822
2024-10-09,500ETF,Spot ETF,sortino,-0.844,1.1,0.0,0,-0.02211,0.0,0.0,0.0,0.075822
2024-10-10,500ETF,Spot ETF,sortino,-0.6156,1.1,0.0,0,0.005165,0.0,0.0,0.0,0.075822
2024-10-11,500ETF,Spot ETF,sortino,-1.3205,1.1,0.0,0,-0.026339,0.0,0.0,0.0,0.075822
2024-10-14,500ETF,Spot ETF,sortino,-0.9668,1.1,0.0,0,0.022168,0.0,0.0,0.0,0.075822
2024-10-15,500ETF,Spot ETF,sortino,0.0097,1.1,0.0,0,-0.015743,0.0,0.0,0.0,0.075822
2024-10-16,500ETF,Spot ETF,sortino,1.8637,1.1,1.0,1,-0.011145,-0.009188,0.0016,-0.010788,0.065034
2024-10-17,500ETF,Spot ETF,sortino,0.4144,1.1,0.0,0,-0.017223,0.0,0.0,0.0,0.065034
2024-10-18,500ETF,Spot ETF,sortino,0.5934,1.1,0.0,0,0.064595,0.0,0.0,0.0,0.065034
2024-10-21,500ETF,Spot ETF,sortino,0.07,1.1,0.0,0,0.013006,0.0,0.0,0.0,0.065034
2024-10-22,500ETF,Spot ETF,sortino,-0.4168,1.1,0.0,0,0.007051,0.0,0.0,0.0,0.065034
2024-10-23,500ETF,Spot ETF,sortino,0.4347,1.1,0.0,0,0.000511,0.0,0.0,0.0,0.065034
2024-10-24,500ETF,Spot ETF,sortino,-0.6819,1.1,0.0,0,0.001896,0.0,0.0,0.0,0.065034
2024-10-25,500ETF,Spot ETF,sortino,0.8634,1.1,0.0,0,0.011057,0.0,0.0,0.0,0.065034
2024-10-28,500ETF,Spot ETF,sortino,-0.4214,1.1,0.0,0,0.007751,0.0,0.0,0.0,0.065034
2024-10-29,500ETF,Spot ETF,sortino,-0.9398,1.1,0.0,0,-0.006559,0.0,0.0,0.0,0.065034
2024-10-30,500ETF,Spot ETF,sortino,1.4872,1.1,1.0,1,-0.006737,-0.006715,0.0016,-0.008315,0.056719
2024-10-31,500ETF,Spot ETF,sortino,-0.2647,1.1,0.0,0,0.012699,0.0,0.0,0.0,0.056719
2024-11-01,500ETF,Spot ETF,sortino,0.2778,1.1,0.0,0,-0.004516,0.0,0.0,0.0,0.056719
2024-11-04,500ETF,Spot ETF,sortino,1.2233,1.1,0.5845,1,0.004343,0.002152,0.000935,0.001216,0.057935
2024-11-05,500ETF,Spot ETF,sortino,0.8968,1.1,0.0,0,0.021754,0.0,0.0,0.0,0.057935
2024-11-06,500ETF,Spot ETF,sortino,0.5086,1.1,0.0,0,-0.004161,0.0,0.0,0.0,0.057935
2024-11-07,500ETF,Spot ETF,sortino,1.0119,1.1,0.0,0,0.016279,0.0,0.0,0.0,0.057935
2024-11-08,500ETF,Spot ETF,sortino,-0.2343,1.1,0.0,0,-0.010981,0.0,0.0,0.0,0.057935
2024-11-11,500ETF,Spot ETF,sortino,1.3027,1.1,0.7284,1,0.00704,0.005376,0.001165,0.00421,0.062146
2024-11-12,500ETF,Spot ETF,sortino,0.6538,1.1,0.0,0,-0.024049,0.0,0.0,0.0,0.062146
2024-11-13,500ETF,Spot ETF,sortino,0.6078,1.1,0.0,0,0.0,0.0,0.0,0.0,0.062146
2024-11-14,500ETF,Spot ETF,sortino,-0.9172,1.1,0.0,0,-0.018384,0.0,0.0,0.0,0.062146
2024-11-15,500ETF,Spot ETF,sortino,-0.1454,1.1,0.0,0,-0.012768,0.0,0.0,0.0,0.062146
2024-11-18,500ETF,Spot ETF,sortino,-1.3191,1.1,0.0,0,-0.008403,0.0,0.0,0.0,0.062146
2024-11-19,500ETF,Spot ETF,sortino,1.3635,1.1,0.8857,1,0.006012,0.005341,0.001417,0.003924,0.06607
2024-11-20,500ETF,Spot ETF,sortino,0.5588,1.1,0.0,0,0.009913,0.0,0.0,0.0,0.06607
2024-11-21,500ETF,Spot ETF,sortino,0.3122,1.1,0.0,0,-0.001648,0.0,0.0,0.0,0.06607
2024-11-22,500ETF,Spot ETF,sortino,-0.3117,1.1,0.0,0,-0.021578,0.0,0.0,0.0,0.06607
2024-11-25,500ETF,Spot ETF,sortino,-0.8257,1.1,0.0,0,-0.000172,0.0,0.0,0.0,0.06607
2024-11-26,500ETF,Spot ETF,sortino,0.7539,1.1,0.0,0,-0.006887,0.0,0.0,0.0,0.06607
2024-11-27,500ETF,Spot ETF,sortino,-1.0618,1.1,0.0,0,0.027423,0.0,0.0,0.0,0.06607
2024-11-28,500ETF,Spot ETF,sortino,0.3587,1.1,0.0,0,-0.003233,0.0,0.0,0.0,0.06607
2024-11-29,500ETF,Spot ETF,sortino,0.6811,1.1,0.0,0,0.017973,0.0,0.0,0.0,0.06607
2024-12-02,500ETF,Spot ETF,sortino,1.6742,1.1,1.0,1,0.001163,0.001331,0.0016,-0.000269,0.0658
2024-12-03,500ETF,Spot ETF,sortino,-1.011,1.1,0.0,0,0.004654,0.0,0.0,0.0,0.0658
2024-12-04,500ETF,Spot ETF,sortino,-1.3615,1.1,0.0,0,-0.006689,0.0,0.0,0.0,0.0658
2024-12-05,500ETF,Spot ETF,sortino,0.6472,1.1,0.0,0,0.005024,0.0,0.0,0.0,0.0658
2024-12-06,500ETF,Spot ETF,sortino,-0.3922,1.1,0.0,0,0.019219,0.0,0.0,0.0,0.0658
2024-12-09,500ETF,Spot ETF,sortino,-0.2474,1.1,0.0,0,-0.002149,0.0,0.0,0.0,0.0658
2024-12-10,500ETF,Spot ETF,sortino,-1.9416,1.1,-1.0,1,-0.010111,0.008773,0.0016,0.007173,0.072974
2024-12-11,500ETF,Spot ETF,sortino,1.0937,1.1,0.0,0,0.004729,0.0,0.0,0.0,0.072974
2024-12-12,500ETF,Spot ETF,sortino,-0.4337,1.1,0.0,0,0.009239,0.0,0.0,0.0,0.072974
2024-12-13,500ETF,Spot ETF,sortino,-1.6927,1.1,-0.9759,1,0.000656,-0.0,0.001561,-0.001561,0.071412
2024-12-16,500ETF,Spot ETF,sortino,-0.9909,1.1,0.0,0,-0.009301,0.0,0.0,0.0,0.071412
2024-12-17,500ETF,Spot ETF,sortino,-0.2318,1.1,0.0,0,-0.010894,0.0,0.0,0.0,0.071412
2024-12-18,500ETF,Spot ETF,sortino,0.5044,1.1,0.0,0,0.000335,0.0,0.0,0.0,0.071412
2024-12-19,500ETF,Spot ETF,sortino,0.499,1.1,0.0,0,0.008542,0.0,0.0,0.0,0.071412
2024-12-20,500ETF,Spot ETF,sortino,0.9789,1.1,0.0,0,-0.001165,0.0,0.0,0.0,0.071412
2024-12-23,500ETF,Spot ETF,sortino,-0.4502,1.1,0.0,0,-0.012412,0.0,0.0,0.0,0.071412
2024-12-24,500ETF,Spot ETF,sortino,1.1396,1.1,0.5087,1,0.000168,0.000256,0.000814,-0.000558,0.070854
2024-12-25,500ETF,Spot ETF,sortino,-1.4629,1.1,-0.522,1,-0.004727,0.002024,0.000835,0.001188,0.072043
2024-12-26,500ETF,Spot ETF,sortino,1.3433,1.1,0.8289,1,0.002511,0.000971,0.001326,-0.000355,0.071688
2024-12-27,500ETF,Spot ETF,sortino,1.0237,1.1,0.0,0,-0.004664,0.0,0.0,0.0,0.071688
2024-12-30,500ETF,Spot ETF,sortino,0.651,1.1,0.0,0,-0.00183,0.0,0.0,0.0,0.071688
2024-12-31,500ETF,Spot ETF,sortino,-1.8722,1.1,-1.0,1,-0.016169,0.016039,0.0016,0.014439,0.086127
2025-01-02,500ETF,Spot ETF,sortino,-1.3822,1.1,0.0,0,-0.030734,0.0,0.0,0.0,0.086127
2025-01-03,500ETF,Spot ETF,sortino,-0.6774,1.1,0.0,0,-0.017245,0.0,0.0,0.0,0.086127
2025-01-06,500ETF,Spot ETF,sortino,0.0914,1.1,0.0,0,-0.007459,0.0,0.0,0.0,0.086127
2025-01-07,500ETF,Spot ETF,sortino,0.7636,1.1,0.0,0,0.005052,0.0,0.0,0.0,0.086127
2025-01-08,500ETF,Spot ETF,sortino,-1.041,1.1,0.0,0,0.003619,0.0,0.0,0.0,0.086127
2025-01-09,500ETF,Spot ETF,sortino,1.1392,1.1,0.5085,1,0.00198,0.000183,0.000814,-0.000631,0.085496
2025-01-10,500ETF,Spot ETF,sortino,0.4761,1.1,0.0,0,-0.009248,0.0,0.0,0.0,0.085496
2025-01-13,500ETF,Spot ETF,sortino,1.0358,1.1,0.0,0,-0.001831,0.0,0.0,0.0,0.085496
2025-01-14,500ETF,Spot ETF,sortino,0.8907,1.1,0.0,0,0.016654,0.0,0.0,0.0,0.085496
2025-01-15,500ETF,Spot ETF,sortino,-1.1367,1.1,0.0,0,-0.002316,0.0,0.0,0.0,0.085496
2025-01-16,500ETF,Spot ETF,sortino,1.4103,1.1,1.0,1,-0.009909,-0.010747,0.0016,-0.012347,0.073149
2025-01-17,500ETF,Spot ETF,sortino,0.3922,1.1,0.0,0,0.011528,0.0,0.0,0.0,0.073149
2025-01-20,500ETF,Spot ETF,sortino,0.3765,1.1,0.0,0,-0.008532,0.0,0.0,0.0,0.073149
2025-01-21,500ETF,Spot ETF,sortino,-1.877,1.1,-1.0,1,0.008036,-0.007346,0.0016,-0.008946,0.064203
2025-01-22,500ETF,Spot ETF,sortino,-0.8769,1.1,0.0,0,0.005016,0.0,0.0,0.0,0.064203
2025-01-23,500ETF,Spot ETF,sortino,0.1235,1.1,0.0,0,-0.014182,0.0,0.0,0.0,0.064203
2025-01-24,500ETF,Spot ETF,sortino,0.8765,1.1,0.0,0,0.006564,0.0,0.0,0.0,0.064203
2025-01-27,500ETF,Spot ETF,sortino,-0.2586,1.1,0.0,0,-0.005335,0.0,0.0,0.0,0.064203
2025-02-05,500ETF,Spot ETF,sortino,-1.5957,1.1,-0.7128,1,0.001249,-0.000764,0.00114,-0.001904,0.062299
2025-02-06,500ETF,Spot ETF,sortino,1.0113,1.1,0.0,0,0.017061,0.0,0.0,0.0,0.062299
2025-02-07,500ETF,Spot ETF,sortino,1.1515,1.1,0.5148,1,0.000517,-0.002445,0.000824,-0.003268,0.059031
2025-02-10,500ETF,Spot ETF,sortino,0.2115,1.1,0.0,0,0.002387,0.0,0.0,0.0,0.059031
2025-02-11,500ETF,Spot ETF,sortino,-1.609,1.1,-0.7427,1,0.00445,-0.002801,0.001188,-0.003989,0.055041
2025-02-12,500ETF,Spot ETF,sortino,0.8858,1.1,0.0,0,0.002378,0.0,0.0,0.0,0.055041
2025-02-13,500ETF,Spot ETF,sortino,-0.636,1.1,0.0,0,-0.002704,0.0,0.0,0.0,0.055041
2025-02-14,500ETF,Spot ETF,sortino,0.8285,1.1,0.0,0,0.003883,0.0,0.0,0.0,0.055041
2025-02-17,500ETF,Spot ETF,sortino,-0.9612,1.1,0.0,0,0.000505,0.0,0.0,0.0,0.055041
2025-02-18,500ETF,Spot ETF,sortino,-0.268,1.1,0.0,0,-0.018393,0.0,0.0,0.0,0.055041
2025-02-19,500ETF,Spot ETF,sortino,0.8639,1.1,0.0,0,0.010509,0.0,0.0,0.0,0.055041
2025-02-20,500ETF,Spot ETF,sortino,0.4472,1.1,0.0,0,0.005204,0.0,0.0,0.0,0.055041
2025-02-21,500ETF,Spot ETF,sortino,-0.1383,1.1,0.0,0,0.019321,0.0,0.0,0.0,0.055041
2025-02-24,500ETF,Spot ETF,sortino,-0.4893,1.1,0.0,0,-0.001988,0.0,0.0,0.0,0.055041
2025-02-25,500ETF,Spot ETF,sortino,-0.2151,1.1,0.0,0,0.000167,0.0,0.0,0.0,0.055041
2025-02-26,500ETF,Spot ETF,sortino,0.482,1.1,0.0,0,0.004319,0.0,0.0,0.0,0.055041
2025-02-27,500ETF,Spot ETF,sortino,-0.2292,1.1,0.0,0,-0.00133,0.0,0.0,0.0,0.055041
2025-02-28,500ETF,Spot ETF,sortino,-1.2266,1.1,0.0,0,-0.014737,0.0,0.0,0.0,0.055041
2025-03-03,500ETF,Spot ETF,sortino,0.7142,1.1,0.0,0,-0.008488,0.0,0.0,0.0,0.055041
2025-03-04,500ETF,Spot ETF,sortino,0.6778,1.1,0.0,0,0.007109,0.0,0.0,0.0,0.055041
2025-03-05,500ETF,Spot ETF,sortino,-0.2486,1.1,0.0,0,0.007267,0.0,0.0,0.0,0.055041
2025-03-06,500ETF,Spot ETF,sortino,0.842,1.1,0.0,0,0.005629,0.0,0.0,0.0,0.055041
2025-03-07,500ETF,Spot ETF,sortino,-0.0481,1.1,0.0,0,-0.003167,0.0,0.0,0.0,0.055041
2025-03-10,500ETF,Spot ETF,sortino,-0.6341,1.1,0.0,0,0.003501,0.0,0.0,0.0,0.055041
2025-03-11,500ETF,Spot ETF,sortino,0.9917,1.1,0.0,0,0.003823,0.0,0.0,0.0,0.055041
2025-03-12,500ETF,Spot ETF,sortino,-0.5197,1.1,0.0,0,-0.000826,0.0,0.0,0.0,0.055041
2025-03-13,500ETF,Spot ETF,sortino,-1.0918,1.1,0.0,0,0.002172,0.0,0.0,0.0,0.055041
2025-03-14,500ETF,Spot ETF,sortino,0.7269,1.1,0.0,0,0.009569,0.0,0.0,0.0,0.055041
2025-03-17,500ETF,Spot ETF,sortino,-0.4506,1.1,0.0,0,0.002131,0.0,0.0,0.0,0.055041
2025-03-18,500ETF,Spot ETF,sortino,0.4156,1.1,0.0,0,-0.004723,0.0,0.0,0.0,0.055041
2025-03-19,500ETF,Spot ETF,sortino,-1.1092,1.1,0.0,0,0.001645,0.0,0.0,0.0,0.055041
2025-03-20,500ETF,Spot ETF,sortino,-0.5475,1.1,0.0,0,-0.00033,0.0,0.0,0.0,0.055041
2025-03-21,500ETF,Spot ETF,sortino,0.2074,1.1,0.0,0,-0.010151,0.0,0.0,0.0,0.055041
2025-03-24,500ETF,Spot ETF,sortino,-0.0548,1.1,0.0,0,-0.004712,0.0,0.0,0.0,0.055041
2025-03-25,500ETF,Spot ETF,sortino,0.3768,1.1,0.0,0,-0.004534,0.0,0.0,0.0,0.055041
2025-03-26,500ETF,Spot ETF,sortino,1.1046,1.1,0.5001,1,-0.00403,-0.002595,0.0008,-0.003395,0.051646
2025-03-27,500ETF,Spot ETF,sortino,-0.4924,1.1,0.0,0,0.004372,0.0,0.0,0.0,0.051646
2025-03-28,500ETF,Spot ETF,sortino,0.0987,1.1,0.0,0,-0.003373,0.0,0.0,0.0,0.051646
2025-03-31,500ETF,Spot ETF,sortino,-0.1283,1.1,0.0,0,-0.007491,0.0,0.0,0.0,0.051646
2025-04-01,500ETF,Spot ETF,sortino,0.815,1.1,0.0,0,-0.001188,0.0,0.0,0.0,0.051646
2025-04-02,500ETF,Spot ETF,sortino,0.9271,1.1,0.0,0,-0.005082,0.0,0.0,0.0,0.051646
2025-04-03,500ETF,Spot ETF,sortino,0.8527,1.1,0.0,0,-0.004441,0.0,0.0,0.0,0.051646
2025-04-07,500ETF,Spot ETF,sortino,-1.6171,1.1,-0.7617,1,-0.029367,0.019582,0.001219,0.018364,0.07001
2025-04-08,500ETF,Spot ETF,sortino,0.6624,1.1,0.0,0,-0.01079,0.0,0.0,0.0,0.07001
2025-04-09,500ETF,Spot ETF,sortino,-1.2129,1.1,0.0,0,0.031861,0.0,0.0,0.0,0.07001
2025-04-10,500ETF,Spot ETF,sortino,0.7085,1.1,0.0,0,-0.009861,0.0,0.0,0.0,0.07001
2025-04-11,500ETF,Spot ETF,sortino,0.9752,1.1,0.0,0,0.005567,0.0,0.0,0.0,0.07001
2025-04-14,500ETF,Spot ETF,sortino,0.0336,1.1,0.0,0,-0.001068,0.0,0.0,0.0,0.07001
2025-04-15,500ETF,Spot ETF,sortino,-1.8149,1.1,-1.0,1,0.002152,-0.002334,0.0016,-0.003934,0.066076
2025-04-16,500ETF,Spot ETF,sortino,-0.8512,1.1,0.0,0,-0.008658,0.0,0.0,0.0,0.066076
2025-04-17,500ETF,Spot ETF,sortino,1.4855,1.1,1.0,1,-0.005021,-0.005008,0.0016,-0.006608,0.059468
2025-04-18,500ETF,Spot ETF,sortino,0.0308,1.1,0.0,0,0.00577,0.0,0.0,0.0,0.059468
2025-04-21,500ETF,Spot ETF,sortino,1.1259,1.1,0.5037,1,0.008374,0.004145,0.000806,0.003339,0.062807
2025-04-22,500ETF,Spot ETF,sortino,-0.3302,1.1,0.0,0,0.000356,0.0,0.0,0.0,0.062807
2025-04-23,500ETF,Spot ETF,sortino,-0.2368,1.1,0.0,0,-0.000888,0.0,0.0,0.0,0.062807
2025-04-24,500ETF,Spot ETF,sortino,-0.0083,1.1,0.0,0,-0.004449,0.0,0.0,0.0,0.062807
2025-04-25,500ETF,Spot ETF,sortino,0.1547,1.1,0.0,0,0.002315,0.0,0.0,0.0,0.062807
2025-04-28,500ETF,Spot ETF,sortino,-1.2397,1.1,0.0,0,0.002505,0.0,0.0,0.0,0.062807
2025-04-29,500ETF,Spot ETF,sortino,0.3613,1.1,0.0,0,0.000536,0.0,0.0,0.0,0.062807
2025-04-30,500ETF,Spot ETF,sortino,0.9678,1.1,0.0,0,0.0016,0.0,0.0,0.0,0.062807
2025-05-06,500ETF,Spot ETF,sortino,0.8953,1.1,0.0,0,0.005782,0.0,0.0,0.0,0.062807
2025-05-07,500ETF,Spot ETF,sortino,-1.3905,1.1,0.0,0,-0.006618,0.0,0.0,0.0,0.062807
2025-05-08,500ETF,Spot ETF,sortino,0.9278,1.1,0.0,0,0.001213,0.0,0.0,0.0,0.062807
2025-05-09,500ETF,Spot ETF,sortino,-0.8012,1.1,0.0,0,-0.004534,0.0,0.0,0.0,0.062807
2025-05-12,500ETF,Spot ETF,sortino,0.2825,1.1,0.0,0,0.002599,0.0,0.0,0.0,0.062807
2025-05-13,500ETF,Spot ETF,sortino,-1.1449,1.1,0.0,0,-0.003626,0.0,0.0,0.0,0.062807
2025-05-14,500ETF,Spot ETF,sortino,-0.2638,1.1,0.0,0,0.003287,0.0,0.0,0.0,0.062807
2025-05-15,500ETF,Spot ETF,sortino,-1.7141,1.1,-1.0,1,-0.002269,0.002788,0.0016,0.001188,0.063995
2025-05-16,500ETF,Spot ETF,sortino,0.7179,1.1,0.0,0,-0.002622,0.0,0.0,0.0,0.063995
2025-05-19,500ETF,Spot ETF,sortino,-1.2873,1.1,0.0,0,0.007894,0.0,0.0,0.0,0.063995
2025-05-20,500ETF,Spot ETF,sortino,-0.4618,1.1,0.0,0,0.006803,0.0,0.0,0.0,0.063995
2025-05-21,500ETF,Spot ETF,sortino,0.3308,1.1,0.0,0,0.003133,0.0,0.0,0.0,0.063995
2025-05-22,500ETF,Spot ETF,sortino,0.2389,1.1,0.0,0,-0.006104,0.0,0.0,0.0,0.063995
2025-05-23,500ETF,Spot ETF,sortino,0.7683,1.1,0.0,0,-0.010013,0.0,0.0,0.0,0.063995
2025-05-26,500ETF,Spot ETF,sortino,0.5657,1.1,0.0,0,-0.000705,0.0,0.0,0.0,0.063995
2025-05-27,500ETF,Spot ETF,sortino,-0.7495,1.1,0.0,0,0.000707,0.0,0.0,0.0,0.063995
2025-05-28,500ETF,Spot ETF,sortino,0.0548,1.1,0.0,0,-0.001769,0.0,0.0,0.0,0.063995
2025-05-29,500ETF,Spot ETF,sortino,1.1708,1.1,0.5279,1,0.003848,0.002965,0.000845,0.002121,0.066116
2025-05-30,500ETF,Spot ETF,sortino,-1.607,1.1,-0.738,1,0.000703,0.00013,0.001181,-0.001051,0.065065
2025-06-03,500ETF,Spot ETF,sortino,1.2841,1.1,0.6883,1,-0.003497,-0.001684,0.001101,-0.002785,0.062279
2025-06-04,500ETF,Spot ETF,sortino,1.0561,1.1,0.0,0,0.001567,0.0,0.0,0.0,0.062279
2025-06-05,500ETF,Spot ETF,sortino,-0.248,1.1,0.0,0,0.007108,0.0,0.0,0.0,0.062279
2025-06-06,500ETF,Spot ETF,sortino,-0.557,1.1,0.0,0,0.000173,0.0,0.0,0.0,0.062279
2025-06-09,500ETF,Spot ETF,sortino,0.6791,1.1,0.0,0,-0.000858,0.0,0.0,0.0,0.062279
2025-06-10,500ETF,Spot ETF,sortino,-0.6169,1.1,0.0,0,-0.006384,0.0,0.0,0.0,0.062279
2025-06-11,500ETF,Spot ETF,sortino,1.3712,1.1,0.9085,1,-0.002916,-0.002645,0.001454,-0.004099,0.058181
2025-06-12,500ETF,Spot ETF,sortino,0.3332,1.1,0.0,0,0.002578,0.0,0.0,0.0,0.058181
2025-06-13,500ETF,Spot ETF,sortino,-0.4777,1.1,0.0,0,-0.001558,0.0,0.0,0.0,0.058181
2025-06-16,500ETF,Spot ETF,sortino,1.2716,1.1,0.6635,1,-0.000861,-0.000457,0.001062,-0.001519,0.056662
2025-06-17,500ETF,Spot ETF,sortino,-0.1218,1.1,0.0,0,-0.004147,0.0,0.0,0.0,0.056662
2025-06-18,500ETF,Spot ETF,sortino,-0.0538,1.1,0.0,0,0.001734,0.0,0.0,0.0,0.056662
2025-06-19,500ETF,Spot ETF,sortino,0.2844,1.1,0.0,0,-0.010639,0.0,0.0,0.0,0.056662
2025-06-20,500ETF,Spot ETF,sortino,0.2222,1.1,0.0,0,-0.003864,0.0,0.0,0.0,0.056662
2025-06-23,500ETF,Spot ETF,sortino,1.0259,1.1,0.0,0,0.004205,0.0,0.0,0.0,0.056662
2025-06-24,500ETF,Spot ETF,sortino,1.5603,1.1,1.0,1,0.005183,0.005371,0.0016,0.003771,0.060433
2025-06-25,500ETF,Spot ETF,sortino,1.1577,1.1,0.5185,1,0.009869,0.005053,0.00083,0.004223,0.064656
2025-06-26,500ETF,Spot ETF,sortino,-0.2919,1.1,0.0,0,-0.003726,0.0,0.0,0.0,0.064656
2025-06-27,500ETF,Spot ETF,sortino,0.8308,1.1,0.0,0,-0.002367,0.0,0.0,0.0,0.064656
2025-06-30,500ETF,Spot ETF,sortino,0.5987,1.1,0.0,0,0.002689,0.0,0.0,0.0,0.064656
2025-07-01,500ETF,Spot ETF,sortino,-0.3697,1.1,0.0,0,0.002683,0.0,0.0,0.0,0.064656
2025-07-02,500ETF,Spot ETF,sortino,-0.6079,1.1,0.0,0,-0.002016,0.0,0.0,0.0,0.064656
2025-07-03,500ETF,Spot ETF,sortino,0.5299,1.1,0.0,0,0.002682,0.0,0.0,0.0,0.064656
2025-07-04,500ETF,Spot ETF,sortino,-0.3542,1.1,0.0,0,0.000839,0.0,0.0,0.0,0.064656
2025-07-07,500ETF,Spot ETF,sortino,-0.0372,1.1,0.0,0,0.001345,0.0,0.0,0.0,0.064656
2025-07-08,500ETF,Spot ETF,sortino,1.416,1.1,1.0,1,0.005646,0.005662,0.0016,0.004062,0.068718
2025-07-09,500ETF,Spot ETF,sortino,0.1417,1.1,0.0,0,-0.002656,0.0,0.0,0.0,0.068718
2025-07-10,500ETF,Spot ETF,sortino,0.2412,1.1,0.0,0,0.00332,0.0,0.0,0.0,0.068718
2025-07-11,500ETF,Spot ETF,sortino,-0.1693,1.1,0.0,0,0.00806,0.0,0.0,0.0,0.068718
2025-07-14,500ETF,Spot ETF,sortino,0.0738,1.1,0.0,0,-0.00115,0.0,0.0,0.0,0.068718
2025-07-15,500ETF,Spot ETF,sortino,0.8065,1.1,0.0,0,-0.002136,0.0,0.0,0.0,0.068718
2025-07-16,500ETF,Spot ETF,sortino,0.9705,1.1,0.0,0,-0.00754,0.0,0.0,0.0,0.068718
2025-07-17,500ETF,Spot ETF,sortino,1.0965,1.1,0.0,0,0.006365,0.0,0.0,0.0,0.068718
2025-07-18,500ETF,Spot ETF,sortino,0.3959,1.1,0.0,0,-0.001787,0.0,0.0,0.0,0.068718
2025-07-21,500ETF,Spot ETF,sortino,0.7904,1.1,0.0,0,0.002413,0.0,0.0,0.0,0.068718
2025-07-22,500ETF,Spot ETF,sortino,0.4152,1.1,0.0,0,0.007665,0.0,0.0,0.0,0.068718
2025-07-23,500ETF,Spot ETF,sortino,0.5006,1.1,0.0,0,-0.005247,0.0,0.0,0.0,0.068718
2025-07-24,500ETF,Spot ETF,sortino,1.2963,1.1,0.7141,1,0.008052,0.005774,0.001143,0.004631,0.073349
2025-07-25,500ETF,Spot ETF,sortino,0.133,1.1,0.0,0,0.000157,0.0,0.0,0.0,0.073349
2025-07-28,500ETF,Spot ETF,sortino,-0.4144,1.1,0.0,0,0.0,0.0,0.0,0.0,0.073349
2025-07-29,500ETF,Spot ETF,sortino,-0.8276,1.1,0.0,0,0.010665,0.0,0.0,0.0,0.073349
2025-07-30,500ETF,Spot ETF,sortino,0.3185,1.1,0.0,0,-0.004213,0.0,0.0,0.0,0.073349
2025-07-31,500ETF,Spot ETF,sortino,0.3758,1.1,0.0,0,-0.013455,0.0,0.0,0.0,0.073349
2025-08-01,500ETF,Spot ETF,sortino,0.764,1.1,0.0,0,-0.004604,0.0,0.0,0.0,0.073349
2025-08-04,500ETF,Spot ETF,sortino,0.5515,1.1,0.0,0,0.007771,0.0,0.0,0.0,0.073349
2025-08-05,500ETF,Spot ETF,sortino,0.4936,1.1,0.0,0,0.002516,0.0,0.0,0.0,0.073349
2025-08-06,500ETF,Spot ETF,sortino,0.4326,1.1,0.0,0,0.006865,0.0,0.0,0.0,0.073349
2025-08-07,500ETF,Spot ETF,sortino,-0.0354,1.1,0.0,0,-0.001402,0.0,0.0,0.0,0.073349
2025-08-08,500ETF,Spot ETF,sortino,-0.4298,1.1,0.0,0,0.002817,0.0,0.0,0.0,0.073349
2025-08-11,500ETF,Spot ETF,sortino,1.0171,1.1,0.0,0,0.003253,0.0,0.0,0.0,0.073349
2025-08-12,500ETF,Spot ETF,sortino,-0.5069,1.1,0.0,0,0.00386,0.0,0.0,0.0,0.073349
2025-08-13,500ETF,Spot ETF,sortino,0.8954,1.1,0.0,0,0.006569,0.0,0.0,0.0,0.073349
2025-08-14,500ETF,Spot ETF,sortino,-0.4041,1.1,0.0,0,-0.005187,0.0,0.0,0.0,0.073349
2025-08-15,500ETF,Spot ETF,sortino,1.8055,1.1,1.0,1,0.009687,0.009887,0.0016,0.008287,0.081636
2025-08-18,500ETF,Spot ETF,sortino,0.1219,1.1,0.0,0,0.00387,0.0,0.0,0.0,0.081636
2025-08-19,500ETF,Spot ETF,sortino,0.782,1.1,0.0,0,-0.003411,0.0,0.0,0.0,0.081636
2025-08-20,500ETF,Spot ETF,sortino,0.4471,1.1,0.0,0,0.009456,0.0,0.0,0.0,0.081636
2025-08-21,500ETF,Spot ETF,sortino,-0.3798,1.1,0.0,0,-0.003101,0.0,0.0,0.0,0.081636
2025-08-22,500ETF,Spot ETF,sortino,1.1202,1.1,0.5023,1,0.010043,0.005218,0.000804,0.004415,0.086051
2025-08-25,500ETF,Spot ETF,sortino,0.7116,1.1,0.0,0,0.003848,0.0,0.0,0.0,0.086051
2025-08-26,500ETF,Spot ETF,sortino,0.9131,1.1,0.0,0,0.003398,0.0,0.0,0.0,0.086051
2025-08-27,500ETF,Spot ETF,sortino,0.7528,1.1,0.0,0,-0.003826,0.0,0.0,0.0,0.086051
2025-08-28,500ETF,Spot ETF,sortino,0.7558,1.1,0.0,0,0.009996,0.0,0.0,0.0,0.086051
2025-08-29,500ETF,Spot ETF,sortino,-0.5309,1.1,0.0,0,0.002669,0.0,0.0,0.0,0.086051
2025-09-01,500ETF,Spot ETF,sortino,-0.4197,1.1,0.0,0,0.008927,0.0,0.0,0.0,0.086051
2025-09-02,500ETF,Spot ETF,sortino,-1.4491,1.1,-0.5134,1,-0.011724,0.006198,0.000821,0.005376,0.091427
2025-09-03,500ETF,Spot ETF,sortino,-0.5835,1.1,0.0,0,-0.007127,0.0,0.0,0.0,0.091427
2025-09-04,500ETF,Spot ETF,sortino,-0.7724,1.1,0.0,0,-0.03305,0.0,0.0,0.0,0.091427
2025-09-05,500ETF,Spot ETF,sortino,0.123,1.1,0.0,0,0.022677,0.0,0.0,0.0,0.091427
2025-09-08,500ETF,Spot ETF,sortino,0.969,1.1,0.0,0,0.004389,0.0,0.0,0.0,0.091427
2025-09-09,500ETF,Spot ETF,sortino,0.4698,1.1,0.0,0,-0.011232,0.0,0.0,0.0,0.091427
2025-09-10,500ETF,Spot ETF,sortino,1.3225,1.1,0.7749,1,-0.003844,-0.00374,0.00124,-0.00498,0.086447
2025-09-11,500ETF,Spot ETF,sortino,-0.1974,1.1,0.0,0,0.02656,0.0,0.0,0.0,0.086447
2025-09-12,500ETF,Spot ETF,sortino,0.847,1.1,0.0,0,0.003999,0.0,0.0,0.0,0.086447
2025-09-15,500ETF,Spot ETF,sortino,-0.5001,1.1,0.0,0,0.000414,0.0,0.0,0.0,0.086447
2025-09-16,500ETF,Spot ETF,sortino,0.4554,1.1,0.0,0,0.002067,0.0,0.0,0.0,0.086447
2025-09-17,500ETF,Spot ETF,sortino,0.597,1.1,0.0,0,0.007377,0.0,0.0,0.0,0.086447
2025-09-18,500ETF,Spot ETF,sortino,0.6184,1.1,0.0,0,-0.014078,0.0,0.0,0.0,0.086447
2025-09-19,500ETF,Spot ETF,sortino,0.2373,1.1,0.0,0,0.001236,0.0,0.0,0.0,0.086447
2025-09-22,500ETF,Spot ETF,sortino,-0.6516,1.1,0.0,0,0.010042,0.0,0.0,0.0,0.086447
2025-09-23,500ETF,Spot ETF,sortino,-1.0653,1.1,0.0,0,-0.007178,0.0,0.0,0.0,0.086447
2025-09-24,500ETF,Spot ETF,sortino,1.0426,1.1,0.0,0,0.015371,0.0,0.0,0.0,0.086447
2025-09-25,500ETF,Spot ETF,sortino,0.7767,1.1,0.0,0,0.005239,0.0,0.0,0.0,0.086447
2025-09-26,500ETF,Spot ETF,sortino,0.487,1.1,0.0,0,-0.00935,0.0,0.0,0.0,0.086447
2025-09-29,500ETF,Spot ETF,sortino,-0.3826,1.1,0.0,0,0.015013,0.0,0.0,0.0,0.086447
2025-09-30,500ETF,Spot ETF,sortino,1.099,1.1,0.0,0,0.002395,0.0,0.0,0.0,0.086447
2025-10-09,500ETF,Spot ETF,sortino,0.1662,1.1,0.0,0,0.012094,0.0,0.0,0.0,0.086447
2025-10-10,500ETF,Spot ETF,sortino,-0.9436,1.1,0.0,0,-0.006904,0.0,0.0,0.0,0.086447
2025-10-13,500ETF,Spot ETF,sortino,0.3518,1.1,0.0,0,0.012912,0.0,0.0,0.0,0.086447
2025-10-14,500ETF,Spot ETF,sortino,0.2303,1.1,0.0,0,-0.029027,0.0,0.0,0.0,0.086447
2025-10-15,500ETF,Spot ETF,sortino,-0.37,1.1,0.0,0,0.007899,0.0,0.0,0.0,0.086447
2025-10-16,500ETF,Spot ETF,sortino,0.1297,1.1,0.0,0,-0.006949,0.0,0.0,0.0,0.086447
2025-10-17,500ETF,Spot ETF,sortino,-1.4851,1.1,-0.5403,1,-0.014357,0.007701,0.000864,0.006836,0.093283
2025-10-20,500ETF,Spot ETF,sortino,0.0278,1.1,0.0,0,-0.01268,0.0,0.0,0.0,0.093283
2025-10-21,500ETF,Spot ETF,sortino,0.685,1.1,0.0,0,0.006756,0.0,0.0,0.0,0.093283
2025-10-22,500ETF,Spot ETF,sortino,-0.3355,1.1,0.0,0,0.000138,0.0,0.0,0.0,0.093283
2025-10-23,500ETF,Spot ETF,sortino,-1.8755,1.1,-1.0,1,0.012549,-0.012344,0.0016,-0.013944,0.079339
2025-10-24,500ETF,Spot ETF,sortino,0.9552,1.1,0.0,0,0.006418,0.0,0.0,0.0,0.079339
2025-10-27,500ETF,Spot ETF,sortino,0.7859,1.1,0.0,0,0.002677,0.0,0.0,0.0,0.079339
2025-10-28,500ETF,Spot ETF,sortino,0.2167,1.1,0.0,0,-0.003351,0.0,0.0,0.0,0.079339
2025-10-29,500ETF,Spot ETF,sortino,1.2665,1.1,0.6539,1,0.01167,0.007323,0.001046,0.006277,0.085616
2025-10-30,500ETF,Spot ETF,sortino,-1.4338,1.1,-0.5064,1,-0.001463,0.001076,0.00081,0.000266,0.085883
2025-10-31,500ETF,Spot ETF,sortino,-0.0396,1.1,0.0,0,-0.005617,0.0,0.0,0.0,0.085883
2025-11-03,500ETF,Spot ETF,sortino,-1.51,1.1,-0.5672,1,0.008786,-0.004229,0.000907,-0.005137,0.080746
2025-11-04,500ETF,Spot ETF,sortino,-0.7378,1.1,0.0,0,-0.01188,0.0,0.0,0.0,0.080746
2025-11-05,500ETF,Spot ETF,sortino,0.5038,1.1,0.0,0,0.013565,0.0,0.0,0.0,0.080746
2025-11-06,500ETF,Spot ETF,sortino,0.7622,1.1,0.0,0,0.010269,0.0,0.0,0.0,0.080746
2025-11-07,500ETF,Spot ETF,sortino,-0.1449,1.1,0.0,0,0.002961,0.0,0.0,0.0,0.080746
2025-11-10,500ETF,Spot ETF,sortino,-0.1685,1.1,0.0,0,0.001882,0.0,0.0,0.0,0.080746
2025-11-11,500ETF,Spot ETF,sortino,-0.2892,1.1,0.0,0,-0.006059,0.0,0.0,0.0,0.080746
2025-11-12,500ETF,Spot ETF,sortino,-0.4771,1.1,0.0,0,-0.001767,0.0,0.0,0.0,0.080746
2025-11-13,500ETF,Spot ETF,sortino,1.2699,1.1,0.6604,1,0.006594,0.004818,0.001057,0.003762,0.084508
2025-11-14,500ETF,Spot ETF,sortino,-0.2137,1.1,0.0,0,-0.002839,0.0,0.0,0.0,0.084508
2025-11-17,500ETF,Spot ETF,sortino,-0.4726,1.1,0.0,0,0.003276,0.0,0.0,0.0,0.084508
2025-11-18,500ETF,Spot ETF,sortino,-0.6618,1.1,0.0,0,-0.005097,0.0,0.0,0.0,0.084508
2025-11-19,500ETF,Spot ETF,sortino,0.3366,1.1,0.0,0,-0.001656,0.0,0.0,0.0,0.084508
2025-11-20,500ETF,Spot ETF,sortino,-1.2581,1.1,0.0,0,-0.009159,0.0,0.0,0.0,0.084508
2025-11-21,500ETF,Spot ETF,sortino,-1.2625,1.1,0.0,0,-0.008017,0.0,0.0,0.0,0.084508
2025-11-24,500ETF,Spot ETF,sortino,-0.6089,1.1,0.0,0,0.007755,0.0,0.0,0.0,0.084508
2025-11-25,500ETF,Spot ETF,sortino,1.1876,1.1,0.5427,1,-0.001558,-0.000998,0.000868,-0.001867,0.082641
2025-11-26,500ETF,Spot ETF,sortino,0.9997,1.1,0.0,0,-0.005638,0.0,0.0,0.0,0.082641
2025-11-27,500ETF,Spot ETF,sortino,1.5402,1.1,1.0,1,-0.011532,-0.010497,0.0016,-0.012097,0.070544
2025-11-28,500ETF,Spot ETF,sortino,0.254,1.1,0.0,0,0.012277,0.0,0.0,0.0,0.070544
2025-12-01,500ETF,Spot ETF,sortino,0.788,1.1,0.0,0,0.000139,0.0,0.0,0.0,0.070544
2025-12-02,500ETF,Spot ETF,sortino,-0.9777,1.1,0.0,0,-0.002658,0.0,0.0,0.0,0.070544
2025-12-03,500ETF,Spot ETF,sortino,-0.0306,1.1,0.0,0,-0.004642,0.0,0.0,0.0,0.070544
2025-12-04,500ETF,Spot ETF,sortino,-1.1077,1.1,0.0,0,0.006904,0.0,0.0,0.0,0.070544
2025-12-05,500ETF,Spot ETF,sortino,-0.5775,1.1,0.0,0,0.011024,0.0,0.0,0.0,0.070544
2025-12-08,500ETF,Spot ETF,sortino,0.4389,1.1,0.0,0,0.007024,0.0,0.0,0.0,0.070544
2025-12-09,500ETF,Spot ETF,sortino,0.6717,1.1,0.0,0,-0.008411,0.0,0.0,0.0,0.070544
2025-12-10,500ETF,Spot ETF,sortino,-0.8706,1.1,0.0,0,0.012457,0.0,0.0,0.0,0.070544
2025-12-11,500ETF,Spot ETF,sortino,-0.1425,1.1,0.0,0,-0.005524,0.0,0.0,0.0,0.070544
2025-12-12,500ETF,Spot ETF,sortino,0.0213,1.1,0.0,0,0.013114,0.0,0.0,0.0,0.070544
2025-12-15,500ETF,Spot ETF,sortino,0.5304,1.1,0.0,0,-0.004411,0.0,0.0,0.0,0.070544
2025-12-16,500ETF,Spot ETF,sortino,-2.2084,1.1,-1.0,1,-0.001262,0.0021,0.0016,0.0005,0.071044
2025-12-17,500ETF,Spot ETF,sortino,0.4647,1.1,0.0,0,0.020155,0.0,0.0,0.0,0.071044
2025-12-18,500ETF,Spot ETF,sortino,1.2075,1.1,0.5642,1,-0.006612,-0.004179,0.000903,-0.005082,0.065963
2025-12-19,500ETF,Spot ETF,sortino,0.2871,1.1,0.0,0,0.004813,0.0,0.0,0.0,0.065963
2025-12-22,500ETF,Spot ETF,sortino,1.1842,1.1,0.5394,1,-0.000407,-0.000439,0.000863,-0.001302,0.064661
2025-12-23,500ETF,Spot ETF,sortino,0.206,1.1,0.0,0,-0.004611,0.0,0.0,0.0,0.064661
2025-12-24,500ETF,Spot ETF,sortino,0.3219,1.1,0.0,0,0.010232,0.0,0.0,0.0,0.064661
2025-12-25,500ETF,Spot ETF,sortino,0.6104,1.1,0.0,0,0.009323,0.0,0.0,0.0,0.064661
2025-12-26,500ETF,Spot ETF,sortino,0.7097,1.1,0.0,0,0.000924,0.0,0.0,0.0,0.064661
2025-12-29,500ETF,Spot ETF,sortino,-0.6017,1.1,0.0,0,-0.00212,0.0,0.0,0.0,0.064661
2025-12-30,500ETF,Spot ETF,sortino,1.1194,1.1,0.5021,1,0.001319,0.000464,0.000803,-0.00034,0.064321
2025-12-31,500ETF,Spot ETF,sortino,-0.4796,1.1,0.0,0,0.001716,0.0,0.0,0.0,0.064321
2024-01-02,159915ETF,Spot ETF,sortino,-1.0771,0.7,0.0,0,-0.005501,0.0,0.0,0.0,0.0
2024-01-03,159915ETF,Spot ETF,sortino,-0.4639,0.7,0.0,0,-0.005574,0.0,0.0,0.0,0.0
2024-01-04,159915ETF,Spot ETF,sortino,-1.1447,0.7,0.0,0,-0.006248,0.0,0.0,0.0,0.0
2024-01-05,159915ETF,Spot ETF,sortino,0.442,0.7,0.0,0,-0.01895,0.0,0.0,0.0,0.0
2024-01-08,159915ETF,Spot ETF,sortino,-0.1674,0.7,0.0,0,-0.011108,0.0,0.0,0.0,0.0
2024-01-09,159915ETF,Spot ETF,sortino,-0.221,0.7,0.0,0,0.001759,0.0,0.0,0.0,0.0
2024-01-10,159915ETF,Spot ETF,sortino,-0.2366,0.7,0.0,0,-0.005277,0.0,0.0,0.0,0.0
2024-01-11,159915ETF,Spot ETF,sortino,0.5132,0.7,0.0,0,0.015152,0.0,0.0,0.0,0.0
2024-01-12,159915ETF,Spot ETF,sortino,-0.6356,0.7,0.0,0,-0.004643,0.0,0.0,0.0,0.0
2024-01-15,159915ETF,Spot ETF,sortino,-0.9108,0.7,0.0,0,-0.001174,0.0,0.0,0.0,0.0
2024-01-16,159915ETF,Spot ETF,sortino,0.3295,0.7,0.0,0,-0.005299,0.0,0.0,0.0,0.0
2024-01-17,159915ETF,Spot ETF,sortino,-1.1095,0.7,0.0,0,-0.013103,0.0,0.0,0.0,0.0
2024-01-18,159915ETF,Spot ETF,sortino,0.1002,0.7,0.0,0,0.003614,0.0,0.0,0.0,0.0
2024-01-19,159915ETF,Spot ETF,sortino,0.6544,0.7,0.0,0,-0.009507,0.0,0.0,0.0,0.0
2024-01-22,159915ETF,Spot ETF,sortino,-0.976,0.7,0.0,0,-0.014003,0.0,0.0,0.0,0.0
2024-01-23,159915ETF,Spot ETF,sortino,0.5961,0.7,0.0,0,0.006693,0.0,0.0,0.0,0.0
2024-01-24,159915ETF,Spot ETF,sortino,-0.5041,0.7,0.0,0,0.005493,0.0,0.0,0.0,0.0
2024-01-25,159915ETF,Spot ETF,sortino,-0.9109,0.7,0.0,0,0.021155,0.0,0.0,0.0,0.0
2024-01-26,159915ETF,Spot ETF,sortino,-0.282,0.7,0.0,0,-0.012747,0.0,0.0,0.0,0.0
2024-01-29,159915ETF,Spot ETF,sortino,-0.6964,0.7,0.0,0,-0.013665,0.0,0.0,0.0,0.0
2024-01-30,159915ETF,Spot ETF,sortino,0.3616,0.7,0.0,0,-0.016,0.0,0.0,0.0,0.0
2024-01-31,159915ETF,Spot ETF,sortino,0.8837,0.7,0.6875,1,-0.006485,-0.005326,0.0011,-0.006426,-0.006426
2024-02-01,159915ETF,Spot ETF,sortino,-0.1019,0.7,0.0,0,0.01496,0.0,0.0,0.0,-0.006426
2024-02-02,159915ETF,Spot ETF,sortino,-0.1618,0.7,0.0,0,-0.014417,0.0,0.0,0.0,-0.006426
2024-02-05,159915ETF,Spot ETF,sortino,-0.568,0.7,0.0,0,0.031665,0.0,0.0,0.0,-0.006426
2024-02-06,159915ETF,Spot ETF,sortino,2.2091,0.7,1.0,1,0.028366,0.026803,0.0016,0.025203,0.018776
2024-02-07,159915ETF,Spot ETF,sortino,2.4502,0.7,1.0,1,-0.006039,-0.004822,0.0016,-0.006422,0.012354
2024-02-08,159915ETF,Spot ETF,sortino,2.035,0.7,1.0,1,-0.014815,-0.011824,0.0016,-0.013424,-0.00107
2024-02-19,159915ETF,Spot ETF,sortino,-0.4715,0.7,0.0,0,0.004133,0.0,0.0,0.0,-0.00107
2024-02-20,159915ETF,Spot ETF,sortino,-0.5584,0.7,0.0,0,0.003546,0.0,0.0,0.0,-0.00107
2024-02-21,159915ETF,Spot ETF,sortino,-0.2116,0.7,0.0,0,0.016471,0.0,0.0,0.0,-0.00107
2024-02-22,159915ETF,Spot ETF,sortino,0.1395,0.7,0.0,0,-0.000586,0.0,0.0,0.0,-0.00107
2024-02-23,159915ETF,Spot ETF,sortino,-0.4391,0.7,0.0,0,0.0,0.0,0.0,0.0,-0.00107
2024-02-26,159915ETF,Spot ETF,sortino,-0.2938,0.7,0.0,0,0.006469,0.0,0.0,0.0,-0.00107
2024-02-27,159915ETF,Spot ETF,sortino,0.0098,0.7,0.0,0,0.022094,0.0,0.0,0.0,-0.00107
2024-02-28,159915ETF,Spot ETF,sortino,1.5566,0.7,1.0,1,-0.02682,-0.024031,0.0016,-0.025631,-0.026701
2024-02-29,159915ETF,Spot ETF,sortino,1.9513,0.7,1.0,1,0.013793,0.014476,0.0016,0.012876,-0.013825
2024-03-01,159915ETF,Spot ETF,sortino,-0.0587,0.7,0.0,0,0.009624,0.0,0.0,0.0,-0.013825
2024-03-04,159915ETF,Spot ETF,sortino,0.9805,0.7,0.9371,1,-0.002242,-0.000526,0.001499,-0.002025,-0.01585
2024-03-05,159915ETF,Spot ETF,sortino,0.226,0.7,0.0,0,0.00112,0.0,0.0,0.0,-0.01585
2024-03-06,159915ETF,Spot ETF,sortino,-0.4127,0.7,0.0,0,0.007305,0.0,0.0,0.0,-0.01585
2024-03-07,159915ETF,Spot ETF,sortino,0.3562,0.7,0.0,0,-0.022141,0.0,0.0,0.0,-0.01585
2024-03-08,159915ETF,Spot ETF,sortino,0.5555,0.7,0.0,0,0.006273,0.0,0.0,0.0,-0.01585
2024-03-11,159915ETF,Spot ETF,sortino,1.3688,0.7,1.0,1,0.023804,0.02409,0.0016,0.02249,0.006639
2024-03-12,159915ETF,Spot ETF,sortino,0.7236,0.7,0.5031,1,-0.005925,-0.002703,0.000805,-0.003508,0.003131
2024-03-13,159915ETF,Spot ETF,sortino,-1.1017,0.7,0.0,0,-0.003791,0.0,0.0,0.0,0.003131
2024-03-14,159915ETF,Spot ETF,sortino,0.8227,0.7,0.5836,1,-0.013044,-0.007252,0.000934,-0.008186,-0.005055
2024-03-15,159915ETF,Spot ETF,sortino,-0.8683,0.7,0.0,0,0.009885,0.0,0.0,0.0,-0.005055
2024-03-18,159915ETF,Spot ETF,sortino,0.4095,0.7,0.0,0,0.004287,0.0,0.0,0.0,-0.005055
2024-03-19,159915ETF,Spot ETF,sortino,-0.2196,0.7,0.0,0,-0.007519,0.0,0.0,0.0,-0.005055
2024-03-20,159915ETF,Spot ETF,sortino,0.6355,0.7,0.0,0,-0.003231,0.0,0.0,0.0,-0.005055
2024-03-21,159915ETF,Spot ETF,sortino,0.3231,0.7,0.0,0,-0.006999,0.0,0.0,0.0,-0.005055
2024-03-22,159915ETF,Spot ETF,sortino,-0.9478,0.7,0.0,0,-0.002743,0.0,0.0,0.0,-0.005055
2024-03-25,159915ETF,Spot ETF,sortino,-0.756,0.7,0.0,0,-0.006109,0.0,0.0,0.0,-0.005055
2024-03-26,159915ETF,Spot ETF,sortino,0.9068,0.7,0.7377,1,-0.002231,-0.002054,0.00118,-0.003234,-0.008289
2024-03-27,159915ETF,Spot ETF,sortino,-1.3281,0.7,-0.5044,1,-0.007941,0.003423,0.000807,0.002616,-0.005672
2024-03-28,159915ETF,Spot ETF,sortino,0.0366,0.7,0.0,0,0.005153,0.0,0.0,0.0,-0.005672
2024-03-29,159915ETF,Spot ETF,sortino,0.8268,0.7,0.5894,1,0.0,0.000334,0.000943,-0.000609,-0.006282
2024-04-01,159915ETF,Spot ETF,sortino,1.6863,0.7,1.0,1,0.00718,0.007206,0.0016,0.005606,-0.000676
2024-04-02,159915ETF,Spot ETF,sortino,-1.0182,0.7,0.0,0,-0.002215,0.0,0.0,0.0,-0.000676
2024-04-03,159915ETF,Spot ETF,sortino,-0.8665,0.7,0.0,0,-0.001674,0.0,0.0,0.0,-0.000676
2024-04-08,159915ETF,Spot ETF,sortino,-0.5497,0.7,0.0,0,-0.009029,0.0,0.0,0.0,-0.000676
2024-04-09,159915ETF,Spot ETF,sortino,0.4347,0.7,0.0,0,0.009629,0.0,0.0,0.0,-0.000676
2024-04-10,159915ETF,Spot ETF,sortino,-1.3034,0.7,-0.5001,1,-0.004001,0.002564,0.0008,0.001764,0.001089
2024-04-11,159915ETF,Spot ETF,sortino,0.0099,0.7,0.0,0,0.002881,0.0,0.0,0.0,0.001089
2024-04-12,159915ETF,Spot ETF,sortino,0.1022,0.7,0.0,0,-0.00927,0.0,0.0,0.0,0.001089
2024-04-15,159915ETF,Spot ETF,sortino,1.5558,0.7,1.0,1,0.002883,0.002308,0.0016,0.000708,0.001797
2024-04-16,159915ETF,Spot ETF,sortino,-0.3388,0.7,0.0,0,-0.00349,0.0,0.0,0.0,0.001797
2024-04-17,159915ETF,Spot ETF,sortino,1.714,0.7,1.0,1,0.00115,0.002304,0.0016,0.000704,0.002501
2024-04-18,159915ETF,Spot ETF,sortino,-1.2815,0.7,0.0,0,0.006335,0.0,0.0,0.0,0.002501
2024-04-19,159915ETF,Spot ETF,sortino,-0.9064,0.7,0.0,0,-0.007026,0.0,0.0,0.0,0.002501
2024-04-22,159915ETF,Spot ETF,sortino,0.0042,0.7,0.0,0,-0.004107,0.0,0.0,0.0,0.002501
2024-04-23,159915ETF,Spot ETF,sortino,0.509,0.7,0.0,0,0.003517,0.0,0.0,0.0,0.002501
2024-04-24,159915ETF,Spot ETF,sortino,-0.8087,0.7,0.0,0,0.003509,0.0,0.0,0.0,0.002501
2024-04-25,159915ETF,Spot ETF,sortino,-0.612,0.7,0.0,0,0.005838,0.0,0.0,0.0,0.002501
2024-04-26,159915ETF,Spot ETF,sortino,1.7682,0.7,1.0,1,0.021053,0.021864,0.0016,0.020264,0.022765
2024-04-29,159915ETF,Spot ETF,sortino,1.7038,0.7,1.0,1,0.0214,0.022765,0.0016,0.021165,0.04393
2024-04-30,159915ETF,Spot ETF,sortino,-0.6043,0.7,0.0,0,-0.003828,0.0,0.0,0.0,0.04393
2024-05-06,159915ETF,Spot ETF,sortino,0.0326,0.7,0.0,0,-0.001618,0.0,0.0,0.0,0.04393
2024-05-07,159915ETF,Spot ETF,sortino,-0.3865,0.7,0.0,0,-0.004864,0.0,0.0,0.0,0.04393
2024-05-08,159915ETF,Spot ETF,sortino,-1.3077,0.7,-0.5003,1,-0.009282,0.004892,0.000801,0.004091,0.048022
2024-05-09,159915ETF,Spot ETF,sortino,1.3751,0.7,1.0,1,0.001079,0.002704,0.0016,0.001104,0.049126
2024-05-10,159915ETF,Spot ETF,sortino,-1.0596,0.7,0.0,0,0.001634,0.0,0.0,0.0,0.049126
2024-05-13,159915ETF,Spot ETF,sortino,-0.2192,0.7,0.0,0,-0.0044,0.0,0.0,0.0,0.049126
2024-05-14,159915ETF,Spot ETF,sortino,0.3432,0.7,0.0,0,-0.001652,0.0,0.0,0.0,0.049126
2024-05-15,159915ETF,Spot ETF,sortino,0.1078,0.7,0.0,0,-0.009395,0.0,0.0,0.0,0.049126
2024-05-16,159915ETF,Spot ETF,sortino,-0.3569,0.7,0.0,0,-0.001666,0.0,0.0,0.0,0.049126
2024-05-17,159915ETF,Spot ETF,sortino,0.045,0.7,0.0,0,0.000551,0.0,0.0,0.0,0.049126
2024-05-20,159915ETF,Spot ETF,sortino,1.0892,0.7,1.0,1,-0.003266,-0.004883,0.0016,-0.006483,0.042643
2024-05-21,159915ETF,Spot ETF,sortino,-0.9293,0.7,0.0,0,-0.002198,0.0,0.0,0.0,0.042643
2024-05-22,159915ETF,Spot ETF,sortino,-0.2586,0.7,0.0,0,0.005467,0.0,0.0,0.0,0.042643
2024-05-23,159915ETF,Spot ETF,sortino,-0.9166,0.7,0.0,0,-0.00496,0.0,0.0,0.0,0.042643
2024-05-24,159915ETF,Spot ETF,sortino,0.8294,0.7,0.593,1,-0.015021,-0.009164,0.000949,-0.010113,0.03253
2024-05-27,159915ETF,Spot ETF,sortino,-0.8791,0.7,0.0,0,0.008994,0.0,0.0,0.0,0.03253
2024-05-28,159915ETF,Spot ETF,sortino,-1.1864,0.7,0.0,0,-0.007883,0.0,0.0,0.0,0.03253
2024-05-29,159915ETF,Spot ETF,sortino,1.5003,0.7,1.0,1,-0.007861,-0.007275,0.0016,-0.008875,0.023655
2024-05-30,159915ETF,Spot ETF,sortino,-0.1907,0.7,0.0,0,-0.002811,0.0,0.0,0.0,0.023655
2024-05-31,159915ETF,Spot ETF,sortino,1.0175,0.7,1.0,1,-0.00841,-0.009481,0.0016,-0.011081,0.012574
2024-06-03,159915ETF,Spot ETF,sortino,-0.1106,0.7,0.0,0,-0.003943,0.0,0.0,0.0,0.012574
2024-06-04,159915ETF,Spot ETF,sortino,0.7206,0.7,0.5024,1,0.007769,0.004483,0.000804,0.003679,0.016253
2024-06-05,159915ETF,Spot ETF,sortino,0.8072,0.7,0.5638,1,-0.008285,-0.004344,0.000902,-0.005246,0.011007
2024-06-06,159915ETF,Spot ETF,sortino,-0.5363,0.7,0.0,0,-0.009495,0.0,0.0,0.0,0.011007
2024-06-07,159915ETF,Spot ETF,sortino,-0.1232,0.7,0.0,0,-0.012507,0.0,0.0,0.0,0.011007
2024-06-11,159915ETF,Spot ETF,sortino,-0.3778,0.7,0.0,0,0.012052,0.0,0.0,0.0,0.011007
2024-06-12,159915ETF,Spot ETF,sortino,0.1891,0.7,0.0,0,-0.003431,0.0,0.0,0.0,0.011007
2024-06-13,159915ETF,Spot ETF,sortino,-1.1199,0.7,0.0,0,-0.00401,0.0,0.0,0.0,0.011007
2024-06-14,159915ETF,Spot ETF,sortino,-1.4347,0.7,-0.6008,1,0.013762,-0.008677,0.000961,-0.009638,0.001369
2024-06-17,159915ETF,Spot ETF,sortino,0.5396,0.7,0.0,0,0.003398,0.0,0.0,0.0,0.001369
2024-06-18,159915ETF,Spot ETF,sortino,1.0315,0.7,1.0,1,-0.003945,-0.004497,0.0016,-0.006097,-0.004728
2024-06-19,159915ETF,Spot ETF,sortino,-1.4276,0.7,-0.5904,1,-0.005682,0.003677,0.000945,0.002733,-0.001995
2024-06-20,159915ETF,Spot ETF,sortino,-0.422,0.7,0.0,0,-0.008643,0.0,0.0,0.0,-0.001995
2024-06-21,159915ETF,Spot ETF,sortino,-0.46,0.7,0.0,0,-0.00174,0.0,0.0,0.0,-0.001995
2024-06-24,159915ETF,Spot ETF,sortino,-0.1264,0.7,0.0,0,-0.008764,0.0,0.0,0.0,-0.001995
2024-06-25,159915ETF,Spot ETF,sortino,-0.5233,0.7,0.0,0,-0.008338,0.0,0.0,0.0,-0.001995
2024-06-26,159915ETF,Spot ETF,sortino,-0.1433,0.7,0.0,0,0.017206,0.0,0.0,0.0,-0.001995
2024-06-27,159915ETF,Spot ETF,sortino,-1.1048,0.7,0.0,0,-0.003578,0.0,0.0,0.0,-0.001995
2024-06-28,159915ETF,Spot ETF,sortino,1.5371,0.7,1.0,1,-0.020372,-0.021242,0.0016,-0.022842,-0.024838
2024-07-01,159915ETF,Spot ETF,sortino,-0.1172,0.7,0.0,0,0.006697,0.0,0.0,0.0,-0.024838
2024-07-02,159915ETF,Spot ETF,sortino,-0.6392,0.7,0.0,0,-0.010996,0.0,0.0,0.0,-0.024838
2024-07-03,159915ETF,Spot ETF,sortino,-0.6357,0.7,0.0,0,0.003688,0.0,0.0,0.0,-0.024838
2024-07-04,159915ETF,Spot ETF,sortino,0.3213,0.7,0.0,0,-0.008003,0.0,0.0,0.0,-0.024838
2024-07-05,159915ETF,Spot ETF,sortino,-0.5524,0.7,0.0,0,0.007426,0.0,0.0,0.0,-0.024838
2024-07-08,159915ETF,Spot ETF,sortino,-1.1717,0.7,0.0,0,-0.007472,0.0,0.0,0.0,-0.024838
2024-07-09,159915ETF,Spot ETF,sortino,0.1556,0.7,0.0,0,0.01429,0.0,0.0,0.0,-0.024838
2024-07-10,159915ETF,Spot ETF,sortino,1.5205,0.7,1.0,1,-0.007385,-0.006748,0.0016,-0.008348,-0.033186
2024-07-11,159915ETF,Spot ETF,sortino,-0.731,0.7,0.0,0,0.006681,0.0,0.0,0.0,-0.033186
2024-07-12,159915ETF,Spot ETF,sortino,-0.6573,0.7,0.0,0,0.003634,0.0,0.0,0.0,-0.033186
2024-07-15,159915ETF,Spot ETF,sortino,-0.6929,0.7,0.0,0,-0.003656,0.0,0.0,0.0,-0.033186
2024-07-16,159915ETF,Spot ETF,sortino,0.6124,0.7,0.0,0,0.006649,0.0,0.0,0.0,-0.033186
2024-07-17,159915ETF,Spot ETF,sortino,-0.35,0.7,0.0,0,0.007824,0.0,0.0,0.0,-0.033186
2024-07-18,159915ETF,Spot ETF,sortino,0.4771,0.7,0.0,0,0.008368,0.0,0.0,0.0,-0.033186
2024-07-19,159915ETF,Spot ETF,sortino,0.1655,0.7,0.0,0,0.007708,0.0,0.0,0.0,-0.033186
2024-07-22,159915ETF,Spot ETF,sortino,-0.0142,0.7,0.0,0,-0.002363,0.0,0.0,0.0,-0.033186
2024-07-23,159915ETF,Spot ETF,sortino,-1.397,0.7,-0.5523,1,-0.014467,0.008258,0.000884,0.007374,-0.025812
2024-07-24,159915ETF,Spot ETF,sortino,0.8907,0.7,0.7021,1,-0.009222,-0.00602,0.001123,-0.007143,-0.032955
2024-07-25,159915ETF,Spot ETF,sortino,0.5878,0.7,0.0,0,-0.00618,0.0,0.0,0.0,-0.032955
2024-07-26,159915ETF,Spot ETF,sortino,1.6557,0.7,1.0,1,-0.004917,-0.006124,0.0016,-0.007724,-0.040679
2024-07-29,159915ETF,Spot ETF,sortino,-1.1783,0.7,0.0,0,-0.003108,0.0,0.0,0.0,-0.040679
2024-07-30,159915ETF,Spot ETF,sortino,-0.4427,0.7,0.0,0,0.002505,0.0,0.0,0.0,-0.040679
2024-07-31,159915ETF,Spot ETF,sortino,1.3881,0.7,1.0,1,0.022638,0.023529,0.0016,0.021929,-0.01875
2024-08-01,159915ETF,Spot ETF,sortino,-0.5474,0.7,0.0,0,-0.010338,0.0,0.0,0.0,-0.01875
2024-08-02,159915ETF,Spot ETF,sortino,0.8179,0.7,0.5773,1,-0.014193,-0.00918,0.000924,-0.010104,-0.028853
2024-08-05,159915ETF,Spot ETF,sortino,1.7021,0.7,1.0,1,-0.015679,-0.017224,0.0016,-0.018824,-0.047677
2024-08-06,159915ETF,Spot ETF,sortino,0.3312,0.7,0.0,0,-0.003764,0.0,0.0,0.0,-0.047677
2024-08-07,159915ETF,Spot ETF,sortino,0.2325,0.7,0.0,0,-0.005013,0.0,0.0,0.0,-0.047677
2024-08-08,159915ETF,Spot ETF,sortino,-0.5047,0.7,0.0,0,0.006329,0.0,0.0,0.0,-0.047677
2024-08-09,159915ETF,Spot ETF,sortino,0.0345,0.7,0.0,0,-0.012029,0.0,0.0,0.0,-0.047677
2024-08-12,159915ETF,Spot ETF,sortino,-0.3416,0.7,0.0,0,-0.005749,0.0,0.0,0.0,-0.047677
2024-08-13,159915ETF,Spot ETF,sortino,-0.1751,0.7,0.0,0,0.003198,0.0,0.0,0.0,-0.047677
2024-08-14,159915ETF,Spot ETF,sortino,-1.3892,0.7,-0.5442,1,0.0,-0.000349,0.000871,-0.00122,-0.048896
2024-08-15,159915ETF,Spot ETF,sortino,0.6701,0.7,0.0,0,-0.000641,0.0,0.0,0.0,-0.048896
2024-08-16,159915ETF,Spot ETF,sortino,-0.1277,0.7,0.0,0,-0.007663,0.0,0.0,0.0,-0.048896
2024-08-19,159915ETF,Spot ETF,sortino,1.2776,0.7,1.0,1,-0.009563,-0.008259,0.0016,-0.009859,-0.058756
2024-08-20,159915ETF,Spot ETF,sortino,-0.8385,0.7,0.0,0,-0.004535,0.0,0.0,0.0,-0.058756
2024-08-21,159915ETF,Spot ETF,sortino,-0.2438,0.7,0.0,0,0.0,0.0,0.0,0.0,-0.058756
2024-08-22,159915ETF,Spot ETF,sortino,-0.1331,0.7,0.0,0,-0.003291,0.0,0.0,0.0,-0.058756
2024-08-23,159915ETF,Spot ETF,sortino,0.3527,0.7,0.0,0,0.005939,0.0,0.0,0.0,-0.058756
2024-08-26,159915ETF,Spot ETF,sortino,0.394,0.7,0.0,0,-0.003953,0.0,0.0,0.0,-0.058756
2024-08-27,159915ETF,Spot ETF,sortino,-0.6776,0.7,0.0,0,-0.001998,0.0,0.0,0.0,-0.058756
2024-08-28,159915ETF,Spot ETF,sortino,0.3325,0.7,0.0,0,0.002665,0.0,0.0,0.0,-0.058756
2024-08-29,159915ETF,Spot ETF,sortino,0.5328,0.7,0.0,0,0.015288,0.0,0.0,0.0,-0.058756
2024-08-30,159915ETF,Spot ETF,sortino,1.8779,0.7,1.0,1,0.005801,0.005818,0.0016,0.004218,-0.054538
2024-09-02,159915ETF,Spot ETF,sortino,-0.8487,0.7,0.0,0,-0.011834,0.0,0.0,0.0,-0.054538
2024-09-03,159915ETF,Spot ETF,sortino,0.7992,0.7,0.5547,1,0.006575,0.004028,0.000888,0.00314,-0.051398
2024-09-04,159915ETF,Spot ETF,sortino,0.2475,0.7,0.0,0,0.00394,0.0,0.0,0.0,-0.051398
2024-09-05,159915ETF,Spot ETF,sortino,0.8856,0.7,0.6914,1,0.001304,0.001806,0.001106,0.0007,-0.050698
2024-09-06,159915ETF,Spot ETF,sortino,-0.8418,0.7,0.0,0,-0.013775,0.0,0.0,0.0,-0.050698
2024-09-09,159915ETF,Spot ETF,sortino,1.0129,0.7,1.0,1,-0.005316,-0.00596,0.0016,-0.00756,-0.058258
2024-09-10,159915ETF,Spot ETF,sortino,-1.0505,0.7,0.0,0,0.003974,0.0,0.0,0.0,-0.058258
2024-09-11,159915ETF,Spot ETF,sortino,0.59,0.7,0.0,0,0.006566,0.0,0.0,0.0,-0.058258
2024-09-12,159915ETF,Spot ETF,sortino,0.9564,0.7,0.8651,1,-0.011719,-0.011184,0.001384,-0.012569,-0.070827
2024-09-13,159915ETF,Spot ETF,sortino,-0.4034,0.7,0.0,0,-0.009878,0.0,0.0,0.0,-0.070827
2024-09-18,159915ETF,Spot ETF,sortino,-0.0209,0.7,0.0,0,0.001329,0.0,0.0,0.0,-0.070827
2024-09-19,159915ETF,Spot ETF,sortino,-0.8465,0.7,0.0,0,0.008589,0.0,0.0,0.0,-0.070827
2024-09-20,159915ETF,Spot ETF,sortino,-1.3353,0.7,-0.5069,1,0.0,0.000337,0.000811,-0.000474,-0.071301
2024-09-23,159915ETF,Spot ETF,sortino,0.487,0.7,0.0,0,-0.009937,0.0,0.0,0.0,-0.071301
2024-09-24,159915ETF,Spot ETF,sortino,0.3066,0.7,0.0,0,0.044711,0.0,0.0,0.0,-0.071301
2024-09-25,159915ETF,Spot ETF,sortino,0.2707,0.7,0.0,0,-0.013564,0.0,0.0,0.0,-0.071301
2024-09-26,159915ETF,Spot ETF,sortino,-0.6028,0.7,0.0,0,0.03477,0.0,0.0,0.0,-0.071301
2024-09-27,159915ETF,Spot ETF,sortino,1.9669,0.7,1.0,1,0.0415,0.040322,0.0016,0.038722,-0.032579
2024-09-30,159915ETF,Spot ETF,sortino,1.2176,0.7,1.0,1,0.087559,0.11007,0.0016,0.10847,0.075892
2024-10-08,159915ETF,Spot ETF,sortino,-1.4571,0.7,-0.637,1,0.008449,0.058847,0.001019,0.057827,0.133719
2024-10-09,159915ETF,Spot ETF,sortino,-0.2642,0.7,0.0,0,-0.029751,0.0,0.0,0.0,0.133719
2024-10-10,159915ETF,Spot ETF,sortino,0.2637,0.7,0.0,0,-0.001361,0.0,0.0,0.0,0.133719
2024-10-11,159915ETF,Spot ETF,sortino,-0.7741,0.7,0.0,0,-0.025159,0.0,0.0,0.0,0.133719
2024-10-14,159915ETF,Spot ETF,sortino,-0.1506,0.7,0.0,0,0.028497,0.0,0.0,0.0,0.133719
2024-10-15,159915ETF,Spot ETF,sortino,-0.6734,0.7,0.0,0,-0.015319,0.0,0.0,0.0,0.133719
2024-10-16,159915ETF,Spot ETF,sortino,0.6084,0.7,0.0,0,-0.014417,0.0,0.0,0.0,0.133719
2024-10-17,159915ETF,Spot ETF,sortino,0.7014,0.7,0.5,1,-0.013875,-0.007048,0.0008,-0.007848,0.12587
2024-10-18,159915ETF,Spot ETF,sortino,0.8147,0.7,0.5731,1,0.116504,0.069526,0.000917,0.06861,0.19448
2024-10-21,159915ETF,Spot ETF,sortino,0.68,0.7,0.0,0,0.012503,0.0,0.0,0.0,0.19448
2024-10-22,159915ETF,Spot ETF,sortino,0.0567,0.7,0.0,0,0.000924,0.0,0.0,0.0,0.19448
2024-10-23,159915ETF,Spot ETF,sortino,-0.6219,0.7,0.0,0,-0.000462,0.0,0.0,0.0,0.19448
2024-10-24,159915ETF,Spot ETF,sortino,0.073,0.7,0.0,0,-0.002808,0.0,0.0,0.0,0.19448
2024-10-25,159915ETF,Spot ETF,sortino,0.0564,0.7,0.0,0,0.025295,0.0,0.0,0.0,0.19448
2024-10-28,159915ETF,Spot ETF,sortino,-0.8672,0.7,0.0,0,0.003678,0.0,0.0,0.0,0.19448
2024-10-29,159915ETF,Spot ETF,sortino,-0.6533,0.7,0.0,0,-0.011593,0.0,0.0,0.0,0.19448
2024-10-30,159915ETF,Spot ETF,sortino,0.8729,0.7,0.6661,1,-0.01227,-0.008123,0.001066,-0.009188,0.185292
2024-10-31,159915ETF,Spot ETF,sortino,-0.7701,0.7,0.0,0,0.010857,0.0,0.0,0.0,0.185292
2024-11-01,159915ETF,Spot ETF,sortino,-0.2367,0.7,0.0,0,-0.009969,0.0,0.0,0.0,0.185292
2024-11-04,159915ETF,Spot ETF,sortino,2.0824,0.7,1.0,1,0.00424,0.002829,0.0016,0.001229,0.186521
2024-11-05,159915ETF,Spot ETF,sortino,0.4926,0.7,0.0,0,0.030772,0.0,0.0,0.0,0.186521
2024-11-06,159915ETF,Spot ETF,sortino,1.2355,0.7,1.0,1,-0.016405,-0.008396,0.0016,-0.009996,0.176525
2024-11-07,159915ETF,Spot ETF,sortino,0.2727,0.7,0.0,0,0.025262,0.0,0.0,0.0,0.176525
2024-11-08,159915ETF,Spot ETF,sortino,-0.5633,0.7,0.0,0,-0.016887,0.0,0.0,0.0,0.176525
2024-11-11,159915ETF,Spot ETF,sortino,1.7398,0.7,1.0,1,0.016394,0.016087,0.0016,0.014487,0.191012
2024-11-12,159915ETF,Spot ETF,sortino,1.408,0.7,1.0,1,-0.030472,-0.021899,0.0016,-0.023499,0.167513
2024-11-13,159915ETF,Spot ETF,sortino,0.0995,0.7,0.0,0,0.012354,0.0,0.0,0.0,0.167513
2024-11-14,159915ETF,Spot ETF,sortino,-0.4896,0.7,0.0,0,-0.025296,0.0,0.0,0.0,0.167513
2024-11-15,159915ETF,Spot ETF,sortino,-0.1018,0.7,0.0,0,-0.017369,0.0,0.0,0.0,0.167513
2024-11-18,159915ETF,Spot ETF,sortino,-0.8199,0.7,0.0,0,-0.010195,0.0,0.0,0.0,0.167513
2024-11-19,159915ETF,Spot ETF,sortino,1.4482,0.7,1.0,1,0.019223,0.017997,0.0016,0.016397,0.18391
2024-11-20,159915ETF,Spot ETF,sortino,0.5002,0.7,0.0,0,0.00858,0.0,0.0,0.0,0.18391
2024-11-21,159915ETF,Spot ETF,sortino,0.276,0.7,0.0,0,-0.001351,0.0,0.0,0.0,0.18391
2024-11-22,159915ETF,Spot ETF,sortino,0.2783,0.7,0.0,0,-0.021929,0.0,0.0,0.0,0.18391
2024-11-25,159915ETF,Spot ETF,sortino,-0.1931,0.7,0.0,0,-0.000944,0.0,0.0,0.0,0.18391
2024-11-26,159915ETF,Spot ETF,sortino,0.9471,0.7,0.8391,1,-0.009899,-0.007876,0.001343,-0.009218,0.174692
2024-11-27,159915ETF,Spot ETF,sortino,-0.2178,0.7,0.0,0,0.032991,0.0,0.0,0.0,0.174692
2024-11-28,159915ETF,Spot ETF,sortino,-0.5679,0.7,0.0,0,-0.007004,0.0,0.0,0.0,0.174692
2024-11-29,159915ETF,Spot ETF,sortino,1.1644,0.7,1.0,1,0.025458,0.025305,0.0016,0.023705,0.198397
2024-12-02,159915ETF,Spot ETF,sortino,1.6165,0.7,1.0,1,-0.001814,-0.002264,0.0016,-0.003864,0.194532
2024-12-03,159915ETF,Spot ETF,sortino,-1.0,0.7,0.0,0,0.003635,0.0,0.0,0.0,0.194532
2024-12-04,159915ETF,Spot ETF,sortino,-0.4644,0.7,0.0,0,-0.006428,0.0,0.0,0.0,0.194532
2024-12-05,159915ETF,Spot ETF,sortino,0.7427,0.7,0.5101,1,-0.000461,-0.000235,0.000816,-0.001051,0.193481
2024-12-06,159915ETF,Spot ETF,sortino,0.2881,0.7,0.0,0,0.025893,0.0,0.0,0.0,0.193481
2024-12-09,159915ETF,Spot ETF,sortino,0.1975,0.7,0.0,0,-0.001358,0.0,0.0,0.0,0.193481
2024-12-10,159915ETF,Spot ETF,sortino,-1.0771,0.7,0.0,0,-0.013818,0.0,0.0,0.0,0.193481
2024-12-11,159915ETF,Spot ETF,sortino,0.3427,0.7,0.0,0,-0.000902,0.0,0.0,0.0,0.193481
2024-12-12,159915ETF,Spot ETF,sortino,0.5098,0.7,0.0,0,0.010753,0.0,0.0,0.0,0.193481
2024-12-13,159915ETF,Spot ETF,sortino,-1.0584,0.7,0.0,0,-0.005437,0.0,0.0,0.0,0.193481
2024-12-16,159915ETF,Spot ETF,sortino,-1.2349,0.7,0.0,0,-0.010626,0.0,0.0,0.0,0.193481
2024-12-17,159915ETF,Spot ETF,sortino,1.4836,0.7,1.0,1,-0.01244,-0.012363,0.0016,-0.013963,0.179518
2024-12-18,159915ETF,Spot ETF,sortino,-0.7976,0.7,0.0,0,-0.00139,0.0,0.0,0.0,0.179518
2024-12-19,159915ETF,Spot ETF,sortino,0.5026,0.7,0.0,0,0.006933,0.0,0.0,0.0,0.179518
2024-12-20,159915ETF,Spot ETF,sortino,-0.332,0.7,0.0,0,-0.001845,0.0,0.0,0.0,0.179518
2024-12-23,159915ETF,Spot ETF,sortino,0.7361,0.7,0.5072,1,-0.00972,-0.005369,0.000812,-0.00618,0.173338
2024-12-24,159915ETF,Spot ETF,sortino,0.9625,0.7,0.8829,1,-0.002776,-0.002855,0.001413,-0.004267,0.169071
2024-12-25,159915ETF,Spot ETF,sortino,-1.1179,0.7,0.0,0,-0.007404,0.0,0.0,0.0,0.169071
2024-12-26,159915ETF,Spot ETF,sortino,0.1533,0.7,0.0,0,0.00277,0.0,0.0,0.0,0.169071
2024-12-27,159915ETF,Spot ETF,sortino,-0.8101,0.7,0.0,0,0.000925,0.0,0.0,0.0,0.169071
2024-12-30,159915ETF,Spot ETF,sortino,0.4518,0.7,0.0,0,0.0,0.0,0.0,0.0,0.169071
2024-12-31,159915ETF,Spot ETF,sortino,-0.6203,0.7,0.0,0,-0.015031,0.0,0.0,0.0,0.169071
2025-01-02,159915ETF,Spot ETF,sortino,-1.3882,0.7,-0.5433,1,-0.026459,0.014186,0.000869,0.013316,0.182387
2025-01-03,159915ETF,Spot ETF,sortino,-0.593,0.7,0.0,0,-0.012528,0.0,0.0,0.0,0.182387
2025-01-06,159915ETF,Spot ETF,sortino,0.0663,0.7,0.0,0,-0.004067,0.0,0.0,0.0,0.182387
2025-01-07,159915ETF,Spot ETF,sortino,0.3751,0.7,0.0,0,0.007081,0.0,0.0,0.0,0.182387
2025-01-08,159915ETF,Spot ETF,sortino,-0.7722,0.7,0.0,0,0.004579,0.0,0.0,0.0,0.182387
2025-01-09,159915ETF,Spot ETF,sortino,0.7617,0.7,0.5212,1,0.004558,0.00185,0.000834,0.001016,0.183403
2025-01-10,159915ETF,Spot ETF,sortino,0.0787,0.7,0.0,0,-0.008667,0.0,0.0,0.0,0.183403
2025-01-13,159915ETF,Spot ETF,sortino,0.7016,0.7,0.5,1,-0.004117,-0.002821,0.0008,-0.003621,0.179782
2025-01-14,159915ETF,Spot ETF,sortino,0.5697,0.7,0.0,0,0.022529,0.0,0.0,0.0,0.179782
2025-01-15,159915ETF,Spot ETF,sortino,-1.4873,0.7,-0.695,1,-0.004998,0.002774,0.001112,0.001662,0.181445
2025-01-16,159915ETF,Spot ETF,sortino,1.6084,0.7,1.0,1,-0.006951,-0.008399,0.0016,-0.009999,0.171446
2025-01-17,159915ETF,Spot ETF,sortino,0.4662,0.7,0.0,0,0.009921,0.0,0.0,0.0,0.171446
2025-01-20,159915ETF,Spot ETF,sortino,1.1847,0.7,1.0,1,-0.005331,-0.004354,0.0016,-0.005954,0.165491
2025-01-21,159915ETF,Spot ETF,sortino,-1.0999,0.7,0.0,0,0.006315,0.0,0.0,0.0,0.165491
2025-01-22,159915ETF,Spot ETF,sortino,-0.483,0.7,0.0,0,0.001463,0.0,0.0,0.0,0.165491
2025-01-23,159915ETF,Spot ETF,sortino,0.4959,0.7,0.0,0,-0.014929,0.0,0.0,0.0,0.165491
2025-01-24,159915ETF,Spot ETF,sortino,0.9406,0.7,0.8216,1,0.006261,0.00556,0.001315,0.004245,0.169736
2025-01-27,159915ETF,Spot ETF,sortino,-0.8388,0.7,0.0,0,-0.007319,0.0,0.0,0.0,0.169736
2025-02-05,159915ETF,Spot ETF,sortino,-1.2072,0.7,0.0,0,-0.000988,0.0,0.0,0.0,0.169736
2025-02-06,159915ETF,Spot ETF,sortino,0.5685,0.7,0.0,0,0.021433,0.0,0.0,0.0,0.169736
2025-02-07,159915ETF,Spot ETF,sortino,0.1555,0.7,0.0,0,0.007094,0.0,0.0,0.0,0.169736
2025-02-10,159915ETF,Spot ETF,sortino,-1.1075,0.7,0.0,0,0.001874,0.0,0.0,0.0,0.169736
2025-02-11,159915ETF,Spot ETF,sortino,-1.4959,0.7,-0.7132,1,-0.000945,0.00101,0.001141,-0.000131,0.169606
2025-02-12,159915ETF,Spot ETF,sortino,0.2243,0.7,0.0,0,0.00565,0.0,0.0,0.0,0.169606
2025-02-13,159915ETF,Spot ETF,sortino,-0.2947,0.7,0.0,0,-0.003261,0.0,0.0,0.0,0.169606
2025-02-14,159915ETF,Spot ETF,sortino,1.2239,0.7,1.0,1,0.012043,0.012587,0.0016,0.010987,0.180593
2025-02-17,159915ETF,Spot ETF,sortino,-0.6277,0.7,0.0,0,-0.001374,0.0,0.0,0.0,0.180593
2025-02-18,159915ETF,Spot ETF,sortino,-0.2494,0.7,0.0,0,-0.021317,0.0,0.0,0.0,0.180593
2025-02-19,159915ETF,Spot ETF,sortino,0.2781,0.7,0.0,0,0.013386,0.0,0.0,0.0,0.180593
2025-02-20,159915ETF,Spot ETF,sortino,-0.3166,0.7,0.0,0,0.004581,0.0,0.0,0.0,0.180593
2025-02-21,159915ETF,Spot ETF,sortino,0.6715,0.7,0.0,0,0.022574,0.0,0.0,0.0,0.180593
2025-02-24,159915ETF,Spot ETF,sortino,-0.6691,0.7,0.0,0,-0.00225,0.0,0.0,0.0,0.180593
2025-02-25,159915ETF,Spot ETF,sortino,-0.6889,0.7,0.0,0,-0.00091,0.0,0.0,0.0,0.180593
2025-02-26,159915ETF,Spot ETF,sortino,-0.4775,0.7,0.0,0,0.004974,0.0,0.0,0.0,0.180593
2025-02-27,159915ETF,Spot ETF,sortino,0.264,0.7,0.0,0,-0.002711,0.0,0.0,0.0,0.180593
2025-02-28,159915ETF,Spot ETF,sortino,-1.0695,0.7,0.0,0,-0.020907,0.0,0.0,0.0,0.180593
2025-03-03,159915ETF,Spot ETF,sortino,-0.058,0.7,0.0,0,-0.006972,0.0,0.0,0.0,0.180593
2025-03-04,159915ETF,Spot ETF,sortino,-0.761,0.7,0.0,0,0.006536,0.0,0.0,0.0,0.180593
2025-03-05,159915ETF,Spot ETF,sortino,0.1243,0.7,0.0,0,0.002335,0.0,0.0,0.0,0.180593
2025-03-06,159915ETF,Spot ETF,sortino,0.2967,0.7,0.0,0,0.009141,0.0,0.0,0.0,0.180593
2025-03-07,159915ETF,Spot ETF,sortino,-0.8239,0.7,0.0,0,-0.004632,0.0,0.0,0.0,0.180593
2025-03-10,159915ETF,Spot ETF,sortino,-0.447,0.7,0.0,0,0.001855,0.0,0.0,0.0,0.180593
2025-03-11,159915ETF,Spot ETF,sortino,0.0915,0.7,0.0,0,-0.000465,0.0,0.0,0.0,0.180593
2025-03-12,159915ETF,Spot ETF,sortino,-1.103,0.7,0.0,0,-0.002314,0.0,0.0,0.0,0.180593
2025-03-13,159915ETF,Spot ETF,sortino,0.0947,0.7,0.0,0,-0.003749,0.0,0.0,0.0,0.180593
2025-03-14,159915ETF,Spot ETF,sortino,1.3623,0.7,1.0,1,0.015697,0.013934,0.0016,0.012334,0.192927
2025-03-17,159915ETF,Spot ETF,sortino,-0.165,0.7,0.0,0,-0.00138,0.0,0.0,0.0,0.192927
2025-03-18,159915ETF,Spot ETF,sortino,0.4333,0.7,0.0,0,-0.002285,0.0,0.0,0.0,0.192927
2025-03-19,159915ETF,Spot ETF,sortino,-0.4005,0.7,0.0,0,0.003221,0.0,0.0,0.0,0.192927
2025-03-20,159915ETF,Spot ETF,sortino,-1.0747,0.7,0.0,0,-0.001848,0.0,0.0,0.0,0.192927
2025-03-21,159915ETF,Spot ETF,sortino,0.0023,0.7,0.0,0,-0.014996,0.0,0.0,0.0,0.192927
2025-03-24,159915ETF,Spot ETF,sortino,0.0316,0.7,0.0,0,-0.004751,0.0,0.0,0.0,0.192927
2025-03-25,159915ETF,Spot ETF,sortino,0.2606,0.7,0.0,0,-0.003793,0.0,0.0,0.0,0.192927
2025-03-26,159915ETF,Spot ETF,sortino,0.7205,0.7,0.5023,1,-0.006648,-0.004036,0.000804,-0.004839,0.188088
2025-03-27,159915ETF,Spot ETF,sortino,-1.0152,0.7,0.0,0,0.005242,0.0,0.0,0.0,0.188088
2025-03-28,159915ETF,Spot ETF,sortino,0.3113,0.7,0.0,0,-0.004295,0.0,0.0,0.0,0.188088
2025-03-31,159915ETF,Spot ETF,sortino,-0.6446,0.7,0.0,0,-0.00676,0.0,0.0,0.0,0.188088
2025-04-01,159915ETF,Spot ETF,sortino,-0.1373,0.7,0.0,0,-0.003868,0.0,0.0,0.0,0.188088
2025-04-02,159915ETF,Spot ETF,sortino,0.3343,0.7,0.0,0,-0.004357,0.0,0.0,0.0,0.188088
2025-04-03,159915ETF,Spot ETF,sortino,0.0552,0.7,0.0,0,-0.008352,0.0,0.0,0.0,0.188088
2025-04-07,159915ETF,Spot ETF,sortino,-2.6282,0.7,-1.0,1,-0.043053,0.046652,0.0016,0.045052,0.23314
2025-04-08,159915ETF,Spot ETF,sortino,1.1497,0.7,1.0,1,-0.013901,-0.011621,0.0016,-0.013221,0.219918
2025-04-09,159915ETF,Spot ETF,sortino,-0.9475,0.7,0.0,0,0.019814,0.0,0.0,0.0,0.219918
2025-04-10,159915ETF,Spot ETF,sortino,-0.3412,0.7,0.0,0,-0.01695,0.0,0.0,0.0,0.219918
2025-04-11,159915ETF,Spot ETF,sortino,0.3504,0.7,0.0,0,0.01383,0.0,0.0,0.0,0.219918
2025-04-14,159915ETF,Spot ETF,sortino,-0.7434,0.7,0.0,0,-0.004208,0.0,0.0,0.0,0.219918
2025-04-15,159915ETF,Spot ETF,sortino,-0.4525,0.7,0.0,0,0.0,0.0,0.0,0.0,0.219918
2025-04-16,159915ETF,Spot ETF,sortino,-0.9637,0.7,0.0,0,-0.009118,0.0,0.0,0.0,0.219918
2025-04-17,159915ETF,Spot ETF,sortino,0.8615,0.7,0.6448,1,-0.002128,-0.001028,0.001032,-0.00206,0.217858
2025-04-18,159915ETF,Spot ETF,sortino,0.0676,0.7,0.0,0,0.00374,0.0,0.0,0.0,0.217858
2025-04-21,159915ETF,Spot ETF,sortino,0.6949,0.7,0.0,0,0.010538,0.0,0.0,0.0,0.217858
2025-04-22,159915ETF,Spot ETF,sortino,-0.7479,0.7,0.0,0,0.000526,0.0,0.0,0.0,0.217858
2025-04-23,159915ETF,Spot ETF,sortino,0.3767,0.7,0.0,0,0.002084,0.0,0.0,0.0,0.217858
2025-04-24,159915ETF,Spot ETF,sortino,-0.5382,0.7,0.0,0,-0.006263,0.0,0.0,0.0,0.217858
2025-04-25,159915ETF,Spot ETF,sortino,0.7252,0.7,0.5035,1,0.002086,0.001051,0.000806,0.000246,0.218103
2025-04-28,159915ETF,Spot ETF,sortino,-1.2321,0.7,0.0,0,0.0,0.0,0.0,0.0,0.218103
2025-04-29,159915ETF,Spot ETF,sortino,-0.1292,0.7,0.0,0,0.001577,0.0,0.0,0.0,0.218103
2025-04-30,159915ETF,Spot ETF,sortino,0.9432,0.7,0.8286,1,0.001563,0.001729,0.001326,0.000403,0.218507
2025-05-06,159915ETF,Spot ETF,sortino,0.7084,0.7,0.5004,1,0.003079,0.001801,0.000801,0.001,0.219507
2025-05-07,159915ETF,Spot ETF,sortino,-0.5434,0.7,0.0,0,-0.008636,0.0,0.0,0.0,0.219507
2025-05-08,159915ETF,Spot ETF,sortino,1.4043,0.7,1.0,1,0.00551,0.006536,0.0016,0.004936,0.224443
2025-05-09,159915ETF,Spot ETF,sortino,-1.1142,0.7,0.0,0,-0.001509,0.0,0.0,0.0,0.224443
2025-05-12,159915ETF,Spot ETF,sortino,0.319,0.7,0.0,0,0.006431,0.0,0.0,0.0,0.224443
2025-05-13,159915ETF,Spot ETF,sortino,-1.1149,0.7,0.0,0,-0.005391,0.0,0.0,0.0,0.224443
2025-05-14,159915ETF,Spot ETF,sortino,0.0548,0.7,0.0,0,0.010292,0.0,0.0,0.0,0.224443
2025-05-15,159915ETF,Spot ETF,sortino,-1.4165,0.7,-0.5754,1,-0.004454,0.003122,0.000921,0.002202,0.226645
2025-05-16,159915ETF,Spot ETF,sortino,0.4978,0.7,0.0,0,-0.003972,0.0,0.0,0.0,0.226645
2025-05-19,159915ETF,Spot ETF,sortino,-0.9849,0.7,0.0,0,0.006009,0.0,0.0,0.0,0.226645
2025-05-20,159915ETF,Spot ETF,sortino,-0.936,0.7,0.0,0,0.007948,0.0,0.0,0.0,0.226645
2025-05-21,159915ETF,Spot ETF,sortino,0.741,0.7,0.5093,1,0.002954,0.000501,0.000815,-0.000314,0.226331
2025-05-22,159915ETF,Spot ETF,sortino,-1.0436,0.7,0.0,0,-0.003459,0.0,0.0,0.0,0.226331
2025-05-23,159915ETF,Spot ETF,sortino,0.7773,0.7,0.5332,1,-0.011952,-0.006335,0.000853,-0.007188,0.219143
2025-05-26,159915ETF,Spot ETF,sortino,-0.4491,0.7,0.0,0,-0.00253,0.0,0.0,0.0,0.219143
2025-05-27,159915ETF,Spot ETF,sortino,-0.9097,0.7,0.0,0,-0.001017,0.0,0.0,0.0,0.219143
2025-05-28,159915ETF,Spot ETF,sortino,-0.1398,0.7,0.0,0,-0.006098,0.0,0.0,0.0,0.219143
2025-05-29,159915ETF,Spot ETF,sortino,0.5797,0.7,0.0,0,0.00252,0.0,0.0,0.0,0.219143
2025-05-30,159915ETF,Spot ETF,sortino,-0.7198,0.7,0.0,0,0.001522,0.0,0.0,0.0,0.219143
2025-06-03,159915ETF,Spot ETF,sortino,1.1148,0.7,1.0,1,-0.002522,-0.003021,0.0016,-0.004621,0.214522
2025-06-04,159915ETF,Spot ETF,sortino,1.0853,0.7,1.0,1,0.002002,0.002506,0.0016,0.000906,0.215428
2025-06-05,159915ETF,Spot ETF,sortino,-0.87,0.7,0.0,0,0.012429,0.0,0.0,0.0,0.215428
2025-06-06,159915ETF,Spot ETF,sortino,-0.5331,0.7,0.0,0,-0.000496,0.0,0.0,0.0,0.215428
2025-06-09,159915ETF,Spot ETF,sortino,1.2157,0.7,1.0,1,-0.001472,-0.001961,0.0016,-0.003561,0.211867
2025-06-10,159915ETF,Spot ETF,sortino,-0.1601,0.7,0.0,0,-0.010373,0.0,0.0,0.0,0.211867
2025-06-11,159915ETF,Spot ETF,sortino,1.7099,0.7,1.0,1,-0.003422,-0.003416,0.0016,-0.005016,0.206851
2025-06-12,159915ETF,Spot ETF,sortino,0.2098,0.7,0.0,0,0.0,0.0,0.0,0.0,0.206851
2025-06-13,159915ETF,Spot ETF,sortino,0.4825,0.7,0.0,0,-0.003947,0.0,0.0,0.0,0.206851
2025-06-16,159915ETF,Spot ETF,sortino,1.0135,0.7,1.0,1,0.000492,0.0,0.0016,-0.0016,0.205251
2025-06-17,159915ETF,Spot ETF,sortino,-0.6135,0.7,0.0,0,-0.005415,0.0,0.0,0.0,0.205251
2025-06-18,159915ETF,Spot ETF,sortino,0.164,0.7,0.0,0,0.004439,0.0,0.0,0.0,0.205251
2025-06-19,159915ETF,Spot ETF,sortino,0.3602,0.7,0.0,0,-0.014874,0.0,0.0,0.0,0.205251
2025-06-20,159915ETF,Spot ETF,sortino,0.2244,0.7,0.0,0,-0.005515,0.0,0.0,0.0,0.205251
2025-06-23,159915ETF,Spot ETF,sortino,0.4279,0.7,0.0,0,0.00401,0.0,0.0,0.0,0.205251
2025-06-24,159915ETF,Spot ETF,sortino,1.7937,0.7,1.0,1,0.007369,0.007893,0.0016,0.006293,0.211544
2025-06-25,159915ETF,Spot ETF,sortino,1.3327,0.7,1.0,1,0.017742,0.018393,0.0016,0.016793,0.228337
2025-06-26,159915ETF,Spot ETF,sortino,0.0105,0.7,0.0,0,-0.010924,0.0,0.0,0.0,0.228337
2025-06-27,159915ETF,Spot ETF,sortino,-0.3986,0.7,0.0,0,-0.004746,0.0,0.0,0.0,0.228337
2025-06-30,159915ETF,Spot ETF,sortino,0.4864,0.7,0.0,0,0.005183,0.0,0.0,0.0,0.228337
2025-07-01,159915ETF,Spot ETF,sortino,-0.9642,0.7,0.0,0,0.000471,0.0,0.0,0.0,0.228337
2025-07-02,159915ETF,Spot ETF,sortino,-1.1592,0.7,0.0,0,-0.002374,0.0,0.0,0.0,0.228337
2025-07-03,159915ETF,Spot ETF,sortino,1.0491,0.7,1.0,1,0.010786,0.011321,0.0016,0.009721,0.238058
2025-07-04,159915ETF,Spot ETF,sortino,-0.9536,0.7,0.0,0,0.000468,0.0,0.0,0.0,0.238058
2025-07-07,159915ETF,Spot ETF,sortino,-0.9749,0.7,0.0,0,0.000948,0.0,0.0,0.0,0.238058
2025-07-08,159915ETF,Spot ETF,sortino,1.4394,0.7,1.0,1,0.012579,0.012658,0.0016,0.011058,0.249116
2025-07-09,159915ETF,Spot ETF,sortino,0.6848,0.7,0.0,0,-0.002306,0.0,0.0,0.0,0.249116
2025-07-10,159915ETF,Spot ETF,sortino,-0.4164,0.7,0.0,0,0.001385,0.0,0.0,0.0,0.249116
2025-07-11,159915ETF,Spot ETF,sortino,-0.3895,0.7,0.0,0,0.007789,0.0,0.0,0.0,0.249116
2025-07-14,159915ETF,Spot ETF,sortino,-1.0849,0.7,0.0,0,0.002297,0.0,0.0,0.0,0.249116
2025-07-15,159915ETF,Spot ETF,sortino,1.8658,0.7,1.0,1,-0.001805,-0.001353,0.0016,-0.002953,0.246163
2025-07-16,159915ETF,Spot ETF,sortino,-0.1607,0.7,0.0,0,-0.012154,0.0,0.0,0.0,0.246163
2025-07-17,159915ETF,Spot ETF,sortino,1.0128,0.7,1.0,1,0.009402,0.010356,0.0016,0.008756,0.254919
2025-07-18,159915ETF,Spot ETF,sortino,1.0244,0.7,1.0,1,-0.005761,-0.006184,0.0016,-0.007784,0.247135
2025-07-21,159915ETF,Spot ETF,sortino,0.3325,0.7,0.0,0,0.004851,0.0,0.0,0.0,0.247135
2025-07-22,159915ETF,Spot ETF,sortino,0.8314,0.7,0.596,1,-0.002188,-0.000261,0.000954,-0.001215,0.245921
2025-07-23,159915ETF,Spot ETF,sortino,0.6803,0.7,0.0,0,-0.003487,0.0,0.0,0.0,0.245921
2025-07-24,159915ETF,Spot ETF,sortino,0.9542,0.7,0.8589,1,0.006926,0.005595,0.001374,0.00422,0.250141
2025-07-25,159915ETF,Spot ETF,sortino,-0.7525,0.7,0.0,0,-0.002588,0.0,0.0,0.0,0.250141
2025-07-28,159915ETF,Spot ETF,sortino,-0.0609,0.7,0.0,0,0.002996,0.0,0.0,0.0,0.250141
2025-07-29,159915ETF,Spot ETF,sortino,0.7194,0.7,0.5021,1,0.017407,0.008816,0.000803,0.008013,0.258154
2025-07-30,159915ETF,Spot ETF,sortino,-0.9559,0.7,0.0,0,-0.006785,0.0,0.0,0.0,0.258154
2025-07-31,159915ETF,Spot ETF,sortino,-0.1156,0.7,0.0,0,-0.020637,0.0,0.0,0.0,0.258154
2025-08-01,159915ETF,Spot ETF,sortino,0.9465,0.7,0.8375,1,-0.00692,-0.005058,0.00134,-0.006398,0.251756
2025-08-04,159915ETF,Spot ETF,sortino,-0.1868,0.7,0.0,0,0.007826,0.0,0.0,0.0,0.251756
2025-08-05,159915ETF,Spot ETF,sortino,-0.8743,0.7,0.0,0,0.002159,0.0,0.0,0.0,0.251756
2025-08-06,159915ETF,Spot ETF,sortino,0.4686,0.7,0.0,0,0.003862,0.0,0.0,0.0,0.251756
2025-08-07,159915ETF,Spot ETF,sortino,0.4761,0.7,0.0,0,-0.005152,0.0,0.0,0.0,0.251756
2025-08-08,159915ETF,Spot ETF,sortino,-0.7556,0.7,0.0,0,0.001298,0.0,0.0,0.0,0.251756
2025-08-11,159915ETF,Spot ETF,sortino,1.8049,0.7,1.0,1,0.003827,0.002553,0.0016,0.000953,0.252709
2025-08-12,159915ETF,Spot ETF,sortino,-0.5378,0.7,0.0,0,0.00674,0.0,0.0,0.0,0.252709
2025-08-13,159915ETF,Spot ETF,sortino,1.1976,0.7,1.0,1,0.019737,0.019934,0.0016,0.018334,0.271043
2025-08-14,159915ETF,Spot ETF,sortino,-0.5415,0.7,0.0,0,-0.002029,0.0,0.0,0.0,0.271043
2025-08-15,159915ETF,Spot ETF,sortino,1.2113,0.7,1.0,1,0.014099,0.01461,0.0016,0.01301,0.284053
2025-08-18,159915ETF,Spot ETF,sortino,0.2992,0.7,0.0,0,0.011326,0.0,0.0,0.0,0.284053
2025-08-19,159915ETF,Spot ETF,sortino,1.2876,0.7,1.0,1,-0.006974,-0.010008,0.0016,-0.011608,0.272445
2025-08-20,159915ETF,Spot ETF,sortino,-1.4975,0.7,-0.7167,1,0.010144,-0.008048,0.001147,-0.009195,0.26325
2025-08-21,159915ETF,Spot ETF,sortino,-0.1627,0.7,0.0,0,-0.00039,0.0,0.0,0.0,0.26325
2025-08-22,159915ETF,Spot ETF,sortino,1.6344,0.7,1.0,1,0.020933,0.021547,0.0016,0.019947,0.283197
2025-08-25,159915ETF,Spot ETF,sortino,0.8997,0.7,0.7216,1,0.015149,0.002553,0.001155,0.001399,0.284596
2025-08-26,159915ETF,Spot ETF,sortino,-0.5519,0.7,0.0,0,-0.001098,0.0,0.0,0.0,0.284596
2025-08-27,159915ETF,Spot ETF,sortino,1.0526,0.7,1.0,1,0.006574,0.002907,0.0016,0.001307,0.285903
2025-08-28,159915ETF,Spot ETF,sortino,1.1176,0.7,1.0,1,0.024106,-0.001846,0.0016,-0.003446,0.282457
2025-08-29,159915ETF,Spot ETF,sortino,-0.3679,0.7,0.0,0,0.015848,0.0,0.0,0.0,0.282457
2025-09-01,159915ETF,Spot ETF,sortino,0.6564,0.7,0.0,0,0.017932,0.0,0.0,0.0,0.282457
2025-09-02,159915ETF,Spot ETF,sortino,0.7557,0.7,0.5172,1,-0.028494,-0.01189,0.000828,-0.012718,0.269739
2025-09-03,159915ETF,Spot ETF,sortino,1.0536,0.7,1.0,1,0.009025,0.010122,0.0016,0.008522,0.278261
2025-09-04,159915ETF,Spot ETF,sortino,0.324,0.7,0.0,0,-0.044596,0.0,0.0,0.0,0.278261
2025-09-05,159915ETF,Spot ETF,sortino,0.5063,0.7,0.0,0,0.034492,0.0,0.0,0.0,0.278261
2025-09-08,159915ETF,Spot ETF,sortino,-0.9934,0.7,0.0,0,0.0,0.0,0.0,0.0,0.278261
2025-09-09,159915ETF,Spot ETF,sortino,-0.0447,0.7,0.0,0,-0.020929,0.0,0.0,0.0,0.278261
2025-09-10,159915ETF,Spot ETF,sortino,1.4281,0.7,1.0,1,0.003473,0.001041,0.0016,-0.000559,0.277702
2025-09-11,159915ETF,Spot ETF,sortino,0.1144,0.7,0.0,0,0.035423,0.0,0.0,0.0,0.277702
2025-09-12,159915ETF,Spot ETF,sortino,-0.1725,0.7,0.0,0,-0.007294,0.0,0.0,0.0,0.277702
2025-09-15,159915ETF,Spot ETF,sortino,1.0963,0.7,1.0,1,-0.002622,-0.001965,0.0016,-0.003565,0.274137
2025-09-16,159915ETF,Spot ETF,sortino,0.3107,0.7,0.0,0,-0.001312,0.0,0.0,0.0,0.274137
2025-09-17,159915ETF,Spot ETF,sortino,0.1316,0.7,0.0,0,0.01325,0.0,0.0,0.0,0.274137
2025-09-18,159915ETF,Spot ETF,sortino,-0.737,0.7,0.0,0,-0.013964,0.0,0.0,0.0,0.274137
2025-09-19,159915ETF,Spot ETF,sortino,0.2896,0.7,0.0,0,-0.002597,0.0,0.0,0.0,0.274137
2025-09-22,159915ETF,Spot ETF,sortino,-1.0436,0.7,0.0,0,0.013748,0.0,0.0,0.0,0.274137
2025-09-23,159915ETF,Spot ETF,sortino,0.5724,0.7,0.0,0,-0.013936,0.0,0.0,0.0,0.274137
2025-09-24,159915ETF,Spot ETF,sortino,0.3808,0.7,0.0,0,0.017955,0.0,0.0,0.0,0.274137
2025-09-25,159915ETF,Spot ETF,sortino,0.4286,0.7,0.0,0,0.021284,0.0,0.0,0.0,0.274137
2025-09-26,159915ETF,Spot ETF,sortino,0.5414,0.7,0.0,0,-0.019915,0.0,0.0,0.0,0.274137
2025-09-29,159915ETF,Spot ETF,sortino,1.5612,0.7,1.0,1,0.010334,0.012938,0.0016,0.011338,0.285475
2025-09-30,159915ETF,Spot ETF,sortino,1.4545,0.7,1.0,1,-0.004957,-0.004944,0.0016,-0.006544,0.278931
2025-10-09,159915ETF,Spot ETF,sortino,1.1019,0.7,1.0,1,0.004635,0.004024,0.0016,0.002424,0.281354
2025-10-10,159915ETF,Spot ETF,sortino,-1.5084,0.7,-0.7412,1,-0.018255,0.014791,0.001186,0.013605,0.294959
2025-10-13,159915ETF,Spot ETF,sortino,-0.3856,0.7,0.0,0,0.009189,0.0,0.0,0.0,0.294959
2025-10-14,159915ETF,Spot ETF,sortino,-0.5352,0.7,0.0,0,-0.041922,0.0,0.0,0.0,0.294959
2025-10-15,159915ETF,Spot ETF,sortino,-0.8046,0.7,0.0,0,0.02021,0.0,0.0,0.0,0.294959
2025-10-16,159915ETF,Spot ETF,sortino,0.9786,0.7,0.9311,1,-0.006299,-0.007067,0.00149,-0.008557,0.286402
2025-10-17,159915ETF,Spot ETF,sortino,-0.6017,0.7,0.0,0,-0.012262,0.0,0.0,0.0,0.286402
2025-10-20,159915ETF,Spot ETF,sortino,-0.5052,0.7,0.0,0,-0.017129,0.0,0.0,0.0,0.286402
2025-10-21,159915ETF,Spot ETF,sortino,-0.3263,0.7,0.0,0,0.012835,0.0,0.0,0.0,0.286402
2025-10-22,159915ETF,Spot ETF,sortino,-0.2676,0.7,0.0,0,-0.001974,0.0,0.0,0.0,0.286402
2025-10-23,159915ETF,Spot ETF,sortino,-0.7616,0.7,0.0,0,0.013633,0.0,0.0,0.0,0.286402
2025-10-24,159915ETF,Spot ETF,sortino,0.5722,0.7,0.0,0,0.021562,0.0,0.0,0.0,0.286402
2025-10-27,159915ETF,Spot ETF,sortino,-0.0733,0.7,0.0,0,0.006564,0.0,0.0,0.0,0.286402
2025-10-28,159915ETF,Spot ETF,sortino,0.4453,0.7,0.0,0,-0.001865,0.0,0.0,0.0,0.286402
2025-10-29,159915ETF,Spot ETF,sortino,1.1414,0.7,1.0,1,0.011932,0.011692,0.0016,0.010092,0.296494
2025-10-30,159915ETF,Spot ETF,sortino,-0.2309,0.7,0.0,0,-0.006425,0.0,0.0,0.0,0.296494
2025-10-31,159915ETF,Spot ETF,sortino,-0.4302,0.7,0.0,0,-0.01656,0.0,0.0,0.0,0.296494
2025-11-03,159915ETF,Spot ETF,sortino,-0.5597,0.7,0.0,0,0.011113,0.0,0.0,0.0,0.296494
2025-11-04,159915ETF,Spot ETF,sortino,0.2151,0.7,0.0,0,-0.018238,0.0,0.0,0.0,0.296494
2025-11-05,159915ETF,Spot ETF,sortino,-0.5003,0.7,0.0,0,0.024748,0.0,0.0,0.0,0.296494
2025-11-06,159915ETF,Spot ETF,sortino,1.3106,0.7,1.0,1,0.012579,0.010739,0.0016,0.009139,0.305633
2025-11-07,159915ETF,Spot ETF,sortino,-0.6891,0.7,0.0,0,0.006914,0.0,0.0,0.0,0.305633
2025-11-10,159915ETF,Spot ETF,sortino,-0.2108,0.7,0.0,0,0.001904,0.0,0.0,0.0,0.305633
2025-11-11,159915ETF,Spot ETF,sortino,0.5122,0.7,0.0,0,-0.014641,0.0,0.0,0.0,0.305633
2025-11-12,159915ETF,Spot ETF,sortino,-0.9011,0.7,0.0,0,-0.000645,0.0,0.0,0.0,0.305633
2025-11-13,159915ETF,Spot ETF,sortino,0.0144,0.7,0.0,0,0.018752,0.0,0.0,0.0,0.305633
2025-11-14,159915ETF,Spot ETF,sortino,-1.3079,0.7,-0.5003,1,-0.003201,0.00112,0.000801,0.00032,0.305953
2025-11-17,159915ETF,Spot ETF,sortino,0.6373,0.7,0.0,0,0.002277,0.0,0.0,0.0,0.305953
2025-11-18,159915ETF,Spot ETF,sortino,0.3005,0.7,0.0,0,-0.007859,0.0,0.0,0.0,0.305953
2025-11-19,159915ETF,Spot ETF,sortino,1.0055,0.7,1.0,1,0.000979,0.003602,0.0016,0.002002,0.307955
2025-11-20,159915ETF,Spot ETF,sortino,-0.9848,0.7,0.0,0,-0.014101,0.0,0.0,0.0,0.307955
2025-11-21,159915ETF,Spot ETF,sortino,-1.3846,0.7,-0.5397,1,-0.011596,0.005861,0.000864,0.004997,0.312952
2025-11-24,159915ETF,Spot ETF,sortino,-0.4086,0.7,0.0,0,0.003772,0.0,0.0,0.0,0.312952
2025-11-25,159915ETF,Spot ETF,sortino,-0.092,0.7,0.0,0,-0.003709,0.0,0.0,0.0,0.312952
2025-11-26,159915ETF,Spot ETF,sortino,-0.006,0.7,0.0,0,0.008626,0.0,0.0,0.0,0.312952
2025-11-27,159915ETF,Spot ETF,sortino,1.9427,0.7,1.0,1,-0.022289,-0.019329,0.0016,-0.020929,0.292023
2025-11-28,159915ETF,Spot ETF,sortino,0.115,0.7,0.0,0,0.011281,0.0,0.0,0.0,0.292023
2025-12-01,159915ETF,Spot ETF,sortino,-0.1604,0.7,0.0,0,0.002943,0.0,0.0,0.0,0.292023
2025-12-02,159915ETF,Spot ETF,sortino,-0.716,0.7,0.0,0,-0.005564,0.0,0.0,0.0,0.292023
2025-12-03,159915ETF,Spot ETF,sortino,0.9186,0.7,0.7654,1,-0.015453,-0.013926,0.001225,-0.015151,0.276872
2025-12-04,159915ETF,Spot ETF,sortino,0.2527,0.7,0.0,0,0.014227,0.0,0.0,0.0,0.276872
2025-12-05,159915ETF,Spot ETF,sortino,-0.9299,0.7,0.0,0,0.012062,0.0,0.0,0.0,0.276872
2025-12-08,159915ETF,Spot ETF,sortino,1.5922,0.7,1.0,1,0.014909,0.015021,0.0016,0.013421,0.290293
2025-12-09,159915ETF,Spot ETF,sortino,0.4664,0.7,0.0,0,-0.005014,0.0,0.0,0.0,0.290293
2025-12-10,159915ETF,Spot ETF,sortino,-1.6071,0.7,-1.0,1,0.018633,-0.019289,0.0016,-0.020889,0.269404
2025-12-11,159915ETF,Spot ETF,sortino,1.2495,0.7,1.0,1,-0.013763,-0.013362,0.0016,-0.014962,0.254442
2025-12-12,159915ETF,Spot ETF,sortino,0.3284,0.7,0.0,0,0.011095,0.0,0.0,0.0,0.254442
2025-12-15,159915ETF,Spot ETF,sortino,-0.2502,0.7,0.0,0,-0.0086,0.0,0.0,0.0,0.254442
2025-12-16,159915ETF,Spot ETF,sortino,-0.4271,0.7,0.0,0,-0.009734,0.0,0.0,0.0,0.254442
2025-12-17,159915ETF,Spot ETF,sortino,1.6599,0.7,1.0,1,0.0266,0.02629,0.0016,0.02469,0.279132
2025-12-18,159915ETF,Spot ETF,sortino,-0.8657,0.7,0.0,0,-0.010905,0.0,0.0,0.0,0.279132
2025-12-19,159915ETF,Spot ETF,sortino,-1.0756,0.7,0.0,0,0.000322,0.0,0.0,0.0,0.279132
2025-12-22,159915ETF,Spot ETF,sortino,1.2539,0.7,1.0,1,0.002526,0.001579,0.0016,-2.1e-05,0.279111
2025-12-23,159915ETF,Spot ETF,sortino,0.1239,0.7,0.0,0,-0.005022,0.0,0.0,0.0,0.279111
2025-12-24,159915ETF,Spot ETF,sortino,-0.1774,0.7,0.0,0,0.007198,0.0,0.0,0.0,0.279111
2025-12-25,159915ETF,Spot ETF,sortino,0.1938,0.7,0.0,0,0.009022,0.0,0.0,0.0,0.279111
2025-12-26,159915ETF,Spot ETF,sortino,-0.0345,0.7,0.0,0,-0.001551,0.0,0.0,0.0,0.279111
2025-12-29,159915ETF,Spot ETF,sortino,-0.343,0.7,0.0,0,-0.003127,0.0,0.0,0.0,0.279111
2025-12-30,159915ETF,Spot ETF,sortino,1.0228,0.7,1.0,1,-0.000619,0.0,0.0016,-0.0016,0.277511
2025-12-31,159915ETF,Spot ETF,sortino,-0.8955,0.7,0.0,0,-0.009369,0.0,0.0,0.0,0.277511
2024-01-02,300ETF,Spot ETF,ew,-1.9763,1.4,-1.0,1,-0.004325,0.004315,0.0016,0.002715,0.002715
2024-01-03,300ETF,Spot ETF,ew,0.6241,1.4,0.0,0,-0.00232,0.0,0.0,0.0,0.002715
2024-01-04,300ETF,Spot ETF,ew,-1.263,1.4,0.0,0,-0.002343,0.0,0.0,0.0,0.002715
2024-01-05,300ETF,Spot ETF,ew,1.251,1.4,0.0,0,-0.01057,0.0,0.0,0.0,0.002715
2024-01-08,300ETF,Spot ETF,ew,-0.0058,1.4,0.0,0,-0.006544,0.0,0.0,0.0,0.002715
2024-01-09,300ETF,Spot ETF,ew,-0.0666,1.4,0.0,0,0.002084,0.0,0.0,0.0,0.002715
2024-01-10,300ETF,Spot ETF,ew,-0.9116,1.4,0.0,0,-0.004477,0.0,0.0,0.0,0.002715
2024-01-11,300ETF,Spot ETF,ew,-0.346,1.4,0.0,0,0.006271,0.0,0.0,0.0,0.002715
2024-01-12,300ETF,Spot ETF,ew,-0.2266,1.4,0.0,0,-0.000893,0.0,0.0,0.0,0.002715
2024-01-15,300ETF,Spot ETF,ew,-0.8734,1.4,0.0,0,0.002094,0.0,0.0,0.0,0.002715
2024-01-16,300ETF,Spot ETF,ew,1.0088,1.4,0.0,0,-0.000596,0.0,0.0,0.0,0.002715
2024-01-17,300ETF,Spot ETF,ew,-0.8054,1.4,0.0,0,-0.005409,0.0,0.0,0.0,0.002715
2024-01-18,300ETF,Spot ETF,ew,-1.0807,1.4,0.0,0,0.003415,0.0,0.0,0.0,0.002715
2024-01-19,300ETF,Spot ETF,ew,0.9384,1.4,0.0,0,-0.002751,0.0,0.0,0.0,0.002715
2024-01-22,300ETF,Spot ETF,ew,0.0233,1.4,0.0,0,-0.012967,0.0,0.0,0.0,0.002715
2024-01-23,300ETF,Spot ETF,ew,-0.2242,1.4,0.0,0,0.008062,0.0,0.0,0.0,0.002715
2024-01-24,300ETF,Spot ETF,ew,-0.4829,1.4,0.0,0,0.009871,0.0,0.0,0.0,0.002715
2024-01-25,300ETF,Spot ETF,ew,0.475,1.4,0.0,0,0.015106,0.0,0.0,0.0,0.002715
2024-01-26,300ETF,Spot ETF,ew,0.5335,1.4,0.0,0,0.001504,0.0,0.0,0.0,0.002715
2024-01-29,300ETF,Spot ETF,ew,0.1287,1.4,0.0,0,-0.004208,0.0,0.0,0.0,0.002715
2024-01-30,300ETF,Spot ETF,ew,0.0253,1.4,0.0,0,-0.003676,0.0,0.0,0.0,0.002715
2024-01-31,300ETF,Spot ETF,ew,0.7697,1.4,0.0,0,-0.003103,0.0,0.0,0.0,0.002715
2024-02-01,300ETF,Spot ETF,ew,0.0571,1.4,0.0,0,0.007797,0.0,0.0,0.0,0.002715
2024-02-02,300ETF,Spot ETF,ew,0.1785,1.4,0.0,0,-0.010625,0.0,0.0,0.0,0.002715
2024-02-05,300ETF,Spot ETF,ew,0.6247,1.4,0.0,0,0.0113,0.0,0.0,0.0,0.002715
2024-02-06,300ETF,Spot ETF,ew,2.3725,1.4,1.0,1,0.012266,0.01203,0.0016,0.01043,0.013145
2024-02-07,300ETF,Spot ETF,ew,0.7667,1.4,0.0,0,0.000301,0.0,0.0,0.0,0.013145
2024-02-08,300ETF,Spot ETF,ew,0.5644,1.4,0.0,0,-0.003286,0.0,0.0,0.0,0.013145
2024-02-19,300ETF,Spot ETF,ew,-1.8011,1.4,-1.0,1,0.006221,-0.005942,0.0016,-0.007542,0.005603
2024-02-20,300ETF,Spot ETF,ew,-0.8967,1.4,0.0,0,0.00472,0.0,0.0,0.0,0.005603
2024-02-21,300ETF,Spot ETF,ew,1.1613,1.4,0.0,0,0.018943,0.0,0.0,0.0,0.005603
2024-02-22,300ETF,Spot ETF,ew,1.2871,1.4,0.0,0,0.00375,0.0,0.0,0.0,0.005603
2024-02-23,300ETF,Spot ETF,ew,-0.0543,1.4,0.0,0,-0.001435,0.0,0.0,0.0,0.005603
2024-02-26,300ETF,Spot ETF,ew,0.0716,1.4,0.0,0,-0.004049,0.0,0.0,0.0,0.005603
2024-02-27,300ETF,Spot ETF,ew,1.2415,1.4,0.0,0,0.008666,0.0,0.0,0.0,0.005603
2024-02-28,300ETF,Spot ETF,ew,-0.1075,1.4,0.0,0,-0.006307,0.0,0.0,0.0,0.005603
2024-02-29,300ETF,Spot ETF,ew,2.2226,1.4,1.0,1,0.007465,0.008074,0.0016,0.006474,0.012077
2024-03-01,300ETF,Spot ETF,ew,0.0344,1.4,0.0,0,0.006252,0.0,0.0,0.0,0.012077
2024-03-04,300ETF,Spot ETF,ew,-0.2559,1.4,0.0,0,0.000283,0.0,0.0,0.0,0.012077
2024-03-05,300ETF,Spot ETF,ew,1.2436,1.4,0.0,0,0.004508,0.0,0.0,0.0,0.012077
2024-03-06,300ETF,Spot ETF,ew,0.0911,1.4,0.0,0,0.001973,0.0,0.0,0.0,0.012077
2024-03-07,300ETF,Spot ETF,ew,1.1545,1.4,0.0,0,-0.009052,0.0,0.0,0.0,0.012077
2024-03-08,300ETF,Spot ETF,ew,0.6312,1.4,0.0,0,0.002549,0.0,0.0,0.0,0.012077
2024-03-11,300ETF,Spot ETF,ew,1.0686,1.4,0.0,0,0.009847,0.0,0.0,0.0,0.012077
2024-03-12,300ETF,Spot ETF,ew,-0.4113,1.4,0.0,0,-0.002506,0.0,0.0,0.0,0.012077
2024-03-13,300ETF,Spot ETF,ew,-0.7236,1.4,0.0,0,-0.002802,0.0,0.0,0.0,0.012077
2024-03-14,300ETF,Spot ETF,ew,1.4896,1.4,0.5446,1,-0.009814,-0.005168,0.000871,-0.006039,0.006038
2024-03-15,300ETF,Spot ETF,ew,-0.0936,1.4,0.0,0,0.005921,0.0,0.0,0.0,0.006038
2024-03-18,300ETF,Spot ETF,ew,0.013,1.4,0.0,0,0.0,0.0,0.0,0.0,0.006038
2024-03-19,300ETF,Spot ETF,ew,0.0723,1.4,0.0,0,-0.00615,0.0,0.0,0.0,0.006038
2024-03-20,300ETF,Spot ETF,ew,0.4143,1.4,0.0,0,-0.00028,0.0,0.0,0.0,0.006038
2024-03-21,300ETF,Spot ETF,ew,-0.1922,1.4,0.0,0,-0.002788,0.0,0.0,0.0,0.006038
2024-03-22,300ETF,Spot ETF,ew,-0.8705,1.4,0.0,0,-0.000566,0.0,0.0,0.0,0.006038
2024-03-25,300ETF,Spot ETF,ew,-0.3297,1.4,0.0,0,-0.000283,0.0,0.0,0.0,0.006038
2024-03-26,300ETF,Spot ETF,ew,0.6605,1.4,0.0,0,0.00085,0.0,0.0,0.0,0.006038
2024-03-27,300ETF,Spot ETF,ew,-1.0647,1.4,0.0,0,-0.002275,0.0,0.0,0.0,0.006038
2024-03-28,300ETF,Spot ETF,ew,-0.265,1.4,0.0,0,0.003434,0.0,0.0,0.0,0.006038
2024-03-29,300ETF,Spot ETF,ew,1.4221,1.4,0.5027,1,-0.001419,-0.000571,0.000804,-0.001375,0.004663
2024-04-01,300ETF,Spot ETF,ew,1.9211,1.4,1.0,1,0.001954,0.002237,0.0016,0.000637,0.005299
2024-04-02,300ETF,Spot ETF,ew,0.1927,1.4,0.0,0,-0.005038,0.0,0.0,0.0,0.005299
2024-04-03,300ETF,Spot ETF,ew,-1.1338,1.4,0.0,0,-0.000843,0.0,0.0,0.0,0.005299
2024-04-08,300ETF,Spot ETF,ew,-0.8472,1.4,0.0,0,-0.003675,0.0,0.0,0.0,0.005299
2024-04-09,300ETF,Spot ETF,ew,-0.2389,1.4,0.0,0,0.002273,0.0,0.0,0.0,0.005299
2024-04-10,300ETF,Spot ETF,ew,-0.6226,1.4,0.0,0,-0.005414,0.0,0.0,0.0,0.005299
2024-04-11,300ETF,Spot ETF,ew,0.2681,1.4,0.0,0,0.002865,0.0,0.0,0.0,0.005299
2024-04-12,300ETF,Spot ETF,ew,0.0283,1.4,0.0,0,-0.006322,0.0,0.0,0.0,0.005299
2024-04-15,300ETF,Spot ETF,ew,1.912,1.4,1.0,1,0.007691,0.008586,0.0016,0.006986,0.012286
2024-04-16,300ETF,Spot ETF,ew,0.5462,1.4,0.0,0,-0.006546,0.0,0.0,0.0,0.012286
2024-04-17,300ETF,Spot ETF,ew,0.528,1.4,0.0,0,0.010201,0.0,0.0,0.0,0.012286
2024-04-18,300ETF,Spot ETF,ew,0.8159,1.4,0.0,0,0.005905,0.0,0.0,0.0,0.012286
2024-04-19,300ETF,Spot ETF,ew,-0.358,1.4,0.0,0,-0.005374,0.0,0.0,0.0,0.012286
2024-04-22,300ETF,Spot ETF,ew,0.7398,1.4,0.0,0,-0.007925,0.0,0.0,0.0,0.012286
2024-04-23,300ETF,Spot ETF,ew,-0.6289,1.4,0.0,0,0.0,0.0,0.0,0.0,0.012286
2024-04-24,300ETF,Spot ETF,ew,-1.6343,1.4,-1.0,1,0.004859,-0.004296,0.0016,-0.005896,0.00639
2024-04-25,300ETF,Spot ETF,ew,-0.6839,1.4,0.0,0,0.005127,0.0,0.0,0.0,0.00639
2024-04-26,300ETF,Spot ETF,ew,1.5441,1.4,0.6154,1,0.010674,0.006956,0.000985,0.005971,0.012361
2024-04-29,300ETF,Spot ETF,ew,-0.0848,1.4,0.0,0,0.00914,0.0,0.0,0.0,0.012361
2024-04-30,300ETF,Spot ETF,ew,-0.6429,1.4,0.0,0,-0.001662,0.0,0.0,0.0,0.012361
2024-05-06,300ETF,Spot ETF,ew,-0.3621,1.4,0.0,0,-0.002464,0.0,0.0,0.0,0.012361
2024-05-07,300ETF,Spot ETF,ew,-0.0373,1.4,0.0,0,-0.001919,0.0,0.0,0.0,0.012361
2024-05-08,300ETF,Spot ETF,ew,-1.1193,1.4,0.0,0,-0.003857,0.0,0.0,0.0,0.012361
2024-05-09,300ETF,Spot ETF,ew,0.9685,1.4,0.0,0,0.002739,0.0,0.0,0.0,0.012361
2024-05-10,300ETF,Spot ETF,ew,-0.0604,1.4,0.0,0,0.003835,0.0,0.0,0.0,0.012361
2024-05-13,300ETF,Spot ETF,ew,-0.4057,1.4,0.0,0,0.004118,0.0,0.0,0.0,0.012361
2024-05-14,300ETF,Spot ETF,ew,0.2831,1.4,0.0,0,0.0,0.0,0.0,0.0,0.012361
2024-05-15,300ETF,Spot ETF,ew,-1.2061,1.4,0.0,0,-0.003579,0.0,0.0,0.0,0.012361
2024-05-16,300ETF,Spot ETF,ew,-0.8439,1.4,0.0,0,-0.000826,0.0,0.0,0.0,0.012361
2024-05-17,300ETF,Spot ETF,ew,0.1413,1.4,0.0,0,0.002464,0.0,0.0,0.0,0.012361
2024-05-20,300ETF,Spot ETF,ew,1.3871,1.4,0.0,0,-0.002711,0.0,0.0,0.0,0.012361
2024-05-21,300ETF,Spot ETF,ew,-0.4147,1.4,0.0,0,-0.001634,0.0,0.0,0.0,0.012361
2024-05-22,300ETF,Spot ETF,ew,-0.2892,1.4,0.0,0,0.00136,0.0,0.0,0.0,0.012361
2024-05-23,300ETF,Spot ETF,ew,-1.3457,1.4,-0.5116,1,-0.003841,0.001682,0.000819,0.000863,0.013224
2024-05-24,300ETF,Spot ETF,ew,1.1725,1.4,0.0,0,-0.009379,0.0,0.0,0.0,0.013224
2024-05-27,300ETF,Spot ETF,ew,-0.0743,1.4,0.0,0,0.004143,0.0,0.0,0.0,0.013224
2024-05-28,300ETF,Spot ETF,ew,-1.0698,1.4,0.0,0,-0.004979,0.0,0.0,0.0,0.013224
2024-05-29,300ETF,Spot ETF,ew,1.1921,1.4,0.0,0,-0.002762,0.0,0.0,0.0,0.013224
2024-05-30,300ETF,Spot ETF,ew,0.1384,1.4,0.0,0,-0.007482,0.0,0.0,0.0,0.013224
2024-05-31,300ETF,Spot ETF,ew,0.0417,1.4,0.0,0,-0.00778,0.0,0.0,0.0,0.013224
2024-06-03,300ETF,Spot ETF,ew,-0.8145,1.4,0.0,0,-0.003911,0.0,0.0,0.0,0.013224
2024-06-04,300ETF,Spot ETF,ew,-0.27,1.4,0.0,0,0.006376,0.0,0.0,0.0,0.013224
2024-06-05,300ETF,Spot ETF,ew,0.4951,1.4,0.0,0,-0.004983,0.0,0.0,0.0,0.013224
2024-06-06,300ETF,Spot ETF,ew,-0.0345,1.4,0.0,0,-0.004447,0.0,0.0,0.0,0.013224
2024-06-07,300ETF,Spot ETF,ew,-0.2882,1.4,0.0,0,-0.00474,0.0,0.0,0.0,0.013224
2024-06-11,300ETF,Spot ETF,ew,-0.7554,1.4,0.0,0,0.000845,0.0,0.0,0.0,0.013224
2024-06-12,300ETF,Spot ETF,ew,0.1455,1.4,0.0,0,0.000282,0.0,0.0,0.0,0.013224
2024-06-13,300ETF,Spot ETF,ew,-1.5258,1.4,-0.7832,1,-0.006218,0.004855,0.001253,0.003602,0.016826
2024-06-14,300ETF,Spot ETF,ew,-0.666,1.4,0.0,0,0.005928,0.0,0.0,0.0,0.016826
2024-06-17,300ETF,Spot ETF,ew,-0.0309,1.4,0.0,0,-0.000282,0.0,0.0,0.0,0.016826
2024-06-18,300ETF,Spot ETF,ew,0.3145,1.4,0.0,0,-0.000845,0.0,0.0,0.0,0.016826
2024-06-19,300ETF,Spot ETF,ew,-1.4114,1.4,-0.5689,1,-0.000846,0.000321,0.00091,-0.000589,0.016237
2024-06-20,300ETF,Spot ETF,ew,-0.2235,1.4,0.0,0,-0.002839,0.0,0.0,0.0,0.016237
2024-06-21,300ETF,Spot ETF,ew,-0.6941,1.4,0.0,0,-0.000569,0.0,0.0,0.0,0.016237
2024-06-24,300ETF,Spot ETF,ew,-0.1899,1.4,0.0,0,0.002281,0.0,0.0,0.0,0.016237
2024-06-25,300ETF,Spot ETF,ew,-0.27,1.4,0.0,0,-0.004581,0.0,0.0,0.0,0.016237
2024-06-26,300ETF,Spot ETF,ew,-0.3118,1.4,0.0,0,0.009169,0.0,0.0,0.0,0.016237
2024-06-27,300ETF,Spot ETF,ew,-1.593,1.4,-0.9769,1,0.003159,-0.002809,0.001563,-0.004372,0.011865
2024-06-28,300ETF,Spot ETF,ew,1.4845,1.4,0.5397,1,-0.005153,-0.002314,0.000864,-0.003177,0.008688
2024-07-01,300ETF,Spot ETF,ew,-0.3094,1.4,0.0,0,0.004869,0.0,0.0,0.0,0.008688
2024-07-02,300ETF,Spot ETF,ew,0.5915,1.4,0.0,0,-0.003718,0.0,0.0,0.0,0.008688
2024-07-03,300ETF,Spot ETF,ew,-0.8303,1.4,0.0,0,0.001434,0.0,0.0,0.0,0.008688
2024-07-04,300ETF,Spot ETF,ew,0.8461,1.4,0.0,0,-0.004876,0.0,0.0,0.0,0.008688
2024-07-05,300ETF,Spot ETF,ew,-0.9571,1.4,0.0,0,0.00029,0.0,0.0,0.0,0.008688
2024-07-08,300ETF,Spot ETF,ew,-0.0593,1.4,0.0,0,-0.002614,0.0,0.0,0.0,0.008688
2024-07-09,300ETF,Spot ETF,ew,-0.0471,1.4,0.0,0,0.010417,0.0,0.0,0.0,0.008688
2024-07-10,300ETF,Spot ETF,ew,1.0715,1.4,0.0,0,-0.003458,0.0,0.0,0.0,0.008688
2024-07-11,300ETF,Spot ETF,ew,-0.8033,1.4,0.0,0,0.003428,0.0,0.0,0.0,0.008688
2024-07-12,300ETF,Spot ETF,ew,0.3002,1.4,0.0,0,0.001422,0.0,0.0,0.0,0.008688
2024-07-15,300ETF,Spot ETF,ew,0.6188,1.4,0.0,0,0.0,0.0,0.0,0.0,0.008688
2024-07-16,300ETF,Spot ETF,ew,0.2242,1.4,0.0,0,0.00424,0.0,0.0,0.0,0.008688
2024-07-17,300ETF,Spot ETF,ew,-0.6334,1.4,0.0,0,0.005065,0.0,0.0,0.0,0.008688
2024-07-18,300ETF,Spot ETF,ew,-0.1566,1.4,0.0,0,0.006185,0.0,0.0,0.0,0.008688
2024-07-19,300ETF,Spot ETF,ew,-0.3431,1.4,0.0,0,0.008385,0.0,0.0,0.0,0.008688
2024-07-22,300ETF,Spot ETF,ew,-1.1914,1.4,0.0,0,0.0,0.0,0.0,0.0,0.008688
2024-07-23,300ETF,Spot ETF,ew,-1.5342,1.4,-0.8048,1,-0.012183,0.009746,0.001288,0.008458,0.017146
2024-07-24,300ETF,Spot ETF,ew,0.7104,1.4,0.0,0,-0.004308,0.0,0.0,0.0,0.017146
2024-07-25,300ETF,Spot ETF,ew,0.1048,1.4,0.0,0,-0.003755,0.0,0.0,0.0,0.017146
2024-07-26,300ETF,Spot ETF,ew,1.0118,1.4,0.0,0,-0.004322,0.0,0.0,0.0,0.017146
2024-07-29,300ETF,Spot ETF,ew,-0.3672,1.4,0.0,0,-0.002889,0.0,0.0,0.0,0.017146
2024-07-30,300ETF,Spot ETF,ew,-1.5956,1.4,-0.9853,1,0.001166,-0.000862,0.001577,-0.002438,0.014707
2024-07-31,300ETF,Spot ETF,ew,0.8977,1.4,0.0,0,0.014075,0.0,0.0,0.0,0.014707
2024-08-01,300ETF,Spot ETF,ew,-0.3933,1.4,0.0,0,-0.005152,0.0,0.0,0.0,0.014707
2024-08-02,300ETF,Spot ETF,ew,1.2335,1.4,0.0,0,-0.007798,0.0,0.0,0.0,0.014707
2024-08-05,300ETF,Spot ETF,ew,1.7772,1.4,1.0,1,-0.010203,-0.010725,0.0016,-0.012325,0.002383
2024-08-06,300ETF,Spot ETF,ew,-0.765,1.4,0.0,0,-0.006168,0.0,0.0,0.0,0.002383
2024-08-07,300ETF,Spot ETF,ew,0.9555,1.4,0.0,0,-0.002932,0.0,0.0,0.0,0.002383
2024-08-08,300ETF,Spot ETF,ew,-1.0124,1.4,0.0,0,0.006177,0.0,0.0,0.0,0.002383
2024-08-09,300ETF,Spot ETF,ew,0.0991,1.4,0.0,0,-0.005282,0.0,0.0,0.0,0.002383
2024-08-12,300ETF,Spot ETF,ew,-0.3489,1.4,0.0,0,-0.003536,0.0,0.0,0.0,0.002383
2024-08-13,300ETF,Spot ETF,ew,-0.1565,1.4,0.0,0,-0.000887,0.0,0.0,0.0,0.002383
2024-08-14,300ETF,Spot ETF,ew,-1.5499,1.4,-0.847,1,0.000296,-0.0,0.001355,-0.001355,0.001027
2024-08-15,300ETF,Spot ETF,ew,1.6161,1.4,0.7595,1,0.000589,0.000671,0.001215,-0.000544,0.000483
2024-08-16,300ETF,Spot ETF,ew,-0.2412,1.4,0.0,0,-0.003807,0.0,0.0,0.0,0.000483
2024-08-19,300ETF,Spot ETF,ew,1.8592,1.4,1.0,1,-0.005245,-0.004653,0.0016,-0.006253,-0.005769
2024-08-20,300ETF,Spot ETF,ew,-1.5321,1.4,-0.7993,1,-0.002647,0.002347,0.001279,0.001068,-0.004701
2024-08-21,300ETF,Spot ETF,ew,-0.7213,1.4,0.0,0,0.001181,0.0,0.0,0.0,-0.004701
2024-08-22,300ETF,Spot ETF,ew,-0.1587,1.4,0.0,0,-0.000888,0.0,0.0,0.0,-0.004701
2024-08-23,300ETF,Spot ETF,ew,0.5758,1.4,0.0,0,0.004133,0.0,0.0,0.0,-0.004701
2024-08-26,300ETF,Spot ETF,ew,-0.7395,1.4,0.0,0,0.000295,0.0,0.0,0.0,-0.004701
2024-08-27,300ETF,Spot ETF,ew,-0.7213,1.4,0.0,0,-0.002074,0.0,0.0,0.0,-0.004701
2024-08-28,300ETF,Spot ETF,ew,-0.3296,1.4,0.0,0,-0.001488,0.0,0.0,0.0,-0.004701
2024-08-29,300ETF,Spot ETF,ew,0.0289,1.4,0.0,0,0.002687,0.0,0.0,0.0,-0.004701
2024-08-30,300ETF,Spot ETF,ew,1.8334,1.4,1.0,1,0.00472,0.004434,0.0016,0.002834,-0.001867
2024-09-02,300ETF,Spot ETF,ew,-0.6006,1.4,0.0,0,-0.007164,0.0,0.0,0.0,-0.001867
2024-09-03,300ETF,Spot ETF,ew,-0.1843,1.4,0.0,0,0.002394,0.0,0.0,0.0,-0.001867
2024-09-04,300ETF,Spot ETF,ew,-0.415,1.4,0.0,0,0.0,0.0,0.0,0.0,-0.001867
2024-09-05,300ETF,Spot ETF,ew,-0.1486,1.4,0.0,0,0.003007,0.0,0.0,0.0,-0.001867
2024-09-06,300ETF,Spot ETF,ew,-0.3934,1.4,0.0,0,-0.009314,0.0,0.0,0.0,-0.001867
2024-09-09,300ETF,Spot ETF,ew,-0.3064,1.4,0.0,0,-0.006427,0.0,0.0,0.0,-0.001867
2024-09-10,300ETF,Spot ETF,ew,-0.6083,1.4,0.0,0,0.002148,0.0,0.0,0.0,-0.001867
2024-09-11,300ETF,Spot ETF,ew,-0.9721,1.4,0.0,0,0.000922,0.0,0.0,0.0,-0.001867
2024-09-12,300ETF,Spot ETF,ew,0.6692,1.4,0.0,0,-0.005219,0.0,0.0,0.0,-0.001867
2024-09-13,300ETF,Spot ETF,ew,0.5363,1.4,0.0,0,-0.007708,0.0,0.0,0.0,-0.001867
2024-09-18,300ETF,Spot ETF,ew,0.6111,1.4,0.0,0,0.004019,0.0,0.0,0.0,-0.001867
2024-09-19,300ETF,Spot ETF,ew,-0.9172,1.4,0.0,0,0.009837,0.0,0.0,0.0,-0.001867
2024-09-20,300ETF,Spot ETF,ew,-0.5988,1.4,0.0,0,0.004605,0.0,0.0,0.0,-0.001867
2024-09-23,300ETF,Spot ETF,ew,1.3929,1.4,0.0,0,-0.002737,0.0,0.0,0.0,-0.001867
2024-09-24,300ETF,Spot ETF,ew,-0.5972,1.4,0.0,0,0.033952,0.0,0.0,0.0,-0.001867
2024-09-25,300ETF,Spot ETF,ew,1.9325,1.4,1.0,1,-0.01287,-0.013068,0.0016,-0.014668,-0.016535
2024-09-26,300ETF,Spot ETF,ew,0.5388,1.4,0.0,0,0.029306,0.0,0.0,0.0,-0.016535
2024-09-27,300ETF,Spot ETF,ew,0.4481,1.4,0.0,0,0.032807,0.0,0.0,0.0,-0.016535
2024-09-30,300ETF,Spot ETF,ew,2.1485,1.4,1.0,1,0.046624,0.054181,0.0016,0.052581,0.036046
2024-10-08,300ETF,Spot ETF,ew,-1.3318,1.4,-0.5056,1,-0.042846,0.025476,0.000809,0.024667,0.060713
2024-10-09,300ETF,Spot ETF,ew,-0.0626,1.4,0.0,0,-0.024574,0.0,0.0,0.0,0.060713
2024-10-10,300ETF,Spot ETF,ew,0.75,1.4,0.0,0,0.012003,0.0,0.0,0.0,0.060713
2024-10-11,300ETF,Spot ETF,ew,-0.3534,1.4,0.0,0,-0.025337,0.0,0.0,0.0,0.060713
2024-10-14,300ETF,Spot ETF,ew,0.6888,1.4,0.0,0,0.010254,0.0,0.0,0.0,0.060713
2024-10-15,300ETF,Spot ETF,ew,0.1072,1.4,0.0,0,-0.014526,0.0,0.0,0.0,0.060713
2024-10-16,300ETF,Spot ETF,ew,1.8019,1.4,1.0,1,-0.008424,-0.005354,0.0016,-0.006954,0.053759
2024-10-17,300ETF,Spot ETF,ew,0.2566,1.4,0.0,0,-0.017125,0.0,0.0,0.0,0.053759
2024-10-18,300ETF,Spot ETF,ew,0.7266,1.4,0.0,0,0.05867,0.0,0.0,0.0,0.053759
2024-10-21,300ETF,Spot ETF,ew,0.2542,1.4,0.0,0,0.008251,0.0,0.0,0.0,0.053759
2024-10-22,300ETF,Spot ETF,ew,1.3463,1.4,0.0,0,0.000745,0.0,0.0,0.0,0.053759
2024-10-23,300ETF,Spot ETF,ew,-0.3571,1.4,0.0,0,0.004203,0.0,0.0,0.0,0.053759
2024-10-24,300ETF,Spot ETF,ew,-0.3904,1.4,0.0,0,-0.003239,0.0,0.0,0.0,0.053759
2024-10-25,300ETF,Spot ETF,ew,0.6947,1.4,0.0,0,0.007695,0.0,0.0,0.0,0.053759
2024-10-28,300ETF,Spot ETF,ew,-1.4752,1.4,-0.6705,1,0.003727,-0.002504,0.001073,-0.003577,0.050182
2024-10-29,300ETF,Spot ETF,ew,0.2657,1.4,0.0,0,-0.008186,0.0,0.0,0.0,0.050182
2024-10-30,300ETF,Spot ETF,ew,1.0933,1.4,0.0,0,-0.009786,0.0,0.0,0.0,0.050182
2024-10-31,300ETF,Spot ETF,ew,-1.1021,1.4,0.0,0,0.00732,0.0,0.0,0.0,0.050182
2024-11-01,300ETF,Spot ETF,ew,1.0188,1.4,0.0,0,-0.002502,0.0,0.0,0.0,0.050182
2024-11-04,300ETF,Spot ETF,ew,0.0473,1.4,0.0,0,0.005003,0.0,0.0,0.0,0.050182
2024-11-05,300ETF,Spot ETF,ew,-0.2924,1.4,0.0,0,0.017591,0.0,0.0,0.0,0.050182
2024-11-06,300ETF,Spot ETF,ew,0.5217,1.4,0.0,0,-0.005815,0.0,0.0,0.0,0.050182
2024-11-07,300ETF,Spot ETF,ew,1.4983,1.4,0.5537,1,0.022106,0.013203,0.000886,0.012317,0.062499
2024-11-08,300ETF,Spot ETF,ew,-0.9953,1.4,0.0,0,-0.011131,0.0,0.0,0.0,0.062499
2024-11-11,300ETF,Spot ETF,ew,1.0351,1.4,0.0,0,0.009082,0.0,0.0,0.0,0.062499
2024-11-12,300ETF,Spot ETF,ew,1.5052,1.4,0.5615,1,-0.022831,-0.011994,0.000898,-0.012892,0.049607
2024-11-13,300ETF,Spot ETF,ew,1.1333,1.4,0.0,0,0.004068,0.0,0.0,0.0,0.049607
2024-11-14,300ETF,Spot ETF,ew,0.1548,1.4,0.0,0,-0.011522,0.0,0.0,0.0,0.049607
2024-11-15,300ETF,Spot ETF,ew,0.26,1.4,0.0,0,-0.004639,0.0,0.0,0.0,0.049607
2024-11-18,300ETF,Spot ETF,ew,-0.0413,1.4,0.0,0,-0.007406,0.0,0.0,0.0,0.049607
2024-11-19,300ETF,Spot ETF,ew,0.8014,1.4,0.0,0,0.00173,0.0,0.0,0.0,0.049607
2024-11-20,300ETF,Spot ETF,ew,-0.2174,1.4,0.0,0,0.005917,0.0,0.0,0.0,0.049607
2024-11-21,300ETF,Spot ETF,ew,0.274,1.4,0.0,0,0.002216,0.0,0.0,0.0,0.049607
2024-11-22,300ETF,Spot ETF,ew,-0.4436,1.4,0.0,0,-0.0174,0.0,0.0,0.0,0.049607
2024-11-25,300ETF,Spot ETF,ew,0.5145,1.4,0.0,0,-0.006108,0.0,0.0,0.0,0.049607
2024-11-26,300ETF,Spot ETF,ew,0.7275,1.4,0.0,0,-0.001782,0.0,0.0,0.0,0.049607
2024-11-27,300ETF,Spot ETF,ew,0.1978,1.4,0.0,0,0.019256,0.0,0.0,0.0,0.049607
2024-11-28,300ETF,Spot ETF,ew,-0.0107,1.4,0.0,0,-0.003275,0.0,0.0,0.0,0.049607
2024-11-29,300ETF,Spot ETF,ew,1.2715,1.4,0.0,0,0.01028,0.0,0.0,0.0,0.049607
2024-12-02,300ETF,Spot ETF,ew,0.9353,1.4,0.0,0,-0.003229,0.0,0.0,0.0,0.049607
2024-12-03,300ETF,Spot ETF,ew,-1.14,1.4,0.0,0,0.006704,0.0,0.0,0.0,0.049607
2024-12-04,300ETF,Spot ETF,ew,-1.2762,1.4,0.0,0,-0.000997,0.0,0.0,0.0,0.049607
2024-12-05,300ETF,Spot ETF,ew,0.4475,1.4,0.0,0,-0.00075,0.0,0.0,0.0,0.049607
2024-12-06,300ETF,Spot ETF,ew,0.5272,1.4,0.0,0,0.013868,0.0,0.0,0.0,0.049607
2024-12-09,300ETF,Spot ETF,ew,0.1722,1.4,0.0,0,-0.001234,0.0,0.0,0.0,0.049607
2024-12-10,300ETF,Spot ETF,ew,-1.2384,1.4,0.0,0,-0.008521,0.0,0.0,0.0,0.049607
2024-12-11,300ETF,Spot ETF,ew,0.4282,1.4,0.0,0,-0.001716,0.0,0.0,0.0,0.049607
2024-12-12,300ETF,Spot ETF,ew,-0.3135,1.4,0.0,0,0.008798,0.0,0.0,0.0,0.049607
2024-12-13,300ETF,Spot ETF,ew,-1.4174,1.4,-0.5765,1,-0.006189,0.003698,0.000922,0.002776,0.052383
2024-12-16,300ETF,Spot ETF,ew,-0.0967,1.4,0.0,0,-0.005746,0.0,0.0,0.0,0.052383
2024-12-17,300ETF,Spot ETF,ew,1.5319,1.4,0.5966,1,-0.006224,-0.003702,0.000955,-0.004657,0.047726
2024-12-18,300ETF,Spot ETF,ew,0.9807,1.4,0.0,0,-0.002731,0.0,0.0,0.0,0.047726
2024-12-19,300ETF,Spot ETF,ew,0.4668,1.4,0.0,0,0.002733,0.0,0.0,0.0,0.047726
2024-12-20,300ETF,Spot ETF,ew,-0.5494,1.4,0.0,0,-0.00199,0.0,0.0,0.0,0.047726
2024-12-23,300ETF,Spot ETF,ew,1.6831,1.4,0.9452,1,-0.003225,-0.003743,0.001512,-0.005255,0.042471
2024-12-24,300ETF,Spot ETF,ew,0.8107,1.4,0.0,0,0.004193,0.0,0.0,0.0,0.042471
2024-12-25,300ETF,Spot ETF,ew,-0.4098,1.4,0.0,0,-0.005643,0.0,0.0,0.0,0.042471
2024-12-26,300ETF,Spot ETF,ew,-0.7536,1.4,0.0,0,0.002948,0.0,0.0,0.0,0.042471
2024-12-27,300ETF,Spot ETF,ew,-0.9873,1.4,0.0,0,0.001475,0.0,0.0,0.0,0.042471
2024-12-30,300ETF,Spot ETF,ew,1.2924,1.4,0.0,0,0.000734,0.0,0.0,0.0,0.042471
2024-12-31,300ETF,Spot ETF,ew,-0.371,1.4,0.0,0,-0.011341,0.0,0.0,0.0,0.042471
2025-01-02,300ETF,Spot ETF,ew,-1.1954,1.4,0.0,0,-0.021304,0.0,0.0,0.0,0.042471
2025-01-03,300ETF,Spot ETF,ew,-0.4974,1.4,0.0,0,-0.007734,0.0,0.0,0.0,0.042471
2025-01-06,300ETF,Spot ETF,ew,-0.5084,1.4,0.0,0,0.000522,0.0,0.0,0.0,0.042471
2025-01-07,300ETF,Spot ETF,ew,0.962,1.4,0.0,0,0.003879,0.0,0.0,0.0,0.042471
2025-01-08,300ETF,Spot ETF,ew,-0.5817,1.4,0.0,0,0.001293,0.0,0.0,0.0,0.042471
2025-01-09,300ETF,Spot ETF,ew,-0.4112,1.4,0.0,0,0.001807,0.0,0.0,0.0,0.042471
2025-01-10,300ETF,Spot ETF,ew,-0.4348,1.4,0.0,0,-0.003382,0.0,0.0,0.0,0.042471
2025-01-13,300ETF,Spot ETF,ew,1.2036,1.4,0.0,0,-0.003152,0.0,0.0,0.0,0.042471
2025-01-14,300ETF,Spot ETF,ew,0.6349,1.4,0.0,0,0.01318,0.0,0.0,0.0,0.042471
2025-01-15,300ETF,Spot ETF,ew,-0.6989,1.4,0.0,0,-0.003086,0.0,0.0,0.0,0.042471
2025-01-16,300ETF,Spot ETF,ew,1.6034,1.4,0.7299,1,-0.007448,-0.005787,0.001168,-0.006955,0.035515
2025-01-17,300ETF,Spot ETF,ew,0.0021,1.4,0.0,0,0.00514,0.0,0.0,0.0,0.035515
2025-01-20,300ETF,Spot ETF,ew,0.9524,1.4,0.0,0,-0.006617,0.0,0.0,0.0,0.035515
2025-01-21,300ETF,Spot ETF,ew,-1.425,1.4,-0.5868,1,0.003066,-0.001953,0.000939,-0.002891,0.032624
2025-01-22,300ETF,Spot ETF,ew,-1.0226,1.4,0.0,0,0.001031,0.0,0.0,0.0,0.032624
2025-01-23,300ETF,Spot ETF,ew,0.8133,1.4,0.0,0,-0.008934,0.0,0.0,0.0,0.032624
2025-01-24,300ETF,Spot ETF,ew,0.888,1.4,0.0,0,0.003314,0.0,0.0,0.0,0.032624
2025-01-27,300ETF,Spot ETF,ew,0.8128,1.4,0.0,0,-0.00051,0.0,0.0,0.0,0.032624
2025-02-05,300ETF,Spot ETF,ew,-1.5974,1.4,-0.9913,1,-0.002827,0.002798,0.001586,0.001212,0.033836
2025-02-06,300ETF,Spot ETF,ew,0.4837,1.4,0.0,0,0.010996,0.0,0.0,0.0,0.033836
2025-02-07,300ETF,Spot ETF,ew,-0.1859,1.4,0.0,0,0.002525,0.0,0.0,0.0,0.033836
2025-02-10,300ETF,Spot ETF,ew,-0.8341,1.4,0.0,0,-0.000752,0.0,0.0,0.0,0.033836
2025-02-11,300ETF,Spot ETF,ew,-1.471,1.4,-0.6624,1,-0.000503,0.0005,0.00106,-0.00056,0.033276
2025-02-12,300ETF,Spot ETF,ew,-0.1187,1.4,0.0,0,0.001005,0.0,0.0,0.0,0.033276
2025-02-13,300ETF,Spot ETF,ew,-0.1139,1.4,0.0,0,-0.001246,0.0,0.0,0.0,0.033276
2025-02-14,300ETF,Spot ETF,ew,0.5889,1.4,0.0,0,0.006726,0.0,0.0,0.0,0.033276
2025-02-17,300ETF,Spot ETF,ew,-0.2199,1.4,0.0,0,0.000744,0.0,0.0,0.0,0.033276
2025-02-18,300ETF,Spot ETF,ew,-0.3788,1.4,0.0,0,-0.00946,0.0,0.0,0.0,0.033276
2025-02-19,300ETF,Spot ETF,ew,0.1183,1.4,0.0,0,0.00348,0.0,0.0,0.0,0.033276
2025-02-20,300ETF,Spot ETF,ew,-0.7846,1.4,0.0,0,0.001988,0.0,0.0,0.0,0.033276
2025-02-21,300ETF,Spot ETF,ew,0.1631,1.4,0.0,0,0.013334,0.0,0.0,0.0,0.033276
2025-02-24,300ETF,Spot ETF,ew,0.4079,1.4,0.0,0,-0.003687,0.0,0.0,0.0,0.033276
2025-02-25,300ETF,Spot ETF,ew,-0.3641,1.4,0.0,0,-0.004224,0.0,0.0,0.0,0.033276
2025-02-26,300ETF,Spot ETF,ew,0.6821,1.4,0.0,0,0.002227,0.0,0.0,0.0,0.033276
2025-02-27,300ETF,Spot ETF,ew,0.1519,1.4,0.0,0,0.00148,0.0,0.0,0.0,0.033276
2025-02-28,300ETF,Spot ETF,ew,0.3971,1.4,0.0,0,-0.011955,0.0,0.0,0.0,0.033276
2025-03-03,300ETF,Spot ETF,ew,-0.3344,1.4,0.0,0,-0.007772,0.0,0.0,0.0,0.033276
2025-03-04,300ETF,Spot ETF,ew,-0.3369,1.4,0.0,0,0.003274,0.0,0.0,0.0,0.033276
2025-03-05,300ETF,Spot ETF,ew,-0.1336,1.4,0.0,0,0.004017,0.0,0.0,0.0,0.033276
2025-03-06,300ETF,Spot ETF,ew,-0.4595,1.4,0.0,0,0.006426,0.0,0.0,0.0,0.033276
2025-03-07,300ETF,Spot ETF,ew,-0.3242,1.4,0.0,0,-0.000496,0.0,0.0,0.0,0.033276
2025-03-10,300ETF,Spot ETF,ew,-0.6155,1.4,0.0,0,0.002988,0.0,0.0,0.0,0.033276
2025-03-11,300ETF,Spot ETF,ew,0.6573,1.4,0.0,0,0.001246,0.0,0.0,0.0,0.033276
2025-03-12,300ETF,Spot ETF,ew,-1.3901,1.4,-0.5451,1,0.0,-0.0,0.000872,-0.000872,0.032404
2025-03-13,300ETF,Spot ETF,ew,0.1384,1.4,0.0,0,-0.001993,0.0,0.0,0.0,0.032404
2025-03-14,300ETF,Spot ETF,ew,1.8625,1.4,1.0,1,0.009065,0.008858,0.0016,0.007258,0.039662
2025-03-17,300ETF,Spot ETF,ew,-0.1811,1.4,0.0,0,-0.001221,0.0,0.0,0.0,0.039662
2025-03-18,300ETF,Spot ETF,ew,-0.7628,1.4,0.0,0,-0.000731,0.0,0.0,0.0,0.039662
2025-03-19,300ETF,Spot ETF,ew,-0.322,1.4,0.0,0,0.003663,0.0,0.0,0.0,0.039662
2025-03-20,300ETF,Spot ETF,ew,-1.2339,1.4,0.0,0,0.0,0.0,0.0,0.0,0.039662
2025-03-21,300ETF,Spot ETF,ew,0.4891,1.4,0.0,0,-0.013858,0.0,0.0,0.0,0.039662
2025-03-24,300ETF,Spot ETF,ew,0.3184,1.4,0.0,0,0.000498,0.0,0.0,0.0,0.039662
2025-03-25,300ETF,Spot ETF,ew,-0.2242,1.4,0.0,0,0.0,0.0,0.0,0.0,0.039662
2025-03-26,300ETF,Spot ETF,ew,-0.0668,1.4,0.0,0,-0.005964,0.0,0.0,0.0,0.039662
2025-03-27,300ETF,Spot ETF,ew,-0.0306,1.4,0.0,0,0.001492,0.0,0.0,0.0,0.039662
2025-03-28,300ETF,Spot ETF,ew,-0.8745,1.4,0.0,0,0.0,0.0,0.0,0.0,0.039662
2025-03-31,300ETF,Spot ETF,ew,0.1515,1.4,0.0,0,-0.007002,0.0,0.0,0.0,0.039662
2025-04-01,300ETF,Spot ETF,ew,-0.4331,1.4,0.0,0,-0.001505,0.0,0.0,0.0,0.039662
2025-04-02,300ETF,Spot ETF,ew,-0.0926,1.4,0.0,0,-0.003517,0.0,0.0,0.0,0.039662
2025-04-03,300ETF,Spot ETF,ew,1.1132,1.4,0.0,0,-0.003282,0.0,0.0,0.0,0.039662
2025-04-07,300ETF,Spot ETF,ew,0.7167,1.4,0.0,0,-0.022436,0.0,0.0,0.0,0.039662
2025-04-08,300ETF,Spot ETF,ew,0.7627,1.4,0.0,0,0.00027,0.0,0.0,0.0,0.039662
2025-04-09,300ETF,Spot ETF,ew,0.3049,1.4,0.0,0,0.018732,0.0,0.0,0.0,0.039662
2025-04-10,300ETF,Spot ETF,ew,-0.8158,1.4,0.0,0,-0.003389,0.0,0.0,0.0,0.039662
2025-04-11,300ETF,Spot ETF,ew,-0.4409,1.4,0.0,0,0.007056,0.0,0.0,0.0,0.039662
2025-04-14,300ETF,Spot ETF,ew,-0.8756,1.4,0.0,0,-0.002075,0.0,0.0,0.0,0.039662
2025-04-15,300ETF,Spot ETF,ew,-1.334,1.4,-0.5064,1,0.00287,-0.001588,0.00081,-0.002399,0.037263
2025-04-16,300ETF,Spot ETF,ew,-1.4003,1.4,-0.5559,1,-0.000261,0.00029,0.00089,-0.000599,0.036664
2025-04-17,300ETF,Spot ETF,ew,0.1409,1.4,0.0,0,0.000518,0.0,0.0,0.0,0.036664
2025-04-18,300ETF,Spot ETF,ew,-0.6675,1.4,0.0,0,0.001556,0.0,0.0,0.0,0.036664
2025-04-21,300ETF,Spot ETF,ew,0.7651,1.4,0.0,0,0.000773,0.0,0.0,0.0,0.036664
2025-04-22,300ETF,Spot ETF,ew,0.4109,1.4,0.0,0,0.0,0.0,0.0,0.0,0.036664
2025-04-23,300ETF,Spot ETF,ew,-0.9444,1.4,0.0,0,0.000773,0.0,0.0,0.0,0.036664
2025-04-24,300ETF,Spot ETF,ew,0.3333,1.4,0.0,0,-0.002315,0.0,0.0,0.0,0.036664
2025-04-25,300ETF,Spot ETF,ew,-0.3365,1.4,0.0,0,-0.000772,0.0,0.0,0.0,0.036664
2025-04-28,300ETF,Spot ETF,ew,-1.3352,1.4,-0.5069,1,0.001808,-0.000655,0.000811,-0.001466,0.035198
2025-04-29,300ETF,Spot ETF,ew,-0.7023,1.4,0.0,0,-0.000517,0.0,0.0,0.0,0.035198
2025-04-30,300ETF,Spot ETF,ew,0.0078,1.4,0.0,0,-0.000258,0.0,0.0,0.0,0.035198
2025-05-06,300ETF,Spot ETF,ew,-1.1178,1.4,0.0,0,0.001283,0.0,0.0,0.0,0.035198
2025-05-07,300ETF,Spot ETF,ew,-1.1985,1.4,0.0,0,-0.002806,0.0,0.0,0.0,0.035198
2025-05-08,300ETF,Spot ETF,ew,1.3064,1.4,0.0,0,-0.000506,0.0,0.0,0.0,0.035198
2025-05-09,300ETF,Spot ETF,ew,-0.6043,1.4,0.0,0,-0.000507,0.0,0.0,0.0,0.035198
2025-05-12,300ETF,Spot ETF,ew,-0.3638,1.4,0.0,0,0.002766,0.0,0.0,0.0,0.035198
2025-05-13,300ETF,Spot ETF,ew,-1.3981,1.4,-0.5535,1,-0.001,0.000415,0.000886,-0.00047,0.034728
2025-05-14,300ETF,Spot ETF,ew,-0.4609,1.4,0.0,0,0.01045,0.0,0.0,0.0,0.034728
2025-05-15,300ETF,Spot ETF,ew,-0.5262,1.4,0.0,0,-0.001992,0.0,0.0,0.0,0.034728
2025-05-16,300ETF,Spot ETF,ew,-0.6562,1.4,0.0,0,-0.00451,0.0,0.0,0.0,0.034728
2025-05-19,300ETF,Spot ETF,ew,-0.7016,1.4,0.0,0,0.003523,0.0,0.0,0.0,0.034728
2025-05-20,300ETF,Spot ETF,ew,0.1482,1.4,0.0,0,0.004255,0.0,0.0,0.0,0.034728
2025-05-21,300ETF,Spot ETF,ew,0.9258,1.4,0.0,0,0.001245,0.0,0.0,0.0,0.034728
2025-05-22,300ETF,Spot ETF,ew,-0.9409,1.4,0.0,0,0.000746,0.0,0.0,0.0,0.034728
2025-05-23,300ETF,Spot ETF,ew,0.8174,1.4,0.0,0,-0.009479,0.0,0.0,0.0,0.034728
2025-05-26,300ETF,Spot ETF,ew,-0.5692,1.4,0.0,0,-0.004784,0.0,0.0,0.0,0.034728
2025-05-27,300ETF,Spot ETF,ew,-0.1807,1.4,0.0,0,-0.003794,0.0,0.0,0.0,0.034728
2025-05-28,300ETF,Spot ETF,ew,0.0566,1.4,0.0,0,-0.002532,0.0,0.0,0.0,0.034728
2025-05-29,300ETF,Spot ETF,ew,0.3373,1.4,0.0,0,0.000757,0.0,0.0,0.0,0.034728
2025-05-30,300ETF,Spot ETF,ew,-0.2061,1.4,0.0,0,0.004305,0.0,0.0,0.0,0.034728
2025-06-03,300ETF,Spot ETF,ew,0.6828,1.4,0.0,0,0.000757,0.0,0.0,0.0,0.034728
2025-06-04,300ETF,Spot ETF,ew,0.6411,1.4,0.0,0,-0.000252,0.0,0.0,0.0,0.034728
2025-06-05,300ETF,Spot ETF,ew,-0.8378,1.4,0.0,0,0.003771,0.0,0.0,0.0,0.034728
2025-06-06,300ETF,Spot ETF,ew,-0.155,1.4,0.0,0,-0.000251,0.0,0.0,0.0,0.034728
2025-06-09,300ETF,Spot ETF,ew,0.0965,1.4,0.0,0,-0.001001,0.0,0.0,0.0,0.034728
2025-06-10,300ETF,Spot ETF,ew,-0.0552,1.4,0.0,0,-0.006773,0.0,0.0,0.0,0.034728
2025-06-11,300ETF,Spot ETF,ew,1.8066,1.4,1.0,1,-0.00299,-0.002986,0.0016,-0.004586,0.030142
2025-06-12,300ETF,Spot ETF,ew,-0.4826,1.4,0.0,0,0.0025,0.0,0.0,0.0,0.030142
2025-06-13,300ETF,Spot ETF,ew,0.1002,1.4,0.0,0,-0.001757,0.0,0.0,0.0,0.030142
2025-06-16,300ETF,Spot ETF,ew,0.2953,1.4,0.0,0,0.002007,0.0,0.0,0.0,0.030142
2025-06-17,300ETF,Spot ETF,ew,0.1581,1.4,0.0,0,-0.002758,0.0,0.0,0.0,0.030142
2025-06-18,300ETF,Spot ETF,ew,0.1292,1.4,0.0,0,0.001282,0.0,0.0,0.0,0.030142
2025-06-19,300ETF,Spot ETF,ew,-0.6344,1.4,0.0,0,-0.007473,0.0,0.0,0.0,0.030142
2025-06-20,300ETF,Spot ETF,ew,0.8176,1.4,0.0,0,-0.002062,0.0,0.0,0.0,0.030142
2025-06-23,300ETF,Spot ETF,ew,0.028,1.4,0.0,0,0.006179,0.0,0.0,0.0,0.030142
2025-06-24,300ETF,Spot ETF,ew,1.4998,1.4,0.5553,1,0.000509,0.000565,0.000888,-0.000323,0.029819
2025-06-25,300ETF,Spot ETF,ew,0.1835,1.4,0.0,0,0.012091,0.0,0.0,0.0,0.029819
2025-06-26,300ETF,Spot ETF,ew,-0.2264,1.4,0.0,0,-0.002254,0.0,0.0,0.0,0.029819
2025-06-27,300ETF,Spot ETF,ew,0.0083,1.4,0.0,0,-0.01005,0.0,0.0,0.0,0.029819
2025-06-30,300ETF,Spot ETF,ew,0.193,1.4,0.0,0,0.003271,0.0,0.0,0.0,0.029819
2025-07-01,300ETF,Spot ETF,ew,-0.5956,1.4,0.0,0,0.00201,0.0,0.0,0.0,0.029819
2025-07-02,300ETF,Spot ETF,ew,-0.5877,1.4,0.0,0,0.002258,0.0,0.0,0.0,0.029819
2025-07-03,300ETF,Spot ETF,ew,0.2778,1.4,0.0,0,0.002993,0.0,0.0,0.0,0.029819
2025-07-04,300ETF,Spot ETF,ew,-0.4336,1.4,0.0,0,0.003234,0.0,0.0,0.0,0.029819
2025-07-07,300ETF,Spot ETF,ew,-1.0313,1.4,0.0,0,0.000498,0.0,0.0,0.0,0.029819
2025-07-08,300ETF,Spot ETF,ew,0.4539,1.4,0.0,0,0.005691,0.0,0.0,0.0,0.029819
2025-07-09,300ETF,Spot ETF,ew,0.1418,1.4,0.0,0,-0.000247,0.0,0.0,0.0,0.029819
2025-07-10,300ETF,Spot ETF,ew,0.185,1.4,0.0,0,0.004437,0.0,0.0,0.0,0.029819
2025-07-11,300ETF,Spot ETF,ew,0.4095,1.4,0.0,0,0.001711,0.0,0.0,0.0,0.029819
2025-07-14,300ETF,Spot ETF,ew,0.2091,1.4,0.0,0,0.000979,0.0,0.0,0.0,0.029819
2025-07-15,300ETF,Spot ETF,ew,0.774,1.4,0.0,0,-0.003912,0.0,0.0,0.0,0.029819
2025-07-16,300ETF,Spot ETF,ew,-0.4497,1.4,0.0,0,-0.005148,0.0,0.0,0.0,0.029819
2025-07-17,300ETF,Spot ETF,ew,0.8038,1.4,0.0,0,0.003912,0.0,0.0,0.0,0.029819
2025-07-18,300ETF,Spot ETF,ew,0.7741,1.4,0.0,0,-0.001697,0.0,0.0,0.0,0.029819
2025-07-21,300ETF,Spot ETF,ew,-0.1291,1.4,0.0,0,0.002649,0.0,0.0,0.0,0.029819
2025-07-22,300ETF,Spot ETF,ew,0.214,1.4,0.0,0,0.009102,0.0,0.0,0.0,0.029819
2025-07-23,300ETF,Spot ETF,ew,0.177,1.4,0.0,0,-0.003567,0.0,0.0,0.0,0.029819
2025-07-24,300ETF,Spot ETF,ew,0.3593,1.4,0.0,0,0.005932,0.0,0.0,0.0,0.029819
2025-07-25,300ETF,Spot ETF,ew,-0.4737,1.4,0.0,0,-0.002137,0.0,0.0,0.0,0.029819
2025-07-28,300ETF,Spot ETF,ew,-0.5626,1.4,0.0,0,-0.000712,0.0,0.0,0.0,0.029819
2025-07-29,300ETF,Spot ETF,ew,0.1186,1.4,0.0,0,0.007836,0.0,0.0,0.0,0.029819
2025-07-30,300ETF,Spot ETF,ew,0.165,1.4,0.0,0,-0.001888,0.0,0.0,0.0,0.029819
2025-07-31,300ETF,Spot ETF,ew,-1.3121,1.4,-0.5008,1,-0.008889,0.004788,0.000801,0.003987,0.033805
2025-08-01,300ETF,Spot ETF,ew,0.3669,1.4,0.0,0,-0.00531,0.0,0.0,0.0,0.033805
2025-08-04,300ETF,Spot ETF,ew,0.6439,1.4,0.0,0,0.002656,0.0,0.0,0.0,0.033805
2025-08-05,300ETF,Spot ETF,ew,-0.101,1.4,0.0,0,0.005518,0.0,0.0,0.0,0.033805
2025-08-06,300ETF,Spot ETF,ew,0.3267,1.4,0.0,0,0.002387,0.0,0.0,0.0,0.033805
2025-08-07,300ETF,Spot ETF,ew,0.1437,1.4,0.0,0,-0.000477,0.0,0.0,0.0,0.033805
2025-08-08,300ETF,Spot ETF,ew,-0.338,1.4,0.0,0,0.001913,0.0,0.0,0.0,0.033805
2025-08-11,300ETF,Spot ETF,ew,-0.3832,1.4,0.0,0,0.001665,0.0,0.0,0.0,0.033805
2025-08-12,300ETF,Spot ETF,ew,0.3996,1.4,0.0,0,0.00071,0.0,0.0,0.0,0.033805
2025-08-13,300ETF,Spot ETF,ew,0.6457,1.4,0.0,0,0.001885,0.0,0.0,0.0,0.033805
2025-08-14,300ETF,Spot ETF,ew,1.0681,1.4,0.0,0,-0.002806,0.0,0.0,0.0,0.033805
2025-08-15,300ETF,Spot ETF,ew,0.2673,1.4,0.0,0,0.004679,0.0,0.0,0.0,0.033805
2025-08-18,300ETF,Spot ETF,ew,-0.1773,1.4,0.0,0,0.003473,0.0,0.0,0.0,0.033805
2025-08-19,300ETF,Spot ETF,ew,1.0954,1.4,0.0,0,-0.005091,0.0,0.0,0.0,0.033805
2025-08-20,300ETF,Spot ETF,ew,0.0176,1.4,0.0,0,0.007394,0.0,0.0,0.0,0.033805
2025-08-21,300ETF,Spot ETF,ew,0.3957,1.4,0.0,0,0.000459,0.0,0.0,0.0,0.033805
2025-08-22,300ETF,Spot ETF,ew,1.1696,1.4,0.0,0,0.014431,0.0,0.0,0.0,0.033805
2025-08-25,300ETF,Spot ETF,ew,1.2238,1.4,0.0,0,0.007066,0.0,0.0,0.0,0.033805
2025-08-26,300ETF,Spot ETF,ew,-0.7278,1.4,0.0,0,0.002637,0.0,0.0,0.0,0.033805
2025-08-27,300ETF,Spot ETF,ew,0.3203,1.4,0.0,0,-0.003751,0.0,0.0,0.0,0.033805
2025-08-28,300ETF,Spot ETF,ew,1.0778,1.4,0.0,0,0.010664,0.0,0.0,0.0,0.033805
2025-08-29,300ETF,Spot ETF,ew,1.0019,1.4,0.0,0,0.00218,0.0,0.0,0.0,0.033805
2025-09-01,300ETF,Spot ETF,ew,-0.7606,1.4,0.0,0,0.005865,0.0,0.0,0.0,0.033805
2025-09-02,300ETF,Spot ETF,ew,0.8444,1.4,0.0,0,-0.008701,0.0,0.0,0.0,0.033805
2025-09-03,300ETF,Spot ETF,ew,-0.4577,1.4,0.0,0,-0.003286,0.0,0.0,0.0,0.033805
2025-09-04,300ETF,Spot ETF,ew,-0.7294,1.4,0.0,0,-0.018604,0.0,0.0,0.0,0.033805
2025-09-05,300ETF,Spot ETF,ew,0.2313,1.4,0.0,0,0.014838,0.0,0.0,0.0,0.033805
2025-09-08,300ETF,Spot ETF,ew,0.5514,1.4,0.0,0,0.001315,0.0,0.0,0.0,0.033805
2025-09-09,300ETF,Spot ETF,ew,0.3684,1.4,0.0,0,-0.009911,0.0,0.0,0.0,0.033805
2025-09-10,300ETF,Spot ETF,ew,0.4599,1.4,0.0,0,0.001101,0.0,0.0,0.0,0.033805
2025-09-11,300ETF,Spot ETF,ew,0.1238,1.4,0.0,0,0.020453,0.0,0.0,0.0,0.033805
2025-09-12,300ETF,Spot ETF,ew,0.4089,1.4,0.0,0,-0.006036,0.0,0.0,0.0,0.033805
2025-09-15,300ETF,Spot ETF,ew,0.418,1.4,0.0,0,-0.001294,0.0,0.0,0.0,0.033805
2025-09-16,300ETF,Spot ETF,ew,0.0684,1.4,0.0,0,-0.003031,0.0,0.0,0.0,0.033805
2025-09-17,300ETF,Spot ETF,ew,0.1284,1.4,0.0,0,0.005182,0.0,0.0,0.0,0.033805
2025-09-18,300ETF,Spot ETF,ew,-0.4084,1.4,0.0,0,-0.013656,0.0,0.0,0.0,0.033805
2025-09-19,300ETF,Spot ETF,ew,0.5129,1.4,0.0,0,0.002821,0.0,0.0,0.0,0.033805
2025-09-22,300ETF,Spot ETF,ew,-0.996,1.4,0.0,0,0.006304,0.0,0.0,0.0,0.033805
2025-09-23,300ETF,Spot ETF,ew,0.0112,1.4,0.0,0,-0.008239,0.0,0.0,0.0,0.033805
2025-09-24,300ETF,Spot ETF,ew,0.901,1.4,0.0,0,0.004742,0.0,0.0,0.0,0.033805
2025-09-25,300ETF,Spot ETF,ew,0.2138,1.4,0.0,0,0.010031,0.0,0.0,0.0,0.033805
2025-09-26,300ETF,Spot ETF,ew,0.3239,1.4,0.0,0,-0.005567,0.0,0.0,0.0,0.033805
2025-09-29,300ETF,Spot ETF,ew,-0.0079,1.4,0.0,0,0.01515,0.0,0.0,0.0,0.033805
2025-09-30,300ETF,Spot ETF,ew,0.3633,1.4,0.0,0,0.000632,0.0,0.0,0.0,0.033805
2025-10-09,300ETF,Spot ETF,ew,0.2857,1.4,0.0,0,0.010646,0.0,0.0,0.0,0.033805
2025-10-10,300ETF,Spot ETF,ew,-0.6404,1.4,0.0,0,-0.010323,0.0,0.0,0.0,0.033805
2025-10-13,300ETF,Spot ETF,ew,0.9775,1.4,0.0,0,0.011125,0.0,0.0,0.0,0.033805
2025-10-14,300ETF,Spot ETF,ew,-0.1015,1.4,0.0,0,-0.0188,0.0,0.0,0.0,0.033805
2025-10-15,300ETF,Spot ETF,ew,-0.5353,1.4,0.0,0,0.010688,0.0,0.0,0.0,0.033805
2025-10-16,300ETF,Spot ETF,ew,1.2158,1.4,0.0,0,-0.001483,0.0,0.0,0.0,0.033805
2025-10-17,300ETF,Spot ETF,ew,-0.5399,1.4,0.0,0,-0.010762,0.0,0.0,0.0,0.033805
2025-10-20,300ETF,Spot ETF,ew,-0.3389,1.4,0.0,0,-0.007105,0.0,0.0,0.0,0.033805
2025-10-21,300ETF,Spot ETF,ew,0.7979,1.4,0.0,0,0.004469,0.0,0.0,0.0,0.033805
2025-10-22,300ETF,Spot ETF,ew,-0.3503,1.4,0.0,0,0.001918,0.0,0.0,0.0,0.033805
2025-10-23,300ETF,Spot ETF,ew,-0.3546,1.4,0.0,0,0.009404,0.0,0.0,0.0,0.033805
2025-10-24,300ETF,Spot ETF,ew,1.061,1.4,0.0,0,0.005895,0.0,0.0,0.0,0.033805
2025-10-27,300ETF,Spot ETF,ew,0.0579,1.4,0.0,0,0.00166,0.0,0.0,0.0,0.033805
2025-10-28,300ETF,Spot ETF,ew,-0.5876,1.4,0.0,0,-0.002285,0.0,0.0,0.0,0.033805
2025-10-29,300ETF,Spot ETF,ew,0.6045,1.4,0.0,0,0.006822,0.0,0.0,0.0,0.033805
2025-10-30,300ETF,Spot ETF,ew,0.1759,1.4,0.0,0,-0.003717,0.0,0.0,0.0,0.033805
2025-10-31,300ETF,Spot ETF,ew,-0.8896,1.4,0.0,0,-0.007321,0.0,0.0,0.0,0.033805
2025-11-03,300ETF,Spot ETF,ew,-0.5524,1.4,0.0,0,0.007173,0.0,0.0,0.0,0.033805
2025-11-04,300ETF,Spot ETF,ew,0.371,1.4,0.0,0,-0.00866,0.0,0.0,0.0,0.033805
2025-11-05,300ETF,Spot ETF,ew,-0.2793,1.4,0.0,0,0.010806,0.0,0.0,0.0,0.033805
2025-11-06,300ETF,Spot ETF,ew,1.3382,1.4,0.0,0,0.00585,0.0,0.0,0.0,0.033805
2025-11-07,300ETF,Spot ETF,ew,-0.2948,1.4,0.0,0,0.000834,0.0,0.0,0.0,0.033805
2025-11-10,300ETF,Spot ETF,ew,-0.4195,1.4,0.0,0,0.006892,0.0,0.0,0.0,0.033805
2025-11-11,300ETF,Spot ETF,ew,-0.803,1.4,0.0,0,-0.006272,0.0,0.0,0.0,0.033805
2025-11-12,300ETF,Spot ETF,ew,-0.1688,1.4,0.0,0,-0.001049,0.0,0.0,0.0,0.033805
2025-11-13,300ETF,Spot ETF,ew,0.4103,1.4,0.0,0,0.007097,0.0,0.0,0.0,0.033805
2025-11-14,300ETF,Spot ETF,ew,-0.2165,1.4,0.0,0,-0.00335,0.0,0.0,0.0,0.033805
2025-11-17,300ETF,Spot ETF,ew,-0.4271,1.4,0.0,0,0.000425,0.0,0.0,0.0,0.033805
2025-11-18,300ETF,Spot ETF,ew,0.1793,1.4,0.0,0,-0.003204,0.0,0.0,0.0,0.033805
2025-11-19,300ETF,Spot ETF,ew,0.9011,1.4,0.0,0,0.002126,0.0,0.0,0.0,0.033805
2025-11-20,300ETF,Spot ETF,ew,-0.7694,1.4,0.0,0,-0.005745,0.0,0.0,0.0,0.033805
2025-11-21,300ETF,Spot ETF,ew,-0.6775,1.4,0.0,0,-0.007611,0.0,0.0,0.0,0.033805
2025-11-24,300ETF,Spot ETF,ew,-0.8585,1.4,0.0,0,0.002629,0.0,0.0,0.0,0.033805
2025-11-25,300ETF,Spot ETF,ew,-0.4427,1.4,0.0,0,0.000871,0.0,0.0,0.0,0.033805
2025-11-26,300ETF,Spot ETF,ew,0.344,1.4,0.0,0,0.001297,0.0,0.0,0.0,0.033805
2025-11-27,300ETF,Spot ETF,ew,1.1397,1.4,0.0,0,-0.007958,0.0,0.0,0.0,0.033805
2025-11-28,300ETF,Spot ETF,ew,-0.5634,1.4,0.0,0,0.006061,0.0,0.0,0.0,0.033805
2025-12-01,300ETF,Spot ETF,ew,0.3962,1.4,0.0,0,0.003425,0.0,0.0,0.0,0.033805
2025-12-02,300ETF,Spot ETF,ew,-0.9053,1.4,0.0,0,-0.003854,0.0,0.0,0.0,0.033805
2025-12-03,300ETF,Spot ETF,ew,0.3931,1.4,0.0,0,-0.004939,0.0,0.0,0.0,0.033805
2025-12-04,300ETF,Spot ETF,ew,0.2203,1.4,0.0,0,0.005601,0.0,0.0,0.0,0.033805
2025-12-05,300ETF,Spot ETF,ew,-0.3171,1.4,0.0,0,0.007267,0.0,0.0,0.0,0.033805
2025-12-08,300ETF,Spot ETF,ew,0.6869,1.4,0.0,0,0.005714,0.0,0.0,0.0,0.033805
2025-12-09,300ETF,Spot ETF,ew,-0.2192,1.4,0.0,0,-0.00678,0.0,0.0,0.0,0.033805
2025-12-10,300ETF,Spot ETF,ew,-1.5444,1.4,-0.8318,1,0.008536,-0.006592,0.001331,-0.007923,0.025882
2025-12-11,300ETF,Spot ETF,ew,0.6102,1.4,0.0,0,-0.007877,0.0,0.0,0.0,0.025882
2025-12-12,300ETF,Spot ETF,ew,-1.0492,1.4,0.0,0,0.006838,0.0,0.0,0.0,0.025882
2025-12-15,300ETF,Spot ETF,ew,0.9126,1.4,0.0,0,-0.005761,0.0,0.0,0.0,0.025882
2025-12-16,300ETF,Spot ETF,ew,-0.5887,1.4,0.0,0,-0.004103,0.0,0.0,0.0,0.025882
2025-12-17,300ETF,Spot ETF,ew,1.0329,1.4,0.0,0,0.016721,0.0,0.0,0.0,0.025882
2025-12-18,300ETF,Spot ETF,ew,-0.4858,1.4,0.0,0,-0.001709,0.0,0.0,0.0,0.025882
2025-12-19,300ETF,Spot ETF,ew,-0.8335,1.4,0.0,0,0.001708,0.0,0.0,0.0,0.025882
2025-12-22,300ETF,Spot ETF,ew,0.9857,1.4,0.0,0,0.0,0.0,0.0,0.0,0.025882
2025-12-23,300ETF,Spot ETF,ew,-0.4131,1.4,0.0,0,-0.001901,0.0,0.0,0.0,0.025882
2025-12-24,300ETF,Spot ETF,ew,-0.6042,1.4,0.0,0,0.003793,0.0,0.0,0.0,0.025882
2025-12-25,300ETF,Spot ETF,ew,0.2156,1.4,0.0,0,0.003992,0.0,0.0,0.0,0.025882
2025-12-26,300ETF,Spot ETF,ew,0.657,1.4,0.0,0,-0.002091,0.0,0.0,0.0,0.025882
2025-12-29,300ETF,Spot ETF,ew,-0.398,1.4,0.0,0,-0.004408,0.0,0.0,0.0,0.025882
2025-12-30,300ETF,Spot ETF,ew,0.7084,1.4,0.0,0,0.001257,0.0,0.0,0.0,0.025882
2025-12-31,300ETF,Spot ETF,ew,-0.8817,1.4,0.0,0,-0.005252,0.0,0.0,0.0,0.025882
2024-01-02,500ETF,Spot ETF,ew,-0.5278,1.3,0.0,0,0.0,0.0,0.0,0.0,0.0
2024-01-03,500ETF,Spot ETF,ew,0.9214,1.3,0.0,0,-0.002728,0.0,0.0,0.0,0.0
2024-01-04,500ETF,Spot ETF,ew,-1.7005,1.3,-1.0,1,-0.002936,0.003662,0.0016,0.002062,0.002062
2024-01-05,500ETF,Spot ETF,ew,0.5024,1.3,0.0,0,-0.015722,0.0,0.0,0.0,0.002062
2024-01-08,500ETF,Spot ETF,ew,-1.8096,1.3,-1.0,1,-0.010578,0.01108,0.0016,0.00948,0.011542
2024-01-09,500ETF,Spot ETF,ew,-0.1245,1.3,0.0,0,0.001518,0.0,0.0,0.0,0.011542
2024-01-10,500ETF,Spot ETF,ew,-1.108,1.3,0.0,0,-0.002284,0.0,0.0,0.0,0.011542
2024-01-11,500ETF,Spot ETF,ew,0.4636,1.3,0.0,0,0.010614,0.0,0.0,0.0,0.011542
2024-01-12,500ETF,Spot ETF,ew,1.0381,1.3,0.0,0,-0.002445,0.0,0.0,0.0,0.011542
2024-01-15,500ETF,Spot ETF,ew,-0.2474,1.3,0.0,0,0.001703,0.0,0.0,0.0,0.011542
2024-01-16,500ETF,Spot ETF,ew,0.0476,1.3,0.0,0,-0.007599,0.0,0.0,0.0,0.011542
2024-01-17,500ETF,Spot ETF,ew,-1.311,1.3,0.0,0,-0.011113,0.0,0.0,0.0,0.011542
2024-01-18,500ETF,Spot ETF,ew,-0.7235,1.3,0.0,0,-0.004717,0.0,0.0,0.0,0.011542
2024-01-19,500ETF,Spot ETF,ew,0.6195,1.3,0.0,0,-0.008577,0.0,0.0,0.0,0.011542
2024-01-22,500ETF,Spot ETF,ew,-1.8546,1.3,-1.0,1,-0.032222,0.0319,0.0016,0.0303,0.041842
2024-01-23,500ETF,Spot ETF,ew,-0.3501,1.3,0.0,0,0.015873,0.0,0.0,0.0,0.041842
2024-01-24,500ETF,Spot ETF,ew,0.225,1.3,0.0,0,0.008648,0.0,0.0,0.0,0.041842
2024-01-25,500ETF,Spot ETF,ew,0.6343,1.3,0.0,0,0.023147,0.0,0.0,0.0,0.041842
2024-01-26,500ETF,Spot ETF,ew,0.1439,1.3,0.0,0,-0.006058,0.0,0.0,0.0,0.041842
2024-01-29,500ETF,Spot ETF,ew,-1.1534,1.3,0.0,0,-0.0067,0.0,0.0,0.0,0.041842
2024-01-30,500ETF,Spot ETF,ew,0.4668,1.3,0.0,0,-0.016323,0.0,0.0,0.0,0.041842
2024-01-31,500ETF,Spot ETF,ew,0.614,1.3,0.0,0,-0.012858,0.0,0.0,0.0,0.041842
2024-02-01,500ETF,Spot ETF,ew,0.0057,1.3,0.0,0,0.01181,0.0,0.0,0.0,0.041842
2024-02-02,500ETF,Spot ETF,ew,0.2965,1.3,0.0,0,-0.024021,0.0,0.0,0.0,0.041842
2024-02-05,500ETF,Spot ETF,ew,-2.0241,1.3,-1.0,1,0.020384,0.010188,0.0016,0.008588,0.050431
2024-02-06,500ETF,Spot ETF,ew,2.0061,1.3,1.0,1,0.045314,0.04388,0.0016,0.04228,0.092711
2024-02-07,500ETF,Spot ETF,ew,2.4117,1.3,1.0,1,0.008381,0.010394,0.0016,0.008794,0.101505
2024-02-08,500ETF,Spot ETF,ew,1.8059,1.3,1.0,1,-0.028245,-0.00705,0.0016,-0.00865,0.092856
2024-02-19,500ETF,Spot ETF,ew,-1.1427,1.3,0.0,0,-0.008051,0.0,0.0,0.0,0.092856
2024-02-20,500ETF,Spot ETF,ew,-0.4318,1.3,0.0,0,0.007312,0.0,0.0,0.0,0.092856
2024-02-21,500ETF,Spot ETF,ew,0.3419,1.3,0.0,0,0.007661,0.0,0.0,0.0,0.092856
2024-02-22,500ETF,Spot ETF,ew,1.2171,1.3,0.0,0,-0.001907,0.0,0.0,0.0,0.092856
2024-02-23,500ETF,Spot ETF,ew,-0.7799,1.3,0.0,0,0.006279,0.0,0.0,0.0,0.092856
2024-02-26,500ETF,Spot ETF,ew,-0.302,1.3,0.0,0,0.004739,0.0,0.0,0.0,0.092856
2024-02-27,500ETF,Spot ETF,ew,0.5698,1.3,0.0,0,0.018783,0.0,0.0,0.0,0.092856
2024-02-28,500ETF,Spot ETF,ew,1.59,1.3,0.9673,1,-0.018105,-0.019119,0.001548,-0.020666,0.072189
2024-02-29,500ETF,Spot ETF,ew,2.1114,1.3,1.0,1,0.011339,0.011404,0.0016,0.009804,0.081993
2024-03-01,500ETF,Spot ETF,ew,0.419,1.3,0.0,0,0.003488,0.0,0.0,0.0,0.081993
2024-03-04,500ETF,Spot ETF,ew,-0.4832,1.3,0.0,0,0.003665,0.0,0.0,0.0,0.081993
2024-03-05,500ETF,Spot ETF,ew,0.494,1.3,0.0,0,-0.002014,0.0,0.0,0.0,0.081993
2024-03-06,500ETF,Spot ETF,ew,0.085,1.3,0.0,0,0.004055,0.0,0.0,0.0,0.081993
2024-03-07,500ETF,Spot ETF,ew,0.9833,1.3,0.0,0,-0.015135,0.0,0.0,0.0,0.081993
2024-03-08,500ETF,Spot ETF,ew,1.0789,1.3,0.0,0,0.008305,0.0,0.0,0.0,0.081993
2024-03-11,500ETF,Spot ETF,ew,0.9581,1.3,0.0,0,0.010959,0.0,0.0,0.0,0.081993
2024-03-12,500ETF,Spot ETF,ew,0.561,1.3,0.0,0,-0.009588,0.0,0.0,0.0,0.081993
2024-03-13,500ETF,Spot ETF,ew,-1.1175,1.3,0.0,0,0.000546,0.0,0.0,0.0,0.081993
2024-03-14,500ETF,Spot ETF,ew,0.9215,1.3,0.0,0,-0.008918,0.0,0.0,0.0,0.081993
2024-03-15,500ETF,Spot ETF,ew,-0.039,1.3,0.0,0,0.011651,0.0,0.0,0.0,0.081993
2024-03-18,500ETF,Spot ETF,ew,0.5032,1.3,0.0,0,0.005373,0.0,0.0,0.0,0.081993
2024-03-19,500ETF,Spot ETF,ew,0.0819,1.3,0.0,0,-0.006265,0.0,0.0,0.0,0.081993
2024-03-20,500ETF,Spot ETF,ew,0.843,1.3,0.0,0,-0.001256,0.0,0.0,0.0,0.081993
2024-03-21,500ETF,Spot ETF,ew,-0.1704,1.3,0.0,0,-0.0043,0.0,0.0,0.0,0.081993
2024-03-22,500ETF,Spot ETF,ew,-1.675,1.3,-0.92,1,-0.003466,0.00385,0.001472,0.002378,0.084371
2024-03-25,500ETF,Spot ETF,ew,-0.9109,1.3,0.0,0,-0.002579,0.0,0.0,0.0,0.084371
2024-03-26,500ETF,Spot ETF,ew,0.4861,1.3,0.0,0,-0.003535,0.0,0.0,0.0,0.084371
2024-03-27,500ETF,Spot ETF,ew,-1.7292,1.3,-1.0,1,-0.007358,0.006771,0.0016,0.005171,0.089542
2024-03-28,500ETF,Spot ETF,ew,1.2051,1.3,0.0,0,0.002465,0.0,0.0,0.0,0.089542
2024-03-29,500ETF,Spot ETF,ew,0.9134,1.3,0.0,0,0.005434,0.0,0.0,0.0,0.089542
2024-04-01,500ETF,Spot ETF,ew,1.3493,1.3,0.5135,1,0.004758,0.003207,0.000822,0.002385,0.091927
2024-04-02,500ETF,Spot ETF,ew,-0.5771,1.3,0.0,0,-0.002931,0.0,0.0,0.0,0.091927
2024-04-03,500ETF,Spot ETF,ew,-0.5996,1.3,0.0,0,0.001468,0.0,0.0,0.0,0.091927
2024-04-08,500ETF,Spot ETF,ew,-0.6821,1.3,0.0,0,-0.006836,0.0,0.0,0.0,0.091927
2024-04-09,500ETF,Spot ETF,ew,0.2399,1.3,0.0,0,0.007784,0.0,0.0,0.0,0.091927
2024-04-10,500ETF,Spot ETF,ew,-1.2869,1.3,0.0,0,-0.005757,0.0,0.0,0.0,0.091927
2024-04-11,500ETF,Spot ETF,ew,0.9314,1.3,0.0,0,0.006137,0.0,0.0,0.0,0.091927
2024-04-12,500ETF,Spot ETF,ew,-0.0703,1.3,0.0,0,-0.002604,0.0,0.0,0.0,0.091927
2024-04-15,500ETF,Spot ETF,ew,0.297,1.3,0.0,0,0.007082,0.0,0.0,0.0,0.091927
2024-04-16,500ETF,Spot ETF,ew,-0.0111,1.3,0.0,0,-0.014083,0.0,0.0,0.0,0.091927
2024-04-17,500ETF,Spot ETF,ew,2.0151,1.3,1.0,1,0.005387,0.005589,0.0016,0.003989,0.095916
2024-04-18,500ETF,Spot ETF,ew,-0.1434,1.3,0.0,0,0.006449,0.0,0.0,0.0,0.095916
2024-04-19,500ETF,Spot ETF,ew,1.3081,1.3,0.5004,1,-0.008876,-0.004604,0.000801,-0.005405,0.090511
2024-04-22,500ETF,Spot ETF,ew,0.1481,1.3,0.0,0,-0.012256,0.0,0.0,0.0,0.090511
2024-04-23,500ETF,Spot ETF,ew,-0.635,1.3,0.0,0,-0.003579,0.0,0.0,0.0,0.090511
2024-04-24,500ETF,Spot ETF,ew,-0.4467,1.3,0.0,0,0.008674,0.0,0.0,0.0,0.090511
2024-04-25,500ETF,Spot ETF,ew,0.0575,1.3,0.0,0,0.001686,0.0,0.0,0.0,0.090511
2024-04-26,500ETF,Spot ETF,ew,1.1481,1.3,0.0,0,0.01641,0.0,0.0,0.0,0.090511
2024-04-29,500ETF,Spot ETF,ew,1.2808,1.3,0.0,0,0.01388,0.0,0.0,0.0,0.090511
2024-04-30,500ETF,Spot ETF,ew,-0.7804,1.3,0.0,0,-0.001982,0.0,0.0,0.0,0.090511
2024-05-06,500ETF,Spot ETF,ew,0.4417,1.3,0.0,0,0.000356,0.0,0.0,0.0,0.090511
2024-05-07,500ETF,Spot ETF,ew,0.1609,1.3,0.0,0,-0.004274,0.0,0.0,0.0,0.090511
2024-05-08,500ETF,Spot ETF,ew,-1.4054,1.3,-0.5002,1,-0.005393,0.002779,0.0008,0.001979,0.09249
2024-05-09,500ETF,Spot ETF,ew,1.9487,1.3,1.0,1,0.00284,0.003736,0.0016,0.002136,0.094626
2024-05-10,500ETF,Spot ETF,ew,-1.6949,1.3,-0.9833,1,0.005883,-0.005271,0.001573,-0.006844,0.087782
2024-05-13,500ETF,Spot ETF,ew,-1.0732,1.3,0.0,0,0.001257,0.0,0.0,0.0,0.087782
2024-05-14,500ETF,Spot ETF,ew,0.1263,1.3,0.0,0,0.000716,0.0,0.0,0.0,0.087782
2024-05-15,500ETF,Spot ETF,ew,-0.6271,1.3,0.0,0,-0.003773,0.0,0.0,0.0,0.087782
2024-05-16,500ETF,Spot ETF,ew,-0.0779,1.3,0.0,0,-0.009218,0.0,0.0,0.0,0.087782
2024-05-17,500ETF,Spot ETF,ew,0.7128,1.3,0.0,0,0.001464,0.0,0.0,0.0,0.087782
2024-05-20,500ETF,Spot ETF,ew,0.8601,1.3,0.0,0,-0.001991,0.0,0.0,0.0,0.087782
2024-05-21,500ETF,Spot ETF,ew,-1.1446,1.3,0.0,0,-0.001094,0.0,0.0,0.0,0.087782
2024-05-22,500ETF,Spot ETF,ew,0.1991,1.3,0.0,0,-0.002372,0.0,0.0,0.0,0.087782
2024-05-23,500ETF,Spot ETF,ew,-1.7183,1.3,-1.0,1,-0.006304,0.006101,0.0016,0.004501,0.092283
2024-05-24,500ETF,Spot ETF,ew,1.4972,1.3,0.716,1,-0.009871,-0.006506,0.001146,-0.007652,0.084631
2024-05-27,500ETF,Spot ETF,ew,-0.6582,1.3,0.0,0,0.008967,0.0,0.0,0.0,0.084631
2024-05-28,500ETF,Spot ETF,ew,-0.8106,1.3,0.0,0,-0.00561,0.0,0.0,0.0,0.084631
2024-05-29,500ETF,Spot ETF,ew,1.0796,1.3,0.0,0,-0.004659,0.0,0.0,0.0,0.084631
2024-05-30,500ETF,Spot ETF,ew,0.4762,1.3,0.0,0,-0.007098,0.0,0.0,0.0,0.084631
2024-05-31,500ETF,Spot ETF,ew,1.0954,1.3,0.0,0,-0.007647,0.0,0.0,0.0,0.084631
2024-06-03,500ETF,Spot ETF,ew,-0.4048,1.3,0.0,0,-0.012089,0.0,0.0,0.0,0.084631
2024-06-04,500ETF,Spot ETF,ew,0.4553,1.3,0.0,0,0.011981,0.0,0.0,0.0,0.084631
2024-06-05,500ETF,Spot ETF,ew,0.4881,1.3,0.0,0,-0.009168,0.0,0.0,0.0,0.084631
2024-06-06,500ETF,Spot ETF,ew,-0.1437,1.3,0.0,0,-0.012291,0.0,0.0,0.0,0.084631
2024-06-07,500ETF,Spot ETF,ew,-0.5385,1.3,0.0,0,-0.003992,0.0,0.0,0.0,0.084631
2024-06-11,500ETF,Spot ETF,ew,-0.6347,1.3,0.0,0,0.008977,0.0,0.0,0.0,0.084631
2024-06-12,500ETF,Spot ETF,ew,0.748,1.3,0.0,0,0.000379,0.0,0.0,0.0,0.084631
2024-06-13,500ETF,Spot ETF,ew,-0.9651,1.3,0.0,0,-0.005147,0.0,0.0,0.0,0.084631
2024-06-14,500ETF,Spot ETF,ew,-0.388,1.3,0.0,0,0.009145,0.0,0.0,0.0,0.084631
2024-06-17,500ETF,Spot ETF,ew,0.9758,1.3,0.0,0,-0.002851,0.0,0.0,0.0,0.084631
2024-06-18,500ETF,Spot ETF,ew,0.6191,1.3,0.0,0,-0.001138,0.0,0.0,0.0,0.084631
2024-06-19,500ETF,Spot ETF,ew,-1.7343,1.3,-1.0,1,-0.005539,0.005713,0.0016,0.004113,0.088744
2024-06-20,500ETF,Spot ETF,ew,-0.11,1.3,0.0,0,-0.011409,0.0,0.0,0.0,0.088744
2024-06-21,500ETF,Spot ETF,ew,0.7245,1.3,0.0,0,-0.001356,0.0,0.0,0.0,0.088744
2024-06-24,500ETF,Spot ETF,ew,-0.7327,1.3,0.0,0,-0.00727,0.0,0.0,0.0,0.088744
2024-06-25,500ETF,Spot ETF,ew,0.0728,1.3,0.0,0,-0.009745,0.0,0.0,0.0,0.088744
2024-06-26,500ETF,Spot ETF,ew,-0.6269,1.3,0.0,0,0.018874,0.0,0.0,0.0,0.088744
2024-06-27,500ETF,Spot ETF,ew,-1.4393,1.3,-0.5086,1,-0.00399,0.002126,0.000814,0.001313,0.090057
2024-06-28,500ETF,Spot ETF,ew,1.9444,1.3,1.0,1,-0.011342,-0.010299,0.0016,-0.011899,0.078158
2024-07-01,500ETF,Spot ETF,ew,0.4227,1.3,0.0,0,0.008739,0.0,0.0,0.0,0.078158
2024-07-02,500ETF,Spot ETF,ew,-0.6548,1.3,0.0,0,-0.008573,0.0,0.0,0.0,0.078158
2024-07-03,500ETF,Spot ETF,ew,-0.6615,1.3,0.0,0,-0.004214,0.0,0.0,0.0,0.078158
2024-07-04,500ETF,Spot ETF,ew,-0.0771,1.3,0.0,0,-0.011556,0.0,0.0,0.0,0.078158
2024-07-05,500ETF,Spot ETF,ew,-0.8584,1.3,0.0,0,0.010011,0.0,0.0,0.0,0.078158
2024-07-08,500ETF,Spot ETF,ew,-1.824,1.3,-1.0,1,-0.004113,0.004717,0.0016,0.003117,0.081275
2024-07-09,500ETF,Spot ETF,ew,0.7469,1.3,0.0,0,0.017541,0.0,0.0,0.0,0.081275
2024-07-10,500ETF,Spot ETF,ew,0.5396,1.3,0.0,0,-0.007506,0.0,0.0,0.0,0.081275
2024-07-11,500ETF,Spot ETF,ew,-0.8783,1.3,0.0,0,0.007834,0.0,0.0,0.0,0.081275
2024-07-12,500ETF,Spot ETF,ew,-0.252,1.3,0.0,0,-0.0002,0.0,0.0,0.0,0.081275
2024-07-15,500ETF,Spot ETF,ew,-0.8342,1.3,0.0,0,-0.004439,0.0,0.0,0.0,0.081275
2024-07-16,500ETF,Spot ETF,ew,0.0188,1.3,0.0,0,0.00202,0.0,0.0,0.0,0.081275
2024-07-17,500ETF,Spot ETF,ew,-1.3949,1.3,0.0,0,0.001621,0.0,0.0,0.0,0.081275
2024-07-18,500ETF,Spot ETF,ew,-0.5757,1.3,0.0,0,0.00935,0.0,0.0,0.0,0.081275
2024-07-19,500ETF,Spot ETF,ew,-0.3052,1.3,0.0,0,0.005274,0.0,0.0,0.0,0.081275
2024-07-22,500ETF,Spot ETF,ew,-0.3125,1.3,0.0,0,-0.001619,0.0,0.0,0.0,0.081275
2024-07-23,500ETF,Spot ETF,ew,-2.0853,1.3,-1.0,1,-0.015038,0.01573,0.0016,0.01413,0.095405
2024-07-24,500ETF,Spot ETF,ew,0.194,1.3,0.0,0,-0.006929,0.0,0.0,0.0,0.095405
2024-07-25,500ETF,Spot ETF,ew,0.5848,1.3,0.0,0,-0.000212,0.0,0.0,0.0,0.095405
2024-07-26,500ETF,Spot ETF,ew,1.9949,1.3,1.0,1,-0.002708,-0.002704,0.0016,-0.004304,0.091101
2024-07-29,500ETF,Spot ETF,ew,-0.9169,1.3,0.0,0,-0.002298,0.0,0.0,0.0,0.091101
2024-07-30,500ETF,Spot ETF,ew,-1.8458,1.3,-1.0,1,0.01011,-0.00952,0.0016,-0.01112,0.079981
2024-07-31,500ETF,Spot ETF,ew,0.9407,1.3,0.0,0,0.022441,0.0,0.0,0.0,0.079981
2024-08-01,500ETF,Spot ETF,ew,0.0301,1.3,0.0,0,-0.007271,0.0,0.0,0.0,0.079981
2024-08-02,500ETF,Spot ETF,ew,1.4802,1.3,0.6805,1,-0.016307,-0.011683,0.001089,-0.012772,0.067209
2024-08-05,500ETF,Spot ETF,ew,1.237,1.3,0.0,0,-0.017623,0.0,0.0,0.0,0.067209
2024-08-06,500ETF,Spot ETF,ew,-0.0169,1.3,0.0,0,-0.001661,0.0,0.0,0.0,0.067209
2024-08-07,500ETF,Spot ETF,ew,-0.1414,1.3,0.0,0,0.000621,0.0,0.0,0.0,0.067209
2024-08-08,500ETF,Spot ETF,ew,-0.8071,1.3,0.0,0,0.01121,0.0,0.0,0.0,0.067209
2024-08-09,500ETF,Spot ETF,ew,0.1943,1.3,0.0,0,-0.010567,0.0,0.0,0.0,0.067209
2024-08-12,500ETF,Spot ETF,ew,-0.1758,1.3,0.0,0,-0.003339,0.0,0.0,0.0,0.067209
2024-08-13,500ETF,Spot ETF,ew,-0.5822,1.3,0.0,0,-0.001256,0.0,0.0,0.0,0.067209
2024-08-14,500ETF,Spot ETF,ew,-1.8472,1.3,-1.0,1,0.0,0.00021,0.0016,-0.00139,0.065819
2024-08-15,500ETF,Spot ETF,ew,0.3799,1.3,0.0,0,0.003154,0.0,0.0,0.0,0.065819
2024-08-16,500ETF,Spot ETF,ew,-0.6671,1.3,0.0,0,-0.008609,0.0,0.0,0.0,0.065819
2024-08-19,500ETF,Spot ETF,ew,1.5273,1.3,0.7871,1,-0.009826,-0.005908,0.001259,-0.007168,0.058652
2024-08-20,500ETF,Spot ETF,ew,-1.4053,1.3,-0.5002,1,-0.008743,0.00488,0.0008,0.004079,0.062731
2024-08-21,500ETF,Spot ETF,ew,0.4979,1.3,0.0,0,0.001073,0.0,0.0,0.0,0.062731
2024-08-22,500ETF,Spot ETF,ew,-1.0123,1.3,0.0,0,-0.007573,0.0,0.0,0.0,0.062731
2024-08-23,500ETF,Spot ETF,ew,0.5295,1.3,0.0,0,0.002605,0.0,0.0,0.0,0.062731
2024-08-26,500ETF,Spot ETF,ew,-0.1973,1.3,0.0,0,-0.002166,0.0,0.0,0.0,0.062731
2024-08-27,500ETF,Spot ETF,ew,-1.0663,1.3,0.0,0,-0.002406,0.0,0.0,0.0,0.062731
2024-08-28,500ETF,Spot ETF,ew,0.3591,1.3,0.0,0,0.001968,0.0,0.0,0.0,0.062731
2024-08-29,500ETF,Spot ETF,ew,0.7088,1.3,0.0,0,0.014523,0.0,0.0,0.0,0.062731
2024-08-30,500ETF,Spot ETF,ew,1.3801,1.3,0.5356,1,0.004873,0.002502,0.000857,0.001645,0.064377
2024-09-02,500ETF,Spot ETF,ew,-0.8366,1.3,0.0,0,-0.010953,0.0,0.0,0.0,0.064377
2024-09-03,500ETF,Spot ETF,ew,1.5033,1.3,0.7297,1,0.00236,0.001724,0.001168,0.000556,0.064933
2024-09-04,500ETF,Spot ETF,ew,0.1452,1.3,0.0,0,0.001718,0.0,0.0,0.0,0.064933
2024-09-05,500ETF,Spot ETF,ew,0.5105,1.3,0.0,0,0.000428,0.0,0.0,0.0,0.064933
2024-09-06,500ETF,Spot ETF,ew,-0.6226,1.3,0.0,0,-0.012468,0.0,0.0,0.0,0.064933
2024-09-09,500ETF,Spot ETF,ew,0.2572,1.3,0.0,0,-0.005239,0.0,0.0,0.0,0.064933
2024-09-10,500ETF,Spot ETF,ew,-1.3214,1.3,0.0,0,0.007451,0.0,0.0,0.0,0.064933
2024-09-11,500ETF,Spot ETF,ew,0.4213,1.3,0.0,0,0.003059,0.0,0.0,0.0,0.064933
2024-09-12,500ETF,Spot ETF,ew,0.9085,1.3,0.0,0,-0.007831,0.0,0.0,0.0,0.064933
2024-09-13,500ETF,Spot ETF,ew,0.1521,1.3,0.0,0,-0.012076,0.0,0.0,0.0,0.064933
2024-09-18,500ETF,Spot ETF,ew,-0.4246,1.3,0.0,0,0.006412,0.0,0.0,0.0,0.064933
2024-09-19,500ETF,Spot ETF,ew,-0.9742,1.3,0.0,0,0.012474,0.0,0.0,0.0,0.064933
2024-09-20,500ETF,Spot ETF,ew,-1.2081,1.3,0.0,0,0.000439,0.0,0.0,0.0,0.064933
2024-09-23,500ETF,Spot ETF,ew,0.9256,1.3,0.0,0,-0.007193,0.0,0.0,0.0,0.064933
2024-09-24,500ETF,Spot ETF,ew,0.0604,1.3,0.0,0,0.033176,0.0,0.0,0.0,0.064933
2024-09-25,500ETF,Spot ETF,ew,1.402,1.3,0.5578,1,-0.015453,-0.009674,0.000893,-0.010566,0.054367
2024-09-26,500ETF,Spot ETF,ew,1.1221,1.3,0.0,0,0.030253,0.0,0.0,0.0,0.054367
2024-09-27,500ETF,Spot ETF,ew,1.0015,1.3,0.0,0,0.047271,0.0,0.0,0.0,0.054367
2024-09-30,500ETF,Spot ETF,ew,0.4367,1.3,0.0,0,0.056831,0.0,0.0,0.0,0.054367
2024-10-08,500ETF,Spot ETF,ew,-2.4038,1.3,-1.0,1,-0.041617,0.052905,0.0016,0.051305,0.105672
2024-10-09,500ETF,Spot ETF,ew,-1.4895,1.3,-0.5445,1,-0.02211,0.014395,0.000871,0.013523,0.119195
2024-10-10,500ETF,Spot ETF,ew,-0.7461,1.3,0.0,0,0.005165,0.0,0.0,0.0,0.119195
2024-10-11,500ETF,Spot ETF,ew,-1.3644,1.3,0.0,0,-0.026339,0.0,0.0,0.0,0.119195
2024-10-14,500ETF,Spot ETF,ew,-1.0084,1.3,0.0,0,0.022168,0.0,0.0,0.0,0.119195
2024-10-15,500ETF,Spot ETF,ew,-0.0418,1.3,0.0,0,-0.015743,0.0,0.0,0.0,0.119195
2024-10-16,500ETF,Spot ETF,ew,1.4126,1.3,0.5704,1,-0.011145,-0.005241,0.000913,-0.006154,0.113041
2024-10-17,500ETF,Spot ETF,ew,0.384,1.3,0.0,0,-0.017223,0.0,0.0,0.0,0.113041
2024-10-18,500ETF,Spot ETF,ew,0.6208,1.3,0.0,0,0.064595,0.0,0.0,0.0,0.113041
2024-10-21,500ETF,Spot ETF,ew,-0.0665,1.3,0.0,0,0.013006,0.0,0.0,0.0,0.113041
2024-10-22,500ETF,Spot ETF,ew,-0.1714,1.3,0.0,0,0.007051,0.0,0.0,0.0,0.113041
2024-10-23,500ETF,Spot ETF,ew,0.5955,1.3,0.0,0,0.000511,0.0,0.0,0.0,0.113041
2024-10-24,500ETF,Spot ETF,ew,-0.6672,1.3,0.0,0,0.001896,0.0,0.0,0.0,0.113041
2024-10-25,500ETF,Spot ETF,ew,0.7862,1.3,0.0,0,0.011057,0.0,0.0,0.0,0.113041
2024-10-28,500ETF,Spot ETF,ew,-0.2729,1.3,0.0,0,0.007751,0.0,0.0,0.0,0.113041
2024-10-29,500ETF,Spot ETF,ew,-0.809,1.3,0.0,0,-0.006559,0.0,0.0,0.0,0.113041
2024-10-30,500ETF,Spot ETF,ew,1.4177,1.3,0.577,1,-0.006737,-0.003874,0.000923,-0.004797,0.108244
2024-10-31,500ETF,Spot ETF,ew,-0.1606,1.3,0.0,0,0.012699,0.0,0.0,0.0,0.108244
2024-11-01,500ETF,Spot ETF,ew,0.3731,1.3,0.0,0,-0.004516,0.0,0.0,0.0,0.108244
2024-11-04,500ETF,Spot ETF,ew,1.2267,1.3,0.0,0,0.004343,0.0,0.0,0.0,0.108244
2024-11-05,500ETF,Spot ETF,ew,1.1063,1.3,0.0,0,0.021754,0.0,0.0,0.0,0.108244
2024-11-06,500ETF,Spot ETF,ew,0.6712,1.3,0.0,0,-0.004161,0.0,0.0,0.0,0.108244
2024-11-07,500ETF,Spot ETF,ew,0.8725,1.3,0.0,0,0.016279,0.0,0.0,0.0,0.108244
2024-11-08,500ETF,Spot ETF,ew,-0.0908,1.3,0.0,0,-0.010981,0.0,0.0,0.0,0.108244
2024-11-11,500ETF,Spot ETF,ew,1.2618,1.3,0.0,0,0.00704,0.0,0.0,0.0,0.108244
2024-11-12,500ETF,Spot ETF,ew,0.65,1.3,0.0,0,-0.024049,0.0,0.0,0.0,0.108244
2024-11-13,500ETF,Spot ETF,ew,0.5884,1.3,0.0,0,0.0,0.0,0.0,0.0,0.108244
2024-11-14,500ETF,Spot ETF,ew,-0.787,1.3,0.0,0,-0.018384,0.0,0.0,0.0,0.108244
2024-11-15,500ETF,Spot ETF,ew,-0.0007,1.3,0.0,0,-0.012768,0.0,0.0,0.0,0.108244
2024-11-18,500ETF,Spot ETF,ew,-1.1678,1.3,0.0,0,-0.008403,0.0,0.0,0.0,0.108244
2024-11-19,500ETF,Spot ETF,ew,1.2491,1.3,0.0,0,0.006012,0.0,0.0,0.0,0.108244
2024-11-20,500ETF,Spot ETF,ew,0.5262,1.3,0.0,0,0.009913,0.0,0.0,0.0,0.108244
2024-11-21,500ETF,Spot ETF,ew,0.2476,1.3,0.0,0,-0.001648,0.0,0.0,0.0,0.108244
2024-11-22,500ETF,Spot ETF,ew,-0.2842,1.3,0.0,0,-0.021578,0.0,0.0,0.0,0.108244
2024-11-25,500ETF,Spot ETF,ew,-0.7963,1.3,0.0,0,-0.000172,0.0,0.0,0.0,0.108244
2024-11-26,500ETF,Spot ETF,ew,0.7168,1.3,0.0,0,-0.006887,0.0,0.0,0.0,0.108244
2024-11-27,500ETF,Spot ETF,ew,-1.0606,1.3,0.0,0,0.027423,0.0,0.0,0.0,0.108244
2024-11-28,500ETF,Spot ETF,ew,0.3728,1.3,0.0,0,-0.003233,0.0,0.0,0.0,0.108244
2024-11-29,500ETF,Spot ETF,ew,0.6271,1.3,0.0,0,0.017973,0.0,0.0,0.0,0.108244
2024-12-02,500ETF,Spot ETF,ew,1.62,1.3,1.0,1,0.001163,0.001331,0.0016,-0.000269,0.107975
2024-12-03,500ETF,Spot ETF,ew,-1.0283,1.3,0.0,0,0.004654,0.0,0.0,0.0,0.107975
2024-12-04,500ETF,Spot ETF,ew,-1.1466,1.3,0.0,0,-0.006689,0.0,0.0,0.0,0.107975
2024-12-05,500ETF,Spot ETF,ew,0.4695,1.3,0.0,0,0.005024,0.0,0.0,0.0,0.107975
2024-12-06,500ETF,Spot ETF,ew,-0.401,1.3,0.0,0,0.019219,0.0,0.0,0.0,0.107975
2024-12-09,500ETF,Spot ETF,ew,-0.2933,1.3,0.0,0,-0.002149,0.0,0.0,0.0,0.107975
2024-12-10,500ETF,Spot ETF,ew,-1.7679,1.3,-1.0,1,-0.010111,0.008773,0.0016,0.007173,0.115148
2024-12-11,500ETF,Spot ETF,ew,0.9403,1.3,0.0,0,0.004729,0.0,0.0,0.0,0.115148
2024-12-12,500ETF,Spot ETF,ew,-0.3227,1.3,0.0,0,0.009239,0.0,0.0,0.0,0.115148
2024-12-13,500ETF,Spot ETF,ew,-1.6533,1.3,-0.8564,1,0.000656,-0.0,0.00137,-0.00137,0.113778
2024-12-16,500ETF,Spot ETF,ew,-0.9001,1.3,0.0,0,-0.009301,0.0,0.0,0.0,0.113778
2024-12-17,500ETF,Spot ETF,ew,-0.2189,1.3,0.0,0,-0.010894,0.0,0.0,0.0,0.113778
2024-12-18,500ETF,Spot ETF,ew,0.6337,1.3,0.0,0,0.000335,0.0,0.0,0.0,0.113778
2024-12-19,500ETF,Spot ETF,ew,0.1386,1.3,0.0,0,0.008542,0.0,0.0,0.0,0.113778
2024-12-20,500ETF,Spot ETF,ew,0.91,1.3,0.0,0,-0.001165,0.0,0.0,0.0,0.113778
2024-12-23,500ETF,Spot ETF,ew,-0.357,1.3,0.0,0,-0.012412,0.0,0.0,0.0,0.113778
2024-12-24,500ETF,Spot ETF,ew,1.2344,1.3,0.0,0,0.000168,0.0,0.0,0.0,0.113778
2024-12-25,500ETF,Spot ETF,ew,-1.3995,1.3,0.0,0,-0.004727,0.0,0.0,0.0,0.113778
2024-12-26,500ETF,Spot ETF,ew,1.2646,1.3,0.0,0,0.002511,0.0,0.0,0.0,0.113778
2024-12-27,500ETF,Spot ETF,ew,1.0124,1.3,0.0,0,-0.004664,0.0,0.0,0.0,0.113778
2024-12-30,500ETF,Spot ETF,ew,0.5842,1.3,0.0,0,-0.00183,0.0,0.0,0.0,0.113778
2024-12-31,500ETF,Spot ETF,ew,-1.7426,1.3,-1.0,1,-0.016169,0.016039,0.0016,0.014439,0.128217
2025-01-02,500ETF,Spot ETF,ew,-1.265,1.3,0.0,0,-0.030734,0.0,0.0,0.0,0.128217
2025-01-03,500ETF,Spot ETF,ew,-0.6819,1.3,0.0,0,-0.017245,0.0,0.0,0.0,0.128217
2025-01-06,500ETF,Spot ETF,ew,0.1953,1.3,0.0,0,-0.007459,0.0,0.0,0.0,0.128217
2025-01-07,500ETF,Spot ETF,ew,0.806,1.3,0.0,0,0.005052,0.0,0.0,0.0,0.128217
2025-01-08,500ETF,Spot ETF,ew,-1.0361,1.3,0.0,0,0.003619,0.0,0.0,0.0,0.128217
2025-01-09,500ETF,Spot ETF,ew,0.9721,1.3,0.0,0,0.00198,0.0,0.0,0.0,0.128217
2025-01-10,500ETF,Spot ETF,ew,0.4097,1.3,0.0,0,-0.009248,0.0,0.0,0.0,0.128217
2025-01-13,500ETF,Spot ETF,ew,0.9713,1.3,0.0,0,-0.001831,0.0,0.0,0.0,0.128217
2025-01-14,500ETF,Spot ETF,ew,0.9481,1.3,0.0,0,0.016654,0.0,0.0,0.0,0.128217
2025-01-15,500ETF,Spot ETF,ew,-1.026,1.3,0.0,0,-0.002316,0.0,0.0,0.0,0.128217
2025-01-16,500ETF,Spot ETF,ew,1.3688,1.3,0.5263,1,-0.009909,-0.005656,0.000842,-0.006498,0.121719
2025-01-17,500ETF,Spot ETF,ew,0.2519,1.3,0.0,0,0.011528,0.0,0.0,0.0,0.121719
2025-01-20,500ETF,Spot ETF,ew,0.4836,1.3,0.0,0,-0.008532,0.0,0.0,0.0,0.121719
2025-01-21,500ETF,Spot ETF,ew,-1.7175,1.3,-1.0,1,0.008036,-0.007346,0.0016,-0.008946,0.112772
2025-01-22,500ETF,Spot ETF,ew,-0.8249,1.3,0.0,0,0.005016,0.0,0.0,0.0,0.112772
2025-01-23,500ETF,Spot ETF,ew,0.206,1.3,0.0,0,-0.014182,0.0,0.0,0.0,0.112772
2025-01-24,500ETF,Spot ETF,ew,0.9787,1.3,0.0,0,0.006564,0.0,0.0,0.0,0.112772
2025-01-27,500ETF,Spot ETF,ew,-0.1578,1.3,0.0,0,-0.005335,0.0,0.0,0.0,0.112772
2025-02-05,500ETF,Spot ETF,ew,-1.4141,1.3,-0.5011,1,0.001249,-0.000537,0.000802,-0.001339,0.111434
2025-02-06,500ETF,Spot ETF,ew,0.9159,1.3,0.0,0,0.017061,0.0,0.0,0.0,0.111434
2025-02-07,500ETF,Spot ETF,ew,1.1853,1.3,0.0,0,0.000517,0.0,0.0,0.0,0.111434
2025-02-10,500ETF,Spot ETF,ew,0.2975,1.3,0.0,0,0.002387,0.0,0.0,0.0,0.111434
2025-02-11,500ETF,Spot ETF,ew,-1.5285,1.3,-0.5918,1,0.00445,-0.002232,0.000947,-0.003179,0.108255
2025-02-12,500ETF,Spot ETF,ew,0.895,1.3,0.0,0,0.002378,0.0,0.0,0.0,0.108255
2025-02-13,500ETF,Spot ETF,ew,-0.5148,1.3,0.0,0,-0.002704,0.0,0.0,0.0,0.108255
2025-02-14,500ETF,Spot ETF,ew,0.7411,1.3,0.0,0,0.003883,0.0,0.0,0.0,0.108255
2025-02-17,500ETF,Spot ETF,ew,-0.8119,1.3,0.0,0,0.000505,0.0,0.0,0.0,0.108255
2025-02-18,500ETF,Spot ETF,ew,-0.3187,1.3,0.0,0,-0.018393,0.0,0.0,0.0,0.108255
2025-02-19,500ETF,Spot ETF,ew,0.7626,1.3,0.0,0,0.010509,0.0,0.0,0.0,0.108255
2025-02-20,500ETF,Spot ETF,ew,0.4585,1.3,0.0,0,0.005204,0.0,0.0,0.0,0.108255
2025-02-21,500ETF,Spot ETF,ew,-0.0597,1.3,0.0,0,0.019321,0.0,0.0,0.0,0.108255
2025-02-24,500ETF,Spot ETF,ew,-0.5377,1.3,0.0,0,-0.001988,0.0,0.0,0.0,0.108255
2025-02-25,500ETF,Spot ETF,ew,-0.3289,1.3,0.0,0,0.000167,0.0,0.0,0.0,0.108255
2025-02-26,500ETF,Spot ETF,ew,0.646,1.3,0.0,0,0.004319,0.0,0.0,0.0,0.108255
2025-02-27,500ETF,Spot ETF,ew,-0.2514,1.3,0.0,0,-0.00133,0.0,0.0,0.0,0.108255
2025-02-28,500ETF,Spot ETF,ew,-1.2003,1.3,0.0,0,-0.014737,0.0,0.0,0.0,0.108255
2025-03-03,500ETF,Spot ETF,ew,0.5368,1.3,0.0,0,-0.008488,0.0,0.0,0.0,0.108255
2025-03-04,500ETF,Spot ETF,ew,0.5795,1.3,0.0,0,0.007109,0.0,0.0,0.0,0.108255
2025-03-05,500ETF,Spot ETF,ew,-0.4315,1.3,0.0,0,0.007267,0.0,0.0,0.0,0.108255
2025-03-06,500ETF,Spot ETF,ew,0.8913,1.3,0.0,0,0.005629,0.0,0.0,0.0,0.108255
2025-03-07,500ETF,Spot ETF,ew,-0.2072,1.3,0.0,0,-0.003167,0.0,0.0,0.0,0.108255
2025-03-10,500ETF,Spot ETF,ew,-0.6304,1.3,0.0,0,0.003501,0.0,0.0,0.0,0.108255
2025-03-11,500ETF,Spot ETF,ew,0.7544,1.3,0.0,0,0.003823,0.0,0.0,0.0,0.108255
2025-03-12,500ETF,Spot ETF,ew,-0.4084,1.3,0.0,0,-0.000826,0.0,0.0,0.0,0.108255
2025-03-13,500ETF,Spot ETF,ew,-1.0708,1.3,0.0,0,0.002172,0.0,0.0,0.0,0.108255
2025-03-14,500ETF,Spot ETF,ew,0.7692,1.3,0.0,0,0.009569,0.0,0.0,0.0,0.108255
2025-03-17,500ETF,Spot ETF,ew,-0.4203,1.3,0.0,0,0.002131,0.0,0.0,0.0,0.108255
2025-03-18,500ETF,Spot ETF,ew,0.5542,1.3,0.0,0,-0.004723,0.0,0.0,0.0,0.108255
2025-03-19,500ETF,Spot ETF,ew,-1.1368,1.3,0.0,0,0.001645,0.0,0.0,0.0,0.108255
2025-03-20,500ETF,Spot ETF,ew,-0.6133,1.3,0.0,0,-0.00033,0.0,0.0,0.0,0.108255
2025-03-21,500ETF,Spot ETF,ew,0.2818,1.3,0.0,0,-0.010151,0.0,0.0,0.0,0.108255
2025-03-24,500ETF,Spot ETF,ew,-0.1334,1.3,0.0,0,-0.004712,0.0,0.0,0.0,0.108255
2025-03-25,500ETF,Spot ETF,ew,0.4258,1.3,0.0,0,-0.004534,0.0,0.0,0.0,0.108255
2025-03-26,500ETF,Spot ETF,ew,1.0949,1.3,0.0,0,-0.00403,0.0,0.0,0.0,0.108255
2025-03-27,500ETF,Spot ETF,ew,-0.6103,1.3,0.0,0,0.004372,0.0,0.0,0.0,0.108255
2025-03-28,500ETF,Spot ETF,ew,-0.0043,1.3,0.0,0,-0.003373,0.0,0.0,0.0,0.108255
2025-03-31,500ETF,Spot ETF,ew,-0.2549,1.3,0.0,0,-0.007491,0.0,0.0,0.0,0.108255
2025-04-01,500ETF,Spot ETF,ew,0.9143,1.3,0.0,0,-0.001188,0.0,0.0,0.0,0.108255
2025-04-02,500ETF,Spot ETF,ew,0.9107,1.3,0.0,0,-0.005082,0.0,0.0,0.0,0.108255
2025-04-03,500ETF,Spot ETF,ew,0.6594,1.3,0.0,0,-0.004441,0.0,0.0,0.0,0.108255
2025-04-07,500ETF,Spot ETF,ew,-0.8926,1.3,0.0,0,-0.029367,0.0,0.0,0.0,0.108255
2025-04-08,500ETF,Spot ETF,ew,0.8641,1.3,0.0,0,-0.01079,0.0,0.0,0.0,0.108255
2025-04-09,500ETF,Spot ETF,ew,-1.1467,1.3,0.0,0,0.031861,0.0,0.0,0.0,0.108255
2025-04-10,500ETF,Spot ETF,ew,0.7603,1.3,0.0,0,-0.009861,0.0,0.0,0.0,0.108255
2025-04-11,500ETF,Spot ETF,ew,0.9611,1.3,0.0,0,0.005567,0.0,0.0,0.0,0.108255
2025-04-14,500ETF,Spot ETF,ew,0.1015,1.3,0.0,0,-0.001068,0.0,0.0,0.0,0.108255
2025-04-15,500ETF,Spot ETF,ew,-1.7782,1.3,-1.0,1,0.002152,-0.002334,0.0016,-0.003934,0.104321
2025-04-16,500ETF,Spot ETF,ew,-0.8702,1.3,0.0,0,-0.008658,0.0,0.0,0.0,0.104321
2025-04-17,500ETF,Spot ETF,ew,1.4868,1.3,0.6938,1,-0.005021,-0.003474,0.00111,-0.004584,0.099736
2025-04-18,500ETF,Spot ETF,ew,-0.1059,1.3,0.0,0,0.00577,0.0,0.0,0.0,0.099736
2025-04-21,500ETF,Spot ETF,ew,1.1065,1.3,0.0,0,0.008374,0.0,0.0,0.0,0.099736
2025-04-22,500ETF,Spot ETF,ew,-0.434,1.3,0.0,0,0.000356,0.0,0.0,0.0,0.099736
2025-04-23,500ETF,Spot ETF,ew,-0.2267,1.3,0.0,0,-0.000888,0.0,0.0,0.0,0.099736
2025-04-24,500ETF,Spot ETF,ew,-0.0631,1.3,0.0,0,-0.004449,0.0,0.0,0.0,0.099736
2025-04-25,500ETF,Spot ETF,ew,0.1198,1.3,0.0,0,0.002315,0.0,0.0,0.0,0.099736
2025-04-28,500ETF,Spot ETF,ew,-1.2306,1.3,0.0,0,0.002505,0.0,0.0,0.0,0.099736
2025-04-29,500ETF,Spot ETF,ew,0.2575,1.3,0.0,0,0.000536,0.0,0.0,0.0,0.099736
2025-04-30,500ETF,Spot ETF,ew,1.0838,1.3,0.0,0,0.0016,0.0,0.0,0.0,0.099736
2025-05-06,500ETF,Spot ETF,ew,0.9448,1.3,0.0,0,0.005782,0.0,0.0,0.0,0.099736
2025-05-07,500ETF,Spot ETF,ew,-1.2115,1.3,0.0,0,-0.006618,0.0,0.0,0.0,0.099736
2025-05-08,500ETF,Spot ETF,ew,0.879,1.3,0.0,0,0.001213,0.0,0.0,0.0,0.099736
2025-05-09,500ETF,Spot ETF,ew,-0.8743,1.3,0.0,0,-0.004534,0.0,0.0,0.0,0.099736
2025-05-12,500ETF,Spot ETF,ew,0.3051,1.3,0.0,0,0.002599,0.0,0.0,0.0,0.099736
2025-05-13,500ETF,Spot ETF,ew,-1.1283,1.3,0.0,0,-0.003626,0.0,0.0,0.0,0.099736
2025-05-14,500ETF,Spot ETF,ew,-0.4213,1.3,0.0,0,0.003287,0.0,0.0,0.0,0.099736
2025-05-15,500ETF,Spot ETF,ew,-1.7804,1.3,-1.0,1,-0.002269,0.002788,0.0016,0.001188,0.100924
2025-05-16,500ETF,Spot ETF,ew,0.7515,1.3,0.0,0,-0.002622,0.0,0.0,0.0,0.100924
2025-05-19,500ETF,Spot ETF,ew,-1.3156,1.3,0.0,0,0.007894,0.0,0.0,0.0,0.100924
2025-05-20,500ETF,Spot ETF,ew,-0.4752,1.3,0.0,0,0.006803,0.0,0.0,0.0,0.100924
2025-05-21,500ETF,Spot ETF,ew,0.3068,1.3,0.0,0,0.003133,0.0,0.0,0.0,0.100924
2025-05-22,500ETF,Spot ETF,ew,0.159,1.3,0.0,0,-0.006104,0.0,0.0,0.0,0.100924
2025-05-23,500ETF,Spot ETF,ew,0.7212,1.3,0.0,0,-0.010013,0.0,0.0,0.0,0.100924
2025-05-26,500ETF,Spot ETF,ew,0.663,1.3,0.0,0,-0.000705,0.0,0.0,0.0,0.100924
2025-05-27,500ETF,Spot ETF,ew,-0.8085,1.3,0.0,0,0.000707,0.0,0.0,0.0,0.100924
2025-05-28,500ETF,Spot ETF,ew,0.0574,1.3,0.0,0,-0.001769,0.0,0.0,0.0,0.100924
2025-05-29,500ETF,Spot ETF,ew,1.3589,1.3,0.5193,1,0.003848,0.002917,0.000831,0.002087,0.103011
2025-05-30,500ETF,Spot ETF,ew,-1.6433,1.3,-0.8288,1,0.000703,0.000146,0.001326,-0.00118,0.101831
2025-06-03,500ETF,Spot ETF,ew,1.3626,1.3,0.5217,1,-0.003497,-0.001276,0.000835,-0.002111,0.099719
2025-06-04,500ETF,Spot ETF,ew,1.1019,1.3,0.0,0,0.001567,0.0,0.0,0.0,0.099719
2025-06-05,500ETF,Spot ETF,ew,-0.2836,1.3,0.0,0,0.007108,0.0,0.0,0.0,0.099719
2025-06-06,500ETF,Spot ETF,ew,-0.5845,1.3,0.0,0,0.000173,0.0,0.0,0.0,0.099719
2025-06-09,500ETF,Spot ETF,ew,0.813,1.3,0.0,0,-0.000858,0.0,0.0,0.0,0.099719
2025-06-10,500ETF,Spot ETF,ew,-0.6397,1.3,0.0,0,-0.006384,0.0,0.0,0.0,0.099719
2025-06-11,500ETF,Spot ETF,ew,1.5898,1.3,0.9667,1,-0.002916,-0.002814,0.001547,-0.004361,0.095358
2025-06-12,500ETF,Spot ETF,ew,0.3071,1.3,0.0,0,0.002578,0.0,0.0,0.0,0.095358
2025-06-13,500ETF,Spot ETF,ew,-0.6031,1.3,0.0,0,-0.001558,0.0,0.0,0.0,0.095358
2025-06-16,500ETF,Spot ETF,ew,1.2115,1.3,0.0,0,-0.000861,0.0,0.0,0.0,0.095358
2025-06-17,500ETF,Spot ETF,ew,-0.1514,1.3,0.0,0,-0.004147,0.0,0.0,0.0,0.095358
2025-06-18,500ETF,Spot ETF,ew,-0.1477,1.3,0.0,0,0.001734,0.0,0.0,0.0,0.095358
2025-06-19,500ETF,Spot ETF,ew,0.1728,1.3,0.0,0,-0.010639,0.0,0.0,0.0,0.095358
2025-06-20,500ETF,Spot ETF,ew,0.0934,1.3,0.0,0,-0.003864,0.0,0.0,0.0,0.095358
2025-06-23,500ETF,Spot ETF,ew,0.916,1.3,0.0,0,0.004205,0.0,0.0,0.0,0.095358
2025-06-24,500ETF,Spot ETF,ew,1.6101,1.3,1.0,1,0.005183,0.005371,0.0016,0.003771,0.099129
2025-06-25,500ETF,Spot ETF,ew,1.2181,1.3,0.0,0,0.009869,0.0,0.0,0.0,0.099129
2025-06-26,500ETF,Spot ETF,ew,-0.2551,1.3,0.0,0,-0.003726,0.0,0.0,0.0,0.099129
2025-06-27,500ETF,Spot ETF,ew,0.8777,1.3,0.0,0,-0.002367,0.0,0.0,0.0,0.099129
2025-06-30,500ETF,Spot ETF,ew,0.6782,1.3,0.0,0,0.002689,0.0,0.0,0.0,0.099129
2025-07-01,500ETF,Spot ETF,ew,-0.4309,1.3,0.0,0,0.002683,0.0,0.0,0.0,0.099129
2025-07-02,500ETF,Spot ETF,ew,-0.6656,1.3,0.0,0,-0.002016,0.0,0.0,0.0,0.099129
2025-07-03,500ETF,Spot ETF,ew,0.5288,1.3,0.0,0,0.002682,0.0,0.0,0.0,0.099129
2025-07-04,500ETF,Spot ETF,ew,-0.4934,1.3,0.0,0,0.000839,0.0,0.0,0.0,0.099129
2025-07-07,500ETF,Spot ETF,ew,-0.1458,1.3,0.0,0,0.001345,0.0,0.0,0.0,0.099129
2025-07-08,500ETF,Spot ETF,ew,1.4977,1.3,0.7171,1,0.005646,0.00406,0.001147,0.002913,0.102042
2025-07-09,500ETF,Spot ETF,ew,0.0856,1.3,0.0,0,-0.002656,0.0,0.0,0.0,0.102042
2025-07-10,500ETF,Spot ETF,ew,0.2355,1.3,0.0,0,0.00332,0.0,0.0,0.0,0.102042
2025-07-11,500ETF,Spot ETF,ew,-0.0615,1.3,0.0,0,0.00806,0.0,0.0,0.0,0.102042
2025-07-14,500ETF,Spot ETF,ew,0.0227,1.3,0.0,0,-0.00115,0.0,0.0,0.0,0.102042
2025-07-15,500ETF,Spot ETF,ew,0.9301,1.3,0.0,0,-0.002136,0.0,0.0,0.0,0.102042
2025-07-16,500ETF,Spot ETF,ew,1.1227,1.3,0.0,0,-0.00754,0.0,0.0,0.0,0.102042
2025-07-17,500ETF,Spot ETF,ew,1.1447,1.3,0.0,0,0.006365,0.0,0.0,0.0,0.102042
2025-07-18,500ETF,Spot ETF,ew,0.3734,1.3,0.0,0,-0.001787,0.0,0.0,0.0,0.102042
2025-07-21,500ETF,Spot ETF,ew,0.9336,1.3,0.0,0,0.002413,0.0,0.0,0.0,0.102042
2025-07-22,500ETF,Spot ETF,ew,0.5253,1.3,0.0,0,0.007665,0.0,0.0,0.0,0.102042
2025-07-23,500ETF,Spot ETF,ew,0.5644,1.3,0.0,0,-0.005247,0.0,0.0,0.0,0.102042
2025-07-24,500ETF,Spot ETF,ew,1.3703,1.3,0.5275,1,0.008052,0.004265,0.000844,0.003421,0.105463
2025-07-25,500ETF,Spot ETF,ew,0.0866,1.3,0.0,0,0.000157,0.0,0.0,0.0,0.105463
2025-07-28,500ETF,Spot ETF,ew,-0.4348,1.3,0.0,0,0.0,0.0,0.0,0.0,0.105463
2025-07-29,500ETF,Spot ETF,ew,-0.8017,1.3,0.0,0,0.010665,0.0,0.0,0.0,0.105463
2025-07-30,500ETF,Spot ETF,ew,0.232,1.3,0.0,0,-0.004213,0.0,0.0,0.0,0.105463
2025-07-31,500ETF,Spot ETF,ew,0.3404,1.3,0.0,0,-0.013455,0.0,0.0,0.0,0.105463
2025-08-01,500ETF,Spot ETF,ew,0.8056,1.3,0.0,0,-0.004604,0.0,0.0,0.0,0.105463
2025-08-04,500ETF,Spot ETF,ew,0.4426,1.3,0.0,0,0.007771,0.0,0.0,0.0,0.105463
2025-08-05,500ETF,Spot ETF,ew,0.5391,1.3,0.0,0,0.002516,0.0,0.0,0.0,0.105463
2025-08-06,500ETF,Spot ETF,ew,0.3267,1.3,0.0,0,0.006865,0.0,0.0,0.0,0.105463
2025-08-07,500ETF,Spot ETF,ew,-0.0568,1.3,0.0,0,-0.001402,0.0,0.0,0.0,0.105463
2025-08-08,500ETF,Spot ETF,ew,-0.5225,1.3,0.0,0,0.002817,0.0,0.0,0.0,0.105463
2025-08-11,500ETF,Spot ETF,ew,1.1805,1.3,0.0,0,0.003253,0.0,0.0,0.0,0.105463
2025-08-12,500ETF,Spot ETF,ew,-0.6004,1.3,0.0,0,0.00386,0.0,0.0,0.0,0.105463
2025-08-13,500ETF,Spot ETF,ew,1.059,1.3,0.0,0,0.006569,0.0,0.0,0.0,0.105463
2025-08-14,500ETF,Spot ETF,ew,-0.5506,1.3,0.0,0,-0.005187,0.0,0.0,0.0,0.105463
2025-08-15,500ETF,Spot ETF,ew,1.928,1.3,1.0,1,0.009687,0.009887,0.0016,0.008287,0.11375
2025-08-18,500ETF,Spot ETF,ew,0.1538,1.3,0.0,0,0.00387,0.0,0.0,0.0,0.11375
2025-08-19,500ETF,Spot ETF,ew,0.806,1.3,0.0,0,-0.003411,0.0,0.0,0.0,0.11375
2025-08-20,500ETF,Spot ETF,ew,0.3476,1.3,0.0,0,0.009456,0.0,0.0,0.0,0.11375
2025-08-21,500ETF,Spot ETF,ew,-0.3607,1.3,0.0,0,-0.003101,0.0,0.0,0.0,0.11375
2025-08-22,500ETF,Spot ETF,ew,1.2384,1.3,0.0,0,0.010043,0.0,0.0,0.0,0.11375
2025-08-25,500ETF,Spot ETF,ew,0.7543,1.3,0.0,0,0.003848,0.0,0.0,0.0,0.11375
2025-08-26,500ETF,Spot ETF,ew,0.8497,1.3,0.0,0,0.003398,0.0,0.0,0.0,0.11375
2025-08-27,500ETF,Spot ETF,ew,0.7734,1.3,0.0,0,-0.003826,0.0,0.0,0.0,0.11375
2025-08-28,500ETF,Spot ETF,ew,0.8194,1.3,0.0,0,0.009996,0.0,0.0,0.0,0.11375
2025-08-29,500ETF,Spot ETF,ew,-0.551,1.3,0.0,0,0.002669,0.0,0.0,0.0,0.11375
2025-09-01,500ETF,Spot ETF,ew,-0.4006,1.3,0.0,0,0.008927,0.0,0.0,0.0,0.11375
2025-09-02,500ETF,Spot ETF,ew,-1.4061,1.3,-0.5002,1,-0.011724,0.006038,0.0008,0.005238,0.118988
2025-09-03,500ETF,Spot ETF,ew,-0.5957,1.3,0.0,0,-0.007127,0.0,0.0,0.0,0.118988
2025-09-04,500ETF,Spot ETF,ew,-0.7668,1.3,0.0,0,-0.03305,0.0,0.0,0.0,0.118988
2025-09-05,500ETF,Spot ETF,ew,0.2821,1.3,0.0,0,0.022677,0.0,0.0,0.0,0.118988
2025-09-08,500ETF,Spot ETF,ew,1.022,1.3,0.0,0,0.004389,0.0,0.0,0.0,0.118988
2025-09-09,500ETF,Spot ETF,ew,0.4404,1.3,0.0,0,-0.011232,0.0,0.0,0.0,0.118988
2025-09-10,500ETF,Spot ETF,ew,1.3911,1.3,0.5461,1,-0.003844,-0.002636,0.000874,-0.00351,0.115478
2025-09-11,500ETF,Spot ETF,ew,-0.1447,1.3,0.0,0,0.02656,0.0,0.0,0.0,0.115478
2025-09-12,500ETF,Spot ETF,ew,0.9173,1.3,0.0,0,0.003999,0.0,0.0,0.0,0.115478
2025-09-15,500ETF,Spot ETF,ew,-0.5009,1.3,0.0,0,0.000414,0.0,0.0,0.0,0.115478
2025-09-16,500ETF,Spot ETF,ew,0.3691,1.3,0.0,0,0.002067,0.0,0.0,0.0,0.115478
2025-09-17,500ETF,Spot ETF,ew,0.5977,1.3,0.0,0,0.007377,0.0,0.0,0.0,0.115478
2025-09-18,500ETF,Spot ETF,ew,0.6129,1.3,0.0,0,-0.014078,0.0,0.0,0.0,0.115478
2025-09-19,500ETF,Spot ETF,ew,0.225,1.3,0.0,0,0.001236,0.0,0.0,0.0,0.115478
2025-09-22,500ETF,Spot ETF,ew,-0.7038,1.3,0.0,0,0.010042,0.0,0.0,0.0,0.115478
2025-09-23,500ETF,Spot ETF,ew,-1.078,1.3,0.0,0,-0.007178,0.0,0.0,0.0,0.115478
2025-09-24,500ETF,Spot ETF,ew,0.9587,1.3,0.0,0,0.015371,0.0,0.0,0.0,0.115478
2025-09-25,500ETF,Spot ETF,ew,0.7273,1.3,0.0,0,0.005239,0.0,0.0,0.0,0.115478
2025-09-26,500ETF,Spot ETF,ew,0.432,1.3,0.0,0,-0.00935,0.0,0.0,0.0,0.115478
2025-09-29,500ETF,Spot ETF,ew,-0.3241,1.3,0.0,0,0.015013,0.0,0.0,0.0,0.115478
2025-09-30,500ETF,Spot ETF,ew,1.1693,1.3,0.0,0,0.002395,0.0,0.0,0.0,0.115478
2025-10-09,500ETF,Spot ETF,ew,0.1311,1.3,0.0,0,0.012094,0.0,0.0,0.0,0.115478
2025-10-10,500ETF,Spot ETF,ew,-1.0239,1.3,0.0,0,-0.006904,0.0,0.0,0.0,0.115478
2025-10-13,500ETF,Spot ETF,ew,0.087,1.3,0.0,0,0.012912,0.0,0.0,0.0,0.115478
2025-10-14,500ETF,Spot ETF,ew,0.1598,1.3,0.0,0,-0.029027,0.0,0.0,0.0,0.115478
2025-10-15,500ETF,Spot ETF,ew,-0.2825,1.3,0.0,0,0.007899,0.0,0.0,0.0,0.115478
2025-10-16,500ETF,Spot ETF,ew,-0.014,1.3,0.0,0,-0.006949,0.0,0.0,0.0,0.115478
2025-10-17,500ETF,Spot ETF,ew,-1.4673,1.3,-0.5252,1,-0.014357,0.007486,0.00084,0.006646,0.122124
2025-10-20,500ETF,Spot ETF,ew,0.1699,1.3,0.0,0,-0.01268,0.0,0.0,0.0,0.122124
2025-10-21,500ETF,Spot ETF,ew,0.6622,1.3,0.0,0,0.006756,0.0,0.0,0.0,0.122124
2025-10-22,500ETF,Spot ETF,ew,-0.2421,1.3,0.0,0,0.000138,0.0,0.0,0.0,0.122124
2025-10-23,500ETF,Spot ETF,ew,-1.9912,1.3,-1.0,1,0.012549,-0.012344,0.0016,-0.013944,0.10818
2025-10-24,500ETF,Spot ETF,ew,0.8783,1.3,0.0,0,0.006418,0.0,0.0,0.0,0.10818
2025-10-27,500ETF,Spot ETF,ew,0.6985,1.3,0.0,0,0.002677,0.0,0.0,0.0,0.10818
2025-10-28,500ETF,Spot ETF,ew,0.2133,1.3,0.0,0,-0.003351,0.0,0.0,0.0,0.10818
2025-10-29,500ETF,Spot ETF,ew,1.2232,1.3,0.0,0,0.01167,0.0,0.0,0.0,0.10818
2025-10-30,500ETF,Spot ETF,ew,-1.5657,1.3,-0.6525,1,-0.001463,0.001387,0.001044,0.000343,0.108523
2025-10-31,500ETF,Spot ETF,ew,-0.0366,1.3,0.0,0,-0.005617,0.0,0.0,0.0,0.108523
2025-11-03,500ETF,Spot ETF,ew,-1.4216,1.3,-0.5026,1,0.008786,-0.003748,0.000804,-0.004552,0.103972
2025-11-04,500ETF,Spot ETF,ew,-0.9347,1.3,0.0,0,-0.01188,0.0,0.0,0.0,0.103972
2025-11-05,500ETF,Spot ETF,ew,0.2691,1.3,0.0,0,0.013565,0.0,0.0,0.0,0.103972
2025-11-06,500ETF,Spot ETF,ew,0.6816,1.3,0.0,0,0.010269,0.0,0.0,0.0,0.103972
2025-11-07,500ETF,Spot ETF,ew,-0.135,1.3,0.0,0,0.002961,0.0,0.0,0.0,0.103972
2025-11-10,500ETF,Spot ETF,ew,-0.1985,1.3,0.0,0,0.001882,0.0,0.0,0.0,0.103972
2025-11-11,500ETF,Spot ETF,ew,-0.426,1.3,0.0,0,-0.006059,0.0,0.0,0.0,0.103972
2025-11-12,500ETF,Spot ETF,ew,-0.3269,1.3,0.0,0,-0.001767,0.0,0.0,0.0,0.103972
2025-11-13,500ETF,Spot ETF,ew,1.3935,1.3,0.5486,1,0.006594,0.004003,0.000878,0.003125,0.107096
2025-11-14,500ETF,Spot ETF,ew,-0.2731,1.3,0.0,0,-0.002839,0.0,0.0,0.0,0.107096
2025-11-17,500ETF,Spot ETF,ew,-0.7704,1.3,0.0,0,0.003276,0.0,0.0,0.0,0.107096
2025-11-18,500ETF,Spot ETF,ew,-0.7289,1.3,0.0,0,-0.005097,0.0,0.0,0.0,0.107096
2025-11-19,500ETF,Spot ETF,ew,0.1836,1.3,0.0,0,-0.001656,0.0,0.0,0.0,0.107096
2025-11-20,500ETF,Spot ETF,ew,-1.2762,1.3,0.0,0,-0.009159,0.0,0.0,0.0,0.107096
2025-11-21,500ETF,Spot ETF,ew,-1.4287,1.3,-0.5046,1,-0.008017,0.003958,0.000807,0.00315,0.110247
2025-11-24,500ETF,Spot ETF,ew,-0.5765,1.3,0.0,0,0.007755,0.0,0.0,0.0,0.110247
2025-11-25,500ETF,Spot ETF,ew,1.3929,1.3,0.548,1,-0.001558,-0.001008,0.000877,-0.001885,0.108362
2025-11-26,500ETF,Spot ETF,ew,1.2753,1.3,0.0,0,-0.005638,0.0,0.0,0.0,0.108362
2025-11-27,500ETF,Spot ETF,ew,1.8534,1.3,1.0,1,-0.011532,-0.010497,0.0016,-0.012097,0.096265
2025-11-28,500ETF,Spot ETF,ew,0.116,1.3,0.0,0,0.012277,0.0,0.0,0.0,0.096265
2025-12-01,500ETF,Spot ETF,ew,0.9449,1.3,0.0,0,0.000139,0.0,0.0,0.0,0.096265
2025-12-02,500ETF,Spot ETF,ew,-0.9297,1.3,0.0,0,-0.002658,0.0,0.0,0.0,0.096265
2025-12-03,500ETF,Spot ETF,ew,-0.1593,1.3,0.0,0,-0.004642,0.0,0.0,0.0,0.096265
2025-12-04,500ETF,Spot ETF,ew,-1.2165,1.3,0.0,0,0.006904,0.0,0.0,0.0,0.096265
2025-12-05,500ETF,Spot ETF,ew,-0.4753,1.3,0.0,0,0.011024,0.0,0.0,0.0,0.096265
2025-12-08,500ETF,Spot ETF,ew,0.3244,1.3,0.0,0,0.007024,0.0,0.0,0.0,0.096265
2025-12-09,500ETF,Spot ETF,ew,0.6882,1.3,0.0,0,-0.008411,0.0,0.0,0.0,0.096265
2025-12-10,500ETF,Spot ETF,ew,-0.8245,1.3,0.0,0,0.012457,0.0,0.0,0.0,0.096265
2025-12-11,500ETF,Spot ETF,ew,-0.2189,1.3,0.0,0,-0.005524,0.0,0.0,0.0,0.096265
2025-12-12,500ETF,Spot ETF,ew,-0.0876,1.3,0.0,0,0.013114,0.0,0.0,0.0,0.096265
2025-12-15,500ETF,Spot ETF,ew,0.5085,1.3,0.0,0,-0.004411,0.0,0.0,0.0,0.096265
2025-12-16,500ETF,Spot ETF,ew,-2.1175,1.3,-1.0,1,-0.001262,0.0021,0.0016,0.0005,0.096765
2025-12-17,500ETF,Spot ETF,ew,0.5102,1.3,0.0,0,0.020155,0.0,0.0,0.0,0.096765
2025-12-18,500ETF,Spot ETF,ew,1.2155,1.3,0.0,0,-0.006612,0.0,0.0,0.0,0.096765
2025-12-19,500ETF,Spot ETF,ew,0.2606,1.3,0.0,0,0.004813,0.0,0.0,0.0,0.096765
2025-12-22,500ETF,Spot ETF,ew,1.27,1.3,0.0,0,-0.000407,0.0,0.0,0.0,0.096765
2025-12-23,500ETF,Spot ETF,ew,0.2236,1.3,0.0,0,-0.004611,0.0,0.0,0.0,0.096765
2025-12-24,500ETF,Spot ETF,ew,0.3874,1.3,0.0,0,0.010232,0.0,0.0,0.0,0.096765
2025-12-25,500ETF,Spot ETF,ew,0.5117,1.3,0.0,0,0.009323,0.0,0.0,0.0,0.096765
2025-12-26,500ETF,Spot ETF,ew,0.7724,1.3,0.0,0,0.000924,0.0,0.0,0.0,0.096765
2025-12-29,500ETF,Spot ETF,ew,-0.5563,1.3,0.0,0,-0.00212,0.0,0.0,0.0,0.096765
2025-12-30,500ETF,Spot ETF,ew,1.0384,1.3,0.0,0,0.001319,0.0,0.0,0.0,0.096765
2025-12-31,500ETF,Spot ETF,ew,-0.4367,1.3,0.0,0,0.001716,0.0,0.0,0.0,0.096765
2024-01-02,159915ETF,Spot ETF,ew,-1.1596,0.8,0.0,0,-0.005501,0.0,0.0,0.0,0.0
2024-01-03,159915ETF,Spot ETF,ew,-0.4047,0.8,0.0,0,-0.005574,0.0,0.0,0.0,0.0
2024-01-04,159915ETF,Spot ETF,ew,-1.2223,0.8,0.0,0,-0.006248,0.0,0.0,0.0,0.0
2024-01-05,159915ETF,Spot ETF,ew,0.5889,0.8,0.0,0,-0.01895,0.0,0.0,0.0,0.0
2024-01-08,159915ETF,Spot ETF,ew,-0.102,0.8,0.0,0,-0.011108,0.0,0.0,0.0,0.0
2024-01-09,159915ETF,Spot ETF,ew,-0.2692,0.8,0.0,0,0.001759,0.0,0.0,0.0,0.0
2024-01-10,159915ETF,Spot ETF,ew,-0.2639,0.8,0.0,0,-0.005277,0.0,0.0,0.0,0.0
2024-01-11,159915ETF,Spot ETF,ew,0.5846,0.8,0.0,0,0.015152,0.0,0.0,0.0,0.0
2024-01-12,159915ETF,Spot ETF,ew,-0.6382,0.8,0.0,0,-0.004643,0.0,0.0,0.0,0.0
2024-01-15,159915ETF,Spot ETF,ew,-0.9381,0.8,0.0,0,-0.001174,0.0,0.0,0.0,0.0
2024-01-16,159915ETF,Spot ETF,ew,0.4777,0.8,0.0,0,-0.005299,0.0,0.0,0.0,0.0
2024-01-17,159915ETF,Spot ETF,ew,-1.2575,0.8,0.0,0,-0.013103,0.0,0.0,0.0,0.0
2024-01-18,159915ETF,Spot ETF,ew,0.3329,0.8,0.0,0,0.003614,0.0,0.0,0.0,0.0
2024-01-19,159915ETF,Spot ETF,ew,0.7582,0.8,0.0,0,-0.009507,0.0,0.0,0.0,0.0
2024-01-22,159915ETF,Spot ETF,ew,-1.1552,0.8,0.0,0,-0.014003,0.0,0.0,0.0,0.0
2024-01-23,159915ETF,Spot ETF,ew,0.7727,0.8,0.0,0,0.006693,0.0,0.0,0.0,0.0
2024-01-24,159915ETF,Spot ETF,ew,-0.7469,0.8,0.0,0,0.005493,0.0,0.0,0.0,0.0
2024-01-25,159915ETF,Spot ETF,ew,-0.8455,0.8,0.0,0,0.021155,0.0,0.0,0.0,0.0
2024-01-26,159915ETF,Spot ETF,ew,-0.2339,0.8,0.0,0,-0.012747,0.0,0.0,0.0,0.0
2024-01-29,159915ETF,Spot ETF,ew,-0.9254,0.8,0.0,0,-0.013665,0.0,0.0,0.0,0.0
2024-01-30,159915ETF,Spot ETF,ew,0.6456,0.8,0.0,0,-0.016,0.0,0.0,0.0,0.0
2024-01-31,159915ETF,Spot ETF,ew,1.0672,0.8,0.8966,1,-0.006485,-0.006946,0.001435,-0.00838,-0.00838
2024-02-01,159915ETF,Spot ETF,ew,0.0093,0.8,0.0,0,0.01496,0.0,0.0,0.0,-0.00838
2024-02-02,159915ETF,Spot ETF,ew,-0.2726,0.8,0.0,0,-0.014417,0.0,0.0,0.0,-0.00838
2024-02-05,159915ETF,Spot ETF,ew,-0.5783,0.8,0.0,0,0.031665,0.0,0.0,0.0,-0.00838
2024-02-06,159915ETF,Spot ETF,ew,2.3324,0.8,1.0,1,0.028366,0.026803,0.0016,0.025203,0.016823
2024-02-07,159915ETF,Spot ETF,ew,2.2958,0.8,1.0,1,-0.006039,-0.004822,0.0016,-0.006422,0.0104
2024-02-08,159915ETF,Spot ETF,ew,1.7747,0.8,1.0,1,-0.014815,-0.011824,0.0016,-0.013424,-0.003024
2024-02-19,159915ETF,Spot ETF,ew,-0.8127,0.8,0.0,0,0.004133,0.0,0.0,0.0,-0.003024
2024-02-20,159915ETF,Spot ETF,ew,-0.4651,0.8,0.0,0,0.003546,0.0,0.0,0.0,-0.003024
2024-02-21,159915ETF,Spot ETF,ew,-0.1205,0.8,0.0,0,0.016471,0.0,0.0,0.0,-0.003024
2024-02-22,159915ETF,Spot ETF,ew,0.1871,0.8,0.0,0,-0.000586,0.0,0.0,0.0,-0.003024
2024-02-23,159915ETF,Spot ETF,ew,-0.586,0.8,0.0,0,0.0,0.0,0.0,0.0,-0.003024
2024-02-26,159915ETF,Spot ETF,ew,-0.2763,0.8,0.0,0,0.006469,0.0,0.0,0.0,-0.003024
2024-02-27,159915ETF,Spot ETF,ew,0.1922,0.8,0.0,0,0.022094,0.0,0.0,0.0,-0.003024
2024-02-28,159915ETF,Spot ETF,ew,1.4302,0.8,1.0,1,-0.02682,-0.024031,0.0016,-0.025631,-0.028655
2024-02-29,159915ETF,Spot ETF,ew,1.993,0.8,1.0,1,0.013793,0.014476,0.0016,0.012876,-0.015779
2024-03-01,159915ETF,Spot ETF,ew,-0.1981,0.8,0.0,0,0.009624,0.0,0.0,0.0,-0.015779
2024-03-04,159915ETF,Spot ETF,ew,0.9175,0.8,0.5767,1,-0.002242,-0.000323,0.000923,-0.001246,-0.017025
2024-03-05,159915ETF,Spot ETF,ew,0.2794,0.8,0.0,0,0.00112,0.0,0.0,0.0,-0.017025
2024-03-06,159915ETF,Spot ETF,ew,-0.3886,0.8,0.0,0,0.007305,0.0,0.0,0.0,-0.017025
2024-03-07,159915ETF,Spot ETF,ew,0.373,0.8,0.0,0,-0.022141,0.0,0.0,0.0,-0.017025
2024-03-08,159915ETF,Spot ETF,ew,0.6451,0.8,0.0,0,0.006273,0.0,0.0,0.0,-0.017025
2024-03-11,159915ETF,Spot ETF,ew,1.3899,0.8,1.0,1,0.023804,0.02409,0.0016,0.02249,0.005464
2024-03-12,159915ETF,Spot ETF,ew,0.5731,0.8,0.0,0,-0.005925,0.0,0.0,0.0,0.005464
2024-03-13,159915ETF,Spot ETF,ew,-1.2126,0.8,0.0,0,-0.003791,0.0,0.0,0.0,0.005464
2024-03-14,159915ETF,Spot ETF,ew,0.8967,0.8,0.5519,1,-0.013044,-0.006858,0.000883,-0.007741,-0.002277
2024-03-15,159915ETF,Spot ETF,ew,-0.8581,0.8,0.0,0,0.009885,0.0,0.0,0.0,-0.002277
2024-03-18,159915ETF,Spot ETF,ew,0.3292,0.8,0.0,0,0.004287,0.0,0.0,0.0,-0.002277
2024-03-19,159915ETF,Spot ETF,ew,-0.1932,0.8,0.0,0,-0.007519,0.0,0.0,0.0,-0.002277
2024-03-20,159915ETF,Spot ETF,ew,0.7353,0.8,0.0,0,-0.003231,0.0,0.0,0.0,-0.002277
2024-03-21,159915ETF,Spot ETF,ew,0.3493,0.8,0.0,0,-0.006999,0.0,0.0,0.0,-0.002277
2024-03-22,159915ETF,Spot ETF,ew,-1.042,0.8,0.0,0,-0.002743,0.0,0.0,0.0,-0.002277
2024-03-25,159915ETF,Spot ETF,ew,-0.816,0.8,0.0,0,-0.006109,0.0,0.0,0.0,-0.002277
2024-03-26,159915ETF,Spot ETF,ew,1.0232,0.8,0.7768,1,-0.002231,-0.002163,0.001243,-0.003406,-0.005683
2024-03-27,159915ETF,Spot ETF,ew,-1.3971,0.8,0.0,0,-0.007941,0.0,0.0,0.0,-0.005683
2024-03-28,159915ETF,Spot ETF,ew,0.0093,0.8,0.0,0,0.005153,0.0,0.0,0.0,-0.005683
2024-03-29,159915ETF,Spot ETF,ew,0.9394,0.8,0.608,1,0.0,0.000344,0.000973,-0.000628,-0.006311
2024-04-01,159915ETF,Spot ETF,ew,1.6409,0.8,1.0,1,0.00718,0.007206,0.0016,0.005606,-0.000705
2024-04-02,159915ETF,Spot ETF,ew,-0.975,0.8,0.0,0,-0.002215,0.0,0.0,0.0,-0.000705
2024-04-03,159915ETF,Spot ETF,ew,-0.8239,0.8,0.0,0,-0.001674,0.0,0.0,0.0,-0.000705
2024-04-08,159915ETF,Spot ETF,ew,-0.589,0.8,0.0,0,-0.009029,0.0,0.0,0.0,-0.000705
2024-04-09,159915ETF,Spot ETF,ew,0.4237,0.8,0.0,0,0.009629,0.0,0.0,0.0,-0.000705
2024-04-10,159915ETF,Spot ETF,ew,-1.3253,0.8,0.0,0,-0.004001,0.0,0.0,0.0,-0.000705
2024-04-11,159915ETF,Spot ETF,ew,0.065,0.8,0.0,0,0.002881,0.0,0.0,0.0,-0.000705
2024-04-12,159915ETF,Spot ETF,ew,0.0475,0.8,0.0,0,-0.00927,0.0,0.0,0.0,-0.000705
2024-04-15,159915ETF,Spot ETF,ew,1.4853,0.8,1.0,1,0.002883,0.002308,0.0016,0.000708,3e-06
2024-04-16,159915ETF,Spot ETF,ew,-0.248,0.8,0.0,0,-0.00349,0.0,0.0,0.0,3e-06
2024-04-17,159915ETF,Spot ETF,ew,1.7155,0.8,1.0,1,0.00115,0.002304,0.0016,0.000704,0.000707
2024-04-18,159915ETF,Spot ETF,ew,-1.2834,0.8,0.0,0,0.006335,0.0,0.0,0.0,0.000707
2024-04-19,159915ETF,Spot ETF,ew,-0.8686,0.8,0.0,0,-0.007026,0.0,0.0,0.0,0.000707
2024-04-22,159915ETF,Spot ETF,ew,0.1811,0.8,0.0,0,-0.004107,0.0,0.0,0.0,0.000707
2024-04-23,159915ETF,Spot ETF,ew,0.5069,0.8,0.0,0,0.003517,0.0,0.0,0.0,0.000707
2024-04-24,159915ETF,Spot ETF,ew,-0.9213,0.8,0.0,0,0.003509,0.0,0.0,0.0,0.000707
2024-04-25,159915ETF,Spot ETF,ew,-0.5931,0.8,0.0,0,0.005838,0.0,0.0,0.0,0.000707
2024-04-26,159915ETF,Spot ETF,ew,1.8256,0.8,1.0,1,0.021053,0.021864,0.0016,0.020264,0.020972
2024-04-29,159915ETF,Spot ETF,ew,1.6991,0.8,1.0,1,0.0214,0.022765,0.0016,0.021165,0.042137
2024-04-30,159915ETF,Spot ETF,ew,-0.4643,0.8,0.0,0,-0.003828,0.0,0.0,0.0,0.042137
2024-05-06,159915ETF,Spot ETF,ew,-0.0337,0.8,0.0,0,-0.001618,0.0,0.0,0.0,0.042137
2024-05-07,159915ETF,Spot ETF,ew,-0.484,0.8,0.0,0,-0.004864,0.0,0.0,0.0,0.042137
2024-05-08,159915ETF,Spot ETF,ew,-1.4153,0.8,0.0,0,-0.009282,0.0,0.0,0.0,0.042137
2024-05-09,159915ETF,Spot ETF,ew,1.2923,0.8,1.0,1,0.001079,0.002704,0.0016,0.001104,0.043241
2024-05-10,159915ETF,Spot ETF,ew,-1.0523,0.8,0.0,0,0.001634,0.0,0.0,0.0,0.043241
2024-05-13,159915ETF,Spot ETF,ew,-0.1794,0.8,0.0,0,-0.0044,0.0,0.0,0.0,0.043241
2024-05-14,159915ETF,Spot ETF,ew,0.3713,0.8,0.0,0,-0.001652,0.0,0.0,0.0,0.043241
2024-05-15,159915ETF,Spot ETF,ew,-0.0304,0.8,0.0,0,-0.009395,0.0,0.0,0.0,0.043241
2024-05-16,159915ETF,Spot ETF,ew,-0.4711,0.8,0.0,0,-0.001666,0.0,0.0,0.0,0.043241
2024-05-17,159915ETF,Spot ETF,ew,0.0603,0.8,0.0,0,0.000551,0.0,0.0,0.0,0.043241
2024-05-20,159915ETF,Spot ETF,ew,0.9872,0.8,0.6947,1,-0.003266,-0.003392,0.001111,-0.004504,0.038737
2024-05-21,159915ETF,Spot ETF,ew,-1.0394,0.8,0.0,0,-0.002198,0.0,0.0,0.0,0.038737
2024-05-22,159915ETF,Spot ETF,ew,-0.3634,0.8,0.0,0,0.005467,0.0,0.0,0.0,0.038737
2024-05-23,159915ETF,Spot ETF,ew,-0.8844,0.8,0.0,0,-0.00496,0.0,0.0,0.0,0.038737
2024-05-24,159915ETF,Spot ETF,ew,0.9522,0.8,0.6286,1,-0.015021,-0.009714,0.001006,-0.01072,0.028018
2024-05-27,159915ETF,Spot ETF,ew,-0.9679,0.8,0.0,0,0.008994,0.0,0.0,0.0,0.028018
2024-05-28,159915ETF,Spot ETF,ew,-1.1829,0.8,0.0,0,-0.007883,0.0,0.0,0.0,0.028018
2024-05-29,159915ETF,Spot ETF,ew,1.4055,0.8,1.0,1,-0.007861,-0.007275,0.0016,-0.008875,0.019143
2024-05-30,159915ETF,Spot ETF,ew,-0.1841,0.8,0.0,0,-0.002811,0.0,0.0,0.0,0.019143
2024-05-31,159915ETF,Spot ETF,ew,1.0132,0.8,0.7525,1,-0.00841,-0.007134,0.001204,-0.008338,0.010804
2024-06-03,159915ETF,Spot ETF,ew,-0.0742,0.8,0.0,0,-0.003943,0.0,0.0,0.0,0.010804
2024-06-04,159915ETF,Spot ETF,ew,0.6879,0.8,0.0,0,0.007769,0.0,0.0,0.0,0.010804
2024-06-05,159915ETF,Spot ETF,ew,0.8397,0.8,0.5088,1,-0.008285,-0.00392,0.000814,-0.004734,0.00607
2024-06-06,159915ETF,Spot ETF,ew,-0.6742,0.8,0.0,0,-0.009495,0.0,0.0,0.0,0.00607
2024-06-07,159915ETF,Spot ETF,ew,-0.0123,0.8,0.0,0,-0.012507,0.0,0.0,0.0,0.00607
2024-06-11,159915ETF,Spot ETF,ew,-0.3515,0.8,0.0,0,0.012052,0.0,0.0,0.0,0.00607
2024-06-12,159915ETF,Spot ETF,ew,0.3251,0.8,0.0,0,-0.003431,0.0,0.0,0.0,0.00607
2024-06-13,159915ETF,Spot ETF,ew,-1.151,0.8,0.0,0,-0.00401,0.0,0.0,0.0,0.00607
2024-06-14,159915ETF,Spot ETF,ew,-1.388,0.8,0.0,0,0.013762,0.0,0.0,0.0,0.00607
2024-06-17,159915ETF,Spot ETF,ew,0.4868,0.8,0.0,0,0.003398,0.0,0.0,0.0,0.00607
2024-06-18,159915ETF,Spot ETF,ew,1.0102,0.8,0.7455,1,-0.003945,-0.003352,0.001193,-0.004545,0.001525
2024-06-19,159915ETF,Spot ETF,ew,-1.3099,0.8,0.0,0,-0.005682,0.0,0.0,0.0,0.001525
2024-06-20,159915ETF,Spot ETF,ew,-0.3825,0.8,0.0,0,-0.008643,0.0,0.0,0.0,0.001525
2024-06-21,159915ETF,Spot ETF,ew,-0.5247,0.8,0.0,0,-0.00174,0.0,0.0,0.0,0.001525
2024-06-24,159915ETF,Spot ETF,ew,-0.0935,0.8,0.0,0,-0.008764,0.0,0.0,0.0,0.001525
2024-06-25,159915ETF,Spot ETF,ew,-0.5902,0.8,0.0,0,-0.008338,0.0,0.0,0.0,0.001525
2024-06-26,159915ETF,Spot ETF,ew,-0.1392,0.8,0.0,0,0.017206,0.0,0.0,0.0,0.001525
2024-06-27,159915ETF,Spot ETF,ew,-1.1928,0.8,0.0,0,-0.003578,0.0,0.0,0.0,0.001525
2024-06-28,159915ETF,Spot ETF,ew,1.3705,0.8,1.0,1,-0.020372,-0.021242,0.0016,-0.022842,-0.021317
2024-07-01,159915ETF,Spot ETF,ew,-0.1659,0.8,0.0,0,0.006697,0.0,0.0,0.0,-0.021317
2024-07-02,159915ETF,Spot ETF,ew,-0.4919,0.8,0.0,0,-0.010996,0.0,0.0,0.0,-0.021317
2024-07-03,159915ETF,Spot ETF,ew,-0.6007,0.8,0.0,0,0.003688,0.0,0.0,0.0,-0.021317
2024-07-04,159915ETF,Spot ETF,ew,0.4224,0.8,0.0,0,-0.008003,0.0,0.0,0.0,-0.021317
2024-07-05,159915ETF,Spot ETF,ew,-0.476,0.8,0.0,0,0.007426,0.0,0.0,0.0,-0.021317
2024-07-08,159915ETF,Spot ETF,ew,-1.1374,0.8,0.0,0,-0.007472,0.0,0.0,0.0,-0.021317
2024-07-09,159915ETF,Spot ETF,ew,0.1503,0.8,0.0,0,0.01429,0.0,0.0,0.0,-0.021317
2024-07-10,159915ETF,Spot ETF,ew,1.3417,0.8,1.0,1,-0.007385,-0.006748,0.0016,-0.008348,-0.029666
2024-07-11,159915ETF,Spot ETF,ew,-0.8835,0.8,0.0,0,0.006681,0.0,0.0,0.0,-0.029666
2024-07-12,159915ETF,Spot ETF,ew,-0.681,0.8,0.0,0,0.003634,0.0,0.0,0.0,-0.029666
2024-07-15,159915ETF,Spot ETF,ew,-0.6317,0.8,0.0,0,-0.003656,0.0,0.0,0.0,-0.029666
2024-07-16,159915ETF,Spot ETF,ew,0.6309,0.8,0.0,0,0.006649,0.0,0.0,0.0,-0.029666
2024-07-17,159915ETF,Spot ETF,ew,-0.2235,0.8,0.0,0,0.007824,0.0,0.0,0.0,-0.029666
2024-07-18,159915ETF,Spot ETF,ew,0.367,0.8,0.0,0,0.008368,0.0,0.0,0.0,-0.029666
2024-07-19,159915ETF,Spot ETF,ew,0.1869,0.8,0.0,0,0.007708,0.0,0.0,0.0,-0.029666
2024-07-22,159915ETF,Spot ETF,ew,-0.2052,0.8,0.0,0,-0.002363,0.0,0.0,0.0,-0.029666
2024-07-23,159915ETF,Spot ETF,ew,-1.404,0.8,0.0,0,-0.014467,0.0,0.0,0.0,-0.029666
2024-07-24,159915ETF,Spot ETF,ew,0.8126,0.8,0.5009,1,-0.009222,-0.004294,0.000801,-0.005096,-0.034761
2024-07-25,159915ETF,Spot ETF,ew,0.4236,0.8,0.0,0,-0.00618,0.0,0.0,0.0,-0.034761
2024-07-26,159915ETF,Spot ETF,ew,1.5165,0.8,1.0,1,-0.004917,-0.006124,0.0016,-0.007724,-0.042485
2024-07-29,159915ETF,Spot ETF,ew,-1.2852,0.8,0.0,0,-0.003108,0.0,0.0,0.0,-0.042485
2024-07-30,159915ETF,Spot ETF,ew,-0.5446,0.8,0.0,0,0.002505,0.0,0.0,0.0,-0.042485
2024-07-31,159915ETF,Spot ETF,ew,1.2667,0.8,1.0,1,0.022638,0.023529,0.0016,0.021929,-0.020555
2024-08-01,159915ETF,Spot ETF,ew,-0.4602,0.8,0.0,0,-0.010338,0.0,0.0,0.0,-0.020555
2024-08-02,159915ETF,Spot ETF,ew,0.623,0.8,0.0,0,-0.014193,0.0,0.0,0.0,-0.020555
2024-08-05,159915ETF,Spot ETF,ew,1.5625,0.8,1.0,1,-0.015679,-0.017224,0.0016,-0.018824,-0.039379
2024-08-06,159915ETF,Spot ETF,ew,0.129,0.8,0.0,0,-0.003764,0.0,0.0,0.0,-0.039379
2024-08-07,159915ETF,Spot ETF,ew,0.2373,0.8,0.0,0,-0.005013,0.0,0.0,0.0,-0.039379
2024-08-08,159915ETF,Spot ETF,ew,-0.7863,0.8,0.0,0,0.006329,0.0,0.0,0.0,-0.039379
2024-08-09,159915ETF,Spot ETF,ew,-0.0984,0.8,0.0,0,-0.012029,0.0,0.0,0.0,-0.039379
2024-08-12,159915ETF,Spot ETF,ew,-0.2936,0.8,0.0,0,-0.005749,0.0,0.0,0.0,-0.039379
2024-08-13,159915ETF,Spot ETF,ew,-0.2009,0.8,0.0,0,0.003198,0.0,0.0,0.0,-0.039379
2024-08-14,159915ETF,Spot ETF,ew,-1.5897,0.8,0.0,0,0.0,0.0,0.0,0.0,-0.039379
2024-08-15,159915ETF,Spot ETF,ew,0.5683,0.8,0.0,0,-0.000641,0.0,0.0,0.0,-0.039379
2024-08-16,159915ETF,Spot ETF,ew,-0.0933,0.8,0.0,0,-0.007663,0.0,0.0,0.0,-0.039379
2024-08-19,159915ETF,Spot ETF,ew,1.2123,0.8,1.0,1,-0.009563,-0.008259,0.0016,-0.009859,-0.049238
2024-08-20,159915ETF,Spot ETF,ew,-0.9186,0.8,0.0,0,-0.004535,0.0,0.0,0.0,-0.049238
2024-08-21,159915ETF,Spot ETF,ew,-0.2671,0.8,0.0,0,0.0,0.0,0.0,0.0,-0.049238
2024-08-22,159915ETF,Spot ETF,ew,0.0428,0.8,0.0,0,-0.003291,0.0,0.0,0.0,-0.049238
2024-08-23,159915ETF,Spot ETF,ew,0.3647,0.8,0.0,0,0.005939,0.0,0.0,0.0,-0.049238
2024-08-26,159915ETF,Spot ETF,ew,0.3852,0.8,0.0,0,-0.003953,0.0,0.0,0.0,-0.049238
2024-08-27,159915ETF,Spot ETF,ew,-1.0208,0.8,0.0,0,-0.001998,0.0,0.0,0.0,-0.049238
2024-08-28,159915ETF,Spot ETF,ew,0.2159,0.8,0.0,0,0.002665,0.0,0.0,0.0,-0.049238
2024-08-29,159915ETF,Spot ETF,ew,0.5981,0.8,0.0,0,0.015288,0.0,0.0,0.0,-0.049238
2024-08-30,159915ETF,Spot ETF,ew,1.7237,0.8,1.0,1,0.005801,0.005818,0.0016,0.004218,-0.04502
2024-09-02,159915ETF,Spot ETF,ew,-0.8181,0.8,0.0,0,-0.011834,0.0,0.0,0.0,-0.04502
2024-09-03,159915ETF,Spot ETF,ew,0.6699,0.8,0.0,0,0.006575,0.0,0.0,0.0,-0.04502
2024-09-04,159915ETF,Spot ETF,ew,0.2713,0.8,0.0,0,0.00394,0.0,0.0,0.0,-0.04502
2024-09-05,159915ETF,Spot ETF,ew,0.7197,0.8,0.0,0,0.001304,0.0,0.0,0.0,-0.04502
2024-09-06,159915ETF,Spot ETF,ew,-0.8006,0.8,0.0,0,-0.013775,0.0,0.0,0.0,-0.04502
2024-09-09,159915ETF,Spot ETF,ew,0.8647,0.8,0.5232,1,-0.005316,-0.003119,0.000837,-0.003956,-0.048976
2024-09-10,159915ETF,Spot ETF,ew,-1.0397,0.8,0.0,0,0.003974,0.0,0.0,0.0,-0.048976
2024-09-11,159915ETF,Spot ETF,ew,0.4527,0.8,0.0,0,0.006566,0.0,0.0,0.0,-0.048976
2024-09-12,159915ETF,Spot ETF,ew,0.919,0.8,0.5787,1,-0.011719,-0.007482,0.000926,-0.008408,-0.057384
2024-09-13,159915ETF,Spot ETF,ew,-0.3477,0.8,0.0,0,-0.009878,0.0,0.0,0.0,-0.057384
2024-09-18,159915ETF,Spot ETF,ew,0.0159,0.8,0.0,0,0.001329,0.0,0.0,0.0,-0.057384
2024-09-19,159915ETF,Spot ETF,ew,-0.9651,0.8,0.0,0,0.008589,0.0,0.0,0.0,-0.057384
2024-09-20,159915ETF,Spot ETF,ew,-1.2646,0.8,0.0,0,0.0,0.0,0.0,0.0,-0.057384
2024-09-23,159915ETF,Spot ETF,ew,0.5161,0.8,0.0,0,-0.009937,0.0,0.0,0.0,-0.057384
2024-09-24,159915ETF,Spot ETF,ew,0.3532,0.8,0.0,0,0.044711,0.0,0.0,0.0,-0.057384
2024-09-25,159915ETF,Spot ETF,ew,0.2003,0.8,0.0,0,-0.013564,0.0,0.0,0.0,-0.057384
2024-09-26,159915ETF,Spot ETF,ew,-0.5753,0.8,0.0,0,0.03477,0.0,0.0,0.0,-0.057384
2024-09-27,159915ETF,Spot ETF,ew,1.8981,0.8,1.0,1,0.0415,0.040322,0.0016,0.038722,-0.018662
2024-09-30,159915ETF,Spot ETF,ew,1.2845,0.8,1.0,1,0.087559,0.11007,0.0016,0.10847,0.089808
2024-10-08,159915ETF,Spot ETF,ew,-1.3675,0.8,0.0,0,0.008449,0.0,0.0,0.0,0.089808
2024-10-09,159915ETF,Spot ETF,ew,-0.5072,0.8,0.0,0,-0.029751,0.0,0.0,0.0,0.089808
2024-10-10,159915ETF,Spot ETF,ew,0.2406,0.8,0.0,0,-0.001361,0.0,0.0,0.0,0.089808
2024-10-11,159915ETF,Spot ETF,ew,-0.7769,0.8,0.0,0,-0.025159,0.0,0.0,0.0,0.089808
2024-10-14,159915ETF,Spot ETF,ew,-0.0418,0.8,0.0,0,0.028497,0.0,0.0,0.0,0.089808
2024-10-15,159915ETF,Spot ETF,ew,-0.6865,0.8,0.0,0,-0.015319,0.0,0.0,0.0,0.089808
2024-10-16,159915ETF,Spot ETF,ew,0.397,0.8,0.0,0,-0.014417,0.0,0.0,0.0,0.089808
2024-10-17,159915ETF,Spot ETF,ew,0.6392,0.8,0.0,0,-0.013875,0.0,0.0,0.0,0.089808
2024-10-18,159915ETF,Spot ETF,ew,0.833,0.8,0.506,1,0.116504,0.061391,0.00081,0.060582,0.15039
2024-10-21,159915ETF,Spot ETF,ew,0.9792,0.8,0.6785,1,0.012503,0.011057,0.001086,0.009972,0.160362
2024-10-22,159915ETF,Spot ETF,ew,0.0561,0.8,0.0,0,0.000924,0.0,0.0,0.0,0.160362
2024-10-23,159915ETF,Spot ETF,ew,-0.6976,0.8,0.0,0,-0.000462,0.0,0.0,0.0,0.160362
2024-10-24,159915ETF,Spot ETF,ew,0.0061,0.8,0.0,0,-0.002808,0.0,0.0,0.0,0.160362
2024-10-25,159915ETF,Spot ETF,ew,0.1485,0.8,0.0,0,0.025295,0.0,0.0,0.0,0.160362
2024-10-28,159915ETF,Spot ETF,ew,-0.9981,0.8,0.0,0,0.003678,0.0,0.0,0.0,0.160362
2024-10-29,159915ETF,Spot ETF,ew,-0.4868,0.8,0.0,0,-0.011593,0.0,0.0,0.0,0.160362
2024-10-30,159915ETF,Spot ETF,ew,0.5932,0.8,0.0,0,-0.01227,0.0,0.0,0.0,0.160362
2024-10-31,159915ETF,Spot ETF,ew,-0.6633,0.8,0.0,0,0.010857,0.0,0.0,0.0,0.160362
2024-11-01,159915ETF,Spot ETF,ew,-0.3996,0.8,0.0,0,-0.009969,0.0,0.0,0.0,0.160362
2024-11-04,159915ETF,Spot ETF,ew,1.8397,0.8,1.0,1,0.00424,0.002829,0.0016,0.001229,0.161591
2024-11-05,159915ETF,Spot ETF,ew,0.04,0.8,0.0,0,0.030772,0.0,0.0,0.0,0.161591
2024-11-06,159915ETF,Spot ETF,ew,1.1238,0.8,1.0,1,-0.016405,-0.008396,0.0016,-0.009996,0.151595
2024-11-07,159915ETF,Spot ETF,ew,0.0223,0.8,0.0,0,0.025262,0.0,0.0,0.0,0.151595
2024-11-08,159915ETF,Spot ETF,ew,-0.2659,0.8,0.0,0,-0.016887,0.0,0.0,0.0,0.151595
2024-11-11,159915ETF,Spot ETF,ew,1.326,0.8,1.0,1,0.016394,0.016087,0.0016,0.014487,0.166082
2024-11-12,159915ETF,Spot ETF,ew,1.2739,0.8,1.0,1,-0.030472,-0.021899,0.0016,-0.023499,0.142583
2024-11-13,159915ETF,Spot ETF,ew,-0.133,0.8,0.0,0,0.012354,0.0,0.0,0.0,0.142583
2024-11-14,159915ETF,Spot ETF,ew,-0.3135,0.8,0.0,0,-0.025296,0.0,0.0,0.0,0.142583
2024-11-15,159915ETF,Spot ETF,ew,-0.2746,0.8,0.0,0,-0.017369,0.0,0.0,0.0,0.142583
2024-11-18,159915ETF,Spot ETF,ew,-0.9266,0.8,0.0,0,-0.010195,0.0,0.0,0.0,0.142583
2024-11-19,159915ETF,Spot ETF,ew,1.2262,0.8,1.0,1,0.019223,0.017997,0.0016,0.016397,0.15898
2024-11-20,159915ETF,Spot ETF,ew,0.3437,0.8,0.0,0,0.00858,0.0,0.0,0.0,0.15898
2024-11-21,159915ETF,Spot ETF,ew,0.1495,0.8,0.0,0,-0.001351,0.0,0.0,0.0,0.15898
2024-11-22,159915ETF,Spot ETF,ew,0.2083,0.8,0.0,0,-0.021929,0.0,0.0,0.0,0.15898
2024-11-25,159915ETF,Spot ETF,ew,-0.113,0.8,0.0,0,-0.000944,0.0,0.0,0.0,0.15898
2024-11-26,159915ETF,Spot ETF,ew,0.7929,0.8,0.0,0,-0.009899,0.0,0.0,0.0,0.15898
2024-11-27,159915ETF,Spot ETF,ew,-0.4472,0.8,0.0,0,0.032991,0.0,0.0,0.0,0.15898
2024-11-28,159915ETF,Spot ETF,ew,-0.4639,0.8,0.0,0,-0.007004,0.0,0.0,0.0,0.15898
2024-11-29,159915ETF,Spot ETF,ew,0.9977,0.8,0.7171,1,0.025458,0.018147,0.001147,0.017,0.17598
2024-12-02,159915ETF,Spot ETF,ew,1.3301,0.8,1.0,1,-0.001814,-0.002264,0.0016,-0.003864,0.172116
2024-12-03,159915ETF,Spot ETF,ew,-0.898,0.8,0.0,0,0.003635,0.0,0.0,0.0,0.172116
2024-12-04,159915ETF,Spot ETF,ew,-0.5259,0.8,0.0,0,-0.006428,0.0,0.0,0.0,0.172116
2024-12-05,159915ETF,Spot ETF,ew,0.6118,0.8,0.0,0,-0.000461,0.0,0.0,0.0,0.172116
2024-12-06,159915ETF,Spot ETF,ew,0.1475,0.8,0.0,0,0.025893,0.0,0.0,0.0,0.172116
2024-12-09,159915ETF,Spot ETF,ew,0.1177,0.8,0.0,0,-0.001358,0.0,0.0,0.0,0.172116
2024-12-10,159915ETF,Spot ETF,ew,-1.5493,0.8,0.0,0,-0.013818,0.0,0.0,0.0,0.172116
2024-12-11,159915ETF,Spot ETF,ew,0.2735,0.8,0.0,0,-0.000902,0.0,0.0,0.0,0.172116
2024-12-12,159915ETF,Spot ETF,ew,0.4823,0.8,0.0,0,0.010753,0.0,0.0,0.0,0.172116
2024-12-13,159915ETF,Spot ETF,ew,-1.0316,0.8,0.0,0,-0.005437,0.0,0.0,0.0,0.172116
2024-12-16,159915ETF,Spot ETF,ew,-1.1199,0.8,0.0,0,-0.010626,0.0,0.0,0.0,0.172116
2024-12-17,159915ETF,Spot ETF,ew,1.3647,0.8,1.0,1,-0.01244,-0.012363,0.0016,-0.013963,0.158153
2024-12-18,159915ETF,Spot ETF,ew,-0.7172,0.8,0.0,0,-0.00139,0.0,0.0,0.0,0.158153
2024-12-19,159915ETF,Spot ETF,ew,-0.0033,0.8,0.0,0,0.006933,0.0,0.0,0.0,0.158153
2024-12-20,159915ETF,Spot ETF,ew,-0.0526,0.8,0.0,0,-0.001845,0.0,0.0,0.0,0.158153
2024-12-23,159915ETF,Spot ETF,ew,0.6918,0.8,0.0,0,-0.00972,0.0,0.0,0.0,0.158153
2024-12-24,159915ETF,Spot ETF,ew,1.0051,0.8,0.7338,1,-0.002776,-0.002372,0.001174,-0.003547,0.154606
2024-12-25,159915ETF,Spot ETF,ew,-0.8098,0.8,0.0,0,-0.007404,0.0,0.0,0.0,0.154606
2024-12-26,159915ETF,Spot ETF,ew,0.1162,0.8,0.0,0,0.00277,0.0,0.0,0.0,0.154606
2024-12-27,159915ETF,Spot ETF,ew,-0.6121,0.8,0.0,0,0.000925,0.0,0.0,0.0,0.154606
2024-12-30,159915ETF,Spot ETF,ew,0.4321,0.8,0.0,0,0.0,0.0,0.0,0.0,0.154606
2024-12-31,159915ETF,Spot ETF,ew,-0.54,0.8,0.0,0,-0.015031,0.0,0.0,0.0,0.154606
2025-01-02,159915ETF,Spot ETF,ew,-1.3682,0.8,0.0,0,-0.026459,0.0,0.0,0.0,0.154606
2025-01-03,159915ETF,Spot ETF,ew,-0.6778,0.8,0.0,0,-0.012528,0.0,0.0,0.0,0.154606
2025-01-06,159915ETF,Spot ETF,ew,0.2487,0.8,0.0,0,-0.004067,0.0,0.0,0.0,0.154606
2025-01-07,159915ETF,Spot ETF,ew,0.0918,0.8,0.0,0,0.007081,0.0,0.0,0.0,0.154606
2025-01-08,159915ETF,Spot ETF,ew,-0.8878,0.8,0.0,0,0.004579,0.0,0.0,0.0,0.154606
2025-01-09,159915ETF,Spot ETF,ew,0.6104,0.8,0.0,0,0.004558,0.0,0.0,0.0,0.154606
2025-01-10,159915ETF,Spot ETF,ew,0.0069,0.8,0.0,0,-0.008667,0.0,0.0,0.0,0.154606
2025-01-13,159915ETF,Spot ETF,ew,0.6992,0.8,0.0,0,-0.004117,0.0,0.0,0.0,0.154606
2025-01-14,159915ETF,Spot ETF,ew,0.4948,0.8,0.0,0,0.022529,0.0,0.0,0.0,0.154606
2025-01-15,159915ETF,Spot ETF,ew,-1.4037,0.8,0.0,0,-0.004998,0.0,0.0,0.0,0.154606
2025-01-16,159915ETF,Spot ETF,ew,1.5434,0.8,1.0,1,-0.006951,-0.008399,0.0016,-0.009999,0.144607
2025-01-17,159915ETF,Spot ETF,ew,0.4217,0.8,0.0,0,0.009921,0.0,0.0,0.0,0.144607
2025-01-20,159915ETF,Spot ETF,ew,1.2569,0.8,1.0,1,-0.005331,-0.004354,0.0016,-0.005954,0.138653
2025-01-21,159915ETF,Spot ETF,ew,-1.0542,0.8,0.0,0,0.006315,0.0,0.0,0.0,0.138653
2025-01-22,159915ETF,Spot ETF,ew,-0.484,0.8,0.0,0,0.001463,0.0,0.0,0.0,0.138653
2025-01-23,159915ETF,Spot ETF,ew,0.2813,0.8,0.0,0,-0.014929,0.0,0.0,0.0,0.138653
2025-01-24,159915ETF,Spot ETF,ew,0.9027,0.8,0.5586,1,0.006261,0.00378,0.000894,0.002886,0.141539
2025-01-27,159915ETF,Spot ETF,ew,-0.845,0.8,0.0,0,-0.007319,0.0,0.0,0.0,0.141539
2025-02-05,159915ETF,Spot ETF,ew,-1.1319,0.8,0.0,0,-0.000988,0.0,0.0,0.0,0.141539
2025-02-06,159915ETF,Spot ETF,ew,0.4972,0.8,0.0,0,0.021433,0.0,0.0,0.0,0.141539
2025-02-07,159915ETF,Spot ETF,ew,0.1852,0.8,0.0,0,0.007094,0.0,0.0,0.0,0.141539
2025-02-10,159915ETF,Spot ETF,ew,-0.9509,0.8,0.0,0,0.001874,0.0,0.0,0.0,0.141539
2025-02-11,159915ETF,Spot ETF,ew,-1.5567,0.8,0.0,0,-0.000945,0.0,0.0,0.0,0.141539
2025-02-12,159915ETF,Spot ETF,ew,0.2718,0.8,0.0,0,0.00565,0.0,0.0,0.0,0.141539
2025-02-13,159915ETF,Spot ETF,ew,-0.2006,0.8,0.0,0,-0.003261,0.0,0.0,0.0,0.141539
2025-02-14,159915ETF,Spot ETF,ew,1.2114,0.8,1.0,1,0.012043,0.012587,0.0016,0.010987,0.152526
2025-02-17,159915ETF,Spot ETF,ew,-0.5713,0.8,0.0,0,-0.001374,0.0,0.0,0.0,0.152526
2025-02-18,159915ETF,Spot ETF,ew,-0.1759,0.8,0.0,0,-0.021317,0.0,0.0,0.0,0.152526
2025-02-19,159915ETF,Spot ETF,ew,0.315,0.8,0.0,0,0.013386,0.0,0.0,0.0,0.152526
2025-02-20,159915ETF,Spot ETF,ew,-0.2349,0.8,0.0,0,0.004581,0.0,0.0,0.0,0.152526
2025-02-21,159915ETF,Spot ETF,ew,0.6607,0.8,0.0,0,0.022574,0.0,0.0,0.0,0.152526
2025-02-24,159915ETF,Spot ETF,ew,-0.6813,0.8,0.0,0,-0.00225,0.0,0.0,0.0,0.152526
2025-02-25,159915ETF,Spot ETF,ew,-0.7706,0.8,0.0,0,-0.00091,0.0,0.0,0.0,0.152526
2025-02-26,159915ETF,Spot ETF,ew,-0.3784,0.8,0.0,0,0.004974,0.0,0.0,0.0,0.152526
2025-02-27,159915ETF,Spot ETF,ew,0.2326,0.8,0.0,0,-0.002711,0.0,0.0,0.0,0.152526
2025-02-28,159915ETF,Spot ETF,ew,-1.0056,0.8,0.0,0,-0.020907,0.0,0.0,0.0,0.152526
2025-03-03,159915ETF,Spot ETF,ew,-0.1104,0.8,0.0,0,-0.006972,0.0,0.0,0.0,0.152526
2025-03-04,159915ETF,Spot ETF,ew,-0.7745,0.8,0.0,0,0.006536,0.0,0.0,0.0,0.152526
2025-03-05,159915ETF,Spot ETF,ew,0.0794,0.8,0.0,0,0.002335,0.0,0.0,0.0,0.152526
2025-03-06,159915ETF,Spot ETF,ew,0.3693,0.8,0.0,0,0.009141,0.0,0.0,0.0,0.152526
2025-03-07,159915ETF,Spot ETF,ew,-0.8219,0.8,0.0,0,-0.004632,0.0,0.0,0.0,0.152526
2025-03-10,159915ETF,Spot ETF,ew,-0.477,0.8,0.0,0,0.001855,0.0,0.0,0.0,0.152526
2025-03-11,159915ETF,Spot ETF,ew,-0.0294,0.8,0.0,0,-0.000465,0.0,0.0,0.0,0.152526
2025-03-12,159915ETF,Spot ETF,ew,-0.9386,0.8,0.0,0,-0.002314,0.0,0.0,0.0,0.152526
2025-03-13,159915ETF,Spot ETF,ew,0.0639,0.8,0.0,0,-0.003749,0.0,0.0,0.0,0.152526
2025-03-14,159915ETF,Spot ETF,ew,1.3289,0.8,1.0,1,0.015697,0.013934,0.0016,0.012334,0.16486
2025-03-17,159915ETF,Spot ETF,ew,-0.1934,0.8,0.0,0,-0.00138,0.0,0.0,0.0,0.16486
2025-03-18,159915ETF,Spot ETF,ew,0.4826,0.8,0.0,0,-0.002285,0.0,0.0,0.0,0.16486
2025-03-19,159915ETF,Spot ETF,ew,-0.4639,0.8,0.0,0,0.003221,0.0,0.0,0.0,0.16486
2025-03-20,159915ETF,Spot ETF,ew,-0.9591,0.8,0.0,0,-0.001848,0.0,0.0,0.0,0.16486
2025-03-21,159915ETF,Spot ETF,ew,0.066,0.8,0.0,0,-0.014996,0.0,0.0,0.0,0.16486
2025-03-24,159915ETF,Spot ETF,ew,0.037,0.8,0.0,0,-0.004751,0.0,0.0,0.0,0.16486
2025-03-25,159915ETF,Spot ETF,ew,0.2796,0.8,0.0,0,-0.003793,0.0,0.0,0.0,0.16486
2025-03-26,159915ETF,Spot ETF,ew,0.7047,0.8,0.0,0,-0.006648,0.0,0.0,0.0,0.16486
2025-03-27,159915ETF,Spot ETF,ew,-0.8718,0.8,0.0,0,0.005242,0.0,0.0,0.0,0.16486
2025-03-28,159915ETF,Spot ETF,ew,0.3345,0.8,0.0,0,-0.004295,0.0,0.0,0.0,0.16486
2025-03-31,159915ETF,Spot ETF,ew,-0.5736,0.8,0.0,0,-0.00676,0.0,0.0,0.0,0.16486
2025-04-01,159915ETF,Spot ETF,ew,-0.0692,0.8,0.0,0,-0.003868,0.0,0.0,0.0,0.16486
2025-04-02,159915ETF,Spot ETF,ew,0.4058,0.8,0.0,0,-0.004357,0.0,0.0,0.0,0.16486
2025-04-03,159915ETF,Spot ETF,ew,-0.0223,0.8,0.0,0,-0.008352,0.0,0.0,0.0,0.16486
2025-04-07,159915ETF,Spot ETF,ew,-2.7453,0.8,-1.0,1,-0.043053,0.046652,0.0016,0.045052,0.209912
2025-04-08,159915ETF,Spot ETF,ew,1.0788,0.8,0.9317,1,-0.013901,-0.010828,0.001491,-0.012318,0.197594
2025-04-09,159915ETF,Spot ETF,ew,-1.1408,0.8,0.0,0,0.019814,0.0,0.0,0.0,0.197594
2025-04-10,159915ETF,Spot ETF,ew,-0.2921,0.8,0.0,0,-0.01695,0.0,0.0,0.0,0.197594
2025-04-11,159915ETF,Spot ETF,ew,0.3249,0.8,0.0,0,0.01383,0.0,0.0,0.0,0.197594
2025-04-14,159915ETF,Spot ETF,ew,-0.7449,0.8,0.0,0,-0.004208,0.0,0.0,0.0,0.197594
2025-04-15,159915ETF,Spot ETF,ew,-0.4236,0.8,0.0,0,0.0,0.0,0.0,0.0,0.197594
2025-04-16,159915ETF,Spot ETF,ew,-0.9348,0.8,0.0,0,-0.009118,0.0,0.0,0.0,0.197594
2025-04-17,159915ETF,Spot ETF,ew,0.7755,0.8,0.0,0,-0.002128,0.0,0.0,0.0,0.197594
2025-04-18,159915ETF,Spot ETF,ew,0.0979,0.8,0.0,0,0.00374,0.0,0.0,0.0,0.197594
2025-04-21,159915ETF,Spot ETF,ew,0.6695,0.8,0.0,0,0.010538,0.0,0.0,0.0,0.197594
2025-04-22,159915ETF,Spot ETF,ew,-0.6821,0.8,0.0,0,0.000526,0.0,0.0,0.0,0.197594
2025-04-23,159915ETF,Spot ETF,ew,0.3069,0.8,0.0,0,0.002084,0.0,0.0,0.0,0.197594
2025-04-24,159915ETF,Spot ETF,ew,-0.4118,0.8,0.0,0,-0.006263,0.0,0.0,0.0,0.197594
2025-04-25,159915ETF,Spot ETF,ew,0.6775,0.8,0.0,0,0.002086,0.0,0.0,0.0,0.197594
2025-04-28,159915ETF,Spot ETF,ew,-1.1526,0.8,0.0,0,0.0,0.0,0.0,0.0,0.197594
2025-04-29,159915ETF,Spot ETF,ew,-0.0247,0.8,0.0,0,0.001577,0.0,0.0,0.0,0.197594
2025-04-30,159915ETF,Spot ETF,ew,0.9394,0.8,0.608,1,0.001563,0.001269,0.000973,0.000296,0.19789
2025-05-06,159915ETF,Spot ETF,ew,0.766,0.8,0.0,0,0.003079,0.0,0.0,0.0,0.19789
2025-05-07,159915ETF,Spot ETF,ew,-0.5943,0.8,0.0,0,-0.008636,0.0,0.0,0.0,0.19789
2025-05-08,159915ETF,Spot ETF,ew,1.3559,0.8,1.0,1,0.00551,0.006536,0.0016,0.004936,0.202826
2025-05-09,159915ETF,Spot ETF,ew,-0.9969,0.8,0.0,0,-0.001509,0.0,0.0,0.0,0.202826
2025-05-12,159915ETF,Spot ETF,ew,0.3592,0.8,0.0,0,0.006431,0.0,0.0,0.0,0.202826
2025-05-13,159915ETF,Spot ETF,ew,-1.1709,0.8,0.0,0,-0.005391,0.0,0.0,0.0,0.202826
2025-05-14,159915ETF,Spot ETF,ew,0.0768,0.8,0.0,0,0.010292,0.0,0.0,0.0,0.202826
2025-05-15,159915ETF,Spot ETF,ew,-1.3362,0.8,0.0,0,-0.004454,0.0,0.0,0.0,0.202826
2025-05-16,159915ETF,Spot ETF,ew,0.4669,0.8,0.0,0,-0.003972,0.0,0.0,0.0,0.202826
2025-05-19,159915ETF,Spot ETF,ew,-0.9897,0.8,0.0,0,0.006009,0.0,0.0,0.0,0.202826
2025-05-20,159915ETF,Spot ETF,ew,-0.8274,0.8,0.0,0,0.007948,0.0,0.0,0.0,0.202826
2025-05-21,159915ETF,Spot ETF,ew,0.7514,0.8,0.0,0,0.002954,0.0,0.0,0.0,0.202826
2025-05-22,159915ETF,Spot ETF,ew,-0.9698,0.8,0.0,0,-0.003459,0.0,0.0,0.0,0.202826
2025-05-23,159915ETF,Spot ETF,ew,0.6923,0.8,0.0,0,-0.011952,0.0,0.0,0.0,0.202826
2025-05-26,159915ETF,Spot ETF,ew,-0.4007,0.8,0.0,0,-0.00253,0.0,0.0,0.0,0.202826
2025-05-27,159915ETF,Spot ETF,ew,-0.8585,0.8,0.0,0,-0.001017,0.0,0.0,0.0,0.202826
2025-05-28,159915ETF,Spot ETF,ew,-0.0936,0.8,0.0,0,-0.006098,0.0,0.0,0.0,0.202826
2025-05-29,159915ETF,Spot ETF,ew,0.4794,0.8,0.0,0,0.00252,0.0,0.0,0.0,0.202826
2025-05-30,159915ETF,Spot ETF,ew,-0.7061,0.8,0.0,0,0.001522,0.0,0.0,0.0,0.202826
2025-06-03,159915ETF,Spot ETF,ew,1.0749,0.8,0.9197,1,-0.002522,-0.002779,0.001472,-0.00425,0.198576
2025-06-04,159915ETF,Spot ETF,ew,1.0205,0.8,0.7701,1,0.002002,0.00193,0.001232,0.000698,0.199274
2025-06-05,159915ETF,Spot ETF,ew,-0.8702,0.8,0.0,0,0.012429,0.0,0.0,0.0,0.199274
2025-06-06,159915ETF,Spot ETF,ew,-0.527,0.8,0.0,0,-0.000496,0.0,0.0,0.0,0.199274
2025-06-09,159915ETF,Spot ETF,ew,1.1676,0.8,1.0,1,-0.001472,-0.001961,0.0016,-0.003561,0.195713
2025-06-10,159915ETF,Spot ETF,ew,-0.122,0.8,0.0,0,-0.010373,0.0,0.0,0.0,0.195713
2025-06-11,159915ETF,Spot ETF,ew,1.6511,0.8,1.0,1,-0.003422,-0.003416,0.0016,-0.005016,0.190696
2025-06-12,159915ETF,Spot ETF,ew,0.2387,0.8,0.0,0,0.0,0.0,0.0,0.0,0.190696
2025-06-13,159915ETF,Spot ETF,ew,0.3433,0.8,0.0,0,-0.003947,0.0,0.0,0.0,0.190696
2025-06-16,159915ETF,Spot ETF,ew,0.9542,0.8,0.6321,1,0.000492,0.0,0.001011,-0.001011,0.189685
2025-06-17,159915ETF,Spot ETF,ew,-0.6031,0.8,0.0,0,-0.005415,0.0,0.0,0.0,0.189685
2025-06-18,159915ETF,Spot ETF,ew,0.2009,0.8,0.0,0,0.004439,0.0,0.0,0.0,0.189685
2025-06-19,159915ETF,Spot ETF,ew,0.3049,0.8,0.0,0,-0.014874,0.0,0.0,0.0,0.189685
2025-06-20,159915ETF,Spot ETF,ew,0.2627,0.8,0.0,0,-0.005515,0.0,0.0,0.0,0.189685
2025-06-23,159915ETF,Spot ETF,ew,0.3192,0.8,0.0,0,0.00401,0.0,0.0,0.0,0.189685
2025-06-24,159915ETF,Spot ETF,ew,1.8075,0.8,1.0,1,0.007369,0.007893,0.0016,0.006293,0.195979
2025-06-25,159915ETF,Spot ETF,ew,1.3242,0.8,1.0,1,0.017742,0.018393,0.0016,0.016793,0.212772
2025-06-26,159915ETF,Spot ETF,ew,0.0553,0.8,0.0,0,-0.010924,0.0,0.0,0.0,0.212772
2025-06-27,159915ETF,Spot ETF,ew,-0.3685,0.8,0.0,0,-0.004746,0.0,0.0,0.0,0.212772
2025-06-30,159915ETF,Spot ETF,ew,0.4911,0.8,0.0,0,0.005183,0.0,0.0,0.0,0.212772
2025-07-01,159915ETF,Spot ETF,ew,-0.921,0.8,0.0,0,0.000471,0.0,0.0,0.0,0.212772
2025-07-02,159915ETF,Spot ETF,ew,-1.1138,0.8,0.0,0,-0.002374,0.0,0.0,0.0,0.212772
2025-07-03,159915ETF,Spot ETF,ew,0.9983,0.8,0.7185,1,0.010786,0.008134,0.00115,0.006984,0.219756
2025-07-04,159915ETF,Spot ETF,ew,-0.9043,0.8,0.0,0,0.000468,0.0,0.0,0.0,0.219756
2025-07-07,159915ETF,Spot ETF,ew,-0.935,0.8,0.0,0,0.000948,0.0,0.0,0.0,0.219756
2025-07-08,159915ETF,Spot ETF,ew,1.4678,0.8,1.0,1,0.012579,0.012658,0.0016,0.011058,0.230814
2025-07-09,159915ETF,Spot ETF,ew,0.6797,0.8,0.0,0,-0.002306,0.0,0.0,0.0,0.230814
2025-07-10,159915ETF,Spot ETF,ew,-0.3755,0.8,0.0,0,0.001385,0.0,0.0,0.0,0.230814
2025-07-11,159915ETF,Spot ETF,ew,-0.4049,0.8,0.0,0,0.007789,0.0,0.0,0.0,0.230814
2025-07-14,159915ETF,Spot ETF,ew,-1.0904,0.8,0.0,0,0.002297,0.0,0.0,0.0,0.230814
2025-07-15,159915ETF,Spot ETF,ew,1.8872,0.8,1.0,1,-0.001805,-0.001353,0.0016,-0.002953,0.227861
2025-07-16,159915ETF,Spot ETF,ew,-0.2878,0.8,0.0,0,-0.012154,0.0,0.0,0.0,0.227861
2025-07-17,159915ETF,Spot ETF,ew,0.936,0.8,0.6028,1,0.009402,0.006242,0.000964,0.005278,0.233138
2025-07-18,159915ETF,Spot ETF,ew,1.0633,0.8,0.8851,1,-0.005761,-0.005473,0.001416,-0.006889,0.226249
2025-07-21,159915ETF,Spot ETF,ew,0.3777,0.8,0.0,0,0.004851,0.0,0.0,0.0,0.226249
2025-07-22,159915ETF,Spot ETF,ew,0.8033,0.8,0.5001,1,-0.002188,-0.000219,0.0008,-0.001019,0.22523
2025-07-23,159915ETF,Spot ETF,ew,0.6866,0.8,0.0,0,-0.003487,0.0,0.0,0.0,0.22523
2025-07-24,159915ETF,Spot ETF,ew,0.952,0.8,0.6284,1,0.006926,0.004093,0.001005,0.003088,0.228318
2025-07-25,159915ETF,Spot ETF,ew,-0.7125,0.8,0.0,0,-0.002588,0.0,0.0,0.0,0.228318
2025-07-28,159915ETF,Spot ETF,ew,-0.1678,0.8,0.0,0,0.002996,0.0,0.0,0.0,0.228318
2025-07-29,159915ETF,Spot ETF,ew,0.761,0.8,0.0,0,0.017407,0.0,0.0,0.0,0.228318
2025-07-30,159915ETF,Spot ETF,ew,-0.9206,0.8,0.0,0,-0.006785,0.0,0.0,0.0,0.228318
2025-07-31,159915ETF,Spot ETF,ew,-0.2199,0.8,0.0,0,-0.020637,0.0,0.0,0.0,0.228318
2025-08-01,159915ETF,Spot ETF,ew,0.9371,0.8,0.6044,1,-0.00692,-0.00365,0.000967,-0.004617,0.2237
2025-08-04,159915ETF,Spot ETF,ew,-0.2258,0.8,0.0,0,0.007826,0.0,0.0,0.0,0.2237
2025-08-05,159915ETF,Spot ETF,ew,-0.8196,0.8,0.0,0,0.002159,0.0,0.0,0.0,0.2237
2025-08-06,159915ETF,Spot ETF,ew,0.4211,0.8,0.0,0,0.003862,0.0,0.0,0.0,0.2237
2025-08-07,159915ETF,Spot ETF,ew,0.5081,0.8,0.0,0,-0.005152,0.0,0.0,0.0,0.2237
2025-08-08,159915ETF,Spot ETF,ew,-0.715,0.8,0.0,0,0.001298,0.0,0.0,0.0,0.2237
2025-08-11,159915ETF,Spot ETF,ew,1.7719,0.8,1.0,1,0.003827,0.002553,0.0016,0.000953,0.224653
2025-08-12,159915ETF,Spot ETF,ew,-0.5034,0.8,0.0,0,0.00674,0.0,0.0,0.0,0.224653
2025-08-13,159915ETF,Spot ETF,ew,1.1695,0.8,1.0,1,0.019737,0.019934,0.0016,0.018334,0.242987
2025-08-14,159915ETF,Spot ETF,ew,-0.5025,0.8,0.0,0,-0.002029,0.0,0.0,0.0,0.242987
2025-08-15,159915ETF,Spot ETF,ew,1.1557,0.8,1.0,1,0.014099,0.01461,0.0016,0.01301,0.255997
2025-08-18,159915ETF,Spot ETF,ew,0.3439,0.8,0.0,0,0.011326,0.0,0.0,0.0,0.255997
2025-08-19,159915ETF,Spot ETF,ew,1.2607,0.8,1.0,1,-0.006974,-0.010008,0.0016,-0.011608,0.24439
2025-08-20,159915ETF,Spot ETF,ew,-1.5174,0.8,0.0,0,0.010144,0.0,0.0,0.0,0.24439
2025-08-21,159915ETF,Spot ETF,ew,-0.1009,0.8,0.0,0,-0.00039,0.0,0.0,0.0,0.24439
2025-08-22,159915ETF,Spot ETF,ew,1.6343,0.8,1.0,1,0.020933,0.021547,0.0016,0.019947,0.264336
2025-08-25,159915ETF,Spot ETF,ew,0.9479,0.8,0.6215,1,0.015149,0.002199,0.000994,0.001205,0.265541
2025-08-26,159915ETF,Spot ETF,ew,-0.5836,0.8,0.0,0,-0.001098,0.0,0.0,0.0,0.265541
2025-08-27,159915ETF,Spot ETF,ew,1.0901,0.8,0.9677,1,0.006574,0.002813,0.001548,0.001265,0.266806
2025-08-28,159915ETF,Spot ETF,ew,1.0874,0.8,0.9588,1,0.024106,-0.00177,0.001534,-0.003304,0.263502
2025-08-29,159915ETF,Spot ETF,ew,-0.3326,0.8,0.0,0,0.015848,0.0,0.0,0.0,0.263502
2025-09-01,159915ETF,Spot ETF,ew,0.7199,0.8,0.0,0,0.017932,0.0,0.0,0.0,0.263502
2025-09-02,159915ETF,Spot ETF,ew,0.7614,0.8,0.0,0,-0.028494,0.0,0.0,0.0,0.263502
2025-09-03,159915ETF,Spot ETF,ew,1.0076,0.8,0.7394,1,0.009025,0.007485,0.001183,0.006301,0.269803
2025-09-04,159915ETF,Spot ETF,ew,0.4069,0.8,0.0,0,-0.044596,0.0,0.0,0.0,0.269803
2025-09-05,159915ETF,Spot ETF,ew,0.4156,0.8,0.0,0,0.034492,0.0,0.0,0.0,0.269803
2025-09-08,159915ETF,Spot ETF,ew,-1.0416,0.8,0.0,0,0.0,0.0,0.0,0.0,0.269803
2025-09-09,159915ETF,Spot ETF,ew,-0.1497,0.8,0.0,0,-0.020929,0.0,0.0,0.0,0.269803
2025-09-10,159915ETF,Spot ETF,ew,1.427,0.8,1.0,1,0.003473,0.001041,0.0016,-0.000559,0.269245
2025-09-11,159915ETF,Spot ETF,ew,-0.0122,0.8,0.0,0,0.035423,0.0,0.0,0.0,0.269245
2025-09-12,159915ETF,Spot ETF,ew,-0.134,0.8,0.0,0,-0.007294,0.0,0.0,0.0,0.269245
2025-09-15,159915ETF,Spot ETF,ew,1.1378,0.8,1.0,1,-0.002622,-0.001965,0.0016,-0.003565,0.265679
2025-09-16,159915ETF,Spot ETF,ew,0.3578,0.8,0.0,0,-0.001312,0.0,0.0,0.0,0.265679
2025-09-17,159915ETF,Spot ETF,ew,0.0846,0.8,0.0,0,0.01325,0.0,0.0,0.0,0.265679
2025-09-18,159915ETF,Spot ETF,ew,-0.722,0.8,0.0,0,-0.013964,0.0,0.0,0.0,0.265679
2025-09-19,159915ETF,Spot ETF,ew,0.3375,0.8,0.0,0,-0.002597,0.0,0.0,0.0,0.265679
2025-09-22,159915ETF,Spot ETF,ew,-1.1764,0.8,0.0,0,0.013748,0.0,0.0,0.0,0.265679
2025-09-23,159915ETF,Spot ETF,ew,0.5891,0.8,0.0,0,-0.013936,0.0,0.0,0.0,0.265679
2025-09-24,159915ETF,Spot ETF,ew,0.3435,0.8,0.0,0,0.017955,0.0,0.0,0.0,0.265679
2025-09-25,159915ETF,Spot ETF,ew,0.321,0.8,0.0,0,0.021284,0.0,0.0,0.0,0.265679
2025-09-26,159915ETF,Spot ETF,ew,0.5194,0.8,0.0,0,-0.019915,0.0,0.0,0.0,0.265679
2025-09-29,159915ETF,Spot ETF,ew,1.5892,0.8,1.0,1,0.010334,0.012938,0.0016,0.011338,0.277017
2025-09-30,159915ETF,Spot ETF,ew,1.4614,0.8,1.0,1,-0.004957,-0.004944,0.0016,-0.006544,0.270473
2025-10-09,159915ETF,Spot ETF,ew,1.1265,0.8,1.0,1,0.004635,0.004024,0.0016,0.002424,0.272896
2025-10-10,159915ETF,Spot ETF,ew,-1.5006,0.8,0.0,0,-0.018255,0.0,0.0,0.0,0.272896
2025-10-13,159915ETF,Spot ETF,ew,-0.3417,0.8,0.0,0,0.009189,0.0,0.0,0.0,0.272896
2025-10-14,159915ETF,Spot ETF,ew,-0.5869,0.8,0.0,0,-0.041922,0.0,0.0,0.0,0.272896
2025-10-15,159915ETF,Spot ETF,ew,-0.9,0.8,0.0,0,0.02021,0.0,0.0,0.0,0.272896
2025-10-16,159915ETF,Spot ETF,ew,0.9757,0.8,0.6714,1,-0.006299,-0.005097,0.001074,-0.006171,0.266725
2025-10-17,159915ETF,Spot ETF,ew,-0.5842,0.8,0.0,0,-0.012262,0.0,0.0,0.0,0.266725
2025-10-20,159915ETF,Spot ETF,ew,-0.3485,0.8,0.0,0,-0.017129,0.0,0.0,0.0,0.266725
2025-10-21,159915ETF,Spot ETF,ew,-0.4013,0.8,0.0,0,0.012835,0.0,0.0,0.0,0.266725
2025-10-22,159915ETF,Spot ETF,ew,-0.2669,0.8,0.0,0,-0.001974,0.0,0.0,0.0,0.266725
2025-10-23,159915ETF,Spot ETF,ew,-0.7715,0.8,0.0,0,0.013633,0.0,0.0,0.0,0.266725
2025-10-24,159915ETF,Spot ETF,ew,0.637,0.8,0.0,0,0.021562,0.0,0.0,0.0,0.266725
2025-10-27,159915ETF,Spot ETF,ew,0.0048,0.8,0.0,0,0.006564,0.0,0.0,0.0,0.266725
2025-10-28,159915ETF,Spot ETF,ew,0.4518,0.8,0.0,0,-0.001865,0.0,0.0,0.0,0.266725
2025-10-29,159915ETF,Spot ETF,ew,1.0198,0.8,0.7683,1,0.011932,0.008983,0.001229,0.007754,0.274479
2025-10-30,159915ETF,Spot ETF,ew,-0.2449,0.8,0.0,0,-0.006425,0.0,0.0,0.0,0.274479
2025-10-31,159915ETF,Spot ETF,ew,-0.4622,0.8,0.0,0,-0.01656,0.0,0.0,0.0,0.274479
2025-11-03,159915ETF,Spot ETF,ew,-0.4923,0.8,0.0,0,0.011113,0.0,0.0,0.0,0.274479
2025-11-04,159915ETF,Spot ETF,ew,0.1687,0.8,0.0,0,-0.018238,0.0,0.0,0.0,0.274479
2025-11-05,159915ETF,Spot ETF,ew,-0.6762,0.8,0.0,0,0.024748,0.0,0.0,0.0,0.274479
2025-11-06,159915ETF,Spot ETF,ew,1.4273,0.8,1.0,1,0.012579,0.010739,0.0016,0.009139,0.283618
2025-11-07,159915ETF,Spot ETF,ew,-0.7224,0.8,0.0,0,0.006914,0.0,0.0,0.0,0.283618
2025-11-10,159915ETF,Spot ETF,ew,-0.1996,0.8,0.0,0,0.001904,0.0,0.0,0.0,0.283618
2025-11-11,159915ETF,Spot ETF,ew,0.6198,0.8,0.0,0,-0.014641,0.0,0.0,0.0,0.283618
2025-11-12,159915ETF,Spot ETF,ew,-0.9493,0.8,0.0,0,-0.000645,0.0,0.0,0.0,0.283618
2025-11-13,159915ETF,Spot ETF,ew,-0.1086,0.8,0.0,0,0.018752,0.0,0.0,0.0,0.283618
2025-11-14,159915ETF,Spot ETF,ew,-1.4525,0.8,0.0,0,-0.003201,0.0,0.0,0.0,0.283618
2025-11-17,159915ETF,Spot ETF,ew,0.5539,0.8,0.0,0,0.002277,0.0,0.0,0.0,0.283618
2025-11-18,159915ETF,Spot ETF,ew,0.3054,0.8,0.0,0,-0.007859,0.0,0.0,0.0,0.283618
2025-11-19,159915ETF,Spot ETF,ew,0.9424,0.8,0.6126,1,0.000979,0.002207,0.00098,0.001226,0.284845
2025-11-20,159915ETF,Spot ETF,ew,-0.7997,0.8,0.0,0,-0.014101,0.0,0.0,0.0,0.284845
2025-11-21,159915ETF,Spot ETF,ew,-1.5792,0.8,0.0,0,-0.011596,0.0,0.0,0.0,0.284845
2025-11-24,159915ETF,Spot ETF,ew,-0.3258,0.8,0.0,0,0.003772,0.0,0.0,0.0,0.284845
2025-11-25,159915ETF,Spot ETF,ew,0.0155,0.8,0.0,0,-0.003709,0.0,0.0,0.0,0.284845
2025-11-26,159915ETF,Spot ETF,ew,0.0043,0.8,0.0,0,0.008626,0.0,0.0,0.0,0.284845
2025-11-27,159915ETF,Spot ETF,ew,1.6503,0.8,1.0,1,-0.022289,-0.019329,0.0016,-0.020929,0.263915
2025-11-28,159915ETF,Spot ETF,ew,0.0951,0.8,0.0,0,0.011281,0.0,0.0,0.0,0.263915
2025-12-01,159915ETF,Spot ETF,ew,-0.2773,0.8,0.0,0,0.002943,0.0,0.0,0.0,0.263915
2025-12-02,159915ETF,Spot ETF,ew,-0.7213,0.8,0.0,0,-0.005564,0.0,0.0,0.0,0.263915
2025-12-03,159915ETF,Spot ETF,ew,0.9783,0.8,0.6766,1,-0.015453,-0.012312,0.001083,-0.013394,0.250521
2025-12-04,159915ETF,Spot ETF,ew,0.3256,0.8,0.0,0,0.014227,0.0,0.0,0.0,0.250521
2025-12-05,159915ETF,Spot ETF,ew,-0.9179,0.8,0.0,0,0.012062,0.0,0.0,0.0,0.250521
2025-12-08,159915ETF,Spot ETF,ew,1.6567,0.8,1.0,1,0.014909,0.015021,0.0016,0.013421,0.263942
2025-12-09,159915ETF,Spot ETF,ew,0.4937,0.8,0.0,0,-0.005014,0.0,0.0,0.0,0.263942
2025-12-10,159915ETF,Spot ETF,ew,-1.5079,0.8,0.0,0,0.018633,0.0,0.0,0.0,0.263942
2025-12-11,159915ETF,Spot ETF,ew,1.2103,0.8,1.0,1,-0.013763,-0.013362,0.0016,-0.014962,0.24898
2025-12-12,159915ETF,Spot ETF,ew,0.3463,0.8,0.0,0,0.011095,0.0,0.0,0.0,0.24898
2025-12-15,159915ETF,Spot ETF,ew,-0.2564,0.8,0.0,0,-0.0086,0.0,0.0,0.0,0.24898
2025-12-16,159915ETF,Spot ETF,ew,-0.5141,0.8,0.0,0,-0.009734,0.0,0.0,0.0,0.24898
2025-12-17,159915ETF,Spot ETF,ew,1.6439,0.8,1.0,1,0.0266,0.02629,0.0016,0.02469,0.27367
2025-12-18,159915ETF,Spot ETF,ew,-0.9348,0.8,0.0,0,-0.010905,0.0,0.0,0.0,0.27367
2025-12-19,159915ETF,Spot ETF,ew,-1.0079,0.8,0.0,0,0.000322,0.0,0.0,0.0,0.27367
2025-12-22,159915ETF,Spot ETF,ew,1.2945,0.8,1.0,1,0.002526,0.001579,0.0016,-2.1e-05,0.273649
2025-12-23,159915ETF,Spot ETF,ew,0.1141,0.8,0.0,0,-0.005022,0.0,0.0,0.0,0.273649
2025-12-24,159915ETF,Spot ETF,ew,-0.2751,0.8,0.0,0,0.007198,0.0,0.0,0.0,0.273649
2025-12-25,159915ETF,Spot ETF,ew,0.1825,0.8,0.0,0,0.009022,0.0,0.0,0.0,0.273649
2025-12-26,159915ETF,Spot ETF,ew,-0.1257,0.8,0.0,0,-0.001551,0.0,0.0,0.0,0.273649
2025-12-29,159915ETF,Spot ETF,ew,-0.2489,0.8,0.0,0,-0.003127,0.0,0.0,0.0,0.273649
2025-12-30,159915ETF,Spot ETF,ew,1.0093,0.8,0.7434,1,-0.000619,0.0,0.001189,-0.001189,0.27246
2025-12-31,159915ETF,Spot ETF,ew,-0.8712,0.8,0.0,0,-0.009369,0.0,0.0,0.0,0.27246
