date,etf,asset_type,scheme,z_composite,z_th,position,is_trade,trade_return,raw_pnl,fee,net_pnl,cum_pnl
2022-01-04,300ETF,Future (IF88 (CSI 300 Futures)),icw,-0.7705,1.3,0.0,0,0.00362,0.0,0.0,0.0,0.0
2022-01-05,300ETF,Future (IF88 (CSI 300 Futures)),icw,-0.5651,1.3,0.0,0,-0.004212,-0.0,0.0,-0.0,0.0
2022-01-06,300ETF,Future (IF88 (CSI 300 Futures)),icw,-0.3304,1.3,0.0,0,-0.00526,-0.0,0.0,-0.0,0.0
2022-01-07,300ETF,Future (IF88 (CSI 300 Futures)),icw,0.9815,1.3,0.0,0,-0.003136,-0.0,0.0,-0.0,0.0
2022-01-10,300ETF,Future (IF88 (CSI 300 Futures)),icw,-0.2152,1.3,0.0,0,0.004177,0.0,0.0,0.0,0.0
2022-01-11,300ETF,Future (IF88 (CSI 300 Futures)),icw,-0.3175,1.3,0.0,0,-0.00605,-0.0,0.0,-0.0,0.0
2022-01-12,300ETF,Future (IF88 (CSI 300 Futures)),icw,-0.1009,1.3,0.0,0,0.006447,0.0,0.0,0.0,0.0
2022-01-13,300ETF,Future (IF88 (CSI 300 Futures)),icw,-0.6368,1.3,0.0,0,-0.012848,-0.0,0.0,-0.0,0.0
2022-01-14,300ETF,Future (IF88 (CSI 300 Futures)),icw,-0.7424,1.3,0.0,0,-0.000928,-0.0,0.0,-0.0,0.0
2022-01-17,300ETF,Future (IF88 (CSI 300 Futures)),icw,0.9005,1.3,0.0,0,0.002604,0.0,0.0,0.0,0.0
2022-01-18,300ETF,Future (IF88 (CSI 300 Futures)),icw,0.5135,1.3,0.0,0,0.004749,0.0,0.0,0.0,0.0
2022-01-19,300ETF,Future (IF88 (CSI 300 Futures)),icw,-0.0885,1.3,0.0,0,-0.004591,-0.0,0.0,-0.0,0.0
2022-01-20,300ETF,Future (IF88 (CSI 300 Futures)),icw,1.2678,1.3,0.0,0,0.001037,0.0,0.0,0.0,0.0
2022-01-21,300ETF,Future (IF88 (CSI 300 Futures)),icw,-0.8669,1.3,0.0,0,-0.004243,-0.0,0.0,-0.0,0.0
2022-01-24,300ETF,Future (IF88 (CSI 300 Futures)),icw,0.012,1.3,0.0,0,0.003174,0.0,0.0,0.0,0.0
2022-01-25,300ETF,Future (IF88 (CSI 300 Futures)),icw,-0.2129,1.3,0.0,0,-0.014499,-0.0,0.0,-0.0,0.0
2022-01-26,300ETF,Future (IF88 (CSI 300 Futures)),icw,0.7416,1.3,0.0,0,0.002291,0.0,0.0,0.0,0.0
2022-01-27,300ETF,Future (IF88 (CSI 300 Futures)),icw,-0.6035,1.3,0.0,0,-0.013897,-0.0,0.0,-0.0,0.0
2022-01-28,300ETF,Future (IF88 (CSI 300 Futures)),icw,0.2607,1.3,0.0,0,-0.007697,-0.0,0.0,-0.0,0.0
2022-02-07,300ETF,Future (IF88 (CSI 300 Futures)),icw,1.4522,1.3,1.0,1,-0.001858,-0.001858,0.0008,-0.002658,-0.002658
2022-02-08,300ETF,Future (IF88 (CSI 300 Futures)),icw,-0.925,1.3,0.0,0,-0.000478,-0.0,0.0008,-0.0008,-0.003458
2022-02-09,300ETF,Future (IF88 (CSI 300 Futures)),icw,0.0977,1.3,0.0,0,0.011712,0.0,0.0,0.0,-0.003458
2022-02-10,300ETF,Future (IF88 (CSI 300 Futures)),icw,-0.8895,1.3,0.0,0,0.000821,0.0,0.0,0.0,-0.003458
2022-02-11,300ETF,Future (IF88 (CSI 300 Futures)),icw,0.5906,1.3,0.0,0,-0.010146,-0.0,0.0,-0.0,-0.003458
2022-02-14,300ETF,Future (IF88 (CSI 300 Futures)),icw,-0.3507,1.3,0.0,0,-0.012,-0.0,0.0,-0.0,-0.003458
2022-02-15,300ETF,Future (IF88 (CSI 300 Futures)),icw,0.4925,1.3,0.0,0,0.001529,0.0,0.0,0.0,-0.003458
2022-02-16,300ETF,Future (IF88 (CSI 300 Futures)),icw,-0.0068,1.3,0.0,0,-0.003377,-0.0,0.0,-0.0,-0.003458
2022-02-17,300ETF,Future (IF88 (CSI 300 Futures)),icw,-0.3129,1.3,0.0,0,-0.001124,-0.0,0.0,-0.0,-0.003458
2022-02-18,300ETF,Future (IF88 (CSI 300 Futures)),icw,-0.1966,1.3,0.0,0,0.004883,0.0,0.0,0.0,-0.003458
2022-02-21,300ETF,Future (IF88 (CSI 300 Futures)),icw,-0.7078,1.3,0.0,0,0.00013,0.0,0.0,0.0,-0.003458
2022-02-22,300ETF,Future (IF88 (CSI 300 Futures)),icw,-1.1423,1.3,-1.0,1,0.002811,-0.002811,0.0008,-0.003611,-0.007069
2022-02-23,300ETF,Future (IF88 (CSI 300 Futures)),icw,0.5195,1.3,0.0,0,0.006788,0.0,0.0008,-0.0008,-0.007869
2022-02-24,300ETF,Future (IF88 (CSI 300 Futures)),icw,-0.4561,1.3,0.0,0,-0.01706,-0.0,0.0,-0.0,-0.007869
2022-02-25,300ETF,Future (IF88 (CSI 300 Futures)),icw,1.2788,1.3,0.0,0,-0.009502,-0.0,0.0,-0.0,-0.007869
2022-02-28,300ETF,Future (IF88 (CSI 300 Futures)),icw,-0.1603,1.3,0.0,0,0.004262,0.0,0.0,0.0,-0.007869
2022-03-01,300ETF,Future (IF88 (CSI 300 Futures)),icw,0.5962,1.3,0.0,0,0.003559,0.0,0.0,0.0,-0.007869
2022-03-02,300ETF,Future (IF88 (CSI 300 Futures)),icw,-1.0122,1.3,-1.0,1,0.003148,-0.003148,0.0008,-0.003948,-0.011817
2022-03-03,300ETF,Future (IF88 (CSI 300 Futures)),icw,-0.3366,1.3,0.0,0,-0.004653,-0.0,0.0008,-0.0008,-0.012617
2022-03-04,300ETF,Future (IF88 (CSI 300 Futures)),icw,-1.1086,1.3,-1.0,1,-0.004494,0.004494,0.0008,0.003694,-0.008923
2022-03-07,300ETF,Future (IF88 (CSI 300 Futures)),icw,-1.2765,1.3,-1.0,1,-0.010623,0.010623,0.0,0.010623,0.0017
2022-03-08,300ETF,Future (IF88 (CSI 300 Futures)),icw,0.578,1.3,0.0,0,-0.01832,-0.0,0.0008,-0.0008,0.0009
2022-03-09,300ETF,Future (IF88 (CSI 300 Futures)),icw,-0.0404,1.3,0.0,0,-0.019109,-0.0,0.0,-0.0,0.0009
2022-03-10,300ETF,Future (IF88 (CSI 300 Futures)),icw,0.0116,1.3,0.0,0,-0.002617,-0.0,0.0,-0.0,0.0009
2022-03-11,300ETF,Future (IF88 (CSI 300 Futures)),icw,-1.1746,1.3,-1.0,1,0.01698,-0.01698,0.0008,-0.01778,-0.01688
2022-03-14,300ETF,Future (IF88 (CSI 300 Futures)),icw,-0.9658,1.3,0.0,0,-0.018591,-0.0,0.0008,-0.0008,-0.01768
2022-03-15,300ETF,Future (IF88 (CSI 300 Futures)),icw,-1.5655,1.3,-1.0,1,-0.013969,0.013969,0.0008,0.013169,-0.004511
2022-03-16,300ETF,Future (IF88 (CSI 300 Futures)),icw,-0.2932,1.3,0.0,0,0.031527,0.0,0.0008,-0.0008,-0.005311
2022-03-17,300ETF,Future (IF88 (CSI 300 Futures)),icw,0.869,1.3,0.0,0,0.006999,0.0,0.0,0.0,-0.005311
2022-03-18,300ETF,Future (IF88 (CSI 300 Futures)),icw,-0.2355,1.3,0.0,0,0.0102,0.0,0.0,0.0,-0.005311
2022-03-21,300ETF,Future (IF88 (CSI 300 Futures)),icw,-0.652,1.3,0.0,0,-0.005356,-0.0,0.0,-0.0,-0.005311
2022-03-22,300ETF,Future (IF88 (CSI 300 Futures)),icw,0.1121,1.3,0.0,0,-0.003178,-0.0,0.0,-0.0,-0.005311
2022-03-23,300ETF,Future (IF88 (CSI 300 Futures)),icw,-0.8119,1.3,0.0,0,0.005386,0.0,0.0,0.0,-0.005311
2022-03-24,300ETF,Future (IF88 (CSI 300 Futures)),icw,-0.9327,1.3,0.0,0,0.006069,0.0,0.0,0.0,-0.005311
2022-03-25,300ETF,Future (IF88 (CSI 300 Futures)),icw,-0.1566,1.3,0.0,0,-0.018087,-0.0,0.0,-0.0,-0.005311
2022-03-28,300ETF,Future (IF88 (CSI 300 Futures)),icw,-1.099,1.3,-1.0,1,0.009316,-0.009316,0.0008,-0.010116,-0.015427
2022-03-29,300ETF,Future (IF88 (CSI 300 Futures)),icw,0.6792,1.3,0.0,0,-0.00943,-0.0,0.0008,-0.0008,-0.016227
2022-03-30,300ETF,Future (IF88 (CSI 300 Futures)),icw,1.1487,1.3,0.0,0,0.015734,0.0,0.0,0.0,-0.016227
2022-03-31,300ETF,Future (IF88 (CSI 300 Futures)),icw,-0.4135,1.3,0.0,0,-0.00019,-0.0,0.0,-0.0,-0.016227
2022-04-01,300ETF,Future (IF88 (CSI 300 Futures)),icw,0.1625,1.3,0.0,0,0.010988,0.0,0.0,0.0,-0.016227
2022-04-06,300ETF,Future (IF88 (CSI 300 Futures)),icw,-0.2386,1.3,0.0,0,-0.005048,-0.0,0.0,-0.0,-0.016227
2022-04-07,300ETF,Future (IF88 (CSI 300 Futures)),icw,0.4537,1.3,0.0,0,-0.009238,-0.0,0.0,-0.0,-0.016227
2022-04-08,300ETF,Future (IF88 (CSI 300 Futures)),icw,0.2202,1.3,0.0,0,0.003515,0.0,0.0,0.0,-0.016227
2022-04-11,300ETF,Future (IF88 (CSI 300 Futures)),icw,-1.219,1.3,-1.0,1,-0.011933,0.011933,0.0008,0.011133,-0.005094
2022-04-12,300ETF,Future (IF88 (CSI 300 Futures)),icw,0.397,1.3,0.0,0,0.014474,0.0,0.0008,-0.0008,-0.005894
2022-04-13,300ETF,Future (IF88 (CSI 300 Futures)),icw,-0.73,1.3,0.0,0,0.001346,0.0,0.0,0.0,-0.005894
2022-04-14,300ETF,Future (IF88 (CSI 300 Futures)),icw,-0.1142,1.3,0.0,0,0.007601,0.0,0.0,0.0,-0.005894
2022-04-15,300ETF,Future (IF88 (CSI 300 Futures)),icw,-0.3918,1.3,0.0,0,0.002778,0.0,0.0,0.0,-0.005894
2022-04-18,300ETF,Future (IF88 (CSI 300 Futures)),icw,-1.204,1.3,-1.0,1,0.000676,-0.000676,0.0008,-0.001476,-0.00737
2022-04-19,300ETF,Future (IF88 (CSI 300 Futures)),icw,0.4833,1.3,0.0,0,-0.007211,-0.0,0.0008,-0.0008,-0.00817
2022-04-20,300ETF,Future (IF88 (CSI 300 Futures)),icw,-0.7485,1.3,0.0,0,-0.006677,-0.0,0.0,-0.0,-0.00817
2022-04-21,300ETF,Future (IF88 (CSI 300 Futures)),icw,0.4847,1.3,0.0,0,-0.016735,-0.0,0.0,-0.0,-0.00817
2022-04-22,300ETF,Future (IF88 (CSI 300 Futures)),icw,0.0625,1.3,0.0,0,0.004801,0.0,0.0,0.0,-0.00817
2022-04-25,300ETF,Future (IF88 (CSI 300 Futures)),icw,-1.1575,1.3,-1.0,1,-0.021402,0.021402,0.0008,0.020602,0.012433
2022-04-26,300ETF,Future (IF88 (CSI 300 Futures)),icw,0.1865,1.3,0.0,0,-0.001949,-0.0,0.0008,-0.0008,0.011633
2022-04-27,300ETF,Future (IF88 (CSI 300 Futures)),icw,1.4483,1.3,1.0,1,0.015999,0.015999,0.0008,0.015199,0.026831
2022-04-28,300ETF,Future (IF88 (CSI 300 Futures)),icw,0.0637,1.3,0.0,0,0.004729,0.0,0.0008,-0.0008,0.026031
2022-04-29,300ETF,Future (IF88 (CSI 300 Futures)),icw,-0.3077,1.3,0.0,0,0.026209,0.0,0.0,0.0,0.026031
2022-05-05,300ETF,Future (IF88 (CSI 300 Futures)),icw,-0.1469,1.3,0.0,0,-0.000901,-0.0,0.0,-0.0,0.026031
2022-05-06,300ETF,Future (IF88 (CSI 300 Futures)),icw,-1.5344,1.3,-1.0,1,-0.008445,0.008445,0.0008,0.007645,0.033677
2022-05-09,300ETF,Future (IF88 (CSI 300 Futures)),icw,0.1168,1.3,0.0,0,-0.010616,-0.0,0.0008,-0.0008,0.032877
2022-05-10,300ETF,Future (IF88 (CSI 300 Futures)),icw,-0.6529,1.3,0.0,0,0.021306,0.0,0.0,0.0,0.032877
2022-05-11,300ETF,Future (IF88 (CSI 300 Futures)),icw,1.3533,1.3,1.0,1,0.008236,0.008236,0.0008,0.007436,0.040313
2022-05-12,300ETF,Future (IF88 (CSI 300 Futures)),icw,-0.1847,1.3,0.0,0,0.001674,0.0,0.0008,-0.0008,0.039513
2022-05-13,300ETF,Future (IF88 (CSI 300 Futures)),icw,0.2626,1.3,0.0,0,-0.004325,-0.0,0.0,-0.0,0.039513
2022-05-16,300ETF,Future (IF88 (CSI 300 Futures)),icw,-0.2949,1.3,0.0,0,-0.007358,-0.0,0.0,-0.0,0.039513
2022-05-17,300ETF,Future (IF88 (CSI 300 Futures)),icw,0.5587,1.3,0.0,0,0.006471,0.0,0.0,0.0,0.039513
2022-05-18,300ETF,Future (IF88 (CSI 300 Futures)),icw,-0.8801,1.3,0.0,0,0.002929,0.0,0.0,0.0,0.039513
2022-05-19,300ETF,Future (IF88 (CSI 300 Futures)),icw,-0.6635,1.3,0.0,0,0.010555,0.0,0.0,0.0,0.039513
2022-05-20,300ETF,Future (IF88 (CSI 300 Futures)),icw,1.8413,1.3,1.0,1,0.001435,0.001435,0.0008,0.000635,0.040148
2022-05-23,300ETF,Future (IF88 (CSI 300 Futures)),icw,-0.9685,1.3,0.0,0,-0.002932,-0.0,0.0008,-0.0008,0.039348
2022-05-24,300ETF,Future (IF88 (CSI 300 Futures)),icw,-0.7565,1.3,0.0,0,-0.011522,-0.0,0.0,-0.0,0.039348
2022-05-25,300ETF,Future (IF88 (CSI 300 Futures)),icw,0.6229,1.3,0.0,0,-0.003949,-0.0,0.0,-0.0,0.039348
2022-05-26,300ETF,Future (IF88 (CSI 300 Futures)),icw,-0.6892,1.3,0.0,0,0.014218,0.0,0.0,0.0,0.039348
2022-05-27,300ETF,Future (IF88 (CSI 300 Futures)),icw,1.1584,1.3,0.0,0,-0.008403,-0.0,0.0,-0.0,0.039348
2022-05-30,300ETF,Future (IF88 (CSI 300 Futures)),icw,-0.2543,1.3,0.0,0,0.00195,0.0,0.0,0.0,0.039348
2022-05-31,300ETF,Future (IF88 (CSI 300 Futures)),icw,0.4502,1.3,0.0,0,0.016444,0.0,0.0,0.0,0.039348
2022-06-01,300ETF,Future (IF88 (CSI 300 Futures)),icw,-0.4513,1.3,0.0,0,-0.00266,-0.0,0.0,-0.0,0.039348
2022-06-02,300ETF,Future (IF88 (CSI 300 Futures)),icw,-0.3532,1.3,0.0,0,0.00464,0.0,0.0,0.0,0.039348
2022-06-06,300ETF,Future (IF88 (CSI 300 Futures)),icw,-0.2998,1.3,0.0,0,0.017694,0.0,0.0,0.0,0.039348
2022-06-07,300ETF,Future (IF88 (CSI 300 Futures)),icw,0.9696,1.3,0.0,0,0.002741,0.0,0.0,0.0,0.039348
2022-06-08,300ETF,Future (IF88 (CSI 300 Futures)),icw,0.0706,1.3,0.0,0,0.003488,0.0,0.0,0.0,0.039348
2022-06-09,300ETF,Future (IF88 (CSI 300 Futures)),icw,0.0336,1.3,0.0,0,-0.007809,-0.0,0.0,-0.0,0.039348
2022-06-10,300ETF,Future (IF88 (CSI 300 Futures)),icw,-0.3742,1.3,0.0,0,0.019563,0.0,0.0,0.0,0.039348
2022-06-13,300ETF,Future (IF88 (CSI 300 Futures)),icw,-0.5111,1.3,0.0,0,-0.006781,-0.0,0.0,-0.0,0.039348
2022-06-14,300ETF,Future (IF88 (CSI 300 Futures)),icw,-0.4054,1.3,0.0,0,0.013651,0.0,0.0,0.0,0.039348
2022-06-15,300ETF,Future (IF88 (CSI 300 Futures)),icw,1.4365,1.3,1.0,1,0.017195,0.017195,0.0008,0.016395,0.055743
2022-06-16,300ETF,Future (IF88 (CSI 300 Futures)),icw,0.5211,1.3,0.0,0,-0.007818,-0.0,0.0008,-0.0008,0.054943
2022-06-17,300ETF,Future (IF88 (CSI 300 Futures)),icw,0.8221,1.3,0.0,0,0.008249,0.0,0.0,0.0,0.054943
2022-06-20,300ETF,Future (IF88 (CSI 300 Futures)),icw,0.3747,1.3,0.0,0,0.004441,0.0,0.0,0.0,0.054943
2022-06-21,300ETF,Future (IF88 (CSI 300 Futures)),icw,0.1402,1.3,0.0,0,-0.00582,-0.0,0.0,-0.0,0.054943
2022-06-22,300ETF,Future (IF88 (CSI 300 Futures)),icw,-0.8265,1.3,0.0,0,-0.012294,-0.0,0.0,-0.0,0.054943
2022-06-23,300ETF,Future (IF88 (CSI 300 Futures)),icw,0.5928,1.3,0.0,0,0.014387,0.0,0.0,0.0,0.054943
2022-06-24,300ETF,Future (IF88 (CSI 300 Futures)),icw,-0.457,1.3,0.0,0,0.00723,0.0,0.0,0.0,0.054943
2022-06-27,300ETF,Future (IF88 (CSI 300 Futures)),icw,1.1777,1.3,0.0,0,0.003123,0.0,0.0,0.0,0.054943
2022-06-28,300ETF,Future (IF88 (CSI 300 Futures)),icw,-0.9602,1.3,0.0,0,0.014628,0.0,0.0,0.0,0.054943
2022-06-29,300ETF,Future (IF88 (CSI 300 Futures)),icw,0.3479,1.3,0.0,0,-0.010098,-0.0,0.0,-0.0,0.054943
2022-06-30,300ETF,Future (IF88 (CSI 300 Futures)),icw,1.2115,1.3,0.0,0,0.005978,0.0,0.0,0.0,0.054943
2022-07-01,300ETF,Future (IF88 (CSI 300 Futures)),icw,0.0625,1.3,0.0,0,-0.001443,-0.0,0.0,-0.0,0.054943
2022-07-04,300ETF,Future (IF88 (CSI 300 Futures)),icw,-0.5441,1.3,0.0,0,0.002336,0.0,0.0,0.0,0.054943
2022-07-05,300ETF,Future (IF88 (CSI 300 Futures)),icw,0.6852,1.3,0.0,0,-0.006454,-0.0,0.0,-0.0,0.054943
2022-07-06,300ETF,Future (IF88 (CSI 300 Futures)),icw,-0.4023,1.3,0.0,0,-0.013821,-0.0,0.0,-0.0,0.054943
2022-07-07,300ETF,Future (IF88 (CSI 300 Futures)),icw,-0.7535,1.3,0.0,0,0.006806,0.0,0.0,0.0,0.054943
2022-07-08,300ETF,Future (IF88 (CSI 300 Futures)),icw,0.0344,1.3,0.0,0,-0.003346,-0.0,0.0,-0.0,0.054943
2022-07-11,300ETF,Future (IF88 (CSI 300 Futures)),icw,-1.1378,1.3,-1.0,1,-0.001198,0.001198,0.0008,0.000398,0.055341
2022-07-12,300ETF,Future (IF88 (CSI 300 Futures)),icw,0.2906,1.3,0.0,0,-0.008893,-0.0,0.0008,-0.0008,0.054541
2022-07-13,300ETF,Future (IF88 (CSI 300 Futures)),icw,-0.2373,1.3,0.0,0,-0.000838,-0.0,0.0,-0.0,0.054541
2022-07-14,300ETF,Future (IF88 (CSI 300 Futures)),icw,-0.7557,1.3,0.0,0,-0.002741,-0.0,0.0,-0.0,0.054541
2022-07-15,300ETF,Future (IF88 (CSI 300 Futures)),icw,0.1371,1.3,0.0,0,-0.013666,-0.0,0.0,-0.0,0.054541
2022-07-18,300ETF,Future (IF88 (CSI 300 Futures)),icw,-0.4889,1.3,0.0,0,0.008858,0.0,0.0,0.0,0.054541
2022-07-19,300ETF,Future (IF88 (CSI 300 Futures)),icw,-0.8647,1.3,0.0,0,0.003105,0.0,0.0,0.0,0.054541
2022-07-20,300ETF,Future (IF88 (CSI 300 Futures)),icw,-0.058,1.3,0.0,0,-0.003699,-0.0,0.0,-0.0,0.054541
2022-07-21,300ETF,Future (IF88 (CSI 300 Futures)),icw,-0.6149,1.3,0.0,0,-0.006041,-0.0,0.0,-0.0,0.054541
2022-07-22,300ETF,Future (IF88 (CSI 300 Futures)),icw,0.3382,1.3,0.0,0,-0.002641,-0.0,0.0,-0.0,0.054541
2022-07-25,300ETF,Future (IF88 (CSI 300 Futures)),icw,-0.6721,1.3,0.0,0,0.002236,0.0,0.0,0.0,0.054541
2022-07-26,300ETF,Future (IF88 (CSI 300 Futures)),icw,0.5627,1.3,0.0,0,0.003738,0.0,0.0,0.0,0.054541
2022-07-27,300ETF,Future (IF88 (CSI 300 Futures)),icw,-0.7791,1.3,0.0,0,-0.002563,-0.0,0.0,-0.0,0.054541
2022-07-28,300ETF,Future (IF88 (CSI 300 Futures)),icw,-0.0077,1.3,0.0,0,-0.001136,-0.0,0.0,-0.0,0.054541
2022-07-29,300ETF,Future (IF88 (CSI 300 Futures)),icw,0.0493,1.3,0.0,0,-0.021056,-0.0,0.0,-0.0,0.054541
2022-08-01,300ETF,Future (IF88 (CSI 300 Futures)),icw,-0.7005,1.3,0.0,0,0.001638,0.0,0.0,0.0,0.054541
2022-08-02,300ETF,Future (IF88 (CSI 300 Futures)),icw,-1.3994,1.3,-1.0,1,-0.004816,0.004816,0.0008,0.004016,0.058557
2022-08-03,300ETF,Future (IF88 (CSI 300 Futures)),icw,1.0773,1.3,0.0,0,-0.00979,-0.0,0.0008,-0.0008,0.057757
2022-08-04,300ETF,Future (IF88 (CSI 300 Futures)),icw,-0.0513,1.3,0.0,0,0.000393,0.0,0.0,0.0,0.057757
2022-08-05,300ETF,Future (IF88 (CSI 300 Futures)),icw,0.2666,1.3,0.0,0,0.010817,0.0,0.0,0.0,0.057757
2022-08-08,300ETF,Future (IF88 (CSI 300 Futures)),icw,-0.2261,1.3,0.0,0,-0.001207,-0.0,0.0,-0.0,0.057757
2022-08-09,300ETF,Future (IF88 (CSI 300 Futures)),icw,-0.3532,1.3,0.0,0,0.002274,0.0,0.0,0.0,0.057757
2022-08-10,300ETF,Future (IF88 (CSI 300 Futures)),icw,-0.0736,1.3,0.0,0,-0.011236,-0.0,0.0,-0.0,0.057757
2022-08-11,300ETF,Future (IF88 (CSI 300 Futures)),icw,-0.3572,1.3,0.0,0,0.016668,0.0,0.0,0.0,0.057757
2022-08-12,300ETF,Future (IF88 (CSI 300 Futures)),icw,-0.5795,1.3,0.0,0,0.004303,0.0,0.0,0.0,0.057757
2022-08-15,300ETF,Future (IF88 (CSI 300 Futures)),icw,0.8093,1.3,0.0,0,-0.008953,-0.0,0.0,-0.0,0.057757
2022-08-16,300ETF,Future (IF88 (CSI 300 Futures)),icw,0.0983,1.3,0.0,0,-0.004837,-0.0,0.0,-0.0,0.057757
2022-08-17,300ETF,Future (IF88 (CSI 300 Futures)),icw,-0.6145,1.3,0.0,0,0.014791,0.0,0.0,0.0,0.057757
2022-08-18,300ETF,Future (IF88 (CSI 300 Futures)),icw,-0.3334,1.3,0.0,0,-0.007176,-0.0,0.0,-0.0,0.057757
2022-08-19,300ETF,Future (IF88 (CSI 300 Futures)),icw,0.0199,1.3,0.0,0,-0.005002,-0.0,0.0,-0.0,0.057757
2022-08-22,300ETF,Future (IF88 (CSI 300 Futures)),icw,0.5636,1.3,0.0,0,0.000958,0.0,0.0,0.0,0.057757
2022-08-23,300ETF,Future (IF88 (CSI 300 Futures)),icw,-0.0101,1.3,0.0,0,-0.00265,-0.0,0.0,-0.0,0.057757
2022-08-24,300ETF,Future (IF88 (CSI 300 Futures)),icw,-0.4319,1.3,0.0,0,-0.014525,-0.0,0.0,-0.0,0.057757
2022-08-25,300ETF,Future (IF88 (CSI 300 Futures)),icw,0.0498,1.3,0.0,0,0.00303,0.0,0.0,0.0,0.057757
2022-08-26,300ETF,Future (IF88 (CSI 300 Futures)),icw,-0.4873,1.3,0.0,0,-0.00481,-0.0,0.0,-0.0,0.057757
2022-08-29,300ETF,Future (IF88 (CSI 300 Futures)),icw,-0.424,1.3,0.0,0,-0.000882,-0.0,0.0,-0.0,0.057757
2022-08-30,300ETF,Future (IF88 (CSI 300 Futures)),icw,-0.2872,1.3,0.0,0,0.000639,0.0,0.0,0.0,0.057757
2022-08-31,300ETF,Future (IF88 (CSI 300 Futures)),icw,0.3537,1.3,0.0,0,-0.00147,-0.0,0.0,-0.0,0.057757
2022-09-01,300ETF,Future (IF88 (CSI 300 Futures)),icw,0.0997,1.3,0.0,0,-0.007958,-0.0,0.0,-0.0,0.057757
2022-09-02,300ETF,Future (IF88 (CSI 300 Futures)),icw,-0.5845,1.3,0.0,0,-0.005311,-0.0,0.0,-0.0,0.057757
2022-09-05,300ETF,Future (IF88 (CSI 300 Futures)),icw,-0.6294,1.3,0.0,0,-0.000449,-0.0,0.0,-0.0,0.057757
2022-09-06,300ETF,Future (IF88 (CSI 300 Futures)),icw,-0.1544,1.3,0.0,0,0.006102,0.0,0.0,0.0,0.057757
2022-09-07,300ETF,Future (IF88 (CSI 300 Futures)),icw,-0.1016,1.3,0.0,0,0.00173,0.0,0.0,0.0,0.057757
2022-09-08,300ETF,Future (IF88 (CSI 300 Futures)),icw,-0.1702,1.3,0.0,0,-0.004642,-0.0,0.0,-0.0,0.057757
2022-09-09,300ETF,Future (IF88 (CSI 300 Futures)),icw,0.2119,1.3,0.0,0,0.008467,0.0,0.0,0.0,0.057757
2022-09-13,300ETF,Future (IF88 (CSI 300 Futures)),icw,-0.4824,1.3,0.0,0,0.001459,0.0,0.0,0.0,0.057757
2022-09-14,300ETF,Future (IF88 (CSI 300 Futures)),icw,-0.6601,1.3,0.0,0,-0.003434,-0.0,0.0,-0.0,0.057757
2022-09-15,300ETF,Future (IF88 (CSI 300 Futures)),icw,0.3422,1.3,0.0,0,-0.015849,-0.0,0.0,-0.0,0.057757
2022-09-16,300ETF,Future (IF88 (CSI 300 Futures)),icw,-0.7536,1.3,0.0,0,-0.010984,-0.0,0.0,-0.0,0.057757
2022-09-19,300ETF,Future (IF88 (CSI 300 Futures)),icw,-0.1337,1.3,0.0,0,-0.004067,-0.0,0.0,-0.0,0.057757
2022-09-20,300ETF,Future (IF88 (CSI 300 Futures)),icw,0.0695,1.3,0.0,0,-0.004727,-0.0,0.0,-0.0,0.057757
2022-09-21,300ETF,Future (IF88 (CSI 300 Futures)),icw,-0.9652,1.3,0.0,0,0.005336,0.0,0.0,0.0,0.057757
2022-09-22,300ETF,Future (IF88 (CSI 300 Futures)),icw,-0.717,1.3,0.0,0,-0.006338,-0.0,0.0,-0.0,0.057757
2022-09-23,300ETF,Future (IF88 (CSI 300 Futures)),icw,0.697,1.3,0.0,0,-0.003614,-0.0,0.0,-0.0,0.057757
2022-09-26,300ETF,Future (IF88 (CSI 300 Futures)),icw,0.7412,1.3,0.0,0,-0.007155,-0.0,0.0,-0.0,0.057757
2022-09-27,300ETF,Future (IF88 (CSI 300 Futures)),icw,0.0642,1.3,0.0,0,0.011504,0.0,0.0,0.0,0.057757
2022-09-28,300ETF,Future (IF88 (CSI 300 Futures)),icw,-0.8961,1.3,0.0,0,-0.005347,-0.0,0.0,-0.0,0.057757
2022-09-29,300ETF,Future (IF88 (CSI 300 Futures)),icw,-0.1979,1.3,0.0,0,-0.012038,-0.0,0.0,-0.0,0.057757
2022-09-30,300ETF,Future (IF88 (CSI 300 Futures)),icw,0.3345,1.3,0.0,0,-0.004495,-0.0,0.0,-0.0,0.057757
2022-10-10,300ETF,Future (IF88 (CSI 300 Futures)),icw,-0.8648,1.3,0.0,0,-0.019164,-0.0,0.0,-0.0,0.057757
2022-10-11,300ETF,Future (IF88 (CSI 300 Futures)),icw,-0.5693,1.3,0.0,0,0.000322,0.0,0.0,0.0,0.057757
2022-10-12,300ETF,Future (IF88 (CSI 300 Futures)),icw,-0.7209,1.3,0.0,0,0.019937,0.0,0.0,0.0,0.057757
2022-10-13,300ETF,Future (IF88 (CSI 300 Futures)),icw,-0.3298,1.3,0.0,0,-0.000106,-0.0,0.0,-0.0,0.057757
2022-10-14,300ETF,Future (IF88 (CSI 300 Futures)),icw,1.0367,1.3,0.0,0,0.007829,0.0,0.0,0.0,0.057757
2022-10-17,300ETF,Future (IF88 (CSI 300 Futures)),icw,-0.3928,1.3,0.0,0,0.008418,0.0,0.0,0.0,0.057757
2022-10-18,300ETF,Future (IF88 (CSI 300 Futures)),icw,-0.4273,1.3,0.0,0,-0.004215,-0.0,0.0,-0.0,0.057757
2022-10-19,300ETF,Future (IF88 (CSI 300 Futures)),icw,-0.0827,1.3,0.0,0,-0.012115,-0.0,0.0,-0.0,0.057757
2022-10-20,300ETF,Future (IF88 (CSI 300 Futures)),icw,-0.7604,1.3,0.0,0,0.003897,0.0,0.0,0.0,0.057757
2022-10-21,300ETF,Future (IF88 (CSI 300 Futures)),icw,0.157,1.3,0.0,0,-0.003262,-0.0,0.0,-0.0,0.057757
2022-10-24,300ETF,Future (IF88 (CSI 300 Futures)),icw,0.1752,1.3,0.0,0,-0.021122,-0.0,0.0,-0.0,0.057757
2022-10-25,300ETF,Future (IF88 (CSI 300 Futures)),icw,0.1262,1.3,0.0,0,-0.000441,-0.0,0.0,-0.0,0.057757
2022-10-26,300ETF,Future (IF88 (CSI 300 Futures)),icw,0.7792,1.3,0.0,0,-0.002849,-0.0,0.0,-0.0,0.057757
2022-10-27,300ETF,Future (IF88 (CSI 300 Futures)),icw,-0.0572,1.3,0.0,0,-0.013264,-0.0,0.0,-0.0,0.057757
2022-10-28,300ETF,Future (IF88 (CSI 300 Futures)),icw,-0.811,1.3,0.0,0,-0.020637,-0.0,0.0,-0.0,0.057757
2022-10-31,300ETF,Future (IF88 (CSI 300 Futures)),icw,-0.3743,1.3,0.0,0,-0.008639,-0.0,0.0,-0.0,0.057757
2022-11-01,300ETF,Future (IF88 (CSI 300 Futures)),icw,0.9008,1.3,0.0,0,0.023091,0.0,0.0,0.0,0.057757
2022-11-02,300ETF,Future (IF88 (CSI 300 Futures)),icw,0.3257,1.3,0.0,0,0.00869,0.0,0.0,0.0,0.057757
2022-11-03,300ETF,Future (IF88 (CSI 300 Futures)),icw,-0.3372,1.3,0.0,0,0.000767,0.0,0.0,0.0,0.057757
2022-11-04,300ETF,Future (IF88 (CSI 300 Futures)),icw,2.045,1.3,1.0,1,0.017217,0.017217,0.0008,0.016417,0.074174
2022-11-07,300ETF,Future (IF88 (CSI 300 Futures)),icw,0.6413,1.3,0.0,0,0.003176,0.0,0.0008,-0.0008,0.073374
2022-11-08,300ETF,Future (IF88 (CSI 300 Futures)),icw,-0.4285,1.3,0.0,0,-0.006593,-0.0,0.0,-0.0,0.073374
2022-11-09,300ETF,Future (IF88 (CSI 300 Futures)),icw,-0.1069,1.3,0.0,0,-0.006373,-0.0,0.0,-0.0,0.073374
2022-11-10,300ETF,Future (IF88 (CSI 300 Futures)),icw,-1.1153,1.3,-1.0,1,0.000325,-0.000325,0.0008,-0.001125,0.072249
2022-11-11,300ETF,Future (IF88 (CSI 300 Futures)),icw,0.1772,1.3,0.0,0,0.009561,0.0,0.0008,-0.0008,0.071449
2022-11-14,300ETF,Future (IF88 (CSI 300 Futures)),icw,1.4139,1.3,1.0,1,-0.011977,-0.011977,0.0008,-0.012777,0.058672
2022-11-15,300ETF,Future (IF88 (CSI 300 Futures)),icw,-0.5241,1.3,0.0,0,0.016452,0.0,0.0008,-0.0008,0.057872
2022-11-16,300ETF,Future (IF88 (CSI 300 Futures)),icw,-0.619,1.3,0.0,0,-0.004152,-0.0,0.0,-0.0,0.057872
2022-11-17,300ETF,Future (IF88 (CSI 300 Futures)),icw,-0.8964,1.3,0.0,0,-0.000157,-0.0,0.0,-0.0,0.057872
2022-11-18,300ETF,Future (IF88 (CSI 300 Futures)),icw,-0.434,1.3,0.0,0,-0.003401,-0.0,0.0,-0.0,0.057872
2022-11-21,300ETF,Future (IF88 (CSI 300 Futures)),icw,-1.2259,1.3,-1.0,1,0.006762,-0.006762,0.0008,-0.007562,0.05031
2022-11-22,300ETF,Future (IF88 (CSI 300 Futures)),icw,-0.037,1.3,0.0,0,-0.000425,-0.0,0.0008,-0.0008,0.04951
2022-11-23,300ETF,Future (IF88 (CSI 300 Futures)),icw,0.2956,1.3,0.0,0,0.001322,0.0,0.0,0.0,0.04951
2022-11-24,300ETF,Future (IF88 (CSI 300 Futures)),icw,0.2582,1.3,0.0,0,-0.005826,-0.0,0.0,-0.0,0.04951
2022-11-25,300ETF,Future (IF88 (CSI 300 Futures)),icw,-0.4746,1.3,0.0,0,0.005083,0.0,0.0,0.0,0.04951
2022-11-28,300ETF,Future (IF88 (CSI 300 Futures)),icw,-1.6284,1.3,-1.0,1,0.011682,-0.011682,0.0008,-0.012482,0.037028
2022-11-29,300ETF,Future (IF88 (CSI 300 Futures)),icw,0.8796,1.3,0.0,0,0.019212,0.0,0.0008,-0.0008,0.036228
2022-11-30,300ETF,Future (IF88 (CSI 300 Futures)),icw,0.6595,1.3,0.0,0,-0.001453,-0.0,0.0,-0.0,0.036228
2022-12-01,300ETF,Future (IF88 (CSI 300 Futures)),icw,1.1657,1.3,0.0,0,-0.00459,-0.0,0.0,-0.0,0.036228
2022-12-02,300ETF,Future (IF88 (CSI 300 Futures)),icw,-0.268,1.3,0.0,0,-0.005235,-0.0,0.0,-0.0,0.036228
2022-12-05,300ETF,Future (IF88 (CSI 300 Futures)),icw,0.1761,1.3,0.0,0,0.00753,0.0,0.0,0.0,0.036228
2022-12-06,300ETF,Future (IF88 (CSI 300 Futures)),icw,0.2608,1.3,0.0,0,0.003637,0.0,0.0,0.0,0.036228
2022-12-07,300ETF,Future (IF88 (CSI 300 Futures)),icw,-0.2517,1.3,0.0,0,-0.001564,-0.0,0.0,-0.0,0.036228
2022-12-08,300ETF,Future (IF88 (CSI 300 Futures)),icw,-0.4113,1.3,0.0,0,0.000806,0.0,0.0,0.0,0.036228
2022-12-09,300ETF,Future (IF88 (CSI 300 Futures)),icw,0.0834,1.3,0.0,0,0.01194,0.0,0.0,0.0,0.036228
2022-12-12,300ETF,Future (IF88 (CSI 300 Futures)),icw,-0.7136,1.3,0.0,0,-0.005237,-0.0,0.0,-0.0,0.036228
2022-12-13,300ETF,Future (IF88 (CSI 300 Futures)),icw,-0.3303,1.3,0.0,0,-0.000607,-0.0,0.0,-0.0,0.036228
2022-12-14,300ETF,Future (IF88 (CSI 300 Futures)),icw,-0.2429,1.3,0.0,0,-0.002174,-0.0,0.0,-0.0,0.036228
2022-12-15,300ETF,Future (IF88 (CSI 300 Futures)),icw,-0.0918,1.3,0.0,0,0.004768,0.0,0.0,0.0,0.036228
2022-12-16,300ETF,Future (IF88 (CSI 300 Futures)),icw,-0.266,1.3,0.0,0,0.004048,0.0,0.0,0.0,0.036228
2022-12-19,300ETF,Future (IF88 (CSI 300 Futures)),icw,0.2024,1.3,0.0,0,-0.014515,-0.0,0.0,-0.0,0.036228
2022-12-20,300ETF,Future (IF88 (CSI 300 Futures)),icw,-0.8412,1.3,0.0,0,-0.010384,-0.0,0.0,-0.0,0.036228
2022-12-21,300ETF,Future (IF88 (CSI 300 Futures)),icw,0.0086,1.3,0.0,0,-0.003118,-0.0,0.0,-0.0,0.036228
2022-12-22,300ETF,Future (IF88 (CSI 300 Futures)),icw,-0.3286,1.3,0.0,0,-0.010204,-0.0,0.0,-0.0,0.036228
2022-12-23,300ETF,Future (IF88 (CSI 300 Futures)),icw,-0.0243,1.3,0.0,0,-0.006439,-0.0,0.0,-0.0,0.036228
2022-12-26,300ETF,Future (IF88 (CSI 300 Futures)),icw,0.2327,1.3,0.0,0,-0.002697,-0.0,0.0,-0.0,0.036228
2022-12-27,300ETF,Future (IF88 (CSI 300 Futures)),icw,0.1701,1.3,0.0,0,0.004158,0.0,0.0,0.0,0.036228
2022-12-28,300ETF,Future (IF88 (CSI 300 Futures)),icw,-0.7306,1.3,0.0,0,0.003402,0.0,0.0,0.0,0.036228
2022-12-29,300ETF,Future (IF88 (CSI 300 Futures)),icw,-0.8637,1.3,0.0,0,0.007561,0.0,0.0,0.0,0.036228
2022-12-30,300ETF,Future (IF88 (CSI 300 Futures)),icw,0.6885,1.3,0.0,0,-0.001645,-0.0,0.0,-0.0,0.036228
2023-01-03,300ETF,Future (IF88 (CSI 300 Futures)),icw,-0.9509,1.3,0.0,0,0.016163,0.0,0.0,0.0,0.036228
2023-01-04,300ETF,Future (IF88 (CSI 300 Futures)),icw,-0.5869,1.3,0.0,0,0.001489,0.0,0.0,0.0,0.036228
2023-01-05,300ETF,Future (IF88 (CSI 300 Futures)),icw,1.4347,1.3,1.0,1,0.006956,0.006956,0.0008,0.006156,0.042384
2023-01-06,300ETF,Future (IF88 (CSI 300 Futures)),icw,-0.2274,1.3,0.0,0,0.003162,0.0,0.0008,-0.0008,0.041584
2023-01-09,300ETF,Future (IF88 (CSI 300 Futures)),icw,0.0591,1.3,0.0,0,0.003088,0.0,0.0,0.0,0.041584
2023-01-10,300ETF,Future (IF88 (CSI 300 Futures)),icw,-0.5717,1.3,0.0,0,0.000647,0.0,0.0,0.0,0.041584
2023-01-11,300ETF,Future (IF88 (CSI 300 Futures)),icw,0.1999,1.3,0.0,0,-0.002584,-0.0,0.0,-0.0,0.041584
2023-01-12,300ETF,Future (IF88 (CSI 300 Futures)),icw,-0.1457,1.3,0.0,0,-0.003076,-0.0,0.0,-0.0,0.041584
2023-01-13,300ETF,Future (IF88 (CSI 300 Futures)),icw,0.0127,1.3,0.0,0,0.00655,0.0,0.0,0.0,0.041584
2023-01-16,300ETF,Future (IF88 (CSI 300 Futures)),icw,1.1538,1.3,0.0,0,0.008697,0.0,0.0,0.0,0.041584
2023-01-17,300ETF,Future (IF88 (CSI 300 Futures)),icw,-0.1382,1.3,0.0,0,0.000483,0.0,0.0,0.0,0.041584
2023-01-18,300ETF,Future (IF88 (CSI 300 Futures)),icw,0.0381,1.3,0.0,0,-0.000918,-0.0,0.0,-0.0,0.041584
2023-01-19,300ETF,Future (IF88 (CSI 300 Futures)),icw,-0.4179,1.3,0.0,0,0.010743,0.0,0.0,0.0,0.041584
2023-01-20,300ETF,Future (IF88 (CSI 300 Futures)),icw,0.2648,1.3,0.0,0,4.8e-05,0.0,0.0,0.0,0.041584
2023-01-30,300ETF,Future (IF88 (CSI 300 Futures)),icw,-0.4364,1.3,0.0,0,-0.011799,-0.0,0.0,-0.0,0.041584
2023-01-31,300ETF,Future (IF88 (CSI 300 Futures)),icw,0.0495,1.3,0.0,0,-0.010633,-0.0,0.0,-0.0,0.041584
2023-02-01,300ETF,Future (IF88 (CSI 300 Futures)),icw,0.5382,1.3,0.0,0,0.00119,0.0,0.0,0.0,0.041584
2023-02-02,300ETF,Future (IF88 (CSI 300 Futures)),icw,-1.0032,1.3,-1.0,1,-0.002764,0.002764,0.0008,0.001964,0.043549
2023-02-03,300ETF,Future (IF88 (CSI 300 Futures)),icw,-0.9295,1.3,0.0,0,0.003237,0.0,0.0008,-0.0008,0.042749
2023-02-06,300ETF,Future (IF88 (CSI 300 Futures)),icw,-1.2808,1.3,-1.0,1,-0.005865,0.005865,0.0008,0.005065,0.047814
2023-02-07,300ETF,Future (IF88 (CSI 300 Futures)),icw,-0.1786,1.3,0.0,0,-0.001074,-0.0,0.0008,-0.0008,0.047014
2023-02-08,300ETF,Future (IF88 (CSI 300 Futures)),icw,0.222,1.3,0.0,0,-0.004298,-0.0,0.0,-0.0,0.047014
2023-02-09,300ETF,Future (IF88 (CSI 300 Futures)),icw,0.9127,1.3,0.0,0,0.00683,0.0,0.0,0.0,0.047014
2023-02-10,300ETF,Future (IF88 (CSI 300 Futures)),icw,-0.7442,1.3,0.0,0,-0.003637,-0.0,0.0,-0.0,0.047014
2023-02-13,300ETF,Future (IF88 (CSI 300 Futures)),icw,0.6715,1.3,0.0,0,0.003094,0.0,0.0,0.0,0.047014
2023-02-14,300ETF,Future (IF88 (CSI 300 Futures)),icw,-0.7872,1.3,0.0,0,-0.000531,-0.0,0.0,-0.0,0.047014
2023-02-15,300ETF,Future (IF88 (CSI 300 Futures)),icw,-0.2755,1.3,0.0,0,-0.002856,-0.0,0.0,-0.0,0.047014
2023-02-16,300ETF,Future (IF88 (CSI 300 Futures)),icw,-0.2773,1.3,0.0,0,-0.012108,-0.0,0.0,-0.0,0.047014
2023-02-17,300ETF,Future (IF88 (CSI 300 Futures)),icw,0.2816,1.3,0.0,0,-0.014645,-0.0,0.0,-0.0,0.047014
2023-02-20,300ETF,Future (IF88 (CSI 300 Futures)),icw,0.5083,1.3,0.0,0,0.021083,0.0,0.0,0.0,0.047014
2023-02-21,300ETF,Future (IF88 (CSI 300 Futures)),icw,-0.2262,1.3,0.0,0,-0.001158,-0.0,0.0,-0.0,0.047014
2023-02-22,300ETF,Future (IF88 (CSI 300 Futures)),icw,-0.6158,1.3,0.0,0,-0.001459,-0.0,0.0,-0.0,0.047014
2023-02-23,300ETF,Future (IF88 (CSI 300 Futures)),icw,0.7677,1.3,0.0,0,-0.004672,-0.0,0.0,-0.0,0.047014
2023-02-24,300ETF,Future (IF88 (CSI 300 Futures)),icw,-0.8463,1.3,0.0,0,-0.004559,-0.0,0.0,-0.0,0.047014
2023-02-27,300ETF,Future (IF88 (CSI 300 Futures)),icw,-0.2837,1.3,0.0,0,-0.002075,-0.0,0.0,-0.0,0.047014
2023-02-28,300ETF,Future (IF88 (CSI 300 Futures)),icw,0.3359,1.3,0.0,0,0.001181,0.0,0.0,0.0,0.047014
2023-03-01,300ETF,Future (IF88 (CSI 300 Futures)),icw,0.4167,1.3,0.0,0,0.00685,0.0,0.0,0.0,0.047014
2023-03-02,300ETF,Future (IF88 (CSI 300 Futures)),icw,-0.2244,1.3,0.0,0,-0.001453,-0.0,0.0,-0.0,0.047014
2023-03-03,300ETF,Future (IF88 (CSI 300 Futures)),icw,-0.0086,1.3,0.0,0,0.001111,0.0,0.0,0.0,0.047014
2023-03-06,300ETF,Future (IF88 (CSI 300 Futures)),icw,-0.84,1.3,0.0,0,-0.000974,-0.0,0.0,-0.0,0.047014
2023-03-07,300ETF,Future (IF88 (CSI 300 Futures)),icw,0.1385,1.3,0.0,0,-0.010298,-0.0,0.0,-0.0,0.047014
2023-03-08,300ETF,Future (IF88 (CSI 300 Futures)),icw,-0.5684,1.3,0.0,0,0.000248,0.0,0.0,0.0,0.047014
2023-03-09,300ETF,Future (IF88 (CSI 300 Futures)),icw,-0.6166,1.3,0.0,0,-0.002777,-0.0,0.0,-0.0,0.047014
2023-03-10,300ETF,Future (IF88 (CSI 300 Futures)),icw,-0.4805,1.3,0.0,0,-0.003963,-0.0,0.0,-0.0,0.047014
2023-03-13,300ETF,Future (IF88 (CSI 300 Futures)),icw,1.2912,1.3,0.0,0,0.005109,0.0,0.0,0.0,0.047014
2023-03-14,300ETF,Future (IF88 (CSI 300 Futures)),icw,-0.7551,1.3,0.0,0,0.001504,0.0,0.0,0.0,0.047014
2023-03-15,300ETF,Future (IF88 (CSI 300 Futures)),icw,-0.0034,1.3,0.0,0,-0.007641,-0.0,0.0,-0.0,0.047014
2023-03-16,300ETF,Future (IF88 (CSI 300 Futures)),icw,-0.6316,1.3,0.0,0,-0.003433,-0.0,0.0,-0.0,0.047014
2023-03-17,300ETF,Future (IF88 (CSI 300 Futures)),icw,-0.1943,1.3,0.0,0,-0.006005,-0.0,0.0,-0.0,0.047014
2023-03-20,300ETF,Future (IF88 (CSI 300 Futures)),icw,0.3943,1.3,0.0,0,-0.008079,-0.0,0.0,-0.0,0.047014
2023-03-21,300ETF,Future (IF88 (CSI 300 Futures)),icw,0.5232,1.3,0.0,0,0.00377,0.0,0.0,0.0,0.047014
2023-03-22,300ETF,Future (IF88 (CSI 300 Futures)),icw,0.6777,1.3,0.0,0,-0.004885,-0.0,0.0,-0.0,0.047014
2023-03-23,300ETF,Future (IF88 (CSI 300 Futures)),icw,0.2706,1.3,0.0,0,0.008051,0.0,0.0,0.0,0.047014
2023-03-24,300ETF,Future (IF88 (CSI 300 Futures)),icw,-0.8641,1.3,0.0,0,0.000545,0.0,0.0,0.0,0.047014
2023-03-27,300ETF,Future (IF88 (CSI 300 Futures)),icw,-0.8612,1.3,0.0,0,0.001145,0.0,0.0,0.0,0.047014
2023-03-28,300ETF,Future (IF88 (CSI 300 Futures)),icw,0.0279,1.3,0.0,0,-0.001097,-0.0,0.0,-0.0,0.047014
2023-03-29,300ETF,Future (IF88 (CSI 300 Futures)),icw,-0.3627,1.3,0.0,0,0.0,0.0,0.0,0.0,0.047014
2023-03-30,300ETF,Future (IF88 (CSI 300 Futures)),icw,0.4124,1.3,0.0,0,0.007057,0.0,0.0,0.0,0.047014
2023-03-31,300ETF,Future (IF88 (CSI 300 Futures)),icw,0.4263,1.3,0.0,0,-0.003297,-0.0,0.0,-0.0,0.047014
2023-04-03,300ETF,Future (IF88 (CSI 300 Futures)),icw,0.5294,1.3,0.0,0,0.004351,0.0,0.0,0.0,0.047014
2023-04-04,300ETF,Future (IF88 (CSI 300 Futures)),icw,-0.4357,1.3,0.0,0,0.00459,0.0,0.0,0.0,0.047014
2023-04-06,300ETF,Future (IF88 (CSI 300 Futures)),icw,-0.4689,1.3,0.0,0,0.000781,0.0,0.0,0.0,0.047014
2023-04-07,300ETF,Future (IF88 (CSI 300 Futures)),icw,0.4337,1.3,0.0,0,0.001793,0.0,0.0,0.0,0.047014
2023-04-10,300ETF,Future (IF88 (CSI 300 Futures)),icw,-0.8832,1.3,0.0,0,-0.002766,-0.0,0.0,-0.0,0.047014
2023-04-11,300ETF,Future (IF88 (CSI 300 Futures)),icw,-0.3651,1.3,0.0,0,-0.005696,-0.0,0.0,-0.0,0.047014
2023-04-12,300ETF,Future (IF88 (CSI 300 Futures)),icw,-0.4016,1.3,0.0,0,-0.001366,-0.0,0.0,-0.0,0.047014
2023-04-13,300ETF,Future (IF88 (CSI 300 Futures)),icw,-0.9471,1.3,0.0,0,-0.001276,-0.0,0.0,-0.0,0.047014
2023-04-14,300ETF,Future (IF88 (CSI 300 Futures)),icw,0.3619,1.3,0.0,0,-0.001564,-0.0,0.0,-0.0,0.047014
2023-04-17,300ETF,Future (IF88 (CSI 300 Futures)),icw,0.8223,1.3,0.0,0,0.006003,0.0,0.0,0.0,0.047014
2023-04-18,300ETF,Future (IF88 (CSI 300 Futures)),icw,0.695,1.3,0.0,0,0.001876,0.0,0.0,0.0,0.047014
2023-04-19,300ETF,Future (IF88 (CSI 300 Futures)),icw,-0.8309,1.3,0.0,0,-0.004689,-0.0,0.0,-0.0,0.047014
2023-04-20,300ETF,Future (IF88 (CSI 300 Futures)),icw,-0.5132,1.3,0.0,0,-0.002966,-0.0,0.0,-0.0,0.047014
2023-04-21,300ETF,Future (IF88 (CSI 300 Futures)),icw,-0.9082,1.3,0.0,0,-0.015049,-0.0,0.0,-0.0,0.047014
2023-04-24,300ETF,Future (IF88 (CSI 300 Futures)),icw,-0.617,1.3,0.0,0,-0.009912,-0.0,0.0,-0.0,0.047014
2023-04-25,300ETF,Future (IF88 (CSI 300 Futures)),icw,-0.0706,1.3,0.0,0,-0.00121,-0.0,0.0,-0.0,0.047014
2023-04-26,300ETF,Future (IF88 (CSI 300 Futures)),icw,-0.6421,1.3,0.0,0,-0.000151,-0.0,0.0,-0.0,0.047014
2023-04-27,300ETF,Future (IF88 (CSI 300 Futures)),icw,0.1569,1.3,0.0,0,0.006283,0.0,0.0,0.0,0.047014
2023-04-28,300ETF,Future (IF88 (CSI 300 Futures)),icw,0.9751,1.3,0.0,0,0.000646,0.0,0.0,0.0,0.047014
2023-05-04,300ETF,Future (IF88 (CSI 300 Futures)),icw,-0.8387,1.3,0.0,0,0.002143,0.0,0.0,0.0,0.047014
2023-05-05,300ETF,Future (IF88 (CSI 300 Futures)),icw,0.4205,1.3,0.0,0,-0.002194,-0.0,0.0,-0.0,0.047014
2023-05-08,300ETF,Future (IF88 (CSI 300 Futures)),icw,-0.1523,1.3,0.0,0,0.009683,0.0,0.0,0.0,0.047014
2023-05-09,300ETF,Future (IF88 (CSI 300 Futures)),icw,-0.624,1.3,0.0,0,-0.003763,-0.0,0.0,-0.0,0.047014
2023-05-10,300ETF,Future (IF88 (CSI 300 Futures)),icw,-0.7731,1.3,0.0,0,-0.004306,-0.0,0.0,-0.0,0.047014
2023-05-11,300ETF,Future (IF88 (CSI 300 Futures)),icw,-0.122,1.3,0.0,0,-0.003909,-0.0,0.0,-0.0,0.047014
2023-05-12,300ETF,Future (IF88 (CSI 300 Futures)),icw,0.045,1.3,0.0,0,-0.013325,-0.0,0.0,-0.0,0.047014
2023-05-15,300ETF,Future (IF88 (CSI 300 Futures)),icw,-0.4754,1.3,0.0,0,0.012817,0.0,0.0,0.0,0.047014
2023-05-16,300ETF,Future (IF88 (CSI 300 Futures)),icw,-0.8208,1.3,0.0,0,-0.004376,-0.0,0.0,-0.0,0.047014
2023-05-17,300ETF,Future (IF88 (CSI 300 Futures)),icw,-0.8961,1.3,0.0,0,-0.004248,-0.0,0.0,-0.0,0.047014
2023-05-18,300ETF,Future (IF88 (CSI 300 Futures)),icw,0.2673,1.3,0.0,0,-0.004097,-0.0,0.0,-0.0,0.047014
2023-05-19,300ETF,Future (IF88 (CSI 300 Futures)),icw,-0.8108,1.3,0.0,0,0.005034,0.0,0.0,0.0,0.047014
2023-05-22,300ETF,Future (IF88 (CSI 300 Futures)),icw,0.462,1.3,0.0,0,0.002525,0.0,0.0,0.0,0.047014
2023-05-23,300ETF,Future (IF88 (CSI 300 Futures)),icw,-0.6001,1.3,0.0,0,-0.007274,-0.0,0.0,-0.0,0.047014
2023-05-24,300ETF,Future (IF88 (CSI 300 Futures)),icw,-1.0742,1.3,-1.0,1,-0.003158,0.003158,0.0008,0.002358,0.049372
2023-05-25,300ETF,Future (IF88 (CSI 300 Futures)),icw,-0.1488,1.3,0.0,0,-0.00266,-0.0,0.0008,-0.0008,0.048572
2023-05-26,300ETF,Future (IF88 (CSI 300 Futures)),icw,-0.9699,1.3,0.0,0,0.006309,0.0,0.0,0.0,0.048572
2023-05-29,300ETF,Future (IF88 (CSI 300 Futures)),icw,-0.4637,1.3,0.0,0,-0.005849,-0.0,0.0,-0.0,0.048572
2023-05-30,300ETF,Future (IF88 (CSI 300 Futures)),icw,-0.1486,1.3,0.0,0,-0.001463,-0.0,0.0,-0.0,0.048572
2023-05-31,300ETF,Future (IF88 (CSI 300 Futures)),icw,-0.873,1.3,0.0,0,-0.003271,-0.0,0.0,-0.0,0.048572
2023-06-01,300ETF,Future (IF88 (CSI 300 Futures)),icw,1.0287,1.3,0.0,0,-0.00604,-0.0,0.0,-0.0,0.048572
2023-06-02,300ETF,Future (IF88 (CSI 300 Futures)),icw,0.6887,1.3,0.0,0,0.007751,0.0,0.0,0.0,0.048572
2023-06-05,300ETF,Future (IF88 (CSI 300 Futures)),icw,-0.969,1.3,0.0,0,-0.001771,-0.0,0.0,-0.0,0.048572
2023-06-06,300ETF,Future (IF88 (CSI 300 Futures)),icw,-0.5868,1.3,0.0,0,-0.004826,-0.0,0.0,-0.0,0.048572
2023-06-07,300ETF,Future (IF88 (CSI 300 Futures)),icw,-0.0175,1.3,0.0,0,-0.009232,-0.0,0.0,-0.0,0.048572
2023-06-08,300ETF,Future (IF88 (CSI 300 Futures)),icw,-0.1863,1.3,0.0,0,0.008066,0.0,0.0,0.0,0.048572
2023-06-09,300ETF,Future (IF88 (CSI 300 Futures)),icw,-0.1079,1.3,0.0,0,0.002876,0.0,0.0,0.0,0.048572
2023-06-12,300ETF,Future (IF88 (CSI 300 Futures)),icw,-0.5814,1.3,0.0,0,0.005738,0.0,0.0,0.0,0.048572
2023-06-13,300ETF,Future (IF88 (CSI 300 Futures)),icw,0.3586,1.3,0.0,0,0.00602,0.0,0.0,0.0,0.048572
2023-06-14,300ETF,Future (IF88 (CSI 300 Futures)),icw,0.2656,1.3,0.0,0,-0.005314,-0.0,0.0,-0.0,0.048572
2023-06-15,300ETF,Future (IF88 (CSI 300 Futures)),icw,0.7132,1.3,0.0,0,0.01005,0.0,0.0,0.0,0.048572
2023-06-16,300ETF,Future (IF88 (CSI 300 Futures)),icw,0.445,1.3,0.0,0,0.007743,0.0,0.0,0.0,0.048572
2023-06-19,300ETF,Future (IF88 (CSI 300 Futures)),icw,-1.0649,1.3,-1.0,1,-0.00471,0.00471,0.0008,0.00391,0.052482
2023-06-20,300ETF,Future (IF88 (CSI 300 Futures)),icw,0.1709,1.3,0.0,0,-0.002461,-0.0,0.0008,-0.0008,0.051682
2023-06-21,300ETF,Future (IF88 (CSI 300 Futures)),icw,-0.2058,1.3,0.0,0,-0.007867,-0.0,0.0,-0.0,0.051682
2023-06-26,300ETF,Future (IF88 (CSI 300 Futures)),icw,-0.9571,1.3,0.0,0,0.000106,0.0,0.0,0.0,0.051682
2023-06-27,300ETF,Future (IF88 (CSI 300 Futures)),icw,0.4551,1.3,0.0,0,0.005408,0.0,0.0,0.0,0.051682
2023-06-28,300ETF,Future (IF88 (CSI 300 Futures)),icw,-0.54,1.3,0.0,0,0.003516,0.0,0.0,0.0,0.051682
2023-06-29,300ETF,Future (IF88 (CSI 300 Futures)),icw,-0.5277,1.3,0.0,0,-0.001733,-0.0,0.0,-0.0,0.051682
2023-06-30,300ETF,Future (IF88 (CSI 300 Futures)),icw,0.3703,1.3,0.0,0,0.004554,0.0,0.0,0.0,0.051682
2023-07-03,300ETF,Future (IF88 (CSI 300 Futures)),icw,1.2187,1.3,0.0,0,0.002016,0.0,0.0,0.0,0.051682
2023-07-04,300ETF,Future (IF88 (CSI 300 Futures)),icw,-0.6802,1.3,0.0,0,0.001497,0.0,0.0,0.0,0.051682
2023-07-05,300ETF,Future (IF88 (CSI 300 Futures)),icw,-0.3506,1.3,0.0,0,-0.001349,-0.0,0.0,-0.0,0.051682
2023-07-06,300ETF,Future (IF88 (CSI 300 Futures)),icw,0.1481,1.3,0.0,0,-0.010417,-0.0,0.0,-0.0,0.051682
2023-07-07,300ETF,Future (IF88 (CSI 300 Futures)),icw,-0.5123,1.3,0.0,0,0.000472,0.0,0.0,0.0,0.051682
2023-07-10,300ETF,Future (IF88 (CSI 300 Futures)),icw,0.3567,1.3,0.0,0,-0.004125,-0.0,0.0,-0.0,0.051682
2023-07-11,300ETF,Future (IF88 (CSI 300 Futures)),icw,-0.0904,1.3,0.0,0,0.004681,0.0,0.0,0.0,0.051682
2023-07-12,300ETF,Future (IF88 (CSI 300 Futures)),icw,-0.5372,1.3,0.0,0,-0.004317,-0.0,0.0,-0.0,0.051682
2023-07-13,300ETF,Future (IF88 (CSI 300 Futures)),icw,1.095,1.3,0.0,0,0.003807,0.0,0.0,0.0,0.051682
2023-07-14,300ETF,Future (IF88 (CSI 300 Futures)),icw,-0.3783,1.3,0.0,0,-0.000308,-0.0,0.0,-0.0,0.051682
2023-07-17,300ETF,Future (IF88 (CSI 300 Futures)),icw,-1.1892,1.3,-1.0,1,0.0,-0.0,0.0008,-0.0008,0.050882
2023-07-18,300ETF,Future (IF88 (CSI 300 Futures)),icw,-0.7648,1.3,0.0,0,0.000156,0.0,0.0008,-0.0008,0.050082
2023-07-19,300ETF,Future (IF88 (CSI 300 Futures)),icw,0.077,1.3,0.0,0,-0.000416,-0.0,0.0,-0.0,0.050082
2023-07-20,300ETF,Future (IF88 (CSI 300 Futures)),icw,0.5794,1.3,0.0,0,-0.008373,-0.0,0.0,-0.0,0.050082
2023-07-21,300ETF,Future (IF88 (CSI 300 Futures)),icw,-0.0891,1.3,0.0,0,-0.002349,-0.0,0.0,-0.0,0.050082
2023-07-24,300ETF,Future (IF88 (CSI 300 Futures)),icw,-0.4544,1.3,0.0,0,-0.002622,-0.0,0.0,-0.0,0.050082
2023-07-25,300ETF,Future (IF88 (CSI 300 Futures)),icw,1.1999,1.3,0.0,0,0.006449,0.0,0.0,0.0,0.050082
2023-07-26,300ETF,Future (IF88 (CSI 300 Futures)),icw,-0.2506,1.3,0.0,0,-0.003115,-0.0,0.0,-0.0,0.050082
2023-07-27,300ETF,Future (IF88 (CSI 300 Futures)),icw,0.2334,1.3,0.0,0,-0.005516,-0.0,0.0,-0.0,0.050082
2023-07-28,300ETF,Future (IF88 (CSI 300 Futures)),icw,-0.1214,1.3,0.0,0,0.025366,0.0,0.0,0.0,0.050082
2023-07-31,300ETF,Future (IF88 (CSI 300 Futures)),icw,1.8305,1.3,1.0,1,-0.007969,-0.007969,0.0008,-0.008769,0.041313
2023-08-01,300ETF,Future (IF88 (CSI 300 Futures)),icw,0.3269,1.3,0.0,0,-0.006999,-0.0,0.0008,-0.0008,0.040513
2023-08-02,300ETF,Future (IF88 (CSI 300 Futures)),icw,0.339,1.3,0.0,0,-0.009932,-0.0,0.0,-0.0,0.040513
2023-08-03,300ETF,Future (IF88 (CSI 300 Futures)),icw,0.307,1.3,0.0,0,0.005798,0.0,0.0,0.0,0.040513
2023-08-04,300ETF,Future (IF88 (CSI 300 Futures)),icw,0.9726,1.3,0.0,0,-0.004885,-0.0,0.0,-0.0,0.040513
2023-08-07,300ETF,Future (IF88 (CSI 300 Futures)),icw,-1.0744,1.3,-1.0,1,-0.003191,0.003191,0.0008,0.002391,0.042904
2023-08-08,300ETF,Future (IF88 (CSI 300 Futures)),icw,-0.959,1.3,0.0,0,0.002351,0.0,0.0008,-0.0008,0.042104
2023-08-09,300ETF,Future (IF88 (CSI 300 Futures)),icw,0.0508,1.3,0.0,0,-0.001903,-0.0,0.0,-0.0,0.042104
2023-08-10,300ETF,Future (IF88 (CSI 300 Futures)),icw,0.1853,1.3,0.0,0,0.003459,0.0,0.0,0.0,0.042104
2023-08-11,300ETF,Future (IF88 (CSI 300 Futures)),icw,-0.917,1.3,0.0,0,-0.014978,-0.0,0.0,-0.0,0.042104
2023-08-14,300ETF,Future (IF88 (CSI 300 Futures)),icw,-1.108,1.3,-1.0,1,0.003628,-0.003628,0.0008,-0.004428,0.037677
2023-08-15,300ETF,Future (IF88 (CSI 300 Futures)),icw,-0.2541,1.3,0.0,0,-0.001347,-0.0,0.0008,-0.0008,0.036877
2023-08-16,300ETF,Future (IF88 (CSI 300 Futures)),icw,-0.2923,1.3,0.0,0,-0.001822,-0.0,0.0,-0.0,0.036877
2023-08-17,300ETF,Future (IF88 (CSI 300 Futures)),icw,-0.7621,1.3,0.0,0,0.009556,0.0,0.0,0.0,0.036877
2023-08-18,300ETF,Future (IF88 (CSI 300 Futures)),icw,-0.0274,1.3,0.0,0,-0.012698,-0.0,0.0,-0.0,0.036877
2023-08-21,300ETF,Future (IF88 (CSI 300 Futures)),icw,-0.9376,1.3,0.0,0,-0.002502,-0.0,0.0,-0.0,0.036877
2023-08-22,300ETF,Future (IF88 (CSI 300 Futures)),icw,0.2766,1.3,0.0,0,0.006818,0.0,0.0,0.0,0.036877
2023-08-23,300ETF,Future (IF88 (CSI 300 Futures)),icw,-0.6841,1.3,0.0,0,-0.009932,-0.0,0.0,-0.0,0.036877
2023-08-24,300ETF,Future (IF88 (CSI 300 Futures)),icw,0.169,1.3,0.0,0,0.006334,0.0,0.0,0.0,0.036877
2023-08-25,300ETF,Future (IF88 (CSI 300 Futures)),icw,-0.3895,1.3,0.0,0,-0.00457,-0.0,0.0,-0.0,0.036877
2023-08-28,300ETF,Future (IF88 (CSI 300 Futures)),icw,-0.4178,1.3,0.0,0,-0.022705,-0.0,0.0,-0.0,0.036877
2023-08-29,300ETF,Future (IF88 (CSI 300 Futures)),icw,0.6751,1.3,0.0,0,0.006355,0.0,0.0,0.0,0.036877
2023-08-30,300ETF,Future (IF88 (CSI 300 Futures)),icw,-0.4207,1.3,0.0,0,-0.005672,-0.0,0.0,-0.0,0.036877
2023-08-31,300ETF,Future (IF88 (CSI 300 Futures)),icw,-0.1496,1.3,0.0,0,-0.003542,-0.0,0.0,-0.0,0.036877
2023-09-01,300ETF,Future (IF88 (CSI 300 Futures)),icw,0.8276,1.3,0.0,0,-0.002213,-0.0,0.0,-0.0,0.036877
2023-09-04,300ETF,Future (IF88 (CSI 300 Futures)),icw,0.0739,1.3,0.0,0,0.006205,0.0,0.0,0.0,0.036877
2023-09-05,300ETF,Future (IF88 (CSI 300 Futures)),icw,-0.8201,1.3,0.0,0,-0.003813,-0.0,0.0,-0.0,0.036877
2023-09-06,300ETF,Future (IF88 (CSI 300 Futures)),icw,-0.9312,1.3,0.0,0,0.004824,0.0,0.0,0.0,0.036877
2023-09-07,300ETF,Future (IF88 (CSI 300 Futures)),icw,-1.0649,1.3,-1.0,1,-0.007837,0.007837,0.0008,0.007037,0.043913
2023-09-08,300ETF,Future (IF88 (CSI 300 Futures)),icw,-0.4604,1.3,0.0,0,0.000696,0.0,0.0008,-0.0008,0.043113
2023-09-11,300ETF,Future (IF88 (CSI 300 Futures)),icw,0.2064,1.3,0.0,0,0.006068,0.0,0.0,0.0,0.043113
2023-09-12,300ETF,Future (IF88 (CSI 300 Futures)),icw,-0.7022,1.3,0.0,0,-0.000213,-0.0,0.0,-0.0,0.043113
2023-09-13,300ETF,Future (IF88 (CSI 300 Futures)),icw,0.1946,1.3,0.0,0,-0.009445,-0.0,0.0,-0.0,0.043113
2023-09-14,300ETF,Future (IF88 (CSI 300 Futures)),icw,0.2466,1.3,0.0,0,-0.002675,-0.0,0.0,-0.0,0.043113
2023-09-15,300ETF,Future (IF88 (CSI 300 Futures)),icw,-0.6997,1.3,0.0,0,-0.005638,-0.0,0.0,-0.0,0.043113
2023-09-18,300ETF,Future (IF88 (CSI 300 Futures)),icw,0.254,1.3,0.0,0,0.002088,0.0,0.0,0.0,0.043113
2023-09-19,300ETF,Future (IF88 (CSI 300 Futures)),icw,-0.8475,1.3,0.0,0,0.005959,0.0,0.0,0.0,0.043113
2023-09-20,300ETF,Future (IF88 (CSI 300 Futures)),icw,-0.7747,1.3,0.0,0,0.000429,0.0,0.0,0.0,0.043113
2023-09-21,300ETF,Future (IF88 (CSI 300 Futures)),icw,-0.0895,1.3,0.0,0,-0.005141,-0.0,0.0,-0.0,0.043113
2023-09-22,300ETF,Future (IF88 (CSI 300 Futures)),icw,-0.2089,1.3,0.0,0,0.015826,0.0,0.0,0.0,0.043113
2023-09-25,300ETF,Future (IF88 (CSI 300 Futures)),icw,-1.0094,1.3,-1.0,1,-0.001073,0.001073,0.0008,0.000273,0.043386
2023-09-26,300ETF,Future (IF88 (CSI 300 Futures)),icw,0.1898,1.3,0.0,0,-0.003068,-0.0,0.0008,-0.0008,0.042586
2023-09-27,300ETF,Future (IF88 (CSI 300 Futures)),icw,0.9309,1.3,0.0,0,-0.004822,-0.0,0.0,-0.0,0.042586
2023-09-28,300ETF,Future (IF88 (CSI 300 Futures)),icw,-0.2788,1.3,0.0,0,-0.005879,-0.0,0.0,-0.0,0.042586
2023-10-09,300ETF,Future (IF88 (CSI 300 Futures)),icw,-1.0886,1.3,-1.0,1,0.002441,-0.002441,0.0008,-0.003241,0.039344
2023-10-10,300ETF,Future (IF88 (CSI 300 Futures)),icw,-0.3751,1.3,0.0,0,-0.008043,-0.0,0.0008,-0.0008,0.038544
2023-10-11,300ETF,Future (IF88 (CSI 300 Futures)),icw,0.5575,1.3,0.0,0,-0.006631,-0.0,0.0,-0.0,0.038544
2023-10-12,300ETF,Future (IF88 (CSI 300 Futures)),icw,-0.0112,1.3,0.0,0,0.001133,0.0,0.0,0.0,0.038544
2023-10-13,300ETF,Future (IF88 (CSI 300 Futures)),icw,-1.0497,1.3,-1.0,1,-0.002344,0.002344,0.0008,0.001544,0.040089
2023-10-16,300ETF,Future (IF88 (CSI 300 Futures)),icw,-0.8352,1.3,0.0,0,-0.006279,-0.0,0.0008,-0.0008,0.039289
2023-10-17,300ETF,Future (IF88 (CSI 300 Futures)),icw,-0.7691,1.3,0.0,0,0.001541,0.0,0.0,0.0,0.039289
2023-10-18,300ETF,Future (IF88 (CSI 300 Futures)),icw,-0.9181,1.3,0.0,0,-0.001768,-0.0,0.0,-0.0,0.039289
2023-10-19,300ETF,Future (IF88 (CSI 300 Futures)),icw,-0.9807,1.3,0.0,0,-0.008718,-0.0,0.0,-0.0,0.039289
2023-10-20,300ETF,Future (IF88 (CSI 300 Futures)),icw,0.0708,1.3,0.0,0,-0.001022,-0.0,0.0,-0.0,0.039289
2023-10-23,300ETF,Future (IF88 (CSI 300 Futures)),icw,-0.5898,1.3,0.0,0,-0.009615,-0.0,0.0,-0.0,0.039289
2023-10-24,300ETF,Future (IF88 (CSI 300 Futures)),icw,-0.5711,1.3,0.0,0,0.008464,0.0,0.0,0.0,0.039289
2023-10-25,300ETF,Future (IF88 (CSI 300 Futures)),icw,0.1503,1.3,0.0,0,-0.008004,-0.0,0.0,-0.0,0.039289
2023-10-26,300ETF,Future (IF88 (CSI 300 Futures)),icw,-0.0921,1.3,0.0,0,0.005877,0.0,0.0,0.0,0.039289
2023-10-27,300ETF,Future (IF88 (CSI 300 Futures)),icw,0.5935,1.3,0.0,0,0.012842,0.0,0.0,0.0,0.039289
2023-10-30,300ETF,Future (IF88 (CSI 300 Futures)),icw,0.5238,1.3,0.0,0,0.004353,0.0,0.0,0.0,0.039289
2023-10-31,300ETF,Future (IF88 (CSI 300 Futures)),icw,-0.7087,1.3,0.0,0,0.002574,0.0,0.0,0.0,0.039289
2023-11-01,300ETF,Future (IF88 (CSI 300 Futures)),icw,-0.6693,1.3,0.0,0,-0.000502,-0.0,0.0,-0.0,0.039289
2023-11-02,300ETF,Future (IF88 (CSI 300 Futures)),icw,0.5173,1.3,0.0,0,-0.004577,-0.0,0.0,-0.0,0.039289
2023-11-03,300ETF,Future (IF88 (CSI 300 Futures)),icw,0.5222,1.3,0.0,0,0.004734,0.0,0.0,0.0,0.039289
2023-11-06,300ETF,Future (IF88 (CSI 300 Futures)),icw,0.4512,1.3,0.0,0,0.003578,0.0,0.0,0.0,0.039289
2023-11-07,300ETF,Future (IF88 (CSI 300 Futures)),icw,-0.6876,1.3,0.0,0,0.002807,0.0,0.0,0.0,0.039289
2023-11-08,300ETF,Future (IF88 (CSI 300 Futures)),icw,0.0686,1.3,0.0,0,-0.006235,-0.0,0.0,-0.0,0.039289
2023-11-09,300ETF,Future (IF88 (CSI 300 Futures)),icw,0.5746,1.3,0.0,0,-0.000662,-0.0,0.0,-0.0,0.039289
2023-11-10,300ETF,Future (IF88 (CSI 300 Futures)),icw,-0.9001,1.3,0.0,0,0.001057,0.0,0.0,0.0,0.039289
2023-11-13,300ETF,Future (IF88 (CSI 300 Futures)),icw,-0.5769,1.3,0.0,0,-0.001841,-0.0,0.0,-0.0,0.039289
2023-11-14,300ETF,Future (IF88 (CSI 300 Futures)),icw,0.7185,1.3,0.0,0,-0.002839,-0.0,0.0,-0.0,0.039289
2023-11-15,300ETF,Future (IF88 (CSI 300 Futures)),icw,-0.5216,1.3,0.0,0,-0.003044,-0.0,0.0,-0.0,0.039289
2023-11-16,300ETF,Future (IF88 (CSI 300 Futures)),icw,-0.3725,1.3,0.0,0,-0.003286,-0.0,0.0,-0.0,0.039289
2023-11-17,300ETF,Future (IF88 (CSI 300 Futures)),icw,-0.1109,1.3,0.0,0,0.001066,0.0,0.0,0.0,0.039289
2023-11-20,300ETF,Future (IF88 (CSI 300 Futures)),icw,-0.7601,1.3,0.0,0,0.009259,0.0,0.0,0.0,0.039289
2023-11-21,300ETF,Future (IF88 (CSI 300 Futures)),icw,1.2065,1.3,0.0,0,-0.009107,-0.0,0.0,-0.0,0.039289
2023-11-22,300ETF,Future (IF88 (CSI 300 Futures)),icw,-0.3767,1.3,0.0,0,-0.004261,-0.0,0.0,-0.0,0.039289
2023-11-23,300ETF,Future (IF88 (CSI 300 Futures)),icw,-0.1193,1.3,0.0,0,0.008105,0.0,0.0,0.0,0.039289
2023-11-24,300ETF,Future (IF88 (CSI 300 Futures)),icw,-0.8565,1.3,0.0,0,-0.004564,-0.0,0.0,-0.0,0.039289
2023-11-27,300ETF,Future (IF88 (CSI 300 Futures)),icw,-1.1119,1.3,-1.0,1,0.002963,-0.002963,0.0008,-0.003763,0.035526
2023-11-28,300ETF,Future (IF88 (CSI 300 Futures)),icw,-0.479,1.3,0.0,0,0.000966,0.0,0.0008,-0.0008,0.034726
2023-11-29,300ETF,Future (IF88 (CSI 300 Futures)),icw,-0.9087,1.3,0.0,0,-0.004059,-0.0,0.0,-0.0,0.034726
2023-11-30,300ETF,Future (IF88 (CSI 300 Futures)),icw,0.127,1.3,0.0,0,0.002343,0.0,0.0,0.0,0.034726
2023-12-01,300ETF,Future (IF88 (CSI 300 Futures)),icw,-1.0384,1.3,-1.0,1,0.002069,-0.002069,0.0008,-0.002869,0.031857
2023-12-04,300ETF,Future (IF88 (CSI 300 Futures)),icw,-0.6526,1.3,0.0,0,-0.006911,-0.0,0.0008,-0.0008,0.031057
2023-12-05,300ETF,Future (IF88 (CSI 300 Futures)),icw,-0.9158,1.3,0.0,0,-0.009122,-0.0,0.0,-0.0,0.031057
2023-12-06,300ETF,Future (IF88 (CSI 300 Futures)),icw,-0.2456,1.3,0.0,0,0.001296,0.0,0.0,0.0,0.031057
2023-12-07,300ETF,Future (IF88 (CSI 300 Futures)),icw,-0.6834,1.3,0.0,0,0.007515,0.0,0.0,0.0,0.031057
2023-12-08,300ETF,Future (IF88 (CSI 300 Futures)),icw,0.2423,1.3,0.0,0,0.002773,0.0,0.0,0.0,0.031057
2023-12-11,300ETF,Future (IF88 (CSI 300 Futures)),icw,-1.2319,1.3,-1.0,1,0.023592,-0.023592,0.0008,-0.024392,0.006665
2023-12-12,300ETF,Future (IF88 (CSI 300 Futures)),icw,0.0563,1.3,0.0,0,0.002339,0.0,0.0008,-0.0008,0.005865
2023-12-13,300ETF,Future (IF88 (CSI 300 Futures)),icw,-0.9584,1.3,0.0,0,-0.007253,-0.0,0.0,-0.0,0.005865
2023-12-14,300ETF,Future (IF88 (CSI 300 Futures)),icw,0.4681,1.3,0.0,0,-0.005279,-0.0,0.0,-0.0,0.005865
2023-12-15,300ETF,Future (IF88 (CSI 300 Futures)),icw,0.3561,1.3,0.0,0,-0.007407,-0.0,0.0,-0.0,0.005865
2023-12-18,300ETF,Future (IF88 (CSI 300 Futures)),icw,0.068,1.3,0.0,0,-0.002877,-0.0,0.0,-0.0,0.005865
2023-12-19,300ETF,Future (IF88 (CSI 300 Futures)),icw,-0.7304,1.3,0.0,0,-0.002044,-0.0,0.0,-0.0,0.005865
2023-12-20,300ETF,Future (IF88 (CSI 300 Futures)),icw,-0.2993,1.3,0.0,0,-0.00739,-0.0,0.0,-0.0,0.005865
2023-12-21,300ETF,Future (IF88 (CSI 300 Futures)),icw,0.6534,1.3,0.0,0,0.009545,0.0,0.0,0.0,0.005865
2023-12-22,300ETF,Future (IF88 (CSI 300 Futures)),icw,-0.4357,1.3,0.0,0,0.004915,0.0,0.0,0.0,0.005865
2023-12-25,300ETF,Future (IF88 (CSI 300 Futures)),icw,0.4261,1.3,0.0,0,0.000477,0.0,0.0,0.0,0.005865
2023-12-26,300ETF,Future (IF88 (CSI 300 Futures)),icw,-0.8004,1.3,0.0,0,-0.002338,-0.0,0.0,-0.0,0.005865
2023-12-27,300ETF,Future (IF88 (CSI 300 Futures)),icw,-0.2737,1.3,0.0,0,0.00852,0.0,0.0,0.0,0.005865
2023-12-28,300ETF,Future (IF88 (CSI 300 Futures)),icw,1.4977,1.3,1.0,1,0.0141,0.0141,0.0008,0.0133,0.019166
2023-12-29,300ETF,Future (IF88 (CSI 300 Futures)),icw,0.4007,1.3,0.0,0,-0.001686,-0.0,0.0008,-0.0008,0.018366
2024-01-02,300ETF,Future (IF88 (CSI 300 Futures)),icw,-1.0613,1.3,-1.0,1,-0.004991,0.004991,0.0008,0.004191,0.022557
2024-01-03,300ETF,Future (IF88 (CSI 300 Futures)),icw,0.2175,1.3,0.0,0,-0.001417,-0.0,0.0008,-0.0008,0.021757
2024-01-04,300ETF,Future (IF88 (CSI 300 Futures)),icw,-0.8342,1.3,0.0,0,-0.00179,-0.0,0.0,-0.0,0.021757
2024-01-05,300ETF,Future (IF88 (CSI 300 Futures)),icw,0.6356,1.3,0.0,0,-0.010469,-0.0,0.0,-0.0,0.021757
2024-01-08,300ETF,Future (IF88 (CSI 300 Futures)),icw,-0.127,1.3,0.0,0,-0.009278,-0.0,0.0,-0.0,0.021757
2024-01-09,300ETF,Future (IF88 (CSI 300 Futures)),icw,-0.2529,1.3,0.0,0,0.001882,0.0,0.0,0.0,0.021757
2024-01-10,300ETF,Future (IF88 (CSI 300 Futures)),icw,-0.4083,1.3,0.0,0,-0.003954,-0.0,0.0,-0.0,0.021757
2024-01-11,300ETF,Future (IF88 (CSI 300 Futures)),icw,-0.2278,1.3,0.0,0,0.006816,0.0,0.0,0.0,0.021757
2024-01-12,300ETF,Future (IF88 (CSI 300 Futures)),icw,-0.3403,1.3,0.0,0,-0.00085,-0.0,0.0,-0.0,0.021757
2024-01-15,300ETF,Future (IF88 (CSI 300 Futures)),icw,-0.6169,1.3,0.0,0,0.001585,0.0,0.0,0.0,0.021757
2024-01-16,300ETF,Future (IF88 (CSI 300 Futures)),icw,0.5734,1.3,0.0,0,-0.001581,-0.0,0.0,-0.0,0.021757
2024-01-17,300ETF,Future (IF88 (CSI 300 Futures)),icw,-0.8213,1.3,0.0,0,-0.006623,-0.0,0.0,-0.0,0.021757
2024-01-18,300ETF,Future (IF88 (CSI 300 Futures)),icw,-0.5835,1.3,0.0,0,-0.000746,-0.0,0.0,-0.0,0.021757
2024-01-19,300ETF,Future (IF88 (CSI 300 Futures)),icw,0.1785,1.3,0.0,0,-0.003632,-0.0,0.0,-0.0,0.021757
2024-01-22,300ETF,Future (IF88 (CSI 300 Futures)),icw,-0.2782,1.3,0.0,0,-0.015666,-0.0,0.0,-0.0,0.021757
2024-01-23,300ETF,Future (IF88 (CSI 300 Futures)),icw,-0.4167,1.3,0.0,0,0.010088,0.0,0.0,0.0,0.021757
2024-01-24,300ETF,Future (IF88 (CSI 300 Futures)),icw,-0.216,1.3,0.0,0,0.008534,0.0,0.0,0.0,0.021757
2024-01-25,300ETF,Future (IF88 (CSI 300 Futures)),icw,0.3678,1.3,0.0,0,0.018394,0.0,0.0,0.0,0.021757
2024-01-26,300ETF,Future (IF88 (CSI 300 Futures)),icw,0.0003,1.3,0.0,0,0.001022,0.0,0.0,0.0,0.021757
2024-01-29,300ETF,Future (IF88 (CSI 300 Futures)),icw,0.4732,1.3,0.0,0,-0.005172,-0.0,0.0,-0.0,0.021757
2024-01-30,300ETF,Future (IF88 (CSI 300 Futures)),icw,-0.5378,1.3,0.0,0,-0.004601,-0.0,0.0,-0.0,0.021757
2024-01-31,300ETF,Future (IF88 (CSI 300 Futures)),icw,0.1988,1.3,0.0,0,-0.002606,-0.0,0.0,-0.0,0.021757
2024-02-01,300ETF,Future (IF88 (CSI 300 Futures)),icw,-0.256,1.3,0.0,0,0.00725,0.0,0.0,0.0,0.021757
2024-02-02,300ETF,Future (IF88 (CSI 300 Futures)),icw,0.3054,1.3,0.0,0,-0.015813,-0.0,0.0,-0.0,0.021757
2024-02-05,300ETF,Future (IF88 (CSI 300 Futures)),icw,0.043,1.3,0.0,0,0.006857,0.0,0.0,0.0,0.021757
2024-02-06,300ETF,Future (IF88 (CSI 300 Futures)),icw,1.9956,1.3,1.0,1,0.020303,0.020303,0.0008,0.019503,0.041259
2024-02-07,300ETF,Future (IF88 (CSI 300 Futures)),icw,0.3376,1.3,0.0,0,-0.00297,-0.0,0.0008,-0.0008,0.040459
2024-02-08,300ETF,Future (IF88 (CSI 300 Futures)),icw,0.5431,1.3,0.0,0,0.000958,0.0,0.0,0.0,0.040459
2024-02-19,300ETF,Future (IF88 (CSI 300 Futures)),icw,-0.8241,1.3,0.0,0,0.003264,0.0,0.0,0.0,0.040459
2024-02-20,300ETF,Future (IF88 (CSI 300 Futures)),icw,-0.7764,1.3,0.0,0,0.006452,0.0,0.0,0.0,0.040459
2024-02-21,300ETF,Future (IF88 (CSI 300 Futures)),icw,-0.0268,1.3,0.0,0,0.022683,0.0,0.0,0.0,0.040459
2024-02-22,300ETF,Future (IF88 (CSI 300 Futures)),icw,0.7684,1.3,0.0,0,0.003913,0.0,0.0,0.0,0.040459
2024-02-23,300ETF,Future (IF88 (CSI 300 Futures)),icw,0.0963,1.3,0.0,0,-0.000572,-0.0,0.0,-0.0,0.040459
2024-02-26,300ETF,Future (IF88 (CSI 300 Futures)),icw,-0.1558,1.3,0.0,0,-0.003291,-0.0,0.0,-0.0,0.040459
2024-02-27,300ETF,Future (IF88 (CSI 300 Futures)),icw,0.1789,1.3,0.0,0,0.009504,0.0,0.0,0.0,0.040459
2024-02-28,300ETF,Future (IF88 (CSI 300 Futures)),icw,-0.3758,1.3,0.0,0,-0.006804,-0.0,0.0,-0.0,0.040459
2024-02-29,300ETF,Future (IF88 (CSI 300 Futures)),icw,1.1323,1.3,0.0,0,0.008012,0.0,0.0,0.0,0.040459
2024-03-01,300ETF,Future (IF88 (CSI 300 Futures)),icw,0.0937,1.3,0.0,0,0.006913,0.0,0.0,0.0,0.040459
2024-03-04,300ETF,Future (IF88 (CSI 300 Futures)),icw,0.0363,1.3,0.0,0,-0.000735,-0.0,0.0,-0.0,0.040459
2024-03-05,300ETF,Future (IF88 (CSI 300 Futures)),icw,0.399,1.3,0.0,0,0.003834,0.0,0.0,0.0,0.040459
2024-03-06,300ETF,Future (IF88 (CSI 300 Futures)),icw,-0.238,1.3,0.0,0,0.003721,0.0,0.0,0.0,0.040459
2024-03-07,300ETF,Future (IF88 (CSI 300 Futures)),icw,0.6121,1.3,0.0,0,-0.009427,-0.0,0.0,-0.0,0.040459
2024-03-08,300ETF,Future (IF88 (CSI 300 Futures)),icw,0.4989,1.3,0.0,0,0.002825,0.0,0.0,0.0,0.040459
2024-03-11,300ETF,Future (IF88 (CSI 300 Futures)),icw,0.5028,1.3,0.0,0,0.010387,0.0,0.0,0.0,0.040459
2024-03-12,300ETF,Future (IF88 (CSI 300 Futures)),icw,-0.1466,1.3,0.0,0,-0.00272,-0.0,0.0,-0.0,0.040459
2024-03-13,300ETF,Future (IF88 (CSI 300 Futures)),icw,-0.7013,1.3,0.0,0,-0.002569,-0.0,0.0,-0.0,0.040459
2024-03-14,300ETF,Future (IF88 (CSI 300 Futures)),icw,0.9339,1.3,0.0,0,-0.009661,-0.0,0.0,-0.0,0.040459
2024-03-15,300ETF,Future (IF88 (CSI 300 Futures)),icw,-0.012,1.3,0.0,0,0.006127,0.0,0.0,0.0,0.040459
2024-03-18,300ETF,Future (IF88 (CSI 300 Futures)),icw,0.3788,1.3,0.0,0,-0.000111,-0.0,0.0,-0.0,0.040459
2024-03-19,300ETF,Future (IF88 (CSI 300 Futures)),icw,-0.3006,1.3,0.0,0,-0.007018,-0.0,0.0,-0.0,0.040459
2024-03-20,300ETF,Future (IF88 (CSI 300 Futures)),icw,0.0362,1.3,0.0,0,0.0,0.0,0.0,0.0,0.040459
2024-03-21,300ETF,Future (IF88 (CSI 300 Futures)),icw,-0.0926,1.3,0.0,0,-0.002944,-0.0,0.0,-0.0,0.040459
2024-03-22,300ETF,Future (IF88 (CSI 300 Futures)),icw,-0.5744,1.3,0.0,0,-0.002201,-0.0,0.0,-0.0,0.040459
2024-03-25,300ETF,Future (IF88 (CSI 300 Futures)),icw,-0.3715,1.3,0.0,0,5.7e-05,0.0,0.0,0.0,0.040459
2024-03-26,300ETF,Future (IF88 (CSI 300 Futures)),icw,0.5527,1.3,0.0,0,0.001693,0.0,0.0,0.0,0.040459
2024-03-27,300ETF,Future (IF88 (CSI 300 Futures)),icw,-0.7703,1.3,0.0,0,-0.00255,-0.0,0.0,-0.0,0.040459
2024-03-28,300ETF,Future (IF88 (CSI 300 Futures)),icw,-0.3007,1.3,0.0,0,0.003821,0.0,0.0,0.0,0.040459
2024-03-29,300ETF,Future (IF88 (CSI 300 Futures)),icw,0.6583,1.3,0.0,0,-0.001583,-0.0,0.0,-0.0,0.040459
2024-04-01,300ETF,Future (IF88 (CSI 300 Futures)),icw,1.559,1.3,1.0,1,0.001278,0.001278,0.0008,0.000478,0.040937
2024-04-02,300ETF,Future (IF88 (CSI 300 Futures)),icw,-0.2614,1.3,0.0,0,-0.005014,-0.0,0.0008,-0.0008,0.040137
2024-04-03,300ETF,Future (IF88 (CSI 300 Futures)),icw,-0.5563,1.3,0.0,0,-0.001959,-0.0,0.0,-0.0,0.040137
2024-04-08,300ETF,Future (IF88 (CSI 300 Futures)),icw,-0.8476,1.3,0.0,0,-0.003717,-0.0,0.0,-0.0,0.040137
2024-04-09,300ETF,Future (IF88 (CSI 300 Futures)),icw,0.0424,1.3,0.0,0,0.00249,0.0,0.0,0.0,0.040137
2024-04-10,300ETF,Future (IF88 (CSI 300 Futures)),icw,-0.5029,1.3,0.0,0,-0.005507,-0.0,0.0,-0.0,0.040137
2024-04-11,300ETF,Future (IF88 (CSI 300 Futures)),icw,-0.1969,1.3,0.0,0,0.00297,0.0,0.0,0.0,0.040137
2024-04-12,300ETF,Future (IF88 (CSI 300 Futures)),icw,0.275,1.3,0.0,0,-0.006699,-0.0,0.0,-0.0,0.040137
2024-04-15,300ETF,Future (IF88 (CSI 300 Futures)),icw,1.5067,1.3,1.0,1,0.007383,0.007383,0.0008,0.006583,0.04672
2024-04-16,300ETF,Future (IF88 (CSI 300 Futures)),icw,-0.1385,1.3,0.0,0,-0.006698,-0.0,0.0008,-0.0008,0.04592
2024-04-17,300ETF,Future (IF88 (CSI 300 Futures)),icw,0.096,1.3,0.0,0,0.010109,0.0,0.0,0.0,0.04592
2024-04-18,300ETF,Future (IF88 (CSI 300 Futures)),icw,-0.0696,1.3,0.0,0,0.005437,0.0,0.0,0.0,0.04592
2024-04-19,300ETF,Future (IF88 (CSI 300 Futures)),icw,-0.4362,1.3,0.0,0,-0.005979,-0.0,0.0,-0.0,0.04592
2024-04-22,300ETF,Future (IF88 (CSI 300 Futures)),icw,0.5216,1.3,0.0,0,-0.008239,-0.0,0.0,-0.0,0.04592
2024-04-23,300ETF,Future (IF88 (CSI 300 Futures)),icw,-0.3887,1.3,0.0,0,5.7e-05,0.0,0.0,0.0,0.04592
2024-04-24,300ETF,Future (IF88 (CSI 300 Futures)),icw,-0.7477,1.3,0.0,0,0.005471,0.0,0.0,0.0,0.04592
2024-04-25,300ETF,Future (IF88 (CSI 300 Futures)),icw,-0.5645,1.3,0.0,0,0.005282,0.0,0.0,0.0,0.04592
2024-04-26,300ETF,Future (IF88 (CSI 300 Futures)),icw,1.035,1.3,0.0,0,0.010911,0.0,0.0,0.0,0.04592
2024-04-29,300ETF,Future (IF88 (CSI 300 Futures)),icw,0.3067,1.3,0.0,0,0.009098,0.0,0.0,0.0,0.04592
2024-04-30,300ETF,Future (IF88 (CSI 300 Futures)),icw,-0.3855,1.3,0.0,0,-0.002427,-0.0,0.0,-0.0,0.04592
2024-05-06,300ETF,Future (IF88 (CSI 300 Futures)),icw,0.0283,1.3,0.0,0,-0.003284,-0.0,0.0,-0.0,0.04592
2024-05-07,300ETF,Future (IF88 (CSI 300 Futures)),icw,-0.385,1.3,0.0,0,-0.002468,-0.0,0.0,-0.0,0.04592
2024-05-08,300ETF,Future (IF88 (CSI 300 Futures)),icw,-0.8762,1.3,0.0,0,-0.004028,-0.0,0.0,-0.0,0.04592
2024-05-09,300ETF,Future (IF88 (CSI 300 Futures)),icw,0.8803,1.3,0.0,0,0.002248,0.0,0.0,0.0,0.04592
2024-05-10,300ETF,Future (IF88 (CSI 300 Futures)),icw,-0.1538,1.3,0.0,0,0.004282,0.0,0.0,0.0,0.04592
2024-05-13,300ETF,Future (IF88 (CSI 300 Futures)),icw,-0.8369,1.3,0.0,0,0.004734,0.0,0.0,0.0,0.04592
2024-05-14,300ETF,Future (IF88 (CSI 300 Futures)),icw,0.115,1.3,0.0,0,0.00011,0.0,0.0,0.0,0.04592
2024-05-15,300ETF,Future (IF88 (CSI 300 Futures)),icw,-0.556,1.3,0.0,0,-0.003255,-0.0,0.0,-0.0,0.04592
2024-05-16,300ETF,Future (IF88 (CSI 300 Futures)),icw,-0.3096,1.3,0.0,0,-0.002043,-0.0,0.0,-0.0,0.04592
2024-05-17,300ETF,Future (IF88 (CSI 300 Futures)),icw,-0.0563,1.3,0.0,0,0.002249,0.0,0.0,0.0,0.04592
2024-05-20,300ETF,Future (IF88 (CSI 300 Futures)),icw,0.8337,1.3,0.0,0,-0.004074,-0.0,0.0,-0.0,0.04592
2024-05-21,300ETF,Future (IF88 (CSI 300 Futures)),icw,-0.5116,1.3,0.0,0,-0.001967,-0.0,0.0,-0.0,0.04592
2024-05-22,300ETF,Future (IF88 (CSI 300 Futures)),icw,-0.1005,1.3,0.0,0,0.000764,0.0,0.0,0.0,0.04592
2024-05-23,300ETF,Future (IF88 (CSI 300 Futures)),icw,-0.9307,1.3,0.0,0,-0.003858,-0.0,0.0,-0.0,0.04592
2024-05-24,300ETF,Future (IF88 (CSI 300 Futures)),icw,0.3422,1.3,0.0,0,-0.009911,-0.0,0.0,-0.0,0.04592
2024-05-27,300ETF,Future (IF88 (CSI 300 Futures)),icw,0.2735,1.3,0.0,0,0.003935,0.0,0.0,0.0,0.04592
2024-05-28,300ETF,Future (IF88 (CSI 300 Futures)),icw,-0.4185,1.3,0.0,0,-0.005054,-0.0,0.0,-0.0,0.04592
2024-05-29,300ETF,Future (IF88 (CSI 300 Futures)),icw,0.6836,1.3,0.0,0,-0.003047,-0.0,0.0,-0.0,0.04592
2024-05-30,300ETF,Future (IF88 (CSI 300 Futures)),icw,0.0425,1.3,0.0,0,-0.007671,-0.0,0.0,-0.0,0.04592
2024-05-31,300ETF,Future (IF88 (CSI 300 Futures)),icw,0.133,1.3,0.0,0,-0.008472,-0.0,0.0,-0.0,0.04592
2024-06-03,300ETF,Future (IF88 (CSI 300 Futures)),icw,-0.5318,1.3,0.0,0,-0.005326,-0.0,0.0,-0.0,0.04592
2024-06-04,300ETF,Future (IF88 (CSI 300 Futures)),icw,-0.0546,1.3,0.0,0,0.006841,0.0,0.0,0.0,0.04592
2024-06-05,300ETF,Future (IF88 (CSI 300 Futures)),icw,0.1771,1.3,0.0,0,-0.005893,-0.0,0.0,-0.0,0.04592
2024-06-06,300ETF,Future (IF88 (CSI 300 Futures)),icw,0.4603,1.3,0.0,0,-0.004967,-0.0,0.0,-0.0,0.04592
2024-06-07,300ETF,Future (IF88 (CSI 300 Futures)),icw,-0.0803,1.3,0.0,0,-0.005936,-0.0,0.0,-0.0,0.04592
2024-06-11,300ETF,Future (IF88 (CSI 300 Futures)),icw,-0.7267,1.3,0.0,0,0.001189,0.0,0.0,0.0,0.04592
2024-06-12,300ETF,Future (IF88 (CSI 300 Futures)),icw,0.0939,1.3,0.0,0,-0.00034,-0.0,0.0,-0.0,0.04592
2024-06-13,300ETF,Future (IF88 (CSI 300 Futures)),icw,-0.7744,1.3,0.0,0,-0.006648,-0.0,0.0,-0.0,0.04592
2024-06-14,300ETF,Future (IF88 (CSI 300 Futures)),icw,-0.4491,1.3,0.0,0,0.005788,0.0,0.0,0.0,0.04592
2024-06-17,300ETF,Future (IF88 (CSI 300 Futures)),icw,-0.2821,1.3,0.0,0,-0.000566,-0.0,0.0,-0.0,0.04592
2024-06-18,300ETF,Future (IF88 (CSI 300 Futures)),icw,0.2358,1.3,0.0,0,-0.000962,-0.0,0.0,-0.0,0.04592
2024-06-19,300ETF,Future (IF88 (CSI 300 Futures)),icw,-0.9359,1.3,0.0,0,-0.000964,-0.0,0.0,-0.0,0.04592
2024-06-20,300ETF,Future (IF88 (CSI 300 Futures)),icw,0.0453,1.3,0.0,0,-0.002111,-0.0,0.0,-0.0,0.04592
2024-06-21,300ETF,Future (IF88 (CSI 300 Futures)),icw,-0.4543,1.3,0.0,0,-0.002019,-0.0,0.0,-0.0,0.04592
2024-06-24,300ETF,Future (IF88 (CSI 300 Futures)),icw,-0.5592,1.3,0.0,0,0.002256,0.0,0.0,0.0,0.04592
2024-06-25,300ETF,Future (IF88 (CSI 300 Futures)),icw,-0.0309,1.3,0.0,0,-0.006448,-0.0,0.0,-0.0,0.04592
2024-06-26,300ETF,Future (IF88 (CSI 300 Futures)),icw,-0.4057,1.3,0.0,0,0.009242,0.0,0.0,0.0,0.04592
2024-06-27,300ETF,Future (IF88 (CSI 300 Futures)),icw,-1.0123,1.3,-1.0,1,0.001808,-0.001808,0.0008,-0.002608,0.043312
2024-06-28,300ETF,Future (IF88 (CSI 300 Futures)),icw,0.9494,1.3,0.0,0,-0.005515,-0.0,0.0008,-0.0008,0.042512
2024-07-01,300ETF,Future (IF88 (CSI 300 Futures)),icw,-0.0331,1.3,0.0,0,0.005056,0.0,0.0,0.0,0.042512
2024-07-02,300ETF,Future (IF88 (CSI 300 Futures)),icw,0.1246,1.3,0.0,0,-0.004295,-0.0,0.0,-0.0,0.042512
2024-07-03,300ETF,Future (IF88 (CSI 300 Futures)),icw,-0.2847,1.3,0.0,0,0.001397,0.0,0.0,0.0,0.042512
2024-07-04,300ETF,Future (IF88 (CSI 300 Futures)),icw,0.5852,1.3,0.0,0,-0.005708,-0.0,0.0,-0.0,0.042512
2024-07-05,300ETF,Future (IF88 (CSI 300 Futures)),icw,-0.3821,1.3,0.0,0,0.00053,0.0,0.0,0.0,0.042512
2024-07-08,300ETF,Future (IF88 (CSI 300 Futures)),icw,-0.4326,1.3,0.0,0,-0.003188,-0.0,0.0,-0.0,0.042512
2024-07-09,300ETF,Future (IF88 (CSI 300 Futures)),icw,-0.2613,1.3,0.0,0,0.010932,0.0,0.0,0.0,0.042512
2024-07-10,300ETF,Future (IF88 (CSI 300 Futures)),icw,0.297,1.3,0.0,0,-0.003217,-0.0,0.0,-0.0,0.042512
2024-07-11,300ETF,Future (IF88 (CSI 300 Futures)),icw,-0.337,1.3,0.0,0,0.003015,0.0,0.0,0.0,0.042512
2024-07-12,300ETF,Future (IF88 (CSI 300 Futures)),icw,-0.0964,1.3,0.0,0,0.000693,0.0,0.0,0.0,0.042512
2024-07-15,300ETF,Future (IF88 (CSI 300 Futures)),icw,0.1564,1.3,0.0,0,-0.001443,-0.0,0.0,-0.0,0.042512
2024-07-16,300ETF,Future (IF88 (CSI 300 Futures)),icw,-0.0028,1.3,0.0,0,0.005008,0.0,0.0,0.0,0.042512
2024-07-17,300ETF,Future (IF88 (CSI 300 Futures)),icw,-0.5332,1.3,0.0,0,0.005386,0.0,0.0,0.0,0.042512
2024-07-18,300ETF,Future (IF88 (CSI 300 Futures)),icw,-0.6276,1.3,0.0,0,0.007322,0.0,0.0,0.0,0.042512
2024-07-19,300ETF,Future (IF88 (CSI 300 Futures)),icw,-0.5141,1.3,0.0,0,0.007662,0.0,0.0,0.0,0.042512
2024-07-22,300ETF,Future (IF88 (CSI 300 Futures)),icw,-0.6989,1.3,0.0,0,-0.001145,-0.0,0.0,-0.0,0.042512
2024-07-23,300ETF,Future (IF88 (CSI 300 Futures)),icw,-1.0035,1.3,-1.0,1,-0.01163,0.01163,0.0008,0.01083,0.053342
2024-07-24,300ETF,Future (IF88 (CSI 300 Futures)),icw,0.4281,1.3,0.0,0,-0.005575,-0.0,0.0008,-0.0008,0.052542
2024-07-25,300ETF,Future (IF88 (CSI 300 Futures)),icw,-0.2387,1.3,0.0,0,-0.005669,-0.0,0.0,-0.0,0.052542
2024-07-26,300ETF,Future (IF88 (CSI 300 Futures)),icw,0.8059,1.3,0.0,0,-0.004886,-0.0,0.0,-0.0,0.052542
2024-07-29,300ETF,Future (IF88 (CSI 300 Futures)),icw,-0.4008,1.3,0.0,0,-0.002185,-0.0,0.0,-0.0,0.052542
2024-07-30,300ETF,Future (IF88 (CSI 300 Futures)),icw,-1.1033,1.3,-1.0,1,0.00125,-0.00125,0.0008,-0.00205,0.050492
2024-07-31,300ETF,Future (IF88 (CSI 300 Futures)),icw,0.8412,1.3,0.0,0,0.015281,0.0,0.0008,-0.0008,0.049692
2024-08-01,300ETF,Future (IF88 (CSI 300 Futures)),icw,-0.3147,1.3,0.0,0,-0.006363,-0.0,0.0,-0.0,0.049692
2024-08-02,300ETF,Future (IF88 (CSI 300 Futures)),icw,0.017,1.3,0.0,0,-0.00837,-0.0,0.0,-0.0,0.049692
2024-08-05,300ETF,Future (IF88 (CSI 300 Futures)),icw,1.0217,1.3,0.0,0,-0.011612,-0.0,0.0,-0.0,0.049692
2024-08-06,300ETF,Future (IF88 (CSI 300 Futures)),icw,-0.0388,1.3,0.0,0,-0.006665,-0.0,0.0,-0.0,0.049692
2024-08-07,300ETF,Future (IF88 (CSI 300 Futures)),icw,0.489,1.3,0.0,0,-0.003538,-0.0,0.0,-0.0,0.049692
2024-08-08,300ETF,Future (IF88 (CSI 300 Futures)),icw,-0.5987,1.3,0.0,0,0.007099,0.0,0.0,0.0,0.049692
2024-08-09,300ETF,Future (IF88 (CSI 300 Futures)),icw,0.2051,1.3,0.0,0,-0.005819,-0.0,0.0,-0.0,0.049692
2024-08-12,300ETF,Future (IF88 (CSI 300 Futures)),icw,-0.0827,1.3,0.0,0,-0.002709,-0.0,0.0,-0.0,0.049692
2024-08-13,300ETF,Future (IF88 (CSI 300 Futures)),icw,-0.3309,1.3,0.0,0,-0.000846,-0.0,0.0,-0.0,0.049692
2024-08-14,300ETF,Future (IF88 (CSI 300 Futures)),icw,-1.0434,1.3,-1.0,1,-0.000907,0.000907,0.0008,0.000107,0.049799
2024-08-15,300ETF,Future (IF88 (CSI 300 Futures)),icw,1.03,1.3,0.0,0,0.001986,0.0,0.0008,-0.0008,0.048999
2024-08-16,300ETF,Future (IF88 (CSI 300 Futures)),icw,-0.2163,1.3,0.0,0,-0.003951,-0.0,0.0,-0.0,0.048999
2024-08-19,300ETF,Future (IF88 (CSI 300 Futures)),icw,1.2133,1.3,0.0,0,-0.006128,-0.0,0.0,-0.0,0.048999
2024-08-20,300ETF,Future (IF88 (CSI 300 Futures)),icw,-0.8504,1.3,0.0,0,-0.004032,-0.0,0.0,-0.0,0.048999
2024-08-21,300ETF,Future (IF88 (CSI 300 Futures)),icw,-0.7779,1.3,0.0,0,0.002055,0.0,0.0,0.0,0.048999
2024-08-22,300ETF,Future (IF88 (CSI 300 Futures)),icw,-0.221,1.3,0.0,0,-0.001151,-0.0,0.0,-0.0,0.048999
2024-08-23,300ETF,Future (IF88 (CSI 300 Futures)),icw,0.3932,1.3,0.0,0,0.005493,0.0,0.0,0.0,0.048999
2024-08-26,300ETF,Future (IF88 (CSI 300 Futures)),icw,-0.2786,1.3,0.0,0,-0.000181,-0.0,0.0,-0.0,0.048999
2024-08-27,300ETF,Future (IF88 (CSI 300 Futures)),icw,-0.4321,1.3,0.0,0,-0.001212,-0.0,0.0,-0.0,0.048999
2024-08-28,300ETF,Future (IF88 (CSI 300 Futures)),icw,-0.233,1.3,0.0,0,-0.001947,-0.0,0.0,-0.0,0.048999
2024-08-29,300ETF,Future (IF88 (CSI 300 Futures)),icw,-0.1806,1.3,0.0,0,0.003845,0.0,0.0,0.0,0.048999
2024-08-30,300ETF,Future (IF88 (CSI 300 Futures)),icw,1.4931,1.3,1.0,1,0.004032,0.004032,0.0008,0.003232,0.052231
2024-09-02,300ETF,Future (IF88 (CSI 300 Futures)),icw,-0.7284,1.3,0.0,0,-0.007626,-0.0,0.0008,-0.0008,0.051431
2024-09-03,300ETF,Future (IF88 (CSI 300 Futures)),icw,0.0545,1.3,0.0,0,0.001591,0.0,0.0,0.0,0.051431
2024-09-04,300ETF,Future (IF88 (CSI 300 Futures)),icw,-0.5428,1.3,0.0,0,-6.1e-05,-0.0,0.0,-0.0,0.051431
2024-09-05,300ETF,Future (IF88 (CSI 300 Futures)),icw,0.2736,1.3,0.0,0,0.002644,0.0,0.0,0.0,0.051431
2024-09-06,300ETF,Future (IF88 (CSI 300 Futures)),icw,-0.0161,1.3,0.0,0,-0.010324,-0.0,0.0,-0.0,0.051431
2024-09-09,300ETF,Future (IF88 (CSI 300 Futures)),icw,-0.5611,1.3,0.0,0,-0.006388,-0.0,0.0,-0.0,0.051431
2024-09-10,300ETF,Future (IF88 (CSI 300 Futures)),icw,-0.2971,1.3,0.0,0,0.002447,0.0,0.0,0.0,0.051431
2024-09-11,300ETF,Future (IF88 (CSI 300 Futures)),icw,-0.8977,1.3,0.0,0,0.001069,0.0,0.0,0.0,0.051431
2024-09-12,300ETF,Future (IF88 (CSI 300 Futures)),icw,0.508,1.3,0.0,0,-0.005019,-0.0,0.0,-0.0,0.051431
2024-09-13,300ETF,Future (IF88 (CSI 300 Futures)),icw,0.4896,1.3,0.0,0,-0.008757,-0.0,0.0,-0.0,0.051431
2024-09-18,300ETF,Future (IF88 (CSI 300 Futures)),icw,0.455,1.3,0.0,0,0.003916,0.0,0.0,0.0,0.051431
2024-09-19,300ETF,Future (IF88 (CSI 300 Futures)),icw,-0.4825,1.3,0.0,0,0.011236,0.0,0.0,0.0,0.051431
2024-09-20,300ETF,Future (IF88 (CSI 300 Futures)),icw,-0.4428,1.3,0.0,0,0.00195,0.0,0.0,0.0,0.051431
2024-09-23,300ETF,Future (IF88 (CSI 300 Futures)),icw,0.9735,1.3,0.0,0,-0.004482,-0.0,0.0,-0.0,0.051431
2024-09-24,300ETF,Future (IF88 (CSI 300 Futures)),icw,0.0096,1.3,0.0,0,0.036945,0.0,0.0,0.0,0.051431
2024-09-25,300ETF,Future (IF88 (CSI 300 Futures)),icw,1.9401,1.3,1.0,1,-0.012834,-0.012834,0.0008,-0.013634,0.037797
2024-09-26,300ETF,Future (IF88 (CSI 300 Futures)),icw,0.8723,1.3,0.0,0,0.030667,0.0,0.0008,-0.0008,0.036997
2024-09-27,300ETF,Future (IF88 (CSI 300 Futures)),icw,1.4086,1.3,1.0,1,0.041525,0.041525,0.0008,0.040725,0.077722
2024-09-30,300ETF,Future (IF88 (CSI 300 Futures)),icw,2.3699,1.3,1.0,1,0.051948,0.051948,0.0,0.051948,0.12967
2024-10-08,300ETF,Future (IF88 (CSI 300 Futures)),icw,-0.0838,1.3,0.0,0,-0.050967,-0.0,0.0008,-0.0008,0.12887
2024-10-09,300ETF,Future (IF88 (CSI 300 Futures)),icw,-1.3629,1.3,-1.0,1,-0.028803,0.028803,0.0008,0.028003,0.156873
2024-10-10,300ETF,Future (IF88 (CSI 300 Futures)),icw,1.145,1.3,0.0,0,0.010806,0.0,0.0008,-0.0008,0.156073
2024-10-11,300ETF,Future (IF88 (CSI 300 Futures)),icw,-0.9001,1.3,0.0,0,-0.028697,-0.0,0.0,-0.0,0.156073
2024-10-14,300ETF,Future (IF88 (CSI 300 Futures)),icw,0.8656,1.3,0.0,0,0.010289,0.0,0.0,0.0,0.156073
2024-10-15,300ETF,Future (IF88 (CSI 300 Futures)),icw,-0.5913,1.3,0.0,0,-0.015621,-0.0,0.0,-0.0,0.156073
2024-10-16,300ETF,Future (IF88 (CSI 300 Futures)),icw,-0.0156,1.3,0.0,0,-0.009728,-0.0,0.0,-0.0,0.156073
2024-10-17,300ETF,Future (IF88 (CSI 300 Futures)),icw,0.1783,1.3,0.0,0,-0.017828,-0.0,0.0,-0.0,0.156073
2024-10-18,300ETF,Future (IF88 (CSI 300 Futures)),icw,0.287,1.3,0.0,0,0.061175,0.0,0.0,0.0,0.156073
2024-10-21,300ETF,Future (IF88 (CSI 300 Futures)),icw,0.1581,1.3,0.0,0,0.007699,0.0,0.0,0.0,0.156073
2024-10-22,300ETF,Future (IF88 (CSI 300 Futures)),icw,0.6243,1.3,0.0,0,-0.000202,-0.0,0.0,-0.0,0.156073
2024-10-23,300ETF,Future (IF88 (CSI 300 Futures)),icw,-0.3753,1.3,0.0,0,0.004788,0.0,0.0,0.0,0.156073
2024-10-24,300ETF,Future (IF88 (CSI 300 Futures)),icw,-0.5574,1.3,0.0,0,-0.003559,-0.0,0.0,-0.0,0.156073
2024-10-25,300ETF,Future (IF88 (CSI 300 Futures)),icw,0.3465,1.3,0.0,0,0.007441,0.0,0.0,0.0,0.156073
2024-10-28,300ETF,Future (IF88 (CSI 300 Futures)),icw,-1.0377,1.3,-1.0,1,0.003751,-0.003751,0.0008,-0.004551,0.151521
2024-10-29,300ETF,Future (IF88 (CSI 300 Futures)),icw,0.5194,1.3,0.0,0,-0.008297,-0.0,0.0008,-0.0008,0.150721
2024-10-30,300ETF,Future (IF88 (CSI 300 Futures)),icw,0.0263,1.3,0.0,0,-0.010079,-0.0,0.0,-0.0,0.150721
2024-10-31,300ETF,Future (IF88 (CSI 300 Futures)),icw,-0.7787,1.3,0.0,0,0.00742,0.0,0.0,0.0,0.150721
2024-11-01,300ETF,Future (IF88 (CSI 300 Futures)),icw,1.0002,1.3,0.0,0,-0.002804,-0.0,0.0,-0.0,0.150721
2024-11-04,300ETF,Future (IF88 (CSI 300 Futures)),icw,0.0515,1.3,0.0,0,0.004841,0.0,0.0,0.0,0.150721
2024-11-05,300ETF,Future (IF88 (CSI 300 Futures)),icw,0.0157,1.3,0.0,0,0.019196,0.0,0.0,0.0,0.150721
2024-11-06,300ETF,Future (IF88 (CSI 300 Futures)),icw,0.033,1.3,0.0,0,-0.006952,-0.0,0.0,-0.0,0.150721
2024-11-07,300ETF,Future (IF88 (CSI 300 Futures)),icw,0.3458,1.3,0.0,0,0.023729,0.0,0.0,0.0,0.150721
2024-11-08,300ETF,Future (IF88 (CSI 300 Futures)),icw,-0.2543,1.3,0.0,0,-0.013387,-0.0,0.0,-0.0,0.150721
2024-11-11,300ETF,Future (IF88 (CSI 300 Futures)),icw,-0.3168,1.3,0.0,0,0.008081,0.0,0.0,0.0,0.150721
2024-11-12,300ETF,Future (IF88 (CSI 300 Futures)),icw,1.185,1.3,0.0,0,-0.023713,-0.0,0.0,-0.0,0.150721
2024-11-13,300ETF,Future (IF88 (CSI 300 Futures)),icw,0.349,1.3,0.0,0,0.004538,0.0,0.0,0.0,0.150721
2024-11-14,300ETF,Future (IF88 (CSI 300 Futures)),icw,-0.0391,1.3,0.0,0,-0.011552,-0.0,0.0,-0.0,0.150721
2024-11-15,300ETF,Future (IF88 (CSI 300 Futures)),icw,0.0141,1.3,0.0,0,-0.004726,-0.0,0.0,-0.0,0.150721
2024-11-18,300ETF,Future (IF88 (CSI 300 Futures)),icw,0.2868,1.3,0.0,0,-0.008863,-0.0,0.0,-0.0,0.150721
2024-11-19,300ETF,Future (IF88 (CSI 300 Futures)),icw,0.4348,1.3,0.0,0,0.000706,0.0,0.0,0.0,0.150721
2024-11-20,300ETF,Future (IF88 (CSI 300 Futures)),icw,-0.3414,1.3,0.0,0,0.005388,0.0,0.0,0.0,0.150721
2024-11-21,300ETF,Future (IF88 (CSI 300 Futures)),icw,-0.01,1.3,0.0,0,0.002113,0.0,0.0,0.0,0.150721
2024-11-22,300ETF,Future (IF88 (CSI 300 Futures)),icw,-0.2438,1.3,0.0,0,-0.019422,-0.0,0.0,-0.0,0.150721
2024-11-25,300ETF,Future (IF88 (CSI 300 Futures)),icw,0.4266,1.3,0.0,0,-0.007805,-0.0,0.0,-0.0,0.150721
2024-11-26,300ETF,Future (IF88 (CSI 300 Futures)),icw,0.2183,1.3,0.0,0,-0.002294,-0.0,0.0,-0.0,0.150721
2024-11-27,300ETF,Future (IF88 (CSI 300 Futures)),icw,-0.1325,1.3,0.0,0,0.021023,0.0,0.0,0.0,0.150721
2024-11-28,300ETF,Future (IF88 (CSI 300 Futures)),icw,-0.3124,1.3,0.0,0,-0.004172,-0.0,0.0,-0.0,0.150721
2024-11-29,300ETF,Future (IF88 (CSI 300 Futures)),icw,0.9823,1.3,0.0,0,0.009639,0.0,0.0,0.0,0.150721
2024-12-02,300ETF,Future (IF88 (CSI 300 Futures)),icw,0.7381,1.3,0.0,0,-0.00335,-0.0,0.0,-0.0,0.150721
2024-12-03,300ETF,Future (IF88 (CSI 300 Futures)),icw,-0.8429,1.3,0.0,0,0.006549,0.0,0.0,0.0,0.150721
2024-12-04,300ETF,Future (IF88 (CSI 300 Futures)),icw,-0.8917,1.3,0.0,0,-0.001428,-0.0,0.0,-0.0,0.150721
2024-12-05,300ETF,Future (IF88 (CSI 300 Futures)),icw,0.0191,1.3,0.0,0,-0.000102,-0.0,0.0,-0.0,0.150721
2024-12-06,300ETF,Future (IF88 (CSI 300 Futures)),icw,0.3584,1.3,0.0,0,0.014887,0.0,0.0,0.0,0.150721
2024-12-09,300ETF,Future (IF88 (CSI 300 Futures)),icw,-0.0572,1.3,0.0,0,-0.00111,-0.0,0.0,-0.0,0.150721
2024-12-10,300ETF,Future (IF88 (CSI 300 Futures)),icw,-0.198,1.3,0.0,0,-0.010091,-0.0,0.0,-0.0,0.150721
2024-12-11,300ETF,Future (IF88 (CSI 300 Futures)),icw,0.3329,1.3,0.0,0,-0.0013,-0.0,0.0,-0.0,0.150721
2024-12-12,300ETF,Future (IF88 (CSI 300 Futures)),icw,-0.2549,1.3,0.0,0,0.009566,0.0,0.0,0.0,0.150721
2024-12-13,300ETF,Future (IF88 (CSI 300 Futures)),icw,-1.1541,1.3,-1.0,1,-0.00774,0.00774,0.0008,0.00694,0.157662
2024-12-16,300ETF,Future (IF88 (CSI 300 Futures)),icw,-0.0213,1.3,0.0,0,-0.005515,-0.0,0.0008,-0.0008,0.156862
2024-12-17,300ETF,Future (IF88 (CSI 300 Futures)),icw,1.1343,1.3,0.0,0,-0.006254,-0.0,0.0,-0.0,0.156862
2024-12-18,300ETF,Future (IF88 (CSI 300 Futures)),icw,0.79,1.3,0.0,0,-0.003345,-0.0,0.0,-0.0,0.156862
2024-12-19,300ETF,Future (IF88 (CSI 300 Futures)),icw,-0.2753,1.3,0.0,0,0.003097,0.0,0.0,0.0,0.156862
2024-12-20,300ETF,Future (IF88 (CSI 300 Futures)),icw,-0.4027,1.3,0.0,0,-0.002186,-0.0,0.0,-0.0,0.156862
2024-12-23,300ETF,Future (IF88 (CSI 300 Futures)),icw,1.138,1.3,0.0,0,-0.003701,-0.0,0.0,-0.0,0.156862
2024-12-24,300ETF,Future (IF88 (CSI 300 Futures)),icw,0.6376,1.3,0.0,0,0.004483,0.0,0.0,0.0,0.156862
2024-12-25,300ETF,Future (IF88 (CSI 300 Futures)),icw,-0.0448,1.3,0.0,0,-0.006219,-0.0,0.0,-0.0,0.156862
2024-12-26,300ETF,Future (IF88 (CSI 300 Futures)),icw,-0.6298,1.3,0.0,0,0.003261,0.0,0.0,0.0,0.156862
2024-12-27,300ETF,Future (IF88 (CSI 300 Futures)),icw,-0.5328,1.3,0.0,0,0.001858,0.0,0.0,0.0,0.156862
2024-12-30,300ETF,Future (IF88 (CSI 300 Futures)),icw,0.7713,1.3,0.0,0,0.00015,0.0,0.0,0.0,0.156862
2024-12-31,300ETF,Future (IF88 (CSI 300 Futures)),icw,-0.1236,1.3,0.0,0,-0.013976,-0.0,0.0,-0.0,0.156862
2025-01-02,300ETF,Future (IF88 (CSI 300 Futures)),icw,-0.7954,1.3,0.0,0,-0.022235,-0.0,0.0,-0.0,0.156862
2025-01-03,300ETF,Future (IF88 (CSI 300 Futures)),icw,-0.406,1.3,0.0,0,-0.007968,-0.0,0.0,-0.0,0.156862
2025-01-06,300ETF,Future (IF88 (CSI 300 Futures)),icw,-0.1897,1.3,0.0,0,-5.3e-05,-0.0,0.0,-0.0,0.156862
2025-01-07,300ETF,Future (IF88 (CSI 300 Futures)),icw,0.3884,1.3,0.0,0,0.003544,0.0,0.0,0.0,0.156862
2025-01-08,300ETF,Future (IF88 (CSI 300 Futures)),icw,-0.7656,1.3,0.0,0,-0.000106,-0.0,0.0,-0.0,0.156862
2025-01-09,300ETF,Future (IF88 (CSI 300 Futures)),icw,-0.503,1.3,0.0,0,0.001743,0.0,0.0,0.0,0.156862
2025-01-10,300ETF,Future (IF88 (CSI 300 Futures)),icw,-0.231,1.3,0.0,0,-0.004155,-0.0,0.0,-0.0,0.156862
2025-01-13,300ETF,Future (IF88 (CSI 300 Futures)),icw,0.1894,1.3,0.0,0,-0.003118,-0.0,0.0,-0.0,0.156862
2025-01-14,300ETF,Future (IF88 (CSI 300 Futures)),icw,0.8319,1.3,0.0,0,0.013693,0.0,0.0,0.0,0.156862
2025-01-15,300ETF,Future (IF88 (CSI 300 Futures)),icw,-0.5883,1.3,0.0,0,-0.003315,-0.0,0.0,-0.0,0.156862
2025-01-16,300ETF,Future (IF88 (CSI 300 Futures)),icw,1.3678,1.3,1.0,1,-0.008828,-0.008828,0.0008,-0.009628,0.147234
2025-01-17,300ETF,Future (IF88 (CSI 300 Futures)),icw,-0.1513,1.3,0.0,0,0.004945,0.0,0.0008,-0.0008,0.146434
2025-01-20,300ETF,Future (IF88 (CSI 300 Futures)),icw,0.9564,1.3,0.0,0,-0.006719,-0.0,0.0,-0.0,0.146434
2025-01-21,300ETF,Future (IF88 (CSI 300 Futures)),icw,-0.8055,1.3,0.0,0,0.002668,0.0,0.0,0.0,0.146434
2025-01-22,300ETF,Future (IF88 (CSI 300 Futures)),icw,-0.8535,1.3,0.0,0,5.3e-05,0.0,0.0,0.0,0.146434
2025-01-23,300ETF,Future (IF88 (CSI 300 Futures)),icw,0.7029,1.3,0.0,0,-0.010623,-0.0,0.0,-0.0,0.146434
2025-01-24,300ETF,Future (IF88 (CSI 300 Futures)),icw,0.5549,1.3,0.0,0,0.002975,0.0,0.0,0.0,0.146434
2025-01-27,300ETF,Future (IF88 (CSI 300 Futures)),icw,0.4403,1.3,0.0,0,-0.001045,-0.0,0.0,-0.0,0.146434
2025-02-05,300ETF,Future (IF88 (CSI 300 Futures)),icw,-0.9992,1.3,0.0,0,-0.002636,-0.0,0.0,-0.0,0.146434
2025-02-06,300ETF,Future (IF88 (CSI 300 Futures)),icw,0.21,1.3,0.0,0,0.012566,0.0,0.0,0.0,0.146434
2025-02-07,300ETF,Future (IF88 (CSI 300 Futures)),icw,-0.1359,1.3,0.0,0,0.002016,0.0,0.0,0.0,0.146434
2025-02-10,300ETF,Future (IF88 (CSI 300 Futures)),icw,-0.6542,1.3,0.0,0,-0.000872,-0.0,0.0,-0.0,0.146434
2025-02-11,300ETF,Future (IF88 (CSI 300 Futures)),icw,-0.9283,1.3,0.0,0,-0.000979,-0.0,0.0,-0.0,0.146434
2025-02-12,300ETF,Future (IF88 (CSI 300 Futures)),icw,-0.0966,1.3,0.0,0,0.000617,0.0,0.0,0.0,0.146434
2025-02-13,300ETF,Future (IF88 (CSI 300 Futures)),icw,-0.0483,1.3,0.0,0,-0.001174,-0.0,0.0,-0.0,0.146434
2025-02-14,300ETF,Future (IF88 (CSI 300 Futures)),icw,0.3285,1.3,0.0,0,0.007239,0.0,0.0,0.0,0.146434
2025-02-17,300ETF,Future (IF88 (CSI 300 Futures)),icw,-0.2842,1.3,0.0,0,0.0,0.0,0.0,0.0,0.146434
2025-02-18,300ETF,Future (IF88 (CSI 300 Futures)),icw,-0.2436,1.3,0.0,0,-0.010301,-0.0,0.0,-0.0,0.146434
2025-02-19,300ETF,Future (IF88 (CSI 300 Futures)),icw,-0.0297,1.3,0.0,0,0.004783,0.0,0.0,0.0,0.146434
2025-02-20,300ETF,Future (IF88 (CSI 300 Futures)),icw,-0.6186,1.3,0.0,0,0.002188,0.0,0.0,0.0,0.146434
2025-02-21,300ETF,Future (IF88 (CSI 300 Futures)),icw,0.3255,1.3,0.0,0,0.015009,0.0,0.0,0.0,0.146434
2025-02-24,300ETF,Future (IF88 (CSI 300 Futures)),icw,0.1311,1.3,0.0,0,-0.003624,-0.0,0.0,-0.0,0.146434
2025-02-25,300ETF,Future (IF88 (CSI 300 Futures)),icw,-0.799,1.3,0.0,0,-0.004428,-0.0,0.0,-0.0,0.146434
2025-02-26,300ETF,Future (IF88 (CSI 300 Futures)),icw,0.521,1.3,0.0,0,0.002433,0.0,0.0,0.0,0.146434
2025-02-27,300ETF,Future (IF88 (CSI 300 Futures)),icw,0.1724,1.3,0.0,0,0.001466,0.0,0.0,0.0,0.146434
2025-02-28,300ETF,Future (IF88 (CSI 300 Futures)),icw,-0.073,1.3,0.0,0,-0.013429,-0.0,0.0,-0.0,0.146434
2025-03-03,300ETF,Future (IF88 (CSI 300 Futures)),icw,-0.109,1.3,0.0,0,-0.007755,-0.0,0.0,-0.0,0.146434
2025-03-04,300ETF,Future (IF88 (CSI 300 Futures)),icw,-0.5067,1.3,0.0,0,0.003199,0.0,0.0,0.0,0.146434
2025-03-05,300ETF,Future (IF88 (CSI 300 Futures)),icw,-0.0308,1.3,0.0,0,0.004117,0.0,0.0,0.0,0.146434
2025-03-06,300ETF,Future (IF88 (CSI 300 Futures)),icw,-0.1489,1.3,0.0,0,0.006882,0.0,0.0,0.0,0.146434
2025-03-07,300ETF,Future (IF88 (CSI 300 Futures)),icw,-0.424,1.3,0.0,0,-0.000609,-0.0,0.0,-0.0,0.146434
2025-03-10,300ETF,Future (IF88 (CSI 300 Futures)),icw,-0.4072,1.3,0.0,0,0.002349,0.0,0.0,0.0,0.146434
2025-03-11,300ETF,Future (IF88 (CSI 300 Futures)),icw,-0.4015,1.3,0.0,0,0.001942,0.0,0.0,0.0,0.146434
2025-03-12,300ETF,Future (IF88 (CSI 300 Futures)),icw,-0.8993,1.3,0.0,0,-0.000305,-0.0,0.0,-0.0,0.146434
2025-03-13,300ETF,Future (IF88 (CSI 300 Futures)),icw,0.2847,1.3,0.0,0,-0.001431,-0.0,0.0,-0.0,0.146434
2025-03-14,300ETF,Future (IF88 (CSI 300 Futures)),icw,1.5721,1.3,1.0,1,0.010287,0.010287,0.0008,0.009487,0.155921
2025-03-17,300ETF,Future (IF88 (CSI 300 Futures)),icw,-0.3181,1.3,0.0,0,-0.001351,-0.0,0.0008,-0.0008,0.155121
2025-03-18,300ETF,Future (IF88 (CSI 300 Futures)),icw,-0.5284,1.3,0.0,0,-0.001097,-0.0,0.0,-0.0,0.155121
2025-03-19,300ETF,Future (IF88 (CSI 300 Futures)),icw,-0.2081,1.3,0.0,0,0.003851,0.0,0.0,0.0,0.155121
2025-03-20,300ETF,Future (IF88 (CSI 300 Futures)),icw,-0.831,1.3,0.0,0,0.000101,0.0,0.0,0.0,0.155121
2025-03-21,300ETF,Future (IF88 (CSI 300 Futures)),icw,0.1599,1.3,0.0,0,-0.015592,-0.0,0.0,-0.0,0.155121
2025-03-24,300ETF,Future (IF88 (CSI 300 Futures)),icw,0.2666,1.3,0.0,0,0.000765,0.0,0.0,0.0,0.155121
2025-03-25,300ETF,Future (IF88 (CSI 300 Futures)),icw,-0.1658,1.3,0.0,0,0.000713,0.0,0.0,0.0,0.155121
2025-03-26,300ETF,Future (IF88 (CSI 300 Futures)),icw,0.183,1.3,0.0,0,-0.00606,-0.0,0.0,-0.0,0.155121
2025-03-27,300ETF,Future (IF88 (CSI 300 Futures)),icw,-0.0597,1.3,0.0,0,0.001783,0.0,0.0,0.0,0.155121
2025-03-28,300ETF,Future (IF88 (CSI 300 Futures)),icw,-0.5224,1.3,0.0,0,-0.000153,-0.0,0.0,-0.0,0.155121
2025-03-31,300ETF,Future (IF88 (CSI 300 Futures)),icw,0.0914,1.3,0.0,0,-0.008515,-0.0,0.0,-0.0,0.155121
2025-04-01,300ETF,Future (IF88 (CSI 300 Futures)),icw,-0.2535,1.3,0.0,0,-0.001441,-0.0,0.0,-0.0,0.155121
2025-04-02,300ETF,Future (IF88 (CSI 300 Futures)),icw,0.036,1.3,0.0,0,-0.003501,-0.0,0.0,-0.0,0.155121
2025-04-03,300ETF,Future (IF88 (CSI 300 Futures)),icw,-0.0962,1.3,0.0,0,-0.003724,-0.0,0.0,-0.0,0.155121
2025-04-07,300ETF,Future (IF88 (CSI 300 Futures)),icw,-1.6746,1.3,-1.0,1,-0.037154,0.037154,0.0008,0.036354,0.191476
2025-04-08,300ETF,Future (IF88 (CSI 300 Futures)),icw,0.5112,1.3,0.0,0,-0.004296,-0.0,0.0008,-0.0008,0.190676
2025-04-09,300ETF,Future (IF88 (CSI 300 Futures)),icw,-0.7426,1.3,0.0,0,0.021168,0.0,0.0,0.0,0.190676
2025-04-10,300ETF,Future (IF88 (CSI 300 Futures)),icw,-0.21,1.3,0.0,0,-0.007286,-0.0,0.0,-0.0,0.190676
2025-04-11,300ETF,Future (IF88 (CSI 300 Futures)),icw,-0.6056,1.3,0.0,0,0.007466,0.0,0.0,0.0,0.190676
2025-04-14,300ETF,Future (IF88 (CSI 300 Futures)),icw,-0.4346,1.3,0.0,0,-0.001865,-0.0,0.0,-0.0,0.190676
2025-04-15,300ETF,Future (IF88 (CSI 300 Futures)),icw,-0.8577,1.3,0.0,0,0.002841,0.0,0.0,0.0,0.190676
2025-04-16,300ETF,Future (IF88 (CSI 300 Futures)),icw,-1.0407,1.3,-1.0,1,0.001287,-0.001287,0.0008,-0.002087,0.188588
2025-04-17,300ETF,Future (IF88 (CSI 300 Futures)),icw,-0.1915,1.3,0.0,0,0.000691,0.0,0.0008,-0.0008,0.187788
2025-04-18,300ETF,Future (IF88 (CSI 300 Futures)),icw,-0.4911,1.3,0.0,0,0.002784,0.0,0.0,0.0,0.187788
2025-04-21,300ETF,Future (IF88 (CSI 300 Futures)),icw,0.5892,1.3,0.0,0,0.002178,0.0,0.0,0.0,0.187788
2025-04-22,300ETF,Future (IF88 (CSI 300 Futures)),icw,0.1784,1.3,0.0,0,-0.000531,-0.0,0.0,-0.0,0.187788
2025-04-23,300ETF,Future (IF88 (CSI 300 Futures)),icw,-0.6257,1.3,0.0,0,0.001062,0.0,0.0,0.0,0.187788
2025-04-24,300ETF,Future (IF88 (CSI 300 Futures)),icw,0.3624,1.3,0.0,0,-0.001907,-0.0,0.0,-0.0,0.187788
2025-04-25,300ETF,Future (IF88 (CSI 300 Futures)),icw,-0.2754,1.3,0.0,0,-0.000583,-0.0,0.0,-0.0,0.187788
2025-04-28,300ETF,Future (IF88 (CSI 300 Futures)),icw,-0.9295,1.3,0.0,0,0.001968,0.0,0.0,0.0,0.187788
2025-04-29,300ETF,Future (IF88 (CSI 300 Futures)),icw,-0.714,1.3,0.0,0,-0.000692,-0.0,0.0,-0.0,0.187788
2025-04-30,300ETF,Future (IF88 (CSI 300 Futures)),icw,-0.08,1.3,0.0,0,0.000372,0.0,0.0,0.0,0.187788
2025-05-06,300ETF,Future (IF88 (CSI 300 Futures)),icw,-0.573,1.3,0.0,0,0.002553,0.0,0.0,0.0,0.187788
2025-05-07,300ETF,Future (IF88 (CSI 300 Futures)),icw,-0.5786,1.3,0.0,0,-0.004175,-0.0,0.0,-0.0,0.187788
2025-05-08,300ETF,Future (IF88 (CSI 300 Futures)),icw,0.8226,1.3,0.0,0,-0.000733,-0.0,0.0,-0.0,0.187788
2025-05-09,300ETF,Future (IF88 (CSI 300 Futures)),icw,-0.394,1.3,0.0,0,-0.000998,-0.0,0.0,-0.0,0.187788
2025-05-12,300ETF,Future (IF88 (CSI 300 Futures)),icw,-0.1955,1.3,0.0,0,0.002863,0.0,0.0,0.0,0.187788
2025-05-13,300ETF,Future (IF88 (CSI 300 Futures)),icw,-0.8548,1.3,0.0,0,-0.002385,-0.0,0.0,-0.0,0.187788
2025-05-14,300ETF,Future (IF88 (CSI 300 Futures)),icw,-0.2238,1.3,0.0,0,0.011439,0.0,0.0,0.0,0.187788
2025-05-15,300ETF,Future (IF88 (CSI 300 Futures)),icw,-0.5931,1.3,0.0,0,-0.001858,-0.0,0.0,-0.0,0.187788
2025-05-16,300ETF,Future (IF88 (CSI 300 Futures)),icw,-0.3138,1.3,0.0,0,-0.005085,-0.0,0.0,-0.0,0.187788
2025-05-19,300ETF,Future (IF88 (CSI 300 Futures)),icw,-0.4733,1.3,0.0,0,0.004176,0.0,0.0,0.0,0.187788
2025-05-20,300ETF,Future (IF88 (CSI 300 Futures)),icw,0.028,1.3,0.0,0,0.00503,0.0,0.0,0.0,0.187788
2025-05-21,300ETF,Future (IF88 (CSI 300 Futures)),icw,0.6667,1.3,0.0,0,0.00165,0.0,0.0,0.0,0.187788
2025-05-22,300ETF,Future (IF88 (CSI 300 Futures)),icw,-0.695,1.3,0.0,0,0.000773,0.0,0.0,0.0,0.187788
2025-05-23,300ETF,Future (IF88 (CSI 300 Futures)),icw,0.4932,1.3,0.0,0,-0.010178,-0.0,0.0,-0.0,0.187788
2025-05-26,300ETF,Future (IF88 (CSI 300 Futures)),icw,-0.505,1.3,0.0,0,-0.003859,-0.0,0.0,-0.0,0.187788
2025-05-27,300ETF,Future (IF88 (CSI 300 Futures)),icw,0.0179,1.3,0.0,0,-0.003982,-0.0,0.0,-0.0,0.187788
2025-05-28,300ETF,Future (IF88 (CSI 300 Futures)),icw,0.1041,1.3,0.0,0,-0.003042,-0.0,0.0,-0.0,0.187788
2025-05-29,300ETF,Future (IF88 (CSI 300 Futures)),icw,0.102,1.3,0.0,0,0.000887,0.0,0.0,0.0,0.187788
2025-05-30,300ETF,Future (IF88 (CSI 300 Futures)),icw,-0.2342,1.3,0.0,0,0.005352,0.0,0.0,0.0,0.187788
2025-06-03,300ETF,Future (IF88 (CSI 300 Futures)),icw,0.295,1.3,0.0,0,0.000313,0.0,0.0,0.0,0.187788
2025-06-04,300ETF,Future (IF88 (CSI 300 Futures)),icw,0.6348,1.3,0.0,0,-5.2e-05,-0.0,0.0,-0.0,0.187788
2025-06-05,300ETF,Future (IF88 (CSI 300 Futures)),icw,-0.5021,1.3,0.0,0,0.004679,0.0,0.0,0.0,0.187788
2025-06-06,300ETF,Future (IF88 (CSI 300 Futures)),icw,-0.4119,1.3,0.0,0,0.000156,0.0,0.0,0.0,0.187788
2025-06-09,300ETF,Future (IF88 (CSI 300 Futures)),icw,-0.1689,1.3,0.0,0,-0.001086,-0.0,0.0,-0.0,0.187788
2025-06-10,300ETF,Future (IF88 (CSI 300 Futures)),icw,-0.0504,1.3,0.0,0,-0.007306,-0.0,0.0,-0.0,0.187788
2025-06-11,300ETF,Future (IF88 (CSI 300 Futures)),icw,1.5625,1.3,1.0,1,-0.003342,-0.003342,0.0008,-0.004142,0.183646
2025-06-12,300ETF,Future (IF88 (CSI 300 Futures)),icw,-0.7196,1.3,0.0,0,0.003354,0.0,0.0008,-0.0008,0.182846
2025-06-13,300ETF,Future (IF88 (CSI 300 Futures)),icw,-0.1569,1.3,0.0,0,-0.001762,-0.0,0.0,-0.0,0.182846
2025-06-16,300ETF,Future (IF88 (CSI 300 Futures)),icw,-0.0604,1.3,0.0,0,0.002276,0.0,0.0,0.0,0.182846
2025-06-17,300ETF,Future (IF88 (CSI 300 Futures)),icw,-0.2553,1.3,0.0,0,-0.002999,-0.0,0.0,-0.0,0.182846
2025-06-18,300ETF,Future (IF88 (CSI 300 Futures)),icw,0.1783,1.3,0.0,0,0.001707,0.0,0.0,0.0,0.182846
2025-06-19,300ETF,Future (IF88 (CSI 300 Futures)),icw,-0.5115,1.3,0.0,0,-0.007953,-0.0,0.0,-0.0,0.182846
2025-06-20,300ETF,Future (IF88 (CSI 300 Futures)),icw,0.4679,1.3,0.0,0,-0.002102,-0.0,0.0,-0.0,0.182846
2025-06-23,300ETF,Future (IF88 (CSI 300 Futures)),icw,-0.2574,1.3,0.0,0,0.007076,0.0,0.0,0.0,0.182846
2025-06-24,300ETF,Future (IF88 (CSI 300 Futures)),icw,1.2048,1.3,0.0,0,0.000672,0.0,0.0,0.0,0.182846
2025-06-25,300ETF,Future (IF88 (CSI 300 Futures)),icw,0.2489,1.3,0.0,0,0.012951,0.0,0.0,0.0,0.182846
2025-06-26,300ETF,Future (IF88 (CSI 300 Futures)),icw,-0.128,1.3,0.0,0,-0.002291,-0.0,0.0,-0.0,0.182846
2025-06-27,300ETF,Future (IF88 (CSI 300 Futures)),icw,0.1067,1.3,0.0,0,-0.010626,-0.0,0.0,-0.0,0.182846
2025-06-30,300ETF,Future (IF88 (CSI 300 Futures)),icw,0.2153,1.3,0.0,0,0.00169,0.0,0.0,0.0,0.182846
2025-07-01,300ETF,Future (IF88 (CSI 300 Futures)),icw,-0.6459,1.3,0.0,0,0.002969,0.0,0.0,0.0,0.182846
2025-07-02,300ETF,Future (IF88 (CSI 300 Futures)),icw,-0.3717,1.3,0.0,0,0.003271,0.0,0.0,0.0,0.182846
2025-07-03,300ETF,Future (IF88 (CSI 300 Futures)),icw,0.246,1.3,0.0,0,0.003046,0.0,0.0,0.0,0.182846
2025-07-04,300ETF,Future (IF88 (CSI 300 Futures)),icw,-0.6217,1.3,0.0,0,0.003545,0.0,0.0,0.0,0.182846
2025-07-07,300ETF,Future (IF88 (CSI 300 Futures)),icw,-0.7826,1.3,0.0,0,0.000659,0.0,0.0,0.0,0.182846
2025-07-08,300ETF,Future (IF88 (CSI 300 Futures)),icw,0.5418,1.3,0.0,0,0.006693,0.0,0.0,0.0,0.182846
2025-07-09,300ETF,Future (IF88 (CSI 300 Futures)),icw,0.182,1.3,0.0,0,-5e-05,-0.0,0.0,-0.0,0.182846
2025-07-10,300ETF,Future (IF88 (CSI 300 Futures)),icw,0.1161,1.3,0.0,0,0.004161,0.0,0.0,0.0,0.182846
2025-07-11,300ETF,Future (IF88 (CSI 300 Futures)),icw,0.2439,1.3,0.0,0,0.001739,0.0,0.0,0.0,0.182846
2025-07-14,300ETF,Future (IF88 (CSI 300 Futures)),icw,0.1021,1.3,0.0,0,0.000897,0.0,0.0,0.0,0.182846
2025-07-15,300ETF,Future (IF88 (CSI 300 Futures)),icw,0.6952,1.3,0.0,0,-0.003929,-0.0,0.0,-0.0,0.182846
2025-07-16,300ETF,Future (IF88 (CSI 300 Futures)),icw,-0.3546,1.3,0.0,0,-0.005135,-0.0,0.0,-0.0,0.182846
2025-07-17,300ETF,Future (IF88 (CSI 300 Futures)),icw,0.4508,1.3,0.0,0,0.004077,0.0,0.0,0.0,0.182846
2025-07-18,300ETF,Future (IF88 (CSI 300 Futures)),icw,0.749,1.3,0.0,0,-0.001977,-0.0,0.0,-0.0,0.182846
2025-07-21,300ETF,Future (IF88 (CSI 300 Futures)),icw,-0.1009,1.3,0.0,0,0.001768,0.0,0.0,0.0,0.182846
2025-07-22,300ETF,Future (IF88 (CSI 300 Futures)),icw,0.1341,1.3,0.0,0,0.009089,0.0,0.0,0.0,0.182846
2025-07-23,300ETF,Future (IF88 (CSI 300 Futures)),icw,0.2559,1.3,0.0,0,-0.003733,-0.0,0.0,-0.0,0.182846
2025-07-24,300ETF,Future (IF88 (CSI 300 Futures)),icw,0.0839,1.3,0.0,0,0.006141,0.0,0.0,0.0,0.182846
2025-07-25,300ETF,Future (IF88 (CSI 300 Futures)),icw,-0.4265,1.3,0.0,0,-0.001549,-0.0,0.0,-0.0,0.182846
2025-07-28,300ETF,Future (IF88 (CSI 300 Futures)),icw,-0.5334,1.3,0.0,0,-0.00092,-0.0,0.0,-0.0,0.182846
2025-07-29,300ETF,Future (IF88 (CSI 300 Futures)),icw,0.2462,1.3,0.0,0,0.008089,0.0,0.0,0.0,0.182846
2025-07-30,300ETF,Future (IF88 (CSI 300 Futures)),icw,0.0341,1.3,0.0,0,-0.001204,-0.0,0.0,-0.0,0.182846
2025-07-31,300ETF,Future (IF88 (CSI 300 Futures)),icw,-0.9057,1.3,0.0,0,-0.010208,-0.0,0.0,-0.0,0.182846
2025-08-01,300ETF,Future (IF88 (CSI 300 Futures)),icw,0.2465,1.3,0.0,0,-0.005883,-0.0,0.0,-0.0,0.182846
2025-08-04,300ETF,Future (IF88 (CSI 300 Futures)),icw,0.2232,1.3,0.0,0,0.002622,0.0,0.0,0.0,0.182846
2025-08-05,300ETF,Future (IF88 (CSI 300 Futures)),icw,-0.0933,1.3,0.0,0,0.006046,0.0,0.0,0.0,0.182846
2025-08-06,300ETF,Future (IF88 (CSI 300 Futures)),icw,0.1441,1.3,0.0,0,0.003469,0.0,0.0,0.0,0.182846
2025-08-07,300ETF,Future (IF88 (CSI 300 Futures)),icw,0.14,1.3,0.0,0,-0.001659,-0.0,0.0,-0.0,0.182846
2025-08-08,300ETF,Future (IF88 (CSI 300 Futures)),icw,-0.5537,1.3,0.0,0,0.002352,0.0,0.0,0.0,0.182846
2025-08-11,300ETF,Future (IF88 (CSI 300 Futures)),icw,-0.379,1.3,0.0,0,0.001119,0.0,0.0,0.0,0.182846
2025-08-12,300ETF,Future (IF88 (CSI 300 Futures)),icw,0.4864,1.3,0.0,0,0.000388,0.0,0.0,0.0,0.182846
2025-08-13,300ETF,Future (IF88 (CSI 300 Futures)),icw,0.4806,1.3,0.0,0,0.001879,0.0,0.0,0.0,0.182846
2025-08-14,300ETF,Future (IF88 (CSI 300 Futures)),icw,0.9112,1.3,0.0,0,-0.002963,-0.0,0.0,-0.0,0.182846
2025-08-15,300ETF,Future (IF88 (CSI 300 Futures)),icw,0.1774,1.3,0.0,0,0.005304,0.0,0.0,0.0,0.182846
2025-08-18,300ETF,Future (IF88 (CSI 300 Futures)),icw,0.0121,1.3,0.0,0,0.003404,0.0,0.0,0.0,0.182846
2025-08-19,300ETF,Future (IF88 (CSI 300 Futures)),icw,0.7578,1.3,0.0,0,-0.005054,-0.0,0.0,-0.0,0.182846
2025-08-20,300ETF,Future (IF88 (CSI 300 Futures)),icw,-0.1314,1.3,0.0,0,0.006893,0.0,0.0,0.0,0.182846
2025-08-21,300ETF,Future (IF88 (CSI 300 Futures)),icw,0.5785,1.3,0.0,0,-0.000187,-0.0,0.0,-0.0,0.182846
2025-08-22,300ETF,Future (IF88 (CSI 300 Futures)),icw,0.8729,1.3,0.0,0,0.015046,0.0,0.0,0.0,0.182846
2025-08-25,300ETF,Future (IF88 (CSI 300 Futures)),icw,1.2487,1.3,0.0,0,0.007882,0.0,0.0,0.0,0.182846
2025-08-26,300ETF,Future (IF88 (CSI 300 Futures)),icw,-0.7203,1.3,0.0,0,0.001928,0.0,0.0,0.0,0.182846
2025-08-27,300ETF,Future (IF88 (CSI 300 Futures)),icw,0.3488,1.3,0.0,0,-0.003468,-0.0,0.0,-0.0,0.182846
2025-08-28,300ETF,Future (IF88 (CSI 300 Futures)),icw,0.61,1.3,0.0,0,0.011022,0.0,0.0,0.0,0.182846
2025-08-29,300ETF,Future (IF88 (CSI 300 Futures)),icw,0.7297,1.3,0.0,0,0.003029,0.0,0.0,0.0,0.182846
2025-09-01,300ETF,Future (IF88 (CSI 300 Futures)),icw,-0.38,1.3,0.0,0,0.004929,0.0,0.0,0.0,0.182846
2025-09-02,300ETF,Future (IF88 (CSI 300 Futures)),icw,0.725,1.3,0.0,0,-0.010199,-0.0,0.0,-0.0,0.182846
2025-09-03,300ETF,Future (IF88 (CSI 300 Futures)),icw,-0.1581,1.3,0.0,0,-0.005025,-0.0,0.0,-0.0,0.182846
2025-09-04,300ETF,Future (IF88 (CSI 300 Futures)),icw,-0.5593,1.3,0.0,0,-0.020833,-0.0,0.0,-0.0,0.182846
2025-09-05,300ETF,Future (IF88 (CSI 300 Futures)),icw,0.0378,1.3,0.0,0,0.015206,0.0,0.0,0.0,0.182846
2025-09-08,300ETF,Future (IF88 (CSI 300 Futures)),icw,0.3361,1.3,0.0,0,0.000134,0.0,0.0,0.0,0.182846
2025-09-09,300ETF,Future (IF88 (CSI 300 Futures)),icw,0.0454,1.3,0.0,0,-0.010137,-0.0,0.0,-0.0,0.182846
2025-09-10,300ETF,Future (IF88 (CSI 300 Futures)),icw,0.4665,1.3,0.0,0,0.000585,0.0,0.0,0.0,0.182846
2025-09-11,300ETF,Future (IF88 (CSI 300 Futures)),icw,-0.0434,1.3,0.0,0,0.021525,0.0,0.0,0.0,0.182846
2025-09-12,300ETF,Future (IF88 (CSI 300 Futures)),icw,0.2686,1.3,0.0,0,-0.005988,-0.0,0.0,-0.0,0.182846
2025-09-15,300ETF,Future (IF88 (CSI 300 Futures)),icw,0.3451,1.3,0.0,0,-0.001896,-0.0,0.0,-0.0,0.182846
2025-09-16,300ETF,Future (IF88 (CSI 300 Futures)),icw,0.3066,1.3,0.0,0,-0.00425,-0.0,0.0,-0.0,0.182846
2025-09-17,300ETF,Future (IF88 (CSI 300 Futures)),icw,0.1299,1.3,0.0,0,0.005207,0.0,0.0,0.0,0.182846
2025-09-18,300ETF,Future (IF88 (CSI 300 Futures)),icw,-0.3426,1.3,0.0,0,-0.015567,-0.0,0.0,-0.0,0.182846
2025-09-19,300ETF,Future (IF88 (CSI 300 Futures)),icw,0.4276,1.3,0.0,0,0.002893,0.0,0.0,0.0,0.182846
2025-09-22,300ETF,Future (IF88 (CSI 300 Futures)),icw,-0.7171,1.3,0.0,0,0.006636,0.0,0.0,0.0,0.182846
2025-09-23,300ETF,Future (IF88 (CSI 300 Futures)),icw,-0.0476,1.3,0.0,0,-0.006632,-0.0,0.0,-0.0,0.182846
2025-09-24,300ETF,Future (IF88 (CSI 300 Futures)),icw,0.3563,1.3,0.0,0,0.004503,0.0,0.0,0.0,0.182846
2025-09-25,300ETF,Future (IF88 (CSI 300 Futures)),icw,0.0536,1.3,0.0,0,0.010397,0.0,0.0,0.0,0.182846
2025-09-26,300ETF,Future (IF88 (CSI 300 Futures)),icw,-0.0019,1.3,0.0,0,-0.005434,-0.0,0.0,-0.0,0.182846
2025-09-29,300ETF,Future (IF88 (CSI 300 Futures)),icw,-0.1105,1.3,0.0,0,0.015715,0.0,0.0,0.0,0.182846
2025-09-30,300ETF,Future (IF88 (CSI 300 Futures)),icw,0.3326,1.3,0.0,0,-0.000345,-0.0,0.0,-0.0,0.182846
2025-10-09,300ETF,Future (IF88 (CSI 300 Futures)),icw,0.1693,1.3,0.0,0,0.011139,0.0,0.0,0.0,0.182846
2025-10-10,300ETF,Future (IF88 (CSI 300 Futures)),icw,-0.8689,1.3,0.0,0,-0.010562,-0.0,0.0,-0.0,0.182846
2025-10-13,300ETF,Future (IF88 (CSI 300 Futures)),icw,-0.664,1.3,0.0,0,0.010764,0.0,0.0,0.0,0.182846
2025-10-14,300ETF,Future (IF88 (CSI 300 Futures)),icw,0.0117,1.3,0.0,0,-0.019376,-0.0,0.0,-0.0,0.182846
2025-10-15,300ETF,Future (IF88 (CSI 300 Futures)),icw,-0.5445,1.3,0.0,0,0.011149,0.0,0.0,0.0,0.182846
2025-10-16,300ETF,Future (IF88 (CSI 300 Futures)),icw,0.7031,1.3,0.0,0,-0.002427,-0.0,0.0,-0.0,0.182846
2025-10-17,300ETF,Future (IF88 (CSI 300 Futures)),icw,-0.2599,1.3,0.0,0,-0.011597,-0.0,0.0,-0.0,0.182846
2025-10-20,300ETF,Future (IF88 (CSI 300 Futures)),icw,-0.165,1.3,0.0,0,-0.007688,-0.0,0.0,-0.0,0.182846
2025-10-21,300ETF,Future (IF88 (CSI 300 Futures)),icw,0.5207,1.3,0.0,0,0.004406,0.0,0.0,0.0,0.182846
2025-10-22,300ETF,Future (IF88 (CSI 300 Futures)),icw,-0.4761,1.3,0.0,0,0.001661,0.0,0.0,0.0,0.182846
2025-10-23,300ETF,Future (IF88 (CSI 300 Futures)),icw,-0.1777,1.3,0.0,0,0.009826,0.0,0.0,0.0,0.182846
2025-10-24,300ETF,Future (IF88 (CSI 300 Futures)),icw,0.7849,1.3,0.0,0,0.004924,0.0,0.0,0.0,0.182846
2025-10-27,300ETF,Future (IF88 (CSI 300 Futures)),icw,0.2007,1.3,0.0,0,0.000468,0.0,0.0,0.0,0.182846
2025-10-28,300ETF,Future (IF88 (CSI 300 Futures)),icw,-0.4736,1.3,0.0,0,-0.002642,-0.0,0.0,-0.0,0.182846
2025-10-29,300ETF,Future (IF88 (CSI 300 Futures)),icw,0.3675,1.3,0.0,0,0.006569,0.0,0.0,0.0,0.182846
2025-10-30,300ETF,Future (IF88 (CSI 300 Futures)),icw,0.009,1.3,0.0,0,-0.00483,-0.0,0.0,-0.0,0.182846
2025-10-31,300ETF,Future (IF88 (CSI 300 Futures)),icw,-0.7087,1.3,0.0,0,-0.006777,-0.0,0.0,-0.0,0.182846
2025-11-03,300ETF,Future (IF88 (CSI 300 Futures)),icw,-0.4099,1.3,0.0,0,0.007459,0.0,0.0,0.0,0.182846
2025-11-04,300ETF,Future (IF88 (CSI 300 Futures)),icw,0.2298,1.3,0.0,0,-0.01014,-0.0,0.0,-0.0,0.182846
2025-11-05,300ETF,Future (IF88 (CSI 300 Futures)),icw,-0.9677,1.3,0.0,0,0.011033,0.0,0.0,0.0,0.182846
2025-11-06,300ETF,Future (IF88 (CSI 300 Futures)),icw,1.0326,1.3,0.0,0,0.007185,0.0,0.0,0.0,0.182846
2025-11-07,300ETF,Future (IF88 (CSI 300 Futures)),icw,-0.4386,1.3,0.0,0,0.001288,0.0,0.0,0.0,0.182846
2025-11-10,300ETF,Future (IF88 (CSI 300 Futures)),icw,-0.2243,1.3,0.0,0,0.006446,0.0,0.0,0.0,0.182846
2025-11-11,300ETF,Future (IF88 (CSI 300 Futures)),icw,-0.5884,1.3,0.0,0,-0.006669,-0.0,0.0,-0.0,0.182846
2025-11-12,300ETF,Future (IF88 (CSI 300 Futures)),icw,-0.292,1.3,0.0,0,-0.000604,-0.0,0.0,-0.0,0.182846
2025-11-13,300ETF,Future (IF88 (CSI 300 Futures)),icw,0.3377,1.3,0.0,0,0.007427,0.0,0.0,0.0,0.182846
2025-11-14,300ETF,Future (IF88 (CSI 300 Futures)),icw,-0.6049,1.3,0.0,0,-0.003792,-0.0,0.0,-0.0,0.182846
2025-11-17,300ETF,Future (IF88 (CSI 300 Futures)),icw,-0.3464,1.3,0.0,0,0.001312,0.0,0.0,0.0,0.182846
2025-11-18,300ETF,Future (IF88 (CSI 300 Futures)),icw,0.0695,1.3,0.0,0,-0.00365,-0.0,0.0,-0.0,0.182846
2025-11-19,300ETF,Future (IF88 (CSI 300 Futures)),icw,0.6976,1.3,0.0,0,0.001619,0.0,0.0,0.0,0.182846
2025-11-20,300ETF,Future (IF88 (CSI 300 Futures)),icw,-0.5419,1.3,0.0,0,-0.006488,-0.0,0.0,-0.0,0.182846
2025-11-21,300ETF,Future (IF88 (CSI 300 Futures)),icw,-1.0164,1.3,-1.0,1,-0.008379,0.008379,0.0008,0.007579,0.190426
2025-11-24,300ETF,Future (IF88 (CSI 300 Futures)),icw,-0.5485,1.3,0.0,0,0.003603,0.0,0.0008,-0.0008,0.189626
2025-11-25,300ETF,Future (IF88 (CSI 300 Futures)),icw,-0.2842,1.3,0.0,0,0.0,0.0,0.0,0.0,0.189626
2025-11-26,300ETF,Future (IF88 (CSI 300 Futures)),icw,0.1523,1.3,0.0,0,-0.000311,-0.0,0.0,-0.0,0.189626
2025-11-27,300ETF,Future (IF88 (CSI 300 Futures)),icw,0.8086,1.3,0.0,0,-0.00871,-0.0,0.0,-0.0,0.189626
2025-11-28,300ETF,Future (IF88 (CSI 300 Futures)),icw,-0.4236,1.3,0.0,0,0.006411,0.0,0.0,0.0,0.189626
2025-12-01,300ETF,Future (IF88 (CSI 300 Futures)),icw,0.2396,1.3,0.0,0,0.002598,0.0,0.0,0.0,0.189626
2025-12-02,300ETF,Future (IF88 (CSI 300 Futures)),icw,-0.6533,1.3,0.0,0,-0.003261,-0.0,0.0,-0.0,0.189626
2025-12-03,300ETF,Future (IF88 (CSI 300 Futures)),icw,0.3876,1.3,0.0,0,-0.005126,-0.0,0.0,-0.0,0.189626
2025-12-04,300ETF,Future (IF88 (CSI 300 Futures)),icw,0.1976,1.3,0.0,0,0.005713,0.0,0.0,0.0,0.189626
2025-12-05,300ETF,Future (IF88 (CSI 300 Futures)),icw,-0.2267,1.3,0.0,0,0.008607,0.0,0.0,0.0,0.189626
2025-12-08,300ETF,Future (IF88 (CSI 300 Futures)),icw,0.4818,1.3,0.0,0,0.00599,0.0,0.0,0.0,0.189626
2025-12-09,300ETF,Future (IF88 (CSI 300 Futures)),icw,-0.3735,1.3,0.0,0,-0.007132,-0.0,0.0,-0.0,0.189626
2025-12-10,300ETF,Future (IF88 (CSI 300 Futures)),icw,-1.0558,1.3,-1.0,1,0.008116,-0.008116,0.0008,-0.008916,0.180709
2025-12-11,300ETF,Future (IF88 (CSI 300 Futures)),icw,0.3815,1.3,0.0,0,-0.007622,-0.0,0.0008,-0.0008,0.179909
2025-12-12,300ETF,Future (IF88 (CSI 300 Futures)),icw,-0.6542,1.3,0.0,0,0.007986,0.0,0.0,0.0,0.179909
2025-12-15,300ETF,Future (IF88 (CSI 300 Futures)),icw,0.1368,1.3,0.0,0,-0.005607,-0.0,0.0,-0.0,0.179909
2025-12-16,300ETF,Future (IF88 (CSI 300 Futures)),icw,-0.2639,1.3,0.0,0,-0.003594,-0.0,0.0,-0.0,0.179909
2025-12-17,300ETF,Future (IF88 (CSI 300 Futures)),icw,0.6139,1.3,0.0,0,0.017914,0.0,0.0,0.0,0.179909
2025-12-18,300ETF,Future (IF88 (CSI 300 Futures)),icw,-0.6519,1.3,0.0,0,-0.001622,-0.0,0.0,-0.0,0.179909
2025-12-19,300ETF,Future (IF88 (CSI 300 Futures)),icw,-0.7279,1.3,0.0,0,0.001407,0.0,0.0,0.0,0.179909
2025-12-22,300ETF,Future (IF88 (CSI 300 Futures)),icw,0.7336,1.3,0.0,0,-0.001306,-0.0,0.0,-0.0,0.179909
2025-12-23,300ETF,Future (IF88 (CSI 300 Futures)),icw,-0.5478,1.3,0.0,0,-0.001913,-0.0,0.0,-0.0,0.179909
2025-12-24,300ETF,Future (IF88 (CSI 300 Futures)),icw,-0.6075,1.3,0.0,0,0.003994,0.0,0.0,0.0,0.179909
2025-12-25,300ETF,Future (IF88 (CSI 300 Futures)),icw,0.1278,1.3,0.0,0,0.004453,0.0,0.0,0.0,0.179909
2025-12-26,300ETF,Future (IF88 (CSI 300 Futures)),icw,0.5185,1.3,0.0,0,-0.002362,-0.0,0.0,-0.0,0.179909
2025-12-29,300ETF,Future (IF88 (CSI 300 Futures)),icw,-0.2636,1.3,0.0,0,-0.004703,-0.0,0.0,-0.0,0.179909
2025-12-30,300ETF,Future (IF88 (CSI 300 Futures)),icw,0.2319,1.3,0.0,0,0.001162,0.0,0.0,0.0,0.179909
2025-12-31,300ETF,Future (IF88 (CSI 300 Futures)),icw,-0.6102,1.3,0.0,0,-0.005747,-0.0,0.0,-0.0,0.179909
