date,etf,asset_type,scheme,z_composite,z_th,position,is_trade,trade_return,raw_pnl,fee,net_pnl,cum_pnl
2022-01-04,500ETF,Future (IC88 (CSI 500 Futures)),ew,-0.7924,0.8,0.0,0,0.002203,0.0,0.0,0.0,0.0
2022-01-05,500ETF,Future (IC88 (CSI 500 Futures)),ew,-1.131,0.8,0.0,0,-0.005012,0.0,0.0,0.0,0.0
2022-01-06,500ETF,Future (IC88 (CSI 500 Futures)),ew,-0.0674,0.8,0.0,0,0.002217,0.0,0.0,0.0,0.0
2022-01-07,500ETF,Future (IC88 (CSI 500 Futures)),ew,0.794,0.8,0.0,0,-0.006981,0.0,0.0,0.0,0.0
2022-01-10,500ETF,Future (IC88 (CSI 500 Futures)),ew,-0.6854,0.8,0.0,0,0.005297,0.0,0.0,0.0,0.0
2022-01-11,500ETF,Future (IC88 (CSI 500 Futures)),ew,0.3656,0.8,0.0,0,-0.007003,0.0,0.0,0.0,0.0
2022-01-12,500ETF,Future (IC88 (CSI 500 Futures)),ew,0.2762,0.8,0.0,0,0.00323,0.0,0.0,0.0,0.0
2022-01-13,500ETF,Future (IC88 (CSI 500 Futures)),ew,-1.2962,0.8,0.0,0,-0.005573,0.0,0.0,0.0,0.0
2022-01-14,500ETF,Future (IC88 (CSI 500 Futures)),ew,-0.4049,0.8,0.0,0,2.8e-05,0.0,0.0,0.0,0.0
2022-01-17,500ETF,Future (IC88 (CSI 500 Futures)),ew,0.8824,0.8,1.0,1,0.004251,0.00487,0.0004,0.00447,0.00447
2022-01-18,500ETF,Future (IC88 (CSI 500 Futures)),ew,-0.3056,0.8,0.0,0,-0.000865,0.0,0.0,0.0,0.00447
2022-01-19,500ETF,Future (IC88 (CSI 500 Futures)),ew,0.6453,0.8,0.0,0,-0.011228,0.0,0.0,0.0,0.00447
2022-01-20,500ETF,Future (IC88 (CSI 500 Futures)),ew,-0.2587,0.8,0.0,0,-0.004943,0.0,0.0,0.0,0.00447
2022-01-21,500ETF,Future (IC88 (CSI 500 Futures)),ew,-1.021,0.8,0.0,0,-0.004617,0.0,0.0,0.0,0.00447
2022-01-24,500ETF,Future (IC88 (CSI 500 Futures)),ew,0.0387,0.8,0.0,0,0.000744,0.0,0.0,0.0,0.00447
2022-01-25,500ETF,Future (IC88 (CSI 500 Futures)),ew,-0.3661,0.8,0.0,0,-0.02033,0.0,0.0,0.0,0.00447
2022-01-26,500ETF,Future (IC88 (CSI 500 Futures)),ew,0.8427,0.8,1.0,1,0.001093,0.000922,0.0004,0.000522,0.004992
2022-01-27,500ETF,Future (IC88 (CSI 500 Futures)),ew,-0.6501,0.8,0.0,0,-0.01749,0.0,0.0,0.0,0.004992
2022-01-28,500ETF,Future (IC88 (CSI 500 Futures)),ew,-1.3287,0.8,-1.0,1,0.003681,-0.002704,0.0004,-0.003104,0.001888
2022-02-07,500ETF,Future (IC88 (CSI 500 Futures)),ew,1.0781,0.8,1.0,1,-0.004785,-0.003468,0.0004,-0.003868,-0.00198
2022-02-08,500ETF,Future (IC88 (CSI 500 Futures)),ew,-0.3549,0.8,0.0,0,0.006312,0.0,0.0,0.0,-0.00198
2022-02-09,500ETF,Future (IC88 (CSI 500 Futures)),ew,0.8055,0.8,1.0,1,0.014964,0.01399,0.0004,0.01359,0.01161
2022-02-10,500ETF,Future (IC88 (CSI 500 Futures)),ew,-0.002,0.8,0.0,0,-0.000469,0.0,0.0,0.0,0.01161
2022-02-11,500ETF,Future (IC88 (CSI 500 Futures)),ew,-0.0587,0.8,0.0,0,-0.009994,0.0,0.0,0.0,0.01161
2022-02-14,500ETF,Future (IC88 (CSI 500 Futures)),ew,0.458,0.8,0.0,0,-0.011956,0.0,0.0,0.0,0.01161
2022-02-15,500ETF,Future (IC88 (CSI 500 Futures)),ew,0.4056,0.8,0.0,0,0.001902,0.0,0.0,0.0,0.01161
2022-02-16,500ETF,Future (IC88 (CSI 500 Futures)),ew,-0.1643,0.8,0.0,0,-0.0013,0.0,0.0,0.0,0.01161
2022-02-17,500ETF,Future (IC88 (CSI 500 Futures)),ew,-0.8536,0.8,0.0,0,-5.9e-05,0.0,0.0,0.0,0.01161
2022-02-18,500ETF,Future (IC88 (CSI 500 Futures)),ew,0.8764,0.8,1.0,1,0.00426,0.004322,0.0004,0.003922,0.015532
2022-02-21,500ETF,Future (IC88 (CSI 500 Futures)),ew,0.2338,0.8,0.0,0,-0.000293,0.0,0.0,0.0,0.015532
2022-02-22,500ETF,Future (IC88 (CSI 500 Futures)),ew,-1.4164,0.8,-1.0,1,0.000828,-0.000395,0.0004,-0.000795,0.014737
2022-02-23,500ETF,Future (IC88 (CSI 500 Futures)),ew,1.209,0.8,1.0,1,0.006776,0.007302,0.0004,0.006902,0.021639
2022-02-24,500ETF,Future (IC88 (CSI 500 Futures)),ew,-0.0643,0.8,0.0,0,-0.019137,0.0,0.0,0.0,0.021639
2022-02-25,500ETF,Future (IC88 (CSI 500 Futures)),ew,1.6147,0.8,1.0,1,-0.012179,-0.008942,0.0004,-0.009342,0.012297
2022-02-28,500ETF,Future (IC88 (CSI 500 Futures)),ew,-0.282,0.8,0.0,0,0.006169,0.0,0.0,0.0,0.012297
2022-03-01,500ETF,Future (IC88 (CSI 500 Futures)),ew,0.743,0.8,0.0,0,-0.00233,0.0,0.0,0.0,0.012297
2022-03-02,500ETF,Future (IC88 (CSI 500 Futures)),ew,-0.5651,0.8,0.0,0,0.005489,0.0,0.0,0.0,0.012297
2022-03-03,500ETF,Future (IC88 (CSI 500 Futures)),ew,-0.6266,0.8,0.0,0,-0.003091,0.0,0.0,0.0,0.012297
2022-03-04,500ETF,Future (IC88 (CSI 500 Futures)),ew,-0.7479,0.8,0.0,0,-0.005964,0.0,0.0,0.0,0.012297
2022-03-07,500ETF,Future (IC88 (CSI 500 Futures)),ew,-1.4285,0.8,-1.0,1,-0.009547,0.011248,0.0004,0.010848,0.023145
2022-03-08,500ETF,Future (IC88 (CSI 500 Futures)),ew,-0.8141,0.8,0.0,0,-0.020997,0.0,0.0,0.0,0.023145
2022-03-09,500ETF,Future (IC88 (CSI 500 Futures)),ew,-0.7663,0.8,0.0,0,-0.028827,0.0,0.0,0.0,0.023145
2022-03-10,500ETF,Future (IC88 (CSI 500 Futures)),ew,-0.0124,0.8,0.0,0,-0.001095,0.0,0.0,0.0,0.023145
2022-03-11,500ETF,Future (IC88 (CSI 500 Futures)),ew,-1.2029,0.8,0.0,0,0.020718,0.0,0.0,0.0,0.023145
2022-03-14,500ETF,Future (IC88 (CSI 500 Futures)),ew,0.4,0.8,0.0,0,-0.018545,0.0,0.0,0.0,0.023145
2022-03-15,500ETF,Future (IC88 (CSI 500 Futures)),ew,-1.7538,0.8,-1.0,1,-0.016509,0.003192,0.0006,0.002592,0.025737
2022-03-16,500ETF,Future (IC88 (CSI 500 Futures)),ew,-1.138,0.8,0.0,0,0.029807,0.0,0.0,0.0,0.025737
2022-03-17,500ETF,Future (IC88 (CSI 500 Futures)),ew,1.4609,0.8,1.0,1,0.004431,0.005705,0.0004,0.005305,0.031042
2022-03-18,500ETF,Future (IC88 (CSI 500 Futures)),ew,0.8476,0.8,1.0,1,0.011075,0.0091,0.0004,0.0087,0.039742
2022-03-21,500ETF,Future (IC88 (CSI 500 Futures)),ew,0.7215,0.8,0.0,0,-0.006824,0.0,0.0,0.0,0.039742
2022-03-22,500ETF,Future (IC88 (CSI 500 Futures)),ew,-0.7187,0.8,0.0,0,-0.000794,0.0,0.0,0.0,0.039742
2022-03-23,500ETF,Future (IC88 (CSI 500 Futures)),ew,-0.0835,0.8,0.0,0,0.004383,0.0,0.0,0.0,0.039742
2022-03-24,500ETF,Future (IC88 (CSI 500 Futures)),ew,-1.0575,0.8,0.0,0,0.000982,0.0,0.0,0.0,0.039742
2022-03-25,500ETF,Future (IC88 (CSI 500 Futures)),ew,0.3634,0.8,0.0,0,-0.013524,0.0,0.0,0.0,0.039742
2022-03-28,500ETF,Future (IC88 (CSI 500 Futures)),ew,-1.1089,0.8,0.0,0,0.011408,0.0,0.0,0.0,0.039742
2022-03-29,500ETF,Future (IC88 (CSI 500 Futures)),ew,0.626,0.8,0.0,0,-0.011042,0.0,0.0,0.0,0.039742
2022-03-30,500ETF,Future (IC88 (CSI 500 Futures)),ew,1.0132,0.8,1.0,1,0.009988,0.009449,0.0004,0.009049,0.048791
2022-03-31,500ETF,Future (IC88 (CSI 500 Futures)),ew,-0.3009,0.8,0.0,0,-0.005212,0.0,0.0,0.0,0.048791
2022-04-01,500ETF,Future (IC88 (CSI 500 Futures)),ew,-0.044,0.8,0.0,0,0.007671,0.0,0.0,0.0,0.048791
2022-04-06,500ETF,Future (IC88 (CSI 500 Futures)),ew,-1.3213,0.8,-1.0,1,0.003646,-0.001407,0.0004,-0.001807,0.046983
2022-04-07,500ETF,Future (IC88 (CSI 500 Futures)),ew,0.3034,0.8,0.0,0,-0.018847,0.0,0.0,0.0,0.046983
2022-04-08,500ETF,Future (IC88 (CSI 500 Futures)),ew,-0.5817,0.8,0.0,0,0.005254,0.0,0.0,0.0,0.046983
2022-04-11,500ETF,Future (IC88 (CSI 500 Futures)),ew,-1.3588,0.8,-1.0,1,-0.019434,0.019693,0.0004,0.019293,0.066276
2022-04-12,500ETF,Future (IC88 (CSI 500 Futures)),ew,0.068,0.8,0.0,0,0.019013,0.0,0.0,0.0,0.066276
2022-04-13,500ETF,Future (IC88 (CSI 500 Futures)),ew,-1.2098,0.8,0.0,0,0.001812,0.0,0.0,0.0,0.066276
2022-04-14,500ETF,Future (IC88 (CSI 500 Futures)),ew,-0.3608,0.8,0.0,0,0.010707,0.0,0.0,0.0,0.066276
2022-04-15,500ETF,Future (IC88 (CSI 500 Futures)),ew,-0.7368,0.8,0.0,0,-0.005229,0.0,0.0,0.0,0.066276
2022-04-18,500ETF,Future (IC88 (CSI 500 Futures)),ew,-1.1692,0.8,0.0,0,0.006313,0.0,0.0,0.0,0.066276
2022-04-19,500ETF,Future (IC88 (CSI 500 Futures)),ew,0.8127,0.8,1.0,1,0.0,-0.00117,0.0004,-0.00157,0.064707
2022-04-20,500ETF,Future (IC88 (CSI 500 Futures)),ew,-0.7562,0.8,0.0,0,-0.018858,0.0,0.0,0.0,0.064707
2022-04-21,500ETF,Future (IC88 (CSI 500 Futures)),ew,0.2534,0.8,0.0,0,-0.029177,0.0,0.0,0.0,0.064707
2022-04-22,500ETF,Future (IC88 (CSI 500 Futures)),ew,-1.2074,0.8,0.0,0,0.006387,0.0,0.0,0.0,0.064707
2022-04-25,500ETF,Future (IC88 (CSI 500 Futures)),ew,-1.8782,0.8,-1.0,1,-0.027182,0.025139,0.0004,0.024739,0.089446
2022-04-26,500ETF,Future (IC88 (CSI 500 Futures)),ew,-0.858,0.8,0.0,0,-0.010154,0.0,0.0,0.0,0.089446
2022-04-27,500ETF,Future (IC88 (CSI 500 Futures)),ew,0.2477,0.8,0.0,0,0.03843,0.0,0.0,0.0,0.089446
2022-04-28,500ETF,Future (IC88 (CSI 500 Futures)),ew,-0.1263,0.8,0.0,0,0.000821,0.0,0.0,0.0,0.089446
2022-04-29,500ETF,Future (IC88 (CSI 500 Futures)),ew,-0.0822,0.8,0.0,0,0.03127,0.0,0.0,0.0,0.089446
2022-05-05,500ETF,Future (IC88 (CSI 500 Futures)),ew,1.134,0.8,1.0,1,0.001751,0.000628,0.0004,0.000228,0.089674
2022-05-06,500ETF,Future (IC88 (CSI 500 Futures)),ew,-1.0382,0.8,0.0,0,-0.006291,0.0,0.0,0.0,0.089674
2022-05-09,500ETF,Future (IC88 (CSI 500 Futures)),ew,1.3697,0.8,1.0,1,-0.001711,-0.000635,0.0004,-0.001035,0.088638
2022-05-10,500ETF,Future (IC88 (CSI 500 Futures)),ew,-0.1946,0.8,0.0,0,0.030099,0.0,0.0,0.0,0.088638
2022-05-11,500ETF,Future (IC88 (CSI 500 Futures)),ew,1.7824,0.8,1.0,1,-0.002567,-0.00077,0.0004,-0.00117,0.087468
2022-05-12,500ETF,Future (IC88 (CSI 500 Futures)),ew,1.2303,0.8,1.0,1,0.000776,-0.001083,0.0004,-0.001483,0.085985
2022-05-13,500ETF,Future (IC88 (CSI 500 Futures)),ew,0.6931,0.8,0.0,0,0.001121,0.0,0.0,0.0,0.085985
2022-05-16,500ETF,Future (IC88 (CSI 500 Futures)),ew,-0.3153,0.8,0.0,0,-0.00569,0.0,0.0,0.0,0.085985
2022-05-17,500ETF,Future (IC88 (CSI 500 Futures)),ew,-0.8313,0.8,0.0,0,0.005002,0.0,0.0,0.0,0.085985
2022-05-18,500ETF,Future (IC88 (CSI 500 Futures)),ew,-0.3648,0.8,0.0,0,-0.002892,0.0,0.0,0.0,0.085985
2022-05-19,500ETF,Future (IC88 (CSI 500 Futures)),ew,-0.2686,0.8,0.0,0,0.017183,0.0,0.0,0.0,0.085985
2022-05-20,500ETF,Future (IC88 (CSI 500 Futures)),ew,1.5164,0.8,1.0,1,0.002227,0.003465,0.0004,0.003065,0.089051
2022-05-23,500ETF,Future (IC88 (CSI 500 Futures)),ew,-0.1964,0.8,0.0,0,0.003396,0.0,0.0,0.0,0.089051
2022-05-24,500ETF,Future (IC88 (CSI 500 Futures)),ew,-0.7804,0.8,0.0,0,-0.029223,0.0,0.0,0.0,0.089051
2022-05-25,500ETF,Future (IC88 (CSI 500 Futures)),ew,1.3564,0.8,1.0,1,0.003178,0.003367,0.0004,0.002967,0.092018
2022-05-26,500ETF,Future (IC88 (CSI 500 Futures)),ew,-0.9227,0.8,0.0,0,0.024312,0.0,0.0,0.0,0.092018
2022-05-27,500ETF,Future (IC88 (CSI 500 Futures)),ew,0.8202,0.8,1.0,1,-0.006596,-0.007024,0.0004,-0.007424,0.084593
2022-05-30,500ETF,Future (IC88 (CSI 500 Futures)),ew,-0.7537,0.8,0.0,0,0.009516,0.0,0.0,0.0,0.084593
2022-05-31,500ETF,Future (IC88 (CSI 500 Futures)),ew,-0.9311,0.8,0.0,0,0.025436,0.0,0.0,0.0,0.084593
2022-06-01,500ETF,Future (IC88 (CSI 500 Futures)),ew,0.3056,0.8,0.0,0,-0.003414,0.0,0.0,0.0,0.084593
2022-06-02,500ETF,Future (IC88 (CSI 500 Futures)),ew,-0.6065,0.8,0.0,0,0.014275,0.0,0.0,0.0,0.084593
2022-06-06,500ETF,Future (IC88 (CSI 500 Futures)),ew,0.7436,0.8,0.0,0,0.016757,0.0,0.0,0.0,0.084593
2022-06-07,500ETF,Future (IC88 (CSI 500 Futures)),ew,-0.064,0.8,0.0,0,0.004423,0.0,0.0,0.0,0.084593
2022-06-08,500ETF,Future (IC88 (CSI 500 Futures)),ew,0.3481,0.8,0.0,0,-0.004465,0.0,0.0,0.0,0.084593
2022-06-09,500ETF,Future (IC88 (CSI 500 Futures)),ew,-1.0574,0.8,0.0,0,-0.010478,0.0,0.0,0.0,0.084593
2022-06-10,500ETF,Future (IC88 (CSI 500 Futures)),ew,0.4486,0.8,0.0,0,0.018835,0.0,0.0,0.0,0.084593
2022-06-13,500ETF,Future (IC88 (CSI 500 Futures)),ew,0.3787,0.8,0.0,0,-0.005749,0.0,0.0,0.0,0.084593
2022-06-14,500ETF,Future (IC88 (CSI 500 Futures)),ew,-0.9906,0.8,0.0,0,0.013187,0.0,0.0,0.0,0.084593
2022-06-15,500ETF,Future (IC88 (CSI 500 Futures)),ew,1.3754,0.8,1.0,1,0.00692,0.006308,0.0004,0.005908,0.090501
2022-06-16,500ETF,Future (IC88 (CSI 500 Futures)),ew,1.3988,0.8,1.0,1,-0.00542,-0.003367,0.0004,-0.003767,0.086735
2022-06-17,500ETF,Future (IC88 (CSI 500 Futures)),ew,0.9798,0.8,1.0,1,0.005993,0.007576,0.0004,0.007176,0.09391
2022-06-20,500ETF,Future (IC88 (CSI 500 Futures)),ew,0.5476,0.8,0.0,0,0.004084,0.0,0.0,0.0,0.09391
2022-06-21,500ETF,Future (IC88 (CSI 500 Futures)),ew,-0.7092,0.8,0.0,0,-0.008609,0.0,0.0,0.0,0.09391
2022-06-22,500ETF,Future (IC88 (CSI 500 Futures)),ew,-1.0079,0.8,0.0,0,-0.015169,0.0,0.0,0.0,0.09391
2022-06-23,500ETF,Future (IC88 (CSI 500 Futures)),ew,0.1137,0.8,0.0,0,0.023173,0.0,0.0,0.0,0.09391
2022-06-24,500ETF,Future (IC88 (CSI 500 Futures)),ew,0.7349,0.8,0.0,0,0.004456,0.0,0.0,0.0,0.09391
2022-06-27,500ETF,Future (IC88 (CSI 500 Futures)),ew,0.7778,0.8,0.0,0,0.001191,0.0,0.0,0.0,0.09391
2022-06-28,500ETF,Future (IC88 (CSI 500 Futures)),ew,-0.6653,0.8,0.0,0,0.014884,0.0,0.0,0.0,0.09391
2022-06-29,500ETF,Future (IC88 (CSI 500 Futures)),ew,-0.2475,0.8,0.0,0,-0.010856,0.0,0.0,0.0,0.09391
2022-06-30,500ETF,Future (IC88 (CSI 500 Futures)),ew,1.6995,0.8,1.0,1,-0.002209,-0.000817,0.0004,-0.001217,0.092694
2022-07-01,500ETF,Future (IC88 (CSI 500 Futures)),ew,-0.6666,0.8,0.0,0,-0.000467,0.0,0.0,0.0,0.092694
2022-07-04,500ETF,Future (IC88 (CSI 500 Futures)),ew,-0.6292,0.8,0.0,0,0.005483,0.0,0.0,0.0,0.092694
2022-07-05,500ETF,Future (IC88 (CSI 500 Futures)),ew,-0.0576,0.8,0.0,0,-0.006677,0.0,0.0,0.0,0.092694
2022-07-06,500ETF,Future (IC88 (CSI 500 Futures)),ew,-0.7773,0.8,0.0,0,-0.014031,0.0,0.0,0.0,0.092694
2022-07-07,500ETF,Future (IC88 (CSI 500 Futures)),ew,-0.8088,0.8,0.0,0,0.006799,0.0,0.0,0.0,0.092694
2022-07-08,500ETF,Future (IC88 (CSI 500 Futures)),ew,-0.1936,0.8,0.0,0,-0.006323,0.0,0.0,0.0,0.092694
2022-07-11,500ETF,Future (IC88 (CSI 500 Futures)),ew,-1.2388,0.8,0.0,0,-0.000889,0.0,0.0,0.0,0.092694
2022-07-12,500ETF,Future (IC88 (CSI 500 Futures)),ew,-0.708,0.8,0.0,0,-0.011627,0.0,0.0,0.0,0.092694
2022-07-13,500ETF,Future (IC88 (CSI 500 Futures)),ew,0.0538,0.8,0.0,0,-0.001444,0.0,0.0,0.0,0.092694
2022-07-14,500ETF,Future (IC88 (CSI 500 Futures)),ew,-0.243,0.8,0.0,0,0.001687,0.0,0.0,0.0,0.092694
2022-07-15,500ETF,Future (IC88 (CSI 500 Futures)),ew,-0.037,0.8,0.0,0,-0.010567,0.0,0.0,0.0,0.092694
2022-07-18,500ETF,Future (IC88 (CSI 500 Futures)),ew,0.6503,0.8,0.0,0,0.00995,0.0,0.0,0.0,0.092694
2022-07-19,500ETF,Future (IC88 (CSI 500 Futures)),ew,-0.3097,0.8,0.0,0,0.00452,0.0,0.0,0.0,0.092694
2022-07-20,500ETF,Future (IC88 (CSI 500 Futures)),ew,1.2074,0.8,1.0,1,0.00129,0.002193,0.0004,0.001793,0.094487
2022-07-21,500ETF,Future (IC88 (CSI 500 Futures)),ew,-0.6529,0.8,0.0,0,-0.003027,0.0,0.0,0.0,0.094487
2022-07-22,500ETF,Future (IC88 (CSI 500 Futures)),ew,0.266,0.8,0.0,0,-0.007247,0.0,0.0,0.0,0.094487
2022-07-25,500ETF,Future (IC88 (CSI 500 Futures)),ew,0.3456,0.8,0.0,0,-0.008311,0.0,0.0,0.0,0.094487
2022-07-26,500ETF,Future (IC88 (CSI 500 Futures)),ew,-0.5698,0.8,0.0,0,0.009017,0.0,0.0,0.0,0.094487
2022-07-27,500ETF,Future (IC88 (CSI 500 Futures)),ew,-0.6776,0.8,0.0,0,0.003535,0.0,0.0,0.0,0.094487
2022-07-28,500ETF,Future (IC88 (CSI 500 Futures)),ew,-0.0906,0.8,0.0,0,-0.000411,0.0,0.0,0.0,0.094487
2022-07-29,500ETF,Future (IC88 (CSI 500 Futures)),ew,-0.3448,0.8,0.0,0,-0.012636,0.0,0.0,0.0,0.094487
2022-08-01,500ETF,Future (IC88 (CSI 500 Futures)),ew,-0.7188,0.8,0.0,0,0.003327,0.0,0.0,0.0,0.094487
2022-08-02,500ETF,Future (IC88 (CSI 500 Futures)),ew,-1.6396,0.8,-1.0,1,-0.003597,0.000357,0.0006,-0.000243,0.094244
2022-08-03,500ETF,Future (IC88 (CSI 500 Futures)),ew,1.7584,0.8,1.0,1,-0.01287,-0.013311,0.0004,-0.013711,0.080533
2022-08-04,500ETF,Future (IC88 (CSI 500 Futures)),ew,-0.123,0.8,0.0,0,-0.004317,0.0,0.0,0.0,0.080533
2022-08-05,500ETF,Future (IC88 (CSI 500 Futures)),ew,0.1765,0.8,0.0,0,0.015007,0.0,0.0,0.0,0.080533
2022-08-08,500ETF,Future (IC88 (CSI 500 Futures)),ew,-0.1782,0.8,0.0,0,0.006596,0.0,0.0,0.0,0.080533
2022-08-09,500ETF,Future (IC88 (CSI 500 Futures)),ew,-0.8936,0.8,0.0,0,0.003739,0.0,0.0,0.0,0.080533
2022-08-10,500ETF,Future (IC88 (CSI 500 Futures)),ew,0.4545,0.8,0.0,0,-0.007303,0.0,0.0,0.0,0.080533
2022-08-11,500ETF,Future (IC88 (CSI 500 Futures)),ew,0.1653,0.8,0.0,0,0.012004,0.0,0.0,0.0,0.080533
2022-08-12,500ETF,Future (IC88 (CSI 500 Futures)),ew,-0.2122,0.8,0.0,0,-0.001752,0.0,0.0,0.0,0.080533
2022-08-15,500ETF,Future (IC88 (CSI 500 Futures)),ew,0.8266,0.8,1.0,1,-0.003709,-0.001759,0.0004,-0.002159,0.078374
2022-08-16,500ETF,Future (IC88 (CSI 500 Futures)),ew,0.7714,0.8,0.0,0,-0.000405,0.0,0.0,0.0,0.078374
2022-08-17,500ETF,Future (IC88 (CSI 500 Futures)),ew,-1.021,0.8,0.0,0,0.010179,0.0,0.0,0.0,0.078374
2022-08-18,500ETF,Future (IC88 (CSI 500 Futures)),ew,-0.6121,0.8,0.0,0,-0.003292,0.0,0.0,0.0,0.078374
2022-08-19,500ETF,Future (IC88 (CSI 500 Futures)),ew,-0.5538,0.8,0.0,0,-0.009001,0.0,0.0,0.0,0.078374
2022-08-22,500ETF,Future (IC88 (CSI 500 Futures)),ew,-0.1366,0.8,0.0,0,0.010045,0.0,0.0,0.0,0.078374
2022-08-23,500ETF,Future (IC88 (CSI 500 Futures)),ew,-0.5577,0.8,0.0,0,0.00053,0.0,0.0,0.0,0.078374
2022-08-24,500ETF,Future (IC88 (CSI 500 Futures)),ew,-0.9569,0.8,0.0,0,-0.021612,0.0,0.0,0.0,0.078374
2022-08-25,500ETF,Future (IC88 (CSI 500 Futures)),ew,-0.168,0.8,0.0,0,-0.001376,0.0,0.0,0.0,0.078374
2022-08-26,500ETF,Future (IC88 (CSI 500 Futures)),ew,0.3782,0.8,0.0,0,-0.010687,0.0,0.0,0.0,0.078374
2022-08-29,500ETF,Future (IC88 (CSI 500 Futures)),ew,0.1369,0.8,0.0,0,0.003545,0.0,0.0,0.0,0.078374
2022-08-30,500ETF,Future (IC88 (CSI 500 Futures)),ew,-0.1706,0.8,0.0,0,-0.001597,0.0,0.0,0.0,0.078374
2022-08-31,500ETF,Future (IC88 (CSI 500 Futures)),ew,-0.5846,0.8,0.0,0,-0.009114,0.0,0.0,0.0,0.078374
2022-09-01,500ETF,Future (IC88 (CSI 500 Futures)),ew,1.3074,0.8,1.0,1,-0.010892,-0.009842,0.0004,-0.010242,0.068132
2022-09-02,500ETF,Future (IC88 (CSI 500 Futures)),ew,0.3562,0.8,0.0,0,-0.002379,0.0,0.0,0.0,0.068132
2022-09-05,500ETF,Future (IC88 (CSI 500 Futures)),ew,-0.1483,0.8,0.0,0,-0.002986,0.0,0.0,0.0,0.068132
2022-09-06,500ETF,Future (IC88 (CSI 500 Futures)),ew,-0.0526,0.8,0.0,0,0.009691,0.0,0.0,0.0,0.068132
2022-09-07,500ETF,Future (IC88 (CSI 500 Futures)),ew,-0.3128,0.8,0.0,0,0.001911,0.0,0.0,0.0,0.068132
2022-09-08,500ETF,Future (IC88 (CSI 500 Futures)),ew,-0.7855,0.8,0.0,0,-0.001657,0.0,0.0,0.0,0.068132
2022-09-09,500ETF,Future (IC88 (CSI 500 Futures)),ew,0.361,0.8,0.0,0,0.008255,0.0,0.0,0.0,0.068132
2022-09-13,500ETF,Future (IC88 (CSI 500 Futures)),ew,-0.1057,0.8,0.0,0,-0.004094,0.0,0.0,0.0,0.068132
2022-09-14,500ETF,Future (IC88 (CSI 500 Futures)),ew,-0.2658,0.8,0.0,0,-0.002079,0.0,0.0,0.0,0.068132
2022-09-15,500ETF,Future (IC88 (CSI 500 Futures)),ew,-0.6567,0.8,0.0,0,-0.025787,0.0,0.0,0.0,0.068132
2022-09-16,500ETF,Future (IC88 (CSI 500 Futures)),ew,-0.8248,0.8,0.0,0,-0.020398,0.0,0.0,0.0,0.068132
2022-09-19,500ETF,Future (IC88 (CSI 500 Futures)),ew,-0.5739,0.8,0.0,0,-0.007425,0.0,0.0,0.0,0.068132
2022-09-20,500ETF,Future (IC88 (CSI 500 Futures)),ew,0.8236,0.8,1.0,1,-0.006714,-0.006025,0.0004,-0.006425,0.061707
2022-09-21,500ETF,Future (IC88 (CSI 500 Futures)),ew,-1.3348,0.8,-1.0,1,0.013428,-0.013555,0.0004,-0.013955,0.047752
2022-09-22,500ETF,Future (IC88 (CSI 500 Futures)),ew,0.7776,0.8,0.0,0,-0.00775,0.0,0.0,0.0,0.047752
2022-09-23,500ETF,Future (IC88 (CSI 500 Futures)),ew,0.4705,0.8,0.0,0,-0.009244,0.0,0.0,0.0,0.047752
2022-09-26,500ETF,Future (IC88 (CSI 500 Futures)),ew,-0.3868,0.8,0.0,0,-0.005529,0.0,0.0,0.0,0.047752
2022-09-27,500ETF,Future (IC88 (CSI 500 Futures)),ew,1.0701,0.8,1.0,1,0.013841,0.013178,0.0004,0.012778,0.06053
2022-09-28,500ETF,Future (IC88 (CSI 500 Futures)),ew,-1.1638,0.8,0.0,0,-0.007296,0.0,0.0,0.0,0.06053
2022-09-29,500ETF,Future (IC88 (CSI 500 Futures)),ew,0.4726,0.8,0.0,0,-0.012614,0.0,0.0,0.0,0.06053
2022-09-30,500ETF,Future (IC88 (CSI 500 Futures)),ew,0.8478,0.8,1.0,1,-0.005605,-0.00607,0.0004,-0.00647,0.05406
2022-10-10,500ETF,Future (IC88 (CSI 500 Futures)),ew,-0.4451,0.8,0.0,0,-0.023597,0.0,0.0,0.0,0.05406
2022-10-11,500ETF,Future (IC88 (CSI 500 Futures)),ew,0.5648,0.8,0.0,0,0.003988,0.0,0.0,0.0,0.05406
2022-10-12,500ETF,Future (IC88 (CSI 500 Futures)),ew,-0.9547,0.8,0.0,0,0.026334,0.0,0.0,0.0,0.05406
2022-10-13,500ETF,Future (IC88 (CSI 500 Futures)),ew,0.8466,0.8,1.0,1,0.003257,0.003434,0.0004,0.003034,0.057094
2022-10-14,500ETF,Future (IC88 (CSI 500 Futures)),ew,1.3274,0.8,1.0,1,0.010477,0.00962,0.0004,0.00922,0.066314
2022-10-17,500ETF,Future (IC88 (CSI 500 Futures)),ew,0.274,0.8,0.0,0,0.011748,0.0,0.0,0.0,0.066314
2022-10-18,500ETF,Future (IC88 (CSI 500 Futures)),ew,-0.7939,0.8,0.0,0,0.002159,0.0,0.0,0.0,0.066314
2022-10-19,500ETF,Future (IC88 (CSI 500 Futures)),ew,-0.4959,0.8,0.0,0,-0.004935,0.0,0.0,0.0,0.066314
2022-10-20,500ETF,Future (IC88 (CSI 500 Futures)),ew,-0.8644,0.8,0.0,0,0.008876,0.0,0.0,0.0,0.066314
2022-10-21,500ETF,Future (IC88 (CSI 500 Futures)),ew,0.5534,0.8,0.0,0,0.005395,0.0,0.0,0.0,0.066314
2022-10-24,500ETF,Future (IC88 (CSI 500 Futures)),ew,1.6126,0.8,1.0,1,-0.016489,-0.019548,0.0006,-0.020148,0.046166
2022-10-25,500ETF,Future (IC88 (CSI 500 Futures)),ew,-0.8108,0.8,0.0,0,0.001432,0.0,0.0,0.0,0.046166
2022-10-26,500ETF,Future (IC88 (CSI 500 Futures)),ew,1.4191,0.8,1.0,1,0.003701,0.00658,0.0004,0.00618,0.052346
2022-10-27,500ETF,Future (IC88 (CSI 500 Futures)),ew,0.6336,0.8,0.0,0,-0.003304,0.0,0.0,0.0,0.052346
2022-10-28,500ETF,Future (IC88 (CSI 500 Futures)),ew,-0.979,0.8,0.0,0,-0.020445,0.0,0.0,0.0,0.052346
2022-10-31,500ETF,Future (IC88 (CSI 500 Futures)),ew,0.6919,0.8,0.0,0,0.000172,0.0,0.0,0.0,0.052346
2022-11-01,500ETF,Future (IC88 (CSI 500 Futures)),ew,0.7674,0.8,0.0,0,0.018629,0.0,0.0,0.0,0.052346
2022-11-02,500ETF,Future (IC88 (CSI 500 Futures)),ew,1.0457,0.8,1.0,1,0.004056,0.003515,0.0004,0.003115,0.055461
2022-11-03,500ETF,Future (IC88 (CSI 500 Futures)),ew,0.465,0.8,0.0,0,0.003844,0.0,0.0,0.0,0.055461
2022-11-04,500ETF,Future (IC88 (CSI 500 Futures)),ew,1.4145,0.8,1.0,1,0.015065,0.014861,0.0004,0.014461,0.069922
2022-11-07,500ETF,Future (IC88 (CSI 500 Futures)),ew,0.8484,0.8,1.0,1,0.000391,-0.000488,0.0004,-0.000888,0.069034
2022-11-08,500ETF,Future (IC88 (CSI 500 Futures)),ew,-1.0363,0.8,0.0,0,-0.000131,0.0,0.0,0.0,0.069034
2022-11-09,500ETF,Future (IC88 (CSI 500 Futures)),ew,-0.3565,0.8,0.0,0,-0.002023,0.0,0.0,0.0,0.069034
2022-11-10,500ETF,Future (IC88 (CSI 500 Futures)),ew,-0.2384,0.8,0.0,0,-0.000624,0.0,0.0,0.0,0.069034
2022-11-11,500ETF,Future (IC88 (CSI 500 Futures)),ew,-0.1551,0.8,0.0,0,-0.00451,0.0,0.0,0.0,0.069034
2022-11-14,500ETF,Future (IC88 (CSI 500 Futures)),ew,1.1365,0.8,1.0,1,-0.013462,-0.010334,0.0004,-0.010734,0.0583
2022-11-15,500ETF,Future (IC88 (CSI 500 Futures)),ew,0.7009,0.8,0.0,0,0.010893,0.0,0.0,0.0,0.0583
2022-11-16,500ETF,Future (IC88 (CSI 500 Futures)),ew,-0.2131,0.8,0.0,0,-0.005272,0.0,0.0,0.0,0.0583
2022-11-17,500ETF,Future (IC88 (CSI 500 Futures)),ew,-1.0425,0.8,0.0,0,0.004294,0.0,0.0,0.0,0.0583
2022-11-18,500ETF,Future (IC88 (CSI 500 Futures)),ew,-0.0058,0.8,0.0,0,-0.001607,0.0,0.0,0.0,0.0583
2022-11-21,500ETF,Future (IC88 (CSI 500 Futures)),ew,-0.9871,0.8,0.0,0,0.007996,0.0,0.0,0.0,0.0583
2022-11-22,500ETF,Future (IC88 (CSI 500 Futures)),ew,-0.3716,0.8,0.0,0,-0.010867,0.0,0.0,0.0,0.0583
2022-11-23,500ETF,Future (IC88 (CSI 500 Futures)),ew,-0.3119,0.8,0.0,0,0.002385,0.0,0.0,0.0,0.0583
2022-11-24,500ETF,Future (IC88 (CSI 500 Futures)),ew,0.5557,0.8,0.0,0,-3.3e-05,0.0,0.0,0.0,0.0583
2022-11-25,500ETF,Future (IC88 (CSI 500 Futures)),ew,-1.2205,0.8,0.0,0,0.004497,0.0,0.0,0.0,0.0583
2022-11-28,500ETF,Future (IC88 (CSI 500 Futures)),ew,-0.978,0.8,0.0,0,0.007945,0.0,0.0,0.0,0.0583
2022-11-29,500ETF,Future (IC88 (CSI 500 Futures)),ew,1.374,0.8,1.0,1,0.011282,0.01195,0.0004,0.01155,0.06985
2022-11-30,500ETF,Future (IC88 (CSI 500 Futures)),ew,-0.0765,0.8,0.0,0,-0.005063,0.0,0.0,0.0,0.06985
2022-12-01,500ETF,Future (IC88 (CSI 500 Futures)),ew,-0.0841,0.8,0.0,0,-0.003535,0.0,0.0,0.0,0.06985
2022-12-02,500ETF,Future (IC88 (CSI 500 Futures)),ew,0.5345,0.8,0.0,0,-0.006771,0.0,0.0,0.0,0.06985
2022-12-05,500ETF,Future (IC88 (CSI 500 Futures)),ew,-0.2013,0.8,0.0,0,0.003353,0.0,0.0,0.0,0.06985
2022-12-06,500ETF,Future (IC88 (CSI 500 Futures)),ew,-0.0128,0.8,0.0,0,-0.000452,0.0,0.0,0.0,0.06985
2022-12-07,500ETF,Future (IC88 (CSI 500 Futures)),ew,-0.4868,0.8,0.0,0,-0.002351,0.0,0.0,0.0,0.06985
2022-12-08,500ETF,Future (IC88 (CSI 500 Futures)),ew,-0.9565,0.8,0.0,0,0.001582,0.0,0.0,0.0,0.06985
2022-12-09,500ETF,Future (IC88 (CSI 500 Futures)),ew,-0.2546,0.8,0.0,0,0.008943,0.0,0.0,0.0,0.06985
2022-12-12,500ETF,Future (IC88 (CSI 500 Futures)),ew,-1.2192,0.8,0.0,0,0.002371,0.0,0.0,0.0,0.06985
2022-12-13,500ETF,Future (IC88 (CSI 500 Futures)),ew,-1.1182,0.8,0.0,0,0.0,0.0,0.0,0.0,0.06985
2022-12-14,500ETF,Future (IC88 (CSI 500 Futures)),ew,0.1553,0.8,0.0,0,-0.006284,0.0,0.0,0.0,0.06985
2022-12-15,500ETF,Future (IC88 (CSI 500 Futures)),ew,0.082,0.8,0.0,0,0.000459,0.0,0.0,0.0,0.06985
2022-12-16,500ETF,Future (IC88 (CSI 500 Futures)),ew,-0.6781,0.8,0.0,0,0.002109,0.0,0.0,0.0,0.06985
2022-12-19,500ETF,Future (IC88 (CSI 500 Futures)),ew,-0.6627,0.8,0.0,0,-0.017214,0.0,0.0,0.0,0.06985
2022-12-20,500ETF,Future (IC88 (CSI 500 Futures)),ew,-0.8454,0.8,0.0,0,-0.003449,0.0,0.0,0.0,0.06985
2022-12-21,500ETF,Future (IC88 (CSI 500 Futures)),ew,-0.4633,0.8,0.0,0,-0.006979,0.0,0.0,0.0,0.06985
2022-12-22,500ETF,Future (IC88 (CSI 500 Futures)),ew,-0.6115,0.8,0.0,0,-0.0176,0.0,0.0,0.0,0.06985
2022-12-23,500ETF,Future (IC88 (CSI 500 Futures)),ew,0.047,0.8,0.0,0,-0.004901,0.0,0.0,0.0,0.06985
2022-12-26,500ETF,Future (IC88 (CSI 500 Futures)),ew,1.3393,0.8,1.0,1,0.002255,0.002739,0.0004,0.002339,0.072189
2022-12-27,500ETF,Future (IC88 (CSI 500 Futures)),ew,-0.4961,0.8,0.0,0,0.008162,0.0,0.0,0.0,0.072189
2022-12-28,500ETF,Future (IC88 (CSI 500 Futures)),ew,-0.9194,0.8,0.0,0,0.002621,0.0,0.0,0.0,0.072189
2022-12-29,500ETF,Future (IC88 (CSI 500 Futures)),ew,-0.4346,0.8,0.0,0,0.005956,0.0,0.0,0.0,0.072189
2022-12-30,500ETF,Future (IC88 (CSI 500 Futures)),ew,0.3866,0.8,0.0,0,-0.003263,0.0,0.0,0.0,0.072189
2023-01-03,500ETF,Future (IC88 (CSI 500 Futures)),ew,0.0186,0.8,0.0,0,0.016405,0.0,0.0,0.0,0.072189
2023-01-04,500ETF,Future (IC88 (CSI 500 Futures)),ew,-0.0804,0.8,0.0,0,-0.000436,0.0,0.0,0.0,0.072189
2023-01-05,500ETF,Future (IC88 (CSI 500 Futures)),ew,0.3911,0.8,0.0,0,0.002957,0.0,0.0,0.0,0.072189
2023-01-06,500ETF,Future (IC88 (CSI 500 Futures)),ew,0.2716,0.8,0.0,0,-0.001061,0.0,0.0,0.0,0.072189
2023-01-09,500ETF,Future (IC88 (CSI 500 Futures)),ew,0.8926,0.8,1.0,1,-0.001914,-0.000988,0.0004,-0.001388,0.070801
2023-01-10,500ETF,Future (IC88 (CSI 500 Futures)),ew,-0.6359,0.8,0.0,0,0.002579,0.0,0.0,0.0,0.070801
2023-01-11,500ETF,Future (IC88 (CSI 500 Futures)),ew,-0.4759,0.8,0.0,0,-0.004736,0.0,0.0,0.0,0.070801
2023-01-12,500ETF,Future (IC88 (CSI 500 Futures)),ew,0.6691,0.8,0.0,0,-0.004568,0.0,0.0,0.0,0.070801
2023-01-13,500ETF,Future (IC88 (CSI 500 Futures)),ew,-0.1044,0.8,0.0,0,0.004656,0.0,0.0,0.0,0.070801
2023-01-16,500ETF,Future (IC88 (CSI 500 Futures)),ew,1.4121,0.8,1.0,1,0.001173,0.000976,0.0004,0.000576,0.071377
2023-01-17,500ETF,Future (IC88 (CSI 500 Futures)),ew,-0.1755,0.8,0.0,0,0.00039,0.0,0.0,0.0,0.071377
2023-01-18,500ETF,Future (IC88 (CSI 500 Futures)),ew,0.5119,0.8,0.0,0,0.001363,0.0,0.0,0.0,0.071377
2023-01-19,500ETF,Future (IC88 (CSI 500 Futures)),ew,-0.6216,0.8,0.0,0,0.010547,0.0,0.0,0.0,0.071377
2023-01-20,500ETF,Future (IC88 (CSI 500 Futures)),ew,1.0123,0.8,1.0,1,-0.000669,0.000319,0.0004,-8.1e-05,0.071296
2023-01-30,500ETF,Future (IC88 (CSI 500 Futures)),ew,0.1881,0.8,0.0,0,-0.010147,0.0,0.0,0.0,0.071296
2023-01-31,500ETF,Future (IC88 (CSI 500 Futures)),ew,0.5824,0.8,0.0,0,-0.000349,0.0,0.0,0.0,0.071296
2023-02-01,500ETF,Future (IC88 (CSI 500 Futures)),ew,1.0489,0.8,1.0,1,0.003427,0.005039,0.0004,0.004639,0.075935
2023-02-02,500ETF,Future (IC88 (CSI 500 Futures)),ew,-0.6108,0.8,0.0,0,-0.001002,0.0,0.0,0.0,0.075935
2023-02-03,500ETF,Future (IC88 (CSI 500 Futures)),ew,-1.1514,0.8,0.0,0,0.005214,0.0,0.0,0.0,0.075935
2023-02-06,500ETF,Future (IC88 (CSI 500 Futures)),ew,-0.5524,0.8,0.0,0,-0.004247,0.0,0.0,0.0,0.075935
2023-02-07,500ETF,Future (IC88 (CSI 500 Futures)),ew,-0.061,0.8,0.0,0,0.001523,0.0,0.0,0.0,0.075935
2023-02-08,500ETF,Future (IC88 (CSI 500 Futures)),ew,-0.4637,0.8,0.0,0,-0.005863,0.0,0.0,0.0,0.075935
2023-02-09,500ETF,Future (IC88 (CSI 500 Futures)),ew,0.9229,0.8,1.0,1,0.009098,0.009658,0.0004,0.009258,0.085193
2023-02-10,500ETF,Future (IC88 (CSI 500 Futures)),ew,0.2977,0.8,0.0,0,-0.003656,0.0,0.0,0.0,0.085193
2023-02-13,500ETF,Future (IC88 (CSI 500 Futures)),ew,1.1267,0.8,1.0,1,-0.002982,-0.000781,0.0004,-0.001181,0.084012
2023-02-14,500ETF,Future (IC88 (CSI 500 Futures)),ew,0.2748,0.8,0.0,0,-0.001537,0.0,0.0,0.0,0.084012
2023-02-15,500ETF,Future (IC88 (CSI 500 Futures)),ew,-0.3783,0.8,0.0,0,-0.000691,0.0,0.0,0.0,0.084012
2023-02-16,500ETF,Future (IC88 (CSI 500 Futures)),ew,0.255,0.8,0.0,0,-0.01648,0.0,0.0,0.0,0.084012
2023-02-17,500ETF,Future (IC88 (CSI 500 Futures)),ew,0.4282,0.8,0.0,0,-0.006113,0.0,0.0,0.0,0.084012
2023-02-20,500ETF,Future (IC88 (CSI 500 Futures)),ew,-0.1126,0.8,0.0,0,0.012532,0.0,0.0,0.0,0.084012
2023-02-21,500ETF,Future (IC88 (CSI 500 Futures)),ew,1.0646,0.8,1.0,1,-0.003521,-0.002189,0.0004,-0.002589,0.081423
2023-02-22,500ETF,Future (IC88 (CSI 500 Futures)),ew,-0.1236,0.8,0.0,0,0.001797,0.0,0.0,0.0,0.081423
2023-02-23,500ETF,Future (IC88 (CSI 500 Futures)),ew,0.6226,0.8,0.0,0,-0.006422,0.0,0.0,0.0,0.081423
2023-02-24,500ETF,Future (IC88 (CSI 500 Futures)),ew,-0.5058,0.8,0.0,0,-0.004166,0.0,0.0,0.0,0.081423
2023-02-27,500ETF,Future (IC88 (CSI 500 Futures)),ew,-0.3792,0.8,0.0,0,-0.005497,0.0,0.0,0.0,0.081423
2023-02-28,500ETF,Future (IC88 (CSI 500 Futures)),ew,0.6044,0.8,0.0,0,0.002211,0.0,0.0,0.0,0.081423
2023-03-01,500ETF,Future (IC88 (CSI 500 Futures)),ew,-0.267,0.8,0.0,0,0.003984,0.0,0.0,0.0,0.081423
2023-03-02,500ETF,Future (IC88 (CSI 500 Futures)),ew,-0.323,0.8,0.0,0,-0.004511,0.0,0.0,0.0,0.081423
2023-03-03,500ETF,Future (IC88 (CSI 500 Futures)),ew,0.3538,0.8,0.0,0,-0.001128,0.0,0.0,0.0,0.081423
2023-03-06,500ETF,Future (IC88 (CSI 500 Futures)),ew,-0.4871,0.8,0.0,0,0.000346,0.0,0.0,0.0,0.081423
2023-03-07,500ETF,Future (IC88 (CSI 500 Futures)),ew,-0.3642,0.8,0.0,0,-0.009234,0.0,0.0,0.0,0.081423
2023-03-08,500ETF,Future (IC88 (CSI 500 Futures)),ew,0.3912,0.8,0.0,0,0.001178,0.0,0.0,0.0,0.081423
2023-03-09,500ETF,Future (IC88 (CSI 500 Futures)),ew,-0.7129,0.8,0.0,0,-0.000446,0.0,0.0,0.0,0.081423
2023-03-10,500ETF,Future (IC88 (CSI 500 Futures)),ew,-0.9071,0.8,0.0,0,-0.000386,0.0,0.0,0.0,0.081423
2023-03-13,500ETF,Future (IC88 (CSI 500 Futures)),ew,0.8111,0.8,1.0,1,0.004994,0.004829,0.0004,0.004429,0.085852
2023-03-14,500ETF,Future (IC88 (CSI 500 Futures)),ew,-0.7965,0.8,0.0,0,-0.004156,0.0,0.0,0.0,0.085852
2023-03-15,500ETF,Future (IC88 (CSI 500 Futures)),ew,1.3125,0.8,1.0,1,-0.004554,-0.005265,0.0004,-0.005665,0.080187
2023-03-16,500ETF,Future (IC88 (CSI 500 Futures)),ew,-0.6074,0.8,0.0,0,-0.006239,0.0,0.0,0.0,0.080187
2023-03-17,500ETF,Future (IC88 (CSI 500 Futures)),ew,1.0661,0.8,1.0,1,-0.00469,-0.004984,0.0004,-0.005384,0.074803
2023-03-20,500ETF,Future (IC88 (CSI 500 Futures)),ew,-0.9549,0.8,0.0,0,-0.00172,0.0,0.0,0.0,0.074803
2023-03-21,500ETF,Future (IC88 (CSI 500 Futures)),ew,1.0938,0.8,1.0,1,0.000675,0.001284,0.0004,0.000884,0.075687
2023-03-22,500ETF,Future (IC88 (CSI 500 Futures)),ew,0.8226,0.8,1.0,1,0.000224,0.000637,0.0004,0.000237,0.075924
2023-03-23,500ETF,Future (IC88 (CSI 500 Futures)),ew,0.1211,0.8,0.0,0,0.005225,0.0,0.0,0.0,0.075924
2023-03-24,500ETF,Future (IC88 (CSI 500 Futures)),ew,-0.68,0.8,0.0,0,0.000984,0.0,0.0,0.0,0.075924
2023-03-27,500ETF,Future (IC88 (CSI 500 Futures)),ew,-0.1623,0.8,0.0,0,0.000698,0.0,0.0,0.0,0.075924
2023-03-28,500ETF,Future (IC88 (CSI 500 Futures)),ew,-0.524,0.8,0.0,0,0.001465,0.0,0.0,0.0,0.075924
2023-03-29,500ETF,Future (IC88 (CSI 500 Futures)),ew,-0.6093,0.8,0.0,0,-0.000191,0.0,0.0,0.0,0.075924
2023-03-30,500ETF,Future (IC88 (CSI 500 Futures)),ew,-0.6897,0.8,0.0,0,0.003957,0.0,0.0,0.0,0.075924
2023-03-31,500ETF,Future (IC88 (CSI 500 Futures)),ew,0.9763,0.8,1.0,1,0.001137,0.001578,0.0004,0.001178,0.077102
2023-04-03,500ETF,Future (IC88 (CSI 500 Futures)),ew,1.1914,0.8,1.0,1,0.004246,0.004058,0.0004,0.003658,0.08076
2023-04-04,500ETF,Future (IC88 (CSI 500 Futures)),ew,-0.1595,0.8,0.0,0,-0.001155,0.0,0.0,0.0,0.08076
2023-04-06,500ETF,Future (IC88 (CSI 500 Futures)),ew,0.4626,0.8,0.0,0,-0.000125,0.0,0.0,0.0,0.08076
2023-04-07,500ETF,Future (IC88 (CSI 500 Futures)),ew,0.8756,0.8,1.0,1,0.00372,0.003717,0.0004,0.003317,0.084077
2023-04-10,500ETF,Future (IC88 (CSI 500 Futures)),ew,-0.6649,0.8,0.0,0,-0.006118,0.0,0.0,0.0,0.084077
2023-04-11,500ETF,Future (IC88 (CSI 500 Futures)),ew,-0.5479,0.8,0.0,0,-0.000966,0.0,0.0,0.0,0.084077
2023-04-12,500ETF,Future (IC88 (CSI 500 Futures)),ew,0.5705,0.8,0.0,0,0.001897,0.0,0.0,0.0,0.084077
2023-04-13,500ETF,Future (IC88 (CSI 500 Futures)),ew,-0.3738,0.8,0.0,0,-0.003988,0.0,0.0,0.0,0.084077
2023-04-14,500ETF,Future (IC88 (CSI 500 Futures)),ew,0.7141,0.8,0.0,0,-0.00028,0.0,0.0,0.0,0.084077
2023-04-17,500ETF,Future (IC88 (CSI 500 Futures)),ew,0.6914,0.8,0.0,0,0.00242,0.0,0.0,0.0,0.084077
2023-04-18,500ETF,Future (IC88 (CSI 500 Futures)),ew,-0.7566,0.8,0.0,0,0.002237,0.0,0.0,0.0,0.084077
2023-04-19,500ETF,Future (IC88 (CSI 500 Futures)),ew,0.1035,0.8,0.0,0,-0.005663,0.0,0.0,0.0,0.084077
2023-04-20,500ETF,Future (IC88 (CSI 500 Futures)),ew,-0.8103,0.8,0.0,0,0.000594,0.0,0.0,0.0,0.084077
2023-04-21,500ETF,Future (IC88 (CSI 500 Futures)),ew,-0.9664,0.8,0.0,0,-0.019036,0.0,0.0,0.0,0.084077
2023-04-24,500ETF,Future (IC88 (CSI 500 Futures)),ew,-0.842,0.8,0.0,0,-0.005672,0.0,0.0,0.0,0.084077
2023-04-25,500ETF,Future (IC88 (CSI 500 Futures)),ew,-1.0122,0.8,0.0,0,-0.008937,0.0,0.0,0.0,0.084077
2023-04-26,500ETF,Future (IC88 (CSI 500 Futures)),ew,1.2094,0.8,1.0,1,-0.002671,-0.001622,0.0004,-0.002022,0.082056
2023-04-27,500ETF,Future (IC88 (CSI 500 Futures)),ew,0.5181,0.8,0.0,0,0.002115,0.0,0.0,0.0,0.082056
2023-04-28,500ETF,Future (IC88 (CSI 500 Futures)),ew,1.2297,0.8,1.0,1,0.003569,0.003855,0.0004,0.003455,0.085511
2023-05-04,500ETF,Future (IC88 (CSI 500 Futures)),ew,0.6863,0.8,0.0,0,-0.000353,0.0,0.0,0.0,0.085511
2023-05-05,500ETF,Future (IC88 (CSI 500 Futures)),ew,-1.0679,0.8,0.0,0,-0.005242,0.0,0.0,0.0,0.085511
2023-05-08,500ETF,Future (IC88 (CSI 500 Futures)),ew,0.4919,0.8,0.0,0,0.00548,0.0,0.0,0.0,0.085511
2023-05-09,500ETF,Future (IC88 (CSI 500 Futures)),ew,-0.6097,0.8,0.0,0,-0.004457,0.0,0.0,0.0,0.085511
2023-05-10,500ETF,Future (IC88 (CSI 500 Futures)),ew,0.0605,0.8,0.0,0,-0.003382,0.0,0.0,0.0,0.085511
2023-05-11,500ETF,Future (IC88 (CSI 500 Futures)),ew,-0.4349,0.8,0.0,0,-0.003387,0.0,0.0,0.0,0.085511
2023-05-12,500ETF,Future (IC88 (CSI 500 Futures)),ew,0.5482,0.8,0.0,0,-0.011616,0.0,0.0,0.0,0.085511
2023-05-15,500ETF,Future (IC88 (CSI 500 Futures)),ew,-0.658,0.8,0.0,0,0.009995,0.0,0.0,0.0,0.085511
2023-05-16,500ETF,Future (IC88 (CSI 500 Futures)),ew,-1.0296,0.8,0.0,0,-0.005441,0.0,0.0,0.0,0.085511
2023-05-17,500ETF,Future (IC88 (CSI 500 Futures)),ew,0.0301,0.8,0.0,0,-0.001641,0.0,0.0,0.0,0.085511
2023-05-18,500ETF,Future (IC88 (CSI 500 Futures)),ew,0.4534,0.8,0.0,0,-0.001506,0.0,0.0,0.0,0.085511
2023-05-19,500ETF,Future (IC88 (CSI 500 Futures)),ew,-1.0247,0.8,0.0,0,0.004233,0.0,0.0,0.0,0.085511
2023-05-22,500ETF,Future (IC88 (CSI 500 Futures)),ew,-0.3024,0.8,0.0,0,0.001115,0.0,0.0,0.0,0.085511
2023-05-23,500ETF,Future (IC88 (CSI 500 Futures)),ew,-0.9073,0.8,0.0,0,-0.003065,0.0,0.0,0.0,0.085511
2023-05-24,500ETF,Future (IC88 (CSI 500 Futures)),ew,-1.185,0.8,0.0,0,0.003802,0.0,0.0,0.0,0.085511
2023-05-25,500ETF,Future (IC88 (CSI 500 Futures)),ew,0.4372,0.8,0.0,0,-0.008372,0.0,0.0,0.0,0.085511
2023-05-26,500ETF,Future (IC88 (CSI 500 Futures)),ew,-1.0828,0.8,0.0,0,0.013716,0.0,0.0,0.0,0.085511
2023-05-29,500ETF,Future (IC88 (CSI 500 Futures)),ew,0.1062,0.8,0.0,0,-0.00558,0.0,0.0,0.0,0.085511
2023-05-30,500ETF,Future (IC88 (CSI 500 Futures)),ew,-0.4492,0.8,0.0,0,0.006803,0.0,0.0,0.0,0.085511
2023-05-31,500ETF,Future (IC88 (CSI 500 Futures)),ew,-0.2189,0.8,0.0,0,-0.002588,0.0,0.0,0.0,0.085511
2023-06-01,500ETF,Future (IC88 (CSI 500 Futures)),ew,-0.2418,0.8,0.0,0,-0.004724,0.0,0.0,0.0,0.085511
2023-06-02,500ETF,Future (IC88 (CSI 500 Futures)),ew,1.022,0.8,1.0,1,0.002494,0.001788,0.0004,0.001388,0.086899
2023-06-05,500ETF,Future (IC88 (CSI 500 Futures)),ew,-0.5913,0.8,0.0,0,-0.00023,0.0,0.0,0.0,0.086899
2023-06-06,500ETF,Future (IC88 (CSI 500 Futures)),ew,-1.1708,0.8,0.0,0,-0.011323,0.0,0.0,0.0,0.086899
2023-06-07,500ETF,Future (IC88 (CSI 500 Futures)),ew,0.2194,0.8,0.0,0,-0.006049,0.0,0.0,0.0,0.086899
2023-06-08,500ETF,Future (IC88 (CSI 500 Futures)),ew,-0.9465,0.8,0.0,0,0.001614,0.0,0.0,0.0,0.086899
2023-06-09,500ETF,Future (IC88 (CSI 500 Futures)),ew,0.0864,0.8,0.0,0,0.004136,0.0,0.0,0.0,0.086899
2023-06-12,500ETF,Future (IC88 (CSI 500 Futures)),ew,-0.5388,0.8,0.0,0,0.002425,0.0,0.0,0.0,0.086899
2023-06-13,500ETF,Future (IC88 (CSI 500 Futures)),ew,0.0185,0.8,0.0,0,0.003546,0.0,0.0,0.0,0.086899
2023-06-14,500ETF,Future (IC88 (CSI 500 Futures)),ew,0.1809,0.8,0.0,0,-0.000926,0.0,0.0,0.0,0.086899
2023-06-15,500ETF,Future (IC88 (CSI 500 Futures)),ew,0.4133,0.8,0.0,0,0.005594,0.0,0.0,0.0,0.086899
2023-06-16,500ETF,Future (IC88 (CSI 500 Futures)),ew,0.7433,0.8,0.0,0,0.005361,0.0,0.0,0.0,0.086899
2023-06-19,500ETF,Future (IC88 (CSI 500 Futures)),ew,-1.0225,0.8,0.0,0,-0.002321,0.0,0.0,0.0,0.086899
2023-06-20,500ETF,Future (IC88 (CSI 500 Futures)),ew,-0.4483,0.8,0.0,0,0.000131,0.0,0.0,0.0,0.086899
2023-06-21,500ETF,Future (IC88 (CSI 500 Futures)),ew,-1.2388,0.8,0.0,0,-0.008362,0.0,0.0,0.0,0.086899
2023-06-26,500ETF,Future (IC88 (CSI 500 Futures)),ew,-0.4364,0.8,0.0,0,-0.005291,0.0,0.0,0.0,0.086899
2023-06-27,500ETF,Future (IC88 (CSI 500 Futures)),ew,0.9862,0.8,1.0,1,0.002603,0.003334,0.0004,0.002934,0.089833
2023-06-28,500ETF,Future (IC88 (CSI 500 Futures)),ew,-1.3596,0.8,-1.0,1,0.009067,-0.008384,0.0004,-0.008784,0.08105
2023-06-29,500ETF,Future (IC88 (CSI 500 Futures)),ew,0.4507,0.8,0.0,0,-0.000169,0.0,0.0,0.0,0.08105
2023-06-30,500ETF,Future (IC88 (CSI 500 Futures)),ew,0.9907,0.8,1.0,1,0.005461,0.005617,0.0004,0.005217,0.086267
2023-07-03,500ETF,Future (IC88 (CSI 500 Futures)),ew,0.8556,0.8,1.0,1,0.002462,0.00295,0.0004,0.00255,0.088817
2023-07-04,500ETF,Future (IC88 (CSI 500 Futures)),ew,-0.7515,0.8,0.0,0,0.001692,0.0,0.0,0.0,0.088817
2023-07-05,500ETF,Future (IC88 (CSI 500 Futures)),ew,-0.934,0.8,0.0,0,-0.003258,0.0,0.0,0.0,0.088817
2023-07-06,500ETF,Future (IC88 (CSI 500 Futures)),ew,-0.367,0.8,0.0,0,-0.009206,0.0,0.0,0.0,0.088817
2023-07-07,500ETF,Future (IC88 (CSI 500 Futures)),ew,-0.9803,0.8,0.0,0,0.002962,0.0,0.0,0.0,0.088817
2023-07-10,500ETF,Future (IC88 (CSI 500 Futures)),ew,0.291,0.8,0.0,0,-0.003819,0.0,0.0,0.0,0.088817
2023-07-11,500ETF,Future (IC88 (CSI 500 Futures)),ew,-0.6544,0.8,0.0,0,0.007869,0.0,0.0,0.0,0.088817
2023-07-12,500ETF,Future (IC88 (CSI 500 Futures)),ew,-0.541,0.8,0.0,0,-0.006175,0.0,0.0,0.0,0.088817
2023-07-13,500ETF,Future (IC88 (CSI 500 Futures)),ew,1.3887,0.8,1.0,1,0.003149,0.003103,0.0004,0.002703,0.091519
2023-07-14,500ETF,Future (IC88 (CSI 500 Futures)),ew,-0.8178,0.8,0.0,0,-0.002517,0.0,0.0,0.0,0.091519
2023-07-17,500ETF,Future (IC88 (CSI 500 Futures)),ew,-0.9057,0.8,0.0,0,-0.000767,0.0,0.0,0.0,0.091519
2023-07-18,500ETF,Future (IC88 (CSI 500 Futures)),ew,-0.8281,0.8,0.0,0,0.001301,0.0,0.0,0.0,0.091519
2023-07-19,500ETF,Future (IC88 (CSI 500 Futures)),ew,0.3761,0.8,0.0,0,-0.003337,0.0,0.0,0.0,0.091519
2023-07-20,500ETF,Future (IC88 (CSI 500 Futures)),ew,-0.3177,0.8,0.0,0,-0.008932,0.0,0.0,0.0,0.091519
2023-07-21,500ETF,Future (IC88 (CSI 500 Futures)),ew,0.1004,0.8,0.0,0,-0.001551,0.0,0.0,0.0,0.091519
2023-07-24,500ETF,Future (IC88 (CSI 500 Futures)),ew,-0.1442,0.8,0.0,0,-0.002059,0.0,0.0,0.0,0.091519
2023-07-25,500ETF,Future (IC88 (CSI 500 Futures)),ew,0.9444,0.8,1.0,1,0.002631,0.003282,0.0004,0.002882,0.094401
2023-07-26,500ETF,Future (IC88 (CSI 500 Futures)),ew,-0.7756,0.8,0.0,0,-0.003198,0.0,0.0,0.0,0.094401
2023-07-27,500ETF,Future (IC88 (CSI 500 Futures)),ew,0.4145,0.8,0.0,0,-0.008791,0.0,0.0,0.0,0.094401
2023-07-28,500ETF,Future (IC88 (CSI 500 Futures)),ew,-0.3284,0.8,0.0,0,0.018159,0.0,0.0,0.0,0.094401
2023-07-31,500ETF,Future (IC88 (CSI 500 Futures)),ew,1.4699,0.8,1.0,1,-0.004979,-0.004341,0.0004,-0.004741,0.089661
2023-08-01,500ETF,Future (IC88 (CSI 500 Futures)),ew,0.3564,0.8,0.0,0,-0.001866,0.0,0.0,0.0,0.089661
2023-08-02,500ETF,Future (IC88 (CSI 500 Futures)),ew,0.1849,0.8,0.0,0,-0.00644,0.0,0.0,0.0,0.089661
2023-08-03,500ETF,Future (IC88 (CSI 500 Futures)),ew,-0.2599,0.8,0.0,0,0.003259,0.0,0.0,0.0,0.089661
2023-08-04,500ETF,Future (IC88 (CSI 500 Futures)),ew,1.1046,0.8,1.0,1,-0.001597,0.0,0.0004,-0.0004,0.089261
2023-08-07,500ETF,Future (IC88 (CSI 500 Futures)),ew,-1.1708,0.8,0.0,0,-0.000885,0.0,0.0,0.0,0.089261
2023-08-08,500ETF,Future (IC88 (CSI 500 Futures)),ew,-1.273,0.8,0.0,0,0.003554,0.0,0.0,0.0,0.089261
2023-08-09,500ETF,Future (IC88 (CSI 500 Futures)),ew,-0.1072,0.8,0.0,0,-0.005843,0.0,0.0,0.0,0.089261
2023-08-10,500ETF,Future (IC88 (CSI 500 Futures)),ew,0.3808,0.8,0.0,0,-3.3e-05,0.0,0.0,0.0,0.089261
2023-08-11,500ETF,Future (IC88 (CSI 500 Futures)),ew,-1.0894,0.8,0.0,0,-0.011559,0.0,0.0,0.0,0.089261
2023-08-14,500ETF,Future (IC88 (CSI 500 Futures)),ew,-0.7935,0.8,0.0,0,0.007059,0.0,0.0,0.0,0.089261
2023-08-15,500ETF,Future (IC88 (CSI 500 Futures)),ew,-0.7318,0.8,0.0,0,-0.002921,0.0,0.0,0.0,0.089261
2023-08-16,500ETF,Future (IC88 (CSI 500 Futures)),ew,-0.2121,0.8,0.0,0,-0.003411,0.0,0.0,0.0,0.089261
2023-08-17,500ETF,Future (IC88 (CSI 500 Futures)),ew,-0.7063,0.8,0.0,0,0.012387,0.0,0.0,0.0,0.089261
2023-08-18,500ETF,Future (IC88 (CSI 500 Futures)),ew,-0.0372,0.8,0.0,0,-0.012911,0.0,0.0,0.0,0.089261
2023-08-21,500ETF,Future (IC88 (CSI 500 Futures)),ew,0.2728,0.8,0.0,0,-0.008478,0.0,0.0,0.0,0.089261
2023-08-22,500ETF,Future (IC88 (CSI 500 Futures)),ew,0.1155,0.8,0.0,0,0.006077,0.0,0.0,0.0,0.089261
2023-08-23,500ETF,Future (IC88 (CSI 500 Futures)),ew,-1.3811,0.8,-1.0,1,-0.009718,0.00778,0.0004,0.00738,0.096641
2023-08-24,500ETF,Future (IC88 (CSI 500 Futures)),ew,-0.1688,0.8,0.0,0,0.004921,0.0,0.0,0.0,0.096641
2023-08-25,500ETF,Future (IC88 (CSI 500 Futures)),ew,-0.6492,0.8,0.0,0,-0.01568,0.0,0.0,0.0,0.096641
2023-08-28,500ETF,Future (IC88 (CSI 500 Futures)),ew,-0.7444,0.8,0.0,0,-0.02292,0.0,0.0,0.0,0.096641
2023-08-29,500ETF,Future (IC88 (CSI 500 Futures)),ew,1.2758,0.8,1.0,1,0.013467,0.013504,0.0004,0.013104,0.109745
2023-08-30,500ETF,Future (IC88 (CSI 500 Futures)),ew,1.0391,0.8,1.0,1,-0.007032,-0.005915,0.0004,-0.006315,0.10343
2023-08-31,500ETF,Future (IC88 (CSI 500 Futures)),ew,-0.604,0.8,0.0,0,-0.002399,0.0,0.0,0.0,0.10343
2023-09-01,500ETF,Future (IC88 (CSI 500 Futures)),ew,0.443,0.8,0.0,0,-0.002191,0.0,0.0,0.0,0.10343
2023-09-04,500ETF,Future (IC88 (CSI 500 Futures)),ew,-0.0825,0.8,0.0,0,0.007485,0.0,0.0,0.0,0.10343
2023-09-05,500ETF,Future (IC88 (CSI 500 Futures)),ew,-0.7288,0.8,0.0,0,-0.004004,0.0,0.0,0.0,0.10343
2023-09-06,500ETF,Future (IC88 (CSI 500 Futures)),ew,-0.9642,0.8,0.0,0,0.00688,0.0,0.0,0.0,0.10343
2023-09-07,500ETF,Future (IC88 (CSI 500 Futures)),ew,-1.0743,0.8,0.0,0,-0.010061,0.0,0.0,0.0,0.10343
2023-09-08,500ETF,Future (IC88 (CSI 500 Futures)),ew,0.2632,0.8,0.0,0,0.00186,0.0,0.0,0.0,0.10343
2023-09-11,500ETF,Future (IC88 (CSI 500 Futures)),ew,0.2723,0.8,0.0,0,0.008178,0.0,0.0,0.0,0.10343
2023-09-12,500ETF,Future (IC88 (CSI 500 Futures)),ew,-0.3419,0.8,0.0,0,0.001283,0.0,0.0,0.0,0.10343
2023-09-13,500ETF,Future (IC88 (CSI 500 Futures)),ew,-0.6244,0.8,0.0,0,-0.0102,0.0,0.0,0.0,0.10343
2023-09-14,500ETF,Future (IC88 (CSI 500 Futures)),ew,-0.3319,0.8,0.0,0,-0.00021,0.0,0.0,0.0,0.10343
2023-09-15,500ETF,Future (IC88 (CSI 500 Futures)),ew,-0.821,0.8,0.0,0,-0.000914,0.0,0.0,0.0,0.10343
2023-09-18,500ETF,Future (IC88 (CSI 500 Futures)),ew,-0.3179,0.8,0.0,0,0.005417,0.0,0.0,0.0,0.10343
2023-09-19,500ETF,Future (IC88 (CSI 500 Futures)),ew,-1.0219,0.8,0.0,0,0.002844,0.0,0.0,0.0,0.10343
2023-09-20,500ETF,Future (IC88 (CSI 500 Futures)),ew,-0.2165,0.8,0.0,0,-0.004328,0.0,0.0,0.0,0.10343
2023-09-21,500ETF,Future (IC88 (CSI 500 Futures)),ew,0.4408,0.8,0.0,0,-0.00656,0.0,0.0,0.0,0.10343
2023-09-22,500ETF,Future (IC88 (CSI 500 Futures)),ew,0.3443,0.8,0.0,0,0.014513,0.0,0.0,0.0,0.10343
2023-09-25,500ETF,Future (IC88 (CSI 500 Futures)),ew,-0.6286,0.8,0.0,0,-0.001302,0.0,0.0,0.0,0.10343
2023-09-26,500ETF,Future (IC88 (CSI 500 Futures)),ew,-0.0998,0.8,0.0,0,-7.1e-05,0.0,0.0,0.0,0.10343
2023-09-27,500ETF,Future (IC88 (CSI 500 Futures)),ew,1.3736,0.8,1.0,1,-0.00231,-0.002412,0.0004,-0.002812,0.100618
2023-09-28,500ETF,Future (IC88 (CSI 500 Futures)),ew,0.6438,0.8,0.0,0,-0.004242,0.0,0.0,0.0,0.100618
2023-10-09,500ETF,Future (IC88 (CSI 500 Futures)),ew,-1.0113,0.8,0.0,0,-0.001024,0.0,0.0,0.0,0.100618
2023-10-10,500ETF,Future (IC88 (CSI 500 Futures)),ew,0.0185,0.8,0.0,0,-0.004251,0.0,0.0,0.0,0.100618
2023-10-11,500ETF,Future (IC88 (CSI 500 Futures)),ew,0.7661,0.8,0.0,0,-0.008964,0.0,0.0,0.0,0.100618
2023-10-12,500ETF,Future (IC88 (CSI 500 Futures)),ew,0.6984,0.8,0.0,0,0.001977,0.0,0.0,0.0,0.100618
2023-10-13,500ETF,Future (IC88 (CSI 500 Futures)),ew,-1.0459,0.8,0.0,0,3.6e-05,0.0,0.0,0.0,0.100618
2023-10-16,500ETF,Future (IC88 (CSI 500 Futures)),ew,-1.1544,0.8,0.0,0,-0.004303,0.0,0.0,0.0,0.100618
2023-10-17,500ETF,Future (IC88 (CSI 500 Futures)),ew,-0.7123,0.8,0.0,0,0.002474,0.0,0.0,0.0,0.100618
2023-10-18,500ETF,Future (IC88 (CSI 500 Futures)),ew,-1.4087,0.8,-1.0,1,-0.002312,0.002835,0.0004,0.002435,0.103053
2023-10-19,500ETF,Future (IC88 (CSI 500 Futures)),ew,-0.0219,0.8,0.0,0,-0.00743,0.0,0.0,0.0,0.103053
2023-10-20,500ETF,Future (IC88 (CSI 500 Futures)),ew,0.2299,0.8,0.0,0,-0.003786,0.0,0.0,0.0,0.103053
2023-10-23,500ETF,Future (IC88 (CSI 500 Futures)),ew,-1.3236,0.8,-1.0,1,-0.015574,0.013774,0.0004,0.013374,0.116427
2023-10-24,500ETF,Future (IC88 (CSI 500 Futures)),ew,-0.3382,0.8,0.0,0,0.010372,0.0,0.0,0.0,0.116427
2023-10-25,500ETF,Future (IC88 (CSI 500 Futures)),ew,1.359,0.8,1.0,1,-0.008326,-0.007437,0.0004,-0.007837,0.10859
2023-10-26,500ETF,Future (IC88 (CSI 500 Futures)),ew,-0.6611,0.8,0.0,0,0.007686,0.0,0.0,0.0,0.10859
2023-10-27,500ETF,Future (IC88 (CSI 500 Futures)),ew,0.8546,0.8,1.0,1,0.018066,0.015795,0.0004,0.015395,0.123985
2023-10-30,500ETF,Future (IC88 (CSI 500 Futures)),ew,0.8718,0.8,1.0,1,0.00641,0.008033,0.0004,0.007633,0.131618
2023-10-31,500ETF,Future (IC88 (CSI 500 Futures)),ew,-0.3658,0.8,0.0,0,-0.000507,0.0,0.0,0.0,0.131618
2023-11-01,500ETF,Future (IC88 (CSI 500 Futures)),ew,-0.6802,0.8,0.0,0,-0.000801,0.0,0.0,0.0,0.131618
2023-11-02,500ETF,Future (IC88 (CSI 500 Futures)),ew,0.2028,0.8,0.0,0,-0.004311,0.0,0.0,0.0,0.131618
2023-11-03,500ETF,Future (IC88 (CSI 500 Futures)),ew,1.0267,0.8,1.0,1,0.003602,0.003758,0.0004,0.003358,0.134976
2023-11-06,500ETF,Future (IC88 (CSI 500 Futures)),ew,1.1227,0.8,1.0,1,0.004774,0.006184,0.0004,0.005784,0.14076
2023-11-07,500ETF,Future (IC88 (CSI 500 Futures)),ew,-0.4488,0.8,0.0,0,0.005469,0.0,0.0,0.0,0.14076
2023-11-08,500ETF,Future (IC88 (CSI 500 Futures)),ew,-0.0439,0.8,0.0,0,-0.003862,0.0,0.0,0.0,0.14076
2023-11-09,500ETF,Future (IC88 (CSI 500 Futures)),ew,0.8866,0.8,1.0,1,-0.004189,-0.004374,0.0004,-0.004774,0.135986
2023-11-10,500ETF,Future (IC88 (CSI 500 Futures)),ew,-0.856,0.8,0.0,0,0.001512,0.0,0.0,0.0,0.135986
2023-11-13,500ETF,Future (IC88 (CSI 500 Futures)),ew,-0.3495,0.8,0.0,0,0.003238,0.0,0.0,0.0,0.135986
2023-11-14,500ETF,Future (IC88 (CSI 500 Futures)),ew,1.0132,0.8,1.0,1,-0.003357,-0.002616,0.0004,-0.003016,0.13297
2023-11-15,500ETF,Future (IC88 (CSI 500 Futures)),ew,-0.4156,0.8,0.0,0,-0.003057,0.0,0.0,0.0,0.13297
2023-11-16,500ETF,Future (IC88 (CSI 500 Futures)),ew,-0.7158,0.8,0.0,0,-0.003569,0.0,0.0,0.0,0.13297
2023-11-17,500ETF,Future (IC88 (CSI 500 Futures)),ew,0.2508,0.8,0.0,0,0.003258,0.0,0.0,0.0,0.13297
2023-11-20,500ETF,Future (IC88 (CSI 500 Futures)),ew,-0.8435,0.8,0.0,0,0.011901,0.0,0.0,0.0,0.13297
2023-11-21,500ETF,Future (IC88 (CSI 500 Futures)),ew,0.9615,0.8,1.0,1,-0.009362,-0.007607,0.0004,-0.008007,0.124963
2023-11-22,500ETF,Future (IC88 (CSI 500 Futures)),ew,-0.114,0.8,0.0,0,-0.00755,0.0,0.0,0.0,0.124963
2023-11-23,500ETF,Future (IC88 (CSI 500 Futures)),ew,-0.2291,0.8,0.0,0,0.012676,0.0,0.0,0.0,0.124963
2023-11-24,500ETF,Future (IC88 (CSI 500 Futures)),ew,-1.0592,0.8,0.0,0,-0.002123,0.0,0.0,0.0,0.124963
2023-11-27,500ETF,Future (IC88 (CSI 500 Futures)),ew,-0.6905,0.8,0.0,0,0.004557,0.0,0.0,0.0,0.124963
2023-11-28,500ETF,Future (IC88 (CSI 500 Futures)),ew,-0.6961,0.8,0.0,0,0.003312,0.0,0.0,0.0,0.124963
2023-11-29,500ETF,Future (IC88 (CSI 500 Futures)),ew,-0.5981,0.8,0.0,0,-0.004259,0.0,0.0,0.0,0.124963
2023-11-30,500ETF,Future (IC88 (CSI 500 Futures)),ew,-0.6584,0.8,0.0,0,7.3e-05,0.0,0.0,0.0,0.124963
2023-12-01,500ETF,Future (IC88 (CSI 500 Futures)),ew,-0.7451,0.8,0.0,0,0.005695,0.0,0.0,0.0,0.124963
2023-12-04,500ETF,Future (IC88 (CSI 500 Futures)),ew,-0.3126,0.8,0.0,0,-0.005381,0.0,0.0,0.0,0.124963
2023-12-05,500ETF,Future (IC88 (CSI 500 Futures)),ew,-1.1465,0.8,0.0,0,-0.002816,0.0,0.0,0.0,0.124963
2023-12-06,500ETF,Future (IC88 (CSI 500 Futures)),ew,0.6634,0.8,0.0,0,0.002821,0.0,0.0,0.0,0.124963
2023-12-07,500ETF,Future (IC88 (CSI 500 Futures)),ew,-0.9451,0.8,0.0,0,0.008719,0.0,0.0,0.0,0.124963
2023-12-08,500ETF,Future (IC88 (CSI 500 Futures)),ew,0.4115,0.8,0.0,0,0.003498,0.0,0.0,0.0,0.124963
2023-12-11,500ETF,Future (IC88 (CSI 500 Futures)),ew,-1.0442,0.8,0.0,0,0.021671,0.0,0.0,0.0,0.124963
2023-12-12,500ETF,Future (IC88 (CSI 500 Futures)),ew,-0.1108,0.8,0.0,0,0.002913,0.0,0.0,0.0,0.124963
2023-12-13,500ETF,Future (IC88 (CSI 500 Futures)),ew,-0.689,0.8,0.0,0,-0.005125,0.0,0.0,0.0,0.124963
2023-12-14,500ETF,Future (IC88 (CSI 500 Futures)),ew,0.8311,0.8,1.0,1,-0.008403,-0.007456,0.0004,-0.007856,0.117107
2023-12-15,500ETF,Future (IC88 (CSI 500 Futures)),ew,0.0655,0.8,0.0,0,-0.009471,0.0,0.0,0.0,0.117107
2023-12-18,500ETF,Future (IC88 (CSI 500 Futures)),ew,-0.4388,0.8,0.0,0,-0.008142,0.0,0.0,0.0,0.117107
2023-12-19,500ETF,Future (IC88 (CSI 500 Futures)),ew,-0.571,0.8,0.0,0,-0.003099,0.0,0.0,0.0,0.117107
2023-12-20,500ETF,Future (IC88 (CSI 500 Futures)),ew,-0.5993,0.8,0.0,0,-0.009019,0.0,0.0,0.0,0.117107
2023-12-21,500ETF,Future (IC88 (CSI 500 Futures)),ew,-0.0969,0.8,0.0,0,0.009898,0.0,0.0,0.0,0.117107
2023-12-22,500ETF,Future (IC88 (CSI 500 Futures)),ew,-1.1645,0.8,0.0,0,0.002675,0.0,0.0,0.0,0.117107
2023-12-25,500ETF,Future (IC88 (CSI 500 Futures)),ew,0.8648,0.8,1.0,1,-0.001278,-0.00111,0.0004,-0.00151,0.115597
2023-12-26,500ETF,Future (IC88 (CSI 500 Futures)),ew,-1.0313,0.8,0.0,0,-0.004472,0.0,0.0,0.0,0.115597
2023-12-27,500ETF,Future (IC88 (CSI 500 Futures)),ew,-0.6054,0.8,0.0,0,0.007962,0.0,0.0,0.0,0.115597
2023-12-28,500ETF,Future (IC88 (CSI 500 Futures)),ew,0.9073,0.8,1.0,1,0.011958,0.011645,0.0004,0.011245,0.126842
2023-12-29,500ETF,Future (IC88 (CSI 500 Futures)),ew,1.0934,0.8,1.0,1,7.4e-05,0.001089,0.0004,0.000689,0.127531
2024-01-02,500ETF,Future (IC88 (CSI 500 Futures)),ew,-0.6045,0.8,0.0,0,-0.000517,0.0,0.0,0.0,0.127531
2024-01-03,500ETF,Future (IC88 (CSI 500 Futures)),ew,0.7425,0.8,0.0,0,-0.003258,0.0,0.0,0.0,0.127531
2024-01-04,500ETF,Future (IC88 (CSI 500 Futures)),ew,-1.1187,0.8,0.0,0,-0.003439,0.0,0.0,0.0,0.127531
2024-01-05,500ETF,Future (IC88 (CSI 500 Futures)),ew,0.4845,0.8,0.0,0,-0.015381,0.0,0.0,0.0,0.127531
2024-01-08,500ETF,Future (IC88 (CSI 500 Futures)),ew,-1.2012,0.8,0.0,0,-0.015159,0.0,0.0,0.0,0.127531
2024-01-09,500ETF,Future (IC88 (CSI 500 Futures)),ew,0.1598,0.8,0.0,0,-0.001393,0.0,0.0,0.0,0.127531
2024-01-10,500ETF,Future (IC88 (CSI 500 Futures)),ew,-1.047,0.8,0.0,0,-0.002445,0.0,0.0,0.0,0.127531
2024-01-11,500ETF,Future (IC88 (CSI 500 Futures)),ew,0.512,0.8,0.0,0,0.010583,0.0,0.0,0.0,0.127531
2024-01-12,500ETF,Future (IC88 (CSI 500 Futures)),ew,0.7803,0.8,0.0,0,-0.0028,0.0,0.0,0.0,0.127531
2024-01-15,500ETF,Future (IC88 (CSI 500 Futures)),ew,-0.5027,0.8,0.0,0,0.001234,0.0,0.0,0.0,0.127531
2024-01-16,500ETF,Future (IC88 (CSI 500 Futures)),ew,-0.0717,0.8,0.0,0,-0.007781,0.0,0.0,0.0,0.127531
2024-01-17,500ETF,Future (IC88 (CSI 500 Futures)),ew,-1.0054,0.8,0.0,0,-0.012271,0.0,0.0,0.0,0.127531
2024-01-18,500ETF,Future (IC88 (CSI 500 Futures)),ew,-0.9955,0.8,0.0,0,-0.004122,0.0,0.0,0.0,0.127531
2024-01-19,500ETF,Future (IC88 (CSI 500 Futures)),ew,0.5563,0.8,0.0,0,-0.006064,0.0,0.0,0.0,0.127531
2024-01-22,500ETF,Future (IC88 (CSI 500 Futures)),ew,-1.3541,0.8,-1.0,1,-0.04369,0.0319,0.0004,0.0315,0.159031
2024-01-23,500ETF,Future (IC88 (CSI 500 Futures)),ew,-0.3554,0.8,0.0,0,0.020643,0.0,0.0,0.0,0.159031
2024-01-24,500ETF,Future (IC88 (CSI 500 Futures)),ew,0.6206,0.8,0.0,0,0.006524,0.0,0.0,0.0,0.159031
2024-01-25,500ETF,Future (IC88 (CSI 500 Futures)),ew,0.7942,0.8,0.0,0,0.026965,0.0,0.0,0.0,0.159031
2024-01-26,500ETF,Future (IC88 (CSI 500 Futures)),ew,0.1614,0.8,0.0,0,-0.005797,0.0,0.0,0.0,0.159031
2024-01-29,500ETF,Future (IC88 (CSI 500 Futures)),ew,-0.5133,0.8,0.0,0,-0.006498,0.0,0.0,0.0,0.159031
2024-01-30,500ETF,Future (IC88 (CSI 500 Futures)),ew,0.2716,0.8,0.0,0,-0.020036,0.0,0.0,0.0,0.159031
2024-01-31,500ETF,Future (IC88 (CSI 500 Futures)),ew,0.6207,0.8,0.0,0,-0.008509,0.0,0.0,0.0,0.159031
2024-02-01,500ETF,Future (IC88 (CSI 500 Futures)),ew,0.0664,0.8,0.0,0,0.012445,0.0,0.0,0.0,0.159031
2024-02-02,500ETF,Future (IC88 (CSI 500 Futures)),ew,1.171,0.8,1.0,1,-0.030357,-0.019519,0.0006,-0.020119,0.138912
2024-02-05,500ETF,Future (IC88 (CSI 500 Futures)),ew,-1.8818,0.8,-1.0,1,0.029852,0.010188,0.0006,0.009588,0.1485
2024-02-06,500ETF,Future (IC88 (CSI 500 Futures)),ew,1.6616,0.8,1.0,1,0.053901,0.04388,0.0004,0.04348,0.19198
2024-02-07,500ETF,Future (IC88 (CSI 500 Futures)),ew,1.824,0.8,1.0,1,0.006049,0.010394,0.0004,0.009994,0.201975
2024-02-08,500ETF,Future (IC88 (CSI 500 Futures)),ew,1.787,0.8,1.0,1,-0.03343,-0.00705,0.0006,-0.00765,0.194325
2024-02-19,500ETF,Future (IC88 (CSI 500 Futures)),ew,-1.1765,0.8,0.0,0,-0.009449,0.0,0.0,0.0,0.194325
2024-02-20,500ETF,Future (IC88 (CSI 500 Futures)),ew,-0.7855,0.8,0.0,0,0.008847,0.0,0.0,0.0,0.194325
2024-02-21,500ETF,Future (IC88 (CSI 500 Futures)),ew,-0.0561,0.8,0.0,0,0.008049,0.0,0.0,0.0,0.194325
2024-02-22,500ETF,Future (IC88 (CSI 500 Futures)),ew,1.3169,0.8,1.0,1,-0.001126,-0.002854,0.0004,-0.003254,0.191071
2024-02-23,500ETF,Future (IC88 (CSI 500 Futures)),ew,-0.7046,0.8,0.0,0,0.007712,0.0,0.0,0.0,0.191071
2024-02-26,500ETF,Future (IC88 (CSI 500 Futures)),ew,-0.0019,0.8,0.0,0,0.004787,0.0,0.0,0.0,0.191071
2024-02-27,500ETF,Future (IC88 (CSI 500 Futures)),ew,0.2969,0.8,0.0,0,0.020078,0.0,0.0,0.0,0.191071
2024-02-28,500ETF,Future (IC88 (CSI 500 Futures)),ew,1.4369,0.8,1.0,1,-0.01724,-0.019765,0.0006,-0.020365,0.170706
2024-02-29,500ETF,Future (IC88 (CSI 500 Futures)),ew,1.6164,0.8,1.0,1,0.011934,0.011404,0.0004,0.011004,0.18171
2024-03-01,500ETF,Future (IC88 (CSI 500 Futures)),ew,0.5995,0.8,0.0,0,0.003284,0.0,0.0,0.0,0.18171
2024-03-04,500ETF,Future (IC88 (CSI 500 Futures)),ew,-0.5221,0.8,0.0,0,0.004098,0.0,0.0,0.0,0.18171
2024-03-05,500ETF,Future (IC88 (CSI 500 Futures)),ew,-0.0115,0.8,0.0,0,-0.003097,0.0,0.0,0.0,0.18171
2024-03-06,500ETF,Future (IC88 (CSI 500 Futures)),ew,-0.2661,0.8,0.0,0,0.005886,0.0,0.0,0.0,0.18171
2024-03-07,500ETF,Future (IC88 (CSI 500 Futures)),ew,0.9731,0.8,1.0,1,-0.0149,-0.016102,0.0004,-0.016502,0.165208
2024-03-08,500ETF,Future (IC88 (CSI 500 Futures)),ew,1.1107,0.8,1.0,1,0.008139,0.00722,0.0004,0.00682,0.172027
2024-03-11,500ETF,Future (IC88 (CSI 500 Futures)),ew,0.7113,0.8,0.0,0,0.011688,0.0,0.0,0.0,0.172027
2024-03-12,500ETF,Future (IC88 (CSI 500 Futures)),ew,0.6652,0.8,0.0,0,-0.009251,0.0,0.0,0.0,0.172027
2024-03-13,500ETF,Future (IC88 (CSI 500 Futures)),ew,-0.9684,0.8,0.0,0,0.000222,0.0,0.0,0.0,0.172027
2024-03-14,500ETF,Future (IC88 (CSI 500 Futures)),ew,0.9432,0.8,1.0,1,-0.008859,-0.008339,0.0004,-0.008739,0.163288
2024-03-15,500ETF,Future (IC88 (CSI 500 Futures)),ew,-0.0195,0.8,0.0,0,0.013115,0.0,0.0,0.0,0.163288
2024-03-18,500ETF,Future (IC88 (CSI 500 Futures)),ew,0.5433,0.8,0.0,0,0.00601,0.0,0.0,0.0,0.163288
2024-03-19,500ETF,Future (IC88 (CSI 500 Futures)),ew,-0.4569,0.8,0.0,0,-0.006951,0.0,0.0,0.0,0.163288
2024-03-20,500ETF,Future (IC88 (CSI 500 Futures)),ew,0.5751,0.8,0.0,0,-0.000693,0.0,0.0,0.0,0.163288
2024-03-21,500ETF,Future (IC88 (CSI 500 Futures)),ew,0.1769,0.8,0.0,0,-0.004953,0.0,0.0,0.0,0.163288
2024-03-22,500ETF,Future (IC88 (CSI 500 Futures)),ew,-0.9794,0.8,0.0,0,-0.004786,0.0,0.0,0.0,0.163288
2024-03-25,500ETF,Future (IC88 (CSI 500 Futures)),ew,-1.0067,0.8,0.0,0,-0.002475,0.0,0.0,0.0,0.163288
2024-03-26,500ETF,Future (IC88 (CSI 500 Futures)),ew,0.6234,0.8,0.0,0,-0.00367,0.0,0.0,0.0,0.163288
2024-03-27,500ETF,Future (IC88 (CSI 500 Futures)),ew,-1.1895,0.8,0.0,0,-0.007479,0.0,0.0,0.0,0.163288
2024-03-28,500ETF,Future (IC88 (CSI 500 Futures)),ew,1.1843,0.8,1.0,1,0.00239,0.002088,0.0004,0.001688,0.164975
2024-03-29,500ETF,Future (IC88 (CSI 500 Futures)),ew,0.8541,0.8,1.0,1,0.005787,0.005827,0.0004,0.005427,0.170402
2024-04-01,500ETF,Future (IC88 (CSI 500 Futures)),ew,1.6201,0.8,1.0,1,0.00479,0.006245,0.0004,0.005845,0.176248
2024-04-02,500ETF,Future (IC88 (CSI 500 Futures)),ew,-0.5772,0.8,0.0,0,-0.003795,0.0,0.0,0.0,0.176248
2024-04-03,500ETF,Future (IC88 (CSI 500 Futures)),ew,-0.5755,0.8,0.0,0,0.001455,0.0,0.0,0.0,0.176248
2024-04-08,500ETF,Future (IC88 (CSI 500 Futures)),ew,-0.5719,0.8,0.0,0,-0.007031,0.0,0.0,0.0,0.176248
2024-04-09,500ETF,Future (IC88 (CSI 500 Futures)),ew,0.5902,0.8,0.0,0,0.006856,0.0,0.0,0.0,0.176248
2024-04-10,500ETF,Future (IC88 (CSI 500 Futures)),ew,-1.011,0.8,0.0,0,-0.005177,0.0,0.0,0.0,0.176248
2024-04-11,500ETF,Future (IC88 (CSI 500 Futures)),ew,0.5571,0.8,0.0,0,0.006803,0.0,0.0,0.0,0.176248
2024-04-12,500ETF,Future (IC88 (CSI 500 Futures)),ew,0.1879,0.8,0.0,0,-0.002949,0.0,0.0,0.0,0.176248
2024-04-15,500ETF,Future (IC88 (CSI 500 Futures)),ew,1.184,0.8,1.0,1,0.007232,0.006918,0.0004,0.006518,0.182766
2024-04-16,500ETF,Future (IC88 (CSI 500 Futures)),ew,0.1213,0.8,0.0,0,-0.014603,0.0,0.0,0.0,0.182766
2024-04-17,500ETF,Future (IC88 (CSI 500 Futures)),ew,1.7315,0.8,1.0,1,0.00588,0.005589,0.0004,0.005189,0.187955
2024-04-18,500ETF,Future (IC88 (CSI 500 Futures)),ew,-0.594,0.8,0.0,0,0.006243,0.0,0.0,0.0,0.187955
2024-04-19,500ETF,Future (IC88 (CSI 500 Futures)),ew,0.8956,0.8,1.0,1,-0.010887,-0.009201,0.0004,-0.009601,0.178354
2024-04-22,500ETF,Future (IC88 (CSI 500 Futures)),ew,-0.369,0.8,0.0,0,-0.012527,0.0,0.0,0.0,0.178354
2024-04-23,500ETF,Future (IC88 (CSI 500 Futures)),ew,-0.1427,0.8,0.0,0,-0.003455,0.0,0.0,0.0,0.178354
2024-04-24,500ETF,Future (IC88 (CSI 500 Futures)),ew,-0.6518,0.8,0.0,0,0.009642,0.0,0.0,0.0,0.178354
2024-04-25,500ETF,Future (IC88 (CSI 500 Futures)),ew,-0.4905,0.8,0.0,0,0.002022,0.0,0.0,0.0,0.178354
2024-04-26,500ETF,Future (IC88 (CSI 500 Futures)),ew,1.388,0.8,1.0,1,0.018297,0.016357,0.0004,0.015957,0.194311
2024-04-29,500ETF,Future (IC88 (CSI 500 Futures)),ew,1.3354,0.8,1.0,1,0.01413,0.014345,0.0004,0.013945,0.208256
2024-04-30,500ETF,Future (IC88 (CSI 500 Futures)),ew,-0.6726,0.8,0.0,0,-0.002124,0.0,0.0,0.0,0.208256
2024-05-06,500ETF,Future (IC88 (CSI 500 Futures)),ew,0.7824,0.8,0.0,0,-0.000799,0.0,0.0,0.0,0.208256
2024-05-07,500ETF,Future (IC88 (CSI 500 Futures)),ew,0.0025,0.8,0.0,0,-0.005023,0.0,0.0,0.0,0.208256
2024-05-08,500ETF,Future (IC88 (CSI 500 Futures)),ew,-1.1432,0.8,0.0,0,-0.006289,0.0,0.0,0.0,0.208256
2024-05-09,500ETF,Future (IC88 (CSI 500 Futures)),ew,1.7379,0.8,1.0,1,0.002431,0.003736,0.0004,0.003336,0.211592
2024-05-10,500ETF,Future (IC88 (CSI 500 Futures)),ew,-1.1098,0.8,0.0,0,0.006677,0.0,0.0,0.0,0.211592
2024-05-13,500ETF,Future (IC88 (CSI 500 Futures)),ew,-1.1925,0.8,0.0,0,0.001103,0.0,0.0,0.0,0.211592
2024-05-14,500ETF,Future (IC88 (CSI 500 Futures)),ew,0.8264,0.8,1.0,1,0.000293,-0.000179,0.0004,-0.000579,0.211013
2024-05-15,500ETF,Future (IC88 (CSI 500 Futures)),ew,-0.8591,0.8,0.0,0,-0.004639,0.0,0.0,0.0,0.211013
2024-05-16,500ETF,Future (IC88 (CSI 500 Futures)),ew,0.1705,0.8,0.0,0,-0.010337,0.0,0.0,0.0,0.211013
2024-05-17,500ETF,Future (IC88 (CSI 500 Futures)),ew,0.3796,0.8,0.0,0,0.001734,0.0,0.0,0.0,0.211013
2024-05-20,500ETF,Future (IC88 (CSI 500 Futures)),ew,0.7399,0.8,0.0,0,-0.003062,0.0,0.0,0.0,0.211013
2024-05-21,500ETF,Future (IC88 (CSI 500 Futures)),ew,-0.9363,0.8,0.0,0,-0.001434,0.0,0.0,0.0,0.211013
2024-05-22,500ETF,Future (IC88 (CSI 500 Futures)),ew,0.0669,0.8,0.0,0,-0.002392,0.0,0.0,0.0,0.211013
2024-05-23,500ETF,Future (IC88 (CSI 500 Futures)),ew,-1.4546,0.8,-1.0,1,-0.007162,0.006101,0.0004,0.005701,0.216714
2024-05-24,500ETF,Future (IC88 (CSI 500 Futures)),ew,1.2246,0.8,1.0,1,-0.010983,-0.009088,0.0004,-0.009488,0.207226
2024-05-27,500ETF,Future (IC88 (CSI 500 Futures)),ew,-0.3716,0.8,0.0,0,0.00921,0.0,0.0,0.0,0.207226
2024-05-28,500ETF,Future (IC88 (CSI 500 Futures)),ew,-0.9888,0.8,0.0,0,-0.006052,0.0,0.0,0.0,0.207226
2024-05-29,500ETF,Future (IC88 (CSI 500 Futures)),ew,1.2903,0.8,1.0,1,-0.005493,-0.003722,0.0004,-0.004122,0.203105
2024-05-30,500ETF,Future (IC88 (CSI 500 Futures)),ew,0.4072,0.8,0.0,0,-0.007015,0.0,0.0,0.0,0.203105
2024-05-31,500ETF,Future (IC88 (CSI 500 Futures)),ew,1.056,0.8,1.0,1,-0.008394,-0.007065,0.0004,-0.007465,0.19564
2024-06-03,500ETF,Future (IC88 (CSI 500 Futures)),ew,-0.8068,0.8,0.0,0,-0.013936,0.0,0.0,0.0,0.19564
2024-06-04,500ETF,Future (IC88 (CSI 500 Futures)),ew,0.3022,0.8,0.0,0,0.012552,0.0,0.0,0.0,0.19564
2024-06-05,500ETF,Future (IC88 (CSI 500 Futures)),ew,0.173,0.8,0.0,0,-0.00904,0.0,0.0,0.0,0.19564
2024-06-06,500ETF,Future (IC88 (CSI 500 Futures)),ew,0.3277,0.8,0.0,0,-0.013349,0.0,0.0,0.0,0.19564
2024-06-07,500ETF,Future (IC88 (CSI 500 Futures)),ew,-0.3725,0.8,0.0,0,-0.004422,0.0,0.0,0.0,0.19564
2024-06-11,500ETF,Future (IC88 (CSI 500 Futures)),ew,-0.9689,0.8,0.0,0,0.009429,0.0,0.0,0.0,0.19564
2024-06-12,500ETF,Future (IC88 (CSI 500 Futures)),ew,0.6662,0.8,0.0,0,-0.000651,0.0,0.0,0.0,0.19564
2024-06-13,500ETF,Future (IC88 (CSI 500 Futures)),ew,-0.9164,0.8,0.0,0,-0.005752,0.0,0.0,0.0,0.19564
2024-06-14,500ETF,Future (IC88 (CSI 500 Futures)),ew,-0.4469,0.8,0.0,0,0.009789,0.0,0.0,0.0,0.19564
2024-06-17,500ETF,Future (IC88 (CSI 500 Futures)),ew,0.5925,0.8,0.0,0,-0.003111,0.0,0.0,0.0,0.19564
2024-06-18,500ETF,Future (IC88 (CSI 500 Futures)),ew,0.3461,0.8,0.0,0,-0.001264,0.0,0.0,0.0,0.19564
2024-06-19,500ETF,Future (IC88 (CSI 500 Futures)),ew,-1.2298,0.8,0.0,0,-0.005983,0.0,0.0,0.0,0.19564
2024-06-20,500ETF,Future (IC88 (CSI 500 Futures)),ew,0.2755,0.8,0.0,0,-0.01153,0.0,0.0,0.0,0.19564
2024-06-21,500ETF,Future (IC88 (CSI 500 Futures)),ew,0.1912,0.8,0.0,0,-0.001339,0.0,0.0,0.0,0.19564
2024-06-24,500ETF,Future (IC88 (CSI 500 Futures)),ew,-0.9673,0.8,0.0,0,-0.008317,0.0,0.0,0.0,0.19564
2024-06-25,500ETF,Future (IC88 (CSI 500 Futures)),ew,0.1896,0.8,0.0,0,-0.010148,0.0,0.0,0.0,0.19564
2024-06-26,500ETF,Future (IC88 (CSI 500 Futures)),ew,-0.8851,0.8,0.0,0,0.019591,0.0,0.0,0.0,0.19564
2024-06-27,500ETF,Future (IC88 (CSI 500 Futures)),ew,-1.2246,0.8,0.0,0,-0.00585,0.0,0.0,0.0,0.19564
2024-06-28,500ETF,Future (IC88 (CSI 500 Futures)),ew,1.6048,0.8,1.0,1,-0.012861,-0.010299,0.0004,-0.010699,0.184941
2024-07-01,500ETF,Future (IC88 (CSI 500 Futures)),ew,0.8023,0.8,1.0,1,0.007753,0.008978,0.0004,0.008578,0.19352
2024-07-02,500ETF,Future (IC88 (CSI 500 Futures)),ew,-0.6905,0.8,0.0,0,-0.008844,0.0,0.0,0.0,0.19352
2024-07-03,500ETF,Future (IC88 (CSI 500 Futures)),ew,-0.6208,0.8,0.0,0,-0.004611,0.0,0.0,0.0,0.19352
2024-07-04,500ETF,Future (IC88 (CSI 500 Futures)),ew,0.3866,0.8,0.0,0,-0.013128,0.0,0.0,0.0,0.19352
2024-07-05,500ETF,Future (IC88 (CSI 500 Futures)),ew,-1.0418,0.8,0.0,0,0.010276,0.0,0.0,0.0,0.19352
2024-07-08,500ETF,Future (IC88 (CSI 500 Futures)),ew,-1.3546,0.8,-1.0,1,-0.00444,0.004717,0.0004,0.004317,0.197837
2024-07-09,500ETF,Future (IC88 (CSI 500 Futures)),ew,0.9694,0.8,1.0,1,0.018007,0.016859,0.0004,0.016459,0.214295
2024-07-10,500ETF,Future (IC88 (CSI 500 Futures)),ew,0.165,0.8,0.0,0,-0.007172,0.0,0.0,0.0,0.214295
2024-07-11,500ETF,Future (IC88 (CSI 500 Futures)),ew,-0.6391,0.8,0.0,0,0.007634,0.0,0.0,0.0,0.214295
2024-07-12,500ETF,Future (IC88 (CSI 500 Futures)),ew,-0.4027,0.8,0.0,0,-8.1e-05,0.0,0.0,0.0,0.214295
2024-07-15,500ETF,Future (IC88 (CSI 500 Futures)),ew,-1.0518,0.8,0.0,0,-0.00456,0.0,0.0,0.0,0.214295
2024-07-16,500ETF,Future (IC88 (CSI 500 Futures)),ew,0.0689,0.8,0.0,0,0.002587,0.0,0.0,0.0,0.214295
2024-07-17,500ETF,Future (IC88 (CSI 500 Futures)),ew,-0.8588,0.8,0.0,0,0.001485,0.0,0.0,0.0,0.214295
2024-07-18,500ETF,Future (IC88 (CSI 500 Futures)),ew,-1.1078,0.8,0.0,0,0.012645,0.0,0.0,0.0,0.214295
2024-07-19,500ETF,Future (IC88 (CSI 500 Futures)),ew,-0.666,0.8,0.0,0,0.005469,0.0,0.0,0.0,0.214295
2024-07-22,500ETF,Future (IC88 (CSI 500 Futures)),ew,-0.4563,0.8,0.0,0,-0.002974,0.0,0.0,0.0,0.214295
2024-07-23,500ETF,Future (IC88 (CSI 500 Futures)),ew,-1.4535,0.8,-1.0,1,-0.016163,0.01573,0.0004,0.01533,0.229626
2024-07-24,500ETF,Future (IC88 (CSI 500 Futures)),ew,0.4031,0.8,0.0,0,-0.008445,0.0,0.0,0.0,0.229626
2024-07-25,500ETF,Future (IC88 (CSI 500 Futures)),ew,0.2072,0.8,0.0,0,-0.000605,0.0,0.0,0.0,0.229626
2024-07-26,500ETF,Future (IC88 (CSI 500 Futures)),ew,1.7343,0.8,1.0,1,-0.002551,-0.002704,0.0004,-0.003104,0.226521
2024-07-29,500ETF,Future (IC88 (CSI 500 Futures)),ew,-1.0644,0.8,0.0,0,-0.002175,0.0,0.0,0.0,0.226521
2024-07-30,500ETF,Future (IC88 (CSI 500 Futures)),ew,-1.3839,0.8,-1.0,1,0.010926,-0.00952,0.0004,-0.00992,0.216601
2024-07-31,500ETF,Future (IC88 (CSI 500 Futures)),ew,0.9565,0.8,1.0,1,0.022929,0.023117,0.0004,0.022717,0.239318
2024-08-01,500ETF,Future (IC88 (CSI 500 Futures)),ew,0.9128,0.8,1.0,1,-0.008297,-0.007245,0.0004,-0.007645,0.231673
2024-08-02,500ETF,Future (IC88 (CSI 500 Futures)),ew,1.0584,0.8,1.0,1,-0.017374,-0.017168,0.0004,-0.017568,0.214105
2024-08-05,500ETF,Future (IC88 (CSI 500 Futures)),ew,1.6698,0.8,1.0,1,-0.019152,-0.017612,0.0006,-0.018212,0.195892
2024-08-06,500ETF,Future (IC88 (CSI 500 Futures)),ew,0.3122,0.8,0.0,0,-0.00225,0.0,0.0,0.0,0.195892
2024-08-07,500ETF,Future (IC88 (CSI 500 Futures)),ew,-0.2429,0.8,0.0,0,-8.5e-05,0.0,0.0,0.0,0.195892
2024-08-08,500ETF,Future (IC88 (CSI 500 Futures)),ew,-0.5569,0.8,0.0,0,0.01189,0.0,0.0,0.0,0.195892
2024-08-09,500ETF,Future (IC88 (CSI 500 Futures)),ew,0.9376,0.8,1.0,1,-0.011311,-0.010511,0.0004,-0.010911,0.184981
2024-08-12,500ETF,Future (IC88 (CSI 500 Futures)),ew,-0.2992,0.8,0.0,0,-0.002346,0.0,0.0,0.0,0.184981
2024-08-13,500ETF,Future (IC88 (CSI 500 Futures)),ew,-0.6052,0.8,0.0,0,-0.002267,0.0,0.0,0.0,0.184981
2024-08-14,500ETF,Future (IC88 (CSI 500 Futures)),ew,-1.3607,0.8,-1.0,1,-0.000172,0.00021,0.0004,-0.00019,0.184792
2024-08-15,500ETF,Future (IC88 (CSI 500 Futures)),ew,0.0981,0.8,0.0,0,0.003394,0.0,0.0,0.0,0.184792
2024-08-16,500ETF,Future (IC88 (CSI 500 Futures)),ew,-0.816,0.8,0.0,0,-0.007765,0.0,0.0,0.0,0.184792
2024-08-19,500ETF,Future (IC88 (CSI 500 Futures)),ew,1.668,0.8,1.0,1,-0.010704,-0.007506,0.0004,-0.007906,0.176885
2024-08-20,500ETF,Future (IC88 (CSI 500 Futures)),ew,-1.1426,0.8,0.0,0,-0.010546,0.0,0.0,0.0,0.176885
2024-08-21,500ETF,Future (IC88 (CSI 500 Futures)),ew,0.2261,0.8,0.0,0,0.002104,0.0,0.0,0.0,0.176885
2024-08-22,500ETF,Future (IC88 (CSI 500 Futures)),ew,-0.8441,0.8,0.0,0,-0.009019,0.0,0.0,0.0,0.176885
2024-08-23,500ETF,Future (IC88 (CSI 500 Futures)),ew,0.5721,0.8,0.0,0,0.003101,0.0,0.0,0.0,0.176885
2024-08-26,500ETF,Future (IC88 (CSI 500 Futures)),ew,-0.284,0.8,0.0,0,-0.001987,0.0,0.0,0.0,0.176885
2024-08-27,500ETF,Future (IC88 (CSI 500 Futures)),ew,-1.0865,0.8,0.0,0,-0.002543,0.0,0.0,0.0,0.176885
2024-08-28,500ETF,Future (IC88 (CSI 500 Futures)),ew,0.392,0.8,0.0,0,0.00263,0.0,0.0,0.0,0.176885
2024-08-29,500ETF,Future (IC88 (CSI 500 Futures)),ew,0.5143,0.8,0.0,0,0.015675,0.0,0.0,0.0,0.176885
2024-08-30,500ETF,Future (IC88 (CSI 500 Futures)),ew,1.1894,0.8,1.0,1,0.004222,0.004672,0.0004,0.004272,0.181157
2024-09-02,500ETF,Future (IC88 (CSI 500 Futures)),ew,-0.8155,0.8,0.0,0,-0.011154,0.0,0.0,0.0,0.181157
2024-09-03,500ETF,Future (IC88 (CSI 500 Futures)),ew,1.5521,0.8,1.0,1,0.001835,0.002363,0.0004,0.001963,0.18312
2024-09-04,500ETF,Future (IC88 (CSI 500 Futures)),ew,-0.311,0.8,0.0,0,0.001751,0.0,0.0,0.0,0.18312
2024-09-05,500ETF,Future (IC88 (CSI 500 Futures)),ew,1.1375,0.8,1.0,1,0.00061,0.000642,0.0004,0.000242,0.183362
2024-09-06,500ETF,Future (IC88 (CSI 500 Futures)),ew,-0.6291,0.8,0.0,0,-0.012661,0.0,0.0,0.0,0.183362
2024-09-09,500ETF,Future (IC88 (CSI 500 Futures)),ew,-0.1028,0.8,0.0,0,-0.005337,0.0,0.0,0.0,0.183362
2024-09-10,500ETF,Future (IC88 (CSI 500 Futures)),ew,-1.0105,0.8,0.0,0,0.007812,0.0,0.0,0.0,0.183362
2024-09-11,500ETF,Future (IC88 (CSI 500 Futures)),ew,-0.0834,0.8,0.0,0,0.003516,0.0,0.0,0.0,0.183362
2024-09-12,500ETF,Future (IC88 (CSI 500 Futures)),ew,1.4471,0.8,1.0,1,-0.007168,-0.009089,0.0004,-0.009489,0.173873
2024-09-13,500ETF,Future (IC88 (CSI 500 Futures)),ew,0.1315,0.8,0.0,0,-0.012369,0.0,0.0,0.0,0.173873
2024-09-18,500ETF,Future (IC88 (CSI 500 Futures)),ew,-0.3555,0.8,0.0,0,0.006882,0.0,0.0,0.0,0.173873
2024-09-19,500ETF,Future (IC88 (CSI 500 Futures)),ew,-0.6316,0.8,0.0,0,0.014236,0.0,0.0,0.0,0.173873
2024-09-20,500ETF,Future (IC88 (CSI 500 Futures)),ew,-0.9587,0.8,0.0,0,0.000179,0.0,0.0,0.0,0.173873
2024-09-23,500ETF,Future (IC88 (CSI 500 Futures)),ew,1.2949,0.8,1.0,1,-0.009157,-0.007599,0.0004,-0.007999,0.165874
2024-09-24,500ETF,Future (IC88 (CSI 500 Futures)),ew,1.3101,0.8,1.0,1,0.035183,0.03216,0.0004,0.03176,0.197634
2024-09-25,500ETF,Future (IC88 (CSI 500 Futures)),ew,1.6868,0.8,1.0,1,-0.016267,-0.017342,0.0006,-0.017942,0.179693
2024-09-26,500ETF,Future (IC88 (CSI 500 Futures)),ew,1.3378,0.8,1.0,1,0.031497,0.029866,0.0004,0.029466,0.209159
2024-09-27,500ETF,Future (IC88 (CSI 500 Futures)),ew,1.6371,0.8,1.0,1,0.052039,0.039823,0.0006,0.039223,0.248381
2024-09-30,500ETF,Future (IC88 (CSI 500 Futures)),ew,1.6613,0.8,1.0,1,0.06383,0.06114,0.0006,0.06054,0.308921
2024-10-08,500ETF,Future (IC88 (CSI 500 Futures)),ew,-0.9546,0.8,0.0,0,-0.041449,0.0,0.0,0.0,0.308921
2024-10-09,500ETF,Future (IC88 (CSI 500 Futures)),ew,-1.2042,0.8,0.0,0,-0.026964,0.0,0.0,0.0,0.308921
2024-10-10,500ETF,Future (IC88 (CSI 500 Futures)),ew,0.2694,0.8,0.0,0,0.004708,0.0,0.0,0.0,0.308921
2024-10-11,500ETF,Future (IC88 (CSI 500 Futures)),ew,-1.3516,0.8,-1.0,1,-0.027409,0.025822,0.0004,0.025422,0.334344
2024-10-14,500ETF,Future (IC88 (CSI 500 Futures)),ew,-0.2678,0.8,0.0,0,0.022139,0.0,0.0,0.0,0.334344
2024-10-15,500ETF,Future (IC88 (CSI 500 Futures)),ew,-0.4925,0.8,0.0,0,-0.016767,0.0,0.0,0.0,0.334344
2024-10-16,500ETF,Future (IC88 (CSI 500 Futures)),ew,1.1821,0.8,1.0,1,-0.011748,-0.009188,0.0006,-0.009788,0.324555
2024-10-17,500ETF,Future (IC88 (CSI 500 Futures)),ew,0.2324,0.8,0.0,0,-0.018731,0.0,0.0,0.0,0.324555
2024-10-18,500ETF,Future (IC88 (CSI 500 Futures)),ew,0.7732,0.8,0.0,0,0.066631,0.0,0.0,0.0,0.324555
2024-10-21,500ETF,Future (IC88 (CSI 500 Futures)),ew,0.8138,0.8,1.0,1,0.011885,0.01504,0.0004,0.01464,0.339195
2024-10-22,500ETF,Future (IC88 (CSI 500 Futures)),ew,-0.0049,0.8,0.0,0,0.007769,0.0,0.0,0.0,0.339195
2024-10-23,500ETF,Future (IC88 (CSI 500 Futures)),ew,0.5757,0.8,0.0,0,0.000554,0.0,0.0,0.0,0.339195
2024-10-24,500ETF,Future (IC88 (CSI 500 Futures)),ew,-0.6499,0.8,0.0,0,0.002174,0.0,0.0,0.0,0.339195
2024-10-25,500ETF,Future (IC88 (CSI 500 Futures)),ew,0.7903,0.8,0.0,0,0.011034,0.0,0.0,0.0,0.339195
2024-10-28,500ETF,Future (IC88 (CSI 500 Futures)),ew,-0.1207,0.8,0.0,0,0.007682,0.0,0.0,0.0,0.339195
2024-10-29,500ETF,Future (IC88 (CSI 500 Futures)),ew,-0.0371,0.8,0.0,0,-0.006437,0.0,0.0,0.0,0.339195
2024-10-30,500ETF,Future (IC88 (CSI 500 Futures)),ew,1.4764,0.8,1.0,1,-0.006608,-0.006715,0.0004,-0.007115,0.332081
2024-10-31,500ETF,Future (IC88 (CSI 500 Futures)),ew,-0.4297,0.8,0.0,0,0.012186,0.0,0.0,0.0,0.332081
2024-11-01,500ETF,Future (IC88 (CSI 500 Futures)),ew,0.6059,0.8,0.0,0,-0.004479,0.0,0.0,0.0,0.332081
2024-11-04,500ETF,Future (IC88 (CSI 500 Futures)),ew,1.339,0.8,1.0,1,0.00358,0.003681,0.0004,0.003281,0.335361
2024-11-05,500ETF,Future (IC88 (CSI 500 Futures)),ew,0.8414,0.8,1.0,1,0.021481,0.021322,0.0004,0.020922,0.356283
2024-11-06,500ETF,Future (IC88 (CSI 500 Futures)),ew,0.9461,0.8,1.0,1,-0.004638,-0.003516,0.0004,-0.003916,0.352368
2024-11-07,500ETF,Future (IC88 (CSI 500 Futures)),ew,0.6336,0.8,0.0,0,0.015586,0.0,0.0,0.0,0.352368
2024-11-08,500ETF,Future (IC88 (CSI 500 Futures)),ew,0.5041,0.8,0.0,0,-0.014018,0.0,0.0,0.0,0.352368
2024-11-11,500ETF,Future (IC88 (CSI 500 Futures)),ew,1.2877,0.8,1.0,1,0.004938,0.007381,0.0004,0.006981,0.359348
2024-11-12,500ETF,Future (IC88 (CSI 500 Futures)),ew,0.4202,0.8,0.0,0,-0.024169,0.0,0.0,0.0,0.359348
2024-11-13,500ETF,Future (IC88 (CSI 500 Futures)),ew,0.5726,0.8,0.0,0,0.002719,0.0,0.0,0.0,0.359348
2024-11-14,500ETF,Future (IC88 (CSI 500 Futures)),ew,-0.9476,0.8,0.0,0,-0.016825,0.0,0.0,0.0,0.359348
2024-11-15,500ETF,Future (IC88 (CSI 500 Futures)),ew,0.3134,0.8,0.0,0,-0.011243,0.0,0.0,0.0,0.359348
2024-11-18,500ETF,Future (IC88 (CSI 500 Futures)),ew,-0.8393,0.8,0.0,0,-0.010518,0.0,0.0,0.0,0.359348
2024-11-19,500ETF,Future (IC88 (CSI 500 Futures)),ew,1.4155,0.8,1.0,1,0.005139,0.00603,0.0004,0.00563,0.364979
2024-11-20,500ETF,Future (IC88 (CSI 500 Futures)),ew,0.6516,0.8,0.0,0,0.008544,0.0,0.0,0.0,0.364979
2024-11-21,500ETF,Future (IC88 (CSI 500 Futures)),ew,0.0038,0.8,0.0,0,-0.000337,0.0,0.0,0.0,0.364979
2024-11-22,500ETF,Future (IC88 (CSI 500 Futures)),ew,-0.4176,0.8,0.0,0,-0.024522,0.0,0.0,0.0,0.364979
2024-11-25,500ETF,Future (IC88 (CSI 500 Futures)),ew,-0.2069,0.8,0.0,0,-0.001832,0.0,0.0,0.0,0.364979
2024-11-26,500ETF,Future (IC88 (CSI 500 Futures)),ew,0.9467,0.8,1.0,1,-0.007098,-0.007034,0.0004,-0.007434,0.357545
2024-11-27,500ETF,Future (IC88 (CSI 500 Futures)),ew,-0.9844,0.8,0.0,0,0.031204,0.0,0.0,0.0,0.357545
2024-11-28,500ETF,Future (IC88 (CSI 500 Futures)),ew,0.4285,0.8,0.0,0,-0.004178,0.0,0.0,0.0,0.357545
2024-11-29,500ETF,Future (IC88 (CSI 500 Futures)),ew,0.8947,0.8,1.0,1,0.020534,0.01657,0.0004,0.01617,0.373715
2024-12-02,500ETF,Future (IC88 (CSI 500 Futures)),ew,1.5178,0.8,1.0,1,0.000881,0.001331,0.0004,0.000931,0.374645
2024-12-03,500ETF,Future (IC88 (CSI 500 Futures)),ew,-1.06,0.8,0.0,0,0.006044,0.0,0.0,0.0,0.374645
2024-12-04,500ETF,Future (IC88 (CSI 500 Futures)),ew,-0.9123,0.8,0.0,0,-0.006631,0.0,0.0,0.0,0.374645
2024-12-05,500ETF,Future (IC88 (CSI 500 Futures)),ew,0.3748,0.8,0.0,0,0.005911,0.0,0.0,0.0,0.374645
2024-12-06,500ETF,Future (IC88 (CSI 500 Futures)),ew,-0.2417,0.8,0.0,0,0.021652,0.0,0.0,0.0,0.374645
2024-12-09,500ETF,Future (IC88 (CSI 500 Futures)),ew,0.2313,0.8,0.0,0,-0.002361,0.0,0.0,0.0,0.374645
2024-12-10,500ETF,Future (IC88 (CSI 500 Futures)),ew,-1.2947,0.8,0.0,0,-0.012347,0.0,0.0,0.0,0.374645
2024-12-11,500ETF,Future (IC88 (CSI 500 Futures)),ew,1.011,0.8,1.0,1,0.004146,0.005397,0.0004,0.004997,0.379643
2024-12-12,500ETF,Future (IC88 (CSI 500 Futures)),ew,-0.4874,0.8,0.0,0,0.010383,0.0,0.0,0.0,0.379643
2024-12-13,500ETF,Future (IC88 (CSI 500 Futures)),ew,-1.2869,0.8,0.0,0,0.000901,0.0,0.0,0.0,0.379643
2024-12-16,500ETF,Future (IC88 (CSI 500 Futures)),ew,-0.7487,0.8,0.0,0,-0.008142,0.0,0.0,0.0,0.379643
2024-12-17,500ETF,Future (IC88 (CSI 500 Futures)),ew,-0.4489,0.8,0.0,0,-0.010212,0.0,0.0,0.0,0.379643
2024-12-18,500ETF,Future (IC88 (CSI 500 Futures)),ew,0.2393,0.8,0.0,0,0.00017,0.0,0.0,0.0,0.379643
2024-12-19,500ETF,Future (IC88 (CSI 500 Futures)),ew,0.003,0.8,0.0,0,0.008907,0.0,0.0,0.0,0.379643
2024-12-20,500ETF,Future (IC88 (CSI 500 Futures)),ew,0.8656,0.8,1.0,1,-0.000542,-0.000998,0.0004,-0.001398,0.378245
2024-12-23,500ETF,Future (IC88 (CSI 500 Futures)),ew,-0.051,0.8,0.0,0,-0.01241,0.0,0.0,0.0,0.378245
2024-12-24,500ETF,Future (IC88 (CSI 500 Futures)),ew,1.2601,0.8,1.0,1,0.000614,0.000503,0.0004,0.000103,0.378348
2024-12-25,500ETF,Future (IC88 (CSI 500 Futures)),ew,-1.302,0.8,-1.0,1,-0.005433,0.003877,0.0004,0.003477,0.381825
2024-12-26,500ETF,Future (IC88 (CSI 500 Futures)),ew,1.2181,0.8,1.0,1,0.002691,0.001172,0.0004,0.000772,0.382596
2024-12-27,500ETF,Future (IC88 (CSI 500 Futures)),ew,0.9917,0.8,1.0,1,-0.004406,-0.004157,0.0004,-0.004557,0.378039
2024-12-30,500ETF,Future (IC88 (CSI 500 Futures)),ew,0.504,0.8,0.0,0,-0.00159,0.0,0.0,0.0,0.378039
2024-12-31,500ETF,Future (IC88 (CSI 500 Futures)),ew,-1.2343,0.8,0.0,0,-0.017334,0.0,0.0,0.0,0.378039
2025-01-02,500ETF,Future (IC88 (CSI 500 Futures)),ew,-1.2425,0.8,0.0,0,-0.031268,0.0,0.0,0.0,0.378039
2025-01-03,500ETF,Future (IC88 (CSI 500 Futures)),ew,-0.7891,0.8,0.0,0,-0.017592,0.0,0.0,0.0,0.378039
2025-01-06,500ETF,Future (IC88 (CSI 500 Futures)),ew,0.459,0.8,0.0,0,-0.006957,0.0,0.0,0.0,0.378039
2025-01-07,500ETF,Future (IC88 (CSI 500 Futures)),ew,0.8731,0.8,1.0,1,0.004547,0.003975,0.0004,0.003575,0.381615
2025-01-08,500ETF,Future (IC88 (CSI 500 Futures)),ew,-1.056,0.8,0.0,0,0.002983,0.0,0.0,0.0,0.381615
2025-01-09,500ETF,Future (IC88 (CSI 500 Futures)),ew,0.9922,0.8,1.0,1,0.001026,0.00036,0.0004,-4e-05,0.381575
2025-01-10,500ETF,Future (IC88 (CSI 500 Futures)),ew,0.8654,0.8,1.0,1,-0.010037,-0.009027,0.0004,-0.009427,0.372148
2025-01-13,500ETF,Future (IC88 (CSI 500 Futures)),ew,0.9525,0.8,1.0,1,-0.001414,-0.002194,0.0004,-0.002594,0.369553
2025-01-14,500ETF,Future (IC88 (CSI 500 Futures)),ew,0.7534,0.8,0.0,0,0.016984,0.0,0.0,0.0,0.369553
2025-01-15,500ETF,Future (IC88 (CSI 500 Futures)),ew,-0.8516,0.8,0.0,0,-0.001629,0.0,0.0,0.0,0.369553
2025-01-16,500ETF,Future (IC88 (CSI 500 Futures)),ew,1.72,0.8,1.0,1,-0.010368,-0.010747,0.0004,-0.011147,0.358407
2025-01-17,500ETF,Future (IC88 (CSI 500 Futures)),ew,0.2194,0.8,0.0,0,0.012979,0.0,0.0,0.0,0.358407
2025-01-20,500ETF,Future (IC88 (CSI 500 Futures)),ew,0.6279,0.8,0.0,0,-0.008049,0.0,0.0,0.0,0.358407
2025-01-21,500ETF,Future (IC88 (CSI 500 Futures)),ew,-1.1806,0.8,0.0,0,0.007873,0.0,0.0,0.0,0.358407
2025-01-22,500ETF,Future (IC88 (CSI 500 Futures)),ew,-0.8042,0.8,0.0,0,0.004636,0.0,0.0,0.0,0.358407
2025-01-23,500ETF,Future (IC88 (CSI 500 Futures)),ew,0.2571,0.8,0.0,0,-0.016535,0.0,0.0,0.0,0.358407
2025-01-24,500ETF,Future (IC88 (CSI 500 Futures)),ew,1.0215,0.8,1.0,1,0.00682,0.006586,0.0004,0.006186,0.364593
2025-01-27,500ETF,Future (IC88 (CSI 500 Futures)),ew,-0.132,0.8,0.0,0,-0.006344,0.0,0.0,0.0,0.364593
2025-02-05,500ETF,Future (IC88 (CSI 500 Futures)),ew,-1.2656,0.8,0.0,0,3.6e-05,0.0,0.0,0.0,0.364593
2025-02-06,500ETF,Future (IC88 (CSI 500 Futures)),ew,0.8415,0.8,1.0,1,0.018806,0.017569,0.0004,0.017169,0.381761
2025-02-07,500ETF,Future (IC88 (CSI 500 Futures)),ew,0.6102,0.8,0.0,0,0.000173,0.0,0.0,0.0,0.381761
2025-02-10,500ETF,Future (IC88 (CSI 500 Futures)),ew,0.4707,0.8,0.0,0,0.001884,0.0,0.0,0.0,0.381761
2025-02-11,500ETF,Future (IC88 (CSI 500 Futures)),ew,-1.3265,0.8,-1.0,1,0.004616,-0.003771,0.0004,-0.004171,0.37759
2025-02-12,500ETF,Future (IC88 (CSI 500 Futures)),ew,0.8267,0.8,1.0,1,0.002152,0.003576,0.0004,0.003176,0.380766
2025-02-13,500ETF,Future (IC88 (CSI 500 Futures)),ew,-0.3619,0.8,0.0,0,-0.003198,0.0,0.0,0.0,0.380766
2025-02-14,500ETF,Future (IC88 (CSI 500 Futures)),ew,0.78,0.8,0.0,0,0.004681,0.0,0.0,0.0,0.380766
2025-02-17,500ETF,Future (IC88 (CSI 500 Futures)),ew,-0.8868,0.8,0.0,0,-0.00105,0.0,0.0,0.0,0.380766
2025-02-18,500ETF,Future (IC88 (CSI 500 Futures)),ew,-0.5079,0.8,0.0,0,-0.018379,0.0,0.0,0.0,0.380766
2025-02-19,500ETF,Future (IC88 (CSI 500 Futures)),ew,0.3749,0.8,0.0,0,0.011025,0.0,0.0,0.0,0.380766
2025-02-20,500ETF,Future (IC88 (CSI 500 Futures)),ew,0.166,0.8,0.0,0,0.005533,0.0,0.0,0.0,0.380766
2025-02-21,500ETF,Future (IC88 (CSI 500 Futures)),ew,0.3786,0.8,0.0,0,0.0212,0.0,0.0,0.0,0.380766
2025-02-24,500ETF,Future (IC88 (CSI 500 Futures)),ew,-0.7196,0.8,0.0,0,-0.002366,0.0,0.0,0.0,0.380766
2025-02-25,500ETF,Future (IC88 (CSI 500 Futures)),ew,-0.4885,0.8,0.0,0,0.001245,0.0,0.0,0.0,0.380766
2025-02-26,500ETF,Future (IC88 (CSI 500 Futures)),ew,0.686,0.8,0.0,0,0.005016,0.0,0.0,0.0,0.380766
2025-02-27,500ETF,Future (IC88 (CSI 500 Futures)),ew,-0.097,0.8,0.0,0,-0.002313,0.0,0.0,0.0,0.380766
2025-02-28,500ETF,Future (IC88 (CSI 500 Futures)),ew,-1.036,0.8,0.0,0,-0.01479,0.0,0.0,0.0,0.380766
2025-03-03,500ETF,Future (IC88 (CSI 500 Futures)),ew,0.2364,0.8,0.0,0,-0.007845,0.0,0.0,0.0,0.380766
2025-03-04,500ETF,Future (IC88 (CSI 500 Futures)),ew,0.5458,0.8,0.0,0,0.006423,0.0,0.0,0.0,0.380766
2025-03-05,500ETF,Future (IC88 (CSI 500 Futures)),ew,-0.1418,0.8,0.0,0,0.007242,0.0,0.0,0.0,0.380766
2025-03-06,500ETF,Future (IC88 (CSI 500 Futures)),ew,0.8577,0.8,1.0,1,0.006879,0.006815,0.0004,0.006415,0.387181
2025-03-07,500ETF,Future (IC88 (CSI 500 Futures)),ew,-0.3545,0.8,0.0,0,-0.002677,0.0,0.0,0.0,0.387181
2025-03-10,500ETF,Future (IC88 (CSI 500 Futures)),ew,-0.4164,0.8,0.0,0,0.002045,0.0,0.0,0.0,0.387181
2025-03-11,500ETF,Future (IC88 (CSI 500 Futures)),ew,0.4972,0.8,0.0,0,0.004805,0.0,0.0,0.0,0.387181
2025-03-12,500ETF,Future (IC88 (CSI 500 Futures)),ew,-0.3951,0.8,0.0,0,-0.000464,0.0,0.0,0.0,0.387181
2025-03-13,500ETF,Future (IC88 (CSI 500 Futures)),ew,-0.6769,0.8,0.0,0,0.003221,0.0,0.0,0.0,0.387181
2025-03-14,500ETF,Future (IC88 (CSI 500 Futures)),ew,0.852,0.8,1.0,1,0.011333,0.008612,0.0004,0.008212,0.395393
2025-03-17,500ETF,Future (IC88 (CSI 500 Futures)),ew,-0.453,0.8,0.0,0,0.001675,0.0,0.0,0.0,0.395393
2025-03-18,500ETF,Future (IC88 (CSI 500 Futures)),ew,0.3449,0.8,0.0,0,-0.005151,0.0,0.0,0.0,0.395393
2025-03-19,500ETF,Future (IC88 (CSI 500 Futures)),ew,-0.7791,0.8,0.0,0,0.001977,0.0,0.0,0.0,0.395393
2025-03-20,500ETF,Future (IC88 (CSI 500 Futures)),ew,-0.8835,0.8,0.0,0,0.001386,0.0,0.0,0.0,0.395393
2025-03-21,500ETF,Future (IC88 (CSI 500 Futures)),ew,0.1446,0.8,0.0,0,-0.01317,0.0,0.0,0.0,0.395393
2025-03-24,500ETF,Future (IC88 (CSI 500 Futures)),ew,-0.0322,0.8,0.0,0,-0.003491,0.0,0.0,0.0,0.395393
2025-03-25,500ETF,Future (IC88 (CSI 500 Futures)),ew,0.4021,0.8,0.0,0,-0.005218,0.0,0.0,0.0,0.395393
2025-03-26,500ETF,Future (IC88 (CSI 500 Futures)),ew,0.9791,0.8,1.0,1,-0.005137,-0.005188,0.0004,-0.005588,0.389805
2025-03-27,500ETF,Future (IC88 (CSI 500 Futures)),ew,-0.7785,0.8,0.0,0,0.00474,0.0,0.0,0.0,0.389805
2025-03-28,500ETF,Future (IC88 (CSI 500 Futures)),ew,0.0669,0.8,0.0,0,-0.003326,0.0,0.0,0.0,0.389805
2025-03-31,500ETF,Future (IC88 (CSI 500 Futures)),ew,-0.328,0.8,0.0,0,-0.008496,0.0,0.0,0.0,0.389805
2025-04-01,500ETF,Future (IC88 (CSI 500 Futures)),ew,0.9027,0.8,1.0,1,-0.000991,-0.001696,0.0004,-0.002096,0.387709
2025-04-02,500ETF,Future (IC88 (CSI 500 Futures)),ew,0.7435,0.8,0.0,0,-0.004357,0.0,0.0,0.0,0.387709
2025-04-03,500ETF,Future (IC88 (CSI 500 Futures)),ew,0.621,0.8,0.0,0,-0.004905,0.0,0.0,0.0,0.387709
2025-04-07,500ETF,Future (IC88 (CSI 500 Futures)),ew,-1.2138,0.8,0.0,0,-0.029395,0.0,0.0,0.0,0.387709
2025-04-08,500ETF,Future (IC88 (CSI 500 Futures)),ew,1.4881,0.8,1.0,1,-0.017651,-0.008118,0.0004,-0.008518,0.379191
2025-04-09,500ETF,Future (IC88 (CSI 500 Futures)),ew,-1.2203,0.8,0.0,0,0.032864,0.0,0.0,0.0,0.379191
2025-04-10,500ETF,Future (IC88 (CSI 500 Futures)),ew,0.6632,0.8,0.0,0,-0.011909,0.0,0.0,0.0,0.379191
2025-04-11,500ETF,Future (IC88 (CSI 500 Futures)),ew,0.9123,0.8,1.0,1,0.00673,0.005221,0.0004,0.004821,0.384012
2025-04-14,500ETF,Future (IC88 (CSI 500 Futures)),ew,0.304,0.8,0.0,0,-0.001571,0.0,0.0,0.0,0.384012
2025-04-15,500ETF,Future (IC88 (CSI 500 Futures)),ew,-1.3503,0.8,-1.0,1,0.002914,-0.002334,0.0004,-0.002734,0.381278
2025-04-16,500ETF,Future (IC88 (CSI 500 Futures)),ew,-0.863,0.8,0.0,0,-0.0069,0.0,0.0,0.0,0.381278
2025-04-17,500ETF,Future (IC88 (CSI 500 Futures)),ew,1.3812,0.8,1.0,1,-0.004695,-0.005008,0.0004,-0.005408,0.37587
2025-04-18,500ETF,Future (IC88 (CSI 500 Futures)),ew,-0.3527,0.8,0.0,0,0.009378,0.0,0.0,0.0,0.37587
2025-04-21,500ETF,Future (IC88 (CSI 500 Futures)),ew,1.2022,0.8,1.0,1,0.009122,0.008229,0.0004,0.007829,0.383698
2025-04-22,500ETF,Future (IC88 (CSI 500 Futures)),ew,-0.6032,0.8,0.0,0,0.000825,0.0,0.0,0.0,0.383698
2025-04-23,500ETF,Future (IC88 (CSI 500 Futures)),ew,0.4195,0.8,0.0,0,-0.001289,0.0,0.0,0.0,0.383698
2025-04-24,500ETF,Future (IC88 (CSI 500 Futures)),ew,-0.2757,0.8,0.0,0,-0.004267,0.0,0.0,0.0,0.383698
2025-04-25,500ETF,Future (IC88 (CSI 500 Futures)),ew,0.0878,0.8,0.0,0,0.00301,0.0,0.0,0.0,0.383698
2025-04-28,500ETF,Future (IC88 (CSI 500 Futures)),ew,-0.9371,0.8,0.0,0,0.003389,0.0,0.0,0.0,0.383698
2025-04-29,500ETF,Future (IC88 (CSI 500 Futures)),ew,-0.0449,0.8,0.0,0,0.001149,0.0,0.0,0.0,0.383698
2025-04-30,500ETF,Future (IC88 (CSI 500 Futures)),ew,1.0713,0.8,1.0,1,0.001179,0.002314,0.0004,0.001914,0.385612
2025-05-06,500ETF,Future (IC88 (CSI 500 Futures)),ew,0.7575,0.8,0.0,0,0.006071,0.0,0.0,0.0,0.385612
2025-05-07,500ETF,Future (IC88 (CSI 500 Futures)),ew,-0.6916,0.8,0.0,0,-0.008414,0.0,0.0,0.0,0.385612
2025-05-08,500ETF,Future (IC88 (CSI 500 Futures)),ew,0.7879,0.8,0.0,0,0.000106,0.0,0.0,0.0,0.385612
2025-05-09,500ETF,Future (IC88 (CSI 500 Futures)),ew,-1.0088,0.8,0.0,0,-0.005622,0.0,0.0,0.0,0.385612
2025-05-12,500ETF,Future (IC88 (CSI 500 Futures)),ew,0.0226,0.8,0.0,0,0.002472,0.0,0.0,0.0,0.385612
2025-05-13,500ETF,Future (IC88 (CSI 500 Futures)),ew,-1.0442,0.8,0.0,0,-0.004865,0.0,0.0,0.0,0.385612
2025-05-14,500ETF,Future (IC88 (CSI 500 Futures)),ew,-0.5582,0.8,0.0,0,0.004229,0.0,0.0,0.0,0.385612
2025-05-15,500ETF,Future (IC88 (CSI 500 Futures)),ew,-1.3224,0.8,-1.0,1,-0.002135,0.002788,0.0004,0.002388,0.388
2025-05-16,500ETF,Future (IC88 (CSI 500 Futures)),ew,0.6609,0.8,0.0,0,-0.004268,0.0,0.0,0.0,0.388
2025-05-19,500ETF,Future (IC88 (CSI 500 Futures)),ew,-1.061,0.8,0.0,0,0.009909,0.0,0.0,0.0,0.388
2025-05-20,500ETF,Future (IC88 (CSI 500 Futures)),ew,-0.6975,0.8,0.0,0,0.007995,0.0,0.0,0.0,0.388
2025-05-21,500ETF,Future (IC88 (CSI 500 Futures)),ew,0.1169,0.8,0.0,0,0.003152,0.0,0.0,0.0,0.388
2025-05-22,500ETF,Future (IC88 (CSI 500 Futures)),ew,-0.2751,0.8,0.0,0,-0.005395,0.0,0.0,0.0,0.388
2025-05-23,500ETF,Future (IC88 (CSI 500 Futures)),ew,0.5884,0.8,0.0,0,-0.010648,0.0,0.0,0.0,0.388
2025-05-26,500ETF,Future (IC88 (CSI 500 Futures)),ew,0.6394,0.8,0.0,0,0.001073,0.0,0.0,0.0,0.388
2025-05-27,500ETF,Future (IC88 (CSI 500 Futures)),ew,-0.8748,0.8,0.0,0,0.001507,0.0,0.0,0.0,0.388
2025-05-28,500ETF,Future (IC88 (CSI 500 Futures)),ew,-0.0489,0.8,0.0,0,-0.001436,0.0,0.0,0.0,0.388
2025-05-29,500ETF,Future (IC88 (CSI 500 Futures)),ew,1.1054,0.8,1.0,1,0.004601,0.005618,0.0004,0.005218,0.393218
2025-05-30,500ETF,Future (IC88 (CSI 500 Futures)),ew,-1.2393,0.8,0.0,0,0.002102,0.0,0.0,0.0,0.393218
2025-06-03,500ETF,Future (IC88 (CSI 500 Futures)),ew,1.1574,0.8,1.0,1,-0.003393,-0.002446,0.0004,-0.002846,0.390372
2025-06-04,500ETF,Future (IC88 (CSI 500 Futures)),ew,1.0175,0.8,1.0,1,0.001865,0.001743,0.0004,0.001343,0.391715
2025-06-05,500ETF,Future (IC88 (CSI 500 Futures)),ew,-0.6432,0.8,0.0,0,0.007571,0.0,0.0,0.0,0.391715
2025-06-06,500ETF,Future (IC88 (CSI 500 Futures)),ew,-0.7463,0.8,0.0,0,0.000665,0.0,0.0,0.0,0.391715
2025-06-09,500ETF,Future (IC88 (CSI 500 Futures)),ew,0.3379,0.8,0.0,0,-0.001283,0.0,0.0,0.0,0.391715
2025-06-10,500ETF,Future (IC88 (CSI 500 Futures)),ew,-0.7779,0.8,0.0,0,-0.006273,0.0,0.0,0.0,0.391715
2025-06-11,500ETF,Future (IC88 (CSI 500 Futures)),ew,1.362,0.8,1.0,1,-0.003183,-0.002911,0.0004,-0.003311,0.388404
2025-06-12,500ETF,Future (IC88 (CSI 500 Futures)),ew,-0.0946,0.8,0.0,0,0.003293,0.0,0.0,0.0,0.388404
2025-06-13,500ETF,Future (IC88 (CSI 500 Futures)),ew,-0.3802,0.8,0.0,0,-0.001012,0.0,0.0,0.0,0.388404
2025-06-16,500ETF,Future (IC88 (CSI 500 Futures)),ew,1.172,0.8,1.0,1,-0.000902,-0.000689,0.0004,-0.001089,0.387315
2025-06-17,500ETF,Future (IC88 (CSI 500 Futures)),ew,-0.4153,0.8,0.0,0,-0.003967,0.0,0.0,0.0,0.387315
2025-06-18,500ETF,Future (IC88 (CSI 500 Futures)),ew,-0.1128,0.8,0.0,0,0.00192,0.0,0.0,0.0,0.387315
2025-06-19,500ETF,Future (IC88 (CSI 500 Futures)),ew,0.0205,0.8,0.0,0,-0.010791,0.0,0.0,0.0,0.387315
2025-06-20,500ETF,Future (IC88 (CSI 500 Futures)),ew,0.0742,0.8,0.0,0,-0.003073,0.0,0.0,0.0,0.387315
2025-06-23,500ETF,Future (IC88 (CSI 500 Futures)),ew,0.9257,0.8,1.0,1,0.004982,0.003509,0.0004,0.003109,0.390424
2025-06-24,500ETF,Future (IC88 (CSI 500 Futures)),ew,1.4493,0.8,1.0,1,0.004518,0.005371,0.0004,0.004971,0.395395
2025-06-25,500ETF,Future (IC88 (CSI 500 Futures)),ew,1.0734,0.8,1.0,1,0.010173,0.009745,0.0004,0.009345,0.40474
2025-06-26,500ETF,Future (IC88 (CSI 500 Futures)),ew,-0.2742,0.8,0.0,0,-0.003881,0.0,0.0,0.0,0.40474
2025-06-27,500ETF,Future (IC88 (CSI 500 Futures)),ew,0.7814,0.8,0.0,0,-0.002502,0.0,0.0,0.0,0.40474
2025-06-30,500ETF,Future (IC88 (CSI 500 Futures)),ew,0.6523,0.8,0.0,0,0.001432,0.0,0.0,0.0,0.40474
2025-07-01,500ETF,Future (IC88 (CSI 500 Futures)),ew,-0.6295,0.8,0.0,0,0.003482,0.0,0.0,0.0,0.40474
2025-07-02,500ETF,Future (IC88 (CSI 500 Futures)),ew,-0.8789,0.8,0.0,0,0.000376,0.0,0.0,0.0,0.40474
2025-07-03,500ETF,Future (IC88 (CSI 500 Futures)),ew,0.6082,0.8,0.0,0,0.001568,0.0,0.0,0.0,0.40474
2025-07-04,500ETF,Future (IC88 (CSI 500 Futures)),ew,-0.779,0.8,0.0,0,0.002868,0.0,0.0,0.0,0.40474
2025-07-07,500ETF,Future (IC88 (CSI 500 Futures)),ew,-0.3504,0.8,0.0,0,0.001981,0.0,0.0,0.0,0.40474
2025-07-08,500ETF,Future (IC88 (CSI 500 Futures)),ew,1.3443,0.8,1.0,1,0.006566,0.005662,0.0004,0.005262,0.410002
2025-07-09,500ETF,Future (IC88 (CSI 500 Futures)),ew,-0.149,0.8,0.0,0,-0.002388,0.0,0.0,0.0,0.410002
2025-07-10,500ETF,Future (IC88 (CSI 500 Futures)),ew,0.2376,0.8,0.0,0,0.00316,0.0,0.0,0.0,0.410002
2025-07-11,500ETF,Future (IC88 (CSI 500 Futures)),ew,-0.39,0.8,0.0,0,0.009853,0.0,0.0,0.0,0.410002
2025-07-14,500ETF,Future (IC88 (CSI 500 Futures)),ew,-0.1642,0.8,0.0,0,-0.000997,0.0,0.0,0.0,0.410002
2025-07-15,500ETF,Future (IC88 (CSI 500 Futures)),ew,0.9114,0.8,1.0,1,-0.00299,-0.002461,0.0004,-0.002861,0.407142
2025-07-16,500ETF,Future (IC88 (CSI 500 Futures)),ew,0.5969,0.8,0.0,0,-0.007983,0.0,0.0,0.0,0.407142
2025-07-17,500ETF,Future (IC88 (CSI 500 Futures)),ew,1.0504,0.8,1.0,1,0.006333,0.00688,0.0004,0.00648,0.413621
2025-07-18,500ETF,Future (IC88 (CSI 500 Futures)),ew,0.3748,0.8,0.0,0,-0.001754,0.0,0.0,0.0,0.413621
2025-07-21,500ETF,Future (IC88 (CSI 500 Futures)),ew,0.893,0.8,1.0,1,0.001276,0.002577,0.0004,0.002177,0.415798
2025-07-22,500ETF,Future (IC88 (CSI 500 Futures)),ew,0.4865,0.8,0.0,0,0.007447,0.0,0.0,0.0,0.415798
2025-07-23,500ETF,Future (IC88 (CSI 500 Futures)),ew,0.0457,0.8,0.0,0,-0.004594,0.0,0.0,0.0,0.415798
2025-07-24,500ETF,Future (IC88 (CSI 500 Futures)),ew,1.1729,0.8,1.0,1,0.009905,0.008085,0.0004,0.007685,0.423483
2025-07-25,500ETF,Future (IC88 (CSI 500 Futures)),ew,-0.2143,0.8,0.0,0,9.6e-05,0.0,0.0,0.0,0.423483
2025-07-28,500ETF,Future (IC88 (CSI 500 Futures)),ew,-0.6679,0.8,0.0,0,-0.000319,0.0,0.0,0.0,0.423483
2025-07-29,500ETF,Future (IC88 (CSI 500 Futures)),ew,-0.9617,0.8,0.0,0,0.011116,0.0,0.0,0.0,0.423483
2025-07-30,500ETF,Future (IC88 (CSI 500 Futures)),ew,-0.0952,0.8,0.0,0,-0.00251,0.0,0.0,0.0,0.423483
2025-07-31,500ETF,Future (IC88 (CSI 500 Futures)),ew,0.1543,0.8,0.0,0,-0.013936,0.0,0.0,0.0,0.423483
2025-08-01,500ETF,Future (IC88 (CSI 500 Futures)),ew,0.7412,0.8,0.0,0,-0.005547,0.0,0.0,0.0,0.423483
2025-08-04,500ETF,Future (IC88 (CSI 500 Futures)),ew,0.2756,0.8,0.0,0,0.007431,0.0,0.0,0.0,0.423483
2025-08-05,500ETF,Future (IC88 (CSI 500 Futures)),ew,0.4582,0.8,0.0,0,0.002684,0.0,0.0,0.0,0.423483
2025-08-06,500ETF,Future (IC88 (CSI 500 Futures)),ew,0.1638,0.8,0.0,0,0.008169,0.0,0.0,0.0,0.423483
2025-08-07,500ETF,Future (IC88 (CSI 500 Futures)),ew,-0.2605,0.8,0.0,0,-0.004163,0.0,0.0,0.0,0.423483
2025-08-08,500ETF,Future (IC88 (CSI 500 Futures)),ew,-0.783,0.8,0.0,0,0.004762,0.0,0.0,0.0,0.423483
2025-08-11,500ETF,Future (IC88 (CSI 500 Futures)),ew,0.933,0.8,1.0,1,0.003681,0.003258,0.0004,0.002858,0.426341
2025-08-12,500ETF,Future (IC88 (CSI 500 Futures)),ew,-0.5747,0.8,0.0,0,0.004902,0.0,0.0,0.0,0.426341
2025-08-13,500ETF,Future (IC88 (CSI 500 Futures)),ew,0.9806,0.8,1.0,1,0.007181,0.006437,0.0004,0.006037,0.432378
2025-08-14,500ETF,Future (IC88 (CSI 500 Futures)),ew,-0.6245,0.8,0.0,0,-0.005483,0.0,0.0,0.0,0.432378
2025-08-15,500ETF,Future (IC88 (CSI 500 Futures)),ew,1.5199,0.8,1.0,1,0.009595,0.009887,0.0004,0.009487,0.441865
2025-08-18,500ETF,Future (IC88 (CSI 500 Futures)),ew,0.1115,0.8,0.0,0,0.003156,0.0,0.0,0.0,0.441865
2025-08-19,500ETF,Future (IC88 (CSI 500 Futures)),ew,0.8223,0.8,1.0,1,-0.002872,-0.004731,0.0004,-0.005131,0.436735
2025-08-20,500ETF,Future (IC88 (CSI 500 Futures)),ew,-0.131,0.8,0.0,0,0.009416,0.0,0.0,0.0,0.436735
2025-08-21,500ETF,Future (IC88 (CSI 500 Futures)),ew,0.2566,0.8,0.0,0,-0.003858,0.0,0.0,0.0,0.436735
2025-08-22,500ETF,Future (IC88 (CSI 500 Futures)),ew,1.1762,0.8,1.0,1,0.012138,0.010389,0.0004,0.009989,0.446724
2025-08-25,500ETF,Future (IC88 (CSI 500 Futures)),ew,1.1049,0.8,1.0,1,0.003331,0.00529,0.0004,0.00489,0.451614
2025-08-26,500ETF,Future (IC88 (CSI 500 Futures)),ew,0.604,0.8,0.0,0,0.002448,0.0,0.0,0.0,0.451614
2025-08-27,500ETF,Future (IC88 (CSI 500 Futures)),ew,0.9189,0.8,1.0,1,-0.002594,-0.009343,0.0006,-0.009943,0.441671
2025-08-28,500ETF,Future (IC88 (CSI 500 Futures)),ew,1.3885,0.8,1.0,1,0.010001,-0.013181,0.0006,-0.013781,0.42789
2025-08-29,500ETF,Future (IC88 (CSI 500 Futures)),ew,-0.6237,0.8,0.0,0,0.001551,0.0,0.0,0.0,0.42789
2025-09-01,500ETF,Future (IC88 (CSI 500 Futures)),ew,0.1386,0.8,0.0,0,0.005194,0.0,0.0,0.0,0.42789
2025-09-02,500ETF,Future (IC88 (CSI 500 Futures)),ew,-1.1733,0.8,0.0,0,-0.014033,0.0,0.0,0.0,0.42789
2025-09-03,500ETF,Future (IC88 (CSI 500 Futures)),ew,-0.5845,0.8,0.0,0,-0.007695,0.0,0.0,0.0,0.42789
2025-09-04,500ETF,Future (IC88 (CSI 500 Futures)),ew,0.0372,0.8,0.0,0,-0.035329,0.0,0.0,0.0,0.42789
2025-09-05,500ETF,Future (IC88 (CSI 500 Futures)),ew,0.1607,0.8,0.0,0,0.021988,0.0,0.0,0.0,0.42789
2025-09-08,500ETF,Future (IC88 (CSI 500 Futures)),ew,1.0611,0.8,1.0,1,0.002248,0.003972,0.0004,0.003572,0.431461
2025-09-09,500ETF,Future (IC88 (CSI 500 Futures)),ew,-0.0082,0.8,0.0,0,-0.011225,0.0,0.0,0.0,0.431461
2025-09-10,500ETF,Future (IC88 (CSI 500 Futures)),ew,1.2256,0.8,1.0,1,-0.004753,-0.004827,0.0004,-0.005227,0.426235
2025-09-11,500ETF,Future (IC88 (CSI 500 Futures)),ew,-0.3655,0.8,0.0,0,0.03007,0.0,0.0,0.0,0.426235
2025-09-12,500ETF,Future (IC88 (CSI 500 Futures)),ew,0.9346,0.8,1.0,1,0.004755,0.004145,0.0004,0.003745,0.42998
2025-09-15,500ETF,Future (IC88 (CSI 500 Futures)),ew,-0.6427,0.8,0.0,0,8.4e-05,0.0,0.0,0.0,0.42998
2025-09-16,500ETF,Future (IC88 (CSI 500 Futures)),ew,0.8561,0.8,1.0,1,0.00084,0.002622,0.0004,0.002222,0.432202
2025-09-17,500ETF,Future (IC88 (CSI 500 Futures)),ew,0.0498,0.8,0.0,0,0.007349,0.0,0.0,0.0,0.432202
2025-09-18,500ETF,Future (IC88 (CSI 500 Futures)),ew,0.4852,0.8,0.0,0,-0.015536,0.0,0.0,0.0,0.432202
2025-09-19,500ETF,Future (IC88 (CSI 500 Futures)),ew,0.4157,0.8,0.0,0,0.002276,0.0,0.0,0.0,0.432202
2025-09-22,500ETF,Future (IC88 (CSI 500 Futures)),ew,-0.8162,0.8,0.0,0,0.010759,0.0,0.0,0.0,0.432202
2025-09-23,500ETF,Future (IC88 (CSI 500 Futures)),ew,-0.7113,0.8,0.0,0,-0.005847,0.0,0.0,0.0,0.432202
2025-09-24,500ETF,Future (IC88 (CSI 500 Futures)),ew,1.0856,0.8,1.0,1,0.017342,0.016465,0.0004,0.016065,0.448267
2025-09-25,500ETF,Future (IC88 (CSI 500 Futures)),ew,0.901,0.8,1.0,1,0.006302,0.005253,0.0004,0.004853,0.45312
2025-09-26,500ETF,Future (IC88 (CSI 500 Futures)),ew,0.3627,0.8,0.0,0,-0.008008,0.0,0.0,0.0,0.45312
2025-09-29,500ETF,Future (IC88 (CSI 500 Futures)),ew,-0.0804,0.8,0.0,0,0.015148,0.0,0.0,0.0,0.45312
2025-09-30,500ETF,Future (IC88 (CSI 500 Futures)),ew,1.1497,0.8,1.0,1,0.001812,0.003066,0.0004,0.002666,0.455786
2025-10-09,500ETF,Future (IC88 (CSI 500 Futures)),ew,0.3738,0.8,0.0,0,0.01186,0.0,0.0,0.0,0.455786
2025-10-10,500ETF,Future (IC88 (CSI 500 Futures)),ew,-1.1311,0.8,0.0,0,-0.006313,0.0,0.0,0.0,0.455786
2025-10-13,500ETF,Future (IC88 (CSI 500 Futures)),ew,0.1904,0.8,0.0,0,0.013606,0.0,0.0,0.0,0.455786
2025-10-14,500ETF,Future (IC88 (CSI 500 Futures)),ew,0.4368,0.8,0.0,0,-0.03249,0.0,0.0,0.0,0.455786
2025-10-15,500ETF,Future (IC88 (CSI 500 Futures)),ew,-0.5387,0.8,0.0,0,0.008733,0.0,0.0,0.0,0.455786
2025-10-16,500ETF,Future (IC88 (CSI 500 Futures)),ew,-0.4756,0.8,0.0,0,-0.005614,0.0,0.0,0.0,0.455786
2025-10-17,500ETF,Future (IC88 (CSI 500 Futures)),ew,-0.2098,0.8,0.0,0,-0.012817,0.0,0.0,0.0,0.455786
2025-10-20,500ETF,Future (IC88 (CSI 500 Futures)),ew,-0.1333,0.8,0.0,0,-0.012633,0.0,0.0,0.0,0.455786
2025-10-21,500ETF,Future (IC88 (CSI 500 Futures)),ew,0.4973,0.8,0.0,0,0.008321,0.0,0.0,0.0,0.455786
2025-10-22,500ETF,Future (IC88 (CSI 500 Futures)),ew,-0.459,0.8,0.0,0,0.000821,0.0,0.0,0.0,0.455786
2025-10-23,500ETF,Future (IC88 (CSI 500 Futures)),ew,-1.2707,0.8,0.0,0,0.012548,0.0,0.0,0.0,0.455786
2025-10-24,500ETF,Future (IC88 (CSI 500 Futures)),ew,1.2138,0.8,1.0,1,0.004608,0.006438,0.0004,0.006038,0.461824
2025-10-27,500ETF,Future (IC88 (CSI 500 Futures)),ew,1.0434,0.8,1.0,1,0.001668,0.002278,0.0004,0.001878,0.463702
2025-10-28,500ETF,Future (IC88 (CSI 500 Futures)),ew,-0.0344,0.8,0.0,0,-0.004243,0.0,0.0,0.0,0.463702
2025-10-29,500ETF,Future (IC88 (CSI 500 Futures)),ew,1.2273,0.8,1.0,1,0.011983,0.011199,0.0004,0.010799,0.474501
2025-10-30,500ETF,Future (IC88 (CSI 500 Futures)),ew,-1.1968,0.8,0.0,0,-0.00231,0.0,0.0,0.0,0.474501
2025-10-31,500ETF,Future (IC88 (CSI 500 Futures)),ew,-0.3868,0.8,0.0,0,-0.004474,0.0,0.0,0.0,0.474501
2025-11-03,500ETF,Future (IC88 (CSI 500 Futures)),ew,-1.424,0.8,-1.0,1,0.009506,-0.007457,0.0004,-0.007857,0.466644
2025-11-04,500ETF,Future (IC88 (CSI 500 Futures)),ew,-0.8422,0.8,0.0,0,-0.012361,0.0,0.0,0.0,0.466644
2025-11-05,500ETF,Future (IC88 (CSI 500 Futures)),ew,0.128,0.8,0.0,0,0.013459,0.0,0.0,0.0,0.466644
2025-11-06,500ETF,Future (IC88 (CSI 500 Futures)),ew,1.1894,0.8,1.0,1,0.011383,0.009225,0.0004,0.008825,0.475469
2025-11-07,500ETF,Future (IC88 (CSI 500 Futures)),ew,-0.5912,0.8,0.0,0,0.003489,0.0,0.0,0.0,0.475469
2025-11-10,500ETF,Future (IC88 (CSI 500 Futures)),ew,0.4759,0.8,0.0,0,0.00285,0.0,0.0,0.0,0.475469
2025-11-11,500ETF,Future (IC88 (CSI 500 Futures)),ew,0.0383,0.8,0.0,0,-0.008536,0.0,0.0,0.0,0.475469
2025-11-12,500ETF,Future (IC88 (CSI 500 Futures)),ew,-0.8807,0.8,0.0,0,-0.00123,0.0,0.0,0.0,0.475469
2025-11-13,500ETF,Future (IC88 (CSI 500 Futures)),ew,1.2303,0.8,1.0,1,0.007052,0.007296,0.0004,0.006896,0.482366
2025-11-14,500ETF,Future (IC88 (CSI 500 Futures)),ew,-0.7168,0.8,0.0,0,-0.002222,0.0,0.0,0.0,0.482366
2025-11-17,500ETF,Future (IC88 (CSI 500 Futures)),ew,-0.182,0.8,0.0,0,0.004796,0.0,0.0,0.0,0.482366
2025-11-18,500ETF,Future (IC88 (CSI 500 Futures)),ew,-0.6433,0.8,0.0,0,-0.004472,0.0,0.0,0.0,0.482366
2025-11-19,500ETF,Future (IC88 (CSI 500 Futures)),ew,0.5718,0.8,0.0,0,-0.001076,0.0,0.0,0.0,0.482366
2025-11-20,500ETF,Future (IC88 (CSI 500 Futures)),ew,-0.7508,0.8,0.0,0,-0.008534,0.0,0.0,0.0,0.482366
2025-11-21,500ETF,Future (IC88 (CSI 500 Futures)),ew,-1.0276,0.8,0.0,0,-0.007972,0.0,0.0,0.0,0.482366
2025-11-24,500ETF,Future (IC88 (CSI 500 Futures)),ew,-0.5767,0.8,0.0,0,0.007861,0.0,0.0,0.0,0.482366
2025-11-25,500ETF,Future (IC88 (CSI 500 Futures)),ew,1.1219,0.8,1.0,1,-0.00266,-0.00184,0.0004,-0.00224,0.480126
2025-11-26,500ETF,Future (IC88 (CSI 500 Futures)),ew,0.5513,0.8,0.0,0,-0.007598,0.0,0.0,0.0,0.480126
2025-11-27,500ETF,Future (IC88 (CSI 500 Futures)),ew,1.4137,0.8,1.0,1,-0.012381,-0.010497,0.0004,-0.010897,0.469229
2025-11-28,500ETF,Future (IC88 (CSI 500 Futures)),ew,0.1728,0.8,0.0,0,0.01108,0.0,0.0,0.0,0.469229
2025-12-01,500ETF,Future (IC88 (CSI 500 Futures)),ew,0.7295,0.8,0.0,0,-0.00111,0.0,0.0,0.0,0.469229
2025-12-02,500ETF,Future (IC88 (CSI 500 Futures)),ew,-1.1208,0.8,0.0,0,-0.00189,0.0,0.0,0.0,0.469229
2025-12-03,500ETF,Future (IC88 (CSI 500 Futures)),ew,-0.0335,0.8,0.0,0,-0.003968,0.0,0.0,0.0,0.469229
2025-12-04,500ETF,Future (IC88 (CSI 500 Futures)),ew,-0.0958,0.8,0.0,0,0.00725,0.0,0.0,0.0,0.469229
2025-12-05,500ETF,Future (IC88 (CSI 500 Futures)),ew,-0.781,0.8,0.0,0,0.012207,0.0,0.0,0.0,0.469229
2025-12-08,500ETF,Future (IC88 (CSI 500 Futures)),ew,0.4861,0.8,0.0,0,0.00732,0.0,0.0,0.0,0.469229
2025-12-09,500ETF,Future (IC88 (CSI 500 Futures)),ew,0.4729,0.8,0.0,0,-0.00862,0.0,0.0,0.0,0.469229
2025-12-10,500ETF,Future (IC88 (CSI 500 Futures)),ew,-1.0175,0.8,0.0,0,0.011617,0.0,0.0,0.0,0.469229
2025-12-11,500ETF,Future (IC88 (CSI 500 Futures)),ew,-0.3115,0.8,0.0,0,-0.004249,0.0,0.0,0.0,0.469229
2025-12-12,500ETF,Future (IC88 (CSI 500 Futures)),ew,-0.0474,0.8,0.0,0,0.014734,0.0,0.0,0.0,0.469229
2025-12-15,500ETF,Future (IC88 (CSI 500 Futures)),ew,0.1268,0.8,0.0,0,-0.004036,0.0,0.0,0.0,0.469229
2025-12-16,500ETF,Future (IC88 (CSI 500 Futures)),ew,-1.3996,0.8,-1.0,1,-0.000969,0.0021,0.0004,0.0017,0.47093
2025-12-17,500ETF,Future (IC88 (CSI 500 Futures)),ew,1.0118,0.8,1.0,1,0.020758,0.01993,0.0004,0.01953,0.490459
2025-12-18,500ETF,Future (IC88 (CSI 500 Futures)),ew,1.0282,0.8,1.0,1,-0.006884,-0.007407,0.0004,-0.007807,0.482652
2025-12-19,500ETF,Future (IC88 (CSI 500 Futures)),ew,0.0257,0.8,0.0,0,0.00528,0.0,0.0,0.0,0.482652
2025-12-22,500ETF,Future (IC88 (CSI 500 Futures)),ew,1.2722,0.8,1.0,1,-0.001634,-0.000814,0.0004,-0.001214,0.481438
2025-12-23,500ETF,Future (IC88 (CSI 500 Futures)),ew,-0.0551,0.8,0.0,0,-0.00404,0.0,0.0,0.0,0.481438
2025-12-24,500ETF,Future (IC88 (CSI 500 Futures)),ew,0.1285,0.8,0.0,0,0.011006,0.0,0.0,0.0,0.481438
2025-12-25,500ETF,Future (IC88 (CSI 500 Futures)),ew,0.5202,0.8,0.0,0,0.009797,0.0,0.0,0.0,0.481438
2025-12-26,500ETF,Future (IC88 (CSI 500 Futures)),ew,0.6698,0.8,0.0,0,0.000806,0.0,0.0,0.0,0.481438
2025-12-29,500ETF,Future (IC88 (CSI 500 Futures)),ew,-0.3667,0.8,0.0,0,-0.001996,0.0,0.0,0.0,0.481438
2025-12-30,500ETF,Future (IC88 (CSI 500 Futures)),ew,0.9611,0.8,1.0,1,0.001556,0.000923,0.0004,0.000523,0.481962
2025-12-31,500ETF,Future (IC88 (CSI 500 Futures)),ew,-0.6393,0.8,0.0,0,0.001209,0.0,0.0,0.0,0.481962
