date,etf,asset_type,scheme,z_composite,z_th,position,is_trade,trade_return,raw_pnl,fee,net_pnl,cum_pnl
2022-01-04,500ETF,Future (IC88 (CSI 500 Futures)),score,-0.5411,0.6,0.0,0,0.002203,0.0,0.0,0.0,0.0
2022-01-05,500ETF,Future (IC88 (CSI 500 Futures)),score,-0.9403,0.6,0.0,0,-0.005012,-0.0,0.0,-0.0,0.0
2022-01-06,500ETF,Future (IC88 (CSI 500 Futures)),score,-0.0295,0.6,0.0,0,0.002217,0.0,0.0,0.0,0.0
2022-01-07,500ETF,Future (IC88 (CSI 500 Futures)),score,0.6997,0.6,1.0,1,-0.006981,-0.006981,0.0008,-0.007781,-0.007781
2022-01-10,500ETF,Future (IC88 (CSI 500 Futures)),score,-0.7385,0.6,0.0,0,0.005297,0.0,0.0008,-0.0008,-0.008581
2022-01-11,500ETF,Future (IC88 (CSI 500 Futures)),score,0.2666,0.6,0.0,0,-0.007003,-0.0,0.0,-0.0,-0.008581
2022-01-12,500ETF,Future (IC88 (CSI 500 Futures)),score,0.1578,0.6,0.0,0,0.00323,0.0,0.0,0.0,-0.008581
2022-01-13,500ETF,Future (IC88 (CSI 500 Futures)),score,-0.9928,0.6,0.0,0,-0.005573,-0.0,0.0,-0.0,-0.008581
2022-01-14,500ETF,Future (IC88 (CSI 500 Futures)),score,-0.3963,0.6,0.0,0,2.8e-05,0.0,0.0,0.0,-0.008581
2022-01-17,500ETF,Future (IC88 (CSI 500 Futures)),score,0.8452,0.6,1.0,1,0.004251,0.004251,0.0008,0.003451,-0.005131
2022-01-18,500ETF,Future (IC88 (CSI 500 Futures)),score,-0.3741,0.6,0.0,0,-0.000865,-0.0,0.0008,-0.0008,-0.005931
2022-01-19,500ETF,Future (IC88 (CSI 500 Futures)),score,0.6711,0.6,1.0,1,-0.011228,-0.011228,0.0008,-0.012028,-0.017959
2022-01-20,500ETF,Future (IC88 (CSI 500 Futures)),score,-0.1619,0.6,0.0,0,-0.004943,-0.0,0.0008,-0.0008,-0.018759
2022-01-21,500ETF,Future (IC88 (CSI 500 Futures)),score,-0.8425,0.6,0.0,0,-0.004617,-0.0,0.0,-0.0,-0.018759
2022-01-24,500ETF,Future (IC88 (CSI 500 Futures)),score,0.1455,0.6,0.0,0,0.000744,0.0,0.0,0.0,-0.018759
2022-01-25,500ETF,Future (IC88 (CSI 500 Futures)),score,-0.3326,0.6,0.0,0,-0.02033,-0.0,0.0,-0.0,-0.018759
2022-01-26,500ETF,Future (IC88 (CSI 500 Futures)),score,0.6906,0.6,1.0,1,0.001093,0.001093,0.0008,0.000293,-0.018465
2022-01-27,500ETF,Future (IC88 (CSI 500 Futures)),score,-0.5067,0.6,0.0,0,-0.01749,-0.0,0.0008,-0.0008,-0.019265
2022-01-28,500ETF,Future (IC88 (CSI 500 Futures)),score,-0.8726,0.6,0.0,0,0.003681,0.0,0.0,0.0,-0.019265
2022-02-07,500ETF,Future (IC88 (CSI 500 Futures)),score,1.0669,0.6,1.0,1,-0.004785,-0.004785,0.0008,-0.005585,-0.024851
2022-02-08,500ETF,Future (IC88 (CSI 500 Futures)),score,-0.5784,0.6,0.0,0,0.006312,0.0,0.0008,-0.0008,-0.025651
2022-02-09,500ETF,Future (IC88 (CSI 500 Futures)),score,0.7247,0.6,1.0,1,0.014964,0.014964,0.0008,0.014164,-0.011486
2022-02-10,500ETF,Future (IC88 (CSI 500 Futures)),score,0.0217,0.6,0.0,0,-0.000469,-0.0,0.0008,-0.0008,-0.012286
2022-02-11,500ETF,Future (IC88 (CSI 500 Futures)),score,0.0008,0.6,0.0,0,-0.009994,-0.0,0.0,-0.0,-0.012286
2022-02-14,500ETF,Future (IC88 (CSI 500 Futures)),score,0.3775,0.6,0.0,0,-0.011956,-0.0,0.0,-0.0,-0.012286
2022-02-15,500ETF,Future (IC88 (CSI 500 Futures)),score,0.0907,0.6,0.0,0,0.001902,0.0,0.0,0.0,-0.012286
2022-02-16,500ETF,Future (IC88 (CSI 500 Futures)),score,-0.2747,0.6,0.0,0,-0.0013,-0.0,0.0,-0.0,-0.012286
2022-02-17,500ETF,Future (IC88 (CSI 500 Futures)),score,-0.8289,0.6,0.0,0,-5.9e-05,-0.0,0.0,-0.0,-0.012286
2022-02-18,500ETF,Future (IC88 (CSI 500 Futures)),score,0.7858,0.6,1.0,1,0.00426,0.00426,0.0008,0.00346,-0.008827
2022-02-21,500ETF,Future (IC88 (CSI 500 Futures)),score,-0.0062,0.6,0.0,0,-0.000293,-0.0,0.0008,-0.0008,-0.009627
2022-02-22,500ETF,Future (IC88 (CSI 500 Futures)),score,-1.1313,0.6,-1.0,1,0.000828,-0.000828,0.0008,-0.001628,-0.011255
2022-02-23,500ETF,Future (IC88 (CSI 500 Futures)),score,1.0163,0.6,1.0,1,0.006776,0.006776,0.0016,0.005176,-0.00608
2022-02-24,500ETF,Future (IC88 (CSI 500 Futures)),score,-0.1399,0.6,0.0,0,-0.019137,-0.0,0.0008,-0.0008,-0.00688
2022-02-25,500ETF,Future (IC88 (CSI 500 Futures)),score,1.2196,0.6,1.0,1,-0.012179,-0.012179,0.0008,-0.012979,-0.019859
2022-02-28,500ETF,Future (IC88 (CSI 500 Futures)),score,-0.4435,0.6,0.0,0,0.006169,0.0,0.0008,-0.0008,-0.020659
2022-03-01,500ETF,Future (IC88 (CSI 500 Futures)),score,0.4662,0.6,0.0,0,-0.00233,-0.0,0.0,-0.0,-0.020659
2022-03-02,500ETF,Future (IC88 (CSI 500 Futures)),score,-0.5628,0.6,0.0,0,0.005489,0.0,0.0,0.0,-0.020659
2022-03-03,500ETF,Future (IC88 (CSI 500 Futures)),score,-0.5086,0.6,0.0,0,-0.003091,-0.0,0.0,-0.0,-0.020659
2022-03-04,500ETF,Future (IC88 (CSI 500 Futures)),score,-0.6679,0.6,0.0,0,-0.005964,-0.0,0.0,-0.0,-0.020659
2022-03-07,500ETF,Future (IC88 (CSI 500 Futures)),score,-1.1371,0.6,-1.0,1,-0.009547,0.009547,0.0008,0.008747,-0.011911
2022-03-08,500ETF,Future (IC88 (CSI 500 Futures)),score,-0.816,0.6,0.0,0,-0.020997,-0.0,0.0008,-0.0008,-0.012711
2022-03-09,500ETF,Future (IC88 (CSI 500 Futures)),score,-0.6525,0.6,0.0,0,-0.028827,-0.0,0.0,-0.0,-0.012711
2022-03-10,500ETF,Future (IC88 (CSI 500 Futures)),score,0.1755,0.6,0.0,0,-0.001095,-0.0,0.0,-0.0,-0.012711
2022-03-11,500ETF,Future (IC88 (CSI 500 Futures)),score,-1.0873,0.6,0.0,0,0.020718,0.0,0.0,0.0,-0.012711
2022-03-14,500ETF,Future (IC88 (CSI 500 Futures)),score,0.4554,0.6,0.0,0,-0.018545,-0.0,0.0,-0.0,-0.012711
2022-03-15,500ETF,Future (IC88 (CSI 500 Futures)),score,-1.4667,0.6,-1.0,1,-0.016509,0.016509,0.0008,0.015709,0.002998
2022-03-16,500ETF,Future (IC88 (CSI 500 Futures)),score,-0.7085,0.6,0.0,0,0.029807,0.0,0.0008,-0.0008,0.002198
2022-03-17,500ETF,Future (IC88 (CSI 500 Futures)),score,1.2142,0.6,1.0,1,0.004431,0.004431,0.0008,0.003631,0.005829
2022-03-18,500ETF,Future (IC88 (CSI 500 Futures)),score,0.7541,0.6,1.0,1,0.011075,0.011075,0.0,0.011075,0.016904
2022-03-21,500ETF,Future (IC88 (CSI 500 Futures)),score,0.5646,0.6,0.0,0,-0.006824,-0.0,0.0008,-0.0008,0.016104
2022-03-22,500ETF,Future (IC88 (CSI 500 Futures)),score,-0.6732,0.6,0.0,0,-0.000794,-0.0,0.0,-0.0,0.016104
2022-03-23,500ETF,Future (IC88 (CSI 500 Futures)),score,-0.073,0.6,0.0,0,0.004383,0.0,0.0,0.0,0.016104
2022-03-24,500ETF,Future (IC88 (CSI 500 Futures)),score,-0.94,0.6,0.0,0,0.000982,0.0,0.0,0.0,0.016104
2022-03-25,500ETF,Future (IC88 (CSI 500 Futures)),score,0.1671,0.6,0.0,0,-0.013524,-0.0,0.0,-0.0,0.016104
2022-03-28,500ETF,Future (IC88 (CSI 500 Futures)),score,-0.911,0.6,0.0,0,0.011408,0.0,0.0,0.0,0.016104
2022-03-29,500ETF,Future (IC88 (CSI 500 Futures)),score,0.2908,0.6,0.0,0,-0.011042,-0.0,0.0,-0.0,0.016104
2022-03-30,500ETF,Future (IC88 (CSI 500 Futures)),score,0.9349,0.6,1.0,1,0.009988,0.009988,0.0008,0.009188,0.025292
2022-03-31,500ETF,Future (IC88 (CSI 500 Futures)),score,-0.1726,0.6,0.0,0,-0.005212,-0.0,0.0008,-0.0008,0.024492
2022-04-01,500ETF,Future (IC88 (CSI 500 Futures)),score,-0.0089,0.6,0.0,0,0.007671,0.0,0.0,0.0,0.024492
2022-04-06,500ETF,Future (IC88 (CSI 500 Futures)),score,-1.0323,0.6,0.0,0,0.003646,0.0,0.0,0.0,0.024492
2022-04-07,500ETF,Future (IC88 (CSI 500 Futures)),score,0.458,0.6,0.0,0,-0.018847,-0.0,0.0,-0.0,0.024492
2022-04-08,500ETF,Future (IC88 (CSI 500 Futures)),score,-0.5027,0.6,0.0,0,0.005254,0.0,0.0,0.0,0.024492
2022-04-11,500ETF,Future (IC88 (CSI 500 Futures)),score,-1.1595,0.6,-1.0,1,-0.019434,0.019434,0.0008,0.018634,0.043126
2022-04-12,500ETF,Future (IC88 (CSI 500 Futures)),score,0.091,0.6,0.0,0,0.019013,0.0,0.0008,-0.0008,0.042326
2022-04-13,500ETF,Future (IC88 (CSI 500 Futures)),score,-1.0911,0.6,0.0,0,0.001812,0.0,0.0,0.0,0.042326
2022-04-14,500ETF,Future (IC88 (CSI 500 Futures)),score,0.0017,0.6,0.0,0,0.010707,0.0,0.0,0.0,0.042326
2022-04-15,500ETF,Future (IC88 (CSI 500 Futures)),score,-0.6725,0.6,0.0,0,-0.005229,-0.0,0.0,-0.0,0.042326
2022-04-18,500ETF,Future (IC88 (CSI 500 Futures)),score,-0.932,0.6,0.0,0,0.006313,0.0,0.0,0.0,0.042326
2022-04-19,500ETF,Future (IC88 (CSI 500 Futures)),score,0.774,0.6,1.0,1,0.0,0.0,0.0008,-0.0008,0.041526
2022-04-20,500ETF,Future (IC88 (CSI 500 Futures)),score,-0.615,0.6,0.0,0,-0.018858,-0.0,0.0008,-0.0008,0.040726
2022-04-21,500ETF,Future (IC88 (CSI 500 Futures)),score,0.2619,0.6,0.0,0,-0.029177,-0.0,0.0,-0.0,0.040726
2022-04-22,500ETF,Future (IC88 (CSI 500 Futures)),score,-1.008,0.6,0.0,0,0.006387,0.0,0.0,0.0,0.040726
2022-04-25,500ETF,Future (IC88 (CSI 500 Futures)),score,-1.591,0.6,-1.0,1,-0.027182,0.027182,0.0008,0.026382,0.067108
2022-04-26,500ETF,Future (IC88 (CSI 500 Futures)),score,-0.5594,0.6,0.0,0,-0.010154,-0.0,0.0008,-0.0008,0.066308
2022-04-27,500ETF,Future (IC88 (CSI 500 Futures)),score,0.3341,0.6,0.0,0,0.03843,0.0,0.0,0.0,0.066308
2022-04-28,500ETF,Future (IC88 (CSI 500 Futures)),score,0.1459,0.6,0.0,0,0.000821,0.0,0.0,0.0,0.066308
2022-04-29,500ETF,Future (IC88 (CSI 500 Futures)),score,0.2087,0.6,0.0,0,0.03127,0.0,0.0,0.0,0.066308
2022-05-05,500ETF,Future (IC88 (CSI 500 Futures)),score,0.8064,0.6,1.0,1,0.001751,0.001751,0.0008,0.000951,0.067259
2022-05-06,500ETF,Future (IC88 (CSI 500 Futures)),score,-0.6115,0.6,0.0,0,-0.006291,-0.0,0.0008,-0.0008,0.066459
2022-05-09,500ETF,Future (IC88 (CSI 500 Futures)),score,1.06,0.6,1.0,1,-0.001711,-0.001711,0.0008,-0.002511,0.063948
2022-05-10,500ETF,Future (IC88 (CSI 500 Futures)),score,-0.0045,0.6,0.0,0,0.030099,0.0,0.0008,-0.0008,0.063148
2022-05-11,500ETF,Future (IC88 (CSI 500 Futures)),score,1.4286,0.6,1.0,1,-0.002567,-0.002567,0.0008,-0.003367,0.059781
2022-05-12,500ETF,Future (IC88 (CSI 500 Futures)),score,0.9505,0.6,1.0,1,0.000776,0.000776,0.0,0.000776,0.060557
2022-05-13,500ETF,Future (IC88 (CSI 500 Futures)),score,0.6205,0.6,1.0,1,0.001121,0.001121,0.0,0.001121,0.061678
2022-05-16,500ETF,Future (IC88 (CSI 500 Futures)),score,-0.2105,0.6,0.0,0,-0.00569,-0.0,0.0008,-0.0008,0.060878
2022-05-17,500ETF,Future (IC88 (CSI 500 Futures)),score,-0.832,0.6,0.0,0,0.005002,0.0,0.0,0.0,0.060878
2022-05-18,500ETF,Future (IC88 (CSI 500 Futures)),score,-0.4663,0.6,0.0,0,-0.002892,-0.0,0.0,-0.0,0.060878
2022-05-19,500ETF,Future (IC88 (CSI 500 Futures)),score,0.092,0.6,0.0,0,0.017183,0.0,0.0,0.0,0.060878
2022-05-20,500ETF,Future (IC88 (CSI 500 Futures)),score,1.258,0.6,1.0,1,0.002227,0.002227,0.0008,0.001427,0.062305
2022-05-23,500ETF,Future (IC88 (CSI 500 Futures)),score,-0.2104,0.6,0.0,0,0.003396,0.0,0.0008,-0.0008,0.061505
2022-05-24,500ETF,Future (IC88 (CSI 500 Futures)),score,-0.6413,0.6,0.0,0,-0.029223,-0.0,0.0,-0.0,0.061505
2022-05-25,500ETF,Future (IC88 (CSI 500 Futures)),score,0.9724,0.6,1.0,1,0.003178,0.003178,0.0008,0.002378,0.063883
2022-05-26,500ETF,Future (IC88 (CSI 500 Futures)),score,-0.8809,0.6,0.0,0,0.024312,0.0,0.0008,-0.0008,0.063083
2022-05-27,500ETF,Future (IC88 (CSI 500 Futures)),score,0.8169,0.6,1.0,1,-0.006596,-0.006596,0.0008,-0.007396,0.055687
2022-05-30,500ETF,Future (IC88 (CSI 500 Futures)),score,-0.6306,0.6,0.0,0,0.009516,0.0,0.0008,-0.0008,0.054887
2022-05-31,500ETF,Future (IC88 (CSI 500 Futures)),score,-0.9053,0.6,0.0,0,0.025436,0.0,0.0,0.0,0.054887
2022-06-01,500ETF,Future (IC88 (CSI 500 Futures)),score,0.3922,0.6,0.0,0,-0.003414,-0.0,0.0,-0.0,0.054887
2022-06-02,500ETF,Future (IC88 (CSI 500 Futures)),score,-0.3875,0.6,0.0,0,0.014275,0.0,0.0,0.0,0.054887
2022-06-06,500ETF,Future (IC88 (CSI 500 Futures)),score,0.6878,0.6,1.0,1,0.016757,0.016757,0.0008,0.015957,0.070843
2022-06-07,500ETF,Future (IC88 (CSI 500 Futures)),score,-0.1296,0.6,0.0,0,0.004423,0.0,0.0008,-0.0008,0.070043
2022-06-08,500ETF,Future (IC88 (CSI 500 Futures)),score,0.4525,0.6,0.0,0,-0.004465,-0.0,0.0,-0.0,0.070043
2022-06-09,500ETF,Future (IC88 (CSI 500 Futures)),score,-0.8461,0.6,0.0,0,-0.010478,-0.0,0.0,-0.0,0.070043
2022-06-10,500ETF,Future (IC88 (CSI 500 Futures)),score,0.5716,0.6,0.0,0,0.018835,0.0,0.0,0.0,0.070043
2022-06-13,500ETF,Future (IC88 (CSI 500 Futures)),score,0.4765,0.6,0.0,0,-0.005749,-0.0,0.0,-0.0,0.070043
2022-06-14,500ETF,Future (IC88 (CSI 500 Futures)),score,-0.7456,0.6,0.0,0,0.013187,0.0,0.0,0.0,0.070043
2022-06-15,500ETF,Future (IC88 (CSI 500 Futures)),score,1.0167,0.6,1.0,1,0.00692,0.00692,0.0008,0.00612,0.076163
2022-06-16,500ETF,Future (IC88 (CSI 500 Futures)),score,1.0743,0.6,1.0,1,-0.00542,-0.00542,0.0,-0.00542,0.070743
2022-06-17,500ETF,Future (IC88 (CSI 500 Futures)),score,0.7654,0.6,1.0,1,0.005993,0.005993,0.0,0.005993,0.076736
2022-06-20,500ETF,Future (IC88 (CSI 500 Futures)),score,0.4692,0.6,0.0,0,0.004084,0.0,0.0008,-0.0008,0.075936
2022-06-21,500ETF,Future (IC88 (CSI 500 Futures)),score,-0.5874,0.6,0.0,0,-0.008609,-0.0,0.0,-0.0,0.075936
2022-06-22,500ETF,Future (IC88 (CSI 500 Futures)),score,-0.8134,0.6,0.0,0,-0.015169,-0.0,0.0,-0.0,0.075936
2022-06-23,500ETF,Future (IC88 (CSI 500 Futures)),score,0.0369,0.6,0.0,0,0.023173,0.0,0.0,0.0,0.075936
2022-06-24,500ETF,Future (IC88 (CSI 500 Futures)),score,0.7642,0.6,1.0,1,0.004456,0.004456,0.0008,0.003656,0.079592
2022-06-27,500ETF,Future (IC88 (CSI 500 Futures)),score,0.6203,0.6,1.0,1,0.001191,0.001191,0.0,0.001191,0.080783
2022-06-28,500ETF,Future (IC88 (CSI 500 Futures)),score,-0.4794,0.6,0.0,0,0.014884,0.0,0.0008,-0.0008,0.079983
2022-06-29,500ETF,Future (IC88 (CSI 500 Futures)),score,-0.1381,0.6,0.0,0,-0.010856,-0.0,0.0,-0.0,0.079983
2022-06-30,500ETF,Future (IC88 (CSI 500 Futures)),score,1.2994,0.6,1.0,1,-0.002209,-0.002209,0.0008,-0.003009,0.076975
2022-07-01,500ETF,Future (IC88 (CSI 500 Futures)),score,-0.5218,0.6,0.0,0,-0.000467,-0.0,0.0008,-0.0008,0.076175
2022-07-04,500ETF,Future (IC88 (CSI 500 Futures)),score,-0.5818,0.6,0.0,0,0.005483,0.0,0.0,0.0,0.076175
2022-07-05,500ETF,Future (IC88 (CSI 500 Futures)),score,-0.1123,0.6,0.0,0,-0.006677,-0.0,0.0,-0.0,0.076175
2022-07-06,500ETF,Future (IC88 (CSI 500 Futures)),score,-0.6633,0.6,0.0,0,-0.014031,-0.0,0.0,-0.0,0.076175
2022-07-07,500ETF,Future (IC88 (CSI 500 Futures)),score,-0.6758,0.6,0.0,0,0.006799,0.0,0.0,0.0,0.076175
2022-07-08,500ETF,Future (IC88 (CSI 500 Futures)),score,-0.1761,0.6,0.0,0,-0.006323,-0.0,0.0,-0.0,0.076175
2022-07-11,500ETF,Future (IC88 (CSI 500 Futures)),score,-1.1619,0.6,-1.0,1,-0.000889,0.000889,0.0008,8.9e-05,0.076263
2022-07-12,500ETF,Future (IC88 (CSI 500 Futures)),score,-0.6215,0.6,0.0,0,-0.011627,-0.0,0.0008,-0.0008,0.075463
2022-07-13,500ETF,Future (IC88 (CSI 500 Futures)),score,0.2578,0.6,0.0,0,-0.001444,-0.0,0.0,-0.0,0.075463
2022-07-14,500ETF,Future (IC88 (CSI 500 Futures)),score,-0.2413,0.6,0.0,0,0.001687,0.0,0.0,0.0,0.075463
2022-07-15,500ETF,Future (IC88 (CSI 500 Futures)),score,0.1077,0.6,0.0,0,-0.010567,-0.0,0.0,-0.0,0.075463
2022-07-18,500ETF,Future (IC88 (CSI 500 Futures)),score,0.6331,0.6,1.0,1,0.00995,0.00995,0.0008,0.00915,0.084613
2022-07-19,500ETF,Future (IC88 (CSI 500 Futures)),score,-0.2745,0.6,0.0,0,0.00452,0.0,0.0008,-0.0008,0.083813
2022-07-20,500ETF,Future (IC88 (CSI 500 Futures)),score,1.1454,0.6,1.0,1,0.00129,0.00129,0.0008,0.00049,0.084303
2022-07-21,500ETF,Future (IC88 (CSI 500 Futures)),score,-0.4602,0.6,0.0,0,-0.003027,-0.0,0.0008,-0.0008,0.083503
2022-07-22,500ETF,Future (IC88 (CSI 500 Futures)),score,-0.0089,0.6,0.0,0,-0.007247,-0.0,0.0,-0.0,0.083503
2022-07-25,500ETF,Future (IC88 (CSI 500 Futures)),score,0.2183,0.6,0.0,0,-0.008311,-0.0,0.0,-0.0,0.083503
2022-07-26,500ETF,Future (IC88 (CSI 500 Futures)),score,-0.4648,0.6,0.0,0,0.009017,0.0,0.0,0.0,0.083503
2022-07-27,500ETF,Future (IC88 (CSI 500 Futures)),score,-0.5674,0.6,0.0,0,0.003535,0.0,0.0,0.0,0.083503
2022-07-28,500ETF,Future (IC88 (CSI 500 Futures)),score,-0.1381,0.6,0.0,0,-0.000411,-0.0,0.0,-0.0,0.083503
2022-07-29,500ETF,Future (IC88 (CSI 500 Futures)),score,-0.3413,0.6,0.0,0,-0.012636,-0.0,0.0,-0.0,0.083503
2022-08-01,500ETF,Future (IC88 (CSI 500 Futures)),score,-0.6409,0.6,0.0,0,0.003327,0.0,0.0,0.0,0.083503
2022-08-02,500ETF,Future (IC88 (CSI 500 Futures)),score,-1.4791,0.6,-1.0,1,-0.003597,0.003597,0.0008,0.002797,0.0863
2022-08-03,500ETF,Future (IC88 (CSI 500 Futures)),score,1.2723,0.6,1.0,1,-0.01287,-0.01287,0.0016,-0.01447,0.07183
2022-08-04,500ETF,Future (IC88 (CSI 500 Futures)),score,-0.0675,0.6,0.0,0,-0.004317,-0.0,0.0008,-0.0008,0.07103
2022-08-05,500ETF,Future (IC88 (CSI 500 Futures)),score,0.166,0.6,0.0,0,0.015007,0.0,0.0,0.0,0.07103
2022-08-08,500ETF,Future (IC88 (CSI 500 Futures)),score,-0.0345,0.6,0.0,0,0.006596,0.0,0.0,0.0,0.07103
2022-08-09,500ETF,Future (IC88 (CSI 500 Futures)),score,-0.7457,0.6,0.0,0,0.003739,0.0,0.0,0.0,0.07103
2022-08-10,500ETF,Future (IC88 (CSI 500 Futures)),score,0.4725,0.6,0.0,0,-0.007303,-0.0,0.0,-0.0,0.07103
2022-08-11,500ETF,Future (IC88 (CSI 500 Futures)),score,0.1452,0.6,0.0,0,0.012004,0.0,0.0,0.0,0.07103
2022-08-12,500ETF,Future (IC88 (CSI 500 Futures)),score,-0.2664,0.6,0.0,0,-0.001752,-0.0,0.0,-0.0,0.07103
2022-08-15,500ETF,Future (IC88 (CSI 500 Futures)),score,0.7028,0.6,1.0,1,-0.003709,-0.003709,0.0008,-0.004509,0.066521
2022-08-16,500ETF,Future (IC88 (CSI 500 Futures)),score,0.5755,0.6,0.0,0,-0.000405,-0.0,0.0008,-0.0008,0.065721
2022-08-17,500ETF,Future (IC88 (CSI 500 Futures)),score,-0.9148,0.6,0.0,0,0.010179,0.0,0.0,0.0,0.065721
2022-08-18,500ETF,Future (IC88 (CSI 500 Futures)),score,-0.6178,0.6,0.0,0,-0.003292,-0.0,0.0,-0.0,0.065721
2022-08-19,500ETF,Future (IC88 (CSI 500 Futures)),score,-0.403,0.6,0.0,0,-0.009001,-0.0,0.0,-0.0,0.065721
2022-08-22,500ETF,Future (IC88 (CSI 500 Futures)),score,0.0301,0.6,0.0,0,0.010045,0.0,0.0,0.0,0.065721
2022-08-23,500ETF,Future (IC88 (CSI 500 Futures)),score,-0.6087,0.6,0.0,0,0.00053,0.0,0.0,0.0,0.065721
2022-08-24,500ETF,Future (IC88 (CSI 500 Futures)),score,-0.8159,0.6,0.0,0,-0.021612,-0.0,0.0,-0.0,0.065721
2022-08-25,500ETF,Future (IC88 (CSI 500 Futures)),score,-0.0298,0.6,0.0,0,-0.001376,-0.0,0.0,-0.0,0.065721
2022-08-26,500ETF,Future (IC88 (CSI 500 Futures)),score,0.4229,0.6,0.0,0,-0.010687,-0.0,0.0,-0.0,0.065721
2022-08-29,500ETF,Future (IC88 (CSI 500 Futures)),score,0.3932,0.6,0.0,0,0.003545,0.0,0.0,0.0,0.065721
2022-08-30,500ETF,Future (IC88 (CSI 500 Futures)),score,-0.041,0.6,0.0,0,-0.001597,-0.0,0.0,-0.0,0.065721
2022-08-31,500ETF,Future (IC88 (CSI 500 Futures)),score,-0.5928,0.6,0.0,0,-0.009114,-0.0,0.0,-0.0,0.065721
2022-09-01,500ETF,Future (IC88 (CSI 500 Futures)),score,1.0624,0.6,1.0,1,-0.010892,-0.010892,0.0008,-0.011692,0.05403
2022-09-02,500ETF,Future (IC88 (CSI 500 Futures)),score,0.1674,0.6,0.0,0,-0.002379,-0.0,0.0008,-0.0008,0.05323
2022-09-05,500ETF,Future (IC88 (CSI 500 Futures)),score,0.0217,0.6,0.0,0,-0.002986,-0.0,0.0,-0.0,0.05323
2022-09-06,500ETF,Future (IC88 (CSI 500 Futures)),score,0.1331,0.6,0.0,0,0.009691,0.0,0.0,0.0,0.05323
2022-09-07,500ETF,Future (IC88 (CSI 500 Futures)),score,-0.3815,0.6,0.0,0,0.001911,0.0,0.0,0.0,0.05323
2022-09-08,500ETF,Future (IC88 (CSI 500 Futures)),score,-0.6299,0.6,0.0,0,-0.001657,-0.0,0.0,-0.0,0.05323
2022-09-09,500ETF,Future (IC88 (CSI 500 Futures)),score,0.0438,0.6,0.0,0,0.008255,0.0,0.0,0.0,0.05323
2022-09-13,500ETF,Future (IC88 (CSI 500 Futures)),score,-0.2378,0.6,0.0,0,-0.004094,-0.0,0.0,-0.0,0.05323
2022-09-14,500ETF,Future (IC88 (CSI 500 Futures)),score,-0.1064,0.6,0.0,0,-0.002079,-0.0,0.0,-0.0,0.05323
2022-09-15,500ETF,Future (IC88 (CSI 500 Futures)),score,-0.8216,0.6,0.0,0,-0.025787,-0.0,0.0,-0.0,0.05323
2022-09-16,500ETF,Future (IC88 (CSI 500 Futures)),score,-0.6629,0.6,0.0,0,-0.020398,-0.0,0.0,-0.0,0.05323
2022-09-19,500ETF,Future (IC88 (CSI 500 Futures)),score,-0.5058,0.6,0.0,0,-0.007425,-0.0,0.0,-0.0,0.05323
2022-09-20,500ETF,Future (IC88 (CSI 500 Futures)),score,0.6343,0.6,1.0,1,-0.006714,-0.006714,0.0008,-0.007514,0.045716
2022-09-21,500ETF,Future (IC88 (CSI 500 Futures)),score,-1.1011,0.6,-1.0,1,0.013428,-0.013428,0.0016,-0.015028,0.030687
2022-09-22,500ETF,Future (IC88 (CSI 500 Futures)),score,0.6346,0.6,1.0,1,-0.00775,-0.00775,0.0016,-0.00935,0.021337
2022-09-23,500ETF,Future (IC88 (CSI 500 Futures)),score,0.4509,0.6,0.0,0,-0.009244,-0.0,0.0008,-0.0008,0.020537
2022-09-26,500ETF,Future (IC88 (CSI 500 Futures)),score,-0.1869,0.6,0.0,0,-0.005529,-0.0,0.0,-0.0,0.020537
2022-09-27,500ETF,Future (IC88 (CSI 500 Futures)),score,0.8661,0.6,1.0,1,0.013841,0.013841,0.0008,0.013041,0.033578
2022-09-28,500ETF,Future (IC88 (CSI 500 Futures)),score,-1.0052,0.6,0.0,0,-0.007296,-0.0,0.0008,-0.0008,0.032778
2022-09-29,500ETF,Future (IC88 (CSI 500 Futures)),score,0.5034,0.6,0.0,0,-0.012614,-0.0,0.0,-0.0,0.032778
2022-09-30,500ETF,Future (IC88 (CSI 500 Futures)),score,0.7165,0.6,1.0,1,-0.005605,-0.005605,0.0008,-0.006405,0.026373
2022-10-10,500ETF,Future (IC88 (CSI 500 Futures)),score,-0.293,0.6,0.0,0,-0.023597,-0.0,0.0008,-0.0008,0.025573
2022-10-11,500ETF,Future (IC88 (CSI 500 Futures)),score,0.4591,0.6,0.0,0,0.003988,0.0,0.0,0.0,0.025573
2022-10-12,500ETF,Future (IC88 (CSI 500 Futures)),score,-0.9164,0.6,0.0,0,0.026334,0.0,0.0,0.0,0.025573
2022-10-13,500ETF,Future (IC88 (CSI 500 Futures)),score,0.7347,0.6,1.0,1,0.003257,0.003257,0.0008,0.002457,0.02803
2022-10-14,500ETF,Future (IC88 (CSI 500 Futures)),score,1.1345,0.6,1.0,1,0.010477,0.010477,0.0,0.010477,0.038507
2022-10-17,500ETF,Future (IC88 (CSI 500 Futures)),score,0.1988,0.6,0.0,0,0.011748,0.0,0.0008,-0.0008,0.037707
2022-10-18,500ETF,Future (IC88 (CSI 500 Futures)),score,-0.667,0.6,0.0,0,0.002159,0.0,0.0,0.0,0.037707
2022-10-19,500ETF,Future (IC88 (CSI 500 Futures)),score,-0.399,0.6,0.0,0,-0.004935,-0.0,0.0,-0.0,0.037707
2022-10-20,500ETF,Future (IC88 (CSI 500 Futures)),score,-0.6688,0.6,0.0,0,0.008876,0.0,0.0,0.0,0.037707
2022-10-21,500ETF,Future (IC88 (CSI 500 Futures)),score,0.4872,0.6,0.0,0,0.005395,0.0,0.0,0.0,0.037707
2022-10-24,500ETF,Future (IC88 (CSI 500 Futures)),score,1.2483,0.6,1.0,1,-0.016489,-0.016489,0.0008,-0.017289,0.020418
2022-10-25,500ETF,Future (IC88 (CSI 500 Futures)),score,-0.6721,0.6,0.0,0,0.001432,0.0,0.0008,-0.0008,0.019618
2022-10-26,500ETF,Future (IC88 (CSI 500 Futures)),score,1.2264,0.6,1.0,1,0.003701,0.003701,0.0008,0.002901,0.02252
2022-10-27,500ETF,Future (IC88 (CSI 500 Futures)),score,0.6709,0.6,1.0,1,-0.003304,-0.003304,0.0,-0.003304,0.019216
2022-10-28,500ETF,Future (IC88 (CSI 500 Futures)),score,-0.7786,0.6,0.0,0,-0.020445,-0.0,0.0008,-0.0008,0.018416
2022-10-31,500ETF,Future (IC88 (CSI 500 Futures)),score,0.5761,0.6,0.0,0,0.000172,0.0,0.0,0.0,0.018416
2022-11-01,500ETF,Future (IC88 (CSI 500 Futures)),score,0.5152,0.6,0.0,0,0.018629,0.0,0.0,0.0,0.018416
2022-11-02,500ETF,Future (IC88 (CSI 500 Futures)),score,0.884,0.6,1.0,1,0.004056,0.004056,0.0008,0.003256,0.021672
2022-11-03,500ETF,Future (IC88 (CSI 500 Futures)),score,0.4934,0.6,0.0,0,0.003844,0.0,0.0008,-0.0008,0.020872
2022-11-04,500ETF,Future (IC88 (CSI 500 Futures)),score,1.186,0.6,1.0,1,0.015065,0.015065,0.0008,0.014265,0.035137
2022-11-07,500ETF,Future (IC88 (CSI 500 Futures)),score,0.6959,0.6,1.0,1,0.000391,0.000391,0.0,0.000391,0.035528
2022-11-08,500ETF,Future (IC88 (CSI 500 Futures)),score,-0.8269,0.6,0.0,0,-0.000131,-0.0,0.0008,-0.0008,0.034728
2022-11-09,500ETF,Future (IC88 (CSI 500 Futures)),score,-0.3251,0.6,0.0,0,-0.002023,-0.0,0.0,-0.0,0.034728
2022-11-10,500ETF,Future (IC88 (CSI 500 Futures)),score,-0.2939,0.6,0.0,0,-0.000624,-0.0,0.0,-0.0,0.034728
2022-11-11,500ETF,Future (IC88 (CSI 500 Futures)),score,0.1172,0.6,0.0,0,-0.00451,-0.0,0.0,-0.0,0.034728
2022-11-14,500ETF,Future (IC88 (CSI 500 Futures)),score,0.9711,0.6,1.0,1,-0.013462,-0.013462,0.0008,-0.014262,0.020466
2022-11-15,500ETF,Future (IC88 (CSI 500 Futures)),score,0.5524,0.6,0.0,0,0.010893,0.0,0.0008,-0.0008,0.019666
2022-11-16,500ETF,Future (IC88 (CSI 500 Futures)),score,-0.2833,0.6,0.0,0,-0.005272,-0.0,0.0,-0.0,0.019666
2022-11-17,500ETF,Future (IC88 (CSI 500 Futures)),score,-0.8886,0.6,0.0,0,0.004294,0.0,0.0,0.0,0.019666
2022-11-18,500ETF,Future (IC88 (CSI 500 Futures)),score,0.0236,0.6,0.0,0,-0.001607,-0.0,0.0,-0.0,0.019666
2022-11-21,500ETF,Future (IC88 (CSI 500 Futures)),score,-0.8196,0.6,0.0,0,0.007996,0.0,0.0,0.0,0.019666
2022-11-22,500ETF,Future (IC88 (CSI 500 Futures)),score,-0.3784,0.6,0.0,0,-0.010867,-0.0,0.0,-0.0,0.019666
2022-11-23,500ETF,Future (IC88 (CSI 500 Futures)),score,-0.2442,0.6,0.0,0,0.002385,0.0,0.0,0.0,0.019666
2022-11-24,500ETF,Future (IC88 (CSI 500 Futures)),score,0.4922,0.6,0.0,0,-3.3e-05,-0.0,0.0,-0.0,0.019666
2022-11-25,500ETF,Future (IC88 (CSI 500 Futures)),score,-1.0106,0.6,0.0,0,0.004497,0.0,0.0,0.0,0.019666
2022-11-28,500ETF,Future (IC88 (CSI 500 Futures)),score,-0.6411,0.6,0.0,0,0.007945,0.0,0.0,0.0,0.019666
2022-11-29,500ETF,Future (IC88 (CSI 500 Futures)),score,1.1085,0.6,1.0,1,0.011282,0.011282,0.0008,0.010482,0.030148
2022-11-30,500ETF,Future (IC88 (CSI 500 Futures)),score,-0.021,0.6,0.0,0,-0.005063,-0.0,0.0008,-0.0008,0.029348
2022-12-01,500ETF,Future (IC88 (CSI 500 Futures)),score,0.1204,0.6,0.0,0,-0.003535,-0.0,0.0,-0.0,0.029348
2022-12-02,500ETF,Future (IC88 (CSI 500 Futures)),score,0.3694,0.6,0.0,0,-0.006771,-0.0,0.0,-0.0,0.029348
2022-12-05,500ETF,Future (IC88 (CSI 500 Futures)),score,-0.1125,0.6,0.0,0,0.003353,0.0,0.0,0.0,0.029348
2022-12-06,500ETF,Future (IC88 (CSI 500 Futures)),score,0.041,0.6,0.0,0,-0.000452,-0.0,0.0,-0.0,0.029348
2022-12-07,500ETF,Future (IC88 (CSI 500 Futures)),score,-0.4644,0.6,0.0,0,-0.002351,-0.0,0.0,-0.0,0.029348
2022-12-08,500ETF,Future (IC88 (CSI 500 Futures)),score,-0.8048,0.6,0.0,0,0.001582,0.0,0.0,0.0,0.029348
2022-12-09,500ETF,Future (IC88 (CSI 500 Futures)),score,-0.2308,0.6,0.0,0,0.008943,0.0,0.0,0.0,0.029348
2022-12-12,500ETF,Future (IC88 (CSI 500 Futures)),score,-1.0018,0.6,0.0,0,0.002371,0.0,0.0,0.0,0.029348
2022-12-13,500ETF,Future (IC88 (CSI 500 Futures)),score,-0.8886,0.6,0.0,0,0.0,0.0,0.0,0.0,0.029348
2022-12-14,500ETF,Future (IC88 (CSI 500 Futures)),score,0.1113,0.6,0.0,0,-0.006284,-0.0,0.0,-0.0,0.029348
2022-12-15,500ETF,Future (IC88 (CSI 500 Futures)),score,0.1174,0.6,0.0,0,0.000459,0.0,0.0,0.0,0.029348
2022-12-16,500ETF,Future (IC88 (CSI 500 Futures)),score,-0.4442,0.6,0.0,0,0.002109,0.0,0.0,0.0,0.029348
2022-12-19,500ETF,Future (IC88 (CSI 500 Futures)),score,-0.4649,0.6,0.0,0,-0.017214,-0.0,0.0,-0.0,0.029348
2022-12-20,500ETF,Future (IC88 (CSI 500 Futures)),score,-0.8015,0.6,0.0,0,-0.003449,-0.0,0.0,-0.0,0.029348
2022-12-21,500ETF,Future (IC88 (CSI 500 Futures)),score,-0.4322,0.6,0.0,0,-0.006979,-0.0,0.0,-0.0,0.029348
2022-12-22,500ETF,Future (IC88 (CSI 500 Futures)),score,-0.5316,0.6,0.0,0,-0.0176,-0.0,0.0,-0.0,0.029348
2022-12-23,500ETF,Future (IC88 (CSI 500 Futures)),score,0.0526,0.6,0.0,0,-0.004901,-0.0,0.0,-0.0,0.029348
2022-12-26,500ETF,Future (IC88 (CSI 500 Futures)),score,1.1448,0.6,1.0,1,0.002255,0.002255,0.0008,0.001455,0.030803
2022-12-27,500ETF,Future (IC88 (CSI 500 Futures)),score,-0.5624,0.6,0.0,0,0.008162,0.0,0.0008,-0.0008,0.030003
2022-12-28,500ETF,Future (IC88 (CSI 500 Futures)),score,-0.8339,0.6,0.0,0,0.002621,0.0,0.0,0.0,0.030003
2022-12-29,500ETF,Future (IC88 (CSI 500 Futures)),score,-0.327,0.6,0.0,0,0.005956,0.0,0.0,0.0,0.030003
2022-12-30,500ETF,Future (IC88 (CSI 500 Futures)),score,0.2402,0.6,0.0,0,-0.003263,-0.0,0.0,-0.0,0.030003
2023-01-03,500ETF,Future (IC88 (CSI 500 Futures)),score,-0.0933,0.6,0.0,0,0.016405,0.0,0.0,0.0,0.030003
2023-01-04,500ETF,Future (IC88 (CSI 500 Futures)),score,-0.2647,0.6,0.0,0,-0.000436,-0.0,0.0,-0.0,0.030003
2023-01-05,500ETF,Future (IC88 (CSI 500 Futures)),score,0.3728,0.6,0.0,0,0.002957,0.0,0.0,0.0,0.030003
2023-01-06,500ETF,Future (IC88 (CSI 500 Futures)),score,0.1577,0.6,0.0,0,-0.001061,-0.0,0.0,-0.0,0.030003
2023-01-09,500ETF,Future (IC88 (CSI 500 Futures)),score,0.6198,0.6,1.0,1,-0.001914,-0.001914,0.0008,-0.002714,0.027289
2023-01-10,500ETF,Future (IC88 (CSI 500 Futures)),score,-0.7251,0.6,0.0,0,0.002579,0.0,0.0008,-0.0008,0.026489
2023-01-11,500ETF,Future (IC88 (CSI 500 Futures)),score,-0.6002,0.6,0.0,0,-0.004736,-0.0,0.0,-0.0,0.026489
2023-01-12,500ETF,Future (IC88 (CSI 500 Futures)),score,0.3484,0.6,0.0,0,-0.004568,-0.0,0.0,-0.0,0.026489
2023-01-13,500ETF,Future (IC88 (CSI 500 Futures)),score,-0.282,0.6,0.0,0,0.004656,0.0,0.0,0.0,0.026489
2023-01-16,500ETF,Future (IC88 (CSI 500 Futures)),score,1.2117,0.6,1.0,1,0.001173,0.001173,0.0008,0.000373,0.026862
2023-01-17,500ETF,Future (IC88 (CSI 500 Futures)),score,-0.1557,0.6,0.0,0,0.00039,0.0,0.0008,-0.0008,0.026062
2023-01-18,500ETF,Future (IC88 (CSI 500 Futures)),score,0.3224,0.6,0.0,0,0.001363,0.0,0.0,0.0,0.026062
2023-01-19,500ETF,Future (IC88 (CSI 500 Futures)),score,-0.6745,0.6,0.0,0,0.010547,0.0,0.0,0.0,0.026062
2023-01-20,500ETF,Future (IC88 (CSI 500 Futures)),score,0.8411,0.6,1.0,1,-0.000669,-0.000669,0.0008,-0.001469,0.024593
2023-01-30,500ETF,Future (IC88 (CSI 500 Futures)),score,0.2446,0.6,0.0,0,-0.010147,-0.0,0.0008,-0.0008,0.023793
2023-01-31,500ETF,Future (IC88 (CSI 500 Futures)),score,0.5646,0.6,0.0,0,-0.000349,-0.0,0.0,-0.0,0.023793
2023-02-01,500ETF,Future (IC88 (CSI 500 Futures)),score,0.8733,0.6,1.0,1,0.003427,0.003427,0.0008,0.002627,0.02642
2023-02-02,500ETF,Future (IC88 (CSI 500 Futures)),score,-0.6428,0.6,0.0,0,-0.001002,-0.0,0.0008,-0.0008,0.02562
2023-02-03,500ETF,Future (IC88 (CSI 500 Futures)),score,-0.9736,0.6,0.0,0,0.005214,0.0,0.0,0.0,0.02562
2023-02-06,500ETF,Future (IC88 (CSI 500 Futures)),score,-0.6763,0.6,0.0,0,-0.004247,-0.0,0.0,-0.0,0.02562
2023-02-07,500ETF,Future (IC88 (CSI 500 Futures)),score,-0.0594,0.6,0.0,0,0.001523,0.0,0.0,0.0,0.02562
2023-02-08,500ETF,Future (IC88 (CSI 500 Futures)),score,-0.6011,0.6,0.0,0,-0.005863,-0.0,0.0,-0.0,0.02562
2023-02-09,500ETF,Future (IC88 (CSI 500 Futures)),score,0.8118,0.6,1.0,1,0.009098,0.009098,0.0008,0.008298,0.033918
2023-02-10,500ETF,Future (IC88 (CSI 500 Futures)),score,0.0351,0.6,0.0,0,-0.003656,-0.0,0.0008,-0.0008,0.033118
2023-02-13,500ETF,Future (IC88 (CSI 500 Futures)),score,1.0004,0.6,1.0,1,-0.002982,-0.002982,0.0008,-0.003782,0.029336
2023-02-14,500ETF,Future (IC88 (CSI 500 Futures)),score,0.1852,0.6,0.0,0,-0.001537,-0.0,0.0008,-0.0008,0.028536
2023-02-15,500ETF,Future (IC88 (CSI 500 Futures)),score,-0.3191,0.6,0.0,0,-0.000691,-0.0,0.0,-0.0,0.028536
2023-02-16,500ETF,Future (IC88 (CSI 500 Futures)),score,0.2401,0.6,0.0,0,-0.01648,-0.0,0.0,-0.0,0.028536
2023-02-17,500ETF,Future (IC88 (CSI 500 Futures)),score,0.1766,0.6,0.0,0,-0.006113,-0.0,0.0,-0.0,0.028536
2023-02-20,500ETF,Future (IC88 (CSI 500 Futures)),score,-0.0948,0.6,0.0,0,0.012532,0.0,0.0,0.0,0.028536
2023-02-21,500ETF,Future (IC88 (CSI 500 Futures)),score,0.9787,0.6,1.0,1,-0.003521,-0.003521,0.0008,-0.004321,0.024214
2023-02-22,500ETF,Future (IC88 (CSI 500 Futures)),score,-0.054,0.6,0.0,0,0.001797,0.0,0.0008,-0.0008,0.023414
2023-02-23,500ETF,Future (IC88 (CSI 500 Futures)),score,0.4277,0.6,0.0,0,-0.006422,-0.0,0.0,-0.0,0.023414
2023-02-24,500ETF,Future (IC88 (CSI 500 Futures)),score,-0.5593,0.6,0.0,0,-0.004166,-0.0,0.0,-0.0,0.023414
2023-02-27,500ETF,Future (IC88 (CSI 500 Futures)),score,-0.3326,0.6,0.0,0,-0.005497,-0.0,0.0,-0.0,0.023414
2023-02-28,500ETF,Future (IC88 (CSI 500 Futures)),score,0.4413,0.6,0.0,0,0.002211,0.0,0.0,0.0,0.023414
2023-03-01,500ETF,Future (IC88 (CSI 500 Futures)),score,-0.4062,0.6,0.0,0,0.003984,0.0,0.0,0.0,0.023414
2023-03-02,500ETF,Future (IC88 (CSI 500 Futures)),score,-0.3986,0.6,0.0,0,-0.004511,-0.0,0.0,-0.0,0.023414
2023-03-03,500ETF,Future (IC88 (CSI 500 Futures)),score,0.0772,0.6,0.0,0,-0.001128,-0.0,0.0,-0.0,0.023414
2023-03-06,500ETF,Future (IC88 (CSI 500 Futures)),score,-0.5749,0.6,0.0,0,0.000346,0.0,0.0,0.0,0.023414
2023-03-07,500ETF,Future (IC88 (CSI 500 Futures)),score,-0.3903,0.6,0.0,0,-0.009234,-0.0,0.0,-0.0,0.023414
2023-03-08,500ETF,Future (IC88 (CSI 500 Futures)),score,0.457,0.6,0.0,0,0.001178,0.0,0.0,0.0,0.023414
2023-03-09,500ETF,Future (IC88 (CSI 500 Futures)),score,-0.7256,0.6,0.0,0,-0.000446,-0.0,0.0,-0.0,0.023414
2023-03-10,500ETF,Future (IC88 (CSI 500 Futures)),score,-0.7573,0.6,0.0,0,-0.000386,-0.0,0.0,-0.0,0.023414
2023-03-13,500ETF,Future (IC88 (CSI 500 Futures)),score,0.7307,0.6,1.0,1,0.004994,0.004994,0.0008,0.004194,0.027608
2023-03-14,500ETF,Future (IC88 (CSI 500 Futures)),score,-0.6438,0.6,0.0,0,-0.004156,-0.0,0.0008,-0.0008,0.026808
2023-03-15,500ETF,Future (IC88 (CSI 500 Futures)),score,1.1326,0.6,1.0,1,-0.004554,-0.004554,0.0008,-0.005354,0.021454
2023-03-16,500ETF,Future (IC88 (CSI 500 Futures)),score,-0.4287,0.6,0.0,0,-0.006239,-0.0,0.0008,-0.0008,0.020654
2023-03-17,500ETF,Future (IC88 (CSI 500 Futures)),score,1.0396,0.6,1.0,1,-0.00469,-0.00469,0.0008,-0.00549,0.015164
2023-03-20,500ETF,Future (IC88 (CSI 500 Futures)),score,-0.7725,0.6,0.0,0,-0.00172,-0.0,0.0008,-0.0008,0.014364
2023-03-21,500ETF,Future (IC88 (CSI 500 Futures)),score,0.8613,0.6,1.0,1,0.000675,0.000675,0.0008,-0.000125,0.014239
2023-03-22,500ETF,Future (IC88 (CSI 500 Futures)),score,0.5325,0.6,0.0,0,0.000224,0.0,0.0008,-0.0008,0.013439
2023-03-23,500ETF,Future (IC88 (CSI 500 Futures)),score,0.2229,0.6,0.0,0,0.005225,0.0,0.0,0.0,0.013439
2023-03-24,500ETF,Future (IC88 (CSI 500 Futures)),score,-0.5842,0.6,0.0,0,0.000984,0.0,0.0,0.0,0.013439
2023-03-27,500ETF,Future (IC88 (CSI 500 Futures)),score,-0.0904,0.6,0.0,0,0.000698,0.0,0.0,0.0,0.013439
2023-03-28,500ETF,Future (IC88 (CSI 500 Futures)),score,-0.4468,0.6,0.0,0,0.001465,0.0,0.0,0.0,0.013439
2023-03-29,500ETF,Future (IC88 (CSI 500 Futures)),score,-0.5091,0.6,0.0,0,-0.000191,-0.0,0.0,-0.0,0.013439
2023-03-30,500ETF,Future (IC88 (CSI 500 Futures)),score,-0.6446,0.6,0.0,0,0.003957,0.0,0.0,0.0,0.013439
2023-03-31,500ETF,Future (IC88 (CSI 500 Futures)),score,0.7494,0.6,1.0,1,0.001137,0.001137,0.0008,0.000337,0.013776
2023-04-03,500ETF,Future (IC88 (CSI 500 Futures)),score,0.9915,0.6,1.0,1,0.004246,0.004246,0.0,0.004246,0.018022
2023-04-04,500ETF,Future (IC88 (CSI 500 Futures)),score,-0.2384,0.6,0.0,0,-0.001155,-0.0,0.0008,-0.0008,0.017222
2023-04-06,500ETF,Future (IC88 (CSI 500 Futures)),score,0.332,0.6,0.0,0,-0.000125,-0.0,0.0,-0.0,0.017222
2023-04-07,500ETF,Future (IC88 (CSI 500 Futures)),score,0.8384,0.6,1.0,1,0.00372,0.00372,0.0008,0.00292,0.020142
2023-04-10,500ETF,Future (IC88 (CSI 500 Futures)),score,-0.6113,0.6,0.0,0,-0.006118,-0.0,0.0008,-0.0008,0.019342
2023-04-11,500ETF,Future (IC88 (CSI 500 Futures)),score,-0.5716,0.6,0.0,0,-0.000966,-0.0,0.0,-0.0,0.019342
2023-04-12,500ETF,Future (IC88 (CSI 500 Futures)),score,0.3994,0.6,0.0,0,0.001897,0.0,0.0,0.0,0.019342
2023-04-13,500ETF,Future (IC88 (CSI 500 Futures)),score,-0.4213,0.6,0.0,0,-0.003988,-0.0,0.0,-0.0,0.019342
2023-04-14,500ETF,Future (IC88 (CSI 500 Futures)),score,0.5089,0.6,0.0,0,-0.00028,-0.0,0.0,-0.0,0.019342
2023-04-17,500ETF,Future (IC88 (CSI 500 Futures)),score,0.5925,0.6,0.0,0,0.00242,0.0,0.0,0.0,0.019342
2023-04-18,500ETF,Future (IC88 (CSI 500 Futures)),score,-0.6169,0.6,0.0,0,0.002237,0.0,0.0,0.0,0.019342
2023-04-19,500ETF,Future (IC88 (CSI 500 Futures)),score,-0.0726,0.6,0.0,0,-0.005663,-0.0,0.0,-0.0,0.019342
2023-04-20,500ETF,Future (IC88 (CSI 500 Futures)),score,-0.6378,0.6,0.0,0,0.000594,0.0,0.0,0.0,0.019342
2023-04-21,500ETF,Future (IC88 (CSI 500 Futures)),score,-0.8515,0.6,0.0,0,-0.019036,-0.0,0.0,-0.0,0.019342
2023-04-24,500ETF,Future (IC88 (CSI 500 Futures)),score,-0.6837,0.6,0.0,0,-0.005672,-0.0,0.0,-0.0,0.019342
2023-04-25,500ETF,Future (IC88 (CSI 500 Futures)),score,-0.9128,0.6,0.0,0,-0.008937,-0.0,0.0,-0.0,0.019342
2023-04-26,500ETF,Future (IC88 (CSI 500 Futures)),score,1.0679,0.6,1.0,1,-0.002671,-0.002671,0.0008,-0.003471,0.015871
2023-04-27,500ETF,Future (IC88 (CSI 500 Futures)),score,0.4143,0.6,0.0,0,0.002115,0.0,0.0008,-0.0008,0.015071
2023-04-28,500ETF,Future (IC88 (CSI 500 Futures)),score,1.0653,0.6,1.0,1,0.003569,0.003569,0.0008,0.002769,0.017841
2023-05-04,500ETF,Future (IC88 (CSI 500 Futures)),score,0.5342,0.6,0.0,0,-0.000353,-0.0,0.0008,-0.0008,0.017041
2023-05-05,500ETF,Future (IC88 (CSI 500 Futures)),score,-0.9696,0.6,0.0,0,-0.005242,-0.0,0.0,-0.0,0.017041
2023-05-08,500ETF,Future (IC88 (CSI 500 Futures)),score,0.4138,0.6,0.0,0,0.00548,0.0,0.0,0.0,0.017041
2023-05-09,500ETF,Future (IC88 (CSI 500 Futures)),score,-0.5725,0.6,0.0,0,-0.004457,-0.0,0.0,-0.0,0.017041
2023-05-10,500ETF,Future (IC88 (CSI 500 Futures)),score,0.0919,0.6,0.0,0,-0.003382,-0.0,0.0,-0.0,0.017041
2023-05-11,500ETF,Future (IC88 (CSI 500 Futures)),score,-0.4694,0.6,0.0,0,-0.003387,-0.0,0.0,-0.0,0.017041
2023-05-12,500ETF,Future (IC88 (CSI 500 Futures)),score,0.5359,0.6,0.0,0,-0.011616,-0.0,0.0,-0.0,0.017041
2023-05-15,500ETF,Future (IC88 (CSI 500 Futures)),score,-0.5725,0.6,0.0,0,0.009995,0.0,0.0,0.0,0.017041
2023-05-16,500ETF,Future (IC88 (CSI 500 Futures)),score,-0.8366,0.6,0.0,0,-0.005441,-0.0,0.0,-0.0,0.017041
2023-05-17,500ETF,Future (IC88 (CSI 500 Futures)),score,-0.0628,0.6,0.0,0,-0.001641,-0.0,0.0,-0.0,0.017041
2023-05-18,500ETF,Future (IC88 (CSI 500 Futures)),score,0.2776,0.6,0.0,0,-0.001506,-0.0,0.0,-0.0,0.017041
2023-05-19,500ETF,Future (IC88 (CSI 500 Futures)),score,-0.8854,0.6,0.0,0,0.004233,0.0,0.0,0.0,0.017041
2023-05-22,500ETF,Future (IC88 (CSI 500 Futures)),score,-0.3366,0.6,0.0,0,0.001115,0.0,0.0,0.0,0.017041
2023-05-23,500ETF,Future (IC88 (CSI 500 Futures)),score,-0.78,0.6,0.0,0,-0.003065,-0.0,0.0,-0.0,0.017041
2023-05-24,500ETF,Future (IC88 (CSI 500 Futures)),score,-0.957,0.6,0.0,0,0.003802,0.0,0.0,0.0,0.017041
2023-05-25,500ETF,Future (IC88 (CSI 500 Futures)),score,0.5123,0.6,0.0,0,-0.008372,-0.0,0.0,-0.0,0.017041
2023-05-26,500ETF,Future (IC88 (CSI 500 Futures)),score,-0.8876,0.6,0.0,0,0.013716,0.0,0.0,0.0,0.017041
2023-05-29,500ETF,Future (IC88 (CSI 500 Futures)),score,0.0211,0.6,0.0,0,-0.00558,-0.0,0.0,-0.0,0.017041
2023-05-30,500ETF,Future (IC88 (CSI 500 Futures)),score,-0.4627,0.6,0.0,0,0.006803,0.0,0.0,0.0,0.017041
2023-05-31,500ETF,Future (IC88 (CSI 500 Futures)),score,-0.3134,0.6,0.0,0,-0.002588,-0.0,0.0,-0.0,0.017041
2023-06-01,500ETF,Future (IC88 (CSI 500 Futures)),score,-0.0001,0.6,0.0,0,-0.004724,-0.0,0.0,-0.0,0.017041
2023-06-02,500ETF,Future (IC88 (CSI 500 Futures)),score,0.8568,0.6,1.0,1,0.002494,0.002494,0.0008,0.001694,0.018734
2023-06-05,500ETF,Future (IC88 (CSI 500 Futures)),score,-0.5867,0.6,0.0,0,-0.00023,-0.0,0.0008,-0.0008,0.017934
2023-06-06,500ETF,Future (IC88 (CSI 500 Futures)),score,-0.9063,0.6,0.0,0,-0.011323,-0.0,0.0,-0.0,0.017934
2023-06-07,500ETF,Future (IC88 (CSI 500 Futures)),score,0.1619,0.6,0.0,0,-0.006049,-0.0,0.0,-0.0,0.017934
2023-06-08,500ETF,Future (IC88 (CSI 500 Futures)),score,-0.8588,0.6,0.0,0,0.001614,0.0,0.0,0.0,0.017934
2023-06-09,500ETF,Future (IC88 (CSI 500 Futures)),score,0.0242,0.6,0.0,0,0.004136,0.0,0.0,0.0,0.017934
2023-06-12,500ETF,Future (IC88 (CSI 500 Futures)),score,-0.5379,0.6,0.0,0,0.002425,0.0,0.0,0.0,0.017934
2023-06-13,500ETF,Future (IC88 (CSI 500 Futures)),score,0.0498,0.6,0.0,0,0.003546,0.0,0.0,0.0,0.017934
2023-06-14,500ETF,Future (IC88 (CSI 500 Futures)),score,0.0894,0.6,0.0,0,-0.000926,-0.0,0.0,-0.0,0.017934
2023-06-15,500ETF,Future (IC88 (CSI 500 Futures)),score,0.287,0.6,0.0,0,0.005594,0.0,0.0,0.0,0.017934
2023-06-16,500ETF,Future (IC88 (CSI 500 Futures)),score,0.4762,0.6,0.0,0,0.005361,0.0,0.0,0.0,0.017934
2023-06-19,500ETF,Future (IC88 (CSI 500 Futures)),score,-0.8131,0.6,0.0,0,-0.002321,-0.0,0.0,-0.0,0.017934
2023-06-20,500ETF,Future (IC88 (CSI 500 Futures)),score,-0.4712,0.6,0.0,0,0.000131,0.0,0.0,0.0,0.017934
2023-06-21,500ETF,Future (IC88 (CSI 500 Futures)),score,-1.0209,0.6,0.0,0,-0.008362,-0.0,0.0,-0.0,0.017934
2023-06-26,500ETF,Future (IC88 (CSI 500 Futures)),score,-0.2925,0.6,0.0,0,-0.005291,-0.0,0.0,-0.0,0.017934
2023-06-27,500ETF,Future (IC88 (CSI 500 Futures)),score,0.8594,0.6,1.0,1,0.002603,0.002603,0.0008,0.001803,0.019737
2023-06-28,500ETF,Future (IC88 (CSI 500 Futures)),score,-1.1041,0.6,-1.0,1,0.009067,-0.009067,0.0016,-0.010667,0.00907
2023-06-29,500ETF,Future (IC88 (CSI 500 Futures)),score,0.2986,0.6,0.0,0,-0.000169,-0.0,0.0008,-0.0008,0.00827
2023-06-30,500ETF,Future (IC88 (CSI 500 Futures)),score,0.8899,0.6,1.0,1,0.005461,0.005461,0.0008,0.004661,0.012931
2023-07-03,500ETF,Future (IC88 (CSI 500 Futures)),score,0.7257,0.6,1.0,1,0.002462,0.002462,0.0,0.002462,0.015393
2023-07-04,500ETF,Future (IC88 (CSI 500 Futures)),score,-0.6603,0.6,0.0,0,0.001692,0.0,0.0008,-0.0008,0.014593
2023-07-05,500ETF,Future (IC88 (CSI 500 Futures)),score,-0.6851,0.6,0.0,0,-0.003258,-0.0,0.0,-0.0,0.014593
2023-07-06,500ETF,Future (IC88 (CSI 500 Futures)),score,-0.4026,0.6,0.0,0,-0.009206,-0.0,0.0,-0.0,0.014593
2023-07-07,500ETF,Future (IC88 (CSI 500 Futures)),score,-0.8088,0.6,0.0,0,0.002962,0.0,0.0,0.0,0.014593
2023-07-10,500ETF,Future (IC88 (CSI 500 Futures)),score,0.2429,0.6,0.0,0,-0.003819,-0.0,0.0,-0.0,0.014593
2023-07-11,500ETF,Future (IC88 (CSI 500 Futures)),score,-0.5153,0.6,0.0,0,0.007869,0.0,0.0,0.0,0.014593
2023-07-12,500ETF,Future (IC88 (CSI 500 Futures)),score,-0.4853,0.6,0.0,0,-0.006175,-0.0,0.0,-0.0,0.014593
2023-07-13,500ETF,Future (IC88 (CSI 500 Futures)),score,1.1645,0.6,1.0,1,0.003149,0.003149,0.0008,0.002349,0.016942
2023-07-14,500ETF,Future (IC88 (CSI 500 Futures)),score,-0.6485,0.6,0.0,0,-0.002517,-0.0,0.0008,-0.0008,0.016142
2023-07-17,500ETF,Future (IC88 (CSI 500 Futures)),score,-0.8045,0.6,0.0,0,-0.000767,-0.0,0.0,-0.0,0.016142
2023-07-18,500ETF,Future (IC88 (CSI 500 Futures)),score,-0.6727,0.6,0.0,0,0.001301,0.0,0.0,0.0,0.016142
2023-07-19,500ETF,Future (IC88 (CSI 500 Futures)),score,0.2942,0.6,0.0,0,-0.003337,-0.0,0.0,-0.0,0.016142
2023-07-20,500ETF,Future (IC88 (CSI 500 Futures)),score,-0.2236,0.6,0.0,0,-0.008932,-0.0,0.0,-0.0,0.016142
2023-07-21,500ETF,Future (IC88 (CSI 500 Futures)),score,0.0109,0.6,0.0,0,-0.001551,-0.0,0.0,-0.0,0.016142
2023-07-24,500ETF,Future (IC88 (CSI 500 Futures)),score,-0.3688,0.6,0.0,0,-0.002059,-0.0,0.0,-0.0,0.016142
2023-07-25,500ETF,Future (IC88 (CSI 500 Futures)),score,0.8588,0.6,1.0,1,0.002631,0.002631,0.0008,0.001831,0.017974
2023-07-26,500ETF,Future (IC88 (CSI 500 Futures)),score,-0.7224,0.6,0.0,0,-0.003198,-0.0,0.0008,-0.0008,0.017174
2023-07-27,500ETF,Future (IC88 (CSI 500 Futures)),score,0.1881,0.6,0.0,0,-0.008791,-0.0,0.0,-0.0,0.017174
2023-07-28,500ETF,Future (IC88 (CSI 500 Futures)),score,-0.3637,0.6,0.0,0,0.018159,0.0,0.0,0.0,0.017174
2023-07-31,500ETF,Future (IC88 (CSI 500 Futures)),score,1.2449,0.6,1.0,1,-0.004979,-0.004979,0.0008,-0.005779,0.011395
2023-08-01,500ETF,Future (IC88 (CSI 500 Futures)),score,0.1446,0.6,0.0,0,-0.001866,-0.0,0.0008,-0.0008,0.010595
2023-08-02,500ETF,Future (IC88 (CSI 500 Futures)),score,0.1124,0.6,0.0,0,-0.00644,-0.0,0.0,-0.0,0.010595
2023-08-03,500ETF,Future (IC88 (CSI 500 Futures)),score,-0.1958,0.6,0.0,0,0.003259,0.0,0.0,0.0,0.010595
2023-08-04,500ETF,Future (IC88 (CSI 500 Futures)),score,0.9273,0.6,1.0,1,-0.001597,-0.001597,0.0008,-0.002397,0.008199
2023-08-07,500ETF,Future (IC88 (CSI 500 Futures)),score,-0.952,0.6,0.0,0,-0.000885,-0.0,0.0008,-0.0008,0.007399
2023-08-08,500ETF,Future (IC88 (CSI 500 Futures)),score,-1.0054,0.6,0.0,0,0.003554,0.0,0.0,0.0,0.007399
2023-08-09,500ETF,Future (IC88 (CSI 500 Futures)),score,-0.0554,0.6,0.0,0,-0.005843,-0.0,0.0,-0.0,0.007399
2023-08-10,500ETF,Future (IC88 (CSI 500 Futures)),score,0.1861,0.6,0.0,0,-3.3e-05,-0.0,0.0,-0.0,0.007399
2023-08-11,500ETF,Future (IC88 (CSI 500 Futures)),score,-0.9566,0.6,0.0,0,-0.011559,-0.0,0.0,-0.0,0.007399
2023-08-14,500ETF,Future (IC88 (CSI 500 Futures)),score,-0.5942,0.6,0.0,0,0.007059,0.0,0.0,0.0,0.007399
2023-08-15,500ETF,Future (IC88 (CSI 500 Futures)),score,-0.5808,0.6,0.0,0,-0.002921,-0.0,0.0,-0.0,0.007399
2023-08-16,500ETF,Future (IC88 (CSI 500 Futures)),score,-0.2278,0.6,0.0,0,-0.003411,-0.0,0.0,-0.0,0.007399
2023-08-17,500ETF,Future (IC88 (CSI 500 Futures)),score,-0.6808,0.6,0.0,0,0.012387,0.0,0.0,0.0,0.007399
2023-08-18,500ETF,Future (IC88 (CSI 500 Futures)),score,-0.0931,0.6,0.0,0,-0.012911,-0.0,0.0,-0.0,0.007399
2023-08-21,500ETF,Future (IC88 (CSI 500 Futures)),score,0.4234,0.6,0.0,0,-0.008478,-0.0,0.0,-0.0,0.007399
2023-08-22,500ETF,Future (IC88 (CSI 500 Futures)),score,-0.0282,0.6,0.0,0,0.006077,0.0,0.0,0.0,0.007399
2023-08-23,500ETF,Future (IC88 (CSI 500 Futures)),score,-1.096,0.6,0.0,0,-0.009718,-0.0,0.0,-0.0,0.007399
2023-08-24,500ETF,Future (IC88 (CSI 500 Futures)),score,-0.1817,0.6,0.0,0,0.004921,0.0,0.0,0.0,0.007399
2023-08-25,500ETF,Future (IC88 (CSI 500 Futures)),score,-0.3953,0.6,0.0,0,-0.01568,-0.0,0.0,-0.0,0.007399
2023-08-28,500ETF,Future (IC88 (CSI 500 Futures)),score,-0.4075,0.6,0.0,0,-0.02292,-0.0,0.0,-0.0,0.007399
2023-08-29,500ETF,Future (IC88 (CSI 500 Futures)),score,1.072,0.6,1.0,1,0.013467,0.013467,0.0008,0.012667,0.020065
2023-08-30,500ETF,Future (IC88 (CSI 500 Futures)),score,0.9233,0.6,1.0,1,-0.007032,-0.007032,0.0,-0.007032,0.013033
2023-08-31,500ETF,Future (IC88 (CSI 500 Futures)),score,-0.5027,0.6,0.0,0,-0.002399,-0.0,0.0008,-0.0008,0.012233
2023-09-01,500ETF,Future (IC88 (CSI 500 Futures)),score,0.1923,0.6,0.0,0,-0.002191,-0.0,0.0,-0.0,0.012233
2023-09-04,500ETF,Future (IC88 (CSI 500 Futures)),score,-0.0945,0.6,0.0,0,0.007485,0.0,0.0,0.0,0.012233
2023-09-05,500ETF,Future (IC88 (CSI 500 Futures)),score,-0.6056,0.6,0.0,0,-0.004004,-0.0,0.0,-0.0,0.012233
2023-09-06,500ETF,Future (IC88 (CSI 500 Futures)),score,-0.8994,0.6,0.0,0,0.00688,0.0,0.0,0.0,0.012233
2023-09-07,500ETF,Future (IC88 (CSI 500 Futures)),score,-0.9494,0.6,0.0,0,-0.010061,-0.0,0.0,-0.0,0.012233
2023-09-08,500ETF,Future (IC88 (CSI 500 Futures)),score,0.4287,0.6,0.0,0,0.00186,0.0,0.0,0.0,0.012233
2023-09-11,500ETF,Future (IC88 (CSI 500 Futures)),score,0.4137,0.6,0.0,0,0.008178,0.0,0.0,0.0,0.012233
2023-09-12,500ETF,Future (IC88 (CSI 500 Futures)),score,-0.4237,0.6,0.0,0,0.001283,0.0,0.0,0.0,0.012233
2023-09-13,500ETF,Future (IC88 (CSI 500 Futures)),score,-0.4393,0.6,0.0,0,-0.0102,-0.0,0.0,-0.0,0.012233
2023-09-14,500ETF,Future (IC88 (CSI 500 Futures)),score,-0.4624,0.6,0.0,0,-0.00021,-0.0,0.0,-0.0,0.012233
2023-09-15,500ETF,Future (IC88 (CSI 500 Futures)),score,-0.7184,0.6,0.0,0,-0.000914,-0.0,0.0,-0.0,0.012233
2023-09-18,500ETF,Future (IC88 (CSI 500 Futures)),score,-0.4612,0.6,0.0,0,0.005417,0.0,0.0,0.0,0.012233
2023-09-19,500ETF,Future (IC88 (CSI 500 Futures)),score,-0.9471,0.6,0.0,0,0.002844,0.0,0.0,0.0,0.012233
2023-09-20,500ETF,Future (IC88 (CSI 500 Futures)),score,-0.1446,0.6,0.0,0,-0.004328,-0.0,0.0,-0.0,0.012233
2023-09-21,500ETF,Future (IC88 (CSI 500 Futures)),score,0.5411,0.6,0.0,0,-0.00656,-0.0,0.0,-0.0,0.012233
2023-09-22,500ETF,Future (IC88 (CSI 500 Futures)),score,0.1039,0.6,0.0,0,0.014513,0.0,0.0,0.0,0.012233
2023-09-25,500ETF,Future (IC88 (CSI 500 Futures)),score,-0.5738,0.6,0.0,0,-0.001302,-0.0,0.0,-0.0,0.012233
2023-09-26,500ETF,Future (IC88 (CSI 500 Futures)),score,-0.0357,0.6,0.0,0,-7.1e-05,-0.0,0.0,-0.0,0.012233
2023-09-27,500ETF,Future (IC88 (CSI 500 Futures)),score,1.1244,0.6,1.0,1,-0.00231,-0.00231,0.0008,-0.00311,0.009123
2023-09-28,500ETF,Future (IC88 (CSI 500 Futures)),score,0.4739,0.6,0.0,0,-0.004242,-0.0,0.0008,-0.0008,0.008323
2023-10-09,500ETF,Future (IC88 (CSI 500 Futures)),score,-0.9402,0.6,0.0,0,-0.001024,-0.0,0.0,-0.0,0.008323
2023-10-10,500ETF,Future (IC88 (CSI 500 Futures)),score,0.0309,0.6,0.0,0,-0.004251,-0.0,0.0,-0.0,0.008323
2023-10-11,500ETF,Future (IC88 (CSI 500 Futures)),score,0.3614,0.6,0.0,0,-0.008964,-0.0,0.0,-0.0,0.008323
2023-10-12,500ETF,Future (IC88 (CSI 500 Futures)),score,0.4342,0.6,0.0,0,0.001977,0.0,0.0,0.0,0.008323
2023-10-13,500ETF,Future (IC88 (CSI 500 Futures)),score,-0.8636,0.6,0.0,0,3.6e-05,0.0,0.0,0.0,0.008323
2023-10-16,500ETF,Future (IC88 (CSI 500 Futures)),score,-0.9539,0.6,0.0,0,-0.004303,-0.0,0.0,-0.0,0.008323
2023-10-17,500ETF,Future (IC88 (CSI 500 Futures)),score,-0.6304,0.6,0.0,0,0.002474,0.0,0.0,0.0,0.008323
2023-10-18,500ETF,Future (IC88 (CSI 500 Futures)),score,-1.1479,0.6,-1.0,1,-0.002312,0.002312,0.0008,0.001512,0.009835
2023-10-19,500ETF,Future (IC88 (CSI 500 Futures)),score,0.2053,0.6,0.0,0,-0.00743,-0.0,0.0008,-0.0008,0.009035
2023-10-20,500ETF,Future (IC88 (CSI 500 Futures)),score,0.3553,0.6,0.0,0,-0.003786,-0.0,0.0,-0.0,0.009035
2023-10-23,500ETF,Future (IC88 (CSI 500 Futures)),score,-1.0801,0.6,0.0,0,-0.015574,-0.0,0.0,-0.0,0.009035
2023-10-24,500ETF,Future (IC88 (CSI 500 Futures)),score,-0.1566,0.6,0.0,0,0.010372,0.0,0.0,0.0,0.009035
2023-10-25,500ETF,Future (IC88 (CSI 500 Futures)),score,1.157,0.6,1.0,1,-0.008326,-0.008326,0.0008,-0.009126,-9.1e-05
2023-10-26,500ETF,Future (IC88 (CSI 500 Futures)),score,-0.5309,0.6,0.0,0,0.007686,0.0,0.0008,-0.0008,-0.000891
2023-10-27,500ETF,Future (IC88 (CSI 500 Futures)),score,0.7675,0.6,1.0,1,0.018066,0.018066,0.0008,0.017266,0.016375
2023-10-30,500ETF,Future (IC88 (CSI 500 Futures)),score,0.8165,0.6,1.0,1,0.00641,0.00641,0.0,0.00641,0.022785
2023-10-31,500ETF,Future (IC88 (CSI 500 Futures)),score,-0.5205,0.6,0.0,0,-0.000507,-0.0,0.0008,-0.0008,0.021985
2023-11-01,500ETF,Future (IC88 (CSI 500 Futures)),score,-0.565,0.6,0.0,0,-0.000801,-0.0,0.0,-0.0,0.021985
2023-11-02,500ETF,Future (IC88 (CSI 500 Futures)),score,0.1721,0.6,0.0,0,-0.004311,-0.0,0.0,-0.0,0.021985
2023-11-03,500ETF,Future (IC88 (CSI 500 Futures)),score,0.9196,0.6,1.0,1,0.003602,0.003602,0.0008,0.002802,0.024788
2023-11-06,500ETF,Future (IC88 (CSI 500 Futures)),score,0.9864,0.6,1.0,1,0.004774,0.004774,0.0,0.004774,0.029561
2023-11-07,500ETF,Future (IC88 (CSI 500 Futures)),score,-0.2991,0.6,0.0,0,0.005469,0.0,0.0008,-0.0008,0.028761
2023-11-08,500ETF,Future (IC88 (CSI 500 Futures)),score,-0.2229,0.6,0.0,0,-0.003862,-0.0,0.0,-0.0,0.028761
2023-11-09,500ETF,Future (IC88 (CSI 500 Futures)),score,0.8317,0.6,1.0,1,-0.004189,-0.004189,0.0008,-0.004989,0.023773
2023-11-10,500ETF,Future (IC88 (CSI 500 Futures)),score,-0.7996,0.6,0.0,0,0.001512,0.0,0.0008,-0.0008,0.022973
2023-11-13,500ETF,Future (IC88 (CSI 500 Futures)),score,-0.3161,0.6,0.0,0,0.003238,0.0,0.0,0.0,0.022973
2023-11-14,500ETF,Future (IC88 (CSI 500 Futures)),score,0.9231,0.6,1.0,1,-0.003357,-0.003357,0.0008,-0.004157,0.018816
2023-11-15,500ETF,Future (IC88 (CSI 500 Futures)),score,-0.1223,0.6,0.0,0,-0.003057,-0.0,0.0008,-0.0008,0.018016
2023-11-16,500ETF,Future (IC88 (CSI 500 Futures)),score,-0.5354,0.6,0.0,0,-0.003569,-0.0,0.0,-0.0,0.018016
2023-11-17,500ETF,Future (IC88 (CSI 500 Futures)),score,0.2913,0.6,0.0,0,0.003258,0.0,0.0,0.0,0.018016
2023-11-20,500ETF,Future (IC88 (CSI 500 Futures)),score,-0.7162,0.6,0.0,0,0.011901,0.0,0.0,0.0,0.018016
2023-11-21,500ETF,Future (IC88 (CSI 500 Futures)),score,0.8319,0.6,1.0,1,-0.009362,-0.009362,0.0008,-0.010162,0.007854
2023-11-22,500ETF,Future (IC88 (CSI 500 Futures)),score,0.0304,0.6,0.0,0,-0.00755,-0.0,0.0008,-0.0008,0.007054
2023-11-23,500ETF,Future (IC88 (CSI 500 Futures)),score,-0.2908,0.6,0.0,0,0.012676,0.0,0.0,0.0,0.007054
2023-11-24,500ETF,Future (IC88 (CSI 500 Futures)),score,-0.9548,0.6,0.0,0,-0.002123,-0.0,0.0,-0.0,0.007054
2023-11-27,500ETF,Future (IC88 (CSI 500 Futures)),score,-0.6626,0.6,0.0,0,0.004557,0.0,0.0,0.0,0.007054
2023-11-28,500ETF,Future (IC88 (CSI 500 Futures)),score,-0.8091,0.6,0.0,0,0.003312,0.0,0.0,0.0,0.007054
2023-11-29,500ETF,Future (IC88 (CSI 500 Futures)),score,-0.54,0.6,0.0,0,-0.004259,-0.0,0.0,-0.0,0.007054
2023-11-30,500ETF,Future (IC88 (CSI 500 Futures)),score,-0.569,0.6,0.0,0,7.3e-05,0.0,0.0,0.0,0.007054
2023-12-01,500ETF,Future (IC88 (CSI 500 Futures)),score,-0.728,0.6,0.0,0,0.005695,0.0,0.0,0.0,0.007054
2023-12-04,500ETF,Future (IC88 (CSI 500 Futures)),score,-0.3583,0.6,0.0,0,-0.005381,-0.0,0.0,-0.0,0.007054
2023-12-05,500ETF,Future (IC88 (CSI 500 Futures)),score,-0.9801,0.6,0.0,0,-0.002816,-0.0,0.0,-0.0,0.007054
2023-12-06,500ETF,Future (IC88 (CSI 500 Futures)),score,0.6804,0.6,1.0,1,0.002821,0.002821,0.0008,0.002021,0.009075
2023-12-07,500ETF,Future (IC88 (CSI 500 Futures)),score,-0.8292,0.6,0.0,0,0.008719,0.0,0.0008,-0.0008,0.008275
2023-12-08,500ETF,Future (IC88 (CSI 500 Futures)),score,0.3267,0.6,0.0,0,0.003498,0.0,0.0,0.0,0.008275
2023-12-11,500ETF,Future (IC88 (CSI 500 Futures)),score,-1.0157,0.6,0.0,0,0.021671,0.0,0.0,0.0,0.008275
2023-12-12,500ETF,Future (IC88 (CSI 500 Futures)),score,-0.0341,0.6,0.0,0,0.002913,0.0,0.0,0.0,0.008275
2023-12-13,500ETF,Future (IC88 (CSI 500 Futures)),score,-0.7027,0.6,0.0,0,-0.005125,-0.0,0.0,-0.0,0.008275
2023-12-14,500ETF,Future (IC88 (CSI 500 Futures)),score,0.7786,0.6,1.0,1,-0.008403,-0.008403,0.0008,-0.009203,-0.000928
2023-12-15,500ETF,Future (IC88 (CSI 500 Futures)),score,-0.0618,0.6,0.0,0,-0.009471,-0.0,0.0008,-0.0008,-0.001728
2023-12-18,500ETF,Future (IC88 (CSI 500 Futures)),score,-0.42,0.6,0.0,0,-0.008142,-0.0,0.0,-0.0,-0.001728
2023-12-19,500ETF,Future (IC88 (CSI 500 Futures)),score,-0.4751,0.6,0.0,0,-0.003099,-0.0,0.0,-0.0,-0.001728
2023-12-20,500ETF,Future (IC88 (CSI 500 Futures)),score,-0.606,0.6,0.0,0,-0.009019,-0.0,0.0,-0.0,-0.001728
2023-12-21,500ETF,Future (IC88 (CSI 500 Futures)),score,0.0006,0.6,0.0,0,0.009898,0.0,0.0,0.0,-0.001728
2023-12-22,500ETF,Future (IC88 (CSI 500 Futures)),score,-1.0069,0.6,0.0,0,0.002675,0.0,0.0,0.0,-0.001728
2023-12-25,500ETF,Future (IC88 (CSI 500 Futures)),score,0.8113,0.6,1.0,1,-0.001278,-0.001278,0.0008,-0.002078,-0.003806
2023-12-26,500ETF,Future (IC88 (CSI 500 Futures)),score,-0.8653,0.6,0.0,0,-0.004472,-0.0,0.0008,-0.0008,-0.004606
2023-12-27,500ETF,Future (IC88 (CSI 500 Futures)),score,-0.6052,0.6,0.0,0,0.007962,0.0,0.0,0.0,-0.004606
2023-12-28,500ETF,Future (IC88 (CSI 500 Futures)),score,0.7472,0.6,1.0,1,0.011958,0.011958,0.0008,0.011158,0.006552
2023-12-29,500ETF,Future (IC88 (CSI 500 Futures)),score,0.9961,0.6,1.0,1,7.4e-05,7.4e-05,0.0,7.4e-05,0.006626
2024-01-02,500ETF,Future (IC88 (CSI 500 Futures)),score,-0.6035,0.6,0.0,0,-0.000517,-0.0,0.0008,-0.0008,0.005826
2024-01-03,500ETF,Future (IC88 (CSI 500 Futures)),score,0.768,0.6,1.0,1,-0.003258,-0.003258,0.0008,-0.004058,0.001767
2024-01-04,500ETF,Future (IC88 (CSI 500 Futures)),score,-0.9731,0.6,0.0,0,-0.003439,-0.0,0.0008,-0.0008,0.000967
2024-01-05,500ETF,Future (IC88 (CSI 500 Futures)),score,0.4692,0.6,0.0,0,-0.015381,-0.0,0.0,-0.0,0.000967
2024-01-08,500ETF,Future (IC88 (CSI 500 Futures)),score,-1.0283,0.6,0.0,0,-0.015159,-0.0,0.0,-0.0,0.000967
2024-01-09,500ETF,Future (IC88 (CSI 500 Futures)),score,-0.0133,0.6,0.0,0,-0.001393,-0.0,0.0,-0.0,0.000967
2024-01-10,500ETF,Future (IC88 (CSI 500 Futures)),score,-0.8685,0.6,0.0,0,-0.002445,-0.0,0.0,-0.0,0.000967
2024-01-11,500ETF,Future (IC88 (CSI 500 Futures)),score,0.5361,0.6,0.0,0,0.010583,0.0,0.0,0.0,0.000967
2024-01-12,500ETF,Future (IC88 (CSI 500 Futures)),score,0.7224,0.6,1.0,1,-0.0028,-0.0028,0.0008,-0.0036,-0.002633
2024-01-15,500ETF,Future (IC88 (CSI 500 Futures)),score,-0.6304,0.6,0.0,0,0.001234,0.0,0.0008,-0.0008,-0.003433
2024-01-16,500ETF,Future (IC88 (CSI 500 Futures)),score,-0.2137,0.6,0.0,0,-0.007781,-0.0,0.0,-0.0,-0.003433
2024-01-17,500ETF,Future (IC88 (CSI 500 Futures)),score,-0.8723,0.6,0.0,0,-0.012271,-0.0,0.0,-0.0,-0.003433
2024-01-18,500ETF,Future (IC88 (CSI 500 Futures)),score,-0.91,0.6,0.0,0,-0.004122,-0.0,0.0,-0.0,-0.003433
2024-01-19,500ETF,Future (IC88 (CSI 500 Futures)),score,0.4613,0.6,0.0,0,-0.006064,-0.0,0.0,-0.0,-0.003433
2024-01-22,500ETF,Future (IC88 (CSI 500 Futures)),score,-1.101,0.6,-1.0,1,-0.04369,0.04369,0.0008,0.04289,0.039457
2024-01-23,500ETF,Future (IC88 (CSI 500 Futures)),score,-0.2213,0.6,0.0,0,0.020643,0.0,0.0008,-0.0008,0.038657
2024-01-24,500ETF,Future (IC88 (CSI 500 Futures)),score,0.648,0.6,1.0,1,0.006524,0.006524,0.0008,0.005724,0.044381
2024-01-25,500ETF,Future (IC88 (CSI 500 Futures)),score,0.5511,0.6,0.0,0,0.026965,0.0,0.0008,-0.0008,0.043581
2024-01-26,500ETF,Future (IC88 (CSI 500 Futures)),score,0.1437,0.6,0.0,0,-0.005797,-0.0,0.0,-0.0,0.043581
2024-01-29,500ETF,Future (IC88 (CSI 500 Futures)),score,-0.5303,0.6,0.0,0,-0.006498,-0.0,0.0,-0.0,0.043581
2024-01-30,500ETF,Future (IC88 (CSI 500 Futures)),score,0.2353,0.6,0.0,0,-0.020036,-0.0,0.0,-0.0,0.043581
2024-01-31,500ETF,Future (IC88 (CSI 500 Futures)),score,0.5528,0.6,0.0,0,-0.008509,-0.0,0.0,-0.0,0.043581
2024-02-01,500ETF,Future (IC88 (CSI 500 Futures)),score,0.171,0.6,0.0,0,0.012445,0.0,0.0,0.0,0.043581
2024-02-02,500ETF,Future (IC88 (CSI 500 Futures)),score,0.927,0.6,1.0,1,-0.030357,-0.030357,0.0008,-0.031157,0.012424
2024-02-05,500ETF,Future (IC88 (CSI 500 Futures)),score,-1.4977,0.6,-1.0,1,0.029852,-0.029852,0.0016,-0.031452,-0.019028
2024-02-06,500ETF,Future (IC88 (CSI 500 Futures)),score,1.4241,0.6,1.0,1,0.053901,0.053901,0.0016,0.052301,0.033273
2024-02-07,500ETF,Future (IC88 (CSI 500 Futures)),score,1.6573,0.6,1.0,1,0.006049,0.006049,0.0,0.006049,0.039322
2024-02-08,500ETF,Future (IC88 (CSI 500 Futures)),score,1.5932,0.6,1.0,1,-0.03343,-0.03343,0.0,-0.03343,0.005892
2024-02-19,500ETF,Future (IC88 (CSI 500 Futures)),score,-0.7479,0.6,0.0,0,-0.009449,-0.0,0.0008,-0.0008,0.005092
2024-02-20,500ETF,Future (IC88 (CSI 500 Futures)),score,-0.615,0.6,0.0,0,0.008847,0.0,0.0,0.0,0.005092
2024-02-21,500ETF,Future (IC88 (CSI 500 Futures)),score,0.0469,0.6,0.0,0,0.008049,0.0,0.0,0.0,0.005092
2024-02-22,500ETF,Future (IC88 (CSI 500 Futures)),score,1.1259,0.6,1.0,1,-0.001126,-0.001126,0.0008,-0.001926,0.003166
2024-02-23,500ETF,Future (IC88 (CSI 500 Futures)),score,-0.5999,0.6,0.0,0,0.007712,0.0,0.0008,-0.0008,0.002366
2024-02-26,500ETF,Future (IC88 (CSI 500 Futures)),score,0.2127,0.6,0.0,0,0.004787,0.0,0.0,0.0,0.002366
2024-02-27,500ETF,Future (IC88 (CSI 500 Futures)),score,0.3582,0.6,0.0,0,0.020078,0.0,0.0,0.0,0.002366
2024-02-28,500ETF,Future (IC88 (CSI 500 Futures)),score,1.2415,0.6,1.0,1,-0.01724,-0.01724,0.0008,-0.01804,-0.015674
2024-02-29,500ETF,Future (IC88 (CSI 500 Futures)),score,1.3985,0.6,1.0,1,0.011934,0.011934,0.0,0.011934,-0.00374
2024-03-01,500ETF,Future (IC88 (CSI 500 Futures)),score,0.3784,0.6,0.0,0,0.003284,0.0,0.0008,-0.0008,-0.00454
2024-03-04,500ETF,Future (IC88 (CSI 500 Futures)),score,-0.3219,0.6,0.0,0,0.004098,0.0,0.0,0.0,-0.00454
2024-03-05,500ETF,Future (IC88 (CSI 500 Futures)),score,0.0823,0.6,0.0,0,-0.003097,-0.0,0.0,-0.0,-0.00454
2024-03-06,500ETF,Future (IC88 (CSI 500 Futures)),score,-0.2583,0.6,0.0,0,0.005886,0.0,0.0,0.0,-0.00454
2024-03-07,500ETF,Future (IC88 (CSI 500 Futures)),score,0.8442,0.6,1.0,1,-0.0149,-0.0149,0.0008,-0.0157,-0.02024
2024-03-08,500ETF,Future (IC88 (CSI 500 Futures)),score,0.937,0.6,1.0,1,0.008139,0.008139,0.0,0.008139,-0.0121
2024-03-11,500ETF,Future (IC88 (CSI 500 Futures)),score,0.6034,0.6,1.0,1,0.011688,0.011688,0.0,0.011688,-0.000412
2024-03-12,500ETF,Future (IC88 (CSI 500 Futures)),score,0.6206,0.6,1.0,1,-0.009251,-0.009251,0.0,-0.009251,-0.009663
2024-03-13,500ETF,Future (IC88 (CSI 500 Futures)),score,-0.7776,0.6,0.0,0,0.000222,0.0,0.0008,-0.0008,-0.010463
2024-03-14,500ETF,Future (IC88 (CSI 500 Futures)),score,0.8886,0.6,1.0,1,-0.008859,-0.008859,0.0008,-0.009659,-0.020122
2024-03-15,500ETF,Future (IC88 (CSI 500 Futures)),score,-0.0715,0.6,0.0,0,0.013115,0.0,0.0008,-0.0008,-0.020922
2024-03-18,500ETF,Future (IC88 (CSI 500 Futures)),score,0.355,0.6,0.0,0,0.00601,0.0,0.0,0.0,-0.020922
2024-03-19,500ETF,Future (IC88 (CSI 500 Futures)),score,-0.4699,0.6,0.0,0,-0.006951,-0.0,0.0,-0.0,-0.020922
2024-03-20,500ETF,Future (IC88 (CSI 500 Futures)),score,0.5597,0.6,0.0,0,-0.000693,-0.0,0.0,-0.0,-0.020922
2024-03-21,500ETF,Future (IC88 (CSI 500 Futures)),score,0.0414,0.6,0.0,0,-0.004953,-0.0,0.0,-0.0,-0.020922
2024-03-22,500ETF,Future (IC88 (CSI 500 Futures)),score,-0.915,0.6,0.0,0,-0.004786,-0.0,0.0,-0.0,-0.020922
2024-03-25,500ETF,Future (IC88 (CSI 500 Futures)),score,-0.8374,0.6,0.0,0,-0.002475,-0.0,0.0,-0.0,-0.020922
2024-03-26,500ETF,Future (IC88 (CSI 500 Futures)),score,0.6426,0.6,1.0,1,-0.00367,-0.00367,0.0008,-0.00447,-0.025392
2024-03-27,500ETF,Future (IC88 (CSI 500 Futures)),score,-1.0468,0.6,0.0,0,-0.007479,-0.0,0.0008,-0.0008,-0.026192
2024-03-28,500ETF,Future (IC88 (CSI 500 Futures)),score,1.0158,0.6,1.0,1,0.00239,0.00239,0.0008,0.00159,-0.024601
2024-03-29,500ETF,Future (IC88 (CSI 500 Futures)),score,0.7492,0.6,1.0,1,0.005787,0.005787,0.0,0.005787,-0.018814
2024-04-01,500ETF,Future (IC88 (CSI 500 Futures)),score,1.3451,0.6,1.0,1,0.00479,0.00479,0.0,0.00479,-0.014024
2024-04-02,500ETF,Future (IC88 (CSI 500 Futures)),score,-0.4985,0.6,0.0,0,-0.003795,-0.0,0.0008,-0.0008,-0.014824
2024-04-03,500ETF,Future (IC88 (CSI 500 Futures)),score,-0.4605,0.6,0.0,0,0.001455,0.0,0.0,0.0,-0.014824
2024-04-08,500ETF,Future (IC88 (CSI 500 Futures)),score,-0.5408,0.6,0.0,0,-0.007031,-0.0,0.0,-0.0,-0.014824
2024-04-09,500ETF,Future (IC88 (CSI 500 Futures)),score,0.5609,0.6,0.0,0,0.006856,0.0,0.0,0.0,-0.014824
2024-04-10,500ETF,Future (IC88 (CSI 500 Futures)),score,-0.8995,0.6,0.0,0,-0.005177,-0.0,0.0,-0.0,-0.014824
2024-04-11,500ETF,Future (IC88 (CSI 500 Futures)),score,0.4598,0.6,0.0,0,0.006803,0.0,0.0,0.0,-0.014824
2024-04-12,500ETF,Future (IC88 (CSI 500 Futures)),score,0.137,0.6,0.0,0,-0.002949,-0.0,0.0,-0.0,-0.014824
2024-04-15,500ETF,Future (IC88 (CSI 500 Futures)),score,0.7691,0.6,1.0,1,0.007232,0.007232,0.0008,0.006432,-0.008392
2024-04-16,500ETF,Future (IC88 (CSI 500 Futures)),score,0.1806,0.6,0.0,0,-0.014603,-0.0,0.0008,-0.0008,-0.009192
2024-04-17,500ETF,Future (IC88 (CSI 500 Futures)),score,1.4349,0.6,1.0,1,0.00588,0.00588,0.0008,0.00508,-0.004112
2024-04-18,500ETF,Future (IC88 (CSI 500 Futures)),score,-0.6498,0.6,0.0,0,0.006243,0.0,0.0008,-0.0008,-0.004912
2024-04-19,500ETF,Future (IC88 (CSI 500 Futures)),score,0.7954,0.6,1.0,1,-0.010887,-0.010887,0.0008,-0.011687,-0.016599
2024-04-22,500ETF,Future (IC88 (CSI 500 Futures)),score,-0.1583,0.6,0.0,0,-0.012527,-0.0,0.0008,-0.0008,-0.017399
2024-04-23,500ETF,Future (IC88 (CSI 500 Futures)),score,-0.0714,0.6,0.0,0,-0.003455,-0.0,0.0,-0.0,-0.017399
2024-04-24,500ETF,Future (IC88 (CSI 500 Futures)),score,-0.5719,0.6,0.0,0,0.009642,0.0,0.0,0.0,-0.017399
2024-04-25,500ETF,Future (IC88 (CSI 500 Futures)),score,-0.6104,0.6,0.0,0,0.002022,0.0,0.0,0.0,-0.017399
2024-04-26,500ETF,Future (IC88 (CSI 500 Futures)),score,1.1578,0.6,1.0,1,0.018297,0.018297,0.0008,0.017497,9.7e-05
2024-04-29,500ETF,Future (IC88 (CSI 500 Futures)),score,1.1226,0.6,1.0,1,0.01413,0.01413,0.0,0.01413,0.014227
2024-04-30,500ETF,Future (IC88 (CSI 500 Futures)),score,-0.633,0.6,0.0,0,-0.002124,-0.0,0.0008,-0.0008,0.013427
2024-05-06,500ETF,Future (IC88 (CSI 500 Futures)),score,0.6067,0.6,1.0,1,-0.000799,-0.000799,0.0008,-0.001599,0.011828
2024-05-07,500ETF,Future (IC88 (CSI 500 Futures)),score,-0.0664,0.6,0.0,0,-0.005023,-0.0,0.0008,-0.0008,0.011028
2024-05-08,500ETF,Future (IC88 (CSI 500 Futures)),score,-0.9763,0.6,0.0,0,-0.006289,-0.0,0.0,-0.0,0.011028
2024-05-09,500ETF,Future (IC88 (CSI 500 Futures)),score,1.4326,0.6,1.0,1,0.002431,0.002431,0.0008,0.001631,0.012659
2024-05-10,500ETF,Future (IC88 (CSI 500 Futures)),score,-0.783,0.6,0.0,0,0.006677,0.0,0.0008,-0.0008,0.011859
2024-05-13,500ETF,Future (IC88 (CSI 500 Futures)),score,-1.0813,0.6,0.0,0,0.001103,0.0,0.0,0.0,0.011859
2024-05-14,500ETF,Future (IC88 (CSI 500 Futures)),score,0.7228,0.6,1.0,1,0.000293,0.000293,0.0008,-0.000507,0.011352
2024-05-15,500ETF,Future (IC88 (CSI 500 Futures)),score,-0.8188,0.6,0.0,0,-0.004639,-0.0,0.0008,-0.0008,0.010552
2024-05-16,500ETF,Future (IC88 (CSI 500 Futures)),score,0.239,0.6,0.0,0,-0.010337,-0.0,0.0,-0.0,0.010552
2024-05-17,500ETF,Future (IC88 (CSI 500 Futures)),score,0.3923,0.6,0.0,0,0.001734,0.0,0.0,0.0,0.010552
2024-05-20,500ETF,Future (IC88 (CSI 500 Futures)),score,0.6217,0.6,1.0,1,-0.003062,-0.003062,0.0008,-0.003862,0.00669
2024-05-21,500ETF,Future (IC88 (CSI 500 Futures)),score,-0.6896,0.6,0.0,0,-0.001434,-0.0,0.0008,-0.0008,0.00589
2024-05-22,500ETF,Future (IC88 (CSI 500 Futures)),score,-0.1639,0.6,0.0,0,-0.002392,-0.0,0.0,-0.0,0.00589
2024-05-23,500ETF,Future (IC88 (CSI 500 Futures)),score,-1.1267,0.6,-1.0,1,-0.007162,0.007162,0.0008,0.006362,0.012252
2024-05-24,500ETF,Future (IC88 (CSI 500 Futures)),score,1.0567,0.6,1.0,1,-0.010983,-0.010983,0.0016,-0.012583,-0.000331
2024-05-27,500ETF,Future (IC88 (CSI 500 Futures)),score,-0.3802,0.6,0.0,0,0.00921,0.0,0.0008,-0.0008,-0.001131
2024-05-28,500ETF,Future (IC88 (CSI 500 Futures)),score,-0.914,0.6,0.0,0,-0.006052,-0.0,0.0,-0.0,-0.001131
2024-05-29,500ETF,Future (IC88 (CSI 500 Futures)),score,1.0724,0.6,1.0,1,-0.005493,-0.005493,0.0008,-0.006293,-0.007424
2024-05-30,500ETF,Future (IC88 (CSI 500 Futures)),score,0.3303,0.6,0.0,0,-0.007015,-0.0,0.0008,-0.0008,-0.008224
2024-05-31,500ETF,Future (IC88 (CSI 500 Futures)),score,0.8733,0.6,1.0,1,-0.008394,-0.008394,0.0008,-0.009194,-0.017418
2024-06-03,500ETF,Future (IC88 (CSI 500 Futures)),score,-0.8143,0.6,0.0,0,-0.013936,-0.0,0.0008,-0.0008,-0.018218
2024-06-04,500ETF,Future (IC88 (CSI 500 Futures)),score,0.1237,0.6,0.0,0,0.012552,0.0,0.0,0.0,-0.018218
2024-06-05,500ETF,Future (IC88 (CSI 500 Futures)),score,-0.0509,0.6,0.0,0,-0.00904,-0.0,0.0,-0.0,-0.018218
2024-06-06,500ETF,Future (IC88 (CSI 500 Futures)),score,0.2062,0.6,0.0,0,-0.013349,-0.0,0.0,-0.0,-0.018218
2024-06-07,500ETF,Future (IC88 (CSI 500 Futures)),score,-0.0832,0.6,0.0,0,-0.004422,-0.0,0.0,-0.0,-0.018218
2024-06-11,500ETF,Future (IC88 (CSI 500 Futures)),score,-0.9087,0.6,0.0,0,0.009429,0.0,0.0,0.0,-0.018218
2024-06-12,500ETF,Future (IC88 (CSI 500 Futures)),score,0.5148,0.6,0.0,0,-0.000651,-0.0,0.0,-0.0,-0.018218
2024-06-13,500ETF,Future (IC88 (CSI 500 Futures)),score,-0.8091,0.6,0.0,0,-0.005752,-0.0,0.0,-0.0,-0.018218
2024-06-14,500ETF,Future (IC88 (CSI 500 Futures)),score,-0.4641,0.6,0.0,0,0.009789,0.0,0.0,0.0,-0.018218
2024-06-17,500ETF,Future (IC88 (CSI 500 Futures)),score,0.5137,0.6,0.0,0,-0.003111,-0.0,0.0,-0.0,-0.018218
2024-06-18,500ETF,Future (IC88 (CSI 500 Futures)),score,0.3186,0.6,0.0,0,-0.001264,-0.0,0.0,-0.0,-0.018218
2024-06-19,500ETF,Future (IC88 (CSI 500 Futures)),score,-0.9909,0.6,0.0,0,-0.005983,-0.0,0.0,-0.0,-0.018218
2024-06-20,500ETF,Future (IC88 (CSI 500 Futures)),score,0.3376,0.6,0.0,0,-0.01153,-0.0,0.0,-0.0,-0.018218
2024-06-21,500ETF,Future (IC88 (CSI 500 Futures)),score,0.2846,0.6,0.0,0,-0.001339,-0.0,0.0,-0.0,-0.018218
2024-06-24,500ETF,Future (IC88 (CSI 500 Futures)),score,-0.8253,0.6,0.0,0,-0.008317,-0.0,0.0,-0.0,-0.018218
2024-06-25,500ETF,Future (IC88 (CSI 500 Futures)),score,-0.0604,0.6,0.0,0,-0.010148,-0.0,0.0,-0.0,-0.018218
2024-06-26,500ETF,Future (IC88 (CSI 500 Futures)),score,-0.6825,0.6,0.0,0,0.019591,0.0,0.0,0.0,-0.018218
2024-06-27,500ETF,Future (IC88 (CSI 500 Futures)),score,-0.9651,0.6,0.0,0,-0.00585,-0.0,0.0,-0.0,-0.018218
2024-06-28,500ETF,Future (IC88 (CSI 500 Futures)),score,1.3269,0.6,1.0,1,-0.012861,-0.012861,0.0008,-0.013661,-0.031879
2024-07-01,500ETF,Future (IC88 (CSI 500 Futures)),score,0.506,0.6,0.0,0,0.007753,0.0,0.0008,-0.0008,-0.032679
2024-07-02,500ETF,Future (IC88 (CSI 500 Futures)),score,-0.6711,0.6,0.0,0,-0.008844,-0.0,0.0,-0.0,-0.032679
2024-07-03,500ETF,Future (IC88 (CSI 500 Futures)),score,-0.5805,0.6,0.0,0,-0.004611,-0.0,0.0,-0.0,-0.032679
2024-07-04,500ETF,Future (IC88 (CSI 500 Futures)),score,0.3101,0.6,0.0,0,-0.013128,-0.0,0.0,-0.0,-0.032679
2024-07-05,500ETF,Future (IC88 (CSI 500 Futures)),score,-0.8315,0.6,0.0,0,0.010276,0.0,0.0,0.0,-0.032679
2024-07-08,500ETF,Future (IC88 (CSI 500 Futures)),score,-1.0771,0.6,0.0,0,-0.00444,-0.0,0.0,-0.0,-0.032679
2024-07-09,500ETF,Future (IC88 (CSI 500 Futures)),score,0.8902,0.6,1.0,1,0.018007,0.018007,0.0008,0.017207,-0.015472
2024-07-10,500ETF,Future (IC88 (CSI 500 Futures)),score,0.2882,0.6,0.0,0,-0.007172,-0.0,0.0008,-0.0008,-0.016272
2024-07-11,500ETF,Future (IC88 (CSI 500 Futures)),score,-0.3215,0.6,0.0,0,0.007634,0.0,0.0,0.0,-0.016272
2024-07-12,500ETF,Future (IC88 (CSI 500 Futures)),score,-0.3948,0.6,0.0,0,-8.1e-05,-0.0,0.0,-0.0,-0.016272
2024-07-15,500ETF,Future (IC88 (CSI 500 Futures)),score,-0.9563,0.6,0.0,0,-0.00456,-0.0,0.0,-0.0,-0.016272
2024-07-16,500ETF,Future (IC88 (CSI 500 Futures)),score,0.0905,0.6,0.0,0,0.002587,0.0,0.0,0.0,-0.016272
2024-07-17,500ETF,Future (IC88 (CSI 500 Futures)),score,-0.7228,0.6,0.0,0,0.001485,0.0,0.0,0.0,-0.016272
2024-07-18,500ETF,Future (IC88 (CSI 500 Futures)),score,-0.9836,0.6,0.0,0,0.012645,0.0,0.0,0.0,-0.016272
2024-07-19,500ETF,Future (IC88 (CSI 500 Futures)),score,-0.706,0.6,0.0,0,0.005469,0.0,0.0,0.0,-0.016272
2024-07-22,500ETF,Future (IC88 (CSI 500 Futures)),score,-0.342,0.6,0.0,0,-0.002974,-0.0,0.0,-0.0,-0.016272
2024-07-23,500ETF,Future (IC88 (CSI 500 Futures)),score,-1.0394,0.6,0.0,0,-0.016163,-0.0,0.0,-0.0,-0.016272
2024-07-24,500ETF,Future (IC88 (CSI 500 Futures)),score,0.4215,0.6,0.0,0,-0.008445,-0.0,0.0,-0.0,-0.016272
2024-07-25,500ETF,Future (IC88 (CSI 500 Futures)),score,0.2762,0.6,0.0,0,-0.000605,-0.0,0.0,-0.0,-0.016272
2024-07-26,500ETF,Future (IC88 (CSI 500 Futures)),score,1.478,0.6,1.0,1,-0.002551,-0.002551,0.0008,-0.003351,-0.019623
2024-07-29,500ETF,Future (IC88 (CSI 500 Futures)),score,-0.8418,0.6,0.0,0,-0.002175,-0.0,0.0008,-0.0008,-0.020423
2024-07-30,500ETF,Future (IC88 (CSI 500 Futures)),score,-1.138,0.6,-1.0,1,0.010926,-0.010926,0.0008,-0.011726,-0.032149
2024-07-31,500ETF,Future (IC88 (CSI 500 Futures)),score,1.1209,0.6,1.0,1,0.022929,0.022929,0.0016,0.021329,-0.010819
2024-08-01,500ETF,Future (IC88 (CSI 500 Futures)),score,0.6879,0.6,1.0,1,-0.008297,-0.008297,0.0,-0.008297,-0.019117
2024-08-02,500ETF,Future (IC88 (CSI 500 Futures)),score,0.7642,0.6,1.0,1,-0.017374,-0.017374,0.0,-0.017374,-0.03649
2024-08-05,500ETF,Future (IC88 (CSI 500 Futures)),score,1.2359,0.6,1.0,1,-0.019152,-0.019152,0.0,-0.019152,-0.055643
2024-08-06,500ETF,Future (IC88 (CSI 500 Futures)),score,0.4802,0.6,0.0,0,-0.00225,-0.0,0.0008,-0.0008,-0.056443
2024-08-07,500ETF,Future (IC88 (CSI 500 Futures)),score,-0.4411,0.6,0.0,0,-8.5e-05,-0.0,0.0,-0.0,-0.056443
2024-08-08,500ETF,Future (IC88 (CSI 500 Futures)),score,-0.4489,0.6,0.0,0,0.01189,0.0,0.0,0.0,-0.056443
2024-08-09,500ETF,Future (IC88 (CSI 500 Futures)),score,0.874,0.6,1.0,1,-0.011311,-0.011311,0.0008,-0.012111,-0.068553
2024-08-12,500ETF,Future (IC88 (CSI 500 Futures)),score,-0.4812,0.6,0.0,0,-0.002346,-0.0,0.0008,-0.0008,-0.069353
2024-08-13,500ETF,Future (IC88 (CSI 500 Futures)),score,-0.4105,0.6,0.0,0,-0.002267,-0.0,0.0,-0.0,-0.069353
2024-08-14,500ETF,Future (IC88 (CSI 500 Futures)),score,-1.089,0.6,0.0,0,-0.000172,-0.0,0.0,-0.0,-0.069353
2024-08-15,500ETF,Future (IC88 (CSI 500 Futures)),score,-0.0984,0.6,0.0,0,0.003394,0.0,0.0,0.0,-0.069353
2024-08-16,500ETF,Future (IC88 (CSI 500 Futures)),score,-0.6538,0.6,0.0,0,-0.007765,-0.0,0.0,-0.0,-0.069353
2024-08-19,500ETF,Future (IC88 (CSI 500 Futures)),score,1.3154,0.6,1.0,1,-0.010704,-0.010704,0.0008,-0.011504,-0.080857
2024-08-20,500ETF,Future (IC88 (CSI 500 Futures)),score,-0.8594,0.6,0.0,0,-0.010546,-0.0,0.0008,-0.0008,-0.081657
2024-08-21,500ETF,Future (IC88 (CSI 500 Futures)),score,0.3577,0.6,0.0,0,0.002104,0.0,0.0,0.0,-0.081657
2024-08-22,500ETF,Future (IC88 (CSI 500 Futures)),score,-0.521,0.6,0.0,0,-0.009019,-0.0,0.0,-0.0,-0.081657
2024-08-23,500ETF,Future (IC88 (CSI 500 Futures)),score,0.5812,0.6,0.0,0,0.003101,0.0,0.0,0.0,-0.081657
2024-08-26,500ETF,Future (IC88 (CSI 500 Futures)),score,-0.2621,0.6,0.0,0,-0.001987,-0.0,0.0,-0.0,-0.081657
2024-08-27,500ETF,Future (IC88 (CSI 500 Futures)),score,-0.8941,0.6,0.0,0,-0.002543,-0.0,0.0,-0.0,-0.081657
2024-08-28,500ETF,Future (IC88 (CSI 500 Futures)),score,0.3774,0.6,0.0,0,0.00263,0.0,0.0,0.0,-0.081657
2024-08-29,500ETF,Future (IC88 (CSI 500 Futures)),score,0.3843,0.6,0.0,0,0.015675,0.0,0.0,0.0,-0.081657
2024-08-30,500ETF,Future (IC88 (CSI 500 Futures)),score,1.03,0.6,1.0,1,0.004222,0.004222,0.0008,0.003422,-0.078235
2024-09-02,500ETF,Future (IC88 (CSI 500 Futures)),score,-0.798,0.6,0.0,0,-0.011154,-0.0,0.0008,-0.0008,-0.079035
2024-09-03,500ETF,Future (IC88 (CSI 500 Futures)),score,1.2352,0.6,1.0,1,0.001835,0.001835,0.0008,0.001035,-0.078
2024-09-04,500ETF,Future (IC88 (CSI 500 Futures)),score,-0.148,0.6,0.0,0,0.001751,0.0,0.0008,-0.0008,-0.0788
2024-09-05,500ETF,Future (IC88 (CSI 500 Futures)),score,0.8846,0.6,1.0,1,0.00061,0.00061,0.0008,-0.00019,-0.07899
2024-09-06,500ETF,Future (IC88 (CSI 500 Futures)),score,-0.686,0.6,0.0,0,-0.012661,-0.0,0.0008,-0.0008,-0.07979
2024-09-09,500ETF,Future (IC88 (CSI 500 Futures)),score,0.0392,0.6,0.0,0,-0.005337,-0.0,0.0,-0.0,-0.07979
2024-09-10,500ETF,Future (IC88 (CSI 500 Futures)),score,-0.7976,0.6,0.0,0,0.007812,0.0,0.0,0.0,-0.07979
2024-09-11,500ETF,Future (IC88 (CSI 500 Futures)),score,0.0359,0.6,0.0,0,0.003516,0.0,0.0,0.0,-0.07979
2024-09-12,500ETF,Future (IC88 (CSI 500 Futures)),score,1.2297,0.6,1.0,1,-0.007168,-0.007168,0.0008,-0.007968,-0.087758
2024-09-13,500ETF,Future (IC88 (CSI 500 Futures)),score,0.0282,0.6,0.0,0,-0.012369,-0.0,0.0008,-0.0008,-0.088558
2024-09-18,500ETF,Future (IC88 (CSI 500 Futures)),score,-0.2725,0.6,0.0,0,0.006882,0.0,0.0,0.0,-0.088558
2024-09-19,500ETF,Future (IC88 (CSI 500 Futures)),score,-0.5913,0.6,0.0,0,0.014236,0.0,0.0,0.0,-0.088558
2024-09-20,500ETF,Future (IC88 (CSI 500 Futures)),score,-0.7054,0.6,0.0,0,0.000179,0.0,0.0,0.0,-0.088558
2024-09-23,500ETF,Future (IC88 (CSI 500 Futures)),score,1.1129,0.6,1.0,1,-0.009157,-0.009157,0.0008,-0.009957,-0.098515
2024-09-24,500ETF,Future (IC88 (CSI 500 Futures)),score,1.1308,0.6,1.0,1,0.035183,0.035183,0.0,0.035183,-0.063332
2024-09-25,500ETF,Future (IC88 (CSI 500 Futures)),score,1.5541,0.6,1.0,1,-0.016267,-0.016267,0.0,-0.016267,-0.079599
2024-09-26,500ETF,Future (IC88 (CSI 500 Futures)),score,1.0206,0.6,1.0,1,0.031497,0.031497,0.0,0.031497,-0.048101
2024-09-27,500ETF,Future (IC88 (CSI 500 Futures)),score,1.4718,0.6,1.0,1,0.052039,0.052039,0.0,0.052039,0.003938
2024-09-30,500ETF,Future (IC88 (CSI 500 Futures)),score,1.3828,0.6,1.0,1,0.06383,0.06383,0.0,0.06383,0.067767
2024-10-08,500ETF,Future (IC88 (CSI 500 Futures)),score,-0.428,0.6,0.0,0,-0.041449,-0.0,0.0008,-0.0008,0.066967
2024-10-09,500ETF,Future (IC88 (CSI 500 Futures)),score,-0.9142,0.6,0.0,0,-0.026964,-0.0,0.0,-0.0,0.066967
2024-10-10,500ETF,Future (IC88 (CSI 500 Futures)),score,0.2357,0.6,0.0,0,0.004708,0.0,0.0,0.0,0.066967
2024-10-11,500ETF,Future (IC88 (CSI 500 Futures)),score,-1.1693,0.6,-1.0,1,-0.027409,0.027409,0.0008,0.026609,0.093576
2024-10-14,500ETF,Future (IC88 (CSI 500 Futures)),score,0.0167,0.6,0.0,0,0.022139,0.0,0.0008,-0.0008,0.092776
2024-10-15,500ETF,Future (IC88 (CSI 500 Futures)),score,-0.5194,0.6,0.0,0,-0.016767,-0.0,0.0,-0.0,0.092776
2024-10-16,500ETF,Future (IC88 (CSI 500 Futures)),score,0.8031,0.6,1.0,1,-0.011748,-0.011748,0.0008,-0.012548,0.080228
2024-10-17,500ETF,Future (IC88 (CSI 500 Futures)),score,0.4359,0.6,0.0,0,-0.018731,-0.0,0.0008,-0.0008,0.079428
2024-10-18,500ETF,Future (IC88 (CSI 500 Futures)),score,0.6499,0.6,1.0,1,0.066631,0.066631,0.0008,0.065831,0.145259
2024-10-21,500ETF,Future (IC88 (CSI 500 Futures)),score,0.6182,0.6,1.0,1,0.011885,0.011885,0.0,0.011885,0.157144
2024-10-22,500ETF,Future (IC88 (CSI 500 Futures)),score,-0.1476,0.6,0.0,0,0.007769,0.0,0.0008,-0.0008,0.156344
2024-10-23,500ETF,Future (IC88 (CSI 500 Futures)),score,0.4349,0.6,0.0,0,0.000554,0.0,0.0,0.0,0.156344
2024-10-24,500ETF,Future (IC88 (CSI 500 Futures)),score,-0.6092,0.6,0.0,0,0.002174,0.0,0.0,0.0,0.156344
2024-10-25,500ETF,Future (IC88 (CSI 500 Futures)),score,0.7089,0.6,1.0,1,0.011034,0.011034,0.0008,0.010234,0.166578
2024-10-28,500ETF,Future (IC88 (CSI 500 Futures)),score,-0.2355,0.6,0.0,0,0.007682,0.0,0.0008,-0.0008,0.165778
2024-10-29,500ETF,Future (IC88 (CSI 500 Futures)),score,-0.2343,0.6,0.0,0,-0.006437,-0.0,0.0,-0.0,0.165778
2024-10-30,500ETF,Future (IC88 (CSI 500 Futures)),score,1.1951,0.6,1.0,1,-0.006608,-0.006608,0.0008,-0.007408,0.158369
2024-10-31,500ETF,Future (IC88 (CSI 500 Futures)),score,-0.4618,0.6,0.0,0,0.012186,0.0,0.0008,-0.0008,0.157569
2024-11-01,500ETF,Future (IC88 (CSI 500 Futures)),score,0.3747,0.6,0.0,0,-0.004479,-0.0,0.0,-0.0,0.157569
2024-11-04,500ETF,Future (IC88 (CSI 500 Futures)),score,1.222,0.6,1.0,1,0.00358,0.00358,0.0008,0.00278,0.160349
2024-11-05,500ETF,Future (IC88 (CSI 500 Futures)),score,0.8454,0.6,1.0,1,0.021481,0.021481,0.0,0.021481,0.181831
2024-11-06,500ETF,Future (IC88 (CSI 500 Futures)),score,0.5736,0.6,0.0,0,-0.004638,-0.0,0.0008,-0.0008,0.181031
2024-11-07,500ETF,Future (IC88 (CSI 500 Futures)),score,0.5531,0.6,0.0,0,0.015586,0.0,0.0,0.0,0.181031
2024-11-08,500ETF,Future (IC88 (CSI 500 Futures)),score,0.5251,0.6,0.0,0,-0.014018,-0.0,0.0,-0.0,0.181031
2024-11-11,500ETF,Future (IC88 (CSI 500 Futures)),score,1.0398,0.6,1.0,1,0.004938,0.004938,0.0008,0.004138,0.185168
2024-11-12,500ETF,Future (IC88 (CSI 500 Futures)),score,0.3888,0.6,0.0,0,-0.024169,-0.0,0.0008,-0.0008,0.184368
2024-11-13,500ETF,Future (IC88 (CSI 500 Futures)),score,0.5279,0.6,0.0,0,0.002719,0.0,0.0,0.0,0.184368
2024-11-14,500ETF,Future (IC88 (CSI 500 Futures)),score,-0.9191,0.6,0.0,0,-0.016825,-0.0,0.0,-0.0,0.184368
2024-11-15,500ETF,Future (IC88 (CSI 500 Futures)),score,0.0941,0.6,0.0,0,-0.011243,-0.0,0.0,-0.0,0.184368
2024-11-18,500ETF,Future (IC88 (CSI 500 Futures)),score,-0.711,0.6,0.0,0,-0.010518,-0.0,0.0,-0.0,0.184368
2024-11-19,500ETF,Future (IC88 (CSI 500 Futures)),score,1.1726,0.6,1.0,1,0.005139,0.005139,0.0008,0.004339,0.188707
2024-11-20,500ETF,Future (IC88 (CSI 500 Futures)),score,0.6558,0.6,1.0,1,0.008544,0.008544,0.0,0.008544,0.197252
2024-11-21,500ETF,Future (IC88 (CSI 500 Futures)),score,0.1829,0.6,0.0,0,-0.000337,-0.0,0.0008,-0.0008,0.196452
2024-11-22,500ETF,Future (IC88 (CSI 500 Futures)),score,-0.306,0.6,0.0,0,-0.024522,-0.0,0.0,-0.0,0.196452
2024-11-25,500ETF,Future (IC88 (CSI 500 Futures)),score,-0.2096,0.6,0.0,0,-0.001832,-0.0,0.0,-0.0,0.196452
2024-11-26,500ETF,Future (IC88 (CSI 500 Futures)),score,0.8307,0.6,1.0,1,-0.007098,-0.007098,0.0008,-0.007898,0.188553
2024-11-27,500ETF,Future (IC88 (CSI 500 Futures)),score,-0.8613,0.6,0.0,0,0.031204,0.0,0.0008,-0.0008,0.187753
2024-11-28,500ETF,Future (IC88 (CSI 500 Futures)),score,0.2313,0.6,0.0,0,-0.004178,-0.0,0.0,-0.0,0.187753
2024-11-29,500ETF,Future (IC88 (CSI 500 Futures)),score,0.7772,0.6,1.0,1,0.020534,0.020534,0.0008,0.019734,0.207488
2024-12-02,500ETF,Future (IC88 (CSI 500 Futures)),score,1.2431,0.6,1.0,1,0.000881,0.000881,0.0,0.000881,0.208369
2024-12-03,500ETF,Future (IC88 (CSI 500 Futures)),score,-0.8035,0.6,0.0,0,0.006044,0.0,0.0008,-0.0008,0.207569
2024-12-04,500ETF,Future (IC88 (CSI 500 Futures)),score,-0.7389,0.6,0.0,0,-0.006631,-0.0,0.0,-0.0,0.207569
2024-12-05,500ETF,Future (IC88 (CSI 500 Futures)),score,0.4564,0.6,0.0,0,0.005911,0.0,0.0,0.0,0.207569
2024-12-06,500ETF,Future (IC88 (CSI 500 Futures)),score,-0.2201,0.6,0.0,0,0.021652,0.0,0.0,0.0,0.207569
2024-12-09,500ETF,Future (IC88 (CSI 500 Futures)),score,0.1289,0.6,0.0,0,-0.002361,-0.0,0.0,-0.0,0.207569
2024-12-10,500ETF,Future (IC88 (CSI 500 Futures)),score,-0.4262,0.6,0.0,0,-0.012347,-0.0,0.0,-0.0,0.207569
2024-12-11,500ETF,Future (IC88 (CSI 500 Futures)),score,0.8494,0.6,1.0,1,0.004146,0.004146,0.0008,0.003346,0.210915
2024-12-12,500ETF,Future (IC88 (CSI 500 Futures)),score,-0.2866,0.6,0.0,0,0.010383,0.0,0.0008,-0.0008,0.210115
2024-12-13,500ETF,Future (IC88 (CSI 500 Futures)),score,-1.0301,0.6,0.0,0,0.000901,0.0,0.0,0.0,0.210115
2024-12-16,500ETF,Future (IC88 (CSI 500 Futures)),score,-0.6877,0.6,0.0,0,-0.008142,-0.0,0.0,-0.0,0.210115
2024-12-17,500ETF,Future (IC88 (CSI 500 Futures)),score,-0.5393,0.6,0.0,0,-0.010212,-0.0,0.0,-0.0,0.210115
2024-12-18,500ETF,Future (IC88 (CSI 500 Futures)),score,0.3113,0.6,0.0,0,0.00017,0.0,0.0,0.0,0.210115
2024-12-19,500ETF,Future (IC88 (CSI 500 Futures)),score,0.1327,0.6,0.0,0,0.008907,0.0,0.0,0.0,0.210115
2024-12-20,500ETF,Future (IC88 (CSI 500 Futures)),score,0.7215,0.6,1.0,1,-0.000542,-0.000542,0.0008,-0.001342,0.208773
2024-12-23,500ETF,Future (IC88 (CSI 500 Futures)),score,-0.1278,0.6,0.0,0,-0.01241,-0.0,0.0008,-0.0008,0.207973
2024-12-24,500ETF,Future (IC88 (CSI 500 Futures)),score,1.0125,0.6,1.0,1,0.000614,0.000614,0.0008,-0.000186,0.207787
2024-12-25,500ETF,Future (IC88 (CSI 500 Futures)),score,-0.9705,0.6,0.0,0,-0.005433,-0.0,0.0008,-0.0008,0.206987
2024-12-26,500ETF,Future (IC88 (CSI 500 Futures)),score,1.0404,0.6,1.0,1,0.002691,0.002691,0.0008,0.001891,0.208878
2024-12-27,500ETF,Future (IC88 (CSI 500 Futures)),score,0.8249,0.6,1.0,1,-0.004406,-0.004406,0.0,-0.004406,0.204472
2024-12-30,500ETF,Future (IC88 (CSI 500 Futures)),score,0.4221,0.6,0.0,0,-0.00159,-0.0,0.0008,-0.0008,0.203672
2024-12-31,500ETF,Future (IC88 (CSI 500 Futures)),score,-1.0852,0.6,0.0,0,-0.017334,-0.0,0.0,-0.0,0.203672
2025-01-02,500ETF,Future (IC88 (CSI 500 Futures)),score,-0.9052,0.6,0.0,0,-0.031268,-0.0,0.0,-0.0,0.203672
2025-01-03,500ETF,Future (IC88 (CSI 500 Futures)),score,-0.5324,0.6,0.0,0,-0.017592,-0.0,0.0,-0.0,0.203672
2025-01-06,500ETF,Future (IC88 (CSI 500 Futures)),score,0.4181,0.6,0.0,0,-0.006957,-0.0,0.0,-0.0,0.203672
2025-01-07,500ETF,Future (IC88 (CSI 500 Futures)),score,0.7354,0.6,1.0,1,0.004547,0.004547,0.0008,0.003747,0.207419
2025-01-08,500ETF,Future (IC88 (CSI 500 Futures)),score,-1.0489,0.6,0.0,0,0.002983,0.0,0.0008,-0.0008,0.206619
2025-01-09,500ETF,Future (IC88 (CSI 500 Futures)),score,0.8801,0.6,1.0,1,0.001026,0.001026,0.0008,0.000226,0.206845
2025-01-10,500ETF,Future (IC88 (CSI 500 Futures)),score,0.7916,0.6,1.0,1,-0.010037,-0.010037,0.0,-0.010037,0.196808
2025-01-13,500ETF,Future (IC88 (CSI 500 Futures)),score,0.7081,0.6,1.0,1,-0.001414,-0.001414,0.0,-0.001414,0.195394
2025-01-14,500ETF,Future (IC88 (CSI 500 Futures)),score,0.7517,0.6,1.0,1,0.016984,0.016984,0.0,0.016984,0.212379
2025-01-15,500ETF,Future (IC88 (CSI 500 Futures)),score,-0.7522,0.6,0.0,0,-0.001629,-0.0,0.0008,-0.0008,0.211579
2025-01-16,500ETF,Future (IC88 (CSI 500 Futures)),score,1.4057,0.6,1.0,1,-0.010368,-0.010368,0.0008,-0.011168,0.200411
2025-01-17,500ETF,Future (IC88 (CSI 500 Futures)),score,0.3453,0.6,0.0,0,0.012979,0.0,0.0008,-0.0008,0.199611
2025-01-20,500ETF,Future (IC88 (CSI 500 Futures)),score,0.6501,0.6,1.0,1,-0.008049,-0.008049,0.0008,-0.008849,0.190762
2025-01-21,500ETF,Future (IC88 (CSI 500 Futures)),score,-0.9289,0.6,0.0,0,0.007873,0.0,0.0008,-0.0008,0.189962
2025-01-22,500ETF,Future (IC88 (CSI 500 Futures)),score,-0.6,0.6,0.0,0,0.004636,0.0,0.0,0.0,0.189962
2025-01-23,500ETF,Future (IC88 (CSI 500 Futures)),score,0.608,0.6,1.0,1,-0.016535,-0.016535,0.0008,-0.017335,0.172627
2025-01-24,500ETF,Future (IC88 (CSI 500 Futures)),score,0.8654,0.6,1.0,1,0.00682,0.00682,0.0,0.00682,0.179447
2025-01-27,500ETF,Future (IC88 (CSI 500 Futures)),score,-0.0169,0.6,0.0,0,-0.006344,-0.0,0.0008,-0.0008,0.178647
2025-02-05,500ETF,Future (IC88 (CSI 500 Futures)),score,-0.6411,0.6,0.0,0,3.6e-05,0.0,0.0,0.0,0.178647
2025-02-06,500ETF,Future (IC88 (CSI 500 Futures)),score,0.6946,0.6,1.0,1,0.018806,0.018806,0.0008,0.018006,0.196653
2025-02-07,500ETF,Future (IC88 (CSI 500 Futures)),score,0.6322,0.6,1.0,1,0.000173,0.000173,0.0,0.000173,0.196826
2025-02-10,500ETF,Future (IC88 (CSI 500 Futures)),score,0.2084,0.6,0.0,0,0.001884,0.0,0.0008,-0.0008,0.196026
2025-02-11,500ETF,Future (IC88 (CSI 500 Futures)),score,-1.0112,0.6,0.0,0,0.004616,0.0,0.0,0.0,0.196026
2025-02-12,500ETF,Future (IC88 (CSI 500 Futures)),score,0.637,0.6,1.0,1,0.002152,0.002152,0.0008,0.001352,0.197378
2025-02-13,500ETF,Future (IC88 (CSI 500 Futures)),score,-0.3675,0.6,0.0,0,-0.003198,-0.0,0.0008,-0.0008,0.196578
2025-02-14,500ETF,Future (IC88 (CSI 500 Futures)),score,0.6265,0.6,1.0,1,0.004681,0.004681,0.0008,0.003881,0.200459
2025-02-17,500ETF,Future (IC88 (CSI 500 Futures)),score,-0.5853,0.6,0.0,0,-0.00105,-0.0,0.0008,-0.0008,0.199659
2025-02-18,500ETF,Future (IC88 (CSI 500 Futures)),score,-0.5544,0.6,0.0,0,-0.018379,-0.0,0.0,-0.0,0.199659
2025-02-19,500ETF,Future (IC88 (CSI 500 Futures)),score,0.5527,0.6,0.0,0,0.011025,0.0,0.0,0.0,0.199659
2025-02-20,500ETF,Future (IC88 (CSI 500 Futures)),score,0.2279,0.6,0.0,0,0.005533,0.0,0.0,0.0,0.199659
2025-02-21,500ETF,Future (IC88 (CSI 500 Futures)),score,0.2797,0.6,0.0,0,0.0212,0.0,0.0,0.0,0.199659
2025-02-24,500ETF,Future (IC88 (CSI 500 Futures)),score,-0.4897,0.6,0.0,0,-0.002366,-0.0,0.0,-0.0,0.199659
2025-02-25,500ETF,Future (IC88 (CSI 500 Futures)),score,-0.4268,0.6,0.0,0,0.001245,0.0,0.0,0.0,0.199659
2025-02-26,500ETF,Future (IC88 (CSI 500 Futures)),score,0.5346,0.6,0.0,0,0.005016,0.0,0.0,0.0,0.199659
2025-02-27,500ETF,Future (IC88 (CSI 500 Futures)),score,-0.1008,0.6,0.0,0,-0.002313,-0.0,0.0,-0.0,0.199659
2025-02-28,500ETF,Future (IC88 (CSI 500 Futures)),score,-0.9019,0.6,0.0,0,-0.01479,-0.0,0.0,-0.0,0.199659
2025-03-03,500ETF,Future (IC88 (CSI 500 Futures)),score,0.4426,0.6,0.0,0,-0.007845,-0.0,0.0,-0.0,0.199659
2025-03-04,500ETF,Future (IC88 (CSI 500 Futures)),score,0.3573,0.6,0.0,0,0.006423,0.0,0.0,0.0,0.199659
2025-03-05,500ETF,Future (IC88 (CSI 500 Futures)),score,-0.1384,0.6,0.0,0,0.007242,0.0,0.0,0.0,0.199659
2025-03-06,500ETF,Future (IC88 (CSI 500 Futures)),score,0.8455,0.6,1.0,1,0.006879,0.006879,0.0008,0.006079,0.205738
2025-03-07,500ETF,Future (IC88 (CSI 500 Futures)),score,-0.3579,0.6,0.0,0,-0.002677,-0.0,0.0008,-0.0008,0.204938
2025-03-10,500ETF,Future (IC88 (CSI 500 Futures)),score,-0.3382,0.6,0.0,0,0.002045,0.0,0.0,0.0,0.204938
2025-03-11,500ETF,Future (IC88 (CSI 500 Futures)),score,0.4191,0.6,0.0,0,0.004805,0.0,0.0,0.0,0.204938
2025-03-12,500ETF,Future (IC88 (CSI 500 Futures)),score,-0.399,0.6,0.0,0,-0.000464,-0.0,0.0,-0.0,0.204938
2025-03-13,500ETF,Future (IC88 (CSI 500 Futures)),score,-0.6771,0.6,0.0,0,0.003221,0.0,0.0,0.0,0.204938
2025-03-14,500ETF,Future (IC88 (CSI 500 Futures)),score,0.6933,0.6,1.0,1,0.011333,0.011333,0.0008,0.010533,0.215471
2025-03-17,500ETF,Future (IC88 (CSI 500 Futures)),score,-0.3711,0.6,0.0,0,0.001675,0.0,0.0008,-0.0008,0.214671
2025-03-18,500ETF,Future (IC88 (CSI 500 Futures)),score,0.5913,0.6,0.0,0,-0.005151,-0.0,0.0,-0.0,0.214671
2025-03-19,500ETF,Future (IC88 (CSI 500 Futures)),score,-0.5956,0.6,0.0,0,0.001977,0.0,0.0,0.0,0.214671
2025-03-20,500ETF,Future (IC88 (CSI 500 Futures)),score,-0.7849,0.6,0.0,0,0.001386,0.0,0.0,0.0,0.214671
2025-03-21,500ETF,Future (IC88 (CSI 500 Futures)),score,0.3449,0.6,0.0,0,-0.01317,-0.0,0.0,-0.0,0.214671
2025-03-24,500ETF,Future (IC88 (CSI 500 Futures)),score,-0.0385,0.6,0.0,0,-0.003491,-0.0,0.0,-0.0,0.214671
2025-03-25,500ETF,Future (IC88 (CSI 500 Futures)),score,0.3949,0.6,0.0,0,-0.005218,-0.0,0.0,-0.0,0.214671
2025-03-26,500ETF,Future (IC88 (CSI 500 Futures)),score,0.8797,0.6,1.0,1,-0.005137,-0.005137,0.0008,-0.005937,0.208734
2025-03-27,500ETF,Future (IC88 (CSI 500 Futures)),score,-0.727,0.6,0.0,0,0.00474,0.0,0.0008,-0.0008,0.207934
2025-03-28,500ETF,Future (IC88 (CSI 500 Futures)),score,0.1526,0.6,0.0,0,-0.003326,-0.0,0.0,-0.0,0.207934
2025-03-31,500ETF,Future (IC88 (CSI 500 Futures)),score,-0.4021,0.6,0.0,0,-0.008496,-0.0,0.0,-0.0,0.207934
2025-04-01,500ETF,Future (IC88 (CSI 500 Futures)),score,0.7293,0.6,1.0,1,-0.000991,-0.000991,0.0008,-0.001791,0.206143
2025-04-02,500ETF,Future (IC88 (CSI 500 Futures)),score,0.5584,0.6,0.0,0,-0.004357,-0.0,0.0008,-0.0008,0.205343
2025-04-03,500ETF,Future (IC88 (CSI 500 Futures)),score,0.5544,0.6,0.0,0,-0.004905,-0.0,0.0,-0.0,0.205343
2025-04-07,500ETF,Future (IC88 (CSI 500 Futures)),score,-0.988,0.6,0.0,0,-0.029395,-0.0,0.0,-0.0,0.205343
2025-04-08,500ETF,Future (IC88 (CSI 500 Futures)),score,1.0961,0.6,1.0,1,-0.017651,-0.017651,0.0008,-0.018451,0.186892
2025-04-09,500ETF,Future (IC88 (CSI 500 Futures)),score,-0.752,0.6,0.0,0,0.032864,0.0,0.0008,-0.0008,0.186092
2025-04-10,500ETF,Future (IC88 (CSI 500 Futures)),score,0.9135,0.6,1.0,1,-0.011909,-0.011909,0.0008,-0.012709,0.173383
2025-04-11,500ETF,Future (IC88 (CSI 500 Futures)),score,0.6434,0.6,1.0,1,0.00673,0.00673,0.0,0.00673,0.180113
2025-04-14,500ETF,Future (IC88 (CSI 500 Futures)),score,0.1455,0.6,0.0,0,-0.001571,-0.0,0.0008,-0.0008,0.179313
2025-04-15,500ETF,Future (IC88 (CSI 500 Futures)),score,-1.075,0.6,0.0,0,0.002914,0.0,0.0,0.0,0.179313
2025-04-16,500ETF,Future (IC88 (CSI 500 Futures)),score,-0.7153,0.6,0.0,0,-0.0069,-0.0,0.0,-0.0,0.179313
2025-04-17,500ETF,Future (IC88 (CSI 500 Futures)),score,1.1177,0.6,1.0,1,-0.004695,-0.004695,0.0008,-0.005495,0.173818
2025-04-18,500ETF,Future (IC88 (CSI 500 Futures)),score,-0.308,0.6,0.0,0,0.009378,0.0,0.0008,-0.0008,0.173018
2025-04-21,500ETF,Future (IC88 (CSI 500 Futures)),score,0.9512,0.6,1.0,1,0.009122,0.009122,0.0008,0.008322,0.18134
2025-04-22,500ETF,Future (IC88 (CSI 500 Futures)),score,-0.5332,0.6,0.0,0,0.000825,0.0,0.0008,-0.0008,0.18054
2025-04-23,500ETF,Future (IC88 (CSI 500 Futures)),score,0.2538,0.6,0.0,0,-0.001289,-0.0,0.0,-0.0,0.18054
2025-04-24,500ETF,Future (IC88 (CSI 500 Futures)),score,-0.3625,0.6,0.0,0,-0.004267,-0.0,0.0,-0.0,0.18054
2025-04-25,500ETF,Future (IC88 (CSI 500 Futures)),score,0.0407,0.6,0.0,0,0.00301,0.0,0.0,0.0,0.18054
2025-04-28,500ETF,Future (IC88 (CSI 500 Futures)),score,-0.8194,0.6,0.0,0,0.003389,0.0,0.0,0.0,0.18054
2025-04-29,500ETF,Future (IC88 (CSI 500 Futures)),score,0.0189,0.6,0.0,0,0.001149,0.0,0.0,0.0,0.18054
2025-04-30,500ETF,Future (IC88 (CSI 500 Futures)),score,0.9915,0.6,1.0,1,0.001179,0.001179,0.0008,0.000379,0.180919
2025-05-06,500ETF,Future (IC88 (CSI 500 Futures)),score,0.5605,0.6,0.0,0,0.006071,0.0,0.0008,-0.0008,0.180119
2025-05-07,500ETF,Future (IC88 (CSI 500 Futures)),score,-0.4336,0.6,0.0,0,-0.008414,-0.0,0.0,-0.0,0.180119
2025-05-08,500ETF,Future (IC88 (CSI 500 Futures)),score,0.7211,0.6,1.0,1,0.000106,0.000106,0.0008,-0.000694,0.179425
2025-05-09,500ETF,Future (IC88 (CSI 500 Futures)),score,-0.8983,0.6,0.0,0,-0.005622,-0.0,0.0008,-0.0008,0.178625
2025-05-12,500ETF,Future (IC88 (CSI 500 Futures)),score,-0.0131,0.6,0.0,0,0.002472,0.0,0.0,0.0,0.178625
2025-05-13,500ETF,Future (IC88 (CSI 500 Futures)),score,-0.6554,0.6,0.0,0,-0.004865,-0.0,0.0,-0.0,0.178625
2025-05-14,500ETF,Future (IC88 (CSI 500 Futures)),score,-0.4989,0.6,0.0,0,0.004229,0.0,0.0,0.0,0.178625
2025-05-15,500ETF,Future (IC88 (CSI 500 Futures)),score,-1.0474,0.6,0.0,0,-0.002135,-0.0,0.0,-0.0,0.178625
2025-05-16,500ETF,Future (IC88 (CSI 500 Futures)),score,0.564,0.6,0.0,0,-0.004268,-0.0,0.0,-0.0,0.178625
2025-05-19,500ETF,Future (IC88 (CSI 500 Futures)),score,-0.8998,0.6,0.0,0,0.009909,0.0,0.0,0.0,0.178625
2025-05-20,500ETF,Future (IC88 (CSI 500 Futures)),score,-0.4786,0.6,0.0,0,0.007995,0.0,0.0,0.0,0.178625
2025-05-21,500ETF,Future (IC88 (CSI 500 Futures)),score,0.0897,0.6,0.0,0,0.003152,0.0,0.0,0.0,0.178625
2025-05-22,500ETF,Future (IC88 (CSI 500 Futures)),score,-0.276,0.6,0.0,0,-0.005395,-0.0,0.0,-0.0,0.178625
2025-05-23,500ETF,Future (IC88 (CSI 500 Futures)),score,0.4237,0.6,0.0,0,-0.010648,-0.0,0.0,-0.0,0.178625
2025-05-26,500ETF,Future (IC88 (CSI 500 Futures)),score,0.4122,0.6,0.0,0,0.001073,0.0,0.0,0.0,0.178625
2025-05-27,500ETF,Future (IC88 (CSI 500 Futures)),score,-0.7972,0.6,0.0,0,0.001507,0.0,0.0,0.0,0.178625
2025-05-28,500ETF,Future (IC88 (CSI 500 Futures)),score,-0.1596,0.6,0.0,0,-0.001436,-0.0,0.0,-0.0,0.178625
2025-05-29,500ETF,Future (IC88 (CSI 500 Futures)),score,1.0629,0.6,1.0,1,0.004601,0.004601,0.0008,0.003801,0.182427
2025-05-30,500ETF,Future (IC88 (CSI 500 Futures)),score,-1.0498,0.6,0.0,0,0.002102,0.0,0.0008,-0.0008,0.181627
2025-06-03,500ETF,Future (IC88 (CSI 500 Futures)),score,0.961,0.6,1.0,1,-0.003393,-0.003393,0.0008,-0.004193,0.177433
2025-06-04,500ETF,Future (IC88 (CSI 500 Futures)),score,0.8672,0.6,1.0,1,0.001865,0.001865,0.0,0.001865,0.179299
2025-06-05,500ETF,Future (IC88 (CSI 500 Futures)),score,-0.6452,0.6,0.0,0,0.007571,0.0,0.0008,-0.0008,0.178499
2025-06-06,500ETF,Future (IC88 (CSI 500 Futures)),score,-0.6053,0.6,0.0,0,0.000665,0.0,0.0,0.0,0.178499
2025-06-09,500ETF,Future (IC88 (CSI 500 Futures)),score,0.463,0.6,0.0,0,-0.001283,-0.0,0.0,-0.0,0.178499
2025-06-10,500ETF,Future (IC88 (CSI 500 Futures)),score,-0.48,0.6,0.0,0,-0.006273,-0.0,0.0,-0.0,0.178499
2025-06-11,500ETF,Future (IC88 (CSI 500 Futures)),score,1.2599,0.6,1.0,1,-0.003183,-0.003183,0.0008,-0.003983,0.174515
2025-06-12,500ETF,Future (IC88 (CSI 500 Futures)),score,-0.1183,0.6,0.0,0,0.003293,0.0,0.0008,-0.0008,0.173715
2025-06-13,500ETF,Future (IC88 (CSI 500 Futures)),score,-0.3277,0.6,0.0,0,-0.001012,-0.0,0.0,-0.0,0.173715
2025-06-16,500ETF,Future (IC88 (CSI 500 Futures)),score,1.0122,0.6,1.0,1,-0.000902,-0.000902,0.0008,-0.001702,0.172013
2025-06-17,500ETF,Future (IC88 (CSI 500 Futures)),score,-0.4524,0.6,0.0,0,-0.003967,-0.0,0.0008,-0.0008,0.171213
2025-06-18,500ETF,Future (IC88 (CSI 500 Futures)),score,-0.1334,0.6,0.0,0,0.00192,0.0,0.0,0.0,0.171213
2025-06-19,500ETF,Future (IC88 (CSI 500 Futures)),score,0.0688,0.6,0.0,0,-0.010791,-0.0,0.0,-0.0,0.171213
2025-06-20,500ETF,Future (IC88 (CSI 500 Futures)),score,0.1192,0.6,0.0,0,-0.003073,-0.0,0.0,-0.0,0.171213
2025-06-23,500ETF,Future (IC88 (CSI 500 Futures)),score,0.8255,0.6,1.0,1,0.004982,0.004982,0.0008,0.004182,0.175395
2025-06-24,500ETF,Future (IC88 (CSI 500 Futures)),score,1.2282,0.6,1.0,1,0.004518,0.004518,0.0,0.004518,0.179913
2025-06-25,500ETF,Future (IC88 (CSI 500 Futures)),score,0.9295,0.6,1.0,1,0.010173,0.010173,0.0,0.010173,0.190086
2025-06-26,500ETF,Future (IC88 (CSI 500 Futures)),score,-0.378,0.6,0.0,0,-0.003881,-0.0,0.0008,-0.0008,0.189286
2025-06-27,500ETF,Future (IC88 (CSI 500 Futures)),score,0.7059,0.6,1.0,1,-0.002502,-0.002502,0.0008,-0.003302,0.185984
2025-06-30,500ETF,Future (IC88 (CSI 500 Futures)),score,0.365,0.6,0.0,0,0.001432,0.0,0.0008,-0.0008,0.185184
2025-07-01,500ETF,Future (IC88 (CSI 500 Futures)),score,-0.6616,0.6,0.0,0,0.003482,0.0,0.0,0.0,0.185184
2025-07-02,500ETF,Future (IC88 (CSI 500 Futures)),score,-0.8964,0.6,0.0,0,0.000376,0.0,0.0,0.0,0.185184
2025-07-03,500ETF,Future (IC88 (CSI 500 Futures)),score,0.3796,0.6,0.0,0,0.001568,0.0,0.0,0.0,0.185184
2025-07-04,500ETF,Future (IC88 (CSI 500 Futures)),score,-0.6878,0.6,0.0,0,0.002868,0.0,0.0,0.0,0.185184
2025-07-07,500ETF,Future (IC88 (CSI 500 Futures)),score,-0.2433,0.6,0.0,0,0.001981,0.0,0.0,0.0,0.185184
2025-07-08,500ETF,Future (IC88 (CSI 500 Futures)),score,1.1298,0.6,1.0,1,0.006566,0.006566,0.0008,0.005766,0.19095
2025-07-09,500ETF,Future (IC88 (CSI 500 Futures)),score,-0.1681,0.6,0.0,0,-0.002388,-0.0,0.0008,-0.0008,0.19015
2025-07-10,500ETF,Future (IC88 (CSI 500 Futures)),score,0.1063,0.6,0.0,0,0.00316,0.0,0.0,0.0,0.19015
2025-07-11,500ETF,Future (IC88 (CSI 500 Futures)),score,-0.425,0.6,0.0,0,0.009853,0.0,0.0,0.0,0.19015
2025-07-14,500ETF,Future (IC88 (CSI 500 Futures)),score,-0.24,0.6,0.0,0,-0.000997,-0.0,0.0,-0.0,0.19015
2025-07-15,500ETF,Future (IC88 (CSI 500 Futures)),score,0.8164,0.6,1.0,1,-0.00299,-0.00299,0.0008,-0.00379,0.18636
2025-07-16,500ETF,Future (IC88 (CSI 500 Futures)),score,0.6378,0.6,1.0,1,-0.007983,-0.007983,0.0,-0.007983,0.178377
2025-07-17,500ETF,Future (IC88 (CSI 500 Futures)),score,0.8318,0.6,1.0,1,0.006333,0.006333,0.0,0.006333,0.184709
2025-07-18,500ETF,Future (IC88 (CSI 500 Futures)),score,0.3708,0.6,0.0,0,-0.001754,-0.0,0.0008,-0.0008,0.183909
2025-07-21,500ETF,Future (IC88 (CSI 500 Futures)),score,0.6641,0.6,1.0,1,0.001276,0.001276,0.0008,0.000476,0.184386
2025-07-22,500ETF,Future (IC88 (CSI 500 Futures)),score,0.2376,0.6,0.0,0,0.007447,0.0,0.0008,-0.0008,0.183586
2025-07-23,500ETF,Future (IC88 (CSI 500 Futures)),score,-0.1076,0.6,0.0,0,-0.004594,-0.0,0.0,-0.0,0.183586
2025-07-24,500ETF,Future (IC88 (CSI 500 Futures)),score,0.9971,0.6,1.0,1,0.009905,0.009905,0.0008,0.009105,0.192691
2025-07-25,500ETF,Future (IC88 (CSI 500 Futures)),score,-0.2829,0.6,0.0,0,9.6e-05,0.0,0.0008,-0.0008,0.191891
2025-07-28,500ETF,Future (IC88 (CSI 500 Futures)),score,-0.6564,0.6,0.0,0,-0.000319,-0.0,0.0,-0.0,0.191891
2025-07-29,500ETF,Future (IC88 (CSI 500 Futures)),score,-0.9513,0.6,0.0,0,0.011116,0.0,0.0,0.0,0.191891
2025-07-30,500ETF,Future (IC88 (CSI 500 Futures)),score,-0.3128,0.6,0.0,0,-0.00251,-0.0,0.0,-0.0,0.191891
2025-07-31,500ETF,Future (IC88 (CSI 500 Futures)),score,0.1514,0.6,0.0,0,-0.013936,-0.0,0.0,-0.0,0.191891
2025-08-01,500ETF,Future (IC88 (CSI 500 Futures)),score,0.6824,0.6,1.0,1,-0.005547,-0.005547,0.0008,-0.006347,0.185543
2025-08-04,500ETF,Future (IC88 (CSI 500 Futures)),score,0.2932,0.6,0.0,0,0.007431,0.0,0.0008,-0.0008,0.184743
2025-08-05,500ETF,Future (IC88 (CSI 500 Futures)),score,0.3678,0.6,0.0,0,0.002684,0.0,0.0,0.0,0.184743
2025-08-06,500ETF,Future (IC88 (CSI 500 Futures)),score,0.0718,0.6,0.0,0,0.008169,0.0,0.0,0.0,0.184743
2025-08-07,500ETF,Future (IC88 (CSI 500 Futures)),score,-0.1643,0.6,0.0,0,-0.004163,-0.0,0.0,-0.0,0.184743
2025-08-08,500ETF,Future (IC88 (CSI 500 Futures)),score,-0.7276,0.6,0.0,0,0.004762,0.0,0.0,0.0,0.184743
2025-08-11,500ETF,Future (IC88 (CSI 500 Futures)),score,0.8907,0.6,1.0,1,0.003681,0.003681,0.0008,0.002881,0.187625
2025-08-12,500ETF,Future (IC88 (CSI 500 Futures)),score,-0.6346,0.6,0.0,0,0.004902,0.0,0.0008,-0.0008,0.186825
2025-08-13,500ETF,Future (IC88 (CSI 500 Futures)),score,0.9542,0.6,1.0,1,0.007181,0.007181,0.0008,0.006381,0.193205
2025-08-14,500ETF,Future (IC88 (CSI 500 Futures)),score,-0.5541,0.6,0.0,0,-0.005483,-0.0,0.0008,-0.0008,0.192405
2025-08-15,500ETF,Future (IC88 (CSI 500 Futures)),score,1.2848,0.6,1.0,1,0.009595,0.009595,0.0008,0.008795,0.201201
2025-08-18,500ETF,Future (IC88 (CSI 500 Futures)),score,-0.0771,0.6,0.0,0,0.003156,0.0,0.0008,-0.0008,0.200401
2025-08-19,500ETF,Future (IC88 (CSI 500 Futures)),score,0.739,0.6,1.0,1,-0.002872,-0.002872,0.0008,-0.003672,0.196728
2025-08-20,500ETF,Future (IC88 (CSI 500 Futures)),score,-0.0586,0.6,0.0,0,0.009416,0.0,0.0008,-0.0008,0.195928
2025-08-21,500ETF,Future (IC88 (CSI 500 Futures)),score,0.1672,0.6,0.0,0,-0.003858,-0.0,0.0,-0.0,0.195928
2025-08-22,500ETF,Future (IC88 (CSI 500 Futures)),score,1.0998,0.6,1.0,1,0.012138,0.012138,0.0008,0.011338,0.207266
2025-08-25,500ETF,Future (IC88 (CSI 500 Futures)),score,0.8069,0.6,1.0,1,0.003331,0.003331,0.0,0.003331,0.210597
2025-08-26,500ETF,Future (IC88 (CSI 500 Futures)),score,0.3987,0.6,0.0,0,0.002448,0.0,0.0008,-0.0008,0.209797
2025-08-27,500ETF,Future (IC88 (CSI 500 Futures)),score,0.8082,0.6,1.0,1,-0.002594,-0.002594,0.0008,-0.003394,0.206403
2025-08-28,500ETF,Future (IC88 (CSI 500 Futures)),score,1.0857,0.6,1.0,1,0.010001,0.010001,0.0,0.010001,0.216404
2025-08-29,500ETF,Future (IC88 (CSI 500 Futures)),score,-0.6161,0.6,0.0,0,0.001551,0.0,0.0008,-0.0008,0.215604
2025-09-01,500ETF,Future (IC88 (CSI 500 Futures)),score,0.0573,0.6,0.0,0,0.005194,0.0,0.0,0.0,0.215604
2025-09-02,500ETF,Future (IC88 (CSI 500 Futures)),score,-1.0093,0.6,0.0,0,-0.014033,-0.0,0.0,-0.0,0.215604
2025-09-03,500ETF,Future (IC88 (CSI 500 Futures)),score,-0.289,0.6,0.0,0,-0.007695,-0.0,0.0,-0.0,0.215604
2025-09-04,500ETF,Future (IC88 (CSI 500 Futures)),score,0.0075,0.6,0.0,0,-0.035329,-0.0,0.0,-0.0,0.215604
2025-09-05,500ETF,Future (IC88 (CSI 500 Futures)),score,0.3458,0.6,0.0,0,0.021988,0.0,0.0,0.0,0.215604
2025-09-08,500ETF,Future (IC88 (CSI 500 Futures)),score,0.8597,0.6,1.0,1,0.002248,0.002248,0.0008,0.001448,0.217052
2025-09-09,500ETF,Future (IC88 (CSI 500 Futures)),score,-0.057,0.6,0.0,0,-0.011225,-0.0,0.0008,-0.0008,0.216252
2025-09-10,500ETF,Future (IC88 (CSI 500 Futures)),score,1.052,0.6,1.0,1,-0.004753,-0.004753,0.0008,-0.005553,0.210699
2025-09-11,500ETF,Future (IC88 (CSI 500 Futures)),score,-0.4102,0.6,0.0,0,0.03007,0.0,0.0008,-0.0008,0.209899
2025-09-12,500ETF,Future (IC88 (CSI 500 Futures)),score,0.8583,0.6,1.0,1,0.004755,0.004755,0.0008,0.003955,0.213854
2025-09-15,500ETF,Future (IC88 (CSI 500 Futures)),score,-0.5269,0.6,0.0,0,8.4e-05,0.0,0.0008,-0.0008,0.213054
2025-09-16,500ETF,Future (IC88 (CSI 500 Futures)),score,0.7136,0.6,1.0,1,0.00084,0.00084,0.0008,4e-05,0.213094
2025-09-17,500ETF,Future (IC88 (CSI 500 Futures)),score,0.1724,0.6,0.0,0,0.007349,0.0,0.0008,-0.0008,0.212294
2025-09-18,500ETF,Future (IC88 (CSI 500 Futures)),score,0.2857,0.6,0.0,0,-0.015536,-0.0,0.0,-0.0,0.212294
2025-09-19,500ETF,Future (IC88 (CSI 500 Futures)),score,0.346,0.6,0.0,0,0.002276,0.0,0.0,0.0,0.212294
2025-09-22,500ETF,Future (IC88 (CSI 500 Futures)),score,-0.4052,0.6,0.0,0,0.010759,0.0,0.0,0.0,0.212294
2025-09-23,500ETF,Future (IC88 (CSI 500 Futures)),score,-0.5411,0.6,0.0,0,-0.005847,-0.0,0.0,-0.0,0.212294
2025-09-24,500ETF,Future (IC88 (CSI 500 Futures)),score,0.9117,0.6,1.0,1,0.017342,0.017342,0.0008,0.016542,0.228836
2025-09-25,500ETF,Future (IC88 (CSI 500 Futures)),score,0.8124,0.6,1.0,1,0.006302,0.006302,0.0,0.006302,0.235138
2025-09-26,500ETF,Future (IC88 (CSI 500 Futures)),score,0.4181,0.6,0.0,0,-0.008008,-0.0,0.0008,-0.0008,0.234338
2025-09-29,500ETF,Future (IC88 (CSI 500 Futures)),score,-0.2103,0.6,0.0,0,0.015148,0.0,0.0,0.0,0.234338
2025-09-30,500ETF,Future (IC88 (CSI 500 Futures)),score,1.0949,0.6,1.0,1,0.001812,0.001812,0.0008,0.001012,0.23535
2025-10-09,500ETF,Future (IC88 (CSI 500 Futures)),score,0.3256,0.6,0.0,0,0.01186,0.0,0.0008,-0.0008,0.23455
2025-10-10,500ETF,Future (IC88 (CSI 500 Futures)),score,-0.9804,0.6,0.0,0,-0.006313,-0.0,0.0,-0.0,0.23455
2025-10-13,500ETF,Future (IC88 (CSI 500 Futures)),score,0.1253,0.6,0.0,0,0.013606,0.0,0.0,0.0,0.23455
2025-10-14,500ETF,Future (IC88 (CSI 500 Futures)),score,0.4142,0.6,0.0,0,-0.03249,-0.0,0.0,-0.0,0.23455
2025-10-15,500ETF,Future (IC88 (CSI 500 Futures)),score,-0.2312,0.6,0.0,0,0.008733,0.0,0.0,0.0,0.23455
2025-10-16,500ETF,Future (IC88 (CSI 500 Futures)),score,-0.4486,0.6,0.0,0,-0.005614,-0.0,0.0,-0.0,0.23455
2025-10-17,500ETF,Future (IC88 (CSI 500 Futures)),score,-0.2751,0.6,0.0,0,-0.012817,-0.0,0.0,-0.0,0.23455
2025-10-20,500ETF,Future (IC88 (CSI 500 Futures)),score,-0.1336,0.6,0.0,0,-0.012633,-0.0,0.0,-0.0,0.23455
2025-10-21,500ETF,Future (IC88 (CSI 500 Futures)),score,0.6308,0.6,1.0,1,0.008321,0.008321,0.0008,0.007521,0.242071
2025-10-22,500ETF,Future (IC88 (CSI 500 Futures)),score,-0.5068,0.6,0.0,0,0.000821,0.0,0.0008,-0.0008,0.241271
2025-10-23,500ETF,Future (IC88 (CSI 500 Futures)),score,-1.0888,0.6,0.0,0,0.012548,0.0,0.0,0.0,0.241271
2025-10-24,500ETF,Future (IC88 (CSI 500 Futures)),score,1.071,0.6,1.0,1,0.004608,0.004608,0.0008,0.003808,0.245079
2025-10-27,500ETF,Future (IC88 (CSI 500 Futures)),score,1.0266,0.6,1.0,1,0.001668,0.001668,0.0,0.001668,0.246747
2025-10-28,500ETF,Future (IC88 (CSI 500 Futures)),score,-0.1416,0.6,0.0,0,-0.004243,-0.0,0.0008,-0.0008,0.245947
2025-10-29,500ETF,Future (IC88 (CSI 500 Futures)),score,1.1206,0.6,1.0,1,0.011983,0.011983,0.0008,0.011183,0.25713
2025-10-30,500ETF,Future (IC88 (CSI 500 Futures)),score,-0.9935,0.6,0.0,0,-0.00231,-0.0,0.0008,-0.0008,0.25633
2025-10-31,500ETF,Future (IC88 (CSI 500 Futures)),score,-0.359,0.6,0.0,0,-0.004474,-0.0,0.0,-0.0,0.25633
2025-11-03,500ETF,Future (IC88 (CSI 500 Futures)),score,-1.0535,0.6,0.0,0,0.009506,0.0,0.0,0.0,0.25633
2025-11-04,500ETF,Future (IC88 (CSI 500 Futures)),score,-0.6918,0.6,0.0,0,-0.012361,-0.0,0.0,-0.0,0.25633
2025-11-05,500ETF,Future (IC88 (CSI 500 Futures)),score,0.2375,0.6,0.0,0,0.013459,0.0,0.0,0.0,0.25633
2025-11-06,500ETF,Future (IC88 (CSI 500 Futures)),score,1.0134,0.6,1.0,1,0.011383,0.011383,0.0008,0.010583,0.266912
2025-11-07,500ETF,Future (IC88 (CSI 500 Futures)),score,-0.5042,0.6,0.0,0,0.003489,0.0,0.0008,-0.0008,0.266112
2025-11-10,500ETF,Future (IC88 (CSI 500 Futures)),score,0.2167,0.6,0.0,0,0.00285,0.0,0.0,0.0,0.266112
2025-11-11,500ETF,Future (IC88 (CSI 500 Futures)),score,-0.024,0.6,0.0,0,-0.008536,-0.0,0.0,-0.0,0.266112
2025-11-12,500ETF,Future (IC88 (CSI 500 Futures)),score,-0.8639,0.6,0.0,0,-0.00123,-0.0,0.0,-0.0,0.266112
2025-11-13,500ETF,Future (IC88 (CSI 500 Futures)),score,1.0611,0.6,1.0,1,0.007052,0.007052,0.0008,0.006252,0.272365
2025-11-14,500ETF,Future (IC88 (CSI 500 Futures)),score,-0.3962,0.6,0.0,0,-0.002222,-0.0,0.0008,-0.0008,0.271565
2025-11-17,500ETF,Future (IC88 (CSI 500 Futures)),score,-0.1909,0.6,0.0,0,0.004796,0.0,0.0,0.0,0.271565
2025-11-18,500ETF,Future (IC88 (CSI 500 Futures)),score,-0.5269,0.6,0.0,0,-0.004472,-0.0,0.0,-0.0,0.271565
2025-11-19,500ETF,Future (IC88 (CSI 500 Futures)),score,0.5721,0.6,0.0,0,-0.001076,-0.0,0.0,-0.0,0.271565
2025-11-20,500ETF,Future (IC88 (CSI 500 Futures)),score,-0.4725,0.6,0.0,0,-0.008534,-0.0,0.0,-0.0,0.271565
2025-11-21,500ETF,Future (IC88 (CSI 500 Futures)),score,-0.5717,0.6,0.0,0,-0.007972,-0.0,0.0,-0.0,0.271565
2025-11-24,500ETF,Future (IC88 (CSI 500 Futures)),score,-0.3595,0.6,0.0,0,0.007861,0.0,0.0,0.0,0.271565
2025-11-25,500ETF,Future (IC88 (CSI 500 Futures)),score,1.1623,0.6,1.0,1,-0.00266,-0.00266,0.0008,-0.00346,0.268105
2025-11-26,500ETF,Future (IC88 (CSI 500 Futures)),score,0.6239,0.6,1.0,1,-0.007598,-0.007598,0.0,-0.007598,0.260507
2025-11-27,500ETF,Future (IC88 (CSI 500 Futures)),score,1.2511,0.6,1.0,1,-0.012381,-0.012381,0.0,-0.012381,0.248125
2025-11-28,500ETF,Future (IC88 (CSI 500 Futures)),score,0.1941,0.6,0.0,0,0.01108,0.0,0.0008,-0.0008,0.247325
2025-12-01,500ETF,Future (IC88 (CSI 500 Futures)),score,0.6878,0.6,1.0,1,-0.00111,-0.00111,0.0008,-0.00191,0.245415
2025-12-02,500ETF,Future (IC88 (CSI 500 Futures)),score,-0.955,0.6,0.0,0,-0.00189,-0.0,0.0008,-0.0008,0.244615
2025-12-03,500ETF,Future (IC88 (CSI 500 Futures)),score,-0.1118,0.6,0.0,0,-0.003968,-0.0,0.0,-0.0,0.244615
2025-12-04,500ETF,Future (IC88 (CSI 500 Futures)),score,-0.1229,0.6,0.0,0,0.00725,0.0,0.0,0.0,0.244615
2025-12-05,500ETF,Future (IC88 (CSI 500 Futures)),score,-0.7458,0.6,0.0,0,0.012207,0.0,0.0,0.0,0.244615
2025-12-08,500ETF,Future (IC88 (CSI 500 Futures)),score,0.3285,0.6,0.0,0,0.00732,0.0,0.0,0.0,0.244615
2025-12-09,500ETF,Future (IC88 (CSI 500 Futures)),score,0.1884,0.6,0.0,0,-0.00862,-0.0,0.0,-0.0,0.244615
2025-12-10,500ETF,Future (IC88 (CSI 500 Futures)),score,-0.818,0.6,0.0,0,0.011617,0.0,0.0,0.0,0.244615
2025-12-11,500ETF,Future (IC88 (CSI 500 Futures)),score,-0.2658,0.6,0.0,0,-0.004249,-0.0,0.0,-0.0,0.244615
2025-12-12,500ETF,Future (IC88 (CSI 500 Futures)),score,-0.1017,0.6,0.0,0,0.014734,0.0,0.0,0.0,0.244615
2025-12-15,500ETF,Future (IC88 (CSI 500 Futures)),score,0.0852,0.6,0.0,0,-0.004036,-0.0,0.0,-0.0,0.244615
2025-12-16,500ETF,Future (IC88 (CSI 500 Futures)),score,-1.2144,0.6,-1.0,1,-0.000969,0.000969,0.0008,0.000169,0.244785
2025-12-17,500ETF,Future (IC88 (CSI 500 Futures)),score,0.8684,0.6,1.0,1,0.020758,0.020758,0.0016,0.019158,0.263943
2025-12-18,500ETF,Future (IC88 (CSI 500 Futures)),score,0.9164,0.6,1.0,1,-0.006884,-0.006884,0.0,-0.006884,0.257059
2025-12-19,500ETF,Future (IC88 (CSI 500 Futures)),score,0.0825,0.6,0.0,0,0.00528,0.0,0.0008,-0.0008,0.256259
2025-12-22,500ETF,Future (IC88 (CSI 500 Futures)),score,1.1633,0.6,1.0,1,-0.001634,-0.001634,0.0008,-0.002434,0.253825
2025-12-23,500ETF,Future (IC88 (CSI 500 Futures)),score,-0.0722,0.6,0.0,0,-0.00404,-0.0,0.0008,-0.0008,0.253025
2025-12-24,500ETF,Future (IC88 (CSI 500 Futures)),score,0.3668,0.6,0.0,0,0.011006,0.0,0.0,0.0,0.253025
2025-12-25,500ETF,Future (IC88 (CSI 500 Futures)),score,0.4927,0.6,0.0,0,0.009797,0.0,0.0,0.0,0.253025
2025-12-26,500ETF,Future (IC88 (CSI 500 Futures)),score,0.7149,0.6,1.0,1,0.000806,0.000806,0.0008,6e-06,0.253032
2025-12-29,500ETF,Future (IC88 (CSI 500 Futures)),score,-0.4376,0.6,0.0,0,-0.001996,-0.0,0.0008,-0.0008,0.252232
2025-12-30,500ETF,Future (IC88 (CSI 500 Futures)),score,0.8788,0.6,1.0,1,0.001556,0.001556,0.0008,0.000756,0.252987
2025-12-31,500ETF,Future (IC88 (CSI 500 Futures)),score,-0.5391,0.6,0.0,0,0.001209,0.0,0.0008,-0.0008,0.252187
