date,etf,asset_type,scheme,z_composite,z_th,position,is_trade,trade_return,raw_pnl,fee,net_pnl,cum_pnl
2022-01-04,300ETF,Future (IF88 (CSI 300 Futures)),icw,-0.7705,1.3,0.0,0,0.00362,0.0,0.0,0.0,0.0
2022-01-05,300ETF,Future (IF88 (CSI 300 Futures)),icw,-0.5651,1.3,0.0,0,-0.004212,-0.0,0.0,-0.0,0.0
2022-01-06,300ETF,Future (IF88 (CSI 300 Futures)),icw,-0.3304,1.3,0.0,0,-0.00526,-0.0,0.0,-0.0,0.0
2022-01-07,300ETF,Future (IF88 (CSI 300 Futures)),icw,0.9815,1.3,0.0,0,-0.003136,-0.0,0.0,-0.0,0.0
2022-01-10,300ETF,Future (IF88 (CSI 300 Futures)),icw,-0.2152,1.3,0.0,0,0.004177,0.0,0.0,0.0,0.0
2022-01-11,300ETF,Future (IF88 (CSI 300 Futures)),icw,-0.3175,1.3,0.0,0,-0.00605,-0.0,0.0,-0.0,0.0
2022-01-12,300ETF,Future (IF88 (CSI 300 Futures)),icw,-0.1009,1.3,0.0,0,0.006447,0.0,0.0,0.0,0.0
2022-01-13,300ETF,Future (IF88 (CSI 300 Futures)),icw,-0.6368,1.3,0.0,0,-0.012848,-0.0,0.0,-0.0,0.0
2022-01-14,300ETF,Future (IF88 (CSI 300 Futures)),icw,-0.7424,1.3,0.0,0,-0.000928,-0.0,0.0,-0.0,0.0
2022-01-17,300ETF,Future (IF88 (CSI 300 Futures)),icw,0.9005,1.3,0.0,0,0.002604,0.0,0.0,0.0,0.0
2022-01-18,300ETF,Future (IF88 (CSI 300 Futures)),icw,0.5135,1.3,0.0,0,0.004749,0.0,0.0,0.0,0.0
2022-01-19,300ETF,Future (IF88 (CSI 300 Futures)),icw,-0.0885,1.3,0.0,0,-0.004591,-0.0,0.0,-0.0,0.0
2022-01-20,300ETF,Future (IF88 (CSI 300 Futures)),icw,1.2678,1.3,0.0,0,0.001037,0.0,0.0,0.0,0.0
2022-01-21,300ETF,Future (IF88 (CSI 300 Futures)),icw,-0.8669,1.3,0.0,0,-0.004243,-0.0,0.0,-0.0,0.0
2022-01-24,300ETF,Future (IF88 (CSI 300 Futures)),icw,0.012,1.3,0.0,0,0.003174,0.0,0.0,0.0,0.0
2022-01-25,300ETF,Future (IF88 (CSI 300 Futures)),icw,-0.2129,1.3,0.0,0,-0.014499,-0.0,0.0,-0.0,0.0
2022-01-26,300ETF,Future (IF88 (CSI 300 Futures)),icw,0.7416,1.3,0.0,0,0.002291,0.0,0.0,0.0,0.0
2022-01-27,300ETF,Future (IF88 (CSI 300 Futures)),icw,-0.6035,1.3,0.0,0,-0.013897,-0.0,0.0,-0.0,0.0
2022-01-28,300ETF,Future (IF88 (CSI 300 Futures)),icw,0.2607,1.3,0.0,0,-0.007697,-0.0,0.0,-0.0,0.0
2022-02-07,300ETF,Future (IF88 (CSI 300 Futures)),icw,1.4522,1.3,1.0,1,-0.001858,-0.001858,0.0008,-0.002658,-0.002658
2022-02-08,300ETF,Future (IF88 (CSI 300 Futures)),icw,-0.925,1.3,0.0,0,-0.000478,-0.0,0.0,-0.0,-0.002658
2022-02-09,300ETF,Future (IF88 (CSI 300 Futures)),icw,0.0977,1.3,0.0,0,0.011712,0.0,0.0,0.0,-0.002658
2022-02-10,300ETF,Future (IF88 (CSI 300 Futures)),icw,-0.8895,1.3,0.0,0,0.000821,0.0,0.0,0.0,-0.002658
2022-02-11,300ETF,Future (IF88 (CSI 300 Futures)),icw,0.5906,1.3,0.0,0,-0.010146,-0.0,0.0,-0.0,-0.002658
2022-02-14,300ETF,Future (IF88 (CSI 300 Futures)),icw,-0.3507,1.3,0.0,0,-0.012,-0.0,0.0,-0.0,-0.002658
2022-02-15,300ETF,Future (IF88 (CSI 300 Futures)),icw,0.4925,1.3,0.0,0,0.001529,0.0,0.0,0.0,-0.002658
2022-02-16,300ETF,Future (IF88 (CSI 300 Futures)),icw,-0.0068,1.3,0.0,0,-0.003377,-0.0,0.0,-0.0,-0.002658
2022-02-17,300ETF,Future (IF88 (CSI 300 Futures)),icw,-0.3129,1.3,0.0,0,-0.001124,-0.0,0.0,-0.0,-0.002658
2022-02-18,300ETF,Future (IF88 (CSI 300 Futures)),icw,-0.1966,1.3,0.0,0,0.004883,0.0,0.0,0.0,-0.002658
2022-02-21,300ETF,Future (IF88 (CSI 300 Futures)),icw,-0.7078,1.3,0.0,0,0.00013,0.0,0.0,0.0,-0.002658
2022-02-22,300ETF,Future (IF88 (CSI 300 Futures)),icw,-1.1423,1.3,-1.0,1,0.002811,-0.002811,0.0008,-0.003611,-0.006269
2022-02-23,300ETF,Future (IF88 (CSI 300 Futures)),icw,0.5195,1.3,0.0,0,0.006788,0.0,0.0,0.0,-0.006269
2022-02-24,300ETF,Future (IF88 (CSI 300 Futures)),icw,-0.4561,1.3,0.0,0,-0.01706,-0.0,0.0,-0.0,-0.006269
2022-02-25,300ETF,Future (IF88 (CSI 300 Futures)),icw,1.2788,1.3,0.0,0,-0.009502,-0.0,0.0,-0.0,-0.006269
2022-02-28,300ETF,Future (IF88 (CSI 300 Futures)),icw,-0.1603,1.3,0.0,0,0.004262,0.0,0.0,0.0,-0.006269
2022-03-01,300ETF,Future (IF88 (CSI 300 Futures)),icw,0.5962,1.3,0.0,0,0.003559,0.0,0.0,0.0,-0.006269
2022-03-02,300ETF,Future (IF88 (CSI 300 Futures)),icw,-1.0122,1.3,-1.0,1,0.003148,-0.003148,0.0008,-0.003948,-0.010217
2022-03-03,300ETF,Future (IF88 (CSI 300 Futures)),icw,-0.3366,1.3,0.0,0,-0.004653,-0.0,0.0,-0.0,-0.010217
2022-03-04,300ETF,Future (IF88 (CSI 300 Futures)),icw,-1.1086,1.3,-1.0,1,-0.004494,0.004494,0.0008,0.003694,-0.006523
2022-03-07,300ETF,Future (IF88 (CSI 300 Futures)),icw,-1.2765,1.3,-1.0,1,-0.010623,0.010623,0.0008,0.009823,0.0033
2022-03-08,300ETF,Future (IF88 (CSI 300 Futures)),icw,0.578,1.3,0.0,0,-0.01832,-0.0,0.0,-0.0,0.0033
2022-03-09,300ETF,Future (IF88 (CSI 300 Futures)),icw,-0.0404,1.3,0.0,0,-0.019109,-0.0,0.0,-0.0,0.0033
2022-03-10,300ETF,Future (IF88 (CSI 300 Futures)),icw,0.0116,1.3,0.0,0,-0.002617,-0.0,0.0,-0.0,0.0033
2022-03-11,300ETF,Future (IF88 (CSI 300 Futures)),icw,-1.1746,1.3,-1.0,1,0.01698,-0.01698,0.0008,-0.01778,-0.01448
2022-03-14,300ETF,Future (IF88 (CSI 300 Futures)),icw,-0.9658,1.3,0.0,0,-0.018591,-0.0,0.0,-0.0,-0.01448
2022-03-15,300ETF,Future (IF88 (CSI 300 Futures)),icw,-1.5655,1.3,-1.0,1,-0.013969,0.013969,0.0008,0.013169,-0.001311
2022-03-16,300ETF,Future (IF88 (CSI 300 Futures)),icw,-0.2932,1.3,0.0,0,0.031527,0.0,0.0,0.0,-0.001311
2022-03-17,300ETF,Future (IF88 (CSI 300 Futures)),icw,0.869,1.3,0.0,0,0.006999,0.0,0.0,0.0,-0.001311
2022-03-18,300ETF,Future (IF88 (CSI 300 Futures)),icw,-0.2355,1.3,0.0,0,0.0102,0.0,0.0,0.0,-0.001311
2022-03-21,300ETF,Future (IF88 (CSI 300 Futures)),icw,-0.652,1.3,0.0,0,-0.005356,-0.0,0.0,-0.0,-0.001311
2022-03-22,300ETF,Future (IF88 (CSI 300 Futures)),icw,0.1121,1.3,0.0,0,-0.003178,-0.0,0.0,-0.0,-0.001311
2022-03-23,300ETF,Future (IF88 (CSI 300 Futures)),icw,-0.8119,1.3,0.0,0,0.005386,0.0,0.0,0.0,-0.001311
2022-03-24,300ETF,Future (IF88 (CSI 300 Futures)),icw,-0.9327,1.3,0.0,0,0.006069,0.0,0.0,0.0,-0.001311
2022-03-25,300ETF,Future (IF88 (CSI 300 Futures)),icw,-0.1566,1.3,0.0,0,-0.018087,-0.0,0.0,-0.0,-0.001311
2022-03-28,300ETF,Future (IF88 (CSI 300 Futures)),icw,-1.099,1.3,-1.0,1,0.009316,-0.009316,0.0008,-0.010116,-0.011427
2022-03-29,300ETF,Future (IF88 (CSI 300 Futures)),icw,0.6792,1.3,0.0,0,-0.00943,-0.0,0.0,-0.0,-0.011427
2022-03-30,300ETF,Future (IF88 (CSI 300 Futures)),icw,1.1487,1.3,0.0,0,0.015734,0.0,0.0,0.0,-0.011427
2022-03-31,300ETF,Future (IF88 (CSI 300 Futures)),icw,-0.4135,1.3,0.0,0,-0.00019,-0.0,0.0,-0.0,-0.011427
2022-04-01,300ETF,Future (IF88 (CSI 300 Futures)),icw,0.1625,1.3,0.0,0,0.010988,0.0,0.0,0.0,-0.011427
2022-04-06,300ETF,Future (IF88 (CSI 300 Futures)),icw,-0.2386,1.3,0.0,0,-0.005048,-0.0,0.0,-0.0,-0.011427
2022-04-07,300ETF,Future (IF88 (CSI 300 Futures)),icw,0.4537,1.3,0.0,0,-0.009238,-0.0,0.0,-0.0,-0.011427
2022-04-08,300ETF,Future (IF88 (CSI 300 Futures)),icw,0.2202,1.3,0.0,0,0.003515,0.0,0.0,0.0,-0.011427
2022-04-11,300ETF,Future (IF88 (CSI 300 Futures)),icw,-1.219,1.3,-1.0,1,-0.011933,0.011933,0.0008,0.011133,-0.000294
2022-04-12,300ETF,Future (IF88 (CSI 300 Futures)),icw,0.397,1.3,0.0,0,0.014474,0.0,0.0,0.0,-0.000294
2022-04-13,300ETF,Future (IF88 (CSI 300 Futures)),icw,-0.73,1.3,0.0,0,0.001346,0.0,0.0,0.0,-0.000294
2022-04-14,300ETF,Future (IF88 (CSI 300 Futures)),icw,-0.1142,1.3,0.0,0,0.007601,0.0,0.0,0.0,-0.000294
2022-04-15,300ETF,Future (IF88 (CSI 300 Futures)),icw,-0.3918,1.3,0.0,0,0.002778,0.0,0.0,0.0,-0.000294
2022-04-18,300ETF,Future (IF88 (CSI 300 Futures)),icw,-1.204,1.3,-1.0,1,0.000676,-0.000676,0.0008,-0.001476,-0.00177
2022-04-19,300ETF,Future (IF88 (CSI 300 Futures)),icw,0.4833,1.3,0.0,0,-0.007211,-0.0,0.0,-0.0,-0.00177
2022-04-20,300ETF,Future (IF88 (CSI 300 Futures)),icw,-0.7485,1.3,0.0,0,-0.006677,-0.0,0.0,-0.0,-0.00177
2022-04-21,300ETF,Future (IF88 (CSI 300 Futures)),icw,0.4847,1.3,0.0,0,-0.016735,-0.0,0.0,-0.0,-0.00177
2022-04-22,300ETF,Future (IF88 (CSI 300 Futures)),icw,0.0625,1.3,0.0,0,0.004801,0.0,0.0,0.0,-0.00177
2022-04-25,300ETF,Future (IF88 (CSI 300 Futures)),icw,-1.1575,1.3,-1.0,1,-0.021402,0.021402,0.0008,0.020602,0.018833
2022-04-26,300ETF,Future (IF88 (CSI 300 Futures)),icw,0.1865,1.3,0.0,0,-0.001949,-0.0,0.0,-0.0,0.018833
2022-04-27,300ETF,Future (IF88 (CSI 300 Futures)),icw,1.4483,1.3,1.0,1,0.015999,0.015999,0.0008,0.015199,0.034031
2022-04-28,300ETF,Future (IF88 (CSI 300 Futures)),icw,0.0637,1.3,0.0,0,0.004729,0.0,0.0,0.0,0.034031
2022-04-29,300ETF,Future (IF88 (CSI 300 Futures)),icw,-0.3077,1.3,0.0,0,0.026209,0.0,0.0,0.0,0.034031
2022-05-05,300ETF,Future (IF88 (CSI 300 Futures)),icw,-0.1469,1.3,0.0,0,-0.000901,-0.0,0.0,-0.0,0.034031
2022-05-06,300ETF,Future (IF88 (CSI 300 Futures)),icw,-1.5344,1.3,-1.0,1,-0.008445,0.008445,0.0008,0.007645,0.041677
2022-05-09,300ETF,Future (IF88 (CSI 300 Futures)),icw,0.1168,1.3,0.0,0,-0.010616,-0.0,0.0,-0.0,0.041677
2022-05-10,300ETF,Future (IF88 (CSI 300 Futures)),icw,-0.6529,1.3,0.0,0,0.021306,0.0,0.0,0.0,0.041677
2022-05-11,300ETF,Future (IF88 (CSI 300 Futures)),icw,1.3533,1.3,1.0,1,0.008236,0.008236,0.0008,0.007436,0.049113
2022-05-12,300ETF,Future (IF88 (CSI 300 Futures)),icw,-0.1847,1.3,0.0,0,0.001674,0.0,0.0,0.0,0.049113
2022-05-13,300ETF,Future (IF88 (CSI 300 Futures)),icw,0.2626,1.3,0.0,0,-0.004325,-0.0,0.0,-0.0,0.049113
2022-05-16,300ETF,Future (IF88 (CSI 300 Futures)),icw,-0.2949,1.3,0.0,0,-0.007358,-0.0,0.0,-0.0,0.049113
2022-05-17,300ETF,Future (IF88 (CSI 300 Futures)),icw,0.5587,1.3,0.0,0,0.006471,0.0,0.0,0.0,0.049113
2022-05-18,300ETF,Future (IF88 (CSI 300 Futures)),icw,-0.8801,1.3,0.0,0,0.002929,0.0,0.0,0.0,0.049113
2022-05-19,300ETF,Future (IF88 (CSI 300 Futures)),icw,-0.6635,1.3,0.0,0,0.010555,0.0,0.0,0.0,0.049113
2022-05-20,300ETF,Future (IF88 (CSI 300 Futures)),icw,1.8413,1.3,1.0,1,0.001435,0.001435,0.0008,0.000635,0.049748
2022-05-23,300ETF,Future (IF88 (CSI 300 Futures)),icw,-0.9685,1.3,0.0,0,-0.002932,-0.0,0.0,-0.0,0.049748
2022-05-24,300ETF,Future (IF88 (CSI 300 Futures)),icw,-0.7565,1.3,0.0,0,-0.011522,-0.0,0.0,-0.0,0.049748
2022-05-25,300ETF,Future (IF88 (CSI 300 Futures)),icw,0.6229,1.3,0.0,0,-0.003949,-0.0,0.0,-0.0,0.049748
2022-05-26,300ETF,Future (IF88 (CSI 300 Futures)),icw,-0.6892,1.3,0.0,0,0.014218,0.0,0.0,0.0,0.049748
2022-05-27,300ETF,Future (IF88 (CSI 300 Futures)),icw,1.1584,1.3,0.0,0,-0.008403,-0.0,0.0,-0.0,0.049748
2022-05-30,300ETF,Future (IF88 (CSI 300 Futures)),icw,-0.2543,1.3,0.0,0,0.00195,0.0,0.0,0.0,0.049748
2022-05-31,300ETF,Future (IF88 (CSI 300 Futures)),icw,0.4502,1.3,0.0,0,0.016444,0.0,0.0,0.0,0.049748
2022-06-01,300ETF,Future (IF88 (CSI 300 Futures)),icw,-0.4513,1.3,0.0,0,-0.00266,-0.0,0.0,-0.0,0.049748
2022-06-02,300ETF,Future (IF88 (CSI 300 Futures)),icw,-0.3532,1.3,0.0,0,0.00464,0.0,0.0,0.0,0.049748
2022-06-06,300ETF,Future (IF88 (CSI 300 Futures)),icw,-0.2998,1.3,0.0,0,0.017694,0.0,0.0,0.0,0.049748
2022-06-07,300ETF,Future (IF88 (CSI 300 Futures)),icw,0.9696,1.3,0.0,0,0.002741,0.0,0.0,0.0,0.049748
2022-06-08,300ETF,Future (IF88 (CSI 300 Futures)),icw,0.0706,1.3,0.0,0,0.003488,0.0,0.0,0.0,0.049748
2022-06-09,300ETF,Future (IF88 (CSI 300 Futures)),icw,0.0336,1.3,0.0,0,-0.007809,-0.0,0.0,-0.0,0.049748
2022-06-10,300ETF,Future (IF88 (CSI 300 Futures)),icw,-0.3742,1.3,0.0,0,0.019563,0.0,0.0,0.0,0.049748
2022-06-13,300ETF,Future (IF88 (CSI 300 Futures)),icw,-0.5111,1.3,0.0,0,-0.006781,-0.0,0.0,-0.0,0.049748
2022-06-14,300ETF,Future (IF88 (CSI 300 Futures)),icw,-0.4054,1.3,0.0,0,0.013651,0.0,0.0,0.0,0.049748
2022-06-15,300ETF,Future (IF88 (CSI 300 Futures)),icw,1.4365,1.3,1.0,1,0.017195,0.017195,0.0008,0.016395,0.066143
2022-06-16,300ETF,Future (IF88 (CSI 300 Futures)),icw,0.5211,1.3,0.0,0,-0.007818,-0.0,0.0,-0.0,0.066143
2022-06-17,300ETF,Future (IF88 (CSI 300 Futures)),icw,0.8221,1.3,0.0,0,0.008249,0.0,0.0,0.0,0.066143
2022-06-20,300ETF,Future (IF88 (CSI 300 Futures)),icw,0.3747,1.3,0.0,0,0.004441,0.0,0.0,0.0,0.066143
2022-06-21,300ETF,Future (IF88 (CSI 300 Futures)),icw,0.1402,1.3,0.0,0,-0.00582,-0.0,0.0,-0.0,0.066143
2022-06-22,300ETF,Future (IF88 (CSI 300 Futures)),icw,-0.8265,1.3,0.0,0,-0.012294,-0.0,0.0,-0.0,0.066143
2022-06-23,300ETF,Future (IF88 (CSI 300 Futures)),icw,0.5928,1.3,0.0,0,0.014387,0.0,0.0,0.0,0.066143
2022-06-24,300ETF,Future (IF88 (CSI 300 Futures)),icw,-0.457,1.3,0.0,0,0.00723,0.0,0.0,0.0,0.066143
2022-06-27,300ETF,Future (IF88 (CSI 300 Futures)),icw,1.1777,1.3,0.0,0,0.003123,0.0,0.0,0.0,0.066143
2022-06-28,300ETF,Future (IF88 (CSI 300 Futures)),icw,-0.9602,1.3,0.0,0,0.014628,0.0,0.0,0.0,0.066143
2022-06-29,300ETF,Future (IF88 (CSI 300 Futures)),icw,0.3479,1.3,0.0,0,-0.010098,-0.0,0.0,-0.0,0.066143
2022-06-30,300ETF,Future (IF88 (CSI 300 Futures)),icw,1.2115,1.3,0.0,0,0.005978,0.0,0.0,0.0,0.066143
2022-07-01,300ETF,Future (IF88 (CSI 300 Futures)),icw,0.0625,1.3,0.0,0,-0.001443,-0.0,0.0,-0.0,0.066143
2022-07-04,300ETF,Future (IF88 (CSI 300 Futures)),icw,-0.5441,1.3,0.0,0,0.002336,0.0,0.0,0.0,0.066143
2022-07-05,300ETF,Future (IF88 (CSI 300 Futures)),icw,0.6852,1.3,0.0,0,-0.006454,-0.0,0.0,-0.0,0.066143
2022-07-06,300ETF,Future (IF88 (CSI 300 Futures)),icw,-0.4023,1.3,0.0,0,-0.013821,-0.0,0.0,-0.0,0.066143
2022-07-07,300ETF,Future (IF88 (CSI 300 Futures)),icw,-0.7535,1.3,0.0,0,0.006806,0.0,0.0,0.0,0.066143
2022-07-08,300ETF,Future (IF88 (CSI 300 Futures)),icw,0.0344,1.3,0.0,0,-0.003346,-0.0,0.0,-0.0,0.066143
2022-07-11,300ETF,Future (IF88 (CSI 300 Futures)),icw,-1.1378,1.3,-1.0,1,-0.001198,0.001198,0.0008,0.000398,0.066541
2022-07-12,300ETF,Future (IF88 (CSI 300 Futures)),icw,0.2906,1.3,0.0,0,-0.008893,-0.0,0.0,-0.0,0.066541
2022-07-13,300ETF,Future (IF88 (CSI 300 Futures)),icw,-0.2373,1.3,0.0,0,-0.000838,-0.0,0.0,-0.0,0.066541
2022-07-14,300ETF,Future (IF88 (CSI 300 Futures)),icw,-0.7557,1.3,0.0,0,-0.002741,-0.0,0.0,-0.0,0.066541
2022-07-15,300ETF,Future (IF88 (CSI 300 Futures)),icw,0.1371,1.3,0.0,0,-0.013666,-0.0,0.0,-0.0,0.066541
2022-07-18,300ETF,Future (IF88 (CSI 300 Futures)),icw,-0.4889,1.3,0.0,0,0.008858,0.0,0.0,0.0,0.066541
2022-07-19,300ETF,Future (IF88 (CSI 300 Futures)),icw,-0.8647,1.3,0.0,0,0.003105,0.0,0.0,0.0,0.066541
2022-07-20,300ETF,Future (IF88 (CSI 300 Futures)),icw,-0.058,1.3,0.0,0,-0.003699,-0.0,0.0,-0.0,0.066541
2022-07-21,300ETF,Future (IF88 (CSI 300 Futures)),icw,-0.6149,1.3,0.0,0,-0.006041,-0.0,0.0,-0.0,0.066541
2022-07-22,300ETF,Future (IF88 (CSI 300 Futures)),icw,0.3382,1.3,0.0,0,-0.002641,-0.0,0.0,-0.0,0.066541
2022-07-25,300ETF,Future (IF88 (CSI 300 Futures)),icw,-0.6721,1.3,0.0,0,0.002236,0.0,0.0,0.0,0.066541
2022-07-26,300ETF,Future (IF88 (CSI 300 Futures)),icw,0.5627,1.3,0.0,0,0.003738,0.0,0.0,0.0,0.066541
2022-07-27,300ETF,Future (IF88 (CSI 300 Futures)),icw,-0.7791,1.3,0.0,0,-0.002563,-0.0,0.0,-0.0,0.066541
2022-07-28,300ETF,Future (IF88 (CSI 300 Futures)),icw,-0.0077,1.3,0.0,0,-0.001136,-0.0,0.0,-0.0,0.066541
2022-07-29,300ETF,Future (IF88 (CSI 300 Futures)),icw,0.0493,1.3,0.0,0,-0.021056,-0.0,0.0,-0.0,0.066541
2022-08-01,300ETF,Future (IF88 (CSI 300 Futures)),icw,-0.7005,1.3,0.0,0,0.001638,0.0,0.0,0.0,0.066541
2022-08-02,300ETF,Future (IF88 (CSI 300 Futures)),icw,-1.3994,1.3,-1.0,1,-0.004816,0.004816,0.0008,0.004016,0.070557
2022-08-03,300ETF,Future (IF88 (CSI 300 Futures)),icw,1.0773,1.3,0.0,0,-0.00979,-0.0,0.0,-0.0,0.070557
2022-08-04,300ETF,Future (IF88 (CSI 300 Futures)),icw,-0.0513,1.3,0.0,0,0.000393,0.0,0.0,0.0,0.070557
2022-08-05,300ETF,Future (IF88 (CSI 300 Futures)),icw,0.2666,1.3,0.0,0,0.010817,0.0,0.0,0.0,0.070557
2022-08-08,300ETF,Future (IF88 (CSI 300 Futures)),icw,-0.2261,1.3,0.0,0,-0.001207,-0.0,0.0,-0.0,0.070557
2022-08-09,300ETF,Future (IF88 (CSI 300 Futures)),icw,-0.3532,1.3,0.0,0,0.002274,0.0,0.0,0.0,0.070557
2022-08-10,300ETF,Future (IF88 (CSI 300 Futures)),icw,-0.0736,1.3,0.0,0,-0.011236,-0.0,0.0,-0.0,0.070557
2022-08-11,300ETF,Future (IF88 (CSI 300 Futures)),icw,-0.3572,1.3,0.0,0,0.016668,0.0,0.0,0.0,0.070557
2022-08-12,300ETF,Future (IF88 (CSI 300 Futures)),icw,-0.5795,1.3,0.0,0,0.004303,0.0,0.0,0.0,0.070557
2022-08-15,300ETF,Future (IF88 (CSI 300 Futures)),icw,0.8093,1.3,0.0,0,-0.008953,-0.0,0.0,-0.0,0.070557
2022-08-16,300ETF,Future (IF88 (CSI 300 Futures)),icw,0.0983,1.3,0.0,0,-0.004837,-0.0,0.0,-0.0,0.070557
2022-08-17,300ETF,Future (IF88 (CSI 300 Futures)),icw,-0.6145,1.3,0.0,0,0.014791,0.0,0.0,0.0,0.070557
2022-08-18,300ETF,Future (IF88 (CSI 300 Futures)),icw,-0.3334,1.3,0.0,0,-0.007176,-0.0,0.0,-0.0,0.070557
2022-08-19,300ETF,Future (IF88 (CSI 300 Futures)),icw,0.0199,1.3,0.0,0,-0.005002,-0.0,0.0,-0.0,0.070557
2022-08-22,300ETF,Future (IF88 (CSI 300 Futures)),icw,0.5636,1.3,0.0,0,0.000958,0.0,0.0,0.0,0.070557
2022-08-23,300ETF,Future (IF88 (CSI 300 Futures)),icw,-0.0101,1.3,0.0,0,-0.00265,-0.0,0.0,-0.0,0.070557
2022-08-24,300ETF,Future (IF88 (CSI 300 Futures)),icw,-0.4319,1.3,0.0,0,-0.014525,-0.0,0.0,-0.0,0.070557
2022-08-25,300ETF,Future (IF88 (CSI 300 Futures)),icw,0.0498,1.3,0.0,0,0.00303,0.0,0.0,0.0,0.070557
2022-08-26,300ETF,Future (IF88 (CSI 300 Futures)),icw,-0.4873,1.3,0.0,0,-0.00481,-0.0,0.0,-0.0,0.070557
2022-08-29,300ETF,Future (IF88 (CSI 300 Futures)),icw,-0.424,1.3,0.0,0,-0.000882,-0.0,0.0,-0.0,0.070557
2022-08-30,300ETF,Future (IF88 (CSI 300 Futures)),icw,-0.2872,1.3,0.0,0,0.000639,0.0,0.0,0.0,0.070557
2022-08-31,300ETF,Future (IF88 (CSI 300 Futures)),icw,0.3537,1.3,0.0,0,-0.00147,-0.0,0.0,-0.0,0.070557
2022-09-01,300ETF,Future (IF88 (CSI 300 Futures)),icw,0.0997,1.3,0.0,0,-0.007958,-0.0,0.0,-0.0,0.070557
2022-09-02,300ETF,Future (IF88 (CSI 300 Futures)),icw,-0.5845,1.3,0.0,0,-0.005311,-0.0,0.0,-0.0,0.070557
2022-09-05,300ETF,Future (IF88 (CSI 300 Futures)),icw,-0.6294,1.3,0.0,0,-0.000449,-0.0,0.0,-0.0,0.070557
2022-09-06,300ETF,Future (IF88 (CSI 300 Futures)),icw,-0.1544,1.3,0.0,0,0.006102,0.0,0.0,0.0,0.070557
2022-09-07,300ETF,Future (IF88 (CSI 300 Futures)),icw,-0.1016,1.3,0.0,0,0.00173,0.0,0.0,0.0,0.070557
2022-09-08,300ETF,Future (IF88 (CSI 300 Futures)),icw,-0.1702,1.3,0.0,0,-0.004642,-0.0,0.0,-0.0,0.070557
2022-09-09,300ETF,Future (IF88 (CSI 300 Futures)),icw,0.2119,1.3,0.0,0,0.008467,0.0,0.0,0.0,0.070557
2022-09-13,300ETF,Future (IF88 (CSI 300 Futures)),icw,-0.4824,1.3,0.0,0,0.001459,0.0,0.0,0.0,0.070557
2022-09-14,300ETF,Future (IF88 (CSI 300 Futures)),icw,-0.6601,1.3,0.0,0,-0.003434,-0.0,0.0,-0.0,0.070557
2022-09-15,300ETF,Future (IF88 (CSI 300 Futures)),icw,0.3422,1.3,0.0,0,-0.015849,-0.0,0.0,-0.0,0.070557
2022-09-16,300ETF,Future (IF88 (CSI 300 Futures)),icw,-0.7536,1.3,0.0,0,-0.010984,-0.0,0.0,-0.0,0.070557
2022-09-19,300ETF,Future (IF88 (CSI 300 Futures)),icw,-0.1337,1.3,0.0,0,-0.004067,-0.0,0.0,-0.0,0.070557
2022-09-20,300ETF,Future (IF88 (CSI 300 Futures)),icw,0.0695,1.3,0.0,0,-0.004727,-0.0,0.0,-0.0,0.070557
2022-09-21,300ETF,Future (IF88 (CSI 300 Futures)),icw,-0.9652,1.3,0.0,0,0.005336,0.0,0.0,0.0,0.070557
2022-09-22,300ETF,Future (IF88 (CSI 300 Futures)),icw,-0.717,1.3,0.0,0,-0.006338,-0.0,0.0,-0.0,0.070557
2022-09-23,300ETF,Future (IF88 (CSI 300 Futures)),icw,0.697,1.3,0.0,0,-0.003614,-0.0,0.0,-0.0,0.070557
2022-09-26,300ETF,Future (IF88 (CSI 300 Futures)),icw,0.7412,1.3,0.0,0,-0.007155,-0.0,0.0,-0.0,0.070557
2022-09-27,300ETF,Future (IF88 (CSI 300 Futures)),icw,0.0642,1.3,0.0,0,0.011504,0.0,0.0,0.0,0.070557
2022-09-28,300ETF,Future (IF88 (CSI 300 Futures)),icw,-0.8961,1.3,0.0,0,-0.005347,-0.0,0.0,-0.0,0.070557
2022-09-29,300ETF,Future (IF88 (CSI 300 Futures)),icw,-0.1979,1.3,0.0,0,-0.012038,-0.0,0.0,-0.0,0.070557
2022-09-30,300ETF,Future (IF88 (CSI 300 Futures)),icw,0.3345,1.3,0.0,0,-0.004495,-0.0,0.0,-0.0,0.070557
2022-10-10,300ETF,Future (IF88 (CSI 300 Futures)),icw,-0.8648,1.3,0.0,0,-0.019164,-0.0,0.0,-0.0,0.070557
2022-10-11,300ETF,Future (IF88 (CSI 300 Futures)),icw,-0.5693,1.3,0.0,0,0.000322,0.0,0.0,0.0,0.070557
2022-10-12,300ETF,Future (IF88 (CSI 300 Futures)),icw,-0.7209,1.3,0.0,0,0.019937,0.0,0.0,0.0,0.070557
2022-10-13,300ETF,Future (IF88 (CSI 300 Futures)),icw,-0.3298,1.3,0.0,0,-0.000106,-0.0,0.0,-0.0,0.070557
2022-10-14,300ETF,Future (IF88 (CSI 300 Futures)),icw,1.0367,1.3,0.0,0,0.007829,0.0,0.0,0.0,0.070557
2022-10-17,300ETF,Future (IF88 (CSI 300 Futures)),icw,-0.3928,1.3,0.0,0,0.008418,0.0,0.0,0.0,0.070557
2022-10-18,300ETF,Future (IF88 (CSI 300 Futures)),icw,-0.4273,1.3,0.0,0,-0.004215,-0.0,0.0,-0.0,0.070557
2022-10-19,300ETF,Future (IF88 (CSI 300 Futures)),icw,-0.0827,1.3,0.0,0,-0.012115,-0.0,0.0,-0.0,0.070557
2022-10-20,300ETF,Future (IF88 (CSI 300 Futures)),icw,-0.7604,1.3,0.0,0,0.003897,0.0,0.0,0.0,0.070557
2022-10-21,300ETF,Future (IF88 (CSI 300 Futures)),icw,0.157,1.3,0.0,0,-0.003262,-0.0,0.0,-0.0,0.070557
2022-10-24,300ETF,Future (IF88 (CSI 300 Futures)),icw,0.1752,1.3,0.0,0,-0.021122,-0.0,0.0,-0.0,0.070557
2022-10-25,300ETF,Future (IF88 (CSI 300 Futures)),icw,0.1262,1.3,0.0,0,-0.000441,-0.0,0.0,-0.0,0.070557
2022-10-26,300ETF,Future (IF88 (CSI 300 Futures)),icw,0.7792,1.3,0.0,0,-0.002849,-0.0,0.0,-0.0,0.070557
2022-10-27,300ETF,Future (IF88 (CSI 300 Futures)),icw,-0.0572,1.3,0.0,0,-0.013264,-0.0,0.0,-0.0,0.070557
2022-10-28,300ETF,Future (IF88 (CSI 300 Futures)),icw,-0.811,1.3,0.0,0,-0.020637,-0.0,0.0,-0.0,0.070557
2022-10-31,300ETF,Future (IF88 (CSI 300 Futures)),icw,-0.3743,1.3,0.0,0,-0.008639,-0.0,0.0,-0.0,0.070557
2022-11-01,300ETF,Future (IF88 (CSI 300 Futures)),icw,0.9008,1.3,0.0,0,0.023091,0.0,0.0,0.0,0.070557
2022-11-02,300ETF,Future (IF88 (CSI 300 Futures)),icw,0.3257,1.3,0.0,0,0.00869,0.0,0.0,0.0,0.070557
2022-11-03,300ETF,Future (IF88 (CSI 300 Futures)),icw,-0.3372,1.3,0.0,0,0.000767,0.0,0.0,0.0,0.070557
2022-11-04,300ETF,Future (IF88 (CSI 300 Futures)),icw,2.045,1.3,1.0,1,0.017217,0.017217,0.0008,0.016417,0.086974
2022-11-07,300ETF,Future (IF88 (CSI 300 Futures)),icw,0.6413,1.3,0.0,0,0.003176,0.0,0.0,0.0,0.086974
2022-11-08,300ETF,Future (IF88 (CSI 300 Futures)),icw,-0.4285,1.3,0.0,0,-0.006593,-0.0,0.0,-0.0,0.086974
2022-11-09,300ETF,Future (IF88 (CSI 300 Futures)),icw,-0.1069,1.3,0.0,0,-0.006373,-0.0,0.0,-0.0,0.086974
2022-11-10,300ETF,Future (IF88 (CSI 300 Futures)),icw,-1.1153,1.3,-1.0,1,0.000325,-0.000325,0.0008,-0.001125,0.085849
2022-11-11,300ETF,Future (IF88 (CSI 300 Futures)),icw,0.1772,1.3,0.0,0,0.009561,0.0,0.0,0.0,0.085849
2022-11-14,300ETF,Future (IF88 (CSI 300 Futures)),icw,1.4139,1.3,1.0,1,-0.011977,-0.011977,0.0008,-0.012777,0.073072
2022-11-15,300ETF,Future (IF88 (CSI 300 Futures)),icw,-0.5241,1.3,0.0,0,0.016452,0.0,0.0,0.0,0.073072
2022-11-16,300ETF,Future (IF88 (CSI 300 Futures)),icw,-0.619,1.3,0.0,0,-0.004152,-0.0,0.0,-0.0,0.073072
2022-11-17,300ETF,Future (IF88 (CSI 300 Futures)),icw,-0.8964,1.3,0.0,0,-0.000157,-0.0,0.0,-0.0,0.073072
2022-11-18,300ETF,Future (IF88 (CSI 300 Futures)),icw,-0.434,1.3,0.0,0,-0.003401,-0.0,0.0,-0.0,0.073072
2022-11-21,300ETF,Future (IF88 (CSI 300 Futures)),icw,-1.2259,1.3,-1.0,1,0.006762,-0.006762,0.0008,-0.007562,0.06551
2022-11-22,300ETF,Future (IF88 (CSI 300 Futures)),icw,-0.037,1.3,0.0,0,-0.000425,-0.0,0.0,-0.0,0.06551
2022-11-23,300ETF,Future (IF88 (CSI 300 Futures)),icw,0.2956,1.3,0.0,0,0.001322,0.0,0.0,0.0,0.06551
2022-11-24,300ETF,Future (IF88 (CSI 300 Futures)),icw,0.2582,1.3,0.0,0,-0.005826,-0.0,0.0,-0.0,0.06551
2022-11-25,300ETF,Future (IF88 (CSI 300 Futures)),icw,-0.4746,1.3,0.0,0,0.005083,0.0,0.0,0.0,0.06551
2022-11-28,300ETF,Future (IF88 (CSI 300 Futures)),icw,-1.6284,1.3,-1.0,1,0.011682,-0.011682,0.0008,-0.012482,0.053028
2022-11-29,300ETF,Future (IF88 (CSI 300 Futures)),icw,0.8796,1.3,0.0,0,0.019212,0.0,0.0,0.0,0.053028
2022-11-30,300ETF,Future (IF88 (CSI 300 Futures)),icw,0.6595,1.3,0.0,0,-0.001453,-0.0,0.0,-0.0,0.053028
2022-12-01,300ETF,Future (IF88 (CSI 300 Futures)),icw,1.1657,1.3,0.0,0,-0.00459,-0.0,0.0,-0.0,0.053028
2022-12-02,300ETF,Future (IF88 (CSI 300 Futures)),icw,-0.268,1.3,0.0,0,-0.005235,-0.0,0.0,-0.0,0.053028
2022-12-05,300ETF,Future (IF88 (CSI 300 Futures)),icw,0.1761,1.3,0.0,0,0.00753,0.0,0.0,0.0,0.053028
2022-12-06,300ETF,Future (IF88 (CSI 300 Futures)),icw,0.2608,1.3,0.0,0,0.003637,0.0,0.0,0.0,0.053028
2022-12-07,300ETF,Future (IF88 (CSI 300 Futures)),icw,-0.2517,1.3,0.0,0,-0.001564,-0.0,0.0,-0.0,0.053028
2022-12-08,300ETF,Future (IF88 (CSI 300 Futures)),icw,-0.4113,1.3,0.0,0,0.000806,0.0,0.0,0.0,0.053028
2022-12-09,300ETF,Future (IF88 (CSI 300 Futures)),icw,0.0834,1.3,0.0,0,0.01194,0.0,0.0,0.0,0.053028
2022-12-12,300ETF,Future (IF88 (CSI 300 Futures)),icw,-0.7136,1.3,0.0,0,-0.005237,-0.0,0.0,-0.0,0.053028
2022-12-13,300ETF,Future (IF88 (CSI 300 Futures)),icw,-0.3303,1.3,0.0,0,-0.000607,-0.0,0.0,-0.0,0.053028
2022-12-14,300ETF,Future (IF88 (CSI 300 Futures)),icw,-0.2429,1.3,0.0,0,-0.002174,-0.0,0.0,-0.0,0.053028
2022-12-15,300ETF,Future (IF88 (CSI 300 Futures)),icw,-0.0918,1.3,0.0,0,0.004768,0.0,0.0,0.0,0.053028
2022-12-16,300ETF,Future (IF88 (CSI 300 Futures)),icw,-0.266,1.3,0.0,0,0.004048,0.0,0.0,0.0,0.053028
2022-12-19,300ETF,Future (IF88 (CSI 300 Futures)),icw,0.2024,1.3,0.0,0,-0.014515,-0.0,0.0,-0.0,0.053028
2022-12-20,300ETF,Future (IF88 (CSI 300 Futures)),icw,-0.8412,1.3,0.0,0,-0.010384,-0.0,0.0,-0.0,0.053028
2022-12-21,300ETF,Future (IF88 (CSI 300 Futures)),icw,0.0086,1.3,0.0,0,-0.003118,-0.0,0.0,-0.0,0.053028
2022-12-22,300ETF,Future (IF88 (CSI 300 Futures)),icw,-0.3286,1.3,0.0,0,-0.010204,-0.0,0.0,-0.0,0.053028
2022-12-23,300ETF,Future (IF88 (CSI 300 Futures)),icw,-0.0243,1.3,0.0,0,-0.006439,-0.0,0.0,-0.0,0.053028
2022-12-26,300ETF,Future (IF88 (CSI 300 Futures)),icw,0.2327,1.3,0.0,0,-0.002697,-0.0,0.0,-0.0,0.053028
2022-12-27,300ETF,Future (IF88 (CSI 300 Futures)),icw,0.1701,1.3,0.0,0,0.004158,0.0,0.0,0.0,0.053028
2022-12-28,300ETF,Future (IF88 (CSI 300 Futures)),icw,-0.7306,1.3,0.0,0,0.003402,0.0,0.0,0.0,0.053028
2022-12-29,300ETF,Future (IF88 (CSI 300 Futures)),icw,-0.8637,1.3,0.0,0,0.007561,0.0,0.0,0.0,0.053028
2022-12-30,300ETF,Future (IF88 (CSI 300 Futures)),icw,0.6885,1.3,0.0,0,-0.001645,-0.0,0.0,-0.0,0.053028
2023-01-03,300ETF,Future (IF88 (CSI 300 Futures)),icw,-0.9509,1.3,0.0,0,0.016163,0.0,0.0,0.0,0.053028
2023-01-04,300ETF,Future (IF88 (CSI 300 Futures)),icw,-0.5869,1.3,0.0,0,0.001489,0.0,0.0,0.0,0.053028
2023-01-05,300ETF,Future (IF88 (CSI 300 Futures)),icw,1.4347,1.3,1.0,1,0.006956,0.006956,0.0008,0.006156,0.059184
2023-01-06,300ETF,Future (IF88 (CSI 300 Futures)),icw,-0.2274,1.3,0.0,0,0.003162,0.0,0.0,0.0,0.059184
2023-01-09,300ETF,Future (IF88 (CSI 300 Futures)),icw,0.0591,1.3,0.0,0,0.003088,0.0,0.0,0.0,0.059184
2023-01-10,300ETF,Future (IF88 (CSI 300 Futures)),icw,-0.5717,1.3,0.0,0,0.000647,0.0,0.0,0.0,0.059184
2023-01-11,300ETF,Future (IF88 (CSI 300 Futures)),icw,0.1999,1.3,0.0,0,-0.002584,-0.0,0.0,-0.0,0.059184
2023-01-12,300ETF,Future (IF88 (CSI 300 Futures)),icw,-0.1457,1.3,0.0,0,-0.003076,-0.0,0.0,-0.0,0.059184
2023-01-13,300ETF,Future (IF88 (CSI 300 Futures)),icw,0.0127,1.3,0.0,0,0.00655,0.0,0.0,0.0,0.059184
2023-01-16,300ETF,Future (IF88 (CSI 300 Futures)),icw,1.1538,1.3,0.0,0,0.008697,0.0,0.0,0.0,0.059184
2023-01-17,300ETF,Future (IF88 (CSI 300 Futures)),icw,-0.1382,1.3,0.0,0,0.000483,0.0,0.0,0.0,0.059184
2023-01-18,300ETF,Future (IF88 (CSI 300 Futures)),icw,0.0381,1.3,0.0,0,-0.000918,-0.0,0.0,-0.0,0.059184
2023-01-19,300ETF,Future (IF88 (CSI 300 Futures)),icw,-0.4179,1.3,0.0,0,0.010743,0.0,0.0,0.0,0.059184
2023-01-20,300ETF,Future (IF88 (CSI 300 Futures)),icw,0.2648,1.3,0.0,0,4.8e-05,0.0,0.0,0.0,0.059184
2023-01-30,300ETF,Future (IF88 (CSI 300 Futures)),icw,-0.4364,1.3,0.0,0,-0.011799,-0.0,0.0,-0.0,0.059184
2023-01-31,300ETF,Future (IF88 (CSI 300 Futures)),icw,0.0495,1.3,0.0,0,-0.010633,-0.0,0.0,-0.0,0.059184
2023-02-01,300ETF,Future (IF88 (CSI 300 Futures)),icw,0.5382,1.3,0.0,0,0.00119,0.0,0.0,0.0,0.059184
2023-02-02,300ETF,Future (IF88 (CSI 300 Futures)),icw,-1.0032,1.3,-1.0,1,-0.002764,0.002764,0.0008,0.001964,0.061149
2023-02-03,300ETF,Future (IF88 (CSI 300 Futures)),icw,-0.9295,1.3,0.0,0,0.003237,0.0,0.0,0.0,0.061149
2023-02-06,300ETF,Future (IF88 (CSI 300 Futures)),icw,-1.2808,1.3,-1.0,1,-0.005865,0.005865,0.0008,0.005065,0.066214
2023-02-07,300ETF,Future (IF88 (CSI 300 Futures)),icw,-0.1786,1.3,0.0,0,-0.001074,-0.0,0.0,-0.0,0.066214
2023-02-08,300ETF,Future (IF88 (CSI 300 Futures)),icw,0.222,1.3,0.0,0,-0.004298,-0.0,0.0,-0.0,0.066214
2023-02-09,300ETF,Future (IF88 (CSI 300 Futures)),icw,0.9127,1.3,0.0,0,0.00683,0.0,0.0,0.0,0.066214
2023-02-10,300ETF,Future (IF88 (CSI 300 Futures)),icw,-0.7442,1.3,0.0,0,-0.003637,-0.0,0.0,-0.0,0.066214
2023-02-13,300ETF,Future (IF88 (CSI 300 Futures)),icw,0.6715,1.3,0.0,0,0.003094,0.0,0.0,0.0,0.066214
2023-02-14,300ETF,Future (IF88 (CSI 300 Futures)),icw,-0.7872,1.3,0.0,0,-0.000531,-0.0,0.0,-0.0,0.066214
2023-02-15,300ETF,Future (IF88 (CSI 300 Futures)),icw,-0.2755,1.3,0.0,0,-0.002856,-0.0,0.0,-0.0,0.066214
2023-02-16,300ETF,Future (IF88 (CSI 300 Futures)),icw,-0.2773,1.3,0.0,0,-0.012108,-0.0,0.0,-0.0,0.066214
2023-02-17,300ETF,Future (IF88 (CSI 300 Futures)),icw,0.2816,1.3,0.0,0,-0.014645,-0.0,0.0,-0.0,0.066214
2023-02-20,300ETF,Future (IF88 (CSI 300 Futures)),icw,0.5083,1.3,0.0,0,0.021083,0.0,0.0,0.0,0.066214
2023-02-21,300ETF,Future (IF88 (CSI 300 Futures)),icw,-0.2262,1.3,0.0,0,-0.001158,-0.0,0.0,-0.0,0.066214
2023-02-22,300ETF,Future (IF88 (CSI 300 Futures)),icw,-0.6158,1.3,0.0,0,-0.001459,-0.0,0.0,-0.0,0.066214
2023-02-23,300ETF,Future (IF88 (CSI 300 Futures)),icw,0.7677,1.3,0.0,0,-0.004672,-0.0,0.0,-0.0,0.066214
2023-02-24,300ETF,Future (IF88 (CSI 300 Futures)),icw,-0.8463,1.3,0.0,0,-0.004559,-0.0,0.0,-0.0,0.066214
2023-02-27,300ETF,Future (IF88 (CSI 300 Futures)),icw,-0.2837,1.3,0.0,0,-0.002075,-0.0,0.0,-0.0,0.066214
2023-02-28,300ETF,Future (IF88 (CSI 300 Futures)),icw,0.3359,1.3,0.0,0,0.001181,0.0,0.0,0.0,0.066214
2023-03-01,300ETF,Future (IF88 (CSI 300 Futures)),icw,0.4167,1.3,0.0,0,0.00685,0.0,0.0,0.0,0.066214
2023-03-02,300ETF,Future (IF88 (CSI 300 Futures)),icw,-0.2244,1.3,0.0,0,-0.001453,-0.0,0.0,-0.0,0.066214
2023-03-03,300ETF,Future (IF88 (CSI 300 Futures)),icw,-0.0086,1.3,0.0,0,0.001111,0.0,0.0,0.0,0.066214
2023-03-06,300ETF,Future (IF88 (CSI 300 Futures)),icw,-0.84,1.3,0.0,0,-0.000974,-0.0,0.0,-0.0,0.066214
2023-03-07,300ETF,Future (IF88 (CSI 300 Futures)),icw,0.1385,1.3,0.0,0,-0.010298,-0.0,0.0,-0.0,0.066214
2023-03-08,300ETF,Future (IF88 (CSI 300 Futures)),icw,-0.5684,1.3,0.0,0,0.000248,0.0,0.0,0.0,0.066214
2023-03-09,300ETF,Future (IF88 (CSI 300 Futures)),icw,-0.6166,1.3,0.0,0,-0.002777,-0.0,0.0,-0.0,0.066214
2023-03-10,300ETF,Future (IF88 (CSI 300 Futures)),icw,-0.4805,1.3,0.0,0,-0.003963,-0.0,0.0,-0.0,0.066214
2023-03-13,300ETF,Future (IF88 (CSI 300 Futures)),icw,1.2912,1.3,0.0,0,0.005109,0.0,0.0,0.0,0.066214
2023-03-14,300ETF,Future (IF88 (CSI 300 Futures)),icw,-0.7551,1.3,0.0,0,0.001504,0.0,0.0,0.0,0.066214
2023-03-15,300ETF,Future (IF88 (CSI 300 Futures)),icw,-0.0034,1.3,0.0,0,-0.007641,-0.0,0.0,-0.0,0.066214
2023-03-16,300ETF,Future (IF88 (CSI 300 Futures)),icw,-0.6316,1.3,0.0,0,-0.003433,-0.0,0.0,-0.0,0.066214
2023-03-17,300ETF,Future (IF88 (CSI 300 Futures)),icw,-0.1943,1.3,0.0,0,-0.006005,-0.0,0.0,-0.0,0.066214
2023-03-20,300ETF,Future (IF88 (CSI 300 Futures)),icw,0.3943,1.3,0.0,0,-0.008079,-0.0,0.0,-0.0,0.066214
2023-03-21,300ETF,Future (IF88 (CSI 300 Futures)),icw,0.5232,1.3,0.0,0,0.00377,0.0,0.0,0.0,0.066214
2023-03-22,300ETF,Future (IF88 (CSI 300 Futures)),icw,0.6777,1.3,0.0,0,-0.004885,-0.0,0.0,-0.0,0.066214
2023-03-23,300ETF,Future (IF88 (CSI 300 Futures)),icw,0.2706,1.3,0.0,0,0.008051,0.0,0.0,0.0,0.066214
2023-03-24,300ETF,Future (IF88 (CSI 300 Futures)),icw,-0.8641,1.3,0.0,0,0.000545,0.0,0.0,0.0,0.066214
2023-03-27,300ETF,Future (IF88 (CSI 300 Futures)),icw,-0.8612,1.3,0.0,0,0.001145,0.0,0.0,0.0,0.066214
2023-03-28,300ETF,Future (IF88 (CSI 300 Futures)),icw,0.0279,1.3,0.0,0,-0.001097,-0.0,0.0,-0.0,0.066214
2023-03-29,300ETF,Future (IF88 (CSI 300 Futures)),icw,-0.3627,1.3,0.0,0,0.0,0.0,0.0,0.0,0.066214
2023-03-30,300ETF,Future (IF88 (CSI 300 Futures)),icw,0.4124,1.3,0.0,0,0.007057,0.0,0.0,0.0,0.066214
2023-03-31,300ETF,Future (IF88 (CSI 300 Futures)),icw,0.4263,1.3,0.0,0,-0.003297,-0.0,0.0,-0.0,0.066214
2023-04-03,300ETF,Future (IF88 (CSI 300 Futures)),icw,0.5294,1.3,0.0,0,0.004351,0.0,0.0,0.0,0.066214
2023-04-04,300ETF,Future (IF88 (CSI 300 Futures)),icw,-0.4357,1.3,0.0,0,0.00459,0.0,0.0,0.0,0.066214
2023-04-06,300ETF,Future (IF88 (CSI 300 Futures)),icw,-0.4689,1.3,0.0,0,0.000781,0.0,0.0,0.0,0.066214
2023-04-07,300ETF,Future (IF88 (CSI 300 Futures)),icw,0.4337,1.3,0.0,0,0.001793,0.0,0.0,0.0,0.066214
2023-04-10,300ETF,Future (IF88 (CSI 300 Futures)),icw,-0.8832,1.3,0.0,0,-0.002766,-0.0,0.0,-0.0,0.066214
2023-04-11,300ETF,Future (IF88 (CSI 300 Futures)),icw,-0.3651,1.3,0.0,0,-0.005696,-0.0,0.0,-0.0,0.066214
2023-04-12,300ETF,Future (IF88 (CSI 300 Futures)),icw,-0.4016,1.3,0.0,0,-0.001366,-0.0,0.0,-0.0,0.066214
2023-04-13,300ETF,Future (IF88 (CSI 300 Futures)),icw,-0.9471,1.3,0.0,0,-0.001276,-0.0,0.0,-0.0,0.066214
2023-04-14,300ETF,Future (IF88 (CSI 300 Futures)),icw,0.3619,1.3,0.0,0,-0.001564,-0.0,0.0,-0.0,0.066214
2023-04-17,300ETF,Future (IF88 (CSI 300 Futures)),icw,0.8223,1.3,0.0,0,0.006003,0.0,0.0,0.0,0.066214
2023-04-18,300ETF,Future (IF88 (CSI 300 Futures)),icw,0.695,1.3,0.0,0,0.001876,0.0,0.0,0.0,0.066214
2023-04-19,300ETF,Future (IF88 (CSI 300 Futures)),icw,-0.8309,1.3,0.0,0,-0.004689,-0.0,0.0,-0.0,0.066214
2023-04-20,300ETF,Future (IF88 (CSI 300 Futures)),icw,-0.5132,1.3,0.0,0,-0.002966,-0.0,0.0,-0.0,0.066214
2023-04-21,300ETF,Future (IF88 (CSI 300 Futures)),icw,-0.9082,1.3,0.0,0,-0.015049,-0.0,0.0,-0.0,0.066214
2023-04-24,300ETF,Future (IF88 (CSI 300 Futures)),icw,-0.617,1.3,0.0,0,-0.009912,-0.0,0.0,-0.0,0.066214
2023-04-25,300ETF,Future (IF88 (CSI 300 Futures)),icw,-0.0706,1.3,0.0,0,-0.00121,-0.0,0.0,-0.0,0.066214
2023-04-26,300ETF,Future (IF88 (CSI 300 Futures)),icw,-0.6421,1.3,0.0,0,-0.000151,-0.0,0.0,-0.0,0.066214
2023-04-27,300ETF,Future (IF88 (CSI 300 Futures)),icw,0.1569,1.3,0.0,0,0.006283,0.0,0.0,0.0,0.066214
2023-04-28,300ETF,Future (IF88 (CSI 300 Futures)),icw,0.9751,1.3,0.0,0,0.000646,0.0,0.0,0.0,0.066214
2023-05-04,300ETF,Future (IF88 (CSI 300 Futures)),icw,-0.8387,1.3,0.0,0,0.002143,0.0,0.0,0.0,0.066214
2023-05-05,300ETF,Future (IF88 (CSI 300 Futures)),icw,0.4205,1.3,0.0,0,-0.002194,-0.0,0.0,-0.0,0.066214
2023-05-08,300ETF,Future (IF88 (CSI 300 Futures)),icw,-0.1523,1.3,0.0,0,0.009683,0.0,0.0,0.0,0.066214
2023-05-09,300ETF,Future (IF88 (CSI 300 Futures)),icw,-0.624,1.3,0.0,0,-0.003763,-0.0,0.0,-0.0,0.066214
2023-05-10,300ETF,Future (IF88 (CSI 300 Futures)),icw,-0.7731,1.3,0.0,0,-0.004306,-0.0,0.0,-0.0,0.066214
2023-05-11,300ETF,Future (IF88 (CSI 300 Futures)),icw,-0.122,1.3,0.0,0,-0.003909,-0.0,0.0,-0.0,0.066214
2023-05-12,300ETF,Future (IF88 (CSI 300 Futures)),icw,0.045,1.3,0.0,0,-0.013325,-0.0,0.0,-0.0,0.066214
2023-05-15,300ETF,Future (IF88 (CSI 300 Futures)),icw,-0.4754,1.3,0.0,0,0.012817,0.0,0.0,0.0,0.066214
2023-05-16,300ETF,Future (IF88 (CSI 300 Futures)),icw,-0.8208,1.3,0.0,0,-0.004376,-0.0,0.0,-0.0,0.066214
2023-05-17,300ETF,Future (IF88 (CSI 300 Futures)),icw,-0.8961,1.3,0.0,0,-0.004248,-0.0,0.0,-0.0,0.066214
2023-05-18,300ETF,Future (IF88 (CSI 300 Futures)),icw,0.2673,1.3,0.0,0,-0.004097,-0.0,0.0,-0.0,0.066214
2023-05-19,300ETF,Future (IF88 (CSI 300 Futures)),icw,-0.8108,1.3,0.0,0,0.005034,0.0,0.0,0.0,0.066214
2023-05-22,300ETF,Future (IF88 (CSI 300 Futures)),icw,0.462,1.3,0.0,0,0.002525,0.0,0.0,0.0,0.066214
2023-05-23,300ETF,Future (IF88 (CSI 300 Futures)),icw,-0.6001,1.3,0.0,0,-0.007274,-0.0,0.0,-0.0,0.066214
2023-05-24,300ETF,Future (IF88 (CSI 300 Futures)),icw,-1.0742,1.3,-1.0,1,-0.003158,0.003158,0.0008,0.002358,0.068572
2023-05-25,300ETF,Future (IF88 (CSI 300 Futures)),icw,-0.1488,1.3,0.0,0,-0.00266,-0.0,0.0,-0.0,0.068572
2023-05-26,300ETF,Future (IF88 (CSI 300 Futures)),icw,-0.9699,1.3,0.0,0,0.006309,0.0,0.0,0.0,0.068572
2023-05-29,300ETF,Future (IF88 (CSI 300 Futures)),icw,-0.4637,1.3,0.0,0,-0.005849,-0.0,0.0,-0.0,0.068572
2023-05-30,300ETF,Future (IF88 (CSI 300 Futures)),icw,-0.1486,1.3,0.0,0,-0.001463,-0.0,0.0,-0.0,0.068572
2023-05-31,300ETF,Future (IF88 (CSI 300 Futures)),icw,-0.873,1.3,0.0,0,-0.003271,-0.0,0.0,-0.0,0.068572
2023-06-01,300ETF,Future (IF88 (CSI 300 Futures)),icw,1.0287,1.3,0.0,0,-0.00604,-0.0,0.0,-0.0,0.068572
2023-06-02,300ETF,Future (IF88 (CSI 300 Futures)),icw,0.6887,1.3,0.0,0,0.007751,0.0,0.0,0.0,0.068572
2023-06-05,300ETF,Future (IF88 (CSI 300 Futures)),icw,-0.969,1.3,0.0,0,-0.001771,-0.0,0.0,-0.0,0.068572
2023-06-06,300ETF,Future (IF88 (CSI 300 Futures)),icw,-0.5868,1.3,0.0,0,-0.004826,-0.0,0.0,-0.0,0.068572
2023-06-07,300ETF,Future (IF88 (CSI 300 Futures)),icw,-0.0175,1.3,0.0,0,-0.009232,-0.0,0.0,-0.0,0.068572
2023-06-08,300ETF,Future (IF88 (CSI 300 Futures)),icw,-0.1863,1.3,0.0,0,0.008066,0.0,0.0,0.0,0.068572
2023-06-09,300ETF,Future (IF88 (CSI 300 Futures)),icw,-0.1079,1.3,0.0,0,0.002876,0.0,0.0,0.0,0.068572
2023-06-12,300ETF,Future (IF88 (CSI 300 Futures)),icw,-0.5814,1.3,0.0,0,0.005738,0.0,0.0,0.0,0.068572
2023-06-13,300ETF,Future (IF88 (CSI 300 Futures)),icw,0.3586,1.3,0.0,0,0.00602,0.0,0.0,0.0,0.068572
2023-06-14,300ETF,Future (IF88 (CSI 300 Futures)),icw,0.2656,1.3,0.0,0,-0.005314,-0.0,0.0,-0.0,0.068572
2023-06-15,300ETF,Future (IF88 (CSI 300 Futures)),icw,0.7132,1.3,0.0,0,0.01005,0.0,0.0,0.0,0.068572
2023-06-16,300ETF,Future (IF88 (CSI 300 Futures)),icw,0.445,1.3,0.0,0,0.007743,0.0,0.0,0.0,0.068572
2023-06-19,300ETF,Future (IF88 (CSI 300 Futures)),icw,-1.0649,1.3,-1.0,1,-0.00471,0.00471,0.0008,0.00391,0.072482
2023-06-20,300ETF,Future (IF88 (CSI 300 Futures)),icw,0.1709,1.3,0.0,0,-0.002461,-0.0,0.0,-0.0,0.072482
2023-06-21,300ETF,Future (IF88 (CSI 300 Futures)),icw,-0.2058,1.3,0.0,0,-0.007867,-0.0,0.0,-0.0,0.072482
2023-06-26,300ETF,Future (IF88 (CSI 300 Futures)),icw,-0.9571,1.3,0.0,0,0.000106,0.0,0.0,0.0,0.072482
2023-06-27,300ETF,Future (IF88 (CSI 300 Futures)),icw,0.4551,1.3,0.0,0,0.005408,0.0,0.0,0.0,0.072482
2023-06-28,300ETF,Future (IF88 (CSI 300 Futures)),icw,-0.54,1.3,0.0,0,0.003516,0.0,0.0,0.0,0.072482
2023-06-29,300ETF,Future (IF88 (CSI 300 Futures)),icw,-0.5277,1.3,0.0,0,-0.001733,-0.0,0.0,-0.0,0.072482
2023-06-30,300ETF,Future (IF88 (CSI 300 Futures)),icw,0.3703,1.3,0.0,0,0.004554,0.0,0.0,0.0,0.072482
2023-07-03,300ETF,Future (IF88 (CSI 300 Futures)),icw,1.2187,1.3,0.0,0,0.002016,0.0,0.0,0.0,0.072482
2023-07-04,300ETF,Future (IF88 (CSI 300 Futures)),icw,-0.6802,1.3,0.0,0,0.001497,0.0,0.0,0.0,0.072482
2023-07-05,300ETF,Future (IF88 (CSI 300 Futures)),icw,-0.3506,1.3,0.0,0,-0.001349,-0.0,0.0,-0.0,0.072482
2023-07-06,300ETF,Future (IF88 (CSI 300 Futures)),icw,0.1481,1.3,0.0,0,-0.010417,-0.0,0.0,-0.0,0.072482
2023-07-07,300ETF,Future (IF88 (CSI 300 Futures)),icw,-0.5123,1.3,0.0,0,0.000472,0.0,0.0,0.0,0.072482
2023-07-10,300ETF,Future (IF88 (CSI 300 Futures)),icw,0.3567,1.3,0.0,0,-0.004125,-0.0,0.0,-0.0,0.072482
2023-07-11,300ETF,Future (IF88 (CSI 300 Futures)),icw,-0.0904,1.3,0.0,0,0.004681,0.0,0.0,0.0,0.072482
2023-07-12,300ETF,Future (IF88 (CSI 300 Futures)),icw,-0.5372,1.3,0.0,0,-0.004317,-0.0,0.0,-0.0,0.072482
2023-07-13,300ETF,Future (IF88 (CSI 300 Futures)),icw,1.095,1.3,0.0,0,0.003807,0.0,0.0,0.0,0.072482
2023-07-14,300ETF,Future (IF88 (CSI 300 Futures)),icw,-0.3783,1.3,0.0,0,-0.000308,-0.0,0.0,-0.0,0.072482
2023-07-17,300ETF,Future (IF88 (CSI 300 Futures)),icw,-1.1892,1.3,-1.0,1,0.0,-0.0,0.0008,-0.0008,0.071682
2023-07-18,300ETF,Future (IF88 (CSI 300 Futures)),icw,-0.7648,1.3,0.0,0,0.000156,0.0,0.0,0.0,0.071682
2023-07-19,300ETF,Future (IF88 (CSI 300 Futures)),icw,0.077,1.3,0.0,0,-0.000416,-0.0,0.0,-0.0,0.071682
2023-07-20,300ETF,Future (IF88 (CSI 300 Futures)),icw,0.5794,1.3,0.0,0,-0.008373,-0.0,0.0,-0.0,0.071682
2023-07-21,300ETF,Future (IF88 (CSI 300 Futures)),icw,-0.0891,1.3,0.0,0,-0.002349,-0.0,0.0,-0.0,0.071682
2023-07-24,300ETF,Future (IF88 (CSI 300 Futures)),icw,-0.4544,1.3,0.0,0,-0.002622,-0.0,0.0,-0.0,0.071682
2023-07-25,300ETF,Future (IF88 (CSI 300 Futures)),icw,1.1999,1.3,0.0,0,0.006449,0.0,0.0,0.0,0.071682
2023-07-26,300ETF,Future (IF88 (CSI 300 Futures)),icw,-0.2506,1.3,0.0,0,-0.003115,-0.0,0.0,-0.0,0.071682
2023-07-27,300ETF,Future (IF88 (CSI 300 Futures)),icw,0.2334,1.3,0.0,0,-0.005516,-0.0,0.0,-0.0,0.071682
2023-07-28,300ETF,Future (IF88 (CSI 300 Futures)),icw,-0.1214,1.3,0.0,0,0.025366,0.0,0.0,0.0,0.071682
2023-07-31,300ETF,Future (IF88 (CSI 300 Futures)),icw,1.8305,1.3,1.0,1,-0.007969,-0.007969,0.0008,-0.008769,0.062913
2023-08-01,300ETF,Future (IF88 (CSI 300 Futures)),icw,0.3269,1.3,0.0,0,-0.006999,-0.0,0.0,-0.0,0.062913
2023-08-02,300ETF,Future (IF88 (CSI 300 Futures)),icw,0.339,1.3,0.0,0,-0.009932,-0.0,0.0,-0.0,0.062913
2023-08-03,300ETF,Future (IF88 (CSI 300 Futures)),icw,0.307,1.3,0.0,0,0.005798,0.0,0.0,0.0,0.062913
2023-08-04,300ETF,Future (IF88 (CSI 300 Futures)),icw,0.9726,1.3,0.0,0,-0.004885,-0.0,0.0,-0.0,0.062913
2023-08-07,300ETF,Future (IF88 (CSI 300 Futures)),icw,-1.0744,1.3,-1.0,1,-0.003191,0.003191,0.0008,0.002391,0.065304
2023-08-08,300ETF,Future (IF88 (CSI 300 Futures)),icw,-0.959,1.3,0.0,0,0.002351,0.0,0.0,0.0,0.065304
2023-08-09,300ETF,Future (IF88 (CSI 300 Futures)),icw,0.0508,1.3,0.0,0,-0.001903,-0.0,0.0,-0.0,0.065304
2023-08-10,300ETF,Future (IF88 (CSI 300 Futures)),icw,0.1853,1.3,0.0,0,0.003459,0.0,0.0,0.0,0.065304
2023-08-11,300ETF,Future (IF88 (CSI 300 Futures)),icw,-0.917,1.3,0.0,0,-0.014978,-0.0,0.0,-0.0,0.065304
2023-08-14,300ETF,Future (IF88 (CSI 300 Futures)),icw,-1.108,1.3,-1.0,1,0.003628,-0.003628,0.0008,-0.004428,0.060877
2023-08-15,300ETF,Future (IF88 (CSI 300 Futures)),icw,-0.2541,1.3,0.0,0,-0.001347,-0.0,0.0,-0.0,0.060877
2023-08-16,300ETF,Future (IF88 (CSI 300 Futures)),icw,-0.2923,1.3,0.0,0,-0.001822,-0.0,0.0,-0.0,0.060877
2023-08-17,300ETF,Future (IF88 (CSI 300 Futures)),icw,-0.7621,1.3,0.0,0,0.009556,0.0,0.0,0.0,0.060877
2023-08-18,300ETF,Future (IF88 (CSI 300 Futures)),icw,-0.0274,1.3,0.0,0,-0.012698,-0.0,0.0,-0.0,0.060877
2023-08-21,300ETF,Future (IF88 (CSI 300 Futures)),icw,-0.9376,1.3,0.0,0,-0.002502,-0.0,0.0,-0.0,0.060877
2023-08-22,300ETF,Future (IF88 (CSI 300 Futures)),icw,0.2766,1.3,0.0,0,0.006818,0.0,0.0,0.0,0.060877
2023-08-23,300ETF,Future (IF88 (CSI 300 Futures)),icw,-0.6841,1.3,0.0,0,-0.009932,-0.0,0.0,-0.0,0.060877
2023-08-24,300ETF,Future (IF88 (CSI 300 Futures)),icw,0.169,1.3,0.0,0,0.006334,0.0,0.0,0.0,0.060877
2023-08-25,300ETF,Future (IF88 (CSI 300 Futures)),icw,-0.3895,1.3,0.0,0,-0.00457,-0.0,0.0,-0.0,0.060877
2023-08-28,300ETF,Future (IF88 (CSI 300 Futures)),icw,-0.4178,1.3,0.0,0,-0.022705,-0.0,0.0,-0.0,0.060877
2023-08-29,300ETF,Future (IF88 (CSI 300 Futures)),icw,0.6751,1.3,0.0,0,0.006355,0.0,0.0,0.0,0.060877
2023-08-30,300ETF,Future (IF88 (CSI 300 Futures)),icw,-0.4207,1.3,0.0,0,-0.005672,-0.0,0.0,-0.0,0.060877
2023-08-31,300ETF,Future (IF88 (CSI 300 Futures)),icw,-0.1496,1.3,0.0,0,-0.003542,-0.0,0.0,-0.0,0.060877
2023-09-01,300ETF,Future (IF88 (CSI 300 Futures)),icw,0.8276,1.3,0.0,0,-0.002213,-0.0,0.0,-0.0,0.060877
2023-09-04,300ETF,Future (IF88 (CSI 300 Futures)),icw,0.0739,1.3,0.0,0,0.006205,0.0,0.0,0.0,0.060877
2023-09-05,300ETF,Future (IF88 (CSI 300 Futures)),icw,-0.8201,1.3,0.0,0,-0.003813,-0.0,0.0,-0.0,0.060877
2023-09-06,300ETF,Future (IF88 (CSI 300 Futures)),icw,-0.9312,1.3,0.0,0,0.004824,0.0,0.0,0.0,0.060877
2023-09-07,300ETF,Future (IF88 (CSI 300 Futures)),icw,-1.0649,1.3,-1.0,1,-0.007837,0.007837,0.0008,0.007037,0.067913
2023-09-08,300ETF,Future (IF88 (CSI 300 Futures)),icw,-0.4604,1.3,0.0,0,0.000696,0.0,0.0,0.0,0.067913
2023-09-11,300ETF,Future (IF88 (CSI 300 Futures)),icw,0.2064,1.3,0.0,0,0.006068,0.0,0.0,0.0,0.067913
2023-09-12,300ETF,Future (IF88 (CSI 300 Futures)),icw,-0.7022,1.3,0.0,0,-0.000213,-0.0,0.0,-0.0,0.067913
2023-09-13,300ETF,Future (IF88 (CSI 300 Futures)),icw,0.1946,1.3,0.0,0,-0.009445,-0.0,0.0,-0.0,0.067913
2023-09-14,300ETF,Future (IF88 (CSI 300 Futures)),icw,0.2466,1.3,0.0,0,-0.002675,-0.0,0.0,-0.0,0.067913
2023-09-15,300ETF,Future (IF88 (CSI 300 Futures)),icw,-0.6997,1.3,0.0,0,-0.005638,-0.0,0.0,-0.0,0.067913
2023-09-18,300ETF,Future (IF88 (CSI 300 Futures)),icw,0.254,1.3,0.0,0,0.002088,0.0,0.0,0.0,0.067913
2023-09-19,300ETF,Future (IF88 (CSI 300 Futures)),icw,-0.8475,1.3,0.0,0,0.005959,0.0,0.0,0.0,0.067913
2023-09-20,300ETF,Future (IF88 (CSI 300 Futures)),icw,-0.7747,1.3,0.0,0,0.000429,0.0,0.0,0.0,0.067913
2023-09-21,300ETF,Future (IF88 (CSI 300 Futures)),icw,-0.0895,1.3,0.0,0,-0.005141,-0.0,0.0,-0.0,0.067913
2023-09-22,300ETF,Future (IF88 (CSI 300 Futures)),icw,-0.2089,1.3,0.0,0,0.015826,0.0,0.0,0.0,0.067913
2023-09-25,300ETF,Future (IF88 (CSI 300 Futures)),icw,-1.0094,1.3,-1.0,1,-0.001073,0.001073,0.0008,0.000273,0.068186
2023-09-26,300ETF,Future (IF88 (CSI 300 Futures)),icw,0.1898,1.3,0.0,0,-0.003068,-0.0,0.0,-0.0,0.068186
2023-09-27,300ETF,Future (IF88 (CSI 300 Futures)),icw,0.9309,1.3,0.0,0,-0.004822,-0.0,0.0,-0.0,0.068186
2023-09-28,300ETF,Future (IF88 (CSI 300 Futures)),icw,-0.2788,1.3,0.0,0,-0.005879,-0.0,0.0,-0.0,0.068186
2023-10-09,300ETF,Future (IF88 (CSI 300 Futures)),icw,-1.0886,1.3,-1.0,1,0.002441,-0.002441,0.0008,-0.003241,0.064944
2023-10-10,300ETF,Future (IF88 (CSI 300 Futures)),icw,-0.3751,1.3,0.0,0,-0.008043,-0.0,0.0,-0.0,0.064944
2023-10-11,300ETF,Future (IF88 (CSI 300 Futures)),icw,0.5575,1.3,0.0,0,-0.006631,-0.0,0.0,-0.0,0.064944
2023-10-12,300ETF,Future (IF88 (CSI 300 Futures)),icw,-0.0112,1.3,0.0,0,0.001133,0.0,0.0,0.0,0.064944
2023-10-13,300ETF,Future (IF88 (CSI 300 Futures)),icw,-1.0497,1.3,-1.0,1,-0.002344,0.002344,0.0008,0.001544,0.066489
2023-10-16,300ETF,Future (IF88 (CSI 300 Futures)),icw,-0.8352,1.3,0.0,0,-0.006279,-0.0,0.0,-0.0,0.066489
2023-10-17,300ETF,Future (IF88 (CSI 300 Futures)),icw,-0.7691,1.3,0.0,0,0.001541,0.0,0.0,0.0,0.066489
2023-10-18,300ETF,Future (IF88 (CSI 300 Futures)),icw,-0.9181,1.3,0.0,0,-0.001768,-0.0,0.0,-0.0,0.066489
2023-10-19,300ETF,Future (IF88 (CSI 300 Futures)),icw,-0.9807,1.3,0.0,0,-0.008718,-0.0,0.0,-0.0,0.066489
2023-10-20,300ETF,Future (IF88 (CSI 300 Futures)),icw,0.0708,1.3,0.0,0,-0.001022,-0.0,0.0,-0.0,0.066489
2023-10-23,300ETF,Future (IF88 (CSI 300 Futures)),icw,-0.5898,1.3,0.0,0,-0.009615,-0.0,0.0,-0.0,0.066489
2023-10-24,300ETF,Future (IF88 (CSI 300 Futures)),icw,-0.5711,1.3,0.0,0,0.008464,0.0,0.0,0.0,0.066489
2023-10-25,300ETF,Future (IF88 (CSI 300 Futures)),icw,0.1503,1.3,0.0,0,-0.008004,-0.0,0.0,-0.0,0.066489
2023-10-26,300ETF,Future (IF88 (CSI 300 Futures)),icw,-0.0921,1.3,0.0,0,0.005877,0.0,0.0,0.0,0.066489
2023-10-27,300ETF,Future (IF88 (CSI 300 Futures)),icw,0.5935,1.3,0.0,0,0.012842,0.0,0.0,0.0,0.066489
2023-10-30,300ETF,Future (IF88 (CSI 300 Futures)),icw,0.5238,1.3,0.0,0,0.004353,0.0,0.0,0.0,0.066489
2023-10-31,300ETF,Future (IF88 (CSI 300 Futures)),icw,-0.7087,1.3,0.0,0,0.002574,0.0,0.0,0.0,0.066489
2023-11-01,300ETF,Future (IF88 (CSI 300 Futures)),icw,-0.6693,1.3,0.0,0,-0.000502,-0.0,0.0,-0.0,0.066489
2023-11-02,300ETF,Future (IF88 (CSI 300 Futures)),icw,0.5173,1.3,0.0,0,-0.004577,-0.0,0.0,-0.0,0.066489
2023-11-03,300ETF,Future (IF88 (CSI 300 Futures)),icw,0.5222,1.3,0.0,0,0.004734,0.0,0.0,0.0,0.066489
2023-11-06,300ETF,Future (IF88 (CSI 300 Futures)),icw,0.4512,1.3,0.0,0,0.003578,0.0,0.0,0.0,0.066489
2023-11-07,300ETF,Future (IF88 (CSI 300 Futures)),icw,-0.6876,1.3,0.0,0,0.002807,0.0,0.0,0.0,0.066489
2023-11-08,300ETF,Future (IF88 (CSI 300 Futures)),icw,0.0686,1.3,0.0,0,-0.006235,-0.0,0.0,-0.0,0.066489
2023-11-09,300ETF,Future (IF88 (CSI 300 Futures)),icw,0.5746,1.3,0.0,0,-0.000662,-0.0,0.0,-0.0,0.066489
2023-11-10,300ETF,Future (IF88 (CSI 300 Futures)),icw,-0.9001,1.3,0.0,0,0.001057,0.0,0.0,0.0,0.066489
2023-11-13,300ETF,Future (IF88 (CSI 300 Futures)),icw,-0.5769,1.3,0.0,0,-0.001841,-0.0,0.0,-0.0,0.066489
2023-11-14,300ETF,Future (IF88 (CSI 300 Futures)),icw,0.7185,1.3,0.0,0,-0.002839,-0.0,0.0,-0.0,0.066489
2023-11-15,300ETF,Future (IF88 (CSI 300 Futures)),icw,-0.5216,1.3,0.0,0,-0.003044,-0.0,0.0,-0.0,0.066489
2023-11-16,300ETF,Future (IF88 (CSI 300 Futures)),icw,-0.3725,1.3,0.0,0,-0.003286,-0.0,0.0,-0.0,0.066489
2023-11-17,300ETF,Future (IF88 (CSI 300 Futures)),icw,-0.1109,1.3,0.0,0,0.001066,0.0,0.0,0.0,0.066489
2023-11-20,300ETF,Future (IF88 (CSI 300 Futures)),icw,-0.7601,1.3,0.0,0,0.009259,0.0,0.0,0.0,0.066489
2023-11-21,300ETF,Future (IF88 (CSI 300 Futures)),icw,1.2065,1.3,0.0,0,-0.009107,-0.0,0.0,-0.0,0.066489
2023-11-22,300ETF,Future (IF88 (CSI 300 Futures)),icw,-0.3767,1.3,0.0,0,-0.004261,-0.0,0.0,-0.0,0.066489
2023-11-23,300ETF,Future (IF88 (CSI 300 Futures)),icw,-0.1193,1.3,0.0,0,0.008105,0.0,0.0,0.0,0.066489
2023-11-24,300ETF,Future (IF88 (CSI 300 Futures)),icw,-0.8565,1.3,0.0,0,-0.004564,-0.0,0.0,-0.0,0.066489
2023-11-27,300ETF,Future (IF88 (CSI 300 Futures)),icw,-1.1119,1.3,-1.0,1,0.002963,-0.002963,0.0008,-0.003763,0.062726
2023-11-28,300ETF,Future (IF88 (CSI 300 Futures)),icw,-0.479,1.3,0.0,0,0.000966,0.0,0.0,0.0,0.062726
2023-11-29,300ETF,Future (IF88 (CSI 300 Futures)),icw,-0.9087,1.3,0.0,0,-0.004059,-0.0,0.0,-0.0,0.062726
2023-11-30,300ETF,Future (IF88 (CSI 300 Futures)),icw,0.127,1.3,0.0,0,0.002343,0.0,0.0,0.0,0.062726
2023-12-01,300ETF,Future (IF88 (CSI 300 Futures)),icw,-1.0384,1.3,-1.0,1,0.002069,-0.002069,0.0008,-0.002869,0.059857
2023-12-04,300ETF,Future (IF88 (CSI 300 Futures)),icw,-0.6526,1.3,0.0,0,-0.006911,-0.0,0.0,-0.0,0.059857
2023-12-05,300ETF,Future (IF88 (CSI 300 Futures)),icw,-0.9158,1.3,0.0,0,-0.009122,-0.0,0.0,-0.0,0.059857
2023-12-06,300ETF,Future (IF88 (CSI 300 Futures)),icw,-0.2456,1.3,0.0,0,0.001296,0.0,0.0,0.0,0.059857
2023-12-07,300ETF,Future (IF88 (CSI 300 Futures)),icw,-0.6834,1.3,0.0,0,0.007515,0.0,0.0,0.0,0.059857
2023-12-08,300ETF,Future (IF88 (CSI 300 Futures)),icw,0.2423,1.3,0.0,0,0.002773,0.0,0.0,0.0,0.059857
2023-12-11,300ETF,Future (IF88 (CSI 300 Futures)),icw,-1.2319,1.3,-1.0,1,0.023592,-0.023592,0.0008,-0.024392,0.035465
2023-12-12,300ETF,Future (IF88 (CSI 300 Futures)),icw,0.0563,1.3,0.0,0,0.002339,0.0,0.0,0.0,0.035465
2023-12-13,300ETF,Future (IF88 (CSI 300 Futures)),icw,-0.9584,1.3,0.0,0,-0.007253,-0.0,0.0,-0.0,0.035465
2023-12-14,300ETF,Future (IF88 (CSI 300 Futures)),icw,0.4681,1.3,0.0,0,-0.005279,-0.0,0.0,-0.0,0.035465
2023-12-15,300ETF,Future (IF88 (CSI 300 Futures)),icw,0.3561,1.3,0.0,0,-0.007407,-0.0,0.0,-0.0,0.035465
2023-12-18,300ETF,Future (IF88 (CSI 300 Futures)),icw,0.068,1.3,0.0,0,-0.002877,-0.0,0.0,-0.0,0.035465
2023-12-19,300ETF,Future (IF88 (CSI 300 Futures)),icw,-0.7304,1.3,0.0,0,-0.002044,-0.0,0.0,-0.0,0.035465
2023-12-20,300ETF,Future (IF88 (CSI 300 Futures)),icw,-0.2993,1.3,0.0,0,-0.00739,-0.0,0.0,-0.0,0.035465
2023-12-21,300ETF,Future (IF88 (CSI 300 Futures)),icw,0.6534,1.3,0.0,0,0.009545,0.0,0.0,0.0,0.035465
2023-12-22,300ETF,Future (IF88 (CSI 300 Futures)),icw,-0.4357,1.3,0.0,0,0.004915,0.0,0.0,0.0,0.035465
2023-12-25,300ETF,Future (IF88 (CSI 300 Futures)),icw,0.4261,1.3,0.0,0,0.000477,0.0,0.0,0.0,0.035465
2023-12-26,300ETF,Future (IF88 (CSI 300 Futures)),icw,-0.8004,1.3,0.0,0,-0.002338,-0.0,0.0,-0.0,0.035465
2023-12-27,300ETF,Future (IF88 (CSI 300 Futures)),icw,-0.2737,1.3,0.0,0,0.00852,0.0,0.0,0.0,0.035465
2023-12-28,300ETF,Future (IF88 (CSI 300 Futures)),icw,1.4977,1.3,1.0,1,0.0141,0.0141,0.0008,0.0133,0.048766
2023-12-29,300ETF,Future (IF88 (CSI 300 Futures)),icw,0.4007,1.3,0.0,0,-0.001686,-0.0,0.0,-0.0,0.048766
2024-01-02,300ETF,Future (IF88 (CSI 300 Futures)),icw,-1.0613,1.3,-1.0,1,-0.004991,0.004991,0.0008,0.004191,0.052957
2024-01-03,300ETF,Future (IF88 (CSI 300 Futures)),icw,0.2175,1.3,0.0,0,-0.001417,-0.0,0.0,-0.0,0.052957
2024-01-04,300ETF,Future (IF88 (CSI 300 Futures)),icw,-0.8342,1.3,0.0,0,-0.00179,-0.0,0.0,-0.0,0.052957
2024-01-05,300ETF,Future (IF88 (CSI 300 Futures)),icw,0.6356,1.3,0.0,0,-0.010469,-0.0,0.0,-0.0,0.052957
2024-01-08,300ETF,Future (IF88 (CSI 300 Futures)),icw,-0.127,1.3,0.0,0,-0.009278,-0.0,0.0,-0.0,0.052957
2024-01-09,300ETF,Future (IF88 (CSI 300 Futures)),icw,-0.2529,1.3,0.0,0,0.001882,0.0,0.0,0.0,0.052957
2024-01-10,300ETF,Future (IF88 (CSI 300 Futures)),icw,-0.4083,1.3,0.0,0,-0.003954,-0.0,0.0,-0.0,0.052957
2024-01-11,300ETF,Future (IF88 (CSI 300 Futures)),icw,-0.2278,1.3,0.0,0,0.006816,0.0,0.0,0.0,0.052957
2024-01-12,300ETF,Future (IF88 (CSI 300 Futures)),icw,-0.3403,1.3,0.0,0,-0.00085,-0.0,0.0,-0.0,0.052957
2024-01-15,300ETF,Future (IF88 (CSI 300 Futures)),icw,-0.6169,1.3,0.0,0,0.001585,0.0,0.0,0.0,0.052957
2024-01-16,300ETF,Future (IF88 (CSI 300 Futures)),icw,0.5734,1.3,0.0,0,-0.001581,-0.0,0.0,-0.0,0.052957
2024-01-17,300ETF,Future (IF88 (CSI 300 Futures)),icw,-0.8213,1.3,0.0,0,-0.006623,-0.0,0.0,-0.0,0.052957
2024-01-18,300ETF,Future (IF88 (CSI 300 Futures)),icw,-0.5835,1.3,0.0,0,-0.000746,-0.0,0.0,-0.0,0.052957
2024-01-19,300ETF,Future (IF88 (CSI 300 Futures)),icw,0.1785,1.3,0.0,0,-0.003632,-0.0,0.0,-0.0,0.052957
2024-01-22,300ETF,Future (IF88 (CSI 300 Futures)),icw,-0.2782,1.3,0.0,0,-0.015666,-0.0,0.0,-0.0,0.052957
2024-01-23,300ETF,Future (IF88 (CSI 300 Futures)),icw,-0.4167,1.3,0.0,0,0.010088,0.0,0.0,0.0,0.052957
2024-01-24,300ETF,Future (IF88 (CSI 300 Futures)),icw,-0.216,1.3,0.0,0,0.008534,0.0,0.0,0.0,0.052957
2024-01-25,300ETF,Future (IF88 (CSI 300 Futures)),icw,0.3678,1.3,0.0,0,0.018394,0.0,0.0,0.0,0.052957
2024-01-26,300ETF,Future (IF88 (CSI 300 Futures)),icw,0.0003,1.3,0.0,0,0.001022,0.0,0.0,0.0,0.052957
2024-01-29,300ETF,Future (IF88 (CSI 300 Futures)),icw,0.4732,1.3,0.0,0,-0.005172,-0.0,0.0,-0.0,0.052957
2024-01-30,300ETF,Future (IF88 (CSI 300 Futures)),icw,-0.5378,1.3,0.0,0,-0.004601,-0.0,0.0,-0.0,0.052957
2024-01-31,300ETF,Future (IF88 (CSI 300 Futures)),icw,0.1988,1.3,0.0,0,-0.002606,-0.0,0.0,-0.0,0.052957
2024-02-01,300ETF,Future (IF88 (CSI 300 Futures)),icw,-0.256,1.3,0.0,0,0.00725,0.0,0.0,0.0,0.052957
2024-02-02,300ETF,Future (IF88 (CSI 300 Futures)),icw,0.3054,1.3,0.0,0,-0.015813,-0.0,0.0,-0.0,0.052957
2024-02-05,300ETF,Future (IF88 (CSI 300 Futures)),icw,0.043,1.3,0.0,0,0.006857,0.0,0.0,0.0,0.052957
2024-02-06,300ETF,Future (IF88 (CSI 300 Futures)),icw,1.9956,1.3,1.0,1,0.020303,0.020303,0.0008,0.019503,0.072459
2024-02-07,300ETF,Future (IF88 (CSI 300 Futures)),icw,0.3376,1.3,0.0,0,-0.00297,-0.0,0.0,-0.0,0.072459
2024-02-08,300ETF,Future (IF88 (CSI 300 Futures)),icw,0.5431,1.3,0.0,0,0.000958,0.0,0.0,0.0,0.072459
2024-02-19,300ETF,Future (IF88 (CSI 300 Futures)),icw,-0.8241,1.3,0.0,0,0.003264,0.0,0.0,0.0,0.072459
2024-02-20,300ETF,Future (IF88 (CSI 300 Futures)),icw,-0.7764,1.3,0.0,0,0.006452,0.0,0.0,0.0,0.072459
2024-02-21,300ETF,Future (IF88 (CSI 300 Futures)),icw,-0.0268,1.3,0.0,0,0.022683,0.0,0.0,0.0,0.072459
2024-02-22,300ETF,Future (IF88 (CSI 300 Futures)),icw,0.7684,1.3,0.0,0,0.003913,0.0,0.0,0.0,0.072459
2024-02-23,300ETF,Future (IF88 (CSI 300 Futures)),icw,0.0963,1.3,0.0,0,-0.000572,-0.0,0.0,-0.0,0.072459
2024-02-26,300ETF,Future (IF88 (CSI 300 Futures)),icw,-0.1558,1.3,0.0,0,-0.003291,-0.0,0.0,-0.0,0.072459
2024-02-27,300ETF,Future (IF88 (CSI 300 Futures)),icw,0.1789,1.3,0.0,0,0.009504,0.0,0.0,0.0,0.072459
2024-02-28,300ETF,Future (IF88 (CSI 300 Futures)),icw,-0.3758,1.3,0.0,0,-0.006804,-0.0,0.0,-0.0,0.072459
2024-02-29,300ETF,Future (IF88 (CSI 300 Futures)),icw,1.1323,1.3,0.0,0,0.008012,0.0,0.0,0.0,0.072459
2024-03-01,300ETF,Future (IF88 (CSI 300 Futures)),icw,0.0937,1.3,0.0,0,0.006913,0.0,0.0,0.0,0.072459
2024-03-04,300ETF,Future (IF88 (CSI 300 Futures)),icw,0.0363,1.3,0.0,0,-0.000735,-0.0,0.0,-0.0,0.072459
2024-03-05,300ETF,Future (IF88 (CSI 300 Futures)),icw,0.399,1.3,0.0,0,0.003834,0.0,0.0,0.0,0.072459
2024-03-06,300ETF,Future (IF88 (CSI 300 Futures)),icw,-0.238,1.3,0.0,0,0.003721,0.0,0.0,0.0,0.072459
2024-03-07,300ETF,Future (IF88 (CSI 300 Futures)),icw,0.6121,1.3,0.0,0,-0.009427,-0.0,0.0,-0.0,0.072459
2024-03-08,300ETF,Future (IF88 (CSI 300 Futures)),icw,0.4989,1.3,0.0,0,0.002825,0.0,0.0,0.0,0.072459
2024-03-11,300ETF,Future (IF88 (CSI 300 Futures)),icw,0.5028,1.3,0.0,0,0.010387,0.0,0.0,0.0,0.072459
2024-03-12,300ETF,Future (IF88 (CSI 300 Futures)),icw,-0.1466,1.3,0.0,0,-0.00272,-0.0,0.0,-0.0,0.072459
2024-03-13,300ETF,Future (IF88 (CSI 300 Futures)),icw,-0.7013,1.3,0.0,0,-0.002569,-0.0,0.0,-0.0,0.072459
2024-03-14,300ETF,Future (IF88 (CSI 300 Futures)),icw,0.9339,1.3,0.0,0,-0.009661,-0.0,0.0,-0.0,0.072459
2024-03-15,300ETF,Future (IF88 (CSI 300 Futures)),icw,-0.012,1.3,0.0,0,0.006127,0.0,0.0,0.0,0.072459
2024-03-18,300ETF,Future (IF88 (CSI 300 Futures)),icw,0.3788,1.3,0.0,0,-0.000111,-0.0,0.0,-0.0,0.072459
2024-03-19,300ETF,Future (IF88 (CSI 300 Futures)),icw,-0.3006,1.3,0.0,0,-0.007018,-0.0,0.0,-0.0,0.072459
2024-03-20,300ETF,Future (IF88 (CSI 300 Futures)),icw,0.0362,1.3,0.0,0,0.0,0.0,0.0,0.0,0.072459
2024-03-21,300ETF,Future (IF88 (CSI 300 Futures)),icw,-0.0926,1.3,0.0,0,-0.002944,-0.0,0.0,-0.0,0.072459
2024-03-22,300ETF,Future (IF88 (CSI 300 Futures)),icw,-0.5744,1.3,0.0,0,-0.002201,-0.0,0.0,-0.0,0.072459
2024-03-25,300ETF,Future (IF88 (CSI 300 Futures)),icw,-0.3715,1.3,0.0,0,5.7e-05,0.0,0.0,0.0,0.072459
2024-03-26,300ETF,Future (IF88 (CSI 300 Futures)),icw,0.5527,1.3,0.0,0,0.001693,0.0,0.0,0.0,0.072459
2024-03-27,300ETF,Future (IF88 (CSI 300 Futures)),icw,-0.7703,1.3,0.0,0,-0.00255,-0.0,0.0,-0.0,0.072459
2024-03-28,300ETF,Future (IF88 (CSI 300 Futures)),icw,-0.3007,1.3,0.0,0,0.003821,0.0,0.0,0.0,0.072459
2024-03-29,300ETF,Future (IF88 (CSI 300 Futures)),icw,0.6583,1.3,0.0,0,-0.001583,-0.0,0.0,-0.0,0.072459
2024-04-01,300ETF,Future (IF88 (CSI 300 Futures)),icw,1.559,1.3,1.0,1,0.001278,0.001278,0.0008,0.000478,0.072937
2024-04-02,300ETF,Future (IF88 (CSI 300 Futures)),icw,-0.2614,1.3,0.0,0,-0.005014,-0.0,0.0,-0.0,0.072937
2024-04-03,300ETF,Future (IF88 (CSI 300 Futures)),icw,-0.5563,1.3,0.0,0,-0.001959,-0.0,0.0,-0.0,0.072937
2024-04-08,300ETF,Future (IF88 (CSI 300 Futures)),icw,-0.8476,1.3,0.0,0,-0.003717,-0.0,0.0,-0.0,0.072937
2024-04-09,300ETF,Future (IF88 (CSI 300 Futures)),icw,0.0424,1.3,0.0,0,0.00249,0.0,0.0,0.0,0.072937
2024-04-10,300ETF,Future (IF88 (CSI 300 Futures)),icw,-0.5029,1.3,0.0,0,-0.005507,-0.0,0.0,-0.0,0.072937
2024-04-11,300ETF,Future (IF88 (CSI 300 Futures)),icw,-0.1969,1.3,0.0,0,0.00297,0.0,0.0,0.0,0.072937
2024-04-12,300ETF,Future (IF88 (CSI 300 Futures)),icw,0.275,1.3,0.0,0,-0.006699,-0.0,0.0,-0.0,0.072937
2024-04-15,300ETF,Future (IF88 (CSI 300 Futures)),icw,1.5067,1.3,1.0,1,0.007383,0.007383,0.0008,0.006583,0.07952
2024-04-16,300ETF,Future (IF88 (CSI 300 Futures)),icw,-0.1385,1.3,0.0,0,-0.006698,-0.0,0.0,-0.0,0.07952
2024-04-17,300ETF,Future (IF88 (CSI 300 Futures)),icw,0.096,1.3,0.0,0,0.010109,0.0,0.0,0.0,0.07952
2024-04-18,300ETF,Future (IF88 (CSI 300 Futures)),icw,-0.0696,1.3,0.0,0,0.005437,0.0,0.0,0.0,0.07952
2024-04-19,300ETF,Future (IF88 (CSI 300 Futures)),icw,-0.4362,1.3,0.0,0,-0.005979,-0.0,0.0,-0.0,0.07952
2024-04-22,300ETF,Future (IF88 (CSI 300 Futures)),icw,0.5216,1.3,0.0,0,-0.008239,-0.0,0.0,-0.0,0.07952
2024-04-23,300ETF,Future (IF88 (CSI 300 Futures)),icw,-0.3887,1.3,0.0,0,5.7e-05,0.0,0.0,0.0,0.07952
2024-04-24,300ETF,Future (IF88 (CSI 300 Futures)),icw,-0.7477,1.3,0.0,0,0.005471,0.0,0.0,0.0,0.07952
2024-04-25,300ETF,Future (IF88 (CSI 300 Futures)),icw,-0.5645,1.3,0.0,0,0.005282,0.0,0.0,0.0,0.07952
2024-04-26,300ETF,Future (IF88 (CSI 300 Futures)),icw,1.035,1.3,0.0,0,0.010911,0.0,0.0,0.0,0.07952
2024-04-29,300ETF,Future (IF88 (CSI 300 Futures)),icw,0.3067,1.3,0.0,0,0.009098,0.0,0.0,0.0,0.07952
2024-04-30,300ETF,Future (IF88 (CSI 300 Futures)),icw,-0.3855,1.3,0.0,0,-0.002427,-0.0,0.0,-0.0,0.07952
2024-05-06,300ETF,Future (IF88 (CSI 300 Futures)),icw,0.0283,1.3,0.0,0,-0.003284,-0.0,0.0,-0.0,0.07952
2024-05-07,300ETF,Future (IF88 (CSI 300 Futures)),icw,-0.385,1.3,0.0,0,-0.002468,-0.0,0.0,-0.0,0.07952
2024-05-08,300ETF,Future (IF88 (CSI 300 Futures)),icw,-0.8762,1.3,0.0,0,-0.004028,-0.0,0.0,-0.0,0.07952
2024-05-09,300ETF,Future (IF88 (CSI 300 Futures)),icw,0.8803,1.3,0.0,0,0.002248,0.0,0.0,0.0,0.07952
2024-05-10,300ETF,Future (IF88 (CSI 300 Futures)),icw,-0.1538,1.3,0.0,0,0.004282,0.0,0.0,0.0,0.07952
2024-05-13,300ETF,Future (IF88 (CSI 300 Futures)),icw,-0.8369,1.3,0.0,0,0.004734,0.0,0.0,0.0,0.07952
2024-05-14,300ETF,Future (IF88 (CSI 300 Futures)),icw,0.115,1.3,0.0,0,0.00011,0.0,0.0,0.0,0.07952
2024-05-15,300ETF,Future (IF88 (CSI 300 Futures)),icw,-0.556,1.3,0.0,0,-0.003255,-0.0,0.0,-0.0,0.07952
2024-05-16,300ETF,Future (IF88 (CSI 300 Futures)),icw,-0.3096,1.3,0.0,0,-0.002043,-0.0,0.0,-0.0,0.07952
2024-05-17,300ETF,Future (IF88 (CSI 300 Futures)),icw,-0.0563,1.3,0.0,0,0.002249,0.0,0.0,0.0,0.07952
2024-05-20,300ETF,Future (IF88 (CSI 300 Futures)),icw,0.8337,1.3,0.0,0,-0.004074,-0.0,0.0,-0.0,0.07952
2024-05-21,300ETF,Future (IF88 (CSI 300 Futures)),icw,-0.5116,1.3,0.0,0,-0.001967,-0.0,0.0,-0.0,0.07952
2024-05-22,300ETF,Future (IF88 (CSI 300 Futures)),icw,-0.1005,1.3,0.0,0,0.000764,0.0,0.0,0.0,0.07952
2024-05-23,300ETF,Future (IF88 (CSI 300 Futures)),icw,-0.9307,1.3,0.0,0,-0.003858,-0.0,0.0,-0.0,0.07952
2024-05-24,300ETF,Future (IF88 (CSI 300 Futures)),icw,0.3422,1.3,0.0,0,-0.009911,-0.0,0.0,-0.0,0.07952
2024-05-27,300ETF,Future (IF88 (CSI 300 Futures)),icw,0.2735,1.3,0.0,0,0.003935,0.0,0.0,0.0,0.07952
2024-05-28,300ETF,Future (IF88 (CSI 300 Futures)),icw,-0.4185,1.3,0.0,0,-0.005054,-0.0,0.0,-0.0,0.07952
2024-05-29,300ETF,Future (IF88 (CSI 300 Futures)),icw,0.6836,1.3,0.0,0,-0.003047,-0.0,0.0,-0.0,0.07952
2024-05-30,300ETF,Future (IF88 (CSI 300 Futures)),icw,0.0425,1.3,0.0,0,-0.007671,-0.0,0.0,-0.0,0.07952
2024-05-31,300ETF,Future (IF88 (CSI 300 Futures)),icw,0.133,1.3,0.0,0,-0.008472,-0.0,0.0,-0.0,0.07952
2024-06-03,300ETF,Future (IF88 (CSI 300 Futures)),icw,-0.5318,1.3,0.0,0,-0.005326,-0.0,0.0,-0.0,0.07952
2024-06-04,300ETF,Future (IF88 (CSI 300 Futures)),icw,-0.0546,1.3,0.0,0,0.006841,0.0,0.0,0.0,0.07952
2024-06-05,300ETF,Future (IF88 (CSI 300 Futures)),icw,0.1771,1.3,0.0,0,-0.005893,-0.0,0.0,-0.0,0.07952
2024-06-06,300ETF,Future (IF88 (CSI 300 Futures)),icw,0.4603,1.3,0.0,0,-0.004967,-0.0,0.0,-0.0,0.07952
2024-06-07,300ETF,Future (IF88 (CSI 300 Futures)),icw,-0.0803,1.3,0.0,0,-0.005936,-0.0,0.0,-0.0,0.07952
2024-06-11,300ETF,Future (IF88 (CSI 300 Futures)),icw,-0.7267,1.3,0.0,0,0.001189,0.0,0.0,0.0,0.07952
2024-06-12,300ETF,Future (IF88 (CSI 300 Futures)),icw,0.0939,1.3,0.0,0,-0.00034,-0.0,0.0,-0.0,0.07952
2024-06-13,300ETF,Future (IF88 (CSI 300 Futures)),icw,-0.7744,1.3,0.0,0,-0.006648,-0.0,0.0,-0.0,0.07952
2024-06-14,300ETF,Future (IF88 (CSI 300 Futures)),icw,-0.4491,1.3,0.0,0,0.005788,0.0,0.0,0.0,0.07952
2024-06-17,300ETF,Future (IF88 (CSI 300 Futures)),icw,-0.2821,1.3,0.0,0,-0.000566,-0.0,0.0,-0.0,0.07952
2024-06-18,300ETF,Future (IF88 (CSI 300 Futures)),icw,0.2358,1.3,0.0,0,-0.000962,-0.0,0.0,-0.0,0.07952
2024-06-19,300ETF,Future (IF88 (CSI 300 Futures)),icw,-0.9359,1.3,0.0,0,-0.000964,-0.0,0.0,-0.0,0.07952
2024-06-20,300ETF,Future (IF88 (CSI 300 Futures)),icw,0.0453,1.3,0.0,0,-0.002111,-0.0,0.0,-0.0,0.07952
2024-06-21,300ETF,Future (IF88 (CSI 300 Futures)),icw,-0.4543,1.3,0.0,0,-0.002019,-0.0,0.0,-0.0,0.07952
2024-06-24,300ETF,Future (IF88 (CSI 300 Futures)),icw,-0.5592,1.3,0.0,0,0.002256,0.0,0.0,0.0,0.07952
2024-06-25,300ETF,Future (IF88 (CSI 300 Futures)),icw,-0.0309,1.3,0.0,0,-0.006448,-0.0,0.0,-0.0,0.07952
2024-06-26,300ETF,Future (IF88 (CSI 300 Futures)),icw,-0.4057,1.3,0.0,0,0.009242,0.0,0.0,0.0,0.07952
2024-06-27,300ETF,Future (IF88 (CSI 300 Futures)),icw,-1.0123,1.3,-1.0,1,0.001808,-0.001808,0.0008,-0.002608,0.076912
2024-06-28,300ETF,Future (IF88 (CSI 300 Futures)),icw,0.9494,1.3,0.0,0,-0.005515,-0.0,0.0,-0.0,0.076912
2024-07-01,300ETF,Future (IF88 (CSI 300 Futures)),icw,-0.0331,1.3,0.0,0,0.005056,0.0,0.0,0.0,0.076912
2024-07-02,300ETF,Future (IF88 (CSI 300 Futures)),icw,0.1246,1.3,0.0,0,-0.004295,-0.0,0.0,-0.0,0.076912
2024-07-03,300ETF,Future (IF88 (CSI 300 Futures)),icw,-0.2847,1.3,0.0,0,0.001397,0.0,0.0,0.0,0.076912
2024-07-04,300ETF,Future (IF88 (CSI 300 Futures)),icw,0.5852,1.3,0.0,0,-0.005708,-0.0,0.0,-0.0,0.076912
2024-07-05,300ETF,Future (IF88 (CSI 300 Futures)),icw,-0.3821,1.3,0.0,0,0.00053,0.0,0.0,0.0,0.076912
2024-07-08,300ETF,Future (IF88 (CSI 300 Futures)),icw,-0.4326,1.3,0.0,0,-0.003188,-0.0,0.0,-0.0,0.076912
2024-07-09,300ETF,Future (IF88 (CSI 300 Futures)),icw,-0.2613,1.3,0.0,0,0.010932,0.0,0.0,0.0,0.076912
2024-07-10,300ETF,Future (IF88 (CSI 300 Futures)),icw,0.297,1.3,0.0,0,-0.003217,-0.0,0.0,-0.0,0.076912
2024-07-11,300ETF,Future (IF88 (CSI 300 Futures)),icw,-0.337,1.3,0.0,0,0.003015,0.0,0.0,0.0,0.076912
2024-07-12,300ETF,Future (IF88 (CSI 300 Futures)),icw,-0.0964,1.3,0.0,0,0.000693,0.0,0.0,0.0,0.076912
2024-07-15,300ETF,Future (IF88 (CSI 300 Futures)),icw,0.1564,1.3,0.0,0,-0.001443,-0.0,0.0,-0.0,0.076912
2024-07-16,300ETF,Future (IF88 (CSI 300 Futures)),icw,-0.0028,1.3,0.0,0,0.005008,0.0,0.0,0.0,0.076912
2024-07-17,300ETF,Future (IF88 (CSI 300 Futures)),icw,-0.5332,1.3,0.0,0,0.005386,0.0,0.0,0.0,0.076912
2024-07-18,300ETF,Future (IF88 (CSI 300 Futures)),icw,-0.6276,1.3,0.0,0,0.007322,0.0,0.0,0.0,0.076912
2024-07-19,300ETF,Future (IF88 (CSI 300 Futures)),icw,-0.5141,1.3,0.0,0,0.007662,0.0,0.0,0.0,0.076912
2024-07-22,300ETF,Future (IF88 (CSI 300 Futures)),icw,-0.6989,1.3,0.0,0,-0.001145,-0.0,0.0,-0.0,0.076912
2024-07-23,300ETF,Future (IF88 (CSI 300 Futures)),icw,-1.0035,1.3,-1.0,1,-0.01163,0.01163,0.0008,0.01083,0.087742
2024-07-24,300ETF,Future (IF88 (CSI 300 Futures)),icw,0.4281,1.3,0.0,0,-0.005575,-0.0,0.0,-0.0,0.087742
2024-07-25,300ETF,Future (IF88 (CSI 300 Futures)),icw,-0.2387,1.3,0.0,0,-0.005669,-0.0,0.0,-0.0,0.087742
2024-07-26,300ETF,Future (IF88 (CSI 300 Futures)),icw,0.8059,1.3,0.0,0,-0.004886,-0.0,0.0,-0.0,0.087742
2024-07-29,300ETF,Future (IF88 (CSI 300 Futures)),icw,-0.4008,1.3,0.0,0,-0.002185,-0.0,0.0,-0.0,0.087742
2024-07-30,300ETF,Future (IF88 (CSI 300 Futures)),icw,-1.1033,1.3,-1.0,1,0.00125,-0.00125,0.0008,-0.00205,0.085692
2024-07-31,300ETF,Future (IF88 (CSI 300 Futures)),icw,0.8412,1.3,0.0,0,0.015281,0.0,0.0,0.0,0.085692
2024-08-01,300ETF,Future (IF88 (CSI 300 Futures)),icw,-0.3147,1.3,0.0,0,-0.006363,-0.0,0.0,-0.0,0.085692
2024-08-02,300ETF,Future (IF88 (CSI 300 Futures)),icw,0.017,1.3,0.0,0,-0.00837,-0.0,0.0,-0.0,0.085692
2024-08-05,300ETF,Future (IF88 (CSI 300 Futures)),icw,1.0217,1.3,0.0,0,-0.011612,-0.0,0.0,-0.0,0.085692
2024-08-06,300ETF,Future (IF88 (CSI 300 Futures)),icw,-0.0388,1.3,0.0,0,-0.006665,-0.0,0.0,-0.0,0.085692
2024-08-07,300ETF,Future (IF88 (CSI 300 Futures)),icw,0.489,1.3,0.0,0,-0.003538,-0.0,0.0,-0.0,0.085692
2024-08-08,300ETF,Future (IF88 (CSI 300 Futures)),icw,-0.5987,1.3,0.0,0,0.007099,0.0,0.0,0.0,0.085692
2024-08-09,300ETF,Future (IF88 (CSI 300 Futures)),icw,0.2051,1.3,0.0,0,-0.005819,-0.0,0.0,-0.0,0.085692
2024-08-12,300ETF,Future (IF88 (CSI 300 Futures)),icw,-0.0827,1.3,0.0,0,-0.002709,-0.0,0.0,-0.0,0.085692
2024-08-13,300ETF,Future (IF88 (CSI 300 Futures)),icw,-0.3309,1.3,0.0,0,-0.000846,-0.0,0.0,-0.0,0.085692
2024-08-14,300ETF,Future (IF88 (CSI 300 Futures)),icw,-1.0434,1.3,-1.0,1,-0.000907,0.000907,0.0008,0.000107,0.085799
2024-08-15,300ETF,Future (IF88 (CSI 300 Futures)),icw,1.03,1.3,0.0,0,0.001986,0.0,0.0,0.0,0.085799
2024-08-16,300ETF,Future (IF88 (CSI 300 Futures)),icw,-0.2163,1.3,0.0,0,-0.003951,-0.0,0.0,-0.0,0.085799
2024-08-19,300ETF,Future (IF88 (CSI 300 Futures)),icw,1.2133,1.3,0.0,0,-0.006128,-0.0,0.0,-0.0,0.085799
2024-08-20,300ETF,Future (IF88 (CSI 300 Futures)),icw,-0.8504,1.3,0.0,0,-0.004032,-0.0,0.0,-0.0,0.085799
2024-08-21,300ETF,Future (IF88 (CSI 300 Futures)),icw,-0.7779,1.3,0.0,0,0.002055,0.0,0.0,0.0,0.085799
2024-08-22,300ETF,Future (IF88 (CSI 300 Futures)),icw,-0.221,1.3,0.0,0,-0.001151,-0.0,0.0,-0.0,0.085799
2024-08-23,300ETF,Future (IF88 (CSI 300 Futures)),icw,0.3932,1.3,0.0,0,0.005493,0.0,0.0,0.0,0.085799
2024-08-26,300ETF,Future (IF88 (CSI 300 Futures)),icw,-0.2786,1.3,0.0,0,-0.000181,-0.0,0.0,-0.0,0.085799
2024-08-27,300ETF,Future (IF88 (CSI 300 Futures)),icw,-0.4321,1.3,0.0,0,-0.001212,-0.0,0.0,-0.0,0.085799
2024-08-28,300ETF,Future (IF88 (CSI 300 Futures)),icw,-0.233,1.3,0.0,0,-0.001947,-0.0,0.0,-0.0,0.085799
2024-08-29,300ETF,Future (IF88 (CSI 300 Futures)),icw,-0.1806,1.3,0.0,0,0.003845,0.0,0.0,0.0,0.085799
2024-08-30,300ETF,Future (IF88 (CSI 300 Futures)),icw,1.4931,1.3,1.0,1,0.004032,0.004032,0.0008,0.003232,0.089031
2024-09-02,300ETF,Future (IF88 (CSI 300 Futures)),icw,-0.7284,1.3,0.0,0,-0.007626,-0.0,0.0,-0.0,0.089031
2024-09-03,300ETF,Future (IF88 (CSI 300 Futures)),icw,0.0545,1.3,0.0,0,0.001591,0.0,0.0,0.0,0.089031
2024-09-04,300ETF,Future (IF88 (CSI 300 Futures)),icw,-0.5428,1.3,0.0,0,-6.1e-05,-0.0,0.0,-0.0,0.089031
2024-09-05,300ETF,Future (IF88 (CSI 300 Futures)),icw,0.2736,1.3,0.0,0,0.002644,0.0,0.0,0.0,0.089031
2024-09-06,300ETF,Future (IF88 (CSI 300 Futures)),icw,-0.0161,1.3,0.0,0,-0.010324,-0.0,0.0,-0.0,0.089031
2024-09-09,300ETF,Future (IF88 (CSI 300 Futures)),icw,-0.5611,1.3,0.0,0,-0.006388,-0.0,0.0,-0.0,0.089031
2024-09-10,300ETF,Future (IF88 (CSI 300 Futures)),icw,-0.2971,1.3,0.0,0,0.002447,0.0,0.0,0.0,0.089031
2024-09-11,300ETF,Future (IF88 (CSI 300 Futures)),icw,-0.8977,1.3,0.0,0,0.001069,0.0,0.0,0.0,0.089031
2024-09-12,300ETF,Future (IF88 (CSI 300 Futures)),icw,0.508,1.3,0.0,0,-0.005019,-0.0,0.0,-0.0,0.089031
2024-09-13,300ETF,Future (IF88 (CSI 300 Futures)),icw,0.4896,1.3,0.0,0,-0.008757,-0.0,0.0,-0.0,0.089031
2024-09-18,300ETF,Future (IF88 (CSI 300 Futures)),icw,0.455,1.3,0.0,0,0.003916,0.0,0.0,0.0,0.089031
2024-09-19,300ETF,Future (IF88 (CSI 300 Futures)),icw,-0.4825,1.3,0.0,0,0.011236,0.0,0.0,0.0,0.089031
2024-09-20,300ETF,Future (IF88 (CSI 300 Futures)),icw,-0.4428,1.3,0.0,0,0.00195,0.0,0.0,0.0,0.089031
2024-09-23,300ETF,Future (IF88 (CSI 300 Futures)),icw,0.9735,1.3,0.0,0,-0.004482,-0.0,0.0,-0.0,0.089031
2024-09-24,300ETF,Future (IF88 (CSI 300 Futures)),icw,0.0096,1.3,0.0,0,0.036945,0.0,0.0,0.0,0.089031
2024-09-25,300ETF,Future (IF88 (CSI 300 Futures)),icw,1.9401,1.3,1.0,1,-0.012834,-0.012834,0.0008,-0.013634,0.075397
2024-09-26,300ETF,Future (IF88 (CSI 300 Futures)),icw,0.8723,1.3,0.0,0,0.030667,0.0,0.0,0.0,0.075397
2024-09-27,300ETF,Future (IF88 (CSI 300 Futures)),icw,1.4086,1.3,1.0,1,0.041525,0.041525,0.0008,0.040725,0.116122
2024-09-30,300ETF,Future (IF88 (CSI 300 Futures)),icw,2.3699,1.3,1.0,1,0.051948,0.051948,0.0008,0.051148,0.16727
2024-10-08,300ETF,Future (IF88 (CSI 300 Futures)),icw,-0.0838,1.3,0.0,0,-0.050967,-0.0,0.0,-0.0,0.16727
2024-10-09,300ETF,Future (IF88 (CSI 300 Futures)),icw,-1.3629,1.3,-1.0,1,-0.028803,0.028803,0.0008,0.028003,0.195273
2024-10-10,300ETF,Future (IF88 (CSI 300 Futures)),icw,1.145,1.3,0.0,0,0.010806,0.0,0.0,0.0,0.195273
2024-10-11,300ETF,Future (IF88 (CSI 300 Futures)),icw,-0.9001,1.3,0.0,0,-0.028697,-0.0,0.0,-0.0,0.195273
2024-10-14,300ETF,Future (IF88 (CSI 300 Futures)),icw,0.8656,1.3,0.0,0,0.010289,0.0,0.0,0.0,0.195273
2024-10-15,300ETF,Future (IF88 (CSI 300 Futures)),icw,-0.5913,1.3,0.0,0,-0.015621,-0.0,0.0,-0.0,0.195273
2024-10-16,300ETF,Future (IF88 (CSI 300 Futures)),icw,-0.0156,1.3,0.0,0,-0.009728,-0.0,0.0,-0.0,0.195273
2024-10-17,300ETF,Future (IF88 (CSI 300 Futures)),icw,0.1783,1.3,0.0,0,-0.017828,-0.0,0.0,-0.0,0.195273
2024-10-18,300ETF,Future (IF88 (CSI 300 Futures)),icw,0.287,1.3,0.0,0,0.061175,0.0,0.0,0.0,0.195273
2024-10-21,300ETF,Future (IF88 (CSI 300 Futures)),icw,0.1581,1.3,0.0,0,0.007699,0.0,0.0,0.0,0.195273
2024-10-22,300ETF,Future (IF88 (CSI 300 Futures)),icw,0.6243,1.3,0.0,0,-0.000202,-0.0,0.0,-0.0,0.195273
2024-10-23,300ETF,Future (IF88 (CSI 300 Futures)),icw,-0.3753,1.3,0.0,0,0.004788,0.0,0.0,0.0,0.195273
2024-10-24,300ETF,Future (IF88 (CSI 300 Futures)),icw,-0.5574,1.3,0.0,0,-0.003559,-0.0,0.0,-0.0,0.195273
2024-10-25,300ETF,Future (IF88 (CSI 300 Futures)),icw,0.3465,1.3,0.0,0,0.007441,0.0,0.0,0.0,0.195273
2024-10-28,300ETF,Future (IF88 (CSI 300 Futures)),icw,-1.0377,1.3,-1.0,1,0.003751,-0.003751,0.0008,-0.004551,0.190721
2024-10-29,300ETF,Future (IF88 (CSI 300 Futures)),icw,0.5194,1.3,0.0,0,-0.008297,-0.0,0.0,-0.0,0.190721
2024-10-30,300ETF,Future (IF88 (CSI 300 Futures)),icw,0.0263,1.3,0.0,0,-0.010079,-0.0,0.0,-0.0,0.190721
2024-10-31,300ETF,Future (IF88 (CSI 300 Futures)),icw,-0.7787,1.3,0.0,0,0.00742,0.0,0.0,0.0,0.190721
2024-11-01,300ETF,Future (IF88 (CSI 300 Futures)),icw,1.0002,1.3,0.0,0,-0.002804,-0.0,0.0,-0.0,0.190721
2024-11-04,300ETF,Future (IF88 (CSI 300 Futures)),icw,0.0515,1.3,0.0,0,0.004841,0.0,0.0,0.0,0.190721
2024-11-05,300ETF,Future (IF88 (CSI 300 Futures)),icw,0.0157,1.3,0.0,0,0.019196,0.0,0.0,0.0,0.190721
2024-11-06,300ETF,Future (IF88 (CSI 300 Futures)),icw,0.033,1.3,0.0,0,-0.006952,-0.0,0.0,-0.0,0.190721
2024-11-07,300ETF,Future (IF88 (CSI 300 Futures)),icw,0.3458,1.3,0.0,0,0.023729,0.0,0.0,0.0,0.190721
2024-11-08,300ETF,Future (IF88 (CSI 300 Futures)),icw,-0.2543,1.3,0.0,0,-0.013387,-0.0,0.0,-0.0,0.190721
2024-11-11,300ETF,Future (IF88 (CSI 300 Futures)),icw,-0.3168,1.3,0.0,0,0.008081,0.0,0.0,0.0,0.190721
2024-11-12,300ETF,Future (IF88 (CSI 300 Futures)),icw,1.185,1.3,0.0,0,-0.023713,-0.0,0.0,-0.0,0.190721
2024-11-13,300ETF,Future (IF88 (CSI 300 Futures)),icw,0.349,1.3,0.0,0,0.004538,0.0,0.0,0.0,0.190721
2024-11-14,300ETF,Future (IF88 (CSI 300 Futures)),icw,-0.0391,1.3,0.0,0,-0.011552,-0.0,0.0,-0.0,0.190721
2024-11-15,300ETF,Future (IF88 (CSI 300 Futures)),icw,0.0141,1.3,0.0,0,-0.004726,-0.0,0.0,-0.0,0.190721
2024-11-18,300ETF,Future (IF88 (CSI 300 Futures)),icw,0.2868,1.3,0.0,0,-0.008863,-0.0,0.0,-0.0,0.190721
2024-11-19,300ETF,Future (IF88 (CSI 300 Futures)),icw,0.4348,1.3,0.0,0,0.000706,0.0,0.0,0.0,0.190721
2024-11-20,300ETF,Future (IF88 (CSI 300 Futures)),icw,-0.3414,1.3,0.0,0,0.005388,0.0,0.0,0.0,0.190721
2024-11-21,300ETF,Future (IF88 (CSI 300 Futures)),icw,-0.01,1.3,0.0,0,0.002113,0.0,0.0,0.0,0.190721
2024-11-22,300ETF,Future (IF88 (CSI 300 Futures)),icw,-0.2438,1.3,0.0,0,-0.019422,-0.0,0.0,-0.0,0.190721
2024-11-25,300ETF,Future (IF88 (CSI 300 Futures)),icw,0.4266,1.3,0.0,0,-0.007805,-0.0,0.0,-0.0,0.190721
2024-11-26,300ETF,Future (IF88 (CSI 300 Futures)),icw,0.2183,1.3,0.0,0,-0.002294,-0.0,0.0,-0.0,0.190721
2024-11-27,300ETF,Future (IF88 (CSI 300 Futures)),icw,-0.1325,1.3,0.0,0,0.021023,0.0,0.0,0.0,0.190721
2024-11-28,300ETF,Future (IF88 (CSI 300 Futures)),icw,-0.3124,1.3,0.0,0,-0.004172,-0.0,0.0,-0.0,0.190721
2024-11-29,300ETF,Future (IF88 (CSI 300 Futures)),icw,0.9823,1.3,0.0,0,0.009639,0.0,0.0,0.0,0.190721
2024-12-02,300ETF,Future (IF88 (CSI 300 Futures)),icw,0.7381,1.3,0.0,0,-0.00335,-0.0,0.0,-0.0,0.190721
2024-12-03,300ETF,Future (IF88 (CSI 300 Futures)),icw,-0.8429,1.3,0.0,0,0.006549,0.0,0.0,0.0,0.190721
2024-12-04,300ETF,Future (IF88 (CSI 300 Futures)),icw,-0.8917,1.3,0.0,0,-0.001428,-0.0,0.0,-0.0,0.190721
2024-12-05,300ETF,Future (IF88 (CSI 300 Futures)),icw,0.0191,1.3,0.0,0,-0.000102,-0.0,0.0,-0.0,0.190721
2024-12-06,300ETF,Future (IF88 (CSI 300 Futures)),icw,0.3584,1.3,0.0,0,0.014887,0.0,0.0,0.0,0.190721
2024-12-09,300ETF,Future (IF88 (CSI 300 Futures)),icw,-0.0572,1.3,0.0,0,-0.00111,-0.0,0.0,-0.0,0.190721
2024-12-10,300ETF,Future (IF88 (CSI 300 Futures)),icw,-0.198,1.3,0.0,0,-0.010091,-0.0,0.0,-0.0,0.190721
2024-12-11,300ETF,Future (IF88 (CSI 300 Futures)),icw,0.3329,1.3,0.0,0,-0.0013,-0.0,0.0,-0.0,0.190721
2024-12-12,300ETF,Future (IF88 (CSI 300 Futures)),icw,-0.2549,1.3,0.0,0,0.009566,0.0,0.0,0.0,0.190721
2024-12-13,300ETF,Future (IF88 (CSI 300 Futures)),icw,-1.1541,1.3,-1.0,1,-0.00774,0.00774,0.0008,0.00694,0.197662
2024-12-16,300ETF,Future (IF88 (CSI 300 Futures)),icw,-0.0213,1.3,0.0,0,-0.005515,-0.0,0.0,-0.0,0.197662
2024-12-17,300ETF,Future (IF88 (CSI 300 Futures)),icw,1.1343,1.3,0.0,0,-0.006254,-0.0,0.0,-0.0,0.197662
2024-12-18,300ETF,Future (IF88 (CSI 300 Futures)),icw,0.79,1.3,0.0,0,-0.003345,-0.0,0.0,-0.0,0.197662
2024-12-19,300ETF,Future (IF88 (CSI 300 Futures)),icw,-0.2753,1.3,0.0,0,0.003097,0.0,0.0,0.0,0.197662
2024-12-20,300ETF,Future (IF88 (CSI 300 Futures)),icw,-0.4027,1.3,0.0,0,-0.002186,-0.0,0.0,-0.0,0.197662
2024-12-23,300ETF,Future (IF88 (CSI 300 Futures)),icw,1.138,1.3,0.0,0,-0.003701,-0.0,0.0,-0.0,0.197662
2024-12-24,300ETF,Future (IF88 (CSI 300 Futures)),icw,0.6376,1.3,0.0,0,0.004483,0.0,0.0,0.0,0.197662
2024-12-25,300ETF,Future (IF88 (CSI 300 Futures)),icw,-0.0448,1.3,0.0,0,-0.006219,-0.0,0.0,-0.0,0.197662
2024-12-26,300ETF,Future (IF88 (CSI 300 Futures)),icw,-0.6298,1.3,0.0,0,0.003261,0.0,0.0,0.0,0.197662
2024-12-27,300ETF,Future (IF88 (CSI 300 Futures)),icw,-0.5328,1.3,0.0,0,0.001858,0.0,0.0,0.0,0.197662
2024-12-30,300ETF,Future (IF88 (CSI 300 Futures)),icw,0.7713,1.3,0.0,0,0.00015,0.0,0.0,0.0,0.197662
2024-12-31,300ETF,Future (IF88 (CSI 300 Futures)),icw,-0.1236,1.3,0.0,0,-0.013976,-0.0,0.0,-0.0,0.197662
2025-01-02,300ETF,Future (IF88 (CSI 300 Futures)),icw,-0.7954,1.3,0.0,0,-0.022235,-0.0,0.0,-0.0,0.197662
2025-01-03,300ETF,Future (IF88 (CSI 300 Futures)),icw,-0.406,1.3,0.0,0,-0.007968,-0.0,0.0,-0.0,0.197662
2025-01-06,300ETF,Future (IF88 (CSI 300 Futures)),icw,-0.1897,1.3,0.0,0,-5.3e-05,-0.0,0.0,-0.0,0.197662
2025-01-07,300ETF,Future (IF88 (CSI 300 Futures)),icw,0.3884,1.3,0.0,0,0.003544,0.0,0.0,0.0,0.197662
2025-01-08,300ETF,Future (IF88 (CSI 300 Futures)),icw,-0.7656,1.3,0.0,0,-0.000106,-0.0,0.0,-0.0,0.197662
2025-01-09,300ETF,Future (IF88 (CSI 300 Futures)),icw,-0.503,1.3,0.0,0,0.001743,0.0,0.0,0.0,0.197662
2025-01-10,300ETF,Future (IF88 (CSI 300 Futures)),icw,-0.231,1.3,0.0,0,-0.004155,-0.0,0.0,-0.0,0.197662
2025-01-13,300ETF,Future (IF88 (CSI 300 Futures)),icw,0.1894,1.3,0.0,0,-0.003118,-0.0,0.0,-0.0,0.197662
2025-01-14,300ETF,Future (IF88 (CSI 300 Futures)),icw,0.8319,1.3,0.0,0,0.013693,0.0,0.0,0.0,0.197662
2025-01-15,300ETF,Future (IF88 (CSI 300 Futures)),icw,-0.5883,1.3,0.0,0,-0.003315,-0.0,0.0,-0.0,0.197662
2025-01-16,300ETF,Future (IF88 (CSI 300 Futures)),icw,1.3678,1.3,1.0,1,-0.008828,-0.008828,0.0008,-0.009628,0.188034
2025-01-17,300ETF,Future (IF88 (CSI 300 Futures)),icw,-0.1513,1.3,0.0,0,0.004945,0.0,0.0,0.0,0.188034
2025-01-20,300ETF,Future (IF88 (CSI 300 Futures)),icw,0.9564,1.3,0.0,0,-0.006719,-0.0,0.0,-0.0,0.188034
2025-01-21,300ETF,Future (IF88 (CSI 300 Futures)),icw,-0.8055,1.3,0.0,0,0.002668,0.0,0.0,0.0,0.188034
2025-01-22,300ETF,Future (IF88 (CSI 300 Futures)),icw,-0.8535,1.3,0.0,0,5.3e-05,0.0,0.0,0.0,0.188034
2025-01-23,300ETF,Future (IF88 (CSI 300 Futures)),icw,0.7029,1.3,0.0,0,-0.010623,-0.0,0.0,-0.0,0.188034
2025-01-24,300ETF,Future (IF88 (CSI 300 Futures)),icw,0.5549,1.3,0.0,0,0.002975,0.0,0.0,0.0,0.188034
2025-01-27,300ETF,Future (IF88 (CSI 300 Futures)),icw,0.4403,1.3,0.0,0,-0.001045,-0.0,0.0,-0.0,0.188034
2025-02-05,300ETF,Future (IF88 (CSI 300 Futures)),icw,-0.9992,1.3,0.0,0,-0.002636,-0.0,0.0,-0.0,0.188034
2025-02-06,300ETF,Future (IF88 (CSI 300 Futures)),icw,0.21,1.3,0.0,0,0.012566,0.0,0.0,0.0,0.188034
2025-02-07,300ETF,Future (IF88 (CSI 300 Futures)),icw,-0.1359,1.3,0.0,0,0.002016,0.0,0.0,0.0,0.188034
2025-02-10,300ETF,Future (IF88 (CSI 300 Futures)),icw,-0.6542,1.3,0.0,0,-0.000872,-0.0,0.0,-0.0,0.188034
2025-02-11,300ETF,Future (IF88 (CSI 300 Futures)),icw,-0.9283,1.3,0.0,0,-0.000979,-0.0,0.0,-0.0,0.188034
2025-02-12,300ETF,Future (IF88 (CSI 300 Futures)),icw,-0.0966,1.3,0.0,0,0.000617,0.0,0.0,0.0,0.188034
2025-02-13,300ETF,Future (IF88 (CSI 300 Futures)),icw,-0.0483,1.3,0.0,0,-0.001174,-0.0,0.0,-0.0,0.188034
2025-02-14,300ETF,Future (IF88 (CSI 300 Futures)),icw,0.3285,1.3,0.0,0,0.007239,0.0,0.0,0.0,0.188034
2025-02-17,300ETF,Future (IF88 (CSI 300 Futures)),icw,-0.2842,1.3,0.0,0,0.0,0.0,0.0,0.0,0.188034
2025-02-18,300ETF,Future (IF88 (CSI 300 Futures)),icw,-0.2436,1.3,0.0,0,-0.010301,-0.0,0.0,-0.0,0.188034
2025-02-19,300ETF,Future (IF88 (CSI 300 Futures)),icw,-0.0297,1.3,0.0,0,0.004783,0.0,0.0,0.0,0.188034
2025-02-20,300ETF,Future (IF88 (CSI 300 Futures)),icw,-0.6186,1.3,0.0,0,0.002188,0.0,0.0,0.0,0.188034
2025-02-21,300ETF,Future (IF88 (CSI 300 Futures)),icw,0.3255,1.3,0.0,0,0.015009,0.0,0.0,0.0,0.188034
2025-02-24,300ETF,Future (IF88 (CSI 300 Futures)),icw,0.1311,1.3,0.0,0,-0.003624,-0.0,0.0,-0.0,0.188034
2025-02-25,300ETF,Future (IF88 (CSI 300 Futures)),icw,-0.799,1.3,0.0,0,-0.004428,-0.0,0.0,-0.0,0.188034
2025-02-26,300ETF,Future (IF88 (CSI 300 Futures)),icw,0.521,1.3,0.0,0,0.002433,0.0,0.0,0.0,0.188034
2025-02-27,300ETF,Future (IF88 (CSI 300 Futures)),icw,0.1724,1.3,0.0,0,0.001466,0.0,0.0,0.0,0.188034
2025-02-28,300ETF,Future (IF88 (CSI 300 Futures)),icw,-0.073,1.3,0.0,0,-0.013429,-0.0,0.0,-0.0,0.188034
2025-03-03,300ETF,Future (IF88 (CSI 300 Futures)),icw,-0.109,1.3,0.0,0,-0.007755,-0.0,0.0,-0.0,0.188034
2025-03-04,300ETF,Future (IF88 (CSI 300 Futures)),icw,-0.5067,1.3,0.0,0,0.003199,0.0,0.0,0.0,0.188034
2025-03-05,300ETF,Future (IF88 (CSI 300 Futures)),icw,-0.0308,1.3,0.0,0,0.004117,0.0,0.0,0.0,0.188034
2025-03-06,300ETF,Future (IF88 (CSI 300 Futures)),icw,-0.1489,1.3,0.0,0,0.006882,0.0,0.0,0.0,0.188034
2025-03-07,300ETF,Future (IF88 (CSI 300 Futures)),icw,-0.424,1.3,0.0,0,-0.000609,-0.0,0.0,-0.0,0.188034
2025-03-10,300ETF,Future (IF88 (CSI 300 Futures)),icw,-0.4072,1.3,0.0,0,0.002349,0.0,0.0,0.0,0.188034
2025-03-11,300ETF,Future (IF88 (CSI 300 Futures)),icw,-0.4015,1.3,0.0,0,0.001942,0.0,0.0,0.0,0.188034
2025-03-12,300ETF,Future (IF88 (CSI 300 Futures)),icw,-0.8993,1.3,0.0,0,-0.000305,-0.0,0.0,-0.0,0.188034
2025-03-13,300ETF,Future (IF88 (CSI 300 Futures)),icw,0.2847,1.3,0.0,0,-0.001431,-0.0,0.0,-0.0,0.188034
2025-03-14,300ETF,Future (IF88 (CSI 300 Futures)),icw,1.5721,1.3,1.0,1,0.010287,0.010287,0.0008,0.009487,0.197521
2025-03-17,300ETF,Future (IF88 (CSI 300 Futures)),icw,-0.3181,1.3,0.0,0,-0.001351,-0.0,0.0,-0.0,0.197521
2025-03-18,300ETF,Future (IF88 (CSI 300 Futures)),icw,-0.5284,1.3,0.0,0,-0.001097,-0.0,0.0,-0.0,0.197521
2025-03-19,300ETF,Future (IF88 (CSI 300 Futures)),icw,-0.2081,1.3,0.0,0,0.003851,0.0,0.0,0.0,0.197521
2025-03-20,300ETF,Future (IF88 (CSI 300 Futures)),icw,-0.831,1.3,0.0,0,0.000101,0.0,0.0,0.0,0.197521
2025-03-21,300ETF,Future (IF88 (CSI 300 Futures)),icw,0.1599,1.3,0.0,0,-0.015592,-0.0,0.0,-0.0,0.197521
2025-03-24,300ETF,Future (IF88 (CSI 300 Futures)),icw,0.2666,1.3,0.0,0,0.000765,0.0,0.0,0.0,0.197521
2025-03-25,300ETF,Future (IF88 (CSI 300 Futures)),icw,-0.1658,1.3,0.0,0,0.000713,0.0,0.0,0.0,0.197521
2025-03-26,300ETF,Future (IF88 (CSI 300 Futures)),icw,0.183,1.3,0.0,0,-0.00606,-0.0,0.0,-0.0,0.197521
2025-03-27,300ETF,Future (IF88 (CSI 300 Futures)),icw,-0.0597,1.3,0.0,0,0.001783,0.0,0.0,0.0,0.197521
2025-03-28,300ETF,Future (IF88 (CSI 300 Futures)),icw,-0.5224,1.3,0.0,0,-0.000153,-0.0,0.0,-0.0,0.197521
2025-03-31,300ETF,Future (IF88 (CSI 300 Futures)),icw,0.0914,1.3,0.0,0,-0.008515,-0.0,0.0,-0.0,0.197521
2025-04-01,300ETF,Future (IF88 (CSI 300 Futures)),icw,-0.2535,1.3,0.0,0,-0.001441,-0.0,0.0,-0.0,0.197521
2025-04-02,300ETF,Future (IF88 (CSI 300 Futures)),icw,0.036,1.3,0.0,0,-0.003501,-0.0,0.0,-0.0,0.197521
2025-04-03,300ETF,Future (IF88 (CSI 300 Futures)),icw,-0.0962,1.3,0.0,0,-0.003724,-0.0,0.0,-0.0,0.197521
2025-04-07,300ETF,Future (IF88 (CSI 300 Futures)),icw,-1.6746,1.3,-1.0,1,-0.037154,0.037154,0.0008,0.036354,0.233876
2025-04-08,300ETF,Future (IF88 (CSI 300 Futures)),icw,0.5112,1.3,0.0,0,-0.004296,-0.0,0.0,-0.0,0.233876
2025-04-09,300ETF,Future (IF88 (CSI 300 Futures)),icw,-0.7426,1.3,0.0,0,0.021168,0.0,0.0,0.0,0.233876
2025-04-10,300ETF,Future (IF88 (CSI 300 Futures)),icw,-0.21,1.3,0.0,0,-0.007286,-0.0,0.0,-0.0,0.233876
2025-04-11,300ETF,Future (IF88 (CSI 300 Futures)),icw,-0.6056,1.3,0.0,0,0.007466,0.0,0.0,0.0,0.233876
2025-04-14,300ETF,Future (IF88 (CSI 300 Futures)),icw,-0.4346,1.3,0.0,0,-0.001865,-0.0,0.0,-0.0,0.233876
2025-04-15,300ETF,Future (IF88 (CSI 300 Futures)),icw,-0.8577,1.3,0.0,0,0.002841,0.0,0.0,0.0,0.233876
2025-04-16,300ETF,Future (IF88 (CSI 300 Futures)),icw,-1.0407,1.3,-1.0,1,0.001287,-0.001287,0.0008,-0.002087,0.231788
2025-04-17,300ETF,Future (IF88 (CSI 300 Futures)),icw,-0.1915,1.3,0.0,0,0.000691,0.0,0.0,0.0,0.231788
2025-04-18,300ETF,Future (IF88 (CSI 300 Futures)),icw,-0.4911,1.3,0.0,0,0.002784,0.0,0.0,0.0,0.231788
2025-04-21,300ETF,Future (IF88 (CSI 300 Futures)),icw,0.5892,1.3,0.0,0,0.002178,0.0,0.0,0.0,0.231788
2025-04-22,300ETF,Future (IF88 (CSI 300 Futures)),icw,0.1784,1.3,0.0,0,-0.000531,-0.0,0.0,-0.0,0.231788
2025-04-23,300ETF,Future (IF88 (CSI 300 Futures)),icw,-0.6257,1.3,0.0,0,0.001062,0.0,0.0,0.0,0.231788
2025-04-24,300ETF,Future (IF88 (CSI 300 Futures)),icw,0.3624,1.3,0.0,0,-0.001907,-0.0,0.0,-0.0,0.231788
2025-04-25,300ETF,Future (IF88 (CSI 300 Futures)),icw,-0.2754,1.3,0.0,0,-0.000583,-0.0,0.0,-0.0,0.231788
2025-04-28,300ETF,Future (IF88 (CSI 300 Futures)),icw,-0.9295,1.3,0.0,0,0.001968,0.0,0.0,0.0,0.231788
2025-04-29,300ETF,Future (IF88 (CSI 300 Futures)),icw,-0.714,1.3,0.0,0,-0.000692,-0.0,0.0,-0.0,0.231788
2025-04-30,300ETF,Future (IF88 (CSI 300 Futures)),icw,-0.08,1.3,0.0,0,0.000372,0.0,0.0,0.0,0.231788
2025-05-06,300ETF,Future (IF88 (CSI 300 Futures)),icw,-0.573,1.3,0.0,0,0.002553,0.0,0.0,0.0,0.231788
2025-05-07,300ETF,Future (IF88 (CSI 300 Futures)),icw,-0.5786,1.3,0.0,0,-0.004175,-0.0,0.0,-0.0,0.231788
2025-05-08,300ETF,Future (IF88 (CSI 300 Futures)),icw,0.8226,1.3,0.0,0,-0.000733,-0.0,0.0,-0.0,0.231788
2025-05-09,300ETF,Future (IF88 (CSI 300 Futures)),icw,-0.394,1.3,0.0,0,-0.000998,-0.0,0.0,-0.0,0.231788
2025-05-12,300ETF,Future (IF88 (CSI 300 Futures)),icw,-0.1955,1.3,0.0,0,0.002863,0.0,0.0,0.0,0.231788
2025-05-13,300ETF,Future (IF88 (CSI 300 Futures)),icw,-0.8548,1.3,0.0,0,-0.002385,-0.0,0.0,-0.0,0.231788
2025-05-14,300ETF,Future (IF88 (CSI 300 Futures)),icw,-0.2238,1.3,0.0,0,0.011439,0.0,0.0,0.0,0.231788
2025-05-15,300ETF,Future (IF88 (CSI 300 Futures)),icw,-0.5931,1.3,0.0,0,-0.001858,-0.0,0.0,-0.0,0.231788
2025-05-16,300ETF,Future (IF88 (CSI 300 Futures)),icw,-0.3138,1.3,0.0,0,-0.005085,-0.0,0.0,-0.0,0.231788
2025-05-19,300ETF,Future (IF88 (CSI 300 Futures)),icw,-0.4733,1.3,0.0,0,0.004176,0.0,0.0,0.0,0.231788
2025-05-20,300ETF,Future (IF88 (CSI 300 Futures)),icw,0.028,1.3,0.0,0,0.00503,0.0,0.0,0.0,0.231788
2025-05-21,300ETF,Future (IF88 (CSI 300 Futures)),icw,0.6667,1.3,0.0,0,0.00165,0.0,0.0,0.0,0.231788
2025-05-22,300ETF,Future (IF88 (CSI 300 Futures)),icw,-0.695,1.3,0.0,0,0.000773,0.0,0.0,0.0,0.231788
2025-05-23,300ETF,Future (IF88 (CSI 300 Futures)),icw,0.4932,1.3,0.0,0,-0.010178,-0.0,0.0,-0.0,0.231788
2025-05-26,300ETF,Future (IF88 (CSI 300 Futures)),icw,-0.505,1.3,0.0,0,-0.003859,-0.0,0.0,-0.0,0.231788
2025-05-27,300ETF,Future (IF88 (CSI 300 Futures)),icw,0.0179,1.3,0.0,0,-0.003982,-0.0,0.0,-0.0,0.231788
2025-05-28,300ETF,Future (IF88 (CSI 300 Futures)),icw,0.1041,1.3,0.0,0,-0.003042,-0.0,0.0,-0.0,0.231788
2025-05-29,300ETF,Future (IF88 (CSI 300 Futures)),icw,0.102,1.3,0.0,0,0.000887,0.0,0.0,0.0,0.231788
2025-05-30,300ETF,Future (IF88 (CSI 300 Futures)),icw,-0.2342,1.3,0.0,0,0.005352,0.0,0.0,0.0,0.231788
2025-06-03,300ETF,Future (IF88 (CSI 300 Futures)),icw,0.295,1.3,0.0,0,0.000313,0.0,0.0,0.0,0.231788
2025-06-04,300ETF,Future (IF88 (CSI 300 Futures)),icw,0.6348,1.3,0.0,0,-5.2e-05,-0.0,0.0,-0.0,0.231788
2025-06-05,300ETF,Future (IF88 (CSI 300 Futures)),icw,-0.5021,1.3,0.0,0,0.004679,0.0,0.0,0.0,0.231788
2025-06-06,300ETF,Future (IF88 (CSI 300 Futures)),icw,-0.4119,1.3,0.0,0,0.000156,0.0,0.0,0.0,0.231788
2025-06-09,300ETF,Future (IF88 (CSI 300 Futures)),icw,-0.1689,1.3,0.0,0,-0.001086,-0.0,0.0,-0.0,0.231788
2025-06-10,300ETF,Future (IF88 (CSI 300 Futures)),icw,-0.0504,1.3,0.0,0,-0.007306,-0.0,0.0,-0.0,0.231788
2025-06-11,300ETF,Future (IF88 (CSI 300 Futures)),icw,1.5625,1.3,1.0,1,-0.003342,-0.003342,0.0008,-0.004142,0.227646
2025-06-12,300ETF,Future (IF88 (CSI 300 Futures)),icw,-0.7196,1.3,0.0,0,0.003354,0.0,0.0,0.0,0.227646
2025-06-13,300ETF,Future (IF88 (CSI 300 Futures)),icw,-0.1569,1.3,0.0,0,-0.001762,-0.0,0.0,-0.0,0.227646
2025-06-16,300ETF,Future (IF88 (CSI 300 Futures)),icw,-0.0604,1.3,0.0,0,0.002276,0.0,0.0,0.0,0.227646
2025-06-17,300ETF,Future (IF88 (CSI 300 Futures)),icw,-0.2553,1.3,0.0,0,-0.002999,-0.0,0.0,-0.0,0.227646
2025-06-18,300ETF,Future (IF88 (CSI 300 Futures)),icw,0.1783,1.3,0.0,0,0.001707,0.0,0.0,0.0,0.227646
2025-06-19,300ETF,Future (IF88 (CSI 300 Futures)),icw,-0.5115,1.3,0.0,0,-0.007953,-0.0,0.0,-0.0,0.227646
2025-06-20,300ETF,Future (IF88 (CSI 300 Futures)),icw,0.4679,1.3,0.0,0,-0.002102,-0.0,0.0,-0.0,0.227646
2025-06-23,300ETF,Future (IF88 (CSI 300 Futures)),icw,-0.2574,1.3,0.0,0,0.007076,0.0,0.0,0.0,0.227646
2025-06-24,300ETF,Future (IF88 (CSI 300 Futures)),icw,1.2048,1.3,0.0,0,0.000672,0.0,0.0,0.0,0.227646
2025-06-25,300ETF,Future (IF88 (CSI 300 Futures)),icw,0.2489,1.3,0.0,0,0.012951,0.0,0.0,0.0,0.227646
2025-06-26,300ETF,Future (IF88 (CSI 300 Futures)),icw,-0.128,1.3,0.0,0,-0.002291,-0.0,0.0,-0.0,0.227646
2025-06-27,300ETF,Future (IF88 (CSI 300 Futures)),icw,0.1067,1.3,0.0,0,-0.010626,-0.0,0.0,-0.0,0.227646
2025-06-30,300ETF,Future (IF88 (CSI 300 Futures)),icw,0.2153,1.3,0.0,0,0.00169,0.0,0.0,0.0,0.227646
2025-07-01,300ETF,Future (IF88 (CSI 300 Futures)),icw,-0.6459,1.3,0.0,0,0.002969,0.0,0.0,0.0,0.227646
2025-07-02,300ETF,Future (IF88 (CSI 300 Futures)),icw,-0.3717,1.3,0.0,0,0.003271,0.0,0.0,0.0,0.227646
2025-07-03,300ETF,Future (IF88 (CSI 300 Futures)),icw,0.246,1.3,0.0,0,0.003046,0.0,0.0,0.0,0.227646
2025-07-04,300ETF,Future (IF88 (CSI 300 Futures)),icw,-0.6217,1.3,0.0,0,0.003545,0.0,0.0,0.0,0.227646
2025-07-07,300ETF,Future (IF88 (CSI 300 Futures)),icw,-0.7826,1.3,0.0,0,0.000659,0.0,0.0,0.0,0.227646
2025-07-08,300ETF,Future (IF88 (CSI 300 Futures)),icw,0.5418,1.3,0.0,0,0.006693,0.0,0.0,0.0,0.227646
2025-07-09,300ETF,Future (IF88 (CSI 300 Futures)),icw,0.182,1.3,0.0,0,-5e-05,-0.0,0.0,-0.0,0.227646
2025-07-10,300ETF,Future (IF88 (CSI 300 Futures)),icw,0.1161,1.3,0.0,0,0.004161,0.0,0.0,0.0,0.227646
2025-07-11,300ETF,Future (IF88 (CSI 300 Futures)),icw,0.2439,1.3,0.0,0,0.001739,0.0,0.0,0.0,0.227646
2025-07-14,300ETF,Future (IF88 (CSI 300 Futures)),icw,0.1021,1.3,0.0,0,0.000897,0.0,0.0,0.0,0.227646
2025-07-15,300ETF,Future (IF88 (CSI 300 Futures)),icw,0.6952,1.3,0.0,0,-0.003929,-0.0,0.0,-0.0,0.227646
2025-07-16,300ETF,Future (IF88 (CSI 300 Futures)),icw,-0.3546,1.3,0.0,0,-0.005135,-0.0,0.0,-0.0,0.227646
2025-07-17,300ETF,Future (IF88 (CSI 300 Futures)),icw,0.4508,1.3,0.0,0,0.004077,0.0,0.0,0.0,0.227646
2025-07-18,300ETF,Future (IF88 (CSI 300 Futures)),icw,0.749,1.3,0.0,0,-0.001977,-0.0,0.0,-0.0,0.227646
2025-07-21,300ETF,Future (IF88 (CSI 300 Futures)),icw,-0.1009,1.3,0.0,0,0.001768,0.0,0.0,0.0,0.227646
2025-07-22,300ETF,Future (IF88 (CSI 300 Futures)),icw,0.1341,1.3,0.0,0,0.009089,0.0,0.0,0.0,0.227646
2025-07-23,300ETF,Future (IF88 (CSI 300 Futures)),icw,0.2559,1.3,0.0,0,-0.003733,-0.0,0.0,-0.0,0.227646
2025-07-24,300ETF,Future (IF88 (CSI 300 Futures)),icw,0.0839,1.3,0.0,0,0.006141,0.0,0.0,0.0,0.227646
2025-07-25,300ETF,Future (IF88 (CSI 300 Futures)),icw,-0.4265,1.3,0.0,0,-0.001549,-0.0,0.0,-0.0,0.227646
2025-07-28,300ETF,Future (IF88 (CSI 300 Futures)),icw,-0.5334,1.3,0.0,0,-0.00092,-0.0,0.0,-0.0,0.227646
2025-07-29,300ETF,Future (IF88 (CSI 300 Futures)),icw,0.2462,1.3,0.0,0,0.008089,0.0,0.0,0.0,0.227646
2025-07-30,300ETF,Future (IF88 (CSI 300 Futures)),icw,0.0341,1.3,0.0,0,-0.001204,-0.0,0.0,-0.0,0.227646
2025-07-31,300ETF,Future (IF88 (CSI 300 Futures)),icw,-0.9057,1.3,0.0,0,-0.010208,-0.0,0.0,-0.0,0.227646
2025-08-01,300ETF,Future (IF88 (CSI 300 Futures)),icw,0.2465,1.3,0.0,0,-0.005883,-0.0,0.0,-0.0,0.227646
2025-08-04,300ETF,Future (IF88 (CSI 300 Futures)),icw,0.2232,1.3,0.0,0,0.002622,0.0,0.0,0.0,0.227646
2025-08-05,300ETF,Future (IF88 (CSI 300 Futures)),icw,-0.0933,1.3,0.0,0,0.006046,0.0,0.0,0.0,0.227646
2025-08-06,300ETF,Future (IF88 (CSI 300 Futures)),icw,0.1441,1.3,0.0,0,0.003469,0.0,0.0,0.0,0.227646
2025-08-07,300ETF,Future (IF88 (CSI 300 Futures)),icw,0.14,1.3,0.0,0,-0.001659,-0.0,0.0,-0.0,0.227646
2025-08-08,300ETF,Future (IF88 (CSI 300 Futures)),icw,-0.5537,1.3,0.0,0,0.002352,0.0,0.0,0.0,0.227646
2025-08-11,300ETF,Future (IF88 (CSI 300 Futures)),icw,-0.379,1.3,0.0,0,0.001119,0.0,0.0,0.0,0.227646
2025-08-12,300ETF,Future (IF88 (CSI 300 Futures)),icw,0.4864,1.3,0.0,0,0.000388,0.0,0.0,0.0,0.227646
2025-08-13,300ETF,Future (IF88 (CSI 300 Futures)),icw,0.4806,1.3,0.0,0,0.001879,0.0,0.0,0.0,0.227646
2025-08-14,300ETF,Future (IF88 (CSI 300 Futures)),icw,0.9112,1.3,0.0,0,-0.002963,-0.0,0.0,-0.0,0.227646
2025-08-15,300ETF,Future (IF88 (CSI 300 Futures)),icw,0.1774,1.3,0.0,0,0.005304,0.0,0.0,0.0,0.227646
2025-08-18,300ETF,Future (IF88 (CSI 300 Futures)),icw,0.0121,1.3,0.0,0,0.003404,0.0,0.0,0.0,0.227646
2025-08-19,300ETF,Future (IF88 (CSI 300 Futures)),icw,0.7578,1.3,0.0,0,-0.005054,-0.0,0.0,-0.0,0.227646
2025-08-20,300ETF,Future (IF88 (CSI 300 Futures)),icw,-0.1314,1.3,0.0,0,0.006893,0.0,0.0,0.0,0.227646
2025-08-21,300ETF,Future (IF88 (CSI 300 Futures)),icw,0.5785,1.3,0.0,0,-0.000187,-0.0,0.0,-0.0,0.227646
2025-08-22,300ETF,Future (IF88 (CSI 300 Futures)),icw,0.8729,1.3,0.0,0,0.015046,0.0,0.0,0.0,0.227646
2025-08-25,300ETF,Future (IF88 (CSI 300 Futures)),icw,1.2487,1.3,0.0,0,0.007882,0.0,0.0,0.0,0.227646
2025-08-26,300ETF,Future (IF88 (CSI 300 Futures)),icw,-0.7203,1.3,0.0,0,0.001928,0.0,0.0,0.0,0.227646
2025-08-27,300ETF,Future (IF88 (CSI 300 Futures)),icw,0.3488,1.3,0.0,0,-0.003468,-0.0,0.0,-0.0,0.227646
2025-08-28,300ETF,Future (IF88 (CSI 300 Futures)),icw,0.61,1.3,0.0,0,0.011022,0.0,0.0,0.0,0.227646
2025-08-29,300ETF,Future (IF88 (CSI 300 Futures)),icw,0.7297,1.3,0.0,0,0.003029,0.0,0.0,0.0,0.227646
2025-09-01,300ETF,Future (IF88 (CSI 300 Futures)),icw,-0.38,1.3,0.0,0,0.004929,0.0,0.0,0.0,0.227646
2025-09-02,300ETF,Future (IF88 (CSI 300 Futures)),icw,0.725,1.3,0.0,0,-0.010199,-0.0,0.0,-0.0,0.227646
2025-09-03,300ETF,Future (IF88 (CSI 300 Futures)),icw,-0.1581,1.3,0.0,0,-0.005025,-0.0,0.0,-0.0,0.227646
2025-09-04,300ETF,Future (IF88 (CSI 300 Futures)),icw,-0.5593,1.3,0.0,0,-0.020833,-0.0,0.0,-0.0,0.227646
2025-09-05,300ETF,Future (IF88 (CSI 300 Futures)),icw,0.0378,1.3,0.0,0,0.015206,0.0,0.0,0.0,0.227646
2025-09-08,300ETF,Future (IF88 (CSI 300 Futures)),icw,0.3361,1.3,0.0,0,0.000134,0.0,0.0,0.0,0.227646
2025-09-09,300ETF,Future (IF88 (CSI 300 Futures)),icw,0.0454,1.3,0.0,0,-0.010137,-0.0,0.0,-0.0,0.227646
2025-09-10,300ETF,Future (IF88 (CSI 300 Futures)),icw,0.4665,1.3,0.0,0,0.000585,0.0,0.0,0.0,0.227646
2025-09-11,300ETF,Future (IF88 (CSI 300 Futures)),icw,-0.0434,1.3,0.0,0,0.021525,0.0,0.0,0.0,0.227646
2025-09-12,300ETF,Future (IF88 (CSI 300 Futures)),icw,0.2686,1.3,0.0,0,-0.005988,-0.0,0.0,-0.0,0.227646
2025-09-15,300ETF,Future (IF88 (CSI 300 Futures)),icw,0.3451,1.3,0.0,0,-0.001896,-0.0,0.0,-0.0,0.227646
2025-09-16,300ETF,Future (IF88 (CSI 300 Futures)),icw,0.3066,1.3,0.0,0,-0.00425,-0.0,0.0,-0.0,0.227646
2025-09-17,300ETF,Future (IF88 (CSI 300 Futures)),icw,0.1299,1.3,0.0,0,0.005207,0.0,0.0,0.0,0.227646
2025-09-18,300ETF,Future (IF88 (CSI 300 Futures)),icw,-0.3426,1.3,0.0,0,-0.015567,-0.0,0.0,-0.0,0.227646
2025-09-19,300ETF,Future (IF88 (CSI 300 Futures)),icw,0.4276,1.3,0.0,0,0.002893,0.0,0.0,0.0,0.227646
2025-09-22,300ETF,Future (IF88 (CSI 300 Futures)),icw,-0.7171,1.3,0.0,0,0.006636,0.0,0.0,0.0,0.227646
2025-09-23,300ETF,Future (IF88 (CSI 300 Futures)),icw,-0.0476,1.3,0.0,0,-0.006632,-0.0,0.0,-0.0,0.227646
2025-09-24,300ETF,Future (IF88 (CSI 300 Futures)),icw,0.3563,1.3,0.0,0,0.004503,0.0,0.0,0.0,0.227646
2025-09-25,300ETF,Future (IF88 (CSI 300 Futures)),icw,0.0536,1.3,0.0,0,0.010397,0.0,0.0,0.0,0.227646
2025-09-26,300ETF,Future (IF88 (CSI 300 Futures)),icw,-0.0019,1.3,0.0,0,-0.005434,-0.0,0.0,-0.0,0.227646
2025-09-29,300ETF,Future (IF88 (CSI 300 Futures)),icw,-0.1105,1.3,0.0,0,0.015715,0.0,0.0,0.0,0.227646
2025-09-30,300ETF,Future (IF88 (CSI 300 Futures)),icw,0.3326,1.3,0.0,0,-0.000345,-0.0,0.0,-0.0,0.227646
2025-10-09,300ETF,Future (IF88 (CSI 300 Futures)),icw,0.1693,1.3,0.0,0,0.011139,0.0,0.0,0.0,0.227646
2025-10-10,300ETF,Future (IF88 (CSI 300 Futures)),icw,-0.8689,1.3,0.0,0,-0.010562,-0.0,0.0,-0.0,0.227646
2025-10-13,300ETF,Future (IF88 (CSI 300 Futures)),icw,-0.664,1.3,0.0,0,0.010764,0.0,0.0,0.0,0.227646
2025-10-14,300ETF,Future (IF88 (CSI 300 Futures)),icw,0.0117,1.3,0.0,0,-0.019376,-0.0,0.0,-0.0,0.227646
2025-10-15,300ETF,Future (IF88 (CSI 300 Futures)),icw,-0.5445,1.3,0.0,0,0.011149,0.0,0.0,0.0,0.227646
2025-10-16,300ETF,Future (IF88 (CSI 300 Futures)),icw,0.7031,1.3,0.0,0,-0.002427,-0.0,0.0,-0.0,0.227646
2025-10-17,300ETF,Future (IF88 (CSI 300 Futures)),icw,-0.2599,1.3,0.0,0,-0.011597,-0.0,0.0,-0.0,0.227646
2025-10-20,300ETF,Future (IF88 (CSI 300 Futures)),icw,-0.165,1.3,0.0,0,-0.007688,-0.0,0.0,-0.0,0.227646
2025-10-21,300ETF,Future (IF88 (CSI 300 Futures)),icw,0.5207,1.3,0.0,0,0.004406,0.0,0.0,0.0,0.227646
2025-10-22,300ETF,Future (IF88 (CSI 300 Futures)),icw,-0.4761,1.3,0.0,0,0.001661,0.0,0.0,0.0,0.227646
2025-10-23,300ETF,Future (IF88 (CSI 300 Futures)),icw,-0.1777,1.3,0.0,0,0.009826,0.0,0.0,0.0,0.227646
2025-10-24,300ETF,Future (IF88 (CSI 300 Futures)),icw,0.7849,1.3,0.0,0,0.004924,0.0,0.0,0.0,0.227646
2025-10-27,300ETF,Future (IF88 (CSI 300 Futures)),icw,0.2007,1.3,0.0,0,0.000468,0.0,0.0,0.0,0.227646
2025-10-28,300ETF,Future (IF88 (CSI 300 Futures)),icw,-0.4736,1.3,0.0,0,-0.002642,-0.0,0.0,-0.0,0.227646
2025-10-29,300ETF,Future (IF88 (CSI 300 Futures)),icw,0.3675,1.3,0.0,0,0.006569,0.0,0.0,0.0,0.227646
2025-10-30,300ETF,Future (IF88 (CSI 300 Futures)),icw,0.009,1.3,0.0,0,-0.00483,-0.0,0.0,-0.0,0.227646
2025-10-31,300ETF,Future (IF88 (CSI 300 Futures)),icw,-0.7087,1.3,0.0,0,-0.006777,-0.0,0.0,-0.0,0.227646
2025-11-03,300ETF,Future (IF88 (CSI 300 Futures)),icw,-0.4099,1.3,0.0,0,0.007459,0.0,0.0,0.0,0.227646
2025-11-04,300ETF,Future (IF88 (CSI 300 Futures)),icw,0.2298,1.3,0.0,0,-0.01014,-0.0,0.0,-0.0,0.227646
2025-11-05,300ETF,Future (IF88 (CSI 300 Futures)),icw,-0.9677,1.3,0.0,0,0.011033,0.0,0.0,0.0,0.227646
2025-11-06,300ETF,Future (IF88 (CSI 300 Futures)),icw,1.0326,1.3,0.0,0,0.007185,0.0,0.0,0.0,0.227646
2025-11-07,300ETF,Future (IF88 (CSI 300 Futures)),icw,-0.4386,1.3,0.0,0,0.001288,0.0,0.0,0.0,0.227646
2025-11-10,300ETF,Future (IF88 (CSI 300 Futures)),icw,-0.2243,1.3,0.0,0,0.006446,0.0,0.0,0.0,0.227646
2025-11-11,300ETF,Future (IF88 (CSI 300 Futures)),icw,-0.5884,1.3,0.0,0,-0.006669,-0.0,0.0,-0.0,0.227646
2025-11-12,300ETF,Future (IF88 (CSI 300 Futures)),icw,-0.292,1.3,0.0,0,-0.000604,-0.0,0.0,-0.0,0.227646
2025-11-13,300ETF,Future (IF88 (CSI 300 Futures)),icw,0.3377,1.3,0.0,0,0.007427,0.0,0.0,0.0,0.227646
2025-11-14,300ETF,Future (IF88 (CSI 300 Futures)),icw,-0.6049,1.3,0.0,0,-0.003792,-0.0,0.0,-0.0,0.227646
2025-11-17,300ETF,Future (IF88 (CSI 300 Futures)),icw,-0.3464,1.3,0.0,0,0.001312,0.0,0.0,0.0,0.227646
2025-11-18,300ETF,Future (IF88 (CSI 300 Futures)),icw,0.0695,1.3,0.0,0,-0.00365,-0.0,0.0,-0.0,0.227646
2025-11-19,300ETF,Future (IF88 (CSI 300 Futures)),icw,0.6976,1.3,0.0,0,0.001619,0.0,0.0,0.0,0.227646
2025-11-20,300ETF,Future (IF88 (CSI 300 Futures)),icw,-0.5419,1.3,0.0,0,-0.006488,-0.0,0.0,-0.0,0.227646
2025-11-21,300ETF,Future (IF88 (CSI 300 Futures)),icw,-1.0164,1.3,-1.0,1,-0.008379,0.008379,0.0008,0.007579,0.235226
2025-11-24,300ETF,Future (IF88 (CSI 300 Futures)),icw,-0.5485,1.3,0.0,0,0.003603,0.0,0.0,0.0,0.235226
2025-11-25,300ETF,Future (IF88 (CSI 300 Futures)),icw,-0.2842,1.3,0.0,0,0.0,0.0,0.0,0.0,0.235226
2025-11-26,300ETF,Future (IF88 (CSI 300 Futures)),icw,0.1523,1.3,0.0,0,-0.000311,-0.0,0.0,-0.0,0.235226
2025-11-27,300ETF,Future (IF88 (CSI 300 Futures)),icw,0.8086,1.3,0.0,0,-0.00871,-0.0,0.0,-0.0,0.235226
2025-11-28,300ETF,Future (IF88 (CSI 300 Futures)),icw,-0.4236,1.3,0.0,0,0.006411,0.0,0.0,0.0,0.235226
2025-12-01,300ETF,Future (IF88 (CSI 300 Futures)),icw,0.2396,1.3,0.0,0,0.002598,0.0,0.0,0.0,0.235226
2025-12-02,300ETF,Future (IF88 (CSI 300 Futures)),icw,-0.6533,1.3,0.0,0,-0.003261,-0.0,0.0,-0.0,0.235226
2025-12-03,300ETF,Future (IF88 (CSI 300 Futures)),icw,0.3876,1.3,0.0,0,-0.005126,-0.0,0.0,-0.0,0.235226
2025-12-04,300ETF,Future (IF88 (CSI 300 Futures)),icw,0.1976,1.3,0.0,0,0.005713,0.0,0.0,0.0,0.235226
2025-12-05,300ETF,Future (IF88 (CSI 300 Futures)),icw,-0.2267,1.3,0.0,0,0.008607,0.0,0.0,0.0,0.235226
2025-12-08,300ETF,Future (IF88 (CSI 300 Futures)),icw,0.4818,1.3,0.0,0,0.00599,0.0,0.0,0.0,0.235226
2025-12-09,300ETF,Future (IF88 (CSI 300 Futures)),icw,-0.3735,1.3,0.0,0,-0.007132,-0.0,0.0,-0.0,0.235226
2025-12-10,300ETF,Future (IF88 (CSI 300 Futures)),icw,-1.0558,1.3,-1.0,1,0.008116,-0.008116,0.0008,-0.008916,0.226309
2025-12-11,300ETF,Future (IF88 (CSI 300 Futures)),icw,0.3815,1.3,0.0,0,-0.007622,-0.0,0.0,-0.0,0.226309
2025-12-12,300ETF,Future (IF88 (CSI 300 Futures)),icw,-0.6542,1.3,0.0,0,0.007986,0.0,0.0,0.0,0.226309
2025-12-15,300ETF,Future (IF88 (CSI 300 Futures)),icw,0.1368,1.3,0.0,0,-0.005607,-0.0,0.0,-0.0,0.226309
2025-12-16,300ETF,Future (IF88 (CSI 300 Futures)),icw,-0.2639,1.3,0.0,0,-0.003594,-0.0,0.0,-0.0,0.226309
2025-12-17,300ETF,Future (IF88 (CSI 300 Futures)),icw,0.6139,1.3,0.0,0,0.017914,0.0,0.0,0.0,0.226309
2025-12-18,300ETF,Future (IF88 (CSI 300 Futures)),icw,-0.6519,1.3,0.0,0,-0.001622,-0.0,0.0,-0.0,0.226309
2025-12-19,300ETF,Future (IF88 (CSI 300 Futures)),icw,-0.7279,1.3,0.0,0,0.001407,0.0,0.0,0.0,0.226309
2025-12-22,300ETF,Future (IF88 (CSI 300 Futures)),icw,0.7336,1.3,0.0,0,-0.001306,-0.0,0.0,-0.0,0.226309
2025-12-23,300ETF,Future (IF88 (CSI 300 Futures)),icw,-0.5478,1.3,0.0,0,-0.001913,-0.0,0.0,-0.0,0.226309
2025-12-24,300ETF,Future (IF88 (CSI 300 Futures)),icw,-0.6075,1.3,0.0,0,0.003994,0.0,0.0,0.0,0.226309
2025-12-25,300ETF,Future (IF88 (CSI 300 Futures)),icw,0.1278,1.3,0.0,0,0.004453,0.0,0.0,0.0,0.226309
2025-12-26,300ETF,Future (IF88 (CSI 300 Futures)),icw,0.5185,1.3,0.0,0,-0.002362,-0.0,0.0,-0.0,0.226309
2025-12-29,300ETF,Future (IF88 (CSI 300 Futures)),icw,-0.2636,1.3,0.0,0,-0.004703,-0.0,0.0,-0.0,0.226309
2025-12-30,300ETF,Future (IF88 (CSI 300 Futures)),icw,0.2319,1.3,0.0,0,0.001162,0.0,0.0,0.0,0.226309
2025-12-31,300ETF,Future (IF88 (CSI 300 Futures)),icw,-0.6102,1.3,0.0,0,-0.005747,-0.0,0.0,-0.0,0.226309
2022-01-04,500ETF,Future (IC88 (CSI 500 Futures)),icw,-0.7865,0.8,0.0,0,0.002203,0.0,0.0,0.0,0.0
2022-01-05,500ETF,Future (IC88 (CSI 500 Futures)),icw,-1.1212,0.8,0.0,0,-0.005012,-0.0,0.0,-0.0,0.0
2022-01-06,500ETF,Future (IC88 (CSI 500 Futures)),icw,-0.0777,0.8,0.0,0,0.002217,0.0,0.0,0.0,0.0
2022-01-07,500ETF,Future (IC88 (CSI 500 Futures)),icw,0.795,0.8,0.0,0,-0.006981,-0.0,0.0,-0.0,0.0
2022-01-10,500ETF,Future (IC88 (CSI 500 Futures)),icw,-0.6881,0.8,0.0,0,0.005297,0.0,0.0,0.0,0.0
2022-01-11,500ETF,Future (IC88 (CSI 500 Futures)),icw,0.3596,0.8,0.0,0,-0.007003,-0.0,0.0,-0.0,0.0
2022-01-12,500ETF,Future (IC88 (CSI 500 Futures)),icw,0.2771,0.8,0.0,0,0.00323,0.0,0.0,0.0,0.0
2022-01-13,500ETF,Future (IC88 (CSI 500 Futures)),icw,-1.2784,0.8,0.0,0,-0.005573,-0.0,0.0,-0.0,0.0
2022-01-14,500ETF,Future (IC88 (CSI 500 Futures)),icw,-0.4177,0.8,0.0,0,2.8e-05,0.0,0.0,0.0,0.0
2022-01-17,500ETF,Future (IC88 (CSI 500 Futures)),icw,0.8908,0.8,1.0,1,0.004251,0.004251,0.0008,0.003451,0.003451
2022-01-18,500ETF,Future (IC88 (CSI 500 Futures)),icw,-0.3333,0.8,0.0,0,-0.000865,-0.0,0.0,-0.0,0.003451
2022-01-19,500ETF,Future (IC88 (CSI 500 Futures)),icw,0.645,0.8,0.0,0,-0.011228,-0.0,0.0,-0.0,0.003451
2022-01-20,500ETF,Future (IC88 (CSI 500 Futures)),icw,-0.2678,0.8,0.0,0,-0.004943,-0.0,0.0,-0.0,0.003451
2022-01-21,500ETF,Future (IC88 (CSI 500 Futures)),icw,-1.0227,0.8,0.0,0,-0.004617,-0.0,0.0,-0.0,0.003451
2022-01-24,500ETF,Future (IC88 (CSI 500 Futures)),icw,0.0359,0.8,0.0,0,0.000744,0.0,0.0,0.0,0.003451
2022-01-25,500ETF,Future (IC88 (CSI 500 Futures)),icw,-0.3579,0.8,0.0,0,-0.02033,-0.0,0.0,-0.0,0.003451
2022-01-26,500ETF,Future (IC88 (CSI 500 Futures)),icw,0.8639,0.8,1.0,1,0.001093,0.001093,0.0008,0.000293,0.003744
2022-01-27,500ETF,Future (IC88 (CSI 500 Futures)),icw,-0.6355,0.8,0.0,0,-0.01749,-0.0,0.0,-0.0,0.003744
2022-01-28,500ETF,Future (IC88 (CSI 500 Futures)),icw,-1.288,0.8,0.0,0,0.003681,0.0,0.0,0.0,0.003744
2022-02-07,500ETF,Future (IC88 (CSI 500 Futures)),icw,1.0949,0.8,1.0,1,-0.004785,-0.004785,0.0008,-0.005585,-0.001841
2022-02-08,500ETF,Future (IC88 (CSI 500 Futures)),icw,-0.3899,0.8,0.0,0,0.006312,0.0,0.0,0.0,-0.001841
2022-02-09,500ETF,Future (IC88 (CSI 500 Futures)),icw,0.8253,0.8,1.0,1,0.014964,0.014964,0.0008,0.014164,0.012323
2022-02-10,500ETF,Future (IC88 (CSI 500 Futures)),icw,-0.0131,0.8,0.0,0,-0.000469,-0.0,0.0,-0.0,0.012323
2022-02-11,500ETF,Future (IC88 (CSI 500 Futures)),icw,-0.06,0.8,0.0,0,-0.009994,-0.0,0.0,-0.0,0.012323
2022-02-14,500ETF,Future (IC88 (CSI 500 Futures)),icw,0.4633,0.8,0.0,0,-0.011956,-0.0,0.0,-0.0,0.012323
2022-02-15,500ETF,Future (IC88 (CSI 500 Futures)),icw,0.3885,0.8,0.0,0,0.001902,0.0,0.0,0.0,0.012323
2022-02-16,500ETF,Future (IC88 (CSI 500 Futures)),icw,-0.1972,0.8,0.0,0,-0.0013,-0.0,0.0,-0.0,0.012323
2022-02-17,500ETF,Future (IC88 (CSI 500 Futures)),icw,-0.8654,0.8,0.0,0,-5.9e-05,-0.0,0.0,-0.0,0.012323
2022-02-18,500ETF,Future (IC88 (CSI 500 Futures)),icw,0.8961,0.8,1.0,1,0.00426,0.00426,0.0008,0.00346,0.015783
2022-02-21,500ETF,Future (IC88 (CSI 500 Futures)),icw,0.2137,0.8,0.0,0,-0.000293,-0.0,0.0,-0.0,0.015783
2022-02-22,500ETF,Future (IC88 (CSI 500 Futures)),icw,-1.3982,0.8,-1.0,1,0.000828,-0.000828,0.0008,-0.001628,0.014154
2022-02-23,500ETF,Future (IC88 (CSI 500 Futures)),icw,1.217,0.8,1.0,1,0.006776,0.006776,0.0008,0.005976,0.02013
2022-02-24,500ETF,Future (IC88 (CSI 500 Futures)),icw,-0.0709,0.8,0.0,0,-0.019137,-0.0,0.0,-0.0,0.02013
2022-02-25,500ETF,Future (IC88 (CSI 500 Futures)),icw,1.6193,0.8,1.0,1,-0.012179,-0.012179,0.0008,-0.012979,0.007151
2022-02-28,500ETF,Future (IC88 (CSI 500 Futures)),icw,-0.2757,0.8,0.0,0,0.006169,0.0,0.0,0.0,0.007151
2022-03-01,500ETF,Future (IC88 (CSI 500 Futures)),icw,0.7337,0.8,0.0,0,-0.00233,-0.0,0.0,-0.0,0.007151
2022-03-02,500ETF,Future (IC88 (CSI 500 Futures)),icw,-0.5641,0.8,0.0,0,0.005489,0.0,0.0,0.0,0.007151
2022-03-03,500ETF,Future (IC88 (CSI 500 Futures)),icw,-0.6233,0.8,0.0,0,-0.003091,-0.0,0.0,-0.0,0.007151
2022-03-04,500ETF,Future (IC88 (CSI 500 Futures)),icw,-0.761,0.8,0.0,0,-0.005964,-0.0,0.0,-0.0,0.007151
2022-03-07,500ETF,Future (IC88 (CSI 500 Futures)),icw,-1.4083,0.8,-1.0,1,-0.009547,0.009547,0.0008,0.008747,0.015898
2022-03-08,500ETF,Future (IC88 (CSI 500 Futures)),icw,-0.805,0.8,0.0,0,-0.020997,-0.0,0.0,-0.0,0.015898
2022-03-09,500ETF,Future (IC88 (CSI 500 Futures)),icw,-0.7643,0.8,0.0,0,-0.028827,-0.0,0.0,-0.0,0.015898
2022-03-10,500ETF,Future (IC88 (CSI 500 Futures)),icw,-0.0218,0.8,0.0,0,-0.001095,-0.0,0.0,-0.0,0.015898
2022-03-11,500ETF,Future (IC88 (CSI 500 Futures)),icw,-1.2096,0.8,0.0,0,0.020718,0.0,0.0,0.0,0.015898
2022-03-14,500ETF,Future (IC88 (CSI 500 Futures)),icw,0.4195,0.8,0.0,0,-0.018545,-0.0,0.0,-0.0,0.015898
2022-03-15,500ETF,Future (IC88 (CSI 500 Futures)),icw,-1.7293,0.8,-1.0,1,-0.016509,0.016509,0.0008,0.015709,0.031607
2022-03-16,500ETF,Future (IC88 (CSI 500 Futures)),icw,-1.1166,0.8,0.0,0,0.029807,0.0,0.0,0.0,0.031607
2022-03-17,500ETF,Future (IC88 (CSI 500 Futures)),icw,1.4859,0.8,1.0,1,0.004431,0.004431,0.0008,0.003631,0.035238
2022-03-18,500ETF,Future (IC88 (CSI 500 Futures)),icw,0.8641,0.8,1.0,1,0.011075,0.011075,0.0008,0.010275,0.045513
2022-03-21,500ETF,Future (IC88 (CSI 500 Futures)),icw,0.7135,0.8,0.0,0,-0.006824,-0.0,0.0,-0.0,0.045513
2022-03-22,500ETF,Future (IC88 (CSI 500 Futures)),icw,-0.7357,0.8,0.0,0,-0.000794,-0.0,0.0,-0.0,0.045513
2022-03-23,500ETF,Future (IC88 (CSI 500 Futures)),icw,-0.1006,0.8,0.0,0,0.004383,0.0,0.0,0.0,0.045513
2022-03-24,500ETF,Future (IC88 (CSI 500 Futures)),icw,-1.0652,0.8,0.0,0,0.000982,0.0,0.0,0.0,0.045513
2022-03-25,500ETF,Future (IC88 (CSI 500 Futures)),icw,0.3522,0.8,0.0,0,-0.013524,-0.0,0.0,-0.0,0.045513
2022-03-28,500ETF,Future (IC88 (CSI 500 Futures)),icw,-1.1084,0.8,0.0,0,0.011408,0.0,0.0,0.0,0.045513
2022-03-29,500ETF,Future (IC88 (CSI 500 Futures)),icw,0.6135,0.8,0.0,0,-0.011042,-0.0,0.0,-0.0,0.045513
2022-03-30,500ETF,Future (IC88 (CSI 500 Futures)),icw,1.0263,0.8,1.0,1,0.009988,0.009988,0.0008,0.009188,0.054702
2022-03-31,500ETF,Future (IC88 (CSI 500 Futures)),icw,-0.3025,0.8,0.0,0,-0.005212,-0.0,0.0,-0.0,0.054702
2022-04-01,500ETF,Future (IC88 (CSI 500 Futures)),icw,-0.0482,0.8,0.0,0,0.007671,0.0,0.0,0.0,0.054702
2022-04-06,500ETF,Future (IC88 (CSI 500 Futures)),icw,-1.2966,0.8,0.0,0,0.003646,0.0,0.0,0.0,0.054702
2022-04-07,500ETF,Future (IC88 (CSI 500 Futures)),icw,0.3172,0.8,0.0,0,-0.018847,-0.0,0.0,-0.0,0.054702
2022-04-08,500ETF,Future (IC88 (CSI 500 Futures)),icw,-0.5509,0.8,0.0,0,0.005254,0.0,0.0,0.0,0.054702
2022-04-11,500ETF,Future (IC88 (CSI 500 Futures)),icw,-1.3444,0.8,-1.0,1,-0.019434,0.019434,0.0008,0.018634,0.073336
2022-04-12,500ETF,Future (IC88 (CSI 500 Futures)),icw,0.0732,0.8,0.0,0,0.019013,0.0,0.0,0.0,0.073336
2022-04-13,500ETF,Future (IC88 (CSI 500 Futures)),icw,-1.2126,0.8,0.0,0,0.001812,0.0,0.0,0.0,0.073336
2022-04-14,500ETF,Future (IC88 (CSI 500 Futures)),icw,-0.3642,0.8,0.0,0,0.010707,0.0,0.0,0.0,0.073336
2022-04-15,500ETF,Future (IC88 (CSI 500 Futures)),icw,-0.7502,0.8,0.0,0,-0.005229,-0.0,0.0,-0.0,0.073336
2022-04-18,500ETF,Future (IC88 (CSI 500 Futures)),icw,-1.1654,0.8,0.0,0,0.006313,0.0,0.0,0.0,0.073336
2022-04-19,500ETF,Future (IC88 (CSI 500 Futures)),icw,0.8232,0.8,1.0,1,0.0,0.0,0.0008,-0.0008,0.072536
2022-04-20,500ETF,Future (IC88 (CSI 500 Futures)),icw,-0.7562,0.8,0.0,0,-0.018858,-0.0,0.0,-0.0,0.072536
2022-04-21,500ETF,Future (IC88 (CSI 500 Futures)),icw,0.2587,0.8,0.0,0,-0.029177,-0.0,0.0,-0.0,0.072536
2022-04-22,500ETF,Future (IC88 (CSI 500 Futures)),icw,-1.202,0.8,0.0,0,0.006387,0.0,0.0,0.0,0.072536
2022-04-25,500ETF,Future (IC88 (CSI 500 Futures)),icw,-1.8734,0.8,-1.0,1,-0.027182,0.027182,0.0008,0.026382,0.098918
2022-04-26,500ETF,Future (IC88 (CSI 500 Futures)),icw,-0.843,0.8,0.0,0,-0.010154,-0.0,0.0,-0.0,0.098918
2022-04-27,500ETF,Future (IC88 (CSI 500 Futures)),icw,0.2528,0.8,0.0,0,0.03843,0.0,0.0,0.0,0.098918
2022-04-28,500ETF,Future (IC88 (CSI 500 Futures)),icw,-0.1143,0.8,0.0,0,0.000821,0.0,0.0,0.0,0.098918
2022-04-29,500ETF,Future (IC88 (CSI 500 Futures)),icw,-0.0911,0.8,0.0,0,0.03127,0.0,0.0,0.0,0.098918
2022-05-05,500ETF,Future (IC88 (CSI 500 Futures)),icw,1.1415,0.8,1.0,1,0.001751,0.001751,0.0008,0.000951,0.099868
2022-05-06,500ETF,Future (IC88 (CSI 500 Futures)),icw,-1.0406,0.8,0.0,0,-0.006291,-0.0,0.0,-0.0,0.099868
2022-05-09,500ETF,Future (IC88 (CSI 500 Futures)),icw,1.3841,0.8,1.0,1,-0.001711,-0.001711,0.0008,-0.002511,0.097358
2022-05-10,500ETF,Future (IC88 (CSI 500 Futures)),icw,-0.1878,0.8,0.0,0,0.030099,0.0,0.0,0.0,0.097358
2022-05-11,500ETF,Future (IC88 (CSI 500 Futures)),icw,1.7894,0.8,1.0,1,-0.002567,-0.002567,0.0008,-0.003367,0.093991
2022-05-12,500ETF,Future (IC88 (CSI 500 Futures)),icw,1.2389,0.8,1.0,1,0.000776,0.000776,0.0008,-2.4e-05,0.093967
2022-05-13,500ETF,Future (IC88 (CSI 500 Futures)),icw,0.698,0.8,0.0,0,0.001121,0.0,0.0,0.0,0.093967
2022-05-16,500ETF,Future (IC88 (CSI 500 Futures)),icw,-0.3154,0.8,0.0,0,-0.00569,-0.0,0.0,-0.0,0.093967
2022-05-17,500ETF,Future (IC88 (CSI 500 Futures)),icw,-0.8483,0.8,0.0,0,0.005002,0.0,0.0,0.0,0.093967
2022-05-18,500ETF,Future (IC88 (CSI 500 Futures)),icw,-0.3826,0.8,0.0,0,-0.002892,-0.0,0.0,-0.0,0.093967
2022-05-19,500ETF,Future (IC88 (CSI 500 Futures)),icw,-0.2577,0.8,0.0,0,0.017183,0.0,0.0,0.0,0.093967
2022-05-20,500ETF,Future (IC88 (CSI 500 Futures)),icw,1.532,0.8,1.0,1,0.002227,0.002227,0.0008,0.001427,0.095393
2022-05-23,500ETF,Future (IC88 (CSI 500 Futures)),icw,-0.2215,0.8,0.0,0,0.003396,0.0,0.0,0.0,0.095393
2022-05-24,500ETF,Future (IC88 (CSI 500 Futures)),icw,-0.7883,0.8,0.0,0,-0.029223,-0.0,0.0,-0.0,0.095393
2022-05-25,500ETF,Future (IC88 (CSI 500 Futures)),icw,1.3644,0.8,1.0,1,0.003178,0.003178,0.0008,0.002378,0.097771
2022-05-26,500ETF,Future (IC88 (CSI 500 Futures)),icw,-0.9128,0.8,0.0,0,0.024312,0.0,0.0,0.0,0.097771
2022-05-27,500ETF,Future (IC88 (CSI 500 Futures)),icw,0.8385,0.8,1.0,1,-0.006596,-0.006596,0.0008,-0.007396,0.090375
2022-05-30,500ETF,Future (IC88 (CSI 500 Futures)),icw,-0.7661,0.8,0.0,0,0.009516,0.0,0.0,0.0,0.090375
2022-05-31,500ETF,Future (IC88 (CSI 500 Futures)),icw,-0.9285,0.8,0.0,0,0.025436,0.0,0.0,0.0,0.090375
2022-06-01,500ETF,Future (IC88 (CSI 500 Futures)),icw,0.3189,0.8,0.0,0,-0.003414,-0.0,0.0,-0.0,0.090375
2022-06-02,500ETF,Future (IC88 (CSI 500 Futures)),icw,-0.6145,0.8,0.0,0,0.014275,0.0,0.0,0.0,0.090375
2022-06-06,500ETF,Future (IC88 (CSI 500 Futures)),icw,0.7548,0.8,0.0,0,0.016757,0.0,0.0,0.0,0.090375
2022-06-07,500ETF,Future (IC88 (CSI 500 Futures)),icw,-0.0612,0.8,0.0,0,0.004423,0.0,0.0,0.0,0.090375
2022-06-08,500ETF,Future (IC88 (CSI 500 Futures)),icw,0.3329,0.8,0.0,0,-0.004465,-0.0,0.0,-0.0,0.090375
2022-06-09,500ETF,Future (IC88 (CSI 500 Futures)),icw,-1.0597,0.8,0.0,0,-0.010478,-0.0,0.0,-0.0,0.090375
2022-06-10,500ETF,Future (IC88 (CSI 500 Futures)),icw,0.4658,0.8,0.0,0,0.018835,0.0,0.0,0.0,0.090375
2022-06-13,500ETF,Future (IC88 (CSI 500 Futures)),icw,0.4004,0.8,0.0,0,-0.005749,-0.0,0.0,-0.0,0.090375
2022-06-14,500ETF,Future (IC88 (CSI 500 Futures)),icw,-1.0019,0.8,0.0,0,0.013187,0.0,0.0,0.0,0.090375
2022-06-15,500ETF,Future (IC88 (CSI 500 Futures)),icw,1.3867,0.8,1.0,1,0.00692,0.00692,0.0008,0.00612,0.096495
2022-06-16,500ETF,Future (IC88 (CSI 500 Futures)),icw,1.41,0.8,1.0,1,-0.00542,-0.00542,0.0008,-0.00622,0.090275
2022-06-17,500ETF,Future (IC88 (CSI 500 Futures)),icw,0.9859,0.8,1.0,1,0.005993,0.005993,0.0008,0.005193,0.095468
2022-06-20,500ETF,Future (IC88 (CSI 500 Futures)),icw,0.5565,0.8,0.0,0,0.004084,0.0,0.0,0.0,0.095468
2022-06-21,500ETF,Future (IC88 (CSI 500 Futures)),icw,-0.7098,0.8,0.0,0,-0.008609,-0.0,0.0,-0.0,0.095468
2022-06-22,500ETF,Future (IC88 (CSI 500 Futures)),icw,-1.0043,0.8,0.0,0,-0.015169,-0.0,0.0,-0.0,0.095468
2022-06-23,500ETF,Future (IC88 (CSI 500 Futures)),icw,0.1068,0.8,0.0,0,0.023173,0.0,0.0,0.0,0.095468
2022-06-24,500ETF,Future (IC88 (CSI 500 Futures)),icw,0.7425,0.8,0.0,0,0.004456,0.0,0.0,0.0,0.095468
2022-06-27,500ETF,Future (IC88 (CSI 500 Futures)),icw,0.7841,0.8,0.0,0,0.001191,0.0,0.0,0.0,0.095468
2022-06-28,500ETF,Future (IC88 (CSI 500 Futures)),icw,-0.6685,0.8,0.0,0,0.014884,0.0,0.0,0.0,0.095468
2022-06-29,500ETF,Future (IC88 (CSI 500 Futures)),icw,-0.2475,0.8,0.0,0,-0.010856,-0.0,0.0,-0.0,0.095468
2022-06-30,500ETF,Future (IC88 (CSI 500 Futures)),icw,1.7025,0.8,1.0,1,-0.002209,-0.002209,0.0008,-0.003009,0.092459
2022-07-01,500ETF,Future (IC88 (CSI 500 Futures)),icw,-0.6665,0.8,0.0,0,-0.000467,-0.0,0.0,-0.0,0.092459
2022-07-04,500ETF,Future (IC88 (CSI 500 Futures)),icw,-0.6359,0.8,0.0,0,0.005483,0.0,0.0,0.0,0.092459
2022-07-05,500ETF,Future (IC88 (CSI 500 Futures)),icw,-0.0646,0.8,0.0,0,-0.006677,-0.0,0.0,-0.0,0.092459
2022-07-06,500ETF,Future (IC88 (CSI 500 Futures)),icw,-0.7859,0.8,0.0,0,-0.014031,-0.0,0.0,-0.0,0.092459
2022-07-07,500ETF,Future (IC88 (CSI 500 Futures)),icw,-0.8147,0.8,0.0,0,0.006799,0.0,0.0,0.0,0.092459
2022-07-08,500ETF,Future (IC88 (CSI 500 Futures)),icw,-0.2116,0.8,0.0,0,-0.006323,-0.0,0.0,-0.0,0.092459
2022-07-11,500ETF,Future (IC88 (CSI 500 Futures)),icw,-1.2285,0.8,0.0,0,-0.000889,-0.0,0.0,-0.0,0.092459
2022-07-12,500ETF,Future (IC88 (CSI 500 Futures)),icw,-0.713,0.8,0.0,0,-0.011627,-0.0,0.0,-0.0,0.092459
2022-07-13,500ETF,Future (IC88 (CSI 500 Futures)),icw,0.0421,0.8,0.0,0,-0.001444,-0.0,0.0,-0.0,0.092459
2022-07-14,500ETF,Future (IC88 (CSI 500 Futures)),icw,-0.2547,0.8,0.0,0,0.001687,0.0,0.0,0.0,0.092459
2022-07-15,500ETF,Future (IC88 (CSI 500 Futures)),icw,-0.0369,0.8,0.0,0,-0.010567,-0.0,0.0,-0.0,0.092459
2022-07-18,500ETF,Future (IC88 (CSI 500 Futures)),icw,0.6594,0.8,0.0,0,0.00995,0.0,0.0,0.0,0.092459
2022-07-19,500ETF,Future (IC88 (CSI 500 Futures)),icw,-0.3193,0.8,0.0,0,0.00452,0.0,0.0,0.0,0.092459
2022-07-20,500ETF,Future (IC88 (CSI 500 Futures)),icw,1.2223,0.8,1.0,1,0.00129,0.00129,0.0008,0.00049,0.092949
2022-07-21,500ETF,Future (IC88 (CSI 500 Futures)),icw,-0.6547,0.8,0.0,0,-0.003027,-0.0,0.0,-0.0,0.092949
2022-07-22,500ETF,Future (IC88 (CSI 500 Futures)),icw,0.2628,0.8,0.0,0,-0.007247,-0.0,0.0,-0.0,0.092949
2022-07-25,500ETF,Future (IC88 (CSI 500 Futures)),icw,0.3498,0.8,0.0,0,-0.008311,-0.0,0.0,-0.0,0.092949
2022-07-26,500ETF,Future (IC88 (CSI 500 Futures)),icw,-0.5786,0.8,0.0,0,0.009017,0.0,0.0,0.0,0.092949
2022-07-27,500ETF,Future (IC88 (CSI 500 Futures)),icw,-0.6865,0.8,0.0,0,0.003535,0.0,0.0,0.0,0.092949
2022-07-28,500ETF,Future (IC88 (CSI 500 Futures)),icw,-0.1105,0.8,0.0,0,-0.000411,-0.0,0.0,-0.0,0.092949
2022-07-29,500ETF,Future (IC88 (CSI 500 Futures)),icw,-0.3532,0.8,0.0,0,-0.012636,-0.0,0.0,-0.0,0.092949
2022-08-01,500ETF,Future (IC88 (CSI 500 Futures)),icw,-0.7282,0.8,0.0,0,0.003327,0.0,0.0,0.0,0.092949
2022-08-02,500ETF,Future (IC88 (CSI 500 Futures)),icw,-1.6257,0.8,-1.0,1,-0.003597,0.003597,0.0008,0.002797,0.095746
2022-08-03,500ETF,Future (IC88 (CSI 500 Futures)),icw,1.7581,0.8,1.0,1,-0.01287,-0.01287,0.0008,-0.01367,0.082076
2022-08-04,500ETF,Future (IC88 (CSI 500 Futures)),icw,-0.1416,0.8,0.0,0,-0.004317,-0.0,0.0,-0.0,0.082076
2022-08-05,500ETF,Future (IC88 (CSI 500 Futures)),icw,0.1595,0.8,0.0,0,0.015007,0.0,0.0,0.0,0.082076
2022-08-08,500ETF,Future (IC88 (CSI 500 Futures)),icw,-0.1863,0.8,0.0,0,0.006596,0.0,0.0,0.0,0.082076
2022-08-09,500ETF,Future (IC88 (CSI 500 Futures)),icw,-0.9004,0.8,0.0,0,0.003739,0.0,0.0,0.0,0.082076
2022-08-10,500ETF,Future (IC88 (CSI 500 Futures)),icw,0.4584,0.8,0.0,0,-0.007303,-0.0,0.0,-0.0,0.082076
2022-08-11,500ETF,Future (IC88 (CSI 500 Futures)),icw,0.1432,0.8,0.0,0,0.012004,0.0,0.0,0.0,0.082076
2022-08-12,500ETF,Future (IC88 (CSI 500 Futures)),icw,-0.225,0.8,0.0,0,-0.001752,-0.0,0.0,-0.0,0.082076
2022-08-15,500ETF,Future (IC88 (CSI 500 Futures)),icw,0.8331,0.8,1.0,1,-0.003709,-0.003709,0.0008,-0.004509,0.077567
2022-08-16,500ETF,Future (IC88 (CSI 500 Futures)),icw,0.7729,0.8,0.0,0,-0.000405,-0.0,0.0,-0.0,0.077567
2022-08-17,500ETF,Future (IC88 (CSI 500 Futures)),icw,-1.0234,0.8,0.0,0,0.010179,0.0,0.0,0.0,0.077567
2022-08-18,500ETF,Future (IC88 (CSI 500 Futures)),icw,-0.627,0.8,0.0,0,-0.003292,-0.0,0.0,-0.0,0.077567
2022-08-19,500ETF,Future (IC88 (CSI 500 Futures)),icw,-0.5588,0.8,0.0,0,-0.009001,-0.0,0.0,-0.0,0.077567
2022-08-22,500ETF,Future (IC88 (CSI 500 Futures)),icw,-0.1493,0.8,0.0,0,0.010045,0.0,0.0,0.0,0.077567
2022-08-23,500ETF,Future (IC88 (CSI 500 Futures)),icw,-0.567,0.8,0.0,0,0.00053,0.0,0.0,0.0,0.077567
2022-08-24,500ETF,Future (IC88 (CSI 500 Futures)),icw,-0.96,0.8,0.0,0,-0.021612,-0.0,0.0,-0.0,0.077567
2022-08-25,500ETF,Future (IC88 (CSI 500 Futures)),icw,-0.1847,0.8,0.0,0,-0.001376,-0.0,0.0,-0.0,0.077567
2022-08-26,500ETF,Future (IC88 (CSI 500 Futures)),icw,0.3624,0.8,0.0,0,-0.010687,-0.0,0.0,-0.0,0.077567
2022-08-29,500ETF,Future (IC88 (CSI 500 Futures)),icw,0.1661,0.8,0.0,0,0.003545,0.0,0.0,0.0,0.077567
2022-08-30,500ETF,Future (IC88 (CSI 500 Futures)),icw,-0.1711,0.8,0.0,0,-0.001597,-0.0,0.0,-0.0,0.077567
2022-08-31,500ETF,Future (IC88 (CSI 500 Futures)),icw,-0.5804,0.8,0.0,0,-0.009114,-0.0,0.0,-0.0,0.077567
2022-09-01,500ETF,Future (IC88 (CSI 500 Futures)),icw,1.3228,0.8,1.0,1,-0.010892,-0.010892,0.0008,-0.011692,0.065875
2022-09-02,500ETF,Future (IC88 (CSI 500 Futures)),icw,0.3574,0.8,0.0,0,-0.002379,-0.0,0.0,-0.0,0.065875
2022-09-05,500ETF,Future (IC88 (CSI 500 Futures)),icw,-0.1588,0.8,0.0,0,-0.002986,-0.0,0.0,-0.0,0.065875
2022-09-06,500ETF,Future (IC88 (CSI 500 Futures)),icw,-0.0639,0.8,0.0,0,0.009691,0.0,0.0,0.0,0.065875
2022-09-07,500ETF,Future (IC88 (CSI 500 Futures)),icw,-0.3271,0.8,0.0,0,0.001911,0.0,0.0,0.0,0.065875
2022-09-08,500ETF,Future (IC88 (CSI 500 Futures)),icw,-0.7906,0.8,0.0,0,-0.001657,-0.0,0.0,-0.0,0.065875
2022-09-09,500ETF,Future (IC88 (CSI 500 Futures)),icw,0.3548,0.8,0.0,0,0.008255,0.0,0.0,0.0,0.065875
2022-09-13,500ETF,Future (IC88 (CSI 500 Futures)),icw,-0.1265,0.8,0.0,0,-0.004094,-0.0,0.0,-0.0,0.065875
2022-09-14,500ETF,Future (IC88 (CSI 500 Futures)),icw,-0.2701,0.8,0.0,0,-0.002079,-0.0,0.0,-0.0,0.065875
2022-09-15,500ETF,Future (IC88 (CSI 500 Futures)),icw,-0.6838,0.8,0.0,0,-0.025787,-0.0,0.0,-0.0,0.065875
2022-09-16,500ETF,Future (IC88 (CSI 500 Futures)),icw,-0.8332,0.8,0.0,0,-0.020398,-0.0,0.0,-0.0,0.065875
2022-09-19,500ETF,Future (IC88 (CSI 500 Futures)),icw,-0.5821,0.8,0.0,0,-0.007425,-0.0,0.0,-0.0,0.065875
2022-09-20,500ETF,Future (IC88 (CSI 500 Futures)),icw,0.815,0.8,1.0,1,-0.006714,-0.006714,0.0008,-0.007514,0.058361
2022-09-21,500ETF,Future (IC88 (CSI 500 Futures)),icw,-1.3196,0.8,-1.0,1,0.013428,-0.013428,0.0008,-0.014228,0.044133
2022-09-22,500ETF,Future (IC88 (CSI 500 Futures)),icw,0.8045,0.8,1.0,1,-0.00775,-0.00775,0.0008,-0.00855,0.035583
2022-09-23,500ETF,Future (IC88 (CSI 500 Futures)),icw,0.4706,0.8,0.0,0,-0.009244,-0.0,0.0,-0.0,0.035583
2022-09-26,500ETF,Future (IC88 (CSI 500 Futures)),icw,-0.3818,0.8,0.0,0,-0.005529,-0.0,0.0,-0.0,0.035583
2022-09-27,500ETF,Future (IC88 (CSI 500 Futures)),icw,1.0832,0.8,1.0,1,0.013841,0.013841,0.0008,0.013041,0.048624
2022-09-28,500ETF,Future (IC88 (CSI 500 Futures)),icw,-1.1552,0.8,0.0,0,-0.007296,-0.0,0.0,-0.0,0.048624
2022-09-29,500ETF,Future (IC88 (CSI 500 Futures)),icw,0.4621,0.8,0.0,0,-0.012614,-0.0,0.0,-0.0,0.048624
2022-09-30,500ETF,Future (IC88 (CSI 500 Futures)),icw,0.8598,0.8,1.0,1,-0.005605,-0.005605,0.0008,-0.006405,0.042218
2022-10-10,500ETF,Future (IC88 (CSI 500 Futures)),icw,-0.4443,0.8,0.0,0,-0.023597,-0.0,0.0,-0.0,0.042218
2022-10-11,500ETF,Future (IC88 (CSI 500 Futures)),icw,0.568,0.8,0.0,0,0.003988,0.0,0.0,0.0,0.042218
2022-10-12,500ETF,Future (IC88 (CSI 500 Futures)),icw,-0.9577,0.8,0.0,0,0.026334,0.0,0.0,0.0,0.042218
2022-10-13,500ETF,Future (IC88 (CSI 500 Futures)),icw,0.8645,0.8,1.0,1,0.003257,0.003257,0.0008,0.002457,0.044675
2022-10-14,500ETF,Future (IC88 (CSI 500 Futures)),icw,1.3408,0.8,1.0,1,0.010477,0.010477,0.0008,0.009677,0.054353
2022-10-17,500ETF,Future (IC88 (CSI 500 Futures)),icw,0.2742,0.8,0.0,0,0.011748,0.0,0.0,0.0,0.054353
2022-10-18,500ETF,Future (IC88 (CSI 500 Futures)),icw,-0.8022,0.8,0.0,0,0.002159,0.0,0.0,0.0,0.054353
2022-10-19,500ETF,Future (IC88 (CSI 500 Futures)),icw,-0.509,0.8,0.0,0,-0.004935,-0.0,0.0,-0.0,0.054353
2022-10-20,500ETF,Future (IC88 (CSI 500 Futures)),icw,-0.8646,0.8,0.0,0,0.008876,0.0,0.0,0.0,0.054353
2022-10-21,500ETF,Future (IC88 (CSI 500 Futures)),icw,0.5631,0.8,0.0,0,0.005395,0.0,0.0,0.0,0.054353
2022-10-24,500ETF,Future (IC88 (CSI 500 Futures)),icw,1.6317,0.8,1.0,1,-0.016489,-0.016489,0.0008,-0.017289,0.037064
2022-10-25,500ETF,Future (IC88 (CSI 500 Futures)),icw,-0.8033,0.8,0.0,0,0.001432,0.0,0.0,0.0,0.037064
2022-10-26,500ETF,Future (IC88 (CSI 500 Futures)),icw,1.4423,0.8,1.0,1,0.003701,0.003701,0.0008,0.002901,0.039966
2022-10-27,500ETF,Future (IC88 (CSI 500 Futures)),icw,0.6417,0.8,0.0,0,-0.003304,-0.0,0.0,-0.0,0.039966
2022-10-28,500ETF,Future (IC88 (CSI 500 Futures)),icw,-0.9776,0.8,0.0,0,-0.020445,-0.0,0.0,-0.0,0.039966
2022-10-31,500ETF,Future (IC88 (CSI 500 Futures)),icw,0.7086,0.8,0.0,0,0.000172,0.0,0.0,0.0,0.039966
2022-11-01,500ETF,Future (IC88 (CSI 500 Futures)),icw,0.7876,0.8,0.0,0,0.018629,0.0,0.0,0.0,0.039966
2022-11-02,500ETF,Future (IC88 (CSI 500 Futures)),icw,1.0562,0.8,1.0,1,0.004056,0.004056,0.0008,0.003256,0.043221
2022-11-03,500ETF,Future (IC88 (CSI 500 Futures)),icw,0.4735,0.8,0.0,0,0.003844,0.0,0.0,0.0,0.043221
2022-11-04,500ETF,Future (IC88 (CSI 500 Futures)),icw,1.4296,0.8,1.0,1,0.015065,0.015065,0.0008,0.014265,0.057486
2022-11-07,500ETF,Future (IC88 (CSI 500 Futures)),icw,0.8553,0.8,1.0,1,0.000391,0.000391,0.0008,-0.000409,0.057077
2022-11-08,500ETF,Future (IC88 (CSI 500 Futures)),icw,-1.033,0.8,0.0,0,-0.000131,-0.0,0.0,-0.0,0.057077
2022-11-09,500ETF,Future (IC88 (CSI 500 Futures)),icw,-0.3635,0.8,0.0,0,-0.002023,-0.0,0.0,-0.0,0.057077
2022-11-10,500ETF,Future (IC88 (CSI 500 Futures)),icw,-0.2473,0.8,0.0,0,-0.000624,-0.0,0.0,-0.0,0.057077
2022-11-11,500ETF,Future (IC88 (CSI 500 Futures)),icw,-0.1679,0.8,0.0,0,-0.00451,-0.0,0.0,-0.0,0.057077
2022-11-14,500ETF,Future (IC88 (CSI 500 Futures)),icw,1.1528,0.8,1.0,1,-0.013462,-0.013462,0.0008,-0.014262,0.042815
2022-11-15,500ETF,Future (IC88 (CSI 500 Futures)),icw,0.7066,0.8,0.0,0,0.010893,0.0,0.0,0.0,0.042815
2022-11-16,500ETF,Future (IC88 (CSI 500 Futures)),icw,-0.2219,0.8,0.0,0,-0.005272,-0.0,0.0,-0.0,0.042815
2022-11-17,500ETF,Future (IC88 (CSI 500 Futures)),icw,-1.0515,0.8,0.0,0,0.004294,0.0,0.0,0.0,0.042815
2022-11-18,500ETF,Future (IC88 (CSI 500 Futures)),icw,-0.0201,0.8,0.0,0,-0.001607,-0.0,0.0,-0.0,0.042815
2022-11-21,500ETF,Future (IC88 (CSI 500 Futures)),icw,-0.9915,0.8,0.0,0,0.007996,0.0,0.0,0.0,0.042815
2022-11-22,500ETF,Future (IC88 (CSI 500 Futures)),icw,-0.3731,0.8,0.0,0,-0.010867,-0.0,0.0,-0.0,0.042815
2022-11-23,500ETF,Future (IC88 (CSI 500 Futures)),icw,-0.3109,0.8,0.0,0,0.002385,0.0,0.0,0.0,0.042815
2022-11-24,500ETF,Future (IC88 (CSI 500 Futures)),icw,0.5553,0.8,0.0,0,-3.3e-05,-0.0,0.0,-0.0,0.042815
2022-11-25,500ETF,Future (IC88 (CSI 500 Futures)),icw,-1.217,0.8,0.0,0,0.004497,0.0,0.0,0.0,0.042815
2022-11-28,500ETF,Future (IC88 (CSI 500 Futures)),icw,-0.9731,0.8,0.0,0,0.007945,0.0,0.0,0.0,0.042815
2022-11-29,500ETF,Future (IC88 (CSI 500 Futures)),icw,1.3874,0.8,1.0,1,0.011282,0.011282,0.0008,0.010482,0.053297
2022-11-30,500ETF,Future (IC88 (CSI 500 Futures)),icw,-0.0817,0.8,0.0,0,-0.005063,-0.0,0.0,-0.0,0.053297
2022-12-01,500ETF,Future (IC88 (CSI 500 Futures)),icw,-0.0994,0.8,0.0,0,-0.003535,-0.0,0.0,-0.0,0.053297
2022-12-02,500ETF,Future (IC88 (CSI 500 Futures)),icw,0.5268,0.8,0.0,0,-0.006771,-0.0,0.0,-0.0,0.053297
2022-12-05,500ETF,Future (IC88 (CSI 500 Futures)),icw,-0.222,0.8,0.0,0,0.003353,0.0,0.0,0.0,0.053297
2022-12-06,500ETF,Future (IC88 (CSI 500 Futures)),icw,-0.0164,0.8,0.0,0,-0.000452,-0.0,0.0,-0.0,0.053297
2022-12-07,500ETF,Future (IC88 (CSI 500 Futures)),icw,-0.5062,0.8,0.0,0,-0.002351,-0.0,0.0,-0.0,0.053297
2022-12-08,500ETF,Future (IC88 (CSI 500 Futures)),icw,-0.9614,0.8,0.0,0,0.001582,0.0,0.0,0.0,0.053297
2022-12-09,500ETF,Future (IC88 (CSI 500 Futures)),icw,-0.2664,0.8,0.0,0,0.008943,0.0,0.0,0.0,0.053297
2022-12-12,500ETF,Future (IC88 (CSI 500 Futures)),icw,-1.2184,0.8,0.0,0,0.002371,0.0,0.0,0.0,0.053297
2022-12-13,500ETF,Future (IC88 (CSI 500 Futures)),icw,-1.1169,0.8,0.0,0,0.0,0.0,0.0,0.0,0.053297
2022-12-14,500ETF,Future (IC88 (CSI 500 Futures)),icw,0.1522,0.8,0.0,0,-0.006284,-0.0,0.0,-0.0,0.053297
2022-12-15,500ETF,Future (IC88 (CSI 500 Futures)),icw,0.0772,0.8,0.0,0,0.000459,0.0,0.0,0.0,0.053297
2022-12-16,500ETF,Future (IC88 (CSI 500 Futures)),icw,-0.6845,0.8,0.0,0,0.002109,0.0,0.0,0.0,0.053297
2022-12-19,500ETF,Future (IC88 (CSI 500 Futures)),icw,-0.6569,0.8,0.0,0,-0.017214,-0.0,0.0,-0.0,0.053297
2022-12-20,500ETF,Future (IC88 (CSI 500 Futures)),icw,-0.8609,0.8,0.0,0,-0.003449,-0.0,0.0,-0.0,0.053297
2022-12-21,500ETF,Future (IC88 (CSI 500 Futures)),icw,-0.4917,0.8,0.0,0,-0.006979,-0.0,0.0,-0.0,0.053297
2022-12-22,500ETF,Future (IC88 (CSI 500 Futures)),icw,-0.6273,0.8,0.0,0,-0.0176,-0.0,0.0,-0.0,0.053297
2022-12-23,500ETF,Future (IC88 (CSI 500 Futures)),icw,0.0426,0.8,0.0,0,-0.004901,-0.0,0.0,-0.0,0.053297
2022-12-26,500ETF,Future (IC88 (CSI 500 Futures)),icw,1.3545,0.8,1.0,1,0.002255,0.002255,0.0008,0.001455,0.054752
2022-12-27,500ETF,Future (IC88 (CSI 500 Futures)),icw,-0.5041,0.8,0.0,0,0.008162,0.0,0.0,0.0,0.054752
2022-12-28,500ETF,Future (IC88 (CSI 500 Futures)),icw,-0.9357,0.8,0.0,0,0.002621,0.0,0.0,0.0,0.054752
2022-12-29,500ETF,Future (IC88 (CSI 500 Futures)),icw,-0.4438,0.8,0.0,0,0.005956,0.0,0.0,0.0,0.054752
2022-12-30,500ETF,Future (IC88 (CSI 500 Futures)),icw,0.3669,0.8,0.0,0,-0.003263,-0.0,0.0,-0.0,0.054752
2023-01-03,500ETF,Future (IC88 (CSI 500 Futures)),icw,0.0119,0.8,0.0,0,0.016405,0.0,0.0,0.0,0.054752
2023-01-04,500ETF,Future (IC88 (CSI 500 Futures)),icw,-0.1112,0.8,0.0,0,-0.000436,-0.0,0.0,-0.0,0.054752
2023-01-05,500ETF,Future (IC88 (CSI 500 Futures)),icw,0.3597,0.8,0.0,0,0.002957,0.0,0.0,0.0,0.054752
2023-01-06,500ETF,Future (IC88 (CSI 500 Futures)),icw,0.249,0.8,0.0,0,-0.001061,-0.0,0.0,-0.0,0.054752
2023-01-09,500ETF,Future (IC88 (CSI 500 Futures)),icw,0.8816,0.8,1.0,1,-0.001914,-0.001914,0.0008,-0.002714,0.052038
2023-01-10,500ETF,Future (IC88 (CSI 500 Futures)),icw,-0.6648,0.8,0.0,0,0.002579,0.0,0.0,0.0,0.052038
2023-01-11,500ETF,Future (IC88 (CSI 500 Futures)),icw,-0.5073,0.8,0.0,0,-0.004736,-0.0,0.0,-0.0,0.052038
2023-01-12,500ETF,Future (IC88 (CSI 500 Futures)),icw,0.6507,0.8,0.0,0,-0.004568,-0.0,0.0,-0.0,0.052038
2023-01-13,500ETF,Future (IC88 (CSI 500 Futures)),icw,-0.1404,0.8,0.0,0,0.004656,0.0,0.0,0.0,0.052038
2023-01-16,500ETF,Future (IC88 (CSI 500 Futures)),icw,1.4303,0.8,1.0,1,0.001173,0.001173,0.0008,0.000373,0.052412
2023-01-17,500ETF,Future (IC88 (CSI 500 Futures)),icw,-0.1963,0.8,0.0,0,0.00039,0.0,0.0,0.0,0.052412
2023-01-18,500ETF,Future (IC88 (CSI 500 Futures)),icw,0.4926,0.8,0.0,0,0.001363,0.0,0.0,0.0,0.052412
2023-01-19,500ETF,Future (IC88 (CSI 500 Futures)),icw,-0.6487,0.8,0.0,0,0.010547,0.0,0.0,0.0,0.052412
2023-01-20,500ETF,Future (IC88 (CSI 500 Futures)),icw,1.0098,0.8,1.0,1,-0.000669,-0.000669,0.0008,-0.001469,0.050942
2023-01-30,500ETF,Future (IC88 (CSI 500 Futures)),icw,0.1918,0.8,0.0,0,-0.010147,-0.0,0.0,-0.0,0.050942
2023-01-31,500ETF,Future (IC88 (CSI 500 Futures)),icw,0.5815,0.8,0.0,0,-0.000349,-0.0,0.0,-0.0,0.050942
2023-02-01,500ETF,Future (IC88 (CSI 500 Futures)),icw,1.047,0.8,1.0,1,0.003427,0.003427,0.0008,0.002627,0.053569
2023-02-02,500ETF,Future (IC88 (CSI 500 Futures)),icw,-0.629,0.8,0.0,0,-0.001002,-0.0,0.0,-0.0,0.053569
2023-02-03,500ETF,Future (IC88 (CSI 500 Futures)),icw,-1.1453,0.8,0.0,0,0.005214,0.0,0.0,0.0,0.053569
2023-02-06,500ETF,Future (IC88 (CSI 500 Futures)),icw,-0.5823,0.8,0.0,0,-0.004247,-0.0,0.0,-0.0,0.053569
2023-02-07,500ETF,Future (IC88 (CSI 500 Futures)),icw,-0.0756,0.8,0.0,0,0.001523,0.0,0.0,0.0,0.053569
2023-02-08,500ETF,Future (IC88 (CSI 500 Futures)),icw,-0.4732,0.8,0.0,0,-0.005863,-0.0,0.0,-0.0,0.053569
2023-02-09,500ETF,Future (IC88 (CSI 500 Futures)),icw,0.9317,0.8,1.0,1,0.009098,0.009098,0.0008,0.008298,0.061867
2023-02-10,500ETF,Future (IC88 (CSI 500 Futures)),icw,0.2787,0.8,0.0,0,-0.003656,-0.0,0.0,-0.0,0.061867
2023-02-13,500ETF,Future (IC88 (CSI 500 Futures)),icw,1.1367,0.8,1.0,1,-0.002982,-0.002982,0.0008,-0.003782,0.058085
2023-02-14,500ETF,Future (IC88 (CSI 500 Futures)),icw,0.2599,0.8,0.0,0,-0.001537,-0.0,0.0,-0.0,0.058085
2023-02-15,500ETF,Future (IC88 (CSI 500 Futures)),icw,-0.3873,0.8,0.0,0,-0.000691,-0.0,0.0,-0.0,0.058085
2023-02-16,500ETF,Future (IC88 (CSI 500 Futures)),icw,0.2196,0.8,0.0,0,-0.01648,-0.0,0.0,-0.0,0.058085
2023-02-17,500ETF,Future (IC88 (CSI 500 Futures)),icw,0.4184,0.8,0.0,0,-0.006113,-0.0,0.0,-0.0,0.058085
2023-02-20,500ETF,Future (IC88 (CSI 500 Futures)),icw,-0.1289,0.8,0.0,0,0.012532,0.0,0.0,0.0,0.058085
2023-02-21,500ETF,Future (IC88 (CSI 500 Futures)),icw,1.0765,0.8,1.0,1,-0.003521,-0.003521,0.0008,-0.004321,0.053764
2023-02-22,500ETF,Future (IC88 (CSI 500 Futures)),icw,-0.1298,0.8,0.0,0,0.001797,0.0,0.0,0.0,0.053764
2023-02-23,500ETF,Future (IC88 (CSI 500 Futures)),icw,0.6075,0.8,0.0,0,-0.006422,-0.0,0.0,-0.0,0.053764
2023-02-24,500ETF,Future (IC88 (CSI 500 Futures)),icw,-0.5318,0.8,0.0,0,-0.004166,-0.0,0.0,-0.0,0.053764
2023-02-27,500ETF,Future (IC88 (CSI 500 Futures)),icw,-0.3958,0.8,0.0,0,-0.005497,-0.0,0.0,-0.0,0.053764
2023-02-28,500ETF,Future (IC88 (CSI 500 Futures)),icw,0.5942,0.8,0.0,0,0.002211,0.0,0.0,0.0,0.053764
2023-03-01,500ETF,Future (IC88 (CSI 500 Futures)),icw,-0.303,0.8,0.0,0,0.003984,0.0,0.0,0.0,0.053764
2023-03-02,500ETF,Future (IC88 (CSI 500 Futures)),icw,-0.3558,0.8,0.0,0,-0.004511,-0.0,0.0,-0.0,0.053764
2023-03-03,500ETF,Future (IC88 (CSI 500 Futures)),icw,0.3291,0.8,0.0,0,-0.001128,-0.0,0.0,-0.0,0.053764
2023-03-06,500ETF,Future (IC88 (CSI 500 Futures)),icw,-0.5115,0.8,0.0,0,0.000346,0.0,0.0,0.0,0.053764
2023-03-07,500ETF,Future (IC88 (CSI 500 Futures)),icw,-0.3825,0.8,0.0,0,-0.009234,-0.0,0.0,-0.0,0.053764
2023-03-08,500ETF,Future (IC88 (CSI 500 Futures)),icw,0.3961,0.8,0.0,0,0.001178,0.0,0.0,0.0,0.053764
2023-03-09,500ETF,Future (IC88 (CSI 500 Futures)),icw,-0.7348,0.8,0.0,0,-0.000446,-0.0,0.0,-0.0,0.053764
2023-03-10,500ETF,Future (IC88 (CSI 500 Futures)),icw,-0.9062,0.8,0.0,0,-0.000386,-0.0,0.0,-0.0,0.053764
2023-03-13,500ETF,Future (IC88 (CSI 500 Futures)),icw,0.8247,0.8,1.0,1,0.004994,0.004994,0.0008,0.004194,0.057958
2023-03-14,500ETF,Future (IC88 (CSI 500 Futures)),icw,-0.8078,0.8,0.0,0,-0.004156,-0.0,0.0,-0.0,0.057958
2023-03-15,500ETF,Future (IC88 (CSI 500 Futures)),icw,1.3213,0.8,1.0,1,-0.004554,-0.004554,0.0008,-0.005354,0.052603
2023-03-16,500ETF,Future (IC88 (CSI 500 Futures)),icw,-0.6248,0.8,0.0,0,-0.006239,-0.0,0.0,-0.0,0.052603
2023-03-17,500ETF,Future (IC88 (CSI 500 Futures)),icw,1.0731,0.8,1.0,1,-0.00469,-0.00469,0.0008,-0.00549,0.047113
2023-03-20,500ETF,Future (IC88 (CSI 500 Futures)),icw,-0.9636,0.8,0.0,0,-0.00172,-0.0,0.0,-0.0,0.047113
2023-03-21,500ETF,Future (IC88 (CSI 500 Futures)),icw,1.09,0.8,1.0,1,0.000675,0.000675,0.0008,-0.000125,0.046988
2023-03-22,500ETF,Future (IC88 (CSI 500 Futures)),icw,0.8083,0.8,1.0,1,0.000224,0.000224,0.0008,-0.000576,0.046412
2023-03-23,500ETF,Future (IC88 (CSI 500 Futures)),icw,0.1068,0.8,0.0,0,0.005225,0.0,0.0,0.0,0.046412
2023-03-24,500ETF,Future (IC88 (CSI 500 Futures)),icw,-0.6885,0.8,0.0,0,0.000984,0.0,0.0,0.0,0.046412
2023-03-27,500ETF,Future (IC88 (CSI 500 Futures)),icw,-0.1861,0.8,0.0,0,0.000698,0.0,0.0,0.0,0.046412
2023-03-28,500ETF,Future (IC88 (CSI 500 Futures)),icw,-0.5305,0.8,0.0,0,0.001465,0.0,0.0,0.0,0.046412
2023-03-29,500ETF,Future (IC88 (CSI 500 Futures)),icw,-0.6185,0.8,0.0,0,-0.000191,-0.0,0.0,-0.0,0.046412
2023-03-30,500ETF,Future (IC88 (CSI 500 Futures)),icw,-0.7077,0.8,0.0,0,0.003957,0.0,0.0,0.0,0.046412
2023-03-31,500ETF,Future (IC88 (CSI 500 Futures)),icw,0.9771,0.8,1.0,1,0.001137,0.001137,0.0008,0.000337,0.046749
2023-04-03,500ETF,Future (IC88 (CSI 500 Futures)),icw,1.1922,0.8,1.0,1,0.004246,0.004246,0.0008,0.003446,0.050195
2023-04-04,500ETF,Future (IC88 (CSI 500 Futures)),icw,-0.1855,0.8,0.0,0,-0.001155,-0.0,0.0,-0.0,0.050195
2023-04-06,500ETF,Future (IC88 (CSI 500 Futures)),icw,0.4613,0.8,0.0,0,-0.000125,-0.0,0.0,-0.0,0.050195
2023-04-07,500ETF,Future (IC88 (CSI 500 Futures)),icw,0.878,0.8,1.0,1,0.00372,0.00372,0.0008,0.00292,0.053115
2023-04-10,500ETF,Future (IC88 (CSI 500 Futures)),icw,-0.6782,0.8,0.0,0,-0.006118,-0.0,0.0,-0.0,0.053115
2023-04-11,500ETF,Future (IC88 (CSI 500 Futures)),icw,-0.5705,0.8,0.0,0,-0.000966,-0.0,0.0,-0.0,0.053115
2023-04-12,500ETF,Future (IC88 (CSI 500 Futures)),icw,0.5637,0.8,0.0,0,0.001897,0.0,0.0,0.0,0.053115
2023-04-13,500ETF,Future (IC88 (CSI 500 Futures)),icw,-0.3998,0.8,0.0,0,-0.003988,-0.0,0.0,-0.0,0.053115
2023-04-14,500ETF,Future (IC88 (CSI 500 Futures)),icw,0.7101,0.8,0.0,0,-0.00028,-0.0,0.0,-0.0,0.053115
2023-04-17,500ETF,Future (IC88 (CSI 500 Futures)),icw,0.6867,0.8,0.0,0,0.00242,0.0,0.0,0.0,0.053115
2023-04-18,500ETF,Future (IC88 (CSI 500 Futures)),icw,-0.766,0.8,0.0,0,0.002237,0.0,0.0,0.0,0.053115
2023-04-19,500ETF,Future (IC88 (CSI 500 Futures)),icw,0.0815,0.8,0.0,0,-0.005663,-0.0,0.0,-0.0,0.053115
2023-04-20,500ETF,Future (IC88 (CSI 500 Futures)),icw,-0.82,0.8,0.0,0,0.000594,0.0,0.0,0.0,0.053115
2023-04-21,500ETF,Future (IC88 (CSI 500 Futures)),icw,-0.9731,0.8,0.0,0,-0.019036,-0.0,0.0,-0.0,0.053115
2023-04-24,500ETF,Future (IC88 (CSI 500 Futures)),icw,-0.8451,0.8,0.0,0,-0.005672,-0.0,0.0,-0.0,0.053115
2023-04-25,500ETF,Future (IC88 (CSI 500 Futures)),icw,-1.0097,0.8,0.0,0,-0.008937,-0.0,0.0,-0.0,0.053115
2023-04-26,500ETF,Future (IC88 (CSI 500 Futures)),icw,1.2261,0.8,1.0,1,-0.002671,-0.002671,0.0008,-0.003471,0.049644
2023-04-27,500ETF,Future (IC88 (CSI 500 Futures)),icw,0.516,0.8,0.0,0,0.002115,0.0,0.0,0.0,0.049644
2023-04-28,500ETF,Future (IC88 (CSI 500 Futures)),icw,1.241,0.8,1.0,1,0.003569,0.003569,0.0008,0.002769,0.052413
2023-05-04,500ETF,Future (IC88 (CSI 500 Futures)),icw,0.6795,0.8,0.0,0,-0.000353,-0.0,0.0,-0.0,0.052413
2023-05-05,500ETF,Future (IC88 (CSI 500 Futures)),icw,-1.0703,0.8,0.0,0,-0.005242,-0.0,0.0,-0.0,0.052413
2023-05-08,500ETF,Future (IC88 (CSI 500 Futures)),icw,0.487,0.8,0.0,0,0.00548,0.0,0.0,0.0,0.052413
2023-05-09,500ETF,Future (IC88 (CSI 500 Futures)),icw,-0.6303,0.8,0.0,0,-0.004457,-0.0,0.0,-0.0,0.052413
2023-05-10,500ETF,Future (IC88 (CSI 500 Futures)),icw,0.055,0.8,0.0,0,-0.003382,-0.0,0.0,-0.0,0.052413
2023-05-11,500ETF,Future (IC88 (CSI 500 Futures)),icw,-0.4526,0.8,0.0,0,-0.003387,-0.0,0.0,-0.0,0.052413
2023-05-12,500ETF,Future (IC88 (CSI 500 Futures)),icw,0.5522,0.8,0.0,0,-0.011616,-0.0,0.0,-0.0,0.052413
2023-05-15,500ETF,Future (IC88 (CSI 500 Futures)),icw,-0.669,0.8,0.0,0,0.009995,0.0,0.0,0.0,0.052413
2023-05-16,500ETF,Future (IC88 (CSI 500 Futures)),icw,-1.0284,0.8,0.0,0,-0.005441,-0.0,0.0,-0.0,0.052413
2023-05-17,500ETF,Future (IC88 (CSI 500 Futures)),icw,0.0177,0.8,0.0,0,-0.001641,-0.0,0.0,-0.0,0.052413
2023-05-18,500ETF,Future (IC88 (CSI 500 Futures)),icw,0.4404,0.8,0.0,0,-0.001506,-0.0,0.0,-0.0,0.052413
2023-05-19,500ETF,Future (IC88 (CSI 500 Futures)),icw,-1.0277,0.8,0.0,0,0.004233,0.0,0.0,0.0,0.052413
2023-05-22,500ETF,Future (IC88 (CSI 500 Futures)),icw,-0.3161,0.8,0.0,0,0.001115,0.0,0.0,0.0,0.052413
2023-05-23,500ETF,Future (IC88 (CSI 500 Futures)),icw,-0.9156,0.8,0.0,0,-0.003065,-0.0,0.0,-0.0,0.052413
2023-05-24,500ETF,Future (IC88 (CSI 500 Futures)),icw,-1.1799,0.8,0.0,0,0.003802,0.0,0.0,0.0,0.052413
2023-05-25,500ETF,Future (IC88 (CSI 500 Futures)),icw,0.4411,0.8,0.0,0,-0.008372,-0.0,0.0,-0.0,0.052413
2023-05-26,500ETF,Future (IC88 (CSI 500 Futures)),icw,-1.0819,0.8,0.0,0,0.013716,0.0,0.0,0.0,0.052413
2023-05-29,500ETF,Future (IC88 (CSI 500 Futures)),icw,0.093,0.8,0.0,0,-0.00558,-0.0,0.0,-0.0,0.052413
2023-05-30,500ETF,Future (IC88 (CSI 500 Futures)),icw,-0.4674,0.8,0.0,0,0.006803,0.0,0.0,0.0,0.052413
2023-05-31,500ETF,Future (IC88 (CSI 500 Futures)),icw,-0.2393,0.8,0.0,0,-0.002588,-0.0,0.0,-0.0,0.052413
2023-06-01,500ETF,Future (IC88 (CSI 500 Futures)),icw,-0.247,0.8,0.0,0,-0.004724,-0.0,0.0,-0.0,0.052413
2023-06-02,500ETF,Future (IC88 (CSI 500 Futures)),icw,1.0231,0.8,1.0,1,0.002494,0.002494,0.0008,0.001694,0.054107
2023-06-05,500ETF,Future (IC88 (CSI 500 Futures)),icw,-0.6132,0.8,0.0,0,-0.00023,-0.0,0.0,-0.0,0.054107
2023-06-06,500ETF,Future (IC88 (CSI 500 Futures)),icw,-1.1636,0.8,0.0,0,-0.011323,-0.0,0.0,-0.0,0.054107
2023-06-07,500ETF,Future (IC88 (CSI 500 Futures)),icw,0.1966,0.8,0.0,0,-0.006049,-0.0,0.0,-0.0,0.054107
2023-06-08,500ETF,Future (IC88 (CSI 500 Futures)),icw,-0.9586,0.8,0.0,0,0.001614,0.0,0.0,0.0,0.054107
2023-06-09,500ETF,Future (IC88 (CSI 500 Futures)),icw,0.06,0.8,0.0,0,0.004136,0.0,0.0,0.0,0.054107
2023-06-12,500ETF,Future (IC88 (CSI 500 Futures)),icw,-0.5624,0.8,0.0,0,0.002425,0.0,0.0,0.0,0.054107
2023-06-13,500ETF,Future (IC88 (CSI 500 Futures)),icw,0.0058,0.8,0.0,0,0.003546,0.0,0.0,0.0,0.054107
2023-06-14,500ETF,Future (IC88 (CSI 500 Futures)),icw,0.1654,0.8,0.0,0,-0.000926,-0.0,0.0,-0.0,0.054107
2023-06-15,500ETF,Future (IC88 (CSI 500 Futures)),icw,0.388,0.8,0.0,0,0.005594,0.0,0.0,0.0,0.054107
2023-06-16,500ETF,Future (IC88 (CSI 500 Futures)),icw,0.7365,0.8,0.0,0,0.005361,0.0,0.0,0.0,0.054107
2023-06-19,500ETF,Future (IC88 (CSI 500 Futures)),icw,-1.0189,0.8,0.0,0,-0.002321,-0.0,0.0,-0.0,0.054107
2023-06-20,500ETF,Future (IC88 (CSI 500 Futures)),icw,-0.4634,0.8,0.0,0,0.000131,0.0,0.0,0.0,0.054107
2023-06-21,500ETF,Future (IC88 (CSI 500 Futures)),icw,-1.2364,0.8,0.0,0,-0.008362,-0.0,0.0,-0.0,0.054107
2023-06-26,500ETF,Future (IC88 (CSI 500 Futures)),icw,-0.4371,0.8,0.0,0,-0.005291,-0.0,0.0,-0.0,0.054107
2023-06-27,500ETF,Future (IC88 (CSI 500 Futures)),icw,0.9951,0.8,1.0,1,0.002603,0.002603,0.0008,0.001803,0.05591
2023-06-28,500ETF,Future (IC88 (CSI 500 Futures)),icw,-1.3475,0.8,-1.0,1,0.009067,-0.009067,0.0008,-0.009867,0.046043
2023-06-29,500ETF,Future (IC88 (CSI 500 Futures)),icw,0.449,0.8,0.0,0,-0.000169,-0.0,0.0,-0.0,0.046043
2023-06-30,500ETF,Future (IC88 (CSI 500 Futures)),icw,0.999,0.8,1.0,1,0.005461,0.005461,0.0008,0.004661,0.050704
2023-07-03,500ETF,Future (IC88 (CSI 500 Futures)),icw,0.8583,0.8,1.0,1,0.002462,0.002462,0.0008,0.001662,0.052366
2023-07-04,500ETF,Future (IC88 (CSI 500 Futures)),icw,-0.7623,0.8,0.0,0,0.001692,0.0,0.0,0.0,0.052366
2023-07-05,500ETF,Future (IC88 (CSI 500 Futures)),icw,-0.939,0.8,0.0,0,-0.003258,-0.0,0.0,-0.0,0.052366
2023-07-06,500ETF,Future (IC88 (CSI 500 Futures)),icw,-0.379,0.8,0.0,0,-0.009206,-0.0,0.0,-0.0,0.052366
2023-07-07,500ETF,Future (IC88 (CSI 500 Futures)),icw,-0.9807,0.8,0.0,0,0.002962,0.0,0.0,0.0,0.052366
2023-07-10,500ETF,Future (IC88 (CSI 500 Futures)),icw,0.2769,0.8,0.0,0,-0.003819,-0.0,0.0,-0.0,0.052366
2023-07-11,500ETF,Future (IC88 (CSI 500 Futures)),icw,-0.6598,0.8,0.0,0,0.007869,0.0,0.0,0.0,0.052366
2023-07-12,500ETF,Future (IC88 (CSI 500 Futures)),icw,-0.5602,0.8,0.0,0,-0.006175,-0.0,0.0,-0.0,0.052366
2023-07-13,500ETF,Future (IC88 (CSI 500 Futures)),icw,1.3944,0.8,1.0,1,0.003149,0.003149,0.0008,0.002349,0.054715
2023-07-14,500ETF,Future (IC88 (CSI 500 Futures)),icw,-0.8216,0.8,0.0,0,-0.002517,-0.0,0.0,-0.0,0.054715
2023-07-17,500ETF,Future (IC88 (CSI 500 Futures)),icw,-0.9146,0.8,0.0,0,-0.000767,-0.0,0.0,-0.0,0.054715
2023-07-18,500ETF,Future (IC88 (CSI 500 Futures)),icw,-0.8362,0.8,0.0,0,0.001301,0.0,0.0,0.0,0.054715
2023-07-19,500ETF,Future (IC88 (CSI 500 Futures)),icw,0.3683,0.8,0.0,0,-0.003337,-0.0,0.0,-0.0,0.054715
2023-07-20,500ETF,Future (IC88 (CSI 500 Futures)),icw,-0.3285,0.8,0.0,0,-0.008932,-0.0,0.0,-0.0,0.054715
2023-07-21,500ETF,Future (IC88 (CSI 500 Futures)),icw,0.1033,0.8,0.0,0,-0.001551,-0.0,0.0,-0.0,0.054715
2023-07-24,500ETF,Future (IC88 (CSI 500 Futures)),icw,-0.1666,0.8,0.0,0,-0.002059,-0.0,0.0,-0.0,0.054715
2023-07-25,500ETF,Future (IC88 (CSI 500 Futures)),icw,0.9459,0.8,1.0,1,0.002631,0.002631,0.0008,0.001831,0.056547
2023-07-26,500ETF,Future (IC88 (CSI 500 Futures)),icw,-0.785,0.8,0.0,0,-0.003198,-0.0,0.0,-0.0,0.056547
2023-07-27,500ETF,Future (IC88 (CSI 500 Futures)),icw,0.3931,0.8,0.0,0,-0.008791,-0.0,0.0,-0.0,0.056547
2023-07-28,500ETF,Future (IC88 (CSI 500 Futures)),icw,-0.343,0.8,0.0,0,0.018159,0.0,0.0,0.0,0.056547
2023-07-31,500ETF,Future (IC88 (CSI 500 Futures)),icw,1.4822,0.8,1.0,1,-0.004979,-0.004979,0.0008,-0.005779,0.050768
2023-08-01,500ETF,Future (IC88 (CSI 500 Futures)),icw,0.3512,0.8,0.0,0,-0.001866,-0.0,0.0,-0.0,0.050768
2023-08-02,500ETF,Future (IC88 (CSI 500 Futures)),icw,0.1604,0.8,0.0,0,-0.00644,-0.0,0.0,-0.0,0.050768
2023-08-03,500ETF,Future (IC88 (CSI 500 Futures)),icw,-0.2726,0.8,0.0,0,0.003259,0.0,0.0,0.0,0.050768
2023-08-04,500ETF,Future (IC88 (CSI 500 Futures)),icw,1.1086,0.8,1.0,1,-0.001597,-0.001597,0.0008,-0.002397,0.048372
2023-08-07,500ETF,Future (IC88 (CSI 500 Futures)),icw,-1.1631,0.8,0.0,0,-0.000885,-0.0,0.0,-0.0,0.048372
2023-08-08,500ETF,Future (IC88 (CSI 500 Futures)),icw,-1.2676,0.8,0.0,0,0.003554,0.0,0.0,0.0,0.048372
2023-08-09,500ETF,Future (IC88 (CSI 500 Futures)),icw,-0.1161,0.8,0.0,0,-0.005843,-0.0,0.0,-0.0,0.048372
2023-08-10,500ETF,Future (IC88 (CSI 500 Futures)),icw,0.3714,0.8,0.0,0,-3.3e-05,-0.0,0.0,-0.0,0.048372
2023-08-11,500ETF,Future (IC88 (CSI 500 Futures)),icw,-1.0854,0.8,0.0,0,-0.011559,-0.0,0.0,-0.0,0.048372
2023-08-14,500ETF,Future (IC88 (CSI 500 Futures)),icw,-0.7976,0.8,0.0,0,0.007059,0.0,0.0,0.0,0.048372
2023-08-15,500ETF,Future (IC88 (CSI 500 Futures)),icw,-0.7388,0.8,0.0,0,-0.002921,-0.0,0.0,-0.0,0.048372
2023-08-16,500ETF,Future (IC88 (CSI 500 Futures)),icw,-0.2157,0.8,0.0,0,-0.003411,-0.0,0.0,-0.0,0.048372
2023-08-17,500ETF,Future (IC88 (CSI 500 Futures)),icw,-0.7155,0.8,0.0,0,0.012387,0.0,0.0,0.0,0.048372
2023-08-18,500ETF,Future (IC88 (CSI 500 Futures)),icw,-0.0535,0.8,0.0,0,-0.012911,-0.0,0.0,-0.0,0.048372
2023-08-21,500ETF,Future (IC88 (CSI 500 Futures)),icw,0.2713,0.8,0.0,0,-0.008478,-0.0,0.0,-0.0,0.048372
2023-08-22,500ETF,Future (IC88 (CSI 500 Futures)),icw,0.1321,0.8,0.0,0,0.006077,0.0,0.0,0.0,0.048372
2023-08-23,500ETF,Future (IC88 (CSI 500 Futures)),icw,-1.3606,0.8,-1.0,1,-0.009718,0.009718,0.0008,0.008918,0.057289
2023-08-24,500ETF,Future (IC88 (CSI 500 Futures)),icw,-0.1799,0.8,0.0,0,0.004921,0.0,0.0,0.0,0.057289
2023-08-25,500ETF,Future (IC88 (CSI 500 Futures)),icw,-0.6589,0.8,0.0,0,-0.01568,-0.0,0.0,-0.0,0.057289
2023-08-28,500ETF,Future (IC88 (CSI 500 Futures)),icw,-0.7245,0.8,0.0,0,-0.02292,-0.0,0.0,-0.0,0.057289
2023-08-29,500ETF,Future (IC88 (CSI 500 Futures)),icw,1.2931,0.8,1.0,1,0.013467,0.013467,0.0008,0.012667,0.069956
2023-08-30,500ETF,Future (IC88 (CSI 500 Futures)),icw,1.0433,0.8,1.0,1,-0.007032,-0.007032,0.0008,-0.007832,0.062123
2023-08-31,500ETF,Future (IC88 (CSI 500 Futures)),icw,-0.6026,0.8,0.0,0,-0.002399,-0.0,0.0,-0.0,0.062123
2023-09-01,500ETF,Future (IC88 (CSI 500 Futures)),icw,0.4317,0.8,0.0,0,-0.002191,-0.0,0.0,-0.0,0.062123
2023-09-04,500ETF,Future (IC88 (CSI 500 Futures)),icw,-0.1041,0.8,0.0,0,0.007485,0.0,0.0,0.0,0.062123
2023-09-05,500ETF,Future (IC88 (CSI 500 Futures)),icw,-0.7403,0.8,0.0,0,-0.004004,-0.0,0.0,-0.0,0.062123
2023-09-06,500ETF,Future (IC88 (CSI 500 Futures)),icw,-0.9804,0.8,0.0,0,0.00688,0.0,0.0,0.0,0.062123
2023-09-07,500ETF,Future (IC88 (CSI 500 Futures)),icw,-1.0818,0.8,0.0,0,-0.010061,-0.0,0.0,-0.0,0.062123
2023-09-08,500ETF,Future (IC88 (CSI 500 Futures)),icw,0.2662,0.8,0.0,0,0.00186,0.0,0.0,0.0,0.062123
2023-09-11,500ETF,Future (IC88 (CSI 500 Futures)),icw,0.2585,0.8,0.0,0,0.008178,0.0,0.0,0.0,0.062123
2023-09-12,500ETF,Future (IC88 (CSI 500 Futures)),icw,-0.3696,0.8,0.0,0,0.001283,0.0,0.0,0.0,0.062123
2023-09-13,500ETF,Future (IC88 (CSI 500 Futures)),icw,-0.6297,0.8,0.0,0,-0.0102,-0.0,0.0,-0.0,0.062123
2023-09-14,500ETF,Future (IC88 (CSI 500 Futures)),icw,-0.3495,0.8,0.0,0,-0.00021,-0.0,0.0,-0.0,0.062123
2023-09-15,500ETF,Future (IC88 (CSI 500 Futures)),icw,-0.8338,0.8,0.0,0,-0.000914,-0.0,0.0,-0.0,0.062123
2023-09-18,500ETF,Future (IC88 (CSI 500 Futures)),icw,-0.3374,0.8,0.0,0,0.005417,0.0,0.0,0.0,0.062123
2023-09-19,500ETF,Future (IC88 (CSI 500 Futures)),icw,-1.0263,0.8,0.0,0,0.002844,0.0,0.0,0.0,0.062123
2023-09-20,500ETF,Future (IC88 (CSI 500 Futures)),icw,-0.2407,0.8,0.0,0,-0.004328,-0.0,0.0,-0.0,0.062123
2023-09-21,500ETF,Future (IC88 (CSI 500 Futures)),icw,0.4495,0.8,0.0,0,-0.00656,-0.0,0.0,-0.0,0.062123
2023-09-22,500ETF,Future (IC88 (CSI 500 Futures)),icw,0.3307,0.8,0.0,0,0.014513,0.0,0.0,0.0,0.062123
2023-09-25,500ETF,Future (IC88 (CSI 500 Futures)),icw,-0.6457,0.8,0.0,0,-0.001302,-0.0,0.0,-0.0,0.062123
2023-09-26,500ETF,Future (IC88 (CSI 500 Futures)),icw,-0.1011,0.8,0.0,0,-7.1e-05,-0.0,0.0,-0.0,0.062123
2023-09-27,500ETF,Future (IC88 (CSI 500 Futures)),icw,1.3903,0.8,1.0,1,-0.00231,-0.00231,0.0008,-0.00311,0.059013
2023-09-28,500ETF,Future (IC88 (CSI 500 Futures)),icw,0.6312,0.8,0.0,0,-0.004242,-0.0,0.0,-0.0,0.059013
2023-10-09,500ETF,Future (IC88 (CSI 500 Futures)),icw,-1.0203,0.8,0.0,0,-0.001024,-0.0,0.0,-0.0,0.059013
2023-10-10,500ETF,Future (IC88 (CSI 500 Futures)),icw,0.0205,0.8,0.0,0,-0.004251,-0.0,0.0,-0.0,0.059013
2023-10-11,500ETF,Future (IC88 (CSI 500 Futures)),icw,0.7521,0.8,0.0,0,-0.008964,-0.0,0.0,-0.0,0.059013
2023-10-12,500ETF,Future (IC88 (CSI 500 Futures)),icw,0.6902,0.8,0.0,0,0.001977,0.0,0.0,0.0,0.059013
2023-10-13,500ETF,Future (IC88 (CSI 500 Futures)),icw,-1.06,0.8,0.0,0,3.6e-05,0.0,0.0,0.0,0.059013
2023-10-16,500ETF,Future (IC88 (CSI 500 Futures)),icw,-1.1522,0.8,0.0,0,-0.004303,-0.0,0.0,-0.0,0.059013
2023-10-17,500ETF,Future (IC88 (CSI 500 Futures)),icw,-0.7261,0.8,0.0,0,0.002474,0.0,0.0,0.0,0.059013
2023-10-18,500ETF,Future (IC88 (CSI 500 Futures)),icw,-1.3942,0.8,-1.0,1,-0.002312,0.002312,0.0008,0.001512,0.060525
2023-10-19,500ETF,Future (IC88 (CSI 500 Futures)),icw,-0.0207,0.8,0.0,0,-0.00743,-0.0,0.0,-0.0,0.060525
2023-10-20,500ETF,Future (IC88 (CSI 500 Futures)),icw,0.2368,0.8,0.0,0,-0.003786,-0.0,0.0,-0.0,0.060525
2023-10-23,500ETF,Future (IC88 (CSI 500 Futures)),icw,-1.3113,0.8,-1.0,1,-0.015574,0.015574,0.0008,0.014774,0.075299
2023-10-24,500ETF,Future (IC88 (CSI 500 Futures)),icw,-0.3538,0.8,0.0,0,0.010372,0.0,0.0,0.0,0.075299
2023-10-25,500ETF,Future (IC88 (CSI 500 Futures)),icw,1.3727,0.8,1.0,1,-0.008326,-0.008326,0.0008,-0.009126,0.066174
2023-10-26,500ETF,Future (IC88 (CSI 500 Futures)),icw,-0.6738,0.8,0.0,0,0.007686,0.0,0.0,0.0,0.066174
2023-10-27,500ETF,Future (IC88 (CSI 500 Futures)),icw,0.8666,0.8,1.0,1,0.018066,0.018066,0.0008,0.017266,0.08344
2023-10-30,500ETF,Future (IC88 (CSI 500 Futures)),icw,0.8826,0.8,1.0,1,0.00641,0.00641,0.0008,0.00561,0.08905
2023-10-31,500ETF,Future (IC88 (CSI 500 Futures)),icw,-0.3722,0.8,0.0,0,-0.000507,-0.0,0.0,-0.0,0.08905
2023-11-01,500ETF,Future (IC88 (CSI 500 Futures)),icw,-0.6833,0.8,0.0,0,-0.000801,-0.0,0.0,-0.0,0.08905
2023-11-02,500ETF,Future (IC88 (CSI 500 Futures)),icw,0.2129,0.8,0.0,0,-0.004311,-0.0,0.0,-0.0,0.08905
2023-11-03,500ETF,Future (IC88 (CSI 500 Futures)),icw,1.0361,0.8,1.0,1,0.003602,0.003602,0.0008,0.002802,0.091852
2023-11-06,500ETF,Future (IC88 (CSI 500 Futures)),icw,1.1341,0.8,1.0,1,0.004774,0.004774,0.0008,0.003974,0.095826
2023-11-07,500ETF,Future (IC88 (CSI 500 Futures)),icw,-0.4554,0.8,0.0,0,0.005469,0.0,0.0,0.0,0.095826
2023-11-08,500ETF,Future (IC88 (CSI 500 Futures)),icw,-0.0685,0.8,0.0,0,-0.003862,-0.0,0.0,-0.0,0.095826
2023-11-09,500ETF,Future (IC88 (CSI 500 Futures)),icw,0.9014,0.8,1.0,1,-0.004189,-0.004189,0.0008,-0.004989,0.090838
2023-11-10,500ETF,Future (IC88 (CSI 500 Futures)),icw,-0.8742,0.8,0.0,0,0.001512,0.0,0.0,0.0,0.090838
2023-11-13,500ETF,Future (IC88 (CSI 500 Futures)),icw,-0.3666,0.8,0.0,0,0.003238,0.0,0.0,0.0,0.090838
2023-11-14,500ETF,Future (IC88 (CSI 500 Futures)),icw,1.0237,0.8,1.0,1,-0.003357,-0.003357,0.0008,-0.004157,0.086681
2023-11-15,500ETF,Future (IC88 (CSI 500 Futures)),icw,-0.4232,0.8,0.0,0,-0.003057,-0.0,0.0,-0.0,0.086681
2023-11-16,500ETF,Future (IC88 (CSI 500 Futures)),icw,-0.7287,0.8,0.0,0,-0.003569,-0.0,0.0,-0.0,0.086681
2023-11-17,500ETF,Future (IC88 (CSI 500 Futures)),icw,0.2544,0.8,0.0,0,0.003258,0.0,0.0,0.0,0.086681
2023-11-20,500ETF,Future (IC88 (CSI 500 Futures)),icw,-0.8515,0.8,0.0,0,0.011901,0.0,0.0,0.0,0.086681
2023-11-21,500ETF,Future (IC88 (CSI 500 Futures)),icw,0.9608,0.8,1.0,1,-0.009362,-0.009362,0.0008,-0.010162,0.076519
2023-11-22,500ETF,Future (IC88 (CSI 500 Futures)),icw,-0.1133,0.8,0.0,0,-0.00755,-0.0,0.0,-0.0,0.076519
2023-11-23,500ETF,Future (IC88 (CSI 500 Futures)),icw,-0.2391,0.8,0.0,0,0.012676,0.0,0.0,0.0,0.076519
2023-11-24,500ETF,Future (IC88 (CSI 500 Futures)),icw,-1.0637,0.8,0.0,0,-0.002123,-0.0,0.0,-0.0,0.076519
2023-11-27,500ETF,Future (IC88 (CSI 500 Futures)),icw,-0.7007,0.8,0.0,0,0.004557,0.0,0.0,0.0,0.076519
2023-11-28,500ETF,Future (IC88 (CSI 500 Futures)),icw,-0.7196,0.8,0.0,0,0.003312,0.0,0.0,0.0,0.076519
2023-11-29,500ETF,Future (IC88 (CSI 500 Futures)),icw,-0.6133,0.8,0.0,0,-0.004259,-0.0,0.0,-0.0,0.076519
2023-11-30,500ETF,Future (IC88 (CSI 500 Futures)),icw,-0.6642,0.8,0.0,0,7.3e-05,0.0,0.0,0.0,0.076519
2023-12-01,500ETF,Future (IC88 (CSI 500 Futures)),icw,-0.7624,0.8,0.0,0,0.005695,0.0,0.0,0.0,0.076519
2023-12-04,500ETF,Future (IC88 (CSI 500 Futures)),icw,-0.3422,0.8,0.0,0,-0.005381,-0.0,0.0,-0.0,0.076519
2023-12-05,500ETF,Future (IC88 (CSI 500 Futures)),icw,-1.1503,0.8,0.0,0,-0.002816,-0.0,0.0,-0.0,0.076519
2023-12-06,500ETF,Future (IC88 (CSI 500 Futures)),icw,0.6737,0.8,0.0,0,0.002821,0.0,0.0,0.0,0.076519
2023-12-07,500ETF,Future (IC88 (CSI 500 Futures)),icw,-0.9532,0.8,0.0,0,0.008719,0.0,0.0,0.0,0.076519
2023-12-08,500ETF,Future (IC88 (CSI 500 Futures)),icw,0.4155,0.8,0.0,0,0.003498,0.0,0.0,0.0,0.076519
2023-12-11,500ETF,Future (IC88 (CSI 500 Futures)),icw,-1.0562,0.8,0.0,0,0.021671,0.0,0.0,0.0,0.076519
2023-12-12,500ETF,Future (IC88 (CSI 500 Futures)),icw,-0.1238,0.8,0.0,0,0.002913,0.0,0.0,0.0,0.076519
2023-12-13,500ETF,Future (IC88 (CSI 500 Futures)),icw,-0.7108,0.8,0.0,0,-0.005125,-0.0,0.0,-0.0,0.076519
2023-12-14,500ETF,Future (IC88 (CSI 500 Futures)),icw,0.8356,0.8,1.0,1,-0.008403,-0.008403,0.0008,-0.009203,0.067316
2023-12-15,500ETF,Future (IC88 (CSI 500 Futures)),icw,0.0739,0.8,0.0,0,-0.009471,-0.0,0.0,-0.0,0.067316
2023-12-18,500ETF,Future (IC88 (CSI 500 Futures)),icw,-0.4479,0.8,0.0,0,-0.008142,-0.0,0.0,-0.0,0.067316
2023-12-19,500ETF,Future (IC88 (CSI 500 Futures)),icw,-0.5804,0.8,0.0,0,-0.003099,-0.0,0.0,-0.0,0.067316
2023-12-20,500ETF,Future (IC88 (CSI 500 Futures)),icw,-0.6095,0.8,0.0,0,-0.009019,-0.0,0.0,-0.0,0.067316
2023-12-21,500ETF,Future (IC88 (CSI 500 Futures)),icw,-0.0958,0.8,0.0,0,0.009898,0.0,0.0,0.0,0.067316
2023-12-22,500ETF,Future (IC88 (CSI 500 Futures)),icw,-1.1614,0.8,0.0,0,0.002675,0.0,0.0,0.0,0.067316
2023-12-25,500ETF,Future (IC88 (CSI 500 Futures)),icw,0.8792,0.8,1.0,1,-0.001278,-0.001278,0.0008,-0.002078,0.065238
2023-12-26,500ETF,Future (IC88 (CSI 500 Futures)),icw,-1.035,0.8,0.0,0,-0.004472,-0.0,0.0,-0.0,0.065238
2023-12-27,500ETF,Future (IC88 (CSI 500 Futures)),icw,-0.6188,0.8,0.0,0,0.007962,0.0,0.0,0.0,0.065238
2023-12-28,500ETF,Future (IC88 (CSI 500 Futures)),icw,0.9166,0.8,1.0,1,0.011958,0.011958,0.0008,0.011158,0.076396
2023-12-29,500ETF,Future (IC88 (CSI 500 Futures)),icw,1.1086,0.8,1.0,1,7.4e-05,7.4e-05,0.0008,-0.000726,0.07567
2024-01-02,500ETF,Future (IC88 (CSI 500 Futures)),icw,-0.6243,0.8,0.0,0,-0.000517,-0.0,0.0,-0.0,0.07567
2024-01-03,500ETF,Future (IC88 (CSI 500 Futures)),icw,0.7495,0.8,0.0,0,-0.003258,-0.0,0.0,-0.0,0.07567
2024-01-04,500ETF,Future (IC88 (CSI 500 Futures)),icw,-1.1198,0.8,0.0,0,-0.003439,-0.0,0.0,-0.0,0.07567
2024-01-05,500ETF,Future (IC88 (CSI 500 Futures)),icw,0.4927,0.8,0.0,0,-0.015381,-0.0,0.0,-0.0,0.07567
2024-01-08,500ETF,Future (IC88 (CSI 500 Futures)),icw,-1.1994,0.8,0.0,0,-0.015159,-0.0,0.0,-0.0,0.07567
2024-01-09,500ETF,Future (IC88 (CSI 500 Futures)),icw,0.1497,0.8,0.0,0,-0.001393,-0.0,0.0,-0.0,0.07567
2024-01-10,500ETF,Future (IC88 (CSI 500 Futures)),icw,-1.0432,0.8,0.0,0,-0.002445,-0.0,0.0,-0.0,0.07567
2024-01-11,500ETF,Future (IC88 (CSI 500 Futures)),icw,0.5139,0.8,0.0,0,0.010583,0.0,0.0,0.0,0.07567
2024-01-12,500ETF,Future (IC88 (CSI 500 Futures)),icw,0.786,0.8,0.0,0,-0.0028,-0.0,0.0,-0.0,0.07567
2024-01-15,500ETF,Future (IC88 (CSI 500 Futures)),icw,-0.5286,0.8,0.0,0,0.001234,0.0,0.0,0.0,0.07567
2024-01-16,500ETF,Future (IC88 (CSI 500 Futures)),icw,-0.096,0.8,0.0,0,-0.007781,-0.0,0.0,-0.0,0.07567
2024-01-17,500ETF,Future (IC88 (CSI 500 Futures)),icw,-1.0147,0.8,0.0,0,-0.012271,-0.0,0.0,-0.0,0.07567
2024-01-18,500ETF,Future (IC88 (CSI 500 Futures)),icw,-1.0038,0.8,0.0,0,-0.004122,-0.0,0.0,-0.0,0.07567
2024-01-19,500ETF,Future (IC88 (CSI 500 Futures)),icw,0.5634,0.8,0.0,0,-0.006064,-0.0,0.0,-0.0,0.07567
2024-01-22,500ETF,Future (IC88 (CSI 500 Futures)),icw,-1.3399,0.8,-1.0,1,-0.04369,0.04369,0.0008,0.04289,0.11856
2024-01-23,500ETF,Future (IC88 (CSI 500 Futures)),icw,-0.3567,0.8,0.0,0,0.020643,0.0,0.0,0.0,0.11856
2024-01-24,500ETF,Future (IC88 (CSI 500 Futures)),icw,0.6336,0.8,0.0,0,0.006524,0.0,0.0,0.0,0.11856
2024-01-25,500ETF,Future (IC88 (CSI 500 Futures)),icw,0.8073,0.8,1.0,1,0.026965,0.026965,0.0008,0.026165,0.144725
2024-01-26,500ETF,Future (IC88 (CSI 500 Futures)),icw,0.1621,0.8,0.0,0,-0.005797,-0.0,0.0,-0.0,0.144725
2024-01-29,500ETF,Future (IC88 (CSI 500 Futures)),icw,-0.5186,0.8,0.0,0,-0.006498,-0.0,0.0,-0.0,0.144725
2024-01-30,500ETF,Future (IC88 (CSI 500 Futures)),icw,0.2834,0.8,0.0,0,-0.020036,-0.0,0.0,-0.0,0.144725
2024-01-31,500ETF,Future (IC88 (CSI 500 Futures)),icw,0.6418,0.8,0.0,0,-0.008509,-0.0,0.0,-0.0,0.144725
2024-02-01,500ETF,Future (IC88 (CSI 500 Futures)),icw,0.0834,0.8,0.0,0,0.012445,0.0,0.0,0.0,0.144725
2024-02-02,500ETF,Future (IC88 (CSI 500 Futures)),icw,1.2005,0.8,1.0,1,-0.030357,-0.030357,0.0008,-0.031157,0.113567
2024-02-05,500ETF,Future (IC88 (CSI 500 Futures)),icw,-1.8438,0.8,-1.0,1,0.029852,-0.029852,0.0008,-0.030652,0.082916
2024-02-06,500ETF,Future (IC88 (CSI 500 Futures)),icw,1.6922,0.8,1.0,1,0.053901,0.053901,0.0008,0.053101,0.136017
2024-02-07,500ETF,Future (IC88 (CSI 500 Futures)),icw,1.8414,0.8,1.0,1,0.006049,0.006049,0.0008,0.005249,0.141266
2024-02-08,500ETF,Future (IC88 (CSI 500 Futures)),icw,1.8077,0.8,1.0,1,-0.03343,-0.03343,0.0008,-0.03423,0.107036
2024-02-19,500ETF,Future (IC88 (CSI 500 Futures)),icw,-1.1439,0.8,0.0,0,-0.009449,-0.0,0.0,-0.0,0.107036
2024-02-20,500ETF,Future (IC88 (CSI 500 Futures)),icw,-0.7823,0.8,0.0,0,0.008847,0.0,0.0,0.0,0.107036
2024-02-21,500ETF,Future (IC88 (CSI 500 Futures)),icw,-0.0435,0.8,0.0,0,0.008049,0.0,0.0,0.0,0.107036
2024-02-22,500ETF,Future (IC88 (CSI 500 Futures)),icw,1.3376,0.8,1.0,1,-0.001126,-0.001126,0.0008,-0.001926,0.10511
2024-02-23,500ETF,Future (IC88 (CSI 500 Futures)),icw,-0.7061,0.8,0.0,0,0.007712,0.0,0.0,0.0,0.10511
2024-02-26,500ETF,Future (IC88 (CSI 500 Futures)),icw,-0.0122,0.8,0.0,0,0.004787,0.0,0.0,0.0,0.10511
2024-02-27,500ETF,Future (IC88 (CSI 500 Futures)),icw,0.3047,0.8,0.0,0,0.020078,0.0,0.0,0.0,0.10511
2024-02-28,500ETF,Future (IC88 (CSI 500 Futures)),icw,1.4571,0.8,1.0,1,-0.01724,-0.01724,0.0008,-0.01804,0.08707
2024-02-29,500ETF,Future (IC88 (CSI 500 Futures)),icw,1.6496,0.8,1.0,1,0.011934,0.011934,0.0008,0.011134,0.098204
2024-03-01,500ETF,Future (IC88 (CSI 500 Futures)),icw,0.6155,0.8,0.0,0,0.003284,0.0,0.0,0.0,0.098204
2024-03-04,500ETF,Future (IC88 (CSI 500 Futures)),icw,-0.5305,0.8,0.0,0,0.004098,0.0,0.0,0.0,0.098204
2024-03-05,500ETF,Future (IC88 (CSI 500 Futures)),icw,-0.012,0.8,0.0,0,-0.003097,-0.0,0.0,-0.0,0.098204
2024-03-06,500ETF,Future (IC88 (CSI 500 Futures)),icw,-0.2666,0.8,0.0,0,0.005886,0.0,0.0,0.0,0.098204
2024-03-07,500ETF,Future (IC88 (CSI 500 Futures)),icw,0.98,0.8,1.0,1,-0.0149,-0.0149,0.0008,-0.0157,0.082504
2024-03-08,500ETF,Future (IC88 (CSI 500 Futures)),icw,1.1204,0.8,1.0,1,0.008139,0.008139,0.0008,0.007339,0.089843
2024-03-11,500ETF,Future (IC88 (CSI 500 Futures)),icw,0.7137,0.8,0.0,0,0.011688,0.0,0.0,0.0,0.089843
2024-03-12,500ETF,Future (IC88 (CSI 500 Futures)),icw,0.6713,0.8,0.0,0,-0.009251,-0.0,0.0,-0.0,0.089843
2024-03-13,500ETF,Future (IC88 (CSI 500 Futures)),icw,-0.9682,0.8,0.0,0,0.000222,0.0,0.0,0.0,0.089843
2024-03-14,500ETF,Future (IC88 (CSI 500 Futures)),icw,0.9582,0.8,1.0,1,-0.008859,-0.008859,0.0008,-0.009659,0.080184
2024-03-15,500ETF,Future (IC88 (CSI 500 Futures)),icw,-0.0227,0.8,0.0,0,0.013115,0.0,0.0,0.0,0.080184
2024-03-18,500ETF,Future (IC88 (CSI 500 Futures)),icw,0.5365,0.8,0.0,0,0.00601,0.0,0.0,0.0,0.080184
2024-03-19,500ETF,Future (IC88 (CSI 500 Futures)),icw,-0.4761,0.8,0.0,0,-0.006951,-0.0,0.0,-0.0,0.080184
2024-03-20,500ETF,Future (IC88 (CSI 500 Futures)),icw,0.5745,0.8,0.0,0,-0.000693,-0.0,0.0,-0.0,0.080184
2024-03-21,500ETF,Future (IC88 (CSI 500 Futures)),icw,0.1655,0.8,0.0,0,-0.004953,-0.0,0.0,-0.0,0.080184
2024-03-22,500ETF,Future (IC88 (CSI 500 Futures)),icw,-0.9764,0.8,0.0,0,-0.004786,-0.0,0.0,-0.0,0.080184
2024-03-25,500ETF,Future (IC88 (CSI 500 Futures)),icw,-1.0065,0.8,0.0,0,-0.002475,-0.0,0.0,-0.0,0.080184
2024-03-26,500ETF,Future (IC88 (CSI 500 Futures)),icw,0.6366,0.8,0.0,0,-0.00367,-0.0,0.0,-0.0,0.080184
2024-03-27,500ETF,Future (IC88 (CSI 500 Futures)),icw,-1.1894,0.8,0.0,0,-0.007479,-0.0,0.0,-0.0,0.080184
2024-03-28,500ETF,Future (IC88 (CSI 500 Futures)),icw,1.1975,0.8,1.0,1,0.00239,0.00239,0.0008,0.00159,0.081775
2024-03-29,500ETF,Future (IC88 (CSI 500 Futures)),icw,0.8643,0.8,1.0,1,0.005787,0.005787,0.0008,0.004987,0.086762
2024-04-01,500ETF,Future (IC88 (CSI 500 Futures)),icw,1.6282,0.8,1.0,1,0.00479,0.00479,0.0008,0.00399,0.090752
2024-04-02,500ETF,Future (IC88 (CSI 500 Futures)),icw,-0.5882,0.8,0.0,0,-0.003795,-0.0,0.0,-0.0,0.090752
2024-04-03,500ETF,Future (IC88 (CSI 500 Futures)),icw,-0.5835,0.8,0.0,0,0.001455,0.0,0.0,0.0,0.090752
2024-04-08,500ETF,Future (IC88 (CSI 500 Futures)),icw,-0.5877,0.8,0.0,0,-0.007031,-0.0,0.0,-0.0,0.090752
2024-04-09,500ETF,Future (IC88 (CSI 500 Futures)),icw,0.5971,0.8,0.0,0,0.006856,0.0,0.0,0.0,0.090752
2024-04-10,500ETF,Future (IC88 (CSI 500 Futures)),icw,-1.0181,0.8,0.0,0,-0.005177,-0.0,0.0,-0.0,0.090752
2024-04-11,500ETF,Future (IC88 (CSI 500 Futures)),icw,0.5491,0.8,0.0,0,0.006803,0.0,0.0,0.0,0.090752
2024-04-12,500ETF,Future (IC88 (CSI 500 Futures)),icw,0.1858,0.8,0.0,0,-0.002949,-0.0,0.0,-0.0,0.090752
2024-04-15,500ETF,Future (IC88 (CSI 500 Futures)),icw,1.2149,0.8,1.0,1,0.007232,0.007232,0.0008,0.006432,0.097184
2024-04-16,500ETF,Future (IC88 (CSI 500 Futures)),icw,0.138,0.8,0.0,0,-0.014603,-0.0,0.0,-0.0,0.097184
2024-04-17,500ETF,Future (IC88 (CSI 500 Futures)),icw,1.7452,0.8,1.0,1,0.00588,0.00588,0.0008,0.00508,0.102264
2024-04-18,500ETF,Future (IC88 (CSI 500 Futures)),icw,-0.6094,0.8,0.0,0,0.006243,0.0,0.0,0.0,0.102264
2024-04-19,500ETF,Future (IC88 (CSI 500 Futures)),icw,0.9063,0.8,1.0,1,-0.010887,-0.010887,0.0008,-0.011687,0.090577
2024-04-22,500ETF,Future (IC88 (CSI 500 Futures)),icw,-0.3743,0.8,0.0,0,-0.012527,-0.0,0.0,-0.0,0.090577
2024-04-23,500ETF,Future (IC88 (CSI 500 Futures)),icw,-0.1283,0.8,0.0,0,-0.003455,-0.0,0.0,-0.0,0.090577
2024-04-24,500ETF,Future (IC88 (CSI 500 Futures)),icw,-0.6647,0.8,0.0,0,0.009642,0.0,0.0,0.0,0.090577
2024-04-25,500ETF,Future (IC88 (CSI 500 Futures)),icw,-0.5187,0.8,0.0,0,0.002022,0.0,0.0,0.0,0.090577
2024-04-26,500ETF,Future (IC88 (CSI 500 Futures)),icw,1.4027,0.8,1.0,1,0.018297,0.018297,0.0008,0.017497,0.108073
2024-04-29,500ETF,Future (IC88 (CSI 500 Futures)),icw,1.3489,0.8,1.0,1,0.01413,0.01413,0.0008,0.01333,0.121404
2024-04-30,500ETF,Future (IC88 (CSI 500 Futures)),icw,-0.6902,0.8,0.0,0,-0.002124,-0.0,0.0,-0.0,0.121404
2024-05-06,500ETF,Future (IC88 (CSI 500 Futures)),icw,0.7797,0.8,0.0,0,-0.000799,-0.0,0.0,-0.0,0.121404
2024-05-07,500ETF,Future (IC88 (CSI 500 Futures)),icw,-0.0166,0.8,0.0,0,-0.005023,-0.0,0.0,-0.0,0.121404
2024-05-08,500ETF,Future (IC88 (CSI 500 Futures)),icw,-1.1409,0.8,0.0,0,-0.006289,-0.0,0.0,-0.0,0.121404
2024-05-09,500ETF,Future (IC88 (CSI 500 Futures)),icw,1.7567,0.8,1.0,1,0.002431,0.002431,0.0008,0.001631,0.123034
2024-05-10,500ETF,Future (IC88 (CSI 500 Futures)),icw,-1.0932,0.8,0.0,0,0.006677,0.0,0.0,0.0,0.123034
2024-05-13,500ETF,Future (IC88 (CSI 500 Futures)),icw,-1.2005,0.8,0.0,0,0.001103,0.0,0.0,0.0,0.123034
2024-05-14,500ETF,Future (IC88 (CSI 500 Futures)),icw,0.8405,0.8,1.0,1,0.000293,0.000293,0.0008,-0.000507,0.122528
2024-05-15,500ETF,Future (IC88 (CSI 500 Futures)),icw,-0.8693,0.8,0.0,0,-0.004639,-0.0,0.0,-0.0,0.122528
2024-05-16,500ETF,Future (IC88 (CSI 500 Futures)),icw,0.1651,0.8,0.0,0,-0.010337,-0.0,0.0,-0.0,0.122528
2024-05-17,500ETF,Future (IC88 (CSI 500 Futures)),icw,0.3637,0.8,0.0,0,0.001734,0.0,0.0,0.0,0.122528
2024-05-20,500ETF,Future (IC88 (CSI 500 Futures)),icw,0.746,0.8,0.0,0,-0.003062,-0.0,0.0,-0.0,0.122528
2024-05-21,500ETF,Future (IC88 (CSI 500 Futures)),icw,-0.9363,0.8,0.0,0,-0.001434,-0.0,0.0,-0.0,0.122528
2024-05-22,500ETF,Future (IC88 (CSI 500 Futures)),icw,0.0479,0.8,0.0,0,-0.002392,-0.0,0.0,-0.0,0.122528
2024-05-23,500ETF,Future (IC88 (CSI 500 Futures)),icw,-1.433,0.8,-1.0,1,-0.007162,0.007162,0.0008,0.006362,0.12889
2024-05-24,500ETF,Future (IC88 (CSI 500 Futures)),icw,1.2377,0.8,1.0,1,-0.010983,-0.010983,0.0008,-0.011783,0.117107
2024-05-27,500ETF,Future (IC88 (CSI 500 Futures)),icw,-0.3868,0.8,0.0,0,0.00921,0.0,0.0,0.0,0.117107
2024-05-28,500ETF,Future (IC88 (CSI 500 Futures)),icw,-0.9929,0.8,0.0,0,-0.006052,-0.0,0.0,-0.0,0.117107
2024-05-29,500ETF,Future (IC88 (CSI 500 Futures)),icw,1.2998,0.8,1.0,1,-0.005493,-0.005493,0.0008,-0.006293,0.110813
2024-05-30,500ETF,Future (IC88 (CSI 500 Futures)),icw,0.4107,0.8,0.0,0,-0.007015,-0.0,0.0,-0.0,0.110813
2024-05-31,500ETF,Future (IC88 (CSI 500 Futures)),icw,1.063,0.8,1.0,1,-0.008394,-0.008394,0.0008,-0.009194,0.101619
2024-06-03,500ETF,Future (IC88 (CSI 500 Futures)),icw,-0.8204,0.8,0.0,0,-0.013936,-0.0,0.0,-0.0,0.101619
2024-06-04,500ETF,Future (IC88 (CSI 500 Futures)),icw,0.2906,0.8,0.0,0,0.012552,0.0,0.0,0.0,0.101619
2024-06-05,500ETF,Future (IC88 (CSI 500 Futures)),icw,0.1604,0.8,0.0,0,-0.00904,-0.0,0.0,-0.0,0.101619
2024-06-06,500ETF,Future (IC88 (CSI 500 Futures)),icw,0.3249,0.8,0.0,0,-0.013349,-0.0,0.0,-0.0,0.101619
2024-06-07,500ETF,Future (IC88 (CSI 500 Futures)),icw,-0.3721,0.8,0.0,0,-0.004422,-0.0,0.0,-0.0,0.101619
2024-06-11,500ETF,Future (IC88 (CSI 500 Futures)),icw,-0.9869,0.8,0.0,0,0.009429,0.0,0.0,0.0,0.101619
2024-06-12,500ETF,Future (IC88 (CSI 500 Futures)),icw,0.6649,0.8,0.0,0,-0.000651,-0.0,0.0,-0.0,0.101619
2024-06-13,500ETF,Future (IC88 (CSI 500 Futures)),icw,-0.9241,0.8,0.0,0,-0.005752,-0.0,0.0,-0.0,0.101619
2024-06-14,500ETF,Future (IC88 (CSI 500 Futures)),icw,-0.4612,0.8,0.0,0,0.009789,0.0,0.0,0.0,0.101619
2024-06-17,500ETF,Future (IC88 (CSI 500 Futures)),icw,0.5886,0.8,0.0,0,-0.003111,-0.0,0.0,-0.0,0.101619
2024-06-18,500ETF,Future (IC88 (CSI 500 Futures)),icw,0.3249,0.8,0.0,0,-0.001264,-0.0,0.0,-0.0,0.101619
2024-06-19,500ETF,Future (IC88 (CSI 500 Futures)),icw,-1.2257,0.8,0.0,0,-0.005983,-0.0,0.0,-0.0,0.101619
2024-06-20,500ETF,Future (IC88 (CSI 500 Futures)),icw,0.2776,0.8,0.0,0,-0.01153,-0.0,0.0,-0.0,0.101619
2024-06-21,500ETF,Future (IC88 (CSI 500 Futures)),icw,0.1786,0.8,0.0,0,-0.001339,-0.0,0.0,-0.0,0.101619
2024-06-24,500ETF,Future (IC88 (CSI 500 Futures)),icw,-0.9683,0.8,0.0,0,-0.008317,-0.0,0.0,-0.0,0.101619
2024-06-25,500ETF,Future (IC88 (CSI 500 Futures)),icw,0.1861,0.8,0.0,0,-0.010148,-0.0,0.0,-0.0,0.101619
2024-06-26,500ETF,Future (IC88 (CSI 500 Futures)),icw,-0.8817,0.8,0.0,0,0.019591,0.0,0.0,0.0,0.101619
2024-06-27,500ETF,Future (IC88 (CSI 500 Futures)),icw,-1.2234,0.8,0.0,0,-0.00585,-0.0,0.0,-0.0,0.101619
2024-06-28,500ETF,Future (IC88 (CSI 500 Futures)),icw,1.6256,0.8,1.0,1,-0.012861,-0.012861,0.0008,-0.013661,0.087959
2024-07-01,500ETF,Future (IC88 (CSI 500 Futures)),icw,0.7926,0.8,0.0,0,0.007753,0.0,0.0,0.0,0.087959
2024-07-02,500ETF,Future (IC88 (CSI 500 Futures)),icw,-0.7027,0.8,0.0,0,-0.008844,-0.0,0.0,-0.0,0.087959
2024-07-03,500ETF,Future (IC88 (CSI 500 Futures)),icw,-0.633,0.8,0.0,0,-0.004611,-0.0,0.0,-0.0,0.087959
2024-07-04,500ETF,Future (IC88 (CSI 500 Futures)),icw,0.3937,0.8,0.0,0,-0.013128,-0.0,0.0,-0.0,0.087959
2024-07-05,500ETF,Future (IC88 (CSI 500 Futures)),icw,-1.0373,0.8,0.0,0,0.010276,0.0,0.0,0.0,0.087959
2024-07-08,500ETF,Future (IC88 (CSI 500 Futures)),icw,-1.3446,0.8,-1.0,1,-0.00444,0.00444,0.0008,0.00364,0.091599
2024-07-09,500ETF,Future (IC88 (CSI 500 Futures)),icw,0.9868,0.8,1.0,1,0.018007,0.018007,0.0008,0.017207,0.108806
2024-07-10,500ETF,Future (IC88 (CSI 500 Futures)),icw,0.1557,0.8,0.0,0,-0.007172,-0.0,0.0,-0.0,0.108806
2024-07-11,500ETF,Future (IC88 (CSI 500 Futures)),icw,-0.6352,0.8,0.0,0,0.007634,0.0,0.0,0.0,0.108806
2024-07-12,500ETF,Future (IC88 (CSI 500 Futures)),icw,-0.4158,0.8,0.0,0,-8.1e-05,-0.0,0.0,-0.0,0.108806
2024-07-15,500ETF,Future (IC88 (CSI 500 Futures)),icw,-1.0566,0.8,0.0,0,-0.00456,-0.0,0.0,-0.0,0.108806
2024-07-16,500ETF,Future (IC88 (CSI 500 Futures)),icw,0.062,0.8,0.0,0,0.002587,0.0,0.0,0.0,0.108806
2024-07-17,500ETF,Future (IC88 (CSI 500 Futures)),icw,-0.8597,0.8,0.0,0,0.001485,0.0,0.0,0.0,0.108806
2024-07-18,500ETF,Future (IC88 (CSI 500 Futures)),icw,-1.1163,0.8,0.0,0,0.012645,0.0,0.0,0.0,0.108806
2024-07-19,500ETF,Future (IC88 (CSI 500 Futures)),icw,-0.6902,0.8,0.0,0,0.005469,0.0,0.0,0.0,0.108806
2024-07-22,500ETF,Future (IC88 (CSI 500 Futures)),icw,-0.4671,0.8,0.0,0,-0.002974,-0.0,0.0,-0.0,0.108806
2024-07-23,500ETF,Future (IC88 (CSI 500 Futures)),icw,-1.4313,0.8,-1.0,1,-0.016163,0.016163,0.0008,0.015363,0.124169
2024-07-24,500ETF,Future (IC88 (CSI 500 Futures)),icw,0.4061,0.8,0.0,0,-0.008445,-0.0,0.0,-0.0,0.124169
2024-07-25,500ETF,Future (IC88 (CSI 500 Futures)),icw,0.2117,0.8,0.0,0,-0.000605,-0.0,0.0,-0.0,0.124169
2024-07-26,500ETF,Future (IC88 (CSI 500 Futures)),icw,1.7489,0.8,1.0,1,-0.002551,-0.002551,0.0008,-0.003351,0.120818
2024-07-29,500ETF,Future (IC88 (CSI 500 Futures)),icw,-1.056,0.8,0.0,0,-0.002175,-0.0,0.0,-0.0,0.120818
2024-07-30,500ETF,Future (IC88 (CSI 500 Futures)),icw,-1.3746,0.8,-1.0,1,0.010926,-0.010926,0.0008,-0.011726,0.109092
2024-07-31,500ETF,Future (IC88 (CSI 500 Futures)),icw,0.9675,0.8,1.0,1,0.022929,0.022929,0.0008,0.022129,0.131221
2024-08-01,500ETF,Future (IC88 (CSI 500 Futures)),icw,0.9377,0.8,1.0,1,-0.008297,-0.008297,0.0008,-0.009097,0.122124
2024-08-02,500ETF,Future (IC88 (CSI 500 Futures)),icw,1.0666,0.8,1.0,1,-0.017374,-0.017374,0.0008,-0.018174,0.10395
2024-08-05,500ETF,Future (IC88 (CSI 500 Futures)),icw,1.68,0.8,1.0,1,-0.019152,-0.019152,0.0008,-0.019952,0.083998
2024-08-06,500ETF,Future (IC88 (CSI 500 Futures)),icw,0.2977,0.8,0.0,0,-0.00225,-0.0,0.0,-0.0,0.083998
2024-08-07,500ETF,Future (IC88 (CSI 500 Futures)),icw,-0.2614,0.8,0.0,0,-8.5e-05,-0.0,0.0,-0.0,0.083998
2024-08-08,500ETF,Future (IC88 (CSI 500 Futures)),icw,-0.5659,0.8,0.0,0,0.01189,0.0,0.0,0.0,0.083998
2024-08-09,500ETF,Future (IC88 (CSI 500 Futures)),icw,0.9531,0.8,1.0,1,-0.011311,-0.011311,0.0008,-0.012111,0.071888
2024-08-12,500ETF,Future (IC88 (CSI 500 Futures)),icw,-0.322,0.8,0.0,0,-0.002346,-0.0,0.0,-0.0,0.071888
2024-08-13,500ETF,Future (IC88 (CSI 500 Futures)),icw,-0.6065,0.8,0.0,0,-0.002267,-0.0,0.0,-0.0,0.071888
2024-08-14,500ETF,Future (IC88 (CSI 500 Futures)),icw,-1.3504,0.8,-1.0,1,-0.000172,0.000172,0.0008,-0.000628,0.07126
2024-08-15,500ETF,Future (IC88 (CSI 500 Futures)),icw,0.0987,0.8,0.0,0,0.003394,0.0,0.0,0.0,0.07126
2024-08-16,500ETF,Future (IC88 (CSI 500 Futures)),icw,-0.817,0.8,0.0,0,-0.007765,-0.0,0.0,-0.0,0.07126
2024-08-19,500ETF,Future (IC88 (CSI 500 Futures)),icw,1.6748,0.8,1.0,1,-0.010704,-0.010704,0.0008,-0.011504,0.059756
2024-08-20,500ETF,Future (IC88 (CSI 500 Futures)),icw,-1.1313,0.8,0.0,0,-0.010546,-0.0,0.0,-0.0,0.059756
2024-08-21,500ETF,Future (IC88 (CSI 500 Futures)),icw,0.2366,0.8,0.0,0,0.002104,0.0,0.0,0.0,0.059756
2024-08-22,500ETF,Future (IC88 (CSI 500 Futures)),icw,-0.8291,0.8,0.0,0,-0.009019,-0.0,0.0,-0.0,0.059756
2024-08-23,500ETF,Future (IC88 (CSI 500 Futures)),icw,0.5775,0.8,0.0,0,0.003101,0.0,0.0,0.0,0.059756
2024-08-26,500ETF,Future (IC88 (CSI 500 Futures)),icw,-0.3026,0.8,0.0,0,-0.001987,-0.0,0.0,-0.0,0.059756
2024-08-27,500ETF,Future (IC88 (CSI 500 Futures)),icw,-1.088,0.8,0.0,0,-0.002543,-0.0,0.0,-0.0,0.059756
2024-08-28,500ETF,Future (IC88 (CSI 500 Futures)),icw,0.3899,0.8,0.0,0,0.00263,0.0,0.0,0.0,0.059756
2024-08-29,500ETF,Future (IC88 (CSI 500 Futures)),icw,0.524,0.8,0.0,0,0.015675,0.0,0.0,0.0,0.059756
2024-08-30,500ETF,Future (IC88 (CSI 500 Futures)),icw,1.1816,0.8,1.0,1,0.004222,0.004222,0.0008,0.003422,0.063177
2024-09-02,500ETF,Future (IC88 (CSI 500 Futures)),icw,-0.8294,0.8,0.0,0,-0.011154,-0.0,0.0,-0.0,0.063177
2024-09-03,500ETF,Future (IC88 (CSI 500 Futures)),icw,1.5599,0.8,1.0,1,0.001835,0.001835,0.0008,0.001035,0.064213
2024-09-04,500ETF,Future (IC88 (CSI 500 Futures)),icw,-0.308,0.8,0.0,0,0.001751,0.0,0.0,0.0,0.064213
2024-09-05,500ETF,Future (IC88 (CSI 500 Futures)),icw,1.1496,0.8,1.0,1,0.00061,0.00061,0.0008,-0.00019,0.064023
2024-09-06,500ETF,Future (IC88 (CSI 500 Futures)),icw,-0.6439,0.8,0.0,0,-0.012661,-0.0,0.0,-0.0,0.064023
2024-09-09,500ETF,Future (IC88 (CSI 500 Futures)),icw,-0.0908,0.8,0.0,0,-0.005337,-0.0,0.0,-0.0,0.064023
2024-09-10,500ETF,Future (IC88 (CSI 500 Futures)),icw,-0.9998,0.8,0.0,0,0.007812,0.0,0.0,0.0,0.064023
2024-09-11,500ETF,Future (IC88 (CSI 500 Futures)),icw,-0.0865,0.8,0.0,0,0.003516,0.0,0.0,0.0,0.064023
2024-09-12,500ETF,Future (IC88 (CSI 500 Futures)),icw,1.4614,0.8,1.0,1,-0.007168,-0.007168,0.0008,-0.007968,0.056054
2024-09-13,500ETF,Future (IC88 (CSI 500 Futures)),icw,0.116,0.8,0.0,0,-0.012369,-0.0,0.0,-0.0,0.056054
2024-09-18,500ETF,Future (IC88 (CSI 500 Futures)),icw,-0.3602,0.8,0.0,0,0.006882,0.0,0.0,0.0,0.056054
2024-09-19,500ETF,Future (IC88 (CSI 500 Futures)),icw,-0.6422,0.8,0.0,0,0.014236,0.0,0.0,0.0,0.056054
2024-09-20,500ETF,Future (IC88 (CSI 500 Futures)),icw,-0.956,0.8,0.0,0,0.000179,0.0,0.0,0.0,0.056054
2024-09-23,500ETF,Future (IC88 (CSI 500 Futures)),icw,1.3162,0.8,1.0,1,-0.009157,-0.009157,0.0008,-0.009957,0.046098
2024-09-24,500ETF,Future (IC88 (CSI 500 Futures)),icw,1.3356,0.8,1.0,1,0.035183,0.035183,0.0008,0.034383,0.080481
2024-09-25,500ETF,Future (IC88 (CSI 500 Futures)),icw,1.7112,0.8,1.0,1,-0.016267,-0.016267,0.0008,-0.017067,0.063414
2024-09-26,500ETF,Future (IC88 (CSI 500 Futures)),icw,1.3554,0.8,1.0,1,0.031497,0.031497,0.0008,0.030697,0.094111
2024-09-27,500ETF,Future (IC88 (CSI 500 Futures)),icw,1.6639,0.8,1.0,1,0.052039,0.052039,0.0008,0.051239,0.145351
2024-09-30,500ETF,Future (IC88 (CSI 500 Futures)),icw,1.6895,0.8,1.0,1,0.06383,0.06383,0.0008,0.06303,0.20838
2024-10-08,500ETF,Future (IC88 (CSI 500 Futures)),icw,-0.9119,0.8,0.0,0,-0.041449,-0.0,0.0,-0.0,0.20838
2024-10-09,500ETF,Future (IC88 (CSI 500 Futures)),icw,-1.1596,0.8,0.0,0,-0.026964,-0.0,0.0,-0.0,0.20838
2024-10-10,500ETF,Future (IC88 (CSI 500 Futures)),icw,0.2667,0.8,0.0,0,0.004708,0.0,0.0,0.0,0.20838
2024-10-11,500ETF,Future (IC88 (CSI 500 Futures)),icw,-1.3435,0.8,-1.0,1,-0.027409,0.027409,0.0008,0.026609,0.234989
2024-10-14,500ETF,Future (IC88 (CSI 500 Futures)),icw,-0.2628,0.8,0.0,0,0.022139,0.0,0.0,0.0,0.234989
2024-10-15,500ETF,Future (IC88 (CSI 500 Futures)),icw,-0.4906,0.8,0.0,0,-0.016767,-0.0,0.0,-0.0,0.234989
2024-10-16,500ETF,Future (IC88 (CSI 500 Futures)),icw,1.1855,0.8,1.0,1,-0.011748,-0.011748,0.0008,-0.012548,0.222441
2024-10-17,500ETF,Future (IC88 (CSI 500 Futures)),icw,0.2327,0.8,0.0,0,-0.018731,-0.0,0.0,-0.0,0.222441
2024-10-18,500ETF,Future (IC88 (CSI 500 Futures)),icw,0.777,0.8,0.0,0,0.066631,0.0,0.0,0.0,0.222441
2024-10-21,500ETF,Future (IC88 (CSI 500 Futures)),icw,0.8274,0.8,1.0,1,0.011885,0.011885,0.0008,0.011085,0.233525
2024-10-22,500ETF,Future (IC88 (CSI 500 Futures)),icw,-0.0026,0.8,0.0,0,0.007769,0.0,0.0,0.0,0.233525
2024-10-23,500ETF,Future (IC88 (CSI 500 Futures)),icw,0.5827,0.8,0.0,0,0.000554,0.0,0.0,0.0,0.233525
2024-10-24,500ETF,Future (IC88 (CSI 500 Futures)),icw,-0.6512,0.8,0.0,0,0.002174,0.0,0.0,0.0,0.233525
2024-10-25,500ETF,Future (IC88 (CSI 500 Futures)),icw,0.7914,0.8,0.0,0,0.011034,0.0,0.0,0.0,0.233525
2024-10-28,500ETF,Future (IC88 (CSI 500 Futures)),icw,-0.128,0.8,0.0,0,0.007682,0.0,0.0,0.0,0.233525
2024-10-29,500ETF,Future (IC88 (CSI 500 Futures)),icw,-0.0296,0.8,0.0,0,-0.006437,-0.0,0.0,-0.0,0.233525
2024-10-30,500ETF,Future (IC88 (CSI 500 Futures)),icw,1.487,0.8,1.0,1,-0.006608,-0.006608,0.0008,-0.007408,0.226117
2024-10-31,500ETF,Future (IC88 (CSI 500 Futures)),icw,-0.4411,0.8,0.0,0,0.012186,0.0,0.0,0.0,0.226117
2024-11-01,500ETF,Future (IC88 (CSI 500 Futures)),icw,0.6107,0.8,0.0,0,-0.004479,-0.0,0.0,-0.0,0.226117
2024-11-04,500ETF,Future (IC88 (CSI 500 Futures)),icw,1.3546,0.8,1.0,1,0.00358,0.00358,0.0008,0.00278,0.228897
2024-11-05,500ETF,Future (IC88 (CSI 500 Futures)),icw,0.8397,0.8,1.0,1,0.021481,0.021481,0.0008,0.020681,0.249578
2024-11-06,500ETF,Future (IC88 (CSI 500 Futures)),icw,0.9523,0.8,1.0,1,-0.004638,-0.004638,0.0008,-0.005438,0.24414
2024-11-07,500ETF,Future (IC88 (CSI 500 Futures)),icw,0.6473,0.8,0.0,0,0.015586,0.0,0.0,0.0,0.24414
2024-11-08,500ETF,Future (IC88 (CSI 500 Futures)),icw,0.5118,0.8,0.0,0,-0.014018,-0.0,0.0,-0.0,0.24414
2024-11-11,500ETF,Future (IC88 (CSI 500 Futures)),icw,1.3016,0.8,1.0,1,0.004938,0.004938,0.0008,0.004138,0.248278
2024-11-12,500ETF,Future (IC88 (CSI 500 Futures)),icw,0.4064,0.8,0.0,0,-0.024169,-0.0,0.0,-0.0,0.248278
2024-11-13,500ETF,Future (IC88 (CSI 500 Futures)),icw,0.5742,0.8,0.0,0,0.002719,0.0,0.0,0.0,0.248278
2024-11-14,500ETF,Future (IC88 (CSI 500 Futures)),icw,-0.9583,0.8,0.0,0,-0.016825,-0.0,0.0,-0.0,0.248278
2024-11-15,500ETF,Future (IC88 (CSI 500 Futures)),icw,0.3131,0.8,0.0,0,-0.011243,-0.0,0.0,-0.0,0.248278
2024-11-18,500ETF,Future (IC88 (CSI 500 Futures)),icw,-0.8315,0.8,0.0,0,-0.010518,-0.0,0.0,-0.0,0.248278
2024-11-19,500ETF,Future (IC88 (CSI 500 Futures)),icw,1.4266,0.8,1.0,1,0.005139,0.005139,0.0008,0.004339,0.252617
2024-11-20,500ETF,Future (IC88 (CSI 500 Futures)),icw,0.662,0.8,0.0,0,0.008544,0.0,0.0,0.0,0.252617
2024-11-21,500ETF,Future (IC88 (CSI 500 Futures)),icw,-0.0059,0.8,0.0,0,-0.000337,-0.0,0.0,-0.0,0.252617
2024-11-22,500ETF,Future (IC88 (CSI 500 Futures)),icw,-0.4131,0.8,0.0,0,-0.024522,-0.0,0.0,-0.0,0.252617
2024-11-25,500ETF,Future (IC88 (CSI 500 Futures)),icw,-0.1864,0.8,0.0,0,-0.001832,-0.0,0.0,-0.0,0.252617
2024-11-26,500ETF,Future (IC88 (CSI 500 Futures)),icw,0.9591,0.8,1.0,1,-0.007098,-0.007098,0.0008,-0.007898,0.244718
2024-11-27,500ETF,Future (IC88 (CSI 500 Futures)),icw,-0.9792,0.8,0.0,0,0.031204,0.0,0.0,0.0,0.244718
2024-11-28,500ETF,Future (IC88 (CSI 500 Futures)),icw,0.4328,0.8,0.0,0,-0.004178,-0.0,0.0,-0.0,0.244718
2024-11-29,500ETF,Future (IC88 (CSI 500 Futures)),icw,0.9008,0.8,1.0,1,0.020534,0.020534,0.0008,0.019734,0.264453
2024-12-02,500ETF,Future (IC88 (CSI 500 Futures)),icw,1.5327,0.8,1.0,1,0.000881,0.000881,0.0008,8.1e-05,0.264534
2024-12-03,500ETF,Future (IC88 (CSI 500 Futures)),icw,-1.0557,0.8,0.0,0,0.006044,0.0,0.0,0.0,0.264534
2024-12-04,500ETF,Future (IC88 (CSI 500 Futures)),icw,-0.9125,0.8,0.0,0,-0.006631,-0.0,0.0,-0.0,0.264534
2024-12-05,500ETF,Future (IC88 (CSI 500 Futures)),icw,0.374,0.8,0.0,0,0.005911,0.0,0.0,0.0,0.264534
2024-12-06,500ETF,Future (IC88 (CSI 500 Futures)),icw,-0.2381,0.8,0.0,0,0.021652,0.0,0.0,0.0,0.264534
2024-12-09,500ETF,Future (IC88 (CSI 500 Futures)),icw,0.2403,0.8,0.0,0,-0.002361,-0.0,0.0,-0.0,0.264534
2024-12-10,500ETF,Future (IC88 (CSI 500 Futures)),icw,-1.2526,0.8,0.0,0,-0.012347,-0.0,0.0,-0.0,0.264534
2024-12-11,500ETF,Future (IC88 (CSI 500 Futures)),icw,1.0131,0.8,1.0,1,0.004146,0.004146,0.0008,0.003346,0.26788
2024-12-12,500ETF,Future (IC88 (CSI 500 Futures)),icw,-0.4865,0.8,0.0,0,0.010383,0.0,0.0,0.0,0.26788
2024-12-13,500ETF,Future (IC88 (CSI 500 Futures)),icw,-1.2776,0.8,0.0,0,0.000901,0.0,0.0,0.0,0.26788
2024-12-16,500ETF,Future (IC88 (CSI 500 Futures)),icw,-0.7536,0.8,0.0,0,-0.008142,-0.0,0.0,-0.0,0.26788
2024-12-17,500ETF,Future (IC88 (CSI 500 Futures)),icw,-0.4622,0.8,0.0,0,-0.010212,-0.0,0.0,-0.0,0.26788
2024-12-18,500ETF,Future (IC88 (CSI 500 Futures)),icw,0.222,0.8,0.0,0,0.00017,0.0,0.0,0.0,0.26788
2024-12-19,500ETF,Future (IC88 (CSI 500 Futures)),icw,-0.0009,0.8,0.0,0,0.008907,0.0,0.0,0.0,0.26788
2024-12-20,500ETF,Future (IC88 (CSI 500 Futures)),icw,0.8642,0.8,1.0,1,-0.000542,-0.000542,0.0008,-0.001342,0.266538
2024-12-23,500ETF,Future (IC88 (CSI 500 Futures)),icw,-0.0498,0.8,0.0,0,-0.01241,-0.0,0.0,-0.0,0.266538
2024-12-24,500ETF,Future (IC88 (CSI 500 Futures)),icw,1.262,0.8,1.0,1,0.000614,0.000614,0.0008,-0.000186,0.266352
2024-12-25,500ETF,Future (IC88 (CSI 500 Futures)),icw,-1.2907,0.8,0.0,0,-0.005433,-0.0,0.0,-0.0,0.266352
2024-12-26,500ETF,Future (IC88 (CSI 500 Futures)),icw,1.2265,0.8,1.0,1,0.002691,0.002691,0.0008,0.001891,0.268243
2024-12-27,500ETF,Future (IC88 (CSI 500 Futures)),icw,0.9961,0.8,1.0,1,-0.004406,-0.004406,0.0008,-0.005206,0.263037
2024-12-30,500ETF,Future (IC88 (CSI 500 Futures)),icw,0.5074,0.8,0.0,0,-0.00159,-0.0,0.0,-0.0,0.263037
2024-12-31,500ETF,Future (IC88 (CSI 500 Futures)),icw,-1.2246,0.8,0.0,0,-0.017334,-0.0,0.0,-0.0,0.263037
2025-01-02,500ETF,Future (IC88 (CSI 500 Futures)),icw,-1.2313,0.8,0.0,0,-0.031268,-0.0,0.0,-0.0,0.263037
2025-01-03,500ETF,Future (IC88 (CSI 500 Futures)),icw,-0.7815,0.8,0.0,0,-0.017592,-0.0,0.0,-0.0,0.263037
2025-01-06,500ETF,Future (IC88 (CSI 500 Futures)),icw,0.4619,0.8,0.0,0,-0.006957,-0.0,0.0,-0.0,0.263037
2025-01-07,500ETF,Future (IC88 (CSI 500 Futures)),icw,0.8846,0.8,1.0,1,0.004547,0.004547,0.0008,0.003747,0.266784
2025-01-08,500ETF,Future (IC88 (CSI 500 Futures)),icw,-1.0561,0.8,0.0,0,0.002983,0.0,0.0,0.0,0.266784
2025-01-09,500ETF,Future (IC88 (CSI 500 Futures)),icw,0.9991,0.8,1.0,1,0.001026,0.001026,0.0008,0.000226,0.26701
2025-01-10,500ETF,Future (IC88 (CSI 500 Futures)),icw,0.8821,0.8,1.0,1,-0.010037,-0.010037,0.0008,-0.010837,0.256173
2025-01-13,500ETF,Future (IC88 (CSI 500 Futures)),icw,0.9632,0.8,1.0,1,-0.001414,-0.001414,0.0008,-0.002214,0.253959
2025-01-14,500ETF,Future (IC88 (CSI 500 Futures)),icw,0.7446,0.8,0.0,0,0.016984,0.0,0.0,0.0,0.253959
2025-01-15,500ETF,Future (IC88 (CSI 500 Futures)),icw,-0.8537,0.8,0.0,0,-0.001629,-0.0,0.0,-0.0,0.253959
2025-01-16,500ETF,Future (IC88 (CSI 500 Futures)),icw,1.7321,0.8,1.0,1,-0.010368,-0.010368,0.0008,-0.011168,0.242791
2025-01-17,500ETF,Future (IC88 (CSI 500 Futures)),icw,0.2178,0.8,0.0,0,0.012979,0.0,0.0,0.0,0.242791
2025-01-20,500ETF,Future (IC88 (CSI 500 Futures)),icw,0.6299,0.8,0.0,0,-0.008049,-0.0,0.0,-0.0,0.242791
2025-01-21,500ETF,Future (IC88 (CSI 500 Futures)),icw,-1.1634,0.8,0.0,0,0.007873,0.0,0.0,0.0,0.242791
2025-01-22,500ETF,Future (IC88 (CSI 500 Futures)),icw,-0.8011,0.8,0.0,0,0.004636,0.0,0.0,0.0,0.242791
2025-01-23,500ETF,Future (IC88 (CSI 500 Futures)),icw,0.2629,0.8,0.0,0,-0.016535,-0.0,0.0,-0.0,0.242791
2025-01-24,500ETF,Future (IC88 (CSI 500 Futures)),icw,1.0225,0.8,1.0,1,0.00682,0.00682,0.0008,0.00602,0.248811
2025-01-27,500ETF,Future (IC88 (CSI 500 Futures)),icw,-0.1336,0.8,0.0,0,-0.006344,-0.0,0.0,-0.0,0.248811
2025-02-05,500ETF,Future (IC88 (CSI 500 Futures)),icw,-1.2477,0.8,0.0,0,3.6e-05,0.0,0.0,0.0,0.248811
2025-02-06,500ETF,Future (IC88 (CSI 500 Futures)),icw,0.8452,0.8,1.0,1,0.018806,0.018806,0.0008,0.018006,0.266817
2025-02-07,500ETF,Future (IC88 (CSI 500 Futures)),icw,0.5961,0.8,0.0,0,0.000173,0.0,0.0,0.0,0.266817
2025-02-10,500ETF,Future (IC88 (CSI 500 Futures)),icw,0.4619,0.8,0.0,0,0.001884,0.0,0.0,0.0,0.266817
2025-02-11,500ETF,Future (IC88 (CSI 500 Futures)),icw,-1.3135,0.8,-1.0,1,0.004616,-0.004616,0.0008,-0.005416,0.261401
2025-02-12,500ETF,Future (IC88 (CSI 500 Futures)),icw,0.8241,0.8,1.0,1,0.002152,0.002152,0.0008,0.001352,0.262753
2025-02-13,500ETF,Future (IC88 (CSI 500 Futures)),icw,-0.3612,0.8,0.0,0,-0.003198,-0.0,0.0,-0.0,0.262753
2025-02-14,500ETF,Future (IC88 (CSI 500 Futures)),icw,0.7867,0.8,0.0,0,0.004681,0.0,0.0,0.0,0.262753
2025-02-17,500ETF,Future (IC88 (CSI 500 Futures)),icw,-0.8845,0.8,0.0,0,-0.00105,-0.0,0.0,-0.0,0.262753
2025-02-18,500ETF,Future (IC88 (CSI 500 Futures)),icw,-0.5263,0.8,0.0,0,-0.018379,-0.0,0.0,-0.0,0.262753
2025-02-19,500ETF,Future (IC88 (CSI 500 Futures)),icw,0.3638,0.8,0.0,0,0.011025,0.0,0.0,0.0,0.262753
2025-02-20,500ETF,Future (IC88 (CSI 500 Futures)),icw,0.1518,0.8,0.0,0,0.005533,0.0,0.0,0.0,0.262753
2025-02-21,500ETF,Future (IC88 (CSI 500 Futures)),icw,0.3854,0.8,0.0,0,0.0212,0.0,0.0,0.0,0.262753
2025-02-24,500ETF,Future (IC88 (CSI 500 Futures)),icw,-0.7176,0.8,0.0,0,-0.002366,-0.0,0.0,-0.0,0.262753
2025-02-25,500ETF,Future (IC88 (CSI 500 Futures)),icw,-0.5017,0.8,0.0,0,0.001245,0.0,0.0,0.0,0.262753
2025-02-26,500ETF,Future (IC88 (CSI 500 Futures)),icw,0.6798,0.8,0.0,0,0.005016,0.0,0.0,0.0,0.262753
2025-02-27,500ETF,Future (IC88 (CSI 500 Futures)),icw,-0.0885,0.8,0.0,0,-0.002313,-0.0,0.0,-0.0,0.262753
2025-02-28,500ETF,Future (IC88 (CSI 500 Futures)),icw,-1.0314,0.8,0.0,0,-0.01479,-0.0,0.0,-0.0,0.262753
2025-03-03,500ETF,Future (IC88 (CSI 500 Futures)),icw,0.2332,0.8,0.0,0,-0.007845,-0.0,0.0,-0.0,0.262753
2025-03-04,500ETF,Future (IC88 (CSI 500 Futures)),icw,0.5408,0.8,0.0,0,0.006423,0.0,0.0,0.0,0.262753
2025-03-05,500ETF,Future (IC88 (CSI 500 Futures)),icw,-0.1275,0.8,0.0,0,0.007242,0.0,0.0,0.0,0.262753
2025-03-06,500ETF,Future (IC88 (CSI 500 Futures)),icw,0.8613,0.8,1.0,1,0.006879,0.006879,0.0008,0.006079,0.268831
2025-03-07,500ETF,Future (IC88 (CSI 500 Futures)),icw,-0.3607,0.8,0.0,0,-0.002677,-0.0,0.0,-0.0,0.268831
2025-03-10,500ETF,Future (IC88 (CSI 500 Futures)),icw,-0.4191,0.8,0.0,0,0.002045,0.0,0.0,0.0,0.268831
2025-03-11,500ETF,Future (IC88 (CSI 500 Futures)),icw,0.4956,0.8,0.0,0,0.004805,0.0,0.0,0.0,0.268831
2025-03-12,500ETF,Future (IC88 (CSI 500 Futures)),icw,-0.406,0.8,0.0,0,-0.000464,-0.0,0.0,-0.0,0.268831
2025-03-13,500ETF,Future (IC88 (CSI 500 Futures)),icw,-0.6759,0.8,0.0,0,0.003221,0.0,0.0,0.0,0.268831
2025-03-14,500ETF,Future (IC88 (CSI 500 Futures)),icw,0.8568,0.8,1.0,1,0.011333,0.011333,0.0008,0.010533,0.279365
2025-03-17,500ETF,Future (IC88 (CSI 500 Futures)),icw,-0.4566,0.8,0.0,0,0.001675,0.0,0.0,0.0,0.279365
2025-03-18,500ETF,Future (IC88 (CSI 500 Futures)),icw,0.3407,0.8,0.0,0,-0.005151,-0.0,0.0,-0.0,0.279365
2025-03-19,500ETF,Future (IC88 (CSI 500 Futures)),icw,-0.7676,0.8,0.0,0,0.001977,0.0,0.0,0.0,0.279365
2025-03-20,500ETF,Future (IC88 (CSI 500 Futures)),icw,-0.8943,0.8,0.0,0,0.001386,0.0,0.0,0.0,0.279365
2025-03-21,500ETF,Future (IC88 (CSI 500 Futures)),icw,0.1396,0.8,0.0,0,-0.01317,-0.0,0.0,-0.0,0.279365
2025-03-24,500ETF,Future (IC88 (CSI 500 Futures)),icw,-0.0291,0.8,0.0,0,-0.003491,-0.0,0.0,-0.0,0.279365
2025-03-25,500ETF,Future (IC88 (CSI 500 Futures)),icw,0.4074,0.8,0.0,0,-0.005218,-0.0,0.0,-0.0,0.279365
2025-03-26,500ETF,Future (IC88 (CSI 500 Futures)),icw,0.9836,0.8,1.0,1,-0.005137,-0.005137,0.0008,-0.005937,0.273427
2025-03-27,500ETF,Future (IC88 (CSI 500 Futures)),icw,-0.7868,0.8,0.0,0,0.00474,0.0,0.0,0.0,0.273427
2025-03-28,500ETF,Future (IC88 (CSI 500 Futures)),icw,0.0692,0.8,0.0,0,-0.003326,-0.0,0.0,-0.0,0.273427
2025-03-31,500ETF,Future (IC88 (CSI 500 Futures)),icw,-0.34,0.8,0.0,0,-0.008496,-0.0,0.0,-0.0,0.273427
2025-04-01,500ETF,Future (IC88 (CSI 500 Futures)),icw,0.898,0.8,1.0,1,-0.000991,-0.000991,0.0008,-0.001791,0.271637
2025-04-02,500ETF,Future (IC88 (CSI 500 Futures)),icw,0.7384,0.8,0.0,0,-0.004357,-0.0,0.0,-0.0,0.271637
2025-04-03,500ETF,Future (IC88 (CSI 500 Futures)),icw,0.6224,0.8,0.0,0,-0.004905,-0.0,0.0,-0.0,0.271637
2025-04-07,500ETF,Future (IC88 (CSI 500 Futures)),icw,-1.2145,0.8,0.0,0,-0.029395,-0.0,0.0,-0.0,0.271637
2025-04-08,500ETF,Future (IC88 (CSI 500 Futures)),icw,1.5093,0.8,1.0,1,-0.017651,-0.017651,0.0008,-0.018451,0.253186
2025-04-09,500ETF,Future (IC88 (CSI 500 Futures)),icw,-1.1956,0.8,0.0,0,0.032864,0.0,0.0,0.0,0.253186
2025-04-10,500ETF,Future (IC88 (CSI 500 Futures)),icw,0.6624,0.8,0.0,0,-0.011909,-0.0,0.0,-0.0,0.253186
2025-04-11,500ETF,Future (IC88 (CSI 500 Futures)),icw,0.9104,0.8,1.0,1,0.00673,0.00673,0.0008,0.00593,0.259116
2025-04-14,500ETF,Future (IC88 (CSI 500 Futures)),icw,0.3012,0.8,0.0,0,-0.001571,-0.0,0.0,-0.0,0.259116
2025-04-15,500ETF,Future (IC88 (CSI 500 Futures)),icw,-1.3379,0.8,-1.0,1,0.002914,-0.002914,0.0008,-0.003714,0.255402
2025-04-16,500ETF,Future (IC88 (CSI 500 Futures)),icw,-0.8632,0.8,0.0,0,-0.0069,-0.0,0.0,-0.0,0.255402
2025-04-17,500ETF,Future (IC88 (CSI 500 Futures)),icw,1.3941,0.8,1.0,1,-0.004695,-0.004695,0.0008,-0.005495,0.249907
2025-04-18,500ETF,Future (IC88 (CSI 500 Futures)),icw,-0.361,0.8,0.0,0,0.009378,0.0,0.0,0.0,0.249907
2025-04-21,500ETF,Future (IC88 (CSI 500 Futures)),icw,1.2202,0.8,1.0,1,0.009122,0.009122,0.0008,0.008322,0.258229
2025-04-22,500ETF,Future (IC88 (CSI 500 Futures)),icw,-0.6085,0.8,0.0,0,0.000825,0.0,0.0,0.0,0.258229
2025-04-23,500ETF,Future (IC88 (CSI 500 Futures)),icw,0.4271,0.8,0.0,0,-0.001289,-0.0,0.0,-0.0,0.258229
2025-04-24,500ETF,Future (IC88 (CSI 500 Futures)),icw,-0.2903,0.8,0.0,0,-0.004267,-0.0,0.0,-0.0,0.258229
2025-04-25,500ETF,Future (IC88 (CSI 500 Futures)),icw,0.0839,0.8,0.0,0,0.00301,0.0,0.0,0.0,0.258229
2025-04-28,500ETF,Future (IC88 (CSI 500 Futures)),icw,-0.9311,0.8,0.0,0,0.003389,0.0,0.0,0.0,0.258229
2025-04-29,500ETF,Future (IC88 (CSI 500 Futures)),icw,-0.056,0.8,0.0,0,0.001149,0.0,0.0,0.0,0.258229
2025-04-30,500ETF,Future (IC88 (CSI 500 Futures)),icw,1.0812,0.8,1.0,1,0.001179,0.001179,0.0008,0.000379,0.258608
2025-05-06,500ETF,Future (IC88 (CSI 500 Futures)),icw,0.7474,0.8,0.0,0,0.006071,0.0,0.0,0.0,0.258608
2025-05-07,500ETF,Future (IC88 (CSI 500 Futures)),icw,-0.6846,0.8,0.0,0,-0.008414,-0.0,0.0,-0.0,0.258608
2025-05-08,500ETF,Future (IC88 (CSI 500 Futures)),icw,0.7918,0.8,0.0,0,0.000106,0.0,0.0,0.0,0.258608
2025-05-09,500ETF,Future (IC88 (CSI 500 Futures)),icw,-1.0115,0.8,0.0,0,-0.005622,-0.0,0.0,-0.0,0.258608
2025-05-12,500ETF,Future (IC88 (CSI 500 Futures)),icw,-0.0005,0.8,0.0,0,0.002472,0.0,0.0,0.0,0.258608
2025-05-13,500ETF,Future (IC88 (CSI 500 Futures)),icw,-1.0371,0.8,0.0,0,-0.004865,-0.0,0.0,-0.0,0.258608
2025-05-14,500ETF,Future (IC88 (CSI 500 Futures)),icw,-0.5645,0.8,0.0,0,0.004229,0.0,0.0,0.0,0.258608
2025-05-15,500ETF,Future (IC88 (CSI 500 Futures)),icw,-1.3115,0.8,-1.0,1,-0.002135,0.002135,0.0008,0.001335,0.259943
2025-05-16,500ETF,Future (IC88 (CSI 500 Futures)),icw,0.6553,0.8,0.0,0,-0.004268,-0.0,0.0,-0.0,0.259943
2025-05-19,500ETF,Future (IC88 (CSI 500 Futures)),icw,-1.055,0.8,0.0,0,0.009909,0.0,0.0,0.0,0.259943
2025-05-20,500ETF,Future (IC88 (CSI 500 Futures)),icw,-0.6968,0.8,0.0,0,0.007995,0.0,0.0,0.0,0.259943
2025-05-21,500ETF,Future (IC88 (CSI 500 Futures)),icw,0.1098,0.8,0.0,0,0.003152,0.0,0.0,0.0,0.259943
2025-05-22,500ETF,Future (IC88 (CSI 500 Futures)),icw,-0.2865,0.8,0.0,0,-0.005395,-0.0,0.0,-0.0,0.259943
2025-05-23,500ETF,Future (IC88 (CSI 500 Futures)),icw,0.5865,0.8,0.0,0,-0.010648,-0.0,0.0,-0.0,0.259943
2025-05-26,500ETF,Future (IC88 (CSI 500 Futures)),icw,0.6344,0.8,0.0,0,0.001073,0.0,0.0,0.0,0.259943
2025-05-27,500ETF,Future (IC88 (CSI 500 Futures)),icw,-0.8761,0.8,0.0,0,0.001507,0.0,0.0,0.0,0.259943
2025-05-28,500ETF,Future (IC88 (CSI 500 Futures)),icw,-0.0636,0.8,0.0,0,-0.001436,-0.0,0.0,-0.0,0.259943
2025-05-29,500ETF,Future (IC88 (CSI 500 Futures)),icw,1.1192,0.8,1.0,1,0.004601,0.004601,0.0008,0.003801,0.263745
2025-05-30,500ETF,Future (IC88 (CSI 500 Futures)),icw,-1.2329,0.8,0.0,0,0.002102,0.0,0.0,0.0,0.263745
2025-06-03,500ETF,Future (IC88 (CSI 500 Futures)),icw,1.165,0.8,1.0,1,-0.003393,-0.003393,0.0008,-0.004193,0.259551
2025-06-04,500ETF,Future (IC88 (CSI 500 Futures)),icw,1.0146,0.8,1.0,1,0.001865,0.001865,0.0008,0.001065,0.260617
2025-06-05,500ETF,Future (IC88 (CSI 500 Futures)),icw,-0.6568,0.8,0.0,0,0.007571,0.0,0.0,0.0,0.260617
2025-06-06,500ETF,Future (IC88 (CSI 500 Futures)),icw,-0.7482,0.8,0.0,0,0.000665,0.0,0.0,0.0,0.260617
2025-06-09,500ETF,Future (IC88 (CSI 500 Futures)),icw,0.3163,0.8,0.0,0,-0.001283,-0.0,0.0,-0.0,0.260617
2025-06-10,500ETF,Future (IC88 (CSI 500 Futures)),icw,-0.7766,0.8,0.0,0,-0.006273,-0.0,0.0,-0.0,0.260617
2025-06-11,500ETF,Future (IC88 (CSI 500 Futures)),icw,1.377,0.8,1.0,1,-0.003183,-0.003183,0.0008,-0.003983,0.256633
2025-06-12,500ETF,Future (IC88 (CSI 500 Futures)),icw,-0.1082,0.8,0.0,0,0.003293,0.0,0.0,0.0,0.256633
2025-06-13,500ETF,Future (IC88 (CSI 500 Futures)),icw,-0.3749,0.8,0.0,0,-0.001012,-0.0,0.0,-0.0,0.256633
2025-06-16,500ETF,Future (IC88 (CSI 500 Futures)),icw,1.1777,0.8,1.0,1,-0.000902,-0.000902,0.0008,-0.001702,0.254931
2025-06-17,500ETF,Future (IC88 (CSI 500 Futures)),icw,-0.4235,0.8,0.0,0,-0.003967,-0.0,0.0,-0.0,0.254931
2025-06-18,500ETF,Future (IC88 (CSI 500 Futures)),icw,-0.1122,0.8,0.0,0,0.00192,0.0,0.0,0.0,0.254931
2025-06-19,500ETF,Future (IC88 (CSI 500 Futures)),icw,0.0213,0.8,0.0,0,-0.010791,-0.0,0.0,-0.0,0.254931
2025-06-20,500ETF,Future (IC88 (CSI 500 Futures)),icw,0.0829,0.8,0.0,0,-0.003073,-0.0,0.0,-0.0,0.254931
2025-06-23,500ETF,Future (IC88 (CSI 500 Futures)),icw,0.9247,0.8,1.0,1,0.004982,0.004982,0.0008,0.004182,0.259113
2025-06-24,500ETF,Future (IC88 (CSI 500 Futures)),icw,1.4586,0.8,1.0,1,0.004518,0.004518,0.0008,0.003718,0.262831
2025-06-25,500ETF,Future (IC88 (CSI 500 Futures)),icw,1.0744,0.8,1.0,1,0.010173,0.010173,0.0008,0.009373,0.272204
2025-06-26,500ETF,Future (IC88 (CSI 500 Futures)),icw,-0.2831,0.8,0.0,0,-0.003881,-0.0,0.0,-0.0,0.272204
2025-06-27,500ETF,Future (IC88 (CSI 500 Futures)),icw,0.7838,0.8,0.0,0,-0.002502,-0.0,0.0,-0.0,0.272204
2025-06-30,500ETF,Future (IC88 (CSI 500 Futures)),icw,0.6412,0.8,0.0,0,0.001432,0.0,0.0,0.0,0.272204
2025-07-01,500ETF,Future (IC88 (CSI 500 Futures)),icw,-0.6401,0.8,0.0,0,0.003482,0.0,0.0,0.0,0.272204
2025-07-02,500ETF,Future (IC88 (CSI 500 Futures)),icw,-0.8886,0.8,0.0,0,0.000376,0.0,0.0,0.0,0.272204
2025-07-03,500ETF,Future (IC88 (CSI 500 Futures)),icw,0.6091,0.8,0.0,0,0.001568,0.0,0.0,0.0,0.272204
2025-07-04,500ETF,Future (IC88 (CSI 500 Futures)),icw,-0.7836,0.8,0.0,0,0.002868,0.0,0.0,0.0,0.272204
2025-07-07,500ETF,Future (IC88 (CSI 500 Futures)),icw,-0.3515,0.8,0.0,0,0.001981,0.0,0.0,0.0,0.272204
2025-07-08,500ETF,Future (IC88 (CSI 500 Futures)),icw,1.3535,0.8,1.0,1,0.006566,0.006566,0.0008,0.005766,0.27797
2025-07-09,500ETF,Future (IC88 (CSI 500 Futures)),icw,-0.1608,0.8,0.0,0,-0.002388,-0.0,0.0,-0.0,0.27797
2025-07-10,500ETF,Future (IC88 (CSI 500 Futures)),icw,0.2313,0.8,0.0,0,0.00316,0.0,0.0,0.0,0.27797
2025-07-11,500ETF,Future (IC88 (CSI 500 Futures)),icw,-0.4104,0.8,0.0,0,0.009853,0.0,0.0,0.0,0.27797
2025-07-14,500ETF,Future (IC88 (CSI 500 Futures)),icw,-0.1812,0.8,0.0,0,-0.000997,-0.0,0.0,-0.0,0.27797
2025-07-15,500ETF,Future (IC88 (CSI 500 Futures)),icw,0.9138,0.8,1.0,1,-0.00299,-0.00299,0.0008,-0.00379,0.27418
2025-07-16,500ETF,Future (IC88 (CSI 500 Futures)),icw,0.5776,0.8,0.0,0,-0.007983,-0.0,0.0,-0.0,0.27418
2025-07-17,500ETF,Future (IC88 (CSI 500 Futures)),icw,1.0482,0.8,1.0,1,0.006333,0.006333,0.0008,0.005533,0.279713
2025-07-18,500ETF,Future (IC88 (CSI 500 Futures)),icw,0.3801,0.8,0.0,0,-0.001754,-0.0,0.0,-0.0,0.279713
2025-07-21,500ETF,Future (IC88 (CSI 500 Futures)),icw,0.8917,0.8,1.0,1,0.001276,0.001276,0.0008,0.000476,0.280189
2025-07-22,500ETF,Future (IC88 (CSI 500 Futures)),icw,0.4748,0.8,0.0,0,0.007447,0.0,0.0,0.0,0.280189
2025-07-23,500ETF,Future (IC88 (CSI 500 Futures)),icw,0.028,0.8,0.0,0,-0.004594,-0.0,0.0,-0.0,0.280189
2025-07-24,500ETF,Future (IC88 (CSI 500 Futures)),icw,1.1781,0.8,1.0,1,0.009905,0.009905,0.0008,0.009105,0.289294
2025-07-25,500ETF,Future (IC88 (CSI 500 Futures)),icw,-0.225,0.8,0.0,0,9.6e-05,0.0,0.0,0.0,0.289294
2025-07-28,500ETF,Future (IC88 (CSI 500 Futures)),icw,-0.6821,0.8,0.0,0,-0.000319,-0.0,0.0,-0.0,0.289294
2025-07-29,500ETF,Future (IC88 (CSI 500 Futures)),icw,-0.9607,0.8,0.0,0,0.011116,0.0,0.0,0.0,0.289294
2025-07-30,500ETF,Future (IC88 (CSI 500 Futures)),icw,-0.1108,0.8,0.0,0,-0.00251,-0.0,0.0,-0.0,0.289294
2025-07-31,500ETF,Future (IC88 (CSI 500 Futures)),icw,0.1565,0.8,0.0,0,-0.013936,-0.0,0.0,-0.0,0.289294
2025-08-01,500ETF,Future (IC88 (CSI 500 Futures)),icw,0.7467,0.8,0.0,0,-0.005547,-0.0,0.0,-0.0,0.289294
2025-08-04,500ETF,Future (IC88 (CSI 500 Futures)),icw,0.2715,0.8,0.0,0,0.007431,0.0,0.0,0.0,0.289294
2025-08-05,500ETF,Future (IC88 (CSI 500 Futures)),icw,0.457,0.8,0.0,0,0.002684,0.0,0.0,0.0,0.289294
2025-08-06,500ETF,Future (IC88 (CSI 500 Futures)),icw,0.147,0.8,0.0,0,0.008169,0.0,0.0,0.0,0.289294
2025-08-07,500ETF,Future (IC88 (CSI 500 Futures)),icw,-0.2628,0.8,0.0,0,-0.004163,-0.0,0.0,-0.0,0.289294
2025-08-08,500ETF,Future (IC88 (CSI 500 Futures)),icw,-0.788,0.8,0.0,0,0.004762,0.0,0.0,0.0,0.289294
2025-08-11,500ETF,Future (IC88 (CSI 500 Futures)),icw,0.935,0.8,1.0,1,0.003681,0.003681,0.0008,0.002881,0.292175
2025-08-12,500ETF,Future (IC88 (CSI 500 Futures)),icw,-0.5862,0.8,0.0,0,0.004902,0.0,0.0,0.0,0.292175
2025-08-13,500ETF,Future (IC88 (CSI 500 Futures)),icw,0.9875,0.8,1.0,1,0.007181,0.007181,0.0008,0.006381,0.298556
2025-08-14,500ETF,Future (IC88 (CSI 500 Futures)),icw,-0.6292,0.8,0.0,0,-0.005483,-0.0,0.0,-0.0,0.298556
2025-08-15,500ETF,Future (IC88 (CSI 500 Futures)),icw,1.5317,0.8,1.0,1,0.009595,0.009595,0.0008,0.008795,0.307351
2025-08-18,500ETF,Future (IC88 (CSI 500 Futures)),icw,0.0912,0.8,0.0,0,0.003156,0.0,0.0,0.0,0.307351
2025-08-19,500ETF,Future (IC88 (CSI 500 Futures)),icw,0.8292,0.8,1.0,1,-0.002872,-0.002872,0.0008,-0.003672,0.303679
2025-08-20,500ETF,Future (IC88 (CSI 500 Futures)),icw,-0.1431,0.8,0.0,0,0.009416,0.0,0.0,0.0,0.303679
2025-08-21,500ETF,Future (IC88 (CSI 500 Futures)),icw,0.274,0.8,0.0,0,-0.003858,-0.0,0.0,-0.0,0.303679
2025-08-22,500ETF,Future (IC88 (CSI 500 Futures)),icw,1.1877,0.8,1.0,1,0.012138,0.012138,0.0008,0.011338,0.315017
2025-08-25,500ETF,Future (IC88 (CSI 500 Futures)),icw,1.1056,0.8,1.0,1,0.003331,0.003331,0.0008,0.002531,0.317548
2025-08-26,500ETF,Future (IC88 (CSI 500 Futures)),icw,0.61,0.8,0.0,0,0.002448,0.0,0.0,0.0,0.317548
2025-08-27,500ETF,Future (IC88 (CSI 500 Futures)),icw,0.9233,0.8,1.0,1,-0.002594,-0.002594,0.0008,-0.003394,0.314154
2025-08-28,500ETF,Future (IC88 (CSI 500 Futures)),icw,1.3975,0.8,1.0,1,0.010001,0.010001,0.0008,0.009201,0.323354
2025-08-29,500ETF,Future (IC88 (CSI 500 Futures)),icw,-0.6344,0.8,0.0,0,0.001551,0.0,0.0,0.0,0.323354
2025-09-01,500ETF,Future (IC88 (CSI 500 Futures)),icw,0.1511,0.8,0.0,0,0.005194,0.0,0.0,0.0,0.323354
2025-09-02,500ETF,Future (IC88 (CSI 500 Futures)),icw,-1.1579,0.8,0.0,0,-0.014033,-0.0,0.0,-0.0,0.323354
2025-09-03,500ETF,Future (IC88 (CSI 500 Futures)),icw,-0.5801,0.8,0.0,0,-0.007695,-0.0,0.0,-0.0,0.323354
2025-09-04,500ETF,Future (IC88 (CSI 500 Futures)),icw,0.0542,0.8,0.0,0,-0.035329,-0.0,0.0,-0.0,0.323354
2025-09-05,500ETF,Future (IC88 (CSI 500 Futures)),icw,0.1474,0.8,0.0,0,0.021988,0.0,0.0,0.0,0.323354
2025-09-08,500ETF,Future (IC88 (CSI 500 Futures)),icw,1.0723,0.8,1.0,1,0.002248,0.002248,0.0008,0.001448,0.324803
2025-09-09,500ETF,Future (IC88 (CSI 500 Futures)),icw,-0.0196,0.8,0.0,0,-0.011225,-0.0,0.0,-0.0,0.324803
2025-09-10,500ETF,Future (IC88 (CSI 500 Futures)),icw,1.2353,0.8,1.0,1,-0.004753,-0.004753,0.0008,-0.005553,0.31925
2025-09-11,500ETF,Future (IC88 (CSI 500 Futures)),icw,-0.376,0.8,0.0,0,0.03007,0.0,0.0,0.0,0.31925
2025-09-12,500ETF,Future (IC88 (CSI 500 Futures)),icw,0.9412,0.8,1.0,1,0.004755,0.004755,0.0008,0.003955,0.323205
2025-09-15,500ETF,Future (IC88 (CSI 500 Futures)),icw,-0.6508,0.8,0.0,0,8.4e-05,0.0,0.0,0.0,0.323205
2025-09-16,500ETF,Future (IC88 (CSI 500 Futures)),icw,0.8602,0.8,1.0,1,0.00084,0.00084,0.0008,4e-05,0.323244
2025-09-17,500ETF,Future (IC88 (CSI 500 Futures)),icw,0.038,0.8,0.0,0,0.007349,0.0,0.0,0.0,0.323244
2025-09-18,500ETF,Future (IC88 (CSI 500 Futures)),icw,0.4831,0.8,0.0,0,-0.015536,-0.0,0.0,-0.0,0.323244
2025-09-19,500ETF,Future (IC88 (CSI 500 Futures)),icw,0.417,0.8,0.0,0,0.002276,0.0,0.0,0.0,0.323244
2025-09-22,500ETF,Future (IC88 (CSI 500 Futures)),icw,-0.8102,0.8,0.0,0,0.010759,0.0,0.0,0.0,0.323244
2025-09-23,500ETF,Future (IC88 (CSI 500 Futures)),icw,-0.7054,0.8,0.0,0,-0.005847,-0.0,0.0,-0.0,0.323244
2025-09-24,500ETF,Future (IC88 (CSI 500 Futures)),icw,1.093,0.8,1.0,1,0.017342,0.017342,0.0008,0.016542,0.339787
2025-09-25,500ETF,Future (IC88 (CSI 500 Futures)),icw,0.9157,0.8,1.0,1,0.006302,0.006302,0.0008,0.005502,0.345289
2025-09-26,500ETF,Future (IC88 (CSI 500 Futures)),icw,0.3606,0.8,0.0,0,-0.008008,-0.0,0.0,-0.0,0.345289
2025-09-29,500ETF,Future (IC88 (CSI 500 Futures)),icw,-0.0828,0.8,0.0,0,0.015148,0.0,0.0,0.0,0.345289
2025-09-30,500ETF,Future (IC88 (CSI 500 Futures)),icw,1.1615,0.8,1.0,1,0.001812,0.001812,0.0008,0.001012,0.346301
2025-10-09,500ETF,Future (IC88 (CSI 500 Futures)),icw,0.3828,0.8,0.0,0,0.01186,0.0,0.0,0.0,0.346301
2025-10-10,500ETF,Future (IC88 (CSI 500 Futures)),icw,-1.1369,0.8,0.0,0,-0.006313,-0.0,0.0,-0.0,0.346301
2025-10-13,500ETF,Future (IC88 (CSI 500 Futures)),icw,0.1801,0.8,0.0,0,0.013606,0.0,0.0,0.0,0.346301
2025-10-14,500ETF,Future (IC88 (CSI 500 Futures)),icw,0.4468,0.8,0.0,0,-0.03249,-0.0,0.0,-0.0,0.346301
2025-10-15,500ETF,Future (IC88 (CSI 500 Futures)),icw,-0.5318,0.8,0.0,0,0.008733,0.0,0.0,0.0,0.346301
2025-10-16,500ETF,Future (IC88 (CSI 500 Futures)),icw,-0.4845,0.8,0.0,0,-0.005614,-0.0,0.0,-0.0,0.346301
2025-10-17,500ETF,Future (IC88 (CSI 500 Futures)),icw,-0.1877,0.8,0.0,0,-0.012817,-0.0,0.0,-0.0,0.346301
2025-10-20,500ETF,Future (IC88 (CSI 500 Futures)),icw,-0.1441,0.8,0.0,0,-0.012633,-0.0,0.0,-0.0,0.346301
2025-10-21,500ETF,Future (IC88 (CSI 500 Futures)),icw,0.4887,0.8,0.0,0,0.008321,0.0,0.0,0.0,0.346301
2025-10-22,500ETF,Future (IC88 (CSI 500 Futures)),icw,-0.4713,0.8,0.0,0,0.000821,0.0,0.0,0.0,0.346301
2025-10-23,500ETF,Future (IC88 (CSI 500 Futures)),icw,-1.2637,0.8,0.0,0,0.012548,0.0,0.0,0.0,0.346301
2025-10-24,500ETF,Future (IC88 (CSI 500 Futures)),icw,1.2203,0.8,1.0,1,0.004608,0.004608,0.0008,0.003808,0.350109
2025-10-27,500ETF,Future (IC88 (CSI 500 Futures)),icw,1.0504,0.8,1.0,1,0.001668,0.001668,0.0008,0.000868,0.350977
2025-10-28,500ETF,Future (IC88 (CSI 500 Futures)),icw,-0.0435,0.8,0.0,0,-0.004243,-0.0,0.0,-0.0,0.350977
2025-10-29,500ETF,Future (IC88 (CSI 500 Futures)),icw,1.2409,0.8,1.0,1,0.011983,0.011983,0.0008,0.011183,0.36216
2025-10-30,500ETF,Future (IC88 (CSI 500 Futures)),icw,-1.1912,0.8,0.0,0,-0.00231,-0.0,0.0,-0.0,0.36216
2025-10-31,500ETF,Future (IC88 (CSI 500 Futures)),icw,-0.3948,0.8,0.0,0,-0.004474,-0.0,0.0,-0.0,0.36216
2025-11-03,500ETF,Future (IC88 (CSI 500 Futures)),icw,-1.4036,0.8,-1.0,1,0.009506,-0.009506,0.0008,-0.010306,0.351854
2025-11-04,500ETF,Future (IC88 (CSI 500 Futures)),icw,-0.8383,0.8,0.0,0,-0.012361,-0.0,0.0,-0.0,0.351854
2025-11-05,500ETF,Future (IC88 (CSI 500 Futures)),icw,0.1183,0.8,0.0,0,0.013459,0.0,0.0,0.0,0.351854
2025-11-06,500ETF,Future (IC88 (CSI 500 Futures)),icw,1.1948,0.8,1.0,1,0.011383,0.011383,0.0008,0.010583,0.362436
2025-11-07,500ETF,Future (IC88 (CSI 500 Futures)),icw,-0.5959,0.8,0.0,0,0.003489,0.0,0.0,0.0,0.362436
2025-11-10,500ETF,Future (IC88 (CSI 500 Futures)),icw,0.4784,0.8,0.0,0,0.00285,0.0,0.0,0.0,0.362436
2025-11-11,500ETF,Future (IC88 (CSI 500 Futures)),icw,0.0396,0.8,0.0,0,-0.008536,-0.0,0.0,-0.0,0.362436
2025-11-12,500ETF,Future (IC88 (CSI 500 Futures)),icw,-0.8888,0.8,0.0,0,-0.00123,-0.0,0.0,-0.0,0.362436
2025-11-13,500ETF,Future (IC88 (CSI 500 Futures)),icw,1.2374,0.8,1.0,1,0.007052,0.007052,0.0008,0.006252,0.368689
2025-11-14,500ETF,Future (IC88 (CSI 500 Futures)),icw,-0.7251,0.8,0.0,0,-0.002222,-0.0,0.0,-0.0,0.368689
2025-11-17,500ETF,Future (IC88 (CSI 500 Futures)),icw,-0.1717,0.8,0.0,0,0.004796,0.0,0.0,0.0,0.368689
2025-11-18,500ETF,Future (IC88 (CSI 500 Futures)),icw,-0.6486,0.8,0.0,0,-0.004472,-0.0,0.0,-0.0,0.368689
2025-11-19,500ETF,Future (IC88 (CSI 500 Futures)),icw,0.5747,0.8,0.0,0,-0.001076,-0.0,0.0,-0.0,0.368689
2025-11-20,500ETF,Future (IC88 (CSI 500 Futures)),icw,-0.7494,0.8,0.0,0,-0.008534,-0.0,0.0,-0.0,0.368689
2025-11-21,500ETF,Future (IC88 (CSI 500 Futures)),icw,-1.0306,0.8,0.0,0,-0.007972,-0.0,0.0,-0.0,0.368689
2025-11-24,500ETF,Future (IC88 (CSI 500 Futures)),icw,-0.5759,0.8,0.0,0,0.007861,0.0,0.0,0.0,0.368689
2025-11-25,500ETF,Future (IC88 (CSI 500 Futures)),icw,1.1423,0.8,1.0,1,-0.00266,-0.00266,0.0008,-0.00346,0.365229
2025-11-26,500ETF,Future (IC88 (CSI 500 Futures)),icw,0.5452,0.8,0.0,0,-0.007598,-0.0,0.0,-0.0,0.365229
2025-11-27,500ETF,Future (IC88 (CSI 500 Futures)),icw,1.4296,0.8,1.0,1,-0.012381,-0.012381,0.0008,-0.013181,0.352047
2025-11-28,500ETF,Future (IC88 (CSI 500 Futures)),icw,0.1697,0.8,0.0,0,0.01108,0.0,0.0,0.0,0.352047
2025-12-01,500ETF,Future (IC88 (CSI 500 Futures)),icw,0.7306,0.8,0.0,0,-0.00111,-0.0,0.0,-0.0,0.352047
2025-12-02,500ETF,Future (IC88 (CSI 500 Futures)),icw,-1.1196,0.8,0.0,0,-0.00189,-0.0,0.0,-0.0,0.352047
2025-12-03,500ETF,Future (IC88 (CSI 500 Futures)),icw,-0.0335,0.8,0.0,0,-0.003968,-0.0,0.0,-0.0,0.352047
2025-12-04,500ETF,Future (IC88 (CSI 500 Futures)),icw,-0.0898,0.8,0.0,0,0.00725,0.0,0.0,0.0,0.352047
2025-12-05,500ETF,Future (IC88 (CSI 500 Futures)),icw,-0.7891,0.8,0.0,0,0.012207,0.0,0.0,0.0,0.352047
2025-12-08,500ETF,Future (IC88 (CSI 500 Futures)),icw,0.4834,0.8,0.0,0,0.00732,0.0,0.0,0.0,0.352047
2025-12-09,500ETF,Future (IC88 (CSI 500 Futures)),icw,0.4704,0.8,0.0,0,-0.00862,-0.0,0.0,-0.0,0.352047
2025-12-10,500ETF,Future (IC88 (CSI 500 Futures)),icw,-1.0166,0.8,0.0,0,0.011617,0.0,0.0,0.0,0.352047
2025-12-11,500ETF,Future (IC88 (CSI 500 Futures)),icw,-0.3186,0.8,0.0,0,-0.004249,-0.0,0.0,-0.0,0.352047
2025-12-12,500ETF,Future (IC88 (CSI 500 Futures)),icw,-0.0475,0.8,0.0,0,0.014734,0.0,0.0,0.0,0.352047
2025-12-15,500ETF,Future (IC88 (CSI 500 Futures)),icw,0.1193,0.8,0.0,0,-0.004036,-0.0,0.0,-0.0,0.352047
2025-12-16,500ETF,Future (IC88 (CSI 500 Futures)),icw,-1.3908,0.8,-1.0,1,-0.000969,0.000969,0.0008,0.000169,0.352217
2025-12-17,500ETF,Future (IC88 (CSI 500 Futures)),icw,1.0225,0.8,1.0,1,0.020758,0.020758,0.0008,0.019958,0.372175
2025-12-18,500ETF,Future (IC88 (CSI 500 Futures)),icw,1.0413,0.8,1.0,1,-0.006884,-0.006884,0.0008,-0.007684,0.364491
2025-12-19,500ETF,Future (IC88 (CSI 500 Futures)),icw,0.0114,0.8,0.0,0,0.00528,0.0,0.0,0.0,0.364491
2025-12-22,500ETF,Future (IC88 (CSI 500 Futures)),icw,1.2814,0.8,1.0,1,-0.001634,-0.001634,0.0008,-0.002434,0.362057
2025-12-23,500ETF,Future (IC88 (CSI 500 Futures)),icw,-0.0697,0.8,0.0,0,-0.00404,-0.0,0.0,-0.0,0.362057
2025-12-24,500ETF,Future (IC88 (CSI 500 Futures)),icw,0.1229,0.8,0.0,0,0.011006,0.0,0.0,0.0,0.362057
2025-12-25,500ETF,Future (IC88 (CSI 500 Futures)),icw,0.5204,0.8,0.0,0,0.009797,0.0,0.0,0.0,0.362057
2025-12-26,500ETF,Future (IC88 (CSI 500 Futures)),icw,0.6755,0.8,0.0,0,0.000806,0.0,0.0,0.0,0.362057
2025-12-29,500ETF,Future (IC88 (CSI 500 Futures)),icw,-0.3698,0.8,0.0,0,-0.001996,-0.0,0.0,-0.0,0.362057
2025-12-30,500ETF,Future (IC88 (CSI 500 Futures)),icw,0.9674,0.8,1.0,1,0.001556,0.001556,0.0008,0.000756,0.362813
2025-12-31,500ETF,Future (IC88 (CSI 500 Futures)),icw,-0.6442,0.8,0.0,0,0.001209,0.0,0.0,0.0,0.362813
2022-01-04,300ETF,Future (IF88 (CSI 300 Futures)),ew,-0.7349,1.2,0.0,0,0.00362,0.0,0.0,0.0,0.0
2022-01-05,300ETF,Future (IF88 (CSI 300 Futures)),ew,-0.5159,1.2,0.0,0,-0.004212,-0.0,0.0,-0.0,0.0
2022-01-06,300ETF,Future (IF88 (CSI 300 Futures)),ew,-0.2956,1.2,0.0,0,-0.00526,-0.0,0.0,-0.0,0.0
2022-01-07,300ETF,Future (IF88 (CSI 300 Futures)),ew,0.8966,1.2,0.0,0,-0.003136,-0.0,0.0,-0.0,0.0
2022-01-10,300ETF,Future (IF88 (CSI 300 Futures)),ew,-0.2305,1.2,0.0,0,0.004177,0.0,0.0,0.0,0.0
2022-01-11,300ETF,Future (IF88 (CSI 300 Futures)),ew,-0.2814,1.2,0.0,0,-0.00605,-0.0,0.0,-0.0,0.0
2022-01-12,300ETF,Future (IF88 (CSI 300 Futures)),ew,-0.0873,1.2,0.0,0,0.006447,0.0,0.0,0.0,0.0
2022-01-13,300ETF,Future (IF88 (CSI 300 Futures)),ew,-0.5907,1.2,0.0,0,-0.012848,-0.0,0.0,-0.0,0.0
2022-01-14,300ETF,Future (IF88 (CSI 300 Futures)),ew,-0.6986,1.2,0.0,0,-0.000928,-0.0,0.0,-0.0,0.0
2022-01-17,300ETF,Future (IF88 (CSI 300 Futures)),ew,0.7739,1.2,0.0,0,0.002604,0.0,0.0,0.0,0.0
2022-01-18,300ETF,Future (IF88 (CSI 300 Futures)),ew,0.4467,1.2,0.0,0,0.004749,0.0,0.0,0.0,0.0
2022-01-19,300ETF,Future (IF88 (CSI 300 Futures)),ew,-0.1309,1.2,0.0,0,-0.004591,-0.0,0.0,-0.0,0.0
2022-01-20,300ETF,Future (IF88 (CSI 300 Futures)),ew,1.1369,1.2,0.0,0,0.001037,0.0,0.0,0.0,0.0
2022-01-21,300ETF,Future (IF88 (CSI 300 Futures)),ew,-0.8093,1.2,-1.0,1,-0.004243,0.004243,0.0008,0.003443,0.003443
2022-01-24,300ETF,Future (IF88 (CSI 300 Futures)),ew,-0.0193,1.2,0.0,0,0.003174,0.0,0.0,0.0,0.003443
2022-01-25,300ETF,Future (IF88 (CSI 300 Futures)),ew,-0.1933,1.2,0.0,0,-0.014499,-0.0,0.0,-0.0,0.003443
2022-01-26,300ETF,Future (IF88 (CSI 300 Futures)),ew,0.671,1.2,0.0,0,0.002291,0.0,0.0,0.0,0.003443
2022-01-27,300ETF,Future (IF88 (CSI 300 Futures)),ew,-0.5479,1.2,0.0,0,-0.013897,-0.0,0.0,-0.0,0.003443
2022-01-28,300ETF,Future (IF88 (CSI 300 Futures)),ew,0.2034,1.2,0.0,0,-0.007697,-0.0,0.0,-0.0,0.003443
2022-02-07,300ETF,Future (IF88 (CSI 300 Futures)),ew,1.3187,1.2,1.0,1,-0.001858,-0.001858,0.0008,-0.002658,0.000785
2022-02-08,300ETF,Future (IF88 (CSI 300 Futures)),ew,-0.8653,1.2,-1.0,1,-0.000478,0.000478,0.0008,-0.000322,0.000463
2022-02-09,300ETF,Future (IF88 (CSI 300 Futures)),ew,0.0717,1.2,0.0,0,0.011712,0.0,0.0,0.0,0.000463
2022-02-10,300ETF,Future (IF88 (CSI 300 Futures)),ew,-0.797,1.2,0.0,0,0.000821,0.0,0.0,0.0,0.000463
2022-02-11,300ETF,Future (IF88 (CSI 300 Futures)),ew,0.502,1.2,0.0,0,-0.010146,-0.0,0.0,-0.0,0.000463
2022-02-14,300ETF,Future (IF88 (CSI 300 Futures)),ew,-0.3306,1.2,0.0,0,-0.012,-0.0,0.0,-0.0,0.000463
2022-02-15,300ETF,Future (IF88 (CSI 300 Futures)),ew,0.4057,1.2,0.0,0,0.001529,0.0,0.0,0.0,0.000463
2022-02-16,300ETF,Future (IF88 (CSI 300 Futures)),ew,-0.0414,1.2,0.0,0,-0.003377,-0.0,0.0,-0.0,0.000463
2022-02-17,300ETF,Future (IF88 (CSI 300 Futures)),ew,-0.3006,1.2,0.0,0,-0.001124,-0.0,0.0,-0.0,0.000463
2022-02-18,300ETF,Future (IF88 (CSI 300 Futures)),ew,-0.1823,1.2,0.0,0,0.004883,0.0,0.0,0.0,0.000463
2022-02-21,300ETF,Future (IF88 (CSI 300 Futures)),ew,-0.6543,1.2,0.0,0,0.00013,0.0,0.0,0.0,0.000463
2022-02-22,300ETF,Future (IF88 (CSI 300 Futures)),ew,-1.0597,1.2,-1.0,1,0.002811,-0.002811,0.0008,-0.003611,-0.003148
2022-02-23,300ETF,Future (IF88 (CSI 300 Futures)),ew,0.4882,1.2,0.0,0,0.006788,0.0,0.0,0.0,-0.003148
2022-02-24,300ETF,Future (IF88 (CSI 300 Futures)),ew,-0.3958,1.2,0.0,0,-0.01706,-0.0,0.0,-0.0,-0.003148
2022-02-25,300ETF,Future (IF88 (CSI 300 Futures)),ew,1.1617,1.2,0.0,0,-0.009502,-0.0,0.0,-0.0,-0.003148
2022-02-28,300ETF,Future (IF88 (CSI 300 Futures)),ew,-0.1938,1.2,0.0,0,0.004262,0.0,0.0,0.0,-0.003148
2022-03-01,300ETF,Future (IF88 (CSI 300 Futures)),ew,0.5412,1.2,0.0,0,0.003559,0.0,0.0,0.0,-0.003148
2022-03-02,300ETF,Future (IF88 (CSI 300 Futures)),ew,-0.9415,1.2,-1.0,1,0.003148,-0.003148,0.0008,-0.003948,-0.007096
2022-03-03,300ETF,Future (IF88 (CSI 300 Futures)),ew,-0.3142,1.2,0.0,0,-0.004653,-0.0,0.0,-0.0,-0.007096
2022-03-04,300ETF,Future (IF88 (CSI 300 Futures)),ew,-1.0365,1.2,-1.0,1,-0.004494,0.004494,0.0008,0.003694,-0.003403
2022-03-07,300ETF,Future (IF88 (CSI 300 Futures)),ew,-1.2047,1.2,-1.0,1,-0.010623,0.010623,0.0008,0.009823,0.006421
2022-03-08,300ETF,Future (IF88 (CSI 300 Futures)),ew,0.4802,1.2,0.0,0,-0.01832,-0.0,0.0,-0.0,0.006421
2022-03-09,300ETF,Future (IF88 (CSI 300 Futures)),ew,-0.0784,1.2,0.0,0,-0.019109,-0.0,0.0,-0.0,0.006421
2022-03-10,300ETF,Future (IF88 (CSI 300 Futures)),ew,0.01,1.2,0.0,0,-0.002617,-0.0,0.0,-0.0,0.006421
2022-03-11,300ETF,Future (IF88 (CSI 300 Futures)),ew,-1.108,1.2,-1.0,1,0.01698,-0.01698,0.0008,-0.01778,-0.011359
2022-03-14,300ETF,Future (IF88 (CSI 300 Futures)),ew,-0.9117,1.2,-1.0,1,-0.018591,0.018591,0.0008,0.017791,0.006432
2022-03-15,300ETF,Future (IF88 (CSI 300 Futures)),ew,-1.4736,1.2,-1.0,1,-0.013969,0.013969,0.0008,0.013169,0.019601
2022-03-16,300ETF,Future (IF88 (CSI 300 Futures)),ew,-0.2943,1.2,0.0,0,0.031527,0.0,0.0,0.0,0.019601
2022-03-17,300ETF,Future (IF88 (CSI 300 Futures)),ew,0.8216,1.2,0.0,0,0.006999,0.0,0.0,0.0,0.019601
2022-03-18,300ETF,Future (IF88 (CSI 300 Futures)),ew,-0.2338,1.2,0.0,0,0.0102,0.0,0.0,0.0,0.019601
2022-03-21,300ETF,Future (IF88 (CSI 300 Futures)),ew,-0.6178,1.2,0.0,0,-0.005356,-0.0,0.0,-0.0,0.019601
2022-03-22,300ETF,Future (IF88 (CSI 300 Futures)),ew,0.052,1.2,0.0,0,-0.003178,-0.0,0.0,-0.0,0.019601
2022-03-23,300ETF,Future (IF88 (CSI 300 Futures)),ew,-0.7521,1.2,0.0,0,0.005386,0.0,0.0,0.0,0.019601
2022-03-24,300ETF,Future (IF88 (CSI 300 Futures)),ew,-0.8716,1.2,-1.0,1,0.006069,-0.006069,0.0008,-0.006869,0.012732
2022-03-25,300ETF,Future (IF88 (CSI 300 Futures)),ew,-0.1349,1.2,0.0,0,-0.018087,-0.0,0.0,-0.0,0.012732
2022-03-28,300ETF,Future (IF88 (CSI 300 Futures)),ew,-1.0058,1.2,-1.0,1,0.009316,-0.009316,0.0008,-0.010116,0.002616
2022-03-29,300ETF,Future (IF88 (CSI 300 Futures)),ew,0.5989,1.2,0.0,0,-0.00943,-0.0,0.0,-0.0,0.002616
2022-03-30,300ETF,Future (IF88 (CSI 300 Futures)),ew,1.0547,1.2,0.0,0,0.015734,0.0,0.0,0.0,0.002616
2022-03-31,300ETF,Future (IF88 (CSI 300 Futures)),ew,-0.4056,1.2,0.0,0,-0.00019,-0.0,0.0,-0.0,0.002616
2022-04-01,300ETF,Future (IF88 (CSI 300 Futures)),ew,0.117,1.2,0.0,0,0.010988,0.0,0.0,0.0,0.002616
2022-04-06,300ETF,Future (IF88 (CSI 300 Futures)),ew,-0.2384,1.2,0.0,0,-0.005048,-0.0,0.0,-0.0,0.002616
2022-04-07,300ETF,Future (IF88 (CSI 300 Futures)),ew,0.3977,1.2,0.0,0,-0.009238,-0.0,0.0,-0.0,0.002616
2022-04-08,300ETF,Future (IF88 (CSI 300 Futures)),ew,0.2052,1.2,0.0,0,0.003515,0.0,0.0,0.0,0.002616
2022-04-11,300ETF,Future (IF88 (CSI 300 Futures)),ew,-1.1571,1.2,-1.0,1,-0.011933,0.011933,0.0008,0.011133,0.013749
2022-04-12,300ETF,Future (IF88 (CSI 300 Futures)),ew,0.3253,1.2,0.0,0,0.014474,0.0,0.0,0.0,0.013749
2022-04-13,300ETF,Future (IF88 (CSI 300 Futures)),ew,-0.6736,1.2,0.0,0,0.001346,0.0,0.0,0.0,0.013749
2022-04-14,300ETF,Future (IF88 (CSI 300 Futures)),ew,-0.102,1.2,0.0,0,0.007601,0.0,0.0,0.0,0.013749
2022-04-15,300ETF,Future (IF88 (CSI 300 Futures)),ew,-0.3755,1.2,0.0,0,0.002778,0.0,0.0,0.0,0.013749
2022-04-18,300ETF,Future (IF88 (CSI 300 Futures)),ew,-1.1128,1.2,-1.0,1,0.000676,-0.000676,0.0008,-0.001476,0.012273
2022-04-19,300ETF,Future (IF88 (CSI 300 Futures)),ew,0.3988,1.2,0.0,0,-0.007211,-0.0,0.0,-0.0,0.012273
2022-04-20,300ETF,Future (IF88 (CSI 300 Futures)),ew,-0.7128,1.2,0.0,0,-0.006677,-0.0,0.0,-0.0,0.012273
2022-04-21,300ETF,Future (IF88 (CSI 300 Futures)),ew,0.4138,1.2,0.0,0,-0.016735,-0.0,0.0,-0.0,0.012273
2022-04-22,300ETF,Future (IF88 (CSI 300 Futures)),ew,0.0346,1.2,0.0,0,0.004801,0.0,0.0,0.0,0.012273
2022-04-25,300ETF,Future (IF88 (CSI 300 Futures)),ew,-1.0819,1.2,-1.0,1,-0.021402,0.021402,0.0008,0.020602,0.032876
2022-04-26,300ETF,Future (IF88 (CSI 300 Futures)),ew,0.1177,1.2,0.0,0,-0.001949,-0.0,0.0,-0.0,0.032876
2022-04-27,300ETF,Future (IF88 (CSI 300 Futures)),ew,1.2961,1.2,1.0,1,0.015999,0.015999,0.0008,0.015199,0.048074
2022-04-28,300ETF,Future (IF88 (CSI 300 Futures)),ew,0.0383,1.2,0.0,0,0.004729,0.0,0.0,0.0,0.048074
2022-04-29,300ETF,Future (IF88 (CSI 300 Futures)),ew,-0.3113,1.2,0.0,0,0.026209,0.0,0.0,0.0,0.048074
2022-05-05,300ETF,Future (IF88 (CSI 300 Futures)),ew,-0.1897,1.2,0.0,0,-0.000901,-0.0,0.0,-0.0,0.048074
2022-05-06,300ETF,Future (IF88 (CSI 300 Futures)),ew,-1.4224,1.2,-1.0,1,-0.008445,0.008445,0.0008,0.007645,0.05572
2022-05-09,300ETF,Future (IF88 (CSI 300 Futures)),ew,0.0958,1.2,0.0,0,-0.010616,-0.0,0.0,-0.0,0.05572
2022-05-10,300ETF,Future (IF88 (CSI 300 Futures)),ew,-0.6489,1.2,0.0,0,0.021306,0.0,0.0,0.0,0.05572
2022-05-11,300ETF,Future (IF88 (CSI 300 Futures)),ew,1.229,1.2,1.0,1,0.008236,0.008236,0.0008,0.007436,0.063156
2022-05-12,300ETF,Future (IF88 (CSI 300 Futures)),ew,-0.1691,1.2,0.0,0,0.001674,0.0,0.0,0.0,0.063156
2022-05-13,300ETF,Future (IF88 (CSI 300 Futures)),ew,0.2293,1.2,0.0,0,-0.004325,-0.0,0.0,-0.0,0.063156
2022-05-16,300ETF,Future (IF88 (CSI 300 Futures)),ew,-0.2812,1.2,0.0,0,-0.007358,-0.0,0.0,-0.0,0.063156
2022-05-17,300ETF,Future (IF88 (CSI 300 Futures)),ew,0.4949,1.2,0.0,0,0.006471,0.0,0.0,0.0,0.063156
2022-05-18,300ETF,Future (IF88 (CSI 300 Futures)),ew,-0.8135,1.2,-1.0,1,0.002929,-0.002929,0.0008,-0.003729,0.059426
2022-05-19,300ETF,Future (IF88 (CSI 300 Futures)),ew,-0.6165,1.2,0.0,0,0.010555,0.0,0.0,0.0,0.059426
2022-05-20,300ETF,Future (IF88 (CSI 300 Futures)),ew,1.6915,1.2,1.0,1,0.001435,0.001435,0.0008,0.000635,0.060062
2022-05-23,300ETF,Future (IF88 (CSI 300 Futures)),ew,-0.8908,1.2,-1.0,1,-0.002932,0.002932,0.0008,0.002132,0.062194
2022-05-24,300ETF,Future (IF88 (CSI 300 Futures)),ew,-0.7064,1.2,0.0,0,-0.011522,-0.0,0.0,-0.0,0.062194
2022-05-25,300ETF,Future (IF88 (CSI 300 Futures)),ew,0.5343,1.2,0.0,0,-0.003949,-0.0,0.0,-0.0,0.062194
2022-05-26,300ETF,Future (IF88 (CSI 300 Futures)),ew,-0.6374,1.2,0.0,0,0.014218,0.0,0.0,0.0,0.062194
2022-05-27,300ETF,Future (IF88 (CSI 300 Futures)),ew,1.0319,1.2,0.0,0,-0.008403,-0.0,0.0,-0.0,0.062194
2022-05-30,300ETF,Future (IF88 (CSI 300 Futures)),ew,-0.2436,1.2,0.0,0,0.00195,0.0,0.0,0.0,0.062194
2022-05-31,300ETF,Future (IF88 (CSI 300 Futures)),ew,0.3696,1.2,0.0,0,0.016444,0.0,0.0,0.0,0.062194
2022-06-01,300ETF,Future (IF88 (CSI 300 Futures)),ew,-0.4221,1.2,0.0,0,-0.00266,-0.0,0.0,-0.0,0.062194
2022-06-02,300ETF,Future (IF88 (CSI 300 Futures)),ew,-0.3167,1.2,0.0,0,0.00464,0.0,0.0,0.0,0.062194
2022-06-06,300ETF,Future (IF88 (CSI 300 Futures)),ew,-0.3007,1.2,0.0,0,0.017694,0.0,0.0,0.0,0.062194
2022-06-07,300ETF,Future (IF88 (CSI 300 Futures)),ew,0.8767,1.2,0.0,0,0.002741,0.0,0.0,0.0,0.062194
2022-06-08,300ETF,Future (IF88 (CSI 300 Futures)),ew,0.0365,1.2,0.0,0,0.003488,0.0,0.0,0.0,0.062194
2022-06-09,300ETF,Future (IF88 (CSI 300 Futures)),ew,0.0141,1.2,0.0,0,-0.007809,-0.0,0.0,-0.0,0.062194
2022-06-10,300ETF,Future (IF88 (CSI 300 Futures)),ew,-0.3441,1.2,0.0,0,0.019563,0.0,0.0,0.0,0.062194
2022-06-13,300ETF,Future (IF88 (CSI 300 Futures)),ew,-0.4503,1.2,0.0,0,-0.006781,-0.0,0.0,-0.0,0.062194
2022-06-14,300ETF,Future (IF88 (CSI 300 Futures)),ew,-0.3882,1.2,0.0,0,0.013651,0.0,0.0,0.0,0.062194
2022-06-15,300ETF,Future (IF88 (CSI 300 Futures)),ew,1.3225,1.2,1.0,1,0.017195,0.017195,0.0008,0.016395,0.078589
2022-06-16,300ETF,Future (IF88 (CSI 300 Futures)),ew,0.4396,1.2,0.0,0,-0.007818,-0.0,0.0,-0.0,0.078589
2022-06-17,300ETF,Future (IF88 (CSI 300 Futures)),ew,0.7178,1.2,0.0,0,0.008249,0.0,0.0,0.0,0.078589
2022-06-20,300ETF,Future (IF88 (CSI 300 Futures)),ew,0.355,1.2,0.0,0,0.004441,0.0,0.0,0.0,0.078589
2022-06-21,300ETF,Future (IF88 (CSI 300 Futures)),ew,0.1035,1.2,0.0,0,-0.00582,-0.0,0.0,-0.0,0.078589
2022-06-22,300ETF,Future (IF88 (CSI 300 Futures)),ew,-0.7712,1.2,0.0,0,-0.012294,-0.0,0.0,-0.0,0.078589
2022-06-23,300ETF,Future (IF88 (CSI 300 Futures)),ew,0.4987,1.2,0.0,0,0.014387,0.0,0.0,0.0,0.078589
2022-06-24,300ETF,Future (IF88 (CSI 300 Futures)),ew,-0.4267,1.2,0.0,0,0.00723,0.0,0.0,0.0,0.078589
2022-06-27,300ETF,Future (IF88 (CSI 300 Futures)),ew,1.0692,1.2,0.0,0,0.003123,0.0,0.0,0.0,0.078589
2022-06-28,300ETF,Future (IF88 (CSI 300 Futures)),ew,-0.8771,1.2,-1.0,1,0.014628,-0.014628,0.0008,-0.015428,0.063161
2022-06-29,300ETF,Future (IF88 (CSI 300 Futures)),ew,0.3037,1.2,0.0,0,-0.010098,-0.0,0.0,-0.0,0.063161
2022-06-30,300ETF,Future (IF88 (CSI 300 Futures)),ew,1.0932,1.2,0.0,0,0.005978,0.0,0.0,0.0,0.063161
2022-07-01,300ETF,Future (IF88 (CSI 300 Futures)),ew,0.0332,1.2,0.0,0,-0.001443,-0.0,0.0,-0.0,0.063161
2022-07-04,300ETF,Future (IF88 (CSI 300 Futures)),ew,-0.5188,1.2,0.0,0,0.002336,0.0,0.0,0.0,0.063161
2022-07-05,300ETF,Future (IF88 (CSI 300 Futures)),ew,0.5897,1.2,0.0,0,-0.006454,-0.0,0.0,-0.0,0.063161
2022-07-06,300ETF,Future (IF88 (CSI 300 Futures)),ew,-0.3921,1.2,0.0,0,-0.013821,-0.0,0.0,-0.0,0.063161
2022-07-07,300ETF,Future (IF88 (CSI 300 Futures)),ew,-0.709,1.2,0.0,0,0.006806,0.0,0.0,0.0,0.063161
2022-07-08,300ETF,Future (IF88 (CSI 300 Futures)),ew,0.0057,1.2,0.0,0,-0.003346,-0.0,0.0,-0.0,0.063161
2022-07-11,300ETF,Future (IF88 (CSI 300 Futures)),ew,-1.0585,1.2,-1.0,1,-0.001198,0.001198,0.0008,0.000398,0.063558
2022-07-12,300ETF,Future (IF88 (CSI 300 Futures)),ew,0.236,1.2,0.0,0,-0.008893,-0.0,0.0,-0.0,0.063558
2022-07-13,300ETF,Future (IF88 (CSI 300 Futures)),ew,-0.2301,1.2,0.0,0,-0.000838,-0.0,0.0,-0.0,0.063558
2022-07-14,300ETF,Future (IF88 (CSI 300 Futures)),ew,-0.717,1.2,0.0,0,-0.002741,-0.0,0.0,-0.0,0.063558
2022-07-15,300ETF,Future (IF88 (CSI 300 Futures)),ew,0.0849,1.2,0.0,0,-0.013666,-0.0,0.0,-0.0,0.063558
2022-07-18,300ETF,Future (IF88 (CSI 300 Futures)),ew,-0.4849,1.2,0.0,0,0.008858,0.0,0.0,0.0,0.063558
2022-07-19,300ETF,Future (IF88 (CSI 300 Futures)),ew,-0.7944,1.2,0.0,0,0.003105,0.0,0.0,0.0,0.063558
2022-07-20,300ETF,Future (IF88 (CSI 300 Futures)),ew,-0.0719,1.2,0.0,0,-0.003699,-0.0,0.0,-0.0,0.063558
2022-07-21,300ETF,Future (IF88 (CSI 300 Futures)),ew,-0.5819,1.2,0.0,0,-0.006041,-0.0,0.0,-0.0,0.063558
2022-07-22,300ETF,Future (IF88 (CSI 300 Futures)),ew,0.2792,1.2,0.0,0,-0.002641,-0.0,0.0,-0.0,0.063558
2022-07-25,300ETF,Future (IF88 (CSI 300 Futures)),ew,-0.6235,1.2,0.0,0,0.002236,0.0,0.0,0.0,0.063558
2022-07-26,300ETF,Future (IF88 (CSI 300 Futures)),ew,0.4886,1.2,0.0,0,0.003738,0.0,0.0,0.0,0.063558
2022-07-27,300ETF,Future (IF88 (CSI 300 Futures)),ew,-0.715,1.2,0.0,0,-0.002563,-0.0,0.0,-0.0,0.063558
2022-07-28,300ETF,Future (IF88 (CSI 300 Futures)),ew,0.0002,1.2,0.0,0,-0.001136,-0.0,0.0,-0.0,0.063558
2022-07-29,300ETF,Future (IF88 (CSI 300 Futures)),ew,0.0208,1.2,0.0,0,-0.021056,-0.0,0.0,-0.0,0.063558
2022-08-01,300ETF,Future (IF88 (CSI 300 Futures)),ew,-0.671,1.2,0.0,0,0.001638,0.0,0.0,0.0,0.063558
2022-08-02,300ETF,Future (IF88 (CSI 300 Futures)),ew,-1.3076,1.2,-1.0,1,-0.004816,0.004816,0.0008,0.004016,0.067575
2022-08-03,300ETF,Future (IF88 (CSI 300 Futures)),ew,0.9246,1.2,0.0,0,-0.00979,-0.0,0.0,-0.0,0.067575
2022-08-04,300ETF,Future (IF88 (CSI 300 Futures)),ew,-0.0706,1.2,0.0,0,0.000393,0.0,0.0,0.0,0.067575
2022-08-05,300ETF,Future (IF88 (CSI 300 Futures)),ew,0.2586,1.2,0.0,0,0.010817,0.0,0.0,0.0,0.067575
2022-08-08,300ETF,Future (IF88 (CSI 300 Futures)),ew,-0.2214,1.2,0.0,0,-0.001207,-0.0,0.0,-0.0,0.067575
2022-08-09,300ETF,Future (IF88 (CSI 300 Futures)),ew,-0.3195,1.2,0.0,0,0.002274,0.0,0.0,0.0,0.067575
2022-08-10,300ETF,Future (IF88 (CSI 300 Futures)),ew,-0.081,1.2,0.0,0,-0.011236,-0.0,0.0,-0.0,0.067575
2022-08-11,300ETF,Future (IF88 (CSI 300 Futures)),ew,-0.3135,1.2,0.0,0,0.016668,0.0,0.0,0.0,0.067575
2022-08-12,300ETF,Future (IF88 (CSI 300 Futures)),ew,-0.5514,1.2,0.0,0,0.004303,0.0,0.0,0.0,0.067575
2022-08-15,300ETF,Future (IF88 (CSI 300 Futures)),ew,0.7071,1.2,0.0,0,-0.008953,-0.0,0.0,-0.0,0.067575
2022-08-16,300ETF,Future (IF88 (CSI 300 Futures)),ew,0.0915,1.2,0.0,0,-0.004837,-0.0,0.0,-0.0,0.067575
2022-08-17,300ETF,Future (IF88 (CSI 300 Futures)),ew,-0.5624,1.2,0.0,0,0.014791,0.0,0.0,0.0,0.067575
2022-08-18,300ETF,Future (IF88 (CSI 300 Futures)),ew,-0.3062,1.2,0.0,0,-0.007176,-0.0,0.0,-0.0,0.067575
2022-08-19,300ETF,Future (IF88 (CSI 300 Futures)),ew,0.0171,1.2,0.0,0,-0.005002,-0.0,0.0,-0.0,0.067575
2022-08-22,300ETF,Future (IF88 (CSI 300 Futures)),ew,0.4512,1.2,0.0,0,0.000958,0.0,0.0,0.0,0.067575
2022-08-23,300ETF,Future (IF88 (CSI 300 Futures)),ew,-0.0315,1.2,0.0,0,-0.00265,-0.0,0.0,-0.0,0.067575
2022-08-24,300ETF,Future (IF88 (CSI 300 Futures)),ew,-0.4161,1.2,0.0,0,-0.014525,-0.0,0.0,-0.0,0.067575
2022-08-25,300ETF,Future (IF88 (CSI 300 Futures)),ew,0.0245,1.2,0.0,0,0.00303,0.0,0.0,0.0,0.067575
2022-08-26,300ETF,Future (IF88 (CSI 300 Futures)),ew,-0.4288,1.2,0.0,0,-0.00481,-0.0,0.0,-0.0,0.067575
2022-08-29,300ETF,Future (IF88 (CSI 300 Futures)),ew,-0.3928,1.2,0.0,0,-0.000882,-0.0,0.0,-0.0,0.067575
2022-08-30,300ETF,Future (IF88 (CSI 300 Futures)),ew,-0.2602,1.2,0.0,0,0.000639,0.0,0.0,0.0,0.067575
2022-08-31,300ETF,Future (IF88 (CSI 300 Futures)),ew,0.3189,1.2,0.0,0,-0.00147,-0.0,0.0,-0.0,0.067575
2022-09-01,300ETF,Future (IF88 (CSI 300 Futures)),ew,0.081,1.2,0.0,0,-0.007958,-0.0,0.0,-0.0,0.067575
2022-09-02,300ETF,Future (IF88 (CSI 300 Futures)),ew,-0.5261,1.2,0.0,0,-0.005311,-0.0,0.0,-0.0,0.067575
2022-09-05,300ETF,Future (IF88 (CSI 300 Futures)),ew,-0.606,1.2,0.0,0,-0.000449,-0.0,0.0,-0.0,0.067575
2022-09-06,300ETF,Future (IF88 (CSI 300 Futures)),ew,-0.178,1.2,0.0,0,0.006102,0.0,0.0,0.0,0.067575
2022-09-07,300ETF,Future (IF88 (CSI 300 Futures)),ew,-0.094,1.2,0.0,0,0.00173,0.0,0.0,0.0,0.067575
2022-09-08,300ETF,Future (IF88 (CSI 300 Futures)),ew,-0.171,1.2,0.0,0,-0.004642,-0.0,0.0,-0.0,0.067575
2022-09-09,300ETF,Future (IF88 (CSI 300 Futures)),ew,0.1903,1.2,0.0,0,0.008467,0.0,0.0,0.0,0.067575
2022-09-13,300ETF,Future (IF88 (CSI 300 Futures)),ew,-0.4399,1.2,0.0,0,0.001459,0.0,0.0,0.0,0.067575
2022-09-14,300ETF,Future (IF88 (CSI 300 Futures)),ew,-0.6036,1.2,0.0,0,-0.003434,-0.0,0.0,-0.0,0.067575
2022-09-15,300ETF,Future (IF88 (CSI 300 Futures)),ew,0.333,1.2,0.0,0,-0.015849,-0.0,0.0,-0.0,0.067575
2022-09-16,300ETF,Future (IF88 (CSI 300 Futures)),ew,-0.7134,1.2,0.0,0,-0.010984,-0.0,0.0,-0.0,0.067575
2022-09-19,300ETF,Future (IF88 (CSI 300 Futures)),ew,-0.17,1.2,0.0,0,-0.004067,-0.0,0.0,-0.0,0.067575
2022-09-20,300ETF,Future (IF88 (CSI 300 Futures)),ew,0.0962,1.2,0.0,0,-0.004727,-0.0,0.0,-0.0,0.067575
2022-09-21,300ETF,Future (IF88 (CSI 300 Futures)),ew,-0.904,1.2,-1.0,1,0.005336,-0.005336,0.0008,-0.006136,0.061439
2022-09-22,300ETF,Future (IF88 (CSI 300 Futures)),ew,-0.6728,1.2,0.0,0,-0.006338,-0.0,0.0,-0.0,0.061439
2022-09-23,300ETF,Future (IF88 (CSI 300 Futures)),ew,0.6372,1.2,0.0,0,-0.003614,-0.0,0.0,-0.0,0.061439
2022-09-26,300ETF,Future (IF88 (CSI 300 Futures)),ew,0.64,1.2,0.0,0,-0.007155,-0.0,0.0,-0.0,0.061439
2022-09-27,300ETF,Future (IF88 (CSI 300 Futures)),ew,0.0676,1.2,0.0,0,0.011504,0.0,0.0,0.0,0.061439
2022-09-28,300ETF,Future (IF88 (CSI 300 Futures)),ew,-0.8199,1.2,-1.0,1,-0.005347,0.005347,0.0008,0.004547,0.065985
2022-09-29,300ETF,Future (IF88 (CSI 300 Futures)),ew,-0.1947,1.2,0.0,0,-0.012038,-0.0,0.0,-0.0,0.065985
2022-09-30,300ETF,Future (IF88 (CSI 300 Futures)),ew,0.2735,1.2,0.0,0,-0.004495,-0.0,0.0,-0.0,0.065985
2022-10-10,300ETF,Future (IF88 (CSI 300 Futures)),ew,-0.8106,1.2,-1.0,1,-0.019164,0.019164,0.0008,0.018364,0.084349
2022-10-11,300ETF,Future (IF88 (CSI 300 Futures)),ew,-0.5277,1.2,0.0,0,0.000322,0.0,0.0,0.0,0.084349
2022-10-12,300ETF,Future (IF88 (CSI 300 Futures)),ew,-0.6493,1.2,0.0,0,0.019937,0.0,0.0,0.0,0.084349
2022-10-13,300ETF,Future (IF88 (CSI 300 Futures)),ew,-0.3032,1.2,0.0,0,-0.000106,-0.0,0.0,-0.0,0.084349
2022-10-14,300ETF,Future (IF88 (CSI 300 Futures)),ew,0.9287,1.2,0.0,0,0.007829,0.0,0.0,0.0,0.084349
2022-10-17,300ETF,Future (IF88 (CSI 300 Futures)),ew,-0.3692,1.2,0.0,0,0.008418,0.0,0.0,0.0,0.084349
2022-10-18,300ETF,Future (IF88 (CSI 300 Futures)),ew,-0.4208,1.2,0.0,0,-0.004215,-0.0,0.0,-0.0,0.084349
2022-10-19,300ETF,Future (IF88 (CSI 300 Futures)),ew,-0.0827,1.2,0.0,0,-0.012115,-0.0,0.0,-0.0,0.084349
2022-10-20,300ETF,Future (IF88 (CSI 300 Futures)),ew,-0.6952,1.2,0.0,0,0.003897,0.0,0.0,0.0,0.084349
2022-10-21,300ETF,Future (IF88 (CSI 300 Futures)),ew,0.0969,1.2,0.0,0,-0.003262,-0.0,0.0,-0.0,0.084349
2022-10-24,300ETF,Future (IF88 (CSI 300 Futures)),ew,0.085,1.2,0.0,0,-0.021122,-0.0,0.0,-0.0,0.084349
2022-10-25,300ETF,Future (IF88 (CSI 300 Futures)),ew,0.0463,1.2,0.0,0,-0.000441,-0.0,0.0,-0.0,0.084349
2022-10-26,300ETF,Future (IF88 (CSI 300 Futures)),ew,0.6866,1.2,0.0,0,-0.002849,-0.0,0.0,-0.0,0.084349
2022-10-27,300ETF,Future (IF88 (CSI 300 Futures)),ew,-0.0793,1.2,0.0,0,-0.013264,-0.0,0.0,-0.0,0.084349
2022-10-28,300ETF,Future (IF88 (CSI 300 Futures)),ew,-0.7758,1.2,0.0,0,-0.020637,-0.0,0.0,-0.0,0.084349
2022-10-31,300ETF,Future (IF88 (CSI 300 Futures)),ew,-0.3749,1.2,0.0,0,-0.008639,-0.0,0.0,-0.0,0.084349
2022-11-01,300ETF,Future (IF88 (CSI 300 Futures)),ew,0.8048,1.2,0.0,0,0.023091,0.0,0.0,0.0,0.084349
2022-11-02,300ETF,Future (IF88 (CSI 300 Futures)),ew,0.2726,1.2,0.0,0,0.00869,0.0,0.0,0.0,0.084349
2022-11-03,300ETF,Future (IF88 (CSI 300 Futures)),ew,-0.3298,1.2,0.0,0,0.000767,0.0,0.0,0.0,0.084349
2022-11-04,300ETF,Future (IF88 (CSI 300 Futures)),ew,1.8971,1.2,1.0,1,0.017217,0.017217,0.0008,0.016417,0.100766
2022-11-07,300ETF,Future (IF88 (CSI 300 Futures)),ew,0.5446,1.2,0.0,0,0.003176,0.0,0.0,0.0,0.100766
2022-11-08,300ETF,Future (IF88 (CSI 300 Futures)),ew,-0.4062,1.2,0.0,0,-0.006593,-0.0,0.0,-0.0,0.100766
2022-11-09,300ETF,Future (IF88 (CSI 300 Futures)),ew,-0.149,1.2,0.0,0,-0.006373,-0.0,0.0,-0.0,0.100766
2022-11-10,300ETF,Future (IF88 (CSI 300 Futures)),ew,-1.0314,1.2,-1.0,1,0.000325,-0.000325,0.0008,-0.001125,0.09964
2022-11-11,300ETF,Future (IF88 (CSI 300 Futures)),ew,0.1307,1.2,0.0,0,0.009561,0.0,0.0,0.0,0.09964
2022-11-14,300ETF,Future (IF88 (CSI 300 Futures)),ew,1.2695,1.2,1.0,1,-0.011977,-0.011977,0.0008,-0.012777,0.086864
2022-11-15,300ETF,Future (IF88 (CSI 300 Futures)),ew,-0.4857,1.2,0.0,0,0.016452,0.0,0.0,0.0,0.086864
2022-11-16,300ETF,Future (IF88 (CSI 300 Futures)),ew,-0.5443,1.2,0.0,0,-0.004152,-0.0,0.0,-0.0,0.086864
2022-11-17,300ETF,Future (IF88 (CSI 300 Futures)),ew,-0.8156,1.2,-1.0,1,-0.000157,0.000157,0.0008,-0.000643,0.086221
2022-11-18,300ETF,Future (IF88 (CSI 300 Futures)),ew,-0.3972,1.2,0.0,0,-0.003401,-0.0,0.0,-0.0,0.086221
2022-11-21,300ETF,Future (IF88 (CSI 300 Futures)),ew,-1.1439,1.2,-1.0,1,0.006762,-0.006762,0.0008,-0.007562,0.078659
2022-11-22,300ETF,Future (IF88 (CSI 300 Futures)),ew,-0.0662,1.2,0.0,0,-0.000425,-0.0,0.0,-0.0,0.078659
2022-11-23,300ETF,Future (IF88 (CSI 300 Futures)),ew,0.2453,1.2,0.0,0,0.001322,0.0,0.0,0.0,0.078659
2022-11-24,300ETF,Future (IF88 (CSI 300 Futures)),ew,0.1852,1.2,0.0,0,-0.005826,-0.0,0.0,-0.0,0.078659
2022-11-25,300ETF,Future (IF88 (CSI 300 Futures)),ew,-0.4261,1.2,0.0,0,0.005083,0.0,0.0,0.0,0.078659
2022-11-28,300ETF,Future (IF88 (CSI 300 Futures)),ew,-1.4768,1.2,-1.0,1,0.011682,-0.011682,0.0008,-0.012482,0.066177
2022-11-29,300ETF,Future (IF88 (CSI 300 Futures)),ew,0.7956,1.2,0.0,0,0.019212,0.0,0.0,0.0,0.066177
2022-11-30,300ETF,Future (IF88 (CSI 300 Futures)),ew,0.5853,1.2,0.0,0,-0.001453,-0.0,0.0,-0.0,0.066177
2022-12-01,300ETF,Future (IF88 (CSI 300 Futures)),ew,1.0576,1.2,0.0,0,-0.00459,-0.0,0.0,-0.0,0.066177
2022-12-02,300ETF,Future (IF88 (CSI 300 Futures)),ew,-0.252,1.2,0.0,0,-0.005235,-0.0,0.0,-0.0,0.066177
2022-12-05,300ETF,Future (IF88 (CSI 300 Futures)),ew,0.1543,1.2,0.0,0,0.00753,0.0,0.0,0.0,0.066177
2022-12-06,300ETF,Future (IF88 (CSI 300 Futures)),ew,0.2059,1.2,0.0,0,0.003637,0.0,0.0,0.0,0.066177
2022-12-07,300ETF,Future (IF88 (CSI 300 Futures)),ew,-0.2348,1.2,0.0,0,-0.001564,-0.0,0.0,-0.0,0.066177
2022-12-08,300ETF,Future (IF88 (CSI 300 Futures)),ew,-0.3952,1.2,0.0,0,0.000806,0.0,0.0,0.0,0.066177
2022-12-09,300ETF,Future (IF88 (CSI 300 Futures)),ew,0.0572,1.2,0.0,0,0.01194,0.0,0.0,0.0,0.066177
2022-12-12,300ETF,Future (IF88 (CSI 300 Futures)),ew,-0.6518,1.2,0.0,0,-0.005237,-0.0,0.0,-0.0,0.066177
2022-12-13,300ETF,Future (IF88 (CSI 300 Futures)),ew,-0.3018,1.2,0.0,0,-0.000607,-0.0,0.0,-0.0,0.066177
2022-12-14,300ETF,Future (IF88 (CSI 300 Futures)),ew,-0.2182,1.2,0.0,0,-0.002174,-0.0,0.0,-0.0,0.066177
2022-12-15,300ETF,Future (IF88 (CSI 300 Futures)),ew,-0.1064,1.2,0.0,0,0.004768,0.0,0.0,0.0,0.066177
2022-12-16,300ETF,Future (IF88 (CSI 300 Futures)),ew,-0.2361,1.2,0.0,0,0.004048,0.0,0.0,0.0,0.066177
2022-12-19,300ETF,Future (IF88 (CSI 300 Futures)),ew,0.1577,1.2,0.0,0,-0.014515,-0.0,0.0,-0.0,0.066177
2022-12-20,300ETF,Future (IF88 (CSI 300 Futures)),ew,-0.7669,1.2,0.0,0,-0.010384,-0.0,0.0,-0.0,0.066177
2022-12-21,300ETF,Future (IF88 (CSI 300 Futures)),ew,0.0091,1.2,0.0,0,-0.003118,-0.0,0.0,-0.0,0.066177
2022-12-22,300ETF,Future (IF88 (CSI 300 Futures)),ew,-0.3105,1.2,0.0,0,-0.010204,-0.0,0.0,-0.0,0.066177
2022-12-23,300ETF,Future (IF88 (CSI 300 Futures)),ew,-0.0509,1.2,0.0,0,-0.006439,-0.0,0.0,-0.0,0.066177
2022-12-26,300ETF,Future (IF88 (CSI 300 Futures)),ew,0.2188,1.2,0.0,0,-0.002697,-0.0,0.0,-0.0,0.066177
2022-12-27,300ETF,Future (IF88 (CSI 300 Futures)),ew,0.1497,1.2,0.0,0,0.004158,0.0,0.0,0.0,0.066177
2022-12-28,300ETF,Future (IF88 (CSI 300 Futures)),ew,-0.6862,1.2,0.0,0,0.003402,0.0,0.0,0.0,0.066177
2022-12-29,300ETF,Future (IF88 (CSI 300 Futures)),ew,-0.8155,1.2,-1.0,1,0.007561,-0.007561,0.0008,-0.008361,0.057816
2022-12-30,300ETF,Future (IF88 (CSI 300 Futures)),ew,0.6544,1.2,0.0,0,-0.001645,-0.0,0.0,-0.0,0.057816
2023-01-03,300ETF,Future (IF88 (CSI 300 Futures)),ew,-0.9005,1.2,-1.0,1,0.016163,-0.016163,0.0008,-0.016963,0.040853
2023-01-04,300ETF,Future (IF88 (CSI 300 Futures)),ew,-0.5217,1.2,0.0,0,0.001489,0.0,0.0,0.0,0.040853
2023-01-05,300ETF,Future (IF88 (CSI 300 Futures)),ew,1.3099,1.2,1.0,1,0.006956,0.006956,0.0008,0.006156,0.047009
2023-01-06,300ETF,Future (IF88 (CSI 300 Futures)),ew,-0.2224,1.2,0.0,0,0.003162,0.0,0.0,0.0,0.047009
2023-01-09,300ETF,Future (IF88 (CSI 300 Futures)),ew,0.0838,1.2,0.0,0,0.003088,0.0,0.0,0.0,0.047009
2023-01-10,300ETF,Future (IF88 (CSI 300 Futures)),ew,-0.5325,1.2,0.0,0,0.000647,0.0,0.0,0.0,0.047009
2023-01-11,300ETF,Future (IF88 (CSI 300 Futures)),ew,0.1766,1.2,0.0,0,-0.002584,-0.0,0.0,-0.0,0.047009
2023-01-12,300ETF,Future (IF88 (CSI 300 Futures)),ew,-0.1436,1.2,0.0,0,-0.003076,-0.0,0.0,-0.0,0.047009
2023-01-13,300ETF,Future (IF88 (CSI 300 Futures)),ew,-0.0103,1.2,0.0,0,0.00655,0.0,0.0,0.0,0.047009
2023-01-16,300ETF,Future (IF88 (CSI 300 Futures)),ew,1.0269,1.2,0.0,0,0.008697,0.0,0.0,0.0,0.047009
2023-01-17,300ETF,Future (IF88 (CSI 300 Futures)),ew,-0.1288,1.2,0.0,0,0.000483,0.0,0.0,0.0,0.047009
2023-01-18,300ETF,Future (IF88 (CSI 300 Futures)),ew,0.0022,1.2,0.0,0,-0.000918,-0.0,0.0,-0.0,0.047009
2023-01-19,300ETF,Future (IF88 (CSI 300 Futures)),ew,-0.3695,1.2,0.0,0,0.010743,0.0,0.0,0.0,0.047009
2023-01-20,300ETF,Future (IF88 (CSI 300 Futures)),ew,0.2259,1.2,0.0,0,4.8e-05,0.0,0.0,0.0,0.047009
2023-01-30,300ETF,Future (IF88 (CSI 300 Futures)),ew,-0.4066,1.2,0.0,0,-0.011799,-0.0,0.0,-0.0,0.047009
2023-01-31,300ETF,Future (IF88 (CSI 300 Futures)),ew,0.0202,1.2,0.0,0,-0.010633,-0.0,0.0,-0.0,0.047009
2023-02-01,300ETF,Future (IF88 (CSI 300 Futures)),ew,0.5361,1.2,0.0,0,0.00119,0.0,0.0,0.0,0.047009
2023-02-02,300ETF,Future (IF88 (CSI 300 Futures)),ew,-0.9359,1.2,-1.0,1,-0.002764,0.002764,0.0008,0.001964,0.048973
2023-02-03,300ETF,Future (IF88 (CSI 300 Futures)),ew,-0.8579,1.2,-1.0,1,0.003237,-0.003237,0.0008,-0.004037,0.044937
2023-02-06,300ETF,Future (IF88 (CSI 300 Futures)),ew,-1.197,1.2,-1.0,1,-0.005865,0.005865,0.0008,0.005065,0.050002
2023-02-07,300ETF,Future (IF88 (CSI 300 Futures)),ew,-0.147,1.2,0.0,0,-0.001074,-0.0,0.0,-0.0,0.050002
2023-02-08,300ETF,Future (IF88 (CSI 300 Futures)),ew,0.1913,1.2,0.0,0,-0.004298,-0.0,0.0,-0.0,0.050002
2023-02-09,300ETF,Future (IF88 (CSI 300 Futures)),ew,0.8024,1.2,0.0,0,0.00683,0.0,0.0,0.0,0.050002
2023-02-10,300ETF,Future (IF88 (CSI 300 Futures)),ew,-0.6705,1.2,0.0,0,-0.003637,-0.0,0.0,-0.0,0.050002
2023-02-13,300ETF,Future (IF88 (CSI 300 Futures)),ew,0.5924,1.2,0.0,0,0.003094,0.0,0.0,0.0,0.050002
2023-02-14,300ETF,Future (IF88 (CSI 300 Futures)),ew,-0.7384,1.2,0.0,0,-0.000531,-0.0,0.0,-0.0,0.050002
2023-02-15,300ETF,Future (IF88 (CSI 300 Futures)),ew,-0.2736,1.2,0.0,0,-0.002856,-0.0,0.0,-0.0,0.050002
2023-02-16,300ETF,Future (IF88 (CSI 300 Futures)),ew,-0.2864,1.2,0.0,0,-0.012108,-0.0,0.0,-0.0,0.050002
2023-02-17,300ETF,Future (IF88 (CSI 300 Futures)),ew,0.2385,1.2,0.0,0,-0.014645,-0.0,0.0,-0.0,0.050002
2023-02-20,300ETF,Future (IF88 (CSI 300 Futures)),ew,0.4528,1.2,0.0,0,0.021083,0.0,0.0,0.0,0.050002
2023-02-21,300ETF,Future (IF88 (CSI 300 Futures)),ew,-0.2173,1.2,0.0,0,-0.001158,-0.0,0.0,-0.0,0.050002
2023-02-22,300ETF,Future (IF88 (CSI 300 Futures)),ew,-0.5574,1.2,0.0,0,-0.001459,-0.0,0.0,-0.0,0.050002
2023-02-23,300ETF,Future (IF88 (CSI 300 Futures)),ew,0.6748,1.2,0.0,0,-0.004672,-0.0,0.0,-0.0,0.050002
2023-02-24,300ETF,Future (IF88 (CSI 300 Futures)),ew,-0.7826,1.2,0.0,0,-0.004559,-0.0,0.0,-0.0,0.050002
2023-02-27,300ETF,Future (IF88 (CSI 300 Futures)),ew,-0.3051,1.2,0.0,0,-0.002075,-0.0,0.0,-0.0,0.050002
2023-02-28,300ETF,Future (IF88 (CSI 300 Futures)),ew,0.3101,1.2,0.0,0,0.001181,0.0,0.0,0.0,0.050002
2023-03-01,300ETF,Future (IF88 (CSI 300 Futures)),ew,0.3727,1.2,0.0,0,0.00685,0.0,0.0,0.0,0.050002
2023-03-02,300ETF,Future (IF88 (CSI 300 Futures)),ew,-0.2321,1.2,0.0,0,-0.001453,-0.0,0.0,-0.0,0.050002
2023-03-03,300ETF,Future (IF88 (CSI 300 Futures)),ew,-0.0164,1.2,0.0,0,0.001111,0.0,0.0,0.0,0.050002
2023-03-06,300ETF,Future (IF88 (CSI 300 Futures)),ew,-0.7927,1.2,0.0,0,-0.000974,-0.0,0.0,-0.0,0.050002
2023-03-07,300ETF,Future (IF88 (CSI 300 Futures)),ew,0.1562,1.2,0.0,0,-0.010298,-0.0,0.0,-0.0,0.050002
2023-03-08,300ETF,Future (IF88 (CSI 300 Futures)),ew,-0.5276,1.2,0.0,0,0.000248,0.0,0.0,0.0,0.050002
2023-03-09,300ETF,Future (IF88 (CSI 300 Futures)),ew,-0.5859,1.2,0.0,0,-0.002777,-0.0,0.0,-0.0,0.050002
2023-03-10,300ETF,Future (IF88 (CSI 300 Futures)),ew,-0.4381,1.2,0.0,0,-0.003963,-0.0,0.0,-0.0,0.050002
2023-03-13,300ETF,Future (IF88 (CSI 300 Futures)),ew,1.1481,1.2,0.0,0,0.005109,0.0,0.0,0.0,0.050002
2023-03-14,300ETF,Future (IF88 (CSI 300 Futures)),ew,-0.6727,1.2,0.0,0,0.001504,0.0,0.0,0.0,0.050002
2023-03-15,300ETF,Future (IF88 (CSI 300 Futures)),ew,-0.0035,1.2,0.0,0,-0.007641,-0.0,0.0,-0.0,0.050002
2023-03-16,300ETF,Future (IF88 (CSI 300 Futures)),ew,-0.5829,1.2,0.0,0,-0.003433,-0.0,0.0,-0.0,0.050002
2023-03-17,300ETF,Future (IF88 (CSI 300 Futures)),ew,-0.1692,1.2,0.0,0,-0.006005,-0.0,0.0,-0.0,0.050002
2023-03-20,300ETF,Future (IF88 (CSI 300 Futures)),ew,0.3497,1.2,0.0,0,-0.008079,-0.0,0.0,-0.0,0.050002
2023-03-21,300ETF,Future (IF88 (CSI 300 Futures)),ew,0.4628,1.2,0.0,0,0.00377,0.0,0.0,0.0,0.050002
2023-03-22,300ETF,Future (IF88 (CSI 300 Futures)),ew,0.6069,1.2,0.0,0,-0.004885,-0.0,0.0,-0.0,0.050002
2023-03-23,300ETF,Future (IF88 (CSI 300 Futures)),ew,0.2359,1.2,0.0,0,0.008051,0.0,0.0,0.0,0.050002
2023-03-24,300ETF,Future (IF88 (CSI 300 Futures)),ew,-0.7958,1.2,0.0,0,0.000545,0.0,0.0,0.0,0.050002
2023-03-27,300ETF,Future (IF88 (CSI 300 Futures)),ew,-0.7852,1.2,0.0,0,0.001145,0.0,0.0,0.0,0.050002
2023-03-28,300ETF,Future (IF88 (CSI 300 Futures)),ew,0.0214,1.2,0.0,0,-0.001097,-0.0,0.0,-0.0,0.050002
2023-03-29,300ETF,Future (IF88 (CSI 300 Futures)),ew,-0.3527,1.2,0.0,0,0.0,0.0,0.0,0.0,0.050002
2023-03-30,300ETF,Future (IF88 (CSI 300 Futures)),ew,0.3319,1.2,0.0,0,0.007057,0.0,0.0,0.0,0.050002
2023-03-31,300ETF,Future (IF88 (CSI 300 Futures)),ew,0.3886,1.2,0.0,0,-0.003297,-0.0,0.0,-0.0,0.050002
2023-04-03,300ETF,Future (IF88 (CSI 300 Futures)),ew,0.4558,1.2,0.0,0,0.004351,0.0,0.0,0.0,0.050002
2023-04-04,300ETF,Future (IF88 (CSI 300 Futures)),ew,-0.3866,1.2,0.0,0,0.00459,0.0,0.0,0.0,0.050002
2023-04-06,300ETF,Future (IF88 (CSI 300 Futures)),ew,-0.4334,1.2,0.0,0,0.000781,0.0,0.0,0.0,0.050002
2023-04-07,300ETF,Future (IF88 (CSI 300 Futures)),ew,0.384,1.2,0.0,0,0.001793,0.0,0.0,0.0,0.050002
2023-04-10,300ETF,Future (IF88 (CSI 300 Futures)),ew,-0.8172,1.2,-1.0,1,-0.002766,0.002766,0.0008,0.001966,0.051968
2023-04-11,300ETF,Future (IF88 (CSI 300 Futures)),ew,-0.3422,1.2,0.0,0,-0.005696,-0.0,0.0,-0.0,0.051968
2023-04-12,300ETF,Future (IF88 (CSI 300 Futures)),ew,-0.3409,1.2,0.0,0,-0.001366,-0.0,0.0,-0.0,0.051968
2023-04-13,300ETF,Future (IF88 (CSI 300 Futures)),ew,-0.8838,1.2,-1.0,1,-0.001276,0.001276,0.0008,0.000476,0.052444
2023-04-14,300ETF,Future (IF88 (CSI 300 Futures)),ew,0.3406,1.2,0.0,0,-0.001564,-0.0,0.0,-0.0,0.052444
2023-04-17,300ETF,Future (IF88 (CSI 300 Futures)),ew,0.7335,1.2,0.0,0,0.006003,0.0,0.0,0.0,0.052444
2023-04-18,300ETF,Future (IF88 (CSI 300 Futures)),ew,0.6275,1.2,0.0,0,0.001876,0.0,0.0,0.0,0.052444
2023-04-19,300ETF,Future (IF88 (CSI 300 Futures)),ew,-0.7605,1.2,0.0,0,-0.004689,-0.0,0.0,-0.0,0.052444
2023-04-20,300ETF,Future (IF88 (CSI 300 Futures)),ew,-0.4722,1.2,0.0,0,-0.002966,-0.0,0.0,-0.0,0.052444
2023-04-21,300ETF,Future (IF88 (CSI 300 Futures)),ew,-0.8088,1.2,-1.0,1,-0.015049,0.015049,0.0008,0.014249,0.066693
2023-04-24,300ETF,Future (IF88 (CSI 300 Futures)),ew,-0.582,1.2,0.0,0,-0.009912,-0.0,0.0,-0.0,0.066693
2023-04-25,300ETF,Future (IF88 (CSI 300 Futures)),ew,-0.0594,1.2,0.0,0,-0.00121,-0.0,0.0,-0.0,0.066693
2023-04-26,300ETF,Future (IF88 (CSI 300 Futures)),ew,-0.6014,1.2,0.0,0,-0.000151,-0.0,0.0,-0.0,0.066693
2023-04-27,300ETF,Future (IF88 (CSI 300 Futures)),ew,0.1448,1.2,0.0,0,0.006283,0.0,0.0,0.0,0.066693
2023-04-28,300ETF,Future (IF88 (CSI 300 Futures)),ew,0.8673,1.2,0.0,0,0.000646,0.0,0.0,0.0,0.066693
2023-05-04,300ETF,Future (IF88 (CSI 300 Futures)),ew,-0.7808,1.2,0.0,0,0.002143,0.0,0.0,0.0,0.066693
2023-05-05,300ETF,Future (IF88 (CSI 300 Futures)),ew,0.3599,1.2,0.0,0,-0.002194,-0.0,0.0,-0.0,0.066693
2023-05-08,300ETF,Future (IF88 (CSI 300 Futures)),ew,-0.1335,1.2,0.0,0,0.009683,0.0,0.0,0.0,0.066693
2023-05-09,300ETF,Future (IF88 (CSI 300 Futures)),ew,-0.586,1.2,0.0,0,-0.003763,-0.0,0.0,-0.0,0.066693
2023-05-10,300ETF,Future (IF88 (CSI 300 Futures)),ew,-0.7261,1.2,0.0,0,-0.004306,-0.0,0.0,-0.0,0.066693
2023-05-11,300ETF,Future (IF88 (CSI 300 Futures)),ew,-0.1214,1.2,0.0,0,-0.003909,-0.0,0.0,-0.0,0.066693
2023-05-12,300ETF,Future (IF88 (CSI 300 Futures)),ew,0.0341,1.2,0.0,0,-0.013325,-0.0,0.0,-0.0,0.066693
2023-05-15,300ETF,Future (IF88 (CSI 300 Futures)),ew,-0.4445,1.2,0.0,0,0.012817,0.0,0.0,0.0,0.066693
2023-05-16,300ETF,Future (IF88 (CSI 300 Futures)),ew,-0.7585,1.2,0.0,0,-0.004376,-0.0,0.0,-0.0,0.066693
2023-05-17,300ETF,Future (IF88 (CSI 300 Futures)),ew,-0.8487,1.2,-1.0,1,-0.004248,0.004248,0.0008,0.003448,0.070141
2023-05-18,300ETF,Future (IF88 (CSI 300 Futures)),ew,0.2611,1.2,0.0,0,-0.004097,-0.0,0.0,-0.0,0.070141
2023-05-19,300ETF,Future (IF88 (CSI 300 Futures)),ew,-0.7442,1.2,0.0,0,0.005034,0.0,0.0,0.0,0.070141
2023-05-22,300ETF,Future (IF88 (CSI 300 Futures)),ew,0.3839,1.2,0.0,0,0.002525,0.0,0.0,0.0,0.070141
2023-05-23,300ETF,Future (IF88 (CSI 300 Futures)),ew,-0.5679,1.2,0.0,0,-0.007274,-0.0,0.0,-0.0,0.070141
2023-05-24,300ETF,Future (IF88 (CSI 300 Futures)),ew,-0.9872,1.2,-1.0,1,-0.003158,0.003158,0.0008,0.002358,0.072499
2023-05-25,300ETF,Future (IF88 (CSI 300 Futures)),ew,-0.1576,1.2,0.0,0,-0.00266,-0.0,0.0,-0.0,0.072499
2023-05-26,300ETF,Future (IF88 (CSI 300 Futures)),ew,-0.886,1.2,-1.0,1,0.006309,-0.006309,0.0008,-0.007109,0.065391
2023-05-29,300ETF,Future (IF88 (CSI 300 Futures)),ew,-0.4542,1.2,0.0,0,-0.005849,-0.0,0.0,-0.0,0.065391
2023-05-30,300ETF,Future (IF88 (CSI 300 Futures)),ew,-0.13,1.2,0.0,0,-0.001463,-0.0,0.0,-0.0,0.065391
2023-05-31,300ETF,Future (IF88 (CSI 300 Futures)),ew,-0.8031,1.2,-1.0,1,-0.003271,0.003271,0.0008,0.002471,0.067861
2023-06-01,300ETF,Future (IF88 (CSI 300 Futures)),ew,0.9149,1.2,0.0,0,-0.00604,-0.0,0.0,-0.0,0.067861
2023-06-02,300ETF,Future (IF88 (CSI 300 Futures)),ew,0.6144,1.2,0.0,0,0.007751,0.0,0.0,0.0,0.067861
2023-06-05,300ETF,Future (IF88 (CSI 300 Futures)),ew,-0.884,1.2,-1.0,1,-0.001771,0.001771,0.0008,0.000971,0.068832
2023-06-06,300ETF,Future (IF88 (CSI 300 Futures)),ew,-0.5386,1.2,0.0,0,-0.004826,-0.0,0.0,-0.0,0.068832
2023-06-07,300ETF,Future (IF88 (CSI 300 Futures)),ew,-0.0213,1.2,0.0,0,-0.009232,-0.0,0.0,-0.0,0.068832
2023-06-08,300ETF,Future (IF88 (CSI 300 Futures)),ew,-0.1813,1.2,0.0,0,0.008066,0.0,0.0,0.0,0.068832
2023-06-09,300ETF,Future (IF88 (CSI 300 Futures)),ew,-0.1002,1.2,0.0,0,0.002876,0.0,0.0,0.0,0.068832
2023-06-12,300ETF,Future (IF88 (CSI 300 Futures)),ew,-0.5425,1.2,0.0,0,0.005738,0.0,0.0,0.0,0.068832
2023-06-13,300ETF,Future (IF88 (CSI 300 Futures)),ew,0.3596,1.2,0.0,0,0.00602,0.0,0.0,0.0,0.068832
2023-06-14,300ETF,Future (IF88 (CSI 300 Futures)),ew,0.2199,1.2,0.0,0,-0.005314,-0.0,0.0,-0.0,0.068832
2023-06-15,300ETF,Future (IF88 (CSI 300 Futures)),ew,0.6645,1.2,0.0,0,0.01005,0.0,0.0,0.0,0.068832
2023-06-16,300ETF,Future (IF88 (CSI 300 Futures)),ew,0.3994,1.2,0.0,0,0.007743,0.0,0.0,0.0,0.068832
2023-06-19,300ETF,Future (IF88 (CSI 300 Futures)),ew,-0.9803,1.2,-1.0,1,-0.00471,0.00471,0.0008,0.00391,0.072742
2023-06-20,300ETF,Future (IF88 (CSI 300 Futures)),ew,0.1715,1.2,0.0,0,-0.002461,-0.0,0.0,-0.0,0.072742
2023-06-21,300ETF,Future (IF88 (CSI 300 Futures)),ew,-0.1812,1.2,0.0,0,-0.007867,-0.0,0.0,-0.0,0.072742
2023-06-26,300ETF,Future (IF88 (CSI 300 Futures)),ew,-0.882,1.2,-1.0,1,0.000106,-0.000106,0.0008,-0.000906,0.071836
2023-06-27,300ETF,Future (IF88 (CSI 300 Futures)),ew,0.3817,1.2,0.0,0,0.005408,0.0,0.0,0.0,0.071836
2023-06-28,300ETF,Future (IF88 (CSI 300 Futures)),ew,-0.5012,1.2,0.0,0,0.003516,0.0,0.0,0.0,0.071836
2023-06-29,300ETF,Future (IF88 (CSI 300 Futures)),ew,-0.4873,1.2,0.0,0,-0.001733,-0.0,0.0,-0.0,0.071836
2023-06-30,300ETF,Future (IF88 (CSI 300 Futures)),ew,0.3232,1.2,0.0,0,0.004554,0.0,0.0,0.0,0.071836
2023-07-03,300ETF,Future (IF88 (CSI 300 Futures)),ew,1.0972,1.2,0.0,0,0.002016,0.0,0.0,0.0,0.071836
2023-07-04,300ETF,Future (IF88 (CSI 300 Futures)),ew,-0.6151,1.2,0.0,0,0.001497,0.0,0.0,0.0,0.071836
2023-07-05,300ETF,Future (IF88 (CSI 300 Futures)),ew,-0.3288,1.2,0.0,0,-0.001349,-0.0,0.0,-0.0,0.071836
2023-07-06,300ETF,Future (IF88 (CSI 300 Futures)),ew,0.1305,1.2,0.0,0,-0.010417,-0.0,0.0,-0.0,0.071836
2023-07-07,300ETF,Future (IF88 (CSI 300 Futures)),ew,-0.4668,1.2,0.0,0,0.000472,0.0,0.0,0.0,0.071836
2023-07-10,300ETF,Future (IF88 (CSI 300 Futures)),ew,0.3194,1.2,0.0,0,-0.004125,-0.0,0.0,-0.0,0.071836
2023-07-11,300ETF,Future (IF88 (CSI 300 Futures)),ew,-0.0963,1.2,0.0,0,0.004681,0.0,0.0,0.0,0.071836
2023-07-12,300ETF,Future (IF88 (CSI 300 Futures)),ew,-0.501,1.2,0.0,0,-0.004317,-0.0,0.0,-0.0,0.071836
2023-07-13,300ETF,Future (IF88 (CSI 300 Futures)),ew,0.9787,1.2,0.0,0,0.003807,0.0,0.0,0.0,0.071836
2023-07-14,300ETF,Future (IF88 (CSI 300 Futures)),ew,-0.3576,1.2,0.0,0,-0.000308,-0.0,0.0,-0.0,0.071836
2023-07-17,300ETF,Future (IF88 (CSI 300 Futures)),ew,-1.1257,1.2,-1.0,1,0.0,-0.0,0.0008,-0.0008,0.071036
2023-07-18,300ETF,Future (IF88 (CSI 300 Futures)),ew,-0.7077,1.2,0.0,0,0.000156,0.0,0.0,0.0,0.071036
2023-07-19,300ETF,Future (IF88 (CSI 300 Futures)),ew,0.0644,1.2,0.0,0,-0.000416,-0.0,0.0,-0.0,0.071036
2023-07-20,300ETF,Future (IF88 (CSI 300 Futures)),ew,0.503,1.2,0.0,0,-0.008373,-0.0,0.0,-0.0,0.071036
2023-07-21,300ETF,Future (IF88 (CSI 300 Futures)),ew,-0.1181,1.2,0.0,0,-0.002349,-0.0,0.0,-0.0,0.071036
2023-07-24,300ETF,Future (IF88 (CSI 300 Futures)),ew,-0.4206,1.2,0.0,0,-0.002622,-0.0,0.0,-0.0,0.071036
2023-07-25,300ETF,Future (IF88 (CSI 300 Futures)),ew,1.0869,1.2,0.0,0,0.006449,0.0,0.0,0.0,0.071036
2023-07-26,300ETF,Future (IF88 (CSI 300 Futures)),ew,-0.2225,1.2,0.0,0,-0.003115,-0.0,0.0,-0.0,0.071036
2023-07-27,300ETF,Future (IF88 (CSI 300 Futures)),ew,0.2262,1.2,0.0,0,-0.005516,-0.0,0.0,-0.0,0.071036
2023-07-28,300ETF,Future (IF88 (CSI 300 Futures)),ew,-0.1065,1.2,0.0,0,0.025366,0.0,0.0,0.0,0.071036
2023-07-31,300ETF,Future (IF88 (CSI 300 Futures)),ew,1.6678,1.2,1.0,1,-0.007969,-0.007969,0.0008,-0.008769,0.062267
2023-08-01,300ETF,Future (IF88 (CSI 300 Futures)),ew,0.2808,1.2,0.0,0,-0.006999,-0.0,0.0,-0.0,0.062267
2023-08-02,300ETF,Future (IF88 (CSI 300 Futures)),ew,0.3082,1.2,0.0,0,-0.009932,-0.0,0.0,-0.0,0.062267
2023-08-03,300ETF,Future (IF88 (CSI 300 Futures)),ew,0.2364,1.2,0.0,0,0.005798,0.0,0.0,0.0,0.062267
2023-08-04,300ETF,Future (IF88 (CSI 300 Futures)),ew,0.8643,1.2,0.0,0,-0.004885,-0.0,0.0,-0.0,0.062267
2023-08-07,300ETF,Future (IF88 (CSI 300 Futures)),ew,-1.0091,1.2,-1.0,1,-0.003191,0.003191,0.0008,0.002391,0.064659
2023-08-08,300ETF,Future (IF88 (CSI 300 Futures)),ew,-0.8782,1.2,-1.0,1,0.002351,-0.002351,0.0008,-0.003151,0.061507
2023-08-09,300ETF,Future (IF88 (CSI 300 Futures)),ew,0.0519,1.2,0.0,0,-0.001903,-0.0,0.0,-0.0,0.061507
2023-08-10,300ETF,Future (IF88 (CSI 300 Futures)),ew,0.1615,1.2,0.0,0,0.003459,0.0,0.0,0.0,0.061507
2023-08-11,300ETF,Future (IF88 (CSI 300 Futures)),ew,-0.8341,1.2,-1.0,1,-0.014978,0.014978,0.0008,0.014178,0.075685
2023-08-14,300ETF,Future (IF88 (CSI 300 Futures)),ew,-1.0447,1.2,-1.0,1,0.003628,-0.003628,0.0008,-0.004428,0.071257
2023-08-15,300ETF,Future (IF88 (CSI 300 Futures)),ew,-0.245,1.2,0.0,0,-0.001347,-0.0,0.0,-0.0,0.071257
2023-08-16,300ETF,Future (IF88 (CSI 300 Futures)),ew,-0.2517,1.2,0.0,0,-0.001822,-0.0,0.0,-0.0,0.071257
2023-08-17,300ETF,Future (IF88 (CSI 300 Futures)),ew,-0.7014,1.2,0.0,0,0.009556,0.0,0.0,0.0,0.071257
2023-08-18,300ETF,Future (IF88 (CSI 300 Futures)),ew,-0.0707,1.2,0.0,0,-0.012698,-0.0,0.0,-0.0,0.071257
2023-08-21,300ETF,Future (IF88 (CSI 300 Futures)),ew,-0.8567,1.2,-1.0,1,-0.002502,0.002502,0.0008,0.001702,0.072959
2023-08-22,300ETF,Future (IF88 (CSI 300 Futures)),ew,0.2375,1.2,0.0,0,0.006818,0.0,0.0,0.0,0.072959
2023-08-23,300ETF,Future (IF88 (CSI 300 Futures)),ew,-0.6552,1.2,0.0,0,-0.009932,-0.0,0.0,-0.0,0.072959
2023-08-24,300ETF,Future (IF88 (CSI 300 Futures)),ew,0.1314,1.2,0.0,0,0.006334,0.0,0.0,0.0,0.072959
2023-08-25,300ETF,Future (IF88 (CSI 300 Futures)),ew,-0.3642,1.2,0.0,0,-0.00457,-0.0,0.0,-0.0,0.072959
2023-08-28,300ETF,Future (IF88 (CSI 300 Futures)),ew,-0.4305,1.2,0.0,0,-0.022705,-0.0,0.0,-0.0,0.072959
2023-08-29,300ETF,Future (IF88 (CSI 300 Futures)),ew,0.5914,1.2,0.0,0,0.006355,0.0,0.0,0.0,0.072959
2023-08-30,300ETF,Future (IF88 (CSI 300 Futures)),ew,-0.3882,1.2,0.0,0,-0.005672,-0.0,0.0,-0.0,0.072959
2023-08-31,300ETF,Future (IF88 (CSI 300 Futures)),ew,-0.1577,1.2,0.0,0,-0.003542,-0.0,0.0,-0.0,0.072959
2023-09-01,300ETF,Future (IF88 (CSI 300 Futures)),ew,0.7439,1.2,0.0,0,-0.002213,-0.0,0.0,-0.0,0.072959
2023-09-04,300ETF,Future (IF88 (CSI 300 Futures)),ew,0.0688,1.2,0.0,0,0.006205,0.0,0.0,0.0,0.072959
2023-09-05,300ETF,Future (IF88 (CSI 300 Futures)),ew,-0.7495,1.2,0.0,0,-0.003813,-0.0,0.0,-0.0,0.072959
2023-09-06,300ETF,Future (IF88 (CSI 300 Futures)),ew,-0.85,1.2,-1.0,1,0.004824,-0.004824,0.0008,-0.005624,0.067336
2023-09-07,300ETF,Future (IF88 (CSI 300 Futures)),ew,-0.9822,1.2,-1.0,1,-0.007837,0.007837,0.0008,0.007037,0.074372
2023-09-08,300ETF,Future (IF88 (CSI 300 Futures)),ew,-0.4172,1.2,0.0,0,0.000696,0.0,0.0,0.0,0.074372
2023-09-11,300ETF,Future (IF88 (CSI 300 Futures)),ew,0.1555,1.2,0.0,0,0.006068,0.0,0.0,0.0,0.074372
2023-09-12,300ETF,Future (IF88 (CSI 300 Futures)),ew,-0.636,1.2,0.0,0,-0.000213,-0.0,0.0,-0.0,0.074372
2023-09-13,300ETF,Future (IF88 (CSI 300 Futures)),ew,0.1919,1.2,0.0,0,-0.009445,-0.0,0.0,-0.0,0.074372
2023-09-14,300ETF,Future (IF88 (CSI 300 Futures)),ew,0.2118,1.2,0.0,0,-0.002675,-0.0,0.0,-0.0,0.074372
2023-09-15,300ETF,Future (IF88 (CSI 300 Futures)),ew,-0.6589,1.2,0.0,0,-0.005638,-0.0,0.0,-0.0,0.074372
2023-09-18,300ETF,Future (IF88 (CSI 300 Futures)),ew,0.1953,1.2,0.0,0,0.002088,0.0,0.0,0.0,0.074372
2023-09-19,300ETF,Future (IF88 (CSI 300 Futures)),ew,-0.7778,1.2,0.0,0,0.005959,0.0,0.0,0.0,0.074372
2023-09-20,300ETF,Future (IF88 (CSI 300 Futures)),ew,-0.7053,1.2,0.0,0,0.000429,0.0,0.0,0.0,0.074372
2023-09-21,300ETF,Future (IF88 (CSI 300 Futures)),ew,-0.087,1.2,0.0,0,-0.005141,-0.0,0.0,-0.0,0.074372
2023-09-22,300ETF,Future (IF88 (CSI 300 Futures)),ew,-0.1992,1.2,0.0,0,0.015826,0.0,0.0,0.0,0.074372
2023-09-25,300ETF,Future (IF88 (CSI 300 Futures)),ew,-0.9348,1.2,-1.0,1,-0.001073,0.001073,0.0008,0.000273,0.074645
2023-09-26,300ETF,Future (IF88 (CSI 300 Futures)),ew,0.155,1.2,0.0,0,-0.003068,-0.0,0.0,-0.0,0.074645
2023-09-27,300ETF,Future (IF88 (CSI 300 Futures)),ew,0.8121,1.2,0.0,0,-0.004822,-0.0,0.0,-0.0,0.074645
2023-09-28,300ETF,Future (IF88 (CSI 300 Futures)),ew,-0.2677,1.2,0.0,0,-0.005879,-0.0,0.0,-0.0,0.074645
2023-10-09,300ETF,Future (IF88 (CSI 300 Futures)),ew,-1.0254,1.2,-1.0,1,0.002441,-0.002441,0.0008,-0.003241,0.071403
2023-10-10,300ETF,Future (IF88 (CSI 300 Futures)),ew,-0.3395,1.2,0.0,0,-0.008043,-0.0,0.0,-0.0,0.071403
2023-10-11,300ETF,Future (IF88 (CSI 300 Futures)),ew,0.5042,1.2,0.0,0,-0.006631,-0.0,0.0,-0.0,0.071403
2023-10-12,300ETF,Future (IF88 (CSI 300 Futures)),ew,0.0029,1.2,0.0,0,0.001133,0.0,0.0,0.0,0.071403
2023-10-13,300ETF,Future (IF88 (CSI 300 Futures)),ew,-0.9582,1.2,-1.0,1,-0.002344,0.002344,0.0008,0.001544,0.072948
2023-10-16,300ETF,Future (IF88 (CSI 300 Futures)),ew,-0.7641,1.2,0.0,0,-0.006279,-0.0,0.0,-0.0,0.072948
2023-10-17,300ETF,Future (IF88 (CSI 300 Futures)),ew,-0.6934,1.2,0.0,0,0.001541,0.0,0.0,0.0,0.072948
2023-10-18,300ETF,Future (IF88 (CSI 300 Futures)),ew,-0.834,1.2,-1.0,1,-0.001768,0.001768,0.0008,0.000968,0.073916
2023-10-19,300ETF,Future (IF88 (CSI 300 Futures)),ew,-0.8995,1.2,-1.0,1,-0.008718,0.008718,0.0008,0.007918,0.081834
2023-10-20,300ETF,Future (IF88 (CSI 300 Futures)),ew,0.0654,1.2,0.0,0,-0.001022,-0.0,0.0,-0.0,0.081834
2023-10-23,300ETF,Future (IF88 (CSI 300 Futures)),ew,-0.5653,1.2,0.0,0,-0.009615,-0.0,0.0,-0.0,0.081834
2023-10-24,300ETF,Future (IF88 (CSI 300 Futures)),ew,-0.5629,1.2,0.0,0,0.008464,0.0,0.0,0.0,0.081834
2023-10-25,300ETF,Future (IF88 (CSI 300 Futures)),ew,0.1252,1.2,0.0,0,-0.008004,-0.0,0.0,-0.0,0.081834
2023-10-26,300ETF,Future (IF88 (CSI 300 Futures)),ew,-0.1096,1.2,0.0,0,0.005877,0.0,0.0,0.0,0.081834
2023-10-27,300ETF,Future (IF88 (CSI 300 Futures)),ew,0.516,1.2,0.0,0,0.012842,0.0,0.0,0.0,0.081834
2023-10-30,300ETF,Future (IF88 (CSI 300 Futures)),ew,0.4699,1.2,0.0,0,0.004353,0.0,0.0,0.0,0.081834
2023-10-31,300ETF,Future (IF88 (CSI 300 Futures)),ew,-0.6544,1.2,0.0,0,0.002574,0.0,0.0,0.0,0.081834
2023-11-01,300ETF,Future (IF88 (CSI 300 Futures)),ew,-0.6244,1.2,0.0,0,-0.000502,-0.0,0.0,-0.0,0.081834
2023-11-02,300ETF,Future (IF88 (CSI 300 Futures)),ew,0.4222,1.2,0.0,0,-0.004577,-0.0,0.0,-0.0,0.081834
2023-11-03,300ETF,Future (IF88 (CSI 300 Futures)),ew,0.4746,1.2,0.0,0,0.004734,0.0,0.0,0.0,0.081834
2023-11-06,300ETF,Future (IF88 (CSI 300 Futures)),ew,0.3994,1.2,0.0,0,0.003578,0.0,0.0,0.0,0.081834
2023-11-07,300ETF,Future (IF88 (CSI 300 Futures)),ew,-0.6146,1.2,0.0,0,0.002807,0.0,0.0,0.0,0.081834
2023-11-08,300ETF,Future (IF88 (CSI 300 Futures)),ew,0.0403,1.2,0.0,0,-0.006235,-0.0,0.0,-0.0,0.081834
2023-11-09,300ETF,Future (IF88 (CSI 300 Futures)),ew,0.5438,1.2,0.0,0,-0.000662,-0.0,0.0,-0.0,0.081834
2023-11-10,300ETF,Future (IF88 (CSI 300 Futures)),ew,-0.8584,1.2,-1.0,1,0.001057,-0.001057,0.0008,-0.001857,0.079977
2023-11-13,300ETF,Future (IF88 (CSI 300 Futures)),ew,-0.5727,1.2,0.0,0,-0.001841,-0.0,0.0,-0.0,0.079977
2023-11-14,300ETF,Future (IF88 (CSI 300 Futures)),ew,0.6368,1.2,0.0,0,-0.002839,-0.0,0.0,-0.0,0.079977
2023-11-15,300ETF,Future (IF88 (CSI 300 Futures)),ew,-0.4914,1.2,0.0,0,-0.003044,-0.0,0.0,-0.0,0.079977
2023-11-16,300ETF,Future (IF88 (CSI 300 Futures)),ew,-0.3483,1.2,0.0,0,-0.003286,-0.0,0.0,-0.0,0.079977
2023-11-17,300ETF,Future (IF88 (CSI 300 Futures)),ew,-0.1221,1.2,0.0,0,0.001066,0.0,0.0,0.0,0.079977
2023-11-20,300ETF,Future (IF88 (CSI 300 Futures)),ew,-0.7089,1.2,0.0,0,0.009259,0.0,0.0,0.0,0.079977
2023-11-21,300ETF,Future (IF88 (CSI 300 Futures)),ew,1.0801,1.2,0.0,0,-0.009107,-0.0,0.0,-0.0,0.079977
2023-11-22,300ETF,Future (IF88 (CSI 300 Futures)),ew,-0.349,1.2,0.0,0,-0.004261,-0.0,0.0,-0.0,0.079977
2023-11-23,300ETF,Future (IF88 (CSI 300 Futures)),ew,-0.1259,1.2,0.0,0,0.008105,0.0,0.0,0.0,0.079977
2023-11-24,300ETF,Future (IF88 (CSI 300 Futures)),ew,-0.7794,1.2,0.0,0,-0.004564,-0.0,0.0,-0.0,0.079977
2023-11-27,300ETF,Future (IF88 (CSI 300 Futures)),ew,-1.0434,1.2,-1.0,1,0.002963,-0.002963,0.0008,-0.003763,0.076214
2023-11-28,300ETF,Future (IF88 (CSI 300 Futures)),ew,-0.4597,1.2,0.0,0,0.000966,0.0,0.0,0.0,0.076214
2023-11-29,300ETF,Future (IF88 (CSI 300 Futures)),ew,-0.8417,1.2,-1.0,1,-0.004059,0.004059,0.0008,0.003259,0.079472
2023-11-30,300ETF,Future (IF88 (CSI 300 Futures)),ew,0.1054,1.2,0.0,0,0.002343,0.0,0.0,0.0,0.079472
2023-12-01,300ETF,Future (IF88 (CSI 300 Futures)),ew,-0.963,1.2,-1.0,1,0.002069,-0.002069,0.0008,-0.002869,0.076603
2023-12-04,300ETF,Future (IF88 (CSI 300 Futures)),ew,-0.6163,1.2,0.0,0,-0.006911,-0.0,0.0,-0.0,0.076603
2023-12-05,300ETF,Future (IF88 (CSI 300 Futures)),ew,-0.8486,1.2,-1.0,1,-0.009122,0.009122,0.0008,0.008322,0.084925
2023-12-06,300ETF,Future (IF88 (CSI 300 Futures)),ew,-0.2494,1.2,0.0,0,0.001296,0.0,0.0,0.0,0.084925
2023-12-07,300ETF,Future (IF88 (CSI 300 Futures)),ew,-0.6086,1.2,0.0,0,0.007515,0.0,0.0,0.0,0.084925
2023-12-08,300ETF,Future (IF88 (CSI 300 Futures)),ew,0.2112,1.2,0.0,0,0.002773,0.0,0.0,0.0,0.084925
2023-12-11,300ETF,Future (IF88 (CSI 300 Futures)),ew,-1.1757,1.2,-1.0,1,0.023592,-0.023592,0.0008,-0.024392,0.060534
2023-12-12,300ETF,Future (IF88 (CSI 300 Futures)),ew,0.0339,1.2,0.0,0,0.002339,0.0,0.0,0.0,0.060534
2023-12-13,300ETF,Future (IF88 (CSI 300 Futures)),ew,-0.8911,1.2,-1.0,1,-0.007253,0.007253,0.0008,0.006453,0.066987
2023-12-14,300ETF,Future (IF88 (CSI 300 Futures)),ew,0.4026,1.2,0.0,0,-0.005279,-0.0,0.0,-0.0,0.066987
2023-12-15,300ETF,Future (IF88 (CSI 300 Futures)),ew,0.3107,1.2,0.0,0,-0.007407,-0.0,0.0,-0.0,0.066987
2023-12-18,300ETF,Future (IF88 (CSI 300 Futures)),ew,0.0439,1.2,0.0,0,-0.002877,-0.0,0.0,-0.0,0.066987
2023-12-19,300ETF,Future (IF88 (CSI 300 Futures)),ew,-0.6643,1.2,0.0,0,-0.002044,-0.0,0.0,-0.0,0.066987
2023-12-20,300ETF,Future (IF88 (CSI 300 Futures)),ew,-0.2844,1.2,0.0,0,-0.00739,-0.0,0.0,-0.0,0.066987
2023-12-21,300ETF,Future (IF88 (CSI 300 Futures)),ew,0.5696,1.2,0.0,0,0.009545,0.0,0.0,0.0,0.066987
2023-12-22,300ETF,Future (IF88 (CSI 300 Futures)),ew,-0.4049,1.2,0.0,0,0.004915,0.0,0.0,0.0,0.066987
2023-12-25,300ETF,Future (IF88 (CSI 300 Futures)),ew,0.3665,1.2,0.0,0,0.000477,0.0,0.0,0.0,0.066987
2023-12-26,300ETF,Future (IF88 (CSI 300 Futures)),ew,-0.7274,1.2,0.0,0,-0.002338,-0.0,0.0,-0.0,0.066987
2023-12-27,300ETF,Future (IF88 (CSI 300 Futures)),ew,-0.248,1.2,0.0,0,0.00852,0.0,0.0,0.0,0.066987
2023-12-28,300ETF,Future (IF88 (CSI 300 Futures)),ew,1.3723,1.2,1.0,1,0.0141,0.0141,0.0008,0.0133,0.080287
2023-12-29,300ETF,Future (IF88 (CSI 300 Futures)),ew,0.3478,1.2,0.0,0,-0.001686,-0.0,0.0,-0.0,0.080287
2024-01-02,300ETF,Future (IF88 (CSI 300 Futures)),ew,-0.98,1.2,-1.0,1,-0.004991,0.004991,0.0008,0.004191,0.084478
2024-01-03,300ETF,Future (IF88 (CSI 300 Futures)),ew,0.1972,1.2,0.0,0,-0.001417,-0.0,0.0,-0.0,0.084478
2024-01-04,300ETF,Future (IF88 (CSI 300 Futures)),ew,-0.7663,1.2,0.0,0,-0.00179,-0.0,0.0,-0.0,0.084478
2024-01-05,300ETF,Future (IF88 (CSI 300 Futures)),ew,0.565,1.2,0.0,0,-0.010469,-0.0,0.0,-0.0,0.084478
2024-01-08,300ETF,Future (IF88 (CSI 300 Futures)),ew,-0.1561,1.2,0.0,0,-0.009278,-0.0,0.0,-0.0,0.084478
2024-01-09,300ETF,Future (IF88 (CSI 300 Futures)),ew,-0.2495,1.2,0.0,0,0.001882,0.0,0.0,0.0,0.084478
2024-01-10,300ETF,Future (IF88 (CSI 300 Futures)),ew,-0.3995,1.2,0.0,0,-0.003954,-0.0,0.0,-0.0,0.084478
2024-01-11,300ETF,Future (IF88 (CSI 300 Futures)),ew,-0.223,1.2,0.0,0,0.006816,0.0,0.0,0.0,0.084478
2024-01-12,300ETF,Future (IF88 (CSI 300 Futures)),ew,-0.3216,1.2,0.0,0,-0.00085,-0.0,0.0,-0.0,0.084478
2024-01-15,300ETF,Future (IF88 (CSI 300 Futures)),ew,-0.5957,1.2,0.0,0,0.001585,0.0,0.0,0.0,0.084478
2024-01-16,300ETF,Future (IF88 (CSI 300 Futures)),ew,0.5306,1.2,0.0,0,-0.001581,-0.0,0.0,-0.0,0.084478
2024-01-17,300ETF,Future (IF88 (CSI 300 Futures)),ew,-0.7569,1.2,0.0,0,-0.006623,-0.0,0.0,-0.0,0.084478
2024-01-18,300ETF,Future (IF88 (CSI 300 Futures)),ew,-0.5712,1.2,0.0,0,-0.000746,-0.0,0.0,-0.0,0.084478
2024-01-19,300ETF,Future (IF88 (CSI 300 Futures)),ew,0.1322,1.2,0.0,0,-0.003632,-0.0,0.0,-0.0,0.084478
2024-01-22,300ETF,Future (IF88 (CSI 300 Futures)),ew,-0.2609,1.2,0.0,0,-0.015666,-0.0,0.0,-0.0,0.084478
2024-01-23,300ETF,Future (IF88 (CSI 300 Futures)),ew,-0.407,1.2,0.0,0,0.010088,0.0,0.0,0.0,0.084478
2024-01-24,300ETF,Future (IF88 (CSI 300 Futures)),ew,-0.2253,1.2,0.0,0,0.008534,0.0,0.0,0.0,0.084478
2024-01-25,300ETF,Future (IF88 (CSI 300 Futures)),ew,0.3154,1.2,0.0,0,0.018394,0.0,0.0,0.0,0.084478
2024-01-26,300ETF,Future (IF88 (CSI 300 Futures)),ew,-0.0433,1.2,0.0,0,0.001022,0.0,0.0,0.0,0.084478
2024-01-29,300ETF,Future (IF88 (CSI 300 Futures)),ew,0.3827,1.2,0.0,0,-0.005172,-0.0,0.0,-0.0,0.084478
2024-01-30,300ETF,Future (IF88 (CSI 300 Futures)),ew,-0.504,1.2,0.0,0,-0.004601,-0.0,0.0,-0.0,0.084478
2024-01-31,300ETF,Future (IF88 (CSI 300 Futures)),ew,0.1551,1.2,0.0,0,-0.002606,-0.0,0.0,-0.0,0.084478
2024-02-01,300ETF,Future (IF88 (CSI 300 Futures)),ew,-0.2522,1.2,0.0,0,0.00725,0.0,0.0,0.0,0.084478
2024-02-02,300ETF,Future (IF88 (CSI 300 Futures)),ew,0.273,1.2,0.0,0,-0.015813,-0.0,0.0,-0.0,0.084478
2024-02-05,300ETF,Future (IF88 (CSI 300 Futures)),ew,0.0151,1.2,0.0,0,0.006857,0.0,0.0,0.0,0.084478
2024-02-06,300ETF,Future (IF88 (CSI 300 Futures)),ew,1.844,1.2,1.0,1,0.020303,0.020303,0.0008,0.019503,0.103981
2024-02-07,300ETF,Future (IF88 (CSI 300 Futures)),ew,0.2865,1.2,0.0,0,-0.00297,-0.0,0.0,-0.0,0.103981
2024-02-08,300ETF,Future (IF88 (CSI 300 Futures)),ew,0.4641,1.2,0.0,0,0.000958,0.0,0.0,0.0,0.103981
2024-02-19,300ETF,Future (IF88 (CSI 300 Futures)),ew,-0.7675,1.2,0.0,0,0.003264,0.0,0.0,0.0,0.103981
2024-02-20,300ETF,Future (IF88 (CSI 300 Futures)),ew,-0.7037,1.2,0.0,0,0.006452,0.0,0.0,0.0,0.103981
2024-02-21,300ETF,Future (IF88 (CSI 300 Futures)),ew,-0.026,1.2,0.0,0,0.022683,0.0,0.0,0.0,0.103981
2024-02-22,300ETF,Future (IF88 (CSI 300 Futures)),ew,0.6761,1.2,0.0,0,0.003913,0.0,0.0,0.0,0.103981
2024-02-23,300ETF,Future (IF88 (CSI 300 Futures)),ew,0.0624,1.2,0.0,0,-0.000572,-0.0,0.0,-0.0,0.103981
2024-02-26,300ETF,Future (IF88 (CSI 300 Futures)),ew,-0.1499,1.2,0.0,0,-0.003291,-0.0,0.0,-0.0,0.103981
2024-02-27,300ETF,Future (IF88 (CSI 300 Futures)),ew,0.1788,1.2,0.0,0,0.009504,0.0,0.0,0.0,0.103981
2024-02-28,300ETF,Future (IF88 (CSI 300 Futures)),ew,-0.327,1.2,0.0,0,-0.006804,-0.0,0.0,-0.0,0.103981
2024-02-29,300ETF,Future (IF88 (CSI 300 Futures)),ew,1.0229,1.2,0.0,0,0.008012,0.0,0.0,0.0,0.103981
2024-03-01,300ETF,Future (IF88 (CSI 300 Futures)),ew,0.0603,1.2,0.0,0,0.006913,0.0,0.0,0.0,0.103981
2024-03-04,300ETF,Future (IF88 (CSI 300 Futures)),ew,0.0076,1.2,0.0,0,-0.000735,-0.0,0.0,-0.0,0.103981
2024-03-05,300ETF,Future (IF88 (CSI 300 Futures)),ew,0.3699,1.2,0.0,0,0.003834,0.0,0.0,0.0,0.103981
2024-03-06,300ETF,Future (IF88 (CSI 300 Futures)),ew,-0.2208,1.2,0.0,0,0.003721,0.0,0.0,0.0,0.103981
2024-03-07,300ETF,Future (IF88 (CSI 300 Futures)),ew,0.5636,1.2,0.0,0,-0.009427,-0.0,0.0,-0.0,0.103981
2024-03-08,300ETF,Future (IF88 (CSI 300 Futures)),ew,0.4344,1.2,0.0,0,0.002825,0.0,0.0,0.0,0.103981
2024-03-11,300ETF,Future (IF88 (CSI 300 Futures)),ew,0.4426,1.2,0.0,0,0.010387,0.0,0.0,0.0,0.103981
2024-03-12,300ETF,Future (IF88 (CSI 300 Futures)),ew,-0.1254,1.2,0.0,0,-0.00272,-0.0,0.0,-0.0,0.103981
2024-03-13,300ETF,Future (IF88 (CSI 300 Futures)),ew,-0.6151,1.2,0.0,0,-0.002569,-0.0,0.0,-0.0,0.103981
2024-03-14,300ETF,Future (IF88 (CSI 300 Futures)),ew,0.8356,1.2,0.0,0,-0.009661,-0.0,0.0,-0.0,0.103981
2024-03-15,300ETF,Future (IF88 (CSI 300 Futures)),ew,-0.0324,1.2,0.0,0,0.006127,0.0,0.0,0.0,0.103981
2024-03-18,300ETF,Future (IF88 (CSI 300 Futures)),ew,0.3214,1.2,0.0,0,-0.000111,-0.0,0.0,-0.0,0.103981
2024-03-19,300ETF,Future (IF88 (CSI 300 Futures)),ew,-0.2748,1.2,0.0,0,-0.007018,-0.0,0.0,-0.0,0.103981
2024-03-20,300ETF,Future (IF88 (CSI 300 Futures)),ew,0.0211,1.2,0.0,0,0.0,0.0,0.0,0.0,0.103981
2024-03-21,300ETF,Future (IF88 (CSI 300 Futures)),ew,-0.0848,1.2,0.0,0,-0.002944,-0.0,0.0,-0.0,0.103981
2024-03-22,300ETF,Future (IF88 (CSI 300 Futures)),ew,-0.5398,1.2,0.0,0,-0.002201,-0.0,0.0,-0.0,0.103981
2024-03-25,300ETF,Future (IF88 (CSI 300 Futures)),ew,-0.3603,1.2,0.0,0,5.7e-05,0.0,0.0,0.0,0.103981
2024-03-26,300ETF,Future (IF88 (CSI 300 Futures)),ew,0.4879,1.2,0.0,0,0.001693,0.0,0.0,0.0,0.103981
2024-03-27,300ETF,Future (IF88 (CSI 300 Futures)),ew,-0.6933,1.2,0.0,0,-0.00255,-0.0,0.0,-0.0,0.103981
2024-03-28,300ETF,Future (IF88 (CSI 300 Futures)),ew,-0.2882,1.2,0.0,0,0.003821,0.0,0.0,0.0,0.103981
2024-03-29,300ETF,Future (IF88 (CSI 300 Futures)),ew,0.584,1.2,0.0,0,-0.001583,-0.0,0.0,-0.0,0.103981
2024-04-01,300ETF,Future (IF88 (CSI 300 Futures)),ew,1.406,1.2,1.0,1,0.001278,0.001278,0.0008,0.000478,0.104459
2024-04-02,300ETF,Future (IF88 (CSI 300 Futures)),ew,-0.2235,1.2,0.0,0,-0.005014,-0.0,0.0,-0.0,0.104459
2024-04-03,300ETF,Future (IF88 (CSI 300 Futures)),ew,-0.5254,1.2,0.0,0,-0.001959,-0.0,0.0,-0.0,0.104459
2024-04-08,300ETF,Future (IF88 (CSI 300 Futures)),ew,-0.7749,1.2,0.0,0,-0.003717,-0.0,0.0,-0.0,0.104459
2024-04-09,300ETF,Future (IF88 (CSI 300 Futures)),ew,0.0204,1.2,0.0,0,0.00249,0.0,0.0,0.0,0.104459
2024-04-10,300ETF,Future (IF88 (CSI 300 Futures)),ew,-0.4591,1.2,0.0,0,-0.005507,-0.0,0.0,-0.0,0.104459
2024-04-11,300ETF,Future (IF88 (CSI 300 Futures)),ew,-0.1875,1.2,0.0,0,0.00297,0.0,0.0,0.0,0.104459
2024-04-12,300ETF,Future (IF88 (CSI 300 Futures)),ew,0.2375,1.2,0.0,0,-0.006699,-0.0,0.0,-0.0,0.104459
2024-04-15,300ETF,Future (IF88 (CSI 300 Futures)),ew,1.3656,1.2,1.0,1,0.007383,0.007383,0.0008,0.006583,0.111042
2024-04-16,300ETF,Future (IF88 (CSI 300 Futures)),ew,-0.1148,1.2,0.0,0,-0.006698,-0.0,0.0,-0.0,0.111042
2024-04-17,300ETF,Future (IF88 (CSI 300 Futures)),ew,0.055,1.2,0.0,0,0.010109,0.0,0.0,0.0,0.111042
2024-04-18,300ETF,Future (IF88 (CSI 300 Futures)),ew,-0.0718,1.2,0.0,0,0.005437,0.0,0.0,0.0,0.111042
2024-04-19,300ETF,Future (IF88 (CSI 300 Futures)),ew,-0.4016,1.2,0.0,0,-0.005979,-0.0,0.0,-0.0,0.111042
2024-04-22,300ETF,Future (IF88 (CSI 300 Futures)),ew,0.4411,1.2,0.0,0,-0.008239,-0.0,0.0,-0.0,0.111042
2024-04-23,300ETF,Future (IF88 (CSI 300 Futures)),ew,-0.4051,1.2,0.0,0,5.7e-05,0.0,0.0,0.0,0.111042
2024-04-24,300ETF,Future (IF88 (CSI 300 Futures)),ew,-0.7087,1.2,0.0,0,0.005471,0.0,0.0,0.0,0.111042
2024-04-25,300ETF,Future (IF88 (CSI 300 Futures)),ew,-0.5352,1.2,0.0,0,0.005282,0.0,0.0,0.0,0.111042
2024-04-26,300ETF,Future (IF88 (CSI 300 Futures)),ew,0.9139,1.2,0.0,0,0.010911,0.0,0.0,0.0,0.111042
2024-04-29,300ETF,Future (IF88 (CSI 300 Futures)),ew,0.2367,1.2,0.0,0,0.009098,0.0,0.0,0.0,0.111042
2024-04-30,300ETF,Future (IF88 (CSI 300 Futures)),ew,-0.3854,1.2,0.0,0,-0.002427,-0.0,0.0,-0.0,0.111042
2024-05-06,300ETF,Future (IF88 (CSI 300 Futures)),ew,0.0153,1.2,0.0,0,-0.003284,-0.0,0.0,-0.0,0.111042
2024-05-07,300ETF,Future (IF88 (CSI 300 Futures)),ew,-0.3544,1.2,0.0,0,-0.002468,-0.0,0.0,-0.0,0.111042
2024-05-08,300ETF,Future (IF88 (CSI 300 Futures)),ew,-0.7986,1.2,0.0,0,-0.004028,-0.0,0.0,-0.0,0.111042
2024-05-09,300ETF,Future (IF88 (CSI 300 Futures)),ew,0.7965,1.2,0.0,0,0.002248,0.0,0.0,0.0,0.111042
2024-05-10,300ETF,Future (IF88 (CSI 300 Futures)),ew,-0.1438,1.2,0.0,0,0.004282,0.0,0.0,0.0,0.111042
2024-05-13,300ETF,Future (IF88 (CSI 300 Futures)),ew,-0.7459,1.2,0.0,0,0.004734,0.0,0.0,0.0,0.111042
2024-05-14,300ETF,Future (IF88 (CSI 300 Futures)),ew,0.1061,1.2,0.0,0,0.00011,0.0,0.0,0.0,0.111042
2024-05-15,300ETF,Future (IF88 (CSI 300 Futures)),ew,-0.5377,1.2,0.0,0,-0.003255,-0.0,0.0,-0.0,0.111042
2024-05-16,300ETF,Future (IF88 (CSI 300 Futures)),ew,-0.2733,1.2,0.0,0,-0.002043,-0.0,0.0,-0.0,0.111042
2024-05-17,300ETF,Future (IF88 (CSI 300 Futures)),ew,-0.0708,1.2,0.0,0,0.002249,0.0,0.0,0.0,0.111042
2024-05-20,300ETF,Future (IF88 (CSI 300 Futures)),ew,0.7372,1.2,0.0,0,-0.004074,-0.0,0.0,-0.0,0.111042
2024-05-21,300ETF,Future (IF88 (CSI 300 Futures)),ew,-0.4591,1.2,0.0,0,-0.001967,-0.0,0.0,-0.0,0.111042
2024-05-22,300ETF,Future (IF88 (CSI 300 Futures)),ew,-0.0923,1.2,0.0,0,0.000764,0.0,0.0,0.0,0.111042
2024-05-23,300ETF,Future (IF88 (CSI 300 Futures)),ew,-0.8804,1.2,-1.0,1,-0.003858,0.003858,0.0008,0.003058,0.114099
2024-05-24,300ETF,Future (IF88 (CSI 300 Futures)),ew,0.3078,1.2,0.0,0,-0.009911,-0.0,0.0,-0.0,0.114099
2024-05-27,300ETF,Future (IF88 (CSI 300 Futures)),ew,0.2461,1.2,0.0,0,0.003935,0.0,0.0,0.0,0.114099
2024-05-28,300ETF,Future (IF88 (CSI 300 Futures)),ew,-0.4004,1.2,0.0,0,-0.005054,-0.0,0.0,-0.0,0.114099
2024-05-29,300ETF,Future (IF88 (CSI 300 Futures)),ew,0.6121,1.2,0.0,0,-0.003047,-0.0,0.0,-0.0,0.114099
2024-05-30,300ETF,Future (IF88 (CSI 300 Futures)),ew,0.0128,1.2,0.0,0,-0.007671,-0.0,0.0,-0.0,0.114099
2024-05-31,300ETF,Future (IF88 (CSI 300 Futures)),ew,0.0979,1.2,0.0,0,-0.008472,-0.0,0.0,-0.0,0.114099
2024-06-03,300ETF,Future (IF88 (CSI 300 Futures)),ew,-0.5156,1.2,0.0,0,-0.005326,-0.0,0.0,-0.0,0.114099
2024-06-04,300ETF,Future (IF88 (CSI 300 Futures)),ew,-0.0516,1.2,0.0,0,0.006841,0.0,0.0,0.0,0.114099
2024-06-05,300ETF,Future (IF88 (CSI 300 Futures)),ew,0.1671,1.2,0.0,0,-0.005893,-0.0,0.0,-0.0,0.114099
2024-06-06,300ETF,Future (IF88 (CSI 300 Futures)),ew,0.4203,1.2,0.0,0,-0.004967,-0.0,0.0,-0.0,0.114099
2024-06-07,300ETF,Future (IF88 (CSI 300 Futures)),ew,-0.0879,1.2,0.0,0,-0.005936,-0.0,0.0,-0.0,0.114099
2024-06-11,300ETF,Future (IF88 (CSI 300 Futures)),ew,-0.6982,1.2,0.0,0,0.001189,0.0,0.0,0.0,0.114099
2024-06-12,300ETF,Future (IF88 (CSI 300 Futures)),ew,0.0731,1.2,0.0,0,-0.00034,-0.0,0.0,-0.0,0.114099
2024-06-13,300ETF,Future (IF88 (CSI 300 Futures)),ew,-0.6934,1.2,0.0,0,-0.006648,-0.0,0.0,-0.0,0.114099
2024-06-14,300ETF,Future (IF88 (CSI 300 Futures)),ew,-0.4071,1.2,0.0,0,0.005788,0.0,0.0,0.0,0.114099
2024-06-17,300ETF,Future (IF88 (CSI 300 Futures)),ew,-0.2693,1.2,0.0,0,-0.000566,-0.0,0.0,-0.0,0.114099
2024-06-18,300ETF,Future (IF88 (CSI 300 Futures)),ew,0.2329,1.2,0.0,0,-0.000962,-0.0,0.0,-0.0,0.114099
2024-06-19,300ETF,Future (IF88 (CSI 300 Futures)),ew,-0.8379,1.2,-1.0,1,-0.000964,0.000964,0.0008,0.000164,0.114263
2024-06-20,300ETF,Future (IF88 (CSI 300 Futures)),ew,0.0393,1.2,0.0,0,-0.002111,-0.0,0.0,-0.0,0.114263
2024-06-21,300ETF,Future (IF88 (CSI 300 Futures)),ew,-0.4435,1.2,0.0,0,-0.002019,-0.0,0.0,-0.0,0.114263
2024-06-24,300ETF,Future (IF88 (CSI 300 Futures)),ew,-0.5072,1.2,0.0,0,0.002256,0.0,0.0,0.0,0.114263
2024-06-25,300ETF,Future (IF88 (CSI 300 Futures)),ew,-0.0265,1.2,0.0,0,-0.006448,-0.0,0.0,-0.0,0.114263
2024-06-26,300ETF,Future (IF88 (CSI 300 Futures)),ew,-0.3754,1.2,0.0,0,0.009242,0.0,0.0,0.0,0.114263
2024-06-27,300ETF,Future (IF88 (CSI 300 Futures)),ew,-0.9478,1.2,-1.0,1,0.001808,-0.001808,0.0008,-0.002608,0.111655
2024-06-28,300ETF,Future (IF88 (CSI 300 Futures)),ew,0.8558,1.2,0.0,0,-0.005515,-0.0,0.0,-0.0,0.111655
2024-07-01,300ETF,Future (IF88 (CSI 300 Futures)),ew,-0.0469,1.2,0.0,0,0.005056,0.0,0.0,0.0,0.111655
2024-07-02,300ETF,Future (IF88 (CSI 300 Futures)),ew,0.1309,1.2,0.0,0,-0.004295,-0.0,0.0,-0.0,0.111655
2024-07-03,300ETF,Future (IF88 (CSI 300 Futures)),ew,-0.2972,1.2,0.0,0,0.001397,0.0,0.0,0.0,0.111655
2024-07-04,300ETF,Future (IF88 (CSI 300 Futures)),ew,0.516,1.2,0.0,0,-0.005708,-0.0,0.0,-0.0,0.111655
2024-07-05,300ETF,Future (IF88 (CSI 300 Futures)),ew,-0.3878,1.2,0.0,0,0.00053,0.0,0.0,0.0,0.111655
2024-07-08,300ETF,Future (IF88 (CSI 300 Futures)),ew,-0.4117,1.2,0.0,0,-0.003188,-0.0,0.0,-0.0,0.111655
2024-07-09,300ETF,Future (IF88 (CSI 300 Futures)),ew,-0.2531,1.2,0.0,0,0.010932,0.0,0.0,0.0,0.111655
2024-07-10,300ETF,Future (IF88 (CSI 300 Futures)),ew,0.2729,1.2,0.0,0,-0.003217,-0.0,0.0,-0.0,0.111655
2024-07-11,300ETF,Future (IF88 (CSI 300 Futures)),ew,-0.327,1.2,0.0,0,0.003015,0.0,0.0,0.0,0.111655
2024-07-12,300ETF,Future (IF88 (CSI 300 Futures)),ew,-0.089,1.2,0.0,0,0.000693,0.0,0.0,0.0,0.111655
2024-07-15,300ETF,Future (IF88 (CSI 300 Futures)),ew,0.1129,1.2,0.0,0,-0.001443,-0.0,0.0,-0.0,0.111655
2024-07-16,300ETF,Future (IF88 (CSI 300 Futures)),ew,0.013,1.2,0.0,0,0.005008,0.0,0.0,0.0,0.111655
2024-07-17,300ETF,Future (IF88 (CSI 300 Futures)),ew,-0.4874,1.2,0.0,0,0.005386,0.0,0.0,0.0,0.111655
2024-07-18,300ETF,Future (IF88 (CSI 300 Futures)),ew,-0.5836,1.2,0.0,0,0.007322,0.0,0.0,0.0,0.111655
2024-07-19,300ETF,Future (IF88 (CSI 300 Futures)),ew,-0.4662,1.2,0.0,0,0.007662,0.0,0.0,0.0,0.111655
2024-07-22,300ETF,Future (IF88 (CSI 300 Futures)),ew,-0.628,1.2,0.0,0,-0.001145,-0.0,0.0,-0.0,0.111655
2024-07-23,300ETF,Future (IF88 (CSI 300 Futures)),ew,-0.911,1.2,-1.0,1,-0.01163,0.01163,0.0008,0.01083,0.122485
2024-07-24,300ETF,Future (IF88 (CSI 300 Futures)),ew,0.3799,1.2,0.0,0,-0.005575,-0.0,0.0,-0.0,0.122485
2024-07-25,300ETF,Future (IF88 (CSI 300 Futures)),ew,-0.2189,1.2,0.0,0,-0.005669,-0.0,0.0,-0.0,0.122485
2024-07-26,300ETF,Future (IF88 (CSI 300 Futures)),ew,0.7401,1.2,0.0,0,-0.004886,-0.0,0.0,-0.0,0.122485
2024-07-29,300ETF,Future (IF88 (CSI 300 Futures)),ew,-0.3532,1.2,0.0,0,-0.002185,-0.0,0.0,-0.0,0.122485
2024-07-30,300ETF,Future (IF88 (CSI 300 Futures)),ew,-1.0186,1.2,-1.0,1,0.00125,-0.00125,0.0008,-0.00205,0.120435
2024-07-31,300ETF,Future (IF88 (CSI 300 Futures)),ew,0.7725,1.2,0.0,0,0.015281,0.0,0.0,0.0,0.120435
2024-08-01,300ETF,Future (IF88 (CSI 300 Futures)),ew,-0.303,1.2,0.0,0,-0.006363,-0.0,0.0,-0.0,0.120435
2024-08-02,300ETF,Future (IF88 (CSI 300 Futures)),ew,0.0095,1.2,0.0,0,-0.00837,-0.0,0.0,-0.0,0.120435
2024-08-05,300ETF,Future (IF88 (CSI 300 Futures)),ew,0.895,1.2,0.0,0,-0.011612,-0.0,0.0,-0.0,0.120435
2024-08-06,300ETF,Future (IF88 (CSI 300 Futures)),ew,-0.0735,1.2,0.0,0,-0.006665,-0.0,0.0,-0.0,0.120435
2024-08-07,300ETF,Future (IF88 (CSI 300 Futures)),ew,0.4316,1.2,0.0,0,-0.003538,-0.0,0.0,-0.0,0.120435
2024-08-08,300ETF,Future (IF88 (CSI 300 Futures)),ew,-0.5704,1.2,0.0,0,0.007099,0.0,0.0,0.0,0.120435
2024-08-09,300ETF,Future (IF88 (CSI 300 Futures)),ew,0.1805,1.2,0.0,0,-0.005819,-0.0,0.0,-0.0,0.120435
2024-08-12,300ETF,Future (IF88 (CSI 300 Futures)),ew,-0.1074,1.2,0.0,0,-0.002709,-0.0,0.0,-0.0,0.120435
2024-08-13,300ETF,Future (IF88 (CSI 300 Futures)),ew,-0.3006,1.2,0.0,0,-0.000846,-0.0,0.0,-0.0,0.120435
2024-08-14,300ETF,Future (IF88 (CSI 300 Futures)),ew,-0.9634,1.2,-1.0,1,-0.000907,0.000907,0.0008,0.000107,0.120542
2024-08-15,300ETF,Future (IF88 (CSI 300 Futures)),ew,0.9408,1.2,0.0,0,0.001986,0.0,0.0,0.0,0.120542
2024-08-16,300ETF,Future (IF88 (CSI 300 Futures)),ew,-0.2259,1.2,0.0,0,-0.003951,-0.0,0.0,-0.0,0.120542
2024-08-19,300ETF,Future (IF88 (CSI 300 Futures)),ew,1.0897,1.2,0.0,0,-0.006128,-0.0,0.0,-0.0,0.120542
2024-08-20,300ETF,Future (IF88 (CSI 300 Futures)),ew,-0.7931,1.2,0.0,0,-0.004032,-0.0,0.0,-0.0,0.120542
2024-08-21,300ETF,Future (IF88 (CSI 300 Futures)),ew,-0.7156,1.2,0.0,0,0.002055,0.0,0.0,0.0,0.120542
2024-08-22,300ETF,Future (IF88 (CSI 300 Futures)),ew,-0.2018,1.2,0.0,0,-0.001151,-0.0,0.0,-0.0,0.120542
2024-08-23,300ETF,Future (IF88 (CSI 300 Futures)),ew,0.3322,1.2,0.0,0,0.005493,0.0,0.0,0.0,0.120542
2024-08-26,300ETF,Future (IF88 (CSI 300 Futures)),ew,-0.2765,1.2,0.0,0,-0.000181,-0.0,0.0,-0.0,0.120542
2024-08-27,300ETF,Future (IF88 (CSI 300 Futures)),ew,-0.4095,1.2,0.0,0,-0.001212,-0.0,0.0,-0.0,0.120542
2024-08-28,300ETF,Future (IF88 (CSI 300 Futures)),ew,-0.2293,1.2,0.0,0,-0.001947,-0.0,0.0,-0.0,0.120542
2024-08-29,300ETF,Future (IF88 (CSI 300 Futures)),ew,-0.1551,1.2,0.0,0,0.003845,0.0,0.0,0.0,0.120542
2024-08-30,300ETF,Future (IF88 (CSI 300 Futures)),ew,1.357,1.2,1.0,1,0.004032,0.004032,0.0008,0.003232,0.123774
2024-09-02,300ETF,Future (IF88 (CSI 300 Futures)),ew,-0.6772,1.2,0.0,0,-0.007626,-0.0,0.0,-0.0,0.123774
2024-09-03,300ETF,Future (IF88 (CSI 300 Futures)),ew,0.0477,1.2,0.0,0,0.001591,0.0,0.0,0.0,0.123774
2024-09-04,300ETF,Future (IF88 (CSI 300 Futures)),ew,-0.5507,1.2,0.0,0,-6.1e-05,-0.0,0.0,-0.0,0.123774
2024-09-05,300ETF,Future (IF88 (CSI 300 Futures)),ew,0.1866,1.2,0.0,0,0.002644,0.0,0.0,0.0,0.123774
2024-09-06,300ETF,Future (IF88 (CSI 300 Futures)),ew,-0.0344,1.2,0.0,0,-0.010324,-0.0,0.0,-0.0,0.123774
2024-09-09,300ETF,Future (IF88 (CSI 300 Futures)),ew,-0.5405,1.2,0.0,0,-0.006388,-0.0,0.0,-0.0,0.123774
2024-09-10,300ETF,Future (IF88 (CSI 300 Futures)),ew,-0.2775,1.2,0.0,0,0.002447,0.0,0.0,0.0,0.123774
2024-09-11,300ETF,Future (IF88 (CSI 300 Futures)),ew,-0.8242,1.2,-1.0,1,0.001069,-0.001069,0.0008,-0.001869,0.121905
2024-09-12,300ETF,Future (IF88 (CSI 300 Futures)),ew,0.4559,1.2,0.0,0,-0.005019,-0.0,0.0,-0.0,0.121905
2024-09-13,300ETF,Future (IF88 (CSI 300 Futures)),ew,0.4235,1.2,0.0,0,-0.008757,-0.0,0.0,-0.0,0.121905
2024-09-18,300ETF,Future (IF88 (CSI 300 Futures)),ew,0.3936,1.2,0.0,0,0.003916,0.0,0.0,0.0,0.121905
2024-09-19,300ETF,Future (IF88 (CSI 300 Futures)),ew,-0.4721,1.2,0.0,0,0.011236,0.0,0.0,0.0,0.121905
2024-09-20,300ETF,Future (IF88 (CSI 300 Futures)),ew,-0.4036,1.2,0.0,0,0.00195,0.0,0.0,0.0,0.121905
2024-09-23,300ETF,Future (IF88 (CSI 300 Futures)),ew,0.8736,1.2,0.0,0,-0.004482,-0.0,0.0,-0.0,0.121905
2024-09-24,300ETF,Future (IF88 (CSI 300 Futures)),ew,-0.0224,1.2,0.0,0,0.036945,0.0,0.0,0.0,0.121905
2024-09-25,300ETF,Future (IF88 (CSI 300 Futures)),ew,1.812,1.2,1.0,1,-0.012834,-0.012834,0.0008,-0.013634,0.108271
2024-09-26,300ETF,Future (IF88 (CSI 300 Futures)),ew,0.7515,1.2,0.0,0,0.030667,0.0,0.0,0.0,0.108271
2024-09-27,300ETF,Future (IF88 (CSI 300 Futures)),ew,1.2862,1.2,1.0,1,0.041525,0.041525,0.0008,0.040725,0.148996
2024-09-30,300ETF,Future (IF88 (CSI 300 Futures)),ew,2.2523,1.2,1.0,1,0.051948,0.051948,0.0008,0.051148,0.200144
2024-10-08,300ETF,Future (IF88 (CSI 300 Futures)),ew,-0.0397,1.2,0.0,0,-0.050967,-0.0,0.0,-0.0,0.200144
2024-10-09,300ETF,Future (IF88 (CSI 300 Futures)),ew,-1.2763,1.2,-1.0,1,-0.028803,0.028803,0.0008,0.028003,0.228147
2024-10-10,300ETF,Future (IF88 (CSI 300 Futures)),ew,1.0492,1.2,0.0,0,0.010806,0.0,0.0,0.0,0.228147
2024-10-11,300ETF,Future (IF88 (CSI 300 Futures)),ew,-0.8485,1.2,-1.0,1,-0.028697,0.028697,0.0008,0.027897,0.256044
2024-10-14,300ETF,Future (IF88 (CSI 300 Futures)),ew,0.7689,1.2,0.0,0,0.010289,0.0,0.0,0.0,0.256044
2024-10-15,300ETF,Future (IF88 (CSI 300 Futures)),ew,-0.5627,1.2,0.0,0,-0.015621,-0.0,0.0,-0.0,0.256044
2024-10-16,300ETF,Future (IF88 (CSI 300 Futures)),ew,-0.0286,1.2,0.0,0,-0.009728,-0.0,0.0,-0.0,0.256044
2024-10-17,300ETF,Future (IF88 (CSI 300 Futures)),ew,0.1379,1.2,0.0,0,-0.017828,-0.0,0.0,-0.0,0.256044
2024-10-18,300ETF,Future (IF88 (CSI 300 Futures)),ew,0.2371,1.2,0.0,0,0.061175,0.0,0.0,0.0,0.256044
2024-10-21,300ETF,Future (IF88 (CSI 300 Futures)),ew,0.1227,1.2,0.0,0,0.007699,0.0,0.0,0.0,0.256044
2024-10-22,300ETF,Future (IF88 (CSI 300 Futures)),ew,0.5383,1.2,0.0,0,-0.000202,-0.0,0.0,-0.0,0.256044
2024-10-23,300ETF,Future (IF88 (CSI 300 Futures)),ew,-0.3418,1.2,0.0,0,0.004788,0.0,0.0,0.0,0.256044
2024-10-24,300ETF,Future (IF88 (CSI 300 Futures)),ew,-0.5111,1.2,0.0,0,-0.003559,-0.0,0.0,-0.0,0.256044
2024-10-25,300ETF,Future (IF88 (CSI 300 Futures)),ew,0.3175,1.2,0.0,0,0.007441,0.0,0.0,0.0,0.256044
2024-10-28,300ETF,Future (IF88 (CSI 300 Futures)),ew,-0.9716,1.2,-1.0,1,0.003751,-0.003751,0.0008,-0.004551,0.251493
2024-10-29,300ETF,Future (IF88 (CSI 300 Futures)),ew,0.4147,1.2,0.0,0,-0.008297,-0.0,0.0,-0.0,0.251493
2024-10-30,300ETF,Future (IF88 (CSI 300 Futures)),ew,0.0167,1.2,0.0,0,-0.010079,-0.0,0.0,-0.0,0.251493
2024-10-31,300ETF,Future (IF88 (CSI 300 Futures)),ew,-0.7318,1.2,0.0,0,0.00742,0.0,0.0,0.0,0.251493
2024-11-01,300ETF,Future (IF88 (CSI 300 Futures)),ew,0.8674,1.2,0.0,0,-0.002804,-0.0,0.0,-0.0,0.251493
2024-11-04,300ETF,Future (IF88 (CSI 300 Futures)),ew,-0.0145,1.2,0.0,0,0.004841,0.0,0.0,0.0,0.251493
2024-11-05,300ETF,Future (IF88 (CSI 300 Futures)),ew,0.0028,1.2,0.0,0,0.019196,0.0,0.0,0.0,0.251493
2024-11-06,300ETF,Future (IF88 (CSI 300 Futures)),ew,0.024,1.2,0.0,0,-0.006952,-0.0,0.0,-0.0,0.251493
2024-11-07,300ETF,Future (IF88 (CSI 300 Futures)),ew,0.2783,1.2,0.0,0,0.023729,0.0,0.0,0.0,0.251493
2024-11-08,300ETF,Future (IF88 (CSI 300 Futures)),ew,-0.265,1.2,0.0,0,-0.013387,-0.0,0.0,-0.0,0.251493
2024-11-11,300ETF,Future (IF88 (CSI 300 Futures)),ew,-0.2897,1.2,0.0,0,0.008081,0.0,0.0,0.0,0.251493
2024-11-12,300ETF,Future (IF88 (CSI 300 Futures)),ew,1.0581,1.2,0.0,0,-0.023713,-0.0,0.0,-0.0,0.251493
2024-11-13,300ETF,Future (IF88 (CSI 300 Futures)),ew,0.3017,1.2,0.0,0,0.004538,0.0,0.0,0.0,0.251493
2024-11-14,300ETF,Future (IF88 (CSI 300 Futures)),ew,-0.0707,1.2,0.0,0,-0.011552,-0.0,0.0,-0.0,0.251493
2024-11-15,300ETF,Future (IF88 (CSI 300 Futures)),ew,-0.0192,1.2,0.0,0,-0.004726,-0.0,0.0,-0.0,0.251493
2024-11-18,300ETF,Future (IF88 (CSI 300 Futures)),ew,0.2444,1.2,0.0,0,-0.008863,-0.0,0.0,-0.0,0.251493
2024-11-19,300ETF,Future (IF88 (CSI 300 Futures)),ew,0.3848,1.2,0.0,0,0.000706,0.0,0.0,0.0,0.251493
2024-11-20,300ETF,Future (IF88 (CSI 300 Futures)),ew,-0.3316,1.2,0.0,0,0.005388,0.0,0.0,0.0,0.251493
2024-11-21,300ETF,Future (IF88 (CSI 300 Futures)),ew,-0.0162,1.2,0.0,0,0.002113,0.0,0.0,0.0,0.251493
2024-11-22,300ETF,Future (IF88 (CSI 300 Futures)),ew,-0.2259,1.2,0.0,0,-0.019422,-0.0,0.0,-0.0,0.251493
2024-11-25,300ETF,Future (IF88 (CSI 300 Futures)),ew,0.3725,1.2,0.0,0,-0.007805,-0.0,0.0,-0.0,0.251493
2024-11-26,300ETF,Future (IF88 (CSI 300 Futures)),ew,0.1938,1.2,0.0,0,-0.002294,-0.0,0.0,-0.0,0.251493
2024-11-27,300ETF,Future (IF88 (CSI 300 Futures)),ew,-0.133,1.2,0.0,0,0.021023,0.0,0.0,0.0,0.251493
2024-11-28,300ETF,Future (IF88 (CSI 300 Futures)),ew,-0.2772,1.2,0.0,0,-0.004172,-0.0,0.0,-0.0,0.251493
2024-11-29,300ETF,Future (IF88 (CSI 300 Futures)),ew,0.8792,1.2,0.0,0,0.009639,0.0,0.0,0.0,0.251493
2024-12-02,300ETF,Future (IF88 (CSI 300 Futures)),ew,0.6313,1.2,0.0,0,-0.00335,-0.0,0.0,-0.0,0.251493
2024-12-03,300ETF,Future (IF88 (CSI 300 Futures)),ew,-0.7653,1.2,0.0,0,0.006549,0.0,0.0,0.0,0.251493
2024-12-04,300ETF,Future (IF88 (CSI 300 Futures)),ew,-0.834,1.2,-1.0,1,-0.001428,0.001428,0.0008,0.000628,0.252121
2024-12-05,300ETF,Future (IF88 (CSI 300 Futures)),ew,0.0152,1.2,0.0,0,-0.000102,-0.0,0.0,-0.0,0.252121
2024-12-06,300ETF,Future (IF88 (CSI 300 Futures)),ew,0.3215,1.2,0.0,0,0.014887,0.0,0.0,0.0,0.252121
2024-12-09,300ETF,Future (IF88 (CSI 300 Futures)),ew,-0.0288,1.2,0.0,0,-0.00111,-0.0,0.0,-0.0,0.252121
2024-12-10,300ETF,Future (IF88 (CSI 300 Futures)),ew,-0.2093,1.2,0.0,0,-0.010091,-0.0,0.0,-0.0,0.252121
2024-12-11,300ETF,Future (IF88 (CSI 300 Futures)),ew,0.3099,1.2,0.0,0,-0.0013,-0.0,0.0,-0.0,0.252121
2024-12-12,300ETF,Future (IF88 (CSI 300 Futures)),ew,-0.2203,1.2,0.0,0,0.009566,0.0,0.0,0.0,0.252121
2024-12-13,300ETF,Future (IF88 (CSI 300 Futures)),ew,-1.073,1.2,-1.0,1,-0.00774,0.00774,0.0008,0.00694,0.259062
2024-12-16,300ETF,Future (IF88 (CSI 300 Futures)),ew,-0.0304,1.2,0.0,0,-0.005515,-0.0,0.0,-0.0,0.259062
2024-12-17,300ETF,Future (IF88 (CSI 300 Futures)),ew,1.0084,1.2,0.0,0,-0.006254,-0.0,0.0,-0.0,0.259062
2024-12-18,300ETF,Future (IF88 (CSI 300 Futures)),ew,0.6904,1.2,0.0,0,-0.003345,-0.0,0.0,-0.0,0.259062
2024-12-19,300ETF,Future (IF88 (CSI 300 Futures)),ew,-0.2812,1.2,0.0,0,0.003097,0.0,0.0,0.0,0.259062
2024-12-20,300ETF,Future (IF88 (CSI 300 Futures)),ew,-0.3799,1.2,0.0,0,-0.002186,-0.0,0.0,-0.0,0.259062
2024-12-23,300ETF,Future (IF88 (CSI 300 Futures)),ew,1.0104,1.2,0.0,0,-0.003701,-0.0,0.0,-0.0,0.259062
2024-12-24,300ETF,Future (IF88 (CSI 300 Futures)),ew,0.552,1.2,0.0,0,0.004483,0.0,0.0,0.0,0.259062
2024-12-25,300ETF,Future (IF88 (CSI 300 Futures)),ew,-0.0467,1.2,0.0,0,-0.006219,-0.0,0.0,-0.0,0.259062
2024-12-26,300ETF,Future (IF88 (CSI 300 Futures)),ew,-0.5537,1.2,0.0,0,0.003261,0.0,0.0,0.0,0.259062
2024-12-27,300ETF,Future (IF88 (CSI 300 Futures)),ew,-0.4933,1.2,0.0,0,0.001858,0.0,0.0,0.0,0.259062
2024-12-30,300ETF,Future (IF88 (CSI 300 Futures)),ew,0.673,1.2,0.0,0,0.00015,0.0,0.0,0.0,0.259062
2024-12-31,300ETF,Future (IF88 (CSI 300 Futures)),ew,-0.1198,1.2,0.0,0,-0.013976,-0.0,0.0,-0.0,0.259062
2025-01-02,300ETF,Future (IF88 (CSI 300 Futures)),ew,-0.748,1.2,0.0,0,-0.022235,-0.0,0.0,-0.0,0.259062
2025-01-03,300ETF,Future (IF88 (CSI 300 Futures)),ew,-0.3952,1.2,0.0,0,-0.007968,-0.0,0.0,-0.0,0.259062
2025-01-06,300ETF,Future (IF88 (CSI 300 Futures)),ew,-0.207,1.2,0.0,0,-5.3e-05,-0.0,0.0,-0.0,0.259062
2025-01-07,300ETF,Future (IF88 (CSI 300 Futures)),ew,0.3427,1.2,0.0,0,0.003544,0.0,0.0,0.0,0.259062
2025-01-08,300ETF,Future (IF88 (CSI 300 Futures)),ew,-0.6989,1.2,0.0,0,-0.000106,-0.0,0.0,-0.0,0.259062
2025-01-09,300ETF,Future (IF88 (CSI 300 Futures)),ew,-0.4723,1.2,0.0,0,0.001743,0.0,0.0,0.0,0.259062
2025-01-10,300ETF,Future (IF88 (CSI 300 Futures)),ew,-0.2193,1.2,0.0,0,-0.004155,-0.0,0.0,-0.0,0.259062
2025-01-13,300ETF,Future (IF88 (CSI 300 Futures)),ew,0.153,1.2,0.0,0,-0.003118,-0.0,0.0,-0.0,0.259062
2025-01-14,300ETF,Future (IF88 (CSI 300 Futures)),ew,0.7389,1.2,0.0,0,0.013693,0.0,0.0,0.0,0.259062
2025-01-15,300ETF,Future (IF88 (CSI 300 Futures)),ew,-0.543,1.2,0.0,0,-0.003315,-0.0,0.0,-0.0,0.259062
2025-01-16,300ETF,Future (IF88 (CSI 300 Futures)),ew,1.238,1.2,1.0,1,-0.008828,-0.008828,0.0008,-0.009628,0.249434
2025-01-17,300ETF,Future (IF88 (CSI 300 Futures)),ew,-0.1661,1.2,0.0,0,0.004945,0.0,0.0,0.0,0.249434
2025-01-20,300ETF,Future (IF88 (CSI 300 Futures)),ew,0.8473,1.2,0.0,0,-0.006719,-0.0,0.0,-0.0,0.249434
2025-01-21,300ETF,Future (IF88 (CSI 300 Futures)),ew,-0.7487,1.2,0.0,0,0.002668,0.0,0.0,0.0,0.249434
2025-01-22,300ETF,Future (IF88 (CSI 300 Futures)),ew,-0.7699,1.2,0.0,0,5.3e-05,0.0,0.0,0.0,0.249434
2025-01-23,300ETF,Future (IF88 (CSI 300 Futures)),ew,0.6174,1.2,0.0,0,-0.010623,-0.0,0.0,-0.0,0.249434
2025-01-24,300ETF,Future (IF88 (CSI 300 Futures)),ew,0.4688,1.2,0.0,0,0.002975,0.0,0.0,0.0,0.249434
2025-01-27,300ETF,Future (IF88 (CSI 300 Futures)),ew,0.3696,1.2,0.0,0,-0.001045,-0.0,0.0,-0.0,0.249434
2025-02-05,300ETF,Future (IF88 (CSI 300 Futures)),ew,-0.9529,1.2,-1.0,1,-0.002636,0.002636,0.0008,0.001836,0.251269
2025-02-06,300ETF,Future (IF88 (CSI 300 Futures)),ew,0.1765,1.2,0.0,0,0.012566,0.0,0.0,0.0,0.251269
2025-02-07,300ETF,Future (IF88 (CSI 300 Futures)),ew,-0.1517,1.2,0.0,0,0.002016,0.0,0.0,0.0,0.251269
2025-02-10,300ETF,Future (IF88 (CSI 300 Futures)),ew,-0.6019,1.2,0.0,0,-0.000872,-0.0,0.0,-0.0,0.251269
2025-02-11,300ETF,Future (IF88 (CSI 300 Futures)),ew,-0.8439,1.2,-1.0,1,-0.000979,0.000979,0.0008,0.000179,0.251449
2025-02-12,300ETF,Future (IF88 (CSI 300 Futures)),ew,-0.1046,1.2,0.0,0,0.000617,0.0,0.0,0.0,0.251449
2025-02-13,300ETF,Future (IF88 (CSI 300 Futures)),ew,-0.0594,1.2,0.0,0,-0.001174,-0.0,0.0,-0.0,0.251449
2025-02-14,300ETF,Future (IF88 (CSI 300 Futures)),ew,0.2908,1.2,0.0,0,0.007239,0.0,0.0,0.0,0.251449
2025-02-17,300ETF,Future (IF88 (CSI 300 Futures)),ew,-0.2479,1.2,0.0,0,0.0,0.0,0.0,0.0,0.251449
2025-02-18,300ETF,Future (IF88 (CSI 300 Futures)),ew,-0.2282,1.2,0.0,0,-0.010301,-0.0,0.0,-0.0,0.251449
2025-02-19,300ETF,Future (IF88 (CSI 300 Futures)),ew,-0.0483,1.2,0.0,0,0.004783,0.0,0.0,0.0,0.251449
2025-02-20,300ETF,Future (IF88 (CSI 300 Futures)),ew,-0.5895,1.2,0.0,0,0.002188,0.0,0.0,0.0,0.251449
2025-02-21,300ETF,Future (IF88 (CSI 300 Futures)),ew,0.291,1.2,0.0,0,0.015009,0.0,0.0,0.0,0.251449
2025-02-24,300ETF,Future (IF88 (CSI 300 Futures)),ew,0.0731,1.2,0.0,0,-0.003624,-0.0,0.0,-0.0,0.251449
2025-02-25,300ETF,Future (IF88 (CSI 300 Futures)),ew,-0.7372,1.2,0.0,0,-0.004428,-0.0,0.0,-0.0,0.251449
2025-02-26,300ETF,Future (IF88 (CSI 300 Futures)),ew,0.4391,1.2,0.0,0,0.002433,0.0,0.0,0.0,0.251449
2025-02-27,300ETF,Future (IF88 (CSI 300 Futures)),ew,0.1298,1.2,0.0,0,0.001466,0.0,0.0,0.0,0.251449
2025-02-28,300ETF,Future (IF88 (CSI 300 Futures)),ew,-0.0974,1.2,0.0,0,-0.013429,-0.0,0.0,-0.0,0.251449
2025-03-03,300ETF,Future (IF88 (CSI 300 Futures)),ew,-0.116,1.2,0.0,0,-0.007755,-0.0,0.0,-0.0,0.251449
2025-03-04,300ETF,Future (IF88 (CSI 300 Futures)),ew,-0.4709,1.2,0.0,0,0.003199,0.0,0.0,0.0,0.251449
2025-03-05,300ETF,Future (IF88 (CSI 300 Futures)),ew,-0.0386,1.2,0.0,0,0.004117,0.0,0.0,0.0,0.251449
2025-03-06,300ETF,Future (IF88 (CSI 300 Futures)),ew,-0.1642,1.2,0.0,0,0.006882,0.0,0.0,0.0,0.251449
2025-03-07,300ETF,Future (IF88 (CSI 300 Futures)),ew,-0.3932,1.2,0.0,0,-0.000609,-0.0,0.0,-0.0,0.251449
2025-03-10,300ETF,Future (IF88 (CSI 300 Futures)),ew,-0.3809,1.2,0.0,0,0.002349,0.0,0.0,0.0,0.251449
2025-03-11,300ETF,Future (IF88 (CSI 300 Futures)),ew,-0.3707,1.2,0.0,0,0.001942,0.0,0.0,0.0,0.251449
2025-03-12,300ETF,Future (IF88 (CSI 300 Futures)),ew,-0.8327,1.2,-1.0,1,-0.000305,0.000305,0.0008,-0.000495,0.250954
2025-03-13,300ETF,Future (IF88 (CSI 300 Futures)),ew,0.25,1.2,0.0,0,-0.001431,-0.0,0.0,-0.0,0.250954
2025-03-14,300ETF,Future (IF88 (CSI 300 Futures)),ew,1.4227,1.2,1.0,1,0.010287,0.010287,0.0008,0.009487,0.260442
2025-03-17,300ETF,Future (IF88 (CSI 300 Futures)),ew,-0.2811,1.2,0.0,0,-0.001351,-0.0,0.0,-0.0,0.260442
2025-03-18,300ETF,Future (IF88 (CSI 300 Futures)),ew,-0.4782,1.2,0.0,0,-0.001097,-0.0,0.0,-0.0,0.260442
2025-03-19,300ETF,Future (IF88 (CSI 300 Futures)),ew,-0.1768,1.2,0.0,0,0.003851,0.0,0.0,0.0,0.260442
2025-03-20,300ETF,Future (IF88 (CSI 300 Futures)),ew,-0.7741,1.2,0.0,0,0.000101,0.0,0.0,0.0,0.260442
2025-03-21,300ETF,Future (IF88 (CSI 300 Futures)),ew,0.1248,1.2,0.0,0,-0.015592,-0.0,0.0,-0.0,0.260442
2025-03-24,300ETF,Future (IF88 (CSI 300 Futures)),ew,0.2277,1.2,0.0,0,0.000765,0.0,0.0,0.0,0.260442
2025-03-25,300ETF,Future (IF88 (CSI 300 Futures)),ew,-0.1739,1.2,0.0,0,0.000713,0.0,0.0,0.0,0.260442
2025-03-26,300ETF,Future (IF88 (CSI 300 Futures)),ew,0.1554,1.2,0.0,0,-0.00606,-0.0,0.0,-0.0,0.260442
2025-03-27,300ETF,Future (IF88 (CSI 300 Futures)),ew,-0.0981,1.2,0.0,0,0.001783,0.0,0.0,0.0,0.260442
2025-03-28,300ETF,Future (IF88 (CSI 300 Futures)),ew,-0.4945,1.2,0.0,0,-0.000153,-0.0,0.0,-0.0,0.260442
2025-03-31,300ETF,Future (IF88 (CSI 300 Futures)),ew,0.0649,1.2,0.0,0,-0.008515,-0.0,0.0,-0.0,0.260442
2025-04-01,300ETF,Future (IF88 (CSI 300 Futures)),ew,-0.2191,1.2,0.0,0,-0.001441,-0.0,0.0,-0.0,0.260442
2025-04-02,300ETF,Future (IF88 (CSI 300 Futures)),ew,0.0266,1.2,0.0,0,-0.003501,-0.0,0.0,-0.0,0.260442
2025-04-03,300ETF,Future (IF88 (CSI 300 Futures)),ew,-0.1139,1.2,0.0,0,-0.003724,-0.0,0.0,-0.0,0.260442
2025-04-07,300ETF,Future (IF88 (CSI 300 Futures)),ew,-1.5643,1.2,-1.0,1,-0.037154,0.037154,0.0008,0.036354,0.296796
2025-04-08,300ETF,Future (IF88 (CSI 300 Futures)),ew,0.4242,1.2,0.0,0,-0.004296,-0.0,0.0,-0.0,0.296796
2025-04-09,300ETF,Future (IF88 (CSI 300 Futures)),ew,-0.6691,1.2,0.0,0,0.021168,0.0,0.0,0.0,0.296796
2025-04-10,300ETF,Future (IF88 (CSI 300 Futures)),ew,-0.2049,1.2,0.0,0,-0.007286,-0.0,0.0,-0.0,0.296796
2025-04-11,300ETF,Future (IF88 (CSI 300 Futures)),ew,-0.5571,1.2,0.0,0,0.007466,0.0,0.0,0.0,0.296796
2025-04-14,300ETF,Future (IF88 (CSI 300 Futures)),ew,-0.4082,1.2,0.0,0,-0.001865,-0.0,0.0,-0.0,0.296796
2025-04-15,300ETF,Future (IF88 (CSI 300 Futures)),ew,-0.7753,1.2,0.0,0,0.002841,0.0,0.0,0.0,0.296796
2025-04-16,300ETF,Future (IF88 (CSI 300 Futures)),ew,-0.9689,1.2,-1.0,1,0.001287,-0.001287,0.0008,-0.002087,0.294709
2025-04-17,300ETF,Future (IF88 (CSI 300 Futures)),ew,-0.1755,1.2,0.0,0,0.000691,0.0,0.0,0.0,0.294709
2025-04-18,300ETF,Future (IF88 (CSI 300 Futures)),ew,-0.4629,1.2,0.0,0,0.002784,0.0,0.0,0.0,0.294709
2025-04-21,300ETF,Future (IF88 (CSI 300 Futures)),ew,0.521,1.2,0.0,0,0.002178,0.0,0.0,0.0,0.294709
2025-04-22,300ETF,Future (IF88 (CSI 300 Futures)),ew,0.1744,1.2,0.0,0,-0.000531,-0.0,0.0,-0.0,0.294709
2025-04-23,300ETF,Future (IF88 (CSI 300 Futures)),ew,-0.6218,1.2,0.0,0,0.001062,0.0,0.0,0.0,0.294709
2025-04-24,300ETF,Future (IF88 (CSI 300 Futures)),ew,0.3212,1.2,0.0,0,-0.001907,-0.0,0.0,-0.0,0.294709
2025-04-25,300ETF,Future (IF88 (CSI 300 Futures)),ew,-0.2686,1.2,0.0,0,-0.000583,-0.0,0.0,-0.0,0.294709
2025-04-28,300ETF,Future (IF88 (CSI 300 Futures)),ew,-0.8492,1.2,-1.0,1,0.001968,-0.001968,0.0008,-0.002768,0.291941
2025-04-29,300ETF,Future (IF88 (CSI 300 Futures)),ew,-0.6661,1.2,0.0,0,-0.000692,-0.0,0.0,-0.0,0.291941
2025-04-30,300ETF,Future (IF88 (CSI 300 Futures)),ew,-0.1163,1.2,0.0,0,0.000372,0.0,0.0,0.0,0.291941
2025-05-06,300ETF,Future (IF88 (CSI 300 Futures)),ew,-0.5414,1.2,0.0,0,0.002553,0.0,0.0,0.0,0.291941
2025-05-07,300ETF,Future (IF88 (CSI 300 Futures)),ew,-0.5619,1.2,0.0,0,-0.004175,-0.0,0.0,-0.0,0.291941
2025-05-08,300ETF,Future (IF88 (CSI 300 Futures)),ew,0.7306,1.2,0.0,0,-0.000733,-0.0,0.0,-0.0,0.291941
2025-05-09,300ETF,Future (IF88 (CSI 300 Futures)),ew,-0.357,1.2,0.0,0,-0.000998,-0.0,0.0,-0.0,0.291941
2025-05-12,300ETF,Future (IF88 (CSI 300 Futures)),ew,-0.1754,1.2,0.0,0,0.002863,0.0,0.0,0.0,0.291941
2025-05-13,300ETF,Future (IF88 (CSI 300 Futures)),ew,-0.7923,1.2,0.0,0,-0.002385,-0.0,0.0,-0.0,0.291941
2025-05-14,300ETF,Future (IF88 (CSI 300 Futures)),ew,-0.2038,1.2,0.0,0,0.011439,0.0,0.0,0.0,0.291941
2025-05-15,300ETF,Future (IF88 (CSI 300 Futures)),ew,-0.5541,1.2,0.0,0,-0.001858,-0.0,0.0,-0.0,0.291941
2025-05-16,300ETF,Future (IF88 (CSI 300 Futures)),ew,-0.2899,1.2,0.0,0,-0.005085,-0.0,0.0,-0.0,0.291941
2025-05-19,300ETF,Future (IF88 (CSI 300 Futures)),ew,-0.4502,1.2,0.0,0,0.004176,0.0,0.0,0.0,0.291941
2025-05-20,300ETF,Future (IF88 (CSI 300 Futures)),ew,0.0099,1.2,0.0,0,0.00503,0.0,0.0,0.0,0.291941
2025-05-21,300ETF,Future (IF88 (CSI 300 Futures)),ew,0.605,1.2,0.0,0,0.00165,0.0,0.0,0.0,0.291941
2025-05-22,300ETF,Future (IF88 (CSI 300 Futures)),ew,-0.6638,1.2,0.0,0,0.000773,0.0,0.0,0.0,0.291941
2025-05-23,300ETF,Future (IF88 (CSI 300 Futures)),ew,0.415,1.2,0.0,0,-0.010178,-0.0,0.0,-0.0,0.291941
2025-05-26,300ETF,Future (IF88 (CSI 300 Futures)),ew,-0.4925,1.2,0.0,0,-0.003859,-0.0,0.0,-0.0,0.291941
2025-05-27,300ETF,Future (IF88 (CSI 300 Futures)),ew,0.0155,1.2,0.0,0,-0.003982,-0.0,0.0,-0.0,0.291941
2025-05-28,300ETF,Future (IF88 (CSI 300 Futures)),ew,0.116,1.2,0.0,0,-0.003042,-0.0,0.0,-0.0,0.291941
2025-05-29,300ETF,Future (IF88 (CSI 300 Futures)),ew,0.0736,1.2,0.0,0,0.000887,0.0,0.0,0.0,0.291941
2025-05-30,300ETF,Future (IF88 (CSI 300 Futures)),ew,-0.2317,1.2,0.0,0,0.005352,0.0,0.0,0.0,0.291941
2025-06-03,300ETF,Future (IF88 (CSI 300 Futures)),ew,0.2415,1.2,0.0,0,0.000313,0.0,0.0,0.0,0.291941
2025-06-04,300ETF,Future (IF88 (CSI 300 Futures)),ew,0.5753,1.2,0.0,0,-5.2e-05,-0.0,0.0,-0.0,0.291941
2025-06-05,300ETF,Future (IF88 (CSI 300 Futures)),ew,-0.451,1.2,0.0,0,0.004679,0.0,0.0,0.0,0.291941
2025-06-06,300ETF,Future (IF88 (CSI 300 Futures)),ew,-0.4142,1.2,0.0,0,0.000156,0.0,0.0,0.0,0.291941
2025-06-09,300ETF,Future (IF88 (CSI 300 Futures)),ew,-0.1707,1.2,0.0,0,-0.001086,-0.0,0.0,-0.0,0.291941
2025-06-10,300ETF,Future (IF88 (CSI 300 Futures)),ew,-0.0573,1.2,0.0,0,-0.007306,-0.0,0.0,-0.0,0.291941
2025-06-11,300ETF,Future (IF88 (CSI 300 Futures)),ew,1.4316,1.2,1.0,1,-0.003342,-0.003342,0.0008,-0.004142,0.287799
2025-06-12,300ETF,Future (IF88 (CSI 300 Futures)),ew,-0.6599,1.2,0.0,0,0.003354,0.0,0.0,0.0,0.287799
2025-06-13,300ETF,Future (IF88 (CSI 300 Futures)),ew,-0.1357,1.2,0.0,0,-0.001762,-0.0,0.0,-0.0,0.287799
2025-06-16,300ETF,Future (IF88 (CSI 300 Futures)),ew,-0.0629,1.2,0.0,0,0.002276,0.0,0.0,0.0,0.287799
2025-06-17,300ETF,Future (IF88 (CSI 300 Futures)),ew,-0.2332,1.2,0.0,0,-0.002999,-0.0,0.0,-0.0,0.287799
2025-06-18,300ETF,Future (IF88 (CSI 300 Futures)),ew,0.1599,1.2,0.0,0,0.001707,0.0,0.0,0.0,0.287799
2025-06-19,300ETF,Future (IF88 (CSI 300 Futures)),ew,-0.4772,1.2,0.0,0,-0.007953,-0.0,0.0,-0.0,0.287799
2025-06-20,300ETF,Future (IF88 (CSI 300 Futures)),ew,0.4284,1.2,0.0,0,-0.002102,-0.0,0.0,-0.0,0.287799
2025-06-23,300ETF,Future (IF88 (CSI 300 Futures)),ew,-0.2496,1.2,0.0,0,0.007076,0.0,0.0,0.0,0.287799
2025-06-24,300ETF,Future (IF88 (CSI 300 Futures)),ew,1.0712,1.2,0.0,0,0.000672,0.0,0.0,0.0,0.287799
2025-06-25,300ETF,Future (IF88 (CSI 300 Futures)),ew,0.2426,1.2,0.0,0,0.012951,0.0,0.0,0.0,0.287799
2025-06-26,300ETF,Future (IF88 (CSI 300 Futures)),ew,-0.1451,1.2,0.0,0,-0.002291,-0.0,0.0,-0.0,0.287799
2025-06-27,300ETF,Future (IF88 (CSI 300 Futures)),ew,0.0721,1.2,0.0,0,-0.010626,-0.0,0.0,-0.0,0.287799
2025-06-30,300ETF,Future (IF88 (CSI 300 Futures)),ew,0.1742,1.2,0.0,0,0.00169,0.0,0.0,0.0,0.287799
2025-07-01,300ETF,Future (IF88 (CSI 300 Futures)),ew,-0.5782,1.2,0.0,0,0.002969,0.0,0.0,0.0,0.287799
2025-07-02,300ETF,Future (IF88 (CSI 300 Futures)),ew,-0.3378,1.2,0.0,0,0.003271,0.0,0.0,0.0,0.287799
2025-07-03,300ETF,Future (IF88 (CSI 300 Futures)),ew,0.2345,1.2,0.0,0,0.003046,0.0,0.0,0.0,0.287799
2025-07-04,300ETF,Future (IF88 (CSI 300 Futures)),ew,-0.5565,1.2,0.0,0,0.003545,0.0,0.0,0.0,0.287799
2025-07-07,300ETF,Future (IF88 (CSI 300 Futures)),ew,-0.7301,1.2,0.0,0,0.000659,0.0,0.0,0.0,0.287799
2025-07-08,300ETF,Future (IF88 (CSI 300 Futures)),ew,0.4912,1.2,0.0,0,0.006693,0.0,0.0,0.0,0.287799
2025-07-09,300ETF,Future (IF88 (CSI 300 Futures)),ew,0.1315,1.2,0.0,0,-5e-05,-0.0,0.0,-0.0,0.287799
2025-07-10,300ETF,Future (IF88 (CSI 300 Futures)),ew,0.0998,1.2,0.0,0,0.004161,0.0,0.0,0.0,0.287799
2025-07-11,300ETF,Future (IF88 (CSI 300 Futures)),ew,0.1692,1.2,0.0,0,0.001739,0.0,0.0,0.0,0.287799
2025-07-14,300ETF,Future (IF88 (CSI 300 Futures)),ew,0.0788,1.2,0.0,0,0.000897,0.0,0.0,0.0,0.287799
2025-07-15,300ETF,Future (IF88 (CSI 300 Futures)),ew,0.6269,1.2,0.0,0,-0.003929,-0.0,0.0,-0.0,0.287799
2025-07-16,300ETF,Future (IF88 (CSI 300 Futures)),ew,-0.3505,1.2,0.0,0,-0.005135,-0.0,0.0,-0.0,0.287799
2025-07-17,300ETF,Future (IF88 (CSI 300 Futures)),ew,0.42,1.2,0.0,0,0.004077,0.0,0.0,0.0,0.287799
2025-07-18,300ETF,Future (IF88 (CSI 300 Futures)),ew,0.6677,1.2,0.0,0,-0.001977,-0.0,0.0,-0.0,0.287799
2025-07-21,300ETF,Future (IF88 (CSI 300 Futures)),ew,-0.1111,1.2,0.0,0,0.001768,0.0,0.0,0.0,0.287799
2025-07-22,300ETF,Future (IF88 (CSI 300 Futures)),ew,0.1363,1.2,0.0,0,0.009089,0.0,0.0,0.0,0.287799
2025-07-23,300ETF,Future (IF88 (CSI 300 Futures)),ew,0.2113,1.2,0.0,0,-0.003733,-0.0,0.0,-0.0,0.287799
2025-07-24,300ETF,Future (IF88 (CSI 300 Futures)),ew,0.0672,1.2,0.0,0,0.006141,0.0,0.0,0.0,0.287799
2025-07-25,300ETF,Future (IF88 (CSI 300 Futures)),ew,-0.4184,1.2,0.0,0,-0.001549,-0.0,0.0,-0.0,0.287799
2025-07-28,300ETF,Future (IF88 (CSI 300 Futures)),ew,-0.5234,1.2,0.0,0,-0.00092,-0.0,0.0,-0.0,0.287799
2025-07-29,300ETF,Future (IF88 (CSI 300 Futures)),ew,0.206,1.2,0.0,0,0.008089,0.0,0.0,0.0,0.287799
2025-07-30,300ETF,Future (IF88 (CSI 300 Futures)),ew,-0.0017,1.2,0.0,0,-0.001204,-0.0,0.0,-0.0,0.287799
2025-07-31,300ETF,Future (IF88 (CSI 300 Futures)),ew,-0.8378,1.2,-1.0,1,-0.010208,0.010208,0.0008,0.009408,0.297207
2025-08-01,300ETF,Future (IF88 (CSI 300 Futures)),ew,0.2125,1.2,0.0,0,-0.005883,-0.0,0.0,-0.0,0.297207
2025-08-04,300ETF,Future (IF88 (CSI 300 Futures)),ew,0.1908,1.2,0.0,0,0.002622,0.0,0.0,0.0,0.297207
2025-08-05,300ETF,Future (IF88 (CSI 300 Futures)),ew,-0.0982,1.2,0.0,0,0.006046,0.0,0.0,0.0,0.297207
2025-08-06,300ETF,Future (IF88 (CSI 300 Futures)),ew,0.1368,1.2,0.0,0,0.003469,0.0,0.0,0.0,0.297207
2025-08-07,300ETF,Future (IF88 (CSI 300 Futures)),ew,0.1281,1.2,0.0,0,-0.001659,-0.0,0.0,-0.0,0.297207
2025-08-08,300ETF,Future (IF88 (CSI 300 Futures)),ew,-0.5072,1.2,0.0,0,0.002352,0.0,0.0,0.0,0.297207
2025-08-11,300ETF,Future (IF88 (CSI 300 Futures)),ew,-0.3813,1.2,0.0,0,0.001119,0.0,0.0,0.0,0.297207
2025-08-12,300ETF,Future (IF88 (CSI 300 Futures)),ew,0.422,1.2,0.0,0,0.000388,0.0,0.0,0.0,0.297207
2025-08-13,300ETF,Future (IF88 (CSI 300 Futures)),ew,0.4548,1.2,0.0,0,0.001879,0.0,0.0,0.0,0.297207
2025-08-14,300ETF,Future (IF88 (CSI 300 Futures)),ew,0.8065,1.2,0.0,0,-0.002963,-0.0,0.0,-0.0,0.297207
2025-08-15,300ETF,Future (IF88 (CSI 300 Futures)),ew,0.1594,1.2,0.0,0,0.005304,0.0,0.0,0.0,0.297207
2025-08-18,300ETF,Future (IF88 (CSI 300 Futures)),ew,-0.02,1.2,0.0,0,0.003404,0.0,0.0,0.0,0.297207
2025-08-19,300ETF,Future (IF88 (CSI 300 Futures)),ew,0.673,1.2,0.0,0,-0.005054,-0.0,0.0,-0.0,0.297207
2025-08-20,300ETF,Future (IF88 (CSI 300 Futures)),ew,-0.1506,1.2,0.0,0,0.006893,0.0,0.0,0.0,0.297207
2025-08-21,300ETF,Future (IF88 (CSI 300 Futures)),ew,0.5046,1.2,0.0,0,-0.000187,-0.0,0.0,-0.0,0.297207
2025-08-22,300ETF,Future (IF88 (CSI 300 Futures)),ew,0.7937,1.2,0.0,0,0.015046,0.0,0.0,0.0,0.297207
2025-08-25,300ETF,Future (IF88 (CSI 300 Futures)),ew,1.1335,1.2,0.0,0,0.007882,0.0,0.0,0.0,0.297207
2025-08-26,300ETF,Future (IF88 (CSI 300 Futures)),ew,-0.6841,1.2,0.0,0,0.001928,0.0,0.0,0.0,0.297207
2025-08-27,300ETF,Future (IF88 (CSI 300 Futures)),ew,0.3142,1.2,0.0,0,-0.003468,-0.0,0.0,-0.0,0.297207
2025-08-28,300ETF,Future (IF88 (CSI 300 Futures)),ew,0.5306,1.2,0.0,0,0.011022,0.0,0.0,0.0,0.297207
2025-08-29,300ETF,Future (IF88 (CSI 300 Futures)),ew,0.6233,1.2,0.0,0,0.003029,0.0,0.0,0.0,0.297207
2025-09-01,300ETF,Future (IF88 (CSI 300 Futures)),ew,-0.3623,1.2,0.0,0,0.004929,0.0,0.0,0.0,0.297207
2025-09-02,300ETF,Future (IF88 (CSI 300 Futures)),ew,0.6485,1.2,0.0,0,-0.010199,-0.0,0.0,-0.0,0.297207
2025-09-03,300ETF,Future (IF88 (CSI 300 Futures)),ew,-0.1698,1.2,0.0,0,-0.005025,-0.0,0.0,-0.0,0.297207
2025-09-04,300ETF,Future (IF88 (CSI 300 Futures)),ew,-0.5525,1.2,0.0,0,-0.020833,-0.0,0.0,-0.0,0.297207
2025-09-05,300ETF,Future (IF88 (CSI 300 Futures)),ew,0.0022,1.2,0.0,0,0.015206,0.0,0.0,0.0,0.297207
2025-09-08,300ETF,Future (IF88 (CSI 300 Futures)),ew,0.2881,1.2,0.0,0,0.000134,0.0,0.0,0.0,0.297207
2025-09-09,300ETF,Future (IF88 (CSI 300 Futures)),ew,0.0258,1.2,0.0,0,-0.010137,-0.0,0.0,-0.0,0.297207
2025-09-10,300ETF,Future (IF88 (CSI 300 Futures)),ew,0.4078,1.2,0.0,0,0.000585,0.0,0.0,0.0,0.297207
2025-09-11,300ETF,Future (IF88 (CSI 300 Futures)),ew,-0.0741,1.2,0.0,0,0.021525,0.0,0.0,0.0,0.297207
2025-09-12,300ETF,Future (IF88 (CSI 300 Futures)),ew,0.1978,1.2,0.0,0,-0.005988,-0.0,0.0,-0.0,0.297207
2025-09-15,300ETF,Future (IF88 (CSI 300 Futures)),ew,0.2862,1.2,0.0,0,-0.001896,-0.0,0.0,-0.0,0.297207
2025-09-16,300ETF,Future (IF88 (CSI 300 Futures)),ew,0.2883,1.2,0.0,0,-0.00425,-0.0,0.0,-0.0,0.297207
2025-09-17,300ETF,Future (IF88 (CSI 300 Futures)),ew,0.1058,1.2,0.0,0,0.005207,0.0,0.0,0.0,0.297207
2025-09-18,300ETF,Future (IF88 (CSI 300 Futures)),ew,-0.3131,1.2,0.0,0,-0.015567,-0.0,0.0,-0.0,0.297207
2025-09-19,300ETF,Future (IF88 (CSI 300 Futures)),ew,0.3635,1.2,0.0,0,0.002893,0.0,0.0,0.0,0.297207
2025-09-22,300ETF,Future (IF88 (CSI 300 Futures)),ew,-0.6708,1.2,0.0,0,0.006636,0.0,0.0,0.0,0.297207
2025-09-23,300ETF,Future (IF88 (CSI 300 Futures)),ew,-0.0541,1.2,0.0,0,-0.006632,-0.0,0.0,-0.0,0.297207
2025-09-24,300ETF,Future (IF88 (CSI 300 Futures)),ew,0.3193,1.2,0.0,0,0.004503,0.0,0.0,0.0,0.297207
2025-09-25,300ETF,Future (IF88 (CSI 300 Futures)),ew,0.0426,1.2,0.0,0,0.010397,0.0,0.0,0.0,0.297207
2025-09-26,300ETF,Future (IF88 (CSI 300 Futures)),ew,-0.0205,1.2,0.0,0,-0.005434,-0.0,0.0,-0.0,0.297207
2025-09-29,300ETF,Future (IF88 (CSI 300 Futures)),ew,-0.0999,1.2,0.0,0,0.015715,0.0,0.0,0.0,0.297207
2025-09-30,300ETF,Future (IF88 (CSI 300 Futures)),ew,0.2994,1.2,0.0,0,-0.000345,-0.0,0.0,-0.0,0.297207
2025-10-09,300ETF,Future (IF88 (CSI 300 Futures)),ew,0.164,1.2,0.0,0,0.011139,0.0,0.0,0.0,0.297207
2025-10-10,300ETF,Future (IF88 (CSI 300 Futures)),ew,-0.7997,1.2,0.0,0,-0.010562,-0.0,0.0,-0.0,0.297207
2025-10-13,300ETF,Future (IF88 (CSI 300 Futures)),ew,-0.6587,1.2,0.0,0,0.010764,0.0,0.0,0.0,0.297207
2025-10-14,300ETF,Future (IF88 (CSI 300 Futures)),ew,0.0096,1.2,0.0,0,-0.019376,-0.0,0.0,-0.0,0.297207
2025-10-15,300ETF,Future (IF88 (CSI 300 Futures)),ew,-0.5167,1.2,0.0,0,0.011149,0.0,0.0,0.0,0.297207
2025-10-16,300ETF,Future (IF88 (CSI 300 Futures)),ew,0.6239,1.2,0.0,0,-0.002427,-0.0,0.0,-0.0,0.297207
2025-10-17,300ETF,Future (IF88 (CSI 300 Futures)),ew,-0.251,1.2,0.0,0,-0.011597,-0.0,0.0,-0.0,0.297207
2025-10-20,300ETF,Future (IF88 (CSI 300 Futures)),ew,-0.1385,1.2,0.0,0,-0.007688,-0.0,0.0,-0.0,0.297207
2025-10-21,300ETF,Future (IF88 (CSI 300 Futures)),ew,0.457,1.2,0.0,0,0.004406,0.0,0.0,0.0,0.297207
2025-10-22,300ETF,Future (IF88 (CSI 300 Futures)),ew,-0.4424,1.2,0.0,0,0.001661,0.0,0.0,0.0,0.297207
2025-10-23,300ETF,Future (IF88 (CSI 300 Futures)),ew,-0.1618,1.2,0.0,0,0.009826,0.0,0.0,0.0,0.297207
2025-10-24,300ETF,Future (IF88 (CSI 300 Futures)),ew,0.6961,1.2,0.0,0,0.004924,0.0,0.0,0.0,0.297207
2025-10-27,300ETF,Future (IF88 (CSI 300 Futures)),ew,0.1671,1.2,0.0,0,0.000468,0.0,0.0,0.0,0.297207
2025-10-28,300ETF,Future (IF88 (CSI 300 Futures)),ew,-0.4412,1.2,0.0,0,-0.002642,-0.0,0.0,-0.0,0.297207
2025-10-29,300ETF,Future (IF88 (CSI 300 Futures)),ew,0.3487,1.2,0.0,0,0.006569,0.0,0.0,0.0,0.297207
2025-10-30,300ETF,Future (IF88 (CSI 300 Futures)),ew,-0.0034,1.2,0.0,0,-0.00483,-0.0,0.0,-0.0,0.297207
2025-10-31,300ETF,Future (IF88 (CSI 300 Futures)),ew,-0.6695,1.2,0.0,0,-0.006777,-0.0,0.0,-0.0,0.297207
2025-11-03,300ETF,Future (IF88 (CSI 300 Futures)),ew,-0.4334,1.2,0.0,0,0.007459,0.0,0.0,0.0,0.297207
2025-11-04,300ETF,Future (IF88 (CSI 300 Futures)),ew,0.1985,1.2,0.0,0,-0.01014,-0.0,0.0,-0.0,0.297207
2025-11-05,300ETF,Future (IF88 (CSI 300 Futures)),ew,-0.9222,1.2,-1.0,1,0.011033,-0.011033,0.0008,-0.011833,0.285374
2025-11-06,300ETF,Future (IF88 (CSI 300 Futures)),ew,0.953,1.2,0.0,0,0.007185,0.0,0.0,0.0,0.285374
2025-11-07,300ETF,Future (IF88 (CSI 300 Futures)),ew,-0.4038,1.2,0.0,0,0.001288,0.0,0.0,0.0,0.285374
2025-11-10,300ETF,Future (IF88 (CSI 300 Futures)),ew,-0.1967,1.2,0.0,0,0.006446,0.0,0.0,0.0,0.285374
2025-11-11,300ETF,Future (IF88 (CSI 300 Futures)),ew,-0.537,1.2,0.0,0,-0.006669,-0.0,0.0,-0.0,0.285374
2025-11-12,300ETF,Future (IF88 (CSI 300 Futures)),ew,-0.3047,1.2,0.0,0,-0.000604,-0.0,0.0,-0.0,0.285374
2025-11-13,300ETF,Future (IF88 (CSI 300 Futures)),ew,0.303,1.2,0.0,0,0.007427,0.0,0.0,0.0,0.285374
2025-11-14,300ETF,Future (IF88 (CSI 300 Futures)),ew,-0.5789,1.2,0.0,0,-0.003792,-0.0,0.0,-0.0,0.285374
2025-11-17,300ETF,Future (IF88 (CSI 300 Futures)),ew,-0.341,1.2,0.0,0,0.001312,0.0,0.0,0.0,0.285374
2025-11-18,300ETF,Future (IF88 (CSI 300 Futures)),ew,0.0649,1.2,0.0,0,-0.00365,-0.0,0.0,-0.0,0.285374
2025-11-19,300ETF,Future (IF88 (CSI 300 Futures)),ew,0.6536,1.2,0.0,0,0.001619,0.0,0.0,0.0,0.285374
2025-11-20,300ETF,Future (IF88 (CSI 300 Futures)),ew,-0.501,1.2,0.0,0,-0.006488,-0.0,0.0,-0.0,0.285374
2025-11-21,300ETF,Future (IF88 (CSI 300 Futures)),ew,-0.9529,1.2,-1.0,1,-0.008379,0.008379,0.0008,0.007579,0.292953
2025-11-24,300ETF,Future (IF88 (CSI 300 Futures)),ew,-0.5334,1.2,0.0,0,0.003603,0.0,0.0,0.0,0.292953
2025-11-25,300ETF,Future (IF88 (CSI 300 Futures)),ew,-0.2673,1.2,0.0,0,0.0,0.0,0.0,0.0,0.292953
2025-11-26,300ETF,Future (IF88 (CSI 300 Futures)),ew,0.1232,1.2,0.0,0,-0.000311,-0.0,0.0,-0.0,0.292953
2025-11-27,300ETF,Future (IF88 (CSI 300 Futures)),ew,0.6851,1.2,0.0,0,-0.00871,-0.0,0.0,-0.0,0.292953
2025-11-28,300ETF,Future (IF88 (CSI 300 Futures)),ew,-0.3734,1.2,0.0,0,0.006411,0.0,0.0,0.0,0.292953
2025-12-01,300ETF,Future (IF88 (CSI 300 Futures)),ew,0.196,1.2,0.0,0,0.002598,0.0,0.0,0.0,0.292953
2025-12-02,300ETF,Future (IF88 (CSI 300 Futures)),ew,-0.6193,1.2,0.0,0,-0.003261,-0.0,0.0,-0.0,0.292953
2025-12-03,300ETF,Future (IF88 (CSI 300 Futures)),ew,0.3597,1.2,0.0,0,-0.005126,-0.0,0.0,-0.0,0.292953
2025-12-04,300ETF,Future (IF88 (CSI 300 Futures)),ew,0.1694,1.2,0.0,0,0.005713,0.0,0.0,0.0,0.292953
2025-12-05,300ETF,Future (IF88 (CSI 300 Futures)),ew,-0.1925,1.2,0.0,0,0.008607,0.0,0.0,0.0,0.292953
2025-12-08,300ETF,Future (IF88 (CSI 300 Futures)),ew,0.4223,1.2,0.0,0,0.00599,0.0,0.0,0.0,0.292953
2025-12-09,300ETF,Future (IF88 (CSI 300 Futures)),ew,-0.3645,1.2,0.0,0,-0.007132,-0.0,0.0,-0.0,0.292953
2025-12-10,300ETF,Future (IF88 (CSI 300 Futures)),ew,-1.0004,1.2,-1.0,1,0.008116,-0.008116,0.0008,-0.008916,0.284036
2025-12-11,300ETF,Future (IF88 (CSI 300 Futures)),ew,0.3632,1.2,0.0,0,-0.007622,-0.0,0.0,-0.0,0.284036
2025-12-12,300ETF,Future (IF88 (CSI 300 Futures)),ew,-0.6134,1.2,0.0,0,0.007986,0.0,0.0,0.0,0.284036
2025-12-15,300ETF,Future (IF88 (CSI 300 Futures)),ew,0.1232,1.2,0.0,0,-0.005607,-0.0,0.0,-0.0,0.284036
2025-12-16,300ETF,Future (IF88 (CSI 300 Futures)),ew,-0.2659,1.2,0.0,0,-0.003594,-0.0,0.0,-0.0,0.284036
2025-12-17,300ETF,Future (IF88 (CSI 300 Futures)),ew,0.5303,1.2,0.0,0,0.017914,0.0,0.0,0.0,0.284036
2025-12-18,300ETF,Future (IF88 (CSI 300 Futures)),ew,-0.6262,1.2,0.0,0,-0.001622,-0.0,0.0,-0.0,0.284036
2025-12-19,300ETF,Future (IF88 (CSI 300 Futures)),ew,-0.6665,1.2,0.0,0,0.001407,0.0,0.0,0.0,0.284036
2025-12-22,300ETF,Future (IF88 (CSI 300 Futures)),ew,0.6497,1.2,0.0,0,-0.001306,-0.0,0.0,-0.0,0.284036
2025-12-23,300ETF,Future (IF88 (CSI 300 Futures)),ew,-0.5229,1.2,0.0,0,-0.001913,-0.0,0.0,-0.0,0.284036
2025-12-24,300ETF,Future (IF88 (CSI 300 Futures)),ew,-0.5449,1.2,0.0,0,0.003994,0.0,0.0,0.0,0.284036
2025-12-25,300ETF,Future (IF88 (CSI 300 Futures)),ew,0.1168,1.2,0.0,0,0.004453,0.0,0.0,0.0,0.284036
2025-12-26,300ETF,Future (IF88 (CSI 300 Futures)),ew,0.4568,1.2,0.0,0,-0.002362,-0.0,0.0,-0.0,0.284036
2025-12-29,300ETF,Future (IF88 (CSI 300 Futures)),ew,-0.2452,1.2,0.0,0,-0.004703,-0.0,0.0,-0.0,0.284036
2025-12-30,300ETF,Future (IF88 (CSI 300 Futures)),ew,0.1929,1.2,0.0,0,0.001162,0.0,0.0,0.0,0.284036
2025-12-31,300ETF,Future (IF88 (CSI 300 Futures)),ew,-0.5426,1.2,0.0,0,-0.005747,-0.0,0.0,-0.0,0.284036
2022-01-04,500ETF,Future (IC88 (CSI 500 Futures)),ew,-0.7924,0.8,0.0,0,0.002203,0.0,0.0,0.0,0.0
2022-01-05,500ETF,Future (IC88 (CSI 500 Futures)),ew,-1.131,0.8,0.0,0,-0.005012,-0.0,0.0,-0.0,0.0
2022-01-06,500ETF,Future (IC88 (CSI 500 Futures)),ew,-0.0674,0.8,0.0,0,0.002217,0.0,0.0,0.0,0.0
2022-01-07,500ETF,Future (IC88 (CSI 500 Futures)),ew,0.794,0.8,0.0,0,-0.006981,-0.0,0.0,-0.0,0.0
2022-01-10,500ETF,Future (IC88 (CSI 500 Futures)),ew,-0.6854,0.8,0.0,0,0.005297,0.0,0.0,0.0,0.0
2022-01-11,500ETF,Future (IC88 (CSI 500 Futures)),ew,0.3656,0.8,0.0,0,-0.007003,-0.0,0.0,-0.0,0.0
2022-01-12,500ETF,Future (IC88 (CSI 500 Futures)),ew,0.2762,0.8,0.0,0,0.00323,0.0,0.0,0.0,0.0
2022-01-13,500ETF,Future (IC88 (CSI 500 Futures)),ew,-1.2962,0.8,0.0,0,-0.005573,-0.0,0.0,-0.0,0.0
2022-01-14,500ETF,Future (IC88 (CSI 500 Futures)),ew,-0.4049,0.8,0.0,0,2.8e-05,0.0,0.0,0.0,0.0
2022-01-17,500ETF,Future (IC88 (CSI 500 Futures)),ew,0.8824,0.8,1.0,1,0.004251,0.004251,0.0008,0.003451,0.003451
2022-01-18,500ETF,Future (IC88 (CSI 500 Futures)),ew,-0.3056,0.8,0.0,0,-0.000865,-0.0,0.0,-0.0,0.003451
2022-01-19,500ETF,Future (IC88 (CSI 500 Futures)),ew,0.6453,0.8,0.0,0,-0.011228,-0.0,0.0,-0.0,0.003451
2022-01-20,500ETF,Future (IC88 (CSI 500 Futures)),ew,-0.2587,0.8,0.0,0,-0.004943,-0.0,0.0,-0.0,0.003451
2022-01-21,500ETF,Future (IC88 (CSI 500 Futures)),ew,-1.021,0.8,0.0,0,-0.004617,-0.0,0.0,-0.0,0.003451
2022-01-24,500ETF,Future (IC88 (CSI 500 Futures)),ew,0.0387,0.8,0.0,0,0.000744,0.0,0.0,0.0,0.003451
2022-01-25,500ETF,Future (IC88 (CSI 500 Futures)),ew,-0.3661,0.8,0.0,0,-0.02033,-0.0,0.0,-0.0,0.003451
2022-01-26,500ETF,Future (IC88 (CSI 500 Futures)),ew,0.8427,0.8,1.0,1,0.001093,0.001093,0.0008,0.000293,0.003744
2022-01-27,500ETF,Future (IC88 (CSI 500 Futures)),ew,-0.6501,0.8,0.0,0,-0.01749,-0.0,0.0,-0.0,0.003744
2022-01-28,500ETF,Future (IC88 (CSI 500 Futures)),ew,-1.3287,0.8,-1.0,1,0.003681,-0.003681,0.0008,-0.004481,-0.000737
2022-02-07,500ETF,Future (IC88 (CSI 500 Futures)),ew,1.0781,0.8,1.0,1,-0.004785,-0.004785,0.0008,-0.005585,-0.006322
2022-02-08,500ETF,Future (IC88 (CSI 500 Futures)),ew,-0.3549,0.8,0.0,0,0.006312,0.0,0.0,0.0,-0.006322
2022-02-09,500ETF,Future (IC88 (CSI 500 Futures)),ew,0.8055,0.8,1.0,1,0.014964,0.014964,0.0008,0.014164,0.007842
2022-02-10,500ETF,Future (IC88 (CSI 500 Futures)),ew,-0.002,0.8,0.0,0,-0.000469,-0.0,0.0,-0.0,0.007842
2022-02-11,500ETF,Future (IC88 (CSI 500 Futures)),ew,-0.0587,0.8,0.0,0,-0.009994,-0.0,0.0,-0.0,0.007842
2022-02-14,500ETF,Future (IC88 (CSI 500 Futures)),ew,0.458,0.8,0.0,0,-0.011956,-0.0,0.0,-0.0,0.007842
2022-02-15,500ETF,Future (IC88 (CSI 500 Futures)),ew,0.4056,0.8,0.0,0,0.001902,0.0,0.0,0.0,0.007842
2022-02-16,500ETF,Future (IC88 (CSI 500 Futures)),ew,-0.1643,0.8,0.0,0,-0.0013,-0.0,0.0,-0.0,0.007842
2022-02-17,500ETF,Future (IC88 (CSI 500 Futures)),ew,-0.8536,0.8,0.0,0,-5.9e-05,-0.0,0.0,-0.0,0.007842
2022-02-18,500ETF,Future (IC88 (CSI 500 Futures)),ew,0.8764,0.8,1.0,1,0.00426,0.00426,0.0008,0.00346,0.011302
2022-02-21,500ETF,Future (IC88 (CSI 500 Futures)),ew,0.2338,0.8,0.0,0,-0.000293,-0.0,0.0,-0.0,0.011302
2022-02-22,500ETF,Future (IC88 (CSI 500 Futures)),ew,-1.4164,0.8,-1.0,1,0.000828,-0.000828,0.0008,-0.001628,0.009673
2022-02-23,500ETF,Future (IC88 (CSI 500 Futures)),ew,1.209,0.8,1.0,1,0.006776,0.006776,0.0008,0.005976,0.015649
2022-02-24,500ETF,Future (IC88 (CSI 500 Futures)),ew,-0.0643,0.8,0.0,0,-0.019137,-0.0,0.0,-0.0,0.015649
2022-02-25,500ETF,Future (IC88 (CSI 500 Futures)),ew,1.6147,0.8,1.0,1,-0.012179,-0.012179,0.0008,-0.012979,0.00267
2022-02-28,500ETF,Future (IC88 (CSI 500 Futures)),ew,-0.282,0.8,0.0,0,0.006169,0.0,0.0,0.0,0.00267
2022-03-01,500ETF,Future (IC88 (CSI 500 Futures)),ew,0.743,0.8,0.0,0,-0.00233,-0.0,0.0,-0.0,0.00267
2022-03-02,500ETF,Future (IC88 (CSI 500 Futures)),ew,-0.5651,0.8,0.0,0,0.005489,0.0,0.0,0.0,0.00267
2022-03-03,500ETF,Future (IC88 (CSI 500 Futures)),ew,-0.6266,0.8,0.0,0,-0.003091,-0.0,0.0,-0.0,0.00267
2022-03-04,500ETF,Future (IC88 (CSI 500 Futures)),ew,-0.7479,0.8,0.0,0,-0.005964,-0.0,0.0,-0.0,0.00267
2022-03-07,500ETF,Future (IC88 (CSI 500 Futures)),ew,-1.4285,0.8,-1.0,1,-0.009547,0.009547,0.0008,0.008747,0.011417
2022-03-08,500ETF,Future (IC88 (CSI 500 Futures)),ew,-0.8141,0.8,0.0,0,-0.020997,-0.0,0.0,-0.0,0.011417
2022-03-09,500ETF,Future (IC88 (CSI 500 Futures)),ew,-0.7663,0.8,0.0,0,-0.028827,-0.0,0.0,-0.0,0.011417
2022-03-10,500ETF,Future (IC88 (CSI 500 Futures)),ew,-0.0124,0.8,0.0,0,-0.001095,-0.0,0.0,-0.0,0.011417
2022-03-11,500ETF,Future (IC88 (CSI 500 Futures)),ew,-1.2029,0.8,0.0,0,0.020718,0.0,0.0,0.0,0.011417
2022-03-14,500ETF,Future (IC88 (CSI 500 Futures)),ew,0.4,0.8,0.0,0,-0.018545,-0.0,0.0,-0.0,0.011417
2022-03-15,500ETF,Future (IC88 (CSI 500 Futures)),ew,-1.7538,0.8,-1.0,1,-0.016509,0.016509,0.0008,0.015709,0.027126
2022-03-16,500ETF,Future (IC88 (CSI 500 Futures)),ew,-1.138,0.8,0.0,0,0.029807,0.0,0.0,0.0,0.027126
2022-03-17,500ETF,Future (IC88 (CSI 500 Futures)),ew,1.4609,0.8,1.0,1,0.004431,0.004431,0.0008,0.003631,0.030757
2022-03-18,500ETF,Future (IC88 (CSI 500 Futures)),ew,0.8476,0.8,1.0,1,0.011075,0.011075,0.0008,0.010275,0.041033
2022-03-21,500ETF,Future (IC88 (CSI 500 Futures)),ew,0.7215,0.8,0.0,0,-0.006824,-0.0,0.0,-0.0,0.041033
2022-03-22,500ETF,Future (IC88 (CSI 500 Futures)),ew,-0.7187,0.8,0.0,0,-0.000794,-0.0,0.0,-0.0,0.041033
2022-03-23,500ETF,Future (IC88 (CSI 500 Futures)),ew,-0.0835,0.8,0.0,0,0.004383,0.0,0.0,0.0,0.041033
2022-03-24,500ETF,Future (IC88 (CSI 500 Futures)),ew,-1.0575,0.8,0.0,0,0.000982,0.0,0.0,0.0,0.041033
2022-03-25,500ETF,Future (IC88 (CSI 500 Futures)),ew,0.3634,0.8,0.0,0,-0.013524,-0.0,0.0,-0.0,0.041033
2022-03-28,500ETF,Future (IC88 (CSI 500 Futures)),ew,-1.1089,0.8,0.0,0,0.011408,0.0,0.0,0.0,0.041033
2022-03-29,500ETF,Future (IC88 (CSI 500 Futures)),ew,0.626,0.8,0.0,0,-0.011042,-0.0,0.0,-0.0,0.041033
2022-03-30,500ETF,Future (IC88 (CSI 500 Futures)),ew,1.0132,0.8,1.0,1,0.009988,0.009988,0.0008,0.009188,0.050221
2022-03-31,500ETF,Future (IC88 (CSI 500 Futures)),ew,-0.3009,0.8,0.0,0,-0.005212,-0.0,0.0,-0.0,0.050221
2022-04-01,500ETF,Future (IC88 (CSI 500 Futures)),ew,-0.044,0.8,0.0,0,0.007671,0.0,0.0,0.0,0.050221
2022-04-06,500ETF,Future (IC88 (CSI 500 Futures)),ew,-1.3213,0.8,-1.0,1,0.003646,-0.003646,0.0008,-0.004446,0.045775
2022-04-07,500ETF,Future (IC88 (CSI 500 Futures)),ew,0.3034,0.8,0.0,0,-0.018847,-0.0,0.0,-0.0,0.045775
2022-04-08,500ETF,Future (IC88 (CSI 500 Futures)),ew,-0.5817,0.8,0.0,0,0.005254,0.0,0.0,0.0,0.045775
2022-04-11,500ETF,Future (IC88 (CSI 500 Futures)),ew,-1.3588,0.8,-1.0,1,-0.019434,0.019434,0.0008,0.018634,0.064409
2022-04-12,500ETF,Future (IC88 (CSI 500 Futures)),ew,0.068,0.8,0.0,0,0.019013,0.0,0.0,0.0,0.064409
2022-04-13,500ETF,Future (IC88 (CSI 500 Futures)),ew,-1.2098,0.8,0.0,0,0.001812,0.0,0.0,0.0,0.064409
2022-04-14,500ETF,Future (IC88 (CSI 500 Futures)),ew,-0.3608,0.8,0.0,0,0.010707,0.0,0.0,0.0,0.064409
2022-04-15,500ETF,Future (IC88 (CSI 500 Futures)),ew,-0.7368,0.8,0.0,0,-0.005229,-0.0,0.0,-0.0,0.064409
2022-04-18,500ETF,Future (IC88 (CSI 500 Futures)),ew,-1.1692,0.8,0.0,0,0.006313,0.0,0.0,0.0,0.064409
2022-04-19,500ETF,Future (IC88 (CSI 500 Futures)),ew,0.8127,0.8,1.0,1,0.0,0.0,0.0008,-0.0008,0.063609
2022-04-20,500ETF,Future (IC88 (CSI 500 Futures)),ew,-0.7562,0.8,0.0,0,-0.018858,-0.0,0.0,-0.0,0.063609
2022-04-21,500ETF,Future (IC88 (CSI 500 Futures)),ew,0.2534,0.8,0.0,0,-0.029177,-0.0,0.0,-0.0,0.063609
2022-04-22,500ETF,Future (IC88 (CSI 500 Futures)),ew,-1.2074,0.8,0.0,0,0.006387,0.0,0.0,0.0,0.063609
2022-04-25,500ETF,Future (IC88 (CSI 500 Futures)),ew,-1.8782,0.8,-1.0,1,-0.027182,0.027182,0.0008,0.026382,0.089991
2022-04-26,500ETF,Future (IC88 (CSI 500 Futures)),ew,-0.858,0.8,0.0,0,-0.010154,-0.0,0.0,-0.0,0.089991
2022-04-27,500ETF,Future (IC88 (CSI 500 Futures)),ew,0.2477,0.8,0.0,0,0.03843,0.0,0.0,0.0,0.089991
2022-04-28,500ETF,Future (IC88 (CSI 500 Futures)),ew,-0.1263,0.8,0.0,0,0.000821,0.0,0.0,0.0,0.089991
2022-04-29,500ETF,Future (IC88 (CSI 500 Futures)),ew,-0.0822,0.8,0.0,0,0.03127,0.0,0.0,0.0,0.089991
2022-05-05,500ETF,Future (IC88 (CSI 500 Futures)),ew,1.134,0.8,1.0,1,0.001751,0.001751,0.0008,0.000951,0.090941
2022-05-06,500ETF,Future (IC88 (CSI 500 Futures)),ew,-1.0382,0.8,0.0,0,-0.006291,-0.0,0.0,-0.0,0.090941
2022-05-09,500ETF,Future (IC88 (CSI 500 Futures)),ew,1.3697,0.8,1.0,1,-0.001711,-0.001711,0.0008,-0.002511,0.088431
2022-05-10,500ETF,Future (IC88 (CSI 500 Futures)),ew,-0.1946,0.8,0.0,0,0.030099,0.0,0.0,0.0,0.088431
2022-05-11,500ETF,Future (IC88 (CSI 500 Futures)),ew,1.7824,0.8,1.0,1,-0.002567,-0.002567,0.0008,-0.003367,0.085064
2022-05-12,500ETF,Future (IC88 (CSI 500 Futures)),ew,1.2303,0.8,1.0,1,0.000776,0.000776,0.0008,-2.4e-05,0.08504
2022-05-13,500ETF,Future (IC88 (CSI 500 Futures)),ew,0.6931,0.8,0.0,0,0.001121,0.0,0.0,0.0,0.08504
2022-05-16,500ETF,Future (IC88 (CSI 500 Futures)),ew,-0.3153,0.8,0.0,0,-0.00569,-0.0,0.0,-0.0,0.08504
2022-05-17,500ETF,Future (IC88 (CSI 500 Futures)),ew,-0.8313,0.8,0.0,0,0.005002,0.0,0.0,0.0,0.08504
2022-05-18,500ETF,Future (IC88 (CSI 500 Futures)),ew,-0.3648,0.8,0.0,0,-0.002892,-0.0,0.0,-0.0,0.08504
2022-05-19,500ETF,Future (IC88 (CSI 500 Futures)),ew,-0.2686,0.8,0.0,0,0.017183,0.0,0.0,0.0,0.08504
2022-05-20,500ETF,Future (IC88 (CSI 500 Futures)),ew,1.5164,0.8,1.0,1,0.002227,0.002227,0.0008,0.001427,0.086466
2022-05-23,500ETF,Future (IC88 (CSI 500 Futures)),ew,-0.1964,0.8,0.0,0,0.003396,0.0,0.0,0.0,0.086466
2022-05-24,500ETF,Future (IC88 (CSI 500 Futures)),ew,-0.7804,0.8,0.0,0,-0.029223,-0.0,0.0,-0.0,0.086466
2022-05-25,500ETF,Future (IC88 (CSI 500 Futures)),ew,1.3564,0.8,1.0,1,0.003178,0.003178,0.0008,0.002378,0.088844
2022-05-26,500ETF,Future (IC88 (CSI 500 Futures)),ew,-0.9227,0.8,0.0,0,0.024312,0.0,0.0,0.0,0.088844
2022-05-27,500ETF,Future (IC88 (CSI 500 Futures)),ew,0.8202,0.8,1.0,1,-0.006596,-0.006596,0.0008,-0.007396,0.081448
2022-05-30,500ETF,Future (IC88 (CSI 500 Futures)),ew,-0.7537,0.8,0.0,0,0.009516,0.0,0.0,0.0,0.081448
2022-05-31,500ETF,Future (IC88 (CSI 500 Futures)),ew,-0.9311,0.8,0.0,0,0.025436,0.0,0.0,0.0,0.081448
2022-06-01,500ETF,Future (IC88 (CSI 500 Futures)),ew,0.3056,0.8,0.0,0,-0.003414,-0.0,0.0,-0.0,0.081448
2022-06-02,500ETF,Future (IC88 (CSI 500 Futures)),ew,-0.6065,0.8,0.0,0,0.014275,0.0,0.0,0.0,0.081448
2022-06-06,500ETF,Future (IC88 (CSI 500 Futures)),ew,0.7436,0.8,0.0,0,0.016757,0.0,0.0,0.0,0.081448
2022-06-07,500ETF,Future (IC88 (CSI 500 Futures)),ew,-0.064,0.8,0.0,0,0.004423,0.0,0.0,0.0,0.081448
2022-06-08,500ETF,Future (IC88 (CSI 500 Futures)),ew,0.3481,0.8,0.0,0,-0.004465,-0.0,0.0,-0.0,0.081448
2022-06-09,500ETF,Future (IC88 (CSI 500 Futures)),ew,-1.0574,0.8,0.0,0,-0.010478,-0.0,0.0,-0.0,0.081448
2022-06-10,500ETF,Future (IC88 (CSI 500 Futures)),ew,0.4486,0.8,0.0,0,0.018835,0.0,0.0,0.0,0.081448
2022-06-13,500ETF,Future (IC88 (CSI 500 Futures)),ew,0.3787,0.8,0.0,0,-0.005749,-0.0,0.0,-0.0,0.081448
2022-06-14,500ETF,Future (IC88 (CSI 500 Futures)),ew,-0.9906,0.8,0.0,0,0.013187,0.0,0.0,0.0,0.081448
2022-06-15,500ETF,Future (IC88 (CSI 500 Futures)),ew,1.3754,0.8,1.0,1,0.00692,0.00692,0.0008,0.00612,0.087568
2022-06-16,500ETF,Future (IC88 (CSI 500 Futures)),ew,1.3988,0.8,1.0,1,-0.00542,-0.00542,0.0008,-0.00622,0.081348
2022-06-17,500ETF,Future (IC88 (CSI 500 Futures)),ew,0.9798,0.8,1.0,1,0.005993,0.005993,0.0008,0.005193,0.086541
2022-06-20,500ETF,Future (IC88 (CSI 500 Futures)),ew,0.5476,0.8,0.0,0,0.004084,0.0,0.0,0.0,0.086541
2022-06-21,500ETF,Future (IC88 (CSI 500 Futures)),ew,-0.7092,0.8,0.0,0,-0.008609,-0.0,0.0,-0.0,0.086541
2022-06-22,500ETF,Future (IC88 (CSI 500 Futures)),ew,-1.0079,0.8,0.0,0,-0.015169,-0.0,0.0,-0.0,0.086541
2022-06-23,500ETF,Future (IC88 (CSI 500 Futures)),ew,0.1137,0.8,0.0,0,0.023173,0.0,0.0,0.0,0.086541
2022-06-24,500ETF,Future (IC88 (CSI 500 Futures)),ew,0.7349,0.8,0.0,0,0.004456,0.0,0.0,0.0,0.086541
2022-06-27,500ETF,Future (IC88 (CSI 500 Futures)),ew,0.7778,0.8,0.0,0,0.001191,0.0,0.0,0.0,0.086541
2022-06-28,500ETF,Future (IC88 (CSI 500 Futures)),ew,-0.6653,0.8,0.0,0,0.014884,0.0,0.0,0.0,0.086541
2022-06-29,500ETF,Future (IC88 (CSI 500 Futures)),ew,-0.2475,0.8,0.0,0,-0.010856,-0.0,0.0,-0.0,0.086541
2022-06-30,500ETF,Future (IC88 (CSI 500 Futures)),ew,1.6995,0.8,1.0,1,-0.002209,-0.002209,0.0008,-0.003009,0.083532
2022-07-01,500ETF,Future (IC88 (CSI 500 Futures)),ew,-0.6666,0.8,0.0,0,-0.000467,-0.0,0.0,-0.0,0.083532
2022-07-04,500ETF,Future (IC88 (CSI 500 Futures)),ew,-0.6292,0.8,0.0,0,0.005483,0.0,0.0,0.0,0.083532
2022-07-05,500ETF,Future (IC88 (CSI 500 Futures)),ew,-0.0576,0.8,0.0,0,-0.006677,-0.0,0.0,-0.0,0.083532
2022-07-06,500ETF,Future (IC88 (CSI 500 Futures)),ew,-0.7773,0.8,0.0,0,-0.014031,-0.0,0.0,-0.0,0.083532
2022-07-07,500ETF,Future (IC88 (CSI 500 Futures)),ew,-0.8088,0.8,0.0,0,0.006799,0.0,0.0,0.0,0.083532
2022-07-08,500ETF,Future (IC88 (CSI 500 Futures)),ew,-0.1936,0.8,0.0,0,-0.006323,-0.0,0.0,-0.0,0.083532
2022-07-11,500ETF,Future (IC88 (CSI 500 Futures)),ew,-1.2388,0.8,0.0,0,-0.000889,-0.0,0.0,-0.0,0.083532
2022-07-12,500ETF,Future (IC88 (CSI 500 Futures)),ew,-0.708,0.8,0.0,0,-0.011627,-0.0,0.0,-0.0,0.083532
2022-07-13,500ETF,Future (IC88 (CSI 500 Futures)),ew,0.0538,0.8,0.0,0,-0.001444,-0.0,0.0,-0.0,0.083532
2022-07-14,500ETF,Future (IC88 (CSI 500 Futures)),ew,-0.243,0.8,0.0,0,0.001687,0.0,0.0,0.0,0.083532
2022-07-15,500ETF,Future (IC88 (CSI 500 Futures)),ew,-0.037,0.8,0.0,0,-0.010567,-0.0,0.0,-0.0,0.083532
2022-07-18,500ETF,Future (IC88 (CSI 500 Futures)),ew,0.6503,0.8,0.0,0,0.00995,0.0,0.0,0.0,0.083532
2022-07-19,500ETF,Future (IC88 (CSI 500 Futures)),ew,-0.3097,0.8,0.0,0,0.00452,0.0,0.0,0.0,0.083532
2022-07-20,500ETF,Future (IC88 (CSI 500 Futures)),ew,1.2074,0.8,1.0,1,0.00129,0.00129,0.0008,0.00049,0.084022
2022-07-21,500ETF,Future (IC88 (CSI 500 Futures)),ew,-0.6529,0.8,0.0,0,-0.003027,-0.0,0.0,-0.0,0.084022
2022-07-22,500ETF,Future (IC88 (CSI 500 Futures)),ew,0.266,0.8,0.0,0,-0.007247,-0.0,0.0,-0.0,0.084022
2022-07-25,500ETF,Future (IC88 (CSI 500 Futures)),ew,0.3456,0.8,0.0,0,-0.008311,-0.0,0.0,-0.0,0.084022
2022-07-26,500ETF,Future (IC88 (CSI 500 Futures)),ew,-0.5698,0.8,0.0,0,0.009017,0.0,0.0,0.0,0.084022
2022-07-27,500ETF,Future (IC88 (CSI 500 Futures)),ew,-0.6776,0.8,0.0,0,0.003535,0.0,0.0,0.0,0.084022
2022-07-28,500ETF,Future (IC88 (CSI 500 Futures)),ew,-0.0906,0.8,0.0,0,-0.000411,-0.0,0.0,-0.0,0.084022
2022-07-29,500ETF,Future (IC88 (CSI 500 Futures)),ew,-0.3448,0.8,0.0,0,-0.012636,-0.0,0.0,-0.0,0.084022
2022-08-01,500ETF,Future (IC88 (CSI 500 Futures)),ew,-0.7188,0.8,0.0,0,0.003327,0.0,0.0,0.0,0.084022
2022-08-02,500ETF,Future (IC88 (CSI 500 Futures)),ew,-1.6396,0.8,-1.0,1,-0.003597,0.003597,0.0008,0.002797,0.086819
2022-08-03,500ETF,Future (IC88 (CSI 500 Futures)),ew,1.7584,0.8,1.0,1,-0.01287,-0.01287,0.0008,-0.01367,0.073149
2022-08-04,500ETF,Future (IC88 (CSI 500 Futures)),ew,-0.123,0.8,0.0,0,-0.004317,-0.0,0.0,-0.0,0.073149
2022-08-05,500ETF,Future (IC88 (CSI 500 Futures)),ew,0.1765,0.8,0.0,0,0.015007,0.0,0.0,0.0,0.073149
2022-08-08,500ETF,Future (IC88 (CSI 500 Futures)),ew,-0.1782,0.8,0.0,0,0.006596,0.0,0.0,0.0,0.073149
2022-08-09,500ETF,Future (IC88 (CSI 500 Futures)),ew,-0.8936,0.8,0.0,0,0.003739,0.0,0.0,0.0,0.073149
2022-08-10,500ETF,Future (IC88 (CSI 500 Futures)),ew,0.4545,0.8,0.0,0,-0.007303,-0.0,0.0,-0.0,0.073149
2022-08-11,500ETF,Future (IC88 (CSI 500 Futures)),ew,0.1653,0.8,0.0,0,0.012004,0.0,0.0,0.0,0.073149
2022-08-12,500ETF,Future (IC88 (CSI 500 Futures)),ew,-0.2122,0.8,0.0,0,-0.001752,-0.0,0.0,-0.0,0.073149
2022-08-15,500ETF,Future (IC88 (CSI 500 Futures)),ew,0.8266,0.8,1.0,1,-0.003709,-0.003709,0.0008,-0.004509,0.06864
2022-08-16,500ETF,Future (IC88 (CSI 500 Futures)),ew,0.7714,0.8,0.0,0,-0.000405,-0.0,0.0,-0.0,0.06864
2022-08-17,500ETF,Future (IC88 (CSI 500 Futures)),ew,-1.021,0.8,0.0,0,0.010179,0.0,0.0,0.0,0.06864
2022-08-18,500ETF,Future (IC88 (CSI 500 Futures)),ew,-0.6121,0.8,0.0,0,-0.003292,-0.0,0.0,-0.0,0.06864
2022-08-19,500ETF,Future (IC88 (CSI 500 Futures)),ew,-0.5538,0.8,0.0,0,-0.009001,-0.0,0.0,-0.0,0.06864
2022-08-22,500ETF,Future (IC88 (CSI 500 Futures)),ew,-0.1366,0.8,0.0,0,0.010045,0.0,0.0,0.0,0.06864
2022-08-23,500ETF,Future (IC88 (CSI 500 Futures)),ew,-0.5577,0.8,0.0,0,0.00053,0.0,0.0,0.0,0.06864
2022-08-24,500ETF,Future (IC88 (CSI 500 Futures)),ew,-0.9569,0.8,0.0,0,-0.021612,-0.0,0.0,-0.0,0.06864
2022-08-25,500ETF,Future (IC88 (CSI 500 Futures)),ew,-0.168,0.8,0.0,0,-0.001376,-0.0,0.0,-0.0,0.06864
2022-08-26,500ETF,Future (IC88 (CSI 500 Futures)),ew,0.3782,0.8,0.0,0,-0.010687,-0.0,0.0,-0.0,0.06864
2022-08-29,500ETF,Future (IC88 (CSI 500 Futures)),ew,0.1369,0.8,0.0,0,0.003545,0.0,0.0,0.0,0.06864
2022-08-30,500ETF,Future (IC88 (CSI 500 Futures)),ew,-0.1706,0.8,0.0,0,-0.001597,-0.0,0.0,-0.0,0.06864
2022-08-31,500ETF,Future (IC88 (CSI 500 Futures)),ew,-0.5846,0.8,0.0,0,-0.009114,-0.0,0.0,-0.0,0.06864
2022-09-01,500ETF,Future (IC88 (CSI 500 Futures)),ew,1.3074,0.8,1.0,1,-0.010892,-0.010892,0.0008,-0.011692,0.056948
2022-09-02,500ETF,Future (IC88 (CSI 500 Futures)),ew,0.3562,0.8,0.0,0,-0.002379,-0.0,0.0,-0.0,0.056948
2022-09-05,500ETF,Future (IC88 (CSI 500 Futures)),ew,-0.1483,0.8,0.0,0,-0.002986,-0.0,0.0,-0.0,0.056948
2022-09-06,500ETF,Future (IC88 (CSI 500 Futures)),ew,-0.0526,0.8,0.0,0,0.009691,0.0,0.0,0.0,0.056948
2022-09-07,500ETF,Future (IC88 (CSI 500 Futures)),ew,-0.3128,0.8,0.0,0,0.001911,0.0,0.0,0.0,0.056948
2022-09-08,500ETF,Future (IC88 (CSI 500 Futures)),ew,-0.7855,0.8,0.0,0,-0.001657,-0.0,0.0,-0.0,0.056948
2022-09-09,500ETF,Future (IC88 (CSI 500 Futures)),ew,0.361,0.8,0.0,0,0.008255,0.0,0.0,0.0,0.056948
2022-09-13,500ETF,Future (IC88 (CSI 500 Futures)),ew,-0.1057,0.8,0.0,0,-0.004094,-0.0,0.0,-0.0,0.056948
2022-09-14,500ETF,Future (IC88 (CSI 500 Futures)),ew,-0.2658,0.8,0.0,0,-0.002079,-0.0,0.0,-0.0,0.056948
2022-09-15,500ETF,Future (IC88 (CSI 500 Futures)),ew,-0.6567,0.8,0.0,0,-0.025787,-0.0,0.0,-0.0,0.056948
2022-09-16,500ETF,Future (IC88 (CSI 500 Futures)),ew,-0.8248,0.8,0.0,0,-0.020398,-0.0,0.0,-0.0,0.056948
2022-09-19,500ETF,Future (IC88 (CSI 500 Futures)),ew,-0.5739,0.8,0.0,0,-0.007425,-0.0,0.0,-0.0,0.056948
2022-09-20,500ETF,Future (IC88 (CSI 500 Futures)),ew,0.8236,0.8,1.0,1,-0.006714,-0.006714,0.0008,-0.007514,0.049434
2022-09-21,500ETF,Future (IC88 (CSI 500 Futures)),ew,-1.3348,0.8,-1.0,1,0.013428,-0.013428,0.0008,-0.014228,0.035206
2022-09-22,500ETF,Future (IC88 (CSI 500 Futures)),ew,0.7776,0.8,0.0,0,-0.00775,-0.0,0.0,-0.0,0.035206
2022-09-23,500ETF,Future (IC88 (CSI 500 Futures)),ew,0.4705,0.8,0.0,0,-0.009244,-0.0,0.0,-0.0,0.035206
2022-09-26,500ETF,Future (IC88 (CSI 500 Futures)),ew,-0.3868,0.8,0.0,0,-0.005529,-0.0,0.0,-0.0,0.035206
2022-09-27,500ETF,Future (IC88 (CSI 500 Futures)),ew,1.0701,0.8,1.0,1,0.013841,0.013841,0.0008,0.013041,0.048247
2022-09-28,500ETF,Future (IC88 (CSI 500 Futures)),ew,-1.1638,0.8,0.0,0,-0.007296,-0.0,0.0,-0.0,0.048247
2022-09-29,500ETF,Future (IC88 (CSI 500 Futures)),ew,0.4726,0.8,0.0,0,-0.012614,-0.0,0.0,-0.0,0.048247
2022-09-30,500ETF,Future (IC88 (CSI 500 Futures)),ew,0.8478,0.8,1.0,1,-0.005605,-0.005605,0.0008,-0.006405,0.041841
2022-10-10,500ETF,Future (IC88 (CSI 500 Futures)),ew,-0.4451,0.8,0.0,0,-0.023597,-0.0,0.0,-0.0,0.041841
2022-10-11,500ETF,Future (IC88 (CSI 500 Futures)),ew,0.5648,0.8,0.0,0,0.003988,0.0,0.0,0.0,0.041841
2022-10-12,500ETF,Future (IC88 (CSI 500 Futures)),ew,-0.9547,0.8,0.0,0,0.026334,0.0,0.0,0.0,0.041841
2022-10-13,500ETF,Future (IC88 (CSI 500 Futures)),ew,0.8466,0.8,1.0,1,0.003257,0.003257,0.0008,0.002457,0.044299
2022-10-14,500ETF,Future (IC88 (CSI 500 Futures)),ew,1.3274,0.8,1.0,1,0.010477,0.010477,0.0008,0.009677,0.053976
2022-10-17,500ETF,Future (IC88 (CSI 500 Futures)),ew,0.274,0.8,0.0,0,0.011748,0.0,0.0,0.0,0.053976
2022-10-18,500ETF,Future (IC88 (CSI 500 Futures)),ew,-0.7939,0.8,0.0,0,0.002159,0.0,0.0,0.0,0.053976
2022-10-19,500ETF,Future (IC88 (CSI 500 Futures)),ew,-0.4959,0.8,0.0,0,-0.004935,-0.0,0.0,-0.0,0.053976
2022-10-20,500ETF,Future (IC88 (CSI 500 Futures)),ew,-0.8644,0.8,0.0,0,0.008876,0.0,0.0,0.0,0.053976
2022-10-21,500ETF,Future (IC88 (CSI 500 Futures)),ew,0.5534,0.8,0.0,0,0.005395,0.0,0.0,0.0,0.053976
2022-10-24,500ETF,Future (IC88 (CSI 500 Futures)),ew,1.6126,0.8,1.0,1,-0.016489,-0.016489,0.0008,-0.017289,0.036687
2022-10-25,500ETF,Future (IC88 (CSI 500 Futures)),ew,-0.8108,0.8,0.0,0,0.001432,0.0,0.0,0.0,0.036687
2022-10-26,500ETF,Future (IC88 (CSI 500 Futures)),ew,1.4191,0.8,1.0,1,0.003701,0.003701,0.0008,0.002901,0.039589
2022-10-27,500ETF,Future (IC88 (CSI 500 Futures)),ew,0.6336,0.8,0.0,0,-0.003304,-0.0,0.0,-0.0,0.039589
2022-10-28,500ETF,Future (IC88 (CSI 500 Futures)),ew,-0.979,0.8,0.0,0,-0.020445,-0.0,0.0,-0.0,0.039589
2022-10-31,500ETF,Future (IC88 (CSI 500 Futures)),ew,0.6919,0.8,0.0,0,0.000172,0.0,0.0,0.0,0.039589
2022-11-01,500ETF,Future (IC88 (CSI 500 Futures)),ew,0.7674,0.8,0.0,0,0.018629,0.0,0.0,0.0,0.039589
2022-11-02,500ETF,Future (IC88 (CSI 500 Futures)),ew,1.0457,0.8,1.0,1,0.004056,0.004056,0.0008,0.003256,0.042845
2022-11-03,500ETF,Future (IC88 (CSI 500 Futures)),ew,0.465,0.8,0.0,0,0.003844,0.0,0.0,0.0,0.042845
2022-11-04,500ETF,Future (IC88 (CSI 500 Futures)),ew,1.4145,0.8,1.0,1,0.015065,0.015065,0.0008,0.014265,0.057109
2022-11-07,500ETF,Future (IC88 (CSI 500 Futures)),ew,0.8484,0.8,1.0,1,0.000391,0.000391,0.0008,-0.000409,0.0567
2022-11-08,500ETF,Future (IC88 (CSI 500 Futures)),ew,-1.0363,0.8,0.0,0,-0.000131,-0.0,0.0,-0.0,0.0567
2022-11-09,500ETF,Future (IC88 (CSI 500 Futures)),ew,-0.3565,0.8,0.0,0,-0.002023,-0.0,0.0,-0.0,0.0567
2022-11-10,500ETF,Future (IC88 (CSI 500 Futures)),ew,-0.2384,0.8,0.0,0,-0.000624,-0.0,0.0,-0.0,0.0567
2022-11-11,500ETF,Future (IC88 (CSI 500 Futures)),ew,-0.1551,0.8,0.0,0,-0.00451,-0.0,0.0,-0.0,0.0567
2022-11-14,500ETF,Future (IC88 (CSI 500 Futures)),ew,1.1365,0.8,1.0,1,-0.013462,-0.013462,0.0008,-0.014262,0.042438
2022-11-15,500ETF,Future (IC88 (CSI 500 Futures)),ew,0.7009,0.8,0.0,0,0.010893,0.0,0.0,0.0,0.042438
2022-11-16,500ETF,Future (IC88 (CSI 500 Futures)),ew,-0.2131,0.8,0.0,0,-0.005272,-0.0,0.0,-0.0,0.042438
2022-11-17,500ETF,Future (IC88 (CSI 500 Futures)),ew,-1.0425,0.8,0.0,0,0.004294,0.0,0.0,0.0,0.042438
2022-11-18,500ETF,Future (IC88 (CSI 500 Futures)),ew,-0.0058,0.8,0.0,0,-0.001607,-0.0,0.0,-0.0,0.042438
2022-11-21,500ETF,Future (IC88 (CSI 500 Futures)),ew,-0.9871,0.8,0.0,0,0.007996,0.0,0.0,0.0,0.042438
2022-11-22,500ETF,Future (IC88 (CSI 500 Futures)),ew,-0.3716,0.8,0.0,0,-0.010867,-0.0,0.0,-0.0,0.042438
2022-11-23,500ETF,Future (IC88 (CSI 500 Futures)),ew,-0.3119,0.8,0.0,0,0.002385,0.0,0.0,0.0,0.042438
2022-11-24,500ETF,Future (IC88 (CSI 500 Futures)),ew,0.5557,0.8,0.0,0,-3.3e-05,-0.0,0.0,-0.0,0.042438
2022-11-25,500ETF,Future (IC88 (CSI 500 Futures)),ew,-1.2205,0.8,0.0,0,0.004497,0.0,0.0,0.0,0.042438
2022-11-28,500ETF,Future (IC88 (CSI 500 Futures)),ew,-0.978,0.8,0.0,0,0.007945,0.0,0.0,0.0,0.042438
2022-11-29,500ETF,Future (IC88 (CSI 500 Futures)),ew,1.374,0.8,1.0,1,0.011282,0.011282,0.0008,0.010482,0.05292
2022-11-30,500ETF,Future (IC88 (CSI 500 Futures)),ew,-0.0765,0.8,0.0,0,-0.005063,-0.0,0.0,-0.0,0.05292
2022-12-01,500ETF,Future (IC88 (CSI 500 Futures)),ew,-0.0841,0.8,0.0,0,-0.003535,-0.0,0.0,-0.0,0.05292
2022-12-02,500ETF,Future (IC88 (CSI 500 Futures)),ew,0.5345,0.8,0.0,0,-0.006771,-0.0,0.0,-0.0,0.05292
2022-12-05,500ETF,Future (IC88 (CSI 500 Futures)),ew,-0.2013,0.8,0.0,0,0.003353,0.0,0.0,0.0,0.05292
2022-12-06,500ETF,Future (IC88 (CSI 500 Futures)),ew,-0.0128,0.8,0.0,0,-0.000452,-0.0,0.0,-0.0,0.05292
2022-12-07,500ETF,Future (IC88 (CSI 500 Futures)),ew,-0.4868,0.8,0.0,0,-0.002351,-0.0,0.0,-0.0,0.05292
2022-12-08,500ETF,Future (IC88 (CSI 500 Futures)),ew,-0.9565,0.8,0.0,0,0.001582,0.0,0.0,0.0,0.05292
2022-12-09,500ETF,Future (IC88 (CSI 500 Futures)),ew,-0.2546,0.8,0.0,0,0.008943,0.0,0.0,0.0,0.05292
2022-12-12,500ETF,Future (IC88 (CSI 500 Futures)),ew,-1.2192,0.8,0.0,0,0.002371,0.0,0.0,0.0,0.05292
2022-12-13,500ETF,Future (IC88 (CSI 500 Futures)),ew,-1.1182,0.8,0.0,0,0.0,0.0,0.0,0.0,0.05292
2022-12-14,500ETF,Future (IC88 (CSI 500 Futures)),ew,0.1553,0.8,0.0,0,-0.006284,-0.0,0.0,-0.0,0.05292
2022-12-15,500ETF,Future (IC88 (CSI 500 Futures)),ew,0.082,0.8,0.0,0,0.000459,0.0,0.0,0.0,0.05292
2022-12-16,500ETF,Future (IC88 (CSI 500 Futures)),ew,-0.6781,0.8,0.0,0,0.002109,0.0,0.0,0.0,0.05292
2022-12-19,500ETF,Future (IC88 (CSI 500 Futures)),ew,-0.6627,0.8,0.0,0,-0.017214,-0.0,0.0,-0.0,0.05292
2022-12-20,500ETF,Future (IC88 (CSI 500 Futures)),ew,-0.8454,0.8,0.0,0,-0.003449,-0.0,0.0,-0.0,0.05292
2022-12-21,500ETF,Future (IC88 (CSI 500 Futures)),ew,-0.4633,0.8,0.0,0,-0.006979,-0.0,0.0,-0.0,0.05292
2022-12-22,500ETF,Future (IC88 (CSI 500 Futures)),ew,-0.6115,0.8,0.0,0,-0.0176,-0.0,0.0,-0.0,0.05292
2022-12-23,500ETF,Future (IC88 (CSI 500 Futures)),ew,0.047,0.8,0.0,0,-0.004901,-0.0,0.0,-0.0,0.05292
2022-12-26,500ETF,Future (IC88 (CSI 500 Futures)),ew,1.3393,0.8,1.0,1,0.002255,0.002255,0.0008,0.001455,0.054375
2022-12-27,500ETF,Future (IC88 (CSI 500 Futures)),ew,-0.4961,0.8,0.0,0,0.008162,0.0,0.0,0.0,0.054375
2022-12-28,500ETF,Future (IC88 (CSI 500 Futures)),ew,-0.9194,0.8,0.0,0,0.002621,0.0,0.0,0.0,0.054375
2022-12-29,500ETF,Future (IC88 (CSI 500 Futures)),ew,-0.4346,0.8,0.0,0,0.005956,0.0,0.0,0.0,0.054375
2022-12-30,500ETF,Future (IC88 (CSI 500 Futures)),ew,0.3866,0.8,0.0,0,-0.003263,-0.0,0.0,-0.0,0.054375
2023-01-03,500ETF,Future (IC88 (CSI 500 Futures)),ew,0.0186,0.8,0.0,0,0.016405,0.0,0.0,0.0,0.054375
2023-01-04,500ETF,Future (IC88 (CSI 500 Futures)),ew,-0.0804,0.8,0.0,0,-0.000436,-0.0,0.0,-0.0,0.054375
2023-01-05,500ETF,Future (IC88 (CSI 500 Futures)),ew,0.3911,0.8,0.0,0,0.002957,0.0,0.0,0.0,0.054375
2023-01-06,500ETF,Future (IC88 (CSI 500 Futures)),ew,0.2716,0.8,0.0,0,-0.001061,-0.0,0.0,-0.0,0.054375
2023-01-09,500ETF,Future (IC88 (CSI 500 Futures)),ew,0.8926,0.8,1.0,1,-0.001914,-0.001914,0.0008,-0.002714,0.051662
2023-01-10,500ETF,Future (IC88 (CSI 500 Futures)),ew,-0.6359,0.8,0.0,0,0.002579,0.0,0.0,0.0,0.051662
2023-01-11,500ETF,Future (IC88 (CSI 500 Futures)),ew,-0.4759,0.8,0.0,0,-0.004736,-0.0,0.0,-0.0,0.051662
2023-01-12,500ETF,Future (IC88 (CSI 500 Futures)),ew,0.6691,0.8,0.0,0,-0.004568,-0.0,0.0,-0.0,0.051662
2023-01-13,500ETF,Future (IC88 (CSI 500 Futures)),ew,-0.1044,0.8,0.0,0,0.004656,0.0,0.0,0.0,0.051662
2023-01-16,500ETF,Future (IC88 (CSI 500 Futures)),ew,1.4121,0.8,1.0,1,0.001173,0.001173,0.0008,0.000373,0.052035
2023-01-17,500ETF,Future (IC88 (CSI 500 Futures)),ew,-0.1755,0.8,0.0,0,0.00039,0.0,0.0,0.0,0.052035
2023-01-18,500ETF,Future (IC88 (CSI 500 Futures)),ew,0.5119,0.8,0.0,0,0.001363,0.0,0.0,0.0,0.052035
2023-01-19,500ETF,Future (IC88 (CSI 500 Futures)),ew,-0.6216,0.8,0.0,0,0.010547,0.0,0.0,0.0,0.052035
2023-01-20,500ETF,Future (IC88 (CSI 500 Futures)),ew,1.0123,0.8,1.0,1,-0.000669,-0.000669,0.0008,-0.001469,0.050566
2023-01-30,500ETF,Future (IC88 (CSI 500 Futures)),ew,0.1881,0.8,0.0,0,-0.010147,-0.0,0.0,-0.0,0.050566
2023-01-31,500ETF,Future (IC88 (CSI 500 Futures)),ew,0.5824,0.8,0.0,0,-0.000349,-0.0,0.0,-0.0,0.050566
2023-02-01,500ETF,Future (IC88 (CSI 500 Futures)),ew,1.0489,0.8,1.0,1,0.003427,0.003427,0.0008,0.002627,0.053192
2023-02-02,500ETF,Future (IC88 (CSI 500 Futures)),ew,-0.6108,0.8,0.0,0,-0.001002,-0.0,0.0,-0.0,0.053192
2023-02-03,500ETF,Future (IC88 (CSI 500 Futures)),ew,-1.1514,0.8,0.0,0,0.005214,0.0,0.0,0.0,0.053192
2023-02-06,500ETF,Future (IC88 (CSI 500 Futures)),ew,-0.5524,0.8,0.0,0,-0.004247,-0.0,0.0,-0.0,0.053192
2023-02-07,500ETF,Future (IC88 (CSI 500 Futures)),ew,-0.061,0.8,0.0,0,0.001523,0.0,0.0,0.0,0.053192
2023-02-08,500ETF,Future (IC88 (CSI 500 Futures)),ew,-0.4637,0.8,0.0,0,-0.005863,-0.0,0.0,-0.0,0.053192
2023-02-09,500ETF,Future (IC88 (CSI 500 Futures)),ew,0.9229,0.8,1.0,1,0.009098,0.009098,0.0008,0.008298,0.061491
2023-02-10,500ETF,Future (IC88 (CSI 500 Futures)),ew,0.2977,0.8,0.0,0,-0.003656,-0.0,0.0,-0.0,0.061491
2023-02-13,500ETF,Future (IC88 (CSI 500 Futures)),ew,1.1267,0.8,1.0,1,-0.002982,-0.002982,0.0008,-0.003782,0.057708
2023-02-14,500ETF,Future (IC88 (CSI 500 Futures)),ew,0.2748,0.8,0.0,0,-0.001537,-0.0,0.0,-0.0,0.057708
2023-02-15,500ETF,Future (IC88 (CSI 500 Futures)),ew,-0.3783,0.8,0.0,0,-0.000691,-0.0,0.0,-0.0,0.057708
2023-02-16,500ETF,Future (IC88 (CSI 500 Futures)),ew,0.255,0.8,0.0,0,-0.01648,-0.0,0.0,-0.0,0.057708
2023-02-17,500ETF,Future (IC88 (CSI 500 Futures)),ew,0.4282,0.8,0.0,0,-0.006113,-0.0,0.0,-0.0,0.057708
2023-02-20,500ETF,Future (IC88 (CSI 500 Futures)),ew,-0.1126,0.8,0.0,0,0.012532,0.0,0.0,0.0,0.057708
2023-02-21,500ETF,Future (IC88 (CSI 500 Futures)),ew,1.0646,0.8,1.0,1,-0.003521,-0.003521,0.0008,-0.004321,0.053387
2023-02-22,500ETF,Future (IC88 (CSI 500 Futures)),ew,-0.1236,0.8,0.0,0,0.001797,0.0,0.0,0.0,0.053387
2023-02-23,500ETF,Future (IC88 (CSI 500 Futures)),ew,0.6226,0.8,0.0,0,-0.006422,-0.0,0.0,-0.0,0.053387
2023-02-24,500ETF,Future (IC88 (CSI 500 Futures)),ew,-0.5058,0.8,0.0,0,-0.004166,-0.0,0.0,-0.0,0.053387
2023-02-27,500ETF,Future (IC88 (CSI 500 Futures)),ew,-0.3792,0.8,0.0,0,-0.005497,-0.0,0.0,-0.0,0.053387
2023-02-28,500ETF,Future (IC88 (CSI 500 Futures)),ew,0.6044,0.8,0.0,0,0.002211,0.0,0.0,0.0,0.053387
2023-03-01,500ETF,Future (IC88 (CSI 500 Futures)),ew,-0.267,0.8,0.0,0,0.003984,0.0,0.0,0.0,0.053387
2023-03-02,500ETF,Future (IC88 (CSI 500 Futures)),ew,-0.323,0.8,0.0,0,-0.004511,-0.0,0.0,-0.0,0.053387
2023-03-03,500ETF,Future (IC88 (CSI 500 Futures)),ew,0.3538,0.8,0.0,0,-0.001128,-0.0,0.0,-0.0,0.053387
2023-03-06,500ETF,Future (IC88 (CSI 500 Futures)),ew,-0.4871,0.8,0.0,0,0.000346,0.0,0.0,0.0,0.053387
2023-03-07,500ETF,Future (IC88 (CSI 500 Futures)),ew,-0.3642,0.8,0.0,0,-0.009234,-0.0,0.0,-0.0,0.053387
2023-03-08,500ETF,Future (IC88 (CSI 500 Futures)),ew,0.3912,0.8,0.0,0,0.001178,0.0,0.0,0.0,0.053387
2023-03-09,500ETF,Future (IC88 (CSI 500 Futures)),ew,-0.7129,0.8,0.0,0,-0.000446,-0.0,0.0,-0.0,0.053387
2023-03-10,500ETF,Future (IC88 (CSI 500 Futures)),ew,-0.9071,0.8,0.0,0,-0.000386,-0.0,0.0,-0.0,0.053387
2023-03-13,500ETF,Future (IC88 (CSI 500 Futures)),ew,0.8111,0.8,1.0,1,0.004994,0.004994,0.0008,0.004194,0.057581
2023-03-14,500ETF,Future (IC88 (CSI 500 Futures)),ew,-0.7965,0.8,0.0,0,-0.004156,-0.0,0.0,-0.0,0.057581
2023-03-15,500ETF,Future (IC88 (CSI 500 Futures)),ew,1.3125,0.8,1.0,1,-0.004554,-0.004554,0.0008,-0.005354,0.052226
2023-03-16,500ETF,Future (IC88 (CSI 500 Futures)),ew,-0.6074,0.8,0.0,0,-0.006239,-0.0,0.0,-0.0,0.052226
2023-03-17,500ETF,Future (IC88 (CSI 500 Futures)),ew,1.0661,0.8,1.0,1,-0.00469,-0.00469,0.0008,-0.00549,0.046736
2023-03-20,500ETF,Future (IC88 (CSI 500 Futures)),ew,-0.9549,0.8,0.0,0,-0.00172,-0.0,0.0,-0.0,0.046736
2023-03-21,500ETF,Future (IC88 (CSI 500 Futures)),ew,1.0938,0.8,1.0,1,0.000675,0.000675,0.0008,-0.000125,0.046611
2023-03-22,500ETF,Future (IC88 (CSI 500 Futures)),ew,0.8226,0.8,1.0,1,0.000224,0.000224,0.0008,-0.000576,0.046035
2023-03-23,500ETF,Future (IC88 (CSI 500 Futures)),ew,0.1211,0.8,0.0,0,0.005225,0.0,0.0,0.0,0.046035
2023-03-24,500ETF,Future (IC88 (CSI 500 Futures)),ew,-0.68,0.8,0.0,0,0.000984,0.0,0.0,0.0,0.046035
2023-03-27,500ETF,Future (IC88 (CSI 500 Futures)),ew,-0.1623,0.8,0.0,0,0.000698,0.0,0.0,0.0,0.046035
2023-03-28,500ETF,Future (IC88 (CSI 500 Futures)),ew,-0.524,0.8,0.0,0,0.001465,0.0,0.0,0.0,0.046035
2023-03-29,500ETF,Future (IC88 (CSI 500 Futures)),ew,-0.6093,0.8,0.0,0,-0.000191,-0.0,0.0,-0.0,0.046035
2023-03-30,500ETF,Future (IC88 (CSI 500 Futures)),ew,-0.6897,0.8,0.0,0,0.003957,0.0,0.0,0.0,0.046035
2023-03-31,500ETF,Future (IC88 (CSI 500 Futures)),ew,0.9763,0.8,1.0,1,0.001137,0.001137,0.0008,0.000337,0.046372
2023-04-03,500ETF,Future (IC88 (CSI 500 Futures)),ew,1.1914,0.8,1.0,1,0.004246,0.004246,0.0008,0.003446,0.049818
2023-04-04,500ETF,Future (IC88 (CSI 500 Futures)),ew,-0.1595,0.8,0.0,0,-0.001155,-0.0,0.0,-0.0,0.049818
2023-04-06,500ETF,Future (IC88 (CSI 500 Futures)),ew,0.4626,0.8,0.0,0,-0.000125,-0.0,0.0,-0.0,0.049818
2023-04-07,500ETF,Future (IC88 (CSI 500 Futures)),ew,0.8756,0.8,1.0,1,0.00372,0.00372,0.0008,0.00292,0.052738
2023-04-10,500ETF,Future (IC88 (CSI 500 Futures)),ew,-0.6649,0.8,0.0,0,-0.006118,-0.0,0.0,-0.0,0.052738
2023-04-11,500ETF,Future (IC88 (CSI 500 Futures)),ew,-0.5479,0.8,0.0,0,-0.000966,-0.0,0.0,-0.0,0.052738
2023-04-12,500ETF,Future (IC88 (CSI 500 Futures)),ew,0.5705,0.8,0.0,0,0.001897,0.0,0.0,0.0,0.052738
2023-04-13,500ETF,Future (IC88 (CSI 500 Futures)),ew,-0.3738,0.8,0.0,0,-0.003988,-0.0,0.0,-0.0,0.052738
2023-04-14,500ETF,Future (IC88 (CSI 500 Futures)),ew,0.7141,0.8,0.0,0,-0.00028,-0.0,0.0,-0.0,0.052738
2023-04-17,500ETF,Future (IC88 (CSI 500 Futures)),ew,0.6914,0.8,0.0,0,0.00242,0.0,0.0,0.0,0.052738
2023-04-18,500ETF,Future (IC88 (CSI 500 Futures)),ew,-0.7566,0.8,0.0,0,0.002237,0.0,0.0,0.0,0.052738
2023-04-19,500ETF,Future (IC88 (CSI 500 Futures)),ew,0.1035,0.8,0.0,0,-0.005663,-0.0,0.0,-0.0,0.052738
2023-04-20,500ETF,Future (IC88 (CSI 500 Futures)),ew,-0.8103,0.8,0.0,0,0.000594,0.0,0.0,0.0,0.052738
2023-04-21,500ETF,Future (IC88 (CSI 500 Futures)),ew,-0.9664,0.8,0.0,0,-0.019036,-0.0,0.0,-0.0,0.052738
2023-04-24,500ETF,Future (IC88 (CSI 500 Futures)),ew,-0.842,0.8,0.0,0,-0.005672,-0.0,0.0,-0.0,0.052738
2023-04-25,500ETF,Future (IC88 (CSI 500 Futures)),ew,-1.0122,0.8,0.0,0,-0.008937,-0.0,0.0,-0.0,0.052738
2023-04-26,500ETF,Future (IC88 (CSI 500 Futures)),ew,1.2094,0.8,1.0,1,-0.002671,-0.002671,0.0008,-0.003471,0.049267
2023-04-27,500ETF,Future (IC88 (CSI 500 Futures)),ew,0.5181,0.8,0.0,0,0.002115,0.0,0.0,0.0,0.049267
2023-04-28,500ETF,Future (IC88 (CSI 500 Futures)),ew,1.2297,0.8,1.0,1,0.003569,0.003569,0.0008,0.002769,0.052037
2023-05-04,500ETF,Future (IC88 (CSI 500 Futures)),ew,0.6863,0.8,0.0,0,-0.000353,-0.0,0.0,-0.0,0.052037
2023-05-05,500ETF,Future (IC88 (CSI 500 Futures)),ew,-1.0679,0.8,0.0,0,-0.005242,-0.0,0.0,-0.0,0.052037
2023-05-08,500ETF,Future (IC88 (CSI 500 Futures)),ew,0.4919,0.8,0.0,0,0.00548,0.0,0.0,0.0,0.052037
2023-05-09,500ETF,Future (IC88 (CSI 500 Futures)),ew,-0.6097,0.8,0.0,0,-0.004457,-0.0,0.0,-0.0,0.052037
2023-05-10,500ETF,Future (IC88 (CSI 500 Futures)),ew,0.0605,0.8,0.0,0,-0.003382,-0.0,0.0,-0.0,0.052037
2023-05-11,500ETF,Future (IC88 (CSI 500 Futures)),ew,-0.4349,0.8,0.0,0,-0.003387,-0.0,0.0,-0.0,0.052037
2023-05-12,500ETF,Future (IC88 (CSI 500 Futures)),ew,0.5482,0.8,0.0,0,-0.011616,-0.0,0.0,-0.0,0.052037
2023-05-15,500ETF,Future (IC88 (CSI 500 Futures)),ew,-0.658,0.8,0.0,0,0.009995,0.0,0.0,0.0,0.052037
2023-05-16,500ETF,Future (IC88 (CSI 500 Futures)),ew,-1.0296,0.8,0.0,0,-0.005441,-0.0,0.0,-0.0,0.052037
2023-05-17,500ETF,Future (IC88 (CSI 500 Futures)),ew,0.0301,0.8,0.0,0,-0.001641,-0.0,0.0,-0.0,0.052037
2023-05-18,500ETF,Future (IC88 (CSI 500 Futures)),ew,0.4534,0.8,0.0,0,-0.001506,-0.0,0.0,-0.0,0.052037
2023-05-19,500ETF,Future (IC88 (CSI 500 Futures)),ew,-1.0247,0.8,0.0,0,0.004233,0.0,0.0,0.0,0.052037
2023-05-22,500ETF,Future (IC88 (CSI 500 Futures)),ew,-0.3024,0.8,0.0,0,0.001115,0.0,0.0,0.0,0.052037
2023-05-23,500ETF,Future (IC88 (CSI 500 Futures)),ew,-0.9073,0.8,0.0,0,-0.003065,-0.0,0.0,-0.0,0.052037
2023-05-24,500ETF,Future (IC88 (CSI 500 Futures)),ew,-1.185,0.8,0.0,0,0.003802,0.0,0.0,0.0,0.052037
2023-05-25,500ETF,Future (IC88 (CSI 500 Futures)),ew,0.4372,0.8,0.0,0,-0.008372,-0.0,0.0,-0.0,0.052037
2023-05-26,500ETF,Future (IC88 (CSI 500 Futures)),ew,-1.0828,0.8,0.0,0,0.013716,0.0,0.0,0.0,0.052037
2023-05-29,500ETF,Future (IC88 (CSI 500 Futures)),ew,0.1062,0.8,0.0,0,-0.00558,-0.0,0.0,-0.0,0.052037
2023-05-30,500ETF,Future (IC88 (CSI 500 Futures)),ew,-0.4492,0.8,0.0,0,0.006803,0.0,0.0,0.0,0.052037
2023-05-31,500ETF,Future (IC88 (CSI 500 Futures)),ew,-0.2189,0.8,0.0,0,-0.002588,-0.0,0.0,-0.0,0.052037
2023-06-01,500ETF,Future (IC88 (CSI 500 Futures)),ew,-0.2418,0.8,0.0,0,-0.004724,-0.0,0.0,-0.0,0.052037
2023-06-02,500ETF,Future (IC88 (CSI 500 Futures)),ew,1.022,0.8,1.0,1,0.002494,0.002494,0.0008,0.001694,0.05373
2023-06-05,500ETF,Future (IC88 (CSI 500 Futures)),ew,-0.5913,0.8,0.0,0,-0.00023,-0.0,0.0,-0.0,0.05373
2023-06-06,500ETF,Future (IC88 (CSI 500 Futures)),ew,-1.1708,0.8,0.0,0,-0.011323,-0.0,0.0,-0.0,0.05373
2023-06-07,500ETF,Future (IC88 (CSI 500 Futures)),ew,0.2194,0.8,0.0,0,-0.006049,-0.0,0.0,-0.0,0.05373
2023-06-08,500ETF,Future (IC88 (CSI 500 Futures)),ew,-0.9465,0.8,0.0,0,0.001614,0.0,0.0,0.0,0.05373
2023-06-09,500ETF,Future (IC88 (CSI 500 Futures)),ew,0.0864,0.8,0.0,0,0.004136,0.0,0.0,0.0,0.05373
2023-06-12,500ETF,Future (IC88 (CSI 500 Futures)),ew,-0.5388,0.8,0.0,0,0.002425,0.0,0.0,0.0,0.05373
2023-06-13,500ETF,Future (IC88 (CSI 500 Futures)),ew,0.0185,0.8,0.0,0,0.003546,0.0,0.0,0.0,0.05373
2023-06-14,500ETF,Future (IC88 (CSI 500 Futures)),ew,0.1809,0.8,0.0,0,-0.000926,-0.0,0.0,-0.0,0.05373
2023-06-15,500ETF,Future (IC88 (CSI 500 Futures)),ew,0.4133,0.8,0.0,0,0.005594,0.0,0.0,0.0,0.05373
2023-06-16,500ETF,Future (IC88 (CSI 500 Futures)),ew,0.7433,0.8,0.0,0,0.005361,0.0,0.0,0.0,0.05373
2023-06-19,500ETF,Future (IC88 (CSI 500 Futures)),ew,-1.0225,0.8,0.0,0,-0.002321,-0.0,0.0,-0.0,0.05373
2023-06-20,500ETF,Future (IC88 (CSI 500 Futures)),ew,-0.4483,0.8,0.0,0,0.000131,0.0,0.0,0.0,0.05373
2023-06-21,500ETF,Future (IC88 (CSI 500 Futures)),ew,-1.2388,0.8,0.0,0,-0.008362,-0.0,0.0,-0.0,0.05373
2023-06-26,500ETF,Future (IC88 (CSI 500 Futures)),ew,-0.4364,0.8,0.0,0,-0.005291,-0.0,0.0,-0.0,0.05373
2023-06-27,500ETF,Future (IC88 (CSI 500 Futures)),ew,0.9862,0.8,1.0,1,0.002603,0.002603,0.0008,0.001803,0.055533
2023-06-28,500ETF,Future (IC88 (CSI 500 Futures)),ew,-1.3596,0.8,-1.0,1,0.009067,-0.009067,0.0008,-0.009867,0.045666
2023-06-29,500ETF,Future (IC88 (CSI 500 Futures)),ew,0.4507,0.8,0.0,0,-0.000169,-0.0,0.0,-0.0,0.045666
2023-06-30,500ETF,Future (IC88 (CSI 500 Futures)),ew,0.9907,0.8,1.0,1,0.005461,0.005461,0.0008,0.004661,0.050327
2023-07-03,500ETF,Future (IC88 (CSI 500 Futures)),ew,0.8556,0.8,1.0,1,0.002462,0.002462,0.0008,0.001662,0.051989
2023-07-04,500ETF,Future (IC88 (CSI 500 Futures)),ew,-0.7515,0.8,0.0,0,0.001692,0.0,0.0,0.0,0.051989
2023-07-05,500ETF,Future (IC88 (CSI 500 Futures)),ew,-0.934,0.8,0.0,0,-0.003258,-0.0,0.0,-0.0,0.051989
2023-07-06,500ETF,Future (IC88 (CSI 500 Futures)),ew,-0.367,0.8,0.0,0,-0.009206,-0.0,0.0,-0.0,0.051989
2023-07-07,500ETF,Future (IC88 (CSI 500 Futures)),ew,-0.9803,0.8,0.0,0,0.002962,0.0,0.0,0.0,0.051989
2023-07-10,500ETF,Future (IC88 (CSI 500 Futures)),ew,0.291,0.8,0.0,0,-0.003819,-0.0,0.0,-0.0,0.051989
2023-07-11,500ETF,Future (IC88 (CSI 500 Futures)),ew,-0.6544,0.8,0.0,0,0.007869,0.0,0.0,0.0,0.051989
2023-07-12,500ETF,Future (IC88 (CSI 500 Futures)),ew,-0.541,0.8,0.0,0,-0.006175,-0.0,0.0,-0.0,0.051989
2023-07-13,500ETF,Future (IC88 (CSI 500 Futures)),ew,1.3887,0.8,1.0,1,0.003149,0.003149,0.0008,0.002349,0.054338
2023-07-14,500ETF,Future (IC88 (CSI 500 Futures)),ew,-0.8178,0.8,0.0,0,-0.002517,-0.0,0.0,-0.0,0.054338
2023-07-17,500ETF,Future (IC88 (CSI 500 Futures)),ew,-0.9057,0.8,0.0,0,-0.000767,-0.0,0.0,-0.0,0.054338
2023-07-18,500ETF,Future (IC88 (CSI 500 Futures)),ew,-0.8281,0.8,0.0,0,0.001301,0.0,0.0,0.0,0.054338
2023-07-19,500ETF,Future (IC88 (CSI 500 Futures)),ew,0.3761,0.8,0.0,0,-0.003337,-0.0,0.0,-0.0,0.054338
2023-07-20,500ETF,Future (IC88 (CSI 500 Futures)),ew,-0.3177,0.8,0.0,0,-0.008932,-0.0,0.0,-0.0,0.054338
2023-07-21,500ETF,Future (IC88 (CSI 500 Futures)),ew,0.1004,0.8,0.0,0,-0.001551,-0.0,0.0,-0.0,0.054338
2023-07-24,500ETF,Future (IC88 (CSI 500 Futures)),ew,-0.1442,0.8,0.0,0,-0.002059,-0.0,0.0,-0.0,0.054338
2023-07-25,500ETF,Future (IC88 (CSI 500 Futures)),ew,0.9444,0.8,1.0,1,0.002631,0.002631,0.0008,0.001831,0.05617
2023-07-26,500ETF,Future (IC88 (CSI 500 Futures)),ew,-0.7756,0.8,0.0,0,-0.003198,-0.0,0.0,-0.0,0.05617
2023-07-27,500ETF,Future (IC88 (CSI 500 Futures)),ew,0.4145,0.8,0.0,0,-0.008791,-0.0,0.0,-0.0,0.05617
2023-07-28,500ETF,Future (IC88 (CSI 500 Futures)),ew,-0.3284,0.8,0.0,0,0.018159,0.0,0.0,0.0,0.05617
2023-07-31,500ETF,Future (IC88 (CSI 500 Futures)),ew,1.4699,0.8,1.0,1,-0.004979,-0.004979,0.0008,-0.005779,0.050391
2023-08-01,500ETF,Future (IC88 (CSI 500 Futures)),ew,0.3564,0.8,0.0,0,-0.001866,-0.0,0.0,-0.0,0.050391
2023-08-02,500ETF,Future (IC88 (CSI 500 Futures)),ew,0.1849,0.8,0.0,0,-0.00644,-0.0,0.0,-0.0,0.050391
2023-08-03,500ETF,Future (IC88 (CSI 500 Futures)),ew,-0.2599,0.8,0.0,0,0.003259,0.0,0.0,0.0,0.050391
2023-08-04,500ETF,Future (IC88 (CSI 500 Futures)),ew,1.1046,0.8,1.0,1,-0.001597,-0.001597,0.0008,-0.002397,0.047995
2023-08-07,500ETF,Future (IC88 (CSI 500 Futures)),ew,-1.1708,0.8,0.0,0,-0.000885,-0.0,0.0,-0.0,0.047995
2023-08-08,500ETF,Future (IC88 (CSI 500 Futures)),ew,-1.273,0.8,0.0,0,0.003554,0.0,0.0,0.0,0.047995
2023-08-09,500ETF,Future (IC88 (CSI 500 Futures)),ew,-0.1072,0.8,0.0,0,-0.005843,-0.0,0.0,-0.0,0.047995
2023-08-10,500ETF,Future (IC88 (CSI 500 Futures)),ew,0.3808,0.8,0.0,0,-3.3e-05,-0.0,0.0,-0.0,0.047995
2023-08-11,500ETF,Future (IC88 (CSI 500 Futures)),ew,-1.0894,0.8,0.0,0,-0.011559,-0.0,0.0,-0.0,0.047995
2023-08-14,500ETF,Future (IC88 (CSI 500 Futures)),ew,-0.7935,0.8,0.0,0,0.007059,0.0,0.0,0.0,0.047995
2023-08-15,500ETF,Future (IC88 (CSI 500 Futures)),ew,-0.7318,0.8,0.0,0,-0.002921,-0.0,0.0,-0.0,0.047995
2023-08-16,500ETF,Future (IC88 (CSI 500 Futures)),ew,-0.2121,0.8,0.0,0,-0.003411,-0.0,0.0,-0.0,0.047995
2023-08-17,500ETF,Future (IC88 (CSI 500 Futures)),ew,-0.7063,0.8,0.0,0,0.012387,0.0,0.0,0.0,0.047995
2023-08-18,500ETF,Future (IC88 (CSI 500 Futures)),ew,-0.0372,0.8,0.0,0,-0.012911,-0.0,0.0,-0.0,0.047995
2023-08-21,500ETF,Future (IC88 (CSI 500 Futures)),ew,0.2728,0.8,0.0,0,-0.008478,-0.0,0.0,-0.0,0.047995
2023-08-22,500ETF,Future (IC88 (CSI 500 Futures)),ew,0.1155,0.8,0.0,0,0.006077,0.0,0.0,0.0,0.047995
2023-08-23,500ETF,Future (IC88 (CSI 500 Futures)),ew,-1.3811,0.8,-1.0,1,-0.009718,0.009718,0.0008,0.008918,0.056912
2023-08-24,500ETF,Future (IC88 (CSI 500 Futures)),ew,-0.1688,0.8,0.0,0,0.004921,0.0,0.0,0.0,0.056912
2023-08-25,500ETF,Future (IC88 (CSI 500 Futures)),ew,-0.6492,0.8,0.0,0,-0.01568,-0.0,0.0,-0.0,0.056912
2023-08-28,500ETF,Future (IC88 (CSI 500 Futures)),ew,-0.7444,0.8,0.0,0,-0.02292,-0.0,0.0,-0.0,0.056912
2023-08-29,500ETF,Future (IC88 (CSI 500 Futures)),ew,1.2758,0.8,1.0,1,0.013467,0.013467,0.0008,0.012667,0.069579
2023-08-30,500ETF,Future (IC88 (CSI 500 Futures)),ew,1.0391,0.8,1.0,1,-0.007032,-0.007032,0.0008,-0.007832,0.061747
2023-08-31,500ETF,Future (IC88 (CSI 500 Futures)),ew,-0.604,0.8,0.0,0,-0.002399,-0.0,0.0,-0.0,0.061747
2023-09-01,500ETF,Future (IC88 (CSI 500 Futures)),ew,0.443,0.8,0.0,0,-0.002191,-0.0,0.0,-0.0,0.061747
2023-09-04,500ETF,Future (IC88 (CSI 500 Futures)),ew,-0.0825,0.8,0.0,0,0.007485,0.0,0.0,0.0,0.061747
2023-09-05,500ETF,Future (IC88 (CSI 500 Futures)),ew,-0.7288,0.8,0.0,0,-0.004004,-0.0,0.0,-0.0,0.061747
2023-09-06,500ETF,Future (IC88 (CSI 500 Futures)),ew,-0.9642,0.8,0.0,0,0.00688,0.0,0.0,0.0,0.061747
2023-09-07,500ETF,Future (IC88 (CSI 500 Futures)),ew,-1.0743,0.8,0.0,0,-0.010061,-0.0,0.0,-0.0,0.061747
2023-09-08,500ETF,Future (IC88 (CSI 500 Futures)),ew,0.2632,0.8,0.0,0,0.00186,0.0,0.0,0.0,0.061747
2023-09-11,500ETF,Future (IC88 (CSI 500 Futures)),ew,0.2723,0.8,0.0,0,0.008178,0.0,0.0,0.0,0.061747
2023-09-12,500ETF,Future (IC88 (CSI 500 Futures)),ew,-0.3419,0.8,0.0,0,0.001283,0.0,0.0,0.0,0.061747
2023-09-13,500ETF,Future (IC88 (CSI 500 Futures)),ew,-0.6244,0.8,0.0,0,-0.0102,-0.0,0.0,-0.0,0.061747
2023-09-14,500ETF,Future (IC88 (CSI 500 Futures)),ew,-0.3319,0.8,0.0,0,-0.00021,-0.0,0.0,-0.0,0.061747
2023-09-15,500ETF,Future (IC88 (CSI 500 Futures)),ew,-0.821,0.8,0.0,0,-0.000914,-0.0,0.0,-0.0,0.061747
2023-09-18,500ETF,Future (IC88 (CSI 500 Futures)),ew,-0.3179,0.8,0.0,0,0.005417,0.0,0.0,0.0,0.061747
2023-09-19,500ETF,Future (IC88 (CSI 500 Futures)),ew,-1.0219,0.8,0.0,0,0.002844,0.0,0.0,0.0,0.061747
2023-09-20,500ETF,Future (IC88 (CSI 500 Futures)),ew,-0.2165,0.8,0.0,0,-0.004328,-0.0,0.0,-0.0,0.061747
2023-09-21,500ETF,Future (IC88 (CSI 500 Futures)),ew,0.4408,0.8,0.0,0,-0.00656,-0.0,0.0,-0.0,0.061747
2023-09-22,500ETF,Future (IC88 (CSI 500 Futures)),ew,0.3443,0.8,0.0,0,0.014513,0.0,0.0,0.0,0.061747
2023-09-25,500ETF,Future (IC88 (CSI 500 Futures)),ew,-0.6286,0.8,0.0,0,-0.001302,-0.0,0.0,-0.0,0.061747
2023-09-26,500ETF,Future (IC88 (CSI 500 Futures)),ew,-0.0998,0.8,0.0,0,-7.1e-05,-0.0,0.0,-0.0,0.061747
2023-09-27,500ETF,Future (IC88 (CSI 500 Futures)),ew,1.3736,0.8,1.0,1,-0.00231,-0.00231,0.0008,-0.00311,0.058636
2023-09-28,500ETF,Future (IC88 (CSI 500 Futures)),ew,0.6438,0.8,0.0,0,-0.004242,-0.0,0.0,-0.0,0.058636
2023-10-09,500ETF,Future (IC88 (CSI 500 Futures)),ew,-1.0113,0.8,0.0,0,-0.001024,-0.0,0.0,-0.0,0.058636
2023-10-10,500ETF,Future (IC88 (CSI 500 Futures)),ew,0.0185,0.8,0.0,0,-0.004251,-0.0,0.0,-0.0,0.058636
2023-10-11,500ETF,Future (IC88 (CSI 500 Futures)),ew,0.7661,0.8,0.0,0,-0.008964,-0.0,0.0,-0.0,0.058636
2023-10-12,500ETF,Future (IC88 (CSI 500 Futures)),ew,0.6984,0.8,0.0,0,0.001977,0.0,0.0,0.0,0.058636
2023-10-13,500ETF,Future (IC88 (CSI 500 Futures)),ew,-1.0459,0.8,0.0,0,3.6e-05,0.0,0.0,0.0,0.058636
2023-10-16,500ETF,Future (IC88 (CSI 500 Futures)),ew,-1.1544,0.8,0.0,0,-0.004303,-0.0,0.0,-0.0,0.058636
2023-10-17,500ETF,Future (IC88 (CSI 500 Futures)),ew,-0.7123,0.8,0.0,0,0.002474,0.0,0.0,0.0,0.058636
2023-10-18,500ETF,Future (IC88 (CSI 500 Futures)),ew,-1.4087,0.8,-1.0,1,-0.002312,0.002312,0.0008,0.001512,0.060148
2023-10-19,500ETF,Future (IC88 (CSI 500 Futures)),ew,-0.0219,0.8,0.0,0,-0.00743,-0.0,0.0,-0.0,0.060148
2023-10-20,500ETF,Future (IC88 (CSI 500 Futures)),ew,0.2299,0.8,0.0,0,-0.003786,-0.0,0.0,-0.0,0.060148
2023-10-23,500ETF,Future (IC88 (CSI 500 Futures)),ew,-1.3236,0.8,-1.0,1,-0.015574,0.015574,0.0008,0.014774,0.074922
2023-10-24,500ETF,Future (IC88 (CSI 500 Futures)),ew,-0.3382,0.8,0.0,0,0.010372,0.0,0.0,0.0,0.074922
2023-10-25,500ETF,Future (IC88 (CSI 500 Futures)),ew,1.359,0.8,1.0,1,-0.008326,-0.008326,0.0008,-0.009126,0.065797
2023-10-26,500ETF,Future (IC88 (CSI 500 Futures)),ew,-0.6611,0.8,0.0,0,0.007686,0.0,0.0,0.0,0.065797
2023-10-27,500ETF,Future (IC88 (CSI 500 Futures)),ew,0.8546,0.8,1.0,1,0.018066,0.018066,0.0008,0.017266,0.083063
2023-10-30,500ETF,Future (IC88 (CSI 500 Futures)),ew,0.8718,0.8,1.0,1,0.00641,0.00641,0.0008,0.00561,0.088673
2023-10-31,500ETF,Future (IC88 (CSI 500 Futures)),ew,-0.3658,0.8,0.0,0,-0.000507,-0.0,0.0,-0.0,0.088673
2023-11-01,500ETF,Future (IC88 (CSI 500 Futures)),ew,-0.6802,0.8,0.0,0,-0.000801,-0.0,0.0,-0.0,0.088673
2023-11-02,500ETF,Future (IC88 (CSI 500 Futures)),ew,0.2028,0.8,0.0,0,-0.004311,-0.0,0.0,-0.0,0.088673
2023-11-03,500ETF,Future (IC88 (CSI 500 Futures)),ew,1.0267,0.8,1.0,1,0.003602,0.003602,0.0008,0.002802,0.091475
2023-11-06,500ETF,Future (IC88 (CSI 500 Futures)),ew,1.1227,0.8,1.0,1,0.004774,0.004774,0.0008,0.003974,0.095449
2023-11-07,500ETF,Future (IC88 (CSI 500 Futures)),ew,-0.4488,0.8,0.0,0,0.005469,0.0,0.0,0.0,0.095449
2023-11-08,500ETF,Future (IC88 (CSI 500 Futures)),ew,-0.0439,0.8,0.0,0,-0.003862,-0.0,0.0,-0.0,0.095449
2023-11-09,500ETF,Future (IC88 (CSI 500 Futures)),ew,0.8866,0.8,1.0,1,-0.004189,-0.004189,0.0008,-0.004989,0.090461
2023-11-10,500ETF,Future (IC88 (CSI 500 Futures)),ew,-0.856,0.8,0.0,0,0.001512,0.0,0.0,0.0,0.090461
2023-11-13,500ETF,Future (IC88 (CSI 500 Futures)),ew,-0.3495,0.8,0.0,0,0.003238,0.0,0.0,0.0,0.090461
2023-11-14,500ETF,Future (IC88 (CSI 500 Futures)),ew,1.0132,0.8,1.0,1,-0.003357,-0.003357,0.0008,-0.004157,0.086304
2023-11-15,500ETF,Future (IC88 (CSI 500 Futures)),ew,-0.4156,0.8,0.0,0,-0.003057,-0.0,0.0,-0.0,0.086304
2023-11-16,500ETF,Future (IC88 (CSI 500 Futures)),ew,-0.7158,0.8,0.0,0,-0.003569,-0.0,0.0,-0.0,0.086304
2023-11-17,500ETF,Future (IC88 (CSI 500 Futures)),ew,0.2508,0.8,0.0,0,0.003258,0.0,0.0,0.0,0.086304
2023-11-20,500ETF,Future (IC88 (CSI 500 Futures)),ew,-0.8435,0.8,0.0,0,0.011901,0.0,0.0,0.0,0.086304
2023-11-21,500ETF,Future (IC88 (CSI 500 Futures)),ew,0.9615,0.8,1.0,1,-0.009362,-0.009362,0.0008,-0.010162,0.076142
2023-11-22,500ETF,Future (IC88 (CSI 500 Futures)),ew,-0.114,0.8,0.0,0,-0.00755,-0.0,0.0,-0.0,0.076142
2023-11-23,500ETF,Future (IC88 (CSI 500 Futures)),ew,-0.2291,0.8,0.0,0,0.012676,0.0,0.0,0.0,0.076142
2023-11-24,500ETF,Future (IC88 (CSI 500 Futures)),ew,-1.0592,0.8,0.0,0,-0.002123,-0.0,0.0,-0.0,0.076142
2023-11-27,500ETF,Future (IC88 (CSI 500 Futures)),ew,-0.6905,0.8,0.0,0,0.004557,0.0,0.0,0.0,0.076142
2023-11-28,500ETF,Future (IC88 (CSI 500 Futures)),ew,-0.6961,0.8,0.0,0,0.003312,0.0,0.0,0.0,0.076142
2023-11-29,500ETF,Future (IC88 (CSI 500 Futures)),ew,-0.5981,0.8,0.0,0,-0.004259,-0.0,0.0,-0.0,0.076142
2023-11-30,500ETF,Future (IC88 (CSI 500 Futures)),ew,-0.6584,0.8,0.0,0,7.3e-05,0.0,0.0,0.0,0.076142
2023-12-01,500ETF,Future (IC88 (CSI 500 Futures)),ew,-0.7451,0.8,0.0,0,0.005695,0.0,0.0,0.0,0.076142
2023-12-04,500ETF,Future (IC88 (CSI 500 Futures)),ew,-0.3126,0.8,0.0,0,-0.005381,-0.0,0.0,-0.0,0.076142
2023-12-05,500ETF,Future (IC88 (CSI 500 Futures)),ew,-1.1465,0.8,0.0,0,-0.002816,-0.0,0.0,-0.0,0.076142
2023-12-06,500ETF,Future (IC88 (CSI 500 Futures)),ew,0.6634,0.8,0.0,0,0.002821,0.0,0.0,0.0,0.076142
2023-12-07,500ETF,Future (IC88 (CSI 500 Futures)),ew,-0.9451,0.8,0.0,0,0.008719,0.0,0.0,0.0,0.076142
2023-12-08,500ETF,Future (IC88 (CSI 500 Futures)),ew,0.4115,0.8,0.0,0,0.003498,0.0,0.0,0.0,0.076142
2023-12-11,500ETF,Future (IC88 (CSI 500 Futures)),ew,-1.0442,0.8,0.0,0,0.021671,0.0,0.0,0.0,0.076142
2023-12-12,500ETF,Future (IC88 (CSI 500 Futures)),ew,-0.1108,0.8,0.0,0,0.002913,0.0,0.0,0.0,0.076142
2023-12-13,500ETF,Future (IC88 (CSI 500 Futures)),ew,-0.689,0.8,0.0,0,-0.005125,-0.0,0.0,-0.0,0.076142
2023-12-14,500ETF,Future (IC88 (CSI 500 Futures)),ew,0.8311,0.8,1.0,1,-0.008403,-0.008403,0.0008,-0.009203,0.06694
2023-12-15,500ETF,Future (IC88 (CSI 500 Futures)),ew,0.0655,0.8,0.0,0,-0.009471,-0.0,0.0,-0.0,0.06694
2023-12-18,500ETF,Future (IC88 (CSI 500 Futures)),ew,-0.4388,0.8,0.0,0,-0.008142,-0.0,0.0,-0.0,0.06694
2023-12-19,500ETF,Future (IC88 (CSI 500 Futures)),ew,-0.571,0.8,0.0,0,-0.003099,-0.0,0.0,-0.0,0.06694
2023-12-20,500ETF,Future (IC88 (CSI 500 Futures)),ew,-0.5993,0.8,0.0,0,-0.009019,-0.0,0.0,-0.0,0.06694
2023-12-21,500ETF,Future (IC88 (CSI 500 Futures)),ew,-0.0969,0.8,0.0,0,0.009898,0.0,0.0,0.0,0.06694
2023-12-22,500ETF,Future (IC88 (CSI 500 Futures)),ew,-1.1645,0.8,0.0,0,0.002675,0.0,0.0,0.0,0.06694
2023-12-25,500ETF,Future (IC88 (CSI 500 Futures)),ew,0.8648,0.8,1.0,1,-0.001278,-0.001278,0.0008,-0.002078,0.064861
2023-12-26,500ETF,Future (IC88 (CSI 500 Futures)),ew,-1.0313,0.8,0.0,0,-0.004472,-0.0,0.0,-0.0,0.064861
2023-12-27,500ETF,Future (IC88 (CSI 500 Futures)),ew,-0.6054,0.8,0.0,0,0.007962,0.0,0.0,0.0,0.064861
2023-12-28,500ETF,Future (IC88 (CSI 500 Futures)),ew,0.9073,0.8,1.0,1,0.011958,0.011958,0.0008,0.011158,0.076019
2023-12-29,500ETF,Future (IC88 (CSI 500 Futures)),ew,1.0934,0.8,1.0,1,7.4e-05,7.4e-05,0.0008,-0.000726,0.075293
2024-01-02,500ETF,Future (IC88 (CSI 500 Futures)),ew,-0.6045,0.8,0.0,0,-0.000517,-0.0,0.0,-0.0,0.075293
2024-01-03,500ETF,Future (IC88 (CSI 500 Futures)),ew,0.7425,0.8,0.0,0,-0.003258,-0.0,0.0,-0.0,0.075293
2024-01-04,500ETF,Future (IC88 (CSI 500 Futures)),ew,-1.1187,0.8,0.0,0,-0.003439,-0.0,0.0,-0.0,0.075293
2024-01-05,500ETF,Future (IC88 (CSI 500 Futures)),ew,0.4845,0.8,0.0,0,-0.015381,-0.0,0.0,-0.0,0.075293
2024-01-08,500ETF,Future (IC88 (CSI 500 Futures)),ew,-1.2012,0.8,0.0,0,-0.015159,-0.0,0.0,-0.0,0.075293
2024-01-09,500ETF,Future (IC88 (CSI 500 Futures)),ew,0.1598,0.8,0.0,0,-0.001393,-0.0,0.0,-0.0,0.075293
2024-01-10,500ETF,Future (IC88 (CSI 500 Futures)),ew,-1.047,0.8,0.0,0,-0.002445,-0.0,0.0,-0.0,0.075293
2024-01-11,500ETF,Future (IC88 (CSI 500 Futures)),ew,0.512,0.8,0.0,0,0.010583,0.0,0.0,0.0,0.075293
2024-01-12,500ETF,Future (IC88 (CSI 500 Futures)),ew,0.7803,0.8,0.0,0,-0.0028,-0.0,0.0,-0.0,0.075293
2024-01-15,500ETF,Future (IC88 (CSI 500 Futures)),ew,-0.5027,0.8,0.0,0,0.001234,0.0,0.0,0.0,0.075293
2024-01-16,500ETF,Future (IC88 (CSI 500 Futures)),ew,-0.0717,0.8,0.0,0,-0.007781,-0.0,0.0,-0.0,0.075293
2024-01-17,500ETF,Future (IC88 (CSI 500 Futures)),ew,-1.0054,0.8,0.0,0,-0.012271,-0.0,0.0,-0.0,0.075293
2024-01-18,500ETF,Future (IC88 (CSI 500 Futures)),ew,-0.9955,0.8,0.0,0,-0.004122,-0.0,0.0,-0.0,0.075293
2024-01-19,500ETF,Future (IC88 (CSI 500 Futures)),ew,0.5563,0.8,0.0,0,-0.006064,-0.0,0.0,-0.0,0.075293
2024-01-22,500ETF,Future (IC88 (CSI 500 Futures)),ew,-1.3541,0.8,-1.0,1,-0.04369,0.04369,0.0008,0.04289,0.118183
2024-01-23,500ETF,Future (IC88 (CSI 500 Futures)),ew,-0.3554,0.8,0.0,0,0.020643,0.0,0.0,0.0,0.118183
2024-01-24,500ETF,Future (IC88 (CSI 500 Futures)),ew,0.6206,0.8,0.0,0,0.006524,0.0,0.0,0.0,0.118183
2024-01-25,500ETF,Future (IC88 (CSI 500 Futures)),ew,0.7942,0.8,0.0,0,0.026965,0.0,0.0,0.0,0.118183
2024-01-26,500ETF,Future (IC88 (CSI 500 Futures)),ew,0.1614,0.8,0.0,0,-0.005797,-0.0,0.0,-0.0,0.118183
2024-01-29,500ETF,Future (IC88 (CSI 500 Futures)),ew,-0.5133,0.8,0.0,0,-0.006498,-0.0,0.0,-0.0,0.118183
2024-01-30,500ETF,Future (IC88 (CSI 500 Futures)),ew,0.2716,0.8,0.0,0,-0.020036,-0.0,0.0,-0.0,0.118183
2024-01-31,500ETF,Future (IC88 (CSI 500 Futures)),ew,0.6207,0.8,0.0,0,-0.008509,-0.0,0.0,-0.0,0.118183
2024-02-01,500ETF,Future (IC88 (CSI 500 Futures)),ew,0.0664,0.8,0.0,0,0.012445,0.0,0.0,0.0,0.118183
2024-02-02,500ETF,Future (IC88 (CSI 500 Futures)),ew,1.171,0.8,1.0,1,-0.030357,-0.030357,0.0008,-0.031157,0.087025
2024-02-05,500ETF,Future (IC88 (CSI 500 Futures)),ew,-1.8818,0.8,-1.0,1,0.029852,-0.029852,0.0008,-0.030652,0.056374
2024-02-06,500ETF,Future (IC88 (CSI 500 Futures)),ew,1.6616,0.8,1.0,1,0.053901,0.053901,0.0008,0.053101,0.109475
2024-02-07,500ETF,Future (IC88 (CSI 500 Futures)),ew,1.824,0.8,1.0,1,0.006049,0.006049,0.0008,0.005249,0.114724
2024-02-08,500ETF,Future (IC88 (CSI 500 Futures)),ew,1.787,0.8,1.0,1,-0.03343,-0.03343,0.0008,-0.03423,0.080494
2024-02-19,500ETF,Future (IC88 (CSI 500 Futures)),ew,-1.1765,0.8,0.0,0,-0.009449,-0.0,0.0,-0.0,0.080494
2024-02-20,500ETF,Future (IC88 (CSI 500 Futures)),ew,-0.7855,0.8,0.0,0,0.008847,0.0,0.0,0.0,0.080494
2024-02-21,500ETF,Future (IC88 (CSI 500 Futures)),ew,-0.0561,0.8,0.0,0,0.008049,0.0,0.0,0.0,0.080494
2024-02-22,500ETF,Future (IC88 (CSI 500 Futures)),ew,1.3169,0.8,1.0,1,-0.001126,-0.001126,0.0008,-0.001926,0.078568
2024-02-23,500ETF,Future (IC88 (CSI 500 Futures)),ew,-0.7046,0.8,0.0,0,0.007712,0.0,0.0,0.0,0.078568
2024-02-26,500ETF,Future (IC88 (CSI 500 Futures)),ew,-0.0019,0.8,0.0,0,0.004787,0.0,0.0,0.0,0.078568
2024-02-27,500ETF,Future (IC88 (CSI 500 Futures)),ew,0.2969,0.8,0.0,0,0.020078,0.0,0.0,0.0,0.078568
2024-02-28,500ETF,Future (IC88 (CSI 500 Futures)),ew,1.4369,0.8,1.0,1,-0.01724,-0.01724,0.0008,-0.01804,0.060528
2024-02-29,500ETF,Future (IC88 (CSI 500 Futures)),ew,1.6164,0.8,1.0,1,0.011934,0.011934,0.0008,0.011134,0.071662
2024-03-01,500ETF,Future (IC88 (CSI 500 Futures)),ew,0.5995,0.8,0.0,0,0.003284,0.0,0.0,0.0,0.071662
2024-03-04,500ETF,Future (IC88 (CSI 500 Futures)),ew,-0.5221,0.8,0.0,0,0.004098,0.0,0.0,0.0,0.071662
2024-03-05,500ETF,Future (IC88 (CSI 500 Futures)),ew,-0.0115,0.8,0.0,0,-0.003097,-0.0,0.0,-0.0,0.071662
2024-03-06,500ETF,Future (IC88 (CSI 500 Futures)),ew,-0.2661,0.8,0.0,0,0.005886,0.0,0.0,0.0,0.071662
2024-03-07,500ETF,Future (IC88 (CSI 500 Futures)),ew,0.9731,0.8,1.0,1,-0.0149,-0.0149,0.0008,-0.0157,0.055962
2024-03-08,500ETF,Future (IC88 (CSI 500 Futures)),ew,1.1107,0.8,1.0,1,0.008139,0.008139,0.0008,0.007339,0.063301
2024-03-11,500ETF,Future (IC88 (CSI 500 Futures)),ew,0.7113,0.8,0.0,0,0.011688,0.0,0.0,0.0,0.063301
2024-03-12,500ETF,Future (IC88 (CSI 500 Futures)),ew,0.6652,0.8,0.0,0,-0.009251,-0.0,0.0,-0.0,0.063301
2024-03-13,500ETF,Future (IC88 (CSI 500 Futures)),ew,-0.9684,0.8,0.0,0,0.000222,0.0,0.0,0.0,0.063301
2024-03-14,500ETF,Future (IC88 (CSI 500 Futures)),ew,0.9432,0.8,1.0,1,-0.008859,-0.008859,0.0008,-0.009659,0.053642
2024-03-15,500ETF,Future (IC88 (CSI 500 Futures)),ew,-0.0195,0.8,0.0,0,0.013115,0.0,0.0,0.0,0.053642
2024-03-18,500ETF,Future (IC88 (CSI 500 Futures)),ew,0.5433,0.8,0.0,0,0.00601,0.0,0.0,0.0,0.053642
2024-03-19,500ETF,Future (IC88 (CSI 500 Futures)),ew,-0.4569,0.8,0.0,0,-0.006951,-0.0,0.0,-0.0,0.053642
2024-03-20,500ETF,Future (IC88 (CSI 500 Futures)),ew,0.5751,0.8,0.0,0,-0.000693,-0.0,0.0,-0.0,0.053642
2024-03-21,500ETF,Future (IC88 (CSI 500 Futures)),ew,0.1769,0.8,0.0,0,-0.004953,-0.0,0.0,-0.0,0.053642
2024-03-22,500ETF,Future (IC88 (CSI 500 Futures)),ew,-0.9794,0.8,0.0,0,-0.004786,-0.0,0.0,-0.0,0.053642
2024-03-25,500ETF,Future (IC88 (CSI 500 Futures)),ew,-1.0067,0.8,0.0,0,-0.002475,-0.0,0.0,-0.0,0.053642
2024-03-26,500ETF,Future (IC88 (CSI 500 Futures)),ew,0.6234,0.8,0.0,0,-0.00367,-0.0,0.0,-0.0,0.053642
2024-03-27,500ETF,Future (IC88 (CSI 500 Futures)),ew,-1.1895,0.8,0.0,0,-0.007479,-0.0,0.0,-0.0,0.053642
2024-03-28,500ETF,Future (IC88 (CSI 500 Futures)),ew,1.1843,0.8,1.0,1,0.00239,0.00239,0.0008,0.00159,0.055233
2024-03-29,500ETF,Future (IC88 (CSI 500 Futures)),ew,0.8541,0.8,1.0,1,0.005787,0.005787,0.0008,0.004987,0.06022
2024-04-01,500ETF,Future (IC88 (CSI 500 Futures)),ew,1.6201,0.8,1.0,1,0.00479,0.00479,0.0008,0.00399,0.06421
2024-04-02,500ETF,Future (IC88 (CSI 500 Futures)),ew,-0.5772,0.8,0.0,0,-0.003795,-0.0,0.0,-0.0,0.06421
2024-04-03,500ETF,Future (IC88 (CSI 500 Futures)),ew,-0.5755,0.8,0.0,0,0.001455,0.0,0.0,0.0,0.06421
2024-04-08,500ETF,Future (IC88 (CSI 500 Futures)),ew,-0.5719,0.8,0.0,0,-0.007031,-0.0,0.0,-0.0,0.06421
2024-04-09,500ETF,Future (IC88 (CSI 500 Futures)),ew,0.5902,0.8,0.0,0,0.006856,0.0,0.0,0.0,0.06421
2024-04-10,500ETF,Future (IC88 (CSI 500 Futures)),ew,-1.011,0.8,0.0,0,-0.005177,-0.0,0.0,-0.0,0.06421
2024-04-11,500ETF,Future (IC88 (CSI 500 Futures)),ew,0.5571,0.8,0.0,0,0.006803,0.0,0.0,0.0,0.06421
2024-04-12,500ETF,Future (IC88 (CSI 500 Futures)),ew,0.1879,0.8,0.0,0,-0.002949,-0.0,0.0,-0.0,0.06421
2024-04-15,500ETF,Future (IC88 (CSI 500 Futures)),ew,1.184,0.8,1.0,1,0.007232,0.007232,0.0008,0.006432,0.070642
2024-04-16,500ETF,Future (IC88 (CSI 500 Futures)),ew,0.1213,0.8,0.0,0,-0.014603,-0.0,0.0,-0.0,0.070642
2024-04-17,500ETF,Future (IC88 (CSI 500 Futures)),ew,1.7315,0.8,1.0,1,0.00588,0.00588,0.0008,0.00508,0.075722
2024-04-18,500ETF,Future (IC88 (CSI 500 Futures)),ew,-0.594,0.8,0.0,0,0.006243,0.0,0.0,0.0,0.075722
2024-04-19,500ETF,Future (IC88 (CSI 500 Futures)),ew,0.8956,0.8,1.0,1,-0.010887,-0.010887,0.0008,-0.011687,0.064035
2024-04-22,500ETF,Future (IC88 (CSI 500 Futures)),ew,-0.369,0.8,0.0,0,-0.012527,-0.0,0.0,-0.0,0.064035
2024-04-23,500ETF,Future (IC88 (CSI 500 Futures)),ew,-0.1427,0.8,0.0,0,-0.003455,-0.0,0.0,-0.0,0.064035
2024-04-24,500ETF,Future (IC88 (CSI 500 Futures)),ew,-0.6518,0.8,0.0,0,0.009642,0.0,0.0,0.0,0.064035
2024-04-25,500ETF,Future (IC88 (CSI 500 Futures)),ew,-0.4905,0.8,0.0,0,0.002022,0.0,0.0,0.0,0.064035
2024-04-26,500ETF,Future (IC88 (CSI 500 Futures)),ew,1.388,0.8,1.0,1,0.018297,0.018297,0.0008,0.017497,0.081531
2024-04-29,500ETF,Future (IC88 (CSI 500 Futures)),ew,1.3354,0.8,1.0,1,0.01413,0.01413,0.0008,0.01333,0.094862
2024-04-30,500ETF,Future (IC88 (CSI 500 Futures)),ew,-0.6726,0.8,0.0,0,-0.002124,-0.0,0.0,-0.0,0.094862
2024-05-06,500ETF,Future (IC88 (CSI 500 Futures)),ew,0.7824,0.8,0.0,0,-0.000799,-0.0,0.0,-0.0,0.094862
2024-05-07,500ETF,Future (IC88 (CSI 500 Futures)),ew,0.0025,0.8,0.0,0,-0.005023,-0.0,0.0,-0.0,0.094862
2024-05-08,500ETF,Future (IC88 (CSI 500 Futures)),ew,-1.1432,0.8,0.0,0,-0.006289,-0.0,0.0,-0.0,0.094862
2024-05-09,500ETF,Future (IC88 (CSI 500 Futures)),ew,1.7379,0.8,1.0,1,0.002431,0.002431,0.0008,0.001631,0.096492
2024-05-10,500ETF,Future (IC88 (CSI 500 Futures)),ew,-1.1098,0.8,0.0,0,0.006677,0.0,0.0,0.0,0.096492
2024-05-13,500ETF,Future (IC88 (CSI 500 Futures)),ew,-1.1925,0.8,0.0,0,0.001103,0.0,0.0,0.0,0.096492
2024-05-14,500ETF,Future (IC88 (CSI 500 Futures)),ew,0.8264,0.8,1.0,1,0.000293,0.000293,0.0008,-0.000507,0.095986
2024-05-15,500ETF,Future (IC88 (CSI 500 Futures)),ew,-0.8591,0.8,0.0,0,-0.004639,-0.0,0.0,-0.0,0.095986
2024-05-16,500ETF,Future (IC88 (CSI 500 Futures)),ew,0.1705,0.8,0.0,0,-0.010337,-0.0,0.0,-0.0,0.095986
2024-05-17,500ETF,Future (IC88 (CSI 500 Futures)),ew,0.3796,0.8,0.0,0,0.001734,0.0,0.0,0.0,0.095986
2024-05-20,500ETF,Future (IC88 (CSI 500 Futures)),ew,0.7399,0.8,0.0,0,-0.003062,-0.0,0.0,-0.0,0.095986
2024-05-21,500ETF,Future (IC88 (CSI 500 Futures)),ew,-0.9363,0.8,0.0,0,-0.001434,-0.0,0.0,-0.0,0.095986
2024-05-22,500ETF,Future (IC88 (CSI 500 Futures)),ew,0.0669,0.8,0.0,0,-0.002392,-0.0,0.0,-0.0,0.095986
2024-05-23,500ETF,Future (IC88 (CSI 500 Futures)),ew,-1.4546,0.8,-1.0,1,-0.007162,0.007162,0.0008,0.006362,0.102348
2024-05-24,500ETF,Future (IC88 (CSI 500 Futures)),ew,1.2246,0.8,1.0,1,-0.010983,-0.010983,0.0008,-0.011783,0.090565
2024-05-27,500ETF,Future (IC88 (CSI 500 Futures)),ew,-0.3716,0.8,0.0,0,0.00921,0.0,0.0,0.0,0.090565
2024-05-28,500ETF,Future (IC88 (CSI 500 Futures)),ew,-0.9888,0.8,0.0,0,-0.006052,-0.0,0.0,-0.0,0.090565
2024-05-29,500ETF,Future (IC88 (CSI 500 Futures)),ew,1.2903,0.8,1.0,1,-0.005493,-0.005493,0.0008,-0.006293,0.084271
2024-05-30,500ETF,Future (IC88 (CSI 500 Futures)),ew,0.4072,0.8,0.0,0,-0.007015,-0.0,0.0,-0.0,0.084271
2024-05-31,500ETF,Future (IC88 (CSI 500 Futures)),ew,1.056,0.8,1.0,1,-0.008394,-0.008394,0.0008,-0.009194,0.075077
2024-06-03,500ETF,Future (IC88 (CSI 500 Futures)),ew,-0.8068,0.8,0.0,0,-0.013936,-0.0,0.0,-0.0,0.075077
2024-06-04,500ETF,Future (IC88 (CSI 500 Futures)),ew,0.3022,0.8,0.0,0,0.012552,0.0,0.0,0.0,0.075077
2024-06-05,500ETF,Future (IC88 (CSI 500 Futures)),ew,0.173,0.8,0.0,0,-0.00904,-0.0,0.0,-0.0,0.075077
2024-06-06,500ETF,Future (IC88 (CSI 500 Futures)),ew,0.3277,0.8,0.0,0,-0.013349,-0.0,0.0,-0.0,0.075077
2024-06-07,500ETF,Future (IC88 (CSI 500 Futures)),ew,-0.3725,0.8,0.0,0,-0.004422,-0.0,0.0,-0.0,0.075077
2024-06-11,500ETF,Future (IC88 (CSI 500 Futures)),ew,-0.9689,0.8,0.0,0,0.009429,0.0,0.0,0.0,0.075077
2024-06-12,500ETF,Future (IC88 (CSI 500 Futures)),ew,0.6662,0.8,0.0,0,-0.000651,-0.0,0.0,-0.0,0.075077
2024-06-13,500ETF,Future (IC88 (CSI 500 Futures)),ew,-0.9164,0.8,0.0,0,-0.005752,-0.0,0.0,-0.0,0.075077
2024-06-14,500ETF,Future (IC88 (CSI 500 Futures)),ew,-0.4469,0.8,0.0,0,0.009789,0.0,0.0,0.0,0.075077
2024-06-17,500ETF,Future (IC88 (CSI 500 Futures)),ew,0.5925,0.8,0.0,0,-0.003111,-0.0,0.0,-0.0,0.075077
2024-06-18,500ETF,Future (IC88 (CSI 500 Futures)),ew,0.3461,0.8,0.0,0,-0.001264,-0.0,0.0,-0.0,0.075077
2024-06-19,500ETF,Future (IC88 (CSI 500 Futures)),ew,-1.2298,0.8,0.0,0,-0.005983,-0.0,0.0,-0.0,0.075077
2024-06-20,500ETF,Future (IC88 (CSI 500 Futures)),ew,0.2755,0.8,0.0,0,-0.01153,-0.0,0.0,-0.0,0.075077
2024-06-21,500ETF,Future (IC88 (CSI 500 Futures)),ew,0.1912,0.8,0.0,0,-0.001339,-0.0,0.0,-0.0,0.075077
2024-06-24,500ETF,Future (IC88 (CSI 500 Futures)),ew,-0.9673,0.8,0.0,0,-0.008317,-0.0,0.0,-0.0,0.075077
2024-06-25,500ETF,Future (IC88 (CSI 500 Futures)),ew,0.1896,0.8,0.0,0,-0.010148,-0.0,0.0,-0.0,0.075077
2024-06-26,500ETF,Future (IC88 (CSI 500 Futures)),ew,-0.8851,0.8,0.0,0,0.019591,0.0,0.0,0.0,0.075077
2024-06-27,500ETF,Future (IC88 (CSI 500 Futures)),ew,-1.2246,0.8,0.0,0,-0.00585,-0.0,0.0,-0.0,0.075077
2024-06-28,500ETF,Future (IC88 (CSI 500 Futures)),ew,1.6048,0.8,1.0,1,-0.012861,-0.012861,0.0008,-0.013661,0.061417
2024-07-01,500ETF,Future (IC88 (CSI 500 Futures)),ew,0.8023,0.8,1.0,1,0.007753,0.007753,0.0008,0.006953,0.06837
2024-07-02,500ETF,Future (IC88 (CSI 500 Futures)),ew,-0.6905,0.8,0.0,0,-0.008844,-0.0,0.0,-0.0,0.06837
2024-07-03,500ETF,Future (IC88 (CSI 500 Futures)),ew,-0.6208,0.8,0.0,0,-0.004611,-0.0,0.0,-0.0,0.06837
2024-07-04,500ETF,Future (IC88 (CSI 500 Futures)),ew,0.3866,0.8,0.0,0,-0.013128,-0.0,0.0,-0.0,0.06837
2024-07-05,500ETF,Future (IC88 (CSI 500 Futures)),ew,-1.0418,0.8,0.0,0,0.010276,0.0,0.0,0.0,0.06837
2024-07-08,500ETF,Future (IC88 (CSI 500 Futures)),ew,-1.3546,0.8,-1.0,1,-0.00444,0.00444,0.0008,0.00364,0.07201
2024-07-09,500ETF,Future (IC88 (CSI 500 Futures)),ew,0.9694,0.8,1.0,1,0.018007,0.018007,0.0008,0.017207,0.089217
2024-07-10,500ETF,Future (IC88 (CSI 500 Futures)),ew,0.165,0.8,0.0,0,-0.007172,-0.0,0.0,-0.0,0.089217
2024-07-11,500ETF,Future (IC88 (CSI 500 Futures)),ew,-0.6391,0.8,0.0,0,0.007634,0.0,0.0,0.0,0.089217
2024-07-12,500ETF,Future (IC88 (CSI 500 Futures)),ew,-0.4027,0.8,0.0,0,-8.1e-05,-0.0,0.0,-0.0,0.089217
2024-07-15,500ETF,Future (IC88 (CSI 500 Futures)),ew,-1.0518,0.8,0.0,0,-0.00456,-0.0,0.0,-0.0,0.089217
2024-07-16,500ETF,Future (IC88 (CSI 500 Futures)),ew,0.0689,0.8,0.0,0,0.002587,0.0,0.0,0.0,0.089217
2024-07-17,500ETF,Future (IC88 (CSI 500 Futures)),ew,-0.8588,0.8,0.0,0,0.001485,0.0,0.0,0.0,0.089217
2024-07-18,500ETF,Future (IC88 (CSI 500 Futures)),ew,-1.1078,0.8,0.0,0,0.012645,0.0,0.0,0.0,0.089217
2024-07-19,500ETF,Future (IC88 (CSI 500 Futures)),ew,-0.666,0.8,0.0,0,0.005469,0.0,0.0,0.0,0.089217
2024-07-22,500ETF,Future (IC88 (CSI 500 Futures)),ew,-0.4563,0.8,0.0,0,-0.002974,-0.0,0.0,-0.0,0.089217
2024-07-23,500ETF,Future (IC88 (CSI 500 Futures)),ew,-1.4535,0.8,-1.0,1,-0.016163,0.016163,0.0008,0.015363,0.10458
2024-07-24,500ETF,Future (IC88 (CSI 500 Futures)),ew,0.4031,0.8,0.0,0,-0.008445,-0.0,0.0,-0.0,0.10458
2024-07-25,500ETF,Future (IC88 (CSI 500 Futures)),ew,0.2072,0.8,0.0,0,-0.000605,-0.0,0.0,-0.0,0.10458
2024-07-26,500ETF,Future (IC88 (CSI 500 Futures)),ew,1.7343,0.8,1.0,1,-0.002551,-0.002551,0.0008,-0.003351,0.101229
2024-07-29,500ETF,Future (IC88 (CSI 500 Futures)),ew,-1.0644,0.8,0.0,0,-0.002175,-0.0,0.0,-0.0,0.101229
2024-07-30,500ETF,Future (IC88 (CSI 500 Futures)),ew,-1.3839,0.8,-1.0,1,0.010926,-0.010926,0.0008,-0.011726,0.089503
2024-07-31,500ETF,Future (IC88 (CSI 500 Futures)),ew,0.9565,0.8,1.0,1,0.022929,0.022929,0.0008,0.022129,0.111632
2024-08-01,500ETF,Future (IC88 (CSI 500 Futures)),ew,0.9128,0.8,1.0,1,-0.008297,-0.008297,0.0008,-0.009097,0.102535
2024-08-02,500ETF,Future (IC88 (CSI 500 Futures)),ew,1.0584,0.8,1.0,1,-0.017374,-0.017374,0.0008,-0.018174,0.084361
2024-08-05,500ETF,Future (IC88 (CSI 500 Futures)),ew,1.6698,0.8,1.0,1,-0.019152,-0.019152,0.0008,-0.019952,0.064409
2024-08-06,500ETF,Future (IC88 (CSI 500 Futures)),ew,0.3122,0.8,0.0,0,-0.00225,-0.0,0.0,-0.0,0.064409
2024-08-07,500ETF,Future (IC88 (CSI 500 Futures)),ew,-0.2429,0.8,0.0,0,-8.5e-05,-0.0,0.0,-0.0,0.064409
2024-08-08,500ETF,Future (IC88 (CSI 500 Futures)),ew,-0.5569,0.8,0.0,0,0.01189,0.0,0.0,0.0,0.064409
2024-08-09,500ETF,Future (IC88 (CSI 500 Futures)),ew,0.9376,0.8,1.0,1,-0.011311,-0.011311,0.0008,-0.012111,0.052298
2024-08-12,500ETF,Future (IC88 (CSI 500 Futures)),ew,-0.2992,0.8,0.0,0,-0.002346,-0.0,0.0,-0.0,0.052298
2024-08-13,500ETF,Future (IC88 (CSI 500 Futures)),ew,-0.6052,0.8,0.0,0,-0.002267,-0.0,0.0,-0.0,0.052298
2024-08-14,500ETF,Future (IC88 (CSI 500 Futures)),ew,-1.3607,0.8,-1.0,1,-0.000172,0.000172,0.0008,-0.000628,0.051671
2024-08-15,500ETF,Future (IC88 (CSI 500 Futures)),ew,0.0981,0.8,0.0,0,0.003394,0.0,0.0,0.0,0.051671
2024-08-16,500ETF,Future (IC88 (CSI 500 Futures)),ew,-0.816,0.8,0.0,0,-0.007765,-0.0,0.0,-0.0,0.051671
2024-08-19,500ETF,Future (IC88 (CSI 500 Futures)),ew,1.668,0.8,1.0,1,-0.010704,-0.010704,0.0008,-0.011504,0.040167
2024-08-20,500ETF,Future (IC88 (CSI 500 Futures)),ew,-1.1426,0.8,0.0,0,-0.010546,-0.0,0.0,-0.0,0.040167
2024-08-21,500ETF,Future (IC88 (CSI 500 Futures)),ew,0.2261,0.8,0.0,0,0.002104,0.0,0.0,0.0,0.040167
2024-08-22,500ETF,Future (IC88 (CSI 500 Futures)),ew,-0.8441,0.8,0.0,0,-0.009019,-0.0,0.0,-0.0,0.040167
2024-08-23,500ETF,Future (IC88 (CSI 500 Futures)),ew,0.5721,0.8,0.0,0,0.003101,0.0,0.0,0.0,0.040167
2024-08-26,500ETF,Future (IC88 (CSI 500 Futures)),ew,-0.284,0.8,0.0,0,-0.001987,-0.0,0.0,-0.0,0.040167
2024-08-27,500ETF,Future (IC88 (CSI 500 Futures)),ew,-1.0865,0.8,0.0,0,-0.002543,-0.0,0.0,-0.0,0.040167
2024-08-28,500ETF,Future (IC88 (CSI 500 Futures)),ew,0.392,0.8,0.0,0,0.00263,0.0,0.0,0.0,0.040167
2024-08-29,500ETF,Future (IC88 (CSI 500 Futures)),ew,0.5143,0.8,0.0,0,0.015675,0.0,0.0,0.0,0.040167
2024-08-30,500ETF,Future (IC88 (CSI 500 Futures)),ew,1.1894,0.8,1.0,1,0.004222,0.004222,0.0008,0.003422,0.043588
2024-09-02,500ETF,Future (IC88 (CSI 500 Futures)),ew,-0.8155,0.8,0.0,0,-0.011154,-0.0,0.0,-0.0,0.043588
2024-09-03,500ETF,Future (IC88 (CSI 500 Futures)),ew,1.5521,0.8,1.0,1,0.001835,0.001835,0.0008,0.001035,0.044624
2024-09-04,500ETF,Future (IC88 (CSI 500 Futures)),ew,-0.311,0.8,0.0,0,0.001751,0.0,0.0,0.0,0.044624
2024-09-05,500ETF,Future (IC88 (CSI 500 Futures)),ew,1.1375,0.8,1.0,1,0.00061,0.00061,0.0008,-0.00019,0.044434
2024-09-06,500ETF,Future (IC88 (CSI 500 Futures)),ew,-0.6291,0.8,0.0,0,-0.012661,-0.0,0.0,-0.0,0.044434
2024-09-09,500ETF,Future (IC88 (CSI 500 Futures)),ew,-0.1028,0.8,0.0,0,-0.005337,-0.0,0.0,-0.0,0.044434
2024-09-10,500ETF,Future (IC88 (CSI 500 Futures)),ew,-1.0105,0.8,0.0,0,0.007812,0.0,0.0,0.0,0.044434
2024-09-11,500ETF,Future (IC88 (CSI 500 Futures)),ew,-0.0834,0.8,0.0,0,0.003516,0.0,0.0,0.0,0.044434
2024-09-12,500ETF,Future (IC88 (CSI 500 Futures)),ew,1.4471,0.8,1.0,1,-0.007168,-0.007168,0.0008,-0.007968,0.036465
2024-09-13,500ETF,Future (IC88 (CSI 500 Futures)),ew,0.1315,0.8,0.0,0,-0.012369,-0.0,0.0,-0.0,0.036465
2024-09-18,500ETF,Future (IC88 (CSI 500 Futures)),ew,-0.3555,0.8,0.0,0,0.006882,0.0,0.0,0.0,0.036465
2024-09-19,500ETF,Future (IC88 (CSI 500 Futures)),ew,-0.6316,0.8,0.0,0,0.014236,0.0,0.0,0.0,0.036465
2024-09-20,500ETF,Future (IC88 (CSI 500 Futures)),ew,-0.9587,0.8,0.0,0,0.000179,0.0,0.0,0.0,0.036465
2024-09-23,500ETF,Future (IC88 (CSI 500 Futures)),ew,1.2949,0.8,1.0,1,-0.009157,-0.009157,0.0008,-0.009957,0.026509
2024-09-24,500ETF,Future (IC88 (CSI 500 Futures)),ew,1.3101,0.8,1.0,1,0.035183,0.035183,0.0008,0.034383,0.060892
2024-09-25,500ETF,Future (IC88 (CSI 500 Futures)),ew,1.6868,0.8,1.0,1,-0.016267,-0.016267,0.0008,-0.017067,0.043825
2024-09-26,500ETF,Future (IC88 (CSI 500 Futures)),ew,1.3378,0.8,1.0,1,0.031497,0.031497,0.0008,0.030697,0.074522
2024-09-27,500ETF,Future (IC88 (CSI 500 Futures)),ew,1.6371,0.8,1.0,1,0.052039,0.052039,0.0008,0.051239,0.125762
2024-09-30,500ETF,Future (IC88 (CSI 500 Futures)),ew,1.6613,0.8,1.0,1,0.06383,0.06383,0.0008,0.06303,0.188791
2024-10-08,500ETF,Future (IC88 (CSI 500 Futures)),ew,-0.9546,0.8,0.0,0,-0.041449,-0.0,0.0,-0.0,0.188791
2024-10-09,500ETF,Future (IC88 (CSI 500 Futures)),ew,-1.2042,0.8,0.0,0,-0.026964,-0.0,0.0,-0.0,0.188791
2024-10-10,500ETF,Future (IC88 (CSI 500 Futures)),ew,0.2694,0.8,0.0,0,0.004708,0.0,0.0,0.0,0.188791
2024-10-11,500ETF,Future (IC88 (CSI 500 Futures)),ew,-1.3516,0.8,-1.0,1,-0.027409,0.027409,0.0008,0.026609,0.2154
2024-10-14,500ETF,Future (IC88 (CSI 500 Futures)),ew,-0.2678,0.8,0.0,0,0.022139,0.0,0.0,0.0,0.2154
2024-10-15,500ETF,Future (IC88 (CSI 500 Futures)),ew,-0.4925,0.8,0.0,0,-0.016767,-0.0,0.0,-0.0,0.2154
2024-10-16,500ETF,Future (IC88 (CSI 500 Futures)),ew,1.1821,0.8,1.0,1,-0.011748,-0.011748,0.0008,-0.012548,0.202852
2024-10-17,500ETF,Future (IC88 (CSI 500 Futures)),ew,0.2324,0.8,0.0,0,-0.018731,-0.0,0.0,-0.0,0.202852
2024-10-18,500ETF,Future (IC88 (CSI 500 Futures)),ew,0.7732,0.8,0.0,0,0.066631,0.0,0.0,0.0,0.202852
2024-10-21,500ETF,Future (IC88 (CSI 500 Futures)),ew,0.8138,0.8,1.0,1,0.011885,0.011885,0.0008,0.011085,0.213936
2024-10-22,500ETF,Future (IC88 (CSI 500 Futures)),ew,-0.0049,0.8,0.0,0,0.007769,0.0,0.0,0.0,0.213936
2024-10-23,500ETF,Future (IC88 (CSI 500 Futures)),ew,0.5757,0.8,0.0,0,0.000554,0.0,0.0,0.0,0.213936
2024-10-24,500ETF,Future (IC88 (CSI 500 Futures)),ew,-0.6499,0.8,0.0,0,0.002174,0.0,0.0,0.0,0.213936
2024-10-25,500ETF,Future (IC88 (CSI 500 Futures)),ew,0.7903,0.8,0.0,0,0.011034,0.0,0.0,0.0,0.213936
2024-10-28,500ETF,Future (IC88 (CSI 500 Futures)),ew,-0.1207,0.8,0.0,0,0.007682,0.0,0.0,0.0,0.213936
2024-10-29,500ETF,Future (IC88 (CSI 500 Futures)),ew,-0.0371,0.8,0.0,0,-0.006437,-0.0,0.0,-0.0,0.213936
2024-10-30,500ETF,Future (IC88 (CSI 500 Futures)),ew,1.4764,0.8,1.0,1,-0.006608,-0.006608,0.0008,-0.007408,0.206528
2024-10-31,500ETF,Future (IC88 (CSI 500 Futures)),ew,-0.4297,0.8,0.0,0,0.012186,0.0,0.0,0.0,0.206528
2024-11-01,500ETF,Future (IC88 (CSI 500 Futures)),ew,0.6059,0.8,0.0,0,-0.004479,-0.0,0.0,-0.0,0.206528
2024-11-04,500ETF,Future (IC88 (CSI 500 Futures)),ew,1.339,0.8,1.0,1,0.00358,0.00358,0.0008,0.00278,0.209308
2024-11-05,500ETF,Future (IC88 (CSI 500 Futures)),ew,0.8414,0.8,1.0,1,0.021481,0.021481,0.0008,0.020681,0.229989
2024-11-06,500ETF,Future (IC88 (CSI 500 Futures)),ew,0.9461,0.8,1.0,1,-0.004638,-0.004638,0.0008,-0.005438,0.224551
2024-11-07,500ETF,Future (IC88 (CSI 500 Futures)),ew,0.6336,0.8,0.0,0,0.015586,0.0,0.0,0.0,0.224551
2024-11-08,500ETF,Future (IC88 (CSI 500 Futures)),ew,0.5041,0.8,0.0,0,-0.014018,-0.0,0.0,-0.0,0.224551
2024-11-11,500ETF,Future (IC88 (CSI 500 Futures)),ew,1.2877,0.8,1.0,1,0.004938,0.004938,0.0008,0.004138,0.228689
2024-11-12,500ETF,Future (IC88 (CSI 500 Futures)),ew,0.4202,0.8,0.0,0,-0.024169,-0.0,0.0,-0.0,0.228689
2024-11-13,500ETF,Future (IC88 (CSI 500 Futures)),ew,0.5726,0.8,0.0,0,0.002719,0.0,0.0,0.0,0.228689
2024-11-14,500ETF,Future (IC88 (CSI 500 Futures)),ew,-0.9476,0.8,0.0,0,-0.016825,-0.0,0.0,-0.0,0.228689
2024-11-15,500ETF,Future (IC88 (CSI 500 Futures)),ew,0.3134,0.8,0.0,0,-0.011243,-0.0,0.0,-0.0,0.228689
2024-11-18,500ETF,Future (IC88 (CSI 500 Futures)),ew,-0.8393,0.8,0.0,0,-0.010518,-0.0,0.0,-0.0,0.228689
2024-11-19,500ETF,Future (IC88 (CSI 500 Futures)),ew,1.4155,0.8,1.0,1,0.005139,0.005139,0.0008,0.004339,0.233028
2024-11-20,500ETF,Future (IC88 (CSI 500 Futures)),ew,0.6516,0.8,0.0,0,0.008544,0.0,0.0,0.0,0.233028
2024-11-21,500ETF,Future (IC88 (CSI 500 Futures)),ew,0.0038,0.8,0.0,0,-0.000337,-0.0,0.0,-0.0,0.233028
2024-11-22,500ETF,Future (IC88 (CSI 500 Futures)),ew,-0.4176,0.8,0.0,0,-0.024522,-0.0,0.0,-0.0,0.233028
2024-11-25,500ETF,Future (IC88 (CSI 500 Futures)),ew,-0.2069,0.8,0.0,0,-0.001832,-0.0,0.0,-0.0,0.233028
2024-11-26,500ETF,Future (IC88 (CSI 500 Futures)),ew,0.9467,0.8,1.0,1,-0.007098,-0.007098,0.0008,-0.007898,0.225129
2024-11-27,500ETF,Future (IC88 (CSI 500 Futures)),ew,-0.9844,0.8,0.0,0,0.031204,0.0,0.0,0.0,0.225129
2024-11-28,500ETF,Future (IC88 (CSI 500 Futures)),ew,0.4285,0.8,0.0,0,-0.004178,-0.0,0.0,-0.0,0.225129
2024-11-29,500ETF,Future (IC88 (CSI 500 Futures)),ew,0.8947,0.8,1.0,1,0.020534,0.020534,0.0008,0.019734,0.244864
2024-12-02,500ETF,Future (IC88 (CSI 500 Futures)),ew,1.5178,0.8,1.0,1,0.000881,0.000881,0.0008,8.1e-05,0.244945
2024-12-03,500ETF,Future (IC88 (CSI 500 Futures)),ew,-1.06,0.8,0.0,0,0.006044,0.0,0.0,0.0,0.244945
2024-12-04,500ETF,Future (IC88 (CSI 500 Futures)),ew,-0.9123,0.8,0.0,0,-0.006631,-0.0,0.0,-0.0,0.244945
2024-12-05,500ETF,Future (IC88 (CSI 500 Futures)),ew,0.3748,0.8,0.0,0,0.005911,0.0,0.0,0.0,0.244945
2024-12-06,500ETF,Future (IC88 (CSI 500 Futures)),ew,-0.2417,0.8,0.0,0,0.021652,0.0,0.0,0.0,0.244945
2024-12-09,500ETF,Future (IC88 (CSI 500 Futures)),ew,0.2313,0.8,0.0,0,-0.002361,-0.0,0.0,-0.0,0.244945
2024-12-10,500ETF,Future (IC88 (CSI 500 Futures)),ew,-1.2947,0.8,0.0,0,-0.012347,-0.0,0.0,-0.0,0.244945
2024-12-11,500ETF,Future (IC88 (CSI 500 Futures)),ew,1.011,0.8,1.0,1,0.004146,0.004146,0.0008,0.003346,0.248291
2024-12-12,500ETF,Future (IC88 (CSI 500 Futures)),ew,-0.4874,0.8,0.0,0,0.010383,0.0,0.0,0.0,0.248291
2024-12-13,500ETF,Future (IC88 (CSI 500 Futures)),ew,-1.2869,0.8,0.0,0,0.000901,0.0,0.0,0.0,0.248291
2024-12-16,500ETF,Future (IC88 (CSI 500 Futures)),ew,-0.7487,0.8,0.0,0,-0.008142,-0.0,0.0,-0.0,0.248291
2024-12-17,500ETF,Future (IC88 (CSI 500 Futures)),ew,-0.4489,0.8,0.0,0,-0.010212,-0.0,0.0,-0.0,0.248291
2024-12-18,500ETF,Future (IC88 (CSI 500 Futures)),ew,0.2393,0.8,0.0,0,0.00017,0.0,0.0,0.0,0.248291
2024-12-19,500ETF,Future (IC88 (CSI 500 Futures)),ew,0.003,0.8,0.0,0,0.008907,0.0,0.0,0.0,0.248291
2024-12-20,500ETF,Future (IC88 (CSI 500 Futures)),ew,0.8656,0.8,1.0,1,-0.000542,-0.000542,0.0008,-0.001342,0.246949
2024-12-23,500ETF,Future (IC88 (CSI 500 Futures)),ew,-0.051,0.8,0.0,0,-0.01241,-0.0,0.0,-0.0,0.246949
2024-12-24,500ETF,Future (IC88 (CSI 500 Futures)),ew,1.2601,0.8,1.0,1,0.000614,0.000614,0.0008,-0.000186,0.246763
2024-12-25,500ETF,Future (IC88 (CSI 500 Futures)),ew,-1.302,0.8,-1.0,1,-0.005433,0.005433,0.0008,0.004633,0.251396
2024-12-26,500ETF,Future (IC88 (CSI 500 Futures)),ew,1.2181,0.8,1.0,1,0.002691,0.002691,0.0008,0.001891,0.253287
2024-12-27,500ETF,Future (IC88 (CSI 500 Futures)),ew,0.9917,0.8,1.0,1,-0.004406,-0.004406,0.0008,-0.005206,0.248081
2024-12-30,500ETF,Future (IC88 (CSI 500 Futures)),ew,0.504,0.8,0.0,0,-0.00159,-0.0,0.0,-0.0,0.248081
2024-12-31,500ETF,Future (IC88 (CSI 500 Futures)),ew,-1.2343,0.8,0.0,0,-0.017334,-0.0,0.0,-0.0,0.248081
2025-01-02,500ETF,Future (IC88 (CSI 500 Futures)),ew,-1.2425,0.8,0.0,0,-0.031268,-0.0,0.0,-0.0,0.248081
2025-01-03,500ETF,Future (IC88 (CSI 500 Futures)),ew,-0.7891,0.8,0.0,0,-0.017592,-0.0,0.0,-0.0,0.248081
2025-01-06,500ETF,Future (IC88 (CSI 500 Futures)),ew,0.459,0.8,0.0,0,-0.006957,-0.0,0.0,-0.0,0.248081
2025-01-07,500ETF,Future (IC88 (CSI 500 Futures)),ew,0.8731,0.8,1.0,1,0.004547,0.004547,0.0008,0.003747,0.251828
2025-01-08,500ETF,Future (IC88 (CSI 500 Futures)),ew,-1.056,0.8,0.0,0,0.002983,0.0,0.0,0.0,0.251828
2025-01-09,500ETF,Future (IC88 (CSI 500 Futures)),ew,0.9922,0.8,1.0,1,0.001026,0.001026,0.0008,0.000226,0.252054
2025-01-10,500ETF,Future (IC88 (CSI 500 Futures)),ew,0.8654,0.8,1.0,1,-0.010037,-0.010037,0.0008,-0.010837,0.241217
2025-01-13,500ETF,Future (IC88 (CSI 500 Futures)),ew,0.9525,0.8,1.0,1,-0.001414,-0.001414,0.0008,-0.002214,0.239003
2025-01-14,500ETF,Future (IC88 (CSI 500 Futures)),ew,0.7534,0.8,0.0,0,0.016984,0.0,0.0,0.0,0.239003
2025-01-15,500ETF,Future (IC88 (CSI 500 Futures)),ew,-0.8516,0.8,0.0,0,-0.001629,-0.0,0.0,-0.0,0.239003
2025-01-16,500ETF,Future (IC88 (CSI 500 Futures)),ew,1.72,0.8,1.0,1,-0.010368,-0.010368,0.0008,-0.011168,0.227835
2025-01-17,500ETF,Future (IC88 (CSI 500 Futures)),ew,0.2194,0.8,0.0,0,0.012979,0.0,0.0,0.0,0.227835
2025-01-20,500ETF,Future (IC88 (CSI 500 Futures)),ew,0.6279,0.8,0.0,0,-0.008049,-0.0,0.0,-0.0,0.227835
2025-01-21,500ETF,Future (IC88 (CSI 500 Futures)),ew,-1.1806,0.8,0.0,0,0.007873,0.0,0.0,0.0,0.227835
2025-01-22,500ETF,Future (IC88 (CSI 500 Futures)),ew,-0.8042,0.8,0.0,0,0.004636,0.0,0.0,0.0,0.227835
2025-01-23,500ETF,Future (IC88 (CSI 500 Futures)),ew,0.2571,0.8,0.0,0,-0.016535,-0.0,0.0,-0.0,0.227835
2025-01-24,500ETF,Future (IC88 (CSI 500 Futures)),ew,1.0215,0.8,1.0,1,0.00682,0.00682,0.0008,0.00602,0.233855
2025-01-27,500ETF,Future (IC88 (CSI 500 Futures)),ew,-0.132,0.8,0.0,0,-0.006344,-0.0,0.0,-0.0,0.233855
2025-02-05,500ETF,Future (IC88 (CSI 500 Futures)),ew,-1.2656,0.8,0.0,0,3.6e-05,0.0,0.0,0.0,0.233855
2025-02-06,500ETF,Future (IC88 (CSI 500 Futures)),ew,0.8415,0.8,1.0,1,0.018806,0.018806,0.0008,0.018006,0.251861
2025-02-07,500ETF,Future (IC88 (CSI 500 Futures)),ew,0.6102,0.8,0.0,0,0.000173,0.0,0.0,0.0,0.251861
2025-02-10,500ETF,Future (IC88 (CSI 500 Futures)),ew,0.4707,0.8,0.0,0,0.001884,0.0,0.0,0.0,0.251861
2025-02-11,500ETF,Future (IC88 (CSI 500 Futures)),ew,-1.3265,0.8,-1.0,1,0.004616,-0.004616,0.0008,-0.005416,0.246444
2025-02-12,500ETF,Future (IC88 (CSI 500 Futures)),ew,0.8267,0.8,1.0,1,0.002152,0.002152,0.0008,0.001352,0.247796
2025-02-13,500ETF,Future (IC88 (CSI 500 Futures)),ew,-0.3619,0.8,0.0,0,-0.003198,-0.0,0.0,-0.0,0.247796
2025-02-14,500ETF,Future (IC88 (CSI 500 Futures)),ew,0.78,0.8,0.0,0,0.004681,0.0,0.0,0.0,0.247796
2025-02-17,500ETF,Future (IC88 (CSI 500 Futures)),ew,-0.8868,0.8,0.0,0,-0.00105,-0.0,0.0,-0.0,0.247796
2025-02-18,500ETF,Future (IC88 (CSI 500 Futures)),ew,-0.5079,0.8,0.0,0,-0.018379,-0.0,0.0,-0.0,0.247796
2025-02-19,500ETF,Future (IC88 (CSI 500 Futures)),ew,0.3749,0.8,0.0,0,0.011025,0.0,0.0,0.0,0.247796
2025-02-20,500ETF,Future (IC88 (CSI 500 Futures)),ew,0.166,0.8,0.0,0,0.005533,0.0,0.0,0.0,0.247796
2025-02-21,500ETF,Future (IC88 (CSI 500 Futures)),ew,0.3786,0.8,0.0,0,0.0212,0.0,0.0,0.0,0.247796
2025-02-24,500ETF,Future (IC88 (CSI 500 Futures)),ew,-0.7196,0.8,0.0,0,-0.002366,-0.0,0.0,-0.0,0.247796
2025-02-25,500ETF,Future (IC88 (CSI 500 Futures)),ew,-0.4885,0.8,0.0,0,0.001245,0.0,0.0,0.0,0.247796
2025-02-26,500ETF,Future (IC88 (CSI 500 Futures)),ew,0.686,0.8,0.0,0,0.005016,0.0,0.0,0.0,0.247796
2025-02-27,500ETF,Future (IC88 (CSI 500 Futures)),ew,-0.097,0.8,0.0,0,-0.002313,-0.0,0.0,-0.0,0.247796
2025-02-28,500ETF,Future (IC88 (CSI 500 Futures)),ew,-1.036,0.8,0.0,0,-0.01479,-0.0,0.0,-0.0,0.247796
2025-03-03,500ETF,Future (IC88 (CSI 500 Futures)),ew,0.2364,0.8,0.0,0,-0.007845,-0.0,0.0,-0.0,0.247796
2025-03-04,500ETF,Future (IC88 (CSI 500 Futures)),ew,0.5458,0.8,0.0,0,0.006423,0.0,0.0,0.0,0.247796
2025-03-05,500ETF,Future (IC88 (CSI 500 Futures)),ew,-0.1418,0.8,0.0,0,0.007242,0.0,0.0,0.0,0.247796
2025-03-06,500ETF,Future (IC88 (CSI 500 Futures)),ew,0.8577,0.8,1.0,1,0.006879,0.006879,0.0008,0.006079,0.253875
2025-03-07,500ETF,Future (IC88 (CSI 500 Futures)),ew,-0.3545,0.8,0.0,0,-0.002677,-0.0,0.0,-0.0,0.253875
2025-03-10,500ETF,Future (IC88 (CSI 500 Futures)),ew,-0.4164,0.8,0.0,0,0.002045,0.0,0.0,0.0,0.253875
2025-03-11,500ETF,Future (IC88 (CSI 500 Futures)),ew,0.4972,0.8,0.0,0,0.004805,0.0,0.0,0.0,0.253875
2025-03-12,500ETF,Future (IC88 (CSI 500 Futures)),ew,-0.3951,0.8,0.0,0,-0.000464,-0.0,0.0,-0.0,0.253875
2025-03-13,500ETF,Future (IC88 (CSI 500 Futures)),ew,-0.6769,0.8,0.0,0,0.003221,0.0,0.0,0.0,0.253875
2025-03-14,500ETF,Future (IC88 (CSI 500 Futures)),ew,0.852,0.8,1.0,1,0.011333,0.011333,0.0008,0.010533,0.264408
2025-03-17,500ETF,Future (IC88 (CSI 500 Futures)),ew,-0.453,0.8,0.0,0,0.001675,0.0,0.0,0.0,0.264408
2025-03-18,500ETF,Future (IC88 (CSI 500 Futures)),ew,0.3449,0.8,0.0,0,-0.005151,-0.0,0.0,-0.0,0.264408
2025-03-19,500ETF,Future (IC88 (CSI 500 Futures)),ew,-0.7791,0.8,0.0,0,0.001977,0.0,0.0,0.0,0.264408
2025-03-20,500ETF,Future (IC88 (CSI 500 Futures)),ew,-0.8835,0.8,0.0,0,0.001386,0.0,0.0,0.0,0.264408
2025-03-21,500ETF,Future (IC88 (CSI 500 Futures)),ew,0.1446,0.8,0.0,0,-0.01317,-0.0,0.0,-0.0,0.264408
2025-03-24,500ETF,Future (IC88 (CSI 500 Futures)),ew,-0.0322,0.8,0.0,0,-0.003491,-0.0,0.0,-0.0,0.264408
2025-03-25,500ETF,Future (IC88 (CSI 500 Futures)),ew,0.4021,0.8,0.0,0,-0.005218,-0.0,0.0,-0.0,0.264408
2025-03-26,500ETF,Future (IC88 (CSI 500 Futures)),ew,0.9791,0.8,1.0,1,-0.005137,-0.005137,0.0008,-0.005937,0.258471
2025-03-27,500ETF,Future (IC88 (CSI 500 Futures)),ew,-0.7785,0.8,0.0,0,0.00474,0.0,0.0,0.0,0.258471
2025-03-28,500ETF,Future (IC88 (CSI 500 Futures)),ew,0.0669,0.8,0.0,0,-0.003326,-0.0,0.0,-0.0,0.258471
2025-03-31,500ETF,Future (IC88 (CSI 500 Futures)),ew,-0.328,0.8,0.0,0,-0.008496,-0.0,0.0,-0.0,0.258471
2025-04-01,500ETF,Future (IC88 (CSI 500 Futures)),ew,0.9027,0.8,1.0,1,-0.000991,-0.000991,0.0008,-0.001791,0.25668
2025-04-02,500ETF,Future (IC88 (CSI 500 Futures)),ew,0.7435,0.8,0.0,0,-0.004357,-0.0,0.0,-0.0,0.25668
2025-04-03,500ETF,Future (IC88 (CSI 500 Futures)),ew,0.621,0.8,0.0,0,-0.004905,-0.0,0.0,-0.0,0.25668
2025-04-07,500ETF,Future (IC88 (CSI 500 Futures)),ew,-1.2138,0.8,0.0,0,-0.029395,-0.0,0.0,-0.0,0.25668
2025-04-08,500ETF,Future (IC88 (CSI 500 Futures)),ew,1.4881,0.8,1.0,1,-0.017651,-0.017651,0.0008,-0.018451,0.238229
2025-04-09,500ETF,Future (IC88 (CSI 500 Futures)),ew,-1.2203,0.8,0.0,0,0.032864,0.0,0.0,0.0,0.238229
2025-04-10,500ETF,Future (IC88 (CSI 500 Futures)),ew,0.6632,0.8,0.0,0,-0.011909,-0.0,0.0,-0.0,0.238229
2025-04-11,500ETF,Future (IC88 (CSI 500 Futures)),ew,0.9123,0.8,1.0,1,0.00673,0.00673,0.0008,0.00593,0.24416
2025-04-14,500ETF,Future (IC88 (CSI 500 Futures)),ew,0.304,0.8,0.0,0,-0.001571,-0.0,0.0,-0.0,0.24416
2025-04-15,500ETF,Future (IC88 (CSI 500 Futures)),ew,-1.3503,0.8,-1.0,1,0.002914,-0.002914,0.0008,-0.003714,0.240446
2025-04-16,500ETF,Future (IC88 (CSI 500 Futures)),ew,-0.863,0.8,0.0,0,-0.0069,-0.0,0.0,-0.0,0.240446
2025-04-17,500ETF,Future (IC88 (CSI 500 Futures)),ew,1.3812,0.8,1.0,1,-0.004695,-0.004695,0.0008,-0.005495,0.234951
2025-04-18,500ETF,Future (IC88 (CSI 500 Futures)),ew,-0.3527,0.8,0.0,0,0.009378,0.0,0.0,0.0,0.234951
2025-04-21,500ETF,Future (IC88 (CSI 500 Futures)),ew,1.2022,0.8,1.0,1,0.009122,0.009122,0.0008,0.008322,0.243273
2025-04-22,500ETF,Future (IC88 (CSI 500 Futures)),ew,-0.6032,0.8,0.0,0,0.000825,0.0,0.0,0.0,0.243273
2025-04-23,500ETF,Future (IC88 (CSI 500 Futures)),ew,0.4195,0.8,0.0,0,-0.001289,-0.0,0.0,-0.0,0.243273
2025-04-24,500ETF,Future (IC88 (CSI 500 Futures)),ew,-0.2757,0.8,0.0,0,-0.004267,-0.0,0.0,-0.0,0.243273
2025-04-25,500ETF,Future (IC88 (CSI 500 Futures)),ew,0.0878,0.8,0.0,0,0.00301,0.0,0.0,0.0,0.243273
2025-04-28,500ETF,Future (IC88 (CSI 500 Futures)),ew,-0.9371,0.8,0.0,0,0.003389,0.0,0.0,0.0,0.243273
2025-04-29,500ETF,Future (IC88 (CSI 500 Futures)),ew,-0.0449,0.8,0.0,0,0.001149,0.0,0.0,0.0,0.243273
2025-04-30,500ETF,Future (IC88 (CSI 500 Futures)),ew,1.0713,0.8,1.0,1,0.001179,0.001179,0.0008,0.000379,0.243652
2025-05-06,500ETF,Future (IC88 (CSI 500 Futures)),ew,0.7575,0.8,0.0,0,0.006071,0.0,0.0,0.0,0.243652
2025-05-07,500ETF,Future (IC88 (CSI 500 Futures)),ew,-0.6916,0.8,0.0,0,-0.008414,-0.0,0.0,-0.0,0.243652
2025-05-08,500ETF,Future (IC88 (CSI 500 Futures)),ew,0.7879,0.8,0.0,0,0.000106,0.0,0.0,0.0,0.243652
2025-05-09,500ETF,Future (IC88 (CSI 500 Futures)),ew,-1.0088,0.8,0.0,0,-0.005622,-0.0,0.0,-0.0,0.243652
2025-05-12,500ETF,Future (IC88 (CSI 500 Futures)),ew,0.0226,0.8,0.0,0,0.002472,0.0,0.0,0.0,0.243652
2025-05-13,500ETF,Future (IC88 (CSI 500 Futures)),ew,-1.0442,0.8,0.0,0,-0.004865,-0.0,0.0,-0.0,0.243652
2025-05-14,500ETF,Future (IC88 (CSI 500 Futures)),ew,-0.5582,0.8,0.0,0,0.004229,0.0,0.0,0.0,0.243652
2025-05-15,500ETF,Future (IC88 (CSI 500 Futures)),ew,-1.3224,0.8,-1.0,1,-0.002135,0.002135,0.0008,0.001335,0.244987
2025-05-16,500ETF,Future (IC88 (CSI 500 Futures)),ew,0.6609,0.8,0.0,0,-0.004268,-0.0,0.0,-0.0,0.244987
2025-05-19,500ETF,Future (IC88 (CSI 500 Futures)),ew,-1.061,0.8,0.0,0,0.009909,0.0,0.0,0.0,0.244987
2025-05-20,500ETF,Future (IC88 (CSI 500 Futures)),ew,-0.6975,0.8,0.0,0,0.007995,0.0,0.0,0.0,0.244987
2025-05-21,500ETF,Future (IC88 (CSI 500 Futures)),ew,0.1169,0.8,0.0,0,0.003152,0.0,0.0,0.0,0.244987
2025-05-22,500ETF,Future (IC88 (CSI 500 Futures)),ew,-0.2751,0.8,0.0,0,-0.005395,-0.0,0.0,-0.0,0.244987
2025-05-23,500ETF,Future (IC88 (CSI 500 Futures)),ew,0.5884,0.8,0.0,0,-0.010648,-0.0,0.0,-0.0,0.244987
2025-05-26,500ETF,Future (IC88 (CSI 500 Futures)),ew,0.6394,0.8,0.0,0,0.001073,0.0,0.0,0.0,0.244987
2025-05-27,500ETF,Future (IC88 (CSI 500 Futures)),ew,-0.8748,0.8,0.0,0,0.001507,0.0,0.0,0.0,0.244987
2025-05-28,500ETF,Future (IC88 (CSI 500 Futures)),ew,-0.0489,0.8,0.0,0,-0.001436,-0.0,0.0,-0.0,0.244987
2025-05-29,500ETF,Future (IC88 (CSI 500 Futures)),ew,1.1054,0.8,1.0,1,0.004601,0.004601,0.0008,0.003801,0.248788
2025-05-30,500ETF,Future (IC88 (CSI 500 Futures)),ew,-1.2393,0.8,0.0,0,0.002102,0.0,0.0,0.0,0.248788
2025-06-03,500ETF,Future (IC88 (CSI 500 Futures)),ew,1.1574,0.8,1.0,1,-0.003393,-0.003393,0.0008,-0.004193,0.244595
2025-06-04,500ETF,Future (IC88 (CSI 500 Futures)),ew,1.0175,0.8,1.0,1,0.001865,0.001865,0.0008,0.001065,0.24566
2025-06-05,500ETF,Future (IC88 (CSI 500 Futures)),ew,-0.6432,0.8,0.0,0,0.007571,0.0,0.0,0.0,0.24566
2025-06-06,500ETF,Future (IC88 (CSI 500 Futures)),ew,-0.7463,0.8,0.0,0,0.000665,0.0,0.0,0.0,0.24566
2025-06-09,500ETF,Future (IC88 (CSI 500 Futures)),ew,0.3379,0.8,0.0,0,-0.001283,-0.0,0.0,-0.0,0.24566
2025-06-10,500ETF,Future (IC88 (CSI 500 Futures)),ew,-0.7779,0.8,0.0,0,-0.006273,-0.0,0.0,-0.0,0.24566
2025-06-11,500ETF,Future (IC88 (CSI 500 Futures)),ew,1.362,0.8,1.0,1,-0.003183,-0.003183,0.0008,-0.003983,0.241677
2025-06-12,500ETF,Future (IC88 (CSI 500 Futures)),ew,-0.0946,0.8,0.0,0,0.003293,0.0,0.0,0.0,0.241677
2025-06-13,500ETF,Future (IC88 (CSI 500 Futures)),ew,-0.3802,0.8,0.0,0,-0.001012,-0.0,0.0,-0.0,0.241677
2025-06-16,500ETF,Future (IC88 (CSI 500 Futures)),ew,1.172,0.8,1.0,1,-0.000902,-0.000902,0.0008,-0.001702,0.239975
2025-06-17,500ETF,Future (IC88 (CSI 500 Futures)),ew,-0.4153,0.8,0.0,0,-0.003967,-0.0,0.0,-0.0,0.239975
2025-06-18,500ETF,Future (IC88 (CSI 500 Futures)),ew,-0.1128,0.8,0.0,0,0.00192,0.0,0.0,0.0,0.239975
2025-06-19,500ETF,Future (IC88 (CSI 500 Futures)),ew,0.0205,0.8,0.0,0,-0.010791,-0.0,0.0,-0.0,0.239975
2025-06-20,500ETF,Future (IC88 (CSI 500 Futures)),ew,0.0742,0.8,0.0,0,-0.003073,-0.0,0.0,-0.0,0.239975
2025-06-23,500ETF,Future (IC88 (CSI 500 Futures)),ew,0.9257,0.8,1.0,1,0.004982,0.004982,0.0008,0.004182,0.244157
2025-06-24,500ETF,Future (IC88 (CSI 500 Futures)),ew,1.4493,0.8,1.0,1,0.004518,0.004518,0.0008,0.003718,0.247875
2025-06-25,500ETF,Future (IC88 (CSI 500 Futures)),ew,1.0734,0.8,1.0,1,0.010173,0.010173,0.0008,0.009373,0.257248
2025-06-26,500ETF,Future (IC88 (CSI 500 Futures)),ew,-0.2742,0.8,0.0,0,-0.003881,-0.0,0.0,-0.0,0.257248
2025-06-27,500ETF,Future (IC88 (CSI 500 Futures)),ew,0.7814,0.8,0.0,0,-0.002502,-0.0,0.0,-0.0,0.257248
2025-06-30,500ETF,Future (IC88 (CSI 500 Futures)),ew,0.6523,0.8,0.0,0,0.001432,0.0,0.0,0.0,0.257248
2025-07-01,500ETF,Future (IC88 (CSI 500 Futures)),ew,-0.6295,0.8,0.0,0,0.003482,0.0,0.0,0.0,0.257248
2025-07-02,500ETF,Future (IC88 (CSI 500 Futures)),ew,-0.8789,0.8,0.0,0,0.000376,0.0,0.0,0.0,0.257248
2025-07-03,500ETF,Future (IC88 (CSI 500 Futures)),ew,0.6082,0.8,0.0,0,0.001568,0.0,0.0,0.0,0.257248
2025-07-04,500ETF,Future (IC88 (CSI 500 Futures)),ew,-0.779,0.8,0.0,0,0.002868,0.0,0.0,0.0,0.257248
2025-07-07,500ETF,Future (IC88 (CSI 500 Futures)),ew,-0.3504,0.8,0.0,0,0.001981,0.0,0.0,0.0,0.257248
2025-07-08,500ETF,Future (IC88 (CSI 500 Futures)),ew,1.3443,0.8,1.0,1,0.006566,0.006566,0.0008,0.005766,0.263014
2025-07-09,500ETF,Future (IC88 (CSI 500 Futures)),ew,-0.149,0.8,0.0,0,-0.002388,-0.0,0.0,-0.0,0.263014
2025-07-10,500ETF,Future (IC88 (CSI 500 Futures)),ew,0.2376,0.8,0.0,0,0.00316,0.0,0.0,0.0,0.263014
2025-07-11,500ETF,Future (IC88 (CSI 500 Futures)),ew,-0.39,0.8,0.0,0,0.009853,0.0,0.0,0.0,0.263014
2025-07-14,500ETF,Future (IC88 (CSI 500 Futures)),ew,-0.1642,0.8,0.0,0,-0.000997,-0.0,0.0,-0.0,0.263014
2025-07-15,500ETF,Future (IC88 (CSI 500 Futures)),ew,0.9114,0.8,1.0,1,-0.00299,-0.00299,0.0008,-0.00379,0.259224
2025-07-16,500ETF,Future (IC88 (CSI 500 Futures)),ew,0.5969,0.8,0.0,0,-0.007983,-0.0,0.0,-0.0,0.259224
2025-07-17,500ETF,Future (IC88 (CSI 500 Futures)),ew,1.0504,0.8,1.0,1,0.006333,0.006333,0.0008,0.005533,0.264756
2025-07-18,500ETF,Future (IC88 (CSI 500 Futures)),ew,0.3748,0.8,0.0,0,-0.001754,-0.0,0.0,-0.0,0.264756
2025-07-21,500ETF,Future (IC88 (CSI 500 Futures)),ew,0.893,0.8,1.0,1,0.001276,0.001276,0.0008,0.000476,0.265233
2025-07-22,500ETF,Future (IC88 (CSI 500 Futures)),ew,0.4865,0.8,0.0,0,0.007447,0.0,0.0,0.0,0.265233
2025-07-23,500ETF,Future (IC88 (CSI 500 Futures)),ew,0.0457,0.8,0.0,0,-0.004594,-0.0,0.0,-0.0,0.265233
2025-07-24,500ETF,Future (IC88 (CSI 500 Futures)),ew,1.1729,0.8,1.0,1,0.009905,0.009905,0.0008,0.009105,0.274338
2025-07-25,500ETF,Future (IC88 (CSI 500 Futures)),ew,-0.2143,0.8,0.0,0,9.6e-05,0.0,0.0,0.0,0.274338
2025-07-28,500ETF,Future (IC88 (CSI 500 Futures)),ew,-0.6679,0.8,0.0,0,-0.000319,-0.0,0.0,-0.0,0.274338
2025-07-29,500ETF,Future (IC88 (CSI 500 Futures)),ew,-0.9617,0.8,0.0,0,0.011116,0.0,0.0,0.0,0.274338
2025-07-30,500ETF,Future (IC88 (CSI 500 Futures)),ew,-0.0952,0.8,0.0,0,-0.00251,-0.0,0.0,-0.0,0.274338
2025-07-31,500ETF,Future (IC88 (CSI 500 Futures)),ew,0.1543,0.8,0.0,0,-0.013936,-0.0,0.0,-0.0,0.274338
2025-08-01,500ETF,Future (IC88 (CSI 500 Futures)),ew,0.7412,0.8,0.0,0,-0.005547,-0.0,0.0,-0.0,0.274338
2025-08-04,500ETF,Future (IC88 (CSI 500 Futures)),ew,0.2756,0.8,0.0,0,0.007431,0.0,0.0,0.0,0.274338
2025-08-05,500ETF,Future (IC88 (CSI 500 Futures)),ew,0.4582,0.8,0.0,0,0.002684,0.0,0.0,0.0,0.274338
2025-08-06,500ETF,Future (IC88 (CSI 500 Futures)),ew,0.1638,0.8,0.0,0,0.008169,0.0,0.0,0.0,0.274338
2025-08-07,500ETF,Future (IC88 (CSI 500 Futures)),ew,-0.2605,0.8,0.0,0,-0.004163,-0.0,0.0,-0.0,0.274338
2025-08-08,500ETF,Future (IC88 (CSI 500 Futures)),ew,-0.783,0.8,0.0,0,0.004762,0.0,0.0,0.0,0.274338
2025-08-11,500ETF,Future (IC88 (CSI 500 Futures)),ew,0.933,0.8,1.0,1,0.003681,0.003681,0.0008,0.002881,0.277219
2025-08-12,500ETF,Future (IC88 (CSI 500 Futures)),ew,-0.5747,0.8,0.0,0,0.004902,0.0,0.0,0.0,0.277219
2025-08-13,500ETF,Future (IC88 (CSI 500 Futures)),ew,0.9806,0.8,1.0,1,0.007181,0.007181,0.0008,0.006381,0.2836
2025-08-14,500ETF,Future (IC88 (CSI 500 Futures)),ew,-0.6245,0.8,0.0,0,-0.005483,-0.0,0.0,-0.0,0.2836
2025-08-15,500ETF,Future (IC88 (CSI 500 Futures)),ew,1.5199,0.8,1.0,1,0.009595,0.009595,0.0008,0.008795,0.292395
2025-08-18,500ETF,Future (IC88 (CSI 500 Futures)),ew,0.1115,0.8,0.0,0,0.003156,0.0,0.0,0.0,0.292395
2025-08-19,500ETF,Future (IC88 (CSI 500 Futures)),ew,0.8223,0.8,1.0,1,-0.002872,-0.002872,0.0008,-0.003672,0.288723
2025-08-20,500ETF,Future (IC88 (CSI 500 Futures)),ew,-0.131,0.8,0.0,0,0.009416,0.0,0.0,0.0,0.288723
2025-08-21,500ETF,Future (IC88 (CSI 500 Futures)),ew,0.2566,0.8,0.0,0,-0.003858,-0.0,0.0,-0.0,0.288723
2025-08-22,500ETF,Future (IC88 (CSI 500 Futures)),ew,1.1762,0.8,1.0,1,0.012138,0.012138,0.0008,0.011338,0.30006
2025-08-25,500ETF,Future (IC88 (CSI 500 Futures)),ew,1.1049,0.8,1.0,1,0.003331,0.003331,0.0008,0.002531,0.302591
2025-08-26,500ETF,Future (IC88 (CSI 500 Futures)),ew,0.604,0.8,0.0,0,0.002448,0.0,0.0,0.0,0.302591
2025-08-27,500ETF,Future (IC88 (CSI 500 Futures)),ew,0.9189,0.8,1.0,1,-0.002594,-0.002594,0.0008,-0.003394,0.299197
2025-08-28,500ETF,Future (IC88 (CSI 500 Futures)),ew,1.3885,0.8,1.0,1,0.010001,0.010001,0.0008,0.009201,0.308398
2025-08-29,500ETF,Future (IC88 (CSI 500 Futures)),ew,-0.6237,0.8,0.0,0,0.001551,0.0,0.0,0.0,0.308398
2025-09-01,500ETF,Future (IC88 (CSI 500 Futures)),ew,0.1386,0.8,0.0,0,0.005194,0.0,0.0,0.0,0.308398
2025-09-02,500ETF,Future (IC88 (CSI 500 Futures)),ew,-1.1733,0.8,0.0,0,-0.014033,-0.0,0.0,-0.0,0.308398
2025-09-03,500ETF,Future (IC88 (CSI 500 Futures)),ew,-0.5845,0.8,0.0,0,-0.007695,-0.0,0.0,-0.0,0.308398
2025-09-04,500ETF,Future (IC88 (CSI 500 Futures)),ew,0.0372,0.8,0.0,0,-0.035329,-0.0,0.0,-0.0,0.308398
2025-09-05,500ETF,Future (IC88 (CSI 500 Futures)),ew,0.1607,0.8,0.0,0,0.021988,0.0,0.0,0.0,0.308398
2025-09-08,500ETF,Future (IC88 (CSI 500 Futures)),ew,1.0611,0.8,1.0,1,0.002248,0.002248,0.0008,0.001448,0.309846
2025-09-09,500ETF,Future (IC88 (CSI 500 Futures)),ew,-0.0082,0.8,0.0,0,-0.011225,-0.0,0.0,-0.0,0.309846
2025-09-10,500ETF,Future (IC88 (CSI 500 Futures)),ew,1.2256,0.8,1.0,1,-0.004753,-0.004753,0.0008,-0.005553,0.304293
2025-09-11,500ETF,Future (IC88 (CSI 500 Futures)),ew,-0.3655,0.8,0.0,0,0.03007,0.0,0.0,0.0,0.304293
2025-09-12,500ETF,Future (IC88 (CSI 500 Futures)),ew,0.9346,0.8,1.0,1,0.004755,0.004755,0.0008,0.003955,0.308248
2025-09-15,500ETF,Future (IC88 (CSI 500 Futures)),ew,-0.6427,0.8,0.0,0,8.4e-05,0.0,0.0,0.0,0.308248
2025-09-16,500ETF,Future (IC88 (CSI 500 Futures)),ew,0.8561,0.8,1.0,1,0.00084,0.00084,0.0008,4e-05,0.308288
2025-09-17,500ETF,Future (IC88 (CSI 500 Futures)),ew,0.0498,0.8,0.0,0,0.007349,0.0,0.0,0.0,0.308288
2025-09-18,500ETF,Future (IC88 (CSI 500 Futures)),ew,0.4852,0.8,0.0,0,-0.015536,-0.0,0.0,-0.0,0.308288
2025-09-19,500ETF,Future (IC88 (CSI 500 Futures)),ew,0.4157,0.8,0.0,0,0.002276,0.0,0.0,0.0,0.308288
2025-09-22,500ETF,Future (IC88 (CSI 500 Futures)),ew,-0.8162,0.8,0.0,0,0.010759,0.0,0.0,0.0,0.308288
2025-09-23,500ETF,Future (IC88 (CSI 500 Futures)),ew,-0.7113,0.8,0.0,0,-0.005847,-0.0,0.0,-0.0,0.308288
2025-09-24,500ETF,Future (IC88 (CSI 500 Futures)),ew,1.0856,0.8,1.0,1,0.017342,0.017342,0.0008,0.016542,0.32483
2025-09-25,500ETF,Future (IC88 (CSI 500 Futures)),ew,0.901,0.8,1.0,1,0.006302,0.006302,0.0008,0.005502,0.330333
2025-09-26,500ETF,Future (IC88 (CSI 500 Futures)),ew,0.3627,0.8,0.0,0,-0.008008,-0.0,0.0,-0.0,0.330333
2025-09-29,500ETF,Future (IC88 (CSI 500 Futures)),ew,-0.0804,0.8,0.0,0,0.015148,0.0,0.0,0.0,0.330333
2025-09-30,500ETF,Future (IC88 (CSI 500 Futures)),ew,1.1497,0.8,1.0,1,0.001812,0.001812,0.0008,0.001012,0.331344
2025-10-09,500ETF,Future (IC88 (CSI 500 Futures)),ew,0.3738,0.8,0.0,0,0.01186,0.0,0.0,0.0,0.331344
2025-10-10,500ETF,Future (IC88 (CSI 500 Futures)),ew,-1.1311,0.8,0.0,0,-0.006313,-0.0,0.0,-0.0,0.331344
2025-10-13,500ETF,Future (IC88 (CSI 500 Futures)),ew,0.1904,0.8,0.0,0,0.013606,0.0,0.0,0.0,0.331344
2025-10-14,500ETF,Future (IC88 (CSI 500 Futures)),ew,0.4368,0.8,0.0,0,-0.03249,-0.0,0.0,-0.0,0.331344
2025-10-15,500ETF,Future (IC88 (CSI 500 Futures)),ew,-0.5387,0.8,0.0,0,0.008733,0.0,0.0,0.0,0.331344
2025-10-16,500ETF,Future (IC88 (CSI 500 Futures)),ew,-0.4756,0.8,0.0,0,-0.005614,-0.0,0.0,-0.0,0.331344
2025-10-17,500ETF,Future (IC88 (CSI 500 Futures)),ew,-0.2098,0.8,0.0,0,-0.012817,-0.0,0.0,-0.0,0.331344
2025-10-20,500ETF,Future (IC88 (CSI 500 Futures)),ew,-0.1333,0.8,0.0,0,-0.012633,-0.0,0.0,-0.0,0.331344
2025-10-21,500ETF,Future (IC88 (CSI 500 Futures)),ew,0.4973,0.8,0.0,0,0.008321,0.0,0.0,0.0,0.331344
2025-10-22,500ETF,Future (IC88 (CSI 500 Futures)),ew,-0.459,0.8,0.0,0,0.000821,0.0,0.0,0.0,0.331344
2025-10-23,500ETF,Future (IC88 (CSI 500 Futures)),ew,-1.2707,0.8,0.0,0,0.012548,0.0,0.0,0.0,0.331344
2025-10-24,500ETF,Future (IC88 (CSI 500 Futures)),ew,1.2138,0.8,1.0,1,0.004608,0.004608,0.0008,0.003808,0.335152
2025-10-27,500ETF,Future (IC88 (CSI 500 Futures)),ew,1.0434,0.8,1.0,1,0.001668,0.001668,0.0008,0.000868,0.336021
2025-10-28,500ETF,Future (IC88 (CSI 500 Futures)),ew,-0.0344,0.8,0.0,0,-0.004243,-0.0,0.0,-0.0,0.336021
2025-10-29,500ETF,Future (IC88 (CSI 500 Futures)),ew,1.2273,0.8,1.0,1,0.011983,0.011983,0.0008,0.011183,0.347204
2025-10-30,500ETF,Future (IC88 (CSI 500 Futures)),ew,-1.1968,0.8,0.0,0,-0.00231,-0.0,0.0,-0.0,0.347204
2025-10-31,500ETF,Future (IC88 (CSI 500 Futures)),ew,-0.3868,0.8,0.0,0,-0.004474,-0.0,0.0,-0.0,0.347204
2025-11-03,500ETF,Future (IC88 (CSI 500 Futures)),ew,-1.424,0.8,-1.0,1,0.009506,-0.009506,0.0008,-0.010306,0.336898
2025-11-04,500ETF,Future (IC88 (CSI 500 Futures)),ew,-0.8422,0.8,0.0,0,-0.012361,-0.0,0.0,-0.0,0.336898
2025-11-05,500ETF,Future (IC88 (CSI 500 Futures)),ew,0.128,0.8,0.0,0,0.013459,0.0,0.0,0.0,0.336898
2025-11-06,500ETF,Future (IC88 (CSI 500 Futures)),ew,1.1894,0.8,1.0,1,0.011383,0.011383,0.0008,0.010583,0.34748
2025-11-07,500ETF,Future (IC88 (CSI 500 Futures)),ew,-0.5912,0.8,0.0,0,0.003489,0.0,0.0,0.0,0.34748
2025-11-10,500ETF,Future (IC88 (CSI 500 Futures)),ew,0.4759,0.8,0.0,0,0.00285,0.0,0.0,0.0,0.34748
2025-11-11,500ETF,Future (IC88 (CSI 500 Futures)),ew,0.0383,0.8,0.0,0,-0.008536,-0.0,0.0,-0.0,0.34748
2025-11-12,500ETF,Future (IC88 (CSI 500 Futures)),ew,-0.8807,0.8,0.0,0,-0.00123,-0.0,0.0,-0.0,0.34748
2025-11-13,500ETF,Future (IC88 (CSI 500 Futures)),ew,1.2303,0.8,1.0,1,0.007052,0.007052,0.0008,0.006252,0.353732
2025-11-14,500ETF,Future (IC88 (CSI 500 Futures)),ew,-0.7168,0.8,0.0,0,-0.002222,-0.0,0.0,-0.0,0.353732
2025-11-17,500ETF,Future (IC88 (CSI 500 Futures)),ew,-0.182,0.8,0.0,0,0.004796,0.0,0.0,0.0,0.353732
2025-11-18,500ETF,Future (IC88 (CSI 500 Futures)),ew,-0.6433,0.8,0.0,0,-0.004472,-0.0,0.0,-0.0,0.353732
2025-11-19,500ETF,Future (IC88 (CSI 500 Futures)),ew,0.5718,0.8,0.0,0,-0.001076,-0.0,0.0,-0.0,0.353732
2025-11-20,500ETF,Future (IC88 (CSI 500 Futures)),ew,-0.7508,0.8,0.0,0,-0.008534,-0.0,0.0,-0.0,0.353732
2025-11-21,500ETF,Future (IC88 (CSI 500 Futures)),ew,-1.0276,0.8,0.0,0,-0.007972,-0.0,0.0,-0.0,0.353732
2025-11-24,500ETF,Future (IC88 (CSI 500 Futures)),ew,-0.5767,0.8,0.0,0,0.007861,0.0,0.0,0.0,0.353732
2025-11-25,500ETF,Future (IC88 (CSI 500 Futures)),ew,1.1219,0.8,1.0,1,-0.00266,-0.00266,0.0008,-0.00346,0.350273
2025-11-26,500ETF,Future (IC88 (CSI 500 Futures)),ew,0.5513,0.8,0.0,0,-0.007598,-0.0,0.0,-0.0,0.350273
2025-11-27,500ETF,Future (IC88 (CSI 500 Futures)),ew,1.4137,0.8,1.0,1,-0.012381,-0.012381,0.0008,-0.013181,0.337091
2025-11-28,500ETF,Future (IC88 (CSI 500 Futures)),ew,0.1728,0.8,0.0,0,0.01108,0.0,0.0,0.0,0.337091
2025-12-01,500ETF,Future (IC88 (CSI 500 Futures)),ew,0.7295,0.8,0.0,0,-0.00111,-0.0,0.0,-0.0,0.337091
2025-12-02,500ETF,Future (IC88 (CSI 500 Futures)),ew,-1.1208,0.8,0.0,0,-0.00189,-0.0,0.0,-0.0,0.337091
2025-12-03,500ETF,Future (IC88 (CSI 500 Futures)),ew,-0.0335,0.8,0.0,0,-0.003968,-0.0,0.0,-0.0,0.337091
2025-12-04,500ETF,Future (IC88 (CSI 500 Futures)),ew,-0.0958,0.8,0.0,0,0.00725,0.0,0.0,0.0,0.337091
2025-12-05,500ETF,Future (IC88 (CSI 500 Futures)),ew,-0.781,0.8,0.0,0,0.012207,0.0,0.0,0.0,0.337091
2025-12-08,500ETF,Future (IC88 (CSI 500 Futures)),ew,0.4861,0.8,0.0,0,0.00732,0.0,0.0,0.0,0.337091
2025-12-09,500ETF,Future (IC88 (CSI 500 Futures)),ew,0.4729,0.8,0.0,0,-0.00862,-0.0,0.0,-0.0,0.337091
2025-12-10,500ETF,Future (IC88 (CSI 500 Futures)),ew,-1.0175,0.8,0.0,0,0.011617,0.0,0.0,0.0,0.337091
2025-12-11,500ETF,Future (IC88 (CSI 500 Futures)),ew,-0.3115,0.8,0.0,0,-0.004249,-0.0,0.0,-0.0,0.337091
2025-12-12,500ETF,Future (IC88 (CSI 500 Futures)),ew,-0.0474,0.8,0.0,0,0.014734,0.0,0.0,0.0,0.337091
2025-12-15,500ETF,Future (IC88 (CSI 500 Futures)),ew,0.1268,0.8,0.0,0,-0.004036,-0.0,0.0,-0.0,0.337091
2025-12-16,500ETF,Future (IC88 (CSI 500 Futures)),ew,-1.3996,0.8,-1.0,1,-0.000969,0.000969,0.0008,0.000169,0.33726
2025-12-17,500ETF,Future (IC88 (CSI 500 Futures)),ew,1.0118,0.8,1.0,1,0.020758,0.020758,0.0008,0.019958,0.357218
2025-12-18,500ETF,Future (IC88 (CSI 500 Futures)),ew,1.0282,0.8,1.0,1,-0.006884,-0.006884,0.0008,-0.007684,0.349535
2025-12-19,500ETF,Future (IC88 (CSI 500 Futures)),ew,0.0257,0.8,0.0,0,0.00528,0.0,0.0,0.0,0.349535
2025-12-22,500ETF,Future (IC88 (CSI 500 Futures)),ew,1.2722,0.8,1.0,1,-0.001634,-0.001634,0.0008,-0.002434,0.347101
2025-12-23,500ETF,Future (IC88 (CSI 500 Futures)),ew,-0.0551,0.8,0.0,0,-0.00404,-0.0,0.0,-0.0,0.347101
2025-12-24,500ETF,Future (IC88 (CSI 500 Futures)),ew,0.1285,0.8,0.0,0,0.011006,0.0,0.0,0.0,0.347101
2025-12-25,500ETF,Future (IC88 (CSI 500 Futures)),ew,0.5202,0.8,0.0,0,0.009797,0.0,0.0,0.0,0.347101
2025-12-26,500ETF,Future (IC88 (CSI 500 Futures)),ew,0.6698,0.8,0.0,0,0.000806,0.0,0.0,0.0,0.347101
2025-12-29,500ETF,Future (IC88 (CSI 500 Futures)),ew,-0.3667,0.8,0.0,0,-0.001996,-0.0,0.0,-0.0,0.347101
2025-12-30,500ETF,Future (IC88 (CSI 500 Futures)),ew,0.9611,0.8,1.0,1,0.001556,0.001556,0.0008,0.000756,0.347857
2025-12-31,500ETF,Future (IC88 (CSI 500 Futures)),ew,-0.6393,0.8,0.0,0,0.001209,0.0,0.0,0.0,0.347857
