date,etf,asset_type,scheme,z_composite,z_th,position,is_trade,trade_return,raw_pnl,fee,net_pnl,cum_pnl
2022-01-04,500ETF,Future (IC88 (CSI 500 Futures)),icw,-0.443,0.6,0.0,0,0.002203,0.0,0.0,0.0,0.0
2022-01-05,500ETF,Future (IC88 (CSI 500 Futures)),icw,-0.9126,0.6,-1.0,1,-0.005012,0.005012,0.0008,0.004212,0.004212
2022-01-06,500ETF,Future (IC88 (CSI 500 Futures)),icw,-0.0764,0.6,0.0,0,0.002217,0.0,0.0008,-0.0008,0.003412
2022-01-07,500ETF,Future (IC88 (CSI 500 Futures)),icw,0.6729,0.6,1.0,1,-0.006981,-0.006981,0.0008,-0.007781,-0.00437
2022-01-10,500ETF,Future (IC88 (CSI 500 Futures)),icw,-0.6707,0.6,0.0,0,0.005297,0.0,0.0008,-0.0008,-0.00517
2022-01-11,500ETF,Future (IC88 (CSI 500 Futures)),icw,0.28,0.6,0.0,0,-0.007003,-0.0,0.0,-0.0,-0.00517
2022-01-12,500ETF,Future (IC88 (CSI 500 Futures)),icw,0.2474,0.6,0.0,0,0.00323,0.0,0.0,0.0,-0.00517
2022-01-13,500ETF,Future (IC88 (CSI 500 Futures)),icw,-0.9414,0.6,-1.0,1,-0.005573,0.005573,0.0008,0.004773,-0.000396
2022-01-14,500ETF,Future (IC88 (CSI 500 Futures)),icw,-0.3985,0.6,0.0,0,2.8e-05,0.0,0.0008,-0.0008,-0.001196
2022-01-17,500ETF,Future (IC88 (CSI 500 Futures)),icw,0.7701,0.6,1.0,1,0.004251,0.004251,0.0008,0.003451,0.002254
2022-01-18,500ETF,Future (IC88 (CSI 500 Futures)),icw,-0.3847,0.6,0.0,0,-0.000865,-0.0,0.0008,-0.0008,0.001454
2022-01-19,500ETF,Future (IC88 (CSI 500 Futures)),icw,0.6738,0.6,1.0,1,-0.011228,-0.011228,0.0008,-0.012028,-0.010574
2022-01-20,500ETF,Future (IC88 (CSI 500 Futures)),icw,-0.1444,0.6,0.0,0,-0.004943,-0.0,0.0008,-0.0008,-0.011374
2022-01-21,500ETF,Future (IC88 (CSI 500 Futures)),icw,-0.8317,0.6,0.0,0,-0.004617,-0.0,0.0,-0.0,-0.011374
2022-01-24,500ETF,Future (IC88 (CSI 500 Futures)),icw,0.0719,0.6,0.0,0,0.000744,0.0,0.0,0.0,-0.011374
2022-01-25,500ETF,Future (IC88 (CSI 500 Futures)),icw,-0.309,0.6,0.0,0,-0.02033,-0.0,0.0,-0.0,-0.011374
2022-01-26,500ETF,Future (IC88 (CSI 500 Futures)),icw,0.7583,0.6,1.0,1,0.001093,0.001093,0.0008,0.000293,-0.01108
2022-01-27,500ETF,Future (IC88 (CSI 500 Futures)),icw,-0.4803,0.6,0.0,0,-0.01749,-0.0,0.0008,-0.0008,-0.01188
2022-01-28,500ETF,Future (IC88 (CSI 500 Futures)),icw,-0.7299,0.6,0.0,0,0.003681,0.0,0.0,0.0,-0.01188
2022-02-07,500ETF,Future (IC88 (CSI 500 Futures)),icw,1.0798,0.6,1.0,1,-0.004785,-0.004785,0.0008,-0.005585,-0.017466
2022-02-08,500ETF,Future (IC88 (CSI 500 Futures)),icw,-0.5704,0.6,0.0,0,0.006312,0.0,0.0008,-0.0008,-0.018266
2022-02-09,500ETF,Future (IC88 (CSI 500 Futures)),icw,0.6957,0.6,1.0,1,0.014964,0.014964,0.0008,0.014164,-0.004101
2022-02-10,500ETF,Future (IC88 (CSI 500 Futures)),icw,0.0009,0.6,0.0,0,-0.000469,-0.0,0.0008,-0.0008,-0.004901
2022-02-11,500ETF,Future (IC88 (CSI 500 Futures)),icw,-0.0358,0.6,0.0,0,-0.009994,-0.0,0.0,-0.0,-0.004901
2022-02-14,500ETF,Future (IC88 (CSI 500 Futures)),icw,0.2955,0.6,0.0,0,-0.011956,-0.0,0.0,-0.0,-0.004901
2022-02-15,500ETF,Future (IC88 (CSI 500 Futures)),icw,0.0984,0.6,0.0,0,0.001902,0.0,0.0,0.0,-0.004901
2022-02-16,500ETF,Future (IC88 (CSI 500 Futures)),icw,-0.2148,0.6,0.0,0,-0.0013,-0.0,0.0,-0.0,-0.004901
2022-02-17,500ETF,Future (IC88 (CSI 500 Futures)),icw,-0.8613,0.6,0.0,0,-5.9e-05,-0.0,0.0,-0.0,-0.004901
2022-02-18,500ETF,Future (IC88 (CSI 500 Futures)),icw,0.7484,0.6,1.0,1,0.00426,0.00426,0.0008,0.00346,-0.001442
2022-02-21,500ETF,Future (IC88 (CSI 500 Futures)),icw,0.0463,0.6,0.0,0,-0.000293,-0.0,0.0008,-0.0008,-0.002242
2022-02-22,500ETF,Future (IC88 (CSI 500 Futures)),icw,-1.0915,0.6,-1.0,1,0.000828,-0.000828,0.0008,-0.001628,-0.00387
2022-02-23,500ETF,Future (IC88 (CSI 500 Futures)),icw,1.0144,0.6,1.0,1,0.006776,0.006776,0.0016,0.005176,0.001305
2022-02-24,500ETF,Future (IC88 (CSI 500 Futures)),icw,-0.1544,0.6,0.0,0,-0.019137,-0.0,0.0008,-0.0008,0.000505
2022-02-25,500ETF,Future (IC88 (CSI 500 Futures)),icw,1.2526,0.6,1.0,1,-0.012179,-0.012179,0.0008,-0.012979,-0.012474
2022-02-28,500ETF,Future (IC88 (CSI 500 Futures)),icw,-0.3649,0.6,0.0,0,0.006169,0.0,0.0008,-0.0008,-0.013274
2022-03-01,500ETF,Future (IC88 (CSI 500 Futures)),icw,0.4825,0.6,0.0,0,-0.00233,-0.0,0.0,-0.0,-0.013274
2022-03-02,500ETF,Future (IC88 (CSI 500 Futures)),icw,-0.4901,0.6,0.0,0,0.005489,0.0,0.0,0.0,-0.013274
2022-03-03,500ETF,Future (IC88 (CSI 500 Futures)),icw,-0.3754,0.6,0.0,0,-0.003091,-0.0,0.0,-0.0,-0.013274
2022-03-04,500ETF,Future (IC88 (CSI 500 Futures)),icw,-0.6693,0.6,0.0,0,-0.005964,-0.0,0.0,-0.0,-0.013274
2022-03-07,500ETF,Future (IC88 (CSI 500 Futures)),icw,-1.1491,0.6,-1.0,1,-0.009547,0.009547,0.0008,0.008747,-0.004526
2022-03-08,500ETF,Future (IC88 (CSI 500 Futures)),icw,-0.7566,0.6,0.0,0,-0.020997,-0.0,0.0008,-0.0008,-0.005326
2022-03-09,500ETF,Future (IC88 (CSI 500 Futures)),icw,-0.8118,0.6,0.0,0,-0.028827,-0.0,0.0,-0.0,-0.005326
2022-03-10,500ETF,Future (IC88 (CSI 500 Futures)),icw,0.2035,0.6,0.0,0,-0.001095,-0.0,0.0,-0.0,-0.005326
2022-03-11,500ETF,Future (IC88 (CSI 500 Futures)),icw,-1.199,0.6,-1.0,1,0.020718,-0.020718,0.0008,-0.021518,-0.026844
2022-03-14,500ETF,Future (IC88 (CSI 500 Futures)),icw,0.3203,0.6,0.0,0,-0.018545,-0.0,0.0008,-0.0008,-0.027644
2022-03-15,500ETF,Future (IC88 (CSI 500 Futures)),icw,-1.5198,0.6,-1.0,1,-0.016509,0.016509,0.0008,0.015709,-0.011935
2022-03-16,500ETF,Future (IC88 (CSI 500 Futures)),icw,-0.6277,0.6,0.0,0,0.029807,0.0,0.0008,-0.0008,-0.012735
2022-03-17,500ETF,Future (IC88 (CSI 500 Futures)),icw,1.264,0.6,1.0,1,0.004431,0.004431,0.0008,0.003631,-0.009104
2022-03-18,500ETF,Future (IC88 (CSI 500 Futures)),icw,0.7394,0.6,1.0,1,0.011075,0.011075,0.0,0.011075,0.001971
2022-03-21,500ETF,Future (IC88 (CSI 500 Futures)),icw,0.5067,0.6,0.0,0,-0.006824,-0.0,0.0008,-0.0008,0.001171
2022-03-22,500ETF,Future (IC88 (CSI 500 Futures)),icw,-0.6507,0.6,0.0,0,-0.000794,-0.0,0.0,-0.0,0.001171
2022-03-23,500ETF,Future (IC88 (CSI 500 Futures)),icw,-0.081,0.6,0.0,0,0.004383,0.0,0.0,0.0,0.001171
2022-03-24,500ETF,Future (IC88 (CSI 500 Futures)),icw,-0.9829,0.6,-1.0,1,0.000982,-0.000982,0.0008,-0.001782,-0.000611
2022-03-25,500ETF,Future (IC88 (CSI 500 Futures)),icw,0.1932,0.6,0.0,0,-0.013524,-0.0,0.0008,-0.0008,-0.001411
2022-03-28,500ETF,Future (IC88 (CSI 500 Futures)),icw,-0.8951,0.6,0.0,0,0.011408,0.0,0.0,0.0,-0.001411
2022-03-29,500ETF,Future (IC88 (CSI 500 Futures)),icw,0.2765,0.6,0.0,0,-0.011042,-0.0,0.0,-0.0,-0.001411
2022-03-30,500ETF,Future (IC88 (CSI 500 Futures)),icw,0.8603,0.6,1.0,1,0.009988,0.009988,0.0008,0.009188,0.007777
2022-03-31,500ETF,Future (IC88 (CSI 500 Futures)),icw,-0.1606,0.6,0.0,0,-0.005212,-0.0,0.0008,-0.0008,0.006977
2022-04-01,500ETF,Future (IC88 (CSI 500 Futures)),icw,-0.0646,0.6,0.0,0,0.007671,0.0,0.0,0.0,0.006977
2022-04-06,500ETF,Future (IC88 (CSI 500 Futures)),icw,-0.9742,0.6,-1.0,1,0.003646,-0.003646,0.0008,-0.004446,0.002531
2022-04-07,500ETF,Future (IC88 (CSI 500 Futures)),icw,0.3811,0.6,0.0,0,-0.018847,-0.0,0.0008,-0.0008,0.001731
2022-04-08,500ETF,Future (IC88 (CSI 500 Futures)),icw,-0.446,0.6,0.0,0,0.005254,0.0,0.0,0.0,0.001731
2022-04-11,500ETF,Future (IC88 (CSI 500 Futures)),icw,-1.195,0.6,-1.0,1,-0.019434,0.019434,0.0008,0.018634,0.020365
2022-04-12,500ETF,Future (IC88 (CSI 500 Futures)),icw,0.1126,0.6,0.0,0,0.019013,0.0,0.0008,-0.0008,0.019565
2022-04-13,500ETF,Future (IC88 (CSI 500 Futures)),icw,-1.0844,0.6,-1.0,1,0.001812,-0.001812,0.0008,-0.002612,0.016954
2022-04-14,500ETF,Future (IC88 (CSI 500 Futures)),icw,0.0339,0.6,0.0,0,0.010707,0.0,0.0008,-0.0008,0.016154
2022-04-15,500ETF,Future (IC88 (CSI 500 Futures)),icw,-0.6627,0.6,0.0,0,-0.005229,-0.0,0.0,-0.0,0.016154
2022-04-18,500ETF,Future (IC88 (CSI 500 Futures)),icw,-0.9819,0.6,-1.0,1,0.006313,-0.006313,0.0008,-0.007113,0.009041
2022-04-19,500ETF,Future (IC88 (CSI 500 Futures)),icw,0.7993,0.6,1.0,1,0.0,0.0,0.0016,-0.0016,0.007441
2022-04-20,500ETF,Future (IC88 (CSI 500 Futures)),icw,-0.5714,0.6,0.0,0,-0.018858,-0.0,0.0008,-0.0008,0.006641
2022-04-21,500ETF,Future (IC88 (CSI 500 Futures)),icw,0.2488,0.6,0.0,0,-0.029177,-0.0,0.0,-0.0,0.006641
2022-04-22,500ETF,Future (IC88 (CSI 500 Futures)),icw,-1.0204,0.6,-1.0,1,0.006387,-0.006387,0.0008,-0.007187,-0.000546
2022-04-25,500ETF,Future (IC88 (CSI 500 Futures)),icw,-1.6297,0.6,-1.0,1,-0.027182,0.027182,0.0,0.027182,0.026636
2022-04-26,500ETF,Future (IC88 (CSI 500 Futures)),icw,-0.6272,0.6,0.0,0,-0.010154,-0.0,0.0008,-0.0008,0.025836
2022-04-27,500ETF,Future (IC88 (CSI 500 Futures)),icw,0.2872,0.6,0.0,0,0.03843,0.0,0.0,0.0,0.025836
2022-04-28,500ETF,Future (IC88 (CSI 500 Futures)),icw,0.0906,0.6,0.0,0,0.000821,0.0,0.0,0.0,0.025836
2022-04-29,500ETF,Future (IC88 (CSI 500 Futures)),icw,0.2444,0.6,0.0,0,0.03127,0.0,0.0,0.0,0.025836
2022-05-05,500ETF,Future (IC88 (CSI 500 Futures)),icw,0.8147,0.6,1.0,1,0.001751,0.001751,0.0008,0.000951,0.026787
2022-05-06,500ETF,Future (IC88 (CSI 500 Futures)),icw,-0.6707,0.6,0.0,0,-0.006291,-0.0,0.0008,-0.0008,0.025987
2022-05-09,500ETF,Future (IC88 (CSI 500 Futures)),icw,0.9833,0.6,1.0,1,-0.001711,-0.001711,0.0008,-0.002511,0.023476
2022-05-10,500ETF,Future (IC88 (CSI 500 Futures)),icw,-0.0955,0.6,0.0,0,0.030099,0.0,0.0008,-0.0008,0.022676
2022-05-11,500ETF,Future (IC88 (CSI 500 Futures)),icw,1.3784,0.6,1.0,1,-0.002567,-0.002567,0.0008,-0.003367,0.019309
2022-05-12,500ETF,Future (IC88 (CSI 500 Futures)),icw,0.9422,0.6,1.0,1,0.000776,0.000776,0.0,0.000776,0.020085
2022-05-13,500ETF,Future (IC88 (CSI 500 Futures)),icw,0.6256,0.6,1.0,1,0.001121,0.001121,0.0,0.001121,0.021206
2022-05-16,500ETF,Future (IC88 (CSI 500 Futures)),icw,-0.1262,0.6,0.0,0,-0.00569,-0.0,0.0008,-0.0008,0.020406
2022-05-17,500ETF,Future (IC88 (CSI 500 Futures)),icw,-0.8589,0.6,0.0,0,0.005002,0.0,0.0,0.0,0.020406
2022-05-18,500ETF,Future (IC88 (CSI 500 Futures)),icw,-0.4766,0.6,0.0,0,-0.002892,-0.0,0.0,-0.0,0.020406
2022-05-19,500ETF,Future (IC88 (CSI 500 Futures)),icw,0.014,0.6,0.0,0,0.017183,0.0,0.0,0.0,0.020406
2022-05-20,500ETF,Future (IC88 (CSI 500 Futures)),icw,1.338,0.6,1.0,1,0.002227,0.002227,0.0008,0.001427,0.021833
2022-05-23,500ETF,Future (IC88 (CSI 500 Futures)),icw,-0.2093,0.6,0.0,0,0.003396,0.0,0.0008,-0.0008,0.021033
2022-05-24,500ETF,Future (IC88 (CSI 500 Futures)),icw,-0.6407,0.6,0.0,0,-0.029223,-0.0,0.0,-0.0,0.021033
2022-05-25,500ETF,Future (IC88 (CSI 500 Futures)),icw,0.9951,0.6,1.0,1,0.003178,0.003178,0.0008,0.002378,0.02341
2022-05-26,500ETF,Future (IC88 (CSI 500 Futures)),icw,-0.8284,0.6,0.0,0,0.024312,0.0,0.0008,-0.0008,0.02261
2022-05-27,500ETF,Future (IC88 (CSI 500 Futures)),icw,0.8522,0.6,1.0,1,-0.006596,-0.006596,0.0008,-0.007396,0.015214
2022-05-30,500ETF,Future (IC88 (CSI 500 Futures)),icw,-0.589,0.6,0.0,0,0.009516,0.0,0.0008,-0.0008,0.014414
2022-05-31,500ETF,Future (IC88 (CSI 500 Futures)),icw,-0.8017,0.6,0.0,0,0.025436,0.0,0.0,0.0,0.014414
2022-06-01,500ETF,Future (IC88 (CSI 500 Futures)),icw,0.3248,0.6,0.0,0,-0.003414,-0.0,0.0,-0.0,0.014414
2022-06-02,500ETF,Future (IC88 (CSI 500 Futures)),icw,-0.3712,0.6,0.0,0,0.014275,0.0,0.0,0.0,0.014414
2022-06-06,500ETF,Future (IC88 (CSI 500 Futures)),icw,0.6538,0.6,1.0,1,0.016757,0.016757,0.0008,0.015957,0.030371
2022-06-07,500ETF,Future (IC88 (CSI 500 Futures)),icw,-0.1134,0.6,0.0,0,0.004423,0.0,0.0008,-0.0008,0.029571
2022-06-08,500ETF,Future (IC88 (CSI 500 Futures)),icw,0.4353,0.6,0.0,0,-0.004465,-0.0,0.0,-0.0,0.029571
2022-06-09,500ETF,Future (IC88 (CSI 500 Futures)),icw,-0.7712,0.6,0.0,0,-0.010478,-0.0,0.0,-0.0,0.029571
2022-06-10,500ETF,Future (IC88 (CSI 500 Futures)),icw,0.4346,0.6,0.0,0,0.018835,0.0,0.0,0.0,0.029571
2022-06-13,500ETF,Future (IC88 (CSI 500 Futures)),icw,0.3481,0.6,0.0,0,-0.005749,-0.0,0.0,-0.0,0.029571
2022-06-14,500ETF,Future (IC88 (CSI 500 Futures)),icw,-0.6954,0.6,0.0,0,0.013187,0.0,0.0,0.0,0.029571
2022-06-15,500ETF,Future (IC88 (CSI 500 Futures)),icw,1.0568,0.6,1.0,1,0.00692,0.00692,0.0008,0.00612,0.035691
2022-06-16,500ETF,Future (IC88 (CSI 500 Futures)),icw,1.0875,0.6,1.0,1,-0.00542,-0.00542,0.0,-0.00542,0.03027
2022-06-17,500ETF,Future (IC88 (CSI 500 Futures)),icw,0.6641,0.6,1.0,1,0.005993,0.005993,0.0,0.005993,0.036264
2022-06-20,500ETF,Future (IC88 (CSI 500 Futures)),icw,0.4827,0.6,0.0,0,0.004084,0.0,0.0008,-0.0008,0.035464
2022-06-21,500ETF,Future (IC88 (CSI 500 Futures)),icw,-0.568,0.6,0.0,0,-0.008609,-0.0,0.0,-0.0,0.035464
2022-06-22,500ETF,Future (IC88 (CSI 500 Futures)),icw,-0.7961,0.6,0.0,0,-0.015169,-0.0,0.0,-0.0,0.035464
2022-06-23,500ETF,Future (IC88 (CSI 500 Futures)),icw,0.0939,0.6,0.0,0,0.023173,0.0,0.0,0.0,0.035464
2022-06-24,500ETF,Future (IC88 (CSI 500 Futures)),icw,0.6712,0.6,1.0,1,0.004456,0.004456,0.0008,0.003656,0.03912
2022-06-27,500ETF,Future (IC88 (CSI 500 Futures)),icw,0.6068,0.6,1.0,1,0.001191,0.001191,0.0,0.001191,0.040311
2022-06-28,500ETF,Future (IC88 (CSI 500 Futures)),icw,-0.4767,0.6,0.0,0,0.014884,0.0,0.0008,-0.0008,0.039511
2022-06-29,500ETF,Future (IC88 (CSI 500 Futures)),icw,-0.1108,0.6,0.0,0,-0.010856,-0.0,0.0,-0.0,0.039511
2022-06-30,500ETF,Future (IC88 (CSI 500 Futures)),icw,1.3441,0.6,1.0,1,-0.002209,-0.002209,0.0008,-0.003009,0.036502
2022-07-01,500ETF,Future (IC88 (CSI 500 Futures)),icw,-0.4646,0.6,0.0,0,-0.000467,-0.0,0.0008,-0.0008,0.035702
2022-07-04,500ETF,Future (IC88 (CSI 500 Futures)),icw,-0.5738,0.6,0.0,0,0.005483,0.0,0.0,0.0,0.035702
2022-07-05,500ETF,Future (IC88 (CSI 500 Futures)),icw,-0.0235,0.6,0.0,0,-0.006677,-0.0,0.0,-0.0,0.035702
2022-07-06,500ETF,Future (IC88 (CSI 500 Futures)),icw,-0.6479,0.6,0.0,0,-0.014031,-0.0,0.0,-0.0,0.035702
2022-07-07,500ETF,Future (IC88 (CSI 500 Futures)),icw,-0.7125,0.6,0.0,0,0.006799,0.0,0.0,0.0,0.035702
2022-07-08,500ETF,Future (IC88 (CSI 500 Futures)),icw,-0.0928,0.6,0.0,0,-0.006323,-0.0,0.0,-0.0,0.035702
2022-07-11,500ETF,Future (IC88 (CSI 500 Futures)),icw,-1.1319,0.6,-1.0,1,-0.000889,0.000889,0.0008,8.9e-05,0.035791
2022-07-12,500ETF,Future (IC88 (CSI 500 Futures)),icw,-0.5682,0.6,0.0,0,-0.011627,-0.0,0.0008,-0.0008,0.034991
2022-07-13,500ETF,Future (IC88 (CSI 500 Futures)),icw,0.2889,0.6,0.0,0,-0.001444,-0.0,0.0,-0.0,0.034991
2022-07-14,500ETF,Future (IC88 (CSI 500 Futures)),icw,-0.2347,0.6,0.0,0,0.001687,0.0,0.0,0.0,0.034991
2022-07-15,500ETF,Future (IC88 (CSI 500 Futures)),icw,0.0923,0.6,0.0,0,-0.010567,-0.0,0.0,-0.0,0.034991
2022-07-18,500ETF,Future (IC88 (CSI 500 Futures)),icw,0.6546,0.6,1.0,1,0.00995,0.00995,0.0008,0.00915,0.044141
2022-07-19,500ETF,Future (IC88 (CSI 500 Futures)),icw,-0.2503,0.6,0.0,0,0.00452,0.0,0.0008,-0.0008,0.043341
2022-07-20,500ETF,Future (IC88 (CSI 500 Futures)),icw,1.0539,0.6,1.0,1,0.00129,0.00129,0.0008,0.00049,0.043831
2022-07-21,500ETF,Future (IC88 (CSI 500 Futures)),icw,-0.4938,0.6,0.0,0,-0.003027,-0.0,0.0008,-0.0008,0.043031
2022-07-22,500ETF,Future (IC88 (CSI 500 Futures)),icw,0.0558,0.6,0.0,0,-0.007247,-0.0,0.0,-0.0,0.043031
2022-07-25,500ETF,Future (IC88 (CSI 500 Futures)),icw,0.2429,0.6,0.0,0,-0.008311,-0.0,0.0,-0.0,0.043031
2022-07-26,500ETF,Future (IC88 (CSI 500 Futures)),icw,-0.4571,0.6,0.0,0,0.009017,0.0,0.0,0.0,0.043031
2022-07-27,500ETF,Future (IC88 (CSI 500 Futures)),icw,-0.5495,0.6,0.0,0,0.003535,0.0,0.0,0.0,0.043031
2022-07-28,500ETF,Future (IC88 (CSI 500 Futures)),icw,-0.0476,0.6,0.0,0,-0.000411,-0.0,0.0,-0.0,0.043031
2022-07-29,500ETF,Future (IC88 (CSI 500 Futures)),icw,-0.3052,0.6,0.0,0,-0.012636,-0.0,0.0,-0.0,0.043031
2022-08-01,500ETF,Future (IC88 (CSI 500 Futures)),icw,-0.6989,0.6,0.0,0,0.003327,0.0,0.0,0.0,0.043031
2022-08-02,500ETF,Future (IC88 (CSI 500 Futures)),icw,-1.5552,0.6,-1.0,1,-0.003597,0.003597,0.0008,0.002797,0.045828
2022-08-03,500ETF,Future (IC88 (CSI 500 Futures)),icw,1.3805,0.6,1.0,1,-0.01287,-0.01287,0.0016,-0.01447,0.031358
2022-08-04,500ETF,Future (IC88 (CSI 500 Futures)),icw,-0.0176,0.6,0.0,0,-0.004317,-0.0,0.0008,-0.0008,0.030558
2022-08-05,500ETF,Future (IC88 (CSI 500 Futures)),icw,0.1669,0.6,0.0,0,0.015007,0.0,0.0,0.0,0.030558
2022-08-08,500ETF,Future (IC88 (CSI 500 Futures)),icw,-0.0656,0.6,0.0,0,0.006596,0.0,0.0,0.0,0.030558
2022-08-09,500ETF,Future (IC88 (CSI 500 Futures)),icw,-0.7254,0.6,0.0,0,0.003739,0.0,0.0,0.0,0.030558
2022-08-10,500ETF,Future (IC88 (CSI 500 Futures)),icw,0.4181,0.6,0.0,0,-0.007303,-0.0,0.0,-0.0,0.030558
2022-08-11,500ETF,Future (IC88 (CSI 500 Futures)),icw,0.1613,0.6,0.0,0,0.012004,0.0,0.0,0.0,0.030558
2022-08-12,500ETF,Future (IC88 (CSI 500 Futures)),icw,-0.2633,0.6,0.0,0,-0.001752,-0.0,0.0,-0.0,0.030558
2022-08-15,500ETF,Future (IC88 (CSI 500 Futures)),icw,0.6403,0.6,1.0,1,-0.003709,-0.003709,0.0008,-0.004509,0.026049
2022-08-16,500ETF,Future (IC88 (CSI 500 Futures)),icw,0.5112,0.6,0.0,0,-0.000405,-0.0,0.0008,-0.0008,0.025249
2022-08-17,500ETF,Future (IC88 (CSI 500 Futures)),icw,-0.8162,0.6,0.0,0,0.010179,0.0,0.0,0.0,0.025249
2022-08-18,500ETF,Future (IC88 (CSI 500 Futures)),icw,-0.5739,0.6,0.0,0,-0.003292,-0.0,0.0,-0.0,0.025249
2022-08-19,500ETF,Future (IC88 (CSI 500 Futures)),icw,-0.3735,0.6,0.0,0,-0.009001,-0.0,0.0,-0.0,0.025249
2022-08-22,500ETF,Future (IC88 (CSI 500 Futures)),icw,0.0107,0.6,0.0,0,0.010045,0.0,0.0,0.0,0.025249
2022-08-23,500ETF,Future (IC88 (CSI 500 Futures)),icw,-0.5427,0.6,0.0,0,0.00053,0.0,0.0,0.0,0.025249
2022-08-24,500ETF,Future (IC88 (CSI 500 Futures)),icw,-0.7569,0.6,0.0,0,-0.021612,-0.0,0.0,-0.0,0.025249
2022-08-25,500ETF,Future (IC88 (CSI 500 Futures)),icw,0.009,0.6,0.0,0,-0.001376,-0.0,0.0,-0.0,0.025249
2022-08-26,500ETF,Future (IC88 (CSI 500 Futures)),icw,0.3703,0.6,0.0,0,-0.010687,-0.0,0.0,-0.0,0.025249
2022-08-29,500ETF,Future (IC88 (CSI 500 Futures)),icw,0.2352,0.6,0.0,0,0.003545,0.0,0.0,0.0,0.025249
2022-08-30,500ETF,Future (IC88 (CSI 500 Futures)),icw,-0.0125,0.6,0.0,0,-0.001597,-0.0,0.0,-0.0,0.025249
2022-08-31,500ETF,Future (IC88 (CSI 500 Futures)),icw,-0.5424,0.6,0.0,0,-0.009114,-0.0,0.0,-0.0,0.025249
2022-09-01,500ETF,Future (IC88 (CSI 500 Futures)),icw,0.992,0.6,1.0,1,-0.010892,-0.010892,0.0008,-0.011692,0.013557
2022-09-02,500ETF,Future (IC88 (CSI 500 Futures)),icw,0.1757,0.6,0.0,0,-0.002379,-0.0,0.0008,-0.0008,0.012757
2022-09-05,500ETF,Future (IC88 (CSI 500 Futures)),icw,0.01,0.6,0.0,0,-0.002986,-0.0,0.0,-0.0,0.012757
2022-09-06,500ETF,Future (IC88 (CSI 500 Futures)),icw,0.1344,0.6,0.0,0,0.009691,0.0,0.0,0.0,0.012757
2022-09-07,500ETF,Future (IC88 (CSI 500 Futures)),icw,-0.3918,0.6,0.0,0,0.001911,0.0,0.0,0.0,0.012757
2022-09-08,500ETF,Future (IC88 (CSI 500 Futures)),icw,-0.5966,0.6,0.0,0,-0.001657,-0.0,0.0,-0.0,0.012757
2022-09-09,500ETF,Future (IC88 (CSI 500 Futures)),icw,0.0541,0.6,0.0,0,0.008255,0.0,0.0,0.0,0.012757
2022-09-13,500ETF,Future (IC88 (CSI 500 Futures)),icw,-0.1756,0.6,0.0,0,-0.004094,-0.0,0.0,-0.0,0.012757
2022-09-14,500ETF,Future (IC88 (CSI 500 Futures)),icw,-0.1839,0.6,0.0,0,-0.002079,-0.0,0.0,-0.0,0.012757
2022-09-15,500ETF,Future (IC88 (CSI 500 Futures)),icw,-0.6779,0.6,0.0,0,-0.025787,-0.0,0.0,-0.0,0.012757
2022-09-16,500ETF,Future (IC88 (CSI 500 Futures)),icw,-0.6125,0.6,0.0,0,-0.020398,-0.0,0.0,-0.0,0.012757
2022-09-19,500ETF,Future (IC88 (CSI 500 Futures)),icw,-0.5893,0.6,0.0,0,-0.007425,-0.0,0.0,-0.0,0.012757
2022-09-20,500ETF,Future (IC88 (CSI 500 Futures)),icw,0.6415,0.6,1.0,1,-0.006714,-0.006714,0.0008,-0.007514,0.005243
2022-09-21,500ETF,Future (IC88 (CSI 500 Futures)),icw,-1.1471,0.6,-1.0,1,0.013428,-0.013428,0.0016,-0.015028,-0.009785
2022-09-22,500ETF,Future (IC88 (CSI 500 Futures)),icw,0.5566,0.6,0.0,0,-0.00775,-0.0,0.0008,-0.0008,-0.010585
2022-09-23,500ETF,Future (IC88 (CSI 500 Futures)),icw,0.4399,0.6,0.0,0,-0.009244,-0.0,0.0,-0.0,-0.010585
2022-09-26,500ETF,Future (IC88 (CSI 500 Futures)),icw,-0.2616,0.6,0.0,0,-0.005529,-0.0,0.0,-0.0,-0.010585
2022-09-27,500ETF,Future (IC88 (CSI 500 Futures)),icw,0.9098,0.6,1.0,1,0.013841,0.013841,0.0008,0.013041,0.002456
2022-09-28,500ETF,Future (IC88 (CSI 500 Futures)),icw,-0.9554,0.6,-1.0,1,-0.007296,0.007296,0.0016,0.005696,0.008151
2022-09-29,500ETF,Future (IC88 (CSI 500 Futures)),icw,0.5153,0.6,0.0,0,-0.012614,-0.0,0.0008,-0.0008,0.007351
2022-09-30,500ETF,Future (IC88 (CSI 500 Futures)),icw,0.7228,0.6,1.0,1,-0.005605,-0.005605,0.0008,-0.006405,0.000946
2022-10-10,500ETF,Future (IC88 (CSI 500 Futures)),icw,-0.3264,0.6,0.0,0,-0.023597,-0.0,0.0008,-0.0008,0.000146
2022-10-11,500ETF,Future (IC88 (CSI 500 Futures)),icw,0.4866,0.6,0.0,0,0.003988,0.0,0.0,0.0,0.000146
2022-10-12,500ETF,Future (IC88 (CSI 500 Futures)),icw,-0.8976,0.6,0.0,0,0.026334,0.0,0.0,0.0,0.000146
2022-10-13,500ETF,Future (IC88 (CSI 500 Futures)),icw,0.6568,0.6,1.0,1,0.003257,0.003257,0.0008,0.002457,0.002603
2022-10-14,500ETF,Future (IC88 (CSI 500 Futures)),icw,1.0876,0.6,1.0,1,0.010477,0.010477,0.0,0.010477,0.01308
2022-10-17,500ETF,Future (IC88 (CSI 500 Futures)),icw,0.2012,0.6,0.0,0,0.011748,0.0,0.0008,-0.0008,0.01228
2022-10-18,500ETF,Future (IC88 (CSI 500 Futures)),icw,-0.6209,0.6,0.0,0,0.002159,0.0,0.0,0.0,0.01228
2022-10-19,500ETF,Future (IC88 (CSI 500 Futures)),icw,-0.3832,0.6,0.0,0,-0.004935,-0.0,0.0,-0.0,0.01228
2022-10-20,500ETF,Future (IC88 (CSI 500 Futures)),icw,-0.6118,0.6,0.0,0,0.008876,0.0,0.0,0.0,0.01228
2022-10-21,500ETF,Future (IC88 (CSI 500 Futures)),icw,0.4825,0.6,0.0,0,0.005395,0.0,0.0,0.0,0.01228
2022-10-24,500ETF,Future (IC88 (CSI 500 Futures)),icw,1.3133,0.6,1.0,1,-0.016489,-0.016489,0.0008,-0.017289,-0.005008
2022-10-25,500ETF,Future (IC88 (CSI 500 Futures)),icw,-0.6833,0.6,0.0,0,0.001432,0.0,0.0008,-0.0008,-0.005808
2022-10-26,500ETF,Future (IC88 (CSI 500 Futures)),icw,1.1842,0.6,1.0,1,0.003701,0.003701,0.0008,0.002901,-0.002907
2022-10-27,500ETF,Future (IC88 (CSI 500 Futures)),icw,0.661,0.6,1.0,1,-0.003304,-0.003304,0.0,-0.003304,-0.00621
2022-10-28,500ETF,Future (IC88 (CSI 500 Futures)),icw,-0.7574,0.6,0.0,0,-0.020445,-0.0,0.0008,-0.0008,-0.00701
2022-10-31,500ETF,Future (IC88 (CSI 500 Futures)),icw,0.5218,0.6,0.0,0,0.000172,0.0,0.0,0.0,-0.00701
2022-11-01,500ETF,Future (IC88 (CSI 500 Futures)),icw,0.5763,0.6,0.0,0,0.018629,0.0,0.0,0.0,-0.00701
2022-11-02,500ETF,Future (IC88 (CSI 500 Futures)),icw,0.8269,0.6,1.0,1,0.004056,0.004056,0.0008,0.003256,-0.003754
2022-11-03,500ETF,Future (IC88 (CSI 500 Futures)),icw,0.3885,0.6,0.0,0,0.003844,0.0,0.0008,-0.0008,-0.004554
2022-11-04,500ETF,Future (IC88 (CSI 500 Futures)),icw,1.1748,0.6,1.0,1,0.015065,0.015065,0.0008,0.014265,0.00971
2022-11-07,500ETF,Future (IC88 (CSI 500 Futures)),icw,0.7166,0.6,1.0,1,0.000391,0.000391,0.0,0.000391,0.010101
2022-11-08,500ETF,Future (IC88 (CSI 500 Futures)),icw,-0.8059,0.6,0.0,0,-0.000131,-0.0,0.0008,-0.0008,0.009301
2022-11-09,500ETF,Future (IC88 (CSI 500 Futures)),icw,-0.2471,0.6,0.0,0,-0.002023,-0.0,0.0,-0.0,0.009301
2022-11-10,500ETF,Future (IC88 (CSI 500 Futures)),icw,-0.3077,0.6,0.0,0,-0.000624,-0.0,0.0,-0.0,0.009301
2022-11-11,500ETF,Future (IC88 (CSI 500 Futures)),icw,0.1632,0.6,0.0,0,-0.00451,-0.0,0.0,-0.0,0.009301
2022-11-14,500ETF,Future (IC88 (CSI 500 Futures)),icw,0.9373,0.6,1.0,1,-0.013462,-0.013462,0.0008,-0.014262,-0.004961
2022-11-15,500ETF,Future (IC88 (CSI 500 Futures)),icw,0.4941,0.6,0.0,0,0.010893,0.0,0.0008,-0.0008,-0.005761
2022-11-16,500ETF,Future (IC88 (CSI 500 Futures)),icw,-0.2323,0.6,0.0,0,-0.005272,-0.0,0.0,-0.0,-0.005761
2022-11-17,500ETF,Future (IC88 (CSI 500 Futures)),icw,-0.8741,0.6,0.0,0,0.004294,0.0,0.0,0.0,-0.005761
2022-11-18,500ETF,Future (IC88 (CSI 500 Futures)),icw,0.0481,0.6,0.0,0,-0.001607,-0.0,0.0,-0.0,-0.005761
2022-11-21,500ETF,Future (IC88 (CSI 500 Futures)),icw,-0.8116,0.6,0.0,0,0.007996,0.0,0.0,0.0,-0.005761
2022-11-22,500ETF,Future (IC88 (CSI 500 Futures)),icw,-0.3456,0.6,0.0,0,-0.010867,-0.0,0.0,-0.0,-0.005761
2022-11-23,500ETF,Future (IC88 (CSI 500 Futures)),icw,-0.2069,0.6,0.0,0,0.002385,0.0,0.0,0.0,-0.005761
2022-11-24,500ETF,Future (IC88 (CSI 500 Futures)),icw,0.5544,0.6,0.0,0,-3.3e-05,-0.0,0.0,-0.0,-0.005761
2022-11-25,500ETF,Future (IC88 (CSI 500 Futures)),icw,-1.0016,0.6,-1.0,1,0.004497,-0.004497,0.0008,-0.005297,-0.011058
2022-11-28,500ETF,Future (IC88 (CSI 500 Futures)),icw,-0.5931,0.6,0.0,0,0.007945,0.0,0.0008,-0.0008,-0.011858
2022-11-29,500ETF,Future (IC88 (CSI 500 Futures)),icw,1.1541,0.6,1.0,1,0.011282,0.011282,0.0008,0.010482,-0.001376
2022-11-30,500ETF,Future (IC88 (CSI 500 Futures)),icw,0.031,0.6,0.0,0,-0.005063,-0.0,0.0008,-0.0008,-0.002176
2022-12-01,500ETF,Future (IC88 (CSI 500 Futures)),icw,0.1527,0.6,0.0,0,-0.003535,-0.0,0.0,-0.0,-0.002176
2022-12-02,500ETF,Future (IC88 (CSI 500 Futures)),icw,0.3765,0.6,0.0,0,-0.006771,-0.0,0.0,-0.0,-0.002176
2022-12-05,500ETF,Future (IC88 (CSI 500 Futures)),icw,-0.0852,0.6,0.0,0,0.003353,0.0,0.0,0.0,-0.002176
2022-12-06,500ETF,Future (IC88 (CSI 500 Futures)),icw,0.0773,0.6,0.0,0,-0.000452,-0.0,0.0,-0.0,-0.002176
2022-12-07,500ETF,Future (IC88 (CSI 500 Futures)),icw,-0.451,0.6,0.0,0,-0.002351,-0.0,0.0,-0.0,-0.002176
2022-12-08,500ETF,Future (IC88 (CSI 500 Futures)),icw,-0.8354,0.6,0.0,0,0.001582,0.0,0.0,0.0,-0.002176
2022-12-09,500ETF,Future (IC88 (CSI 500 Futures)),icw,-0.17,0.6,0.0,0,0.008943,0.0,0.0,0.0,-0.002176
2022-12-12,500ETF,Future (IC88 (CSI 500 Futures)),icw,-0.9218,0.6,-1.0,1,0.002371,-0.002371,0.0008,-0.003171,-0.005347
2022-12-13,500ETF,Future (IC88 (CSI 500 Futures)),icw,-0.8125,0.6,0.0,0,0.0,0.0,0.0008,-0.0008,-0.006147
2022-12-14,500ETF,Future (IC88 (CSI 500 Futures)),icw,0.1498,0.6,0.0,0,-0.006284,-0.0,0.0,-0.0,-0.006147
2022-12-15,500ETF,Future (IC88 (CSI 500 Futures)),icw,0.1483,0.6,0.0,0,0.000459,0.0,0.0,0.0,-0.006147
2022-12-16,500ETF,Future (IC88 (CSI 500 Futures)),icw,-0.3982,0.6,0.0,0,0.002109,0.0,0.0,0.0,-0.006147
2022-12-19,500ETF,Future (IC88 (CSI 500 Futures)),icw,-0.4516,0.6,0.0,0,-0.017214,-0.0,0.0,-0.0,-0.006147
2022-12-20,500ETF,Future (IC88 (CSI 500 Futures)),icw,-0.7989,0.6,0.0,0,-0.003449,-0.0,0.0,-0.0,-0.006147
2022-12-21,500ETF,Future (IC88 (CSI 500 Futures)),icw,-0.3902,0.6,0.0,0,-0.006979,-0.0,0.0,-0.0,-0.006147
2022-12-22,500ETF,Future (IC88 (CSI 500 Futures)),icw,-0.4493,0.6,0.0,0,-0.0176,-0.0,0.0,-0.0,-0.006147
2022-12-23,500ETF,Future (IC88 (CSI 500 Futures)),icw,0.043,0.6,0.0,0,-0.004901,-0.0,0.0,-0.0,-0.006147
2022-12-26,500ETF,Future (IC88 (CSI 500 Futures)),icw,1.1126,0.6,1.0,1,0.002255,0.002255,0.0008,0.001455,-0.004691
2022-12-27,500ETF,Future (IC88 (CSI 500 Futures)),icw,-0.5044,0.6,0.0,0,0.008162,0.0,0.0008,-0.0008,-0.005491
2022-12-28,500ETF,Future (IC88 (CSI 500 Futures)),icw,-0.7988,0.6,0.0,0,0.002621,0.0,0.0,0.0,-0.005491
2022-12-29,500ETF,Future (IC88 (CSI 500 Futures)),icw,-0.3035,0.6,0.0,0,0.005956,0.0,0.0,0.0,-0.005491
2022-12-30,500ETF,Future (IC88 (CSI 500 Futures)),icw,0.2504,0.6,0.0,0,-0.003263,-0.0,0.0,-0.0,-0.005491
2023-01-03,500ETF,Future (IC88 (CSI 500 Futures)),icw,-0.0451,0.6,0.0,0,0.016405,0.0,0.0,0.0,-0.005491
2023-01-04,500ETF,Future (IC88 (CSI 500 Futures)),icw,-0.2669,0.6,0.0,0,-0.000436,-0.0,0.0,-0.0,-0.005491
2023-01-05,500ETF,Future (IC88 (CSI 500 Futures)),icw,0.317,0.6,0.0,0,0.002957,0.0,0.0,0.0,-0.005491
2023-01-06,500ETF,Future (IC88 (CSI 500 Futures)),icw,0.1162,0.6,0.0,0,-0.001061,-0.0,0.0,-0.0,-0.005491
2023-01-09,500ETF,Future (IC88 (CSI 500 Futures)),icw,0.5611,0.6,0.0,0,-0.001914,-0.0,0.0,-0.0,-0.005491
2023-01-10,500ETF,Future (IC88 (CSI 500 Futures)),icw,-0.754,0.6,0.0,0,0.002579,0.0,0.0,0.0,-0.005491
2023-01-11,500ETF,Future (IC88 (CSI 500 Futures)),icw,-0.5732,0.6,0.0,0,-0.004736,-0.0,0.0,-0.0,-0.005491
2023-01-12,500ETF,Future (IC88 (CSI 500 Futures)),icw,0.3531,0.6,0.0,0,-0.004568,-0.0,0.0,-0.0,-0.005491
2023-01-13,500ETF,Future (IC88 (CSI 500 Futures)),icw,-0.2414,0.6,0.0,0,0.004656,0.0,0.0,0.0,-0.005491
2023-01-16,500ETF,Future (IC88 (CSI 500 Futures)),icw,1.1961,0.6,1.0,1,0.001173,0.001173,0.0008,0.000373,-0.005118
2023-01-17,500ETF,Future (IC88 (CSI 500 Futures)),icw,-0.1684,0.6,0.0,0,0.00039,0.0,0.0008,-0.0008,-0.005918
2023-01-18,500ETF,Future (IC88 (CSI 500 Futures)),icw,0.2963,0.6,0.0,0,0.001363,0.0,0.0,0.0,-0.005918
2023-01-19,500ETF,Future (IC88 (CSI 500 Futures)),icw,-0.6466,0.6,0.0,0,0.010547,0.0,0.0,0.0,-0.005918
2023-01-20,500ETF,Future (IC88 (CSI 500 Futures)),icw,0.7853,0.6,1.0,1,-0.000669,-0.000669,0.0008,-0.001469,-0.007387
2023-01-30,500ETF,Future (IC88 (CSI 500 Futures)),icw,0.3095,0.6,0.0,0,-0.010147,-0.0,0.0008,-0.0008,-0.008187
2023-01-31,500ETF,Future (IC88 (CSI 500 Futures)),icw,0.4533,0.6,0.0,0,-0.000349,-0.0,0.0,-0.0,-0.008187
2023-02-01,500ETF,Future (IC88 (CSI 500 Futures)),icw,0.7936,0.6,1.0,1,0.003427,0.003427,0.0008,0.002627,-0.005561
2023-02-02,500ETF,Future (IC88 (CSI 500 Futures)),icw,-0.6225,0.6,0.0,0,-0.001002,-0.0,0.0008,-0.0008,-0.006361
2023-02-03,500ETF,Future (IC88 (CSI 500 Futures)),icw,-0.9156,0.6,-1.0,1,0.005214,-0.005214,0.0008,-0.006014,-0.012375
2023-02-06,500ETF,Future (IC88 (CSI 500 Futures)),icw,-0.6965,0.6,0.0,0,-0.004247,-0.0,0.0008,-0.0008,-0.013175
2023-02-07,500ETF,Future (IC88 (CSI 500 Futures)),icw,-0.0103,0.6,0.0,0,0.001523,0.0,0.0,0.0,-0.013175
2023-02-08,500ETF,Future (IC88 (CSI 500 Futures)),icw,-0.5159,0.6,0.0,0,-0.005863,-0.0,0.0,-0.0,-0.013175
2023-02-09,500ETF,Future (IC88 (CSI 500 Futures)),icw,0.7228,0.6,1.0,1,0.009098,0.009098,0.0008,0.008298,-0.004876
2023-02-10,500ETF,Future (IC88 (CSI 500 Futures)),icw,0.0257,0.6,0.0,0,-0.003656,-0.0,0.0008,-0.0008,-0.005676
2023-02-13,500ETF,Future (IC88 (CSI 500 Futures)),icw,0.9039,0.6,1.0,1,-0.002982,-0.002982,0.0008,-0.003782,-0.009459
2023-02-14,500ETF,Future (IC88 (CSI 500 Futures)),icw,0.1845,0.6,0.0,0,-0.001537,-0.0,0.0008,-0.0008,-0.010259
2023-02-15,500ETF,Future (IC88 (CSI 500 Futures)),icw,-0.2452,0.6,0.0,0,-0.000691,-0.0,0.0,-0.0,-0.010259
2023-02-16,500ETF,Future (IC88 (CSI 500 Futures)),icw,0.2097,0.6,0.0,0,-0.01648,-0.0,0.0,-0.0,-0.010259
2023-02-17,500ETF,Future (IC88 (CSI 500 Futures)),icw,0.1788,0.6,0.0,0,-0.006113,-0.0,0.0,-0.0,-0.010259
2023-02-20,500ETF,Future (IC88 (CSI 500 Futures)),icw,-0.0885,0.6,0.0,0,0.012532,0.0,0.0,0.0,-0.010259
2023-02-21,500ETF,Future (IC88 (CSI 500 Futures)),icw,0.8773,0.6,1.0,1,-0.003521,-0.003521,0.0008,-0.004321,-0.01458
2023-02-22,500ETF,Future (IC88 (CSI 500 Futures)),icw,-0.1085,0.6,0.0,0,0.001797,0.0,0.0008,-0.0008,-0.01538
2023-02-23,500ETF,Future (IC88 (CSI 500 Futures)),icw,0.4096,0.6,0.0,0,-0.006422,-0.0,0.0,-0.0,-0.01538
2023-02-24,500ETF,Future (IC88 (CSI 500 Futures)),icw,-0.5289,0.6,0.0,0,-0.004166,-0.0,0.0,-0.0,-0.01538
2023-02-27,500ETF,Future (IC88 (CSI 500 Futures)),icw,-0.3335,0.6,0.0,0,-0.005497,-0.0,0.0,-0.0,-0.01538
2023-02-28,500ETF,Future (IC88 (CSI 500 Futures)),icw,0.453,0.6,0.0,0,0.002211,0.0,0.0,0.0,-0.01538
2023-03-01,500ETF,Future (IC88 (CSI 500 Futures)),icw,-0.4088,0.6,0.0,0,0.003984,0.0,0.0,0.0,-0.01538
2023-03-02,500ETF,Future (IC88 (CSI 500 Futures)),icw,-0.3772,0.6,0.0,0,-0.004511,-0.0,0.0,-0.0,-0.01538
2023-03-03,500ETF,Future (IC88 (CSI 500 Futures)),icw,0.0789,0.6,0.0,0,-0.001128,-0.0,0.0,-0.0,-0.01538
2023-03-06,500ETF,Future (IC88 (CSI 500 Futures)),icw,-0.5402,0.6,0.0,0,0.000346,0.0,0.0,0.0,-0.01538
2023-03-07,500ETF,Future (IC88 (CSI 500 Futures)),icw,-0.3302,0.6,0.0,0,-0.009234,-0.0,0.0,-0.0,-0.01538
2023-03-08,500ETF,Future (IC88 (CSI 500 Futures)),icw,0.3716,0.6,0.0,0,0.001178,0.0,0.0,0.0,-0.01538
2023-03-09,500ETF,Future (IC88 (CSI 500 Futures)),icw,-0.7065,0.6,0.0,0,-0.000446,-0.0,0.0,-0.0,-0.01538
2023-03-10,500ETF,Future (IC88 (CSI 500 Futures)),icw,-0.7115,0.6,0.0,0,-0.000386,-0.0,0.0,-0.0,-0.01538
2023-03-13,500ETF,Future (IC88 (CSI 500 Futures)),icw,0.724,0.6,1.0,1,0.004994,0.004994,0.0008,0.004194,-0.011186
2023-03-14,500ETF,Future (IC88 (CSI 500 Futures)),icw,-0.5736,0.6,0.0,0,-0.004156,-0.0,0.0008,-0.0008,-0.011986
2023-03-15,500ETF,Future (IC88 (CSI 500 Futures)),icw,1.0958,0.6,1.0,1,-0.004554,-0.004554,0.0008,-0.005354,-0.017341
2023-03-16,500ETF,Future (IC88 (CSI 500 Futures)),icw,-0.4224,0.6,0.0,0,-0.006239,-0.0,0.0008,-0.0008,-0.018141
2023-03-17,500ETF,Future (IC88 (CSI 500 Futures)),icw,0.9983,0.6,1.0,1,-0.00469,-0.00469,0.0008,-0.00549,-0.023631
2023-03-20,500ETF,Future (IC88 (CSI 500 Futures)),icw,-0.7031,0.6,0.0,0,-0.00172,-0.0,0.0008,-0.0008,-0.024431
2023-03-21,500ETF,Future (IC88 (CSI 500 Futures)),icw,0.8085,0.6,1.0,1,0.000675,0.000675,0.0008,-0.000125,-0.024556
2023-03-22,500ETF,Future (IC88 (CSI 500 Futures)),icw,0.4855,0.6,0.0,0,0.000224,0.0,0.0008,-0.0008,-0.025356
2023-03-23,500ETF,Future (IC88 (CSI 500 Futures)),icw,0.1573,0.6,0.0,0,0.005225,0.0,0.0,0.0,-0.025356
2023-03-24,500ETF,Future (IC88 (CSI 500 Futures)),icw,-0.5036,0.6,0.0,0,0.000984,0.0,0.0,0.0,-0.025356
2023-03-27,500ETF,Future (IC88 (CSI 500 Futures)),icw,-0.1168,0.6,0.0,0,0.000698,0.0,0.0,0.0,-0.025356
2023-03-28,500ETF,Future (IC88 (CSI 500 Futures)),icw,-0.3785,0.6,0.0,0,0.001465,0.0,0.0,0.0,-0.025356
2023-03-29,500ETF,Future (IC88 (CSI 500 Futures)),icw,-0.429,0.6,0.0,0,-0.000191,-0.0,0.0,-0.0,-0.025356
2023-03-30,500ETF,Future (IC88 (CSI 500 Futures)),icw,-0.6218,0.6,0.0,0,0.003957,0.0,0.0,0.0,-0.025356
2023-03-31,500ETF,Future (IC88 (CSI 500 Futures)),icw,0.7131,0.6,1.0,1,0.001137,0.001137,0.0008,0.000337,-0.025019
2023-04-03,500ETF,Future (IC88 (CSI 500 Futures)),icw,0.9479,0.6,1.0,1,0.004246,0.004246,0.0,0.004246,-0.020772
2023-04-04,500ETF,Future (IC88 (CSI 500 Futures)),icw,-0.2236,0.6,0.0,0,-0.001155,-0.0,0.0008,-0.0008,-0.021572
2023-04-06,500ETF,Future (IC88 (CSI 500 Futures)),icw,0.2477,0.6,0.0,0,-0.000125,-0.0,0.0,-0.0,-0.021572
2023-04-07,500ETF,Future (IC88 (CSI 500 Futures)),icw,0.7097,0.6,1.0,1,0.00372,0.00372,0.0008,0.00292,-0.018652
2023-04-10,500ETF,Future (IC88 (CSI 500 Futures)),icw,-0.5961,0.6,0.0,0,-0.006118,-0.0,0.0008,-0.0008,-0.019452
2023-04-11,500ETF,Future (IC88 (CSI 500 Futures)),icw,-0.5718,0.6,0.0,0,-0.000966,-0.0,0.0,-0.0,-0.019452
2023-04-12,500ETF,Future (IC88 (CSI 500 Futures)),icw,0.3618,0.6,0.0,0,0.001897,0.0,0.0,0.0,-0.019452
2023-04-13,500ETF,Future (IC88 (CSI 500 Futures)),icw,-0.404,0.6,0.0,0,-0.003988,-0.0,0.0,-0.0,-0.019452
2023-04-14,500ETF,Future (IC88 (CSI 500 Futures)),icw,0.543,0.6,0.0,0,-0.00028,-0.0,0.0,-0.0,-0.019452
2023-04-17,500ETF,Future (IC88 (CSI 500 Futures)),icw,0.5093,0.6,0.0,0,0.00242,0.0,0.0,0.0,-0.019452
2023-04-18,500ETF,Future (IC88 (CSI 500 Futures)),icw,-0.5715,0.6,0.0,0,0.002237,0.0,0.0,0.0,-0.019452
2023-04-19,500ETF,Future (IC88 (CSI 500 Futures)),icw,-0.0717,0.6,0.0,0,-0.005663,-0.0,0.0,-0.0,-0.019452
2023-04-20,500ETF,Future (IC88 (CSI 500 Futures)),icw,-0.6,0.6,0.0,0,0.000594,0.0,0.0,0.0,-0.019452
2023-04-21,500ETF,Future (IC88 (CSI 500 Futures)),icw,-0.7843,0.6,0.0,0,-0.019036,-0.0,0.0,-0.0,-0.019452
2023-04-24,500ETF,Future (IC88 (CSI 500 Futures)),icw,-0.6507,0.6,0.0,0,-0.005672,-0.0,0.0,-0.0,-0.019452
2023-04-25,500ETF,Future (IC88 (CSI 500 Futures)),icw,-0.8542,0.6,0.0,0,-0.008937,-0.0,0.0,-0.0,-0.019452
2023-04-26,500ETF,Future (IC88 (CSI 500 Futures)),icw,0.9797,0.6,1.0,1,-0.002671,-0.002671,0.0008,-0.003471,-0.022923
2023-04-27,500ETF,Future (IC88 (CSI 500 Futures)),icw,0.3501,0.6,0.0,0,0.002115,0.0,0.0008,-0.0008,-0.023723
2023-04-28,500ETF,Future (IC88 (CSI 500 Futures)),icw,1.0834,0.6,1.0,1,0.003569,0.003569,0.0008,0.002769,-0.020954
2023-05-04,500ETF,Future (IC88 (CSI 500 Futures)),icw,0.4449,0.6,0.0,0,-0.000353,-0.0,0.0008,-0.0008,-0.021754
2023-05-05,500ETF,Future (IC88 (CSI 500 Futures)),icw,-0.8758,0.6,0.0,0,-0.005242,-0.0,0.0,-0.0,-0.021754
2023-05-08,500ETF,Future (IC88 (CSI 500 Futures)),icw,0.4438,0.6,0.0,0,0.00548,0.0,0.0,0.0,-0.021754
2023-05-09,500ETF,Future (IC88 (CSI 500 Futures)),icw,-0.5743,0.6,0.0,0,-0.004457,-0.0,0.0,-0.0,-0.021754
2023-05-10,500ETF,Future (IC88 (CSI 500 Futures)),icw,0.0669,0.6,0.0,0,-0.003382,-0.0,0.0,-0.0,-0.021754
2023-05-11,500ETF,Future (IC88 (CSI 500 Futures)),icw,-0.4157,0.6,0.0,0,-0.003387,-0.0,0.0,-0.0,-0.021754
2023-05-12,500ETF,Future (IC88 (CSI 500 Futures)),icw,0.4768,0.6,0.0,0,-0.011616,-0.0,0.0,-0.0,-0.021754
2023-05-15,500ETF,Future (IC88 (CSI 500 Futures)),icw,-0.531,0.6,0.0,0,0.009995,0.0,0.0,0.0,-0.021754
2023-05-16,500ETF,Future (IC88 (CSI 500 Futures)),icw,-0.7844,0.6,0.0,0,-0.005441,-0.0,0.0,-0.0,-0.021754
2023-05-17,500ETF,Future (IC88 (CSI 500 Futures)),icw,-0.0459,0.6,0.0,0,-0.001641,-0.0,0.0,-0.0,-0.021754
2023-05-18,500ETF,Future (IC88 (CSI 500 Futures)),icw,0.298,0.6,0.0,0,-0.001506,-0.0,0.0,-0.0,-0.021754
2023-05-19,500ETF,Future (IC88 (CSI 500 Futures)),icw,-0.8831,0.6,0.0,0,0.004233,0.0,0.0,0.0,-0.021754
2023-05-22,500ETF,Future (IC88 (CSI 500 Futures)),icw,-0.3045,0.6,0.0,0,0.001115,0.0,0.0,0.0,-0.021754
2023-05-23,500ETF,Future (IC88 (CSI 500 Futures)),icw,-0.7604,0.6,0.0,0,-0.003065,-0.0,0.0,-0.0,-0.021754
2023-05-24,500ETF,Future (IC88 (CSI 500 Futures)),icw,-0.9293,0.6,-1.0,1,0.003802,-0.003802,0.0008,-0.004602,-0.026356
2023-05-25,500ETF,Future (IC88 (CSI 500 Futures)),icw,0.5758,0.6,0.0,0,-0.008372,-0.0,0.0008,-0.0008,-0.027156
2023-05-26,500ETF,Future (IC88 (CSI 500 Futures)),icw,-0.8221,0.6,0.0,0,0.013716,0.0,0.0,0.0,-0.027156
2023-05-29,500ETF,Future (IC88 (CSI 500 Futures)),icw,0.0823,0.6,0.0,0,-0.00558,-0.0,0.0,-0.0,-0.027156
2023-05-30,500ETF,Future (IC88 (CSI 500 Futures)),icw,-0.4865,0.6,0.0,0,0.006803,0.0,0.0,0.0,-0.027156
2023-05-31,500ETF,Future (IC88 (CSI 500 Futures)),icw,-0.307,0.6,0.0,0,-0.002588,-0.0,0.0,-0.0,-0.027156
2023-06-01,500ETF,Future (IC88 (CSI 500 Futures)),icw,-0.0416,0.6,0.0,0,-0.004724,-0.0,0.0,-0.0,-0.027156
2023-06-02,500ETF,Future (IC88 (CSI 500 Futures)),icw,0.8464,0.6,1.0,1,0.002494,0.002494,0.0008,0.001694,-0.025462
2023-06-05,500ETF,Future (IC88 (CSI 500 Futures)),icw,-0.6094,0.6,0.0,0,-0.00023,-0.0,0.0008,-0.0008,-0.026262
2023-06-06,500ETF,Future (IC88 (CSI 500 Futures)),icw,-0.8597,0.6,0.0,0,-0.011323,-0.0,0.0,-0.0,-0.026262
2023-06-07,500ETF,Future (IC88 (CSI 500 Futures)),icw,0.1361,0.6,0.0,0,-0.006049,-0.0,0.0,-0.0,-0.026262
2023-06-08,500ETF,Future (IC88 (CSI 500 Futures)),icw,-0.835,0.6,0.0,0,0.001614,0.0,0.0,0.0,-0.026262
2023-06-09,500ETF,Future (IC88 (CSI 500 Futures)),icw,0.0057,0.6,0.0,0,0.004136,0.0,0.0,0.0,-0.026262
2023-06-12,500ETF,Future (IC88 (CSI 500 Futures)),icw,-0.5424,0.6,0.0,0,0.002425,0.0,0.0,0.0,-0.026262
2023-06-13,500ETF,Future (IC88 (CSI 500 Futures)),icw,0.0219,0.6,0.0,0,0.003546,0.0,0.0,0.0,-0.026262
2023-06-14,500ETF,Future (IC88 (CSI 500 Futures)),icw,0.0899,0.6,0.0,0,-0.000926,-0.0,0.0,-0.0,-0.026262
2023-06-15,500ETF,Future (IC88 (CSI 500 Futures)),icw,0.2555,0.6,0.0,0,0.005594,0.0,0.0,0.0,-0.026262
2023-06-16,500ETF,Future (IC88 (CSI 500 Futures)),icw,0.4096,0.6,0.0,0,0.005361,0.0,0.0,0.0,-0.026262
2023-06-19,500ETF,Future (IC88 (CSI 500 Futures)),icw,-0.7456,0.6,0.0,0,-0.002321,-0.0,0.0,-0.0,-0.026262
2023-06-20,500ETF,Future (IC88 (CSI 500 Futures)),icw,-0.4331,0.6,0.0,0,0.000131,0.0,0.0,0.0,-0.026262
2023-06-21,500ETF,Future (IC88 (CSI 500 Futures)),icw,-0.9459,0.6,-1.0,1,-0.008362,0.008362,0.0008,0.007562,-0.018699
2023-06-26,500ETF,Future (IC88 (CSI 500 Futures)),icw,-0.2715,0.6,0.0,0,-0.005291,-0.0,0.0008,-0.0008,-0.019499
2023-06-27,500ETF,Future (IC88 (CSI 500 Futures)),icw,0.797,0.6,1.0,1,0.002603,0.002603,0.0008,0.001803,-0.017696
2023-06-28,500ETF,Future (IC88 (CSI 500 Futures)),icw,-1.045,0.6,-1.0,1,0.009067,-0.009067,0.0016,-0.010667,-0.028364
2023-06-29,500ETF,Future (IC88 (CSI 500 Futures)),icw,0.2366,0.6,0.0,0,-0.000169,-0.0,0.0008,-0.0008,-0.029164
2023-06-30,500ETF,Future (IC88 (CSI 500 Futures)),icw,0.842,0.6,1.0,1,0.005461,0.005461,0.0008,0.004661,-0.024503
2023-07-03,500ETF,Future (IC88 (CSI 500 Futures)),icw,0.7541,0.6,1.0,1,0.002462,0.002462,0.0,0.002462,-0.022041
2023-07-04,500ETF,Future (IC88 (CSI 500 Futures)),icw,-0.6433,0.6,0.0,0,0.001692,0.0,0.0008,-0.0008,-0.022841
2023-07-05,500ETF,Future (IC88 (CSI 500 Futures)),icw,-0.6146,0.6,0.0,0,-0.003258,-0.0,0.0,-0.0,-0.022841
2023-07-06,500ETF,Future (IC88 (CSI 500 Futures)),icw,-0.393,0.6,0.0,0,-0.009206,-0.0,0.0,-0.0,-0.022841
2023-07-07,500ETF,Future (IC88 (CSI 500 Futures)),icw,-0.7254,0.6,0.0,0,0.002962,0.0,0.0,0.0,-0.022841
2023-07-10,500ETF,Future (IC88 (CSI 500 Futures)),icw,0.2418,0.6,0.0,0,-0.003819,-0.0,0.0,-0.0,-0.022841
2023-07-11,500ETF,Future (IC88 (CSI 500 Futures)),icw,-0.4259,0.6,0.0,0,0.007869,0.0,0.0,0.0,-0.022841
2023-07-12,500ETF,Future (IC88 (CSI 500 Futures)),icw,-0.5047,0.6,0.0,0,-0.006175,-0.0,0.0,-0.0,-0.022841
2023-07-13,500ETF,Future (IC88 (CSI 500 Futures)),icw,1.1577,0.6,1.0,1,0.003149,0.003149,0.0008,0.002349,-0.020492
2023-07-14,500ETF,Future (IC88 (CSI 500 Futures)),icw,-0.5629,0.6,0.0,0,-0.002517,-0.0,0.0008,-0.0008,-0.021292
2023-07-17,500ETF,Future (IC88 (CSI 500 Futures)),icw,-0.8241,0.6,0.0,0,-0.000767,-0.0,0.0,-0.0,-0.021292
2023-07-18,500ETF,Future (IC88 (CSI 500 Futures)),icw,-0.6135,0.6,0.0,0,0.001301,0.0,0.0,0.0,-0.021292
2023-07-19,500ETF,Future (IC88 (CSI 500 Futures)),icw,0.31,0.6,0.0,0,-0.003337,-0.0,0.0,-0.0,-0.021292
2023-07-20,500ETF,Future (IC88 (CSI 500 Futures)),icw,-0.1652,0.6,0.0,0,-0.008932,-0.0,0.0,-0.0,-0.021292
2023-07-21,500ETF,Future (IC88 (CSI 500 Futures)),icw,0.0447,0.6,0.0,0,-0.001551,-0.0,0.0,-0.0,-0.021292
2023-07-24,500ETF,Future (IC88 (CSI 500 Futures)),icw,-0.3499,0.6,0.0,0,-0.002059,-0.0,0.0,-0.0,-0.021292
2023-07-25,500ETF,Future (IC88 (CSI 500 Futures)),icw,0.883,0.6,1.0,1,0.002631,0.002631,0.0008,0.001831,-0.01946
2023-07-26,500ETF,Future (IC88 (CSI 500 Futures)),icw,-0.7033,0.6,0.0,0,-0.003198,-0.0,0.0008,-0.0008,-0.02026
2023-07-27,500ETF,Future (IC88 (CSI 500 Futures)),icw,0.1636,0.6,0.0,0,-0.008791,-0.0,0.0,-0.0,-0.02026
2023-07-28,500ETF,Future (IC88 (CSI 500 Futures)),icw,-0.362,0.6,0.0,0,0.018159,0.0,0.0,0.0,-0.02026
2023-07-31,500ETF,Future (IC88 (CSI 500 Futures)),icw,1.2705,0.6,1.0,1,-0.004979,-0.004979,0.0008,-0.005779,-0.026039
2023-08-01,500ETF,Future (IC88 (CSI 500 Futures)),icw,0.1076,0.6,0.0,0,-0.001866,-0.0,0.0008,-0.0008,-0.026839
2023-08-02,500ETF,Future (IC88 (CSI 500 Futures)),icw,0.0616,0.6,0.0,0,-0.00644,-0.0,0.0,-0.0,-0.026839
2023-08-03,500ETF,Future (IC88 (CSI 500 Futures)),icw,-0.1764,0.6,0.0,0,0.003259,0.0,0.0,0.0,-0.026839
2023-08-04,500ETF,Future (IC88 (CSI 500 Futures)),icw,0.9624,0.6,1.0,1,-0.001597,-0.001597,0.0008,-0.002397,-0.029235
2023-08-07,500ETF,Future (IC88 (CSI 500 Futures)),icw,-0.8934,0.6,0.0,0,-0.000885,-0.0,0.0008,-0.0008,-0.030035
2023-08-08,500ETF,Future (IC88 (CSI 500 Futures)),icw,-0.9243,0.6,-1.0,1,0.003554,-0.003554,0.0008,-0.004354,-0.034389
2023-08-09,500ETF,Future (IC88 (CSI 500 Futures)),icw,-0.0631,0.6,0.0,0,-0.005843,-0.0,0.0008,-0.0008,-0.035189
2023-08-10,500ETF,Future (IC88 (CSI 500 Futures)),icw,0.1989,0.6,0.0,0,-3.3e-05,-0.0,0.0,-0.0,-0.035189
2023-08-11,500ETF,Future (IC88 (CSI 500 Futures)),icw,-0.883,0.6,0.0,0,-0.011559,-0.0,0.0,-0.0,-0.035189
2023-08-14,500ETF,Future (IC88 (CSI 500 Futures)),icw,-0.5531,0.6,0.0,0,0.007059,0.0,0.0,0.0,-0.035189
2023-08-15,500ETF,Future (IC88 (CSI 500 Futures)),icw,-0.5464,0.6,0.0,0,-0.002921,-0.0,0.0,-0.0,-0.035189
2023-08-16,500ETF,Future (IC88 (CSI 500 Futures)),icw,-0.219,0.6,0.0,0,-0.003411,-0.0,0.0,-0.0,-0.035189
2023-08-17,500ETF,Future (IC88 (CSI 500 Futures)),icw,-0.7181,0.6,0.0,0,0.012387,0.0,0.0,0.0,-0.035189
2023-08-18,500ETF,Future (IC88 (CSI 500 Futures)),icw,-0.0657,0.6,0.0,0,-0.012911,-0.0,0.0,-0.0,-0.035189
2023-08-21,500ETF,Future (IC88 (CSI 500 Futures)),icw,0.4512,0.6,0.0,0,-0.008478,-0.0,0.0,-0.0,-0.035189
2023-08-22,500ETF,Future (IC88 (CSI 500 Futures)),icw,0.0348,0.6,0.0,0,0.006077,0.0,0.0,0.0,-0.035189
2023-08-23,500ETF,Future (IC88 (CSI 500 Futures)),icw,-1.0879,0.6,-1.0,1,-0.009718,0.009718,0.0008,0.008918,-0.026272
2023-08-24,500ETF,Future (IC88 (CSI 500 Futures)),icw,-0.0987,0.6,0.0,0,0.004921,0.0,0.0008,-0.0008,-0.027072
2023-08-25,500ETF,Future (IC88 (CSI 500 Futures)),icw,-0.4465,0.6,0.0,0,-0.01568,-0.0,0.0,-0.0,-0.027072
2023-08-28,500ETF,Future (IC88 (CSI 500 Futures)),icw,-0.3269,0.6,0.0,0,-0.02292,-0.0,0.0,-0.0,-0.027072
2023-08-29,500ETF,Future (IC88 (CSI 500 Futures)),icw,1.0802,0.6,1.0,1,0.013467,0.013467,0.0008,0.012667,-0.014405
2023-08-30,500ETF,Future (IC88 (CSI 500 Futures)),icw,0.8526,0.6,1.0,1,-0.007032,-0.007032,0.0,-0.007032,-0.021437
2023-08-31,500ETF,Future (IC88 (CSI 500 Futures)),icw,-0.4255,0.6,0.0,0,-0.002399,-0.0,0.0008,-0.0008,-0.022237
2023-09-01,500ETF,Future (IC88 (CSI 500 Futures)),icw,0.2477,0.6,0.0,0,-0.002191,-0.0,0.0,-0.0,-0.022237
2023-09-04,500ETF,Future (IC88 (CSI 500 Futures)),icw,-0.0281,0.6,0.0,0,0.007485,0.0,0.0,0.0,-0.022237
2023-09-05,500ETF,Future (IC88 (CSI 500 Futures)),icw,-0.5702,0.6,0.0,0,-0.004004,-0.0,0.0,-0.0,-0.022237
2023-09-06,500ETF,Future (IC88 (CSI 500 Futures)),icw,-0.8739,0.6,0.0,0,0.00688,0.0,0.0,0.0,-0.022237
2023-09-07,500ETF,Future (IC88 (CSI 500 Futures)),icw,-0.88,0.6,0.0,0,-0.010061,-0.0,0.0,-0.0,-0.022237
2023-09-08,500ETF,Future (IC88 (CSI 500 Futures)),icw,0.4279,0.6,0.0,0,0.00186,0.0,0.0,0.0,-0.022237
2023-09-11,500ETF,Future (IC88 (CSI 500 Futures)),icw,0.4038,0.6,0.0,0,0.008178,0.0,0.0,0.0,-0.022237
2023-09-12,500ETF,Future (IC88 (CSI 500 Futures)),icw,-0.3827,0.6,0.0,0,0.001283,0.0,0.0,0.0,-0.022237
2023-09-13,500ETF,Future (IC88 (CSI 500 Futures)),icw,-0.4042,0.6,0.0,0,-0.0102,-0.0,0.0,-0.0,-0.022237
2023-09-14,500ETF,Future (IC88 (CSI 500 Futures)),icw,-0.3949,0.6,0.0,0,-0.00021,-0.0,0.0,-0.0,-0.022237
2023-09-15,500ETF,Future (IC88 (CSI 500 Futures)),icw,-0.6203,0.6,0.0,0,-0.000914,-0.0,0.0,-0.0,-0.022237
2023-09-18,500ETF,Future (IC88 (CSI 500 Futures)),icw,-0.4694,0.6,0.0,0,0.005417,0.0,0.0,0.0,-0.022237
2023-09-19,500ETF,Future (IC88 (CSI 500 Futures)),icw,-0.8557,0.6,0.0,0,0.002844,0.0,0.0,0.0,-0.022237
2023-09-20,500ETF,Future (IC88 (CSI 500 Futures)),icw,-0.1282,0.6,0.0,0,-0.004328,-0.0,0.0,-0.0,-0.022237
2023-09-21,500ETF,Future (IC88 (CSI 500 Futures)),icw,0.5382,0.6,0.0,0,-0.00656,-0.0,0.0,-0.0,-0.022237
2023-09-22,500ETF,Future (IC88 (CSI 500 Futures)),icw,0.0991,0.6,0.0,0,0.014513,0.0,0.0,0.0,-0.022237
2023-09-25,500ETF,Future (IC88 (CSI 500 Futures)),icw,-0.5081,0.6,0.0,0,-0.001302,-0.0,0.0,-0.0,-0.022237
2023-09-26,500ETF,Future (IC88 (CSI 500 Futures)),icw,0.0388,0.6,0.0,0,-7.1e-05,-0.0,0.0,-0.0,-0.022237
2023-09-27,500ETF,Future (IC88 (CSI 500 Futures)),icw,1.0717,0.6,1.0,1,-0.00231,-0.00231,0.0008,-0.00311,-0.025348
2023-09-28,500ETF,Future (IC88 (CSI 500 Futures)),icw,0.4611,0.6,0.0,0,-0.004242,-0.0,0.0008,-0.0008,-0.026148
2023-10-09,500ETF,Future (IC88 (CSI 500 Futures)),icw,-0.9816,0.6,-1.0,1,-0.001024,0.001024,0.0008,0.000224,-0.025924
2023-10-10,500ETF,Future (IC88 (CSI 500 Futures)),icw,0.0909,0.6,0.0,0,-0.004251,-0.0,0.0008,-0.0008,-0.026724
2023-10-11,500ETF,Future (IC88 (CSI 500 Futures)),icw,0.3436,0.6,0.0,0,-0.008964,-0.0,0.0,-0.0,-0.026724
2023-10-12,500ETF,Future (IC88 (CSI 500 Futures)),icw,0.4631,0.6,0.0,0,0.001977,0.0,0.0,0.0,-0.026724
2023-10-13,500ETF,Future (IC88 (CSI 500 Futures)),icw,-0.8055,0.6,0.0,0,3.6e-05,0.0,0.0,0.0,-0.026724
2023-10-16,500ETF,Future (IC88 (CSI 500 Futures)),icw,-0.8972,0.6,0.0,0,-0.004303,-0.0,0.0,-0.0,-0.026724
2023-10-17,500ETF,Future (IC88 (CSI 500 Futures)),icw,-0.5548,0.6,0.0,0,0.002474,0.0,0.0,0.0,-0.026724
2023-10-18,500ETF,Future (IC88 (CSI 500 Futures)),icw,-1.11,0.6,-1.0,1,-0.002312,0.002312,0.0008,0.001512,-0.025212
2023-10-19,500ETF,Future (IC88 (CSI 500 Futures)),icw,0.1749,0.6,0.0,0,-0.00743,-0.0,0.0008,-0.0008,-0.026012
2023-10-20,500ETF,Future (IC88 (CSI 500 Futures)),icw,0.324,0.6,0.0,0,-0.003786,-0.0,0.0,-0.0,-0.026012
2023-10-23,500ETF,Future (IC88 (CSI 500 Futures)),icw,-1.0764,0.6,-1.0,1,-0.015574,0.015574,0.0008,0.014774,-0.011238
2023-10-24,500ETF,Future (IC88 (CSI 500 Futures)),icw,-0.1238,0.6,0.0,0,0.010372,0.0,0.0008,-0.0008,-0.012038
2023-10-25,500ETF,Future (IC88 (CSI 500 Futures)),icw,1.1751,0.6,1.0,1,-0.008326,-0.008326,0.0008,-0.009126,-0.021164
2023-10-26,500ETF,Future (IC88 (CSI 500 Futures)),icw,-0.5249,0.6,0.0,0,0.007686,0.0,0.0008,-0.0008,-0.021964
2023-10-27,500ETF,Future (IC88 (CSI 500 Futures)),icw,0.6958,0.6,1.0,1,0.018066,0.018066,0.0008,0.017266,-0.004697
2023-10-30,500ETF,Future (IC88 (CSI 500 Futures)),icw,0.7754,0.6,1.0,1,0.00641,0.00641,0.0,0.00641,0.001713
2023-10-31,500ETF,Future (IC88 (CSI 500 Futures)),icw,-0.381,0.6,0.0,0,-0.000507,-0.0,0.0008,-0.0008,0.000913
2023-11-01,500ETF,Future (IC88 (CSI 500 Futures)),icw,-0.5178,0.6,0.0,0,-0.000801,-0.0,0.0,-0.0,0.000913
2023-11-02,500ETF,Future (IC88 (CSI 500 Futures)),icw,0.2243,0.6,0.0,0,-0.004311,-0.0,0.0,-0.0,0.000913
2023-11-03,500ETF,Future (IC88 (CSI 500 Futures)),icw,0.8866,0.6,1.0,1,0.003602,0.003602,0.0008,0.002802,0.003715
2023-11-06,500ETF,Future (IC88 (CSI 500 Futures)),icw,1.0302,0.6,1.0,1,0.004774,0.004774,0.0,0.004774,0.008489
2023-11-07,500ETF,Future (IC88 (CSI 500 Futures)),icw,-0.3203,0.6,0.0,0,0.005469,0.0,0.0008,-0.0008,0.007689
2023-11-08,500ETF,Future (IC88 (CSI 500 Futures)),icw,-0.2088,0.6,0.0,0,-0.003862,-0.0,0.0,-0.0,0.007689
2023-11-09,500ETF,Future (IC88 (CSI 500 Futures)),icw,0.8541,0.6,1.0,1,-0.004189,-0.004189,0.0008,-0.004989,0.002701
2023-11-10,500ETF,Future (IC88 (CSI 500 Futures)),icw,-0.7826,0.6,0.0,0,0.001512,0.0,0.0008,-0.0008,0.001901
2023-11-13,500ETF,Future (IC88 (CSI 500 Futures)),icw,-0.2373,0.6,0.0,0,0.003238,0.0,0.0,0.0,0.001901
2023-11-14,500ETF,Future (IC88 (CSI 500 Futures)),icw,0.8692,0.6,1.0,1,-0.003357,-0.003357,0.0008,-0.004157,-0.002256
2023-11-15,500ETF,Future (IC88 (CSI 500 Futures)),icw,-0.0349,0.6,0.0,0,-0.003057,-0.0,0.0008,-0.0008,-0.003056
2023-11-16,500ETF,Future (IC88 (CSI 500 Futures)),icw,-0.4845,0.6,0.0,0,-0.003569,-0.0,0.0,-0.0,-0.003056
2023-11-17,500ETF,Future (IC88 (CSI 500 Futures)),icw,0.322,0.6,0.0,0,0.003258,0.0,0.0,0.0,-0.003056
2023-11-20,500ETF,Future (IC88 (CSI 500 Futures)),icw,-0.6425,0.6,0.0,0,0.011901,0.0,0.0,0.0,-0.003056
2023-11-21,500ETF,Future (IC88 (CSI 500 Futures)),icw,0.7922,0.6,1.0,1,-0.009362,-0.009362,0.0008,-0.010162,-0.013218
2023-11-22,500ETF,Future (IC88 (CSI 500 Futures)),icw,0.0442,0.6,0.0,0,-0.00755,-0.0,0.0008,-0.0008,-0.014018
2023-11-23,500ETF,Future (IC88 (CSI 500 Futures)),icw,-0.2276,0.6,0.0,0,0.012676,0.0,0.0,0.0,-0.014018
2023-11-24,500ETF,Future (IC88 (CSI 500 Futures)),icw,-0.9316,0.6,-1.0,1,-0.002123,0.002123,0.0008,0.001323,-0.012695
2023-11-27,500ETF,Future (IC88 (CSI 500 Futures)),icw,-0.5711,0.6,0.0,0,0.004557,0.0,0.0008,-0.0008,-0.013495
2023-11-28,500ETF,Future (IC88 (CSI 500 Futures)),icw,-0.8429,0.6,0.0,0,0.003312,0.0,0.0,0.0,-0.013495
2023-11-29,500ETF,Future (IC88 (CSI 500 Futures)),icw,-0.4917,0.6,0.0,0,-0.004259,-0.0,0.0,-0.0,-0.013495
2023-11-30,500ETF,Future (IC88 (CSI 500 Futures)),icw,-0.4962,0.6,0.0,0,7.3e-05,0.0,0.0,0.0,-0.013495
2023-12-01,500ETF,Future (IC88 (CSI 500 Futures)),icw,-0.6827,0.6,0.0,0,0.005695,0.0,0.0,0.0,-0.013495
2023-12-04,500ETF,Future (IC88 (CSI 500 Futures)),icw,-0.3228,0.6,0.0,0,-0.005381,-0.0,0.0,-0.0,-0.013495
2023-12-05,500ETF,Future (IC88 (CSI 500 Futures)),icw,-0.9286,0.6,-1.0,1,-0.002816,0.002816,0.0008,0.002016,-0.011479
2023-12-06,500ETF,Future (IC88 (CSI 500 Futures)),icw,0.6339,0.6,1.0,1,0.002821,0.002821,0.0016,0.001221,-0.010258
2023-12-07,500ETF,Future (IC88 (CSI 500 Futures)),icw,-0.7575,0.6,0.0,0,0.008719,0.0,0.0008,-0.0008,-0.011058
2023-12-08,500ETF,Future (IC88 (CSI 500 Futures)),icw,0.3378,0.6,0.0,0,0.003498,0.0,0.0,0.0,-0.011058
2023-12-11,500ETF,Future (IC88 (CSI 500 Futures)),icw,-1.067,0.6,-1.0,1,0.021671,-0.021671,0.0008,-0.022471,-0.03353
2023-12-12,500ETF,Future (IC88 (CSI 500 Futures)),icw,-0.0159,0.6,0.0,0,0.002913,0.0,0.0008,-0.0008,-0.03433
2023-12-13,500ETF,Future (IC88 (CSI 500 Futures)),icw,-0.6909,0.6,0.0,0,-0.005125,-0.0,0.0,-0.0,-0.03433
2023-12-14,500ETF,Future (IC88 (CSI 500 Futures)),icw,0.8338,0.6,1.0,1,-0.008403,-0.008403,0.0008,-0.009203,-0.043532
2023-12-15,500ETF,Future (IC88 (CSI 500 Futures)),icw,0.0344,0.6,0.0,0,-0.009471,-0.0,0.0008,-0.0008,-0.044332
2023-12-18,500ETF,Future (IC88 (CSI 500 Futures)),icw,-0.4121,0.6,0.0,0,-0.008142,-0.0,0.0,-0.0,-0.044332
2023-12-19,500ETF,Future (IC88 (CSI 500 Futures)),icw,-0.4216,0.6,0.0,0,-0.003099,-0.0,0.0,-0.0,-0.044332
2023-12-20,500ETF,Future (IC88 (CSI 500 Futures)),icw,-0.5504,0.6,0.0,0,-0.009019,-0.0,0.0,-0.0,-0.044332
2023-12-21,500ETF,Future (IC88 (CSI 500 Futures)),icw,-0.0121,0.6,0.0,0,0.009898,0.0,0.0,0.0,-0.044332
2023-12-22,500ETF,Future (IC88 (CSI 500 Futures)),icw,-0.9898,0.6,-1.0,1,0.002675,-0.002675,0.0008,-0.003475,-0.047807
2023-12-25,500ETF,Future (IC88 (CSI 500 Futures)),icw,0.8553,0.6,1.0,1,-0.001278,-0.001278,0.0016,-0.002878,-0.050686
2023-12-26,500ETF,Future (IC88 (CSI 500 Futures)),icw,-0.8383,0.6,0.0,0,-0.004472,-0.0,0.0008,-0.0008,-0.051486
2023-12-27,500ETF,Future (IC88 (CSI 500 Futures)),icw,-0.5024,0.6,0.0,0,0.007962,0.0,0.0,0.0,-0.051486
2023-12-28,500ETF,Future (IC88 (CSI 500 Futures)),icw,0.7082,0.6,1.0,1,0.011958,0.011958,0.0008,0.011158,-0.040328
2023-12-29,500ETF,Future (IC88 (CSI 500 Futures)),icw,0.9554,0.6,1.0,1,7.4e-05,7.4e-05,0.0,7.4e-05,-0.040254
2024-01-02,500ETF,Future (IC88 (CSI 500 Futures)),icw,-0.5986,0.6,0.0,0,-0.000517,-0.0,0.0008,-0.0008,-0.041054
2024-01-03,500ETF,Future (IC88 (CSI 500 Futures)),icw,0.7528,0.6,1.0,1,-0.003258,-0.003258,0.0008,-0.004058,-0.045113
2024-01-04,500ETF,Future (IC88 (CSI 500 Futures)),icw,-0.9377,0.6,-1.0,1,-0.003439,0.003439,0.0016,0.001839,-0.043274
2024-01-05,500ETF,Future (IC88 (CSI 500 Futures)),icw,0.4323,0.6,0.0,0,-0.015381,-0.0,0.0008,-0.0008,-0.044074
2024-01-08,500ETF,Future (IC88 (CSI 500 Futures)),icw,-0.9906,0.6,-1.0,1,-0.015159,0.015159,0.0008,0.014359,-0.029714
2024-01-09,500ETF,Future (IC88 (CSI 500 Futures)),icw,0.0451,0.6,0.0,0,-0.001393,-0.0,0.0008,-0.0008,-0.030514
2024-01-10,500ETF,Future (IC88 (CSI 500 Futures)),icw,-0.9056,0.6,-1.0,1,-0.002445,0.002445,0.0008,0.001645,-0.028869
2024-01-11,500ETF,Future (IC88 (CSI 500 Futures)),icw,0.562,0.6,0.0,0,0.010583,0.0,0.0008,-0.0008,-0.029669
2024-01-12,500ETF,Future (IC88 (CSI 500 Futures)),icw,0.6563,0.6,1.0,1,-0.0028,-0.0028,0.0008,-0.0036,-0.033269
2024-01-15,500ETF,Future (IC88 (CSI 500 Futures)),icw,-0.6165,0.6,0.0,0,0.001234,0.0,0.0008,-0.0008,-0.034069
2024-01-16,500ETF,Future (IC88 (CSI 500 Futures)),icw,-0.2133,0.6,0.0,0,-0.007781,-0.0,0.0,-0.0,-0.034069
2024-01-17,500ETF,Future (IC88 (CSI 500 Futures)),icw,-0.8303,0.6,0.0,0,-0.012271,-0.0,0.0,-0.0,-0.034069
2024-01-18,500ETF,Future (IC88 (CSI 500 Futures)),icw,-0.9469,0.6,-1.0,1,-0.004122,0.004122,0.0008,0.003322,-0.030747
2024-01-19,500ETF,Future (IC88 (CSI 500 Futures)),icw,0.4751,0.6,0.0,0,-0.006064,-0.0,0.0008,-0.0008,-0.031547
2024-01-22,500ETF,Future (IC88 (CSI 500 Futures)),icw,-1.1126,0.6,-1.0,1,-0.04369,0.04369,0.0008,0.04289,0.011343
2024-01-23,500ETF,Future (IC88 (CSI 500 Futures)),icw,-0.267,0.6,0.0,0,0.020643,0.0,0.0008,-0.0008,0.010543
2024-01-24,500ETF,Future (IC88 (CSI 500 Futures)),icw,0.6543,0.6,1.0,1,0.006524,0.006524,0.0008,0.005724,0.016267
2024-01-25,500ETF,Future (IC88 (CSI 500 Futures)),icw,0.547,0.6,0.0,0,0.026965,0.0,0.0008,-0.0008,0.015467
2024-01-26,500ETF,Future (IC88 (CSI 500 Futures)),icw,0.1504,0.6,0.0,0,-0.005797,-0.0,0.0,-0.0,0.015467
2024-01-29,500ETF,Future (IC88 (CSI 500 Futures)),icw,-0.4647,0.6,0.0,0,-0.006498,-0.0,0.0,-0.0,0.015467
2024-01-30,500ETF,Future (IC88 (CSI 500 Futures)),icw,0.1747,0.6,0.0,0,-0.020036,-0.0,0.0,-0.0,0.015467
2024-01-31,500ETF,Future (IC88 (CSI 500 Futures)),icw,0.504,0.6,0.0,0,-0.008509,-0.0,0.0,-0.0,0.015467
2024-02-01,500ETF,Future (IC88 (CSI 500 Futures)),icw,0.113,0.6,0.0,0,0.012445,0.0,0.0,0.0,0.015467
2024-02-02,500ETF,Future (IC88 (CSI 500 Futures)),icw,0.9613,0.6,1.0,1,-0.030357,-0.030357,0.0008,-0.031157,-0.015691
2024-02-05,500ETF,Future (IC88 (CSI 500 Futures)),icw,-1.5047,0.6,-1.0,1,0.029852,-0.029852,0.0016,-0.031452,-0.047142
2024-02-06,500ETF,Future (IC88 (CSI 500 Futures)),icw,1.4629,0.6,1.0,1,0.053901,0.053901,0.0016,0.052301,0.005159
2024-02-07,500ETF,Future (IC88 (CSI 500 Futures)),icw,1.7622,0.6,1.0,1,0.006049,0.006049,0.0,0.006049,0.011208
2024-02-08,500ETF,Future (IC88 (CSI 500 Futures)),icw,1.7133,0.6,1.0,1,-0.03343,-0.03343,0.0,-0.03343,-0.022222
2024-02-19,500ETF,Future (IC88 (CSI 500 Futures)),icw,-0.6972,0.6,0.0,0,-0.009449,-0.0,0.0008,-0.0008,-0.023022
2024-02-20,500ETF,Future (IC88 (CSI 500 Futures)),icw,-0.6574,0.6,0.0,0,0.008847,0.0,0.0,0.0,-0.023022
2024-02-21,500ETF,Future (IC88 (CSI 500 Futures)),icw,-0.0433,0.6,0.0,0,0.008049,0.0,0.0,0.0,-0.023022
2024-02-22,500ETF,Future (IC88 (CSI 500 Futures)),icw,1.1424,0.6,1.0,1,-0.001126,-0.001126,0.0008,-0.001926,-0.024949
2024-02-23,500ETF,Future (IC88 (CSI 500 Futures)),icw,-0.6153,0.6,0.0,0,0.007712,0.0,0.0008,-0.0008,-0.025749
2024-02-26,500ETF,Future (IC88 (CSI 500 Futures)),icw,0.2335,0.6,0.0,0,0.004787,0.0,0.0,0.0,-0.025749
2024-02-27,500ETF,Future (IC88 (CSI 500 Futures)),icw,0.2921,0.6,0.0,0,0.020078,0.0,0.0,0.0,-0.025749
2024-02-28,500ETF,Future (IC88 (CSI 500 Futures)),icw,1.2067,0.6,1.0,1,-0.01724,-0.01724,0.0008,-0.01804,-0.043788
2024-02-29,500ETF,Future (IC88 (CSI 500 Futures)),icw,1.4335,0.6,1.0,1,0.011934,0.011934,0.0,0.011934,-0.031854
2024-03-01,500ETF,Future (IC88 (CSI 500 Futures)),icw,0.4014,0.6,0.0,0,0.003284,0.0,0.0008,-0.0008,-0.032654
2024-03-04,500ETF,Future (IC88 (CSI 500 Futures)),icw,-0.3033,0.6,0.0,0,0.004098,0.0,0.0,0.0,-0.032654
2024-03-05,500ETF,Future (IC88 (CSI 500 Futures)),icw,-0.0001,0.6,0.0,0,-0.003097,-0.0,0.0,-0.0,-0.032654
2024-03-06,500ETF,Future (IC88 (CSI 500 Futures)),icw,-0.2654,0.6,0.0,0,0.005886,0.0,0.0,0.0,-0.032654
2024-03-07,500ETF,Future (IC88 (CSI 500 Futures)),icw,0.817,0.6,1.0,1,-0.0149,-0.0149,0.0008,-0.0157,-0.048354
2024-03-08,500ETF,Future (IC88 (CSI 500 Futures)),icw,0.9088,0.6,1.0,1,0.008139,0.008139,0.0,0.008139,-0.040215
2024-03-11,500ETF,Future (IC88 (CSI 500 Futures)),icw,0.5994,0.6,0.0,0,0.011688,0.0,0.0008,-0.0008,-0.041015
2024-03-12,500ETF,Future (IC88 (CSI 500 Futures)),icw,0.5723,0.6,0.0,0,-0.009251,-0.0,0.0,-0.0,-0.041015
2024-03-13,500ETF,Future (IC88 (CSI 500 Futures)),icw,-0.6744,0.6,0.0,0,0.000222,0.0,0.0,0.0,-0.041015
2024-03-14,500ETF,Future (IC88 (CSI 500 Futures)),icw,0.8859,0.6,1.0,1,-0.008859,-0.008859,0.0008,-0.009659,-0.050674
2024-03-15,500ETF,Future (IC88 (CSI 500 Futures)),icw,-0.0259,0.6,0.0,0,0.013115,0.0,0.0008,-0.0008,-0.051474
2024-03-18,500ETF,Future (IC88 (CSI 500 Futures)),icw,0.3741,0.6,0.0,0,0.00601,0.0,0.0,0.0,-0.051474
2024-03-19,500ETF,Future (IC88 (CSI 500 Futures)),icw,-0.4564,0.6,0.0,0,-0.006951,-0.0,0.0,-0.0,-0.051474
2024-03-20,500ETF,Future (IC88 (CSI 500 Futures)),icw,0.5104,0.6,0.0,0,-0.000693,-0.0,0.0,-0.0,-0.051474
2024-03-21,500ETF,Future (IC88 (CSI 500 Futures)),icw,0.0906,0.6,0.0,0,-0.004953,-0.0,0.0,-0.0,-0.051474
2024-03-22,500ETF,Future (IC88 (CSI 500 Futures)),icw,-0.8302,0.6,0.0,0,-0.004786,-0.0,0.0,-0.0,-0.051474
2024-03-25,500ETF,Future (IC88 (CSI 500 Futures)),icw,-0.8464,0.6,0.0,0,-0.002475,-0.0,0.0,-0.0,-0.051474
2024-03-26,500ETF,Future (IC88 (CSI 500 Futures)),icw,0.6478,0.6,1.0,1,-0.00367,-0.00367,0.0008,-0.00447,-0.055943
2024-03-27,500ETF,Future (IC88 (CSI 500 Futures)),icw,-1.0047,0.6,-1.0,1,-0.007479,0.007479,0.0016,0.005879,-0.050065
2024-03-28,500ETF,Future (IC88 (CSI 500 Futures)),icw,1.0066,0.6,1.0,1,0.00239,0.00239,0.0016,0.00079,-0.049274
2024-03-29,500ETF,Future (IC88 (CSI 500 Futures)),icw,0.7578,0.6,1.0,1,0.005787,0.005787,0.0,0.005787,-0.043487
2024-04-01,500ETF,Future (IC88 (CSI 500 Futures)),icw,1.3973,0.6,1.0,1,0.00479,0.00479,0.0,0.00479,-0.038697
2024-04-02,500ETF,Future (IC88 (CSI 500 Futures)),icw,-0.4607,0.6,0.0,0,-0.003795,-0.0,0.0008,-0.0008,-0.039497
2024-04-03,500ETF,Future (IC88 (CSI 500 Futures)),icw,-0.4152,0.6,0.0,0,0.001455,0.0,0.0,0.0,-0.039497
2024-04-08,500ETF,Future (IC88 (CSI 500 Futures)),icw,-0.4949,0.6,0.0,0,-0.007031,-0.0,0.0,-0.0,-0.039497
2024-04-09,500ETF,Future (IC88 (CSI 500 Futures)),icw,0.5996,0.6,0.0,0,0.006856,0.0,0.0,0.0,-0.039497
2024-04-10,500ETF,Future (IC88 (CSI 500 Futures)),icw,-0.8478,0.6,0.0,0,-0.005177,-0.0,0.0,-0.0,-0.039497
2024-04-11,500ETF,Future (IC88 (CSI 500 Futures)),icw,0.3689,0.6,0.0,0,0.006803,0.0,0.0,0.0,-0.039497
2024-04-12,500ETF,Future (IC88 (CSI 500 Futures)),icw,0.1982,0.6,0.0,0,-0.002949,-0.0,0.0,-0.0,-0.039497
2024-04-15,500ETF,Future (IC88 (CSI 500 Futures)),icw,0.6931,0.6,1.0,1,0.007232,0.007232,0.0008,0.006432,-0.033065
2024-04-16,500ETF,Future (IC88 (CSI 500 Futures)),icw,0.1188,0.6,0.0,0,-0.014603,-0.0,0.0008,-0.0008,-0.033865
2024-04-17,500ETF,Future (IC88 (CSI 500 Futures)),icw,1.4557,0.6,1.0,1,0.00588,0.00588,0.0008,0.00508,-0.028785
2024-04-18,500ETF,Future (IC88 (CSI 500 Futures)),icw,-0.6671,0.6,0.0,0,0.006243,0.0,0.0008,-0.0008,-0.029585
2024-04-19,500ETF,Future (IC88 (CSI 500 Futures)),icw,0.7088,0.6,1.0,1,-0.010887,-0.010887,0.0008,-0.011687,-0.041272
2024-04-22,500ETF,Future (IC88 (CSI 500 Futures)),icw,-0.2282,0.6,0.0,0,-0.012527,-0.0,0.0008,-0.0008,-0.042072
2024-04-23,500ETF,Future (IC88 (CSI 500 Futures)),icw,-0.0452,0.6,0.0,0,-0.003455,-0.0,0.0,-0.0,-0.042072
2024-04-24,500ETF,Future (IC88 (CSI 500 Futures)),icw,-0.587,0.6,0.0,0,0.009642,0.0,0.0,0.0,-0.042072
2024-04-25,500ETF,Future (IC88 (CSI 500 Futures)),icw,-0.6009,0.6,0.0,0,0.002022,0.0,0.0,0.0,-0.042072
2024-04-26,500ETF,Future (IC88 (CSI 500 Futures)),icw,1.1833,0.6,1.0,1,0.018297,0.018297,0.0008,0.017497,-0.024576
2024-04-29,500ETF,Future (IC88 (CSI 500 Futures)),icw,1.0975,0.6,1.0,1,0.01413,0.01413,0.0,0.01413,-0.010445
2024-04-30,500ETF,Future (IC88 (CSI 500 Futures)),icw,-0.5797,0.6,0.0,0,-0.002124,-0.0,0.0008,-0.0008,-0.011245
2024-05-06,500ETF,Future (IC88 (CSI 500 Futures)),icw,0.6282,0.6,1.0,1,-0.000799,-0.000799,0.0008,-0.001599,-0.012845
2024-05-07,500ETF,Future (IC88 (CSI 500 Futures)),icw,-0.0835,0.6,0.0,0,-0.005023,-0.0,0.0008,-0.0008,-0.013645
2024-05-08,500ETF,Future (IC88 (CSI 500 Futures)),icw,-0.954,0.6,-1.0,1,-0.006289,0.006289,0.0008,0.005489,-0.008156
2024-05-09,500ETF,Future (IC88 (CSI 500 Futures)),icw,1.3923,0.6,1.0,1,0.002431,0.002431,0.0016,0.000831,-0.007326
2024-05-10,500ETF,Future (IC88 (CSI 500 Futures)),icw,-0.7641,0.6,0.0,0,0.006677,0.0,0.0008,-0.0008,-0.008126
2024-05-13,500ETF,Future (IC88 (CSI 500 Futures)),icw,-1.0621,0.6,-1.0,1,0.001103,-0.001103,0.0008,-0.001903,-0.010028
2024-05-14,500ETF,Future (IC88 (CSI 500 Futures)),icw,0.7621,0.6,1.0,1,0.000293,0.000293,0.0016,-0.001307,-0.011335
2024-05-15,500ETF,Future (IC88 (CSI 500 Futures)),icw,-0.8477,0.6,0.0,0,-0.004639,-0.0,0.0008,-0.0008,-0.012135
2024-05-16,500ETF,Future (IC88 (CSI 500 Futures)),icw,0.2654,0.6,0.0,0,-0.010337,-0.0,0.0,-0.0,-0.012135
2024-05-17,500ETF,Future (IC88 (CSI 500 Futures)),icw,0.3653,0.6,0.0,0,0.001734,0.0,0.0,0.0,-0.012135
2024-05-20,500ETF,Future (IC88 (CSI 500 Futures)),icw,0.5638,0.6,0.0,0,-0.003062,-0.0,0.0,-0.0,-0.012135
2024-05-21,500ETF,Future (IC88 (CSI 500 Futures)),icw,-0.6448,0.6,0.0,0,-0.001434,-0.0,0.0,-0.0,-0.012135
2024-05-22,500ETF,Future (IC88 (CSI 500 Futures)),icw,-0.1611,0.6,0.0,0,-0.002392,-0.0,0.0,-0.0,-0.012135
2024-05-23,500ETF,Future (IC88 (CSI 500 Futures)),icw,-1.1473,0.6,-1.0,1,-0.007162,0.007162,0.0008,0.006362,-0.005773
2024-05-24,500ETF,Future (IC88 (CSI 500 Futures)),icw,1.0293,0.6,1.0,1,-0.010983,-0.010983,0.0016,-0.012583,-0.018356
2024-05-27,500ETF,Future (IC88 (CSI 500 Futures)),icw,-0.2965,0.6,0.0,0,0.00921,0.0,0.0008,-0.0008,-0.019156
2024-05-28,500ETF,Future (IC88 (CSI 500 Futures)),icw,-0.9333,0.6,-1.0,1,-0.006052,0.006052,0.0008,0.005252,-0.013904
2024-05-29,500ETF,Future (IC88 (CSI 500 Futures)),icw,1.0825,0.6,1.0,1,-0.005493,-0.005493,0.0016,-0.007093,-0.020998
2024-05-30,500ETF,Future (IC88 (CSI 500 Futures)),icw,0.2827,0.6,0.0,0,-0.007015,-0.0,0.0008,-0.0008,-0.021798
2024-05-31,500ETF,Future (IC88 (CSI 500 Futures)),icw,0.8373,0.6,1.0,1,-0.008394,-0.008394,0.0008,-0.009194,-0.030992
2024-06-03,500ETF,Future (IC88 (CSI 500 Futures)),icw,-0.8552,0.6,0.0,0,-0.013936,-0.0,0.0008,-0.0008,-0.031792
2024-06-04,500ETF,Future (IC88 (CSI 500 Futures)),icw,0.0749,0.6,0.0,0,0.012552,0.0,0.0,0.0,-0.031792
2024-06-05,500ETF,Future (IC88 (CSI 500 Futures)),icw,-0.0713,0.6,0.0,0,-0.00904,-0.0,0.0,-0.0,-0.031792
2024-06-06,500ETF,Future (IC88 (CSI 500 Futures)),icw,0.2862,0.6,0.0,0,-0.013349,-0.0,0.0,-0.0,-0.031792
2024-06-07,500ETF,Future (IC88 (CSI 500 Futures)),icw,-0.0409,0.6,0.0,0,-0.004422,-0.0,0.0,-0.0,-0.031792
2024-06-11,500ETF,Future (IC88 (CSI 500 Futures)),icw,-0.8974,0.6,0.0,0,0.009429,0.0,0.0,0.0,-0.031792
2024-06-12,500ETF,Future (IC88 (CSI 500 Futures)),icw,0.5078,0.6,0.0,0,-0.000651,-0.0,0.0,-0.0,-0.031792
2024-06-13,500ETF,Future (IC88 (CSI 500 Futures)),icw,-0.7903,0.6,0.0,0,-0.005752,-0.0,0.0,-0.0,-0.031792
2024-06-14,500ETF,Future (IC88 (CSI 500 Futures)),icw,-0.4145,0.6,0.0,0,0.009789,0.0,0.0,0.0,-0.031792
2024-06-17,500ETF,Future (IC88 (CSI 500 Futures)),icw,0.4057,0.6,0.0,0,-0.003111,-0.0,0.0,-0.0,-0.031792
2024-06-18,500ETF,Future (IC88 (CSI 500 Futures)),icw,0.2945,0.6,0.0,0,-0.001264,-0.0,0.0,-0.0,-0.031792
2024-06-19,500ETF,Future (IC88 (CSI 500 Futures)),icw,-0.9229,0.6,-1.0,1,-0.005983,0.005983,0.0008,0.005183,-0.026608
2024-06-20,500ETF,Future (IC88 (CSI 500 Futures)),icw,0.3686,0.6,0.0,0,-0.01153,-0.0,0.0008,-0.0008,-0.027408
2024-06-21,500ETF,Future (IC88 (CSI 500 Futures)),icw,0.246,0.6,0.0,0,-0.001339,-0.0,0.0,-0.0,-0.027408
2024-06-24,500ETF,Future (IC88 (CSI 500 Futures)),icw,-0.8008,0.6,0.0,0,-0.008317,-0.0,0.0,-0.0,-0.027408
2024-06-25,500ETF,Future (IC88 (CSI 500 Futures)),icw,-0.0733,0.6,0.0,0,-0.010148,-0.0,0.0,-0.0,-0.027408
2024-06-26,500ETF,Future (IC88 (CSI 500 Futures)),icw,-0.6846,0.6,0.0,0,0.019591,0.0,0.0,0.0,-0.027408
2024-06-27,500ETF,Future (IC88 (CSI 500 Futures)),icw,-0.9454,0.6,-1.0,1,-0.00585,0.00585,0.0008,0.00505,-0.022358
2024-06-28,500ETF,Future (IC88 (CSI 500 Futures)),icw,1.3168,0.6,1.0,1,-0.012861,-0.012861,0.0016,-0.014461,-0.036819
2024-07-01,500ETF,Future (IC88 (CSI 500 Futures)),icw,0.5523,0.6,0.0,0,0.007753,0.0,0.0008,-0.0008,-0.037619
2024-07-02,500ETF,Future (IC88 (CSI 500 Futures)),icw,-0.6133,0.6,0.0,0,-0.008844,-0.0,0.0,-0.0,-0.037619
2024-07-03,500ETF,Future (IC88 (CSI 500 Futures)),icw,-0.5358,0.6,0.0,0,-0.004611,-0.0,0.0,-0.0,-0.037619
2024-07-04,500ETF,Future (IC88 (CSI 500 Futures)),icw,0.3638,0.6,0.0,0,-0.013128,-0.0,0.0,-0.0,-0.037619
2024-07-05,500ETF,Future (IC88 (CSI 500 Futures)),icw,-0.8655,0.6,0.0,0,0.010276,0.0,0.0,0.0,-0.037619
2024-07-08,500ETF,Future (IC88 (CSI 500 Futures)),icw,-1.0451,0.6,-1.0,1,-0.00444,0.00444,0.0008,0.00364,-0.033979
2024-07-09,500ETF,Future (IC88 (CSI 500 Futures)),icw,0.8774,0.6,1.0,1,0.018007,0.018007,0.0016,0.016407,-0.017571
2024-07-10,500ETF,Future (IC88 (CSI 500 Futures)),icw,0.2337,0.6,0.0,0,-0.007172,-0.0,0.0008,-0.0008,-0.018371
2024-07-11,500ETF,Future (IC88 (CSI 500 Futures)),icw,-0.2521,0.6,0.0,0,0.007634,0.0,0.0,0.0,-0.018371
2024-07-12,500ETF,Future (IC88 (CSI 500 Futures)),icw,-0.354,0.6,0.0,0,-8.1e-05,-0.0,0.0,-0.0,-0.018371
2024-07-15,500ETF,Future (IC88 (CSI 500 Futures)),icw,-0.9576,0.6,-1.0,1,-0.00456,0.00456,0.0008,0.00376,-0.014611
2024-07-16,500ETF,Future (IC88 (CSI 500 Futures)),icw,0.1177,0.6,0.0,0,0.002587,0.0,0.0008,-0.0008,-0.015411
2024-07-17,500ETF,Future (IC88 (CSI 500 Futures)),icw,-0.6635,0.6,0.0,0,0.001485,0.0,0.0,0.0,-0.015411
2024-07-18,500ETF,Future (IC88 (CSI 500 Futures)),icw,-1.0253,0.6,-1.0,1,0.012645,-0.012645,0.0008,-0.013445,-0.028856
2024-07-19,500ETF,Future (IC88 (CSI 500 Futures)),icw,-0.6862,0.6,0.0,0,0.005469,0.0,0.0008,-0.0008,-0.029656
2024-07-22,500ETF,Future (IC88 (CSI 500 Futures)),icw,-0.308,0.6,0.0,0,-0.002974,-0.0,0.0,-0.0,-0.029656
2024-07-23,500ETF,Future (IC88 (CSI 500 Futures)),icw,-1.0189,0.6,-1.0,1,-0.016163,0.016163,0.0008,0.015363,-0.014294
2024-07-24,500ETF,Future (IC88 (CSI 500 Futures)),icw,0.4518,0.6,0.0,0,-0.008445,-0.0,0.0008,-0.0008,-0.015094
2024-07-25,500ETF,Future (IC88 (CSI 500 Futures)),icw,0.2103,0.6,0.0,0,-0.000605,-0.0,0.0,-0.0,-0.015094
2024-07-26,500ETF,Future (IC88 (CSI 500 Futures)),icw,1.4858,0.6,1.0,1,-0.002551,-0.002551,0.0008,-0.003351,-0.018445
2024-07-29,500ETF,Future (IC88 (CSI 500 Futures)),icw,-0.8581,0.6,0.0,0,-0.002175,-0.0,0.0008,-0.0008,-0.019245
2024-07-30,500ETF,Future (IC88 (CSI 500 Futures)),icw,-1.097,0.6,-1.0,1,0.010926,-0.010926,0.0008,-0.011726,-0.030971
2024-07-31,500ETF,Future (IC88 (CSI 500 Futures)),icw,1.0395,0.6,1.0,1,0.022929,0.022929,0.0016,0.021329,-0.009641
2024-08-01,500ETF,Future (IC88 (CSI 500 Futures)),icw,0.7004,0.6,1.0,1,-0.008297,-0.008297,0.0,-0.008297,-0.017939
2024-08-02,500ETF,Future (IC88 (CSI 500 Futures)),icw,0.6722,0.6,1.0,1,-0.017374,-0.017374,0.0,-0.017374,-0.035312
2024-08-05,500ETF,Future (IC88 (CSI 500 Futures)),icw,1.271,0.6,1.0,1,-0.019152,-0.019152,0.0,-0.019152,-0.054465
2024-08-06,500ETF,Future (IC88 (CSI 500 Futures)),icw,0.4969,0.6,0.0,0,-0.00225,-0.0,0.0008,-0.0008,-0.055265
2024-08-07,500ETF,Future (IC88 (CSI 500 Futures)),icw,-0.4452,0.6,0.0,0,-8.5e-05,-0.0,0.0,-0.0,-0.055265
2024-08-08,500ETF,Future (IC88 (CSI 500 Futures)),icw,-0.3995,0.6,0.0,0,0.01189,0.0,0.0,0.0,-0.055265
2024-08-09,500ETF,Future (IC88 (CSI 500 Futures)),icw,0.9073,0.6,1.0,1,-0.011311,-0.011311,0.0008,-0.012111,-0.067375
2024-08-12,500ETF,Future (IC88 (CSI 500 Futures)),icw,-0.4591,0.6,0.0,0,-0.002346,-0.0,0.0008,-0.0008,-0.068175
2024-08-13,500ETF,Future (IC88 (CSI 500 Futures)),icw,-0.3742,0.6,0.0,0,-0.002267,-0.0,0.0,-0.0,-0.068175
2024-08-14,500ETF,Future (IC88 (CSI 500 Futures)),icw,-1.0774,0.6,-1.0,1,-0.000172,0.000172,0.0008,-0.000628,-0.068803
2024-08-15,500ETF,Future (IC88 (CSI 500 Futures)),icw,-0.0853,0.6,0.0,0,0.003394,0.0,0.0008,-0.0008,-0.069603
2024-08-16,500ETF,Future (IC88 (CSI 500 Futures)),icw,-0.6888,0.6,0.0,0,-0.007765,-0.0,0.0,-0.0,-0.069603
2024-08-19,500ETF,Future (IC88 (CSI 500 Futures)),icw,1.307,0.6,1.0,1,-0.010704,-0.010704,0.0008,-0.011504,-0.081107
2024-08-20,500ETF,Future (IC88 (CSI 500 Futures)),icw,-0.8808,0.6,0.0,0,-0.010546,-0.0,0.0008,-0.0008,-0.081907
2024-08-21,500ETF,Future (IC88 (CSI 500 Futures)),icw,0.3252,0.6,0.0,0,0.002104,0.0,0.0,0.0,-0.081907
2024-08-22,500ETF,Future (IC88 (CSI 500 Futures)),icw,-0.4818,0.6,0.0,0,-0.009019,-0.0,0.0,-0.0,-0.081907
2024-08-23,500ETF,Future (IC88 (CSI 500 Futures)),icw,0.5696,0.6,0.0,0,0.003101,0.0,0.0,0.0,-0.081907
2024-08-26,500ETF,Future (IC88 (CSI 500 Futures)),icw,-0.2632,0.6,0.0,0,-0.001987,-0.0,0.0,-0.0,-0.081907
2024-08-27,500ETF,Future (IC88 (CSI 500 Futures)),icw,-0.9035,0.6,-1.0,1,-0.002543,0.002543,0.0008,0.001743,-0.080164
2024-08-28,500ETF,Future (IC88 (CSI 500 Futures)),icw,0.423,0.6,0.0,0,0.00263,0.0,0.0008,-0.0008,-0.080964
2024-08-29,500ETF,Future (IC88 (CSI 500 Futures)),icw,0.3413,0.6,0.0,0,0.015675,0.0,0.0,0.0,-0.080964
2024-08-30,500ETF,Future (IC88 (CSI 500 Futures)),icw,0.9492,0.6,1.0,1,0.004222,0.004222,0.0008,0.003422,-0.077542
2024-09-02,500ETF,Future (IC88 (CSI 500 Futures)),icw,-0.7741,0.6,0.0,0,-0.011154,-0.0,0.0008,-0.0008,-0.078342
2024-09-03,500ETF,Future (IC88 (CSI 500 Futures)),icw,1.1938,0.6,1.0,1,0.001835,0.001835,0.0008,0.001035,-0.077307
2024-09-04,500ETF,Future (IC88 (CSI 500 Futures)),icw,-0.1548,0.6,0.0,0,0.001751,0.0,0.0008,-0.0008,-0.078107
2024-09-05,500ETF,Future (IC88 (CSI 500 Futures)),icw,0.9404,0.6,1.0,1,0.00061,0.00061,0.0008,-0.00019,-0.078297
2024-09-06,500ETF,Future (IC88 (CSI 500 Futures)),icw,-0.7315,0.6,0.0,0,-0.012661,-0.0,0.0008,-0.0008,-0.079097
2024-09-09,500ETF,Future (IC88 (CSI 500 Futures)),icw,0.0213,0.6,0.0,0,-0.005337,-0.0,0.0,-0.0,-0.079097
2024-09-10,500ETF,Future (IC88 (CSI 500 Futures)),icw,-0.8139,0.6,0.0,0,0.007812,0.0,0.0,0.0,-0.079097
2024-09-11,500ETF,Future (IC88 (CSI 500 Futures)),icw,0.003,0.6,0.0,0,0.003516,0.0,0.0,0.0,-0.079097
2024-09-12,500ETF,Future (IC88 (CSI 500 Futures)),icw,1.2949,0.6,1.0,1,-0.007168,-0.007168,0.0008,-0.007968,-0.087065
2024-09-13,500ETF,Future (IC88 (CSI 500 Futures)),icw,0.0225,0.6,0.0,0,-0.012369,-0.0,0.0008,-0.0008,-0.087865
2024-09-18,500ETF,Future (IC88 (CSI 500 Futures)),icw,-0.2857,0.6,0.0,0,0.006882,0.0,0.0,0.0,-0.087865
2024-09-19,500ETF,Future (IC88 (CSI 500 Futures)),icw,-0.5143,0.6,0.0,0,0.014236,0.0,0.0,0.0,-0.087865
2024-09-20,500ETF,Future (IC88 (CSI 500 Futures)),icw,-0.6935,0.6,0.0,0,0.000179,0.0,0.0,0.0,-0.087865
2024-09-23,500ETF,Future (IC88 (CSI 500 Futures)),icw,1.0506,0.6,1.0,1,-0.009157,-0.009157,0.0008,-0.009957,-0.097822
2024-09-24,500ETF,Future (IC88 (CSI 500 Futures)),icw,1.1831,0.6,1.0,1,0.035183,0.035183,0.0,0.035183,-0.062639
2024-09-25,500ETF,Future (IC88 (CSI 500 Futures)),icw,1.6048,0.6,1.0,1,-0.016267,-0.016267,0.0,-0.016267,-0.078905
2024-09-26,500ETF,Future (IC88 (CSI 500 Futures)),icw,1.037,0.6,1.0,1,0.031497,0.031497,0.0,0.031497,-0.047408
2024-09-27,500ETF,Future (IC88 (CSI 500 Futures)),icw,1.5061,0.6,1.0,1,0.052039,0.052039,0.0,0.052039,0.004631
2024-09-30,500ETF,Future (IC88 (CSI 500 Futures)),icw,1.534,0.6,1.0,1,0.06383,0.06383,0.0,0.06383,0.068461
2024-10-08,500ETF,Future (IC88 (CSI 500 Futures)),icw,-0.3377,0.6,0.0,0,-0.041449,-0.0,0.0008,-0.0008,0.067661
2024-10-09,500ETF,Future (IC88 (CSI 500 Futures)),icw,-1.1099,0.6,-1.0,1,-0.026964,0.026964,0.0008,0.026164,0.093825
2024-10-10,500ETF,Future (IC88 (CSI 500 Futures)),icw,0.213,0.6,0.0,0,0.004708,0.0,0.0008,-0.0008,0.093025
2024-10-11,500ETF,Future (IC88 (CSI 500 Futures)),icw,-1.162,0.6,-1.0,1,-0.027409,0.027409,0.0008,0.026609,0.119633
2024-10-14,500ETF,Future (IC88 (CSI 500 Futures)),icw,-0.0016,0.6,0.0,0,0.022139,0.0,0.0008,-0.0008,0.118833
2024-10-15,500ETF,Future (IC88 (CSI 500 Futures)),icw,-0.5992,0.6,0.0,0,-0.016767,-0.0,0.0,-0.0,0.118833
2024-10-16,500ETF,Future (IC88 (CSI 500 Futures)),icw,0.7172,0.6,1.0,1,-0.011748,-0.011748,0.0008,-0.012548,0.106285
2024-10-17,500ETF,Future (IC88 (CSI 500 Futures)),icw,0.3864,0.6,0.0,0,-0.018731,-0.0,0.0008,-0.0008,0.105485
2024-10-18,500ETF,Future (IC88 (CSI 500 Futures)),icw,0.6547,0.6,1.0,1,0.066631,0.066631,0.0008,0.065831,0.171316
2024-10-21,500ETF,Future (IC88 (CSI 500 Futures)),icw,0.6419,0.6,1.0,1,0.011885,0.011885,0.0,0.011885,0.183201
2024-10-22,500ETF,Future (IC88 (CSI 500 Futures)),icw,-0.1247,0.6,0.0,0,0.007769,0.0,0.0008,-0.0008,0.182401
2024-10-23,500ETF,Future (IC88 (CSI 500 Futures)),icw,0.4068,0.6,0.0,0,0.000554,0.0,0.0,0.0,0.182401
2024-10-24,500ETF,Future (IC88 (CSI 500 Futures)),icw,-0.5743,0.6,0.0,0,0.002174,0.0,0.0,0.0,0.182401
2024-10-25,500ETF,Future (IC88 (CSI 500 Futures)),icw,0.6823,0.6,1.0,1,0.011034,0.011034,0.0008,0.010234,0.192635
2024-10-28,500ETF,Future (IC88 (CSI 500 Futures)),icw,-0.2044,0.6,0.0,0,0.007682,0.0,0.0008,-0.0008,0.191835
2024-10-29,500ETF,Future (IC88 (CSI 500 Futures)),icw,-0.1546,0.6,0.0,0,-0.006437,-0.0,0.0,-0.0,0.191835
2024-10-30,500ETF,Future (IC88 (CSI 500 Futures)),icw,1.2158,0.6,1.0,1,-0.006608,-0.006608,0.0008,-0.007408,0.184426
2024-10-31,500ETF,Future (IC88 (CSI 500 Futures)),icw,-0.5012,0.6,0.0,0,0.012186,0.0,0.0008,-0.0008,0.183626
2024-11-01,500ETF,Future (IC88 (CSI 500 Futures)),icw,0.3726,0.6,0.0,0,-0.004479,-0.0,0.0,-0.0,0.183626
2024-11-04,500ETF,Future (IC88 (CSI 500 Futures)),icw,1.1933,0.6,1.0,1,0.00358,0.00358,0.0008,0.00278,0.186406
2024-11-05,500ETF,Future (IC88 (CSI 500 Futures)),icw,0.7871,0.6,1.0,1,0.021481,0.021481,0.0,0.021481,0.207888
2024-11-06,500ETF,Future (IC88 (CSI 500 Futures)),icw,0.5647,0.6,0.0,0,-0.004638,-0.0,0.0008,-0.0008,0.207088
2024-11-07,500ETF,Future (IC88 (CSI 500 Futures)),icw,0.3996,0.6,0.0,0,0.015586,0.0,0.0,0.0,0.207088
2024-11-08,500ETF,Future (IC88 (CSI 500 Futures)),icw,0.5282,0.6,0.0,0,-0.014018,-0.0,0.0,-0.0,0.207088
2024-11-11,500ETF,Future (IC88 (CSI 500 Futures)),icw,1.0124,0.6,1.0,1,0.004938,0.004938,0.0008,0.004138,0.211225
2024-11-12,500ETF,Future (IC88 (CSI 500 Futures)),icw,0.3624,0.6,0.0,0,-0.024169,-0.0,0.0008,-0.0008,0.210425
2024-11-13,500ETF,Future (IC88 (CSI 500 Futures)),icw,0.4798,0.6,0.0,0,0.002719,0.0,0.0,0.0,0.210425
2024-11-14,500ETF,Future (IC88 (CSI 500 Futures)),icw,-0.8899,0.6,0.0,0,-0.016825,-0.0,0.0,-0.0,0.210425
2024-11-15,500ETF,Future (IC88 (CSI 500 Futures)),icw,0.0949,0.6,0.0,0,-0.011243,-0.0,0.0,-0.0,0.210425
2024-11-18,500ETF,Future (IC88 (CSI 500 Futures)),icw,-0.6669,0.6,0.0,0,-0.010518,-0.0,0.0,-0.0,0.210425
2024-11-19,500ETF,Future (IC88 (CSI 500 Futures)),icw,1.1995,0.6,1.0,1,0.005139,0.005139,0.0008,0.004339,0.214764
2024-11-20,500ETF,Future (IC88 (CSI 500 Futures)),icw,0.6258,0.6,1.0,1,0.008544,0.008544,0.0,0.008544,0.223309
2024-11-21,500ETF,Future (IC88 (CSI 500 Futures)),icw,0.1803,0.6,0.0,0,-0.000337,-0.0,0.0008,-0.0008,0.222509
2024-11-22,500ETF,Future (IC88 (CSI 500 Futures)),icw,-0.2774,0.6,0.0,0,-0.024522,-0.0,0.0,-0.0,0.222509
2024-11-25,500ETF,Future (IC88 (CSI 500 Futures)),icw,-0.1861,0.6,0.0,0,-0.001832,-0.0,0.0,-0.0,0.222509
2024-11-26,500ETF,Future (IC88 (CSI 500 Futures)),icw,0.8104,0.6,1.0,1,-0.007098,-0.007098,0.0008,-0.007898,0.214611
2024-11-27,500ETF,Future (IC88 (CSI 500 Futures)),icw,-0.8587,0.6,0.0,0,0.031204,0.0,0.0008,-0.0008,0.213811
2024-11-28,500ETF,Future (IC88 (CSI 500 Futures)),icw,0.2748,0.6,0.0,0,-0.004178,-0.0,0.0,-0.0,0.213811
2024-11-29,500ETF,Future (IC88 (CSI 500 Futures)),icw,0.8083,0.6,1.0,1,0.020534,0.020534,0.0008,0.019734,0.233545
2024-12-02,500ETF,Future (IC88 (CSI 500 Futures)),icw,1.2043,0.6,1.0,1,0.000881,0.000881,0.0,0.000881,0.234426
2024-12-03,500ETF,Future (IC88 (CSI 500 Futures)),icw,-0.8361,0.6,0.0,0,0.006044,0.0,0.0008,-0.0008,0.233626
2024-12-04,500ETF,Future (IC88 (CSI 500 Futures)),icw,-0.6892,0.6,0.0,0,-0.006631,-0.0,0.0,-0.0,0.233626
2024-12-05,500ETF,Future (IC88 (CSI 500 Futures)),icw,0.4179,0.6,0.0,0,0.005911,0.0,0.0,0.0,0.233626
2024-12-06,500ETF,Future (IC88 (CSI 500 Futures)),icw,-0.1694,0.6,0.0,0,0.021652,0.0,0.0,0.0,0.233626
2024-12-09,500ETF,Future (IC88 (CSI 500 Futures)),icw,0.1503,0.6,0.0,0,-0.002361,-0.0,0.0,-0.0,0.233626
2024-12-10,500ETF,Future (IC88 (CSI 500 Futures)),icw,-0.344,0.6,0.0,0,-0.012347,-0.0,0.0,-0.0,0.233626
2024-12-11,500ETF,Future (IC88 (CSI 500 Futures)),icw,0.8307,0.6,1.0,1,0.004146,0.004146,0.0008,0.003346,0.236972
2024-12-12,500ETF,Future (IC88 (CSI 500 Futures)),icw,-0.2535,0.6,0.0,0,0.010383,0.0,0.0008,-0.0008,0.236172
2024-12-13,500ETF,Future (IC88 (CSI 500 Futures)),icw,-0.9907,0.6,-1.0,1,0.000901,-0.000901,0.0008,-0.001701,0.234471
2024-12-16,500ETF,Future (IC88 (CSI 500 Futures)),icw,-0.6219,0.6,0.0,0,-0.008142,-0.0,0.0008,-0.0008,0.233671
2024-12-17,500ETF,Future (IC88 (CSI 500 Futures)),icw,-0.5124,0.6,0.0,0,-0.010212,-0.0,0.0,-0.0,0.233671
2024-12-18,500ETF,Future (IC88 (CSI 500 Futures)),icw,0.3147,0.6,0.0,0,0.00017,0.0,0.0,0.0,0.233671
2024-12-19,500ETF,Future (IC88 (CSI 500 Futures)),icw,0.0481,0.6,0.0,0,0.008907,0.0,0.0,0.0,0.233671
2024-12-20,500ETF,Future (IC88 (CSI 500 Futures)),icw,0.6824,0.6,1.0,1,-0.000542,-0.000542,0.0008,-0.001342,0.232329
2024-12-23,500ETF,Future (IC88 (CSI 500 Futures)),icw,-0.1021,0.6,0.0,0,-0.01241,-0.0,0.0008,-0.0008,0.231529
2024-12-24,500ETF,Future (IC88 (CSI 500 Futures)),icw,0.989,0.6,1.0,1,0.000614,0.000614,0.0008,-0.000186,0.231343
2024-12-25,500ETF,Future (IC88 (CSI 500 Futures)),icw,-0.9771,0.6,-1.0,1,-0.005433,0.005433,0.0016,0.003833,0.235176
2024-12-26,500ETF,Future (IC88 (CSI 500 Futures)),icw,0.9851,0.6,1.0,1,0.002691,0.002691,0.0016,0.001091,0.236267
2024-12-27,500ETF,Future (IC88 (CSI 500 Futures)),icw,0.7834,0.6,1.0,1,-0.004406,-0.004406,0.0,-0.004406,0.231861
2024-12-30,500ETF,Future (IC88 (CSI 500 Futures)),icw,0.3832,0.6,0.0,0,-0.00159,-0.0,0.0008,-0.0008,0.231061
2024-12-31,500ETF,Future (IC88 (CSI 500 Futures)),icw,-1.0069,0.6,-1.0,1,-0.017334,0.017334,0.0008,0.016534,0.247595
2025-01-02,500ETF,Future (IC88 (CSI 500 Futures)),icw,-0.9361,0.6,-1.0,1,-0.031268,0.031268,0.0,0.031268,0.278863
2025-01-03,500ETF,Future (IC88 (CSI 500 Futures)),icw,-0.5421,0.6,0.0,0,-0.017592,-0.0,0.0008,-0.0008,0.278063
2025-01-06,500ETF,Future (IC88 (CSI 500 Futures)),icw,0.4364,0.6,0.0,0,-0.006957,-0.0,0.0,-0.0,0.278063
2025-01-07,500ETF,Future (IC88 (CSI 500 Futures)),icw,0.7208,0.6,1.0,1,0.004547,0.004547,0.0008,0.003747,0.281811
2025-01-08,500ETF,Future (IC88 (CSI 500 Futures)),icw,-0.9682,0.6,-1.0,1,0.002983,-0.002983,0.0016,-0.004583,0.277228
2025-01-09,500ETF,Future (IC88 (CSI 500 Futures)),icw,0.8642,0.6,1.0,1,0.001026,0.001026,0.0016,-0.000574,0.276654
2025-01-10,500ETF,Future (IC88 (CSI 500 Futures)),icw,0.7779,0.6,1.0,1,-0.010037,-0.010037,0.0,-0.010037,0.266617
2025-01-13,500ETF,Future (IC88 (CSI 500 Futures)),icw,0.6479,0.6,1.0,1,-0.001414,-0.001414,0.0,-0.001414,0.265203
2025-01-14,500ETF,Future (IC88 (CSI 500 Futures)),icw,0.7065,0.6,1.0,1,0.016984,0.016984,0.0,0.016984,0.282187
2025-01-15,500ETF,Future (IC88 (CSI 500 Futures)),icw,-0.7063,0.6,0.0,0,-0.001629,-0.0,0.0008,-0.0008,0.281387
2025-01-16,500ETF,Future (IC88 (CSI 500 Futures)),icw,1.4819,0.6,1.0,1,-0.010368,-0.010368,0.0008,-0.011168,0.270219
2025-01-17,500ETF,Future (IC88 (CSI 500 Futures)),icw,0.339,0.6,0.0,0,0.012979,0.0,0.0008,-0.0008,0.269419
2025-01-20,500ETF,Future (IC88 (CSI 500 Futures)),icw,0.623,0.6,1.0,1,-0.008049,-0.008049,0.0008,-0.008849,0.260571
2025-01-21,500ETF,Future (IC88 (CSI 500 Futures)),icw,-0.8352,0.6,0.0,0,0.007873,0.0,0.0008,-0.0008,0.259771
2025-01-22,500ETF,Future (IC88 (CSI 500 Futures)),icw,-0.558,0.6,0.0,0,0.004636,0.0,0.0,0.0,0.259771
2025-01-23,500ETF,Future (IC88 (CSI 500 Futures)),icw,0.5772,0.6,0.0,0,-0.016535,-0.0,0.0,-0.0,0.259771
2025-01-24,500ETF,Future (IC88 (CSI 500 Futures)),icw,0.8802,0.6,1.0,1,0.00682,0.00682,0.0008,0.00602,0.26579
2025-01-27,500ETF,Future (IC88 (CSI 500 Futures)),icw,0.0198,0.6,0.0,0,-0.006344,-0.0,0.0008,-0.0008,0.26499
2025-02-05,500ETF,Future (IC88 (CSI 500 Futures)),icw,-0.5633,0.6,0.0,0,3.6e-05,0.0,0.0,0.0,0.26499
2025-02-06,500ETF,Future (IC88 (CSI 500 Futures)),icw,0.6405,0.6,1.0,1,0.018806,0.018806,0.0008,0.018006,0.282996
2025-02-07,500ETF,Future (IC88 (CSI 500 Futures)),icw,0.5745,0.6,0.0,0,0.000173,0.0,0.0008,-0.0008,0.282196
2025-02-10,500ETF,Future (IC88 (CSI 500 Futures)),icw,0.2307,0.6,0.0,0,0.001884,0.0,0.0,0.0,0.282196
2025-02-11,500ETF,Future (IC88 (CSI 500 Futures)),icw,-1.0201,0.6,-1.0,1,0.004616,-0.004616,0.0008,-0.005416,0.27678
2025-02-12,500ETF,Future (IC88 (CSI 500 Futures)),icw,0.6441,0.6,1.0,1,0.002152,0.002152,0.0016,0.000552,0.277332
2025-02-13,500ETF,Future (IC88 (CSI 500 Futures)),icw,-0.303,0.6,0.0,0,-0.003198,-0.0,0.0008,-0.0008,0.276532
2025-02-14,500ETF,Future (IC88 (CSI 500 Futures)),icw,0.6492,0.6,1.0,1,0.004681,0.004681,0.0008,0.003881,0.280413
2025-02-17,500ETF,Future (IC88 (CSI 500 Futures)),icw,-0.5098,0.6,0.0,0,-0.00105,-0.0,0.0008,-0.0008,0.279613
2025-02-18,500ETF,Future (IC88 (CSI 500 Futures)),icw,-0.5189,0.6,0.0,0,-0.018379,-0.0,0.0,-0.0,0.279613
2025-02-19,500ETF,Future (IC88 (CSI 500 Futures)),icw,0.5188,0.6,0.0,0,0.011025,0.0,0.0,0.0,0.279613
2025-02-20,500ETF,Future (IC88 (CSI 500 Futures)),icw,0.2102,0.6,0.0,0,0.005533,0.0,0.0,0.0,0.279613
2025-02-21,500ETF,Future (IC88 (CSI 500 Futures)),icw,0.3548,0.6,0.0,0,0.0212,0.0,0.0,0.0,0.279613
2025-02-24,500ETF,Future (IC88 (CSI 500 Futures)),icw,-0.5291,0.6,0.0,0,-0.002366,-0.0,0.0,-0.0,0.279613
2025-02-25,500ETF,Future (IC88 (CSI 500 Futures)),icw,-0.4765,0.6,0.0,0,0.001245,0.0,0.0,0.0,0.279613
2025-02-26,500ETF,Future (IC88 (CSI 500 Futures)),icw,0.504,0.6,0.0,0,0.005016,0.0,0.0,0.0,0.279613
2025-02-27,500ETF,Future (IC88 (CSI 500 Futures)),icw,-0.0722,0.6,0.0,0,-0.002313,-0.0,0.0,-0.0,0.279613
2025-02-28,500ETF,Future (IC88 (CSI 500 Futures)),icw,-0.8357,0.6,0.0,0,-0.01479,-0.0,0.0,-0.0,0.279613
2025-03-03,500ETF,Future (IC88 (CSI 500 Futures)),icw,0.4017,0.6,0.0,0,-0.007845,-0.0,0.0,-0.0,0.279613
2025-03-04,500ETF,Future (IC88 (CSI 500 Futures)),icw,0.2767,0.6,0.0,0,0.006423,0.0,0.0,0.0,0.279613
2025-03-05,500ETF,Future (IC88 (CSI 500 Futures)),icw,-0.1051,0.6,0.0,0,0.007242,0.0,0.0,0.0,0.279613
2025-03-06,500ETF,Future (IC88 (CSI 500 Futures)),icw,0.7919,0.6,1.0,1,0.006879,0.006879,0.0008,0.006079,0.285692
2025-03-07,500ETF,Future (IC88 (CSI 500 Futures)),icw,-0.3485,0.6,0.0,0,-0.002677,-0.0,0.0008,-0.0008,0.284892
2025-03-10,500ETF,Future (IC88 (CSI 500 Futures)),icw,-0.2483,0.6,0.0,0,0.002045,0.0,0.0,0.0,0.284892
2025-03-11,500ETF,Future (IC88 (CSI 500 Futures)),icw,0.2748,0.6,0.0,0,0.004805,0.0,0.0,0.0,0.284892
2025-03-12,500ETF,Future (IC88 (CSI 500 Futures)),icw,-0.3289,0.6,0.0,0,-0.000464,-0.0,0.0,-0.0,0.284892
2025-03-13,500ETF,Future (IC88 (CSI 500 Futures)),icw,-0.5899,0.6,0.0,0,0.003221,0.0,0.0,0.0,0.284892
2025-03-14,500ETF,Future (IC88 (CSI 500 Futures)),icw,0.6844,0.6,1.0,1,0.011333,0.011333,0.0008,0.010533,0.295425
2025-03-17,500ETF,Future (IC88 (CSI 500 Futures)),icw,-0.2875,0.6,0.0,0,0.001675,0.0,0.0008,-0.0008,0.294625
2025-03-18,500ETF,Future (IC88 (CSI 500 Futures)),icw,0.5382,0.6,0.0,0,-0.005151,-0.0,0.0,-0.0,0.294625
2025-03-19,500ETF,Future (IC88 (CSI 500 Futures)),icw,-0.5513,0.6,0.0,0,0.001977,0.0,0.0,0.0,0.294625
2025-03-20,500ETF,Future (IC88 (CSI 500 Futures)),icw,-0.7968,0.6,0.0,0,0.001386,0.0,0.0,0.0,0.294625
2025-03-21,500ETF,Future (IC88 (CSI 500 Futures)),icw,0.3378,0.6,0.0,0,-0.01317,-0.0,0.0,-0.0,0.294625
2025-03-24,500ETF,Future (IC88 (CSI 500 Futures)),icw,-0.0132,0.6,0.0,0,-0.003491,-0.0,0.0,-0.0,0.294625
2025-03-25,500ETF,Future (IC88 (CSI 500 Futures)),icw,0.3711,0.6,0.0,0,-0.005218,-0.0,0.0,-0.0,0.294625
2025-03-26,500ETF,Future (IC88 (CSI 500 Futures)),icw,0.8675,0.6,1.0,1,-0.005137,-0.005137,0.0008,-0.005937,0.288687
2025-03-27,500ETF,Future (IC88 (CSI 500 Futures)),icw,-0.737,0.6,0.0,0,0.00474,0.0,0.0008,-0.0008,0.287887
2025-03-28,500ETF,Future (IC88 (CSI 500 Futures)),icw,0.1784,0.6,0.0,0,-0.003326,-0.0,0.0,-0.0,0.287887
2025-03-31,500ETF,Future (IC88 (CSI 500 Futures)),icw,-0.4099,0.6,0.0,0,-0.008496,-0.0,0.0,-0.0,0.287887
2025-04-01,500ETF,Future (IC88 (CSI 500 Futures)),icw,0.71,0.6,1.0,1,-0.000991,-0.000991,0.0008,-0.001791,0.286097
2025-04-02,500ETF,Future (IC88 (CSI 500 Futures)),icw,0.5227,0.6,0.0,0,-0.004357,-0.0,0.0008,-0.0008,0.285297
2025-04-03,500ETF,Future (IC88 (CSI 500 Futures)),icw,0.4331,0.6,0.0,0,-0.004905,-0.0,0.0,-0.0,0.285297
2025-04-07,500ETF,Future (IC88 (CSI 500 Futures)),icw,-1.0303,0.6,-1.0,1,-0.029395,0.029395,0.0008,0.028595,0.313891
2025-04-08,500ETF,Future (IC88 (CSI 500 Futures)),icw,1.117,0.6,1.0,1,-0.017651,-0.017651,0.0016,-0.019251,0.29464
2025-04-09,500ETF,Future (IC88 (CSI 500 Futures)),icw,-0.9103,0.6,-1.0,1,0.032864,-0.032864,0.0016,-0.034464,0.260177
2025-04-10,500ETF,Future (IC88 (CSI 500 Futures)),icw,0.8592,0.6,1.0,1,-0.011909,-0.011909,0.0016,-0.013509,0.246667
2025-04-11,500ETF,Future (IC88 (CSI 500 Futures)),icw,0.5875,0.6,0.0,0,0.00673,0.0,0.0008,-0.0008,0.245867
2025-04-14,500ETF,Future (IC88 (CSI 500 Futures)),icw,0.2111,0.6,0.0,0,-0.001571,-0.0,0.0,-0.0,0.245867
2025-04-15,500ETF,Future (IC88 (CSI 500 Futures)),icw,-1.0405,0.6,-1.0,1,0.002914,-0.002914,0.0008,-0.003714,0.242153
2025-04-16,500ETF,Future (IC88 (CSI 500 Futures)),icw,-0.6763,0.6,0.0,0,-0.0069,-0.0,0.0008,-0.0008,0.241353
2025-04-17,500ETF,Future (IC88 (CSI 500 Futures)),icw,1.1064,0.6,1.0,1,-0.004695,-0.004695,0.0008,-0.005495,0.235859
2025-04-18,500ETF,Future (IC88 (CSI 500 Futures)),icw,-0.292,0.6,0.0,0,0.009378,0.0,0.0008,-0.0008,0.235059
2025-04-21,500ETF,Future (IC88 (CSI 500 Futures)),icw,0.8987,0.6,1.0,1,0.009122,0.009122,0.0008,0.008322,0.24338
2025-04-22,500ETF,Future (IC88 (CSI 500 Futures)),icw,-0.4739,0.6,0.0,0,0.000825,0.0,0.0008,-0.0008,0.24258
2025-04-23,500ETF,Future (IC88 (CSI 500 Futures)),icw,0.3391,0.6,0.0,0,-0.001289,-0.0,0.0,-0.0,0.24258
2025-04-24,500ETF,Future (IC88 (CSI 500 Futures)),icw,-0.3422,0.6,0.0,0,-0.004267,-0.0,0.0,-0.0,0.24258
2025-04-25,500ETF,Future (IC88 (CSI 500 Futures)),icw,0.0773,0.6,0.0,0,0.00301,0.0,0.0,0.0,0.24258
2025-04-28,500ETF,Future (IC88 (CSI 500 Futures)),icw,-0.7393,0.6,0.0,0,0.003389,0.0,0.0,0.0,0.24258
2025-04-29,500ETF,Future (IC88 (CSI 500 Futures)),icw,-0.0032,0.6,0.0,0,0.001149,0.0,0.0,0.0,0.24258
2025-04-30,500ETF,Future (IC88 (CSI 500 Futures)),icw,0.9012,0.6,1.0,1,0.001179,0.001179,0.0008,0.000379,0.24296
2025-05-06,500ETF,Future (IC88 (CSI 500 Futures)),icw,0.5604,0.6,0.0,0,0.006071,0.0,0.0008,-0.0008,0.24216
2025-05-07,500ETF,Future (IC88 (CSI 500 Futures)),icw,-0.3287,0.6,0.0,0,-0.008414,-0.0,0.0,-0.0,0.24216
2025-05-08,500ETF,Future (IC88 (CSI 500 Futures)),icw,0.6216,0.6,1.0,1,0.000106,0.000106,0.0008,-0.000694,0.241465
2025-05-09,500ETF,Future (IC88 (CSI 500 Futures)),icw,-0.8995,0.6,0.0,0,-0.005622,-0.0,0.0008,-0.0008,0.240665
2025-05-12,500ETF,Future (IC88 (CSI 500 Futures)),icw,0.007,0.6,0.0,0,0.002472,0.0,0.0,0.0,0.240665
2025-05-13,500ETF,Future (IC88 (CSI 500 Futures)),icw,-0.5788,0.6,0.0,0,-0.004865,-0.0,0.0,-0.0,0.240665
2025-05-14,500ETF,Future (IC88 (CSI 500 Futures)),icw,-0.4234,0.6,0.0,0,0.004229,0.0,0.0,0.0,0.240665
2025-05-15,500ETF,Future (IC88 (CSI 500 Futures)),icw,-1.0106,0.6,-1.0,1,-0.002135,0.002135,0.0008,0.001335,0.242001
2025-05-16,500ETF,Future (IC88 (CSI 500 Futures)),icw,0.5786,0.6,0.0,0,-0.004268,-0.0,0.0008,-0.0008,0.241201
2025-05-19,500ETF,Future (IC88 (CSI 500 Futures)),icw,-0.8551,0.6,0.0,0,0.009909,0.0,0.0,0.0,0.241201
2025-05-20,500ETF,Future (IC88 (CSI 500 Futures)),icw,-0.4271,0.6,0.0,0,0.007995,0.0,0.0,0.0,0.241201
2025-05-21,500ETF,Future (IC88 (CSI 500 Futures)),icw,0.064,0.6,0.0,0,0.003152,0.0,0.0,0.0,0.241201
2025-05-22,500ETF,Future (IC88 (CSI 500 Futures)),icw,-0.3001,0.6,0.0,0,-0.005395,-0.0,0.0,-0.0,0.241201
2025-05-23,500ETF,Future (IC88 (CSI 500 Futures)),icw,0.3957,0.6,0.0,0,-0.010648,-0.0,0.0,-0.0,0.241201
2025-05-26,500ETF,Future (IC88 (CSI 500 Futures)),icw,0.373,0.6,0.0,0,0.001073,0.0,0.0,0.0,0.241201
2025-05-27,500ETF,Future (IC88 (CSI 500 Futures)),icw,-0.763,0.6,0.0,0,0.001507,0.0,0.0,0.0,0.241201
2025-05-28,500ETF,Future (IC88 (CSI 500 Futures)),icw,-0.1356,0.6,0.0,0,-0.001436,-0.0,0.0,-0.0,0.241201
2025-05-29,500ETF,Future (IC88 (CSI 500 Futures)),icw,0.9682,0.6,1.0,1,0.004601,0.004601,0.0008,0.003801,0.245002
2025-05-30,500ETF,Future (IC88 (CSI 500 Futures)),icw,-0.9774,0.6,-1.0,1,0.002102,-0.002102,0.0016,-0.003702,0.2413
2025-06-03,500ETF,Future (IC88 (CSI 500 Futures)),icw,0.8946,0.6,1.0,1,-0.003393,-0.003393,0.0016,-0.004993,0.236306
2025-06-04,500ETF,Future (IC88 (CSI 500 Futures)),icw,0.7908,0.6,1.0,1,0.001865,0.001865,0.0,0.001865,0.238172
2025-06-05,500ETF,Future (IC88 (CSI 500 Futures)),icw,-0.6578,0.6,0.0,0,0.007571,0.0,0.0008,-0.0008,0.237372
2025-06-06,500ETF,Future (IC88 (CSI 500 Futures)),icw,-0.5673,0.6,0.0,0,0.000665,0.0,0.0,0.0,0.237372
2025-06-09,500ETF,Future (IC88 (CSI 500 Futures)),icw,0.4252,0.6,0.0,0,-0.001283,-0.0,0.0,-0.0,0.237372
2025-06-10,500ETF,Future (IC88 (CSI 500 Futures)),icw,-0.448,0.6,0.0,0,-0.006273,-0.0,0.0,-0.0,0.237372
2025-06-11,500ETF,Future (IC88 (CSI 500 Futures)),icw,1.1733,0.6,1.0,1,-0.003183,-0.003183,0.0008,-0.003983,0.233388
2025-06-12,500ETF,Future (IC88 (CSI 500 Futures)),icw,-0.1538,0.6,0.0,0,0.003293,0.0,0.0008,-0.0008,0.232588
2025-06-13,500ETF,Future (IC88 (CSI 500 Futures)),icw,-0.314,0.6,0.0,0,-0.001012,-0.0,0.0,-0.0,0.232588
2025-06-16,500ETF,Future (IC88 (CSI 500 Futures)),icw,0.9894,0.6,1.0,1,-0.000902,-0.000902,0.0008,-0.001702,0.230886
2025-06-17,500ETF,Future (IC88 (CSI 500 Futures)),icw,-0.4249,0.6,0.0,0,-0.003967,-0.0,0.0008,-0.0008,0.230086
2025-06-18,500ETF,Future (IC88 (CSI 500 Futures)),icw,-0.1083,0.6,0.0,0,0.00192,0.0,0.0,0.0,0.230086
2025-06-19,500ETF,Future (IC88 (CSI 500 Futures)),icw,0.0797,0.6,0.0,0,-0.010791,-0.0,0.0,-0.0,0.230086
2025-06-20,500ETF,Future (IC88 (CSI 500 Futures)),icw,0.1465,0.6,0.0,0,-0.003073,-0.0,0.0,-0.0,0.230086
2025-06-23,500ETF,Future (IC88 (CSI 500 Futures)),icw,0.7988,0.6,1.0,1,0.004982,0.004982,0.0008,0.004182,0.234268
2025-06-24,500ETF,Future (IC88 (CSI 500 Futures)),icw,1.1884,0.6,1.0,1,0.004518,0.004518,0.0,0.004518,0.238786
2025-06-25,500ETF,Future (IC88 (CSI 500 Futures)),icw,0.8735,0.6,1.0,1,0.010173,0.010173,0.0,0.010173,0.248959
2025-06-26,500ETF,Future (IC88 (CSI 500 Futures)),icw,-0.3158,0.6,0.0,0,-0.003881,-0.0,0.0008,-0.0008,0.248159
2025-06-27,500ETF,Future (IC88 (CSI 500 Futures)),icw,0.6632,0.6,1.0,1,-0.002502,-0.002502,0.0008,-0.003302,0.244857
2025-06-30,500ETF,Future (IC88 (CSI 500 Futures)),icw,0.3641,0.6,0.0,0,0.001432,0.0,0.0008,-0.0008,0.244057
2025-07-01,500ETF,Future (IC88 (CSI 500 Futures)),icw,-0.6244,0.6,0.0,0,0.003482,0.0,0.0,0.0,0.244057
2025-07-02,500ETF,Future (IC88 (CSI 500 Futures)),icw,-0.9117,0.6,-1.0,1,0.000376,-0.000376,0.0008,-0.001176,0.242881
2025-07-03,500ETF,Future (IC88 (CSI 500 Futures)),icw,0.4376,0.6,0.0,0,0.001568,0.0,0.0008,-0.0008,0.242081
2025-07-04,500ETF,Future (IC88 (CSI 500 Futures)),icw,-0.6516,0.6,0.0,0,0.002868,0.0,0.0,0.0,0.242081
2025-07-07,500ETF,Future (IC88 (CSI 500 Futures)),icw,-0.2076,0.6,0.0,0,0.001981,0.0,0.0,0.0,0.242081
2025-07-08,500ETF,Future (IC88 (CSI 500 Futures)),icw,1.092,0.6,1.0,1,0.006566,0.006566,0.0008,0.005766,0.247847
2025-07-09,500ETF,Future (IC88 (CSI 500 Futures)),icw,-0.1308,0.6,0.0,0,-0.002388,-0.0,0.0008,-0.0008,0.247047
2025-07-10,500ETF,Future (IC88 (CSI 500 Futures)),icw,0.1204,0.6,0.0,0,0.00316,0.0,0.0,0.0,0.247047
2025-07-11,500ETF,Future (IC88 (CSI 500 Futures)),icw,-0.4427,0.6,0.0,0,0.009853,0.0,0.0,0.0,0.247047
2025-07-14,500ETF,Future (IC88 (CSI 500 Futures)),icw,-0.2217,0.6,0.0,0,-0.000997,-0.0,0.0,-0.0,0.247047
2025-07-15,500ETF,Future (IC88 (CSI 500 Futures)),icw,0.7531,0.6,1.0,1,-0.00299,-0.00299,0.0008,-0.00379,0.243257
2025-07-16,500ETF,Future (IC88 (CSI 500 Futures)),icw,0.579,0.6,0.0,0,-0.007983,-0.0,0.0008,-0.0008,0.242457
2025-07-17,500ETF,Future (IC88 (CSI 500 Futures)),icw,0.7704,0.6,1.0,1,0.006333,0.006333,0.0008,0.005533,0.24799
2025-07-18,500ETF,Future (IC88 (CSI 500 Futures)),icw,0.3992,0.6,0.0,0,-0.001754,-0.0,0.0008,-0.0008,0.24719
2025-07-21,500ETF,Future (IC88 (CSI 500 Futures)),icw,0.649,0.6,1.0,1,0.001276,0.001276,0.0008,0.000476,0.247666
2025-07-22,500ETF,Future (IC88 (CSI 500 Futures)),icw,0.2116,0.6,0.0,0,0.007447,0.0,0.0008,-0.0008,0.246866
2025-07-23,500ETF,Future (IC88 (CSI 500 Futures)),icw,-0.1122,0.6,0.0,0,-0.004594,-0.0,0.0,-0.0,0.246866
2025-07-24,500ETF,Future (IC88 (CSI 500 Futures)),icw,0.9487,0.6,1.0,1,0.009905,0.009905,0.0008,0.009105,0.255971
2025-07-25,500ETF,Future (IC88 (CSI 500 Futures)),icw,-0.2363,0.6,0.0,0,9.6e-05,0.0,0.0008,-0.0008,0.255171
2025-07-28,500ETF,Future (IC88 (CSI 500 Futures)),icw,-0.7101,0.6,0.0,0,-0.000319,-0.0,0.0,-0.0,0.255171
2025-07-29,500ETF,Future (IC88 (CSI 500 Futures)),icw,-0.8493,0.6,0.0,0,0.011116,0.0,0.0,0.0,0.255171
2025-07-30,500ETF,Future (IC88 (CSI 500 Futures)),icw,-0.3008,0.6,0.0,0,-0.00251,-0.0,0.0,-0.0,0.255171
2025-07-31,500ETF,Future (IC88 (CSI 500 Futures)),icw,0.1392,0.6,0.0,0,-0.013936,-0.0,0.0,-0.0,0.255171
2025-08-01,500ETF,Future (IC88 (CSI 500 Futures)),icw,0.6455,0.6,1.0,1,-0.005547,-0.005547,0.0008,-0.006347,0.248824
2025-08-04,500ETF,Future (IC88 (CSI 500 Futures)),icw,0.2261,0.6,0.0,0,0.007431,0.0,0.0008,-0.0008,0.248024
2025-08-05,500ETF,Future (IC88 (CSI 500 Futures)),icw,0.3782,0.6,0.0,0,0.002684,0.0,0.0,0.0,0.248024
2025-08-06,500ETF,Future (IC88 (CSI 500 Futures)),icw,0.0633,0.6,0.0,0,0.008169,0.0,0.0,0.0,0.248024
2025-08-07,500ETF,Future (IC88 (CSI 500 Futures)),icw,-0.1074,0.6,0.0,0,-0.004163,-0.0,0.0,-0.0,0.248024
2025-08-08,500ETF,Future (IC88 (CSI 500 Futures)),icw,-0.6525,0.6,0.0,0,0.004762,0.0,0.0,0.0,0.248024
2025-08-11,500ETF,Future (IC88 (CSI 500 Futures)),icw,0.8084,0.6,1.0,1,0.003681,0.003681,0.0008,0.002881,0.250905
2025-08-12,500ETF,Future (IC88 (CSI 500 Futures)),icw,-0.6015,0.6,0.0,0,0.004902,0.0,0.0008,-0.0008,0.250105
2025-08-13,500ETF,Future (IC88 (CSI 500 Futures)),icw,0.862,0.6,1.0,1,0.007181,0.007181,0.0008,0.006381,0.256486
2025-08-14,500ETF,Future (IC88 (CSI 500 Futures)),icw,-0.4681,0.6,0.0,0,-0.005483,-0.0,0.0008,-0.0008,0.255686
2025-08-15,500ETF,Future (IC88 (CSI 500 Futures)),icw,1.2664,0.6,1.0,1,0.009595,0.009595,0.0008,0.008795,0.264481
2025-08-18,500ETF,Future (IC88 (CSI 500 Futures)),icw,-0.0621,0.6,0.0,0,0.003156,0.0,0.0008,-0.0008,0.263681
2025-08-19,500ETF,Future (IC88 (CSI 500 Futures)),icw,0.7264,0.6,1.0,1,-0.002872,-0.002872,0.0008,-0.003672,0.260009
2025-08-20,500ETF,Future (IC88 (CSI 500 Futures)),icw,-0.1361,0.6,0.0,0,0.009416,0.0,0.0008,-0.0008,0.259209
2025-08-21,500ETF,Future (IC88 (CSI 500 Futures)),icw,0.2179,0.6,0.0,0,-0.003858,-0.0,0.0,-0.0,0.259209
2025-08-22,500ETF,Future (IC88 (CSI 500 Futures)),icw,1.0475,0.6,1.0,1,0.012138,0.012138,0.0008,0.011338,0.270547
2025-08-25,500ETF,Future (IC88 (CSI 500 Futures)),icw,0.8308,0.6,1.0,1,0.003331,0.003331,0.0,0.003331,0.273878
2025-08-26,500ETF,Future (IC88 (CSI 500 Futures)),icw,0.3488,0.6,0.0,0,0.002448,0.0,0.0008,-0.0008,0.273078
2025-08-27,500ETF,Future (IC88 (CSI 500 Futures)),icw,0.8217,0.6,1.0,1,-0.002594,-0.002594,0.0008,-0.003394,0.269684
2025-08-28,500ETF,Future (IC88 (CSI 500 Futures)),icw,1.1479,0.6,1.0,1,0.010001,0.010001,0.0,0.010001,0.279684
2025-08-29,500ETF,Future (IC88 (CSI 500 Futures)),icw,-0.6129,0.6,0.0,0,0.001551,0.0,0.0008,-0.0008,0.278884
2025-09-01,500ETF,Future (IC88 (CSI 500 Futures)),icw,0.1114,0.6,0.0,0,0.005194,0.0,0.0,0.0,0.278884
2025-09-02,500ETF,Future (IC88 (CSI 500 Futures)),icw,-0.9465,0.6,-1.0,1,-0.014033,0.014033,0.0008,0.013233,0.292117
2025-09-03,500ETF,Future (IC88 (CSI 500 Futures)),icw,-0.2398,0.6,0.0,0,-0.007695,-0.0,0.0008,-0.0008,0.291317
2025-09-04,500ETF,Future (IC88 (CSI 500 Futures)),icw,0.0583,0.6,0.0,0,-0.035329,-0.0,0.0,-0.0,0.291317
2025-09-05,500ETF,Future (IC88 (CSI 500 Futures)),icw,0.3021,0.6,0.0,0,0.021988,0.0,0.0,0.0,0.291317
2025-09-08,500ETF,Future (IC88 (CSI 500 Futures)),icw,0.827,0.6,1.0,1,0.002248,0.002248,0.0008,0.001448,0.292765
2025-09-09,500ETF,Future (IC88 (CSI 500 Futures)),icw,-0.105,0.6,0.0,0,-0.011225,-0.0,0.0008,-0.0008,0.291965
2025-09-10,500ETF,Future (IC88 (CSI 500 Futures)),icw,0.9965,0.6,1.0,1,-0.004753,-0.004753,0.0008,-0.005553,0.286412
2025-09-11,500ETF,Future (IC88 (CSI 500 Futures)),icw,-0.4724,0.6,0.0,0,0.03007,0.0,0.0008,-0.0008,0.285612
2025-09-12,500ETF,Future (IC88 (CSI 500 Futures)),icw,0.8133,0.6,1.0,1,0.004755,0.004755,0.0008,0.003955,0.289567
2025-09-15,500ETF,Future (IC88 (CSI 500 Futures)),icw,-0.4532,0.6,0.0,0,8.4e-05,0.0,0.0008,-0.0008,0.288767
2025-09-16,500ETF,Future (IC88 (CSI 500 Futures)),icw,0.7607,0.6,1.0,1,0.00084,0.00084,0.0008,4e-05,0.288807
2025-09-17,500ETF,Future (IC88 (CSI 500 Futures)),icw,0.1302,0.6,0.0,0,0.007349,0.0,0.0008,-0.0008,0.288007
2025-09-18,500ETF,Future (IC88 (CSI 500 Futures)),icw,0.2676,0.6,0.0,0,-0.015536,-0.0,0.0,-0.0,0.288007
2025-09-19,500ETF,Future (IC88 (CSI 500 Futures)),icw,0.3799,0.6,0.0,0,0.002276,0.0,0.0,0.0,0.288007
2025-09-22,500ETF,Future (IC88 (CSI 500 Futures)),icw,-0.3843,0.6,0.0,0,0.010759,0.0,0.0,0.0,0.288007
2025-09-23,500ETF,Future (IC88 (CSI 500 Futures)),icw,-0.4505,0.6,0.0,0,-0.005847,-0.0,0.0,-0.0,0.288007
2025-09-24,500ETF,Future (IC88 (CSI 500 Futures)),icw,0.8648,0.6,1.0,1,0.017342,0.017342,0.0008,0.016542,0.304549
2025-09-25,500ETF,Future (IC88 (CSI 500 Futures)),icw,0.8124,0.6,1.0,1,0.006302,0.006302,0.0,0.006302,0.310852
2025-09-26,500ETF,Future (IC88 (CSI 500 Futures)),icw,0.3733,0.6,0.0,0,-0.008008,-0.0,0.0008,-0.0008,0.310052
2025-09-29,500ETF,Future (IC88 (CSI 500 Futures)),icw,-0.1382,0.6,0.0,0,0.015148,0.0,0.0,0.0,0.310052
2025-09-30,500ETF,Future (IC88 (CSI 500 Futures)),icw,1.0682,0.6,1.0,1,0.001812,0.001812,0.0008,0.001012,0.311063
2025-10-09,500ETF,Future (IC88 (CSI 500 Futures)),icw,0.3448,0.6,0.0,0,0.01186,0.0,0.0008,-0.0008,0.310263
2025-10-10,500ETF,Future (IC88 (CSI 500 Futures)),icw,-0.9005,0.6,-1.0,1,-0.006313,0.006313,0.0008,0.005513,0.315776
2025-10-13,500ETF,Future (IC88 (CSI 500 Futures)),icw,-0.0438,0.6,0.0,0,0.013606,0.0,0.0008,-0.0008,0.314976
2025-10-14,500ETF,Future (IC88 (CSI 500 Futures)),icw,0.4313,0.6,0.0,0,-0.03249,-0.0,0.0,-0.0,0.314976
2025-10-15,500ETF,Future (IC88 (CSI 500 Futures)),icw,-0.2161,0.6,0.0,0,0.008733,0.0,0.0,0.0,0.314976
2025-10-16,500ETF,Future (IC88 (CSI 500 Futures)),icw,-0.4296,0.6,0.0,0,-0.005614,-0.0,0.0,-0.0,0.314976
2025-10-17,500ETF,Future (IC88 (CSI 500 Futures)),icw,-0.2646,0.6,0.0,0,-0.012817,-0.0,0.0,-0.0,0.314976
2025-10-20,500ETF,Future (IC88 (CSI 500 Futures)),icw,-0.1319,0.6,0.0,0,-0.012633,-0.0,0.0,-0.0,0.314976
2025-10-21,500ETF,Future (IC88 (CSI 500 Futures)),icw,0.6025,0.6,1.0,1,0.008321,0.008321,0.0008,0.007521,0.322497
2025-10-22,500ETF,Future (IC88 (CSI 500 Futures)),icw,-0.522,0.6,0.0,0,0.000821,0.0,0.0008,-0.0008,0.321697
2025-10-23,500ETF,Future (IC88 (CSI 500 Futures)),icw,-1.0271,0.6,-1.0,1,0.012548,-0.012548,0.0008,-0.013348,0.308349
2025-10-24,500ETF,Future (IC88 (CSI 500 Futures)),icw,1.0911,0.6,1.0,1,0.004608,0.004608,0.0016,0.003008,0.311357
2025-10-27,500ETF,Future (IC88 (CSI 500 Futures)),icw,1.0413,0.6,1.0,1,0.001668,0.001668,0.0,0.001668,0.313025
2025-10-28,500ETF,Future (IC88 (CSI 500 Futures)),icw,-0.1407,0.6,0.0,0,-0.004243,-0.0,0.0008,-0.0008,0.312225
2025-10-29,500ETF,Future (IC88 (CSI 500 Futures)),icw,1.0744,0.6,1.0,1,0.011983,0.011983,0.0008,0.011183,0.323408
2025-10-30,500ETF,Future (IC88 (CSI 500 Futures)),icw,-0.9422,0.6,-1.0,1,-0.00231,0.00231,0.0016,0.00071,0.324118
2025-10-31,500ETF,Future (IC88 (CSI 500 Futures)),icw,-0.3414,0.6,0.0,0,-0.004474,-0.0,0.0008,-0.0008,0.323318
2025-11-03,500ETF,Future (IC88 (CSI 500 Futures)),icw,-1.0753,0.6,-1.0,1,0.009506,-0.009506,0.0008,-0.010306,0.313012
2025-11-04,500ETF,Future (IC88 (CSI 500 Futures)),icw,-0.6776,0.6,0.0,0,-0.012361,-0.0,0.0008,-0.0008,0.312212
2025-11-05,500ETF,Future (IC88 (CSI 500 Futures)),icw,0.1174,0.6,0.0,0,0.013459,0.0,0.0,0.0,0.312212
2025-11-06,500ETF,Future (IC88 (CSI 500 Futures)),icw,1.049,0.6,1.0,1,0.011383,0.011383,0.0008,0.010583,0.322794
2025-11-07,500ETF,Future (IC88 (CSI 500 Futures)),icw,-0.5114,0.6,0.0,0,0.003489,0.0,0.0008,-0.0008,0.321994
2025-11-10,500ETF,Future (IC88 (CSI 500 Futures)),icw,0.3175,0.6,0.0,0,0.00285,0.0,0.0,0.0,0.321994
2025-11-11,500ETF,Future (IC88 (CSI 500 Futures)),icw,0.0749,0.6,0.0,0,-0.008536,-0.0,0.0,-0.0,0.321994
2025-11-12,500ETF,Future (IC88 (CSI 500 Futures)),icw,-0.9024,0.6,-1.0,1,-0.00123,0.00123,0.0008,0.00043,0.322425
2025-11-13,500ETF,Future (IC88 (CSI 500 Futures)),icw,0.991,0.6,1.0,1,0.007052,0.007052,0.0016,0.005452,0.327877
2025-11-14,500ETF,Future (IC88 (CSI 500 Futures)),icw,-0.3842,0.6,0.0,0,-0.002222,-0.0,0.0008,-0.0008,0.327077
2025-11-17,500ETF,Future (IC88 (CSI 500 Futures)),icw,-0.1063,0.6,0.0,0,0.004796,0.0,0.0,0.0,0.327077
2025-11-18,500ETF,Future (IC88 (CSI 500 Futures)),icw,-0.5082,0.6,0.0,0,-0.004472,-0.0,0.0,-0.0,0.327077
2025-11-19,500ETF,Future (IC88 (CSI 500 Futures)),icw,0.5938,0.6,0.0,0,-0.001076,-0.0,0.0,-0.0,0.327077
2025-11-20,500ETF,Future (IC88 (CSI 500 Futures)),icw,-0.3568,0.6,0.0,0,-0.008534,-0.0,0.0,-0.0,0.327077
2025-11-21,500ETF,Future (IC88 (CSI 500 Futures)),icw,-0.546,0.6,0.0,0,-0.007972,-0.0,0.0,-0.0,0.327077
2025-11-24,500ETF,Future (IC88 (CSI 500 Futures)),icw,-0.2823,0.6,0.0,0,0.007861,0.0,0.0,0.0,0.327077
2025-11-25,500ETF,Future (IC88 (CSI 500 Futures)),icw,1.0709,0.6,1.0,1,-0.00266,-0.00266,0.0008,-0.00346,0.323617
2025-11-26,500ETF,Future (IC88 (CSI 500 Futures)),icw,0.5606,0.6,0.0,0,-0.007598,-0.0,0.0008,-0.0008,0.322817
2025-11-27,500ETF,Future (IC88 (CSI 500 Futures)),icw,1.1611,0.6,1.0,1,-0.012381,-0.012381,0.0008,-0.013181,0.309636
2025-11-28,500ETF,Future (IC88 (CSI 500 Futures)),icw,0.2302,0.6,0.0,0,0.01108,0.0,0.0008,-0.0008,0.308836
2025-12-01,500ETF,Future (IC88 (CSI 500 Futures)),icw,0.6124,0.6,1.0,1,-0.00111,-0.00111,0.0008,-0.00191,0.306926
2025-12-02,500ETF,Future (IC88 (CSI 500 Futures)),icw,-0.9522,0.6,-1.0,1,-0.00189,0.00189,0.0016,0.00029,0.307216
2025-12-03,500ETF,Future (IC88 (CSI 500 Futures)),icw,-0.0441,0.6,0.0,0,-0.003968,-0.0,0.0008,-0.0008,0.306416
2025-12-04,500ETF,Future (IC88 (CSI 500 Futures)),icw,-0.0838,0.6,0.0,0,0.00725,0.0,0.0,0.0,0.306416
2025-12-05,500ETF,Future (IC88 (CSI 500 Futures)),icw,-0.7835,0.6,0.0,0,0.012207,0.0,0.0,0.0,0.306416
2025-12-08,500ETF,Future (IC88 (CSI 500 Futures)),icw,0.3859,0.6,0.0,0,0.00732,0.0,0.0,0.0,0.306416
2025-12-09,500ETF,Future (IC88 (CSI 500 Futures)),icw,0.1376,0.6,0.0,0,-0.00862,-0.0,0.0,-0.0,0.306416
2025-12-10,500ETF,Future (IC88 (CSI 500 Futures)),icw,-0.8184,0.6,0.0,0,0.011617,0.0,0.0,0.0,0.306416
2025-12-11,500ETF,Future (IC88 (CSI 500 Futures)),icw,-0.2009,0.6,0.0,0,-0.004249,-0.0,0.0,-0.0,0.306416
2025-12-12,500ETF,Future (IC88 (CSI 500 Futures)),icw,-0.0277,0.6,0.0,0,0.014734,0.0,0.0,0.0,0.306416
2025-12-15,500ETF,Future (IC88 (CSI 500 Futures)),icw,0.0262,0.6,0.0,0,-0.004036,-0.0,0.0,-0.0,0.306416
2025-12-16,500ETF,Future (IC88 (CSI 500 Futures)),icw,-1.1486,0.6,-1.0,1,-0.000969,0.000969,0.0008,0.000169,0.306585
2025-12-17,500ETF,Future (IC88 (CSI 500 Futures)),icw,0.8894,0.6,1.0,1,0.020758,0.020758,0.0016,0.019158,0.325743
2025-12-18,500ETF,Future (IC88 (CSI 500 Futures)),icw,0.8257,0.6,1.0,1,-0.006884,-0.006884,0.0,-0.006884,0.318859
2025-12-19,500ETF,Future (IC88 (CSI 500 Futures)),icw,0.1072,0.6,0.0,0,0.00528,0.0,0.0008,-0.0008,0.318059
2025-12-22,500ETF,Future (IC88 (CSI 500 Futures)),icw,1.1425,0.6,1.0,1,-0.001634,-0.001634,0.0008,-0.002434,0.315626
2025-12-23,500ETF,Future (IC88 (CSI 500 Futures)),icw,-0.1089,0.6,0.0,0,-0.00404,-0.0,0.0008,-0.0008,0.314826
2025-12-24,500ETF,Future (IC88 (CSI 500 Futures)),icw,0.3682,0.6,0.0,0,0.011006,0.0,0.0,0.0,0.314826
2025-12-25,500ETF,Future (IC88 (CSI 500 Futures)),icw,0.4414,0.6,0.0,0,0.009797,0.0,0.0,0.0,0.314826
2025-12-26,500ETF,Future (IC88 (CSI 500 Futures)),icw,0.6666,0.6,1.0,1,0.000806,0.000806,0.0008,6e-06,0.314832
2025-12-29,500ETF,Future (IC88 (CSI 500 Futures)),icw,-0.3505,0.6,0.0,0,-0.001996,-0.0,0.0008,-0.0008,0.314032
2025-12-30,500ETF,Future (IC88 (CSI 500 Futures)),icw,0.7789,0.6,1.0,1,0.001556,0.001556,0.0008,0.000756,0.314788
2025-12-31,500ETF,Future (IC88 (CSI 500 Futures)),icw,-0.4582,0.6,0.0,0,0.001209,0.0,0.0008,-0.0008,0.313988
