{"op_code":0,"worker_id":"022ef52b-fe0d-4e00-b114-9bbbc41087a5-22948","study_name":"main_300ETF_short_r202512_sortino_armC","directions":[2]}
{"op_code":4,"worker_id":"8e0a21b2-293f-46a7-aaa9-8a4e96014d36-8896","study_id":0,"datetime_start":"2026-07-14T11:45:13.149539"}
{"op_code":5,"worker_id":"8e0a21b2-293f-46a7-aaa9-8a4e96014d36-8896","trial_id":0,"param_name":"k_weight","param_value_internal":0.17258184958466843,"distribution":"{\"name\": \"FloatDistribution\", \"attributes\": {\"step\": null, \"low\": 0.0, \"high\": 1.5, \"log\": false}}"}
{"op_code":4,"worker_id":"33e9247a-3c74-4d8e-9300-827f0013c643-19068","study_id":0,"datetime_start":"2026-07-14T11:45:13.151873"}
{"op_code":5,"worker_id":"33e9247a-3c74-4d8e-9300-827f0013c643-19068","trial_id":1,"param_name":"k_weight","param_value_internal":1.252263222998474,"distribution":"{\"name\": \"FloatDistribution\", \"attributes\": {\"step\": null, \"low\": 0.0, \"high\": 1.5, \"log\": false}}"}
{"op_code":5,"worker_id":"33e9247a-3c74-4d8e-9300-827f0013c643-19068","trial_id":1,"param_name":"unified_alpha","param_value_internal":4.253795683489069e-05,"distribution":"{\"name\": \"FloatDistribution\", \"attributes\": {\"step\": null, \"low\": 1e-05, \"high\": 10.0, \"log\": true}}"}
{"op_code":5,"worker_id":"8e0a21b2-293f-46a7-aaa9-8a4e96014d36-8896","trial_id":0,"param_name":"unified_alpha","param_value_internal":0.0451231319213065,"distribution":"{\"name\": \"FloatDistribution\", \"attributes\": {\"step\": null, \"low\": 1e-05, \"high\": 10.0, \"log\": true}}"}
{"op_code":5,"worker_id":"33e9247a-3c74-4d8e-9300-827f0013c643-19068","trial_id":1,"param_name":"unified_rho","param_value_internal":0.7446404816795178,"distribution":"{\"name\": \"FloatDistribution\", \"attributes\": {\"step\": null, \"low\": 0.0, \"high\": 1.0, \"log\": false}}"}
{"op_code":4,"worker_id":"83e8d4b3-a3f2-45df-bc9a-f2d6c89d1723-16052","study_id":0,"datetime_start":"2026-07-14T11:45:13.162245"}
{"op_code":4,"worker_id":"cfc22acc-5363-46d5-88fc-6a6655fbe797-14384","study_id":0,"datetime_start":"2026-07-14T11:45:13.160272"}
{"op_code":5,"worker_id":"83e8d4b3-a3f2-45df-bc9a-f2d6c89d1723-16052","trial_id":2,"param_name":"k_weight","param_value_internal":0.17023270784047428,"distribution":"{\"name\": \"FloatDistribution\", \"attributes\": {\"step\": null, \"low\": 0.0, \"high\": 1.5, \"log\": false}}"}
{"op_code":5,"worker_id":"cfc22acc-5363-46d5-88fc-6a6655fbe797-14384","trial_id":3,"param_name":"k_weight","param_value_internal":1.175748526208626,"distribution":"{\"name\": \"FloatDistribution\", \"attributes\": {\"step\": null, \"low\": 0.0, \"high\": 1.5, \"log\": false}}"}
{"op_code":4,"worker_id":"214e8726-e9bf-4896-a246-ec70b9618361-12024","study_id":0,"datetime_start":"2026-07-14T11:45:13.165173"}
{"op_code":4,"worker_id":"35dd3571-139d-4e13-a6ea-d19fa6eb4558-23408","study_id":0,"datetime_start":"2026-07-14T11:45:13.166453"}
{"op_code":5,"worker_id":"33e9247a-3c74-4d8e-9300-827f0013c643-19068","trial_id":1,"param_name":"unified_gamma","param_value_internal":35.86027023078568,"distribution":"{\"name\": \"FloatDistribution\", \"attributes\": {\"step\": null, \"low\": 1.5, \"high\": 10000.0, \"log\": true}}"}
{"op_code":5,"worker_id":"35dd3571-139d-4e13-a6ea-d19fa6eb4558-23408","trial_id":5,"param_name":"k_weight","param_value_internal":0.45144668378387187,"distribution":"{\"name\": \"FloatDistribution\", \"attributes\": {\"step\": null, \"low\": 0.0, \"high\": 1.5, \"log\": false}}"}
{"op_code":5,"worker_id":"35dd3571-139d-4e13-a6ea-d19fa6eb4558-23408","trial_id":5,"param_name":"unified_alpha","param_value_internal":0.0003036483963037555,"distribution":"{\"name\": \"FloatDistribution\", \"attributes\": {\"step\": null, \"low\": 1e-05, \"high\": 10.0, \"log\": true}}"}
{"op_code":4,"worker_id":"f4f25bce-fe4a-41e4-9e8a-5f0e5500c3f2-3216","study_id":0,"datetime_start":"2026-07-14T11:45:13.172485"}
{"op_code":4,"worker_id":"a44f14f7-63ae-41ae-81f2-b354a5b39828-8436","study_id":0,"datetime_start":"2026-07-14T11:45:13.177624"}
{"op_code":5,"worker_id":"35dd3571-139d-4e13-a6ea-d19fa6eb4558-23408","trial_id":5,"param_name":"unified_rho","param_value_internal":0.9263351350591756,"distribution":"{\"name\": \"FloatDistribution\", \"attributes\": {\"step\": null, \"low\": 0.0, \"high\": 1.0, \"log\": false}}"}
{"op_code":5,"worker_id":"a44f14f7-63ae-41ae-81f2-b354a5b39828-8436","trial_id":7,"param_name":"k_weight","param_value_internal":1.2699936108152008,"distribution":"{\"name\": \"FloatDistribution\", \"attributes\": {\"step\": null, \"low\": 0.0, \"high\": 1.5, \"log\": false}}"}
{"op_code":4,"worker_id":"edd00e92-915b-487b-a2a6-cc57e60bff84-31524","study_id":0,"datetime_start":"2026-07-14T11:45:13.180615"}
{"op_code":4,"worker_id":"6103fc19-a5e4-48a5-b32b-a3672f5bbb89-27064","study_id":0,"datetime_start":"2026-07-14T11:45:13.183565"}
{"op_code":5,"worker_id":"6103fc19-a5e4-48a5-b32b-a3672f5bbb89-27064","trial_id":9,"param_name":"k_weight","param_value_internal":0.139662430007787,"distribution":"{\"name\": \"FloatDistribution\", \"attributes\": {\"step\": null, \"low\": 0.0, \"high\": 1.5, \"log\": false}}"}
{"op_code":5,"worker_id":"a44f14f7-63ae-41ae-81f2-b354a5b39828-8436","trial_id":7,"param_name":"unified_alpha","param_value_internal":0.023280550286246,"distribution":"{\"name\": \"FloatDistribution\", \"attributes\": {\"step\": null, \"low\": 1e-05, \"high\": 10.0, \"log\": true}}"}
{"op_code":4,"worker_id":"ab2f29a2-0e64-4493-b062-3e86938b72f7-20880","study_id":0,"datetime_start":"2026-07-14T11:45:13.188295"}
{"op_code":5,"worker_id":"ab2f29a2-0e64-4493-b062-3e86938b72f7-20880","trial_id":10,"param_name":"k_weight","param_value_internal":0.1310244643532626,"distribution":"{\"name\": \"FloatDistribution\", \"attributes\": {\"step\": null, \"low\": 0.0, \"high\": 1.5, \"log\": false}}"}
{"op_code":5,"worker_id":"6103fc19-a5e4-48a5-b32b-a3672f5bbb89-27064","trial_id":9,"param_name":"unified_alpha","param_value_internal":6.75982604244183,"distribution":"{\"name\": \"FloatDistribution\", \"attributes\": {\"step\": null, \"low\": 1e-05, \"high\": 10.0, \"log\": true}}"}
{"op_code":4,"worker_id":"b5e55467-f91d-41d9-8450-5f3cda88cc23-11668","study_id":0,"datetime_start":"2026-07-14T11:45:13.175294"}
{"op_code":4,"worker_id":"ec6e6a37-b724-451b-91a8-3cee4cfce0a6-18156","study_id":0,"datetime_start":"2026-07-14T11:45:13.190807"}
{"op_code":5,"worker_id":"ab2f29a2-0e64-4493-b062-3e86938b72f7-20880","trial_id":10,"param_name":"unified_alpha","param_value_internal":0.00024146967484786692,"distribution":"{\"name\": \"FloatDistribution\", \"attributes\": {\"step\": null, \"low\": 1e-05, \"high\": 10.0, \"log\": true}}"}
{"op_code":4,"worker_id":"70e85b48-b870-497f-b820-62127246df4b-30084","study_id":0,"datetime_start":"2026-07-14T11:45:13.197766"}
{"op_code":5,"worker_id":"ec6e6a37-b724-451b-91a8-3cee4cfce0a6-18156","trial_id":12,"param_name":"k_weight","param_value_internal":0.5476583745340409,"distribution":"{\"name\": \"FloatDistribution\", \"attributes\": {\"step\": null, \"low\": 0.0, \"high\": 1.5, \"log\": false}}"}
{"op_code":5,"worker_id":"70e85b48-b870-497f-b820-62127246df4b-30084","trial_id":13,"param_name":"k_weight","param_value_internal":1.2367042138699227,"distribution":"{\"name\": \"FloatDistribution\", \"attributes\": {\"step\": null, \"low\": 0.0, \"high\": 1.5, \"log\": false}}"}
{"op_code":5,"worker_id":"70e85b48-b870-497f-b820-62127246df4b-30084","trial_id":13,"param_name":"unified_alpha","param_value_internal":0.00012248936831990408,"distribution":"{\"name\": \"FloatDistribution\", \"attributes\": {\"step\": null, \"low\": 1e-05, \"high\": 10.0, \"log\": true}}"}
{"op_code":5,"worker_id":"6103fc19-a5e4-48a5-b32b-a3672f5bbb89-27064","trial_id":9,"param_name":"unified_rho","param_value_internal":0.4838599804636461,"distribution":"{\"name\": \"FloatDistribution\", \"attributes\": {\"step\": null, \"low\": 0.0, \"high\": 1.0, \"log\": false}}"}
{"op_code":4,"worker_id":"51ce0c38-1d3f-4697-9e6e-e8acd7b67d77-4680","study_id":0,"datetime_start":"2026-07-14T11:45:13.195279"}
{"op_code":5,"worker_id":"214e8726-e9bf-4896-a246-ec70b9618361-12024","trial_id":4,"param_name":"k_weight","param_value_internal":0.026235406396728944,"distribution":"{\"name\": \"FloatDistribution\", \"attributes\": {\"step\": null, \"low\": 0.0, \"high\": 1.5, \"log\": false}}"}
{"op_code":5,"worker_id":"70e85b48-b870-497f-b820-62127246df4b-30084","trial_id":13,"param_name":"unified_rho","param_value_internal":0.8773267682070526,"distribution":"{\"name\": \"FloatDistribution\", \"attributes\": {\"step\": null, \"low\": 0.0, \"high\": 1.0, \"log\": false}}"}
{"op_code":4,"worker_id":"8123255f-4739-4efb-90af-cefd949fffe4-24364","study_id":0,"datetime_start":"2026-07-14T11:45:13.204734"}
{"op_code":5,"worker_id":"51ce0c38-1d3f-4697-9e6e-e8acd7b67d77-4680","trial_id":14,"param_name":"k_weight","param_value_internal":0.45130999506992814,"distribution":"{\"name\": \"FloatDistribution\", \"attributes\": {\"step\": null, \"low\": 0.0, \"high\": 1.5, \"log\": false}}"}
{"op_code":5,"worker_id":"214e8726-e9bf-4896-a246-ec70b9618361-12024","trial_id":4,"param_name":"unified_alpha","param_value_internal":2.2358342417700436,"distribution":"{\"name\": \"FloatDistribution\", \"attributes\": {\"step\": null, \"low\": 1e-05, \"high\": 10.0, \"log\": true}}"}
{"op_code":4,"worker_id":"2a7e8751-0c59-4b4b-9d38-4e9a9de8f381-29612","study_id":0,"datetime_start":"2026-07-14T11:45:13.209429"}
{"op_code":5,"worker_id":"8123255f-4739-4efb-90af-cefd949fffe4-24364","trial_id":15,"param_name":"k_weight","param_value_internal":0.5686477881506551,"distribution":"{\"name\": \"FloatDistribution\", \"attributes\": {\"step\": null, \"low\": 0.0, \"high\": 1.5, \"log\": false}}"}
{"op_code":5,"worker_id":"51ce0c38-1d3f-4697-9e6e-e8acd7b67d77-4680","trial_id":14,"param_name":"unified_alpha","param_value_internal":0.00013233505373256015,"distribution":"{\"name\": \"FloatDistribution\", \"attributes\": {\"step\": null, \"low\": 1e-05, \"high\": 10.0, \"log\": true}}"}
{"op_code":5,"worker_id":"51ce0c38-1d3f-4697-9e6e-e8acd7b67d77-4680","trial_id":14,"param_name":"unified_rho","param_value_internal":0.32318267696821945,"distribution":"{\"name\": \"FloatDistribution\", \"attributes\": {\"step\": null, \"low\": 0.0, \"high\": 1.0, \"log\": false}}"}
{"op_code":5,"worker_id":"2a7e8751-0c59-4b4b-9d38-4e9a9de8f381-29612","trial_id":16,"param_name":"k_weight","param_value_internal":0.2314313671969137,"distribution":"{\"name\": \"FloatDistribution\", \"attributes\": {\"step\": null, \"low\": 0.0, \"high\": 1.5, \"log\": false}}"}
{"op_code":4,"worker_id":"f6a7f152-f798-4c38-8932-6939490b0e0f-19176","study_id":0,"datetime_start":"2026-07-14T11:45:13.185825"}
{"op_code":5,"worker_id":"a44f14f7-63ae-41ae-81f2-b354a5b39828-8436","trial_id":7,"param_name":"unified_rho","param_value_internal":0.45487540240575286,"distribution":"{\"name\": \"FloatDistribution\", \"attributes\": {\"step\": null, \"low\": 0.0, \"high\": 1.0, \"log\": false}}"}
{"op_code":5,"worker_id":"f6a7f152-f798-4c38-8932-6939490b0e0f-19176","trial_id":17,"param_name":"k_weight","param_value_internal":1.476287775813865,"distribution":"{\"name\": \"FloatDistribution\", \"attributes\": {\"step\": null, \"low\": 0.0, \"high\": 1.5, \"log\": false}}"}
{"op_code":4,"worker_id":"afaee011-a550-417d-b1d4-b5d9df77d4e0-27448","study_id":0,"datetime_start":"2026-07-14T11:45:13.206953"}
{"op_code":5,"worker_id":"8123255f-4739-4efb-90af-cefd949fffe4-24364","trial_id":15,"param_name":"unified_alpha","param_value_internal":0.025269055139108366,"distribution":"{\"name\": \"FloatDistribution\", \"attributes\": {\"step\": null, \"low\": 1e-05, \"high\": 10.0, \"log\": true}}"}
{"op_code":5,"worker_id":"f6a7f152-f798-4c38-8932-6939490b0e0f-19176","trial_id":17,"param_name":"unified_alpha","param_value_internal":0.0010010910900983274,"distribution":"{\"name\": \"FloatDistribution\", \"attributes\": {\"step\": null, \"low\": 1e-05, \"high\": 10.0, \"log\": true}}"}
{"op_code":5,"worker_id":"8e0a21b2-293f-46a7-aaa9-8a4e96014d36-8896","trial_id":0,"param_name":"unified_rho","param_value_internal":0.13339096418598828,"distribution":"{\"name\": \"FloatDistribution\", \"attributes\": {\"step\": null, \"low\": 0.0, \"high\": 1.0, \"log\": false}}"}
{"op_code":5,"worker_id":"b5e55467-f91d-41d9-8450-5f3cda88cc23-11668","trial_id":11,"param_name":"k_weight","param_value_internal":1.234665511064688,"distribution":"{\"name\": \"FloatDistribution\", \"attributes\": {\"step\": null, \"low\": 0.0, \"high\": 1.5, \"log\": false}}"}
{"op_code":5,"worker_id":"afaee011-a550-417d-b1d4-b5d9df77d4e0-27448","trial_id":18,"param_name":"k_weight","param_value_internal":0.32796757522080905,"distribution":"{\"name\": \"FloatDistribution\", \"attributes\": {\"step\": null, \"low\": 0.0, \"high\": 1.5, \"log\": false}}"}
{"op_code":5,"worker_id":"8e0a21b2-293f-46a7-aaa9-8a4e96014d36-8896","trial_id":0,"param_name":"unified_gamma","param_value_internal":12.476248311536951,"distribution":"{\"name\": \"FloatDistribution\", \"attributes\": {\"step\": null, \"low\": 1.5, \"high\": 10000.0, \"log\": true}}"}
{"op_code":5,"worker_id":"ab2f29a2-0e64-4493-b062-3e86938b72f7-20880","trial_id":10,"param_name":"unified_rho","param_value_internal":0.41106107063891273,"distribution":"{\"name\": \"FloatDistribution\", \"attributes\": {\"step\": null, \"low\": 0.0, \"high\": 1.0, \"log\": false}}"}
{"op_code":5,"worker_id":"ec6e6a37-b724-451b-91a8-3cee4cfce0a6-18156","trial_id":12,"param_name":"unified_alpha","param_value_internal":0.00509607129650663,"distribution":"{\"name\": \"FloatDistribution\", \"attributes\": {\"step\": null, \"low\": 1e-05, \"high\": 10.0, \"log\": true}}"}
{"op_code":5,"worker_id":"51ce0c38-1d3f-4697-9e6e-e8acd7b67d77-4680","trial_id":14,"param_name":"unified_gamma","param_value_internal":527.0561194914657,"distribution":"{\"name\": \"FloatDistribution\", \"attributes\": {\"step\": null, \"low\": 1.5, \"high\": 10000.0, \"log\": true}}"}
{"op_code":5,"worker_id":"2a7e8751-0c59-4b4b-9d38-4e9a9de8f381-29612","trial_id":16,"param_name":"unified_alpha","param_value_internal":6.341578374585632e-05,"distribution":"{\"name\": \"FloatDistribution\", \"attributes\": {\"step\": null, \"low\": 1e-05, \"high\": 10.0, \"log\": true}}"}
{"op_code":5,"worker_id":"ec6e6a37-b724-451b-91a8-3cee4cfce0a6-18156","trial_id":12,"param_name":"unified_rho","param_value_internal":0.4960603487677895,"distribution":"{\"name\": \"FloatDistribution\", \"attributes\": {\"step\": null, \"low\": 0.0, \"high\": 1.0, \"log\": false}}"}
{"op_code":5,"worker_id":"f4f25bce-fe4a-41e4-9e8a-5f0e5500c3f2-3216","trial_id":6,"param_name":"k_weight","param_value_internal":1.0135971232553285,"distribution":"{\"name\": \"FloatDistribution\", \"attributes\": {\"step\": null, \"low\": 0.0, \"high\": 1.5, \"log\": false}}"}
{"op_code":5,"worker_id":"f4f25bce-fe4a-41e4-9e8a-5f0e5500c3f2-3216","trial_id":6,"param_name":"unified_alpha","param_value_internal":1.85469752839378e-05,"distribution":"{\"name\": \"FloatDistribution\", \"attributes\": {\"step\": null, \"low\": 1e-05, \"high\": 10.0, \"log\": true}}"}
{"op_code":5,"worker_id":"b5e55467-f91d-41d9-8450-5f3cda88cc23-11668","trial_id":11,"param_name":"unified_alpha","param_value_internal":1.4345242342057838e-05,"distribution":"{\"name\": \"FloatDistribution\", \"attributes\": {\"step\": null, \"low\": 1e-05, \"high\": 10.0, \"log\": true}}"}
{"op_code":5,"worker_id":"afaee011-a550-417d-b1d4-b5d9df77d4e0-27448","trial_id":18,"param_name":"unified_alpha","param_value_internal":1.543179043837076e-05,"distribution":"{\"name\": \"FloatDistribution\", \"attributes\": {\"step\": null, \"low\": 1e-05, \"high\": 10.0, \"log\": true}}"}
{"op_code":5,"worker_id":"8e0a21b2-293f-46a7-aaa9-8a4e96014d36-8896","trial_id":0,"param_name":"huber_delta","param_value_internal":1.972125751150129,"distribution":"{\"name\": \"FloatDistribution\", \"attributes\": {\"step\": null, \"low\": 0.5, \"high\": 5.0, \"log\": false}}"}
{"op_code":5,"worker_id":"ab2f29a2-0e64-4493-b062-3e86938b72f7-20880","trial_id":10,"param_name":"unified_gamma","param_value_internal":23.147065288429395,"distribution":"{\"name\": \"FloatDistribution\", \"attributes\": {\"step\": null, \"low\": 1.5, \"high\": 10000.0, \"log\": true}}"}
{"op_code":5,"worker_id":"ab2f29a2-0e64-4493-b062-3e86938b72f7-20880","trial_id":10,"param_name":"huber_delta","param_value_internal":3.0468015084267748,"distribution":"{\"name\": \"FloatDistribution\", \"attributes\": {\"step\": null, \"low\": 0.5, \"high\": 5.0, \"log\": false}}"}
{"op_code":5,"worker_id":"afaee011-a550-417d-b1d4-b5d9df77d4e0-27448","trial_id":18,"param_name":"unified_rho","param_value_internal":0.2871252773397034,"distribution":"{\"name\": \"FloatDistribution\", \"attributes\": {\"step\": null, \"low\": 0.0, \"high\": 1.0, \"log\": false}}"}
{"op_code":5,"worker_id":"2a7e8751-0c59-4b4b-9d38-4e9a9de8f381-29612","trial_id":16,"param_name":"unified_rho","param_value_internal":0.36268546617688757,"distribution":"{\"name\": \"FloatDistribution\", \"attributes\": {\"step\": null, \"low\": 0.0, \"high\": 1.0, \"log\": false}}"}
{"op_code":5,"worker_id":"2a7e8751-0c59-4b4b-9d38-4e9a9de8f381-29612","trial_id":16,"param_name":"unified_gamma","param_value_internal":592.8456313569452,"distribution":"{\"name\": \"FloatDistribution\", \"attributes\": {\"step\": null, \"low\": 1.5, \"high\": 10000.0, \"log\": true}}"}
{"op_code":4,"worker_id":"c7d6d8dc-8560-4c49-804e-a48aac780136-22852","study_id":0,"datetime_start":"2026-07-14T11:45:13.193616"}
{"op_code":5,"worker_id":"afaee011-a550-417d-b1d4-b5d9df77d4e0-27448","trial_id":18,"param_name":"unified_gamma","param_value_internal":6.859124195171953,"distribution":"{\"name\": \"FloatDistribution\", \"attributes\": {\"step\": null, \"low\": 1.5, \"high\": 10000.0, \"log\": true}}"}
{"op_code":5,"worker_id":"ec6e6a37-b724-451b-91a8-3cee4cfce0a6-18156","trial_id":12,"param_name":"unified_gamma","param_value_internal":2.919195228671233,"distribution":"{\"name\": \"FloatDistribution\", \"attributes\": {\"step\": null, \"low\": 1.5, \"high\": 10000.0, \"log\": true}}"}
{"op_code":5,"worker_id":"c7d6d8dc-8560-4c49-804e-a48aac780136-22852","trial_id":19,"param_name":"k_weight","param_value_internal":1.3860526733616378,"distribution":"{\"name\": \"FloatDistribution\", \"attributes\": {\"step\": null, \"low\": 0.0, \"high\": 1.5, \"log\": false}}"}
{"op_code":5,"worker_id":"afaee011-a550-417d-b1d4-b5d9df77d4e0-27448","trial_id":18,"param_name":"huber_delta","param_value_internal":1.8651937139528465,"distribution":"{\"name\": \"FloatDistribution\", \"attributes\": {\"step\": null, \"low\": 0.5, \"high\": 5.0, \"log\": false}}"}
{"op_code":5,"worker_id":"ec6e6a37-b724-451b-91a8-3cee4cfce0a6-18156","trial_id":12,"param_name":"huber_delta","param_value_internal":3.072927120474744,"distribution":"{\"name\": \"FloatDistribution\", \"attributes\": {\"step\": null, \"low\": 0.5, \"high\": 5.0, \"log\": false}}"}
{"op_code":5,"worker_id":"b5e55467-f91d-41d9-8450-5f3cda88cc23-11668","trial_id":11,"param_name":"unified_rho","param_value_internal":0.21077063993129397,"distribution":"{\"name\": \"FloatDistribution\", \"attributes\": {\"step\": null, \"low\": 0.0, \"high\": 1.0, \"log\": false}}"}
{"op_code":5,"worker_id":"b5e55467-f91d-41d9-8450-5f3cda88cc23-11668","trial_id":11,"param_name":"unified_gamma","param_value_internal":347.4398816847049,"distribution":"{\"name\": \"FloatDistribution\", \"attributes\": {\"step\": null, \"low\": 1.5, \"high\": 10000.0, \"log\": true}}"}
{"op_code":5,"worker_id":"b5e55467-f91d-41d9-8450-5f3cda88cc23-11668","trial_id":11,"param_name":"huber_delta","param_value_internal":0.9422800940160463,"distribution":"{\"name\": \"FloatDistribution\", \"attributes\": {\"step\": null, \"low\": 0.5, \"high\": 5.0, \"log\": false}}"}
{"op_code":5,"worker_id":"51ce0c38-1d3f-4697-9e6e-e8acd7b67d77-4680","trial_id":14,"param_name":"huber_delta","param_value_internal":3.05136860436146,"distribution":"{\"name\": \"FloatDistribution\", \"attributes\": {\"step\": null, \"low\": 0.5, \"high\": 5.0, \"log\": false}}"}
{"op_code":5,"worker_id":"c7d6d8dc-8560-4c49-804e-a48aac780136-22852","trial_id":19,"param_name":"unified_alpha","param_value_internal":8.855711978905983e-05,"distribution":"{\"name\": \"FloatDistribution\", \"attributes\": {\"step\": null, \"low\": 1e-05, \"high\": 10.0, \"log\": true}}"}
{"op_code":5,"worker_id":"70e85b48-b870-497f-b820-62127246df4b-30084","trial_id":13,"param_name":"unified_gamma","param_value_internal":121.99158381094936,"distribution":"{\"name\": \"FloatDistribution\", \"attributes\": {\"step\": null, \"low\": 1.5, \"high\": 10000.0, \"log\": true}}"}
{"op_code":5,"worker_id":"2a7e8751-0c59-4b4b-9d38-4e9a9de8f381-29612","trial_id":16,"param_name":"huber_delta","param_value_internal":1.3750252580024045,"distribution":"{\"name\": \"FloatDistribution\", \"attributes\": {\"step\": null, \"low\": 0.5, \"high\": 5.0, \"log\": false}}"}
{"op_code":5,"worker_id":"70e85b48-b870-497f-b820-62127246df4b-30084","trial_id":13,"param_name":"huber_delta","param_value_internal":4.842168949502053,"distribution":"{\"name\": \"FloatDistribution\", \"attributes\": {\"step\": null, \"low\": 0.5, \"high\": 5.0, \"log\": false}}"}
{"op_code":5,"worker_id":"c7d6d8dc-8560-4c49-804e-a48aac780136-22852","trial_id":19,"param_name":"unified_rho","param_value_internal":0.8669150768157973,"distribution":"{\"name\": \"FloatDistribution\", \"attributes\": {\"step\": null, \"low\": 0.0, \"high\": 1.0, \"log\": false}}"}
{"op_code":5,"worker_id":"f4f25bce-fe4a-41e4-9e8a-5f0e5500c3f2-3216","trial_id":6,"param_name":"unified_rho","param_value_internal":0.3433036725425923,"distribution":"{\"name\": \"FloatDistribution\", \"attributes\": {\"step\": null, \"low\": 0.0, \"high\": 1.0, \"log\": false}}"}
{"op_code":5,"worker_id":"c7d6d8dc-8560-4c49-804e-a48aac780136-22852","trial_id":19,"param_name":"unified_gamma","param_value_internal":3.1470215787374998,"distribution":"{\"name\": \"FloatDistribution\", \"attributes\": {\"step\": null, \"low\": 1.5, \"high\": 10000.0, \"log\": true}}"}
{"op_code":5,"worker_id":"c7d6d8dc-8560-4c49-804e-a48aac780136-22852","trial_id":19,"param_name":"huber_delta","param_value_internal":3.0810815777193246,"distribution":"{\"name\": \"FloatDistribution\", \"attributes\": {\"step\": null, \"low\": 0.5, \"high\": 5.0, \"log\": false}}"}
{"op_code":4,"worker_id":"d3d07b28-fadf-4df0-bdee-b348cedd53e6-24340","study_id":0,"datetime_start":"2026-07-14T11:45:13.156051"}
{"op_code":5,"worker_id":"f4f25bce-fe4a-41e4-9e8a-5f0e5500c3f2-3216","trial_id":6,"param_name":"unified_gamma","param_value_internal":435.2751988055667,"distribution":"{\"name\": \"FloatDistribution\", \"attributes\": {\"step\": null, \"low\": 1.5, \"high\": 10000.0, \"log\": true}}"}
{"op_code":5,"worker_id":"d3d07b28-fadf-4df0-bdee-b348cedd53e6-24340","trial_id":20,"param_name":"k_weight","param_value_internal":1.4835172702134,"distribution":"{\"name\": \"FloatDistribution\", \"attributes\": {\"step\": null, \"low\": 0.0, \"high\": 1.5, \"log\": false}}"}
{"op_code":8,"worker_id":"ab2f29a2-0e64-4493-b062-3e86938b72f7-20880","trial_id":10,"user_attr":{"constraints":[-0.024732313622943147,0.13857660407812383,0.43333333333333335,0.19747474747474747,0.14932098033579275,-114.0,-8.0,0.14618189618189617,0.16666666666666669,-1190.1770524002513,0.025694444444444464,0.019576719576719637]}}
{"op_code":5,"worker_id":"8123255f-4739-4efb-90af-cefd949fffe4-24364","trial_id":15,"param_name":"unified_rho","param_value_internal":0.5955925126571219,"distribution":"{\"name\": \"FloatDistribution\", \"attributes\": {\"step\": null, \"low\": 0.0, \"high\": 1.0, \"log\": false}}"}
{"op_code":8,"worker_id":"8e0a21b2-293f-46a7-aaa9-8a4e96014d36-8896","trial_id":0,"user_attr":{"constraints":[-0.012190521535677727,0.06941385193664829,0.26666666666666666,0.1186868686868687,0.05103149855354181,-114.0,-6.0,0.06069283569283568,0.0,-1193.7451071231849,0.00833333333333336,0.029497354497354522]}}
{"op_code":5,"worker_id":"8123255f-4739-4efb-90af-cefd949fffe4-24364","trial_id":15,"param_name":"unified_gamma","param_value_internal":78.76089354518557,"distribution":"{\"name\": \"FloatDistribution\", \"attributes\": {\"step\": null, \"low\": 1.5, \"high\": 10000.0, \"log\": true}}"}
{"op_code":5,"worker_id":"83e8d4b3-a3f2-45df-bc9a-f2d6c89d1723-16052","trial_id":2,"param_name":"unified_alpha","param_value_internal":7.029081301964993,"distribution":"{\"name\": \"FloatDistribution\", \"attributes\": {\"step\": null, \"low\": 1e-05, \"high\": 10.0, \"log\": true}}"}
{"op_code":5,"worker_id":"8123255f-4739-4efb-90af-cefd949fffe4-24364","trial_id":15,"param_name":"huber_delta","param_value_internal":2.556589214276234,"distribution":"{\"name\": \"FloatDistribution\", \"attributes\": {\"step\": null, \"low\": 0.5, \"high\": 5.0, \"log\": false}}"}
{"op_code":5,"worker_id":"83e8d4b3-a3f2-45df-bc9a-f2d6c89d1723-16052","trial_id":2,"param_name":"unified_rho","param_value_internal":0.7287346335011062,"distribution":"{\"name\": \"FloatDistribution\", \"attributes\": {\"step\": null, \"low\": 0.0, \"high\": 1.0, \"log\": false}}"}
{"op_code":5,"worker_id":"d3d07b28-fadf-4df0-bdee-b348cedd53e6-24340","trial_id":20,"param_name":"unified_alpha","param_value_internal":0.019827518376799098,"distribution":"{\"name\": \"FloatDistribution\", \"attributes\": {\"step\": null, \"low\": 1e-05, \"high\": 10.0, \"log\": true}}"}
{"op_code":5,"worker_id":"d3d07b28-fadf-4df0-bdee-b348cedd53e6-24340","trial_id":20,"param_name":"unified_rho","param_value_internal":0.28144730195506285,"distribution":"{\"name\": \"FloatDistribution\", \"attributes\": {\"step\": null, \"low\": 0.0, \"high\": 1.0, \"log\": false}}"}
{"op_code":5,"worker_id":"d3d07b28-fadf-4df0-bdee-b348cedd53e6-24340","trial_id":20,"param_name":"unified_gamma","param_value_internal":2.962371401177323,"distribution":"{\"name\": \"FloatDistribution\", \"attributes\": {\"step\": null, \"low\": 1.5, \"high\": 10000.0, \"log\": true}}"}
{"op_code":5,"worker_id":"d3d07b28-fadf-4df0-bdee-b348cedd53e6-24340","trial_id":20,"param_name":"huber_delta","param_value_internal":2.500112731873114,"distribution":"{\"name\": \"FloatDistribution\", \"attributes\": {\"step\": null, \"low\": 0.5, \"high\": 5.0, \"log\": false}}"}
{"op_code":5,"worker_id":"f4f25bce-fe4a-41e4-9e8a-5f0e5500c3f2-3216","trial_id":6,"param_name":"huber_delta","param_value_internal":1.7789584943313028,"distribution":"{\"name\": \"FloatDistribution\", \"attributes\": {\"step\": null, \"low\": 0.5, \"high\": 5.0, \"log\": false}}"}
{"op_code":8,"worker_id":"afaee011-a550-417d-b1d4-b5d9df77d4e0-27448","trial_id":18,"user_attr":{"constraints":[-0.01613838514316875,0.12899446045342702,0.43333333333333335,0.25606060606060604,0.15280167961441396,-104.0,-8.0,0.17574002574002576,0.16666666666666669,-1208.9420724431657,0.052083333333333315,0.04365079365079361]}}
{"op_code":8,"worker_id":"ab2f29a2-0e64-4493-b062-3e86938b72f7-20880","trial_id":10,"user_attr":{"pruned_reasons":["M2 (Yearly Tail IC Mean <= 0)","M3 (Hit Rate < 60%)","M5 (Monotonicity <= 0.25)","M6 (Top-Bottom Spread <= 0)","Side-specific Yearly Tail IC Mean (-0.1462 <= 0)","Side-specific Hit Rate (33.33% < 50%)","Yearly Daily Win Rate (42.43% < 45%)","Side-specific Yearly Daily Win Rate (43.04% < 45%)"]}}
{"op_code":8,"worker_id":"ab2f29a2-0e64-4493-b062-3e86938b72f7-20880","trial_id":10,"user_attr":{"gini":0.34279664000874654}}
{"op_code":8,"worker_id":"8e0a21b2-293f-46a7-aaa9-8a4e96014d36-8896","trial_id":0,"user_attr":{"pruned_reasons":["M2 (Yearly Tail IC Mean <= 0)","M3 (Hit Rate < 60%)","M5 (Monotonicity <= 0.25)","M6 (Top-Bottom Spread <= 0)","Side-specific Yearly Tail IC Mean (-0.0607 <= 0)","Yearly Daily Win Rate (44.17% < 45%)","Side-specific Yearly Daily Win Rate (42.05% < 45%)"]}}
{"op_code":8,"worker_id":"afaee011-a550-417d-b1d4-b5d9df77d4e0-27448","trial_id":18,"user_attr":{"pruned_reasons":["M2 (Yearly Tail IC Mean <= 0)","M3 (Hit Rate < 60%)","M5 (Monotonicity <= 0.25)","M6 (Top-Bottom Spread <= 0)","Side-specific Yearly Tail IC Mean (-0.1757 <= 0)","Side-specific Hit Rate (33.33% < 50%)","Yearly Daily Win Rate (39.79% < 45%)","Side-specific Yearly Daily Win Rate (40.63% < 45%)"]}}
{"op_code":8,"worker_id":"b5e55467-f91d-41d9-8450-5f3cda88cc23-11668","trial_id":11,"user_attr":{"constraints":[0.005753795988146502,0.13857112154984494,0.43333333333333335,0.17727272727272728,0.0983156878889228,-43.0,-8.0,0.21254826254826256,0.33333333333333337,-1374.4275638842148,0.05902777777777779,0.03902116402116401]}}
{"op_code":8,"worker_id":"ab2f29a2-0e64-4493-b062-3e86938b72f7-20880","trial_id":10,"user_attr":{"cv_is_ics":[0.11276964098215103,0.09953884780406952,0.1100027933716774,0.07886528968811035,0.10796105116605759,0.11340197920799255,0.0999828353524208,0.07811568677425385,0.10890930891036987,0.1225288063287735,0.12409652024507523,0.1325034350156784,0.0919099822640419,0.12224633246660233,0.09665554761886597]}}
{"op_code":8,"worker_id":"ec6e6a37-b724-451b-91a8-3cee4cfce0a6-18156","trial_id":12,"user_attr":{"constraints":[-0.03648760867242511,0.09270286451137516,0.26666666666666666,0.12272727272727271,0.1277577356963108,-89.0,-8.0,0.033204633204633204,0.16666666666666669,-1237.225584707519,0.018750000000000044,0.03875661375661382]}}
{"op_code":8,"worker_id":"ab2f29a2-0e64-4493-b062-3e86938b72f7-20880","trial_id":10,"user_attr":{"cv_oos_ics":[-0.0477583073079586,0.02626149170100689,-0.053673360496759415,0.004192356951534748,0.039232585579156876,0.0235294196754694,0.04634562507271767,0.06616783887147903,0.008526972495019436,0.004678977187722921,0.013052443042397499,0.005253857932984829,0.036737922579050064,0.029119128361344337,0.07950840890407562]}}
{"op_code":8,"worker_id":"b5e55467-f91d-41d9-8450-5f3cda88cc23-11668","trial_id":11,"user_attr":{"pruned_reasons":["M4 (Overall IC <= 0)","M2 (Yearly Tail IC Mean <= 0)","M3 (Hit Rate < 60%)","M5 (Monotonicity <= 0.25)","M6 (Top-Bottom Spread <= 0)","Side-specific Yearly Tail IC Mean (-0.2125 <= 0)","Side-specific Hit Rate (16.67% < 50%)","Yearly Daily Win Rate (39.10% < 45%)","Side-specific Yearly Daily Win Rate (41.10% < 45%)"]}}
{"op_code":8,"worker_id":"70e85b48-b870-497f-b820-62127246df4b-30084","trial_id":13,"user_attr":{"constraints":[-0.017296858319571822,0.036347188778799715,0.26666666666666666,0.15101010101010098,0.1313643803939016,-43.0,-8.0,0.1313277563277563,0.16666666666666669,-1374.9736251939557,0.005555555555555591,0.01031746031746028]}}
{"op_code":8,"worker_id":"ec6e6a37-b724-451b-91a8-3cee4cfce0a6-18156","trial_id":12,"user_attr":{"pruned_reasons":["M2 (Yearly Tail IC Mean <= 0)","M3 (Hit Rate < 60%)","M5 (Monotonicity <= 0.25)","M6 (Top-Bottom Spread <= 0)","Side-specific Yearly Tail IC Mean (-0.0332 <= 0)","Side-specific Hit Rate (33.33% < 50%)","Yearly Daily Win Rate (43.12% < 45%)","Side-specific Yearly Daily Win Rate (41.12% < 45%)"]}}
{"op_code":8,"worker_id":"ab2f29a2-0e64-4493-b062-3e86938b72f7-20880","trial_id":10,"user_attr":{"reg_kappa":2.9822417281666262}}
{"op_code":8,"worker_id":"b5e55467-f91d-41d9-8450-5f3cda88cc23-11668","trial_id":11,"user_attr":{"gini":0.35571193075598595}}
{"op_code":8,"worker_id":"70e85b48-b870-497f-b820-62127246df4b-30084","trial_id":13,"user_attr":{"pruned_reasons":["M2 (Yearly Tail IC Mean <= 0)","M3 (Hit Rate < 60%)","M5 (Monotonicity <= 0.25)","M6 (Top-Bottom Spread <= 0)","Side-specific Yearly Tail IC Mean (-0.1313 <= 0)","Side-specific Hit Rate (33.33% < 50%)","Yearly Daily Win Rate (44.44% < 45%)","Side-specific Yearly Daily Win Rate (43.97% < 45%)"]}}
{"op_code":8,"worker_id":"70e85b48-b870-497f-b820-62127246df4b-30084","trial_id":13,"user_attr":{"gini":0.3914527227846789}}
{"op_code":8,"worker_id":"8e0a21b2-293f-46a7-aaa9-8a4e96014d36-8896","trial_id":0,"user_attr":{"gini":0.4612970383752253}}
{"op_code":8,"worker_id":"b5e55467-f91d-41d9-8450-5f3cda88cc23-11668","trial_id":11,"user_attr":{"cv_is_ics":[0.12451253086328506,0.09916379302740097,0.09555567800998688,0.07362030446529388,0.11523254960775375,0.12199828773736954,0.10255526751279831,0.08258119225502014,0.11930520832538605,0.12187603116035461,0.11850617080926895,0.1391180008649826,0.08476214855909348,0.11892121285200119,0.09707668423652649]}}
{"op_code":8,"worker_id":"b5e55467-f91d-41d9-8450-5f3cda88cc23-11668","trial_id":11,"user_attr":{"cv_oos_ics":[-0.0424906350672245,0.056493956595659256,-0.06905355304479599,0.00015760312089696527,0.05495040491223335,0.026598481461405754,0.034901659935712814,0.06810449063777924,0.016342271119356155,0.008048295974731445,0.02267933078110218,0.011739666573703289,0.01781756430864334,0.008468401618301868,0.08564402163028717]}}
{"op_code":8,"worker_id":"70e85b48-b870-497f-b820-62127246df4b-30084","trial_id":13,"user_attr":{"cv_is_ics":[0.09793581813573837,0.09094973653554916,0.08621679991483688,0.0778307318687439,0.10048722475767136,0.09240148961544037,0.04347824677824974,0.04926095902919769,0.09518551081418991,0.09878510981798172,0.10285712033510208,0.12135698646306992,0.05201006680727005,0.10753632336854935,0.0863453596830368]}}
{"op_code":8,"worker_id":"70e85b48-b870-497f-b820-62127246df4b-30084","trial_id":13,"user_attr":{"cv_oos_ics":[-0.02979382872581482,0.03368521109223366,-0.05439019203186035,0.027292247861623764,0.036500077694654465,0.019946688786149025,0.05457061156630516,0.07752708345651627,0.011464854702353477,-0.01772473193705082,0.030392203480005264,0.026362307369709015,0.06804899871349335,0.02443183772265911,0.0860825777053833]}}
{"op_code":8,"worker_id":"70e85b48-b870-497f-b820-62127246df4b-30084","trial_id":13,"user_attr":{"reg_kappa":3.445964802382224}}
{"op_code":5,"worker_id":"214e8726-e9bf-4896-a246-ec70b9618361-12024","trial_id":4,"param_name":"unified_rho","param_value_internal":0.2848611674739183,"distribution":"{\"name\": \"FloatDistribution\", \"attributes\": {\"step\": null, \"low\": 0.0, \"high\": 1.0, \"log\": false}}"}
{"op_code":8,"worker_id":"8e0a21b2-293f-46a7-aaa9-8a4e96014d36-8896","trial_id":0,"user_attr":{"cv_is_ics":[0.11738672107458115,0.09320753067731857,0.11403651535511017,0.07609472423791885,0.10503843426704407,0.11526273190975189,0.11094601452350616,0.07712739706039429,0.10979191958904266,0.12643401324748993,0.12827207148075104,0.13129526376724243,0.10263553261756897,0.12447887659072876,0.0948195606470108]}}
{"op_code":8,"worker_id":"8e0a21b2-293f-46a7-aaa9-8a4e96014d36-8896","trial_id":0,"user_attr":{"cv_oos_ics":[-0.046633731573820114,0.0190910492092371,-0.05949186533689499,-0.003768095513805747,0.04045804217457771,0.005315653048455715,0.03613714501261711,0.05729479342699051,0.012109625153243542,-0.00582547951489687,0.0001947615819517523,0.0003846317413263023,0.018221039324998856,0.034693967550992966,0.0767565593123436]}}
{"op_code":5,"worker_id":"214e8726-e9bf-4896-a246-ec70b9618361-12024","trial_id":4,"param_name":"unified_gamma","param_value_internal":20.861697424411652,"distribution":"{\"name\": \"FloatDistribution\", \"attributes\": {\"step\": null, \"low\": 1.5, \"high\": 10000.0, \"log\": true}}"}
{"op_code":8,"worker_id":"d3d07b28-fadf-4df0-bdee-b348cedd53e6-24340","trial_id":20,"user_attr":{"constraints":[-0.01826945797056817,0.029508940907117198,0.26666666666666666,0.1388888888888889,0.12776734659344788,-30.0,-8.0,0.01044616044616046,0.16666666666666669,-1450.0408318877512,-0.004861111111111094,0.03875661375661382]}}
{"op_code":5,"worker_id":"214e8726-e9bf-4896-a246-ec70b9618361-12024","trial_id":4,"param_name":"huber_delta","param_value_internal":4.064154172949432,"distribution":"{\"name\": \"FloatDistribution\", \"attributes\": {\"step\": null, \"low\": 0.5, \"high\": 5.0, \"log\": false}}"}
{"op_code":8,"worker_id":"8123255f-4739-4efb-90af-cefd949fffe4-24364","trial_id":15,"user_attr":{"constraints":[-0.022449054890897126,0.06262955214322995,0.26666666666666666,0.15101010101010104,0.06717258364531316,-91.0,-5.0,0.04058344058344058,0.16666666666666669,-1240.3396737972132,0.025000000000000022,0.0628306878306879]}}
{"op_code":8,"worker_id":"8123255f-4739-4efb-90af-cefd949fffe4-24364","trial_id":15,"user_attr":{"pruned_reasons":["M2 (Yearly Tail IC Mean <= 0)","M3 (Hit Rate < 60%)","M5 (Monotonicity <= 0.25)","M6 (Top-Bottom Spread <= 0)","Side-specific Yearly Tail IC Mean (-0.0406 <= 0)","Side-specific Hit Rate (33.33% < 50%)","Yearly Daily Win Rate (42.50% < 45%)","Side-specific Yearly Daily Win Rate (38.72% < 45%)"]}}
{"op_code":8,"worker_id":"d3d07b28-fadf-4df0-bdee-b348cedd53e6-24340","trial_id":20,"user_attr":{"pruned_reasons":["M2 (Yearly Tail IC Mean <= 0)","M3 (Hit Rate < 60%)","M5 (Monotonicity <= 0.25)","M6 (Top-Bottom Spread <= 0)","Side-specific Yearly Tail IC Mean (-0.0104 <= 0)","Side-specific Hit Rate (33.33% < 50%)","Side-specific Yearly Daily Win Rate (41.12% < 45%)"]}}
{"op_code":8,"worker_id":"d3d07b28-fadf-4df0-bdee-b348cedd53e6-24340","trial_id":20,"user_attr":{"gini":0.392592152644776}}
{"op_code":8,"worker_id":"8123255f-4739-4efb-90af-cefd949fffe4-24364","trial_id":15,"user_attr":{"gini":0.5230872056393958}}
{"op_code":8,"worker_id":"8123255f-4739-4efb-90af-cefd949fffe4-24364","trial_id":15,"user_attr":{"cv_is_ics":[0.1116572767496109,0.09054406732320786,0.10177800059318542,0.07020065933465958,0.09956666827201843,0.10084648430347443,0.08624396473169327,0.06530772894620895,0.10134031623601913,0.1247728168964386,0.12429199367761612,0.1250065267086029,0.0981023982167244,0.12223255634307861,0.08889651298522949]}}
{"op_code":8,"worker_id":"ab2f29a2-0e64-4493-b062-3e86938b72f7-20880","trial_id":10,"user_attr":{"raw_metrics":[-0.870621663442683,-0.13857660407812383,0.16666666666666666,0.024732313622943147,0.05252525252525253,-0.14932098033579275,-0.10213213637645785,-0.14347651600837708,0.42430555555555555]}}
{"op_code":8,"worker_id":"ab2f29a2-0e64-4493-b062-3e86938b72f7-20880","trial_id":10,"user_attr":{"val_metrics":[0.089279266278667,0.010775115898740723,0.6242424242424243,0.25608764021346964,-3.719811041904378]}}
{"op_code":8,"worker_id":"ab2f29a2-0e64-4493-b062-3e86938b72f7-20880","trial_id":10,"user_attr":{"deflated_objective":-0.04848986234413776}}
{"op_code":8,"worker_id":"8123255f-4739-4efb-90af-cefd949fffe4-24364","trial_id":15,"user_attr":{"cv_oos_ics":[-0.04123137518763542,0.027524879202246666,-0.06525285542011261,0.0171430055052042,0.027576617896556854,0.0024113135877996683,0.04881517216563225,0.06715530902147293,0.015257819555699825,-0.014488385990262032,0.008603678084909916,0.017425723373889923,0.03219732642173767,0.03390945866703987,0.08102717250585556]}}
{"op_code":5,"worker_id":"83e8d4b3-a3f2-45df-bc9a-f2d6c89d1723-16052","trial_id":2,"param_name":"unified_gamma","param_value_internal":33.11860795398065,"distribution":"{\"name\": \"FloatDistribution\", \"attributes\": {\"step\": null, \"low\": 1.5, \"high\": 10000.0, \"log\": true}}"}
{"op_code":5,"worker_id":"83e8d4b3-a3f2-45df-bc9a-f2d6c89d1723-16052","trial_id":2,"param_name":"huber_delta","param_value_internal":3.6842231221658643,"distribution":"{\"name\": \"FloatDistribution\", \"attributes\": {\"step\": null, \"low\": 0.5, \"high\": 5.0, \"log\": false}}"}
{"op_code":8,"worker_id":"8123255f-4739-4efb-90af-cefd949fffe4-24364","trial_id":15,"user_attr":{"reg_kappa":3.060136993802352}}
{"op_code":8,"worker_id":"214e8726-e9bf-4896-a246-ec70b9618361-12024","trial_id":4,"user_attr":{"constraints":[-0.0049268538634750616,0.014315274713453507,0.26666666666666666,0.27626262626262627,0.03656092134407824,-129.0,5.0,-0.015540967476096804,0.33333333333333337,-1184.4757850954725,0.02638888888888885,-0.018783068783068735]}}
{"op_code":9,"worker_id":"ab2f29a2-0e64-4493-b062-3e86938b72f7-20880","trial_id":10,"system_attr":{"constraints":[-0.024732313622943147,0.13857660407812383,0.43333333333333335,0.19747474747474747,0.14932098033579275,-114.0,-8.0,0.14618189618189617,0.16666666666666669,-1190.1770524002513,0.025694444444444464,0.019576719576719637]}}
{"op_code":8,"worker_id":"8123255f-4739-4efb-90af-cefd949fffe4-24364","trial_id":15,"user_attr":{"raw_metrics":[-0.49984865372706605,-0.06262955214322995,0.3333333333333333,0.022449054890897126,0.09898989898989898,-0.06717258364531316,-0.09867871762838615,-0.11923004686832428,0.425]}}
{"op_code":8,"worker_id":"8123255f-4739-4efb-90af-cefd949fffe4-24364","trial_id":15,"user_attr":{"val_metrics":[0.040911422241355265,-0.12455749515993306,0.5151515151515151,0.15575399016961455,-5.571155857634771]}}
{"op_code":8,"worker_id":"214e8726-e9bf-4896-a246-ec70b9618361-12024","trial_id":4,"user_attr":{"pruned_reasons":["M2 (Yearly Tail IC Mean <= 0)","M3 (Hit Rate < 60%)","M5 (Monotonicity <= 0.25)","M6 (Top-Bottom Spread <= 0)","Active features count (0) is less than active feature floor (5)","Side-specific Hit Rate (16.67% < 50%)","Yearly Daily Win Rate (42.36% < 45%)"]}}
{"op_code":8,"worker_id":"f4f25bce-fe4a-41e4-9e8a-5f0e5500c3f2-3216","trial_id":6,"user_attr":{"constraints":[-0.015238260771462906,0.13013943165918848,0.43333333333333335,0.07020202020202018,0.0642780746721352,-56.0,-8.0,0.17522522522522524,0.16666666666666669,-1321.0404018516028,0.03194444444444444,0.010317460317460392]}}
{"op_code":6,"worker_id":"ab2f29a2-0e64-4493-b062-3e86938b72f7-20880","trial_id":10,"state":1,"values":[-0.04848986234413776],"datetime_complete":"2026-07-14T11:45:13.381067"}
{"op_code":8,"worker_id":"214e8726-e9bf-4896-a246-ec70b9618361-12024","trial_id":4,"user_attr":{"gini":0.0}}
{"op_code":8,"worker_id":"8123255f-4739-4efb-90af-cefd949fffe4-24364","trial_id":15,"user_attr":{"deflated_objective":-0.858906708291545}}
{"op_code":9,"worker_id":"8123255f-4739-4efb-90af-cefd949fffe4-24364","trial_id":15,"system_attr":{"constraints":[-0.022449054890897126,0.06262955214322995,0.26666666666666666,0.15101010101010104,0.06717258364531316,-91.0,-5.0,0.04058344058344058,0.16666666666666669,-1240.3396737972132,0.025000000000000022,0.0628306878306879]}}
{"op_code":8,"worker_id":"214e8726-e9bf-4896-a246-ec70b9618361-12024","trial_id":4,"user_attr":{"cv_is_ics":[0.0,0.0,0.0,0.0,0.0,0.0,0.0,0.0,0.0,0.0,0.0,0.0,0.0,0.0,0.0]}}
{"op_code":8,"worker_id":"214e8726-e9bf-4896-a246-ec70b9618361-12024","trial_id":4,"user_attr":{"cv_oos_ics":[0.0,0.0,0.0,0.0,0.0,0.0,0.0,0.0,0.0,0.0,0.0,0.0,0.0,0.0,0.0]}}
{"op_code":8,"worker_id":"214e8726-e9bf-4896-a246-ec70b9618361-12024","trial_id":4,"user_attr":{"reg_kappa":1.4774505307482337}}
{"op_code":8,"worker_id":"83e8d4b3-a3f2-45df-bc9a-f2d6c89d1723-16052","trial_id":2,"user_attr":{"constraints":[-0.0049268538634750616,0.014315274713453507,0.26666666666666666,0.27626262626262627,0.03656092134407824,-125.0,5.0,-0.015540967476096804,0.33333333333333337,-1194.9436768134472,0.02638888888888885,-0.018783068783068735]}}
{"op_code":8,"worker_id":"214e8726-e9bf-4896-a246-ec70b9618361-12024","trial_id":4,"user_attr":{"raw_metrics":[-0.14762784337632381,-0.014315274713453507,0.3333333333333333,0.0049268538634750616,-0.026262626262626262,-0.03656092134407824,-0.0,-0.0,0.42361111111111116]}}
{"op_code":8,"worker_id":"214e8726-e9bf-4896-a246-ec70b9618361-12024","trial_id":4,"user_attr":{"val_metrics":[0.0,0.0,-0.05454545454545454,-0.12139576410253844,-4.251134814946425]}}
{"op_code":8,"worker_id":"214e8726-e9bf-4896-a246-ec70b9618361-12024","trial_id":4,"user_attr":{"deflated_objective":-0.46437441048893674}}
{"op_code":8,"worker_id":"83e8d4b3-a3f2-45df-bc9a-f2d6c89d1723-16052","trial_id":2,"user_attr":{"pruned_reasons":["M2 (Yearly Tail IC Mean <= 0)","M3 (Hit Rate < 60%)","M5 (Monotonicity <= 0.25)","M6 (Top-Bottom Spread <= 0)","Active features count (0) is less than active feature floor (5)","Side-specific Hit Rate (16.67% < 50%)","Yearly Daily Win Rate (42.36% < 45%)"]}}
{"op_code":8,"worker_id":"83e8d4b3-a3f2-45df-bc9a-f2d6c89d1723-16052","trial_id":2,"user_attr":{"gini":0.0}}
{"op_code":8,"worker_id":"83e8d4b3-a3f2-45df-bc9a-f2d6c89d1723-16052","trial_id":2,"user_attr":{"cv_is_ics":[0.0,0.0,0.0,0.0,0.0,0.0,0.0,0.0,0.0,0.0,0.0,0.0,0.0,0.0,0.0]}}
{"op_code":9,"worker_id":"214e8726-e9bf-4896-a246-ec70b9618361-12024","trial_id":4,"system_attr":{"constraints":[-0.0049268538634750616,0.014315274713453507,0.26666666666666666,0.27626262626262627,0.03656092134407824,-129.0,5.0,-0.015540967476096804,0.33333333333333337,-1184.4757850954725,0.02638888888888885,-0.018783068783068735]}}
{"op_code":6,"worker_id":"214e8726-e9bf-4896-a246-ec70b9618361-12024","trial_id":4,"state":1,"values":[-0.34213613239774293],"datetime_complete":"2026-07-14T11:45:13.407863"}
{"op_code":8,"worker_id":"b5e55467-f91d-41d9-8450-5f3cda88cc23-11668","trial_id":11,"user_attr":{"reg_kappa":3.44461705450586}}
{"op_code":8,"worker_id":"83e8d4b3-a3f2-45df-bc9a-f2d6c89d1723-16052","trial_id":2,"user_attr":{"cv_oos_ics":[0.0,0.0,0.0,0.0,0.0,0.0,0.0,0.0,0.0,0.0,0.0,0.0,0.0,0.0,0.0]}}
{"op_code":8,"worker_id":"83e8d4b3-a3f2-45df-bc9a-f2d6c89d1723-16052","trial_id":2,"user_attr":{"reg_kappa":1.4277831474902811}}
{"op_code":8,"worker_id":"70e85b48-b870-497f-b820-62127246df4b-30084","trial_id":13,"user_attr":{"raw_metrics":[-0.2619243480311628,-0.036347188778799715,0.3333333333333333,0.017296858319571822,0.098989898989899,-0.1313643803939016,-0.2318924996357831,-0.40314924716949463,0.4444444444444444]}}
{"op_code":8,"worker_id":"83e8d4b3-a3f2-45df-bc9a-f2d6c89d1723-16052","trial_id":2,"user_attr":{"raw_metrics":[-0.14762784337632381,-0.014315274713453507,0.3333333333333333,0.0049268538634750616,-0.026262626262626262,-0.03656092134407824,-0.0,-0.0,0.42361111111111116]}}
{"op_code":8,"worker_id":"83e8d4b3-a3f2-45df-bc9a-f2d6c89d1723-16052","trial_id":2,"user_attr":{"val_metrics":[0.0,0.0,-0.05454545454545454,-0.12139576410253844,-4.251134814946425]}}
{"op_code":8,"worker_id":"8e0a21b2-293f-46a7-aaa9-8a4e96014d36-8896","trial_id":0,"user_attr":{"reg_kappa":2.827482751082625}}
{"op_code":8,"worker_id":"b5e55467-f91d-41d9-8450-5f3cda88cc23-11668","trial_id":11,"user_attr":{"raw_metrics":[-0.8036568344333357,-0.13857112154984494,0.16666666666666666,-0.005753795988146502,0.07272727272727272,-0.0983156878889228,-0.23141715942558855,-0.358477383852005,0.3909722222222222]}}
{"op_code":8,"worker_id":"b5e55467-f91d-41d9-8450-5f3cda88cc23-11668","trial_id":11,"user_attr":{"val_metrics":[0.06606194843147395,0.11147516820556633,0.4909090909090909,0.3031845208071172,-4.363920723235411]}}
{"op_code":8,"worker_id":"83e8d4b3-a3f2-45df-bc9a-f2d6c89d1723-16052","trial_id":2,"user_attr":{"deflated_objective":-0.4872271271043187}}
{"op_code":8,"worker_id":"b5e55467-f91d-41d9-8450-5f3cda88cc23-11668","trial_id":11,"user_attr":{"deflated_objective":-0.41418284732994565}}
{"op_code":6,"worker_id":"8123255f-4739-4efb-90af-cefd949fffe4-24364","trial_id":15,"state":1,"values":[-0.858906708291545],"datetime_complete":"2026-07-14T11:45:13.391675"}
{"op_code":9,"worker_id":"b5e55467-f91d-41d9-8450-5f3cda88cc23-11668","trial_id":11,"system_attr":{"constraints":[0.005753795988146502,0.13857112154984494,0.43333333333333335,0.17727272727272728,0.0983156878889228,-43.0,-8.0,0.21254826254826256,0.33333333333333337,-1374.4275638842148,0.05902777777777779,0.03902116402116401]}}
{"op_code":9,"worker_id":"83e8d4b3-a3f2-45df-bc9a-f2d6c89d1723-16052","trial_id":2,"system_attr":{"constraints":[-0.0049268538634750616,0.014315274713453507,0.26666666666666666,0.27626262626262627,0.03656092134407824,-125.0,5.0,-0.015540967476096804,0.33333333333333337,-1194.9436768134472,0.02638888888888885,-0.018783068783068735]}}
{"op_code":6,"worker_id":"83e8d4b3-a3f2-45df-bc9a-f2d6c89d1723-16052","trial_id":2,"state":1,"values":[-0.34213613239774293],"datetime_complete":"2026-07-14T11:45:13.431667"}
{"op_code":4,"worker_id":"b7d5bac4-45fa-4efa-aecf-6c2fb5dda31d-24364","study_id":0,"datetime_start":"2026-07-14T11:45:13.431701"}
{"op_code":5,"worker_id":"b7d5bac4-45fa-4efa-aecf-6c2fb5dda31d-24364","trial_id":21,"param_name":"k_weight","param_value_internal":0.8187771449024679,"distribution":"{\"name\": \"FloatDistribution\", \"attributes\": {\"step\": null, \"low\": 0.0, \"high\": 1.5, \"log\": false}}"}
{"op_code":5,"worker_id":"b7d5bac4-45fa-4efa-aecf-6c2fb5dda31d-24364","trial_id":21,"param_name":"unified_alpha","param_value_internal":1.4227862634159771,"distribution":"{\"name\": \"FloatDistribution\", \"attributes\": {\"step\": null, \"low\": 1e-05, \"high\": 10.0, \"log\": true}}"}
{"op_code":6,"worker_id":"b5e55467-f91d-41d9-8450-5f3cda88cc23-11668","trial_id":11,"state":1,"values":[-0.2815087790485716],"datetime_complete":"2026-07-14T11:45:13.430650"}
{"op_code":5,"worker_id":"b7d5bac4-45fa-4efa-aecf-6c2fb5dda31d-24364","trial_id":21,"param_name":"unified_rho","param_value_internal":0.6858925865665791,"distribution":"{\"name\": \"FloatDistribution\", \"attributes\": {\"step\": null, \"low\": 0.0, \"high\": 1.0, \"log\": false}}"}
{"op_code":5,"worker_id":"b7d5bac4-45fa-4efa-aecf-6c2fb5dda31d-24364","trial_id":21,"param_name":"unified_gamma","param_value_internal":27.801493176812055,"distribution":"{\"name\": \"FloatDistribution\", \"attributes\": {\"step\": null, \"low\": 1.5, \"high\": 10000.0, \"log\": true}}"}
{"op_code":5,"worker_id":"edd00e92-915b-487b-a2a6-cc57e60bff84-31524","trial_id":8,"param_name":"k_weight","param_value_internal":0.6302744507111608,"distribution":"{\"name\": \"FloatDistribution\", \"attributes\": {\"step\": null, \"low\": 0.0, \"high\": 1.5, \"log\": false}}"}
{"op_code":5,"worker_id":"b7d5bac4-45fa-4efa-aecf-6c2fb5dda31d-24364","trial_id":21,"param_name":"huber_delta","param_value_internal":0.7699906830227805,"distribution":"{\"name\": \"FloatDistribution\", \"attributes\": {\"step\": null, \"low\": 0.5, \"high\": 5.0, \"log\": false}}"}
{"op_code":5,"worker_id":"edd00e92-915b-487b-a2a6-cc57e60bff84-31524","trial_id":8,"param_name":"unified_alpha","param_value_internal":0.001511600342996414,"distribution":"{\"name\": \"FloatDistribution\", \"attributes\": {\"step\": null, \"low\": 1e-05, \"high\": 10.0, \"log\": true}}"}
{"op_code":5,"worker_id":"edd00e92-915b-487b-a2a6-cc57e60bff84-31524","trial_id":8,"param_name":"unified_rho","param_value_internal":0.18487668776145172,"distribution":"{\"name\": \"FloatDistribution\", \"attributes\": {\"step\": null, \"low\": 0.0, \"high\": 1.0, \"log\": false}}"}
{"op_code":8,"worker_id":"51ce0c38-1d3f-4697-9e6e-e8acd7b67d77-4680","trial_id":14,"user_attr":{"constraints":[-0.03270377136716949,0.09709930393820972,0.26666666666666666,0.19343434343434343,0.14392301875373556,-96.0,-8.0,0.06511154011154012,0.16666666666666669,-1223.914803982668,0.0222222222222222,0.03875661375661382]}}
{"op_code":8,"worker_id":"f4f25bce-fe4a-41e4-9e8a-5f0e5500c3f2-3216","trial_id":6,"user_attr":{"pruned_reasons":["M2 (Yearly Tail IC Mean <= 0)","M3 (Hit Rate < 60%)","M5 (Monotonicity <= 0.25)","M6 (Top-Bottom Spread <= 0)","Side-specific Yearly Tail IC Mean (-0.1752 <= 0)","Side-specific Hit Rate (33.33% < 50%)","Yearly Daily Win Rate (41.81% < 45%)","Side-specific Yearly Daily Win Rate (43.97% < 45%)"]}}
{"op_code":8,"worker_id":"8e0a21b2-293f-46a7-aaa9-8a4e96014d36-8896","trial_id":0,"user_attr":{"raw_metrics":[-0.6234006885743827,-0.06941385193664829,0.3333333333333333,0.012190521535677727,0.1313131313131313,-0.05103149855354181,-0.08744701929437178,-0.11373105645179749,0.44166666666666665]}}
{"op_code":8,"worker_id":"8e0a21b2-293f-46a7-aaa9-8a4e96014d36-8896","trial_id":0,"user_attr":{"val_metrics":[0.04177285619905087,0.1863091141608992,0.5757575757575758,0.1724269046448171,-6.244905304225465]}}
{"op_code":8,"worker_id":"8e0a21b2-293f-46a7-aaa9-8a4e96014d36-8896","trial_id":0,"user_attr":{"deflated_objective":-1.1608842007047184}}
{"op_code":5,"worker_id":"edd00e92-915b-487b-a2a6-cc57e60bff84-31524","trial_id":8,"param_name":"unified_gamma","param_value_internal":143.8656504427553,"distribution":"{\"name\": \"FloatDistribution\", \"attributes\": {\"step\": null, \"low\": 1.5, \"high\": 10000.0, \"log\": true}}"}
{"op_code":8,"worker_id":"51ce0c38-1d3f-4697-9e6e-e8acd7b67d77-4680","trial_id":14,"user_attr":{"pruned_reasons":["M2 (Yearly Tail IC Mean <= 0)","M3 (Hit Rate < 60%)","M5 (Monotonicity <= 0.25)","M6 (Top-Bottom Spread <= 0)","Side-specific Yearly Tail IC Mean (-0.0651 <= 0)","Side-specific Hit Rate (33.33% < 50%)","Yearly Daily Win Rate (42.78% < 45%)","Side-specific Yearly Daily Win Rate (41.12% < 45%)"]}}
{"op_code":8,"worker_id":"f4f25bce-fe4a-41e4-9e8a-5f0e5500c3f2-3216","trial_id":6,"user_attr":{"gini":0.3672816603809532}}
{"op_code":5,"worker_id":"6103fc19-a5e4-48a5-b32b-a3672f5bbb89-27064","trial_id":9,"param_name":"unified_gamma","param_value_internal":12.690418291229948,"distribution":"{\"name\": \"FloatDistribution\", \"attributes\": {\"step\": null, \"low\": 1.5, \"high\": 10000.0, \"log\": true}}"}
{"op_code":5,"worker_id":"edd00e92-915b-487b-a2a6-cc57e60bff84-31524","trial_id":8,"param_name":"huber_delta","param_value_internal":0.5387245340394617,"distribution":"{\"name\": \"FloatDistribution\", \"attributes\": {\"step\": null, \"low\": 0.5, \"high\": 5.0, \"log\": false}}"}
{"op_code":8,"worker_id":"b7d5bac4-45fa-4efa-aecf-6c2fb5dda31d-24364","trial_id":21,"user_attr":{"constraints":[0.0031845162114943312,0.05391646623979577,0.6,0.34898989898989896,0.0687192950428774,-83.0,5.0,-0.015540967476096804,0.33333333333333337,-1282.9602627012798,0.04375000000000001,-0.03730158730158728]}}
{"op_code":8,"worker_id":"f4f25bce-fe4a-41e4-9e8a-5f0e5500c3f2-3216","trial_id":6,"user_attr":{"cv_is_ics":[0.11244188994169235,0.09400846064090729,0.09399592876434326,0.06829152256250381,0.10515463352203369,0.11645448207855225,0.0959225669503212,0.0747206062078476,0.10893002152442932,0.11777914315462112,0.11629673093557358,0.13206657767295837,0.08431429415941238,0.11785973608493805,0.09543530642986298]}}
{"op_code":8,"worker_id":"f4f25bce-fe4a-41e4-9e8a-5f0e5500c3f2-3216","trial_id":6,"user_attr":{"cv_oos_ics":[-0.04003774747252464,0.04585852101445198,-0.062247004359960556,0.002687225816771388,0.04365874454379082,0.010576066561043262,0.03150813281536102,0.06228015199303627,0.011897054500877857,0.0004903209046460688,0.021554185077548027,0.016048671677708626,0.0436239168047905,0.011851188726723194,0.08134716004133224]}}
{"op_code":8,"worker_id":"51ce0c38-1d3f-4697-9e6e-e8acd7b67d77-4680","trial_id":14,"user_attr":{"gini":0.3514521720286361}}
{"op_code":8,"worker_id":"b7d5bac4-45fa-4efa-aecf-6c2fb5dda31d-24364","trial_id":21,"user_attr":{"pruned_reasons":["M4 (Overall IC <= 0)","M2 (Yearly Tail IC Mean <= 0)","M3 (Hit Rate < 60%)","M5 (Monotonicity <= 0.25)","M6 (Top-Bottom Spread <= 0)","Active features count (0) is less than active feature floor (5)","Side-specific Hit Rate (16.67% < 50%)","Yearly Daily Win Rate (40.62% < 45%)"]}}
{"op_code":8,"worker_id":"51ce0c38-1d3f-4697-9e6e-e8acd7b67d77-4680","trial_id":14,"user_attr":{"cv_is_ics":[0.1106041669845581,0.09801243245601654,0.10102131217718124,0.08014527708292007,0.1057269275188446,0.11264294385910034,0.09078090637922287,0.07436631619930267,0.10593090951442719,0.11806794255971909,0.12137074768543243,0.1308835744857788,0.08494504541158676,0.1216125562787056,0.0968034490942955]}}
{"op_code":8,"worker_id":"51ce0c38-1d3f-4697-9e6e-e8acd7b67d77-4680","trial_id":14,"user_attr":{"cv_oos_ics":[-0.03542511537671089,0.03058668039739132,-0.05681745335459709,0.013265712186694145,0.037906769663095474,0.022787675261497498,0.04029035568237305,0.07525984197854996,0.015815360471606255,-0.004665167536586523,0.015819111838936806,0.014167292974889278,0.045223869383335114,0.03002897836267948,0.07843200117349625]}}
{"op_code":9,"worker_id":"8e0a21b2-293f-46a7-aaa9-8a4e96014d36-8896","trial_id":0,"system_attr":{"constraints":[-0.012190521535677727,0.06941385193664829,0.26666666666666666,0.1186868686868687,0.05103149855354181,-114.0,-6.0,0.06069283569283568,0.0,-1193.7451071231849,0.00833333333333336,0.029497354497354522]}}
{"op_code":8,"worker_id":"b7d5bac4-45fa-4efa-aecf-6c2fb5dda31d-24364","trial_id":21,"user_attr":{"gini":0.0}}
{"op_code":4,"worker_id":"8aa720ae-85de-428e-a2dc-c57410ccdf36-20880","study_id":0,"datetime_start":"2026-07-14T11:45:13.474701"}
{"op_code":5,"worker_id":"a44f14f7-63ae-41ae-81f2-b354a5b39828-8436","trial_id":7,"param_name":"unified_gamma","param_value_internal":33.325447496589845,"distribution":"{\"name\": \"FloatDistribution\", \"attributes\": {\"step\": null, \"low\": 1.5, \"high\": 10000.0, \"log\": true}}"}
{"op_code":6,"worker_id":"8e0a21b2-293f-46a7-aaa9-8a4e96014d36-8896","trial_id":0,"state":1,"values":[-0.9979130937292134],"datetime_complete":"2026-07-14T11:45:13.481975"}
{"op_code":8,"worker_id":"b7d5bac4-45fa-4efa-aecf-6c2fb5dda31d-24364","trial_id":21,"user_attr":{"cv_is_ics":[0.0,0.0,0.0,0.0,0.0,0.0,0.0,0.0,0.0,0.0,0.0,0.0,0.0,0.0,0.0]}}
{"op_code":8,"worker_id":"51ce0c38-1d3f-4697-9e6e-e8acd7b67d77-4680","trial_id":14,"user_attr":{"reg_kappa":3.0670266142558478}}
{"op_code":8,"worker_id":"51ce0c38-1d3f-4697-9e6e-e8acd7b67d77-4680","trial_id":14,"user_attr":{"raw_metrics":[-0.740493147032608,-0.09709930393820972,0.3333333333333333,0.03270377136716949,0.056565656565656576,-0.14392301875373556,-0.11846468726337893,-0.19401904940605164,0.4277777777777778]}}
{"op_code":8,"worker_id":"b7d5bac4-45fa-4efa-aecf-6c2fb5dda31d-24364","trial_id":21,"user_attr":{"cv_oos_ics":[0.0,0.0,0.0,0.0,0.0,0.0,0.0,0.0,0.0,0.0,0.0,0.0,0.0,0.0,0.0]}}
{"op_code":8,"worker_id":"b7d5bac4-45fa-4efa-aecf-6c2fb5dda31d-24364","trial_id":21,"user_attr":{"reg_kappa":2.1525951173236617}}
{"op_code":8,"worker_id":"b7d5bac4-45fa-4efa-aecf-6c2fb5dda31d-24364","trial_id":21,"user_attr":{"raw_metrics":[-0.9889462360735151,-0.05391646623979577,0.0,-0.0031845162114943312,-0.09898989898989898,-0.0687192950428774,-0.0,-0.0,0.40625]}}
{"op_code":8,"worker_id":"b7d5bac4-45fa-4efa-aecf-6c2fb5dda31d-24364","trial_id":21,"user_attr":{"val_metrics":[0.0,0.0,-0.05454545454545454,-0.12139576410253844,-4.251134814946425]}}
{"op_code":8,"worker_id":"b7d5bac4-45fa-4efa-aecf-6c2fb5dda31d-24364","trial_id":21,"user_attr":{"deflated_objective":-0.48579920608654736}}
{"op_code":9,"worker_id":"b7d5bac4-45fa-4efa-aecf-6c2fb5dda31d-24364","trial_id":21,"system_attr":{"constraints":[0.0031845162114943312,0.05391646623979577,0.6,0.34898989898989896,0.0687192950428774,-83.0,5.0,-0.015540967476096804,0.33333333333333337,-1282.9602627012798,0.04375000000000001,-0.03730158730158728]}}
{"op_code":8,"worker_id":"51ce0c38-1d3f-4697-9e6e-e8acd7b67d77-4680","trial_id":14,"user_attr":{"val_metrics":[0.0850436038721142,0.009525193301015505,0.6848484848484848,0.28063248543689645,-4.06590847304227]}}
{"op_code":4,"worker_id":"8df857c2-1d57-4260-b32d-ffa9cea6ea5d-12024","study_id":0,"datetime_start":"2026-07-14T11:45:13.498246"}
{"op_code":5,"worker_id":"a44f14f7-63ae-41ae-81f2-b354a5b39828-8436","trial_id":7,"param_name":"huber_delta","param_value_internal":3.136331228606768,"distribution":"{\"name\": \"FloatDistribution\", \"attributes\": {\"step\": null, \"low\": 0.5, \"high\": 5.0, \"log\": false}}"}
{"op_code":5,"worker_id":"8df857c2-1d57-4260-b32d-ffa9cea6ea5d-12024","trial_id":23,"param_name":"k_weight","param_value_internal":0.4443737425086503,"distribution":"{\"name\": \"FloatDistribution\", \"attributes\": {\"step\": null, \"low\": 0.0, \"high\": 1.5, \"log\": false}}"}
{"op_code":8,"worker_id":"51ce0c38-1d3f-4697-9e6e-e8acd7b67d77-4680","trial_id":14,"user_attr":{"deflated_objective":-0.33151183275347895}}
{"op_code":5,"worker_id":"8df857c2-1d57-4260-b32d-ffa9cea6ea5d-12024","trial_id":23,"param_name":"unified_alpha","param_value_internal":0.7151650691587015,"distribution":"{\"name\": \"FloatDistribution\", \"attributes\": {\"step\": null, \"low\": 1e-05, \"high\": 10.0, \"log\": true}}"}
{"op_code":6,"worker_id":"b7d5bac4-45fa-4efa-aecf-6c2fb5dda31d-24364","trial_id":21,"state":1,"values":[-0.34213613239774293],"datetime_complete":"2026-07-14T11:45:13.501598"}
{"op_code":9,"worker_id":"51ce0c38-1d3f-4697-9e6e-e8acd7b67d77-4680","trial_id":14,"system_attr":{"constraints":[-0.03270377136716949,0.09709930393820972,0.26666666666666666,0.19343434343434343,0.14392301875373556,-96.0,-8.0,0.06511154011154012,0.16666666666666669,-1223.914803982668,0.0222222222222222,0.03875661375661382]}}
{"op_code":5,"worker_id":"8df857c2-1d57-4260-b32d-ffa9cea6ea5d-12024","trial_id":23,"param_name":"unified_rho","param_value_internal":0.35025252522341144,"distribution":"{\"name\": \"FloatDistribution\", \"attributes\": {\"step\": null, \"low\": 0.0, \"high\": 1.0, \"log\": false}}"}
{"op_code":5,"worker_id":"8df857c2-1d57-4260-b32d-ffa9cea6ea5d-12024","trial_id":23,"param_name":"unified_gamma","param_value_internal":1565.7420487024253,"distribution":"{\"name\": \"FloatDistribution\", \"attributes\": {\"step\": null, \"low\": 1.5, \"high\": 10000.0, \"log\": true}}"}
{"op_code":4,"worker_id":"408b8c80-949a-40f5-971f-f46b81a298e6-24364","study_id":0,"datetime_start":"2026-07-14T11:45:13.515643"}
{"op_code":5,"worker_id":"408b8c80-949a-40f5-971f-f46b81a298e6-24364","trial_id":24,"param_name":"k_weight","param_value_internal":1.391220807928438,"distribution":"{\"name\": \"FloatDistribution\", \"attributes\": {\"step\": null, \"low\": 0.0, \"high\": 1.5, \"log\": false}}"}
{"op_code":5,"worker_id":"8aa720ae-85de-428e-a2dc-c57410ccdf36-20880","trial_id":22,"param_name":"k_weight","param_value_internal":0.3890572049226651,"distribution":"{\"name\": \"FloatDistribution\", \"attributes\": {\"step\": null, \"low\": 0.0, \"high\": 1.5, \"log\": false}}"}
{"op_code":8,"worker_id":"edd00e92-915b-487b-a2a6-cc57e60bff84-31524","trial_id":8,"user_attr":{"constraints":[0.02122920352092822,0.06923194164835503,0.43333333333333335,0.2863636363636364,0.041324433569485945,-83.0,-8.0,0.04014371514371514,0.16666666666666669,-1249.703129379758,0.05555555555555558,0.05383597883597885]}}
{"op_code":6,"worker_id":"51ce0c38-1d3f-4697-9e6e-e8acd7b67d77-4680","trial_id":14,"state":1,"values":[-0.18179176400510347],"datetime_complete":"2026-07-14T11:45:13.513456"}
{"op_code":8,"worker_id":"edd00e92-915b-487b-a2a6-cc57e60bff84-31524","trial_id":8,"user_attr":{"pruned_reasons":["M4 (Overall IC <= 0)","M2 (Yearly Tail IC Mean <= 0)","M3 (Hit Rate < 60%)","M5 (Monotonicity <= 0.25)","M6 (Top-Bottom Spread <= 0)","Side-specific Yearly Tail IC Mean (-0.0401 <= 0)","Side-specific Hit Rate (33.33% < 50%)","Yearly Daily Win Rate (39.44% < 45%)","Side-specific Yearly Daily Win Rate (39.62% < 45%)"]}}
{"op_code":8,"worker_id":"edd00e92-915b-487b-a2a6-cc57e60bff84-31524","trial_id":8,"user_attr":{"gini":0.33620351242840996}}
{"op_code":8,"worker_id":"edd00e92-915b-487b-a2a6-cc57e60bff84-31524","trial_id":8,"user_attr":{"cv_is_ics":[0.12693174183368683,0.11004023253917694,0.1279573142528534,0.0872047021985054,0.12142189592123032,0.12474595755338669,0.12107335031032562,0.08971816301345825,0.1294981837272644,0.1325588971376419,0.12063300609588623,0.13184383511543274,0.09747061133384705,0.11416633427143097,0.10273008048534393]}}
{"op_code":8,"worker_id":"edd00e92-915b-487b-a2a6-cc57e60bff84-31524","trial_id":8,"user_attr":{"cv_oos_ics":[-0.048676736652851105,0.012528950348496437,-0.06101009622216225,-0.007288183551281691,0.040625303983688354,0.010594574734568596,0.056318625807762146,0.01292117964476347,-0.00028328673215582967,0.013357401825487614,0.0017230990342795849,-0.02278318628668785,-0.006105238571763039,0.024452729150652885,0.05969231575727463]}}
{"op_code":8,"worker_id":"edd00e92-915b-487b-a2a6-cc57e60bff84-31524","trial_id":8,"user_attr":{"reg_kappa":3.126040847292879}}
{"op_code":8,"worker_id":"edd00e92-915b-487b-a2a6-cc57e60bff84-31524","trial_id":8,"user_attr":{"raw_metrics":[-1.0339133933504119,-0.06923194164835503,0.16666666666666666,-0.02122920352092822,-0.03636363636363636,-0.041324433569485945,-0.13428203264925467,-0.2057228982448578,0.39444444444444443]}}
{"op_code":4,"worker_id":"41ee4286-5148-4dfa-9d90-a6f888708eaf-16052","study_id":0,"datetime_start":"2026-07-14T11:45:13.523859"}
{"op_code":5,"worker_id":"41ee4286-5148-4dfa-9d90-a6f888708eaf-16052","trial_id":25,"param_name":"k_weight","param_value_internal":0.27836291222780896,"distribution":"{\"name\": \"FloatDistribution\", \"attributes\": {\"step\": null, \"low\": 0.0, \"high\": 1.5, \"log\": false}}"}
{"op_code":5,"worker_id":"6103fc19-a5e4-48a5-b32b-a3672f5bbb89-27064","trial_id":9,"param_name":"huber_delta","param_value_internal":2.890057234132639,"distribution":"{\"name\": \"FloatDistribution\", \"attributes\": {\"step\": null, \"low\": 0.5, \"high\": 5.0, \"log\": false}}"}
{"op_code":8,"worker_id":"edd00e92-915b-487b-a2a6-cc57e60bff84-31524","trial_id":8,"user_attr":{"val_metrics":[0.06530338474251286,-0.04617336088557086,0.806060606060606,0.26829262563958767,-1.75184746473738]}}
{"op_code":8,"worker_id":"f4f25bce-fe4a-41e4-9e8a-5f0e5500c3f2-3216","trial_id":6,"user_attr":{"reg_kappa":3.310813510945969}}
{"op_code":8,"worker_id":"edd00e92-915b-487b-a2a6-cc57e60bff84-31524","trial_id":8,"user_attr":{"deflated_objective":0.5228771629358187}}
{"op_code":9,"worker_id":"edd00e92-915b-487b-a2a6-cc57e60bff84-31524","trial_id":8,"system_attr":{"constraints":[0.02122920352092822,0.06923194164835503,0.43333333333333335,0.2863636363636364,0.041324433569485945,-83.0,-8.0,0.04014371514371514,0.16666666666666669,-1249.703129379758,0.05555555555555558,0.05383597883597885]}}
{"op_code":5,"worker_id":"41ee4286-5148-4dfa-9d90-a6f888708eaf-16052","trial_id":25,"param_name":"unified_alpha","param_value_internal":0.0020873526050511518,"distribution":"{\"name\": \"FloatDistribution\", \"attributes\": {\"step\": null, \"low\": 1e-05, \"high\": 10.0, \"log\": true}}"}
{"op_code":6,"worker_id":"edd00e92-915b-487b-a2a6-cc57e60bff84-31524","trial_id":8,"state":1,"values":[0.7317004077591207],"datetime_complete":"2026-07-14T11:45:13.545921"}
{"op_code":5,"worker_id":"41ee4286-5148-4dfa-9d90-a6f888708eaf-16052","trial_id":25,"param_name":"unified_rho","param_value_internal":0.8318961986371698,"distribution":"{\"name\": \"FloatDistribution\", \"attributes\": {\"step\": null, \"low\": 0.0, \"high\": 1.0, \"log\": false}}"}
{"op_code":5,"worker_id":"8df857c2-1d57-4260-b32d-ffa9cea6ea5d-12024","trial_id":23,"param_name":"huber_delta","param_value_internal":3.0260703909675764,"distribution":"{\"name\": \"FloatDistribution\", \"attributes\": {\"step\": null, \"low\": 0.5, \"high\": 5.0, \"log\": false}}"}
{"op_code":5,"worker_id":"41ee4286-5148-4dfa-9d90-a6f888708eaf-16052","trial_id":25,"param_name":"unified_gamma","param_value_internal":8.627643098308676,"distribution":"{\"name\": \"FloatDistribution\", \"attributes\": {\"step\": null, \"low\": 1.5, \"high\": 10000.0, \"log\": true}}"}
{"op_code":5,"worker_id":"8aa720ae-85de-428e-a2dc-c57410ccdf36-20880","trial_id":22,"param_name":"unified_alpha","param_value_internal":1.8203978209302794e-05,"distribution":"{\"name\": \"FloatDistribution\", \"attributes\": {\"step\": null, \"low\": 1e-05, \"high\": 10.0, \"log\": true}}"}
{"op_code":5,"worker_id":"41ee4286-5148-4dfa-9d90-a6f888708eaf-16052","trial_id":25,"param_name":"huber_delta","param_value_internal":4.624510846547713,"distribution":"{\"name\": \"FloatDistribution\", \"attributes\": {\"step\": null, \"low\": 0.5, \"high\": 5.0, \"log\": false}}"}
{"op_code":5,"worker_id":"8aa720ae-85de-428e-a2dc-c57410ccdf36-20880","trial_id":22,"param_name":"unified_rho","param_value_internal":0.5820303421266043,"distribution":"{\"name\": \"FloatDistribution\", \"attributes\": {\"step\": null, \"low\": 0.0, \"high\": 1.0, \"log\": false}}"}
{"op_code":8,"worker_id":"f4f25bce-fe4a-41e4-9e8a-5f0e5500c3f2-3216","trial_id":6,"user_attr":{"raw_metrics":[-0.7631130585993812,-0.13013943165918848,0.16666666666666666,0.015238260771462906,0.17979797979797982,-0.0642780746721352,-0.1865938047434934,-0.30249112844467163,0.41805555555555557]}}
{"op_code":8,"worker_id":"6103fc19-a5e4-48a5-b32b-a3672f5bbb89-27064","trial_id":9,"user_attr":{"constraints":[-0.0049268538634750616,0.014315274713453507,0.26666666666666666,0.27626262626262627,0.03656092134407824,-127.0,5.0,-0.015540967476096804,0.33333333333333337,-1192.578417403329,0.02638888888888885,-0.018783068783068735]}}
{"op_code":8,"worker_id":"a44f14f7-63ae-41ae-81f2-b354a5b39828-8436","trial_id":7,"user_attr":{"constraints":[-0.027824214572959236,0.02693434562735474,0.26666666666666666,0.17323232323232324,0.10838076814750415,-42.0,-7.0,0.05495495495495493,0.16666666666666669,-1384.113728547268,-0.007638888888888862,0.03412698412698412]}}
{"op_code":5,"worker_id":"8aa720ae-85de-428e-a2dc-c57410ccdf36-20880","trial_id":22,"param_name":"unified_gamma","param_value_internal":4.03949914934137,"distribution":"{\"name\": \"FloatDistribution\", \"attributes\": {\"step\": null, \"low\": 1.5, \"high\": 10000.0, \"log\": true}}"}
{"op_code":8,"worker_id":"a44f14f7-63ae-41ae-81f2-b354a5b39828-8436","trial_id":7,"user_attr":{"pruned_reasons":["M2 (Yearly Tail IC Mean <= 0)","M3 (Hit Rate < 60%)","M5 (Monotonicity <= 0.25)","M6 (Top-Bottom Spread <= 0)","Side-specific Yearly Tail IC Mean (-0.0550 <= 0)","Side-specific Hit Rate (33.33% < 50%)","Side-specific Yearly Daily Win Rate (41.59% < 45%)"]}}
{"op_code":8,"worker_id":"a44f14f7-63ae-41ae-81f2-b354a5b39828-8436","trial_id":7,"user_attr":{"gini":0.4946634954852249}}
{"op_code":4,"worker_id":"cdd3f0fe-46ab-48b3-ade0-a19bc1b3f04c-11668","study_id":0,"datetime_start":"2026-07-14T11:45:13.536954"}
{"op_code":8,"worker_id":"a44f14f7-63ae-41ae-81f2-b354a5b39828-8436","trial_id":7,"user_attr":{"cv_is_ics":[0.1024308055639267,0.09197858721017838,0.0881400853395462,0.07551273703575134,0.09620344638824463,0.09763358533382416,0.058764517307281494,0.05690933018922806,0.10061120241880417,0.11339829117059708,0.11551965773105621,0.12866997718811035,0.06287838518619537,0.11896947771310806,0.09005124121904373]}}
{"op_code":8,"worker_id":"6103fc19-a5e4-48a5-b32b-a3672f5bbb89-27064","trial_id":9,"user_attr":{"pruned_reasons":["M2 (Yearly Tail IC Mean <= 0)","M3 (Hit Rate < 60%)","M5 (Monotonicity <= 0.25)","M6 (Top-Bottom Spread <= 0)","Active features count (0) is less than active feature floor (5)","Side-specific Hit Rate (16.67% < 50%)","Yearly Daily Win Rate (42.36% < 45%)"]}}
{"op_code":8,"worker_id":"a44f14f7-63ae-41ae-81f2-b354a5b39828-8436","trial_id":7,"user_attr":{"cv_oos_ics":[-0.025261491537094116,0.03349144756793976,-0.05964647978544235,0.01979677379131317,0.030664118006825447,0.010807986371219158,0.05161131173372269,0.08073609322309494,0.01488335058093071,-0.017513738945126534,0.02803470566868782,0.026528721675276756,0.06734313070774078,0.0351504422724247,0.08562454581260681]}}
{"op_code":5,"worker_id":"8aa720ae-85de-428e-a2dc-c57410ccdf36-20880","trial_id":22,"param_name":"huber_delta","param_value_internal":3.2484955212371767,"distribution":"{\"name\": \"FloatDistribution\", \"attributes\": {\"step\": null, \"low\": 0.5, \"high\": 5.0, \"log\": false}}"}
{"op_code":4,"worker_id":"e23afd73-0ed1-4423-b9aa-eaf69ce92b4f-8896","study_id":0,"datetime_start":"2026-07-14T11:45:13.578337"}
{"op_code":8,"worker_id":"afaee011-a550-417d-b1d4-b5d9df77d4e0-27448","trial_id":18,"user_attr":{"gini":0.36019217186254093}}
{"op_code":8,"worker_id":"8df857c2-1d57-4260-b32d-ffa9cea6ea5d-12024","trial_id":23,"user_attr":{"constraints":[-0.0049268538634750616,0.014315274713453507,0.26666666666666666,0.27626262626262627,0.03656092134407824,-110.0,5.0,-0.015540967476096804,0.33333333333333337,-1224.0251198452077,0.02638888888888885,-0.018783068783068735]}}
{"op_code":8,"worker_id":"afaee011-a550-417d-b1d4-b5d9df77d4e0-27448","trial_id":18,"user_attr":{"cv_is_ics":[0.11615563929080963,0.09719034284353256,0.10694970935583115,0.07209572941064835,0.10556712001562119,0.11932338029146194,0.10814264416694641,0.08066160976886749,0.11211979389190674,0.12349332123994827,0.12569686770439148,0.1341792643070221,0.0952012911438942,0.12015589326620102,0.09730806201696396]}}
{"op_code":8,"worker_id":"afaee011-a550-417d-b1d4-b5d9df77d4e0-27448","trial_id":18,"user_attr":{"cv_oos_ics":[-0.04787163436412811,0.02723473124206066,-0.06155936047434807,-0.0025988142006099224,0.03662358596920967,0.01555686630308628,0.035794034600257874,0.05146775022149086,0.009636547416448593,-0.0006839436246082187,0.006160616409033537,0.0013340017758309841,0.021379083395004272,0.020519457757472992,0.07279788702726364]}}
{"op_code":8,"worker_id":"afaee011-a550-417d-b1d4-b5d9df77d4e0-27448","trial_id":18,"user_attr":{"reg_kappa":3.0298780878401512}}
{"op_code":8,"worker_id":"8df857c2-1d57-4260-b32d-ffa9cea6ea5d-12024","trial_id":23,"user_attr":{"pruned_reasons":["M2 (Yearly Tail IC Mean <= 0)","M3 (Hit Rate < 60%)","M5 (Monotonicity <= 0.25)","M6 (Top-Bottom Spread <= 0)","Active features count (0) is less than active feature floor (5)","Side-specific Hit Rate (16.67% < 50%)","Yearly Daily Win Rate (42.36% < 45%)"]}}
{"op_code":8,"worker_id":"afaee011-a550-417d-b1d4-b5d9df77d4e0-27448","trial_id":18,"user_attr":{"raw_metrics":[-0.9916182534418414,-0.12899446045342702,0.16666666666666666,0.01613838514316875,-0.006060606060606059,-0.15280167961441396,-0.11033904693917765,-0.16473530232906342,0.3979166666666667]}}
{"op_code":8,"worker_id":"8df857c2-1d57-4260-b32d-ffa9cea6ea5d-12024","trial_id":23,"user_attr":{"gini":0.0}}
{"op_code":8,"worker_id":"8df857c2-1d57-4260-b32d-ffa9cea6ea5d-12024","trial_id":23,"user_attr":{"cv_is_ics":[0.0,0.0,0.0,0.0,0.0,0.0,0.0,0.0,0.0,0.0,0.0,0.0,0.0,0.0,0.0]}}
{"op_code":8,"worker_id":"8df857c2-1d57-4260-b32d-ffa9cea6ea5d-12024","trial_id":23,"user_attr":{"cv_oos_ics":[0.0,0.0,0.0,0.0,0.0,0.0,0.0,0.0,0.0,0.0,0.0,0.0,0.0,0.0,0.0]}}
{"op_code":8,"worker_id":"afaee011-a550-417d-b1d4-b5d9df77d4e0-27448","trial_id":18,"user_attr":{"val_metrics":[0.06956539197398548,0.053701237892626374,0.38181818181818183,0.3519577909571429,-3.8711376752849063]}}
{"op_code":8,"worker_id":"8df857c2-1d57-4260-b32d-ffa9cea6ea5d-12024","trial_id":23,"user_attr":{"reg_kappa":2.0503386814036886}}
{"op_code":8,"worker_id":"afaee011-a550-417d-b1d4-b5d9df77d4e0-27448","trial_id":18,"user_attr":{"deflated_objective":-0.39229136517122054}}
{"op_code":9,"worker_id":"afaee011-a550-417d-b1d4-b5d9df77d4e0-27448","trial_id":18,"system_attr":{"constraints":[-0.01613838514316875,0.12899446045342702,0.43333333333333335,0.25606060606060604,0.15280167961441396,-104.0,-8.0,0.17574002574002576,0.16666666666666669,-1208.9420724431657,0.052083333333333315,0.04365079365079361]}}
{"op_code":6,"worker_id":"afaee011-a550-417d-b1d4-b5d9df77d4e0-27448","trial_id":18,"state":1,"values":[-0.11806387856472972],"datetime_complete":"2026-07-14T11:45:13.602114"}
{"op_code":8,"worker_id":"41ee4286-5148-4dfa-9d90-a6f888708eaf-16052","trial_id":25,"user_attr":{"constraints":[-0.030928841602054228,0.12227704750501105,0.26666666666666666,0.09242424242424244,0.09519760580629938,-107.0,-8.0,0.1756971256971257,0.16666666666666669,-1203.6017867945898,0.002083333333333326,0.001058201058201036]}}
{"op_code":8,"worker_id":"41ee4286-5148-4dfa-9d90-a6f888708eaf-16052","trial_id":25,"user_attr":{"pruned_reasons":["M2 (Yearly Tail IC Mean <= 0)","M3 (Hit Rate < 60%)","M5 (Monotonicity <= 0.25)","M6 (Top-Bottom Spread <= 0)","Side-specific Yearly Tail IC Mean (-0.1757 <= 0)","Side-specific Hit Rate (33.33% < 50%)","Yearly Daily Win Rate (44.79% < 45%)","Side-specific Yearly Daily Win Rate (44.89% < 45%)"]}}
{"op_code":8,"worker_id":"41ee4286-5148-4dfa-9d90-a6f888708eaf-16052","trial_id":25,"user_attr":{"gini":0.3695753051154509}}
{"op_code":8,"worker_id":"41ee4286-5148-4dfa-9d90-a6f888708eaf-16052","trial_id":25,"user_attr":{"cv_is_ics":[0.10998265445232391,0.09964853525161743,0.10294391214847565,0.07816580682992935,0.10703837126493454,0.10955183207988739,0.08431105315685272,0.07208913564682007,0.10676614195108414,0.11536169797182083,0.11769791692495346,0.13111041486263275,0.0753624439239502,0.11603417247533798,0.0937669426202774]}}
{"op_code":8,"worker_id":"41ee4286-5148-4dfa-9d90-a6f888708eaf-16052","trial_id":25,"user_attr":{"cv_oos_ics":[-0.047005172818899155,0.03583342581987381,-0.05554495379328728,0.0072211273945868015,0.040568847209215164,0.018232133239507675,0.047026436775922775,0.06880608946084976,0.0026226958725601435,0.007400230038911104,0.018725017085671425,0.005581747740507126,0.05764077976346016,0.019438818097114563,0.08107826858758926]}}
{"op_code":4,"worker_id":"ee40e058-54b9-4ee1-bf97-a983c37e34de-4680","study_id":0,"datetime_start":"2026-07-14T11:45:13.614921"}
{"op_code":4,"worker_id":"1da08816-e149-4d1e-8e40-b641b1c0892e-27448","study_id":0,"datetime_start":"2026-07-14T11:45:13.609002"}
{"op_code":5,"worker_id":"ee40e058-54b9-4ee1-bf97-a983c37e34de-4680","trial_id":28,"param_name":"k_weight","param_value_internal":1.4585598541436333,"distribution":"{\"name\": \"FloatDistribution\", \"attributes\": {\"step\": null, \"low\": 0.0, \"high\": 1.5, \"log\": false}}"}
{"op_code":5,"worker_id":"1da08816-e149-4d1e-8e40-b641b1c0892e-27448","trial_id":29,"param_name":"k_weight","param_value_internal":1.2826627246491848,"distribution":"{\"name\": \"FloatDistribution\", \"attributes\": {\"step\": null, \"low\": 0.0, \"high\": 1.5, \"log\": false}}"}
{"op_code":8,"worker_id":"d3d07b28-fadf-4df0-bdee-b348cedd53e6-24340","trial_id":20,"user_attr":{"cv_is_ics":[0.1026228666305542,0.09306391328573227,0.08719462901353836,0.07444766908884048,0.09879466146230698,0.10528100281953812,0.06352732330560684,0.05928850173950195,0.10356117784976959,0.1120571419596672,0.11556878685951233,0.12991692125797272,0.06608480960130692,0.11767332255840302,0.09364108741283417]}}
{"op_code":5,"worker_id":"1da08816-e149-4d1e-8e40-b641b1c0892e-27448","trial_id":29,"param_name":"unified_alpha","param_value_internal":0.05945334074349763,"distribution":"{\"name\": \"FloatDistribution\", \"attributes\": {\"step\": null, \"low\": 1e-05, \"high\": 10.0, \"log\": true}}"}
{"op_code":5,"worker_id":"1da08816-e149-4d1e-8e40-b641b1c0892e-27448","trial_id":29,"param_name":"unified_rho","param_value_internal":0.9851520839897021,"distribution":"{\"name\": \"FloatDistribution\", \"attributes\": {\"step\": null, \"low\": 0.0, \"high\": 1.0, \"log\": false}}"}
{"op_code":5,"worker_id":"1da08816-e149-4d1e-8e40-b641b1c0892e-27448","trial_id":29,"param_name":"unified_gamma","param_value_internal":4713.73507642851,"distribution":"{\"name\": \"FloatDistribution\", \"attributes\": {\"step\": null, \"low\": 1.5, \"high\": 10000.0, \"log\": true}}"}
{"op_code":8,"worker_id":"8df857c2-1d57-4260-b32d-ffa9cea6ea5d-12024","trial_id":23,"user_attr":{"raw_metrics":[-0.14762784337632381,-0.014315274713453507,0.3333333333333333,0.0049268538634750616,-0.026262626262626262,-0.03656092134407824,-0.0,-0.0,0.42361111111111116]}}
{"op_code":4,"worker_id":"02747ca2-9ebc-4e69-a15b-e59ae7eb8376-31524","study_id":0,"datetime_start":"2026-07-14T11:45:13.633881"}
{"op_code":8,"worker_id":"d3d07b28-fadf-4df0-bdee-b348cedd53e6-24340","trial_id":20,"user_attr":{"cv_oos_ics":[-0.02120780199766159,0.04803450033068657,-0.055629804730415344,0.013439830392599106,0.036403387784957886,0.01823142170906067,0.04512978717684746,0.08431939035654068,0.01607309840619564,-0.013593735173344612,0.02797861211001873,0.01758762262761593,0.074766144156456,0.019833754748106003,0.07915609329938889]}}
{"op_code":8,"worker_id":"8df857c2-1d57-4260-b32d-ffa9cea6ea5d-12024","trial_id":23,"user_attr":{"val_metrics":[0.0,0.0,-0.05454545454545454,-0.12139576410253844,-4.251134814946425]}}
{"op_code":5,"worker_id":"02747ca2-9ebc-4e69-a15b-e59ae7eb8376-31524","trial_id":30,"param_name":"k_weight","param_value_internal":1.496376495853555,"distribution":"{\"name\": \"FloatDistribution\", \"attributes\": {\"step\": null, \"low\": 0.0, \"high\": 1.5, \"log\": false}}"}
{"op_code":5,"worker_id":"ee40e058-54b9-4ee1-bf97-a983c37e34de-4680","trial_id":28,"param_name":"unified_alpha","param_value_internal":0.04418279172184597,"distribution":"{\"name\": \"FloatDistribution\", \"attributes\": {\"step\": null, \"low\": 1e-05, \"high\": 10.0, \"log\": true}}"}
{"op_code":5,"worker_id":"02747ca2-9ebc-4e69-a15b-e59ae7eb8376-31524","trial_id":30,"param_name":"unified_alpha","param_value_internal":0.1171963828630599,"distribution":"{\"name\": \"FloatDistribution\", \"attributes\": {\"step\": null, \"low\": 1e-05, \"high\": 10.0, \"log\": true}}"}
{"op_code":5,"worker_id":"ee40e058-54b9-4ee1-bf97-a983c37e34de-4680","trial_id":28,"param_name":"unified_rho","param_value_internal":0.9799275171991442,"distribution":"{\"name\": \"FloatDistribution\", \"attributes\": {\"step\": null, \"low\": 0.0, \"high\": 1.0, \"log\": false}}"}
{"op_code":5,"worker_id":"02747ca2-9ebc-4e69-a15b-e59ae7eb8376-31524","trial_id":30,"param_name":"unified_rho","param_value_internal":0.9163634704835519,"distribution":"{\"name\": \"FloatDistribution\", \"attributes\": {\"step\": null, \"low\": 0.0, \"high\": 1.0, \"log\": false}}"}
{"op_code":5,"worker_id":"ee40e058-54b9-4ee1-bf97-a983c37e34de-4680","trial_id":28,"param_name":"unified_gamma","param_value_internal":7452.8185949387425,"distribution":"{\"name\": \"FloatDistribution\", \"attributes\": {\"step\": null, \"low\": 1.5, \"high\": 10000.0, \"log\": true}}"}
{"op_code":5,"worker_id":"02747ca2-9ebc-4e69-a15b-e59ae7eb8376-31524","trial_id":30,"param_name":"unified_gamma","param_value_internal":5331.125261262407,"distribution":"{\"name\": \"FloatDistribution\", \"attributes\": {\"step\": null, \"low\": 1.5, \"high\": 10000.0, \"log\": true}}"}
{"op_code":5,"worker_id":"ee40e058-54b9-4ee1-bf97-a983c37e34de-4680","trial_id":28,"param_name":"huber_delta","param_value_internal":4.813841290305255,"distribution":"{\"name\": \"FloatDistribution\", \"attributes\": {\"step\": null, \"low\": 0.5, \"high\": 5.0, \"log\": false}}"}
{"op_code":5,"worker_id":"02747ca2-9ebc-4e69-a15b-e59ae7eb8376-31524","trial_id":30,"param_name":"huber_delta","param_value_internal":4.738285551077798,"distribution":"{\"name\": \"FloatDistribution\", \"attributes\": {\"step\": null, \"low\": 0.5, \"high\": 5.0, \"log\": false}}"}
{"op_code":5,"worker_id":"408b8c80-949a-40f5-971f-f46b81a298e6-24364","trial_id":24,"param_name":"unified_alpha","param_value_internal":1.7161599651164972,"distribution":"{\"name\": \"FloatDistribution\", \"attributes\": {\"step\": null, \"low\": 1e-05, \"high\": 10.0, \"log\": true}}"}
{"op_code":5,"worker_id":"408b8c80-949a-40f5-971f-f46b81a298e6-24364","trial_id":24,"param_name":"unified_rho","param_value_internal":0.5846312725955531,"distribution":"{\"name\": \"FloatDistribution\", \"attributes\": {\"step\": null, \"low\": 0.0, \"high\": 1.0, \"log\": false}}"}
{"op_code":8,"worker_id":"d3d07b28-fadf-4df0-bdee-b348cedd53e6-24340","trial_id":20,"user_attr":{"reg_kappa":3.551087057561375}}
{"op_code":8,"worker_id":"d3d07b28-fadf-4df0-bdee-b348cedd53e6-24340","trial_id":20,"user_attr":{"raw_metrics":[-0.22482912334956665,-0.029508940907117198,0.3333333333333333,0.01826945797056817,0.11111111111111112,-0.12776734659344788,-0.29957518151439183,-0.41449174284935,0.4548611111111111]}}
{"op_code":8,"worker_id":"d3d07b28-fadf-4df0-bdee-b348cedd53e6-24340","trial_id":20,"user_attr":{"val_metrics":[0.07638535625362511,-0.08240482955065888,0.5151515151515151,0.18832789718483883,-4.4580659351938845]}}
{"op_code":5,"worker_id":"408b8c80-949a-40f5-971f-f46b81a298e6-24364","trial_id":24,"param_name":"unified_gamma","param_value_internal":4338.897577038058,"distribution":"{\"name\": \"FloatDistribution\", \"attributes\": {\"step\": null, \"low\": 1.5, \"high\": 10000.0, \"log\": true}}"}
{"op_code":8,"worker_id":"d3d07b28-fadf-4df0-bdee-b348cedd53e6-24340","trial_id":20,"user_attr":{"deflated_objective":-0.6390385378877922}}
{"op_code":9,"worker_id":"d3d07b28-fadf-4df0-bdee-b348cedd53e6-24340","trial_id":20,"system_attr":{"constraints":[-0.01826945797056817,0.029508940907117198,0.26666666666666666,0.1388888888888889,0.12776734659344788,-30.0,-8.0,0.01044616044616046,0.16666666666666669,-1450.0408318877512,-0.004861111111111094,0.03875661375661382]}}
{"op_code":6,"worker_id":"d3d07b28-fadf-4df0-bdee-b348cedd53e6-24340","trial_id":20,"state":1,"values":[-0.39326227971681804],"datetime_complete":"2026-07-14T11:45:13.665609"}
{"op_code":5,"worker_id":"1da08816-e149-4d1e-8e40-b641b1c0892e-27448","trial_id":29,"param_name":"huber_delta","param_value_internal":4.955111129804193,"distribution":"{\"name\": \"FloatDistribution\", \"attributes\": {\"step\": null, \"low\": 0.5, \"high\": 5.0, \"log\": false}}"}
{"op_code":5,"worker_id":"408b8c80-949a-40f5-971f-f46b81a298e6-24364","trial_id":24,"param_name":"huber_delta","param_value_internal":1.9257465703583276,"distribution":"{\"name\": \"FloatDistribution\", \"attributes\": {\"step\": null, \"low\": 0.5, \"high\": 5.0, \"log\": false}}"}
{"op_code":8,"worker_id":"8df857c2-1d57-4260-b32d-ffa9cea6ea5d-12024","trial_id":23,"user_attr":{"deflated_objective":-0.587396998563565}}
{"op_code":9,"worker_id":"8df857c2-1d57-4260-b32d-ffa9cea6ea5d-12024","trial_id":23,"system_attr":{"constraints":[-0.0049268538634750616,0.014315274713453507,0.26666666666666666,0.27626262626262627,0.03656092134407824,-110.0,5.0,-0.015540967476096804,0.33333333333333337,-1224.0251198452077,0.02638888888888885,-0.018783068783068735]}}
{"op_code":8,"worker_id":"70e85b48-b870-497f-b820-62127246df4b-30084","trial_id":13,"user_attr":{"val_metrics":[0.08282562051696007,-0.11539806657990728,0.6121212121212121,0.16396228749925892,-4.253005379176903]}}
{"op_code":6,"worker_id":"8df857c2-1d57-4260-b32d-ffa9cea6ea5d-12024","trial_id":23,"state":1,"values":[-0.34213613239774293],"datetime_complete":"2026-07-14T11:45:13.676781"}
{"op_code":8,"worker_id":"70e85b48-b870-497f-b820-62127246df4b-30084","trial_id":13,"user_attr":{"deflated_objective":-0.5681417063407517}}
{"op_code":8,"worker_id":"41ee4286-5148-4dfa-9d90-a6f888708eaf-16052","trial_id":25,"user_attr":{"reg_kappa":3.0149009800683455}}
{"op_code":4,"worker_id":"6c4ec734-24cf-4490-8820-4afdee8ddbc3-12024","study_id":0,"datetime_start":"2026-07-14T11:45:13.683626"}
{"op_code":8,"worker_id":"41ee4286-5148-4dfa-9d90-a6f888708eaf-16052","trial_id":25,"user_attr":{"raw_metrics":[-0.8933593540966178,-0.12227704750501105,0.3333333333333333,0.030928841602054228,0.15757575757575756,-0.09519760580629938,-0.10770391284555197,-0.17272192239761353,0.4479166666666667]}}
{"op_code":5,"worker_id":"6c4ec734-24cf-4490-8820-4afdee8ddbc3-12024","trial_id":31,"param_name":"k_weight","param_value_internal":1.4716375035312714,"distribution":"{\"name\": \"FloatDistribution\", \"attributes\": {\"step\": null, \"low\": 0.0, \"high\": 1.5, \"log\": false}}"}
{"op_code":5,"worker_id":"cfc22acc-5363-46d5-88fc-6a6655fbe797-14384","trial_id":3,"param_name":"unified_alpha","param_value_internal":0.06441725825501599,"distribution":"{\"name\": \"FloatDistribution\", \"attributes\": {\"step\": null, \"low\": 1e-05, \"high\": 10.0, \"log\": true}}"}
{"op_code":8,"worker_id":"41ee4286-5148-4dfa-9d90-a6f888708eaf-16052","trial_id":25,"user_attr":{"val_metrics":[0.0857452961929944,0.0014666698684499824,0.6484848484848484,0.27424043516938884,-5.405616486043293]}}
{"op_code":5,"worker_id":"6c4ec734-24cf-4490-8820-4afdee8ddbc3-12024","trial_id":31,"param_name":"unified_alpha","param_value_internal":0.05068880147026208,"distribution":"{\"name\": \"FloatDistribution\", \"attributes\": {\"step\": null, \"low\": 1e-05, \"high\": 10.0, \"log\": true}}"}
{"op_code":5,"worker_id":"33e9247a-3c74-4d8e-9300-827f0013c643-19068","trial_id":1,"param_name":"huber_delta","param_value_internal":2.1168987701363235,"distribution":"{\"name\": \"FloatDistribution\", \"attributes\": {\"step\": null, \"low\": 0.5, \"high\": 5.0, \"log\": false}}"}
{"op_code":5,"worker_id":"6c4ec734-24cf-4490-8820-4afdee8ddbc3-12024","trial_id":31,"param_name":"unified_rho","param_value_internal":0.013433067387475905,"distribution":"{\"name\": \"FloatDistribution\", \"attributes\": {\"step\": null, \"low\": 0.0, \"high\": 1.0, \"log\": false}}"}
{"op_code":8,"worker_id":"ee40e058-54b9-4ee1-bf97-a983c37e34de-4680","trial_id":28,"user_attr":{"constraints":[-0.030493825772925417,0.09547713347105442,0.26666666666666666,0.13282828282828285,0.003205122878878484,-36.0,-3.0,0.12842127842127837,0.16666666666666669,-1441.5135991298553,0.022222222222222254,0.0582010582010582]}}
{"op_code":5,"worker_id":"cfc22acc-5363-46d5-88fc-6a6655fbe797-14384","trial_id":3,"param_name":"unified_rho","param_value_internal":0.24904309151574888,"distribution":"{\"name\": \"FloatDistribution\", \"attributes\": {\"step\": null, \"low\": 0.0, \"high\": 1.0, \"log\": false}}"}
{"op_code":5,"worker_id":"6c4ec734-24cf-4490-8820-4afdee8ddbc3-12024","trial_id":31,"param_name":"unified_gamma","param_value_internal":2.0028879686231296,"distribution":"{\"name\": \"FloatDistribution\", \"attributes\": {\"step\": null, \"low\": 1.5, \"high\": 10000.0, \"log\": true}}"}
{"op_code":9,"worker_id":"70e85b48-b870-497f-b820-62127246df4b-30084","trial_id":13,"system_attr":{"constraints":[-0.017296858319571822,0.036347188778799715,0.26666666666666666,0.15101010101010098,0.1313643803939016,-43.0,-8.0,0.1313277563277563,0.16666666666666669,-1374.9736251939557,0.005555555555555591,0.01031746031746028]}}
{"op_code":5,"worker_id":"6c4ec734-24cf-4490-8820-4afdee8ddbc3-12024","trial_id":31,"param_name":"huber_delta","param_value_internal":1.7920295110235096,"distribution":"{\"name\": \"FloatDistribution\", \"attributes\": {\"step\": null, \"low\": 0.5, \"high\": 5.0, \"log\": false}}"}
{"op_code":8,"worker_id":"408b8c80-949a-40f5-971f-f46b81a298e6-24364","trial_id":24,"user_attr":{"constraints":[-0.0049268538634750616,0.014315274713453507,0.26666666666666666,0.27626262626262627,0.03656092134407824,-47.0,5.0,-0.015540967476096804,0.33333333333333337,-1421.2200151050517,0.02638888888888885,-0.018783068783068735]}}
{"op_code":8,"worker_id":"408b8c80-949a-40f5-971f-f46b81a298e6-24364","trial_id":24,"user_attr":{"pruned_reasons":["M2 (Yearly Tail IC Mean <= 0)","M3 (Hit Rate < 60%)","M5 (Monotonicity <= 0.25)","M6 (Top-Bottom Spread <= 0)","Active features count (0) is less than active feature floor (5)","Side-specific Hit Rate (16.67% < 50%)","Yearly Daily Win Rate (42.36% < 45%)"]}}
{"op_code":6,"worker_id":"70e85b48-b870-497f-b820-62127246df4b-30084","trial_id":13,"state":1,"values":[-0.31409435600633845],"datetime_complete":"2026-07-14T11:45:13.701359"}
{"op_code":5,"worker_id":"cfc22acc-5363-46d5-88fc-6a6655fbe797-14384","trial_id":3,"param_name":"unified_gamma","param_value_internal":1188.2400441757075,"distribution":"{\"name\": \"FloatDistribution\", \"attributes\": {\"step\": null, \"low\": 1.5, \"high\": 10000.0, \"log\": true}}"}
{"op_code":8,"worker_id":"6103fc19-a5e4-48a5-b32b-a3672f5bbb89-27064","trial_id":9,"user_attr":{"gini":0.0}}
{"op_code":8,"worker_id":"1da08816-e149-4d1e-8e40-b641b1c0892e-27448","trial_id":29,"user_attr":{"constraints":[0.00019356471172322053,0.040099431132865786,0.26666666666666666,0.2176767676767677,0.0165137964207679,-47.0,-1.0,0.13931788931788933,0.16666666666666669,-1387.5803739040991,0.0215277777777777,0.03505291005291011]}}
{"op_code":8,"worker_id":"6103fc19-a5e4-48a5-b32b-a3672f5bbb89-27064","trial_id":9,"user_attr":{"cv_is_ics":[0.0,0.0,0.0,0.0,0.0,0.0,0.0,0.0,0.0,0.0,0.0,0.0,0.0,0.0,0.0]}}
{"op_code":8,"worker_id":"1da08816-e149-4d1e-8e40-b641b1c0892e-27448","trial_id":29,"user_attr":{"pruned_reasons":["M4 (Overall IC <= 0)","M2 (Yearly Tail IC Mean <= 0)","M3 (Hit Rate < 60%)","M5 (Monotonicity <= 0.25)","M6 (Top-Bottom Spread <= 0)","Side-specific Yearly Tail IC Mean (-0.1393 <= 0)","Side-specific Hit Rate (33.33% < 50%)","Yearly Daily Win Rate (42.85% < 45%)","Side-specific Yearly Daily Win Rate (41.49% < 45%)"]}}
{"op_code":5,"worker_id":"e23afd73-0ed1-4423-b9aa-eaf69ce92b4f-8896","trial_id":27,"param_name":"k_weight","param_value_internal":0.9640348736791186,"distribution":"{\"name\": \"FloatDistribution\", \"attributes\": {\"step\": null, \"low\": 0.0, \"high\": 1.5, \"log\": false}}"}
{"op_code":8,"worker_id":"408b8c80-949a-40f5-971f-f46b81a298e6-24364","trial_id":24,"user_attr":{"gini":0.0}}
{"op_code":5,"worker_id":"e23afd73-0ed1-4423-b9aa-eaf69ce92b4f-8896","trial_id":27,"param_name":"unified_alpha","param_value_internal":0.017050047208521636,"distribution":"{\"name\": \"FloatDistribution\", \"attributes\": {\"step\": null, \"low\": 1e-05, \"high\": 10.0, \"log\": true}}"}
{"op_code":5,"worker_id":"cfc22acc-5363-46d5-88fc-6a6655fbe797-14384","trial_id":3,"param_name":"huber_delta","param_value_internal":1.9088462103425592,"distribution":"{\"name\": \"FloatDistribution\", \"attributes\": {\"step\": null, \"low\": 0.5, \"high\": 5.0, \"log\": false}}"}
{"op_code":8,"worker_id":"408b8c80-949a-40f5-971f-f46b81a298e6-24364","trial_id":24,"user_attr":{"cv_is_ics":[0.0,0.0,0.0,0.0,0.0,0.0,0.0,0.0,0.0,0.0,0.0,0.0,0.0,0.0,0.0]}}
{"op_code":5,"worker_id":"e23afd73-0ed1-4423-b9aa-eaf69ce92b4f-8896","trial_id":27,"param_name":"unified_rho","param_value_internal":0.51189798245863,"distribution":"{\"name\": \"FloatDistribution\", \"attributes\": {\"step\": null, \"low\": 0.0, \"high\": 1.0, \"log\": false}}"}
{"op_code":8,"worker_id":"6103fc19-a5e4-48a5-b32b-a3672f5bbb89-27064","trial_id":9,"user_attr":{"cv_oos_ics":[0.0,0.0,0.0,0.0,0.0,0.0,0.0,0.0,0.0,0.0,0.0,0.0,0.0,0.0,0.0]}}
{"op_code":8,"worker_id":"408b8c80-949a-40f5-971f-f46b81a298e6-24364","trial_id":24,"user_attr":{"cv_oos_ics":[0.0,0.0,0.0,0.0,0.0,0.0,0.0,0.0,0.0,0.0,0.0,0.0,0.0,0.0,0.0]}}
{"op_code":8,"worker_id":"408b8c80-949a-40f5-971f-f46b81a298e6-24364","trial_id":24,"user_attr":{"reg_kappa":2.069665375905209}}
{"op_code":5,"worker_id":"e23afd73-0ed1-4423-b9aa-eaf69ce92b4f-8896","trial_id":27,"param_name":"unified_gamma","param_value_internal":323.3398288040007,"distribution":"{\"name\": \"FloatDistribution\", \"attributes\": {\"step\": null, \"low\": 1.5, \"high\": 10000.0, \"log\": true}}"}
{"op_code":8,"worker_id":"6103fc19-a5e4-48a5-b32b-a3672f5bbb89-27064","trial_id":9,"user_attr":{"reg_kappa":1.2650426796786989}}
{"op_code":8,"worker_id":"6103fc19-a5e4-48a5-b32b-a3672f5bbb89-27064","trial_id":9,"user_attr":{"raw_metrics":[-0.14762784337632381,-0.014315274713453507,0.3333333333333333,0.0049268538634750616,-0.026262626262626262,-0.03656092134407824,-0.0,-0.0,0.42361111111111116]}}
{"op_code":8,"worker_id":"ee40e058-54b9-4ee1-bf97-a983c37e34de-4680","trial_id":28,"user_attr":{"pruned_reasons":["M2 (Yearly Tail IC Mean <= 0)","M3 (Hit Rate < 60%)","M5 (Monotonicity <= 0.25)","M6 (Top-Bottom Spread <= 0)","Side-specific Yearly Tail IC Mean (-0.1284 <= 0)","Side-specific Hit Rate (33.33% < 50%)","Yearly Daily Win Rate (42.78% < 45%)","Side-specific Yearly Daily Win Rate (39.18% < 45%)"]}}
{"op_code":8,"worker_id":"1da08816-e149-4d1e-8e40-b641b1c0892e-27448","trial_id":29,"user_attr":{"gini":0.6245982739797626}}
{"op_code":8,"worker_id":"ee40e058-54b9-4ee1-bf97-a983c37e34de-4680","trial_id":28,"user_attr":{"gini":0.5977245803054856}}
{"op_code":8,"worker_id":"6103fc19-a5e4-48a5-b32b-a3672f5bbb89-27064","trial_id":9,"user_attr":{"val_metrics":[0.0,0.0,0.0,0.0,-4.251134814946425]}}
{"op_code":8,"worker_id":"ee40e058-54b9-4ee1-bf97-a983c37e34de-4680","trial_id":28,"user_attr":{"cv_is_ics":[0.10309968143701553,0.08549454808235168,0.08053917437791824,0.07365615665912628,0.09661865234375,0.08550337702035904,0.019466202706098557,0.03535085171461105,0.0878816470503807,0.11256099492311478,0.09451834857463837,0.11740755289793015,0.05038607493042946,0.10877849906682968,0.07368461787700653]}}
{"op_code":8,"worker_id":"ee40e058-54b9-4ee1-bf97-a983c37e34de-4680","trial_id":28,"user_attr":{"cv_oos_ics":[-0.04256053641438484,0.04187416657805443,-0.057610880583524704,0.049585189670324326,0.021594570949673653,0.005926560610532761,0.05714607983827591,0.09374795854091644,0.010846338234841824,-0.0490756593644619,0.03231519088149071,0.03598487749695778,0.04708036780357361,0.03567919135093689,0.09004393219947815]}}
{"op_code":8,"worker_id":"ee40e058-54b9-4ee1-bf97-a983c37e34de-4680","trial_id":28,"user_attr":{"reg_kappa":3.6074984348420993}}
{"op_code":8,"worker_id":"33e9247a-3c74-4d8e-9300-827f0013c643-19068","trial_id":1,"user_attr":{"constraints":[-0.02597402092087793,0.06874311942701,0.43333333333333335,0.052020202020201994,0.0705117617599252,-42.0,-8.0,0.08406263406263408,0.0,-1379.1762115993579,0.00833333333333336,0.019576719576719637]}}
{"op_code":8,"worker_id":"6103fc19-a5e4-48a5-b32b-a3672f5bbb89-27064","trial_id":9,"user_attr":{"deflated_objective":-0.5889943846918901}}
{"op_code":8,"worker_id":"33e9247a-3c74-4d8e-9300-827f0013c643-19068","trial_id":1,"user_attr":{"pruned_reasons":["M2 (Yearly Tail IC Mean <= 0)","M3 (Hit Rate < 60%)","M5 (Monotonicity <= 0.25)","M6 (Top-Bottom Spread <= 0)","Side-specific Yearly Tail IC Mean (-0.0841 <= 0)","Yearly Daily Win Rate (44.17% < 45%)","Side-specific Yearly Daily Win Rate (43.04% < 45%)"]}}
{"op_code":5,"worker_id":"e23afd73-0ed1-4423-b9aa-eaf69ce92b4f-8896","trial_id":27,"param_name":"huber_delta","param_value_internal":2.718450426250363,"distribution":"{\"name\": \"FloatDistribution\", \"attributes\": {\"step\": null, \"low\": 0.5, \"high\": 5.0, \"log\": false}}"}
{"op_code":8,"worker_id":"33e9247a-3c74-4d8e-9300-827f0013c643-19068","trial_id":1,"user_attr":{"gini":0.3800334533960825}}
{"op_code":9,"worker_id":"6103fc19-a5e4-48a5-b32b-a3672f5bbb89-27064","trial_id":9,"system_attr":{"constraints":[-0.0049268538634750616,0.014315274713453507,0.26666666666666666,0.27626262626262627,0.03656092134407824,-127.0,5.0,-0.015540967476096804,0.33333333333333337,-1192.578417403329,0.02638888888888885,-0.018783068783068735]}}
{"op_code":8,"worker_id":"6c4ec734-24cf-4490-8820-4afdee8ddbc3-12024","trial_id":31,"user_attr":{"constraints":[-0.01810062477578946,0.09550619087093253,0.43333333333333335,0.058080808080808066,-0.0031717769320433417,0.0,0.0,0.1047726297726298,0.16666666666666669,-1446.1746507080363,0.011111111111111127,0.020238095238095277]}}
{"op_code":8,"worker_id":"6c4ec734-24cf-4490-8820-4afdee8ddbc3-12024","trial_id":31,"user_attr":{"pruned_reasons":["M2 (Yearly Tail IC Mean <= 0)","M3 (Hit Rate < 60%)","M5 (Monotonicity <= 0.25)","Side-specific Yearly Tail IC Mean (-0.1048 <= 0)","Side-specific Hit Rate (33.33% < 50%)","Yearly Daily Win Rate (43.89% < 45%)","Side-specific Yearly Daily Win Rate (42.98% < 45%)"]}}
{"op_code":8,"worker_id":"6c4ec734-24cf-4490-8820-4afdee8ddbc3-12024","trial_id":31,"user_attr":{"gini":0.35905769001193866}}
{"op_code":6,"worker_id":"6103fc19-a5e4-48a5-b32b-a3672f5bbb89-27064","trial_id":9,"state":1,"values":[-0.33668158694374295],"datetime_complete":"2026-07-14T11:45:13.750936"}
{"op_code":4,"worker_id":"548e6bac-d1cc-436c-a66c-8927bf8e9ff6-24340","study_id":0,"datetime_start":"2026-07-14T11:45:13.756964"}
{"op_code":8,"worker_id":"41ee4286-5148-4dfa-9d90-a6f888708eaf-16052","trial_id":25,"user_attr":{"deflated_objective":-0.9892245814841396}}
{"op_code":8,"worker_id":"408b8c80-949a-40f5-971f-f46b81a298e6-24364","trial_id":24,"user_attr":{"raw_metrics":[-0.14762784337632381,-0.014315274713453507,0.3333333333333333,0.0049268538634750616,-0.026262626262626262,-0.03656092134407824,-0.0,-0.0,0.42361111111111116]}}
{"op_code":9,"worker_id":"41ee4286-5148-4dfa-9d90-a6f888708eaf-16052","trial_id":25,"system_attr":{"constraints":[-0.030928841602054228,0.12227704750501105,0.26666666666666666,0.09242424242424244,0.09519760580629938,-107.0,-8.0,0.1756971256971257,0.16666666666666669,-1203.6017867945898,0.002083333333333326,0.001058201058201036]}}
{"op_code":5,"worker_id":"548e6bac-d1cc-436c-a66c-8927bf8e9ff6-24340","trial_id":32,"param_name":"k_weight","param_value_internal":1.4243518805950455,"distribution":"{\"name\": \"FloatDistribution\", \"attributes\": {\"step\": null, \"low\": 0.0, \"high\": 1.5, \"log\": false}}"}
{"op_code":8,"worker_id":"cfc22acc-5363-46d5-88fc-6a6655fbe797-14384","trial_id":3,"user_attr":{"constraints":[-0.00046299946630523614,0.0702990609525564,0.43333333333333335,0.18333333333333335,0.04871453093882235,-48.0,-6.0,0.022308022308022313,0.16666666666666669,-1359.3411767285058,0.03472222222222221,0.05820105820105825]}}
{"op_code":5,"worker_id":"548e6bac-d1cc-436c-a66c-8927bf8e9ff6-24340","trial_id":32,"param_name":"unified_alpha","param_value_internal":0.0591204477800258,"distribution":"{\"name\": \"FloatDistribution\", \"attributes\": {\"step\": null, \"low\": 1e-05, \"high\": 10.0, \"log\": true}}"}
{"op_code":6,"worker_id":"41ee4286-5148-4dfa-9d90-a6f888708eaf-16052","trial_id":25,"state":1,"values":[-0.7244645729285474],"datetime_complete":"2026-07-14T11:45:13.764785"}
{"op_code":5,"worker_id":"548e6bac-d1cc-436c-a66c-8927bf8e9ff6-24340","trial_id":32,"param_name":"unified_rho","param_value_internal":0.00749452417866267,"distribution":"{\"name\": \"FloatDistribution\", \"attributes\": {\"step\": null, \"low\": 0.0, \"high\": 1.0, \"log\": false}}"}
{"op_code":8,"worker_id":"6c4ec734-24cf-4490-8820-4afdee8ddbc3-12024","trial_id":31,"user_attr":{"cv_is_ics":[0.10647367686033249,0.09289689362049103,0.09015517681837082,0.06945561617612839,0.10437905043363571,0.10988534241914749,0.08338379114866257,0.06436868757009506,0.10493164509534836,0.11841842532157898,0.11409938335418701,0.13031138479709625,0.07693666219711304,0.11416754871606827,0.09445460140705109]}}
{"op_code":5,"worker_id":"548e6bac-d1cc-436c-a66c-8927bf8e9ff6-24340","trial_id":32,"param_name":"unified_gamma","param_value_internal":2.0078987151815895,"distribution":"{\"name\": \"FloatDistribution\", \"attributes\": {\"step\": null, \"low\": 1.5, \"high\": 10000.0, \"log\": true}}"}
{"op_code":8,"worker_id":"cfc22acc-5363-46d5-88fc-6a6655fbe797-14384","trial_id":3,"user_attr":{"pruned_reasons":["M2 (Yearly Tail IC Mean <= 0)","M3 (Hit Rate < 60%)","M5 (Monotonicity <= 0.25)","M6 (Top-Bottom Spread <= 0)","Side-specific Yearly Tail IC Mean (-0.0223 <= 0)","Side-specific Hit Rate (33.33% < 50%)","Yearly Daily Win Rate (41.53% < 45%)","Side-specific Yearly Daily Win Rate (39.18% < 45%)"]}}
{"op_code":4,"worker_id":"49b9189f-dd64-4df7-803b-e66a5e47f4b8-16052","study_id":0,"datetime_start":"2026-07-14T11:45:13.776795"}
{"op_code":8,"worker_id":"cfc22acc-5363-46d5-88fc-6a6655fbe797-14384","trial_id":3,"user_attr":{"gini":0.530389601872838}}
{"op_code":5,"worker_id":"49b9189f-dd64-4df7-803b-e66a5e47f4b8-16052","trial_id":33,"param_name":"k_weight","param_value_internal":1.4661017348279772,"distribution":"{\"name\": \"FloatDistribution\", \"attributes\": {\"step\": null, \"low\": 0.0, \"high\": 1.5, \"log\": false}}"}
{"op_code":8,"worker_id":"33e9247a-3c74-4d8e-9300-827f0013c643-19068","trial_id":1,"user_attr":{"cv_is_ics":[0.10891319811344147,0.09376697987318039,0.08945576846599579,0.07115977257490158,0.1013755202293396,0.11150377243757248,0.08185060322284698,0.06909816712141037,0.10739551484584808,0.11493033170700073,0.11704719066619873,0.13109785318374634,0.07349392771720886,0.11715895682573318,0.09587553143501282]}}
{"op_code":8,"worker_id":"33e9247a-3c74-4d8e-9300-827f0013c643-19068","trial_id":1,"user_attr":{"cv_oos_ics":[-0.027670811861753464,0.04884130880236626,-0.058761369436979294,0.0071980636566877365,0.03900759294629097,0.01935970038175583,0.03353917971253395,0.07289765030145645,0.017173076048493385,-0.005340711213648319,0.02629195898771286,0.01789335161447525,0.059965819120407104,0.016122935339808464,0.0812336727976799]}}
{"op_code":8,"worker_id":"cfc22acc-5363-46d5-88fc-6a6655fbe797-14384","trial_id":3,"user_attr":{"cv_is_ics":[0.10878174006938934,0.08298945426940918,0.089670330286026,0.05518973618745804,0.09846913069486618,0.09981141984462738,0.07999223470687866,0.05990640074014664,0.10417195409536362,0.1183631494641304,0.11566124111413956,0.12531250715255737,0.07813338190317154,0.1158532053232193,0.086129330098629]}}
{"op_code":8,"worker_id":"cfc22acc-5363-46d5-88fc-6a6655fbe797-14384","trial_id":3,"user_attr":{"cv_oos_ics":[-0.043552711606025696,0.03271054849028587,-0.07070134580135345,0.0036822466645389795,0.02785242348909378,0.007013410329818726,0.04155488312244415,0.06234350427985191,0.013414550572633743,-0.016682300716638565,0.014946527779102325,0.023952042683959007,0.03537231311202049,0.012514026835560799,0.08658323436975479]}}
{"op_code":8,"worker_id":"cfc22acc-5363-46d5-88fc-6a6655fbe797-14384","trial_id":3,"user_attr":{"reg_kappa":3.17055346558592}}
{"op_code":8,"worker_id":"33e9247a-3c74-4d8e-9300-827f0013c643-19068","trial_id":1,"user_attr":{"reg_kappa":3.456520791999534}}
{"op_code":8,"worker_id":"6c4ec734-24cf-4490-8820-4afdee8ddbc3-12024","trial_id":31,"user_attr":{"cv_oos_ics":[-0.03176422417163849,0.049539629369974136,-0.06486532837152481,0.006510987877845764,0.044137805700302124,0.012178578414022923,0.03139651566743851,0.07270786911249161,0.014186779037117958,-0.003411460667848587,0.023777997121214867,0.0193837471306324,0.05773118510842323,0.006571917794644833,0.08342430740594864]}}
{"op_code":8,"worker_id":"6c4ec734-24cf-4490-8820-4afdee8ddbc3-12024","trial_id":31,"user_attr":{"reg_kappa":3.3589071838094835}}
{"op_code":8,"worker_id":"cfc22acc-5363-46d5-88fc-6a6655fbe797-14384","trial_id":3,"user_attr":{"raw_metrics":[-0.6976320512874264,-0.0702990609525564,0.16666666666666666,0.00046299946630523614,0.06666666666666667,-0.04871453093882235,-0.18463105086871068,-0.18020430207252502,0.4152777777777778]}}
{"op_code":8,"worker_id":"e23afd73-0ed1-4423-b9aa-eaf69ce92b4f-8896","trial_id":27,"user_attr":{"constraints":[-0.023787733253051932,0.07026934564928486,0.26666666666666666,0.20555555555555555,0.09448557893176462,-60.0,-7.0,0.04073359073359075,0.16666666666666669,-1310.504135119631,0.00833333333333336,0.024867724867724927]}}
{"op_code":8,"worker_id":"cfc22acc-5363-46d5-88fc-6a6655fbe797-14384","trial_id":3,"user_attr":{"val_metrics":[0.052279841451992506,-0.14765250747777128,0.6121212121212121,0.2009894183712701,-7.424020664272467]}}
{"op_code":4,"worker_id":"666506fc-a935-447b-a697-17a9ba0c8c4a-30084","study_id":0,"datetime_start":"2026-07-14T11:45:13.795917"}
{"op_code":5,"worker_id":"49b9189f-dd64-4df7-803b-e66a5e47f4b8-16052","trial_id":33,"param_name":"unified_alpha","param_value_internal":0.06240009007761446,"distribution":"{\"name\": \"FloatDistribution\", \"attributes\": {\"step\": null, \"low\": 1e-05, \"high\": 10.0, \"log\": true}}"}
{"op_code":5,"worker_id":"666506fc-a935-447b-a697-17a9ba0c8c4a-30084","trial_id":34,"param_name":"k_weight","param_value_internal":1.468227636691357,"distribution":"{\"name\": \"FloatDistribution\", \"attributes\": {\"step\": null, \"low\": 0.0, \"high\": 1.5, \"log\": false}}"}
{"op_code":5,"worker_id":"49b9189f-dd64-4df7-803b-e66a5e47f4b8-16052","trial_id":33,"param_name":"unified_rho","param_value_internal":0.02641465364336748,"distribution":"{\"name\": \"FloatDistribution\", \"attributes\": {\"step\": null, \"low\": 0.0, \"high\": 1.0, \"log\": false}}"}
{"op_code":5,"worker_id":"666506fc-a935-447b-a697-17a9ba0c8c4a-30084","trial_id":34,"param_name":"unified_alpha","param_value_internal":0.07884712391257252,"distribution":"{\"name\": \"FloatDistribution\", \"attributes\": {\"step\": null, \"low\": 1e-05, \"high\": 10.0, \"log\": true}}"}
{"op_code":8,"worker_id":"ee40e058-54b9-4ee1-bf97-a983c37e34de-4680","trial_id":28,"user_attr":{"raw_metrics":[-0.44526632618821876,-0.09547713347105442,0.3333333333333333,0.030493825772925417,0.11717171717171715,-0.003205122878878484,-0.1795256466371257,-0.20978866517543793,0.42777777777777776]}}
{"op_code":8,"worker_id":"e23afd73-0ed1-4423-b9aa-eaf69ce92b4f-8896","trial_id":27,"user_attr":{"pruned_reasons":["M2 (Yearly Tail IC Mean <= 0)","M3 (Hit Rate < 60%)","M5 (Monotonicity <= 0.25)","M6 (Top-Bottom Spread <= 0)","Side-specific Yearly Tail IC Mean (-0.0407 <= 0)","Side-specific Hit Rate (33.33% < 50%)","Yearly Daily Win Rate (44.17% < 45%)","Side-specific Yearly Daily Win Rate (42.51% < 45%)"]}}
{"op_code":5,"worker_id":"666506fc-a935-447b-a697-17a9ba0c8c4a-30084","trial_id":34,"param_name":"unified_rho","param_value_internal":0.05913408476066742,"distribution":"{\"name\": \"FloatDistribution\", \"attributes\": {\"step\": null, \"low\": 0.0, \"high\": 1.0, \"log\": false}}"}
{"op_code":8,"worker_id":"cfc22acc-5363-46d5-88fc-6a6655fbe797-14384","trial_id":3,"user_attr":{"deflated_objective":-1.9168472186865675}}
{"op_code":5,"worker_id":"666506fc-a935-447b-a697-17a9ba0c8c4a-30084","trial_id":34,"param_name":"unified_gamma","param_value_internal":1.5119011301589735,"distribution":"{\"name\": \"FloatDistribution\", \"attributes\": {\"step\": null, \"low\": 1.5, \"high\": 10000.0, \"log\": true}}"}
{"op_code":8,"worker_id":"6c4ec734-24cf-4490-8820-4afdee8ddbc3-12024","trial_id":31,"user_attr":{"raw_metrics":[-0.7234390554150117,-0.09550619087093253,0.16666666666666666,0.01810062477578946,0.19191919191919193,0.0031717769320433417,-0.29580948598046475,-0.3527217209339142,0.4388888888888889]}}
{"op_code":9,"worker_id":"cfc22acc-5363-46d5-88fc-6a6655fbe797-14384","trial_id":3,"system_attr":{"constraints":[-0.00046299946630523614,0.0702990609525564,0.43333333333333335,0.18333333333333335,0.04871453093882235,-48.0,-6.0,0.022308022308022313,0.16666666666666669,-1359.3411767285058,0.03472222222222221,0.05820105820105825]}}
{"op_code":5,"worker_id":"49b9189f-dd64-4df7-803b-e66a5e47f4b8-16052","trial_id":33,"param_name":"unified_gamma","param_value_internal":1.5621825540993306,"distribution":"{\"name\": \"FloatDistribution\", \"attributes\": {\"step\": null, \"low\": 1.5, \"high\": 10000.0, \"log\": true}}"}
{"op_code":8,"worker_id":"ee40e058-54b9-4ee1-bf97-a983c37e34de-4680","trial_id":28,"user_attr":{"val_metrics":[0.0327328177051365,-0.32857669994513683,0.2727272727272727,0.20218234827121095,-5.0285745503234685]}}
{"op_code":8,"worker_id":"e23afd73-0ed1-4423-b9aa-eaf69ce92b4f-8896","trial_id":27,"user_attr":{"gini":0.4693752992971081}}
{"op_code":8,"worker_id":"e23afd73-0ed1-4423-b9aa-eaf69ce92b4f-8896","trial_id":27,"user_attr":{"cv_is_ics":[0.10654305666685104,0.09148306399583817,0.09335518628358841,0.07076288014650345,0.09675880521535873,0.10417597740888596,0.07527463138103485,0.06367179751396179,0.10370464622974396,0.11935393512248993,0.12204456329345703,0.13028405606746674,0.07825727760791779,0.11946622282266617,0.09260125458240509]}}
{"op_code":8,"worker_id":"f4f25bce-fe4a-41e4-9e8a-5f0e5500c3f2-3216","trial_id":6,"user_attr":{"val_metrics":[0.06798386613514822,0.031030797579365138,0.5636363636363636,0.2819266409737369,-6.083543392827478]}}
{"op_code":5,"worker_id":"49b9189f-dd64-4df7-803b-e66a5e47f4b8-16052","trial_id":33,"param_name":"huber_delta","param_value_internal":1.6780012452500075,"distribution":"{\"name\": \"FloatDistribution\", \"attributes\": {\"step\": null, \"low\": 0.5, \"high\": 5.0, \"log\": false}}"}
{"op_code":8,"worker_id":"ee40e058-54b9-4ee1-bf97-a983c37e34de-4680","trial_id":28,"user_attr":{"deflated_objective":-1.0018577202046406}}
{"op_code":8,"worker_id":"f4f25bce-fe4a-41e4-9e8a-5f0e5500c3f2-3216","trial_id":6,"user_attr":{"deflated_objective":-1.2606855810673998}}
{"op_code":9,"worker_id":"f4f25bce-fe4a-41e4-9e8a-5f0e5500c3f2-3216","trial_id":6,"system_attr":{"constraints":[-0.015238260771462906,0.13013943165918848,0.43333333333333335,0.07020202020202018,0.0642780746721352,-56.0,-8.0,0.17522522522522524,0.16666666666666669,-1321.0404018516028,0.03194444444444444,0.010317460317460392]}}
{"op_code":6,"worker_id":"f4f25bce-fe4a-41e4-9e8a-5f0e5500c3f2-3216","trial_id":6,"state":1,"values":[-0.9940706760215278],"datetime_complete":"2026-07-14T11:45:13.830527"}
{"op_code":8,"worker_id":"e23afd73-0ed1-4423-b9aa-eaf69ce92b4f-8896","trial_id":27,"user_attr":{"cv_oos_ics":[-0.0273654293268919,0.03209950029850006,-0.0658406987786293,0.01097114197909832,0.03210129961371422,0.0077440510503947735,0.046581387519836426,0.07517484575510025,0.019793370738625526,-0.012770411558449268,0.02018928714096546,0.021426035091280937,0.060749564319849014,0.02922922559082508,0.08302485942840576]}}
{"op_code":5,"worker_id":"666506fc-a935-447b-a697-17a9ba0c8c4a-30084","trial_id":34,"param_name":"huber_delta","param_value_internal":1.7941324204171905,"distribution":"{\"name\": \"FloatDistribution\", \"attributes\": {\"step\": null, \"low\": 0.5, \"high\": 5.0, \"log\": false}}"}
{"op_code":4,"worker_id":"edf45e4c-b2b3-44c0-9e85-d9c2a0ef6a5a-27064","study_id":0,"datetime_start":"2026-07-14T11:45:13.829769"}
{"op_code":9,"worker_id":"ee40e058-54b9-4ee1-bf97-a983c37e34de-4680","trial_id":28,"system_attr":{"constraints":[-0.030493825772925417,0.09547713347105442,0.26666666666666666,0.13282828282828285,0.003205122878878484,-36.0,-3.0,0.12842127842127837,0.16666666666666669,-1441.5135991298553,0.022222222222222254,0.0582010582010582]}}
{"op_code":8,"worker_id":"e23afd73-0ed1-4423-b9aa-eaf69ce92b4f-8896","trial_id":27,"user_attr":{"reg_kappa":3.2417450073220415}}
{"op_code":8,"worker_id":"e23afd73-0ed1-4423-b9aa-eaf69ce92b4f-8896","trial_id":27,"user_attr":{"raw_metrics":[-0.49185361801785155,-0.07026934564928486,0.3333333333333333,0.023787733253051932,0.04444444444444445,-0.09448557893176462,-0.16448369666667398,-0.2310248613357544,0.44166666666666665]}}
{"op_code":5,"worker_id":"edf45e4c-b2b3-44c0-9e85-d9c2a0ef6a5a-27064","trial_id":35,"param_name":"k_weight","param_value_internal":1.4816984712258876,"distribution":"{\"name\": \"FloatDistribution\", \"attributes\": {\"step\": null, \"low\": 0.0, \"high\": 1.5, \"log\": false}}"}
{"op_code":8,"worker_id":"e23afd73-0ed1-4423-b9aa-eaf69ce92b4f-8896","trial_id":27,"user_attr":{"val_metrics":[0.05890242863064556,-0.18021618009051282,0.793939393939394,0.1839293441735208,-5.0795177154224955]}}
{"op_code":5,"worker_id":"548e6bac-d1cc-436c-a66c-8927bf8e9ff6-24340","trial_id":32,"param_name":"huber_delta","param_value_internal":1.7503059461597479,"distribution":"{\"name\": \"FloatDistribution\", \"attributes\": {\"step\": null, \"low\": 0.5, \"high\": 5.0, \"log\": false}}"}
{"op_code":8,"worker_id":"ec6e6a37-b724-451b-91a8-3cee4cfce0a6-18156","trial_id":12,"user_attr":{"gini":0.3525305038731994}}
{"op_code":6,"worker_id":"ee40e058-54b9-4ee1-bf97-a983c37e34de-4680","trial_id":28,"state":1,"values":[-0.748542151988188],"datetime_complete":"2026-07-14T11:45:13.839023"}
{"op_code":8,"worker_id":"c7d6d8dc-8560-4c49-804e-a48aac780136-22852","trial_id":19,"user_attr":{"constraints":[-0.014078513106036935,0.042486304644359346,0.26666666666666666,0.13686868686868686,0.12830628980468547,-35.0,-8.0,0.012247962247962244,0.16666666666666669,-1418.1203253670012,0.011805555555555514,0.029497354497354522]}}
{"op_code":8,"worker_id":"e23afd73-0ed1-4423-b9aa-eaf69ce92b4f-8896","trial_id":27,"user_attr":{"deflated_objective":-0.9135772473077157}}
{"op_code":9,"worker_id":"e23afd73-0ed1-4423-b9aa-eaf69ce92b4f-8896","trial_id":27,"system_attr":{"constraints":[-0.023787733253051932,0.07026934564928486,0.26666666666666666,0.20555555555555555,0.09448557893176462,-60.0,-7.0,0.04073359073359075,0.16666666666666669,-1310.504135119631,0.00833333333333336,0.024867724867724927]}}
{"op_code":8,"worker_id":"ec6e6a37-b724-451b-91a8-3cee4cfce0a6-18156","trial_id":12,"user_attr":{"cv_is_ics":[0.10895421355962753,0.09691651165485382,0.09836641699075699,0.0804629847407341,0.10597637295722961,0.11143052577972412,0.08776117116212845,0.07341048866510391,0.10536405444145203,0.11836240440607071,0.12119720131158829,0.13025352358818054,0.0833938792347908,0.1220037192106247,0.09703495353460312]}}
{"op_code":4,"worker_id":"eab5444a-5eaa-4acf-acc6-bd899a7a0c2c-4680","study_id":0,"datetime_start":"2026-07-14T11:45:13.856602"}
{"op_code":8,"worker_id":"ec6e6a37-b724-451b-91a8-3cee4cfce0a6-18156","trial_id":12,"user_attr":{"cv_oos_ics":[-0.030413705855607986,0.030596645548939705,-0.057377249002456665,0.013387581333518028,0.03774091973900795,0.022299347445368767,0.04035015031695366,0.07575871050357819,0.01597132906317711,-0.005266109481453896,0.016569683328270912,0.014518472366034985,0.050029270350933075,0.029880771413445473,0.07797665148973465]}}
{"op_code":8,"worker_id":"33e9247a-3c74-4d8e-9300-827f0013c643-19068","trial_id":1,"user_attr":{"raw_metrics":[-0.7482906959634127,-0.06874311942701,0.16666666666666666,0.02597402092087793,0.197979797979798,-0.0705117617599252,-0.23556138674833102,-0.3636054992675781,0.44166666666666665]}}
{"op_code":5,"worker_id":"eab5444a-5eaa-4acf-acc6-bd899a7a0c2c-4680","trial_id":36,"param_name":"k_weight","param_value_internal":0.7774243295028445,"distribution":"{\"name\": \"FloatDistribution\", \"attributes\": {\"step\": null, \"low\": 0.0, \"high\": 1.5, \"log\": false}}"}
{"op_code":8,"worker_id":"ec6e6a37-b724-451b-91a8-3cee4cfce0a6-18156","trial_id":12,"user_attr":{"reg_kappa":3.0884220979010677}}
{"op_code":8,"worker_id":"c7d6d8dc-8560-4c49-804e-a48aac780136-22852","trial_id":19,"user_attr":{"pruned_reasons":["M2 (Yearly Tail IC Mean <= 0)","M3 (Hit Rate < 60%)","M5 (Monotonicity <= 0.25)","M6 (Top-Bottom Spread <= 0)","Side-specific Yearly Tail IC Mean (-0.0122 <= 0)","Side-specific Hit Rate (33.33% < 50%)","Yearly Daily Win Rate (43.82% < 45%)","Side-specific Yearly Daily Win Rate (42.05% < 45%)"]}}
{"op_code":5,"worker_id":"eab5444a-5eaa-4acf-acc6-bd899a7a0c2c-4680","trial_id":36,"param_name":"unified_alpha","param_value_internal":0.07157295329858923,"distribution":"{\"name\": \"FloatDistribution\", \"attributes\": {\"step\": null, \"low\": 1e-05, \"high\": 10.0, \"log\": true}}"}
{"op_code":8,"worker_id":"c7d6d8dc-8560-4c49-804e-a48aac780136-22852","trial_id":19,"user_attr":{"gini":0.3865195596095521}}
{"op_code":8,"worker_id":"ec6e6a37-b724-451b-91a8-3cee4cfce0a6-18156","trial_id":12,"user_attr":{"raw_metrics":[-0.7143422266522322,-0.09270286451137516,0.3333333333333333,0.03648760867242511,0.1272727272727273,-0.1277577356963108,-0.1263736137410064,-0.21009249985218048,0.43124999999999997]}}
{"op_code":8,"worker_id":"49b9189f-dd64-4df7-803b-e66a5e47f4b8-16052","trial_id":33,"user_attr":{"constraints":[-0.015140030309589785,0.1197605670250047,0.43333333333333335,0.10252525252525252,0.022063228541260787,0.0,0.0,0.11791076791076792,0.33333333333333337,-1444.3530295526311,0.007638888888888862,0.024867724867724927]}}
{"op_code":5,"worker_id":"eab5444a-5eaa-4acf-acc6-bd899a7a0c2c-4680","trial_id":36,"param_name":"unified_rho","param_value_internal":0.005713840944980619,"distribution":"{\"name\": \"FloatDistribution\", \"attributes\": {\"step\": null, \"low\": 0.0, \"high\": 1.0, \"log\": false}}"}
{"op_code":8,"worker_id":"c7d6d8dc-8560-4c49-804e-a48aac780136-22852","trial_id":19,"user_attr":{"cv_is_ics":[0.10023045539855957,0.09236251562833786,0.08667078614234924,0.07690322399139404,0.09812653809785843,0.1048697680234909,0.06198125705122948,0.05833132565021515,0.10147396475076675,0.10799695551395416,0.11419344693422318,0.129285991191864,0.061255279928445816,0.11681647598743439,0.09159823507070541]}}
{"op_code":5,"worker_id":"eab5444a-5eaa-4acf-acc6-bd899a7a0c2c-4680","trial_id":36,"param_name":"unified_gamma","param_value_internal":1.8936731871496004,"distribution":"{\"name\": \"FloatDistribution\", \"attributes\": {\"step\": null, \"low\": 1.5, \"high\": 10000.0, \"log\": true}}"}
{"op_code":8,"worker_id":"49b9189f-dd64-4df7-803b-e66a5e47f4b8-16052","trial_id":33,"user_attr":{"pruned_reasons":["M2 (Yearly Tail IC Mean <= 0)","M3 (Hit Rate < 60%)","M5 (Monotonicity <= 0.25)","M6 (Top-Bottom Spread <= 0)","Side-specific Yearly Tail IC Mean (-0.1179 <= 0)","Side-specific Hit Rate (16.67% < 50%)","Yearly Daily Win Rate (44.24% < 45%)","Side-specific Yearly Daily Win Rate (42.51% < 45%)"]}}
{"op_code":8,"worker_id":"666506fc-a935-447b-a697-17a9ba0c8c4a-30084","trial_id":34,"user_attr":{"constraints":[-0.016243654765117518,0.0989314552384461,0.43333333333333335,0.04797979797979798,0.030012436855273928,-31.0,-8.0,0.15500858000858006,0.33333333333333337,-1445.1278592559763,0.007638888888888862,0.020238095238095277]}}
{"op_code":8,"worker_id":"c7d6d8dc-8560-4c49-804e-a48aac780136-22852","trial_id":19,"user_attr":{"cv_oos_ics":[-0.021966062486171722,0.036275483667850494,-0.0555453784763813,0.021994249895215034,0.02973126247525215,0.015811564400792122,0.04870583117008209,0.08464570343494415,0.012328547425568104,-0.012243501842021942,0.028002101927995682,0.01808249205350876,0.07099533826112747,0.024527255445718765,0.08175861090421677]}}
{"op_code":8,"worker_id":"666506fc-a935-447b-a697-17a9ba0c8c4a-30084","trial_id":34,"user_attr":{"pruned_reasons":["M2 (Yearly Tail IC Mean <= 0)","M3 (Hit Rate < 60%)","M5 (Monotonicity <= 0.25)","M6 (Top-Bottom Spread <= 0)","Side-specific Yearly Tail IC Mean (-0.1550 <= 0)","Side-specific Hit Rate (16.67% < 50%)","Yearly Daily Win Rate (44.24% < 45%)","Side-specific Yearly Daily Win Rate (42.98% < 45%)"]}}
{"op_code":5,"worker_id":"eab5444a-5eaa-4acf-acc6-bd899a7a0c2c-4680","trial_id":36,"param_name":"huber_delta","param_value_internal":1.904482515048509,"distribution":"{\"name\": \"FloatDistribution\", \"attributes\": {\"step\": null, \"low\": 0.5, \"high\": 5.0, \"log\": false}}"}
{"op_code":8,"worker_id":"666506fc-a935-447b-a697-17a9ba0c8c4a-30084","trial_id":34,"user_attr":{"gini":0.3532105097888636}}
{"op_code":8,"worker_id":"666506fc-a935-447b-a697-17a9ba0c8c4a-30084","trial_id":34,"user_attr":{"cv_is_ics":[0.10562526434659958,0.09215997904539108,0.09059218317270279,0.06851382553577423,0.10347116738557816,0.10952796041965485,0.08288096636533737,0.06293395161628723,0.10361140221357346,0.11951204389333725,0.11423500627279282,0.13054242730140686,0.0781121626496315,0.11351902037858963,0.09482094645500183]}}
{"op_code":8,"worker_id":"666506fc-a935-447b-a697-17a9ba0c8c4a-30084","trial_id":34,"user_attr":{"cv_oos_ics":[-0.034047119319438934,0.04683873802423477,-0.06759925186634064,0.004310523625463247,0.045122746378183365,0.010198217816650867,0.03083757311105728,0.07283657044172287,0.013113479129970074,-0.0052511608228087425,0.023392032831907272,0.017158670350909233,0.05232726037502289,0.005558747332543135,0.08238305151462555]}}
{"op_code":8,"worker_id":"666506fc-a935-447b-a697-17a9ba0c8c4a-30084","trial_id":34,"user_attr":{"reg_kappa":3.2496546295218045}}
{"op_code":8,"worker_id":"c7d6d8dc-8560-4c49-804e-a48aac780136-22852","trial_id":19,"user_attr":{"reg_kappa":3.554116924258524}}
{"op_code":8,"worker_id":"c7d6d8dc-8560-4c49-804e-a48aac780136-22852","trial_id":19,"user_attr":{"raw_metrics":[-0.3206934801163804,-0.042486304644359346,0.3333333333333333,0.014078513106036935,0.11313131313131314,-0.12830628980468547,-0.27029312995020643,-0.4112175703048706,0.4381944444444445]}}
{"op_code":8,"worker_id":"408b8c80-949a-40f5-971f-f46b81a298e6-24364","trial_id":24,"user_attr":{"val_metrics":[0.0,0.0,-0.05454545454545454,-0.12139576410253844,-4.251134814946425]}}
{"op_code":8,"worker_id":"666506fc-a935-447b-a697-17a9ba0c8c4a-30084","trial_id":34,"user_attr":{"raw_metrics":[-0.7394342364028795,-0.0989314552384461,0.16666666666666666,0.016243654765117518,0.20202020202020202,-0.030012436855273928,-0.29473910717334406,-0.32694461941719055,0.44236111111111115]}}
{"op_code":8,"worker_id":"33e9247a-3c74-4d8e-9300-827f0013c643-19068","trial_id":1,"user_attr":{"val_metrics":[0.07508400553695098,-0.017701964571940565,0.7212121212121212,0.25760361405089494,-5.471990714739262]}}
{"op_code":8,"worker_id":"666506fc-a935-447b-a697-17a9ba0c8c4a-30084","trial_id":34,"user_attr":{"val_metrics":[0.07574638970636352,-0.16006195616981117,0.5151515151515151,0.25737642439082264,-1.9539731168142458]}}
{"op_code":8,"worker_id":"33e9247a-3c74-4d8e-9300-827f0013c643-19068","trial_id":1,"user_attr":{"deflated_objective":-1.0341042463686567}}
{"op_code":9,"worker_id":"33e9247a-3c74-4d8e-9300-827f0013c643-19068","trial_id":1,"system_attr":{"constraints":[-0.02597402092087793,0.06874311942701,0.43333333333333335,0.052020202020201994,0.0705117617599252,-42.0,-8.0,0.08406263406263408,0.0,-1379.1762115993579,0.00833333333333336,0.019576719576719637]}}
{"op_code":8,"worker_id":"548e6bac-d1cc-436c-a66c-8927bf8e9ff6-24340","trial_id":32,"user_attr":{"constraints":[-0.01473154244080103,0.12217880059825348,0.43333333333333335,0.10252525252525249,0.03535613889857711,0.0,0.0,0.1257829257829258,0.33333333333333337,-1430.562522024187,0.007638888888888862,0.024867724867724927]}}
{"op_code":8,"worker_id":"ec6e6a37-b724-451b-91a8-3cee4cfce0a6-18156","trial_id":12,"user_attr":{"val_metrics":[0.08529241610746802,-0.009705414806461143,0.7333333333333333,0.26418633987506235,-4.119297909976607]}}
{"op_code":8,"worker_id":"548e6bac-d1cc-436c-a66c-8927bf8e9ff6-24340","trial_id":32,"user_attr":{"pruned_reasons":["M2 (Yearly Tail IC Mean <= 0)","M3 (Hit Rate < 60%)","M5 (Monotonicity <= 0.25)","M6 (Top-Bottom Spread <= 0)","Side-specific Yearly Tail IC Mean (-0.1258 <= 0)","Side-specific Hit Rate (16.67% < 50%)","Yearly Daily Win Rate (44.24% < 45%)","Side-specific Yearly Daily Win Rate (42.51% < 45%)"]}}
{"op_code":4,"worker_id":"3cb7becf-e0a6-4e4c-896e-c03cf70736c9-3216","study_id":0,"datetime_start":"2026-07-14T11:45:13.908987"}
{"op_code":5,"worker_id":"edf45e4c-b2b3-44c0-9e85-d9c2a0ef6a5a-27064","trial_id":35,"param_name":"unified_alpha","param_value_internal":0.07096278778762397,"distribution":"{\"name\": \"FloatDistribution\", \"attributes\": {\"step\": null, \"low\": 1e-05, \"high\": 10.0, \"log\": true}}"}
{"op_code":8,"worker_id":"c7d6d8dc-8560-4c49-804e-a48aac780136-22852","trial_id":19,"user_attr":{"val_metrics":[0.07844903420567745,-0.03776143451207514,0.503030303030303,0.24951291570439935,-4.684087434016398]}}
{"op_code":8,"worker_id":"49b9189f-dd64-4df7-803b-e66a5e47f4b8-16052","trial_id":33,"user_attr":{"gini":0.3482511225631031}}
{"op_code":8,"worker_id":"49b9189f-dd64-4df7-803b-e66a5e47f4b8-16052","trial_id":33,"user_attr":{"cv_is_ics":[0.1075364425778389,0.09320689737796783,0.09068110585212708,0.06951174885034561,0.10480166226625443,0.11109545081853867,0.08582628518342972,0.06434789299964905,0.10470224916934967,0.11915550380945206,0.11394986510276794,0.13137765228748322,0.07887789607048035,0.1139000952243805,0.09437187761068344]}}
{"op_code":5,"worker_id":"3cb7becf-e0a6-4e4c-896e-c03cf70736c9-3216","trial_id":37,"param_name":"k_weight","param_value_internal":0.8456355348124249,"distribution":"{\"name\": \"FloatDistribution\", \"attributes\": {\"step\": null, \"low\": 0.0, \"high\": 1.5, \"log\": false}}"}
{"op_code":8,"worker_id":"49b9189f-dd64-4df7-803b-e66a5e47f4b8-16052","trial_id":33,"user_attr":{"cv_oos_ics":[-0.03531520441174507,0.04964270442724228,-0.06627478450536728,0.004232789855450392,0.04513601213693619,0.010705195367336273,0.030129140242934227,0.07044803351163864,0.01195054966956377,-0.005312521941959858,0.02321293205022812,0.017429817467927933,0.05043715983629227,0.005512732546776533,0.08345013856887817]}}
{"op_code":8,"worker_id":"49b9189f-dd64-4df7-803b-e66a5e47f4b8-16052","trial_id":33,"user_attr":{"reg_kappa":3.305890735454805}}
{"op_code":6,"worker_id":"e23afd73-0ed1-4423-b9aa-eaf69ce92b4f-8896","trial_id":27,"state":1,"values":[-0.6548370368815566],"datetime_complete":"2026-07-14T11:45:13.855194"}
{"op_code":5,"worker_id":"3cb7becf-e0a6-4e4c-896e-c03cf70736c9-3216","trial_id":37,"param_name":"unified_alpha","param_value_internal":0.09924796056121107,"distribution":"{\"name\": \"FloatDistribution\", \"attributes\": {\"step\": null, \"low\": 1e-05, \"high\": 10.0, \"log\": true}}"}
{"op_code":8,"worker_id":"c7d6d8dc-8560-4c49-804e-a48aac780136-22852","trial_id":19,"user_attr":{"deflated_objective":-0.7425176498453895}}
{"op_code":5,"worker_id":"3cb7becf-e0a6-4e4c-896e-c03cf70736c9-3216","trial_id":37,"param_name":"unified_rho","param_value_internal":0.06495339248627337,"distribution":"{\"name\": \"FloatDistribution\", \"attributes\": {\"step\": null, \"low\": 0.0, \"high\": 1.0, \"log\": false}}"}
{"op_code":8,"worker_id":"548e6bac-d1cc-436c-a66c-8927bf8e9ff6-24340","trial_id":32,"user_attr":{"gini":0.3531712359671044}}
{"op_code":5,"worker_id":"3cb7becf-e0a6-4e4c-896e-c03cf70736c9-3216","trial_id":37,"param_name":"unified_gamma","param_value_internal":1.5584069784570052,"distribution":"{\"name\": \"FloatDistribution\", \"attributes\": {\"step\": null, \"low\": 1.5, \"high\": 10000.0, \"log\": true}}"}
{"op_code":8,"worker_id":"548e6bac-d1cc-436c-a66c-8927bf8e9ff6-24340","trial_id":32,"user_attr":{"cv_is_ics":[0.10674001276493073,0.09357346594333649,0.09105869382619858,0.06917708367109299,0.104410320520401,0.11073876917362213,0.08611848205327988,0.06512678414583206,0.10472872108221054,0.11888684332370758,0.11437483131885529,0.13023681938648224,0.07884059101343155,0.11465238779783249,0.09474872797727585]}}
{"op_code":5,"worker_id":"3cb7becf-e0a6-4e4c-896e-c03cf70736c9-3216","trial_id":37,"param_name":"huber_delta","param_value_internal":1.7757500520759848,"distribution":"{\"name\": \"FloatDistribution\", \"attributes\": {\"step\": null, \"low\": 0.5, \"high\": 5.0, \"log\": false}}"}
{"op_code":5,"worker_id":"edf45e4c-b2b3-44c0-9e85-d9c2a0ef6a5a-27064","trial_id":35,"param_name":"unified_rho","param_value_internal":0.027495579673991133,"distribution":"{\"name\": \"FloatDistribution\", \"attributes\": {\"step\": null, \"low\": 0.0, \"high\": 1.0, \"log\": false}}"}
{"op_code":4,"worker_id":"ed290072-7ae5-444e-b7b9-27f9a9c5190b-8896","study_id":0,"datetime_start":"2026-07-14T11:45:13.930719"}
{"op_code":9,"worker_id":"c7d6d8dc-8560-4c49-804e-a48aac780136-22852","trial_id":19,"system_attr":{"constraints":[-0.014078513106036935,0.042486304644359346,0.26666666666666666,0.13686868686868686,0.12830628980468547,-35.0,-8.0,0.012247962247962244,0.16666666666666669,-1418.1203253670012,0.011805555555555514,0.029497354497354522]}}
{"op_code":8,"worker_id":"eab5444a-5eaa-4acf-acc6-bd899a7a0c2c-4680","trial_id":36,"user_attr":{"constraints":[-0.0125410896430456,0.10194706509296175,0.43333333333333335,0.13282828282828285,0.0664352756774881,0.0,0.0,0.0434041184041184,0.33333333333333337,-1274.6858736221825,0.04861111111111116,0.0674603174603175]}}
{"op_code":8,"worker_id":"eab5444a-5eaa-4acf-acc6-bd899a7a0c2c-4680","trial_id":36,"user_attr":{"pruned_reasons":["M2 (Yearly Tail IC Mean <= 0)","M3 (Hit Rate < 60%)","M5 (Monotonicity <= 0.25)","M6 (Top-Bottom Spread <= 0)","Side-specific Yearly Tail IC Mean (-0.0434 <= 0)","Side-specific Hit Rate (16.67% < 50%)","Yearly Daily Win Rate (40.14% < 45%)","Side-specific Yearly Daily Win Rate (38.25% < 45%)"]}}
{"op_code":8,"worker_id":"548e6bac-d1cc-436c-a66c-8927bf8e9ff6-24340","trial_id":32,"user_attr":{"cv_oos_ics":[-0.03408897668123245,0.047775670886039734,-0.0658002644777298,0.003948193043470383,0.045525021851062775,0.010743778198957443,0.030292296782135963,0.07004214078187943,0.012943817302584648,-0.004280769266188145,0.023258917033672333,0.017333270981907845,0.05114118009805679,0.006071966607123613,0.08247014135122299]}}
{"op_code":8,"worker_id":"ec6e6a37-b724-451b-91a8-3cee4cfce0a6-18156","trial_id":12,"user_attr":{"deflated_objective":-0.4830059877359594}}
{"op_code":8,"worker_id":"548e6bac-d1cc-436c-a66c-8927bf8e9ff6-24340","trial_id":32,"user_attr":{"reg_kappa":3.2847146091137}}
{"op_code":8,"worker_id":"eab5444a-5eaa-4acf-acc6-bd899a7a0c2c-4680","trial_id":36,"user_attr":{"gini":0.3457595961844555}}
{"op_code":5,"worker_id":"ed290072-7ae5-444e-b7b9-27f9a9c5190b-8896","trial_id":38,"param_name":"k_weight","param_value_internal":1.491233944875925,"distribution":"{\"name\": \"FloatDistribution\", \"attributes\": {\"step\": null, \"low\": 0.0, \"high\": 1.5, \"log\": false}}"}
{"op_code":9,"worker_id":"ec6e6a37-b724-451b-91a8-3cee4cfce0a6-18156","trial_id":12,"system_attr":{"constraints":[-0.03648760867242511,0.09270286451137516,0.26666666666666666,0.12272727272727271,0.1277577356963108,-89.0,-8.0,0.033204633204633204,0.16666666666666669,-1237.225584707519,0.018750000000000044,0.03875661375661382]}}
{"op_code":5,"worker_id":"ed290072-7ae5-444e-b7b9-27f9a9c5190b-8896","trial_id":38,"param_name":"unified_alpha","param_value_internal":0.19671961061920784,"distribution":"{\"name\": \"FloatDistribution\", \"attributes\": {\"step\": null, \"low\": 1e-05, \"high\": 10.0, \"log\": true}}"}
{"op_code":8,"worker_id":"02747ca2-9ebc-4e69-a15b-e59ae7eb8376-31524","trial_id":30,"user_attr":{"constraints":[0.01593661625522344,-0.03166379382184853,0.09999999999999998,0.32272727272727275,-0.07633452749448931,-41.0,4.0,-0.1293007293007293,-0.33333333333333337,-1454.451675485269,0.03125,0.07301587301587303]}}
{"op_code":5,"worker_id":"edf45e4c-b2b3-44c0-9e85-d9c2a0ef6a5a-27064","trial_id":35,"param_name":"unified_gamma","param_value_internal":1.6932122396607276,"distribution":"{\"name\": \"FloatDistribution\", \"attributes\": {\"step\": null, \"low\": 1.5, \"high\": 10000.0, \"log\": true}}"}
{"op_code":5,"worker_id":"ed290072-7ae5-444e-b7b9-27f9a9c5190b-8896","trial_id":38,"param_name":"unified_rho","param_value_internal":0.0047624415528119135,"distribution":"{\"name\": \"FloatDistribution\", \"attributes\": {\"step\": null, \"low\": 0.0, \"high\": 1.0, \"log\": false}}"}
{"op_code":5,"worker_id":"edf45e4c-b2b3-44c0-9e85-d9c2a0ef6a5a-27064","trial_id":35,"param_name":"huber_delta","param_value_internal":1.8763265664903144,"distribution":"{\"name\": \"FloatDistribution\", \"attributes\": {\"step\": null, \"low\": 0.5, \"high\": 5.0, \"log\": false}}"}
{"op_code":5,"worker_id":"ed290072-7ae5-444e-b7b9-27f9a9c5190b-8896","trial_id":38,"param_name":"unified_gamma","param_value_internal":1.668148613395768,"distribution":"{\"name\": \"FloatDistribution\", \"attributes\": {\"step\": null, \"low\": 1.5, \"high\": 10000.0, \"log\": true}}"}
{"op_code":5,"worker_id":"ed290072-7ae5-444e-b7b9-27f9a9c5190b-8896","trial_id":38,"param_name":"huber_delta","param_value_internal":1.9303931204699973,"distribution":"{\"name\": \"FloatDistribution\", \"attributes\": {\"step\": null, \"low\": 0.5, \"high\": 5.0, \"log\": false}}"}
{"op_code":8,"worker_id":"408b8c80-949a-40f5-971f-f46b81a298e6-24364","trial_id":24,"user_attr":{"deflated_objective":-0.6176650298133424}}
{"op_code":8,"worker_id":"eab5444a-5eaa-4acf-acc6-bd899a7a0c2c-4680","trial_id":36,"user_attr":{"cv_is_ics":[0.11247936636209488,0.09353043138980865,0.0984325110912323,0.06729155033826828,0.10200435668230057,0.11464793980121613,0.09854178130626678,0.07399553805589676,0.10759298503398895,0.12254006415605545,0.11853033304214478,0.13195300102233887,0.0916302502155304,0.11632029712200165,0.09491448104381561]}}
{"op_code":9,"worker_id":"408b8c80-949a-40f5-971f-f46b81a298e6-24364","trial_id":24,"system_attr":{"constraints":[-0.0049268538634750616,0.014315274713453507,0.26666666666666666,0.27626262626262627,0.03656092134407824,-47.0,5.0,-0.015540967476096804,0.33333333333333337,-1421.2200151050517,0.02638888888888885,-0.018783068783068735]}}
{"op_code":6,"worker_id":"ec6e6a37-b724-451b-91a8-3cee4cfce0a6-18156","trial_id":12,"state":1,"values":[-0.20596641594739154],"datetime_complete":"2026-07-14T11:45:13.951951"}
{"op_code":6,"worker_id":"33e9247a-3c74-4d8e-9300-827f0013c643-19068","trial_id":1,"state":1,"values":[-0.7524751199731674],"datetime_complete":"2026-07-14T11:45:13.905493"}
{"op_code":6,"worker_id":"c7d6d8dc-8560-4c49-804e-a48aac780136-22852","trial_id":19,"state":1,"values":[-0.46681927463995015],"datetime_complete":"2026-07-14T11:45:13.938963"}
{"op_code":6,"worker_id":"408b8c80-949a-40f5-971f-f46b81a298e6-24364","trial_id":24,"state":1,"values":[-0.34213613239774293],"datetime_complete":"2026-07-14T11:45:13.970131"}
{"op_code":8,"worker_id":"3cb7becf-e0a6-4e4c-896e-c03cf70736c9-3216","trial_id":37,"user_attr":{"constraints":[-0.010056504977812767,0.10070450488383619,0.43333333333333335,0.15101010101010098,0.1017250703683951,-68.0,-8.0,0.02904332904332903,0.33333333333333337,-1287.302844681821,0.04861111111111116,0.0628306878306879]}}
{"op_code":8,"worker_id":"eab5444a-5eaa-4acf-acc6-bd899a7a0c2c-4680","trial_id":36,"user_attr":{"cv_oos_ics":[-0.04165008291602135,0.0320436917245388,-0.06764594465494156,-0.005390396807342768,0.03988921269774437,0.011902096681296825,0.027287155389785767,0.06154182180762291,0.006213252432644367,-0.008134856820106506,0.013930578716099262,0.005803634412586689,0.02920699492096901,0.00845626275986433,0.07715911418199539]}}
{"op_code":8,"worker_id":"eab5444a-5eaa-4acf-acc6-bd899a7a0c2c-4680","trial_id":36,"user_attr":{"reg_kappa":2.8924802596535373}}
{"op_code":8,"worker_id":"eab5444a-5eaa-4acf-acc6-bd899a7a0c2c-4680","trial_id":36,"user_attr":{"raw_metrics":[-0.860401109610349,-0.10194706509296175,0.16666666666666666,0.0125410896430456,0.11717171717171716,-0.0664352756774881,-0.15112377697337018,-0.20601998269557953,0.40138888888888885]}}
{"op_code":8,"worker_id":"3cb7becf-e0a6-4e4c-896e-c03cf70736c9-3216","trial_id":37,"user_attr":{"pruned_reasons":["M2 (Yearly Tail IC Mean <= 0)","M3 (Hit Rate < 60%)","M5 (Monotonicity <= 0.25)","M6 (Top-Bottom Spread <= 0)","Side-specific Yearly Tail IC Mean (-0.0290 <= 0)","Side-specific Hit Rate (16.67% < 50%)","Yearly Daily Win Rate (40.14% < 45%)","Side-specific Yearly Daily Win Rate (38.72% < 45%)"]}}
{"op_code":8,"worker_id":"3cb7becf-e0a6-4e4c-896e-c03cf70736c9-3216","trial_id":37,"user_attr":{"gini":0.3371336291091298}}
{"op_code":8,"worker_id":"3cb7becf-e0a6-4e4c-896e-c03cf70736c9-3216","trial_id":37,"user_attr":{"cv_is_ics":[0.11162474006414413,0.09392468631267548,0.09766234457492828,0.06570049375295639,0.1048329547047615,0.11496345698833466,0.09906139224767685,0.07672535628080368,0.10772421956062317,0.12134367972612381,0.11728179454803467,0.13122951984405518,0.08985421061515808,0.11497031152248383,0.09437138587236404]}}
{"op_code":8,"worker_id":"eab5444a-5eaa-4acf-acc6-bd899a7a0c2c-4680","trial_id":36,"user_attr":{"val_metrics":[0.07552852218599487,0.12012218897898871,0.5636363636363636,0.2811573440892001,-4.905400422762165]}}
{"op_code":8,"worker_id":"3cb7becf-e0a6-4e4c-896e-c03cf70736c9-3216","trial_id":37,"user_attr":{"cv_oos_ics":[-0.04521985724568367,0.032926950603723526,-0.07111905515193939,-0.006131288129836321,0.04471087083220482,0.007179270498454571,0.027938639745116234,0.058611854910850525,0.005000215023756027,-0.013632317073643208,0.01398453675210476,0.004645645618438721,0.027874983847141266,0.006996495183557272,0.07768659293651581]}}
{"op_code":8,"worker_id":"49b9189f-dd64-4df7-803b-e66a5e47f4b8-16052","trial_id":33,"user_attr":{"raw_metrics":[-0.6875559089837023,-0.1197605670250047,0.16666666666666666,0.015140030309589785,0.14747474747474748,-0.022063228541260787,-0.29407403885392075,-0.3369351029396057,0.44236111111111115]}}
{"op_code":8,"worker_id":"3cb7becf-e0a6-4e4c-896e-c03cf70736c9-3216","trial_id":37,"user_attr":{"reg_kappa":2.8452227925442117}}
{"op_code":8,"worker_id":"3cb7becf-e0a6-4e4c-896e-c03cf70736c9-3216","trial_id":37,"user_attr":{"raw_metrics":[-0.8582131418266306,-0.10070450488383619,0.16666666666666666,0.010056504977812767,0.098989898989899,-0.1017250703683951,-0.16022694403769763,-0.20569351315498352,0.40138888888888885]}}
{"op_code":8,"worker_id":"eab5444a-5eaa-4acf-acc6-bd899a7a0c2c-4680","trial_id":36,"user_attr":{"deflated_objective":-0.7333181071127328}}
{"op_code":8,"worker_id":"3cb7becf-e0a6-4e4c-896e-c03cf70736c9-3216","trial_id":37,"user_attr":{"val_metrics":[0.07375547365170877,0.12481296886242127,0.47878787878787876,0.37673723052566255,-4.8772915042628675]}}
{"op_code":9,"worker_id":"eab5444a-5eaa-4acf-acc6-bd899a7a0c2c-4680","trial_id":36,"system_attr":{"constraints":[-0.0125410896430456,0.10194706509296175,0.43333333333333335,0.13282828282828285,0.0664352756774881,0.0,0.0,0.0434041184041184,0.33333333333333337,-1274.6858736221825,0.04861111111111116,0.0674603174603175]}}
{"op_code":6,"worker_id":"eab5444a-5eaa-4acf-acc6-bd899a7a0c2c-4680","trial_id":36,"state":1,"values":[-0.48642246588123333],"datetime_complete":"2026-07-14T11:45:13.999941"}
{"op_code":8,"worker_id":"3cb7becf-e0a6-4e4c-896e-c03cf70736c9-3216","trial_id":37,"user_attr":{"deflated_objective":-0.7288345450582633}}
{"op_code":9,"worker_id":"3cb7becf-e0a6-4e4c-896e-c03cf70736c9-3216","trial_id":37,"system_attr":{"constraints":[-0.010056504977812767,0.10070450488383619,0.43333333333333335,0.15101010101010098,0.1017250703683951,-68.0,-8.0,0.02904332904332903,0.33333333333333337,-1287.302844681821,0.04861111111111116,0.0628306878306879]}}
{"op_code":6,"worker_id":"3cb7becf-e0a6-4e4c-896e-c03cf70736c9-3216","trial_id":37,"state":1,"values":[-0.48196473986686417],"datetime_complete":"2026-07-14T11:45:14.003981"}
{"op_code":8,"worker_id":"edf45e4c-b2b3-44c0-9e85-d9c2a0ef6a5a-27064","trial_id":35,"user_attr":{"constraints":[-0.01978132039556697,0.09438446558507348,0.43333333333333335,0.07626262626262625,-0.030198192614544605,0.0,0.0,0.10052552552552552,0.33333333333333337,-1449.6862342948066,0.004166666666666707,0.020238095238095277]}}
{"op_code":4,"worker_id":"e2ac47a8-4cf3-405b-8dad-ed852649efac-4680","study_id":0,"datetime_start":"2026-07-14T11:45:14.006311"}
{"op_code":5,"worker_id":"e2ac47a8-4cf3-405b-8dad-ed852649efac-4680","trial_id":39,"param_name":"k_weight","param_value_internal":1.2144329494573003,"distribution":"{\"name\": \"FloatDistribution\", \"attributes\": {\"step\": null, \"low\": 0.0, \"high\": 1.5, \"log\": false}}"}
{"op_code":8,"worker_id":"49b9189f-dd64-4df7-803b-e66a5e47f4b8-16052","trial_id":33,"user_attr":{"val_metrics":[0.07458721740989156,-0.13300292160657506,0.45454545454545453,0.25737642439082264,-2.4783968521323305]}}
{"op_code":5,"worker_id":"e2ac47a8-4cf3-405b-8dad-ed852649efac-4680","trial_id":39,"param_name":"unified_alpha","param_value_internal":0.006512692953944004,"distribution":"{\"name\": \"FloatDistribution\", \"attributes\": {\"step\": null, \"low\": 1e-05, \"high\": 10.0, \"log\": true}}"}
{"op_code":8,"worker_id":"49b9189f-dd64-4df7-803b-e66a5e47f4b8-16052","trial_id":33,"user_attr":{"deflated_objective":0.11921009795555049}}
{"op_code":5,"worker_id":"e2ac47a8-4cf3-405b-8dad-ed852649efac-4680","trial_id":39,"param_name":"unified_rho","param_value_internal":0.166529662652365,"distribution":"{\"name\": \"FloatDistribution\", \"attributes\": {\"step\": null, \"low\": 0.0, \"high\": 1.0, \"log\": false}}"}
{"op_code":8,"worker_id":"edf45e4c-b2b3-44c0-9e85-d9c2a0ef6a5a-27064","trial_id":35,"user_attr":{"pruned_reasons":["M2 (Yearly Tail IC Mean <= 0)","M3 (Hit Rate < 60%)","M5 (Monotonicity <= 0.25)","Side-specific Yearly Tail IC Mean (-0.1005 <= 0)","Side-specific Hit Rate (16.67% < 50%)","Yearly Daily Win Rate (44.58% < 45%)","Side-specific Yearly Daily Win Rate (42.98% < 45%)"]}}
{"op_code":5,"worker_id":"e2ac47a8-4cf3-405b-8dad-ed852649efac-4680","trial_id":39,"param_name":"unified_gamma","param_value_internal":62.80980546774315,"distribution":"{\"name\": \"FloatDistribution\", \"attributes\": {\"step\": null, \"low\": 1.5, \"high\": 10000.0, \"log\": true}}"}
{"op_code":9,"worker_id":"49b9189f-dd64-4df7-803b-e66a5e47f4b8-16052","trial_id":33,"system_attr":{"constraints":[-0.015140030309589785,0.1197605670250047,0.43333333333333335,0.10252525252525252,0.022063228541260787,0.0,0.0,0.11791076791076792,0.33333333333333337,-1444.3530295526311,0.007638888888888862,0.024867724867724927]}}
{"op_code":5,"worker_id":"e2ac47a8-4cf3-405b-8dad-ed852649efac-4680","trial_id":39,"param_name":"huber_delta","param_value_internal":1.4480014582538905,"distribution":"{\"name\": \"FloatDistribution\", \"attributes\": {\"step\": null, \"low\": 0.5, \"high\": 5.0, \"log\": false}}"}
{"op_code":8,"worker_id":"edf45e4c-b2b3-44c0-9e85-d9c2a0ef6a5a-27064","trial_id":35,"user_attr":{"gini":0.3581847731831924}}
{"op_code":8,"worker_id":"02747ca2-9ebc-4e69-a15b-e59ae7eb8376-31524","trial_id":30,"user_attr":{"pruned_reasons":["M4 (Overall IC <= 0)","M3 (Hit Rate < 60%)","M5 (Monotonicity <= 0.25)","Active features count (1) is less than active feature floor (5)","Yearly Daily Win Rate (41.88% < 45%)","Side-specific Yearly Daily Win Rate (37.70% < 45%)"]}}
{"op_code":8,"worker_id":"ed290072-7ae5-444e-b7b9-27f9a9c5190b-8896","trial_id":38,"user_attr":{"constraints":[-0.016025785058328162,0.06501609670302679,0.26666666666666666,0.13686868686868686,-0.04259911002487773,0.0,0.0,0.03936078936078933,0.33333333333333337,-1453.3924349568313,0.000694444444444442,0.05820105820105825]}}
{"op_code":8,"worker_id":"02747ca2-9ebc-4e69-a15b-e59ae7eb8376-31524","trial_id":30,"user_attr":{"gini":0.9230769448429903}}
{"op_code":8,"worker_id":"02747ca2-9ebc-4e69-a15b-e59ae7eb8376-31524","trial_id":30,"user_attr":{"cv_is_ics":[0.10714692622423172,0.06532221287488937,0.08408580720424652,0.062628835439682,0.06813467293977737,0.07666952162981033,0.005959079135209322,0.023612363263964653,0.07706062495708466,0.09357228130102158,0.09835156798362732,0.086908258497715,0.054965369403362274,0.0065313903614878654,0.04986261948943138]}}
{"op_code":8,"worker_id":"02747ca2-9ebc-4e69-a15b-e59ae7eb8376-31524","trial_id":30,"user_attr":{"cv_oos_ics":[-0.060412973165512085,0.003632844425737858,-0.06040645018219948,0.03266655653715134,-0.02737548016011715,0.013988095335662365,0.03458132594823837,0.09092633426189423,0.01545684039592743,-0.028681354597210884,0.004616903141140938,0.046749625355005264,0.023338375613093376,0.004638452548533678,0.06911996006965637]}}
{"op_code":8,"worker_id":"ed290072-7ae5-444e-b7b9-27f9a9c5190b-8896","trial_id":38,"user_attr":{"pruned_reasons":["M2 (Yearly Tail IC Mean <= 0)","M3 (Hit Rate < 60%)","M5 (Monotonicity <= 0.25)","Side-specific Yearly Tail IC Mean (-0.0394 <= 0)","Side-specific Hit Rate (16.67% < 50%)","Yearly Daily Win Rate (44.93% < 45%)","Side-specific Yearly Daily Win Rate (39.18% < 45%)"]}}
{"op_code":8,"worker_id":"ed290072-7ae5-444e-b7b9-27f9a9c5190b-8896","trial_id":38,"user_attr":{"gini":0.342898217759924}}
{"op_code":8,"worker_id":"02747ca2-9ebc-4e69-a15b-e59ae7eb8376-31524","trial_id":30,"user_attr":{"reg_kappa":3.5871314300141988}}
{"op_code":8,"worker_id":"02747ca2-9ebc-4e69-a15b-e59ae7eb8376-31524","trial_id":30,"user_attr":{"raw_metrics":[0.15967955264658407,0.03166379382184853,0.5,-0.01593661625522344,-0.07272727272727272,0.07633452749448931,-0.023362745607431474,-0.026330966502428055,0.41875]}}
{"op_code":8,"worker_id":"02747ca2-9ebc-4e69-a15b-e59ae7eb8376-31524","trial_id":30,"user_attr":{"val_metrics":[0.1604165661395349,-0.14254559504000278,0.6242424242424243,0.3471003436980148,-1.20227720143588]}}
{"op_code":8,"worker_id":"ed290072-7ae5-444e-b7b9-27f9a9c5190b-8896","trial_id":38,"user_attr":{"cv_is_ics":[0.10235857963562012,0.09113326668739319,0.0914873257279396,0.06717918068170547,0.10159025341272354,0.10473558306694031,0.07657164335250854,0.056255798786878586,0.09949131309986115,0.12402183562517166,0.11272119730710983,0.1291348934173584,0.08184647560119629,0.11241752654314041,0.09224218130111694]}}
{"op_code":6,"worker_id":"49b9189f-dd64-4df7-803b-e66a5e47f4b8-16052","trial_id":33,"state":1,"values":[0.3721256966639189],"datetime_complete":"2026-07-14T11:45:14.021144"}
{"op_code":8,"worker_id":"ed290072-7ae5-444e-b7b9-27f9a9c5190b-8896","trial_id":38,"user_attr":{"cv_oos_ics":[-0.03515632078051567,0.036362044513225555,-0.07324078679084778,-0.0016188845038414001,0.0436752587556839,0.0035041423980146646,0.030557958409190178,0.07357105612754822,0.005071072373539209,-0.013100282289087772,0.02036084234714508,0.012567366473376751,0.048178039491176605,-0.0002741122152656317,0.0793076902627945]}}
{"op_code":8,"worker_id":"edf45e4c-b2b3-44c0-9e85-d9c2a0ef6a5a-27064","trial_id":35,"user_attr":{"cv_is_ics":[0.10571315139532089,0.09263268113136292,0.09017468988895416,0.06998149305582047,0.10325582325458527,0.10896459966897964,0.08127614110708237,0.06136050075292587,0.10368525981903076,0.11914646625518799,0.11382043361663818,0.1298392415046692,0.07636156678199768,0.11372105777263641,0.09462472796440125]}}
{"op_code":8,"worker_id":"02747ca2-9ebc-4e69-a15b-e59ae7eb8376-31524","trial_id":30,"user_attr":{"deflated_objective":0.6155835431323484}}
{"op_code":8,"worker_id":"ed290072-7ae5-444e-b7b9-27f9a9c5190b-8896","trial_id":38,"user_attr":{"reg_kappa":2.861093638139375}}
{"op_code":9,"worker_id":"02747ca2-9ebc-4e69-a15b-e59ae7eb8376-31524","trial_id":30,"system_attr":{"constraints":[0.01593661625522344,-0.03166379382184853,0.09999999999999998,0.32272727272727275,-0.07633452749448931,-41.0,4.0,-0.1293007293007293,-0.33333333333333337,-1454.451675485269,0.03125,0.07301587301587303]}}
{"op_code":6,"worker_id":"02747ca2-9ebc-4e69-a15b-e59ae7eb8376-31524","trial_id":30,"state":1,"values":[0.9043091193585712],"datetime_complete":"2026-07-14T11:45:14.047502"}
{"op_code":4,"worker_id":"4d4c5a7c-bcb4-45d7-9e6a-71a03edd892e-16052","study_id":0,"datetime_start":"2026-07-14T11:45:14.045680"}
{"op_code":8,"worker_id":"ed290072-7ae5-444e-b7b9-27f9a9c5190b-8896","trial_id":38,"user_attr":{"raw_metrics":[-0.42622111959671116,-0.06501609670302679,0.3333333333333333,0.016025785058328162,0.11313131313131312,0.04259911002487773,-0.30205169762886713,-0.2517722547054291,0.44930555555555557]}}
{"op_code":5,"worker_id":"4d4c5a7c-bcb4-45d7-9e6a-71a03edd892e-16052","trial_id":40,"param_name":"k_weight","param_value_internal":1.195770194150138,"distribution":"{\"name\": \"FloatDistribution\", \"attributes\": {\"step\": null, \"low\": 0.0, \"high\": 1.5, \"log\": false}}"}
{"op_code":8,"worker_id":"ed290072-7ae5-444e-b7b9-27f9a9c5190b-8896","trial_id":38,"user_attr":{"val_metrics":[0.08725322379078583,0.1325872667761067,0.5272727272727272,0.3349707378881673,-4.995819073794798]}}
{"op_code":5,"worker_id":"4d4c5a7c-bcb4-45d7-9e6a-71a03edd892e-16052","trial_id":40,"param_name":"unified_alpha","param_value_internal":0.2701052617721466,"distribution":"{\"name\": \"FloatDistribution\", \"attributes\": {\"step\": null, \"low\": 1e-05, \"high\": 10.0, \"log\": true}}"}
{"op_code":4,"worker_id":"fd41ec14-9b07-4aea-9fbf-7fc830786626-31524","study_id":0,"datetime_start":"2026-07-14T11:45:14.055891"}
{"op_code":5,"worker_id":"4d4c5a7c-bcb4-45d7-9e6a-71a03edd892e-16052","trial_id":40,"param_name":"unified_rho","param_value_internal":0.19622337765568404,"distribution":"{\"name\": \"FloatDistribution\", \"attributes\": {\"step\": null, \"low\": 0.0, \"high\": 1.0, \"log\": false}}"}
{"op_code":5,"worker_id":"fd41ec14-9b07-4aea-9fbf-7fc830786626-31524","trial_id":41,"param_name":"k_weight","param_value_internal":1.2564711571656453,"distribution":"{\"name\": \"FloatDistribution\", \"attributes\": {\"step\": null, \"low\": 0.0, \"high\": 1.5, \"log\": false}}"}
{"op_code":5,"worker_id":"4d4c5a7c-bcb4-45d7-9e6a-71a03edd892e-16052","trial_id":40,"param_name":"unified_gamma","param_value_internal":51.27367846344482,"distribution":"{\"name\": \"FloatDistribution\", \"attributes\": {\"step\": null, \"low\": 1.5, \"high\": 10000.0, \"log\": true}}"}
{"op_code":5,"worker_id":"fd41ec14-9b07-4aea-9fbf-7fc830786626-31524","trial_id":41,"param_name":"unified_alpha","param_value_internal":0.30235082469311547,"distribution":"{\"name\": \"FloatDistribution\", \"attributes\": {\"step\": null, \"low\": 1e-05, \"high\": 10.0, \"log\": true}}"}
{"op_code":5,"worker_id":"4d4c5a7c-bcb4-45d7-9e6a-71a03edd892e-16052","trial_id":40,"param_name":"huber_delta","param_value_internal":2.348697922456566,"distribution":"{\"name\": \"FloatDistribution\", \"attributes\": {\"step\": null, \"low\": 0.5, \"high\": 5.0, \"log\": false}}"}
{"op_code":8,"worker_id":"ed290072-7ae5-444e-b7b9-27f9a9c5190b-8896","trial_id":38,"user_attr":{"deflated_objective":-0.8441069004247834}}
{"op_code":5,"worker_id":"fd41ec14-9b07-4aea-9fbf-7fc830786626-31524","trial_id":41,"param_name":"unified_rho","param_value_internal":0.12233319591117671,"distribution":"{\"name\": \"FloatDistribution\", \"attributes\": {\"step\": null, \"low\": 0.0, \"high\": 1.0, \"log\": false}}"}
{"op_code":9,"worker_id":"ed290072-7ae5-444e-b7b9-27f9a9c5190b-8896","trial_id":38,"system_attr":{"constraints":[-0.016025785058328162,0.06501609670302679,0.26666666666666666,0.13686868686868686,-0.04259911002487773,0.0,0.0,0.03936078936078933,0.33333333333333337,-1453.3924349568313,0.000694444444444442,0.05820105820105825]}}
{"op_code":5,"worker_id":"fd41ec14-9b07-4aea-9fbf-7fc830786626-31524","trial_id":41,"param_name":"unified_gamma","param_value_internal":53.001475304865735,"distribution":"{\"name\": \"FloatDistribution\", \"attributes\": {\"step\": null, \"low\": 1.5, \"high\": 10000.0, \"log\": true}}"}
{"op_code":6,"worker_id":"ed290072-7ae5-444e-b7b9-27f9a9c5190b-8896","trial_id":38,"state":1,"values":[-0.5200677886479593],"datetime_complete":"2026-07-14T11:45:14.069566"}
{"op_code":4,"worker_id":"0edd4e23-0b63-48d5-a238-de9204f23dd7-19068","study_id":0,"datetime_start":"2026-07-14T11:45:14.070154"}
{"op_code":4,"worker_id":"45fd7bbd-41dd-4359-94d6-6a1d02335f57-22852","study_id":0,"datetime_start":"2026-07-14T11:45:14.073848"}
{"op_code":8,"worker_id":"6c4ec734-24cf-4490-8820-4afdee8ddbc3-12024","trial_id":31,"user_attr":{"val_metrics":[0.07508149650600623,-0.27118100787866467,0.5515151515151515,0.25737642439082264,-2.101522526552773]}}
{"op_code":5,"worker_id":"fd41ec14-9b07-4aea-9fbf-7fc830786626-31524","trial_id":41,"param_name":"huber_delta","param_value_internal":1.3307222562780252,"distribution":"{\"name\": \"FloatDistribution\", \"attributes\": {\"step\": null, \"low\": 0.5, \"high\": 5.0, \"log\": false}}"}
{"op_code":8,"worker_id":"edf45e4c-b2b3-44c0-9e85-d9c2a0ef6a5a-27064","trial_id":35,"user_attr":{"cv_oos_ics":[-0.03131832182407379,0.047167468816041946,-0.0663166418671608,0.0061241695657372475,0.04424084350466728,0.01269523799419403,0.032524652779102325,0.07488783448934555,0.01433936133980751,-0.005237350706011057,0.024090925231575966,0.01815391331911087,0.058989305049180984,0.005438770167529583,0.08152683824300766]}}
{"op_code":8,"worker_id":"6c4ec734-24cf-4490-8820-4afdee8ddbc3-12024","trial_id":31,"user_attr":{"deflated_objective":0.1422388216973277}}
{"op_code":8,"worker_id":"edf45e4c-b2b3-44c0-9e85-d9c2a0ef6a5a-27064","trial_id":35,"user_attr":{"reg_kappa":3.2814094429863916}}
{"op_code":8,"worker_id":"edf45e4c-b2b3-44c0-9e85-d9c2a0ef6a5a-27064","trial_id":35,"user_attr":{"raw_metrics":[-0.7078406792751165,-0.09438446558507348,0.16666666666666666,0.01978132039556697,0.17373737373737375,0.030198192614544605,-0.2989949951551867,-0.3373483419418335,0.4458333333333333]}}
{"op_code":8,"worker_id":"edf45e4c-b2b3-44c0-9e85-d9c2a0ef6a5a-27064","trial_id":35,"user_attr":{"val_metrics":[0.07712719306962124,-0.1752848943532805,0.4909090909090909,0.25737642439082264,-2.9423456864342166]}}
{"op_code":8,"worker_id":"e2ac47a8-4cf3-405b-8dad-ed852649efac-4680","trial_id":39,"user_attr":{"constraints":[-0.016273351189615485,0.12732316653289297,0.43333333333333335,0.09646464646464645,0.03324772026752019,-44.0,-8.0,0.21385671385671387,0.33333333333333337,-1369.0971395825763,0.03888888888888897,0.001058201058201036]}}
{"op_code":4,"worker_id":"20ff1f86-4d3e-4df6-adb4-6a0942dbf006-8896","study_id":0,"datetime_start":"2026-07-14T11:45:14.078656"}
{"op_code":8,"worker_id":"edf45e4c-b2b3-44c0-9e85-d9c2a0ef6a5a-27064","trial_id":35,"user_attr":{"deflated_objective":-0.1501529816934669}}
{"op_code":5,"worker_id":"cdd3f0fe-46ab-48b3-ade0-a19bc1b3f04c-11668","trial_id":26,"param_name":"k_weight","param_value_internal":0.16010730338296608,"distribution":"{\"name\": \"FloatDistribution\", \"attributes\": {\"step\": null, \"low\": 0.0, \"high\": 1.5, \"log\": false}}"}
{"op_code":5,"worker_id":"0edd4e23-0b63-48d5-a238-de9204f23dd7-19068","trial_id":42,"param_name":"k_weight","param_value_internal":1.207856648632776,"distribution":"{\"name\": \"FloatDistribution\", \"attributes\": {\"step\": null, \"low\": 0.0, \"high\": 1.5, \"log\": false}}"}
{"op_code":4,"worker_id":"3618c2fe-3c8b-42ed-a5fd-7ead542f73c7-24364","study_id":0,"datetime_start":"2026-07-14T11:45:14.075996"}
{"op_code":9,"worker_id":"edf45e4c-b2b3-44c0-9e85-d9c2a0ef6a5a-27064","trial_id":35,"system_attr":{"constraints":[-0.01978132039556697,0.09438446558507348,0.43333333333333335,0.07626262626262625,-0.030198192614544605,0.0,0.0,0.10052552552552552,0.33333333333333337,-1449.6862342948066,0.004166666666666707,0.020238095238095277]}}
{"op_code":8,"worker_id":"a44f14f7-63ae-41ae-81f2-b354a5b39828-8436","trial_id":7,"user_attr":{"reg_kappa":3.3994321582984584}}
{"op_code":5,"worker_id":"3618c2fe-3c8b-42ed-a5fd-7ead542f73c7-24364","trial_id":45,"param_name":"k_weight","param_value_internal":1.2228664039486976,"distribution":"{\"name\": \"FloatDistribution\", \"attributes\": {\"step\": null, \"low\": 0.0, \"high\": 1.5, \"log\": false}}"}
{"op_code":5,"worker_id":"20ff1f86-4d3e-4df6-adb4-6a0942dbf006-8896","trial_id":44,"param_name":"k_weight","param_value_internal":1.2177482860909077,"distribution":"{\"name\": \"FloatDistribution\", \"attributes\": {\"step\": null, \"low\": 0.0, \"high\": 1.5, \"log\": false}}"}
{"op_code":5,"worker_id":"3618c2fe-3c8b-42ed-a5fd-7ead542f73c7-24364","trial_id":45,"param_name":"unified_alpha","param_value_internal":0.0075136029873723404,"distribution":"{\"name\": \"FloatDistribution\", \"attributes\": {\"step\": null, \"low\": 1e-05, \"high\": 10.0, \"log\": true}}"}
{"op_code":8,"worker_id":"4d4c5a7c-bcb4-45d7-9e6a-71a03edd892e-16052","trial_id":40,"user_attr":{"constraints":[0.04437681181061016,0.01804069790391979,-0.06666666666666665,0.2580808080808081,-0.010208819124640686,-56.0,3.0,-0.1253968253968254,0.0,-1364.9806933632087,0.04861111111111116,0.08227513227513233]}}
{"op_code":8,"worker_id":"4d4c5a7c-bcb4-45d7-9e6a-71a03edd892e-16052","trial_id":40,"user_attr":{"pruned_reasons":["M4 (Overall IC <= 0)","M2 (Yearly Tail IC Mean <= 0)","M5 (Monotonicity <= 0.25)","Active features count (2) is less than active feature floor (5)","Yearly Daily Win Rate (40.14% < 45%)","Side-specific Yearly Daily Win Rate (36.77% < 45%)"]}}
{"op_code":6,"worker_id":"edf45e4c-b2b3-44c0-9e85-d9c2a0ef6a5a-27064","trial_id":35,"state":1,"values":[0.17352373506667912],"datetime_complete":"2026-07-14T11:45:14.097072"}
{"op_code":5,"worker_id":"20ff1f86-4d3e-4df6-adb4-6a0942dbf006-8896","trial_id":44,"param_name":"unified_alpha","param_value_internal":0.00990173834809456,"distribution":"{\"name\": \"FloatDistribution\", \"attributes\": {\"step\": null, \"low\": 1e-05, \"high\": 10.0, \"log\": true}}"}
{"op_code":5,"worker_id":"3618c2fe-3c8b-42ed-a5fd-7ead542f73c7-24364","trial_id":45,"param_name":"unified_rho","param_value_internal":0.16029048012151925,"distribution":"{\"name\": \"FloatDistribution\", \"attributes\": {\"step\": null, \"low\": 0.0, \"high\": 1.0, \"log\": false}}"}
{"op_code":5,"worker_id":"20ff1f86-4d3e-4df6-adb4-6a0942dbf006-8896","trial_id":44,"param_name":"unified_rho","param_value_internal":0.1350165160280955,"distribution":"{\"name\": \"FloatDistribution\", \"attributes\": {\"step\": null, \"low\": 0.0, \"high\": 1.0, \"log\": false}}"}
{"op_code":8,"worker_id":"4d4c5a7c-bcb4-45d7-9e6a-71a03edd892e-16052","trial_id":40,"user_attr":{"gini":0.8948004071660853}}
{"op_code":5,"worker_id":"20ff1f86-4d3e-4df6-adb4-6a0942dbf006-8896","trial_id":44,"param_name":"unified_gamma","param_value_internal":5.294203807221447,"distribution":"{\"name\": \"FloatDistribution\", \"attributes\": {\"step\": null, \"low\": 1.5, \"high\": 10000.0, \"log\": true}}"}
{"op_code":4,"worker_id":"c2e3ee45-2ceb-4165-a5da-d55416b45cb3-27064","study_id":0,"datetime_start":"2026-07-14T11:45:14.114197"}
{"op_code":5,"worker_id":"20ff1f86-4d3e-4df6-adb4-6a0942dbf006-8896","trial_id":44,"param_name":"huber_delta","param_value_internal":2.3881626647220466,"distribution":"{\"name\": \"FloatDistribution\", \"attributes\": {\"step\": null, \"low\": 0.5, \"high\": 5.0, \"log\": false}}"}
{"op_code":8,"worker_id":"4d4c5a7c-bcb4-45d7-9e6a-71a03edd892e-16052","trial_id":40,"user_attr":{"cv_is_ics":[0.1095932275056839,0.06593169271945953,0.0748777836561203,0.045475445687770844,0.06447097659111023,0.08329571038484573,0.04736166074872017,0.05327456817030907,0.08203314989805222,0.12533694505691528,0.10300228744745255,0.11011737585067749,0.0874648243188858,0.09614886343479156,0.06556849181652069]}}
{"op_code":5,"worker_id":"c2e3ee45-2ceb-4165-a5da-d55416b45cb3-27064","trial_id":46,"param_name":"k_weight","param_value_internal":1.1812499145631066,"distribution":"{\"name\": \"FloatDistribution\", \"attributes\": {\"step\": null, \"low\": 0.0, \"high\": 1.5, \"log\": false}}"}
{"op_code":8,"worker_id":"4d4c5a7c-bcb4-45d7-9e6a-71a03edd892e-16052","trial_id":40,"user_attr":{"cv_oos_ics":[-0.061703409999608994,0.016894713044166565,-0.07698112726211548,-0.01505985390394926,-0.012163539417088032,0.014953788369894028,0.055769361555576324,0.06573574244976044,-0.006283121649175882,0.00012855975364800543,0.004530911799520254,0.015714148059487343,0.012385591864585876,0.051880039274692535,0.05305152386426926]}}
{"op_code":8,"worker_id":"4d4c5a7c-bcb4-45d7-9e6a-71a03edd892e-16052","trial_id":40,"user_attr":{"reg_kappa":2.653698421459224}}
{"op_code":8,"worker_id":"4d4c5a7c-bcb4-45d7-9e6a-71a03edd892e-16052","trial_id":40,"user_attr":{"raw_metrics":[-0.10729158291357811,-0.01804069790391979,0.6666666666666666,-0.04437681181061016,-0.008080808080808083,0.010208819124640686,-0.0342431745579734,-0.027699004858732224,0.40138888888888885]}}
{"op_code":5,"worker_id":"c2e3ee45-2ceb-4165-a5da-d55416b45cb3-27064","trial_id":46,"param_name":"unified_alpha","param_value_internal":0.3840956466334301,"distribution":"{\"name\": \"FloatDistribution\", \"attributes\": {\"step\": null, \"low\": 1e-05, \"high\": 10.0, \"log\": true}}"}
{"op_code":8,"worker_id":"4d4c5a7c-bcb4-45d7-9e6a-71a03edd892e-16052","trial_id":40,"user_attr":{"val_metrics":[0.10849760697176147,-0.1473234473544206,0.5151515151515151,0.23384466212863722,-2.7339948817831186]}}
{"op_code":5,"worker_id":"cdd3f0fe-46ab-48b3-ade0-a19bc1b3f04c-11668","trial_id":26,"param_name":"unified_alpha","param_value_internal":0.1276602820664572,"distribution":"{\"name\": \"FloatDistribution\", \"attributes\": {\"step\": null, \"low\": 1e-05, \"high\": 10.0, \"log\": true}}"}
{"op_code":8,"worker_id":"4d4c5a7c-bcb4-45d7-9e6a-71a03edd892e-16052","trial_id":40,"user_attr":{"deflated_objective":-0.052272939808650776}}
{"op_code":5,"worker_id":"c2e3ee45-2ceb-4165-a5da-d55416b45cb3-27064","trial_id":46,"param_name":"unified_rho","param_value_internal":0.1379490094848098,"distribution":"{\"name\": \"FloatDistribution\", \"attributes\": {\"step\": null, \"low\": 0.0, \"high\": 1.0, \"log\": false}}"}
{"op_code":8,"worker_id":"fd41ec14-9b07-4aea-9fbf-7fc830786626-31524","trial_id":41,"user_attr":{"constraints":[0.07233700374164544,0.052903327675364153,0.09999999999999998,0.4964646464646465,0.015916953667377432,-51.0,2.0,-0.04774774774774774,0.33333333333333337,-1381.2055212187597,0.04930555555555555,0.07671957671957674]}}
{"op_code":5,"worker_id":"c2e3ee45-2ceb-4165-a5da-d55416b45cb3-27064","trial_id":46,"param_name":"unified_gamma","param_value_internal":5.845631129161627,"distribution":"{\"name\": \"FloatDistribution\", \"attributes\": {\"step\": null, \"low\": 1.5, \"high\": 10000.0, \"log\": true}}"}
{"op_code":9,"worker_id":"4d4c5a7c-bcb4-45d7-9e6a-71a03edd892e-16052","trial_id":40,"system_attr":{"constraints":[0.04437681181061016,0.01804069790391979,-0.06666666666666665,0.2580808080808081,-0.010208819124640686,-56.0,3.0,-0.1253968253968254,0.0,-1364.9806933632087,0.04861111111111116,0.08227513227513233]}}
{"op_code":6,"worker_id":"4d4c5a7c-bcb4-45d7-9e6a-71a03edd892e-16052","trial_id":40,"state":1,"values":[0.27360991953111014],"datetime_complete":"2026-07-14T11:45:14.136996"}
{"op_code":8,"worker_id":"fd41ec14-9b07-4aea-9fbf-7fc830786626-31524","trial_id":41,"user_attr":{"pruned_reasons":["M4 (Overall IC <= 0)","M2 (Yearly Tail IC Mean <= 0)","M3 (Hit Rate < 60%)","M5 (Monotonicity <= 0.25)","M6 (Top-Bottom Spread <= 0)","Active features count (3) is less than active feature floor (5)","Side-specific Hit Rate (16.67% < 50%)","Yearly Daily Win Rate (40.07% < 45%)","Side-specific Yearly Daily Win Rate (37.33% < 45%)"]}}
{"op_code":5,"worker_id":"c2e3ee45-2ceb-4165-a5da-d55416b45cb3-27064","trial_id":46,"param_name":"huber_delta","param_value_internal":2.402012616985229,"distribution":"{\"name\": \"FloatDistribution\", \"attributes\": {\"step\": null, \"low\": 0.5, \"high\": 5.0, \"log\": false}}"}
{"op_code":8,"worker_id":"fd41ec14-9b07-4aea-9fbf-7fc830786626-31524","trial_id":41,"user_attr":{"gini":0.8220041212176639}}
{"op_code":4,"worker_id":"a7fb6630-ac4f-444c-bdf3-3b2eb6de42b9-3216","study_id":0,"datetime_start":"2026-07-14T11:45:14.010619"}
{"op_code":8,"worker_id":"fd41ec14-9b07-4aea-9fbf-7fc830786626-31524","trial_id":41,"user_attr":{"cv_is_ics":[0.10560072213411331,0.0595802403986454,0.07039926946163177,0.040204960852861404,0.051998965442180634,0.08045414090156555,0.0784740000963211,0.05242469906806946,0.08696244657039642,0.11725813895463943,0.10167035460472107,0.10484015196561813,0.06602738797664642,0.07761408388614655,0.06827808916568756]}}
{"op_code":5,"worker_id":"3618c2fe-3c8b-42ed-a5fd-7ead542f73c7-24364","trial_id":45,"param_name":"unified_gamma","param_value_internal":52.95938704635416,"distribution":"{\"name\": \"FloatDistribution\", \"attributes\": {\"step\": null, \"low\": 1.5, \"high\": 10000.0, \"log\": true}}"}
{"op_code":5,"worker_id":"cdd3f0fe-46ab-48b3-ade0-a19bc1b3f04c-11668","trial_id":26,"param_name":"unified_rho","param_value_internal":0.5349626173910872,"distribution":"{\"name\": \"FloatDistribution\", \"attributes\": {\"step\": null, \"low\": 0.0, \"high\": 1.0, \"log\": false}}"}
{"op_code":5,"worker_id":"3618c2fe-3c8b-42ed-a5fd-7ead542f73c7-24364","trial_id":45,"param_name":"huber_delta","param_value_internal":1.2890619922297453,"distribution":"{\"name\": \"FloatDistribution\", \"attributes\": {\"step\": null, \"low\": 0.5, \"high\": 5.0, \"log\": false}}"}
{"op_code":5,"worker_id":"a7fb6630-ac4f-444c-bdf3-3b2eb6de42b9-3216","trial_id":47,"param_name":"k_weight","param_value_internal":1.096069500863439,"distribution":"{\"name\": \"FloatDistribution\", \"attributes\": {\"step\": null, \"low\": 0.0, \"high\": 1.5, \"log\": false}}"}
{"op_code":5,"worker_id":"a7fb6630-ac4f-444c-bdf3-3b2eb6de42b9-3216","trial_id":47,"param_name":"unified_alpha","param_value_internal":0.009720840731997582,"distribution":"{\"name\": \"FloatDistribution\", \"attributes\": {\"step\": null, \"low\": 1e-05, \"high\": 10.0, \"log\": true}}"}
{"op_code":4,"worker_id":"8da93435-9ee6-452b-9388-2b6010131bed-16052","study_id":0,"datetime_start":"2026-07-14T11:45:14.146056"}
{"op_code":8,"worker_id":"20ff1f86-4d3e-4df6-adb4-6a0942dbf006-8896","trial_id":44,"user_attr":{"constraints":[-0.025596705935951643,0.05325706039991754,0.26666666666666666,0.03989898989898988,0.09035138972620994,-44.0,-8.0,0.10975975975975977,0.16666666666666669,-1369.9850929846325,-0.004861111111111094,0.01031746031746028]}}
{"op_code":5,"worker_id":"8da93435-9ee6-452b-9388-2b6010131bed-16052","trial_id":48,"param_name":"k_weight","param_value_internal":1.1179665771245975,"distribution":"{\"name\": \"FloatDistribution\", \"attributes\": {\"step\": null, \"low\": 0.0, \"high\": 1.5, \"log\": false}}"}
{"op_code":5,"worker_id":"a7fb6630-ac4f-444c-bdf3-3b2eb6de42b9-3216","trial_id":47,"param_name":"unified_rho","param_value_internal":0.7623641020935426,"distribution":"{\"name\": \"FloatDistribution\", \"attributes\": {\"step\": null, \"low\": 0.0, \"high\": 1.0, \"log\": false}}"}
{"op_code":5,"worker_id":"0edd4e23-0b63-48d5-a238-de9204f23dd7-19068","trial_id":42,"param_name":"unified_alpha","param_value_internal":0.0006188516541933788,"distribution":"{\"name\": \"FloatDistribution\", \"attributes\": {\"step\": null, \"low\": 1e-05, \"high\": 10.0, \"log\": true}}"}
{"op_code":5,"worker_id":"a7fb6630-ac4f-444c-bdf3-3b2eb6de42b9-3216","trial_id":47,"param_name":"unified_gamma","param_value_internal":6.306320852654887,"distribution":"{\"name\": \"FloatDistribution\", \"attributes\": {\"step\": null, \"low\": 1.5, \"high\": 10000.0, \"log\": true}}"}
{"op_code":8,"worker_id":"fd41ec14-9b07-4aea-9fbf-7fc830786626-31524","trial_id":41,"user_attr":{"cv_oos_ics":[-0.07364950329065323,0.025798792019486427,-0.07931242883205414,-0.01938561163842678,-0.006637686397880316,0.0032868864946067333,0.02527604065835476,-0.00454828143119812,-0.045829638838768005,-0.0068891230039298534,0.007576481904834509,-0.03052423521876335,-0.003841133788228035,0.04091216251254082,-0.026151858270168304]}}
{"op_code":5,"worker_id":"0edd4e23-0b63-48d5-a238-de9204f23dd7-19068","trial_id":42,"param_name":"unified_rho","param_value_internal":0.13369711413379537,"distribution":"{\"name\": \"FloatDistribution\", \"attributes\": {\"step\": null, \"low\": 0.0, \"high\": 1.0, \"log\": false}}"}
{"op_code":5,"worker_id":"cdd3f0fe-46ab-48b3-ade0-a19bc1b3f04c-11668","trial_id":26,"param_name":"unified_gamma","param_value_internal":38.710514975489204,"distribution":"{\"name\": \"FloatDistribution\", \"attributes\": {\"step\": null, \"low\": 1.5, \"high\": 10000.0, \"log\": true}}"}
{"op_code":5,"worker_id":"0edd4e23-0b63-48d5-a238-de9204f23dd7-19068","trial_id":42,"param_name":"unified_gamma","param_value_internal":5.117788012096298,"distribution":"{\"name\": \"FloatDistribution\", \"attributes\": {\"step\": null, \"low\": 1.5, \"high\": 10000.0, \"log\": true}}"}
{"op_code":5,"worker_id":"a7fb6630-ac4f-444c-bdf3-3b2eb6de42b9-3216","trial_id":47,"param_name":"huber_delta","param_value_internal":3.6745052120515695,"distribution":"{\"name\": \"FloatDistribution\", \"attributes\": {\"step\": null, \"low\": 0.5, \"high\": 5.0, \"log\": false}}"}
{"op_code":5,"worker_id":"cdd3f0fe-46ab-48b3-ade0-a19bc1b3f04c-11668","trial_id":26,"param_name":"huber_delta","param_value_internal":2.356765896768957,"distribution":"{\"name\": \"FloatDistribution\", \"attributes\": {\"step\": null, \"low\": 0.5, \"high\": 5.0, \"log\": false}}"}
{"op_code":5,"worker_id":"0edd4e23-0b63-48d5-a238-de9204f23dd7-19068","trial_id":42,"param_name":"huber_delta","param_value_internal":2.4309882677586967,"distribution":"{\"name\": \"FloatDistribution\", \"attributes\": {\"step\": null, \"low\": 0.5, \"high\": 5.0, \"log\": false}}"}
{"op_code":8,"worker_id":"fd41ec14-9b07-4aea-9fbf-7fc830786626-31524","trial_id":41,"user_attr":{"reg_kappa":2.5778192353417393}}
{"op_code":8,"worker_id":"20ff1f86-4d3e-4df6-adb4-6a0942dbf006-8896","trial_id":44,"user_attr":{"pruned_reasons":["M2 (Yearly Tail IC Mean <= 0)","M3 (Hit Rate < 60%)","M5 (Monotonicity <= 0.25)","M6 (Top-Bottom Spread <= 0)","Side-specific Yearly Tail IC Mean (-0.1098 <= 0)","Side-specific Hit Rate (33.33% < 50%)","Side-specific Yearly Daily Win Rate (43.97% < 45%)"]}}
{"op_code":8,"worker_id":"fd41ec14-9b07-4aea-9fbf-7fc830786626-31524","trial_id":41,"user_attr":{"raw_metrics":[-0.3642205976369762,-0.052903327675364153,0.5,-0.07233700374164544,-0.2464646464646465,-0.015916953667377432,-0.05459220918128069,-0.015580140985548496,0.40069444444444446]}}
{"op_code":8,"worker_id":"fd41ec14-9b07-4aea-9fbf-7fc830786626-31524","trial_id":41,"user_attr":{"val_metrics":[0.06339150316261756,-0.09891594277243691,0.6363636363636364,0.3175132207510372,-4.042180541888244]}}
{"op_code":8,"worker_id":"c2e3ee45-2ceb-4165-a5da-d55416b45cb3-27064","trial_id":46,"user_attr":{"constraints":[0.04282200001235639,0.02182780913783954,0.09999999999999998,0.29848484848484846,-0.03271680742191771,-57.0,3.0,-0.10287430287430287,0.0,-1361.4824091271169,0.052083333333333315,0.07764550264550263]}}
{"op_code":8,"worker_id":"fd41ec14-9b07-4aea-9fbf-7fc830786626-31524","trial_id":41,"user_attr":{"deflated_objective":-0.5599743419810209}}
{"op_code":9,"worker_id":"fd41ec14-9b07-4aea-9fbf-7fc830786626-31524","trial_id":41,"system_attr":{"constraints":[0.07233700374164544,0.052903327675364153,0.09999999999999998,0.4964646464646465,0.015916953667377432,-51.0,2.0,-0.04774774774774774,0.33333333333333337,-1381.2055212187597,0.04930555555555555,0.07671957671957674]}}
{"op_code":6,"worker_id":"fd41ec14-9b07-4aea-9fbf-7fc830786626-31524","trial_id":41,"state":1,"values":[-0.2226907408882187],"datetime_complete":"2026-07-14T11:45:14.186383"}
{"op_code":8,"worker_id":"c2e3ee45-2ceb-4165-a5da-d55416b45cb3-27064","trial_id":46,"user_attr":{"pruned_reasons":["M4 (Overall IC <= 0)","M2 (Yearly Tail IC Mean <= 0)","M3 (Hit Rate < 60%)","M5 (Monotonicity <= 0.25)","Active features count (2) is less than active feature floor (5)","Yearly Daily Win Rate (39.79% < 45%)","Side-specific Yearly Daily Win Rate (37.24% < 45%)"]}}
{"op_code":8,"worker_id":"c2e3ee45-2ceb-4165-a5da-d55416b45cb3-27064","trial_id":46,"user_attr":{"gini":0.8942051053912212}}
{"op_code":8,"worker_id":"c2e3ee45-2ceb-4165-a5da-d55416b45cb3-27064","trial_id":46,"user_attr":{"cv_is_ics":[0.11000262945890427,0.06698977202177048,0.07486367970705032,0.04729017987847328,0.0662841945886612,0.08349740505218506,0.04775896668434143,0.05318058654665947,0.08122511953115463,0.12569747865200043,0.10365881770849228,0.11115274578332901,0.08697478473186493,0.09923534840345383,0.06588023155927658]}}
{"op_code":8,"worker_id":"c2e3ee45-2ceb-4165-a5da-d55416b45cb3-27064","trial_id":46,"user_attr":{"cv_oos_ics":[-0.06007470190525055,0.015539639629423618,-0.07695208489894867,-0.01209942065179348,-0.012089859694242477,0.015343312174081802,0.05738639831542969,0.07067198306322098,-0.004958717152476311,-0.00010079768253490329,0.007214151322841644,0.015374260023236275,0.011331201530992985,0.05246327072381973,0.05699128285050392]}}
{"op_code":8,"worker_id":"c2e3ee45-2ceb-4165-a5da-d55416b45cb3-27064","trial_id":46,"user_attr":{"reg_kappa":2.427216879963256}}
{"op_code":5,"worker_id":"8da93435-9ee6-452b-9388-2b6010131bed-16052","trial_id":48,"param_name":"unified_alpha","param_value_internal":0.0005381782525833181,"distribution":"{\"name\": \"FloatDistribution\", \"attributes\": {\"step\": null, \"low\": 1e-05, \"high\": 10.0, \"log\": true}}"}
{"op_code":8,"worker_id":"20ff1f86-4d3e-4df6-adb4-6a0942dbf006-8896","trial_id":44,"user_attr":{"gini":0.38006997649472396}}
{"op_code":5,"worker_id":"8da93435-9ee6-452b-9388-2b6010131bed-16052","trial_id":48,"param_name":"unified_rho","param_value_internal":0.13175198949414416,"distribution":"{\"name\": \"FloatDistribution\", \"attributes\": {\"step\": null, \"low\": 0.0, \"high\": 1.0, \"log\": false}}"}
{"op_code":8,"worker_id":"c2e3ee45-2ceb-4165-a5da-d55416b45cb3-27064","trial_id":46,"user_attr":{"raw_metrics":[-0.13041939824670995,-0.02182780913783954,0.5,-0.04282200001235639,-0.04848484848484847,0.03271680742191771,-0.033752733902046334,-0.0305296890437603,0.3979166666666667]}}
{"op_code":8,"worker_id":"c2e3ee45-2ceb-4165-a5da-d55416b45cb3-27064","trial_id":46,"user_attr":{"val_metrics":[0.1070427871956338,-0.15926722600841212,0.5151515151515151,0.23384466212863722,-2.6323516930205813]}}
{"op_code":8,"worker_id":"20ff1f86-4d3e-4df6-adb4-6a0942dbf006-8896","trial_id":44,"user_attr":{"cv_is_ics":[0.10643555968999863,0.09290876239538193,0.0897376760840416,0.07171352207660675,0.10070796310901642,0.1092958152294159,0.07536746561527252,0.06600962579250336,0.10532286018133163,0.11453189700841904,0.11783027648925781,0.13144728541374207,0.07325848937034607,0.11805830150842667,0.09585421532392502]}}
{"op_code":8,"worker_id":"20ff1f86-4d3e-4df6-adb4-6a0942dbf006-8896","trial_id":44,"user_attr":{"cv_oos_ics":[-0.023252515122294426,0.04315591976046562,-0.06044389307498932,0.009208749048411846,0.036041904240846634,0.022342342883348465,0.03781653940677643,0.08035539090633392,0.016933968290686607,-0.008699352853000164,0.023266179487109184,0.016831768676638603,0.06079797074198723,0.017119167372584343,0.08069631457328796]}}
{"op_code":5,"worker_id":"8da93435-9ee6-452b-9388-2b6010131bed-16052","trial_id":48,"param_name":"unified_gamma","param_value_internal":7.011370110987508,"distribution":"{\"name\": \"FloatDistribution\", \"attributes\": {\"step\": null, \"low\": 1.5, \"high\": 10000.0, \"log\": true}}"}
{"op_code":8,"worker_id":"20ff1f86-4d3e-4df6-adb4-6a0942dbf006-8896","trial_id":44,"user_attr":{"reg_kappa":3.3867942223987786}}
{"op_code":8,"worker_id":"548e6bac-d1cc-436c-a66c-8927bf8e9ff6-24340","trial_id":32,"user_attr":{"raw_metrics":[-0.6884174190917157,-0.12217880059825348,0.16666666666666666,0.01473154244080103,0.1474747474747475,-0.03535613889857711,-0.2813703382251338,-0.33224618434906006,0.44236111111111115]}}
{"op_code":8,"worker_id":"20ff1f86-4d3e-4df6-adb4-6a0942dbf006-8896","trial_id":44,"user_attr":{"raw_metrics":[-0.5184161892955209,-0.05325706039991754,0.3333333333333333,0.025596705935951643,0.21010101010101012,-0.09035138972620994,-0.22751980808570876,-0.34879299998283386,0.4548611111111111]}}
{"op_code":5,"worker_id":"8da93435-9ee6-452b-9388-2b6010131bed-16052","trial_id":48,"param_name":"huber_delta","param_value_internal":1.238044221384837,"distribution":"{\"name\": \"FloatDistribution\", \"attributes\": {\"step\": null, \"low\": 0.5, \"high\": 5.0, \"log\": false}}"}
{"op_code":8,"worker_id":"548e6bac-d1cc-436c-a66c-8927bf8e9ff6-24340","trial_id":32,"user_attr":{"val_metrics":[0.07421504448642113,-0.23527445022333537,0.4303030303030303,0.25737642439082264,-2.0404440331372538]}}
{"op_code":8,"worker_id":"cdd3f0fe-46ab-48b3-ade0-a19bc1b3f04c-11668","trial_id":26,"user_attr":{"constraints":[0.09766897510131832,0.14502526349030906,0.43333333333333335,0.544949494949495,0.21822739280139403,-126.0,5.0,-0.05127627627627627,0.0,-1192.7640152385827,0.08958333333333335,0.09682539682539681]}}
{"op_code":8,"worker_id":"20ff1f86-4d3e-4df6-adb4-6a0942dbf006-8896","trial_id":44,"user_attr":{"val_metrics":[0.07474904990582759,-0.03963862973339305,0.6121212121212121,0.2847897294349968,-4.1431545723083545]}}
{"op_code":8,"worker_id":"548e6bac-d1cc-436c-a66c-8927bf8e9ff6-24340","trial_id":32,"user_attr":{"deflated_objective":0.100567303623324}}
{"op_code":8,"worker_id":"0edd4e23-0b63-48d5-a238-de9204f23dd7-19068","trial_id":42,"user_attr":{"constraints":[-0.02134144337060466,0.05430641631249533,0.26666666666666666,0.10050505050505051,0.08545597898980807,-44.0,-8.0,0.12593307593307593,0.16666666666666669,-1367.3506889944179,-0.004861111111111094,0.005687830687830631]}}
{"op_code":8,"worker_id":"e2ac47a8-4cf3-405b-8dad-ed852649efac-4680","trial_id":39,"user_attr":{"pruned_reasons":["M2 (Yearly Tail IC Mean <= 0)","M3 (Hit Rate < 60%)","M5 (Monotonicity <= 0.25)","M6 (Top-Bottom Spread <= 0)","Side-specific Yearly Tail IC Mean (-0.2139 <= 0)","Side-specific Hit Rate (16.67% < 50%)","Yearly Daily Win Rate (41.11% < 45%)","Side-specific Yearly Daily Win Rate (44.89% < 45%)"]}}
{"op_code":8,"worker_id":"c2e3ee45-2ceb-4165-a5da-d55416b45cb3-27064","trial_id":46,"user_attr":{"deflated_objective":-0.0855704896857008}}
{"op_code":8,"worker_id":"cdd3f0fe-46ab-48b3-ade0-a19bc1b3f04c-11668","trial_id":26,"user_attr":{"pruned_reasons":["M4 (Overall IC <= 0)","M2 (Yearly Tail IC Mean <= 0)","M3 (Hit Rate < 60%)","M5 (Monotonicity <= 0.25)","M6 (Top-Bottom Spread <= 0)","Active features count (0) is less than active feature floor (5)","Yearly Daily Win Rate (36.04% < 45%)","Side-specific Yearly Daily Win Rate (35.32% < 45%)"]}}
{"op_code":9,"worker_id":"c2e3ee45-2ceb-4165-a5da-d55416b45cb3-27064","trial_id":46,"system_attr":{"constraints":[0.04282200001235639,0.02182780913783954,0.09999999999999998,0.29848484848484846,-0.03271680742191771,-57.0,3.0,-0.10287430287430287,0.0,-1361.4824091271169,0.052083333333333315,0.07764550264550263]}}
{"op_code":8,"worker_id":"0edd4e23-0b63-48d5-a238-de9204f23dd7-19068","trial_id":42,"user_attr":{"pruned_reasons":["M2 (Yearly Tail IC Mean <= 0)","M3 (Hit Rate < 60%)","M5 (Monotonicity <= 0.25)","M6 (Top-Bottom Spread <= 0)","Side-specific Yearly Tail IC Mean (-0.1259 <= 0)","Side-specific Hit Rate (33.33% < 50%)","Side-specific Yearly Daily Win Rate (44.43% < 45%)"]}}
{"op_code":8,"worker_id":"cdd3f0fe-46ab-48b3-ade0-a19bc1b3f04c-11668","trial_id":26,"user_attr":{"gini":0.0}}
{"op_code":6,"worker_id":"c2e3ee45-2ceb-4165-a5da-d55416b45cb3-27064","trial_id":46,"state":1,"values":[0.30934420159334225],"datetime_complete":"2026-07-14T11:45:14.224651"}
{"op_code":8,"worker_id":"a7fb6630-ac4f-444c-bdf3-3b2eb6de42b9-3216","trial_id":47,"user_attr":{"constraints":[-0.021134254998276755,0.02933996938556208,0.26666666666666666,0.09444444444444444,0.0921097403531894,-51.0,-8.0,0.035392535392535396,0.16666666666666669,-1339.7101005062436,0.002083333333333326,0.029497354497354578]}}
{"op_code":8,"worker_id":"20ff1f86-4d3e-4df6-adb4-6a0942dbf006-8896","trial_id":44,"user_attr":{"deflated_objective":-0.6239472074907533}}
{"op_code":8,"worker_id":"a7fb6630-ac4f-444c-bdf3-3b2eb6de42b9-3216","trial_id":47,"user_attr":{"pruned_reasons":["M2 (Yearly Tail IC Mean <= 0)","M3 (Hit Rate < 60%)","M5 (Monotonicity <= 0.25)","M6 (Top-Bottom Spread <= 0)","Side-specific Yearly Tail IC Mean (-0.0354 <= 0)","Side-specific Hit Rate (33.33% < 50%)","Yearly Daily Win Rate (44.79% < 45%)","Side-specific Yearly Daily Win Rate (42.05% < 45%)"]}}
{"op_code":9,"worker_id":"20ff1f86-4d3e-4df6-adb4-6a0942dbf006-8896","trial_id":44,"system_attr":{"constraints":[-0.025596705935951643,0.05325706039991754,0.26666666666666666,0.03989898989898988,0.09035138972620994,-44.0,-8.0,0.10975975975975977,0.16666666666666669,-1369.9850929846325,-0.004861111111111094,0.01031746031746028]}}
{"op_code":4,"worker_id":"ec6fe8bf-217a-486d-96a6-406256c088bb-7108","study_id":0,"datetime_start":"2026-07-14T11:45:13.199980"}
{"op_code":8,"worker_id":"0edd4e23-0b63-48d5-a238-de9204f23dd7-19068","trial_id":42,"user_attr":{"gini":0.3823489061049459}}
{"op_code":6,"worker_id":"20ff1f86-4d3e-4df6-adb4-6a0942dbf006-8896","trial_id":44,"state":1,"values":[-0.2406579155887702],"datetime_complete":"2026-07-14T11:45:14.233496"}
{"op_code":4,"worker_id":"9717ca99-0495-4d9a-9bd9-5d5eb4c889a2-27064","study_id":0,"datetime_start":"2026-07-14T11:45:14.235594"}
{"op_code":8,"worker_id":"e2ac47a8-4cf3-405b-8dad-ed852649efac-4680","trial_id":39,"user_attr":{"gini":0.3652661822556773}}
{"op_code":8,"worker_id":"a7fb6630-ac4f-444c-bdf3-3b2eb6de42b9-3216","trial_id":47,"user_attr":{"gini":0.4089247662346396}}
{"op_code":8,"worker_id":"a7fb6630-ac4f-444c-bdf3-3b2eb6de42b9-3216","trial_id":47,"user_attr":{"cv_is_ics":[0.09951349347829819,0.0931786596775055,0.08846031129360199,0.07856746017932892,0.09761329740285873,0.09906096011400223,0.06040142849087715,0.05762717127799988,0.09988919645547867,0.10992565751075745,0.11410467326641083,0.126211479306221,0.0600881464779377,0.12072909623384476,0.09161791950464249]}}
{"op_code":5,"worker_id":"9717ca99-0495-4d9a-9bd9-5d5eb4c889a2-27064","trial_id":50,"param_name":"k_weight","param_value_internal":1.0634273938869305,"distribution":"{\"name\": \"FloatDistribution\", \"attributes\": {\"step\": null, \"low\": 0.0, \"high\": 1.5, \"log\": false}}"}
{"op_code":8,"worker_id":"e2ac47a8-4cf3-405b-8dad-ed852649efac-4680","trial_id":39,"user_attr":{"cv_is_ics":[0.11514941602945328,0.09467682987451553,0.09248868376016617,0.06932353973388672,0.11033361405134201,0.11865118891000748,0.09623531252145767,0.07616794109344482,0.10955405980348587,0.11867164820432663,0.11648570001125336,0.13395510613918304,0.082190603017807,0.11537585407495499,0.09547990560531616]}}
{"op_code":5,"worker_id":"9717ca99-0495-4d9a-9bd9-5d5eb4c889a2-27064","trial_id":50,"param_name":"unified_alpha","param_value_internal":0.008779687728477042,"distribution":"{\"name\": \"FloatDistribution\", \"attributes\": {\"step\": null, \"low\": 1e-05, \"high\": 10.0, \"log\": true}}"}
{"op_code":8,"worker_id":"a7fb6630-ac4f-444c-bdf3-3b2eb6de42b9-3216","trial_id":47,"user_attr":{"cv_oos_ics":[-0.02566738799214363,0.03379497677087784,-0.05757329240441322,0.02483452297747135,0.035876478999853134,0.01581270433962345,0.048144325613975525,0.0820201188325882,0.013935391791164875,-0.011535354889929295,0.02797619067132473,0.022670548409223557,0.06784583628177643,0.03664606437087059,0.08325789123773575]}}
{"op_code":4,"worker_id":"c3b925f9-c07b-4a03-9187-5209bb5f6e63-8896","study_id":0,"datetime_start":"2026-07-14T11:45:14.244765"}
{"op_code":5,"worker_id":"9717ca99-0495-4d9a-9bd9-5d5eb4c889a2-27064","trial_id":50,"param_name":"unified_rho","param_value_internal":0.7287589383463396,"distribution":"{\"name\": \"FloatDistribution\", \"attributes\": {\"step\": null, \"low\": 0.0, \"high\": 1.0, \"log\": false}}"}
{"op_code":8,"worker_id":"0edd4e23-0b63-48d5-a238-de9204f23dd7-19068","trial_id":42,"user_attr":{"cv_is_ics":[0.10587368160486221,0.09352593123912811,0.0898476168513298,0.07275167107582092,0.1002102717757225,0.109584279358387,0.07501363754272461,0.06661784648895264,0.10558276623487473,0.11370868980884552,0.11769435554742813,0.1315358579158783,0.07224471867084503,0.11834333091974258,0.09616173058748245]}}
{"op_code":5,"worker_id":"9717ca99-0495-4d9a-9bd9-5d5eb4c889a2-27064","trial_id":50,"param_name":"unified_gamma","param_value_internal":13.320329518733073,"distribution":"{\"name\": \"FloatDistribution\", \"attributes\": {\"step\": null, \"low\": 1.5, \"high\": 10000.0, \"log\": true}}"}
{"op_code":8,"worker_id":"8da93435-9ee6-452b-9388-2b6010131bed-16052","trial_id":48,"user_attr":{"constraints":[-0.002378270288101484,0.1331492300337285,0.43333333333333335,0.13282828282828285,0.07866153614543792,-50.0,-8.0,0.2020806520806521,0.16666666666666669,-1344.8916193814982,0.052083333333333315,0.03902116402116401]}}
{"op_code":5,"worker_id":"9717ca99-0495-4d9a-9bd9-5d5eb4c889a2-27064","trial_id":50,"param_name":"huber_delta","param_value_internal":3.449474116231441,"distribution":"{\"name\": \"FloatDistribution\", \"attributes\": {\"step\": null, \"low\": 0.5, \"high\": 5.0, \"log\": false}}"}
{"op_code":8,"worker_id":"0edd4e23-0b63-48d5-a238-de9204f23dd7-19068","trial_id":42,"user_attr":{"cv_oos_ics":[-0.02239345572888851,0.04299433156847954,-0.05983056500554085,0.009815385565161705,0.03610881045460701,0.021820273250341415,0.03787063807249069,0.08069195598363876,0.01675400324165821,-0.008974695578217506,0.023053904995322227,0.015065708197653294,0.062056802213191986,0.01896004006266594,0.08065269887447357]}}
{"op_code":8,"worker_id":"cdd3f0fe-46ab-48b3-ade0-a19bc1b3f04c-11668","trial_id":26,"user_attr":{"cv_is_ics":[0.10166936367750168,0.0,0.08042740821838379,0.0,0.0,0.0,0.0,0.0,0.07432232797145844,0.0,0.08577138930559158,0.03610793128609657,0.0,0.0,0.03894815593957901]}}
{"op_code":4,"worker_id":"5eab98a1-cbd2-4caa-a9b2-e326d6160f79-31524","study_id":0,"datetime_start":"2026-07-14T11:45:14.195954"}
{"op_code":8,"worker_id":"e2ac47a8-4cf3-405b-8dad-ed852649efac-4680","trial_id":39,"user_attr":{"cv_oos_ics":[-0.04599007964134216,0.050416912883520126,-0.06625670194625854,0.002171278465539217,0.048371296375989914,0.014954358339309692,0.031134555116295815,0.06403698772192001,0.01523368339985609,0.0008799865609034896,0.02191651426255703,0.014859489165246487,0.04176513850688934,0.007725108880549669,0.08568820357322693]}}
{"op_code":8,"worker_id":"e2ac47a8-4cf3-405b-8dad-ed852649efac-4680","trial_id":39,"user_attr":{"reg_kappa":3.401468052921768}}
{"op_code":8,"worker_id":"e2ac47a8-4cf3-405b-8dad-ed852649efac-4680","trial_id":39,"user_attr":{"raw_metrics":[-0.7467744680322969,-0.12732316653289297,0.16666666666666666,0.016273351189615485,0.15353535353535355,-0.03324772026752019,-0.22676582720899538,-0.34406501054763794,0.41111111111111104]}}
{"op_code":5,"worker_id":"5eab98a1-cbd2-4caa-a9b2-e326d6160f79-31524","trial_id":52,"param_name":"k_weight","param_value_internal":1.0739020220441557,"distribution":"{\"name\": \"FloatDistribution\", \"attributes\": {\"step\": null, \"low\": 0.0, \"high\": 1.5, \"log\": false}}"}
{"op_code":8,"worker_id":"cdd3f0fe-46ab-48b3-ade0-a19bc1b3f04c-11668","trial_id":26,"user_attr":{"cv_oos_ics":[-0.08684303611516953,0.0,-0.07009712606668472,0.0,0.0,0.0,0.0,0.0,-0.08111640810966492,0.0,-0.015517856925725937,-0.0470985472202301,0.0,0.0,-0.0757068321108818]}}
{"op_code":8,"worker_id":"cdd3f0fe-46ab-48b3-ade0-a19bc1b3f04c-11668","trial_id":26,"user_attr":{"reg_kappa":2.751712758243444}}
{"op_code":8,"worker_id":"e2ac47a8-4cf3-405b-8dad-ed852649efac-4680","trial_id":39,"user_attr":{"val_metrics":[0.06502488230764622,0.08619703407917736,0.5636363636363636,0.26968406300370895,-5.185450333402359]}}
{"op_code":5,"worker_id":"5eab98a1-cbd2-4caa-a9b2-e326d6160f79-31524","trial_id":52,"param_name":"unified_alpha","param_value_internal":0.009970843922151574,"distribution":"{\"name\": \"FloatDistribution\", \"attributes\": {\"step\": null, \"low\": 1e-05, \"high\": 10.0, \"log\": true}}"}
{"op_code":8,"worker_id":"0edd4e23-0b63-48d5-a238-de9204f23dd7-19068","trial_id":42,"user_attr":{"reg_kappa":3.4239615793127287}}
{"op_code":8,"worker_id":"cdd3f0fe-46ab-48b3-ade0-a19bc1b3f04c-11668","trial_id":26,"user_attr":{"raw_metrics":[-1.0404982233406506,-0.14502526349030906,0.16666666666666666,-0.09766897510131832,-0.29494949494949496,-0.21822739280139403,-0.0,-0.0,0.36041666666666666]}}
{"op_code":5,"worker_id":"5eab98a1-cbd2-4caa-a9b2-e326d6160f79-31524","trial_id":52,"param_name":"unified_rho","param_value_internal":0.7549216929912316,"distribution":"{\"name\": \"FloatDistribution\", \"attributes\": {\"step\": null, \"low\": 0.0, \"high\": 1.0, \"log\": false}}"}
{"op_code":5,"worker_id":"5eab98a1-cbd2-4caa-a9b2-e326d6160f79-31524","trial_id":52,"param_name":"unified_gamma","param_value_internal":12.529076966363764,"distribution":"{\"name\": \"FloatDistribution\", \"attributes\": {\"step\": null, \"low\": 1.5, \"high\": 10000.0, \"log\": true}}"}
{"op_code":5,"worker_id":"5eab98a1-cbd2-4caa-a9b2-e326d6160f79-31524","trial_id":52,"param_name":"huber_delta","param_value_internal":3.6468341295215083,"distribution":"{\"name\": \"FloatDistribution\", \"attributes\": {\"step\": null, \"low\": 0.5, \"high\": 5.0, \"log\": false}}"}
{"op_code":8,"worker_id":"e2ac47a8-4cf3-405b-8dad-ed852649efac-4680","trial_id":39,"user_attr":{"deflated_objective":-1.0038252044983358}}
{"op_code":8,"worker_id":"0edd4e23-0b63-48d5-a238-de9204f23dd7-19068","trial_id":42,"user_attr":{"raw_metrics":[-0.5388705185451034,-0.05430641631249533,0.3333333333333333,0.02134144337060466,0.1494949494949495,-0.08545597898980807,-0.22527966830818066,-0.35548144578933716,0.4548611111111111]}}
{"op_code":9,"worker_id":"e2ac47a8-4cf3-405b-8dad-ed852649efac-4680","trial_id":39,"system_attr":{"constraints":[-0.016273351189615485,0.12732316653289297,0.43333333333333335,0.09646464646464645,0.03324772026752019,-44.0,-8.0,0.21385671385671387,0.33333333333333337,-1369.0971395825763,0.03888888888888897,0.001058201058201036]}}
{"op_code":6,"worker_id":"e2ac47a8-4cf3-405b-8dad-ed852649efac-4680","trial_id":39,"state":1,"values":[-0.6130628560724065],"datetime_complete":"2026-07-14T11:45:14.292389"}
{"op_code":8,"worker_id":"0edd4e23-0b63-48d5-a238-de9204f23dd7-19068","trial_id":42,"user_attr":{"val_metrics":[0.07469426939686732,-0.044087245401441405,0.6,0.2847897294349968,-4.600544818995129]}}
{"op_code":8,"worker_id":"9717ca99-0495-4d9a-9bd9-5d5eb4c889a2-27064","trial_id":50,"user_attr":{"constraints":[-0.020132594209233693,0.03174625104716291,0.26666666666666666,0.16313131313131313,0.11077863238079265,-53.0,-8.0,0.02166452166452167,0.16666666666666669,-1332.1612276494477,0.009027777777777746,0.03875661375661382]}}
{"op_code":4,"worker_id":"ea448437-ee27-4269-9a48-99ad4493d430-4680","study_id":0,"datetime_start":"2026-07-14T11:45:14.300327"}
{"op_code":8,"worker_id":"9717ca99-0495-4d9a-9bd9-5d5eb4c889a2-27064","trial_id":50,"user_attr":{"pruned_reasons":["M2 (Yearly Tail IC Mean <= 0)","M3 (Hit Rate < 60%)","M5 (Monotonicity <= 0.25)","M6 (Top-Bottom Spread <= 0)","Side-specific Yearly Tail IC Mean (-0.0217 <= 0)","Side-specific Hit Rate (33.33% < 50%)","Yearly Daily Win Rate (44.10% < 45%)","Side-specific Yearly Daily Win Rate (41.12% < 45%)"]}}
{"op_code":8,"worker_id":"9717ca99-0495-4d9a-9bd9-5d5eb4c889a2-27064","trial_id":50,"user_attr":{"gini":0.43494100187763407}}
{"op_code":8,"worker_id":"9717ca99-0495-4d9a-9bd9-5d5eb4c889a2-27064","trial_id":50,"user_attr":{"cv_is_ics":[0.10191568732261658,0.09286080300807953,0.08942055702209473,0.07862240076065063,0.09817960113286972,0.10002963989973068,0.06444581598043442,0.060211315751075745,0.1013757660984993,0.11026820540428162,0.11580956727266312,0.12779302895069122,0.06264571845531464,0.12233676016330719,0.09246670454740524]}}
{"op_code":8,"worker_id":"9717ca99-0495-4d9a-9bd9-5d5eb4c889a2-27064","trial_id":50,"user_attr":{"cv_oos_ics":[-0.021306464448571205,0.03188423812389374,-0.05763921141624451,0.0226920023560524,0.033735524863004684,0.015327366068959236,0.04806288704276085,0.07992330193519592,0.013640954159200191,-0.01191320363432169,0.025562742725014687,0.021862750872969627,0.06915122270584106,0.03734644874930382,0.08241311460733414]}}
{"op_code":8,"worker_id":"9717ca99-0495-4d9a-9bd9-5d5eb4c889a2-27064","trial_id":50,"user_attr":{"reg_kappa":3.3260427057769575}}
{"op_code":8,"worker_id":"9717ca99-0495-4d9a-9bd9-5d5eb4c889a2-27064","trial_id":50,"user_attr":{"raw_metrics":[-0.20569868853116832,-0.03174625104716291,0.3333333333333333,0.020132594209233693,0.08686868686868686,-0.11077863238079265,-0.19561067146803288,-0.3211275041103363,0.44097222222222227]}}
{"op_code":8,"worker_id":"9717ca99-0495-4d9a-9bd9-5d5eb4c889a2-27064","trial_id":50,"user_attr":{"val_metrics":[0.0661932543842489,-0.03384591886835693,0.296969696969697,0.19333224338168897,-5.248106405939722]}}
{"op_code":8,"worker_id":"9717ca99-0495-4d9a-9bd9-5d5eb4c889a2-27064","trial_id":50,"user_attr":{"deflated_objective":-1.1004377172964168}}
{"op_code":9,"worker_id":"9717ca99-0495-4d9a-9bd9-5d5eb4c889a2-27064","trial_id":50,"system_attr":{"constraints":[-0.020132594209233693,0.03174625104716291,0.26666666666666666,0.16313131313131313,0.11077863238079265,-53.0,-8.0,0.02166452166452167,0.16666666666666669,-1332.1612276494477,0.009027777777777746,0.03875661375661382]}}
{"op_code":5,"worker_id":"c3b925f9-c07b-4a03-9187-5209bb5f6e63-8896","trial_id":51,"param_name":"k_weight","param_value_internal":1.060722131521251,"distribution":"{\"name\": \"FloatDistribution\", \"attributes\": {\"step\": null, \"low\": 0.0, \"high\": 1.5, \"log\": false}}"}
{"op_code":5,"worker_id":"ea448437-ee27-4269-9a48-99ad4493d430-4680","trial_id":53,"param_name":"k_weight","param_value_internal":1.0746576929618508,"distribution":"{\"name\": \"FloatDistribution\", \"attributes\": {\"step\": null, \"low\": 0.0, \"high\": 1.5, \"log\": false}}"}
{"op_code":5,"worker_id":"c3b925f9-c07b-4a03-9187-5209bb5f6e63-8896","trial_id":51,"param_name":"unified_alpha","param_value_internal":0.006553748138381761,"distribution":"{\"name\": \"FloatDistribution\", \"attributes\": {\"step\": null, \"low\": 1e-05, \"high\": 10.0, \"log\": true}}"}
{"op_code":6,"worker_id":"9717ca99-0495-4d9a-9bd9-5d5eb4c889a2-27064","trial_id":50,"state":1,"values":[-0.7126922957154086],"datetime_complete":"2026-07-14T11:45:14.319875"}
{"op_code":8,"worker_id":"8da93435-9ee6-452b-9388-2b6010131bed-16052","trial_id":48,"user_attr":{"pruned_reasons":["M2 (Yearly Tail IC Mean <= 0)","M3 (Hit Rate < 60%)","M5 (Monotonicity <= 0.25)","M6 (Top-Bottom Spread <= 0)","Side-specific Yearly Tail IC Mean (-0.2021 <= 0)","Side-specific Hit Rate (33.33% < 50%)","Yearly Daily Win Rate (39.79% < 45%)","Side-specific Yearly Daily Win Rate (41.10% < 45%)"]}}
{"op_code":5,"worker_id":"c3b925f9-c07b-4a03-9187-5209bb5f6e63-8896","trial_id":51,"param_name":"unified_rho","param_value_internal":0.7695177725186045,"distribution":"{\"name\": \"FloatDistribution\", \"attributes\": {\"step\": null, \"low\": 0.0, \"high\": 1.0, \"log\": false}}"}
{"op_code":5,"worker_id":"ea448437-ee27-4269-9a48-99ad4493d430-4680","trial_id":53,"param_name":"unified_alpha","param_value_internal":0.0005380125644192674,"distribution":"{\"name\": \"FloatDistribution\", \"attributes\": {\"step\": null, \"low\": 1e-05, \"high\": 10.0, \"log\": true}}"}
{"op_code":5,"worker_id":"c3b925f9-c07b-4a03-9187-5209bb5f6e63-8896","trial_id":51,"param_name":"unified_gamma","param_value_internal":14.35439057820041,"distribution":"{\"name\": \"FloatDistribution\", \"attributes\": {\"step\": null, \"low\": 1.5, \"high\": 10000.0, \"log\": true}}"}
{"op_code":5,"worker_id":"ea448437-ee27-4269-9a48-99ad4493d430-4680","trial_id":53,"param_name":"unified_rho","param_value_internal":0.2465165697633561,"distribution":"{\"name\": \"FloatDistribution\", \"attributes\": {\"step\": null, \"low\": 0.0, \"high\": 1.0, \"log\": false}}"}
{"op_code":4,"worker_id":"2fc6062b-a134-48d5-9643-5bb9806430b7-27064","study_id":0,"datetime_start":"2026-07-14T11:45:14.333021"}
{"op_code":5,"worker_id":"ea448437-ee27-4269-9a48-99ad4493d430-4680","trial_id":53,"param_name":"unified_gamma","param_value_internal":13.479257787541504,"distribution":"{\"name\": \"FloatDistribution\", \"attributes\": {\"step\": null, \"low\": 1.5, \"high\": 10000.0, \"log\": true}}"}
{"op_code":5,"worker_id":"2fc6062b-a134-48d5-9643-5bb9806430b7-27064","trial_id":54,"param_name":"k_weight","param_value_internal":0.018753327320832403,"distribution":"{\"name\": \"FloatDistribution\", \"attributes\": {\"step\": null, \"low\": 0.0, \"high\": 1.5, \"log\": false}}"}
{"op_code":5,"worker_id":"c3b925f9-c07b-4a03-9187-5209bb5f6e63-8896","trial_id":51,"param_name":"huber_delta","param_value_internal":3.7414911270563027,"distribution":"{\"name\": \"FloatDistribution\", \"attributes\": {\"step\": null, \"low\": 0.5, \"high\": 5.0, \"log\": false}}"}
{"op_code":5,"worker_id":"ea448437-ee27-4269-9a48-99ad4493d430-4680","trial_id":53,"param_name":"huber_delta","param_value_internal":3.5070985943439728,"distribution":"{\"name\": \"FloatDistribution\", \"attributes\": {\"step\": null, \"low\": 0.5, \"high\": 5.0, \"log\": false}}"}
{"op_code":8,"worker_id":"5eab98a1-cbd2-4caa-a9b2-e326d6160f79-31524","trial_id":52,"user_attr":{"constraints":[-0.020241102005552982,0.03407402290381014,0.26666666666666666,0.07828282828282829,0.09951586641526466,-52.0,-8.0,0.04701844701844702,0.16666666666666669,-1334.5599823274933,0.002083333333333326,0.029497354497354578]}}
{"op_code":5,"worker_id":"2fc6062b-a134-48d5-9643-5bb9806430b7-27064","trial_id":54,"param_name":"unified_alpha","param_value_internal":0.0008271567897040243,"distribution":"{\"name\": \"FloatDistribution\", \"attributes\": {\"step\": null, \"low\": 1e-05, \"high\": 10.0, \"log\": true}}"}
{"op_code":9,"worker_id":"6c4ec734-24cf-4490-8820-4afdee8ddbc3-12024","trial_id":31,"system_attr":{"constraints":[-0.01810062477578946,0.09550619087093253,0.43333333333333335,0.058080808080808066,-0.0031717769320433417,0.0,0.0,0.1047726297726298,0.16666666666666669,-1446.1746507080363,0.011111111111111127,0.020238095238095277]}}
{"op_code":5,"worker_id":"2fc6062b-a134-48d5-9643-5bb9806430b7-27064","trial_id":54,"param_name":"unified_rho","param_value_internal":0.2611389164117399,"distribution":"{\"name\": \"FloatDistribution\", \"attributes\": {\"step\": null, \"low\": 0.0, \"high\": 1.0, \"log\": false}}"}
{"op_code":8,"worker_id":"8da93435-9ee6-452b-9388-2b6010131bed-16052","trial_id":48,"user_attr":{"gini":0.3614801255981499}}
{"op_code":5,"worker_id":"2fc6062b-a134-48d5-9643-5bb9806430b7-27064","trial_id":54,"param_name":"unified_gamma","param_value_internal":4.319015430342086,"distribution":"{\"name\": \"FloatDistribution\", \"attributes\": {\"step\": null, \"low\": 1.5, \"high\": 10000.0, \"log\": true}}"}
{"op_code":8,"worker_id":"8da93435-9ee6-452b-9388-2b6010131bed-16052","trial_id":48,"user_attr":{"cv_is_ics":[0.11949223279953003,0.09763000905513763,0.09457594156265259,0.06887892633676529,0.11451062560081482,0.12073938548564911,0.09870641678571701,0.08117137849330902,0.11298573017120361,0.11971598863601685,0.11750875413417816,0.13520000874996185,0.08471322804689407,0.11704917997121811,0.09603872150182724]}}
{"op_code":8,"worker_id":"5eab98a1-cbd2-4caa-a9b2-e326d6160f79-31524","trial_id":52,"user_attr":{"pruned_reasons":["M2 (Yearly Tail IC Mean <= 0)","M3 (Hit Rate < 60%)","M5 (Monotonicity <= 0.25)","M6 (Top-Bottom Spread <= 0)","Side-specific Yearly Tail IC Mean (-0.0470 <= 0)","Side-specific Hit Rate (33.33% < 50%)","Yearly Daily Win Rate (44.79% < 45%)","Side-specific Yearly Daily Win Rate (42.05% < 45%)"]}}
{"op_code":8,"worker_id":"8da93435-9ee6-452b-9388-2b6010131bed-16052","trial_id":48,"user_attr":{"cv_oos_ics":[-0.05100775137543678,0.05262605845928192,-0.06794407218694687,-0.0016688562463968992,0.05299252271652222,0.021140316501259804,0.03223222494125366,0.06299954652786255,0.011839747428894043,0.005791026167571545,0.01995907537639141,0.008053130470216274,0.026789415627717972,0.007748539559543133,0.08458343148231506]}}
{"op_code":8,"worker_id":"8da93435-9ee6-452b-9388-2b6010131bed-16052","trial_id":48,"user_attr":{"reg_kappa":3.3681157259237113}}
{"op_code":8,"worker_id":"8da93435-9ee6-452b-9388-2b6010131bed-16052","trial_id":48,"user_attr":{"raw_metrics":[-0.7934132221780598,-0.1331492300337285,0.16666666666666666,0.002378270288101484,0.11717171717171716,-0.07866153614543792,-0.20617159868667148,-0.3309282064437866,0.3979166666666667]}}
{"op_code":5,"worker_id":"2fc6062b-a134-48d5-9643-5bb9806430b7-27064","trial_id":54,"param_name":"huber_delta","param_value_internal":2.3679208411948376,"distribution":"{\"name\": \"FloatDistribution\", \"attributes\": {\"step\": null, \"low\": 0.5, \"high\": 5.0, \"log\": false}}"}
{"op_code":8,"worker_id":"8da93435-9ee6-452b-9388-2b6010131bed-16052","trial_id":48,"user_attr":{"val_metrics":[0.06172174306889011,0.045469144764165054,0.4666666666666667,0.276627763317277,-5.5250811196546845]}}
{"op_code":8,"worker_id":"5eab98a1-cbd2-4caa-a9b2-e326d6160f79-31524","trial_id":52,"user_attr":{"gini":0.45339516683555425}}
{"op_code":6,"worker_id":"6c4ec734-24cf-4490-8820-4afdee8ddbc3-12024","trial_id":31,"state":1,"values":[0.47735058998296476],"datetime_complete":"2026-07-14T11:45:14.345575"}
{"op_code":8,"worker_id":"5eab98a1-cbd2-4caa-a9b2-e326d6160f79-31524","trial_id":52,"user_attr":{"cv_is_ics":[0.10122814774513245,0.09257079660892487,0.08865325897932053,0.07803421467542648,0.09767850488424301,0.09782955795526505,0.059686947613954544,0.05810735002160072,0.09974602609872818,0.1098717674612999,0.11441915482282639,0.12642137706279755,0.060491275042295456,0.12148433923721313,0.09179415553808212]}}
{"op_code":8,"worker_id":"0edd4e23-0b63-48d5-a238-de9204f23dd7-19068","trial_id":42,"user_attr":{"deflated_objective":-0.8096657076826423}}
{"op_code":8,"worker_id":"8da93435-9ee6-452b-9388-2b6010131bed-16052","trial_id":48,"user_attr":{"deflated_objective":-1.1617321041452118}}
{"op_code":9,"worker_id":"8da93435-9ee6-452b-9388-2b6010131bed-16052","trial_id":48,"system_attr":{"constraints":[-0.002378270288101484,0.1331492300337285,0.43333333333333335,0.13282828282828285,0.07866153614543792,-50.0,-8.0,0.2020806520806521,0.16666666666666669,-1344.8916193814982,0.052083333333333315,0.03902116402116401]}}
{"op_code":6,"worker_id":"8da93435-9ee6-452b-9388-2b6010131bed-16052","trial_id":48,"state":1,"values":[-0.7752336099039697],"datetime_complete":"2026-07-14T11:45:14.372013"}
{"op_code":4,"worker_id":"6e901615-2d5e-485d-8bcc-da07c58b439f-12024","study_id":0,"datetime_start":"2026-07-14T11:45:14.374178"}
{"op_code":8,"worker_id":"5eab98a1-cbd2-4caa-a9b2-e326d6160f79-31524","trial_id":52,"user_attr":{"cv_oos_ics":[-0.023260202258825302,0.03387214243412018,-0.05719231069087982,0.024842921644449234,0.03378859907388687,0.014765433967113495,0.049491140991449356,0.08076015114784241,0.01336599513888359,-0.014156094752252102,0.027353323996067047,0.023106981068849564,0.068484365940094,0.03833279758691788,0.08283966779708862]}}
{"op_code":5,"worker_id":"6e901615-2d5e-485d-8bcc-da07c58b439f-12024","trial_id":55,"param_name":"k_weight","param_value_internal":0.7207833050273749,"distribution":"{\"name\": \"FloatDistribution\", \"attributes\": {\"step\": null, \"low\": 0.0, \"high\": 1.5, \"log\": false}}"}
{"op_code":8,"worker_id":"5eab98a1-cbd2-4caa-a9b2-e326d6160f79-31524","trial_id":52,"user_attr":{"reg_kappa":3.3316917142546916}}
{"op_code":5,"worker_id":"6e901615-2d5e-485d-8bcc-da07c58b439f-12024","trial_id":55,"param_name":"unified_alpha","param_value_internal":0.0021468058170274833,"distribution":"{\"name\": \"FloatDistribution\", \"attributes\": {\"step\": null, \"low\": 1e-05, \"high\": 10.0, \"log\": true}}"}
{"op_code":8,"worker_id":"a7fb6630-ac4f-444c-bdf3-3b2eb6de42b9-3216","trial_id":47,"user_attr":{"reg_kappa":3.3452431216861034}}
{"op_code":5,"worker_id":"6e901615-2d5e-485d-8bcc-da07c58b439f-12024","trial_id":55,"param_name":"unified_rho","param_value_internal":0.25885449562782953,"distribution":"{\"name\": \"FloatDistribution\", \"attributes\": {\"step\": null, \"low\": 0.0, \"high\": 1.0, \"log\": false}}"}
{"op_code":8,"worker_id":"5eab98a1-cbd2-4caa-a9b2-e326d6160f79-31524","trial_id":52,"user_attr":{"raw_metrics":[-0.21891479189654167,-0.03407402290381014,0.3333333333333333,0.020241102005552982,0.1717171717171717,-0.09951586641526466,-0.1975815756145493,-0.3259354531764984,0.4479166666666667]}}
{"op_code":9,"worker_id":"0edd4e23-0b63-48d5-a238-de9204f23dd7-19068","trial_id":42,"system_attr":{"constraints":[-0.02134144337060466,0.05430641631249533,0.26666666666666666,0.10050505050505051,0.08545597898980807,-44.0,-8.0,0.12593307593307593,0.16666666666666669,-1367.3506889944179,-0.004861111111111094,0.005687830687830631]}}
{"op_code":8,"worker_id":"c3b925f9-c07b-4a03-9187-5209bb5f6e63-8896","trial_id":51,"user_attr":{"constraints":[-0.021162261880533023,0.030093707373342642,0.26666666666666666,0.13484848484848483,0.1015621526306495,-53.0,-8.0,0.014328614328614339,0.16666666666666669,-1331.5408360896313,0.002083333333333326,0.03412698412698423]}}
{"op_code":8,"worker_id":"a7fb6630-ac4f-444c-bdf3-3b2eb6de42b9-3216","trial_id":47,"user_attr":{"raw_metrics":[-0.18208759263182353,-0.02933996938556208,0.3333333333333333,0.021134254998276755,0.15555555555555556,-0.0921097403531894,-0.20184182848083326,-0.335751473903656,0.4479166666666667]}}
{"op_code":8,"worker_id":"ea448437-ee27-4269-9a48-99ad4493d430-4680","trial_id":53,"user_attr":{"constraints":[-0.018439086193593537,0.04437986026131923,0.26666666666666666,0.12474747474747475,0.16744527153826005,-52.0,-8.0,-0.008193908193908214,0.16666666666666669,-1334.7230159399544,0.018749999999999933,0.03875661375661382]}}
{"op_code":6,"worker_id":"0edd4e23-0b63-48d5-a238-de9204f23dd7-19068","trial_id":42,"state":1,"values":[-0.42661105977512115],"datetime_complete":"2026-07-14T11:45:14.388132"}
{"op_code":8,"worker_id":"a7fb6630-ac4f-444c-bdf3-3b2eb6de42b9-3216","trial_id":47,"user_attr":{"val_metrics":[0.07240479379808964,-0.07875391367690955,0.5757575757575758,0.20688418159261346,-5.4065625098038606]}}
{"op_code":5,"worker_id":"6e901615-2d5e-485d-8bcc-da07c58b439f-12024","trial_id":55,"param_name":"unified_gamma","param_value_internal":4.116404359297964,"distribution":"{\"name\": \"FloatDistribution\", \"attributes\": {\"step\": null, \"low\": 1.5, \"high\": 10000.0, \"log\": true}}"}
{"op_code":5,"worker_id":"6e901615-2d5e-485d-8bcc-da07c58b439f-12024","trial_id":55,"param_name":"huber_delta","param_value_internal":2.3051898927383494,"distribution":"{\"name\": \"FloatDistribution\", \"attributes\": {\"step\": null, \"low\": 0.5, \"high\": 5.0, \"log\": false}}"}
{"op_code":8,"worker_id":"2fc6062b-a134-48d5-9643-5bb9806430b7-27064","trial_id":54,"user_attr":{"constraints":[-0.01248114484139741,0.1040341539581661,0.26666666666666666,0.2904040404040404,0.12619285765259217,-116.0,-8.0,0.1635027885027885,0.16666666666666669,-1182.5566979331913,0.025694444444444464,0.014947089947090042]}}
{"op_code":8,"worker_id":"a7fb6630-ac4f-444c-bdf3-3b2eb6de42b9-3216","trial_id":47,"user_attr":{"deflated_objective":-1.1536488461571162}}
{"op_code":9,"worker_id":"a7fb6630-ac4f-444c-bdf3-3b2eb6de42b9-3216","trial_id":47,"system_attr":{"constraints":[-0.021134254998276755,0.02933996938556208,0.26666666666666666,0.09444444444444444,0.0921097403531894,-51.0,-8.0,0.035392535392535396,0.16666666666666669,-1339.7101005062436,0.002083333333333326,0.029497354497354578]}}
{"op_code":4,"worker_id":"8804c0e8-45e4-4921-a5c7-fed1d7827408-19068","study_id":0,"datetime_start":"2026-07-14T11:45:14.403531"}
{"op_code":6,"worker_id":"a7fb6630-ac4f-444c-bdf3-3b2eb6de42b9-3216","trial_id":47,"state":1,"values":[-0.7655379933590286],"datetime_complete":"2026-07-14T11:45:14.403779"}
{"op_code":5,"worker_id":"8804c0e8-45e4-4921-a5c7-fed1d7827408-19068","trial_id":56,"param_name":"k_weight","param_value_internal":0.03229033952020477,"distribution":"{\"name\": \"FloatDistribution\", \"attributes\": {\"step\": null, \"low\": 0.0, \"high\": 1.5, \"log\": false}}"}
{"op_code":8,"worker_id":"c3b925f9-c07b-4a03-9187-5209bb5f6e63-8896","trial_id":51,"user_attr":{"pruned_reasons":["M2 (Yearly Tail IC Mean <= 0)","M3 (Hit Rate < 60%)","M5 (Monotonicity <= 0.25)","M6 (Top-Bottom Spread <= 0)","Side-specific Yearly Tail IC Mean (-0.0143 <= 0)","Side-specific Hit Rate (33.33% < 50%)","Yearly Daily Win Rate (44.79% < 45%)","Side-specific Yearly Daily Win Rate (41.59% < 45%)"]}}
{"op_code":5,"worker_id":"8804c0e8-45e4-4921-a5c7-fed1d7827408-19068","trial_id":56,"param_name":"unified_alpha","param_value_internal":0.0021005343605515195,"distribution":"{\"name\": \"FloatDistribution\", \"attributes\": {\"step\": null, \"low\": 1e-05, \"high\": 10.0, \"log\": true}}"}
{"op_code":8,"worker_id":"ea448437-ee27-4269-9a48-99ad4493d430-4680","trial_id":53,"user_attr":{"pruned_reasons":["M2 (Yearly Tail IC Mean <= 0)","M3 (Hit Rate < 60%)","M5 (Monotonicity <= 0.25)","M6 (Top-Bottom Spread <= 0)","Side-specific Hit Rate (33.33% < 50%)","Yearly Daily Win Rate (43.13% < 45%)","Side-specific Yearly Daily Win Rate (41.12% < 45%)"]}}
{"op_code":8,"worker_id":"ea448437-ee27-4269-9a48-99ad4493d430-4680","trial_id":53,"user_attr":{"gini":0.3700278690248695}}
{"op_code":8,"worker_id":"cdd3f0fe-46ab-48b3-ade0-a19bc1b3f04c-11668","trial_id":26,"user_attr":{"val_metrics":[0.0,0.0,0.0,0.0,-4.251134814946425]}}
{"op_code":5,"worker_id":"8804c0e8-45e4-4921-a5c7-fed1d7827408-19068","trial_id":56,"param_name":"unified_rho","param_value_internal":0.2287189156416927,"distribution":"{\"name\": \"FloatDistribution\", \"attributes\": {\"step\": null, \"low\": 0.0, \"high\": 1.0, \"log\": false}}"}
{"op_code":8,"worker_id":"2fc6062b-a134-48d5-9643-5bb9806430b7-27064","trial_id":54,"user_attr":{"pruned_reasons":["M2 (Yearly Tail IC Mean <= 0)","M3 (Hit Rate < 60%)","M5 (Monotonicity <= 0.25)","M6 (Top-Bottom Spread <= 0)","Side-specific Yearly Tail IC Mean (-0.1635 <= 0)","Side-specific Hit Rate (33.33% < 50%)","Yearly Daily Win Rate (42.43% < 45%)","Side-specific Yearly Daily Win Rate (43.51% < 45%)"]}}
{"op_code":5,"worker_id":"8804c0e8-45e4-4921-a5c7-fed1d7827408-19068","trial_id":56,"param_name":"unified_gamma","param_value_internal":13.183165260250826,"distribution":"{\"name\": \"FloatDistribution\", \"attributes\": {\"step\": null, \"low\": 1.5, \"high\": 10000.0, \"log\": true}}"}
{"op_code":8,"worker_id":"cdd3f0fe-46ab-48b3-ade0-a19bc1b3f04c-11668","trial_id":26,"user_attr":{"deflated_objective":-0.7175791847001569}}
{"op_code":9,"worker_id":"cdd3f0fe-46ab-48b3-ade0-a19bc1b3f04c-11668","trial_id":26,"system_attr":{"constraints":[0.09766897510131832,0.14502526349030906,0.43333333333333335,0.544949494949495,0.21822739280139403,-126.0,5.0,-0.05127627627627627,0.0,-1192.7640152385827,0.08958333333333335,0.09682539682539681]}}
{"op_code":8,"worker_id":"2fc6062b-a134-48d5-9643-5bb9806430b7-27064","trial_id":54,"user_attr":{"gini":0.3334581228344988}}
{"op_code":8,"worker_id":"2fc6062b-a134-48d5-9643-5bb9806430b7-27064","trial_id":54,"user_attr":{"cv_is_ics":[0.1148761585354805,0.09955247491598129,0.11451331526041031,0.08041299879550934,0.11083021014928818,0.11714915186166763,0.10963011533021927,0.08227134495973587,0.11087159067392349,0.12624381482601166,0.1264980435371399,0.13415761291980743,0.09756752103567123,0.1260593980550766,0.09872999787330627]}}
{"op_code":8,"worker_id":"2fc6062b-a134-48d5-9643-5bb9806430b7-27064","trial_id":54,"user_attr":{"cv_oos_ics":[-0.050289496779441833,0.018767016008496284,-0.05331872031092644,0.0007928561535663903,0.04210483282804489,0.023452255874872208,0.04507995769381523,0.057607296854257584,0.011619695462286472,-0.0021988986991345882,0.006077187601476908,0.0007442800560966134,0.019362274557352066,0.0341869592666626,0.07451412081718445]}}
{"op_code":8,"worker_id":"2fc6062b-a134-48d5-9643-5bb9806430b7-27064","trial_id":54,"user_attr":{"reg_kappa":2.9609946327265737}}
{"op_code":8,"worker_id":"2fc6062b-a134-48d5-9643-5bb9806430b7-27064","trial_id":54,"user_attr":{"raw_metrics":[-0.6053287053262905,-0.1040341539581661,0.3333333333333333,0.01248114484139741,-0.04040404040404041,-0.12619285765259217,-0.10042450987580133,-0.1231875941157341,0.42430555555555555]}}
{"op_code":8,"worker_id":"2fc6062b-a134-48d5-9643-5bb9806430b7-27064","trial_id":54,"user_attr":{"val_metrics":[0.0811449879558054,-0.012933954933744635,0.45454545454545453,0.1540827057696879,-2.196425636484615]}}
{"op_code":6,"worker_id":"cdd3f0fe-46ab-48b3-ade0-a19bc1b3f04c-11668","trial_id":26,"state":1,"values":[-0.33668158694374295],"datetime_complete":"2026-07-14T11:45:14.425381"}
{"op_code":8,"worker_id":"2fc6062b-a134-48d5-9643-5bb9806430b7-27064","trial_id":54,"user_attr":{"deflated_objective":0.1354954171147169}}
{"op_code":9,"worker_id":"2fc6062b-a134-48d5-9643-5bb9806430b7-27064","trial_id":54,"system_attr":{"constraints":[-0.01248114484139741,0.1040341539581661,0.26666666666666666,0.2904040404040404,0.12619285765259217,-116.0,-8.0,0.1635027885027885,0.16666666666666669,-1182.5566979331913,0.025694444444444464,0.014947089947090042]}}
{"op_code":6,"worker_id":"2fc6062b-a134-48d5-9643-5bb9806430b7-27064","trial_id":54,"state":1,"values":[0.5335975466305816],"datetime_complete":"2026-07-14T11:45:14.438632"}
{"op_code":8,"worker_id":"6e901615-2d5e-485d-8bcc-da07c58b439f-12024","trial_id":55,"user_attr":{"constraints":[-0.020979662054497476,0.10967216673903606,0.43333333333333335,0.21767676767676766,0.12978539353960916,-77.0,-8.0,0.05195195195195196,0.16666666666666669,-1264.5145914195843,0.03888888888888886,0.04338624338624342]}}
{"op_code":4,"worker_id":"73b75c2f-471a-4865-9f88-dc7635111258-11668","study_id":0,"datetime_start":"2026-07-14T11:45:14.441406"}
{"op_code":8,"worker_id":"6e901615-2d5e-485d-8bcc-da07c58b439f-12024","trial_id":55,"user_attr":{"pruned_reasons":["M2 (Yearly Tail IC Mean <= 0)","M3 (Hit Rate < 60%)","M5 (Monotonicity <= 0.25)","M6 (Top-Bottom Spread <= 0)","Side-specific Yearly Tail IC Mean (-0.0520 <= 0)","Side-specific Hit Rate (33.33% < 50%)","Yearly Daily Win Rate (41.11% < 45%)","Side-specific Yearly Daily Win Rate (40.66% < 45%)"]}}
{"op_code":8,"worker_id":"6e901615-2d5e-485d-8bcc-da07c58b439f-12024","trial_id":55,"user_attr":{"gini":0.3666832401467024}}
{"op_code":8,"worker_id":"6e901615-2d5e-485d-8bcc-da07c58b439f-12024","trial_id":55,"user_attr":{"cv_is_ics":[0.10997260361909866,0.09490504860877991,0.09718085825443268,0.07188829034566879,0.10076644271612167,0.11479481309652328,0.09480085968971252,0.07330718636512756,0.10720302164554596,0.11941536515951157,0.12194550037384033,0.1331154853105545,0.08583241701126099,0.11919941753149033,0.09703294187784195]}}
{"op_code":8,"worker_id":"6e901615-2d5e-485d-8bcc-da07c58b439f-12024","trial_id":55,"user_attr":{"cv_oos_ics":[-0.03292311355471611,0.03713810071349144,-0.06383257359266281,0.0027110015507787466,0.03344419598579407,0.018073391169309616,0.03529146686196327,0.06997180730104446,0.01744619943201542,-0.005089998245239258,0.015339610166847706,0.010046016424894333,0.044407378882169724,0.019157931208610535,0.07861422747373581]}}
{"op_code":8,"worker_id":"6e901615-2d5e-485d-8bcc-da07c58b439f-12024","trial_id":55,"user_attr":{"reg_kappa":3.161285197847239}}
{"op_code":8,"worker_id":"6e901615-2d5e-485d-8bcc-da07c58b439f-12024","trial_id":55,"user_attr":{"raw_metrics":[-0.8614246978210925,-0.10967216673903606,0.16666666666666666,0.020979662054497476,0.03232323232323233,-0.12978539353960916,-0.14420482186904254,-0.23853331804275513,0.41111111111111115]}}
{"op_code":8,"worker_id":"6e901615-2d5e-485d-8bcc-da07c58b439f-12024","trial_id":55,"user_attr":{"val_metrics":[0.07368605712890418,0.038572767382740375,0.4666666666666667,0.2571418300457299,-4.694357983746713]}}
{"op_code":5,"worker_id":"8804c0e8-45e4-4921-a5c7-fed1d7827408-19068","trial_id":56,"param_name":"huber_delta","param_value_internal":2.170468895324729,"distribution":"{\"name\": \"FloatDistribution\", \"attributes\": {\"step\": null, \"low\": 0.5, \"high\": 5.0, \"log\": false}}"}
{"op_code":4,"worker_id":"72f1e632-304c-4122-8413-fc4e4c356294-27064","study_id":0,"datetime_start":"2026-07-14T11:45:14.448936"}
{"op_code":8,"worker_id":"6e901615-2d5e-485d-8bcc-da07c58b439f-12024","trial_id":55,"user_attr":{"deflated_objective":-0.8890452470343918}}
{"op_code":9,"worker_id":"6e901615-2d5e-485d-8bcc-da07c58b439f-12024","trial_id":55,"system_attr":{"constraints":[-0.020979662054497476,0.10967216673903606,0.43333333333333335,0.21767676767676766,0.12978539353960916,-77.0,-8.0,0.05195195195195196,0.16666666666666669,-1264.5145914195843,0.03888888888888886,0.04338624338624342]}}
{"op_code":5,"worker_id":"73b75c2f-471a-4865-9f88-dc7635111258-11668","trial_id":57,"param_name":"k_weight","param_value_internal":0.9594954666927782,"distribution":"{\"name\": \"FloatDistribution\", \"attributes\": {\"step\": null, \"low\": 0.0, \"high\": 1.5, \"log\": false}}"}
{"op_code":6,"worker_id":"6e901615-2d5e-485d-8bcc-da07c58b439f-12024","trial_id":55,"state":1,"values":[-0.4445064751204221],"datetime_complete":"2026-07-14T11:45:14.462952"}
{"op_code":5,"worker_id":"73b75c2f-471a-4865-9f88-dc7635111258-11668","trial_id":57,"param_name":"unified_alpha","param_value_internal":4.643365764739545e-05,"distribution":"{\"name\": \"FloatDistribution\", \"attributes\": {\"step\": null, \"low\": 1e-05, \"high\": 10.0, \"log\": true}}"}
{"op_code":5,"worker_id":"73b75c2f-471a-4865-9f88-dc7635111258-11668","trial_id":57,"param_name":"unified_rho","param_value_internal":0.7542452366071708,"distribution":"{\"name\": \"FloatDistribution\", \"attributes\": {\"step\": null, \"low\": 0.0, \"high\": 1.0, \"log\": false}}"}
{"op_code":5,"worker_id":"73b75c2f-471a-4865-9f88-dc7635111258-11668","trial_id":57,"param_name":"unified_gamma","param_value_internal":14.493289417325247,"distribution":"{\"name\": \"FloatDistribution\", \"attributes\": {\"step\": null, \"low\": 1.5, \"high\": 10000.0, \"log\": true}}"}
{"op_code":4,"worker_id":"50d0f722-de52-4ef2-a181-abb5c71e685a-12024","study_id":0,"datetime_start":"2026-07-14T11:45:14.472815"}
{"op_code":5,"worker_id":"73b75c2f-471a-4865-9f88-dc7635111258-11668","trial_id":57,"param_name":"huber_delta","param_value_internal":4.016857430514037,"distribution":"{\"name\": \"FloatDistribution\", \"attributes\": {\"step\": null, \"low\": 0.5, \"high\": 5.0, \"log\": false}}"}
{"op_code":5,"worker_id":"50d0f722-de52-4ef2-a181-abb5c71e685a-12024","trial_id":59,"param_name":"k_weight","param_value_internal":1.318437932271298,"distribution":"{\"name\": \"FloatDistribution\", \"attributes\": {\"step\": null, \"low\": 0.0, \"high\": 1.5, \"log\": false}}"}
{"op_code":8,"worker_id":"c3b925f9-c07b-4a03-9187-5209bb5f6e63-8896","trial_id":51,"user_attr":{"gini":0.4114319551703052}}
{"op_code":5,"worker_id":"72f1e632-304c-4122-8413-fc4e4c356294-27064","trial_id":58,"param_name":"k_weight","param_value_internal":0.9050091043304362,"distribution":"{\"name\": \"FloatDistribution\", \"attributes\": {\"step\": null, \"low\": 0.0, \"high\": 1.5, \"log\": false}}"}
{"op_code":5,"worker_id":"50d0f722-de52-4ef2-a181-abb5c71e685a-12024","trial_id":59,"param_name":"unified_alpha","param_value_internal":0.022228012562067183,"distribution":"{\"name\": \"FloatDistribution\", \"attributes\": {\"step\": null, \"low\": 1e-05, \"high\": 10.0, \"log\": true}}"}
{"op_code":8,"worker_id":"ea448437-ee27-4269-9a48-99ad4493d430-4680","trial_id":53,"user_attr":{"cv_is_ics":[0.10081630945205688,0.09285445511341095,0.0899096131324768,0.07867716252803802,0.1003492996096611,0.10361482203006744,0.06550337374210358,0.061468455940485,0.10108406096696854,0.11053240299224854,0.11493776738643646,0.12848490476608276,0.06528346240520477,0.11956172436475754,0.09267785400152206]}}
{"op_code":5,"worker_id":"50d0f722-de52-4ef2-a181-abb5c71e685a-12024","trial_id":59,"param_name":"unified_rho","param_value_internal":0.760632423841968,"distribution":"{\"name\": \"FloatDistribution\", \"attributes\": {\"step\": null, \"low\": 0.0, \"high\": 1.0, \"log\": false}}"}
{"op_code":8,"worker_id":"ea448437-ee27-4269-9a48-99ad4493d430-4680","trial_id":53,"user_attr":{"cv_oos_ics":[-0.022456953302025795,0.029981324449181557,-0.058731041848659515,0.0212416835129261,0.0339534617960453,0.017119942232966423,0.043583936989307404,0.08446617424488068,0.013585764914751053,-0.009498615749180317,0.026529574766755104,0.020620213821530342,0.06653774529695511,0.03130948543548584,0.08083577454090118]}}
{"op_code":5,"worker_id":"50d0f722-de52-4ef2-a181-abb5c71e685a-12024","trial_id":59,"param_name":"unified_gamma","param_value_internal":16.892110836824674,"distribution":"{\"name\": \"FloatDistribution\", \"attributes\": {\"step\": null, \"low\": 1.5, \"high\": 10000.0, \"log\": true}}"}
{"op_code":8,"worker_id":"c3b925f9-c07b-4a03-9187-5209bb5f6e63-8896","trial_id":51,"user_attr":{"cv_is_ics":[0.09986969828605652,0.09342227876186371,0.08968274295330048,0.07872030138969421,0.09842684119939804,0.09886445105075836,0.06025092303752899,0.05880415439605713,0.09873346984386444,0.10906308144330978,0.11390867084264755,0.1262311041355133,0.06023983284831047,0.1205594465136528,0.0914623811841011]}}
{"op_code":5,"worker_id":"50d0f722-de52-4ef2-a181-abb5c71e685a-12024","trial_id":59,"param_name":"huber_delta","param_value_internal":4.009558938480157,"distribution":"{\"name\": \"FloatDistribution\", \"attributes\": {\"step\": null, \"low\": 0.5, \"high\": 5.0, \"log\": false}}"}
{"op_code":8,"worker_id":"c3b925f9-c07b-4a03-9187-5209bb5f6e63-8896","trial_id":51,"user_attr":{"cv_oos_ics":[-0.02407156676054001,0.034315481781959534,-0.05778827145695686,0.023669511079788208,0.03618573769927025,0.015802595764398575,0.04798373207449913,0.08166904002428055,0.013828824274241924,-0.012542620301246643,0.02830449491739273,0.022465458139777184,0.06847909837961197,0.035609178245067596,0.08336827158927917]}}
{"op_code":8,"worker_id":"c3b925f9-c07b-4a03-9187-5209bb5f6e63-8896","trial_id":51,"user_attr":{"reg_kappa":3.329120880583658}}
{"op_code":5,"worker_id":"72f1e632-304c-4122-8413-fc4e4c356294-27064","trial_id":58,"param_name":"unified_alpha","param_value_internal":3.80011034504188e-05,"distribution":"{\"name\": \"FloatDistribution\", \"attributes\": {\"step\": null, \"low\": 1e-05, \"high\": 10.0, \"log\": true}}"}
{"op_code":8,"worker_id":"c3b925f9-c07b-4a03-9187-5209bb5f6e63-8896","trial_id":51,"user_attr":{"raw_metrics":[-0.1905737803138791,-0.030093707373342642,0.3333333333333333,0.021162261880533023,0.11515151515151517,-0.1015621526306495,-0.19510597663884585,-0.32766491174697876,0.4479166666666667]}}
{"op_code":5,"worker_id":"72f1e632-304c-4122-8413-fc4e4c356294-27064","trial_id":58,"param_name":"unified_rho","param_value_internal":0.7172167617323989,"distribution":"{\"name\": \"FloatDistribution\", \"attributes\": {\"step\": null, \"low\": 0.0, \"high\": 1.0, \"log\": false}}"}
{"op_code":8,"worker_id":"8804c0e8-45e4-4921-a5c7-fed1d7827408-19068","trial_id":56,"user_attr":{"constraints":[-0.013759358118168198,0.1068927442027746,0.26666666666666666,0.2641414141414141,0.12634511654627406,-116.0,-8.0,0.16951951951951952,0.0,-1183.3551557173773,0.025694444444444464,0.010317460317460392]}}
{"op_code":5,"worker_id":"72f1e632-304c-4122-8413-fc4e4c356294-27064","trial_id":58,"param_name":"unified_gamma","param_value_internal":14.984847095715738,"distribution":"{\"name\": \"FloatDistribution\", \"attributes\": {\"step\": null, \"low\": 1.5, \"high\": 10000.0, \"log\": true}}"}
{"op_code":8,"worker_id":"c3b925f9-c07b-4a03-9187-5209bb5f6e63-8896","trial_id":51,"user_attr":{"val_metrics":[0.0713509856629953,-0.06440148884549701,0.6242424242424243,0.19464160362258554,-5.048071306191141]}}
{"op_code":5,"worker_id":"72f1e632-304c-4122-8413-fc4e4c356294-27064","trial_id":58,"param_name":"huber_delta","param_value_internal":3.795198605323999,"distribution":"{\"name\": \"FloatDistribution\", \"attributes\": {\"step\": null, \"low\": 0.5, \"high\": 5.0, \"log\": false}}"}
{"op_code":8,"worker_id":"c3b925f9-c07b-4a03-9187-5209bb5f6e63-8896","trial_id":51,"user_attr":{"deflated_objective":-1.0493071408383086}}
{"op_code":8,"worker_id":"8804c0e8-45e4-4921-a5c7-fed1d7827408-19068","trial_id":56,"user_attr":{"pruned_reasons":["M2 (Yearly Tail IC Mean <= 0)","M3 (Hit Rate < 60%)","M5 (Monotonicity <= 0.25)","M6 (Top-Bottom Spread <= 0)","Side-specific Yearly Tail IC Mean (-0.1695 <= 0)","Yearly Daily Win Rate (42.43% < 45%)","Side-specific Yearly Daily Win Rate (43.97% < 45%)"]}}
{"op_code":4,"worker_id":"5d8d3205-561f-47c9-8bf8-785456a45d46-16052","study_id":0,"datetime_start":"2026-07-14T11:45:14.381876"}
{"op_code":8,"worker_id":"8804c0e8-45e4-4921-a5c7-fed1d7827408-19068","trial_id":56,"user_attr":{"gini":0.33280694213867656}}
{"op_code":9,"worker_id":"c3b925f9-c07b-4a03-9187-5209bb5f6e63-8896","trial_id":51,"system_attr":{"constraints":[-0.021162261880533023,0.030093707373342642,0.26666666666666666,0.13484848484848483,0.1015621526306495,-53.0,-8.0,0.014328614328614339,0.16666666666666669,-1331.5408360896313,0.002083333333333326,0.03412698412698423]}}
{"op_code":8,"worker_id":"73b75c2f-471a-4865-9f88-dc7635111258-11668","trial_id":57,"user_attr":{"constraints":[-0.029676489731597838,0.030129892059983242,0.26666666666666666,0.03383838383838386,0.09770197962048566,-60.0,-8.0,0.02166452166452167,0.16666666666666669,-1309.5150415261057,0.005555555555555591,0.029497354497354522]}}
{"op_code":5,"worker_id":"5d8d3205-561f-47c9-8bf8-785456a45d46-16052","trial_id":60,"param_name":"k_weight","param_value_internal":1.3450595981364926,"distribution":"{\"name\": \"FloatDistribution\", \"attributes\": {\"step\": null, \"low\": 0.0, \"high\": 1.5, \"log\": false}}"}
{"op_code":8,"worker_id":"73b75c2f-471a-4865-9f88-dc7635111258-11668","trial_id":57,"user_attr":{"pruned_reasons":["M2 (Yearly Tail IC Mean <= 0)","M3 (Hit Rate < 60%)","M5 (Monotonicity <= 0.25)","M6 (Top-Bottom Spread <= 0)","Side-specific Yearly Tail IC Mean (-0.0217 <= 0)","Side-specific Hit Rate (33.33% < 50%)","Yearly Daily Win Rate (44.44% < 45%)","Side-specific Yearly Daily Win Rate (42.05% < 45%)"]}}
{"op_code":5,"worker_id":"5d8d3205-561f-47c9-8bf8-785456a45d46-16052","trial_id":60,"param_name":"unified_alpha","param_value_internal":4.399729724334485e-05,"distribution":"{\"name\": \"FloatDistribution\", \"attributes\": {\"step\": null, \"low\": 1e-05, \"high\": 10.0, \"log\": true}}"}
{"op_code":8,"worker_id":"73b75c2f-471a-4865-9f88-dc7635111258-11668","trial_id":57,"user_attr":{"gini":0.3705405545190128}}
{"op_code":8,"worker_id":"73b75c2f-471a-4865-9f88-dc7635111258-11668","trial_id":57,"user_attr":{"cv_is_ics":[0.10181108862161636,0.09314562380313873,0.09093029797077179,0.07875096797943115,0.10087672621011734,0.10117508471012115,0.061368003487586975,0.060201674699783325,0.09922543168067932,0.10827743262052536,0.11174000054597855,0.1260908842086792,0.06273405998945236,0.11571336537599564,0.0918809249997139]}}
{"op_code":8,"worker_id":"73b75c2f-471a-4865-9f88-dc7635111258-11668","trial_id":57,"user_attr":{"cv_oos_ics":[-0.02451205812394619,0.03207714855670929,-0.05801905319094658,0.023687023669481277,0.03572050854563713,0.019168497994542122,0.04857342690229416,0.08301500231027603,0.016691897064447403,-0.01304219476878643,0.028240572661161423,0.023157937452197075,0.06395857781171799,0.030899588018655777,0.08272519707679749]}}
{"op_code":5,"worker_id":"5d8d3205-561f-47c9-8bf8-785456a45d46-16052","trial_id":60,"param_name":"unified_rho","param_value_internal":0.7049010699798065,"distribution":"{\"name\": \"FloatDistribution\", \"attributes\": {\"step\": null, \"low\": 0.0, \"high\": 1.0, \"log\": false}}"}
{"op_code":8,"worker_id":"50d0f722-de52-4ef2-a181-abb5c71e685a-12024","trial_id":59,"user_attr":{"constraints":[-0.022593178944855633,0.046840747904577686,0.26666666666666666,0.05000000000000002,0.11787730982268435,-41.0,-5.0,0.017535392535392547,0.0,-1397.8195473490978,0.015972222222222165,0.04338624338624342]}}
{"op_code":5,"worker_id":"5d8d3205-561f-47c9-8bf8-785456a45d46-16052","trial_id":60,"param_name":"unified_gamma","param_value_internal":17.36422559987435,"distribution":"{\"name\": \"FloatDistribution\", \"attributes\": {\"step\": null, \"low\": 1.5, \"high\": 10000.0, \"log\": true}}"}
{"op_code":8,"worker_id":"73b75c2f-471a-4865-9f88-dc7635111258-11668","trial_id":57,"user_attr":{"reg_kappa":3.281932656023088}}
{"op_code":8,"worker_id":"8804c0e8-45e4-4921-a5c7-fed1d7827408-19068","trial_id":56,"user_attr":{"cv_is_ics":[0.11557185649871826,0.09925568848848343,0.11485999822616577,0.0797775611281395,0.1113409772515297,0.11796660721302032,0.11061247438192368,0.08308777958154678,0.11120151728391647,0.12778858840465546,0.12688006460666656,0.13371598720550537,0.09763254225254059,0.12671008706092834,0.09898450970649719]}}
{"op_code":8,"worker_id":"73b75c2f-471a-4865-9f88-dc7635111258-11668","trial_id":57,"user_attr":{"raw_metrics":[-0.1942808714238078,-0.030129892059983242,0.3333333333333333,0.029676489731597838,0.21616161616161614,-0.09770197962048566,-0.17744817646925892,-0.31346961855888367,0.4444444444444444]}}
{"op_code":5,"worker_id":"5d8d3205-561f-47c9-8bf8-785456a45d46-16052","trial_id":60,"param_name":"huber_delta","param_value_internal":3.9696325860021626,"distribution":"{\"name\": \"FloatDistribution\", \"attributes\": {\"step\": null, \"low\": 0.5, \"high\": 5.0, \"log\": false}}"}
{"op_code":8,"worker_id":"73b75c2f-471a-4865-9f88-dc7635111258-11668","trial_id":57,"user_attr":{"val_metrics":[0.08235935893306172,-0.057534515309005926,0.7696969696969697,0.2335217876173556,-4.999884100271044]}}
{"op_code":8,"worker_id":"8804c0e8-45e4-4921-a5c7-fed1d7827408-19068","trial_id":56,"user_attr":{"cv_oos_ics":[-0.04961879551410675,0.01706014573574066,-0.054408274590969086,-0.0036089264322072268,0.042758069932460785,0.021822266280651093,0.04228096827864647,0.0571490079164505,0.0103236623108387,0.000639809004496783,0.004987918306142092,-9.457000851398334e-05,0.017264172434806824,0.03688940405845642,0.07221028208732605]}}
{"op_code":8,"worker_id":"8804c0e8-45e4-4921-a5c7-fed1d7827408-19068","trial_id":56,"user_attr":{"reg_kappa":2.958378065581577}}
{"op_code":8,"worker_id":"8804c0e8-45e4-4921-a5c7-fed1d7827408-19068","trial_id":56,"user_attr":{"raw_metrics":[-0.6330086532191364,-0.1068927442027746,0.3333333333333333,0.013759358118168198,-0.014141414141414142,-0.12634511654627406,-0.10049886822463851,-0.12272002547979355,0.42430555555555555]}}
{"op_code":8,"worker_id":"8804c0e8-45e4-4921-a5c7-fed1d7827408-19068","trial_id":56,"user_attr":{"val_metrics":[0.07794011909571844,0.004970121165022823,0.4666666666666667,0.23111466850464543,-2.2675829456810854]}}
{"op_code":8,"worker_id":"73b75c2f-471a-4865-9f88-dc7635111258-11668","trial_id":57,"user_attr":{"deflated_objective":-1.0110602298324622}}
{"op_code":9,"worker_id":"73b75c2f-471a-4865-9f88-dc7635111258-11668","trial_id":57,"system_attr":{"constraints":[-0.029676489731597838,0.030129892059983242,0.26666666666666666,0.03383838383838386,0.09770197962048566,-60.0,-8.0,0.02166452166452167,0.16666666666666669,-1309.5150415261057,0.005555555555555591,0.029497354497354522]}}
{"op_code":8,"worker_id":"50d0f722-de52-4ef2-a181-abb5c71e685a-12024","trial_id":59,"user_attr":{"pruned_reasons":["M2 (Yearly Tail IC Mean <= 0)","M3 (Hit Rate < 60%)","M5 (Monotonicity <= 0.25)","M6 (Top-Bottom Spread <= 0)","Side-specific Yearly Tail IC Mean (-0.0175 <= 0)","Yearly Daily Win Rate (43.40% < 45%)","Side-specific Yearly Daily Win Rate (40.66% < 45%)"]}}
{"op_code":8,"worker_id":"72f1e632-304c-4122-8413-fc4e4c356294-27064","trial_id":58,"user_attr":{"constraints":[-0.027826003702898627,0.06182603279867718,0.26666666666666666,0.07828282828282829,0.13628058463904177,-63.0,-8.0,0.016044616044616062,0.16666666666666669,-1298.4337440579632,0.015277777777777779,0.03412698412698423]}}
{"op_code":6,"worker_id":"73b75c2f-471a-4865-9f88-dc7635111258-11668","trial_id":57,"state":1,"values":[-0.5739894743104587],"datetime_complete":"2026-07-14T11:45:14.550637"}
{"op_code":8,"worker_id":"8804c0e8-45e4-4921-a5c7-fed1d7827408-19068","trial_id":56,"user_attr":{"deflated_objective":0.06164512165757041}}
{"op_code":9,"worker_id":"8804c0e8-45e4-4921-a5c7-fed1d7827408-19068","trial_id":56,"system_attr":{"constraints":[-0.013759358118168198,0.1068927442027746,0.26666666666666666,0.2641414141414141,0.12634511654627406,-116.0,-8.0,0.16951951951951952,0.0,-1183.3551557173773,0.025694444444444464,0.010317460317460392]}}
{"op_code":6,"worker_id":"8804c0e8-45e4-4921-a5c7-fed1d7827408-19068","trial_id":56,"state":1,"values":[0.5131878877196538],"datetime_complete":"2026-07-14T11:45:14.559452"}
{"op_code":8,"worker_id":"50d0f722-de52-4ef2-a181-abb5c71e685a-12024","trial_id":59,"user_attr":{"gini":0.5644116793000442}}
{"op_code":8,"worker_id":"50d0f722-de52-4ef2-a181-abb5c71e685a-12024","trial_id":59,"user_attr":{"cv_is_ics":[0.10078936070203781,0.09001116454601288,0.08539587259292603,0.07452305406332016,0.09662380069494247,0.09429532289505005,0.04507764056324959,0.05179997533559799,0.09418933838605881,0.10629043728113174,0.10486144572496414,0.12410888820886612,0.05252368375658989,0.11790657788515091,0.08645706623792648]}}
{"op_code":8,"worker_id":"50d0f722-de52-4ef2-a181-abb5c71e685a-12024","trial_id":59,"user_attr":{"cv_oos_ics":[-0.028219932690262794,0.03317296504974365,-0.056173086166381836,0.031723503023386,0.028955506160855293,0.008174006827175617,0.057145509868860245,0.07923708111047745,0.011289547197520733,-0.022128935903310776,0.03216726705431938,0.026853224262595177,0.06169148162007332,0.040241140872240067,0.08420853316783905]}}
{"op_code":8,"worker_id":"50d0f722-de52-4ef2-a181-abb5c71e685a-12024","trial_id":59,"user_attr":{"reg_kappa":3.4731581867910073}}
{"op_code":8,"worker_id":"50d0f722-de52-4ef2-a181-abb5c71e685a-12024","trial_id":59,"user_attr":{"raw_metrics":[-0.31608428834621083,-0.046840747904577686,0.3333333333333333,0.022593178944855633,0.19999999999999998,-0.11787730982268435,-0.193848799799632,-0.3454471826553345,0.43402777777777785]}}
{"op_code":8,"worker_id":"50d0f722-de52-4ef2-a181-abb5c71e685a-12024","trial_id":59,"user_attr":{"val_metrics":[0.0395661634831481,-0.2243035924954367,0.24848484848484848,0.20333791499957443,-6.558623149948333]}}
{"op_code":4,"worker_id":"cf30fe5c-0140-4eb1-a476-72309a450296-19068","study_id":0,"datetime_start":"2026-07-14T11:45:14.570721"}
{"op_code":5,"worker_id":"cf30fe5c-0140-4eb1-a476-72309a450296-19068","trial_id":61,"param_name":"k_weight","param_value_internal":0.9455656880404392,"distribution":"{\"name\": \"FloatDistribution\", \"attributes\": {\"step\": null, \"low\": 0.0, \"high\": 1.5, \"log\": false}}"}
{"op_code":8,"worker_id":"50d0f722-de52-4ef2-a181-abb5c71e685a-12024","trial_id":59,"user_attr":{"deflated_objective":-1.7862616056904033}}
{"op_code":5,"worker_id":"cf30fe5c-0140-4eb1-a476-72309a450296-19068","trial_id":61,"param_name":"unified_alpha","param_value_internal":4.923090090965984e-05,"distribution":"{\"name\": \"FloatDistribution\", \"attributes\": {\"step\": null, \"low\": 1e-05, \"high\": 10.0, \"log\": true}}"}
{"op_code":8,"worker_id":"5d8d3205-561f-47c9-8bf8-785456a45d46-16052","trial_id":60,"user_attr":{"constraints":[-0.012584962067403185,0.03770411452782274,0.26666666666666666,0.10454545454545455,0.09720015145165639,-37.0,-8.0,0.019154869154869154,0.0,-1405.6302724275856,0.009027777777777746,0.029497354497354578]}}
{"op_code":8,"worker_id":"5d8d3205-561f-47c9-8bf8-785456a45d46-16052","trial_id":60,"user_attr":{"pruned_reasons":["M2 (Yearly Tail IC Mean <= 0)","M3 (Hit Rate < 60%)","M5 (Monotonicity <= 0.25)","M6 (Top-Bottom Spread <= 0)","Side-specific Yearly Tail IC Mean (-0.0192 <= 0)","Yearly Daily Win Rate (44.10% < 45%)","Side-specific Yearly Daily Win Rate (42.05% < 45%)"]}}
{"op_code":8,"worker_id":"5d8d3205-561f-47c9-8bf8-785456a45d46-16052","trial_id":60,"user_attr":{"gini":0.3822770320925848}}
{"op_code":8,"worker_id":"5d8d3205-561f-47c9-8bf8-785456a45d46-16052","trial_id":60,"user_attr":{"cv_is_ics":[0.09797625243663788,0.08969520032405853,0.0867120623588562,0.0767090693116188,0.09913497418165207,0.09822037070989609,0.051998987793922424,0.05289340391755104,0.09601010382175446,0.1049562320113182,0.10858968645334244,0.12395598739385605,0.05604083091020584,0.11569061130285263,0.08904463052749634]}}
{"op_code":6,"worker_id":"c3b925f9-c07b-4a03-9187-5209bb5f6e63-8896","trial_id":51,"state":1,"values":[-0.6116574379617884],"datetime_complete":"2026-07-14T11:45:14.519190"}
{"op_code":8,"worker_id":"72f1e632-304c-4122-8413-fc4e4c356294-27064","trial_id":58,"user_attr":{"pruned_reasons":["M2 (Yearly Tail IC Mean <= 0)","M3 (Hit Rate < 60%)","M5 (Monotonicity <= 0.25)","M6 (Top-Bottom Spread <= 0)","Side-specific Yearly Tail IC Mean (-0.0160 <= 0)","Side-specific Hit Rate (33.33% < 50%)","Yearly Daily Win Rate (43.47% < 45%)","Side-specific Yearly Daily Win Rate (41.59% < 45%)"]}}
{"op_code":8,"worker_id":"72f1e632-304c-4122-8413-fc4e4c356294-27064","trial_id":58,"user_attr":{"gini":0.3663215214043547}}
{"op_code":8,"worker_id":"72f1e632-304c-4122-8413-fc4e4c356294-27064","trial_id":58,"user_attr":{"cv_is_ics":[0.10269346833229065,0.0936925932765007,0.09276052564382553,0.07918506860733032,0.1021752879023552,0.10308125615119934,0.06549596786499023,0.062491994351148605,0.10003697127103806,0.11027710884809494,0.11431433260440826,0.1268538236618042,0.06611154973506927,0.1175415962934494,0.09338846802711487]}}
{"op_code":5,"worker_id":"45fd7bbd-41dd-4359-94d6-6a1d02335f57-22852","trial_id":43,"param_name":"k_weight","param_value_internal":1.232026473396579,"distribution":"{\"name\": \"FloatDistribution\", \"attributes\": {\"step\": null, \"low\": 0.0, \"high\": 1.5, \"log\": false}}"}
{"op_code":8,"worker_id":"5d8d3205-561f-47c9-8bf8-785456a45d46-16052","trial_id":60,"user_attr":{"cv_oos_ics":[-0.025094207376241684,0.02801463194191456,-0.052768174558877945,0.027246974408626556,0.03332308679819107,0.013487809337675571,0.0499638095498085,0.08105400204658508,0.011650748550891876,-0.012779522687196732,0.02979937568306923,0.021990913897752762,0.06567754596471786,0.02806163765490055,0.08399723470211029]}}
{"op_code":5,"worker_id":"cf30fe5c-0140-4eb1-a476-72309a450296-19068","trial_id":61,"param_name":"unified_rho","param_value_internal":0.7339843466369924,"distribution":"{\"name\": \"FloatDistribution\", \"attributes\": {\"step\": null, \"low\": 0.0, \"high\": 1.0, \"log\": false}}"}
{"op_code":5,"worker_id":"45fd7bbd-41dd-4359-94d6-6a1d02335f57-22852","trial_id":43,"param_name":"unified_alpha","param_value_internal":0.007205041775871076,"distribution":"{\"name\": \"FloatDistribution\", \"attributes\": {\"step\": null, \"low\": 1e-05, \"high\": 10.0, \"log\": true}}"}
{"op_code":5,"worker_id":"cf30fe5c-0140-4eb1-a476-72309a450296-19068","trial_id":61,"param_name":"unified_gamma","param_value_internal":18.2017263077523,"distribution":"{\"name\": \"FloatDistribution\", \"attributes\": {\"step\": null, \"low\": 1.5, \"high\": 10000.0, \"log\": true}}"}
{"op_code":8,"worker_id":"72f1e632-304c-4122-8413-fc4e4c356294-27064","trial_id":58,"user_attr":{"cv_oos_ics":[-0.02497703768312931,0.03263865411281586,-0.05886344611644745,0.021746383979916573,0.03593858331441879,0.018850302323698997,0.04751761257648468,0.08530358970165253,0.015717260539531708,-0.011813688091933727,0.02720768004655838,0.021572407335042953,0.06353218108415604,0.03130073472857475,0.08355925232172012]}}
{"op_code":5,"worker_id":"cf30fe5c-0140-4eb1-a476-72309a450296-19068","trial_id":61,"param_name":"huber_delta","param_value_internal":3.970567990569361,"distribution":"{\"name\": \"FloatDistribution\", \"attributes\": {\"step\": null, \"low\": 0.5, \"high\": 5.0, \"log\": false}}"}
{"op_code":5,"worker_id":"45fd7bbd-41dd-4359-94d6-6a1d02335f57-22852","trial_id":43,"param_name":"unified_rho","param_value_internal":0.17687557742594318,"distribution":"{\"name\": \"FloatDistribution\", \"attributes\": {\"step\": null, \"low\": 0.0, \"high\": 1.0, \"log\": false}}"}
{"op_code":5,"worker_id":"45fd7bbd-41dd-4359-94d6-6a1d02335f57-22852","trial_id":43,"param_name":"unified_gamma","param_value_internal":5.958010599065777,"distribution":"{\"name\": \"FloatDistribution\", \"attributes\": {\"step\": null, \"low\": 1.5, \"high\": 10000.0, \"log\": true}}"}
{"op_code":5,"worker_id":"45fd7bbd-41dd-4359-94d6-6a1d02335f57-22852","trial_id":43,"param_name":"huber_delta","param_value_internal":2.427999302894653,"distribution":"{\"name\": \"FloatDistribution\", \"attributes\": {\"step\": null, \"low\": 0.5, \"high\": 5.0, \"log\": false}}"}
{"op_code":8,"worker_id":"72f1e632-304c-4122-8413-fc4e4c356294-27064","trial_id":58,"user_attr":{"reg_kappa":3.2541641146442952}}
{"op_code":8,"worker_id":"5d8d3205-561f-47c9-8bf8-785456a45d46-16052","trial_id":60,"user_attr":{"reg_kappa":3.522807558986634}}
{"op_code":8,"worker_id":"72f1e632-304c-4122-8413-fc4e4c356294-27064","trial_id":58,"user_attr":{"raw_metrics":[-0.40476891821671623,-0.06182603279867718,0.3333333333333333,0.027826003702898627,0.1717171717171717,-0.13628058463904177,-0.1688773013741519,-0.29623186588287354,0.43472222222222223]}}
{"op_code":8,"worker_id":"ea448437-ee27-4269-9a48-99ad4493d430-4680","trial_id":53,"user_attr":{"reg_kappa":3.342989766832663}}
{"op_code":8,"worker_id":"72f1e632-304c-4122-8413-fc4e4c356294-27064","trial_id":58,"user_attr":{"val_metrics":[0.08529994320030225,-0.06318966069227899,0.806060606060606,0.20991093852867682,-4.814519477039419]}}
{"op_code":8,"worker_id":"ea448437-ee27-4269-9a48-99ad4493d430-4680","trial_id":53,"user_attr":{"raw_metrics":[-0.3236112292676386,-0.04437986026131923,0.3333333333333333,0.018439086193593537,0.12525252525252525,-0.16744527153826005,-0.19772480292049574,-0.3299368917942047,0.4312500000000001]}}
{"op_code":8,"worker_id":"ea448437-ee27-4269-9a48-99ad4493d430-4680","trial_id":53,"user_attr":{"val_metrics":[0.08343782406747773,-0.017326443983551848,0.5515151515151515,0.251442867902418,-4.5984703637402635]}}
{"op_code":8,"worker_id":"72f1e632-304c-4122-8413-fc4e4c356294-27064","trial_id":58,"user_attr":{"deflated_objective":-0.9348578058997326}}
{"op_code":9,"worker_id":"72f1e632-304c-4122-8413-fc4e4c356294-27064","trial_id":58,"system_attr":{"constraints":[-0.027826003702898627,0.06182603279867718,0.26666666666666666,0.07828282828282829,0.13628058463904177,-63.0,-8.0,0.016044616044616062,0.16666666666666669,-1298.4337440579632,0.015277777777777779,0.03412698412698423]}}
{"op_code":6,"worker_id":"72f1e632-304c-4122-8413-fc4e4c356294-27064","trial_id":58,"state":1,"values":[-0.49817526111561183],"datetime_complete":"2026-07-14T11:45:14.629205"}
{"op_code":8,"worker_id":"ea448437-ee27-4269-9a48-99ad4493d430-4680","trial_id":53,"user_attr":{"deflated_objective":-0.8551028076242706}}
{"op_code":9,"worker_id":"ea448437-ee27-4269-9a48-99ad4493d430-4680","trial_id":53,"system_attr":{"constraints":[-0.018439086193593537,0.04437986026131923,0.26666666666666666,0.12474747474747475,0.16744527153826005,-52.0,-8.0,-0.008193908193908214,0.16666666666666669,-1334.7230159399544,0.018749999999999933,0.03875661375661382]}}
{"op_code":6,"worker_id":"ea448437-ee27-4269-9a48-99ad4493d430-4680","trial_id":53,"state":1,"values":[-0.419051086488199],"datetime_complete":"2026-07-14T11:45:14.635712"}
{"op_code":4,"worker_id":"c8984f23-f16c-4e96-8b1c-d2de451535c7-27064","study_id":0,"datetime_start":"2026-07-14T11:45:14.638808"}
{"op_code":5,"worker_id":"c8984f23-f16c-4e96-8b1c-d2de451535c7-27064","trial_id":62,"param_name":"k_weight","param_value_internal":1.303567708017256,"distribution":"{\"name\": \"FloatDistribution\", \"attributes\": {\"step\": null, \"low\": 0.0, \"high\": 1.5, \"log\": false}}"}
{"op_code":5,"worker_id":"c8984f23-f16c-4e96-8b1c-d2de451535c7-27064","trial_id":62,"param_name":"unified_alpha","param_value_internal":8.06656244164017,"distribution":"{\"name\": \"FloatDistribution\", \"attributes\": {\"step\": null, \"low\": 1e-05, \"high\": 10.0, \"log\": true}}"}
{"op_code":4,"worker_id":"eb9a8549-8928-4cdd-b159-2998eaa90d1b-11668","study_id":0,"datetime_start":"2026-07-14T11:45:14.644526"}
{"op_code":8,"worker_id":"5eab98a1-cbd2-4caa-a9b2-e326d6160f79-31524","trial_id":52,"user_attr":{"val_metrics":[0.06452558514964207,-0.23109524996541428,0.7575757575757576,0.20305328738565245,-4.631640214364151]}}
{"op_code":5,"worker_id":"c8984f23-f16c-4e96-8b1c-d2de451535c7-27064","trial_id":62,"param_name":"unified_rho","param_value_internal":0.6501738248909888,"distribution":"{\"name\": \"FloatDistribution\", \"attributes\": {\"step\": null, \"low\": 0.0, \"high\": 1.0, \"log\": false}}"}
{"op_code":8,"worker_id":"8aa720ae-85de-428e-a2dc-c57410ccdf36-20880","trial_id":22,"user_attr":{"constraints":[-0.03558806485367014,0.10128444672517621,0.26666666666666666,0.19343434343434343,0.11478543037445178,-100.0,-8.0,0.1409051909051909,0.16666666666666669,-1216.062368062344,0.0222222222222222,0.01031746031746028]}}
{"op_code":5,"worker_id":"c8984f23-f16c-4e96-8b1c-d2de451535c7-27064","trial_id":62,"param_name":"unified_gamma","param_value_internal":22.197602787559067,"distribution":"{\"name\": \"FloatDistribution\", \"attributes\": {\"step\": null, \"low\": 1.5, \"high\": 10000.0, \"log\": true}}"}
{"op_code":8,"worker_id":"5eab98a1-cbd2-4caa-a9b2-e326d6160f79-31524","trial_id":52,"user_attr":{"deflated_objective":-0.9226309845833649}}
{"op_code":8,"worker_id":"cf30fe5c-0140-4eb1-a476-72309a450296-19068","trial_id":61,"user_attr":{"constraints":[-0.029274550152521103,0.03058220064299093,0.26666666666666666,0.052020202020201994,0.09770197962048566,-61.0,-8.0,0.014972114972114961,0.16666666666666669,-1306.6331167118121,0.005555555555555591,0.03412698412698423]}}
{"op_code":5,"worker_id":"c8984f23-f16c-4e96-8b1c-d2de451535c7-27064","trial_id":62,"param_name":"huber_delta","param_value_internal":4.401578861766414,"distribution":"{\"name\": \"FloatDistribution\", \"attributes\": {\"step\": null, \"low\": 0.5, \"high\": 5.0, \"log\": false}}"}
{"op_code":5,"worker_id":"eb9a8549-8928-4cdd-b159-2998eaa90d1b-11668","trial_id":63,"param_name":"k_weight","param_value_internal":1.3184976028394622,"distribution":"{\"name\": \"FloatDistribution\", \"attributes\": {\"step\": null, \"low\": 0.0, \"high\": 1.5, \"log\": false}}"}
{"op_code":9,"worker_id":"5eab98a1-cbd2-4caa-a9b2-e326d6160f79-31524","trial_id":52,"system_attr":{"constraints":[-0.020241102005552982,0.03407402290381014,0.26666666666666666,0.07828282828282829,0.09951586641526466,-52.0,-8.0,0.04701844701844702,0.16666666666666669,-1334.5599823274933,0.002083333333333326,0.029497354497354578]}}
{"op_code":5,"worker_id":"eb9a8549-8928-4cdd-b159-2998eaa90d1b-11668","trial_id":63,"param_name":"unified_alpha","param_value_internal":2.9311116426225107e-05,"distribution":"{\"name\": \"FloatDistribution\", \"attributes\": {\"step\": null, \"low\": 1e-05, \"high\": 10.0, \"log\": true}}"}
{"op_code":8,"worker_id":"45fd7bbd-41dd-4359-94d6-6a1d02335f57-22852","trial_id":43,"user_attr":{"constraints":[-0.021352559402903093,0.05717695846875178,0.26666666666666666,0.062121212121212105,0.09228668260595035,-43.0,-8.0,0.12649077649077647,0.16666666666666669,-1373.7549568096665,-0.004861111111111094,0.005687830687830631]}}
{"op_code":5,"worker_id":"eb9a8549-8928-4cdd-b159-2998eaa90d1b-11668","trial_id":63,"param_name":"unified_rho","param_value_internal":0.6527244705629613,"distribution":"{\"name\": \"FloatDistribution\", \"attributes\": {\"step\": null, \"low\": 0.0, \"high\": 1.0, \"log\": false}}"}
{"op_code":8,"worker_id":"cf30fe5c-0140-4eb1-a476-72309a450296-19068","trial_id":61,"user_attr":{"pruned_reasons":["M2 (Yearly Tail IC Mean <= 0)","M3 (Hit Rate < 60%)","M5 (Monotonicity <= 0.25)","M6 (Top-Bottom Spread <= 0)","Side-specific Yearly Tail IC Mean (-0.0150 <= 0)","Side-specific Hit Rate (33.33% < 50%)","Yearly Daily Win Rate (44.44% < 45%)","Side-specific Yearly Daily Win Rate (41.59% < 45%)"]}}
{"op_code":5,"worker_id":"eb9a8549-8928-4cdd-b159-2998eaa90d1b-11668","trial_id":63,"param_name":"unified_gamma","param_value_internal":22.72200830015709,"distribution":"{\"name\": \"FloatDistribution\", \"attributes\": {\"step\": null, \"low\": 1.5, \"high\": 10000.0, \"log\": true}}"}
{"op_code":8,"worker_id":"45fd7bbd-41dd-4359-94d6-6a1d02335f57-22852","trial_id":43,"user_attr":{"pruned_reasons":["M2 (Yearly Tail IC Mean <= 0)","M3 (Hit Rate < 60%)","M5 (Monotonicity <= 0.25)","M6 (Top-Bottom Spread <= 0)","Side-specific Yearly Tail IC Mean (-0.1265 <= 0)","Side-specific Hit Rate (33.33% < 50%)","Side-specific Yearly Daily Win Rate (44.43% < 45%)"]}}
{"op_code":6,"worker_id":"5eab98a1-cbd2-4caa-a9b2-e326d6160f79-31524","trial_id":52,"state":1,"values":[-0.49911171240821606],"datetime_complete":"2026-07-14T11:45:14.660196"}
{"op_code":8,"worker_id":"cf30fe5c-0140-4eb1-a476-72309a450296-19068","trial_id":61,"user_attr":{"gini":0.36960418300767706}}
{"op_code":4,"worker_id":"2527cdc8-a3fc-4ec8-abe8-95a3dcf1caa3-8896","study_id":0,"datetime_start":"2026-07-14T11:45:14.672391"}
{"op_code":8,"worker_id":"8aa720ae-85de-428e-a2dc-c57410ccdf36-20880","trial_id":22,"user_attr":{"pruned_reasons":["M2 (Yearly Tail IC Mean <= 0)","M3 (Hit Rate < 60%)","M5 (Monotonicity <= 0.25)","M6 (Top-Bottom Spread <= 0)","Side-specific Yearly Tail IC Mean (-0.1409 <= 0)","Side-specific Hit Rate (33.33% < 50%)","Yearly Daily Win Rate (42.78% < 45%)","Side-specific Yearly Daily Win Rate (43.97% < 45%)"]}}
{"op_code":4,"worker_id":"f27ec277-0c8e-4405-89ed-87dbf31ca3fb-3216","study_id":0,"datetime_start":"2026-07-14T11:45:14.415069"}
{"op_code":5,"worker_id":"2527cdc8-a3fc-4ec8-abe8-95a3dcf1caa3-8896","trial_id":64,"param_name":"k_weight","param_value_internal":1.327775575766742,"distribution":"{\"name\": \"FloatDistribution\", \"attributes\": {\"step\": null, \"low\": 0.0, \"high\": 1.5, \"log\": false}}"}
{"op_code":8,"worker_id":"45fd7bbd-41dd-4359-94d6-6a1d02335f57-22852","trial_id":43,"user_attr":{"gini":0.38121138917562325}}
{"op_code":5,"worker_id":"2527cdc8-a3fc-4ec8-abe8-95a3dcf1caa3-8896","trial_id":64,"param_name":"unified_alpha","param_value_internal":3.0329590804260766e-05,"distribution":"{\"name\": \"FloatDistribution\", \"attributes\": {\"step\": null, \"low\": 1e-05, \"high\": 10.0, \"log\": true}}"}
{"op_code":8,"worker_id":"cf30fe5c-0140-4eb1-a476-72309a450296-19068","trial_id":61,"user_attr":{"cv_is_ics":[0.10184407234191895,0.09322492778301239,0.09145199507474899,0.07898195832967758,0.10108053684234619,0.10175830870866776,0.06223677471280098,0.06103519722819328,0.09931088984012604,0.10909261554479599,0.11249250918626785,0.12632323801517487,0.06323646754026413,0.11609096080064774,0.09244091063737869]}}
{"op_code":8,"worker_id":"45fd7bbd-41dd-4359-94d6-6a1d02335f57-22852","trial_id":43,"user_attr":{"cv_is_ics":[0.1057659313082695,0.09321226179599762,0.08967846632003784,0.07266896963119507,0.1004461869597435,0.10891789197921753,0.07389470189809799,0.06563752144575119,0.10545190423727036,0.1137600839138031,0.11762312054634094,0.13111336529254913,0.07221664488315582,0.11785019189119339,0.09582802653312683]}}
{"op_code":8,"worker_id":"8aa720ae-85de-428e-a2dc-c57410ccdf36-20880","trial_id":22,"user_attr":{"gini":0.35012373482509274}}
{"op_code":8,"worker_id":"8aa720ae-85de-428e-a2dc-c57410ccdf36-20880","trial_id":22,"user_attr":{"cv_is_ics":[0.110850028693676,0.09822220355272293,0.10256980359554291,0.07876408100128174,0.10497458279132843,0.1121528372168541,0.0898328498005867,0.0755426362156868,0.10583536326885223,0.11686669290065765,0.12060362845659256,0.1301596611738205,0.08419006317853928,0.11982624977827072,0.09597733616828918]}}
{"op_code":8,"worker_id":"cf30fe5c-0140-4eb1-a476-72309a450296-19068","trial_id":61,"user_attr":{"cv_oos_ics":[-0.02508082427084446,0.03235861286520958,-0.058259088546037674,0.023405130952596664,0.03546220436692238,0.01855516992509365,0.04767991229891777,0.08375176042318344,0.016906162723898888,-0.01277126558125019,0.028559621423482895,0.02301100082695484,0.06360877305269241,0.03132162615656853,0.08283797651529312]}}
{"op_code":8,"worker_id":"45fd7bbd-41dd-4359-94d6-6a1d02335f57-22852","trial_id":43,"user_attr":{"cv_oos_ics":[-0.022587791085243225,0.04304857552051544,-0.06050212308764458,0.00981837511062622,0.03630528971552849,0.02238960936665535,0.038827646523714066,0.08105983585119247,0.01668413355946541,-0.009237082675099373,0.023619255051016808,0.015092950314283371,0.06273391097784042,0.01788419857621193,0.08069250732660294]}}
{"op_code":8,"worker_id":"45fd7bbd-41dd-4359-94d6-6a1d02335f57-22852","trial_id":43,"user_attr":{"reg_kappa":3.4102653583022633}}
{"op_code":8,"worker_id":"8aa720ae-85de-428e-a2dc-c57410ccdf36-20880","trial_id":22,"user_attr":{"cv_oos_ics":[-0.03779713436961174,0.031085258349776268,-0.054305341094732285,0.0130917364731431,0.038198526948690414,0.02259035035967827,0.044471755623817444,0.07391373813152313,0.015393605455756187,-0.00474247382953763,0.019163087010383606,0.015221537090837955,0.04920182004570961,0.02912675030529499,0.07997899502515793]}}
{"op_code":8,"worker_id":"cf30fe5c-0140-4eb1-a476-72309a450296-19068","trial_id":61,"user_attr":{"reg_kappa":3.274701128763956}}
{"op_code":8,"worker_id":"8aa720ae-85de-428e-a2dc-c57410ccdf36-20880","trial_id":22,"user_attr":{"reg_kappa":3.0477393595310045}}
{"op_code":8,"worker_id":"cf30fe5c-0140-4eb1-a476-72309a450296-19068","trial_id":61,"user_attr":{"raw_metrics":[-0.19705876963617389,-0.03058220064299093,0.3333333333333333,0.029274550152521103,0.197979797979798,-0.09770197962048566,-0.17519735376255074,-0.30919599533081055,0.4444444444444444]}}
{"op_code":8,"worker_id":"cf30fe5c-0140-4eb1-a476-72309a450296-19068","trial_id":61,"user_attr":{"val_metrics":[0.08342569708457813,-0.04218502112589012,0.7575757575757576,0.2335217876173556,-4.93350344798557]}}
{"op_code":5,"worker_id":"2527cdc8-a3fc-4ec8-abe8-95a3dcf1caa3-8896","trial_id":64,"param_name":"unified_rho","param_value_internal":0.6380813802152014,"distribution":"{\"name\": \"FloatDistribution\", \"attributes\": {\"step\": null, \"low\": 0.0, \"high\": 1.0, \"log\": false}}"}
{"op_code":5,"worker_id":"eb9a8549-8928-4cdd-b159-2998eaa90d1b-11668","trial_id":63,"param_name":"huber_delta","param_value_internal":4.1692495329572585,"distribution":"{\"name\": \"FloatDistribution\", \"attributes\": {\"step\": null, \"low\": 0.5, \"high\": 5.0, \"log\": false}}"}
{"op_code":5,"worker_id":"2527cdc8-a3fc-4ec8-abe8-95a3dcf1caa3-8896","trial_id":64,"param_name":"unified_gamma","param_value_internal":22.09914839884979,"distribution":"{\"name\": \"FloatDistribution\", \"attributes\": {\"step\": null, \"low\": 1.5, \"high\": 10000.0, \"log\": true}}"}
{"op_code":5,"worker_id":"2527cdc8-a3fc-4ec8-abe8-95a3dcf1caa3-8896","trial_id":64,"param_name":"huber_delta","param_value_internal":4.4491443573963245,"distribution":"{\"name\": \"FloatDistribution\", \"attributes\": {\"step\": null, \"low\": 0.5, \"high\": 5.0, \"log\": false}}"}
{"op_code":8,"worker_id":"3618c2fe-3c8b-42ed-a5fd-7ead542f73c7-24364","trial_id":45,"user_attr":{"constraints":[-0.01203900636211055,0.1360617683566012,0.43333333333333335,0.12474747474747475,0.07343963115527812,-43.0,-8.0,0.2017589017589018,0.33333333333333337,-1371.3235185696578,0.052083333333333315,0.03439153439153442]}}
{"op_code":8,"worker_id":"c8984f23-f16c-4e96-8b1c-d2de451535c7-27064","trial_id":62,"user_attr":{"constraints":[-0.003814941332220294,0.008020494486347804,0.09999999999999998,0.2580808080808081,0.024281737231132045,-52.0,5.0,0.0,0.5,-1395.5733916434517,0.02986111111111117,-0.00952380952380949]}}
{"op_code":8,"worker_id":"3618c2fe-3c8b-42ed-a5fd-7ead542f73c7-24364","trial_id":45,"user_attr":{"pruned_reasons":["M2 (Yearly Tail IC Mean <= 0)","M3 (Hit Rate < 60%)","M5 (Monotonicity <= 0.25)","M6 (Top-Bottom Spread <= 0)","Side-specific Yearly Tail IC Mean (-0.2018 <= 0)","Side-specific Hit Rate (16.67% < 50%)","Yearly Daily Win Rate (39.79% < 45%)","Side-specific Yearly Daily Win Rate (41.56% < 45%)"]}}
{"op_code":8,"worker_id":"3618c2fe-3c8b-42ed-a5fd-7ead542f73c7-24364","trial_id":45,"user_attr":{"gini":0.37166387118112}}
{"op_code":8,"worker_id":"3618c2fe-3c8b-42ed-a5fd-7ead542f73c7-24364","trial_id":45,"user_attr":{"cv_is_ics":[0.11765480041503906,0.09618917852640152,0.09290269017219543,0.06897512823343277,0.11403603106737137,0.11959422379732132,0.09663236141204834,0.07814596593379974,0.11093063652515411,0.1195676401257515,0.11717995256185532,0.1346507966518402,0.08264650404453278,0.1167641282081604,0.09690560400485992]}}
{"op_code":8,"worker_id":"c8984f23-f16c-4e96-8b1c-d2de451535c7-27064","trial_id":62,"user_attr":{"pruned_reasons":["M2 (Yearly Tail IC Mean <= 0)","M3 (Hit Rate < 60%)","M5 (Monotonicity <= 0.25)","M6 (Top-Bottom Spread <= 0)","Active features count (0) is less than active feature floor (5)","Side-specific Hit Rate (0.00% < 50%)","Yearly Daily Win Rate (42.01% < 45%)"]}}
{"op_code":8,"worker_id":"c8984f23-f16c-4e96-8b1c-d2de451535c7-27064","trial_id":62,"user_attr":{"gini":0.0}}
{"op_code":8,"worker_id":"c8984f23-f16c-4e96-8b1c-d2de451535c7-27064","trial_id":62,"user_attr":{"cv_is_ics":[0.0,0.0,0.0,0.0,0.0,0.0,0.0,0.0,0.0,0.0,0.0,0.0,0.0,0.0,0.0]}}
{"op_code":8,"worker_id":"3618c2fe-3c8b-42ed-a5fd-7ead542f73c7-24364","trial_id":45,"user_attr":{"cv_oos_ics":[-0.05013986676931381,0.05388503521680832,-0.06709867715835571,0.0008695934084244072,0.051293086260557175,0.01642361283302307,0.030737344175577164,0.06501094251871109,0.01428770087659359,0.004583020228892565,0.021675484254956245,0.011591601185500622,0.0330885611474514,0.007418249733746052,0.08534436672925949]}}
{"op_code":8,"worker_id":"c8984f23-f16c-4e96-8b1c-d2de451535c7-27064","trial_id":62,"user_attr":{"cv_oos_ics":[0.0,0.0,0.0,0.0,0.0,0.0,0.0,0.0,0.0,0.0,0.0,0.0,0.0,0.0,0.0]}}
{"op_code":8,"worker_id":"45fd7bbd-41dd-4359-94d6-6a1d02335f57-22852","trial_id":43,"user_attr":{"raw_metrics":[-0.564040926487098,-0.05717695846875178,0.3333333333333333,0.021352559402903093,0.1878787878787879,-0.09228668260595035,-0.23080360462670246,-0.3558560311794281,0.4548611111111111]}}
{"op_code":4,"worker_id":"72017e91-33f1-436d-b8e2-11e0e4f16dc5-4680","study_id":0,"datetime_start":"2026-07-14T11:45:14.726745"}
{"op_code":8,"worker_id":"c8984f23-f16c-4e96-8b1c-d2de451535c7-27064","trial_id":62,"user_attr":{"reg_kappa":1.418910297466341}}
{"op_code":8,"worker_id":"45fd7bbd-41dd-4359-94d6-6a1d02335f57-22852","trial_id":43,"user_attr":{"val_metrics":[0.07526967382686206,-0.0324414905596416,0.6,0.2847897294349968,-4.150245574643354]}}
{"op_code":8,"worker_id":"c8984f23-f16c-4e96-8b1c-d2de451535c7-27064","trial_id":62,"user_attr":{"raw_metrics":[-0.0815012232406228,-0.008020494486347804,0.5,0.003814941332220294,-0.008080808080808077,-0.024281737231132045,-0.0,-0.0,0.42013888888888884]}}
{"op_code":8,"worker_id":"c8984f23-f16c-4e96-8b1c-d2de451535c7-27064","trial_id":62,"user_attr":{"val_metrics":[0.0,0.0,-0.05454545454545454,-0.12139576410253844,-4.251134814946425]}}
{"op_code":5,"worker_id":"72017e91-33f1-436d-b8e2-11e0e4f16dc5-4680","trial_id":66,"param_name":"k_weight","param_value_internal":0.9510945168133728,"distribution":"{\"name\": \"FloatDistribution\", \"attributes\": {\"step\": null, \"low\": 0.0, \"high\": 1.5, \"log\": false}}"}
{"op_code":8,"worker_id":"45fd7bbd-41dd-4359-94d6-6a1d02335f57-22852","trial_id":43,"user_attr":{"deflated_objective":-0.6589557024161194}}
{"op_code":8,"worker_id":"c8984f23-f16c-4e96-8b1c-d2de451535c7-27064","trial_id":62,"user_attr":{"deflated_objective":-0.7592776290679375}}
{"op_code":9,"worker_id":"c8984f23-f16c-4e96-8b1c-d2de451535c7-27064","trial_id":62,"system_attr":{"constraints":[-0.003814941332220294,0.008020494486347804,0.09999999999999998,0.2580808080808081,0.024281737231132045,-52.0,5.0,0.0,0.5,-1395.5733916434517,0.02986111111111117,-0.00952380952380949]}}
{"op_code":5,"worker_id":"72017e91-33f1-436d-b8e2-11e0e4f16dc5-4680","trial_id":66,"param_name":"unified_alpha","param_value_internal":2.9904794491597437e-05,"distribution":"{\"name\": \"FloatDistribution\", \"attributes\": {\"step\": null, \"low\": 1e-05, \"high\": 10.0, \"log\": true}}"}
{"op_code":8,"worker_id":"eb9a8549-8928-4cdd-b159-2998eaa90d1b-11668","trial_id":63,"user_attr":{"constraints":[-0.012622641204734579,0.03906104027684575,0.26666666666666666,0.0904040404040404,0.11033116092439739,-38.0,-8.0,0.009620334620334625,0.0,-1397.8068456684637,0.005555555555555536,0.03412698412698423]}}
{"op_code":5,"worker_id":"f27ec277-0c8e-4405-89ed-87dbf31ca3fb-3216","trial_id":65,"param_name":"k_weight","param_value_internal":0.9732538676732982,"distribution":"{\"name\": \"FloatDistribution\", \"attributes\": {\"step\": null, \"low\": 0.0, \"high\": 1.5, \"log\": false}}"}
{"op_code":6,"worker_id":"c8984f23-f16c-4e96-8b1c-d2de451535c7-27064","trial_id":62,"state":1,"values":[-0.34213613239774293],"datetime_complete":"2026-07-14T11:45:14.743581"}
{"op_code":8,"worker_id":"5d8d3205-561f-47c9-8bf8-785456a45d46-16052","trial_id":60,"user_attr":{"raw_metrics":[-0.27004182287420614,-0.03770411452782274,0.3333333333333333,0.012584962067403185,0.14545454545454545,-0.09720015145165639,-0.25901783406289974,-0.4109966456890106,0.44097222222222227]}}
{"op_code":5,"worker_id":"72017e91-33f1-436d-b8e2-11e0e4f16dc5-4680","trial_id":66,"param_name":"unified_rho","param_value_internal":0.6222749271496693,"distribution":"{\"name\": \"FloatDistribution\", \"attributes\": {\"step\": null, \"low\": 0.0, \"high\": 1.0, \"log\": false}}"}
{"op_code":8,"worker_id":"5d8d3205-561f-47c9-8bf8-785456a45d46-16052","trial_id":60,"user_attr":{"val_metrics":[0.08066492670171095,-0.06627125971481089,0.7333333333333333,0.23238284299150108,-4.256634014634862]}}
{"op_code":5,"worker_id":"f27ec277-0c8e-4405-89ed-87dbf31ca3fb-3216","trial_id":65,"param_name":"unified_alpha","param_value_internal":5.5825580529701494e-05,"distribution":"{\"name\": \"FloatDistribution\", \"attributes\": {\"step\": null, \"low\": 1e-05, \"high\": 10.0, \"log\": true}}"}
{"op_code":5,"worker_id":"72017e91-33f1-436d-b8e2-11e0e4f16dc5-4680","trial_id":66,"param_name":"unified_gamma","param_value_internal":21.72545048965747,"distribution":"{\"name\": \"FloatDistribution\", \"attributes\": {\"step\": null, \"low\": 1.5, \"high\": 10000.0, \"log\": true}}"}
{"op_code":5,"worker_id":"f27ec277-0c8e-4405-89ed-87dbf31ca3fb-3216","trial_id":65,"param_name":"unified_rho","param_value_internal":0.6436042123123749,"distribution":"{\"name\": \"FloatDistribution\", \"attributes\": {\"step\": null, \"low\": 0.0, \"high\": 1.0, \"log\": false}}"}
{"op_code":5,"worker_id":"72017e91-33f1-436d-b8e2-11e0e4f16dc5-4680","trial_id":66,"param_name":"huber_delta","param_value_internal":4.31065692629026,"distribution":"{\"name\": \"FloatDistribution\", \"attributes\": {\"step\": null, \"low\": 0.5, \"high\": 5.0, \"log\": false}}"}
{"op_code":4,"worker_id":"a7457a7f-61ae-4577-acaf-d94bf8d9591c-27064","study_id":0,"datetime_start":"2026-07-14T11:45:14.759885"}
{"op_code":8,"worker_id":"3618c2fe-3c8b-42ed-a5fd-7ead542f73c7-24364","trial_id":45,"user_attr":{"reg_kappa":3.4022046969438158}}
{"op_code":5,"worker_id":"a7457a7f-61ae-4577-acaf-d94bf8d9591c-27064","trial_id":67,"param_name":"k_weight","param_value_internal":0.9159128233221752,"distribution":"{\"name\": \"FloatDistribution\", \"attributes\": {\"step\": null, \"low\": 0.0, \"high\": 1.5, \"log\": false}}"}
{"op_code":8,"worker_id":"2527cdc8-a3fc-4ec8-abe8-95a3dcf1caa3-8896","trial_id":64,"user_attr":{"constraints":[-0.013840956220085241,0.03515923455133183,0.26666666666666666,0.12272727272727271,0.11512374018991572,-38.0,-8.0,0.0027992277992277916,0.0,-1400.5159344170083,0.005555555555555591,0.03412698412698423]}}
{"op_code":5,"worker_id":"a7457a7f-61ae-4577-acaf-d94bf8d9591c-27064","trial_id":67,"param_name":"unified_alpha","param_value_internal":3.1911400002661724e-05,"distribution":"{\"name\": \"FloatDistribution\", \"attributes\": {\"step\": null, \"low\": 1e-05, \"high\": 10.0, \"log\": true}}"}
{"op_code":8,"worker_id":"3618c2fe-3c8b-42ed-a5fd-7ead542f73c7-24364","trial_id":45,"user_attr":{"raw_metrics":[-0.8144768722619504,-0.1360617683566012,0.16666666666666666,0.01203900636211055,0.12525252525252525,-0.07343963115527812,-0.22869004202001825,-0.3499527871608734,0.3979166666666667]}}
{"op_code":8,"worker_id":"3618c2fe-3c8b-42ed-a5fd-7ead542f73c7-24364","trial_id":45,"user_attr":{"val_metrics":[0.06222814914790437,0.03885571794546788,0.5151515151515151,0.24417973106727003,-5.6724291338044575]}}
{"op_code":8,"worker_id":"2527cdc8-a3fc-4ec8-abe8-95a3dcf1caa3-8896","trial_id":64,"user_attr":{"pruned_reasons":["M2 (Yearly Tail IC Mean <= 0)","M3 (Hit Rate < 60%)","M5 (Monotonicity <= 0.25)","M6 (Top-Bottom Spread <= 0)","Side-specific Yearly Tail IC Mean (-0.0028 <= 0)","Yearly Daily Win Rate (44.44% < 45%)","Side-specific Yearly Daily Win Rate (41.59% < 45%)"]}}
{"op_code":4,"worker_id":"3463fa7d-16c6-45d7-a670-443a1f437c1d-31524","study_id":0,"datetime_start":"2026-07-14T11:45:14.754171"}
{"op_code":8,"worker_id":"3618c2fe-3c8b-42ed-a5fd-7ead542f73c7-24364","trial_id":45,"user_attr":{"deflated_objective":-1.2520671045303424}}
{"op_code":8,"worker_id":"5d8d3205-561f-47c9-8bf8-785456a45d46-16052","trial_id":60,"user_attr":{"deflated_objective":-0.6979577762307365}}
{"op_code":9,"worker_id":"3618c2fe-3c8b-42ed-a5fd-7ead542f73c7-24364","trial_id":45,"system_attr":{"constraints":[-0.01203900636211055,0.1360617683566012,0.43333333333333335,0.12474747474747475,0.07343963115527812,-43.0,-8.0,0.2017589017589018,0.33333333333333337,-1371.3235185696578,0.052083333333333315,0.03439153439153442]}}
{"op_code":6,"worker_id":"3618c2fe-3c8b-42ed-a5fd-7ead542f73c7-24364","trial_id":45,"state":1,"values":[-0.831919060829303],"datetime_complete":"2026-07-14T11:45:14.778201"}
{"op_code":5,"worker_id":"3463fa7d-16c6-45d7-a670-443a1f437c1d-31524","trial_id":68,"param_name":"k_weight","param_value_internal":0.9640809099898022,"distribution":"{\"name\": \"FloatDistribution\", \"attributes\": {\"step\": null, \"low\": 0.0, \"high\": 1.5, \"log\": false}}"}
{"op_code":8,"worker_id":"eb9a8549-8928-4cdd-b159-2998eaa90d1b-11668","trial_id":63,"user_attr":{"pruned_reasons":["M2 (Yearly Tail IC Mean <= 0)","M3 (Hit Rate < 60%)","M5 (Monotonicity <= 0.25)","M6 (Top-Bottom Spread <= 0)","Side-specific Yearly Tail IC Mean (-0.0096 <= 0)","Yearly Daily Win Rate (44.44% < 45%)","Side-specific Yearly Daily Win Rate (41.59% < 45%)"]}}
{"op_code":5,"worker_id":"3463fa7d-16c6-45d7-a670-443a1f437c1d-31524","trial_id":68,"param_name":"unified_alpha","param_value_internal":3.428276166491112e-05,"distribution":"{\"name\": \"FloatDistribution\", \"attributes\": {\"step\": null, \"low\": 1e-05, \"high\": 10.0, \"log\": true}}"}
{"op_code":8,"worker_id":"eb9a8549-8928-4cdd-b159-2998eaa90d1b-11668","trial_id":63,"user_attr":{"gini":0.3827653788092844}}
{"op_code":5,"worker_id":"a7457a7f-61ae-4577-acaf-d94bf8d9591c-27064","trial_id":67,"param_name":"unified_rho","param_value_internal":0.792441508781923,"distribution":"{\"name\": \"FloatDistribution\", \"attributes\": {\"step\": null, \"low\": 0.0, \"high\": 1.0, \"log\": false}}"}
{"op_code":5,"worker_id":"3463fa7d-16c6-45d7-a670-443a1f437c1d-31524","trial_id":68,"param_name":"unified_rho","param_value_internal":0.8024070075569367,"distribution":"{\"name\": \"FloatDistribution\", \"attributes\": {\"step\": null, \"low\": 0.0, \"high\": 1.0, \"log\": false}}"}
{"op_code":8,"worker_id":"eb9a8549-8928-4cdd-b159-2998eaa90d1b-11668","trial_id":63,"user_attr":{"cv_is_ics":[0.09725122153759003,0.09005383402109146,0.08718384057283401,0.07678698748350143,0.09918704628944397,0.09612557291984558,0.04921165853738785,0.05184047669172287,0.09537557512521744,0.10351991653442383,0.10741781443357468,0.12328822910785675,0.05552945286035538,0.11333023011684418,0.08835573494434357]}}
{"op_code":5,"worker_id":"3463fa7d-16c6-45d7-a670-443a1f437c1d-31524","trial_id":68,"param_name":"unified_gamma","param_value_internal":106.18618698359784,"distribution":"{\"name\": \"FloatDistribution\", \"attributes\": {\"step\": null, \"low\": 1.5, \"high\": 10000.0, \"log\": true}}"}
{"op_code":8,"worker_id":"2527cdc8-a3fc-4ec8-abe8-95a3dcf1caa3-8896","trial_id":64,"user_attr":{"gini":0.3877759063050088}}
{"op_code":5,"worker_id":"3463fa7d-16c6-45d7-a670-443a1f437c1d-31524","trial_id":68,"param_name":"huber_delta","param_value_internal":4.250167116156207,"distribution":"{\"name\": \"FloatDistribution\", \"attributes\": {\"step\": null, \"low\": 0.5, \"high\": 5.0, \"log\": false}}"}
{"op_code":8,"worker_id":"eb9a8549-8928-4cdd-b159-2998eaa90d1b-11668","trial_id":63,"user_attr":{"cv_oos_ics":[-0.02788550592958927,0.028950711712241173,-0.05390798673033714,0.026981597766280174,0.035043273121118546,0.014407088980078697,0.052932217717170715,0.08099307119846344,0.012279709801077843,-0.014154529199004173,0.030404020100831985,0.022450637072324753,0.06372110545635223,0.028304696083068848,0.08417917788028717]}}
{"op_code":9,"worker_id":"5d8d3205-561f-47c9-8bf8-785456a45d46-16052","trial_id":60,"system_attr":{"constraints":[-0.012584962067403185,0.03770411452782274,0.26666666666666666,0.10454545454545455,0.09720015145165639,-37.0,-8.0,0.019154869154869154,0.0,-1405.6302724275856,0.009027777777777746,0.029497354497354578]}}
{"op_code":8,"worker_id":"2527cdc8-a3fc-4ec8-abe8-95a3dcf1caa3-8896","trial_id":64,"user_attr":{"cv_is_ics":[0.09743128716945648,0.09023641049861908,0.08639541268348694,0.07751160115003586,0.10009105503559113,0.09436690807342529,0.04579219967126846,0.049981359392404556,0.09437558054924011,0.10070829093456268,0.1045374944806099,0.12175082415342331,0.05286617577075958,0.11037783324718475,0.08712201565504074]}}
{"op_code":8,"worker_id":"2527cdc8-a3fc-4ec8-abe8-95a3dcf1caa3-8896","trial_id":64,"user_attr":{"cv_oos_ics":[-0.02801392413675785,0.02900281921029091,-0.053006358444690704,0.02719145081937313,0.0357833206653595,0.01824423484504223,0.05336815491318703,0.07960367947816849,0.012323042377829552,-0.017408955842256546,0.03016725927591324,0.02384646236896515,0.06402349472045898,0.026289083063602448,0.08344195038080215]}}
{"op_code":8,"worker_id":"72017e91-33f1-436d-b8e2-11e0e4f16dc5-4680","trial_id":66,"user_attr":{"constraints":[-0.025500430097787043,0.026445194454312985,0.26666666666666666,0.09242424242424244,0.0949499355851569,-60.0,-8.0,0.12133204633204635,0.16666666666666669,-1307.772943321678,-0.001388888888888884,0.005687830687830631]}}
{"op_code":6,"worker_id":"5d8d3205-561f-47c9-8bf8-785456a45d46-16052","trial_id":60,"state":1,"values":[-0.2839899447068067],"datetime_complete":"2026-07-14T11:45:14.796695"}
{"op_code":8,"worker_id":"72017e91-33f1-436d-b8e2-11e0e4f16dc5-4680","trial_id":66,"user_attr":{"pruned_reasons":["M2 (Yearly Tail IC Mean <= 0)","M3 (Hit Rate < 60%)","M5 (Monotonicity <= 0.25)","M6 (Top-Bottom Spread <= 0)","Side-specific Yearly Tail IC Mean (-0.1213 <= 0)","Side-specific Hit Rate (33.33% < 50%)","Side-specific Yearly Daily Win Rate (44.43% < 45%)"]}}
{"op_code":8,"worker_id":"2527cdc8-a3fc-4ec8-abe8-95a3dcf1caa3-8896","trial_id":64,"user_attr":{"reg_kappa":3.5100017097005387}}
{"op_code":5,"worker_id":"a7457a7f-61ae-4577-acaf-d94bf8d9591c-27064","trial_id":67,"param_name":"unified_gamma","param_value_internal":100.90237051668936,"distribution":"{\"name\": \"FloatDistribution\", \"attributes\": {\"step\": null, \"low\": 1.5, \"high\": 10000.0, \"log\": true}}"}
{"op_code":9,"worker_id":"45fd7bbd-41dd-4359-94d6-6a1d02335f57-22852","trial_id":43,"system_attr":{"constraints":[-0.021352559402903093,0.05717695846875178,0.26666666666666666,0.062121212121212105,0.09228668260595035,-43.0,-8.0,0.12649077649077647,0.16666666666666669,-1373.7549568096665,-0.004861111111111094,0.005687830687830631]}}
{"op_code":5,"worker_id":"a7457a7f-61ae-4577-acaf-d94bf8d9591c-27064","trial_id":67,"param_name":"huber_delta","param_value_internal":4.273493515610895,"distribution":"{\"name\": \"FloatDistribution\", \"attributes\": {\"step\": null, \"low\": 0.5, \"high\": 5.0, \"log\": false}}"}
{"op_code":8,"worker_id":"2527cdc8-a3fc-4ec8-abe8-95a3dcf1caa3-8896","trial_id":64,"user_attr":{"raw_metrics":[-0.2560018957975438,-0.03515923455133183,0.3333333333333333,0.013840956220085241,0.1272727272727273,-0.11512374018991572,-0.2544367962874724,-0.4206039309501648,0.4444444444444444]}}
{"op_code":8,"worker_id":"2527cdc8-a3fc-4ec8-abe8-95a3dcf1caa3-8896","trial_id":64,"user_attr":{"val_metrics":[0.08308070532967576,-0.019701566195009124,0.7212121212121212,0.2187280539609492,-6.010645293560723]}}
{"op_code":8,"worker_id":"72017e91-33f1-436d-b8e2-11e0e4f16dc5-4680","trial_id":66,"user_attr":{"gini":0.37133371340372845}}
{"op_code":8,"worker_id":"72017e91-33f1-436d-b8e2-11e0e4f16dc5-4680","trial_id":66,"user_attr":{"cv_is_ics":[0.10303918272256851,0.09332682937383652,0.0912269800901413,0.07858693599700928,0.1002163514494896,0.10048510879278183,0.05731162056326866,0.05816900357604027,0.09919364750385284,0.10555139929056168,0.10928172618150711,0.12570953369140625,0.05952656269073486,0.11284545809030533,0.09025856107473373]}}
{"op_code":8,"worker_id":"72017e91-33f1-436d-b8e2-11e0e4f16dc5-4680","trial_id":66,"user_attr":{"cv_oos_ics":[-0.02885247953236103,0.03453971445560455,-0.05695412680506706,0.02289316989481449,0.03726411610841751,0.018714623525738716,0.0529162734746933,0.0799470767378807,0.015514005906879902,-0.013444958254694939,0.02911870740354061,0.024187620729207993,0.06705184280872345,0.030821673572063446,0.0843883603811264]}}
{"op_code":8,"worker_id":"72017e91-33f1-436d-b8e2-11e0e4f16dc5-4680","trial_id":66,"user_attr":{"reg_kappa":3.2775670848162473}}
{"op_code":8,"worker_id":"72017e91-33f1-436d-b8e2-11e0e4f16dc5-4680","trial_id":66,"user_attr":{"raw_metrics":[-0.16940306033223085,-0.026445194454312985,0.3333333333333333,0.025500430097787043,0.15757575757575756,-0.0949499355851569,-0.17608576608297485,-0.3174106776714325,0.4513888888888889]}}
{"op_code":8,"worker_id":"2527cdc8-a3fc-4ec8-abe8-95a3dcf1caa3-8896","trial_id":64,"user_attr":{"deflated_objective":-1.38638542368244}}
{"op_code":9,"worker_id":"2527cdc8-a3fc-4ec8-abe8-95a3dcf1caa3-8896","trial_id":64,"system_attr":{"constraints":[-0.013840956220085241,0.03515923455133183,0.26666666666666666,0.12272727272727271,0.11512374018991572,-38.0,-8.0,0.0027992277992277916,0.0,-1400.5159344170083,0.005555555555555591,0.03412698412698423]}}
{"op_code":6,"worker_id":"2527cdc8-a3fc-4ec8-abe8-95a3dcf1caa3-8896","trial_id":64,"state":1,"values":[-0.9679371221501603],"datetime_complete":"2026-07-14T11:45:14.824490"}
{"op_code":8,"worker_id":"72017e91-33f1-436d-b8e2-11e0e4f16dc5-4680","trial_id":66,"user_attr":{"val_metrics":[0.0825952078418677,-0.07651813126375975,0.6242424242424243,0.2106285185366869,-4.729956980311021]}}
{"op_code":8,"worker_id":"8aa720ae-85de-428e-a2dc-c57410ccdf36-20880","trial_id":22,"user_attr":{"raw_metrics":[-0.7255326317175368,-0.10128444672517621,0.3333333333333333,0.03558806485367014,0.05656565656565656,-0.11478543037445178,-0.11408472327423134,-0.18686506152153015,0.4277777777777778]}}
{"op_code":8,"worker_id":"72017e91-33f1-436d-b8e2-11e0e4f16dc5-4680","trial_id":66,"user_attr":{"deflated_objective":-0.9012922606058329}}
{"op_code":8,"worker_id":"8aa720ae-85de-428e-a2dc-c57410ccdf36-20880","trial_id":22,"user_attr":{"val_metrics":[0.08659042144954916,0.00216730753164604,0.7575757575757576,0.26418633987506235,-3.7162904777691166]}}
{"op_code":9,"worker_id":"72017e91-33f1-436d-b8e2-11e0e4f16dc5-4680","trial_id":66,"system_attr":{"constraints":[-0.025500430097787043,0.026445194454312985,0.26666666666666666,0.09242424242424244,0.0949499355851569,-60.0,-8.0,0.12133204633204635,0.16666666666666669,-1307.772943321678,-0.001388888888888884,0.005687830687830631]}}
{"op_code":8,"worker_id":"cf30fe5c-0140-4eb1-a476-72309a450296-19068","trial_id":61,"user_attr":{"deflated_objective":-0.960808605995924}}
{"op_code":8,"worker_id":"3463fa7d-16c6-45d7-a670-443a1f437c1d-31524","trial_id":68,"user_attr":{"constraints":[-0.025905413317278136,0.028163967069742144,0.26666666666666666,0.10454545454545452,0.0949499355851569,-59.0,-8.0,0.13295795795795798,0.16666666666666669,-1310.4712539483264,-0.001388888888888884,0.001058201058201036]}}
{"op_code":9,"worker_id":"cf30fe5c-0140-4eb1-a476-72309a450296-19068","trial_id":61,"system_attr":{"constraints":[-0.029274550152521103,0.03058220064299093,0.26666666666666666,0.052020202020201994,0.09770197962048566,-61.0,-8.0,0.014972114972114961,0.16666666666666669,-1306.6331167118121,0.005555555555555591,0.03412698412698423]}}
{"op_code":6,"worker_id":"cf30fe5c-0140-4eb1-a476-72309a450296-19068","trial_id":61,"state":1,"values":[-0.5424029031231513],"datetime_complete":"2026-07-14T11:45:14.840232"}
{"op_code":8,"worker_id":"8aa720ae-85de-428e-a2dc-c57410ccdf36-20880","trial_id":22,"user_attr":{"deflated_objective":-0.4517593920214171}}
{"op_code":6,"worker_id":"45fd7bbd-41dd-4359-94d6-6a1d02335f57-22852","trial_id":43,"state":1,"values":[-0.24177551967317548],"datetime_complete":"2026-07-14T11:45:14.808870"}
{"op_code":6,"worker_id":"72017e91-33f1-436d-b8e2-11e0e4f16dc5-4680","trial_id":66,"state":1,"values":[-0.48813394237151075],"datetime_complete":"2026-07-14T11:45:14.836405"}
{"op_code":6,"worker_id":"cfc22acc-5363-46d5-88fc-6a6655fbe797-14384","trial_id":3,"state":1,"values":[-1.59845682418177],"datetime_complete":"2026-07-14T11:45:13.817151"}
{"op_code":9,"worker_id":"8aa720ae-85de-428e-a2dc-c57410ccdf36-20880","trial_id":22,"system_attr":{"constraints":[-0.03558806485367014,0.10128444672517621,0.26666666666666666,0.19343434343434343,0.11478543037445178,-100.0,-8.0,0.1409051909051909,0.16666666666666669,-1216.062368062344,0.0222222222222222,0.01031746031746028]}}
{"op_code":6,"worker_id":"8aa720ae-85de-428e-a2dc-c57410ccdf36-20880","trial_id":22,"state":1,"values":[-0.0374603111875524],"datetime_complete":"2026-07-14T11:45:14.849267"}
{"op_code":4,"worker_id":"7aa6c2b8-8375-4d7e-9267-3775aedfe457-8896","study_id":0,"datetime_start":"2026-07-14T11:45:14.834523"}
{"op_code":4,"worker_id":"0164b137-c299-4378-92a5-550f92b46640-19068","study_id":0,"datetime_start":"2026-07-14T11:45:14.852419"}
{"op_code":5,"worker_id":"7aa6c2b8-8375-4d7e-9267-3775aedfe457-8896","trial_id":69,"param_name":"k_weight","param_value_internal":0.6105368994519624,"distribution":"{\"name\": \"FloatDistribution\", \"attributes\": {\"step\": null, \"low\": 0.0, \"high\": 1.5, \"log\": false}}"}
{"op_code":8,"worker_id":"3463fa7d-16c6-45d7-a670-443a1f437c1d-31524","trial_id":68,"user_attr":{"pruned_reasons":["M2 (Yearly Tail IC Mean <= 0)","M3 (Hit Rate < 60%)","M5 (Monotonicity <= 0.25)","M6 (Top-Bottom Spread <= 0)","Side-specific Yearly Tail IC Mean (-0.1330 <= 0)","Side-specific Hit Rate (33.33% < 50%)","Side-specific Yearly Daily Win Rate (44.89% < 45%)"]}}
{"op_code":4,"worker_id":"e7750f5c-40db-4cdd-b33f-33f70df19e64-4680","study_id":0,"datetime_start":"2026-07-14T11:45:14.857975"}
{"op_code":5,"worker_id":"0164b137-c299-4378-92a5-550f92b46640-19068","trial_id":70,"param_name":"k_weight","param_value_internal":1.3748737640290647,"distribution":"{\"name\": \"FloatDistribution\", \"attributes\": {\"step\": null, \"low\": 0.0, \"high\": 1.5, \"log\": false}}"}
{"op_code":5,"worker_id":"e7750f5c-40db-4cdd-b33f-33f70df19e64-4680","trial_id":71,"param_name":"k_weight","param_value_internal":1.3543730670793734,"distribution":"{\"name\": \"FloatDistribution\", \"attributes\": {\"step\": null, \"low\": 0.0, \"high\": 1.5, \"log\": false}}"}
{"op_code":5,"worker_id":"0164b137-c299-4378-92a5-550f92b46640-19068","trial_id":70,"param_name":"unified_alpha","param_value_internal":7.072249135237563e-05,"distribution":"{\"name\": \"FloatDistribution\", \"attributes\": {\"step\": null, \"low\": 1e-05, \"high\": 10.0, \"log\": true}}"}
{"op_code":5,"worker_id":"e7750f5c-40db-4cdd-b33f-33f70df19e64-4680","trial_id":71,"param_name":"unified_alpha","param_value_internal":1.0240859204966024e-05,"distribution":"{\"name\": \"FloatDistribution\", \"attributes\": {\"step\": null, \"low\": 1e-05, \"high\": 10.0, \"log\": true}}"}
{"op_code":5,"worker_id":"0164b137-c299-4378-92a5-550f92b46640-19068","trial_id":70,"param_name":"unified_rho","param_value_internal":0.7974439985835992,"distribution":"{\"name\": \"FloatDistribution\", \"attributes\": {\"step\": null, \"low\": 0.0, \"high\": 1.0, \"log\": false}}"}
{"op_code":5,"worker_id":"e7750f5c-40db-4cdd-b33f-33f70df19e64-4680","trial_id":71,"param_name":"unified_rho","param_value_internal":0.8480114818844181,"distribution":"{\"name\": \"FloatDistribution\", \"attributes\": {\"step\": null, \"low\": 0.0, \"high\": 1.0, \"log\": false}}"}
{"op_code":5,"worker_id":"0164b137-c299-4378-92a5-550f92b46640-19068","trial_id":70,"param_name":"unified_gamma","param_value_internal":35.65212707666661,"distribution":"{\"name\": \"FloatDistribution\", \"attributes\": {\"step\": null, \"low\": 1.5, \"high\": 10000.0, \"log\": true}}"}
{"op_code":5,"worker_id":"e7750f5c-40db-4cdd-b33f-33f70df19e64-4680","trial_id":71,"param_name":"unified_gamma","param_value_internal":34.02582507732245,"distribution":"{\"name\": \"FloatDistribution\", \"attributes\": {\"step\": null, \"low\": 1.5, \"high\": 10000.0, \"log\": true}}"}
{"op_code":5,"worker_id":"0164b137-c299-4378-92a5-550f92b46640-19068","trial_id":70,"param_name":"huber_delta","param_value_internal":4.020758449064812,"distribution":"{\"name\": \"FloatDistribution\", \"attributes\": {\"step\": null, \"low\": 0.5, \"high\": 5.0, \"log\": false}}"}
{"op_code":5,"worker_id":"e7750f5c-40db-4cdd-b33f-33f70df19e64-4680","trial_id":71,"param_name":"huber_delta","param_value_internal":4.308185052038859,"distribution":"{\"name\": \"FloatDistribution\", \"attributes\": {\"step\": null, \"low\": 0.5, \"high\": 5.0, \"log\": false}}"}
{"op_code":8,"worker_id":"3463fa7d-16c6-45d7-a670-443a1f437c1d-31524","trial_id":68,"user_attr":{"gini":0.37192593729813805}}
{"op_code":8,"worker_id":"3463fa7d-16c6-45d7-a670-443a1f437c1d-31524","trial_id":68,"user_attr":{"cv_is_ics":[0.10244070738554001,0.09292780607938766,0.09120064228773117,0.07885918766260147,0.10005224496126175,0.10060857236385345,0.05778719112277031,0.05840900167822838,0.09917567670345306,0.10620594769716263,0.10943763703107834,0.1256524622440338,0.05981041491031647,0.11355631798505783,0.09072482585906982]}}
{"op_code":8,"worker_id":"3463fa7d-16c6-45d7-a670-443a1f437c1d-31524","trial_id":68,"user_attr":{"cv_oos_ics":[-0.02700808271765709,0.033632535487413406,-0.05700552463531494,0.023885060101747513,0.03666423261165619,0.019000502303242683,0.05199001729488373,0.08056908845901489,0.01576835662126541,-0.01312206406146288,0.028408139944076538,0.02367524802684784,0.06632404774427414,0.02987879514694214,0.08436845988035202]}}
{"op_code":8,"worker_id":"3463fa7d-16c6-45d7-a670-443a1f437c1d-31524","trial_id":68,"user_attr":{"reg_kappa":3.284353656654161}}
{"op_code":8,"worker_id":"3463fa7d-16c6-45d7-a670-443a1f437c1d-31524","trial_id":68,"user_attr":{"raw_metrics":[-0.18093016545222995,-0.028163967069742144,0.3333333333333333,0.025905413317278136,0.14545454545454548,-0.0949499355851569,-0.17819827457014065,-0.3190007507801056,0.4513888888888889]}}
{"op_code":8,"worker_id":"3463fa7d-16c6-45d7-a670-443a1f437c1d-31524","trial_id":68,"user_attr":{"val_metrics":[0.08144188995093349,-0.07950631129549235,0.6363636363636364,0.24796401420608163,-4.729731573320733]}}
{"op_code":4,"worker_id":"f24788b4-5eb9-48c3-b893-2b964b65d0c2-22852","study_id":0,"datetime_start":"2026-07-14T11:45:14.854542"}
{"op_code":8,"worker_id":"a7457a7f-61ae-4577-acaf-d94bf8d9591c-27064","trial_id":67,"user_attr":{"constraints":[-0.02736444533271325,0.0466956802063185,0.26666666666666666,0.023737373737373724,0.09367066189388018,-63.0,-8.0,0.1305984555984556,0.16666666666666669,-1300.6106550794443,-0.001388888888888884,0.005687830687830631]}}
{"op_code":8,"worker_id":"a7457a7f-61ae-4577-acaf-d94bf8d9591c-27064","trial_id":67,"user_attr":{"pruned_reasons":["M2 (Yearly Tail IC Mean <= 0)","M3 (Hit Rate < 60%)","M5 (Monotonicity <= 0.25)","M6 (Top-Bottom Spread <= 0)","Side-specific Yearly Tail IC Mean (-0.1306 <= 0)","Side-specific Hit Rate (33.33% < 50%)","Side-specific Yearly Daily Win Rate (44.43% < 45%)"]}}
{"op_code":8,"worker_id":"a7457a7f-61ae-4577-acaf-d94bf8d9591c-27064","trial_id":67,"user_attr":{"gini":0.3693235899310805}}
{"op_code":8,"worker_id":"3463fa7d-16c6-45d7-a670-443a1f437c1d-31524","trial_id":68,"user_attr":{"deflated_objective":-0.9036989374183655}}
{"op_code":4,"worker_id":"96871fa8-6f47-483c-9690-9375cfe6fefa-16052","study_id":0,"datetime_start":"2026-07-14T11:45:14.894243"}
{"op_code":9,"worker_id":"3463fa7d-16c6-45d7-a670-443a1f437c1d-31524","trial_id":68,"system_attr":{"constraints":[-0.025905413317278136,0.028163967069742144,0.26666666666666666,0.10454545454545452,0.0949499355851569,-59.0,-8.0,0.13295795795795798,0.16666666666666669,-1310.4712539483264,-0.001388888888888884,0.001058201058201036]}}
{"op_code":6,"worker_id":"3463fa7d-16c6-45d7-a670-443a1f437c1d-31524","trial_id":68,"state":1,"values":[-0.4881422621650599],"datetime_complete":"2026-07-14T11:45:14.898673"}
{"op_code":5,"worker_id":"96871fa8-6f47-483c-9690-9375cfe6fefa-16052","trial_id":73,"param_name":"k_weight","param_value_internal":1.3491078272451402,"distribution":"{\"name\": \"FloatDistribution\", \"attributes\": {\"step\": null, \"low\": 0.0, \"high\": 1.5, \"log\": false}}"}
{"op_code":5,"worker_id":"96871fa8-6f47-483c-9690-9375cfe6fefa-16052","trial_id":73,"param_name":"unified_alpha","param_value_internal":7.348984340465502e-05,"distribution":"{\"name\": \"FloatDistribution\", \"attributes\": {\"step\": null, \"low\": 1e-05, \"high\": 10.0, \"log\": true}}"}
{"op_code":5,"worker_id":"96871fa8-6f47-483c-9690-9375cfe6fefa-16052","trial_id":73,"param_name":"unified_rho","param_value_internal":0.8017637380670215,"distribution":"{\"name\": \"FloatDistribution\", \"attributes\": {\"step\": null, \"low\": 0.0, \"high\": 1.0, \"log\": false}}"}
{"op_code":5,"worker_id":"96871fa8-6f47-483c-9690-9375cfe6fefa-16052","trial_id":73,"param_name":"unified_gamma","param_value_internal":33.67333135859259,"distribution":"{\"name\": \"FloatDistribution\", \"attributes\": {\"step\": null, \"low\": 1.5, \"high\": 10000.0, \"log\": true}}"}
{"op_code":4,"worker_id":"0ac88dbd-37f6-4238-9d58-ca87bc706427-31524","study_id":0,"datetime_start":"2026-07-14T11:45:14.911107"}
{"op_code":8,"worker_id":"0164b137-c299-4378-92a5-550f92b46640-19068","trial_id":70,"user_attr":{"constraints":[-0.01186339470647945,0.039205779023408195,0.26666666666666666,0.1267676767676768,0.09733563910083225,-35.0,-8.0,0.007732732732732728,0.0,-1414.663161223637,0.002083333333333326,0.03412698412698423]}}
{"op_code":8,"worker_id":"e7750f5c-40db-4cdd-b33f-33f70df19e64-4680","trial_id":71,"user_attr":{"constraints":[-0.012276383905846287,0.03465264893836322,0.26666666666666666,0.1388888888888889,0.11111093798807513,-36.0,-8.0,-0.031435006435006435,0.0,-1408.4229088935376,0.002083333333333326,0.04338624338624342]}}
{"op_code":5,"worker_id":"0ac88dbd-37f6-4238-9d58-ca87bc706427-31524","trial_id":74,"param_name":"k_weight","param_value_internal":1.3390093259504918,"distribution":"{\"name\": \"FloatDistribution\", \"attributes\": {\"step\": null, \"low\": 0.0, \"high\": 1.5, \"log\": false}}"}
{"op_code":8,"worker_id":"e7750f5c-40db-4cdd-b33f-33f70df19e64-4680","trial_id":71,"user_attr":{"pruned_reasons":["M2 (Yearly Tail IC Mean <= 0)","M3 (Hit Rate < 60%)","M5 (Monotonicity <= 0.25)","M6 (Top-Bottom Spread <= 0)","Yearly Daily Win Rate (44.79% < 45%)","Side-specific Yearly Daily Win Rate (40.66% < 45%)"]}}
{"op_code":8,"worker_id":"e7750f5c-40db-4cdd-b33f-33f70df19e64-4680","trial_id":71,"user_attr":{"gini":0.3863019713366278}}
{"op_code":8,"worker_id":"e7750f5c-40db-4cdd-b33f-33f70df19e64-4680","trial_id":71,"user_attr":{"cv_is_ics":[0.09689042717218399,0.08985919505357742,0.08598591387271881,0.07671314477920532,0.09934722632169724,0.09456093609333038,0.04621044173836708,0.05025801062583923,0.09468110650777817,0.10147888958454132,0.10553357005119324,0.12185731530189514,0.05360148102045059,0.11130520701408386,0.08751992136240005]}}
{"op_code":5,"worker_id":"0ac88dbd-37f6-4238-9d58-ca87bc706427-31524","trial_id":74,"param_name":"unified_alpha","param_value_internal":6.61006944538593e-05,"distribution":"{\"name\": \"FloatDistribution\", \"attributes\": {\"step\": null, \"low\": 1e-05, \"high\": 10.0, \"log\": true}}"}
{"op_code":5,"worker_id":"7aa6c2b8-8375-4d7e-9267-3775aedfe457-8896","trial_id":69,"param_name":"unified_alpha","param_value_internal":7.181580705209613e-05,"distribution":"{\"name\": \"FloatDistribution\", \"attributes\": {\"step\": null, \"low\": 1e-05, \"high\": 10.0, \"log\": true}}"}
{"op_code":8,"worker_id":"eb9a8549-8928-4cdd-b159-2998eaa90d1b-11668","trial_id":63,"user_attr":{"reg_kappa":3.5032167399836083}}
{"op_code":8,"worker_id":"e7750f5c-40db-4cdd-b33f-33f70df19e64-4680","trial_id":71,"user_attr":{"cv_oos_ics":[-0.028452422469854355,0.02879837527871132,-0.05200749263167381,0.02791326493024826,0.03538541868329048,0.01732409931719303,0.053051240742206573,0.08073210716247559,0.012656578794121742,-0.0161223616451025,0.02942821942269802,0.023527465760707855,0.06352150440216064,0.027856970205903053,0.0838930681347847]}}
{"op_code":8,"worker_id":"eb9a8549-8928-4cdd-b159-2998eaa90d1b-11668","trial_id":63,"user_attr":{"raw_metrics":[-0.27746523693002395,-0.03906104027684575,0.3333333333333333,0.012622641204734579,0.1595959595959596,-0.11033116092439739,-0.25201890774837127,-0.4090922176837921,0.4444444444444445]}}
{"op_code":5,"worker_id":"0ac88dbd-37f6-4238-9d58-ca87bc706427-31524","trial_id":74,"param_name":"unified_rho","param_value_internal":0.4436853592498201,"distribution":"{\"name\": \"FloatDistribution\", \"attributes\": {\"step\": null, \"low\": 0.0, \"high\": 1.0, \"log\": false}}"}
{"op_code":5,"worker_id":"7aa6c2b8-8375-4d7e-9267-3775aedfe457-8896","trial_id":69,"param_name":"unified_rho","param_value_internal":0.8220997058716054,"distribution":"{\"name\": \"FloatDistribution\", \"attributes\": {\"step\": null, \"low\": 0.0, \"high\": 1.0, \"log\": false}}"}
{"op_code":8,"worker_id":"e7750f5c-40db-4cdd-b33f-33f70df19e64-4680","trial_id":71,"user_attr":{"reg_kappa":3.529872783708546}}
{"op_code":5,"worker_id":"7aa6c2b8-8375-4d7e-9267-3775aedfe457-8896","trial_id":69,"param_name":"unified_gamma","param_value_internal":8.7437697066529,"distribution":"{\"name\": \"FloatDistribution\", \"attributes\": {\"step\": null, \"low\": 1.5, \"high\": 10000.0, \"log\": true}}"}
{"op_code":8,"worker_id":"e7750f5c-40db-4cdd-b33f-33f70df19e64-4680","trial_id":71,"user_attr":{"raw_metrics":[-0.2442948621427524,-0.03465264893836322,0.3333333333333333,0.012276383905846287,0.1111111111111111,-0.11111093798807513,-0.2615282819540396,-0.4235866069793701,0.4479166666666667]}}
{"op_code":5,"worker_id":"0ac88dbd-37f6-4238-9d58-ca87bc706427-31524","trial_id":74,"param_name":"unified_gamma","param_value_internal":8.33427754349008,"distribution":"{\"name\": \"FloatDistribution\", \"attributes\": {\"step\": null, \"low\": 1.5, \"high\": 10000.0, \"log\": true}}"}
{"op_code":8,"worker_id":"eb9a8549-8928-4cdd-b159-2998eaa90d1b-11668","trial_id":63,"user_attr":{"val_metrics":[0.08107808046394555,-0.08797302404895294,0.5272727272727272,0.2534377638436854,-5.160562507577934]}}
{"op_code":5,"worker_id":"0ac88dbd-37f6-4238-9d58-ca87bc706427-31524","trial_id":74,"param_name":"huber_delta","param_value_internal":3.9831430936837737,"distribution":"{\"name\": \"FloatDistribution\", \"attributes\": {\"step\": null, \"low\": 0.5, \"high\": 5.0, \"log\": false}}"}
{"op_code":8,"worker_id":"e7750f5c-40db-4cdd-b33f-33f70df19e64-4680","trial_id":71,"user_attr":{"val_metrics":[0.08265291555359683,0.009899742632761138,0.696969696969697,0.215069392118603,-6.052336707269774]}}
{"op_code":4,"worker_id":"72e63316-b246-4a79-97a4-b8a31dda94f9-14384","study_id":0,"datetime_start":"2026-07-14T11:45:14.942832"}
{"op_code":5,"worker_id":"96871fa8-6f47-483c-9690-9375cfe6fefa-16052","trial_id":73,"param_name":"huber_delta","param_value_internal":4.00561077616009,"distribution":"{\"name\": \"FloatDistribution\", \"attributes\": {\"step\": null, \"low\": 0.5, \"high\": 5.0, \"log\": false}}"}
{"op_code":5,"worker_id":"7aa6c2b8-8375-4d7e-9267-3775aedfe457-8896","trial_id":69,"param_name":"huber_delta","param_value_internal":3.962797183343043,"distribution":"{\"name\": \"FloatDistribution\", \"attributes\": {\"step\": null, \"low\": 0.5, \"high\": 5.0, \"log\": false}}"}
{"op_code":8,"worker_id":"e7750f5c-40db-4cdd-b33f-33f70df19e64-4680","trial_id":71,"user_attr":{"deflated_objective":-1.3916716514891485}}
{"op_code":8,"worker_id":"0164b137-c299-4378-92a5-550f92b46640-19068","trial_id":70,"user_attr":{"pruned_reasons":["M2 (Yearly Tail IC Mean <= 0)","M3 (Hit Rate < 60%)","M5 (Monotonicity <= 0.25)","M6 (Top-Bottom Spread <= 0)","Side-specific Yearly Tail IC Mean (-0.0077 <= 0)","Yearly Daily Win Rate (44.79% < 45%)","Side-specific Yearly Daily Win Rate (41.59% < 45%)"]}}
{"op_code":5,"worker_id":"72e63316-b246-4a79-97a4-b8a31dda94f9-14384","trial_id":75,"param_name":"k_weight","param_value_internal":1.3104464511177443,"distribution":"{\"name\": \"FloatDistribution\", \"attributes\": {\"step\": null, \"low\": 0.0, \"high\": 1.5, \"log\": false}}"}
{"op_code":8,"worker_id":"0164b137-c299-4378-92a5-550f92b46640-19068","trial_id":70,"user_attr":{"gini":0.38359423161472717}}
{"op_code":5,"worker_id":"72e63316-b246-4a79-97a4-b8a31dda94f9-14384","trial_id":75,"param_name":"unified_alpha","param_value_internal":5.975540477011362e-05,"distribution":"{\"name\": \"FloatDistribution\", \"attributes\": {\"step\": null, \"low\": 1e-05, \"high\": 10.0, \"log\": true}}"}
{"op_code":4,"worker_id":"c6bdaf35-06a1-4021-89ec-4dcdc6f1e64a-20880","study_id":0,"datetime_start":"2026-07-14T11:45:14.947406"}
{"op_code":5,"worker_id":"72e63316-b246-4a79-97a4-b8a31dda94f9-14384","trial_id":75,"param_name":"unified_rho","param_value_internal":0.44430250368537183,"distribution":"{\"name\": \"FloatDistribution\", \"attributes\": {\"step\": null, \"low\": 0.0, \"high\": 1.0, \"log\": false}}"}
{"op_code":5,"worker_id":"c6bdaf35-06a1-4021-89ec-4dcdc6f1e64a-20880","trial_id":76,"param_name":"k_weight","param_value_internal":1.2987321902532842,"distribution":"{\"name\": \"FloatDistribution\", \"attributes\": {\"step\": null, \"low\": 0.0, \"high\": 1.5, \"log\": false}}"}
{"op_code":8,"worker_id":"eb9a8549-8928-4cdd-b159-2998eaa90d1b-11668","trial_id":63,"user_attr":{"deflated_objective":-1.0863473363515945}}
{"op_code":5,"worker_id":"c6bdaf35-06a1-4021-89ec-4dcdc6f1e64a-20880","trial_id":76,"param_name":"unified_alpha","param_value_internal":7.501538915303294e-05,"distribution":"{\"name\": \"FloatDistribution\", \"attributes\": {\"step\": null, \"low\": 1e-05, \"high\": 10.0, \"log\": true}}"}
{"op_code":9,"worker_id":"eb9a8549-8928-4cdd-b159-2998eaa90d1b-11668","trial_id":63,"system_attr":{"constraints":[-0.012622641204734579,0.03906104027684575,0.26666666666666666,0.0904040404040404,0.11033116092439739,-38.0,-8.0,0.009620334620334625,0.0,-1397.8068456684637,0.005555555555555536,0.03412698412698423]}}
{"op_code":6,"worker_id":"eb9a8549-8928-4cdd-b159-2998eaa90d1b-11668","trial_id":63,"state":1,"values":[-0.6748067928084477],"datetime_complete":"2026-07-14T11:45:14.965764"}
{"op_code":5,"worker_id":"c6bdaf35-06a1-4021-89ec-4dcdc6f1e64a-20880","trial_id":76,"param_name":"unified_rho","param_value_internal":0.41639944572220045,"distribution":"{\"name\": \"FloatDistribution\", \"attributes\": {\"step\": null, \"low\": 0.0, \"high\": 1.0, \"log\": false}}"}
{"op_code":5,"worker_id":"72e63316-b246-4a79-97a4-b8a31dda94f9-14384","trial_id":75,"param_name":"unified_gamma","param_value_internal":35.21336647970317,"distribution":"{\"name\": \"FloatDistribution\", \"attributes\": {\"step\": null, \"low\": 1.5, \"high\": 10000.0, \"log\": true}}"}
{"op_code":5,"worker_id":"c6bdaf35-06a1-4021-89ec-4dcdc6f1e64a-20880","trial_id":76,"param_name":"unified_gamma","param_value_internal":36.98677270839862,"distribution":"{\"name\": \"FloatDistribution\", \"attributes\": {\"step\": null, \"low\": 1.5, \"high\": 10000.0, \"log\": true}}"}
{"op_code":5,"worker_id":"72e63316-b246-4a79-97a4-b8a31dda94f9-14384","trial_id":75,"param_name":"huber_delta","param_value_internal":3.9590778062878305,"distribution":"{\"name\": \"FloatDistribution\", \"attributes\": {\"step\": null, \"low\": 0.5, \"high\": 5.0, \"log\": false}}"}
{"op_code":5,"worker_id":"c6bdaf35-06a1-4021-89ec-4dcdc6f1e64a-20880","trial_id":76,"param_name":"huber_delta","param_value_internal":4.041950019977985,"distribution":"{\"name\": \"FloatDistribution\", \"attributes\": {\"step\": null, \"low\": 0.5, \"high\": 5.0, \"log\": false}}"}
{"op_code":4,"worker_id":"60a9ec0a-8b58-431c-8657-83691ce849f7-11668","study_id":0,"datetime_start":"2026-07-14T11:45:14.976270"}
{"op_code":5,"worker_id":"60a9ec0a-8b58-431c-8657-83691ce849f7-11668","trial_id":77,"param_name":"k_weight","param_value_internal":1.3594118149505126,"distribution":"{\"name\": \"FloatDistribution\", \"attributes\": {\"step\": null, \"low\": 0.0, \"high\": 1.5, \"log\": false}}"}
{"op_code":5,"worker_id":"60a9ec0a-8b58-431c-8657-83691ce849f7-11668","trial_id":77,"param_name":"unified_alpha","param_value_internal":7.979839734895028e-05,"distribution":"{\"name\": \"FloatDistribution\", \"attributes\": {\"step\": null, \"low\": 1e-05, \"high\": 10.0, \"log\": true}}"}
{"op_code":5,"worker_id":"60a9ec0a-8b58-431c-8657-83691ce849f7-11668","trial_id":77,"param_name":"unified_rho","param_value_internal":0.427280029488123,"distribution":"{\"name\": \"FloatDistribution\", \"attributes\": {\"step\": null, \"low\": 0.0, \"high\": 1.0, \"log\": false}}"}
{"op_code":5,"worker_id":"60a9ec0a-8b58-431c-8657-83691ce849f7-11668","trial_id":77,"param_name":"unified_gamma","param_value_internal":34.24219245791429,"distribution":"{\"name\": \"FloatDistribution\", \"attributes\": {\"step\": null, \"low\": 1.5, \"high\": 10000.0, \"log\": true}}"}
{"op_code":8,"worker_id":"0164b137-c299-4378-92a5-550f92b46640-19068","trial_id":70,"user_attr":{"cv_is_ics":[0.09756563603878021,0.0892760306596756,0.08594605326652527,0.07681266218423843,0.0990402102470398,0.09730162471532822,0.04996335878968239,0.0520649328827858,0.09531649202108383,0.10400160402059555,0.10785531997680664,0.12382187694311142,0.055172573775053024,0.1151290014386177,0.088468998670578]}}
{"op_code":8,"worker_id":"0ac88dbd-37f6-4238-9d58-ca87bc706427-31524","trial_id":74,"user_attr":{"constraints":[-0.012725949261942163,0.03674522033184648,0.26666666666666666,0.10454545454545455,0.09720015145165639,-37.0,-8.0,0.017610467610467622,0.0,-1403.8300930293537,0.009027777777777746,0.029497354497354578]}}
{"op_code":8,"worker_id":"7aa6c2b8-8375-4d7e-9267-3775aedfe457-8896","trial_id":69,"user_attr":{"constraints":[-0.03678294965087168,0.09027849050645403,0.26666666666666666,0.025757575757575757,0.11557456941343842,-85.0,-8.0,0.14914199914199913,0.16666666666666669,-1246.624873190862,0.018750000000000044,0.001058201058201036]}}
{"op_code":5,"worker_id":"60a9ec0a-8b58-431c-8657-83691ce849f7-11668","trial_id":77,"param_name":"huber_delta","param_value_internal":3.9886762855481064,"distribution":"{\"name\": \"FloatDistribution\", \"attributes\": {\"step\": null, \"low\": 0.5, \"high\": 5.0, \"log\": false}}"}
{"op_code":8,"worker_id":"0164b137-c299-4378-92a5-550f92b46640-19068","trial_id":70,"user_attr":{"cv_oos_ics":[-0.025686323642730713,0.027732454240322113,-0.051916662603616714,0.02698700688779354,0.0330829918384552,0.01322200521826744,0.0512203648686409,0.08099335432052612,0.011769737116992474,-0.013878331519663334,0.030433062463998795,0.022012369707226753,0.06419619172811508,0.02676532045006752,0.08324561268091202]}}
{"op_code":8,"worker_id":"0ac88dbd-37f6-4238-9d58-ca87bc706427-31524","trial_id":74,"user_attr":{"pruned_reasons":["M2 (Yearly Tail IC Mean <= 0)","M3 (Hit Rate < 60%)","M5 (Monotonicity <= 0.25)","M6 (Top-Bottom Spread <= 0)","Side-specific Yearly Tail IC Mean (-0.0176 <= 0)","Yearly Daily Win Rate (44.10% < 45%)","Side-specific Yearly Daily Win Rate (42.05% < 45%)"]}}
{"op_code":8,"worker_id":"7aa6c2b8-8375-4d7e-9267-3775aedfe457-8896","trial_id":69,"user_attr":{"pruned_reasons":["M2 (Yearly Tail IC Mean <= 0)","M3 (Hit Rate < 60%)","M5 (Monotonicity <= 0.25)","M6 (Top-Bottom Spread <= 0)","Side-specific Yearly Tail IC Mean (-0.1491 <= 0)","Side-specific Hit Rate (33.33% < 50%)","Yearly Daily Win Rate (43.12% < 45%)","Side-specific Yearly Daily Win Rate (44.89% < 45%)"]}}
{"op_code":8,"worker_id":"7aa6c2b8-8375-4d7e-9267-3775aedfe457-8896","trial_id":69,"user_attr":{"gini":0.3552464866404532}}
{"op_code":8,"worker_id":"0164b137-c299-4378-92a5-550f92b46640-19068","trial_id":70,"user_attr":{"reg_kappa":3.545437866939107}}
{"op_code":8,"worker_id":"0164b137-c299-4378-92a5-550f92b46640-19068","trial_id":70,"user_attr":{"raw_metrics":[-0.2767991745128732,-0.039205779023408195,0.3333333333333333,0.01186339470647945,0.12323232323232321,-0.09733563910083225,-0.26715992764146856,-0.4207862615585327,0.4479166666666667]}}
{"op_code":8,"worker_id":"0164b137-c299-4378-92a5-550f92b46640-19068","trial_id":70,"user_attr":{"val_metrics":[0.08172248324492075,-0.08180092317261872,0.5878787878787879,0.24796401420608163,-4.333776361542531]}}
{"op_code":8,"worker_id":"7aa6c2b8-8375-4d7e-9267-3775aedfe457-8896","trial_id":69,"user_attr":{"cv_is_ics":[0.10757503658533096,0.09623192250728607,0.09616194665431976,0.07962176203727722,0.10411596298217773,0.10598685592412949,0.07098113000392914,0.06796359270811081,0.10258764028549194,0.11117815971374512,0.1150650680065155,0.12828782200813293,0.07037179172039032,0.1146935373544693,0.09379353374242783]}}
{"op_code":8,"worker_id":"96871fa8-6f47-483c-9690-9375cfe6fefa-16052","trial_id":73,"user_attr":{"constraints":[-0.012062580579077187,0.037885037961025804,0.26666666666666666,0.12070707070707071,0.09720015145165639,-36.0,-8.0,0.021299871299871303,0.0,-1406.8409884568807,0.005555555555555591,0.029497354497354578]}}
{"op_code":8,"worker_id":"7aa6c2b8-8375-4d7e-9267-3775aedfe457-8896","trial_id":69,"user_attr":{"cv_oos_ics":[-0.03382203355431557,0.03425269573926926,-0.05813693627715111,0.017497790977358818,0.037245627492666245,0.02201133407652378,0.049069441854953766,0.07881467044353485,0.011923025362193584,-0.00422125868499279,0.026822997257113457,0.019854197278618813,0.06419533491134644,0.029941746965050697,0.08411763608455658]}}
{"op_code":8,"worker_id":"7aa6c2b8-8375-4d7e-9267-3775aedfe457-8896","trial_id":69,"user_attr":{"reg_kappa":3.124310463923252}}
{"op_code":8,"worker_id":"7aa6c2b8-8375-4d7e-9267-3775aedfe457-8896","trial_id":69,"user_attr":{"raw_metrics":[-0.705684243516949,-0.09027849050645403,0.3333333333333333,0.03678294965087168,0.22424242424242424,-0.11557456941343842,-0.1322954068632528,-0.23694725334644318,0.43124999999999997]}}
{"op_code":8,"worker_id":"96871fa8-6f47-483c-9690-9375cfe6fefa-16052","trial_id":73,"user_attr":{"pruned_reasons":["M2 (Yearly Tail IC Mean <= 0)","M3 (Hit Rate < 60%)","M5 (Monotonicity <= 0.25)","M6 (Top-Bottom Spread <= 0)","Side-specific Yearly Tail IC Mean (-0.0213 <= 0)","Yearly Daily Win Rate (44.44% < 45%)","Side-specific Yearly Daily Win Rate (42.05% < 45%)"]}}
{"op_code":8,"worker_id":"96871fa8-6f47-483c-9690-9375cfe6fefa-16052","trial_id":73,"user_attr":{"gini":0.3824898883970884}}
{"op_code":9,"worker_id":"e7750f5c-40db-4cdd-b33f-33f70df19e64-4680","trial_id":71,"system_attr":{"constraints":[-0.012276383905846287,0.03465264893836322,0.26666666666666666,0.1388888888888889,0.11111093798807513,-36.0,-8.0,-0.031435006435006435,0.0,-1408.4229088935376,0.002083333333333326,0.04338624338624342]}}
{"op_code":8,"worker_id":"0164b137-c299-4378-92a5-550f92b46640-19068","trial_id":70,"user_attr":{"deflated_objective":-0.7417931058483971}}
{"op_code":9,"worker_id":"0164b137-c299-4378-92a5-550f92b46640-19068","trial_id":70,"system_attr":{"constraints":[-0.01186339470647945,0.039205779023408195,0.26666666666666666,0.1267676767676768,0.09733563910083225,-35.0,-8.0,0.007732732732732728,0.0,-1414.663161223637,0.002083333333333326,0.03412698412698423]}}
{"op_code":8,"worker_id":"7aa6c2b8-8375-4d7e-9267-3775aedfe457-8896","trial_id":69,"user_attr":{"val_metrics":[0.09083904718264982,-0.04301149943983287,0.8666666666666667,0.24287283887465796,-5.046967400643138]}}
{"op_code":6,"worker_id":"0164b137-c299-4378-92a5-550f92b46640-19068","trial_id":70,"state":1,"values":[-0.33549844773898024],"datetime_complete":"2026-07-14T11:45:15.022352"}
{"op_code":8,"worker_id":"96871fa8-6f47-483c-9690-9375cfe6fefa-16052","trial_id":73,"user_attr":{"cv_is_ics":[0.0977831780910492,0.0898539125919342,0.08654972910881042,0.07676278054714203,0.0991891399025917,0.09750726819038391,0.051275208592414856,0.05255270004272461,0.09551575034856796,0.10457302629947662,0.10809677839279175,0.12394034117460251,0.055791668593883514,0.11523298919200897,0.08883428573608398]}}
{"op_code":6,"worker_id":"e7750f5c-40db-4cdd-b33f-33f70df19e64-4680","trial_id":71,"state":1,"values":[-0.9752401855037925],"datetime_complete":"2026-07-14T11:45:15.019089"}
{"op_code":8,"worker_id":"c6bdaf35-06a1-4021-89ec-4dcdc6f1e64a-20880","trial_id":76,"user_attr":{"constraints":[-0.013651510861089266,0.039241963710048816,0.26666666666666666,0.14696969696969697,0.10134043710254548,-39.0,-8.0,0.02181467181467182,0.0,-1392.1186072227952,0.009027777777777746,0.029497354497354578]}}
{"op_code":8,"worker_id":"72e63316-b246-4a79-97a4-b8a31dda94f9-14384","trial_id":75,"user_attr":{"constraints":[-0.01266144333452611,0.0365642968986434,0.26666666666666666,0.12878787878787878,0.1138484398208351,-39.0,-8.0,0.022586872586872586,0.0,-1395.476411410131,0.012500000000000011,0.029497354497354578]}}
{"op_code":8,"worker_id":"0ac88dbd-37f6-4238-9d58-ca87bc706427-31524","trial_id":74,"user_attr":{"gini":0.3820535794772819}}
{"op_code":8,"worker_id":"72e63316-b246-4a79-97a4-b8a31dda94f9-14384","trial_id":75,"user_attr":{"pruned_reasons":["M2 (Yearly Tail IC Mean <= 0)","M3 (Hit Rate < 60%)","M5 (Monotonicity <= 0.25)","M6 (Top-Bottom Spread <= 0)","Side-specific Yearly Tail IC Mean (-0.0226 <= 0)","Yearly Daily Win Rate (43.75% < 45%)","Side-specific Yearly Daily Win Rate (42.05% < 45%)"]}}
{"op_code":8,"worker_id":"c6bdaf35-06a1-4021-89ec-4dcdc6f1e64a-20880","trial_id":76,"user_attr":{"pruned_reasons":["M2 (Yearly Tail IC Mean <= 0)","M3 (Hit Rate < 60%)","M5 (Monotonicity <= 0.25)","M6 (Top-Bottom Spread <= 0)","Side-specific Yearly Tail IC Mean (-0.0218 <= 0)","Yearly Daily Win Rate (44.10% < 45%)","Side-specific Yearly Daily Win Rate (42.05% < 45%)"]}}
{"op_code":8,"worker_id":"72e63316-b246-4a79-97a4-b8a31dda94f9-14384","trial_id":75,"user_attr":{"gini":0.380895380862766}}
{"op_code":8,"worker_id":"0ac88dbd-37f6-4238-9d58-ca87bc706427-31524","trial_id":74,"user_attr":{"cv_is_ics":[0.0981227457523346,0.08969006687402725,0.0866076871752739,0.07686695456504822,0.09932125359773636,0.09791288524866104,0.05198940634727478,0.05297184735536575,0.09593410789966583,0.1050763726234436,0.1086006611585617,0.12399794906377792,0.05610261857509613,0.11557146906852722,0.08899429440498352]}}
{"op_code":8,"worker_id":"60a9ec0a-8b58-431c-8657-83691ce849f7-11668","trial_id":77,"user_attr":{"constraints":[-0.012361762743580224,0.0376136528112212,0.26666666666666666,0.12070707070707071,0.09720015145165639,-36.0,-8.0,0.020570570570570563,0.0,-1409.9450391369862,0.005555555555555591,0.029497354497354578]}}
{"op_code":8,"worker_id":"c6bdaf35-06a1-4021-89ec-4dcdc6f1e64a-20880","trial_id":76,"user_attr":{"gini":0.38075826277560054}}
{"op_code":8,"worker_id":"72e63316-b246-4a79-97a4-b8a31dda94f9-14384","trial_id":75,"user_attr":{"cv_is_ics":[0.09801100939512253,0.08997888118028641,0.08717063069343567,0.07730991393327713,0.099341481924057,0.09850023686885834,0.053035955876111984,0.0539499968290329,0.09669575840234756,0.10515059530735016,0.10888858884572983,0.12435974180698395,0.056940797716379166,0.11637098342180252,0.08917319774627686]}}
{"op_code":4,"worker_id":"da0b4205-67f2-4ff6-9cef-e619edd78969-4680","study_id":0,"datetime_start":"2026-07-14T11:45:15.039700"}
{"op_code":8,"worker_id":"96871fa8-6f47-483c-9690-9375cfe6fefa-16052","trial_id":73,"user_attr":{"cv_oos_ics":[-0.025554915890097618,0.028133083134889603,-0.05268688127398491,0.027052640914916992,0.03349980711936951,0.013602416962385178,0.05099485069513321,0.08110881596803665,0.012184716761112213,-0.013411786407232285,0.029628532007336617,0.021906647831201553,0.06488853693008423,0.02726922370493412,0.08377478271722794]}}
{"op_code":8,"worker_id":"72e63316-b246-4a79-97a4-b8a31dda94f9-14384","trial_id":75,"user_attr":{"cv_oos_ics":[-0.02583894319832325,0.029035421088337898,-0.05396052077412605,0.026398593559861183,0.033869195729494095,0.014129041694104671,0.04912838339805603,0.08228378742933273,0.012085347436368465,-0.012768987566232681,0.029954416677355766,0.022213930264115334,0.0647723600268364,0.028900064527988434,0.08475619554519653]}}
{"op_code":5,"worker_id":"da0b4205-67f2-4ff6-9cef-e619edd78969-4680","trial_id":78,"param_name":"k_weight","param_value_internal":1.3626319281900119,"distribution":"{\"name\": \"FloatDistribution\", \"attributes\": {\"step\": null, \"low\": 0.0, \"high\": 1.5, \"log\": false}}"}
{"op_code":8,"worker_id":"0ac88dbd-37f6-4238-9d58-ca87bc706427-31524","trial_id":74,"user_attr":{"cv_oos_ics":[-0.025440450757741928,0.028339233249425888,-0.05294286087155342,0.027192020788788795,0.033552173525094986,0.013557855039834976,0.0500028170645237,0.08102694898843765,0.011915262788534164,-0.012875338084995747,0.029781010001897812,0.021871784701943398,0.06510820984840393,0.02790580876171589,0.08423887938261032]}}
{"op_code":8,"worker_id":"60a9ec0a-8b58-431c-8657-83691ce849f7-11668","trial_id":77,"user_attr":{"pruned_reasons":["M2 (Yearly Tail IC Mean <= 0)","M3 (Hit Rate < 60%)","M5 (Monotonicity <= 0.25)","M6 (Top-Bottom Spread <= 0)","Side-specific Yearly Tail IC Mean (-0.0206 <= 0)","Yearly Daily Win Rate (44.44% < 45%)","Side-specific Yearly Daily Win Rate (42.05% < 45%)"]}}
{"op_code":8,"worker_id":"c6bdaf35-06a1-4021-89ec-4dcdc6f1e64a-20880","trial_id":76,"user_attr":{"cv_is_ics":[0.09797738492488861,0.09054908901453018,0.08787079900503159,0.07720325887203217,0.0994272232055664,0.0979766920208931,0.05212702602148056,0.05357737094163895,0.09608123451471329,0.10467004030942917,0.10874433815479279,0.12434709072113037,0.05643429979681969,0.11518456041812897,0.08868633955717087]}}
{"op_code":8,"worker_id":"c6bdaf35-06a1-4021-89ec-4dcdc6f1e64a-20880","trial_id":76,"user_attr":{"cv_oos_ics":[-0.026932768523693085,0.029971644282341003,-0.05412296578288078,0.026502666994929314,0.03427090495824814,0.014516999013721943,0.05075111612677574,0.08193042874336243,0.012659966014325619,-0.0138707859441638,0.029768766835331917,0.022203344851732254,0.06474915891885757,0.029337063431739807,0.08410154283046722]}}
{"op_code":4,"worker_id":"73b5b583-4e3c-46d0-bb2b-4c19e295001d-19068","study_id":0,"datetime_start":"2026-07-14T11:45:15.037526"}
{"op_code":8,"worker_id":"60a9ec0a-8b58-431c-8657-83691ce849f7-11668","trial_id":77,"user_attr":{"gini":0.38285980709963807}}
{"op_code":8,"worker_id":"c6bdaf35-06a1-4021-89ec-4dcdc6f1e64a-20880","trial_id":76,"user_attr":{"reg_kappa":3.4887688758377475}}
{"op_code":5,"worker_id":"da0b4205-67f2-4ff6-9cef-e619edd78969-4680","trial_id":78,"param_name":"unified_alpha","param_value_internal":1.125558554748816e-05,"distribution":"{\"name\": \"FloatDistribution\", \"attributes\": {\"step\": null, \"low\": 1e-05, \"high\": 10.0, \"log\": true}}"}
{"op_code":8,"worker_id":"c6bdaf35-06a1-4021-89ec-4dcdc6f1e64a-20880","trial_id":76,"user_attr":{"raw_metrics":[-0.2755072891429482,-0.039241963710048816,0.3333333333333333,0.013651510861089266,0.10303030303030303,-0.10134043710254548,-0.24696184933833767,-0.3998802602291107,0.44097222222222227]}}
{"op_code":5,"worker_id":"73b5b583-4e3c-46d0-bb2b-4c19e295001d-19068","trial_id":79,"param_name":"k_weight","param_value_internal":1.3376186871601132,"distribution":"{\"name\": \"FloatDistribution\", \"attributes\": {\"step\": null, \"low\": 0.0, \"high\": 1.5, \"log\": false}}"}
{"op_code":8,"worker_id":"96871fa8-6f47-483c-9690-9375cfe6fefa-16052","trial_id":73,"user_attr":{"reg_kappa":3.5258328321816688}}
{"op_code":8,"worker_id":"72e63316-b246-4a79-97a4-b8a31dda94f9-14384","trial_id":75,"user_attr":{"reg_kappa":3.4972442905525956}}
{"op_code":8,"worker_id":"60a9ec0a-8b58-431c-8657-83691ce849f7-11668","trial_id":77,"user_attr":{"cv_is_ics":[0.09743864089250565,0.08959510177373886,0.08646971732378006,0.07662925869226456,0.09921343624591827,0.09767279028892517,0.05088083818554878,0.05234251543879509,0.09561765193939209,0.10454952716827393,0.10810728371143341,0.12387998402118683,0.05568681284785271,0.11523259431123734,0.08882394433021545]}}
{"op_code":8,"worker_id":"60a9ec0a-8b58-431c-8657-83691ce849f7-11668","trial_id":77,"user_attr":{"cv_oos_ics":[-0.025175927206873894,0.027465227991342545,-0.05239303037524223,0.026882365345954895,0.033340733498334885,0.013616369105875492,0.05069786682724953,0.08054417371749878,0.012082665227353573,-0.013574657030403614,0.02980891428887844,0.02201364003121853,0.06506108492612839,0.02758793905377388,0.08386173099279404]}}
{"op_code":8,"worker_id":"96871fa8-6f47-483c-9690-9375cfe6fefa-16052","trial_id":73,"user_attr":{"raw_metrics":[-0.26873796420788454,-0.037885037961025804,0.3333333333333333,0.012062580579077187,0.1292929292929293,-0.09720015145165639,-0.2601054336676847,-0.41302239894866943,0.4444444444444444]}}
{"op_code":8,"worker_id":"72e63316-b246-4a79-97a4-b8a31dda94f9-14384","trial_id":75,"user_attr":{"raw_metrics":[-0.2546745096280294,-0.0365642968986434,0.3333333333333333,0.01266144333452611,0.12121212121212122,-0.1138484398208351,-0.24994358089165294,-0.40097370743751526,0.4375]}}
{"op_code":8,"worker_id":"72e63316-b246-4a79-97a4-b8a31dda94f9-14384","trial_id":75,"user_attr":{"val_metrics":[0.08025888186048646,-0.05144284255369702,0.5636363636363636,0.23238284299150108,-4.209841618048858]}}
{"op_code":8,"worker_id":"96871fa8-6f47-483c-9690-9375cfe6fefa-16052","trial_id":73,"user_attr":{"val_metrics":[0.08113077011378517,-0.07468005710558728,0.6848484848484848,0.24796401420608163,-4.266284209924114]}}
{"op_code":8,"worker_id":"72e63316-b246-4a79-97a4-b8a31dda94f9-14384","trial_id":75,"user_attr":{"deflated_objective":-0.6793194229807156}}
{"op_code":8,"worker_id":"96871fa8-6f47-483c-9690-9375cfe6fefa-16052","trial_id":73,"user_attr":{"deflated_objective":-0.6989318642392771}}
{"op_code":9,"worker_id":"72e63316-b246-4a79-97a4-b8a31dda94f9-14384","trial_id":75,"system_attr":{"constraints":[-0.01266144333452611,0.0365642968986434,0.26666666666666666,0.12878787878787878,0.1138484398208351,-39.0,-8.0,0.022586872586872586,0.0,-1395.476411410131,0.012500000000000011,0.029497354497354578]}}
{"op_code":9,"worker_id":"96871fa8-6f47-483c-9690-9375cfe6fefa-16052","trial_id":73,"system_attr":{"constraints":[-0.012062580579077187,0.037885037961025804,0.26666666666666666,0.12070707070707071,0.09720015145165639,-36.0,-8.0,0.021299871299871303,0.0,-1406.8409884568807,0.005555555555555591,0.029497354497354578]}}
{"op_code":8,"worker_id":"0ac88dbd-37f6-4238-9d58-ca87bc706427-31524","trial_id":74,"user_attr":{"reg_kappa":3.518158313419781}}
{"op_code":6,"worker_id":"96871fa8-6f47-483c-9690-9375cfe6fefa-16052","trial_id":73,"state":1,"values":[-0.29601544228489296],"datetime_complete":"2026-07-14T11:45:15.084497"}
{"op_code":6,"worker_id":"72e63316-b246-4a79-97a4-b8a31dda94f9-14384","trial_id":75,"state":1,"values":[-0.27635192066254277],"datetime_complete":"2026-07-14T11:45:15.083271"}
{"op_code":8,"worker_id":"0ac88dbd-37f6-4238-9d58-ca87bc706427-31524","trial_id":74,"user_attr":{"raw_metrics":[-0.2608600395087914,-0.03674522033184648,0.3333333333333333,0.012725949261942163,0.14545454545454545,-0.09720015145165639,-0.25740272107857,-0.40958112478256226,0.44097222222222227]}}
{"op_code":8,"worker_id":"0ac88dbd-37f6-4238-9d58-ca87bc706427-31524","trial_id":74,"user_attr":{"val_metrics":[0.08117509632714233,-0.06566912361912751,0.7333333333333333,0.23238284299150108,-4.33449378782959]}}
{"op_code":9,"worker_id":"50d0f722-de52-4ef2-a181-abb5c71e685a-12024","trial_id":59,"system_attr":{"constraints":[-0.022593178944855633,0.046840747904577686,0.26666666666666666,0.05000000000000002,0.11787730982268435,-41.0,-5.0,0.017535392535392547,0.0,-1397.8195473490978,0.015972222222222165,0.04338624338624342]}}
{"op_code":5,"worker_id":"da0b4205-67f2-4ff6-9cef-e619edd78969-4680","trial_id":78,"param_name":"unified_rho","param_value_internal":0.44831275740606835,"distribution":"{\"name\": \"FloatDistribution\", \"attributes\": {\"step\": null, \"low\": 0.0, \"high\": 1.0, \"log\": false}}"}
{"op_code":8,"worker_id":"c6bdaf35-06a1-4021-89ec-4dcdc6f1e64a-20880","trial_id":76,"user_attr":{"val_metrics":[0.08106720799651831,-0.06278837889659966,0.6242424242424243,0.24796401420608163,-4.229924274841807]}}
{"op_code":8,"worker_id":"0ac88dbd-37f6-4238-9d58-ca87bc706427-31524","trial_id":74,"user_attr":{"deflated_objective":-0.7082653007685034}}
{"op_code":5,"worker_id":"73b5b583-4e3c-46d0-bb2b-4c19e295001d-19068","trial_id":79,"param_name":"unified_alpha","param_value_internal":0.00021919948608186332,"distribution":"{\"name\": \"FloatDistribution\", \"attributes\": {\"step\": null, \"low\": 1e-05, \"high\": 10.0, \"log\": true}}"}
{"op_code":8,"worker_id":"c6bdaf35-06a1-4021-89ec-4dcdc6f1e64a-20880","trial_id":76,"user_attr":{"deflated_objective":-0.6762708235279677}}
{"op_code":4,"worker_id":"50d4c52d-a14a-4014-ba75-5e4941386424-14384","study_id":0,"datetime_start":"2026-07-14T11:45:15.103320"}
{"op_code":5,"worker_id":"73b5b583-4e3c-46d0-bb2b-4c19e295001d-19068","trial_id":79,"param_name":"unified_rho","param_value_internal":0.423047235208983,"distribution":"{\"name\": \"FloatDistribution\", \"attributes\": {\"step\": null, \"low\": 0.0, \"high\": 1.0, \"log\": false}}"}
{"op_code":9,"worker_id":"c6bdaf35-06a1-4021-89ec-4dcdc6f1e64a-20880","trial_id":76,"system_attr":{"constraints":[-0.013651510861089266,0.039241963710048816,0.26666666666666666,0.14696969696969697,0.10134043710254548,-39.0,-8.0,0.02181467181467182,0.0,-1392.1186072227952,0.009027777777777746,0.029497354497354578]}}
{"op_code":6,"worker_id":"50d0f722-de52-4ef2-a181-abb5c71e685a-12024","trial_id":59,"state":1,"values":[-1.3205932566474896],"datetime_complete":"2026-07-14T11:45:15.098034"}
{"op_code":6,"worker_id":"c6bdaf35-06a1-4021-89ec-4dcdc6f1e64a-20880","trial_id":76,"state":1,"values":[-0.282781759242031],"datetime_complete":"2026-07-14T11:45:15.107863"}
{"op_code":5,"worker_id":"50d4c52d-a14a-4014-ba75-5e4941386424-14384","trial_id":80,"param_name":"k_weight","param_value_internal":1.3882880922243357,"distribution":"{\"name\": \"FloatDistribution\", \"attributes\": {\"step\": null, \"low\": 0.0, \"high\": 1.5, \"log\": false}}"}
{"op_code":5,"worker_id":"73b5b583-4e3c-46d0-bb2b-4c19e295001d-19068","trial_id":79,"param_name":"unified_gamma","param_value_internal":30.464847917957684,"distribution":"{\"name\": \"FloatDistribution\", \"attributes\": {\"step\": null, \"low\": 1.5, \"high\": 10000.0, \"log\": true}}"}
{"op_code":4,"worker_id":"11e5012d-8ff3-44e8-9134-9f9d7fec6278-16052","study_id":0,"datetime_start":"2026-07-14T11:45:15.096231"}
{"op_code":5,"worker_id":"73b5b583-4e3c-46d0-bb2b-4c19e295001d-19068","trial_id":79,"param_name":"huber_delta","param_value_internal":4.556005366458409,"distribution":"{\"name\": \"FloatDistribution\", \"attributes\": {\"step\": null, \"low\": 0.5, \"high\": 5.0, \"log\": false}}"}
{"op_code":5,"worker_id":"da0b4205-67f2-4ff6-9cef-e619edd78969-4680","trial_id":78,"param_name":"unified_gamma","param_value_internal":33.32550748186174,"distribution":"{\"name\": \"FloatDistribution\", \"attributes\": {\"step\": null, \"low\": 1.5, \"high\": 10000.0, \"log\": true}}"}
{"op_code":5,"worker_id":"50d4c52d-a14a-4014-ba75-5e4941386424-14384","trial_id":80,"param_name":"unified_alpha","param_value_internal":0.0002452098288031926,"distribution":"{\"name\": \"FloatDistribution\", \"attributes\": {\"step\": null, \"low\": 1e-05, \"high\": 10.0, \"log\": true}}"}
{"op_code":5,"worker_id":"da0b4205-67f2-4ff6-9cef-e619edd78969-4680","trial_id":78,"param_name":"huber_delta","param_value_internal":4.987162347842331,"distribution":"{\"name\": \"FloatDistribution\", \"attributes\": {\"step\": null, \"low\": 0.5, \"high\": 5.0, \"log\": false}}"}
{"op_code":5,"worker_id":"50d4c52d-a14a-4014-ba75-5e4941386424-14384","trial_id":80,"param_name":"unified_rho","param_value_internal":0.8940596569558612,"distribution":"{\"name\": \"FloatDistribution\", \"attributes\": {\"step\": null, \"low\": 0.0, \"high\": 1.0, \"log\": false}}"}
{"op_code":4,"worker_id":"d6fd33e5-d7b8-4dec-b691-ee95453040d5-20880","study_id":0,"datetime_start":"2026-07-14T11:45:15.122499"}
{"op_code":5,"worker_id":"50d4c52d-a14a-4014-ba75-5e4941386424-14384","trial_id":80,"param_name":"unified_gamma","param_value_internal":34.33682833186262,"distribution":"{\"name\": \"FloatDistribution\", \"attributes\": {\"step\": null, \"low\": 1.5, \"high\": 10000.0, \"log\": true}}"}
{"op_code":5,"worker_id":"11e5012d-8ff3-44e8-9134-9f9d7fec6278-16052","trial_id":81,"param_name":"k_weight","param_value_internal":1.3833041502318357,"distribution":"{\"name\": \"FloatDistribution\", \"attributes\": {\"step\": null, \"low\": 0.0, \"high\": 1.5, \"log\": false}}"}
{"op_code":5,"worker_id":"50d4c52d-a14a-4014-ba75-5e4941386424-14384","trial_id":80,"param_name":"huber_delta","param_value_internal":4.975439369953944,"distribution":"{\"name\": \"FloatDistribution\", \"attributes\": {\"step\": null, \"low\": 0.5, \"high\": 5.0, \"log\": false}}"}
{"op_code":5,"worker_id":"11e5012d-8ff3-44e8-9134-9f9d7fec6278-16052","trial_id":81,"param_name":"unified_alpha","param_value_internal":1.0904157811724701e-05,"distribution":"{\"name\": \"FloatDistribution\", \"attributes\": {\"step\": null, \"low\": 1e-05, \"high\": 10.0, \"log\": true}}"}
{"op_code":8,"worker_id":"a44f14f7-63ae-41ae-81f2-b354a5b39828-8436","trial_id":7,"user_attr":{"raw_metrics":[-0.18502256035366224,-0.02693434562735474,0.3333333333333333,0.027824214572959236,0.07676767676767676,-0.10838076814750415,-0.22138334186288866,-0.31970036029815674,0.4576388888888889]}}
{"op_code":5,"worker_id":"11e5012d-8ff3-44e8-9134-9f9d7fec6278-16052","trial_id":81,"param_name":"unified_rho","param_value_internal":0.6779438154837794,"distribution":"{\"name\": \"FloatDistribution\", \"attributes\": {\"step\": null, \"low\": 0.0, \"high\": 1.0, \"log\": false}}"}
{"op_code":5,"worker_id":"d6fd33e5-d7b8-4dec-b691-ee95453040d5-20880","trial_id":82,"param_name":"k_weight","param_value_internal":1.3852594016145878,"distribution":"{\"name\": \"FloatDistribution\", \"attributes\": {\"step\": null, \"low\": 0.0, \"high\": 1.5, \"log\": false}}"}
{"op_code":5,"worker_id":"11e5012d-8ff3-44e8-9134-9f9d7fec6278-16052","trial_id":81,"param_name":"unified_gamma","param_value_internal":8.546736464978386,"distribution":"{\"name\": \"FloatDistribution\", \"attributes\": {\"step\": null, \"low\": 1.5, \"high\": 10000.0, \"log\": true}}"}
{"op_code":5,"worker_id":"d6fd33e5-d7b8-4dec-b691-ee95453040d5-20880","trial_id":82,"param_name":"unified_alpha","param_value_internal":1.017710419660305e-05,"distribution":"{\"name\": \"FloatDistribution\", \"attributes\": {\"step\": null, \"low\": 1e-05, \"high\": 10.0, \"log\": true}}"}
{"op_code":8,"worker_id":"a44f14f7-63ae-41ae-81f2-b354a5b39828-8436","trial_id":7,"user_attr":{"val_metrics":[0.05627254602872923,0.05281686360587229,0.4909090909090909,0.11990310088420908,-6.9573352502304315]}}
{"op_code":5,"worker_id":"11e5012d-8ff3-44e8-9134-9f9d7fec6278-16052","trial_id":81,"param_name":"huber_delta","param_value_internal":4.5170643165832205,"distribution":"{\"name\": \"FloatDistribution\", \"attributes\": {\"step\": null, \"low\": 0.5, \"high\": 5.0, \"log\": false}}"}
{"op_code":5,"worker_id":"d6fd33e5-d7b8-4dec-b691-ee95453040d5-20880","trial_id":82,"param_name":"unified_rho","param_value_internal":0.6779514088061562,"distribution":"{\"name\": \"FloatDistribution\", \"attributes\": {\"step\": null, \"low\": 0.0, \"high\": 1.0, \"log\": false}}"}
{"op_code":8,"worker_id":"a44f14f7-63ae-41ae-81f2-b354a5b39828-8436","trial_id":7,"user_attr":{"deflated_objective":-1.7562700471546884}}
{"op_code":5,"worker_id":"d6fd33e5-d7b8-4dec-b691-ee95453040d5-20880","trial_id":82,"param_name":"unified_gamma","param_value_internal":8.742078395404862,"distribution":"{\"name\": \"FloatDistribution\", \"attributes\": {\"step\": null, \"low\": 1.5, \"high\": 10000.0, \"log\": true}}"}
{"op_code":9,"worker_id":"a44f14f7-63ae-41ae-81f2-b354a5b39828-8436","trial_id":7,"system_attr":{"constraints":[-0.027824214572959236,0.02693434562735474,0.26666666666666666,0.17323232323232324,0.10838076814750415,-42.0,-7.0,0.05495495495495493,0.16666666666666669,-1384.113728547268,-0.007638888888888862,0.03412698412698412]}}
{"op_code":5,"worker_id":"d6fd33e5-d7b8-4dec-b691-ee95453040d5-20880","trial_id":82,"param_name":"huber_delta","param_value_internal":4.497447549446986,"distribution":"{\"name\": \"FloatDistribution\", \"attributes\": {\"step\": null, \"low\": 0.5, \"high\": 5.0, \"log\": false}}"}
{"op_code":6,"worker_id":"a44f14f7-63ae-41ae-81f2-b354a5b39828-8436","trial_id":7,"state":1,"values":[-1.343316851820551],"datetime_complete":"2026-07-14T11:45:15.149058"}
{"op_code":8,"worker_id":"73b5b583-4e3c-46d0-bb2b-4c19e295001d-19068","trial_id":79,"user_attr":{"constraints":[-0.013904136807856307,0.034055601608793104,0.26666666666666666,0.1388888888888889,0.13472798442209347,-37.0,-8.0,0.0024131274131274174,0.0,-1403.418320766948,0.005555555555555591,0.03412698412698423]}}
{"op_code":8,"worker_id":"a7457a7f-61ae-4577-acaf-d94bf8d9591c-27064","trial_id":67,"user_attr":{"cv_is_ics":[0.10341110825538635,0.093659408390522,0.09190355986356735,0.07870884984731674,0.1003071591258049,0.10079392045736313,0.058744750916957855,0.05922970175743103,0.09998460859060287,0.106437087059021,0.11020096391439438,0.12591491639614105,0.06090901792049408,0.11296101659536362,0.09114726632833481]}}
{"op_code":8,"worker_id":"73b5b583-4e3c-46d0-bb2b-4c19e295001d-19068","trial_id":79,"user_attr":{"pruned_reasons":["M2 (Yearly Tail IC Mean <= 0)","M3 (Hit Rate < 60%)","M5 (Monotonicity <= 0.25)","M6 (Top-Bottom Spread <= 0)","Side-specific Yearly Tail IC Mean (-0.0024 <= 0)","Yearly Daily Win Rate (44.44% < 45%)","Side-specific Yearly Daily Win Rate (41.59% < 45%)"]}}
{"op_code":8,"worker_id":"7aa6c2b8-8375-4d7e-9267-3775aedfe457-8896","trial_id":69,"user_attr":{"deflated_objective":-0.9835859527788625}}
{"op_code":8,"worker_id":"73b5b583-4e3c-46d0-bb2b-4c19e295001d-19068","trial_id":79,"user_attr":{"gini":0.3892650603776744}}
{"op_code":9,"worker_id":"7aa6c2b8-8375-4d7e-9267-3775aedfe457-8896","trial_id":69,"system_attr":{"constraints":[-0.03678294965087168,0.09027849050645403,0.26666666666666666,0.025757575757575757,0.11557456941343842,-85.0,-8.0,0.14914199914199913,0.16666666666666669,-1246.624873190862,0.018750000000000044,0.001058201058201036]}}
{"op_code":6,"worker_id":"7aa6c2b8-8375-4d7e-9267-3775aedfe457-8896","trial_id":69,"state":1,"values":[-0.5764686495894507],"datetime_complete":"2026-07-14T11:45:15.163309"}
{"op_code":8,"worker_id":"da0b4205-67f2-4ff6-9cef-e619edd78969-4680","trial_id":78,"user_attr":{"constraints":[-0.010813101563626725,0.028754873967639937,0.26666666666666666,0.14494949494949494,0.10762624153401702,-36.0,-8.0,0.0819069069069069,0.16666666666666669,-1410.921309035258,-0.001388888888888884,0.01031746031746028]}}
{"op_code":8,"worker_id":"73b5b583-4e3c-46d0-bb2b-4c19e295001d-19068","trial_id":79,"user_attr":{"cv_is_ics":[0.0970345064997673,0.09022648632526398,0.08585769683122635,0.07749205082654953,0.10022316873073578,0.09327255934476852,0.044173382222652435,0.049174826592206955,0.09387615323066711,0.09988272935152054,0.10356368124485016,0.12184648215770721,0.05215258523821831,0.10907968133687973,0.0865652784705162]}}
{"op_code":8,"worker_id":"da0b4205-67f2-4ff6-9cef-e619edd78969-4680","trial_id":78,"user_attr":{"pruned_reasons":["M2 (Yearly Tail IC Mean <= 0)","M3 (Hit Rate < 60%)","M5 (Monotonicity <= 0.25)","M6 (Top-Bottom Spread <= 0)","Side-specific Yearly Tail IC Mean (-0.0819 <= 0)","Side-specific Hit Rate (33.33% < 50%)","Side-specific Yearly Daily Win Rate (43.97% < 45%)"]}}
{"op_code":8,"worker_id":"da0b4205-67f2-4ff6-9cef-e619edd78969-4680","trial_id":78,"user_attr":{"gini":0.4005925436707667}}
{"op_code":8,"worker_id":"da0b4205-67f2-4ff6-9cef-e619edd78969-4680","trial_id":78,"user_attr":{"cv_is_ics":[0.09721434861421585,0.08982895314693451,0.08434693515300751,0.07767543941736221,0.10054144263267517,0.08881272375583649,0.03815844655036926,0.04596400633454323,0.09266914427280426,0.0955609381198883,0.09907964617013931,0.11964330077171326,0.04850345104932785,0.10538669675588608,0.08469396829605103]}}
{"op_code":8,"worker_id":"da0b4205-67f2-4ff6-9cef-e619edd78969-4680","trial_id":78,"user_attr":{"cv_oos_ics":[-0.03137413039803505,0.030407579615712166,-0.05333295464515686,0.028383368626236916,0.035810843110084534,0.016692690551280975,0.053663428872823715,0.07677878439426422,0.00995949748903513,-0.018068838864564896,0.030052224174141884,0.025574270635843277,0.06700371950864792,0.022968683391809464,0.08646367490291595]}}
{"op_code":8,"worker_id":"da0b4205-67f2-4ff6-9cef-e619edd78969-4680","trial_id":78,"user_attr":{"reg_kappa":3.5361074991658303}}
{"op_code":8,"worker_id":"da0b4205-67f2-4ff6-9cef-e619edd78969-4680","trial_id":78,"user_attr":{"raw_metrics":[-0.19126623234823725,-0.028754873967639937,0.3333333333333333,0.010813101563626725,0.10505050505050506,-0.10762624153401702,-0.2637794528986991,-0.4415920674800873,0.4513888888888889]}}
{"op_code":8,"worker_id":"73b5b583-4e3c-46d0-bb2b-4c19e295001d-19068","trial_id":79,"user_attr":{"cv_oos_ics":[-0.02828029729425907,0.02862553857266903,-0.05317891016602516,0.02781403250992298,0.03556143492460251,0.017874358221888542,0.053185638040304184,0.08001669496297836,0.011599370278418064,-0.018086493015289307,0.03015686571598053,0.025047220289707184,0.06391771882772446,0.02470877394080162,0.08437974750995636]}}
{"op_code":4,"worker_id":"2a1d8e90-0efe-4c44-883e-8db8e8fe561c-8896","study_id":0,"datetime_start":"2026-07-14T11:45:15.177268"}
{"op_code":8,"worker_id":"73b5b583-4e3c-46d0-bb2b-4c19e295001d-19068","trial_id":79,"user_attr":{"reg_kappa":3.5166081270949503}}
{"op_code":8,"worker_id":"da0b4205-67f2-4ff6-9cef-e619edd78969-4680","trial_id":78,"user_attr":{"val_metrics":[0.0812440946781228,-0.0651516119617889,0.6848484848484848,0.16396228749925892,-5.927980293333307]}}
{"op_code":8,"worker_id":"11e5012d-8ff3-44e8-9134-9f9d7fec6278-16052","trial_id":81,"user_attr":{"constraints":[-0.012071402109681585,0.036896099510081264,0.26666666666666666,0.12676767676767675,0.13230880494281233,-35.0,-8.0,0.015326040326040328,0.0,-1417.2665891024294,0.005555555555555591,0.029497354497354578]}}
{"op_code":8,"worker_id":"73b5b583-4e3c-46d0-bb2b-4c19e295001d-19068","trial_id":79,"user_attr":{"raw_metrics":[-0.24892100214052137,-0.034055601608793104,0.3333333333333333,0.013904136807856307,0.11111111111111112,-0.13472798442209347,-0.25703334665310856,-0.4263280928134918,0.4444444444444444]}}
{"op_code":8,"worker_id":"11e5012d-8ff3-44e8-9134-9f9d7fec6278-16052","trial_id":81,"user_attr":{"pruned_reasons":["M2 (Yearly Tail IC Mean <= 0)","M3 (Hit Rate < 60%)","M5 (Monotonicity <= 0.25)","M6 (Top-Bottom Spread <= 0)","Side-specific Yearly Tail IC Mean (-0.0153 <= 0)","Yearly Daily Win Rate (44.44% < 45%)","Side-specific Yearly Daily Win Rate (42.05% < 45%)"]}}
{"op_code":8,"worker_id":"da0b4205-67f2-4ff6-9cef-e619edd78969-4680","trial_id":78,"user_attr":{"deflated_objective":-1.3645255621034458}}
{"op_code":8,"worker_id":"50d4c52d-a14a-4014-ba75-5e4941386424-14384","trial_id":80,"user_attr":{"constraints":[-0.011860951644974168,0.027361763531976297,0.26666666666666666,0.1267676767676768,0.10762624153401702,-34.0,-8.0,0.08216430716430717,0.16666666666666669,-1418.8162771697712,-0.001388888888888884,0.01031746031746028]}}
{"op_code":8,"worker_id":"73b5b583-4e3c-46d0-bb2b-4c19e295001d-19068","trial_id":79,"user_attr":{"val_metrics":[0.08238654010162978,0.05654019695465226,0.5636363636363636,0.20595338781053824,-5.577672766584103]}}
{"op_code":8,"worker_id":"50d4c52d-a14a-4014-ba75-5e4941386424-14384","trial_id":80,"user_attr":{"pruned_reasons":["M2 (Yearly Tail IC Mean <= 0)","M3 (Hit Rate < 60%)","M5 (Monotonicity <= 0.25)","M6 (Top-Bottom Spread <= 0)","Side-specific Yearly Tail IC Mean (-0.0822 <= 0)","Side-specific Hit Rate (33.33% < 50%)","Side-specific Yearly Daily Win Rate (43.97% < 45%)"]}}
{"op_code":8,"worker_id":"50d4c52d-a14a-4014-ba75-5e4941386424-14384","trial_id":80,"user_attr":{"gini":0.4011855354085807}}
{"op_code":8,"worker_id":"50d4c52d-a14a-4014-ba75-5e4941386424-14384","trial_id":80,"user_attr":{"cv_is_ics":[0.09710406512022018,0.08948978781700134,0.08376595377922058,0.07746538519859314,0.10061684995889664,0.08807501196861267,0.03819109499454498,0.04546196758747101,0.09249021112918854,0.09532520920038223,0.09872429072856903,0.11963990330696106,0.048124782741069794,0.1053612008690834,0.08479082584381104]}}
{"op_code":8,"worker_id":"11e5012d-8ff3-44e8-9134-9f9d7fec6278-16052","trial_id":81,"user_attr":{"gini":0.3906727668399008}}
{"op_code":8,"worker_id":"11e5012d-8ff3-44e8-9134-9f9d7fec6278-16052","trial_id":81,"user_attr":{"cv_is_ics":[0.09686249494552612,0.08992373198270798,0.08526307344436646,0.0770992562174797,0.10008064657449722,0.092832051217556,0.04305316135287285,0.048803266137838364,0.09360227733850479,0.09934630990028381,0.10351449251174927,0.12123266607522964,0.05182615667581558,0.10902228951454163,0.086365707218647]}}
{"op_code":5,"worker_id":"2a1d8e90-0efe-4c44-883e-8db8e8fe561c-8896","trial_id":83,"param_name":"k_weight","param_value_internal":1.3766031093498012,"distribution":"{\"name\": \"FloatDistribution\", \"attributes\": {\"step\": null, \"low\": 0.0, \"high\": 1.5, \"log\": false}}"}
{"op_code":8,"worker_id":"73b5b583-4e3c-46d0-bb2b-4c19e295001d-19068","trial_id":79,"user_attr":{"deflated_objective":-1.1853722134281357}}
{"op_code":4,"worker_id":"fb9ebe2b-6853-4a30-8a2f-513b8e2d499f-31796","study_id":0,"datetime_start":"2026-07-14T11:45:13.169694"}
{"op_code":4,"worker_id":"4a66985f-afcd-43f3-aca5-519e13241a83-12024","study_id":0,"datetime_start":"2026-07-14T11:45:15.202585"}
{"op_code":8,"worker_id":"50d4c52d-a14a-4014-ba75-5e4941386424-14384","trial_id":80,"user_attr":{"cv_oos_ics":[-0.03133882209658623,0.028988013043999672,-0.05299155414104462,0.0283568874001503,0.0358097143471241,0.016420479863882065,0.05475711449980736,0.07692129909992218,0.009873961098492146,-0.018475446850061417,0.02970840223133564,0.025786135345697403,0.06647054851055145,0.02241452969610691,0.08635076135396957]}}
{"op_code":9,"worker_id":"da0b4205-67f2-4ff6-9cef-e619edd78969-4680","trial_id":78,"system_attr":{"constraints":[-0.010813101563626725,0.028754873967639937,0.26666666666666666,0.14494949494949494,0.10762624153401702,-36.0,-8.0,0.0819069069069069,0.16666666666666669,-1410.921309035258,-0.001388888888888884,0.01031746031746028]}}
{"op_code":8,"worker_id":"11e5012d-8ff3-44e8-9134-9f9d7fec6278-16052","trial_id":81,"user_attr":{"cv_oos_ics":[-0.02943192422389984,0.028538977727293968,-0.05237665772438049,0.027831971645355225,0.034826185554265976,0.016967464238405228,0.052487172186374664,0.07951726764440536,0.010945001617074013,-0.01714329421520233,0.029909001663327217,0.02413920685648918,0.06368906795978546,0.025267161428928375,0.08397337794303894]}}
{"op_code":8,"worker_id":"11e5012d-8ff3-44e8-9134-9f9d7fec6278-16052","trial_id":81,"user_attr":{"reg_kappa":3.5520258572874}}
{"op_code":8,"worker_id":"50d4c52d-a14a-4014-ba75-5e4941386424-14384","trial_id":80,"user_attr":{"reg_kappa":3.5557778839397343}}
{"op_code":8,"worker_id":"d6fd33e5-d7b8-4dec-b691-ee95453040d5-20880","trial_id":82,"user_attr":{"constraints":[-0.011518732069835105,0.036878007166760964,0.26666666666666666,0.12878787878787878,0.13319058413669052,-35.0,-8.0,0.015411840411840405,0.0,-1417.8736059711455,0.005555555555555591,0.029497354497354578]}}
{"op_code":5,"worker_id":"fb9ebe2b-6853-4a30-8a2f-513b8e2d499f-31796","trial_id":84,"param_name":"k_weight","param_value_internal":1.3814094858306718,"distribution":"{\"name\": \"FloatDistribution\", \"attributes\": {\"step\": null, \"low\": 0.0, \"high\": 1.5, \"log\": false}}"}
{"op_code":8,"worker_id":"50d4c52d-a14a-4014-ba75-5e4941386424-14384","trial_id":80,"user_attr":{"raw_metrics":[-0.18085691909463442,-0.027361763531976297,0.3333333333333333,0.011860951644974168,0.12323232323232321,-0.10762624153401702,-0.27092501312143574,-0.4490581750869751,0.4513888888888889]}}
{"op_code":6,"worker_id":"da0b4205-67f2-4ff6-9cef-e619edd78969-4680","trial_id":78,"state":1,"values":[-0.9568711650685314],"datetime_complete":"2026-07-14T11:45:15.207998"}
{"op_code":5,"worker_id":"fb9ebe2b-6853-4a30-8a2f-513b8e2d499f-31796","trial_id":84,"param_name":"unified_alpha","param_value_internal":1.0523451269321203e-05,"distribution":"{\"name\": \"FloatDistribution\", \"attributes\": {\"step\": null, \"low\": 1e-05, \"high\": 10.0, \"log\": true}}"}
{"op_code":5,"worker_id":"fb9ebe2b-6853-4a30-8a2f-513b8e2d499f-31796","trial_id":84,"param_name":"unified_rho","param_value_internal":0.6806017803533716,"distribution":"{\"name\": \"FloatDistribution\", \"attributes\": {\"step\": null, \"low\": 0.0, \"high\": 1.0, \"log\": false}}"}
{"op_code":5,"worker_id":"4a66985f-afcd-43f3-aca5-519e13241a83-12024","trial_id":85,"param_name":"k_weight","param_value_internal":1.3894469757469892,"distribution":"{\"name\": \"FloatDistribution\", \"attributes\": {\"step\": null, \"low\": 0.0, \"high\": 1.5, \"log\": false}}"}
{"op_code":5,"worker_id":"fb9ebe2b-6853-4a30-8a2f-513b8e2d499f-31796","trial_id":84,"param_name":"unified_gamma","param_value_internal":29.943906668553467,"distribution":"{\"name\": \"FloatDistribution\", \"attributes\": {\"step\": null, \"low\": 1.5, \"high\": 10000.0, \"log\": true}}"}
{"op_code":5,"worker_id":"4a66985f-afcd-43f3-aca5-519e13241a83-12024","trial_id":85,"param_name":"unified_alpha","param_value_internal":1.0868032927220248e-05,"distribution":"{\"name\": \"FloatDistribution\", \"attributes\": {\"step\": null, \"low\": 1e-05, \"high\": 10.0, \"log\": true}}"}
{"op_code":5,"worker_id":"fb9ebe2b-6853-4a30-8a2f-513b8e2d499f-31796","trial_id":84,"param_name":"huber_delta","param_value_internal":4.519975854479907,"distribution":"{\"name\": \"FloatDistribution\", \"attributes\": {\"step\": null, \"low\": 0.5, \"high\": 5.0, \"log\": false}}"}
{"op_code":5,"worker_id":"4a66985f-afcd-43f3-aca5-519e13241a83-12024","trial_id":85,"param_name":"unified_rho","param_value_internal":0.6713068514329132,"distribution":"{\"name\": \"FloatDistribution\", \"attributes\": {\"step\": null, \"low\": 0.0, \"high\": 1.0, \"log\": false}}"}
{"op_code":9,"worker_id":"0ac88dbd-37f6-4238-9d58-ca87bc706427-31524","trial_id":74,"system_attr":{"constraints":[-0.012725949261942163,0.03674522033184648,0.26666666666666666,0.10454545454545455,0.09720015145165639,-37.0,-8.0,0.017610467610467622,0.0,-1403.8300930293537,0.009027777777777746,0.029497354497354578]}}
{"op_code":5,"worker_id":"4a66985f-afcd-43f3-aca5-519e13241a83-12024","trial_id":85,"param_name":"unified_gamma","param_value_internal":189.24859435915602,"distribution":"{\"name\": \"FloatDistribution\", \"attributes\": {\"step\": null, \"low\": 1.5, \"high\": 10000.0, \"log\": true}}"}
{"op_code":4,"worker_id":"7e3378ff-bdae-4516-bc5d-67bf62b59c29-4680","study_id":0,"datetime_start":"2026-07-14T11:45:15.231075"}
{"op_code":6,"worker_id":"0ac88dbd-37f6-4238-9d58-ca87bc706427-31524","trial_id":74,"state":1,"values":[-0.3148419825807962],"datetime_complete":"2026-07-14T11:45:15.234783"}
{"op_code":4,"worker_id":"d29590e1-42f1-4329-945c-57b82a334c7f-8436","study_id":0,"datetime_start":"2026-07-14T11:45:15.238025"}
{"op_code":5,"worker_id":"4a66985f-afcd-43f3-aca5-519e13241a83-12024","trial_id":85,"param_name":"huber_delta","param_value_internal":4.609616211465849,"distribution":"{\"name\": \"FloatDistribution\", \"attributes\": {\"step\": null, \"low\": 0.5, \"high\": 5.0, \"log\": false}}"}
{"op_code":5,"worker_id":"7e3378ff-bdae-4516-bc5d-67bf62b59c29-4680","trial_id":86,"param_name":"k_weight","param_value_internal":1.4268701164492326,"distribution":"{\"name\": \"FloatDistribution\", \"attributes\": {\"step\": null, \"low\": 0.0, \"high\": 1.5, \"log\": false}}"}
{"op_code":5,"worker_id":"d29590e1-42f1-4329-945c-57b82a334c7f-8436","trial_id":87,"param_name":"k_weight","param_value_internal":1.4268332472902288,"distribution":"{\"name\": \"FloatDistribution\", \"attributes\": {\"step\": null, \"low\": 0.0, \"high\": 1.5, \"log\": false}}"}
{"op_code":5,"worker_id":"7e3378ff-bdae-4516-bc5d-67bf62b59c29-4680","trial_id":86,"param_name":"unified_alpha","param_value_internal":0.0002099775027685866,"distribution":"{\"name\": \"FloatDistribution\", \"attributes\": {\"step\": null, \"low\": 1e-05, \"high\": 10.0, \"log\": true}}"}
{"op_code":5,"worker_id":"d29590e1-42f1-4329-945c-57b82a334c7f-8436","trial_id":87,"param_name":"unified_alpha","param_value_internal":0.00015506197382047894,"distribution":"{\"name\": \"FloatDistribution\", \"attributes\": {\"step\": null, \"low\": 1e-05, \"high\": 10.0, \"log\": true}}"}
{"op_code":4,"worker_id":"562becd7-3a5f-4730-a662-2c243d79f2b2-31524","study_id":0,"datetime_start":"2026-07-14T11:45:15.249546"}
{"op_code":8,"worker_id":"50d4c52d-a14a-4014-ba75-5e4941386424-14384","trial_id":80,"user_attr":{"val_metrics":[0.08066032681164559,-0.011427009841648711,0.6848484848484848,0.16396228749925892,-5.941271987863837]}}
{"op_code":5,"worker_id":"562becd7-3a5f-4730-a662-2c243d79f2b2-31524","trial_id":88,"param_name":"k_weight","param_value_internal":1.4170325080728157,"distribution":"{\"name\": \"FloatDistribution\", \"attributes\": {\"step\": null, \"low\": 0.0, \"high\": 1.5, \"log\": false}}"}
{"op_code":5,"worker_id":"562becd7-3a5f-4730-a662-2c243d79f2b2-31524","trial_id":88,"param_name":"unified_alpha","param_value_internal":0.0001727432797613575,"distribution":"{\"name\": \"FloatDistribution\", \"attributes\": {\"step\": null, \"low\": 1e-05, \"high\": 10.0, \"log\": true}}"}
{"op_code":5,"worker_id":"7e3378ff-bdae-4516-bc5d-67bf62b59c29-4680","trial_id":86,"param_name":"unified_rho","param_value_internal":0.672168112275993,"distribution":"{\"name\": \"FloatDistribution\", \"attributes\": {\"step\": null, \"low\": 0.0, \"high\": 1.0, \"log\": false}}"}
{"op_code":5,"worker_id":"f6a7f152-f798-4c38-8932-6939490b0e0f-19176","trial_id":17,"param_name":"unified_rho","param_value_internal":0.6737016246691375,"distribution":"{\"name\": \"FloatDistribution\", \"attributes\": {\"step\": null, \"low\": 0.0, \"high\": 1.0, \"log\": false}}"}
{"op_code":8,"worker_id":"50d4c52d-a14a-4014-ba75-5e4941386424-14384","trial_id":80,"user_attr":{"deflated_objective":-1.3436259559522785}}
{"op_code":9,"worker_id":"50d4c52d-a14a-4014-ba75-5e4941386424-14384","trial_id":80,"system_attr":{"constraints":[-0.011860951644974168,0.027361763531976297,0.26666666666666666,0.1267676767676768,0.10762624153401702,-34.0,-8.0,0.08216430716430717,0.16666666666666669,-1418.8162771697712,-0.001388888888888884,0.01031746031746028]}}
{"op_code":6,"worker_id":"50d4c52d-a14a-4014-ba75-5e4941386424-14384","trial_id":80,"state":1,"values":[-0.9407563788209468],"datetime_complete":"2026-07-14T11:45:15.264761"}
{"op_code":5,"worker_id":"7e3378ff-bdae-4516-bc5d-67bf62b59c29-4680","trial_id":86,"param_name":"unified_gamma","param_value_internal":9.270092683222284,"distribution":"{\"name\": \"FloatDistribution\", \"attributes\": {\"step\": null, \"low\": 1.5, \"high\": 10000.0, \"log\": true}}"}
{"op_code":5,"worker_id":"562becd7-3a5f-4730-a662-2c243d79f2b2-31524","trial_id":88,"param_name":"unified_rho","param_value_internal":0.6878727996391798,"distribution":"{\"name\": \"FloatDistribution\", \"attributes\": {\"step\": null, \"low\": 0.0, \"high\": 1.0, \"log\": false}}"}
{"op_code":5,"worker_id":"7e3378ff-bdae-4516-bc5d-67bf62b59c29-4680","trial_id":86,"param_name":"huber_delta","param_value_internal":4.173504044823653,"distribution":"{\"name\": \"FloatDistribution\", \"attributes\": {\"step\": null, \"low\": 0.5, \"high\": 5.0, \"log\": false}}"}
{"op_code":9,"worker_id":"73b5b583-4e3c-46d0-bb2b-4c19e295001d-19068","trial_id":79,"system_attr":{"constraints":[-0.013904136807856307,0.034055601608793104,0.26666666666666666,0.1388888888888889,0.13472798442209347,-37.0,-8.0,0.0024131274131274174,0.0,-1403.418320766948,0.005555555555555591,0.03412698412698423]}}
{"op_code":8,"worker_id":"fb9ebe2b-6853-4a30-8a2f-513b8e2d499f-31796","trial_id":84,"user_attr":{"constraints":[-0.012084828931762347,0.03711320762992495,0.26666666666666666,0.12676767676767675,0.13230880494281233,-35.0,-8.0,0.014682539682539686,0.0,-1416.6795469853564,0.005555555555555591,0.029497354497354578]}}
{"op_code":6,"worker_id":"73b5b583-4e3c-46d0-bb2b-4c19e295001d-19068","trial_id":79,"state":1,"values":[-0.7800783983988139],"datetime_complete":"2026-07-14T11:45:15.271830"}
{"op_code":8,"worker_id":"fb9ebe2b-6853-4a30-8a2f-513b8e2d499f-31796","trial_id":84,"user_attr":{"pruned_reasons":["M2 (Yearly Tail IC Mean <= 0)","M3 (Hit Rate < 60%)","M5 (Monotonicity <= 0.25)","M6 (Top-Bottom Spread <= 0)","Side-specific Yearly Tail IC Mean (-0.0147 <= 0)","Yearly Daily Win Rate (44.44% < 45%)","Side-specific Yearly Daily Win Rate (42.05% < 45%)"]}}
{"op_code":8,"worker_id":"fb9ebe2b-6853-4a30-8a2f-513b8e2d499f-31796","trial_id":84,"user_attr":{"gini":0.3906404467902307}}
{"op_code":8,"worker_id":"fb9ebe2b-6853-4a30-8a2f-513b8e2d499f-31796","trial_id":84,"user_attr":{"cv_is_ics":[0.09694190323352814,0.08999279141426086,0.08532319962978363,0.07720723748207092,0.10016070306301117,0.0929577574133873,0.043147969990968704,0.04882792383432388,0.09361148625612259,0.09930260479450226,0.10346052795648575,0.12118756026029587,0.05193871632218361,0.10897168517112732,0.08631525933742523]}}
{"op_code":8,"worker_id":"fb9ebe2b-6853-4a30-8a2f-513b8e2d499f-31796","trial_id":84,"user_attr":{"cv_oos_ics":[-0.02933240868151188,0.028516199439764023,-0.052324552088975906,0.028105178847908974,0.03473556786775589,0.01684502698481083,0.05252532660961151,0.07951470464468002,0.010867510922253132,-0.01710214838385582,0.029820874333381653,0.024266382679343224,0.06373007595539093,0.025330396369099617,0.08416759967803955]}}
{"op_code":8,"worker_id":"fb9ebe2b-6853-4a30-8a2f-513b8e2d499f-31796","trial_id":84,"user_attr":{"reg_kappa":3.5505555537060185}}
{"op_code":4,"worker_id":"4a202dc5-b3c0-4648-9ed2-38969080d82c-14384","study_id":0,"datetime_start":"2026-07-14T11:45:15.277289"}
{"op_code":8,"worker_id":"4a66985f-afcd-43f3-aca5-519e13241a83-12024","trial_id":85,"user_attr":{"constraints":[-0.012448182677327084,0.03485166471488659,0.26666666666666666,0.10454545454545452,0.13512187932048816,-34.0,-8.0,0.006231231231231242,0.0,-1419.1775411028013,0.005555555555555591,0.03412698412698423]}}
{"op_code":5,"worker_id":"4a202dc5-b3c0-4648-9ed2-38969080d82c-14384","trial_id":89,"param_name":"k_weight","param_value_internal":1.4244534585455142,"distribution":"{\"name\": \"FloatDistribution\", \"attributes\": {\"step\": null, \"low\": 0.0, \"high\": 1.5, \"log\": false}}"}
{"op_code":8,"worker_id":"fb9ebe2b-6853-4a30-8a2f-513b8e2d499f-31796","trial_id":84,"user_attr":{"raw_metrics":[-0.26582746072925695,-0.03711320762992495,0.3333333333333333,0.012084828931762347,0.12323232323232323,-0.13230880494281233,-0.26898628694605825,-0.43838927149772644,0.4444444444444444]}}
{"op_code":5,"worker_id":"4a202dc5-b3c0-4648-9ed2-38969080d82c-14384","trial_id":89,"param_name":"unified_alpha","param_value_internal":0.0001267615175035299,"distribution":"{\"name\": \"FloatDistribution\", \"attributes\": {\"step\": null, \"low\": 1e-05, \"high\": 10.0, \"log\": true}}"}
{"op_code":5,"worker_id":"f6a7f152-f798-4c38-8932-6939490b0e0f-19176","trial_id":17,"param_name":"unified_gamma","param_value_internal":8.454156675684052,"distribution":"{\"name\": \"FloatDistribution\", \"attributes\": {\"step\": null, \"low\": 1.5, \"high\": 10000.0, \"log\": true}}"}
{"op_code":5,"worker_id":"4a202dc5-b3c0-4648-9ed2-38969080d82c-14384","trial_id":89,"param_name":"unified_rho","param_value_internal":0.6825234410644005,"distribution":"{\"name\": \"FloatDistribution\", \"attributes\": {\"step\": null, \"low\": 0.0, \"high\": 1.0, \"log\": false}}"}
{"op_code":5,"worker_id":"f6a7f152-f798-4c38-8932-6939490b0e0f-19176","trial_id":17,"param_name":"huber_delta","param_value_internal":2.095009090884606,"distribution":"{\"name\": \"FloatDistribution\", \"attributes\": {\"step\": null, \"low\": 0.5, \"high\": 5.0, \"log\": false}}"}
{"op_code":5,"worker_id":"4a202dc5-b3c0-4648-9ed2-38969080d82c-14384","trial_id":89,"param_name":"unified_gamma","param_value_internal":9.341903645086816,"distribution":"{\"name\": \"FloatDistribution\", \"attributes\": {\"step\": null, \"low\": 1.5, \"high\": 10000.0, \"log\": true}}"}
{"op_code":5,"worker_id":"4a202dc5-b3c0-4648-9ed2-38969080d82c-14384","trial_id":89,"param_name":"huber_delta","param_value_internal":4.14413413239241,"distribution":"{\"name\": \"FloatDistribution\", \"attributes\": {\"step\": null, \"low\": 0.5, \"high\": 5.0, \"log\": false}}"}
{"op_code":8,"worker_id":"4a66985f-afcd-43f3-aca5-519e13241a83-12024","trial_id":85,"user_attr":{"pruned_reasons":["M2 (Yearly Tail IC Mean <= 0)","M3 (Hit Rate < 60%)","M5 (Monotonicity <= 0.25)","M6 (Top-Bottom Spread <= 0)","Side-specific Yearly Tail IC Mean (-0.0062 <= 0)","Yearly Daily Win Rate (44.44% < 45%)","Side-specific Yearly Daily Win Rate (41.59% < 45%)"]}}
{"op_code":5,"worker_id":"562becd7-3a5f-4730-a662-2c243d79f2b2-31524","trial_id":88,"param_name":"unified_gamma","param_value_internal":8.716745736005986,"distribution":"{\"name\": \"FloatDistribution\", \"attributes\": {\"step\": null, \"low\": 1.5, \"high\": 10000.0, \"log\": true}}"}
{"op_code":8,"worker_id":"4a66985f-afcd-43f3-aca5-519e13241a83-12024","trial_id":85,"user_attr":{"gini":0.39166049609335074}}
{"op_code":5,"worker_id":"562becd7-3a5f-4730-a662-2c243d79f2b2-31524","trial_id":88,"param_name":"huber_delta","param_value_internal":4.177561287808444,"distribution":"{\"name\": \"FloatDistribution\", \"attributes\": {\"step\": null, \"low\": 0.5, \"high\": 5.0, \"log\": false}}"}
{"op_code":8,"worker_id":"4a66985f-afcd-43f3-aca5-519e13241a83-12024","trial_id":85,"user_attr":{"cv_is_ics":[0.09671728312969208,0.08969161659479141,0.08539195358753204,0.0772162675857544,0.10056285560131073,0.0910281389951706,0.042097192257642746,0.04811553657054901,0.09292373806238174,0.09789972752332687,0.10233189910650253,0.12132567167282104,0.0508420504629612,0.10839004814624786,0.08608041703701019]}}
{"op_code":8,"worker_id":"7e3378ff-bdae-4516-bc5d-67bf62b59c29-4680","trial_id":86,"user_attr":{"constraints":[-0.00973601924498905,0.04021895024934538,0.26666666666666666,0.14292929292929296,0.11733774204583218,-33.0,-8.0,0.00837623337623337,0.0,-1431.07790186503,0.002083333333333326,0.03412698412698423]}}
{"op_code":8,"worker_id":"4a66985f-afcd-43f3-aca5-519e13241a83-12024","trial_id":85,"user_attr":{"cv_oos_ics":[-0.02944929338991642,0.028585106134414673,-0.0522582083940506,0.027852045372128487,0.035397276282310486,0.015824947506189346,0.05445472151041031,0.07927238941192627,0.01084817387163639,-0.017156533896923065,0.029893625527620316,0.02481898106634617,0.06586518883705139,0.025137867778539658,0.0855138823390007]}}
{"op_code":8,"worker_id":"7e3378ff-bdae-4516-bc5d-67bf62b59c29-4680","trial_id":86,"user_attr":{"pruned_reasons":["M2 (Yearly Tail IC Mean <= 0)","M3 (Hit Rate < 60%)","M5 (Monotonicity <= 0.25)","M6 (Top-Bottom Spread <= 0)","Side-specific Yearly Tail IC Mean (-0.0084 <= 0)","Yearly Daily Win Rate (44.79% < 45%)","Side-specific Yearly Daily Win Rate (41.59% < 45%)"]}}
{"op_code":8,"worker_id":"4a66985f-afcd-43f3-aca5-519e13241a83-12024","trial_id":85,"user_attr":{"reg_kappa":3.5568148237124166}}
{"op_code":8,"worker_id":"7e3378ff-bdae-4516-bc5d-67bf62b59c29-4680","trial_id":86,"user_attr":{"gini":0.3873177373908183}}
{"op_code":8,"worker_id":"7e3378ff-bdae-4516-bc5d-67bf62b59c29-4680","trial_id":86,"user_attr":{"cv_is_ics":[0.09730599820613861,0.08921366930007935,0.08476154506206512,0.07649589329957962,0.09877435117959976,0.09493906050920486,0.0455574132502079,0.049669258296489716,0.09423387795686722,0.10137855261564255,0.10545344650745392,0.12324521690607071,0.053507041186094284,0.11217625439167023,0.08760078251361847]}}
{"op_code":5,"worker_id":"d29590e1-42f1-4329-945c-57b82a334c7f-8436","trial_id":87,"param_name":"unified_rho","param_value_internal":0.688846533251566,"distribution":"{\"name\": \"FloatDistribution\", \"attributes\": {\"step\": null, \"low\": 0.0, \"high\": 1.0, \"log\": false}}"}
{"op_code":8,"worker_id":"4a66985f-afcd-43f3-aca5-519e13241a83-12024","trial_id":85,"user_attr":{"raw_metrics":[-0.2511423902175688,-0.03485166471488659,0.3333333333333333,0.012448182677327084,0.14545454545454548,-0.13512187932048816,-0.2712532690112065,-0.44328585267066956,0.4444444444444444]}}
{"op_code":5,"worker_id":"d29590e1-42f1-4329-945c-57b82a334c7f-8436","trial_id":87,"param_name":"unified_gamma","param_value_internal":9.238904206772647,"distribution":"{\"name\": \"FloatDistribution\", \"attributes\": {\"step\": null, \"low\": 1.5, \"high\": 10000.0, \"log\": true}}"}
{"op_code":8,"worker_id":"7e3378ff-bdae-4516-bc5d-67bf62b59c29-4680","trial_id":86,"user_attr":{"cv_oos_ics":[-0.027237582951784134,0.027446148917078972,-0.05121036618947983,0.027107737958431244,0.03304770588874817,0.016212478280067444,0.052488308399915695,0.08062262088060379,0.010343140922486782,-0.01595422253012657,0.030714955180883408,0.022334754467010498,0.0629514530301094,0.02635401114821434,0.0839424654841423]}}
{"op_code":5,"worker_id":"d29590e1-42f1-4329-945c-57b82a334c7f-8436","trial_id":87,"param_name":"huber_delta","param_value_internal":4.509344799750307,"distribution":"{\"name\": \"FloatDistribution\", \"attributes\": {\"step\": null, \"low\": 0.5, \"high\": 5.0, \"log\": false}}"}
{"op_code":8,"worker_id":"7e3378ff-bdae-4516-bc5d-67bf62b59c29-4680","trial_id":86,"user_attr":{"reg_kappa":3.586252187704359}}
{"op_code":8,"worker_id":"7e3378ff-bdae-4516-bc5d-67bf62b59c29-4680","trial_id":86,"user_attr":{"raw_metrics":[-0.2791377789856406,-0.04021895024934538,0.3333333333333333,0.00973601924498905,0.10707070707070705,-0.11733774204583218,-0.28211762395718937,-0.4400317370891571,0.4479166666666667]}}
{"op_code":8,"worker_id":"7e3378ff-bdae-4516-bc5d-67bf62b59c29-4680","trial_id":86,"user_attr":{"val_metrics":[0.08281642073682934,0.0113822831774609,0.6121212121212121,0.2534377638436854,-6.0808870902187575]}}
{"op_code":8,"worker_id":"4a66985f-afcd-43f3-aca5-519e13241a83-12024","trial_id":85,"user_attr":{"val_metrics":[0.08296278087527277,0.08194610771825284,0.7575757575757576,0.20595338781053824,-6.282478412418833]}}
{"op_code":5,"worker_id":"2a1d8e90-0efe-4c44-883e-8db8e8fe561c-8896","trial_id":83,"param_name":"unified_alpha","param_value_internal":0.0001505320967700558,"distribution":"{\"name\": \"FloatDistribution\", \"attributes\": {\"step\": null, \"low\": 1e-05, \"high\": 10.0, \"log\": true}}"}
{"op_code":8,"worker_id":"7e3378ff-bdae-4516-bc5d-67bf62b59c29-4680","trial_id":86,"user_attr":{"deflated_objective":-1.3952245158082346}}
{"op_code":5,"worker_id":"2a1d8e90-0efe-4c44-883e-8db8e8fe561c-8896","trial_id":83,"param_name":"unified_rho","param_value_internal":0.6833662843570328,"distribution":"{\"name\": \"FloatDistribution\", \"attributes\": {\"step\": null, \"low\": 0.0, \"high\": 1.0, \"log\": false}}"}
{"op_code":8,"worker_id":"4a202dc5-b3c0-4648-9ed2-38969080d82c-14384","trial_id":89,"user_attr":{"constraints":[-0.009712650965910256,0.03983901103961895,0.26666666666666666,0.14292929292929296,0.11733774204583218,-33.0,-8.0,-0.0033354783354783333,0.0,-1430.2955814049835,0.002083333333333326,0.03875661375661382]}}
{"op_code":5,"worker_id":"2a1d8e90-0efe-4c44-883e-8db8e8fe561c-8896","trial_id":83,"param_name":"unified_gamma","param_value_internal":177.97625265251807,"distribution":"{\"name\": \"FloatDistribution\", \"attributes\": {\"step\": null, \"low\": 1.5, \"high\": 10000.0, \"log\": true}}"}
{"op_code":8,"worker_id":"4a66985f-afcd-43f3-aca5-519e13241a83-12024","trial_id":85,"user_attr":{"deflated_objective":-1.4336695546987506}}
{"op_code":8,"worker_id":"f6a7f152-f798-4c38-8932-6939490b0e0f-19176","trial_id":17,"user_attr":{"constraints":[-0.02578727124093543,0.0650106141747479,0.43333333333333335,0.148989898989899,0.11315014789191384,-30.0,-8.0,0.0940797940797941,0.16666666666666669,-1447.4908343065215,0.015277777777777779,0.014947089947090042]}}
{"op_code":8,"worker_id":"4a202dc5-b3c0-4648-9ed2-38969080d82c-14384","trial_id":89,"user_attr":{"pruned_reasons":["M2 (Yearly Tail IC Mean <= 0)","M3 (Hit Rate < 60%)","M5 (Monotonicity <= 0.25)","M6 (Top-Bottom Spread <= 0)","Yearly Daily Win Rate (44.79% < 45%)","Side-specific Yearly Daily Win Rate (41.12% < 45%)"]}}
{"op_code":5,"worker_id":"2a1d8e90-0efe-4c44-883e-8db8e8fe561c-8896","trial_id":83,"param_name":"huber_delta","param_value_internal":4.496497875810245,"distribution":"{\"name\": \"FloatDistribution\", \"attributes\": {\"step\": null, \"low\": 0.5, \"high\": 5.0, \"log\": false}}"}
{"op_code":9,"worker_id":"4a66985f-afcd-43f3-aca5-519e13241a83-12024","trial_id":85,"system_attr":{"constraints":[-0.012448182677327084,0.03485166471488659,0.26666666666666666,0.10454545454545452,0.13512187932048816,-34.0,-8.0,0.006231231231231242,0.0,-1419.1775411028013,0.005555555555555591,0.03412698412698423]}}
{"op_code":8,"worker_id":"f6a7f152-f798-4c38-8932-6939490b0e0f-19176","trial_id":17,"user_attr":{"pruned_reasons":["M2 (Yearly Tail IC Mean <= 0)","M3 (Hit Rate < 60%)","M5 (Monotonicity <= 0.25)","M6 (Top-Bottom Spread <= 0)","Side-specific Yearly Tail IC Mean (-0.0941 <= 0)","Side-specific Hit Rate (33.33% < 50%)","Yearly Daily Win Rate (43.47% < 45%)","Side-specific Yearly Daily Win Rate (43.51% < 45%)"]}}
{"op_code":8,"worker_id":"4a202dc5-b3c0-4648-9ed2-38969080d82c-14384","trial_id":89,"user_attr":{"gini":0.38694683227797433}}
{"op_code":8,"worker_id":"4a202dc5-b3c0-4648-9ed2-38969080d82c-14384","trial_id":89,"user_attr":{"cv_is_ics":[0.09714075177907944,0.08924942463636398,0.08495067059993744,0.07658535987138748,0.0987389013171196,0.09492889046669006,0.0458606593310833,0.04986328259110451,0.0941854789853096,0.10149776190519333,0.1057526022195816,0.12341929972171783,0.05375330150127411,0.11251011490821838,0.08768581598997116]}}
{"op_code":6,"worker_id":"4a66985f-afcd-43f3-aca5-519e13241a83-12024","trial_id":85,"state":1,"values":[-1.0323867289307314],"datetime_complete":"2026-07-14T11:45:15.350944"}
{"op_code":4,"worker_id":"519e5b29-925a-42d5-9c0c-d48bdb7ad6d4-19068","study_id":0,"datetime_start":"2026-07-14T11:45:15.356009"}
{"op_code":8,"worker_id":"4a202dc5-b3c0-4648-9ed2-38969080d82c-14384","trial_id":89,"user_attr":{"cv_oos_ics":[-0.02719373255968094,0.027183905243873596,-0.05144969001412392,0.027139484882354736,0.033112071454524994,0.01608947105705738,0.052035003900527954,0.08016575872898102,0.010502640157938004,-0.014981268905103207,0.030357323586940765,0.022139685228466988,0.06326338648796082,0.025935644283890724,0.08399088680744171]}}
{"op_code":8,"worker_id":"4a202dc5-b3c0-4648-9ed2-38969080d82c-14384","trial_id":89,"user_attr":{"reg_kappa":3.5844616248016514}}
{"op_code":8,"worker_id":"4a202dc5-b3c0-4648-9ed2-38969080d82c-14384","trial_id":89,"user_attr":{"raw_metrics":[-0.28055571812964486,-0.03983901103961895,0.3333333333333333,0.009712650965910256,0.10707070707070705,-0.11733774204583218,-0.2814004027281671,-0.4385061264038086,0.4479166666666667]}}
{"op_code":5,"worker_id":"519e5b29-925a-42d5-9c0c-d48bdb7ad6d4-19068","trial_id":90,"param_name":"k_weight","param_value_internal":1.419430087234394,"distribution":"{\"name\": \"FloatDistribution\", \"attributes\": {\"step\": null, \"low\": 0.0, \"high\": 1.5, \"log\": false}}"}
{"op_code":8,"worker_id":"4a202dc5-b3c0-4648-9ed2-38969080d82c-14384","trial_id":89,"user_attr":{"val_metrics":[0.08207792929542622,0.01512236306502543,0.6121212121212121,0.2534377638436854,-6.14358264516809]}}
{"op_code":5,"worker_id":"519e5b29-925a-42d5-9c0c-d48bdb7ad6d4-19068","trial_id":90,"param_name":"unified_alpha","param_value_internal":2.492803004383438e-05,"distribution":"{\"name\": \"FloatDistribution\", \"attributes\": {\"step\": null, \"low\": 1e-05, \"high\": 10.0, \"log\": true}}"}
{"op_code":4,"worker_id":"b3a805bd-d4b4-4e32-b541-3cdb9a4473bb-12024","study_id":0,"datetime_start":"2026-07-14T11:45:15.367796"}
{"op_code":8,"worker_id":"4a202dc5-b3c0-4648-9ed2-38969080d82c-14384","trial_id":89,"user_attr":{"deflated_objective":-1.4198300465108276}}
{"op_code":5,"worker_id":"b3a805bd-d4b4-4e32-b541-3cdb9a4473bb-12024","trial_id":91,"param_name":"k_weight","param_value_internal":1.421531892718441,"distribution":"{\"name\": \"FloatDistribution\", \"attributes\": {\"step\": null, \"low\": 0.0, \"high\": 1.5, \"log\": false}}"}
{"op_code":5,"worker_id":"519e5b29-925a-42d5-9c0c-d48bdb7ad6d4-19068","trial_id":90,"param_name":"unified_rho","param_value_internal":0.6930745444936315,"distribution":"{\"name\": \"FloatDistribution\", \"attributes\": {\"step\": null, \"low\": 0.0, \"high\": 1.0, \"log\": false}}"}
{"op_code":8,"worker_id":"d29590e1-42f1-4329-945c-57b82a334c7f-8436","trial_id":87,"user_attr":{"constraints":[-0.012127605418248139,0.03809019416922151,0.26666666666666666,0.13686868686868686,0.13512187932048816,-33.0,-8.0,0.012966537966537961,0.0,-1431.0657936641273,0.005555555555555591,0.029497354497354578]}}
{"op_code":5,"worker_id":"b3a805bd-d4b4-4e32-b541-3cdb9a4473bb-12024","trial_id":91,"param_name":"unified_alpha","param_value_internal":2.4057507177425573e-05,"distribution":"{\"name\": \"FloatDistribution\", \"attributes\": {\"step\": null, \"low\": 1e-05, \"high\": 10.0, \"log\": true}}"}
{"op_code":8,"worker_id":"d29590e1-42f1-4329-945c-57b82a334c7f-8436","trial_id":87,"user_attr":{"pruned_reasons":["M2 (Yearly Tail IC Mean <= 0)","M3 (Hit Rate < 60%)","M5 (Monotonicity <= 0.25)","M6 (Top-Bottom Spread <= 0)","Side-specific Yearly Tail IC Mean (-0.0130 <= 0)","Yearly Daily Win Rate (44.44% < 45%)","Side-specific Yearly Daily Win Rate (42.05% < 45%)"]}}
{"op_code":8,"worker_id":"d29590e1-42f1-4329-945c-57b82a334c7f-8436","trial_id":87,"user_attr":{"gini":0.39201970929539764}}
{"op_code":5,"worker_id":"519e5b29-925a-42d5-9c0c-d48bdb7ad6d4-19068","trial_id":90,"param_name":"unified_gamma","param_value_internal":9.774103195786745,"distribution":"{\"name\": \"FloatDistribution\", \"attributes\": {\"step\": null, \"low\": 1.5, \"high\": 10000.0, \"log\": true}}"}
{"op_code":8,"worker_id":"d29590e1-42f1-4329-945c-57b82a334c7f-8436","trial_id":87,"user_attr":{"cv_is_ics":[0.09614170342683792,0.0895269364118576,0.08485312759876251,0.07733827829360962,0.09997273981571198,0.0912775918841362,0.042071450501680374,0.047636788338422775,0.09294778108596802,0.09873376041650772,0.1028105616569519,0.12137864530086517,0.050818055868148804,0.10868756473064423,0.08585335314273834]}}
{"op_code":5,"worker_id":"b3a805bd-d4b4-4e32-b541-3cdb9a4473bb-12024","trial_id":91,"param_name":"unified_rho","param_value_internal":0.6656246152046337,"distribution":"{\"name\": \"FloatDistribution\", \"attributes\": {\"step\": null, \"low\": 0.0, \"high\": 1.0, \"log\": false}}"}
{"op_code":5,"worker_id":"519e5b29-925a-42d5-9c0c-d48bdb7ad6d4-19068","trial_id":90,"param_name":"huber_delta","param_value_internal":4.153249877880089,"distribution":"{\"name\": \"FloatDistribution\", \"attributes\": {\"step\": null, \"low\": 0.5, \"high\": 5.0, \"log\": false}}"}
{"op_code":5,"worker_id":"b3a805bd-d4b4-4e32-b541-3cdb9a4473bb-12024","trial_id":91,"param_name":"unified_gamma","param_value_internal":9.193125552443353,"distribution":"{\"name\": \"FloatDistribution\", \"attributes\": {\"step\": null, \"low\": 1.5, \"high\": 10000.0, \"log\": true}}"}
{"op_code":8,"worker_id":"d29590e1-42f1-4329-945c-57b82a334c7f-8436","trial_id":87,"user_attr":{"cv_oos_ics":[-0.029423097148537636,0.02658766135573387,-0.05206059664487839,0.027245407924056053,0.03454798087477684,0.0151054123416543,0.054116733372211456,0.07931096851825714,0.010052232071757317,-0.017174331471323967,0.029528304934501648,0.023664239794015884,0.0653260350227356,0.024169299751520157,0.08393780887126923]}}
{"op_code":5,"worker_id":"b3a805bd-d4b4-4e32-b541-3cdb9a4473bb-12024","trial_id":91,"param_name":"huber_delta","param_value_internal":4.166887799134671,"distribution":"{\"name\": \"FloatDistribution\", \"attributes\": {\"step\": null, \"low\": 0.5, \"high\": 5.0, \"log\": false}}"}
{"op_code":8,"worker_id":"562becd7-3a5f-4730-a662-2c243d79f2b2-31524","trial_id":88,"user_attr":{"constraints":[-0.009663759495934402,0.04137686022184502,0.26666666666666666,0.16313131313131313,0.11733774204583218,-33.0,-8.0,-0.0033783783783783807,0.0,-1427.9062112083247,0.002083333333333326,0.03875661375661382]}}
{"op_code":8,"worker_id":"d29590e1-42f1-4329-945c-57b82a334c7f-8436","trial_id":87,"user_attr":{"reg_kappa":3.586344092220405}}
{"op_code":8,"worker_id":"2a1d8e90-0efe-4c44-883e-8db8e8fe561c-8896","trial_id":83,"user_attr":{"constraints":[-0.01160033509179164,0.03675136076351882,0.26666666666666666,0.12878787878787878,0.13472798442209347,-35.0,-8.0,0.014553839553839543,0.0,-1415.195507512043,0.005555555555555591,0.029497354497354578]}}
{"op_code":8,"worker_id":"d29590e1-42f1-4329-945c-57b82a334c7f-8436","trial_id":87,"user_attr":{"raw_metrics":[-0.27058995369672245,-0.03809019416922151,0.3333333333333333,0.012127605418248139,0.11313131313131312,-0.13512187932048816,-0.28210669430886315,-0.45137038826942444,0.4444444444444444]}}
{"op_code":8,"worker_id":"d29590e1-42f1-4329-945c-57b82a334c7f-8436","trial_id":87,"user_attr":{"val_metrics":[0.08288249188504095,0.07913802279598622,0.7454545454545455,0.20595338781053824,-7.422118793366689]}}
{"op_code":8,"worker_id":"562becd7-3a5f-4730-a662-2c243d79f2b2-31524","trial_id":88,"user_attr":{"pruned_reasons":["M2 (Yearly Tail IC Mean <= 0)","M3 (Hit Rate < 60%)","M5 (Monotonicity <= 0.25)","M6 (Top-Bottom Spread <= 0)","Yearly Daily Win Rate (44.79% < 45%)","Side-specific Yearly Daily Win Rate (41.12% < 45%)"]}}
{"op_code":8,"worker_id":"562becd7-3a5f-4730-a662-2c243d79f2b2-31524","trial_id":88,"user_attr":{"gini":0.3869309485340233}}
{"op_code":8,"worker_id":"562becd7-3a5f-4730-a662-2c243d79f2b2-31524","trial_id":88,"user_attr":{"cv_is_ics":[0.09735387563705444,0.08945556730031967,0.08503307402133942,0.07663711905479431,0.09874656051397324,0.09487971663475037,0.04590979218482971,0.04974343255162239,0.09432639181613922,0.1013505756855011,0.10557903349399567,0.1229739859700203,0.05347146838903427,0.1121383085846901,0.08744533360004425]}}
{"op_code":8,"worker_id":"562becd7-3a5f-4730-a662-2c243d79f2b2-31524","trial_id":88,"user_attr":{"cv_oos_ics":[-0.027751537039875984,0.027330972254276276,-0.051366545259952545,0.027259787544608116,0.033316172659397125,0.01634886860847473,0.05265830084681511,0.08063501119613647,0.010189146734774113,-0.015457922592759132,0.030750546604394913,0.02247660979628563,0.0630602240562439,0.026335379108786583,0.08414403349161148]}}
{"op_code":9,"worker_id":"7e3378ff-bdae-4516-bc5d-67bf62b59c29-4680","trial_id":86,"system_attr":{"constraints":[-0.00973601924498905,0.04021895024934538,0.26666666666666666,0.14292929292929296,0.11733774204583218,-33.0,-8.0,0.00837623337623337,0.0,-1431.07790186503,0.002083333333333326,0.03412698412698423]}}
{"op_code":8,"worker_id":"d29590e1-42f1-4329-945c-57b82a334c7f-8436","trial_id":87,"user_attr":{"deflated_objective":-1.9021630773733293}}
{"op_code":6,"worker_id":"7e3378ff-bdae-4516-bc5d-67bf62b59c29-4680","trial_id":86,"state":1,"values":[-0.9945358204301018],"datetime_complete":"2026-07-14T11:45:15.407506"}
{"op_code":9,"worker_id":"4a202dc5-b3c0-4648-9ed2-38969080d82c-14384","trial_id":89,"system_attr":{"constraints":[-0.009712650965910256,0.03983901103961895,0.26666666666666666,0.14292929292929296,0.11733774204583218,-33.0,-8.0,-0.0033354783354783333,0.0,-1430.2955814049835,0.002083333333333326,0.03875661375661382]}}
{"op_code":9,"worker_id":"d29590e1-42f1-4329-945c-57b82a334c7f-8436","trial_id":87,"system_attr":{"constraints":[-0.012127605418248139,0.03809019416922151,0.26666666666666666,0.13686868686868686,0.13512187932048816,-33.0,-8.0,0.012966537966537961,0.0,-1431.0657936641273,0.005555555555555591,0.029497354497354578]}}
{"op_code":6,"worker_id":"d29590e1-42f1-4329-945c-57b82a334c7f-8436","trial_id":87,"state":1,"values":[-1.4905862653441047],"datetime_complete":"2026-07-14T11:45:15.412132"}
{"op_code":8,"worker_id":"562becd7-3a5f-4730-a662-2c243d79f2b2-31524","trial_id":88,"user_attr":{"reg_kappa":3.578392673511268}}
{"op_code":6,"worker_id":"4a202dc5-b3c0-4648-9ed2-38969080d82c-14384","trial_id":89,"state":1,"values":[-1.0181918595965838],"datetime_complete":"2026-07-14T11:45:15.411238"}
{"op_code":8,"worker_id":"562becd7-3a5f-4730-a662-2c243d79f2b2-31524","trial_id":88,"user_attr":{"raw_metrics":[-0.28931332763467354,-0.04137686022184502,0.3333333333333333,0.009663759495934402,0.08686868686868687,-0.11733774204583218,-0.279211558219599,-0.43730711936950684,0.4479166666666667]}}
{"op_code":8,"worker_id":"a7457a7f-61ae-4577-acaf-d94bf8d9591c-27064","trial_id":67,"user_attr":{"cv_oos_ics":[-0.02973887324333191,0.03492695838212967,-0.056998975574970245,0.022821132093667984,0.03637487813830376,0.019708363339304924,0.05209052935242653,0.08089341223239899,0.015703851357102394,-0.01253407821059227,0.02930905483663082,0.023998763412237167,0.0664689838886261,0.03032143972814083,0.08412469178438187]}}
{"op_code":8,"worker_id":"562becd7-3a5f-4730-a662-2c243d79f2b2-31524","trial_id":88,"user_attr":{"val_metrics":[0.0825203550853495,0.008261913631789186,0.6121212121212121,0.2534377638436854,-6.084763315467416]}}
{"op_code":8,"worker_id":"a7457a7f-61ae-4577-acaf-d94bf8d9591c-27064","trial_id":67,"user_attr":{"reg_kappa":3.2596413988271338}}
{"op_code":4,"worker_id":"e55e9224-26fc-4f52-a9fd-2cc67499d056-4680","study_id":0,"datetime_start":"2026-07-14T11:45:15.423360"}
{"op_code":8,"worker_id":"a7457a7f-61ae-4577-acaf-d94bf8d9591c-27064","trial_id":67,"user_attr":{"raw_metrics":[-0.2654895778956216,-0.0466956802063185,0.3333333333333333,0.02736444533271325,0.22626262626262628,-0.09367066189388018,-0.17054289324874997,-0.30841323733329773,0.4513888888888889]}}
{"op_code":8,"worker_id":"a7457a7f-61ae-4577-acaf-d94bf8d9591c-27064","trial_id":67,"user_attr":{"val_metrics":[0.08351811305770955,-0.06487687443470525,0.9030303030303031,0.25325725264847276,-4.8323442553771985]}}
{"op_code":4,"worker_id":"8dcfcc2e-20ea-46a9-a144-0fff1025afb7-8436","study_id":0,"datetime_start":"2026-07-14T11:45:15.423820"}
{"op_code":8,"worker_id":"562becd7-3a5f-4730-a662-2c243d79f2b2-31524","trial_id":88,"user_attr":{"deflated_objective":-1.4074863129644273}}
{"op_code":4,"worker_id":"fe7a2207-3495-482a-b715-f3a67c18ca87-14384","study_id":0,"datetime_start":"2026-07-14T11:45:15.430410"}
{"op_code":5,"worker_id":"8dcfcc2e-20ea-46a9-a144-0fff1025afb7-8436","trial_id":93,"param_name":"k_weight","param_value_internal":1.1302686901237537,"distribution":"{\"name\": \"FloatDistribution\", \"attributes\": {\"step\": null, \"low\": 0.0, \"high\": 1.5, \"log\": false}}"}
{"op_code":5,"worker_id":"fe7a2207-3495-482a-b715-f3a67c18ca87-14384","trial_id":94,"param_name":"k_weight","param_value_internal":1.1416895472676902,"distribution":"{\"name\": \"FloatDistribution\", \"attributes\": {\"step\": null, \"low\": 0.0, \"high\": 1.5, \"log\": false}}"}
{"op_code":9,"worker_id":"562becd7-3a5f-4730-a662-2c243d79f2b2-31524","trial_id":88,"system_attr":{"constraints":[-0.009663759495934402,0.04137686022184502,0.26666666666666666,0.16313131313131313,0.11733774204583218,-33.0,-8.0,-0.0033783783783783807,0.0,-1427.9062112083247,0.002083333333333326,0.03875661375661382]}}
{"op_code":5,"worker_id":"8dcfcc2e-20ea-46a9-a144-0fff1025afb7-8436","trial_id":93,"param_name":"unified_alpha","param_value_internal":2.1707657606296203e-05,"distribution":"{\"name\": \"FloatDistribution\", \"attributes\": {\"step\": null, \"low\": 1e-05, \"high\": 10.0, \"log\": true}}"}
{"op_code":8,"worker_id":"519e5b29-925a-42d5-9c0c-d48bdb7ad6d4-19068","trial_id":90,"user_attr":{"constraints":[-0.009747705732382076,0.04003802681614232,0.26666666666666666,0.14292929292929296,0.11733774204583218,-33.0,-8.0,-0.0033783783783783807,0.0,-1428.6760070886362,0.002083333333333326,0.03875661375661382]}}
{"op_code":8,"worker_id":"a7457a7f-61ae-4577-acaf-d94bf8d9591c-27064","trial_id":67,"user_attr":{"deflated_objective":-0.9031007095472828}}
{"op_code":5,"worker_id":"8dcfcc2e-20ea-46a9-a144-0fff1025afb7-8436","trial_id":93,"param_name":"unified_rho","param_value_internal":0.6231692247942193,"distribution":"{\"name\": \"FloatDistribution\", \"attributes\": {\"step\": null, \"low\": 0.0, \"high\": 1.0, \"log\": false}}"}
{"op_code":9,"worker_id":"a7457a7f-61ae-4577-acaf-d94bf8d9591c-27064","trial_id":67,"system_attr":{"constraints":[-0.02736444533271325,0.0466956802063185,0.26666666666666666,0.023737373737373724,0.09367066189388018,-63.0,-8.0,0.1305984555984556,0.16666666666666669,-1300.6106550794443,-0.001388888888888884,0.005687830687830631]}}
{"op_code":5,"worker_id":"8dcfcc2e-20ea-46a9-a144-0fff1025afb7-8436","trial_id":93,"param_name":"unified_gamma","param_value_internal":236.8165168584635,"distribution":"{\"name\": \"FloatDistribution\", \"attributes\": {\"step\": null, \"low\": 1.5, \"high\": 10000.0, \"log\": true}}"}
{"op_code":6,"worker_id":"562becd7-3a5f-4730-a662-2c243d79f2b2-31524","trial_id":88,"state":1,"values":[-0.9973640649126991],"datetime_complete":"2026-07-14T11:45:15.437901"}
{"op_code":5,"worker_id":"8dcfcc2e-20ea-46a9-a144-0fff1025afb7-8436","trial_id":93,"param_name":"huber_delta","param_value_internal":3.879306290142093,"distribution":"{\"name\": \"FloatDistribution\", \"attributes\": {\"step\": null, \"low\": 0.5, \"high\": 5.0, \"log\": false}}"}
{"op_code":6,"worker_id":"a7457a7f-61ae-4577-acaf-d94bf8d9591c-27064","trial_id":67,"state":1,"values":[-0.49646127126515505],"datetime_complete":"2026-07-14T11:45:15.445341"}
{"op_code":8,"worker_id":"519e5b29-925a-42d5-9c0c-d48bdb7ad6d4-19068","trial_id":90,"user_attr":{"pruned_reasons":["M2 (Yearly Tail IC Mean <= 0)","M3 (Hit Rate < 60%)","M5 (Monotonicity <= 0.25)","M6 (Top-Bottom Spread <= 0)","Yearly Daily Win Rate (44.79% < 45%)","Side-specific Yearly Daily Win Rate (41.12% < 45%)"]}}
{"op_code":8,"worker_id":"b3a805bd-d4b4-4e32-b541-3cdb9a4473bb-12024","trial_id":91,"user_attr":{"constraints":[-0.00983244165863033,0.03987519572625956,0.26666666666666666,0.14292929292929296,0.11733774204583218,-33.0,-8.0,-0.004751179751179761,0.0,-1429.3525668796858,0.002083333333333326,0.03875661375661382]}}
{"op_code":8,"worker_id":"519e5b29-925a-42d5-9c0c-d48bdb7ad6d4-19068","trial_id":90,"user_attr":{"gini":0.38678939307410465}}
{"op_code":8,"worker_id":"519e5b29-925a-42d5-9c0c-d48bdb7ad6d4-19068","trial_id":90,"user_attr":{"cv_is_ics":[0.09742163866758347,0.08931048959493637,0.0850217267870903,0.07655586302280426,0.0986756980419159,0.09498608112335205,0.045949649065732956,0.04982900246977806,0.09397732466459274,0.10138455033302307,0.10569682717323303,0.12322435528039932,0.053847912698984146,0.11259306967258453,0.0875086709856987]}}
{"op_code":8,"worker_id":"519e5b29-925a-42d5-9c0c-d48bdb7ad6d4-19068","trial_id":90,"user_attr":{"cv_oos_ics":[-0.027117421850562096,0.027233164757490158,-0.051497526466846466,0.027222629636526108,0.03310896456241608,0.016012590378522873,0.05216626822948456,0.08020419627428055,0.010516895912587643,-0.014944253489375114,0.030529020354151726,0.022195016965270042,0.06361261755228043,0.026033038273453712,0.08410832285881042]}}
{"op_code":8,"worker_id":"519e5b29-925a-42d5-9c0c-d48bdb7ad6d4-19068","trial_id":90,"user_attr":{"reg_kappa":3.5805961523305823}}
{"op_code":5,"worker_id":"e55e9224-26fc-4f52-a9fd-2cc67499d056-4680","trial_id":92,"param_name":"k_weight","param_value_internal":1.1569089655896871,"distribution":"{\"name\": \"FloatDistribution\", \"attributes\": {\"step\": null, \"low\": 0.0, \"high\": 1.5, \"log\": false}}"}
{"op_code":8,"worker_id":"519e5b29-925a-42d5-9c0c-d48bdb7ad6d4-19068","trial_id":90,"user_attr":{"raw_metrics":[-0.2815275613690134,-0.04003802681614232,0.3333333333333333,0.009747705732382076,0.10707070707070705,-0.11733774204583218,-0.27991654756624446,-0.43729907274246216,0.4479166666666667]}}
{"op_code":4,"worker_id":"913f2007-dd48-4f0e-bcf0-3e1090922eeb-31524","study_id":0,"datetime_start":"2026-07-14T11:45:15.462010"}
{"op_code":5,"worker_id":"e55e9224-26fc-4f52-a9fd-2cc67499d056-4680","trial_id":92,"param_name":"unified_alpha","param_value_internal":2.0962114281706863e-05,"distribution":"{\"name\": \"FloatDistribution\", \"attributes\": {\"step\": null, \"low\": 1e-05, \"high\": 10.0, \"log\": true}}"}
{"op_code":5,"worker_id":"913f2007-dd48-4f0e-bcf0-3e1090922eeb-31524","trial_id":95,"param_name":"k_weight","param_value_internal":1.1445451333601724,"distribution":"{\"name\": \"FloatDistribution\", \"attributes\": {\"step\": null, \"low\": 0.0, \"high\": 1.5, \"log\": false}}"}
{"op_code":8,"worker_id":"519e5b29-925a-42d5-9c0c-d48bdb7ad6d4-19068","trial_id":90,"user_attr":{"val_metrics":[0.08223808910406574,0.014930365869484624,0.6121212121212121,0.2534377638436854,-6.11555596109722]}}
{"op_code":5,"worker_id":"e55e9224-26fc-4f52-a9fd-2cc67499d056-4680","trial_id":92,"param_name":"unified_rho","param_value_internal":0.5573910342303332,"distribution":"{\"name\": \"FloatDistribution\", \"attributes\": {\"step\": null, \"low\": 0.0, \"high\": 1.0, \"log\": false}}"}
{"op_code":8,"worker_id":"b3a805bd-d4b4-4e32-b541-3cdb9a4473bb-12024","trial_id":91,"user_attr":{"pruned_reasons":["M2 (Yearly Tail IC Mean <= 0)","M3 (Hit Rate < 60%)","M5 (Monotonicity <= 0.25)","M6 (Top-Bottom Spread <= 0)","Yearly Daily Win Rate (44.79% < 45%)","Side-specific Yearly Daily Win Rate (41.12% < 45%)"]}}
{"op_code":5,"worker_id":"fe7a2207-3495-482a-b715-f3a67c18ca87-14384","trial_id":94,"param_name":"unified_alpha","param_value_internal":2.4322312805190023e-05,"distribution":"{\"name\": \"FloatDistribution\", \"attributes\": {\"step\": null, \"low\": 1e-05, \"high\": 10.0, \"log\": true}}"}
{"op_code":5,"worker_id":"913f2007-dd48-4f0e-bcf0-3e1090922eeb-31524","trial_id":95,"param_name":"unified_alpha","param_value_internal":2.359438001458221e-05,"distribution":"{\"name\": \"FloatDistribution\", \"attributes\": {\"step\": null, \"low\": 1e-05, \"high\": 10.0, \"log\": true}}"}
{"op_code":5,"worker_id":"fe7a2207-3495-482a-b715-f3a67c18ca87-14384","trial_id":94,"param_name":"unified_rho","param_value_internal":0.5589515817801267,"distribution":"{\"name\": \"FloatDistribution\", \"attributes\": {\"step\": null, \"low\": 0.0, \"high\": 1.0, \"log\": false}}"}
{"op_code":5,"worker_id":"e55e9224-26fc-4f52-a9fd-2cc67499d056-4680","trial_id":92,"param_name":"unified_gamma","param_value_internal":194.29645664144707,"distribution":"{\"name\": \"FloatDistribution\", \"attributes\": {\"step\": null, \"low\": 1.5, \"high\": 10000.0, \"log\": true}}"}
{"op_code":5,"worker_id":"913f2007-dd48-4f0e-bcf0-3e1090922eeb-31524","trial_id":95,"param_name":"unified_rho","param_value_internal":0.6189612720340347,"distribution":"{\"name\": \"FloatDistribution\", \"attributes\": {\"step\": null, \"low\": 0.0, \"high\": 1.0, \"log\": false}}"}
{"op_code":8,"worker_id":"519e5b29-925a-42d5-9c0c-d48bdb7ad6d4-19068","trial_id":90,"user_attr":{"deflated_objective":-1.411754726260552}}
{"op_code":5,"worker_id":"913f2007-dd48-4f0e-bcf0-3e1090922eeb-31524","trial_id":95,"param_name":"unified_gamma","param_value_internal":259.7158836194352,"distribution":"{\"name\": \"FloatDistribution\", \"attributes\": {\"step\": null, \"low\": 1.5, \"high\": 10000.0, \"log\": true}}"}
{"op_code":5,"worker_id":"fe7a2207-3495-482a-b715-f3a67c18ca87-14384","trial_id":94,"param_name":"unified_gamma","param_value_internal":229.32007701881355,"distribution":"{\"name\": \"FloatDistribution\", \"attributes\": {\"step\": null, \"low\": 1.5, \"high\": 10000.0, \"log\": true}}"}
{"op_code":5,"worker_id":"e55e9224-26fc-4f52-a9fd-2cc67499d056-4680","trial_id":92,"param_name":"huber_delta","param_value_internal":3.8227941565660455,"distribution":"{\"name\": \"FloatDistribution\", \"attributes\": {\"step\": null, \"low\": 0.5, \"high\": 5.0, \"log\": false}}"}
{"op_code":5,"worker_id":"fe7a2207-3495-482a-b715-f3a67c18ca87-14384","trial_id":94,"param_name":"huber_delta","param_value_internal":3.8482942439275676,"distribution":"{\"name\": \"FloatDistribution\", \"attributes\": {\"step\": null, \"low\": 0.5, \"high\": 5.0, \"log\": false}}"}
{"op_code":5,"worker_id":"913f2007-dd48-4f0e-bcf0-3e1090922eeb-31524","trial_id":95,"param_name":"huber_delta","param_value_internal":3.854835816083497,"distribution":"{\"name\": \"FloatDistribution\", \"attributes\": {\"step\": null, \"low\": 0.5, \"high\": 5.0, \"log\": false}}"}
{"op_code":8,"worker_id":"b3a805bd-d4b4-4e32-b541-3cdb9a4473bb-12024","trial_id":91,"user_attr":{"gini":0.3870324027760328}}
{"op_code":8,"worker_id":"b3a805bd-d4b4-4e32-b541-3cdb9a4473bb-12024","trial_id":91,"user_attr":{"cv_is_ics":[0.09726404398679733,0.08938286453485489,0.08498301357030869,0.07658661156892776,0.09873531013727188,0.09490374475717545,0.04579363018274307,0.0497504360973835,0.09428520500659943,0.10146922618150711,0.10554985702037811,0.12318697571754456,0.053621575236320496,0.11229167133569717,0.08753369748592377]}}
{"op_code":8,"worker_id":"b3a805bd-d4b4-4e32-b541-3cdb9a4473bb-12024","trial_id":91,"user_attr":{"cv_oos_ics":[-0.027316739782691002,0.027438035234808922,-0.05129194259643555,0.02710716798901558,0.03317812830209732,0.016230985522270203,0.052285004407167435,0.08044565469026566,0.010066205635666847,-0.015432865358889103,0.030530443415045738,0.02223750203847885,0.06313624978065491,0.02658267319202423,0.08401107043027878]}}
{"op_code":8,"worker_id":"8dcfcc2e-20ea-46a9-a144-0fff1025afb7-8436","trial_id":93,"user_attr":{"constraints":[-0.023928345287420938,0.028194011324710416,0.26666666666666666,0.06616161616161617,0.10693970618303865,-49.0,-8.0,0.02419562419562421,0.16666666666666669,-1347.851923517663,0.005555555555555591,0.024867724867724927]}}
{"op_code":8,"worker_id":"b3a805bd-d4b4-4e32-b541-3cdb9a4473bb-12024","trial_id":91,"user_attr":{"reg_kappa":3.58228953510915}}
{"op_code":8,"worker_id":"8dcfcc2e-20ea-46a9-a144-0fff1025afb7-8436","trial_id":93,"user_attr":{"pruned_reasons":["M2 (Yearly Tail IC Mean <= 0)","M3 (Hit Rate < 60%)","M5 (Monotonicity <= 0.25)","M6 (Top-Bottom Spread <= 0)","Side-specific Yearly Tail IC Mean (-0.0242 <= 0)","Side-specific Hit Rate (33.33% < 50%)","Yearly Daily Win Rate (44.44% < 45%)","Side-specific Yearly Daily Win Rate (42.51% < 45%)"]}}
{"op_code":9,"worker_id":"519e5b29-925a-42d5-9c0c-d48bdb7ad6d4-19068","trial_id":90,"system_attr":{"constraints":[-0.009747705732382076,0.04003802681614232,0.26666666666666666,0.14292929292929296,0.11733774204583218,-33.0,-8.0,-0.0033783783783783807,0.0,-1428.6760070886362,0.002083333333333326,0.03875661375661382]}}
{"op_code":6,"worker_id":"519e5b29-925a-42d5-9c0c-d48bdb7ad6d4-19068","trial_id":90,"state":1,"values":[-1.0070419688667032],"datetime_complete":"2026-07-14T11:45:15.501720"}
{"op_code":8,"worker_id":"b3a805bd-d4b4-4e32-b541-3cdb9a4473bb-12024","trial_id":91,"user_attr":{"raw_metrics":[-0.2809150605184278,-0.03987519572625956,0.3333333333333333,0.00983244165863033,0.10707070707070705,-0.11733774204583218,-0.2805362130864522,-0.43833914399147034,0.4479166666666667]}}
{"op_code":8,"worker_id":"b3a805bd-d4b4-4e32-b541-3cdb9a4473bb-12024","trial_id":91,"user_attr":{"val_metrics":[0.08229914219038785,0.015452450154560066,0.6121212121212121,0.2534377638436854,-6.076855155801334]}}
{"op_code":8,"worker_id":"8dcfcc2e-20ea-46a9-a144-0fff1025afb7-8436","trial_id":93,"user_attr":{"gini":0.37388895477720885}}
{"op_code":8,"worker_id":"8dcfcc2e-20ea-46a9-a144-0fff1025afb7-8436","trial_id":93,"user_attr":{"cv_is_ics":[0.09950844943523407,0.09227588027715683,0.08952978998422623,0.07889115810394287,0.10014554113149643,0.10088111460208893,0.057849347591400146,0.057973045855760574,0.09842206537723541,0.1074913963675499,0.1121632382273674,0.1255660504102707,0.059859808534383774,0.11727353930473328,0.091264508664608]}}
{"op_code":8,"worker_id":"8dcfcc2e-20ea-46a9-a144-0fff1025afb7-8436","trial_id":93,"user_attr":{"cv_oos_ics":[-0.026134217157959938,0.03053058683872223,-0.05710916966199875,0.024137765169143677,0.03504271060228348,0.01691877283155918,0.046412255614995956,0.08377838879823685,0.013759519904851913,-0.011864371597766876,0.03003329038619995,0.021930785849690437,0.06516074389219284,0.03067374788224697,0.08354654908180237]}}
{"op_code":8,"worker_id":"8dcfcc2e-20ea-46a9-a144-0fff1025afb7-8436","trial_id":93,"user_attr":{"reg_kappa":3.378030248206155}}
{"op_code":8,"worker_id":"8dcfcc2e-20ea-46a9-a144-0fff1025afb7-8436","trial_id":93,"user_attr":{"raw_metrics":[-0.1776818888826816,-0.028194011324710416,0.3333333333333333,0.023928345287420938,0.18383838383838383,-0.10693970618303865,-0.20865836144989944,-0.3514789044857025,0.4444444444444444]}}
{"op_code":8,"worker_id":"8dcfcc2e-20ea-46a9-a144-0fff1025afb7-8436","trial_id":93,"user_attr":{"val_metrics":[0.08217787236139187,-0.02676001848274384,0.6363636363636364,0.23727603623643517,-4.675356571490187]}}
{"op_code":4,"worker_id":"fc2c9d63-6b89-417a-a151-3789f3c38cba-19068","study_id":0,"datetime_start":"2026-07-14T11:45:15.517325"}
{"op_code":8,"worker_id":"b3a805bd-d4b4-4e32-b541-3cdb9a4473bb-12024","trial_id":91,"user_attr":{"deflated_objective":-1.3950933163833397}}
{"op_code":5,"worker_id":"fc2c9d63-6b89-417a-a151-3789f3c38cba-19068","trial_id":96,"param_name":"k_weight","param_value_internal":1.150215964594852,"distribution":"{\"name\": \"FloatDistribution\", \"attributes\": {\"step\": null, \"low\": 0.0, \"high\": 1.5, \"log\": false}}"}
{"op_code":9,"worker_id":"b3a805bd-d4b4-4e32-b541-3cdb9a4473bb-12024","trial_id":91,"system_attr":{"constraints":[-0.00983244165863033,0.03987519572625956,0.26666666666666666,0.14292929292929296,0.11733774204583218,-33.0,-8.0,-0.004751179751179761,0.0,-1429.3525668796858,0.002083333333333326,0.03875661375661382]}}
{"op_code":6,"worker_id":"b3a805bd-d4b4-4e32-b541-3cdb9a4473bb-12024","trial_id":91,"state":1,"values":[-0.9913467077272557],"datetime_complete":"2026-07-14T11:45:15.523030"}
{"op_code":5,"worker_id":"fc2c9d63-6b89-417a-a151-3789f3c38cba-19068","trial_id":96,"param_name":"unified_alpha","param_value_internal":1.9113972441723464e-05,"distribution":"{\"name\": \"FloatDistribution\", \"attributes\": {\"step\": null, \"low\": 1e-05, \"high\": 10.0, \"log\": true}}"}
{"op_code":8,"worker_id":"8dcfcc2e-20ea-46a9-a144-0fff1025afb7-8436","trial_id":93,"user_attr":{"deflated_objective":-0.8458833477058234}}
{"op_code":5,"worker_id":"fc2c9d63-6b89-417a-a151-3789f3c38cba-19068","trial_id":96,"param_name":"unified_rho","param_value_internal":0.5527006138937309,"distribution":"{\"name\": \"FloatDistribution\", \"attributes\": {\"step\": null, \"low\": 0.0, \"high\": 1.0, \"log\": false}}"}
{"op_code":8,"worker_id":"913f2007-dd48-4f0e-bcf0-3e1090922eeb-31524","trial_id":95,"user_attr":{"constraints":[-0.01838180337820618,0.028899612714202372,0.26666666666666666,0.11464646464646466,0.10693970618303865,-48.0,-8.0,0.02565422565422565,0.16666666666666669,-1351.3330791491705,0.005555555555555591,0.024867724867724927]}}
{"op_code":5,"worker_id":"fc2c9d63-6b89-417a-a151-3789f3c38cba-19068","trial_id":96,"param_name":"unified_gamma","param_value_internal":181.75676972641094,"distribution":"{\"name\": \"FloatDistribution\", \"attributes\": {\"step\": null, \"low\": 1.5, \"high\": 10000.0, \"log\": true}}"}
{"op_code":8,"worker_id":"913f2007-dd48-4f0e-bcf0-3e1090922eeb-31524","trial_id":95,"user_attr":{"pruned_reasons":["M2 (Yearly Tail IC Mean <= 0)","M3 (Hit Rate < 60%)","M5 (Monotonicity <= 0.25)","M6 (Top-Bottom Spread <= 0)","Side-specific Yearly Tail IC Mean (-0.0257 <= 0)","Side-specific Hit Rate (33.33% < 50%)","Yearly Daily Win Rate (44.44% < 45%)","Side-specific Yearly Daily Win Rate (42.51% < 45%)"]}}
{"op_code":8,"worker_id":"e55e9224-26fc-4f52-a9fd-2cc67499d056-4680","trial_id":92,"user_attr":{"constraints":[-0.01830216383220159,0.028175918981390092,0.26666666666666666,0.11464646464646466,0.10693970618303865,-47.0,-8.0,0.026211926211926233,0.16666666666666669,-1354.3854855059062,0.005555555555555591,0.024867724867724927]}}
{"op_code":8,"worker_id":"e55e9224-26fc-4f52-a9fd-2cc67499d056-4680","trial_id":92,"user_attr":{"pruned_reasons":["M2 (Yearly Tail IC Mean <= 0)","M3 (Hit Rate < 60%)","M5 (Monotonicity <= 0.25)","M6 (Top-Bottom Spread <= 0)","Side-specific Yearly Tail IC Mean (-0.0262 <= 0)","Side-specific Hit Rate (33.33% < 50%)","Yearly Daily Win Rate (44.44% < 45%)","Side-specific Yearly Daily Win Rate (42.51% < 45%)"]}}
{"op_code":5,"worker_id":"fc2c9d63-6b89-417a-a151-3789f3c38cba-19068","trial_id":96,"param_name":"huber_delta","param_value_internal":3.8704209436334516,"distribution":"{\"name\": \"FloatDistribution\", \"attributes\": {\"step\": null, \"low\": 0.5, \"high\": 5.0, \"log\": false}}"}
{"op_code":8,"worker_id":"fe7a2207-3495-482a-b715-f3a67c18ca87-14384","trial_id":94,"user_attr":{"constraints":[-0.0183932003260154,0.028628227564397785,0.26666666666666666,0.11666666666666667,0.10693970618303865,-48.0,-8.0,0.025053625053625073,0.16666666666666669,-1350.6330341014402,0.005555555555555591,0.024867724867724927]}}
{"op_code":8,"worker_id":"fe7a2207-3495-482a-b715-f3a67c18ca87-14384","trial_id":94,"user_attr":{"pruned_reasons":["M2 (Yearly Tail IC Mean <= 0)","M3 (Hit Rate < 60%)","M5 (Monotonicity <= 0.25)","M6 (Top-Bottom Spread <= 0)","Side-specific Yearly Tail IC Mean (-0.0251 <= 0)","Side-specific Hit Rate (33.33% < 50%)","Yearly Daily Win Rate (44.44% < 45%)","Side-specific Yearly Daily Win Rate (42.51% < 45%)"]}}
{"op_code":8,"worker_id":"e55e9224-26fc-4f52-a9fd-2cc67499d056-4680","trial_id":92,"user_attr":{"gini":0.3745322822118593}}
{"op_code":8,"worker_id":"913f2007-dd48-4f0e-bcf0-3e1090922eeb-31524","trial_id":95,"user_attr":{"gini":0.37424336339701814}}
{"op_code":9,"worker_id":"8dcfcc2e-20ea-46a9-a144-0fff1025afb7-8436","trial_id":93,"system_attr":{"constraints":[-0.023928345287420938,0.028194011324710416,0.26666666666666666,0.06616161616161617,0.10693970618303865,-49.0,-8.0,0.02419562419562421,0.16666666666666669,-1347.851923517663,0.005555555555555591,0.024867724867724927]}}
{"op_code":8,"worker_id":"fb9ebe2b-6853-4a30-8a2f-513b8e2d499f-31796","trial_id":84,"user_attr":{"val_metrics":[0.08304892427104232,0.046638643355554316,0.7212121212121212,0.20595338781053824,-5.601880825022094]}}
{"op_code":8,"worker_id":"e55e9224-26fc-4f52-a9fd-2cc67499d056-4680","trial_id":92,"user_attr":{"cv_is_ics":[0.09968925267457962,0.09197986125946045,0.08927406370639801,0.07857261598110199,0.1001909077167511,0.1011105328798294,0.058001745492219925,0.05803250893950462,0.09881330281496048,0.10772618651390076,0.11189457029104233,0.12608052790164948,0.05979117006063461,0.11790382117033005,0.09121133387088776]}}
{"op_code":8,"worker_id":"913f2007-dd48-4f0e-bcf0-3e1090922eeb-31524","trial_id":95,"user_attr":{"cv_is_ics":[0.09955161809921265,0.09193973243236542,0.0894390121102333,0.07880084961652756,0.1004118025302887,0.10079027712345123,0.05778751149773598,0.05818462371826172,0.09862702339887619,0.10764308273792267,0.11197260767221451,0.12573999166488647,0.05963143706321716,0.1175074502825737,0.09136693179607391]}}
{"op_code":6,"worker_id":"8dcfcc2e-20ea-46a9-a144-0fff1025afb7-8436","trial_id":93,"state":1,"values":[-0.44522014607098825],"datetime_complete":"2026-07-14T11:45:15.547633"}
{"op_code":8,"worker_id":"913f2007-dd48-4f0e-bcf0-3e1090922eeb-31524","trial_id":95,"user_attr":{"cv_oos_ics":[-0.025379659608006477,0.03086686320602894,-0.057220928370952606,0.024498814716935158,0.03529734164476395,0.016568828374147415,0.04583052918314934,0.08379945904016495,0.012952427379786968,-0.012018415145576,0.02992110326886177,0.02173839882016182,0.06531435996294022,0.030924711376428604,0.0834667980670929]}}
{"op_code":8,"worker_id":"fb9ebe2b-6853-4a30-8a2f-513b8e2d499f-31796","trial_id":84,"user_attr":{"deflated_objective":-1.1786491205700336}}
{"op_code":8,"worker_id":"913f2007-dd48-4f0e-bcf0-3e1090922eeb-31524","trial_id":95,"user_attr":{"reg_kappa":3.386750410155642}}
{"op_code":8,"worker_id":"913f2007-dd48-4f0e-bcf0-3e1090922eeb-31524","trial_id":95,"user_attr":{"raw_metrics":[-0.18120642879988338,-0.028899612714202372,0.3333333333333333,0.01838180337820618,0.13535353535353534,-0.10693970618303865,-0.2115938539362685,-0.35446590185165405,0.4444444444444444]}}
{"op_code":8,"worker_id":"e55e9224-26fc-4f52-a9fd-2cc67499d056-4680","trial_id":92,"user_attr":{"cv_oos_ics":[-0.025070717558264732,0.03024897910654545,-0.05711600184440613,0.024101460352540016,0.03526431322097778,0.01630530320107937,0.04527614265680313,0.08344751596450806,0.012394746765494347,-0.012447517365217209,0.02989988960325718,0.021282203495502472,0.06555496901273727,0.030579177662730217,0.08323432505130768]}}
{"op_code":8,"worker_id":"fe7a2207-3495-482a-b715-f3a67c18ca87-14384","trial_id":94,"user_attr":{"gini":0.37410035355977134}}
{"op_code":8,"worker_id":"fe7a2207-3495-482a-b715-f3a67c18ca87-14384","trial_id":94,"user_attr":{"cv_is_ics":[0.09945758432149887,0.09208271652460098,0.08934681117534637,0.07876413315534592,0.10036987066268921,0.10094420611858368,0.05798427388072014,0.05816389247775078,0.09854640811681747,0.10752250999212265,0.11218847334384918,0.12576475739479065,0.059705257415771484,0.1175733357667923,0.09147549420595169]}}
{"op_code":8,"worker_id":"fe7a2207-3495-482a-b715-f3a67c18ca87-14384","trial_id":94,"user_attr":{"cv_oos_ics":[-0.025502381846308708,0.03091982565820217,-0.05722520127892494,0.024294372648000717,0.035398971289396286,0.016498498618602753,0.0457095168530941,0.08369040489196777,0.0128623740747571,-0.011830772273242474,0.03011472523212433,0.021540649235248566,0.06535094976425171,0.031024081632494926,0.08345042169094086]}}
{"op_code":8,"worker_id":"e55e9224-26fc-4f52-a9fd-2cc67499d056-4680","trial_id":92,"user_attr":{"reg_kappa":3.3943988324727203}}
{"op_code":8,"worker_id":"e55e9224-26fc-4f52-a9fd-2cc67499d056-4680","trial_id":92,"user_attr":{"raw_metrics":[-0.17627360667711997,-0.028175918981390092,0.3333333333333333,0.01830216383220159,0.13535353535353534,-0.10693970618303865,-0.2141800433140101,-0.3568825423717499,0.4444444444444444]}}
{"op_code":8,"worker_id":"913f2007-dd48-4f0e-bcf0-3e1090922eeb-31524","trial_id":95,"user_attr":{"val_metrics":[0.0828001120356885,-0.014679705970249812,0.6242424242424243,0.23727603623643517,-4.674511358479695]}}
{"op_code":8,"worker_id":"fe7a2207-3495-482a-b715-f3a67c18ca87-14384","trial_id":94,"user_attr":{"reg_kappa":3.3849865284426364}}
{"op_code":8,"worker_id":"fe7a2207-3495-482a-b715-f3a67c18ca87-14384","trial_id":94,"user_attr":{"raw_metrics":[-0.17992692544690167,-0.028628227564397785,0.3333333333333333,0.0183932003260154,0.13333333333333333,-0.10693970618303865,-0.2110023794383832,-0.35358962416648865,0.4444444444444444]}}
{"op_code":8,"worker_id":"fe7a2207-3495-482a-b715-f3a67c18ca87-14384","trial_id":94,"user_attr":{"val_metrics":[0.08231419637605632,-0.013251704562319028,0.503030303030303,0.23727603623643517,-4.665646153735428]}}
{"op_code":8,"worker_id":"913f2007-dd48-4f0e-bcf0-3e1090922eeb-31524","trial_id":95,"user_attr":{"deflated_objective":-0.8367319961582109}}
{"op_code":9,"worker_id":"913f2007-dd48-4f0e-bcf0-3e1090922eeb-31524","trial_id":95,"system_attr":{"constraints":[-0.01838180337820618,0.028899612714202372,0.26666666666666666,0.11464646464646466,0.10693970618303865,-48.0,-8.0,0.02565422565422565,0.16666666666666669,-1351.3330791491705,0.005555555555555591,0.024867724867724927]}}
{"op_code":6,"worker_id":"913f2007-dd48-4f0e-bcf0-3e1090922eeb-31524","trial_id":95,"state":1,"values":[-0.4411998331068874],"datetime_complete":"2026-07-14T11:45:15.578914"}
{"op_code":8,"worker_id":"fe7a2207-3495-482a-b715-f3a67c18ca87-14384","trial_id":94,"user_attr":{"deflated_objective":-0.844779294155011}}
{"op_code":8,"worker_id":"fc2c9d63-6b89-417a-a151-3789f3c38cba-19068","trial_id":96,"user_attr":{"constraints":[-0.01848232967608316,0.027868349144944887,0.26666666666666666,0.10050505050505051,0.10693970618303865,-48.0,-8.0,0.02681252681252681,0.16666666666666669,-1352.7287146184915,0.005555555555555591,0.024867724867724927]}}
{"op_code":8,"worker_id":"fc2c9d63-6b89-417a-a151-3789f3c38cba-19068","trial_id":96,"user_attr":{"pruned_reasons":["M2 (Yearly Tail IC Mean <= 0)","M3 (Hit Rate < 60%)","M5 (Monotonicity <= 0.25)","M6 (Top-Bottom Spread <= 0)","Side-specific Yearly Tail IC Mean (-0.0268 <= 0)","Side-specific Hit Rate (33.33% < 50%)","Yearly Daily Win Rate (44.44% < 45%)","Side-specific Yearly Daily Win Rate (42.51% < 45%)"]}}
{"op_code":8,"worker_id":"fc2c9d63-6b89-417a-a151-3789f3c38cba-19068","trial_id":96,"user_attr":{"gini":0.37453902064538624}}
{"op_code":8,"worker_id":"e55e9224-26fc-4f52-a9fd-2cc67499d056-4680","trial_id":92,"user_attr":{"val_metrics":[0.0820168762091041,-0.010642884460572294,0.5272727272727272,0.23727603623643517,-4.685080503934663]}}
{"op_code":8,"worker_id":"60a9ec0a-8b58-431c-8657-83691ce849f7-11668","trial_id":77,"user_attr":{"reg_kappa":3.5334307116466315}}
{"op_code":8,"worker_id":"fc2c9d63-6b89-417a-a151-3789f3c38cba-19068","trial_id":96,"user_attr":{"cv_is_ics":[0.09945862740278244,0.09192127734422684,0.089316725730896,0.0786726176738739,0.10023897886276245,0.10068023204803467,0.057457517832517624,0.05774597078561783,0.09836235642433167,0.10727375000715256,0.1118907481431961,0.12570880353450775,0.059381429105997086,0.11733967065811157,0.09127958863973618]}}
{"op_code":9,"worker_id":"fb9ebe2b-6853-4a30-8a2f-513b8e2d499f-31796","trial_id":84,"system_attr":{"constraints":[-0.012084828931762347,0.03711320762992495,0.26666666666666666,0.12676767676767675,0.13230880494281233,-35.0,-8.0,0.014682539682539686,0.0,-1416.6795469853564,0.005555555555555591,0.029497354497354578]}}
{"op_code":9,"worker_id":"fe7a2207-3495-482a-b715-f3a67c18ca87-14384","trial_id":94,"system_attr":{"constraints":[-0.0183932003260154,0.028628227564397785,0.26666666666666666,0.11666666666666667,0.10693970618303865,-48.0,-8.0,0.025053625053625073,0.16666666666666669,-1350.6330341014402,0.005555555555555591,0.024867724867724927]}}
{"op_code":6,"worker_id":"fb9ebe2b-6853-4a30-8a2f-513b8e2d499f-31796","trial_id":84,"state":1,"values":[-0.7778984290393506],"datetime_complete":"2026-07-14T11:45:15.592901"}
{"op_code":6,"worker_id":"fe7a2207-3495-482a-b715-f3a67c18ca87-14384","trial_id":94,"state":1,"values":[-0.4492523543323784],"datetime_complete":"2026-07-14T11:45:15.594165"}
{"op_code":8,"worker_id":"fc2c9d63-6b89-417a-a151-3789f3c38cba-19068","trial_id":96,"user_attr":{"cv_oos_ics":[-0.025752952322363853,0.030332835391163826,-0.05682272091507912,0.02446749247610569,0.035166073590517044,0.016713619232177734,0.046685319393873215,0.08355315774679184,0.012859692797064781,-0.012160215526819229,0.02986273169517517,0.0217728391289711,0.0656193196773529,0.03091285564005375,0.0832807645201683]}}
{"op_code":8,"worker_id":"e55e9224-26fc-4f52-a9fd-2cc67499d056-4680","trial_id":92,"user_attr":{"deflated_objective":-0.8450269000973393}}
{"op_code":9,"worker_id":"e55e9224-26fc-4f52-a9fd-2cc67499d056-4680","trial_id":92,"system_attr":{"constraints":[-0.01830216383220159,0.028175918981390092,0.26666666666666666,0.11464646464646466,0.10693970618303865,-47.0,-8.0,0.026211926211926233,0.16666666666666669,-1354.3854855059062,0.005555555555555591,0.024867724867724927]}}
{"op_code":6,"worker_id":"e55e9224-26fc-4f52-a9fd-2cc67499d056-4680","trial_id":92,"state":1,"values":[-0.45358805596339313],"datetime_complete":"2026-07-14T11:45:15.600913"}
{"op_code":8,"worker_id":"fc2c9d63-6b89-417a-a151-3789f3c38cba-19068","trial_id":96,"user_attr":{"reg_kappa":3.3902505304342254}}
{"op_code":8,"worker_id":"fc2c9d63-6b89-417a-a151-3789f3c38cba-19068","trial_id":96,"user_attr":{"raw_metrics":[-0.17556481927784687,-0.027868349144944887,0.3333333333333333,0.01848232967608316,0.1494949494949495,-0.10693970618303865,-0.21277494296131158,-0.35626810789108276,0.4444444444444444]}}
{"op_code":8,"worker_id":"fc2c9d63-6b89-417a-a151-3789f3c38cba-19068","trial_id":96,"user_attr":{"val_metrics":[0.08218038139233662,-0.029246670374833306,0.6242424242424243,0.23727603623643517,-4.661238634882881]}}
{"op_code":8,"worker_id":"60a9ec0a-8b58-431c-8657-83691ce849f7-11668","trial_id":77,"user_attr":{"raw_metrics":[-0.2674959541590507,-0.0376136528112212,0.3333333333333333,0.012361762743580224,0.1292929292929293,-0.09720015145165639,-0.2628989852165453,-0.415510892868042,0.4444444444444444]}}
{"op_code":8,"worker_id":"f6a7f152-f798-4c38-8932-6939490b0e0f-19176","trial_id":17,"user_attr":{"gini":0.38397836950622644}}
{"op_code":8,"worker_id":"60a9ec0a-8b58-431c-8657-83691ce849f7-11668","trial_id":77,"user_attr":{"val_metrics":[0.08040816920169876,-0.07218705224554685,0.7333333333333333,0.23238284299150108,-4.2967635011122]}}
{"op_code":8,"worker_id":"f6a7f152-f798-4c38-8932-6939490b0e0f-19176","trial_id":17,"user_attr":{"cv_is_ics":[0.10711223632097244,0.09299321472644806,0.08720619231462479,0.07308264821767807,0.10097137093544006,0.10895119607448578,0.0740475058555603,0.06475977599620819,0.10641393810510635,0.11300837248563766,0.11526702344417572,0.12985169887542725,0.06836604326963425,0.11617211997509003,0.0933736190199852]}}
{"op_code":8,"worker_id":"f6a7f152-f798-4c38-8932-6939490b0e0f-19176","trial_id":17,"user_attr":{"cv_oos_ics":[-0.02419101446866989,0.053550608456134796,-0.0538397915661335,0.0094754071906209,0.040648452937603,0.019943842664361,0.03809956833720207,0.07857079058885574,0.015362129546701908,-0.007085165940225124,0.028779013082385063,0.019352693110704422,0.06721243262290955,0.017282336950302124,0.08314540237188339]}}
{"op_code":8,"worker_id":"f6a7f152-f798-4c38-8932-6939490b0e0f-19176","trial_id":17,"user_attr":{"reg_kappa":3.6258229505586073}}
{"op_code":8,"worker_id":"fc2c9d63-6b89-417a-a151-3789f3c38cba-19068","trial_id":96,"user_attr":{"deflated_objective":-0.8226853115467332}}
{"op_code":8,"worker_id":"f6a7f152-f798-4c38-8932-6939490b0e0f-19176","trial_id":17,"user_attr":{"raw_metrics":[-0.6819748571886505,-0.0650106141747479,0.16666666666666666,0.02578727124093543,0.10101010101010101,-0.11315014789191384,-0.2972768141894297,-0.4261622726917267,0.43472222222222223]}}
{"op_code":8,"worker_id":"f6a7f152-f798-4c38-8932-6939490b0e0f-19176","trial_id":17,"user_attr":{"val_metrics":[0.07548252328534122,-0.05487743781216324,0.6121212121212121,0.23055605115368963,-5.650827075417514]}}
{"op_code":8,"worker_id":"60a9ec0a-8b58-431c-8657-83691ce849f7-11668","trial_id":77,"user_attr":{"deflated_objective":-0.683649301845977}}
{"op_code":9,"worker_id":"fc2c9d63-6b89-417a-a151-3789f3c38cba-19068","trial_id":96,"system_attr":{"constraints":[-0.01848232967608316,0.027868349144944887,0.26666666666666666,0.10050505050505051,0.10693970618303865,-48.0,-8.0,0.02681252681252681,0.16666666666666669,-1352.7287146184915,0.005555555555555591,0.024867724867724927]}}
{"op_code":9,"worker_id":"60a9ec0a-8b58-431c-8657-83691ce849f7-11668","trial_id":77,"system_attr":{"constraints":[-0.012361762743580224,0.0376136528112212,0.26666666666666666,0.12070707070707071,0.09720015145165639,-36.0,-8.0,0.020570570570570563,0.0,-1409.9450391369862,0.005555555555555591,0.029497354497354578]}}
{"op_code":6,"worker_id":"fc2c9d63-6b89-417a-a151-3789f3c38cba-19068","trial_id":96,"state":1,"values":[-0.4417795024942727],"datetime_complete":"2026-07-14T11:45:15.629218"}
{"op_code":8,"worker_id":"f6a7f152-f798-4c38-8932-6939490b0e0f-19176","trial_id":17,"user_attr":{"deflated_objective":-1.2321042803474052}}
{"op_code":9,"worker_id":"f6a7f152-f798-4c38-8932-6939490b0e0f-19176","trial_id":17,"system_attr":{"constraints":[-0.02578727124093543,0.0650106141747479,0.43333333333333335,0.148989898989899,0.11315014789191384,-30.0,-8.0,0.0940797940797941,0.16666666666666669,-1447.4908343065215,0.015277777777777779,0.014947089947090042]}}
{"op_code":6,"worker_id":"60a9ec0a-8b58-431c-8657-83691ce849f7-11668","trial_id":77,"state":1,"values":[-0.3024337320581931],"datetime_complete":"2026-07-14T11:45:15.630955"}
{"op_code":6,"worker_id":"f6a7f152-f798-4c38-8932-6939490b0e0f-19176","trial_id":17,"state":1,"values":[-0.8497490926650814],"datetime_complete":"2026-07-14T11:45:15.635875"}
{"op_code":8,"worker_id":"2a1d8e90-0efe-4c44-883e-8db8e8fe561c-8896","trial_id":83,"user_attr":{"pruned_reasons":["M2 (Yearly Tail IC Mean <= 0)","M3 (Hit Rate < 60%)","M5 (Monotonicity <= 0.25)","M6 (Top-Bottom Spread <= 0)","Side-specific Yearly Tail IC Mean (-0.0146 <= 0)","Yearly Daily Win Rate (44.44% < 45%)","Side-specific Yearly Daily Win Rate (42.05% < 45%)"]}}
{"op_code":8,"worker_id":"2a1d8e90-0efe-4c44-883e-8db8e8fe561c-8896","trial_id":83,"user_attr":{"gini":0.39008795071632196}}
{"op_code":8,"worker_id":"2a1d8e90-0efe-4c44-883e-8db8e8fe561c-8896","trial_id":83,"user_attr":{"cv_is_ics":[0.09705431759357452,0.08998969942331314,0.08545587956905365,0.07728954404592514,0.10013017058372498,0.09301278740167618,0.04322884976863861,0.04893343895673752,0.09374454617500305,0.09947699308395386,0.10382284224033356,0.12130241096019745,0.05185617506504059,0.10927887260913849,0.0864669606089592]}}
{"op_code":8,"worker_id":"2a1d8e90-0efe-4c44-883e-8db8e8fe561c-8896","trial_id":83,"user_attr":{"cv_oos_ics":[-0.029413273558020592,0.02842807210981846,-0.052343059331178665,0.028140058740973473,0.03507785499095917,0.017603285610675812,0.05231348052620888,0.0793757513165474,0.010925100184977055,-0.017077233642339706,0.030422812327742577,0.023865235969424248,0.06379613280296326,0.02585744671523571,0.08338097482919693]}}
{"op_code":8,"worker_id":"2a1d8e90-0efe-4c44-883e-8db8e8fe561c-8896","trial_id":83,"user_attr":{"reg_kappa":3.5465769911309}}
{"op_code":8,"worker_id":"2a1d8e90-0efe-4c44-883e-8db8e8fe561c-8896","trial_id":83,"user_attr":{"raw_metrics":[-0.2631945271695395,-0.03675136076351882,0.3333333333333333,0.01160033509179164,0.12121212121212122,-0.13472798442209347,-0.2676417737902263,-0.4361337721347809,0.4444444444444444]}}
{"op_code":8,"worker_id":"2a1d8e90-0efe-4c44-883e-8db8e8fe561c-8896","trial_id":83,"user_attr":{"val_metrics":[0.08332408133131597,0.05057943231658821,0.7212121212121212,0.20595338781053824,-5.587647028761271]}}
{"op_code":8,"worker_id":"2a1d8e90-0efe-4c44-883e-8db8e8fe561c-8896","trial_id":83,"user_attr":{"deflated_objective":-1.1441702226032096}}
{"op_code":9,"worker_id":"2a1d8e90-0efe-4c44-883e-8db8e8fe561c-8896","trial_id":83,"system_attr":{"constraints":[-0.01160033509179164,0.03675136076351882,0.26666666666666666,0.12878787878787878,0.13472798442209347,-35.0,-8.0,0.014553839553839543,0.0,-1415.195507512043,0.005555555555555591,0.029497354497354578]}}
{"op_code":6,"worker_id":"2a1d8e90-0efe-4c44-883e-8db8e8fe561c-8896","trial_id":83,"state":1,"values":[-0.7706010792453103],"datetime_complete":"2026-07-14T11:45:15.683367"}
{"op_code":8,"worker_id":"11e5012d-8ff3-44e8-9134-9f9d7fec6278-16052","trial_id":81,"user_attr":{"raw_metrics":[-0.26525873916385606,-0.036896099510081264,0.3333333333333333,0.012071402109681585,0.12323232323232323,-0.13230880494281233,-0.26951865229285316,-0.4388582706451416,0.4444444444444444]}}
{"op_code":8,"worker_id":"11e5012d-8ff3-44e8-9134-9f9d7fec6278-16052","trial_id":81,"user_attr":{"val_metrics":[0.08297490785817237,0.036999724671351236,0.7212121212121212,0.20595338781053824,-6.881479550213742]}}
{"op_code":8,"worker_id":"11e5012d-8ff3-44e8-9134-9f9d7fec6278-16052","trial_id":81,"user_attr":{"deflated_objective":-1.6703858908051825}}
{"op_code":9,"worker_id":"11e5012d-8ff3-44e8-9134-9f9d7fec6278-16052","trial_id":81,"system_attr":{"constraints":[-0.012071402109681585,0.036896099510081264,0.26666666666666666,0.12676767676767675,0.13230880494281233,-35.0,-8.0,0.015326040326040328,0.0,-1417.2665891024294,0.005555555555555591,0.029497354497354578]}}
{"op_code":6,"worker_id":"11e5012d-8ff3-44e8-9134-9f9d7fec6278-16052","trial_id":81,"state":1,"values":[-1.2936008881794079],"datetime_complete":"2026-07-14T11:45:15.741249"}
{"op_code":8,"worker_id":"1da08816-e149-4d1e-8e40-b641b1c0892e-27448","trial_id":29,"user_attr":{"cv_is_ics":[0.10880932956933975,0.08022039383649826,0.0824538916349411,0.06875070929527283,0.08944007754325867,0.08111346513032913,0.011118371970951557,0.03254172205924988,0.08025163412094116,0.11649087816476822,0.09486283361911774,0.10974527150392532,0.04777032881975174,0.11180142313241959,0.07026810199022293]}}
{"op_code":8,"worker_id":"1da08816-e149-4d1e-8e40-b641b1c0892e-27448","trial_id":29,"user_attr":{"cv_oos_ics":[-0.04769253358244896,0.04267357289791107,-0.05587226152420044,0.03931422159075737,0.015766657888889313,0.013200365006923676,0.043508194386959076,0.09573729336261749,0.012827933765947819,-0.06603899598121643,0.02353767678141594,0.038067109882831573,0.022999819368124008,0.03267863392829895,0.0880572497844696]}}
{"op_code":8,"worker_id":"1da08816-e149-4d1e-8e40-b641b1c0892e-27448","trial_id":29,"user_attr":{"reg_kappa":3.4726351291039497}}
{"op_code":8,"worker_id":"1da08816-e149-4d1e-8e40-b641b1c0892e-27448","trial_id":29,"user_attr":{"raw_metrics":[-0.20353951263185788,-0.040099431132865786,0.3333333333333333,-0.00019356471172322053,0.032323232323232316,-0.0165137964207679,-0.1121275384593998,-0.10381990671157837,0.4284722222222223]}}
{"op_code":8,"worker_id":"1da08816-e149-4d1e-8e40-b641b1c0892e-27448","trial_id":29,"user_attr":{"val_metrics":[0.044706749717105414,-0.005326292279964312,0.5151515151515151,0.2472630115163823,-6.571347804063748]}}
{"op_code":8,"worker_id":"1da08816-e149-4d1e-8e40-b641b1c0892e-27448","trial_id":29,"user_attr":{"deflated_objective":-1.5893749778650361}}
{"op_code":9,"worker_id":"1da08816-e149-4d1e-8e40-b641b1c0892e-27448","trial_id":29,"system_attr":{"constraints":[0.00019356471172322053,0.040099431132865786,0.26666666666666666,0.2176767676767677,0.0165137964207679,-47.0,-1.0,0.13931788931788933,0.16666666666666669,-1387.5803739040991,0.0215277777777777,0.03505291005291011]}}
{"op_code":6,"worker_id":"1da08816-e149-4d1e-8e40-b641b1c0892e-27448","trial_id":29,"state":1,"values":[-1.2109114729283728],"datetime_complete":"2026-07-14T11:45:15.786795"}
{"op_code":5,"worker_id":"f27ec277-0c8e-4405-89ed-87dbf31ca3fb-3216","trial_id":65,"param_name":"unified_gamma","param_value_internal":21.33865987559875,"distribution":"{\"name\": \"FloatDistribution\", \"attributes\": {\"step\": null, \"low\": 1.5, \"high\": 10000.0, \"log\": true}}"}
{"op_code":5,"worker_id":"f27ec277-0c8e-4405-89ed-87dbf31ca3fb-3216","trial_id":65,"param_name":"huber_delta","param_value_internal":4.268363493351881,"distribution":"{\"name\": \"FloatDistribution\", \"attributes\": {\"step\": null, \"low\": 0.5, \"high\": 5.0, \"log\": false}}"}
{"op_code":4,"worker_id":"2efc6658-9d9d-4c42-ad93-444b2eec7e13-24364","study_id":0,"datetime_start":"2026-07-14T11:45:14.790627"}
{"op_code":5,"worker_id":"2efc6658-9d9d-4c42-ad93-444b2eec7e13-24364","trial_id":97,"param_name":"k_weight","param_value_internal":1.2623437900292207,"distribution":"{\"name\": \"FloatDistribution\", \"attributes\": {\"step\": null, \"low\": 0.0, \"high\": 1.5, \"log\": false}}"}
{"op_code":5,"worker_id":"2efc6658-9d9d-4c42-ad93-444b2eec7e13-24364","trial_id":97,"param_name":"unified_alpha","param_value_internal":9.845041315089027e-05,"distribution":"{\"name\": \"FloatDistribution\", \"attributes\": {\"step\": null, \"low\": 1e-05, \"high\": 10.0, \"log\": true}}"}
{"op_code":5,"worker_id":"2efc6658-9d9d-4c42-ad93-444b2eec7e13-24364","trial_id":97,"param_name":"unified_rho","param_value_internal":0.3682835508700766,"distribution":"{\"name\": \"FloatDistribution\", \"attributes\": {\"step\": null, \"low\": 0.0, \"high\": 1.0, \"log\": false}}"}
{"op_code":5,"worker_id":"2efc6658-9d9d-4c42-ad93-444b2eec7e13-24364","trial_id":97,"param_name":"unified_gamma","param_value_internal":660.8420531457123,"distribution":"{\"name\": \"FloatDistribution\", \"attributes\": {\"step\": null, \"low\": 1.5, \"high\": 10000.0, \"log\": true}}"}
{"op_code":8,"worker_id":"f27ec277-0c8e-4405-89ed-87dbf31ca3fb-3216","trial_id":65,"user_attr":{"constraints":[-0.02616486985280855,0.027205072873765876,0.26666666666666666,0.10858585858585856,0.0949499355851569,-59.0,-8.0,0.13205705705705703,0.16666666666666669,-1312.395307393497,-0.001388888888888884,0.001058201058201036]}}
{"op_code":8,"worker_id":"f27ec277-0c8e-4405-89ed-87dbf31ca3fb-3216","trial_id":65,"user_attr":{"pruned_reasons":["M2 (Yearly Tail IC Mean <= 0)","M3 (Hit Rate < 60%)","M5 (Monotonicity <= 0.25)","M6 (Top-Bottom Spread <= 0)","Side-specific Yearly Tail IC Mean (-0.1321 <= 0)","Side-specific Hit Rate (33.33% < 50%)","Side-specific Yearly Daily Win Rate (44.89% < 45%)"]}}
{"op_code":8,"worker_id":"f27ec277-0c8e-4405-89ed-87dbf31ca3fb-3216","trial_id":65,"user_attr":{"gini":0.3724550402365687}}
{"op_code":5,"worker_id":"2efc6658-9d9d-4c42-ad93-444b2eec7e13-24364","trial_id":97,"param_name":"huber_delta","param_value_internal":4.706116269631867,"distribution":"{\"name\": \"FloatDistribution\", \"attributes\": {\"step\": null, \"low\": 0.5, \"high\": 5.0, \"log\": false}}"}
{"op_code":8,"worker_id":"f27ec277-0c8e-4405-89ed-87dbf31ca3fb-3216","trial_id":65,"user_attr":{"cv_is_ics":[0.10224686563014984,0.0929686427116394,0.0908341035246849,0.07904142141342163,0.10023065656423569,0.10010522603988647,0.05731268972158432,0.05793045461177826,0.09899880737066269,0.10571809858083725,0.10890115052461624,0.1254332810640335,0.059435512870550156,0.1132831871509552,0.09048236906528473]}}
{"op_code":8,"worker_id":"f27ec277-0c8e-4405-89ed-87dbf31ca3fb-3216","trial_id":65,"user_attr":{"cv_oos_ics":[-0.027075422927737236,0.03404512256383896,-0.05687454342842102,0.024607442319393158,0.03670615330338478,0.019008615985512733,0.05196097120642662,0.0804741308093071,0.015556632541120052,-0.013706348836421967,0.028696440160274506,0.023958958685398102,0.06633942574262619,0.030134275555610657,0.08451130241155624]}}
{"op_code":8,"worker_id":"f27ec277-0c8e-4405-89ed-87dbf31ca3fb-3216","trial_id":65,"user_attr":{"reg_kappa":3.289106516415051}}
{"op_code":8,"worker_id":"f27ec277-0c8e-4405-89ed-87dbf31ca3fb-3216","trial_id":65,"user_attr":{"raw_metrics":[-0.17424536726659492,-0.027205072873765876,0.3333333333333333,0.02616486985280855,0.14141414141414144,-0.0949499355851569,-0.17971246402319813,-0.32156723737716675,0.4513888888888889]}}
{"op_code":8,"worker_id":"f27ec277-0c8e-4405-89ed-87dbf31ca3fb-3216","trial_id":65,"user_attr":{"val_metrics":[0.08173921011788571,-0.07696471475421802,0.6242424242424243,0.20533528009429575,-4.694595069025668]}}
{"op_code":8,"worker_id":"f27ec277-0c8e-4405-89ed-87dbf31ca3fb-3216","trial_id":65,"user_attr":{"deflated_objective":-0.8549190396526555}}
{"op_code":9,"worker_id":"f27ec277-0c8e-4405-89ed-87dbf31ca3fb-3216","trial_id":65,"system_attr":{"constraints":[-0.02616486985280855,0.027205072873765876,0.26666666666666666,0.10858585858585856,0.0949499355851569,-59.0,-8.0,0.13205705705705703,0.16666666666666669,-1312.395307393497,-0.001388888888888884,0.001058201058201036]}}
{"op_code":6,"worker_id":"f27ec277-0c8e-4405-89ed-87dbf31ca3fb-3216","trial_id":65,"state":1,"values":[-0.47425341102733914],"datetime_complete":"2026-07-14T11:45:15.854574"}
{"op_code":8,"worker_id":"2efc6658-9d9d-4c42-ad93-444b2eec7e13-24364","trial_id":97,"user_attr":{"constraints":[-0.015773910225822738,0.0355149409860656,0.26666666666666666,0.07222222222222222,0.1313643803939016,-41.0,-8.0,0.01569069069069068,0.0,-1381.9338156811423,0.005555555555555591,0.03875661375661382]}}
{"op_code":8,"worker_id":"2efc6658-9d9d-4c42-ad93-444b2eec7e13-24364","trial_id":97,"user_attr":{"pruned_reasons":["M2 (Yearly Tail IC Mean <= 0)","M3 (Hit Rate < 60%)","M5 (Monotonicity <= 0.25)","M6 (Top-Bottom Spread <= 0)","Side-specific Yearly Tail IC Mean (-0.0157 <= 0)","Yearly Daily Win Rate (44.44% < 45%)","Side-specific Yearly Daily Win Rate (41.12% < 45%)"]}}
{"op_code":8,"worker_id":"2efc6658-9d9d-4c42-ad93-444b2eec7e13-24364","trial_id":97,"user_attr":{"gini":0.3890804904294911}}
{"op_code":8,"worker_id":"2efc6658-9d9d-4c42-ad93-444b2eec7e13-24364","trial_id":97,"user_attr":{"cv_is_ics":[0.09793519228696823,0.09027069807052612,0.08658897876739502,0.07775074988603592,0.10065612196922302,0.0932392030954361,0.04422050341963768,0.04943773150444031,0.09489095956087112,0.09924279898405075,0.10326932370662689,0.12149722129106522,0.05248543620109558,0.10833710432052612,0.08693082630634308]}}
{"op_code":8,"worker_id":"2efc6658-9d9d-4c42-ad93-444b2eec7e13-24364","trial_id":97,"user_attr":{"cv_oos_ics":[-0.02941056899726391,0.0313149020075798,-0.05485246703028679,0.02749014087021351,0.03615666180849075,0.0191834457218647,0.05460762605071068,0.07840407639741898,0.012137713842093945,-0.01910984516143799,0.030138643458485603,0.02559756115078926,0.06650286912918091,0.024540241807699203,0.08579208701848984]}}
{"op_code":8,"worker_id":"2efc6658-9d9d-4c42-ad93-444b2eec7e13-24364","trial_id":97,"user_attr":{"reg_kappa":3.4631417163186864}}
{"op_code":8,"worker_id":"2efc6658-9d9d-4c42-ad93-444b2eec7e13-24364","trial_id":97,"user_attr":{"raw_metrics":[-0.2549830626771669,-0.0355149409860656,0.3333333333333333,0.015773910225822738,0.17777777777777778,-0.1313643803939016,-0.23797761152704056,-0.40811100602149963,0.4444444444444444]}}
{"op_code":8,"worker_id":"2efc6658-9d9d-4c42-ad93-444b2eec7e13-24364","trial_id":97,"user_attr":{"val_metrics":[0.08214316409998958,-0.025265693792347055,0.6242424242424243,0.20595338781053824,-5.613780648944045]}}
{"op_code":8,"worker_id":"2efc6658-9d9d-4c42-ad93-444b2eec7e13-24364","trial_id":97,"user_attr":{"deflated_objective":-1.1992050981472775}}
{"op_code":9,"worker_id":"2efc6658-9d9d-4c42-ad93-444b2eec7e13-24364","trial_id":97,"system_attr":{"constraints":[-0.015773910225822738,0.0355149409860656,0.26666666666666666,0.07222222222222222,0.1313643803939016,-41.0,-8.0,0.01569069069069068,0.0,-1381.9338156811423,0.005555555555555591,0.03875661375661382]}}
{"op_code":6,"worker_id":"2efc6658-9d9d-4c42-ad93-444b2eec7e13-24364","trial_id":97,"state":1,"values":[-0.8212076391770358],"datetime_complete":"2026-07-14T11:45:15.910197"}
{"op_code":5,"worker_id":"f24788b4-5eb9-48c3-b893-2b964b65d0c2-22852","trial_id":72,"param_name":"k_weight","param_value_internal":0.697794450073025,"distribution":"{\"name\": \"FloatDistribution\", \"attributes\": {\"step\": null, \"low\": 0.0, \"high\": 1.5, \"log\": false}}"}
{"op_code":5,"worker_id":"f24788b4-5eb9-48c3-b893-2b964b65d0c2-22852","trial_id":72,"param_name":"unified_alpha","param_value_internal":7.99501915624408e-05,"distribution":"{\"name\": \"FloatDistribution\", \"attributes\": {\"step\": null, \"low\": 1e-05, \"high\": 10.0, \"log\": true}}"}
{"op_code":5,"worker_id":"f24788b4-5eb9-48c3-b893-2b964b65d0c2-22852","trial_id":72,"param_name":"unified_rho","param_value_internal":0.8000168965382793,"distribution":"{\"name\": \"FloatDistribution\", \"attributes\": {\"step\": null, \"low\": 0.0, \"high\": 1.0, \"log\": false}}"}
{"op_code":5,"worker_id":"f24788b4-5eb9-48c3-b893-2b964b65d0c2-22852","trial_id":72,"param_name":"unified_gamma","param_value_internal":34.546131811955505,"distribution":"{\"name\": \"FloatDistribution\", \"attributes\": {\"step\": null, \"low\": 1.5, \"high\": 10000.0, \"log\": true}}"}
{"op_code":5,"worker_id":"f24788b4-5eb9-48c3-b893-2b964b65d0c2-22852","trial_id":72,"param_name":"huber_delta","param_value_internal":4.130991908265098,"distribution":"{\"name\": \"FloatDistribution\", \"attributes\": {\"step\": null, \"low\": 0.5, \"high\": 5.0, \"log\": false}}"}
{"op_code":8,"worker_id":"f24788b4-5eb9-48c3-b893-2b964b65d0c2-22852","trial_id":72,"user_attr":{"constraints":[-0.03304849605221115,0.08713623424869626,0.26666666666666666,0.025757575757575757,0.09621393865284818,-78.0,-8.0,0.14000429000429,0.16666666666666669,-1260.632542251551,0.018750000000000044,0.001058201058201036]}}
{"op_code":8,"worker_id":"f24788b4-5eb9-48c3-b893-2b964b65d0c2-22852","trial_id":72,"user_attr":{"pruned_reasons":["M2 (Yearly Tail IC Mean <= 0)","M3 (Hit Rate < 60%)","M5 (Monotonicity <= 0.25)","M6 (Top-Bottom Spread <= 0)","Side-specific Yearly Tail IC Mean (-0.1400 <= 0)","Side-specific Hit Rate (33.33% < 50%)","Yearly Daily Win Rate (43.12% < 45%)","Side-specific Yearly Daily Win Rate (44.89% < 45%)"]}}
{"op_code":8,"worker_id":"f24788b4-5eb9-48c3-b893-2b964b65d0c2-22852","trial_id":72,"user_attr":{"gini":0.35868819069733293}}
{"op_code":8,"worker_id":"f24788b4-5eb9-48c3-b893-2b964b65d0c2-22852","trial_id":72,"user_attr":{"cv_is_ics":[0.1061026006937027,0.09566018730401993,0.09399265050888062,0.0800756886601448,0.10250288993120193,0.10460909456014633,0.06693369895219803,0.06511145085096359,0.10170169174671173,0.10996624082326889,0.1132434755563736,0.12721800804138184,0.06665536761283875,0.11334294825792313,0.09283774346113205]}}
{"op_code":8,"worker_id":"f24788b4-5eb9-48c3-b893-2b964b65d0c2-22852","trial_id":72,"user_attr":{"cv_oos_ics":[-0.032957565039396286,0.035699885338544846,-0.05782144516706467,0.01808791235089302,0.037428416311740875,0.019959503784775734,0.04951762408018112,0.07937517762184143,0.011697609908878803,-0.008085169829428196,0.02828570269048214,0.022061770781874657,0.06603589653968811,0.03244122117757797,0.08525699377059937]}}
{"op_code":8,"worker_id":"f24788b4-5eb9-48c3-b893-2b964b65d0c2-22852","trial_id":72,"user_attr":{"reg_kappa":3.1594003448843977}}
{"op_code":8,"worker_id":"f24788b4-5eb9-48c3-b893-2b964b65d0c2-22852","trial_id":72,"user_attr":{"raw_metrics":[-0.6035795475807596,-0.08713623424869626,0.3333333333333333,0.03304849605221115,0.22424242424242424,-0.09621393865284818,-0.1415552438010971,-0.25760000944137573,0.43124999999999997]}}
{"op_code":8,"worker_id":"f24788b4-5eb9-48c3-b893-2b964b65d0c2-22852","trial_id":72,"user_attr":{"val_metrics":[0.08872644312717497,-0.08358982507867553,0.8787878787878788,0.24514913308123748,-5.227112590965415]}}
{"op_code":8,"worker_id":"f24788b4-5eb9-48c3-b893-2b964b65d0c2-22852","trial_id":72,"user_attr":{"deflated_objective":-1.0386988801471704}}
{"op_code":9,"worker_id":"f24788b4-5eb9-48c3-b893-2b964b65d0c2-22852","trial_id":72,"system_attr":{"constraints":[-0.03304849605221115,0.08713623424869626,0.26666666666666666,0.025757575757575757,0.09621393865284818,-78.0,-8.0,0.14000429000429,0.16666666666666669,-1260.632542251551,0.018750000000000044,0.001058201058201036]}}
{"op_code":6,"worker_id":"f24788b4-5eb9-48c3-b893-2b964b65d0c2-22852","trial_id":72,"state":1,"values":[-0.6637571951585961],"datetime_complete":"2026-07-14T11:45:15.994967"}
{"op_code":4,"worker_id":"c4a24335-5c60-4a12-bd53-906076d460d7-18156","study_id":0,"datetime_start":"2026-07-14T11:45:14.068614"}
{"op_code":5,"worker_id":"c4a24335-5c60-4a12-bd53-906076d460d7-18156","trial_id":98,"param_name":"k_weight","param_value_internal":1.2600325135939987,"distribution":"{\"name\": \"FloatDistribution\", \"attributes\": {\"step\": null, \"low\": 0.0, \"high\": 1.5, \"log\": false}}"}
{"op_code":5,"worker_id":"c4a24335-5c60-4a12-bd53-906076d460d7-18156","trial_id":98,"param_name":"unified_alpha","param_value_internal":8.980353386669275e-05,"distribution":"{\"name\": \"FloatDistribution\", \"attributes\": {\"step\": null, \"low\": 1e-05, \"high\": 10.0, \"log\": true}}"}
{"op_code":5,"worker_id":"c4a24335-5c60-4a12-bd53-906076d460d7-18156","trial_id":98,"param_name":"unified_rho","param_value_internal":0.3689465172506658,"distribution":"{\"name\": \"FloatDistribution\", \"attributes\": {\"step\": null, \"low\": 0.0, \"high\": 1.0, \"log\": false}}"}
{"op_code":5,"worker_id":"c4a24335-5c60-4a12-bd53-906076d460d7-18156","trial_id":98,"param_name":"unified_gamma","param_value_internal":615.1130029677267,"distribution":"{\"name\": \"FloatDistribution\", \"attributes\": {\"step\": null, \"low\": 1.5, \"high\": 10000.0, \"log\": true}}"}
{"op_code":5,"worker_id":"c4a24335-5c60-4a12-bd53-906076d460d7-18156","trial_id":98,"param_name":"huber_delta","param_value_internal":4.706516031897743,"distribution":"{\"name\": \"FloatDistribution\", \"attributes\": {\"step\": null, \"low\": 0.5, \"high\": 5.0, \"log\": false}}"}
{"op_code":8,"worker_id":"c4a24335-5c60-4a12-bd53-906076d460d7-18156","trial_id":98,"user_attr":{"constraints":[-0.017274255293337707,0.035514940986065606,0.26666666666666666,0.07424242424242422,0.1313643803939016,-41.0,-8.0,0.01195838695838695,0.0,-1381.2992739621527,0.005555555555555591,0.03875661375661382]}}
{"op_code":8,"worker_id":"c4a24335-5c60-4a12-bd53-906076d460d7-18156","trial_id":98,"user_attr":{"pruned_reasons":["M2 (Yearly Tail IC Mean <= 0)","M3 (Hit Rate < 60%)","M5 (Monotonicity <= 0.25)","M6 (Top-Bottom Spread <= 0)","Side-specific Yearly Tail IC Mean (-0.0120 <= 0)","Yearly Daily Win Rate (44.44% < 45%)","Side-specific Yearly Daily Win Rate (41.12% < 45%)"]}}
{"op_code":8,"worker_id":"c4a24335-5c60-4a12-bd53-906076d460d7-18156","trial_id":98,"user_attr":{"gini":0.38901478755578656}}
{"op_code":8,"worker_id":"c4a24335-5c60-4a12-bd53-906076d460d7-18156","trial_id":98,"user_attr":{"cv_is_ics":[0.09794770926237106,0.09032901376485825,0.0866638571023941,0.077782042324543,0.10069814324378967,0.09332156181335449,0.04427249729633331,0.049522314220666885,0.09492919594049454,0.09932864457368851,0.10341739654541016,0.12148954719305038,0.052523158490657806,0.10843858867883682,0.08688421547412872]}}
{"op_code":8,"worker_id":"c4a24335-5c60-4a12-bd53-906076d460d7-18156","trial_id":98,"user_attr":{"cv_oos_ics":[-0.029347926378250122,0.031470511108636856,-0.05490485951304436,0.027270322665572166,0.03640762344002724,0.01921362802386284,0.05473632737994194,0.07816290110349655,0.01200503297150135,-0.01927243173122406,0.03013807348906994,0.025434955954551697,0.06655995547771454,0.024514269083738327,0.0857330858707428]}}
{"op_code":8,"worker_id":"c4a24335-5c60-4a12-bd53-906076d460d7-18156","trial_id":98,"user_attr":{"reg_kappa":3.461582666265243}}
{"op_code":8,"worker_id":"c4a24335-5c60-4a12-bd53-906076d460d7-18156","trial_id":98,"user_attr":{"raw_metrics":[-0.2554731539355896,-0.035514940986065606,0.3333333333333333,0.017274255293337707,0.17575757575757578,-0.1313643803939016,-0.237420855000774,-0.4074545204639435,0.4444444444444444]}}
{"op_code":8,"worker_id":"c4a24335-5c60-4a12-bd53-906076d460d7-18156","trial_id":98,"user_attr":{"val_metrics":[0.08261151654300854,-0.009194497578214805,0.6242424242424243,0.20595338781053824,-5.627100035193838]}}
{"op_code":8,"worker_id":"c4a24335-5c60-4a12-bd53-906076d460d7-18156","trial_id":98,"user_attr":{"deflated_objective":-1.1922934220371375}}
{"op_code":9,"worker_id":"c4a24335-5c60-4a12-bd53-906076d460d7-18156","trial_id":98,"system_attr":{"constraints":[-0.017274255293337707,0.035514940986065606,0.26666666666666666,0.07424242424242422,0.1313643803939016,-41.0,-8.0,0.01195838695838695,0.0,-1381.2992739621527,0.005555555555555591,0.03875661375661382]}}
{"op_code":6,"worker_id":"c4a24335-5c60-4a12-bd53-906076d460d7-18156","trial_id":98,"state":1,"values":[-0.8200600799471127],"datetime_complete":"2026-07-14T11:45:16.175976"}
{"op_code":5,"worker_id":"35dd3571-139d-4e13-a6ea-d19fa6eb4558-23408","trial_id":5,"param_name":"unified_gamma","param_value_internal":3850.360914752656,"distribution":"{\"name\": \"FloatDistribution\", \"attributes\": {\"step\": null, \"low\": 1.5, \"high\": 10000.0, \"log\": true}}"}
{"op_code":5,"worker_id":"35dd3571-139d-4e13-a6ea-d19fa6eb4558-23408","trial_id":5,"param_name":"huber_delta","param_value_internal":3.5747454198874413,"distribution":"{\"name\": \"FloatDistribution\", \"attributes\": {\"step\": null, \"low\": 0.5, \"high\": 5.0, \"log\": false}}"}
{"op_code":4,"worker_id":"946b23ea-8455-4c28-ba0a-23520ac4ae18-6576","study_id":0,"datetime_start":"2026-07-14T11:45:13.202143"}
{"op_code":8,"worker_id":"d6fd33e5-d7b8-4dec-b691-ee95453040d5-20880","trial_id":82,"user_attr":{"pruned_reasons":["M2 (Yearly Tail IC Mean <= 0)","M3 (Hit Rate < 60%)","M5 (Monotonicity <= 0.25)","M6 (Top-Bottom Spread <= 0)","Side-specific Yearly Tail IC Mean (-0.0154 <= 0)","Yearly Daily Win Rate (44.44% < 45%)","Side-specific Yearly Daily Win Rate (42.05% < 45%)"]}}
{"op_code":5,"worker_id":"946b23ea-8455-4c28-ba0a-23520ac4ae18-6576","trial_id":99,"param_name":"k_weight","param_value_internal":1.2674609706538063,"distribution":"{\"name\": \"FloatDistribution\", \"attributes\": {\"step\": null, \"low\": 0.0, \"high\": 1.5, \"log\": false}}"}
{"op_code":9,"worker_id":"548e6bac-d1cc-436c-a66c-8927bf8e9ff6-24340","trial_id":32,"system_attr":{"constraints":[-0.01473154244080103,0.12217880059825348,0.43333333333333335,0.10252525252525249,0.03535613889857711,0.0,0.0,0.1257829257829258,0.33333333333333337,-1430.562522024187,0.007638888888888862,0.024867724867724927]}}
{"op_code":5,"worker_id":"946b23ea-8455-4c28-ba0a-23520ac4ae18-6576","trial_id":99,"param_name":"unified_alpha","param_value_internal":0.00010249252069515903,"distribution":"{\"name\": \"FloatDistribution\", \"attributes\": {\"step\": null, \"low\": 1e-05, \"high\": 10.0, \"log\": true}}"}
{"op_code":8,"worker_id":"d6fd33e5-d7b8-4dec-b691-ee95453040d5-20880","trial_id":82,"user_attr":{"gini":0.3903610166583902}}
{"op_code":8,"worker_id":"d6fd33e5-d7b8-4dec-b691-ee95453040d5-20880","trial_id":82,"user_attr":{"cv_is_ics":[0.09667373448610306,0.08985430747270584,0.0852547436952591,0.07722578942775726,0.10014305263757706,0.09298450499773026,0.0431419312953949,0.04881765693426132,0.0936640053987503,0.09952066093683243,0.10359632968902588,0.12126174569129944,0.05176491662859917,0.10932882130146027,0.08628755062818527]}}
{"op_code":8,"worker_id":"d6fd33e5-d7b8-4dec-b691-ee95453040d5-20880","trial_id":82,"user_attr":{"cv_oos_ics":[-0.029384087771177292,0.028037553653120995,-0.05214602127671242,0.0278315432369709,0.034925416111946106,0.01695351116359234,0.052556078881025314,0.0793481320142746,0.010680346749722958,-0.01727968454360962,0.030304361134767532,0.023949360474944115,0.06342397630214691,0.02536511793732643,0.08356983214616776]}}
{"op_code":6,"worker_id":"548e6bac-d1cc-436c-a66c-8927bf8e9ff6-24340","trial_id":32,"state":1,"values":[0.503936753085475],"datetime_complete":"2026-07-14T11:45:16.254991"}
{"op_code":8,"worker_id":"d6fd33e5-d7b8-4dec-b691-ee95453040d5-20880","trial_id":82,"user_attr":{"reg_kappa":3.5535485698701703}}
{"op_code":8,"worker_id":"d6fd33e5-d7b8-4dec-b691-ee95453040d5-20880","trial_id":82,"user_attr":{"raw_metrics":[-0.26514319360159233,-0.036878007166760964,0.3333333333333333,0.011518732069835105,0.12121212121212122,-0.13319058413669052,-0.2700692442975844,-0.4387311339378357,0.4444444444444444]}}
{"op_code":8,"worker_id":"d6fd33e5-d7b8-4dec-b691-ee95453040d5-20880","trial_id":82,"user_attr":{"val_metrics":[0.0831630851790282,0.046370164046653756,0.7212121212121212,0.20595338781053824,-5.532523968339747]}}
{"op_code":8,"worker_id":"35dd3571-139d-4e13-a6ea-d19fa6eb4558-23408","trial_id":5,"user_attr":{"constraints":[-0.03694377968357537,0.09244957170489086,0.26666666666666666,0.17727272727272725,0.09254039589833052,-96.0,-8.0,0.10396825396825395,0.16666666666666669,-1223.9323673216513,0.0222222222222222,0.019576719576719637]}}
{"op_code":8,"worker_id":"35dd3571-139d-4e13-a6ea-d19fa6eb4558-23408","trial_id":5,"user_attr":{"pruned_reasons":["M2 (Yearly Tail IC Mean <= 0)","M3 (Hit Rate < 60%)","M5 (Monotonicity <= 0.25)","M6 (Top-Bottom Spread <= 0)","Side-specific Yearly Tail IC Mean (-0.1040 <= 0)","Side-specific Hit Rate (33.33% < 50%)","Yearly Daily Win Rate (42.78% < 45%)","Side-specific Yearly Daily Win Rate (43.04% < 45%)"]}}
{"op_code":8,"worker_id":"d6fd33e5-d7b8-4dec-b691-ee95453040d5-20880","trial_id":82,"user_attr":{"deflated_objective":-1.1274487858265192}}
{"op_code":9,"worker_id":"d6fd33e5-d7b8-4dec-b691-ee95453040d5-20880","trial_id":82,"system_attr":{"constraints":[-0.011518732069835105,0.036878007166760964,0.26666666666666666,0.12878787878787878,0.13319058413669052,-35.0,-8.0,0.015411840411840405,0.0,-1417.8736059711455,0.005555555555555591,0.029497354497354578]}}
{"op_code":5,"worker_id":"946b23ea-8455-4c28-ba0a-23520ac4ae18-6576","trial_id":99,"param_name":"unified_rho","param_value_internal":0.36966195359813175,"distribution":"{\"name\": \"FloatDistribution\", \"attributes\": {\"step\": null, \"low\": 0.0, \"high\": 1.0, \"log\": false}}"}
{"op_code":8,"worker_id":"35dd3571-139d-4e13-a6ea-d19fa6eb4558-23408","trial_id":5,"user_attr":{"gini":0.35367672657592797}}
{"op_code":5,"worker_id":"946b23ea-8455-4c28-ba0a-23520ac4ae18-6576","trial_id":99,"param_name":"unified_gamma","param_value_internal":958.467360849145,"distribution":"{\"name\": \"FloatDistribution\", \"attributes\": {\"step\": null, \"low\": 1.5, \"high\": 10000.0, \"log\": true}}"}
{"op_code":6,"worker_id":"d6fd33e5-d7b8-4dec-b691-ee95453040d5-20880","trial_id":82,"state":1,"values":[-0.7502516620019383],"datetime_complete":"2026-07-14T11:45:16.268965"}
{"op_code":5,"worker_id":"946b23ea-8455-4c28-ba0a-23520ac4ae18-6576","trial_id":99,"param_name":"huber_delta","param_value_internal":4.758486180793709,"distribution":"{\"name\": \"FloatDistribution\", \"attributes\": {\"step\": null, \"low\": 0.5, \"high\": 5.0, \"log\": false}}"}
{"op_code":8,"worker_id":"35dd3571-139d-4e13-a6ea-d19fa6eb4558-23408","trial_id":5,"user_attr":{"cv_is_ics":[0.1094418317079544,0.09809931367635727,0.10002753138542175,0.07883821427822113,0.10467872768640518,0.11019182205200195,0.08244912326335907,0.07258398830890656,0.10394075512886047,0.11519815027713776,0.11913585662841797,0.12969325482845306,0.07888556271791458,0.11830446869134903,0.09497556835412979]}}
{"op_code":8,"worker_id":"35dd3571-139d-4e13-a6ea-d19fa6eb4558-23408","trial_id":5,"user_attr":{"cv_oos_ics":[-0.03602662682533264,0.03314563259482384,-0.05510731041431427,0.01429931540042162,0.038246799260377884,0.021771013736724854,0.046623531728982925,0.07682690769433975,0.012624396942555904,-0.002612482290714979,0.021534252911806107,0.016959648579359055,0.05459221825003624,0.028937045484781265,0.08285307884216309]}}
{"op_code":8,"worker_id":"35dd3571-139d-4e13-a6ea-d19fa6eb4558-23408","trial_id":5,"user_attr":{"reg_kappa":3.067392352420961}}
{"op_code":8,"worker_id":"35dd3571-139d-4e13-a6ea-d19fa6eb4558-23408","trial_id":5,"user_attr":{"raw_metrics":[-0.6883045615487474,-0.09244957170489086,0.3333333333333333,0.03694377968357537,0.07272727272727274,-0.09254039589833052,-0.11847490921449576,-0.19977739453315735,0.4277777777777778]}}
{"op_code":8,"worker_id":"35dd3571-139d-4e13-a6ea-d19fa6eb4558-23408","trial_id":5,"user_attr":{"val_metrics":[0.0879837699675306,-0.01134594200160563,0.6242424242424243,0.2918342392643293,-4.154125885886537]}}
{"op_code":8,"worker_id":"35dd3571-139d-4e13-a6ea-d19fa6eb4558-23408","trial_id":5,"user_attr":{"deflated_objective":-0.6058877668853486}}
{"op_code":9,"worker_id":"35dd3571-139d-4e13-a6ea-d19fa6eb4558-23408","trial_id":5,"system_attr":{"constraints":[-0.03694377968357537,0.09244957170489086,0.26666666666666666,0.17727272727272725,0.09254039589833052,-96.0,-8.0,0.10396825396825395,0.16666666666666669,-1223.9323673216513,0.0222222222222222,0.019576719576719637]}}
{"op_code":6,"worker_id":"35dd3571-139d-4e13-a6ea-d19fa6eb4558-23408","trial_id":5,"state":1,"values":[-0.2311937727099831],"datetime_complete":"2026-07-14T11:45:16.295056"}
{"op_code":8,"worker_id":"946b23ea-8455-4c28-ba0a-23520ac4ae18-6576","trial_id":99,"user_attr":{"constraints":[-0.015663629620751924,0.035334017552862536,0.26666666666666666,0.10252525252525255,0.12338508186603171,-41.0,-8.0,0.0018339768339768285,0.0,-1383.3441174912612,0.005555555555555591,0.03875661375661377]}}
{"op_code":8,"worker_id":"946b23ea-8455-4c28-ba0a-23520ac4ae18-6576","trial_id":99,"user_attr":{"pruned_reasons":["M2 (Yearly Tail IC Mean <= 0)","M3 (Hit Rate < 60%)","M5 (Monotonicity <= 0.25)","M6 (Top-Bottom Spread <= 0)","Side-specific Yearly Tail IC Mean (-0.0018 <= 0)","Yearly Daily Win Rate (44.44% < 45%)","Side-specific Yearly Daily Win Rate (41.12% < 45%)"]}}
{"op_code":8,"worker_id":"946b23ea-8455-4c28-ba0a-23520ac4ae18-6576","trial_id":99,"user_attr":{"gini":0.3900792777845632}}
{"op_code":8,"worker_id":"946b23ea-8455-4c28-ba0a-23520ac4ae18-6576","trial_id":99,"user_attr":{"cv_is_ics":[0.09773216396570206,0.09023784101009369,0.08638093620538712,0.07764612138271332,0.10072770714759827,0.09256910532712936,0.043487224727869034,0.04890703037381172,0.09491698443889618,0.09864223748445511,0.10281326621770859,0.12157003581523895,0.05215258523821831,0.10819936543703079,0.08647648245096207]}}
{"op_code":8,"worker_id":"946b23ea-8455-4c28-ba0a-23520ac4ae18-6576","trial_id":99,"user_attr":{"cv_oos_ics":[-0.029190465807914734,0.03148489072918892,-0.054702408611774445,0.02778570167720318,0.03657262772321701,0.018630482256412506,0.05446383357048035,0.07741346955299377,0.012406179681420326,-0.018715767189860344,0.02991626225411892,0.025729112327098846,0.06656436622142792,0.024429861456155777,0.0856366828083992]}}
{"op_code":8,"worker_id":"946b23ea-8455-4c28-ba0a-23520ac4ae18-6576","trial_id":99,"user_attr":{"reg_kappa":3.4666620802720485}}
{"op_code":8,"worker_id":"946b23ea-8455-4c28-ba0a-23520ac4ae18-6576","trial_id":99,"user_attr":{"raw_metrics":[-0.2539246456799433,-0.035334017552862536,0.3333333333333333,0.015663629620751924,0.14747474747474745,-0.12338508186603171,-0.23921601027319733,-0.41085144877433777,0.4444444444444444]}}
{"op_code":8,"worker_id":"946b23ea-8455-4c28-ba0a-23520ac4ae18-6576","trial_id":99,"user_attr":{"val_metrics":[0.08249568294772618,-0.03032178384750997,0.6484848484848484,0.16396228749925892,-5.665989954634416]}}
{"op_code":8,"worker_id":"946b23ea-8455-4c28-ba0a-23520ac4ae18-6576","trial_id":99,"user_attr":{"deflated_objective":-1.2140001827700808}}
{"op_code":9,"worker_id":"946b23ea-8455-4c28-ba0a-23520ac4ae18-6576","trial_id":99,"system_attr":{"constraints":[-0.015663629620751924,0.035334017552862536,0.26666666666666666,0.10252525252525255,0.12338508186603171,-41.0,-8.0,0.0018339768339768285,0.0,-1383.3441174912612,0.005555555555555591,0.03875661375661377]}}
{"op_code":6,"worker_id":"946b23ea-8455-4c28-ba0a-23520ac4ae18-6576","trial_id":99,"state":1,"values":[-0.8416543031641883],"datetime_complete":"2026-07-14T11:45:16.337297"}
{"op_code":8,"worker_id":"2a7e8751-0c59-4b4b-9d38-4e9a9de8f381-29612","trial_id":16,"user_attr":{"constraints":[0.011158231374147296,0.09708154054658613,0.6,0.21767676767676766,0.05044389848649087,-110.0,-8.0,0.2109395109395109,0.33333333333333337,-1198.9201770998334,0.03194444444444444,0.0010582010582012025]}}
{"op_code":8,"worker_id":"2a7e8751-0c59-4b4b-9d38-4e9a9de8f381-29612","trial_id":16,"user_attr":{"pruned_reasons":["M4 (Overall IC <= 0)","M2 (Yearly Tail IC Mean <= 0)","M3 (Hit Rate < 60%)","M5 (Monotonicity <= 0.25)","M6 (Top-Bottom Spread <= 0)","Side-specific Yearly Tail IC Mean (-0.2109 <= 0)","Side-specific Hit Rate (16.67% < 50%)","Yearly Daily Win Rate (41.81% < 45%)","Side-specific Yearly Daily Win Rate (44.89% < 45%)"]}}
{"op_code":8,"worker_id":"2a7e8751-0c59-4b4b-9d38-4e9a9de8f381-29612","trial_id":16,"user_attr":{"gini":0.3553252888783993}}
{"op_code":8,"worker_id":"2a7e8751-0c59-4b4b-9d38-4e9a9de8f381-29612","trial_id":16,"user_attr":{"cv_is_ics":[0.11877329647541046,0.09931955486536026,0.11773984134197235,0.0704926922917366,0.1123267337679863,0.12198606133460999,0.11385765671730042,0.08633787930011749,0.11868449300527573,0.12503361701965332,0.11913516372442245,0.13472215831279755,0.09699685871601105,0.11986234039068222,0.09654562920331955]}}
{"op_code":8,"worker_id":"2a7e8751-0c59-4b4b-9d38-4e9a9de8f381-29612","trial_id":16,"user_attr":{"cv_oos_ics":[-0.05693616345524788,0.024875951930880547,-0.056676365435123444,-0.02040056325495243,0.04684702306985855,0.01242074929177761,0.037312835454940796,0.03291243314743042,-0.0028815637342631817,0.0016261456767097116,0.0030422955751419067,-0.010585206560790539,0.007461024913936853,0.016657892614603043,0.06745199859142303]}}
{"op_code":8,"worker_id":"2a7e8751-0c59-4b4b-9d38-4e9a9de8f381-29612","trial_id":16,"user_attr":{"reg_kappa":3.00462377296938}}
{"op_code":8,"worker_id":"2a7e8751-0c59-4b4b-9d38-4e9a9de8f381-29612","trial_id":16,"user_attr":{"raw_metrics":[-1.0784974077800653,-0.09708154054658613,0.0,-0.011158231374147296,0.03232323232323233,-0.05044389848649087,-0.10555368923070957,-0.1466774046421051,0.41805555555555557]}}
{"op_code":8,"worker_id":"2a7e8751-0c59-4b4b-9d38-4e9a9de8f381-29612","trial_id":16,"user_attr":{"val_metrics":[0.06574121064237078,0.050805926804930734,0.503030303030303,0.3825560908578336,-4.542449575911729]}}
{"op_code":8,"worker_id":"2a7e8751-0c59-4b4b-9d38-4e9a9de8f381-29612","trial_id":16,"user_attr":{"deflated_objective":-0.7454473085013781}}
{"op_code":9,"worker_id":"2a7e8751-0c59-4b4b-9d38-4e9a9de8f381-29612","trial_id":16,"system_attr":{"constraints":[0.011158231374147296,0.09708154054658613,0.6,0.21767676767676766,0.05044389848649087,-110.0,-8.0,0.2109395109395109,0.33333333333333337,-1198.9201770998334,0.03194444444444444,0.0010582010582012025]}}
{"op_code":6,"worker_id":"2a7e8751-0c59-4b4b-9d38-4e9a9de8f381-29612","trial_id":16,"state":1,"values":[-0.3760079692366922],"datetime_complete":"2026-07-14T11:45:16.381052"}
{"op_code":8,"worker_id":"666506fc-a935-447b-a697-17a9ba0c8c4a-30084","trial_id":34,"user_attr":{"deflated_objective":0.26016325964770637}}
{"op_code":9,"worker_id":"666506fc-a935-447b-a697-17a9ba0c8c4a-30084","trial_id":34,"system_attr":{"constraints":[-0.016243654765117518,0.0989314552384461,0.43333333333333335,0.04797979797979798,0.030012436855273928,-31.0,-8.0,0.15500858000858006,0.33333333333333337,-1445.1278592559763,0.007638888888888862,0.020238095238095277]}}
{"op_code":6,"worker_id":"666506fc-a935-447b-a697-17a9ba0c8c4a-30084","trial_id":34,"state":1,"values":[0.5772481002355994],"datetime_complete":"2026-07-14T11:45:16.947799"}
{"op_code":5,"worker_id":"ec6fe8bf-217a-486d-96a6-406256c088bb-7108","trial_id":49,"param_name":"k_weight","param_value_internal":1.0809785887746708,"distribution":"{\"name\": \"FloatDistribution\", \"attributes\": {\"step\": null, \"low\": 0.0, \"high\": 1.5, \"log\": false}}"}
{"op_code":5,"worker_id":"ec6fe8bf-217a-486d-96a6-406256c088bb-7108","trial_id":49,"param_name":"unified_alpha","param_value_internal":0.00343099322861413,"distribution":"{\"name\": \"FloatDistribution\", \"attributes\": {\"step\": null, \"low\": 1e-05, \"high\": 10.0, \"log\": true}}"}
{"op_code":5,"worker_id":"ec6fe8bf-217a-486d-96a6-406256c088bb-7108","trial_id":49,"param_name":"unified_rho","param_value_internal":0.11982293999617041,"distribution":"{\"name\": \"FloatDistribution\", \"attributes\": {\"step\": null, \"low\": 0.0, \"high\": 1.0, \"log\": false}}"}
{"op_code":5,"worker_id":"ec6fe8bf-217a-486d-96a6-406256c088bb-7108","trial_id":49,"param_name":"unified_gamma","param_value_internal":11.85506930632561,"distribution":"{\"name\": \"FloatDistribution\", \"attributes\": {\"step\": null, \"low\": 1.5, \"high\": 10000.0, \"log\": true}}"}
{"op_code":5,"worker_id":"ec6fe8bf-217a-486d-96a6-406256c088bb-7108","trial_id":49,"param_name":"huber_delta","param_value_internal":3.754344266796764,"distribution":"{\"name\": \"FloatDistribution\", \"attributes\": {\"step\": null, \"low\": 0.5, \"high\": 5.0, \"log\": false}}"}
{"op_code":8,"worker_id":"ec6fe8bf-217a-486d-96a6-406256c088bb-7108","trial_id":49,"user_attr":{"constraints":[-0.024125064856478955,0.02616766887283603,0.26666666666666666,0.06414141414141414,0.101924131688041,-52.0,-8.0,-0.0036036036036036037,0.16666666666666669,-1336.1961387882088,0.002083333333333326,0.03412698412698423]}}
{"op_code":8,"worker_id":"ec6fe8bf-217a-486d-96a6-406256c088bb-7108","trial_id":49,"user_attr":{"pruned_reasons":["M2 (Yearly Tail IC Mean <= 0)","M3 (Hit Rate < 60%)","M5 (Monotonicity <= 0.25)","M6 (Top-Bottom Spread <= 0)","Side-specific Hit Rate (33.33% < 50%)","Yearly Daily Win Rate (44.79% < 45%)","Side-specific Yearly Daily Win Rate (41.59% < 45%)"]}}
{"op_code":8,"worker_id":"ec6fe8bf-217a-486d-96a6-406256c088bb-7108","trial_id":49,"user_attr":{"gini":0.3701665035037933}}
{"op_code":8,"worker_id":"ec6fe8bf-217a-486d-96a6-406256c088bb-7108","trial_id":49,"user_attr":{"cv_is_ics":[0.10060437768697739,0.09248204529285431,0.09021729230880737,0.07904253154993057,0.10000816732645035,0.10116272419691086,0.06159459799528122,0.05941523239016533,0.09880254417657852,0.10962991416454315,0.11350052058696747,0.12673857808113098,0.06270664185285568,0.11820754408836365,0.0918862596154213]}}
{"op_code":8,"worker_id":"ec6fe8bf-217a-486d-96a6-406256c088bb-7108","trial_id":49,"user_attr":{"cv_oos_ics":[-0.02553299069404602,0.030945593491196632,-0.05849328637123108,0.02210942655801773,0.03512076660990715,0.018048617988824844,0.04592905193567276,0.08464798331260681,0.014160665683448315,-0.011470719240605831,0.02869928628206253,0.02092396654188633,0.06332873553037643,0.03144442290067673,0.08258672803640366]}}
{"op_code":8,"worker_id":"ec6fe8bf-217a-486d-96a6-406256c088bb-7108","trial_id":49,"user_attr":{"reg_kappa":3.332707952513879}}
{"op_code":8,"worker_id":"ec6fe8bf-217a-486d-96a6-406256c088bb-7108","trial_id":49,"user_attr":{"raw_metrics":[-0.1651250352418415,-0.02616766887283603,0.3333333333333333,0.024125064856478955,0.18585858585858586,-0.101924131688041,-0.19892833839448293,-0.33373743295669556,0.4479166666666667]}}
{"op_code":8,"worker_id":"ec6fe8bf-217a-486d-96a6-406256c088bb-7108","trial_id":49,"user_attr":{"val_metrics":[0.08309910488993721,-0.08985516710606624,0.5757575757575758,0.2335217876173556,-4.92342560460169]}}
{"op_code":8,"worker_id":"ec6fe8bf-217a-486d-96a6-406256c088bb-7108","trial_id":49,"user_attr":{"deflated_objective":-0.9568037655135033}}
{"op_code":9,"worker_id":"ec6fe8bf-217a-486d-96a6-406256c088bb-7108","trial_id":49,"system_attr":{"constraints":[-0.024125064856478955,0.02616766887283603,0.26666666666666666,0.06414141414141414,0.101924131688041,-52.0,-8.0,-0.0036036036036036037,0.16666666666666669,-1336.1961387882088,0.002083333333333326,0.03412698412698423]}}
{"op_code":6,"worker_id":"ec6fe8bf-217a-486d-96a6-406256c088bb-7108","trial_id":49,"state":1,"values":[-0.5756543015596268],"datetime_complete":"2026-07-14T11:45:17.341739"}
