{"op_code":0,"worker_id":"7b735063-5b4d-41a7-aad7-db31c3347065-140369178568576","study_name":"pilot_300ETF","directions":[2]}
{"op_code":4,"worker_id":"eec074dc-cb32-4a0c-a0f8-37de5a9dc797-140192341227392","study_id":0,"datetime_start":"2026-07-06T05:10:23.320199"}
{"op_code":5,"worker_id":"eec074dc-cb32-4a0c-a0f8-37de5a9dc797-140192341227392","trial_id":0,"param_name":"model_type","param_value_internal":1,"distribution":"{\"name\": \"CategoricalDistribution\", \"attributes\": {\"choices\": [\"skglm_huber_l1\", \"skglm_mcp\", \"ridge\"]}}"}
{"op_code":4,"worker_id":"ade51f7a-c4a1-4bc8-a307-a43266d44a9e-140460735166336","study_id":0,"datetime_start":"2026-07-06T05:10:23.334363"}
{"op_code":5,"worker_id":"eec074dc-cb32-4a0c-a0f8-37de5a9dc797-140192341227392","trial_id":0,"param_name":"k_weight","param_value_internal":0.8979877262955549,"distribution":"{\"name\": \"FloatDistribution\", \"attributes\": {\"step\": null, \"low\": 0.0, \"high\": 1.5, \"log\": false}}"}
{"op_code":5,"worker_id":"eec074dc-cb32-4a0c-a0f8-37de5a9dc797-140192341227392","trial_id":0,"param_name":"skglm_mcp_alpha","param_value_internal":8.632008168602535e-05,"distribution":"{\"name\": \"FloatDistribution\", \"attributes\": {\"step\": null, \"low\": 1e-05, \"high\": 10.0, \"log\": true}}"}
{"op_code":4,"worker_id":"d6eefe62-7c6f-411c-9306-758e920bc507-139831609628544","study_id":0,"datetime_start":"2026-07-06T05:10:23.339778"}
{"op_code":5,"worker_id":"eec074dc-cb32-4a0c-a0f8-37de5a9dc797-140192341227392","trial_id":0,"param_name":"skglm_mcp_gamma","param_value_internal":4.091961642353418,"distribution":"{\"name\": \"FloatDistribution\", \"attributes\": {\"step\": null, \"low\": 3.0, \"high\": 10.0, \"log\": false}}"}
{"op_code":5,"worker_id":"d6eefe62-7c6f-411c-9306-758e920bc507-139831609628544","trial_id":2,"param_name":"model_type","param_value_internal":0,"distribution":"{\"name\": \"CategoricalDistribution\", \"attributes\": {\"choices\": [\"skglm_huber_l1\", \"skglm_mcp\", \"ridge\"]}}"}
{"op_code":5,"worker_id":"eec074dc-cb32-4a0c-a0f8-37de5a9dc797-140192341227392","trial_id":0,"param_name":"skglm_mcp_delta","param_value_internal":0.7613762547568976,"distribution":"{\"name\": \"FloatDistribution\", \"attributes\": {\"step\": null, \"low\": 0.5, \"high\": 5.0, \"log\": false}}"}
{"op_code":5,"worker_id":"d6eefe62-7c6f-411c-9306-758e920bc507-139831609628544","trial_id":2,"param_name":"k_weight","param_value_internal":0.11593434911875905,"distribution":"{\"name\": \"FloatDistribution\", \"attributes\": {\"step\": null, \"low\": 0.0, \"high\": 1.5, \"log\": false}}"}
{"op_code":5,"worker_id":"d6eefe62-7c6f-411c-9306-758e920bc507-139831609628544","trial_id":2,"param_name":"skglm_huber_l1_alpha","param_value_internal":0.004643195563868788,"distribution":"{\"name\": \"FloatDistribution\", \"attributes\": {\"step\": null, \"low\": 1e-05, \"high\": 10.0, \"log\": true}}"}
{"op_code":5,"worker_id":"d6eefe62-7c6f-411c-9306-758e920bc507-139831609628544","trial_id":2,"param_name":"skglm_huber_delta","param_value_internal":2.627635863899684,"distribution":"{\"name\": \"FloatDistribution\", \"attributes\": {\"step\": null, \"low\": 0.5, \"high\": 5.0, \"log\": false}}"}
{"op_code":5,"worker_id":"ade51f7a-c4a1-4bc8-a307-a43266d44a9e-140460735166336","trial_id":1,"param_name":"model_type","param_value_internal":1,"distribution":"{\"name\": \"CategoricalDistribution\", \"attributes\": {\"choices\": [\"skglm_huber_l1\", \"skglm_mcp\", \"ridge\"]}}"}
{"op_code":5,"worker_id":"ade51f7a-c4a1-4bc8-a307-a43266d44a9e-140460735166336","trial_id":1,"param_name":"k_weight","param_value_internal":0.36088442994802317,"distribution":"{\"name\": \"FloatDistribution\", \"attributes\": {\"step\": null, \"low\": 0.0, \"high\": 1.5, \"log\": false}}"}
{"op_code":5,"worker_id":"ade51f7a-c4a1-4bc8-a307-a43266d44a9e-140460735166336","trial_id":1,"param_name":"skglm_mcp_alpha","param_value_internal":0.0009179823579122499,"distribution":"{\"name\": \"FloatDistribution\", \"attributes\": {\"step\": null, \"low\": 1e-05, \"high\": 10.0, \"log\": true}}"}
{"op_code":5,"worker_id":"ade51f7a-c4a1-4bc8-a307-a43266d44a9e-140460735166336","trial_id":1,"param_name":"skglm_mcp_gamma","param_value_internal":9.013962436640185,"distribution":"{\"name\": \"FloatDistribution\", \"attributes\": {\"step\": null, \"low\": 3.0, \"high\": 10.0, \"log\": false}}"}
{"op_code":5,"worker_id":"ade51f7a-c4a1-4bc8-a307-a43266d44a9e-140460735166336","trial_id":1,"param_name":"skglm_mcp_delta","param_value_internal":3.497405958941116,"distribution":"{\"name\": \"FloatDistribution\", \"attributes\": {\"step\": null, \"low\": 0.5, \"high\": 5.0, \"log\": false}}"}
{"op_code":4,"worker_id":"bebd04d1-2aeb-4a19-880f-0c073022b6e0-140517677348736","study_id":0,"datetime_start":"2026-07-06T05:10:23.374447"}
{"op_code":5,"worker_id":"bebd04d1-2aeb-4a19-880f-0c073022b6e0-140517677348736","trial_id":3,"param_name":"model_type","param_value_internal":0,"distribution":"{\"name\": \"CategoricalDistribution\", \"attributes\": {\"choices\": [\"skglm_huber_l1\", \"skglm_mcp\", \"ridge\"]}}"}
{"op_code":5,"worker_id":"bebd04d1-2aeb-4a19-880f-0c073022b6e0-140517677348736","trial_id":3,"param_name":"k_weight","param_value_internal":0.5407512543844286,"distribution":"{\"name\": \"FloatDistribution\", \"attributes\": {\"step\": null, \"low\": 0.0, \"high\": 1.5, \"log\": false}}"}
{"op_code":5,"worker_id":"bebd04d1-2aeb-4a19-880f-0c073022b6e0-140517677348736","trial_id":3,"param_name":"skglm_huber_l1_alpha","param_value_internal":0.0014317428628134582,"distribution":"{\"name\": \"FloatDistribution\", \"attributes\": {\"step\": null, \"low\": 1e-05, \"high\": 10.0, \"log\": true}}"}
{"op_code":5,"worker_id":"bebd04d1-2aeb-4a19-880f-0c073022b6e0-140517677348736","trial_id":3,"param_name":"skglm_huber_delta","param_value_internal":3.2415727127816827,"distribution":"{\"name\": \"FloatDistribution\", \"attributes\": {\"step\": null, \"low\": 0.5, \"high\": 5.0, \"log\": false}}"}
{"op_code":4,"worker_id":"58d4fb5c-7192-4543-93c8-f454b5fa6740-140339762579328","study_id":0,"datetime_start":"2026-07-06T05:10:23.407737"}
{"op_code":5,"worker_id":"58d4fb5c-7192-4543-93c8-f454b5fa6740-140339762579328","trial_id":4,"param_name":"model_type","param_value_internal":0,"distribution":"{\"name\": \"CategoricalDistribution\", \"attributes\": {\"choices\": [\"skglm_huber_l1\", \"skglm_mcp\", \"ridge\"]}}"}
{"op_code":4,"worker_id":"1669dbf3-18fe-478b-b022-cdc9744a9c1b-140250543466368","study_id":0,"datetime_start":"2026-07-06T05:10:23.415564"}
{"op_code":5,"worker_id":"58d4fb5c-7192-4543-93c8-f454b5fa6740-140339762579328","trial_id":4,"param_name":"k_weight","param_value_internal":1.1371137969747265,"distribution":"{\"name\": \"FloatDistribution\", \"attributes\": {\"step\": null, \"low\": 0.0, \"high\": 1.5, \"log\": false}}"}
{"op_code":5,"worker_id":"1669dbf3-18fe-478b-b022-cdc9744a9c1b-140250543466368","trial_id":5,"param_name":"model_type","param_value_internal":1,"distribution":"{\"name\": \"CategoricalDistribution\", \"attributes\": {\"choices\": [\"skglm_huber_l1\", \"skglm_mcp\", \"ridge\"]}}"}
{"op_code":5,"worker_id":"1669dbf3-18fe-478b-b022-cdc9744a9c1b-140250543466368","trial_id":5,"param_name":"k_weight","param_value_internal":0.5272017088390522,"distribution":"{\"name\": \"FloatDistribution\", \"attributes\": {\"step\": null, \"low\": 0.0, \"high\": 1.5, \"log\": false}}"}
{"op_code":5,"worker_id":"1669dbf3-18fe-478b-b022-cdc9744a9c1b-140250543466368","trial_id":5,"param_name":"skglm_mcp_alpha","param_value_internal":0.1760478921481791,"distribution":"{\"name\": \"FloatDistribution\", \"attributes\": {\"step\": null, \"low\": 1e-05, \"high\": 10.0, \"log\": true}}"}
{"op_code":5,"worker_id":"1669dbf3-18fe-478b-b022-cdc9744a9c1b-140250543466368","trial_id":5,"param_name":"skglm_mcp_gamma","param_value_internal":8.597232211620376,"distribution":"{\"name\": \"FloatDistribution\", \"attributes\": {\"step\": null, \"low\": 3.0, \"high\": 10.0, \"log\": false}}"}
{"op_code":5,"worker_id":"1669dbf3-18fe-478b-b022-cdc9744a9c1b-140250543466368","trial_id":5,"param_name":"skglm_mcp_delta","param_value_internal":3.4050283452873162,"distribution":"{\"name\": \"FloatDistribution\", \"attributes\": {\"step\": null, \"low\": 0.5, \"high\": 5.0, \"log\": false}}"}
{"op_code":5,"worker_id":"58d4fb5c-7192-4543-93c8-f454b5fa6740-140339762579328","trial_id":4,"param_name":"skglm_huber_l1_alpha","param_value_internal":0.0007558952456840039,"distribution":"{\"name\": \"FloatDistribution\", \"attributes\": {\"step\": null, \"low\": 1e-05, \"high\": 10.0, \"log\": true}}"}
{"op_code":5,"worker_id":"58d4fb5c-7192-4543-93c8-f454b5fa6740-140339762579328","trial_id":4,"param_name":"skglm_huber_delta","param_value_internal":4.7175681086977885,"distribution":"{\"name\": \"FloatDistribution\", \"attributes\": {\"step\": null, \"low\": 0.5, \"high\": 5.0, \"log\": false}}"}
{"op_code":4,"worker_id":"c781c21c-1059-4905-81d3-b2b05c7bad8e-140520396035968","study_id":0,"datetime_start":"2026-07-06T05:10:23.492964"}
{"op_code":5,"worker_id":"c781c21c-1059-4905-81d3-b2b05c7bad8e-140520396035968","trial_id":6,"param_name":"model_type","param_value_internal":1,"distribution":"{\"name\": \"CategoricalDistribution\", \"attributes\": {\"choices\": [\"skglm_huber_l1\", \"skglm_mcp\", \"ridge\"]}}"}
{"op_code":5,"worker_id":"c781c21c-1059-4905-81d3-b2b05c7bad8e-140520396035968","trial_id":6,"param_name":"k_weight","param_value_internal":0.44846456618843683,"distribution":"{\"name\": \"FloatDistribution\", \"attributes\": {\"step\": null, \"low\": 0.0, \"high\": 1.5, \"log\": false}}"}
{"op_code":5,"worker_id":"c781c21c-1059-4905-81d3-b2b05c7bad8e-140520396035968","trial_id":6,"param_name":"skglm_mcp_alpha","param_value_internal":0.565204438847309,"distribution":"{\"name\": \"FloatDistribution\", \"attributes\": {\"step\": null, \"low\": 1e-05, \"high\": 10.0, \"log\": true}}"}
{"op_code":5,"worker_id":"c781c21c-1059-4905-81d3-b2b05c7bad8e-140520396035968","trial_id":6,"param_name":"skglm_mcp_gamma","param_value_internal":5.271294182347601,"distribution":"{\"name\": \"FloatDistribution\", \"attributes\": {\"step\": null, \"low\": 3.0, \"high\": 10.0, \"log\": false}}"}
{"op_code":5,"worker_id":"c781c21c-1059-4905-81d3-b2b05c7bad8e-140520396035968","trial_id":6,"param_name":"skglm_mcp_delta","param_value_internal":4.391196740106162,"distribution":"{\"name\": \"FloatDistribution\", \"attributes\": {\"step\": null, \"low\": 0.5, \"high\": 5.0, \"log\": false}}"}
{"op_code":4,"worker_id":"359bf4a1-8fe0-4545-9410-4175f910b0a4-140427596064640","study_id":0,"datetime_start":"2026-07-06T05:10:23.550611"}
{"op_code":5,"worker_id":"359bf4a1-8fe0-4545-9410-4175f910b0a4-140427596064640","trial_id":7,"param_name":"model_type","param_value_internal":0,"distribution":"{\"name\": \"CategoricalDistribution\", \"attributes\": {\"choices\": [\"skglm_huber_l1\", \"skglm_mcp\", \"ridge\"]}}"}
{"op_code":5,"worker_id":"359bf4a1-8fe0-4545-9410-4175f910b0a4-140427596064640","trial_id":7,"param_name":"k_weight","param_value_internal":0.9660295905297464,"distribution":"{\"name\": \"FloatDistribution\", \"attributes\": {\"step\": null, \"low\": 0.0, \"high\": 1.5, \"log\": false}}"}
{"op_code":5,"worker_id":"359bf4a1-8fe0-4545-9410-4175f910b0a4-140427596064640","trial_id":7,"param_name":"skglm_huber_l1_alpha","param_value_internal":0.0005073153375486977,"distribution":"{\"name\": \"FloatDistribution\", \"attributes\": {\"step\": null, \"low\": 1e-05, \"high\": 10.0, \"log\": true}}"}
{"op_code":5,"worker_id":"359bf4a1-8fe0-4545-9410-4175f910b0a4-140427596064640","trial_id":7,"param_name":"skglm_huber_delta","param_value_internal":4.772020129925023,"distribution":"{\"name\": \"FloatDistribution\", \"attributes\": {\"step\": null, \"low\": 0.5, \"high\": 5.0, \"log\": false}}"}
{"op_code":4,"worker_id":"37e24661-573e-4fdc-8af6-f806c6fb55dd-140115050977152","study_id":0,"datetime_start":"2026-07-06T05:10:23.564812"}
{"op_code":5,"worker_id":"37e24661-573e-4fdc-8af6-f806c6fb55dd-140115050977152","trial_id":8,"param_name":"model_type","param_value_internal":0,"distribution":"{\"name\": \"CategoricalDistribution\", \"attributes\": {\"choices\": [\"skglm_huber_l1\", \"skglm_mcp\", \"ridge\"]}}"}
{"op_code":5,"worker_id":"37e24661-573e-4fdc-8af6-f806c6fb55dd-140115050977152","trial_id":8,"param_name":"k_weight","param_value_internal":0.5282623705379426,"distribution":"{\"name\": \"FloatDistribution\", \"attributes\": {\"step\": null, \"low\": 0.0, \"high\": 1.5, \"log\": false}}"}
{"op_code":5,"worker_id":"37e24661-573e-4fdc-8af6-f806c6fb55dd-140115050977152","trial_id":8,"param_name":"skglm_huber_l1_alpha","param_value_internal":0.032742233762100705,"distribution":"{\"name\": \"FloatDistribution\", \"attributes\": {\"step\": null, \"low\": 1e-05, \"high\": 10.0, \"log\": true}}"}
{"op_code":5,"worker_id":"37e24661-573e-4fdc-8af6-f806c6fb55dd-140115050977152","trial_id":8,"param_name":"skglm_huber_delta","param_value_internal":2.910873849228841,"distribution":"{\"name\": \"FloatDistribution\", \"attributes\": {\"step\": null, \"low\": 0.5, \"high\": 5.0, \"log\": false}}"}
{"op_code":4,"worker_id":"cd2576da-390d-4903-a042-a48db29cd4a0-140241547245440","study_id":0,"datetime_start":"2026-07-06T05:10:23.598099"}
{"op_code":5,"worker_id":"cd2576da-390d-4903-a042-a48db29cd4a0-140241547245440","trial_id":9,"param_name":"model_type","param_value_internal":0,"distribution":"{\"name\": \"CategoricalDistribution\", \"attributes\": {\"choices\": [\"skglm_huber_l1\", \"skglm_mcp\", \"ridge\"]}}"}
{"op_code":4,"worker_id":"d8bd899a-9e39-48e0-9e2d-d9cc2b600741-140101227956096","study_id":0,"datetime_start":"2026-07-06T05:10:23.572233"}
{"op_code":5,"worker_id":"cd2576da-390d-4903-a042-a48db29cd4a0-140241547245440","trial_id":9,"param_name":"k_weight","param_value_internal":0.5944948645841654,"distribution":"{\"name\": \"FloatDistribution\", \"attributes\": {\"step\": null, \"low\": 0.0, \"high\": 1.5, \"log\": false}}"}
{"op_code":5,"worker_id":"cd2576da-390d-4903-a042-a48db29cd4a0-140241547245440","trial_id":9,"param_name":"skglm_huber_l1_alpha","param_value_internal":0.0018360757138767075,"distribution":"{\"name\": \"FloatDistribution\", \"attributes\": {\"step\": null, \"low\": 1e-05, \"high\": 10.0, \"log\": true}}"}
{"op_code":5,"worker_id":"cd2576da-390d-4903-a042-a48db29cd4a0-140241547245440","trial_id":9,"param_name":"skglm_huber_delta","param_value_internal":4.984584035695922,"distribution":"{\"name\": \"FloatDistribution\", \"attributes\": {\"step\": null, \"low\": 0.5, \"high\": 5.0, \"log\": false}}"}
{"op_code":5,"worker_id":"d8bd899a-9e39-48e0-9e2d-d9cc2b600741-140101227956096","trial_id":10,"param_name":"model_type","param_value_internal":2,"distribution":"{\"name\": \"CategoricalDistribution\", \"attributes\": {\"choices\": [\"skglm_huber_l1\", \"skglm_mcp\", \"ridge\"]}}"}
{"op_code":5,"worker_id":"d8bd899a-9e39-48e0-9e2d-d9cc2b600741-140101227956096","trial_id":10,"param_name":"k_weight","param_value_internal":1.337405157416646,"distribution":"{\"name\": \"FloatDistribution\", \"attributes\": {\"step\": null, \"low\": 0.0, \"high\": 1.5, \"log\": false}}"}
{"op_code":5,"worker_id":"d8bd899a-9e39-48e0-9e2d-d9cc2b600741-140101227956096","trial_id":10,"param_name":"ridge_alpha","param_value_internal":2.608457708930397,"distribution":"{\"name\": \"FloatDistribution\", \"attributes\": {\"step\": null, \"low\": 0.001, \"high\": 100.0, \"log\": true}}"}
{"op_code":4,"worker_id":"b7eecbc4-91ef-4972-8dfe-c7d32fbd8dea-140484437190528","study_id":0,"datetime_start":"2026-07-06T05:10:23.682369"}
{"op_code":5,"worker_id":"b7eecbc4-91ef-4972-8dfe-c7d32fbd8dea-140484437190528","trial_id":11,"param_name":"model_type","param_value_internal":1,"distribution":"{\"name\": \"CategoricalDistribution\", \"attributes\": {\"choices\": [\"skglm_huber_l1\", \"skglm_mcp\", \"ridge\"]}}"}
{"op_code":5,"worker_id":"b7eecbc4-91ef-4972-8dfe-c7d32fbd8dea-140484437190528","trial_id":11,"param_name":"k_weight","param_value_internal":0.36378405224709615,"distribution":"{\"name\": \"FloatDistribution\", \"attributes\": {\"step\": null, \"low\": 0.0, \"high\": 1.5, \"log\": false}}"}
{"op_code":4,"worker_id":"a5a0bff7-300a-4cba-b306-953cfefd8fc1-140010771785600","study_id":0,"datetime_start":"2026-07-06T05:10:23.686049"}
{"op_code":5,"worker_id":"a5a0bff7-300a-4cba-b306-953cfefd8fc1-140010771785600","trial_id":12,"param_name":"model_type","param_value_internal":0,"distribution":"{\"name\": \"CategoricalDistribution\", \"attributes\": {\"choices\": [\"skglm_huber_l1\", \"skglm_mcp\", \"ridge\"]}}"}
{"op_code":5,"worker_id":"a5a0bff7-300a-4cba-b306-953cfefd8fc1-140010771785600","trial_id":12,"param_name":"k_weight","param_value_internal":0.7774240922512143,"distribution":"{\"name\": \"FloatDistribution\", \"attributes\": {\"step\": null, \"low\": 0.0, \"high\": 1.5, \"log\": false}}"}
{"op_code":5,"worker_id":"a5a0bff7-300a-4cba-b306-953cfefd8fc1-140010771785600","trial_id":12,"param_name":"skglm_huber_l1_alpha","param_value_internal":1.1262445750276396e-05,"distribution":"{\"name\": \"FloatDistribution\", \"attributes\": {\"step\": null, \"low\": 1e-05, \"high\": 10.0, \"log\": true}}"}
{"op_code":5,"worker_id":"a5a0bff7-300a-4cba-b306-953cfefd8fc1-140010771785600","trial_id":12,"param_name":"skglm_huber_delta","param_value_internal":4.860212930237688,"distribution":"{\"name\": \"FloatDistribution\", \"attributes\": {\"step\": null, \"low\": 0.5, \"high\": 5.0, \"log\": false}}"}
{"op_code":4,"worker_id":"fde77659-0f8e-4852-bb5f-000563ae6e28-139630664304512","study_id":0,"datetime_start":"2026-07-06T05:10:23.720305"}
{"op_code":5,"worker_id":"fde77659-0f8e-4852-bb5f-000563ae6e28-139630664304512","trial_id":13,"param_name":"model_type","param_value_internal":0,"distribution":"{\"name\": \"CategoricalDistribution\", \"attributes\": {\"choices\": [\"skglm_huber_l1\", \"skglm_mcp\", \"ridge\"]}}"}
{"op_code":4,"worker_id":"2fafbbed-7e62-4a30-894b-4f333fdcf0ec-140440536655744","study_id":0,"datetime_start":"2026-07-06T05:10:23.721401"}
{"op_code":5,"worker_id":"2fafbbed-7e62-4a30-894b-4f333fdcf0ec-140440536655744","trial_id":14,"param_name":"model_type","param_value_internal":0,"distribution":"{\"name\": \"CategoricalDistribution\", \"attributes\": {\"choices\": [\"skglm_huber_l1\", \"skglm_mcp\", \"ridge\"]}}"}
{"op_code":5,"worker_id":"fde77659-0f8e-4852-bb5f-000563ae6e28-139630664304512","trial_id":13,"param_name":"k_weight","param_value_internal":0.2945856258217868,"distribution":"{\"name\": \"FloatDistribution\", \"attributes\": {\"step\": null, \"low\": 0.0, \"high\": 1.5, \"log\": false}}"}
{"op_code":5,"worker_id":"2fafbbed-7e62-4a30-894b-4f333fdcf0ec-140440536655744","trial_id":14,"param_name":"k_weight","param_value_internal":0.9276326540244153,"distribution":"{\"name\": \"FloatDistribution\", \"attributes\": {\"step\": null, \"low\": 0.0, \"high\": 1.5, \"log\": false}}"}
{"op_code":5,"worker_id":"2fafbbed-7e62-4a30-894b-4f333fdcf0ec-140440536655744","trial_id":14,"param_name":"skglm_huber_l1_alpha","param_value_internal":3.887825751317087e-05,"distribution":"{\"name\": \"FloatDistribution\", \"attributes\": {\"step\": null, \"low\": 1e-05, \"high\": 10.0, \"log\": true}}"}
{"op_code":5,"worker_id":"2fafbbed-7e62-4a30-894b-4f333fdcf0ec-140440536655744","trial_id":14,"param_name":"skglm_huber_delta","param_value_internal":3.290590894445865,"distribution":"{\"name\": \"FloatDistribution\", \"attributes\": {\"step\": null, \"low\": 0.5, \"high\": 5.0, \"log\": false}}"}
{"op_code":4,"worker_id":"be94a28b-94a3-4ff2-ad6c-3e92cc229f11-140624109488000","study_id":0,"datetime_start":"2026-07-06T05:10:23.742017"}
{"op_code":5,"worker_id":"be94a28b-94a3-4ff2-ad6c-3e92cc229f11-140624109488000","trial_id":15,"param_name":"model_type","param_value_internal":2,"distribution":"{\"name\": \"CategoricalDistribution\", \"attributes\": {\"choices\": [\"skglm_huber_l1\", \"skglm_mcp\", \"ridge\"]}}"}
{"op_code":8,"worker_id":"d8bd899a-9e39-48e0-9e2d-d9cc2b600741-140101227956096","trial_id":10,"user_attr":{"raw_metrics":[2.43773355332575,0.30648128966338606,1.0,0.15961175504260863,0.5551515151515152,0.5848108572003511,-0.4200608136914649,-1.2487183809280396]}}
{"op_code":8,"worker_id":"d8bd899a-9e39-48e0-9e2d-d9cc2b600741-140101227956096","trial_id":10,"user_attr":{"val_metrics":[0.10826220595529612,0.1768345636126791,0.8545454545454545,0.48373200738181665]}}
{"op_code":8,"worker_id":"d8bd899a-9e39-48e0-9e2d-d9cc2b600741-140101227956096","trial_id":10,"user_attr":{"params":{"model_type":"ridge","k_weight":1.337405157416646,"ridge_alpha":2.608457708930397}}}
{"op_code":8,"worker_id":"d8bd899a-9e39-48e0-9e2d-d9cc2b600741-140101227956096","trial_id":10,"user_attr":{"reg_kappa":5.752692723918869}}
{"op_code":6,"worker_id":"d8bd899a-9e39-48e0-9e2d-d9cc2b600741-140101227956096","trial_id":10,"state":1,"values":[0.28509676956797525],"datetime_complete":"2026-07-06T05:10:23.769495"}
{"op_code":5,"worker_id":"be94a28b-94a3-4ff2-ad6c-3e92cc229f11-140624109488000","trial_id":15,"param_name":"k_weight","param_value_internal":0.4661740478401305,"distribution":"{\"name\": \"FloatDistribution\", \"attributes\": {\"step\": null, \"low\": 0.0, \"high\": 1.5, \"log\": false}}"}
{"op_code":5,"worker_id":"fde77659-0f8e-4852-bb5f-000563ae6e28-139630664304512","trial_id":13,"param_name":"skglm_huber_l1_alpha","param_value_internal":0.0013386862043437055,"distribution":"{\"name\": \"FloatDistribution\", \"attributes\": {\"step\": null, \"low\": 1e-05, \"high\": 10.0, \"log\": true}}"}
{"op_code":5,"worker_id":"be94a28b-94a3-4ff2-ad6c-3e92cc229f11-140624109488000","trial_id":15,"param_name":"ridge_alpha","param_value_internal":0.6757397297872821,"distribution":"{\"name\": \"FloatDistribution\", \"attributes\": {\"step\": null, \"low\": 0.001, \"high\": 100.0, \"log\": true}}"}
{"op_code":5,"worker_id":"fde77659-0f8e-4852-bb5f-000563ae6e28-139630664304512","trial_id":13,"param_name":"skglm_huber_delta","param_value_internal":4.160146789319272,"distribution":"{\"name\": \"FloatDistribution\", \"attributes\": {\"step\": null, \"low\": 0.5, \"high\": 5.0, \"log\": false}}"}
{"op_code":4,"worker_id":"0a8a61d6-1427-4589-ba70-0afc279f0c3e-140101227956096","study_id":0,"datetime_start":"2026-07-06T05:10:23.805911"}
{"op_code":5,"worker_id":"0a8a61d6-1427-4589-ba70-0afc279f0c3e-140101227956096","trial_id":16,"param_name":"model_type","param_value_internal":2,"distribution":"{\"name\": \"CategoricalDistribution\", \"attributes\": {\"choices\": [\"skglm_huber_l1\", \"skglm_mcp\", \"ridge\"]}}"}
{"op_code":5,"worker_id":"0a8a61d6-1427-4589-ba70-0afc279f0c3e-140101227956096","trial_id":16,"param_name":"k_weight","param_value_internal":0.11343309989270539,"distribution":"{\"name\": \"FloatDistribution\", \"attributes\": {\"step\": null, \"low\": 0.0, \"high\": 1.5, \"log\": false}}"}
{"op_code":5,"worker_id":"0a8a61d6-1427-4589-ba70-0afc279f0c3e-140101227956096","trial_id":16,"param_name":"ridge_alpha","param_value_internal":0.7224501933513928,"distribution":"{\"name\": \"FloatDistribution\", \"attributes\": {\"step\": null, \"low\": 0.001, \"high\": 100.0, \"log\": true}}"}
{"op_code":8,"worker_id":"be94a28b-94a3-4ff2-ad6c-3e92cc229f11-140624109488000","trial_id":15,"user_attr":{"raw_metrics":[3.1556165103210887,0.33119651417299956,1.0,0.16538587154321996,0.5684848484848485,0.7163722207750383,-0.14372178147681977,-0.6377100944519043]}}
{"op_code":8,"worker_id":"be94a28b-94a3-4ff2-ad6c-3e92cc229f11-140624109488000","trial_id":15,"user_attr":{"val_metrics":[0.0982606399434276,0.0687147199305254,0.6606060606060606,0.37120955848445497]}}
{"op_code":8,"worker_id":"be94a28b-94a3-4ff2-ad6c-3e92cc229f11-140624109488000","trial_id":15,"user_attr":{"params":{"model_type":"ridge","k_weight":0.4661740478401305,"ridge_alpha":0.6757397297872821}}}
{"op_code":8,"worker_id":"be94a28b-94a3-4ff2-ad6c-3e92cc229f11-140624109488000","trial_id":15,"user_attr":{"reg_kappa":4.619352661119635}}
{"op_code":6,"worker_id":"be94a28b-94a3-4ff2-ad6c-3e92cc229f11-140624109488000","trial_id":15,"state":1,"values":[0.166975359873953],"datetime_complete":"2026-07-06T05:10:23.877580"}
{"op_code":8,"worker_id":"0a8a61d6-1427-4589-ba70-0afc279f0c3e-140101227956096","trial_id":16,"user_attr":{"raw_metrics":[3.604147317923555,0.3079161268641256,1.0,0.1595405355463781,0.5042424242424242,0.7183679442198888,-0.11806832230499702,-0.4333406388759613]}}
{"op_code":8,"worker_id":"0a8a61d6-1427-4589-ba70-0afc279f0c3e-140101227956096","trial_id":16,"user_attr":{"val_metrics":[0.09058488337039228,0.03126356925749023,0.696969696969697,0.38117745527376734]}}
{"op_code":8,"worker_id":"0a8a61d6-1427-4589-ba70-0afc279f0c3e-140101227956096","trial_id":16,"user_attr":{"params":{"model_type":"ridge","k_weight":0.11343309989270539,"ridge_alpha":0.7224501933513928}}}
{"op_code":8,"worker_id":"0a8a61d6-1427-4589-ba70-0afc279f0c3e-140101227956096","trial_id":16,"user_attr":{"reg_kappa":4.420716844995245}}
{"op_code":6,"worker_id":"0a8a61d6-1427-4589-ba70-0afc279f0c3e-140101227956096","trial_id":16,"state":1,"values":[0.1218484526278825],"datetime_complete":"2026-07-06T05:10:23.933845"}
{"op_code":4,"worker_id":"fe9787ce-1431-4eb2-86bc-5745c2df79ae-140624109488000","study_id":0,"datetime_start":"2026-07-06T05:10:23.916467"}
{"op_code":5,"worker_id":"fe9787ce-1431-4eb2-86bc-5745c2df79ae-140624109488000","trial_id":17,"param_name":"model_type","param_value_internal":0,"distribution":"{\"name\": \"CategoricalDistribution\", \"attributes\": {\"choices\": [\"skglm_huber_l1\", \"skglm_mcp\", \"ridge\"]}}"}
{"op_code":5,"worker_id":"fe9787ce-1431-4eb2-86bc-5745c2df79ae-140624109488000","trial_id":17,"param_name":"k_weight","param_value_internal":0.1262354112921873,"distribution":"{\"name\": \"FloatDistribution\", \"attributes\": {\"step\": null, \"low\": 0.0, \"high\": 1.5, \"log\": false}}"}
{"op_code":5,"worker_id":"fe9787ce-1431-4eb2-86bc-5745c2df79ae-140624109488000","trial_id":17,"param_name":"skglm_huber_l1_alpha","param_value_internal":0.02763389503488736,"distribution":"{\"name\": \"FloatDistribution\", \"attributes\": {\"step\": null, \"low\": 1e-05, \"high\": 10.0, \"log\": true}}"}
{"op_code":5,"worker_id":"fe9787ce-1431-4eb2-86bc-5745c2df79ae-140624109488000","trial_id":17,"param_name":"skglm_huber_delta","param_value_internal":1.7687289508831074,"distribution":"{\"name\": \"FloatDistribution\", \"attributes\": {\"step\": null, \"low\": 0.5, \"high\": 5.0, \"log\": false}}"}
{"op_code":4,"worker_id":"ac1a0282-3f37-4f2c-93b2-fbb60f14961e-140101227956096","study_id":0,"datetime_start":"2026-07-06T05:10:23.968199"}
{"op_code":5,"worker_id":"ac1a0282-3f37-4f2c-93b2-fbb60f14961e-140101227956096","trial_id":18,"param_name":"model_type","param_value_internal":2,"distribution":"{\"name\": \"CategoricalDistribution\", \"attributes\": {\"choices\": [\"skglm_huber_l1\", \"skglm_mcp\", \"ridge\"]}}"}
{"op_code":5,"worker_id":"ac1a0282-3f37-4f2c-93b2-fbb60f14961e-140101227956096","trial_id":18,"param_name":"k_weight","param_value_internal":0.9986243554324636,"distribution":"{\"name\": \"FloatDistribution\", \"attributes\": {\"step\": null, \"low\": 0.0, \"high\": 1.5, \"log\": false}}"}
{"op_code":5,"worker_id":"ac1a0282-3f37-4f2c-93b2-fbb60f14961e-140101227956096","trial_id":18,"param_name":"ridge_alpha","param_value_internal":0.6836817778966388,"distribution":"{\"name\": \"FloatDistribution\", \"attributes\": {\"step\": null, \"low\": 0.001, \"high\": 100.0, \"log\": true}}"}
{"op_code":8,"worker_id":"ac1a0282-3f37-4f2c-93b2-fbb60f14961e-140101227956096","trial_id":18,"user_attr":{"raw_metrics":[2.765446982074131,0.32189346060802604,1.0,0.16404121538727962,0.5660606060606062,0.6284456447699471,-0.25840556576520074,-1.0056548118591309]}}
{"op_code":8,"worker_id":"ac1a0282-3f37-4f2c-93b2-fbb60f14961e-140101227956096","trial_id":18,"user_attr":{"val_metrics":[0.10266638036909223,0.13482414242292662,0.8909090909090909,0.3130665530636907]}}
{"op_code":8,"worker_id":"ac1a0282-3f37-4f2c-93b2-fbb60f14961e-140101227956096","trial_id":18,"user_attr":{"params":{"model_type":"ridge","k_weight":0.9986243554324636,"ridge_alpha":0.6836817778966388}}}
{"op_code":8,"worker_id":"ac1a0282-3f37-4f2c-93b2-fbb60f14961e-140101227956096","trial_id":18,"user_attr":{"reg_kappa":5.206441425902498}}
{"op_code":6,"worker_id":"ac1a0282-3f37-4f2c-93b2-fbb60f14961e-140101227956096","trial_id":18,"state":1,"values":[0.23749052279201885],"datetime_complete":"2026-07-06T05:10:24.085828"}
{"op_code":4,"worker_id":"6ce7544a-41de-4296-91bd-07c580d33bcd-140101227956096","study_id":0,"datetime_start":"2026-07-06T05:10:24.109459"}
{"op_code":5,"worker_id":"6ce7544a-41de-4296-91bd-07c580d33bcd-140101227956096","trial_id":19,"param_name":"model_type","param_value_internal":2,"distribution":"{\"name\": \"CategoricalDistribution\", \"attributes\": {\"choices\": [\"skglm_huber_l1\", \"skglm_mcp\", \"ridge\"]}}"}
{"op_code":5,"worker_id":"6ce7544a-41de-4296-91bd-07c580d33bcd-140101227956096","trial_id":19,"param_name":"k_weight","param_value_internal":0.7493269610199589,"distribution":"{\"name\": \"FloatDistribution\", \"attributes\": {\"step\": null, \"low\": 0.0, \"high\": 1.5, \"log\": false}}"}
{"op_code":5,"worker_id":"6ce7544a-41de-4296-91bd-07c580d33bcd-140101227956096","trial_id":19,"param_name":"ridge_alpha","param_value_internal":66.77780907593817,"distribution":"{\"name\": \"FloatDistribution\", \"attributes\": {\"step\": null, \"low\": 0.001, \"high\": 100.0, \"log\": true}}"}
{"op_code":5,"worker_id":"b7eecbc4-91ef-4972-8dfe-c7d32fbd8dea-140484437190528","trial_id":11,"param_name":"skglm_mcp_alpha","param_value_internal":0.015372446095730671,"distribution":"{\"name\": \"FloatDistribution\", \"attributes\": {\"step\": null, \"low\": 1e-05, \"high\": 10.0, \"log\": true}}"}
{"op_code":5,"worker_id":"b7eecbc4-91ef-4972-8dfe-c7d32fbd8dea-140484437190528","trial_id":11,"param_name":"skglm_mcp_gamma","param_value_internal":4.998809648253592,"distribution":"{\"name\": \"FloatDistribution\", \"attributes\": {\"step\": null, \"low\": 3.0, \"high\": 10.0, \"log\": false}}"}
{"op_code":5,"worker_id":"b7eecbc4-91ef-4972-8dfe-c7d32fbd8dea-140484437190528","trial_id":11,"param_name":"skglm_mcp_delta","param_value_internal":4.381836696732378,"distribution":"{\"name\": \"FloatDistribution\", \"attributes\": {\"step\": null, \"low\": 0.5, \"high\": 5.0, \"log\": false}}"}
{"op_code":8,"worker_id":"6ce7544a-41de-4296-91bd-07c580d33bcd-140101227956096","trial_id":19,"user_attr":{"raw_metrics":[2.8589795737683112,0.33151202356553966,1.0,0.1689099437314446,0.5696969696969697,0.688237173938807,-0.1897532389926659,-0.7914285659790039]}}
{"op_code":8,"worker_id":"6ce7544a-41de-4296-91bd-07c580d33bcd-140101227956096","trial_id":19,"user_attr":{"val_metrics":[0.09979194418021423,0.1313504125054277,0.6,0.43923632978151245]}}
{"op_code":8,"worker_id":"6ce7544a-41de-4296-91bd-07c580d33bcd-140101227956096","trial_id":19,"user_attr":{"params":{"model_type":"ridge","k_weight":0.7493269610199589,"ridge_alpha":66.77780907593817}}}
{"op_code":8,"worker_id":"6ce7544a-41de-4296-91bd-07c580d33bcd-140101227956096","trial_id":19,"user_attr":{"reg_kappa":4.552209965720819}}
{"op_code":6,"worker_id":"6ce7544a-41de-4296-91bd-07c580d33bcd-140101227956096","trial_id":19,"state":1,"values":[0.23114235668564193],"datetime_complete":"2026-07-06T05:10:24.249845"}
{"op_code":4,"worker_id":"28893522-8ac3-4499-a4b3-e7304c41614f-140101227956096","study_id":0,"datetime_start":"2026-07-06T05:10:24.266998"}
{"op_code":5,"worker_id":"28893522-8ac3-4499-a4b3-e7304c41614f-140101227956096","trial_id":20,"param_name":"model_type","param_value_internal":2,"distribution":"{\"name\": \"CategoricalDistribution\", \"attributes\": {\"choices\": [\"skglm_huber_l1\", \"skglm_mcp\", \"ridge\"]}}"}
{"op_code":5,"worker_id":"28893522-8ac3-4499-a4b3-e7304c41614f-140101227956096","trial_id":20,"param_name":"k_weight","param_value_internal":0.6171029997146616,"distribution":"{\"name\": \"FloatDistribution\", \"attributes\": {\"step\": null, \"low\": 0.0, \"high\": 1.5, \"log\": false}}"}
{"op_code":5,"worker_id":"28893522-8ac3-4499-a4b3-e7304c41614f-140101227956096","trial_id":20,"param_name":"ridge_alpha","param_value_internal":1.4357435326129475,"distribution":"{\"name\": \"FloatDistribution\", \"attributes\": {\"step\": null, \"low\": 0.001, \"high\": 100.0, \"log\": true}}"}
{"op_code":8,"worker_id":"28893522-8ac3-4499-a4b3-e7304c41614f-140101227956096","trial_id":20,"user_attr":{"raw_metrics":[3.156672081977285,0.33060853198700385,1.0,0.16686898954957208,0.5842424242424242,0.6979366284736833,-0.1648442176531984,-0.7362418174743652]}}
{"op_code":8,"worker_id":"28893522-8ac3-4499-a4b3-e7304c41614f-140101227956096","trial_id":20,"user_attr":{"val_metrics":[0.09871267158732884,0.10790273556231003,0.7333333333333333,0.3832743441934387]}}
{"op_code":8,"worker_id":"28893522-8ac3-4499-a4b3-e7304c41614f-140101227956096","trial_id":20,"user_attr":{"params":{"model_type":"ridge","k_weight":0.6171029997146616,"ridge_alpha":1.4357435326129475}}}
{"op_code":8,"worker_id":"28893522-8ac3-4499-a4b3-e7304c41614f-140101227956096","trial_id":20,"user_attr":{"reg_kappa":4.749628008628373}}
{"op_code":6,"worker_id":"28893522-8ac3-4499-a4b3-e7304c41614f-140101227956096","trial_id":20,"state":1,"values":[0.20661540714963889],"datetime_complete":"2026-07-06T05:10:24.377220"}
{"op_code":4,"worker_id":"3c07a73f-ad9f-4c97-9354-c0d277cb27d2-140101227956096","study_id":0,"datetime_start":"2026-07-06T05:10:24.417496"}
{"op_code":5,"worker_id":"3c07a73f-ad9f-4c97-9354-c0d277cb27d2-140101227956096","trial_id":21,"param_name":"model_type","param_value_internal":0,"distribution":"{\"name\": \"CategoricalDistribution\", \"attributes\": {\"choices\": [\"skglm_huber_l1\", \"skglm_mcp\", \"ridge\"]}}"}
{"op_code":5,"worker_id":"3c07a73f-ad9f-4c97-9354-c0d277cb27d2-140101227956096","trial_id":21,"param_name":"k_weight","param_value_internal":0.7885088416392791,"distribution":"{\"name\": \"FloatDistribution\", \"attributes\": {\"step\": null, \"low\": 0.0, \"high\": 1.5, \"log\": false}}"}
{"op_code":5,"worker_id":"3c07a73f-ad9f-4c97-9354-c0d277cb27d2-140101227956096","trial_id":21,"param_name":"skglm_huber_l1_alpha","param_value_internal":8.283835972332813e-05,"distribution":"{\"name\": \"FloatDistribution\", \"attributes\": {\"step\": null, \"low\": 1e-05, \"high\": 10.0, \"log\": true}}"}
{"op_code":5,"worker_id":"3c07a73f-ad9f-4c97-9354-c0d277cb27d2-140101227956096","trial_id":21,"param_name":"skglm_huber_delta","param_value_internal":2.7500457244736927,"distribution":"{\"name\": \"FloatDistribution\", \"attributes\": {\"step\": null, \"low\": 0.5, \"high\": 5.0, \"log\": false}}"}
{"op_code":8,"worker_id":"d6eefe62-7c6f-411c-9306-758e920bc507-139831609628544","trial_id":2,"user_attr":{"raw_metrics":[2.323106356756313,0.31209230297183166,1.0,0.15986034529015397,0.6072727272727274,0.7065026064591017,-0.11814388895108417,-0.3519253730773926]}}
{"op_code":8,"worker_id":"d6eefe62-7c6f-411c-9306-758e920bc507-139831609628544","trial_id":2,"user_attr":{"val_metrics":[0.09249880458605923,0.0003256621797655232,0.6848484848484848,0.16684909074256818]}}
{"op_code":8,"worker_id":"d6eefe62-7c6f-411c-9306-758e920bc507-139831609628544","trial_id":2,"user_attr":{"params":{"model_type":"skglm_huber_l1","k_weight":0.11593434911875905,"skglm_huber_l1_alpha":0.004643195563868788,"skglm_huber_delta":2.627635863899684}}}
{"op_code":8,"worker_id":"d6eefe62-7c6f-411c-9306-758e920bc507-139831609628544","trial_id":2,"user_attr":{"reg_kappa":4.420852761970494}}
{"op_code":6,"worker_id":"d6eefe62-7c6f-411c-9306-758e920bc507-139831609628544","trial_id":2,"state":1,"values":[0.09282446676582476],"datetime_complete":"2026-07-06T05:10:30.805089"}
{"op_code":4,"worker_id":"d1cd52f1-9971-453a-b27b-a9b9b2b33f54-139831609628544","study_id":0,"datetime_start":"2026-07-06T05:10:30.835027"}
{"op_code":5,"worker_id":"d1cd52f1-9971-453a-b27b-a9b9b2b33f54-139831609628544","trial_id":22,"param_name":"model_type","param_value_internal":2,"distribution":"{\"name\": \"CategoricalDistribution\", \"attributes\": {\"choices\": [\"skglm_huber_l1\", \"skglm_mcp\", \"ridge\"]}}"}
{"op_code":5,"worker_id":"d1cd52f1-9971-453a-b27b-a9b9b2b33f54-139831609628544","trial_id":22,"param_name":"k_weight","param_value_internal":0.6747883482831789,"distribution":"{\"name\": \"FloatDistribution\", \"attributes\": {\"step\": null, \"low\": 0.0, \"high\": 1.5, \"log\": false}}"}
{"op_code":5,"worker_id":"d1cd52f1-9971-453a-b27b-a9b9b2b33f54-139831609628544","trial_id":22,"param_name":"ridge_alpha","param_value_internal":0.19279649176728247,"distribution":"{\"name\": \"FloatDistribution\", \"attributes\": {\"step\": null, \"low\": 0.001, \"high\": 100.0, \"log\": true}}"}
{"op_code":8,"worker_id":"d1cd52f1-9971-453a-b27b-a9b9b2b33f54-139831609628544","trial_id":22,"user_attr":{"raw_metrics":[3.121075229377119,0.3358291614034047,1.0,0.1664875858776173,0.5515151515151515,0.6863099567860382,-0.17489606348642914,-0.7761873006820679]}}
{"op_code":8,"worker_id":"d1cd52f1-9971-453a-b27b-a9b9b2b33f54-139831609628544","trial_id":22,"user_attr":{"val_metrics":[0.09844212165800034,0.0996526270082501,0.696969696969697,0.3832743441934387]}}
{"op_code":8,"worker_id":"d1cd52f1-9971-453a-b27b-a9b9b2b33f54-139831609628544","trial_id":22,"user_attr":{"params":{"model_type":"ridge","k_weight":0.6747883482831789,"ridge_alpha":0.19279649176728247}}}
{"op_code":8,"worker_id":"d1cd52f1-9971-453a-b27b-a9b9b2b33f54-139831609628544","trial_id":22,"user_attr":{"reg_kappa":4.815196675675509}}
{"op_code":6,"worker_id":"d1cd52f1-9971-453a-b27b-a9b9b2b33f54-139831609628544","trial_id":22,"state":1,"values":[0.19809474866625043],"datetime_complete":"2026-07-06T05:10:30.952163"}
{"op_code":4,"worker_id":"e4d71ab7-a282-4dc4-9263-a9c73fd7c36b-139831609628544","study_id":0,"datetime_start":"2026-07-06T05:10:30.986522"}
{"op_code":5,"worker_id":"e4d71ab7-a282-4dc4-9263-a9c73fd7c36b-139831609628544","trial_id":23,"param_name":"model_type","param_value_internal":2,"distribution":"{\"name\": \"CategoricalDistribution\", \"attributes\": {\"choices\": [\"skglm_huber_l1\", \"skglm_mcp\", \"ridge\"]}}"}
{"op_code":5,"worker_id":"e4d71ab7-a282-4dc4-9263-a9c73fd7c36b-139831609628544","trial_id":23,"param_name":"k_weight","param_value_internal":0.2589669833328097,"distribution":"{\"name\": \"FloatDistribution\", \"attributes\": {\"step\": null, \"low\": 0.0, \"high\": 1.5, \"log\": false}}"}
{"op_code":5,"worker_id":"e4d71ab7-a282-4dc4-9263-a9c73fd7c36b-139831609628544","trial_id":23,"param_name":"ridge_alpha","param_value_internal":0.032876221999204265,"distribution":"{\"name\": \"FloatDistribution\", \"attributes\": {\"step\": null, \"low\": 0.001, \"high\": 100.0, \"log\": true}}"}
{"op_code":8,"worker_id":"e4d71ab7-a282-4dc4-9263-a9c73fd7c36b-139831609628544","trial_id":23,"user_attr":{"raw_metrics":[3.4206352485003135,0.3239216715695272,1.0,0.1637217402764548,0.553939393939394,0.6866479587163917,-0.12498034198814949,-0.5128946304321289]}}
{"op_code":8,"worker_id":"e4d71ab7-a282-4dc4-9263-a9c73fd7c36b-139831609628544","trial_id":23,"user_attr":{"val_metrics":[0.09364749184396554,0.035822839774207554,0.7454545454545455,0.38463861831774315]}}
{"op_code":8,"worker_id":"e4d71ab7-a282-4dc4-9263-a9c73fd7c36b-139831609628544","trial_id":23,"user_attr":{"params":{"model_type":"ridge","k_weight":0.2589669833328097,"ridge_alpha":0.032876221999204265}}}
{"op_code":8,"worker_id":"e4d71ab7-a282-4dc4-9263-a9c73fd7c36b-139831609628544","trial_id":23,"user_attr":{"reg_kappa":4.48435284659944}}
{"op_code":6,"worker_id":"e4d71ab7-a282-4dc4-9263-a9c73fd7c36b-139831609628544","trial_id":23,"state":1,"values":[0.1294703316181731],"datetime_complete":"2026-07-06T05:10:31.091096"}
{"op_code":4,"worker_id":"d003d582-c6f1-4ca1-9030-0c04e3ebb5fb-139831609628544","study_id":0,"datetime_start":"2026-07-06T05:10:31.122479"}
{"op_code":5,"worker_id":"d003d582-c6f1-4ca1-9030-0c04e3ebb5fb-139831609628544","trial_id":24,"param_name":"model_type","param_value_internal":2,"distribution":"{\"name\": \"CategoricalDistribution\", \"attributes\": {\"choices\": [\"skglm_huber_l1\", \"skglm_mcp\", \"ridge\"]}}"}
{"op_code":5,"worker_id":"d003d582-c6f1-4ca1-9030-0c04e3ebb5fb-139831609628544","trial_id":24,"param_name":"k_weight","param_value_internal":1.0186633131684473,"distribution":"{\"name\": \"FloatDistribution\", \"attributes\": {\"step\": null, \"low\": 0.0, \"high\": 1.5, \"log\": false}}"}
{"op_code":5,"worker_id":"d003d582-c6f1-4ca1-9030-0c04e3ebb5fb-139831609628544","trial_id":24,"param_name":"ridge_alpha","param_value_internal":0.009381024855932334,"distribution":"{\"name\": \"FloatDistribution\", \"attributes\": {\"step\": null, \"low\": 0.001, \"high\": 100.0, \"log\": true}}"}
{"op_code":8,"worker_id":"bebd04d1-2aeb-4a19-880f-0c073022b6e0-140517677348736","trial_id":3,"user_attr":{"raw_metrics":[2.8702881579351116,0.31245795128119924,1.0,0.1663386314109853,0.5781818181818181,0.7468065001014048,-0.15328186754819567,-0.5515706539154053]}}
{"op_code":8,"worker_id":"bebd04d1-2aeb-4a19-880f-0c073022b6e0-140517677348736","trial_id":3,"user_attr":{"val_metrics":[0.09277269980044899,0.005427702996092054,0.6848484848484848,0.127062792222326]}}
{"op_code":8,"worker_id":"bebd04d1-2aeb-4a19-880f-0c073022b6e0-140517677348736","trial_id":3,"user_attr":{"params":{"model_type":"skglm_huber_l1","k_weight":0.5407512543844286,"skglm_huber_l1_alpha":0.0014317428628134582,"skglm_huber_delta":3.2415727127816827}}}
{"op_code":8,"worker_id":"bebd04d1-2aeb-4a19-880f-0c073022b6e0-140517677348736","trial_id":3,"user_attr":{"reg_kappa":4.685443806930512}}
{"op_code":6,"worker_id":"bebd04d1-2aeb-4a19-880f-0c073022b6e0-140517677348736","trial_id":3,"state":1,"values":[0.09820040279654103],"datetime_complete":"2026-07-06T05:10:31.173887"}
{"op_code":8,"worker_id":"359bf4a1-8fe0-4545-9410-4175f910b0a4-140427596064640","trial_id":7,"user_attr":{"raw_metrics":[3.5182336938264136,0.3393235247510026,1.0,0.17114760370027238,0.616969696969697,0.6906875564495447,-0.24748353533608908,-0.7984693050384521]}}
{"op_code":8,"worker_id":"359bf4a1-8fe0-4545-9410-4175f910b0a4-140427596064640","trial_id":7,"user_attr":{"val_metrics":[0.09705131939378617,0.07110290924880591,0.5151515151515151,0.41955164813747003]}}
{"op_code":8,"worker_id":"359bf4a1-8fe0-4545-9410-4175f910b0a4-140427596064640","trial_id":7,"user_attr":{"params":{"model_type":"skglm_huber_l1","k_weight":0.9660295905297464,"skglm_huber_l1_alpha":0.0005073153375486977,"skglm_huber_delta":4.772020129925023}}}
{"op_code":8,"worker_id":"359bf4a1-8fe0-4545-9410-4175f910b0a4-140427596064640","trial_id":7,"user_attr":{"reg_kappa":5.164560846289637}}
{"op_code":6,"worker_id":"359bf4a1-8fe0-4545-9410-4175f910b0a4-140427596064640","trial_id":7,"state":1,"values":[0.16815422864259208],"datetime_complete":"2026-07-06T05:10:31.202301"}
{"op_code":4,"worker_id":"b017ace0-5222-4ac5-bddc-d46445843dad-140517677348736","study_id":0,"datetime_start":"2026-07-06T05:10:31.220180"}
{"op_code":8,"worker_id":"37e24661-573e-4fdc-8af6-f806c6fb55dd-140115050977152","trial_id":8,"user_attr":{"raw_metrics":[2.0076307176788917,0.2454416844906949,1.0,0.15119062685417248,0.5260606060606061,0.7258485871179026,-0.13778757020736257,-0.38066020607948303]}}
{"op_code":8,"worker_id":"d003d582-c6f1-4ca1-9030-0c04e3ebb5fb-139831609628544","trial_id":24,"user_attr":{"raw_metrics":[2.743065344678661,0.32407773072681606,1.0,0.16474052164232483,0.5660606060606062,0.6305815721534611,-0.2654566631951977,-1.0206035375595093]}}
{"op_code":8,"worker_id":"d003d582-c6f1-4ca1-9030-0c04e3ebb5fb-139831609628544","trial_id":24,"user_attr":{"val_metrics":[0.10369212840099763,0.15859748154580983,0.9151515151515152,0.37273767191916707]}}
{"op_code":8,"worker_id":"37e24661-573e-4fdc-8af6-f806c6fb55dd-140115050977152","trial_id":8,"user_attr":{"val_metrics":[0.10417426761045011,0.13590968302214504,0.6848484848484848,0.4946678613995512]}}
{"op_code":8,"worker_id":"37e24661-573e-4fdc-8af6-f806c6fb55dd-140115050977152","trial_id":8,"user_attr":{"params":{"model_type":"skglm_huber_l1","k_weight":0.5282623705379426,"skglm_huber_l1_alpha":0.032742233762100705,"skglm_huber_delta":2.910873849228841}}}
{"op_code":8,"worker_id":"d003d582-c6f1-4ca1-9030-0c04e3ebb5fb-139831609628544","trial_id":24,"user_attr":{"params":{"model_type":"ridge","k_weight":1.0186633131684473,"ridge_alpha":0.009381024855932334}}}
{"op_code":8,"worker_id":"d003d582-c6f1-4ca1-9030-0c04e3ebb5fb-139831609628544","trial_id":24,"user_attr":{"reg_kappa":5.238543177149494}}
{"op_code":6,"worker_id":"d003d582-c6f1-4ca1-9030-0c04e3ebb5fb-139831609628544","trial_id":24,"state":1,"values":[0.26228960994680744],"datetime_complete":"2026-07-06T05:10:31.263723"}
{"op_code":4,"worker_id":"fa902b5c-aac7-4c96-9370-f4194bc723bf-140427596064640","study_id":0,"datetime_start":"2026-07-06T05:10:31.258212"}
{"op_code":5,"worker_id":"b017ace0-5222-4ac5-bddc-d46445843dad-140517677348736","trial_id":25,"param_name":"model_type","param_value_internal":1,"distribution":"{\"name\": \"CategoricalDistribution\", \"attributes\": {\"choices\": [\"skglm_huber_l1\", \"skglm_mcp\", \"ridge\"]}}"}
{"op_code":5,"worker_id":"fa902b5c-aac7-4c96-9370-f4194bc723bf-140427596064640","trial_id":26,"param_name":"model_type","param_value_internal":1,"distribution":"{\"name\": \"CategoricalDistribution\", \"attributes\": {\"choices\": [\"skglm_huber_l1\", \"skglm_mcp\", \"ridge\"]}}"}
{"op_code":5,"worker_id":"b017ace0-5222-4ac5-bddc-d46445843dad-140517677348736","trial_id":25,"param_name":"k_weight","param_value_internal":1.4103392286047454,"distribution":"{\"name\": \"FloatDistribution\", \"attributes\": {\"step\": null, \"low\": 0.0, \"high\": 1.5, \"log\": false}}"}
{"op_code":5,"worker_id":"fa902b5c-aac7-4c96-9370-f4194bc723bf-140427596064640","trial_id":26,"param_name":"k_weight","param_value_internal":1.4938324430332384,"distribution":"{\"name\": \"FloatDistribution\", \"attributes\": {\"step\": null, \"low\": 0.0, \"high\": 1.5, \"log\": false}}"}
{"op_code":5,"worker_id":"b017ace0-5222-4ac5-bddc-d46445843dad-140517677348736","trial_id":25,"param_name":"skglm_mcp_alpha","param_value_internal":3.4969467508721165e-05,"distribution":"{\"name\": \"FloatDistribution\", \"attributes\": {\"step\": null, \"low\": 1e-05, \"high\": 10.0, \"log\": true}}"}
{"op_code":5,"worker_id":"fa902b5c-aac7-4c96-9370-f4194bc723bf-140427596064640","trial_id":26,"param_name":"skglm_mcp_alpha","param_value_internal":0.0006128798961384029,"distribution":"{\"name\": \"FloatDistribution\", \"attributes\": {\"step\": null, \"low\": 1e-05, \"high\": 10.0, \"log\": true}}"}
{"op_code":5,"worker_id":"fa902b5c-aac7-4c96-9370-f4194bc723bf-140427596064640","trial_id":26,"param_name":"skglm_mcp_gamma","param_value_internal":8.473710945479791,"distribution":"{\"name\": \"FloatDistribution\", \"attributes\": {\"step\": null, \"low\": 3.0, \"high\": 10.0, \"log\": false}}"}
{"op_code":5,"worker_id":"b017ace0-5222-4ac5-bddc-d46445843dad-140517677348736","trial_id":25,"param_name":"skglm_mcp_gamma","param_value_internal":7.944511207414908,"distribution":"{\"name\": \"FloatDistribution\", \"attributes\": {\"step\": null, \"low\": 3.0, \"high\": 10.0, \"log\": false}}"}
{"op_code":4,"worker_id":"19c317f0-b51e-43fb-bd56-7713c52f5df1-139831609628544","study_id":0,"datetime_start":"2026-07-06T05:10:31.296116"}
{"op_code":5,"worker_id":"b017ace0-5222-4ac5-bddc-d46445843dad-140517677348736","trial_id":25,"param_name":"skglm_mcp_delta","param_value_internal":3.2085774312711957,"distribution":"{\"name\": \"FloatDistribution\", \"attributes\": {\"step\": null, \"low\": 0.5, \"high\": 5.0, \"log\": false}}"}
{"op_code":5,"worker_id":"19c317f0-b51e-43fb-bd56-7713c52f5df1-139831609628544","trial_id":27,"param_name":"model_type","param_value_internal":1,"distribution":"{\"name\": \"CategoricalDistribution\", \"attributes\": {\"choices\": [\"skglm_huber_l1\", \"skglm_mcp\", \"ridge\"]}}"}
{"op_code":5,"worker_id":"19c317f0-b51e-43fb-bd56-7713c52f5df1-139831609628544","trial_id":27,"param_name":"k_weight","param_value_internal":1.3447048659175027,"distribution":"{\"name\": \"FloatDistribution\", \"attributes\": {\"step\": null, \"low\": 0.0, \"high\": 1.5, \"log\": false}}"}
{"op_code":5,"worker_id":"fa902b5c-aac7-4c96-9370-f4194bc723bf-140427596064640","trial_id":26,"param_name":"skglm_mcp_delta","param_value_internal":4.2080093336751645,"distribution":"{\"name\": \"FloatDistribution\", \"attributes\": {\"step\": null, \"low\": 0.5, \"high\": 5.0, \"log\": false}}"}
{"op_code":5,"worker_id":"19c317f0-b51e-43fb-bd56-7713c52f5df1-139831609628544","trial_id":27,"param_name":"skglm_mcp_alpha","param_value_internal":0.004941585841704947,"distribution":"{\"name\": \"FloatDistribution\", \"attributes\": {\"step\": null, \"low\": 1e-05, \"high\": 10.0, \"log\": true}}"}
{"op_code":5,"worker_id":"19c317f0-b51e-43fb-bd56-7713c52f5df1-139831609628544","trial_id":27,"param_name":"skglm_mcp_gamma","param_value_internal":7.876421203560971,"distribution":"{\"name\": \"FloatDistribution\", \"attributes\": {\"step\": null, \"low\": 3.0, \"high\": 10.0, \"log\": false}}"}
{"op_code":8,"worker_id":"37e24661-573e-4fdc-8af6-f806c6fb55dd-140115050977152","trial_id":8,"user_attr":{"reg_kappa":4.641280045244815}}
{"op_code":5,"worker_id":"19c317f0-b51e-43fb-bd56-7713c52f5df1-139831609628544","trial_id":27,"param_name":"skglm_mcp_delta","param_value_internal":3.409706734325692,"distribution":"{\"name\": \"FloatDistribution\", \"attributes\": {\"step\": null, \"low\": 0.5, \"high\": 5.0, \"log\": false}}"}
{"op_code":6,"worker_id":"37e24661-573e-4fdc-8af6-f806c6fb55dd-140115050977152","trial_id":8,"state":1,"values":[0.24008395063259513],"datetime_complete":"2026-07-06T05:10:31.328952"}
{"op_code":4,"worker_id":"61663180-8e6f-4d23-9322-3d905c08ab71-140115050977152","study_id":0,"datetime_start":"2026-07-06T05:10:31.361013"}
{"op_code":5,"worker_id":"61663180-8e6f-4d23-9322-3d905c08ab71-140115050977152","trial_id":28,"param_name":"model_type","param_value_internal":1,"distribution":"{\"name\": \"CategoricalDistribution\", \"attributes\": {\"choices\": [\"skglm_huber_l1\", \"skglm_mcp\", \"ridge\"]}}"}
{"op_code":5,"worker_id":"61663180-8e6f-4d23-9322-3d905c08ab71-140115050977152","trial_id":28,"param_name":"k_weight","param_value_internal":1.4812081586560601,"distribution":"{\"name\": \"FloatDistribution\", \"attributes\": {\"step\": null, \"low\": 0.0, \"high\": 1.5, \"log\": false}}"}
{"op_code":5,"worker_id":"61663180-8e6f-4d23-9322-3d905c08ab71-140115050977152","trial_id":28,"param_name":"skglm_mcp_alpha","param_value_internal":0.029688818048669928,"distribution":"{\"name\": \"FloatDistribution\", \"attributes\": {\"step\": null, \"low\": 1e-05, \"high\": 10.0, \"log\": true}}"}
{"op_code":5,"worker_id":"61663180-8e6f-4d23-9322-3d905c08ab71-140115050977152","trial_id":28,"param_name":"skglm_mcp_gamma","param_value_internal":5.647709220739535,"distribution":"{\"name\": \"FloatDistribution\", \"attributes\": {\"step\": null, \"low\": 3.0, \"high\": 10.0, \"log\": false}}"}
{"op_code":5,"worker_id":"61663180-8e6f-4d23-9322-3d905c08ab71-140115050977152","trial_id":28,"param_name":"skglm_mcp_delta","param_value_internal":4.968337757301844,"distribution":"{\"name\": \"FloatDistribution\", \"attributes\": {\"step\": null, \"low\": 0.5, \"high\": 5.0, \"log\": false}}"}
{"op_code":8,"worker_id":"fe9787ce-1431-4eb2-86bc-5745c2df79ae-140624109488000","trial_id":17,"user_attr":{"raw_metrics":[1.5286748132288928,0.21919018954592687,0.9,0.1383009570418231,0.5393939393939393,0.6366910008847804,-0.09693118162486584,-0.1902419924736023]}}
{"op_code":8,"worker_id":"fe9787ce-1431-4eb2-86bc-5745c2df79ae-140624109488000","trial_id":17,"user_attr":{"val_metrics":[0.09475394487797356,0.1178897090751194,0.5636363636363636,0.4657193627084295]}}
{"op_code":8,"worker_id":"fe9787ce-1431-4eb2-86bc-5745c2df79ae-140624109488000","trial_id":17,"user_attr":{"params":{"model_type":"skglm_huber_l1","k_weight":0.1262354112921873,"skglm_huber_l1_alpha":0.02763389503488736,"skglm_huber_delta":1.7687289508831074}}}
{"op_code":8,"worker_id":"fe9787ce-1431-4eb2-86bc-5745c2df79ae-140624109488000","trial_id":17,"user_attr":{"reg_kappa":4.39522691246006}}
{"op_code":8,"worker_id":"fde77659-0f8e-4852-bb5f-000563ae6e28-139630664304512","trial_id":13,"user_attr":{"raw_metrics":[3.1159662582098546,0.3197763347402717,1.0,0.16384661827680774,0.5393939393939393,0.7661251728822747,-0.1274419286566378,-0.48069819808006287]}}
{"op_code":6,"worker_id":"fe9787ce-1431-4eb2-86bc-5745c2df79ae-140624109488000","trial_id":17,"state":1,"values":[0.21264365395309298],"datetime_complete":"2026-07-06T05:10:31.534292"}
{"op_code":8,"worker_id":"fde77659-0f8e-4852-bb5f-000563ae6e28-139630664304512","trial_id":13,"user_attr":{"val_metrics":[0.09195645024550428,0.004342162396873643,0.7212121212121212,0.3261651848629117]}}
{"op_code":8,"worker_id":"fde77659-0f8e-4852-bb5f-000563ae6e28-139630664304512","trial_id":13,"user_attr":{"params":{"model_type":"skglm_huber_l1","k_weight":0.2945856258217868,"skglm_huber_l1_alpha":0.0013386862043437055,"skglm_huber_delta":4.160146789319272}}}
{"op_code":8,"worker_id":"58d4fb5c-7192-4543-93c8-f454b5fa6740-140339762579328","trial_id":4,"user_attr":{"raw_metrics":[3.29145893415491,0.3350315856531908,1.0,0.17256290085200157,0.5575757575757576,0.6860306730033344,-0.31288961317040087,-0.8807429671287537]}}
{"op_code":8,"worker_id":"58d4fb5c-7192-4543-93c8-f454b5fa6740-140339762579328","trial_id":4,"user_attr":{"val_metrics":[0.09835807137083646,0.0864090316977855,0.7090909090909091,0.4683716073011358]}}
{"op_code":8,"worker_id":"58d4fb5c-7192-4543-93c8-f454b5fa6740-140339762579328","trial_id":4,"user_attr":{"params":{"model_type":"skglm_huber_l1","k_weight":1.1371137969747265,"skglm_huber_l1_alpha":0.0007558952456840039,"skglm_huber_delta":4.7175681086977885}}}
{"op_code":8,"worker_id":"58d4fb5c-7192-4543-93c8-f454b5fa6740-140339762579328","trial_id":4,"user_attr":{"reg_kappa":5.416696202880201}}
{"op_code":6,"worker_id":"58d4fb5c-7192-4543-93c8-f454b5fa6740-140339762579328","trial_id":4,"state":1,"values":[0.18476710306862196],"datetime_complete":"2026-07-06T05:10:31.581101"}
{"op_code":4,"worker_id":"885e1cc3-e715-4ffe-a471-d16b54cc86e0-140624109488000","study_id":0,"datetime_start":"2026-07-06T05:10:31.594594"}
{"op_code":5,"worker_id":"885e1cc3-e715-4ffe-a471-d16b54cc86e0-140624109488000","trial_id":29,"param_name":"model_type","param_value_internal":1,"distribution":"{\"name\": \"CategoricalDistribution\", \"attributes\": {\"choices\": [\"skglm_huber_l1\", \"skglm_mcp\", \"ridge\"]}}"}
{"op_code":5,"worker_id":"885e1cc3-e715-4ffe-a471-d16b54cc86e0-140624109488000","trial_id":29,"param_name":"k_weight","param_value_internal":1.4878777144662056,"distribution":"{\"name\": \"FloatDistribution\", \"attributes\": {\"step\": null, \"low\": 0.0, \"high\": 1.5, \"log\": false}}"}
{"op_code":4,"worker_id":"b263526b-b475-4f11-af58-4e518c416926-140339762579328","study_id":0,"datetime_start":"2026-07-06T05:10:31.620360"}
{"op_code":5,"worker_id":"885e1cc3-e715-4ffe-a471-d16b54cc86e0-140624109488000","trial_id":29,"param_name":"skglm_mcp_alpha","param_value_internal":0.00037549193113244257,"distribution":"{\"name\": \"FloatDistribution\", \"attributes\": {\"step\": null, \"low\": 1e-05, \"high\": 10.0, \"log\": true}}"}
{"op_code":5,"worker_id":"b263526b-b475-4f11-af58-4e518c416926-140339762579328","trial_id":30,"param_name":"model_type","param_value_internal":1,"distribution":"{\"name\": \"CategoricalDistribution\", \"attributes\": {\"choices\": [\"skglm_huber_l1\", \"skglm_mcp\", \"ridge\"]}}"}
{"op_code":5,"worker_id":"b263526b-b475-4f11-af58-4e518c416926-140339762579328","trial_id":30,"param_name":"k_weight","param_value_internal":1.3499280937069695,"distribution":"{\"name\": \"FloatDistribution\", \"attributes\": {\"step\": null, \"low\": 0.0, \"high\": 1.5, \"log\": false}}"}
{"op_code":5,"worker_id":"885e1cc3-e715-4ffe-a471-d16b54cc86e0-140624109488000","trial_id":29,"param_name":"skglm_mcp_gamma","param_value_internal":9.438331363599552,"distribution":"{\"name\": \"FloatDistribution\", \"attributes\": {\"step\": null, \"low\": 3.0, \"high\": 10.0, \"log\": false}}"}
{"op_code":5,"worker_id":"b263526b-b475-4f11-af58-4e518c416926-140339762579328","trial_id":30,"param_name":"skglm_mcp_alpha","param_value_internal":0.05238287976504249,"distribution":"{\"name\": \"FloatDistribution\", \"attributes\": {\"step\": null, \"low\": 1e-05, \"high\": 10.0, \"log\": true}}"}
{"op_code":5,"worker_id":"885e1cc3-e715-4ffe-a471-d16b54cc86e0-140624109488000","trial_id":29,"param_name":"skglm_mcp_delta","param_value_internal":4.712655645397971,"distribution":"{\"name\": \"FloatDistribution\", \"attributes\": {\"step\": null, \"low\": 0.5, \"high\": 5.0, \"log\": false}}"}
{"op_code":5,"worker_id":"b263526b-b475-4f11-af58-4e518c416926-140339762579328","trial_id":30,"param_name":"skglm_mcp_gamma","param_value_internal":9.566526524364248,"distribution":"{\"name\": \"FloatDistribution\", \"attributes\": {\"step\": null, \"low\": 3.0, \"high\": 10.0, \"log\": false}}"}
{"op_code":5,"worker_id":"b263526b-b475-4f11-af58-4e518c416926-140339762579328","trial_id":30,"param_name":"skglm_mcp_delta","param_value_internal":1.4782914861594103,"distribution":"{\"name\": \"FloatDistribution\", \"attributes\": {\"step\": null, \"low\": 0.5, \"high\": 5.0, \"log\": false}}"}
{"op_code":8,"worker_id":"fde77659-0f8e-4852-bb5f-000563ae6e28-139630664304512","trial_id":13,"user_attr":{"reg_kappa":4.50264580084709}}
{"op_code":6,"worker_id":"fde77659-0f8e-4852-bb5f-000563ae6e28-139630664304512","trial_id":13,"state":1,"values":[0.09629861264237792],"datetime_complete":"2026-07-06T05:10:31.686489"}
{"op_code":8,"worker_id":"2fafbbed-7e62-4a30-894b-4f333fdcf0ec-140440536655744","trial_id":14,"user_attr":{"raw_metrics":[3.522362549363716,0.3225464823288848,1.0,0.17131463784296472,0.6145454545454545,0.7771028813565126,-0.2354436443181274,-0.7220551371574402]}}
{"op_code":8,"worker_id":"2fafbbed-7e62-4a30-894b-4f333fdcf0ec-140440536655744","trial_id":14,"user_attr":{"val_metrics":[0.0901884670906343,0.00900998697351281,0.6121212121212121,0.23525691438466312]}}
{"op_code":8,"worker_id":"2fafbbed-7e62-4a30-894b-4f333fdcf0ec-140440536655744","trial_id":14,"user_attr":{"params":{"model_type":"skglm_huber_l1","k_weight":0.9276326540244153,"skglm_huber_l1_alpha":3.887825751317087e-05,"skglm_huber_delta":3.290590894445865}}}
{"op_code":8,"worker_id":"2fafbbed-7e62-4a30-894b-4f333fdcf0ec-140440536655744","trial_id":14,"user_attr":{"reg_kappa":5.113499120648928}}
{"op_code":6,"worker_id":"2fafbbed-7e62-4a30-894b-4f333fdcf0ec-140440536655744","trial_id":14,"state":1,"values":[0.09919845406414711],"datetime_complete":"2026-07-06T05:10:31.705756"}
{"op_code":4,"worker_id":"27d9519b-27da-4021-b720-58cd061d8765-139630664304512","study_id":0,"datetime_start":"2026-07-06T05:10:31.765042"}
{"op_code":5,"worker_id":"27d9519b-27da-4021-b720-58cd061d8765-139630664304512","trial_id":31,"param_name":"model_type","param_value_internal":1,"distribution":"{\"name\": \"CategoricalDistribution\", \"attributes\": {\"choices\": [\"skglm_huber_l1\", \"skglm_mcp\", \"ridge\"]}}"}
{"op_code":5,"worker_id":"27d9519b-27da-4021-b720-58cd061d8765-139630664304512","trial_id":31,"param_name":"k_weight","param_value_internal":1.4928704229878278,"distribution":"{\"name\": \"FloatDistribution\", \"attributes\": {\"step\": null, \"low\": 0.0, \"high\": 1.5, \"log\": false}}"}
{"op_code":5,"worker_id":"27d9519b-27da-4021-b720-58cd061d8765-139630664304512","trial_id":31,"param_name":"skglm_mcp_alpha","param_value_internal":0.0002857014183124268,"distribution":"{\"name\": \"FloatDistribution\", \"attributes\": {\"step\": null, \"low\": 1e-05, \"high\": 10.0, \"log\": true}}"}
{"op_code":5,"worker_id":"27d9519b-27da-4021-b720-58cd061d8765-139630664304512","trial_id":31,"param_name":"skglm_mcp_gamma","param_value_internal":3.5088476972182594,"distribution":"{\"name\": \"FloatDistribution\", \"attributes\": {\"step\": null, \"low\": 3.0, \"high\": 10.0, \"log\": false}}"}
{"op_code":5,"worker_id":"27d9519b-27da-4021-b720-58cd061d8765-139630664304512","trial_id":31,"param_name":"skglm_mcp_delta","param_value_internal":3.1082333091240617,"distribution":"{\"name\": \"FloatDistribution\", \"attributes\": {\"step\": null, \"low\": 0.5, \"high\": 5.0, \"log\": false}}"}
{"op_code":4,"worker_id":"e60b5fe9-e4e3-4275-98a4-72edccada651-140440536655744","study_id":0,"datetime_start":"2026-07-06T05:10:31.819546"}
{"op_code":5,"worker_id":"e60b5fe9-e4e3-4275-98a4-72edccada651-140440536655744","trial_id":32,"param_name":"model_type","param_value_internal":1,"distribution":"{\"name\": \"CategoricalDistribution\", \"attributes\": {\"choices\": [\"skglm_huber_l1\", \"skglm_mcp\", \"ridge\"]}}"}
{"op_code":5,"worker_id":"e60b5fe9-e4e3-4275-98a4-72edccada651-140440536655744","trial_id":32,"param_name":"k_weight","param_value_internal":1.4276029910769834,"distribution":"{\"name\": \"FloatDistribution\", \"attributes\": {\"step\": null, \"low\": 0.0, \"high\": 1.5, \"log\": false}}"}
{"op_code":8,"worker_id":"cd2576da-390d-4903-a042-a48db29cd4a0-140241547245440","trial_id":9,"user_attr":{"raw_metrics":[3.4647084469482796,0.325433382519135,1.0,0.17072953406999064,0.5599999999999999,0.7075555154899759,-0.16122193491250417,-0.6310205459594727]}}
{"op_code":5,"worker_id":"e60b5fe9-e4e3-4275-98a4-72edccada651-140440536655744","trial_id":32,"param_name":"skglm_mcp_alpha","param_value_internal":7.119705300501264e-05,"distribution":"{\"name\": \"FloatDistribution\", \"attributes\": {\"step\": null, \"low\": 1e-05, \"high\": 10.0, \"log\": true}}"}
{"op_code":8,"worker_id":"cd2576da-390d-4903-a042-a48db29cd4a0-140241547245440","trial_id":9,"user_attr":{"val_metrics":[0.09423500753284735,0.026595744680851064,0.6242424242424243,0.36638543991992867]}}
{"op_code":5,"worker_id":"e60b5fe9-e4e3-4275-98a4-72edccada651-140440536655744","trial_id":32,"param_name":"skglm_mcp_gamma","param_value_internal":7.549201753885065,"distribution":"{\"name\": \"FloatDistribution\", \"attributes\": {\"step\": null, \"low\": 3.0, \"high\": 10.0, \"log\": false}}"}
{"op_code":8,"worker_id":"cd2576da-390d-4903-a042-a48db29cd4a0-140241547245440","trial_id":9,"user_attr":{"params":{"model_type":"skglm_huber_l1","k_weight":0.5944948645841654,"skglm_huber_l1_alpha":0.0018360757138767075,"skglm_huber_delta":4.984584035695922}}}
{"op_code":8,"worker_id":"cd2576da-390d-4903-a042-a48db29cd4a0-140241547245440","trial_id":9,"user_attr":{"reg_kappa":4.734573236670923}}
{"op_code":5,"worker_id":"e60b5fe9-e4e3-4275-98a4-72edccada651-140440536655744","trial_id":32,"param_name":"skglm_mcp_delta","param_value_internal":4.688536535081078,"distribution":"{\"name\": \"FloatDistribution\", \"attributes\": {\"step\": null, \"low\": 0.5, \"high\": 5.0, \"log\": false}}"}
{"op_code":6,"worker_id":"cd2576da-390d-4903-a042-a48db29cd4a0-140241547245440","trial_id":9,"state":1,"values":[0.1208307522136984],"datetime_complete":"2026-07-06T05:10:31.866717"}
{"op_code":4,"worker_id":"fc9e5f48-0439-4d4c-a3fb-afe04be19251-140241547245440","study_id":0,"datetime_start":"2026-07-06T05:10:31.896411"}
{"op_code":5,"worker_id":"fc9e5f48-0439-4d4c-a3fb-afe04be19251-140241547245440","trial_id":33,"param_name":"model_type","param_value_internal":1,"distribution":"{\"name\": \"CategoricalDistribution\", \"attributes\": {\"choices\": [\"skglm_huber_l1\", \"skglm_mcp\", \"ridge\"]}}"}
{"op_code":5,"worker_id":"fc9e5f48-0439-4d4c-a3fb-afe04be19251-140241547245440","trial_id":33,"param_name":"k_weight","param_value_internal":1.4395230725265122,"distribution":"{\"name\": \"FloatDistribution\", \"attributes\": {\"step\": null, \"low\": 0.0, \"high\": 1.5, \"log\": false}}"}
{"op_code":5,"worker_id":"fc9e5f48-0439-4d4c-a3fb-afe04be19251-140241547245440","trial_id":33,"param_name":"skglm_mcp_alpha","param_value_internal":2.085526840815188e-05,"distribution":"{\"name\": \"FloatDistribution\", \"attributes\": {\"step\": null, \"low\": 1e-05, \"high\": 10.0, \"log\": true}}"}
{"op_code":5,"worker_id":"fc9e5f48-0439-4d4c-a3fb-afe04be19251-140241547245440","trial_id":33,"param_name":"skglm_mcp_gamma","param_value_internal":4.594652571551058,"distribution":"{\"name\": \"FloatDistribution\", \"attributes\": {\"step\": null, \"low\": 3.0, \"high\": 10.0, \"log\": false}}"}
{"op_code":5,"worker_id":"fc9e5f48-0439-4d4c-a3fb-afe04be19251-140241547245440","trial_id":33,"param_name":"skglm_mcp_delta","param_value_internal":4.858928184315843,"distribution":"{\"name\": \"FloatDistribution\", \"attributes\": {\"step\": null, \"low\": 0.5, \"high\": 5.0, \"log\": false}}"}
{"op_code":8,"worker_id":"a5a0bff7-300a-4cba-b306-953cfefd8fc1-140010771785600","trial_id":12,"user_attr":{"raw_metrics":[3.3608574629543737,0.3266368693648687,1.0,0.17108250605463393,0.6206060606060606,0.70793863014458,-0.19594925423440107,-0.7163853049278259]}}
{"op_code":8,"worker_id":"a5a0bff7-300a-4cba-b306-953cfefd8fc1-140010771785600","trial_id":12,"user_attr":{"val_metrics":[0.09750167839515678,0.03810247503256622,0.7454545454545455,0.3910976249848803]}}
{"op_code":8,"worker_id":"a5a0bff7-300a-4cba-b306-953cfefd8fc1-140010771785600","trial_id":12,"user_attr":{"params":{"model_type":"skglm_huber_l1","k_weight":0.7774240922512143,"skglm_huber_l1_alpha":1.1262445750276396e-05,"skglm_huber_delta":4.860212930237688}}}
{"op_code":8,"worker_id":"a5a0bff7-300a-4cba-b306-953cfefd8fc1-140010771785600","trial_id":12,"user_attr":{"reg_kappa":4.928474682292497}}
{"op_code":6,"worker_id":"a5a0bff7-300a-4cba-b306-953cfefd8fc1-140010771785600","trial_id":12,"state":1,"values":[0.135604153427723],"datetime_complete":"2026-07-06T05:10:31.971826"}
{"op_code":4,"worker_id":"2042e36e-9886-4aa1-92d3-aad7296bdcae-140010771785600","study_id":0,"datetime_start":"2026-07-06T05:10:32.006444"}
{"op_code":5,"worker_id":"2042e36e-9886-4aa1-92d3-aad7296bdcae-140010771785600","trial_id":34,"param_name":"model_type","param_value_internal":1,"distribution":"{\"name\": \"CategoricalDistribution\", \"attributes\": {\"choices\": [\"skglm_huber_l1\", \"skglm_mcp\", \"ridge\"]}}"}
{"op_code":5,"worker_id":"2042e36e-9886-4aa1-92d3-aad7296bdcae-140010771785600","trial_id":34,"param_name":"k_weight","param_value_internal":1.424075041493836,"distribution":"{\"name\": \"FloatDistribution\", \"attributes\": {\"step\": null, \"low\": 0.0, \"high\": 1.5, \"log\": false}}"}
{"op_code":5,"worker_id":"2042e36e-9886-4aa1-92d3-aad7296bdcae-140010771785600","trial_id":34,"param_name":"skglm_mcp_alpha","param_value_internal":5.726206355724765e-05,"distribution":"{\"name\": \"FloatDistribution\", \"attributes\": {\"step\": null, \"low\": 1e-05, \"high\": 10.0, \"log\": true}}"}
{"op_code":5,"worker_id":"2042e36e-9886-4aa1-92d3-aad7296bdcae-140010771785600","trial_id":34,"param_name":"skglm_mcp_gamma","param_value_internal":3.1930934295470106,"distribution":"{\"name\": \"FloatDistribution\", \"attributes\": {\"step\": null, \"low\": 3.0, \"high\": 10.0, \"log\": false}}"}
{"op_code":5,"worker_id":"2042e36e-9886-4aa1-92d3-aad7296bdcae-140010771785600","trial_id":34,"param_name":"skglm_mcp_delta","param_value_internal":1.7267449479550752,"distribution":"{\"name\": \"FloatDistribution\", \"attributes\": {\"step\": null, \"low\": 0.5, \"high\": 5.0, \"log\": false}}"}
{"op_code":8,"worker_id":"3c07a73f-ad9f-4c97-9354-c0d277cb27d2-140101227956096","trial_id":21,"user_attr":{"raw_metrics":[2.881426721982857,0.31319536428582584,1.0,0.1678731920246202,0.5696969696969696,0.7743058163588362,-0.19848912352742284,-0.6452513337135315]}}
{"op_code":8,"worker_id":"3c07a73f-ad9f-4c97-9354-c0d277cb27d2-140101227956096","trial_id":21,"user_attr":{"val_metrics":[0.09228512450277197,0.010746851932262267,0.696969696969697,0.14408199850780268]}}
{"op_code":8,"worker_id":"3c07a73f-ad9f-4c97-9354-c0d277cb27d2-140101227956096","trial_id":21,"user_attr":{"params":{"model_type":"skglm_huber_l1","k_weight":0.7885088416392791,"skglm_huber_l1_alpha":8.283835972332813e-05,"skglm_huber_delta":2.7500457244736927}}}
{"op_code":8,"worker_id":"3c07a73f-ad9f-4c97-9354-c0d277cb27d2-140101227956096","trial_id":21,"user_attr":{"reg_kappa":4.941196915776346}}
{"op_code":6,"worker_id":"3c07a73f-ad9f-4c97-9354-c0d277cb27d2-140101227956096","trial_id":21,"state":1,"values":[0.10303197643503424],"datetime_complete":"2026-07-06T05:10:32.366527"}
{"op_code":4,"worker_id":"7b43fadc-5b08-46f8-ac2f-604fd7858615-140101227956096","study_id":0,"datetime_start":"2026-07-06T05:10:32.424008"}
{"op_code":5,"worker_id":"7b43fadc-5b08-46f8-ac2f-604fd7858615-140101227956096","trial_id":35,"param_name":"model_type","param_value_internal":1,"distribution":"{\"name\": \"CategoricalDistribution\", \"attributes\": {\"choices\": [\"skglm_huber_l1\", \"skglm_mcp\", \"ridge\"]}}"}
{"op_code":5,"worker_id":"7b43fadc-5b08-46f8-ac2f-604fd7858615-140101227956096","trial_id":35,"param_name":"k_weight","param_value_internal":1.46550260040856,"distribution":"{\"name\": \"FloatDistribution\", \"attributes\": {\"step\": null, \"low\": 0.0, \"high\": 1.5, \"log\": false}}"}
{"op_code":5,"worker_id":"7b43fadc-5b08-46f8-ac2f-604fd7858615-140101227956096","trial_id":35,"param_name":"skglm_mcp_alpha","param_value_internal":3.366627702179273,"distribution":"{\"name\": \"FloatDistribution\", \"attributes\": {\"step\": null, \"low\": 1e-05, \"high\": 10.0, \"log\": true}}"}
{"op_code":5,"worker_id":"7b43fadc-5b08-46f8-ac2f-604fd7858615-140101227956096","trial_id":35,"param_name":"skglm_mcp_gamma","param_value_internal":9.96021580206154,"distribution":"{\"name\": \"FloatDistribution\", \"attributes\": {\"step\": null, \"low\": 3.0, \"high\": 10.0, \"log\": false}}"}
{"op_code":5,"worker_id":"7b43fadc-5b08-46f8-ac2f-604fd7858615-140101227956096","trial_id":35,"param_name":"skglm_mcp_delta","param_value_internal":3.682658321747561,"distribution":"{\"name\": \"FloatDistribution\", \"attributes\": {\"step\": null, \"low\": 0.5, \"high\": 5.0, \"log\": false}}"}
{"op_code":8,"worker_id":"c781c21c-1059-4905-81d3-b2b05c7bad8e-140520396035968","trial_id":6,"user_attr":{"raw_metrics":[-0.03103891465822434,-0.005204946390739351,0.3,0.008152104616788499,0.09757575757575757,0.028135106312171365,-0.0,-0.0]}}
{"op_code":8,"worker_id":"c781c21c-1059-4905-81d3-b2b05c7bad8e-140520396035968","trial_id":6,"user_attr":{"val_metrics":[0.0,0.0,-0.04242424242424243,-0.09425442274659872]}}
{"op_code":8,"worker_id":"c781c21c-1059-4905-81d3-b2b05c7bad8e-140520396035968","trial_id":6,"user_attr":{"params":{"model_type":"skglm_mcp","k_weight":0.44846456618843683,"skglm_mcp_alpha":0.565204438847309,"skglm_mcp_gamma":5.271294182347601,"skglm_mcp_delta":4.391196740106162}}}
{"op_code":8,"worker_id":"c781c21c-1059-4905-81d3-b2b05c7bad8e-140520396035968","trial_id":6,"user_attr":{"reg_kappa":4.095536982739663}}
{"op_code":6,"worker_id":"c781c21c-1059-4905-81d3-b2b05c7bad8e-140520396035968","trial_id":6,"state":1,"values":[0.0],"datetime_complete":"2026-07-06T05:10:34.346628"}
{"op_code":4,"worker_id":"c013cf5d-34f8-4eba-adf7-0a88097043bd-140520396035968","study_id":0,"datetime_start":"2026-07-06T05:10:34.377947"}
{"op_code":5,"worker_id":"c013cf5d-34f8-4eba-adf7-0a88097043bd-140520396035968","trial_id":36,"param_name":"model_type","param_value_internal":1,"distribution":"{\"name\": \"CategoricalDistribution\", \"attributes\": {\"choices\": [\"skglm_huber_l1\", \"skglm_mcp\", \"ridge\"]}}"}
{"op_code":5,"worker_id":"c013cf5d-34f8-4eba-adf7-0a88097043bd-140520396035968","trial_id":36,"param_name":"k_weight","param_value_internal":1.4800475458229214,"distribution":"{\"name\": \"FloatDistribution\", \"attributes\": {\"step\": null, \"low\": 0.0, \"high\": 1.5, \"log\": false}}"}
{"op_code":5,"worker_id":"c013cf5d-34f8-4eba-adf7-0a88097043bd-140520396035968","trial_id":36,"param_name":"skglm_mcp_alpha","param_value_internal":1.2493238609548178e-05,"distribution":"{\"name\": \"FloatDistribution\", \"attributes\": {\"step\": null, \"low\": 1e-05, \"high\": 10.0, \"log\": true}}"}
{"op_code":5,"worker_id":"c013cf5d-34f8-4eba-adf7-0a88097043bd-140520396035968","trial_id":36,"param_name":"skglm_mcp_gamma","param_value_internal":9.721502457995381,"distribution":"{\"name\": \"FloatDistribution\", \"attributes\": {\"step\": null, \"low\": 3.0, \"high\": 10.0, \"log\": false}}"}
{"op_code":5,"worker_id":"c013cf5d-34f8-4eba-adf7-0a88097043bd-140520396035968","trial_id":36,"param_name":"skglm_mcp_delta","param_value_internal":0.9479686388522359,"distribution":"{\"name\": \"FloatDistribution\", \"attributes\": {\"step\": null, \"low\": 0.5, \"high\": 5.0, \"log\": false}}"}
{"op_code":8,"worker_id":"eec074dc-cb32-4a0c-a0f8-37de5a9dc797-140192341227392","trial_id":0,"user_attr":{"raw_metrics":[2.743091914536771,0.3191253709372581,1.0,0.15570403593854829,0.5866666666666667,0.7843717741964836,-0.22672622993922484,-0.5829342603683472]}}
{"op_code":8,"worker_id":"eec074dc-cb32-4a0c-a0f8-37de5a9dc797-140192341227392","trial_id":0,"user_attr":{"val_metrics":[0.07882537005883752,-0.007490230134607034,0.5393939393939394,0.25614577977607644]}}
{"op_code":8,"worker_id":"eec074dc-cb32-4a0c-a0f8-37de5a9dc797-140192341227392","trial_id":0,"user_attr":{"params":{"model_type":"skglm_mcp","k_weight":0.8979877262955549,"skglm_mcp_alpha":8.632008168602535e-05,"skglm_mcp_gamma":4.091961642353418,"skglm_mcp_delta":0.7613762547568976}}}
{"op_code":8,"worker_id":"eec074dc-cb32-4a0c-a0f8-37de5a9dc797-140192341227392","trial_id":0,"user_attr":{"reg_kappa":5.074889902970683}}
{"op_code":6,"worker_id":"eec074dc-cb32-4a0c-a0f8-37de5a9dc797-140192341227392","trial_id":0,"state":1,"values":[0.07133513992423049],"datetime_complete":"2026-07-06T05:10:36.482326"}
{"op_code":8,"worker_id":"1669dbf3-18fe-478b-b022-cdc9744a9c1b-140250543466368","trial_id":5,"user_attr":{"raw_metrics":[0.8636714771828466,0.13612863896356586,0.7,0.08939012702521071,0.36969696969696975,0.3143778587216581,-0.006882854980762398,-0.039803896099328995]}}
{"op_code":8,"worker_id":"1669dbf3-18fe-478b-b022-cdc9744a9c1b-140250543466368","trial_id":5,"user_attr":{"val_metrics":[0.12460016003380248,0.2840859748154581,0.8787878787878788,0.41499565351754425]}}
{"op_code":8,"worker_id":"1669dbf3-18fe-478b-b022-cdc9744a9c1b-140250543466368","trial_id":5,"user_attr":{"params":{"model_type":"skglm_mcp","k_weight":0.5272017088390522,"skglm_mcp_alpha":0.1760478921481791,"skglm_mcp_gamma":8.597232211620376,"skglm_mcp_delta":3.4050283452873162}}}
{"op_code":8,"worker_id":"1669dbf3-18fe-478b-b022-cdc9744a9c1b-140250543466368","trial_id":5,"user_attr":{"reg_kappa":4.4977740811900375}}
{"op_code":6,"worker_id":"1669dbf3-18fe-478b-b022-cdc9744a9c1b-140250543466368","trial_id":5,"state":1,"values":[0.4086861348492606],"datetime_complete":"2026-07-06T05:10:36.506905"}
{"op_code":4,"worker_id":"fe5de570-2f89-4aff-9a2e-377743736e2a-140192341227392","study_id":0,"datetime_start":"2026-07-06T05:10:36.515284"}
{"op_code":5,"worker_id":"fe5de570-2f89-4aff-9a2e-377743736e2a-140192341227392","trial_id":37,"param_name":"model_type","param_value_internal":1,"distribution":"{\"name\": \"CategoricalDistribution\", \"attributes\": {\"choices\": [\"skglm_huber_l1\", \"skglm_mcp\", \"ridge\"]}}"}
{"op_code":5,"worker_id":"fe5de570-2f89-4aff-9a2e-377743736e2a-140192341227392","trial_id":37,"param_name":"k_weight","param_value_internal":1.4393928524435522,"distribution":"{\"name\": \"FloatDistribution\", \"attributes\": {\"step\": null, \"low\": 0.0, \"high\": 1.5, \"log\": false}}"}
{"op_code":5,"worker_id":"fe5de570-2f89-4aff-9a2e-377743736e2a-140192341227392","trial_id":37,"param_name":"skglm_mcp_alpha","param_value_internal":8.394312455174463,"distribution":"{\"name\": \"FloatDistribution\", \"attributes\": {\"step\": null, \"low\": 1e-05, \"high\": 10.0, \"log\": true}}"}
{"op_code":8,"worker_id":"ade51f7a-c4a1-4bc8-a307-a43266d44a9e-140460735166336","trial_id":1,"user_attr":{"raw_metrics":[3.008297448709025,0.31736967780687964,1.0,0.164865508512452,0.5757575757575758,0.7734939429460048,-0.1328433955616329,-0.4960170388221741]}}
{"op_code":5,"worker_id":"fe5de570-2f89-4aff-9a2e-377743736e2a-140192341227392","trial_id":37,"param_name":"skglm_mcp_gamma","param_value_internal":9.656899609076877,"distribution":"{\"name\": \"FloatDistribution\", \"attributes\": {\"step\": null, \"low\": 3.0, \"high\": 10.0, \"log\": false}}"}
{"op_code":5,"worker_id":"fe5de570-2f89-4aff-9a2e-377743736e2a-140192341227392","trial_id":37,"param_name":"skglm_mcp_delta","param_value_internal":4.3891458067679014,"distribution":"{\"name\": \"FloatDistribution\", \"attributes\": {\"step\": null, \"low\": 0.5, \"high\": 5.0, \"log\": false}}"}
{"op_code":8,"worker_id":"ade51f7a-c4a1-4bc8-a307-a43266d44a9e-140460735166336","trial_id":1,"user_attr":{"val_metrics":[0.09236875662930319,0.0007598784194528875,0.6121212121212121,0.127062792222326]}}
{"op_code":4,"worker_id":"59ce703b-8ff9-481b-8247-ffaf6f3afe63-140250543466368","study_id":0,"datetime_start":"2026-07-06T05:10:36.580704"}
{"op_code":8,"worker_id":"ade51f7a-c4a1-4bc8-a307-a43266d44a9e-140460735166336","trial_id":1,"user_attr":{"params":{"model_type":"skglm_mcp","k_weight":0.36088442994802317,"skglm_mcp_alpha":0.0009179823579122499,"skglm_mcp_gamma":9.013962436640185,"skglm_mcp_delta":3.497405958941116}}}
{"op_code":8,"worker_id":"ade51f7a-c4a1-4bc8-a307-a43266d44a9e-140460735166336","trial_id":1,"user_attr":{"reg_kappa":4.544660893112071}}
{"op_code":6,"worker_id":"ade51f7a-c4a1-4bc8-a307-a43266d44a9e-140460735166336","trial_id":1,"state":1,"values":[0.09312863504875607],"datetime_complete":"2026-07-06T05:10:36.609929"}
{"op_code":8,"worker_id":"fe5de570-2f89-4aff-9a2e-377743736e2a-140192341227392","trial_id":37,"user_attr":{"raw_metrics":[-0.03103891465822434,-0.005204946390739351,0.3,0.008152104616788499,0.09757575757575757,0.028135106312171365,-0.0,-0.0]}}
{"op_code":8,"worker_id":"fe5de570-2f89-4aff-9a2e-377743736e2a-140192341227392","trial_id":37,"user_attr":{"val_metrics":[0.0,0.0,-0.04242424242424243,-0.09425442274659872]}}
{"op_code":8,"worker_id":"fe5de570-2f89-4aff-9a2e-377743736e2a-140192341227392","trial_id":37,"user_attr":{"params":{"model_type":"skglm_mcp","k_weight":1.4393928524435522,"skglm_mcp_alpha":8.394312455174463,"skglm_mcp_gamma":9.656899609076877,"skglm_mcp_delta":4.3891458067679014}}}
{"op_code":8,"worker_id":"fe5de570-2f89-4aff-9a2e-377743736e2a-140192341227392","trial_id":37,"user_attr":{"reg_kappa":3.2225941601982897}}
{"op_code":6,"worker_id":"fe5de570-2f89-4aff-9a2e-377743736e2a-140192341227392","trial_id":37,"state":1,"values":[0.0],"datetime_complete":"2026-07-06T05:10:36.627212"}
{"op_code":5,"worker_id":"59ce703b-8ff9-481b-8247-ffaf6f3afe63-140250543466368","trial_id":38,"param_name":"model_type","param_value_internal":1,"distribution":"{\"name\": \"CategoricalDistribution\", \"attributes\": {\"choices\": [\"skglm_huber_l1\", \"skglm_mcp\", \"ridge\"]}}"}
{"op_code":4,"worker_id":"d69278d7-f3e9-4efe-83cd-88eb2d28651f-140460735166336","study_id":0,"datetime_start":"2026-07-06T05:10:36.657834"}
{"op_code":5,"worker_id":"d69278d7-f3e9-4efe-83cd-88eb2d28651f-140460735166336","trial_id":39,"param_name":"model_type","param_value_internal":1,"distribution":"{\"name\": \"CategoricalDistribution\", \"attributes\": {\"choices\": [\"skglm_huber_l1\", \"skglm_mcp\", \"ridge\"]}}"}
{"op_code":5,"worker_id":"59ce703b-8ff9-481b-8247-ffaf6f3afe63-140250543466368","trial_id":38,"param_name":"k_weight","param_value_internal":1.4457790757336932,"distribution":"{\"name\": \"FloatDistribution\", \"attributes\": {\"step\": null, \"low\": 0.0, \"high\": 1.5, \"log\": false}}"}
{"op_code":5,"worker_id":"d69278d7-f3e9-4efe-83cd-88eb2d28651f-140460735166336","trial_id":39,"param_name":"k_weight","param_value_internal":1.4094790043246102,"distribution":"{\"name\": \"FloatDistribution\", \"attributes\": {\"step\": null, \"low\": 0.0, \"high\": 1.5, \"log\": false}}"}
{"op_code":5,"worker_id":"d69278d7-f3e9-4efe-83cd-88eb2d28651f-140460735166336","trial_id":39,"param_name":"skglm_mcp_alpha","param_value_internal":0.026108030260964723,"distribution":"{\"name\": \"FloatDistribution\", \"attributes\": {\"step\": null, \"low\": 1e-05, \"high\": 10.0, \"log\": true}}"}
{"op_code":5,"worker_id":"d69278d7-f3e9-4efe-83cd-88eb2d28651f-140460735166336","trial_id":39,"param_name":"skglm_mcp_gamma","param_value_internal":6.844158577075422,"distribution":"{\"name\": \"FloatDistribution\", \"attributes\": {\"step\": null, \"low\": 3.0, \"high\": 10.0, \"log\": false}}"}
{"op_code":5,"worker_id":"59ce703b-8ff9-481b-8247-ffaf6f3afe63-140250543466368","trial_id":38,"param_name":"skglm_mcp_alpha","param_value_internal":7.683250677406099,"distribution":"{\"name\": \"FloatDistribution\", \"attributes\": {\"step\": null, \"low\": 1e-05, \"high\": 10.0, \"log\": true}}"}
{"op_code":5,"worker_id":"d69278d7-f3e9-4efe-83cd-88eb2d28651f-140460735166336","trial_id":39,"param_name":"skglm_mcp_delta","param_value_internal":1.8763265664903137,"distribution":"{\"name\": \"FloatDistribution\", \"attributes\": {\"step\": null, \"low\": 0.5, \"high\": 5.0, \"log\": false}}"}
{"op_code":4,"worker_id":"355b76d0-2da8-4a5c-9877-502823f3c41b-140192341227392","study_id":0,"datetime_start":"2026-07-06T05:10:36.690711"}
{"op_code":5,"worker_id":"59ce703b-8ff9-481b-8247-ffaf6f3afe63-140250543466368","trial_id":38,"param_name":"skglm_mcp_gamma","param_value_internal":9.677038093619128,"distribution":"{\"name\": \"FloatDistribution\", \"attributes\": {\"step\": null, \"low\": 3.0, \"high\": 10.0, \"log\": false}}"}
{"op_code":5,"worker_id":"355b76d0-2da8-4a5c-9877-502823f3c41b-140192341227392","trial_id":40,"param_name":"model_type","param_value_internal":1,"distribution":"{\"name\": \"CategoricalDistribution\", \"attributes\": {\"choices\": [\"skglm_huber_l1\", \"skglm_mcp\", \"ridge\"]}}"}
{"op_code":5,"worker_id":"59ce703b-8ff9-481b-8247-ffaf6f3afe63-140250543466368","trial_id":38,"param_name":"skglm_mcp_delta","param_value_internal":4.29627643377326,"distribution":"{\"name\": \"FloatDistribution\", \"attributes\": {\"step\": null, \"low\": 0.5, \"high\": 5.0, \"log\": false}}"}
{"op_code":5,"worker_id":"355b76d0-2da8-4a5c-9877-502823f3c41b-140192341227392","trial_id":40,"param_name":"k_weight","param_value_internal":1.3386188804171375,"distribution":"{\"name\": \"FloatDistribution\", \"attributes\": {\"step\": null, \"low\": 0.0, \"high\": 1.5, \"log\": false}}"}
{"op_code":5,"worker_id":"355b76d0-2da8-4a5c-9877-502823f3c41b-140192341227392","trial_id":40,"param_name":"skglm_mcp_alpha","param_value_internal":0.014531824791085834,"distribution":"{\"name\": \"FloatDistribution\", \"attributes\": {\"step\": null, \"low\": 1e-05, \"high\": 10.0, \"log\": true}}"}
{"op_code":5,"worker_id":"355b76d0-2da8-4a5c-9877-502823f3c41b-140192341227392","trial_id":40,"param_name":"skglm_mcp_gamma","param_value_internal":6.774729650349162,"distribution":"{\"name\": \"FloatDistribution\", \"attributes\": {\"step\": null, \"low\": 3.0, \"high\": 10.0, \"log\": false}}"}
{"op_code":5,"worker_id":"355b76d0-2da8-4a5c-9877-502823f3c41b-140192341227392","trial_id":40,"param_name":"skglm_mcp_delta","param_value_internal":2.0201792478483,"distribution":"{\"name\": \"FloatDistribution\", \"attributes\": {\"step\": null, \"low\": 0.5, \"high\": 5.0, \"log\": false}}"}
{"op_code":8,"worker_id":"59ce703b-8ff9-481b-8247-ffaf6f3afe63-140250543466368","trial_id":38,"user_attr":{"raw_metrics":[-0.03103891465822434,-0.005204946390739351,0.3,0.008152104616788499,0.09757575757575757,0.028135106312171365,-0.0,-0.0]}}
{"op_code":8,"worker_id":"59ce703b-8ff9-481b-8247-ffaf6f3afe63-140250543466368","trial_id":38,"user_attr":{"val_metrics":[0.0,0.0,0.0,0.0]}}
{"op_code":8,"worker_id":"59ce703b-8ff9-481b-8247-ffaf6f3afe63-140250543466368","trial_id":38,"user_attr":{"params":{"model_type":"skglm_mcp","k_weight":1.4457790757336932,"skglm_mcp_alpha":7.683250677406099,"skglm_mcp_gamma":9.677038093619128,"skglm_mcp_delta":4.29627643377326}}}
{"op_code":8,"worker_id":"59ce703b-8ff9-481b-8247-ffaf6f3afe63-140250543466368","trial_id":38,"user_attr":{"reg_kappa":3.325630594727166}}
{"op_code":6,"worker_id":"59ce703b-8ff9-481b-8247-ffaf6f3afe63-140250543466368","trial_id":38,"state":1,"values":[0.0],"datetime_complete":"2026-07-06T05:10:36.783495"}
{"op_code":4,"worker_id":"ee4f20e2-27ec-48ee-84e5-6cf81be44fe2-140250543466368","study_id":0,"datetime_start":"2026-07-06T05:10:36.832140"}
{"op_code":5,"worker_id":"ee4f20e2-27ec-48ee-84e5-6cf81be44fe2-140250543466368","trial_id":41,"param_name":"model_type","param_value_internal":2,"distribution":"{\"name\": \"CategoricalDistribution\", \"attributes\": {\"choices\": [\"skglm_huber_l1\", \"skglm_mcp\", \"ridge\"]}}"}
{"op_code":5,"worker_id":"ee4f20e2-27ec-48ee-84e5-6cf81be44fe2-140250543466368","trial_id":41,"param_name":"k_weight","param_value_internal":1.2554641263995483,"distribution":"{\"name\": \"FloatDistribution\", \"attributes\": {\"step\": null, \"low\": 0.0, \"high\": 1.5, \"log\": false}}"}
{"op_code":5,"worker_id":"ee4f20e2-27ec-48ee-84e5-6cf81be44fe2-140250543466368","trial_id":41,"param_name":"ridge_alpha","param_value_internal":0.0022029982135650487,"distribution":"{\"name\": \"FloatDistribution\", \"attributes\": {\"step\": null, \"low\": 0.001, \"high\": 100.0, \"log\": true}}"}
{"op_code":8,"worker_id":"355b76d0-2da8-4a5c-9877-502823f3c41b-140192341227392","trial_id":40,"user_attr":{"raw_metrics":[2.9304596193913097,0.33666836477886414,1.0,0.16667437165543192,0.5296969696969698,0.7496766873679058,-0.4017031588349014,-0.866158664226532]}}
{"op_code":8,"worker_id":"355b76d0-2da8-4a5c-9877-502823f3c41b-140192341227392","trial_id":40,"user_attr":{"val_metrics":[0.10069851643181264,-0.017314842463021573,0.7696969696969697,0.1873425268009305]}}
{"op_code":8,"worker_id":"355b76d0-2da8-4a5c-9877-502823f3c41b-140192341227392","trial_id":40,"user_attr":{"params":{"model_type":"skglm_mcp","k_weight":1.3386188804171375,"skglm_mcp_alpha":0.014531824791085834,"skglm_mcp_gamma":6.774729650349162,"skglm_mcp_delta":2.0201792478483}}}
{"op_code":8,"worker_id":"355b76d0-2da8-4a5c-9877-502823f3c41b-140192341227392","trial_id":40,"user_attr":{"reg_kappa":5.755584807102507}}
{"op_code":6,"worker_id":"355b76d0-2da8-4a5c-9877-502823f3c41b-140192341227392","trial_id":40,"state":1,"values":[0.08338367396879107],"datetime_complete":"2026-07-06T05:10:36.936408"}
{"op_code":8,"worker_id":"d69278d7-f3e9-4efe-83cd-88eb2d28651f-140460735166336","trial_id":39,"user_attr":{"raw_metrics":[2.548526401411144,0.3010742579585577,1.0,0.16328325159248339,0.5454545454545453,0.6449631181051386,-0.4261354769575425,-0.8800437450408936]}}
{"op_code":8,"worker_id":"d69278d7-f3e9-4efe-83cd-88eb2d28651f-140460735166336","trial_id":39,"user_attr":{"val_metrics":[0.09189121718680993,0.04798089448545376,0.806060606060606,0.330611231426398]}}
{"op_code":8,"worker_id":"d69278d7-f3e9-4efe-83cd-88eb2d28651f-140460735166336","trial_id":39,"user_attr":{"params":{"model_type":"skglm_mcp","k_weight":1.4094790043246102,"skglm_mcp_alpha":0.026108030260964723,"skglm_mcp_gamma":6.844158577075422,"skglm_mcp_delta":1.8763265664903137}}}
{"op_code":8,"worker_id":"d69278d7-f3e9-4efe-83cd-88eb2d28651f-140460735166336","trial_id":39,"user_attr":{"reg_kappa":5.884322469345588}}
{"op_code":6,"worker_id":"d69278d7-f3e9-4efe-83cd-88eb2d28651f-140460735166336","trial_id":39,"state":1,"values":[0.13987211167226368],"datetime_complete":"2026-07-06T05:10:36.953190"}
{"op_code":8,"worker_id":"ee4f20e2-27ec-48ee-84e5-6cf81be44fe2-140250543466368","trial_id":41,"user_attr":{"raw_metrics":[2.493842213831259,0.30933915029312087,1.0,0.16128285475648535,0.5672727272727273,0.5689552275730195,-0.3715948547220489,-1.191957950592041]}}
{"op_code":8,"worker_id":"ee4f20e2-27ec-48ee-84e5-6cf81be44fe2-140250543466368","trial_id":41,"user_attr":{"val_metrics":[0.10827767789870439,0.1683673469387755,0.9636363636363636,0.4349241776143511]}}
{"op_code":8,"worker_id":"ee4f20e2-27ec-48ee-84e5-6cf81be44fe2-140250543466368","trial_id":41,"user_attr":{"params":{"model_type":"ridge","k_weight":1.2554641263995483,"ridge_alpha":0.0022029982135650487}}}
{"op_code":8,"worker_id":"ee4f20e2-27ec-48ee-84e5-6cf81be44fe2-140250543466368","trial_id":41,"user_attr":{"reg_kappa":5.616101917465435}}
{"op_code":6,"worker_id":"ee4f20e2-27ec-48ee-84e5-6cf81be44fe2-140250543466368","trial_id":41,"state":1,"values":[0.2766450248374799],"datetime_complete":"2026-07-06T05:10:36.966840"}
{"op_code":4,"worker_id":"3232f468-afd8-4dd8-b51b-56330493c7a5-140192341227392","study_id":0,"datetime_start":"2026-07-06T05:10:36.983706"}
{"op_code":5,"worker_id":"3232f468-afd8-4dd8-b51b-56330493c7a5-140192341227392","trial_id":42,"param_name":"model_type","param_value_internal":2,"distribution":"{\"name\": \"CategoricalDistribution\", \"attributes\": {\"choices\": [\"skglm_huber_l1\", \"skglm_mcp\", \"ridge\"]}}"}
{"op_code":5,"worker_id":"3232f468-afd8-4dd8-b51b-56330493c7a5-140192341227392","trial_id":42,"param_name":"k_weight","param_value_internal":1.2287205654185915,"distribution":"{\"name\": \"FloatDistribution\", \"attributes\": {\"step\": null, \"low\": 0.0, \"high\": 1.5, \"log\": false}}"}
{"op_code":5,"worker_id":"3232f468-afd8-4dd8-b51b-56330493c7a5-140192341227392","trial_id":42,"param_name":"ridge_alpha","param_value_internal":0.0010410101398863401,"distribution":"{\"name\": \"FloatDistribution\", \"attributes\": {\"step\": null, \"low\": 0.001, \"high\": 100.0, \"log\": true}}"}
{"op_code":4,"worker_id":"a55f525f-0f9d-4f90-a5db-197b0ce70f0f-140460735166336","study_id":0,"datetime_start":"2026-07-06T05:10:37.023657"}
{"op_code":5,"worker_id":"a55f525f-0f9d-4f90-a5db-197b0ce70f0f-140460735166336","trial_id":43,"param_name":"model_type","param_value_internal":2,"distribution":"{\"name\": \"CategoricalDistribution\", \"attributes\": {\"choices\": [\"skglm_huber_l1\", \"skglm_mcp\", \"ridge\"]}}"}
{"op_code":5,"worker_id":"a55f525f-0f9d-4f90-a5db-197b0ce70f0f-140460735166336","trial_id":43,"param_name":"k_weight","param_value_internal":1.2047924101739405,"distribution":"{\"name\": \"FloatDistribution\", \"attributes\": {\"step\": null, \"low\": 0.0, \"high\": 1.5, \"log\": false}}"}
{"op_code":5,"worker_id":"a55f525f-0f9d-4f90-a5db-197b0ce70f0f-140460735166336","trial_id":43,"param_name":"ridge_alpha","param_value_internal":0.001261063488040004,"distribution":"{\"name\": \"FloatDistribution\", \"attributes\": {\"step\": null, \"low\": 0.001, \"high\": 100.0, \"log\": true}}"}
{"op_code":4,"worker_id":"5fa7f182-77b7-46d9-b896-cd1f0eb29cc3-140250543466368","study_id":0,"datetime_start":"2026-07-06T05:10:37.107928"}
{"op_code":5,"worker_id":"5fa7f182-77b7-46d9-b896-cd1f0eb29cc3-140250543466368","trial_id":44,"param_name":"model_type","param_value_internal":2,"distribution":"{\"name\": \"CategoricalDistribution\", \"attributes\": {\"choices\": [\"skglm_huber_l1\", \"skglm_mcp\", \"ridge\"]}}"}
{"op_code":5,"worker_id":"5fa7f182-77b7-46d9-b896-cd1f0eb29cc3-140250543466368","trial_id":44,"param_name":"k_weight","param_value_internal":1.1852811982338736,"distribution":"{\"name\": \"FloatDistribution\", \"attributes\": {\"step\": null, \"low\": 0.0, \"high\": 1.5, \"log\": false}}"}
{"op_code":5,"worker_id":"5fa7f182-77b7-46d9-b896-cd1f0eb29cc3-140250543466368","trial_id":44,"param_name":"ridge_alpha","param_value_internal":0.0010033366931130319,"distribution":"{\"name\": \"FloatDistribution\", \"attributes\": {\"step\": null, \"low\": 0.001, \"high\": 100.0, \"log\": true}}"}
{"op_code":8,"worker_id":"3232f468-afd8-4dd8-b51b-56330493c7a5-140192341227392","trial_id":42,"user_attr":{"raw_metrics":[2.54013217657665,0.3059086514379653,1.0,0.1617029948266508,0.5539393939393938,0.5781238127145193,-0.35722645246798757,-1.1727170944213867]}}
{"op_code":8,"worker_id":"3232f468-afd8-4dd8-b51b-56330493c7a5-140192341227392","trial_id":42,"user_attr":{"val_metrics":[0.10800503716621261,0.17292661745549284,0.9636363636363636,0.3847619528447588]}}
{"op_code":8,"worker_id":"3232f468-afd8-4dd8-b51b-56330493c7a5-140192341227392","trial_id":42,"user_attr":{"params":{"model_type":"ridge","k_weight":1.2287205654185915,"ridge_alpha":0.0010410101398863401}}}
{"op_code":8,"worker_id":"3232f468-afd8-4dd8-b51b-56330493c7a5-140192341227392","trial_id":42,"user_attr":{"reg_kappa":5.569335052656742}}
{"op_code":6,"worker_id":"3232f468-afd8-4dd8-b51b-56330493c7a5-140192341227392","trial_id":42,"state":1,"values":[0.28093165462170544],"datetime_complete":"2026-07-06T05:10:37.169275"}
{"op_code":8,"worker_id":"a55f525f-0f9d-4f90-a5db-197b0ce70f0f-140460735166336","trial_id":43,"user_attr":{"raw_metrics":[2.5705394281016645,0.3046493004148749,1.0,0.16224430566515172,0.5612121212121213,0.5732175294253252,-0.3449356314354476,-1.1554621458053589]}}
{"op_code":8,"worker_id":"a55f525f-0f9d-4f90-a5db-197b0ce70f0f-140460735166336","trial_id":43,"user_attr":{"val_metrics":[0.10747899109033125,0.17661745549283545,0.9030303030303031,0.3847619528447588]}}
{"op_code":8,"worker_id":"a55f525f-0f9d-4f90-a5db-197b0ce70f0f-140460735166336","trial_id":43,"user_attr":{"params":{"model_type":"ridge","k_weight":1.2047924101739405,"ridge_alpha":0.001261063488040004}}}
{"op_code":8,"worker_id":"a55f525f-0f9d-4f90-a5db-197b0ce70f0f-140460735166336","trial_id":43,"user_attr":{"reg_kappa":5.528427856975065}}
{"op_code":6,"worker_id":"a55f525f-0f9d-4f90-a5db-197b0ce70f0f-140460735166336","trial_id":43,"state":1,"values":[0.2840964465831667],"datetime_complete":"2026-07-06T05:10:37.199054"}
{"op_code":4,"worker_id":"943d8ea9-357f-42e8-8da5-619120bba9a9-140192341227392","study_id":0,"datetime_start":"2026-07-06T05:10:37.236392"}
{"op_code":5,"worker_id":"943d8ea9-357f-42e8-8da5-619120bba9a9-140192341227392","trial_id":45,"param_name":"model_type","param_value_internal":2,"distribution":"{\"name\": \"CategoricalDistribution\", \"attributes\": {\"choices\": [\"skglm_huber_l1\", \"skglm_mcp\", \"ridge\"]}}"}
{"op_code":8,"worker_id":"c013cf5d-34f8-4eba-adf7-0a88097043bd-140520396035968","trial_id":36,"user_attr":{"raw_metrics":[2.8573541069119526,0.32617782982400745,1.0,0.16716204024995154,0.6448484848484849,0.7707526247566411,-0.5225368786348391,-0.819627583026886]}}
{"op_code":5,"worker_id":"943d8ea9-357f-42e8-8da5-619120bba9a9-140192341227392","trial_id":45,"param_name":"k_weight","param_value_internal":1.1796674371183251,"distribution":"{\"name\": \"FloatDistribution\", \"attributes\": {\"step\": null, \"low\": 0.0, \"high\": 1.5, \"log\": false}}"}
{"op_code":8,"worker_id":"c013cf5d-34f8-4eba-adf7-0a88097043bd-140520396035968","trial_id":36,"user_attr":{"val_metrics":[0.09780484485383245,0.03723404255319149,0.6242424242424243,0.34277365524321796]}}
{"op_code":8,"worker_id":"5fa7f182-77b7-46d9-b896-cd1f0eb29cc3-140250543466368","trial_id":44,"user_attr":{"raw_metrics":[2.575152741178431,0.30543555388896027,1.0,0.1618999178830099,0.5660606060606062,0.5886278369456395,-0.335294469669948,-1.1413699388504028]}}
{"op_code":8,"worker_id":"5fa7f182-77b7-46d9-b896-cd1f0eb29cc3-140250543466368","trial_id":44,"user_attr":{"val_metrics":[0.10699685188087876,0.1788970907511941,0.9030303030303031,0.3847619528447588]}}
{"op_code":8,"worker_id":"5fa7f182-77b7-46d9-b896-cd1f0eb29cc3-140250543466368","trial_id":44,"user_attr":{"params":{"model_type":"ridge","k_weight":1.1852811982338736,"ridge_alpha":0.0010033366931130319}}}
{"op_code":8,"worker_id":"5fa7f182-77b7-46d9-b896-cd1f0eb29cc3-140250543466368","trial_id":44,"user_attr":{"reg_kappa":5.495720082318499}}
{"op_code":6,"worker_id":"5fa7f182-77b7-46d9-b896-cd1f0eb29cc3-140250543466368","trial_id":44,"state":1,"values":[0.28589394263207285],"datetime_complete":"2026-07-06T05:10:37.304745"}
{"op_code":5,"worker_id":"943d8ea9-357f-42e8-8da5-619120bba9a9-140192341227392","trial_id":45,"param_name":"ridge_alpha","param_value_internal":0.0013803662468601977,"distribution":"{\"name\": \"FloatDistribution\", \"attributes\": {\"step\": null, \"low\": 0.001, \"high\": 100.0, \"log\": true}}"}
{"op_code":4,"worker_id":"8ca429b8-ffb3-43e8-bc81-daa84e667988-140460735166336","study_id":0,"datetime_start":"2026-07-06T05:10:37.279855"}
{"op_code":5,"worker_id":"8ca429b8-ffb3-43e8-bc81-daa84e667988-140460735166336","trial_id":46,"param_name":"model_type","param_value_internal":2,"distribution":"{\"name\": \"CategoricalDistribution\", \"attributes\": {\"choices\": [\"skglm_huber_l1\", \"skglm_mcp\", \"ridge\"]}}"}
{"op_code":5,"worker_id":"8ca429b8-ffb3-43e8-bc81-daa84e667988-140460735166336","trial_id":46,"param_name":"k_weight","param_value_internal":1.0978016305909597,"distribution":"{\"name\": \"FloatDistribution\", \"attributes\": {\"step\": null, \"low\": 0.0, \"high\": 1.5, \"log\": false}}"}
{"op_code":5,"worker_id":"8ca429b8-ffb3-43e8-bc81-daa84e667988-140460735166336","trial_id":46,"param_name":"ridge_alpha","param_value_internal":37.82879916539862,"distribution":"{\"name\": \"FloatDistribution\", \"attributes\": {\"step\": null, \"low\": 0.001, \"high\": 100.0, \"log\": true}}"}
{"op_code":8,"worker_id":"c013cf5d-34f8-4eba-adf7-0a88097043bd-140520396035968","trial_id":36,"user_attr":{"params":{"model_type":"skglm_mcp","k_weight":1.4800475458229214,"skglm_mcp_alpha":1.2493238609548178e-05,"skglm_mcp_gamma":9.721502457995381,"skglm_mcp_delta":0.9479686388522359}}}
{"op_code":8,"worker_id":"c013cf5d-34f8-4eba-adf7-0a88097043bd-140520396035968","trial_id":36,"user_attr":{"reg_kappa":6.056032078173032}}
{"op_code":6,"worker_id":"c013cf5d-34f8-4eba-adf7-0a88097043bd-140520396035968","trial_id":36,"state":1,"values":[0.13503888740702394],"datetime_complete":"2026-07-06T05:10:37.357935"}
{"op_code":4,"worker_id":"f228b2d3-e6b4-4577-a1dd-717f552fe1c5-140250543466368","study_id":0,"datetime_start":"2026-07-06T05:10:37.370641"}
{"op_code":5,"worker_id":"f228b2d3-e6b4-4577-a1dd-717f552fe1c5-140250543466368","trial_id":47,"param_name":"model_type","param_value_internal":2,"distribution":"{\"name\": \"CategoricalDistribution\", \"attributes\": {\"choices\": [\"skglm_huber_l1\", \"skglm_mcp\", \"ridge\"]}}"}
{"op_code":5,"worker_id":"f228b2d3-e6b4-4577-a1dd-717f552fe1c5-140250543466368","trial_id":47,"param_name":"k_weight","param_value_internal":1.1048645696075163,"distribution":"{\"name\": \"FloatDistribution\", \"attributes\": {\"step\": null, \"low\": 0.0, \"high\": 1.5, \"log\": false}}"}
{"op_code":5,"worker_id":"f228b2d3-e6b4-4577-a1dd-717f552fe1c5-140250543466368","trial_id":47,"param_name":"ridge_alpha","param_value_internal":31.081556353503462,"distribution":"{\"name\": \"FloatDistribution\", \"attributes\": {\"step\": null, \"low\": 0.001, \"high\": 100.0, \"log\": true}}"}
{"op_code":4,"worker_id":"038e70aa-d1c0-456b-a361-c87f96b698dd-140520396035968","study_id":0,"datetime_start":"2026-07-06T05:10:37.415515"}
{"op_code":5,"worker_id":"038e70aa-d1c0-456b-a361-c87f96b698dd-140520396035968","trial_id":48,"param_name":"model_type","param_value_internal":2,"distribution":"{\"name\": \"CategoricalDistribution\", \"attributes\": {\"choices\": [\"skglm_huber_l1\", \"skglm_mcp\", \"ridge\"]}}"}
{"op_code":5,"worker_id":"038e70aa-d1c0-456b-a361-c87f96b698dd-140520396035968","trial_id":48,"param_name":"k_weight","param_value_internal":1.2448899313283812,"distribution":"{\"name\": \"FloatDistribution\", \"attributes\": {\"step\": null, \"low\": 0.0, \"high\": 1.5, \"log\": false}}"}
{"op_code":8,"worker_id":"943d8ea9-357f-42e8-8da5-619120bba9a9-140192341227392","trial_id":45,"user_attr":{"raw_metrics":[2.6017125885013828,0.3034194248567022,1.0,0.16179147404814498,0.5660606060606062,0.5886278369456395,-0.33258233074350896,-1.1373111009597778]}}
{"op_code":8,"worker_id":"8ca429b8-ffb3-43e8-bc81-daa84e667988-140460735166336","trial_id":46,"user_attr":{"raw_metrics":[2.6964778405191407,0.3193376175656345,1.0,0.1631307891083404,0.5818181818181818,0.6386071865839174,-0.2959957480684962,-1.0539205074310303]}}
{"op_code":8,"worker_id":"943d8ea9-357f-42e8-8da5-619120bba9a9-140192341227392","trial_id":45,"user_attr":{"val_metrics":[0.10672086586332574,0.17802865827181938,0.9030303030303031,0.3847619528447588]}}
{"op_code":8,"worker_id":"8ca429b8-ffb3-43e8-bc81-daa84e667988-140460735166336","trial_id":46,"user_attr":{"val_metrics":[0.10515527245466132,0.18855840208423796,0.9878787878787879,0.46443814385682347]}}
{"op_code":8,"worker_id":"943d8ea9-357f-42e8-8da5-619120bba9a9-140192341227392","trial_id":45,"user_attr":{"params":{"model_type":"ridge","k_weight":1.1796674371183251,"ridge_alpha":0.0013803662468601977}}}
{"op_code":8,"worker_id":"943d8ea9-357f-42e8-8da5-619120bba9a9-140192341227392","trial_id":45,"user_attr":{"reg_kappa":5.486413224952073}}
{"op_code":6,"worker_id":"943d8ea9-357f-42e8-8da5-619120bba9a9-140192341227392","trial_id":45,"state":1,"values":[0.2847495241351451],"datetime_complete":"2026-07-06T05:10:37.460605"}
{"op_code":5,"worker_id":"038e70aa-d1c0-456b-a361-c87f96b698dd-140520396035968","trial_id":48,"param_name":"ridge_alpha","param_value_internal":0.008067443840615245,"distribution":"{\"name\": \"FloatDistribution\", \"attributes\": {\"step\": null, \"low\": 0.001, \"high\": 100.0, \"log\": true}}"}
{"op_code":8,"worker_id":"8ca429b8-ffb3-43e8-bc81-daa84e667988-140460735166336","trial_id":46,"user_attr":{"params":{"model_type":"ridge","k_weight":1.0978016305909597,"ridge_alpha":37.82879916539862}}}
{"op_code":8,"worker_id":"8ca429b8-ffb3-43e8-bc81-daa84e667988-140460735166336","trial_id":46,"user_attr":{"reg_kappa":5.163188237470691}}
{"op_code":6,"worker_id":"8ca429b8-ffb3-43e8-bc81-daa84e667988-140460735166336","trial_id":46,"state":1,"values":[0.2937136745388993],"datetime_complete":"2026-07-06T05:10:37.480637"}
{"op_code":4,"worker_id":"62721236-61ad-40a9-9130-1e2d2b43c1da-140192341227392","study_id":0,"datetime_start":"2026-07-06T05:10:37.495010"}
{"op_code":5,"worker_id":"62721236-61ad-40a9-9130-1e2d2b43c1da-140192341227392","trial_id":49,"param_name":"model_type","param_value_internal":2,"distribution":"{\"name\": \"CategoricalDistribution\", \"attributes\": {\"choices\": [\"skglm_huber_l1\", \"skglm_mcp\", \"ridge\"]}}"}
{"op_code":8,"worker_id":"f228b2d3-e6b4-4577-a1dd-717f552fe1c5-140250543466368","trial_id":47,"user_attr":{"raw_metrics":[2.6982254458837223,0.31643587787721444,1.0,0.16346503253493447,0.5939393939393939,0.6294227238603386,-0.2989426161164973,-1.0631643533706665]}}
{"op_code":8,"worker_id":"f228b2d3-e6b4-4577-a1dd-717f552fe1c5-140250543466368","trial_id":47,"user_attr":{"val_metrics":[0.10470031368633148,0.1794398610508033,0.9030303030303031,0.3847619528447588]}}
{"op_code":8,"worker_id":"f228b2d3-e6b4-4577-a1dd-717f552fe1c5-140250543466368","trial_id":47,"user_attr":{"params":{"model_type":"ridge","k_weight":1.1048645696075163,"ridge_alpha":31.081556353503462}}}
{"op_code":8,"worker_id":"f228b2d3-e6b4-4577-a1dd-717f552fe1c5-140250543466368","trial_id":47,"user_attr":{"reg_kappa":5.206953231233519}}
{"op_code":5,"worker_id":"62721236-61ad-40a9-9130-1e2d2b43c1da-140192341227392","trial_id":49,"param_name":"k_weight","param_value_internal":1.0912387879368184,"distribution":"{\"name\": \"FloatDistribution\", \"attributes\": {\"step\": null, \"low\": 0.0, \"high\": 1.5, \"log\": false}}"}
{"op_code":6,"worker_id":"f228b2d3-e6b4-4577-a1dd-717f552fe1c5-140250543466368","trial_id":47,"state":1,"values":[0.2841401747371348],"datetime_complete":"2026-07-06T05:10:37.509014"}
{"op_code":5,"worker_id":"62721236-61ad-40a9-9130-1e2d2b43c1da-140192341227392","trial_id":49,"param_name":"ridge_alpha","param_value_internal":66.4092969044107,"distribution":"{\"name\": \"FloatDistribution\", \"attributes\": {\"step\": null, \"low\": 0.001, \"high\": 100.0, \"log\": true}}"}
{"op_code":8,"worker_id":"038e70aa-d1c0-456b-a361-c87f96b698dd-140520396035968","trial_id":48,"user_attr":{"raw_metrics":[2.4962543455507222,0.30983855172805796,1.0,0.16150319652020165,0.5769696969696969,0.572151627314722,-0.36583240259751976,-1.1843526363372803]}}
{"op_code":8,"worker_id":"038e70aa-d1c0-456b-a361-c87f96b698dd-140520396035968","trial_id":48,"user_attr":{"val_metrics":[0.10817481038307099,0.1643508467216674,0.9757575757575757,0.4349241776143511]}}
{"op_code":8,"worker_id":"038e70aa-d1c0-456b-a361-c87f96b698dd-140520396035968","trial_id":48,"user_attr":{"params":{"model_type":"ridge","k_weight":1.2448899313283812,"ridge_alpha":0.008067443840615245}}}
{"op_code":8,"worker_id":"038e70aa-d1c0-456b-a361-c87f96b698dd-140520396035968","trial_id":48,"user_attr":{"reg_kappa":5.597442319444317}}
{"op_code":6,"worker_id":"038e70aa-d1c0-456b-a361-c87f96b698dd-140520396035968","trial_id":48,"state":1,"values":[0.27252565710473836],"datetime_complete":"2026-07-06T05:10:37.601967"}
{"op_code":8,"worker_id":"62721236-61ad-40a9-9130-1e2d2b43c1da-140192341227392","trial_id":49,"user_attr":{"raw_metrics":[2.6577501513818316,0.3210122562172886,1.0,0.16373050806283568,0.6012121212121213,0.6545300755950808,-0.2932912459122484,-1.0321855545043945]}}
{"op_code":8,"worker_id":"62721236-61ad-40a9-9130-1e2d2b43c1da-140192341227392","trial_id":49,"user_attr":{"val_metrics":[0.10633699440254744,0.1829135909683022,1.0,0.37273767191916707]}}
{"op_code":8,"worker_id":"62721236-61ad-40a9-9130-1e2d2b43c1da-140192341227392","trial_id":49,"user_attr":{"params":{"model_type":"ridge","k_weight":1.0912387879368184,"ridge_alpha":66.4092969044107}}}
{"op_code":8,"worker_id":"62721236-61ad-40a9-9130-1e2d2b43c1da-140192341227392","trial_id":49,"user_attr":{"reg_kappa":5.021023869998386}}
{"op_code":6,"worker_id":"62721236-61ad-40a9-9130-1e2d2b43c1da-140192341227392","trial_id":49,"state":1,"values":[0.28925058537084963],"datetime_complete":"2026-07-06T05:10:37.609772"}
{"op_code":8,"worker_id":"b7eecbc4-91ef-4972-8dfe-c7d32fbd8dea-140484437190528","trial_id":11,"user_attr":{"raw_metrics":[2.900452909908508,0.31259552394798906,1.0,0.16453531644848882,0.5199999999999999,0.710311383622092,-0.1331044593821224,-0.517734169960022]}}
{"op_code":8,"worker_id":"b7eecbc4-91ef-4972-8dfe-c7d32fbd8dea-140484437190528","trial_id":11,"user_attr":{"val_metrics":[0.09889791674759549,-0.004233608336951802,0.7454545454545455,0.32119205344468355]}}
{"op_code":8,"worker_id":"b7eecbc4-91ef-4972-8dfe-c7d32fbd8dea-140484437190528","trial_id":11,"user_attr":{"params":{"model_type":"skglm_mcp","k_weight":0.36378405224709615,"skglm_mcp_alpha":0.015372446095730671,"skglm_mcp_gamma":4.998809648253592,"skglm_mcp_delta":4.381836696732378}}}
{"op_code":8,"worker_id":"b7eecbc4-91ef-4972-8dfe-c7d32fbd8dea-140484437190528","trial_id":11,"user_attr":{"reg_kappa":4.530256856527072}}
{"op_code":6,"worker_id":"b7eecbc4-91ef-4972-8dfe-c7d32fbd8dea-140484437190528","trial_id":11,"state":1,"values":[0.09466430841064369],"datetime_complete":"2026-07-06T05:10:37.693777"}
{"op_code":8,"worker_id":"7b43fadc-5b08-46f8-ac2f-604fd7858615-140101227956096","trial_id":35,"user_attr":{"raw_metrics":[-0.03103891465822434,-0.005204946390739351,0.3,0.008152104616788499,0.09757575757575757,0.028135106312171365,-0.0,-0.0]}}
{"op_code":8,"worker_id":"7b43fadc-5b08-46f8-ac2f-604fd7858615-140101227956096","trial_id":35,"user_attr":{"val_metrics":[0.0,0.0,-0.04242424242424243,-0.09425442274659872]}}
{"op_code":8,"worker_id":"7b43fadc-5b08-46f8-ac2f-604fd7858615-140101227956096","trial_id":35,"user_attr":{"params":{"model_type":"skglm_mcp","k_weight":1.46550260040856,"skglm_mcp_alpha":3.366627702179273,"skglm_mcp_gamma":9.96021580206154,"skglm_mcp_delta":3.682658321747561}}}
{"op_code":8,"worker_id":"7b43fadc-5b08-46f8-ac2f-604fd7858615-140101227956096","trial_id":35,"user_attr":{"reg_kappa":4.2462788597536125}}
{"op_code":6,"worker_id":"7b43fadc-5b08-46f8-ac2f-604fd7858615-140101227956096","trial_id":35,"state":1,"values":[0.0],"datetime_complete":"2026-07-06T05:10:38.775320"}
{"op_code":6,"worker_id":"b017ace0-5222-4ac5-bddc-d46445843dad-140517677348736","trial_id":25,"state":3,"values":null,"datetime_complete":"2026-07-06T05:10:39.238676"}
{"op_code":6,"worker_id":"b263526b-b475-4f11-af58-4e518c416926-140339762579328","trial_id":30,"state":3,"values":null,"datetime_complete":"2026-07-06T05:10:39.275856"}
{"op_code":6,"worker_id":"2042e36e-9886-4aa1-92d3-aad7296bdcae-140010771785600","trial_id":34,"state":3,"values":null,"datetime_complete":"2026-07-06T05:10:39.306246"}
{"op_code":6,"worker_id":"27d9519b-27da-4021-b720-58cd061d8765-139630664304512","trial_id":31,"state":3,"values":null,"datetime_complete":"2026-07-06T05:10:39.308120"}
{"op_code":6,"worker_id":"61663180-8e6f-4d23-9322-3d905c08ab71-140115050977152","trial_id":28,"state":3,"values":null,"datetime_complete":"2026-07-06T05:10:39.311191"}
{"op_code":6,"worker_id":"e60b5fe9-e4e3-4275-98a4-72edccada651-140440536655744","trial_id":32,"state":3,"values":null,"datetime_complete":"2026-07-06T05:10:39.343569"}
{"op_code":8,"worker_id":"fa902b5c-aac7-4c96-9370-f4194bc723bf-140427596064640","trial_id":26,"user_attr":{"raw_metrics":[2.8809194614199596,0.33287861991792644,1.0,0.17051715593404965,0.5672727272727273,0.6520547831341897,-0.5338030666222933,-1.054937720298767]}}
{"op_code":8,"worker_id":"fa902b5c-aac7-4c96-9370-f4194bc723bf-140427596064640","trial_id":26,"user_attr":{"val_metrics":[0.1014265340932669,0.10746851932262266,0.7212121212121212,0.2591157518699765]}}
{"op_code":8,"worker_id":"fa902b5c-aac7-4c96-9370-f4194bc723bf-140427596064640","trial_id":26,"user_attr":{"params":{"model_type":"skglm_mcp","k_weight":1.4938324430332384,"skglm_mcp_alpha":0.0006128798961384029,"skglm_mcp_gamma":8.473710945479791,"skglm_mcp_delta":4.2080093336751645}}}
{"op_code":8,"worker_id":"fa902b5c-aac7-4c96-9370-f4194bc723bf-140427596064640","trial_id":26,"user_attr":{"reg_kappa":6.085367621476587}}
{"op_code":6,"worker_id":"fa902b5c-aac7-4c96-9370-f4194bc723bf-140427596064640","trial_id":26,"state":1,"values":[0.20889505341588957],"datetime_complete":"2026-07-06T05:10:39.862522"}
{"op_code":8,"worker_id":"885e1cc3-e715-4ffe-a471-d16b54cc86e0-140624109488000","trial_id":29,"user_attr":{"raw_metrics":[2.8195339668815245,0.3373822001387025,1.0,0.16982470430641064,0.5793939393939394,0.6294366401174974,-0.5289047939186983,-1.0827393531799316]}}
{"op_code":8,"worker_id":"885e1cc3-e715-4ffe-a471-d16b54cc86e0-140624109488000","trial_id":29,"user_attr":{"val_metrics":[0.10362731350293594,0.13113330438558402,0.7575757575757576,0.5062783734872938]}}
{"op_code":8,"worker_id":"885e1cc3-e715-4ffe-a471-d16b54cc86e0-140624109488000","trial_id":29,"user_attr":{"params":{"model_type":"skglm_mcp","k_weight":1.4878777144662056,"skglm_mcp_alpha":0.00037549193113244257,"skglm_mcp_gamma":9.438331363599552,"skglm_mcp_delta":4.712655645397971}}}
{"op_code":8,"worker_id":"885e1cc3-e715-4ffe-a471-d16b54cc86e0-140624109488000","trial_id":29,"user_attr":{"reg_kappa":6.072632976389712}}
{"op_code":6,"worker_id":"885e1cc3-e715-4ffe-a471-d16b54cc86e0-140624109488000","trial_id":29,"state":1,"values":[0.23476061788851996],"datetime_complete":"2026-07-06T05:10:39.889782"}
