{"op_code":0,"worker_id":"9212b79e-2f0d-4fa0-b8b9-f6c5b6d69fd3-22948","study_name":"main_300ETF_short_r202506_sortino_armC","directions":[2]}
{"op_code":4,"worker_id":"9ad855fa-cad2-448a-976f-d41f292486f9-19176","study_id":0,"datetime_start":"2026-07-14T11:43:13.705360"}
{"op_code":5,"worker_id":"9ad855fa-cad2-448a-976f-d41f292486f9-19176","trial_id":0,"param_name":"k_weight","param_value_internal":0.17258184958466843,"distribution":"{\"name\": \"FloatDistribution\", \"attributes\": {\"step\": null, \"low\": 0.0, \"high\": 1.5, \"log\": false}}"}
{"op_code":4,"worker_id":"56ca1230-49bd-4738-90b4-c349358b1cba-20880","study_id":0,"datetime_start":"2026-07-14T11:43:13.707833"}
{"op_code":5,"worker_id":"56ca1230-49bd-4738-90b4-c349358b1cba-20880","trial_id":1,"param_name":"k_weight","param_value_internal":1.252263222998474,"distribution":"{\"name\": \"FloatDistribution\", \"attributes\": {\"step\": null, \"low\": 0.0, \"high\": 1.5, \"log\": false}}"}
{"op_code":4,"worker_id":"56090a9b-1905-4955-a4d4-757ea7ea4376-12024","study_id":0,"datetime_start":"2026-07-14T11:43:13.710122"}
{"op_code":5,"worker_id":"56090a9b-1905-4955-a4d4-757ea7ea4376-12024","trial_id":2,"param_name":"k_weight","param_value_internal":1.4835172702134,"distribution":"{\"name\": \"FloatDistribution\", \"attributes\": {\"step\": null, \"low\": 0.0, \"high\": 1.5, \"log\": false}}"}
{"op_code":4,"worker_id":"288e11e3-cba8-42af-92d3-e92c7c9350bd-3216","study_id":0,"datetime_start":"2026-07-14T11:43:13.712478"}
{"op_code":5,"worker_id":"288e11e3-cba8-42af-92d3-e92c7c9350bd-3216","trial_id":3,"param_name":"k_weight","param_value_internal":1.175748526208626,"distribution":"{\"name\": \"FloatDistribution\", \"attributes\": {\"step\": null, \"low\": 0.0, \"high\": 1.5, \"log\": false}}"}
{"op_code":4,"worker_id":"6bc4ec66-d5df-43f1-961f-cadb39ec293b-6576","study_id":0,"datetime_start":"2026-07-14T11:43:13.714738"}
{"op_code":5,"worker_id":"6bc4ec66-d5df-43f1-961f-cadb39ec293b-6576","trial_id":4,"param_name":"k_weight","param_value_internal":0.17023270784047428,"distribution":"{\"name\": \"FloatDistribution\", \"attributes\": {\"step\": null, \"low\": 0.0, \"high\": 1.5, \"log\": false}}"}
{"op_code":5,"worker_id":"6bc4ec66-d5df-43f1-961f-cadb39ec293b-6576","trial_id":4,"param_name":"unified_alpha","param_value_internal":7.029081301964993,"distribution":"{\"name\": \"FloatDistribution\", \"attributes\": {\"step\": null, \"low\": 1e-05, \"high\": 10.0, \"log\": true}}"}
{"op_code":5,"worker_id":"6bc4ec66-d5df-43f1-961f-cadb39ec293b-6576","trial_id":4,"param_name":"unified_rho","param_value_internal":0.7287346335011062,"distribution":"{\"name\": \"FloatDistribution\", \"attributes\": {\"step\": null, \"low\": 0.0, \"high\": 1.0, \"log\": false}}"}
{"op_code":5,"worker_id":"6bc4ec66-d5df-43f1-961f-cadb39ec293b-6576","trial_id":4,"param_name":"unified_gamma","param_value_internal":33.11860795398065,"distribution":"{\"name\": \"FloatDistribution\", \"attributes\": {\"step\": null, \"low\": 1.5, \"high\": 10000.0, \"log\": true}}"}
{"op_code":4,"worker_id":"562318a8-3af1-4f8d-9a23-0ba97466c1a9-8436","study_id":0,"datetime_start":"2026-07-14T11:43:13.717153"}
{"op_code":5,"worker_id":"562318a8-3af1-4f8d-9a23-0ba97466c1a9-8436","trial_id":5,"param_name":"k_weight","param_value_internal":0.026235406396728944,"distribution":"{\"name\": \"FloatDistribution\", \"attributes\": {\"step\": null, \"low\": 0.0, \"high\": 1.5, \"log\": false}}"}
{"op_code":4,"worker_id":"42647e9c-e2ed-4756-9b3a-cfaab8fc804f-16052","study_id":0,"datetime_start":"2026-07-14T11:43:13.719614"}
{"op_code":5,"worker_id":"42647e9c-e2ed-4756-9b3a-cfaab8fc804f-16052","trial_id":6,"param_name":"k_weight","param_value_internal":0.45144668378387187,"distribution":"{\"name\": \"FloatDistribution\", \"attributes\": {\"step\": null, \"low\": 0.0, \"high\": 1.5, \"log\": false}}"}
{"op_code":4,"worker_id":"18079136-944d-4f4d-a6c4-ff56665cf9dc-31796","study_id":0,"datetime_start":"2026-07-14T11:43:13.726298"}
{"op_code":5,"worker_id":"18079136-944d-4f4d-a6c4-ff56665cf9dc-31796","trial_id":7,"param_name":"k_weight","param_value_internal":1.234665511064688,"distribution":"{\"name\": \"FloatDistribution\", \"attributes\": {\"step\": null, \"low\": 0.0, \"high\": 1.5, \"log\": false}}"}
{"op_code":5,"worker_id":"18079136-944d-4f4d-a6c4-ff56665cf9dc-31796","trial_id":7,"param_name":"unified_alpha","param_value_internal":1.4345242342057838e-05,"distribution":"{\"name\": \"FloatDistribution\", \"attributes\": {\"step\": null, \"low\": 1e-05, \"high\": 10.0, \"log\": true}}"}
{"op_code":4,"worker_id":"76c1675d-2661-4557-8d21-c52b0187be0c-22852","study_id":0,"datetime_start":"2026-07-14T11:43:13.728835"}
{"op_code":4,"worker_id":"b76ee1ee-c2ba-4d63-8109-9cc36b1a1704-30084","study_id":0,"datetime_start":"2026-07-14T11:43:13.730874"}
{"op_code":5,"worker_id":"76c1675d-2661-4557-8d21-c52b0187be0c-22852","trial_id":8,"param_name":"k_weight","param_value_internal":1.2699936108152008,"distribution":"{\"name\": \"FloatDistribution\", \"attributes\": {\"step\": null, \"low\": 0.0, \"high\": 1.5, \"log\": false}}"}
{"op_code":4,"worker_id":"ac0cd71c-3ad5-4622-b67f-6593b0937a09-23408","study_id":0,"datetime_start":"2026-07-14T11:43:13.733493"}
{"op_code":5,"worker_id":"ac0cd71c-3ad5-4622-b67f-6593b0937a09-23408","trial_id":10,"param_name":"k_weight","param_value_internal":0.139662430007787,"distribution":"{\"name\": \"FloatDistribution\", \"attributes\": {\"step\": null, \"low\": 0.0, \"high\": 1.5, \"log\": false}}"}
{"op_code":4,"worker_id":"911d2d98-71c4-454a-826b-c672e98e3aed-8896","study_id":0,"datetime_start":"2026-07-14T11:43:13.738084"}
{"op_code":5,"worker_id":"911d2d98-71c4-454a-826b-c672e98e3aed-8896","trial_id":11,"param_name":"k_weight","param_value_internal":0.1310244643532626,"distribution":"{\"name\": \"FloatDistribution\", \"attributes\": {\"step\": null, \"low\": 0.0, \"high\": 1.5, \"log\": false}}"}
{"op_code":5,"worker_id":"911d2d98-71c4-454a-826b-c672e98e3aed-8896","trial_id":11,"param_name":"unified_alpha","param_value_internal":0.00024146967484786692,"distribution":"{\"name\": \"FloatDistribution\", \"attributes\": {\"step\": null, \"low\": 1e-05, \"high\": 10.0, \"log\": true}}"}
{"op_code":5,"worker_id":"9ad855fa-cad2-448a-976f-d41f292486f9-19176","trial_id":0,"param_name":"unified_alpha","param_value_internal":0.0451231319213065,"distribution":"{\"name\": \"FloatDistribution\", \"attributes\": {\"step\": null, \"low\": 1e-05, \"high\": 10.0, \"log\": true}}"}
{"op_code":5,"worker_id":"9ad855fa-cad2-448a-976f-d41f292486f9-19176","trial_id":0,"param_name":"unified_rho","param_value_internal":0.13339096418598828,"distribution":"{\"name\": \"FloatDistribution\", \"attributes\": {\"step\": null, \"low\": 0.0, \"high\": 1.0, \"log\": false}}"}
{"op_code":5,"worker_id":"56090a9b-1905-4955-a4d4-757ea7ea4376-12024","trial_id":2,"param_name":"unified_alpha","param_value_internal":0.019827518376799098,"distribution":"{\"name\": \"FloatDistribution\", \"attributes\": {\"step\": null, \"low\": 1e-05, \"high\": 10.0, \"log\": true}}"}
{"op_code":5,"worker_id":"ac0cd71c-3ad5-4622-b67f-6593b0937a09-23408","trial_id":10,"param_name":"unified_alpha","param_value_internal":6.75982604244183,"distribution":"{\"name\": \"FloatDistribution\", \"attributes\": {\"step\": null, \"low\": 1e-05, \"high\": 10.0, \"log\": true}}"}
{"op_code":4,"worker_id":"27013691-423a-4374-8f79-ab8cbc2c4805-11668","study_id":0,"datetime_start":"2026-07-14T11:43:13.747428"}
{"op_code":5,"worker_id":"27013691-423a-4374-8f79-ab8cbc2c4805-11668","trial_id":12,"param_name":"k_weight","param_value_internal":1.2367042138699227,"distribution":"{\"name\": \"FloatDistribution\", \"attributes\": {\"step\": null, \"low\": 0.0, \"high\": 1.5, \"log\": false}}"}
{"op_code":4,"worker_id":"ba6b7823-91af-4522-a9e9-67ca1581d274-18156","study_id":0,"datetime_start":"2026-07-14T11:43:13.752512"}
{"op_code":4,"worker_id":"0a6dcc45-ea33-448a-8198-816aa06372d4-24340","study_id":0,"datetime_start":"2026-07-14T11:43:13.735723"}
{"op_code":4,"worker_id":"063db985-a8c8-466c-8798-040ddeb7bf9b-7108","study_id":0,"datetime_start":"2026-07-14T11:43:13.755095"}
{"op_code":5,"worker_id":"0a6dcc45-ea33-448a-8198-816aa06372d4-24340","trial_id":14,"param_name":"k_weight","param_value_internal":1.476287775813865,"distribution":"{\"name\": \"FloatDistribution\", \"attributes\": {\"step\": null, \"low\": 0.0, \"high\": 1.5, \"log\": false}}"}
{"op_code":5,"worker_id":"ac0cd71c-3ad5-4622-b67f-6593b0937a09-23408","trial_id":10,"param_name":"unified_rho","param_value_internal":0.4838599804636461,"distribution":"{\"name\": \"FloatDistribution\", \"attributes\": {\"step\": null, \"low\": 0.0, \"high\": 1.0, \"log\": false}}"}
{"op_code":5,"worker_id":"ba6b7823-91af-4522-a9e9-67ca1581d274-18156","trial_id":13,"param_name":"k_weight","param_value_internal":0.8309115337508797,"distribution":"{\"name\": \"FloatDistribution\", \"attributes\": {\"step\": null, \"low\": 0.0, \"high\": 1.5, \"log\": false}}"}
{"op_code":5,"worker_id":"27013691-423a-4374-8f79-ab8cbc2c4805-11668","trial_id":12,"param_name":"unified_alpha","param_value_internal":0.00012248936831990408,"distribution":"{\"name\": \"FloatDistribution\", \"attributes\": {\"step\": null, \"low\": 1e-05, \"high\": 10.0, \"log\": true}}"}
{"op_code":5,"worker_id":"0a6dcc45-ea33-448a-8198-816aa06372d4-24340","trial_id":14,"param_name":"unified_alpha","param_value_internal":0.0010010910900983274,"distribution":"{\"name\": \"FloatDistribution\", \"attributes\": {\"step\": null, \"low\": 1e-05, \"high\": 10.0, \"log\": true}}"}
{"op_code":5,"worker_id":"ac0cd71c-3ad5-4622-b67f-6593b0937a09-23408","trial_id":10,"param_name":"unified_gamma","param_value_internal":12.690418291229948,"distribution":"{\"name\": \"FloatDistribution\", \"attributes\": {\"step\": null, \"low\": 1.5, \"high\": 10000.0, \"log\": true}}"}
{"op_code":4,"worker_id":"1e996c1e-8e20-4114-8a25-4cfc5683fae8-27064","study_id":0,"datetime_start":"2026-07-14T11:43:13.750010"}
{"op_code":4,"worker_id":"52f9db0b-b9a5-422f-a143-8ac4c7f77135-14384","study_id":0,"datetime_start":"2026-07-14T11:43:13.759438"}
{"op_code":5,"worker_id":"76c1675d-2661-4557-8d21-c52b0187be0c-22852","trial_id":8,"param_name":"unified_alpha","param_value_internal":0.023280550286246,"distribution":"{\"name\": \"FloatDistribution\", \"attributes\": {\"step\": null, \"low\": 1e-05, \"high\": 10.0, \"log\": true}}"}
{"op_code":5,"worker_id":"ba6b7823-91af-4522-a9e9-67ca1581d274-18156","trial_id":13,"param_name":"unified_alpha","param_value_internal":0.0023849943922257424,"distribution":"{\"name\": \"FloatDistribution\", \"attributes\": {\"step\": null, \"low\": 1e-05, \"high\": 10.0, \"log\": true}}"}
{"op_code":5,"worker_id":"52f9db0b-b9a5-422f-a143-8ac4c7f77135-14384","trial_id":17,"param_name":"k_weight","param_value_internal":0.2314313671969137,"distribution":"{\"name\": \"FloatDistribution\", \"attributes\": {\"step\": null, \"low\": 0.0, \"high\": 1.5, \"log\": false}}"}
{"op_code":4,"worker_id":"f6a1beab-0734-48b9-9fff-ed361f1d047b-19068","study_id":0,"datetime_start":"2026-07-14T11:43:13.740555"}
{"op_code":5,"worker_id":"0a6dcc45-ea33-448a-8198-816aa06372d4-24340","trial_id":14,"param_name":"unified_rho","param_value_internal":0.6737016246691375,"distribution":"{\"name\": \"FloatDistribution\", \"attributes\": {\"step\": null, \"low\": 0.0, \"high\": 1.0, \"log\": false}}"}
{"op_code":5,"worker_id":"f6a1beab-0734-48b9-9fff-ed361f1d047b-19068","trial_id":18,"param_name":"k_weight","param_value_internal":0.5476583745340409,"distribution":"{\"name\": \"FloatDistribution\", \"attributes\": {\"step\": null, \"low\": 0.0, \"high\": 1.5, \"log\": false}}"}
{"op_code":4,"worker_id":"9476f4c7-a216-48a6-bcf2-bf2794ad28f4-4680","study_id":0,"datetime_start":"2026-07-14T11:43:13.745708"}
{"op_code":5,"worker_id":"9476f4c7-a216-48a6-bcf2-bf2794ad28f4-4680","trial_id":19,"param_name":"k_weight","param_value_internal":0.45130999506992814,"distribution":"{\"name\": \"FloatDistribution\", \"attributes\": {\"step\": null, \"low\": 0.0, \"high\": 1.5, \"log\": false}}"}
{"op_code":5,"worker_id":"288e11e3-cba8-42af-92d3-e92c7c9350bd-3216","trial_id":3,"param_name":"unified_alpha","param_value_internal":0.06441725825501599,"distribution":"{\"name\": \"FloatDistribution\", \"attributes\": {\"step\": null, \"low\": 1e-05, \"high\": 10.0, \"log\": true}}"}
{"op_code":5,"worker_id":"52f9db0b-b9a5-422f-a143-8ac4c7f77135-14384","trial_id":17,"param_name":"unified_alpha","param_value_internal":6.341578374585632e-05,"distribution":"{\"name\": \"FloatDistribution\", \"attributes\": {\"step\": null, \"low\": 1e-05, \"high\": 10.0, \"log\": true}}"}
{"op_code":5,"worker_id":"9476f4c7-a216-48a6-bcf2-bf2794ad28f4-4680","trial_id":19,"param_name":"unified_alpha","param_value_internal":0.00013233505373256015,"distribution":"{\"name\": \"FloatDistribution\", \"attributes\": {\"step\": null, \"low\": 1e-05, \"high\": 10.0, \"log\": true}}"}
{"op_code":5,"worker_id":"288e11e3-cba8-42af-92d3-e92c7c9350bd-3216","trial_id":3,"param_name":"unified_rho","param_value_internal":0.24904309151574888,"distribution":"{\"name\": \"FloatDistribution\", \"attributes\": {\"step\": null, \"low\": 0.0, \"high\": 1.0, \"log\": false}}"}
{"op_code":5,"worker_id":"1e996c1e-8e20-4114-8a25-4cfc5683fae8-27064","trial_id":16,"param_name":"k_weight","param_value_internal":0.050632065634812484,"distribution":"{\"name\": \"FloatDistribution\", \"attributes\": {\"step\": null, \"low\": 0.0, \"high\": 1.5, \"log\": false}}"}
{"op_code":5,"worker_id":"9476f4c7-a216-48a6-bcf2-bf2794ad28f4-4680","trial_id":19,"param_name":"unified_rho","param_value_internal":0.32318267696821945,"distribution":"{\"name\": \"FloatDistribution\", \"attributes\": {\"step\": null, \"low\": 0.0, \"high\": 1.0, \"log\": false}}"}
{"op_code":5,"worker_id":"1e996c1e-8e20-4114-8a25-4cfc5683fae8-27064","trial_id":16,"param_name":"unified_alpha","param_value_internal":0.008602903428863091,"distribution":"{\"name\": \"FloatDistribution\", \"attributes\": {\"step\": null, \"low\": 1e-05, \"high\": 10.0, \"log\": true}}"}
{"op_code":5,"worker_id":"ba6b7823-91af-4522-a9e9-67ca1581d274-18156","trial_id":13,"param_name":"unified_rho","param_value_internal":0.04812677258007669,"distribution":"{\"name\": \"FloatDistribution\", \"attributes\": {\"step\": null, \"low\": 0.0, \"high\": 1.0, \"log\": false}}"}
{"op_code":5,"worker_id":"9476f4c7-a216-48a6-bcf2-bf2794ad28f4-4680","trial_id":19,"param_name":"unified_gamma","param_value_internal":527.0561194914657,"distribution":"{\"name\": \"FloatDistribution\", \"attributes\": {\"step\": null, \"low\": 1.5, \"high\": 10000.0, \"log\": true}}"}
{"op_code":5,"worker_id":"42647e9c-e2ed-4756-9b3a-cfaab8fc804f-16052","trial_id":6,"param_name":"unified_alpha","param_value_internal":0.0003036483963037555,"distribution":"{\"name\": \"FloatDistribution\", \"attributes\": {\"step\": null, \"low\": 1e-05, \"high\": 10.0, \"log\": true}}"}
{"op_code":5,"worker_id":"ba6b7823-91af-4522-a9e9-67ca1581d274-18156","trial_id":13,"param_name":"unified_gamma","param_value_internal":153.53774586034245,"distribution":"{\"name\": \"FloatDistribution\", \"attributes\": {\"step\": null, \"low\": 1.5, \"high\": 10000.0, \"log\": true}}"}
{"op_code":5,"worker_id":"9476f4c7-a216-48a6-bcf2-bf2794ad28f4-4680","trial_id":19,"param_name":"huber_delta","param_value_internal":3.05136860436146,"distribution":"{\"name\": \"FloatDistribution\", \"attributes\": {\"step\": null, \"low\": 0.5, \"high\": 5.0, \"log\": false}}"}
{"op_code":5,"worker_id":"42647e9c-e2ed-4756-9b3a-cfaab8fc804f-16052","trial_id":6,"param_name":"unified_rho","param_value_internal":0.9263351350591756,"distribution":"{\"name\": \"FloatDistribution\", \"attributes\": {\"step\": null, \"low\": 0.0, \"high\": 1.0, \"log\": false}}"}
{"op_code":5,"worker_id":"27013691-423a-4374-8f79-ab8cbc2c4805-11668","trial_id":12,"param_name":"unified_rho","param_value_internal":0.8773267682070526,"distribution":"{\"name\": \"FloatDistribution\", \"attributes\": {\"step\": null, \"low\": 0.0, \"high\": 1.0, \"log\": false}}"}
{"op_code":5,"worker_id":"1e996c1e-8e20-4114-8a25-4cfc5683fae8-27064","trial_id":16,"param_name":"unified_rho","param_value_internal":0.8460850972808829,"distribution":"{\"name\": \"FloatDistribution\", \"attributes\": {\"step\": null, \"low\": 0.0, \"high\": 1.0, \"log\": false}}"}
{"op_code":5,"worker_id":"27013691-423a-4374-8f79-ab8cbc2c4805-11668","trial_id":12,"param_name":"unified_gamma","param_value_internal":121.99158381094936,"distribution":"{\"name\": \"FloatDistribution\", \"attributes\": {\"step\": null, \"low\": 1.5, \"high\": 10000.0, \"log\": true}}"}
{"op_code":5,"worker_id":"27013691-423a-4374-8f79-ab8cbc2c4805-11668","trial_id":12,"param_name":"huber_delta","param_value_internal":4.842168949502053,"distribution":"{\"name\": \"FloatDistribution\", \"attributes\": {\"step\": null, \"low\": 0.5, \"high\": 5.0, \"log\": false}}"}
{"op_code":5,"worker_id":"288e11e3-cba8-42af-92d3-e92c7c9350bd-3216","trial_id":3,"param_name":"unified_gamma","param_value_internal":1188.2400441757075,"distribution":"{\"name\": \"FloatDistribution\", \"attributes\": {\"step\": null, \"low\": 1.5, \"high\": 10000.0, \"log\": true}}"}
{"op_code":5,"worker_id":"ba6b7823-91af-4522-a9e9-67ca1581d274-18156","trial_id":13,"param_name":"huber_delta","param_value_internal":1.1886736181535065,"distribution":"{\"name\": \"FloatDistribution\", \"attributes\": {\"step\": null, \"low\": 0.5, \"high\": 5.0, \"log\": false}}"}
{"op_code":5,"worker_id":"42647e9c-e2ed-4756-9b3a-cfaab8fc804f-16052","trial_id":6,"param_name":"unified_gamma","param_value_internal":3850.360914752656,"distribution":"{\"name\": \"FloatDistribution\", \"attributes\": {\"step\": null, \"low\": 1.5, \"high\": 10000.0, \"log\": true}}"}
{"op_code":5,"worker_id":"42647e9c-e2ed-4756-9b3a-cfaab8fc804f-16052","trial_id":6,"param_name":"huber_delta","param_value_internal":3.5747454198874413,"distribution":"{\"name\": \"FloatDistribution\", \"attributes\": {\"step\": null, \"low\": 0.5, \"high\": 5.0, \"log\": false}}"}
{"op_code":5,"worker_id":"1e996c1e-8e20-4114-8a25-4cfc5683fae8-27064","trial_id":16,"param_name":"unified_gamma","param_value_internal":56.13774483442881,"distribution":"{\"name\": \"FloatDistribution\", \"attributes\": {\"step\": null, \"low\": 1.5, \"high\": 10000.0, \"log\": true}}"}
{"op_code":5,"worker_id":"1e996c1e-8e20-4114-8a25-4cfc5683fae8-27064","trial_id":16,"param_name":"huber_delta","param_value_internal":3.3413691817884414,"distribution":"{\"name\": \"FloatDistribution\", \"attributes\": {\"step\": null, \"low\": 0.5, \"high\": 5.0, \"log\": false}}"}
{"op_code":5,"worker_id":"f6a1beab-0734-48b9-9fff-ed361f1d047b-19068","trial_id":18,"param_name":"unified_alpha","param_value_internal":0.00509607129650663,"distribution":"{\"name\": \"FloatDistribution\", \"attributes\": {\"step\": null, \"low\": 1e-05, \"high\": 10.0, \"log\": true}}"}
{"op_code":5,"worker_id":"9ad855fa-cad2-448a-976f-d41f292486f9-19176","trial_id":0,"param_name":"unified_gamma","param_value_internal":12.476248311536951,"distribution":"{\"name\": \"FloatDistribution\", \"attributes\": {\"step\": null, \"low\": 1.5, \"high\": 10000.0, \"log\": true}}"}
{"op_code":5,"worker_id":"288e11e3-cba8-42af-92d3-e92c7c9350bd-3216","trial_id":3,"param_name":"huber_delta","param_value_internal":1.9088462103425592,"distribution":"{\"name\": \"FloatDistribution\", \"attributes\": {\"step\": null, \"low\": 0.5, \"high\": 5.0, \"log\": false}}"}
{"op_code":5,"worker_id":"f6a1beab-0734-48b9-9fff-ed361f1d047b-19068","trial_id":18,"param_name":"unified_rho","param_value_internal":0.4960603487677895,"distribution":"{\"name\": \"FloatDistribution\", \"attributes\": {\"step\": null, \"low\": 0.0, \"high\": 1.0, \"log\": false}}"}
{"op_code":5,"worker_id":"9ad855fa-cad2-448a-976f-d41f292486f9-19176","trial_id":0,"param_name":"huber_delta","param_value_internal":1.972125751150129,"distribution":"{\"name\": \"FloatDistribution\", \"attributes\": {\"step\": null, \"low\": 0.5, \"high\": 5.0, \"log\": false}}"}
{"op_code":5,"worker_id":"f6a1beab-0734-48b9-9fff-ed361f1d047b-19068","trial_id":18,"param_name":"unified_gamma","param_value_internal":2.919195228671233,"distribution":"{\"name\": \"FloatDistribution\", \"attributes\": {\"step\": null, \"low\": 1.5, \"high\": 10000.0, \"log\": true}}"}
{"op_code":5,"worker_id":"f6a1beab-0734-48b9-9fff-ed361f1d047b-19068","trial_id":18,"param_name":"huber_delta","param_value_internal":3.072927120474744,"distribution":"{\"name\": \"FloatDistribution\", \"attributes\": {\"step\": null, \"low\": 0.5, \"high\": 5.0, \"log\": false}}"}
{"op_code":4,"worker_id":"7b55b6e8-4dc3-42f0-8e2a-5475375f3344-27448","study_id":0,"datetime_start":"2026-07-14T11:43:13.757161"}
{"op_code":5,"worker_id":"063db985-a8c8-466c-8798-040ddeb7bf9b-7108","trial_id":15,"param_name":"k_weight","param_value_internal":0.5686477881506551,"distribution":"{\"name\": \"FloatDistribution\", \"attributes\": {\"step\": null, \"low\": 0.0, \"high\": 1.5, \"log\": false}}"}
{"op_code":5,"worker_id":"063db985-a8c8-466c-8798-040ddeb7bf9b-7108","trial_id":15,"param_name":"unified_alpha","param_value_internal":0.025269055139108366,"distribution":"{\"name\": \"FloatDistribution\", \"attributes\": {\"step\": null, \"low\": 1e-05, \"high\": 10.0, \"log\": true}}"}
{"op_code":5,"worker_id":"063db985-a8c8-466c-8798-040ddeb7bf9b-7108","trial_id":15,"param_name":"unified_rho","param_value_internal":0.5955925126571219,"distribution":"{\"name\": \"FloatDistribution\", \"attributes\": {\"step\": null, \"low\": 0.0, \"high\": 1.0, \"log\": false}}"}
{"op_code":5,"worker_id":"063db985-a8c8-466c-8798-040ddeb7bf9b-7108","trial_id":15,"param_name":"unified_gamma","param_value_internal":78.76089354518557,"distribution":"{\"name\": \"FloatDistribution\", \"attributes\": {\"step\": null, \"low\": 1.5, \"high\": 10000.0, \"log\": true}}"}
{"op_code":5,"worker_id":"063db985-a8c8-466c-8798-040ddeb7bf9b-7108","trial_id":15,"param_name":"huber_delta","param_value_internal":2.556589214276234,"distribution":"{\"name\": \"FloatDistribution\", \"attributes\": {\"step\": null, \"low\": 0.5, \"high\": 5.0, \"log\": false}}"}
{"op_code":8,"worker_id":"9476f4c7-a216-48a6-bcf2-bf2794ad28f4-4680","trial_id":19,"user_attr":{"constraints":[-0.00408517836712405,0.0283263196561223,0.0,0.12515151515151515,-0.09278116680043257,-96.0,-8.0,-0.013864105864105868,0.09999999999999998,-1240.4326248826942,0.02359943977591039,0.056654456654456675]}}
{"op_code":5,"worker_id":"7b55b6e8-4dc3-42f0-8e2a-5475375f3344-27448","trial_id":20,"param_name":"k_weight","param_value_internal":0.32796757522080905,"distribution":"{\"name\": \"FloatDistribution\", \"attributes\": {\"step\": null, \"low\": 0.0, \"high\": 1.5, \"log\": false}}"}
{"op_code":5,"worker_id":"7b55b6e8-4dc3-42f0-8e2a-5475375f3344-27448","trial_id":20,"param_name":"unified_alpha","param_value_internal":1.543179043837076e-05,"distribution":"{\"name\": \"FloatDistribution\", \"attributes\": {\"step\": null, \"low\": 1e-05, \"high\": 10.0, \"log\": true}}"}
{"op_code":5,"worker_id":"7b55b6e8-4dc3-42f0-8e2a-5475375f3344-27448","trial_id":20,"param_name":"unified_rho","param_value_internal":0.2871252773397034,"distribution":"{\"name\": \"FloatDistribution\", \"attributes\": {\"step\": null, \"low\": 0.0, \"high\": 1.0, \"log\": false}}"}
{"op_code":8,"worker_id":"9476f4c7-a216-48a6-bcf2-bf2794ad28f4-4680","trial_id":19,"user_attr":{"pruned_reasons":["M2 (Yearly Tail IC Mean <= 0)","M5 (Monotonicity <= 0.25)","Side-specific Hit Rate (40.00% < 50%)","Yearly Daily Win Rate (42.64% < 45%)","Side-specific Yearly Daily Win Rate (39.33% < 45%)"]}}
{"op_code":8,"worker_id":"27013691-423a-4374-8f79-ab8cbc2c4805-11668","trial_id":12,"user_attr":{"constraints":[-0.004597425326631367,0.0259841941306466,0.0,0.04757575757575755,-0.05344624216058906,-42.0,-8.0,0.03735070935070935,-0.09999999999999998,-1419.4860146997605,0.04548319327731093,0.04841269841269841]}}
{"op_code":8,"worker_id":"27013691-423a-4374-8f79-ab8cbc2c4805-11668","trial_id":12,"user_attr":{"pruned_reasons":["M2 (Yearly Tail IC Mean <= 0)","M5 (Monotonicity <= 0.25)","Side-specific Yearly Tail IC Mean (-0.0374 <= 0)","Yearly Daily Win Rate (40.45% < 45%)","Side-specific Yearly Daily Win Rate (40.16% < 45%)"]}}
{"op_code":8,"worker_id":"9476f4c7-a216-48a6-bcf2-bf2794ad28f4-4680","trial_id":19,"user_attr":{"gini":0.3333403839095128}}
{"op_code":8,"worker_id":"ba6b7823-91af-4522-a9e9-67ca1581d274-18156","trial_id":13,"user_attr":{"constraints":[-0.003865040534882053,0.05669598833997682,0.0,0.15424242424242424,-0.15836748141846874,0.0,0.0,0.12390183121963398,0.3,-1314.3708936184407,0.01109943977591038,0.011111111111111183]}}
{"op_code":8,"worker_id":"ba6b7823-91af-4522-a9e9-67ca1581d274-18156","trial_id":13,"user_attr":{"pruned_reasons":["M2 (Yearly Tail IC Mean <= 0)","M5 (Monotonicity <= 0.25)","Side-specific Yearly Tail IC Mean (-0.1239 <= 0)","Side-specific Hit Rate (20.00% < 50%)","Yearly Daily Win Rate (43.89% < 45%)","Side-specific Yearly Daily Win Rate (43.89% < 45%)"]}}
{"op_code":8,"worker_id":"27013691-423a-4374-8f79-ab8cbc2c4805-11668","trial_id":12,"user_attr":{"gini":0.3750084665242348}}
{"op_code":8,"worker_id":"27013691-423a-4374-8f79-ab8cbc2c4805-11668","trial_id":12,"user_attr":{"cv_is_ics":[0.08326074481010437,0.05257628113031387,0.1052013710141182,0.03369590640068054,0.07625099271535873,0.08528328686952591,0.06368185579776764,0.04241350293159485,0.0802447721362114,0.09105107933282852,0.03489381819963455,0.05686909705400467,0.09408971667289734,0.08630215376615524,0.03673579543828964]}}
{"op_code":8,"worker_id":"ba6b7823-91af-4522-a9e9-67ca1581d274-18156","trial_id":13,"user_attr":{"gini":0.33945734135153205}}
{"op_code":8,"worker_id":"ba6b7823-91af-4522-a9e9-67ca1581d274-18156","trial_id":13,"user_attr":{"cv_is_ics":[0.10073602944612503,0.08968805521726608,0.11329101026058197,0.05845315381884575,0.09366469830274582,0.11262506246566772,0.0853521078824997,0.07380335032939911,0.1119818240404129,0.1112341582775116,0.09036802500486374,0.08760762214660645,0.12272309511899948,0.10338491201400757,0.05537644028663635]}}
{"op_code":4,"worker_id":"b9d24075-3c3f-48be-9500-23bf8a4a8ed7-24364","study_id":0,"datetime_start":"2026-07-14T11:43:13.721865"}
{"op_code":8,"worker_id":"288e11e3-cba8-42af-92d3-e92c7c9350bd-3216","trial_id":3,"user_attr":{"constraints":[-0.005497616195209237,0.05600826079336779,0.19999999999999996,0.16393939393939394,-0.1197303509399587,-48.0,-5.0,0.10011762760776892,0.3,-1401.8863131178032,0.021428571428571463,0.011111111111111072]}}
{"op_code":5,"worker_id":"b9d24075-3c3f-48be-9500-23bf8a4a8ed7-24364","trial_id":21,"param_name":"k_weight","param_value_internal":0.7419024683070321,"distribution":"{\"name\": \"FloatDistribution\", \"attributes\": {\"step\": null, \"low\": 0.0, \"high\": 1.5, \"log\": false}}"}
{"op_code":8,"worker_id":"288e11e3-cba8-42af-92d3-e92c7c9350bd-3216","trial_id":3,"user_attr":{"pruned_reasons":["M2 (Yearly Tail IC Mean <= 0)","M3 (Hit Rate < 60%)","M5 (Monotonicity <= 0.25)","Side-specific Yearly Tail IC Mean (-0.1001 <= 0)","Side-specific Hit Rate (20.00% < 50%)","Yearly Daily Win Rate (42.86% < 45%)","Side-specific Yearly Daily Win Rate (43.89% < 45%)"]}}
{"op_code":8,"worker_id":"288e11e3-cba8-42af-92d3-e92c7c9350bd-3216","trial_id":3,"user_attr":{"gini":0.4908967103545654}}
{"op_code":8,"worker_id":"288e11e3-cba8-42af-92d3-e92c7c9350bd-3216","trial_id":3,"user_attr":{"cv_is_ics":[0.07901576906442642,0.05194322392344475,0.10305587947368622,0.03328125551342964,0.07859346270561218,0.1025245264172554,0.07488132268190384,0.07231669127941132,0.10085462778806686,0.10765298455953598,0.06704189628362656,0.06279298663139343,0.11843372881412506,0.09906180948019028,0.04846547171473503]}}
{"op_code":8,"worker_id":"1e996c1e-8e20-4114-8a25-4cfc5683fae8-27064","trial_id":16,"user_attr":{"constraints":[-0.003121324708537951,0.07848626224317513,0.19999999999999996,0.15424242424242424,-0.09556364345835064,-118.0,-6.0,0.042389382389382384,0.3,-1187.8837376619372,0.014810924369747902,0.028021978021978033]}}
{"op_code":8,"worker_id":"1e996c1e-8e20-4114-8a25-4cfc5683fae8-27064","trial_id":16,"user_attr":{"pruned_reasons":["M2 (Yearly Tail IC Mean <= 0)","M3 (Hit Rate < 60%)","M5 (Monotonicity <= 0.25)","Side-specific Yearly Tail IC Mean (-0.0424 <= 0)","Side-specific Hit Rate (20.00% < 50%)","Yearly Daily Win Rate (43.52% < 45%)","Side-specific Yearly Daily Win Rate (42.20% < 45%)"]}}
{"op_code":8,"worker_id":"1e996c1e-8e20-4114-8a25-4cfc5683fae8-27064","trial_id":16,"user_attr":{"gini":0.5014184637021339}}
{"op_code":8,"worker_id":"1e996c1e-8e20-4114-8a25-4cfc5683fae8-27064","trial_id":16,"user_attr":{"cv_is_ics":[0.0978304073214531,0.06242787837982178,0.11765506118535995,0.0704389289021492,0.08883645385503769,0.10525549203157425,0.08605524152517319,0.0810270830988884,0.09749768674373627,0.11562345921993256,0.08966860175132751,0.06896109879016876,0.13583436608314514,0.11032473295927048,0.07028315961360931]}}
{"op_code":8,"worker_id":"1e996c1e-8e20-4114-8a25-4cfc5683fae8-27064","trial_id":16,"user_attr":{"cv_oos_ics":[0.05720291659235954,-0.02528390847146511,-0.05480513349175453,0.020425664260983467,-0.012992429547011852,-0.01707289181649685,0.03832041844725609,-0.0041582644917070866,0.02523782290518284,-0.0443304106593132,0.05842971429228783,0.07247103005647659,-0.006127402186393738,0.02266067825257778,0.0550667829811573]}}
{"op_code":8,"worker_id":"27013691-423a-4374-8f79-ab8cbc2c4805-11668","trial_id":12,"user_attr":{"cv_oos_ics":[0.01549167837947607,0.02097240835428238,-0.0749889612197876,0.016857117414474487,-0.014971978962421417,0.015385320410132408,0.007810491602867842,-0.009454404935240746,0.02812008000910282,-0.03237326815724373,0.09180808812379837,0.055741917341947556,-0.006388395559042692,0.024510079994797707,0.07628419250249863]}}
{"op_code":8,"worker_id":"f6a1beab-0734-48b9-9fff-ed361f1d047b-19068","trial_id":18,"user_attr":{"constraints":[-0.0036762512245165913,0.030387276634124605,0.0,0.06212121212121216,-0.10942636244353969,-89.0,-8.0,-0.07480926280926281,-0.09999999999999998,-1257.1490629136592,0.013550420168067123,0.06990231990231993]}}
{"op_code":8,"worker_id":"288e11e3-cba8-42af-92d3-e92c7c9350bd-3216","trial_id":3,"user_attr":{"cv_oos_ics":[0.041507620364427567,-0.02704760991036892,-0.06097199767827988,-0.015789352357387543,0.011066022329032421,-0.012916307896375656,-0.004688226152211428,-0.0010329188080504537,0.028181269764900208,-0.04895174503326416,0.05711172893643379,0.06492815166711807,-0.014300210401415825,0.025568604469299316,0.07406876981258392]}}
{"op_code":8,"worker_id":"ba6b7823-91af-4522-a9e9-67ca1581d274-18156","trial_id":13,"user_attr":{"cv_oos_ics":[0.02324269525706768,-0.01472493540495634,-0.043444711714982986,0.003962486982345581,-0.017541494220495224,-0.006429955828934908,0.014389765448868275,-0.016282500699162483,0.008391471579670906,-0.03121762163937092,0.03183409944176674,0.07339413464069366,-0.005370310507714748,0.028489019721746445,0.026101281866431236]}}
{"op_code":8,"worker_id":"288e11e3-cba8-42af-92d3-e92c7c9350bd-3216","trial_id":3,"user_attr":{"reg_kappa":3.2709668504585276}}
{"op_code":8,"worker_id":"063db985-a8c8-466c-8798-040ddeb7bf9b-7108","trial_id":15,"user_attr":{"constraints":[-0.00995723247885736,0.05937441785669558,0.19999999999999996,0.10575757575757577,-0.13746382672313417,-93.0,-3.0,0.025410229410229412,-0.09999999999999998,-1261.0128451457615,0.026120448179271727,0.033333333333333326]}}
{"op_code":8,"worker_id":"ba6b7823-91af-4522-a9e9-67ca1581d274-18156","trial_id":13,"user_attr":{"reg_kappa":3.282476285123799}}
{"op_code":8,"worker_id":"063db985-a8c8-466c-8798-040ddeb7bf9b-7108","trial_id":15,"user_attr":{"pruned_reasons":["M2 (Yearly Tail IC Mean <= 0)","M3 (Hit Rate < 60%)","M5 (Monotonicity <= 0.25)","Side-specific Yearly Tail IC Mean (-0.0254 <= 0)","Yearly Daily Win Rate (42.39% < 45%)","Side-specific Yearly Daily Win Rate (41.67% < 45%)"]}}
{"op_code":8,"worker_id":"27013691-423a-4374-8f79-ab8cbc2c4805-11668","trial_id":12,"user_attr":{"reg_kappa":3.5575224401320336}}
{"op_code":8,"worker_id":"f6a1beab-0734-48b9-9fff-ed361f1d047b-19068","trial_id":18,"user_attr":{"pruned_reasons":["M2 (Yearly Tail IC Mean <= 0)","M5 (Monotonicity <= 0.25)","Yearly Daily Win Rate (43.64% < 45%)","Side-specific Yearly Daily Win Rate (38.01% < 45%)"]}}
{"op_code":8,"worker_id":"f6a1beab-0734-48b9-9fff-ed361f1d047b-19068","trial_id":18,"user_attr":{"gini":0.338336044013263}}
{"op_code":8,"worker_id":"ba6b7823-91af-4522-a9e9-67ca1581d274-18156","trial_id":13,"user_attr":{"raw_metrics":[-0.3491814997205962,-0.05669598833997682,0.6,0.003865040534882053,0.09575757575757576,0.15836748141846874,-0.15930586406903588,-0.2300904542207718,0.43890056022408963]}}
{"op_code":8,"worker_id":"063db985-a8c8-466c-8798-040ddeb7bf9b-7108","trial_id":15,"user_attr":{"gini":0.5085366532014324}}
{"op_code":8,"worker_id":"27013691-423a-4374-8f79-ab8cbc2c4805-11668","trial_id":12,"user_attr":{"raw_metrics":[-0.17684550254159145,-0.0259841941306466,0.6,0.004597425326631367,0.20242424242424245,0.05344624216058906,-0.23436039490659616,-0.41047149896621704,0.4045168067226891]}}
{"op_code":8,"worker_id":"288e11e3-cba8-42af-92d3-e92c7c9350bd-3216","trial_id":3,"user_attr":{"raw_metrics":[-0.4117483685004355,-0.05600826079336779,0.4,0.005497616195209237,0.08606060606060606,0.1197303509399587,-0.16960666915286468,-0.1782502681016922,0.42857142857142855]}}
{"op_code":8,"worker_id":"288e11e3-cba8-42af-92d3-e92c7c9350bd-3216","trial_id":3,"user_attr":{"val_metrics":[0.04018299633255042,-0.1528114126957107,0.296969696969697,0.1404322993374713,-6.572093275067396]}}
{"op_code":8,"worker_id":"ba6b7823-91af-4522-a9e9-67ca1581d274-18156","trial_id":13,"user_attr":{"val_metrics":[0.042185826108551455,-0.1259040294935816,0.2,0.5040186341865447,-4.616768602285246]}}
{"op_code":8,"worker_id":"063db985-a8c8-466c-8798-040ddeb7bf9b-7108","trial_id":15,"user_attr":{"cv_is_ics":[0.08114580065011978,0.05038672685623169,0.11149527132511139,0.04127082601189613,0.07620499283075333,0.10511299967765808,0.07200275361537933,0.07881391048431396,0.09592008590698242,0.11184787005186081,0.07527890056371689,0.05921956151723862,0.12580899894237518,0.10469202697277069,0.058398131281137466]}}
{"op_code":8,"worker_id":"27013691-423a-4374-8f79-ab8cbc2c4805-11668","trial_id":12,"user_attr":{"val_metrics":[0.08839466962716364,-0.16624697192401358,0.24848484848484848,0.26312667747919,-6.156398854097549]}}
{"op_code":8,"worker_id":"ba6b7823-91af-4522-a9e9-67ca1581d274-18156","trial_id":13,"user_attr":{"deflated_objective":-0.509078131048609}}
{"op_code":8,"worker_id":"063db985-a8c8-466c-8798-040ddeb7bf9b-7108","trial_id":15,"user_attr":{"cv_oos_ics":[0.059067096561193466,-0.026080183684825897,-0.05769985541701317,0.009967162273824215,-0.0024975035339593887,-0.005570706445723772,0.01613849215209484,0.0037521501071751118,0.02197025716304779,-0.04351174458861351,0.076169453561306,0.06520745158195496,-0.019534217193722725,0.02503441646695137,0.06758927553892136]}}
{"op_code":8,"worker_id":"063db985-a8c8-466c-8798-040ddeb7bf9b-7108","trial_id":15,"user_attr":{"reg_kappa":3.111739052236497}}
{"op_code":8,"worker_id":"063db985-a8c8-466c-8798-040ddeb7bf9b-7108","trial_id":15,"user_attr":{"raw_metrics":[-0.41375504646703554,-0.05937441785669558,0.4,0.00995723247885736,0.14424242424242423,0.13746382672313417,-0.07912804124713356,-0.1143689677119255,0.4238795518207283]}}
{"op_code":8,"worker_id":"063db985-a8c8-466c-8798-040ddeb7bf9b-7108","trial_id":15,"user_attr":{"val_metrics":[0.034158039293055775,-0.19705457721514175,0.18787878787878787,-0.053242063750445434,-6.1974911197467115]}}
{"op_code":9,"worker_id":"ba6b7823-91af-4522-a9e9-67ca1581d274-18156","trial_id":13,"system_attr":{"constraints":[-0.003865040534882053,0.05669598833997682,0.0,0.15424242424242424,-0.15836748141846874,0.0,0.0,0.12390183121963398,0.3,-1314.3708936184407,0.01109943977591038,0.011111111111111183]}}
{"op_code":6,"worker_id":"ba6b7823-91af-4522-a9e9-67ca1581d274-18156","trial_id":13,"state":1,"values":[-0.509078131048609],"datetime_complete":"2026-07-14T11:43:13.899296"}
{"op_code":8,"worker_id":"063db985-a8c8-466c-8798-040ddeb7bf9b-7108","trial_id":15,"user_attr":{"deflated_objective":-1.1718422569492135}}
{"op_code":5,"worker_id":"ac0cd71c-3ad5-4622-b67f-6593b0937a09-23408","trial_id":10,"param_name":"huber_delta","param_value_internal":2.890057234132639,"distribution":"{\"name\": \"FloatDistribution\", \"attributes\": {\"step\": null, \"low\": 0.5, \"high\": 5.0, \"log\": false}}"}
{"op_code":9,"worker_id":"063db985-a8c8-466c-8798-040ddeb7bf9b-7108","trial_id":15,"system_attr":{"constraints":[-0.00995723247885736,0.05937441785669558,0.19999999999999996,0.10575757575757577,-0.13746382672313417,-93.0,-3.0,0.025410229410229412,-0.09999999999999998,-1261.0128451457615,0.026120448179271727,0.033333333333333326]}}
{"op_code":6,"worker_id":"063db985-a8c8-466c-8798-040ddeb7bf9b-7108","trial_id":15,"state":1,"values":[-1.1718422569492135],"datetime_complete":"2026-07-14T11:43:13.903884"}
{"op_code":8,"worker_id":"1e996c1e-8e20-4114-8a25-4cfc5683fae8-27064","trial_id":16,"user_attr":{"reg_kappa":2.9711932157483365}}
{"op_code":8,"worker_id":"1e996c1e-8e20-4114-8a25-4cfc5683fae8-27064","trial_id":16,"user_attr":{"raw_metrics":[-0.529034552972128,-0.07848626224317513,0.4,0.003121324708537951,0.09575757575757575,0.09556364345835064,-0.08477052448187272,-0.08498150110244751,0.4351890756302521]}}
{"op_code":8,"worker_id":"1e996c1e-8e20-4114-8a25-4cfc5683fae8-27064","trial_id":16,"user_attr":{"val_metrics":[0.035301432558510586,-0.15908761196594406,0.12727272727272726,0.10008027743332196,-6.8802849394247385]}}
{"op_code":8,"worker_id":"1e996c1e-8e20-4114-8a25-4cfc5683fae8-27064","trial_id":16,"user_attr":{"deflated_objective":-1.6300921428809818}}
{"op_code":8,"worker_id":"27013691-423a-4374-8f79-ab8cbc2c4805-11668","trial_id":12,"user_attr":{"deflated_objective":-1.131598039483105}}
{"op_code":9,"worker_id":"27013691-423a-4374-8f79-ab8cbc2c4805-11668","trial_id":12,"system_attr":{"constraints":[-0.004597425326631367,0.0259841941306466,0.0,0.04757575757575755,-0.05344624216058906,-42.0,-8.0,0.03735070935070935,-0.09999999999999998,-1419.4860146997605,0.04548319327731093,0.04841269841269841]}}
{"op_code":6,"worker_id":"27013691-423a-4374-8f79-ab8cbc2c4805-11668","trial_id":12,"state":1,"values":[-1.131598039483105],"datetime_complete":"2026-07-14T11:43:13.913356"}
{"op_code":9,"worker_id":"1e996c1e-8e20-4114-8a25-4cfc5683fae8-27064","trial_id":16,"system_attr":{"constraints":[-0.003121324708537951,0.07848626224317513,0.19999999999999996,0.15424242424242424,-0.09556364345835064,-118.0,-6.0,0.042389382389382384,0.3,-1187.8837376619372,0.014810924369747902,0.028021978021978033]}}
{"op_code":6,"worker_id":"1e996c1e-8e20-4114-8a25-4cfc5683fae8-27064","trial_id":16,"state":1,"values":[-1.4357192654284183],"datetime_complete":"2026-07-14T11:43:13.916265"}
{"op_code":5,"worker_id":"52f9db0b-b9a5-422f-a143-8ac4c7f77135-14384","trial_id":17,"param_name":"unified_rho","param_value_internal":0.36268546617688757,"distribution":"{\"name\": \"FloatDistribution\", \"attributes\": {\"step\": null, \"low\": 0.0, \"high\": 1.0, \"log\": false}}"}
{"op_code":8,"worker_id":"f6a1beab-0734-48b9-9fff-ed361f1d047b-19068","trial_id":18,"user_attr":{"cv_is_ics":[0.09121523797512054,0.06782504171133041,0.1080007553100586,0.04460805654525757,0.08829157799482346,0.10499674081802368,0.07364299148321152,0.05832553654909134,0.09278619289398193,0.10291344672441483,0.0710524171590805,0.06892837584018707,0.11891738325357437,0.10096036642789841,0.0557522214949131]}}
{"op_code":5,"worker_id":"52f9db0b-b9a5-422f-a143-8ac4c7f77135-14384","trial_id":17,"param_name":"unified_gamma","param_value_internal":592.8456313569452,"distribution":"{\"name\": \"FloatDistribution\", \"attributes\": {\"step\": null, \"low\": 1.5, \"high\": 10000.0, \"log\": true}}"}
{"op_code":5,"worker_id":"52f9db0b-b9a5-422f-a143-8ac4c7f77135-14384","trial_id":17,"param_name":"huber_delta","param_value_internal":1.3750252580024045,"distribution":"{\"name\": \"FloatDistribution\", \"attributes\": {\"step\": null, \"low\": 0.5, \"high\": 5.0, \"log\": false}}"}
{"op_code":8,"worker_id":"ac0cd71c-3ad5-4622-b67f-6593b0937a09-23408","trial_id":10,"user_attr":{"constraints":[0.0518076420136232,0.12661630442846547,0.6,0.4681818181818182,0.14610049506654246,-127.0,5.0,0.053886025124365064,0.5,-1198.6902571281653,0.05189075630252099,0.05592185592185589]}}
{"op_code":8,"worker_id":"ac0cd71c-3ad5-4622-b67f-6593b0937a09-23408","trial_id":10,"user_attr":{"pruned_reasons":["M4 (Overall IC <= 0)","M2 (Yearly Tail IC Mean <= 0)","M3 (Hit Rate < 60%)","M5 (Monotonicity <= 0.25)","M6 (Top-Bottom Spread <= 0)","Active features count (0) is less than active feature floor (5)","Side-specific Yearly Tail IC Mean (-0.0539 <= 0)","Side-specific Hit Rate (0.00% < 50%)","Yearly Daily Win Rate (39.81% < 45%)","Side-specific Yearly Daily Win Rate (39.41% < 45%)"]}}
{"op_code":8,"worker_id":"ac0cd71c-3ad5-4622-b67f-6593b0937a09-23408","trial_id":10,"user_attr":{"gini":0.0}}
{"op_code":8,"worker_id":"ac0cd71c-3ad5-4622-b67f-6593b0937a09-23408","trial_id":10,"user_attr":{"cv_is_ics":[0.0,0.0,0.0,0.0,0.0,0.0,0.0,0.0,0.0,0.0,0.0,0.0,0.0,0.0,0.0]}}
{"op_code":8,"worker_id":"ac0cd71c-3ad5-4622-b67f-6593b0937a09-23408","trial_id":10,"user_attr":{"cv_oos_ics":[0.0,0.0,0.0,0.0,0.0,0.0,0.0,0.0,0.0,0.0,0.0,0.0,0.0,0.0,0.0]}}
{"op_code":8,"worker_id":"ac0cd71c-3ad5-4622-b67f-6593b0937a09-23408","trial_id":10,"user_attr":{"reg_kappa":1.2727403083581679}}
{"op_code":8,"worker_id":"ac0cd71c-3ad5-4622-b67f-6593b0937a09-23408","trial_id":10,"user_attr":{"raw_metrics":[-1.649865096287596,-0.12661630442846547,0.0,-0.0518076420136232,-0.2181818181818182,-0.14610049506654246,-0.0,-0.0,0.398109243697479]}}
{"op_code":8,"worker_id":"ac0cd71c-3ad5-4622-b67f-6593b0937a09-23408","trial_id":10,"user_attr":{"val_metrics":[0.0,0.0,0.16363636363636364,0.2683838821940826,-5.091141651635481]}}
{"op_code":8,"worker_id":"ac0cd71c-3ad5-4622-b67f-6593b0937a09-23408","trial_id":10,"user_attr":{"deflated_objective":-0.8703654611428376}}
{"op_code":9,"worker_id":"ac0cd71c-3ad5-4622-b67f-6593b0937a09-23408","trial_id":10,"system_attr":{"constraints":[0.0518076420136232,0.12661630442846547,0.6,0.4681818181818182,0.14610049506654246,-127.0,5.0,0.053886025124365064,0.5,-1198.6902571281653,0.05189075630252099,0.05592185592185589]}}
{"op_code":6,"worker_id":"ac0cd71c-3ad5-4622-b67f-6593b0937a09-23408","trial_id":10,"state":1,"values":[-0.6563206852237649],"datetime_complete":"2026-07-14T11:43:13.936958"}
{"op_code":8,"worker_id":"f6a1beab-0734-48b9-9fff-ed361f1d047b-19068","trial_id":18,"user_attr":{"cv_oos_ics":[0.03064119629561901,0.009102728217840195,-0.05953170731663704,0.012483058497309685,-0.016669725999236107,0.015486919321119785,0.01878299191594124,-0.00914681050926447,0.02241259254515171,-0.030048398301005363,0.0644979253411293,0.0660281628370285,-0.004121039994060993,0.024568216875195503,0.052654195576906204]}}
{"op_code":8,"worker_id":"f6a1beab-0734-48b9-9fff-ed361f1d047b-19068","trial_id":18,"user_attr":{"reg_kappa":3.1383173048467263}}
{"op_code":8,"worker_id":"f6a1beab-0734-48b9-9fff-ed361f1d047b-19068","trial_id":18,"user_attr":{"raw_metrics":[-0.19172078625294386,-0.030387276634124605,0.6,0.0036762512245165913,0.18787878787878784,0.10942636244353969,-0.12661848691912794,-0.20332591235637665,0.4364495798319329]}}
{"op_code":8,"worker_id":"f6a1beab-0734-48b9-9fff-ed361f1d047b-19068","trial_id":18,"user_attr":{"val_metrics":[0.06277358098599137,-0.24365345405160788,-0.05454545454545454,0.2782939410316285,-6.256254617407022]}}
{"op_code":8,"worker_id":"f6a1beab-0734-48b9-9fff-ed361f1d047b-19068","trial_id":18,"user_attr":{"deflated_objective":-1.450694148070821}}
{"op_code":9,"worker_id":"f6a1beab-0734-48b9-9fff-ed361f1d047b-19068","trial_id":18,"system_attr":{"constraints":[-0.0036762512245165913,0.030387276634124605,0.0,0.06212121212121216,-0.10942636244353969,-89.0,-8.0,-0.07480926280926281,-0.09999999999999998,-1257.1490629136592,0.013550420168067123,0.06990231990231993]}}
{"op_code":6,"worker_id":"f6a1beab-0734-48b9-9fff-ed361f1d047b-19068","trial_id":18,"state":1,"values":[-1.2353680768147024],"datetime_complete":"2026-07-14T11:43:13.946102"}
{"op_code":8,"worker_id":"288e11e3-cba8-42af-92d3-e92c7c9350bd-3216","trial_id":3,"user_attr":{"deflated_objective":-1.2924742666446114}}
{"op_code":9,"worker_id":"288e11e3-cba8-42af-92d3-e92c7c9350bd-3216","trial_id":3,"system_attr":{"constraints":[-0.005497616195209237,0.05600826079336779,0.19999999999999996,0.16393939393939394,-0.1197303509399587,-48.0,-5.0,0.10011762760776892,0.3,-1401.8863131178032,0.021428571428571463,0.011111111111111072]}}
{"op_code":6,"worker_id":"288e11e3-cba8-42af-92d3-e92c7c9350bd-3216","trial_id":3,"state":1,"values":[-1.2924742666446114],"datetime_complete":"2026-07-14T11:43:13.959158"}
{"op_code":8,"worker_id":"52f9db0b-b9a5-422f-a143-8ac4c7f77135-14384","trial_id":17,"user_attr":{"constraints":[-0.0014957441175075415,0.05728261806512328,0.0,0.1275757575757576,-0.09369602882137208,-110.0,-8.0,0.07053997053997055,0.09999999999999998,-1207.9644708344006,0.009383753501400527,0.0034188034188035177]}}
{"op_code":8,"worker_id":"52f9db0b-b9a5-422f-a143-8ac4c7f77135-14384","trial_id":17,"user_attr":{"pruned_reasons":["M2 (Yearly Tail IC Mean <= 0)","M5 (Monotonicity <= 0.25)","Side-specific Yearly Tail IC Mean (-0.0705 <= 0)","Side-specific Hit Rate (40.00% < 50%)","Yearly Daily Win Rate (44.06% < 45%)","Side-specific Yearly Daily Win Rate (44.66% < 45%)"]}}
{"op_code":8,"worker_id":"52f9db0b-b9a5-422f-a143-8ac4c7f77135-14384","trial_id":17,"user_attr":{"gini":0.35473263289435164}}
{"op_code":8,"worker_id":"52f9db0b-b9a5-422f-a143-8ac4c7f77135-14384","trial_id":17,"user_attr":{"cv_is_ics":[0.10364343971014023,0.08695268630981445,0.11353587359189987,0.06384541094303131,0.0956345647573471,0.11411230266094208,0.08769248425960541,0.08405167609453201,0.10666915029287338,0.11533622443675995,0.09445244073867798,0.08911038935184479,0.124860979616642,0.1082741841673851,0.06850380450487137]}}
{"op_code":5,"worker_id":"56ca1230-49bd-4738-90b4-c349358b1cba-20880","trial_id":1,"param_name":"unified_alpha","param_value_internal":4.253795683489069e-05,"distribution":"{\"name\": \"FloatDistribution\", \"attributes\": {\"step\": null, \"low\": 1e-05, \"high\": 10.0, \"log\": true}}"}
{"op_code":8,"worker_id":"52f9db0b-b9a5-422f-a143-8ac4c7f77135-14384","trial_id":17,"user_attr":{"cv_oos_ics":[0.042817626148462296,-0.022119520232081413,-0.051507800817489624,0.006958387326449156,-0.02353827655315399,-0.005322727374732494,0.02713940106332302,-0.007720931898802519,0.009479966014623642,-0.03746761009097099,0.024989206343889236,0.07018497586250305,-0.011415285989642143,0.027711046859622,0.01742536760866642]}}
{"op_code":5,"worker_id":"56ca1230-49bd-4738-90b4-c349358b1cba-20880","trial_id":1,"param_name":"unified_rho","param_value_internal":0.7446404816795178,"distribution":"{\"name\": \"FloatDistribution\", \"attributes\": {\"step\": null, \"low\": 0.0, \"high\": 1.0, \"log\": false}}"}
{"op_code":5,"worker_id":"56ca1230-49bd-4738-90b4-c349358b1cba-20880","trial_id":1,"param_name":"unified_gamma","param_value_internal":35.86027023078568,"distribution":"{\"name\": \"FloatDistribution\", \"attributes\": {\"step\": null, \"low\": 1.5, \"high\": 10000.0, \"log\": true}}"}
{"op_code":5,"worker_id":"56ca1230-49bd-4738-90b4-c349358b1cba-20880","trial_id":1,"param_name":"huber_delta","param_value_internal":2.1168987701363235,"distribution":"{\"name\": \"FloatDistribution\", \"attributes\": {\"step\": null, \"low\": 0.5, \"high\": 5.0, \"log\": false}}"}
{"op_code":8,"worker_id":"9476f4c7-a216-48a6-bcf2-bf2794ad28f4-4680","trial_id":19,"user_attr":{"cv_is_ics":[0.09275254607200623,0.06953468173742294,0.10749883949756622,0.04694841802120209,0.08943875879049301,0.10715380311012268,0.07494597882032394,0.06203293055295944,0.0936741828918457,0.10485552996397018,0.0759861171245575,0.07039573043584824,0.11915095150470734,0.10138459503650665,0.057989683002233505]}}
{"op_code":8,"worker_id":"9476f4c7-a216-48a6-bcf2-bf2794ad28f4-4680","trial_id":19,"user_attr":{"cv_oos_ics":[0.033759403973817825,0.008575982414186,-0.05998679995536804,0.010946763679385185,-0.016533195972442627,0.013950485736131668,0.02071518450975418,-0.009336993098258972,0.02396617829799652,-0.030966144055128098,0.06328769773244858,0.0650646835565567,-0.006975876167416573,0.023381346836686134,0.05151158571243286]}}
{"op_code":5,"worker_id":"6bc4ec66-d5df-43f1-961f-cadb39ec293b-6576","trial_id":4,"param_name":"huber_delta","param_value_internal":3.6842231221658643,"distribution":"{\"name\": \"FloatDistribution\", \"attributes\": {\"step\": null, \"low\": 0.5, \"high\": 5.0, \"log\": false}}"}
{"op_code":8,"worker_id":"52f9db0b-b9a5-422f-a143-8ac4c7f77135-14384","trial_id":17,"user_attr":{"reg_kappa":3.0272932342029337}}
{"op_code":8,"worker_id":"52f9db0b-b9a5-422f-a143-8ac4c7f77135-14384","trial_id":17,"user_attr":{"raw_metrics":[-0.3405128031396758,-0.05728261806512328,0.6,0.0014957441175075415,0.12242424242424241,0.09369602882137208,-0.10519705958235816,-0.13022173941135406,0.4406162464985995]}}
{"op_code":8,"worker_id":"9476f4c7-a216-48a6-bcf2-bf2794ad28f4-4680","trial_id":19,"user_attr":{"reg_kappa":3.1084250745812256}}
{"op_code":8,"worker_id":"52f9db0b-b9a5-422f-a143-8ac4c7f77135-14384","trial_id":17,"user_attr":{"val_metrics":[0.04371465283756557,-0.26047485647960733,0.2727272727272727,0.24362959945574403,-6.710270949100125]}}
{"op_code":8,"worker_id":"42647e9c-e2ed-4756-9b3a-cfaab8fc804f-16052","trial_id":6,"user_attr":{"constraints":[-0.005615375946667429,0.03410891733660393,0.0,0.10333333333333333,-0.11050800766017596,-96.0,-8.0,-0.02802901602901603,-0.09999999999999998,-1240.455040034189,0.01824229691876761,0.05451770451770449]}}
{"op_code":8,"worker_id":"52f9db0b-b9a5-422f-a143-8ac4c7f77135-14384","trial_id":17,"user_attr":{"deflated_objective":-1.6001147055100238}}
{"op_code":8,"worker_id":"9476f4c7-a216-48a6-bcf2-bf2794ad28f4-4680","trial_id":19,"user_attr":{"raw_metrics":[-0.18123331424921552,-0.0283263196561223,0.6,0.00408517836712405,0.12484848484848485,0.09278116680043257,-0.1184765814662431,-0.18542928993701935,0.4264005602240896]}}
{"op_code":8,"worker_id":"42647e9c-e2ed-4756-9b3a-cfaab8fc804f-16052","trial_id":6,"user_attr":{"pruned_reasons":["M2 (Yearly Tail IC Mean <= 0)","M5 (Monotonicity <= 0.25)","Yearly Daily Win Rate (43.18% < 45%)","Side-specific Yearly Daily Win Rate (39.55% < 45%)"]}}
{"op_code":8,"worker_id":"42647e9c-e2ed-4756-9b3a-cfaab8fc804f-16052","trial_id":6,"user_attr":{"gini":0.33265588178029115}}
{"op_code":8,"worker_id":"9476f4c7-a216-48a6-bcf2-bf2794ad28f4-4680","trial_id":19,"user_attr":{"val_metrics":[0.06383508076727192,-0.28697549866569416,-0.09090909090909091,0.3256644846540808,-6.1338936839814036]}}
{"op_code":9,"worker_id":"52f9db0b-b9a5-422f-a143-8ac4c7f77135-14384","trial_id":17,"system_attr":{"constraints":[-0.0014957441175075415,0.05728261806512328,0.0,0.1275757575757576,-0.09369602882137208,-110.0,-8.0,0.07053997053997055,0.09999999999999998,-1207.9644708344006,0.009383753501400527,0.0034188034188035177]}}
{"op_code":4,"worker_id":"6ae193fb-4d41-403d-b245-87008f54824b-7108","study_id":0,"datetime_start":"2026-07-14T11:43:14.001536"}
{"op_code":5,"worker_id":"6ae193fb-4d41-403d-b245-87008f54824b-7108","trial_id":22,"param_name":"k_weight","param_value_internal":0.3890572049226651,"distribution":"{\"name\": \"FloatDistribution\", \"attributes\": {\"step\": null, \"low\": 0.0, \"high\": 1.5, \"log\": false}}"}
{"op_code":5,"worker_id":"6ae193fb-4d41-403d-b245-87008f54824b-7108","trial_id":22,"param_name":"unified_alpha","param_value_internal":1.8203978209302794e-05,"distribution":"{\"name\": \"FloatDistribution\", \"attributes\": {\"step\": null, \"low\": 1e-05, \"high\": 10.0, \"log\": true}}"}
{"op_code":5,"worker_id":"6ae193fb-4d41-403d-b245-87008f54824b-7108","trial_id":22,"param_name":"unified_rho","param_value_internal":0.5820303421266043,"distribution":"{\"name\": \"FloatDistribution\", \"attributes\": {\"step\": null, \"low\": 0.0, \"high\": 1.0, \"log\": false}}"}
{"op_code":5,"worker_id":"6ae193fb-4d41-403d-b245-87008f54824b-7108","trial_id":22,"param_name":"unified_gamma","param_value_internal":4.03949914934137,"distribution":"{\"name\": \"FloatDistribution\", \"attributes\": {\"step\": null, \"low\": 1.5, \"high\": 10000.0, \"log\": true}}"}
{"op_code":5,"worker_id":"56090a9b-1905-4955-a4d4-757ea7ea4376-12024","trial_id":2,"param_name":"unified_rho","param_value_internal":0.28144730195506285,"distribution":"{\"name\": \"FloatDistribution\", \"attributes\": {\"step\": null, \"low\": 0.0, \"high\": 1.0, \"log\": false}}"}
{"op_code":4,"worker_id":"50b45dea-6f25-41c4-adcd-b38d3f98d3fc-11668","study_id":0,"datetime_start":"2026-07-14T11:43:14.010706"}
{"op_code":5,"worker_id":"56090a9b-1905-4955-a4d4-757ea7ea4376-12024","trial_id":2,"param_name":"unified_gamma","param_value_internal":2.962371401177323,"distribution":"{\"name\": \"FloatDistribution\", \"attributes\": {\"step\": null, \"low\": 1.5, \"high\": 10000.0, \"log\": true}}"}
{"op_code":4,"worker_id":"840faad3-8b5c-48e3-91b9-c4a1986aa460-27064","study_id":0,"datetime_start":"2026-07-14T11:43:14.013489"}
{"op_code":5,"worker_id":"840faad3-8b5c-48e3-91b9-c4a1986aa460-27064","trial_id":24,"param_name":"k_weight","param_value_internal":1.391220807928438,"distribution":"{\"name\": \"FloatDistribution\", \"attributes\": {\"step\": null, \"low\": 0.0, \"high\": 1.5, \"log\": false}}"}
{"op_code":8,"worker_id":"42647e9c-e2ed-4756-9b3a-cfaab8fc804f-16052","trial_id":6,"user_attr":{"cv_is_ics":[0.09215138852596283,0.06844177842140198,0.10835234075784683,0.04876076430082321,0.08861281722784042,0.10454165190458298,0.07310635596513748,0.060761913657188416,0.09185274690389633,0.10301997512578964,0.07173825055360794,0.0697336420416832,0.11454560607671738,0.09744749963283539,0.05772677809000015]}}
{"op_code":5,"worker_id":"56090a9b-1905-4955-a4d4-757ea7ea4376-12024","trial_id":2,"param_name":"huber_delta","param_value_internal":2.500112731873114,"distribution":"{\"name\": \"FloatDistribution\", \"attributes\": {\"step\": null, \"low\": 0.5, \"high\": 5.0, \"log\": false}}"}
{"op_code":8,"worker_id":"42647e9c-e2ed-4756-9b3a-cfaab8fc804f-16052","trial_id":6,"user_attr":{"cv_oos_ics":[0.03315163031220436,0.009516819380223751,-0.06139112636446953,0.01604572869837284,-0.01611458696424961,0.015925360843539238,0.022576143965125084,-0.008942494168877602,0.02459402196109295,-0.03174114599823952,0.0695943683385849,0.0673593282699585,-0.003923720680177212,0.024980027228593826,0.059705622494220734]}}
{"op_code":8,"worker_id":"42647e9c-e2ed-4756-9b3a-cfaab8fc804f-16052","trial_id":6,"user_attr":{"reg_kappa":3.108802739248487}}
{"op_code":8,"worker_id":"42647e9c-e2ed-4756-9b3a-cfaab8fc804f-16052","trial_id":6,"user_attr":{"raw_metrics":[-0.22869362972068807,-0.03410891733660393,0.6,0.005615375946667429,0.14666666666666667,0.11050800766017596,-0.11848711856180162,-0.19006134569644928,0.4317577030812324]}}
{"op_code":8,"worker_id":"42647e9c-e2ed-4756-9b3a-cfaab8fc804f-16052","trial_id":6,"user_attr":{"val_metrics":[0.06787100530255576,-0.2580723229384816,0.030303030303030304,0.2478970541598518,-5.8834536446573145]}}
{"op_code":5,"worker_id":"840faad3-8b5c-48e3-91b9-c4a1986aa460-27064","trial_id":24,"param_name":"unified_alpha","param_value_internal":1.7161599651164972,"distribution":"{\"name\": \"FloatDistribution\", \"attributes\": {\"step\": null, \"low\": 1e-05, \"high\": 10.0, \"log\": true}}"}
{"op_code":5,"worker_id":"6ae193fb-4d41-403d-b245-87008f54824b-7108","trial_id":22,"param_name":"huber_delta","param_value_internal":3.2484955212371767,"distribution":"{\"name\": \"FloatDistribution\", \"attributes\": {\"step\": null, \"low\": 0.5, \"high\": 5.0, \"log\": false}}"}
{"op_code":5,"worker_id":"840faad3-8b5c-48e3-91b9-c4a1986aa460-27064","trial_id":24,"param_name":"unified_rho","param_value_internal":0.5846312725955531,"distribution":"{\"name\": \"FloatDistribution\", \"attributes\": {\"step\": null, \"low\": 0.0, \"high\": 1.0, \"log\": false}}"}
{"op_code":5,"worker_id":"840faad3-8b5c-48e3-91b9-c4a1986aa460-27064","trial_id":24,"param_name":"unified_gamma","param_value_internal":4338.897577038058,"distribution":"{\"name\": \"FloatDistribution\", \"attributes\": {\"step\": null, \"low\": 1.5, \"high\": 10000.0, \"log\": true}}"}
{"op_code":4,"worker_id":"b5ffdf04-e12a-4494-8b06-862cbba6d7e5-23408","study_id":0,"datetime_start":"2026-07-14T11:43:14.033317"}
{"op_code":8,"worker_id":"42647e9c-e2ed-4756-9b3a-cfaab8fc804f-16052","trial_id":6,"user_attr":{"deflated_objective":-1.2775843629835673}}
{"op_code":5,"worker_id":"b5ffdf04-e12a-4494-8b06-862cbba6d7e5-23408","trial_id":25,"param_name":"k_weight","param_value_internal":0.27836291222780896,"distribution":"{\"name\": \"FloatDistribution\", \"attributes\": {\"step\": null, \"low\": 0.0, \"high\": 1.5, \"log\": false}}"}
{"op_code":5,"worker_id":"0a6dcc45-ea33-448a-8198-816aa06372d4-24340","trial_id":14,"param_name":"unified_gamma","param_value_internal":8.454156675684052,"distribution":"{\"name\": \"FloatDistribution\", \"attributes\": {\"step\": null, \"low\": 1.5, \"high\": 10000.0, \"log\": true}}"}
{"op_code":4,"worker_id":"be67bebf-1c9f-407d-b401-a0542b641b29-19068","study_id":0,"datetime_start":"2026-07-14T11:43:14.040161"}
{"op_code":5,"worker_id":"0a6dcc45-ea33-448a-8198-816aa06372d4-24340","trial_id":14,"param_name":"huber_delta","param_value_internal":2.095009090884606,"distribution":"{\"name\": \"FloatDistribution\", \"attributes\": {\"step\": null, \"low\": 0.5, \"high\": 5.0, \"log\": false}}"}
{"op_code":5,"worker_id":"840faad3-8b5c-48e3-91b9-c4a1986aa460-27064","trial_id":24,"param_name":"huber_delta","param_value_internal":1.9257465703583276,"distribution":"{\"name\": \"FloatDistribution\", \"attributes\": {\"step\": null, \"low\": 0.5, \"high\": 5.0, \"log\": false}}"}
{"op_code":9,"worker_id":"42647e9c-e2ed-4756-9b3a-cfaab8fc804f-16052","trial_id":6,"system_attr":{"constraints":[-0.005615375946667429,0.03410891733660393,0.0,0.10333333333333333,-0.11050800766017596,-96.0,-8.0,-0.02802901602901603,-0.09999999999999998,-1240.455040034189,0.01824229691876761,0.05451770451770449]}}
{"op_code":5,"worker_id":"50b45dea-6f25-41c4-adcd-b38d3f98d3fc-11668","trial_id":23,"param_name":"k_weight","param_value_internal":0.4443737425086503,"distribution":"{\"name\": \"FloatDistribution\", \"attributes\": {\"step\": null, \"low\": 0.0, \"high\": 1.5, \"log\": false}}"}
{"op_code":5,"worker_id":"50b45dea-6f25-41c4-adcd-b38d3f98d3fc-11668","trial_id":23,"param_name":"unified_alpha","param_value_internal":0.7151650691587015,"distribution":"{\"name\": \"FloatDistribution\", \"attributes\": {\"step\": null, \"low\": 1e-05, \"high\": 10.0, \"log\": true}}"}
{"op_code":5,"worker_id":"50b45dea-6f25-41c4-adcd-b38d3f98d3fc-11668","trial_id":23,"param_name":"unified_rho","param_value_internal":0.35025252522341144,"distribution":"{\"name\": \"FloatDistribution\", \"attributes\": {\"step\": null, \"low\": 0.0, \"high\": 1.0, \"log\": false}}"}
{"op_code":5,"worker_id":"50b45dea-6f25-41c4-adcd-b38d3f98d3fc-11668","trial_id":23,"param_name":"unified_gamma","param_value_internal":1565.7420487024253,"distribution":"{\"name\": \"FloatDistribution\", \"attributes\": {\"step\": null, \"low\": 1.5, \"high\": 10000.0, \"log\": true}}"}
{"op_code":5,"worker_id":"50b45dea-6f25-41c4-adcd-b38d3f98d3fc-11668","trial_id":23,"param_name":"huber_delta","param_value_internal":3.0260703909675764,"distribution":"{\"name\": \"FloatDistribution\", \"attributes\": {\"step\": null, \"low\": 0.5, \"high\": 5.0, \"log\": false}}"}
{"op_code":4,"worker_id":"517a3fbd-c13a-47ef-9f06-212f58098b86-3216","study_id":0,"datetime_start":"2026-07-14T11:43:14.051528"}
{"op_code":6,"worker_id":"42647e9c-e2ed-4756-9b3a-cfaab8fc804f-16052","trial_id":6,"state":1,"values":[-1.0830206443682986],"datetime_complete":"2026-07-14T11:43:14.047567"}
{"op_code":8,"worker_id":"56ca1230-49bd-4738-90b4-c349358b1cba-20880","trial_id":1,"user_attr":{"constraints":[-0.004989432300895352,0.014050718488778374,0.0,0.028181818181818225,-0.11212382435777253,-41.0,-8.0,0.0026072666072666064,-0.09999999999999998,-1424.17318771967,0.029551820728291323,0.03730158730158728]}}
{"op_code":8,"worker_id":"56090a9b-1905-4955-a4d4-757ea7ea4376-12024","trial_id":2,"user_attr":{"constraints":[-0.004285322169337032,0.012464651121339898,0.0,0.013636363636363613,-0.13202254891498702,-30.0,-7.0,-0.049496581496581496,-0.09999999999999998,-1500.9779636387786,0.031267507002801176,0.050549450549450536]}}
{"op_code":8,"worker_id":"56090a9b-1905-4955-a4d4-757ea7ea4376-12024","trial_id":2,"user_attr":{"pruned_reasons":["M2 (Yearly Tail IC Mean <= 0)","M5 (Monotonicity <= 0.25)","Yearly Daily Win Rate (41.87% < 45%)","Side-specific Yearly Daily Win Rate (39.95% < 45%)"]}}
{"op_code":8,"worker_id":"56090a9b-1905-4955-a4d4-757ea7ea4376-12024","trial_id":2,"user_attr":{"gini":0.40798272646317946}}
{"op_code":8,"worker_id":"56090a9b-1905-4955-a4d4-757ea7ea4376-12024","trial_id":2,"user_attr":{"cv_is_ics":[0.09019239246845245,0.06927070021629333,0.10832422971725464,0.03487563505768776,0.08270954340696335,0.09468647837638855,0.07399158179759979,0.04775503650307655,0.08751192688941956,0.0979570522904396,0.05584636703133583,0.06416979432106018,0.11285372823476791,0.10049717873334885,0.04559864103794098]}}
{"op_code":8,"worker_id":"56090a9b-1905-4955-a4d4-757ea7ea4376-12024","trial_id":2,"user_attr":{"cv_oos_ics":[0.015058694407343864,0.010796457529067993,-0.07428490370512009,0.015443133190274239,-0.007269400171935558,0.013812921941280365,0.0012839759001508355,-0.005836740136146545,0.02120255120098591,-0.02115124836564064,0.08100560307502747,0.057722851634025574,-0.00025399646256119013,0.019874852150678635,0.0714137852191925]}}
{"op_code":5,"worker_id":"517a3fbd-c13a-47ef-9f06-212f58098b86-3216","trial_id":27,"param_name":"k_weight","param_value_internal":0.9640348736791186,"distribution":"{\"name\": \"FloatDistribution\", \"attributes\": {\"step\": null, \"low\": 0.0, \"high\": 1.5, \"log\": false}}"}
{"op_code":8,"worker_id":"840faad3-8b5c-48e3-91b9-c4a1986aa460-27064","trial_id":24,"user_attr":{"constraints":[0.030812226868654424,0.07969641168333085,0.39999999999999997,0.3590909090909091,0.059815804209608844,-47.0,5.0,0.06393096917104352,0.5,-1470.1587100939705,0.04355742296918769,0.05592185592185589]}}
{"op_code":5,"worker_id":"517a3fbd-c13a-47ef-9f06-212f58098b86-3216","trial_id":27,"param_name":"unified_alpha","param_value_internal":0.017050047208521636,"distribution":"{\"name\": \"FloatDistribution\", \"attributes\": {\"step\": null, \"low\": 1e-05, \"high\": 10.0, \"log\": true}}"}
{"op_code":6,"worker_id":"52f9db0b-b9a5-422f-a143-8ac4c7f77135-14384","trial_id":17,"state":1,"values":[-1.3928817905349618],"datetime_complete":"2026-07-14T11:43:14.002323"}
{"op_code":8,"worker_id":"840faad3-8b5c-48e3-91b9-c4a1986aa460-27064","trial_id":24,"user_attr":{"pruned_reasons":["M4 (Overall IC <= 0)","M2 (Yearly Tail IC Mean <= 0)","M3 (Hit Rate < 60%)","M5 (Monotonicity <= 0.25)","M6 (Top-Bottom Spread <= 0)","Active features count (0) is less than active feature floor (5)","Side-specific Yearly Tail IC Mean (-0.0639 <= 0)","Side-specific Hit Rate (0.00% < 50%)","Yearly Daily Win Rate (40.64% < 45%)","Side-specific Yearly Daily Win Rate (39.41% < 45%)"]}}
{"op_code":8,"worker_id":"840faad3-8b5c-48e3-91b9-c4a1986aa460-27064","trial_id":24,"user_attr":{"gini":0.0}}
{"op_code":5,"worker_id":"b5ffdf04-e12a-4494-8b06-862cbba6d7e5-23408","trial_id":25,"param_name":"unified_alpha","param_value_internal":0.0020873526050511518,"distribution":"{\"name\": \"FloatDistribution\", \"attributes\": {\"step\": null, \"low\": 1e-05, \"high\": 10.0, \"log\": true}}"}
{"op_code":8,"worker_id":"50b45dea-6f25-41c4-adcd-b38d3f98d3fc-11668","trial_id":23,"user_attr":{"constraints":[0.0518076420136232,0.12661630442846547,0.6,0.4681818181818182,0.14610049506654246,-110.0,5.0,0.053886025124365064,0.5,-1240.3090618377223,0.05189075630252099,0.05592185592185589]}}
{"op_code":8,"worker_id":"50b45dea-6f25-41c4-adcd-b38d3f98d3fc-11668","trial_id":23,"user_attr":{"pruned_reasons":["M4 (Overall IC <= 0)","M2 (Yearly Tail IC Mean <= 0)","M3 (Hit Rate < 60%)","M5 (Monotonicity <= 0.25)","M6 (Top-Bottom Spread <= 0)","Active features count (0) is less than active feature floor (5)","Side-specific Yearly Tail IC Mean (-0.0539 <= 0)","Side-specific Hit Rate (0.00% < 50%)","Yearly Daily Win Rate (39.81% < 45%)","Side-specific Yearly Daily Win Rate (39.41% < 45%)"]}}
{"op_code":5,"worker_id":"be67bebf-1c9f-407d-b401-a0542b641b29-19068","trial_id":26,"param_name":"k_weight","param_value_internal":0.16010730338296608,"distribution":"{\"name\": \"FloatDistribution\", \"attributes\": {\"step\": null, \"low\": 0.0, \"high\": 1.5, \"log\": false}}"}
{"op_code":5,"worker_id":"517a3fbd-c13a-47ef-9f06-212f58098b86-3216","trial_id":27,"param_name":"unified_rho","param_value_internal":0.51189798245863,"distribution":"{\"name\": \"FloatDistribution\", \"attributes\": {\"step\": null, \"low\": 0.0, \"high\": 1.0, \"log\": false}}"}
{"op_code":8,"worker_id":"50b45dea-6f25-41c4-adcd-b38d3f98d3fc-11668","trial_id":23,"user_attr":{"gini":0.0}}
{"op_code":5,"worker_id":"be67bebf-1c9f-407d-b401-a0542b641b29-19068","trial_id":26,"param_name":"unified_alpha","param_value_internal":0.1276602820664572,"distribution":"{\"name\": \"FloatDistribution\", \"attributes\": {\"step\": null, \"low\": 1e-05, \"high\": 10.0, \"log\": true}}"}
{"op_code":5,"worker_id":"517a3fbd-c13a-47ef-9f06-212f58098b86-3216","trial_id":27,"param_name":"unified_gamma","param_value_internal":323.3398288040007,"distribution":"{\"name\": \"FloatDistribution\", \"attributes\": {\"step\": null, \"low\": 1.5, \"high\": 10000.0, \"log\": true}}"}
{"op_code":4,"worker_id":"59d551bf-7013-4dcc-ba10-eee12f9c6a94-14384","study_id":0,"datetime_start":"2026-07-14T11:43:14.073968"}
{"op_code":5,"worker_id":"b5ffdf04-e12a-4494-8b06-862cbba6d7e5-23408","trial_id":25,"param_name":"unified_rho","param_value_internal":0.8318961986371698,"distribution":"{\"name\": \"FloatDistribution\", \"attributes\": {\"step\": null, \"low\": 0.0, \"high\": 1.0, \"log\": false}}"}
{"op_code":5,"worker_id":"59d551bf-7013-4dcc-ba10-eee12f9c6a94-14384","trial_id":28,"param_name":"k_weight","param_value_internal":0.303303440145362,"distribution":"{\"name\": \"FloatDistribution\", \"attributes\": {\"step\": null, \"low\": 0.0, \"high\": 1.5, \"log\": false}}"}
{"op_code":5,"worker_id":"b5ffdf04-e12a-4494-8b06-862cbba6d7e5-23408","trial_id":25,"param_name":"unified_gamma","param_value_internal":8.627643098308676,"distribution":"{\"name\": \"FloatDistribution\", \"attributes\": {\"step\": null, \"low\": 1.5, \"high\": 10000.0, \"log\": true}}"}
{"op_code":5,"worker_id":"517a3fbd-c13a-47ef-9f06-212f58098b86-3216","trial_id":27,"param_name":"huber_delta","param_value_internal":2.718450426250363,"distribution":"{\"name\": \"FloatDistribution\", \"attributes\": {\"step\": null, \"low\": 0.5, \"high\": 5.0, \"log\": false}}"}
{"op_code":5,"worker_id":"59d551bf-7013-4dcc-ba10-eee12f9c6a94-14384","trial_id":28,"param_name":"unified_alpha","param_value_internal":0.50966595546096,"distribution":"{\"name\": \"FloatDistribution\", \"attributes\": {\"step\": null, \"low\": 1e-05, \"high\": 10.0, \"log\": true}}"}
{"op_code":5,"worker_id":"b5ffdf04-e12a-4494-8b06-862cbba6d7e5-23408","trial_id":25,"param_name":"huber_delta","param_value_internal":4.624510846547713,"distribution":"{\"name\": \"FloatDistribution\", \"attributes\": {\"step\": null, \"low\": 0.5, \"high\": 5.0, \"log\": false}}"}
{"op_code":8,"worker_id":"840faad3-8b5c-48e3-91b9-c4a1986aa460-27064","trial_id":24,"user_attr":{"cv_is_ics":[0.0,0.0,0.0,0.0,0.0,0.0,0.0,0.0,0.0,0.0,0.0,0.0,0.0,0.0,0.0]}}
{"op_code":5,"worker_id":"59d551bf-7013-4dcc-ba10-eee12f9c6a94-14384","trial_id":28,"param_name":"unified_rho","param_value_internal":0.8605372392370312,"distribution":"{\"name\": \"FloatDistribution\", \"attributes\": {\"step\": null, \"low\": 0.0, \"high\": 1.0, \"log\": false}}"}
{"op_code":8,"worker_id":"840faad3-8b5c-48e3-91b9-c4a1986aa460-27064","trial_id":24,"user_attr":{"cv_oos_ics":[0.0,0.0,0.0,0.0,0.0,0.0,0.0,0.0,0.0,0.0,0.0,0.0,0.0,0.0,0.0]}}
{"op_code":8,"worker_id":"56ca1230-49bd-4738-90b4-c349358b1cba-20880","trial_id":1,"user_attr":{"pruned_reasons":["M2 (Yearly Tail IC Mean <= 0)","M5 (Monotonicity <= 0.25)","Side-specific Yearly Tail IC Mean (-0.0026 <= 0)","Yearly Daily Win Rate (42.04% < 45%)","Side-specific Yearly Daily Win Rate (41.27% < 45%)"]}}
{"op_code":8,"worker_id":"56ca1230-49bd-4738-90b4-c349358b1cba-20880","trial_id":1,"user_attr":{"gini":0.3997375241208081}}
{"op_code":8,"worker_id":"56ca1230-49bd-4738-90b4-c349358b1cba-20880","trial_id":1,"user_attr":{"cv_is_ics":[0.09062258154153824,0.07560165971517563,0.10857630521059036,0.03958500549197197,0.08618846535682678,0.10041697323322296,0.07817218452692032,0.05290630832314491,0.0924946516752243,0.10381471365690231,0.0702480599284172,0.07095504552125931,0.11781010031700134,0.10166291147470474,0.05013834312558174]}}
{"op_code":8,"worker_id":"840faad3-8b5c-48e3-91b9-c4a1986aa460-27064","trial_id":24,"user_attr":{"reg_kappa":2.1358112378166525}}
{"op_code":8,"worker_id":"0a6dcc45-ea33-448a-8198-816aa06372d4-24340","trial_id":14,"user_attr":{"constraints":[-0.004299297943579106,0.02570797090930016,0.0,0.011212121212121173,-0.11821958313541647,-30.0,-8.0,0.019777519777519775,-0.09999999999999998,-1498.2816993913777,0.025385154061624726,0.02777777777777779]}}
{"op_code":8,"worker_id":"56ca1230-49bd-4738-90b4-c349358b1cba-20880","trial_id":1,"user_attr":{"cv_oos_ics":[0.016691409051418304,-0.0004683889856096357,-0.06519589573144913,0.005860674194991589,-0.011804450303316116,0.011310463771224022,0.0018454266246408224,-0.0066290972754359245,0.016184652224183083,-0.020702451467514038,0.055566757917404175,0.06516221910715103,-0.0004735669353976846,0.022886287420988083,0.06156529113650322]}}
{"op_code":8,"worker_id":"0a6dcc45-ea33-448a-8198-816aa06372d4-24340","trial_id":14,"user_attr":{"pruned_reasons":["M2 (Yearly Tail IC Mean <= 0)","M5 (Monotonicity <= 0.25)","Side-specific Yearly Tail IC Mean (-0.0198 <= 0)","Yearly Daily Win Rate (42.46% < 45%)","Side-specific Yearly Daily Win Rate (42.22% < 45%)"]}}
{"op_code":8,"worker_id":"0a6dcc45-ea33-448a-8198-816aa06372d4-24340","trial_id":14,"user_attr":{"gini":0.4110723191069936}}
{"op_code":8,"worker_id":"56ca1230-49bd-4738-90b4-c349358b1cba-20880","trial_id":1,"user_attr":{"reg_kappa":3.5692935120193807}}
{"op_code":8,"worker_id":"56ca1230-49bd-4738-90b4-c349358b1cba-20880","trial_id":1,"user_attr":{"raw_metrics":[-0.0936572299941789,-0.014050718488778374,0.6,0.004989432300895352,0.22181818181818178,0.11212382435777253,-0.23807245722359086,-0.36852943897247314,0.4204481792717087]}}
{"op_code":8,"worker_id":"56ca1230-49bd-4738-90b4-c349358b1cba-20880","trial_id":1,"user_attr":{"val_metrics":[0.05333669215475807,-0.12898532255151443,0.09090909090909091,0.22801152543515726,-7.099126175832848]}}
{"op_code":8,"worker_id":"840faad3-8b5c-48e3-91b9-c4a1986aa460-27064","trial_id":24,"user_attr":{"raw_metrics":[-0.6631987673597004,-0.07969641168333085,0.2,-0.030812226868654424,-0.1090909090909091,-0.059815804209608844,-0.0,-0.0,0.4064425770308123]}}
{"op_code":8,"worker_id":"56ca1230-49bd-4738-90b4-c349358b1cba-20880","trial_id":1,"user_attr":{"deflated_objective":-1.7243691131861614}}
{"op_code":9,"worker_id":"56ca1230-49bd-4738-90b4-c349358b1cba-20880","trial_id":1,"system_attr":{"constraints":[-0.004989432300895352,0.014050718488778374,0.0,0.028181818181818225,-0.11212382435777253,-41.0,-8.0,0.0026072666072666064,-0.09999999999999998,-1424.17318771967,0.029551820728291323,0.03730158730158728]}}
{"op_code":6,"worker_id":"56ca1230-49bd-4738-90b4-c349358b1cba-20880","trial_id":1,"state":1,"values":[-1.5130476818948964],"datetime_complete":"2026-07-14T11:43:14.112029"}
{"op_code":8,"worker_id":"0a6dcc45-ea33-448a-8198-816aa06372d4-24340","trial_id":14,"user_attr":{"cv_is_ics":[0.09179311990737915,0.07480588555335999,0.10964766889810562,0.03704451769590378,0.08515021950006485,0.09789078682661057,0.07734544575214386,0.05114200338721275,0.09108727425336838,0.10174871981143951,0.06836513429880142,0.06849460303783417,0.1148228645324707,0.10009526461362839,0.04777291789650917]}}
{"op_code":8,"worker_id":"0a6dcc45-ea33-448a-8198-816aa06372d4-24340","trial_id":14,"user_attr":{"cv_oos_ics":[0.014053485356271267,0.005040744319558144,-0.07217638939619064,0.00836033746600151,-0.010735935531556606,0.011096490547060966,0.00038974088965915143,-0.005394380539655685,0.017031583935022354,-0.019239768385887146,0.06131421774625778,0.061678897589445114,0.0008998331613838673,0.021563442423939705,0.07137008011341095]}}
{"op_code":8,"worker_id":"0a6dcc45-ea33-448a-8198-816aa06372d4-24340","trial_id":14,"user_attr":{"reg_kappa":3.7530601301067295}}
{"op_code":8,"worker_id":"0a6dcc45-ea33-448a-8198-816aa06372d4-24340","trial_id":14,"user_attr":{"raw_metrics":[-0.17522019952237744,-0.02570797090930016,0.6,0.004299297943579106,0.23878787878787883,0.11821958313541647,-0.3002324333862901,-0.43667301535606384,0.4246148459383753]}}
{"op_code":8,"worker_id":"0a6dcc45-ea33-448a-8198-816aa06372d4-24340","trial_id":14,"user_attr":{"val_metrics":[0.05405103477486511,-0.14951672192638998,0.07878787878787878,0.21686789007061094,-6.204758502834847]}}
{"op_code":8,"worker_id":"0a6dcc45-ea33-448a-8198-816aa06372d4-24340","trial_id":14,"user_attr":{"deflated_objective":-1.3670818924158896}}
{"op_code":9,"worker_id":"0a6dcc45-ea33-448a-8198-816aa06372d4-24340","trial_id":14,"system_attr":{"constraints":[-0.004299297943579106,0.02570797090930016,0.0,0.011212121212121173,-0.11821958313541647,-30.0,-8.0,0.019777519777519775,-0.09999999999999998,-1498.2816993913777,0.025385154061624726,0.02777777777777779]}}
{"op_code":4,"worker_id":"93418f9a-b91b-484d-aa35-f76642801e4c-18156","study_id":0,"datetime_start":"2026-07-14T11:43:13.992111"}
{"op_code":6,"worker_id":"0a6dcc45-ea33-448a-8198-816aa06372d4-24340","trial_id":14,"state":1,"values":[-1.1646538594305957],"datetime_complete":"2026-07-14T11:43:14.124641"}
{"op_code":8,"worker_id":"840faad3-8b5c-48e3-91b9-c4a1986aa460-27064","trial_id":24,"user_attr":{"val_metrics":[0.0,0.0,0.16363636363636364,0.2683838821940826,-5.091141651635481]}}
{"op_code":5,"worker_id":"93418f9a-b91b-484d-aa35-f76642801e4c-18156","trial_id":29,"param_name":"k_weight","param_value_internal":1.4877014072311459,"distribution":"{\"name\": \"FloatDistribution\", \"attributes\": {\"step\": null, \"low\": 0.0, \"high\": 1.5, \"log\": false}}"}
{"op_code":8,"worker_id":"b5ffdf04-e12a-4494-8b06-862cbba6d7e5-23408","trial_id":25,"user_attr":{"constraints":[-0.005213125174733444,0.04564714193554431,0.0,0.08151515151515148,-0.07837442876569871,-108.0,-8.0,0.03979856779856779,-0.09999999999999998,-1214.1969558042942,0.030742296918767564,0.044688644688644696]}}
{"op_code":8,"worker_id":"6ae193fb-4d41-403d-b245-87008f54824b-7108","trial_id":22,"user_attr":{"constraints":[-0.004941664253752353,0.03134791736566121,0.0,0.08636363636363636,-0.11214516341156325,-101.0,-8.0,0.007928215928215932,0.09999999999999998,-1230.4160994895485,0.018242296918767498,0.056654456654456675]}}
{"op_code":8,"worker_id":"b5ffdf04-e12a-4494-8b06-862cbba6d7e5-23408","trial_id":25,"user_attr":{"pruned_reasons":["M2 (Yearly Tail IC Mean <= 0)","M5 (Monotonicity <= 0.25)","Side-specific Yearly Tail IC Mean (-0.0398 <= 0)","Yearly Daily Win Rate (41.93% < 45%)","Side-specific Yearly Daily Win Rate (40.53% < 45%)"]}}
{"op_code":8,"worker_id":"b5ffdf04-e12a-4494-8b06-862cbba6d7e5-23408","trial_id":25,"user_attr":{"gini":0.3507663145664768}}
{"op_code":8,"worker_id":"b5ffdf04-e12a-4494-8b06-862cbba6d7e5-23408","trial_id":25,"user_attr":{"cv_is_ics":[0.0943818986415863,0.07127605378627777,0.11085157841444016,0.056670788675546646,0.09085533022880554,0.10642986744642258,0.07633784413337708,0.06626791507005692,0.09359631687402725,0.10552695393562317,0.07769980281591415,0.07105980813503265,0.11618322134017944,0.1006411612033844,0.057748790830373764]}}
{"op_code":8,"worker_id":"840faad3-8b5c-48e3-91b9-c4a1986aa460-27064","trial_id":24,"user_attr":{"deflated_objective":-0.8746035366528757}}
{"op_code":8,"worker_id":"6bc4ec66-d5df-43f1-961f-cadb39ec293b-6576","trial_id":4,"user_attr":{"constraints":[0.0518076420136232,0.12661630442846547,0.6,0.4681818181818182,0.14610049506654246,-126.0,5.0,0.053886025124365064,0.5,-1202.017921360258,0.05189075630252099,0.05592185592185589]}}
{"op_code":8,"worker_id":"b5ffdf04-e12a-4494-8b06-862cbba6d7e5-23408","trial_id":25,"user_attr":{"cv_oos_ics":[0.03432309255003929,0.005481984466314316,-0.06338629126548767,0.013875771313905716,-0.01920580305159092,0.011641988530755043,0.028067221865057945,-0.006339135114103556,0.028338195756077766,-0.038287676870822906,0.06566420942544937,0.0691709890961647,0.00042164811748079956,0.02262946031987667,0.06037065014243126]}}
{"op_code":8,"worker_id":"6bc4ec66-d5df-43f1-961f-cadb39ec293b-6576","trial_id":4,"user_attr":{"pruned_reasons":["M4 (Overall IC <= 0)","M2 (Yearly Tail IC Mean <= 0)","M3 (Hit Rate < 60%)","M5 (Monotonicity <= 0.25)","M6 (Top-Bottom Spread <= 0)","Active features count (0) is less than active feature floor (5)","Side-specific Yearly Tail IC Mean (-0.0539 <= 0)","Side-specific Hit Rate (0.00% < 50%)","Yearly Daily Win Rate (39.81% < 45%)","Side-specific Yearly Daily Win Rate (39.41% < 45%)"]}}
{"op_code":4,"worker_id":"02800c9a-0555-4b85-a771-04dfbc574ba5-16052","study_id":0,"datetime_start":"2026-07-14T11:43:14.136057"}
{"op_code":8,"worker_id":"50b45dea-6f25-41c4-adcd-b38d3f98d3fc-11668","trial_id":23,"user_attr":{"cv_is_ics":[0.0,0.0,0.0,0.0,0.0,0.0,0.0,0.0,0.0,0.0,0.0,0.0,0.0,0.0,0.0]}}
{"op_code":5,"worker_id":"02800c9a-0555-4b85-a771-04dfbc574ba5-16052","trial_id":30,"param_name":"k_weight","param_value_internal":1.4832392880323588,"distribution":"{\"name\": \"FloatDistribution\", \"attributes\": {\"step\": null, \"low\": 0.0, \"high\": 1.5, \"log\": false}}"}
{"op_code":5,"worker_id":"be67bebf-1c9f-407d-b401-a0542b641b29-19068","trial_id":26,"param_name":"unified_rho","param_value_internal":0.5349626173910872,"distribution":"{\"name\": \"FloatDistribution\", \"attributes\": {\"step\": null, \"low\": 0.0, \"high\": 1.0, \"log\": false}}"}
{"op_code":5,"worker_id":"93418f9a-b91b-484d-aa35-f76642801e4c-18156","trial_id":29,"param_name":"unified_alpha","param_value_internal":1.138781244970118e-05,"distribution":"{\"name\": \"FloatDistribution\", \"attributes\": {\"step\": null, \"low\": 1e-05, \"high\": 10.0, \"log\": true}}"}
{"op_code":5,"worker_id":"02800c9a-0555-4b85-a771-04dfbc574ba5-16052","trial_id":30,"param_name":"unified_alpha","param_value_internal":2.0276283287511532e-05,"distribution":"{\"name\": \"FloatDistribution\", \"attributes\": {\"step\": null, \"low\": 1e-05, \"high\": 10.0, \"log\": true}}"}
{"op_code":8,"worker_id":"50b45dea-6f25-41c4-adcd-b38d3f98d3fc-11668","trial_id":23,"user_attr":{"cv_oos_ics":[0.0,0.0,0.0,0.0,0.0,0.0,0.0,0.0,0.0,0.0,0.0,0.0,0.0,0.0,0.0]}}
{"op_code":5,"worker_id":"02800c9a-0555-4b85-a771-04dfbc574ba5-16052","trial_id":30,"param_name":"unified_rho","param_value_internal":0.7031307089141656,"distribution":"{\"name\": \"FloatDistribution\", \"attributes\": {\"step\": null, \"low\": 0.0, \"high\": 1.0, \"log\": false}}"}
{"op_code":5,"worker_id":"93418f9a-b91b-484d-aa35-f76642801e4c-18156","trial_id":29,"param_name":"unified_rho","param_value_internal":0.719642515067841,"distribution":"{\"name\": \"FloatDistribution\", \"attributes\": {\"step\": null, \"low\": 0.0, \"high\": 1.0, \"log\": false}}"}
{"op_code":9,"worker_id":"840faad3-8b5c-48e3-91b9-c4a1986aa460-27064","trial_id":24,"system_attr":{"constraints":[0.030812226868654424,0.07969641168333085,0.39999999999999997,0.3590909090909091,0.059815804209608844,-47.0,5.0,0.06393096917104352,0.5,-1470.1587100939705,0.04355742296918769,0.05592185592185589]}}
{"op_code":8,"worker_id":"50b45dea-6f25-41c4-adcd-b38d3f98d3fc-11668","trial_id":23,"user_attr":{"reg_kappa":2.082429098556956}}
{"op_code":6,"worker_id":"840faad3-8b5c-48e3-91b9-c4a1986aa460-27064","trial_id":24,"state":1,"values":[-0.6563206852237649],"datetime_complete":"2026-07-14T11:43:14.160377"}
{"op_code":8,"worker_id":"6bc4ec66-d5df-43f1-961f-cadb39ec293b-6576","trial_id":4,"user_attr":{"gini":0.0}}
{"op_code":8,"worker_id":"50b45dea-6f25-41c4-adcd-b38d3f98d3fc-11668","trial_id":23,"user_attr":{"raw_metrics":[-1.649865096287596,-0.12661630442846547,0.0,-0.0518076420136232,-0.2181818181818182,-0.14610049506654246,-0.0,-0.0,0.398109243697479]}}
{"op_code":8,"worker_id":"50b45dea-6f25-41c4-adcd-b38d3f98d3fc-11668","trial_id":23,"user_attr":{"val_metrics":[0.0,0.0,0.0,0.0,-5.091141651635481]}}
{"op_code":5,"worker_id":"02800c9a-0555-4b85-a771-04dfbc574ba5-16052","trial_id":30,"param_name":"unified_gamma","param_value_internal":9.652118279682952,"distribution":"{\"name\": \"FloatDistribution\", \"attributes\": {\"step\": null, \"low\": 1.5, \"high\": 10000.0, \"log\": true}}"}
{"op_code":8,"worker_id":"50b45dea-6f25-41c4-adcd-b38d3f98d3fc-11668","trial_id":23,"user_attr":{"deflated_objective":-0.9007268602235443}}
{"op_code":5,"worker_id":"be67bebf-1c9f-407d-b401-a0542b641b29-19068","trial_id":26,"param_name":"unified_gamma","param_value_internal":38.710514975489204,"distribution":"{\"name\": \"FloatDistribution\", \"attributes\": {\"step\": null, \"low\": 1.5, \"high\": 10000.0, \"log\": true}}"}
{"op_code":5,"worker_id":"be67bebf-1c9f-407d-b401-a0542b641b29-19068","trial_id":26,"param_name":"huber_delta","param_value_internal":2.356765896768957,"distribution":"{\"name\": \"FloatDistribution\", \"attributes\": {\"step\": null, \"low\": 0.5, \"high\": 5.0, \"log\": false}}"}
{"op_code":8,"worker_id":"6bc4ec66-d5df-43f1-961f-cadb39ec293b-6576","trial_id":4,"user_attr":{"cv_is_ics":[0.0,0.0,0.0,0.0,0.0,0.0,0.0,0.0,0.0,0.0,0.0,0.0,0.0,0.0,0.0]}}
{"op_code":8,"worker_id":"6bc4ec66-d5df-43f1-961f-cadb39ec293b-6576","trial_id":4,"user_attr":{"cv_oos_ics":[0.0,0.0,0.0,0.0,0.0,0.0,0.0,0.0,0.0,0.0,0.0,0.0,0.0,0.0,0.0]}}
{"op_code":8,"worker_id":"6bc4ec66-d5df-43f1-961f-cadb39ec293b-6576","trial_id":4,"user_attr":{"reg_kappa":1.439624873872902}}
{"op_code":8,"worker_id":"6bc4ec66-d5df-43f1-961f-cadb39ec293b-6576","trial_id":4,"user_attr":{"raw_metrics":[-1.649865096287596,-0.12661630442846547,0.0,-0.0518076420136232,-0.2181818181818182,-0.14610049506654246,-0.0,-0.0,0.398109243697479]}}
{"op_code":9,"worker_id":"50b45dea-6f25-41c4-adcd-b38d3f98d3fc-11668","trial_id":23,"system_attr":{"constraints":[0.0518076420136232,0.12661630442846547,0.6,0.4681818181818182,0.14610049506654246,-110.0,5.0,0.053886025124365064,0.5,-1240.3090618377223,0.05189075630252099,0.05592185592185589]}}
{"op_code":6,"worker_id":"50b45dea-6f25-41c4-adcd-b38d3f98d3fc-11668","trial_id":23,"state":1,"values":[-0.6726843215857649],"datetime_complete":"2026-07-14T11:43:14.179779"}
{"op_code":8,"worker_id":"6bc4ec66-d5df-43f1-961f-cadb39ec293b-6576","trial_id":4,"user_attr":{"val_metrics":[0.0,0.0,0.16363636363636364,0.2683838821940826,-5.091141651635481]}}
{"op_code":4,"worker_id":"84f310e8-59ed-48c9-88eb-2c29f6b7b6be-27064","study_id":0,"datetime_start":"2026-07-14T11:43:14.166180"}
{"op_code":8,"worker_id":"6bc4ec66-d5df-43f1-961f-cadb39ec293b-6576","trial_id":4,"user_attr":{"deflated_objective":-0.8920042917993453}}
{"op_code":9,"worker_id":"6bc4ec66-d5df-43f1-961f-cadb39ec293b-6576","trial_id":4,"system_attr":{"constraints":[0.0518076420136232,0.12661630442846547,0.6,0.4681818181818182,0.14610049506654246,-126.0,5.0,0.053886025124365064,0.5,-1202.017921360258,0.05189075630252099,0.05592185592185589]}}
{"op_code":4,"worker_id":"5d81f025-775b-4198-95d6-52848337d9f2-11668","study_id":0,"datetime_start":"2026-07-14T11:43:14.184876"}
{"op_code":6,"worker_id":"6bc4ec66-d5df-43f1-961f-cadb39ec293b-6576","trial_id":4,"state":1,"values":[-0.6563206852237649],"datetime_complete":"2026-07-14T11:43:14.189036"}
{"op_code":5,"worker_id":"5d81f025-775b-4198-95d6-52848337d9f2-11668","trial_id":32,"param_name":"k_weight","param_value_internal":1.4886584878773532,"distribution":"{\"name\": \"FloatDistribution\", \"attributes\": {\"step\": null, \"low\": 0.0, \"high\": 1.5, \"log\": false}}"}
{"op_code":8,"worker_id":"be67bebf-1c9f-407d-b401-a0542b641b29-19068","trial_id":26,"user_attr":{"constraints":[0.03623533570303422,0.11971710928084967,0.39999999999999997,0.3784848484848485,0.11884129459111419,-126.0,5.0,0.14073669273669273,0.5,-1199.5086300200094,0.03179271708683473,-0.0060439560439560225]}}
{"op_code":8,"worker_id":"517a3fbd-c13a-47ef-9f06-212f58098b86-3216","trial_id":27,"user_attr":{"constraints":[-0.0045082670633497125,0.04511694626493297,0.0,-0.0009090909090909149,-0.1692560176909558,-60.0,-7.0,-0.0451018411018411,-0.09999999999999998,-1345.5870031729978,0.03788515406162468,0.050549450549450536]}}
{"op_code":4,"worker_id":"25ca90a6-d821-4edc-ae97-9b0195172a5b-20880","study_id":0,"datetime_start":"2026-07-14T11:43:14.195248"}
{"op_code":8,"worker_id":"517a3fbd-c13a-47ef-9f06-212f58098b86-3216","trial_id":27,"user_attr":{"pruned_reasons":["M2 (Yearly Tail IC Mean <= 0)","Yearly Daily Win Rate (41.21% < 45%)","Side-specific Yearly Daily Win Rate (39.95% < 45%)"]}}
{"op_code":8,"worker_id":"be67bebf-1c9f-407d-b401-a0542b641b29-19068","trial_id":26,"user_attr":{"pruned_reasons":["M4 (Overall IC <= 0)","M2 (Yearly Tail IC Mean <= 0)","M3 (Hit Rate < 60%)","M5 (Monotonicity <= 0.25)","M6 (Top-Bottom Spread <= 0)","Active features count (0) is less than active feature floor (5)","Side-specific Yearly Tail IC Mean (-0.1407 <= 0)","Side-specific Hit Rate (0.00% < 50%)","Yearly Daily Win Rate (41.82% < 45%)"]}}
{"op_code":8,"worker_id":"be67bebf-1c9f-407d-b401-a0542b641b29-19068","trial_id":26,"user_attr":{"gini":0.0}}
{"op_code":8,"worker_id":"be67bebf-1c9f-407d-b401-a0542b641b29-19068","trial_id":26,"user_attr":{"cv_is_ics":[0.0,0.0,0.0,0.0,0.0,0.047259822487831116,0.0,0.0,0.03442992642521858,0.0,0.0,0.032281335443258286,0.0704016238451004,0.06470362842082977,0.0]}}
{"op_code":8,"worker_id":"be67bebf-1c9f-407d-b401-a0542b641b29-19068","trial_id":26,"user_attr":{"cv_oos_ics":[0.0,0.0,0.0,0.0,0.0,-0.09403643757104874,0.0,0.0,-0.012340439483523369,0.0,0.0,0.008442393504083157,0.0003306852013338357,-0.01875722035765648,0.0]}}
{"op_code":5,"worker_id":"02800c9a-0555-4b85-a771-04dfbc574ba5-16052","trial_id":30,"param_name":"huber_delta","param_value_internal":2.0515852923559335,"distribution":"{\"name\": \"FloatDistribution\", \"attributes\": {\"step\": null, \"low\": 0.5, \"high\": 5.0, \"log\": false}}"}
{"op_code":8,"worker_id":"be67bebf-1c9f-407d-b401-a0542b641b29-19068","trial_id":26,"user_attr":{"reg_kappa":2.771414535654734}}
{"op_code":4,"worker_id":"7c7a2c7a-0674-4bc0-a255-98b5d5d0c898-24340","study_id":0,"datetime_start":"2026-07-14T11:43:14.207006"}
{"op_code":8,"worker_id":"517a3fbd-c13a-47ef-9f06-212f58098b86-3216","trial_id":27,"user_attr":{"gini":0.4700865890076147}}
{"op_code":8,"worker_id":"517a3fbd-c13a-47ef-9f06-212f58098b86-3216","trial_id":27,"user_attr":{"cv_is_ics":[0.08392742276191711,0.05994126945734024,0.1091475635766983,0.04138832911849022,0.0805017277598381,0.09934164583683014,0.06806135177612305,0.05475746467709541,0.0907975509762764,0.10269968211650848,0.055593039840459824,0.059827178716659546,0.11970143020153046,0.10203960537910461,0.04778376966714859]}}
{"op_code":5,"worker_id":"7c7a2c7a-0674-4bc0-a255-98b5d5d0c898-24340","trial_id":34,"param_name":"k_weight","param_value_internal":1.4864156614429926,"distribution":"{\"name\": \"FloatDistribution\", \"attributes\": {\"step\": null, \"low\": 0.0, \"high\": 1.5, \"log\": false}}"}
{"op_code":8,"worker_id":"517a3fbd-c13a-47ef-9f06-212f58098b86-3216","trial_id":27,"user_attr":{"cv_oos_ics":[0.031318798661231995,-0.008934796787798405,-0.06610286235809326,0.009417465887963772,-0.0029965878929942846,0.008667781949043274,0.005749412812292576,-0.005196921061724424,0.022259412333369255,-0.03286530822515488,0.07190762460231781,0.06690464913845062,-0.007288928609341383,0.024927301332354546,0.07034124433994293]}}
{"op_code":8,"worker_id":"517a3fbd-c13a-47ef-9f06-212f58098b86-3216","trial_id":27,"user_attr":{"reg_kappa":3.3288598641115534}}
{"op_code":8,"worker_id":"517a3fbd-c13a-47ef-9f06-212f58098b86-3216","trial_id":27,"user_attr":{"raw_metrics":[-0.3041594310520246,-0.04511694626493297,0.6,0.0045082670633497125,0.2509090909090909,0.1692560176909558,-0.16594256139561636,-0.23101989924907684,0.41211484593837533]}}
{"op_code":5,"worker_id":"7c7a2c7a-0674-4bc0-a255-98b5d5d0c898-24340","trial_id":34,"param_name":"unified_alpha","param_value_internal":1.0319595555375792e-05,"distribution":"{\"name\": \"FloatDistribution\", \"attributes\": {\"step\": null, \"low\": 1e-05, \"high\": 10.0, \"log\": true}}"}
{"op_code":8,"worker_id":"517a3fbd-c13a-47ef-9f06-212f58098b86-3216","trial_id":27,"user_attr":{"val_metrics":[0.047809772119562347,-0.37712827787822883,0.18787878787878787,0.11395919450855668,-6.5866115126870195]}}
{"op_code":5,"worker_id":"7c7a2c7a-0674-4bc0-a255-98b5d5d0c898-24340","trial_id":34,"param_name":"unified_rho","param_value_internal":0.7123130236400156,"distribution":"{\"name\": \"FloatDistribution\", \"attributes\": {\"step\": null, \"low\": 0.0, \"high\": 1.0, \"log\": false}}"}
{"op_code":8,"worker_id":"517a3fbd-c13a-47ef-9f06-212f58098b86-3216","trial_id":27,"user_attr":{"deflated_objective":-1.6377427527071375}}
{"op_code":9,"worker_id":"517a3fbd-c13a-47ef-9f06-212f58098b86-3216","trial_id":27,"system_attr":{"constraints":[-0.0045082670633497125,0.04511694626493297,0.0,-0.0009090909090909149,-0.1692560176909558,-60.0,-7.0,-0.0451018411018411,-0.09999999999999998,-1345.5870031729978,0.03788515406162468,0.050549450549450536]}}
{"op_code":6,"worker_id":"517a3fbd-c13a-47ef-9f06-212f58098b86-3216","trial_id":27,"state":1,"values":[-1.3981547210852898],"datetime_complete":"2026-07-14T11:43:14.224888"}
{"op_code":5,"worker_id":"59d551bf-7013-4dcc-ba10-eee12f9c6a94-14384","trial_id":28,"param_name":"unified_gamma","param_value_internal":26.719923998246184,"distribution":"{\"name\": \"FloatDistribution\", \"attributes\": {\"step\": null, \"low\": 1.5, \"high\": 10000.0, \"log\": true}}"}
{"op_code":5,"worker_id":"5d81f025-775b-4198-95d6-52848337d9f2-11668","trial_id":32,"param_name":"unified_alpha","param_value_internal":1.2436079376062407e-05,"distribution":"{\"name\": \"FloatDistribution\", \"attributes\": {\"step\": null, \"low\": 1e-05, \"high\": 10.0, \"log\": true}}"}
{"op_code":5,"worker_id":"59d551bf-7013-4dcc-ba10-eee12f9c6a94-14384","trial_id":28,"param_name":"huber_delta","param_value_internal":1.6198721423817504,"distribution":"{\"name\": \"FloatDistribution\", \"attributes\": {\"step\": null, \"low\": 0.5, \"high\": 5.0, \"log\": false}}"}
{"op_code":5,"worker_id":"5d81f025-775b-4198-95d6-52848337d9f2-11668","trial_id":32,"param_name":"unified_rho","param_value_internal":0.7318230568053963,"distribution":"{\"name\": \"FloatDistribution\", \"attributes\": {\"step\": null, \"low\": 0.0, \"high\": 1.0, \"log\": false}}"}
{"op_code":5,"worker_id":"7c7a2c7a-0674-4bc0-a255-98b5d5d0c898-24340","trial_id":34,"param_name":"unified_gamma","param_value_internal":1.5621825540993306,"distribution":"{\"name\": \"FloatDistribution\", \"attributes\": {\"step\": null, \"low\": 1.5, \"high\": 10000.0, \"log\": true}}"}
{"op_code":4,"worker_id":"3589eebd-4d9c-4d69-aedd-8fd08d10f4c9-3216","study_id":0,"datetime_start":"2026-07-14T11:43:14.230778"}
{"op_code":5,"worker_id":"7c7a2c7a-0674-4bc0-a255-98b5d5d0c898-24340","trial_id":34,"param_name":"huber_delta","param_value_internal":0.7248136375965373,"distribution":"{\"name\": \"FloatDistribution\", \"attributes\": {\"step\": null, \"low\": 0.5, \"high\": 5.0, \"log\": false}}"}
{"op_code":5,"worker_id":"3589eebd-4d9c-4d69-aedd-8fd08d10f4c9-3216","trial_id":35,"param_name":"k_weight","param_value_internal":1.4872959714910257,"distribution":"{\"name\": \"FloatDistribution\", \"attributes\": {\"step\": null, \"low\": 0.0, \"high\": 1.5, \"log\": false}}"}
{"op_code":5,"worker_id":"5d81f025-775b-4198-95d6-52848337d9f2-11668","trial_id":32,"param_name":"unified_gamma","param_value_internal":11.338731161321311,"distribution":"{\"name\": \"FloatDistribution\", \"attributes\": {\"step\": null, \"low\": 1.5, \"high\": 10000.0, \"log\": true}}"}
{"op_code":5,"worker_id":"5d81f025-775b-4198-95d6-52848337d9f2-11668","trial_id":32,"param_name":"huber_delta","param_value_internal":0.5073225597250732,"distribution":"{\"name\": \"FloatDistribution\", \"attributes\": {\"step\": null, \"low\": 0.5, \"high\": 5.0, \"log\": false}}"}
{"op_code":5,"worker_id":"3589eebd-4d9c-4d69-aedd-8fd08d10f4c9-3216","trial_id":35,"param_name":"unified_alpha","param_value_internal":1.2891316624169602e-05,"distribution":"{\"name\": \"FloatDistribution\", \"attributes\": {\"step\": null, \"low\": 1e-05, \"high\": 10.0, \"log\": true}}"}
{"op_code":8,"worker_id":"be67bebf-1c9f-407d-b401-a0542b641b29-19068","trial_id":26,"user_attr":{"raw_metrics":[-0.9716099600738691,-0.11971710928084967,0.2,-0.03623533570303422,-0.12848484848484848,-0.11884129459111419,-0.0,-0.0,0.4182072829131653]}}
{"op_code":4,"worker_id":"fe6a2495-227a-4d2f-9e5c-f6d46afc8624-31524","study_id":0,"datetime_start":"2026-07-14T11:43:13.724193"}
{"op_code":8,"worker_id":"be67bebf-1c9f-407d-b401-a0542b641b29-19068","trial_id":26,"user_attr":{"val_metrics":[0.0,0.0,0.16363636363636364,0.2683838821940826,-5.091141651635481]}}
{"op_code":8,"worker_id":"02800c9a-0555-4b85-a771-04dfbc574ba5-16052","trial_id":30,"user_attr":{"constraints":[-0.003823738139107824,0.02606235495376479,0.0,0.003939393939393909,-0.11821958313541647,-29.0,-8.0,0.01532264732264732,-0.09999999999999998,-1500.791972028343,0.025385154061624726,0.02777777777777779]}}
{"op_code":5,"worker_id":"3589eebd-4d9c-4d69-aedd-8fd08d10f4c9-3216","trial_id":35,"param_name":"unified_rho","param_value_internal":0.7183113818190681,"distribution":"{\"name\": \"FloatDistribution\", \"attributes\": {\"step\": null, \"low\": 0.0, \"high\": 1.0, \"log\": false}}"}
{"op_code":5,"worker_id":"fe6a2495-227a-4d2f-9e5c-f6d46afc8624-31524","trial_id":36,"param_name":"k_weight","param_value_internal":1.4354777570902966,"distribution":"{\"name\": \"FloatDistribution\", \"attributes\": {\"step\": null, \"low\": 0.0, \"high\": 1.5, \"log\": false}}"}
{"op_code":5,"worker_id":"3589eebd-4d9c-4d69-aedd-8fd08d10f4c9-3216","trial_id":35,"param_name":"unified_gamma","param_value_internal":1.5119011301589735,"distribution":"{\"name\": \"FloatDistribution\", \"attributes\": {\"step\": null, \"low\": 1.5, \"high\": 10000.0, \"log\": true}}"}
{"op_code":5,"worker_id":"fe6a2495-227a-4d2f-9e5c-f6d46afc8624-31524","trial_id":36,"param_name":"unified_alpha","param_value_internal":1.0381848169918081e-05,"distribution":"{\"name\": \"FloatDistribution\", \"attributes\": {\"step\": null, \"low\": 1e-05, \"high\": 10.0, \"log\": true}}"}
{"op_code":8,"worker_id":"02800c9a-0555-4b85-a771-04dfbc574ba5-16052","trial_id":30,"user_attr":{"pruned_reasons":["M2 (Yearly Tail IC Mean <= 0)","M5 (Monotonicity <= 0.25)","Side-specific Yearly Tail IC Mean (-0.0153 <= 0)","Yearly Daily Win Rate (42.46% < 45%)","Side-specific Yearly Daily Win Rate (42.22% < 45%)"]}}
{"op_code":5,"worker_id":"3589eebd-4d9c-4d69-aedd-8fd08d10f4c9-3216","trial_id":35,"param_name":"huber_delta","param_value_internal":0.5465585294695576,"distribution":"{\"name\": \"FloatDistribution\", \"attributes\": {\"step\": null, \"low\": 0.5, \"high\": 5.0, \"log\": false}}"}
{"op_code":5,"worker_id":"fe6a2495-227a-4d2f-9e5c-f6d46afc8624-31524","trial_id":36,"param_name":"unified_rho","param_value_internal":0.7076835641502044,"distribution":"{\"name\": \"FloatDistribution\", \"attributes\": {\"step\": null, \"low\": 0.0, \"high\": 1.0, \"log\": false}}"}
{"op_code":8,"worker_id":"be67bebf-1c9f-407d-b401-a0542b641b29-19068","trial_id":26,"user_attr":{"deflated_objective":-0.8925490268684093}}
{"op_code":9,"worker_id":"be67bebf-1c9f-407d-b401-a0542b641b29-19068","trial_id":26,"system_attr":{"constraints":[0.03623533570303422,0.11971710928084967,0.39999999999999997,0.3784848484848485,0.11884129459111419,-126.0,5.0,0.14073669273669273,0.5,-1199.5086300200094,0.03179271708683473,-0.0060439560439560225]}}
{"op_code":6,"worker_id":"be67bebf-1c9f-407d-b401-a0542b641b29-19068","trial_id":26,"state":1,"values":[-0.6563206852237649],"datetime_complete":"2026-07-14T11:43:14.258649"}
{"op_code":5,"worker_id":"fe6a2495-227a-4d2f-9e5c-f6d46afc8624-31524","trial_id":36,"param_name":"unified_gamma","param_value_internal":5.833193193090727,"distribution":"{\"name\": \"FloatDistribution\", \"attributes\": {\"step\": null, \"low\": 1.5, \"high\": 10000.0, \"log\": true}}"}
{"op_code":8,"worker_id":"9476f4c7-a216-48a6-bcf2-bf2794ad28f4-4680","trial_id":19,"user_attr":{"deflated_objective":-1.4043136122687103}}
{"op_code":8,"worker_id":"02800c9a-0555-4b85-a771-04dfbc574ba5-16052","trial_id":30,"user_attr":{"gini":0.41184922738246166}}
{"op_code":5,"worker_id":"fe6a2495-227a-4d2f-9e5c-f6d46afc8624-31524","trial_id":36,"param_name":"huber_delta","param_value_internal":2.1198515836566973,"distribution":"{\"name\": \"FloatDistribution\", \"attributes\": {\"step\": null, \"low\": 0.5, \"high\": 5.0, \"log\": false}}"}
{"op_code":4,"worker_id":"bf5068e5-90a3-4630-a42f-d8ac2dce06b2-19068","study_id":0,"datetime_start":"2026-07-14T11:43:14.263637"}
{"op_code":5,"worker_id":"bf5068e5-90a3-4630-a42f-d8ac2dce06b2-19068","trial_id":37,"param_name":"k_weight","param_value_internal":1.4914482510825222,"distribution":"{\"name\": \"FloatDistribution\", \"attributes\": {\"step\": null, \"low\": 0.0, \"high\": 1.5, \"log\": false}}"}
{"op_code":8,"worker_id":"02800c9a-0555-4b85-a771-04dfbc574ba5-16052","trial_id":30,"user_attr":{"cv_is_ics":[0.09200909733772278,0.07509826868772507,0.11012939363718033,0.03743943199515343,0.08543195575475693,0.0982203409075737,0.07757881283760071,0.051292385905981064,0.09131328761577606,0.10183276981115341,0.06873926520347595,0.0687798410654068,0.11496163159608841,0.10009899735450745,0.04759752005338669]}}
{"op_code":5,"worker_id":"bf5068e5-90a3-4630-a42f-d8ac2dce06b2-19068","trial_id":37,"param_name":"unified_alpha","param_value_internal":1.2866048457519061e-05,"distribution":"{\"name\": \"FloatDistribution\", \"attributes\": {\"step\": null, \"low\": 1e-05, \"high\": 10.0, \"log\": true}}"}
{"op_code":8,"worker_id":"02800c9a-0555-4b85-a771-04dfbc574ba5-16052","trial_id":30,"user_attr":{"cv_oos_ics":[0.014475133270025253,0.0039133639074862,-0.07310560345649719,0.008916470222175121,-0.012911261059343815,0.010291259735822678,0.00011335372983012348,-0.005242122802883387,0.0165603868663311,-0.01987398974597454,0.0590633749961853,0.06169402226805687,0.001215264550410211,0.021491708233952522,0.07062346488237381]}}
{"op_code":4,"worker_id":"ac11aab9-cc26-44d2-8a0d-6a99635e2337-6576","study_id":0,"datetime_start":"2026-07-14T11:43:14.268223"}
{"op_code":5,"worker_id":"bf5068e5-90a3-4630-a42f-d8ac2dce06b2-19068","trial_id":37,"param_name":"unified_rho","param_value_internal":0.7322043112799398,"distribution":"{\"name\": \"FloatDistribution\", \"attributes\": {\"step\": null, \"low\": 0.0, \"high\": 1.0, \"log\": false}}"}
{"op_code":5,"worker_id":"ac11aab9-cc26-44d2-8a0d-6a99635e2337-6576","trial_id":38,"param_name":"k_weight","param_value_internal":1.4942280947238555,"distribution":"{\"name\": \"FloatDistribution\", \"attributes\": {\"step\": null, \"low\": 0.0, \"high\": 1.5, \"log\": false}}"}
{"op_code":5,"worker_id":"bf5068e5-90a3-4630-a42f-d8ac2dce06b2-19068","trial_id":37,"param_name":"unified_gamma","param_value_internal":1.8198645408525407,"distribution":"{\"name\": \"FloatDistribution\", \"attributes\": {\"step\": null, \"low\": 1.5, \"high\": 10000.0, \"log\": true}}"}
{"op_code":8,"worker_id":"02800c9a-0555-4b85-a771-04dfbc574ba5-16052","trial_id":30,"user_attr":{"reg_kappa":3.7613459953385875}}
{"op_code":5,"worker_id":"ac11aab9-cc26-44d2-8a0d-6a99635e2337-6576","trial_id":38,"param_name":"unified_alpha","param_value_internal":1.4252395292991098e-05,"distribution":"{\"name\": \"FloatDistribution\", \"attributes\": {\"step\": null, \"low\": 1e-05, \"high\": 10.0, \"log\": true}}"}
{"op_code":5,"worker_id":"ac11aab9-cc26-44d2-8a0d-6a99635e2337-6576","trial_id":38,"param_name":"unified_rho","param_value_internal":0.7169071569328529,"distribution":"{\"name\": \"FloatDistribution\", \"attributes\": {\"step\": null, \"low\": 0.0, \"high\": 1.0, \"log\": false}}"}
{"op_code":9,"worker_id":"9476f4c7-a216-48a6-bcf2-bf2794ad28f4-4680","trial_id":19,"system_attr":{"constraints":[-0.00408517836712405,0.0283263196561223,0.0,0.12515151515151515,-0.09278116680043257,-96.0,-8.0,-0.013864105864105868,0.09999999999999998,-1240.4326248826942,0.02359943977591039,0.056654456654456675]}}
{"op_code":8,"worker_id":"02800c9a-0555-4b85-a771-04dfbc574ba5-16052","trial_id":30,"user_attr":{"raw_metrics":[-0.17441015250913722,-0.02606235495376479,0.6,0.003823738139107824,0.2460606060606061,0.11821958313541647,-0.30244916701767355,-0.4382273852825165,0.4246148459383753]}}
{"op_code":5,"worker_id":"ac11aab9-cc26-44d2-8a0d-6a99635e2337-6576","trial_id":38,"param_name":"unified_gamma","param_value_internal":4.8123113885696664,"distribution":"{\"name\": \"FloatDistribution\", \"attributes\": {\"step\": null, \"low\": 1.5, \"high\": 10000.0, \"log\": true}}"}
{"op_code":8,"worker_id":"7c7a2c7a-0674-4bc0-a255-98b5d5d0c898-24340","trial_id":34,"user_attr":{"constraints":[-0.01162586092224793,0.06236721710182995,0.19999999999999996,0.001515151515151525,-0.10940074951810556,-29.0,-8.0,-0.0021643221643221577,0.09999999999999998,-1501.9443463408702,0.02286414565826328,0.03388278388278387]}}
{"op_code":5,"worker_id":"ac11aab9-cc26-44d2-8a0d-6a99635e2337-6576","trial_id":38,"param_name":"huber_delta","param_value_internal":0.5802840752310714,"distribution":"{\"name\": \"FloatDistribution\", \"attributes\": {\"step\": null, \"low\": 0.5, \"high\": 5.0, \"log\": false}}"}
{"op_code":5,"worker_id":"bf5068e5-90a3-4630-a42f-d8ac2dce06b2-19068","trial_id":37,"param_name":"huber_delta","param_value_internal":0.571020021453176,"distribution":"{\"name\": \"FloatDistribution\", \"attributes\": {\"step\": null, \"low\": 0.5, \"high\": 5.0, \"log\": false}}"}
{"op_code":5,"worker_id":"76c1675d-2661-4557-8d21-c52b0187be0c-22852","trial_id":8,"param_name":"unified_rho","param_value_internal":0.45487540240575286,"distribution":"{\"name\": \"FloatDistribution\", \"attributes\": {\"step\": null, \"low\": 0.0, \"high\": 1.0, \"log\": false}}"}
{"op_code":5,"worker_id":"93418f9a-b91b-484d-aa35-f76642801e4c-18156","trial_id":29,"param_name":"unified_gamma","param_value_internal":7.433959664235044,"distribution":"{\"name\": \"FloatDistribution\", \"attributes\": {\"step\": null, \"low\": 1.5, \"high\": 10000.0, \"log\": true}}"}
{"op_code":8,"worker_id":"5d81f025-775b-4198-95d6-52848337d9f2-11668","trial_id":32,"user_attr":{"constraints":[-0.013803457265265866,0.04956718791031386,0.0,0.008787878787878789,-0.19528137293122153,-29.0,-8.0,0.03909822309822311,0.09999999999999998,-1502.7596991792673,0.009908963585434194,0.01452991452991459]}}
{"op_code":5,"worker_id":"76c1675d-2661-4557-8d21-c52b0187be0c-22852","trial_id":8,"param_name":"unified_gamma","param_value_internal":33.325447496589845,"distribution":"{\"name\": \"FloatDistribution\", \"attributes\": {\"step\": null, \"low\": 1.5, \"high\": 10000.0, \"log\": true}}"}
{"op_code":5,"worker_id":"76c1675d-2661-4557-8d21-c52b0187be0c-22852","trial_id":8,"param_name":"huber_delta","param_value_internal":3.136331228606768,"distribution":"{\"name\": \"FloatDistribution\", \"attributes\": {\"step\": null, \"low\": 0.5, \"high\": 5.0, \"log\": false}}"}
{"op_code":8,"worker_id":"5d81f025-775b-4198-95d6-52848337d9f2-11668","trial_id":32,"user_attr":{"pruned_reasons":["M2 (Yearly Tail IC Mean <= 0)","M5 (Monotonicity <= 0.25)","Side-specific Yearly Tail IC Mean (-0.0391 <= 0)","Side-specific Hit Rate (40.00% < 50%)","Yearly Daily Win Rate (44.01% < 45%)","Side-specific Yearly Daily Win Rate (43.55% < 45%)"]}}
{"op_code":8,"worker_id":"5d81f025-775b-4198-95d6-52848337d9f2-11668","trial_id":32,"user_attr":{"gini":0.3553394225736486}}
{"op_code":8,"worker_id":"5d81f025-775b-4198-95d6-52848337d9f2-11668","trial_id":32,"user_attr":{"cv_is_ics":[0.10805627703666687,0.09659542143344879,0.11970487982034683,0.06523323059082031,0.08920025080442429,0.1149420291185379,0.08783011138439178,0.0792212039232254,0.1138821542263031,0.11891139298677444,0.10069745033979416,0.09041967242956161,0.12154608964920044,0.10795553773641586,0.06638707965612411]}}
{"op_code":8,"worker_id":"5d81f025-775b-4198-95d6-52848337d9f2-11668","trial_id":32,"user_attr":{"cv_oos_ics":[0.022203758358955383,0.007455319631844759,-0.026463760063052177,0.01644820347428322,-0.03302310034632683,0.0008430159068666399,0.022706011310219765,-0.010591302067041397,0.01765623688697815,-0.012114856392145157,0.04587206616997719,0.08035828173160553,0.00021005436428822577,0.035946425050497055,0.03508702665567398]}}
{"op_code":8,"worker_id":"02800c9a-0555-4b85-a771-04dfbc574ba5-16052","trial_id":30,"user_attr":{"val_metrics":[0.05314798108253042,-0.30932664210496497,0.15151515151515152,0.12550748433526335,-6.172500207903945]}}
{"op_code":5,"worker_id":"93418f9a-b91b-484d-aa35-f76642801e4c-18156","trial_id":29,"param_name":"huber_delta","param_value_internal":0.5476790666257938,"distribution":"{\"name\": \"FloatDistribution\", \"attributes\": {\"step\": null, \"low\": 0.5, \"high\": 5.0, \"log\": false}}"}
{"op_code":8,"worker_id":"7c7a2c7a-0674-4bc0-a255-98b5d5d0c898-24340","trial_id":34,"user_attr":{"pruned_reasons":["M2 (Yearly Tail IC Mean <= 0)","M3 (Hit Rate < 60%)","M5 (Monotonicity <= 0.25)","Side-specific Hit Rate (40.00% < 50%)","Yearly Daily Win Rate (42.71% < 45%)","Side-specific Yearly Daily Win Rate (41.61% < 45%)"]}}
{"op_code":8,"worker_id":"7c7a2c7a-0674-4bc0-a255-98b5d5d0c898-24340","trial_id":34,"user_attr":{"gini":0.362751715163949}}
{"op_code":8,"worker_id":"7c7a2c7a-0674-4bc0-a255-98b5d5d0c898-24340","trial_id":34,"user_attr":{"cv_is_ics":[0.10418260842561722,0.09399174153804779,0.11789723485708237,0.0638524666428566,0.09197299927473068,0.11177700757980347,0.08277156203985214,0.07230616360902786,0.11360716819763184,0.1149015724658966,0.09538676589727402,0.0875655934214592,0.12200994789600372,0.1079704537987709,0.06298276036977768]}}
{"op_code":8,"worker_id":"7c7a2c7a-0674-4bc0-a255-98b5d5d0c898-24340","trial_id":34,"user_attr":{"cv_oos_ics":[0.023578837513923645,0.0018500455189496279,-0.032216254621744156,0.015095514245331287,-0.02744770236313343,-5.065932418801822e-05,0.015857066959142685,-0.011466224677860737,0.018085112795233727,-0.014142768457531929,0.0374276228249073,0.08421095460653305,0.0022383874747902155,0.030291106551885605,0.03941367566585541]}}
{"op_code":8,"worker_id":"7c7a2c7a-0674-4bc0-a255-98b5d5d0c898-24340","trial_id":34,"user_attr":{"reg_kappa":3.7642527497059386}}
{"op_code":8,"worker_id":"5d81f025-775b-4198-95d6-52848337d9f2-11668","trial_id":32,"user_attr":{"reg_kappa":3.7662941679007913}}
{"op_code":8,"worker_id":"5d81f025-775b-4198-95d6-52848337d9f2-11668","trial_id":32,"user_attr":{"raw_metrics":[-0.30374912615964617,-0.04956718791031386,0.6,0.013803457265265866,0.2412121212121212,0.19528137293122153,-0.3041905246805255,-0.4232805669307709,0.4400910364145658]}}
{"op_code":8,"worker_id":"5d81f025-775b-4198-95d6-52848337d9f2-11668","trial_id":32,"user_attr":{"val_metrics":[0.05145136172561577,-0.553504336277189,0.23636363636363636,0.14990940642124717,-3.7173896583737642]}}
{"op_code":8,"worker_id":"3589eebd-4d9c-4d69-aedd-8fd08d10f4c9-3216","trial_id":35,"user_attr":{"constraints":[-0.012830505452379607,0.05500710611286023,0.0,-0.0009090909090908594,-0.1689139912914429,-29.0,-8.0,0.06905850905850905,0.09999999999999998,-1502.2643642303315,0.01995798319327735,0.008974358974359053]}}
{"op_code":8,"worker_id":"3589eebd-4d9c-4d69-aedd-8fd08d10f4c9-3216","trial_id":35,"user_attr":{"pruned_reasons":["M2 (Yearly Tail IC Mean <= 0)","Side-specific Yearly Tail IC Mean (-0.0691 <= 0)","Side-specific Hit Rate (40.00% < 50%)","Yearly Daily Win Rate (43.00% < 45%)","Side-specific Yearly Daily Win Rate (44.10% < 45%)"]}}
{"op_code":8,"worker_id":"5d81f025-775b-4198-95d6-52848337d9f2-11668","trial_id":32,"user_attr":{"deflated_objective":-0.7345684441938798}}
{"op_code":9,"worker_id":"5d81f025-775b-4198-95d6-52848337d9f2-11668","trial_id":32,"system_attr":{"constraints":[-0.013803457265265866,0.04956718791031386,0.0,0.008787878787878789,-0.19528137293122153,-29.0,-8.0,0.03909822309822311,0.09999999999999998,-1502.7596991792673,0.009908963585434194,0.01452991452991459]}}
{"op_code":6,"worker_id":"5d81f025-775b-4198-95d6-52848337d9f2-11668","trial_id":32,"state":1,"values":[-0.3158037590187166],"datetime_complete":"2026-07-14T11:43:14.319929"}
{"op_code":8,"worker_id":"fe6a2495-227a-4d2f-9e5c-f6d46afc8624-31524","trial_id":36,"user_attr":{"constraints":[-0.004162838281331152,0.018810869731293655,0.0,0.003939393939393909,-0.10404052910861412,-32.0,-8.0,0.016370128370128374,-0.09999999999999998,-1483.8023873398386,0.025385154061624726,0.02777777777777779]}}
{"op_code":8,"worker_id":"fe6a2495-227a-4d2f-9e5c-f6d46afc8624-31524","trial_id":36,"user_attr":{"pruned_reasons":["M2 (Yearly Tail IC Mean <= 0)","M5 (Monotonicity <= 0.25)","Side-specific Yearly Tail IC Mean (-0.0164 <= 0)","Yearly Daily Win Rate (42.46% < 45%)","Side-specific Yearly Daily Win Rate (42.22% < 45%)"]}}
{"op_code":8,"worker_id":"fe6a2495-227a-4d2f-9e5c-f6d46afc8624-31524","trial_id":36,"user_attr":{"gini":0.40893757217852333}}
{"op_code":8,"worker_id":"fe6a2495-227a-4d2f-9e5c-f6d46afc8624-31524","trial_id":36,"user_attr":{"cv_is_ics":[0.09139800816774368,0.07502523809671402,0.10933922976255417,0.038239575922489166,0.08560582250356674,0.09784664213657379,0.07684788852930069,0.051098570227622986,0.09086799621582031,0.10174618661403656,0.06820575147867203,0.06828556954860687,0.11500348895788193,0.10061951726675034,0.048405274748802185]}}
{"op_code":4,"worker_id":"586e468d-0c6e-4945-9faa-ac75ed5b2e73-11668","study_id":0,"datetime_start":"2026-07-14T11:43:14.325494"}
{"op_code":8,"worker_id":"56090a9b-1905-4955-a4d4-757ea7ea4376-12024","trial_id":2,"user_attr":{"reg_kappa":3.676253127578875}}
{"op_code":5,"worker_id":"586e468d-0c6e-4945-9faa-ac75ed5b2e73-11668","trial_id":39,"param_name":"k_weight","param_value_internal":1.1194575848819386,"distribution":"{\"name\": \"FloatDistribution\", \"attributes\": {\"step\": null, \"low\": 0.0, \"high\": 1.5, \"log\": false}}"}
{"op_code":8,"worker_id":"56090a9b-1905-4955-a4d4-757ea7ea4376-12024","trial_id":2,"user_attr":{"raw_metrics":[-0.08067548320290693,-0.012464651121339898,0.6,0.004285322169337032,0.2363636363636364,0.13202254891498702,-0.2792660580105109,-0.42972463369369507,0.41873249299719884]}}
{"op_code":8,"worker_id":"fe6a2495-227a-4d2f-9e5c-f6d46afc8624-31524","trial_id":36,"user_attr":{"cv_oos_ics":[0.014581209979951382,0.004535130690783262,-0.07099275290966034,0.009121066890656948,-0.011244038119912148,0.011465520597994328,0.0005163892055861652,-0.006029161624610424,0.017252473160624504,-0.01916755735874176,0.06023385748267174,0.06202299892902374,0.0013395339483395219,0.02186036854982376,0.07032764703035355]}}
{"op_code":5,"worker_id":"586e468d-0c6e-4945-9faa-ac75ed5b2e73-11668","trial_id":39,"param_name":"unified_alpha","param_value_internal":0.0005123464847504715,"distribution":"{\"name\": \"FloatDistribution\", \"attributes\": {\"step\": null, \"low\": 1e-05, \"high\": 10.0, \"log\": true}}"}
{"op_code":8,"worker_id":"fe6a2495-227a-4d2f-9e5c-f6d46afc8624-31524","trial_id":36,"user_attr":{"reg_kappa":3.718784229985704}}
{"op_code":8,"worker_id":"ac11aab9-cc26-44d2-8a0d-6a99635e2337-6576","trial_id":38,"user_attr":{"constraints":[-0.0129230446998421,0.05937396599850283,0.0,0.011212121212121229,-0.17116817806076948,-29.0,-8.0,0.01157981957981959,0.09999999999999998,-1504.790993370061,0.01995798319327735,0.02619047619047621]}}
{"op_code":8,"worker_id":"76c1675d-2661-4557-8d21-c52b0187be0c-22852","trial_id":8,"user_attr":{"constraints":[-0.004867005387818637,0.020324567590098236,0.0,0.023333333333333345,-0.11675759714935237,-42.0,-6.0,-0.07372990972990974,-0.09999999999999998,-1429.654063540277,0.03074229691876751,0.046825396825396826]}}
{"op_code":8,"worker_id":"fe6a2495-227a-4d2f-9e5c-f6d46afc8624-31524","trial_id":36,"user_attr":{"raw_metrics":[-0.13186211778194534,-0.018810869731293655,0.6,0.004162838281331152,0.2460606060606061,0.10404052910861412,-0.28759452240131544,-0.42470142245292664,0.4246148459383753]}}
{"op_code":8,"worker_id":"02800c9a-0555-4b85-a771-04dfbc574ba5-16052","trial_id":30,"user_attr":{"deflated_objective":-1.5820017589853204}}
{"op_code":8,"worker_id":"76c1675d-2661-4557-8d21-c52b0187be0c-22852","trial_id":8,"user_attr":{"pruned_reasons":["M2 (Yearly Tail IC Mean <= 0)","M5 (Monotonicity <= 0.25)","Yearly Daily Win Rate (41.93% < 45%)","Side-specific Yearly Daily Win Rate (40.32% < 45%)"]}}
{"op_code":8,"worker_id":"56090a9b-1905-4955-a4d4-757ea7ea4376-12024","trial_id":2,"user_attr":{"val_metrics":[0.06429484146918503,-0.20964648988913767,0.10303030303030303,0.2352614474273624,-6.396274357693314]}}
{"op_code":9,"worker_id":"02800c9a-0555-4b85-a771-04dfbc574ba5-16052","trial_id":30,"system_attr":{"constraints":[-0.003823738139107824,0.02606235495376479,0.0,0.003939393939393909,-0.11821958313541647,-29.0,-8.0,0.01532264732264732,-0.09999999999999998,-1500.791972028343,0.025385154061624726,0.02777777777777779]}}
{"op_code":8,"worker_id":"76c1675d-2661-4557-8d21-c52b0187be0c-22852","trial_id":8,"user_attr":{"gini":0.47907063749399525}}
{"op_code":8,"worker_id":"76c1675d-2661-4557-8d21-c52b0187be0c-22852","trial_id":8,"user_attr":{"cv_is_ics":[0.08219123631715775,0.05711594223976135,0.10998645424842834,0.040144748985767365,0.07724878191947937,0.090461365878582,0.06530480831861496,0.04673376306891441,0.08318901062011719,0.09868530184030533,0.04254739731550217,0.05479700490832329,0.1120639219880104,0.09957845509052277,0.04145410284399986]}}
{"op_code":6,"worker_id":"02800c9a-0555-4b85-a771-04dfbc574ba5-16052","trial_id":30,"state":1,"values":[-1.2084920876217877],"datetime_complete":"2026-07-14T11:43:14.342414"}
{"op_code":8,"worker_id":"76c1675d-2661-4557-8d21-c52b0187be0c-22852","trial_id":8,"user_attr":{"cv_oos_ics":[0.020595815032720566,0.010349059477448463,-0.07341530174016953,0.025759732350707054,-0.001959152752533555,0.008930034935474396,0.004797801375389099,-0.003406770993024111,0.0295533686876297,-0.027251778170466423,0.0780152976512909,0.057422179728746414,-0.0011524301953613758,0.025686265900731087,0.07607787102460861]}}
{"op_code":8,"worker_id":"76c1675d-2661-4557-8d21-c52b0187be0c-22852","trial_id":8,"user_attr":{"reg_kappa":3.511677426519849}}
{"op_code":8,"worker_id":"76c1675d-2661-4557-8d21-c52b0187be0c-22852","trial_id":8,"user_attr":{"raw_metrics":[-0.133008501512514,-0.020324567590098236,0.6,0.004867005387818637,0.22666666666666666,0.11675759714935237,-0.20509973986841423,-0.3257089853286743,0.4192577030812325]}}
{"op_code":6,"worker_id":"9476f4c7-a216-48a6-bcf2-bf2794ad28f4-4680","trial_id":19,"state":1,"values":[-1.2072827349511337],"datetime_complete":"2026-07-14T11:43:14.282283"}
{"op_code":8,"worker_id":"3589eebd-4d9c-4d69-aedd-8fd08d10f4c9-3216","trial_id":35,"user_attr":{"gini":0.35706172286493887}}
{"op_code":8,"worker_id":"ac11aab9-cc26-44d2-8a0d-6a99635e2337-6576","trial_id":38,"user_attr":{"pruned_reasons":["M2 (Yearly Tail IC Mean <= 0)","M5 (Monotonicity <= 0.25)","Side-specific Yearly Tail IC Mean (-0.0116 <= 0)","Side-specific Hit Rate (40.00% < 50%)","Yearly Daily Win Rate (43.00% < 45%)","Side-specific Yearly Daily Win Rate (42.38% < 45%)"]}}
{"op_code":8,"worker_id":"ac11aab9-cc26-44d2-8a0d-6a99635e2337-6576","trial_id":38,"user_attr":{"gini":0.35966900814069813}}
{"op_code":8,"worker_id":"ac11aab9-cc26-44d2-8a0d-6a99635e2337-6576","trial_id":38,"user_attr":{"cv_is_ics":[0.10712119191884995,0.09527197480201721,0.11968278139829636,0.06537026166915894,0.08989091962575912,0.11439455300569534,0.0862380787730217,0.07696264237165451,0.1128716692328453,0.11663590371608734,0.09990744292736053,0.08962441980838776,0.12131424248218536,0.10817867517471313,0.06511605530977249]}}
{"op_code":8,"worker_id":"ac11aab9-cc26-44d2-8a0d-6a99635e2337-6576","trial_id":38,"user_attr":{"cv_oos_ics":[0.02277696505188942,0.007336368318647146,-0.028973355889320374,0.01668526791036129,-0.029804930090904236,0.0012271591695025563,0.021070359274744987,-0.010816049762070179,0.017392748966813087,-0.012605356052517891,0.04273202270269394,0.08403488248586655,0.0004977770731784403,0.03343837708234787,0.03552256152033806]}}
{"op_code":8,"worker_id":"ac11aab9-cc26-44d2-8a0d-6a99635e2337-6576","trial_id":38,"user_attr":{"reg_kappa":3.7713807449291927}}
{"op_code":8,"worker_id":"ac11aab9-cc26-44d2-8a0d-6a99635e2337-6576","trial_id":38,"user_attr":{"raw_metrics":[-0.36364481916607067,-0.05937396599850283,0.6,0.0129230446998421,0.23878787878787877,0.17116817806076948,-0.3059923782768139,-0.424170583486557,0.43004201680672266]}}
{"op_code":8,"worker_id":"56090a9b-1905-4955-a4d4-757ea7ea4376-12024","trial_id":2,"user_attr":{"deflated_objective":-1.6750862614182485}}
{"op_code":9,"worker_id":"56090a9b-1905-4955-a4d4-757ea7ea4376-12024","trial_id":2,"system_attr":{"constraints":[-0.004285322169337032,0.012464651121339898,0.0,0.013636363636363613,-0.13202254891498702,-30.0,-7.0,-0.049496581496581496,-0.09999999999999998,-1500.9779636387786,0.031267507002801176,0.050549450549450536]}}
{"op_code":6,"worker_id":"56090a9b-1905-4955-a4d4-757ea7ea4376-12024","trial_id":2,"state":1,"values":[-1.2618634854556865],"datetime_complete":"2026-07-14T11:43:14.362968"}
{"op_code":8,"worker_id":"ac11aab9-cc26-44d2-8a0d-6a99635e2337-6576","trial_id":38,"user_attr":{"val_metrics":[0.047547623955547985,-0.5473929500490142,0.21212121212121213,0.338690176990855,-3.4253096469291737]}}
{"op_code":8,"worker_id":"bf5068e5-90a3-4630-a42f-d8ac2dce06b2-19068","trial_id":37,"user_attr":{"constraints":[-0.013400494645002628,0.05837526864722189,0.0,-0.0033333333333332993,-0.1689139912914429,-29.0,-8.0,0.05345650145650146,0.09999999999999998,-1503.7761532939342,0.01995798319327735,0.01666666666666672]}}
{"op_code":4,"worker_id":"aa6083f8-c485-4693-aa91-61b36e9b18f4-16052","study_id":0,"datetime_start":"2026-07-14T11:43:14.349749"}
{"op_code":8,"worker_id":"bf5068e5-90a3-4630-a42f-d8ac2dce06b2-19068","trial_id":37,"user_attr":{"pruned_reasons":["M2 (Yearly Tail IC Mean <= 0)","Side-specific Yearly Tail IC Mean (-0.0535 <= 0)","Side-specific Hit Rate (40.00% < 50%)","Yearly Daily Win Rate (43.00% < 45%)","Side-specific Yearly Daily Win Rate (43.33% < 45%)"]}}
{"op_code":8,"worker_id":"ac11aab9-cc26-44d2-8a0d-6a99635e2337-6576","trial_id":38,"user_attr":{"deflated_objective":-0.6191539953556169}}
{"op_code":9,"worker_id":"ac11aab9-cc26-44d2-8a0d-6a99635e2337-6576","trial_id":38,"system_attr":{"constraints":[-0.0129230446998421,0.05937396599850283,0.0,0.011212121212121229,-0.17116817806076948,-29.0,-8.0,0.01157981957981959,0.09999999999999998,-1504.790993370061,0.01995798319327735,0.02619047619047621]}}
{"op_code":6,"worker_id":"ac11aab9-cc26-44d2-8a0d-6a99635e2337-6576","trial_id":38,"state":1,"values":[-0.19934181616250585],"datetime_complete":"2026-07-14T11:43:14.373719"}
{"op_code":8,"worker_id":"bf5068e5-90a3-4630-a42f-d8ac2dce06b2-19068","trial_id":37,"user_attr":{"gini":0.3598504925199213}}
{"op_code":8,"worker_id":"bf5068e5-90a3-4630-a42f-d8ac2dce06b2-19068","trial_id":37,"user_attr":{"cv_is_ics":[0.10696892440319061,0.0954170823097229,0.1198485866189003,0.06589268893003464,0.08970630168914795,0.11456369608640671,0.08661611378192902,0.07701991498470306,0.11293354630470276,0.11681336909532547,0.10000362247228622,0.08964197337627411,0.1216253787279129,0.10821527242660522,0.06552188843488693]}}
{"op_code":8,"worker_id":"bf5068e5-90a3-4630-a42f-d8ac2dce06b2-19068","trial_id":37,"user_attr":{"cv_oos_ics":[0.02167687378823757,0.007021636702120304,-0.02891891822218895,0.017730921506881714,-0.029492463916540146,0.0011924533173441887,0.021219396963715553,-0.00960470363497734,0.017492787912487984,-0.012619070708751678,0.04341130703687668,0.08274228870868683,0.001911200932227075,0.03364941477775574,0.035878874361515045]}}
{"op_code":4,"worker_id":"e273d3f5-fed5-48e8-8ec8-e9c0bd051190-6576","study_id":0,"datetime_start":"2026-07-14T11:43:14.379378"}
{"op_code":8,"worker_id":"93418f9a-b91b-484d-aa35-f76642801e4c-18156","trial_id":29,"user_attr":{"constraints":[-0.012585024857089644,0.05633695573429355,0.0,0.008787878787878789,-0.1689139912914429,-29.0,-8.0,0.0764061164061164,0.09999999999999998,-1502.411716288961,0.01995798319327735,0.0034188034188035177]}}
{"op_code":8,"worker_id":"93418f9a-b91b-484d-aa35-f76642801e4c-18156","trial_id":29,"user_attr":{"pruned_reasons":["M2 (Yearly Tail IC Mean <= 0)","M5 (Monotonicity <= 0.25)","Side-specific Yearly Tail IC Mean (-0.0764 <= 0)","Side-specific Hit Rate (40.00% < 50%)","Yearly Daily Win Rate (43.00% < 45%)","Side-specific Yearly Daily Win Rate (44.66% < 45%)"]}}
{"op_code":8,"worker_id":"93418f9a-b91b-484d-aa35-f76642801e4c-18156","trial_id":29,"user_attr":{"gini":0.35719206364951295}}
{"op_code":5,"worker_id":"e273d3f5-fed5-48e8-8ec8-e9c0bd051190-6576","trial_id":41,"param_name":"k_weight","param_value_internal":1.3367184560095444,"distribution":"{\"name\": \"FloatDistribution\", \"attributes\": {\"step\": null, \"low\": 0.0, \"high\": 1.5, \"log\": false}}"}
{"op_code":8,"worker_id":"93418f9a-b91b-484d-aa35-f76642801e4c-18156","trial_id":29,"user_attr":{"cv_is_ics":[0.1074693351984024,0.09560170024633408,0.11993935704231262,0.06573320180177689,0.08943002671003342,0.11459188163280487,0.0875517949461937,0.07751910388469696,0.11304247379302979,0.117461659014225,0.09915434569120407,0.08948973566293716,0.12146836519241333,0.10789754986763,0.06640949100255966]}}
{"op_code":8,"worker_id":"93418f9a-b91b-484d-aa35-f76642801e4c-18156","trial_id":29,"user_attr":{"cv_oos_ics":[0.023658325895667076,0.007797480095177889,-0.029328111559152603,0.01750953122973442,-0.031040916219353676,0.0014416915364563465,0.021665815263986588,-0.00954452808946371,0.016941949725151062,-0.011773395352065563,0.04346000775694847,0.08321154117584229,0.0004723074671346694,0.03487443923950195,0.033624183386564255]}}
{"op_code":8,"worker_id":"93418f9a-b91b-484d-aa35-f76642801e4c-18156","trial_id":29,"user_attr":{"reg_kappa":3.7654229932654912}}
{"op_code":8,"worker_id":"93418f9a-b91b-484d-aa35-f76642801e4c-18156","trial_id":29,"user_attr":{"raw_metrics":[-0.35165959356253296,-0.05633695573429355,0.6,0.012585024857089644,0.2412121212121212,0.1689139912914429,-0.30388219628406243,-0.4246765077114105,0.43004201680672266]}}
{"op_code":8,"worker_id":"93418f9a-b91b-484d-aa35-f76642801e4c-18156","trial_id":29,"user_attr":{"val_metrics":[0.05109352280563692,-0.52302559958821,0.3090909090909091,0.22074986039323438,-4.616188221507688]}}
{"op_code":8,"worker_id":"93418f9a-b91b-484d-aa35-f76642801e4c-18156","trial_id":29,"user_attr":{"deflated_objective":-1.0736011876568727}}
{"op_code":8,"worker_id":"bf5068e5-90a3-4630-a42f-d8ac2dce06b2-19068","trial_id":37,"user_attr":{"reg_kappa":3.768841060313922}}
{"op_code":8,"worker_id":"bf5068e5-90a3-4630-a42f-d8ac2dce06b2-19068","trial_id":37,"user_attr":{"raw_metrics":[-0.35640336182960414,-0.05837526864722189,0.6,0.013400494645002628,0.2533333333333333,0.1689139912914429,-0.30509154970305274,-0.4238309860229492,0.43004201680672266]}}
{"op_code":8,"worker_id":"bf5068e5-90a3-4630-a42f-d8ac2dce06b2-19068","trial_id":37,"user_attr":{"val_metrics":[0.04752581536465375,-0.5630938602465874,0.21212121212121213,0.338690176990855,-3.514323076431853]}}
{"op_code":5,"worker_id":"586e468d-0c6e-4945-9faa-ac75ed5b2e73-11668","trial_id":39,"param_name":"unified_rho","param_value_internal":0.7198981451701254,"distribution":"{\"name\": \"FloatDistribution\", \"attributes\": {\"step\": null, \"low\": 0.0, \"high\": 1.0, \"log\": false}}"}
{"op_code":8,"worker_id":"bf5068e5-90a3-4630-a42f-d8ac2dce06b2-19068","trial_id":37,"user_attr":{"deflated_objective":-0.6862770290248963}}
{"op_code":5,"worker_id":"aa6083f8-c485-4693-aa91-61b36e9b18f4-16052","trial_id":40,"param_name":"k_weight","param_value_internal":1.0204434163194473,"distribution":"{\"name\": \"FloatDistribution\", \"attributes\": {\"step\": null, \"low\": 0.0, \"high\": 1.5, \"log\": false}}"}
{"op_code":5,"worker_id":"586e468d-0c6e-4945-9faa-ac75ed5b2e73-11668","trial_id":39,"param_name":"unified_gamma","param_value_internal":1.595926301996272,"distribution":"{\"name\": \"FloatDistribution\", \"attributes\": {\"step\": null, \"low\": 1.5, \"high\": 10000.0, \"log\": true}}"}
{"op_code":9,"worker_id":"bf5068e5-90a3-4630-a42f-d8ac2dce06b2-19068","trial_id":37,"system_attr":{"constraints":[-0.013400494645002628,0.05837526864722189,0.0,-0.0033333333333332993,-0.1689139912914429,-29.0,-8.0,0.05345650145650146,0.09999999999999998,-1503.7761532939342,0.01995798319327735,0.01666666666666672]}}
{"op_code":5,"worker_id":"586e468d-0c6e-4945-9faa-ac75ed5b2e73-11668","trial_id":39,"param_name":"huber_delta","param_value_internal":1.8826783766662996,"distribution":"{\"name\": \"FloatDistribution\", \"attributes\": {\"step\": null, \"low\": 0.5, \"high\": 5.0, \"log\": false}}"}
{"op_code":6,"worker_id":"bf5068e5-90a3-4630-a42f-d8ac2dce06b2-19068","trial_id":37,"state":1,"values":[-0.24122973289750746],"datetime_complete":"2026-07-14T11:43:14.407976"}
{"op_code":5,"worker_id":"aa6083f8-c485-4693-aa91-61b36e9b18f4-16052","trial_id":40,"param_name":"unified_alpha","param_value_internal":1.0245839074337327e-05,"distribution":"{\"name\": \"FloatDistribution\", \"attributes\": {\"step\": null, \"low\": 1e-05, \"high\": 10.0, \"log\": true}}"}
{"op_code":5,"worker_id":"aa6083f8-c485-4693-aa91-61b36e9b18f4-16052","trial_id":40,"param_name":"unified_rho","param_value_internal":0.013803694430618352,"distribution":"{\"name\": \"FloatDistribution\", \"attributes\": {\"step\": null, \"low\": 0.0, \"high\": 1.0, \"log\": false}}"}
{"op_code":5,"worker_id":"aa6083f8-c485-4693-aa91-61b36e9b18f4-16052","trial_id":40,"param_name":"unified_gamma","param_value_internal":1.7857127782344682,"distribution":"{\"name\": \"FloatDistribution\", \"attributes\": {\"step\": null, \"low\": 1.5, \"high\": 10000.0, \"log\": true}}"}
{"op_code":9,"worker_id":"93418f9a-b91b-484d-aa35-f76642801e4c-18156","trial_id":29,"system_attr":{"constraints":[-0.012585024857089644,0.05633695573429355,0.0,0.008787878787878789,-0.1689139912914429,-29.0,-8.0,0.0764061164061164,0.09999999999999998,-1502.411716288961,0.01995798319327735,0.0034188034188035177]}}
{"op_code":5,"worker_id":"aa6083f8-c485-4693-aa91-61b36e9b18f4-16052","trial_id":40,"param_name":"huber_delta","param_value_internal":4.073714395473461,"distribution":"{\"name\": \"FloatDistribution\", \"attributes\": {\"step\": null, \"low\": 0.5, \"high\": 5.0, \"log\": false}}"}
{"op_code":6,"worker_id":"93418f9a-b91b-484d-aa35-f76642801e4c-18156","trial_id":29,"state":1,"values":[-0.655894746181956],"datetime_complete":"2026-07-14T11:43:14.416789"}
{"op_code":4,"worker_id":"99759517-efa6-4206-b9b5-03e1cfcfd5db-19068","study_id":0,"datetime_start":"2026-07-14T11:43:14.414904"}
{"op_code":5,"worker_id":"e273d3f5-fed5-48e8-8ec8-e9c0bd051190-6576","trial_id":41,"param_name":"unified_alpha","param_value_internal":0.0012410778544076205,"distribution":"{\"name\": \"FloatDistribution\", \"attributes\": {\"step\": null, \"low\": 1e-05, \"high\": 10.0, \"log\": true}}"}
{"op_code":5,"worker_id":"99759517-efa6-4206-b9b5-03e1cfcfd5db-19068","trial_id":42,"param_name":"k_weight","param_value_internal":1.096069500863439,"distribution":"{\"name\": \"FloatDistribution\", \"attributes\": {\"step\": null, \"low\": 0.0, \"high\": 1.5, \"log\": false}}"}
{"op_code":5,"worker_id":"e273d3f5-fed5-48e8-8ec8-e9c0bd051190-6576","trial_id":41,"param_name":"unified_rho","param_value_internal":0.03800405673432039,"distribution":"{\"name\": \"FloatDistribution\", \"attributes\": {\"step\": null, \"low\": 0.0, \"high\": 1.0, \"log\": false}}"}
{"op_code":5,"worker_id":"99759517-efa6-4206-b9b5-03e1cfcfd5db-19068","trial_id":42,"param_name":"unified_alpha","param_value_internal":0.000970043144987864,"distribution":"{\"name\": \"FloatDistribution\", \"attributes\": {\"step\": null, \"low\": 1e-05, \"high\": 10.0, \"log\": true}}"}
{"op_code":4,"worker_id":"2668702e-65ce-42ef-847d-fd585ed23c6f-18156","study_id":0,"datetime_start":"2026-07-14T11:43:14.424271"}
{"op_code":5,"worker_id":"99759517-efa6-4206-b9b5-03e1cfcfd5db-19068","trial_id":42,"param_name":"unified_rho","param_value_internal":0.03974500063109651,"distribution":"{\"name\": \"FloatDistribution\", \"attributes\": {\"step\": null, \"low\": 0.0, \"high\": 1.0, \"log\": false}}"}
{"op_code":5,"worker_id":"2668702e-65ce-42ef-847d-fd585ed23c6f-18156","trial_id":43,"param_name":"k_weight","param_value_internal":1.0687350597179954,"distribution":"{\"name\": \"FloatDistribution\", \"attributes\": {\"step\": null, \"low\": 0.0, \"high\": 1.5, \"log\": false}}"}
{"op_code":4,"worker_id":"a54ff534-32cd-4484-a6a6-da9e877a96e7-4680","study_id":0,"datetime_start":"2026-07-14T11:43:14.428981"}
{"op_code":5,"worker_id":"e273d3f5-fed5-48e8-8ec8-e9c0bd051190-6576","trial_id":41,"param_name":"unified_gamma","param_value_internal":1.579134586597864,"distribution":"{\"name\": \"FloatDistribution\", \"attributes\": {\"step\": null, \"low\": 1.5, \"high\": 10000.0, \"log\": true}}"}
{"op_code":5,"worker_id":"a54ff534-32cd-4484-a6a6-da9e877a96e7-4680","trial_id":44,"param_name":"k_weight","param_value_internal":1.0752201909931198,"distribution":"{\"name\": \"FloatDistribution\", \"attributes\": {\"step\": null, \"low\": 0.0, \"high\": 1.5, \"log\": false}}"}
{"op_code":5,"worker_id":"e273d3f5-fed5-48e8-8ec8-e9c0bd051190-6576","trial_id":41,"param_name":"huber_delta","param_value_internal":1.5034046225363533,"distribution":"{\"name\": \"FloatDistribution\", \"attributes\": {\"step\": null, \"low\": 0.5, \"high\": 5.0, \"log\": false}}"}
{"op_code":5,"worker_id":"99759517-efa6-4206-b9b5-03e1cfcfd5db-19068","trial_id":42,"param_name":"unified_gamma","param_value_internal":16.836876277551422,"distribution":"{\"name\": \"FloatDistribution\", \"attributes\": {\"step\": null, \"low\": 1.5, \"high\": 10000.0, \"log\": true}}"}
{"op_code":5,"worker_id":"2668702e-65ce-42ef-847d-fd585ed23c6f-18156","trial_id":43,"param_name":"unified_alpha","param_value_internal":0.0012681217597171255,"distribution":"{\"name\": \"FloatDistribution\", \"attributes\": {\"step\": null, \"low\": 1e-05, \"high\": 10.0, \"log\": true}}"}
{"op_code":5,"worker_id":"99759517-efa6-4206-b9b5-03e1cfcfd5db-19068","trial_id":42,"param_name":"huber_delta","param_value_internal":1.7070004706834778,"distribution":"{\"name\": \"FloatDistribution\", \"attributes\": {\"step\": null, \"low\": 0.5, \"high\": 5.0, \"log\": false}}"}
{"op_code":5,"worker_id":"2668702e-65ce-42ef-847d-fd585ed23c6f-18156","trial_id":43,"param_name":"unified_rho","param_value_internal":0.017387222998511198,"distribution":"{\"name\": \"FloatDistribution\", \"attributes\": {\"step\": null, \"low\": 0.0, \"high\": 1.0, \"log\": false}}"}
{"op_code":5,"worker_id":"a54ff534-32cd-4484-a6a6-da9e877a96e7-4680","trial_id":44,"param_name":"unified_alpha","param_value_internal":0.0008915801997091126,"distribution":"{\"name\": \"FloatDistribution\", \"attributes\": {\"step\": null, \"low\": 1e-05, \"high\": 10.0, \"log\": true}}"}
{"op_code":5,"worker_id":"2668702e-65ce-42ef-847d-fd585ed23c6f-18156","trial_id":43,"param_name":"unified_gamma","param_value_internal":15.609969747262006,"distribution":"{\"name\": \"FloatDistribution\", \"attributes\": {\"step\": null, \"low\": 1.5, \"high\": 10000.0, \"log\": true}}"}
{"op_code":5,"worker_id":"a54ff534-32cd-4484-a6a6-da9e877a96e7-4680","trial_id":44,"param_name":"unified_rho","param_value_internal":0.0024041300737216442,"distribution":"{\"name\": \"FloatDistribution\", \"attributes\": {\"step\": null, \"low\": 0.0, \"high\": 1.0, \"log\": false}}"}
{"op_code":5,"worker_id":"a54ff534-32cd-4484-a6a6-da9e877a96e7-4680","trial_id":44,"param_name":"unified_gamma","param_value_internal":18.232039601259814,"distribution":"{\"name\": \"FloatDistribution\", \"attributes\": {\"step\": null, \"low\": 1.5, \"high\": 10000.0, \"log\": true}}"}
{"op_code":5,"worker_id":"a54ff534-32cd-4484-a6a6-da9e877a96e7-4680","trial_id":44,"param_name":"huber_delta","param_value_internal":1.4257963959027313,"distribution":"{\"name\": \"FloatDistribution\", \"attributes\": {\"step\": null, \"low\": 0.5, \"high\": 5.0, \"log\": false}}"}
{"op_code":5,"worker_id":"2668702e-65ce-42ef-847d-fd585ed23c6f-18156","trial_id":43,"param_name":"huber_delta","param_value_internal":1.4883112806364167,"distribution":"{\"name\": \"FloatDistribution\", \"attributes\": {\"step\": null, \"low\": 0.5, \"high\": 5.0, \"log\": false}}"}
{"op_code":4,"worker_id":"1ecc7156-7bfa-4492-a37d-81c1e3513951-12024","study_id":0,"datetime_start":"2026-07-14T11:43:14.444612"}
{"op_code":8,"worker_id":"586e468d-0c6e-4945-9faa-ac75ed5b2e73-11668","trial_id":39,"user_attr":{"constraints":[-0.0035061218094031912,0.03595538190820471,0.0,0.013636363636363613,-0.10730047028482023,-49.0,-8.0,-0.0007144687144687107,0.09999999999999998,-1385.875457269769,0.014075630252100901,0.039438339438339465]}}
{"op_code":5,"worker_id":"1ecc7156-7bfa-4492-a37d-81c1e3513951-12024","trial_id":45,"param_name":"k_weight","param_value_internal":1.0860704191928967,"distribution":"{\"name\": \"FloatDistribution\", \"attributes\": {\"step\": null, \"low\": 0.0, \"high\": 1.5, \"log\": false}}"}
{"op_code":8,"worker_id":"586e468d-0c6e-4945-9faa-ac75ed5b2e73-11668","trial_id":39,"user_attr":{"pruned_reasons":["M2 (Yearly Tail IC Mean <= 0)","M5 (Monotonicity <= 0.25)","Side-specific Hit Rate (40.00% < 50%)","Yearly Daily Win Rate (43.59% < 45%)","Side-specific Yearly Daily Win Rate (41.06% < 45%)"]}}
{"op_code":8,"worker_id":"586e468d-0c6e-4945-9faa-ac75ed5b2e73-11668","trial_id":39,"user_attr":{"gini":0.38921837418097605}}
{"op_code":8,"worker_id":"586e468d-0c6e-4945-9faa-ac75ed5b2e73-11668","trial_id":39,"user_attr":{"cv_is_ics":[0.09126905351877213,0.07751841843128204,0.1098724976181984,0.04315502196550369,0.08883165568113327,0.10502181202173233,0.08067931234836578,0.05740390345454216,0.0962212011218071,0.10702874511480331,0.07681765407323837,0.07307980954647064,0.12141478061676025,0.10207436978816986,0.0504675954580307]}}
{"op_code":8,"worker_id":"586e468d-0c6e-4945-9faa-ac75ed5b2e73-11668","trial_id":39,"user_attr":{"cv_oos_ics":[0.021872514858841896,-0.008687657304108143,-0.061208222061395645,-0.0017684600315988064,-0.014832812361419201,0.008297912776470184,0.002205499680712819,-0.009293470531702042,0.010410841554403305,-0.024285130202770233,0.042957890778779984,0.06798620522022247,-0.00076017010724172,0.025116417557001114,0.05477221682667732]}}
{"op_code":8,"worker_id":"586e468d-0c6e-4945-9faa-ac75ed5b2e73-11668","trial_id":39,"user_attr":{"reg_kappa":3.47257282056296}}
{"op_code":8,"worker_id":"586e468d-0c6e-4945-9faa-ac75ed5b2e73-11668","trial_id":39,"user_attr":{"raw_metrics":[-0.23966584871670085,-0.03595538190820471,0.6,0.0035061218094031912,0.2363636363636364,0.10730047028482023,-0.20858082835160605,-0.32455840706825256,0.4359243697478991]}}
{"op_code":5,"worker_id":"25ca90a6-d821-4edc-ae97-9b0195172a5b-20880","trial_id":33,"param_name":"k_weight","param_value_internal":1.4696304689785933,"distribution":"{\"name\": \"FloatDistribution\", \"attributes\": {\"step\": null, \"low\": 0.0, \"high\": 1.5, \"log\": false}}"}
{"op_code":8,"worker_id":"aa6083f8-c485-4693-aa91-61b36e9b18f4-16052","trial_id":40,"user_attr":{"constraints":[-0.004600058753142557,0.030747065384361442,0.0,0.02575757575757573,-0.03630553301858058,0.0,0.0,-0.04327026727026726,-0.09999999999999998,-1359.6642933623,0.03662464985994396,0.06935286935286933]}}
{"op_code":8,"worker_id":"aa6083f8-c485-4693-aa91-61b36e9b18f4-16052","trial_id":40,"user_attr":{"pruned_reasons":["M2 (Yearly Tail IC Mean <= 0)","M5 (Monotonicity <= 0.25)","Yearly Daily Win Rate (41.34% < 45%)","Side-specific Yearly Daily Win Rate (38.06% < 45%)"]}}
{"op_code":8,"worker_id":"aa6083f8-c485-4693-aa91-61b36e9b18f4-16052","trial_id":40,"user_attr":{"gini":0.3691295914835324}}
{"op_code":8,"worker_id":"aa6083f8-c485-4693-aa91-61b36e9b18f4-16052","trial_id":40,"user_attr":{"cv_is_ics":[0.08503544330596924,0.059567175805568695,0.10539784282445908,0.03722545877099037,0.07936281710863113,0.09279762953519821,0.06668291240930557,0.045893117785453796,0.08321308344602585,0.09488354623317719,0.04655171558260918,0.05989572033286095,0.10335474461317062,0.09214416146278381,0.0439058318734169]}}
{"op_code":8,"worker_id":"aa6083f8-c485-4693-aa91-61b36e9b18f4-16052","trial_id":40,"user_attr":{"cv_oos_ics":[0.018427399918437004,0.016842830926179886,-0.07180091738700867,0.0180891752243042,-0.014618443325161934,0.0191938653588295,0.009520873427391052,-0.010265234857797623,0.02605297975242138,-0.02633977122604847,0.0858691856265068,0.057956647127866745,-0.008769804611802101,0.0250738225877285,0.06751184910535812]}}
{"op_code":5,"worker_id":"25ca90a6-d821-4edc-ae97-9b0195172a5b-20880","trial_id":33,"param_name":"unified_alpha","param_value_internal":1.0295803074067968e-05,"distribution":"{\"name\": \"FloatDistribution\", \"attributes\": {\"step\": null, \"low\": 1e-05, \"high\": 10.0, \"log\": true}}"}
{"op_code":8,"worker_id":"586e468d-0c6e-4945-9faa-ac75ed5b2e73-11668","trial_id":39,"user_attr":{"val_metrics":[0.05113446954772405,-0.12610832712359238,0.05454545454545454,0.3105539692181122,-6.862756985618416]}}
{"op_code":5,"worker_id":"1ecc7156-7bfa-4492-a37d-81c1e3513951-12024","trial_id":45,"param_name":"unified_alpha","param_value_internal":0.001057098478670959,"distribution":"{\"name\": \"FloatDistribution\", \"attributes\": {\"step\": null, \"low\": 1e-05, \"high\": 10.0, \"log\": true}}"}
{"op_code":5,"worker_id":"25ca90a6-d821-4edc-ae97-9b0195172a5b-20880","trial_id":33,"param_name":"unified_rho","param_value_internal":0.7391722186528993,"distribution":"{\"name\": \"FloatDistribution\", \"attributes\": {\"step\": null, \"low\": 0.0, \"high\": 1.0, \"log\": false}}"}
{"op_code":8,"worker_id":"586e468d-0c6e-4945-9faa-ac75ed5b2e73-11668","trial_id":39,"user_attr":{"deflated_objective":-1.8631021382212467}}
{"op_code":5,"worker_id":"25ca90a6-d821-4edc-ae97-9b0195172a5b-20880","trial_id":33,"param_name":"unified_gamma","param_value_internal":2.5191609917960887,"distribution":"{\"name\": \"FloatDistribution\", \"attributes\": {\"step\": null, \"low\": 1.5, \"high\": 10000.0, \"log\": true}}"}
{"op_code":9,"worker_id":"586e468d-0c6e-4945-9faa-ac75ed5b2e73-11668","trial_id":39,"system_attr":{"constraints":[-0.0035061218094031912,0.03595538190820471,0.0,0.013636363636363613,-0.10730047028482023,-49.0,-8.0,-0.0007144687144687107,0.09999999999999998,-1385.875457269769,0.014075630252100901,0.039438339438339465]}}
{"op_code":8,"worker_id":"99759517-efa6-4206-b9b5-03e1cfcfd5db-19068","trial_id":42,"user_attr":{"constraints":[-0.0026899135563765554,0.04379364747521989,0.0,0.013636363636363613,-0.12574292143404547,0.0,0.0,0.016967296967296975,0.09999999999999998,-1379.5177526940456,0.014075630252100901,0.022771672771672802]}}
{"op_code":8,"worker_id":"e273d3f5-fed5-48e8-8ec8-e9c0bd051190-6576","trial_id":41,"user_attr":{"constraints":[-0.0012780462741838888,0.051235036890320274,0.0,0.040303030303030285,-0.1524467630408214,0.0,0.0,0.037569685569685575,0.09999999999999998,-1450.6199560943771,0.009908963585434194,0.028327228327228338]}}
{"op_code":5,"worker_id":"25ca90a6-d821-4edc-ae97-9b0195172a5b-20880","trial_id":33,"param_name":"huber_delta","param_value_internal":2.100655163023887,"distribution":"{\"name\": \"FloatDistribution\", \"attributes\": {\"step\": null, \"low\": 0.5, \"high\": 5.0, \"log\": false}}"}
{"op_code":6,"worker_id":"586e468d-0c6e-4945-9faa-ac75ed5b2e73-11668","trial_id":39,"state":1,"values":[-1.421205793544206],"datetime_complete":"2026-07-14T11:43:14.474708"}
{"op_code":8,"worker_id":"99759517-efa6-4206-b9b5-03e1cfcfd5db-19068","trial_id":42,"user_attr":{"pruned_reasons":["M2 (Yearly Tail IC Mean <= 0)","M5 (Monotonicity <= 0.25)","Side-specific Yearly Tail IC Mean (-0.0170 <= 0)","Side-specific Hit Rate (40.00% < 50%)","Yearly Daily Win Rate (43.59% < 45%)","Side-specific Yearly Daily Win Rate (42.72% < 45%)"]}}
{"op_code":8,"worker_id":"76c1675d-2661-4557-8d21-c52b0187be0c-22852","trial_id":8,"user_attr":{"val_metrics":[0.05928821210246602,-0.21218534703543354,0.12727272727272726,0.2335734499881611,-6.73251235412469]}}
{"op_code":8,"worker_id":"a54ff534-32cd-4484-a6a6-da9e877a96e7-4680","trial_id":44,"user_attr":{"constraints":[-0.003090433379522478,0.04433767949030253,0.0,0.042727272727272725,-0.16247500134040502,0.0,0.0,0.03542373542373542,0.09999999999999998,-1373.9367504271097,0.009908963585434194,0.020634920634920673]}}
{"op_code":8,"worker_id":"3589eebd-4d9c-4d69-aedd-8fd08d10f4c9-3216","trial_id":35,"user_attr":{"cv_is_ics":[0.10757629573345184,0.09560023993253708,0.11983433365821838,0.06578267365694046,0.0894797295331955,0.11442495882511139,0.08748730272054672,0.07756601274013519,0.11324183642864227,0.11751517653465271,0.09906785935163498,0.08942558616399765,0.12167127430438995,0.10785739123821259,0.0662195235490799]}}
{"op_code":8,"worker_id":"76c1675d-2661-4557-8d21-c52b0187be0c-22852","trial_id":8,"user_attr":{"deflated_objective":-1.8323330696117597}}
{"op_code":8,"worker_id":"a54ff534-32cd-4484-a6a6-da9e877a96e7-4680","trial_id":44,"user_attr":{"pruned_reasons":["M2 (Yearly Tail IC Mean <= 0)","M5 (Monotonicity <= 0.25)","Side-specific Yearly Tail IC Mean (-0.0354 <= 0)","Side-specific Hit Rate (40.00% < 50%)","Yearly Daily Win Rate (44.01% < 45%)","Side-specific Yearly Daily Win Rate (42.94% < 45%)"]}}
{"op_code":8,"worker_id":"3589eebd-4d9c-4d69-aedd-8fd08d10f4c9-3216","trial_id":35,"user_attr":{"cv_oos_ics":[0.02335604839026928,0.0077545177191495895,-0.0268779918551445,0.01698026806116104,-0.03133201599121094,0.0013854345306754112,0.021618235856294632,-0.009556143544614315,0.017314773052930832,-0.01163457240909338,0.044247325509786606,0.0830780640244484,0.0001319661969318986,0.035213686525821686,0.033772505819797516]}}
{"op_code":4,"worker_id":"e83e2f91-82be-4990-9306-db41fb20fa6b-11668","study_id":0,"datetime_start":"2026-07-14T11:43:14.485346"}
{"op_code":8,"worker_id":"99759517-efa6-4206-b9b5-03e1cfcfd5db-19068","trial_id":42,"user_attr":{"gini":0.37722418867716545}}
{"op_code":8,"worker_id":"a54ff534-32cd-4484-a6a6-da9e877a96e7-4680","trial_id":44,"user_attr":{"gini":0.36411039360510733}}
{"op_code":8,"worker_id":"3589eebd-4d9c-4d69-aedd-8fd08d10f4c9-3216","trial_id":35,"user_attr":{"reg_kappa":3.7650509002838746}}
{"op_code":8,"worker_id":"3589eebd-4d9c-4d69-aedd-8fd08d10f4c9-3216","trial_id":35,"user_attr":{"raw_metrics":[-0.3417935021218564,-0.05500710611286023,0.6,0.012830505452379607,0.25090909090909086,0.1689139912914429,-0.3037516701175745,-0.42404308915138245,0.43004201680672266]}}
{"op_code":5,"worker_id":"e83e2f91-82be-4990-9306-db41fb20fa6b-11668","trial_id":46,"param_name":"k_weight","param_value_internal":1.334711143499856,"distribution":"{\"name\": \"FloatDistribution\", \"attributes\": {\"step\": null, \"low\": 0.0, \"high\": 1.5, \"log\": false}}"}
{"op_code":8,"worker_id":"99759517-efa6-4206-b9b5-03e1cfcfd5db-19068","trial_id":42,"user_attr":{"cv_is_ics":[0.09250768274068832,0.0817837119102478,0.1099337488412857,0.0447922982275486,0.08971203863620758,0.10685693472623825,0.0822380781173706,0.06004950776696205,0.10030623525381088,0.1078840121626854,0.0788133516907692,0.07495390623807907,0.1217193678021431,0.10217274725437164,0.050287745893001556]}}
{"op_code":8,"worker_id":"a54ff534-32cd-4484-a6a6-da9e877a96e7-4680","trial_id":44,"user_attr":{"cv_is_ics":[0.09409487247467041,0.08674918115139008,0.11150000244379044,0.048473283648490906,0.09148954600095749,0.10960962623357773,0.08242424577474594,0.06468943506479263,0.10700687021017075,0.10971000045537949,0.08514752984046936,0.07941219210624695,0.12307202070951462,0.10285244137048721,0.050759829580783844]}}
{"op_code":8,"worker_id":"a54ff534-32cd-4484-a6a6-da9e877a96e7-4680","trial_id":44,"user_attr":{"cv_oos_ics":[0.02170066349208355,-0.01580207608640194,-0.052224449813365936,-0.0013441528426483274,-0.02079254947602749,-0.0057141478173434734,0.00699042621999979,-0.013889056630432606,0.010279583744704723,-0.027439722791314125,0.03218899667263031,0.07572250068187714,-0.0007810216047801077,0.024878600612282753,0.048809148371219635]}}
{"op_code":8,"worker_id":"2668702e-65ce-42ef-847d-fd585ed23c6f-18156","trial_id":43,"user_attr":{"constraints":[-0.0022552860938744395,0.0548812899845903,0.19999999999999996,-0.0009090909090909149,-0.1499422642343202,0.0,0.0,0.04720874320874321,0.09999999999999998,-1372.2199897983537,0.014075630252100901,0.020634920634920673]}}
{"op_code":5,"worker_id":"e83e2f91-82be-4990-9306-db41fb20fa6b-11668","trial_id":46,"param_name":"unified_alpha","param_value_internal":0.0006188516541933788,"distribution":"{\"name\": \"FloatDistribution\", \"attributes\": {\"step\": null, \"low\": 1e-05, \"high\": 10.0, \"log\": true}}"}
{"op_code":8,"worker_id":"2668702e-65ce-42ef-847d-fd585ed23c6f-18156","trial_id":43,"user_attr":{"pruned_reasons":["M2 (Yearly Tail IC Mean <= 0)","M3 (Hit Rate < 60%)","Side-specific Yearly Tail IC Mean (-0.0472 <= 0)","Side-specific Hit Rate (40.00% < 50%)","Yearly Daily Win Rate (43.59% < 45%)","Side-specific Yearly Daily Win Rate (42.94% < 45%)"]}}
{"op_code":9,"worker_id":"76c1675d-2661-4557-8d21-c52b0187be0c-22852","trial_id":8,"system_attr":{"constraints":[-0.004867005387818637,0.020324567590098236,0.0,0.023333333333333345,-0.11675759714935237,-42.0,-6.0,-0.07372990972990974,-0.09999999999999998,-1429.654063540277,0.03074229691876751,0.046825396825396826]}}
{"op_code":6,"worker_id":"76c1675d-2661-4557-8d21-c52b0187be0c-22852","trial_id":8,"state":1,"values":[-1.3954506473858261],"datetime_complete":"2026-07-14T11:43:14.506525"}
{"op_code":8,"worker_id":"99759517-efa6-4206-b9b5-03e1cfcfd5db-19068","trial_id":42,"user_attr":{"cv_oos_ics":[0.023926036432385445,-0.012424693442881107,-0.06148334965109825,-0.004910741001367569,-0.019939236342906952,0.00426825787872076,0.003397952998057008,-0.011328941211104393,0.010254886001348495,-0.025095539167523384,0.034298498183488846,0.06998462229967117,1.595349567651283e-05,0.025286803022027016,0.05158276483416557]}}
{"op_code":8,"worker_id":"99759517-efa6-4206-b9b5-03e1cfcfd5db-19068","trial_id":42,"user_attr":{"reg_kappa":3.4522943030246465}}
{"op_code":8,"worker_id":"59d551bf-7013-4dcc-ba10-eee12f9c6a94-14384","trial_id":28,"user_attr":{"constraints":[0.0518076420136232,0.12661630442846547,0.6,0.4681818181818182,0.14610049506654246,-119.0,5.0,0.053886025124365064,0.5,-1217.9453647348175,0.05189075630252099,0.05592185592185589]}}
{"op_code":8,"worker_id":"e273d3f5-fed5-48e8-8ec8-e9c0bd051190-6576","trial_id":41,"user_attr":{"pruned_reasons":["M2 (Yearly Tail IC Mean <= 0)","M5 (Monotonicity <= 0.25)","Side-specific Yearly Tail IC Mean (-0.0376 <= 0)","Side-specific Hit Rate (40.00% < 50%)","Yearly Daily Win Rate (44.01% < 45%)","Side-specific Yearly Daily Win Rate (42.17% < 45%)"]}}
{"op_code":8,"worker_id":"59d551bf-7013-4dcc-ba10-eee12f9c6a94-14384","trial_id":28,"user_attr":{"pruned_reasons":["M4 (Overall IC <= 0)","M2 (Yearly Tail IC Mean <= 0)","M3 (Hit Rate < 60%)","M5 (Monotonicity <= 0.25)","M6 (Top-Bottom Spread <= 0)","Active features count (0) is less than active feature floor (5)","Side-specific Yearly Tail IC Mean (-0.0539 <= 0)","Side-specific Hit Rate (0.00% < 50%)","Yearly Daily Win Rate (39.81% < 45%)","Side-specific Yearly Daily Win Rate (39.41% < 45%)"]}}
{"op_code":8,"worker_id":"99759517-efa6-4206-b9b5-03e1cfcfd5db-19068","trial_id":42,"user_attr":{"raw_metrics":[-0.2974268333919418,-0.04379364747521989,0.6,0.0026899135563765554,0.2363636363636364,0.12574292143404547,-0.2038748565778045,-0.3133356273174286,0.4359243697478991]}}
{"op_code":8,"worker_id":"99759517-efa6-4206-b9b5-03e1cfcfd5db-19068","trial_id":42,"user_attr":{"val_metrics":[0.05650872944666015,-0.0424563001384205,0.28484848484848485,0.284844631973681,-8.33728385267027]}}
{"op_code":8,"worker_id":"59d551bf-7013-4dcc-ba10-eee12f9c6a94-14384","trial_id":28,"user_attr":{"gini":0.0}}
{"op_code":8,"worker_id":"25ca90a6-d821-4edc-ae97-9b0195172a5b-20880","trial_id":33,"user_attr":{"constraints":[-0.004145959408038216,0.023406624838957123,0.0,0.013636363636363613,-0.11271975564615962,-30.0,-8.0,0.01373956973956974,-0.09999999999999998,-1495.8865286553498,0.025385154061624726,0.02777777777777779]}}
{"op_code":8,"worker_id":"a54ff534-32cd-4484-a6a6-da9e877a96e7-4680","trial_id":44,"user_attr":{"reg_kappa":3.438566192763301}}
{"op_code":8,"worker_id":"59d551bf-7013-4dcc-ba10-eee12f9c6a94-14384","trial_id":28,"user_attr":{"cv_is_ics":[0.0,0.0,0.0,0.0,0.0,0.0,0.0,0.0,0.0,0.0,0.0,0.0,0.0,0.0,0.0]}}
{"op_code":8,"worker_id":"25ca90a6-d821-4edc-ae97-9b0195172a5b-20880","trial_id":33,"user_attr":{"pruned_reasons":["M2 (Yearly Tail IC Mean <= 0)","M5 (Monotonicity <= 0.25)","Side-specific Yearly Tail IC Mean (-0.0137 <= 0)","Yearly Daily Win Rate (42.46% < 45%)","Side-specific Yearly Daily Win Rate (42.22% < 45%)"]}}
{"op_code":8,"worker_id":"2668702e-65ce-42ef-847d-fd585ed23c6f-18156","trial_id":43,"user_attr":{"gini":0.3655288332743629}}
{"op_code":8,"worker_id":"2668702e-65ce-42ef-847d-fd585ed23c6f-18156","trial_id":43,"user_attr":{"cv_is_ics":[0.09360498934984207,0.08589030802249908,0.11029302328824997,0.047916676849126816,0.0911550521850586,0.10922840982675552,0.08251836150884628,0.06329967826604843,0.10531241446733475,0.1092691645026207,0.08365603536367416,0.07830280065536499,0.12287095189094543,0.10242101550102234,0.049846306443214417]}}
{"op_code":8,"worker_id":"a54ff534-32cd-4484-a6a6-da9e877a96e7-4680","trial_id":44,"user_attr":{"raw_metrics":[-0.29968677187240716,-0.04433767949030253,0.6,0.003090433379522478,0.20727272727272728,0.16247500134040502,-0.19979487424820544,-0.30115070939064026,0.4400910364145658]}}
{"op_code":8,"worker_id":"59d551bf-7013-4dcc-ba10-eee12f9c6a94-14384","trial_id":28,"user_attr":{"cv_oos_ics":[0.0,0.0,0.0,0.0,0.0,0.0,0.0,0.0,0.0,0.0,0.0,0.0,0.0,0.0,0.0]}}
{"op_code":8,"worker_id":"25ca90a6-d821-4edc-ae97-9b0195172a5b-20880","trial_id":33,"user_attr":{"gini":0.4104571309890759}}
{"op_code":8,"worker_id":"a54ff534-32cd-4484-a6a6-da9e877a96e7-4680","trial_id":44,"user_attr":{"val_metrics":[0.05687012895290744,-0.19323939884590863,0.296969696969697,0.2584037665493678,-7.058113959770536]}}
{"op_code":8,"worker_id":"59d551bf-7013-4dcc-ba10-eee12f9c6a94-14384","trial_id":28,"user_attr":{"reg_kappa":2.772828319381797}}
{"op_code":8,"worker_id":"25ca90a6-d821-4edc-ae97-9b0195172a5b-20880","trial_id":33,"user_attr":{"cv_is_ics":[0.09185154736042023,0.0748400092124939,0.10963818430900574,0.038061223924160004,0.08506830036640167,0.09777826070785522,0.07728976756334305,0.05099575221538544,0.09111502021551132,0.10159187763929367,0.06823628395795822,0.06839894503355026,0.11467824876308441,0.10004831105470657,0.0478409007191658]}}
{"op_code":8,"worker_id":"a54ff534-32cd-4484-a6a6-da9e877a96e7-4680","trial_id":44,"user_attr":{"deflated_objective":-1.9409539223638443}}
{"op_code":8,"worker_id":"59d551bf-7013-4dcc-ba10-eee12f9c6a94-14384","trial_id":28,"user_attr":{"raw_metrics":[-1.649865096287596,-0.12661630442846547,0.0,-0.0518076420136232,-0.2181818181818182,-0.14610049506654246,-0.0,-0.0,0.398109243697479]}}
{"op_code":8,"worker_id":"59d551bf-7013-4dcc-ba10-eee12f9c6a94-14384","trial_id":28,"user_attr":{"val_metrics":[0.0,0.0,0.16363636363636364,0.2683838821940826,-5.091141651635481]}}
{"op_code":8,"worker_id":"25ca90a6-d821-4edc-ae97-9b0195172a5b-20880","trial_id":33,"user_attr":{"cv_oos_ics":[0.014184191823005676,0.004974691197276115,-0.07177964597940445,0.009579240344464779,-0.011116527020931244,0.010963545180857182,0.00027750671142712235,-0.00555993290618062,0.01702520065009594,-0.01909702643752098,0.06133800745010376,0.06139390543103218,0.0008802411612123251,0.02106310985982418,0.07140406966209412]}}
{"op_code":9,"worker_id":"a54ff534-32cd-4484-a6a6-da9e877a96e7-4680","trial_id":44,"system_attr":{"constraints":[-0.003090433379522478,0.04433767949030253,0.0,0.042727272727272725,-0.16247500134040502,0.0,0.0,0.03542373542373542,0.09999999999999998,-1373.9367504271097,0.009908963585434194,0.020634920634920673]}}
{"op_code":6,"worker_id":"a54ff534-32cd-4484-a6a6-da9e877a96e7-4680","trial_id":44,"state":1,"values":[-1.5013850217030196],"datetime_complete":"2026-07-14T11:43:14.538245"}
{"op_code":8,"worker_id":"59d551bf-7013-4dcc-ba10-eee12f9c6a94-14384","trial_id":28,"user_attr":{"deflated_objective":-1.0878081746738992}}
{"op_code":9,"worker_id":"59d551bf-7013-4dcc-ba10-eee12f9c6a94-14384","trial_id":28,"system_attr":{"constraints":[0.0518076420136232,0.12661630442846547,0.6,0.4681818181818182,0.14610049506654246,-119.0,5.0,0.053886025124365064,0.5,-1217.9453647348175,0.05189075630252099,0.05592185592185589]}}
{"op_code":8,"worker_id":"25ca90a6-d821-4edc-ae97-9b0195172a5b-20880","trial_id":33,"user_attr":{"reg_kappa":3.749072388351449}}
{"op_code":8,"worker_id":"25ca90a6-d821-4edc-ae97-9b0195172a5b-20880","trial_id":33,"user_attr":{"raw_metrics":[-0.15846353593605955,-0.023406624838957123,0.6,0.004145959408038216,0.2363636363636364,0.11271975564615962,-0.2981272739838316,-0.4350402057170868,0.4246148459383753]}}
{"op_code":6,"worker_id":"59d551bf-7013-4dcc-ba10-eee12f9c6a94-14384","trial_id":28,"state":1,"values":[-0.6563206852237649],"datetime_complete":"2026-07-14T11:43:14.541937"}
{"op_code":4,"worker_id":"3d95e2a7-7867-4bd9-879e-c0e212c03bb1-4680","study_id":0,"datetime_start":"2026-07-14T11:43:14.544823"}
{"op_code":8,"worker_id":"e273d3f5-fed5-48e8-8ec8-e9c0bd051190-6576","trial_id":41,"user_attr":{"gini":0.3838887514185019}}
{"op_code":8,"worker_id":"e273d3f5-fed5-48e8-8ec8-e9c0bd051190-6576","trial_id":41,"user_attr":{"cv_is_ics":[0.09320539236068726,0.08496322482824326,0.11071514338254929,0.043075285851955414,0.08945269137620926,0.1068018302321434,0.08157184720039368,0.0584520660340786,0.1019272431731224,0.1072663813829422,0.08221522718667984,0.07534711062908173,0.12228616327047348,0.10183153301477432,0.049392569810152054]}}
{"op_code":5,"worker_id":"3d95e2a7-7867-4bd9-879e-c0e212c03bb1-4680","trial_id":47,"param_name":"k_weight","param_value_internal":1.359903423885106,"distribution":"{\"name\": \"FloatDistribution\", \"attributes\": {\"step\": null, \"low\": 0.0, \"high\": 1.5, \"log\": false}}"}
{"op_code":8,"worker_id":"e273d3f5-fed5-48e8-8ec8-e9c0bd051190-6576","trial_id":41,"user_attr":{"cv_oos_ics":[0.019007183611392975,-0.01174834929406643,-0.06198910251259804,-0.004285755101591349,-0.02345683053135872,-0.001415942097082734,0.0035104670096188784,-0.012212260626256466,0.008856145665049553,-0.022961270064115524,0.03595654293894768,0.06942976266145706,-0.0004945583641529083,0.023077068850398064,0.05653601139783859]}}
{"op_code":8,"worker_id":"e273d3f5-fed5-48e8-8ec8-e9c0bd051190-6576","trial_id":41,"user_attr":{"reg_kappa":3.62856761778098}}
{"op_code":8,"worker_id":"e273d3f5-fed5-48e8-8ec8-e9c0bd051190-6576","trial_id":41,"user_attr":{"raw_metrics":[-0.3302746641841904,-0.051235036890320274,0.6,0.0012780462741838888,0.20969696969696972,0.1524467630408214,-0.25951574431804425,-0.37747079133987427,0.4400910364145658]}}
{"op_code":8,"worker_id":"e273d3f5-fed5-48e8-8ec8-e9c0bd051190-6576","trial_id":41,"user_attr":{"val_metrics":[0.05928999239560024,-0.07514542978665019,0.4909090909090909,0.11618587528557883,-8.004438045504086]}}
{"op_code":5,"worker_id":"3d95e2a7-7867-4bd9-879e-c0e212c03bb1-4680","trial_id":47,"param_name":"unified_alpha","param_value_internal":0.001091104697273761,"distribution":"{\"name\": \"FloatDistribution\", \"attributes\": {\"step\": null, \"low\": 1e-05, \"high\": 10.0, \"log\": true}}"}
{"op_code":8,"worker_id":"e273d3f5-fed5-48e8-8ec8-e9c0bd051190-6576","trial_id":41,"user_attr":{"deflated_objective":-2.2700739984084297}}
{"op_code":9,"worker_id":"e273d3f5-fed5-48e8-8ec8-e9c0bd051190-6576","trial_id":41,"system_attr":{"constraints":[-0.0012780462741838888,0.051235036890320274,0.0,0.040303030303030285,-0.1524467630408214,0.0,0.0,0.037569685569685575,0.09999999999999998,-1450.6199560943771,0.009908963585434194,0.028327228327228338]}}
{"op_code":6,"worker_id":"e273d3f5-fed5-48e8-8ec8-e9c0bd051190-6576","trial_id":41,"state":1,"values":[-1.8130411426033624],"datetime_complete":"2026-07-14T11:43:14.560104"}
{"op_code":5,"worker_id":"3d95e2a7-7867-4bd9-879e-c0e212c03bb1-4680","trial_id":47,"param_name":"unified_rho","param_value_internal":0.15566346381208315,"distribution":"{\"name\": \"FloatDistribution\", \"attributes\": {\"step\": null, \"low\": 0.0, \"high\": 1.0, \"log\": false}}"}
{"op_code":8,"worker_id":"3589eebd-4d9c-4d69-aedd-8fd08d10f4c9-3216","trial_id":35,"user_attr":{"val_metrics":[0.05146159841113755,-0.529171846357715,0.3090909090909091,0.22074986039323438,-4.632193491912597]}}
{"op_code":5,"worker_id":"3d95e2a7-7867-4bd9-879e-c0e212c03bb1-4680","trial_id":47,"param_name":"unified_gamma","param_value_internal":4.950182361637704,"distribution":"{\"name\": \"FloatDistribution\", \"attributes\": {\"step\": null, \"low\": 1.5, \"high\": 10000.0, \"log\": true}}"}
{"op_code":5,"worker_id":"3d95e2a7-7867-4bd9-879e-c0e212c03bb1-4680","trial_id":47,"param_name":"huber_delta","param_value_internal":4.115971789809544,"distribution":"{\"name\": \"FloatDistribution\", \"attributes\": {\"step\": null, \"low\": 0.5, \"high\": 5.0, \"log\": false}}"}
{"op_code":4,"worker_id":"31aca86b-a740-4f67-9ddb-f7d7edb6554e-6576","study_id":0,"datetime_start":"2026-07-14T11:43:14.566415"}
{"op_code":5,"worker_id":"e83e2f91-82be-4990-9306-db41fb20fa6b-11668","trial_id":46,"param_name":"unified_rho","param_value_internal":0.19945265286515068,"distribution":"{\"name\": \"FloatDistribution\", \"attributes\": {\"step\": null, \"low\": 0.0, \"high\": 1.0, \"log\": false}}"}
{"op_code":5,"worker_id":"31aca86b-a740-4f67-9ddb-f7d7edb6554e-6576","trial_id":48,"param_name":"k_weight","param_value_internal":1.3703116806225057,"distribution":"{\"name\": \"FloatDistribution\", \"attributes\": {\"step\": null, \"low\": 0.0, \"high\": 1.5, \"log\": false}}"}
{"op_code":5,"worker_id":"e83e2f91-82be-4990-9306-db41fb20fa6b-11668","trial_id":46,"param_name":"unified_gamma","param_value_internal":15.310675241566031,"distribution":"{\"name\": \"FloatDistribution\", \"attributes\": {\"step\": null, \"low\": 1.5, \"high\": 10000.0, \"log\": true}}"}
{"op_code":5,"worker_id":"31aca86b-a740-4f67-9ddb-f7d7edb6554e-6576","trial_id":48,"param_name":"unified_alpha","param_value_internal":0.0022188838906262495,"distribution":"{\"name\": \"FloatDistribution\", \"attributes\": {\"step\": null, \"low\": 1e-05, \"high\": 10.0, \"log\": true}}"}
{"op_code":5,"worker_id":"e83e2f91-82be-4990-9306-db41fb20fa6b-11668","trial_id":46,"param_name":"huber_delta","param_value_internal":1.543754300302431,"distribution":"{\"name\": \"FloatDistribution\", \"attributes\": {\"step\": null, \"low\": 0.5, \"high\": 5.0, \"log\": false}}"}
{"op_code":5,"worker_id":"31aca86b-a740-4f67-9ddb-f7d7edb6554e-6576","trial_id":48,"param_name":"unified_rho","param_value_internal":0.23982191421402987,"distribution":"{\"name\": \"FloatDistribution\", \"attributes\": {\"step\": null, \"low\": 0.0, \"high\": 1.0, \"log\": false}}"}
{"op_code":8,"worker_id":"25ca90a6-d821-4edc-ae97-9b0195172a5b-20880","trial_id":33,"user_attr":{"val_metrics":[0.05424241628679409,-0.14952457674104896,0.07878787878787878,0.21686789007061094,-6.192011301380169]}}
{"op_code":5,"worker_id":"31aca86b-a740-4f67-9ddb-f7d7edb6554e-6576","trial_id":48,"param_name":"unified_gamma","param_value_internal":5.011170424213972,"distribution":"{\"name\": \"FloatDistribution\", \"attributes\": {\"step\": null, \"low\": 1.5, \"high\": 10000.0, \"log\": true}}"}
{"op_code":8,"worker_id":"25ca90a6-d821-4edc-ae97-9b0195172a5b-20880","trial_id":33,"user_attr":{"deflated_objective":-1.604206396089922}}
{"op_code":9,"worker_id":"25ca90a6-d821-4edc-ae97-9b0195172a5b-20880","trial_id":33,"system_attr":{"constraints":[-0.004145959408038216,0.023406624838957123,0.0,0.013636363636363613,-0.11271975564615962,-30.0,-8.0,0.01373956973956974,-0.09999999999999998,-1495.8865286553498,0.025385154061624726,0.02777777777777779]}}
{"op_code":6,"worker_id":"25ca90a6-d821-4edc-ae97-9b0195172a5b-20880","trial_id":33,"state":1,"values":[-1.1595389826239069],"datetime_complete":"2026-07-14T11:43:14.584743"}
{"op_code":8,"worker_id":"99759517-efa6-4206-b9b5-03e1cfcfd5db-19068","trial_id":42,"user_attr":{"deflated_objective":-2.4252262020666207}}
{"op_code":9,"worker_id":"99759517-efa6-4206-b9b5-03e1cfcfd5db-19068","trial_id":42,"system_attr":{"constraints":[-0.0026899135563765554,0.04379364747521989,0.0,0.013636363636363613,-0.12574292143404547,0.0,0.0,0.016967296967296975,0.09999999999999998,-1379.5177526940456,0.014075630252100901,0.022771672771672802]}}
{"op_code":6,"worker_id":"99759517-efa6-4206-b9b5-03e1cfcfd5db-19068","trial_id":42,"state":1,"values":[-1.953988000497404],"datetime_complete":"2026-07-14T11:43:14.588828"}
{"op_code":5,"worker_id":"31aca86b-a740-4f67-9ddb-f7d7edb6554e-6576","trial_id":48,"param_name":"huber_delta","param_value_internal":4.002381298798004,"distribution":"{\"name\": \"FloatDistribution\", \"attributes\": {\"step\": null, \"low\": 0.5, \"high\": 5.0, \"log\": false}}"}
{"op_code":8,"worker_id":"2668702e-65ce-42ef-847d-fd585ed23c6f-18156","trial_id":43,"user_attr":{"cv_oos_ics":[0.02174726501107216,-0.015401839278638363,-0.05501672998070717,-0.00322498707100749,-0.019610537216067314,-0.004518195986747742,0.005551113747060299,-0.01326617132872343,0.010427908040583134,-0.02815972827374935,0.03199111670255661,0.07523257285356522,-0.002082351129502058,0.025580260902643204,0.048269547522068024]}}
{"op_code":8,"worker_id":"2668702e-65ce-42ef-847d-fd585ed23c6f-18156","trial_id":43,"user_attr":{"reg_kappa":3.43232343406807}}
{"op_code":8,"worker_id":"2668702e-65ce-42ef-847d-fd585ed23c6f-18156","trial_id":43,"user_attr":{"raw_metrics":[-0.3802922938553239,-0.0548812899845903,0.4,0.0022552860938744395,0.2509090909090909,0.1499422642343202,-0.19854751907654225,-0.30211788415908813,0.4359243697478991]}}
{"op_code":8,"worker_id":"2668702e-65ce-42ef-847d-fd585ed23c6f-18156","trial_id":43,"user_attr":{"val_metrics":[0.05971459230811246,-0.0829038378470659,0.3090909090909091,0.18136121162577817,-8.443662690012086]}}
{"op_code":8,"worker_id":"aa6083f8-c485-4693-aa91-61b36e9b18f4-16052","trial_id":40,"user_attr":{"reg_kappa":3.4076251252487655}}
{"op_code":8,"worker_id":"aa6083f8-c485-4693-aa91-61b36e9b18f4-16052","trial_id":40,"user_attr":{"raw_metrics":[-0.21206292930567924,-0.030747065384361442,0.6,0.004600058753142557,0.22424242424242427,0.03630553301858058,-0.18957471254265174,-0.3315061330795288,0.41337535014005605]}}
{"op_code":8,"worker_id":"aa6083f8-c485-4693-aa91-61b36e9b18f4-16052","trial_id":40,"user_attr":{"val_metrics":[0.07726294173214993,-0.2697905898360375,0.12727272727272726,0.26312667747919,-6.063390688267358]}}
{"op_code":5,"worker_id":"1ecc7156-7bfa-4492-a37d-81c1e3513951-12024","trial_id":45,"param_name":"unified_rho","param_value_internal":0.027841274130399052,"distribution":"{\"name\": \"FloatDistribution\", \"attributes\": {\"step\": null, \"low\": 0.0, \"high\": 1.0, \"log\": false}}"}
{"op_code":8,"worker_id":"2668702e-65ce-42ef-847d-fd585ed23c6f-18156","trial_id":43,"user_attr":{"deflated_objective":-2.4985176604682255}}
{"op_code":5,"worker_id":"1ecc7156-7bfa-4492-a37d-81c1e3513951-12024","trial_id":45,"param_name":"unified_gamma","param_value_internal":1.7356208902221253,"distribution":"{\"name\": \"FloatDistribution\", \"attributes\": {\"step\": null, \"low\": 1.5, \"high\": 10000.0, \"log\": true}}"}
{"op_code":9,"worker_id":"2668702e-65ce-42ef-847d-fd585ed23c6f-18156","trial_id":43,"system_attr":{"constraints":[-0.0022552860938744395,0.0548812899845903,0.19999999999999996,-0.0009090909090909149,-0.1499422642343202,0.0,0.0,0.04720874320874321,0.09999999999999998,-1372.2199897983537,0.014075630252100901,0.020634920634920673]}}
{"op_code":8,"worker_id":"aa6083f8-c485-4693-aa91-61b36e9b18f4-16052","trial_id":40,"user_attr":{"deflated_objective":-1.6053582525339758}}
{"op_code":5,"worker_id":"1ecc7156-7bfa-4492-a37d-81c1e3513951-12024","trial_id":45,"param_name":"huber_delta","param_value_internal":1.5171237648464517,"distribution":"{\"name\": \"FloatDistribution\", \"attributes\": {\"step\": null, \"low\": 0.5, \"high\": 5.0, \"log\": false}}"}
{"op_code":6,"worker_id":"2668702e-65ce-42ef-847d-fd585ed23c6f-18156","trial_id":43,"state":1,"values":[-2.0099737218016025],"datetime_complete":"2026-07-14T11:43:14.607876"}
{"op_code":9,"worker_id":"aa6083f8-c485-4693-aa91-61b36e9b18f4-16052","trial_id":40,"system_attr":{"constraints":[-0.004600058753142557,0.030747065384361442,0.0,0.02575757575757573,-0.03630553301858058,0.0,0.0,-0.04327026727026726,-0.09999999999999998,-1359.6642933623,0.03662464985994396,0.06935286935286933]}}
{"op_code":6,"worker_id":"aa6083f8-c485-4693-aa91-61b36e9b18f4-16052","trial_id":40,"state":1,"values":[-1.1490466052248067],"datetime_complete":"2026-07-14T11:43:14.611915"}
{"op_code":4,"worker_id":"0b1f1959-c984-42f0-9420-c53ea4d6d3f9-19068","study_id":0,"datetime_start":"2026-07-14T11:43:14.595152"}
{"op_code":8,"worker_id":"3d95e2a7-7867-4bd9-879e-c0e212c03bb1-4680","trial_id":47,"user_attr":{"constraints":[-0.0047763353509084824,0.023535068620787192,0.0,0.07666666666666666,-0.010525720163200646,-35.0,-8.0,-0.026853494853494853,0.09999999999999998,-1458.1830489798776,0.05500700280112042,0.06379731379731374]}}
{"op_code":5,"worker_id":"0b1f1959-c984-42f0-9420-c53ea4d6d3f9-19068","trial_id":49,"param_name":"k_weight","param_value_internal":1.3578324781247328,"distribution":"{\"name\": \"FloatDistribution\", \"attributes\": {\"step\": null, \"low\": 0.0, \"high\": 1.5, \"log\": false}}"}
{"op_code":4,"worker_id":"44c99dbe-a6cc-4531-ae30-a17c28f40bbf-18156","study_id":0,"datetime_start":"2026-07-14T11:43:14.616617"}
{"op_code":5,"worker_id":"0b1f1959-c984-42f0-9420-c53ea4d6d3f9-19068","trial_id":49,"param_name":"unified_alpha","param_value_internal":4.2156335490966606e-05,"distribution":"{\"name\": \"FloatDistribution\", \"attributes\": {\"step\": null, \"low\": 1e-05, \"high\": 10.0, \"log\": true}}"}
{"op_code":5,"worker_id":"44c99dbe-a6cc-4531-ae30-a17c28f40bbf-18156","trial_id":50,"param_name":"k_weight","param_value_internal":1.3733865920571537,"distribution":"{\"name\": \"FloatDistribution\", \"attributes\": {\"step\": null, \"low\": 0.0, \"high\": 1.5, \"log\": false}}"}
{"op_code":4,"worker_id":"25382811-ab34-4739-8930-f101ef29dc2b-22852","study_id":0,"datetime_start":"2026-07-14T11:43:14.586388"}
{"op_code":5,"worker_id":"44c99dbe-a6cc-4531-ae30-a17c28f40bbf-18156","trial_id":50,"param_name":"unified_alpha","param_value_internal":4.5535584089524086e-05,"distribution":"{\"name\": \"FloatDistribution\", \"attributes\": {\"step\": null, \"low\": 1e-05, \"high\": 10.0, \"log\": true}}"}
{"op_code":5,"worker_id":"25382811-ab34-4739-8930-f101ef29dc2b-22852","trial_id":51,"param_name":"k_weight","param_value_internal":1.3481344753620816,"distribution":"{\"name\": \"FloatDistribution\", \"attributes\": {\"step\": null, \"low\": 0.0, \"high\": 1.5, \"log\": false}}"}
{"op_code":5,"worker_id":"0b1f1959-c984-42f0-9420-c53ea4d6d3f9-19068","trial_id":49,"param_name":"unified_rho","param_value_internal":0.15175916740020745,"distribution":"{\"name\": \"FloatDistribution\", \"attributes\": {\"step\": null, \"low\": 0.0, \"high\": 1.0, \"log\": false}}"}
{"op_code":5,"worker_id":"44c99dbe-a6cc-4531-ae30-a17c28f40bbf-18156","trial_id":50,"param_name":"unified_rho","param_value_internal":0.6378613285822743,"distribution":"{\"name\": \"FloatDistribution\", \"attributes\": {\"step\": null, \"low\": 0.0, \"high\": 1.0, \"log\": false}}"}
{"op_code":5,"worker_id":"0b1f1959-c984-42f0-9420-c53ea4d6d3f9-19068","trial_id":49,"param_name":"unified_gamma","param_value_internal":5.434516610022159,"distribution":"{\"name\": \"FloatDistribution\", \"attributes\": {\"step\": null, \"low\": 1.5, \"high\": 10000.0, \"log\": true}}"}
{"op_code":5,"worker_id":"44c99dbe-a6cc-4531-ae30-a17c28f40bbf-18156","trial_id":50,"param_name":"unified_gamma","param_value_internal":5.250808008659292,"distribution":"{\"name\": \"FloatDistribution\", \"attributes\": {\"step\": null, \"low\": 1.5, \"high\": 10000.0, \"log\": true}}"}
{"op_code":5,"worker_id":"25382811-ab34-4739-8930-f101ef29dc2b-22852","trial_id":51,"param_name":"unified_alpha","param_value_internal":3.614965062474186e-05,"distribution":"{\"name\": \"FloatDistribution\", \"attributes\": {\"step\": null, \"low\": 1e-05, \"high\": 10.0, \"log\": true}}"}
{"op_code":8,"worker_id":"31aca86b-a740-4f67-9ddb-f7d7edb6554e-6576","trial_id":48,"user_attr":{"constraints":[-0.0050200349044788595,0.023339659665397177,0.0,-0.025151515151515202,-0.043527367556109385,-35.0,-8.0,-0.045004941004941,-0.09999999999999998,-1461.6280578292076,0.05500700280112042,0.06379731379731374]}}
{"op_code":5,"worker_id":"25382811-ab34-4739-8930-f101ef29dc2b-22852","trial_id":51,"param_name":"unified_rho","param_value_internal":0.6516791466144447,"distribution":"{\"name\": \"FloatDistribution\", \"attributes\": {\"step\": null, \"low\": 0.0, \"high\": 1.0, \"log\": false}}"}
{"op_code":5,"worker_id":"0b1f1959-c984-42f0-9420-c53ea4d6d3f9-19068","trial_id":49,"param_name":"huber_delta","param_value_internal":2.236523116119998,"distribution":"{\"name\": \"FloatDistribution\", \"attributes\": {\"step\": null, \"low\": 0.5, \"high\": 5.0, \"log\": false}}"}
{"op_code":5,"worker_id":"25382811-ab34-4739-8930-f101ef29dc2b-22852","trial_id":51,"param_name":"unified_gamma","param_value_internal":4.433351146798987,"distribution":"{\"name\": \"FloatDistribution\", \"attributes\": {\"step\": null, \"low\": 1.5, \"high\": 10000.0, \"log\": true}}"}
{"op_code":8,"worker_id":"e83e2f91-82be-4990-9306-db41fb20fa6b-11668","trial_id":46,"user_attr":{"constraints":[-0.0016467431973569938,0.05024163230289114,0.0,0.04757575757575755,-0.14758707683255337,-37.0,-8.0,0.02001216801216802,0.09999999999999998,-1449.9673386423615,0.009908963585434194,0.028327228327228338]}}
{"op_code":8,"worker_id":"31aca86b-a740-4f67-9ddb-f7d7edb6554e-6576","trial_id":48,"user_attr":{"pruned_reasons":["M2 (Yearly Tail IC Mean <= 0)","Yearly Daily Win Rate (39.50% < 45%)","Side-specific Yearly Daily Win Rate (38.62% < 45%)"]}}
{"op_code":8,"worker_id":"31aca86b-a740-4f67-9ddb-f7d7edb6554e-6576","trial_id":48,"user_attr":{"gini":0.38842955090170905}}
{"op_code":5,"worker_id":"44c99dbe-a6cc-4531-ae30-a17c28f40bbf-18156","trial_id":50,"param_name":"huber_delta","param_value_internal":2.303956203458125,"distribution":"{\"name\": \"FloatDistribution\", \"attributes\": {\"step\": null, \"low\": 0.5, \"high\": 5.0, \"log\": false}}"}
{"op_code":8,"worker_id":"31aca86b-a740-4f67-9ddb-f7d7edb6554e-6576","trial_id":48,"user_attr":{"cv_is_ics":[0.08105452358722687,0.055238813161849976,0.10797838866710663,0.036037467420101166,0.0770932137966156,0.08472190797328949,0.06447208672761917,0.04383287578821182,0.08030371367931366,0.09354247897863388,0.037860527634620667,0.05668036267161369,0.10125323385000229,0.09287860989570618,0.04024913161993027]}}
{"op_code":8,"worker_id":"31aca86b-a740-4f67-9ddb-f7d7edb6554e-6576","trial_id":48,"user_attr":{"cv_oos_ics":[0.013283939100801945,0.018098119646310806,-0.0740164965391159,0.02132941596210003,-0.014926607720553875,0.01669042743742466,0.008417843841016293,-0.00877414271235466,0.026916421949863434,-0.02342098206281662,0.09059561789035797,0.05292903259396553,-0.002440185286104679,0.02258644811809063,0.07267794013023376]}}
{"op_code":8,"worker_id":"31aca86b-a740-4f67-9ddb-f7d7edb6554e-6576","trial_id":48,"user_attr":{"reg_kappa":3.653142579728023}}
{"op_code":5,"worker_id":"25382811-ab34-4739-8930-f101ef29dc2b-22852","trial_id":51,"param_name":"huber_delta","param_value_internal":2.249254637259591,"distribution":"{\"name\": \"FloatDistribution\", \"attributes\": {\"step\": null, \"low\": 0.5, \"high\": 5.0, \"log\": false}}"}
{"op_code":8,"worker_id":"31aca86b-a740-4f67-9ddb-f7d7edb6554e-6576","trial_id":48,"user_attr":{"raw_metrics":[-0.1545127461488523,-0.023339659665397177,0.6,0.0050200349044788595,0.2751515151515152,0.043527367556109385,-0.26868602944950487,-0.4276711344718933,0.3949929971988796]}}
{"op_code":8,"worker_id":"31aca86b-a740-4f67-9ddb-f7d7edb6554e-6576","trial_id":48,"user_attr":{"val_metrics":[0.08015769836839674,-0.32046725338301163,0.18787878787878787,0.22889191140015813,-5.7702769540631955]}}
{"op_code":8,"worker_id":"3d95e2a7-7867-4bd9-879e-c0e212c03bb1-4680","trial_id":47,"user_attr":{"pruned_reasons":["M2 (Yearly Tail IC Mean <= 0)","M5 (Monotonicity <= 0.25)","Side-specific Hit Rate (40.00% < 50%)","Yearly Daily Win Rate (39.50% < 45%)","Side-specific Yearly Daily Win Rate (38.62% < 45%)"]}}
{"op_code":8,"worker_id":"1ecc7156-7bfa-4492-a37d-81c1e3513951-12024","trial_id":45,"user_attr":{"constraints":[-0.002327259890677355,0.052559043671271385,0.19999999999999996,0.07181818181818184,-0.1499422642343202,0.0,0.0,0.03924067524067524,0.09999999999999998,-1376.831251460052,0.014075630252100901,0.020634920634920673]}}
{"op_code":8,"worker_id":"3d95e2a7-7867-4bd9-879e-c0e212c03bb1-4680","trial_id":47,"user_attr":{"gini":0.3874421712279188}}
{"op_code":8,"worker_id":"e83e2f91-82be-4990-9306-db41fb20fa6b-11668","trial_id":46,"user_attr":{"pruned_reasons":["M2 (Yearly Tail IC Mean <= 0)","M5 (Monotonicity <= 0.25)","Side-specific Yearly Tail IC Mean (-0.0200 <= 0)","Side-specific Hit Rate (40.00% < 50%)","Yearly Daily Win Rate (44.01% < 45%)","Side-specific Yearly Daily Win Rate (42.17% < 45%)"]}}
{"op_code":8,"worker_id":"e83e2f91-82be-4990-9306-db41fb20fa6b-11668","trial_id":46,"user_attr":{"gini":0.38433111282611776}}
{"op_code":8,"worker_id":"e83e2f91-82be-4990-9306-db41fb20fa6b-11668","trial_id":46,"user_attr":{"cv_is_ics":[0.09309127181768417,0.08443847298622131,0.11044371873140335,0.041845954954624176,0.08923318982124329,0.10685867071151733,0.0812191441655159,0.05761430040001869,0.10169722884893417,0.10731668025255203,0.08186052739620209,0.07566939294338226,0.12230594456195831,0.10197900235652924,0.049240000545978546]}}
{"op_code":8,"worker_id":"e83e2f91-82be-4990-9306-db41fb20fa6b-11668","trial_id":46,"user_attr":{"cv_oos_ics":[0.01863003708422184,-0.010971525683999062,-0.06416605412960052,-0.00437391921877861,-0.022354738786816597,-0.00023118563694879413,0.003817641641944647,-0.01060249749571085,0.00812909472733736,-0.023462966084480286,0.0378936342895031,0.06826897710561752,-0.00048098393017426133,0.022644445300102234,0.057250019162893295]}}
{"op_code":8,"worker_id":"31aca86b-a740-4f67-9ddb-f7d7edb6554e-6576","trial_id":48,"user_attr":{"deflated_objective":-1.5139005087392214}}
{"op_code":9,"worker_id":"31aca86b-a740-4f67-9ddb-f7d7edb6554e-6576","trial_id":48,"system_attr":{"constraints":[-0.0050200349044788595,0.023339659665397177,0.0,-0.025151515151515202,-0.043527367556109385,-35.0,-8.0,-0.045004941004941,-0.09999999999999998,-1461.6280578292076,0.05500700280112042,0.06379731379731374]}}
{"op_code":6,"worker_id":"31aca86b-a740-4f67-9ddb-f7d7edb6554e-6576","trial_id":48,"state":1,"values":[-1.0457216952480333],"datetime_complete":"2026-07-14T11:43:14.661490"}
{"op_code":8,"worker_id":"3d95e2a7-7867-4bd9-879e-c0e212c03bb1-4680","trial_id":47,"user_attr":{"cv_is_ics":[0.0810287743806839,0.05413823202252388,0.10738001018762589,0.035569485276937485,0.07686122506856918,0.08459349721670151,0.06467407196760178,0.043394915759563446,0.08007116615772247,0.09307550638914108,0.037528976798057556,0.056519635021686554,0.10035009682178497,0.0921100527048111,0.039184167981147766]}}
{"op_code":8,"worker_id":"3d95e2a7-7867-4bd9-879e-c0e212c03bb1-4680","trial_id":47,"user_attr":{"cv_oos_ics":[0.013462225906550884,0.018329445272684097,-0.07389026880264282,0.020740816369652748,-0.014960462227463722,0.016925251111388206,0.008404828608036041,-0.00906396470963955,0.027327122166752815,-0.02382625639438629,0.09100033342838287,0.05328686907887459,-0.0034940955229103565,0.022307975217700005,0.0724906250834465]}}
{"op_code":8,"worker_id":"3d95e2a7-7867-4bd9-879e-c0e212c03bb1-4680","trial_id":47,"user_attr":{"reg_kappa":3.6490928963430376}}
{"op_code":8,"worker_id":"3d95e2a7-7867-4bd9-879e-c0e212c03bb1-4680","trial_id":47,"user_attr":{"raw_metrics":[-0.1571681370218201,-0.023535068620787192,0.6,0.0047763353509084824,0.17333333333333334,0.010525720163200646,-0.26580408130665706,-0.4287652373313904,0.3949929971988796]}}
{"op_code":8,"worker_id":"e83e2f91-82be-4990-9306-db41fb20fa6b-11668","trial_id":46,"user_attr":{"reg_kappa":3.6310652883026293}}
{"op_code":4,"worker_id":"aa302381-10fa-4caa-8448-3d30358c2599-6576","study_id":0,"datetime_start":"2026-07-14T11:43:14.668545"}
{"op_code":8,"worker_id":"3d95e2a7-7867-4bd9-879e-c0e212c03bb1-4680","trial_id":47,"user_attr":{"val_metrics":[0.08066419176508323,-0.26382100207113135,0.17575757575757575,0.22889191140015813,-6.204743741800137]}}
{"op_code":8,"worker_id":"0b1f1959-c984-42f0-9420-c53ea4d6d3f9-19068","trial_id":49,"user_attr":{"constraints":[-0.00597411101830052,0.01850172577534983,0.0,0.08636363636363634,-0.1398548191726907,-36.0,-8.0,0.01673736473736474,-0.09999999999999998,-1457.4965560822582,0.029551820728291378,0.02777777777777779]}}
{"op_code":8,"worker_id":"0b1f1959-c984-42f0-9420-c53ea4d6d3f9-19068","trial_id":49,"user_attr":{"pruned_reasons":["M2 (Yearly Tail IC Mean <= 0)","M5 (Monotonicity <= 0.25)","Side-specific Yearly Tail IC Mean (-0.0167 <= 0)","Yearly Daily Win Rate (42.04% < 45%)","Side-specific Yearly Daily Win Rate (42.22% < 45%)"]}}
{"op_code":8,"worker_id":"e83e2f91-82be-4990-9306-db41fb20fa6b-11668","trial_id":46,"user_attr":{"raw_metrics":[-0.32722040158077775,-0.05024163230289114,0.6,0.0016467431973569938,0.20242424242424245,0.14758707683255337,-0.2589797259438657,-0.37907686829566956,0.4400910364145658]}}
{"op_code":8,"worker_id":"3d95e2a7-7867-4bd9-879e-c0e212c03bb1-4680","trial_id":47,"user_attr":{"deflated_objective":-1.6603299433522185}}
{"op_code":8,"worker_id":"0b1f1959-c984-42f0-9420-c53ea4d6d3f9-19068","trial_id":49,"user_attr":{"gini":0.40474275322358433}}
{"op_code":8,"worker_id":"44c99dbe-a6cc-4531-ae30-a17c28f40bbf-18156","trial_id":50,"user_attr":{"constraints":[-0.004957803175800473,0.014577056772596764,0.0,0.0378787878787879,-0.11701363162078089,-35.0,-8.0,-0.0027086187086187096,-0.09999999999999998,-1462.6397820483967,0.025385154061624726,0.04102564102564099]}}
{"op_code":8,"worker_id":"44c99dbe-a6cc-4531-ae30-a17c28f40bbf-18156","trial_id":50,"user_attr":{"pruned_reasons":["M2 (Yearly Tail IC Mean <= 0)","M5 (Monotonicity <= 0.25)","Yearly Daily Win Rate (42.46% < 45%)","Side-specific Yearly Daily Win Rate (40.90% < 45%)"]}}
{"op_code":8,"worker_id":"44c99dbe-a6cc-4531-ae30-a17c28f40bbf-18156","trial_id":50,"user_attr":{"gini":0.4054368747472823}}
{"op_code":8,"worker_id":"44c99dbe-a6cc-4531-ae30-a17c28f40bbf-18156","trial_id":50,"user_attr":{"cv_is_ics":[0.09059298038482666,0.07271160930395126,0.1083884984254837,0.03727329522371292,0.08512365072965622,0.09662365168333054,0.07579386979341507,0.050039421766996384,0.08939144760370255,0.10131339728832245,0.0651722177863121,0.0675617903470993,0.115489661693573,0.10073912888765335,0.04828084260225296]}}
{"op_code":8,"worker_id":"44c99dbe-a6cc-4531-ae30-a17c28f40bbf-18156","trial_id":50,"user_attr":{"cv_oos_ics":[0.01469610258936882,0.007912512868642807,-0.07070642709732056,0.011904533952474594,-0.009056364186108112,0.013462645001709461,0.0011937126982957125,-0.0070359110832214355,0.01871781423687935,-0.01888347417116165,0.06657467782497406,0.0615687295794487,0.0006974756834097207,0.02135656587779522,0.0699581578373909]}}
{"op_code":8,"worker_id":"25382811-ab34-4739-8930-f101ef29dc2b-22852","trial_id":51,"user_attr":{"constraints":[-0.006114666758285594,0.01845830415138109,0.0,0.08636363636363634,-0.1398548191726907,-36.0,-8.0,0.016980244980244984,-0.09999999999999998,-1454.3207258348175,0.029551820728291378,0.02777777777777779]}}
{"op_code":9,"worker_id":"3d95e2a7-7867-4bd9-879e-c0e212c03bb1-4680","trial_id":47,"system_attr":{"constraints":[-0.0047763353509084824,0.023535068620787192,0.0,0.07666666666666666,-0.010525720163200646,-35.0,-8.0,-0.026853494853494853,0.09999999999999998,-1458.1830489798776,0.05500700280112042,0.06379731379731374]}}
{"op_code":8,"worker_id":"1ecc7156-7bfa-4492-a37d-81c1e3513951-12024","trial_id":45,"user_attr":{"pruned_reasons":["M2 (Yearly Tail IC Mean <= 0)","M3 (Hit Rate < 60%)","M5 (Monotonicity <= 0.25)","Side-specific Yearly Tail IC Mean (-0.0392 <= 0)","Side-specific Hit Rate (40.00% < 50%)","Yearly Daily Win Rate (43.59% < 45%)","Side-specific Yearly Daily Win Rate (42.94% < 45%)"]}}
{"op_code":8,"worker_id":"25382811-ab34-4739-8930-f101ef29dc2b-22852","trial_id":51,"user_attr":{"pruned_reasons":["M2 (Yearly Tail IC Mean <= 0)","M5 (Monotonicity <= 0.25)","Side-specific Yearly Tail IC Mean (-0.0170 <= 0)","Yearly Daily Win Rate (42.04% < 45%)","Side-specific Yearly Daily Win Rate (42.22% < 45%)"]}}
{"op_code":8,"worker_id":"1ecc7156-7bfa-4492-a37d-81c1e3513951-12024","trial_id":45,"user_attr":{"gini":0.3668257837142683}}
{"op_code":8,"worker_id":"1ecc7156-7bfa-4492-a37d-81c1e3513951-12024","trial_id":45,"user_attr":{"cv_is_ics":[0.0935848131775856,0.08588964492082596,0.1101076602935791,0.04681873694062233,0.09054876118898392,0.10882140696048737,0.08243260532617569,0.06238008663058281,0.10466001182794571,0.1088307723402977,0.08259187638759613,0.07794792950153351,0.12247075140476227,0.1024230346083641,0.049972809851169586]}}
{"op_code":8,"worker_id":"25382811-ab34-4739-8930-f101ef29dc2b-22852","trial_id":51,"user_attr":{"gini":0.40435700696957433}}
{"op_code":8,"worker_id":"25382811-ab34-4739-8930-f101ef29dc2b-22852","trial_id":51,"user_attr":{"cv_is_ics":[0.090473473072052,0.07362224906682968,0.10857867449522018,0.037711333483457565,0.08583452552556992,0.09745221585035324,0.07685726135969162,0.05089222267270088,0.09019843488931656,0.10214951634407043,0.06664837896823883,0.06791171431541443,0.11646878719329834,0.10107508301734924,0.04869028180837631]}}
{"op_code":8,"worker_id":"e83e2f91-82be-4990-9306-db41fb20fa6b-11668","trial_id":46,"user_attr":{"val_metrics":[0.0576476719792794,-0.02063267232093105,0.18787878787878787,0.1348795879031599,-7.959910900500551]}}
{"op_code":8,"worker_id":"1ecc7156-7bfa-4492-a37d-81c1e3513951-12024","trial_id":45,"user_attr":{"cv_oos_ics":[0.02214428409934044,-0.015079690143465996,-0.05660396069288254,-0.00423845462501049,-0.021292604506015778,-0.004924170207232237,0.004967411980032921,-0.013573206029832363,0.009950745850801468,-0.02744182199239731,0.03243781626224518,0.0745302215218544,-0.0009688250720500946,0.02482171356678009,0.0485793761909008]}}
{"op_code":6,"worker_id":"3d95e2a7-7867-4bd9-879e-c0e212c03bb1-4680","trial_id":47,"state":1,"values":[-1.1980113816752813],"datetime_complete":"2026-07-14T11:43:14.686814"}
{"op_code":8,"worker_id":"25382811-ab34-4739-8930-f101ef29dc2b-22852","trial_id":51,"user_attr":{"cv_oos_ics":[0.014867812395095825,0.0061107478104531765,-0.07018289715051651,0.01028763223439455,-0.009352595545351505,0.011594967916607857,0.0013399530434980989,-0.0077711716294288635,0.018527865409851074,-0.01928161084651947,0.06396250426769257,0.06310968846082687,0.0008195059490390122,0.02194472774863243,0.06844314187765121]}}
{"op_code":8,"worker_id":"25382811-ab34-4739-8930-f101ef29dc2b-22852","trial_id":51,"user_attr":{"reg_kappa":3.6448388929657924}}
{"op_code":8,"worker_id":"25382811-ab34-4739-8930-f101ef29dc2b-22852","trial_id":51,"user_attr":{"raw_metrics":[-0.12888381048062164,-0.01845830415138109,0.6,0.006114666758285594,0.16363636363636366,0.1398548191726907,-0.2625896145759354,-0.4001467823982239,0.42044817927170863]}}
{"op_code":8,"worker_id":"1ecc7156-7bfa-4492-a37d-81c1e3513951-12024","trial_id":45,"user_attr":{"reg_kappa":3.4450470628971153}}
{"op_code":8,"worker_id":"44c99dbe-a6cc-4531-ae30-a17c28f40bbf-18156","trial_id":50,"user_attr":{"reg_kappa":3.665664576359147}}
{"op_code":4,"worker_id":"e7565ca0-ec64-4acb-831a-e28134699706-4680","study_id":0,"datetime_start":"2026-07-14T11:43:14.702467"}
{"op_code":8,"worker_id":"44c99dbe-a6cc-4531-ae30-a17c28f40bbf-18156","trial_id":50,"user_attr":{"raw_metrics":[-0.10205611435908721,-0.014577056772596764,0.6,0.004957803175800473,0.2121212121212121,0.11701363162078089,-0.26954455304583735,-0.4093148708343506,0.4246148459383753]}}
{"op_code":8,"worker_id":"1ecc7156-7bfa-4492-a37d-81c1e3513951-12024","trial_id":45,"user_attr":{"raw_metrics":[-0.3567956974686599,-0.052559043671271385,0.4,0.002327259890677355,0.17818181818181816,0.1499422642343202,-0.20190475377951694,-0.3077014982700348,0.4359243697478991]}}
{"op_code":8,"worker_id":"1ecc7156-7bfa-4492-a37d-81c1e3513951-12024","trial_id":45,"user_attr":{"val_metrics":[0.060339030124941226,-0.043607930898656666,0.2606060606060606,0.18136121162577817,-8.371716855085621]}}
{"op_code":5,"worker_id":"e7565ca0-ec64-4acb-831a-e28134699706-4680","trial_id":53,"param_name":"k_weight","param_value_internal":1.2663309216040952,"distribution":"{\"name\": \"FloatDistribution\", \"attributes\": {\"step\": null, \"low\": 0.0, \"high\": 1.5, \"log\": false}}"}
{"op_code":8,"worker_id":"1ecc7156-7bfa-4492-a37d-81c1e3513951-12024","trial_id":45,"user_attr":{"deflated_objective":-2.450439929383115}}
{"op_code":8,"worker_id":"0b1f1959-c984-42f0-9420-c53ea4d6d3f9-19068","trial_id":49,"user_attr":{"cv_is_ics":[0.09066326916217804,0.07370752841234207,0.10875649750232697,0.0376790389418602,0.08564174175262451,0.09749943017959595,0.07694400101900101,0.05075836181640625,0.0903245285153389,0.10188339650630951,0.0668787807226181,0.06784926354885101,0.11604426801204681,0.10107048600912094,0.04860670492053032]}}
{"op_code":5,"worker_id":"e7565ca0-ec64-4acb-831a-e28134699706-4680","trial_id":53,"param_name":"unified_alpha","param_value_internal":3.7097620320378134e-05,"distribution":"{\"name\": \"FloatDistribution\", \"attributes\": {\"step\": null, \"low\": 1e-05, \"high\": 10.0, \"log\": true}}"}
{"op_code":9,"worker_id":"1ecc7156-7bfa-4492-a37d-81c1e3513951-12024","trial_id":45,"system_attr":{"constraints":[-0.002327259890677355,0.052559043671271385,0.19999999999999996,0.07181818181818184,-0.1499422642343202,0.0,0.0,0.03924067524067524,0.09999999999999998,-1376.831251460052,0.014075630252100901,0.020634920634920673]}}
{"op_code":8,"worker_id":"0b1f1959-c984-42f0-9420-c53ea4d6d3f9-19068","trial_id":49,"user_attr":{"cv_oos_ics":[0.014808757230639458,0.005986758507788181,-0.06977076828479767,0.010018381290137768,-0.009350098669528961,0.011568797752261162,0.0008456747746095061,-0.007846880704164505,0.01846431754529476,-0.01954442448914051,0.06323983520269394,0.06288519501686096,0.0009489531512372196,0.02147006429731846,0.06878793239593506]}}
{"op_code":8,"worker_id":"0b1f1959-c984-42f0-9420-c53ea4d6d3f9-19068","trial_id":49,"user_attr":{"reg_kappa":3.652659615984093}}
{"op_code":8,"worker_id":"0b1f1959-c984-42f0-9420-c53ea4d6d3f9-19068","trial_id":49,"user_attr":{"raw_metrics":[-0.12921005020151805,-0.01850172577534983,0.6,0.00597411101830052,0.16363636363636366,0.1398548191726907,-0.2652350286208529,-0.40285784006118774,0.42044817927170863]}}
{"op_code":8,"worker_id":"0b1f1959-c984-42f0-9420-c53ea4d6d3f9-19068","trial_id":49,"user_attr":{"val_metrics":[0.055468148109706725,-0.07407079098590728,0.12727272727272726,0.2622149572876431,-7.291319401994384]}}
{"op_code":5,"worker_id":"e7565ca0-ec64-4acb-831a-e28134699706-4680","trial_id":53,"param_name":"unified_rho","param_value_internal":0.9928394382852159,"distribution":"{\"name\": \"FloatDistribution\", \"attributes\": {\"step\": null, \"low\": 0.0, \"high\": 1.0, \"log\": false}}"}
{"op_code":5,"worker_id":"e7565ca0-ec64-4acb-831a-e28134699706-4680","trial_id":53,"param_name":"unified_gamma","param_value_internal":3.160681418949594,"distribution":"{\"name\": \"FloatDistribution\", \"attributes\": {\"step\": null, \"low\": 1.5, \"high\": 10000.0, \"log\": true}}"}
{"op_code":5,"worker_id":"e7565ca0-ec64-4acb-831a-e28134699706-4680","trial_id":53,"param_name":"huber_delta","param_value_internal":2.3257205369756186,"distribution":"{\"name\": \"FloatDistribution\", \"attributes\": {\"step\": null, \"low\": 0.5, \"high\": 5.0, \"log\": false}}"}
{"op_code":6,"worker_id":"1ecc7156-7bfa-4492-a37d-81c1e3513951-12024","trial_id":45,"state":1,"values":[-1.9702630661224256],"datetime_complete":"2026-07-14T11:43:14.714946"}
{"op_code":8,"worker_id":"0b1f1959-c984-42f0-9420-c53ea4d6d3f9-19068","trial_id":49,"user_attr":{"deflated_objective":-2.0271514197333897}}
{"op_code":9,"worker_id":"0b1f1959-c984-42f0-9420-c53ea4d6d3f9-19068","trial_id":49,"system_attr":{"constraints":[-0.00597411101830052,0.01850172577534983,0.0,0.08636363636363634,-0.1398548191726907,-36.0,-8.0,0.01673736473736474,-0.09999999999999998,-1457.4965560822582,0.029551820728291378,0.02777777777777779]}}
{"op_code":6,"worker_id":"0b1f1959-c984-42f0-9420-c53ea4d6d3f9-19068","trial_id":49,"state":1,"values":[-1.564109650496303],"datetime_complete":"2026-07-14T11:43:14.729328"}
{"op_code":8,"worker_id":"e83e2f91-82be-4990-9306-db41fb20fa6b-11668","trial_id":46,"user_attr":{"deflated_objective":-2.2823421032667666}}
{"op_code":9,"worker_id":"e83e2f91-82be-4990-9306-db41fb20fa6b-11668","trial_id":46,"system_attr":{"constraints":[-0.0016467431973569938,0.05024163230289114,0.0,0.04757575757575755,-0.14758707683255337,-37.0,-8.0,0.02001216801216802,0.09999999999999998,-1449.9673386423615,0.009908963585434194,0.028327228327228338]}}
{"op_code":6,"worker_id":"e83e2f91-82be-4990-9306-db41fb20fa6b-11668","trial_id":46,"state":1,"values":[-1.803892443961238],"datetime_complete":"2026-07-14T11:43:14.733569"}
{"op_code":4,"worker_id":"124c30ce-c038-47c1-af65-5cb3e096725e-12024","study_id":0,"datetime_start":"2026-07-14T11:43:14.731157"}
{"op_code":4,"worker_id":"32b6dc79-f434-4a94-980d-046a371de46c-19068","study_id":0,"datetime_start":"2026-07-14T11:43:14.736153"}
{"op_code":5,"worker_id":"124c30ce-c038-47c1-af65-5cb3e096725e-12024","trial_id":54,"param_name":"k_weight","param_value_internal":1.2188747606028068,"distribution":"{\"name\": \"FloatDistribution\", \"attributes\": {\"step\": null, \"low\": 0.0, \"high\": 1.5, \"log\": false}}"}
{"op_code":5,"worker_id":"124c30ce-c038-47c1-af65-5cb3e096725e-12024","trial_id":54,"param_name":"unified_alpha","param_value_internal":3.588232818094198e-05,"distribution":"{\"name\": \"FloatDistribution\", \"attributes\": {\"step\": null, \"low\": 1e-05, \"high\": 10.0, \"log\": true}}"}
{"op_code":5,"worker_id":"124c30ce-c038-47c1-af65-5cb3e096725e-12024","trial_id":54,"param_name":"unified_rho","param_value_internal":0.9868820977719603,"distribution":"{\"name\": \"FloatDistribution\", \"attributes\": {\"step\": null, \"low\": 0.0, \"high\": 1.0, \"log\": false}}"}
{"op_code":5,"worker_id":"124c30ce-c038-47c1-af65-5cb3e096725e-12024","trial_id":54,"param_name":"unified_gamma","param_value_internal":3.210052040836817,"distribution":"{\"name\": \"FloatDistribution\", \"attributes\": {\"step\": null, \"low\": 1.5, \"high\": 10000.0, \"log\": true}}"}
{"op_code":5,"worker_id":"124c30ce-c038-47c1-af65-5cb3e096725e-12024","trial_id":54,"param_name":"huber_delta","param_value_internal":2.4723583884628906,"distribution":"{\"name\": \"FloatDistribution\", \"attributes\": {\"step\": null, \"low\": 0.5, \"high\": 5.0, \"log\": false}}"}
{"op_code":5,"worker_id":"32b6dc79-f434-4a94-980d-046a371de46c-19068","trial_id":55,"param_name":"k_weight","param_value_internal":1.2185826036961824,"distribution":"{\"name\": \"FloatDistribution\", \"attributes\": {\"step\": null, \"low\": 0.0, \"high\": 1.5, \"log\": false}}"}
{"op_code":4,"worker_id":"9152ad74-6e6f-4721-af19-79cf14c63348-11668","study_id":0,"datetime_start":"2026-07-14T11:43:14.740501"}
{"op_code":4,"worker_id":"6ed1271e-f22f-47a6-a7f2-e8d1ce6964d1-16052","study_id":0,"datetime_start":"2026-07-14T11:43:14.619359"}
{"op_code":5,"worker_id":"32b6dc79-f434-4a94-980d-046a371de46c-19068","trial_id":55,"param_name":"unified_alpha","param_value_internal":3.4898418909264784e-05,"distribution":"{\"name\": \"FloatDistribution\", \"attributes\": {\"step\": null, \"low\": 1e-05, \"high\": 10.0, \"log\": true}}"}
{"op_code":5,"worker_id":"9152ad74-6e6f-4721-af19-79cf14c63348-11668","trial_id":56,"param_name":"k_weight","param_value_internal":1.1959251349911462,"distribution":"{\"name\": \"FloatDistribution\", \"attributes\": {\"step\": null, \"low\": 0.0, \"high\": 1.5, \"log\": false}}"}
{"op_code":5,"worker_id":"32b6dc79-f434-4a94-980d-046a371de46c-19068","trial_id":55,"param_name":"unified_rho","param_value_internal":0.6185773271664364,"distribution":"{\"name\": \"FloatDistribution\", \"attributes\": {\"step\": null, \"low\": 0.0, \"high\": 1.0, \"log\": false}}"}
{"op_code":5,"worker_id":"9152ad74-6e6f-4721-af19-79cf14c63348-11668","trial_id":56,"param_name":"unified_alpha","param_value_internal":3.346214262735576e-05,"distribution":"{\"name\": \"FloatDistribution\", \"attributes\": {\"step\": null, \"low\": 1e-05, \"high\": 10.0, \"log\": true}}"}
{"op_code":5,"worker_id":"9152ad74-6e6f-4721-af19-79cf14c63348-11668","trial_id":56,"param_name":"unified_rho","param_value_internal":0.6479813707360984,"distribution":"{\"name\": \"FloatDistribution\", \"attributes\": {\"step\": null, \"low\": 0.0, \"high\": 1.0, \"log\": false}}"}
{"op_code":4,"worker_id":"84f38b2c-c5bb-4e73-afc4-335313d9cc12-14384","study_id":0,"datetime_start":"2026-07-14T11:43:14.625872"}
{"op_code":5,"worker_id":"9152ad74-6e6f-4721-af19-79cf14c63348-11668","trial_id":56,"param_name":"unified_gamma","param_value_internal":3.1698178709840112,"distribution":"{\"name\": \"FloatDistribution\", \"attributes\": {\"step\": null, \"low\": 1.5, \"high\": 10000.0, \"log\": true}}"}
{"op_code":5,"worker_id":"84f38b2c-c5bb-4e73-afc4-335313d9cc12-14384","trial_id":58,"param_name":"k_weight","param_value_internal":1.2085970181638528,"distribution":"{\"name\": \"FloatDistribution\", \"attributes\": {\"step\": null, \"low\": 0.0, \"high\": 1.5, \"log\": false}}"}
{"op_code":5,"worker_id":"6ed1271e-f22f-47a6-a7f2-e8d1ce6964d1-16052","trial_id":57,"param_name":"k_weight","param_value_internal":1.2108886514701587,"distribution":"{\"name\": \"FloatDistribution\", \"attributes\": {\"step\": null, \"low\": 0.0, \"high\": 1.5, \"log\": false}}"}
{"op_code":5,"worker_id":"9152ad74-6e6f-4721-af19-79cf14c63348-11668","trial_id":56,"param_name":"huber_delta","param_value_internal":2.507344673248607,"distribution":"{\"name\": \"FloatDistribution\", \"attributes\": {\"step\": null, \"low\": 0.5, \"high\": 5.0, \"log\": false}}"}
{"op_code":5,"worker_id":"32b6dc79-f434-4a94-980d-046a371de46c-19068","trial_id":55,"param_name":"unified_gamma","param_value_internal":9.001518805540325,"distribution":"{\"name\": \"FloatDistribution\", \"attributes\": {\"step\": null, \"low\": 1.5, \"high\": 10000.0, \"log\": true}}"}
{"op_code":5,"worker_id":"b76ee1ee-c2ba-4d63-8109-9cc36b1a1704-30084","trial_id":9,"param_name":"k_weight","param_value_internal":0.6302744507111608,"distribution":"{\"name\": \"FloatDistribution\", \"attributes\": {\"step\": null, \"low\": 0.0, \"high\": 1.5, \"log\": false}}"}
{"op_code":5,"worker_id":"32b6dc79-f434-4a94-980d-046a371de46c-19068","trial_id":55,"param_name":"huber_delta","param_value_internal":2.4772897769252307,"distribution":"{\"name\": \"FloatDistribution\", \"attributes\": {\"step\": null, \"low\": 0.5, \"high\": 5.0, \"log\": false}}"}
{"op_code":8,"worker_id":"e7565ca0-ec64-4acb-831a-e28134699706-4680","trial_id":53,"user_attr":{"constraints":[-0.005627774323811367,0.006279575704534246,0.0,0.09606060606060604,-0.14496395800957138,-40.0,-8.0,-0.06821133221133222,-0.09999999999999998,-1428.4592593787704,0.029551820728291378,0.050549450549450536]}}
{"op_code":5,"worker_id":"6ed1271e-f22f-47a6-a7f2-e8d1ce6964d1-16052","trial_id":57,"param_name":"unified_alpha","param_value_internal":3.1539857179963996e-05,"distribution":"{\"name\": \"FloatDistribution\", \"attributes\": {\"step\": null, \"low\": 1e-05, \"high\": 10.0, \"log\": true}}"}
{"op_code":8,"worker_id":"e7565ca0-ec64-4acb-831a-e28134699706-4680","trial_id":53,"user_attr":{"pruned_reasons":["M2 (Yearly Tail IC Mean <= 0)","M5 (Monotonicity <= 0.25)","Yearly Daily Win Rate (42.04% < 45%)","Side-specific Yearly Daily Win Rate (39.95% < 45%)"]}}
{"op_code":8,"worker_id":"e7565ca0-ec64-4acb-831a-e28134699706-4680","trial_id":53,"user_attr":{"gini":0.3996735385286576}}
{"op_code":5,"worker_id":"b76ee1ee-c2ba-4d63-8109-9cc36b1a1704-30084","trial_id":9,"param_name":"unified_alpha","param_value_internal":0.001511600342996414,"distribution":"{\"name\": \"FloatDistribution\", \"attributes\": {\"step\": null, \"low\": 1e-05, \"high\": 10.0, \"log\": true}}"}
{"op_code":5,"worker_id":"b76ee1ee-c2ba-4d63-8109-9cc36b1a1704-30084","trial_id":9,"param_name":"unified_rho","param_value_internal":0.18487668776145172,"distribution":"{\"name\": \"FloatDistribution\", \"attributes\": {\"step\": null, \"low\": 0.0, \"high\": 1.0, \"log\": false}}"}
{"op_code":8,"worker_id":"44c99dbe-a6cc-4531-ae30-a17c28f40bbf-18156","trial_id":50,"user_attr":{"val_metrics":[0.05644819948009656,-0.1883259791522427,0.17575757575757575,0.2622149572876431,-7.16589683068639]}}
{"op_code":5,"worker_id":"6ed1271e-f22f-47a6-a7f2-e8d1ce6964d1-16052","trial_id":57,"param_name":"unified_rho","param_value_internal":0.9985795434906726,"distribution":"{\"name\": \"FloatDistribution\", \"attributes\": {\"step\": null, \"low\": 0.0, \"high\": 1.0, \"log\": false}}"}
{"op_code":5,"worker_id":"b76ee1ee-c2ba-4d63-8109-9cc36b1a1704-30084","trial_id":9,"param_name":"unified_gamma","param_value_internal":143.8656504427553,"distribution":"{\"name\": \"FloatDistribution\", \"attributes\": {\"step\": null, \"low\": 1.5, \"high\": 10000.0, \"log\": true}}"}
{"op_code":5,"worker_id":"6ed1271e-f22f-47a6-a7f2-e8d1ce6964d1-16052","trial_id":57,"param_name":"unified_gamma","param_value_internal":3.6278845796070023,"distribution":"{\"name\": \"FloatDistribution\", \"attributes\": {\"step\": null, \"low\": 1.5, \"high\": 10000.0, \"log\": true}}"}
{"op_code":8,"worker_id":"44c99dbe-a6cc-4531-ae30-a17c28f40bbf-18156","trial_id":50,"user_attr":{"deflated_objective":-2.0282184143632813}}
{"op_code":5,"worker_id":"6ed1271e-f22f-47a6-a7f2-e8d1ce6964d1-16052","trial_id":57,"param_name":"huber_delta","param_value_internal":2.4923882227902476,"distribution":"{\"name\": \"FloatDistribution\", \"attributes\": {\"step\": null, \"low\": 0.5, \"high\": 5.0, \"log\": false}}"}
{"op_code":8,"worker_id":"e7565ca0-ec64-4acb-831a-e28134699706-4680","trial_id":53,"user_attr":{"cv_is_ics":[0.09025733172893524,0.07351190596818924,0.10826437175273895,0.03788638487458229,0.08592673391103745,0.09814419597387314,0.0759710967540741,0.050587285310029984,0.08936698734760284,0.10216788947582245,0.06581926345825195,0.0678759440779686,0.11686313897371292,0.10163913667201996,0.04917578399181366]}}
{"op_code":5,"worker_id":"b76ee1ee-c2ba-4d63-8109-9cc36b1a1704-30084","trial_id":9,"param_name":"huber_delta","param_value_internal":0.5387245340394617,"distribution":"{\"name\": \"FloatDistribution\", \"attributes\": {\"step\": null, \"low\": 0.5, \"high\": 5.0, \"log\": false}}"}
{"op_code":8,"worker_id":"e7565ca0-ec64-4acb-831a-e28134699706-4680","trial_id":53,"user_attr":{"cv_oos_ics":[0.015847552567720413,0.005441820714622736,-0.06913990527391434,0.009784677065908909,-0.008722253143787384,0.012066295370459557,0.0022914246656000614,-0.008578361943364143,0.019196918234229088,-0.019893301650881767,0.06596648693084717,0.06382841616868973,0.0008078906685113907,0.021554701030254364,0.0652739480137825]}}
{"op_code":8,"worker_id":"e7565ca0-ec64-4acb-831a-e28134699706-4680","trial_id":53,"user_attr":{"reg_kappa":3.580096852919072}}
{"op_code":8,"worker_id":"e7565ca0-ec64-4acb-831a-e28134699706-4680","trial_id":53,"user_attr":{"raw_metrics":[-0.04289178542136757,-0.006279575704534246,0.6,0.005627774323811367,0.15393939393939396,0.14496395800957138,-0.24149081393397642,-0.37737154960632324,0.42044817927170863]}}
{"op_code":8,"worker_id":"e7565ca0-ec64-4acb-831a-e28134699706-4680","trial_id":53,"user_attr":{"val_metrics":[0.05627729133921114,-0.06041431392276084,0.17575757575757575,0.2712140615887778,-7.206474518121747]}}
{"op_code":8,"worker_id":"124c30ce-c038-47c1-af65-5cb3e096725e-12024","trial_id":54,"user_attr":{"constraints":[-0.004899052305287544,0.014945782933106989,0.0,0.04272727272727278,-0.12334578914227474,-43.0,-8.0,-0.04641190641190642,-0.09999999999999998,-1414.1821079883978,0.025385154061624726,0.050549450549450536]}}
{"op_code":8,"worker_id":"124c30ce-c038-47c1-af65-5cb3e096725e-12024","trial_id":54,"user_attr":{"pruned_reasons":["M2 (Yearly Tail IC Mean <= 0)","M5 (Monotonicity <= 0.25)","Yearly Daily Win Rate (42.46% < 45%)","Side-specific Yearly Daily Win Rate (39.95% < 45%)"]}}
{"op_code":8,"worker_id":"124c30ce-c038-47c1-af65-5cb3e096725e-12024","trial_id":54,"user_attr":{"gini":0.39627806700037027}}
{"op_code":8,"worker_id":"124c30ce-c038-47c1-af65-5cb3e096725e-12024","trial_id":54,"user_attr":{"cv_is_ics":[0.08989415317773819,0.07096811383962631,0.10881981253623962,0.03721627965569496,0.08527986705303192,0.09798317402601242,0.07338568568229675,0.049471933394670486,0.08856671303510666,0.10174224525690079,0.06330390274524689,0.06665603816509247,0.11536679416894913,0.10135196149349213,0.048672109842300415]}}
{"op_code":8,"worker_id":"124c30ce-c038-47c1-af65-5cb3e096725e-12024","trial_id":54,"user_attr":{"cv_oos_ics":[0.01643279381096363,0.006337035913020372,-0.07063575834035873,0.012180501595139503,-0.005590245593339205,0.014032772742211819,0.002181989373639226,-0.009498907253146172,0.02032773196697235,-0.020055634900927544,0.06994786113500595,0.062790147960186,-0.0004700683639384806,0.02128663659095764,0.06603235751390457]}}
{"op_code":8,"worker_id":"124c30ce-c038-47c1-af65-5cb3e096725e-12024","trial_id":54,"user_attr":{"reg_kappa":3.5443133678034546}}
{"op_code":8,"worker_id":"124c30ce-c038-47c1-af65-5cb3e096725e-12024","trial_id":54,"user_attr":{"raw_metrics":[-0.10284949252992627,-0.014945782933106989,0.6,0.004899052305287544,0.20727272727272722,0.12334578914227474,-0.2301937766720376,-0.3662419319152832,0.4246148459383753]}}
{"op_code":8,"worker_id":"124c30ce-c038-47c1-af65-5cb3e096725e-12024","trial_id":54,"user_attr":{"val_metrics":[0.06134934647861286,-0.06375299610833844,0.16363636363636364,0.2712140615887778,-6.86928492855327]}}
{"op_code":9,"worker_id":"44c99dbe-a6cc-4531-ae30-a17c28f40bbf-18156","trial_id":50,"system_attr":{"constraints":[-0.004957803175800473,0.014577056772596764,0.0,0.0378787878787879,-0.11701363162078089,-35.0,-8.0,-0.0027086187086187096,-0.09999999999999998,-1462.6397820483967,0.025385154061624726,0.04102564102564099]}}
{"op_code":6,"worker_id":"44c99dbe-a6cc-4531-ae30-a17c28f40bbf-18156","trial_id":50,"state":1,"values":[-1.5546962072550572],"datetime_complete":"2026-07-14T11:43:14.797334"}
{"op_code":8,"worker_id":"124c30ce-c038-47c1-af65-5cb3e096725e-12024","trial_id":54,"user_attr":{"deflated_objective":-1.8574707034845945}}
{"op_code":9,"worker_id":"124c30ce-c038-47c1-af65-5cb3e096725e-12024","trial_id":54,"system_attr":{"constraints":[-0.004899052305287544,0.014945782933106989,0.0,0.04272727272727278,-0.12334578914227474,-43.0,-8.0,-0.04641190641190642,-0.09999999999999998,-1414.1821079883978,0.025385154061624726,0.050549450549450536]}}
{"op_code":6,"worker_id":"124c30ce-c038-47c1-af65-5cb3e096725e-12024","trial_id":54,"state":1,"values":[-1.3869442597132924],"datetime_complete":"2026-07-14T11:43:14.801007"}
{"op_code":8,"worker_id":"9152ad74-6e6f-4721-af19-79cf14c63348-11668","trial_id":56,"user_attr":{"constraints":[-0.004940474493722415,0.018731498379827273,0.0,0.059696969696969665,-0.11269479401690152,-44.0,-8.0,-0.04219054219054219,-0.09999999999999998,-1407.4597852756424,0.025385154061624726,0.050549450549450536]}}
{"op_code":8,"worker_id":"9152ad74-6e6f-4721-af19-79cf14c63348-11668","trial_id":56,"user_attr":{"pruned_reasons":["M2 (Yearly Tail IC Mean <= 0)","M5 (Monotonicity <= 0.25)","Yearly Daily Win Rate (42.46% < 45%)","Side-specific Yearly Daily Win Rate (39.95% < 45%)"]}}
{"op_code":4,"worker_id":"ce32e723-6f0d-48f0-9ab3-56f35e66dc20-18156","study_id":0,"datetime_start":"2026-07-14T11:43:14.804641"}
{"op_code":8,"worker_id":"32b6dc79-f434-4a94-980d-046a371de46c-19068","trial_id":55,"user_attr":{"constraints":[-0.004834644227424458,0.016422118148044024,0.0,0.04272727272727278,-0.12334578914227474,-43.0,-8.0,-0.045124905124905135,-0.09999999999999998,-1414.0959945357627,0.025385154061624726,0.050549450549450536]}}
{"op_code":5,"worker_id":"ce32e723-6f0d-48f0-9ab3-56f35e66dc20-18156","trial_id":59,"param_name":"k_weight","param_value_internal":1.2428832960949823,"distribution":"{\"name\": \"FloatDistribution\", \"attributes\": {\"step\": null, \"low\": 0.0, \"high\": 1.5, \"log\": false}}"}
{"op_code":8,"worker_id":"32b6dc79-f434-4a94-980d-046a371de46c-19068","trial_id":55,"user_attr":{"pruned_reasons":["M2 (Yearly Tail IC Mean <= 0)","M5 (Monotonicity <= 0.25)","Yearly Daily Win Rate (42.46% < 45%)","Side-specific Yearly Daily Win Rate (39.95% < 45%)"]}}
{"op_code":4,"worker_id":"a097c9fb-91d6-445e-b6eb-5d6ff1f9869c-12024","study_id":0,"datetime_start":"2026-07-14T11:43:14.808270"}
{"op_code":5,"worker_id":"a097c9fb-91d6-445e-b6eb-5d6ff1f9869c-12024","trial_id":60,"param_name":"k_weight","param_value_internal":1.247418545905265,"distribution":"{\"name\": \"FloatDistribution\", \"attributes\": {\"step\": null, \"low\": 0.0, \"high\": 1.5, \"log\": false}}"}
{"op_code":5,"worker_id":"a097c9fb-91d6-445e-b6eb-5d6ff1f9869c-12024","trial_id":60,"param_name":"unified_alpha","param_value_internal":0.00025228560493473066,"distribution":"{\"name\": \"FloatDistribution\", \"attributes\": {\"step\": null, \"low\": 1e-05, \"high\": 10.0, \"log\": true}}"}
{"op_code":8,"worker_id":"9152ad74-6e6f-4721-af19-79cf14c63348-11668","trial_id":56,"user_attr":{"gini":0.39431881145861114}}
{"op_code":5,"worker_id":"a097c9fb-91d6-445e-b6eb-5d6ff1f9869c-12024","trial_id":60,"param_name":"unified_rho","param_value_internal":0.8155574649739297,"distribution":"{\"name\": \"FloatDistribution\", \"attributes\": {\"step\": null, \"low\": 0.0, \"high\": 1.0, \"log\": false}}"}
{"op_code":5,"worker_id":"a097c9fb-91d6-445e-b6eb-5d6ff1f9869c-12024","trial_id":60,"param_name":"unified_gamma","param_value_internal":9.058122483766669,"distribution":"{\"name\": \"FloatDistribution\", \"attributes\": {\"step\": null, \"low\": 1.5, \"high\": 10000.0, \"log\": true}}"}
{"op_code":5,"worker_id":"ce32e723-6f0d-48f0-9ab3-56f35e66dc20-18156","trial_id":59,"param_name":"unified_alpha","param_value_internal":0.0002322476307186333,"distribution":"{\"name\": \"FloatDistribution\", \"attributes\": {\"step\": null, \"low\": 1e-05, \"high\": 10.0, \"log\": true}}"}
{"op_code":5,"worker_id":"a097c9fb-91d6-445e-b6eb-5d6ff1f9869c-12024","trial_id":60,"param_name":"huber_delta","param_value_internal":2.0822970760106805,"distribution":"{\"name\": \"FloatDistribution\", \"attributes\": {\"step\": null, \"low\": 0.5, \"high\": 5.0, \"log\": false}}"}
{"op_code":5,"worker_id":"ce32e723-6f0d-48f0-9ab3-56f35e66dc20-18156","trial_id":59,"param_name":"unified_rho","param_value_internal":0.8019896937900464,"distribution":"{\"name\": \"FloatDistribution\", \"attributes\": {\"step\": null, \"low\": 0.0, \"high\": 1.0, \"log\": false}}"}
{"op_code":5,"worker_id":"ce32e723-6f0d-48f0-9ab3-56f35e66dc20-18156","trial_id":59,"param_name":"unified_gamma","param_value_internal":8.618987419021087,"distribution":"{\"name\": \"FloatDistribution\", \"attributes\": {\"step\": null, \"low\": 1.5, \"high\": 10000.0, \"log\": true}}"}
{"op_code":8,"worker_id":"9152ad74-6e6f-4721-af19-79cf14c63348-11668","trial_id":56,"user_attr":{"cv_is_ics":[0.08976714313030243,0.07083828002214432,0.10902149230241776,0.03701961040496826,0.08537081629037857,0.09813950955867767,0.0728580430150032,0.04942454770207405,0.08821941912174225,0.10155580937862396,0.06328161805868149,0.06658358871936798,0.11546342074871063,0.10061457008123398,0.04897511005401611]}}
{"op_code":8,"worker_id":"6ed1271e-f22f-47a6-a7f2-e8d1ce6964d1-16052","trial_id":57,"user_attr":{"constraints":[-0.0045959655496527665,0.01833266960266843,0.0,0.042727272727272725,-0.12277691968065887,-43.0,-8.0,-0.043271623271623295,-0.09999999999999998,-1411.8296602701143,0.025385154061624726,0.050549450549450536]}}
{"op_code":8,"worker_id":"32b6dc79-f434-4a94-980d-046a371de46c-19068","trial_id":55,"user_attr":{"gini":0.3961778995979861}}
{"op_code":5,"worker_id":"ce32e723-6f0d-48f0-9ab3-56f35e66dc20-18156","trial_id":59,"param_name":"huber_delta","param_value_internal":1.0281167912735,"distribution":"{\"name\": \"FloatDistribution\", \"attributes\": {\"step\": null, \"low\": 0.5, \"high\": 5.0, \"log\": false}}"}
{"op_code":5,"worker_id":"84f38b2c-c5bb-4e73-afc4-335313d9cc12-14384","trial_id":58,"param_name":"unified_alpha","param_value_internal":4.6007051498591173e-05,"distribution":"{\"name\": \"FloatDistribution\", \"attributes\": {\"step\": null, \"low\": 1e-05, \"high\": 10.0, \"log\": true}}"}
{"op_code":8,"worker_id":"6ed1271e-f22f-47a6-a7f2-e8d1ce6964d1-16052","trial_id":57,"user_attr":{"pruned_reasons":["M2 (Yearly Tail IC Mean <= 0)","M5 (Monotonicity <= 0.25)","Yearly Daily Win Rate (42.46% < 45%)","Side-specific Yearly Daily Win Rate (39.95% < 45%)"]}}
{"op_code":8,"worker_id":"6ed1271e-f22f-47a6-a7f2-e8d1ce6964d1-16052","trial_id":57,"user_attr":{"gini":0.39544376068955644}}
{"op_code":8,"worker_id":"6ed1271e-f22f-47a6-a7f2-e8d1ce6964d1-16052","trial_id":57,"user_attr":{"cv_is_ics":[0.08989410102367401,0.07066208869218826,0.10873609781265259,0.03685649484395981,0.08531082421541214,0.09796605259180069,0.07307768613100052,0.049509529024362564,0.08841081708669662,0.10163645446300507,0.06342235207557678,0.06636933982372284,0.11527467519044876,0.1010822281241417,0.04882706329226494]}}
{"op_code":8,"worker_id":"6ed1271e-f22f-47a6-a7f2-e8d1ce6964d1-16052","trial_id":57,"user_attr":{"cv_oos_ics":[0.01598413661122322,0.006631895434111357,-0.07081110030412674,0.012909884564578533,-0.005539601668715477,0.0138680599629879,0.0023307485971599817,-0.010062037035822868,0.02013847604393959,-0.02032768540084362,0.07008136808872223,0.06305322051048279,-0.0001980192755581811,0.021106814965605736,0.06581895798444748]}}
{"op_code":5,"worker_id":"84f38b2c-c5bb-4e73-afc4-335313d9cc12-14384","trial_id":58,"param_name":"unified_rho","param_value_internal":0.9937009488555055,"distribution":"{\"name\": \"FloatDistribution\", \"attributes\": {\"step\": null, \"low\": 0.0, \"high\": 1.0, \"log\": false}}"}
{"op_code":8,"worker_id":"9152ad74-6e6f-4721-af19-79cf14c63348-11668","trial_id":56,"user_attr":{"cv_oos_ics":[0.01631356216967106,0.006364884320646524,-0.07122169435024261,0.013509400188922882,-0.004918278194963932,0.014049706049263477,0.003079162910580635,-0.010373130440711975,0.019936317577958107,-0.02026597037911415,0.07023950666189194,0.06375280022621155,2.379030229349155e-05,0.020525729283690453,0.06531473994255066]}}
{"op_code":8,"worker_id":"9152ad74-6e6f-4721-af19-79cf14c63348-11668","trial_id":56,"user_attr":{"reg_kappa":3.527401156242421}}
{"op_code":8,"worker_id":"9152ad74-6e6f-4721-af19-79cf14c63348-11668","trial_id":56,"user_attr":{"raw_metrics":[-0.12983135147902927,-0.018731498379827273,0.6,0.004940474493722415,0.19030303030303033,0.11269479401690152,-0.22496448325638285,-0.35964661836624146,0.4246148459383753]}}
{"op_code":8,"worker_id":"9152ad74-6e6f-4721-af19-79cf14c63348-11668","trial_id":56,"user_attr":{"val_metrics":[0.06187141744022379,-0.2180590796406662,0.16363636363636364,0.2712140615887778,-6.376168582881885]}}
{"op_code":8,"worker_id":"9152ad74-6e6f-4721-af19-79cf14c63348-11668","trial_id":56,"user_attr":{"deflated_objective":-1.709191111237895}}
{"op_code":9,"worker_id":"9152ad74-6e6f-4721-af19-79cf14c63348-11668","trial_id":56,"system_attr":{"constraints":[-0.004940474493722415,0.018731498379827273,0.0,0.059696969696969665,-0.11269479401690152,-44.0,-8.0,-0.04219054219054219,-0.09999999999999998,-1407.4597852756424,0.025385154061624726,0.050549450549450536]}}
{"op_code":6,"worker_id":"9152ad74-6e6f-4721-af19-79cf14c63348-11668","trial_id":56,"state":1,"values":[-1.2513679477750659],"datetime_complete":"2026-07-14T11:43:14.851904"}
{"op_code":8,"worker_id":"6ed1271e-f22f-47a6-a7f2-e8d1ce6964d1-16052","trial_id":57,"user_attr":{"reg_kappa":3.5384198690458457}}
{"op_code":8,"worker_id":"6ed1271e-f22f-47a6-a7f2-e8d1ce6964d1-16052","trial_id":57,"user_attr":{"raw_metrics":[-0.1275109449411537,-0.01833266960266843,0.6,0.0045959655496527665,0.20727272727272728,0.12277691968065887,-0.22835716911977805,-0.3640210032463074,0.4246148459383753]}}
{"op_code":8,"worker_id":"6ed1271e-f22f-47a6-a7f2-e8d1ce6964d1-16052","trial_id":57,"user_attr":{"val_metrics":[0.061623066547999664,-0.21544721666191152,0.16363636363636364,0.2712140615887778,-6.372753723713986]}}
{"op_code":8,"worker_id":"a097c9fb-91d6-445e-b6eb-5d6ff1f9869c-12024","trial_id":60,"user_attr":{"constraints":[-0.005199329592916996,0.015508593708498764,0.0,0.03060606060606061,-0.11212382435777253,-41.0,-8.0,0.0032973632973632926,-0.09999999999999998,-1422.7079308932612,0.029551820728291323,0.03730158730158728]}}
{"op_code":4,"worker_id":"c620419b-8d45-4b41-aa43-7af0bcb2fe3e-11668","study_id":0,"datetime_start":"2026-07-14T11:43:14.859215"}
{"op_code":8,"worker_id":"6ed1271e-f22f-47a6-a7f2-e8d1ce6964d1-16052","trial_id":57,"user_attr":{"deflated_objective":-1.6986313840643916}}
{"op_code":9,"worker_id":"6ed1271e-f22f-47a6-a7f2-e8d1ce6964d1-16052","trial_id":57,"system_attr":{"constraints":[-0.0045959655496527665,0.01833266960266843,0.0,0.042727272727272725,-0.12277691968065887,-43.0,-8.0,-0.043271623271623295,-0.09999999999999998,-1411.8296602701143,0.025385154061624726,0.050549450549450536]}}
{"op_code":5,"worker_id":"c620419b-8d45-4b41-aa43-7af0bcb2fe3e-11668","trial_id":61,"param_name":"k_weight","param_value_internal":1.2784642809579227,"distribution":"{\"name\": \"FloatDistribution\", \"attributes\": {\"step\": null, \"low\": 0.0, \"high\": 1.5, \"log\": false}}"}
{"op_code":6,"worker_id":"6ed1271e-f22f-47a6-a7f2-e8d1ce6964d1-16052","trial_id":57,"state":1,"values":[-1.2489820940058654],"datetime_complete":"2026-07-14T11:43:14.863794"}
{"op_code":5,"worker_id":"c620419b-8d45-4b41-aa43-7af0bcb2fe3e-11668","trial_id":61,"param_name":"unified_alpha","param_value_internal":0.0001990411084189299,"distribution":"{\"name\": \"FloatDistribution\", \"attributes\": {\"step\": null, \"low\": 1e-05, \"high\": 10.0, \"log\": true}}"}
{"op_code":8,"worker_id":"a097c9fb-91d6-445e-b6eb-5d6ff1f9869c-12024","trial_id":60,"user_attr":{"pruned_reasons":["M2 (Yearly Tail IC Mean <= 0)","M5 (Monotonicity <= 0.25)","Side-specific Yearly Tail IC Mean (-0.0033 <= 0)","Yearly Daily Win Rate (42.04% < 45%)","Side-specific Yearly Daily Win Rate (41.27% < 45%)"]}}
{"op_code":5,"worker_id":"c620419b-8d45-4b41-aa43-7af0bcb2fe3e-11668","trial_id":61,"param_name":"unified_rho","param_value_internal":0.8063479878197992,"distribution":"{\"name\": \"FloatDistribution\", \"attributes\": {\"step\": null, \"low\": 0.0, \"high\": 1.0, \"log\": false}}"}
{"op_code":8,"worker_id":"ce32e723-6f0d-48f0-9ab3-56f35e66dc20-18156","trial_id":59,"user_attr":{"constraints":[-0.007304168999858291,0.061941175856723006,0.19999999999999996,0.045151515151515165,-0.11005590560706897,-42.0,-8.0,0.0674906354906355,0.09999999999999998,-1421.3410184105182,0.03662464985994396,0.031746031746031744]}}
{"op_code":8,"worker_id":"a097c9fb-91d6-445e-b6eb-5d6ff1f9869c-12024","trial_id":60,"user_attr":{"gini":0.3993516789339706}}
{"op_code":5,"worker_id":"c620419b-8d45-4b41-aa43-7af0bcb2fe3e-11668","trial_id":61,"param_name":"unified_gamma","param_value_internal":8.802487984674421,"distribution":"{\"name\": \"FloatDistribution\", \"attributes\": {\"step\": null, \"low\": 1.5, \"high\": 10000.0, \"log\": true}}"}
{"op_code":4,"worker_id":"7cefb364-4232-4171-aebe-03ef6193f642-16052","study_id":0,"datetime_start":"2026-07-14T11:43:14.872412"}
{"op_code":8,"worker_id":"ce32e723-6f0d-48f0-9ab3-56f35e66dc20-18156","trial_id":59,"user_attr":{"pruned_reasons":["M2 (Yearly Tail IC Mean <= 0)","M3 (Hit Rate < 60%)","M5 (Monotonicity <= 0.25)","Side-specific Yearly Tail IC Mean (-0.0675 <= 0)","Side-specific Hit Rate (40.00% < 50%)","Yearly Daily Win Rate (41.34% < 45%)","Side-specific Yearly Daily Win Rate (41.83% < 45%)"]}}
{"op_code":8,"worker_id":"ce32e723-6f0d-48f0-9ab3-56f35e66dc20-18156","trial_id":59,"user_attr":{"gini":0.3466333649792166}}
{"op_code":8,"worker_id":"ce32e723-6f0d-48f0-9ab3-56f35e66dc20-18156","trial_id":59,"user_attr":{"cv_is_ics":[0.10018546879291534,0.09115349501371384,0.11534123122692108,0.05680406093597412,0.0921856164932251,0.11164426803588867,0.08056721836328506,0.06819314509630203,0.1120939627289772,0.1110796108841896,0.08938935399055481,0.08414550125598907,0.12184327095746994,0.1041053980588913,0.05514014512300491]}}
{"op_code":8,"worker_id":"ce32e723-6f0d-48f0-9ab3-56f35e66dc20-18156","trial_id":59,"user_attr":{"cv_oos_ics":[0.021899383515119553,-0.006599848624318838,-0.037200458347797394,0.004610422998666763,-0.021075183525681496,-0.005002958234399557,0.00990137830376625,-0.015934882685542107,0.012138281017541885,-0.023470522835850716,0.029589973390102386,0.08012518286705017,-0.001108627999201417,0.0288221575319767,0.036779917776584625]}}
{"op_code":8,"worker_id":"ce32e723-6f0d-48f0-9ab3-56f35e66dc20-18156","trial_id":59,"user_attr":{"reg_kappa":3.5619929115031437}}
{"op_code":8,"worker_id":"ce32e723-6f0d-48f0-9ab3-56f35e66dc20-18156","trial_id":59,"user_attr":{"raw_metrics":[-0.397005367895423,-0.061941175856723006,0.4,0.007304168999858291,0.20484848484848484,0.11005590560706897,-0.2358260161434784,-0.33790770173072815,0.41337535014005605]}}
{"op_code":8,"worker_id":"ce32e723-6f0d-48f0-9ab3-56f35e66dc20-18156","trial_id":59,"user_attr":{"val_metrics":[0.047044246071846395,-0.2338125114108046,0.21212121212121213,0.47320600439780863,-4.615078132967547]}}
{"op_code":5,"worker_id":"7cefb364-4232-4171-aebe-03ef6193f642-16052","trial_id":62,"param_name":"k_weight","param_value_internal":1.2721863740377082,"distribution":"{\"name\": \"FloatDistribution\", \"attributes\": {\"step\": null, \"low\": 0.0, \"high\": 1.5, \"log\": false}}"}
{"op_code":8,"worker_id":"b76ee1ee-c2ba-4d63-8109-9cc36b1a1704-30084","trial_id":9,"user_attr":{"constraints":[-0.003013645010024201,0.07847320162354421,0.19999999999999996,0.11060606060606062,-0.06679622596116208,-84.0,-7.0,0.0003961351601057428,-0.09999999999999998,-1272.5908286266035,0.007668067226890785,0.013980463980464042]}}
{"op_code":8,"worker_id":"ce32e723-6f0d-48f0-9ab3-56f35e66dc20-18156","trial_id":59,"user_attr":{"deflated_objective":-1.000942268680164}}
{"op_code":9,"worker_id":"ce32e723-6f0d-48f0-9ab3-56f35e66dc20-18156","trial_id":59,"system_attr":{"constraints":[-0.007304168999858291,0.061941175856723006,0.19999999999999996,0.045151515151515165,-0.11005590560706897,-42.0,-8.0,0.0674906354906355,0.09999999999999998,-1421.3410184105182,0.03662464985994396,0.031746031746031744]}}
{"op_code":6,"worker_id":"ce32e723-6f0d-48f0-9ab3-56f35e66dc20-18156","trial_id":59,"state":1,"values":[-0.5498673728758889],"datetime_complete":"2026-07-14T11:43:14.890498"}
{"op_code":8,"worker_id":"b76ee1ee-c2ba-4d63-8109-9cc36b1a1704-30084","trial_id":9,"user_attr":{"pruned_reasons":["M2 (Yearly Tail IC Mean <= 0)","M3 (Hit Rate < 60%)","M5 (Monotonicity <= 0.25)","Side-specific Yearly Tail IC Mean (-0.0004 <= 0)","Yearly Daily Win Rate (44.23% < 45%)","Side-specific Yearly Daily Win Rate (43.60% < 45%)"]}}
{"op_code":8,"worker_id":"b76ee1ee-c2ba-4d63-8109-9cc36b1a1704-30084","trial_id":9,"user_attr":{"gini":0.3990734017676998}}
{"op_code":8,"worker_id":"b76ee1ee-c2ba-4d63-8109-9cc36b1a1704-30084","trial_id":9,"user_attr":{"cv_is_ics":[0.11344651877880096,0.09551264345645905,0.12549477815628052,0.07128968089818954,0.09757281839847565,0.1128140315413475,0.10112906992435455,0.10554341226816177,0.10539861768484116,0.12188200652599335,0.10663819313049316,0.09823338687419891,0.12567710876464844,0.10954155027866364,0.0870894119143486]}}
{"op_code":5,"worker_id":"7cefb364-4232-4171-aebe-03ef6193f642-16052","trial_id":62,"param_name":"unified_alpha","param_value_internal":0.00022829979126831148,"distribution":"{\"name\": \"FloatDistribution\", \"attributes\": {\"step\": null, \"low\": 1e-05, \"high\": 10.0, \"log\": true}}"}
{"op_code":8,"worker_id":"b76ee1ee-c2ba-4d63-8109-9cc36b1a1704-30084","trial_id":9,"user_attr":{"cv_oos_ics":[0.03379564732313156,-0.003195736790075898,-0.04099598899483681,0.017917325720191002,-0.02572636678814888,-0.011321519501507282,0.04988403618335724,-0.0013608051231130958,0.006035216152667999,-0.027778804302215576,0.030656900256872177,0.05241205170750618,-0.014408526010811329,0.02764500118792057,0.0029378978069871664]}}
{"op_code":5,"worker_id":"7cefb364-4232-4171-aebe-03ef6193f642-16052","trial_id":62,"param_name":"unified_rho","param_value_internal":0.816544560920598,"distribution":"{\"name\": \"FloatDistribution\", \"attributes\": {\"step\": null, \"low\": 0.0, \"high\": 1.0, \"log\": false}}"}
{"op_code":4,"worker_id":"da8fb663-ba89-4be5-a7ac-23ff47f2df52-18156","study_id":0,"datetime_start":"2026-07-14T11:43:14.898291"}
{"op_code":5,"worker_id":"da8fb663-ba89-4be5-a7ac-23ff47f2df52-18156","trial_id":63,"param_name":"k_weight","param_value_internal":1.4405307098952915,"distribution":"{\"name\": \"FloatDistribution\", \"attributes\": {\"step\": null, \"low\": 0.0, \"high\": 1.5, \"log\": false}}"}
{"op_code":5,"worker_id":"da8fb663-ba89-4be5-a7ac-23ff47f2df52-18156","trial_id":63,"param_name":"unified_alpha","param_value_internal":0.00012864940724498586,"distribution":"{\"name\": \"FloatDistribution\", \"attributes\": {\"step\": null, \"low\": 1e-05, \"high\": 10.0, \"log\": true}}"}
{"op_code":5,"worker_id":"7cefb364-4232-4171-aebe-03ef6193f642-16052","trial_id":62,"param_name":"unified_gamma","param_value_internal":8.907099661268555,"distribution":"{\"name\": \"FloatDistribution\", \"attributes\": {\"step\": null, \"low\": 1.5, \"high\": 10000.0, \"log\": true}}"}
{"op_code":5,"worker_id":"da8fb663-ba89-4be5-a7ac-23ff47f2df52-18156","trial_id":63,"param_name":"unified_rho","param_value_internal":0.77785082114026,"distribution":"{\"name\": \"FloatDistribution\", \"attributes\": {\"step\": null, \"low\": 0.0, \"high\": 1.0, \"log\": false}}"}
{"op_code":5,"worker_id":"7cefb364-4232-4171-aebe-03ef6193f642-16052","trial_id":62,"param_name":"huber_delta","param_value_internal":2.0651629128791518,"distribution":"{\"name\": \"FloatDistribution\", \"attributes\": {\"step\": null, \"low\": 0.5, \"high\": 5.0, \"log\": false}}"}
{"op_code":5,"worker_id":"da8fb663-ba89-4be5-a7ac-23ff47f2df52-18156","trial_id":63,"param_name":"unified_gamma","param_value_internal":8.65654257059796,"distribution":"{\"name\": \"FloatDistribution\", \"attributes\": {\"step\": null, \"low\": 1.5, \"high\": 10000.0, \"log\": true}}"}
{"op_code":5,"worker_id":"c620419b-8d45-4b41-aa43-7af0bcb2fe3e-11668","trial_id":61,"param_name":"huber_delta","param_value_internal":1.9938780709438286,"distribution":"{\"name\": \"FloatDistribution\", \"attributes\": {\"step\": null, \"low\": 0.5, \"high\": 5.0, \"log\": false}}"}
{"op_code":5,"worker_id":"da8fb663-ba89-4be5-a7ac-23ff47f2df52-18156","trial_id":63,"param_name":"huber_delta","param_value_internal":2.0516559482723857,"distribution":"{\"name\": \"FloatDistribution\", \"attributes\": {\"step\": null, \"low\": 0.5, \"high\": 5.0, \"log\": false}}"}
{"op_code":8,"worker_id":"b76ee1ee-c2ba-4d63-8109-9cc36b1a1704-30084","trial_id":9,"user_attr":{"reg_kappa":3.183364183455052}}
{"op_code":8,"worker_id":"b76ee1ee-c2ba-4d63-8109-9cc36b1a1704-30084","trial_id":9,"user_attr":{"raw_metrics":[-0.5406117945975184,-0.07847320162354421,0.4,0.003013645010024201,0.13939393939393938,0.06679622596116208,-0.12439046958496809,-0.19054070115089417,0.4423319327731092]}}
{"op_code":8,"worker_id":"b76ee1ee-c2ba-4d63-8109-9cc36b1a1704-30084","trial_id":9,"user_attr":{"val_metrics":[0.042261933640039495,-0.30202216872460974,0.006060606060606061,0.14307741045384953,-5.61965416741518]}}
{"op_code":8,"worker_id":"e7565ca0-ec64-4acb-831a-e28134699706-4680","trial_id":53,"user_attr":{"deflated_objective":-1.9925531154658342}}
{"op_code":8,"worker_id":"b76ee1ee-c2ba-4d63-8109-9cc36b1a1704-30084","trial_id":9,"user_attr":{"deflated_objective":-1.447192557054024}}
{"op_code":9,"worker_id":"e7565ca0-ec64-4acb-831a-e28134699706-4680","trial_id":53,"system_attr":{"constraints":[-0.005627774323811367,0.006279575704534246,0.0,0.09606060606060604,-0.14496395800957138,-40.0,-8.0,-0.06821133221133222,-0.09999999999999998,-1428.4592593787704,0.029551820728291378,0.050549450549450536]}}
{"op_code":9,"worker_id":"b76ee1ee-c2ba-4d63-8109-9cc36b1a1704-30084","trial_id":9,"system_attr":{"constraints":[-0.003013645010024201,0.07847320162354421,0.19999999999999996,0.11060606060606062,-0.06679622596116208,-84.0,-7.0,0.0003961351601057428,-0.09999999999999998,-1272.5908286266035,0.007668067226890785,0.013980463980464042]}}
{"op_code":6,"worker_id":"b76ee1ee-c2ba-4d63-8109-9cc36b1a1704-30084","trial_id":9,"state":1,"values":[-1.0000659413846857],"datetime_complete":"2026-07-14T11:43:14.924311"}
{"op_code":6,"worker_id":"e7565ca0-ec64-4acb-831a-e28134699706-4680","trial_id":53,"state":1,"values":[-1.5197797069549874],"datetime_complete":"2026-07-14T11:43:14.923605"}
{"op_code":5,"worker_id":"aa302381-10fa-4caa-8448-3d30358c2599-6576","trial_id":52,"param_name":"k_weight","param_value_internal":1.3350008315634705,"distribution":"{\"name\": \"FloatDistribution\", \"attributes\": {\"step\": null, \"low\": 0.0, \"high\": 1.5, \"log\": false}}"}
{"op_code":5,"worker_id":"aa302381-10fa-4caa-8448-3d30358c2599-6576","trial_id":52,"param_name":"unified_alpha","param_value_internal":3.745928145097571e-05,"distribution":"{\"name\": \"FloatDistribution\", \"attributes\": {\"step\": null, \"low\": 1e-05, \"high\": 10.0, \"log\": true}}"}
{"op_code":4,"worker_id":"ae856f02-68dd-4182-b0c1-90bb738c9eac-4680","study_id":0,"datetime_start":"2026-07-14T11:43:14.935074"}
{"op_code":5,"worker_id":"aa302381-10fa-4caa-8448-3d30358c2599-6576","trial_id":52,"param_name":"unified_rho","param_value_internal":0.7996625010547276,"distribution":"{\"name\": \"FloatDistribution\", \"attributes\": {\"step\": null, \"low\": 0.0, \"high\": 1.0, \"log\": false}}"}
{"op_code":5,"worker_id":"ae856f02-68dd-4182-b0c1-90bb738c9eac-4680","trial_id":64,"param_name":"k_weight","param_value_internal":1.4248108566594813,"distribution":"{\"name\": \"FloatDistribution\", \"attributes\": {\"step\": null, \"low\": 0.0, \"high\": 1.5, \"log\": false}}"}
{"op_code":8,"worker_id":"a097c9fb-91d6-445e-b6eb-5d6ff1f9869c-12024","trial_id":60,"user_attr":{"cv_is_ics":[0.09100784361362457,0.07630406320095062,0.10851438343524933,0.03954172879457474,0.08611081540584564,0.10039505362510681,0.07865986227989197,0.05348549410700798,0.09321315586566925,0.10415463149547577,0.07043924927711487,0.07132432609796524,0.11859986186027527,0.10155527293682098,0.05044594034552574]}}
{"op_code":5,"worker_id":"aa302381-10fa-4caa-8448-3d30358c2599-6576","trial_id":52,"param_name":"unified_gamma","param_value_internal":3.6981401542733723,"distribution":"{\"name\": \"FloatDistribution\", \"attributes\": {\"step\": null, \"low\": 1.5, \"high\": 10000.0, \"log\": true}}"}
{"op_code":5,"worker_id":"aa302381-10fa-4caa-8448-3d30358c2599-6576","trial_id":52,"param_name":"huber_delta","param_value_internal":2.401505198189192,"distribution":"{\"name\": \"FloatDistribution\", \"attributes\": {\"step\": null, \"low\": 0.5, \"high\": 5.0, \"log\": false}}"}
{"op_code":8,"worker_id":"a097c9fb-91d6-445e-b6eb-5d6ff1f9869c-12024","trial_id":60,"user_attr":{"cv_oos_ics":[0.017075132578611374,-0.0013512889854609966,-0.06478907912969589,0.004977073986083269,-0.012462264858186245,0.010949411429464817,0.0014650619123131037,-0.005971645005047321,0.015027336776256561,-0.020712807774543762,0.05391039326786995,0.06566727161407471,-0.0009290812304243445,0.023002976551651955,0.06035955250263214]}}
{"op_code":8,"worker_id":"a097c9fb-91d6-445e-b6eb-5d6ff1f9869c-12024","trial_id":60,"user_attr":{"reg_kappa":3.565415054004524}}
{"op_code":8,"worker_id":"7cefb364-4232-4171-aebe-03ef6193f642-16052","trial_id":62,"user_attr":{"constraints":[-0.004714337156039717,0.016442158623826593,0.0,0.025757575757575785,-0.11212382435777253,-40.0,-8.0,-6.288006288006631e-05,-0.09999999999999998,-1430.2570587847267,0.029551820728291323,0.03730158730158728]}}
{"op_code":8,"worker_id":"c620419b-8d45-4b41-aa43-7af0bcb2fe3e-11668","trial_id":61,"user_attr":{"constraints":[-0.004549316910077192,0.020838016079728322,0.0,0.06696969696969696,-0.1160495597547708,-40.0,-8.0,-0.023438879438879442,-0.09999999999999998,-1432.1932960269621,0.025385154061624726,0.044993894993895]}}
{"op_code":5,"worker_id":"ae856f02-68dd-4182-b0c1-90bb738c9eac-4680","trial_id":64,"param_name":"unified_alpha","param_value_internal":0.00011345703096526202,"distribution":"{\"name\": \"FloatDistribution\", \"attributes\": {\"step\": null, \"low\": 1e-05, \"high\": 10.0, \"log\": true}}"}
{"op_code":8,"worker_id":"7cefb364-4232-4171-aebe-03ef6193f642-16052","trial_id":62,"user_attr":{"pruned_reasons":["M2 (Yearly Tail IC Mean <= 0)","M5 (Monotonicity <= 0.25)","Yearly Daily Win Rate (42.04% < 45%)","Side-specific Yearly Daily Win Rate (41.27% < 45%)"]}}
{"op_code":8,"worker_id":"da8fb663-ba89-4be5-a7ac-23ff47f2df52-18156","trial_id":63,"user_attr":{"constraints":[-0.0045188252999944474,0.022693035772747477,0.0,0.02818181818181817,-0.10404052910861412,-31.0,-8.0,0.01958329958329958,-0.09999999999999998,-1485.570231191094,0.025385154061624726,0.02777777777777779]}}
{"op_code":8,"worker_id":"da8fb663-ba89-4be5-a7ac-23ff47f2df52-18156","trial_id":63,"user_attr":{"pruned_reasons":["M2 (Yearly Tail IC Mean <= 0)","M5 (Monotonicity <= 0.25)","Side-specific Yearly Tail IC Mean (-0.0196 <= 0)","Yearly Daily Win Rate (42.46% < 45%)","Side-specific Yearly Daily Win Rate (42.22% < 45%)"]}}
{"op_code":8,"worker_id":"da8fb663-ba89-4be5-a7ac-23ff47f2df52-18156","trial_id":63,"user_attr":{"gini":0.4095540317367121}}
{"op_code":8,"worker_id":"da8fb663-ba89-4be5-a7ac-23ff47f2df52-18156","trial_id":63,"user_attr":{"cv_is_ics":[0.0919303148984909,0.07483088970184326,0.10933800786733627,0.03736475110054016,0.08609282970428467,0.0988927111029625,0.07768914848566055,0.051621828228235245,0.09169892221689224,0.10233485698699951,0.06912750750780106,0.06912074983119965,0.11535902321338654,0.10108201950788498,0.04832441732287407]}}
{"op_code":8,"worker_id":"da8fb663-ba89-4be5-a7ac-23ff47f2df52-18156","trial_id":63,"user_attr":{"cv_oos_ics":[0.015127966180443764,0.0030772050376981497,-0.07129446417093277,0.008968808688223362,-0.012640975415706635,0.009728129021823406,0.000950212124735117,-0.005738220177590847,0.01621934026479721,-0.0191776342689991,0.057308491319417953,0.06280402094125748,0.0016346735646948218,0.021269431337714195,0.0687822476029396]}}
{"op_code":8,"worker_id":"da8fb663-ba89-4be5-a7ac-23ff47f2df52-18156","trial_id":63,"user_attr":{"reg_kappa":3.723057993476273}}
{"op_code":8,"worker_id":"da8fb663-ba89-4be5-a7ac-23ff47f2df52-18156","trial_id":63,"user_attr":{"raw_metrics":[-0.16043111779327177,-0.022693035772747477,0.6,0.0045188252999944474,0.22181818181818183,0.10404052910861412,-0.2891250372767267,-0.42434775829315186,0.4246148459383753]}}
{"op_code":8,"worker_id":"da8fb663-ba89-4be5-a7ac-23ff47f2df52-18156","trial_id":63,"user_attr":{"val_metrics":[0.05381648115443121,-0.29750222372351154,0.15151515151515152,0.12550748433526335,-6.173401821100295]}}
{"op_code":8,"worker_id":"25382811-ab34-4739-8930-f101ef29dc2b-22852","trial_id":51,"user_attr":{"val_metrics":[0.055947046962812746,-0.0729924659004976,0.16363636363636364,0.2622149572876431,-7.169032617309348]}}
{"op_code":8,"worker_id":"da8fb663-ba89-4be5-a7ac-23ff47f2df52-18156","trial_id":63,"user_attr":{"deflated_objective":-1.6560376231868295}}
{"op_code":9,"worker_id":"da8fb663-ba89-4be5-a7ac-23ff47f2df52-18156","trial_id":63,"system_attr":{"constraints":[-0.0045188252999944474,0.022693035772747477,0.0,0.02818181818181817,-0.10404052910861412,-31.0,-8.0,0.01958329958329958,-0.09999999999999998,-1485.570231191094,0.025385154061624726,0.02777777777777779]}}
{"op_code":6,"worker_id":"da8fb663-ba89-4be5-a7ac-23ff47f2df52-18156","trial_id":63,"state":1,"values":[-1.2040561155409994],"datetime_complete":"2026-07-14T11:43:14.965920"}
{"op_code":8,"worker_id":"25382811-ab34-4739-8930-f101ef29dc2b-22852","trial_id":51,"user_attr":{"deflated_objective":-1.966074013362869}}
{"op_code":9,"worker_id":"25382811-ab34-4739-8930-f101ef29dc2b-22852","trial_id":51,"system_attr":{"constraints":[-0.006114666758285594,0.01845830415138109,0.0,0.08636363636363634,-0.1398548191726907,-36.0,-8.0,0.016980244980244984,-0.09999999999999998,-1454.3207258348175,0.029551820728291378,0.02777777777777779]}}
{"op_code":6,"worker_id":"25382811-ab34-4739-8930-f101ef29dc2b-22852","trial_id":51,"state":1,"values":[-1.5110793530717537],"datetime_complete":"2026-07-14T11:43:14.970841"}
{"op_code":5,"worker_id":"84f38b2c-c5bb-4e73-afc4-335313d9cc12-14384","trial_id":58,"param_name":"unified_gamma","param_value_internal":3.1705155377996097,"distribution":"{\"name\": \"FloatDistribution\", \"attributes\": {\"step\": null, \"low\": 1.5, \"high\": 10000.0, \"log\": true}}"}
{"op_code":4,"worker_id":"ffc51ac8-ea22-44a0-ad26-aa9cec7b5c4f-18156","study_id":0,"datetime_start":"2026-07-14T11:43:14.973837"}
{"op_code":5,"worker_id":"84f38b2c-c5bb-4e73-afc4-335313d9cc12-14384","trial_id":58,"param_name":"huber_delta","param_value_internal":1.0269080970945217,"distribution":"{\"name\": \"FloatDistribution\", \"attributes\": {\"step\": null, \"low\": 0.5, \"high\": 5.0, \"log\": false}}"}
{"op_code":5,"worker_id":"ffc51ac8-ea22-44a0-ad26-aa9cec7b5c4f-18156","trial_id":65,"param_name":"k_weight","param_value_internal":1.4312365306144277,"distribution":"{\"name\": \"FloatDistribution\", \"attributes\": {\"step\": null, \"low\": 0.0, \"high\": 1.5, \"log\": false}}"}
{"op_code":4,"worker_id":"599b4b78-bdf2-41ae-97a3-1aed4671dde1-22852","study_id":0,"datetime_start":"2026-07-14T11:43:14.978523"}
{"op_code":8,"worker_id":"a097c9fb-91d6-445e-b6eb-5d6ff1f9869c-12024","trial_id":60,"user_attr":{"raw_metrics":[-0.10299623554695038,-0.015508593708498764,0.6,0.005199329592916996,0.2193939393939394,0.11212382435777253,-0.23690893415199754,-0.3661515712738037,0.4204481792717087]}}
{"op_code":8,"worker_id":"a097c9fb-91d6-445e-b6eb-5d6ff1f9869c-12024","trial_id":60,"user_attr":{"val_metrics":[0.052817736706132025,-0.1379315630406377,0.17575757575757575,0.19070827763568127,-7.183043102626915]}}
{"op_code":8,"worker_id":"c620419b-8d45-4b41-aa43-7af0bcb2fe3e-11668","trial_id":61,"user_attr":{"pruned_reasons":["M2 (Yearly Tail IC Mean <= 0)","M5 (Monotonicity <= 0.25)","Yearly Daily Win Rate (42.46% < 45%)","Side-specific Yearly Daily Win Rate (40.50% < 45%)"]}}
{"op_code":8,"worker_id":"aa302381-10fa-4caa-8448-3d30358c2599-6576","trial_id":52,"user_attr":{"constraints":[-0.0050992381228248005,0.015466385224580515,0.0,0.10333333333333333,-0.11075729785146701,-37.0,-8.0,-0.054795366795366805,-0.09999999999999998,-1450.0580593675043,0.025385154061624726,0.050549450549450536]}}
{"op_code":5,"worker_id":"ae856f02-68dd-4182-b0c1-90bb738c9eac-4680","trial_id":64,"param_name":"unified_rho","param_value_internal":0.8075087425872708,"distribution":"{\"name\": \"FloatDistribution\", \"attributes\": {\"step\": null, \"low\": 0.0, \"high\": 1.0, \"log\": false}}"}
{"op_code":8,"worker_id":"aa302381-10fa-4caa-8448-3d30358c2599-6576","trial_id":52,"user_attr":{"pruned_reasons":["M2 (Yearly Tail IC Mean <= 0)","M5 (Monotonicity <= 0.25)","Yearly Daily Win Rate (42.46% < 45%)","Side-specific Yearly Daily Win Rate (39.95% < 45%)"]}}
{"op_code":5,"worker_id":"599b4b78-bdf2-41ae-97a3-1aed4671dde1-22852","trial_id":66,"param_name":"k_weight","param_value_internal":1.421558974138999,"distribution":"{\"name\": \"FloatDistribution\", \"attributes\": {\"step\": null, \"low\": 0.0, \"high\": 1.5, \"log\": false}}"}
{"op_code":8,"worker_id":"a097c9fb-91d6-445e-b6eb-5d6ff1f9869c-12024","trial_id":60,"user_attr":{"deflated_objective":-1.9851495680184876}}
{"op_code":5,"worker_id":"599b4b78-bdf2-41ae-97a3-1aed4671dde1-22852","trial_id":66,"param_name":"unified_alpha","param_value_internal":0.10936268749970961,"distribution":"{\"name\": \"FloatDistribution\", \"attributes\": {\"step\": null, \"low\": 1e-05, \"high\": 10.0, \"log\": true}}"}
{"op_code":8,"worker_id":"aa302381-10fa-4caa-8448-3d30358c2599-6576","trial_id":52,"user_attr":{"gini":0.40294006293050777}}
{"op_code":8,"worker_id":"aa302381-10fa-4caa-8448-3d30358c2599-6576","trial_id":52,"user_attr":{"cv_is_ics":[0.0901566818356514,0.07147274166345596,0.10869606584310532,0.03719743341207504,0.08449289947748184,0.09694993495941162,0.07468821108341217,0.04976876825094223,0.08825743943452835,0.10053327679634094,0.06334122270345688,0.06668911874294281,0.1147901862859726,0.1005561426281929,0.04817301779985428]}}
{"op_code":9,"worker_id":"a097c9fb-91d6-445e-b6eb-5d6ff1f9869c-12024","trial_id":60,"system_attr":{"constraints":[-0.005199329592916996,0.015508593708498764,0.0,0.03060606060606061,-0.11212382435777253,-41.0,-8.0,0.0032973632973632926,-0.09999999999999998,-1422.7079308932612,0.029551820728291323,0.03730158730158728]}}
{"op_code":5,"worker_id":"ae856f02-68dd-4182-b0c1-90bb738c9eac-4680","trial_id":64,"param_name":"unified_gamma","param_value_internal":24.899489764987166,"distribution":"{\"name\": \"FloatDistribution\", \"attributes\": {\"step\": null, \"low\": 1.5, \"high\": 10000.0, \"log\": true}}"}
{"op_code":5,"worker_id":"ae856f02-68dd-4182-b0c1-90bb738c9eac-4680","trial_id":64,"param_name":"huber_delta","param_value_internal":2.064433173512498,"distribution":"{\"name\": \"FloatDistribution\", \"attributes\": {\"step\": null, \"low\": 0.5, \"high\": 5.0, \"log\": false}}"}
{"op_code":5,"worker_id":"599b4b78-bdf2-41ae-97a3-1aed4671dde1-22852","trial_id":66,"param_name":"unified_rho","param_value_internal":0.4350491878694354,"distribution":"{\"name\": \"FloatDistribution\", \"attributes\": {\"step\": null, \"low\": 0.0, \"high\": 1.0, \"log\": false}}"}
{"op_code":4,"worker_id":"a240e36b-4a96-4850-806d-3a195d47c77a-30084","study_id":0,"datetime_start":"2026-07-14T11:43:15.002698"}
{"op_code":8,"worker_id":"aa302381-10fa-4caa-8448-3d30358c2599-6576","trial_id":52,"user_attr":{"cv_oos_ics":[0.014686446636915207,0.00764508219435811,-0.07084916532039642,0.013842464424669743,-0.008188481442630291,0.014159420505166054,0.0017035246128216386,-0.008354873396456242,0.02012973465025425,-0.02041332982480526,0.07119335979223251,0.060937970876693726,0.0015828947070986032,0.020888978615403175,0.07065204530954361]}}
{"op_code":5,"worker_id":"599b4b78-bdf2-41ae-97a3-1aed4671dde1-22852","trial_id":66,"param_name":"unified_gamma","param_value_internal":8802.356518105416,"distribution":"{\"name\": \"FloatDistribution\", \"attributes\": {\"step\": null, \"low\": 1.5, \"high\": 10000.0, \"log\": true}}"}
{"op_code":6,"worker_id":"a097c9fb-91d6-445e-b6eb-5d6ff1f9869c-12024","trial_id":60,"state":1,"values":[-1.5417599958653152],"datetime_complete":"2026-07-14T11:43:14.996877"}
{"op_code":5,"worker_id":"a240e36b-4a96-4850-806d-3a195d47c77a-30084","trial_id":67,"param_name":"k_weight","param_value_internal":1.4197147109932606,"distribution":"{\"name\": \"FloatDistribution\", \"attributes\": {\"step\": null, \"low\": 0.0, \"high\": 1.5, \"log\": false}}"}
{"op_code":5,"worker_id":"599b4b78-bdf2-41ae-97a3-1aed4671dde1-22852","trial_id":66,"param_name":"huber_delta","param_value_internal":2.821005244872402,"distribution":"{\"name\": \"FloatDistribution\", \"attributes\": {\"step\": null, \"low\": 0.5, \"high\": 5.0, \"log\": false}}"}
{"op_code":5,"worker_id":"a240e36b-4a96-4850-806d-3a195d47c77a-30084","trial_id":67,"param_name":"unified_alpha","param_value_internal":0.00022511065762201017,"distribution":"{\"name\": \"FloatDistribution\", \"attributes\": {\"step\": null, \"low\": 1e-05, \"high\": 10.0, \"log\": true}}"}
{"op_code":5,"worker_id":"ffc51ac8-ea22-44a0-ad26-aa9cec7b5c4f-18156","trial_id":65,"param_name":"unified_alpha","param_value_internal":0.0002816543285008869,"distribution":"{\"name\": \"FloatDistribution\", \"attributes\": {\"step\": null, \"low\": 1e-05, \"high\": 10.0, \"log\": true}}"}
{"op_code":5,"worker_id":"a240e36b-4a96-4850-806d-3a195d47c77a-30084","trial_id":67,"param_name":"unified_rho","param_value_internal":0.814610747603935,"distribution":"{\"name\": \"FloatDistribution\", \"attributes\": {\"step\": null, \"low\": 0.0, \"high\": 1.0, \"log\": false}}"}
{"op_code":8,"worker_id":"aa302381-10fa-4caa-8448-3d30358c2599-6576","trial_id":52,"user_attr":{"reg_kappa":3.6341861158942095}}
{"op_code":5,"worker_id":"a240e36b-4a96-4850-806d-3a195d47c77a-30084","trial_id":67,"param_name":"unified_gamma","param_value_internal":67.8635640654951,"distribution":"{\"name\": \"FloatDistribution\", \"attributes\": {\"step\": null, \"low\": 1.5, \"high\": 10000.0, \"log\": true}}"}
{"op_code":5,"worker_id":"ffc51ac8-ea22-44a0-ad26-aa9cec7b5c4f-18156","trial_id":65,"param_name":"unified_rho","param_value_internal":0.40621880734806914,"distribution":"{\"name\": \"FloatDistribution\", \"attributes\": {\"step\": null, \"low\": 0.0, \"high\": 1.0, \"log\": false}}"}
{"op_code":8,"worker_id":"aa302381-10fa-4caa-8448-3d30358c2599-6576","trial_id":52,"user_attr":{"raw_metrics":[-0.10789827245151301,-0.015466385224580515,0.6,0.0050992381228248005,0.14666666666666667,0.11075729785146701,-0.259056977419767,-0.40008124709129333,0.4246148459383753]}}
{"op_code":4,"worker_id":"037e31de-cdd3-4cf2-bc58-db233c14b0c4-12024","study_id":0,"datetime_start":"2026-07-14T11:43:15.014189"}
{"op_code":5,"worker_id":"ffc51ac8-ea22-44a0-ad26-aa9cec7b5c4f-18156","trial_id":65,"param_name":"unified_gamma","param_value_internal":67.76836006202252,"distribution":"{\"name\": \"FloatDistribution\", \"attributes\": {\"step\": null, \"low\": 1.5, \"high\": 10000.0, \"log\": true}}"}
{"op_code":5,"worker_id":"037e31de-cdd3-4cf2-bc58-db233c14b0c4-12024","trial_id":68,"param_name":"k_weight","param_value_internal":1.417355941306769,"distribution":"{\"name\": \"FloatDistribution\", \"attributes\": {\"step\": null, \"low\": 0.0, \"high\": 1.5, \"log\": false}}"}
{"op_code":8,"worker_id":"aa302381-10fa-4caa-8448-3d30358c2599-6576","trial_id":52,"user_attr":{"val_metrics":[0.05966607932020488,-0.17718482874111577,0.1393939393939394,0.2712140615887778,-7.206539859840997]}}
{"op_code":5,"worker_id":"037e31de-cdd3-4cf2-bc58-db233c14b0c4-12024","trial_id":68,"param_name":"unified_alpha","param_value_internal":0.1048174908065645,"distribution":"{\"name\": \"FloatDistribution\", \"attributes\": {\"step\": null, \"low\": 1e-05, \"high\": 10.0, \"log\": true}}"}
{"op_code":5,"worker_id":"a240e36b-4a96-4850-806d-3a195d47c77a-30084","trial_id":67,"param_name":"huber_delta","param_value_internal":2.0592974594442435,"distribution":"{\"name\": \"FloatDistribution\", \"attributes\": {\"step\": null, \"low\": 0.5, \"high\": 5.0, \"log\": false}}"}
{"op_code":5,"worker_id":"ffc51ac8-ea22-44a0-ad26-aa9cec7b5c4f-18156","trial_id":65,"param_name":"huber_delta","param_value_internal":2.764906021166108,"distribution":"{\"name\": \"FloatDistribution\", \"attributes\": {\"step\": null, \"low\": 0.5, \"high\": 5.0, \"log\": false}}"}
{"op_code":8,"worker_id":"aa302381-10fa-4caa-8448-3d30358c2599-6576","trial_id":52,"user_attr":{"deflated_objective":-2.0089209427418435}}
{"op_code":5,"worker_id":"037e31de-cdd3-4cf2-bc58-db233c14b0c4-12024","trial_id":68,"param_name":"unified_rho","param_value_internal":0.8995184573590704,"distribution":"{\"name\": \"FloatDistribution\", \"attributes\": {\"step\": null, \"low\": 0.0, \"high\": 1.0, \"log\": false}}"}
{"op_code":9,"worker_id":"aa302381-10fa-4caa-8448-3d30358c2599-6576","trial_id":52,"system_attr":{"constraints":[-0.0050992381228248005,0.015466385224580515,0.0,0.10333333333333333,-0.11075729785146701,-37.0,-8.0,-0.054795366795366805,-0.09999999999999998,-1450.0580593675043,0.025385154061624726,0.050549450549450536]}}
{"op_code":6,"worker_id":"aa302381-10fa-4caa-8448-3d30358c2599-6576","trial_id":52,"state":1,"values":[-1.5698115344032906],"datetime_complete":"2026-07-14T11:43:15.032150"}
{"op_code":8,"worker_id":"84f38b2c-c5bb-4e73-afc4-335313d9cc12-14384","trial_id":58,"user_attr":{"constraints":[-0.00752828141349846,0.061182156581701584,0.19999999999999996,0.04030303030303034,-0.11222415998252674,-44.0,-8.0,0.08315929115929115,0.09999999999999998,-1411.157289724821,0.03245798319327736,0.02619047619047621]}}
{"op_code":5,"worker_id":"037e31de-cdd3-4cf2-bc58-db233c14b0c4-12024","trial_id":68,"param_name":"unified_gamma","param_value_internal":8051.434388025046,"distribution":"{\"name\": \"FloatDistribution\", \"attributes\": {\"step\": null, \"low\": 1.5, \"high\": 10000.0, \"log\": true}}"}
{"op_code":8,"worker_id":"84f38b2c-c5bb-4e73-afc4-335313d9cc12-14384","trial_id":58,"user_attr":{"pruned_reasons":["M2 (Yearly Tail IC Mean <= 0)","M3 (Hit Rate < 60%)","M5 (Monotonicity <= 0.25)","Side-specific Yearly Tail IC Mean (-0.0832 <= 0)","Side-specific Hit Rate (40.00% < 50%)","Yearly Daily Win Rate (41.75% < 45%)","Side-specific Yearly Daily Win Rate (42.38% < 45%)"]}}
{"op_code":5,"worker_id":"037e31de-cdd3-4cf2-bc58-db233c14b0c4-12024","trial_id":68,"param_name":"huber_delta","param_value_internal":2.789166533567075,"distribution":"{\"name\": \"FloatDistribution\", \"attributes\": {\"step\": null, \"low\": 0.5, \"high\": 5.0, \"log\": false}}"}
{"op_code":8,"worker_id":"ae856f02-68dd-4182-b0c1-90bb738c9eac-4680","trial_id":64,"user_attr":{"constraints":[-0.005006613529161266,0.021810926642828594,0.0,0.013636363636363613,-0.10404052910861412,-32.0,-8.0,0.018055002055002052,-0.09999999999999998,-1480.0938022705843,0.025385154061624726,0.02777777777777779]}}
{"op_code":8,"worker_id":"84f38b2c-c5bb-4e73-afc4-335313d9cc12-14384","trial_id":58,"user_attr":{"gini":0.3468403873925032}}
{"op_code":8,"worker_id":"ae856f02-68dd-4182-b0c1-90bb738c9eac-4680","trial_id":64,"user_attr":{"pruned_reasons":["M2 (Yearly Tail IC Mean <= 0)","M5 (Monotonicity <= 0.25)","Side-specific Yearly Tail IC Mean (-0.0181 <= 0)","Yearly Daily Win Rate (42.46% < 45%)","Side-specific Yearly Daily Win Rate (42.22% < 45%)"]}}
{"op_code":8,"worker_id":"ae856f02-68dd-4182-b0c1-90bb738c9eac-4680","trial_id":64,"user_attr":{"gini":0.4096656721779155}}
{"op_code":8,"worker_id":"ae856f02-68dd-4182-b0c1-90bb738c9eac-4680","trial_id":64,"user_attr":{"cv_is_ics":[0.09197698533535004,0.07505173981189728,0.10907991975545883,0.0377589613199234,0.08616253733634949,0.09901263564825058,0.0777631402015686,0.05157555267214775,0.09165634214878082,0.10261348634958267,0.06881606578826904,0.06895440816879272,0.1160801500082016,0.10129077732563019,0.04846314340829849]}}
{"op_code":8,"worker_id":"ae856f02-68dd-4182-b0c1-90bb738c9eac-4680","trial_id":64,"user_attr":{"cv_oos_ics":[0.01519234012812376,0.0027391030453145504,-0.06954994052648544,0.008575009182095528,-0.012007858604192734,0.009607638232409954,0.0009212439181283116,-0.006079401355236769,0.01606282964348793,-0.01905420422554016,0.05724439397454262,0.06290309131145477,0.001841649180278182,0.021107647567987442,0.06802660971879959]}}
{"op_code":8,"worker_id":"84f38b2c-c5bb-4e73-afc4-335313d9cc12-14384","trial_id":58,"user_attr":{"cv_is_ics":[0.10067615658044815,0.09185925871133804,0.11549737304449081,0.058018915355205536,0.09250041842460632,0.1116957888007164,0.08082767575979233,0.06988383084535599,0.11240710318088531,0.11168573051691055,0.08940692991018295,0.08454437553882599,0.12217789143323898,0.10412698239088058,0.05556800961494446]}}
{"op_code":8,"worker_id":"599b4b78-bdf2-41ae-97a3-1aed4671dde1-22852","trial_id":66,"user_attr":{"constraints":[-0.007982060680582478,0.05981293408890713,0.19999999999999996,0.1712121212121212,-0.01229007937715334,-38.0,-2.0,-0.026130266130266134,-0.09999999999999998,-1479.2919793891645,0.021358543417366982,0.012698412698412764]}}
{"op_code":8,"worker_id":"ae856f02-68dd-4182-b0c1-90bb738c9eac-4680","trial_id":64,"user_attr":{"reg_kappa":3.7093746092983997}}
{"op_code":8,"worker_id":"ae856f02-68dd-4182-b0c1-90bb738c9eac-4680","trial_id":64,"user_attr":{"raw_metrics":[-0.15383208524007316,-0.021810926642828594,0.6,0.005006613529161266,0.2363636363636364,0.10404052910861412,-0.28439464309885637,-0.42019006609916687,0.4246148459383753]}}
{"op_code":8,"worker_id":"599b4b78-bdf2-41ae-97a3-1aed4671dde1-22852","trial_id":66,"user_attr":{"pruned_reasons":["M2 (Yearly Tail IC Mean <= 0)","M3 (Hit Rate < 60%)","M5 (Monotonicity <= 0.25)","Yearly Daily Win Rate (42.86% < 45%)","Side-specific Yearly Daily Win Rate (43.73% < 45%)"]}}
{"op_code":8,"worker_id":"84f38b2c-c5bb-4e73-afc4-335313d9cc12-14384","trial_id":58,"user_attr":{"cv_oos_ics":[0.021532732993364334,-0.007535367272794247,-0.0363980270922184,0.005076993256807327,-0.0211112592369318,-0.004476073198020458,0.011142951436340809,-0.01599743776023388,0.012001195922493935,-0.023265225812792778,0.029682615771889687,0.08046691864728928,-0.002390365581959486,0.02985765039920807,0.03522438928484917]}}
{"op_code":8,"worker_id":"c620419b-8d45-4b41-aa43-7af0bcb2fe3e-11668","trial_id":61,"user_attr":{"gini":0.39985099945565605}}
{"op_code":8,"worker_id":"599b4b78-bdf2-41ae-97a3-1aed4671dde1-22852","trial_id":66,"user_attr":{"gini":0.6275682188437111}}
{"op_code":8,"worker_id":"c620419b-8d45-4b41-aa43-7af0bcb2fe3e-11668","trial_id":61,"user_attr":{"cv_is_ics":[0.09189726412296295,0.07622259855270386,0.10897531360387802,0.03925156965851784,0.0873202309012413,0.1006987914443016,0.07908578217029572,0.05351462960243225,0.09354449063539505,0.1047927662730217,0.07219180464744568,0.07155382633209229,0.11899295449256897,0.10153640806674957,0.049870770424604416]}}
{"op_code":8,"worker_id":"c620419b-8d45-4b41-aa43-7af0bcb2fe3e-11668","trial_id":61,"user_attr":{"cv_oos_ics":[0.01731877215206623,-0.0036241021007299423,-0.0657377541065216,0.002323753898963332,-0.013896248303353786,0.009734567254781723,0.0014884324045851827,-0.00594855472445488,0.013832558877766132,-0.021453525871038437,0.05038802698254585,0.0661434605717659,-0.0012832768261432648,0.02313770167529583,0.06083421781659126]}}
{"op_code":8,"worker_id":"84f38b2c-c5bb-4e73-afc4-335313d9cc12-14384","trial_id":58,"user_attr":{"reg_kappa":3.5367334075029966}}
{"op_code":8,"worker_id":"84f38b2c-c5bb-4e73-afc4-335313d9cc12-14384","trial_id":58,"user_attr":{"raw_metrics":[-0.3834926316247226,-0.061182156581701584,0.4,0.00752828141349846,0.20969696969696966,0.11222415998252674,-0.22783345577835892,-0.3282569348812103,0.41754201680672265]}}
{"op_code":4,"worker_id":"947d4ce5-f5d4-4be7-a46f-52c041910efc-6576","study_id":0,"datetime_start":"2026-07-14T11:43:15.039913"}
{"op_code":8,"worker_id":"84f38b2c-c5bb-4e73-afc4-335313d9cc12-14384","trial_id":58,"user_attr":{"val_metrics":[0.045781128093115075,-0.21523477375098998,0.2,0.4966890969840081,-4.597906898574909]}}
{"op_code":8,"worker_id":"599b4b78-bdf2-41ae-97a3-1aed4671dde1-22852","trial_id":66,"user_attr":{"cv_is_ics":[0.07122799009084702,0.0425155870616436,0.09116163849830627,0.02606961876153946,0.06726931035518646,0.07914769649505615,0.07266802340745926,0.08402661234140396,0.09207659214735031,0.10783439874649048,0.04736872762441635,0.045298654586076736,0.09838952124118805,0.09872852265834808,0.03113001212477684]}}
{"op_code":8,"worker_id":"599b4b78-bdf2-41ae-97a3-1aed4671dde1-22852","trial_id":66,"user_attr":{"cv_oos_ics":[0.05379362776875496,-0.009439150802791119,-0.05633135139942169,-0.023651910945773125,-0.024440569803118706,-0.04193878173828125,0.007415153086185455,0.017932988703250885,0.015615221112966537,-0.049285367131233215,0.10292767733335495,0.059604305773973465,-0.030180515721440315,0.00834235455840826,0.10980264842510223]}}
{"op_code":8,"worker_id":"c620419b-8d45-4b41-aa43-7af0bcb2fe3e-11668","trial_id":61,"user_attr":{"reg_kappa":3.589231896621787}}
{"op_code":8,"worker_id":"ae856f02-68dd-4182-b0c1-90bb738c9eac-4680","trial_id":64,"user_attr":{"val_metrics":[0.053589938853101315,-0.2977155699484405,0.15151515151515152,0.12550748433526335,-6.168072935698042]}}
{"op_code":8,"worker_id":"84f38b2c-c5bb-4e73-afc4-335313d9cc12-14384","trial_id":58,"user_attr":{"deflated_objective":-0.9788253694492537}}
{"op_code":8,"worker_id":"c620419b-8d45-4b41-aa43-7af0bcb2fe3e-11668","trial_id":61,"user_attr":{"raw_metrics":[-0.14026766571791088,-0.020838016079728322,0.6,0.004549316910077192,0.18303030303030304,0.1160495597547708,-0.2444871739133866,-0.37259960174560547,0.4246148459383753]}}
{"op_code":8,"worker_id":"599b4b78-bdf2-41ae-97a3-1aed4671dde1-22852","trial_id":66,"user_attr":{"reg_kappa":3.3837637138628516}}
{"op_code":8,"worker_id":"599b4b78-bdf2-41ae-97a3-1aed4671dde1-22852","trial_id":66,"user_attr":{"raw_metrics":[-0.3228316094636136,-0.05981293408890713,0.4,0.007982060680582478,0.07878787878787878,0.01229007937715334,-0.1526147999282755,-0.09383027255535126,0.42864145658263303]}}
{"op_code":8,"worker_id":"599b4b78-bdf2-41ae-97a3-1aed4671dde1-22852","trial_id":66,"user_attr":{"val_metrics":[0.08023514111973545,-0.3267420761188498,0.3575757575757576,0.08507854811023863,-6.993161743926718]}}
{"op_code":8,"worker_id":"ae856f02-68dd-4182-b0c1-90bb738c9eac-4680","trial_id":64,"user_attr":{"deflated_objective":-1.6347570434426046}}
{"op_code":9,"worker_id":"ae856f02-68dd-4182-b0c1-90bb738c9eac-4680","trial_id":64,"system_attr":{"constraints":[-0.005006613529161266,0.021810926642828594,0.0,0.013636363636363613,-0.10404052910861412,-32.0,-8.0,0.018055002055002052,-0.09999999999999998,-1480.0938022705843,0.025385154061624726,0.02777777777777779]}}
{"op_code":6,"worker_id":"ae856f02-68dd-4182-b0c1-90bb738c9eac-4680","trial_id":64,"state":1,"values":[-1.2020325541004055],"datetime_complete":"2026-07-14T11:43:15.076796"}
{"op_code":9,"worker_id":"84f38b2c-c5bb-4e73-afc4-335313d9cc12-14384","trial_id":58,"system_attr":{"constraints":[-0.00752828141349846,0.061182156581701584,0.19999999999999996,0.04030303030303034,-0.11222415998252674,-44.0,-8.0,0.08315929115929115,0.09999999999999998,-1411.157289724821,0.03245798319327736,0.02619047619047621]}}
{"op_code":8,"worker_id":"599b4b78-bdf2-41ae-97a3-1aed4671dde1-22852","trial_id":66,"user_attr":{"deflated_objective":-1.9556943606303858}}
{"op_code":9,"worker_id":"599b4b78-bdf2-41ae-97a3-1aed4671dde1-22852","trial_id":66,"system_attr":{"constraints":[-0.007982060680582478,0.05981293408890713,0.19999999999999996,0.1712121212121212,-0.01229007937715334,-38.0,-2.0,-0.026130266130266134,-0.09999999999999998,-1479.2919793891645,0.021358543417366982,0.012698412698412764]}}
{"op_code":6,"worker_id":"599b4b78-bdf2-41ae-97a3-1aed4671dde1-22852","trial_id":66,"state":1,"values":[-1.5204080989954782],"datetime_complete":"2026-07-14T11:43:15.081304"}
{"op_code":8,"worker_id":"ffc51ac8-ea22-44a0-ad26-aa9cec7b5c4f-18156","trial_id":65,"user_attr":{"constraints":[-0.004016422339044322,0.017102308625430118,0.0,0.0378787878787879,-0.07776454160420394,-32.0,-8.0,-0.028528324528324534,0.09999999999999998,-1482.3250858216115,0.04376750700280113,0.05268620268620272]}}
{"op_code":8,"worker_id":"ffc51ac8-ea22-44a0-ad26-aa9cec7b5c4f-18156","trial_id":65,"user_attr":{"pruned_reasons":["M2 (Yearly Tail IC Mean <= 0)","M5 (Monotonicity <= 0.25)","Side-specific Hit Rate (40.00% < 50%)","Yearly Daily Win Rate (40.62% < 45%)","Side-specific Yearly Daily Win Rate (39.73% < 45%)"]}}
{"op_code":8,"worker_id":"ffc51ac8-ea22-44a0-ad26-aa9cec7b5c4f-18156","trial_id":65,"user_attr":{"gini":0.40341435143105975}}
{"op_code":4,"worker_id":"33eb82d2-ea9c-4c9e-b0a6-cb30e0f91239-4680","study_id":0,"datetime_start":"2026-07-14T11:43:15.085355"}
{"op_code":8,"worker_id":"32b6dc79-f434-4a94-980d-046a371de46c-19068","trial_id":55,"user_attr":{"cv_is_ics":[0.0899055078625679,0.07083404064178467,0.10877958685159683,0.03717212751507759,0.08517501503229141,0.09780275076627731,0.07327087223529816,0.04945690184831619,0.08856147527694702,0.10175201296806335,0.06323640048503876,0.0666348934173584,0.11524742096662521,0.10107910633087158,0.04872071370482445]}}
{"op_code":4,"worker_id":"0f311ff1-1cc9-4f44-a589-6c206e9defc5-22852","study_id":0,"datetime_start":"2026-07-14T11:43:15.089305"}
{"op_code":8,"worker_id":"ffc51ac8-ea22-44a0-ad26-aa9cec7b5c4f-18156","trial_id":65,"user_attr":{"cv_is_ics":[0.08875761926174164,0.06568976491689682,0.10828165709972382,0.03558620437979698,0.08172275871038437,0.09238441288471222,0.07014483958482742,0.04549345001578331,0.0854080319404602,0.09720403701066971,0.05262075737118721,0.06276337057352066,0.1101788729429245,0.09779565781354904,0.04513769596815109]}}
{"op_code":8,"worker_id":"ffc51ac8-ea22-44a0-ad26-aa9cec7b5c4f-18156","trial_id":65,"user_attr":{"cv_oos_ics":[0.013873378746211529,0.015572709031403065,-0.07746902853250504,0.019242307171225548,-0.0075720143504440784,0.013987850397825241,0.00022684739087708294,-0.006116766016930342,0.02224067971110344,-0.020016591995954514,0.08468470722436905,0.057618096470832825,0.0013546478003263474,0.019325263798236847,0.07143528759479523]}}
{"op_code":5,"worker_id":"33eb82d2-ea9c-4c9e-b0a6-cb30e0f91239-4680","trial_id":70,"param_name":"k_weight","param_value_internal":1.4218807972760408,"distribution":"{\"name\": \"FloatDistribution\", \"attributes\": {\"step\": null, \"low\": 0.0, \"high\": 1.5, \"log\": false}}"}
{"op_code":5,"worker_id":"0f311ff1-1cc9-4f44-a589-6c206e9defc5-22852","trial_id":71,"param_name":"k_weight","param_value_internal":1.433915652342239,"distribution":"{\"name\": \"FloatDistribution\", \"attributes\": {\"step\": null, \"low\": 0.0, \"high\": 1.5, \"log\": false}}"}
{"op_code":6,"worker_id":"84f38b2c-c5bb-4e73-afc4-335313d9cc12-14384","trial_id":58,"state":1,"values":[-0.5369062170661982],"datetime_complete":"2026-07-14T11:43:15.078884"}
{"op_code":5,"worker_id":"33eb82d2-ea9c-4c9e-b0a6-cb30e0f91239-4680","trial_id":70,"param_name":"unified_alpha","param_value_internal":8.911572716919743e-05,"distribution":"{\"name\": \"FloatDistribution\", \"attributes\": {\"step\": null, \"low\": 1e-05, \"high\": 10.0, \"log\": true}}"}
{"op_code":5,"worker_id":"0f311ff1-1cc9-4f44-a589-6c206e9defc5-22852","trial_id":71,"param_name":"unified_alpha","param_value_internal":8.696171733198276e-05,"distribution":"{\"name\": \"FloatDistribution\", \"attributes\": {\"step\": null, \"low\": 1e-05, \"high\": 10.0, \"log\": true}}"}
{"op_code":5,"worker_id":"33eb82d2-ea9c-4c9e-b0a6-cb30e0f91239-4680","trial_id":70,"param_name":"unified_rho","param_value_internal":0.9057748622287736,"distribution":"{\"name\": \"FloatDistribution\", \"attributes\": {\"step\": null, \"low\": 0.0, \"high\": 1.0, \"log\": false}}"}
{"op_code":5,"worker_id":"0f311ff1-1cc9-4f44-a589-6c206e9defc5-22852","trial_id":71,"param_name":"unified_rho","param_value_internal":0.928665069057831,"distribution":"{\"name\": \"FloatDistribution\", \"attributes\": {\"step\": null, \"low\": 0.0, \"high\": 1.0, \"log\": false}}"}
{"op_code":5,"worker_id":"33eb82d2-ea9c-4c9e-b0a6-cb30e0f91239-4680","trial_id":70,"param_name":"unified_gamma","param_value_internal":25.56548794387627,"distribution":"{\"name\": \"FloatDistribution\", \"attributes\": {\"step\": null, \"low\": 1.5, \"high\": 10000.0, \"log\": true}}"}
{"op_code":5,"worker_id":"0f311ff1-1cc9-4f44-a589-6c206e9defc5-22852","trial_id":71,"param_name":"unified_gamma","param_value_internal":43.746858425267675,"distribution":"{\"name\": \"FloatDistribution\", \"attributes\": {\"step\": null, \"low\": 1.5, \"high\": 10000.0, \"log\": true}}"}
{"op_code":5,"worker_id":"33eb82d2-ea9c-4c9e-b0a6-cb30e0f91239-4680","trial_id":70,"param_name":"huber_delta","param_value_internal":1.8360703410708636,"distribution":"{\"name\": \"FloatDistribution\", \"attributes\": {\"step\": null, \"low\": 0.5, \"high\": 5.0, \"log\": false}}"}
{"op_code":4,"worker_id":"c6fe9a0e-922c-4845-9da1-98ff6c397111-14384","study_id":0,"datetime_start":"2026-07-14T11:43:15.105463"}
{"op_code":8,"worker_id":"32b6dc79-f434-4a94-980d-046a371de46c-19068","trial_id":55,"user_attr":{"cv_oos_ics":[0.016187334433197975,0.006265385076403618,-0.07068753242492676,0.012353191152215004,-0.005566380452364683,0.014095187187194824,0.0024828664027154446,-0.009507723152637482,0.020459961146116257,-0.020103495568037033,0.06966237723827362,0.06271688640117645,-0.00030717477784492075,0.021278033033013344,0.0661480724811554]}}
{"op_code":8,"worker_id":"32b6dc79-f434-4a94-980d-046a371de46c-19068","trial_id":55,"user_attr":{"reg_kappa":3.544023927371997}}
{"op_code":8,"worker_id":"ffc51ac8-ea22-44a0-ad26-aa9cec7b5c4f-18156","trial_id":65,"user_attr":{"reg_kappa":3.71407586051733}}
{"op_code":8,"worker_id":"ffc51ac8-ea22-44a0-ad26-aa9cec7b5c4f-18156","trial_id":65,"user_attr":{"raw_metrics":[-0.11309623688763112,-0.017102308625430118,0.6,0.004016422339044322,0.2121212121212121,0.07776454160420394,-0.2863172356175216,-0.43559667468070984,0.4062324929971989]}}
{"op_code":8,"worker_id":"ffc51ac8-ea22-44a0-ad26-aa9cec7b5c4f-18156","trial_id":65,"user_attr":{"val_metrics":[0.06911008932397507,-0.1903648639009788,0.09090909090909091,0.24502713342224233,-6.81241969638541]}}
{"op_code":5,"worker_id":"0f311ff1-1cc9-4f44-a589-6c206e9defc5-22852","trial_id":71,"param_name":"huber_delta","param_value_internal":1.8168621840118255,"distribution":"{\"name\": \"FloatDistribution\", \"attributes\": {\"step\": null, \"low\": 0.5, \"high\": 5.0, \"log\": false}}"}
{"op_code":5,"worker_id":"c6fe9a0e-922c-4845-9da1-98ff6c397111-14384","trial_id":72,"param_name":"k_weight","param_value_internal":1.426566289149236,"distribution":"{\"name\": \"FloatDistribution\", \"attributes\": {\"step\": null, \"low\": 0.0, \"high\": 1.5, \"log\": false}}"}
{"op_code":8,"worker_id":"32b6dc79-f434-4a94-980d-046a371de46c-19068","trial_id":55,"user_attr":{"raw_metrics":[-0.11314399274125209,-0.016422118148044024,0.6,0.004834644227424458,0.20727272727272722,0.12334578914227474,-0.23012629802893608,-0.3662107288837433,0.4246148459383753]}}
{"op_code":8,"worker_id":"32b6dc79-f434-4a94-980d-046a371de46c-19068","trial_id":55,"user_attr":{"val_metrics":[0.061842487676792665,-0.2089422170622019,0.16363636363636364,0.2712140615887778,-6.857005134291937]}}
{"op_code":8,"worker_id":"ffc51ac8-ea22-44a0-ad26-aa9cec7b5c4f-18156","trial_id":65,"user_attr":{"deflated_objective":-1.8592922566126915}}
{"op_code":9,"worker_id":"ffc51ac8-ea22-44a0-ad26-aa9cec7b5c4f-18156","trial_id":65,"system_attr":{"constraints":[-0.004016422339044322,0.017102308625430118,0.0,0.0378787878787879,-0.07776454160420394,-32.0,-8.0,-0.028528324528324534,0.09999999999999998,-1482.3250858216115,0.04376750700280113,0.05268620268620272]}}
{"op_code":6,"worker_id":"ffc51ac8-ea22-44a0-ad26-aa9cec7b5c4f-18156","trial_id":65,"state":1,"values":[-1.421339566947956],"datetime_complete":"2026-07-14T11:43:15.124677"}
{"op_code":8,"worker_id":"32b6dc79-f434-4a94-980d-046a371de46c-19068","trial_id":55,"user_attr":{"deflated_objective":-1.878215549685681}}
{"op_code":9,"worker_id":"32b6dc79-f434-4a94-980d-046a371de46c-19068","trial_id":55,"system_attr":{"constraints":[-0.004834644227424458,0.016422118148044024,0.0,0.04272727272727278,-0.12334578914227474,-43.0,-8.0,-0.045124905124905135,-0.09999999999999998,-1414.0959945357627,0.025385154061624726,0.050549450549450536]}}
{"op_code":5,"worker_id":"947d4ce5-f5d4-4be7-a46f-52c041910efc-6576","trial_id":69,"param_name":"k_weight","param_value_internal":1.417114878962431,"distribution":"{\"name\": \"FloatDistribution\", \"attributes\": {\"step\": null, \"low\": 0.0, \"high\": 1.5, \"log\": false}}"}
{"op_code":6,"worker_id":"32b6dc79-f434-4a94-980d-046a371de46c-19068","trial_id":55,"state":1,"values":[-1.440058716265175],"datetime_complete":"2026-07-14T11:43:15.128938"}
{"op_code":5,"worker_id":"947d4ce5-f5d4-4be7-a46f-52c041910efc-6576","trial_id":69,"param_name":"unified_alpha","param_value_internal":0.005384319385313921,"distribution":"{\"name\": \"FloatDistribution\", \"attributes\": {\"step\": null, \"low\": 1e-05, \"high\": 10.0, \"log\": true}}"}
{"op_code":8,"worker_id":"a240e36b-4a96-4850-806d-3a195d47c77a-30084","trial_id":67,"user_attr":{"constraints":[-0.004927540481923965,0.022614226686250218,0.0,0.04515151515151511,-0.10404052910861412,-32.0,-8.0,0.018878682878682874,-0.09999999999999998,-1478.3328949038355,0.025385154061624726,0.02777777777777779]}}
{"op_code":5,"worker_id":"947d4ce5-f5d4-4be7-a46f-52c041910efc-6576","trial_id":69,"param_name":"unified_rho","param_value_internal":0.44657153530399907,"distribution":"{\"name\": \"FloatDistribution\", \"attributes\": {\"step\": null, \"low\": 0.0, \"high\": 1.0, \"log\": false}}"}
{"op_code":8,"worker_id":"a240e36b-4a96-4850-806d-3a195d47c77a-30084","trial_id":67,"user_attr":{"pruned_reasons":["M2 (Yearly Tail IC Mean <= 0)","M5 (Monotonicity <= 0.25)","Side-specific Yearly Tail IC Mean (-0.0189 <= 0)","Yearly Daily Win Rate (42.46% < 45%)","Side-specific Yearly Daily Win Rate (42.22% < 45%)"]}}
{"op_code":5,"worker_id":"947d4ce5-f5d4-4be7-a46f-52c041910efc-6576","trial_id":69,"param_name":"unified_gamma","param_value_internal":61.4027759301221,"distribution":"{\"name\": \"FloatDistribution\", \"attributes\": {\"step\": null, \"low\": 1.5, \"high\": 10000.0, \"log\": true}}"}
{"op_code":5,"worker_id":"c6fe9a0e-922c-4845-9da1-98ff6c397111-14384","trial_id":72,"param_name":"unified_alpha","param_value_internal":0.00010125880831620635,"distribution":"{\"name\": \"FloatDistribution\", \"attributes\": {\"step\": null, \"low\": 1e-05, \"high\": 10.0, \"log\": true}}"}
{"op_code":8,"worker_id":"037e31de-cdd3-4cf2-bc58-db233c14b0c4-12024","trial_id":68,"user_attr":{"constraints":[0.018354557640214562,0.036517347553866326,0.39999999999999997,0.26575757575757575,0.04237548333665235,-45.0,4.0,0.036863880863880864,-0.09999999999999998,-1477.582171162178,0.027976190476190543,0.006593406593406681]}}
{"op_code":5,"worker_id":"c6fe9a0e-922c-4845-9da1-98ff6c397111-14384","trial_id":72,"param_name":"unified_rho","param_value_internal":0.9225188472669874,"distribution":"{\"name\": \"FloatDistribution\", \"attributes\": {\"step\": null, \"low\": 0.0, \"high\": 1.0, \"log\": false}}"}
{"op_code":8,"worker_id":"037e31de-cdd3-4cf2-bc58-db233c14b0c4-12024","trial_id":68,"user_attr":{"pruned_reasons":["M4 (Overall IC <= 0)","M2 (Yearly Tail IC Mean <= 0)","M3 (Hit Rate < 60%)","M5 (Monotonicity <= 0.25)","M6 (Top-Bottom Spread <= 0)","Active features count (1) is less than active feature floor (5)","Side-specific Yearly Tail IC Mean (-0.0369 <= 0)","Yearly Daily Win Rate (42.20% < 45%)","Side-specific Yearly Daily Win Rate (44.34% < 45%)"]}}
{"op_code":5,"worker_id":"c6fe9a0e-922c-4845-9da1-98ff6c397111-14384","trial_id":72,"param_name":"unified_gamma","param_value_internal":51.99110771465513,"distribution":"{\"name\": \"FloatDistribution\", \"attributes\": {\"step\": null, \"low\": 1.5, \"high\": 10000.0, \"log\": true}}"}
{"op_code":8,"worker_id":"037e31de-cdd3-4cf2-bc58-db233c14b0c4-12024","trial_id":68,"user_attr":{"gini":0.9230770190835835}}
{"op_code":8,"worker_id":"037e31de-cdd3-4cf2-bc58-db233c14b0c4-12024","trial_id":68,"user_attr":{"cv_is_ics":[0.06231992691755295,0.04466275870800018,-0.008298395201563835,0.0,0.021064110100269318,0.05705976486206055,0.03485807403922081,0.07091554999351501,0.06328742951154709,0.07719983905553818,0.036382418125867844,0.045807622373104095,0.07675846666097641,0.07676614075899124,0.0483831912279129]}}
{"op_code":8,"worker_id":"037e31de-cdd3-4cf2-bc58-db233c14b0c4-12024","trial_id":68,"user_attr":{"cv_oos_ics":[0.028761763125658035,-0.006103331223130226,-0.03691847249865532,0.0,0.03440838307142258,-0.09631876647472382,0.028128238394856453,0.02966972254216671,-0.016918223351240158,-0.04793268069624901,0.05765219032764435,0.07216285914182663,-0.014495430514216423,-0.014686567708849907,0.030925072729587555]}}
{"op_code":8,"worker_id":"037e31de-cdd3-4cf2-bc58-db233c14b0c4-12024","trial_id":68,"user_attr":{"reg_kappa":3.640744487236124}}
{"op_code":8,"worker_id":"037e31de-cdd3-4cf2-bc58-db233c14b0c4-12024","trial_id":68,"user_attr":{"raw_metrics":[-0.17905836943997963,-0.036517347553866326,0.2,-0.018354557640214562,-0.015757575757575748,-0.04237548333665235,-0.021706388928933486,-0.02387841045856476,0.42202380952380947]}}
{"op_code":8,"worker_id":"037e31de-cdd3-4cf2-bc58-db233c14b0c4-12024","trial_id":68,"user_attr":{"val_metrics":[0.11628340664805263,-0.4396106806495297,0.24848484848484848,-0.25139363792360475,-8.986332915633074]}}
{"op_code":5,"worker_id":"c6fe9a0e-922c-4845-9da1-98ff6c397111-14384","trial_id":72,"param_name":"huber_delta","param_value_internal":1.8050209589915232,"distribution":"{\"name\": \"FloatDistribution\", \"attributes\": {\"step\": null, \"low\": 0.5, \"high\": 5.0, \"log\": false}}"}
{"op_code":8,"worker_id":"a240e36b-4a96-4850-806d-3a195d47c77a-30084","trial_id":67,"user_attr":{"gini":0.4092748850602481}}
{"op_code":5,"worker_id":"947d4ce5-f5d4-4be7-a46f-52c041910efc-6576","trial_id":69,"param_name":"huber_delta","param_value_internal":1.8424320143634467,"distribution":"{\"name\": \"FloatDistribution\", \"attributes\": {\"step\": null, \"low\": 0.5, \"high\": 5.0, \"log\": false}}"}
{"op_code":8,"worker_id":"037e31de-cdd3-4cf2-bc58-db233c14b0c4-12024","trial_id":68,"user_attr":{"deflated_objective":-2.8272304579530236}}
{"op_code":9,"worker_id":"037e31de-cdd3-4cf2-bc58-db233c14b0c4-12024","trial_id":68,"system_attr":{"constraints":[0.018354557640214562,0.036517347553866326,0.39999999999999997,0.26575757575757575,0.04237548333665235,-45.0,4.0,0.036863880863880864,-0.09999999999999998,-1477.582171162178,0.027976190476190543,0.006593406593406681]}}
{"op_code":6,"worker_id":"037e31de-cdd3-4cf2-bc58-db233c14b0c4-12024","trial_id":68,"state":1,"values":[-2.37012827376158],"datetime_complete":"2026-07-14T11:43:15.158848"}
{"op_code":8,"worker_id":"0f311ff1-1cc9-4f44-a589-6c206e9defc5-22852","trial_id":71,"user_attr":{"constraints":[-0.0029054904987930465,0.033120559546880625,0.0,-0.02757575757575753,-0.1422127220713656,-32.0,-8.0,-0.025162021162021164,-0.09999999999999998,-1483.2574124594335,0.01705182072829131,0.044993894993895]}}
{"op_code":8,"worker_id":"0f311ff1-1cc9-4f44-a589-6c206e9defc5-22852","trial_id":71,"user_attr":{"pruned_reasons":["M2 (Yearly Tail IC Mean <= 0)","Yearly Daily Win Rate (43.29% < 45%)","Side-specific Yearly Daily Win Rate (40.50% < 45%)"]}}
{"op_code":8,"worker_id":"0f311ff1-1cc9-4f44-a589-6c206e9defc5-22852","trial_id":71,"user_attr":{"gini":0.40136251495902386}}
{"op_code":8,"worker_id":"0f311ff1-1cc9-4f44-a589-6c206e9defc5-22852","trial_id":71,"user_attr":{"cv_is_ics":[0.09285988658666611,0.07879245281219482,0.1108514815568924,0.038711242377758026,0.08696562796831131,0.10137691348791122,0.07923252880573273,0.052905891090631485,0.0948064774274826,0.104926697909832,0.07332170754671097,0.07159748673439026,0.11862367391586304,0.10102693736553192,0.048060230910778046]}}
{"op_code":8,"worker_id":"0f311ff1-1cc9-4f44-a589-6c206e9defc5-22852","trial_id":71,"user_attr":{"cv_oos_ics":[0.01645546406507492,-0.0025273694191128016,-0.07137451320886612,-0.0003698694345075637,-0.016392087563872337,0.007177950348705053,0.0003932394611183554,-0.0056007965467870235,0.010494646616280079,-0.019342627376317978,0.04844561964273453,0.06457114219665527,0.0019025243818759918,0.020260440185666084,0.06262451410293579]}}
{"op_code":8,"worker_id":"6ae193fb-4d41-403d-b245-87008f54824b-7108","trial_id":22,"user_attr":{"pruned_reasons":["M2 (Yearly Tail IC Mean <= 0)","M5 (Monotonicity <= 0.25)","Side-specific Yearly Tail IC Mean (-0.0079 <= 0)","Side-specific Hit Rate (40.00% < 50%)","Yearly Daily Win Rate (43.18% < 45%)","Side-specific Yearly Daily Win Rate (39.33% < 45%)"]}}
{"op_code":4,"worker_id":"f965c5d9-1486-4473-86c7-889c31627860-12024","study_id":0,"datetime_start":"2026-07-14T11:43:15.168379"}
{"op_code":5,"worker_id":"f965c5d9-1486-4473-86c7-889c31627860-12024","trial_id":73,"param_name":"k_weight","param_value_internal":1.2947109185002188,"distribution":"{\"name\": \"FloatDistribution\", \"attributes\": {\"step\": null, \"low\": 0.0, \"high\": 1.5, \"log\": false}}"}
{"op_code":8,"worker_id":"6ae193fb-4d41-403d-b245-87008f54824b-7108","trial_id":22,"user_attr":{"gini":0.32791042671635484}}
{"op_code":8,"worker_id":"6ae193fb-4d41-403d-b245-87008f54824b-7108","trial_id":22,"user_attr":{"cv_is_ics":[0.09383982419967651,0.06982512772083282,0.10745687782764435,0.049779728055000305,0.0894518792629242,0.10689770430326462,0.07493317127227783,0.06329654157161713,0.09344285726547241,0.10482043027877808,0.07673679292201996,0.07112055271863937,0.11824647337198257,0.1003890186548233,0.059958796948194504]}}
{"op_code":8,"worker_id":"b5ffdf04-e12a-4494-8b06-862cbba6d7e5-23408","trial_id":25,"user_attr":{"reg_kappa":3.0414704042018945}}
{"op_code":8,"worker_id":"0f311ff1-1cc9-4f44-a589-6c206e9defc5-22852","trial_id":71,"user_attr":{"reg_kappa":3.717399094521659}}
{"op_code":5,"worker_id":"f965c5d9-1486-4473-86c7-889c31627860-12024","trial_id":73,"param_name":"unified_alpha","param_value_internal":7.032529817122651e-05,"distribution":"{\"name\": \"FloatDistribution\", \"attributes\": {\"step\": null, \"low\": 1e-05, \"high\": 10.0, \"log\": true}}"}
{"op_code":8,"worker_id":"33eb82d2-ea9c-4c9e-b0a6-cb30e0f91239-4680","trial_id":70,"user_attr":{"constraints":[-0.0029626382482552975,0.030497017678099946,0.0,-0.005757575757575739,-0.1422127220713656,-32.0,-8.0,-0.027728103728103727,-0.09999999999999998,-1479.0803108234718,0.01705182072829131,0.044993894993895]}}
{"op_code":5,"worker_id":"f965c5d9-1486-4473-86c7-889c31627860-12024","trial_id":73,"param_name":"unified_rho","param_value_internal":0.5727433521799313,"distribution":"{\"name\": \"FloatDistribution\", \"attributes\": {\"step\": null, \"low\": 0.0, \"high\": 1.0, \"log\": false}}"}
{"op_code":8,"worker_id":"33eb82d2-ea9c-4c9e-b0a6-cb30e0f91239-4680","trial_id":70,"user_attr":{"pruned_reasons":["M2 (Yearly Tail IC Mean <= 0)","Yearly Daily Win Rate (43.29% < 45%)","Side-specific Yearly Daily Win Rate (40.50% < 45%)"]}}
{"op_code":5,"worker_id":"f965c5d9-1486-4473-86c7-889c31627860-12024","trial_id":73,"param_name":"unified_gamma","param_value_internal":26.283001355144627,"distribution":"{\"name\": \"FloatDistribution\", \"attributes\": {\"step\": null, \"low\": 1.5, \"high\": 10000.0, \"log\": true}}"}
{"op_code":8,"worker_id":"6ae193fb-4d41-403d-b245-87008f54824b-7108","trial_id":22,"user_attr":{"cv_oos_ics":[0.034558337181806564,0.007770610973238945,-0.05970929563045502,0.011333285830914974,-0.015628544613718987,0.013014407828450203,0.024111736565828323,-0.008571924641728401,0.024720562621951103,-0.031178155913949013,0.06595277041196823,0.06644649058580399,-0.006455568131059408,0.02262279950082302,0.05532597005367279]}}
{"op_code":8,"worker_id":"6ae193fb-4d41-403d-b245-87008f54824b-7108","trial_id":22,"user_attr":{"reg_kappa":3.0837135902855786}}
{"op_code":8,"worker_id":"0f311ff1-1cc9-4f44-a589-6c206e9defc5-22852","trial_id":71,"user_attr":{"raw_metrics":[-0.21973868232578897,-0.033120559546880625,0.6,0.0029054904987930465,0.27757575757575753,0.1422127220713656,-0.2871233323599307,-0.4157869219779968,0.4329481792717087]}}
{"op_code":8,"worker_id":"0f311ff1-1cc9-4f44-a589-6c206e9defc5-22852","trial_id":71,"user_attr":{"val_metrics":[0.053157772694768644,-0.2608068624321821,0.030303030303030304,0.2608603412973816,-6.600432555259741]}}
{"op_code":8,"worker_id":"a240e36b-4a96-4850-806d-3a195d47c77a-30084","trial_id":67,"user_attr":{"cv_is_ics":[0.09185230731964111,0.07518769055604935,0.10914134234189987,0.0377705879509449,0.08610028773546219,0.09913370758295059,0.07803165912628174,0.05167413875460625,0.09205220639705658,0.1026318371295929,0.06907790154218674,0.06927065551280975,0.1160493791103363,0.1013086661696434,0.04833463951945305]}}
{"op_code":8,"worker_id":"6ae193fb-4d41-403d-b245-87008f54824b-7108","trial_id":22,"user_attr":{"raw_metrics":[-0.20205366073195524,-0.03134791736566121,0.6,0.004941664253752353,0.16363636363636364,0.11214516341156325,-0.11396819659556719,-0.17640569806098938,0.4317577030812325]}}
{"op_code":8,"worker_id":"33eb82d2-ea9c-4c9e-b0a6-cb30e0f91239-4680","trial_id":70,"user_attr":{"gini":0.401315816742577}}
{"op_code":8,"worker_id":"a240e36b-4a96-4850-806d-3a195d47c77a-30084","trial_id":67,"user_attr":{"cv_oos_ics":[0.015100257471203804,0.0022823293693363667,-0.06947296857833862,0.008488524705171585,-0.01193501427769661,0.009927688166499138,0.0011363361263647676,-0.006246073171496391,0.015999143943190575,-0.01880510523915291,0.05672968551516533,0.06278015673160553,0.0022621778771281242,0.021125825121998787,0.06764408200979233]}}
{"op_code":8,"worker_id":"0f311ff1-1cc9-4f44-a589-6c206e9defc5-22852","trial_id":71,"user_attr":{"deflated_objective":-1.8502183366524885}}
{"op_code":9,"worker_id":"0f311ff1-1cc9-4f44-a589-6c206e9defc5-22852","trial_id":71,"system_attr":{"constraints":[-0.0029054904987930465,0.033120559546880625,0.0,-0.02757575757575753,-0.1422127220713656,-32.0,-8.0,-0.025162021162021164,-0.09999999999999998,-1483.2574124594335,0.01705182072829131,0.044993894993895]}}
{"op_code":8,"worker_id":"c6fe9a0e-922c-4845-9da1-98ff6c397111-14384","trial_id":72,"user_attr":{"constraints":[-0.0028891419522694183,0.03241127776840521,0.0,-0.020303030303030323,-0.13641076422567772,-32.0,-8.0,-0.024989892989892987,-0.09999999999999998,-1480.7018765413172,0.01705182072829131,0.044993894993895]}}
{"op_code":8,"worker_id":"947d4ce5-f5d4-4be7-a46f-52c041910efc-6576","trial_id":69,"user_attr":{"constraints":[-0.003156002857516102,0.028442680747347293,0.0,0.018484848484848465,-0.14295703528587203,-33.0,-8.0,-0.017537873537873536,-0.09999999999999998,-1477.4549880305963,0.02121848739495802,0.044993894993895]}}
{"op_code":8,"worker_id":"947d4ce5-f5d4-4be7-a46f-52c041910efc-6576","trial_id":69,"user_attr":{"pruned_reasons":["M2 (Yearly Tail IC Mean <= 0)","M5 (Monotonicity <= 0.25)","Yearly Daily Win Rate (42.88% < 45%)","Side-specific Yearly Daily Win Rate (40.50% < 45%)"]}}
{"op_code":8,"worker_id":"6ae193fb-4d41-403d-b245-87008f54824b-7108","trial_id":22,"user_attr":{"val_metrics":[0.06584992752192895,-0.29079896960009827,-0.05454545454545454,0.30142035872162576,-6.017033157992888]}}
{"op_code":5,"worker_id":"f965c5d9-1486-4473-86c7-889c31627860-12024","trial_id":73,"param_name":"huber_delta","param_value_internal":1.7747274348979438,"distribution":"{\"name\": \"FloatDistribution\", \"attributes\": {\"step\": null, \"low\": 0.5, \"high\": 5.0, \"log\": false}}"}
{"op_code":8,"worker_id":"a240e36b-4a96-4850-806d-3a195d47c77a-30084","trial_id":67,"user_attr":{"reg_kappa":3.704840081516116}}
{"op_code":8,"worker_id":"a240e36b-4a96-4850-806d-3a195d47c77a-30084","trial_id":67,"user_attr":{"raw_metrics":[-0.16003412412063564,-0.022614226686250218,0.6,0.004927540481923965,0.2048484848484849,0.10404052910861412,-0.2828806298514024,-0.4183420240879059,0.4246148459383753]}}
{"op_code":6,"worker_id":"0f311ff1-1cc9-4f44-a589-6c206e9defc5-22852","trial_id":71,"state":1,"values":[-1.3723773476385925],"datetime_complete":"2026-07-14T11:43:15.196105"}
{"op_code":8,"worker_id":"c6fe9a0e-922c-4845-9da1-98ff6c397111-14384","trial_id":72,"user_attr":{"pruned_reasons":["M2 (Yearly Tail IC Mean <= 0)","Yearly Daily Win Rate (43.29% < 45%)","Side-specific Yearly Daily Win Rate (40.50% < 45%)"]}}
{"op_code":8,"worker_id":"a240e36b-4a96-4850-806d-3a195d47c77a-30084","trial_id":67,"user_attr":{"val_metrics":[0.05369764658772181,-0.29803952612660756,0.15151515151515152,0.12550748433526335,-6.166543633463295]}}
{"op_code":8,"worker_id":"947d4ce5-f5d4-4be7-a46f-52c041910efc-6576","trial_id":69,"user_attr":{"gini":0.43883245786443137}}
{"op_code":8,"worker_id":"c6fe9a0e-922c-4845-9da1-98ff6c397111-14384","trial_id":72,"user_attr":{"gini":0.4004002785077285}}
{"op_code":8,"worker_id":"7cefb364-4232-4171-aebe-03ef6193f642-16052","trial_id":62,"user_attr":{"gini":0.40054916139800656}}
{"op_code":8,"worker_id":"a240e36b-4a96-4850-806d-3a195d47c77a-30084","trial_id":67,"user_attr":{"deflated_objective":-1.6725669784764363}}
{"op_code":8,"worker_id":"7cefb364-4232-4171-aebe-03ef6193f642-16052","trial_id":62,"user_attr":{"cv_is_ics":[0.09157019853591919,0.07631215453147888,0.10864561051130295,0.039280276745557785,0.0862250104546547,0.10059414058923721,0.07834865897893906,0.053140562027692795,0.0932658240199089,0.10415241122245789,0.07060813158750534,0.07112432271242142,0.11821631342172623,0.10178371518850327,0.04999914765357971]}}
{"op_code":4,"worker_id":"10e4bc81-f365-40e5-9cd1-2c9554e79ad5-18156","study_id":0,"datetime_start":"2026-07-14T11:43:15.214022"}
{"op_code":8,"worker_id":"c6fe9a0e-922c-4845-9da1-98ff6c397111-14384","trial_id":72,"user_attr":{"cv_is_ics":[0.09283237159252167,0.07885425537824631,0.11068281531333923,0.03889875486493111,0.08720006048679352,0.10156508535146713,0.07959858328104019,0.05319144204258919,0.09512986242771149,0.10532847791910172,0.07321059703826904,0.0720541700720787,0.11897602677345276,0.10077790170907974,0.048092395067214966]}}
{"op_code":5,"worker_id":"10e4bc81-f365-40e5-9cd1-2c9554e79ad5-18156","trial_id":74,"param_name":"k_weight","param_value_internal":1.2915427758108038,"distribution":"{\"name\": \"FloatDistribution\", \"attributes\": {\"step\": null, \"low\": 0.0, \"high\": 1.5, \"log\": false}}"}
{"op_code":8,"worker_id":"c6fe9a0e-922c-4845-9da1-98ff6c397111-14384","trial_id":72,"user_attr":{"cv_oos_ics":[0.01661290042102337,-0.0031820223666727543,-0.07133112847805023,-0.0009864583844318986,-0.015857204794883728,0.006521198432892561,0.00044305913615971804,-0.006632036063820124,0.010169832035899162,-0.019825149327516556,0.04767956957221031,0.06456531584262848,0.001165444846265018,0.020702913403511047,0.06181934475898743]}}
{"op_code":4,"worker_id":"62852146-12a0-4ed8-8834-18eea9fad41e-22852","study_id":0,"datetime_start":"2026-07-14T11:43:15.216133"}
{"op_code":8,"worker_id":"6ae193fb-4d41-403d-b245-87008f54824b-7108","trial_id":22,"user_attr":{"deflated_objective":-1.6355635842637373}}
{"op_code":9,"worker_id":"a240e36b-4a96-4850-806d-3a195d47c77a-30084","trial_id":67,"system_attr":{"constraints":[-0.004927540481923965,0.022614226686250218,0.0,0.04515151515151511,-0.10404052910861412,-32.0,-8.0,0.018878682878682874,-0.09999999999999998,-1478.3328949038355,0.025385154061624726,0.02777777777777779]}}
{"op_code":9,"worker_id":"6ae193fb-4d41-403d-b245-87008f54824b-7108","trial_id":22,"system_attr":{"constraints":[-0.004941664253752353,0.03134791736566121,0.0,0.08636363636363636,-0.11214516341156325,-101.0,-8.0,0.007928215928215932,0.09999999999999998,-1230.4160994895485,0.018242296918767498,0.056654456654456675]}}
{"op_code":6,"worker_id":"6ae193fb-4d41-403d-b245-87008f54824b-7108","trial_id":22,"state":1,"values":[-1.158230064622565],"datetime_complete":"2026-07-14T11:43:15.226036"}
{"op_code":5,"worker_id":"62852146-12a0-4ed8-8834-18eea9fad41e-22852","trial_id":75,"param_name":"k_weight","param_value_internal":1.2822888322118162,"distribution":"{\"name\": \"FloatDistribution\", \"attributes\": {\"step\": null, \"low\": 0.0, \"high\": 1.5, \"log\": false}}"}
{"op_code":4,"worker_id":"a947bcfa-b6e4-4908-905f-afb8bb78046e-19068","study_id":0,"datetime_start":"2026-07-14T11:43:15.218734"}
{"op_code":8,"worker_id":"c6fe9a0e-922c-4845-9da1-98ff6c397111-14384","trial_id":72,"user_attr":{"reg_kappa":3.710984329044079}}
{"op_code":5,"worker_id":"62852146-12a0-4ed8-8834-18eea9fad41e-22852","trial_id":75,"param_name":"unified_alpha","param_value_internal":0.00010832263964032864,"distribution":"{\"name\": \"FloatDistribution\", \"attributes\": {\"step\": null, \"low\": 1e-05, \"high\": 10.0, \"log\": true}}"}
{"op_code":8,"worker_id":"7cefb364-4232-4171-aebe-03ef6193f642-16052","trial_id":62,"user_attr":{"cv_oos_ics":[0.016657402738928795,-0.0011035900097340345,-0.06577441841363907,0.004086196422576904,-0.012326706200838089,0.010659868828952312,0.002031130949035287,-0.005735001526772976,0.015129457227885723,-0.020511290058493614,0.05361595377326012,0.065085768699646,-0.0007251843926496804,0.02299562096595764,0.06096339225769043]}}
{"op_code":8,"worker_id":"c6fe9a0e-922c-4845-9da1-98ff6c397111-14384","trial_id":72,"user_attr":{"raw_metrics":[-0.21759290239657966,-0.03241127776840521,0.6,0.0028891419522694183,0.2703030303030303,0.13641076422567772,-0.28491835712312613,-0.4133387804031372,0.4329481792717087]}}
{"op_code":8,"worker_id":"c6fe9a0e-922c-4845-9da1-98ff6c397111-14384","trial_id":72,"user_attr":{"val_metrics":[0.05368340424264803,-0.2582628014961387,0.030303030303030304,0.2608603412973816,-6.635507707363987]}}
{"op_code":5,"worker_id":"a947bcfa-b6e4-4908-905f-afb8bb78046e-19068","trial_id":76,"param_name":"k_weight","param_value_internal":1.4446950233601648,"distribution":"{\"name\": \"FloatDistribution\", \"attributes\": {\"step\": null, \"low\": 0.0, \"high\": 1.5, \"log\": false}}"}
{"op_code":5,"worker_id":"62852146-12a0-4ed8-8834-18eea9fad41e-22852","trial_id":75,"param_name":"unified_rho","param_value_internal":0.9008142990077403,"distribution":"{\"name\": \"FloatDistribution\", \"attributes\": {\"step\": null, \"low\": 0.0, \"high\": 1.0, \"log\": false}}"}
{"op_code":5,"worker_id":"a947bcfa-b6e4-4908-905f-afb8bb78046e-19068","trial_id":76,"param_name":"unified_alpha","param_value_internal":7.89430720100315e-05,"distribution":"{\"name\": \"FloatDistribution\", \"attributes\": {\"step\": null, \"low\": 1e-05, \"high\": 10.0, \"log\": true}}"}
{"op_code":8,"worker_id":"c6fe9a0e-922c-4845-9da1-98ff6c397111-14384","trial_id":72,"user_attr":{"deflated_objective":-1.8504664757915623}}
{"op_code":6,"worker_id":"a240e36b-4a96-4850-806d-3a195d47c77a-30084","trial_id":67,"state":1,"values":[-1.2015396449043605],"datetime_complete":"2026-07-14T11:43:15.225245"}
{"op_code":8,"worker_id":"947d4ce5-f5d4-4be7-a46f-52c041910efc-6576","trial_id":69,"user_attr":{"cv_is_ics":[0.09228768199682236,0.07634027302265167,0.11024843156337738,0.038555555045604706,0.08623531460762024,0.10113157331943512,0.07846160978078842,0.05317094922065735,0.0949966311454773,0.10456811636686325,0.07025333493947983,0.0713728740811348,0.11894635856151581,0.10187523066997528,0.04729929938912392]}}
{"op_code":5,"worker_id":"a947bcfa-b6e4-4908-905f-afb8bb78046e-19068","trial_id":76,"param_name":"unified_rho","param_value_internal":0.9320098815328445,"distribution":"{\"name\": \"FloatDistribution\", \"attributes\": {\"step\": null, \"low\": 0.0, \"high\": 1.0, \"log\": false}}"}
{"op_code":8,"worker_id":"f965c5d9-1486-4473-86c7-889c31627860-12024","trial_id":73,"user_attr":{"constraints":[-0.0024999479021267064,0.040704700475534705,0.0,0.07181818181818181,-0.10810213779379987,-39.0,-8.0,-0.005774177774177774,-0.09999999999999998,-1437.2476419672403,0.02121848739495802,0.044993894993895]}}
{"op_code":5,"worker_id":"62852146-12a0-4ed8-8834-18eea9fad41e-22852","trial_id":75,"param_name":"unified_gamma","param_value_internal":25.24918146161254,"distribution":"{\"name\": \"FloatDistribution\", \"attributes\": {\"step\": null, \"low\": 1.5, \"high\": 10000.0, \"log\": true}}"}
{"op_code":8,"worker_id":"947d4ce5-f5d4-4be7-a46f-52c041910efc-6576","trial_id":69,"user_attr":{"cv_oos_ics":[0.014266758225858212,-0.006310306489467621,-0.07000279426574707,-0.0019291146891191602,-0.01602800562977791,0.00615566736087203,0.0011896543437615037,-0.004256364423781633,0.013478330336511135,-0.020597495138645172,0.0473020039498806,0.06540670245885849,0.0008952150819823146,0.021204635500907898,0.06507456302642822]}}
{"op_code":5,"worker_id":"62852146-12a0-4ed8-8834-18eea9fad41e-22852","trial_id":75,"param_name":"huber_delta","param_value_internal":1.9547728363396957,"distribution":"{\"name\": \"FloatDistribution\", \"attributes\": {\"step\": null, \"low\": 0.5, \"high\": 5.0, \"log\": false}}"}
{"op_code":5,"worker_id":"a947bcfa-b6e4-4908-905f-afb8bb78046e-19068","trial_id":76,"param_name":"unified_gamma","param_value_internal":48.19415323818661,"distribution":"{\"name\": \"FloatDistribution\", \"attributes\": {\"step\": null, \"low\": 1.5, \"high\": 10000.0, \"log\": true}}"}
{"op_code":4,"worker_id":"908764f9-e674-49ab-bf3b-7d34b74c3eb9-30084","study_id":0,"datetime_start":"2026-07-14T11:43:15.252973"}
{"op_code":5,"worker_id":"a947bcfa-b6e4-4908-905f-afb8bb78046e-19068","trial_id":76,"param_name":"huber_delta","param_value_internal":1.7954403214826302,"distribution":"{\"name\": \"FloatDistribution\", \"attributes\": {\"step\": null, \"low\": 0.5, \"high\": 5.0, \"log\": false}}"}
{"op_code":5,"worker_id":"908764f9-e674-49ab-bf3b-7d34b74c3eb9-30084","trial_id":77,"param_name":"k_weight","param_value_internal":1.3056816043649702,"distribution":"{\"name\": \"FloatDistribution\", \"attributes\": {\"step\": null, \"low\": 0.0, \"high\": 1.5, \"log\": false}}"}
{"op_code":8,"worker_id":"f965c5d9-1486-4473-86c7-889c31627860-12024","trial_id":73,"user_attr":{"pruned_reasons":["M2 (Yearly Tail IC Mean <= 0)","M5 (Monotonicity <= 0.25)","Yearly Daily Win Rate (42.88% < 45%)","Side-specific Yearly Daily Win Rate (40.50% < 45%)"]}}
{"op_code":8,"worker_id":"33eb82d2-ea9c-4c9e-b0a6-cb30e0f91239-4680","trial_id":70,"user_attr":{"cv_is_ics":[0.09277673810720444,0.0786450132727623,0.10990899801254272,0.038263287395238876,0.08689391613006592,0.10126939415931702,0.07935240864753723,0.05273463577032089,0.09468140453100204,0.10490290075540543,0.0733066126704216,0.07160890847444534,0.1185523048043251,0.10094648599624634,0.048051200807094574]}}
{"op_code":5,"worker_id":"908764f9-e674-49ab-bf3b-7d34b74c3eb9-30084","trial_id":77,"param_name":"unified_alpha","param_value_internal":8.45301086619514e-05,"distribution":"{\"name\": \"FloatDistribution\", \"attributes\": {\"step\": null, \"low\": 1e-05, \"high\": 10.0, \"log\": true}}"}
{"op_code":8,"worker_id":"947d4ce5-f5d4-4be7-a46f-52c041910efc-6576","trial_id":69,"user_attr":{"reg_kappa":3.6848625858587534}}
{"op_code":8,"worker_id":"33eb82d2-ea9c-4c9e-b0a6-cb30e0f91239-4680","trial_id":70,"user_attr":{"cv_oos_ics":[0.01635092683136463,-0.00311652896925807,-0.07057459652423859,-0.0007684271549805999,-0.016427190974354744,0.007828964851796627,0.0009124275529757142,-0.005738640204071999,0.011453825980424881,-0.019480330869555473,0.04832526668906212,0.06479036808013916,0.0015049465000629425,0.020872605964541435,0.06285039335489273]}}
{"op_code":8,"worker_id":"33eb82d2-ea9c-4c9e-b0a6-cb30e0f91239-4680","trial_id":70,"user_attr":{"reg_kappa":3.7069168071435294}}
{"op_code":8,"worker_id":"33eb82d2-ea9c-4c9e-b0a6-cb30e0f91239-4680","trial_id":70,"user_attr":{"raw_metrics":[-0.202912949440296,-0.030497017678099946,0.6,0.0029626382482552975,0.25575757575757574,0.1422127220713656,-0.2835229852763846,-0.4114333987236023,0.4329481792717087]}}
{"op_code":8,"worker_id":"33eb82d2-ea9c-4c9e-b0a6-cb30e0f91239-4680","trial_id":70,"user_attr":{"val_metrics":[0.054182776466797616,-0.25602005283664875,0.22424242424242424,0.24216662867980052,-6.64810922887381]}}
{"op_code":8,"worker_id":"7cefb364-4232-4171-aebe-03ef6193f642-16052","trial_id":62,"user_attr":{"reg_kappa":3.584360435244017}}
{"op_code":8,"worker_id":"7cefb364-4232-4171-aebe-03ef6193f642-16052","trial_id":62,"user_attr":{"raw_metrics":[-0.10894066168463465,-0.016442158623826593,0.6,0.004714337156039717,0.22424242424242422,0.11212382435777253,-0.2429312235731977,-0.37302735447883606,0.4204481792717087]}}
{"op_code":8,"worker_id":"33eb82d2-ea9c-4c9e-b0a6-cb30e0f91239-4680","trial_id":70,"user_attr":{"deflated_objective":-1.8286556250045973}}
{"op_code":9,"worker_id":"33eb82d2-ea9c-4c9e-b0a6-cb30e0f91239-4680","trial_id":70,"system_attr":{"constraints":[-0.0029626382482552975,0.030497017678099946,0.0,-0.005757575757575739,-0.1422127220713656,-32.0,-8.0,-0.027728103728103727,-0.09999999999999998,-1479.0803108234718,0.01705182072829131,0.044993894993895]}}
{"op_code":8,"worker_id":"7cefb364-4232-4171-aebe-03ef6193f642-16052","trial_id":62,"user_attr":{"val_metrics":[0.05309724272820506,-0.139845081269913,0.16363636363636364,0.14029654960040058,-7.177733681698211]}}
{"op_code":6,"worker_id":"33eb82d2-ea9c-4c9e-b0a6-cb30e0f91239-4680","trial_id":70,"state":1,"values":[-1.3700368534750988],"datetime_complete":"2026-07-14T11:43:15.273779"}
{"op_code":9,"worker_id":"c6fe9a0e-922c-4845-9da1-98ff6c397111-14384","trial_id":72,"system_attr":{"constraints":[-0.0028891419522694183,0.03241127776840521,0.0,-0.020303030303030323,-0.13641076422567772,-32.0,-8.0,-0.024989892989892987,-0.09999999999999998,-1480.7018765413172,0.01705182072829131,0.044993894993895]}}
{"op_code":8,"worker_id":"7cefb364-4232-4171-aebe-03ef6193f642-16052","trial_id":62,"user_attr":{"deflated_objective":-2.001853933906474}}
{"op_code":6,"worker_id":"c6fe9a0e-922c-4845-9da1-98ff6c397111-14384","trial_id":72,"state":1,"values":[-1.3853372209497898],"datetime_complete":"2026-07-14T11:43:15.278360"}
{"op_code":9,"worker_id":"7cefb364-4232-4171-aebe-03ef6193f642-16052","trial_id":62,"system_attr":{"constraints":[-0.004714337156039717,0.016442158623826593,0.0,0.025757575757575785,-0.11212382435777253,-40.0,-8.0,-6.288006288006631e-05,-0.09999999999999998,-1430.2570587847267,0.029551820728291323,0.03730158730158728]}}
{"op_code":6,"worker_id":"7cefb364-4232-4171-aebe-03ef6193f642-16052","trial_id":62,"state":1,"values":[-1.5415858053954752],"datetime_complete":"2026-07-14T11:43:15.280788"}
{"op_code":4,"worker_id":"444ae33d-4eaa-4793-81b1-204a628afb8a-4680","study_id":0,"datetime_start":"2026-07-14T11:43:15.283804"}
{"op_code":5,"worker_id":"10e4bc81-f365-40e5-9cd1-2c9554e79ad5-18156","trial_id":74,"param_name":"unified_alpha","param_value_internal":9.212488288969621e-05,"distribution":"{\"name\": \"FloatDistribution\", \"attributes\": {\"step\": null, \"low\": 1e-05, \"high\": 10.0, \"log\": true}}"}
{"op_code":5,"worker_id":"444ae33d-4eaa-4793-81b1-204a628afb8a-4680","trial_id":78,"param_name":"k_weight","param_value_internal":1.3094741093090936,"distribution":"{\"name\": \"FloatDistribution\", \"attributes\": {\"step\": null, \"low\": 0.0, \"high\": 1.5, \"log\": false}}"}
{"op_code":5,"worker_id":"10e4bc81-f365-40e5-9cd1-2c9554e79ad5-18156","trial_id":74,"param_name":"unified_rho","param_value_internal":0.9402641439033904,"distribution":"{\"name\": \"FloatDistribution\", \"attributes\": {\"step\": null, \"low\": 0.0, \"high\": 1.0, \"log\": false}}"}
{"op_code":5,"worker_id":"444ae33d-4eaa-4793-81b1-204a628afb8a-4680","trial_id":78,"param_name":"unified_alpha","param_value_internal":7.225682670177735e-05,"distribution":"{\"name\": \"FloatDistribution\", \"attributes\": {\"step\": null, \"low\": 1e-05, \"high\": 10.0, \"log\": true}}"}
{"op_code":5,"worker_id":"10e4bc81-f365-40e5-9cd1-2c9554e79ad5-18156","trial_id":74,"param_name":"unified_gamma","param_value_internal":28.64012483069922,"distribution":"{\"name\": \"FloatDistribution\", \"attributes\": {\"step\": null, \"low\": 1.5, \"high\": 10000.0, \"log\": true}}"}
{"op_code":5,"worker_id":"444ae33d-4eaa-4793-81b1-204a628afb8a-4680","trial_id":78,"param_name":"unified_rho","param_value_internal":0.9336191333571824,"distribution":"{\"name\": \"FloatDistribution\", \"attributes\": {\"step\": null, \"low\": 0.0, \"high\": 1.0, \"log\": false}}"}
{"op_code":8,"worker_id":"62852146-12a0-4ed8-8834-18eea9fad41e-22852","trial_id":75,"user_attr":{"constraints":[-0.003718384882967106,0.024073131687144273,0.0,0.047575757575757605,-0.1160495597547708,-39.0,-8.0,-0.02456035256035256,-0.30000000000000004,-1433.377395411922,0.025385154061624726,0.044993894993895]}}
{"op_code":8,"worker_id":"62852146-12a0-4ed8-8834-18eea9fad41e-22852","trial_id":75,"user_attr":{"pruned_reasons":["M2 (Yearly Tail IC Mean <= 0)","M5 (Monotonicity <= 0.25)","Yearly Daily Win Rate (42.46% < 45%)","Side-specific Yearly Daily Win Rate (40.50% < 45%)"]}}
{"op_code":4,"worker_id":"0aff5587-1f13-455a-84e6-e1b78e7c02ba-14384","study_id":0,"datetime_start":"2026-07-14T11:43:15.287961"}
{"op_code":8,"worker_id":"62852146-12a0-4ed8-8834-18eea9fad41e-22852","trial_id":75,"user_attr":{"gini":0.3997539261556424}}
{"op_code":5,"worker_id":"0aff5587-1f13-455a-84e6-e1b78e7c02ba-14384","trial_id":79,"param_name":"k_weight","param_value_internal":1.3068005372241913,"distribution":"{\"name\": \"FloatDistribution\", \"attributes\": {\"step\": null, \"low\": 0.0, \"high\": 1.5, \"log\": false}}"}
{"op_code":5,"worker_id":"0aff5587-1f13-455a-84e6-e1b78e7c02ba-14384","trial_id":79,"param_name":"unified_alpha","param_value_internal":7.31888041389251e-05,"distribution":"{\"name\": \"FloatDistribution\", \"attributes\": {\"step\": null, \"low\": 1e-05, \"high\": 10.0, \"log\": true}}"}
{"op_code":5,"worker_id":"444ae33d-4eaa-4793-81b1-204a628afb8a-4680","trial_id":78,"param_name":"unified_gamma","param_value_internal":109.91139347061477,"distribution":"{\"name\": \"FloatDistribution\", \"attributes\": {\"step\": null, \"low\": 1.5, \"high\": 10000.0, \"log\": true}}"}
{"op_code":8,"worker_id":"62852146-12a0-4ed8-8834-18eea9fad41e-22852","trial_id":75,"user_attr":{"cv_is_ics":[0.09185551106929779,0.07716209441423416,0.10887166112661362,0.039476338773965836,0.08712637424468994,0.10155758261680603,0.07969337701797485,0.05386222153902054,0.09437481313943863,0.10510405153036118,0.07282054424285889,0.07147963345050812,0.11952999979257584,0.10156222432851791,0.04964803159236908]}}
{"op_code":5,"worker_id":"0aff5587-1f13-455a-84e6-e1b78e7c02ba-14384","trial_id":79,"param_name":"unified_rho","param_value_internal":0.9153153566982997,"distribution":"{\"name\": \"FloatDistribution\", \"attributes\": {\"step\": null, \"low\": 0.0, \"high\": 1.0, \"log\": false}}"}
{"op_code":8,"worker_id":"a947bcfa-b6e4-4908-905f-afb8bb78046e-19068","trial_id":76,"user_attr":{"constraints":[-0.002891822274031143,0.033715901621103314,0.0,-0.020303030303030323,-0.13641076422567772,-31.0,-8.0,-0.026231750231750235,-0.09999999999999998,-1487.0321266988747,0.01705182072829131,0.044993894993895]}}
{"op_code":5,"worker_id":"0aff5587-1f13-455a-84e6-e1b78e7c02ba-14384","trial_id":79,"param_name":"unified_gamma","param_value_internal":110.66982268074146,"distribution":"{\"name\": \"FloatDistribution\", \"attributes\": {\"step\": null, \"low\": 1.5, \"high\": 10000.0, \"log\": true}}"}
{"op_code":8,"worker_id":"a947bcfa-b6e4-4908-905f-afb8bb78046e-19068","trial_id":76,"user_attr":{"pruned_reasons":["M2 (Yearly Tail IC Mean <= 0)","Yearly Daily Win Rate (43.29% < 45%)","Side-specific Yearly Daily Win Rate (40.50% < 45%)"]}}
{"op_code":8,"worker_id":"a947bcfa-b6e4-4908-905f-afb8bb78046e-19068","trial_id":76,"user_attr":{"gini":0.40103524806653423}}
{"op_code":8,"worker_id":"a947bcfa-b6e4-4908-905f-afb8bb78046e-19068","trial_id":76,"user_attr":{"cv_is_ics":[0.09271080791950226,0.07881692796945572,0.11095763742923737,0.03920593485236168,0.08727600425481796,0.10148189961910248,0.07940632849931717,0.053358130156993866,0.09499728679656982,0.10511062294244766,0.07335422933101654,0.07222174108028412,0.11889282613992691,0.10101848840713501,0.04812527820467949]}}
{"op_code":4,"worker_id":"50a62a4d-f272-4cd1-a1d8-2220a201759d-7108","study_id":0,"datetime_start":"2026-07-14T11:43:15.311733"}
{"op_code":5,"worker_id":"444ae33d-4eaa-4793-81b1-204a628afb8a-4680","trial_id":78,"param_name":"huber_delta","param_value_internal":1.7756476398878271,"distribution":"{\"name\": \"FloatDistribution\", \"attributes\": {\"step\": null, \"low\": 0.5, \"high\": 5.0, \"log\": false}}"}
{"op_code":5,"worker_id":"50a62a4d-f272-4cd1-a1d8-2220a201759d-7108","trial_id":80,"param_name":"k_weight","param_value_internal":1.2834071097290594,"distribution":"{\"name\": \"FloatDistribution\", \"attributes\": {\"step\": null, \"low\": 0.0, \"high\": 1.5, \"log\": false}}"}
{"op_code":8,"worker_id":"a947bcfa-b6e4-4908-905f-afb8bb78046e-19068","trial_id":76,"user_attr":{"cv_oos_ics":[0.016637390479445457,-0.0028922006022185087,-0.07158442586660385,-0.0006004955503158271,-0.017029782757163048,0.00617595948278904,0.0004703479935415089,-0.005691199563443661,0.009888308122754097,-0.01940014399588108,0.047838546335697174,0.06481923162937164,0.001466462155804038,0.019990986213088036,0.062059659510850906]}}
{"op_code":8,"worker_id":"a947bcfa-b6e4-4908-905f-afb8bb78046e-19068","trial_id":76,"user_attr":{"reg_kappa":3.7268645425803646}}
{"op_code":8,"worker_id":"a947bcfa-b6e4-4908-905f-afb8bb78046e-19068","trial_id":76,"user_attr":{"raw_metrics":[-0.22453146422850176,-0.033715901621103314,0.6,0.002891822274031143,0.2703030303030303,0.13641076422567772,-0.29039365070654455,-0.4191688597202301,0.4329481792717087]}}
{"op_code":8,"worker_id":"a947bcfa-b6e4-4908-905f-afb8bb78046e-19068","trial_id":76,"user_attr":{"val_metrics":[0.05392819454860371,-0.25914855305793355,0.030303030303030304,0.2608603412973816,-6.627224641368003]}}
{"op_code":8,"worker_id":"62852146-12a0-4ed8-8834-18eea9fad41e-22852","trial_id":75,"user_attr":{"cv_oos_ics":[0.017970487475395203,-0.0037742608692497015,-0.06618557125329971,0.0017175207613036036,-0.013803424313664436,0.009359380230307579,0.0017152797663584352,-0.006580117158591747,0.013307389803230762,-0.021082116290926933,0.04952457919716835,0.06502915918827057,-0.0003291458124294877,0.022772373631596565,0.06051495298743248]}}
{"op_code":8,"worker_id":"62852146-12a0-4ed8-8834-18eea9fad41e-22852","trial_id":75,"user_attr":{"reg_kappa":3.5923616681561295}}
{"op_code":8,"worker_id":"62852146-12a0-4ed8-8834-18eea9fad41e-22852","trial_id":75,"user_attr":{"raw_metrics":[-0.16319002754323614,-0.024073131687144273,0.6,0.003718384882967106,0.2024242424242424,0.1160495597547708,-0.24544105642720332,-0.372597336769104,0.4246148459383753]}}
{"op_code":5,"worker_id":"0aff5587-1f13-455a-84e6-e1b78e7c02ba-14384","trial_id":79,"param_name":"huber_delta","param_value_internal":1.2360183770428064,"distribution":"{\"name\": \"FloatDistribution\", \"attributes\": {\"step\": null, \"low\": 0.5, \"high\": 5.0, \"log\": false}}"}
{"op_code":8,"worker_id":"f965c5d9-1486-4473-86c7-889c31627860-12024","trial_id":73,"user_attr":{"gini":0.39206950964964005}}
{"op_code":8,"worker_id":"f965c5d9-1486-4473-86c7-889c31627860-12024","trial_id":73,"user_attr":{"cv_is_ics":[0.09158127009868622,0.07901323586702347,0.11008962988853455,0.04143970087170601,0.0881202444434166,0.10393356531858444,0.08096892386674881,0.05589345097541809,0.09719212353229523,0.10690861195325851,0.07677047699689865,0.0736038014292717,0.12070212513208389,0.10127474367618561,0.04927196353673935]}}
{"op_code":8,"worker_id":"947d4ce5-f5d4-4be7-a46f-52c041910efc-6576","trial_id":69,"user_attr":{"raw_metrics":[-0.1832168228994616,-0.028442680747347293,0.6,0.003156002857516102,0.23151515151515153,0.14295703528587203,-0.28211192548786584,-0.4032207131385803,0.428781512605042]}}
{"op_code":8,"worker_id":"f965c5d9-1486-4473-86c7-889c31627860-12024","trial_id":73,"user_attr":{"cv_oos_ics":[0.01975937746465206,-0.00784841924905777,-0.06695959717035294,-0.0015663823578506708,-0.017093053087592125,0.004524353425949812,0.0008592492085881531,-0.00831722840666771,0.00877289567142725,-0.022549698129296303,0.04418155550956726,0.06764904409646988,-0.0005653694970533252,0.0228640865534544,0.058259010314941406]}}
{"op_code":8,"worker_id":"f965c5d9-1486-4473-86c7-889c31627860-12024","trial_id":73,"user_attr":{"reg_kappa":3.6019483342734135}}
{"op_code":8,"worker_id":"62852146-12a0-4ed8-8834-18eea9fad41e-22852","trial_id":75,"user_attr":{"val_metrics":[0.05238868606078425,-0.19303896540625806,0.15151515151515152,0.25021044809735665,-6.6895865923897935]}}
{"op_code":8,"worker_id":"f965c5d9-1486-4473-86c7-889c31627860-12024","trial_id":73,"user_attr":{"raw_metrics":[-0.26959451947587176,-0.040704700475534705,0.6,0.0024999479021267064,0.1781818181818182,0.10810213779379987,-0.24857044742318754,-0.3722771406173706,0.428781512605042]}}
{"op_code":8,"worker_id":"f965c5d9-1486-4473-86c7-889c31627860-12024","trial_id":73,"user_attr":{"val_metrics":[0.05239002128063492,-0.16312316275501562,0.24848484848484848,0.3105539692181122,-6.8300101257488395]}}
{"op_code":8,"worker_id":"62852146-12a0-4ed8-8834-18eea9fad41e-22852","trial_id":75,"user_attr":{"deflated_objective":-1.811901039348546}}
{"op_code":8,"worker_id":"947d4ce5-f5d4-4be7-a46f-52c041910efc-6576","trial_id":69,"user_attr":{"val_metrics":[0.05064711430223047,-0.2193611467819201,0.24848484848484848,0.19172702435458056,-7.117311484744708]}}
{"op_code":8,"worker_id":"f965c5d9-1486-4473-86c7-889c31627860-12024","trial_id":73,"user_attr":{"deflated_objective":-1.846620133951944}}
{"op_code":9,"worker_id":"62852146-12a0-4ed8-8834-18eea9fad41e-22852","trial_id":75,"system_attr":{"constraints":[-0.003718384882967106,0.024073131687144273,0.0,0.047575757575757605,-0.1160495597547708,-39.0,-8.0,-0.02456035256035256,-0.30000000000000004,-1433.377395411922,0.025385154061624726,0.044993894993895]}}
{"op_code":6,"worker_id":"62852146-12a0-4ed8-8834-18eea9fad41e-22852","trial_id":75,"state":1,"values":[-1.3688875002227792],"datetime_complete":"2026-07-14T11:43:15.343870"}
{"op_code":8,"worker_id":"947d4ce5-f5d4-4be7-a46f-52c041910efc-6576","trial_id":69,"user_attr":{"deflated_objective":-1.9854985324580072}}
{"op_code":9,"worker_id":"947d4ce5-f5d4-4be7-a46f-52c041910efc-6576","trial_id":69,"system_attr":{"constraints":[-0.003156002857516102,0.028442680747347293,0.0,0.018484848484848465,-0.14295703528587203,-33.0,-8.0,-0.017537873537873536,-0.09999999999999998,-1477.4549880305963,0.02121848739495802,0.044993894993895]}}
{"op_code":9,"worker_id":"f965c5d9-1486-4473-86c7-889c31627860-12024","trial_id":73,"system_attr":{"constraints":[-0.0024999479021267064,0.040704700475534705,0.0,0.07181818181818181,-0.10810213779379987,-39.0,-8.0,-0.005774177774177774,-0.09999999999999998,-1437.2476419672403,0.02121848739495802,0.044993894993895]}}
{"op_code":6,"worker_id":"f965c5d9-1486-4473-86c7-889c31627860-12024","trial_id":73,"state":1,"values":[-1.4033934892834956],"datetime_complete":"2026-07-14T11:43:15.348385"}
{"op_code":5,"worker_id":"50a62a4d-f272-4cd1-a1d8-2220a201759d-7108","trial_id":80,"param_name":"unified_alpha","param_value_internal":8.484390763151647e-05,"distribution":"{\"name\": \"FloatDistribution\", \"attributes\": {\"step\": null, \"low\": 1e-05, \"high\": 10.0, \"log\": true}}"}
{"op_code":6,"worker_id":"947d4ce5-f5d4-4be7-a46f-52c041910efc-6576","trial_id":69,"state":1,"values":[-1.540983517176686],"datetime_complete":"2026-07-14T11:43:15.347507"}
{"op_code":5,"worker_id":"50a62a4d-f272-4cd1-a1d8-2220a201759d-7108","trial_id":80,"param_name":"unified_rho","param_value_internal":0.942895063648429,"distribution":"{\"name\": \"FloatDistribution\", \"attributes\": {\"step\": null, \"low\": 0.0, \"high\": 1.0, \"log\": false}}"}
{"op_code":4,"worker_id":"e5f0bf9e-fed3-445b-bf89-227a3cf3b752-22852","study_id":0,"datetime_start":"2026-07-14T11:43:15.353281"}
{"op_code":5,"worker_id":"50a62a4d-f272-4cd1-a1d8-2220a201759d-7108","trial_id":80,"param_name":"unified_gamma","param_value_internal":26.58704402964182,"distribution":"{\"name\": \"FloatDistribution\", \"attributes\": {\"step\": null, \"low\": 1.5, \"high\": 10000.0, \"log\": true}}"}
{"op_code":5,"worker_id":"e5f0bf9e-fed3-445b-bf89-227a3cf3b752-22852","trial_id":81,"param_name":"k_weight","param_value_internal":1.4572072509539327,"distribution":"{\"name\": \"FloatDistribution\", \"attributes\": {\"step\": null, \"low\": 0.0, \"high\": 1.5, \"log\": false}}"}
{"op_code":5,"worker_id":"50a62a4d-f272-4cd1-a1d8-2220a201759d-7108","trial_id":80,"param_name":"huber_delta","param_value_internal":1.772579474592439,"distribution":"{\"name\": \"FloatDistribution\", \"attributes\": {\"step\": null, \"low\": 0.5, \"high\": 5.0, \"log\": false}}"}
{"op_code":4,"worker_id":"fab0a566-5d01-4e05-ab71-1f8c73ccb5df-12024","study_id":0,"datetime_start":"2026-07-14T11:43:15.357534"}
{"op_code":5,"worker_id":"10e4bc81-f365-40e5-9cd1-2c9554e79ad5-18156","trial_id":74,"param_name":"huber_delta","param_value_internal":1.8096002604828456,"distribution":"{\"name\": \"FloatDistribution\", \"attributes\": {\"step\": null, \"low\": 0.5, \"high\": 5.0, \"log\": false}}"}
{"op_code":5,"worker_id":"fab0a566-5d01-4e05-ab71-1f8c73ccb5df-12024","trial_id":82,"param_name":"k_weight","param_value_internal":1.4599284836576703,"distribution":"{\"name\": \"FloatDistribution\", \"attributes\": {\"step\": null, \"low\": 0.0, \"high\": 1.5, \"log\": false}}"}
{"op_code":5,"worker_id":"fab0a566-5d01-4e05-ab71-1f8c73ccb5df-12024","trial_id":82,"param_name":"unified_alpha","param_value_internal":7.624914411077305e-05,"distribution":"{\"name\": \"FloatDistribution\", \"attributes\": {\"step\": null, \"low\": 1e-05, \"high\": 10.0, \"log\": true}}"}
{"op_code":8,"worker_id":"444ae33d-4eaa-4793-81b1-204a628afb8a-4680","trial_id":78,"user_attr":{"constraints":[-0.002444199195724654,0.038490197653129145,0.0,0.09363636363636363,-0.11908298211266659,-38.0,-8.0,-0.004253176253176255,-0.09999999999999998,-1441.8954981350591,0.02121848739495802,0.044993894993895]}}
{"op_code":5,"worker_id":"fab0a566-5d01-4e05-ab71-1f8c73ccb5df-12024","trial_id":82,"param_name":"unified_rho","param_value_internal":0.9451466430686309,"distribution":"{\"name\": \"FloatDistribution\", \"attributes\": {\"step\": null, \"low\": 0.0, \"high\": 1.0, \"log\": false}}"}
{"op_code":8,"worker_id":"0aff5587-1f13-455a-84e6-e1b78e7c02ba-14384","trial_id":79,"user_attr":{"constraints":[-0.0035940085499848924,0.04926485830331154,0.0,0.03545454545454546,-0.17566037077710803,-38.0,-8.0,-0.014580194580194572,0.09999999999999998,-1441.0498092741432,0.009908963585434194,0.035714285714285754]}}
{"op_code":4,"worker_id":"b75ae45e-bd20-4c72-bb89-b60bc9ccf91d-16052","study_id":0,"datetime_start":"2026-07-14T11:43:15.362369"}
{"op_code":5,"worker_id":"fab0a566-5d01-4e05-ab71-1f8c73ccb5df-12024","trial_id":82,"param_name":"unified_gamma","param_value_internal":42.135353212695456,"distribution":"{\"name\": \"FloatDistribution\", \"attributes\": {\"step\": null, \"low\": 1.5, \"high\": 10000.0, \"log\": true}}"}
{"op_code":8,"worker_id":"444ae33d-4eaa-4793-81b1-204a628afb8a-4680","trial_id":78,"user_attr":{"pruned_reasons":["M2 (Yearly Tail IC Mean <= 0)","M5 (Monotonicity <= 0.25)","Yearly Daily Win Rate (42.88% < 45%)","Side-specific Yearly Daily Win Rate (40.50% < 45%)"]}}
{"op_code":5,"worker_id":"fab0a566-5d01-4e05-ab71-1f8c73ccb5df-12024","trial_id":82,"param_name":"huber_delta","param_value_internal":1.2580460391620079,"distribution":"{\"name\": \"FloatDistribution\", \"attributes\": {\"step\": null, \"low\": 0.5, \"high\": 5.0, \"log\": false}}"}
{"op_code":5,"worker_id":"b75ae45e-bd20-4c72-bb89-b60bc9ccf91d-16052","trial_id":83,"param_name":"k_weight","param_value_internal":1.4541863249598141,"distribution":"{\"name\": \"FloatDistribution\", \"attributes\": {\"step\": null, \"low\": 0.0, \"high\": 1.5, \"log\": false}}"}
{"op_code":8,"worker_id":"444ae33d-4eaa-4793-81b1-204a628afb8a-4680","trial_id":78,"user_attr":{"gini":0.392846367661025}}
{"op_code":5,"worker_id":"b75ae45e-bd20-4c72-bb89-b60bc9ccf91d-16052","trial_id":83,"param_name":"unified_alpha","param_value_internal":7.751658458047151e-05,"distribution":"{\"name\": \"FloatDistribution\", \"attributes\": {\"step\": null, \"low\": 1e-05, \"high\": 10.0, \"log\": true}}"}
{"op_code":8,"worker_id":"444ae33d-4eaa-4793-81b1-204a628afb8a-4680","trial_id":78,"user_attr":{"cv_is_ics":[0.09173670411109924,0.0789334625005722,0.11002587527036667,0.04119209572672844,0.08785910904407501,0.10359369218349457,0.08072973042726517,0.05574193596839905,0.09701484441757202,0.10672026872634888,0.07624571025371552,0.07376953214406967,0.12065494060516357,0.10116291046142578,0.04922393709421158]}}
{"op_code":8,"worker_id":"0aff5587-1f13-455a-84e6-e1b78e7c02ba-14384","trial_id":79,"user_attr":{"pruned_reasons":["M2 (Yearly Tail IC Mean <= 0)","M5 (Monotonicity <= 0.25)","Side-specific Hit Rate (40.00% < 50%)","Yearly Daily Win Rate (44.01% < 45%)","Side-specific Yearly Daily Win Rate (41.43% < 45%)"]}}
{"op_code":8,"worker_id":"0aff5587-1f13-455a-84e6-e1b78e7c02ba-14384","trial_id":79,"user_attr":{"gini":0.3743959304016571}}
{"op_code":8,"worker_id":"444ae33d-4eaa-4793-81b1-204a628afb8a-4680","trial_id":78,"user_attr":{"cv_oos_ics":[0.01949516497552395,-0.007554819341748953,-0.06747598201036453,-0.0016506280517205596,-0.017234716564416885,0.004572773817926645,0.0008172663510777056,-0.007762075401842594,0.009107144549489021,-0.02282608486711979,0.0443301722407341,0.06719616055488586,-4.198288650059112e-07,0.02250611037015915,0.05886146426200867]}}
{"op_code":5,"worker_id":"b75ae45e-bd20-4c72-bb89-b60bc9ccf91d-16052","trial_id":83,"param_name":"unified_rho","param_value_internal":0.9524848907142498,"distribution":"{\"name\": \"FloatDistribution\", \"attributes\": {\"step\": null, \"low\": 0.0, \"high\": 1.0, \"log\": false}}"}
{"op_code":8,"worker_id":"0aff5587-1f13-455a-84e6-e1b78e7c02ba-14384","trial_id":79,"user_attr":{"cv_is_ics":[0.09612572938203812,0.0880175307393074,0.1123548224568367,0.04922961816191673,0.09191326797008514,0.10960116982460022,0.0808439776301384,0.06240113824605942,0.1086115837097168,0.1099405512213707,0.08617980033159256,0.07975310832262039,0.12239635735750198,0.10296307504177094,0.05162884294986725]}}
{"op_code":8,"worker_id":"444ae33d-4eaa-4793-81b1-204a628afb8a-4680","trial_id":78,"user_attr":{"reg_kappa":3.6137448764154536}}
{"op_code":8,"worker_id":"444ae33d-4eaa-4793-81b1-204a628afb8a-4680","trial_id":78,"user_attr":{"raw_metrics":[-0.2535453308327029,-0.038490197653129145,0.6,0.002444199195724654,0.15636363636363637,0.11908298211266659,-0.2523526025506046,-0.37675178050994873,0.428781512605042]}}
{"op_code":8,"worker_id":"444ae33d-4eaa-4793-81b1-204a628afb8a-4680","trial_id":78,"user_attr":{"val_metrics":[0.05281239582672936,-0.1445712302787757,0.24848484848484848,0.3105539692181122,-6.71527545705235]}}
{"op_code":5,"worker_id":"b75ae45e-bd20-4c72-bb89-b60bc9ccf91d-16052","trial_id":83,"param_name":"unified_gamma","param_value_internal":112.0742722334576,"distribution":"{\"name\": \"FloatDistribution\", \"attributes\": {\"step\": null, \"low\": 1.5, \"high\": 10000.0, \"log\": true}}"}
{"op_code":5,"worker_id":"b75ae45e-bd20-4c72-bb89-b60bc9ccf91d-16052","trial_id":83,"param_name":"huber_delta","param_value_internal":1.7816842901973506,"distribution":"{\"name\": \"FloatDistribution\", \"attributes\": {\"step\": null, \"low\": 0.5, \"high\": 5.0, \"log\": false}}"}
{"op_code":8,"worker_id":"a947bcfa-b6e4-4908-905f-afb8bb78046e-19068","trial_id":76,"user_attr":{"deflated_objective":-1.825445259263617}}
{"op_code":5,"worker_id":"e5f0bf9e-fed3-445b-bf89-227a3cf3b752-22852","trial_id":81,"param_name":"unified_alpha","param_value_internal":2.0409021300141644e-05,"distribution":"{\"name\": \"FloatDistribution\", \"attributes\": {\"step\": null, \"low\": 1e-05, \"high\": 10.0, \"log\": true}}"}
{"op_code":9,"worker_id":"a947bcfa-b6e4-4908-905f-afb8bb78046e-19068","trial_id":76,"system_attr":{"constraints":[-0.002891822274031143,0.033715901621103314,0.0,-0.020303030303030323,-0.13641076422567772,-31.0,-8.0,-0.026231750231750235,-0.09999999999999998,-1487.0321266988747,0.01705182072829131,0.044993894993895]}}
{"op_code":6,"worker_id":"a947bcfa-b6e4-4908-905f-afb8bb78046e-19068","trial_id":76,"state":1,"values":[-1.3823538161458169],"datetime_complete":"2026-07-14T11:43:15.393960"}
{"op_code":5,"worker_id":"e5f0bf9e-fed3-445b-bf89-227a3cf3b752-22852","trial_id":81,"param_name":"unified_rho","param_value_internal":0.9398513659675014,"distribution":"{\"name\": \"FloatDistribution\", \"attributes\": {\"step\": null, \"low\": 0.0, \"high\": 1.0, \"log\": false}}"}
{"op_code":8,"worker_id":"444ae33d-4eaa-4793-81b1-204a628afb8a-4680","trial_id":78,"user_attr":{"deflated_objective":-1.7784217884533688}}
{"op_code":8,"worker_id":"10e4bc81-f365-40e5-9cd1-2c9554e79ad5-18156","trial_id":74,"user_attr":{"constraints":[-0.002946326638653013,0.035281323005201995,0.0,0.06212121212121213,-0.10810213779379987,-39.0,-8.0,7.774807774807991e-05,-0.09999999999999998,-1436.2569199166016,0.02121848739495802,0.044993894993895]}}
{"op_code":8,"worker_id":"10e4bc81-f365-40e5-9cd1-2c9554e79ad5-18156","trial_id":74,"user_attr":{"pruned_reasons":["M2 (Yearly Tail IC Mean <= 0)","M5 (Monotonicity <= 0.25)","Side-specific Yearly Tail IC Mean (-0.0001 <= 0)","Yearly Daily Win Rate (42.88% < 45%)","Side-specific Yearly Daily Win Rate (40.50% < 45%)"]}}
{"op_code":8,"worker_id":"50a62a4d-f272-4cd1-a1d8-2220a201759d-7108","trial_id":80,"user_attr":{"constraints":[-0.002464717751369333,0.0450482769865989,0.0,0.07909090909090907,-0.10810213779379987,-39.0,-8.0,0.00638908238908239,-0.09999999999999998,-1433.7242964472282,0.014075630252100901,0.03943833943833941]}}
{"op_code":8,"worker_id":"50a62a4d-f272-4cd1-a1d8-2220a201759d-7108","trial_id":80,"user_attr":{"pruned_reasons":["M2 (Yearly Tail IC Mean <= 0)","M5 (Monotonicity <= 0.25)","Side-specific Yearly Tail IC Mean (-0.0064 <= 0)","Yearly Daily Win Rate (43.59% < 45%)","Side-specific Yearly Daily Win Rate (41.06% < 45%)"]}}
{"op_code":4,"worker_id":"4324cf5d-c267-48f0-989a-de24cdf8f4da-19068","study_id":0,"datetime_start":"2026-07-14T11:43:15.403879"}
{"op_code":8,"worker_id":"10e4bc81-f365-40e5-9cd1-2c9554e79ad5-18156","trial_id":74,"user_attr":{"gini":0.3944259159106489}}
{"op_code":5,"worker_id":"4324cf5d-c267-48f0-989a-de24cdf8f4da-19068","trial_id":84,"param_name":"k_weight","param_value_internal":1.1502722676281003,"distribution":"{\"name\": \"FloatDistribution\", \"attributes\": {\"step\": null, \"low\": 0.0, \"high\": 1.5, \"log\": false}}"}
{"op_code":8,"worker_id":"10e4bc81-f365-40e5-9cd1-2c9554e79ad5-18156","trial_id":74,"user_attr":{"cv_is_ics":[0.09187392145395279,0.07866326719522476,0.11028241366147995,0.04139450192451477,0.0880272388458252,0.10323451459407806,0.08089175820350647,0.0559951551258564,0.09669721871614456,0.1066373884677887,0.07586973160505295,0.07285767048597336,0.12046588957309723,0.10129053145647049,0.04929875209927559]}}
{"op_code":8,"worker_id":"fab0a566-5d01-4e05-ab71-1f8c73ccb5df-12024","trial_id":82,"user_attr":{"constraints":[-0.0004830197320453408,0.05873955086825855,0.19999999999999996,0.12515151515151518,-0.13415095193902712,-31.0,-8.0,0.010131838131838133,0.09999999999999998,-1492.420987806687,0.01705182072829131,0.03229548229548229]}}
{"op_code":5,"worker_id":"4324cf5d-c267-48f0-989a-de24cdf8f4da-19068","trial_id":84,"param_name":"unified_alpha","param_value_internal":9.84098344945089e-05,"distribution":"{\"name\": \"FloatDistribution\", \"attributes\": {\"step\": null, \"low\": 1e-05, \"high\": 10.0, \"log\": true}}"}
{"op_code":8,"worker_id":"fab0a566-5d01-4e05-ab71-1f8c73ccb5df-12024","trial_id":82,"user_attr":{"pruned_reasons":["M2 (Yearly Tail IC Mean <= 0)","M3 (Hit Rate < 60%)","M5 (Monotonicity <= 0.25)","Side-specific Yearly Tail IC Mean (-0.0101 <= 0)","Side-specific Hit Rate (40.00% < 50%)","Yearly Daily Win Rate (43.29% < 45%)","Side-specific Yearly Daily Win Rate (41.77% < 45%)"]}}
{"op_code":8,"worker_id":"10e4bc81-f365-40e5-9cd1-2c9554e79ad5-18156","trial_id":74,"user_attr":{"cv_oos_ics":[0.019266357645392418,-0.007764733396470547,-0.06591898202896118,-0.0014661831082776189,-0.01705600693821907,0.005529283080250025,0.0011734210420399904,-0.008157273754477501,0.009443058632314205,-0.02295525185763836,0.0453232079744339,0.06629955768585205,-0.0002712094283197075,0.02246726118028164,0.05878404155373573]}}
{"op_code":5,"worker_id":"4324cf5d-c267-48f0-989a-de24cdf8f4da-19068","trial_id":84,"param_name":"unified_rho","param_value_internal":0.9121873351740636,"distribution":"{\"name\": \"FloatDistribution\", \"attributes\": {\"step\": null, \"low\": 0.0, \"high\": 1.0, \"log\": false}}"}
{"op_code":8,"worker_id":"10e4bc81-f365-40e5-9cd1-2c9554e79ad5-18156","trial_id":74,"user_attr":{"reg_kappa":3.599609319238259}}
{"op_code":8,"worker_id":"fab0a566-5d01-4e05-ab71-1f8c73ccb5df-12024","trial_id":82,"user_attr":{"gini":0.38407894046192714}}
{"op_code":8,"worker_id":"fab0a566-5d01-4e05-ab71-1f8c73ccb5df-12024","trial_id":82,"user_attr":{"cv_is_ics":[0.09541437029838562,0.08657167851924896,0.11204386502504349,0.04637153819203377,0.09126271307468414,0.10798432677984238,0.07999371737241745,0.06009818613529205,0.10632067918777466,0.10839153826236725,0.08528551459312439,0.07807042449712753,0.12260831147432327,0.10318387299776077,0.04978286474943161]}}
{"op_code":8,"worker_id":"fab0a566-5d01-4e05-ab71-1f8c73ccb5df-12024","trial_id":82,"user_attr":{"cv_oos_ics":[0.018908243626356125,-0.012083512730896473,-0.05754619836807251,0.00039645860670134425,-0.02448274940252304,-0.0034223031252622604,0.00645416509360075,-0.013519328087568283,0.0113944411277771,-0.022097261622548103,0.03626805543899536,0.07196847349405289,-0.000873803801368922,0.020340636372566223,0.057178981602191925]}}
{"op_code":8,"worker_id":"fab0a566-5d01-4e05-ab71-1f8c73ccb5df-12024","trial_id":82,"user_attr":{"reg_kappa":3.7403777023462434}}
{"op_code":8,"worker_id":"fab0a566-5d01-4e05-ab71-1f8c73ccb5df-12024","trial_id":82,"user_attr":{"raw_metrics":[-0.39425915124164107,-0.05873955086825855,0.4,0.0004830197320453408,0.12484848484848483,0.13415095193902712,-0.2950899534289346,-0.41804105043411255,0.4329481792717087]}}
{"op_code":8,"worker_id":"fab0a566-5d01-4e05-ab71-1f8c73ccb5df-12024","trial_id":82,"user_attr":{"val_metrics":[0.05734902780601347,-0.26701917392942626,0.4909090909090909,0.06437247400374518,-6.632636296859169]}}
{"op_code":8,"worker_id":"10e4bc81-f365-40e5-9cd1-2c9554e79ad5-18156","trial_id":74,"user_attr":{"raw_metrics":[-0.23199377974305388,-0.035281323005201995,0.6,0.002946326638653013,0.18787878787878787,0.10810213779379987,-0.2477677706439274,-0.372006356716156,0.428781512605042]}}
{"op_code":8,"worker_id":"10e4bc81-f365-40e5-9cd1-2c9554e79ad5-18156","trial_id":74,"user_attr":{"val_metrics":[0.05213143370288901,-0.2675597425075117,0.05454545454545454,0.3105539692181122,-6.733019477632306]}}
{"op_code":8,"worker_id":"fab0a566-5d01-4e05-ab71-1f8c73ccb5df-12024","trial_id":82,"user_attr":{"deflated_objective":-1.764638559636484}}
{"op_code":5,"worker_id":"e5f0bf9e-fed3-445b-bf89-227a3cf3b752-22852","trial_id":81,"param_name":"unified_gamma","param_value_internal":40.88975671895229,"distribution":"{\"name\": \"FloatDistribution\", \"attributes\": {\"step\": null, \"low\": 1.5, \"high\": 10000.0, \"log\": true}}"}
{"op_code":9,"worker_id":"444ae33d-4eaa-4793-81b1-204a628afb8a-4680","trial_id":78,"system_attr":{"constraints":[-0.002444199195724654,0.038490197653129145,0.0,0.09363636363636363,-0.11908298211266659,-38.0,-8.0,-0.004253176253176255,-0.09999999999999998,-1441.8954981350591,0.02121848739495802,0.044993894993895]}}
{"op_code":9,"worker_id":"fab0a566-5d01-4e05-ab71-1f8c73ccb5df-12024","trial_id":82,"system_attr":{"constraints":[-0.0004830197320453408,0.05873955086825855,0.19999999999999996,0.12515151515151518,-0.13415095193902712,-31.0,-8.0,0.010131838131838133,0.09999999999999998,-1492.420987806687,0.01705182072829131,0.03229548229548229]}}
{"op_code":5,"worker_id":"4324cf5d-c267-48f0-989a-de24cdf8f4da-19068","trial_id":84,"param_name":"unified_gamma","param_value_internal":129.36768993227372,"distribution":"{\"name\": \"FloatDistribution\", \"attributes\": {\"step\": null, \"low\": 1.5, \"high\": 10000.0, \"log\": true}}"}
{"op_code":5,"worker_id":"e5f0bf9e-fed3-445b-bf89-227a3cf3b752-22852","trial_id":81,"param_name":"huber_delta","param_value_internal":1.7218317888920052,"distribution":"{\"name\": \"FloatDistribution\", \"attributes\": {\"step\": null, \"low\": 0.5, \"high\": 5.0, \"log\": false}}"}
{"op_code":8,"worker_id":"50a62a4d-f272-4cd1-a1d8-2220a201759d-7108","trial_id":80,"user_attr":{"gini":0.3913723868802512}}
{"op_code":8,"worker_id":"b75ae45e-bd20-4c72-bb89-b60bc9ccf91d-16052","trial_id":83,"user_attr":{"constraints":[-0.0025311070222409026,0.034679412483995795,0.0,0.006363636363636349,-0.13641076422567772,-31.0,-8.0,-0.01385998985998986,-0.09999999999999998,-1490.3821797212365,0.01705182072829131,0.044993894993895]}}
{"op_code":6,"worker_id":"444ae33d-4eaa-4793-81b1-204a628afb8a-4680","trial_id":78,"state":1,"values":[-1.3500366113651296],"datetime_complete":"2026-07-14T11:43:15.435383"}
{"op_code":8,"worker_id":"b75ae45e-bd20-4c72-bb89-b60bc9ccf91d-16052","trial_id":83,"user_attr":{"pruned_reasons":["M2 (Yearly Tail IC Mean <= 0)","M5 (Monotonicity <= 0.25)","Yearly Daily Win Rate (43.29% < 45%)","Side-specific Yearly Daily Win Rate (40.50% < 45%)"]}}
{"op_code":8,"worker_id":"b75ae45e-bd20-4c72-bb89-b60bc9ccf91d-16052","trial_id":83,"user_attr":{"gini":0.401017298198568}}
{"op_code":8,"worker_id":"b75ae45e-bd20-4c72-bb89-b60bc9ccf91d-16052","trial_id":83,"user_attr":{"cv_is_ics":[0.09293246269226074,0.07910041511058807,0.11093616485595703,0.039601344615221024,0.08757193386554718,0.10178645700216293,0.07953687757253647,0.05336734652519226,0.09488366544246674,0.10524626076221466,0.07346821576356888,0.07201322913169861,0.1189388856291771,0.10073941946029663,0.04783477261662483]}}
{"op_code":6,"worker_id":"fab0a566-5d01-4e05-ab71-1f8c73ccb5df-12024","trial_id":82,"state":1,"values":[-1.3412640373086422],"datetime_complete":"2026-07-14T11:43:15.436248"}
{"op_code":8,"worker_id":"b75ae45e-bd20-4c72-bb89-b60bc9ccf91d-16052","trial_id":83,"user_attr":{"cv_oos_ics":[0.01660226471722126,-0.0024207327514886856,-0.07198130339384079,-0.001148792332969606,-0.01747475564479828,0.0054521746933460236,0.000654792704153806,-0.006305268965661526,0.009515209123492241,-0.019531968981027603,0.04829755797982216,0.06556972861289978,0.0011836375342682004,0.020069381222128868,0.06202982738614082]}}
{"op_code":8,"worker_id":"50a62a4d-f272-4cd1-a1d8-2220a201759d-7108","trial_id":80,"user_attr":{"cv_is_ics":[0.09171027690172195,0.07908299565315247,0.11012254655361176,0.0417669415473938,0.08821436017751694,0.10435263067483902,0.08091216534376144,0.056001391261816025,0.09735677391290665,0.1069331094622612,0.07720377296209335,0.07372137159109116,0.12096256017684937,0.10138403624296188,0.049337565898895264]}}
{"op_code":8,"worker_id":"50a62a4d-f272-4cd1-a1d8-2220a201759d-7108","trial_id":80,"user_attr":{"cv_oos_ics":[0.019975727424025536,-0.007859054952859879,-0.06639478355646133,-0.0012148454552516341,-0.016847187653183937,0.004686546977609396,0.001560922828502953,-0.008464728482067585,0.008627901785075665,-0.02256397157907486,0.04340766742825508,0.06779972463846207,5.387803685152903e-05,0.023360813036561012,0.05759342759847641]}}
{"op_code":8,"worker_id":"50a62a4d-f272-4cd1-a1d8-2220a201759d-7108","trial_id":80,"user_attr":{"reg_kappa":3.5932656560433993}}
{"op_code":8,"worker_id":"50a62a4d-f272-4cd1-a1d8-2220a201759d-7108","trial_id":80,"user_attr":{"raw_metrics":[-0.30333131631526805,-0.0450482769865989,0.6,0.002464717751369333,0.17090909090909093,0.10810213779379987,-0.24572079690074447,-0.36890003085136414,0.4359243697478991]}}
{"op_code":8,"worker_id":"50a62a4d-f272-4cd1-a1d8-2220a201759d-7108","trial_id":80,"user_attr":{"val_metrics":[0.05211852657766589,-0.13465547161634328,0.24848484848484848,0.3105539692181122,-6.831530505715522]}}
{"op_code":5,"worker_id":"4324cf5d-c267-48f0-989a-de24cdf8f4da-19068","trial_id":84,"param_name":"huber_delta","param_value_internal":1.286815232633966,"distribution":"{\"name\": \"FloatDistribution\", \"attributes\": {\"step\": null, \"low\": 0.5, \"high\": 5.0, \"log\": false}}"}
{"op_code":8,"worker_id":"b75ae45e-bd20-4c72-bb89-b60bc9ccf91d-16052","trial_id":83,"user_attr":{"reg_kappa":3.735270992874771}}
{"op_code":8,"worker_id":"b75ae45e-bd20-4c72-bb89-b60bc9ccf91d-16052","trial_id":83,"user_attr":{"raw_metrics":[-0.23251447824164767,-0.034679412483995795,0.6,0.0025311070222409026,0.24363636363636365,0.13641076422567772,-0.2933093857192555,-0.4221009314060211,0.4329481792717087]}}
{"op_code":8,"worker_id":"b75ae45e-bd20-4c72-bb89-b60bc9ccf91d-16052","trial_id":83,"user_attr":{"val_metrics":[0.05373236230383916,-0.2639322520879139,0.030303030303030304,0.2608603412973816,-6.608618083912359]}}
{"op_code":8,"worker_id":"50a62a4d-f272-4cd1-a1d8-2220a201759d-7108","trial_id":80,"user_attr":{"deflated_objective":-1.806549798289235}}
{"op_code":9,"worker_id":"50a62a4d-f272-4cd1-a1d8-2220a201759d-7108","trial_id":80,"system_attr":{"constraints":[-0.002464717751369333,0.0450482769865989,0.0,0.07909090909090907,-0.10810213779379987,-39.0,-8.0,0.00638908238908239,-0.09999999999999998,-1433.7242964472282,0.014075630252100901,0.03943833943833941]}}
{"op_code":6,"worker_id":"50a62a4d-f272-4cd1-a1d8-2220a201759d-7108","trial_id":80,"state":1,"values":[-1.3926417142860714],"datetime_complete":"2026-07-14T11:43:15.464215"}
{"op_code":4,"worker_id":"177e2296-115f-42a5-a619-b0db8b0bd565-6576","study_id":0,"datetime_start":"2026-07-14T11:43:15.431031"}
{"op_code":5,"worker_id":"177e2296-115f-42a5-a619-b0db8b0bd565-6576","trial_id":85,"param_name":"k_weight","param_value_internal":1.1425494121846822,"distribution":"{\"name\": \"FloatDistribution\", \"attributes\": {\"step\": null, \"low\": 0.0, \"high\": 1.5, \"log\": false}}"}
{"op_code":5,"worker_id":"177e2296-115f-42a5-a619-b0db8b0bd565-6576","trial_id":85,"param_name":"unified_alpha","param_value_internal":2.00423555520863e-05,"distribution":"{\"name\": \"FloatDistribution\", \"attributes\": {\"step\": null, \"low\": 1e-05, \"high\": 10.0, \"log\": true}}"}
{"op_code":5,"worker_id":"177e2296-115f-42a5-a619-b0db8b0bd565-6576","trial_id":85,"param_name":"unified_rho","param_value_internal":0.8635500601295693,"distribution":"{\"name\": \"FloatDistribution\", \"attributes\": {\"step\": null, \"low\": 0.0, \"high\": 1.0, \"log\": false}}"}
{"op_code":8,"worker_id":"b75ae45e-bd20-4c72-bb89-b60bc9ccf91d-16052","trial_id":83,"user_attr":{"deflated_objective":-1.7906720568306278}}
{"op_code":5,"worker_id":"177e2296-115f-42a5-a619-b0db8b0bd565-6576","trial_id":85,"param_name":"unified_gamma","param_value_internal":218.35235258491025,"distribution":"{\"name\": \"FloatDistribution\", \"attributes\": {\"step\": null, \"low\": 1.5, \"high\": 10000.0, \"log\": true}}"}
{"op_code":4,"worker_id":"33b6c2a2-8559-426b-9453-acf0c25b5b70-7108","study_id":0,"datetime_start":"2026-07-14T11:43:15.474714"}
{"op_code":5,"worker_id":"177e2296-115f-42a5-a619-b0db8b0bd565-6576","trial_id":85,"param_name":"huber_delta","param_value_internal":1.6161957464409675,"distribution":"{\"name\": \"FloatDistribution\", \"attributes\": {\"step\": null, \"low\": 0.5, \"high\": 5.0, \"log\": false}}"}
{"op_code":5,"worker_id":"33b6c2a2-8559-426b-9453-acf0c25b5b70-7108","trial_id":86,"param_name":"k_weight","param_value_internal":1.4959973363740633,"distribution":"{\"name\": \"FloatDistribution\", \"attributes\": {\"step\": null, \"low\": 0.0, \"high\": 1.5, \"log\": false}}"}
{"op_code":8,"worker_id":"e5f0bf9e-fed3-445b-bf89-227a3cf3b752-22852","trial_id":81,"user_attr":{"constraints":[-0.002001921221609139,0.040280444955500594,0.0,0.018484848484848465,-0.1286964011275332,-31.0,-8.0,-0.024072312072312068,-0.09999999999999998,-1491.4536026403762,0.01705182072829131,0.050549450549450536]}}
{"op_code":8,"worker_id":"e5f0bf9e-fed3-445b-bf89-227a3cf3b752-22852","trial_id":81,"user_attr":{"pruned_reasons":["M2 (Yearly Tail IC Mean <= 0)","M5 (Monotonicity <= 0.25)","Yearly Daily Win Rate (43.29% < 45%)","Side-specific Yearly Daily Win Rate (39.95% < 45%)"]}}
{"op_code":8,"worker_id":"e5f0bf9e-fed3-445b-bf89-227a3cf3b752-22852","trial_id":81,"user_attr":{"gini":0.3977350106390103}}
{"op_code":9,"worker_id":"b75ae45e-bd20-4c72-bb89-b60bc9ccf91d-16052","trial_id":83,"system_attr":{"constraints":[-0.0025311070222409026,0.034679412483995795,0.0,0.006363636363636349,-0.13641076422567772,-31.0,-8.0,-0.01385998985998986,-0.09999999999999998,-1490.3821797212365,0.01705182072829131,0.044993894993895]}}
{"op_code":5,"worker_id":"33b6c2a2-8559-426b-9453-acf0c25b5b70-7108","trial_id":86,"param_name":"unified_alpha","param_value_internal":1.978101070554559e-05,"distribution":"{\"name\": \"FloatDistribution\", \"attributes\": {\"step\": null, \"low\": 1e-05, \"high\": 10.0, \"log\": true}}"}
{"op_code":8,"worker_id":"e5f0bf9e-fed3-445b-bf89-227a3cf3b752-22852","trial_id":81,"user_attr":{"cv_is_ics":[0.09347449988126755,0.0802362933754921,0.11102776229381561,0.039728421717882156,0.08785564452409744,0.10285449028015137,0.07968093454837799,0.05458519607782364,0.09654360264539719,0.105730339884758,0.07560224831104279,0.0732758641242981,0.11981946974992752,0.10056157410144806,0.04754238948225975]}}
{"op_code":6,"worker_id":"b75ae45e-bd20-4c72-bb89-b60bc9ccf91d-16052","trial_id":83,"state":1,"values":[-1.3768442560005787],"datetime_complete":"2026-07-14T11:43:15.485315"}
{"op_code":8,"worker_id":"e5f0bf9e-fed3-445b-bf89-227a3cf3b752-22852","trial_id":81,"user_attr":{"cv_oos_ics":[0.017612513154745102,-0.004366079345345497,-0.0728805810213089,-0.002551581244915724,-0.018870025873184204,0.004251184873282909,0.0005467567825689912,-0.006039237603545189,0.009443752467632294,-0.019368376582860947,0.04713631048798561,0.06558388471603394,0.0013410733081400394,0.01987623982131481,0.060485951602458954]}}
{"op_code":8,"worker_id":"e5f0bf9e-fed3-445b-bf89-227a3cf3b752-22852","trial_id":81,"user_attr":{"reg_kappa":3.7379714563034527}}
{"op_code":8,"worker_id":"e5f0bf9e-fed3-445b-bf89-227a3cf3b752-22852","trial_id":81,"user_attr":{"raw_metrics":[-0.2695016217680967,-0.040280444955500594,0.6,0.002001921221609139,0.23151515151515153,0.1286964011275332,-0.2942445656176644,-0.4220656752586365,0.4329481792717087]}}
{"op_code":8,"worker_id":"e5f0bf9e-fed3-445b-bf89-227a3cf3b752-22852","trial_id":81,"user_attr":{"val_metrics":[0.05095777545415241,-0.13953073423745357,0.030303030303030304,0.32120386241813714,-6.485889640576864]}}
{"op_code":5,"worker_id":"33b6c2a2-8559-426b-9453-acf0c25b5b70-7108","trial_id":86,"param_name":"unified_rho","param_value_internal":0.851643688197941,"distribution":"{\"name\": \"FloatDistribution\", \"attributes\": {\"step\": null, \"low\": 0.0, \"high\": 1.0, \"log\": false}}"}
{"op_code":8,"worker_id":"e5f0bf9e-fed3-445b-bf89-227a3cf3b752-22852","trial_id":81,"user_attr":{"deflated_objective":-1.6825306609358055}}
{"op_code":5,"worker_id":"33b6c2a2-8559-426b-9453-acf0c25b5b70-7108","trial_id":86,"param_name":"unified_gamma","param_value_internal":189.24859435915602,"distribution":"{\"name\": \"FloatDistribution\", \"attributes\": {\"step\": null, \"low\": 1.5, \"high\": 10000.0, \"log\": true}}"}
{"op_code":9,"worker_id":"e5f0bf9e-fed3-445b-bf89-227a3cf3b752-22852","trial_id":81,"system_attr":{"constraints":[-0.002001921221609139,0.040280444955500594,0.0,0.018484848484848465,-0.1286964011275332,-31.0,-8.0,-0.024072312072312068,-0.09999999999999998,-1491.4536026403762,0.01705182072829131,0.050549450549450536]}}
{"op_code":4,"worker_id":"5ad5497f-61b8-4097-acc0-f300985d8790-16052","study_id":0,"datetime_start":"2026-07-14T11:43:15.496780"}
{"op_code":5,"worker_id":"33b6c2a2-8559-426b-9453-acf0c25b5b70-7108","trial_id":86,"param_name":"huber_delta","param_value_internal":1.6377515997205465,"distribution":"{\"name\": \"FloatDistribution\", \"attributes\": {\"step\": null, \"low\": 0.5, \"high\": 5.0, \"log\": false}}"}
{"op_code":6,"worker_id":"e5f0bf9e-fed3-445b-bf89-227a3cf3b752-22852","trial_id":81,"state":1,"values":[-1.2782697302210226],"datetime_complete":"2026-07-14T11:43:15.501188"}
{"op_code":5,"worker_id":"5ad5497f-61b8-4097-acc0-f300985d8790-16052","trial_id":87,"param_name":"k_weight","param_value_internal":1.4984928273672657,"distribution":"{\"name\": \"FloatDistribution\", \"attributes\": {\"step\": null, \"low\": 0.0, \"high\": 1.5, \"log\": false}}"}
{"op_code":8,"worker_id":"4324cf5d-c267-48f0-989a-de24cdf8f4da-19068","trial_id":84,"user_attr":{"constraints":[-0.0034429579864847125,0.05076162864710125,0.0,0.02818181818181817,-0.15368146567643698,-47.0,-8.0,0.017589041589041593,0.09999999999999998,-1394.4258555996578,0.009908963585434194,0.035714285714285754]}}
{"op_code":5,"worker_id":"5ad5497f-61b8-4097-acc0-f300985d8790-16052","trial_id":87,"param_name":"unified_alpha","param_value_internal":1.9908336920404407e-05,"distribution":"{\"name\": \"FloatDistribution\", \"attributes\": {\"step\": null, \"low\": 1e-05, \"high\": 10.0, \"log\": true}}"}
{"op_code":8,"worker_id":"4324cf5d-c267-48f0-989a-de24cdf8f4da-19068","trial_id":84,"user_attr":{"pruned_reasons":["M2 (Yearly Tail IC Mean <= 0)","M5 (Monotonicity <= 0.25)","Side-specific Yearly Tail IC Mean (-0.0176 <= 0)","Side-specific Hit Rate (40.00% < 50%)","Yearly Daily Win Rate (44.01% < 45%)","Side-specific Yearly Daily Win Rate (41.43% < 45%)"]}}
{"op_code":8,"worker_id":"4324cf5d-c267-48f0-989a-de24cdf8f4da-19068","trial_id":84,"user_attr":{"gini":0.36318378427437237}}
{"op_code":8,"worker_id":"4324cf5d-c267-48f0-989a-de24cdf8f4da-19068","trial_id":84,"user_attr":{"cv_is_ics":[0.09654512256383896,0.08784561604261398,0.11270080506801605,0.051719971001148224,0.09169687330722809,0.11053702235221863,0.08163199573755264,0.06365219503641129,0.10836715996265411,0.11025504022836685,0.08737033605575562,0.08103358745574951,0.12320331484079361,0.10213672369718552,0.050436656922101974]}}
{"op_code":8,"worker_id":"4324cf5d-c267-48f0-989a-de24cdf8f4da-19068","trial_id":84,"user_attr":{"cv_oos_ics":[0.020195158198475838,-0.013333062641322613,-0.049655936658382416,0.0013343567261472344,-0.020162900909781456,-0.005489959381520748,0.008835572749376297,-0.015990160405635834,0.012173800729215145,-0.0249540563672781,0.03258419409394264,0.0761517882347107,-0.00025049789110198617,0.02639625035226345,0.04688343405723572]}}
{"op_code":4,"worker_id":"403b31fb-3767-4521-bb2a-c3ae524dc2b0-22852","study_id":0,"datetime_start":"2026-07-14T11:43:15.513015"}
{"op_code":8,"worker_id":"4324cf5d-c267-48f0-989a-de24cdf8f4da-19068","trial_id":84,"user_attr":{"reg_kappa":3.494752920850134}}
{"op_code":8,"worker_id":"4324cf5d-c267-48f0-989a-de24cdf8f4da-19068","trial_id":84,"user_attr":{"raw_metrics":[-0.3344878657346971,-0.05076162864710125,0.6,0.0034429579864847125,0.22181818181818183,0.15368146567643698,-0.21499552990597315,-0.31981879472732544,0.4400910364145658]}}
{"op_code":8,"worker_id":"4324cf5d-c267-48f0-989a-de24cdf8f4da-19068","trial_id":84,"user_attr":{"val_metrics":[0.05164140801769409,-0.25371467252667645,0.23636363636363636,0.2510405340758355,-5.364760840702676]}}
{"op_code":8,"worker_id":"177e2296-115f-42a5-a619-b0db8b0bd565-6576","trial_id":85,"user_attr":{"constraints":[-0.00262397624124915,0.043273503002659516,0.0,0.013636363636363613,-0.12326071584443314,-47.0,-8.0,0.029679569679569678,0.09999999999999998,-1392.2643960518508,0.009908963585434194,0.022771672771672802]}}
{"op_code":8,"worker_id":"177e2296-115f-42a5-a619-b0db8b0bd565-6576","trial_id":85,"user_attr":{"pruned_reasons":["M2 (Yearly Tail IC Mean <= 0)","M5 (Monotonicity <= 0.25)","Side-specific Yearly Tail IC Mean (-0.0297 <= 0)","Side-specific Hit Rate (40.00% < 50%)","Yearly Daily Win Rate (44.01% < 45%)","Side-specific Yearly Daily Win Rate (42.72% < 45%)"]}}
{"op_code":8,"worker_id":"4324cf5d-c267-48f0-989a-de24cdf8f4da-19068","trial_id":84,"user_attr":{"deflated_objective":-1.256793122767136}}
{"op_code":5,"worker_id":"403b31fb-3767-4521-bb2a-c3ae524dc2b0-22852","trial_id":88,"param_name":"k_weight","param_value_internal":1.1588582519795725,"distribution":"{\"name\": \"FloatDistribution\", \"attributes\": {\"step\": null, \"low\": 0.0, \"high\": 1.5, \"log\": false}}"}
{"op_code":5,"worker_id":"5ad5497f-61b8-4097-acc0-f300985d8790-16052","trial_id":87,"param_name":"unified_rho","param_value_internal":0.8623252268061903,"distribution":"{\"name\": \"FloatDistribution\", \"attributes\": {\"step\": null, \"low\": 0.0, \"high\": 1.0, \"log\": false}}"}
{"op_code":5,"worker_id":"403b31fb-3767-4521-bb2a-c3ae524dc2b0-22852","trial_id":88,"param_name":"unified_alpha","param_value_internal":2.059044583406108e-05,"distribution":"{\"name\": \"FloatDistribution\", \"attributes\": {\"step\": null, \"low\": 1e-05, \"high\": 10.0, \"log\": true}}"}
{"op_code":5,"worker_id":"5ad5497f-61b8-4097-acc0-f300985d8790-16052","trial_id":87,"param_name":"unified_gamma","param_value_internal":216.80440695718812,"distribution":"{\"name\": \"FloatDistribution\", \"attributes\": {\"step\": null, \"low\": 1.5, \"high\": 10000.0, \"log\": true}}"}
{"op_code":4,"worker_id":"6b0aea84-a627-4c0f-87fc-c47c71c03b4f-4680","study_id":0,"datetime_start":"2026-07-14T11:43:15.528134"}
{"op_code":5,"worker_id":"5ad5497f-61b8-4097-acc0-f300985d8790-16052","trial_id":87,"param_name":"huber_delta","param_value_internal":1.3101517757019323,"distribution":"{\"name\": \"FloatDistribution\", \"attributes\": {\"step\": null, \"low\": 0.5, \"high\": 5.0, \"log\": false}}"}
{"op_code":4,"worker_id":"8ef20b41-8604-4919-aad5-95b157780ab4-12024","study_id":0,"datetime_start":"2026-07-14T11:43:15.531766"}
{"op_code":5,"worker_id":"8ef20b41-8604-4919-aad5-95b157780ab4-12024","trial_id":90,"param_name":"k_weight","param_value_internal":1.1510469511079833,"distribution":"{\"name\": \"FloatDistribution\", \"attributes\": {\"step\": null, \"low\": 0.0, \"high\": 1.5, \"log\": false}}"}
{"op_code":5,"worker_id":"403b31fb-3767-4521-bb2a-c3ae524dc2b0-22852","trial_id":88,"param_name":"unified_rho","param_value_internal":0.8558580430699645,"distribution":"{\"name\": \"FloatDistribution\", \"attributes\": {\"step\": null, \"low\": 0.0, \"high\": 1.0, \"log\": false}}"}
{"op_code":5,"worker_id":"403b31fb-3767-4521-bb2a-c3ae524dc2b0-22852","trial_id":88,"param_name":"unified_gamma","param_value_internal":246.8379410922596,"distribution":"{\"name\": \"FloatDistribution\", \"attributes\": {\"step\": null, \"low\": 1.5, \"high\": 10000.0, \"log\": true}}"}
{"op_code":8,"worker_id":"177e2296-115f-42a5-a619-b0db8b0bd565-6576","trial_id":85,"user_attr":{"gini":0.3728227928541503}}
{"op_code":9,"worker_id":"4324cf5d-c267-48f0-989a-de24cdf8f4da-19068","trial_id":84,"system_attr":{"constraints":[-0.0034429579864847125,0.05076162864710125,0.0,0.02818181818181817,-0.15368146567643698,-47.0,-8.0,0.017589041589041593,0.09999999999999998,-1394.4258555996578,0.009908963585434194,0.035714285714285754]}}
{"op_code":5,"worker_id":"8ef20b41-8604-4919-aad5-95b157780ab4-12024","trial_id":90,"param_name":"unified_alpha","param_value_internal":0.00045419574976940494,"distribution":"{\"name\": \"FloatDistribution\", \"attributes\": {\"step\": null, \"low\": 1e-05, \"high\": 10.0, \"log\": true}}"}
{"op_code":8,"worker_id":"33b6c2a2-8559-426b-9453-acf0c25b5b70-7108","trial_id":86,"user_attr":{"constraints":[-0.0011609148331439417,0.04060046464616216,0.0,0.03060606060606058,-0.12031454310359051,-29.0,-8.0,-0.028576468576468582,-0.09999999999999998,-1505.438054193821,0.02121848739495802,0.050549450549450536]}}
{"op_code":6,"worker_id":"4324cf5d-c267-48f0-989a-de24cdf8f4da-19068","trial_id":84,"state":1,"values":[-0.8548173617669672],"datetime_complete":"2026-07-14T11:43:15.542531"}
{"op_code":8,"worker_id":"33b6c2a2-8559-426b-9453-acf0c25b5b70-7108","trial_id":86,"user_attr":{"pruned_reasons":["M2 (Yearly Tail IC Mean <= 0)","M5 (Monotonicity <= 0.25)","Yearly Daily Win Rate (42.88% < 45%)","Side-specific Yearly Daily Win Rate (39.95% < 45%)"]}}
{"op_code":5,"worker_id":"8ef20b41-8604-4919-aad5-95b157780ab4-12024","trial_id":90,"param_name":"unified_rho","param_value_internal":0.8558740215249918,"distribution":"{\"name\": \"FloatDistribution\", \"attributes\": {\"step\": null, \"low\": 0.0, \"high\": 1.0, \"log\": false}}"}
{"op_code":8,"worker_id":"33b6c2a2-8559-426b-9453-acf0c25b5b70-7108","trial_id":86,"user_attr":{"gini":0.39706095893821014}}
{"op_code":8,"worker_id":"33b6c2a2-8559-426b-9453-acf0c25b5b70-7108","trial_id":86,"user_attr":{"cv_is_ics":[0.09422194957733154,0.08164762705564499,0.11131128668785095,0.04032563045620918,0.08775550127029419,0.10364741832017899,0.07998202741146088,0.05529011785984039,0.0974297747015953,0.10571280121803284,0.07785549759864807,0.07434222847223282,0.12033160775899887,0.10080816596746445,0.04734534025192261]}}
{"op_code":5,"worker_id":"8ef20b41-8604-4919-aad5-95b157780ab4-12024","trial_id":90,"param_name":"unified_gamma","param_value_internal":222.80727133092702,"distribution":"{\"name\": \"FloatDistribution\", \"attributes\": {\"step\": null, \"low\": 1.5, \"high\": 10000.0, \"log\": true}}"}
{"op_code":8,"worker_id":"33b6c2a2-8559-426b-9453-acf0c25b5b70-7108","trial_id":86,"user_attr":{"cv_oos_ics":[0.01886388286948204,-0.0057618701830506325,-0.07274273782968521,-0.0009066908969543874,-0.019433490931987762,0.0029218674171715975,0.001286354847252369,-0.008106894791126251,0.009016124531626701,-0.01886695995926857,0.04780607670545578,0.06530430167913437,0.0015908714849501848,0.019620107486844063,0.060527995228767395]}}
{"op_code":8,"worker_id":"33b6c2a2-8559-426b-9453-acf0c25b5b70-7108","trial_id":86,"user_attr":{"reg_kappa":3.7730091911888524}}
{"op_code":8,"worker_id":"33b6c2a2-8559-426b-9453-acf0c25b5b70-7108","trial_id":86,"user_attr":{"raw_metrics":[-0.2696650920021783,-0.04060046464616216,0.6,0.0011609148331439417,0.21939393939393942,0.12031454310359051,-0.3065672720488216,-0.43315285444259644,0.428781512605042]}}
{"op_code":4,"worker_id":"aa16fc91-1ca6-4526-bc6b-fb420a07f0a4-19068","study_id":0,"datetime_start":"2026-07-14T11:43:15.554193"}
{"op_code":5,"worker_id":"8ef20b41-8604-4919-aad5-95b157780ab4-12024","trial_id":90,"param_name":"huber_delta","param_value_internal":1.1837540418051204,"distribution":"{\"name\": \"FloatDistribution\", \"attributes\": {\"step\": null, \"low\": 0.5, \"high\": 5.0, \"log\": false}}"}
{"op_code":8,"worker_id":"33b6c2a2-8559-426b-9453-acf0c25b5b70-7108","trial_id":86,"user_attr":{"val_metrics":[0.051695706958287894,-0.08799293645517817,-0.006060606060606061,0.28878582302359457,-7.430235065364975]}}
{"op_code":5,"worker_id":"aa16fc91-1ca6-4526-bc6b-fb420a07f0a4-19068","trial_id":91,"param_name":"k_weight","param_value_internal":1.4939532876677173,"distribution":"{\"name\": \"FloatDistribution\", \"attributes\": {\"step\": null, \"low\": 0.0, \"high\": 1.5, \"log\": false}}"}
{"op_code":5,"worker_id":"aa16fc91-1ca6-4526-bc6b-fb420a07f0a4-19068","trial_id":91,"param_name":"unified_alpha","param_value_internal":0.0005115334599940915,"distribution":"{\"name\": \"FloatDistribution\", \"attributes\": {\"step\": null, \"low\": 1e-05, \"high\": 10.0, \"log\": true}}"}
{"op_code":5,"worker_id":"aa16fc91-1ca6-4526-bc6b-fb420a07f0a4-19068","trial_id":91,"param_name":"unified_rho","param_value_internal":0.867565917330793,"distribution":"{\"name\": \"FloatDistribution\", \"attributes\": {\"step\": null, \"low\": 0.0, \"high\": 1.0, \"log\": false}}"}
{"op_code":5,"worker_id":"aa16fc91-1ca6-4526-bc6b-fb420a07f0a4-19068","trial_id":91,"param_name":"unified_gamma","param_value_internal":96.29993194460955,"distribution":"{\"name\": \"FloatDistribution\", \"attributes\": {\"step\": null, \"low\": 1.5, \"high\": 10000.0, \"log\": true}}"}
{"op_code":5,"worker_id":"6b0aea84-a627-4c0f-87fc-c47c71c03b4f-4680","trial_id":89,"param_name":"k_weight","param_value_internal":1.498824517923366,"distribution":"{\"name\": \"FloatDistribution\", \"attributes\": {\"step\": null, \"low\": 0.0, \"high\": 1.5, \"log\": false}}"}
{"op_code":5,"worker_id":"aa16fc91-1ca6-4526-bc6b-fb420a07f0a4-19068","trial_id":91,"param_name":"huber_delta","param_value_internal":1.1027316184566933,"distribution":"{\"name\": \"FloatDistribution\", \"attributes\": {\"step\": null, \"low\": 0.5, \"high\": 5.0, \"log\": false}}"}
{"op_code":5,"worker_id":"6b0aea84-a627-4c0f-87fc-c47c71c03b4f-4680","trial_id":89,"param_name":"unified_alpha","param_value_internal":2.1455995853142683e-05,"distribution":"{\"name\": \"FloatDistribution\", \"attributes\": {\"step\": null, \"low\": 1e-05, \"high\": 10.0, \"log\": true}}"}
{"op_code":5,"worker_id":"6b0aea84-a627-4c0f-87fc-c47c71c03b4f-4680","trial_id":89,"param_name":"unified_rho","param_value_internal":0.8534889313275796,"distribution":"{\"name\": \"FloatDistribution\", \"attributes\": {\"step\": null, \"low\": 0.0, \"high\": 1.0, \"log\": false}}"}
{"op_code":5,"worker_id":"6b0aea84-a627-4c0f-87fc-c47c71c03b4f-4680","trial_id":89,"param_name":"unified_gamma","param_value_internal":208.58274115872345,"distribution":"{\"name\": \"FloatDistribution\", \"attributes\": {\"step\": null, \"low\": 1.5, \"high\": 10000.0, \"log\": true}}"}
{"op_code":8,"worker_id":"5ad5497f-61b8-4097-acc0-f300985d8790-16052","trial_id":87,"user_attr":{"constraints":[-1.2697910246528555e-05,0.05823724523046951,0.19999999999999996,0.06454545454545454,-0.11379486848632558,-29.0,-8.0,0.03430709830709831,0.09999999999999998,-1506.352147545758,0.02121848739495802,0.030158730158730163]}}
{"op_code":5,"worker_id":"403b31fb-3767-4521-bb2a-c3ae524dc2b0-22852","trial_id":88,"param_name":"huber_delta","param_value_internal":1.303170164780071,"distribution":"{\"name\": \"FloatDistribution\", \"attributes\": {\"step\": null, \"low\": 0.5, \"high\": 5.0, \"log\": false}}"}
{"op_code":5,"worker_id":"6b0aea84-a627-4c0f-87fc-c47c71c03b4f-4680","trial_id":89,"param_name":"huber_delta","param_value_internal":2.6573117204479257,"distribution":"{\"name\": \"FloatDistribution\", \"attributes\": {\"step\": null, \"low\": 0.5, \"high\": 5.0, \"log\": false}}"}
{"op_code":8,"worker_id":"5ad5497f-61b8-4097-acc0-f300985d8790-16052","trial_id":87,"user_attr":{"pruned_reasons":["M2 (Yearly Tail IC Mean <= 0)","M3 (Hit Rate < 60%)","M5 (Monotonicity <= 0.25)","Side-specific Yearly Tail IC Mean (-0.0343 <= 0)","Side-specific Hit Rate (40.00% < 50%)","Yearly Daily Win Rate (42.88% < 45%)","Side-specific Yearly Daily Win Rate (41.98% < 45%)"]}}
{"op_code":8,"worker_id":"5ad5497f-61b8-4097-acc0-f300985d8790-16052","trial_id":87,"user_attr":{"gini":0.3839482185964418}}
{"op_code":8,"worker_id":"5ad5497f-61b8-4097-acc0-f300985d8790-16052","trial_id":87,"user_attr":{"cv_is_ics":[0.09528249502182007,0.08611498028039932,0.1116180494427681,0.04422733187675476,0.09011049568653107,0.10713541507720947,0.07937029749155045,0.05844523385167122,0.10446977615356445,0.10794022679328918,0.08463872969150543,0.07686915993690491,0.12251251190900803,0.10240621119737625,0.04907909780740738]}}
{"op_code":8,"worker_id":"5ad5497f-61b8-4097-acc0-f300985d8790-16052","trial_id":87,"user_attr":{"cv_oos_ics":[0.018249953165650368,-0.012937444262206554,-0.06104294955730438,-0.0002931806375272572,-0.020738298073410988,-0.003563925391063094,0.004408480599522591,-0.01195070706307888,0.007491121534258127,-0.021015923470258713,0.0388038232922554,0.06875571608543396,-0.0008789816638454795,0.018295876681804657,0.059680648148059845]}}
{"op_code":8,"worker_id":"5ad5497f-61b8-4097-acc0-f300985d8790-16052","trial_id":87,"user_attr":{"reg_kappa":3.775301489886539}}
{"op_code":8,"worker_id":"5ad5497f-61b8-4097-acc0-f300985d8790-16052","trial_id":87,"user_attr":{"raw_metrics":[-0.3845208517578608,-0.05823724523046951,0.4,1.2697910246528555e-05,0.18545454545454546,0.11379486848632558,-0.30738041974517133,-0.4244043231010437,0.428781512605042]}}
{"op_code":8,"worker_id":"5ad5497f-61b8-4097-acc0-f300985d8790-16052","trial_id":87,"user_attr":{"val_metrics":[0.056811824352761636,-0.2748808446033533,0.47878787878787876,0.06437247400374518,-7.486183020695568]}}
{"op_code":8,"worker_id":"c620419b-8d45-4b41-aa43-7af0bcb2fe3e-11668","trial_id":61,"user_attr":{"val_metrics":[0.0523539703446669,-0.19358609723664824,0.28484848484848485,0.14834036901795672,-6.341768961700376]}}
{"op_code":8,"worker_id":"5ad5497f-61b8-4097-acc0-f300985d8790-16052","trial_id":87,"user_attr":{"deflated_objective":-2.0889306616651697}}
{"op_code":9,"worker_id":"5ad5497f-61b8-4097-acc0-f300985d8790-16052","trial_id":87,"system_attr":{"constraints":[-1.2697910246528555e-05,0.05823724523046951,0.19999999999999996,0.06454545454545454,-0.11379486848632558,-29.0,-8.0,0.03430709830709831,0.09999999999999998,-1506.352147545758,0.02121848739495802,0.030158730158730163]}}
{"op_code":6,"worker_id":"5ad5497f-61b8-4097-acc0-f300985d8790-16052","trial_id":87,"state":1,"values":[-1.6870932366356362],"datetime_complete":"2026-07-14T11:43:15.591232"}
{"op_code":8,"worker_id":"c620419b-8d45-4b41-aa43-7af0bcb2fe3e-11668","trial_id":61,"user_attr":{"deflated_objective":-1.6151912185433552}}
{"op_code":8,"worker_id":"33b6c2a2-8559-426b-9453-acf0c25b5b70-7108","trial_id":86,"user_attr":{"deflated_objective":-2.04012819726228}}
{"op_code":8,"worker_id":"8ef20b41-8604-4919-aad5-95b157780ab4-12024","trial_id":90,"user_attr":{"constraints":[-0.004514351090587764,0.05509226078657079,0.19999999999999996,-0.0009090909090908594,-0.13030556958588407,-47.0,-8.0,0.045000189000189005,0.09999999999999998,-1394.643733983967,0.022408963585434205,0.02619047619047621]}}
{"op_code":9,"worker_id":"33b6c2a2-8559-426b-9453-acf0c25b5b70-7108","trial_id":86,"system_attr":{"constraints":[-0.0011609148331439417,0.04060046464616216,0.0,0.03060606060606058,-0.12031454310359051,-29.0,-8.0,-0.028576468576468582,-0.09999999999999998,-1505.438054193821,0.02121848739495802,0.050549450549450536]}}
{"op_code":6,"worker_id":"33b6c2a2-8559-426b-9453-acf0c25b5b70-7108","trial_id":86,"state":1,"values":[-1.6389553514732387],"datetime_complete":"2026-07-14T11:43:15.598059"}
{"op_code":8,"worker_id":"8ef20b41-8604-4919-aad5-95b157780ab4-12024","trial_id":90,"user_attr":{"pruned_reasons":["M2 (Yearly Tail IC Mean <= 0)","M3 (Hit Rate < 60%)","Side-specific Yearly Tail IC Mean (-0.0450 <= 0)","Side-specific Hit Rate (40.00% < 50%)","Yearly Daily Win Rate (42.76% < 45%)","Side-specific Yearly Daily Win Rate (42.38% < 45%)"]}}
{"op_code":8,"worker_id":"8ef20b41-8604-4919-aad5-95b157780ab4-12024","trial_id":90,"user_attr":{"gini":0.36133009006339734}}
{"op_code":4,"worker_id":"eaa1b500-8bb1-4bd5-9fa6-3034808f7bbc-16052","study_id":0,"datetime_start":"2026-07-14T11:43:15.601537"}
{"op_code":9,"worker_id":"c620419b-8d45-4b41-aa43-7af0bcb2fe3e-11668","trial_id":61,"system_attr":{"constraints":[-0.004549316910077192,0.020838016079728322,0.0,0.06696969696969696,-0.1160495597547708,-40.0,-8.0,-0.023438879438879442,-0.09999999999999998,-1432.1932960269621,0.025385154061624726,0.044993894993895]}}
{"op_code":6,"worker_id":"c620419b-8d45-4b41-aa43-7af0bcb2fe3e-11668","trial_id":61,"state":1,"values":[-1.2166494389326707],"datetime_complete":"2026-07-14T11:43:15.604800"}
{"op_code":8,"worker_id":"8ef20b41-8604-4919-aad5-95b157780ab4-12024","trial_id":90,"user_attr":{"cv_is_ics":[0.09738505631685257,0.0891730934381485,0.11294222623109818,0.053760312497615814,0.09250076860189438,0.11170446872711182,0.08152614533901215,0.06608817726373672,0.11031024903059006,0.1108940839767456,0.08896386623382568,0.08242087811231613,0.12389916181564331,0.10346347838640213,0.05182353034615517]}}
{"op_code":8,"worker_id":"8ef20b41-8604-4919-aad5-95b157780ab4-12024","trial_id":90,"user_attr":{"cv_oos_ics":[0.02070385031402111,-0.012365077622234821,-0.04593037813901901,0.0011633463436737657,-0.019647860899567604,-0.004132653120905161,0.00987646821886301,-0.01597420684993267,0.012958849780261517,-0.025227505713701248,0.029425401240587234,0.07768470048904419,-0.0004027558024972677,0.027707578614354134,0.042686376720666885]}}
{"op_code":4,"worker_id":"40ad0f0a-18e0-4afc-90a7-a2ee41ebbdc9-7108","study_id":0,"datetime_start":"2026-07-14T11:43:15.608560"}
{"op_code":8,"worker_id":"aa16fc91-1ca6-4526-bc6b-fb420a07f0a4-19068","trial_id":91,"user_attr":{"constraints":[-0.0031561576244794956,0.0586374128566031,0.19999999999999996,0.045151515151515165,-0.1298278915286638,-30.0,-7.0,0.02886278886278886,0.09999999999999998,-1504.6909352083735,0.014075630252100901,0.03229548229548229]}}
{"op_code":5,"worker_id":"40ad0f0a-18e0-4afc-90a7-a2ee41ebbdc9-7108","trial_id":93,"param_name":"k_weight","param_value_internal":1.4002528503712355,"distribution":"{\"name\": \"FloatDistribution\", \"attributes\": {\"step\": null, \"low\": 0.0, \"high\": 1.5, \"log\": false}}"}
{"op_code":5,"worker_id":"eaa1b500-8bb1-4bd5-9fa6-3034808f7bbc-16052","trial_id":92,"param_name":"k_weight","param_value_internal":1.3927320947604314,"distribution":"{\"name\": \"FloatDistribution\", \"attributes\": {\"step\": null, \"low\": 0.0, \"high\": 1.5, \"log\": false}}"}
{"op_code":5,"worker_id":"40ad0f0a-18e0-4afc-90a7-a2ee41ebbdc9-7108","trial_id":93,"param_name":"unified_alpha","param_value_internal":0.000156519560839695,"distribution":"{\"name\": \"FloatDistribution\", \"attributes\": {\"step\": null, \"low\": 1e-05, \"high\": 10.0, \"log\": true}}"}
{"op_code":5,"worker_id":"eaa1b500-8bb1-4bd5-9fa6-3034808f7bbc-16052","trial_id":92,"param_name":"unified_alpha","param_value_internal":0.00016755993400764473,"distribution":"{\"name\": \"FloatDistribution\", \"attributes\": {\"step\": null, \"low\": 1e-05, \"high\": 10.0, \"log\": true}}"}
{"op_code":5,"worker_id":"eaa1b500-8bb1-4bd5-9fa6-3034808f7bbc-16052","trial_id":92,"param_name":"unified_rho","param_value_internal":0.7644398580006905,"distribution":"{\"name\": \"FloatDistribution\", \"attributes\": {\"step\": null, \"low\": 0.0, \"high\": 1.0, \"log\": false}}"}
{"op_code":4,"worker_id":"e51d2742-9405-42de-b1eb-95cff05bffb5-20880","study_id":0,"datetime_start":"2026-07-14T11:43:14.591098"}
{"op_code":5,"worker_id":"eaa1b500-8bb1-4bd5-9fa6-3034808f7bbc-16052","trial_id":92,"param_name":"unified_gamma","param_value_internal":44.94340111346142,"distribution":"{\"name\": \"FloatDistribution\", \"attributes\": {\"step\": null, \"low\": 1.5, \"high\": 10000.0, \"log\": true}}"}
{"op_code":8,"worker_id":"403b31fb-3767-4521-bb2a-c3ae524dc2b0-22852","trial_id":88,"user_attr":{"constraints":[-0.0033453814174673802,0.051084132890578136,0.0,0.03545454545454546,-0.16446410368979986,-46.0,-8.0,0.015544227544227554,0.09999999999999998,-1396.8433372136096,0.009908963585434194,0.035714285714285754]}}
{"op_code":5,"worker_id":"eaa1b500-8bb1-4bd5-9fa6-3034808f7bbc-16052","trial_id":92,"param_name":"huber_delta","param_value_internal":1.9437314951869082,"distribution":"{\"name\": \"FloatDistribution\", \"attributes\": {\"step\": null, \"low\": 0.5, \"high\": 5.0, \"log\": false}}"}
{"op_code":8,"worker_id":"403b31fb-3767-4521-bb2a-c3ae524dc2b0-22852","trial_id":88,"user_attr":{"pruned_reasons":["M2 (Yearly Tail IC Mean <= 0)","M5 (Monotonicity <= 0.25)","Side-specific Yearly Tail IC Mean (-0.0155 <= 0)","Side-specific Hit Rate (40.00% < 50%)","Yearly Daily Win Rate (44.01% < 45%)","Side-specific Yearly Daily Win Rate (41.43% < 45%)"]}}
{"op_code":8,"worker_id":"6b0aea84-a627-4c0f-87fc-c47c71c03b4f-4680","trial_id":89,"user_attr":{"constraints":[-0.004914874577902075,0.013097589637362583,0.0,0.12999999999999998,-0.12185206771875193,-29.0,-8.0,-0.02871566871566871,0.09999999999999998,-1506.4739152031816,0.03960084033613448,0.04713064713064713]}}
{"op_code":8,"worker_id":"403b31fb-3767-4521-bb2a-c3ae524dc2b0-22852","trial_id":88,"user_attr":{"gini":0.36607196204070225}}
{"op_code":8,"worker_id":"403b31fb-3767-4521-bb2a-c3ae524dc2b0-22852","trial_id":88,"user_attr":{"cv_is_ics":[0.09582451730966568,0.0877036303281784,0.11178295314311981,0.05065857991576195,0.09188489615917206,0.11037173867225647,0.08139144629240036,0.06395923346281052,0.10789982974529266,0.11046760529279709,0.08636648207902908,0.08080235868692398,0.12327398359775543,0.1025337278842926,0.05059162899851799]}}
{"op_code":8,"worker_id":"403b31fb-3767-4521-bb2a-c3ae524dc2b0-22852","trial_id":88,"user_attr":{"cv_oos_ics":[0.021112624555826187,-0.013823702931404114,-0.050345294177532196,0.000507573364302516,-0.01962968334555626,-0.005665028002113104,0.008265865966677666,-0.015651777386665344,0.011935844086110592,-0.025087982416152954,0.031057976186275482,0.0761914774775505,-0.00049231929006055,0.025780893862247467,0.04734422266483307]}}
{"op_code":8,"worker_id":"403b31fb-3767-4521-bb2a-c3ae524dc2b0-22852","trial_id":88,"user_attr":{"reg_kappa":3.5008438471814665}}
{"op_code":8,"worker_id":"403b31fb-3767-4521-bb2a-c3ae524dc2b0-22852","trial_id":88,"user_attr":{"raw_metrics":[-0.33315791393652805,-0.051084132890578136,0.6,0.0033453814174673802,0.21454545454545454,0.16446410368979986,-0.2168273781824017,-0.3242061138153076,0.4400910364145658]}}
{"op_code":8,"worker_id":"403b31fb-3767-4521-bb2a-c3ae524dc2b0-22852","trial_id":88,"user_attr":{"val_metrics":[0.051620934646650525,-0.2857499786825692,0.23636363636363636,0.2510405340758355,-4.863058239773234]}}
{"op_code":5,"worker_id":"40ad0f0a-18e0-4afc-90a7-a2ee41ebbdc9-7108","trial_id":93,"param_name":"unified_rho","param_value_internal":0.7601426740299504,"distribution":"{\"name\": \"FloatDistribution\", \"attributes\": {\"step\": null, \"low\": 0.0, \"high\": 1.0, \"log\": false}}"}
{"op_code":8,"worker_id":"6b0aea84-a627-4c0f-87fc-c47c71c03b4f-4680","trial_id":89,"user_attr":{"pruned_reasons":["M2 (Yearly Tail IC Mean <= 0)","M5 (Monotonicity <= 0.25)","Side-specific Hit Rate (40.00% < 50%)","Yearly Daily Win Rate (41.04% < 45%)","Side-specific Yearly Daily Win Rate (40.29% < 45%)"]}}
{"op_code":8,"worker_id":"6b0aea84-a627-4c0f-87fc-c47c71c03b4f-4680","trial_id":89,"user_attr":{"gini":0.4073091304248684}}
{"op_code":8,"worker_id":"403b31fb-3767-4521-bb2a-c3ae524dc2b0-22852","trial_id":88,"user_attr":{"deflated_objective":-1.0628444238122317}}
{"op_code":5,"worker_id":"40ad0f0a-18e0-4afc-90a7-a2ee41ebbdc9-7108","trial_id":93,"param_name":"unified_gamma","param_value_internal":50.033107696151816,"distribution":"{\"name\": \"FloatDistribution\", \"attributes\": {\"step\": null, \"low\": 1.5, \"high\": 10000.0, \"log\": true}}"}
{"op_code":9,"worker_id":"403b31fb-3767-4521-bb2a-c3ae524dc2b0-22852","trial_id":88,"system_attr":{"constraints":[-0.0033453814174673802,0.051084132890578136,0.0,0.03545454545454546,-0.16446410368979986,-46.0,-8.0,0.015544227544227554,0.09999999999999998,-1396.8433372136096,0.009908963585434194,0.035714285714285754]}}
{"op_code":6,"worker_id":"403b31fb-3767-4521-bb2a-c3ae524dc2b0-22852","trial_id":88,"state":1,"values":[-0.6669524912134381],"datetime_complete":"2026-07-14T11:43:15.640722"}
{"op_code":5,"worker_id":"40ad0f0a-18e0-4afc-90a7-a2ee41ebbdc9-7108","trial_id":93,"param_name":"huber_delta","param_value_internal":1.9272437031578216,"distribution":"{\"name\": \"FloatDistribution\", \"attributes\": {\"step\": null, \"low\": 0.5, \"high\": 5.0, \"log\": false}}"}
{"op_code":8,"worker_id":"8ef20b41-8604-4919-aad5-95b157780ab4-12024","trial_id":90,"user_attr":{"reg_kappa":3.4949798527029787}}
{"op_code":8,"worker_id":"8ef20b41-8604-4919-aad5-95b157780ab4-12024","trial_id":90,"user_attr":{"raw_metrics":[-0.35630299997643994,-0.05509226078657079,0.4,0.004514351090587764,0.25090909090909086,0.13030556958588407,-0.2151600195949448,-0.314378023147583,0.4275910364145658]}}
{"op_code":8,"worker_id":"6b0aea84-a627-4c0f-87fc-c47c71c03b4f-4680","trial_id":89,"user_attr":{"cv_is_ics":[0.0893518477678299,0.06688956916332245,0.1085282564163208,0.03651971369981766,0.08129347115755081,0.09256432205438614,0.07057121396064758,0.04573481157422066,0.08550796657800674,0.09728533029556274,0.054806970059871674,0.06276308745145798,0.11058099567890167,0.09854648262262344,0.04448390379548073]}}
{"op_code":8,"worker_id":"8ef20b41-8604-4919-aad5-95b157780ab4-12024","trial_id":90,"user_attr":{"val_metrics":[0.048893525565020676,-0.19826843196669755,0.16363636363636364,0.38711285183503147,-5.5134873127940764]}}
{"op_code":8,"worker_id":"6b0aea84-a627-4c0f-87fc-c47c71c03b4f-4680","trial_id":89,"user_attr":{"cv_oos_ics":[0.013292615301907063,0.016237158328294754,-0.07731257379055023,0.0201138723641634,-0.008126737549901009,0.0133567089214921,0.0015481880400329828,-0.00552620692178607,0.02256799302995205,-0.021310504525899887,0.0837176963686943,0.05739457160234451,0.0018228968838229775,0.018644416704773903,0.07406488806009293]}}
{"op_code":8,"worker_id":"6b0aea84-a627-4c0f-87fc-c47c71c03b4f-4680","trial_id":89,"user_attr":{"reg_kappa":3.775604144962967}}
{"op_code":8,"worker_id":"6b0aea84-a627-4c0f-87fc-c47c71c03b4f-4680","trial_id":89,"user_attr":{"raw_metrics":[-0.08644781069648033,-0.013097589637362583,0.6,0.004914874577902075,0.12000000000000002,0.12185206771875193,-0.30748864017785926,-0.45778146386146545,0.41039915966386553]}}
{"op_code":8,"worker_id":"8ef20b41-8604-4919-aad5-95b157780ab4-12024","trial_id":90,"user_attr":{"deflated_objective":-1.2941668743957184}}
{"op_code":9,"worker_id":"8ef20b41-8604-4919-aad5-95b157780ab4-12024","trial_id":90,"system_attr":{"constraints":[-0.004514351090587764,0.05509226078657079,0.19999999999999996,-0.0009090909090908594,-0.13030556958588407,-47.0,-8.0,0.045000189000189005,0.09999999999999998,-1394.643733983967,0.022408963585434205,0.02619047619047621]}}
{"op_code":6,"worker_id":"8ef20b41-8604-4919-aad5-95b157780ab4-12024","trial_id":90,"state":1,"values":[-0.8996769698930445],"datetime_complete":"2026-07-14T11:43:15.654692"}
{"op_code":8,"worker_id":"6b0aea84-a627-4c0f-87fc-c47c71c03b4f-4680","trial_id":89,"user_attr":{"val_metrics":[0.06921290125247645,-0.22326967263836348,0.2,0.21981051176502975,-6.300539990380841]}}
{"op_code":5,"worker_id":"e51d2742-9405-42de-b1eb-95cff05bffb5-20880","trial_id":94,"param_name":"k_weight","param_value_internal":1.401234865532446,"distribution":"{\"name\": \"FloatDistribution\", \"attributes\": {\"step\": null, \"low\": 0.0, \"high\": 1.5, \"log\": false}}"}
{"op_code":8,"worker_id":"6b0aea84-a627-4c0f-87fc-c47c71c03b4f-4680","trial_id":89,"user_attr":{"deflated_objective":-1.6107507662484697}}
{"op_code":5,"worker_id":"e51d2742-9405-42de-b1eb-95cff05bffb5-20880","trial_id":94,"param_name":"unified_alpha","param_value_internal":0.00043527749812345023,"distribution":"{\"name\": \"FloatDistribution\", \"attributes\": {\"step\": null, \"low\": 1e-05, \"high\": 10.0, \"log\": true}}"}
{"op_code":9,"worker_id":"6b0aea84-a627-4c0f-87fc-c47c71c03b4f-4680","trial_id":89,"system_attr":{"constraints":[-0.004914874577902075,0.013097589637362583,0.0,0.12999999999999998,-0.12185206771875193,-29.0,-8.0,-0.02871566871566871,0.09999999999999998,-1506.4739152031816,0.03960084033613448,0.04713064713064713]}}
{"op_code":5,"worker_id":"e51d2742-9405-42de-b1eb-95cff05bffb5-20880","trial_id":94,"param_name":"unified_rho","param_value_internal":0.6887275965874992,"distribution":"{\"name\": \"FloatDistribution\", \"attributes\": {\"step\": null, \"low\": 0.0, \"high\": 1.0, \"log\": false}}"}
{"op_code":4,"worker_id":"b3a0c3b4-c12a-4d1a-8632-99922ec098f8-12024","study_id":0,"datetime_start":"2026-07-14T11:43:15.665451"}
{"op_code":5,"worker_id":"e51d2742-9405-42de-b1eb-95cff05bffb5-20880","trial_id":94,"param_name":"unified_gamma","param_value_internal":88.0764323721133,"distribution":"{\"name\": \"FloatDistribution\", \"attributes\": {\"step\": null, \"low\": 1.5, \"high\": 10000.0, \"log\": true}}"}
{"op_code":8,"worker_id":"eaa1b500-8bb1-4bd5-9fa6-3034808f7bbc-16052","trial_id":92,"user_attr":{"constraints":[-0.0036956084112174034,0.02416647292101215,0.0,0.02575757575757573,-0.13115197044021923,-34.0,-8.0,-0.02583601383601384,-0.09999999999999998,-1469.1241050487738,0.02121848739495802,0.044993894993895]}}
{"op_code":5,"worker_id":"b3a0c3b4-c12a-4d1a-8632-99922ec098f8-12024","trial_id":95,"param_name":"k_weight","param_value_internal":1.3840076064481526,"distribution":"{\"name\": \"FloatDistribution\", \"attributes\": {\"step\": null, \"low\": 0.0, \"high\": 1.5, \"log\": false}}"}
{"op_code":8,"worker_id":"177e2296-115f-42a5-a619-b0db8b0bd565-6576","trial_id":85,"user_attr":{"cv_is_ics":[0.09292124956846237,0.08396321535110474,0.11025379598140717,0.04450856149196625,0.08969825506210327,0.10745930671691895,0.08232805132865906,0.06077776104211807,0.1011839359998703,0.10803395509719849,0.08060736209154129,0.07611298561096191,0.1220846101641655,0.10287536680698395,0.049882922321558]}}
{"op_code":8,"worker_id":"eaa1b500-8bb1-4bd5-9fa6-3034808f7bbc-16052","trial_id":92,"user_attr":{"pruned_reasons":["M2 (Yearly Tail IC Mean <= 0)","M5 (Monotonicity <= 0.25)","Yearly Daily Win Rate (42.88% < 45%)","Side-specific Yearly Daily Win Rate (40.50% < 45%)"]}}
{"op_code":6,"worker_id":"6b0aea84-a627-4c0f-87fc-c47c71c03b4f-4680","trial_id":89,"state":1,"values":[-1.218830235959392],"datetime_complete":"2026-07-14T11:43:15.666198"}
{"op_code":5,"worker_id":"b3a0c3b4-c12a-4d1a-8632-99922ec098f8-12024","trial_id":95,"param_name":"unified_alpha","param_value_internal":0.00017273018449586938,"distribution":"{\"name\": \"FloatDistribution\", \"attributes\": {\"step\": null, \"low\": 1e-05, \"high\": 10.0, \"log\": true}}"}
{"op_code":8,"worker_id":"177e2296-115f-42a5-a619-b0db8b0bd565-6576","trial_id":85,"user_attr":{"cv_oos_ics":[0.0223680529743433,-0.01349455676972866,-0.060767680406570435,-0.0027469417545944452,-0.02214411459863186,0.0008841591188684106,0.003905105870217085,-0.012898541055619717,0.009398103691637516,-0.024405620992183685,0.032132457941770554,0.0716511532664299,0.0002920609258580953,0.024122966453433037,0.05178548023104668]}}
{"op_code":5,"worker_id":"b3a0c3b4-c12a-4d1a-8632-99922ec098f8-12024","trial_id":95,"param_name":"unified_rho","param_value_internal":0.6882837721022581,"distribution":"{\"name\": \"FloatDistribution\", \"attributes\": {\"step\": null, \"low\": 0.0, \"high\": 1.0, \"log\": false}}"}
{"op_code":8,"worker_id":"177e2296-115f-42a5-a619-b0db8b0bd565-6576","trial_id":85,"user_attr":{"reg_kappa":3.4893690543502895}}
{"op_code":8,"worker_id":"177e2296-115f-42a5-a619-b0db8b0bd565-6576","trial_id":85,"user_attr":{"raw_metrics":[-0.28859391153297864,-0.043273503002659516,0.6,0.00262397624124915,0.2363636363636364,0.12326071584443314,-0.2133645879116407,-0.32541561126708984,0.4400910364145658]}}
{"op_code":8,"worker_id":"40ad0f0a-18e0-4afc-90a7-a2ee41ebbdc9-7108","trial_id":93,"user_attr":{"constraints":[-0.003531356704864577,0.026261229585767033,0.0,0.023333333333333345,-0.13115197044021923,-33.0,-8.0,-0.02014892014892015,-0.09999999999999998,-1471.6714586005196,0.02121848739495802,0.044993894993895]}}
{"op_code":8,"worker_id":"177e2296-115f-42a5-a619-b0db8b0bd565-6576","trial_id":85,"user_attr":{"val_metrics":[0.05979381535258539,-0.09858510028346548,0.22424242424242424,0.274052740952027,-8.016494398444731]}}
{"op_code":8,"worker_id":"40ad0f0a-18e0-4afc-90a7-a2ee41ebbdc9-7108","trial_id":93,"user_attr":{"pruned_reasons":["M2 (Yearly Tail IC Mean <= 0)","M5 (Monotonicity <= 0.25)","Yearly Daily Win Rate (42.88% < 45%)","Side-specific Yearly Daily Win Rate (40.50% < 45%)"]}}
{"op_code":8,"worker_id":"40ad0f0a-18e0-4afc-90a7-a2ee41ebbdc9-7108","trial_id":93,"user_attr":{"gini":0.4062765666991177}}
{"op_code":8,"worker_id":"40ad0f0a-18e0-4afc-90a7-a2ee41ebbdc9-7108","trial_id":93,"user_attr":{"cv_is_ics":[0.09228968620300293,0.07707507908344269,0.10956231504678726,0.038298338651657104,0.08667390048503876,0.10035232454538345,0.07887516170740128,0.052200812846422195,0.09378376603126526,0.10410812497138977,0.07216322422027588,0.07106368243694305,0.11760536581277847,0.10138335824012756,0.04829113930463791]}}
{"op_code":8,"worker_id":"177e2296-115f-42a5-a619-b0db8b0bd565-6576","trial_id":85,"user_attr":{"deflated_objective":-2.2491044683241728}}
{"op_code":9,"worker_id":"177e2296-115f-42a5-a619-b0db8b0bd565-6576","trial_id":85,"system_attr":{"constraints":[-0.00262397624124915,0.043273503002659516,0.0,0.013636363636363613,-0.12326071584443314,-47.0,-8.0,0.029679569679569678,0.09999999999999998,-1392.2643960518508,0.009908963585434194,0.022771672771672802]}}
{"op_code":6,"worker_id":"177e2296-115f-42a5-a619-b0db8b0bd565-6576","trial_id":85,"state":1,"values":[-1.853855836345233],"datetime_complete":"2026-07-14T11:43:15.692617"}
{"op_code":8,"worker_id":"10e4bc81-f365-40e5-9cd1-2c9554e79ad5-18156","trial_id":74,"user_attr":{"deflated_objective":-1.849613000678482}}
{"op_code":4,"worker_id":"f30c5105-b48f-49a1-b85c-a4a4d8471d94-11668","study_id":0,"datetime_start":"2026-07-14T11:43:15.694101"}
{"op_code":5,"worker_id":"b3a0c3b4-c12a-4d1a-8632-99922ec098f8-12024","trial_id":95,"param_name":"unified_gamma","param_value_internal":101.83135823684559,"distribution":"{\"name\": \"FloatDistribution\", \"attributes\": {\"step\": null, \"low\": 1.5, \"high\": 10000.0, \"log\": true}}"}
{"op_code":5,"worker_id":"f30c5105-b48f-49a1-b85c-a4a4d8471d94-11668","trial_id":96,"param_name":"k_weight","param_value_internal":1.3871828055260835,"distribution":"{\"name\": \"FloatDistribution\", \"attributes\": {\"step\": null, \"low\": 0.0, \"high\": 1.5, \"log\": false}}"}
{"op_code":5,"worker_id":"b3a0c3b4-c12a-4d1a-8632-99922ec098f8-12024","trial_id":95,"param_name":"huber_delta","param_value_internal":2.21591104965673,"distribution":"{\"name\": \"FloatDistribution\", \"attributes\": {\"step\": null, \"low\": 0.5, \"high\": 5.0, \"log\": false}}"}
{"op_code":5,"worker_id":"f30c5105-b48f-49a1-b85c-a4a4d8471d94-11668","trial_id":96,"param_name":"unified_alpha","param_value_internal":0.00015424093017950085,"distribution":"{\"name\": \"FloatDistribution\", \"attributes\": {\"step\": null, \"low\": 1e-05, \"high\": 10.0, \"log\": true}}"}
{"op_code":4,"worker_id":"6a83b40d-c96f-4d55-b297-d70b863ed6c9-6576","study_id":0,"datetime_start":"2026-07-14T11:43:15.703064"}
{"op_code":5,"worker_id":"f30c5105-b48f-49a1-b85c-a4a4d8471d94-11668","trial_id":96,"param_name":"unified_rho","param_value_internal":0.6919947539054567,"distribution":"{\"name\": \"FloatDistribution\", \"attributes\": {\"step\": null, \"low\": 0.0, \"high\": 1.0, \"log\": false}}"}
{"op_code":9,"worker_id":"10e4bc81-f365-40e5-9cd1-2c9554e79ad5-18156","trial_id":74,"system_attr":{"constraints":[-0.002946326638653013,0.035281323005201995,0.0,0.06212121212121213,-0.10810213779379987,-39.0,-8.0,7.774807774807991e-05,-0.09999999999999998,-1436.2569199166016,0.02121848739495802,0.044993894993895]}}
{"op_code":5,"worker_id":"f30c5105-b48f-49a1-b85c-a4a4d8471d94-11668","trial_id":96,"param_name":"unified_gamma","param_value_internal":49.07910836858716,"distribution":"{\"name\": \"FloatDistribution\", \"attributes\": {\"step\": null, \"low\": 1.5, \"high\": 10000.0, \"log\": true}}"}
{"op_code":8,"worker_id":"40ad0f0a-18e0-4afc-90a7-a2ee41ebbdc9-7108","trial_id":93,"user_attr":{"cv_oos_ics":[0.01575533114373684,-0.0009998922469094396,-0.07008522003889084,0.002060661092400551,-0.014326929114758968,0.008260129019618034,0.0009408359182998538,-0.004796684253960848,0.013215120881795883,-0.018960023298859596,0.051151834428310394,0.06436357647180557,0.0012660638894885778,0.02137710154056549,0.06418586522340775]}}
{"op_code":8,"worker_id":"40ad0f0a-18e0-4afc-90a7-a2ee41ebbdc9-7108","trial_id":93,"user_attr":{"reg_kappa":3.688171984197286}}
{"op_code":6,"worker_id":"10e4bc81-f365-40e5-9cd1-2c9554e79ad5-18156","trial_id":74,"state":1,"values":[-1.4257916600873544],"datetime_complete":"2026-07-14T11:43:15.706741"}
{"op_code":8,"worker_id":"40ad0f0a-18e0-4afc-90a7-a2ee41ebbdc9-7108","trial_id":93,"user_attr":{"raw_metrics":[-0.1751556823338132,-0.026261229585767033,0.6,0.003531356704864577,0.22666666666666666,0.13115197044021923,-0.27718544695717356,-0.4076707363128662,0.428781512605042]}}
{"op_code":8,"worker_id":"40ad0f0a-18e0-4afc-90a7-a2ee41ebbdc9-7108","trial_id":93,"user_attr":{"val_metrics":[0.053661595651753796,-0.2834369754794894,0.2606060606060606,0.24216662867980052,-6.266859868072595]}}
{"op_code":5,"worker_id":"6a83b40d-c96f-4d55-b297-d70b863ed6c9-6576","trial_id":97,"param_name":"k_weight","param_value_internal":1.3986605564354266,"distribution":"{\"name\": \"FloatDistribution\", \"attributes\": {\"step\": null, \"low\": 0.0, \"high\": 1.5, \"log\": false}}"}
{"op_code":5,"worker_id":"6a83b40d-c96f-4d55-b297-d70b863ed6c9-6576","trial_id":97,"param_name":"unified_alpha","param_value_internal":0.0001818538032898013,"distribution":"{\"name\": \"FloatDistribution\", \"attributes\": {\"step\": null, \"low\": 1e-05, \"high\": 10.0, \"log\": true}}"}
{"op_code":8,"worker_id":"40ad0f0a-18e0-4afc-90a7-a2ee41ebbdc9-7108","trial_id":93,"user_attr":{"deflated_objective":-1.6127457751697825}}
{"op_code":4,"worker_id":"f29a85bb-c9ca-4e37-9c13-82633a266197-4680","study_id":0,"datetime_start":"2026-07-14T11:43:15.686345"}
{"op_code":9,"worker_id":"40ad0f0a-18e0-4afc-90a7-a2ee41ebbdc9-7108","trial_id":93,"system_attr":{"constraints":[-0.003531356704864577,0.026261229585767033,0.0,0.023333333333333345,-0.13115197044021923,-33.0,-8.0,-0.02014892014892015,-0.09999999999999998,-1471.6714586005196,0.02121848739495802,0.044993894993895]}}
{"op_code":6,"worker_id":"40ad0f0a-18e0-4afc-90a7-a2ee41ebbdc9-7108","trial_id":93,"state":1,"values":[-1.2249196326714016],"datetime_complete":"2026-07-14T11:43:15.722485"}
{"op_code":5,"worker_id":"f29a85bb-c9ca-4e37-9c13-82633a266197-4680","trial_id":98,"param_name":"k_weight","param_value_internal":1.389694540984749,"distribution":"{\"name\": \"FloatDistribution\", \"attributes\": {\"step\": null, \"low\": 0.0, \"high\": 1.5, \"log\": false}}"}
{"op_code":5,"worker_id":"f30c5105-b48f-49a1-b85c-a4a4d8471d94-11668","trial_id":96,"param_name":"huber_delta","param_value_internal":2.2052459891026994,"distribution":"{\"name\": \"FloatDistribution\", \"attributes\": {\"step\": null, \"low\": 0.5, \"high\": 5.0, \"log\": false}}"}
{"op_code":5,"worker_id":"6a83b40d-c96f-4d55-b297-d70b863ed6c9-6576","trial_id":97,"param_name":"unified_rho","param_value_internal":0.6895858346670288,"distribution":"{\"name\": \"FloatDistribution\", \"attributes\": {\"step\": null, \"low\": 0.0, \"high\": 1.0, \"log\": false}}"}
{"op_code":5,"worker_id":"6a83b40d-c96f-4d55-b297-d70b863ed6c9-6576","trial_id":97,"param_name":"unified_gamma","param_value_internal":97.9152216438931,"distribution":"{\"name\": \"FloatDistribution\", \"attributes\": {\"step\": null, \"low\": 1.5, \"high\": 10000.0, \"log\": true}}"}
{"op_code":5,"worker_id":"f29a85bb-c9ca-4e37-9c13-82633a266197-4680","trial_id":98,"param_name":"unified_alpha","param_value_internal":0.0001618597832204299,"distribution":"{\"name\": \"FloatDistribution\", \"attributes\": {\"step\": null, \"low\": 1e-05, \"high\": 10.0, \"log\": true}}"}
{"op_code":5,"worker_id":"6a83b40d-c96f-4d55-b297-d70b863ed6c9-6576","trial_id":97,"param_name":"huber_delta","param_value_internal":2.2035322874491317,"distribution":"{\"name\": \"FloatDistribution\", \"attributes\": {\"step\": null, \"low\": 0.5, \"high\": 5.0, \"log\": false}}"}
{"op_code":5,"worker_id":"f29a85bb-c9ca-4e37-9c13-82633a266197-4680","trial_id":98,"param_name":"unified_rho","param_value_internal":0.7622772342812348,"distribution":"{\"name\": \"FloatDistribution\", \"attributes\": {\"step\": null, \"low\": 0.0, \"high\": 1.0, \"log\": false}}"}
{"op_code":5,"worker_id":"f29a85bb-c9ca-4e37-9c13-82633a266197-4680","trial_id":98,"param_name":"unified_gamma","param_value_internal":96.44832488637215,"distribution":"{\"name\": \"FloatDistribution\", \"attributes\": {\"step\": null, \"low\": 1.5, \"high\": 10000.0, \"log\": true}}"}
{"op_code":5,"worker_id":"f29a85bb-c9ca-4e37-9c13-82633a266197-4680","trial_id":98,"param_name":"huber_delta","param_value_internal":2.17622062357903,"distribution":"{\"name\": \"FloatDistribution\", \"attributes\": {\"step\": null, \"low\": 0.5, \"high\": 5.0, \"log\": false}}"}
{"op_code":5,"worker_id":"e51d2742-9405-42de-b1eb-95cff05bffb5-20880","trial_id":94,"param_name":"huber_delta","param_value_internal":2.636792963350131,"distribution":"{\"name\": \"FloatDistribution\", \"attributes\": {\"step\": null, \"low\": 0.5, \"high\": 5.0, \"log\": false}}"}
{"op_code":8,"worker_id":"b3a0c3b4-c12a-4d1a-8632-99922ec098f8-12024","trial_id":95,"user_attr":{"constraints":[-0.00532167834440575,0.01920898446752809,0.0,0.03303030303030302,-0.08697446810858486,-34.0,-8.0,0.01758796158796159,-0.09999999999999998,-1466.1879386454095,0.03371848739495803,0.02777777777777779]}}
{"op_code":8,"worker_id":"eaa1b500-8bb1-4bd5-9fa6-3034808f7bbc-16052","trial_id":92,"user_attr":{"gini":0.40612809203375155}}
{"op_code":8,"worker_id":"eaa1b500-8bb1-4bd5-9fa6-3034808f7bbc-16052","trial_id":92,"user_attr":{"cv_is_ics":[0.09242455661296844,0.07646884769201279,0.10952974110841751,0.038302671164274216,0.08651399612426758,0.10024123638868332,0.07895224541425705,0.052450992166996,0.09359824657440186,0.10406828671693802,0.07169873267412186,0.07112497836351395,0.11745575070381165,0.10124944895505905,0.048384107649326324]}}
{"op_code":8,"worker_id":"eaa1b500-8bb1-4bd5-9fa6-3034808f7bbc-16052","trial_id":92,"user_attr":{"cv_oos_ics":[0.01596888341009617,-0.0013756389962509274,-0.07000838965177536,0.002740784315392375,-0.014566134661436081,0.008036919869482517,0.0012324769049882889,-0.004519457463175058,0.013628735207021236,-0.018295293673872948,0.051494136452674866,0.06430724263191223,0.0009770817123353481,0.021462570875883102,0.06443256884813309]}}
{"op_code":8,"worker_id":"eaa1b500-8bb1-4bd5-9fa6-3034808f7bbc-16052","trial_id":92,"user_attr":{"reg_kappa":3.681776451470322}}
{"op_code":8,"worker_id":"eaa1b500-8bb1-4bd5-9fa6-3034808f7bbc-16052","trial_id":92,"user_attr":{"raw_metrics":[-0.1627812025243025,-0.02416647292101215,0.6,0.0036956084112174034,0.22424242424242427,0.13115197044021923,-0.2750210127012347,-0.405811071395874,0.428781512605042]}}
{"op_code":8,"worker_id":"eaa1b500-8bb1-4bd5-9fa6-3034808f7bbc-16052","trial_id":92,"user_attr":{"val_metrics":[0.05376752309324007,-0.2810402335355238,0.2606060606060606,0.12550748433526335,-6.263595859300251]}}
{"op_code":8,"worker_id":"b3a0c3b4-c12a-4d1a-8632-99922ec098f8-12024","trial_id":95,"user_attr":{"pruned_reasons":["M2 (Yearly Tail IC Mean <= 0)","M5 (Monotonicity <= 0.25)","Side-specific Yearly Tail IC Mean (-0.0176 <= 0)","Yearly Daily Win Rate (41.63% < 45%)","Side-specific Yearly Daily Win Rate (42.22% < 45%)"]}}
{"op_code":8,"worker_id":"b3a0c3b4-c12a-4d1a-8632-99922ec098f8-12024","trial_id":95,"user_attr":{"gini":0.40585792861231385}}
{"op_code":8,"worker_id":"eaa1b500-8bb1-4bd5-9fa6-3034808f7bbc-16052","trial_id":92,"user_attr":{"deflated_objective":-1.6064963124871319}}
{"op_code":9,"worker_id":"eaa1b500-8bb1-4bd5-9fa6-3034808f7bbc-16052","trial_id":92,"system_attr":{"constraints":[-0.0036956084112174034,0.02416647292101215,0.0,0.02575757575757573,-0.13115197044021923,-34.0,-8.0,-0.02583601383601384,-0.09999999999999998,-1469.1241050487738,0.02121848739495802,0.044993894993895]}}
{"op_code":8,"worker_id":"b3a0c3b4-c12a-4d1a-8632-99922ec098f8-12024","trial_id":95,"user_attr":{"cv_is_ics":[0.09070940315723419,0.07364897429943085,0.10891474783420563,0.037818748503923416,0.08560610562562943,0.0974307656288147,0.07666776329278946,0.050955336540937424,0.09027408063411713,0.10168251395225525,0.06635117530822754,0.06799253821372986,0.1156153455376625,0.10139515995979309,0.04863259196281433]}}
{"op_code":8,"worker_id":"b3a0c3b4-c12a-4d1a-8632-99922ec098f8-12024","trial_id":95,"user_attr":{"cv_oos_ics":[0.015134683810174465,0.006205209530889988,-0.0701984316110611,0.010390070267021656,-0.009380346164107323,0.012309655547142029,0.000735259847715497,-0.00716773746535182,0.0183845367282629,-0.019608518108725548,0.06373830884695053,0.06294138729572296,0.0009197050821967423,0.021068520843982697,0.06928910315036774]}}
{"op_code":5,"worker_id":"562318a8-3af1-4f8d-9a23-0ba97466c1a9-8436","trial_id":5,"param_name":"unified_alpha","param_value_internal":2.2358342417700436,"distribution":"{\"name\": \"FloatDistribution\", \"attributes\": {\"step\": null, \"low\": 1e-05, \"high\": 10.0, \"log\": true}}"}
{"op_code":8,"worker_id":"b3a0c3b4-c12a-4d1a-8632-99922ec098f8-12024","trial_id":95,"user_attr":{"reg_kappa":3.6743317098150987}}
{"op_code":8,"worker_id":"b3a0c3b4-c12a-4d1a-8632-99922ec098f8-12024","trial_id":95,"user_attr":{"raw_metrics":[-0.13683516112592004,-0.01920898446752809,0.6,0.00532167834440575,0.21696969696969698,0.08697446810858486,-0.27253502682467573,-0.4105718433856964,0.416281512605042]}}
{"op_code":8,"worker_id":"b3a0c3b4-c12a-4d1a-8632-99922ec098f8-12024","trial_id":95,"user_attr":{"val_metrics":[0.05526652991225595,-0.14780654520158318,0.12727272727272726,0.2622149572876431,-7.274427122387053]}}
{"op_code":5,"worker_id":"18079136-944d-4f4d-a6c4-ff56665cf9dc-31796","trial_id":7,"param_name":"unified_rho","param_value_internal":0.21077063993129397,"distribution":"{\"name\": \"FloatDistribution\", \"attributes\": {\"step\": null, \"low\": 0.0, \"high\": 1.0, \"log\": false}}"}
{"op_code":6,"worker_id":"eaa1b500-8bb1-4bd5-9fa6-3034808f7bbc-16052","trial_id":92,"state":1,"values":[-1.2226447396409563],"datetime_complete":"2026-07-14T11:43:15.755103"}
{"op_code":8,"worker_id":"f30c5105-b48f-49a1-b85c-a4a4d8471d94-11668","trial_id":96,"user_attr":{"constraints":[-0.005059989293444718,0.018828920483020123,0.0,0.03303030303030302,-0.08697446810858486,-34.0,-8.0,0.018118866118866123,-0.09999999999999998,-1467.2542971315336,0.03371848739495803,0.02777777777777779]}}
{"op_code":8,"worker_id":"b3a0c3b4-c12a-4d1a-8632-99922ec098f8-12024","trial_id":95,"user_attr":{"deflated_objective":-1.9723775824356549}}
{"op_code":9,"worker_id":"b3a0c3b4-c12a-4d1a-8632-99922ec098f8-12024","trial_id":95,"system_attr":{"constraints":[-0.00532167834440575,0.01920898446752809,0.0,0.03303030303030302,-0.08697446810858486,-34.0,-8.0,0.01758796158796159,-0.09999999999999998,-1466.1879386454095,0.03371848739495803,0.02777777777777779]}}
{"op_code":6,"worker_id":"b3a0c3b4-c12a-4d1a-8632-99922ec098f8-12024","trial_id":95,"state":1,"values":[-1.5868672021571104],"datetime_complete":"2026-07-14T11:43:15.768660"}
{"op_code":8,"worker_id":"6a83b40d-c96f-4d55-b297-d70b863ed6c9-6576","trial_id":97,"user_attr":{"constraints":[-0.005252107720307439,0.018188576304262783,0.0,0.042727272727272725,-0.08697446810858486,-33.0,-8.0,0.01836016236016236,-0.09999999999999998,-1471.1309547841204,0.03371848739495803,0.02777777777777779]}}
{"op_code":5,"worker_id":"18079136-944d-4f4d-a6c4-ff56665cf9dc-31796","trial_id":7,"param_name":"unified_gamma","param_value_internal":347.4398816847049,"distribution":"{\"name\": \"FloatDistribution\", \"attributes\": {\"step\": null, \"low\": 1.5, \"high\": 10000.0, \"log\": true}}"}
{"op_code":8,"worker_id":"6a83b40d-c96f-4d55-b297-d70b863ed6c9-6576","trial_id":97,"user_attr":{"pruned_reasons":["M2 (Yearly Tail IC Mean <= 0)","M5 (Monotonicity <= 0.25)","Side-specific Yearly Tail IC Mean (-0.0184 <= 0)","Yearly Daily Win Rate (41.63% < 45%)","Side-specific Yearly Daily Win Rate (42.22% < 45%)"]}}
{"op_code":8,"worker_id":"6a83b40d-c96f-4d55-b297-d70b863ed6c9-6576","trial_id":97,"user_attr":{"gini":0.40645888932864627}}
{"op_code":8,"worker_id":"6a83b40d-c96f-4d55-b297-d70b863ed6c9-6576","trial_id":97,"user_attr":{"cv_is_ics":[0.09085525572299957,0.0736539363861084,0.10893270373344421,0.038037341088056564,0.08577132970094681,0.0974394902586937,0.07693622261285782,0.05085520073771477,0.09024587273597717,0.10154470801353455,0.067001111805439,0.06805076450109482,0.11529721319675446,0.10080639272928238,0.04852088913321495]}}
{"op_code":8,"worker_id":"f29a85bb-c9ca-4e37-9c13-82633a266197-4680","trial_id":98,"user_attr":{"constraints":[-0.0048969135760084295,0.019618543875897586,0.0,0.05242424242424243,-0.08697446810858486,-34.0,-8.0,0.008020064020064022,-0.09999999999999998,-1468.0995592413155,0.03371848739495803,0.02777777777777779]}}
{"op_code":8,"worker_id":"f29a85bb-c9ca-4e37-9c13-82633a266197-4680","trial_id":98,"user_attr":{"pruned_reasons":["M2 (Yearly Tail IC Mean <= 0)","M5 (Monotonicity <= 0.25)","Side-specific Yearly Tail IC Mean (-0.0080 <= 0)","Yearly Daily Win Rate (41.63% < 45%)","Side-specific Yearly Daily Win Rate (42.22% < 45%)"]}}
{"op_code":8,"worker_id":"6a83b40d-c96f-4d55-b297-d70b863ed6c9-6576","trial_id":97,"user_attr":{"cv_oos_ics":[0.014846261590719223,0.005920145660638809,-0.06996402889490128,0.010705221444368362,-0.009756774641573429,0.012006958946585655,0.0005564128514379263,-0.006331998389214277,0.01808885857462883,-0.019368935376405716,0.06296442449092865,0.06273701041936874,0.0011702029732987285,0.02200910821557045,0.06951457262039185]}}
{"op_code":8,"worker_id":"6a83b40d-c96f-4d55-b297-d70b863ed6c9-6576","trial_id":97,"user_attr":{"reg_kappa":3.6867026865826866}}
{"op_code":8,"worker_id":"6a83b40d-c96f-4d55-b297-d70b863ed6c9-6576","trial_id":97,"user_attr":{"raw_metrics":[-0.12953924862582,-0.018188576304262783,0.6,0.005252107720307439,0.20727272727272728,0.08697446810858486,-0.2767255415331674,-0.4148882329463959,0.416281512605042]}}
{"op_code":8,"worker_id":"6a83b40d-c96f-4d55-b297-d70b863ed6c9-6576","trial_id":97,"user_attr":{"val_metrics":[0.05524917205419728,-0.14661640586942784,0.12727272727272726,0.2622149572876431,-6.8069572618794565]}}
{"op_code":8,"worker_id":"e51d2742-9405-42de-b1eb-95cff05bffb5-20880","trial_id":94,"user_attr":{"constraints":[-0.004337233816637326,0.011211274024292645,0.0,0.006363636363636349,-0.12317567050063427,-33.0,-8.0,-0.04052765252765254,0.09999999999999998,-1472.0057638363364,0.03960084033613448,0.052686202686202666]}}
{"op_code":8,"worker_id":"e51d2742-9405-42de-b1eb-95cff05bffb5-20880","trial_id":94,"user_attr":{"pruned_reasons":["M2 (Yearly Tail IC Mean <= 0)","M5 (Monotonicity <= 0.25)","Side-specific Hit Rate (40.00% < 50%)","Yearly Daily Win Rate (41.04% < 45%)","Side-specific Yearly Daily Win Rate (39.73% < 45%)"]}}
{"op_code":8,"worker_id":"f29a85bb-c9ca-4e37-9c13-82633a266197-4680","trial_id":98,"user_attr":{"gini":0.40595458240775106}}
{"op_code":8,"worker_id":"f29a85bb-c9ca-4e37-9c13-82633a266197-4680","trial_id":98,"user_attr":{"cv_is_ics":[0.09078918397426605,0.07475181668996811,0.10862044245004654,0.03833996504545212,0.08588472753763199,0.09765180945396423,0.07721661031246185,0.0510990247130394,0.09065359085798264,0.10201454162597656,0.06792794167995453,0.06842514127492905,0.11576299369335175,0.1011907085776329,0.048739805817604065]}}
{"op_code":8,"worker_id":"f29a85bb-c9ca-4e37-9c13-82633a266197-4680","trial_id":98,"user_attr":{"cv_oos_ics":[0.01556822657585144,0.0048360079526901245,-0.06986144930124283,0.009637456387281418,-0.01017413567751646,0.011437811888754368,0.00018220562196802348,-0.0063627855852246284,0.01731560379266739,-0.019299104809761047,0.061137329787015915,0.06327702105045319,0.001040755771100521,0.02112235501408577,0.06865084916353226]}}
{"op_code":8,"worker_id":"f29a85bb-c9ca-4e37-9c13-82633a266197-4680","trial_id":98,"user_attr":{"reg_kappa":3.679215020159052}}
{"op_code":8,"worker_id":"f29a85bb-c9ca-4e37-9c13-82633a266197-4680","trial_id":98,"user_attr":{"raw_metrics":[-0.13949235138069063,-0.019618543875897586,0.6,0.0048969135760084295,0.19757575757575757,0.08697446810858486,-0.27415240244316935,-0.41151800751686096,0.416281512605042]}}
{"op_code":8,"worker_id":"f29a85bb-c9ca-4e37-9c13-82633a266197-4680","trial_id":98,"user_attr":{"val_metrics":[0.05446361770872132,-0.14161745269515563,0.030303030303030304,0.2622149572876431,-7.243676892142378]}}
{"op_code":8,"worker_id":"6a83b40d-c96f-4d55-b297-d70b863ed6c9-6576","trial_id":97,"user_attr":{"deflated_objective":-1.7778135760692941}}
{"op_code":9,"worker_id":"6a83b40d-c96f-4d55-b297-d70b863ed6c9-6576","trial_id":97,"system_attr":{"constraints":[-0.005252107720307439,0.018188576304262783,0.0,0.042727272727272725,-0.08697446810858486,-33.0,-8.0,0.01836016236016236,-0.09999999999999998,-1471.1309547841204,0.03371848739495803,0.02777777777777779]}}
{"op_code":8,"worker_id":"f29a85bb-c9ca-4e37-9c13-82633a266197-4680","trial_id":98,"user_attr":{"deflated_objective":-1.9615044689421284}}
{"op_code":9,"worker_id":"f29a85bb-c9ca-4e37-9c13-82633a266197-4680","trial_id":98,"system_attr":{"constraints":[-0.0048969135760084295,0.019618543875897586,0.0,0.05242424242424243,-0.08697446810858486,-34.0,-8.0,0.008020064020064022,-0.09999999999999998,-1468.0995592413155,0.03371848739495803,0.02777777777777779]}}
{"op_code":6,"worker_id":"f29a85bb-c9ca-4e37-9c13-82633a266197-4680","trial_id":98,"state":1,"values":[-1.5818687339744926],"datetime_complete":"2026-07-14T11:43:15.803229"}
{"op_code":6,"worker_id":"6a83b40d-c96f-4d55-b297-d70b863ed6c9-6576","trial_id":97,"state":1,"values":[-1.3994049380257618],"datetime_complete":"2026-07-14T11:43:15.800644"}
{"op_code":8,"worker_id":"e51d2742-9405-42de-b1eb-95cff05bffb5-20880","trial_id":94,"user_attr":{"gini":0.40437813941390655}}
{"op_code":8,"worker_id":"e51d2742-9405-42de-b1eb-95cff05bffb5-20880","trial_id":94,"user_attr":{"cv_is_ics":[0.08990437537431717,0.06862486153841019,0.10874003171920776,0.03586522862315178,0.0826590433716774,0.09375576674938202,0.07124041020870209,0.04627794772386551,0.08615058660507202,0.09809520840644836,0.05647459253668785,0.06384691596031189,0.11107048392295837,0.09896202385425568,0.04587642103433609]}}
{"op_code":8,"worker_id":"e51d2742-9405-42de-b1eb-95cff05bffb5-20880","trial_id":94,"user_attr":{"cv_oos_ics":[0.014211900532245636,0.015186326578259468,-0.07581070065498352,0.01853727363049984,-0.006008577067404985,0.01370012853294611,1.105548653868027e-05,-0.007030873093754053,0.021092800423502922,-0.021275097504258156,0.07939542084932327,0.058305464684963226,0.0013448518002405763,0.01873432658612728,0.06987171620130539]}}
{"op_code":8,"worker_id":"e51d2742-9405-42de-b1eb-95cff05bffb5-20880","trial_id":94,"user_attr":{"reg_kappa":3.688415698575692}}
{"op_code":8,"worker_id":"e51d2742-9405-42de-b1eb-95cff05bffb5-20880","trial_id":94,"user_attr":{"raw_metrics":[-0.0737643905348894,-0.011211274024292645,0.6,0.004337233816637326,0.24363636363636365,0.12317567050063427,-0.27746960685851163,-0.42494040727615356,0.41039915966386553]}}
{"op_code":8,"worker_id":"e51d2742-9405-42de-b1eb-95cff05bffb5-20880","trial_id":94,"user_attr":{"val_metrics":[0.06798271869672827,-0.2203834517752335,0.16363636363636364,0.2896076189455293,-6.331419287200652]}}
{"op_code":8,"worker_id":"e51d2742-9405-42de-b1eb-95cff05bffb5-20880","trial_id":94,"user_attr":{"deflated_objective":-1.606763554076833}}
{"op_code":9,"worker_id":"e51d2742-9405-42de-b1eb-95cff05bffb5-20880","trial_id":94,"system_attr":{"constraints":[-0.004337233816637326,0.011211274024292645,0.0,0.006363636363636349,-0.12317567050063427,-33.0,-8.0,-0.04052765252765254,0.09999999999999998,-1472.0057638363364,0.03960084033613448,0.052686202686202666]}}
{"op_code":6,"worker_id":"e51d2742-9405-42de-b1eb-95cff05bffb5-20880","trial_id":94,"state":1,"values":[-1.2337868482325072],"datetime_complete":"2026-07-14T11:43:15.819384"}
{"op_code":5,"worker_id":"562318a8-3af1-4f8d-9a23-0ba97466c1a9-8436","trial_id":5,"param_name":"unified_rho","param_value_internal":0.2848611674739183,"distribution":"{\"name\": \"FloatDistribution\", \"attributes\": {\"step\": null, \"low\": 0.0, \"high\": 1.0, \"log\": false}}"}
{"op_code":5,"worker_id":"562318a8-3af1-4f8d-9a23-0ba97466c1a9-8436","trial_id":5,"param_name":"unified_gamma","param_value_internal":20.861697424411652,"distribution":"{\"name\": \"FloatDistribution\", \"attributes\": {\"step\": null, \"low\": 1.5, \"high\": 10000.0, \"log\": true}}"}
{"op_code":5,"worker_id":"562318a8-3af1-4f8d-9a23-0ba97466c1a9-8436","trial_id":5,"param_name":"huber_delta","param_value_internal":4.064154172949432,"distribution":"{\"name\": \"FloatDistribution\", \"attributes\": {\"step\": null, \"low\": 0.5, \"high\": 5.0, \"log\": false}}"}
{"op_code":5,"worker_id":"18079136-944d-4f4d-a6c4-ff56665cf9dc-31796","trial_id":7,"param_name":"huber_delta","param_value_internal":0.9422800940160463,"distribution":"{\"name\": \"FloatDistribution\", \"attributes\": {\"step\": null, \"low\": 0.5, \"high\": 5.0, \"log\": false}}"}
{"op_code":8,"worker_id":"562318a8-3af1-4f8d-9a23-0ba97466c1a9-8436","trial_id":5,"user_attr":{"constraints":[0.0518076420136232,0.12661630442846547,0.6,0.4681818181818182,0.14610049506654246,-130.0,5.0,0.053886025124365064,0.5,-1187.1602444915557,0.05189075630252099,0.05592185592185589]}}
{"op_code":8,"worker_id":"562318a8-3af1-4f8d-9a23-0ba97466c1a9-8436","trial_id":5,"user_attr":{"pruned_reasons":["M4 (Overall IC <= 0)","M2 (Yearly Tail IC Mean <= 0)","M3 (Hit Rate < 60%)","M5 (Monotonicity <= 0.25)","M6 (Top-Bottom Spread <= 0)","Active features count (0) is less than active feature floor (5)","Side-specific Yearly Tail IC Mean (-0.0539 <= 0)","Side-specific Hit Rate (0.00% < 50%)","Yearly Daily Win Rate (39.81% < 45%)","Side-specific Yearly Daily Win Rate (39.41% < 45%)"]}}
{"op_code":8,"worker_id":"562318a8-3af1-4f8d-9a23-0ba97466c1a9-8436","trial_id":5,"user_attr":{"gini":0.0}}
{"op_code":8,"worker_id":"562318a8-3af1-4f8d-9a23-0ba97466c1a9-8436","trial_id":5,"user_attr":{"cv_is_ics":[0.0,0.0,0.0,0.0,0.0,0.0,0.0,0.0,0.0,0.0,0.0,0.0,0.0,0.0,0.0]}}
{"op_code":8,"worker_id":"562318a8-3af1-4f8d-9a23-0ba97466c1a9-8436","trial_id":5,"user_attr":{"cv_oos_ics":[0.0,0.0,0.0,0.0,0.0,0.0,0.0,0.0,0.0,0.0,0.0,0.0,0.0,0.0,0.0]}}
{"op_code":8,"worker_id":"562318a8-3af1-4f8d-9a23-0ba97466c1a9-8436","trial_id":5,"user_attr":{"reg_kappa":1.4876932831025425}}
{"op_code":8,"worker_id":"562318a8-3af1-4f8d-9a23-0ba97466c1a9-8436","trial_id":5,"user_attr":{"raw_metrics":[-1.649865096287596,-0.12661630442846547,0.0,-0.0518076420136232,-0.2181818181818182,-0.14610049506654246,-0.0,-0.0,0.398109243697479]}}
{"op_code":8,"worker_id":"562318a8-3af1-4f8d-9a23-0ba97466c1a9-8436","trial_id":5,"user_attr":{"val_metrics":[0.0,0.0,0.0,0.0,-5.091141651635481]}}
{"op_code":5,"worker_id":"7b55b6e8-4dc3-42f0-8e2a-5475375f3344-27448","trial_id":20,"param_name":"unified_gamma","param_value_internal":6.859124195171953,"distribution":"{\"name\": \"FloatDistribution\", \"attributes\": {\"step\": null, \"low\": 1.5, \"high\": 10000.0, \"log\": true}}"}
{"op_code":8,"worker_id":"562318a8-3af1-4f8d-9a23-0ba97466c1a9-8436","trial_id":5,"user_attr":{"deflated_objective":-1.047971283293697}}
{"op_code":9,"worker_id":"562318a8-3af1-4f8d-9a23-0ba97466c1a9-8436","trial_id":5,"system_attr":{"constraints":[0.0518076420136232,0.12661630442846547,0.6,0.4681818181818182,0.14610049506654246,-130.0,5.0,0.053886025124365064,0.5,-1187.1602444915557,0.05189075630252099,0.05592185592185589]}}
{"op_code":6,"worker_id":"562318a8-3af1-4f8d-9a23-0ba97466c1a9-8436","trial_id":5,"state":1,"values":[-0.6726843215857649],"datetime_complete":"2026-07-14T11:43:15.874293"}
{"op_code":5,"worker_id":"7b55b6e8-4dc3-42f0-8e2a-5475375f3344-27448","trial_id":20,"param_name":"huber_delta","param_value_internal":1.8651937139528465,"distribution":"{\"name\": \"FloatDistribution\", \"attributes\": {\"step\": null, \"low\": 0.5, \"high\": 5.0, \"log\": false}}"}
{"op_code":8,"worker_id":"18079136-944d-4f4d-a6c4-ff56665cf9dc-31796","trial_id":7,"user_attr":{"constraints":[-0.008091699119065862,0.06569892048951465,0.19999999999999996,0.0790909090909091,-0.12467383409711168,-42.0,-8.0,0.07712090912090912,0.09999999999999998,-1418.8757405986603,0.024124649859943947,0.01666666666666672]}}
{"op_code":8,"worker_id":"18079136-944d-4f4d-a6c4-ff56665cf9dc-31796","trial_id":7,"user_attr":{"pruned_reasons":["M2 (Yearly Tail IC Mean <= 0)","M3 (Hit Rate < 60%)","M5 (Monotonicity <= 0.25)","Side-specific Yearly Tail IC Mean (-0.0771 <= 0)","Side-specific Hit Rate (40.00% < 50%)","Yearly Daily Win Rate (42.59% < 45%)","Side-specific Yearly Daily Win Rate (43.33% < 45%)"]}}
{"op_code":8,"worker_id":"18079136-944d-4f4d-a6c4-ff56665cf9dc-31796","trial_id":7,"user_attr":{"gini":0.342642743333889}}
{"op_code":8,"worker_id":"18079136-944d-4f4d-a6c4-ff56665cf9dc-31796","trial_id":7,"user_attr":{"cv_is_ics":[0.10172819346189499,0.09275110810995102,0.11545386910438538,0.059141211211681366,0.09154205769300461,0.11154180020093918,0.081367127597332,0.07208150625228882,0.11348004639148712,0.11351195722818375,0.09131719172000885,0.08605477213859558,0.12200148403644562,0.10514026135206223,0.057054344564676285]}}
{"op_code":8,"worker_id":"18079136-944d-4f4d-a6c4-ff56665cf9dc-31796","trial_id":7,"user_attr":{"cv_oos_ics":[0.024468455463647842,-0.004817675333470106,-0.03603473678231239,0.006046798545867205,-0.022214878350496292,-0.004212840460240841,0.014222393743693829,-0.01611400954425335,0.01265623513609171,-0.021623555570840836,0.03142378851771355,0.08125530183315277,-0.003502911888062954,0.030443869531154633,0.033260516822338104]}}
{"op_code":8,"worker_id":"18079136-944d-4f4d-a6c4-ff56665cf9dc-31796","trial_id":7,"user_attr":{"reg_kappa":3.5560144672576968}}
{"op_code":8,"worker_id":"18079136-944d-4f4d-a6c4-ff56665cf9dc-31796","trial_id":7,"user_attr":{"raw_metrics":[-0.411250708817886,-0.06569892048951465,0.4,0.008091699119065862,0.1709090909090909,0.12467383409711168,-0.2338793238931664,-0.3387143313884735,0.42587535014005606]}}
{"op_code":8,"worker_id":"18079136-944d-4f4d-a6c4-ff56665cf9dc-31796","trial_id":7,"user_attr":{"val_metrics":[0.045917765591166705,-0.2732544331084526,0.296969696969697,0.4373070224309745,-3.811096145441835]}}
{"op_code":8,"worker_id":"9ad855fa-cad2-448a-976f-d41f292486f9-19176","trial_id":0,"user_attr":{"constraints":[-0.003071016133326287,0.07004070291270424,0.0,0.10090909090909089,-0.05261896466492326,-116.0,-5.0,0.1114061674061674,0.3,-1200.8862639355211,0.03074229691876751,0.022771672771672802]}}
{"op_code":8,"worker_id":"18079136-944d-4f4d-a6c4-ff56665cf9dc-31796","trial_id":7,"user_attr":{"deflated_objective":-0.622658957587552}}
{"op_code":9,"worker_id":"18079136-944d-4f4d-a6c4-ff56665cf9dc-31796","trial_id":7,"system_attr":{"constraints":[-0.008091699119065862,0.06569892048951465,0.19999999999999996,0.0790909090909091,-0.12467383409711168,-42.0,-8.0,0.07712090912090912,0.09999999999999998,-1418.8757405986603,0.024124649859943947,0.01666666666666672]}}
{"op_code":6,"worker_id":"18079136-944d-4f4d-a6c4-ff56665cf9dc-31796","trial_id":7,"state":1,"values":[-0.23567914613930174],"datetime_complete":"2026-07-14T11:43:15.896683"}
{"op_code":8,"worker_id":"0aff5587-1f13-455a-84e6-e1b78e7c02ba-14384","trial_id":79,"user_attr":{"cv_oos_ics":[0.020486939698457718,-0.01331584993749857,-0.05283641815185547,0.0016570653533563018,-0.02144564688205719,-0.005079366732388735,0.008766861632466316,-0.014338833279907703,0.013429906219244003,-0.022061297670006752,0.03098912350833416,0.07829257100820541,-0.0005845417035743594,0.025486603379249573,0.05291365832090378]}}
{"op_code":8,"worker_id":"9ad855fa-cad2-448a-976f-d41f292486f9-19176","trial_id":0,"user_attr":{"pruned_reasons":["M2 (Yearly Tail IC Mean <= 0)","M5 (Monotonicity <= 0.25)","Side-specific Yearly Tail IC Mean (-0.1114 <= 0)","Side-specific Hit Rate (20.00% < 50%)","Yearly Daily Win Rate (41.93% < 45%)","Side-specific Yearly Daily Win Rate (42.72% < 45%)"]}}
{"op_code":8,"worker_id":"9ad855fa-cad2-448a-976f-d41f292486f9-19176","trial_id":0,"user_attr":{"gini":0.5069756808229673}}
{"op_code":8,"worker_id":"0aff5587-1f13-455a-84e6-e1b78e7c02ba-14384","trial_id":79,"user_attr":{"reg_kappa":3.611617270046228}}
{"op_code":8,"worker_id":"0aff5587-1f13-455a-84e6-e1b78e7c02ba-14384","trial_id":79,"user_attr":{"raw_metrics":[-0.31894552690142186,-0.04926485830331154,0.6,0.0035940085499848924,0.21454545454545454,0.17566037077710803,-0.2516625267807639,-0.36982375383377075,0.4400910364145658]}}
{"op_code":8,"worker_id":"0aff5587-1f13-455a-84e6-e1b78e7c02ba-14384","trial_id":79,"user_attr":{"val_metrics":[0.05257472669331057,-0.3145095678804158,0.24848484848484848,0.2584890388762173,-5.45487675008171]}}
{"op_code":8,"worker_id":"9ad855fa-cad2-448a-976f-d41f292486f9-19176","trial_id":0,"user_attr":{"cv_is_ics":[0.09775566309690475,0.06776713579893112,0.11083436757326126,0.0580940917134285,0.09130784869194031,0.11164673417806625,0.08325539529323578,0.08557966351509094,0.10079340636730194,0.11602791398763657,0.09153932332992554,0.07350938767194748,0.13322269916534424,0.10979930311441422,0.07179941982030869]}}
{"op_code":8,"worker_id":"9ad855fa-cad2-448a-976f-d41f292486f9-19176","trial_id":0,"user_attr":{"cv_oos_ics":[0.0550629086792469,-0.029056491330266,-0.05556446686387062,0.007742627989500761,-0.015949057415127754,-0.0010944933164864779,0.03302175924181938,-0.0011283599305897951,0.011124017648398876,-0.03665006533265114,0.037944573909044266,0.07000460475683212,-0.010774487629532814,0.021912677213549614,0.030458038672804832]}}
{"op_code":8,"worker_id":"9ad855fa-cad2-448a-976f-d41f292486f9-19176","trial_id":0,"user_attr":{"reg_kappa":2.847371013209292}}
{"op_code":8,"worker_id":"0aff5587-1f13-455a-84e6-e1b78e7c02ba-14384","trial_id":79,"user_attr":{"deflated_objective":-1.3016814965201746}}
{"op_code":9,"worker_id":"0aff5587-1f13-455a-84e6-e1b78e7c02ba-14384","trial_id":79,"system_attr":{"constraints":[-0.0035940085499848924,0.04926485830331154,0.0,0.03545454545454546,-0.17566037077710803,-38.0,-8.0,-0.014580194580194572,0.09999999999999998,-1441.0498092741432,0.009908963585434194,0.035714285714285754]}}
{"op_code":6,"worker_id":"0aff5587-1f13-455a-84e6-e1b78e7c02ba-14384","trial_id":79,"state":1,"values":[-0.9138762305744877],"datetime_complete":"2026-07-14T11:43:15.913535"}
{"op_code":8,"worker_id":"9ad855fa-cad2-448a-976f-d41f292486f9-19176","trial_id":0,"user_attr":{"raw_metrics":[-0.46163208945356987,-0.07004070291270424,0.6,0.003071016133326287,0.1490909090909091,0.05261896466492326,-0.07917897243487784,-0.10012729465961456,0.4192577030812325]}}
{"op_code":8,"worker_id":"9ad855fa-cad2-448a-976f-d41f292486f9-19176","trial_id":0,"user_attr":{"val_metrics":[0.022333332295545696,-0.19457575519283252,0.09090909090909091,0.11204025621080527,-6.208942178991481]}}
{"op_code":8,"worker_id":"7b55b6e8-4dc3-42f0-8e2a-5475375f3344-27448","trial_id":20,"user_attr":{"constraints":[-0.0015536485473473193,0.04254659252704839,0.0,0.10090909090909089,-0.0845886090482723,-105.0,-8.0,0.07317588798383205,0.3,-1221.2057238935552,0.021148459383753426,0.022771672771672802]}}
{"op_code":8,"worker_id":"7b55b6e8-4dc3-42f0-8e2a-5475375f3344-27448","trial_id":20,"user_attr":{"pruned_reasons":["M2 (Yearly Tail IC Mean <= 0)","M5 (Monotonicity <= 0.25)","Side-specific Yearly Tail IC Mean (-0.0732 <= 0)","Side-specific Hit Rate (20.00% < 50%)","Yearly Daily Win Rate (42.89% < 45%)","Side-specific Yearly Daily Win Rate (42.72% < 45%)"]}}
{"op_code":8,"worker_id":"9ad855fa-cad2-448a-976f-d41f292486f9-19176","trial_id":0,"user_attr":{"deflated_objective":-1.5715118994451363}}
{"op_code":9,"worker_id":"9ad855fa-cad2-448a-976f-d41f292486f9-19176","trial_id":0,"system_attr":{"constraints":[-0.003071016133326287,0.07004070291270424,0.0,0.10090909090909089,-0.05261896466492326,-116.0,-5.0,0.1114061674061674,0.3,-1200.8862639355211,0.03074229691876751,0.022771672771672802]}}
{"op_code":6,"worker_id":"9ad855fa-cad2-448a-976f-d41f292486f9-19176","trial_id":0,"state":1,"values":[-1.1863105922334716],"datetime_complete":"2026-07-14T11:43:15.924704"}
{"op_code":8,"worker_id":"7b55b6e8-4dc3-42f0-8e2a-5475375f3344-27448","trial_id":20,"user_attr":{"gini":0.3504908572935721}}
{"op_code":8,"worker_id":"7b55b6e8-4dc3-42f0-8e2a-5475375f3344-27448","trial_id":20,"user_attr":{"cv_is_ics":[0.09635768085718155,0.07697384059429169,0.10914966464042664,0.058072905987501144,0.0940181165933609,0.11183538287878036,0.08230600506067276,0.07290217280387878,0.10004270821809769,0.11248039454221725,0.08927249163389206,0.07846688479185104,0.12423598766326904,0.10619447380304337,0.06458310782909393]}}
{"op_code":8,"worker_id":"7b55b6e8-4dc3-42f0-8e2a-5475375f3344-27448","trial_id":20,"user_attr":{"cv_oos_ics":[0.03985545411705971,-0.02277585119009018,-0.05141067877411842,-0.0013942524092271924,-0.015101849101483822,0.0045864880084991455,0.021638106554746628,-0.009786630049347878,0.008917056955397129,-0.030450593680143356,0.03389685973525047,0.06971253454685211,-0.003783357562497258,0.02357240580022335,0.027397625148296356]}}
{"op_code":8,"worker_id":"7b55b6e8-4dc3-42f0-8e2a-5475375f3344-27448","trial_id":20,"user_attr":{"reg_kappa":3.0606144548336105}}
{"op_code":8,"worker_id":"7b55b6e8-4dc3-42f0-8e2a-5475375f3344-27448","trial_id":20,"user_attr":{"raw_metrics":[-0.26967778849611324,-0.04254659252704839,0.6,0.0015536485473473193,0.1490909090909091,0.0845886090482723,-0.11011463532107409,-0.15254731476306915,0.4288515406162466]}}
{"op_code":8,"worker_id":"7b55b6e8-4dc3-42f0-8e2a-5475375f3344-27448","trial_id":20,"user_attr":{"val_metrics":[0.05072945285968829,-0.09664681502279358,0.030303030303030304,0.3385294706634907,-7.695499653939935]}}
{"op_code":8,"worker_id":"7b55b6e8-4dc3-42f0-8e2a-5475375f3344-27448","trial_id":20,"user_attr":{"deflated_objective":-2.1350081280019784}}
{"op_code":9,"worker_id":"7b55b6e8-4dc3-42f0-8e2a-5475375f3344-27448","trial_id":20,"system_attr":{"constraints":[-0.0015536485473473193,0.04254659252704839,0.0,0.10090909090909089,-0.0845886090482723,-105.0,-8.0,0.07317588798383205,0.3,-1221.2057238935552,0.021148459383753426,0.022771672771672802]}}
{"op_code":6,"worker_id":"7b55b6e8-4dc3-42f0-8e2a-5475375f3344-27448","trial_id":20,"state":1,"values":[-1.7449830000931623],"datetime_complete":"2026-07-14T11:43:15.940456"}
{"op_code":8,"worker_id":"f30c5105-b48f-49a1-b85c-a4a4d8471d94-11668","trial_id":96,"user_attr":{"pruned_reasons":["M2 (Yearly Tail IC Mean <= 0)","M5 (Monotonicity <= 0.25)","Side-specific Yearly Tail IC Mean (-0.0181 <= 0)","Yearly Daily Win Rate (41.63% < 45%)","Side-specific Yearly Daily Win Rate (42.22% < 45%)"]}}
{"op_code":8,"worker_id":"f30c5105-b48f-49a1-b85c-a4a4d8471d94-11668","trial_id":96,"user_attr":{"gini":0.4059541396336839}}
{"op_code":8,"worker_id":"f30c5105-b48f-49a1-b85c-a4a4d8471d94-11668","trial_id":96,"user_attr":{"cv_is_ics":[0.09077604115009308,0.0737549290060997,0.10894858092069626,0.037909939885139465,0.08598159998655319,0.09756544977426529,0.07704120129346848,0.050825510174036026,0.09033951908349991,0.10161809623241425,0.06720598042011261,0.0679452121257782,0.11544288694858551,0.10128606110811234,0.04868997633457184]}}
{"op_code":8,"worker_id":"f30c5105-b48f-49a1-b85c-a4a4d8471d94-11668","trial_id":96,"user_attr":{"cv_oos_ics":[0.015055196359753609,0.005747596267610788,-0.0702037513256073,0.010290990583598614,-0.00973512977361679,0.01206209696829319,0.0005603312747552991,-0.006951105780899525,0.018323764204978943,-0.01932135596871376,0.06225631386041641,0.06279486417770386,0.0013046881649643183,0.02108156308531761,0.06885342299938202]}}
{"op_code":8,"worker_id":"f30c5105-b48f-49a1-b85c-a4a4d8471d94-11668","trial_id":96,"user_attr":{"reg_kappa":3.677042132382383}}
{"op_code":8,"worker_id":"f30c5105-b48f-49a1-b85c-a4a4d8471d94-11668","trial_id":96,"user_attr":{"raw_metrics":[-0.13297053773418208,-0.018828920483020123,0.6,0.005059989293444718,0.21696969696969698,0.08697446810858486,-0.2734366606481061,-0.41133973002433777,0.416281512605042]}}
{"op_code":8,"worker_id":"f30c5105-b48f-49a1-b85c-a4a4d8471d94-11668","trial_id":96,"user_attr":{"val_metrics":[0.05529189908941863,-0.1421445236261829,0.030303030303030304,0.2622149572876431,-7.251653906620736]}}
{"op_code":8,"worker_id":"f30c5105-b48f-49a1-b85c-a4a4d8471d94-11668","trial_id":96,"user_attr":{"deflated_objective":-1.9763302117223547}}
{"op_code":9,"worker_id":"f30c5105-b48f-49a1-b85c-a4a4d8471d94-11668","trial_id":96,"system_attr":{"constraints":[-0.005059989293444718,0.018828920483020123,0.0,0.03303030303030302,-0.08697446810858486,-34.0,-8.0,0.018118866118866123,-0.09999999999999998,-1467.2542971315336,0.03371848739495803,0.02777777777777779]}}
{"op_code":6,"worker_id":"f30c5105-b48f-49a1-b85c-a4a4d8471d94-11668","trial_id":96,"state":1,"values":[-1.585187539999845],"datetime_complete":"2026-07-14T11:43:16.040773"}
{"op_code":8,"worker_id":"aa16fc91-1ca6-4526-bc6b-fb420a07f0a4-19068","trial_id":91,"user_attr":{"pruned_reasons":["M2 (Yearly Tail IC Mean <= 0)","M3 (Hit Rate < 60%)","M5 (Monotonicity <= 0.25)","Side-specific Yearly Tail IC Mean (-0.0289 <= 0)","Side-specific Hit Rate (40.00% < 50%)","Yearly Daily Win Rate (43.59% < 45%)","Side-specific Yearly Daily Win Rate (41.77% < 45%)"]}}
{"op_code":8,"worker_id":"aa16fc91-1ca6-4526-bc6b-fb420a07f0a4-19068","trial_id":91,"user_attr":{"gini":0.37985083478301207}}
{"op_code":8,"worker_id":"aa16fc91-1ca6-4526-bc6b-fb420a07f0a4-19068","trial_id":91,"user_attr":{"cv_is_ics":[0.09678105264902115,0.08936472982168198,0.1136811226606369,0.05193818360567093,0.09260869026184082,0.10936521738767624,0.07995650917291641,0.061313096433877945,0.10879336297512054,0.1097894236445427,0.086832694709301,0.07938972860574722,0.12223755568265915,0.1047607958316803,0.05315078794956207]}}
{"op_code":8,"worker_id":"aa16fc91-1ca6-4526-bc6b-fb420a07f0a4-19068","trial_id":91,"user_attr":{"cv_oos_ics":[0.018321743234992027,-0.009709940291941166,-0.05155846104025841,0.010937527753412724,-0.021958744153380394,-0.00316256913356483,0.008892109617590904,-0.012247806414961815,0.010430127382278442,-0.021111225709319115,0.03333317115902901,0.07523617893457413,0.001178319682367146,0.021607287228107452,0.054839927703142166]}}
{"op_code":8,"worker_id":"aa16fc91-1ca6-4526-bc6b-fb420a07f0a4-19068","trial_id":91,"user_attr":{"reg_kappa":3.770730898804187}}
{"op_code":8,"worker_id":"aa16fc91-1ca6-4526-bc6b-fb420a07f0a4-19068","trial_id":91,"user_attr":{"raw_metrics":[-0.4004122245745586,-0.0586374128566031,0.4,0.0031561576244794956,0.20484848484848484,0.1298278915286638,-0.28237222875851664,-0.4252394139766693,0.4359243697478991]}}
{"op_code":8,"worker_id":"aa16fc91-1ca6-4526-bc6b-fb420a07f0a4-19068","trial_id":91,"user_attr":{"val_metrics":[0.052576061913161234,-0.2206940255714553,0.34545454545454546,0.1997010346394086,-6.908944778074518]}}
{"op_code":8,"worker_id":"aa16fc91-1ca6-4526-bc6b-fb420a07f0a4-19068","trial_id":91,"user_attr":{"deflated_objective":-1.836731332254459}}
{"op_code":9,"worker_id":"aa16fc91-1ca6-4526-bc6b-fb420a07f0a4-19068","trial_id":91,"system_attr":{"constraints":[-0.0031561576244794956,0.0586374128566031,0.19999999999999996,0.045151515151515165,-0.1298278915286638,-30.0,-7.0,0.02886278886278886,0.09999999999999998,-1504.6909352083735,0.014075630252100901,0.03229548229548229]}}
{"op_code":6,"worker_id":"aa16fc91-1ca6-4526-bc6b-fb420a07f0a4-19068","trial_id":91,"state":1,"values":[-1.4482801215756314],"datetime_complete":"2026-07-14T11:43:16.150797"}
{"op_code":8,"worker_id":"b5ffdf04-e12a-4494-8b06-862cbba6d7e5-23408","trial_id":25,"user_attr":{"raw_metrics":[-0.2902211874503555,-0.04564714193554431,0.6,0.005213125174733444,0.16848484848484852,0.07837442876569871,-0.10740563849093696,-0.1642175167798996,0.41925770308123245]}}
{"op_code":5,"worker_id":"84f310e8-59ed-48c9-88eb-2c29f6b7b6be-27064","trial_id":31,"param_name":"k_weight","param_value_internal":1.499167723737102,"distribution":"{\"name\": \"FloatDistribution\", \"attributes\": {\"step\": null, \"low\": 0.0, \"high\": 1.5, \"log\": false}}"}
{"op_code":8,"worker_id":"b5ffdf04-e12a-4494-8b06-862cbba6d7e5-23408","trial_id":25,"user_attr":{"val_metrics":[0.0697136086964767,-0.28250366406452787,0.16363636363636364,0.33931745083975623,-6.8300752554820185]}}
{"op_code":8,"worker_id":"b5ffdf04-e12a-4494-8b06-862cbba6d7e5-23408","trial_id":25,"user_attr":{"deflated_objective":-1.8440914204059433}}
{"op_code":5,"worker_id":"84f310e8-59ed-48c9-88eb-2c29f6b7b6be-27064","trial_id":31,"param_name":"unified_alpha","param_value_internal":1.057212941533253e-05,"distribution":"{\"name\": \"FloatDistribution\", \"attributes\": {\"step\": null, \"low\": 1e-05, \"high\": 10.0, \"log\": true}}"}
{"op_code":9,"worker_id":"b5ffdf04-e12a-4494-8b06-862cbba6d7e5-23408","trial_id":25,"system_attr":{"constraints":[-0.005213125174733444,0.04564714193554431,0.0,0.08151515151515148,-0.07837442876569871,-108.0,-8.0,0.03979856779856779,-0.09999999999999998,-1214.1969558042942,0.030742296918767564,0.044688644688644696]}}
{"op_code":6,"worker_id":"b5ffdf04-e12a-4494-8b06-862cbba6d7e5-23408","trial_id":25,"state":1,"values":[-1.4579242314383831],"datetime_complete":"2026-07-14T11:43:16.227977"}
{"op_code":5,"worker_id":"84f310e8-59ed-48c9-88eb-2c29f6b7b6be-27064","trial_id":31,"param_name":"unified_rho","param_value_internal":0.7227987378676332,"distribution":"{\"name\": \"FloatDistribution\", \"attributes\": {\"step\": null, \"low\": 0.0, \"high\": 1.0, \"log\": false}}"}
{"op_code":5,"worker_id":"84f310e8-59ed-48c9-88eb-2c29f6b7b6be-27064","trial_id":31,"param_name":"unified_gamma","param_value_internal":7.427830824521805,"distribution":"{\"name\": \"FloatDistribution\", \"attributes\": {\"step\": null, \"low\": 1.5, \"high\": 10000.0, \"log\": true}}"}
{"op_code":5,"worker_id":"84f310e8-59ed-48c9-88eb-2c29f6b7b6be-27064","trial_id":31,"param_name":"huber_delta","param_value_internal":2.0074905205556317,"distribution":"{\"name\": \"FloatDistribution\", \"attributes\": {\"step\": null, \"low\": 0.5, \"high\": 5.0, \"log\": false}}"}
{"op_code":8,"worker_id":"84f310e8-59ed-48c9-88eb-2c29f6b7b6be-27064","trial_id":31,"user_attr":{"constraints":[-0.004703866012810955,0.025007734835413527,0.0,0.001515151515151525,-0.11821958313541647,-29.0,-8.0,0.03317165717165717,-0.09999999999999998,-1506.5997697214145,0.025385154061624726,0.020085470085470125]}}
{"op_code":8,"worker_id":"84f310e8-59ed-48c9-88eb-2c29f6b7b6be-27064","trial_id":31,"user_attr":{"pruned_reasons":["M2 (Yearly Tail IC Mean <= 0)","M5 (Monotonicity <= 0.25)","Side-specific Yearly Tail IC Mean (-0.0332 <= 0)","Yearly Daily Win Rate (42.46% < 45%)","Side-specific Yearly Daily Win Rate (42.99% < 45%)"]}}
{"op_code":8,"worker_id":"84f310e8-59ed-48c9-88eb-2c29f6b7b6be-27064","trial_id":31,"user_attr":{"gini":0.4128259980296145}}
{"op_code":8,"worker_id":"84f310e8-59ed-48c9-88eb-2c29f6b7b6be-27064","trial_id":31,"user_attr":{"cv_is_ics":[0.09209175407886505,0.0753139927983284,0.11053420603275299,0.0372333787381649,0.08509335666894913,0.09813855588436127,0.0774075835943222,0.051855284720659256,0.0918484702706337,0.10224825888872147,0.06974159926176071,0.06869080662727356,0.11530902236700058,0.10010895133018494,0.04748598113656044]}}
{"op_code":8,"worker_id":"84f310e8-59ed-48c9-88eb-2c29f6b7b6be-27064","trial_id":31,"user_attr":{"cv_oos_ics":[0.014645582996308804,0.0039160228334367275,-0.07347379624843597,0.009126104414463043,-0.013479997403919697,0.009830707684159279,0.00016499264165759087,-0.004961117170751095,0.016251113265752792,-0.01998230628669262,0.05738769844174385,0.06257536262273788,0.001292093307711184,0.021160373464226723,0.07036275416612625]}}
{"op_code":8,"worker_id":"84f310e8-59ed-48c9-88eb-2c29f6b7b6be-27064","trial_id":31,"user_attr":{"reg_kappa":3.7759207387904383}}
{"op_code":8,"worker_id":"84f310e8-59ed-48c9-88eb-2c29f6b7b6be-27064","trial_id":31,"user_attr":{"raw_metrics":[-0.1702717720230955,-0.025007734835413527,0.6,0.004703866012810955,0.24848484848484848,0.11821958313541647,-0.3076007405441037,-0.44220852851867676,0.4246148459383753]}}
{"op_code":8,"worker_id":"84f310e8-59ed-48c9-88eb-2c29f6b7b6be-27064","trial_id":31,"user_attr":{"val_metrics":[0.05293568112627431,-0.31297943681256446,0.17575757575757575,0.12550748433526335,-6.297449003373351]}}
{"op_code":8,"worker_id":"84f310e8-59ed-48c9-88eb-2c29f6b7b6be-27064","trial_id":31,"user_attr":{"deflated_objective":-1.6408817029323919}}
{"op_code":9,"worker_id":"84f310e8-59ed-48c9-88eb-2c29f6b7b6be-27064","trial_id":31,"system_attr":{"constraints":[-0.004703866012810955,0.025007734835413527,0.0,0.001515151515151525,-0.11821958313541647,-29.0,-8.0,0.03317165717165717,-0.09999999999999998,-1506.5997697214145,0.025385154061624726,0.020085470085470125]}}
{"op_code":6,"worker_id":"84f310e8-59ed-48c9-88eb-2c29f6b7b6be-27064","trial_id":31,"state":1,"values":[-1.257529711259069],"datetime_complete":"2026-07-14T11:43:16.293739"}
{"op_code":8,"worker_id":"7c7a2c7a-0674-4bc0-a255-98b5d5d0c898-24340","trial_id":34,"user_attr":{"raw_metrics":[-0.4109116969276226,-0.06236721710182995,0.4,0.01162586092224793,0.24848484848484848,0.10940074951810556,-0.30346844152505387,-0.422880619764328,0.42713585434173673]}}
{"op_code":8,"worker_id":"7c7a2c7a-0674-4bc0-a255-98b5d5d0c898-24340","trial_id":34,"user_attr":{"val_metrics":[0.04600900561429564,-0.5255460281869209,0.3575757575757576,0.31018161812149314,-3.4705569112446355]}}
{"op_code":8,"worker_id":"7c7a2c7a-0674-4bc0-a255-98b5d5d0c898-24340","trial_id":34,"user_attr":{"deflated_objective":-0.5878030593201875}}
{"op_code":9,"worker_id":"7c7a2c7a-0674-4bc0-a255-98b5d5d0c898-24340","trial_id":34,"system_attr":{"constraints":[-0.01162586092224793,0.06236721710182995,0.19999999999999996,0.001515151515151525,-0.10940074951810556,-29.0,-8.0,-0.0021643221643221577,0.09999999999999998,-1501.9443463408702,0.02286414565826328,0.03388278388278387]}}
{"op_code":6,"worker_id":"7c7a2c7a-0674-4bc0-a255-98b5d5d0c898-24340","trial_id":34,"state":1,"values":[-0.19431036043302707],"datetime_complete":"2026-07-14T11:43:16.355780"}
{"op_code":8,"worker_id":"fe6a2495-227a-4d2f-9e5c-f6d46afc8624-31524","trial_id":36,"user_attr":{"val_metrics":[0.053704767760258704,-0.1389480437827427,0.10303030303030303,0.21686789007061094,-6.189344449636988]}}
{"op_code":8,"worker_id":"fe6a2495-227a-4d2f-9e5c-f6d46afc8624-31524","trial_id":36,"user_attr":{"deflated_objective":-1.544681007964385}}
{"op_code":9,"worker_id":"fe6a2495-227a-4d2f-9e5c-f6d46afc8624-31524","trial_id":36,"system_attr":{"constraints":[-0.004162838281331152,0.018810869731293655,0.0,0.003939393939393909,-0.10404052910861412,-32.0,-8.0,0.016370128370128374,-0.09999999999999998,-1483.8023873398386,0.025385154061624726,0.02777777777777779]}}
{"op_code":6,"worker_id":"fe6a2495-227a-4d2f-9e5c-f6d46afc8624-31524","trial_id":36,"state":1,"values":[-1.15187115117249],"datetime_complete":"2026-07-14T11:43:16.382603"}
{"op_code":8,"worker_id":"3589eebd-4d9c-4d69-aedd-8fd08d10f4c9-3216","trial_id":35,"user_attr":{"deflated_objective":-1.1137380429157333}}
{"op_code":9,"worker_id":"3589eebd-4d9c-4d69-aedd-8fd08d10f4c9-3216","trial_id":35,"system_attr":{"constraints":[-0.012830505452379607,0.05500710611286023,0.0,-0.0009090909090908594,-0.1689139912914429,-29.0,-8.0,0.06905850905850905,0.09999999999999998,-1502.2643642303315,0.01995798319327735,0.008974358974359053]}}
{"op_code":6,"worker_id":"3589eebd-4d9c-4d69-aedd-8fd08d10f4c9-3216","trial_id":35,"state":1,"values":[-0.6647185454902892],"datetime_complete":"2026-07-14T11:43:16.608154"}
{"op_code":5,"worker_id":"911d2d98-71c4-454a-826b-c672e98e3aed-8896","trial_id":11,"param_name":"unified_rho","param_value_internal":0.41106107063891273,"distribution":"{\"name\": \"FloatDistribution\", \"attributes\": {\"step\": null, \"low\": 0.0, \"high\": 1.0, \"log\": false}}"}
{"op_code":5,"worker_id":"911d2d98-71c4-454a-826b-c672e98e3aed-8896","trial_id":11,"param_name":"unified_gamma","param_value_internal":23.147065288429395,"distribution":"{\"name\": \"FloatDistribution\", \"attributes\": {\"step\": null, \"low\": 1.5, \"high\": 10000.0, \"log\": true}}"}
{"op_code":5,"worker_id":"911d2d98-71c4-454a-826b-c672e98e3aed-8896","trial_id":11,"param_name":"huber_delta","param_value_internal":3.0468015084267748,"distribution":"{\"name\": \"FloatDistribution\", \"attributes\": {\"step\": null, \"low\": 0.5, \"high\": 5.0, \"log\": false}}"}
{"op_code":8,"worker_id":"911d2d98-71c4-454a-826b-c672e98e3aed-8896","trial_id":11,"user_attr":{"constraints":[-0.0057889764635142785,0.032886344871215126,0.0,0.10333333333333333,-0.051764914638621096,-114.0,-8.0,0.07575115575115576,0.09999999999999998,-1196.0119702285594,0.022408963585434205,0.018498168498168543]}}
{"op_code":8,"worker_id":"911d2d98-71c4-454a-826b-c672e98e3aed-8896","trial_id":11,"user_attr":{"pruned_reasons":["M2 (Yearly Tail IC Mean <= 0)","M5 (Monotonicity <= 0.25)","Side-specific Yearly Tail IC Mean (-0.0758 <= 0)","Side-specific Hit Rate (40.00% < 50%)","Yearly Daily Win Rate (42.76% < 45%)","Side-specific Yearly Daily Win Rate (43.15% < 45%)"]}}
{"op_code":8,"worker_id":"911d2d98-71c4-454a-826b-c672e98e3aed-8896","trial_id":11,"user_attr":{"gini":0.32739627858987363}}
{"op_code":8,"worker_id":"911d2d98-71c4-454a-826b-c672e98e3aed-8896","trial_id":11,"user_attr":{"cv_is_ics":[0.09989751875400543,0.07400578260421753,0.11129733175039291,0.06260907649993896,0.09344134479761124,0.10866405814886093,0.08008921146392822,0.07246869802474976,0.09658338129520416,0.11062822490930557,0.09016154706478119,0.07414189726114273,0.12206503003835678,0.10502704232931137,0.0678863450884819]}}
{"op_code":8,"worker_id":"911d2d98-71c4-454a-826b-c672e98e3aed-8896","trial_id":11,"user_attr":{"cv_oos_ics":[0.04549109563231468,-0.00249308324418962,-0.057303257286548615,0.013280733488500118,-0.016547488048672676,0.01015593484044075,0.03348930925130844,-0.004148468375205994,0.02291722595691681,-0.033222444355487823,0.05832475423812866,0.06814784556627274,-0.005666010081768036,0.022913619875907898,0.05015724524855614]}}
{"op_code":8,"worker_id":"911d2d98-71c4-454a-826b-c672e98e3aed-8896","trial_id":11,"user_attr":{"reg_kappa":2.99687605439946}}
{"op_code":8,"worker_id":"911d2d98-71c4-454a-826b-c672e98e3aed-8896","trial_id":11,"user_attr":{"raw_metrics":[-0.19422690337117615,-0.032886344871215126,0.6,0.0057889764635142785,0.14666666666666667,0.051764914638621096,-0.10168862572984769,-0.13350141048431396,0.4275910364145658]}}
{"op_code":8,"worker_id":"911d2d98-71c4-454a-826b-c672e98e3aed-8896","trial_id":11,"user_attr":{"val_metrics":[0.061064944650420706,-0.3688298825941235,0.12727272727272726,0.2662653296821468,-6.255825198442201]}}
{"op_code":8,"worker_id":"911d2d98-71c4-454a-826b-c672e98e3aed-8896","trial_id":11,"user_attr":{"deflated_objective":-1.6610730469315784}}
{"op_code":9,"worker_id":"911d2d98-71c4-454a-826b-c672e98e3aed-8896","trial_id":11,"system_attr":{"constraints":[-0.0057889764635142785,0.032886344871215126,0.0,0.10333333333333333,-0.051764914638621096,-114.0,-8.0,0.07575115575115576,0.09999999999999998,-1196.0119702285594,0.022408963585434205,0.018498168498168543]}}
{"op_code":6,"worker_id":"911d2d98-71c4-454a-826b-c672e98e3aed-8896","trial_id":11,"state":1,"values":[-1.2672559260943304],"datetime_complete":"2026-07-14T11:43:16.840974"}
{"op_code":5,"worker_id":"b9d24075-3c3f-48be-9500-23bf8a4a8ed7-24364","trial_id":21,"param_name":"unified_alpha","param_value_internal":0.00023361387149879002,"distribution":"{\"name\": \"FloatDistribution\", \"attributes\": {\"step\": null, \"low\": 1e-05, \"high\": 10.0, \"log\": true}}"}
{"op_code":5,"worker_id":"b9d24075-3c3f-48be-9500-23bf8a4a8ed7-24364","trial_id":21,"param_name":"unified_rho","param_value_internal":0.25547392375721134,"distribution":"{\"name\": \"FloatDistribution\", \"attributes\": {\"step\": null, \"low\": 0.0, \"high\": 1.0, \"log\": false}}"}
{"op_code":5,"worker_id":"b9d24075-3c3f-48be-9500-23bf8a4a8ed7-24364","trial_id":21,"param_name":"unified_gamma","param_value_internal":49.160995099882086,"distribution":"{\"name\": \"FloatDistribution\", \"attributes\": {\"step\": null, \"low\": 1.5, \"high\": 10000.0, \"log\": true}}"}
{"op_code":5,"worker_id":"b9d24075-3c3f-48be-9500-23bf8a4a8ed7-24364","trial_id":21,"param_name":"huber_delta","param_value_internal":2.197917939610058,"distribution":"{\"name\": \"FloatDistribution\", \"attributes\": {\"step\": null, \"low\": 0.5, \"high\": 5.0, \"log\": false}}"}
{"op_code":8,"worker_id":"b9d24075-3c3f-48be-9500-23bf8a4a8ed7-24364","trial_id":21,"user_attr":{"constraints":[-0.0024457118815799,0.041953037334456225,0.0,0.0693939393939394,-0.14656034487397013,-75.0,-8.0,-0.06041478041478041,0.09999999999999998,-1295.0778461929547,0.01995798319327735,0.056654456654456675]}}
{"op_code":8,"worker_id":"b9d24075-3c3f-48be-9500-23bf8a4a8ed7-24364","trial_id":21,"user_attr":{"pruned_reasons":["M2 (Yearly Tail IC Mean <= 0)","M5 (Monotonicity <= 0.25)","Side-specific Hit Rate (40.00% < 50%)","Yearly Daily Win Rate (43.00% < 45%)","Side-specific Yearly Daily Win Rate (39.33% < 45%)"]}}
{"op_code":8,"worker_id":"b9d24075-3c3f-48be-9500-23bf8a4a8ed7-24364","trial_id":21,"user_attr":{"gini":0.36530350863689875}}
{"op_code":8,"worker_id":"b9d24075-3c3f-48be-9500-23bf8a4a8ed7-24364","trial_id":21,"user_attr":{"cv_is_ics":[0.0906720906496048,0.07481464743614197,0.10726912319660187,0.04701610654592514,0.08996696025133133,0.10709834098815918,0.07707447558641434,0.059075500816106796,0.09478168189525604,0.10792101919651031,0.07494650036096573,0.07290744036436081,0.12172573059797287,0.10303419083356857,0.05552273988723755]}}
{"op_code":8,"worker_id":"b9d24075-3c3f-48be-9500-23bf8a4a8ed7-24364","trial_id":21,"user_attr":{"cv_oos_ics":[0.026524916291236877,-0.0098491832613945,-0.05828901380300522,-0.0006170088308863342,-0.011225862428545952,0.011206765659153461,0.009234410710632801,-0.010579406283795834,0.012465176172554493,-0.0276353619992733,0.05029762536287308,0.07085306197404861,-0.0029185102321207523,0.022527063265442848,0.04841884225606918]}}
{"op_code":8,"worker_id":"b9d24075-3c3f-48be-9500-23bf8a4a8ed7-24364","trial_id":21,"user_attr":{"reg_kappa":3.244926786781752}}
{"op_code":8,"worker_id":"b9d24075-3c3f-48be-9500-23bf8a4a8ed7-24364","trial_id":21,"user_attr":{"raw_metrics":[-0.3104291961303476,-0.041953037334456225,0.6,0.0024457118815799,0.1806060606060606,0.14656034487397013,-0.14753898500448867,-0.2368609458208084,0.43004201680672266]}}
{"op_code":8,"worker_id":"b9d24075-3c3f-48be-9500-23bf8a4a8ed7-24364","trial_id":21,"user_attr":{"val_metrics":[0.05826187311058638,-0.1509480839203946,0.11515151515151516,0.33952643141568895,-6.961062068487223]}}
{"op_code":8,"worker_id":"b9d24075-3c3f-48be-9500-23bf8a4a8ed7-24364","trial_id":21,"user_attr":{"deflated_objective":-1.8561286257311198}}
{"op_code":9,"worker_id":"b9d24075-3c3f-48be-9500-23bf8a4a8ed7-24364","trial_id":21,"system_attr":{"constraints":[-0.0024457118815799,0.041953037334456225,0.0,0.0693939393939394,-0.14656034487397013,-75.0,-8.0,-0.06041478041478041,0.09999999999999998,-1295.0778461929547,0.01995798319327735,0.056654456654456675]}}
{"op_code":6,"worker_id":"b9d24075-3c3f-48be-9500-23bf8a4a8ed7-24364","trial_id":21,"state":1,"values":[-1.4636903829893086],"datetime_complete":"2026-07-14T11:43:16.959408"}
{"op_code":5,"worker_id":"908764f9-e674-49ab-bf3b-7d34b74c3eb9-30084","trial_id":77,"param_name":"unified_rho","param_value_internal":0.9500279066009878,"distribution":"{\"name\": \"FloatDistribution\", \"attributes\": {\"step\": null, \"low\": 0.0, \"high\": 1.0, \"log\": false}}"}
{"op_code":5,"worker_id":"908764f9-e674-49ab-bf3b-7d34b74c3eb9-30084","trial_id":77,"param_name":"unified_gamma","param_value_internal":41.509051305841794,"distribution":"{\"name\": \"FloatDistribution\", \"attributes\": {\"step\": null, \"low\": 1.5, \"high\": 10000.0, \"log\": true}}"}
{"op_code":5,"worker_id":"908764f9-e674-49ab-bf3b-7d34b74c3eb9-30084","trial_id":77,"param_name":"huber_delta","param_value_internal":1.793918631308309,"distribution":"{\"name\": \"FloatDistribution\", \"attributes\": {\"step\": null, \"low\": 0.5, \"high\": 5.0, \"log\": false}}"}
{"op_code":8,"worker_id":"908764f9-e674-49ab-bf3b-7d34b74c3eb9-30084","trial_id":77,"user_attr":{"constraints":[-0.00261758544681803,0.035587104403112094,0.0,0.10090909090909089,-0.11908298211266659,-38.0,-8.0,-0.0011577731577731593,-0.09999999999999998,-1440.6964887112538,0.02121848739495802,0.044993894993895]}}
{"op_code":8,"worker_id":"908764f9-e674-49ab-bf3b-7d34b74c3eb9-30084","trial_id":77,"user_attr":{"pruned_reasons":["M2 (Yearly Tail IC Mean <= 0)","M5 (Monotonicity <= 0.25)","Yearly Daily Win Rate (42.88% < 45%)","Side-specific Yearly Daily Win Rate (40.50% < 45%)"]}}
{"op_code":8,"worker_id":"908764f9-e674-49ab-bf3b-7d34b74c3eb9-30084","trial_id":77,"user_attr":{"gini":0.39375384961312654}}
{"op_code":8,"worker_id":"908764f9-e674-49ab-bf3b-7d34b74c3eb9-30084","trial_id":77,"user_attr":{"cv_is_ics":[0.0918959304690361,0.07849344611167908,0.11010231822729111,0.041294269263744354,0.08799870312213898,0.1033497080206871,0.0809055045247078,0.055914103984832764,0.09673292934894562,0.10653851926326752,0.07576839625835419,0.07329411059617996,0.12034141272306442,0.10138697922229767,0.048981618136167526]}}
{"op_code":8,"worker_id":"908764f9-e674-49ab-bf3b-7d34b74c3eb9-30084","trial_id":77,"user_attr":{"cv_oos_ics":[0.019443385303020477,-0.008143278770148754,-0.06634636223316193,-0.0018949685618281364,-0.016538606956601143,0.005585400387644768,0.0009878567652776837,-0.008120189420878887,0.009413366205990314,-0.02237127162516117,0.044618457555770874,0.06699136644601822,0.0003589536645449698,0.022370412945747375,0.058904338628053665]}}
{"op_code":8,"worker_id":"908764f9-e674-49ab-bf3b-7d34b74c3eb9-30084","trial_id":77,"user_attr":{"reg_kappa":3.6107431918224244}}
{"op_code":8,"worker_id":"908764f9-e674-49ab-bf3b-7d34b74c3eb9-30084","trial_id":77,"user_attr":{"raw_metrics":[-0.23449788141304168,-0.035587104403112094,0.6,0.00261758544681803,0.1490909090909091,0.11908298211266659,-0.2513743864958496,-0.3758954107761383,0.428781512605042]}}
{"op_code":8,"worker_id":"908764f9-e674-49ab-bf3b-7d34b74c3eb9-30084","trial_id":77,"user_attr":{"val_metrics":[0.052016604795731614,-0.26647243765873035,0.05454545454545454,0.3105539692181122,-6.7470583021925155]}}
{"op_code":8,"worker_id":"908764f9-e674-49ab-bf3b-7d34b74c3eb9-30084","trial_id":77,"user_attr":{"deflated_objective":-1.8206973253779146}}
{"op_code":9,"worker_id":"908764f9-e674-49ab-bf3b-7d34b74c3eb9-30084","trial_id":77,"system_attr":{"constraints":[-0.00261758544681803,0.035587104403112094,0.0,0.10090909090909089,-0.11908298211266659,-38.0,-8.0,-0.0011577731577731593,-0.09999999999999998,-1440.6964887112538,0.02121848739495802,0.044993894993895]}}
{"op_code":6,"worker_id":"908764f9-e674-49ab-bf3b-7d34b74c3eb9-30084","trial_id":77,"state":1,"values":[-1.4309837508621224],"datetime_complete":"2026-07-14T11:43:17.359452"}
{"op_code":4,"worker_id":"fda9336c-30b1-439e-83df-2e319d25b5c3-29612","study_id":0,"datetime_start":"2026-07-14T11:43:13.742629"}
{"op_code":5,"worker_id":"fda9336c-30b1-439e-83df-2e319d25b5c3-29612","trial_id":99,"param_name":"k_weight","param_value_internal":1.460322373550047,"distribution":"{\"name\": \"FloatDistribution\", \"attributes\": {\"step\": null, \"low\": 0.0, \"high\": 1.5, \"log\": false}}"}
{"op_code":5,"worker_id":"fda9336c-30b1-439e-83df-2e319d25b5c3-29612","trial_id":99,"param_name":"unified_alpha","param_value_internal":2.6075626706244144e-05,"distribution":"{\"name\": \"FloatDistribution\", \"attributes\": {\"step\": null, \"low\": 1e-05, \"high\": 10.0, \"log\": true}}"}
{"op_code":5,"worker_id":"fda9336c-30b1-439e-83df-2e319d25b5c3-29612","trial_id":99,"param_name":"unified_rho","param_value_internal":0.9661928166385881,"distribution":"{\"name\": \"FloatDistribution\", \"attributes\": {\"step\": null, \"low\": 0.0, \"high\": 1.0, \"log\": false}}"}
{"op_code":5,"worker_id":"fda9336c-30b1-439e-83df-2e319d25b5c3-29612","trial_id":99,"param_name":"unified_gamma","param_value_internal":11.739797005846519,"distribution":"{\"name\": \"FloatDistribution\", \"attributes\": {\"step\": null, \"low\": 1.5, \"high\": 10000.0, \"log\": true}}"}
{"op_code":5,"worker_id":"fda9336c-30b1-439e-83df-2e319d25b5c3-29612","trial_id":99,"param_name":"huber_delta","param_value_internal":1.6701033491041715,"distribution":"{\"name\": \"FloatDistribution\", \"attributes\": {\"step\": null, \"low\": 0.5, \"high\": 5.0, \"log\": false}}"}
{"op_code":8,"worker_id":"fda9336c-30b1-439e-83df-2e319d25b5c3-29612","trial_id":99,"user_attr":{"constraints":[-0.0012698907375675611,0.03751016856641499,0.0,0.042727272727272725,-0.1275571811749686,-31.0,-8.0,-0.03841597441597442,-0.09999999999999998,-1492.561187616916,0.01705182072829131,0.060073260073260026]}}
{"op_code":8,"worker_id":"fda9336c-30b1-439e-83df-2e319d25b5c3-29612","trial_id":99,"user_attr":{"pruned_reasons":["M2 (Yearly Tail IC Mean <= 0)","M5 (Monotonicity <= 0.25)","Yearly Daily Win Rate (43.29% < 45%)","Side-specific Yearly Daily Win Rate (38.99% < 45%)"]}}
{"op_code":8,"worker_id":"fda9336c-30b1-439e-83df-2e319d25b5c3-29612","trial_id":99,"user_attr":{"gini":0.39493094733430856}}
{"op_code":8,"worker_id":"fda9336c-30b1-439e-83df-2e319d25b5c3-29612","trial_id":99,"user_attr":{"cv_is_ics":[0.09333344548940659,0.08121105283498764,0.11079547554254532,0.04016469791531563,0.0877349004149437,0.10327214747667313,0.08001218736171722,0.05539245530962944,0.09731495380401611,0.10599187016487122,0.07693660259246826,0.07414629310369492,0.12040270119905472,0.10106563568115234,0.04770740121603012]}}
{"op_code":8,"worker_id":"fda9336c-30b1-439e-83df-2e319d25b5c3-29612","trial_id":99,"user_attr":{"cv_oos_ics":[0.01740371808409691,-0.005890617612749338,-0.07210669666528702,-0.0012341575929895043,-0.01922314614057541,0.0034523908980190754,0.0015063451137393713,-0.008085763081908226,0.008746393956243992,-0.020237142220139503,0.046114448457956314,0.06569113582372665,0.0015428710030391812,0.020148469135165215,0.059723105281591415]}}
{"op_code":8,"worker_id":"fda9336c-30b1-439e-83df-2e319d25b5c3-29612","trial_id":99,"user_attr":{"reg_kappa":3.7407494863554676}}
{"op_code":8,"worker_id":"fda9336c-30b1-439e-83df-2e319d25b5c3-29612","trial_id":99,"user_attr":{"raw_metrics":[-0.25385536863610947,-0.03751016856641499,0.6,0.0012698907375675611,0.20727272727272728,0.1275571811749686,-0.2952125774983779,-0.4217176139354706,0.4329481792717087]}}
{"op_code":8,"worker_id":"fda9336c-30b1-439e-83df-2e319d25b5c3-29612","trial_id":99,"user_attr":{"val_metrics":[0.05207090373632542,-0.0766713557393736,0.1393939393939394,0.28878582302359457,-7.420506061135575]}}
{"op_code":8,"worker_id":"fda9336c-30b1-439e-83df-2e319d25b5c3-29612","trial_id":99,"user_attr":{"deflated_objective":-2.0040236351194394}}
{"op_code":9,"worker_id":"fda9336c-30b1-439e-83df-2e319d25b5c3-29612","trial_id":99,"system_attr":{"constraints":[-0.0012698907375675611,0.03751016856641499,0.0,0.042727272727272725,-0.1275571811749686,-31.0,-8.0,-0.03841597441597442,-0.09999999999999998,-1492.561187616916,0.01705182072829131,0.060073260073260026]}}
{"op_code":6,"worker_id":"fda9336c-30b1-439e-83df-2e319d25b5c3-29612","trial_id":99,"state":1,"values":[-1.615952143274199],"datetime_complete":"2026-07-14T11:43:17.849326"}
