{"op_code":0,"worker_id":"eb66433d-dc0d-4c03-98f6-e202f2c5eeef-22948","study_name":"main_588000ETF_long_r202412_sortino_armC","directions":[2]}
{"op_code":4,"worker_id":"35b03f2c-39ee-40d4-aca3-79c36d4a98f2-27064","study_id":0,"datetime_start":"2026-07-14T11:41:17.370627"}
{"op_code":4,"worker_id":"1726cff6-2557-4162-aaf3-5b2a1edb42a7-19068","study_id":0,"datetime_start":"2026-07-14T11:41:17.372410"}
{"op_code":5,"worker_id":"35b03f2c-39ee-40d4-aca3-79c36d4a98f2-27064","trial_id":0,"param_name":"k_weight","param_value_internal":0.17258184958466843,"distribution":"{\"name\": \"FloatDistribution\", \"attributes\": {\"step\": null, \"low\": 0.0, \"high\": 1.5, \"log\": false}}"}
{"op_code":4,"worker_id":"ea806e65-131c-4338-ac03-4a146d883d20-30084","study_id":0,"datetime_start":"2026-07-14T11:41:17.376431"}
{"op_code":4,"worker_id":"9a7a6236-2f18-407b-b0e0-a44eb8a9df27-7108","study_id":0,"datetime_start":"2026-07-14T11:41:17.378120"}
{"op_code":5,"worker_id":"1726cff6-2557-4162-aaf3-5b2a1edb42a7-19068","trial_id":1,"param_name":"k_weight","param_value_internal":1.252263222998474,"distribution":"{\"name\": \"FloatDistribution\", \"attributes\": {\"step\": null, \"low\": 0.0, \"high\": 1.5, \"log\": false}}"}
{"op_code":4,"worker_id":"e56b2107-4823-4592-9d8b-a869c64b90a8-20880","study_id":0,"datetime_start":"2026-07-14T11:41:17.380799"}
{"op_code":5,"worker_id":"1726cff6-2557-4162-aaf3-5b2a1edb42a7-19068","trial_id":1,"param_name":"unified_alpha","param_value_internal":4.253795683489069e-05,"distribution":"{\"name\": \"FloatDistribution\", \"attributes\": {\"step\": null, \"low\": 1e-05, \"high\": 10.0, \"log\": true}}"}
{"op_code":5,"worker_id":"e56b2107-4823-4592-9d8b-a869c64b90a8-20880","trial_id":4,"param_name":"k_weight","param_value_internal":0.026235406396728944,"distribution":"{\"name\": \"FloatDistribution\", \"attributes\": {\"step\": null, \"low\": 0.0, \"high\": 1.5, \"log\": false}}"}
{"op_code":4,"worker_id":"0c0a3448-930d-4827-b507-a2e4a90262d8-31524","study_id":0,"datetime_start":"2026-07-14T11:41:17.384843"}
{"op_code":4,"worker_id":"fc835ba5-465e-4690-8cde-aeb169f6eb65-12024","study_id":0,"datetime_start":"2026-07-14T11:41:17.386573"}
{"op_code":4,"worker_id":"2e79d4f6-a98a-4be9-bf42-64283bfc1137-11668","study_id":0,"datetime_start":"2026-07-14T11:41:17.383156"}
{"op_code":5,"worker_id":"0c0a3448-930d-4827-b507-a2e4a90262d8-31524","trial_id":5,"param_name":"k_weight","param_value_internal":0.7419024683070321,"distribution":"{\"name\": \"FloatDistribution\", \"attributes\": {\"step\": null, \"low\": 0.0, \"high\": 1.5, \"log\": false}}"}
{"op_code":5,"worker_id":"2e79d4f6-a98a-4be9-bf42-64283bfc1137-11668","trial_id":7,"param_name":"k_weight","param_value_internal":0.45144668378387187,"distribution":"{\"name\": \"FloatDistribution\", \"attributes\": {\"step\": null, \"low\": 0.0, \"high\": 1.5, \"log\": false}}"}
{"op_code":4,"worker_id":"c06361db-fff8-4d35-8e71-e7b5d6f6ac36-23408","study_id":0,"datetime_start":"2026-07-14T11:41:17.391359"}
{"op_code":5,"worker_id":"0c0a3448-930d-4827-b507-a2e4a90262d8-31524","trial_id":5,"param_name":"unified_alpha","param_value_internal":0.00023361387149879002,"distribution":"{\"name\": \"FloatDistribution\", \"attributes\": {\"step\": null, \"low\": 1e-05, \"high\": 10.0, \"log\": true}}"}
{"op_code":4,"worker_id":"00ddef0e-86f8-4aec-b8be-4df3fda315cf-22852","study_id":0,"datetime_start":"2026-07-14T11:41:17.393595"}
{"op_code":5,"worker_id":"c06361db-fff8-4d35-8e71-e7b5d6f6ac36-23408","trial_id":8,"param_name":"k_weight","param_value_internal":1.2699936108152008,"distribution":"{\"name\": \"FloatDistribution\", \"attributes\": {\"step\": null, \"low\": 0.0, \"high\": 1.5, \"log\": false}}"}
{"op_code":5,"worker_id":"0c0a3448-930d-4827-b507-a2e4a90262d8-31524","trial_id":5,"param_name":"unified_rho","param_value_internal":0.25547392375721134,"distribution":"{\"name\": \"FloatDistribution\", \"attributes\": {\"step\": null, \"low\": 0.0, \"high\": 1.0, \"log\": false}}"}
{"op_code":4,"worker_id":"8f1392d6-b8c0-415c-9b35-cef043e2aead-31796","study_id":0,"datetime_start":"2026-07-14T11:41:17.397580"}
{"op_code":4,"worker_id":"3a148c4f-35af-4ec4-9475-840064a5c9e7-29612","study_id":0,"datetime_start":"2026-07-14T11:41:17.390005"}
{"op_code":5,"worker_id":"2e79d4f6-a98a-4be9-bf42-64283bfc1137-11668","trial_id":7,"param_name":"unified_alpha","param_value_internal":0.0003036483963037555,"distribution":"{\"name\": \"FloatDistribution\", \"attributes\": {\"step\": null, \"low\": 1e-05, \"high\": 10.0, \"log\": true}}"}
{"op_code":5,"worker_id":"3a148c4f-35af-4ec4-9475-840064a5c9e7-29612","trial_id":11,"param_name":"k_weight","param_value_internal":1.234665511064688,"distribution":"{\"name\": \"FloatDistribution\", \"attributes\": {\"step\": null, \"low\": 0.0, \"high\": 1.5, \"log\": false}}"}
{"op_code":5,"worker_id":"e56b2107-4823-4592-9d8b-a869c64b90a8-20880","trial_id":4,"param_name":"unified_alpha","param_value_internal":2.2358342417700436,"distribution":"{\"name\": \"FloatDistribution\", \"attributes\": {\"step\": null, \"low\": 1e-05, \"high\": 10.0, \"log\": true}}"}
{"op_code":4,"worker_id":"44d62ddb-df57-4dd2-a985-1ba1b957de46-8896","study_id":0,"datetime_start":"2026-07-14T11:41:17.400112"}
{"op_code":4,"worker_id":"87b0e52f-44de-4c47-9ccc-fc0cea5958aa-18156","study_id":0,"datetime_start":"2026-07-14T11:41:17.405970"}
{"op_code":5,"worker_id":"0c0a3448-930d-4827-b507-a2e4a90262d8-31524","trial_id":5,"param_name":"unified_gamma","param_value_internal":49.160995099882086,"distribution":"{\"name\": \"FloatDistribution\", \"attributes\": {\"step\": null, \"low\": 1.5, \"high\": 10000.0, \"log\": true}}"}
{"op_code":4,"worker_id":"22894bb7-bf67-4f97-bef3-4e86dcb3bdfe-27448","study_id":0,"datetime_start":"2026-07-14T11:41:17.374557"}
{"op_code":5,"worker_id":"44d62ddb-df57-4dd2-a985-1ba1b957de46-8896","trial_id":12,"param_name":"k_weight","param_value_internal":0.1310244643532626,"distribution":"{\"name\": \"FloatDistribution\", \"attributes\": {\"step\": null, \"low\": 0.0, \"high\": 1.5, \"log\": false}}"}
{"op_code":5,"worker_id":"22894bb7-bf67-4f97-bef3-4e86dcb3bdfe-27448","trial_id":14,"param_name":"k_weight","param_value_internal":1.4835172702134,"distribution":"{\"name\": \"FloatDistribution\", \"attributes\": {\"step\": null, \"low\": 0.0, \"high\": 1.5, \"log\": false}}"}
{"op_code":5,"worker_id":"e56b2107-4823-4592-9d8b-a869c64b90a8-20880","trial_id":4,"param_name":"unified_rho","param_value_internal":0.2848611674739183,"distribution":"{\"name\": \"FloatDistribution\", \"attributes\": {\"step\": null, \"low\": 0.0, \"high\": 1.0, \"log\": false}}"}
{"op_code":4,"worker_id":"84e6c97d-7a0f-4cbd-9735-6311a99b9d91-24364","study_id":0,"datetime_start":"2026-07-14T11:41:17.414991"}
{"op_code":5,"worker_id":"44d62ddb-df57-4dd2-a985-1ba1b957de46-8896","trial_id":12,"param_name":"unified_alpha","param_value_internal":0.00024146967484786692,"distribution":"{\"name\": \"FloatDistribution\", \"attributes\": {\"step\": null, \"low\": 1e-05, \"high\": 10.0, \"log\": true}}"}
{"op_code":5,"worker_id":"22894bb7-bf67-4f97-bef3-4e86dcb3bdfe-27448","trial_id":14,"param_name":"unified_alpha","param_value_internal":0.019827518376799098,"distribution":"{\"name\": \"FloatDistribution\", \"attributes\": {\"step\": null, \"low\": 1e-05, \"high\": 10.0, \"log\": true}}"}
{"op_code":4,"worker_id":"303b9247-2a7f-45f0-9648-c2177ce47eed-8436","study_id":0,"datetime_start":"2026-07-14T11:41:17.411434"}
{"op_code":5,"worker_id":"84e6c97d-7a0f-4cbd-9735-6311a99b9d91-24364","trial_id":15,"param_name":"k_weight","param_value_internal":0.32796757522080905,"distribution":"{\"name\": \"FloatDistribution\", \"attributes\": {\"step\": null, \"low\": 0.0, \"high\": 1.5, \"log\": false}}"}
{"op_code":5,"worker_id":"303b9247-2a7f-45f0-9648-c2177ce47eed-8436","trial_id":16,"param_name":"k_weight","param_value_internal":0.8309115337508797,"distribution":"{\"name\": \"FloatDistribution\", \"attributes\": {\"step\": null, \"low\": 0.0, \"high\": 1.5, \"log\": false}}"}
{"op_code":4,"worker_id":"286cf91f-3feb-4657-8318-561149af4cf8-4680","study_id":0,"datetime_start":"2026-07-14T11:41:17.407550"}
{"op_code":5,"worker_id":"0c0a3448-930d-4827-b507-a2e4a90262d8-31524","trial_id":5,"param_name":"huber_delta","param_value_internal":2.197917939610058,"distribution":"{\"name\": \"FloatDistribution\", \"attributes\": {\"step\": null, \"low\": 0.5, \"high\": 5.0, \"log\": false}}"}
{"op_code":5,"worker_id":"286cf91f-3feb-4657-8318-561149af4cf8-4680","trial_id":17,"param_name":"k_weight","param_value_internal":1.2367042138699227,"distribution":"{\"name\": \"FloatDistribution\", \"attributes\": {\"step\": null, \"low\": 0.0, \"high\": 1.5, \"log\": false}}"}
{"op_code":4,"worker_id":"ceb46980-2660-4c3a-b7f7-19ac59ab7fd9-3216","study_id":0,"datetime_start":"2026-07-14T11:41:17.395462"}
{"op_code":4,"worker_id":"7cc5a600-3671-4be2-8d5d-ed1a87792a2b-16052","study_id":0,"datetime_start":"2026-07-14T11:41:17.413399"}
{"op_code":5,"worker_id":"ceb46980-2660-4c3a-b7f7-19ac59ab7fd9-3216","trial_id":18,"param_name":"k_weight","param_value_internal":0.139662430007787,"distribution":"{\"name\": \"FloatDistribution\", \"attributes\": {\"step\": null, \"low\": 0.0, \"high\": 1.5, \"log\": false}}"}
{"op_code":5,"worker_id":"7cc5a600-3671-4be2-8d5d-ed1a87792a2b-16052","trial_id":19,"param_name":"k_weight","param_value_internal":0.5686477881506551,"distribution":"{\"name\": \"FloatDistribution\", \"attributes\": {\"step\": null, \"low\": 0.0, \"high\": 1.5, \"log\": false}}"}
{"op_code":4,"worker_id":"df9de23b-b2ee-45ab-b7f3-702a6772ed9f-6576","study_id":0,"datetime_start":"2026-07-14T11:41:17.417203"}
{"op_code":5,"worker_id":"ceb46980-2660-4c3a-b7f7-19ac59ab7fd9-3216","trial_id":18,"param_name":"unified_alpha","param_value_internal":6.75982604244183,"distribution":"{\"name\": \"FloatDistribution\", \"attributes\": {\"step\": null, \"low\": 1e-05, \"high\": 10.0, \"log\": true}}"}
{"op_code":5,"worker_id":"df9de23b-b2ee-45ab-b7f3-702a6772ed9f-6576","trial_id":20,"param_name":"k_weight","param_value_internal":0.2314313671969137,"distribution":"{\"name\": \"FloatDistribution\", \"attributes\": {\"step\": null, \"low\": 0.0, \"high\": 1.5, \"log\": false}}"}
{"op_code":5,"worker_id":"286cf91f-3feb-4657-8318-561149af4cf8-4680","trial_id":17,"param_name":"unified_alpha","param_value_internal":0.00012248936831990408,"distribution":"{\"name\": \"FloatDistribution\", \"attributes\": {\"step\": null, \"low\": 1e-05, \"high\": 10.0, \"log\": true}}"}
{"op_code":5,"worker_id":"7cc5a600-3671-4be2-8d5d-ed1a87792a2b-16052","trial_id":19,"param_name":"unified_alpha","param_value_internal":0.025269055139108366,"distribution":"{\"name\": \"FloatDistribution\", \"attributes\": {\"step\": null, \"low\": 1e-05, \"high\": 10.0, \"log\": true}}"}
{"op_code":5,"worker_id":"84e6c97d-7a0f-4cbd-9735-6311a99b9d91-24364","trial_id":15,"param_name":"unified_alpha","param_value_internal":1.543179043837076e-05,"distribution":"{\"name\": \"FloatDistribution\", \"attributes\": {\"step\": null, \"low\": 1e-05, \"high\": 10.0, \"log\": true}}"}
{"op_code":5,"worker_id":"303b9247-2a7f-45f0-9648-c2177ce47eed-8436","trial_id":16,"param_name":"unified_alpha","param_value_internal":0.0023849943922257424,"distribution":"{\"name\": \"FloatDistribution\", \"attributes\": {\"step\": null, \"low\": 1e-05, \"high\": 10.0, \"log\": true}}"}
{"op_code":5,"worker_id":"ea806e65-131c-4338-ac03-4a146d883d20-30084","trial_id":2,"param_name":"k_weight","param_value_internal":1.175748526208626,"distribution":"{\"name\": \"FloatDistribution\", \"attributes\": {\"step\": null, \"low\": 0.0, \"high\": 1.5, \"log\": false}}"}
{"op_code":5,"worker_id":"7cc5a600-3671-4be2-8d5d-ed1a87792a2b-16052","trial_id":19,"param_name":"unified_rho","param_value_internal":0.5955925126571219,"distribution":"{\"name\": \"FloatDistribution\", \"attributes\": {\"step\": null, \"low\": 0.0, \"high\": 1.0, \"log\": false}}"}
{"op_code":5,"worker_id":"84e6c97d-7a0f-4cbd-9735-6311a99b9d91-24364","trial_id":15,"param_name":"unified_rho","param_value_internal":0.2871252773397034,"distribution":"{\"name\": \"FloatDistribution\", \"attributes\": {\"step\": null, \"low\": 0.0, \"high\": 1.0, \"log\": false}}"}
{"op_code":5,"worker_id":"303b9247-2a7f-45f0-9648-c2177ce47eed-8436","trial_id":16,"param_name":"unified_rho","param_value_internal":0.04812677258007669,"distribution":"{\"name\": \"FloatDistribution\", \"attributes\": {\"step\": null, \"low\": 0.0, \"high\": 1.0, \"log\": false}}"}
{"op_code":5,"worker_id":"ea806e65-131c-4338-ac03-4a146d883d20-30084","trial_id":2,"param_name":"unified_alpha","param_value_internal":0.06441725825501599,"distribution":"{\"name\": \"FloatDistribution\", \"attributes\": {\"step\": null, \"low\": 1e-05, \"high\": 10.0, \"log\": true}}"}
{"op_code":5,"worker_id":"ea806e65-131c-4338-ac03-4a146d883d20-30084","trial_id":2,"param_name":"unified_rho","param_value_internal":0.24904309151574888,"distribution":"{\"name\": \"FloatDistribution\", \"attributes\": {\"step\": null, \"low\": 0.0, \"high\": 1.0, \"log\": false}}"}
{"op_code":5,"worker_id":"ea806e65-131c-4338-ac03-4a146d883d20-30084","trial_id":2,"param_name":"unified_gamma","param_value_internal":1188.2400441757075,"distribution":"{\"name\": \"FloatDistribution\", \"attributes\": {\"step\": null, \"low\": 1.5, \"high\": 10000.0, \"log\": true}}"}
{"op_code":5,"worker_id":"303b9247-2a7f-45f0-9648-c2177ce47eed-8436","trial_id":16,"param_name":"unified_gamma","param_value_internal":153.53774586034245,"distribution":"{\"name\": \"FloatDistribution\", \"attributes\": {\"step\": null, \"low\": 1.5, \"high\": 10000.0, \"log\": true}}"}
{"op_code":5,"worker_id":"7cc5a600-3671-4be2-8d5d-ed1a87792a2b-16052","trial_id":19,"param_name":"unified_gamma","param_value_internal":78.76089354518557,"distribution":"{\"name\": \"FloatDistribution\", \"attributes\": {\"step\": null, \"low\": 1.5, \"high\": 10000.0, \"log\": true}}"}
{"op_code":5,"worker_id":"303b9247-2a7f-45f0-9648-c2177ce47eed-8436","trial_id":16,"param_name":"huber_delta","param_value_internal":1.1886736181535065,"distribution":"{\"name\": \"FloatDistribution\", \"attributes\": {\"step\": null, \"low\": 0.5, \"high\": 5.0, \"log\": false}}"}
{"op_code":5,"worker_id":"ea806e65-131c-4338-ac03-4a146d883d20-30084","trial_id":2,"param_name":"huber_delta","param_value_internal":1.9088462103425592,"distribution":"{\"name\": \"FloatDistribution\", \"attributes\": {\"step\": null, \"low\": 0.5, \"high\": 5.0, \"log\": false}}"}
{"op_code":8,"worker_id":"0c0a3448-930d-4827-b507-a2e4a90262d8-31524","trial_id":5,"user_attr":{"constraints":[-0.0832317034819748,-0.2561882393189384,0.09999999999999998,0.040909090909090895,-0.3775446609718104,-40.0,-8.0,-0.010760939355637933,0.25,-1325.8685184161025,-0.1135416666666666,-0.08670634920634918]}}
{"op_code":5,"worker_id":"7cc5a600-3671-4be2-8d5d-ed1a87792a2b-16052","trial_id":19,"param_name":"huber_delta","param_value_internal":2.556589214276234,"distribution":"{\"name\": \"FloatDistribution\", \"attributes\": {\"step\": null, \"low\": 0.5, \"high\": 5.0, \"log\": false}}"}
{"op_code":8,"worker_id":"0c0a3448-930d-4827-b507-a2e4a90262d8-31524","trial_id":5,"user_attr":{"pruned_reasons":["M3 (Hit Rate < 60%)","M5 (Monotonicity <= 0.25)","Side-specific Hit Rate (25.00% < 50%)"]}}
{"op_code":5,"worker_id":"8f1392d6-b8c0-415c-9b35-cef043e2aead-31796","trial_id":10,"param_name":"k_weight","param_value_internal":1.476287775813865,"distribution":"{\"name\": \"FloatDistribution\", \"attributes\": {\"step\": null, \"low\": 0.0, \"high\": 1.5, \"log\": false}}"}
{"op_code":5,"worker_id":"84e6c97d-7a0f-4cbd-9735-6311a99b9d91-24364","trial_id":15,"param_name":"unified_gamma","param_value_internal":6.859124195171953,"distribution":"{\"name\": \"FloatDistribution\", \"attributes\": {\"step\": null, \"low\": 1.5, \"high\": 10000.0, \"log\": true}}"}
{"op_code":5,"worker_id":"8f1392d6-b8c0-415c-9b35-cef043e2aead-31796","trial_id":10,"param_name":"unified_alpha","param_value_internal":0.0010010910900983274,"distribution":"{\"name\": \"FloatDistribution\", \"attributes\": {\"step\": null, \"low\": 1e-05, \"high\": 10.0, \"log\": true}}"}
{"op_code":4,"worker_id":"cc2e2180-40dd-4dd5-bedf-3ed5a90a7dd3-14384","study_id":0,"datetime_start":"2026-07-14T11:41:17.402623"}
{"op_code":5,"worker_id":"ceb46980-2660-4c3a-b7f7-19ac59ab7fd9-3216","trial_id":18,"param_name":"unified_rho","param_value_internal":0.4838599804636461,"distribution":"{\"name\": \"FloatDistribution\", \"attributes\": {\"step\": null, \"low\": 0.0, \"high\": 1.0, \"log\": false}}"}
{"op_code":5,"worker_id":"cc2e2180-40dd-4dd5-bedf-3ed5a90a7dd3-14384","trial_id":21,"param_name":"k_weight","param_value_internal":0.5476583745340409,"distribution":"{\"name\": \"FloatDistribution\", \"attributes\": {\"step\": null, \"low\": 0.0, \"high\": 1.5, \"log\": false}}"}
{"op_code":5,"worker_id":"8f1392d6-b8c0-415c-9b35-cef043e2aead-31796","trial_id":10,"param_name":"unified_rho","param_value_internal":0.6737016246691375,"distribution":"{\"name\": \"FloatDistribution\", \"attributes\": {\"step\": null, \"low\": 0.0, \"high\": 1.0, \"log\": false}}"}
{"op_code":8,"worker_id":"0c0a3448-930d-4827-b507-a2e4a90262d8-31524","trial_id":5,"user_attr":{"gini":0.3865804805973627}}
{"op_code":8,"worker_id":"0c0a3448-930d-4827-b507-a2e4a90262d8-31524","trial_id":5,"user_attr":{"cv_is_ics":[0.17677603662014008,0.14085854589939117,0.13577477633953094,0.18709594011306763,0.1933867633342743,0.1857975572347641,0.19739404320716858,0.20413415133953094,0.22091266512870789,0.19387677311897278,0.17190809547901154,0.17396534979343414,0.1530950516462326,0.1712011843919754,0.20947790145874023]}}
{"op_code":8,"worker_id":"0c0a3448-930d-4827-b507-a2e4a90262d8-31524","trial_id":5,"user_attr":{"cv_oos_ics":[0.05147853121161461,0.13398592174053192,0.11945686489343643,0.002764310920611024,0.07404205948114395,0.03072369657456875,0.055095087736845016,0.03574113920331001,0.0022999150678515434,0.03880133479833603,0.06169917434453964,0.08951423317193985,0.07778861373662949,0.10655287653207779,-0.01061472948640585]}}
{"op_code":8,"worker_id":"0c0a3448-930d-4827-b507-a2e4a90262d8-31524","trial_id":5,"user_attr":{"reg_kappa":3.3219265301865706}}
{"op_code":8,"worker_id":"0c0a3448-930d-4827-b507-a2e4a90262d8-31524","trial_id":5,"user_attr":{"raw_metrics":[0.6458161261984976,0.2561882393189384,0.5,0.0832317034819748,0.2090909090909091,0.3775446609718104,-0.24316315197804028,-0.2825743556022644,0.5635416666666666]}}
{"op_code":5,"worker_id":"ceb46980-2660-4c3a-b7f7-19ac59ab7fd9-3216","trial_id":18,"param_name":"unified_gamma","param_value_internal":12.690418291229948,"distribution":"{\"name\": \"FloatDistribution\", \"attributes\": {\"step\": null, \"low\": 1.5, \"high\": 10000.0, \"log\": true}}"}
{"op_code":5,"worker_id":"cc2e2180-40dd-4dd5-bedf-3ed5a90a7dd3-14384","trial_id":21,"param_name":"unified_alpha","param_value_internal":0.00509607129650663,"distribution":"{\"name\": \"FloatDistribution\", \"attributes\": {\"step\": null, \"low\": 1e-05, \"high\": 10.0, \"log\": true}}"}
{"op_code":5,"worker_id":"8f1392d6-b8c0-415c-9b35-cef043e2aead-31796","trial_id":10,"param_name":"unified_gamma","param_value_internal":8.454156675684052,"distribution":"{\"name\": \"FloatDistribution\", \"attributes\": {\"step\": null, \"low\": 1.5, \"high\": 10000.0, \"log\": true}}"}
{"op_code":8,"worker_id":"0c0a3448-930d-4827-b507-a2e4a90262d8-31524","trial_id":5,"user_attr":{"val_metrics":[0.1719916948876447,0.09543100523690631,0.5393939393939394,0.8950283199386753,-1.951574305893688]}}
{"op_code":8,"worker_id":"0c0a3448-930d-4827-b507-a2e4a90262d8-31524","trial_id":5,"user_attr":{"deflated_objective":1.9044311807691736}}
{"op_code":5,"worker_id":"cc2e2180-40dd-4dd5-bedf-3ed5a90a7dd3-14384","trial_id":21,"param_name":"unified_rho","param_value_internal":0.4960603487677895,"distribution":"{\"name\": \"FloatDistribution\", \"attributes\": {\"step\": null, \"low\": 0.0, \"high\": 1.0, \"log\": false}}"}
{"op_code":5,"worker_id":"cc2e2180-40dd-4dd5-bedf-3ed5a90a7dd3-14384","trial_id":21,"param_name":"unified_gamma","param_value_internal":2.919195228671233,"distribution":"{\"name\": \"FloatDistribution\", \"attributes\": {\"step\": null, \"low\": 1.5, \"high\": 10000.0, \"log\": true}}"}
{"op_code":5,"worker_id":"cc2e2180-40dd-4dd5-bedf-3ed5a90a7dd3-14384","trial_id":21,"param_name":"huber_delta","param_value_internal":3.072927120474744,"distribution":"{\"name\": \"FloatDistribution\", \"attributes\": {\"step\": null, \"low\": 0.5, \"high\": 5.0, \"log\": false}}"}
{"op_code":9,"worker_id":"0c0a3448-930d-4827-b507-a2e4a90262d8-31524","trial_id":5,"system_attr":{"constraints":[-0.0832317034819748,-0.2561882393189384,0.09999999999999998,0.040909090909090895,-0.3775446609718104,-40.0,-8.0,-0.010760939355637933,0.25,-1325.8685184161025,-0.1135416666666666,-0.08670634920634918]}}
{"op_code":8,"worker_id":"303b9247-2a7f-45f0-9648-c2177ce47eed-8436","trial_id":16,"user_attr":{"constraints":[-0.07253802285342081,-0.20570435137304438,0.09999999999999998,0.004545454545454575,-0.22168986732761065,0.0,0.0,-0.14575289575289577,0.25,-1329.9168300656356,-0.043749999999999956,-0.04404761904761895]}}
{"op_code":6,"worker_id":"0c0a3448-930d-4827-b507-a2e4a90262d8-31524","trial_id":5,"state":1,"values":[1.9044311807691736],"datetime_complete":"2026-07-14T11:41:17.496623"}
{"op_code":8,"worker_id":"7cc5a600-3671-4be2-8d5d-ed1a87792a2b-16052","trial_id":19,"user_attr":{"constraints":[-0.09972667055654671,-0.3021041395281517,0.09999999999999998,0.04090909090909092,-0.3875258082834383,-48.0,-6.0,-0.07338939307517163,0.0,-1319.2237725545056,-0.10416666666666669,-0.0658730158730158]}}
{"op_code":8,"worker_id":"7cc5a600-3671-4be2-8d5d-ed1a87792a2b-16052","trial_id":19,"user_attr":{"pruned_reasons":["M3 (Hit Rate < 60%)","M5 (Monotonicity <= 0.25)"]}}
{"op_code":8,"worker_id":"303b9247-2a7f-45f0-9648-c2177ce47eed-8436","trial_id":16,"user_attr":{"pruned_reasons":["M3 (Hit Rate < 60%)","M5 (Monotonicity <= 0.25)","Side-specific Hit Rate (25.00% < 50%)"]}}
{"op_code":5,"worker_id":"84e6c97d-7a0f-4cbd-9735-6311a99b9d91-24364","trial_id":15,"param_name":"huber_delta","param_value_internal":1.8651937139528465,"distribution":"{\"name\": \"FloatDistribution\", \"attributes\": {\"step\": null, \"low\": 0.5, \"high\": 5.0, \"log\": false}}"}
{"op_code":5,"worker_id":"8f1392d6-b8c0-415c-9b35-cef043e2aead-31796","trial_id":10,"param_name":"huber_delta","param_value_internal":2.095009090884606,"distribution":"{\"name\": \"FloatDistribution\", \"attributes\": {\"step\": null, \"low\": 0.5, \"high\": 5.0, \"log\": false}}"}
{"op_code":8,"worker_id":"7cc5a600-3671-4be2-8d5d-ed1a87792a2b-16052","trial_id":19,"user_attr":{"gini":0.5476675799588027}}
{"op_code":5,"worker_id":"35b03f2c-39ee-40d4-aca3-79c36d4a98f2-27064","trial_id":0,"param_name":"unified_alpha","param_value_internal":0.0451231319213065,"distribution":"{\"name\": \"FloatDistribution\", \"attributes\": {\"step\": null, \"low\": 1e-05, \"high\": 10.0, \"log\": true}}"}
{"op_code":8,"worker_id":"7cc5a600-3671-4be2-8d5d-ed1a87792a2b-16052","trial_id":19,"user_attr":{"cv_is_ics":[0.17533600330352783,0.1502171903848648,0.1361466348171234,0.18328309059143066,0.19103176891803741,0.1904716044664383,0.1934734433889389,0.20704756677150726,0.2255394160747528,0.187323197722435,0.1700207144021988,0.17124566435813904,0.1497335433959961,0.16885614395141602,0.20565301179885864]}}
{"op_code":8,"worker_id":"7cc5a600-3671-4be2-8d5d-ed1a87792a2b-16052","trial_id":19,"user_attr":{"cv_oos_ics":[0.059476304799318314,0.1444278061389923,0.14300286769866943,0.06263074278831482,0.0750957727432251,0.05181446298956871,0.07237715274095535,0.05454685166478157,0.0038483331445604563,0.06301401555538177,0.10052602738142014,0.07800887525081635,0.09097863733768463,0.10866466909646988,0.044039174914360046]}}
{"op_code":8,"worker_id":"ea806e65-131c-4338-ac03-4a146d883d20-30084","trial_id":2,"user_attr":{"constraints":[-0.09353181353703084,-0.1892603850050658,0.09999999999999998,-0.06212121212121213,-0.34926455056915684,-27.0,-6.0,-0.1403935642025686,-0.25,-1350.4050269903787,-0.08333333333333331,-0.030158730158730163]}}
{"op_code":5,"worker_id":"35b03f2c-39ee-40d4-aca3-79c36d4a98f2-27064","trial_id":0,"param_name":"unified_rho","param_value_internal":0.13339096418598828,"distribution":"{\"name\": \"FloatDistribution\", \"attributes\": {\"step\": null, \"low\": 0.0, \"high\": 1.0, \"log\": false}}"}
{"op_code":5,"worker_id":"35b03f2c-39ee-40d4-aca3-79c36d4a98f2-27064","trial_id":0,"param_name":"unified_gamma","param_value_internal":12.476248311536951,"distribution":"{\"name\": \"FloatDistribution\", \"attributes\": {\"step\": null, \"low\": 1.5, \"high\": 10000.0, \"log\": true}}"}
{"op_code":5,"worker_id":"35b03f2c-39ee-40d4-aca3-79c36d4a98f2-27064","trial_id":0,"param_name":"huber_delta","param_value_internal":1.972125751150129,"distribution":"{\"name\": \"FloatDistribution\", \"attributes\": {\"step\": null, \"low\": 0.5, \"high\": 5.0, \"log\": false}}"}
{"op_code":8,"worker_id":"ea806e65-131c-4338-ac03-4a146d883d20-30084","trial_id":2,"user_attr":{"pruned_reasons":["M3 (Hit Rate < 60%)"]}}
{"op_code":8,"worker_id":"ea806e65-131c-4338-ac03-4a146d883d20-30084","trial_id":2,"user_attr":{"gini":0.5015575357506152}}
{"op_code":8,"worker_id":"ea806e65-131c-4338-ac03-4a146d883d20-30084","trial_id":2,"user_attr":{"cv_is_ics":[0.1693378984928131,0.13595393300056458,0.13138854503631592,0.1777636557817459,0.18473565578460693,0.17652131617069244,0.19135402143001556,0.2040395885705948,0.21790200471878052,0.177916020154953,0.16563473641872406,0.1657387763261795,0.14857396483421326,0.1642998456954956,0.2018471211194992]}}
{"op_code":8,"worker_id":"ea806e65-131c-4338-ac03-4a146d883d20-30084","trial_id":2,"user_attr":{"cv_oos_ics":[0.03085976652801037,0.1341663897037506,0.1322879195213318,0.059934403747320175,0.0662137046456337,0.03222665190696716,0.06382736563682556,0.049677081406116486,0.0007969213183969259,0.08180785179138184,0.08692790567874908,0.07601094990968704,0.09642533957958221,0.11678429692983627,0.05211019515991211]}}
{"op_code":8,"worker_id":"ea806e65-131c-4338-ac03-4a146d883d20-30084","trial_id":2,"user_attr":{"reg_kappa":3.1187996087423744}}
{"op_code":8,"worker_id":"ea806e65-131c-4338-ac03-4a146d883d20-30084","trial_id":2,"user_attr":{"raw_metrics":[0.6190005446910573,0.1892603850050658,0.5,0.09353181353703084,0.31212121212121213,0.34926455056915684,-0.28277123625140305,-0.2601332366466522,0.5333333333333333]}}
{"op_code":8,"worker_id":"ea806e65-131c-4338-ac03-4a146d883d20-30084","trial_id":2,"user_attr":{"val_metrics":[0.17078782774318826,0.026849849254999558,0.4909090909090909,0.8742761076630458,-0.5930199383524881]}}
{"op_code":8,"worker_id":"ea806e65-131c-4338-ac03-4a146d883d20-30084","trial_id":2,"user_attr":{"deflated_objective":2.2027253931553963}}
{"op_code":8,"worker_id":"cc2e2180-40dd-4dd5-bedf-3ed5a90a7dd3-14384","trial_id":21,"user_attr":{"constraints":[-0.08719724740121082,-0.2665090988039316,0.09999999999999998,0.004545454545454575,-0.3592085045141479,-46.0,-8.0,-0.07253561378597267,0.0,-1318.471077227542,-0.08854166666666669,-0.07976190476190476]}}
{"op_code":5,"worker_id":"2e79d4f6-a98a-4be9-bf42-64283bfc1137-11668","trial_id":7,"param_name":"unified_rho","param_value_internal":0.9263351350591756,"distribution":"{\"name\": \"FloatDistribution\", \"attributes\": {\"step\": null, \"low\": 0.0, \"high\": 1.0, \"log\": false}}"}
{"op_code":8,"worker_id":"cc2e2180-40dd-4dd5-bedf-3ed5a90a7dd3-14384","trial_id":21,"user_attr":{"pruned_reasons":["M3 (Hit Rate < 60%)","M5 (Monotonicity <= 0.25)"]}}
{"op_code":5,"worker_id":"2e79d4f6-a98a-4be9-bf42-64283bfc1137-11668","trial_id":7,"param_name":"unified_gamma","param_value_internal":3850.360914752656,"distribution":"{\"name\": \"FloatDistribution\", \"attributes\": {\"step\": null, \"low\": 1.5, \"high\": 10000.0, \"log\": true}}"}
{"op_code":5,"worker_id":"2e79d4f6-a98a-4be9-bf42-64283bfc1137-11668","trial_id":7,"param_name":"huber_delta","param_value_internal":3.5747454198874413,"distribution":"{\"name\": \"FloatDistribution\", \"attributes\": {\"step\": null, \"low\": 0.5, \"high\": 5.0, \"log\": false}}"}
{"op_code":8,"worker_id":"84e6c97d-7a0f-4cbd-9735-6311a99b9d91-24364","trial_id":15,"user_attr":{"constraints":[-0.06639244002938184,-0.23336573507546152,0.09999999999999998,0.1015151515151515,-0.2324927895888686,-53.0,-8.0,-0.056370656370656386,0.25,-1312.4959144695092,-0.07395833333333329,-0.06488095238095232]}}
{"op_code":9,"worker_id":"ea806e65-131c-4338-ac03-4a146d883d20-30084","trial_id":2,"system_attr":{"constraints":[-0.09353181353703084,-0.1892603850050658,0.09999999999999998,-0.06212121212121213,-0.34926455056915684,-27.0,-6.0,-0.1403935642025686,-0.25,-1350.4050269903787,-0.08333333333333331,-0.030158730158730163]}}
{"op_code":6,"worker_id":"ea806e65-131c-4338-ac03-4a146d883d20-30084","trial_id":2,"state":1,"values":[2.415451593778858],"datetime_complete":"2026-07-14T11:41:17.545512"}
{"op_code":8,"worker_id":"cc2e2180-40dd-4dd5-bedf-3ed5a90a7dd3-14384","trial_id":21,"user_attr":{"gini":0.38829353900713426}}
{"op_code":8,"worker_id":"84e6c97d-7a0f-4cbd-9735-6311a99b9d91-24364","trial_id":15,"user_attr":{"pruned_reasons":["M3 (Hit Rate < 60%)","M5 (Monotonicity <= 0.25)","Side-specific Hit Rate (25.00% < 50%)"]}}
{"op_code":8,"worker_id":"84e6c97d-7a0f-4cbd-9735-6311a99b9d91-24364","trial_id":15,"user_attr":{"gini":0.44261713188097485}}
{"op_code":8,"worker_id":"84e6c97d-7a0f-4cbd-9735-6311a99b9d91-24364","trial_id":15,"user_attr":{"cv_is_ics":[0.17395365238189697,0.14858289062976837,0.1411159783601761,0.18885062634944916,0.19307082891464233,0.19157366454601288,0.2082892209291458,0.20303000509738922,0.2260740101337433,0.20251107215881348,0.18370316922664642,0.17901241779327393,0.15603971481323242,0.18010428547859192,0.21678057312965393]}}
{"op_code":8,"worker_id":"84e6c97d-7a0f-4cbd-9735-6311a99b9d91-24364","trial_id":15,"user_attr":{"cv_oos_ics":[0.06339547783136368,0.13538189232349396,0.10797559469938278,0.0010228598257526755,0.06167029216885567,0.042197469621896744,0.059206221252679825,0.032681893557310104,0.0021724074613302946,0.026577053591609,0.06782805174589157,0.09785895049571991,0.06583934277296066,0.10609545558691025,-0.01917584426701069]}}
{"op_code":5,"worker_id":"22894bb7-bf67-4f97-bef3-4e86dcb3bdfe-27448","trial_id":14,"param_name":"unified_rho","param_value_internal":0.28144730195506285,"distribution":"{\"name\": \"FloatDistribution\", \"attributes\": {\"step\": null, \"low\": 0.0, \"high\": 1.0, \"log\": false}}"}
{"op_code":5,"worker_id":"22894bb7-bf67-4f97-bef3-4e86dcb3bdfe-27448","trial_id":14,"param_name":"unified_gamma","param_value_internal":2.962371401177323,"distribution":"{\"name\": \"FloatDistribution\", \"attributes\": {\"step\": null, \"low\": 1.5, \"high\": 10000.0, \"log\": true}}"}
{"op_code":5,"worker_id":"22894bb7-bf67-4f97-bef3-4e86dcb3bdfe-27448","trial_id":14,"param_name":"huber_delta","param_value_internal":2.500112731873114,"distribution":"{\"name\": \"FloatDistribution\", \"attributes\": {\"step\": null, \"low\": 0.5, \"high\": 5.0, \"log\": false}}"}
{"op_code":8,"worker_id":"8f1392d6-b8c0-415c-9b35-cef043e2aead-31796","trial_id":10,"user_attr":{"constraints":[-0.08910920573938251,-0.26664577823392416,0.09999999999999998,-0.09545454545454546,-0.26487763003446163,-16.0,-8.0,-0.08182110682110683,-0.25,-1378.1082052476684,-0.05312500000000003,-0.0658730158730158]}}
{"op_code":8,"worker_id":"35b03f2c-39ee-40d4-aca3-79c36d4a98f2-27064","trial_id":0,"user_attr":{"constraints":[-0.07617717272101845,-0.26764842300556585,0.09999999999999998,0.08333333333333331,-0.1737127360701561,-58.0,-6.0,-0.06021557271557271,0.25,-1310.3418718204819,-0.05833333333333329,-0.05099206349206348]}}
{"op_code":8,"worker_id":"35b03f2c-39ee-40d4-aca3-79c36d4a98f2-27064","trial_id":0,"user_attr":{"pruned_reasons":["M3 (Hit Rate < 60%)","M5 (Monotonicity <= 0.25)","Side-specific Hit Rate (25.00% < 50%)"]}}
{"op_code":8,"worker_id":"84e6c97d-7a0f-4cbd-9735-6311a99b9d91-24364","trial_id":15,"user_attr":{"reg_kappa":3.2893981830786143}}
{"op_code":8,"worker_id":"8f1392d6-b8c0-415c-9b35-cef043e2aead-31796","trial_id":10,"user_attr":{"pruned_reasons":["M3 (Hit Rate < 60%)"]}}
{"op_code":8,"worker_id":"cc2e2180-40dd-4dd5-bedf-3ed5a90a7dd3-14384","trial_id":21,"user_attr":{"cv_is_ics":[0.17607088387012482,0.13803891837596893,0.13295656442642212,0.18962818384170532,0.19104734063148499,0.18918097019195557,0.1949956715106964,0.20192453265190125,0.21916522085666656,0.18541164696216583,0.17158517241477966,0.17110556364059448,0.14832442998886108,0.1693236082792282,0.20688679814338684]}}
{"op_code":8,"worker_id":"84e6c97d-7a0f-4cbd-9735-6311a99b9d91-24364","trial_id":15,"user_attr":{"raw_metrics":[0.5746312097013305,0.23336573507546152,0.5,0.06639244002938184,0.1484848484848485,0.2324927895888686,-0.19688616986784327,-0.22342127561569214,0.5239583333333333]}}
{"op_code":8,"worker_id":"84e6c97d-7a0f-4cbd-9735-6311a99b9d91-24364","trial_id":15,"user_attr":{"val_metrics":[0.16437643306038927,0.15008160444797936,0.9151515151515152,0.8086350416845601,-2.3003114976280434]}}
{"op_code":8,"worker_id":"303b9247-2a7f-45f0-9648-c2177ce47eed-8436","trial_id":16,"user_attr":{"gini":0.4480493813901152}}
{"op_code":8,"worker_id":"303b9247-2a7f-45f0-9648-c2177ce47eed-8436","trial_id":16,"user_attr":{"cv_is_ics":[0.1746499389410019,0.15410491824150085,0.14463774859905243,0.19220851361751556,0.19354073703289032,0.19196271896362305,0.20812150835990906,0.2027425616979599,0.2300911843776703,0.2048501819372177,0.1849236786365509,0.1856546700000763,0.15470680594444275,0.18290811777114868,0.22168609499931335]}}
{"op_code":8,"worker_id":"303b9247-2a7f-45f0-9648-c2177ce47eed-8436","trial_id":16,"user_attr":{"cv_oos_ics":[0.054825570434331894,0.1426611840724945,0.11649025231599808,-0.000293748511467129,0.04287834092974663,0.05111159756779671,0.06359785795211792,0.029805930331349373,0.012959534302353859,0.03822677955031395,0.069038525223732,0.09636549651622772,0.0557587593793869,0.09956006705760956,-0.021424701437354088]}}
{"op_code":8,"worker_id":"303b9247-2a7f-45f0-9648-c2177ce47eed-8436","trial_id":16,"user_attr":{"reg_kappa":3.319387433143576}}
{"op_code":8,"worker_id":"cc2e2180-40dd-4dd5-bedf-3ed5a90a7dd3-14384","trial_id":21,"user_attr":{"cv_oos_ics":[0.04899495840072632,0.13705220818519592,0.11708583682775497,0.01616830565035343,0.07185695320367813,0.03359891474246979,0.060324251651763916,0.029506301507353783,0.010811831802129745,0.03087308444082737,0.06572505831718445,0.09219114482402802,0.07668333500623703,0.10823991894721985,-0.003808392910286784]}}
{"op_code":8,"worker_id":"303b9247-2a7f-45f0-9648-c2177ce47eed-8436","trial_id":16,"user_attr":{"raw_metrics":[0.5648863980778724,0.20570435137304438,0.5,0.07253802285342081,0.24545454545454543,0.22168986732761065,-0.25759520552568516,-0.32737091183662415,0.49374999999999997]}}
{"op_code":8,"worker_id":"7cc5a600-3671-4be2-8d5d-ed1a87792a2b-16052","trial_id":19,"user_attr":{"reg_kappa":3.2469877909534137}}
{"op_code":8,"worker_id":"303b9247-2a7f-45f0-9648-c2177ce47eed-8436","trial_id":16,"user_attr":{"val_metrics":[0.16914311403214186,0.07861939221244346,0.793939393939394,0.7690956010820641,-0.8216809097229558]}}
{"op_code":8,"worker_id":"cc2e2180-40dd-4dd5-bedf-3ed5a90a7dd3-14384","trial_id":21,"user_attr":{"reg_kappa":3.2891957521943045}}
{"op_code":8,"worker_id":"cc2e2180-40dd-4dd5-bedf-3ed5a90a7dd3-14384","trial_id":21,"user_attr":{"raw_metrics":[0.6359489552840066,0.2665090988039316,0.5,0.08719724740121082,0.24545454545454543,0.3592085045141479,-0.21747691773601088,-0.25281378626823425,0.5385416666666667]}}
{"op_code":8,"worker_id":"cc2e2180-40dd-4dd5-bedf-3ed5a90a7dd3-14384","trial_id":21,"user_attr":{"val_metrics":[0.1798174906185857,0.09824063378474907,0.8303030303030303,0.8851387525868156,-1.0570298564610345]}}
{"op_code":8,"worker_id":"303b9247-2a7f-45f0-9648-c2177ce47eed-8436","trial_id":16,"user_attr":{"deflated_objective":2.231965695308112}}
{"op_code":8,"worker_id":"cc2e2180-40dd-4dd5-bedf-3ed5a90a7dd3-14384","trial_id":21,"user_attr":{"deflated_objective":2.1590244733685298}}
{"op_code":9,"worker_id":"cc2e2180-40dd-4dd5-bedf-3ed5a90a7dd3-14384","trial_id":21,"system_attr":{"constraints":[-0.08719724740121082,-0.2665090988039316,0.09999999999999998,0.004545454545454575,-0.3592085045141479,-46.0,-8.0,-0.07253561378597267,0.0,-1318.471077227542,-0.08854166666666669,-0.07976190476190476]}}
{"op_code":6,"worker_id":"cc2e2180-40dd-4dd5-bedf-3ed5a90a7dd3-14384","trial_id":21,"state":1,"values":[2.293246300586494],"datetime_complete":"2026-07-14T11:41:17.594861"}
{"op_code":9,"worker_id":"303b9247-2a7f-45f0-9648-c2177ce47eed-8436","trial_id":16,"system_attr":{"constraints":[-0.07253802285342081,-0.20570435137304438,0.09999999999999998,0.004545454545454575,-0.22168986732761065,0.0,0.0,-0.14575289575289577,0.25,-1329.9168300656356,-0.043749999999999956,-0.04404761904761895]}}
{"op_code":8,"worker_id":"2e79d4f6-a98a-4be9-bf42-64283bfc1137-11668","trial_id":7,"user_attr":{"constraints":[-0.09398337535181987,-0.28646363767944316,0.09999999999999998,0.02878787878787878,-0.28236983612800637,-49.0,-8.0,-0.19646074646074646,0.0,-1315.5071961975077,-0.07812499999999994,-0.0658730158730158]}}
{"op_code":8,"worker_id":"2e79d4f6-a98a-4be9-bf42-64283bfc1137-11668","trial_id":7,"user_attr":{"pruned_reasons":["M3 (Hit Rate < 60%)","M5 (Monotonicity <= 0.25)"]}}
{"op_code":8,"worker_id":"2e79d4f6-a98a-4be9-bf42-64283bfc1137-11668","trial_id":7,"user_attr":{"gini":0.41108438607466335}}
{"op_code":6,"worker_id":"303b9247-2a7f-45f0-9648-c2177ce47eed-8436","trial_id":16,"state":1,"values":[2.3748335813496366],"datetime_complete":"2026-07-14T11:41:17.598539"}
{"op_code":8,"worker_id":"2e79d4f6-a98a-4be9-bf42-64283bfc1137-11668","trial_id":7,"user_attr":{"cv_is_ics":[0.17114046216011047,0.13777749240398407,0.13199621438980103,0.18820452690124512,0.18816454708576202,0.1875630021095276,0.19094792008399963,0.2007877379655838,0.217332124710083,0.18404127657413483,0.17330393195152283,0.1738380789756775,0.1477394998073578,0.16884168982505798,0.20986975729465485]}}
{"op_code":8,"worker_id":"2e79d4f6-a98a-4be9-bf42-64283bfc1137-11668","trial_id":7,"user_attr":{"cv_oos_ics":[0.04191891476511955,0.13354164361953735,0.11405771970748901,0.024579385295510292,0.07396194338798523,0.02497485838830471,0.057052239775657654,0.019851230084896088,0.009138297289609909,0.02608298324048519,0.07195434719324112,0.09212818741798401,0.07741168886423111,0.10755697637796402,-0.005018089897930622]}}
{"op_code":8,"worker_id":"2e79d4f6-a98a-4be9-bf42-64283bfc1137-11668","trial_id":7,"user_attr":{"reg_kappa":3.29687713623256}}
{"op_code":8,"worker_id":"2e79d4f6-a98a-4be9-bf42-64283bfc1137-11668","trial_id":7,"user_attr":{"raw_metrics":[0.648777356116823,0.28646363767944316,0.5,0.09398337535181987,0.22121212121212122,0.28236983612800637,-0.2073959643173039,-0.23928174376487732,0.528125]}}
{"op_code":8,"worker_id":"2e79d4f6-a98a-4be9-bf42-64283bfc1137-11668","trial_id":7,"user_attr":{"val_metrics":[0.17962409830622322,0.09577304220356078,0.7575757575757576,0.7754778031907652,-1.1923267947499854]}}
{"op_code":4,"worker_id":"c1050642-486c-47df-9442-d90340277f21-31524","study_id":0,"datetime_start":"2026-07-14T11:41:17.580270"}
{"op_code":8,"worker_id":"2e79d4f6-a98a-4be9-bf42-64283bfc1137-11668","trial_id":7,"user_attr":{"deflated_objective":2.120017298014962}}
{"op_code":8,"worker_id":"7cc5a600-3671-4be2-8d5d-ed1a87792a2b-16052","trial_id":19,"user_attr":{"raw_metrics":[0.6934218326056133,0.3021041395281517,0.5,0.09972667055654671,0.20909090909090908,0.3875258082834383,-0.1860692131498674,-0.20983684062957764,0.5541666666666667]}}
{"op_code":5,"worker_id":"c1050642-486c-47df-9442-d90340277f21-31524","trial_id":22,"param_name":"k_weight","param_value_internal":0.8187771449024679,"distribution":"{\"name\": \"FloatDistribution\", \"attributes\": {\"step\": null, \"low\": 0.0, \"high\": 1.5, \"log\": false}}"}
{"op_code":5,"worker_id":"c1050642-486c-47df-9442-d90340277f21-31524","trial_id":22,"param_name":"unified_alpha","param_value_internal":1.4227862634159771,"distribution":"{\"name\": \"FloatDistribution\", \"attributes\": {\"step\": null, \"low\": 1e-05, \"high\": 10.0, \"log\": true}}"}
{"op_code":9,"worker_id":"2e79d4f6-a98a-4be9-bf42-64283bfc1137-11668","trial_id":7,"system_attr":{"constraints":[-0.09398337535181987,-0.28646363767944316,0.09999999999999998,0.02878787878787878,-0.28236983612800637,-49.0,-8.0,-0.19646074646074646,0.0,-1315.5071961975077,-0.07812499999999994,-0.0658730158730158]}}
{"op_code":8,"worker_id":"7cc5a600-3671-4be2-8d5d-ed1a87792a2b-16052","trial_id":19,"user_attr":{"val_metrics":[0.1720145503427421,0.0627885504188633,0.7212121212121212,0.9204789565579183,-0.7149543699841976]}}
{"op_code":6,"worker_id":"2e79d4f6-a98a-4be9-bf42-64283bfc1137-11668","trial_id":7,"state":1,"values":[2.2308484221407148],"datetime_complete":"2026-07-14T11:41:17.624954"}
{"op_code":8,"worker_id":"7cc5a600-3671-4be2-8d5d-ed1a87792a2b-16052","trial_id":19,"user_attr":{"deflated_objective":2.286966267244116}}
{"op_code":9,"worker_id":"7cc5a600-3671-4be2-8d5d-ed1a87792a2b-16052","trial_id":19,"system_attr":{"constraints":[-0.09972667055654671,-0.3021041395281517,0.09999999999999998,0.04090909090909092,-0.3875258082834383,-48.0,-6.0,-0.07338939307517163,0.0,-1319.2237725545056,-0.10416666666666669,-0.0658730158730158]}}
{"op_code":5,"worker_id":"c1050642-486c-47df-9442-d90340277f21-31524","trial_id":22,"param_name":"unified_rho","param_value_internal":0.6858925865665791,"distribution":"{\"name\": \"FloatDistribution\", \"attributes\": {\"step\": null, \"low\": 0.0, \"high\": 1.0, \"log\": false}}"}
{"op_code":6,"worker_id":"7cc5a600-3671-4be2-8d5d-ed1a87792a2b-16052","trial_id":19,"state":1,"values":[2.404206276883103],"datetime_complete":"2026-07-14T11:41:17.632058"}
{"op_code":5,"worker_id":"c1050642-486c-47df-9442-d90340277f21-31524","trial_id":22,"param_name":"unified_gamma","param_value_internal":27.801493176812055,"distribution":"{\"name\": \"FloatDistribution\", \"attributes\": {\"step\": null, \"low\": 1.5, \"high\": 10000.0, \"log\": true}}"}
{"op_code":5,"worker_id":"c1050642-486c-47df-9442-d90340277f21-31524","trial_id":22,"param_name":"huber_delta","param_value_internal":0.7699906830227805,"distribution":"{\"name\": \"FloatDistribution\", \"attributes\": {\"step\": null, \"low\": 0.5, \"high\": 5.0, \"log\": false}}"}
{"op_code":4,"worker_id":"43c9bd52-159f-444f-8e97-12548f50818a-30084","study_id":0,"datetime_start":"2026-07-14T11:41:17.633712"}
{"op_code":5,"worker_id":"9a7a6236-2f18-407b-b0e0-a44eb8a9df27-7108","trial_id":3,"param_name":"k_weight","param_value_internal":0.17023270784047428,"distribution":"{\"name\": \"FloatDistribution\", \"attributes\": {\"step\": null, \"low\": 0.0, \"high\": 1.5, \"log\": false}}"}
{"op_code":5,"worker_id":"43c9bd52-159f-444f-8e97-12548f50818a-30084","trial_id":23,"param_name":"k_weight","param_value_internal":0.3890572049226651,"distribution":"{\"name\": \"FloatDistribution\", \"attributes\": {\"step\": null, \"low\": 0.0, \"high\": 1.5, \"log\": false}}"}
{"op_code":5,"worker_id":"43c9bd52-159f-444f-8e97-12548f50818a-30084","trial_id":23,"param_name":"unified_alpha","param_value_internal":1.8203978209302794e-05,"distribution":"{\"name\": \"FloatDistribution\", \"attributes\": {\"step\": null, \"low\": 1e-05, \"high\": 10.0, \"log\": true}}"}
{"op_code":5,"worker_id":"9a7a6236-2f18-407b-b0e0-a44eb8a9df27-7108","trial_id":3,"param_name":"unified_alpha","param_value_internal":7.029081301964993,"distribution":"{\"name\": \"FloatDistribution\", \"attributes\": {\"step\": null, \"low\": 1e-05, \"high\": 10.0, \"log\": true}}"}
{"op_code":5,"worker_id":"9a7a6236-2f18-407b-b0e0-a44eb8a9df27-7108","trial_id":3,"param_name":"unified_rho","param_value_internal":0.7287346335011062,"distribution":"{\"name\": \"FloatDistribution\", \"attributes\": {\"step\": null, \"low\": 0.0, \"high\": 1.0, \"log\": false}}"}
{"op_code":5,"worker_id":"9a7a6236-2f18-407b-b0e0-a44eb8a9df27-7108","trial_id":3,"param_name":"unified_gamma","param_value_internal":33.11860795398065,"distribution":"{\"name\": \"FloatDistribution\", \"attributes\": {\"step\": null, \"low\": 1.5, \"high\": 10000.0, \"log\": true}}"}
{"op_code":5,"worker_id":"9a7a6236-2f18-407b-b0e0-a44eb8a9df27-7108","trial_id":3,"param_name":"huber_delta","param_value_internal":3.6842231221658643,"distribution":"{\"name\": \"FloatDistribution\", \"attributes\": {\"step\": null, \"low\": 0.5, \"high\": 5.0, \"log\": false}}"}
{"op_code":5,"worker_id":"43c9bd52-159f-444f-8e97-12548f50818a-30084","trial_id":23,"param_name":"unified_rho","param_value_internal":0.5820303421266043,"distribution":"{\"name\": \"FloatDistribution\", \"attributes\": {\"step\": null, \"low\": 0.0, \"high\": 1.0, \"log\": false}}"}
{"op_code":5,"worker_id":"43c9bd52-159f-444f-8e97-12548f50818a-30084","trial_id":23,"param_name":"unified_gamma","param_value_internal":4.03949914934137,"distribution":"{\"name\": \"FloatDistribution\", \"attributes\": {\"step\": null, \"low\": 1.5, \"high\": 10000.0, \"log\": true}}"}
{"op_code":5,"worker_id":"43c9bd52-159f-444f-8e97-12548f50818a-30084","trial_id":23,"param_name":"huber_delta","param_value_internal":3.2484955212371767,"distribution":"{\"name\": \"FloatDistribution\", \"attributes\": {\"step\": null, \"low\": 0.5, \"high\": 5.0, \"log\": false}}"}
{"op_code":8,"worker_id":"c1050642-486c-47df-9442-d90340277f21-31524","trial_id":22,"user_attr":{"constraints":[0.03816573695443512,0.10978051828188551,0.6,0.4590909090909091,0.21921674251245954,-50.0,5.0,0.0,0.5,-1330.510993580835,0.04791666666666666,0.026388888888888906]}}
{"op_code":8,"worker_id":"c1050642-486c-47df-9442-d90340277f21-31524","trial_id":22,"user_attr":{"pruned_reasons":["M4 (Overall IC <= 0)","M2 (Yearly Tail IC Mean <= 0)","M3 (Hit Rate < 60%)","M5 (Monotonicity <= 0.25)","M6 (Top-Bottom Spread <= 0)","Active features count (0) is less than active feature floor (5)","Side-specific Hit Rate (0.00% < 50%)","Yearly Daily Win Rate (40.21% < 45%)","Side-specific Yearly Daily Win Rate (42.36% < 45%)"]}}
{"op_code":8,"worker_id":"c1050642-486c-47df-9442-d90340277f21-31524","trial_id":22,"user_attr":{"gini":0.0}}
{"op_code":5,"worker_id":"3a148c4f-35af-4ec4-9475-840064a5c9e7-29612","trial_id":11,"param_name":"unified_alpha","param_value_internal":1.4345242342057838e-05,"distribution":"{\"name\": \"FloatDistribution\", \"attributes\": {\"step\": null, \"low\": 1e-05, \"high\": 10.0, \"log\": true}}"}
{"op_code":5,"worker_id":"87b0e52f-44de-4c47-9ccc-fc0cea5958aa-18156","trial_id":13,"param_name":"k_weight","param_value_internal":0.45130999506992814,"distribution":"{\"name\": \"FloatDistribution\", \"attributes\": {\"step\": null, \"low\": 0.0, \"high\": 1.5, \"log\": false}}"}
{"op_code":5,"worker_id":"3a148c4f-35af-4ec4-9475-840064a5c9e7-29612","trial_id":11,"param_name":"unified_rho","param_value_internal":0.21077063993129397,"distribution":"{\"name\": \"FloatDistribution\", \"attributes\": {\"step\": null, \"low\": 0.0, \"high\": 1.0, \"log\": false}}"}
{"op_code":4,"worker_id":"52110bf7-90a3-412b-ac08-4090b4d6dba2-24340","study_id":0,"datetime_start":"2026-07-14T11:41:17.410262"}
{"op_code":8,"worker_id":"9a7a6236-2f18-407b-b0e0-a44eb8a9df27-7108","trial_id":3,"user_attr":{"constraints":[0.03816573695443512,0.10978051828188551,0.6,0.4590909090909091,0.21921674251245954,-69.0,5.0,0.0,0.5,-1311.9335441187093,0.04791666666666666,0.026388888888888906]}}
{"op_code":8,"worker_id":"9a7a6236-2f18-407b-b0e0-a44eb8a9df27-7108","trial_id":3,"user_attr":{"pruned_reasons":["M4 (Overall IC <= 0)","M2 (Yearly Tail IC Mean <= 0)","M3 (Hit Rate < 60%)","M5 (Monotonicity <= 0.25)","M6 (Top-Bottom Spread <= 0)","Active features count (0) is less than active feature floor (5)","Side-specific Hit Rate (0.00% < 50%)","Yearly Daily Win Rate (40.21% < 45%)","Side-specific Yearly Daily Win Rate (42.36% < 45%)"]}}
{"op_code":5,"worker_id":"3a148c4f-35af-4ec4-9475-840064a5c9e7-29612","trial_id":11,"param_name":"unified_gamma","param_value_internal":347.4398816847049,"distribution":"{\"name\": \"FloatDistribution\", \"attributes\": {\"step\": null, \"low\": 1.5, \"high\": 10000.0, \"log\": true}}"}
{"op_code":5,"worker_id":"3a148c4f-35af-4ec4-9475-840064a5c9e7-29612","trial_id":11,"param_name":"huber_delta","param_value_internal":0.9422800940160463,"distribution":"{\"name\": \"FloatDistribution\", \"attributes\": {\"step\": null, \"low\": 0.5, \"high\": 5.0, \"log\": false}}"}
{"op_code":5,"worker_id":"52110bf7-90a3-412b-ac08-4090b4d6dba2-24340","trial_id":24,"param_name":"k_weight","param_value_internal":0.050632065634812484,"distribution":"{\"name\": \"FloatDistribution\", \"attributes\": {\"step\": null, \"low\": 0.0, \"high\": 1.5, \"log\": false}}"}
{"op_code":5,"worker_id":"44d62ddb-df57-4dd2-a985-1ba1b957de46-8896","trial_id":12,"param_name":"unified_rho","param_value_internal":0.41106107063891273,"distribution":"{\"name\": \"FloatDistribution\", \"attributes\": {\"step\": null, \"low\": 0.0, \"high\": 1.0, \"log\": false}}"}
{"op_code":5,"worker_id":"52110bf7-90a3-412b-ac08-4090b4d6dba2-24340","trial_id":24,"param_name":"unified_alpha","param_value_internal":0.008602903428863091,"distribution":"{\"name\": \"FloatDistribution\", \"attributes\": {\"step\": null, \"low\": 1e-05, \"high\": 10.0, \"log\": true}}"}
{"op_code":5,"worker_id":"44d62ddb-df57-4dd2-a985-1ba1b957de46-8896","trial_id":12,"param_name":"unified_gamma","param_value_internal":23.147065288429395,"distribution":"{\"name\": \"FloatDistribution\", \"attributes\": {\"step\": null, \"low\": 1.5, \"high\": 10000.0, \"log\": true}}"}
{"op_code":8,"worker_id":"9a7a6236-2f18-407b-b0e0-a44eb8a9df27-7108","trial_id":3,"user_attr":{"gini":0.0}}
{"op_code":8,"worker_id":"9a7a6236-2f18-407b-b0e0-a44eb8a9df27-7108","trial_id":3,"user_attr":{"cv_is_ics":[0.0,0.0,0.0,0.0,0.0,0.0,0.0,0.0,0.0,0.0,0.0,0.0,0.0,0.0,0.0]}}
{"op_code":5,"worker_id":"52110bf7-90a3-412b-ac08-4090b4d6dba2-24340","trial_id":24,"param_name":"unified_rho","param_value_internal":0.8460850972808829,"distribution":"{\"name\": \"FloatDistribution\", \"attributes\": {\"step\": null, \"low\": 0.0, \"high\": 1.0, \"log\": false}}"}
{"op_code":5,"worker_id":"44d62ddb-df57-4dd2-a985-1ba1b957de46-8896","trial_id":12,"param_name":"huber_delta","param_value_internal":3.0468015084267748,"distribution":"{\"name\": \"FloatDistribution\", \"attributes\": {\"step\": null, \"low\": 0.5, \"high\": 5.0, \"log\": false}}"}
{"op_code":4,"worker_id":"d2f788b3-0645-4a68-b718-693fbe9611ce-14384","study_id":0,"datetime_start":"2026-07-14T11:41:17.688404"}
{"op_code":5,"worker_id":"52110bf7-90a3-412b-ac08-4090b4d6dba2-24340","trial_id":24,"param_name":"unified_gamma","param_value_internal":56.13774483442881,"distribution":"{\"name\": \"FloatDistribution\", \"attributes\": {\"step\": null, \"low\": 1.5, \"high\": 10000.0, \"log\": true}}"}
{"op_code":8,"worker_id":"35b03f2c-39ee-40d4-aca3-79c36d4a98f2-27064","trial_id":0,"user_attr":{"gini":0.5178396301869193}}
{"op_code":5,"worker_id":"d2f788b3-0645-4a68-b718-693fbe9611ce-14384","trial_id":25,"param_name":"k_weight","param_value_internal":0.4443737425086503,"distribution":"{\"name\": \"FloatDistribution\", \"attributes\": {\"step\": null, \"low\": 0.0, \"high\": 1.5, \"log\": false}}"}
{"op_code":4,"worker_id":"e9c6f4c1-9df7-484d-8e21-04558edb9be1-8436","study_id":0,"datetime_start":"2026-07-14T11:41:17.696380"}
{"op_code":5,"worker_id":"d2f788b3-0645-4a68-b718-693fbe9611ce-14384","trial_id":25,"param_name":"unified_alpha","param_value_internal":0.7151650691587015,"distribution":"{\"name\": \"FloatDistribution\", \"attributes\": {\"step\": null, \"low\": 1e-05, \"high\": 10.0, \"log\": true}}"}
{"op_code":5,"worker_id":"df9de23b-b2ee-45ab-b7f3-702a6772ed9f-6576","trial_id":20,"param_name":"unified_alpha","param_value_internal":6.341578374585632e-05,"distribution":"{\"name\": \"FloatDistribution\", \"attributes\": {\"step\": null, \"low\": 1e-05, \"high\": 10.0, \"log\": true}}"}
{"op_code":5,"worker_id":"286cf91f-3feb-4657-8318-561149af4cf8-4680","trial_id":17,"param_name":"unified_rho","param_value_internal":0.8773267682070526,"distribution":"{\"name\": \"FloatDistribution\", \"attributes\": {\"step\": null, \"low\": 0.0, \"high\": 1.0, \"log\": false}}"}
{"op_code":5,"worker_id":"df9de23b-b2ee-45ab-b7f3-702a6772ed9f-6576","trial_id":20,"param_name":"unified_rho","param_value_internal":0.36268546617688757,"distribution":"{\"name\": \"FloatDistribution\", \"attributes\": {\"step\": null, \"low\": 0.0, \"high\": 1.0, \"log\": false}}"}
{"op_code":5,"worker_id":"286cf91f-3feb-4657-8318-561149af4cf8-4680","trial_id":17,"param_name":"unified_gamma","param_value_internal":121.99158381094936,"distribution":"{\"name\": \"FloatDistribution\", \"attributes\": {\"step\": null, \"low\": 1.5, \"high\": 10000.0, \"log\": true}}"}
{"op_code":5,"worker_id":"df9de23b-b2ee-45ab-b7f3-702a6772ed9f-6576","trial_id":20,"param_name":"unified_gamma","param_value_internal":592.8456313569452,"distribution":"{\"name\": \"FloatDistribution\", \"attributes\": {\"step\": null, \"low\": 1.5, \"high\": 10000.0, \"log\": true}}"}
{"op_code":5,"worker_id":"df9de23b-b2ee-45ab-b7f3-702a6772ed9f-6576","trial_id":20,"param_name":"huber_delta","param_value_internal":1.3750252580024045,"distribution":"{\"name\": \"FloatDistribution\", \"attributes\": {\"step\": null, \"low\": 0.5, \"high\": 5.0, \"log\": false}}"}
{"op_code":5,"worker_id":"d2f788b3-0645-4a68-b718-693fbe9611ce-14384","trial_id":25,"param_name":"unified_rho","param_value_internal":0.35025252522341144,"distribution":"{\"name\": \"FloatDistribution\", \"attributes\": {\"step\": null, \"low\": 0.0, \"high\": 1.0, \"log\": false}}"}
{"op_code":5,"worker_id":"286cf91f-3feb-4657-8318-561149af4cf8-4680","trial_id":17,"param_name":"huber_delta","param_value_internal":4.842168949502053,"distribution":"{\"name\": \"FloatDistribution\", \"attributes\": {\"step\": null, \"low\": 0.5, \"high\": 5.0, \"log\": false}}"}
{"op_code":5,"worker_id":"d2f788b3-0645-4a68-b718-693fbe9611ce-14384","trial_id":25,"param_name":"unified_gamma","param_value_internal":1565.7420487024253,"distribution":"{\"name\": \"FloatDistribution\", \"attributes\": {\"step\": null, \"low\": 1.5, \"high\": 10000.0, \"log\": true}}"}
{"op_code":5,"worker_id":"52110bf7-90a3-412b-ac08-4090b4d6dba2-24340","trial_id":24,"param_name":"huber_delta","param_value_internal":3.3413691817884414,"distribution":"{\"name\": \"FloatDistribution\", \"attributes\": {\"step\": null, \"low\": 0.5, \"high\": 5.0, \"log\": false}}"}
{"op_code":8,"worker_id":"35b03f2c-39ee-40d4-aca3-79c36d4a98f2-27064","trial_id":0,"user_attr":{"cv_is_ics":[0.17931775748729706,0.15451790392398834,0.14317329227924347,0.1889066994190216,0.19536827504634857,0.1938071995973587,0.20714890956878662,0.20197793841362,0.22571852803230286,0.20074757933616638,0.18085059523582458,0.17804163694381714,0.15722313523292542,0.1810712367296219,0.2184537947177887]}}
{"op_code":8,"worker_id":"35b03f2c-39ee-40d4-aca3-79c36d4a98f2-27064","trial_id":0,"user_attr":{"cv_oos_ics":[0.07046990096569061,0.13631416857242584,0.11732941120862961,0.024147259071469307,0.058853115886449814,0.04854557663202286,0.07267677783966064,0.04004352539777756,0.0024608930107206106,0.02840033732354641,0.0818580910563469,0.09483059495687485,0.07806672900915146,0.10050997883081436,-0.0024034553207457066]}}
{"op_code":4,"worker_id":"922d08b6-117f-42b6-8566-cbe22b447c97-11668","study_id":0,"datetime_start":"2026-07-14T11:41:17.720685"}
{"op_code":8,"worker_id":"3a148c4f-35af-4ec4-9475-840064a5c9e7-29612","trial_id":11,"user_attr":{"constraints":[-0.0850267083344367,-0.18443844655850739,0.09999999999999998,-0.028787878787878807,-0.23194916765516,-23.0,-8.0,-0.14897039897039896,-0.25,-1354.5886069840335,-0.06875000000000003,-0.030158730158730107]}}
{"op_code":5,"worker_id":"d2f788b3-0645-4a68-b718-693fbe9611ce-14384","trial_id":25,"param_name":"huber_delta","param_value_internal":3.0260703909675764,"distribution":"{\"name\": \"FloatDistribution\", \"attributes\": {\"step\": null, \"low\": 0.5, \"high\": 5.0, \"log\": false}}"}
{"op_code":8,"worker_id":"3a148c4f-35af-4ec4-9475-840064a5c9e7-29612","trial_id":11,"user_attr":{"pruned_reasons":["M3 (Hit Rate < 60%)"]}}
{"op_code":8,"worker_id":"3a148c4f-35af-4ec4-9475-840064a5c9e7-29612","trial_id":11,"user_attr":{"gini":0.4047335418859477}}
{"op_code":8,"worker_id":"35b03f2c-39ee-40d4-aca3-79c36d4a98f2-27064","trial_id":0,"user_attr":{"reg_kappa":3.0767072810806577}}
{"op_code":5,"worker_id":"922d08b6-117f-42b6-8566-cbe22b447c97-11668","trial_id":27,"param_name":"k_weight","param_value_internal":0.27836291222780896,"distribution":"{\"name\": \"FloatDistribution\", \"attributes\": {\"step\": null, \"low\": 0.0, \"high\": 1.5, \"log\": false}}"}
{"op_code":8,"worker_id":"c1050642-486c-47df-9442-d90340277f21-31524","trial_id":22,"user_attr":{"cv_is_ics":[0.0,0.0,0.0,0.0,0.0,0.0,0.0,0.0,0.0,0.0,0.0,0.0,0.0,0.0,0.0]}}
{"op_code":8,"worker_id":"3a148c4f-35af-4ec4-9475-840064a5c9e7-29612","trial_id":11,"user_attr":{"cv_is_ics":[0.1691533327102661,0.1480705738067627,0.1437990814447403,0.193500354886055,0.1905243992805481,0.1860879808664322,0.2041233628988266,0.20093849301338196,0.22483615577220917,0.2008407562971115,0.18195849657058716,0.18784379959106445,0.1539808213710785,0.1842098981142044,0.2235279083251953]}}
{"op_code":8,"worker_id":"c1050642-486c-47df-9442-d90340277f21-31524","trial_id":22,"user_attr":{"cv_oos_ics":[0.0,0.0,0.0,0.0,0.0,0.0,0.0,0.0,0.0,0.0,0.0,0.0,0.0,0.0,0.0]}}
{"op_code":5,"worker_id":"922d08b6-117f-42b6-8566-cbe22b447c97-11668","trial_id":27,"param_name":"unified_alpha","param_value_internal":0.0020873526050511518,"distribution":"{\"name\": \"FloatDistribution\", \"attributes\": {\"step\": null, \"low\": 1e-05, \"high\": 10.0, \"log\": true}}"}
{"op_code":8,"worker_id":"c1050642-486c-47df-9442-d90340277f21-31524","trial_id":22,"user_attr":{"reg_kappa":2.1492999982665753}}
{"op_code":8,"worker_id":"35b03f2c-39ee-40d4-aca3-79c36d4a98f2-27064","trial_id":0,"user_attr":{"raw_metrics":[0.6195792748028515,0.26764842300556585,0.5,0.07617717272101845,0.16666666666666669,0.1737127360701561,-0.1588245026875176,-0.19021232426166534,0.5083333333333333]}}
{"op_code":8,"worker_id":"44d62ddb-df57-4dd2-a985-1ba1b957de46-8896","trial_id":12,"user_attr":{"constraints":[-0.08791081251810448,-0.23873817418650245,0.09999999999999998,0.11666666666666667,-0.35966336737697324,-56.0,-8.0,-0.0945945945945946,0.0,-1309.8158604805678,-0.09374999999999994,-0.08670634920634918]}}
{"op_code":5,"worker_id":"922d08b6-117f-42b6-8566-cbe22b447c97-11668","trial_id":27,"param_name":"unified_rho","param_value_internal":0.8318961986371698,"distribution":"{\"name\": \"FloatDistribution\", \"attributes\": {\"step\": null, \"low\": 0.0, \"high\": 1.0, \"log\": false}}"}
{"op_code":8,"worker_id":"44d62ddb-df57-4dd2-a985-1ba1b957de46-8896","trial_id":12,"user_attr":{"pruned_reasons":["M3 (Hit Rate < 60%)","M5 (Monotonicity <= 0.25)"]}}
{"op_code":8,"worker_id":"df9de23b-b2ee-45ab-b7f3-702a6772ed9f-6576","trial_id":20,"user_attr":{"constraints":[-0.06752953415263165,-0.20341987687267582,0.09999999999999998,-0.08333333333333337,-0.1825831087678671,-55.0,-8.0,-0.08758043758043758,0.0,-1310.8236254432898,-0.05416666666666664,-0.04404761904761895]}}
{"op_code":8,"worker_id":"44d62ddb-df57-4dd2-a985-1ba1b957de46-8896","trial_id":12,"user_attr":{"gini":0.4265504089247991}}
{"op_code":8,"worker_id":"df9de23b-b2ee-45ab-b7f3-702a6772ed9f-6576","trial_id":20,"user_attr":{"pruned_reasons":["M3 (Hit Rate < 60%)"]}}
{"op_code":8,"worker_id":"df9de23b-b2ee-45ab-b7f3-702a6772ed9f-6576","trial_id":20,"user_attr":{"gini":0.514431428012029}}
{"op_code":8,"worker_id":"35b03f2c-39ee-40d4-aca3-79c36d4a98f2-27064","trial_id":0,"user_attr":{"val_metrics":[0.16080307056150972,0.1389403616324215,0.7454545454545455,0.8700396622922542,-2.091656506906539]}}
{"op_code":8,"worker_id":"3a148c4f-35af-4ec4-9475-840064a5c9e7-29612","trial_id":11,"user_attr":{"cv_oos_ics":[0.035924024879932404,0.133637934923172,0.12791487574577332,-0.006945574190467596,0.04755366966128349,0.038467973470687866,0.05856074392795563,0.025395963340997696,0.017520315945148468,0.04074255749583244,0.06479349732398987,0.09391332417726517,0.07314039021730423,0.10434626042842865,-0.014141816645860672]}}
{"op_code":8,"worker_id":"35b03f2c-39ee-40d4-aca3-79c36d4a98f2-27064","trial_id":0,"user_attr":{"deflated_objective":1.754565530801367}}
{"op_code":8,"worker_id":"df9de23b-b2ee-45ab-b7f3-702a6772ed9f-6576","trial_id":20,"user_attr":{"cv_is_ics":[0.1752329170703888,0.15617601573467255,0.14408250153064728,0.19040676951408386,0.19552788138389587,0.19694285094738007,0.2120865434408188,0.20144565403461456,0.22422291338443756,0.20586834847927094,0.1895713210105896,0.1822699010372162,0.1577308624982834,0.18563227355480194,0.22330674529075623]}}
{"op_code":8,"worker_id":"df9de23b-b2ee-45ab-b7f3-702a6772ed9f-6576","trial_id":20,"user_attr":{"cv_oos_ics":[0.06639859080314636,0.13489148020744324,0.0960468202829361,0.010494023561477661,0.04582257568836212,0.04843401163816452,0.06191324442625046,0.03695320338010788,0.00960688665509224,0.01826470158994198,0.05998028442263603,0.09662210941314697,0.04522076994180679,0.0900665819644928,-0.02968299202620983]}}
{"op_code":8,"worker_id":"3a148c4f-35af-4ec4-9475-840064a5c9e7-29612","trial_id":11,"user_attr":{"reg_kappa":3.3948868208982077}}
{"op_code":8,"worker_id":"3a148c4f-35af-4ec4-9475-840064a5c9e7-29612","trial_id":11,"user_attr":{"raw_metrics":[0.5549450175064284,0.18443844655850739,0.5,0.0850267083344367,0.2787878787878788,0.23194916765516,-0.35142160431019115,-0.4147166907787323,0.51875]}}
{"op_code":5,"worker_id":"922d08b6-117f-42b6-8566-cbe22b447c97-11668","trial_id":27,"param_name":"unified_gamma","param_value_internal":8.627643098308676,"distribution":"{\"name\": \"FloatDistribution\", \"attributes\": {\"step\": null, \"low\": 1.5, \"high\": 10000.0, \"log\": true}}"}
{"op_code":8,"worker_id":"df9de23b-b2ee-45ab-b7f3-702a6772ed9f-6576","trial_id":20,"user_attr":{"reg_kappa":3.2850323936242423}}
{"op_code":9,"worker_id":"35b03f2c-39ee-40d4-aca3-79c36d4a98f2-27064","trial_id":0,"system_attr":{"constraints":[-0.07617717272101845,-0.26764842300556585,0.09999999999999998,0.08333333333333331,-0.1737127360701561,-58.0,-6.0,-0.06021557271557271,0.25,-1310.3418718204819,-0.05833333333333329,-0.05099206349206348]}}
{"op_code":8,"worker_id":"3a148c4f-35af-4ec4-9475-840064a5c9e7-29612","trial_id":11,"user_attr":{"val_metrics":[0.17828309843118245,0.02173070538334984,0.6727272727272727,0.7967235832812561,-0.32554731451172314]}}
{"op_code":8,"worker_id":"43c9bd52-159f-444f-8e97-12548f50818a-30084","trial_id":23,"user_attr":{"constraints":[-0.08792344282522939,-0.25793332807010616,0.09999999999999998,0.05909090909090908,-0.2950832499874135,-51.0,-8.0,-0.10686936936936936,0.0,-1313.8708891563847,-0.08854166666666669,-0.07281746031746034]}}
{"op_code":8,"worker_id":"3a148c4f-35af-4ec4-9475-840064a5c9e7-29612","trial_id":11,"user_attr":{"deflated_objective":2.4230187753553367}}
{"op_code":8,"worker_id":"43c9bd52-159f-444f-8e97-12548f50818a-30084","trial_id":23,"user_attr":{"pruned_reasons":["M3 (Hit Rate < 60%)","M5 (Monotonicity <= 0.25)"]}}
{"op_code":8,"worker_id":"286cf91f-3feb-4657-8318-561149af4cf8-4680","trial_id":17,"user_attr":{"constraints":[-0.12077237441613517,-0.20139031434624138,0.09999999999999998,-0.022727272727272707,-0.23889180983416736,-23.0,-8.0,-0.033333333333333326,-0.25,-1354.7496840539945,-0.05312500000000003,-0.058928571428571386]}}
{"op_code":9,"worker_id":"3a148c4f-35af-4ec4-9475-840064a5c9e7-29612","trial_id":11,"system_attr":{"constraints":[-0.0850267083344367,-0.18443844655850739,0.09999999999999998,-0.028787878787878807,-0.23194916765516,-23.0,-8.0,-0.14897039897039896,-0.25,-1354.5886069840335,-0.06875000000000003,-0.030158730158730107]}}
{"op_code":6,"worker_id":"3a148c4f-35af-4ec4-9475-840064a5c9e7-29612","trial_id":11,"state":1,"values":[2.539324331004735],"datetime_complete":"2026-07-14T11:41:17.778024"}
{"op_code":8,"worker_id":"43c9bd52-159f-444f-8e97-12548f50818a-30084","trial_id":23,"user_attr":{"gini":0.40254300965717826}}
{"op_code":8,"worker_id":"43c9bd52-159f-444f-8e97-12548f50818a-30084","trial_id":23,"user_attr":{"cv_is_ics":[0.17460957169532776,0.14255861937999725,0.13337062299251556,0.19072380661964417,0.19077011942863464,0.191058948636055,0.1947016417980194,0.20322616398334503,0.22063075006008148,0.18849708139896393,0.1745048612356186,0.17626848816871643,0.14944539964199066,0.1719805896282196,0.20999234914779663]}}
{"op_code":8,"worker_id":"43c9bd52-159f-444f-8e97-12548f50818a-30084","trial_id":23,"user_attr":{"cv_oos_ics":[0.04977911710739136,0.13790354132652283,0.11384893953800201,0.017956692725419998,0.07067861407995224,0.03204655274748802,0.059555258601903915,0.02505011484026909,0.008558935485780239,0.0259427297860384,0.07268191128969193,0.09538685530424118,0.07597490400075912,0.1071457713842392,-0.007462983950972557]}}
{"op_code":5,"worker_id":"922d08b6-117f-42b6-8566-cbe22b447c97-11668","trial_id":27,"param_name":"huber_delta","param_value_internal":4.624510846547713,"distribution":"{\"name\": \"FloatDistribution\", \"attributes\": {\"step\": null, \"low\": 0.5, \"high\": 5.0, \"log\": false}}"}
{"op_code":8,"worker_id":"df9de23b-b2ee-45ab-b7f3-702a6772ed9f-6576","trial_id":20,"user_attr":{"raw_metrics":[0.5769347666463536,0.20341987687267582,0.5,0.06752953415263165,0.33333333333333337,0.1825831087678671,-0.1906199598899956,-0.22316701710224152,0.5041666666666667]}}
{"op_code":8,"worker_id":"df9de23b-b2ee-45ab-b7f3-702a6772ed9f-6576","trial_id":20,"user_attr":{"val_metrics":[0.16035519154719752,0.12888753570387296,0.793939393939394,0.7351866171465835,-2.2743236667320845]}}
{"op_code":8,"worker_id":"43c9bd52-159f-444f-8e97-12548f50818a-30084","trial_id":23,"user_attr":{"reg_kappa":3.2928643531368276}}
{"op_code":8,"worker_id":"df9de23b-b2ee-45ab-b7f3-702a6772ed9f-6576","trial_id":20,"user_attr":{"deflated_objective":1.6643767558624178}}
{"op_code":9,"worker_id":"df9de23b-b2ee-45ab-b7f3-702a6772ed9f-6576","trial_id":20,"system_attr":{"constraints":[-0.06752953415263165,-0.20341987687267582,0.09999999999999998,-0.08333333333333337,-0.1825831087678671,-55.0,-8.0,-0.08758043758043758,0.0,-1310.8236254432898,-0.05416666666666664,-0.04404761904761895]}}
{"op_code":6,"worker_id":"df9de23b-b2ee-45ab-b7f3-702a6772ed9f-6576","trial_id":20,"state":1,"values":[1.8130049437502451],"datetime_complete":"2026-07-14T11:41:17.793419"}
{"op_code":8,"worker_id":"43c9bd52-159f-444f-8e97-12548f50818a-30084","trial_id":23,"user_attr":{"raw_metrics":[0.6031363746664083,0.25793332807010616,0.5,0.08792344282522939,0.19090909090909092,0.2950832499874135,-0.20174413407490505,-0.22989436984062195,0.5385416666666667]}}
{"op_code":8,"worker_id":"43c9bd52-159f-444f-8e97-12548f50818a-30084","trial_id":23,"user_attr":{"val_metrics":[0.17807608075135806,0.15049978184797091,0.9030303030303031,0.8851387525868156,-2.3096978316390233]}}
{"op_code":4,"worker_id":"048fa91b-4d46-4f3c-8a38-8b375750ad64-6576","study_id":0,"datetime_start":"2026-07-14T11:41:17.798929"}
{"op_code":5,"worker_id":"048fa91b-4d46-4f3c-8a38-8b375750ad64-6576","trial_id":28,"param_name":"k_weight","param_value_internal":0.9640348736791186,"distribution":"{\"name\": \"FloatDistribution\", \"attributes\": {\"step\": null, \"low\": 0.0, \"high\": 1.5, \"log\": false}}"}
{"op_code":5,"worker_id":"048fa91b-4d46-4f3c-8a38-8b375750ad64-6576","trial_id":28,"param_name":"unified_alpha","param_value_internal":0.017050047208521636,"distribution":"{\"name\": \"FloatDistribution\", \"attributes\": {\"step\": null, \"low\": 1e-05, \"high\": 10.0, \"log\": true}}"}
{"op_code":8,"worker_id":"43c9bd52-159f-444f-8e97-12548f50818a-30084","trial_id":23,"user_attr":{"deflated_objective":1.6446207219430617}}
{"op_code":9,"worker_id":"43c9bd52-159f-444f-8e97-12548f50818a-30084","trial_id":23,"system_attr":{"constraints":[-0.08792344282522939,-0.25793332807010616,0.09999999999999998,0.05909090909090908,-0.2950832499874135,-51.0,-8.0,-0.10686936936936936,0.0,-1313.8708891563847,-0.08854166666666669,-0.07281746031746034]}}
{"op_code":6,"worker_id":"43c9bd52-159f-444f-8e97-12548f50818a-30084","trial_id":23,"state":1,"values":[1.8201813560738982],"datetime_complete":"2026-07-14T11:41:17.807634"}
{"op_code":8,"worker_id":"c1050642-486c-47df-9442-d90340277f21-31524","trial_id":22,"user_attr":{"raw_metrics":[-0.9000008436994557,-0.10978051828188551,0.0,-0.03816573695443512,-0.20909090909090908,-0.21921674251245954,-0.0,-0.0,0.40208333333333335]}}
{"op_code":8,"worker_id":"286cf91f-3feb-4657-8318-561149af4cf8-4680","trial_id":17,"user_attr":{"pruned_reasons":["M3 (Hit Rate < 60%)"]}}
{"op_code":8,"worker_id":"c1050642-486c-47df-9442-d90340277f21-31524","trial_id":22,"user_attr":{"val_metrics":[0.0,0.0,0.6242424242424243,0.5328314646376647,-6.134488583979763]}}
{"op_code":4,"worker_id":"b7dad794-d2f8-4964-bce0-b06171681a62-30084","study_id":0,"datetime_start":"2026-07-14T11:41:17.814406"}
{"op_code":5,"worker_id":"b7dad794-d2f8-4964-bce0-b06171681a62-30084","trial_id":29,"param_name":"k_weight","param_value_internal":0.303303440145362,"distribution":"{\"name\": \"FloatDistribution\", \"attributes\": {\"step\": null, \"low\": 0.0, \"high\": 1.5, \"log\": false}}"}
{"op_code":8,"worker_id":"286cf91f-3feb-4657-8318-561149af4cf8-4680","trial_id":17,"user_attr":{"gini":0.43705404451633734}}
{"op_code":8,"worker_id":"44d62ddb-df57-4dd2-a985-1ba1b957de46-8896","trial_id":12,"user_attr":{"cv_is_ics":[0.17288054525852203,0.15145328640937805,0.13949565589427948,0.19115877151489258,0.19370000064373016,0.19245462119579315,0.19760365784168243,0.2019146978855133,0.2239934653043747,0.19792798161506653,0.1814296841621399,0.1817704737186432,0.1510072946548462,0.17838984727859497,0.2134139984846115]}}
{"op_code":8,"worker_id":"44d62ddb-df57-4dd2-a985-1ba1b957de46-8896","trial_id":12,"user_attr":{"cv_oos_ics":[0.05579504743218422,0.13671474158763885,0.10284025222063065,0.02100018598139286,0.06824909150600433,0.03634503111243248,0.06499798595905304,0.024497075006365776,0.005455723498016596,0.017846334725618362,0.07325328141450882,0.09330525994300842,0.07411577552556992,0.10258590430021286,-0.007698069792240858]}}
{"op_code":5,"worker_id":"b7dad794-d2f8-4964-bce0-b06171681a62-30084","trial_id":29,"param_name":"unified_alpha","param_value_internal":0.50966595546096,"distribution":"{\"name\": \"FloatDistribution\", \"attributes\": {\"step\": null, \"low\": 1e-05, \"high\": 10.0, \"log\": true}}"}
{"op_code":8,"worker_id":"922d08b6-117f-42b6-8566-cbe22b447c97-11668","trial_id":27,"user_attr":{"constraints":[-0.10305196131168246,-0.12710496190739354,0.09999999999999998,0.07121212121212123,-0.17207694042784472,-54.0,-8.0,-0.07356821106821107,0.0,-1311.558239901257,-0.04791666666666666,-0.0658730158730158]}}
{"op_code":8,"worker_id":"922d08b6-117f-42b6-8566-cbe22b447c97-11668","trial_id":27,"user_attr":{"pruned_reasons":["M3 (Hit Rate < 60%)","M5 (Monotonicity <= 0.25)"]}}
{"op_code":8,"worker_id":"44d62ddb-df57-4dd2-a985-1ba1b957de46-8896","trial_id":12,"user_attr":{"reg_kappa":3.281902580955502}}
{"op_code":5,"worker_id":"b7dad794-d2f8-4964-bce0-b06171681a62-30084","trial_id":29,"param_name":"unified_rho","param_value_internal":0.8605372392370312,"distribution":"{\"name\": \"FloatDistribution\", \"attributes\": {\"step\": null, \"low\": 0.0, \"high\": 1.0, \"log\": false}}"}
{"op_code":5,"worker_id":"b7dad794-d2f8-4964-bce0-b06171681a62-30084","trial_id":29,"param_name":"unified_gamma","param_value_internal":26.719923998246184,"distribution":"{\"name\": \"FloatDistribution\", \"attributes\": {\"step\": null, \"low\": 1.5, \"high\": 10000.0, \"log\": true}}"}
{"op_code":8,"worker_id":"c1050642-486c-47df-9442-d90340277f21-31524","trial_id":22,"user_attr":{"deflated_objective":-0.23912803460507293}}
{"op_code":5,"worker_id":"b7dad794-d2f8-4964-bce0-b06171681a62-30084","trial_id":29,"param_name":"huber_delta","param_value_internal":1.6198721423817504,"distribution":"{\"name\": \"FloatDistribution\", \"attributes\": {\"step\": null, \"low\": 0.5, \"high\": 5.0, \"log\": false}}"}
{"op_code":8,"worker_id":"922d08b6-117f-42b6-8566-cbe22b447c97-11668","trial_id":27,"user_attr":{"gini":0.4127787581123581}}
{"op_code":5,"worker_id":"048fa91b-4d46-4f3c-8a38-8b375750ad64-6576","trial_id":28,"param_name":"unified_rho","param_value_internal":0.51189798245863,"distribution":"{\"name\": \"FloatDistribution\", \"attributes\": {\"step\": null, \"low\": 0.0, \"high\": 1.0, \"log\": false}}"}
{"op_code":9,"worker_id":"c1050642-486c-47df-9442-d90340277f21-31524","trial_id":22,"system_attr":{"constraints":[0.03816573695443512,0.10978051828188551,0.6,0.4590909090909091,0.21921674251245954,-50.0,5.0,0.0,0.5,-1330.510993580835,0.04791666666666666,0.026388888888888906]}}
{"op_code":6,"worker_id":"c1050642-486c-47df-9442-d90340277f21-31524","trial_id":22,"state":1,"values":[0.18437874660807013],"datetime_complete":"2026-07-14T11:41:17.841850"}
{"op_code":8,"worker_id":"922d08b6-117f-42b6-8566-cbe22b447c97-11668","trial_id":27,"user_attr":{"cv_is_ics":[0.15767042338848114,0.1266270875930786,0.1275361180305481,0.18237072229385376,0.17372344434261322,0.1764603704214096,0.18479833006858826,0.1943219006061554,0.2056376039981842,0.18200287222862244,0.17557239532470703,0.1655774712562561,0.1482703983783722,0.16817790269851685,0.20959840714931488]}}
{"op_code":5,"worker_id":"048fa91b-4d46-4f3c-8a38-8b375750ad64-6576","trial_id":28,"param_name":"unified_gamma","param_value_internal":323.3398288040007,"distribution":"{\"name\": \"FloatDistribution\", \"attributes\": {\"step\": null, \"low\": 1.5, \"high\": 10000.0, \"log\": true}}"}
{"op_code":5,"worker_id":"048fa91b-4d46-4f3c-8a38-8b375750ad64-6576","trial_id":28,"param_name":"huber_delta","param_value_internal":2.718450426250363,"distribution":"{\"name\": \"FloatDistribution\", \"attributes\": {\"step\": null, \"low\": 0.5, \"high\": 5.0, \"log\": false}}"}
{"op_code":4,"worker_id":"636b8869-1f22-4e2c-998f-b7bca43cb948-31524","study_id":0,"datetime_start":"2026-07-14T11:41:17.848912"}
{"op_code":8,"worker_id":"922d08b6-117f-42b6-8566-cbe22b447c97-11668","trial_id":27,"user_attr":{"cv_oos_ics":[0.027655964717268944,0.11878073960542679,0.11022847145795822,0.029662124812602997,0.08361122757196426,0.013995164074003696,0.05798300355672836,0.007960095070302486,0.010625352151691914,0.025113964453339577,0.06896999478340149,0.0946122333407402,0.07400421053171158,0.11066090315580368,-0.0005809413269162178]}}
{"op_code":8,"worker_id":"922d08b6-117f-42b6-8566-cbe22b447c97-11668","trial_id":27,"user_attr":{"reg_kappa":3.2850332615848736}}
{"op_code":5,"worker_id":"636b8869-1f22-4e2c-998f-b7bca43cb948-31524","trial_id":30,"param_name":"k_weight","param_value_internal":1.4731942851867026,"distribution":"{\"name\": \"FloatDistribution\", \"attributes\": {\"step\": null, \"low\": 0.0, \"high\": 1.5, \"log\": false}}"}
{"op_code":8,"worker_id":"b7dad794-d2f8-4964-bce0-b06171681a62-30084","trial_id":29,"user_attr":{"constraints":[0.03579339407563881,0.08496741956764343,0.6,0.4954545454545455,0.15172083928870658,-66.0,5.0,0.0,0.5,-1312.3546838769682,0.027083333333333348,0.026388888888888906]}}
{"op_code":4,"worker_id":"b9c51244-1db8-40de-8c05-c1f9dfe45fb6-29612","study_id":0,"datetime_start":"2026-07-14T11:41:17.857728"}
{"op_code":8,"worker_id":"b7dad794-d2f8-4964-bce0-b06171681a62-30084","trial_id":29,"user_attr":{"pruned_reasons":["M4 (Overall IC <= 0)","M2 (Yearly Tail IC Mean <= 0)","M3 (Hit Rate < 60%)","M5 (Monotonicity <= 0.25)","M6 (Top-Bottom Spread <= 0)","Active features count (0) is less than active feature floor (5)","Side-specific Hit Rate (0.00% < 50%)","Yearly Daily Win Rate (42.29% < 45%)","Side-specific Yearly Daily Win Rate (42.36% < 45%)"]}}
{"op_code":5,"worker_id":"636b8869-1f22-4e2c-998f-b7bca43cb948-31524","trial_id":30,"param_name":"unified_alpha","param_value_internal":5.955752339822663,"distribution":"{\"name\": \"FloatDistribution\", \"attributes\": {\"step\": null, \"low\": 1e-05, \"high\": 10.0, \"log\": true}}"}
{"op_code":5,"worker_id":"b9c51244-1db8-40de-8c05-c1f9dfe45fb6-29612","trial_id":31,"param_name":"k_weight","param_value_internal":1.497682540014047,"distribution":"{\"name\": \"FloatDistribution\", \"attributes\": {\"step\": null, \"low\": 0.0, \"high\": 1.5, \"log\": false}}"}
{"op_code":5,"worker_id":"636b8869-1f22-4e2c-998f-b7bca43cb948-31524","trial_id":30,"param_name":"unified_rho","param_value_internal":0.9796744517109759,"distribution":"{\"name\": \"FloatDistribution\", \"attributes\": {\"step\": null, \"low\": 0.0, \"high\": 1.0, \"log\": false}}"}
{"op_code":5,"worker_id":"b9c51244-1db8-40de-8c05-c1f9dfe45fb6-29612","trial_id":31,"param_name":"unified_alpha","param_value_internal":2.0568561955179434,"distribution":"{\"name\": \"FloatDistribution\", \"attributes\": {\"step\": null, \"low\": 1e-05, \"high\": 10.0, \"log\": true}}"}
{"op_code":5,"worker_id":"636b8869-1f22-4e2c-998f-b7bca43cb948-31524","trial_id":30,"param_name":"unified_gamma","param_value_internal":8261.895776421456,"distribution":"{\"name\": \"FloatDistribution\", \"attributes\": {\"step\": null, \"low\": 1.5, \"high\": 10000.0, \"log\": true}}"}
{"op_code":5,"worker_id":"b9c51244-1db8-40de-8c05-c1f9dfe45fb6-29612","trial_id":31,"param_name":"unified_rho","param_value_internal":0.9157710031417475,"distribution":"{\"name\": \"FloatDistribution\", \"attributes\": {\"step\": null, \"low\": 0.0, \"high\": 1.0, \"log\": false}}"}
{"op_code":5,"worker_id":"636b8869-1f22-4e2c-998f-b7bca43cb948-31524","trial_id":30,"param_name":"huber_delta","param_value_internal":4.813750454171761,"distribution":"{\"name\": \"FloatDistribution\", \"attributes\": {\"step\": null, \"low\": 0.5, \"high\": 5.0, \"log\": false}}"}
{"op_code":5,"worker_id":"b9c51244-1db8-40de-8c05-c1f9dfe45fb6-29612","trial_id":31,"param_name":"unified_gamma","param_value_internal":6593.762473022269,"distribution":"{\"name\": \"FloatDistribution\", \"attributes\": {\"step\": null, \"low\": 1.5, \"high\": 10000.0, \"log\": true}}"}
{"op_code":5,"worker_id":"b9c51244-1db8-40de-8c05-c1f9dfe45fb6-29612","trial_id":31,"param_name":"huber_delta","param_value_internal":4.738285551077798,"distribution":"{\"name\": \"FloatDistribution\", \"attributes\": {\"step\": null, \"low\": 0.5, \"high\": 5.0, \"log\": false}}"}
{"op_code":8,"worker_id":"b7dad794-d2f8-4964-bce0-b06171681a62-30084","trial_id":29,"user_attr":{"gini":0.0}}
{"op_code":8,"worker_id":"b7dad794-d2f8-4964-bce0-b06171681a62-30084","trial_id":29,"user_attr":{"cv_is_ics":[0.0,0.0,0.0,0.0,0.0,0.0,0.0,0.0,0.0,0.0,0.0,0.0,0.0,0.0,0.0]}}
{"op_code":8,"worker_id":"b7dad794-d2f8-4964-bce0-b06171681a62-30084","trial_id":29,"user_attr":{"cv_oos_ics":[0.0,0.0,0.0,0.0,0.0,0.0,0.0,0.0,0.0,0.0,0.0,0.0,0.0,0.0,0.0]}}
{"op_code":8,"worker_id":"b7dad794-d2f8-4964-bce0-b06171681a62-30084","trial_id":29,"user_attr":{"reg_kappa":2.9416799535982716}}
{"op_code":8,"worker_id":"b7dad794-d2f8-4964-bce0-b06171681a62-30084","trial_id":29,"user_attr":{"raw_metrics":[-0.6935417912168043,-0.08496741956764343,0.0,-0.03579339407563881,-0.24545454545454545,-0.15172083928870658,-0.0,-0.0,0.42291666666666666]}}
{"op_code":8,"worker_id":"286cf91f-3feb-4657-8318-561149af4cf8-4680","trial_id":17,"user_attr":{"cv_is_ics":[0.14680825173854828,0.09102347493171692,0.11063864827156067,0.16621939837932587,0.1325579583644867,0.1599484384059906,0.16235780715942383,0.18512994050979614,0.1748814731836319,0.15056172013282776,0.14853507280349731,0.11731293797492981,0.140889510512352,0.13573133945465088,0.18494664132595062]}}
{"op_code":8,"worker_id":"b7dad794-d2f8-4964-bce0-b06171681a62-30084","trial_id":29,"user_attr":{"val_metrics":[0.0,0.0,0.0,0.0,-6.134488583979763]}}
{"op_code":8,"worker_id":"636b8869-1f22-4e2c-998f-b7bca43cb948-31524","trial_id":30,"user_attr":{"constraints":[0.03816573695443512,0.10978051828188551,0.6,0.4590909090909091,0.21921674251245954,-29.0,5.0,0.0,0.5,-1378.3124730094155,0.04791666666666666,0.026388888888888906]}}
{"op_code":8,"worker_id":"636b8869-1f22-4e2c-998f-b7bca43cb948-31524","trial_id":30,"user_attr":{"pruned_reasons":["M4 (Overall IC <= 0)","M2 (Yearly Tail IC Mean <= 0)","M3 (Hit Rate < 60%)","M5 (Monotonicity <= 0.25)","M6 (Top-Bottom Spread <= 0)","Active features count (0) is less than active feature floor (5)","Side-specific Hit Rate (0.00% < 50%)","Yearly Daily Win Rate (40.21% < 45%)","Side-specific Yearly Daily Win Rate (42.36% < 45%)"]}}
{"op_code":8,"worker_id":"b9c51244-1db8-40de-8c05-c1f9dfe45fb6-29612","trial_id":31,"user_attr":{"constraints":[0.03816573695443512,0.10978051828188551,0.6,0.4590909090909091,0.21921674251245954,-28.0,5.0,0.0,0.5,-1381.5101686102767,0.04791666666666666,0.026388888888888906]}}
{"op_code":8,"worker_id":"b7dad794-d2f8-4964-bce0-b06171681a62-30084","trial_id":29,"user_attr":{"deflated_objective":-0.42279629211993885}}
{"op_code":8,"worker_id":"b9c51244-1db8-40de-8c05-c1f9dfe45fb6-29612","trial_id":31,"user_attr":{"pruned_reasons":["M4 (Overall IC <= 0)","M2 (Yearly Tail IC Mean <= 0)","M3 (Hit Rate < 60%)","M5 (Monotonicity <= 0.25)","M6 (Top-Bottom Spread <= 0)","Active features count (0) is less than active feature floor (5)","Side-specific Hit Rate (0.00% < 50%)","Yearly Daily Win Rate (40.21% < 45%)","Side-specific Yearly Daily Win Rate (42.36% < 45%)"]}}
{"op_code":8,"worker_id":"286cf91f-3feb-4657-8318-561149af4cf8-4680","trial_id":17,"user_attr":{"cv_oos_ics":[0.009703662246465683,0.08261167258024216,0.1267811506986618,0.016491185873746872,0.07404610514640808,-0.00036976177943870425,0.04935193434357643,0.01395825669169426,0.013680748641490936,0.046801306307315826,0.06395357847213745,0.05590824410319328,0.08333014696836472,0.09448061883449554,0.01702420972287655]}}
{"op_code":9,"worker_id":"b7dad794-d2f8-4964-bce0-b06171681a62-30084","trial_id":29,"system_attr":{"constraints":[0.03579339407563881,0.08496741956764343,0.6,0.4954545454545455,0.15172083928870658,-66.0,5.0,0.0,0.5,-1312.3546838769682,0.027083333333333348,0.026388888888888906]}}
{"op_code":6,"worker_id":"35b03f2c-39ee-40d4-aca3-79c36d4a98f2-27064","trial_id":0,"state":1,"values":[1.885289241097601],"datetime_complete":"2026-07-14T11:41:17.769839"}
{"op_code":6,"worker_id":"b7dad794-d2f8-4964-bce0-b06171681a62-30084","trial_id":29,"state":1,"values":[0.12195450419007012],"datetime_complete":"2026-07-14T11:41:17.901679"}
{"op_code":8,"worker_id":"636b8869-1f22-4e2c-998f-b7bca43cb948-31524","trial_id":30,"user_attr":{"gini":0.0}}
{"op_code":8,"worker_id":"636b8869-1f22-4e2c-998f-b7bca43cb948-31524","trial_id":30,"user_attr":{"cv_is_ics":[0.0,0.0,0.0,0.0,0.0,0.0,0.0,0.0,0.0,0.0,0.0,0.0,0.0,0.0,0.0]}}
{"op_code":8,"worker_id":"636b8869-1f22-4e2c-998f-b7bca43cb948-31524","trial_id":30,"user_attr":{"cv_oos_ics":[0.0,0.0,0.0,0.0,0.0,0.0,0.0,0.0,0.0,0.0,0.0,0.0,0.0,0.0,0.0]}}
{"op_code":8,"worker_id":"286cf91f-3feb-4657-8318-561149af4cf8-4680","trial_id":17,"user_attr":{"reg_kappa":3.395266812704625}}
{"op_code":4,"worker_id":"1a2e4ed9-4907-4bf1-a40d-845a6a9cf9fa-30084","study_id":0,"datetime_start":"2026-07-14T11:41:17.909151"}
{"op_code":5,"worker_id":"00ddef0e-86f8-4aec-b8be-4df3fda315cf-22852","trial_id":9,"param_name":"k_weight","param_value_internal":0.6302744507111608,"distribution":"{\"name\": \"FloatDistribution\", \"attributes\": {\"step\": null, \"low\": 0.0, \"high\": 1.5, \"log\": false}}"}
{"op_code":8,"worker_id":"636b8869-1f22-4e2c-998f-b7bca43cb948-31524","trial_id":30,"user_attr":{"reg_kappa":2.872391034773927}}
{"op_code":5,"worker_id":"1a2e4ed9-4907-4bf1-a40d-845a6a9cf9fa-30084","trial_id":32,"param_name":"k_weight","param_value_internal":1.3020432051523483,"distribution":"{\"name\": \"FloatDistribution\", \"attributes\": {\"step\": null, \"low\": 0.0, \"high\": 1.5, \"log\": false}}"}
{"op_code":5,"worker_id":"00ddef0e-86f8-4aec-b8be-4df3fda315cf-22852","trial_id":9,"param_name":"unified_alpha","param_value_internal":0.001511600342996414,"distribution":"{\"name\": \"FloatDistribution\", \"attributes\": {\"step\": null, \"low\": 1e-05, \"high\": 10.0, \"log\": true}}"}
{"op_code":5,"worker_id":"00ddef0e-86f8-4aec-b8be-4df3fda315cf-22852","trial_id":9,"param_name":"unified_rho","param_value_internal":0.18487668776145172,"distribution":"{\"name\": \"FloatDistribution\", \"attributes\": {\"step\": null, \"low\": 0.0, \"high\": 1.0, \"log\": false}}"}
{"op_code":8,"worker_id":"636b8869-1f22-4e2c-998f-b7bca43cb948-31524","trial_id":30,"user_attr":{"raw_metrics":[-0.9000008436994557,-0.10978051828188551,0.0,-0.03816573695443512,-0.20909090909090908,-0.21921674251245954,-0.0,-0.0,0.40208333333333335]}}
{"op_code":8,"worker_id":"922d08b6-117f-42b6-8566-cbe22b447c97-11668","trial_id":27,"user_attr":{"raw_metrics":[0.40447234407481,0.12710496190739354,0.5,0.10305196131168246,0.17878787878787877,0.17207694042784472,-0.19344490058840566,-0.22200438380241394,0.4979166666666667]}}
{"op_code":8,"worker_id":"636b8869-1f22-4e2c-998f-b7bca43cb948-31524","trial_id":30,"user_attr":{"val_metrics":[0.0,0.0,0.0,0.0,-6.134488583979763]}}
{"op_code":5,"worker_id":"00ddef0e-86f8-4aec-b8be-4df3fda315cf-22852","trial_id":9,"param_name":"unified_gamma","param_value_internal":143.8656504427553,"distribution":"{\"name\": \"FloatDistribution\", \"attributes\": {\"step\": null, \"low\": 1.5, \"high\": 10000.0, \"log\": true}}"}
{"op_code":8,"worker_id":"636b8869-1f22-4e2c-998f-b7bca43cb948-31524","trial_id":30,"user_attr":{"deflated_objective":-0.46426682840803135}}
{"op_code":8,"worker_id":"922d08b6-117f-42b6-8566-cbe22b447c97-11668","trial_id":27,"user_attr":{"val_metrics":[0.17053246198527325,0.10253133278353047,0.5636363636363636,0.7754778031907652,-1.6565119000503676]}}
{"op_code":9,"worker_id":"636b8869-1f22-4e2c-998f-b7bca43cb948-31524","trial_id":30,"system_attr":{"constraints":[0.03816573695443512,0.10978051828188551,0.6,0.4590909090909091,0.21921674251245954,-29.0,5.0,0.0,0.5,-1378.3124730094155,0.04791666666666666,0.026388888888888906]}}
{"op_code":6,"worker_id":"636b8869-1f22-4e2c-998f-b7bca43cb948-31524","trial_id":30,"state":1,"values":[0.12195450419007012],"datetime_complete":"2026-07-14T11:41:17.931964"}
{"op_code":5,"worker_id":"e56b2107-4823-4592-9d8b-a869c64b90a8-20880","trial_id":4,"param_name":"unified_gamma","param_value_internal":20.861697424411652,"distribution":"{\"name\": \"FloatDistribution\", \"attributes\": {\"step\": null, \"low\": 1.5, \"high\": 10000.0, \"log\": true}}"}
{"op_code":8,"worker_id":"922d08b6-117f-42b6-8566-cbe22b447c97-11668","trial_id":27,"user_attr":{"deflated_objective":1.523875120015081}}
{"op_code":9,"worker_id":"922d08b6-117f-42b6-8566-cbe22b447c97-11668","trial_id":27,"system_attr":{"constraints":[-0.10305196131168246,-0.12710496190739354,0.09999999999999998,0.07121212121212123,-0.17207694042784472,-54.0,-8.0,-0.07356821106821107,0.0,-1311.558239901257,-0.04791666666666666,-0.0658730158730158]}}
{"op_code":6,"worker_id":"922d08b6-117f-42b6-8566-cbe22b447c97-11668","trial_id":27,"state":1,"values":[2.0275745932468427],"datetime_complete":"2026-07-14T11:41:17.938620"}
{"op_code":4,"worker_id":"512f454c-fa15-4924-bc4f-b7c3ba75d6fe-31524","study_id":0,"datetime_start":"2026-07-14T11:41:17.939448"}
{"op_code":5,"worker_id":"512f454c-fa15-4924-bc4f-b7c3ba75d6fe-31524","trial_id":33,"param_name":"k_weight","param_value_internal":1.2554316106860686,"distribution":"{\"name\": \"FloatDistribution\", \"attributes\": {\"step\": null, \"low\": 0.0, \"high\": 1.5, \"log\": false}}"}
{"op_code":8,"worker_id":"286cf91f-3feb-4657-8318-561149af4cf8-4680","trial_id":17,"user_attr":{"raw_metrics":[0.6534289474569432,0.20139031434624138,0.5,0.12077237441613517,0.2727272727272727,0.23889180983416736,-0.3520443823981941,-0.39990198612213135,0.503125]}}
{"op_code":5,"worker_id":"512f454c-fa15-4924-bc4f-b7c3ba75d6fe-31524","trial_id":33,"param_name":"unified_alpha","param_value_internal":1.1020648818923956e-05,"distribution":"{\"name\": \"FloatDistribution\", \"attributes\": {\"step\": null, \"low\": 1e-05, \"high\": 10.0, \"log\": true}}"}
{"op_code":8,"worker_id":"286cf91f-3feb-4657-8318-561149af4cf8-4680","trial_id":17,"user_attr":{"val_metrics":[0.19266753071910747,-0.021168937597365517,0.7333333333333333,0.47621586953924183,-2.929438121209931]}}
{"op_code":5,"worker_id":"512f454c-fa15-4924-bc4f-b7c3ba75d6fe-31524","trial_id":33,"param_name":"unified_rho","param_value_internal":0.27851330190728546,"distribution":"{\"name\": \"FloatDistribution\", \"attributes\": {\"step\": null, \"low\": 0.0, \"high\": 1.0, \"log\": false}}"}
{"op_code":4,"worker_id":"bb7db526-ee20-4f72-b210-7224fb23336f-11668","study_id":0,"datetime_start":"2026-07-14T11:41:17.945804"}
{"op_code":5,"worker_id":"512f454c-fa15-4924-bc4f-b7c3ba75d6fe-31524","trial_id":33,"param_name":"unified_gamma","param_value_internal":758.590906501882,"distribution":"{\"name\": \"FloatDistribution\", \"attributes\": {\"step\": null, \"low\": 1.5, \"high\": 10000.0, \"log\": true}}"}
{"op_code":8,"worker_id":"286cf91f-3feb-4657-8318-561149af4cf8-4680","trial_id":17,"user_attr":{"deflated_objective":0.9192414872459942}}
{"op_code":5,"worker_id":"512f454c-fa15-4924-bc4f-b7c3ba75d6fe-31524","trial_id":33,"param_name":"huber_delta","param_value_internal":0.6812560709318318,"distribution":"{\"name\": \"FloatDistribution\", \"attributes\": {\"step\": null, \"low\": 0.5, \"high\": 5.0, \"log\": false}}"}
{"op_code":9,"worker_id":"286cf91f-3feb-4657-8318-561149af4cf8-4680","trial_id":17,"system_attr":{"constraints":[-0.12077237441613517,-0.20139031434624138,0.09999999999999998,-0.022727272727272707,-0.23889180983416736,-23.0,-8.0,-0.033333333333333326,-0.25,-1354.7496840539945,-0.05312500000000003,-0.058928571428571386]}}
{"op_code":6,"worker_id":"286cf91f-3feb-4657-8318-561149af4cf8-4680","trial_id":17,"state":1,"values":[1.4881072005276859],"datetime_complete":"2026-07-14T11:41:17.957165"}
{"op_code":5,"worker_id":"e9c6f4c1-9df7-484d-8e21-04558edb9be1-8436","trial_id":26,"param_name":"k_weight","param_value_internal":1.391220807928438,"distribution":"{\"name\": \"FloatDistribution\", \"attributes\": {\"step\": null, \"low\": 0.0, \"high\": 1.5, \"log\": false}}"}
{"op_code":8,"worker_id":"048fa91b-4d46-4f3c-8a38-8b375750ad64-6576","trial_id":28,"user_attr":{"constraints":[-0.09641470032112841,-0.2971746338767616,0.09999999999999998,-0.06212121212121213,-0.32434093490863836,-32.0,-8.0,-0.05085246648742142,0.0,-1336.8008987793303,-0.10833333333333334,-0.0658730158730158]}}
{"op_code":5,"worker_id":"e9c6f4c1-9df7-484d-8e21-04558edb9be1-8436","trial_id":26,"param_name":"unified_alpha","param_value_internal":1.7161599651164972,"distribution":"{\"name\": \"FloatDistribution\", \"attributes\": {\"step\": null, \"low\": 1e-05, \"high\": 10.0, \"log\": true}}"}
{"op_code":8,"worker_id":"b9c51244-1db8-40de-8c05-c1f9dfe45fb6-29612","trial_id":31,"user_attr":{"gini":0.0}}
{"op_code":8,"worker_id":"048fa91b-4d46-4f3c-8a38-8b375750ad64-6576","trial_id":28,"user_attr":{"pruned_reasons":["M3 (Hit Rate < 60%)"]}}
{"op_code":5,"worker_id":"e9c6f4c1-9df7-484d-8e21-04558edb9be1-8436","trial_id":26,"param_name":"unified_rho","param_value_internal":0.5846312725955531,"distribution":"{\"name\": \"FloatDistribution\", \"attributes\": {\"step\": null, \"low\": 0.0, \"high\": 1.0, \"log\": false}}"}
{"op_code":8,"worker_id":"b9c51244-1db8-40de-8c05-c1f9dfe45fb6-29612","trial_id":31,"user_attr":{"cv_is_ics":[0.0,0.0,0.0,0.0,0.0,0.0,0.0,0.0,0.0,0.0,0.0,0.0,0.0,0.0,0.0]}}
{"op_code":8,"worker_id":"048fa91b-4d46-4f3c-8a38-8b375750ad64-6576","trial_id":28,"user_attr":{"gini":0.4485995750974747}}
{"op_code":8,"worker_id":"048fa91b-4d46-4f3c-8a38-8b375750ad64-6576","trial_id":28,"user_attr":{"cv_is_ics":[0.1763848066329956,0.1382434368133545,0.13295163214206696,0.18369978666305542,0.18458981812000275,0.18378247320652008,0.18510101735591888,0.20117665827274323,0.21746407449245453,0.17700545489788055,0.16659371554851532,0.16417834162712097,0.14553122222423553,0.16190612316131592,0.2057563066482544]}}
{"op_code":5,"worker_id":"e9c6f4c1-9df7-484d-8e21-04558edb9be1-8436","trial_id":26,"param_name":"unified_gamma","param_value_internal":4338.897577038058,"distribution":"{\"name\": \"FloatDistribution\", \"attributes\": {\"step\": null, \"low\": 1.5, \"high\": 10000.0, \"log\": true}}"}
{"op_code":8,"worker_id":"b9c51244-1db8-40de-8c05-c1f9dfe45fb6-29612","trial_id":31,"user_attr":{"cv_oos_ics":[0.0,0.0,0.0,0.0,0.0,0.0,0.0,0.0,0.0,0.0,0.0,0.0,0.0,0.0,0.0]}}
{"op_code":5,"worker_id":"e9c6f4c1-9df7-484d-8e21-04558edb9be1-8436","trial_id":26,"param_name":"huber_delta","param_value_internal":1.9257465703583276,"distribution":"{\"name\": \"FloatDistribution\", \"attributes\": {\"step\": null, \"low\": 0.5, \"high\": 5.0, \"log\": false}}"}
{"op_code":8,"worker_id":"048fa91b-4d46-4f3c-8a38-8b375750ad64-6576","trial_id":28,"user_attr":{"cv_oos_ics":[0.04748328775167465,0.14163342118263245,0.13389503955841064,0.03860567510128021,0.07997989654541016,0.0344085656106472,0.06151479855179787,0.04135918617248535,0.0012631203280761838,0.062187645584344864,0.07570929080247879,0.07931744307279587,0.09469769150018692,0.11324445903301239,0.02587619423866272]}}
{"op_code":8,"worker_id":"048fa91b-4d46-4f3c-8a38-8b375750ad64-6576","trial_id":28,"user_attr":{"reg_kappa":3.3003432860993724}}
{"op_code":8,"worker_id":"048fa91b-4d46-4f3c-8a38-8b375750ad64-6576","trial_id":28,"user_attr":{"raw_metrics":[0.7158867259807044,0.2971746338767616,0.5,0.09641470032112841,0.31212121212121213,0.32434093490863836,-0.2828599442907664,-0.28861767053604126,0.5583333333333333]}}
{"op_code":8,"worker_id":"048fa91b-4d46-4f3c-8a38-8b375750ad64-6576","trial_id":28,"user_attr":{"val_metrics":[0.18171713055956445,0.037843583673863146,0.8303030303030303,0.839939729809977,-0.6038166593907603]}}
{"op_code":8,"worker_id":"b9c51244-1db8-40de-8c05-c1f9dfe45fb6-29612","trial_id":31,"user_attr":{"reg_kappa":2.7122434990983773}}
{"op_code":8,"worker_id":"048fa91b-4d46-4f3c-8a38-8b375750ad64-6576","trial_id":28,"user_attr":{"deflated_objective":1.8279340255617755}}
{"op_code":9,"worker_id":"048fa91b-4d46-4f3c-8a38-8b375750ad64-6576","trial_id":28,"system_attr":{"constraints":[-0.09641470032112841,-0.2971746338767616,0.09999999999999998,-0.06212121212121213,-0.32434093490863836,-32.0,-8.0,-0.05085246648742142,0.0,-1336.8008987793303,-0.10833333333333334,-0.0658730158730158]}}
{"op_code":6,"worker_id":"048fa91b-4d46-4f3c-8a38-8b375750ad64-6576","trial_id":28,"state":1,"values":[2.450562723348615],"datetime_complete":"2026-07-14T11:41:17.992227"}
{"op_code":4,"worker_id":"7997a095-3ccc-4927-be0a-988be3960e29-16052","study_id":0,"datetime_start":"2026-07-14T11:41:17.732305"}
{"op_code":8,"worker_id":"512f454c-fa15-4924-bc4f-b7c3ba75d6fe-31524","trial_id":33,"user_attr":{"constraints":[-0.08078825013774787,-0.19099626310872514,0.09999999999999998,0.12575757575757576,-0.182409248718371,-23.0,-8.0,-0.1099903474903475,0.25,-1356.2515359429585,-0.048958333333333326,-0.04404761904761906]}}
{"op_code":5,"worker_id":"7997a095-3ccc-4927-be0a-988be3960e29-16052","trial_id":35,"param_name":"k_weight","param_value_internal":1.1706408108377164,"distribution":"{\"name\": \"FloatDistribution\", \"attributes\": {\"step\": null, \"low\": 0.0, \"high\": 1.5, \"log\": false}}"}
{"op_code":5,"worker_id":"ceb46980-2660-4c3a-b7f7-19ac59ab7fd9-3216","trial_id":18,"param_name":"huber_delta","param_value_internal":2.890057234132639,"distribution":"{\"name\": \"FloatDistribution\", \"attributes\": {\"step\": null, \"low\": 0.5, \"high\": 5.0, \"log\": false}}"}
{"op_code":5,"worker_id":"7997a095-3ccc-4927-be0a-988be3960e29-16052","trial_id":35,"param_name":"unified_alpha","param_value_internal":0.24459882339376576,"distribution":"{\"name\": \"FloatDistribution\", \"attributes\": {\"step\": null, \"low\": 1e-05, \"high\": 10.0, \"log\": true}}"}
{"op_code":5,"worker_id":"e56b2107-4823-4592-9d8b-a869c64b90a8-20880","trial_id":4,"param_name":"huber_delta","param_value_internal":4.064154172949432,"distribution":"{\"name\": \"FloatDistribution\", \"attributes\": {\"step\": null, \"low\": 0.5, \"high\": 5.0, \"log\": false}}"}
{"op_code":5,"worker_id":"7997a095-3ccc-4927-be0a-988be3960e29-16052","trial_id":35,"param_name":"unified_rho","param_value_internal":0.2402194142887088,"distribution":"{\"name\": \"FloatDistribution\", \"attributes\": {\"step\": null, \"low\": 0.0, \"high\": 1.0, \"log\": false}}"}
{"op_code":8,"worker_id":"b9c51244-1db8-40de-8c05-c1f9dfe45fb6-29612","trial_id":31,"user_attr":{"raw_metrics":[-0.9000008436994557,-0.10978051828188551,0.0,-0.03816573695443512,-0.20909090909090908,-0.21921674251245954,-0.0,-0.0,0.40208333333333335]}}
{"op_code":8,"worker_id":"d2f788b3-0645-4a68-b718-693fbe9611ce-14384","trial_id":25,"user_attr":{"constraints":[0.03816573695443512,0.10978051828188551,0.6,0.4590909090909091,0.21921674251245954,-62.0,5.0,0.0,0.5,-1316.4929412728563,0.04791666666666666,0.026388888888888906]}}
{"op_code":5,"worker_id":"7997a095-3ccc-4927-be0a-988be3960e29-16052","trial_id":35,"param_name":"unified_gamma","param_value_internal":1631.5602159586767,"distribution":"{\"name\": \"FloatDistribution\", \"attributes\": {\"step\": null, \"low\": 1.5, \"high\": 10000.0, \"log\": true}}"}
{"op_code":8,"worker_id":"d2f788b3-0645-4a68-b718-693fbe9611ce-14384","trial_id":25,"user_attr":{"pruned_reasons":["M4 (Overall IC <= 0)","M2 (Yearly Tail IC Mean <= 0)","M3 (Hit Rate < 60%)","M5 (Monotonicity <= 0.25)","M6 (Top-Bottom Spread <= 0)","Active features count (0) is less than active feature floor (5)","Side-specific Hit Rate (0.00% < 50%)","Yearly Daily Win Rate (40.21% < 45%)","Side-specific Yearly Daily Win Rate (42.36% < 45%)"]}}
{"op_code":8,"worker_id":"b9c51244-1db8-40de-8c05-c1f9dfe45fb6-29612","trial_id":31,"user_attr":{"val_metrics":[0.0,0.0,0.0,0.0,-6.134488583979763]}}
{"op_code":5,"worker_id":"7997a095-3ccc-4927-be0a-988be3960e29-16052","trial_id":35,"param_name":"huber_delta","param_value_internal":0.6647188802027184,"distribution":"{\"name\": \"FloatDistribution\", \"attributes\": {\"step\": null, \"low\": 0.5, \"high\": 5.0, \"log\": false}}"}
{"op_code":8,"worker_id":"b9c51244-1db8-40de-8c05-c1f9dfe45fb6-29612","trial_id":31,"user_attr":{"deflated_objective":-0.5428685950841434}}
{"op_code":9,"worker_id":"b9c51244-1db8-40de-8c05-c1f9dfe45fb6-29612","trial_id":31,"system_attr":{"constraints":[0.03816573695443512,0.10978051828188551,0.6,0.4590909090909091,0.21921674251245954,-28.0,5.0,0.0,0.5,-1381.5101686102767,0.04791666666666666,0.026388888888888906]}}
{"op_code":6,"worker_id":"b9c51244-1db8-40de-8c05-c1f9dfe45fb6-29612","trial_id":31,"state":1,"values":[0.12195450419007012],"datetime_complete":"2026-07-14T11:41:18.018715"}
{"op_code":5,"worker_id":"bb7db526-ee20-4f72-b210-7224fb23336f-11668","trial_id":34,"param_name":"k_weight","param_value_internal":1.2702129005033125,"distribution":"{\"name\": \"FloatDistribution\", \"attributes\": {\"step\": null, \"low\": 0.0, \"high\": 1.5, \"log\": false}}"}
{"op_code":8,"worker_id":"d2f788b3-0645-4a68-b718-693fbe9611ce-14384","trial_id":25,"user_attr":{"gini":0.0}}
{"op_code":5,"worker_id":"bb7db526-ee20-4f72-b210-7224fb23336f-11668","trial_id":34,"param_name":"unified_alpha","param_value_internal":0.13783119510015962,"distribution":"{\"name\": \"FloatDistribution\", \"attributes\": {\"step\": null, \"low\": 1e-05, \"high\": 10.0, \"log\": true}}"}
{"op_code":8,"worker_id":"ceb46980-2660-4c3a-b7f7-19ac59ab7fd9-3216","trial_id":18,"user_attr":{"constraints":[0.03816573695443512,0.10978051828188551,0.6,0.4590909090909091,0.21921674251245954,-69.0,5.0,0.0,0.5,-1311.8651968085007,0.04791666666666666,0.026388888888888906]}}
{"op_code":5,"worker_id":"bb7db526-ee20-4f72-b210-7224fb23336f-11668","trial_id":34,"param_name":"unified_rho","param_value_internal":0.2918717295611958,"distribution":"{\"name\": \"FloatDistribution\", \"attributes\": {\"step\": null, \"low\": 0.0, \"high\": 1.0, \"log\": false}}"}
{"op_code":5,"worker_id":"bb7db526-ee20-4f72-b210-7224fb23336f-11668","trial_id":34,"param_name":"unified_gamma","param_value_internal":721.5341889611885,"distribution":"{\"name\": \"FloatDistribution\", \"attributes\": {\"step\": null, \"low\": 1.5, \"high\": 10000.0, \"log\": true}}"}
{"op_code":5,"worker_id":"bb7db526-ee20-4f72-b210-7224fb23336f-11668","trial_id":34,"param_name":"huber_delta","param_value_internal":0.6030639129137144,"distribution":"{\"name\": \"FloatDistribution\", \"attributes\": {\"step\": null, \"low\": 0.5, \"high\": 5.0, \"log\": false}}"}
{"op_code":8,"worker_id":"ceb46980-2660-4c3a-b7f7-19ac59ab7fd9-3216","trial_id":18,"user_attr":{"pruned_reasons":["M4 (Overall IC <= 0)","M2 (Yearly Tail IC Mean <= 0)","M3 (Hit Rate < 60%)","M5 (Monotonicity <= 0.25)","M6 (Top-Bottom Spread <= 0)","Active features count (0) is less than active feature floor (5)","Side-specific Hit Rate (0.00% < 50%)","Yearly Daily Win Rate (40.21% < 45%)","Side-specific Yearly Daily Win Rate (42.36% < 45%)"]}}
{"op_code":4,"worker_id":"3e6a54e9-a2e6-4396-bd94-9073a1f0c760-29612","study_id":0,"datetime_start":"2026-07-14T11:41:18.023630"}
{"op_code":8,"worker_id":"e56b2107-4823-4592-9d8b-a869c64b90a8-20880","trial_id":4,"user_attr":{"constraints":[0.03816573695443512,0.10978051828188551,0.6,0.4590909090909091,0.21921674251245954,-70.0,5.0,0.0,0.5,-1311.4428509907596,0.04791666666666666,0.026388888888888906]}}
{"op_code":8,"worker_id":"e9c6f4c1-9df7-484d-8e21-04558edb9be1-8436","trial_id":26,"user_attr":{"constraints":[0.03579339407563881,0.08496741956764343,0.6,0.4954545454545455,0.15172083928870658,-32.0,5.0,0.0,0.5,-1370.1319456413867,0.027083333333333348,0.026388888888888906]}}
{"op_code":5,"worker_id":"3e6a54e9-a2e6-4396-bd94-9073a1f0c760-29612","trial_id":36,"param_name":"k_weight","param_value_internal":1.203970158116714,"distribution":"{\"name\": \"FloatDistribution\", \"attributes\": {\"step\": null, \"low\": 0.0, \"high\": 1.5, \"log\": false}}"}
{"op_code":8,"worker_id":"e9c6f4c1-9df7-484d-8e21-04558edb9be1-8436","trial_id":26,"user_attr":{"pruned_reasons":["M4 (Overall IC <= 0)","M2 (Yearly Tail IC Mean <= 0)","M3 (Hit Rate < 60%)","M5 (Monotonicity <= 0.25)","M6 (Top-Bottom Spread <= 0)","Active features count (0) is less than active feature floor (5)","Side-specific Hit Rate (0.00% < 50%)","Yearly Daily Win Rate (42.29% < 45%)","Side-specific Yearly Daily Win Rate (42.36% < 45%)"]}}
{"op_code":8,"worker_id":"e9c6f4c1-9df7-484d-8e21-04558edb9be1-8436","trial_id":26,"user_attr":{"gini":0.0}}
{"op_code":8,"worker_id":"e9c6f4c1-9df7-484d-8e21-04558edb9be1-8436","trial_id":26,"user_attr":{"cv_is_ics":[0.0,0.0,0.0,0.0,0.0,0.0,0.0,0.0,0.0,0.0,0.0,0.0,0.0,0.0,0.0]}}
{"op_code":5,"worker_id":"3e6a54e9-a2e6-4396-bd94-9073a1f0c760-29612","trial_id":36,"param_name":"unified_alpha","param_value_internal":0.1906939685314542,"distribution":"{\"name\": \"FloatDistribution\", \"attributes\": {\"step\": null, \"low\": 1e-05, \"high\": 10.0, \"log\": true}}"}
{"op_code":4,"worker_id":"fbc5bd98-a0c4-4421-bf65-3981b1c4217d-4680","study_id":0,"datetime_start":"2026-07-14T11:41:18.041568"}
{"op_code":5,"worker_id":"1a2e4ed9-4907-4bf1-a40d-845a6a9cf9fa-30084","trial_id":32,"param_name":"unified_alpha","param_value_internal":4.8453713585786415,"distribution":"{\"name\": \"FloatDistribution\", \"attributes\": {\"step\": null, \"low\": 1e-05, \"high\": 10.0, \"log\": true}}"}
{"op_code":5,"worker_id":"3e6a54e9-a2e6-4396-bd94-9073a1f0c760-29612","trial_id":36,"param_name":"unified_rho","param_value_internal":0.26997041927090404,"distribution":"{\"name\": \"FloatDistribution\", \"attributes\": {\"step\": null, \"low\": 0.0, \"high\": 1.0, \"log\": false}}"}
{"op_code":8,"worker_id":"ceb46980-2660-4c3a-b7f7-19ac59ab7fd9-3216","trial_id":18,"user_attr":{"gini":0.0}}
{"op_code":5,"worker_id":"1a2e4ed9-4907-4bf1-a40d-845a6a9cf9fa-30084","trial_id":32,"param_name":"unified_rho","param_value_internal":0.2550395575050101,"distribution":"{\"name\": \"FloatDistribution\", \"attributes\": {\"step\": null, \"low\": 0.0, \"high\": 1.0, \"log\": false}}"}
{"op_code":5,"worker_id":"fbc5bd98-a0c4-4421-bf65-3981b1c4217d-4680","trial_id":37,"param_name":"k_weight","param_value_internal":1.1230586335200339,"distribution":"{\"name\": \"FloatDistribution\", \"attributes\": {\"step\": null, \"low\": 0.0, \"high\": 1.5, \"log\": false}}"}
{"op_code":5,"worker_id":"1a2e4ed9-4907-4bf1-a40d-845a6a9cf9fa-30084","trial_id":32,"param_name":"unified_gamma","param_value_internal":1523.3395274975705,"distribution":"{\"name\": \"FloatDistribution\", \"attributes\": {\"step\": null, \"low\": 1.5, \"high\": 10000.0, \"log\": true}}"}
{"op_code":5,"worker_id":"3e6a54e9-a2e6-4396-bd94-9073a1f0c760-29612","trial_id":36,"param_name":"unified_gamma","param_value_internal":1284.7101782054374,"distribution":"{\"name\": \"FloatDistribution\", \"attributes\": {\"step\": null, \"low\": 1.5, \"high\": 10000.0, \"log\": true}}"}
{"op_code":5,"worker_id":"1a2e4ed9-4907-4bf1-a40d-845a6a9cf9fa-30084","trial_id":32,"param_name":"huber_delta","param_value_internal":4.8248967742483675,"distribution":"{\"name\": \"FloatDistribution\", \"attributes\": {\"step\": null, \"low\": 0.5, \"high\": 5.0, \"log\": false}}"}
{"op_code":5,"worker_id":"3e6a54e9-a2e6-4396-bd94-9073a1f0c760-29612","trial_id":36,"param_name":"huber_delta","param_value_internal":0.5802840752310714,"distribution":"{\"name\": \"FloatDistribution\", \"attributes\": {\"step\": null, \"low\": 0.5, \"high\": 5.0, \"log\": false}}"}
{"op_code":5,"worker_id":"fbc5bd98-a0c4-4421-bf65-3981b1c4217d-4680","trial_id":37,"param_name":"unified_alpha","param_value_internal":0.12474345783606232,"distribution":"{\"name\": \"FloatDistribution\", \"attributes\": {\"step\": null, \"low\": 1e-05, \"high\": 10.0, \"log\": true}}"}
{"op_code":8,"worker_id":"e9c6f4c1-9df7-484d-8e21-04558edb9be1-8436","trial_id":26,"user_attr":{"cv_oos_ics":[0.0,0.0,0.0,0.0,0.0,0.0,0.0,0.0,0.0,0.0,0.0,0.0,0.0,0.0,0.0]}}
{"op_code":5,"worker_id":"fbc5bd98-a0c4-4421-bf65-3981b1c4217d-4680","trial_id":37,"param_name":"unified_rho","param_value_internal":0.29460139438212485,"distribution":"{\"name\": \"FloatDistribution\", \"attributes\": {\"step\": null, \"low\": 0.0, \"high\": 1.0, \"log\": false}}"}
{"op_code":8,"worker_id":"e9c6f4c1-9df7-484d-8e21-04558edb9be1-8436","trial_id":26,"user_attr":{"reg_kappa":1.9285440131542941}}
{"op_code":8,"worker_id":"e9c6f4c1-9df7-484d-8e21-04558edb9be1-8436","trial_id":26,"user_attr":{"raw_metrics":[-0.6935417912168043,-0.08496741956764343,0.0,-0.03579339407563881,-0.24545454545454545,-0.15172083928870658,-0.0,-0.0,0.42291666666666666]}}
{"op_code":8,"worker_id":"e9c6f4c1-9df7-484d-8e21-04558edb9be1-8436","trial_id":26,"user_attr":{"val_metrics":[0.0,0.0,0.6242424242424243,0.5328314646376647,-6.134488583979763]}}
{"op_code":8,"worker_id":"e9c6f4c1-9df7-484d-8e21-04558edb9be1-8436","trial_id":26,"user_attr":{"deflated_objective":-0.5165449711073407}}
{"op_code":9,"worker_id":"e9c6f4c1-9df7-484d-8e21-04558edb9be1-8436","trial_id":26,"system_attr":{"constraints":[0.03579339407563881,0.08496741956764343,0.6,0.4954545454545455,0.15172083928870658,-32.0,5.0,0.0,0.5,-1370.1319456413867,0.027083333333333348,0.026388888888888906]}}
{"op_code":6,"worker_id":"e9c6f4c1-9df7-484d-8e21-04558edb9be1-8436","trial_id":26,"state":1,"values":[0.18437874660807013],"datetime_complete":"2026-07-14T11:41:18.077576"}
{"op_code":8,"worker_id":"1a2e4ed9-4907-4bf1-a40d-845a6a9cf9fa-30084","trial_id":32,"user_attr":{"constraints":[0.03816573695443512,0.10978051828188551,0.6,0.4590909090909091,0.21921674251245954,-34.0,5.0,0.0,0.5,-1362.3036035502735,0.04791666666666666,0.026388888888888906]}}
{"op_code":8,"worker_id":"7997a095-3ccc-4927-be0a-988be3960e29-16052","trial_id":35,"user_attr":{"constraints":[-0.09398690510809782,-0.048433543331674184,0.35,-0.0015151515151515804,-0.1487178353065004,-38.0,4.0,-0.09019309670376494,0.0,-1350.5204356013382,0.006250000000000033,0.0630952380952381]}}
{"op_code":8,"worker_id":"8f1392d6-b8c0-415c-9b35-cef043e2aead-31796","trial_id":10,"user_attr":{"gini":0.3707294212360974}}
{"op_code":4,"worker_id":"b92d25b5-26e2-4d80-b8d9-094460e5d4ed-8436","study_id":0,"datetime_start":"2026-07-14T11:41:18.084948"}
{"op_code":8,"worker_id":"1a2e4ed9-4907-4bf1-a40d-845a6a9cf9fa-30084","trial_id":32,"user_attr":{"pruned_reasons":["M4 (Overall IC <= 0)","M2 (Yearly Tail IC Mean <= 0)","M3 (Hit Rate < 60%)","M5 (Monotonicity <= 0.25)","M6 (Top-Bottom Spread <= 0)","Active features count (0) is less than active feature floor (5)","Side-specific Hit Rate (0.00% < 50%)","Yearly Daily Win Rate (40.21% < 45%)","Side-specific Yearly Daily Win Rate (42.36% < 45%)"]}}
{"op_code":8,"worker_id":"ceb46980-2660-4c3a-b7f7-19ac59ab7fd9-3216","trial_id":18,"user_attr":{"cv_is_ics":[0.0,0.0,0.0,0.0,0.0,0.0,0.0,0.0,0.0,0.0,0.0,0.0,0.0,0.0,0.0]}}
{"op_code":8,"worker_id":"ceb46980-2660-4c3a-b7f7-19ac59ab7fd9-3216","trial_id":18,"user_attr":{"cv_oos_ics":[0.0,0.0,0.0,0.0,0.0,0.0,0.0,0.0,0.0,0.0,0.0,0.0,0.0,0.0,0.0]}}
{"op_code":8,"worker_id":"d2f788b3-0645-4a68-b718-693fbe9611ce-14384","trial_id":25,"user_attr":{"cv_is_ics":[0.0,0.0,0.0,0.0,0.0,0.0,0.0,0.0,0.0,0.0,0.0,0.0,0.0,0.0,0.0]}}
{"op_code":8,"worker_id":"1a2e4ed9-4907-4bf1-a40d-845a6a9cf9fa-30084","trial_id":32,"user_attr":{"gini":0.0}}
{"op_code":8,"worker_id":"1a2e4ed9-4907-4bf1-a40d-845a6a9cf9fa-30084","trial_id":32,"user_attr":{"cv_is_ics":[0.0,0.0,0.0,0.0,0.0,0.0,0.0,0.0,0.0,0.0,0.0,0.0,0.0,0.0,0.0]}}
{"op_code":8,"worker_id":"1a2e4ed9-4907-4bf1-a40d-845a6a9cf9fa-30084","trial_id":32,"user_attr":{"cv_oos_ics":[0.0,0.0,0.0,0.0,0.0,0.0,0.0,0.0,0.0,0.0,0.0,0.0,0.0,0.0,0.0]}}
{"op_code":5,"worker_id":"b92d25b5-26e2-4d80-b8d9-094460e5d4ed-8436","trial_id":38,"param_name":"k_weight","param_value_internal":1.1253049144797582,"distribution":"{\"name\": \"FloatDistribution\", \"attributes\": {\"step\": null, \"low\": 0.0, \"high\": 1.5, \"log\": false}}"}
{"op_code":8,"worker_id":"bb7db526-ee20-4f72-b210-7224fb23336f-11668","trial_id":34,"user_attr":{"constraints":[-0.11022517700821954,-0.10688939211454915,0.35,-0.2681818181818182,-0.16672289626983305,-33.0,3.0,0.21734234441387412,0.25,-1357.9465775242782,-0.013541666666666619,-0.04404761904761906]}}
{"op_code":8,"worker_id":"7997a095-3ccc-4927-be0a-988be3960e29-16052","trial_id":35,"user_attr":{"pruned_reasons":["M3 (Hit Rate < 60%)","Active features count (1) is less than active feature floor (5)","Yearly Daily Win Rate (44.38% < 45%)","Side-specific Yearly Daily Win Rate (38.69% < 45%)"]}}
{"op_code":8,"worker_id":"e56b2107-4823-4592-9d8b-a869c64b90a8-20880","trial_id":4,"user_attr":{"pruned_reasons":["M4 (Overall IC <= 0)","M2 (Yearly Tail IC Mean <= 0)","M3 (Hit Rate < 60%)","M5 (Monotonicity <= 0.25)","M6 (Top-Bottom Spread <= 0)","Active features count (0) is less than active feature floor (5)","Side-specific Hit Rate (0.00% < 50%)","Yearly Daily Win Rate (40.21% < 45%)","Side-specific Yearly Daily Win Rate (42.36% < 45%)"]}}
{"op_code":8,"worker_id":"e56b2107-4823-4592-9d8b-a869c64b90a8-20880","trial_id":4,"user_attr":{"gini":0.0}}
{"op_code":8,"worker_id":"e56b2107-4823-4592-9d8b-a869c64b90a8-20880","trial_id":4,"user_attr":{"cv_is_ics":[0.0,0.0,0.0,0.0,0.0,0.0,0.0,0.0,0.0,0.0,0.0,0.0,0.0,0.0,0.0]}}
{"op_code":8,"worker_id":"e56b2107-4823-4592-9d8b-a869c64b90a8-20880","trial_id":4,"user_attr":{"cv_oos_ics":[0.0,0.0,0.0,0.0,0.0,0.0,0.0,0.0,0.0,0.0,0.0,0.0,0.0,0.0,0.0]}}
{"op_code":5,"worker_id":"b92d25b5-26e2-4d80-b8d9-094460e5d4ed-8436","trial_id":38,"param_name":"unified_alpha","param_value_internal":0.16031277988273093,"distribution":"{\"name\": \"FloatDistribution\", \"attributes\": {\"step\": null, \"low\": 1e-05, \"high\": 10.0, \"log\": true}}"}
{"op_code":8,"worker_id":"d2f788b3-0645-4a68-b718-693fbe9611ce-14384","trial_id":25,"user_attr":{"cv_oos_ics":[0.0,0.0,0.0,0.0,0.0,0.0,0.0,0.0,0.0,0.0,0.0,0.0,0.0,0.0,0.0]}}
{"op_code":8,"worker_id":"7997a095-3ccc-4927-be0a-988be3960e29-16052","trial_id":35,"user_attr":{"gini":0.9230769679079021}}
{"op_code":8,"worker_id":"22894bb7-bf67-4f97-bef3-4e86dcb3bdfe-27448","trial_id":14,"user_attr":{"constraints":[-0.09601514383608972,-0.2680293490703825,0.09999999999999998,-0.025757575757575757,-0.31135676975362003,-17.0,-7.0,-0.03733912483912484,0.0,-1379.0800426305693,-0.07812499999999994,-0.0658730158730158]}}
{"op_code":8,"worker_id":"d2f788b3-0645-4a68-b718-693fbe9611ce-14384","trial_id":25,"user_attr":{"reg_kappa":2.1138168448194405}}
{"op_code":8,"worker_id":"7997a095-3ccc-4927-be0a-988be3960e29-16052","trial_id":35,"user_attr":{"cv_is_ics":[0.0,0.10219712555408478,0.0,0.12884214520454407,0.13088151812553406,0.0,0.10145387053489685,0.1566750705242157,0.1524515151977539,0.0,0.11535489559173584,0.11637213081121445,0.09029034525156021,0.0,0.15988145768642426]}}
{"op_code":8,"worker_id":"7997a095-3ccc-4927-be0a-988be3960e29-16052","trial_id":35,"user_attr":{"cv_oos_ics":[0.0,0.08398628234863281,0.0,0.07168515026569366,0.08033879101276398,0.0,0.0,0.06105422228574753,0.0709608718752861,0.0,0.0721157044172287,0.07411902397871017,0.1254197508096695,0.0,0.014761687256395817]}}
{"op_code":8,"worker_id":"e56b2107-4823-4592-9d8b-a869c64b90a8-20880","trial_id":4,"user_attr":{"reg_kappa":1.5248308940060042}}
{"op_code":8,"worker_id":"d2f788b3-0645-4a68-b718-693fbe9611ce-14384","trial_id":25,"user_attr":{"raw_metrics":[-0.9000008436994557,-0.10978051828188551,0.0,-0.03816573695443512,-0.20909090909090908,-0.21921674251245954,-0.0,-0.0,0.40208333333333335]}}
{"op_code":8,"worker_id":"7997a095-3ccc-4927-be0a-988be3960e29-16052","trial_id":35,"user_attr":{"reg_kappa":2.634319037333601}}
{"op_code":8,"worker_id":"7997a095-3ccc-4927-be0a-988be3960e29-16052","trial_id":35,"user_attr":{"raw_metrics":[0.16116100998589433,0.048433543331674184,0.25,0.09398690510809782,0.2515151515151516,0.1487178353065004,-0.025596665434405322,-0.009588039480149746,0.44375]}}
{"op_code":8,"worker_id":"ceb46980-2660-4c3a-b7f7-19ac59ab7fd9-3216","trial_id":18,"user_attr":{"reg_kappa":1.2874025262160294}}
{"op_code":8,"worker_id":"7997a095-3ccc-4927-be0a-988be3960e29-16052","trial_id":35,"user_attr":{"val_metrics":[0.12067525600617483,0.012771780701285151,0.6,0.18940252299164081,-6.5379527198880885]}}
{"op_code":8,"worker_id":"ceb46980-2660-4c3a-b7f7-19ac59ab7fd9-3216","trial_id":18,"user_attr":{"raw_metrics":[-0.9000008436994557,-0.10978051828188551,0.0,-0.03816573695443512,-0.20909090909090908,-0.21921674251245954,-0.0,-0.0,0.40208333333333335]}}
{"op_code":5,"worker_id":"b92d25b5-26e2-4d80-b8d9-094460e5d4ed-8436","trial_id":38,"param_name":"unified_rho","param_value_internal":0.2531750764928513,"distribution":"{\"name\": \"FloatDistribution\", \"attributes\": {\"step\": null, \"low\": 0.0, \"high\": 1.0, \"log\": false}}"}
{"op_code":8,"worker_id":"ceb46980-2660-4c3a-b7f7-19ac59ab7fd9-3216","trial_id":18,"user_attr":{"val_metrics":[0.0,0.0,0.6242424242424243,0.5328314646376647,-6.134488583979763]}}
{"op_code":5,"worker_id":"b92d25b5-26e2-4d80-b8d9-094460e5d4ed-8436","trial_id":38,"param_name":"unified_gamma","param_value_internal":704.3939629675742,"distribution":"{\"name\": \"FloatDistribution\", \"attributes\": {\"step\": null, \"low\": 1.5, \"high\": 10000.0, \"log\": true}}"}
{"op_code":8,"worker_id":"ceb46980-2660-4c3a-b7f7-19ac59ab7fd9-3216","trial_id":18,"user_attr":{"deflated_objective":-0.5440775296678697}}
{"op_code":5,"worker_id":"b92d25b5-26e2-4d80-b8d9-094460e5d4ed-8436","trial_id":38,"param_name":"huber_delta","param_value_internal":0.5962591538176828,"distribution":"{\"name\": \"FloatDistribution\", \"attributes\": {\"step\": null, \"low\": 0.5, \"high\": 5.0, \"log\": false}}"}
{"op_code":9,"worker_id":"ceb46980-2660-4c3a-b7f7-19ac59ab7fd9-3216","trial_id":18,"system_attr":{"constraints":[0.03816573695443512,0.10978051828188551,0.6,0.4590909090909091,0.21921674251245954,-69.0,5.0,0.0,0.5,-1311.8651968085007,0.04791666666666666,0.026388888888888906]}}
{"op_code":6,"worker_id":"ceb46980-2660-4c3a-b7f7-19ac59ab7fd9-3216","trial_id":18,"state":1,"values":[0.18437874660807013],"datetime_complete":"2026-07-14T11:41:18.142853"}
{"op_code":8,"worker_id":"7997a095-3ccc-4927-be0a-988be3960e29-16052","trial_id":35,"user_attr":{"deflated_objective":-0.6992600663895935}}
{"op_code":9,"worker_id":"7997a095-3ccc-4927-be0a-988be3960e29-16052","trial_id":35,"system_attr":{"constraints":[-0.09398690510809782,-0.048433543331674184,0.35,-0.0015151515151515804,-0.1487178353065004,-38.0,4.0,-0.09019309670376494,0.0,-1350.5204356013382,0.006250000000000033,0.0630952380952381]}}
{"op_code":8,"worker_id":"22894bb7-bf67-4f97-bef3-4e86dcb3bdfe-27448","trial_id":14,"user_attr":{"pruned_reasons":["M3 (Hit Rate < 60%)"]}}
{"op_code":6,"worker_id":"7997a095-3ccc-4927-be0a-988be3960e29-16052","trial_id":35,"state":1,"values":[0.037745087716292564],"datetime_complete":"2026-07-14T11:41:18.154117"}
{"op_code":8,"worker_id":"22894bb7-bf67-4f97-bef3-4e86dcb3bdfe-27448","trial_id":14,"user_attr":{"gini":0.38817454313931243}}
{"op_code":8,"worker_id":"22894bb7-bf67-4f97-bef3-4e86dcb3bdfe-27448","trial_id":14,"user_attr":{"cv_is_ics":[0.16889595985412598,0.1174304261803627,0.127653107047081,0.18265028297901154,0.17552198469638824,0.175696462392807,0.1824277639389038,0.19467732310295105,0.20895269513130188,0.17480893433094025,0.1619827300310135,0.1537260264158249,0.14648401737213135,0.15304811298847198,0.2033979594707489]}}
{"op_code":8,"worker_id":"3e6a54e9-a2e6-4396-bd94-9073a1f0c760-29612","trial_id":36,"user_attr":{"constraints":[-0.07960510511908904,-0.10518916917365376,0.09999999999999998,-0.004545454545454519,-0.10963497222401201,-36.0,4.0,-0.11374976424056325,0.0,-1352.8411270719007,0.026041666666666685,0.02738095238095234]}}
{"op_code":8,"worker_id":"22894bb7-bf67-4f97-bef3-4e86dcb3bdfe-27448","trial_id":14,"user_attr":{"cv_oos_ics":[0.03241189941763878,0.12475711852312088,0.13229601085186005,0.018939899280667305,0.08284077048301697,0.011011569760739803,0.05186132714152336,0.03021632693707943,0.011658161878585815,0.056043628603219986,0.0607500821352005,0.06850939244031906,0.09300192445516586,0.10930696874856949,0.011416412889957428]}}
{"op_code":4,"worker_id":"779b1ac9-1894-45f9-9025-4525f00d822d-16052","study_id":0,"datetime_start":"2026-07-14T11:41:18.163951"}
{"op_code":8,"worker_id":"3e6a54e9-a2e6-4396-bd94-9073a1f0c760-29612","trial_id":36,"user_attr":{"pruned_reasons":["M3 (Hit Rate < 60%)","Active features count (1) is less than active feature floor (5)","Yearly Daily Win Rate (42.40% < 45%)","Side-specific Yearly Daily Win Rate (42.26% < 45%)"]}}
{"op_code":5,"worker_id":"779b1ac9-1894-45f9-9025-4525f00d822d-16052","trial_id":39,"param_name":"k_weight","param_value_internal":1.1029884494617337,"distribution":"{\"name\": \"FloatDistribution\", \"attributes\": {\"step\": null, \"low\": 0.0, \"high\": 1.5, \"log\": false}}"}
{"op_code":8,"worker_id":"22894bb7-bf67-4f97-bef3-4e86dcb3bdfe-27448","trial_id":14,"user_attr":{"reg_kappa":3.3657695947724835}}
{"op_code":8,"worker_id":"22894bb7-bf67-4f97-bef3-4e86dcb3bdfe-27448","trial_id":14,"user_attr":{"raw_metrics":[0.673738686380342,0.2680293490703825,0.5,0.09601514383608972,0.27575757575757576,0.31135676975362003,-0.408471093334431,-0.4131632149219513,0.528125]}}
{"op_code":8,"worker_id":"22894bb7-bf67-4f97-bef3-4e86dcb3bdfe-27448","trial_id":14,"user_attr":{"val_metrics":[0.18282693871573552,0.06783021985298399,0.696969696969697,0.8113235834500063,-1.0745245940337034]}}
{"op_code":5,"worker_id":"779b1ac9-1894-45f9-9025-4525f00d822d-16052","trial_id":39,"param_name":"unified_alpha","param_value_internal":1.2278936713294956e-05,"distribution":"{\"name\": \"FloatDistribution\", \"attributes\": {\"step\": null, \"low\": 1e-05, \"high\": 10.0, \"log\": true}}"}
{"op_code":8,"worker_id":"22894bb7-bf67-4f97-bef3-4e86dcb3bdfe-27448","trial_id":14,"user_attr":{"deflated_objective":1.1475500195756707}}
{"op_code":5,"worker_id":"779b1ac9-1894-45f9-9025-4525f00d822d-16052","trial_id":39,"param_name":"unified_rho","param_value_internal":0.010767299783812245,"distribution":"{\"name\": \"FloatDistribution\", \"attributes\": {\"step\": null, \"low\": 0.0, \"high\": 1.0, \"log\": false}}"}
{"op_code":9,"worker_id":"22894bb7-bf67-4f97-bef3-4e86dcb3bdfe-27448","trial_id":14,"system_attr":{"constraints":[-0.09601514383608972,-0.2680293490703825,0.09999999999999998,-0.025757575757575757,-0.31135676975362003,-17.0,-7.0,-0.03733912483912484,0.0,-1379.0800426305693,-0.07812499999999994,-0.0658730158730158]}}
{"op_code":8,"worker_id":"b92d25b5-26e2-4d80-b8d9-094460e5d4ed-8436","trial_id":38,"user_attr":{"constraints":[-0.11002502467326018,-0.047599889723576164,0.35,-0.043939393939393945,-0.1260774515817563,-38.0,3.0,0.37063539702608095,0.5,-1347.1625305295938,-0.00833333333333336,-0.07281746031746034]}}
{"op_code":8,"worker_id":"b92d25b5-26e2-4d80-b8d9-094460e5d4ed-8436","trial_id":38,"user_attr":{"pruned_reasons":["M3 (Hit Rate < 60%)","Active features count (2) is less than active feature floor (5)","Side-specific Yearly Tail IC Mean (-0.3706 <= 0)","Side-specific Hit Rate (0.00% < 50%)"]}}
{"op_code":5,"worker_id":"779b1ac9-1894-45f9-9025-4525f00d822d-16052","trial_id":39,"param_name":"unified_gamma","param_value_internal":1347.7069852307238,"distribution":"{\"name\": \"FloatDistribution\", \"attributes\": {\"step\": null, \"low\": 1.5, \"high\": 10000.0, \"log\": true}}"}
{"op_code":6,"worker_id":"22894bb7-bf67-4f97-bef3-4e86dcb3bdfe-27448","trial_id":14,"state":1,"values":[2.2610518514643214],"datetime_complete":"2026-07-14T11:41:18.181126"}
{"op_code":5,"worker_id":"779b1ac9-1894-45f9-9025-4525f00d822d-16052","trial_id":39,"param_name":"huber_delta","param_value_internal":1.1030601868531034,"distribution":"{\"name\": \"FloatDistribution\", \"attributes\": {\"step\": null, \"low\": 0.5, \"high\": 5.0, \"log\": false}}"}
{"op_code":8,"worker_id":"e56b2107-4823-4592-9d8b-a869c64b90a8-20880","trial_id":4,"user_attr":{"raw_metrics":[-0.9000008436994557,-0.10978051828188551,0.0,-0.03816573695443512,-0.20909090909090908,-0.21921674251245954,-0.0,-0.0,0.40208333333333335]}}
{"op_code":8,"worker_id":"d2f788b3-0645-4a68-b718-693fbe9611ce-14384","trial_id":25,"user_attr":{"val_metrics":[0.0,0.0,0.0,0.0,-6.134488583979763]}}
{"op_code":8,"worker_id":"b92d25b5-26e2-4d80-b8d9-094460e5d4ed-8436","trial_id":38,"user_attr":{"gini":0.8952556732130748}}
{"op_code":8,"worker_id":"b92d25b5-26e2-4d80-b8d9-094460e5d4ed-8436","trial_id":38,"user_attr":{"cv_is_ics":[0.13092605769634247,0.10219712555408478,0.08646585047245026,0.1562000811100006,0.17020708322525024,0.15370288491249084,0.14091673493385315,0.15091365575790405,0.17711897194385529,0.12479623407125473,0.1548599749803543,0.1633886694908142,0.08682439476251602,0.12298785895109177,0.16403047740459442]}}
{"op_code":8,"worker_id":"e56b2107-4823-4592-9d8b-a869c64b90a8-20880","trial_id":4,"user_attr":{"val_metrics":[0.0,0.0,0.6242424242424243,0.5328314646376647,-6.134488583979763]}}
{"op_code":8,"worker_id":"b92d25b5-26e2-4d80-b8d9-094460e5d4ed-8436","trial_id":38,"user_attr":{"cv_oos_ics":[0.050007324665784836,0.08398628234863281,0.10381536930799484,0.11738348752260208,0.10398293286561966,0.08788377046585083,-0.00258748815394938,0.06105422228574753,0.027421265840530396,0.08664815872907639,0.10785821080207825,0.0816221758723259,0.1254197508096695,0.13663430511951447,0.014761687256395817]}}
{"op_code":8,"worker_id":"d2f788b3-0645-4a68-b718-693fbe9611ce-14384","trial_id":25,"user_attr":{"deflated_objective":-0.9967658542909948}}
{"op_code":8,"worker_id":"b92d25b5-26e2-4d80-b8d9-094460e5d4ed-8436","trial_id":38,"user_attr":{"reg_kappa":2.826120746041023}}
{"op_code":8,"worker_id":"b92d25b5-26e2-4d80-b8d9-094460e5d4ed-8436","trial_id":38,"user_attr":{"raw_metrics":[0.21500721948600393,0.047599889723576164,0.25,0.11002502467326018,0.29393939393939394,0.1260774515817563,-0.04931210252787919,-0.0532863475382328,0.45833333333333337]}}
{"op_code":8,"worker_id":"e56b2107-4823-4592-9d8b-a869c64b90a8-20880","trial_id":4,"user_attr":{"deflated_objective":-0.9302862225116124}}
{"op_code":8,"worker_id":"b92d25b5-26e2-4d80-b8d9-094460e5d4ed-8436","trial_id":38,"user_attr":{"val_metrics":[0.14200226110399777,-0.09169037562281313,0.5757575757575758,0.06754865363726148,-8.481885085046947]}}
{"op_code":8,"worker_id":"9a7a6236-2f18-407b-b0e0-a44eb8a9df27-7108","trial_id":3,"user_attr":{"cv_oos_ics":[0.0,0.0,0.0,0.0,0.0,0.0,0.0,0.0,0.0,0.0,0.0,0.0,0.0,0.0,0.0]}}
{"op_code":8,"worker_id":"b92d25b5-26e2-4d80-b8d9-094460e5d4ed-8436","trial_id":38,"user_attr":{"deflated_objective":-1.9780658023110247}}
{"op_code":9,"worker_id":"e56b2107-4823-4592-9d8b-a869c64b90a8-20880","trial_id":4,"system_attr":{"constraints":[0.03816573695443512,0.10978051828188551,0.6,0.4590909090909091,0.21921674251245954,-70.0,5.0,0.0,0.5,-1311.4428509907596,0.04791666666666666,0.026388888888888906]}}
{"op_code":6,"worker_id":"e56b2107-4823-4592-9d8b-a869c64b90a8-20880","trial_id":4,"state":1,"values":[0.18437874660807013],"datetime_complete":"2026-07-14T11:41:18.212965"}
{"op_code":8,"worker_id":"9a7a6236-2f18-407b-b0e0-a44eb8a9df27-7108","trial_id":3,"user_attr":{"reg_kappa":1.4630051061442115}}
{"op_code":8,"worker_id":"9a7a6236-2f18-407b-b0e0-a44eb8a9df27-7108","trial_id":3,"user_attr":{"raw_metrics":[-0.9000008436994557,-0.10978051828188551,0.0,-0.03816573695443512,-0.20909090909090908,-0.21921674251245954,-0.0,-0.0,0.40208333333333335]}}
{"op_code":9,"worker_id":"d2f788b3-0645-4a68-b718-693fbe9611ce-14384","trial_id":25,"system_attr":{"constraints":[0.03816573695443512,0.10978051828188551,0.6,0.4590909090909091,0.21921674251245954,-62.0,5.0,0.0,0.5,-1316.4929412728563,0.04791666666666666,0.026388888888888906]}}
{"op_code":9,"worker_id":"b92d25b5-26e2-4d80-b8d9-094460e5d4ed-8436","trial_id":38,"system_attr":{"constraints":[-0.11002502467326018,-0.047599889723576164,0.35,-0.043939393939393945,-0.1260774515817563,-38.0,3.0,0.37063539702608095,0.5,-1347.1625305295938,-0.00833333333333336,-0.07281746031746034]}}
{"op_code":6,"worker_id":"b92d25b5-26e2-4d80-b8d9-094460e5d4ed-8436","trial_id":38,"state":1,"values":[-0.7819042627093854],"datetime_complete":"2026-07-14T11:41:18.222368"}
{"op_code":8,"worker_id":"9a7a6236-2f18-407b-b0e0-a44eb8a9df27-7108","trial_id":3,"user_attr":{"val_metrics":[0.0,0.0,0.6242424242424243,0.5328314646376647,-6.134488583979763]}}
{"op_code":6,"worker_id":"d2f788b3-0645-4a68-b718-693fbe9611ce-14384","trial_id":25,"state":1,"values":[0.12195450419007012],"datetime_complete":"2026-07-14T11:41:18.220945"}
{"op_code":8,"worker_id":"9a7a6236-2f18-407b-b0e0-a44eb8a9df27-7108","trial_id":3,"user_attr":{"deflated_objective":-1.151317189886147}}
{"op_code":8,"worker_id":"779b1ac9-1894-45f9-9025-4525f00d822d-16052","trial_id":39,"user_attr":{"constraints":[-0.08175716836547138,-0.2105897774970723,0.09999999999999998,-0.004545454545454575,-0.2532370815053582,0.0,0.0,-0.15006435006435007,0.0,-1345.127840477261,-0.07395833333333329,-0.03710317460317464]}}
{"op_code":9,"worker_id":"9a7a6236-2f18-407b-b0e0-a44eb8a9df27-7108","trial_id":3,"system_attr":{"constraints":[0.03816573695443512,0.10978051828188551,0.6,0.4590909090909091,0.21921674251245954,-69.0,5.0,0.0,0.5,-1311.9335441187093,0.04791666666666666,0.026388888888888906]}}
{"op_code":4,"worker_id":"8a3a0fc4-e210-4d7c-9b96-2361c7e9bb9e-8436","study_id":0,"datetime_start":"2026-07-14T11:41:18.230815"}
{"op_code":6,"worker_id":"9a7a6236-2f18-407b-b0e0-a44eb8a9df27-7108","trial_id":3,"state":1,"values":[0.18437874660807013],"datetime_complete":"2026-07-14T11:41:18.230907"}
{"op_code":5,"worker_id":"8a3a0fc4-e210-4d7c-9b96-2361c7e9bb9e-8436","trial_id":40,"param_name":"k_weight","param_value_internal":1.3247821049847832,"distribution":"{\"name\": \"FloatDistribution\", \"attributes\": {\"step\": null, \"low\": 0.0, \"high\": 1.5, \"log\": false}}"}
{"op_code":4,"worker_id":"c679c526-e22c-4821-b3b8-d95a590e178f-3216","study_id":0,"datetime_start":"2026-07-14T11:41:18.227681"}
{"op_code":5,"worker_id":"8a3a0fc4-e210-4d7c-9b96-2361c7e9bb9e-8436","trial_id":40,"param_name":"unified_alpha","param_value_internal":1.0835624826913735e-05,"distribution":"{\"name\": \"FloatDistribution\", \"attributes\": {\"step\": null, \"low\": 1e-05, \"high\": 10.0, \"log\": true}}"}
{"op_code":4,"worker_id":"fbf2c902-cfa6-4660-ba44-79ebb5a81306-14384","study_id":0,"datetime_start":"2026-07-14T11:41:18.234632"}
{"op_code":5,"worker_id":"8a3a0fc4-e210-4d7c-9b96-2361c7e9bb9e-8436","trial_id":40,"param_name":"unified_rho","param_value_internal":0.07905690413817493,"distribution":"{\"name\": \"FloatDistribution\", \"attributes\": {\"step\": null, \"low\": 0.0, \"high\": 1.0, \"log\": false}}"}
{"op_code":5,"worker_id":"fbf2c902-cfa6-4660-ba44-79ebb5a81306-14384","trial_id":42,"param_name":"k_weight","param_value_internal":1.3139388914004606,"distribution":"{\"name\": \"FloatDistribution\", \"attributes\": {\"step\": null, \"low\": 0.0, \"high\": 1.5, \"log\": false}}"}
{"op_code":5,"worker_id":"8a3a0fc4-e210-4d7c-9b96-2361c7e9bb9e-8436","trial_id":40,"param_name":"unified_gamma","param_value_internal":1.7800827991104289,"distribution":"{\"name\": \"FloatDistribution\", \"attributes\": {\"step\": null, \"low\": 1.5, \"high\": 10000.0, \"log\": true}}"}
{"op_code":5,"worker_id":"fbf2c902-cfa6-4660-ba44-79ebb5a81306-14384","trial_id":42,"param_name":"unified_alpha","param_value_internal":0.08775747169833988,"distribution":"{\"name\": \"FloatDistribution\", \"attributes\": {\"step\": null, \"low\": 1e-05, \"high\": 10.0, \"log\": true}}"}
{"op_code":8,"worker_id":"779b1ac9-1894-45f9-9025-4525f00d822d-16052","trial_id":39,"user_attr":{"pruned_reasons":["M3 (Hit Rate < 60%)"]}}
{"op_code":5,"worker_id":"fbf2c902-cfa6-4660-ba44-79ebb5a81306-14384","trial_id":42,"param_name":"unified_rho","param_value_internal":0.08549464058561906,"distribution":"{\"name\": \"FloatDistribution\", \"attributes\": {\"step\": null, \"low\": 0.0, \"high\": 1.0, \"log\": false}}"}
{"op_code":8,"worker_id":"779b1ac9-1894-45f9-9025-4525f00d822d-16052","trial_id":39,"user_attr":{"gini":0.4159435310282651}}
{"op_code":5,"worker_id":"fbf2c902-cfa6-4660-ba44-79ebb5a81306-14384","trial_id":42,"param_name":"unified_gamma","param_value_internal":1.9872371262497528,"distribution":"{\"name\": \"FloatDistribution\", \"attributes\": {\"step\": null, \"low\": 1.5, \"high\": 10000.0, \"log\": true}}"}
{"op_code":8,"worker_id":"779b1ac9-1894-45f9-9025-4525f00d822d-16052","trial_id":39,"user_attr":{"cv_is_ics":[0.1736934632062912,0.14933431148529053,0.14104394614696503,0.193587526679039,0.19145086407661438,0.18744242191314697,0.20451851189136505,0.2020368129014969,0.22579090297222137,0.20237143337726593,0.1827235221862793,0.18595339357852936,0.15490823984146118,0.1838565617799759,0.22034120559692383]}}
{"op_code":8,"worker_id":"779b1ac9-1894-45f9-9025-4525f00d822d-16052","trial_id":39,"user_attr":{"cv_oos_ics":[0.041633252054452896,0.1395212560892105,0.11961061507463455,-0.005616018082946539,0.04594720900058746,0.04305971413850784,0.061255015432834625,0.02631477266550064,0.018124381080269814,0.043209727853536606,0.06719532608985901,0.09530078619718552,0.06569351255893707,0.10121683031320572,-0.017453739419579506]}}
{"op_code":5,"worker_id":"fbf2c902-cfa6-4660-ba44-79ebb5a81306-14384","trial_id":42,"param_name":"huber_delta","param_value_internal":2.3186610208542735,"distribution":"{\"name\": \"FloatDistribution\", \"attributes\": {\"step\": null, \"low\": 0.5, \"high\": 5.0, \"log\": false}}"}
{"op_code":8,"worker_id":"779b1ac9-1894-45f9-9025-4525f00d822d-16052","trial_id":39,"user_attr":{"reg_kappa":3.3711715161471867}}
{"op_code":8,"worker_id":"779b1ac9-1894-45f9-9025-4525f00d822d-16052","trial_id":39,"user_attr":{"raw_metrics":[0.616677204147615,0.2105897774970723,0.5,0.08175716836547138,0.2545454545454546,0.2532370815053582,-0.31479158499451865,-0.37798428535461426,0.5239583333333333]}}
{"op_code":8,"worker_id":"779b1ac9-1894-45f9-9025-4525f00d822d-16052","trial_id":39,"user_attr":{"val_metrics":[0.17487060317394987,0.05949110988232231,0.6,0.9372504318159991,-0.6492353459833122]}}
{"op_code":8,"worker_id":"779b1ac9-1894-45f9-9025-4525f00d822d-16052","trial_id":39,"user_attr":{"deflated_objective":1.0568493914893156}}
{"op_code":9,"worker_id":"779b1ac9-1894-45f9-9025-4525f00d822d-16052","trial_id":39,"system_attr":{"constraints":[-0.08175716836547138,-0.2105897774970723,0.09999999999999998,-0.004545454545454575,-0.2532370815053582,0.0,0.0,-0.15006435006435007,0.0,-1345.127840477261,-0.07395833333333329,-0.03710317460317464]}}
{"op_code":6,"worker_id":"779b1ac9-1894-45f9-9025-4525f00d822d-16052","trial_id":39,"state":1,"values":[2.417339303429436],"datetime_complete":"2026-07-14T11:41:18.269167"}
{"op_code":8,"worker_id":"52110bf7-90a3-412b-ac08-4090b4d6dba2-24340","trial_id":24,"user_attr":{"constraints":[-0.09669408310278707,-0.26702374373347015,0.09999999999999998,-0.019696969696969657,-0.3004333508511384,-59.0,-6.0,-0.039913127413127414,0.0,-1309.6311570291714,-0.08333333333333331,-0.07976190476190476]}}
{"op_code":8,"worker_id":"52110bf7-90a3-412b-ac08-4090b4d6dba2-24340","trial_id":24,"user_attr":{"pruned_reasons":["M3 (Hit Rate < 60%)"]}}
{"op_code":4,"worker_id":"c7b6ca97-15a0-42a9-9886-1566aa4f10b8-27448","study_id":0,"datetime_start":"2026-07-14T11:41:18.278371"}
{"op_code":8,"worker_id":"52110bf7-90a3-412b-ac08-4090b4d6dba2-24340","trial_id":24,"user_attr":{"gini":0.5139133119130546}}
{"op_code":5,"worker_id":"c7b6ca97-15a0-42a9-9886-1566aa4f10b8-27448","trial_id":43,"param_name":"k_weight","param_value_internal":1.3313195617983753,"distribution":"{\"name\": \"FloatDistribution\", \"attributes\": {\"step\": null, \"low\": 0.0, \"high\": 1.5, \"log\": false}}"}
{"op_code":8,"worker_id":"52110bf7-90a3-412b-ac08-4090b4d6dba2-24340","trial_id":24,"user_attr":{"cv_is_ics":[0.17166242003440857,0.1523756980895996,0.1397959291934967,0.19106604158878326,0.19444191455841064,0.19274690747261047,0.19866523146629333,0.2020721286535263,0.22445638477802277,0.19414785504341125,0.18476437032222748,0.17827649414539337,0.15360486507415771,0.17691543698310852,0.21694740653038025]}}
{"op_code":8,"worker_id":"52110bf7-90a3-412b-ac08-4090b4d6dba2-24340","trial_id":24,"user_attr":{"cv_oos_ics":[0.054564185440540314,0.14551140367984772,0.12839959561824799,0.06752493232488632,0.08015713095664978,0.03863373026251793,0.07008052617311478,0.03390750288963318,0.007779546082019806,0.021296866238117218,0.0925794467329979,0.0816301479935646,0.07670724391937256,0.10792912542819977,0.022459078580141068]}}
{"op_code":4,"worker_id":"92451150-098f-4b1d-b56d-579d2f2cecaa-16052","study_id":0,"datetime_start":"2026-07-14T11:41:18.277661"}
{"op_code":5,"worker_id":"c7b6ca97-15a0-42a9-9886-1566aa4f10b8-27448","trial_id":43,"param_name":"unified_alpha","param_value_internal":0.0009453701049849661,"distribution":"{\"name\": \"FloatDistribution\", \"attributes\": {\"step\": null, \"low\": 1e-05, \"high\": 10.0, \"log\": true}}"}
{"op_code":5,"worker_id":"92451150-098f-4b1d-b56d-579d2f2cecaa-16052","trial_id":44,"param_name":"k_weight","param_value_internal":1.3131800360682255,"distribution":"{\"name\": \"FloatDistribution\", \"attributes\": {\"step\": null, \"low\": 0.0, \"high\": 1.5, \"log\": false}}"}
{"op_code":8,"worker_id":"52110bf7-90a3-412b-ac08-4090b4d6dba2-24340","trial_id":24,"user_attr":{"reg_kappa":3.274440657596291}}
{"op_code":5,"worker_id":"92451150-098f-4b1d-b56d-579d2f2cecaa-16052","trial_id":44,"param_name":"unified_alpha","param_value_internal":0.0011680468458916402,"distribution":"{\"name\": \"FloatDistribution\", \"attributes\": {\"step\": null, \"low\": 1e-05, \"high\": 10.0, \"log\": true}}"}
{"op_code":8,"worker_id":"52110bf7-90a3-412b-ac08-4090b4d6dba2-24340","trial_id":24,"user_attr":{"raw_metrics":[0.5995399130735666,0.26702374373347015,0.5,0.09669408310278707,0.26969696969696966,0.3004333508511384,-0.15578979261084633,-0.16303697228431702,0.5333333333333333]}}
{"op_code":5,"worker_id":"92451150-098f-4b1d-b56d-579d2f2cecaa-16052","trial_id":44,"param_name":"unified_rho","param_value_internal":0.15496821311007072,"distribution":"{\"name\": \"FloatDistribution\", \"attributes\": {\"step\": null, \"low\": 0.0, \"high\": 1.0, \"log\": false}}"}
{"op_code":8,"worker_id":"fbf2c902-cfa6-4660-ba44-79ebb5a81306-14384","trial_id":42,"user_attr":{"constraints":[-0.0962617968678006,-0.2682643850576981,0.09999999999999998,-0.06818181818181818,-0.2849688212542484,-22.0,-7.0,-0.009522652021926814,0.0,-1361.6520739559458,-0.07812499999999994,-0.058928571428571386]}}
{"op_code":5,"worker_id":"c7b6ca97-15a0-42a9-9886-1566aa4f10b8-27448","trial_id":43,"param_name":"unified_rho","param_value_internal":0.14112037835844377,"distribution":"{\"name\": \"FloatDistribution\", \"attributes\": {\"step\": null, \"low\": 0.0, \"high\": 1.0, \"log\": false}}"}
{"op_code":5,"worker_id":"92451150-098f-4b1d-b56d-579d2f2cecaa-16052","trial_id":44,"param_name":"unified_gamma","param_value_internal":279.1871265690031,"distribution":"{\"name\": \"FloatDistribution\", \"attributes\": {\"step\": null, \"low\": 1.5, \"high\": 10000.0, \"log\": true}}"}
{"op_code":8,"worker_id":"52110bf7-90a3-412b-ac08-4090b4d6dba2-24340","trial_id":24,"user_attr":{"val_metrics":[0.16476189910116631,0.16969998039175843,0.6606060606060606,0.8912010695245387,-2.354822476344146]}}
{"op_code":5,"worker_id":"92451150-098f-4b1d-b56d-579d2f2cecaa-16052","trial_id":44,"param_name":"huber_delta","param_value_internal":2.4617019697424496,"distribution":"{\"name\": \"FloatDistribution\", \"attributes\": {\"step\": null, \"low\": 0.5, \"high\": 5.0, \"log\": false}}"}
{"op_code":5,"worker_id":"c679c526-e22c-4821-b3b8-d95a590e178f-3216","trial_id":41,"param_name":"k_weight","param_value_internal":1.3379915554335708,"distribution":"{\"name\": \"FloatDistribution\", \"attributes\": {\"step\": null, \"low\": 0.0, \"high\": 1.5, \"log\": false}}"}
{"op_code":8,"worker_id":"52110bf7-90a3-412b-ac08-4090b4d6dba2-24340","trial_id":24,"user_attr":{"deflated_objective":0.45998974465219944}}
{"op_code":8,"worker_id":"fbf2c902-cfa6-4660-ba44-79ebb5a81306-14384","trial_id":42,"user_attr":{"pruned_reasons":["M3 (Hit Rate < 60%)"]}}
{"op_code":4,"worker_id":"b45c285c-19b1-4ce8-afe8-169028b8b772-20880","study_id":0,"datetime_start":"2026-07-14T11:41:18.306574"}
{"op_code":8,"worker_id":"fbf2c902-cfa6-4660-ba44-79ebb5a81306-14384","trial_id":42,"user_attr":{"gini":0.3688919399912345}}
{"op_code":8,"worker_id":"fbf2c902-cfa6-4660-ba44-79ebb5a81306-14384","trial_id":42,"user_attr":{"cv_is_ics":[0.17162683606147766,0.12503661215305328,0.13158227503299713,0.1831597238779068,0.1842009723186493,0.17947357892990112,0.185794398188591,0.19568108022212982,0.21403218805789948,0.18261677026748657,0.16287507116794586,0.16249458491802216,0.1500639021396637,0.1595849096775055,0.2022935301065445]}}
{"op_code":8,"worker_id":"fbf2c902-cfa6-4660-ba44-79ebb5a81306-14384","trial_id":42,"user_attr":{"cv_oos_ics":[0.035796165466308594,0.12694212794303894,0.1349729299545288,0.024491989985108376,0.07211431115865707,0.019772691652178764,0.06052825599908829,0.03524547442793846,0.005453332792967558,0.05457735061645508,0.06041060388088226,0.08348780870437622,0.09543401747941971,0.11015168577432632,0.017430629581212997]}}
{"op_code":5,"worker_id":"b45c285c-19b1-4ce8-afe8-169028b8b772-20880","trial_id":45,"param_name":"k_weight","param_value_internal":1.3015829551264655,"distribution":"{\"name\": \"FloatDistribution\", \"attributes\": {\"step\": null, \"low\": 0.0, \"high\": 1.5, \"log\": false}}"}
{"op_code":5,"worker_id":"c7b6ca97-15a0-42a9-9886-1566aa4f10b8-27448","trial_id":43,"param_name":"unified_gamma","param_value_internal":1.5009174125885423,"distribution":"{\"name\": \"FloatDistribution\", \"attributes\": {\"step\": null, \"low\": 1.5, \"high\": 10000.0, \"log\": true}}"}
{"op_code":4,"worker_id":"3017f491-ef72-4db9-9a79-aed0ddb6cc53-7108","study_id":0,"datetime_start":"2026-07-14T11:41:18.322309"}
{"op_code":5,"worker_id":"c7b6ca97-15a0-42a9-9886-1566aa4f10b8-27448","trial_id":43,"param_name":"huber_delta","param_value_internal":2.4309882677586967,"distribution":"{\"name\": \"FloatDistribution\", \"attributes\": {\"step\": null, \"low\": 0.5, \"high\": 5.0, \"log\": false}}"}
{"op_code":5,"worker_id":"b45c285c-19b1-4ce8-afe8-169028b8b772-20880","trial_id":45,"param_name":"unified_alpha","param_value_internal":0.08727670946649643,"distribution":"{\"name\": \"FloatDistribution\", \"attributes\": {\"step\": null, \"low\": 1e-05, \"high\": 10.0, \"log\": true}}"}
{"op_code":5,"worker_id":"c679c526-e22c-4821-b3b8-d95a590e178f-3216","trial_id":41,"param_name":"unified_alpha","param_value_internal":0.09487329670241332,"distribution":"{\"name\": \"FloatDistribution\", \"attributes\": {\"step\": null, \"low\": 1e-05, \"high\": 10.0, \"log\": true}}"}
{"op_code":5,"worker_id":"b45c285c-19b1-4ce8-afe8-169028b8b772-20880","trial_id":45,"param_name":"unified_rho","param_value_internal":0.1303891074938054,"distribution":"{\"name\": \"FloatDistribution\", \"attributes\": {\"step\": null, \"low\": 0.0, \"high\": 1.0, \"log\": false}}"}
{"op_code":5,"worker_id":"c679c526-e22c-4821-b3b8-d95a590e178f-3216","trial_id":41,"param_name":"unified_rho","param_value_internal":0.16342014918408188,"distribution":"{\"name\": \"FloatDistribution\", \"attributes\": {\"step\": null, \"low\": 0.0, \"high\": 1.0, \"log\": false}}"}
{"op_code":5,"worker_id":"b45c285c-19b1-4ce8-afe8-169028b8b772-20880","trial_id":45,"param_name":"unified_gamma","param_value_internal":1.8789564898485196,"distribution":"{\"name\": \"FloatDistribution\", \"attributes\": {\"step\": null, \"low\": 1.5, \"high\": 10000.0, \"log\": true}}"}
{"op_code":8,"worker_id":"fbf2c902-cfa6-4660-ba44-79ebb5a81306-14384","trial_id":42,"user_attr":{"reg_kappa":2.998938464708462}}
{"op_code":5,"worker_id":"b45c285c-19b1-4ce8-afe8-169028b8b772-20880","trial_id":45,"param_name":"huber_delta","param_value_internal":2.427999302894653,"distribution":"{\"name\": \"FloatDistribution\", \"attributes\": {\"step\": null, \"low\": 0.5, \"high\": 5.0, \"log\": false}}"}
{"op_code":5,"worker_id":"c679c526-e22c-4821-b3b8-d95a590e178f-3216","trial_id":41,"param_name":"unified_gamma","param_value_internal":1787.3203983109045,"distribution":"{\"name\": \"FloatDistribution\", \"attributes\": {\"step\": null, \"low\": 1.5, \"high\": 10000.0, \"log\": true}}"}
{"op_code":8,"worker_id":"92451150-098f-4b1d-b56d-579d2f2cecaa-16052","trial_id":44,"user_attr":{"constraints":[-0.09370552509948482,-0.2832535625468756,0.09999999999999998,0.007575757575757569,-0.2749712200866391,-21.0,-8.0,-0.0868886743886744,-0.25,-1361.1778839326505,-0.09374999999999994,-0.07281746031746034]}}
{"op_code":5,"worker_id":"c679c526-e22c-4821-b3b8-d95a590e178f-3216","trial_id":41,"param_name":"huber_delta","param_value_internal":2.4018979138685896,"distribution":"{\"name\": \"FloatDistribution\", \"attributes\": {\"step\": null, \"low\": 0.5, \"high\": 5.0, \"log\": false}}"}
{"op_code":8,"worker_id":"92451150-098f-4b1d-b56d-579d2f2cecaa-16052","trial_id":44,"user_attr":{"pruned_reasons":["M3 (Hit Rate < 60%)","M5 (Monotonicity <= 0.25)"]}}
{"op_code":8,"worker_id":"92451150-098f-4b1d-b56d-579d2f2cecaa-16052","trial_id":44,"user_attr":{"gini":0.3703617705311051}}
{"op_code":8,"worker_id":"fbf2c902-cfa6-4660-ba44-79ebb5a81306-14384","trial_id":42,"user_attr":{"raw_metrics":[0.6537430780784937,0.2682643850576981,0.5,0.0962617968678006,0.3181818181818182,0.2849688212542484,-0.3480152179658643,-0.3384636342525482,0.528125]}}
{"op_code":8,"worker_id":"44d62ddb-df57-4dd2-a985-1ba1b957de46-8896","trial_id":12,"user_attr":{"raw_metrics":[0.5702653508740092,0.23873817418650245,0.5,0.08791081251810448,0.13333333333333333,0.35966336737697324,-0.1860864366832953,-0.1934201568365097,0.54375]}}
{"op_code":8,"worker_id":"8f1392d6-b8c0-415c-9b35-cef043e2aead-31796","trial_id":10,"user_attr":{"cv_is_ics":[0.1692803055047989,0.1199059709906578,0.12789179384708405,0.18394270539283752,0.1779894083738327,0.17811571061611176,0.18584750592708588,0.19858795404434204,0.21047508716583252,0.17739485204219818,0.1649356186389923,0.15783588588237762,0.1480056643486023,0.15931862592697144,0.2084725946187973]}}
{"op_code":8,"worker_id":"92451150-098f-4b1d-b56d-579d2f2cecaa-16052","trial_id":44,"user_attr":{"cv_is_ics":[0.17123812437057495,0.12209084630012512,0.12877942621707916,0.18624821305274963,0.1820850372314453,0.17992402613162994,0.18429842591285706,0.19952639937400818,0.21366675198078156,0.17685182392597198,0.16472603380680084,0.16031605005264282,0.1481388509273529,0.1568707972764969,0.20699478685855865]}}
{"op_code":8,"worker_id":"8f1392d6-b8c0-415c-9b35-cef043e2aead-31796","trial_id":10,"user_attr":{"cv_oos_ics":[0.03166253864765167,0.12446093559265137,0.12429359555244446,0.006936672609299421,0.06870715320110321,0.012308923527598381,0.04842834174633026,0.02797388844192028,0.0166341383010149,0.045316699892282486,0.054454654455184937,0.07924332469701767,0.08495499193668365,0.11197181046009064,-0.0003562150232028216]}}
{"op_code":8,"worker_id":"92451150-098f-4b1d-b56d-579d2f2cecaa-16052","trial_id":44,"user_attr":{"cv_oos_ics":[0.03597338870167732,0.1261013001203537,0.12751512229442596,0.012472577393054962,0.0789998322725296,0.015722844749689102,0.05159197747707367,0.030592456459999084,0.012141096405684948,0.04829786345362663,0.060146037489175797,0.07769567519426346,0.08978809416294098,0.11284680664539337,-0.00018806879234034568]}}
{"op_code":8,"worker_id":"92451150-098f-4b1d-b56d-579d2f2cecaa-16052","trial_id":44,"user_attr":{"reg_kappa":3.4051315092440406}}
{"op_code":8,"worker_id":"92451150-098f-4b1d-b56d-579d2f2cecaa-16052","trial_id":44,"user_attr":{"raw_metrics":[0.7012970804281174,0.2832535625468756,0.5,0.09370552509948482,0.24242424242424243,0.2749712200866391,-0.3767575215587911,-0.3855244815349579,0.54375]}}
{"op_code":8,"worker_id":"8f1392d6-b8c0-415c-9b35-cef043e2aead-31796","trial_id":10,"user_attr":{"reg_kappa":3.4517389051636074}}
{"op_code":8,"worker_id":"c7b6ca97-15a0-42a9-9886-1566aa4f10b8-27448","trial_id":43,"user_attr":{"constraints":[-0.0929806501188211,-0.2849090119606837,0.09999999999999998,0.05606060606060606,-0.2749712200866391,-20.0,-8.0,-0.0893983268983269,-0.25,-1362.8209899747658,-0.09374999999999994,-0.07281746031746034]}}
{"op_code":8,"worker_id":"c7b6ca97-15a0-42a9-9886-1566aa4f10b8-27448","trial_id":43,"user_attr":{"pruned_reasons":["M3 (Hit Rate < 60%)","M5 (Monotonicity <= 0.25)"]}}
{"op_code":8,"worker_id":"92451150-098f-4b1d-b56d-579d2f2cecaa-16052","trial_id":44,"user_attr":{"val_metrics":[0.1835306230159454,0.0932075172883067,0.8787878787878788,0.8243370698899894,-1.361315297306168]}}
{"op_code":8,"worker_id":"8f1392d6-b8c0-415c-9b35-cef043e2aead-31796","trial_id":10,"user_attr":{"raw_metrics":[0.6740061871964933,0.26664577823392416,0.5,0.08910920573938251,0.34545454545454546,0.26487763003446163,-0.43938374888224013,-0.4129067361354828,0.503125]}}
{"op_code":8,"worker_id":"fbf2c902-cfa6-4660-ba44-79ebb5a81306-14384","trial_id":42,"user_attr":{"val_metrics":[0.1775315055808646,0.05973712916242885,0.6484848484848484,0.9126500883342131,-1.3517889827234058]}}
{"op_code":8,"worker_id":"92451150-098f-4b1d-b56d-579d2f2cecaa-16052","trial_id":44,"user_attr":{"deflated_objective":0.838841220867591}}
{"op_code":8,"worker_id":"8f1392d6-b8c0-415c-9b35-cef043e2aead-31796","trial_id":10,"user_attr":{"val_metrics":[0.18049260559992383,0.028516734069161276,0.9030303030303031,0.9115985893792864,-1.3599263634213594]}}
{"op_code":8,"worker_id":"fbf2c902-cfa6-4660-ba44-79ebb5a81306-14384","trial_id":42,"user_attr":{"deflated_objective":0.8068682549883341}}
{"op_code":8,"worker_id":"c7b6ca97-15a0-42a9-9886-1566aa4f10b8-27448","trial_id":43,"user_attr":{"gini":0.3703856567578019}}
{"op_code":9,"worker_id":"92451150-098f-4b1d-b56d-579d2f2cecaa-16052","trial_id":44,"system_attr":{"constraints":[-0.09370552509948482,-0.2832535625468756,0.09999999999999998,0.007575757575757569,-0.2749712200866391,-21.0,-8.0,-0.0868886743886744,-0.25,-1361.1778839326505,-0.09374999999999994,-0.07281746031746034]}}
{"op_code":6,"worker_id":"92451150-098f-4b1d-b56d-579d2f2cecaa-16052","trial_id":44,"state":1,"values":[2.1747386757499347],"datetime_complete":"2026-07-14T11:41:18.374818"}
{"op_code":9,"worker_id":"52110bf7-90a3-412b-ac08-4090b4d6dba2-24340","trial_id":24,"system_attr":{"constraints":[-0.09669408310278707,-0.26702374373347015,0.09999999999999998,-0.019696969696969657,-0.3004333508511384,-59.0,-6.0,-0.039913127413127414,0.0,-1309.6311570291714,-0.08333333333333331,-0.07976190476190476]}}
{"op_code":8,"worker_id":"c7b6ca97-15a0-42a9-9886-1566aa4f10b8-27448","trial_id":43,"user_attr":{"cv_is_ics":[0.1711364984512329,0.12183937430381775,0.1288398802280426,0.1866757720708847,0.18169483542442322,0.17921115458011627,0.18382476270198822,0.19929005205631256,0.21426613628864288,0.17651589214801788,0.1655481457710266,0.16043168306350708,0.14751850068569183,0.1568664014339447,0.20586490631103516]}}
{"op_code":6,"worker_id":"52110bf7-90a3-412b-ac08-4090b4d6dba2-24340","trial_id":24,"state":1,"values":[1.7842377352055148],"datetime_complete":"2026-07-14T11:41:18.378996"}
{"op_code":8,"worker_id":"c679c526-e22c-4821-b3b8-d95a590e178f-3216","trial_id":41,"user_attr":{"constraints":[-0.09719321380158132,-0.2209699064541114,0.09999999999999998,-0.0318181818181818,-0.29024965483695264,-22.0,-6.0,-0.11251559469775463,0.0,-1363.8438137404282,-0.05833333333333329,-0.023214285714285687]}}
{"op_code":8,"worker_id":"c679c526-e22c-4821-b3b8-d95a590e178f-3216","trial_id":41,"user_attr":{"pruned_reasons":["M3 (Hit Rate < 60%)"]}}
{"op_code":8,"worker_id":"c679c526-e22c-4821-b3b8-d95a590e178f-3216","trial_id":41,"user_attr":{"gini":0.48727378313875147}}
{"op_code":8,"worker_id":"44d62ddb-df57-4dd2-a985-1ba1b957de46-8896","trial_id":12,"user_attr":{"val_metrics":[0.1721068512190969,0.14279547324488442,0.8181818181818182,0.8408714339838943,-2.559299513661208]}}
{"op_code":8,"worker_id":"c679c526-e22c-4821-b3b8-d95a590e178f-3216","trial_id":41,"user_attr":{"cv_is_ics":[0.16953642666339874,0.13051943480968475,0.1310708373785019,0.17508238554000854,0.1789141744375229,0.17273429036140442,0.18071722984313965,0.19485503435134888,0.21403183043003082,0.1736876666545868,0.16257041692733765,0.16077224910259247,0.14542219042778015,0.16326063871383667,0.19579388201236725]}}
{"op_code":8,"worker_id":"c7b6ca97-15a0-42a9-9886-1566aa4f10b8-27448","trial_id":43,"user_attr":{"cv_oos_ics":[0.03708852827548981,0.12638454139232635,0.1275547742843628,0.011588094756007195,0.0782722756266594,0.013486742042005062,0.05226454883813858,0.03055659681558609,0.013491878286004066,0.048592712730169296,0.059868719428777695,0.07856114953756332,0.09021203219890594,0.11214713007211685,-1.0359721272834577e-05]}}
{"op_code":8,"worker_id":"8f1392d6-b8c0-415c-9b35-cef043e2aead-31796","trial_id":10,"user_attr":{"deflated_objective":0.8165083913398437}}
{"op_code":8,"worker_id":"44d62ddb-df57-4dd2-a985-1ba1b957de46-8896","trial_id":12,"user_attr":{"deflated_objective":0.44448422241640095}}
{"op_code":9,"worker_id":"8f1392d6-b8c0-415c-9b35-cef043e2aead-31796","trial_id":10,"system_attr":{"constraints":[-0.08910920573938251,-0.26664577823392416,0.09999999999999998,-0.09545454545454546,-0.26487763003446163,-16.0,-8.0,-0.08182110682110683,-0.25,-1378.1082052476684,-0.05312500000000003,-0.0658730158730158]}}
{"op_code":8,"worker_id":"b45c285c-19b1-4ce8-afe8-169028b8b772-20880","trial_id":45,"user_attr":{"constraints":[-0.09516057925685842,-0.257852899380255,0.09999999999999998,-0.11969696969696969,-0.299341137924542,-22.0,-7.0,0.012194825871339562,0.0,-1360.5400628128486,-0.08333333333333331,-0.058928571428571386]}}
{"op_code":6,"worker_id":"8f1392d6-b8c0-415c-9b35-cef043e2aead-31796","trial_id":10,"state":1,"values":[2.1515383767011604],"datetime_complete":"2026-07-14T11:41:18.394606"}
{"op_code":9,"worker_id":"44d62ddb-df57-4dd2-a985-1ba1b957de46-8896","trial_id":12,"system_attr":{"constraints":[-0.08791081251810448,-0.23873817418650245,0.09999999999999998,0.11666666666666667,-0.35966336737697324,-56.0,-8.0,-0.0945945945945946,0.0,-1309.8158604805678,-0.09374999999999994,-0.08670634920634918]}}
{"op_code":4,"worker_id":"ae2f4fb4-f111-4391-8650-32442f88661f-16052","study_id":0,"datetime_start":"2026-07-14T11:41:18.381412"}
{"op_code":8,"worker_id":"c7b6ca97-15a0-42a9-9886-1566aa4f10b8-27448","trial_id":43,"user_attr":{"reg_kappa":3.4103561556053177}}
{"op_code":6,"worker_id":"44d62ddb-df57-4dd2-a985-1ba1b957de46-8896","trial_id":12,"state":1,"values":[1.7081771883969155],"datetime_complete":"2026-07-14T11:41:18.399328"}
{"op_code":5,"worker_id":"ae2f4fb4-f111-4391-8650-32442f88661f-16052","trial_id":47,"param_name":"k_weight","param_value_internal":0.9833836935395905,"distribution":"{\"name\": \"FloatDistribution\", \"attributes\": {\"step\": null, \"low\": 0.0, \"high\": 1.5, \"log\": false}}"}
{"op_code":5,"worker_id":"ae2f4fb4-f111-4391-8650-32442f88661f-16052","trial_id":47,"param_name":"unified_alpha","param_value_internal":0.08993000621247559,"distribution":"{\"name\": \"FloatDistribution\", \"attributes\": {\"step\": null, \"low\": 1e-05, \"high\": 10.0, \"log\": true}}"}
{"op_code":8,"worker_id":"c7b6ca97-15a0-42a9-9886-1566aa4f10b8-27448","trial_id":43,"user_attr":{"raw_metrics":[0.7080380112429588,0.2849090119606837,0.5,0.0929806501188211,0.19393939393939394,0.2749712200866391,-0.383024972412849,-0.388691246509552,0.54375]}}
{"op_code":8,"worker_id":"c7b6ca97-15a0-42a9-9886-1566aa4f10b8-27448","trial_id":43,"user_attr":{"val_metrics":[0.18278386497343663,0.09476403030553485,0.9030303030303031,0.8243370698899894,-1.3604397176483558]}}
{"op_code":5,"worker_id":"ae2f4fb4-f111-4391-8650-32442f88661f-16052","trial_id":47,"param_name":"unified_rho","param_value_internal":0.15175916740020745,"distribution":"{\"name\": \"FloatDistribution\", \"attributes\": {\"step\": null, \"low\": 0.0, \"high\": 1.0, \"log\": false}}"}
{"op_code":5,"worker_id":"1726cff6-2557-4162-aaf3-5b2a1edb42a7-19068","trial_id":1,"param_name":"unified_rho","param_value_internal":0.7446404816795178,"distribution":"{\"name\": \"FloatDistribution\", \"attributes\": {\"step\": null, \"low\": 0.0, \"high\": 1.0, \"log\": false}}"}
{"op_code":8,"worker_id":"b45c285c-19b1-4ce8-afe8-169028b8b772-20880","trial_id":45,"user_attr":{"pruned_reasons":["M3 (Hit Rate < 60%)","Side-specific Yearly Tail IC Mean (-0.0122 <= 0)"]}}
{"op_code":8,"worker_id":"c7b6ca97-15a0-42a9-9886-1566aa4f10b8-27448","trial_id":43,"user_attr":{"deflated_objective":0.9648934891795415}}
{"op_code":8,"worker_id":"b45c285c-19b1-4ce8-afe8-169028b8b772-20880","trial_id":45,"user_attr":{"gini":0.3736670755543232}}
{"op_code":8,"worker_id":"b45c285c-19b1-4ce8-afe8-169028b8b772-20880","trial_id":45,"user_attr":{"cv_is_ics":[0.1719379425048828,0.12461414188146591,0.13110995292663574,0.18228943645954132,0.18266329169273376,0.1791396141052246,0.18546847999095917,0.19546416401863098,0.21313488483428955,0.17922788858413696,0.1640806645154953,0.16305987536907196,0.15054549276828766,0.15889915823936462,0.2019379884004593]}}
{"op_code":5,"worker_id":"1726cff6-2557-4162-aaf3-5b2a1edb42a7-19068","trial_id":1,"param_name":"unified_gamma","param_value_internal":35.86027023078568,"distribution":"{\"name\": \"FloatDistribution\", \"attributes\": {\"step\": null, \"low\": 1.5, \"high\": 10000.0, \"log\": true}}"}
{"op_code":5,"worker_id":"ae2f4fb4-f111-4391-8650-32442f88661f-16052","trial_id":47,"param_name":"unified_gamma","param_value_internal":1.6010448116472946,"distribution":"{\"name\": \"FloatDistribution\", \"attributes\": {\"step\": null, \"low\": 1.5, \"high\": 10000.0, \"log\": true}}"}
{"op_code":5,"worker_id":"1726cff6-2557-4162-aaf3-5b2a1edb42a7-19068","trial_id":1,"param_name":"huber_delta","param_value_internal":2.1168987701363235,"distribution":"{\"name\": \"FloatDistribution\", \"attributes\": {\"step\": null, \"low\": 0.5, \"high\": 5.0, \"log\": false}}"}
{"op_code":8,"worker_id":"3e6a54e9-a2e6-4396-bd94-9073a1f0c760-29612","trial_id":36,"user_attr":{"gini":0.9230769681340132}}
{"op_code":8,"worker_id":"3e6a54e9-a2e6-4396-bd94-9073a1f0c760-29612","trial_id":36,"user_attr":{"cv_is_ics":[0.0,0.10219712555408478,0.0,0.12884214520454407,0.13088151812553406,0.0,0.10145387053489685,0.1566750705242157,0.16301697492599487,0.0,0.11535489559173584,0.11637213081121445,0.09029034525156021,0.0,0.15988145768642426]}}
{"op_code":8,"worker_id":"3e6a54e9-a2e6-4396-bd94-9073a1f0c760-29612","trial_id":36,"user_attr":{"cv_oos_ics":[0.0,0.08398628234863281,0.0,0.07168515026569366,0.08033879101276398,0.0,0.0,0.06105422228574753,0.04172440990805626,0.0,0.0721157044172287,0.07411902397871017,0.1254197508096695,0.0,0.014761687256395817]}}
{"op_code":4,"worker_id":"041dda16-dcb0-4c70-afd2-8bd7d9880d31-19176","study_id":0,"datetime_start":"2026-07-14T11:41:17.403822"}
{"op_code":8,"worker_id":"3e6a54e9-a2e6-4396-bd94-9073a1f0c760-29612","trial_id":36,"user_attr":{"reg_kappa":2.771532382444919}}
{"op_code":8,"worker_id":"3e6a54e9-a2e6-4396-bd94-9073a1f0c760-29612","trial_id":36,"user_attr":{"raw_metrics":[0.37425286047531914,0.10518916917365376,0.5,0.07960510511908904,0.2545454545454545,0.10963497222401201,-0.026327783231263762,-0.009539923630654812,0.4239583333333333]}}
{"op_code":8,"worker_id":"3e6a54e9-a2e6-4396-bd94-9073a1f0c760-29612","trial_id":36,"user_attr":{"val_metrics":[0.12067525600617483,0.012771780701285151,0.6,0.18940252299164081,-6.5379527198880885]}}
{"op_code":5,"worker_id":"041dda16-dcb0-4c70-afd2-8bd7d9880d31-19176","trial_id":48,"param_name":"k_weight","param_value_internal":1.0083744647619812,"distribution":"{\"name\": \"FloatDistribution\", \"attributes\": {\"step\": null, \"low\": 0.0, \"high\": 1.5, \"log\": false}}"}
{"op_code":5,"worker_id":"00ddef0e-86f8-4aec-b8be-4df3fda315cf-22852","trial_id":9,"param_name":"huber_delta","param_value_internal":0.5387245340394617,"distribution":"{\"name\": \"FloatDistribution\", \"attributes\": {\"step\": null, \"low\": 0.5, \"high\": 5.0, \"log\": false}}"}
{"op_code":8,"worker_id":"3e6a54e9-a2e6-4396-bd94-9073a1f0c760-29612","trial_id":36,"user_attr":{"deflated_objective":-1.1948192058266986}}
{"op_code":9,"worker_id":"3e6a54e9-a2e6-4396-bd94-9073a1f0c760-29612","trial_id":36,"system_attr":{"constraints":[-0.07960510511908904,-0.10518916917365376,0.09999999999999998,-0.004545454545454519,-0.10963497222401201,-36.0,4.0,-0.11374976424056325,0.0,-1352.8411270719007,0.026041666666666685,0.02738095238095234]}}
{"op_code":5,"worker_id":"041dda16-dcb0-4c70-afd2-8bd7d9880d31-19176","trial_id":48,"param_name":"unified_alpha","param_value_internal":0.08156896198619962,"distribution":"{\"name\": \"FloatDistribution\", \"attributes\": {\"step\": null, \"low\": 1e-05, \"high\": 10.0, \"log\": true}}"}
{"op_code":6,"worker_id":"3e6a54e9-a2e6-4396-bd94-9073a1f0c760-29612","trial_id":36,"state":1,"values":[0.037745087716292564],"datetime_complete":"2026-07-14T11:41:18.448830"}
{"op_code":5,"worker_id":"041dda16-dcb0-4c70-afd2-8bd7d9880d31-19176","trial_id":48,"param_name":"unified_rho","param_value_internal":0.13552898412276088,"distribution":"{\"name\": \"FloatDistribution\", \"attributes\": {\"step\": null, \"low\": 0.0, \"high\": 1.0, \"log\": false}}"}
{"op_code":5,"worker_id":"041dda16-dcb0-4c70-afd2-8bd7d9880d31-19176","trial_id":48,"param_name":"unified_gamma","param_value_internal":1.7004467513125163,"distribution":"{\"name\": \"FloatDistribution\", \"attributes\": {\"step\": null, \"low\": 1.5, \"high\": 10000.0, \"log\": true}}"}
{"op_code":5,"worker_id":"3017f491-ef72-4db9-9a79-aed0ddb6cc53-7108","trial_id":46,"param_name":"k_weight","param_value_internal":1.33592521574304,"distribution":"{\"name\": \"FloatDistribution\", \"attributes\": {\"step\": null, \"low\": 0.0, \"high\": 1.5, \"log\": false}}"}
{"op_code":5,"worker_id":"041dda16-dcb0-4c70-afd2-8bd7d9880d31-19176","trial_id":48,"param_name":"huber_delta","param_value_internal":1.8180593631150574,"distribution":"{\"name\": \"FloatDistribution\", \"attributes\": {\"step\": null, \"low\": 0.5, \"high\": 5.0, \"log\": false}}"}
{"op_code":4,"worker_id":"4e946209-37d2-441b-93b8-3684aab8b31f-29612","study_id":0,"datetime_start":"2026-07-14T11:41:18.458149"}
{"op_code":5,"worker_id":"3017f491-ef72-4db9-9a79-aed0ddb6cc53-7108","trial_id":46,"param_name":"unified_alpha","param_value_internal":0.12675290660087757,"distribution":"{\"name\": \"FloatDistribution\", \"attributes\": {\"step\": null, \"low\": 1e-05, \"high\": 10.0, \"log\": true}}"}
{"op_code":5,"worker_id":"4e946209-37d2-441b-93b8-3684aab8b31f-29612","trial_id":49,"param_name":"k_weight","param_value_internal":1.3375216641023808,"distribution":"{\"name\": \"FloatDistribution\", \"attributes\": {\"step\": null, \"low\": 0.0, \"high\": 1.5, \"log\": false}}"}
{"op_code":5,"worker_id":"3017f491-ef72-4db9-9a79-aed0ddb6cc53-7108","trial_id":46,"param_name":"unified_rho","param_value_internal":0.12921830201896867,"distribution":"{\"name\": \"FloatDistribution\", \"attributes\": {\"step\": null, \"low\": 0.0, \"high\": 1.0, \"log\": false}}"}
{"op_code":5,"worker_id":"4e946209-37d2-441b-93b8-3684aab8b31f-29612","trial_id":49,"param_name":"unified_alpha","param_value_internal":0.06399116579992033,"distribution":"{\"name\": \"FloatDistribution\", \"attributes\": {\"step\": null, \"low\": 1e-05, \"high\": 10.0, \"log\": true}}"}
{"op_code":5,"worker_id":"3017f491-ef72-4db9-9a79-aed0ddb6cc53-7108","trial_id":46,"param_name":"unified_gamma","param_value_internal":1.7782031647670413,"distribution":"{\"name\": \"FloatDistribution\", \"attributes\": {\"step\": null, \"low\": 1.5, \"high\": 10000.0, \"log\": true}}"}
{"op_code":4,"worker_id":"a68de0ee-d674-4bbb-800d-4185fa09c980-24340","study_id":0,"datetime_start":"2026-07-14T11:41:18.468078"}
{"op_code":5,"worker_id":"3017f491-ef72-4db9-9a79-aed0ddb6cc53-7108","trial_id":46,"param_name":"huber_delta","param_value_internal":2.374866630401097,"distribution":"{\"name\": \"FloatDistribution\", \"attributes\": {\"step\": null, \"low\": 0.5, \"high\": 5.0, \"log\": false}}"}
{"op_code":5,"worker_id":"4e946209-37d2-441b-93b8-3684aab8b31f-29612","trial_id":49,"param_name":"unified_rho","param_value_internal":0.09755789337986698,"distribution":"{\"name\": \"FloatDistribution\", \"attributes\": {\"step\": null, \"low\": 0.0, \"high\": 1.0, \"log\": false}}"}
{"op_code":5,"worker_id":"a68de0ee-d674-4bbb-800d-4185fa09c980-24340","trial_id":50,"param_name":"k_weight","param_value_internal":1.3762858519307348,"distribution":"{\"name\": \"FloatDistribution\", \"attributes\": {\"step\": null, \"low\": 0.0, \"high\": 1.5, \"log\": false}}"}
{"op_code":5,"worker_id":"4e946209-37d2-441b-93b8-3684aab8b31f-29612","trial_id":49,"param_name":"unified_gamma","param_value_internal":2.159928480174581,"distribution":"{\"name\": \"FloatDistribution\", \"attributes\": {\"step\": null, \"low\": 1.5, \"high\": 10000.0, \"log\": true}}"}
{"op_code":5,"worker_id":"a68de0ee-d674-4bbb-800d-4185fa09c980-24340","trial_id":50,"param_name":"unified_alpha","param_value_internal":0.06617453200295167,"distribution":"{\"name\": \"FloatDistribution\", \"attributes\": {\"step\": null, \"low\": 1e-05, \"high\": 10.0, \"log\": true}}"}
{"op_code":5,"worker_id":"4e946209-37d2-441b-93b8-3684aab8b31f-29612","trial_id":49,"param_name":"huber_delta","param_value_internal":2.019077548957086,"distribution":"{\"name\": \"FloatDistribution\", \"attributes\": {\"step\": null, \"low\": 0.5, \"high\": 5.0, \"log\": false}}"}
{"op_code":8,"worker_id":"1726cff6-2557-4162-aaf3-5b2a1edb42a7-19068","trial_id":1,"user_attr":{"constraints":[-0.08653819698064667,-0.23281474098343402,0.09999999999999998,-0.05909090909090908,-0.2709227780221651,-23.0,-8.0,-0.04541505791505791,0.0,-1355.9943257795585,-0.06354166666666655,-0.07281746031746034]}}
{"op_code":5,"worker_id":"a68de0ee-d674-4bbb-800d-4185fa09c980-24340","trial_id":50,"param_name":"unified_rho","param_value_internal":0.1446140761120577,"distribution":"{\"name\": \"FloatDistribution\", \"attributes\": {\"step\": null, \"low\": 0.0, \"high\": 1.0, \"log\": false}}"}
{"op_code":8,"worker_id":"1726cff6-2557-4162-aaf3-5b2a1edb42a7-19068","trial_id":1,"user_attr":{"pruned_reasons":["M3 (Hit Rate < 60%)"]}}
{"op_code":5,"worker_id":"a68de0ee-d674-4bbb-800d-4185fa09c980-24340","trial_id":50,"param_name":"unified_gamma","param_value_internal":1.559338492482533,"distribution":"{\"name\": \"FloatDistribution\", \"attributes\": {\"step\": null, \"low\": 1.5, \"high\": 10000.0, \"log\": true}}"}
{"op_code":8,"worker_id":"1726cff6-2557-4162-aaf3-5b2a1edb42a7-19068","trial_id":1,"user_attr":{"gini":0.3635994360474879}}
{"op_code":4,"worker_id":"5c9b8b29-e9a9-4045-a4f4-b422d8561f10-31796","study_id":0,"datetime_start":"2026-07-14T11:41:18.484772"}
{"op_code":8,"worker_id":"00ddef0e-86f8-4aec-b8be-4df3fda315cf-22852","trial_id":9,"user_attr":{"constraints":[-0.08005251900943913,-0.17040645405830473,0.09999999999999998,-0.019696969696969713,-0.28548065898319086,-44.0,-8.0,-0.046476833976834,0.25,-1321.3829290062451,-0.05937500000000001,-0.06488095238095232]}}
{"op_code":5,"worker_id":"a68de0ee-d674-4bbb-800d-4185fa09c980-24340","trial_id":50,"param_name":"huber_delta","param_value_internal":1.923061045101772,"distribution":"{\"name\": \"FloatDistribution\", \"attributes\": {\"step\": null, \"low\": 0.5, \"high\": 5.0, \"log\": false}}"}
{"op_code":4,"worker_id":"d0437bd6-7c66-4694-84f3-0b4c00a03da0-8896","study_id":0,"datetime_start":"2026-07-14T11:41:18.491474"}
{"op_code":8,"worker_id":"00ddef0e-86f8-4aec-b8be-4df3fda315cf-22852","trial_id":9,"user_attr":{"pruned_reasons":["M3 (Hit Rate < 60%)","Side-specific Hit Rate (25.00% < 50%)"]}}
{"op_code":5,"worker_id":"d0437bd6-7c66-4694-84f3-0b4c00a03da0-8896","trial_id":52,"param_name":"k_weight","param_value_internal":1.3452773568370013,"distribution":"{\"name\": \"FloatDistribution\", \"attributes\": {\"step\": null, \"low\": 0.0, \"high\": 1.5, \"log\": false}}"}
{"op_code":5,"worker_id":"d0437bd6-7c66-4694-84f3-0b4c00a03da0-8896","trial_id":52,"param_name":"unified_alpha","param_value_internal":0.06408076196821674,"distribution":"{\"name\": \"FloatDistribution\", \"attributes\": {\"step\": null, \"low\": 1e-05, \"high\": 10.0, \"log\": true}}"}
{"op_code":8,"worker_id":"1726cff6-2557-4162-aaf3-5b2a1edb42a7-19068","trial_id":1,"user_attr":{"cv_is_ics":[0.17214545607566833,0.1252857744693756,0.13000014424324036,0.1854415088891983,0.18517090380191803,0.18231186270713806,0.18885354697704315,0.20176854729652405,0.21479065716266632,0.18252480030059814,0.16738979518413544,0.16371573507785797,0.14979718625545502,0.16341012716293335,0.21013903617858887]}}
{"op_code":8,"worker_id":"041dda16-dcb0-4c70-afd2-8bd7d9880d31-19176","trial_id":48,"user_attr":{"constraints":[-0.08394051204750765,-0.2081381005013224,0.09999999999999998,0.0075757575757576245,-0.28392469298094514,-33.0,-6.0,0.08016711376471318,0.25,-1339.6315093448911,-0.05833333333333329,-0.07976190476190476]}}
{"op_code":4,"worker_id":"b83b4e3e-a5c4-40f3-b43d-9c4a74ebc288-27064","study_id":0,"datetime_start":"2026-07-14T11:41:17.985018"}
{"op_code":8,"worker_id":"041dda16-dcb0-4c70-afd2-8bd7d9880d31-19176","trial_id":48,"user_attr":{"pruned_reasons":["M3 (Hit Rate < 60%)","M5 (Monotonicity <= 0.25)","Side-specific Yearly Tail IC Mean (-0.0802 <= 0)","Side-specific Hit Rate (25.00% < 50%)"]}}
{"op_code":8,"worker_id":"00ddef0e-86f8-4aec-b8be-4df3fda315cf-22852","trial_id":9,"user_attr":{"gini":0.46958826783407526}}
{"op_code":5,"worker_id":"b83b4e3e-a5c4-40f3-b43d-9c4a74ebc288-27064","trial_id":53,"param_name":"k_weight","param_value_internal":1.3376497290895464,"distribution":"{\"name\": \"FloatDistribution\", \"attributes\": {\"step\": null, \"low\": 0.0, \"high\": 1.5, \"log\": false}}"}
{"op_code":8,"worker_id":"00ddef0e-86f8-4aec-b8be-4df3fda315cf-22852","trial_id":9,"user_attr":{"cv_is_ics":[0.1726076304912567,0.1574842631816864,0.14370915293693542,0.1926954984664917,0.2013854682445526,0.19480475783348083,0.2094501256942749,0.20095719397068024,0.22222599387168884,0.19618560373783112,0.18446306884288788,0.18018415570259094,0.15343546867370605,0.1801212877035141,0.22595135867595673]}}
{"op_code":8,"worker_id":"3017f491-ef72-4db9-9a79-aed0ddb6cc53-7108","trial_id":46,"user_attr":{"constraints":[-0.09376053339345422,-0.22818883568244647,0.09999999999999998,-0.004545454545454575,-0.2877864836032192,-22.0,-6.0,-0.08502134638465243,-0.25,-1363.7717209040973,-0.07812499999999994,-0.023214285714285687]}}
{"op_code":8,"worker_id":"3017f491-ef72-4db9-9a79-aed0ddb6cc53-7108","trial_id":46,"user_attr":{"pruned_reasons":["M3 (Hit Rate < 60%)"]}}
{"op_code":5,"worker_id":"b83b4e3e-a5c4-40f3-b43d-9c4a74ebc288-27064","trial_id":53,"param_name":"unified_alpha","param_value_internal":0.0843201344775446,"distribution":"{\"name\": \"FloatDistribution\", \"attributes\": {\"step\": null, \"low\": 1e-05, \"high\": 10.0, \"log\": true}}"}
{"op_code":8,"worker_id":"c679c526-e22c-4821-b3b8-d95a590e178f-3216","trial_id":41,"user_attr":{"cv_oos_ics":[0.03646298125386238,0.13107500970363617,0.1478509157896042,0.054451100528240204,0.07908318936824799,0.024302273988723755,0.06450710445642471,0.040099307894706726,0.0006367401219904423,0.09161357581615448,0.08706018328666687,0.0775107890367508,0.10302353650331497,0.11741305142641068,0.04134325683116913]}}
{"op_code":8,"worker_id":"3017f491-ef72-4db9-9a79-aed0ddb6cc53-7108","trial_id":46,"user_attr":{"gini":0.41025720818919353}}
{"op_code":8,"worker_id":"041dda16-dcb0-4c70-afd2-8bd7d9880d31-19176","trial_id":48,"user_attr":{"gini":0.42430942102157787}}
{"op_code":8,"worker_id":"c679c526-e22c-4821-b3b8-d95a590e178f-3216","trial_id":41,"user_attr":{"reg_kappa":3.0066577561537886}}
{"op_code":5,"worker_id":"b83b4e3e-a5c4-40f3-b43d-9c4a74ebc288-27064","trial_id":53,"param_name":"unified_rho","param_value_internal":0.14795405618806334,"distribution":"{\"name\": \"FloatDistribution\", \"attributes\": {\"step\": null, \"low\": 0.0, \"high\": 1.0, \"log\": false}}"}
{"op_code":8,"worker_id":"3017f491-ef72-4db9-9a79-aed0ddb6cc53-7108","trial_id":46,"user_attr":{"cv_is_ics":[0.17179355025291443,0.1245776042342186,0.1315717250108719,0.17800067365169525,0.1817108541727066,0.1772238314151764,0.18505442142486572,0.1933395117521286,0.2111721932888031,0.17961761355400085,0.16281893849372864,0.15955646336078644,0.14589974284172058,0.16040246188640594,0.2015945315361023]}}
{"op_code":5,"worker_id":"b83b4e3e-a5c4-40f3-b43d-9c4a74ebc288-27064","trial_id":53,"param_name":"unified_gamma","param_value_internal":1.5034439590686648,"distribution":"{\"name\": \"FloatDistribution\", \"attributes\": {\"step\": null, \"low\": 1.5, \"high\": 10000.0, \"log\": true}}"}
{"op_code":8,"worker_id":"3017f491-ef72-4db9-9a79-aed0ddb6cc53-7108","trial_id":46,"user_attr":{"cv_oos_ics":[0.03852655738592148,0.1259046494960785,0.13212284445762634,0.026535281911492348,0.06998665630817413,0.021027013659477234,0.06301373988389969,0.03417446091771126,-0.0036052721552550793,0.06497596204280853,0.06296941637992859,0.08572560548782349,0.08854097127914429,0.10980582982301712,0.03251677379012108]}}
{"op_code":8,"worker_id":"3017f491-ef72-4db9-9a79-aed0ddb6cc53-7108","trial_id":46,"user_attr":{"reg_kappa":2.886299115433878}}
{"op_code":8,"worker_id":"3017f491-ef72-4db9-9a79-aed0ddb6cc53-7108","trial_id":46,"user_attr":{"raw_metrics":[0.6414592768690113,0.22818883568244647,0.5,0.09376053339345422,0.2545454545454546,0.2877864836032192,-0.3254665684407417,-0.32870936393737793,0.528125]}}
{"op_code":5,"worker_id":"b83b4e3e-a5c4-40f3-b43d-9c4a74ebc288-27064","trial_id":53,"param_name":"huber_delta","param_value_internal":1.886231013212113,"distribution":"{\"name\": \"FloatDistribution\", \"attributes\": {\"step\": null, \"low\": 0.5, \"high\": 5.0, \"log\": false}}"}
{"op_code":8,"worker_id":"3017f491-ef72-4db9-9a79-aed0ddb6cc53-7108","trial_id":46,"user_attr":{"val_metrics":[0.17515893353056303,0.027653456901027273,0.8666666666666667,0.8742761076630458,-1.3792356717264527]}}
{"op_code":8,"worker_id":"4e946209-37d2-441b-93b8-3684aab8b31f-29612","trial_id":49,"user_attr":{"constraints":[-0.08737251826436312,-0.20284658350767773,0.09999999999999998,-0.07121212121212123,-0.21474262420088053,-21.0,-7.0,0.014816602316602298,0.0,-1363.7052850167931,-0.02812500000000001,-0.0658730158730158]}}
{"op_code":8,"worker_id":"4e946209-37d2-441b-93b8-3684aab8b31f-29612","trial_id":49,"user_attr":{"pruned_reasons":["M3 (Hit Rate < 60%)","Side-specific Yearly Tail IC Mean (-0.0148 <= 0)"]}}
{"op_code":8,"worker_id":"3017f491-ef72-4db9-9a79-aed0ddb6cc53-7108","trial_id":46,"user_attr":{"deflated_objective":0.7598464316971087}}
{"op_code":9,"worker_id":"3017f491-ef72-4db9-9a79-aed0ddb6cc53-7108","trial_id":46,"system_attr":{"constraints":[-0.09376053339345422,-0.22818883568244647,0.09999999999999998,-0.004545454545454575,-0.2877864836032192,-22.0,-6.0,-0.08502134638465243,-0.25,-1363.7717209040973,-0.07812499999999994,-0.023214285714285687]}}
{"op_code":8,"worker_id":"a68de0ee-d674-4bbb-800d-4185fa09c980-24340","trial_id":50,"user_attr":{"constraints":[-0.0866565331191179,-0.20680880669482493,0.09999999999999998,-0.05606060606060603,-0.22360692082593842,-21.0,-6.0,0.01764800514800513,0.0,-1367.433682317299,-0.02812500000000001,-0.0658730158730158]}}
{"op_code":8,"worker_id":"4e946209-37d2-441b-93b8-3684aab8b31f-29612","trial_id":49,"user_attr":{"gini":0.3649026964974016}}
{"op_code":8,"worker_id":"4e946209-37d2-441b-93b8-3684aab8b31f-29612","trial_id":49,"user_attr":{"cv_is_ics":[0.16972599923610687,0.12634959816932678,0.13053898513317108,0.18374615907669067,0.18297120928764343,0.1797117441892624,0.18819953501224518,0.19813953340053558,0.2146095335483551,0.18381087481975555,0.16639916598796844,0.16523490846157074,0.15024225413799286,0.16638103127479553,0.2053147852420807]}}
{"op_code":6,"worker_id":"3017f491-ef72-4db9-9a79-aed0ddb6cc53-7108","trial_id":46,"state":1,"values":[2.139299611669794],"datetime_complete":"2026-07-14T11:41:18.548049"}
{"op_code":8,"worker_id":"a68de0ee-d674-4bbb-800d-4185fa09c980-24340","trial_id":50,"user_attr":{"pruned_reasons":["M3 (Hit Rate < 60%)","Side-specific Yearly Tail IC Mean (-0.0176 <= 0)"]}}
{"op_code":8,"worker_id":"a68de0ee-d674-4bbb-800d-4185fa09c980-24340","trial_id":50,"user_attr":{"gini":0.4049909592759131}}
{"op_code":8,"worker_id":"a68de0ee-d674-4bbb-800d-4185fa09c980-24340","trial_id":50,"user_attr":{"cv_is_ics":[0.16831892728805542,0.1256299763917923,0.13108357787132263,0.18338656425476074,0.18373118340969086,0.1776556670665741,0.18785999715328217,0.1989319622516632,0.214332714676857,0.18370425701141357,0.16525353491306305,0.16548281908035278,0.1522543579339981,0.16086864471435547,0.20587356388568878]}}
{"op_code":4,"worker_id":"3017f491-ef72-4db9-9a79-aed0ddb6cc53-7108","study_id":0,"datetime_start":"2026-07-14T11:41:18.554205"}
{"op_code":8,"worker_id":"041dda16-dcb0-4c70-afd2-8bd7d9880d31-19176","trial_id":48,"user_attr":{"cv_is_ics":[0.17478066682815552,0.1375974714756012,0.135456845164299,0.18691754341125488,0.19039402902126312,0.18427062034606934,0.19765880703926086,0.20219485461711884,0.22083260118961334,0.19366398453712463,0.17000256478786469,0.1739654690027237,0.15362662076950073,0.17377330362796783,0.21241745352745056]}}
{"op_code":8,"worker_id":"4e946209-37d2-441b-93b8-3684aab8b31f-29612","trial_id":49,"user_attr":{"cv_oos_ics":[0.031151095405220985,0.12599772214889526,0.12066908180713654,0.017628956586122513,0.0686148926615715,0.01829523965716362,0.05939670279622078,0.030934320762753487,0.006433546077460051,0.05420839041471481,0.06052934005856514,0.08888386189937592,0.08594711124897003,0.11410750448703766,0.0059265573509037495]}}
{"op_code":8,"worker_id":"041dda16-dcb0-4c70-afd2-8bd7d9880d31-19176","trial_id":48,"user_attr":{"cv_oos_ics":[0.03573870658874512,0.13715417683124542,0.12954950332641602,0.015683580189943314,0.06313350796699524,0.036219123750925064,0.06219932436943054,0.03221013396978378,0.0019157988717779517,0.04661085084080696,0.05913877114653587,0.08103085309267044,0.08168617635965347,0.10639270395040512,0.006004653871059418]}}
{"op_code":8,"worker_id":"041dda16-dcb0-4c70-afd2-8bd7d9880d31-19176","trial_id":48,"user_attr":{"reg_kappa":2.99830480305819}}
{"op_code":5,"worker_id":"3017f491-ef72-4db9-9a79-aed0ddb6cc53-7108","trial_id":54,"param_name":"k_weight","param_value_internal":1.40434903337187,"distribution":"{\"name\": \"FloatDistribution\", \"attributes\": {\"step\": null, \"low\": 0.0, \"high\": 1.5, \"log\": false}}"}
{"op_code":5,"worker_id":"d0437bd6-7c66-4694-84f3-0b4c00a03da0-8896","trial_id":52,"param_name":"unified_rho","param_value_internal":0.14598286302295582,"distribution":"{\"name\": \"FloatDistribution\", \"attributes\": {\"step\": null, \"low\": 0.0, \"high\": 1.0, \"log\": false}}"}
{"op_code":5,"worker_id":"3017f491-ef72-4db9-9a79-aed0ddb6cc53-7108","trial_id":54,"param_name":"unified_alpha","param_value_internal":0.05648694686834272,"distribution":"{\"name\": \"FloatDistribution\", \"attributes\": {\"step\": null, \"low\": 1e-05, \"high\": 10.0, \"log\": true}}"}
{"op_code":5,"worker_id":"d0437bd6-7c66-4694-84f3-0b4c00a03da0-8896","trial_id":52,"param_name":"unified_gamma","param_value_internal":1.5263112211565784,"distribution":"{\"name\": \"FloatDistribution\", \"attributes\": {\"step\": null, \"low\": 1.5, \"high\": 10000.0, \"log\": true}}"}
{"op_code":8,"worker_id":"4e946209-37d2-441b-93b8-3684aab8b31f-29612","trial_id":49,"user_attr":{"reg_kappa":3.101508196097494}}
{"op_code":5,"worker_id":"3017f491-ef72-4db9-9a79-aed0ddb6cc53-7108","trial_id":54,"param_name":"unified_rho","param_value_internal":0.09931662802814656,"distribution":"{\"name\": \"FloatDistribution\", \"attributes\": {\"step\": null, \"low\": 0.0, \"high\": 1.0, \"log\": false}}"}
{"op_code":5,"worker_id":"d0437bd6-7c66-4694-84f3-0b4c00a03da0-8896","trial_id":52,"param_name":"huber_delta","param_value_internal":1.8964161494114338,"distribution":"{\"name\": \"FloatDistribution\", \"attributes\": {\"step\": null, \"low\": 0.5, \"high\": 5.0, \"log\": false}}"}
{"op_code":8,"worker_id":"00ddef0e-86f8-4aec-b8be-4df3fda315cf-22852","trial_id":9,"user_attr":{"cv_oos_ics":[0.07080817222595215,0.12765023112297058,0.09706077724695206,0.03213106840848923,0.04947980120778084,0.06456167995929718,0.03638739883899689,0.030091214925050735,0.019854499027132988,0.005008448846638203,0.09984070062637329,0.08024586737155914,0.056895915418863297,0.09180542081594467,-0.016466379165649414]}}
{"op_code":8,"worker_id":"b83b4e3e-a5c4-40f3-b43d-9c4a74ebc288-27064","trial_id":53,"user_attr":{"constraints":[-0.08621795036779181,-0.20428492480164212,0.09999999999999998,-0.04999999999999999,-0.21682192853341503,-22.0,-6.0,-0.12783140283140282,-0.25,-1363.7801360813244,-0.02812500000000001,-0.030158730158730163]}}
{"op_code":8,"worker_id":"00ddef0e-86f8-4aec-b8be-4df3fda315cf-22852","trial_id":9,"user_attr":{"reg_kappa":3.304361185405197}}
{"op_code":5,"worker_id":"3017f491-ef72-4db9-9a79-aed0ddb6cc53-7108","trial_id":54,"param_name":"unified_gamma","param_value_internal":4.054936139079908,"distribution":"{\"name\": \"FloatDistribution\", \"attributes\": {\"step\": null, \"low\": 1.5, \"high\": 10000.0, \"log\": true}}"}
{"op_code":8,"worker_id":"00ddef0e-86f8-4aec-b8be-4df3fda315cf-22852","trial_id":9,"user_attr":{"raw_metrics":[0.5366199643852781,0.17040645405830473,0.5,0.08005251900943913,0.2696969696969697,0.28548065898319086,-0.2274927428891662,-0.3411412835121155,0.509375]}}
{"op_code":8,"worker_id":"b83b4e3e-a5c4-40f3-b43d-9c4a74ebc288-27064","trial_id":53,"user_attr":{"pruned_reasons":["M3 (Hit Rate < 60%)"]}}
{"op_code":8,"worker_id":"b83b4e3e-a5c4-40f3-b43d-9c4a74ebc288-27064","trial_id":53,"user_attr":{"gini":0.40590767478203094}}
{"op_code":5,"worker_id":"3017f491-ef72-4db9-9a79-aed0ddb6cc53-7108","trial_id":54,"param_name":"huber_delta","param_value_internal":1.8597316976254756,"distribution":"{\"name\": \"FloatDistribution\", \"attributes\": {\"step\": null, \"low\": 0.5, \"high\": 5.0, \"log\": false}}"}
{"op_code":8,"worker_id":"b83b4e3e-a5c4-40f3-b43d-9c4a74ebc288-27064","trial_id":53,"user_attr":{"cv_is_ics":[0.17044930160045624,0.12735769152641296,0.13111820816993713,0.18389646708965302,0.1839151680469513,0.17826351523399353,0.19040827453136444,0.19720813632011414,0.21407198905944824,0.18239423632621765,0.16568118333816528,0.16774073243141174,0.15119285881519318,0.16218431293964386,0.20586928725242615]}}
{"op_code":8,"worker_id":"b83b4e3e-a5c4-40f3-b43d-9c4a74ebc288-27064","trial_id":53,"user_attr":{"cv_oos_ics":[0.028388330712914467,0.12634488940238953,0.1202547624707222,0.02372565306723118,0.06432398408651352,0.019106483086943626,0.05956083536148071,0.03202207013964653,0.005733052268624306,0.05796732008457184,0.0575067400932312,0.08379144221544266,0.08765563368797302,0.11052384227514267,0.02003968507051468]}}
{"op_code":8,"worker_id":"b83b4e3e-a5c4-40f3-b43d-9c4a74ebc288-27064","trial_id":53,"user_attr":{"reg_kappa":3.0384826930895805}}
{"op_code":8,"worker_id":"b83b4e3e-a5c4-40f3-b43d-9c4a74ebc288-27064","trial_id":53,"user_attr":{"raw_metrics":[0.6265736649146024,0.20428492480164212,0.5,0.08621795036779181,0.3,0.21682192853341503,-0.3259813040161061,-0.33911359310150146,0.478125]}}
{"op_code":8,"worker_id":"b83b4e3e-a5c4-40f3-b43d-9c4a74ebc288-27064","trial_id":53,"user_attr":{"val_metrics":[0.17390012538827632,0.02270509513035518,0.6727272727272727,0.8742761076630458,-0.6588650675776337]}}
{"op_code":8,"worker_id":"041dda16-dcb0-4c70-afd2-8bd7d9880d31-19176","trial_id":48,"user_attr":{"raw_metrics":[0.5809301553076051,0.2081381005013224,0.5,0.08394051204750765,0.24242424242424238,0.28392469298094514,-0.24739778740934232,-0.29256051778793335,0.5083333333333333]}}
{"op_code":8,"worker_id":"b83b4e3e-a5c4-40f3-b43d-9c4a74ebc288-27064","trial_id":53,"user_attr":{"deflated_objective":1.037523080454553}}
{"op_code":8,"worker_id":"00ddef0e-86f8-4aec-b8be-4df3fda315cf-22852","trial_id":9,"user_attr":{"val_metrics":[0.16023036560012718,0.10091901659373001,0.6363636363636364,0.834938763735303,-0.9660664477093213]}}
{"op_code":8,"worker_id":"84e6c97d-7a0f-4cbd-9735-6311a99b9d91-24364","trial_id":15,"user_attr":{"deflated_objective":1.6621909288078853}}
{"op_code":9,"worker_id":"b83b4e3e-a5c4-40f3-b43d-9c4a74ebc288-27064","trial_id":53,"system_attr":{"constraints":[-0.08621795036779181,-0.20428492480164212,0.09999999999999998,-0.04999999999999999,-0.21682192853341503,-22.0,-6.0,-0.12783140283140282,-0.25,-1363.7801360813244,-0.02812500000000001,-0.030158730158730163]}}
{"op_code":8,"worker_id":"00ddef0e-86f8-4aec-b8be-4df3fda315cf-22852","trial_id":9,"user_attr":{"deflated_objective":0.9446196551623505}}
{"op_code":9,"worker_id":"84e6c97d-7a0f-4cbd-9735-6311a99b9d91-24364","trial_id":15,"system_attr":{"constraints":[-0.06639244002938184,-0.23336573507546152,0.09999999999999998,0.1015151515151515,-0.2324927895888686,-53.0,-8.0,-0.056370656370656386,0.25,-1312.4959144695092,-0.07395833333333329,-0.06488095238095232]}}
{"op_code":6,"worker_id":"84e6c97d-7a0f-4cbd-9735-6311a99b9d91-24364","trial_id":15,"state":1,"values":[1.8236107751609747],"datetime_complete":"2026-07-14T11:41:18.610321"}
{"op_code":9,"worker_id":"00ddef0e-86f8-4aec-b8be-4df3fda315cf-22852","trial_id":9,"system_attr":{"constraints":[-0.08005251900943913,-0.17040645405830473,0.09999999999999998,-0.019696969696969713,-0.28548065898319086,-44.0,-8.0,-0.046476833976834,0.25,-1321.3829290062451,-0.05937500000000001,-0.06488095238095232]}}
{"op_code":6,"worker_id":"00ddef0e-86f8-4aec-b8be-4df3fda315cf-22852","trial_id":9,"state":1,"values":[2.3093503653133753],"datetime_complete":"2026-07-14T11:41:18.615007"}
{"op_code":8,"worker_id":"1a2e4ed9-4907-4bf1-a40d-845a6a9cf9fa-30084","trial_id":32,"user_attr":{"reg_kappa":1.291977504414111}}
{"op_code":8,"worker_id":"041dda16-dcb0-4c70-afd2-8bd7d9880d31-19176","trial_id":48,"user_attr":{"val_metrics":[0.17118955631932306,0.054111121770733545,0.5878787878787879,0.8343934555254553,-0.4126816991618951]}}
{"op_code":8,"worker_id":"bb7db526-ee20-4f72-b210-7224fb23336f-11668","trial_id":34,"user_attr":{"pruned_reasons":["M3 (Hit Rate < 60%)","Active features count (2) is less than active feature floor (5)","Side-specific Yearly Tail IC Mean (-0.2173 <= 0)","Side-specific Hit Rate (25.00% < 50%)"]}}
{"op_code":8,"worker_id":"1a2e4ed9-4907-4bf1-a40d-845a6a9cf9fa-30084","trial_id":32,"user_attr":{"raw_metrics":[-0.9000008436994557,-0.10978051828188551,0.0,-0.03816573695443512,-0.20909090909090908,-0.21921674251245954,-0.0,-0.0,0.40208333333333335]}}
{"op_code":8,"worker_id":"bb7db526-ee20-4f72-b210-7224fb23336f-11668","trial_id":34,"user_attr":{"gini":0.8989557178933978}}
{"op_code":8,"worker_id":"a68de0ee-d674-4bbb-800d-4185fa09c980-24340","trial_id":50,"user_attr":{"cv_oos_ics":[0.0277174673974514,0.12660303711891174,0.11804314702749252,0.02117983251810074,0.06888601183891296,0.01646236889064312,0.05832725763320923,0.03108333796262741,0.007153165992349386,0.05365296080708504,0.05775536969304085,0.08665402978658676,0.0893123522400856,0.11114701628684998,0.007762618828564882]}}
{"op_code":8,"worker_id":"bb7db526-ee20-4f72-b210-7224fb23336f-11668","trial_id":34,"user_attr":{"cv_is_ics":[0.139284148812294,0.10710809379816055,0.07204870134592056,0.15594595670700073,0.16929404437541962,0.1589750051498413,0.14091673493385315,0.15091365575790405,0.18041062355041504,0.12628400325775146,0.15079942345619202,0.16076184809207916,0.08690425753593445,0.12645073235034943,0.16403047740459442]}}
{"op_code":8,"worker_id":"bb7db526-ee20-4f72-b210-7224fb23336f-11668","trial_id":34,"user_attr":{"cv_oos_ics":[0.030807165428996086,0.08424557000398636,0.0926399827003479,0.11373867094516754,0.10236109048128128,0.09355451166629791,-0.00258748815394938,0.06105422228574753,0.02315853349864483,0.08840610086917877,0.1055830866098404,0.08653130382299423,0.1254197508096695,0.1426660567522049,0.014761687256395817]}}
{"op_code":8,"worker_id":"3017f491-ef72-4db9-9a79-aed0ddb6cc53-7108","trial_id":54,"user_attr":{"constraints":[-0.08331615576683721,-0.18503549388807747,0.09999999999999998,-0.028787878787878807,-0.20997066705177228,-19.0,-7.0,0.02181467181467181,0.0,-1370.2778896988623,-0.02291666666666664,-0.058928571428571386]}}
{"op_code":9,"worker_id":"fbf2c902-cfa6-4660-ba44-79ebb5a81306-14384","trial_id":42,"system_attr":{"constraints":[-0.0962617968678006,-0.2682643850576981,0.09999999999999998,-0.06818181818181818,-0.2849688212542484,-22.0,-7.0,-0.009522652021926814,0.0,-1361.6520739559458,-0.07812499999999994,-0.058928571428571386]}}
{"op_code":8,"worker_id":"3017f491-ef72-4db9-9a79-aed0ddb6cc53-7108","trial_id":54,"user_attr":{"pruned_reasons":["M3 (Hit Rate < 60%)","Side-specific Yearly Tail IC Mean (-0.0218 <= 0)"]}}
{"op_code":6,"worker_id":"fbf2c902-cfa6-4660-ba44-79ebb5a81306-14384","trial_id":42,"state":1,"values":[2.1415308315621986],"datetime_complete":"2026-07-14T11:41:18.636543"}
{"op_code":8,"worker_id":"3017f491-ef72-4db9-9a79-aed0ddb6cc53-7108","trial_id":54,"user_attr":{"gini":0.38315527368601954}}
{"op_code":8,"worker_id":"d0437bd6-7c66-4694-84f3-0b4c00a03da0-8896","trial_id":52,"user_attr":{"constraints":[-0.0835003652129005,-0.2060760667903525,0.09999999999999998,-0.04999999999999999,-0.22360692082593842,-22.0,-6.0,0.01668275418275418,0.0,-1364.4178351768292,-0.02812500000000001,-0.0658730158730158]}}
{"op_code":8,"worker_id":"3017f491-ef72-4db9-9a79-aed0ddb6cc53-7108","trial_id":54,"user_attr":{"cv_is_ics":[0.16768471896648407,0.12551644444465637,0.13099342584609985,0.18427373468875885,0.1827719807624817,0.17825236916542053,0.18947312235832214,0.19908078014850616,0.21386326849460602,0.18364356458187103,0.16631066799163818,0.16516976058483124,0.14991572499275208,0.16383828222751617,0.207161083817482]}}
{"op_code":8,"worker_id":"3017f491-ef72-4db9-9a79-aed0ddb6cc53-7108","trial_id":54,"user_attr":{"cv_oos_ics":[0.02869422547519207,0.12592488527297974,0.11764016002416611,0.019482890143990517,0.06752315163612366,0.015349894762039185,0.057094473391771317,0.028659211471676826,0.0083246398717165,0.0521819032728672,0.05515990033745766,0.08426322788000107,0.08214437961578369,0.11184749007225037,0.009699090383946896]}}
{"op_code":8,"worker_id":"a68de0ee-d674-4bbb-800d-4185fa09c980-24340","trial_id":50,"user_attr":{"reg_kappa":3.114279871421683}}
{"op_code":8,"worker_id":"d0437bd6-7c66-4694-84f3-0b4c00a03da0-8896","trial_id":52,"user_attr":{"pruned_reasons":["M3 (Hit Rate < 60%)","Side-specific Yearly Tail IC Mean (-0.0167 <= 0)"]}}
{"op_code":4,"worker_id":"0acd7fec-bf28-4d89-be1a-835718b3b9dd-14384","study_id":0,"datetime_start":"2026-07-14T11:41:18.647818"}
{"op_code":8,"worker_id":"3017f491-ef72-4db9-9a79-aed0ddb6cc53-7108","trial_id":54,"user_attr":{"reg_kappa":3.1474032698877425}}
{"op_code":8,"worker_id":"a68de0ee-d674-4bbb-800d-4185fa09c980-24340","trial_id":50,"user_attr":{"raw_metrics":[0.638461992510682,0.20680880669482493,0.5,0.0866565331191179,0.30606060606060603,0.22360692082593842,-0.3378512024094469,-0.3543449640274048,0.478125]}}
{"op_code":8,"worker_id":"a68de0ee-d674-4bbb-800d-4185fa09c980-24340","trial_id":50,"user_attr":{"val_metrics":[0.17446931412579772,0.02265947973490956,0.7090909090909091,0.8742761076630458,-0.5745509443272194]}}
{"op_code":5,"worker_id":"0acd7fec-bf28-4d89-be1a-835718b3b9dd-14384","trial_id":55,"param_name":"k_weight","param_value_internal":1.0404185188309725,"distribution":"{\"name\": \"FloatDistribution\", \"attributes\": {\"step\": null, \"low\": 0.0, \"high\": 1.5, \"log\": false}}"}
{"op_code":8,"worker_id":"d0437bd6-7c66-4694-84f3-0b4c00a03da0-8896","trial_id":52,"user_attr":{"gini":0.40593426389437215}}
{"op_code":8,"worker_id":"a68de0ee-d674-4bbb-800d-4185fa09c980-24340","trial_id":50,"user_attr":{"deflated_objective":1.121026931701348}}
{"op_code":8,"worker_id":"3017f491-ef72-4db9-9a79-aed0ddb6cc53-7108","trial_id":54,"user_attr":{"raw_metrics":[0.5699356097587861,0.18503549388807747,0.5,0.08331615576683721,0.2787878787878788,0.20997066705177228,-0.37842759363058265,-0.36005228757858276,0.47291666666666665]}}
{"op_code":8,"worker_id":"3017f491-ef72-4db9-9a79-aed0ddb6cc53-7108","trial_id":54,"user_attr":{"val_metrics":[0.1749000515487869,0.03437109725963744,0.6121212121212121,0.8742761076630458,-0.5443418967685085]}}
{"op_code":8,"worker_id":"d0437bd6-7c66-4694-84f3-0b4c00a03da0-8896","trial_id":52,"user_attr":{"cv_is_ics":[0.16901792585849762,0.12683138251304626,0.13100947439670563,0.1847826987504959,0.1844424158334732,0.17842496931552887,0.19043754041194916,0.1987813115119934,0.21444690227508545,0.1848551630973816,0.16593234241008759,0.16795030236244202,0.1521710306406021,0.16557526588439941,0.20740249752998352]}}
{"op_code":9,"worker_id":"a68de0ee-d674-4bbb-800d-4185fa09c980-24340","trial_id":50,"system_attr":{"constraints":[-0.0866565331191179,-0.20680880669482493,0.09999999999999998,-0.05606060606060603,-0.22360692082593842,-21.0,-6.0,0.01764800514800513,0.0,-1367.433682317299,-0.02812500000000001,-0.0658730158730158]}}
{"op_code":6,"worker_id":"a68de0ee-d674-4bbb-800d-4185fa09c980-24340","trial_id":50,"state":1,"values":[2.4433493740345833],"datetime_complete":"2026-07-14T11:41:18.669136"}
{"op_code":5,"worker_id":"0acd7fec-bf28-4d89-be1a-835718b3b9dd-14384","trial_id":55,"param_name":"unified_alpha","param_value_internal":0.04443196652435032,"distribution":"{\"name\": \"FloatDistribution\", \"attributes\": {\"step\": null, \"low\": 1e-05, \"high\": 10.0, \"log\": true}}"}
{"op_code":4,"worker_id":"a68de0ee-d674-4bbb-800d-4185fa09c980-24340","study_id":0,"datetime_start":"2026-07-14T11:41:18.671588"}
{"op_code":5,"worker_id":"0acd7fec-bf28-4d89-be1a-835718b3b9dd-14384","trial_id":55,"param_name":"unified_rho","param_value_internal":0.7566712545737132,"distribution":"{\"name\": \"FloatDistribution\", \"attributes\": {\"step\": null, \"low\": 0.0, \"high\": 1.0, \"log\": false}}"}
{"op_code":5,"worker_id":"a68de0ee-d674-4bbb-800d-4185fa09c980-24340","trial_id":56,"param_name":"k_weight","param_value_internal":1.0055637663097878,"distribution":"{\"name\": \"FloatDistribution\", \"attributes\": {\"step\": null, \"low\": 0.0, \"high\": 1.5, \"log\": false}}"}
{"op_code":5,"worker_id":"0acd7fec-bf28-4d89-be1a-835718b3b9dd-14384","trial_id":55,"param_name":"unified_gamma","param_value_internal":6.3064704182598375,"distribution":"{\"name\": \"FloatDistribution\", \"attributes\": {\"step\": null, \"low\": 1.5, \"high\": 10000.0, \"log\": true}}"}
{"op_code":5,"worker_id":"a68de0ee-d674-4bbb-800d-4185fa09c980-24340","trial_id":56,"param_name":"unified_alpha","param_value_internal":0.00075223927713619,"distribution":"{\"name\": \"FloatDistribution\", \"attributes\": {\"step\": null, \"low\": 1e-05, \"high\": 10.0, \"log\": true}}"}
{"op_code":9,"worker_id":"c7b6ca97-15a0-42a9-9886-1566aa4f10b8-27448","trial_id":43,"system_attr":{"constraints":[-0.0929806501188211,-0.2849090119606837,0.09999999999999998,0.05606060606060606,-0.2749712200866391,-20.0,-8.0,-0.0893983268983269,-0.25,-1362.8209899747658,-0.09374999999999994,-0.07281746031746034]}}
{"op_code":5,"worker_id":"a68de0ee-d674-4bbb-800d-4185fa09c980-24340","trial_id":56,"param_name":"unified_rho","param_value_internal":0.7172191078489886,"distribution":"{\"name\": \"FloatDistribution\", \"attributes\": {\"step\": null, \"low\": 0.0, \"high\": 1.0, \"log\": false}}"}
{"op_code":8,"worker_id":"b45c285c-19b1-4ce8-afe8-169028b8b772-20880","trial_id":45,"user_attr":{"cv_oos_ics":[0.036306798458099365,0.12652373313903809,0.1326674520969391,0.025784321129322052,0.07166757434606552,0.020195050165057182,0.05909864231944084,0.03420792892575264,0.005258883815258741,0.06082496419548988,0.0594949796795845,0.08268529176712036,0.09808126091957092,0.11021703481674194,0.018683359026908875]}}
{"op_code":5,"worker_id":"a68de0ee-d674-4bbb-800d-4185fa09c980-24340","trial_id":56,"param_name":"unified_gamma","param_value_internal":4.319015430342086,"distribution":"{\"name\": \"FloatDistribution\", \"attributes\": {\"step\": null, \"low\": 1.5, \"high\": 10000.0, \"log\": true}}"}
{"op_code":8,"worker_id":"3017f491-ef72-4db9-9a79-aed0ddb6cc53-7108","trial_id":54,"user_attr":{"deflated_objective":1.1278832748598433}}
{"op_code":5,"worker_id":"ae2f4fb4-f111-4391-8650-32442f88661f-16052","trial_id":47,"param_name":"huber_delta","param_value_internal":1.802489150735356,"distribution":"{\"name\": \"FloatDistribution\", \"attributes\": {\"step\": null, \"low\": 0.5, \"high\": 5.0, \"log\": false}}"}
{"op_code":9,"worker_id":"3017f491-ef72-4db9-9a79-aed0ddb6cc53-7108","trial_id":54,"system_attr":{"constraints":[-0.08331615576683721,-0.18503549388807747,0.09999999999999998,-0.028787878787878807,-0.20997066705177228,-19.0,-7.0,0.02181467181467181,0.0,-1370.2778896988623,-0.02291666666666664,-0.058928571428571386]}}
{"op_code":8,"worker_id":"b45c285c-19b1-4ce8-afe8-169028b8b772-20880","trial_id":45,"user_attr":{"reg_kappa":3.0150824508231673}}
{"op_code":6,"worker_id":"3017f491-ef72-4db9-9a79-aed0ddb6cc53-7108","trial_id":54,"state":1,"values":[2.450463744112576],"datetime_complete":"2026-07-14T11:41:18.690792"}
{"op_code":8,"worker_id":"b45c285c-19b1-4ce8-afe8-169028b8b772-20880","trial_id":45,"user_attr":{"raw_metrics":[0.6571371663672335,0.257852899380255,0.5,0.09516057925685842,0.3696969696969697,0.299341137924542,-0.34415498597441696,-0.3408925533294678,0.5333333333333333]}}
{"op_code":8,"worker_id":"b45c285c-19b1-4ce8-afe8-169028b8b772-20880","trial_id":45,"user_attr":{"val_metrics":[0.17836968544376292,0.059336452884088814,0.7454545454545455,0.9126500883342131,-1.4848888676654597]}}
{"op_code":5,"worker_id":"0acd7fec-bf28-4d89-be1a-835718b3b9dd-14384","trial_id":55,"param_name":"huber_delta","param_value_internal":2.134306294127708,"distribution":"{\"name\": \"FloatDistribution\", \"attributes\": {\"step\": null, \"low\": 0.5, \"high\": 5.0, \"log\": false}}"}
{"op_code":4,"worker_id":"2b5a522d-7f40-4ed1-b402-d678cc05fa53-24364","study_id":0,"datetime_start":"2026-07-14T11:41:18.698677"}
{"op_code":8,"worker_id":"bb7db526-ee20-4f72-b210-7224fb23336f-11668","trial_id":34,"user_attr":{"reg_kappa":2.9235930689836276}}
{"op_code":8,"worker_id":"b45c285c-19b1-4ce8-afe8-169028b8b772-20880","trial_id":45,"user_attr":{"deflated_objective":0.814486787110432}}
{"op_code":8,"worker_id":"bb7db526-ee20-4f72-b210-7224fb23336f-11668","trial_id":34,"user_attr":{"raw_metrics":[0.36148531127814204,0.10688939211454915,0.25,0.11022517700821954,0.5181818181818182,0.16672289626983305,-0.05577572263288713,-0.06267578899860382,0.46354166666666663]}}
{"op_code":9,"worker_id":"b45c285c-19b1-4ce8-afe8-169028b8b772-20880","trial_id":45,"system_attr":{"constraints":[-0.09516057925685842,-0.257852899380255,0.09999999999999998,-0.11969696969696969,-0.299341137924542,-22.0,-7.0,0.012194825871339562,0.0,-1360.5400628128486,-0.08333333333333331,-0.058928571428571386]}}
{"op_code":4,"worker_id":"f4043021-8b1e-434e-b6bf-06efcba2ce90-22852","study_id":0,"datetime_start":"2026-07-14T11:41:18.704223"}
{"op_code":5,"worker_id":"2b5a522d-7f40-4ed1-b402-d678cc05fa53-24364","trial_id":57,"param_name":"k_weight","param_value_internal":1.0214758383048839,"distribution":"{\"name\": \"FloatDistribution\", \"attributes\": {\"step\": null, \"low\": 0.0, \"high\": 1.5, \"log\": false}}"}
{"op_code":5,"worker_id":"f4043021-8b1e-434e-b6bf-06efcba2ce90-22852","trial_id":58,"param_name":"k_weight","param_value_internal":1.0358859326929568,"distribution":"{\"name\": \"FloatDistribution\", \"attributes\": {\"step\": null, \"low\": 0.0, \"high\": 1.5, \"log\": false}}"}
{"op_code":6,"worker_id":"b45c285c-19b1-4ce8-afe8-169028b8b772-20880","trial_id":45,"state":1,"values":[2.0979113947616628],"datetime_complete":"2026-07-14T11:41:18.705022"}
{"op_code":4,"worker_id":"ea585eb8-dbf4-4703-9622-7ed8300542b1-7108","study_id":0,"datetime_start":"2026-07-14T11:41:18.701316"}
{"op_code":5,"worker_id":"f4043021-8b1e-434e-b6bf-06efcba2ce90-22852","trial_id":58,"param_name":"unified_alpha","param_value_internal":0.00066835057453769,"distribution":"{\"name\": \"FloatDistribution\", \"attributes\": {\"step\": null, \"low\": 1e-05, \"high\": 10.0, \"log\": true}}"}
{"op_code":8,"worker_id":"bb7db526-ee20-4f72-b210-7224fb23336f-11668","trial_id":34,"user_attr":{"val_metrics":[0.1398389043734338,-0.0878550723487515,0.5757575757575758,0.06754865363726148,-8.13072355532292]}}
{"op_code":5,"worker_id":"f4043021-8b1e-434e-b6bf-06efcba2ce90-22852","trial_id":58,"param_name":"unified_rho","param_value_internal":0.20286772686599816,"distribution":"{\"name\": \"FloatDistribution\", \"attributes\": {\"step\": null, \"low\": 0.0, \"high\": 1.0, \"log\": false}}"}
{"op_code":5,"worker_id":"2b5a522d-7f40-4ed1-b402-d678cc05fa53-24364","trial_id":57,"param_name":"unified_alpha","param_value_internal":0.0005670873860917046,"distribution":"{\"name\": \"FloatDistribution\", \"attributes\": {\"step\": null, \"low\": 1e-05, \"high\": 10.0, \"log\": true}}"}
{"op_code":8,"worker_id":"bb7db526-ee20-4f72-b210-7224fb23336f-11668","trial_id":34,"user_attr":{"deflated_objective":-1.96586346623898}}
{"op_code":9,"worker_id":"bb7db526-ee20-4f72-b210-7224fb23336f-11668","trial_id":34,"system_attr":{"constraints":[-0.11022517700821954,-0.10688939211454915,0.35,-0.2681818181818182,-0.16672289626983305,-33.0,3.0,0.21734234441387412,0.25,-1357.9465775242782,-0.013541666666666619,-0.04404761904761906]}}
{"op_code":6,"worker_id":"bb7db526-ee20-4f72-b210-7224fb23336f-11668","trial_id":34,"state":1,"values":[-0.6401218651973845],"datetime_complete":"2026-07-14T11:41:18.723950"}
{"op_code":5,"worker_id":"f4043021-8b1e-434e-b6bf-06efcba2ce90-22852","trial_id":58,"param_name":"unified_gamma","param_value_internal":14.777834241644355,"distribution":"{\"name\": \"FloatDistribution\", \"attributes\": {\"step\": null, \"low\": 1.5, \"high\": 10000.0, \"log\": true}}"}
{"op_code":4,"worker_id":"b45c285c-19b1-4ce8-afe8-169028b8b772-20880","study_id":0,"datetime_start":"2026-07-14T11:41:18.711143"}
{"op_code":5,"worker_id":"f4043021-8b1e-434e-b6bf-06efcba2ce90-22852","trial_id":58,"param_name":"huber_delta","param_value_internal":1.5119516801217263,"distribution":"{\"name\": \"FloatDistribution\", \"attributes\": {\"step\": null, \"low\": 0.5, \"high\": 5.0, \"log\": false}}"}
{"op_code":8,"worker_id":"ae2f4fb4-f111-4391-8650-32442f88661f-16052","trial_id":47,"user_attr":{"constraints":[-0.081723312993543,-0.20319889077487863,0.09999999999999998,-0.06515151515151518,-0.2639234098419547,-34.0,-6.0,-0.002876391657882643,0.25,-1338.216759984437,-0.05833333333333329,-0.04404761904761906]}}
{"op_code":5,"worker_id":"b45c285c-19b1-4ce8-afe8-169028b8b772-20880","trial_id":60,"param_name":"k_weight","param_value_internal":1.0240151638339905,"distribution":"{\"name\": \"FloatDistribution\", \"attributes\": {\"step\": null, \"low\": 0.0, \"high\": 1.5, \"log\": false}}"}
{"op_code":8,"worker_id":"ae2f4fb4-f111-4391-8650-32442f88661f-16052","trial_id":47,"user_attr":{"pruned_reasons":["M3 (Hit Rate < 60%)","Side-specific Hit Rate (25.00% < 50%)"]}}
{"op_code":5,"worker_id":"b45c285c-19b1-4ce8-afe8-169028b8b772-20880","trial_id":60,"param_name":"unified_alpha","param_value_internal":5.381078484353525e-05,"distribution":"{\"name\": \"FloatDistribution\", \"attributes\": {\"step\": null, \"low\": 1e-05, \"high\": 10.0, \"log\": true}}"}
{"op_code":6,"worker_id":"b83b4e3e-a5c4-40f3-b43d-9c4a74ebc288-27064","trial_id":53,"state":1,"values":[2.40594868838622],"datetime_complete":"2026-07-14T11:41:18.606765"}
{"op_code":5,"worker_id":"b45c285c-19b1-4ce8-afe8-169028b8b772-20880","trial_id":60,"param_name":"unified_rho","param_value_internal":0.7567962698901283,"distribution":"{\"name\": \"FloatDistribution\", \"attributes\": {\"step\": null, \"low\": 0.0, \"high\": 1.0, \"log\": false}}"}
{"op_code":8,"worker_id":"ae2f4fb4-f111-4391-8650-32442f88661f-16052","trial_id":47,"user_attr":{"gini":0.4270010494507053}}
{"op_code":5,"worker_id":"b45c285c-19b1-4ce8-afe8-169028b8b772-20880","trial_id":60,"param_name":"unified_gamma","param_value_internal":3385.674789154065,"distribution":"{\"name\": \"FloatDistribution\", \"attributes\": {\"step\": null, \"low\": 1.5, \"high\": 10000.0, \"log\": true}}"}
{"op_code":8,"worker_id":"ae2f4fb4-f111-4391-8650-32442f88661f-16052","trial_id":47,"user_attr":{"cv_is_ics":[0.1733665019273758,0.1390339434146881,0.1358206570148468,0.18708670139312744,0.19123290479183197,0.1838124543428421,0.19782952964305878,0.202277272939682,0.22111167013645172,0.19065554440021515,0.16991561651229858,0.1720188856124878,0.15478423237800598,0.1735491156578064,0.21269017457962036]}}
{"op_code":5,"worker_id":"b45c285c-19b1-4ce8-afe8-169028b8b772-20880","trial_id":60,"param_name":"huber_delta","param_value_internal":1.5298731675545187,"distribution":"{\"name\": \"FloatDistribution\", \"attributes\": {\"step\": null, \"low\": 0.5, \"high\": 5.0, \"log\": false}}"}
{"op_code":8,"worker_id":"0acd7fec-bf28-4d89-be1a-835718b3b9dd-14384","trial_id":55,"user_attr":{"constraints":[-0.09753412732483112,-0.19142176212844905,0.09999999999999998,-0.09242424242424241,-0.35069992491354546,-34.0,-4.0,-0.1562074247927105,0.0,-1341.2452490212895,-0.08854166666666657,-0.023214285714285687]}}
{"op_code":8,"worker_id":"ae2f4fb4-f111-4391-8650-32442f88661f-16052","trial_id":47,"user_attr":{"cv_oos_ics":[0.03717835620045662,0.1364525407552719,0.1293860524892807,0.016971057280898094,0.0638359785079956,0.03758182004094124,0.06222084164619446,0.032017290592193604,-0.0028928243555128574,0.05020721256732941,0.05959618464112282,0.07871495932340622,0.08040796965360641,0.10649231821298599,0.011276954784989357]}}
{"op_code":6,"worker_id":"c7b6ca97-15a0-42a9-9886-1566aa4f10b8-27448","trial_id":43,"state":1,"values":[2.17806107943961],"datetime_complete":"2026-07-14T11:41:18.682924"}
{"op_code":8,"worker_id":"ae2f4fb4-f111-4391-8650-32442f88661f-16052","trial_id":47,"user_attr":{"reg_kappa":2.9717661691274335}}
{"op_code":8,"worker_id":"0acd7fec-bf28-4d89-be1a-835718b3b9dd-14384","trial_id":55,"user_attr":{"pruned_reasons":["M3 (Hit Rate < 60%)"]}}
{"op_code":8,"worker_id":"0acd7fec-bf28-4d89-be1a-835718b3b9dd-14384","trial_id":55,"user_attr":{"gini":0.6652014594694644}}
{"op_code":8,"worker_id":"ae2f4fb4-f111-4391-8650-32442f88661f-16052","trial_id":47,"user_attr":{"raw_metrics":[0.5599794632739097,0.20319889077487863,0.5,0.081723312993543,0.3151515151515152,0.2639234098419547,-0.24279631233162205,-0.28675809502601624,0.5083333333333333]}}
{"op_code":8,"worker_id":"ae2f4fb4-f111-4391-8650-32442f88661f-16052","trial_id":47,"user_attr":{"val_metrics":[0.17021116702996195,0.06011789614804877,0.7454545454545455,0.8343934555254553,-0.40582460666592857]}}
{"op_code":8,"worker_id":"0acd7fec-bf28-4d89-be1a-835718b3b9dd-14384","trial_id":55,"user_attr":{"cv_is_ics":[0.16876639425754547,0.13688144087791443,0.12461593747138977,0.17397357523441315,0.18265900015830994,0.17301622033119202,0.1827576607465744,0.20538443326950073,0.2196282595396042,0.1660555601119995,0.16585327684879303,0.1634436994791031,0.14386402070522308,0.15384602546691895,0.19279150664806366]}}
{"op_code":8,"worker_id":"0acd7fec-bf28-4d89-be1a-835718b3b9dd-14384","trial_id":55,"user_attr":{"cv_oos_ics":[0.034324146807193756,0.1398773342370987,0.1414095014333725,0.07174503803253174,0.10408247262239456,0.05140645056962967,0.04509895294904709,0.05850578099489212,0.012765882536768913,0.09144065529108047,0.10737768560647964,0.08094079792499542,0.12024100869894028,0.13186724483966827,0.05086623132228851]}}
{"op_code":4,"worker_id":"9147d151-9608-4a34-8422-13c8ef09e69e-27448","study_id":0,"datetime_start":"2026-07-14T11:41:18.760603"}
{"op_code":8,"worker_id":"ae2f4fb4-f111-4391-8650-32442f88661f-16052","trial_id":47,"user_attr":{"deflated_objective":1.17538390370112}}
{"op_code":9,"worker_id":"ae2f4fb4-f111-4391-8650-32442f88661f-16052","trial_id":47,"system_attr":{"constraints":[-0.081723312993543,-0.20319889077487863,0.09999999999999998,-0.06515151515151518,-0.2639234098419547,-34.0,-6.0,-0.002876391657882643,0.25,-1338.216759984437,-0.05833333333333329,-0.04404761904761906]}}
{"op_code":8,"worker_id":"0acd7fec-bf28-4d89-be1a-835718b3b9dd-14384","trial_id":55,"user_attr":{"reg_kappa":3.2964913961909597}}
{"op_code":8,"worker_id":"0acd7fec-bf28-4d89-be1a-835718b3b9dd-14384","trial_id":55,"user_attr":{"raw_metrics":[0.5197553267835955,0.19142176212844905,0.5,0.09753412732483112,0.3424242424242424,0.35069992491354546,-0.20744153019359543,-0.2594861090183258,0.5385416666666666]}}
{"op_code":8,"worker_id":"0acd7fec-bf28-4d89-be1a-835718b3b9dd-14384","trial_id":55,"user_attr":{"val_metrics":[0.18058182978040016,-0.022434670068687823,0.7333333333333333,0.923255137262353,-1.696146810447464]}}
{"op_code":6,"worker_id":"ae2f4fb4-f111-4391-8650-32442f88661f-16052","trial_id":47,"state":1,"values":[2.5290338245825663],"datetime_complete":"2026-07-14T11:41:18.766268"}
{"op_code":8,"worker_id":"f4043021-8b1e-434e-b6bf-06efcba2ce90-22852","trial_id":58,"user_attr":{"constraints":[-0.08131744173166534,-0.21068961433703076,0.09999999999999998,0.007575757575757597,-0.24543961153676114,-30.0,-8.0,-0.012290862290862292,0.25,-1340.9093309709438,-0.06354166666666666,-0.08670634920634918]}}
{"op_code":8,"worker_id":"0acd7fec-bf28-4d89-be1a-835718b3b9dd-14384","trial_id":55,"user_attr":{"deflated_objective":0.6502037509022058}}
{"op_code":9,"worker_id":"0acd7fec-bf28-4d89-be1a-835718b3b9dd-14384","trial_id":55,"system_attr":{"constraints":[-0.09753412732483112,-0.19142176212844905,0.09999999999999998,-0.09242424242424241,-0.35069992491354546,-34.0,-4.0,-0.1562074247927105,0.0,-1341.2452490212895,-0.08854166666666657,-0.023214285714285687]}}
{"op_code":4,"worker_id":"ae2f4fb4-f111-4391-8650-32442f88661f-16052","study_id":0,"datetime_start":"2026-07-14T11:41:18.773389"}
{"op_code":8,"worker_id":"f4043021-8b1e-434e-b6bf-06efcba2ce90-22852","trial_id":58,"user_attr":{"pruned_reasons":["M3 (Hit Rate < 60%)","M5 (Monotonicity <= 0.25)","Side-specific Hit Rate (25.00% < 50%)"]}}
{"op_code":5,"worker_id":"ae2f4fb4-f111-4391-8650-32442f88661f-16052","trial_id":62,"param_name":"k_weight","param_value_internal":1.0336370263840893,"distribution":"{\"name\": \"FloatDistribution\", \"attributes\": {\"step\": null, \"low\": 0.0, \"high\": 1.5, \"log\": false}}"}
{"op_code":5,"worker_id":"9147d151-9608-4a34-8422-13c8ef09e69e-27448","trial_id":61,"param_name":"k_weight","param_value_internal":0.9740013267949155,"distribution":"{\"name\": \"FloatDistribution\", \"attributes\": {\"step\": null, \"low\": 0.0, \"high\": 1.5, \"log\": false}}"}
{"op_code":4,"worker_id":"da846a01-5632-457d-a851-92f2e0eedacc-27064","study_id":0,"datetime_start":"2026-07-14T11:41:18.749551"}
{"op_code":5,"worker_id":"9147d151-9608-4a34-8422-13c8ef09e69e-27448","trial_id":61,"param_name":"unified_alpha","param_value_internal":8.674043639757155e-05,"distribution":"{\"name\": \"FloatDistribution\", \"attributes\": {\"step\": null, \"low\": 1e-05, \"high\": 10.0, \"log\": true}}"}
{"op_code":6,"worker_id":"0acd7fec-bf28-4d89-be1a-835718b3b9dd-14384","trial_id":55,"state":1,"values":[1.9797088617011127],"datetime_complete":"2026-07-14T11:41:18.777956"}
{"op_code":5,"worker_id":"2b5a522d-7f40-4ed1-b402-d678cc05fa53-24364","trial_id":57,"param_name":"unified_rho","param_value_internal":0.20659435658089847,"distribution":"{\"name\": \"FloatDistribution\", \"attributes\": {\"step\": null, \"low\": 0.0, \"high\": 1.0, \"log\": false}}"}
{"op_code":5,"worker_id":"da846a01-5632-457d-a851-92f2e0eedacc-27064","trial_id":63,"param_name":"k_weight","param_value_internal":1.0550099541536313,"distribution":"{\"name\": \"FloatDistribution\", \"attributes\": {\"step\": null, \"low\": 0.0, \"high\": 1.5, \"log\": false}}"}
{"op_code":4,"worker_id":"0acd7fec-bf28-4d89-be1a-835718b3b9dd-14384","study_id":0,"datetime_start":"2026-07-14T11:41:18.788877"}
{"op_code":5,"worker_id":"da846a01-5632-457d-a851-92f2e0eedacc-27064","trial_id":63,"param_name":"unified_alpha","param_value_internal":4.990883283131379e-05,"distribution":"{\"name\": \"FloatDistribution\", \"attributes\": {\"step\": null, \"low\": 1e-05, \"high\": 10.0, \"log\": true}}"}
{"op_code":5,"worker_id":"0acd7fec-bf28-4d89-be1a-835718b3b9dd-14384","trial_id":64,"param_name":"k_weight","param_value_internal":1.2263273259995766,"distribution":"{\"name\": \"FloatDistribution\", \"attributes\": {\"step\": null, \"low\": 0.0, \"high\": 1.5, \"log\": false}}"}
{"op_code":5,"worker_id":"9147d151-9608-4a34-8422-13c8ef09e69e-27448","trial_id":61,"param_name":"unified_rho","param_value_internal":0.745998713337674,"distribution":"{\"name\": \"FloatDistribution\", \"attributes\": {\"step\": null, \"low\": 0.0, \"high\": 1.0, \"log\": false}}"}
{"op_code":5,"worker_id":"da846a01-5632-457d-a851-92f2e0eedacc-27064","trial_id":63,"param_name":"unified_rho","param_value_internal":0.7001580327020078,"distribution":"{\"name\": \"FloatDistribution\", \"attributes\": {\"step\": null, \"low\": 0.0, \"high\": 1.0, \"log\": false}}"}
{"op_code":8,"worker_id":"f4043021-8b1e-434e-b6bf-06efcba2ce90-22852","trial_id":58,"user_attr":{"gini":0.4158798904730323}}
{"op_code":5,"worker_id":"2b5a522d-7f40-4ed1-b402-d678cc05fa53-24364","trial_id":57,"param_name":"unified_gamma","param_value_internal":15.987548543999514,"distribution":"{\"name\": \"FloatDistribution\", \"attributes\": {\"step\": null, \"low\": 1.5, \"high\": 10000.0, \"log\": true}}"}
{"op_code":5,"worker_id":"ae2f4fb4-f111-4391-8650-32442f88661f-16052","trial_id":62,"param_name":"unified_alpha","param_value_internal":7.958119544296864e-05,"distribution":"{\"name\": \"FloatDistribution\", \"attributes\": {\"step\": null, \"low\": 1e-05, \"high\": 10.0, \"log\": true}}"}
{"op_code":5,"worker_id":"9147d151-9608-4a34-8422-13c8ef09e69e-27448","trial_id":61,"param_name":"unified_gamma","param_value_internal":175.4524238743071,"distribution":"{\"name\": \"FloatDistribution\", \"attributes\": {\"step\": null, \"low\": 1.5, \"high\": 10000.0, \"log\": true}}"}
{"op_code":5,"worker_id":"da846a01-5632-457d-a851-92f2e0eedacc-27064","trial_id":63,"param_name":"unified_gamma","param_value_internal":120.72501311834829,"distribution":"{\"name\": \"FloatDistribution\", \"attributes\": {\"step\": null, \"low\": 1.5, \"high\": 10000.0, \"log\": true}}"}
{"op_code":5,"worker_id":"0acd7fec-bf28-4d89-be1a-835718b3b9dd-14384","trial_id":64,"param_name":"unified_alpha","param_value_internal":9.421002186876616e-05,"distribution":"{\"name\": \"FloatDistribution\", \"attributes\": {\"step\": null, \"low\": 1e-05, \"high\": 10.0, \"log\": true}}"}
{"op_code":5,"worker_id":"9147d151-9608-4a34-8422-13c8ef09e69e-27448","trial_id":61,"param_name":"huber_delta","param_value_internal":4.226384195286076,"distribution":"{\"name\": \"FloatDistribution\", \"attributes\": {\"step\": null, \"low\": 0.5, \"high\": 5.0, \"log\": false}}"}
{"op_code":5,"worker_id":"0acd7fec-bf28-4d89-be1a-835718b3b9dd-14384","trial_id":64,"param_name":"unified_rho","param_value_internal":0.2100859811270953,"distribution":"{\"name\": \"FloatDistribution\", \"attributes\": {\"step\": null, \"low\": 0.0, \"high\": 1.0, \"log\": false}}"}
{"op_code":5,"worker_id":"0acd7fec-bf28-4d89-be1a-835718b3b9dd-14384","trial_id":64,"param_name":"unified_gamma","param_value_internal":101.90234478707514,"distribution":"{\"name\": \"FloatDistribution\", \"attributes\": {\"step\": null, \"low\": 1.5, \"high\": 10000.0, \"log\": true}}"}
{"op_code":5,"worker_id":"2b5a522d-7f40-4ed1-b402-d678cc05fa53-24364","trial_id":57,"param_name":"huber_delta","param_value_internal":1.4442802763981901,"distribution":"{\"name\": \"FloatDistribution\", \"attributes\": {\"step\": null, \"low\": 0.5, \"high\": 5.0, \"log\": false}}"}
{"op_code":5,"worker_id":"0acd7fec-bf28-4d89-be1a-835718b3b9dd-14384","trial_id":64,"param_name":"huber_delta","param_value_internal":3.876493036775315,"distribution":"{\"name\": \"FloatDistribution\", \"attributes\": {\"step\": null, \"low\": 0.5, \"high\": 5.0, \"log\": false}}"}
{"op_code":4,"worker_id":"4a90107e-cbfc-4ab6-b365-b0d3b1c525a8-11668","study_id":0,"datetime_start":"2026-07-14T11:41:18.816117"}
{"op_code":5,"worker_id":"a68de0ee-d674-4bbb-800d-4185fa09c980-24340","trial_id":56,"param_name":"huber_delta","param_value_internal":1.6050462416512599,"distribution":"{\"name\": \"FloatDistribution\", \"attributes\": {\"step\": null, \"low\": 0.5, \"high\": 5.0, \"log\": false}}"}
{"op_code":5,"worker_id":"4a90107e-cbfc-4ab6-b365-b0d3b1c525a8-11668","trial_id":65,"param_name":"k_weight","param_value_internal":1.2200937243535361,"distribution":"{\"name\": \"FloatDistribution\", \"attributes\": {\"step\": null, \"low\": 0.0, \"high\": 1.5, \"log\": false}}"}
{"op_code":8,"worker_id":"b45c285c-19b1-4ce8-afe8-169028b8b772-20880","trial_id":60,"user_attr":{"constraints":[-0.08151593014075556,-0.210526783247148,0.09999999999999998,0.004545454545454547,-0.24908987985303005,-30.0,-8.0,-0.017503217503217483,0.25,-1340.1950256046173,-0.06354166666666666,-0.08670634920634918]}}
{"op_code":5,"worker_id":"ae2f4fb4-f111-4391-8650-32442f88661f-16052","trial_id":62,"param_name":"unified_rho","param_value_internal":0.7394401716071348,"distribution":"{\"name\": \"FloatDistribution\", \"attributes\": {\"step\": null, \"low\": 0.0, \"high\": 1.0, \"log\": false}}"}
{"op_code":8,"worker_id":"b45c285c-19b1-4ce8-afe8-169028b8b772-20880","trial_id":60,"user_attr":{"pruned_reasons":["M3 (Hit Rate < 60%)","M5 (Monotonicity <= 0.25)","Side-specific Hit Rate (25.00% < 50%)"]}}
{"op_code":8,"worker_id":"b45c285c-19b1-4ce8-afe8-169028b8b772-20880","trial_id":60,"user_attr":{"gini":0.4147235452724678}}
{"op_code":8,"worker_id":"b45c285c-19b1-4ce8-afe8-169028b8b772-20880","trial_id":60,"user_attr":{"cv_is_ics":[0.17127776145935059,0.13909128308296204,0.13412946462631226,0.19131116569042206,0.19385191798210144,0.1872093230485916,0.20130164921283722,0.2033153921365738,0.2224762886762619,0.19513408839702606,0.17404292523860931,0.18116344511508942,0.1512882262468338,0.1753404438495636,0.21815165877342224]}}
{"op_code":5,"worker_id":"4a90107e-cbfc-4ab6-b365-b0d3b1c525a8-11668","trial_id":65,"param_name":"unified_alpha","param_value_internal":7.925007883333488e-05,"distribution":"{\"name\": \"FloatDistribution\", \"attributes\": {\"step\": null, \"low\": 1e-05, \"high\": 10.0, \"log\": true}}"}
{"op_code":8,"worker_id":"b45c285c-19b1-4ce8-afe8-169028b8b772-20880","trial_id":60,"user_attr":{"cv_oos_ics":[0.039000775665044785,0.13347609341144562,0.11253476142883301,-0.001476025558076799,0.05746112018823624,0.03594498708844185,0.05057913810014725,0.029920682311058044,0.014166870154440403,0.04366953298449516,0.059324443340301514,0.09135037660598755,0.06261594593524933,0.1046028658747673,-0.017443379387259483]}}
{"op_code":8,"worker_id":"f4043021-8b1e-434e-b6bf-06efcba2ce90-22852","trial_id":58,"user_attr":{"cv_is_ics":[0.17182224988937378,0.13872060179710388,0.13386794924736023,0.1914176493883133,0.19373849034309387,0.18773625791072845,0.20156700909137726,0.20274437963962555,0.2220141887664795,0.19519521296024323,0.17412054538726807,0.18151241540908813,0.15203389525413513,0.1760278195142746,0.2182701826095581]}}
{"op_code":8,"worker_id":"b45c285c-19b1-4ce8-afe8-169028b8b772-20880","trial_id":60,"user_attr":{"reg_kappa":3.3588035884980023}}
{"op_code":5,"worker_id":"4a90107e-cbfc-4ab6-b365-b0d3b1c525a8-11668","trial_id":65,"param_name":"unified_rho","param_value_internal":0.6953260874640078,"distribution":"{\"name\": \"FloatDistribution\", \"attributes\": {\"step\": null, \"low\": 0.0, \"high\": 1.0, \"log\": false}}"}
{"op_code":8,"worker_id":"b45c285c-19b1-4ce8-afe8-169028b8b772-20880","trial_id":60,"user_attr":{"raw_metrics":[0.613812027197355,0.210526783247148,0.5,0.08151593014075556,0.24545454545454545,0.24908987985303005,-0.2958812443662807,-0.3385921120643616,0.5135416666666667]}}
{"op_code":8,"worker_id":"f4043021-8b1e-434e-b6bf-06efcba2ce90-22852","trial_id":58,"user_attr":{"cv_oos_ics":[0.03859534487128258,0.13547739386558533,0.11227419227361679,-0.0009103775955736637,0.056126583367586136,0.03534571826457977,0.051183175295591354,0.029239343479275703,0.01457887887954712,0.04323602467775345,0.06018349155783653,0.09113759547472,0.06280878931283951,0.10477419942617416,-0.017218653112649918]}}
{"op_code":5,"worker_id":"ae2f4fb4-f111-4391-8650-32442f88661f-16052","trial_id":62,"param_name":"unified_gamma","param_value_internal":118.25124159426784,"distribution":"{\"name\": \"FloatDistribution\", \"attributes\": {\"step\": null, \"low\": 1.5, \"high\": 10000.0, \"log\": true}}"}
{"op_code":8,"worker_id":"9147d151-9608-4a34-8422-13c8ef09e69e-27448","trial_id":61,"user_attr":{"constraints":[-0.10757497745809502,-0.2517738720246319,0.09999999999999998,0.1015151515151515,-0.21188681790915626,-32.0,-8.0,-0.0936132561132561,0.0,-1337.3066780600213,-0.05312500000000003,-0.07281746031746023]}}
{"op_code":8,"worker_id":"b45c285c-19b1-4ce8-afe8-169028b8b772-20880","trial_id":60,"user_attr":{"val_metrics":[0.17414538200259055,0.029188442082975108,0.6727272727272727,0.8343934555254553,-0.3460864682110305]}}
{"op_code":5,"worker_id":"ae2f4fb4-f111-4391-8650-32442f88661f-16052","trial_id":62,"param_name":"huber_delta","param_value_internal":4.05790829377843,"distribution":"{\"name\": \"FloatDistribution\", \"attributes\": {\"step\": null, \"low\": 0.5, \"high\": 5.0, \"log\": false}}"}
{"op_code":5,"worker_id":"4a90107e-cbfc-4ab6-b365-b0d3b1c525a8-11668","trial_id":65,"param_name":"unified_gamma","param_value_internal":139.86847838409287,"distribution":"{\"name\": \"FloatDistribution\", \"attributes\": {\"step\": null, \"low\": 1.5, \"high\": 10000.0, \"log\": true}}"}
{"op_code":8,"worker_id":"2b5a522d-7f40-4ed1-b402-d678cc05fa53-24364","trial_id":57,"user_attr":{"constraints":[-0.0805847342987148,-0.20778579323412152,0.09999999999999998,0.007575757575757569,-0.27450601146866876,-31.0,-8.0,-0.01859716859716859,0.25,-1340.0469458425682,-0.06354166666666666,-0.08670634920634918]}}
{"op_code":8,"worker_id":"b45c285c-19b1-4ce8-afe8-169028b8b772-20880","trial_id":60,"user_attr":{"deflated_objective":1.2018154496681313}}
{"op_code":8,"worker_id":"a68de0ee-d674-4bbb-800d-4185fa09c980-24340","trial_id":56,"user_attr":{"constraints":[-0.08261723103674617,-0.21893001881603708,0.09999999999999998,0.03181818181818183,-0.2448909462119142,-31.0,-8.0,0.041907979407979384,0.25,-1339.110740800105,-0.06354166666666666,-0.0936507936507936]}}
{"op_code":8,"worker_id":"9147d151-9608-4a34-8422-13c8ef09e69e-27448","trial_id":61,"user_attr":{"pruned_reasons":["M3 (Hit Rate < 60%)","M5 (Monotonicity <= 0.25)"]}}
{"op_code":8,"worker_id":"a68de0ee-d674-4bbb-800d-4185fa09c980-24340","trial_id":56,"user_attr":{"pruned_reasons":["M3 (Hit Rate < 60%)","M5 (Monotonicity <= 0.25)","Side-specific Yearly Tail IC Mean (-0.0419 <= 0)","Side-specific Hit Rate (25.00% < 50%)"]}}
{"op_code":8,"worker_id":"a68de0ee-d674-4bbb-800d-4185fa09c980-24340","trial_id":56,"user_attr":{"gini":0.41322799432813206}}
{"op_code":8,"worker_id":"0acd7fec-bf28-4d89-be1a-835718b3b9dd-14384","trial_id":64,"user_attr":{"constraints":[-0.11081091830132747,-0.3004225384544533,0.09999999999999998,0.043939393939393945,-0.2683591769728809,-24.0,-8.0,-0.12286235026967929,-0.25,-1353.9360416184584,-0.08333333333333331,-0.058928571428571386]}}
{"op_code":8,"worker_id":"a68de0ee-d674-4bbb-800d-4185fa09c980-24340","trial_id":56,"user_attr":{"cv_is_ics":[0.1724584400653839,0.13816598057746887,0.13468137383460999,0.19098003208637238,0.19455039501190186,0.18688230216503143,0.20060007274150848,0.2037196010351181,0.22143268585205078,0.1945231556892395,0.17319238185882568,0.17875705659389496,0.15079733729362488,0.17646358907222748,0.21662074327468872]}}
{"op_code":8,"worker_id":"a68de0ee-d674-4bbb-800d-4185fa09c980-24340","trial_id":56,"user_attr":{"cv_oos_ics":[0.036967143416404724,0.1313420683145523,0.11286492645740509,-0.0010738408891484141,0.06148172542452812,0.03435278311371803,0.04995676875114441,0.03100205585360527,0.013555631972849369,0.04207495599985123,0.05764938145875931,0.08870773762464523,0.0637291967868805,0.10671305656433105,-0.01656997576355934]}}
{"op_code":8,"worker_id":"a68de0ee-d674-4bbb-800d-4185fa09c980-24340","trial_id":56,"user_attr":{"reg_kappa":3.354850630559034}}
{"op_code":8,"worker_id":"9147d151-9608-4a34-8422-13c8ef09e69e-27448","trial_id":61,"user_attr":{"gini":0.42988687703263806}}
{"op_code":8,"worker_id":"9147d151-9608-4a34-8422-13c8ef09e69e-27448","trial_id":61,"user_attr":{"cv_is_ics":[0.1568022072315216,0.11164987832307816,0.11878877133131027,0.18020789325237274,0.16155844926834106,0.17327623069286346,0.1731623262166977,0.19250375032424927,0.19795826077461243,0.16301967203617096,0.16234435141086578,0.14385439455509186,0.14367495477199554,0.14823397994041443,0.19912289083003998]}}
{"op_code":8,"worker_id":"9147d151-9608-4a34-8422-13c8ef09e69e-27448","trial_id":61,"user_attr":{"cv_oos_ics":[0.0257251039147377,0.11233336478471756,0.12326102703809738,0.022975502535700798,0.07937049120664597,0.00506031746044755,0.050520963966846466,0.01477187778800726,0.004705820698291063,0.042129941284656525,0.07233764976263046,0.07781919836997986,0.080317921936512,0.10370475798845291,0.008922111243009567]}}
{"op_code":8,"worker_id":"a68de0ee-d674-4bbb-800d-4185fa09c980-24340","trial_id":56,"user_attr":{"raw_metrics":[0.6270594500998058,0.21893001881603708,0.5,0.08261723103674617,0.21818181818181817,0.2448909462119142,-0.2917580228336624,-0.33173251152038574,0.5135416666666667]}}
{"op_code":9,"worker_id":"b45c285c-19b1-4ce8-afe8-169028b8b772-20880","trial_id":60,"system_attr":{"constraints":[-0.08151593014075556,-0.210526783247148,0.09999999999999998,0.004545454545454547,-0.24908987985303005,-30.0,-8.0,-0.017503217503217483,0.25,-1340.1950256046173,-0.06354166666666666,-0.08670634920634918]}}
{"op_code":6,"worker_id":"b45c285c-19b1-4ce8-afe8-169028b8b772-20880","trial_id":60,"state":1,"values":[2.5336779925625676],"datetime_complete":"2026-07-14T11:41:18.874663"}
{"op_code":8,"worker_id":"9147d151-9608-4a34-8422-13c8ef09e69e-27448","trial_id":61,"user_attr":{"reg_kappa":3.351509806189696}}
{"op_code":8,"worker_id":"a68de0ee-d674-4bbb-800d-4185fa09c980-24340","trial_id":56,"user_attr":{"val_metrics":[0.17384957967027248,0.034455557779829976,0.6848484848484848,0.8343934555254553,-0.2893524370309897]}}
{"op_code":8,"worker_id":"9147d151-9608-4a34-8422-13c8ef09e69e-27448","trial_id":61,"user_attr":{"raw_metrics":[0.6424365615822206,0.2517738720246319,0.5,0.10757497745809502,0.1484848484848485,0.21188681790915626,-0.28494827927585636,-0.3344758152961731,0.503125]}}
{"op_code":8,"worker_id":"9147d151-9608-4a34-8422-13c8ef09e69e-27448","trial_id":61,"user_attr":{"val_metrics":[0.19019166959288505,0.023234327618340656,0.7090909090909091,0.7495203901190257,-1.5221950372577964]}}
{"op_code":8,"worker_id":"a68de0ee-d674-4bbb-800d-4185fa09c980-24340","trial_id":56,"user_attr":{"deflated_objective":1.2363713509105902}}
{"op_code":9,"worker_id":"a68de0ee-d674-4bbb-800d-4185fa09c980-24340","trial_id":56,"system_attr":{"constraints":[-0.08261723103674617,-0.21893001881603708,0.09999999999999998,0.03181818181818183,-0.2448909462119142,-31.0,-8.0,0.041907979407979384,0.25,-1339.110740800105,-0.06354166666666666,-0.0936507936507936]}}
{"op_code":6,"worker_id":"a68de0ee-d674-4bbb-800d-4185fa09c980-24340","trial_id":56,"state":1,"values":[2.5596609922896167],"datetime_complete":"2026-07-14T11:41:18.885611"}
{"op_code":8,"worker_id":"9147d151-9608-4a34-8422-13c8ef09e69e-27448","trial_id":61,"user_attr":{"deflated_objective":0.7534030925530972}}
{"op_code":8,"worker_id":"2b5a522d-7f40-4ed1-b402-d678cc05fa53-24364","trial_id":57,"user_attr":{"pruned_reasons":["M3 (Hit Rate < 60%)","M5 (Monotonicity <= 0.25)","Side-specific Hit Rate (25.00% < 50%)"]}}
{"op_code":8,"worker_id":"2b5a522d-7f40-4ed1-b402-d678cc05fa53-24364","trial_id":57,"user_attr":{"gini":0.425426266141556}}
{"op_code":8,"worker_id":"2b5a522d-7f40-4ed1-b402-d678cc05fa53-24364","trial_id":57,"user_attr":{"cv_is_ics":[0.1716739982366562,0.14248080551624298,0.13503487408161163,0.19164450466632843,0.19381557404994965,0.18807661533355713,0.20344996452331543,0.20221148431301117,0.2230774462223053,0.19634273648262024,0.17634625732898712,0.1831008344888687,0.15158315002918243,0.17725317180156708,0.21838931739330292]}}
{"op_code":9,"worker_id":"9147d151-9608-4a34-8422-13c8ef09e69e-27448","trial_id":61,"system_attr":{"constraints":[-0.10757497745809502,-0.2517738720246319,0.09999999999999998,0.1015151515151515,-0.21188681790915626,-32.0,-8.0,-0.0936132561132561,0.0,-1337.3066780600213,-0.05312500000000003,-0.07281746031746023]}}
{"op_code":4,"worker_id":"ebbd99d8-23e9-40ca-a4c3-49e18e5f283c-24340","study_id":0,"datetime_start":"2026-07-14T11:41:18.894915"}
{"op_code":8,"worker_id":"2b5a522d-7f40-4ed1-b402-d678cc05fa53-24364","trial_id":57,"user_attr":{"cv_oos_ics":[0.040892791002988815,0.13675764203071594,0.11435389518737793,-0.0011458619264885783,0.05365174636244774,0.036912426352500916,0.05273551121354103,0.02936684526503086,0.014290393330156803,0.044181134551763535,0.0582701601088047,0.09041716158390045,0.06132021173834801,0.10123196989297867,-0.01858294941484928]}}
{"op_code":5,"worker_id":"ebbd99d8-23e9-40ca-a4c3-49e18e5f283c-24340","trial_id":66,"param_name":"k_weight","param_value_internal":1.2194500507411936,"distribution":"{\"name\": \"FloatDistribution\", \"attributes\": {\"step\": null, \"low\": 0.0, \"high\": 1.5, \"log\": false}}"}
{"op_code":6,"worker_id":"9147d151-9608-4a34-8422-13c8ef09e69e-27448","trial_id":61,"state":1,"values":[2.0660939116001584],"datetime_complete":"2026-07-14T11:41:18.895023"}
{"op_code":4,"worker_id":"9147d151-9608-4a34-8422-13c8ef09e69e-27448","study_id":0,"datetime_start":"2026-07-14T11:41:18.901451"}
{"op_code":5,"worker_id":"9147d151-9608-4a34-8422-13c8ef09e69e-27448","trial_id":67,"param_name":"k_weight","param_value_internal":1.1950105910799176,"distribution":"{\"name\": \"FloatDistribution\", \"attributes\": {\"step\": null, \"low\": 0.0, \"high\": 1.5, \"log\": false}}"}
{"op_code":5,"worker_id":"ebbd99d8-23e9-40ca-a4c3-49e18e5f283c-24340","trial_id":66,"param_name":"unified_alpha","param_value_internal":7.705270858865949e-05,"distribution":"{\"name\": \"FloatDistribution\", \"attributes\": {\"step\": null, \"low\": 1e-05, \"high\": 10.0, \"log\": true}}"}
{"op_code":8,"worker_id":"2b5a522d-7f40-4ed1-b402-d678cc05fa53-24364","trial_id":57,"user_attr":{"reg_kappa":3.355725971396709}}
{"op_code":5,"worker_id":"ebbd99d8-23e9-40ca-a4c3-49e18e5f283c-24340","trial_id":66,"param_name":"unified_rho","param_value_internal":0.21596710629509946,"distribution":"{\"name\": \"FloatDistribution\", \"attributes\": {\"step\": null, \"low\": 0.0, \"high\": 1.0, \"log\": false}}"}
{"op_code":8,"worker_id":"2b5a522d-7f40-4ed1-b402-d678cc05fa53-24364","trial_id":57,"user_attr":{"raw_metrics":[0.6018885607568153,0.20778579323412152,0.5,0.0805847342987148,0.24242424242424243,0.27450601146866876,-0.2953074081009643,-0.342619389295578,0.5135416666666667]}}
{"op_code":5,"worker_id":"ebbd99d8-23e9-40ca-a4c3-49e18e5f283c-24340","trial_id":66,"param_name":"unified_gamma","param_value_internal":16.50372294249894,"distribution":"{\"name\": \"FloatDistribution\", \"attributes\": {\"step\": null, \"low\": 1.5, \"high\": 10000.0, \"log\": true}}"}
{"op_code":8,"worker_id":"2b5a522d-7f40-4ed1-b402-d678cc05fa53-24364","trial_id":57,"user_attr":{"val_metrics":[0.17495279490670393,0.03588014001877812,0.6727272727272727,0.8343934555254553,-0.29738380173811985]}}
{"op_code":5,"worker_id":"ebbd99d8-23e9-40ca-a4c3-49e18e5f283c-24340","trial_id":66,"param_name":"huber_delta","param_value_internal":1.032066430869198,"distribution":"{\"name\": \"FloatDistribution\", \"attributes\": {\"step\": null, \"low\": 0.5, \"high\": 5.0, \"log\": false}}"}
{"op_code":8,"worker_id":"2b5a522d-7f40-4ed1-b402-d678cc05fa53-24364","trial_id":57,"user_attr":{"deflated_objective":1.2628377914235307}}
{"op_code":9,"worker_id":"2b5a522d-7f40-4ed1-b402-d678cc05fa53-24364","trial_id":57,"system_attr":{"constraints":[-0.0805847342987148,-0.20778579323412152,0.09999999999999998,0.007575757575757569,-0.27450601146866876,-31.0,-8.0,-0.01859716859716859,0.25,-1340.0469458425682,-0.06354166666666666,-0.08670634920634918]}}
{"op_code":6,"worker_id":"2b5a522d-7f40-4ed1-b402-d678cc05fa53-24364","trial_id":57,"state":1,"values":[2.55591647961424],"datetime_complete":"2026-07-14T11:41:18.921627"}
{"op_code":4,"worker_id":"2b5a522d-7f40-4ed1-b402-d678cc05fa53-24364","study_id":0,"datetime_start":"2026-07-14T11:41:18.923865"}
{"op_code":5,"worker_id":"2b5a522d-7f40-4ed1-b402-d678cc05fa53-24364","trial_id":68,"param_name":"k_weight","param_value_internal":1.2369351493055212,"distribution":"{\"name\": \"FloatDistribution\", \"attributes\": {\"step\": null, \"low\": 0.0, \"high\": 1.5, \"log\": false}}"}
{"op_code":8,"worker_id":"d0437bd6-7c66-4694-84f3-0b4c00a03da0-8896","trial_id":52,"user_attr":{"cv_oos_ics":[0.027204405516386032,0.12669125199317932,0.11771136522293091,0.020999375730752945,0.06829927116632462,0.017476025968790054,0.05853046476840973,0.031581394374370575,0.007713401690125465,0.05382269620895386,0.05584203824400902,0.08689869195222855,0.08821504563093185,0.1121240183711052,0.005736098159104586]}}
{"op_code":8,"worker_id":"0acd7fec-bf28-4d89-be1a-835718b3b9dd-14384","trial_id":64,"user_attr":{"pruned_reasons":["M3 (Hit Rate < 60%)","M5 (Monotonicity <= 0.25)"]}}
{"op_code":8,"worker_id":"d0437bd6-7c66-4694-84f3-0b4c00a03da0-8896","trial_id":52,"user_attr":{"reg_kappa":3.1170883766375725}}
{"op_code":8,"worker_id":"d0437bd6-7c66-4694-84f3-0b4c00a03da0-8896","trial_id":52,"user_attr":{"raw_metrics":[0.6351051797112879,0.2060760667903525,0.5,0.0835003652129005,0.3,0.22360692082593842,-0.32827320460222553,-0.350114107131958,0.478125]}}
{"op_code":5,"worker_id":"2b5a522d-7f40-4ed1-b402-d678cc05fa53-24364","trial_id":68,"param_name":"unified_alpha","param_value_internal":9.557527939645696e-05,"distribution":"{\"name\": \"FloatDistribution\", \"attributes\": {\"step\": null, \"low\": 1e-05, \"high\": 10.0, \"log\": true}}"}
{"op_code":8,"worker_id":"0acd7fec-bf28-4d89-be1a-835718b3b9dd-14384","trial_id":64,"user_attr":{"gini":0.39806650100790075}}
{"op_code":8,"worker_id":"0acd7fec-bf28-4d89-be1a-835718b3b9dd-14384","trial_id":64,"user_attr":{"cv_is_ics":[0.15957972407341003,0.1094270870089531,0.11821666359901428,0.17857901751995087,0.16027405858039856,0.1735311597585678,0.17177313566207886,0.19140277802944183,0.1955059915781021,0.1615762561559677,0.1581827700138092,0.13896676898002625,0.14135360717773438,0.14379607141017914,0.19427235424518585]}}
{"op_code":8,"worker_id":"d0437bd6-7c66-4694-84f3-0b4c00a03da0-8896","trial_id":52,"user_attr":{"val_metrics":[0.1749721341379402,0.016085883366445175,0.6727272727272727,0.8742761076630458,-0.5873561271112537]}}
{"op_code":5,"worker_id":"9147d151-9608-4a34-8422-13c8ef09e69e-27448","trial_id":67,"param_name":"unified_alpha","param_value_internal":0.00011747684361520144,"distribution":"{\"name\": \"FloatDistribution\", \"attributes\": {\"step\": null, \"low\": 1e-05, \"high\": 10.0, \"log\": true}}"}
{"op_code":8,"worker_id":"0acd7fec-bf28-4d89-be1a-835718b3b9dd-14384","trial_id":64,"user_attr":{"cv_oos_ics":[0.02380557358264923,0.11143913120031357,0.1283518522977829,0.026179222390055656,0.08003978431224823,0.0060293483547866344,0.051701948046684265,0.021364515647292137,0.007707823067903519,0.04501229152083397,0.06907439231872559,0.06577431410551071,0.08313730359077454,0.10360195487737656,0.012681893073022366]}}
{"op_code":8,"worker_id":"0acd7fec-bf28-4d89-be1a-835718b3b9dd-14384","trial_id":64,"user_attr":{"reg_kappa":3.392850135691999}}
{"op_code":8,"worker_id":"0acd7fec-bf28-4d89-be1a-835718b3b9dd-14384","trial_id":64,"user_attr":{"raw_metrics":[0.7484613742741321,0.3004225384544533,0.5,0.11081091830132747,0.20606060606060606,0.2683591769728809,-0.3488935675963166,-0.38105207681655884,0.5333333333333333]}}
{"op_code":8,"worker_id":"d0437bd6-7c66-4694-84f3-0b4c00a03da0-8896","trial_id":52,"user_attr":{"deflated_objective":1.150087826649734}}
{"op_code":9,"worker_id":"d0437bd6-7c66-4694-84f3-0b4c00a03da0-8896","trial_id":52,"system_attr":{"constraints":[-0.0835003652129005,-0.2060760667903525,0.09999999999999998,-0.04999999999999999,-0.22360692082593842,-22.0,-6.0,0.01668275418275418,0.0,-1364.4178351768292,-0.02812500000000001,-0.0658730158730158]}}
{"op_code":5,"worker_id":"9147d151-9608-4a34-8422-13c8ef09e69e-27448","trial_id":67,"param_name":"unified_rho","param_value_internal":0.2072324221382662,"distribution":"{\"name\": \"FloatDistribution\", \"attributes\": {\"step\": null, \"low\": 0.0, \"high\": 1.0, \"log\": false}}"}
{"op_code":8,"worker_id":"0acd7fec-bf28-4d89-be1a-835718b3b9dd-14384","trial_id":64,"user_attr":{"val_metrics":[0.19615650384531974,-0.027349579815665492,0.6848484848484848,0.7703799190728561,-0.8058978333270654]}}
{"op_code":5,"worker_id":"9147d151-9608-4a34-8422-13c8ef09e69e-27448","trial_id":67,"param_name":"unified_gamma","param_value_internal":110.85730001790488,"distribution":"{\"name\": \"FloatDistribution\", \"attributes\": {\"step\": null, \"low\": 1.5, \"high\": 10000.0, \"log\": true}}"}
{"op_code":6,"worker_id":"d0437bd6-7c66-4694-84f3-0b4c00a03da0-8896","trial_id":52,"state":1,"values":[2.432011780739568],"datetime_complete":"2026-07-14T11:41:18.952981"}
{"op_code":8,"worker_id":"ebbd99d8-23e9-40ca-a4c3-49e18e5f283c-24340","trial_id":66,"user_attr":{"constraints":[-0.08300996334240363,-0.1893592349899341,0.09999999999999998,0.03787878787878787,-0.23039210957164566,-24.0,-8.0,-0.14427284427284426,-0.25,-1353.4033250929722,-0.06354166666666666,-0.030158730158730107]}}
{"op_code":8,"worker_id":"0acd7fec-bf28-4d89-be1a-835718b3b9dd-14384","trial_id":64,"user_attr":{"deflated_objective":1.0506859546726903}}
{"op_code":4,"worker_id":"d0437bd6-7c66-4694-84f3-0b4c00a03da0-8896","study_id":0,"datetime_start":"2026-07-14T11:41:18.959846"}
{"op_code":5,"worker_id":"9147d151-9608-4a34-8422-13c8ef09e69e-27448","trial_id":67,"param_name":"huber_delta","param_value_internal":0.9552065286096603,"distribution":"{\"name\": \"FloatDistribution\", \"attributes\": {\"step\": null, \"low\": 0.5, \"high\": 5.0, \"log\": false}}"}
{"op_code":9,"worker_id":"0acd7fec-bf28-4d89-be1a-835718b3b9dd-14384","trial_id":64,"system_attr":{"constraints":[-0.11081091830132747,-0.3004225384544533,0.09999999999999998,0.043939393939393945,-0.2683591769728809,-24.0,-8.0,-0.12286235026967929,-0.25,-1353.9360416184584,-0.08333333333333331,-0.058928571428571386]}}
{"op_code":6,"worker_id":"0acd7fec-bf28-4d89-be1a-835718b3b9dd-14384","trial_id":64,"state":1,"values":[2.3305514711734037],"datetime_complete":"2026-07-14T11:41:18.965698"}
{"op_code":5,"worker_id":"d0437bd6-7c66-4694-84f3-0b4c00a03da0-8896","trial_id":69,"param_name":"k_weight","param_value_internal":1.2273563953019084,"distribution":"{\"name\": \"FloatDistribution\", \"attributes\": {\"step\": null, \"low\": 0.0, \"high\": 1.5, \"log\": false}}"}
{"op_code":5,"worker_id":"2b5a522d-7f40-4ed1-b402-d678cc05fa53-24364","trial_id":68,"param_name":"unified_rho","param_value_internal":0.3559703050454306,"distribution":"{\"name\": \"FloatDistribution\", \"attributes\": {\"step\": null, \"low\": 0.0, \"high\": 1.0, \"log\": false}}"}
{"op_code":5,"worker_id":"d0437bd6-7c66-4694-84f3-0b4c00a03da0-8896","trial_id":69,"param_name":"unified_alpha","param_value_internal":0.00012554301398413987,"distribution":"{\"name\": \"FloatDistribution\", \"attributes\": {\"step\": null, \"low\": 1e-05, \"high\": 10.0, \"log\": true}}"}
{"op_code":5,"worker_id":"2b5a522d-7f40-4ed1-b402-d678cc05fa53-24364","trial_id":68,"param_name":"unified_gamma","param_value_internal":120.1446726911135,"distribution":"{\"name\": \"FloatDistribution\", \"attributes\": {\"step\": null, \"low\": 1.5, \"high\": 10000.0, \"log\": true}}"}
{"op_code":8,"worker_id":"ebbd99d8-23e9-40ca-a4c3-49e18e5f283c-24340","trial_id":66,"user_attr":{"pruned_reasons":["M3 (Hit Rate < 60%)","M5 (Monotonicity <= 0.25)"]}}
{"op_code":8,"worker_id":"ebbd99d8-23e9-40ca-a4c3-49e18e5f283c-24340","trial_id":66,"user_attr":{"gini":0.4003486162148633}}
{"op_code":8,"worker_id":"ebbd99d8-23e9-40ca-a4c3-49e18e5f283c-24340","trial_id":66,"user_attr":{"cv_is_ics":[0.16950805485248566,0.14641547203063965,0.1414336860179901,0.1932016909122467,0.19113561511039734,0.18595406413078308,0.20375336706638336,0.20138022303581238,0.22558490931987762,0.20054922997951508,0.18079183995723724,0.18572448194026947,0.15496565401554108,0.18379932641983032,0.220964252948761]}}
{"op_code":5,"worker_id":"2b5a522d-7f40-4ed1-b402-d678cc05fa53-24364","trial_id":68,"param_name":"huber_delta","param_value_internal":0.9561543130129452,"distribution":"{\"name\": \"FloatDistribution\", \"attributes\": {\"step\": null, \"low\": 0.5, \"high\": 5.0, \"log\": false}}"}
{"op_code":8,"worker_id":"ebbd99d8-23e9-40ca-a4c3-49e18e5f283c-24340","trial_id":66,"user_attr":{"cv_oos_ics":[0.03516899794340134,0.13457264006137848,0.12496444582939148,-0.006574949249625206,0.046189188957214355,0.03807908669114113,0.061853475868701935,0.02941465936601162,0.016941750422120094,0.04134022444486618,0.06617530435323715,0.09405358135700226,0.06907867640256882,0.10331586748361588,-0.014835121110081673]}}
{"op_code":8,"worker_id":"ebbd99d8-23e9-40ca-a4c3-49e18e5f283c-24340","trial_id":66,"user_attr":{"reg_kappa":3.391604411422364}}
{"op_code":8,"worker_id":"ebbd99d8-23e9-40ca-a4c3-49e18e5f283c-24340","trial_id":66,"user_attr":{"raw_metrics":[0.5525004312359684,0.1893592349899341,0.5,0.08300996334240363,0.21212121212121213,0.23039210957164566,-0.3468308665825475,-0.4040709435939789,0.5135416666666667]}}
{"op_code":8,"worker_id":"ebbd99d8-23e9-40ca-a4c3-49e18e5f283c-24340","trial_id":66,"user_attr":{"val_metrics":[0.17750161767804495,0.016141310825534022,0.6606060606060606,0.9372504318159991,-0.2719511001952335]}}
{"op_code":5,"worker_id":"d0437bd6-7c66-4694-84f3-0b4c00a03da0-8896","trial_id":69,"param_name":"unified_rho","param_value_internal":0.4214369459739236,"distribution":"{\"name\": \"FloatDistribution\", \"attributes\": {\"step\": null, \"low\": 0.0, \"high\": 1.0, \"log\": false}}"}
{"op_code":8,"worker_id":"ebbd99d8-23e9-40ca-a4c3-49e18e5f283c-24340","trial_id":66,"user_attr":{"deflated_objective":1.3005990278446464}}
{"op_code":5,"worker_id":"d0437bd6-7c66-4694-84f3-0b4c00a03da0-8896","trial_id":69,"param_name":"unified_gamma","param_value_internal":75.84829533775596,"distribution":"{\"name\": \"FloatDistribution\", \"attributes\": {\"step\": null, \"low\": 1.5, \"high\": 10000.0, \"log\": true}}"}
{"op_code":9,"worker_id":"ebbd99d8-23e9-40ca-a4c3-49e18e5f283c-24340","trial_id":66,"system_attr":{"constraints":[-0.08300996334240363,-0.1893592349899341,0.09999999999999998,0.03787878787878787,-0.23039210957164566,-24.0,-8.0,-0.14427284427284426,-0.25,-1353.4033250929722,-0.06354166666666666,-0.030158730158730107]}}
{"op_code":5,"worker_id":"d0437bd6-7c66-4694-84f3-0b4c00a03da0-8896","trial_id":69,"param_name":"huber_delta","param_value_internal":3.796641434009408,"distribution":"{\"name\": \"FloatDistribution\", \"attributes\": {\"step\": null, \"low\": 0.5, \"high\": 5.0, \"log\": false}}"}
{"op_code":6,"worker_id":"ebbd99d8-23e9-40ca-a4c3-49e18e5f283c-24340","trial_id":66,"state":1,"values":[2.5572367896189787],"datetime_complete":"2026-07-14T11:41:19.001822"}
{"op_code":4,"worker_id":"ebbd99d8-23e9-40ca-a4c3-49e18e5f283c-24340","study_id":0,"datetime_start":"2026-07-14T11:41:19.005615"}
{"op_code":5,"worker_id":"5c9b8b29-e9a9-4045-a4f4-b422d8561f10-31796","trial_id":51,"param_name":"k_weight","param_value_internal":1.3695687606692377,"distribution":"{\"name\": \"FloatDistribution\", \"attributes\": {\"step\": null, \"low\": 0.0, \"high\": 1.5, \"log\": false}}"}
{"op_code":5,"worker_id":"ebbd99d8-23e9-40ca-a4c3-49e18e5f283c-24340","trial_id":70,"param_name":"k_weight","param_value_internal":1.4427099290002845,"distribution":"{\"name\": \"FloatDistribution\", \"attributes\": {\"step\": null, \"low\": 0.0, \"high\": 1.5, \"log\": false}}"}
{"op_code":5,"worker_id":"ebbd99d8-23e9-40ca-a4c3-49e18e5f283c-24340","trial_id":70,"param_name":"unified_alpha","param_value_internal":2.9965268880071418e-05,"distribution":"{\"name\": \"FloatDistribution\", \"attributes\": {\"step\": null, \"low\": 1e-05, \"high\": 10.0, \"log\": true}}"}
{"op_code":5,"worker_id":"5c9b8b29-e9a9-4045-a4f4-b422d8561f10-31796","trial_id":51,"param_name":"unified_alpha","param_value_internal":0.06081135783285941,"distribution":"{\"name\": \"FloatDistribution\", \"attributes\": {\"step\": null, \"low\": 1e-05, \"high\": 10.0, \"log\": true}}"}
{"op_code":5,"worker_id":"5c9b8b29-e9a9-4045-a4f4-b422d8561f10-31796","trial_id":51,"param_name":"unified_rho","param_value_internal":0.13190925373595094,"distribution":"{\"name\": \"FloatDistribution\", \"attributes\": {\"step\": null, \"low\": 0.0, \"high\": 1.0, \"log\": false}}"}
{"op_code":5,"worker_id":"5c9b8b29-e9a9-4045-a4f4-b422d8561f10-31796","trial_id":51,"param_name":"unified_gamma","param_value_internal":1.5171670684079022,"distribution":"{\"name\": \"FloatDistribution\", \"attributes\": {\"step\": null, \"low\": 1.5, \"high\": 10000.0, \"log\": true}}"}
{"op_code":5,"worker_id":"5c9b8b29-e9a9-4045-a4f4-b422d8561f10-31796","trial_id":51,"param_name":"huber_delta","param_value_internal":1.8782469291945154,"distribution":"{\"name\": \"FloatDistribution\", \"attributes\": {\"step\": null, \"low\": 0.5, \"high\": 5.0, \"log\": false}}"}
{"op_code":8,"worker_id":"9147d151-9608-4a34-8422-13c8ef09e69e-27448","trial_id":67,"user_attr":{"constraints":[-0.08349135579122001,-0.17357481677390496,0.09999999999999998,-0.05909090909090914,-0.23242937278623382,-25.0,-8.0,-0.1252734877734878,-0.25,-1351.5536518130666,-0.06875000000000003,-0.030158730158730107]}}
{"op_code":8,"worker_id":"2b5a522d-7f40-4ed1-b402-d678cc05fa53-24364","trial_id":68,"user_attr":{"constraints":[-0.08595883322551244,-0.19299579599731576,0.09999999999999998,-0.001515151515151525,-0.2646901885854701,-23.0,-8.0,-0.1492921492921493,-0.25,-1354.7681491834899,-0.06875000000000003,-0.030158730158730107]}}
{"op_code":8,"worker_id":"9147d151-9608-4a34-8422-13c8ef09e69e-27448","trial_id":67,"user_attr":{"pruned_reasons":["M3 (Hit Rate < 60%)"]}}
{"op_code":8,"worker_id":"9147d151-9608-4a34-8422-13c8ef09e69e-27448","trial_id":67,"user_attr":{"gini":0.4085744970071141}}
{"op_code":8,"worker_id":"9147d151-9608-4a34-8422-13c8ef09e69e-27448","trial_id":67,"user_attr":{"cv_is_ics":[0.16984596848487854,0.14890478551387787,0.14455240964889526,0.1933835744857788,0.1903895139694214,0.18672215938568115,0.2046041190624237,0.2006998509168625,0.2260492593050003,0.2015850991010666,0.18209046125411987,0.18773388862609863,0.15430821478366852,0.18494848906993866,0.22362379729747772]}}
{"op_code":8,"worker_id":"2b5a522d-7f40-4ed1-b402-d678cc05fa53-24364","trial_id":68,"user_attr":{"pruned_reasons":["M3 (Hit Rate < 60%)"]}}
{"op_code":8,"worker_id":"2b5a522d-7f40-4ed1-b402-d678cc05fa53-24364","trial_id":68,"user_attr":{"gini":0.4016299107081591}}
{"op_code":8,"worker_id":"2b5a522d-7f40-4ed1-b402-d678cc05fa53-24364","trial_id":68,"user_attr":{"cv_is_ics":[0.1692081093788147,0.14717845618724823,0.1433679312467575,0.19385658204555511,0.19072486460208893,0.1853022426366806,0.20385859906673431,0.20100975036621094,0.22513477504253387,0.20131051540374756,0.1814669370651245,0.18770720064640045,0.15460413694381714,0.18378591537475586,0.22311915457248688]}}
{"op_code":8,"worker_id":"9147d151-9608-4a34-8422-13c8ef09e69e-27448","trial_id":67,"user_attr":{"cv_oos_ics":[0.03997348994016647,0.1363198310136795,0.12517079710960388,-0.006423624232411385,0.048460084944963455,0.039462506771087646,0.063773974776268,0.02576412446796894,0.01665167137980461,0.04085332527756691,0.06740330904722214,0.09489275515079498,0.0729435607790947,0.10471761971712112,-0.01481599546968937]}}
{"op_code":8,"worker_id":"9147d151-9608-4a34-8422-13c8ef09e69e-27448","trial_id":67,"user_attr":{"reg_kappa":3.386762615644252}}
{"op_code":8,"worker_id":"9147d151-9608-4a34-8422-13c8ef09e69e-27448","trial_id":67,"user_attr":{"raw_metrics":[0.5320080366066802,0.17357481677390496,0.5,0.08349135579122001,0.30909090909090914,0.23242937278623382,-0.3396617647088138,-0.40677696466445923,0.51875]}}
{"op_code":8,"worker_id":"2b5a522d-7f40-4ed1-b402-d678cc05fa53-24364","trial_id":68,"user_attr":{"cv_oos_ics":[0.03590136766433716,0.1342926323413849,0.12773685157299042,-0.006833091843873262,0.04711907356977463,0.038166746497154236,0.06264558434486389,0.02769976109266281,0.0180383138358593,0.04364961013197899,0.06585336476564407,0.09319767355918884,0.07354361563920975,0.1032768189907074,-0.014357777312397957]}}
{"op_code":8,"worker_id":"d0437bd6-7c66-4694-84f3-0b4c00a03da0-8896","trial_id":69,"user_attr":{"constraints":[-0.10884240066257342,-0.3008024776641798,0.09999999999999998,0.062121212121212105,-0.26490749062038954,-24.0,-8.0,-0.12209015363880904,-0.25,-1354.0162242476656,-0.08333333333333331,-0.058928571428571386]}}
{"op_code":8,"worker_id":"9147d151-9608-4a34-8422-13c8ef09e69e-27448","trial_id":67,"user_attr":{"val_metrics":[0.17805806010406974,0.0237236521200041,0.5757575757575758,0.7720078144870375,-0.2688688831620909]}}
{"op_code":8,"worker_id":"d0437bd6-7c66-4694-84f3-0b4c00a03da0-8896","trial_id":69,"user_attr":{"pruned_reasons":["M3 (Hit Rate < 60%)","M5 (Monotonicity <= 0.25)"]}}
{"op_code":8,"worker_id":"9147d151-9608-4a34-8422-13c8ef09e69e-27448","trial_id":67,"user_attr":{"deflated_objective":1.304075572228875}}
{"op_code":5,"worker_id":"ebbd99d8-23e9-40ca-a4c3-49e18e5f283c-24340","trial_id":70,"param_name":"unified_rho","param_value_internal":0.4241715351485576,"distribution":"{\"name\": \"FloatDistribution\", \"attributes\": {\"step\": null, \"low\": 0.0, \"high\": 1.0, \"log\": false}}"}
{"op_code":9,"worker_id":"9147d151-9608-4a34-8422-13c8ef09e69e-27448","trial_id":67,"system_attr":{"constraints":[-0.08349135579122001,-0.17357481677390496,0.09999999999999998,-0.05909090909090914,-0.23242937278623382,-25.0,-8.0,-0.1252734877734878,-0.25,-1351.5536518130666,-0.06875000000000003,-0.030158730158730107]}}
{"op_code":5,"worker_id":"ebbd99d8-23e9-40ca-a4c3-49e18e5f283c-24340","trial_id":70,"param_name":"unified_gamma","param_value_internal":374.7791255137811,"distribution":"{\"name\": \"FloatDistribution\", \"attributes\": {\"step\": null, \"low\": 1.5, \"high\": 10000.0, \"log\": true}}"}
{"op_code":6,"worker_id":"9147d151-9608-4a34-8422-13c8ef09e69e-27448","trial_id":67,"state":1,"values":[2.553073408708194],"datetime_complete":"2026-07-14T11:41:19.052878"}
{"op_code":5,"worker_id":"ebbd99d8-23e9-40ca-a4c3-49e18e5f283c-24340","trial_id":70,"param_name":"huber_delta","param_value_internal":0.9234708104829233,"distribution":"{\"name\": \"FloatDistribution\", \"attributes\": {\"step\": null, \"low\": 0.5, \"high\": 5.0, \"log\": false}}"}
{"op_code":4,"worker_id":"3d0f103b-e64e-4ca4-a338-ea92e8a7da4d-14384","study_id":0,"datetime_start":"2026-07-14T11:41:19.047690"}
{"op_code":5,"worker_id":"3d0f103b-e64e-4ca4-a338-ea92e8a7da4d-14384","trial_id":71,"param_name":"k_weight","param_value_internal":1.4458880927186422,"distribution":"{\"name\": \"FloatDistribution\", \"attributes\": {\"step\": null, \"low\": 0.0, \"high\": 1.5, \"log\": false}}"}
{"op_code":8,"worker_id":"5c9b8b29-e9a9-4045-a4f4-b422d8561f10-31796","trial_id":51,"user_attr":{"constraints":[-0.08365783501913476,-0.19119593678864194,0.09999999999999998,-0.03484848484848485,-0.20997066705177228,-21.0,-6.0,0.02702702702702703,0.0,-1366.7500558127933,-0.02812500000000001,-0.0658730158730158]}}
{"op_code":8,"worker_id":"5c9b8b29-e9a9-4045-a4f4-b422d8561f10-31796","trial_id":51,"user_attr":{"pruned_reasons":["M3 (Hit Rate < 60%)","Side-specific Yearly Tail IC Mean (-0.0270 <= 0)"]}}
{"op_code":8,"worker_id":"5c9b8b29-e9a9-4045-a4f4-b422d8561f10-31796","trial_id":51,"user_attr":{"gini":0.4061366201019061}}
{"op_code":4,"worker_id":"73a92a14-4401-4ab7-b236-2ca5f79cbc5e-27448","study_id":0,"datetime_start":"2026-07-14T11:41:19.066853"}
{"op_code":5,"worker_id":"da846a01-5632-457d-a851-92f2e0eedacc-27064","trial_id":63,"param_name":"huber_delta","param_value_internal":4.070415532207093,"distribution":"{\"name\": \"FloatDistribution\", \"attributes\": {\"step\": null, \"low\": 0.5, \"high\": 5.0, \"log\": false}}"}
{"op_code":5,"worker_id":"73a92a14-4401-4ab7-b236-2ca5f79cbc5e-27448","trial_id":72,"param_name":"k_weight","param_value_internal":0.7020064159124726,"distribution":"{\"name\": \"FloatDistribution\", \"attributes\": {\"step\": null, \"low\": 0.0, \"high\": 1.5, \"log\": false}}"}
{"op_code":5,"worker_id":"3d0f103b-e64e-4ca4-a338-ea92e8a7da4d-14384","trial_id":71,"param_name":"unified_alpha","param_value_internal":2.2519786279333976e-05,"distribution":"{\"name\": \"FloatDistribution\", \"attributes\": {\"step\": null, \"low\": 1e-05, \"high\": 10.0, \"log\": true}}"}
{"op_code":5,"worker_id":"73a92a14-4401-4ab7-b236-2ca5f79cbc5e-27448","trial_id":72,"param_name":"unified_alpha","param_value_internal":3.6074977626678146e-05,"distribution":"{\"name\": \"FloatDistribution\", \"attributes\": {\"step\": null, \"low\": 1e-05, \"high\": 10.0, \"log\": true}}"}
{"op_code":5,"worker_id":"3d0f103b-e64e-4ca4-a338-ea92e8a7da4d-14384","trial_id":71,"param_name":"unified_rho","param_value_internal":0.3527689358728864,"distribution":"{\"name\": \"FloatDistribution\", \"attributes\": {\"step\": null, \"low\": 0.0, \"high\": 1.0, \"log\": false}}"}
{"op_code":8,"worker_id":"5c9b8b29-e9a9-4045-a4f4-b422d8561f10-31796","trial_id":51,"user_attr":{"cv_is_ics":[0.16837234795093536,0.1261078417301178,0.13100121915340424,0.18517154455184937,0.18434792757034302,0.1791369765996933,0.1901414692401886,0.19944627583026886,0.21346703171730042,0.18409310281276703,0.16605797410011292,0.16692951321601868,0.15089236199855804,0.16704076528549194,0.20807906985282898]}}
{"op_code":5,"worker_id":"3d0f103b-e64e-4ca4-a338-ea92e8a7da4d-14384","trial_id":71,"param_name":"unified_gamma","param_value_internal":430.3006381942946,"distribution":"{\"name\": \"FloatDistribution\", \"attributes\": {\"step\": null, \"low\": 1.5, \"high\": 10000.0, \"log\": true}}"}
{"op_code":8,"worker_id":"5c9b8b29-e9a9-4045-a4f4-b422d8561f10-31796","trial_id":51,"user_attr":{"cv_oos_ics":[0.027541860938072205,0.12565459311008453,0.11769113689661026,0.01881285198032856,0.06878889352083206,0.016376303508877754,0.05756941810250282,0.02965053729712963,0.007873582653701305,0.052977196872234344,0.054534342139959335,0.0864882692694664,0.08476851880550385,0.11272886395454407,0.004896960686892271]}}
{"op_code":8,"worker_id":"5c9b8b29-e9a9-4045-a4f4-b422d8561f10-31796","trial_id":51,"user_attr":{"reg_kappa":3.1310019264645494}}
{"op_code":8,"worker_id":"d0437bd6-7c66-4694-84f3-0b4c00a03da0-8896","trial_id":69,"user_attr":{"gini":0.3968240926274178}}
{"op_code":5,"worker_id":"73a92a14-4401-4ab7-b236-2ca5f79cbc5e-27448","trial_id":72,"param_name":"unified_rho","param_value_internal":0.38796960004476094,"distribution":"{\"name\": \"FloatDistribution\", \"attributes\": {\"step\": null, \"low\": 0.0, \"high\": 1.0, \"log\": false}}"}
{"op_code":8,"worker_id":"d0437bd6-7c66-4694-84f3-0b4c00a03da0-8896","trial_id":69,"user_attr":{"cv_is_ics":[0.1608305126428604,0.10998240858316422,0.11842242628335953,0.17922072112560272,0.1624547839164734,0.17488901317119598,0.17240427434444427,0.1925298571586609,0.19731231033802032,0.16197723150253296,0.1577235758304596,0.14061474800109863,0.1418442726135254,0.14418548345565796,0.19487756490707397]}}
{"op_code":8,"worker_id":"5c9b8b29-e9a9-4045-a4f4-b422d8561f10-31796","trial_id":51,"user_attr":{"raw_metrics":[0.5997291890165932,0.19119593678864194,0.5,0.08365783501913476,0.28484848484848485,0.20997066705177228,-0.3357402848894843,-0.3548596501350403,0.478125]}}
{"op_code":5,"worker_id":"73a92a14-4401-4ab7-b236-2ca5f79cbc5e-27448","trial_id":72,"param_name":"unified_gamma","param_value_internal":468.1683353924807,"distribution":"{\"name\": \"FloatDistribution\", \"attributes\": {\"step\": null, \"low\": 1.5, \"high\": 10000.0, \"log\": true}}"}
{"op_code":8,"worker_id":"d0437bd6-7c66-4694-84f3-0b4c00a03da0-8896","trial_id":69,"user_attr":{"cv_oos_ics":[0.024923142045736313,0.1130390390753746,0.12660393118858337,0.024751750752329826,0.07895370572805405,0.007216729689389467,0.05305984243750572,0.02307542972266674,0.009026727639138699,0.044213805347681046,0.06704869866371155,0.06786227971315384,0.0821523517370224,0.10521567612886429,0.011945555917918682]}}
{"op_code":5,"worker_id":"73a92a14-4401-4ab7-b236-2ca5f79cbc5e-27448","trial_id":72,"param_name":"huber_delta","param_value_internal":1.3160259390694535,"distribution":"{\"name\": \"FloatDistribution\", \"attributes\": {\"step\": null, \"low\": 0.5, \"high\": 5.0, \"log\": false}}"}
{"op_code":8,"worker_id":"4e946209-37d2-441b-93b8-3684aab8b31f-29612","trial_id":49,"user_attr":{"raw_metrics":[0.6185075867796499,0.20284658350767773,0.5,0.08737251826436312,0.3212121212121212,0.21474262420088053,-0.3555742438448744,-0.3478977084159851,0.478125]}}
{"op_code":8,"worker_id":"ebbd99d8-23e9-40ca-a4c3-49e18e5f283c-24340","trial_id":70,"user_attr":{"constraints":[-0.08861729018081274,-0.1794992368320636,0.09999999999999998,0.019696969696969685,-0.2956006276917954,-17.0,-8.0,-0.09042792792792793,0.25,-1374.1726680628547,-0.06875000000000003,-0.03710317460317464]}}
{"op_code":8,"worker_id":"d0437bd6-7c66-4694-84f3-0b4c00a03da0-8896","trial_id":69,"user_attr":{"reg_kappa":3.393062251357908}}
{"op_code":5,"worker_id":"fbc5bd98-a0c4-4421-bf65-3981b1c4217d-4680","trial_id":37,"param_name":"unified_gamma","param_value_internal":1427.1080124407251,"distribution":"{\"name\": \"FloatDistribution\", \"attributes\": {\"step\": null, \"low\": 1.5, \"high\": 10000.0, \"log\": true}}"}
{"op_code":8,"worker_id":"4e946209-37d2-441b-93b8-3684aab8b31f-29612","trial_id":49,"user_attr":{"val_metrics":[0.17648630803814191,0.062059901168975334,0.6363636363636364,0.9126500883342131,-1.2736137568584356]}}
{"op_code":8,"worker_id":"d0437bd6-7c66-4694-84f3-0b4c00a03da0-8896","trial_id":69,"user_attr":{"raw_metrics":[0.7501218774059213,0.3008024776641798,0.5,0.10884240066257342,0.1878787878787879,0.26490749062038954,-0.34920392246152104,-0.38084134459495544,0.5333333333333333]}}
{"op_code":5,"worker_id":"fbc5bd98-a0c4-4421-bf65-3981b1c4217d-4680","trial_id":37,"param_name":"huber_delta","param_value_internal":0.5967790982050198,"distribution":"{\"name\": \"FloatDistribution\", \"attributes\": {\"step\": null, \"low\": 0.5, \"high\": 5.0, \"log\": false}}"}
{"op_code":8,"worker_id":"d0437bd6-7c66-4694-84f3-0b4c00a03da0-8896","trial_id":69,"user_attr":{"val_metrics":[0.19676964538110536,-0.02492960582801193,0.7090909090909091,0.7703799190728561,-0.7860265637933721]}}
{"op_code":8,"worker_id":"4e946209-37d2-441b-93b8-3684aab8b31f-29612","trial_id":49,"user_attr":{"deflated_objective":0.9379774445725673}}
{"op_code":8,"worker_id":"2b5a522d-7f40-4ed1-b402-d678cc05fa53-24364","trial_id":68,"user_attr":{"reg_kappa":3.395016862652634}}
{"op_code":8,"worker_id":"d0437bd6-7c66-4694-84f3-0b4c00a03da0-8896","trial_id":69,"user_attr":{"deflated_objective":1.1051289147749792}}
{"op_code":8,"worker_id":"ebbd99d8-23e9-40ca-a4c3-49e18e5f283c-24340","trial_id":70,"user_attr":{"pruned_reasons":["M3 (Hit Rate < 60%)","M5 (Monotonicity <= 0.25)","Side-specific Hit Rate (25.00% < 50%)"]}}
{"op_code":5,"worker_id":"4a90107e-cbfc-4ab6-b365-b0d3b1c525a8-11668","trial_id":65,"param_name":"huber_delta","param_value_internal":4.036362579591726,"distribution":"{\"name\": \"FloatDistribution\", \"attributes\": {\"step\": null, \"low\": 0.5, \"high\": 5.0, \"log\": false}}"}
{"op_code":8,"worker_id":"2b5a522d-7f40-4ed1-b402-d678cc05fa53-24364","trial_id":68,"user_attr":{"raw_metrics":[0.5684413457520402,0.19299579599731576,0.5,0.08595883322551244,0.2515151515151515,0.2646901885854701,-0.35211498556615306,-0.41402146220207214,0.51875]}}
{"op_code":8,"worker_id":"da846a01-5632-457d-a851-92f2e0eedacc-27064","trial_id":63,"user_attr":{"constraints":[-0.10746501439835002,-0.2590198555244148,0.09999999999999998,0.13181818181818183,-0.26341334746219214,-29.0,-8.0,-0.10172136422136424,0.0,-1342.0736454676792,-0.05833333333333329,-0.07281746031746023]}}
{"op_code":8,"worker_id":"ebbd99d8-23e9-40ca-a4c3-49e18e5f283c-24340","trial_id":70,"user_attr":{"gini":0.3752936838584884}}
{"op_code":8,"worker_id":"ebbd99d8-23e9-40ca-a4c3-49e18e5f283c-24340","trial_id":70,"user_attr":{"cv_is_ics":[0.16461843252182007,0.13753549754619598,0.13654497265815735,0.19349989295005798,0.18893525004386902,0.18126899003982544,0.20273923873901367,0.19995975494384766,0.21573024988174438,0.19510555267333984,0.1786363422870636,0.1867486536502838,0.15569503605365753,0.18550659716129303,0.22226408123970032]}}
{"op_code":8,"worker_id":"5c9b8b29-e9a9-4045-a4f4-b422d8561f10-31796","trial_id":51,"user_attr":{"val_metrics":[0.17479852058479659,0.017010037184583965,0.6727272727272727,0.8742761076630458,-0.4827227732298618]}}
{"op_code":8,"worker_id":"da846a01-5632-457d-a851-92f2e0eedacc-27064","trial_id":63,"user_attr":{"pruned_reasons":["M3 (Hit Rate < 60%)","M5 (Monotonicity <= 0.25)"]}}
{"op_code":8,"worker_id":"da846a01-5632-457d-a851-92f2e0eedacc-27064","trial_id":63,"user_attr":{"gini":0.41946372735136794}}
{"op_code":8,"worker_id":"ebbd99d8-23e9-40ca-a4c3-49e18e5f283c-24340","trial_id":70,"user_attr":{"cv_oos_ics":[0.030361272394657135,0.12443665415048599,0.12655781209468842,-0.009673469699919224,0.051537852734327316,0.03170548006892204,0.056122273206710815,0.02719772234559059,0.01916436478495598,0.04683079198002815,0.061021819710731506,0.09613756835460663,0.07818306982517242,0.10550495237112045,-0.007608816958963871]}}
{"op_code":8,"worker_id":"5c9b8b29-e9a9-4045-a4f4-b422d8561f10-31796","trial_id":51,"user_attr":{"deflated_objective":1.2350684808145813}}
{"op_code":9,"worker_id":"d0437bd6-7c66-4694-84f3-0b4c00a03da0-8896","trial_id":69,"system_attr":{"constraints":[-0.10884240066257342,-0.3008024776641798,0.09999999999999998,0.062121212121212105,-0.26490749062038954,-24.0,-8.0,-0.12209015363880904,-0.25,-1354.0162242476656,-0.08333333333333331,-0.058928571428571386]}}
{"op_code":8,"worker_id":"ebbd99d8-23e9-40ca-a4c3-49e18e5f283c-24340","trial_id":70,"user_attr":{"reg_kappa":3.4439281590692445}}
{"op_code":8,"worker_id":"ebbd99d8-23e9-40ca-a4c3-49e18e5f283c-24340","trial_id":70,"user_attr":{"raw_metrics":[0.5073959491192847,0.1794992368320636,0.5,0.08861729018081274,0.23030303030303031,0.2956006276917954,-0.4252765259193503,-0.45307525992393494,0.51875]}}
{"op_code":8,"worker_id":"ebbd99d8-23e9-40ca-a4c3-49e18e5f283c-24340","trial_id":70,"user_attr":{"val_metrics":[0.17486928459000195,-0.029993462190428644,0.6848484848484848,0.9104901066562836,-0.22533905375025487]}}
{"op_code":6,"worker_id":"d0437bd6-7c66-4694-84f3-0b4c00a03da0-8896","trial_id":69,"state":1,"values":[2.3419535251586234],"datetime_complete":"2026-07-14T11:41:19.132540"}
{"op_code":8,"worker_id":"73a92a14-4401-4ab7-b236-2ca5f79cbc5e-27448","trial_id":72,"user_attr":{"constraints":[-0.06874767792312152,-0.17958936959696836,0.09999999999999998,-0.04999999999999999,-0.22279713595906891,-41.0,-8.0,-0.10003217503217501,0.25,-1324.1902868598524,-0.06875000000000003,-0.05099206349206348]}}
{"op_code":8,"worker_id":"ebbd99d8-23e9-40ca-a4c3-49e18e5f283c-24340","trial_id":70,"user_attr":{"deflated_objective":1.332072258104552}}
{"op_code":9,"worker_id":"ebbd99d8-23e9-40ca-a4c3-49e18e5f283c-24340","trial_id":70,"system_attr":{"constraints":[-0.08861729018081274,-0.1794992368320636,0.09999999999999998,0.019696969696969685,-0.2956006276917954,-17.0,-8.0,-0.09042792792792793,0.25,-1374.1726680628547,-0.06875000000000003,-0.03710317460317464]}}
{"op_code":6,"worker_id":"ebbd99d8-23e9-40ca-a4c3-49e18e5f283c-24340","trial_id":70,"state":1,"values":[2.5595887081057875],"datetime_complete":"2026-07-14T11:41:19.143886"}
{"op_code":8,"worker_id":"73a92a14-4401-4ab7-b236-2ca5f79cbc5e-27448","trial_id":72,"user_attr":{"pruned_reasons":["M3 (Hit Rate < 60%)","Side-specific Hit Rate (25.00% < 50%)"]}}
{"op_code":5,"worker_id":"3d0f103b-e64e-4ca4-a338-ea92e8a7da4d-14384","trial_id":71,"param_name":"huber_delta","param_value_internal":2.140988833882298,"distribution":"{\"name\": \"FloatDistribution\", \"attributes\": {\"step\": null, \"low\": 0.5, \"high\": 5.0, \"log\": false}}"}
{"op_code":9,"worker_id":"5c9b8b29-e9a9-4045-a4f4-b422d8561f10-31796","trial_id":51,"system_attr":{"constraints":[-0.08365783501913476,-0.19119593678864194,0.09999999999999998,-0.03484848484848485,-0.20997066705177228,-21.0,-6.0,0.02702702702702703,0.0,-1366.7500558127933,-0.02812500000000001,-0.0658730158730158]}}
{"op_code":6,"worker_id":"5c9b8b29-e9a9-4045-a4f4-b422d8561f10-31796","trial_id":51,"state":1,"values":[2.4742174224598457],"datetime_complete":"2026-07-14T11:41:19.151154"}
{"op_code":8,"worker_id":"2b5a522d-7f40-4ed1-b402-d678cc05fa53-24364","trial_id":68,"user_attr":{"val_metrics":[0.17749106900646153,0.01773286822404857,0.6,0.7720078144870375,-0.3102693876216436]}}
{"op_code":4,"worker_id":"5c9b8b29-e9a9-4045-a4f4-b422d8561f10-31796","study_id":0,"datetime_start":"2026-07-14T11:41:19.153271"}
{"op_code":8,"worker_id":"fbc5bd98-a0c4-4421-bf65-3981b1c4217d-4680","trial_id":37,"user_attr":{"constraints":[-0.11499345229048984,-0.021027087239626603,0.35,-0.07121212121212123,-0.16672650521310667,-37.0,2.0,0.2761986949705577,0.5,-1346.8956162787586,-0.013541666666666619,-0.03710317460317464]}}
{"op_code":4,"worker_id":"7d07a18c-c7a3-4119-86ce-936bc4f76fe7-24340","study_id":0,"datetime_start":"2026-07-14T11:41:19.156093"}
{"op_code":5,"worker_id":"5c9b8b29-e9a9-4045-a4f4-b422d8561f10-31796","trial_id":73,"param_name":"k_weight","param_value_internal":0.7140493324238578,"distribution":"{\"name\": \"FloatDistribution\", \"attributes\": {\"step\": null, \"low\": 0.0, \"high\": 1.5, \"log\": false}}"}
{"op_code":5,"worker_id":"7d07a18c-c7a3-4119-86ce-936bc4f76fe7-24340","trial_id":74,"param_name":"k_weight","param_value_internal":0.6911405611247172,"distribution":"{\"name\": \"FloatDistribution\", \"attributes\": {\"step\": null, \"low\": 0.0, \"high\": 1.5, \"log\": false}}"}
{"op_code":5,"worker_id":"5c9b8b29-e9a9-4045-a4f4-b422d8561f10-31796","trial_id":73,"param_name":"unified_alpha","param_value_internal":2.6969609390499507e-05,"distribution":"{\"name\": \"FloatDistribution\", \"attributes\": {\"step\": null, \"low\": 1e-05, \"high\": 10.0, \"log\": true}}"}
{"op_code":5,"worker_id":"7d07a18c-c7a3-4119-86ce-936bc4f76fe7-24340","trial_id":74,"param_name":"unified_alpha","param_value_internal":3.414660530847862e-05,"distribution":"{\"name\": \"FloatDistribution\", \"attributes\": {\"step\": null, \"low\": 1e-05, \"high\": 10.0, \"log\": true}}"}
{"op_code":4,"worker_id":"222dcb9a-8f9e-419b-a957-83284cc13164-8896","study_id":0,"datetime_start":"2026-07-14T11:41:19.145828"}
{"op_code":8,"worker_id":"73a92a14-4401-4ab7-b236-2ca5f79cbc5e-27448","trial_id":72,"user_attr":{"gini":0.4631676913192746}}
{"op_code":8,"worker_id":"2b5a522d-7f40-4ed1-b402-d678cc05fa53-24364","trial_id":68,"user_attr":{"deflated_objective":1.3308770066258417}}
{"op_code":5,"worker_id":"222dcb9a-8f9e-419b-a957-83284cc13164-8896","trial_id":75,"param_name":"k_weight","param_value_internal":0.742533000551838,"distribution":"{\"name\": \"FloatDistribution\", \"attributes\": {\"step\": null, \"low\": 0.0, \"high\": 1.5, \"log\": false}}"}
{"op_code":5,"worker_id":"7d07a18c-c7a3-4119-86ce-936bc4f76fe7-24340","trial_id":74,"param_name":"unified_rho","param_value_internal":0.3460420837007127,"distribution":"{\"name\": \"FloatDistribution\", \"attributes\": {\"step\": null, \"low\": 0.0, \"high\": 1.0, \"log\": false}}"}
{"op_code":8,"worker_id":"73a92a14-4401-4ab7-b236-2ca5f79cbc5e-27448","trial_id":72,"user_attr":{"cv_is_ics":[0.17532943189144135,0.15206514298915863,0.14313866198062897,0.18923333287239075,0.1926691234111786,0.19246046245098114,0.20860889554023743,0.20205028355121613,0.22871308028697968,0.20404022932052612,0.1848205029964447,0.18603697419166565,0.15579116344451904,0.1820947229862213,0.22093358635902405]}}
{"op_code":5,"worker_id":"222dcb9a-8f9e-419b-a957-83284cc13164-8896","trial_id":75,"param_name":"unified_alpha","param_value_internal":3.4123668681464866e-05,"distribution":"{\"name\": \"FloatDistribution\", \"attributes\": {\"step\": null, \"low\": 1e-05, \"high\": 10.0, \"log\": true}}"}
{"op_code":5,"worker_id":"7d07a18c-c7a3-4119-86ce-936bc4f76fe7-24340","trial_id":74,"param_name":"unified_gamma","param_value_internal":880.7148208694103,"distribution":"{\"name\": \"FloatDistribution\", \"attributes\": {\"step\": null, \"low\": 1.5, \"high\": 10000.0, \"log\": true}}"}
{"op_code":8,"worker_id":"fbc5bd98-a0c4-4421-bf65-3981b1c4217d-4680","trial_id":37,"user_attr":{"pruned_reasons":["M3 (Hit Rate < 60%)","Active features count (3) is less than active feature floor (5)","Side-specific Yearly Tail IC Mean (-0.2762 <= 0)","Side-specific Hit Rate (0.00% < 50%)"]}}
{"op_code":5,"worker_id":"7d07a18c-c7a3-4119-86ce-936bc4f76fe7-24340","trial_id":74,"param_name":"huber_delta","param_value_internal":2.1251539741529846,"distribution":"{\"name\": \"FloatDistribution\", \"attributes\": {\"step\": null, \"low\": 0.5, \"high\": 5.0, \"log\": false}}"}
{"op_code":8,"worker_id":"fbc5bd98-a0c4-4421-bf65-3981b1c4217d-4680","trial_id":37,"user_attr":{"gini":0.8516013297394986}}
{"op_code":5,"worker_id":"222dcb9a-8f9e-419b-a957-83284cc13164-8896","trial_id":75,"param_name":"unified_rho","param_value_internal":0.32933926254028684,"distribution":"{\"name\": \"FloatDistribution\", \"attributes\": {\"step\": null, \"low\": 0.0, \"high\": 1.0, \"log\": false}}"}
{"op_code":5,"worker_id":"5c9b8b29-e9a9-4045-a4f4-b422d8561f10-31796","trial_id":73,"param_name":"unified_rho","param_value_internal":0.3294129090446594,"distribution":"{\"name\": \"FloatDistribution\", \"attributes\": {\"step\": null, \"low\": 0.0, \"high\": 1.0, \"log\": false}}"}
{"op_code":8,"worker_id":"fbc5bd98-a0c4-4421-bf65-3981b1c4217d-4680","trial_id":37,"user_attr":{"cv_is_ics":[0.15017510950565338,0.10703108459711075,0.08708934485912323,0.15756037831306458,0.17409886419773102,0.1621667593717575,0.1454944908618927,0.1719091385602951,0.185615673661232,0.12844356894493103,0.1572290062904358,0.16466449201107025,0.10883832722902298,0.13085336983203888,0.1882057934999466]}}
{"op_code":8,"worker_id":"3d0f103b-e64e-4ca4-a338-ea92e8a7da4d-14384","trial_id":71,"user_attr":{"constraints":[-0.0882750587721164,-0.27043595968368006,0.09999999999999998,-0.1166666666666667,-0.29400236557858683,-17.0,-8.0,-0.05445624195624196,-0.25,-1374.5333799566952,-0.05833333333333329,-0.0658730158730158]}}
{"op_code":5,"worker_id":"222dcb9a-8f9e-419b-a957-83284cc13164-8896","trial_id":75,"param_name":"unified_gamma","param_value_internal":663.7087877257766,"distribution":"{\"name\": \"FloatDistribution\", \"attributes\": {\"step\": null, \"low\": 1.5, \"high\": 10000.0, \"log\": true}}"}
{"op_code":8,"worker_id":"fbc5bd98-a0c4-4421-bf65-3981b1c4217d-4680","trial_id":37,"user_attr":{"cv_oos_ics":[0.0554681122303009,0.08361353725194931,0.10241702944040298,0.12186343967914581,0.10840090364217758,0.09426216036081314,0.0056825922802090645,0.09583431482315063,0.02430291287600994,0.09001501649618149,0.10846225172281265,0.0777331292629242,0.16615666449069977,0.14985649287700653,0.04024353250861168]}}
{"op_code":8,"worker_id":"3d0f103b-e64e-4ca4-a338-ea92e8a7da4d-14384","trial_id":71,"user_attr":{"pruned_reasons":["M3 (Hit Rate < 60%)"]}}
{"op_code":5,"worker_id":"5c9b8b29-e9a9-4045-a4f4-b422d8561f10-31796","trial_id":73,"param_name":"unified_gamma","param_value_internal":646.166835800093,"distribution":"{\"name\": \"FloatDistribution\", \"attributes\": {\"step\": null, \"low\": 1.5, \"high\": 10000.0, \"log\": true}}"}
{"op_code":8,"worker_id":"73a92a14-4401-4ab7-b236-2ca5f79cbc5e-27448","trial_id":72,"user_attr":{"cv_oos_ics":[0.054740600287914276,0.13843119144439697,0.10804842412471771,-0.0019389019580557942,0.042343392968177795,0.0462983176112175,0.05980946496129036,0.03540803864598274,0.010800674557685852,0.03625049442052841,0.06571071594953537,0.09754974395036697,0.05531170964241028,0.0958106517791748,-0.024623464792966843]}}
{"op_code":8,"worker_id":"4a90107e-cbfc-4ab6-b365-b0d3b1c525a8-11668","trial_id":65,"user_attr":{"constraints":[-0.11160006487729118,-0.3195813431755681,0.09999999999999998,0.010606060606060619,-0.28214178094950815,-24.0,-8.0,-0.10333011583011582,0.0,-1353.4525624064493,-0.07812499999999994,-0.07281746031746023]}}
{"op_code":8,"worker_id":"73a92a14-4401-4ab7-b236-2ca5f79cbc5e-27448","trial_id":72,"user_attr":{"reg_kappa":3.3186395317491035}}
{"op_code":8,"worker_id":"73a92a14-4401-4ab7-b236-2ca5f79cbc5e-27448","trial_id":72,"user_attr":{"raw_metrics":[0.5224359820307604,0.17958936959696836,0.5,0.06874767792312152,0.3,0.22279713595906891,-0.2372667789873717,-0.300041526556015,0.51875]}}
{"op_code":5,"worker_id":"5c9b8b29-e9a9-4045-a4f4-b422d8561f10-31796","trial_id":73,"param_name":"huber_delta","param_value_internal":2.142108672218467,"distribution":"{\"name\": \"FloatDistribution\", \"attributes\": {\"step\": null, \"low\": 0.5, \"high\": 5.0, \"log\": false}}"}
{"op_code":8,"worker_id":"3d0f103b-e64e-4ca4-a338-ea92e8a7da4d-14384","trial_id":71,"user_attr":{"gini":0.37011147377390685}}
{"op_code":8,"worker_id":"3d0f103b-e64e-4ca4-a338-ea92e8a7da4d-14384","trial_id":71,"user_attr":{"cv_is_ics":[0.1700313538312912,0.12169773876667023,0.1285124123096466,0.18416112661361694,0.17891959846019745,0.17793461680412292,0.18560971319675446,0.1984870731830597,0.2110699713230133,0.1777569204568863,0.16484592854976654,0.15855082869529724,0.14740443229675293,0.1595718413591385,0.20883367955684662]}}
{"op_code":8,"worker_id":"73a92a14-4401-4ab7-b236-2ca5f79cbc5e-27448","trial_id":72,"user_attr":{"val_metrics":[0.1669423974230533,0.11929815037879807,0.8787878787878788,0.8580043382024851,-1.0999115971557436]}}
{"op_code":9,"worker_id":"2b5a522d-7f40-4ed1-b402-d678cc05fa53-24364","trial_id":68,"system_attr":{"constraints":[-0.08595883322551244,-0.19299579599731576,0.09999999999999998,-0.001515151515151525,-0.2646901885854701,-23.0,-8.0,-0.1492921492921493,-0.25,-1354.7681491834899,-0.06875000000000003,-0.030158730158730107]}}
{"op_code":6,"worker_id":"2b5a522d-7f40-4ed1-b402-d678cc05fa53-24364","trial_id":68,"state":1,"values":[2.536484436682131],"datetime_complete":"2026-07-14T11:41:19.205887"}
{"op_code":8,"worker_id":"73a92a14-4401-4ab7-b236-2ca5f79cbc5e-27448","trial_id":72,"user_attr":{"deflated_objective":1.0863555557388311}}
{"op_code":9,"worker_id":"73a92a14-4401-4ab7-b236-2ca5f79cbc5e-27448","trial_id":72,"system_attr":{"constraints":[-0.06874767792312152,-0.17958936959696836,0.09999999999999998,-0.04999999999999999,-0.22279713595906891,-41.0,-8.0,-0.10003217503217501,0.25,-1324.1902868598524,-0.06875000000000003,-0.05099206349206348]}}
{"op_code":6,"worker_id":"73a92a14-4401-4ab7-b236-2ca5f79cbc5e-27448","trial_id":72,"state":1,"values":[2.288077586475678],"datetime_complete":"2026-07-14T11:41:19.212027"}
{"op_code":8,"worker_id":"7d07a18c-c7a3-4119-86ce-936bc4f76fe7-24340","trial_id":74,"user_attr":{"constraints":[-0.0830121878976201,-0.25000065790339343,0.09999999999999998,0.022727272727272763,-0.3021793474877874,-42.0,-8.0,0.003104890604890609,0.25,-1323.7475580626801,-0.10833333333333334,-0.0936507936507936]}}
{"op_code":4,"worker_id":"73a92a14-4401-4ab7-b236-2ca5f79cbc5e-27448","study_id":0,"datetime_start":"2026-07-14T11:41:19.214243"}
{"op_code":8,"worker_id":"7d07a18c-c7a3-4119-86ce-936bc4f76fe7-24340","trial_id":74,"user_attr":{"pruned_reasons":["M3 (Hit Rate < 60%)","M5 (Monotonicity <= 0.25)","Side-specific Yearly Tail IC Mean (-0.0031 <= 0)","Side-specific Hit Rate (25.00% < 50%)"]}}
{"op_code":8,"worker_id":"7d07a18c-c7a3-4119-86ce-936bc4f76fe7-24340","trial_id":74,"user_attr":{"gini":0.39320221292858837}}
{"op_code":8,"worker_id":"7d07a18c-c7a3-4119-86ce-936bc4f76fe7-24340","trial_id":74,"user_attr":{"cv_is_ics":[0.17596343159675598,0.1406601369380951,0.1361912488937378,0.18766318261623383,0.1923241764307022,0.1864415556192398,0.19945627450942993,0.20396165549755096,0.2230338454246521,0.1951882243156433,0.17327526211738586,0.17438390851020813,0.1536811888217926,0.17267918586730957,0.21099890768527985]}}
{"op_code":5,"worker_id":"73a92a14-4401-4ab7-b236-2ca5f79cbc5e-27448","trial_id":76,"param_name":"k_weight","param_value_internal":0.8485619701556104,"distribution":"{\"name\": \"FloatDistribution\", \"attributes\": {\"step\": null, \"low\": 0.0, \"high\": 1.5, \"log\": false}}"}
{"op_code":8,"worker_id":"7d07a18c-c7a3-4119-86ce-936bc4f76fe7-24340","trial_id":74,"user_attr":{"cv_oos_ics":[0.0526576042175293,0.1353568136692047,0.11790477484464645,0.0021768140140920877,0.07293817400932312,0.03271116688847542,0.054293420165777206,0.03345487266778946,0.003386915661394596,0.03597955033183098,0.06358063220977783,0.08972303569316864,0.07580038905143738,0.10596954822540283,-0.01357840746641159]}}
{"op_code":4,"worker_id":"84b5edc7-c73b-436f-9316-6ab388220782-24364","study_id":0,"datetime_start":"2026-07-14T11:41:19.217685"}
{"op_code":8,"worker_id":"7d07a18c-c7a3-4119-86ce-936bc4f76fe7-24340","trial_id":74,"user_attr":{"reg_kappa":3.317528302065875}}
{"op_code":5,"worker_id":"84b5edc7-c73b-436f-9316-6ab388220782-24364","trial_id":77,"param_name":"k_weight","param_value_internal":0.8664589760244278,"distribution":"{\"name\": \"FloatDistribution\", \"attributes\": {\"step\": null, \"low\": 0.0, \"high\": 1.5, \"log\": false}}"}
{"op_code":8,"worker_id":"7d07a18c-c7a3-4119-86ce-936bc4f76fe7-24340","trial_id":74,"user_attr":{"raw_metrics":[0.620721303461526,0.25000065790339343,0.5,0.0830121878976201,0.22727272727272724,0.3021793474877874,-0.23571902675373105,-0.2746846377849579,0.5583333333333333]}}
{"op_code":5,"worker_id":"84b5edc7-c73b-436f-9316-6ab388220782-24364","trial_id":77,"param_name":"unified_alpha","param_value_internal":0.00034111006322631637,"distribution":"{\"name\": \"FloatDistribution\", \"attributes\": {\"step\": null, \"low\": 1e-05, \"high\": 10.0, \"log\": true}}"}
{"op_code":8,"worker_id":"7d07a18c-c7a3-4119-86ce-936bc4f76fe7-24340","trial_id":74,"user_attr":{"val_metrics":[0.1709337510334254,0.12024919083913888,0.5272727272727272,0.8343934555254553,-2.428701677217764]}}
{"op_code":5,"worker_id":"84b5edc7-c73b-436f-9316-6ab388220782-24364","trial_id":77,"param_name":"unified_rho","param_value_internal":0.641891284147963,"distribution":"{\"name\": \"FloatDistribution\", \"attributes\": {\"step\": null, \"low\": 0.0, \"high\": 1.0, \"log\": false}}"}
{"op_code":8,"worker_id":"5c9b8b29-e9a9-4045-a4f4-b422d8561f10-31796","trial_id":73,"user_attr":{"constraints":[-0.08391919849723806,-0.25059770523296354,0.09999999999999998,0.04999999999999999,-0.3775446609718104,-41.0,-8.0,0.01628056628056629,0.25,-1324.6881680623937,-0.1135416666666666,-0.0936507936507936]}}
{"op_code":5,"worker_id":"84b5edc7-c73b-436f-9316-6ab388220782-24364","trial_id":77,"param_name":"unified_gamma","param_value_internal":234.3044012449742,"distribution":"{\"name\": \"FloatDistribution\", \"attributes\": {\"step\": null, \"low\": 1.5, \"high\": 10000.0, \"log\": true}}"}
{"op_code":8,"worker_id":"5c9b8b29-e9a9-4045-a4f4-b422d8561f10-31796","trial_id":73,"user_attr":{"pruned_reasons":["M3 (Hit Rate < 60%)","M5 (Monotonicity <= 0.25)","Side-specific Yearly Tail IC Mean (-0.0163 <= 0)","Side-specific Hit Rate (25.00% < 50%)"]}}
{"op_code":8,"worker_id":"5c9b8b29-e9a9-4045-a4f4-b422d8561f10-31796","trial_id":73,"user_attr":{"gini":0.3908663004484696}}
{"op_code":8,"worker_id":"5c9b8b29-e9a9-4045-a4f4-b422d8561f10-31796","trial_id":73,"user_attr":{"cv_is_ics":[0.17646503448486328,0.14050139486789703,0.13631419837474823,0.18732452392578125,0.19284802675247192,0.18627963960170746,0.199062317609787,0.20406034588813782,0.2227083444595337,0.19478559494018555,0.17311212420463562,0.17373189330101013,0.15335936844348907,0.17202799022197723,0.2104288637638092]}}
{"op_code":8,"worker_id":"7d07a18c-c7a3-4119-86ce-936bc4f76fe7-24340","trial_id":74,"user_attr":{"deflated_objective":0.5393658901833178}}
{"op_code":9,"worker_id":"7d07a18c-c7a3-4119-86ce-936bc4f76fe7-24340","trial_id":74,"system_attr":{"constraints":[-0.0830121878976201,-0.25000065790339343,0.09999999999999998,0.022727272727272763,-0.3021793474877874,-42.0,-8.0,0.003104890604890609,0.25,-1323.7475580626801,-0.10833333333333334,-0.0936507936507936]}}
{"op_code":6,"worker_id":"7d07a18c-c7a3-4119-86ce-936bc4f76fe7-24340","trial_id":74,"state":1,"values":[1.7221895909011173],"datetime_complete":"2026-07-14T11:41:19.250802"}
{"op_code":5,"worker_id":"84b5edc7-c73b-436f-9316-6ab388220782-24364","trial_id":77,"param_name":"huber_delta","param_value_internal":1.3267115770061015,"distribution":"{\"name\": \"FloatDistribution\", \"attributes\": {\"step\": null, \"low\": 0.5, \"high\": 5.0, \"log\": false}}"}
{"op_code":4,"worker_id":"7d07a18c-c7a3-4119-86ce-936bc4f76fe7-24340","study_id":0,"datetime_start":"2026-07-14T11:41:19.253297"}
{"op_code":8,"worker_id":"fbc5bd98-a0c4-4421-bf65-3981b1c4217d-4680","trial_id":37,"user_attr":{"reg_kappa":2.9410193108410523}}
{"op_code":8,"worker_id":"5c9b8b29-e9a9-4045-a4f4-b422d8561f10-31796","trial_id":73,"user_attr":{"cv_oos_ics":[0.05116049945354462,0.1354968100786209,0.11913803219795227,0.0014914007624611259,0.07310489565134048,0.031471189111471176,0.05452451854944229,0.03444141522049904,0.0020895276684314013,0.03699399158358574,0.06295985728502274,0.09023386985063553,0.07647056877613068,0.10620543360710144,-0.01300782524049282]}}
{"op_code":5,"worker_id":"7d07a18c-c7a3-4119-86ce-936bc4f76fe7-24340","trial_id":78,"param_name":"k_weight","param_value_internal":0.9157653350817432,"distribution":"{\"name\": \"FloatDistribution\", \"attributes\": {\"step\": null, \"low\": 0.0, \"high\": 1.5, \"log\": false}}"}
{"op_code":8,"worker_id":"5c9b8b29-e9a9-4045-a4f4-b422d8561f10-31796","trial_id":73,"user_attr":{"reg_kappa":3.3199114664149}}
{"op_code":8,"worker_id":"fbc5bd98-a0c4-4421-bf65-3981b1c4217d-4680","trial_id":37,"user_attr":{"raw_metrics":[0.11073063144472753,0.021027087239626603,0.25,0.11499345229048984,0.3212121212121212,0.16672650521310667,-0.07383298820194228,-0.07865166664123535,0.46354166666666663]}}
{"op_code":8,"worker_id":"fbc5bd98-a0c4-4421-bf65-3981b1c4217d-4680","trial_id":37,"user_attr":{"val_metrics":[0.20910411915798807,-0.15586027501043778,0.8303030303030303,0.4550302617413842,-0.2993720100654391]}}
{"op_code":5,"worker_id":"7d07a18c-c7a3-4119-86ce-936bc4f76fe7-24340","trial_id":78,"param_name":"unified_alpha","param_value_internal":0.0003547851969766824,"distribution":"{\"name\": \"FloatDistribution\", \"attributes\": {\"step\": null, \"low\": 1e-05, \"high\": 10.0, \"log\": true}}"}
{"op_code":8,"worker_id":"5c9b8b29-e9a9-4045-a4f4-b422d8561f10-31796","trial_id":73,"user_attr":{"raw_metrics":[0.6231347482483679,0.25059770523296354,0.5,0.08391919849723806,0.2,0.3775446609718104,-0.23901095683368723,-0.2782055735588074,0.5635416666666666]}}
{"op_code":8,"worker_id":"3d0f103b-e64e-4ca4-a338-ea92e8a7da4d-14384","trial_id":71,"user_attr":{"cv_oos_ics":[0.03269270807504654,0.12407734245061874,0.12281595170497894,0.007087188307195902,0.07018008083105087,0.012371081858873367,0.048966240137815475,0.028901465237140656,0.016491489484906197,0.0450361967086792,0.0558946318924427,0.08176562935113907,0.08518927544355392,0.11209293454885483,-0.0010001115733757615]}}
{"op_code":5,"worker_id":"7d07a18c-c7a3-4119-86ce-936bc4f76fe7-24340","trial_id":78,"param_name":"unified_rho","param_value_internal":0.6608248506142927,"distribution":"{\"name\": \"FloatDistribution\", \"attributes\": {\"step\": null, \"low\": 0.0, \"high\": 1.0, \"log\": false}}"}
{"op_code":8,"worker_id":"fbc5bd98-a0c4-4421-bf65-3981b1c4217d-4680","trial_id":37,"user_attr":{"deflated_objective":1.3258709764053698}}
{"op_code":8,"worker_id":"5c9b8b29-e9a9-4045-a4f4-b422d8561f10-31796","trial_id":73,"user_attr":{"val_metrics":[0.17221409604686158,0.12434825202614119,0.6,0.8950283199386753,-1.9908168586236723]}}
{"op_code":9,"worker_id":"fbc5bd98-a0c4-4421-bf65-3981b1c4217d-4680","trial_id":37,"system_attr":{"constraints":[-0.11499345229048984,-0.021027087239626603,0.35,-0.07121212121212123,-0.16672650521310667,-37.0,2.0,0.2761986949705577,0.5,-1346.8956162787586,-0.013541666666666619,-0.03710317460317464]}}
{"op_code":6,"worker_id":"fbc5bd98-a0c4-4421-bf65-3981b1c4217d-4680","trial_id":37,"state":1,"values":[2.497597738460162],"datetime_complete":"2026-07-14T11:41:19.277348"}
{"op_code":5,"worker_id":"7d07a18c-c7a3-4119-86ce-936bc4f76fe7-24340","trial_id":78,"param_name":"unified_gamma","param_value_internal":45.218656994088114,"distribution":"{\"name\": \"FloatDistribution\", \"attributes\": {\"step\": null, \"low\": 1.5, \"high\": 10000.0, \"log\": true}}"}
{"op_code":8,"worker_id":"3d0f103b-e64e-4ca4-a338-ea92e8a7da4d-14384","trial_id":71,"user_attr":{"reg_kappa":3.444849566009952}}
{"op_code":5,"worker_id":"7d07a18c-c7a3-4119-86ce-936bc4f76fe7-24340","trial_id":78,"param_name":"huber_delta","param_value_internal":2.666210564971539,"distribution":"{\"name\": \"FloatDistribution\", \"attributes\": {\"step\": null, \"low\": 0.5, \"high\": 5.0, \"log\": false}}"}
{"op_code":8,"worker_id":"3d0f103b-e64e-4ca4-a338-ea92e8a7da4d-14384","trial_id":71,"user_attr":{"raw_metrics":[0.6824494017465601,0.27043595968368006,0.5,0.0882750587721164,0.3666666666666667,0.29400236557858683,-0.4265831093155894,-0.4070814847946167,0.5083333333333333]}}
{"op_code":8,"worker_id":"5c9b8b29-e9a9-4045-a4f4-b422d8561f10-31796","trial_id":73,"user_attr":{"deflated_objective":0.7405905514493942}}
{"op_code":8,"worker_id":"3d0f103b-e64e-4ca4-a338-ea92e8a7da4d-14384","trial_id":71,"user_attr":{"val_metrics":[0.18081214244330457,0.04112110321812201,0.8303030303030303,0.8921999752359546,-0.9301092350410949]}}
{"op_code":9,"worker_id":"5c9b8b29-e9a9-4045-a4f4-b422d8561f10-31796","trial_id":73,"system_attr":{"constraints":[-0.08391919849723806,-0.25059770523296354,0.09999999999999998,0.04999999999999999,-0.3775446609718104,-41.0,-8.0,0.01628056628056629,0.25,-1324.6881680623937,-0.1135416666666666,-0.0936507936507936]}}
{"op_code":6,"worker_id":"5c9b8b29-e9a9-4045-a4f4-b422d8561f10-31796","trial_id":73,"state":1,"values":[1.9063839045692061],"datetime_complete":"2026-07-14T11:41:19.290244"}
{"op_code":5,"worker_id":"73a92a14-4401-4ab7-b236-2ca5f79cbc5e-27448","trial_id":76,"param_name":"unified_alpha","param_value_internal":0.004588392168266956,"distribution":"{\"name\": \"FloatDistribution\", \"attributes\": {\"step\": null, \"low\": 1e-05, \"high\": 10.0, \"log\": true}}"}
{"op_code":8,"worker_id":"3d0f103b-e64e-4ca4-a338-ea92e8a7da4d-14384","trial_id":71,"user_attr":{"deflated_objective":1.1006419064032784}}
{"op_code":5,"worker_id":"73a92a14-4401-4ab7-b236-2ca5f79cbc5e-27448","trial_id":76,"param_name":"unified_rho","param_value_internal":0.3018806238406922,"distribution":"{\"name\": \"FloatDistribution\", \"attributes\": {\"step\": null, \"low\": 0.0, \"high\": 1.0, \"log\": false}}"}
{"op_code":8,"worker_id":"84b5edc7-c73b-436f-9316-6ab388220782-24364","trial_id":77,"user_attr":{"constraints":[-0.07306004918015874,-0.21112333714917303,0.09999999999999998,0.08030303030303032,-0.2341632880270481,-36.0,-8.0,-0.09202059202059204,0.25,-1331.6330315017383,-0.06875000000000003,-0.0579365079365079]}}
{"op_code":5,"worker_id":"73a92a14-4401-4ab7-b236-2ca5f79cbc5e-27448","trial_id":76,"param_name":"unified_gamma","param_value_internal":203.45768018651347,"distribution":"{\"name\": \"FloatDistribution\", \"attributes\": {\"step\": null, \"low\": 1.5, \"high\": 10000.0, \"log\": true}}"}
{"op_code":8,"worker_id":"84b5edc7-c73b-436f-9316-6ab388220782-24364","trial_id":77,"user_attr":{"pruned_reasons":["M3 (Hit Rate < 60%)","M5 (Monotonicity <= 0.25)","Side-specific Hit Rate (25.00% < 50%)"]}}
{"op_code":4,"worker_id":"ad394823-810c-4f73-aaf6-1e9554a690f4-31796","study_id":0,"datetime_start":"2026-07-14T11:41:19.300394"}
{"op_code":5,"worker_id":"73a92a14-4401-4ab7-b236-2ca5f79cbc5e-27448","trial_id":76,"param_name":"huber_delta","param_value_internal":2.1497167961071093,"distribution":"{\"name\": \"FloatDistribution\", \"attributes\": {\"step\": null, \"low\": 0.5, \"high\": 5.0, \"log\": false}}"}
{"op_code":5,"worker_id":"ad394823-810c-4f73-aaf6-1e9554a690f4-31796","trial_id":79,"param_name":"k_weight","param_value_internal":0.8188887763070738,"distribution":"{\"name\": \"FloatDistribution\", \"attributes\": {\"step\": null, \"low\": 0.0, \"high\": 1.5, \"log\": false}}"}
{"op_code":8,"worker_id":"84b5edc7-c73b-436f-9316-6ab388220782-24364","trial_id":77,"user_attr":{"gini":0.45009514020894037}}
{"op_code":5,"worker_id":"ad394823-810c-4f73-aaf6-1e9554a690f4-31796","trial_id":79,"param_name":"unified_alpha","param_value_internal":0.0003578006051762356,"distribution":"{\"name\": \"FloatDistribution\", \"attributes\": {\"step\": null, \"low\": 1e-05, \"high\": 10.0, \"log\": true}}"}
{"op_code":8,"worker_id":"84b5edc7-c73b-436f-9316-6ab388220782-24364","trial_id":77,"user_attr":{"cv_is_ics":[0.1748301088809967,0.15107694268226624,0.14089921116828918,0.1920088231563568,0.19336159527301788,0.19150708615779877,0.2070195972919464,0.20364326238632202,0.22765551507472992,0.20204830169677734,0.18265533447265625,0.18600130081176758,0.15405747294425964,0.18108557164669037,0.22087609767913818]}}
{"op_code":5,"worker_id":"ad394823-810c-4f73-aaf6-1e9554a690f4-31796","trial_id":79,"param_name":"unified_rho","param_value_internal":0.5376860200088144,"distribution":"{\"name\": \"FloatDistribution\", \"attributes\": {\"step\": null, \"low\": 0.0, \"high\": 1.0, \"log\": false}}"}
{"op_code":5,"worker_id":"ad394823-810c-4f73-aaf6-1e9554a690f4-31796","trial_id":79,"param_name":"unified_gamma","param_value_internal":215.2365420427461,"distribution":"{\"name\": \"FloatDistribution\", \"attributes\": {\"step\": null, \"low\": 1.5, \"high\": 10000.0, \"log\": true}}"}
{"op_code":8,"worker_id":"84b5edc7-c73b-436f-9316-6ab388220782-24364","trial_id":77,"user_attr":{"cv_oos_ics":[0.046777624636888504,0.1398465782403946,0.11306237429380417,-0.005181464366614819,0.04656875133514404,0.044184938073158264,0.05445200204849243,0.031750332564115524,0.013902292586863041,0.037071287631988525,0.06167606636881828,0.09278884530067444,0.05875743553042412,0.096192367374897,-0.023228885605931282]}}
{"op_code":5,"worker_id":"ad394823-810c-4f73-aaf6-1e9554a690f4-31796","trial_id":79,"param_name":"huber_delta","param_value_internal":1.3037651646190143,"distribution":"{\"name\": \"FloatDistribution\", \"attributes\": {\"step\": null, \"low\": 0.5, \"high\": 5.0, \"log\": false}}"}
{"op_code":8,"worker_id":"84b5edc7-c73b-436f-9316-6ab388220782-24364","trial_id":77,"user_attr":{"reg_kappa":3.3366798019726707}}
{"op_code":8,"worker_id":"7d07a18c-c7a3-4119-86ce-936bc4f76fe7-24340","trial_id":78,"user_attr":{"constraints":[-0.09260790600014919,-0.27422564770589086,0.09999999999999998,-0.08030303030303032,-0.3833705993307133,-34.0,-8.0,-0.11570150059869153,-0.25,-1334.148805584377,-0.11874999999999997,-0.0658730158730158]}}
{"op_code":8,"worker_id":"7d07a18c-c7a3-4119-86ce-936bc4f76fe7-24340","trial_id":78,"user_attr":{"pruned_reasons":["M3 (Hit Rate < 60%)"]}}
{"op_code":8,"worker_id":"7d07a18c-c7a3-4119-86ce-936bc4f76fe7-24340","trial_id":78,"user_attr":{"gini":0.3674725744208156}}
{"op_code":8,"worker_id":"7d07a18c-c7a3-4119-86ce-936bc4f76fe7-24340","trial_id":78,"user_attr":{"cv_is_ics":[0.1766853779554367,0.1362309604883194,0.13071081042289734,0.18862688541412354,0.19022482633590698,0.18720436096191406,0.19262196123600006,0.20132620632648468,0.21860657632350922,0.18213792145252228,0.1682790219783783,0.16642004251480103,0.14964453876018524,0.16320501267910004,0.20872287452220917]}}
{"op_code":8,"worker_id":"7d07a18c-c7a3-4119-86ce-936bc4f76fe7-24340","trial_id":78,"user_attr":{"cv_oos_ics":[0.050960615277290344,0.13171027600765228,0.12423776090145111,0.009336831979453564,0.07624012231826782,0.030924515798687935,0.05820533260703087,0.035443101078271866,0.005584824830293655,0.043759580701589584,0.06275824457406998,0.08824869990348816,0.08688823133707047,0.10973809659481049,-0.005305771250277758]}}
{"op_code":8,"worker_id":"7d07a18c-c7a3-4119-86ce-936bc4f76fe7-24340","trial_id":78,"user_attr":{"reg_kappa":3.3429928165019933}}
{"op_code":8,"worker_id":"7d07a18c-c7a3-4119-86ce-936bc4f76fe7-24340","trial_id":78,"user_attr":{"raw_metrics":[0.6739727247924805,0.27422564770589086,0.5,0.09260790600014919,0.3303030303030303,0.3833705993307133,-0.2731489834396407,-0.31463637948036194,0.56875]}}
{"op_code":8,"worker_id":"7d07a18c-c7a3-4119-86ce-936bc4f76fe7-24340","trial_id":78,"user_attr":{"val_metrics":[0.18367962300206103,0.08528336069022652,0.6121212121212121,0.8361126676039852,-0.8813057099839563]}}
{"op_code":8,"worker_id":"84b5edc7-c73b-436f-9316-6ab388220782-24364","trial_id":77,"user_attr":{"raw_metrics":[0.6124329163587358,0.21112333714917303,0.5,0.07306004918015874,0.16969696969696968,0.2341632880270481,-0.2638860539345123,-0.3251768946647644,0.51875]}}
{"op_code":8,"worker_id":"84b5edc7-c73b-436f-9316-6ab388220782-24364","trial_id":77,"user_attr":{"val_metrics":[0.16937606386294213,0.04723473598239808,0.7090909090909091,0.9039486462277346,-0.7765988405452497]}}
{"op_code":8,"worker_id":"7d07a18c-c7a3-4119-86ce-936bc4f76fe7-24340","trial_id":78,"user_attr":{"deflated_objective":1.133281388731829}}
{"op_code":9,"worker_id":"7d07a18c-c7a3-4119-86ce-936bc4f76fe7-24340","trial_id":78,"system_attr":{"constraints":[-0.09260790600014919,-0.27422564770589086,0.09999999999999998,-0.08030303030303032,-0.3833705993307133,-34.0,-8.0,-0.11570150059869153,-0.25,-1334.148805584377,-0.11874999999999997,-0.0658730158730158]}}
{"op_code":8,"worker_id":"84b5edc7-c73b-436f-9316-6ab388220782-24364","trial_id":77,"user_attr":{"deflated_objective":1.167752958361411}}
{"op_code":6,"worker_id":"7d07a18c-c7a3-4119-86ce-936bc4f76fe7-24340","trial_id":78,"state":1,"values":[2.336921081355314],"datetime_complete":"2026-07-14T11:41:19.347129"}
{"op_code":9,"worker_id":"84b5edc7-c73b-436f-9316-6ab388220782-24364","trial_id":77,"system_attr":{"constraints":[-0.07306004918015874,-0.21112333714917303,0.09999999999999998,0.08030303030303032,-0.2341632880270481,-36.0,-8.0,-0.09202059202059204,0.25,-1331.6330315017383,-0.06875000000000003,-0.0579365079365079]}}
{"op_code":6,"worker_id":"84b5edc7-c73b-436f-9316-6ab388220782-24364","trial_id":77,"state":1,"values":[2.3718509930272305],"datetime_complete":"2026-07-14T11:41:19.352242"}
{"op_code":8,"worker_id":"ad394823-810c-4f73-aaf6-1e9554a690f4-31796","trial_id":79,"user_attr":{"constraints":[-0.07227566235127587,-0.20354297424966117,0.09999999999999998,0.010606060606060619,-0.23036799455682438,-37.0,-8.0,-0.12741312741312744,0.25,-1329.3348790602172,-0.06875000000000003,-0.05099206349206348]}}
{"op_code":8,"worker_id":"ad394823-810c-4f73-aaf6-1e9554a690f4-31796","trial_id":79,"user_attr":{"pruned_reasons":["M3 (Hit Rate < 60%)","M5 (Monotonicity <= 0.25)","Side-specific Hit Rate (25.00% < 50%)"]}}
{"op_code":8,"worker_id":"ad394823-810c-4f73-aaf6-1e9554a690f4-31796","trial_id":79,"user_attr":{"gini":0.4535884178194578}}
{"op_code":4,"worker_id":"84b5edc7-c73b-436f-9316-6ab388220782-24364","study_id":0,"datetime_start":"2026-07-14T11:41:19.354340"}
{"op_code":8,"worker_id":"ad394823-810c-4f73-aaf6-1e9554a690f4-31796","trial_id":79,"user_attr":{"cv_is_ics":[0.1748819649219513,0.15208907425403595,0.1422167271375656,0.19139741361141205,0.1937028169631958,0.19315989315509796,0.20800688862800598,0.2034018188714981,0.22793364524841309,0.2030155062675476,0.1839141845703125,0.18640540540218353,0.15520590543746948,0.18119066953659058,0.22157832980155945]}}
{"op_code":4,"worker_id":"9965d767-430c-4b61-a965-bfe000ad94a7-24340","study_id":0,"datetime_start":"2026-07-14T11:41:19.362165"}
{"op_code":8,"worker_id":"73a92a14-4401-4ab7-b236-2ca5f79cbc5e-27448","trial_id":76,"user_attr":{"constraints":[-0.08128108898807296,-0.22521595678890513,0.09999999999999998,-0.06212121212121213,-0.31045505722363786,-37.0,-7.0,-0.0024292149292149123,0.25,-1330.7723175608478,-0.08333333333333331,-0.0936507936507936]}}
{"op_code":5,"worker_id":"84b5edc7-c73b-436f-9316-6ab388220782-24364","trial_id":80,"param_name":"k_weight","param_value_internal":0.012093485035172644,"distribution":"{\"name\": \"FloatDistribution\", \"attributes\": {\"step\": null, \"low\": 0.0, \"high\": 1.5, \"log\": false}}"}
{"op_code":8,"worker_id":"73a92a14-4401-4ab7-b236-2ca5f79cbc5e-27448","trial_id":76,"user_attr":{"pruned_reasons":["M3 (Hit Rate < 60%)","Side-specific Hit Rate (25.00% < 50%)"]}}
{"op_code":8,"worker_id":"73a92a14-4401-4ab7-b236-2ca5f79cbc5e-27448","trial_id":76,"user_attr":{"gini":0.3902565441913326}}
{"op_code":4,"worker_id":"9d783290-aa70-42b8-a12f-b1ecfc707ecd-4680","study_id":0,"datetime_start":"2026-07-14T11:41:19.369626"}
{"op_code":8,"worker_id":"ad394823-810c-4f73-aaf6-1e9554a690f4-31796","trial_id":79,"user_attr":{"cv_oos_ics":[0.050272755324840546,0.14074566960334778,0.11104902625083923,-0.003821967402473092,0.04369087889790535,0.04392355680465698,0.058322474360466,0.03283330053091049,0.01297706738114357,0.037046585232019424,0.0646524503827095,0.09554863721132278,0.057833846658468246,0.09657488018274307,-0.023950081318616867]}}
{"op_code":8,"worker_id":"ad394823-810c-4f73-aaf6-1e9554a690f4-31796","trial_id":79,"user_attr":{"reg_kappa":3.3306597276245054}}
{"op_code":8,"worker_id":"73a92a14-4401-4ab7-b236-2ca5f79cbc5e-27448","trial_id":76,"user_attr":{"cv_is_ics":[0.17629320919513702,0.139214888215065,0.13555605709552765,0.1865536868572235,0.19167333841323853,0.18564645946025848,0.19597645103931427,0.20333553850650787,0.22130274772644043,0.19112837314605713,0.17148210108280182,0.1736251264810562,0.1536482721567154,0.1694350689649582,0.2112068384885788]}}
{"op_code":8,"worker_id":"73a92a14-4401-4ab7-b236-2ca5f79cbc5e-27448","trial_id":76,"user_attr":{"cv_oos_ics":[0.04802224412560463,0.13519495725631714,0.12206985056400299,0.007990282960236073,0.07415778934955597,0.027754446491599083,0.05254186689853668,0.035694122314453125,0.005692408885806799,0.0418366864323616,0.06048949807882309,0.08670105040073395,0.08186706900596619,0.10920337587594986,-0.009196245111525059]}}
{"op_code":8,"worker_id":"73a92a14-4401-4ab7-b236-2ca5f79cbc5e-27448","trial_id":76,"user_attr":{"reg_kappa":3.315912572208862}}
{"op_code":8,"worker_id":"73a92a14-4401-4ab7-b236-2ca5f79cbc5e-27448","trial_id":76,"user_attr":{"raw_metrics":[0.5825791494038051,0.22521595678890513,0.5,0.08128108898807296,0.31212121212121213,0.31045505722363786,-0.24062715950186941,-0.294037401676178,0.5333333333333333]}}
{"op_code":5,"worker_id":"9d783290-aa70-42b8-a12f-b1ecfc707ecd-4680","trial_id":82,"param_name":"k_weight","param_value_internal":0.01987816410614224,"distribution":"{\"name\": \"FloatDistribution\", \"attributes\": {\"step\": null, \"low\": 0.0, \"high\": 1.5, \"log\": false}}"}
{"op_code":5,"worker_id":"9965d767-430c-4b61-a965-bfe000ad94a7-24340","trial_id":81,"param_name":"k_weight","param_value_internal":0.2030748148740844,"distribution":"{\"name\": \"FloatDistribution\", \"attributes\": {\"step\": null, \"low\": 0.0, \"high\": 1.5, \"log\": false}}"}
{"op_code":8,"worker_id":"ad394823-810c-4f73-aaf6-1e9554a690f4-31796","trial_id":79,"user_attr":{"raw_metrics":[0.6036711826281134,0.20354297424966117,0.5,0.07227566235127587,0.23939393939393938,0.23036799455682438,-0.2555378933513636,-0.319099485874176,0.51875]}}
{"op_code":5,"worker_id":"84b5edc7-c73b-436f-9316-6ab388220782-24364","trial_id":80,"param_name":"unified_alpha","param_value_internal":0.0070364675693216005,"distribution":"{\"name\": \"FloatDistribution\", \"attributes\": {\"step\": null, \"low\": 1e-05, \"high\": 10.0, \"log\": true}}"}
{"op_code":5,"worker_id":"9965d767-430c-4b61-a965-bfe000ad94a7-24340","trial_id":81,"param_name":"unified_alpha","param_value_internal":0.004952546353915755,"distribution":"{\"name\": \"FloatDistribution\", \"attributes\": {\"step\": null, \"low\": 1e-05, \"high\": 10.0, \"log\": true}}"}
{"op_code":5,"worker_id":"84b5edc7-c73b-436f-9316-6ab388220782-24364","trial_id":80,"param_name":"unified_rho","param_value_internal":0.8021537954396708,"distribution":"{\"name\": \"FloatDistribution\", \"attributes\": {\"step\": null, \"low\": 0.0, \"high\": 1.0, \"log\": false}}"}
{"op_code":8,"worker_id":"ad394823-810c-4f73-aaf6-1e9554a690f4-31796","trial_id":79,"user_attr":{"val_metrics":[0.16693932072717482,0.04538868300571969,0.6848484848484848,0.9928573833481558,-0.8064294313898435]}}
{"op_code":5,"worker_id":"84b5edc7-c73b-436f-9316-6ab388220782-24364","trial_id":80,"param_name":"unified_gamma","param_value_internal":39.05588093159906,"distribution":"{\"name\": \"FloatDistribution\", \"attributes\": {\"step\": null, \"low\": 1.5, \"high\": 10000.0, \"log\": true}}"}
{"op_code":5,"worker_id":"9d783290-aa70-42b8-a12f-b1ecfc707ecd-4680","trial_id":82,"param_name":"unified_alpha","param_value_internal":0.004914628884853186,"distribution":"{\"name\": \"FloatDistribution\", \"attributes\": {\"step\": null, \"low\": 1e-05, \"high\": 10.0, \"log\": true}}"}
{"op_code":5,"worker_id":"84b5edc7-c73b-436f-9316-6ab388220782-24364","trial_id":80,"param_name":"huber_delta","param_value_internal":3.3458431541146103,"distribution":"{\"name\": \"FloatDistribution\", \"attributes\": {\"step\": null, \"low\": 0.5, \"high\": 5.0, \"log\": false}}"}
{"op_code":5,"worker_id":"9d783290-aa70-42b8-a12f-b1ecfc707ecd-4680","trial_id":82,"param_name":"unified_rho","param_value_internal":0.85126174267058,"distribution":"{\"name\": \"FloatDistribution\", \"attributes\": {\"step\": null, \"low\": 0.0, \"high\": 1.0, \"log\": false}}"}
{"op_code":8,"worker_id":"ad394823-810c-4f73-aaf6-1e9554a690f4-31796","trial_id":79,"user_attr":{"deflated_objective":1.1750762232304472}}
{"op_code":5,"worker_id":"9d783290-aa70-42b8-a12f-b1ecfc707ecd-4680","trial_id":82,"param_name":"unified_gamma","param_value_internal":2464.8651920317243,"distribution":"{\"name\": \"FloatDistribution\", \"attributes\": {\"step\": null, \"low\": 1.5, \"high\": 10000.0, \"log\": true}}"}
{"op_code":9,"worker_id":"ad394823-810c-4f73-aaf6-1e9554a690f4-31796","trial_id":79,"system_attr":{"constraints":[-0.07227566235127587,-0.20354297424966117,0.09999999999999998,0.010606060606060619,-0.23036799455682438,-37.0,-8.0,-0.12741312741312744,0.25,-1329.3348790602172,-0.06875000000000003,-0.05099206349206348]}}
{"op_code":6,"worker_id":"ad394823-810c-4f73-aaf6-1e9554a690f4-31796","trial_id":79,"state":1,"values":[2.3565124187624367],"datetime_complete":"2026-07-14T11:41:19.403734"}
{"op_code":4,"worker_id":"ad394823-810c-4f73-aaf6-1e9554a690f4-31796","study_id":0,"datetime_start":"2026-07-14T11:41:19.405949"}
{"op_code":5,"worker_id":"9965d767-430c-4b61-a965-bfe000ad94a7-24340","trial_id":81,"param_name":"unified_rho","param_value_internal":0.8558740215249918,"distribution":"{\"name\": \"FloatDistribution\", \"attributes\": {\"step\": null, \"low\": 0.0, \"high\": 1.0, \"log\": false}}"}
{"op_code":5,"worker_id":"ad394823-810c-4f73-aaf6-1e9554a690f4-31796","trial_id":83,"param_name":"k_weight","param_value_internal":0.057022205558337896,"distribution":"{\"name\": \"FloatDistribution\", \"attributes\": {\"step\": null, \"low\": 0.0, \"high\": 1.5, \"log\": false}}"}
{"op_code":5,"worker_id":"9965d767-430c-4b61-a965-bfe000ad94a7-24340","trial_id":81,"param_name":"unified_gamma","param_value_internal":2222.4733986365814,"distribution":"{\"name\": \"FloatDistribution\", \"attributes\": {\"step\": null, \"low\": 1.5, \"high\": 10000.0, \"log\": true}}"}
{"op_code":5,"worker_id":"ad394823-810c-4f73-aaf6-1e9554a690f4-31796","trial_id":83,"param_name":"unified_alpha","param_value_internal":0.006502007953602868,"distribution":"{\"name\": \"FloatDistribution\", \"attributes\": {\"step\": null, \"low\": 1e-05, \"high\": 10.0, \"log\": true}}"}
{"op_code":5,"worker_id":"9965d767-430c-4b61-a965-bfe000ad94a7-24340","trial_id":81,"param_name":"huber_delta","param_value_internal":4.544265790576105,"distribution":"{\"name\": \"FloatDistribution\", \"attributes\": {\"step\": null, \"low\": 0.5, \"high\": 5.0, \"log\": false}}"}
{"op_code":5,"worker_id":"ad394823-810c-4f73-aaf6-1e9554a690f4-31796","trial_id":83,"param_name":"unified_rho","param_value_internal":0.8417837535671775,"distribution":"{\"name\": \"FloatDistribution\", \"attributes\": {\"step\": null, \"low\": 0.0, \"high\": 1.0, \"log\": false}}"}
{"op_code":5,"worker_id":"ad394823-810c-4f73-aaf6-1e9554a690f4-31796","trial_id":83,"param_name":"unified_gamma","param_value_internal":44.40523035689254,"distribution":"{\"name\": \"FloatDistribution\", \"attributes\": {\"step\": null, \"low\": 1.5, \"high\": 10000.0, \"log\": true}}"}
{"op_code":5,"worker_id":"ad394823-810c-4f73-aaf6-1e9554a690f4-31796","trial_id":83,"param_name":"huber_delta","param_value_internal":3.444361501524393,"distribution":"{\"name\": \"FloatDistribution\", \"attributes\": {\"step\": null, \"low\": 0.5, \"high\": 5.0, \"log\": false}}"}
{"op_code":5,"worker_id":"c06361db-fff8-4d35-8e71-e7b5d6f6ac36-23408","trial_id":8,"param_name":"unified_alpha","param_value_internal":0.023280550286246,"distribution":"{\"name\": \"FloatDistribution\", \"attributes\": {\"step\": null, \"low\": 1e-05, \"high\": 10.0, \"log\": true}}"}
{"op_code":8,"worker_id":"84b5edc7-c73b-436f-9316-6ab388220782-24364","trial_id":80,"user_attr":{"constraints":[-0.0957244060342253,-0.21926242450558558,0.09999999999999998,-0.001515151515151525,-0.359954090192914,-59.0,-6.0,-0.110006435006435,0.0,-1309.7568534080506,-0.09374999999999994,-0.07281746031746034]}}
{"op_code":8,"worker_id":"84b5edc7-c73b-436f-9316-6ab388220782-24364","trial_id":80,"user_attr":{"pruned_reasons":["M3 (Hit Rate < 60%)"]}}
{"op_code":8,"worker_id":"84b5edc7-c73b-436f-9316-6ab388220782-24364","trial_id":80,"user_attr":{"gini":0.5005812391763733}}
{"op_code":5,"worker_id":"9d783290-aa70-42b8-a12f-b1ecfc707ecd-4680","trial_id":82,"param_name":"huber_delta","param_value_internal":3.5077538912712267,"distribution":"{\"name\": \"FloatDistribution\", \"attributes\": {\"step\": null, \"low\": 0.5, \"high\": 5.0, \"log\": false}}"}
{"op_code":5,"worker_id":"c06361db-fff8-4d35-8e71-e7b5d6f6ac36-23408","trial_id":8,"param_name":"unified_rho","param_value_internal":0.45487540240575286,"distribution":"{\"name\": \"FloatDistribution\", \"attributes\": {\"step\": null, \"low\": 0.0, \"high\": 1.0, \"log\": false}}"}
{"op_code":5,"worker_id":"c06361db-fff8-4d35-8e71-e7b5d6f6ac36-23408","trial_id":8,"param_name":"unified_gamma","param_value_internal":33.325447496589845,"distribution":"{\"name\": \"FloatDistribution\", \"attributes\": {\"step\": null, \"low\": 1.5, \"high\": 10000.0, \"log\": true}}"}
{"op_code":8,"worker_id":"84b5edc7-c73b-436f-9316-6ab388220782-24364","trial_id":80,"user_attr":{"cv_is_ics":[0.1717222034931183,0.15447327494621277,0.1402464658021927,0.19007886946201324,0.1956782191991806,0.19407634437084198,0.19876468181610107,0.20175373554229736,0.22315764427185059,0.19403642416000366,0.18466369807720184,0.18004079163074493,0.15436093509197235,0.17888274788856506,0.21839819848537445]}}
{"op_code":8,"worker_id":"84b5edc7-c73b-436f-9316-6ab388220782-24364","trial_id":80,"user_attr":{"cv_oos_ics":[0.05441123619675636,0.1441672146320343,0.12073300778865814,0.06129066273570061,0.07505206763744354,0.03795795887708664,0.06817039102315903,0.031767066568136215,0.008456132374703884,0.01929507963359356,0.08535324782133102,0.08383527398109436,0.07772008329629898,0.10722307115793228,0.010229029692709446]}}
{"op_code":8,"worker_id":"84b5edc7-c73b-436f-9316-6ab388220782-24364","trial_id":80,"user_attr":{"reg_kappa":3.2743431861877204}}
{"op_code":5,"worker_id":"c06361db-fff8-4d35-8e71-e7b5d6f6ac36-23408","trial_id":8,"param_name":"huber_delta","param_value_internal":3.136331228606768,"distribution":"{\"name\": \"FloatDistribution\", \"attributes\": {\"step\": null, \"low\": 0.5, \"high\": 5.0, \"log\": false}}"}
{"op_code":8,"worker_id":"84b5edc7-c73b-436f-9316-6ab388220782-24364","trial_id":80,"user_attr":{"raw_metrics":[0.5291534076334481,0.21926242450558558,0.5,0.0957244060342253,0.2515151515151515,0.359954090192914,-0.15549540952744145,-0.16463835537433624,0.54375]}}
{"op_code":5,"worker_id":"222dcb9a-8f9e-419b-a957-83284cc13164-8896","trial_id":75,"param_name":"huber_delta","param_value_internal":1.3304734119818986,"distribution":"{\"name\": \"FloatDistribution\", \"attributes\": {\"step\": null, \"low\": 0.5, \"high\": 5.0, \"log\": false}}"}
{"op_code":8,"worker_id":"84b5edc7-c73b-436f-9316-6ab388220782-24364","trial_id":80,"user_attr":{"val_metrics":[0.16733094015970884,0.1599331339322127,0.696969696969697,0.904663843980086,-2.341934297561373]}}
{"op_code":8,"worker_id":"9965d767-430c-4b61-a965-bfe000ad94a7-24340","trial_id":81,"user_attr":{"constraints":[-0.10575772134966344,-0.13521888445900604,0.09999999999999998,0.040909090909090895,-0.31892605472976965,-55.0,-8.0,-0.027059202059202092,0.0,-1310.462686318546,-0.04791666666666666,-0.07281746031746023]}}
{"op_code":8,"worker_id":"4a90107e-cbfc-4ab6-b365-b0d3b1c525a8-11668","trial_id":65,"user_attr":{"pruned_reasons":["M3 (Hit Rate < 60%)","M5 (Monotonicity <= 0.25)"]}}
{"op_code":8,"worker_id":"9965d767-430c-4b61-a965-bfe000ad94a7-24340","trial_id":81,"user_attr":{"pruned_reasons":["M3 (Hit Rate < 60%)","M5 (Monotonicity <= 0.25)"]}}
{"op_code":8,"worker_id":"84b5edc7-c73b-436f-9316-6ab388220782-24364","trial_id":80,"user_attr":{"deflated_objective":0.6193325667788896}}
{"op_code":9,"worker_id":"84b5edc7-c73b-436f-9316-6ab388220782-24364","trial_id":80,"system_attr":{"constraints":[-0.0957244060342253,-0.21926242450558558,0.09999999999999998,-0.001515151515151525,-0.359954090192914,-59.0,-6.0,-0.110006435006435,0.0,-1309.7568534080506,-0.09374999999999994,-0.07281746031746034]}}
{"op_code":8,"worker_id":"4a90107e-cbfc-4ab6-b365-b0d3b1c525a8-11668","trial_id":65,"user_attr":{"gini":0.40311201847454137}}
{"op_code":8,"worker_id":"4a90107e-cbfc-4ab6-b365-b0d3b1c525a8-11668","trial_id":65,"user_attr":{"cv_is_ics":[0.15503406524658203,0.10669312626123428,0.1170724481344223,0.1781134158372879,0.156199648976326,0.17184408009052277,0.170458123087883,0.19090665876865387,0.1922890990972519,0.1598179042339325,0.15760809183120728,0.13514865934848785,0.13997489213943481,0.14371593296527863,0.19256000220775604]}}
{"op_code":8,"worker_id":"ad394823-810c-4f73-aaf6-1e9554a690f4-31796","trial_id":83,"user_attr":{"constraints":[-0.09472469513465716,-0.23179943157146804,0.09999999999999998,-0.019696969696969657,-0.3715342814475298,-58.0,-7.0,-0.07944015444015443,0.0,-1309.6226621224505,-0.08854166666666669,-0.07976190476190476]}}
{"op_code":8,"worker_id":"4a90107e-cbfc-4ab6-b365-b0d3b1c525a8-11668","trial_id":65,"user_attr":{"cv_oos_ics":[0.02365667186677456,0.10591673851013184,0.129500150680542,0.023685192689299583,0.07751153409481049,0.004818059504032135,0.048885755240917206,0.02066963165998459,0.007642475422471762,0.04424010589718819,0.070013128221035,0.06654893606901169,0.08215633779764175,0.10129572451114655,0.014392043463885784]}}
{"op_code":8,"worker_id":"4a90107e-cbfc-4ab6-b365-b0d3b1c525a8-11668","trial_id":65,"user_attr":{"reg_kappa":3.391958162398353}}
{"op_code":8,"worker_id":"4a90107e-cbfc-4ab6-b365-b0d3b1c525a8-11668","trial_id":65,"user_attr":{"raw_metrics":[0.7674364522565676,0.3195813431755681,0.5,0.11160006487729118,0.23939393939393938,0.28214178094950815,-0.3470230656810624,-0.3813740313053131,0.528125]}}
{"op_code":8,"worker_id":"4a90107e-cbfc-4ab6-b365-b0d3b1c525a8-11668","trial_id":65,"user_attr":{"val_metrics":[0.193555816772027,-0.09025913821588066,0.7333333333333333,0.7689190042623575,-0.9478316460393956]}}
{"op_code":8,"worker_id":"ad394823-810c-4f73-aaf6-1e9554a690f4-31796","trial_id":83,"user_attr":{"pruned_reasons":["M3 (Hit Rate < 60%)"]}}
{"op_code":8,"worker_id":"ad394823-810c-4f73-aaf6-1e9554a690f4-31796","trial_id":83,"user_attr":{"gini":0.4941807856966087}}
{"op_code":8,"worker_id":"4a90107e-cbfc-4ab6-b365-b0d3b1c525a8-11668","trial_id":65,"user_attr":{"deflated_objective":1.0807616017065669}}
{"op_code":6,"worker_id":"84b5edc7-c73b-436f-9316-6ab388220782-24364","trial_id":80,"state":1,"values":[1.7893795358765094],"datetime_complete":"2026-07-14T11:41:19.462197"}
{"op_code":8,"worker_id":"9d783290-aa70-42b8-a12f-b1ecfc707ecd-4680","trial_id":82,"user_attr":{"constraints":[-0.09807010867598544,-0.22694213081751075,0.09999999999999998,-0.010606060606060619,-0.3541871748367945,-58.0,-7.0,-0.08703346203346204,0.0,-1309.7154693019077,-0.08854166666666669,-0.07976190476190476]}}
{"op_code":9,"worker_id":"4a90107e-cbfc-4ab6-b365-b0d3b1c525a8-11668","trial_id":65,"system_attr":{"constraints":[-0.11160006487729118,-0.3195813431755681,0.09999999999999998,0.010606060606060619,-0.28214178094950815,-24.0,-8.0,-0.10333011583011582,0.0,-1353.4525624064493,-0.07812499999999994,-0.07281746031746023]}}
{"op_code":6,"worker_id":"4a90107e-cbfc-4ab6-b365-b0d3b1c525a8-11668","trial_id":65,"state":1,"values":[2.2532025388772765],"datetime_complete":"2026-07-14T11:41:19.484256"}
{"op_code":4,"worker_id":"4a90107e-cbfc-4ab6-b365-b0d3b1c525a8-11668","study_id":0,"datetime_start":"2026-07-14T11:41:19.486216"}
{"op_code":8,"worker_id":"ad394823-810c-4f73-aaf6-1e9554a690f4-31796","trial_id":83,"user_attr":{"cv_is_ics":[0.17054006457328796,0.1537233591079712,0.13785389065742493,0.19033080339431763,0.19435296952724457,0.1926521211862564,0.19747459888458252,0.2010979950428009,0.22318536043167114,0.19362188875675201,0.1853729635477066,0.1797618716955185,0.15342923998832703,0.17686988413333893,0.2175024300813675]}}
{"op_code":8,"worker_id":"ad394823-810c-4f73-aaf6-1e9554a690f4-31796","trial_id":83,"user_attr":{"cv_oos_ics":[0.05084408447146416,0.14636678993701935,0.11612852662801743,0.058501265943050385,0.07704051584005356,0.035038117319345474,0.06701888889074326,0.03146504610776901,0.009391717612743378,0.01997721754014492,0.08509425818920135,0.08349816501140594,0.0750855877995491,0.1052371934056282,0.011361426673829556]}}
{"op_code":8,"worker_id":"222dcb9a-8f9e-419b-a957-83284cc13164-8896","trial_id":75,"user_attr":{"constraints":[-0.06913947720127583,-0.18528845774286506,0.09999999999999998,-0.004545454545454575,-0.22279713595906891,-40.0,-8.0,-0.10955598455598455,0.25,-1325.8948138503881,-0.06875000000000003,-0.05099206349206348]}}
{"op_code":8,"worker_id":"222dcb9a-8f9e-419b-a957-83284cc13164-8896","trial_id":75,"user_attr":{"pruned_reasons":["M3 (Hit Rate < 60%)","Side-specific Hit Rate (25.00% < 50%)"]}}
{"op_code":8,"worker_id":"222dcb9a-8f9e-419b-a957-83284cc13164-8896","trial_id":75,"user_attr":{"gini":0.4589568298798976}}
{"op_code":8,"worker_id":"c06361db-fff8-4d35-8e71-e7b5d6f6ac36-23408","trial_id":8,"user_attr":{"constraints":[-0.10148465945586974,-0.2624305911919894,0.09999999999999998,0.09242424242424244,-0.22730881000868977,-22.0,-8.0,0.03658422292219116,0.0,-1357.527658994286,-0.07812499999999994,-0.0658730158730158]}}
{"op_code":8,"worker_id":"c06361db-fff8-4d35-8e71-e7b5d6f6ac36-23408","trial_id":8,"user_attr":{"pruned_reasons":["M3 (Hit Rate < 60%)","M5 (Monotonicity <= 0.25)","Side-specific Yearly Tail IC Mean (-0.0366 <= 0)"]}}
{"op_code":8,"worker_id":"9d783290-aa70-42b8-a12f-b1ecfc707ecd-4680","trial_id":82,"user_attr":{"pruned_reasons":["M3 (Hit Rate < 60%)"]}}
{"op_code":8,"worker_id":"ad394823-810c-4f73-aaf6-1e9554a690f4-31796","trial_id":83,"user_attr":{"reg_kappa":3.2761644766705214}}
{"op_code":8,"worker_id":"ad394823-810c-4f73-aaf6-1e9554a690f4-31796","trial_id":83,"user_attr":{"raw_metrics":[0.5296490802765891,0.23179943157146804,0.5,0.09472469513465716,0.26969696969696966,0.3715342814475298,-0.17004205364128488,-0.17091134190559387,0.5385416666666667]}}
{"op_code":8,"worker_id":"c06361db-fff8-4d35-8e71-e7b5d6f6ac36-23408","trial_id":8,"user_attr":{"gini":0.4742776240545703}}
{"op_code":8,"worker_id":"222dcb9a-8f9e-419b-a957-83284cc13164-8896","trial_id":75,"user_attr":{"cv_is_ics":[0.17487069964408875,0.15072660148143768,0.14307132363319397,0.18985988199710846,0.19317276775836945,0.1927574872970581,0.20889520645141602,0.2021791934967041,0.22913193702697754,0.2041633576154709,0.1842498928308487,0.18643511831760406,0.15578065812587738,0.1815115213394165,0.2214440554380417]}}
{"op_code":5,"worker_id":"4a90107e-cbfc-4ab6-b365-b0d3b1c525a8-11668","trial_id":84,"param_name":"k_weight","param_value_internal":0.09710705900757688,"distribution":"{\"name\": \"FloatDistribution\", \"attributes\": {\"step\": null, \"low\": 0.0, \"high\": 1.5, \"log\": false}}"}
{"op_code":8,"worker_id":"ad394823-810c-4f73-aaf6-1e9554a690f4-31796","trial_id":83,"user_attr":{"val_metrics":[0.16847986630633507,0.17145177074739956,0.6727272727272727,0.8912010695245387,-2.3515608401969885]}}
{"op_code":5,"worker_id":"4a90107e-cbfc-4ab6-b365-b0d3b1c525a8-11668","trial_id":84,"param_name":"unified_alpha","param_value_internal":0.01302835411526303,"distribution":"{\"name\": \"FloatDistribution\", \"attributes\": {\"step\": null, \"low\": 1e-05, \"high\": 10.0, \"log\": true}}"}
{"op_code":8,"worker_id":"222dcb9a-8f9e-419b-a957-83284cc13164-8896","trial_id":75,"user_attr":{"cv_oos_ics":[0.052402690052986145,0.14029087126255035,0.10881961137056351,-0.0017252666875720024,0.04521559923887253,0.04643698036670685,0.05793120339512825,0.03422306850552559,0.012420019134879112,0.03714938461780548,0.06323159486055374,0.09505772590637207,0.05584880709648132,0.09708090871572495,-0.02466888725757599]}}
{"op_code":5,"worker_id":"4a90107e-cbfc-4ab6-b365-b0d3b1c525a8-11668","trial_id":84,"param_name":"unified_rho","param_value_internal":0.8815432395936106,"distribution":"{\"name\": \"FloatDistribution\", \"attributes\": {\"step\": null, \"low\": 0.0, \"high\": 1.0, \"log\": false}}"}
{"op_code":8,"worker_id":"73a92a14-4401-4ab7-b236-2ca5f79cbc5e-27448","trial_id":76,"user_attr":{"val_metrics":[0.17384782155834191,0.09869556556587045,0.5272727272727272,0.8742761076630458,-1.0659201150266915]}}
{"op_code":8,"worker_id":"c06361db-fff8-4d35-8e71-e7b5d6f6ac36-23408","trial_id":8,"user_attr":{"cv_is_ics":[0.16912975907325745,0.1221049502491951,0.1270480751991272,0.1793622374534607,0.1740681678056717,0.1778547167778015,0.17753611505031586,0.1957462579011917,0.20775938034057617,0.16497430205345154,0.1647176742553711,0.15361985564231873,0.13878577947616577,0.1496070921421051,0.20202979445457458]}}
{"op_code":5,"worker_id":"4a90107e-cbfc-4ab6-b365-b0d3b1c525a8-11668","trial_id":84,"param_name":"unified_gamma","param_value_internal":2554.065027533275,"distribution":"{\"name\": \"FloatDistribution\", \"attributes\": {\"step\": null, \"low\": 1.5, \"high\": 10000.0, \"log\": true}}"}
{"op_code":8,"worker_id":"9d783290-aa70-42b8-a12f-b1ecfc707ecd-4680","trial_id":82,"user_attr":{"gini":0.48140849609589265}}
{"op_code":8,"worker_id":"73a92a14-4401-4ab7-b236-2ca5f79cbc5e-27448","trial_id":76,"user_attr":{"deflated_objective":1.107089156311754}}
{"op_code":5,"worker_id":"4a90107e-cbfc-4ab6-b365-b0d3b1c525a8-11668","trial_id":84,"param_name":"huber_delta","param_value_internal":4.992185186673758,"distribution":"{\"name\": \"FloatDistribution\", \"attributes\": {\"step\": null, \"low\": 0.5, \"high\": 5.0, \"log\": false}}"}
{"op_code":9,"worker_id":"73a92a14-4401-4ab7-b236-2ca5f79cbc5e-27448","trial_id":76,"system_attr":{"constraints":[-0.08128108898807296,-0.22521595678890513,0.09999999999999998,-0.06212121212121213,-0.31045505722363786,-37.0,-7.0,-0.0024292149292149123,0.25,-1330.7723175608478,-0.08333333333333331,-0.0936507936507936]}}
{"op_code":8,"worker_id":"9d783290-aa70-42b8-a12f-b1ecfc707ecd-4680","trial_id":82,"user_attr":{"cv_is_ics":[0.1706235259771347,0.15434378385543823,0.1393626183271408,0.1906028687953949,0.19444744288921356,0.1931312382221222,0.19766193628311157,0.20091287791728973,0.22244098782539368,0.19402866065502167,0.18531204760074615,0.18192723393440247,0.15444228053092957,0.1791938841342926,0.21785913407802582]}}
{"op_code":8,"worker_id":"9d783290-aa70-42b8-a12f-b1ecfc707ecd-4680","trial_id":82,"user_attr":{"cv_oos_ics":[0.04974351078271866,0.1454571783542633,0.1156001016497612,0.0575471930205822,0.07777941226959229,0.03602148965001106,0.06978806853294373,0.025760140269994736,0.008499165996909142,0.01966005563735962,0.08523052930831909,0.08613761514425278,0.07604025304317474,0.10477499663829803,0.012002932839095592]}}
{"op_code":8,"worker_id":"1726cff6-2557-4162-aaf3-5b2a1edb42a7-19068","trial_id":1,"user_attr":{"cv_oos_ics":[0.03747130185365677,0.1300334930419922,0.12031950056552887,0.002066759392619133,0.06912717968225479,0.018045011907815933,0.05048032104969025,0.032982319593429565,0.013820209540426731,0.04515095055103302,0.05728679895401001,0.08853719383478165,0.08313491195440292,0.11309703439474106,-0.008954783901572227]}}
{"op_code":8,"worker_id":"222dcb9a-8f9e-419b-a957-83284cc13164-8896","trial_id":75,"user_attr":{"reg_kappa":3.3229061813500924}}
{"op_code":8,"worker_id":"222dcb9a-8f9e-419b-a957-83284cc13164-8896","trial_id":75,"user_attr":{"raw_metrics":[0.5472081826431451,0.18528845774286506,0.5,0.06913947720127583,0.2545454545454546,0.22279713595906891,-0.243259103446607,-0.30529138445854187,0.51875]}}
{"op_code":8,"worker_id":"9d783290-aa70-42b8-a12f-b1ecfc707ecd-4680","trial_id":82,"user_attr":{"reg_kappa":3.278152524264265}}
{"op_code":8,"worker_id":"c06361db-fff8-4d35-8e71-e7b5d6f6ac36-23408","trial_id":8,"user_attr":{"cv_oos_ics":[0.030491560697555542,0.12222656607627869,0.13655415177345276,0.040095455944538116,0.08960166573524475,0.019202111288905144,0.05644899606704712,0.03709106147289276,0.002485597738996148,0.06614260375499725,0.07942598313093185,0.08105795085430145,0.08652086555957794,0.1111159399151802,0.02850118651986122]}}
{"op_code":8,"worker_id":"1726cff6-2557-4162-aaf3-5b2a1edb42a7-19068","trial_id":1,"user_attr":{"reg_kappa":3.398412562726572}}
{"op_code":8,"worker_id":"222dcb9a-8f9e-419b-a957-83284cc13164-8896","trial_id":75,"user_attr":{"val_metrics":[0.16660044465255783,0.11942441435406889,0.8303030303030303,0.8580043382024851,-0.9581452816156903]}}
{"op_code":8,"worker_id":"c06361db-fff8-4d35-8e71-e7b5d6f6ac36-23408","trial_id":8,"user_attr":{"reg_kappa":3.3242010521007628}}
{"op_code":8,"worker_id":"1726cff6-2557-4162-aaf3-5b2a1edb42a7-19068","trial_id":1,"user_attr":{"raw_metrics":[0.6057750025281007,0.23281474098343402,0.5,0.08653819698064667,0.3090909090909091,0.2709227780221651,-0.3568565204889202,-0.3688623011112213,0.5135416666666666]}}
{"op_code":8,"worker_id":"1726cff6-2557-4162-aaf3-5b2a1edb42a7-19068","trial_id":1,"user_attr":{"val_metrics":[0.1772480100320605,0.05769544247783975,0.6242424242424243,0.9334023006098426,-1.3733975993932068]}}
{"op_code":6,"worker_id":"73a92a14-4401-4ab7-b236-2ca5f79cbc5e-27448","trial_id":76,"state":1,"values":[2.2589721726670526],"datetime_complete":"2026-07-14T11:41:19.526724"}
{"op_code":8,"worker_id":"9d783290-aa70-42b8-a12f-b1ecfc707ecd-4680","trial_id":82,"user_attr":{"raw_metrics":[0.5379408972929232,0.22694213081751075,0.5,0.09807010867598544,0.2606060606060606,0.3541871748367945,-0.1696651159609782,-0.16557683050632477,0.5385416666666667]}}
{"op_code":8,"worker_id":"222dcb9a-8f9e-419b-a957-83284cc13164-8896","trial_id":75,"user_attr":{"deflated_objective":1.1872223264957398}}
{"op_code":8,"worker_id":"1726cff6-2557-4162-aaf3-5b2a1edb42a7-19068","trial_id":1,"user_attr":{"deflated_objective":0.9922475184213897}}
{"op_code":9,"worker_id":"222dcb9a-8f9e-419b-a957-83284cc13164-8896","trial_id":75,"system_attr":{"constraints":[-0.06913947720127583,-0.18528845774286506,0.09999999999999998,-0.004545454545454575,-0.22279713595906891,-40.0,-8.0,-0.10955598455598455,0.25,-1325.8948138503881,-0.06875000000000003,-0.05099206349206348]}}
{"op_code":8,"worker_id":"9d783290-aa70-42b8-a12f-b1ecfc707ecd-4680","trial_id":82,"user_attr":{"val_metrics":[0.1680618751948425,0.1444482177970452,0.7333333333333333,0.904663843980086,-1.8341466583844444]}}
{"op_code":6,"worker_id":"222dcb9a-8f9e-419b-a957-83284cc13164-8896","trial_id":75,"state":1,"values":[2.339951938151086],"datetime_complete":"2026-07-14T11:41:19.552093"}
{"op_code":9,"worker_id":"1726cff6-2557-4162-aaf3-5b2a1edb42a7-19068","trial_id":1,"system_attr":{"constraints":[-0.08653819698064667,-0.23281474098343402,0.09999999999999998,-0.05909090909090908,-0.2709227780221651,-23.0,-8.0,-0.04541505791505791,0.0,-1355.9943257795585,-0.06354166666666655,-0.07281746031746034]}}
{"op_code":9,"worker_id":"3d0f103b-e64e-4ca4-a338-ea92e8a7da4d-14384","trial_id":71,"system_attr":{"constraints":[-0.0882750587721164,-0.27043595968368006,0.09999999999999998,-0.1166666666666667,-0.29400236557858683,-17.0,-8.0,-0.05445624195624196,-0.25,-1374.5333799566952,-0.05833333333333329,-0.0658730158730158]}}
{"op_code":4,"worker_id":"222dcb9a-8f9e-419b-a957-83284cc13164-8896","study_id":0,"datetime_start":"2026-07-14T11:41:19.556417"}
{"op_code":6,"worker_id":"1726cff6-2557-4162-aaf3-5b2a1edb42a7-19068","trial_id":1,"state":1,"values":[2.129618118242511],"datetime_complete":"2026-07-14T11:41:19.557638"}
{"op_code":4,"worker_id":"2d8659f6-1790-4d13-b5e8-da7a9c1ac309-24364","study_id":0,"datetime_start":"2026-07-14T11:41:19.493717"}
{"op_code":8,"worker_id":"4a90107e-cbfc-4ab6-b365-b0d3b1c525a8-11668","trial_id":84,"user_attr":{"constraints":[-0.10788366391777245,-0.11546487473718707,0.09999999999999998,0.05303030303030304,-0.3018254051792125,-60.0,-5.0,0.04691119691119691,0.0,-1309.6719134781351,-0.02291666666666664,-0.0658730158730158]}}
{"op_code":6,"worker_id":"3d0f103b-e64e-4ca4-a338-ea92e8a7da4d-14384","trial_id":71,"state":1,"values":[2.3212662021074886],"datetime_complete":"2026-07-14T11:41:19.560007"}
{"op_code":5,"worker_id":"222dcb9a-8f9e-419b-a957-83284cc13164-8896","trial_id":85,"param_name":"k_weight","param_value_internal":1.4431138919269257,"distribution":"{\"name\": \"FloatDistribution\", \"attributes\": {\"step\": null, \"low\": 0.0, \"high\": 1.5, \"log\": false}}"}
{"op_code":4,"worker_id":"3d0f103b-e64e-4ca4-a338-ea92e8a7da4d-14384","study_id":0,"datetime_start":"2026-07-14T11:41:19.567097"}
{"op_code":5,"worker_id":"2d8659f6-1790-4d13-b5e8-da7a9c1ac309-24364","trial_id":86,"param_name":"k_weight","param_value_internal":1.441389926323219,"distribution":"{\"name\": \"FloatDistribution\", \"attributes\": {\"step\": null, \"low\": 0.0, \"high\": 1.5, \"log\": false}}"}
{"op_code":5,"worker_id":"3d0f103b-e64e-4ca4-a338-ea92e8a7da4d-14384","trial_id":87,"param_name":"k_weight","param_value_internal":1.495238776072525,"distribution":"{\"name\": \"FloatDistribution\", \"attributes\": {\"step\": null, \"low\": 0.0, \"high\": 1.5, \"log\": false}}"}
{"op_code":5,"worker_id":"2d8659f6-1790-4d13-b5e8-da7a9c1ac309-24364","trial_id":86,"param_name":"unified_alpha","param_value_internal":0.00018927707954765165,"distribution":"{\"name\": \"FloatDistribution\", \"attributes\": {\"step\": null, \"low\": 1e-05, \"high\": 10.0, \"log\": true}}"}
{"op_code":5,"worker_id":"3d0f103b-e64e-4ca4-a338-ea92e8a7da4d-14384","trial_id":87,"param_name":"unified_alpha","param_value_internal":0.00016664981324564574,"distribution":"{\"name\": \"FloatDistribution\", \"attributes\": {\"step\": null, \"low\": 1e-05, \"high\": 10.0, \"log\": true}}"}
{"op_code":5,"worker_id":"222dcb9a-8f9e-419b-a957-83284cc13164-8896","trial_id":85,"param_name":"unified_alpha","param_value_internal":0.00018027258598848515,"distribution":"{\"name\": \"FloatDistribution\", \"attributes\": {\"step\": null, \"low\": 1e-05, \"high\": 10.0, \"log\": true}}"}
{"op_code":5,"worker_id":"2d8659f6-1790-4d13-b5e8-da7a9c1ac309-24364","trial_id":86,"param_name":"unified_rho","param_value_internal":0.8809791775120606,"distribution":"{\"name\": \"FloatDistribution\", \"attributes\": {\"step\": null, \"low\": 0.0, \"high\": 1.0, \"log\": false}}"}
{"op_code":8,"worker_id":"4a90107e-cbfc-4ab6-b365-b0d3b1c525a8-11668","trial_id":84,"user_attr":{"pruned_reasons":["M3 (Hit Rate < 60%)","M5 (Monotonicity <= 0.25)","Side-specific Yearly Tail IC Mean (-0.0469 <= 0)"]}}
{"op_code":5,"worker_id":"2d8659f6-1790-4d13-b5e8-da7a9c1ac309-24364","trial_id":86,"param_name":"unified_gamma","param_value_internal":2423.694754879286,"distribution":"{\"name\": \"FloatDistribution\", \"attributes\": {\"step\": null, \"low\": 1.5, \"high\": 10000.0, \"log\": true}}"}
{"op_code":5,"worker_id":"222dcb9a-8f9e-419b-a957-83284cc13164-8896","trial_id":85,"param_name":"unified_rho","param_value_internal":0.9974118485344139,"distribution":"{\"name\": \"FloatDistribution\", \"attributes\": {\"step\": null, \"low\": 0.0, \"high\": 1.0, \"log\": false}}"}
{"op_code":8,"worker_id":"4a90107e-cbfc-4ab6-b365-b0d3b1c525a8-11668","trial_id":84,"user_attr":{"gini":0.5226652086488102}}
{"op_code":5,"worker_id":"222dcb9a-8f9e-419b-a957-83284cc13164-8896","trial_id":85,"param_name":"unified_gamma","param_value_internal":2.8579056939080987,"distribution":"{\"name\": \"FloatDistribution\", \"attributes\": {\"step\": null, \"low\": 1.5, \"high\": 10000.0, \"log\": true}}"}
{"op_code":8,"worker_id":"4a90107e-cbfc-4ab6-b365-b0d3b1c525a8-11668","trial_id":84,"user_attr":{"cv_is_ics":[0.15847823023796082,0.13007579743862152,0.13364452123641968,0.17691093683242798,0.1792915165424347,0.17314837872982025,0.1904153823852539,0.19403336942195892,0.20954284071922302,0.17948158085346222,0.17652970552444458,0.16866594552993774,0.15363022685050964,0.1692412793636322,0.20717860758304596]}}
{"op_code":5,"worker_id":"222dcb9a-8f9e-419b-a957-83284cc13164-8896","trial_id":85,"param_name":"huber_delta","param_value_internal":4.978860467196299,"distribution":"{\"name\": \"FloatDistribution\", \"attributes\": {\"step\": null, \"low\": 0.5, \"high\": 5.0, \"log\": false}}"}
{"op_code":8,"worker_id":"4a90107e-cbfc-4ab6-b365-b0d3b1c525a8-11668","trial_id":84,"user_attr":{"cv_oos_ics":[0.030461618676781654,0.12402959913015366,0.11855457723140717,0.06782110780477524,0.09290523082017899,0.016483087092638016,0.06671368330717087,0.018886201083660126,0.009014774113893509,0.03901968151330948,0.08966203033924103,0.08087226003408432,0.08236432075500488,0.12731853127479553,0.0283864326775074]}}
{"op_code":8,"worker_id":"4a90107e-cbfc-4ab6-b365-b0d3b1c525a8-11668","trial_id":84,"user_attr":{"reg_kappa":3.273261692763253}}
{"op_code":8,"worker_id":"4a90107e-cbfc-4ab6-b365-b0d3b1c525a8-11668","trial_id":84,"user_attr":{"raw_metrics":[0.36250051614199374,0.11546487473718707,0.5,0.10788366391777245,0.19696969696969696,0.3018254051792125,-0.14235455202334896,-0.15797173976898193,0.47291666666666665]}}
{"op_code":8,"worker_id":"4a90107e-cbfc-4ab6-b365-b0d3b1c525a8-11668","trial_id":84,"user_attr":{"val_metrics":[0.16032090836455143,0.1399663398600762,0.45454545454545453,1.0034621484523667,-1.8037600976525443]}}
{"op_code":5,"worker_id":"2d8659f6-1790-4d13-b5e8-da7a9c1ac309-24364","trial_id":86,"param_name":"huber_delta","param_value_internal":0.7698972357143523,"distribution":"{\"name\": \"FloatDistribution\", \"attributes\": {\"step\": null, \"low\": 0.5, \"high\": 5.0, \"log\": false}}"}
{"op_code":8,"worker_id":"4a90107e-cbfc-4ab6-b365-b0d3b1c525a8-11668","trial_id":84,"user_attr":{"deflated_objective":0.8665876543472817}}
{"op_code":8,"worker_id":"c06361db-fff8-4d35-8e71-e7b5d6f6ac36-23408","trial_id":8,"user_attr":{"raw_metrics":[0.6915316430825019,0.2624305911919894,0.5,0.10148465945586974,0.15757575757575756,0.22730881000868977,-0.36247190019310227,-0.35360652208328247,0.528125]}}
{"op_code":9,"worker_id":"4a90107e-cbfc-4ab6-b365-b0d3b1c525a8-11668","trial_id":84,"system_attr":{"constraints":[-0.10788366391777245,-0.11546487473718707,0.09999999999999998,0.05303030303030304,-0.3018254051792125,-60.0,-5.0,0.04691119691119691,0.0,-1309.6719134781351,-0.02291666666666664,-0.0658730158730158]}}
{"op_code":5,"worker_id":"3d0f103b-e64e-4ca4-a338-ea92e8a7da4d-14384","trial_id":87,"param_name":"unified_rho","param_value_internal":0.9368604811637378,"distribution":"{\"name\": \"FloatDistribution\", \"attributes\": {\"step\": null, \"low\": 0.0, \"high\": 1.0, \"log\": false}}"}
{"op_code":6,"worker_id":"4a90107e-cbfc-4ab6-b365-b0d3b1c525a8-11668","trial_id":84,"state":1,"values":[1.9717190707710122],"datetime_complete":"2026-07-14T11:41:19.612206"}
{"op_code":8,"worker_id":"c06361db-fff8-4d35-8e71-e7b5d6f6ac36-23408","trial_id":8,"user_attr":{"val_metrics":[0.19009321532477325,-0.04722040016507181,0.7454545454545455,0.8183295529443717,-0.7024800238091657]}}
{"op_code":5,"worker_id":"3d0f103b-e64e-4ca4-a338-ea92e8a7da4d-14384","trial_id":87,"param_name":"unified_gamma","param_value_internal":8.85599538655802,"distribution":"{\"name\": \"FloatDistribution\", \"attributes\": {\"step\": null, \"low\": 1.5, \"high\": 10000.0, \"log\": true}}"}
{"op_code":5,"worker_id":"3d0f103b-e64e-4ca4-a338-ea92e8a7da4d-14384","trial_id":87,"param_name":"huber_delta","param_value_internal":1.7100116970092907,"distribution":"{\"name\": \"FloatDistribution\", \"attributes\": {\"step\": null, \"low\": 0.5, \"high\": 5.0, \"log\": false}}"}
{"op_code":8,"worker_id":"c06361db-fff8-4d35-8e71-e7b5d6f6ac36-23408","trial_id":8,"user_attr":{"deflated_objective":1.2668897525460237}}
{"op_code":9,"worker_id":"c06361db-fff8-4d35-8e71-e7b5d6f6ac36-23408","trial_id":8,"system_attr":{"constraints":[-0.10148465945586974,-0.2624305911919894,0.09999999999999998,0.09242424242424244,-0.22730881000868977,-22.0,-8.0,0.03658422292219116,0.0,-1357.527658994286,-0.07812499999999994,-0.0658730158730158]}}
{"op_code":8,"worker_id":"9d783290-aa70-42b8-a12f-b1ecfc707ecd-4680","trial_id":82,"user_attr":{"deflated_objective":0.8533982659518429}}
{"op_code":6,"worker_id":"c06361db-fff8-4d35-8e71-e7b5d6f6ac36-23408","trial_id":8,"state":1,"values":[2.369424544045465],"datetime_complete":"2026-07-14T11:41:19.624932"}
{"op_code":9,"worker_id":"4e946209-37d2-441b-93b8-3684aab8b31f-29612","trial_id":49,"system_attr":{"constraints":[-0.08737251826436312,-0.20284658350767773,0.09999999999999998,-0.07121212121212123,-0.21474262420088053,-21.0,-7.0,0.014816602316602298,0.0,-1363.7052850167931,-0.02812500000000001,-0.0658730158730158]}}
{"op_code":9,"worker_id":"9d783290-aa70-42b8-a12f-b1ecfc707ecd-4680","trial_id":82,"system_attr":{"constraints":[-0.09807010867598544,-0.22694213081751075,0.09999999999999998,-0.010606060606060619,-0.3541871748367945,-58.0,-7.0,-0.08703346203346204,0.0,-1309.7154693019077,-0.08854166666666669,-0.07976190476190476]}}
{"op_code":4,"worker_id":"8223b171-6b57-44a9-bf98-0a4eff1e5c72-11668","study_id":0,"datetime_start":"2026-07-14T11:41:19.624029"}
{"op_code":6,"worker_id":"9d783290-aa70-42b8-a12f-b1ecfc707ecd-4680","trial_id":82,"state":1,"values":[1.9900100822130278],"datetime_complete":"2026-07-14T11:41:19.632505"}
{"op_code":5,"worker_id":"8223b171-6b57-44a9-bf98-0a4eff1e5c72-11668","trial_id":88,"param_name":"k_weight","param_value_internal":0.22701743498238003,"distribution":"{\"name\": \"FloatDistribution\", \"attributes\": {\"step\": null, \"low\": 0.0, \"high\": 1.5, \"log\": false}}"}
{"op_code":4,"worker_id":"9d783290-aa70-42b8-a12f-b1ecfc707ecd-4680","study_id":0,"datetime_start":"2026-07-14T11:41:19.636272"}
{"op_code":5,"worker_id":"8223b171-6b57-44a9-bf98-0a4eff1e5c72-11668","trial_id":88,"param_name":"unified_alpha","param_value_internal":0.000198940201886234,"distribution":"{\"name\": \"FloatDistribution\", \"attributes\": {\"step\": null, \"low\": 1e-05, \"high\": 10.0, \"log\": true}}"}
{"op_code":5,"worker_id":"9d783290-aa70-42b8-a12f-b1ecfc707ecd-4680","trial_id":89,"param_name":"k_weight","param_value_internal":0.2234733422618115,"distribution":"{\"name\": \"FloatDistribution\", \"attributes\": {\"step\": null, \"low\": 0.0, \"high\": 1.5, \"log\": false}}"}
{"op_code":5,"worker_id":"8223b171-6b57-44a9-bf98-0a4eff1e5c72-11668","trial_id":88,"param_name":"unified_rho","param_value_internal":0.9935613154314692,"distribution":"{\"name\": \"FloatDistribution\", \"attributes\": {\"step\": null, \"low\": 0.0, \"high\": 1.0, \"log\": false}}"}
{"op_code":5,"worker_id":"9d783290-aa70-42b8-a12f-b1ecfc707ecd-4680","trial_id":89,"param_name":"unified_alpha","param_value_internal":0.032995998657880506,"distribution":"{\"name\": \"FloatDistribution\", \"attributes\": {\"step\": null, \"low\": 1e-05, \"high\": 10.0, \"log\": true}}"}
{"op_code":8,"worker_id":"222dcb9a-8f9e-419b-a957-83284cc13164-8896","trial_id":85,"user_attr":{"constraints":[-0.12828683892502185,-0.23548956155855788,0.09999999999999998,-0.05909090909090908,-0.16353101149511834,-17.0,-8.0,-0.1201898326898327,-0.25,-1374.218219637943,-0.05833333333333329,-0.058928571428571386]}}
{"op_code":8,"worker_id":"ad394823-810c-4f73-aaf6-1e9554a690f4-31796","trial_id":83,"user_attr":{"deflated_objective":0.6382701434043263}}
{"op_code":5,"worker_id":"9d783290-aa70-42b8-a12f-b1ecfc707ecd-4680","trial_id":89,"param_name":"unified_rho","param_value_internal":0.7887358237473954,"distribution":"{\"name\": \"FloatDistribution\", \"attributes\": {\"step\": null, \"low\": 0.0, \"high\": 1.0, \"log\": false}}"}
{"op_code":6,"worker_id":"4e946209-37d2-441b-93b8-3684aab8b31f-29612","trial_id":49,"state":1,"values":[2.1724133897413234],"datetime_complete":"2026-07-14T11:41:19.631517"}
{"op_code":5,"worker_id":"9d783290-aa70-42b8-a12f-b1ecfc707ecd-4680","trial_id":89,"param_name":"unified_gamma","param_value_internal":60.14800135074659,"distribution":"{\"name\": \"FloatDistribution\", \"attributes\": {\"step\": null, \"low\": 1.5, \"high\": 10000.0, \"log\": true}}"}
{"op_code":9,"worker_id":"ad394823-810c-4f73-aaf6-1e9554a690f4-31796","trial_id":83,"system_attr":{"constraints":[-0.09472469513465716,-0.23179943157146804,0.09999999999999998,-0.019696969696969657,-0.3715342814475298,-58.0,-7.0,-0.07944015444015443,0.0,-1309.6226621224505,-0.08854166666666669,-0.07976190476190476]}}
{"op_code":4,"worker_id":"096f3cfc-e16e-445f-8b60-4a5d0c981489-19068","study_id":0,"datetime_start":"2026-07-14T11:41:19.652232"}
{"op_code":4,"worker_id":"4e946209-37d2-441b-93b8-3684aab8b31f-29612","study_id":0,"datetime_start":"2026-07-14T11:41:19.650714"}
{"op_code":4,"worker_id":"14a2a695-6429-4d90-8897-1e99b3de2a2b-27448","study_id":0,"datetime_start":"2026-07-14T11:41:19.639564"}
{"op_code":6,"worker_id":"ad394823-810c-4f73-aaf6-1e9554a690f4-31796","trial_id":83,"state":1,"values":[1.7878270237389136],"datetime_complete":"2026-07-14T11:41:19.653887"}
{"op_code":5,"worker_id":"14a2a695-6429-4d90-8897-1e99b3de2a2b-27448","trial_id":92,"param_name":"k_weight","param_value_internal":0.1453142501737235,"distribution":"{\"name\": \"FloatDistribution\", \"attributes\": {\"step\": null, \"low\": 0.0, \"high\": 1.5, \"log\": false}}"}
{"op_code":5,"worker_id":"096f3cfc-e16e-445f-8b60-4a5d0c981489-19068","trial_id":90,"param_name":"k_weight","param_value_internal":0.08421390769024581,"distribution":"{\"name\": \"FloatDistribution\", \"attributes\": {\"step\": null, \"low\": 0.0, \"high\": 1.5, \"log\": false}}"}
{"op_code":5,"worker_id":"4e946209-37d2-441b-93b8-3684aab8b31f-29612","trial_id":91,"param_name":"k_weight","param_value_internal":0.20109178011605952,"distribution":"{\"name\": \"FloatDistribution\", \"attributes\": {\"step\": null, \"low\": 0.0, \"high\": 1.5, \"log\": false}}"}
{"op_code":5,"worker_id":"096f3cfc-e16e-445f-8b60-4a5d0c981489-19068","trial_id":90,"param_name":"unified_alpha","param_value_internal":1.08005919768944e-05,"distribution":"{\"name\": \"FloatDistribution\", \"attributes\": {\"step\": null, \"low\": 1e-05, \"high\": 10.0, \"log\": true}}"}
{"op_code":5,"worker_id":"4e946209-37d2-441b-93b8-3684aab8b31f-29612","trial_id":91,"param_name":"unified_alpha","param_value_internal":0.00016461157417308847,"distribution":"{\"name\": \"FloatDistribution\", \"attributes\": {\"step\": null, \"low\": 1e-05, \"high\": 10.0, \"log\": true}}"}
{"op_code":5,"worker_id":"096f3cfc-e16e-445f-8b60-4a5d0c981489-19068","trial_id":90,"param_name":"unified_rho","param_value_internal":0.9622142029784542,"distribution":"{\"name\": \"FloatDistribution\", \"attributes\": {\"step\": null, \"low\": 0.0, \"high\": 1.0, \"log\": false}}"}
{"op_code":8,"worker_id":"3d0f103b-e64e-4ca4-a338-ea92e8a7da4d-14384","trial_id":87,"user_attr":{"constraints":[-0.08246994969970324,-0.22590412373847024,0.09999999999999998,0.016666666666666663,-0.26998358152496316,-16.0,-8.0,-0.10004826254826255,0.0,-1380.452281203179,-0.05833333333333329,-0.0658730158730158]}}
{"op_code":5,"worker_id":"096f3cfc-e16e-445f-8b60-4a5d0c981489-19068","trial_id":90,"param_name":"unified_gamma","param_value_internal":63.470218309093525,"distribution":"{\"name\": \"FloatDistribution\", \"attributes\": {\"step\": null, \"low\": 1.5, \"high\": 10000.0, \"log\": true}}"}
{"op_code":5,"worker_id":"14a2a695-6429-4d90-8897-1e99b3de2a2b-27448","trial_id":92,"param_name":"unified_alpha","param_value_internal":1.0600444935972243e-05,"distribution":"{\"name\": \"FloatDistribution\", \"attributes\": {\"step\": null, \"low\": 1e-05, \"high\": 10.0, \"log\": true}}"}
{"op_code":5,"worker_id":"096f3cfc-e16e-445f-8b60-4a5d0c981489-19068","trial_id":90,"param_name":"huber_delta","param_value_internal":4.444010582734804,"distribution":"{\"name\": \"FloatDistribution\", \"attributes\": {\"step\": null, \"low\": 0.5, \"high\": 5.0, \"log\": false}}"}
{"op_code":8,"worker_id":"3d0f103b-e64e-4ca4-a338-ea92e8a7da4d-14384","trial_id":87,"user_attr":{"pruned_reasons":["M3 (Hit Rate < 60%)","M5 (Monotonicity <= 0.25)"]}}
{"op_code":5,"worker_id":"8223b171-6b57-44a9-bf98-0a4eff1e5c72-11668","trial_id":88,"param_name":"unified_gamma","param_value_internal":6.507535445857737,"distribution":"{\"name\": \"FloatDistribution\", \"attributes\": {\"step\": null, \"low\": 1.5, \"high\": 10000.0, \"log\": true}}"}
{"op_code":8,"worker_id":"3d0f103b-e64e-4ca4-a338-ea92e8a7da4d-14384","trial_id":87,"user_attr":{"gini":0.3749351179966538}}
{"op_code":8,"worker_id":"3d0f103b-e64e-4ca4-a338-ea92e8a7da4d-14384","trial_id":87,"user_attr":{"cv_is_ics":[0.16411516070365906,0.12374051660299301,0.1276836097240448,0.18577612936496735,0.182928204536438,0.17930351197719574,0.1899971067905426,0.1995980143547058,0.21137072145938873,0.18045873939990997,0.16728529334068298,0.165211483836174,0.1503177136182785,0.16571909189224243,0.21545852720737457]}}
{"op_code":8,"worker_id":"3d0f103b-e64e-4ca4-a338-ea92e8a7da4d-14384","trial_id":87,"user_attr":{"cv_oos_ics":[0.02670590952038765,0.1267794668674469,0.11565836519002914,0.0026137952227145433,0.06402049958705902,0.009586711414158344,0.04677560180425644,0.026010362431406975,0.01933889091014862,0.045350171625614166,0.05438133701682091,0.08652970939874649,0.0716032013297081,0.1142629012465477,-0.006190332118421793]}}
{"op_code":8,"worker_id":"3d0f103b-e64e-4ca4-a338-ea92e8a7da4d-14384","trial_id":87,"user_attr":{"reg_kappa":3.4597099162058664}}
{"op_code":5,"worker_id":"8223b171-6b57-44a9-bf98-0a4eff1e5c72-11668","trial_id":88,"param_name":"huber_delta","param_value_internal":1.7142205329532394,"distribution":"{\"name\": \"FloatDistribution\", \"attributes\": {\"step\": null, \"low\": 0.5, \"high\": 5.0, \"log\": false}}"}
{"op_code":5,"worker_id":"9d783290-aa70-42b8-a12f-b1ecfc707ecd-4680","trial_id":89,"param_name":"huber_delta","param_value_internal":2.8659669908376006,"distribution":"{\"name\": \"FloatDistribution\", \"attributes\": {\"step\": null, \"low\": 0.5, \"high\": 5.0, \"log\": false}}"}
{"op_code":8,"worker_id":"3d0f103b-e64e-4ca4-a338-ea92e8a7da4d-14384","trial_id":87,"user_attr":{"raw_metrics":[0.6253070755137647,0.22590412373847024,0.5,0.08246994969970324,0.23333333333333334,0.26998358152496316,-0.44764803874717946,-0.4177136719226837,0.5083333333333333]}}
{"op_code":8,"worker_id":"3d0f103b-e64e-4ca4-a338-ea92e8a7da4d-14384","trial_id":87,"user_attr":{"val_metrics":[0.17801630494571874,-0.022428240249065784,0.8787878787878788,0.8714477629603251,-0.28288500618485823]}}
{"op_code":5,"worker_id":"14a2a695-6429-4d90-8897-1e99b3de2a2b-27448","trial_id":92,"param_name":"unified_rho","param_value_internal":0.9956078968764783,"distribution":"{\"name\": \"FloatDistribution\", \"attributes\": {\"step\": null, \"low\": 0.0, \"high\": 1.0, \"log\": false}}"}
{"op_code":5,"worker_id":"14a2a695-6429-4d90-8897-1e99b3de2a2b-27448","trial_id":92,"param_name":"unified_gamma","param_value_internal":64.83141225666257,"distribution":"{\"name\": \"FloatDistribution\", \"attributes\": {\"step\": null, \"low\": 1.5, \"high\": 10000.0, \"log\": true}}"}
{"op_code":8,"worker_id":"3d0f103b-e64e-4ca4-a338-ea92e8a7da4d-14384","trial_id":87,"user_attr":{"deflated_objective":1.490551016394144}}
{"op_code":5,"worker_id":"14a2a695-6429-4d90-8897-1e99b3de2a2b-27448","trial_id":92,"param_name":"huber_delta","param_value_internal":1.7564672851611707,"distribution":"{\"name\": \"FloatDistribution\", \"attributes\": {\"step\": null, \"low\": 0.5, \"high\": 5.0, \"log\": false}}"}
{"op_code":9,"worker_id":"3d0f103b-e64e-4ca4-a338-ea92e8a7da4d-14384","trial_id":87,"system_attr":{"constraints":[-0.08246994969970324,-0.22590412373847024,0.09999999999999998,0.016666666666666663,-0.26998358152496316,-16.0,-8.0,-0.10004826254826255,0.0,-1380.452281203179,-0.05833333333333329,-0.0658730158730158]}}
{"op_code":5,"worker_id":"87b0e52f-44de-4c47-9ccc-fc0cea5958aa-18156","trial_id":13,"param_name":"unified_alpha","param_value_internal":0.00013233505373256015,"distribution":"{\"name\": \"FloatDistribution\", \"attributes\": {\"step\": null, \"low\": 1e-05, \"high\": 10.0, \"log\": true}}"}
{"op_code":6,"worker_id":"3d0f103b-e64e-4ca4-a338-ea92e8a7da4d-14384","trial_id":87,"state":1,"values":[2.5593050573380305],"datetime_complete":"2026-07-14T11:41:19.703232"}
{"op_code":8,"worker_id":"2d8659f6-1790-4d13-b5e8-da7a9c1ac309-24364","trial_id":86,"user_attr":{"constraints":[-0.0855724455960124,-0.1781607323780576,0.09999999999999998,0.022727272727272735,-0.30056140969817835,-17.0,-8.0,-0.1277992277992278,0.0,-1374.0235405584415,-0.06875000000000003,-0.03710317460317453]}}
{"op_code":8,"worker_id":"222dcb9a-8f9e-419b-a957-83284cc13164-8896","trial_id":85,"user_attr":{"pruned_reasons":["M3 (Hit Rate < 60%)"]}}
{"op_code":5,"worker_id":"87b0e52f-44de-4c47-9ccc-fc0cea5958aa-18156","trial_id":13,"param_name":"unified_rho","param_value_internal":0.32318267696821945,"distribution":"{\"name\": \"FloatDistribution\", \"attributes\": {\"step\": null, \"low\": 0.0, \"high\": 1.0, \"log\": false}}"}
{"op_code":5,"worker_id":"87b0e52f-44de-4c47-9ccc-fc0cea5958aa-18156","trial_id":13,"param_name":"unified_gamma","param_value_internal":527.0561194914657,"distribution":"{\"name\": \"FloatDistribution\", \"attributes\": {\"step\": null, \"low\": 1.5, \"high\": 10000.0, \"log\": true}}"}
{"op_code":8,"worker_id":"2d8659f6-1790-4d13-b5e8-da7a9c1ac309-24364","trial_id":86,"user_attr":{"pruned_reasons":["M3 (Hit Rate < 60%)","M5 (Monotonicity <= 0.25)"]}}
{"op_code":5,"worker_id":"87b0e52f-44de-4c47-9ccc-fc0cea5958aa-18156","trial_id":13,"param_name":"huber_delta","param_value_internal":3.05136860436146,"distribution":"{\"name\": \"FloatDistribution\", \"attributes\": {\"step\": null, \"low\": 0.5, \"high\": 5.0, \"log\": false}}"}
{"op_code":8,"worker_id":"2d8659f6-1790-4d13-b5e8-da7a9c1ac309-24364","trial_id":86,"user_attr":{"gini":0.3861887418002181}}
{"op_code":8,"worker_id":"2d8659f6-1790-4d13-b5e8-da7a9c1ac309-24364","trial_id":86,"user_attr":{"cv_is_ics":[0.16391713917255402,0.14045803248882294,0.1412343531847,0.19280003011226654,0.18763414025306702,0.18055479228496552,0.2035185843706131,0.20040026307106018,0.21747663617134094,0.19845156371593475,0.18048754334449768,0.18871179223060608,0.1549312025308609,0.18627917766571045,0.22357746958732605]}}
{"op_code":8,"worker_id":"2d8659f6-1790-4d13-b5e8-da7a9c1ac309-24364","trial_id":86,"user_attr":{"cv_oos_ics":[0.028227292001247406,0.12451919913291931,0.12686854600906372,-0.010892162099480629,0.049491941928863525,0.031412217766046524,0.05430218577384949,0.024874798953533173,0.017207125201821327,0.03932249918580055,0.06753639131784439,0.0884423553943634,0.07345755398273468,0.10970143973827362,-0.008712525479495525]}}
{"op_code":8,"worker_id":"096f3cfc-e16e-445f-8b60-4a5d0c981489-19068","trial_id":90,"user_attr":{"constraints":[-0.09739841040905478,-0.16103534257029695,0.09999999999999998,0.06212121212121213,-0.29906219625845554,-57.0,-8.0,-0.10363577863577866,0.0,-1309.63161224931,-0.04791666666666666,-0.07281746031746023]}}
{"op_code":8,"worker_id":"2d8659f6-1790-4d13-b5e8-da7a9c1ac309-24364","trial_id":86,"user_attr":{"reg_kappa":3.443519530669776}}
{"op_code":8,"worker_id":"096f3cfc-e16e-445f-8b60-4a5d0c981489-19068","trial_id":90,"user_attr":{"pruned_reasons":["M3 (Hit Rate < 60%)","M5 (Monotonicity <= 0.25)"]}}
{"op_code":8,"worker_id":"096f3cfc-e16e-445f-8b60-4a5d0c981489-19068","trial_id":90,"user_attr":{"gini":0.4136068623189657}}
{"op_code":8,"worker_id":"8223b171-6b57-44a9-bf98-0a4eff1e5c72-11668","trial_id":88,"user_attr":{"constraints":[-0.0641329852065933,-0.2367764707430361,0.09999999999999998,0.08333333333333331,-0.13675547422220308,-55.0,-8.0,-0.09395109395109397,0.25,-1310.7625110417077,-0.06874999999999992,-0.0579365079365079]}}
{"op_code":8,"worker_id":"2d8659f6-1790-4d13-b5e8-da7a9c1ac309-24364","trial_id":86,"user_attr":{"raw_metrics":[0.5239287782078531,0.1781607323780576,0.5,0.0855724455960124,0.22727272727272727,0.30056140969817835,-0.42473562236793144,-0.4602317214012146,0.51875]}}
{"op_code":8,"worker_id":"096f3cfc-e16e-445f-8b60-4a5d0c981489-19068","trial_id":90,"user_attr":{"cv_is_ics":[0.15965129435062408,0.13540901243686676,0.13322782516479492,0.18573784828186035,0.17998874187469482,0.1815156638622284,0.1904105693101883,0.19426897168159485,0.2109718918800354,0.19020774960517883,0.17842794954776764,0.17468775808811188,0.15122227370738983,0.17634357511997223,0.21419751644134521]}}
{"op_code":8,"worker_id":"8223b171-6b57-44a9-bf98-0a4eff1e5c72-11668","trial_id":88,"user_attr":{"pruned_reasons":["M3 (Hit Rate < 60%)","M5 (Monotonicity <= 0.25)","Side-specific Hit Rate (25.00% < 50%)"]}}
{"op_code":8,"worker_id":"2d8659f6-1790-4d13-b5e8-da7a9c1ac309-24364","trial_id":86,"user_attr":{"val_metrics":[0.17703395990451384,0.008226344123264201,0.6484848484848484,0.8366062354188466,-0.00535787553125644]}}
{"op_code":8,"worker_id":"8223b171-6b57-44a9-bf98-0a4eff1e5c72-11668","trial_id":88,"user_attr":{"gini":0.4665076873098104}}
{"op_code":8,"worker_id":"8223b171-6b57-44a9-bf98-0a4eff1e5c72-11668","trial_id":88,"user_attr":{"cv_is_ics":[0.17291538417339325,0.15116330981254578,0.14256012439727783,0.18894287943840027,0.19458696246147156,0.19378988444805145,0.2090347409248352,0.20126527547836304,0.22537051141262054,0.20416980981826782,0.18570436537265778,0.18094222247600555,0.15643306076526642,0.18267028033733368,0.21991199254989624]}}
{"op_code":8,"worker_id":"9d783290-aa70-42b8-a12f-b1ecfc707ecd-4680","trial_id":89,"user_attr":{"constraints":[-0.10646083423489823,-0.23674933222805566,0.09999999999999998,-0.004545454545454519,-0.34702329942335686,-60.0,-3.0,0.04725433565211118,0.0,-1310.7553299942667,-0.07812499999999994,-0.07281746031746034]}}
{"op_code":8,"worker_id":"2d8659f6-1790-4d13-b5e8-da7a9c1ac309-24364","trial_id":86,"user_attr":{"deflated_objective":1.59605626243825}}
{"op_code":8,"worker_id":"9d783290-aa70-42b8-a12f-b1ecfc707ecd-4680","trial_id":89,"user_attr":{"pruned_reasons":["M3 (Hit Rate < 60%)","Side-specific Yearly Tail IC Mean (-0.0473 <= 0)"]}}
{"op_code":9,"worker_id":"2d8659f6-1790-4d13-b5e8-da7a9c1ac309-24364","trial_id":86,"system_attr":{"constraints":[-0.0855724455960124,-0.1781607323780576,0.09999999999999998,0.022727272727272735,-0.30056140969817835,-17.0,-8.0,-0.1277992277992278,0.0,-1374.0235405584415,-0.06875000000000003,-0.03710317460317453]}}
{"op_code":8,"worker_id":"8223b171-6b57-44a9-bf98-0a4eff1e5c72-11668","trial_id":88,"user_attr":{"cv_oos_ics":[0.06736887246370316,0.1388244926929474,0.10491025447845459,0.006345129571855068,0.060269393026828766,0.04118221625685692,0.05634301155805588,0.034001536667346954,0.0013722985750064254,0.022464308887720108,0.06424683332443237,0.10098294168710709,0.05985713377594948,0.09894486516714096,-0.02179287001490593]}}
{"op_code":6,"worker_id":"2d8659f6-1790-4d13-b5e8-da7a9c1ac309-24364","trial_id":86,"state":1,"values":[2.6594492058039654],"datetime_complete":"2026-07-14T11:41:19.746362"}
{"op_code":8,"worker_id":"9d783290-aa70-42b8-a12f-b1ecfc707ecd-4680","trial_id":89,"user_attr":{"gini":0.6706688669638083}}
{"op_code":8,"worker_id":"14a2a695-6429-4d90-8897-1e99b3de2a2b-27448","trial_id":92,"user_attr":{"constraints":[-0.06451052406928141,-0.23634225450334873,0.09999999999999998,0.025757575757575757,-0.13675547422220308,-56.0,-8.0,-0.09575289575289576,0.25,-1309.9089112286251,-0.06354166666666666,-0.0579365079365079]}}
{"op_code":8,"worker_id":"8223b171-6b57-44a9-bf98-0a4eff1e5c72-11668","trial_id":88,"user_attr":{"reg_kappa":3.2851116389562307}}
{"op_code":8,"worker_id":"8223b171-6b57-44a9-bf98-0a4eff1e5c72-11668","trial_id":88,"user_attr":{"raw_metrics":[0.599524763737197,0.2367764707430361,0.5,0.0641329852065933,0.16666666666666669,0.13675547422220308,-0.19037652953567052,-0.21147826313972473,0.5187499999999999]}}
{"op_code":8,"worker_id":"9d783290-aa70-42b8-a12f-b1ecfc707ecd-4680","trial_id":89,"user_attr":{"cv_is_ics":[0.17703643441200256,0.14719730615615845,0.13250431418418884,0.17514574527740479,0.19414211809635162,0.18910525739192963,0.19110949337482452,0.20395594835281372,0.22449961304664612,0.18461886048316956,0.16778580844402313,0.17293711006641388,0.14801408350467682,0.16764257848262787,0.19537603855133057]}}
{"op_code":8,"worker_id":"8223b171-6b57-44a9-bf98-0a4eff1e5c72-11668","trial_id":88,"user_attr":{"val_metrics":[0.16283193172938523,0.14527094979172406,0.806060606060606,0.7351866171465835,-2.34100103351364]}}
{"op_code":8,"worker_id":"87b0e52f-44de-4c47-9ccc-fc0cea5958aa-18156","trial_id":13,"user_attr":{"constraints":[-0.08710802656583726,-0.25757181015539676,0.09999999999999998,0.13181818181818183,-0.33543846424048146,-49.0,-8.0,-0.07868102215408593,0.0,-1315.503694948219,-0.09374999999999994,-0.07976190476190476]}}
{"op_code":8,"worker_id":"87b0e52f-44de-4c47-9ccc-fc0cea5958aa-18156","trial_id":13,"user_attr":{"pruned_reasons":["M3 (Hit Rate < 60%)","M5 (Monotonicity <= 0.25)"]}}
{"op_code":8,"worker_id":"9d783290-aa70-42b8-a12f-b1ecfc707ecd-4680","trial_id":89,"user_attr":{"cv_oos_ics":[0.05613654851913452,0.13754990696907043,0.13884344696998596,0.11563332378864288,0.09001198410987854,0.05948223918676376,0.08828777074813843,0.06421228498220444,0.001260729506611824,0.08933208137750626,0.11001777648925781,0.07943299412727356,0.11105293780565262,0.11127451807260513,0.04741883650422096]}}
{"op_code":8,"worker_id":"8223b171-6b57-44a9-bf98-0a4eff1e5c72-11668","trial_id":88,"user_attr":{"deflated_objective":0.7414312392471178}}
{"op_code":8,"worker_id":"9d783290-aa70-42b8-a12f-b1ecfc707ecd-4680","trial_id":89,"user_attr":{"reg_kappa":3.244608970576926}}
{"op_code":8,"worker_id":"87b0e52f-44de-4c47-9ccc-fc0cea5958aa-18156","trial_id":13,"user_attr":{"gini":0.3942756120425115}}
{"op_code":8,"worker_id":"9d783290-aa70-42b8-a12f-b1ecfc707ecd-4680","trial_id":89,"user_attr":{"raw_metrics":[0.646302435844537,0.23674933222805566,0.5,0.10646083423489823,0.2545454545454545,0.34702329942335686,-0.11703623886966702,-0.1364923119544983,0.528125]}}
{"op_code":9,"worker_id":"8223b171-6b57-44a9-bf98-0a4eff1e5c72-11668","trial_id":88,"system_attr":{"constraints":[-0.0641329852065933,-0.2367764707430361,0.09999999999999998,0.08333333333333331,-0.13675547422220308,-55.0,-8.0,-0.09395109395109397,0.25,-1310.7625110417077,-0.06874999999999992,-0.0579365079365079]}}
{"op_code":6,"worker_id":"8223b171-6b57-44a9-bf98-0a4eff1e5c72-11668","trial_id":88,"state":1,"values":[1.7943471579049688],"datetime_complete":"2026-07-14T11:41:19.771772"}
{"op_code":8,"worker_id":"87b0e52f-44de-4c47-9ccc-fc0cea5958aa-18156","trial_id":13,"user_attr":{"cv_is_ics":[0.17548425495624542,0.14052994549274445,0.1330443173646927,0.18936248123645782,0.19199536740779877,0.1908603459596634,0.19550339877605438,0.20351822674274445,0.22088898718357086,0.18859276175498962,0.17246760427951813,0.1739407628774643,0.1487554907798767,0.17151428759098053,0.20862793922424316]}}
{"op_code":8,"worker_id":"9d783290-aa70-42b8-a12f-b1ecfc707ecd-4680","trial_id":89,"user_attr":{"val_metrics":[0.16890005505774083,0.042540440444760685,0.6121212121212121,0.8912010695245387,-0.9408438638348073]}}
{"op_code":8,"worker_id":"87b0e52f-44de-4c47-9ccc-fc0cea5958aa-18156","trial_id":13,"user_attr":{"cv_oos_ics":[0.05194951221346855,0.13616283237934113,0.11436036974191666,0.013360296376049519,0.07161416113376617,0.03532659262418747,0.0576881542801857,0.028473537415266037,0.006011177785694599,0.02828000672161579,0.06955013424158096,0.09240950644016266,0.07514853775501251,0.10862322896718979,-0.005999872460961342]}}
{"op_code":8,"worker_id":"87b0e52f-44de-4c47-9ccc-fc0cea5958aa-18156","trial_id":13,"user_attr":{"reg_kappa":3.2964683208239447}}
{"op_code":8,"worker_id":"9d783290-aa70-42b8-a12f-b1ecfc707ecd-4680","trial_id":89,"user_attr":{"deflated_objective":1.247259943295531}}
{"op_code":8,"worker_id":"87b0e52f-44de-4c47-9ccc-fc0cea5958aa-18156","trial_id":13,"user_attr":{"raw_metrics":[0.6158969660346817,0.25757181015539676,0.5,0.08710802656583726,0.11818181818181818,0.33543846424048146,-0.2073828133557601,-0.23890043795108795,0.54375]}}
{"op_code":8,"worker_id":"87b0e52f-44de-4c47-9ccc-fc0cea5958aa-18156","trial_id":13,"user_attr":{"val_metrics":[0.17911908065416754,0.11858020540870254,0.8787878787878788,0.8851387525868156,-1.6273990964083591]}}
{"op_code":9,"worker_id":"9d783290-aa70-42b8-a12f-b1ecfc707ecd-4680","trial_id":89,"system_attr":{"constraints":[-0.10646083423489823,-0.23674933222805566,0.09999999999999998,-0.004545454545454519,-0.34702329942335686,-60.0,-3.0,0.04725433565211118,0.0,-1310.7553299942667,-0.07812499999999994,-0.07281746031746034]}}
{"op_code":6,"worker_id":"9d783290-aa70-42b8-a12f-b1ecfc707ecd-4680","trial_id":89,"state":1,"values":[2.294530694926595],"datetime_complete":"2026-07-14T11:41:19.788705"}
{"op_code":8,"worker_id":"87b0e52f-44de-4c47-9ccc-fc0cea5958aa-18156","trial_id":13,"user_attr":{"deflated_objective":1.0320390686035372}}
{"op_code":9,"worker_id":"87b0e52f-44de-4c47-9ccc-fc0cea5958aa-18156","trial_id":13,"system_attr":{"constraints":[-0.08710802656583726,-0.25757181015539676,0.09999999999999998,0.13181818181818183,-0.33543846424048146,-49.0,-8.0,-0.07868102215408593,0.0,-1315.503694948219,-0.09374999999999994,-0.07976190476190476]}}
{"op_code":6,"worker_id":"87b0e52f-44de-4c47-9ccc-fc0cea5958aa-18156","trial_id":13,"state":1,"values":[2.078013077130712],"datetime_complete":"2026-07-14T11:41:19.794649"}
{"op_code":5,"worker_id":"4e946209-37d2-441b-93b8-3684aab8b31f-29612","trial_id":91,"param_name":"unified_rho","param_value_internal":0.9932271065565519,"distribution":"{\"name\": \"FloatDistribution\", \"attributes\": {\"step\": null, \"low\": 0.0, \"high\": 1.0, \"log\": false}}"}
{"op_code":8,"worker_id":"096f3cfc-e16e-445f-8b60-4a5d0c981489-19068","trial_id":90,"user_attr":{"cv_oos_ics":[0.034222181886434555,0.1279269903898239,0.10449106991291046,0.028258929029107094,0.07818729430437088,0.0187749732285738,0.05774473398923874,0.0055550928227603436,0.009060198441147804,0.01975727640092373,0.06945530325174332,0.09530078619718552,0.07486724108457565,0.10998513549566269,-0.004987010732293129]}}
{"op_code":8,"worker_id":"096f3cfc-e16e-445f-8b60-4a5d0c981489-19068","trial_id":90,"user_attr":{"reg_kappa":3.2822824040104237}}
{"op_code":5,"worker_id":"4e946209-37d2-441b-93b8-3684aab8b31f-29612","trial_id":91,"param_name":"unified_gamma","param_value_internal":63.051222443801365,"distribution":"{\"name\": \"FloatDistribution\", \"attributes\": {\"step\": null, \"low\": 1.5, \"high\": 10000.0, \"log\": true}}"}
{"op_code":8,"worker_id":"096f3cfc-e16e-445f-8b60-4a5d0c981489-19068","trial_id":90,"user_attr":{"raw_metrics":[0.4585541239496475,0.16103534257029695,0.5,0.09739841040905478,0.18787878787878787,0.29906219625845554,-0.18474371592982164,-0.1936199814081192,0.4979166666666667]}}
{"op_code":5,"worker_id":"4e946209-37d2-441b-93b8-3684aab8b31f-29612","trial_id":91,"param_name":"huber_delta","param_value_internal":2.886245302661076,"distribution":"{\"name\": \"FloatDistribution\", \"attributes\": {\"step\": null, \"low\": 0.5, \"high\": 5.0, \"log\": false}}"}
{"op_code":8,"worker_id":"096f3cfc-e16e-445f-8b60-4a5d0c981489-19068","trial_id":90,"user_attr":{"val_metrics":[0.16567348013716582,0.1523525745096119,0.6,0.9339417310134657,-1.7431190118907072]}}
{"op_code":8,"worker_id":"096f3cfc-e16e-445f-8b60-4a5d0c981489-19068","trial_id":90,"user_attr":{"deflated_objective":0.9737899022879075}}
{"op_code":9,"worker_id":"096f3cfc-e16e-445f-8b60-4a5d0c981489-19068","trial_id":90,"system_attr":{"constraints":[-0.09739841040905478,-0.16103534257029695,0.09999999999999998,0.06212121212121213,-0.29906219625845554,-57.0,-8.0,-0.10363577863577866,0.0,-1309.63161224931,-0.04791666666666666,-0.07281746031746023]}}
{"op_code":6,"worker_id":"096f3cfc-e16e-445f-8b60-4a5d0c981489-19068","trial_id":90,"state":1,"values":[2.0160107106538483],"datetime_complete":"2026-07-14T11:41:19.821007"}
{"op_code":8,"worker_id":"4e946209-37d2-441b-93b8-3684aab8b31f-29612","trial_id":91,"user_attr":{"constraints":[-0.08680144882550109,-0.23005434282030027,0.09999999999999998,0.13484848484848486,-0.3606716380082071,-55.0,-8.0,-0.0654118404118404,0.25,-1310.4352664269106,-0.09374999999999994,-0.08670634920634918]}}
{"op_code":8,"worker_id":"4e946209-37d2-441b-93b8-3684aab8b31f-29612","trial_id":91,"user_attr":{"pruned_reasons":["M3 (Hit Rate < 60%)","M5 (Monotonicity <= 0.25)","Side-specific Hit Rate (25.00% < 50%)"]}}
{"op_code":8,"worker_id":"4e946209-37d2-441b-93b8-3684aab8b31f-29612","trial_id":91,"user_attr":{"gini":0.41498551554609997}}
{"op_code":8,"worker_id":"4e946209-37d2-441b-93b8-3684aab8b31f-29612","trial_id":91,"user_attr":{"cv_is_ics":[0.17476721107959747,0.1506463587284088,0.1388460248708725,0.19069433212280273,0.19460953772068024,0.19374392926692963,0.19991271197795868,0.2029406577348709,0.22397036850452423,0.19667242467403412,0.17906495928764343,0.1801038533449173,0.15152715146541595,0.17862491309642792,0.21353794634342194]}}
{"op_code":8,"worker_id":"4e946209-37d2-441b-93b8-3684aab8b31f-29612","trial_id":91,"user_attr":{"cv_oos_ics":[0.05894867703318596,0.13518038392066956,0.10498631745576859,0.013821554370224476,0.06572407484054565,0.03886004909873009,0.06375882774591446,0.02850939705967903,0.0070822397246956825,0.021757466718554497,0.07510445266962051,0.09407908469438553,0.07540752738714218,0.1053471714258194,-0.00947436410933733]}}
{"op_code":8,"worker_id":"4e946209-37d2-441b-93b8-3684aab8b31f-29612","trial_id":91,"user_attr":{"reg_kappa":3.284292288909626}}
{"op_code":8,"worker_id":"4e946209-37d2-441b-93b8-3684aab8b31f-29612","trial_id":91,"user_attr":{"raw_metrics":[0.5503854320512828,0.23005434282030027,0.5,0.08680144882550109,0.11515151515151514,0.3606716380082071,-0.18902606982623482,-0.20301879942417145,0.54375]}}
{"op_code":8,"worker_id":"4e946209-37d2-441b-93b8-3684aab8b31f-29612","trial_id":91,"user_attr":{"val_metrics":[0.17374585106636897,0.14277488112478942,0.8181818181818182,0.8912010695245387,-2.6288836235034836]}}
{"op_code":8,"worker_id":"4e946209-37d2-441b-93b8-3684aab8b31f-29612","trial_id":91,"user_attr":{"deflated_objective":0.647704149301713}}
{"op_code":9,"worker_id":"4e946209-37d2-441b-93b8-3684aab8b31f-29612","trial_id":91,"system_attr":{"constraints":[-0.08680144882550109,-0.23005434282030027,0.09999999999999998,0.13484848484848486,-0.3606716380082071,-55.0,-8.0,-0.0654118404118404,0.25,-1310.4352664269106,-0.09374999999999994,-0.08670634920634918]}}
{"op_code":6,"worker_id":"4e946209-37d2-441b-93b8-3684aab8b31f-29612","trial_id":91,"state":1,"values":[1.6804992075994623],"datetime_complete":"2026-07-14T11:41:19.869749"}
{"op_code":8,"worker_id":"f4043021-8b1e-434e-b6bf-06efcba2ce90-22852","trial_id":58,"user_attr":{"reg_kappa":3.3573697736852215}}
{"op_code":8,"worker_id":"f4043021-8b1e-434e-b6bf-06efcba2ce90-22852","trial_id":58,"user_attr":{"raw_metrics":[0.6145120371383078,0.21068961433703076,0.5,0.08131744173166534,0.2424242424242424,0.24543961153676114,-0.2985910843031045,-0.3412831723690033,0.5135416666666667]}}
{"op_code":8,"worker_id":"f4043021-8b1e-434e-b6bf-06efcba2ce90-22852","trial_id":58,"user_attr":{"val_metrics":[0.17454403388284687,0.03085065528382888,0.6727272727272727,0.8343934555254553,-0.3250037156755763]}}
{"op_code":8,"worker_id":"14a2a695-6429-4d90-8897-1e99b3de2a2b-27448","trial_id":92,"user_attr":{"pruned_reasons":["M3 (Hit Rate < 60%)","M5 (Monotonicity <= 0.25)","Side-specific Hit Rate (25.00% < 50%)"]}}
{"op_code":8,"worker_id":"14a2a695-6429-4d90-8897-1e99b3de2a2b-27448","trial_id":92,"user_attr":{"gini":0.4515473507284098}}
{"op_code":8,"worker_id":"14a2a695-6429-4d90-8897-1e99b3de2a2b-27448","trial_id":92,"user_attr":{"cv_is_ics":[0.1761498600244522,0.15325498580932617,0.143703430891037,0.1882471889257431,0.19511859118938446,0.19364462792873383,0.20989753305912018,0.20038193464279175,0.22559888660907745,0.20258980989456177,0.18549440801143646,0.18045921623706818,0.15623359382152557,0.18289193511009216,0.2194852977991104]}}
{"op_code":8,"worker_id":"f4043021-8b1e-434e-b6bf-06efcba2ce90-22852","trial_id":58,"user_attr":{"deflated_objective":1.5152203283341843}}
{"op_code":8,"worker_id":"14a2a695-6429-4d90-8897-1e99b3de2a2b-27448","trial_id":92,"user_attr":{"cv_oos_ics":[0.06795962154865265,0.13716630637645721,0.10440124571323395,0.005594978109002113,0.060172274708747864,0.046142127364873886,0.06357554346323013,0.03529009968042374,0.002623465145006776,0.021324757486581802,0.06634504348039627,0.10238714516162872,0.06139830872416496,0.09915604442358017,-0.024545367807149887]}}
{"op_code":8,"worker_id":"14a2a695-6429-4d90-8897-1e99b3de2a2b-27448","trial_id":92,"user_attr":{"reg_kappa":3.282979487927517}}
{"op_code":8,"worker_id":"14a2a695-6429-4d90-8897-1e99b3de2a2b-27448","trial_id":92,"user_attr":{"raw_metrics":[0.5972457111956188,0.23634225450334873,0.5,0.06451052406928141,0.22424242424242424,0.13675547422220308,-0.18659844324620772,-0.19963625073432922,0.5135416666666667]}}
{"op_code":9,"worker_id":"f4043021-8b1e-434e-b6bf-06efcba2ce90-22852","trial_id":58,"system_attr":{"constraints":[-0.08131744173166534,-0.21068961433703076,0.09999999999999998,0.007575757575757597,-0.24543961153676114,-30.0,-8.0,-0.012290862290862292,0.25,-1340.9093309709438,-0.06354166666666666,-0.08670634920634918]}}
{"op_code":6,"worker_id":"f4043021-8b1e-434e-b6bf-06efcba2ce90-22852","trial_id":58,"state":1,"values":[2.5428158440442026],"datetime_complete":"2026-07-14T11:41:19.898769"}
{"op_code":4,"worker_id":"f4043021-8b1e-434e-b6bf-06efcba2ce90-22852","study_id":0,"datetime_start":"2026-07-14T11:41:19.901211"}
{"op_code":5,"worker_id":"f4043021-8b1e-434e-b6bf-06efcba2ce90-22852","trial_id":93,"param_name":"k_weight","param_value_internal":1.0958204158450155,"distribution":"{\"name\": \"FloatDistribution\", \"attributes\": {\"step\": null, \"low\": 0.0, \"high\": 1.5, \"log\": false}}"}
{"op_code":8,"worker_id":"14a2a695-6429-4d90-8897-1e99b3de2a2b-27448","trial_id":92,"user_attr":{"val_metrics":[0.16209572235845987,0.15032583436582952,0.8303030303030303,0.7351866171465835,-2.284254987649744]}}
{"op_code":5,"worker_id":"f4043021-8b1e-434e-b6bf-06efcba2ce90-22852","trial_id":93,"param_name":"unified_alpha","param_value_internal":0.011208690753942182,"distribution":"{\"name\": \"FloatDistribution\", \"attributes\": {\"step\": null, \"low\": 1e-05, \"high\": 10.0, \"log\": true}}"}
{"op_code":5,"worker_id":"f4043021-8b1e-434e-b6bf-06efcba2ce90-22852","trial_id":93,"param_name":"unified_rho","param_value_internal":0.5018573934423761,"distribution":"{\"name\": \"FloatDistribution\", \"attributes\": {\"step\": null, \"low\": 0.0, \"high\": 1.0, \"log\": false}}"}
{"op_code":8,"worker_id":"14a2a695-6429-4d90-8897-1e99b3de2a2b-27448","trial_id":92,"user_attr":{"deflated_objective":0.8033731243555864}}
{"op_code":4,"worker_id":"0fba1345-2581-466f-b01f-4a69e6bd072c-20880","study_id":0,"datetime_start":"2026-07-14T11:41:18.883835"}
{"op_code":9,"worker_id":"14a2a695-6429-4d90-8897-1e99b3de2a2b-27448","trial_id":92,"system_attr":{"constraints":[-0.06451052406928141,-0.23634225450334873,0.09999999999999998,0.025757575757575757,-0.13675547422220308,-56.0,-8.0,-0.09575289575289576,0.25,-1309.9089112286251,-0.06354166666666666,-0.0579365079365079]}}
{"op_code":5,"worker_id":"f4043021-8b1e-434e-b6bf-06efcba2ce90-22852","trial_id":93,"param_name":"unified_gamma","param_value_internal":272.33496256044316,"distribution":"{\"name\": \"FloatDistribution\", \"attributes\": {\"step\": null, \"low\": 1.5, \"high\": 10000.0, \"log\": true}}"}
{"op_code":6,"worker_id":"14a2a695-6429-4d90-8897-1e99b3de2a2b-27448","trial_id":92,"state":1,"values":[1.8214181515646124],"datetime_complete":"2026-07-14T11:41:19.918218"}
{"op_code":5,"worker_id":"f4043021-8b1e-434e-b6bf-06efcba2ce90-22852","trial_id":93,"param_name":"huber_delta","param_value_internal":2.3091809015336624,"distribution":"{\"name\": \"FloatDistribution\", \"attributes\": {\"step\": null, \"low\": 0.5, \"high\": 5.0, \"log\": false}}"}
{"op_code":5,"worker_id":"0fba1345-2581-466f-b01f-4a69e6bd072c-20880","trial_id":94,"param_name":"k_weight","param_value_internal":1.1416467752778825,"distribution":"{\"name\": \"FloatDistribution\", \"attributes\": {\"step\": null, \"low\": 0.0, \"high\": 1.5, \"log\": false}}"}
{"op_code":5,"worker_id":"0fba1345-2581-466f-b01f-4a69e6bd072c-20880","trial_id":94,"param_name":"unified_alpha","param_value_internal":0.01663956270429925,"distribution":"{\"name\": \"FloatDistribution\", \"attributes\": {\"step\": null, \"low\": 1e-05, \"high\": 10.0, \"log\": true}}"}
{"op_code":5,"worker_id":"0fba1345-2581-466f-b01f-4a69e6bd072c-20880","trial_id":94,"param_name":"unified_rho","param_value_internal":0.5093615914479278,"distribution":"{\"name\": \"FloatDistribution\", \"attributes\": {\"step\": null, \"low\": 0.0, \"high\": 1.0, \"log\": false}}"}
{"op_code":5,"worker_id":"0fba1345-2581-466f-b01f-4a69e6bd072c-20880","trial_id":94,"param_name":"unified_gamma","param_value_internal":342.4036385297519,"distribution":"{\"name\": \"FloatDistribution\", \"attributes\": {\"step\": null, \"low\": 1.5, \"high\": 10000.0, \"log\": true}}"}
{"op_code":5,"worker_id":"0fba1345-2581-466f-b01f-4a69e6bd072c-20880","trial_id":94,"param_name":"huber_delta","param_value_internal":2.664811874822198,"distribution":"{\"name\": \"FloatDistribution\", \"attributes\": {\"step\": null, \"low\": 0.5, \"high\": 5.0, \"log\": false}}"}
{"op_code":8,"worker_id":"0fba1345-2581-466f-b01f-4a69e6bd072c-20880","trial_id":94,"user_attr":{"constraints":[-0.09754713902093955,-0.28392281477387865,0.09999999999999998,0.016666666666666663,-0.3037857873427371,-28.0,-7.0,-0.03661555726426892,-0.25,-1347.779783773007,-0.08333333333333331,-0.0658730158730158]}}
{"op_code":8,"worker_id":"0fba1345-2581-466f-b01f-4a69e6bd072c-20880","trial_id":94,"user_attr":{"pruned_reasons":["M3 (Hit Rate < 60%)","M5 (Monotonicity <= 0.25)"]}}
{"op_code":8,"worker_id":"9965d767-430c-4b61-a965-bfe000ad94a7-24340","trial_id":81,"user_attr":{"gini":0.4574578297604208}}
{"op_code":8,"worker_id":"f4043021-8b1e-434e-b6bf-06efcba2ce90-22852","trial_id":93,"user_attr":{"constraints":[-0.0899316258674508,-0.2658946170344347,0.09999999999999998,-0.007575757575757569,-0.31139323881516856,-29.0,-7.0,-0.09087799116397395,0.0,-1344.693881622876,-0.10833333333333334,-0.0658730158730158]}}
{"op_code":8,"worker_id":"f4043021-8b1e-434e-b6bf-06efcba2ce90-22852","trial_id":93,"user_attr":{"pruned_reasons":["M3 (Hit Rate < 60%)"]}}
{"op_code":8,"worker_id":"0fba1345-2581-466f-b01f-4a69e6bd072c-20880","trial_id":94,"user_attr":{"gini":0.4366971578809775}}
{"op_code":8,"worker_id":"0fba1345-2581-466f-b01f-4a69e6bd072c-20880","trial_id":94,"user_attr":{"cv_is_ics":[0.173714742064476,0.13320031762123108,0.13290013372898102,0.18322134017944336,0.1820266842842102,0.1811210811138153,0.18384957313537598,0.19871042668819427,0.21466094255447388,0.17540085315704346,0.16805283725261688,0.16233746707439423,0.14505761861801147,0.15876595675945282,0.2043515145778656]}}
{"op_code":8,"worker_id":"9965d767-430c-4b61-a965-bfe000ad94a7-24340","trial_id":81,"user_attr":{"cv_is_ics":[0.1595219224691391,0.13131918013095856,0.13425160944461823,0.18253177404403687,0.17900368571281433,0.17753684520721436,0.18831799924373627,0.19489994645118713,0.20943813025951385,0.18369999527931213,0.1771368533372879,0.16786766052246094,0.15048031508922577,0.16815663874149323,0.21181966364383698]}}
{"op_code":8,"worker_id":"f4043021-8b1e-434e-b6bf-06efcba2ce90-22852","trial_id":93,"user_attr":{"gini":0.4064988438302448}}
{"op_code":8,"worker_id":"9965d767-430c-4b61-a965-bfe000ad94a7-24340","trial_id":81,"user_attr":{"cv_oos_ics":[0.031310517340898514,0.12261905521154404,0.11612852662801743,0.04803314059972763,0.08742060512304306,0.02036399208009243,0.06150364503264427,0.010571490973234177,0.012879842892289162,0.02908167615532875,0.07681138813495636,0.08827420324087143,0.07728498429059982,0.11241170018911362,0.013412651605904102]}}
{"op_code":8,"worker_id":"9965d767-430c-4b61-a965-bfe000ad94a7-24340","trial_id":81,"user_attr":{"reg_kappa":3.280142050594476}}
{"op_code":8,"worker_id":"9965d767-430c-4b61-a965-bfe000ad94a7-24340","trial_id":81,"user_attr":{"raw_metrics":[0.42141648137746973,0.13521888445900604,0.5,0.10575772134966344,0.2090909090909091,0.31892605472976965,-0.18912451042493678,-0.19481265544891357,0.4979166666666667]}}
{"op_code":8,"worker_id":"f4043021-8b1e-434e-b6bf-06efcba2ce90-22852","trial_id":93,"user_attr":{"cv_is_ics":[0.17589884996414185,0.13561320304870605,0.13472221791744232,0.18433628976345062,0.1859937459230423,0.18273839354515076,0.18827490508556366,0.2008935809135437,0.2171342968940735,0.18357402086257935,0.16909660398960114,0.16768431663513184,0.14923851191997528,0.1636219471693039,0.2060314118862152]}}
{"op_code":8,"worker_id":"f4043021-8b1e-434e-b6bf-06efcba2ce90-22852","trial_id":93,"user_attr":{"cv_oos_ics":[0.041649434715509415,0.13339516520500183,0.1312011331319809,0.02412298321723938,0.0786324143409729,0.024774039164185524,0.054333265870809555,0.03950244188308716,0.005015025846660137,0.05913715064525604,0.06512101739645004,0.08567619323730469,0.09481483697891235,0.11288107186555862,0.01225794106721878]}}
{"op_code":8,"worker_id":"f4043021-8b1e-434e-b6bf-06efcba2ce90-22852","trial_id":93,"user_attr":{"reg_kappa":3.335827239428675}}
{"op_code":8,"worker_id":"9965d767-430c-4b61-a965-bfe000ad94a7-24340","trial_id":81,"user_attr":{"val_metrics":[0.16713447115146787,0.15648862172949535,0.7090909090909091,0.8315702194374972,-1.7579150815072877]}}
{"op_code":8,"worker_id":"f4043021-8b1e-434e-b6bf-06efcba2ce90-22852","trial_id":93,"user_attr":{"raw_metrics":[0.6672587479559633,0.2658946170344347,0.5,0.0899316258674508,0.25757575757575757,0.31139323881516856,-0.28891094941352713,-0.31655552983283997,0.5583333333333333]}}
{"op_code":8,"worker_id":"f4043021-8b1e-434e-b6bf-06efcba2ce90-22852","trial_id":93,"user_attr":{"val_metrics":[0.17833847895699534,0.029045388764819297,0.7575757575757576,0.8742761076630458,-0.3583233896478766]}}
{"op_code":8,"worker_id":"0fba1345-2581-466f-b01f-4a69e6bd072c-20880","trial_id":94,"user_attr":{"cv_oos_ics":[0.04336018115282059,0.13281816244125366,0.13951510190963745,0.03455955162644386,0.0825057253241539,0.02950284630060196,0.05928909778594971,0.03849995881319046,0.004595048259943724,0.06270960718393326,0.07324690371751785,0.0814301148056984,0.096483513712883,0.11026803404092789,0.028359338641166687]}}
{"op_code":8,"worker_id":"9965d767-430c-4b61-a965-bfe000ad94a7-24340","trial_id":81,"user_attr":{"deflated_objective":1.0106105124949396}}
{"op_code":9,"worker_id":"9965d767-430c-4b61-a965-bfe000ad94a7-24340","trial_id":81,"system_attr":{"constraints":[-0.10575772134966344,-0.13521888445900604,0.09999999999999998,0.040909090909090895,-0.31892605472976965,-55.0,-8.0,-0.027059202059202092,0.0,-1310.462686318546,-0.04791666666666666,-0.07281746031746023]}}
{"op_code":8,"worker_id":"f4043021-8b1e-434e-b6bf-06efcba2ce90-22852","trial_id":93,"user_attr":{"deflated_objective":1.5218305225636302}}
{"op_code":8,"worker_id":"0fba1345-2581-466f-b01f-4a69e6bd072c-20880","trial_id":94,"user_attr":{"reg_kappa":3.327813578067168}}
{"op_code":8,"worker_id":"0fba1345-2581-466f-b01f-4a69e6bd072c-20880","trial_id":94,"user_attr":{"raw_metrics":[0.7068535239913368,0.28392281477387865,0.5,0.09754713902093955,0.23333333333333334,0.3037857873427371,-0.29985796027291534,-0.31828561425209045,0.5333333333333333]}}
{"op_code":6,"worker_id":"9965d767-430c-4b61-a965-bfe000ad94a7-24340","trial_id":81,"state":1,"values":[2.022801891705012],"datetime_complete":"2026-07-14T11:41:20.007278"}
{"op_code":8,"worker_id":"0fba1345-2581-466f-b01f-4a69e6bd072c-20880","trial_id":94,"user_attr":{"val_metrics":[0.18128331644069678,0.015228768868340431,0.806060606060606,0.8271654145927101,-0.44881586479220825]}}
{"op_code":4,"worker_id":"9965d767-430c-4b61-a965-bfe000ad94a7-24340","study_id":0,"datetime_start":"2026-07-14T11:41:20.013786"}
{"op_code":9,"worker_id":"f4043021-8b1e-434e-b6bf-06efcba2ce90-22852","trial_id":93,"system_attr":{"constraints":[-0.0899316258674508,-0.2658946170344347,0.09999999999999998,-0.007575757575757569,-0.31139323881516856,-29.0,-7.0,-0.09087799116397395,0.0,-1344.693881622876,-0.10833333333333334,-0.0658730158730158]}}
{"op_code":5,"worker_id":"9965d767-430c-4b61-a965-bfe000ad94a7-24340","trial_id":95,"param_name":"k_weight","param_value_internal":1.1572284792977023,"distribution":"{\"name\": \"FloatDistribution\", \"attributes\": {\"step\": null, \"low\": 0.0, \"high\": 1.5, \"log\": false}}"}
{"op_code":6,"worker_id":"f4043021-8b1e-434e-b6bf-06efcba2ce90-22852","trial_id":93,"state":1,"values":[2.5376301608404606],"datetime_complete":"2026-07-14T11:41:20.019614"}
{"op_code":5,"worker_id":"9965d767-430c-4b61-a965-bfe000ad94a7-24340","trial_id":95,"param_name":"unified_alpha","param_value_internal":0.010845043791226344,"distribution":"{\"name\": \"FloatDistribution\", \"attributes\": {\"step\": null, \"low\": 1e-05, \"high\": 10.0, \"log\": true}}"}
{"op_code":5,"worker_id":"9965d767-430c-4b61-a965-bfe000ad94a7-24340","trial_id":95,"param_name":"unified_rho","param_value_internal":0.6057570845990401,"distribution":"{\"name\": \"FloatDistribution\", \"attributes\": {\"step\": null, \"low\": 0.0, \"high\": 1.0, \"log\": false}}"}
{"op_code":8,"worker_id":"0fba1345-2581-466f-b01f-4a69e6bd072c-20880","trial_id":94,"user_attr":{"deflated_objective":1.4930406449153635}}
{"op_code":5,"worker_id":"9965d767-430c-4b61-a965-bfe000ad94a7-24340","trial_id":95,"param_name":"unified_gamma","param_value_internal":328.4468412242293,"distribution":"{\"name\": \"FloatDistribution\", \"attributes\": {\"step\": null, \"low\": 1.5, \"high\": 10000.0, \"log\": true}}"}
{"op_code":4,"worker_id":"620a3018-46c6-4e10-a34a-8b7a6af667b8-6576","study_id":0,"datetime_start":"2026-07-14T11:41:17.999716"}
{"op_code":5,"worker_id":"9965d767-430c-4b61-a965-bfe000ad94a7-24340","trial_id":95,"param_name":"huber_delta","param_value_internal":2.5886420532155046,"distribution":"{\"name\": \"FloatDistribution\", \"attributes\": {\"step\": null, \"low\": 0.5, \"high\": 5.0, \"log\": false}}"}
{"op_code":9,"worker_id":"0fba1345-2581-466f-b01f-4a69e6bd072c-20880","trial_id":94,"system_attr":{"constraints":[-0.09754713902093955,-0.28392281477387865,0.09999999999999998,0.016666666666666663,-0.3037857873427371,-28.0,-7.0,-0.03661555726426892,-0.25,-1347.779783773007,-0.08333333333333331,-0.0658730158730158]}}
{"op_code":6,"worker_id":"0fba1345-2581-466f-b01f-4a69e6bd072c-20880","trial_id":94,"state":1,"values":[2.501049491424649],"datetime_complete":"2026-07-14T11:41:20.035208"}
{"op_code":4,"worker_id":"0fba1345-2581-466f-b01f-4a69e6bd072c-20880","study_id":0,"datetime_start":"2026-07-14T11:41:20.037210"}
{"op_code":5,"worker_id":"0fba1345-2581-466f-b01f-4a69e6bd072c-20880","trial_id":97,"param_name":"k_weight","param_value_internal":0.5178513922805071,"distribution":"{\"name\": \"FloatDistribution\", \"attributes\": {\"step\": null, \"low\": 0.0, \"high\": 1.5, \"log\": false}}"}
{"op_code":5,"worker_id":"0fba1345-2581-466f-b01f-4a69e6bd072c-20880","trial_id":97,"param_name":"unified_alpha","param_value_internal":5.150028317524422e-05,"distribution":"{\"name\": \"FloatDistribution\", \"attributes\": {\"step\": null, \"low\": 1e-05, \"high\": 10.0, \"log\": true}}"}
{"op_code":5,"worker_id":"620a3018-46c6-4e10-a34a-8b7a6af667b8-6576","trial_id":96,"param_name":"k_weight","param_value_internal":1.2707569204483424,"distribution":"{\"name\": \"FloatDistribution\", \"attributes\": {\"step\": null, \"low\": 0.0, \"high\": 1.5, \"log\": false}}"}
{"op_code":5,"worker_id":"0fba1345-2581-466f-b01f-4a69e6bd072c-20880","trial_id":97,"param_name":"unified_rho","param_value_internal":0.25023266820838924,"distribution":"{\"name\": \"FloatDistribution\", \"attributes\": {\"step\": null, \"low\": 0.0, \"high\": 1.0, \"log\": false}}"}
{"op_code":5,"worker_id":"620a3018-46c6-4e10-a34a-8b7a6af667b8-6576","trial_id":96,"param_name":"unified_alpha","param_value_internal":0.00195628650530938,"distribution":"{\"name\": \"FloatDistribution\", \"attributes\": {\"step\": null, \"low\": 1e-05, \"high\": 10.0, \"log\": true}}"}
{"op_code":5,"worker_id":"0fba1345-2581-466f-b01f-4a69e6bd072c-20880","trial_id":97,"param_name":"unified_gamma","param_value_internal":21.819077316567796,"distribution":"{\"name\": \"FloatDistribution\", \"attributes\": {\"step\": null, \"low\": 1.5, \"high\": 10000.0, \"log\": true}}"}
{"op_code":5,"worker_id":"620a3018-46c6-4e10-a34a-8b7a6af667b8-6576","trial_id":96,"param_name":"unified_rho","param_value_internal":0.24799600816088652,"distribution":"{\"name\": \"FloatDistribution\", \"attributes\": {\"step\": null, \"low\": 0.0, \"high\": 1.0, \"log\": false}}"}
{"op_code":5,"worker_id":"0fba1345-2581-466f-b01f-4a69e6bd072c-20880","trial_id":97,"param_name":"huber_delta","param_value_internal":2.5878985399459267,"distribution":"{\"name\": \"FloatDistribution\", \"attributes\": {\"step\": null, \"low\": 0.5, \"high\": 5.0, \"log\": false}}"}
{"op_code":5,"worker_id":"620a3018-46c6-4e10-a34a-8b7a6af667b8-6576","trial_id":96,"param_name":"unified_gamma","param_value_internal":2.6433296843288767,"distribution":"{\"name\": \"FloatDistribution\", \"attributes\": {\"step\": null, \"low\": 1.5, \"high\": 10000.0, \"log\": true}}"}
{"op_code":5,"worker_id":"620a3018-46c6-4e10-a34a-8b7a6af667b8-6576","trial_id":96,"param_name":"huber_delta","param_value_internal":2.6914843335246585,"distribution":"{\"name\": \"FloatDistribution\", \"attributes\": {\"step\": null, \"low\": 0.5, \"high\": 5.0, \"log\": false}}"}
{"op_code":8,"worker_id":"9965d767-430c-4b61-a965-bfe000ad94a7-24340","trial_id":95,"user_attr":{"constraints":[-0.09675644029348324,-0.2742077198384189,0.09999999999999998,-0.040909090909090895,-0.3037857873427371,-27.0,-7.0,-0.05268719704355444,-0.25,-1348.8436815782577,-0.08333333333333331,-0.0658730158730158]}}
{"op_code":8,"worker_id":"9965d767-430c-4b61-a965-bfe000ad94a7-24340","trial_id":95,"user_attr":{"pruned_reasons":["M3 (Hit Rate < 60%)"]}}
{"op_code":8,"worker_id":"9965d767-430c-4b61-a965-bfe000ad94a7-24340","trial_id":95,"user_attr":{"gini":0.41922208151704843}}
{"op_code":8,"worker_id":"9965d767-430c-4b61-a965-bfe000ad94a7-24340","trial_id":95,"user_attr":{"cv_is_ics":[0.1745031476020813,0.13345780968666077,0.13292892277240753,0.18434634804725647,0.18272051215171814,0.18192555010318756,0.18303710222244263,0.19930024445056915,0.2150602638721466,0.1774969846010208,0.16846878826618195,0.16438429057598114,0.14660145342350006,0.15876804292201996,0.20422539114952087]}}
{"op_code":8,"worker_id":"9965d767-430c-4b61-a965-bfe000ad94a7-24340","trial_id":95,"user_attr":{"cv_oos_ics":[0.04206458106637001,0.12972354888916016,0.13374048471450806,0.028640883043408394,0.08168671280145645,0.02728905715048313,0.056405965238809586,0.0363786481320858,0.006808098871260881,0.058555424213409424,0.06742243468761444,0.08289408683776855,0.09608825296163559,0.11116135865449905,0.021309947595000267]}}
{"op_code":8,"worker_id":"9965d767-430c-4b61-a965-bfe000ad94a7-24340","trial_id":95,"user_attr":{"reg_kappa":3.3539655164687754}}
{"op_code":8,"worker_id":"9965d767-430c-4b61-a965-bfe000ad94a7-24340","trial_id":95,"user_attr":{"raw_metrics":[0.689020231653121,0.2742077198384189,0.5,0.09675644029348324,0.2909090909090909,0.3037857873427371,-0.3037448137557895,-0.32894381880760193,0.5333333333333333]}}
{"op_code":8,"worker_id":"9965d767-430c-4b61-a965-bfe000ad94a7-24340","trial_id":95,"user_attr":{"val_metrics":[0.178332765093221,0.022710762953520147,0.7818181818181819,0.8179232317522385,-0.5706711621522138]}}
{"op_code":8,"worker_id":"9965d767-430c-4b61-a965-bfe000ad94a7-24340","trial_id":95,"user_attr":{"deflated_objective":1.4568720439174316}}
{"op_code":9,"worker_id":"9965d767-430c-4b61-a965-bfe000ad94a7-24340","trial_id":95,"system_attr":{"constraints":[-0.09675644029348324,-0.2742077198384189,0.09999999999999998,-0.040909090909090895,-0.3037857873427371,-27.0,-7.0,-0.05268719704355444,-0.25,-1348.8436815782577,-0.08333333333333331,-0.0658730158730158]}}
{"op_code":6,"worker_id":"9965d767-430c-4b61-a965-bfe000ad94a7-24340","trial_id":95,"state":1,"values":[2.4525808725605756],"datetime_complete":"2026-07-14T11:41:20.095742"}
{"op_code":8,"worker_id":"0fba1345-2581-466f-b01f-4a69e6bd072c-20880","trial_id":97,"user_attr":{"constraints":[-0.0853340220465663,-0.2522080882643193,0.09999999999999998,0.08030303030303029,-0.33280372972910605,-47.0,-8.0,-0.05382592782679363,0.25,-1317.4893061392595,-0.09374999999999994,-0.07976190476190476]}}
{"op_code":8,"worker_id":"0fba1345-2581-466f-b01f-4a69e6bd072c-20880","trial_id":97,"user_attr":{"pruned_reasons":["M3 (Hit Rate < 60%)","M5 (Monotonicity <= 0.25)","Side-specific Hit Rate (25.00% < 50%)"]}}
{"op_code":8,"worker_id":"0fba1345-2581-466f-b01f-4a69e6bd072c-20880","trial_id":97,"user_attr":{"gini":0.38932842976749216}}
{"op_code":8,"worker_id":"0fba1345-2581-466f-b01f-4a69e6bd072c-20880","trial_id":97,"user_attr":{"cv_is_ics":[0.17714816331863403,0.14329847693443298,0.1340232491493225,0.19160889089107513,0.19358564913272858,0.19054114818572998,0.19819217920303345,0.20503155887126923,0.22325371205806732,0.1921398639678955,0.17380359768867493,0.1723857969045639,0.1499781757593155,0.1711266040802002,0.2107165902853012]}}
{"op_code":8,"worker_id":"0fba1345-2581-466f-b01f-4a69e6bd072c-20880","trial_id":97,"user_attr":{"cv_oos_ics":[0.05734475329518318,0.13439054787158966,0.11816614866256714,0.0076342239044606686,0.07179787009954453,0.04002830758690834,0.06504898518323898,0.03511399030685425,0.003319177310913801,0.03143249824643135,0.06718815118074417,0.09189149737358093,0.07628409564495087,0.10208624601364136,-0.006824665702879429]}}
{"op_code":8,"worker_id":"0fba1345-2581-466f-b01f-4a69e6bd072c-20880","trial_id":97,"user_attr":{"reg_kappa":3.30174763271307}}
{"op_code":8,"worker_id":"0fba1345-2581-466f-b01f-4a69e6bd072c-20880","trial_id":97,"user_attr":{"raw_metrics":[0.6301045786351399,0.2522080882643193,0.5,0.0853340220465663,0.1696969696969697,0.33280372972910605,-0.21417503596899398,-0.2503834068775177,0.54375]}}
{"op_code":8,"worker_id":"0fba1345-2581-466f-b01f-4a69e6bd072c-20880","trial_id":97,"user_attr":{"val_metrics":[0.17810816629409093,0.1251137206296656,0.793939393939394,0.8351086532778066,-1.608785282680512]}}
{"op_code":8,"worker_id":"620a3018-46c6-4e10-a34a-8b7a6af667b8-6576","trial_id":96,"user_attr":{"constraints":[-0.09578708869561259,-0.2753562546875617,0.09999999999999998,-0.05909090909090908,-0.26824937507820623,-22.0,-8.0,-0.055421492921492926,-0.25,-1357.5226297444563,-0.07812499999999994,-0.0658730158730158]}}
{"op_code":8,"worker_id":"620a3018-46c6-4e10-a34a-8b7a6af667b8-6576","trial_id":96,"user_attr":{"pruned_reasons":["M3 (Hit Rate < 60%)"]}}
{"op_code":8,"worker_id":"620a3018-46c6-4e10-a34a-8b7a6af667b8-6576","trial_id":96,"user_attr":{"gini":0.3701094483595513}}
{"op_code":8,"worker_id":"620a3018-46c6-4e10-a34a-8b7a6af667b8-6576","trial_id":96,"user_attr":{"cv_is_ics":[0.17087651789188385,0.1237957775592804,0.12625162303447723,0.1862662434577942,0.1807773858308792,0.1809149831533432,0.18455198407173157,0.19751742482185364,0.21387487649917603,0.17486831545829773,0.16452443599700928,0.15847529470920563,0.14578601717948914,0.15569932758808136,0.2058231681585312]}}
{"op_code":8,"worker_id":"620a3018-46c6-4e10-a34a-8b7a6af667b8-6576","trial_id":96,"user_attr":{"cv_oos_ics":[0.03703026473522186,0.12504197657108307,0.12739859521389008,0.01711752638220787,0.0832357108592987,0.020972823724150658,0.05289727821946144,0.029346924275159836,0.00913112424314022,0.051331620663404465,0.06575693935155869,0.07601892203092575,0.08694321662187576,0.11324605345726013,0.004006821662187576]}}
{"op_code":8,"worker_id":"620a3018-46c6-4e10-a34a-8b7a6af667b8-6576","trial_id":96,"user_attr":{"reg_kappa":3.3929357462663847}}
{"op_code":8,"worker_id":"0fba1345-2581-466f-b01f-4a69e6bd072c-20880","trial_id":97,"user_attr":{"deflated_objective":1.0926896530997188}}
{"op_code":8,"worker_id":"620a3018-46c6-4e10-a34a-8b7a6af667b8-6576","trial_id":96,"user_attr":{"raw_metrics":[0.6789343861167982,0.2753562546875617,0.5,0.09578708869561259,0.3090909090909091,0.26824937507820623,-0.36271676546670456,-0.38064923882484436,0.528125]}}
{"op_code":9,"worker_id":"0fba1345-2581-466f-b01f-4a69e6bd072c-20880","trial_id":97,"system_attr":{"constraints":[-0.0853340220465663,-0.2522080882643193,0.09999999999999998,0.08030303030303029,-0.33280372972910605,-47.0,-8.0,-0.05382592782679363,0.25,-1317.4893061392595,-0.09374999999999994,-0.07976190476190476]}}
{"op_code":8,"worker_id":"620a3018-46c6-4e10-a34a-8b7a6af667b8-6576","trial_id":96,"user_attr":{"val_metrics":[0.18593528060897982,0.025054690761622284,0.8181818181818182,0.7969132956873247,-1.5168719729028823]}}
{"op_code":6,"worker_id":"0fba1345-2581-466f-b01f-4a69e6bd072c-20880","trial_id":97,"state":1,"values":[2.0794860687892323],"datetime_complete":"2026-07-14T11:41:20.127827"}
{"op_code":8,"worker_id":"620a3018-46c6-4e10-a34a-8b7a6af667b8-6576","trial_id":96,"user_attr":{"deflated_objective":1.0926384791396941}}
{"op_code":9,"worker_id":"620a3018-46c6-4e10-a34a-8b7a6af667b8-6576","trial_id":96,"system_attr":{"constraints":[-0.09578708869561259,-0.2753562546875617,0.09999999999999998,-0.05909090909090908,-0.26824937507820623,-22.0,-8.0,-0.055421492921492926,-0.25,-1357.5226297444563,-0.07812499999999994,-0.0658730158730158]}}
{"op_code":6,"worker_id":"620a3018-46c6-4e10-a34a-8b7a6af667b8-6576","trial_id":96,"state":1,"values":[2.0794347346088036],"datetime_complete":"2026-07-14T11:41:20.139098"}
{"op_code":8,"worker_id":"da846a01-5632-457d-a851-92f2e0eedacc-27064","trial_id":63,"user_attr":{"cv_is_ics":[0.15799634158611298,0.11061739176511765,0.11888385564088821,0.17947831749916077,0.1622926890850067,0.1732499897480011,0.17316581308841705,0.19303105771541595,0.19783376157283783,0.16298259794712067,0.16019614040851593,0.14346463978290558,0.14254282414913177,0.14767783880233765,0.1976301521062851]}}
{"op_code":8,"worker_id":"da846a01-5632-457d-a851-92f2e0eedacc-27064","trial_id":63,"user_attr":{"cv_oos_ics":[0.028007175773382187,0.11210515350103378,0.12513437867164612,0.023974895477294922,0.07952669262886047,0.005954439751803875,0.050196632742881775,0.016365649178624153,0.0057960087433457375,0.0415649488568306,0.07142282277345657,0.07406005263328552,0.08034741133451462,0.10370714217424393,0.00766300642862916]}}
{"op_code":8,"worker_id":"da846a01-5632-457d-a851-92f2e0eedacc-27064","trial_id":63,"user_attr":{"reg_kappa":3.363499765475084}}
{"op_code":8,"worker_id":"da846a01-5632-457d-a851-92f2e0eedacc-27064","trial_id":63,"user_attr":{"raw_metrics":[0.6731511117399175,0.2590198555244148,0.5,0.10746501439835002,0.11818181818181818,0.26341334746219214,-0.30305308999485286,-0.34790343046188354,0.5083333333333333]}}
{"op_code":8,"worker_id":"da846a01-5632-457d-a851-92f2e0eedacc-27064","trial_id":63,"user_attr":{"val_metrics":[0.19335187578808108,0.023598186208776045,0.7090909090909091,0.7495203901190257,-1.4929618666524438]}}
{"op_code":8,"worker_id":"da846a01-5632-457d-a851-92f2e0eedacc-27064","trial_id":63,"user_attr":{"deflated_objective":1.1088565775808257}}
{"op_code":9,"worker_id":"da846a01-5632-457d-a851-92f2e0eedacc-27064","trial_id":63,"system_attr":{"constraints":[-0.10746501439835002,-0.2590198555244148,0.09999999999999998,0.13181818181818183,-0.26341334746219214,-29.0,-8.0,-0.10172136422136424,0.0,-1342.0736454676792,-0.05833333333333329,-0.07281746031746023]}}
{"op_code":6,"worker_id":"da846a01-5632-457d-a851-92f2e0eedacc-27064","trial_id":63,"state":1,"values":[2.078248743896778],"datetime_complete":"2026-07-14T11:41:20.179768"}
{"op_code":4,"worker_id":"da846a01-5632-457d-a851-92f2e0eedacc-27064","study_id":0,"datetime_start":"2026-07-14T11:41:20.181735"}
{"op_code":5,"worker_id":"da846a01-5632-457d-a851-92f2e0eedacc-27064","trial_id":98,"param_name":"k_weight","param_value_internal":1.2689688728046618,"distribution":"{\"name\": \"FloatDistribution\", \"attributes\": {\"step\": null, \"low\": 0.0, \"high\": 1.5, \"log\": false}}"}
{"op_code":5,"worker_id":"da846a01-5632-457d-a851-92f2e0eedacc-27064","trial_id":98,"param_name":"unified_alpha","param_value_internal":0.024168958818093063,"distribution":"{\"name\": \"FloatDistribution\", \"attributes\": {\"step\": null, \"low\": 1e-05, \"high\": 10.0, \"log\": true}}"}
{"op_code":5,"worker_id":"da846a01-5632-457d-a851-92f2e0eedacc-27064","trial_id":98,"param_name":"unified_rho","param_value_internal":0.46207079817225455,"distribution":"{\"name\": \"FloatDistribution\", \"attributes\": {\"step\": null, \"low\": 0.0, \"high\": 1.0, \"log\": false}}"}
{"op_code":5,"worker_id":"da846a01-5632-457d-a851-92f2e0eedacc-27064","trial_id":98,"param_name":"unified_gamma","param_value_internal":988.5690120521091,"distribution":"{\"name\": \"FloatDistribution\", \"attributes\": {\"step\": null, \"low\": 1.5, \"high\": 10000.0, \"log\": true}}"}
{"op_code":5,"worker_id":"da846a01-5632-457d-a851-92f2e0eedacc-27064","trial_id":98,"param_name":"huber_delta","param_value_internal":1.9941188151778684,"distribution":"{\"name\": \"FloatDistribution\", \"attributes\": {\"step\": null, \"low\": 0.5, \"high\": 5.0, \"log\": false}}"}
{"op_code":8,"worker_id":"222dcb9a-8f9e-419b-a957-83284cc13164-8896","trial_id":85,"user_attr":{"gini":0.4407388770787992}}
{"op_code":8,"worker_id":"222dcb9a-8f9e-419b-a957-83284cc13164-8896","trial_id":85,"user_attr":{"cv_is_ics":[0.1413193792104721,0.07950227707624435,0.1064196452498436,0.1590999960899353,0.11866328865289688,0.1525995433330536,0.15749037265777588,0.17816351354122162,0.16051709651947021,0.14393554627895355,0.1382022202014923,0.09813577681779861,0.1390334665775299,0.12759584188461304,0.17392058670520782]}}
{"op_code":8,"worker_id":"222dcb9a-8f9e-419b-a957-83284cc13164-8896","trial_id":85,"user_attr":{"cv_oos_ics":[3.8034537283238024e-05,0.06796488165855408,0.1331084817647934,0.013673466630280018,0.07441029697656631,-0.006875656545162201,0.0492594949901104,0.007970455102622509,0.012009604834020138,0.04924297332763672,0.05954757332801819,0.04808870702981949,0.08522194623947144,0.09612303227186203,0.016852078959345818]}}
{"op_code":8,"worker_id":"da846a01-5632-457d-a851-92f2e0eedacc-27064","trial_id":98,"user_attr":{"constraints":[-0.08906408408938823,-0.21257592365449718,0.09999999999999998,-0.010606060606060619,-0.33535155052940047,-24.0,-6.0,-0.134054971048163,-0.25,-1357.4442422150923,-0.05312500000000003,-0.03710317460317464]}}
{"op_code":8,"worker_id":"da846a01-5632-457d-a851-92f2e0eedacc-27064","trial_id":98,"user_attr":{"pruned_reasons":["M3 (Hit Rate < 60%)"]}}
{"op_code":8,"worker_id":"da846a01-5632-457d-a851-92f2e0eedacc-27064","trial_id":98,"user_attr":{"gini":0.4563645298914616}}
{"op_code":8,"worker_id":"222dcb9a-8f9e-419b-a957-83284cc13164-8896","trial_id":85,"user_attr":{"reg_kappa":3.4441529511681335}}
{"op_code":8,"worker_id":"222dcb9a-8f9e-419b-a957-83284cc13164-8896","trial_id":85,"user_attr":{"raw_metrics":[0.7289147208626051,0.23548956155855788,0.5,0.12828683892502185,0.3090909090909091,0.16353101149511834,-0.42544227902808507,-0.4523409307003021,0.5083333333333333]}}
{"op_code":8,"worker_id":"222dcb9a-8f9e-419b-a957-83284cc13164-8896","trial_id":85,"user_attr":{"val_metrics":[0.191850448199376,0.017646345443230876,0.806060606060606,0.6710908879674431,-2.4861639650496246]}}
{"op_code":8,"worker_id":"da846a01-5632-457d-a851-92f2e0eedacc-27064","trial_id":98,"user_attr":{"cv_is_ics":[0.17044106125831604,0.1335439532995224,0.13161714375019073,0.18139232695102692,0.18513579666614532,0.17804837226867676,0.1890231966972351,0.20312117040157318,0.2151297926902771,0.17888277769088745,0.16706077754497528,0.16314928233623505,0.1501845270395279,0.1616799682378769,0.2048463523387909]}}
{"op_code":8,"worker_id":"da846a01-5632-457d-a851-92f2e0eedacc-27064","trial_id":98,"user_attr":{"cv_oos_ics":[0.03238924220204353,0.13452407717704773,0.1323656141757965,0.04298438876867294,0.07061467319726944,0.02283916436135769,0.051564883440732956,0.03854936361312866,0.0062263463623821735,0.07373695820569992,0.07092795521020889,0.08320648968219757,0.09723656624555588,0.11243799328804016,0.03781617060303688]}}
{"op_code":8,"worker_id":"da846a01-5632-457d-a851-92f2e0eedacc-27064","trial_id":98,"user_attr":{"reg_kappa":3.322168612544394}}
{"op_code":8,"worker_id":"da846a01-5632-457d-a851-92f2e0eedacc-27064","trial_id":98,"user_attr":{"raw_metrics":[0.6517325540182882,0.21257592365449718,0.5,0.08906408408938823,0.2606060606060606,0.33535155052940047,-0.3064291391967083,-0.31126758456230164,0.503125]}}
{"op_code":8,"worker_id":"222dcb9a-8f9e-419b-a957-83284cc13164-8896","trial_id":85,"user_attr":{"deflated_objective":0.7263949261087637}}
{"op_code":9,"worker_id":"222dcb9a-8f9e-419b-a957-83284cc13164-8896","trial_id":85,"system_attr":{"constraints":[-0.12828683892502185,-0.23548956155855788,0.09999999999999998,-0.05909090909090908,-0.16353101149511834,-17.0,-8.0,-0.1201898326898327,-0.25,-1374.218219637943,-0.05833333333333329,-0.058928571428571386]}}
{"op_code":6,"worker_id":"222dcb9a-8f9e-419b-a957-83284cc13164-8896","trial_id":85,"state":1,"values":[1.6881339952087981],"datetime_complete":"2026-07-14T11:41:20.260105"}
{"op_code":8,"worker_id":"da846a01-5632-457d-a851-92f2e0eedacc-27064","trial_id":98,"user_attr":{"val_metrics":[0.17662256171276092,0.01412517478777453,0.5757575757575758,0.8742761076630458,-0.16917488608079845]}}
{"op_code":8,"worker_id":"da846a01-5632-457d-a851-92f2e0eedacc-27064","trial_id":98,"user_attr":{"deflated_objective":1.6215597287926706}}
{"op_code":9,"worker_id":"da846a01-5632-457d-a851-92f2e0eedacc-27064","trial_id":98,"system_attr":{"constraints":[-0.08906408408938823,-0.21257592365449718,0.09999999999999998,-0.010606060606060619,-0.33535155052940047,-24.0,-6.0,-0.134054971048163,-0.25,-1357.4442422150923,-0.05312500000000003,-0.03710317460317464]}}
{"op_code":6,"worker_id":"da846a01-5632-457d-a851-92f2e0eedacc-27064","trial_id":98,"state":1,"values":[2.5889680667650983],"datetime_complete":"2026-07-14T11:41:20.277751"}
{"op_code":5,"worker_id":"fc835ba5-465e-4690-8cde-aeb169f6eb65-12024","trial_id":6,"param_name":"k_weight","param_value_internal":1.0135971232553285,"distribution":"{\"name\": \"FloatDistribution\", \"attributes\": {\"step\": null, \"low\": 0.0, \"high\": 1.5, \"log\": false}}"}
{"op_code":5,"worker_id":"fc835ba5-465e-4690-8cde-aeb169f6eb65-12024","trial_id":6,"param_name":"unified_alpha","param_value_internal":1.85469752839378e-05,"distribution":"{\"name\": \"FloatDistribution\", \"attributes\": {\"step\": null, \"low\": 1e-05, \"high\": 10.0, \"log\": true}}"}
{"op_code":5,"worker_id":"fc835ba5-465e-4690-8cde-aeb169f6eb65-12024","trial_id":6,"param_name":"unified_rho","param_value_internal":0.3433036725425923,"distribution":"{\"name\": \"FloatDistribution\", \"attributes\": {\"step\": null, \"low\": 0.0, \"high\": 1.0, \"log\": false}}"}
{"op_code":5,"worker_id":"fc835ba5-465e-4690-8cde-aeb169f6eb65-12024","trial_id":6,"param_name":"unified_gamma","param_value_internal":435.2751988055667,"distribution":"{\"name\": \"FloatDistribution\", \"attributes\": {\"step\": null, \"low\": 1.5, \"high\": 10000.0, \"log\": true}}"}
{"op_code":5,"worker_id":"fc835ba5-465e-4690-8cde-aeb169f6eb65-12024","trial_id":6,"param_name":"huber_delta","param_value_internal":1.7789584943313028,"distribution":"{\"name\": \"FloatDistribution\", \"attributes\": {\"step\": null, \"low\": 0.5, \"high\": 5.0, \"log\": false}}"}
{"op_code":8,"worker_id":"fc835ba5-465e-4690-8cde-aeb169f6eb65-12024","trial_id":6,"user_attr":{"constraints":[-0.07859686800022986,-0.18532480690535402,0.09999999999999998,0.010606060606060619,-0.31495607116570074,-31.0,-8.0,0.04269626769626768,0.25,-1339.5792498352314,-0.06354166666666666,-0.08670634920634918]}}
{"op_code":8,"worker_id":"fc835ba5-465e-4690-8cde-aeb169f6eb65-12024","trial_id":6,"user_attr":{"pruned_reasons":["M3 (Hit Rate < 60%)","M5 (Monotonicity <= 0.25)","Side-specific Yearly Tail IC Mean (-0.0427 <= 0)","Side-specific Hit Rate (25.00% < 50%)"]}}
{"op_code":8,"worker_id":"fc835ba5-465e-4690-8cde-aeb169f6eb65-12024","trial_id":6,"user_attr":{"gini":0.39015944760495036}}
{"op_code":8,"worker_id":"fc835ba5-465e-4690-8cde-aeb169f6eb65-12024","trial_id":6,"user_attr":{"cv_is_ics":[0.17342503368854523,0.13502909243106842,0.13206949830055237,0.18896393477916718,0.19206750392913818,0.18446096777915955,0.19746990501880646,0.2026498168706894,0.22089561820030212,0.19239290058612823,0.17285645008087158,0.17612674832344055,0.15302003920078278,0.1725701540708542,0.21646519005298615]}}
{"op_code":8,"worker_id":"fc835ba5-465e-4690-8cde-aeb169f6eb65-12024","trial_id":6,"user_attr":{"cv_oos_ics":[0.040120773017406464,0.13686607778072357,0.11318699270486832,0.00010600841051200405,0.06315535306930542,0.030094146728515625,0.0475868321955204,0.030728723853826523,0.01007547602057457,0.043386634439229965,0.05449927970767021,0.090245820581913,0.0676124095916748,0.10739360749721527,-0.011602887883782387]}}
{"op_code":8,"worker_id":"fc835ba5-465e-4690-8cde-aeb169f6eb65-12024","trial_id":6,"user_attr":{"reg_kappa":3.3572659728740755}}
{"op_code":8,"worker_id":"fc835ba5-465e-4690-8cde-aeb169f6eb65-12024","trial_id":6,"user_attr":{"raw_metrics":[0.5269742743752768,0.18532480690535402,0.5,0.07859686800022986,0.23939393939393938,0.31495607116570074,-0.29354007553944966,-0.3274896442890167,0.5135416666666667]}}
{"op_code":8,"worker_id":"fc835ba5-465e-4690-8cde-aeb169f6eb65-12024","trial_id":6,"user_attr":{"val_metrics":[0.17285009303774457,0.04073421181238665,0.5151515151515151,0.8742761076630458,-0.5222886628067558]}}
{"op_code":8,"worker_id":"fc835ba5-465e-4690-8cde-aeb169f6eb65-12024","trial_id":6,"user_attr":{"deflated_objective":1.487989452324479}}
{"op_code":9,"worker_id":"fc835ba5-465e-4690-8cde-aeb169f6eb65-12024","trial_id":6,"system_attr":{"constraints":[-0.07859686800022986,-0.18532480690535402,0.09999999999999998,0.010606060606060619,-0.31495607116570074,-31.0,-8.0,0.04269626769626768,0.25,-1339.5792498352314,-0.06354166666666666,-0.08670634920634918]}}
{"op_code":6,"worker_id":"fc835ba5-465e-4690-8cde-aeb169f6eb65-12024","trial_id":6,"state":1,"values":[2.4519283179701565],"datetime_complete":"2026-07-14T11:41:20.518408"}
{"op_code":8,"worker_id":"c679c526-e22c-4821-b3b8-d95a590e178f-3216","trial_id":41,"user_attr":{"raw_metrics":[0.6847519121269565,0.2209699064541114,0.5,0.09719321380158132,0.2818181818181818,0.29024965483695264,-0.3260834509581836,-0.28395482897758484,0.5083333333333333]}}
{"op_code":8,"worker_id":"c679c526-e22c-4821-b3b8-d95a590e178f-3216","trial_id":41,"user_attr":{"val_metrics":[0.17678079178651204,-0.01360655649854331,0.7818181818181819,0.8271654145927101,-0.5340311314995829]}}
{"op_code":8,"worker_id":"c679c526-e22c-4821-b3b8-d95a590e178f-3216","trial_id":41,"user_attr":{"deflated_objective":1.4945631350518687}}
{"op_code":9,"worker_id":"c679c526-e22c-4821-b3b8-d95a590e178f-3216","trial_id":41,"system_attr":{"constraints":[-0.09719321380158132,-0.2209699064541114,0.09999999999999998,-0.0318181818181818,-0.29024965483695264,-22.0,-6.0,-0.11251559469775463,0.0,-1363.8438137404282,-0.05833333333333329,-0.023214285714285687]}}
{"op_code":6,"worker_id":"c679c526-e22c-4821-b3b8-d95a590e178f-3216","trial_id":41,"state":1,"values":[2.452554759710134],"datetime_complete":"2026-07-14T11:41:20.579355"}
{"op_code":8,"worker_id":"1a2e4ed9-4907-4bf1-a40d-845a6a9cf9fa-30084","trial_id":32,"user_attr":{"val_metrics":[0.0,0.0,0.6242424242424243,0.5328314646376647,-6.134488583979763]}}
{"op_code":8,"worker_id":"1a2e4ed9-4907-4bf1-a40d-845a6a9cf9fa-30084","trial_id":32,"user_attr":{"deflated_objective":-0.7927435633121687}}
{"op_code":9,"worker_id":"1a2e4ed9-4907-4bf1-a40d-845a6a9cf9fa-30084","trial_id":32,"system_attr":{"constraints":[0.03816573695443512,0.10978051828188551,0.6,0.4590909090909091,0.21921674251245954,-34.0,5.0,0.0,0.5,-1362.3036035502735,0.04791666666666666,0.026388888888888906]}}
{"op_code":6,"worker_id":"1a2e4ed9-4907-4bf1-a40d-845a6a9cf9fa-30084","trial_id":32,"state":1,"values":[0.18437874660807013],"datetime_complete":"2026-07-14T11:41:20.672969"}
{"op_code":5,"worker_id":"ea585eb8-dbf4-4703-9622-7ed8300542b1-7108","trial_id":59,"param_name":"k_weight","param_value_internal":1.0331642120109528,"distribution":"{\"name\": \"FloatDistribution\", \"attributes\": {\"step\": null, \"low\": 0.0, \"high\": 1.5, \"log\": false}}"}
{"op_code":5,"worker_id":"ea585eb8-dbf4-4703-9622-7ed8300542b1-7108","trial_id":59,"param_name":"unified_alpha","param_value_internal":0.0009729820763006588,"distribution":"{\"name\": \"FloatDistribution\", \"attributes\": {\"step\": null, \"low\": 1e-05, \"high\": 10.0, \"log\": true}}"}
{"op_code":5,"worker_id":"ea585eb8-dbf4-4703-9622-7ed8300542b1-7108","trial_id":59,"param_name":"unified_rho","param_value_internal":0.7608601115913424,"distribution":"{\"name\": \"FloatDistribution\", \"attributes\": {\"step\": null, \"low\": 0.0, \"high\": 1.0, \"log\": false}}"}
{"op_code":5,"worker_id":"ea585eb8-dbf4-4703-9622-7ed8300542b1-7108","trial_id":59,"param_name":"unified_gamma","param_value_internal":3475.9628751493556,"distribution":"{\"name\": \"FloatDistribution\", \"attributes\": {\"step\": null, \"low\": 1.5, \"high\": 10000.0, \"log\": true}}"}
{"op_code":5,"worker_id":"ea585eb8-dbf4-4703-9622-7ed8300542b1-7108","trial_id":59,"param_name":"huber_delta","param_value_internal":1.479988100073283,"distribution":"{\"name\": \"FloatDistribution\", \"attributes\": {\"step\": null, \"low\": 0.5, \"high\": 5.0, \"log\": false}}"}
{"op_code":8,"worker_id":"ea585eb8-dbf4-4703-9622-7ed8300542b1-7108","trial_id":59,"user_attr":{"constraints":[-0.08148718747204325,-0.20767723917419967,0.09999999999999998,-0.02878787878787875,-0.27450601146866876,-30.0,-8.0,-0.012290862290862292,0.25,-1340.7434722447115,-0.06354166666666666,-0.08670634920634918]}}
{"op_code":8,"worker_id":"ea585eb8-dbf4-4703-9622-7ed8300542b1-7108","trial_id":59,"user_attr":{"pruned_reasons":["M3 (Hit Rate < 60%)","Side-specific Hit Rate (25.00% < 50%)"]}}
{"op_code":8,"worker_id":"ea585eb8-dbf4-4703-9622-7ed8300542b1-7108","trial_id":59,"user_attr":{"gini":0.43120778384999925}}
{"op_code":8,"worker_id":"ea585eb8-dbf4-4703-9622-7ed8300542b1-7108","trial_id":59,"user_attr":{"cv_is_ics":[0.1720934957265854,0.13986165821552277,0.13402439653873444,0.19178983569145203,0.19364355504512787,0.18745553493499756,0.20271310210227966,0.2025335282087326,0.22356843948364258,0.19491036236286163,0.17532280087471008,0.1821737438440323,0.1517627090215683,0.17642821371555328,0.21784847974777222]}}
{"op_code":8,"worker_id":"ea585eb8-dbf4-4703-9622-7ed8300542b1-7108","trial_id":59,"user_attr":{"cv_oos_ics":[0.038533031940460205,0.13680942356586456,0.11571501195430756,-0.00045559339923784137,0.05763835832476616,0.03541425243020058,0.051120221614837646,0.030577316880226135,0.014346177689731121,0.04638214409351349,0.05699513480067253,0.09078454971313477,0.06203740835189819,0.10375097393989563,-0.01593404822051525]}}
{"op_code":8,"worker_id":"ea585eb8-dbf4-4703-9622-7ed8300542b1-7108","trial_id":59,"user_attr":{"reg_kappa":3.3588150477689758}}
{"op_code":8,"worker_id":"ea585eb8-dbf4-4703-9622-7ed8300542b1-7108","trial_id":59,"user_attr":{"raw_metrics":[0.6014256073024019,0.20767723917419967,0.5,0.08148718747204325,0.27878787878787875,0.27450601146866876,-0.2979657912281277,-0.33923253417015076,0.5135416666666667]}}
{"op_code":8,"worker_id":"ea585eb8-dbf4-4703-9622-7ed8300542b1-7108","trial_id":59,"user_attr":{"val_metrics":[0.17573911046765048,0.03076197664285754,0.696969696969697,0.8343934555254553,-0.28745083508234304]}}
{"op_code":8,"worker_id":"ea585eb8-dbf4-4703-9622-7ed8300542b1-7108","trial_id":59,"user_attr":{"deflated_objective":1.5839333086548073}}
{"op_code":9,"worker_id":"ea585eb8-dbf4-4703-9622-7ed8300542b1-7108","trial_id":59,"system_attr":{"constraints":[-0.08148718747204325,-0.20767723917419967,0.09999999999999998,-0.02878787878787875,-0.27450601146866876,-30.0,-8.0,-0.012290862290862292,0.25,-1340.7434722447115,-0.06354166666666666,-0.08670634920634918]}}
{"op_code":6,"worker_id":"ea585eb8-dbf4-4703-9622-7ed8300542b1-7108","trial_id":59,"state":1,"values":[2.5603452749060773],"datetime_complete":"2026-07-14T11:41:20.834350"}
{"op_code":4,"worker_id":"ea585eb8-dbf4-4703-9622-7ed8300542b1-7108","study_id":0,"datetime_start":"2026-07-14T11:41:20.836391"}
{"op_code":5,"worker_id":"ea585eb8-dbf4-4703-9622-7ed8300542b1-7108","trial_id":99,"param_name":"k_weight","param_value_internal":1.0683772651004138,"distribution":"{\"name\": \"FloatDistribution\", \"attributes\": {\"step\": null, \"low\": 0.0, \"high\": 1.5, \"log\": false}}"}
{"op_code":5,"worker_id":"ea585eb8-dbf4-4703-9622-7ed8300542b1-7108","trial_id":99,"param_name":"unified_alpha","param_value_internal":1.4724072294320299e-05,"distribution":"{\"name\": \"FloatDistribution\", \"attributes\": {\"step\": null, \"low\": 1e-05, \"high\": 10.0, \"log\": true}}"}
{"op_code":5,"worker_id":"ea585eb8-dbf4-4703-9622-7ed8300542b1-7108","trial_id":99,"param_name":"unified_rho","param_value_internal":0.061954322650887184,"distribution":"{\"name\": \"FloatDistribution\", \"attributes\": {\"step\": null, \"low\": 0.0, \"high\": 1.0, \"log\": false}}"}
{"op_code":5,"worker_id":"ea585eb8-dbf4-4703-9622-7ed8300542b1-7108","trial_id":99,"param_name":"unified_gamma","param_value_internal":1086.5012405573016,"distribution":"{\"name\": \"FloatDistribution\", \"attributes\": {\"step\": null, \"low\": 1.5, \"high\": 10000.0, \"log\": true}}"}
{"op_code":5,"worker_id":"ea585eb8-dbf4-4703-9622-7ed8300542b1-7108","trial_id":99,"param_name":"huber_delta","param_value_internal":1.1020833692578742,"distribution":"{\"name\": \"FloatDistribution\", \"attributes\": {\"step\": null, \"low\": 0.5, \"high\": 5.0, \"log\": false}}"}
{"op_code":8,"worker_id":"ea585eb8-dbf4-4703-9622-7ed8300542b1-7108","trial_id":99,"user_attr":{"constraints":[-0.081724121052363,-0.2024123672679904,0.09999999999999998,0.016666666666666663,-0.24612448170781134,-29.0,-8.0,-0.14768339768339767,0.0,-1342.9062075293982,-0.07395833333333329,-0.03710317460317464]}}
{"op_code":8,"worker_id":"ea585eb8-dbf4-4703-9622-7ed8300542b1-7108","trial_id":99,"user_attr":{"pruned_reasons":["M3 (Hit Rate < 60%)","M5 (Monotonicity <= 0.25)"]}}
{"op_code":8,"worker_id":"ea585eb8-dbf4-4703-9622-7ed8300542b1-7108","trial_id":99,"user_attr":{"gini":0.42010132985009796}}
{"op_code":8,"worker_id":"ea585eb8-dbf4-4703-9622-7ed8300542b1-7108","trial_id":99,"user_attr":{"cv_is_ics":[0.17424504458904266,0.15185922384262085,0.14190715551376343,0.19341732561588287,0.19131462275981903,0.18934045732021332,0.204954132437706,0.20170797407627106,0.22618594765663147,0.20272178947925568,0.18292547762393951,0.186448872089386,0.15550082921981812,0.18348170816898346,0.2205590456724167]}}
{"op_code":8,"worker_id":"ea585eb8-dbf4-4703-9622-7ed8300542b1-7108","trial_id":99,"user_attr":{"cv_oos_ics":[0.0456131212413311,0.13855014741420746,0.12090456485748291,-0.004026701208204031,0.04687628522515297,0.044910117983818054,0.06076652556657791,0.026317959651350975,0.01806381531059742,0.042585764080286026,0.0690959021449089,0.09759595990180969,0.0637674406170845,0.10202568024396896,-0.019010886549949646]}}
{"op_code":8,"worker_id":"ea585eb8-dbf4-4703-9622-7ed8300542b1-7108","trial_id":99,"user_attr":{"reg_kappa":3.3655934654747726}}
{"op_code":8,"worker_id":"ea585eb8-dbf4-4703-9622-7ed8300542b1-7108","trial_id":99,"user_attr":{"raw_metrics":[0.6052508055103057,0.2024123672679904,0.5,0.081724121052363,0.23333333333333334,0.24612448170781134,-0.3062440639394764,-0.37241390347480774,0.5239583333333333]}}
{"op_code":8,"worker_id":"ea585eb8-dbf4-4703-9622-7ed8300542b1-7108","trial_id":99,"user_attr":{"val_metrics":[0.17510487158869806,0.07841390316726546,0.6484848484848484,0.7690956010820641,-0.7193016922206161]}}
{"op_code":8,"worker_id":"ea585eb8-dbf4-4703-9622-7ed8300542b1-7108","trial_id":99,"user_attr":{"deflated_objective":1.4309179489845052}}
{"op_code":9,"worker_id":"ea585eb8-dbf4-4703-9622-7ed8300542b1-7108","trial_id":99,"system_attr":{"constraints":[-0.081724121052363,-0.2024123672679904,0.09999999999999998,0.016666666666666663,-0.24612448170781134,-29.0,-8.0,-0.14768339768339767,0.0,-1342.9062075293982,-0.07395833333333329,-0.03710317460317464]}}
{"op_code":6,"worker_id":"ea585eb8-dbf4-4703-9622-7ed8300542b1-7108","trial_id":99,"state":1,"values":[2.4017537939400095],"datetime_complete":"2026-07-14T11:41:20.905045"}
{"op_code":8,"worker_id":"ae2f4fb4-f111-4391-8650-32442f88661f-16052","trial_id":62,"user_attr":{"constraints":[-0.10802242375621635,-0.2577443453203332,0.09999999999999998,0.10151515151515153,-0.2596806090666602,-30.0,-8.0,-0.0972812097812098,0.0,-1340.7706988063078,-0.05833333333333329,-0.07281746031746023]}}
{"op_code":8,"worker_id":"ae2f4fb4-f111-4391-8650-32442f88661f-16052","trial_id":62,"user_attr":{"pruned_reasons":["M3 (Hit Rate < 60%)","M5 (Monotonicity <= 0.25)"]}}
{"op_code":8,"worker_id":"ae2f4fb4-f111-4391-8650-32442f88661f-16052","trial_id":62,"user_attr":{"gini":0.4211375622537994}}
{"op_code":8,"worker_id":"ae2f4fb4-f111-4391-8650-32442f88661f-16052","trial_id":62,"user_attr":{"cv_is_ics":[0.15832820534706116,0.11191511154174805,0.11895874887704849,0.17947231233119965,0.16374538838863373,0.17391161620616913,0.17376384139060974,0.19394414126873016,0.19877950847148895,0.16343389451503754,0.16125090420246124,0.14544431865215302,0.14287351071834564,0.14774084091186523,0.19897755980491638]}}
{"op_code":8,"worker_id":"ae2f4fb4-f111-4391-8650-32442f88661f-16052","trial_id":62,"user_attr":{"cv_oos_ics":[0.028364863246679306,0.11456206440925598,0.12492155283689499,0.022929375991225243,0.07957281917333603,0.0065074884332716465,0.05080863833427429,0.017049377784132957,0.0067403605207800865,0.04168527573347092,0.0705486312508583,0.07578462362289429,0.08171884715557098,0.10468892753124237,0.007948297075927258]}}
{"op_code":8,"worker_id":"ae2f4fb4-f111-4391-8650-32442f88661f-16052","trial_id":62,"user_attr":{"reg_kappa":3.3601987156649047}}
{"op_code":8,"worker_id":"ae2f4fb4-f111-4391-8650-32442f88661f-16052","trial_id":62,"user_attr":{"raw_metrics":[0.6681169697612778,0.2577443453203332,0.5,0.10802242375621635,0.14848484848484847,0.2596806090666602,-0.2980742351677133,-0.3436183035373688,0.5083333333333333]}}
{"op_code":8,"worker_id":"ae2f4fb4-f111-4391-8650-32442f88661f-16052","trial_id":62,"user_attr":{"val_metrics":[0.1926446752640101,0.01544069437501544,0.696969696969697,0.7495203901190257,-1.5369259594344524]}}
{"op_code":8,"worker_id":"ae2f4fb4-f111-4391-8650-32442f88661f-16052","trial_id":62,"user_attr":{"deflated_objective":1.0910764799512456}}
{"op_code":9,"worker_id":"ae2f4fb4-f111-4391-8650-32442f88661f-16052","trial_id":62,"system_attr":{"constraints":[-0.10802242375621635,-0.2577443453203332,0.09999999999999998,0.10151515151515153,-0.2596806090666602,-30.0,-8.0,-0.0972812097812098,0.0,-1340.7706988063078,-0.05833333333333329,-0.07281746031746023]}}
{"op_code":6,"worker_id":"ae2f4fb4-f111-4391-8650-32442f88661f-16052","trial_id":62,"state":1,"values":[2.0561172687881553],"datetime_complete":"2026-07-14T11:41:20.947011"}
{"op_code":8,"worker_id":"512f454c-fa15-4924-bc4f-b7c3ba75d6fe-31524","trial_id":33,"user_attr":{"pruned_reasons":["M3 (Hit Rate < 60%)","M5 (Monotonicity <= 0.25)","Side-specific Hit Rate (25.00% < 50%)"]}}
{"op_code":8,"worker_id":"512f454c-fa15-4924-bc4f-b7c3ba75d6fe-31524","trial_id":33,"user_attr":{"gini":0.3948475961887363}}
{"op_code":8,"worker_id":"512f454c-fa15-4924-bc4f-b7c3ba75d6fe-31524","trial_id":33,"user_attr":{"cv_is_ics":[0.16274167597293854,0.15317313373088837,0.14787861704826355,0.19481034576892853,0.19027934968471527,0.1894194781780243,0.20766277611255646,0.20123881101608276,0.22401738166809082,0.2018456757068634,0.18682408332824707,0.18839791417121887,0.15582428872585297,0.18349455296993256,0.22613884508609772]}}
{"op_code":8,"worker_id":"512f454c-fa15-4924-bc4f-b7c3ba75d6fe-31524","trial_id":33,"user_attr":{"cv_oos_ics":[0.031913403421640396,0.1332770138978958,0.12184407562017441,-0.003730525029823184,0.04679049924015999,0.0331701822578907,0.051929060369729996,0.023117665201425552,0.014175636693835258,0.030227603390812874,0.07315047830343246,0.09008803218603134,0.07325594127178192,0.10489930957555771,-0.015503721311688423]}}
{"op_code":8,"worker_id":"512f454c-fa15-4924-bc4f-b7c3ba75d6fe-31524","trial_id":33,"user_attr":{"reg_kappa":3.39907593448283}}
{"op_code":8,"worker_id":"512f454c-fa15-4924-bc4f-b7c3ba75d6fe-31524","trial_id":33,"user_attr":{"raw_metrics":[0.5364735371682714,0.19099626310872514,0.5,0.08078825013774787,0.12424242424242424,0.182409248718371,-0.35784968782532417,-0.43350088596343994,0.49895833333333334]}}
{"op_code":8,"worker_id":"512f454c-fa15-4924-bc4f-b7c3ba75d6fe-31524","trial_id":33,"user_attr":{"val_metrics":[0.17516113117047624,0.03241182747615179,0.7818181818181819,0.8256375491889059,-0.5480333757407219]}}
{"op_code":8,"worker_id":"512f454c-fa15-4924-bc4f-b7c3ba75d6fe-31524","trial_id":33,"user_attr":{"deflated_objective":1.5055091783002577}}
{"op_code":9,"worker_id":"512f454c-fa15-4924-bc4f-b7c3ba75d6fe-31524","trial_id":33,"system_attr":{"constraints":[-0.08078825013774787,-0.19099626310872514,0.09999999999999998,0.12575757575757576,-0.182409248718371,-23.0,-8.0,-0.1099903474903475,0.25,-1356.2515359429585,-0.048958333333333326,-0.04404761904761906]}}
{"op_code":6,"worker_id":"512f454c-fa15-4924-bc4f-b7c3ba75d6fe-31524","trial_id":33,"state":1,"values":[2.4651992495406887],"datetime_complete":"2026-07-14T11:41:21.065198"}
{"op_code":5,"worker_id":"8a3a0fc4-e210-4d7c-9b96-2361c7e9bb9e-8436","trial_id":40,"param_name":"huber_delta","param_value_internal":2.348697922456566,"distribution":"{\"name\": \"FloatDistribution\", \"attributes\": {\"step\": null, \"low\": 0.5, \"high\": 5.0, \"log\": false}}"}
{"op_code":8,"worker_id":"8a3a0fc4-e210-4d7c-9b96-2361c7e9bb9e-8436","trial_id":40,"user_attr":{"constraints":[-0.09209604648512994,-0.2817338057079698,0.09999999999999998,-0.08636363636363636,-0.2749712200866391,-21.0,-8.0,-0.0828989703989704,-0.25,-1362.217470423607,-0.09374999999999994,-0.07281746031746034]}}
{"op_code":8,"worker_id":"8a3a0fc4-e210-4d7c-9b96-2361c7e9bb9e-8436","trial_id":40,"user_attr":{"pruned_reasons":["M3 (Hit Rate < 60%)"]}}
{"op_code":8,"worker_id":"8a3a0fc4-e210-4d7c-9b96-2361c7e9bb9e-8436","trial_id":40,"user_attr":{"gini":0.3699698707108301}}
{"op_code":8,"worker_id":"8a3a0fc4-e210-4d7c-9b96-2361c7e9bb9e-8436","trial_id":40,"user_attr":{"cv_is_ics":[0.17117708921432495,0.12250673025846481,0.12876980006694794,0.18546094000339508,0.18176424503326416,0.1799698770046234,0.18435151875019073,0.19997310638427734,0.21435794234275818,0.17798425257205963,0.1656995713710785,0.16032876074314117,0.14741219580173492,0.1585143655538559,0.20692165195941925]}}
{"op_code":8,"worker_id":"8a3a0fc4-e210-4d7c-9b96-2361c7e9bb9e-8436","trial_id":40,"user_attr":{"cv_oos_ics":[0.037289220839738846,0.1269243210554123,0.12736621499061584,0.009322266094386578,0.07426785677671432,0.015246298164129257,0.05094650015234947,0.03251693770289421,0.013050383888185024,0.04677341505885124,0.05649309605360031,0.08039171248674393,0.08957453072071075,0.11326199024915695,-1.4344229384732898e-05]}}
{"op_code":8,"worker_id":"8a3a0fc4-e210-4d7c-9b96-2361c7e9bb9e-8436","trial_id":40,"user_attr":{"reg_kappa":3.41401456174454}}
{"op_code":8,"worker_id":"8a3a0fc4-e210-4d7c-9b96-2361c7e9bb9e-8436","trial_id":40,"user_attr":{"raw_metrics":[0.6950408605433066,0.2817338057079698,0.5,0.09209604648512994,0.33636363636363636,0.2749712200866391,-0.3807475288747181,-0.3861329257488251,0.54375]}}
{"op_code":8,"worker_id":"8a3a0fc4-e210-4d7c-9b96-2361c7e9bb9e-8436","trial_id":40,"user_attr":{"val_metrics":[0.18176503910967243,0.0840510581777647,0.8181818181818182,0.9142328061001457,-1.3711218770517948]}}
{"op_code":8,"worker_id":"8a3a0fc4-e210-4d7c-9b96-2361c7e9bb9e-8436","trial_id":40,"user_attr":{"deflated_objective":1.208205222418815}}
{"op_code":9,"worker_id":"8a3a0fc4-e210-4d7c-9b96-2361c7e9bb9e-8436","trial_id":40,"system_attr":{"constraints":[-0.09209604648512994,-0.2817338057079698,0.09999999999999998,-0.08636363636363636,-0.2749712200866391,-21.0,-8.0,-0.0828989703989704,-0.25,-1362.217470423607,-0.09374999999999994,-0.07281746031746034]}}
{"op_code":6,"worker_id":"8a3a0fc4-e210-4d7c-9b96-2361c7e9bb9e-8436","trial_id":40,"state":1,"values":[2.1609162957576165],"datetime_complete":"2026-07-14T11:41:21.342517"}
{"op_code":8,"worker_id":"041dda16-dcb0-4c70-afd2-8bd7d9880d31-19176","trial_id":48,"user_attr":{"deflated_objective":1.160319296510479}}
{"op_code":9,"worker_id":"041dda16-dcb0-4c70-afd2-8bd7d9880d31-19176","trial_id":48,"system_attr":{"constraints":[-0.08394051204750765,-0.2081381005013224,0.09999999999999998,0.0075757575757576245,-0.28392469298094514,-33.0,-6.0,0.08016711376471318,0.25,-1339.6315093448911,-0.05833333333333329,-0.07976190476190476]}}
{"op_code":6,"worker_id":"041dda16-dcb0-4c70-afd2-8bd7d9880d31-19176","trial_id":48,"state":1,"values":[2.5082285410066945],"datetime_complete":"2026-07-14T11:41:21.666840"}
