{"op_code":0,"worker_id":"8a56b5e8-a456-4900-b071-e8120db89e40-22948","study_name":"main_588000ETF_long_r202406_sortino_armC","directions":[2]}
{"op_code":4,"worker_id":"13c045af-49c6-48e9-8c9c-5f95de2970d8-7108","study_id":0,"datetime_start":"2026-07-14T11:39:05.378634"}
{"op_code":5,"worker_id":"13c045af-49c6-48e9-8c9c-5f95de2970d8-7108","trial_id":0,"param_name":"k_weight","param_value_internal":0.17258184958466843,"distribution":"{\"name\": \"FloatDistribution\", \"attributes\": {\"step\": null, \"low\": 0.0, \"high\": 1.5, \"log\": false}}"}
{"op_code":5,"worker_id":"13c045af-49c6-48e9-8c9c-5f95de2970d8-7108","trial_id":0,"param_name":"unified_alpha","param_value_internal":0.0451231319213065,"distribution":"{\"name\": \"FloatDistribution\", \"attributes\": {\"step\": null, \"low\": 1e-05, \"high\": 10.0, \"log\": true}}"}
{"op_code":4,"worker_id":"c7b7f375-b67b-4c6d-9718-7742674045ec-6576","study_id":0,"datetime_start":"2026-07-14T11:39:05.380244"}
{"op_code":4,"worker_id":"f1635928-256e-4389-81d3-b0ae436435d8-31524","study_id":0,"datetime_start":"2026-07-14T11:39:05.384447"}
{"op_code":4,"worker_id":"5f7ebc7e-b359-428a-9ce9-e318525067b2-8896","study_id":0,"datetime_start":"2026-07-14T11:39:05.386035"}
{"op_code":5,"worker_id":"13c045af-49c6-48e9-8c9c-5f95de2970d8-7108","trial_id":0,"param_name":"unified_rho","param_value_internal":0.13339096418598828,"distribution":"{\"name\": \"FloatDistribution\", \"attributes\": {\"step\": null, \"low\": 0.0, \"high\": 1.0, \"log\": false}}"}
{"op_code":4,"worker_id":"a89cb26f-c82c-4237-be2e-e02e0fd73171-12024","study_id":0,"datetime_start":"2026-07-14T11:39:05.389557"}
{"op_code":4,"worker_id":"d676f218-82e8-496f-8737-ccaf2ef05345-29612","study_id":0,"datetime_start":"2026-07-14T11:39:05.387826"}
{"op_code":5,"worker_id":"5f7ebc7e-b359-428a-9ce9-e318525067b2-8896","trial_id":3,"param_name":"k_weight","param_value_internal":0.17023270784047428,"distribution":"{\"name\": \"FloatDistribution\", \"attributes\": {\"step\": null, \"low\": 0.0, \"high\": 1.5, \"log\": false}}"}
{"op_code":5,"worker_id":"13c045af-49c6-48e9-8c9c-5f95de2970d8-7108","trial_id":0,"param_name":"unified_gamma","param_value_internal":12.476248311536951,"distribution":"{\"name\": \"FloatDistribution\", \"attributes\": {\"step\": null, \"low\": 1.5, \"high\": 10000.0, \"log\": true}}"}
{"op_code":5,"worker_id":"a89cb26f-c82c-4237-be2e-e02e0fd73171-12024","trial_id":4,"param_name":"k_weight","param_value_internal":0.45144668378387187,"distribution":"{\"name\": \"FloatDistribution\", \"attributes\": {\"step\": null, \"low\": 0.0, \"high\": 1.5, \"log\": false}}"}
{"op_code":4,"worker_id":"7da914b9-7e55-4947-88b4-3a7ed341d31d-4680","study_id":0,"datetime_start":"2026-07-14T11:39:05.395475"}
{"op_code":5,"worker_id":"5f7ebc7e-b359-428a-9ce9-e318525067b2-8896","trial_id":3,"param_name":"unified_alpha","param_value_internal":7.029081301964993,"distribution":"{\"name\": \"FloatDistribution\", \"attributes\": {\"step\": null, \"low\": 1e-05, \"high\": 10.0, \"log\": true}}"}
{"op_code":4,"worker_id":"19681480-477f-42d8-90bd-08354be586b5-18156","study_id":0,"datetime_start":"2026-07-14T11:39:05.398162"}
{"op_code":4,"worker_id":"96a5bfcd-4fb2-4eb2-8135-4e4305255d51-22852","study_id":0,"datetime_start":"2026-07-14T11:39:05.400806"}
{"op_code":4,"worker_id":"556bfa67-cf6c-48c8-ab2d-1bddfbc3ea02-27448","study_id":0,"datetime_start":"2026-07-14T11:39:05.411546"}
{"op_code":4,"worker_id":"5c2c6906-2e11-4ce9-9e7c-241232844902-31796","study_id":0,"datetime_start":"2026-07-14T11:39:05.413231"}
{"op_code":5,"worker_id":"96a5bfcd-4fb2-4eb2-8135-4e4305255d51-22852","trial_id":8,"param_name":"k_weight","param_value_internal":0.6302744507111608,"distribution":"{\"name\": \"FloatDistribution\", \"attributes\": {\"step\": null, \"low\": 0.0, \"high\": 1.5, \"log\": false}}"}
{"op_code":5,"worker_id":"13c045af-49c6-48e9-8c9c-5f95de2970d8-7108","trial_id":0,"param_name":"huber_delta","param_value_internal":1.972125751150129,"distribution":"{\"name\": \"FloatDistribution\", \"attributes\": {\"step\": null, \"low\": 0.5, \"high\": 5.0, \"log\": false}}"}
{"op_code":5,"worker_id":"556bfa67-cf6c-48c8-ab2d-1bddfbc3ea02-27448","trial_id":9,"param_name":"k_weight","param_value_internal":1.3860526733616378,"distribution":"{\"name\": \"FloatDistribution\", \"attributes\": {\"step\": null, \"low\": 0.0, \"high\": 1.5, \"log\": false}}"}
{"op_code":5,"worker_id":"19681480-477f-42d8-90bd-08354be586b5-18156","trial_id":7,"param_name":"k_weight","param_value_internal":1.2699936108152008,"distribution":"{\"name\": \"FloatDistribution\", \"attributes\": {\"step\": null, \"low\": 0.0, \"high\": 1.5, \"log\": false}}"}
{"op_code":4,"worker_id":"4558dde9-283f-4646-abc7-80440b8ac255-20880","study_id":0,"datetime_start":"2026-07-14T11:39:05.420670"}
{"op_code":5,"worker_id":"4558dde9-283f-4646-abc7-80440b8ac255-20880","trial_id":11,"param_name":"k_weight","param_value_internal":0.8309115337508797,"distribution":"{\"name\": \"FloatDistribution\", \"attributes\": {\"step\": null, \"low\": 0.0, \"high\": 1.5, \"log\": false}}"}
{"op_code":4,"worker_id":"1b6cff97-aebb-4a7a-9cfb-f1ed1e093cce-3216","study_id":0,"datetime_start":"2026-07-14T11:39:05.414914"}
{"op_code":4,"worker_id":"a0eba44c-17c2-4da6-83eb-09b89d05fe9a-27064","study_id":0,"datetime_start":"2026-07-14T11:39:05.425491"}
{"op_code":4,"worker_id":"69e492d0-2577-4430-a16e-ac478cc6ed7f-16052","study_id":0,"datetime_start":"2026-07-14T11:39:05.409546"}
{"op_code":5,"worker_id":"a0eba44c-17c2-4da6-83eb-09b89d05fe9a-27064","trial_id":13,"param_name":"k_weight","param_value_internal":0.2314313671969137,"distribution":"{\"name\": \"FloatDistribution\", \"attributes\": {\"step\": null, \"low\": 0.0, \"high\": 1.5, \"log\": false}}"}
{"op_code":5,"worker_id":"a0eba44c-17c2-4da6-83eb-09b89d05fe9a-27064","trial_id":13,"param_name":"unified_alpha","param_value_internal":6.341578374585632e-05,"distribution":"{\"name\": \"FloatDistribution\", \"attributes\": {\"step\": null, \"low\": 1e-05, \"high\": 10.0, \"log\": true}}"}
{"op_code":5,"worker_id":"a0eba44c-17c2-4da6-83eb-09b89d05fe9a-27064","trial_id":13,"param_name":"unified_rho","param_value_internal":0.36268546617688757,"distribution":"{\"name\": \"FloatDistribution\", \"attributes\": {\"step\": null, \"low\": 0.0, \"high\": 1.0, \"log\": false}}"}
{"op_code":5,"worker_id":"5c2c6906-2e11-4ce9-9e7c-241232844902-31796","trial_id":10,"param_name":"k_weight","param_value_internal":0.45130999506992814,"distribution":"{\"name\": \"FloatDistribution\", \"attributes\": {\"step\": null, \"low\": 0.0, \"high\": 1.5, \"log\": false}}"}
{"op_code":5,"worker_id":"a89cb26f-c82c-4237-be2e-e02e0fd73171-12024","trial_id":4,"param_name":"unified_alpha","param_value_internal":0.0003036483963037555,"distribution":"{\"name\": \"FloatDistribution\", \"attributes\": {\"step\": null, \"low\": 1e-05, \"high\": 10.0, \"log\": true}}"}
{"op_code":5,"worker_id":"1b6cff97-aebb-4a7a-9cfb-f1ed1e093cce-3216","trial_id":12,"param_name":"k_weight","param_value_internal":1.2367042138699227,"distribution":"{\"name\": \"FloatDistribution\", \"attributes\": {\"step\": null, \"low\": 0.0, \"high\": 1.5, \"log\": false}}"}
{"op_code":5,"worker_id":"1b6cff97-aebb-4a7a-9cfb-f1ed1e093cce-3216","trial_id":12,"param_name":"unified_alpha","param_value_internal":0.00012248936831990408,"distribution":"{\"name\": \"FloatDistribution\", \"attributes\": {\"step\": null, \"low\": 1e-05, \"high\": 10.0, \"log\": true}}"}
{"op_code":5,"worker_id":"5c2c6906-2e11-4ce9-9e7c-241232844902-31796","trial_id":10,"param_name":"unified_alpha","param_value_internal":0.00013233505373256015,"distribution":"{\"name\": \"FloatDistribution\", \"attributes\": {\"step\": null, \"low\": 1e-05, \"high\": 10.0, \"log\": true}}"}
{"op_code":5,"worker_id":"1b6cff97-aebb-4a7a-9cfb-f1ed1e093cce-3216","trial_id":12,"param_name":"unified_rho","param_value_internal":0.8773267682070526,"distribution":"{\"name\": \"FloatDistribution\", \"attributes\": {\"step\": null, \"low\": 0.0, \"high\": 1.0, \"log\": false}}"}
{"op_code":5,"worker_id":"4558dde9-283f-4646-abc7-80440b8ac255-20880","trial_id":11,"param_name":"unified_alpha","param_value_internal":0.0023849943922257424,"distribution":"{\"name\": \"FloatDistribution\", \"attributes\": {\"step\": null, \"low\": 1e-05, \"high\": 10.0, \"log\": true}}"}
{"op_code":5,"worker_id":"1b6cff97-aebb-4a7a-9cfb-f1ed1e093cce-3216","trial_id":12,"param_name":"unified_gamma","param_value_internal":121.99158381094936,"distribution":"{\"name\": \"FloatDistribution\", \"attributes\": {\"step\": null, \"low\": 1.5, \"high\": 10000.0, \"log\": true}}"}
{"op_code":5,"worker_id":"1b6cff97-aebb-4a7a-9cfb-f1ed1e093cce-3216","trial_id":12,"param_name":"huber_delta","param_value_internal":4.842168949502053,"distribution":"{\"name\": \"FloatDistribution\", \"attributes\": {\"step\": null, \"low\": 0.5, \"high\": 5.0, \"log\": false}}"}
{"op_code":5,"worker_id":"69e492d0-2577-4430-a16e-ac478cc6ed7f-16052","trial_id":14,"param_name":"k_weight","param_value_internal":0.5476583745340409,"distribution":"{\"name\": \"FloatDistribution\", \"attributes\": {\"step\": null, \"low\": 0.0, \"high\": 1.5, \"log\": false}}"}
{"op_code":5,"worker_id":"4558dde9-283f-4646-abc7-80440b8ac255-20880","trial_id":11,"param_name":"unified_rho","param_value_internal":0.04812677258007669,"distribution":"{\"name\": \"FloatDistribution\", \"attributes\": {\"step\": null, \"low\": 0.0, \"high\": 1.0, \"log\": false}}"}
{"op_code":4,"worker_id":"78d2461e-26e1-4a90-a891-820cac2711fd-11668","study_id":0,"datetime_start":"2026-07-14T11:39:05.382063"}
{"op_code":8,"worker_id":"13c045af-49c6-48e9-8c9c-5f95de2970d8-7108","trial_id":0,"user_attr":{"constraints":[-0.08990793244129495,-0.12367384090967141,0.26666666666666666,0.17525252525252522,-0.10749055786679189,-43.0,-7.0,0.21161834985894143,0.5,-1370.517605411985,-0.08464052287581697,-0.11908831908831913]}}
{"op_code":5,"worker_id":"4558dde9-283f-4646-abc7-80440b8ac255-20880","trial_id":11,"param_name":"unified_gamma","param_value_internal":153.53774586034245,"distribution":"{\"name\": \"FloatDistribution\", \"attributes\": {\"step\": null, \"low\": 1.5, \"high\": 10000.0, \"log\": true}}"}
{"op_code":5,"worker_id":"4558dde9-283f-4646-abc7-80440b8ac255-20880","trial_id":11,"param_name":"huber_delta","param_value_internal":1.1886736181535065,"distribution":"{\"name\": \"FloatDistribution\", \"attributes\": {\"step\": null, \"low\": 0.5, \"high\": 5.0, \"log\": false}}"}
{"op_code":4,"worker_id":"739572f2-8ef0-4fc3-b8f3-27eca46f0872-30084","study_id":0,"datetime_start":"2026-07-14T11:39:05.421741"}
{"op_code":5,"worker_id":"78d2461e-26e1-4a90-a891-820cac2711fd-11668","trial_id":15,"param_name":"k_weight","param_value_internal":1.4835172702134,"distribution":"{\"name\": \"FloatDistribution\", \"attributes\": {\"step\": null, \"low\": 0.0, \"high\": 1.5, \"log\": false}}"}
{"op_code":5,"worker_id":"5c2c6906-2e11-4ce9-9e7c-241232844902-31796","trial_id":10,"param_name":"unified_rho","param_value_internal":0.32318267696821945,"distribution":"{\"name\": \"FloatDistribution\", \"attributes\": {\"step\": null, \"low\": 0.0, \"high\": 1.0, \"log\": false}}"}
{"op_code":5,"worker_id":"739572f2-8ef0-4fc3-b8f3-27eca46f0872-30084","trial_id":16,"param_name":"k_weight","param_value_internal":0.5686477881506551,"distribution":"{\"name\": \"FloatDistribution\", \"attributes\": {\"step\": null, \"low\": 0.0, \"high\": 1.5, \"log\": false}}"}
{"op_code":5,"worker_id":"d676f218-82e8-496f-8737-ccaf2ef05345-29612","trial_id":5,"param_name":"k_weight","param_value_internal":0.026235406396728944,"distribution":"{\"name\": \"FloatDistribution\", \"attributes\": {\"step\": null, \"low\": 0.0, \"high\": 1.5, \"log\": false}}"}
{"op_code":5,"worker_id":"78d2461e-26e1-4a90-a891-820cac2711fd-11668","trial_id":15,"param_name":"unified_alpha","param_value_internal":0.019827518376799098,"distribution":"{\"name\": \"FloatDistribution\", \"attributes\": {\"step\": null, \"low\": 1e-05, \"high\": 10.0, \"log\": true}}"}
{"op_code":5,"worker_id":"5c2c6906-2e11-4ce9-9e7c-241232844902-31796","trial_id":10,"param_name":"unified_gamma","param_value_internal":527.0561194914657,"distribution":"{\"name\": \"FloatDistribution\", \"attributes\": {\"step\": null, \"low\": 1.5, \"high\": 10000.0, \"log\": true}}"}
{"op_code":5,"worker_id":"d676f218-82e8-496f-8737-ccaf2ef05345-29612","trial_id":5,"param_name":"unified_alpha","param_value_internal":2.2358342417700436,"distribution":"{\"name\": \"FloatDistribution\", \"attributes\": {\"step\": null, \"low\": 1e-05, \"high\": 10.0, \"log\": true}}"}
{"op_code":5,"worker_id":"a0eba44c-17c2-4da6-83eb-09b89d05fe9a-27064","trial_id":13,"param_name":"unified_gamma","param_value_internal":592.8456313569452,"distribution":"{\"name\": \"FloatDistribution\", \"attributes\": {\"step\": null, \"low\": 1.5, \"high\": 10000.0, \"log\": true}}"}
{"op_code":4,"worker_id":"c8bdcf98-398c-4a48-87b5-9ff1dd4185a2-8436","study_id":0,"datetime_start":"2026-07-14T11:39:05.402990"}
{"op_code":5,"worker_id":"a0eba44c-17c2-4da6-83eb-09b89d05fe9a-27064","trial_id":13,"param_name":"huber_delta","param_value_internal":1.3750252580024045,"distribution":"{\"name\": \"FloatDistribution\", \"attributes\": {\"step\": null, \"low\": 0.5, \"high\": 5.0, \"log\": false}}"}
{"op_code":5,"worker_id":"d676f218-82e8-496f-8737-ccaf2ef05345-29612","trial_id":5,"param_name":"unified_rho","param_value_internal":0.2848611674739183,"distribution":"{\"name\": \"FloatDistribution\", \"attributes\": {\"step\": null, \"low\": 0.0, \"high\": 1.0, \"log\": false}}"}
{"op_code":5,"worker_id":"78d2461e-26e1-4a90-a891-820cac2711fd-11668","trial_id":15,"param_name":"unified_rho","param_value_internal":0.28144730195506285,"distribution":"{\"name\": \"FloatDistribution\", \"attributes\": {\"step\": null, \"low\": 0.0, \"high\": 1.0, \"log\": false}}"}
{"op_code":5,"worker_id":"c8bdcf98-398c-4a48-87b5-9ff1dd4185a2-8436","trial_id":17,"param_name":"k_weight","param_value_internal":0.139662430007787,"distribution":"{\"name\": \"FloatDistribution\", \"attributes\": {\"step\": null, \"low\": 0.0, \"high\": 1.5, \"log\": false}}"}
{"op_code":5,"worker_id":"c8bdcf98-398c-4a48-87b5-9ff1dd4185a2-8436","trial_id":17,"param_name":"unified_alpha","param_value_internal":6.75982604244183,"distribution":"{\"name\": \"FloatDistribution\", \"attributes\": {\"step\": null, \"low\": 1e-05, \"high\": 10.0, \"log\": true}}"}
{"op_code":5,"worker_id":"d676f218-82e8-496f-8737-ccaf2ef05345-29612","trial_id":5,"param_name":"unified_gamma","param_value_internal":20.861697424411652,"distribution":"{\"name\": \"FloatDistribution\", \"attributes\": {\"step\": null, \"low\": 1.5, \"high\": 10000.0, \"log\": true}}"}
{"op_code":5,"worker_id":"c8bdcf98-398c-4a48-87b5-9ff1dd4185a2-8436","trial_id":17,"param_name":"unified_rho","param_value_internal":0.4838599804636461,"distribution":"{\"name\": \"FloatDistribution\", \"attributes\": {\"step\": null, \"low\": 0.0, \"high\": 1.0, \"log\": false}}"}
{"op_code":5,"worker_id":"d676f218-82e8-496f-8737-ccaf2ef05345-29612","trial_id":5,"param_name":"huber_delta","param_value_internal":4.064154172949432,"distribution":"{\"name\": \"FloatDistribution\", \"attributes\": {\"step\": null, \"low\": 0.5, \"high\": 5.0, \"log\": false}}"}
{"op_code":5,"worker_id":"69e492d0-2577-4430-a16e-ac478cc6ed7f-16052","trial_id":14,"param_name":"unified_alpha","param_value_internal":0.00509607129650663,"distribution":"{\"name\": \"FloatDistribution\", \"attributes\": {\"step\": null, \"low\": 1e-05, \"high\": 10.0, \"log\": true}}"}
{"op_code":4,"worker_id":"6f95e099-6c3e-4647-95da-314817b2237b-24340","study_id":0,"datetime_start":"2026-07-14T11:39:05.417658"}
{"op_code":5,"worker_id":"78d2461e-26e1-4a90-a891-820cac2711fd-11668","trial_id":15,"param_name":"unified_gamma","param_value_internal":2.962371401177323,"distribution":"{\"name\": \"FloatDistribution\", \"attributes\": {\"step\": null, \"low\": 1.5, \"high\": 10000.0, \"log\": true}}"}
{"op_code":5,"worker_id":"556bfa67-cf6c-48c8-ab2d-1bddfbc3ea02-27448","trial_id":9,"param_name":"unified_alpha","param_value_internal":8.855711978905983e-05,"distribution":"{\"name\": \"FloatDistribution\", \"attributes\": {\"step\": null, \"low\": 1e-05, \"high\": 10.0, \"log\": true}}"}
{"op_code":5,"worker_id":"6f95e099-6c3e-4647-95da-314817b2237b-24340","trial_id":18,"param_name":"k_weight","param_value_internal":0.050632065634812484,"distribution":"{\"name\": \"FloatDistribution\", \"attributes\": {\"step\": null, \"low\": 0.0, \"high\": 1.5, \"log\": false}}"}
{"op_code":5,"worker_id":"c8bdcf98-398c-4a48-87b5-9ff1dd4185a2-8436","trial_id":17,"param_name":"unified_gamma","param_value_internal":12.690418291229948,"distribution":"{\"name\": \"FloatDistribution\", \"attributes\": {\"step\": null, \"low\": 1.5, \"high\": 10000.0, \"log\": true}}"}
{"op_code":5,"worker_id":"c8bdcf98-398c-4a48-87b5-9ff1dd4185a2-8436","trial_id":17,"param_name":"huber_delta","param_value_internal":2.890057234132639,"distribution":"{\"name\": \"FloatDistribution\", \"attributes\": {\"step\": null, \"low\": 0.5, \"high\": 5.0, \"log\": false}}"}
{"op_code":5,"worker_id":"556bfa67-cf6c-48c8-ab2d-1bddfbc3ea02-27448","trial_id":9,"param_name":"unified_rho","param_value_internal":0.8669150768157973,"distribution":"{\"name\": \"FloatDistribution\", \"attributes\": {\"step\": null, \"low\": 0.0, \"high\": 1.0, \"log\": false}}"}
{"op_code":5,"worker_id":"556bfa67-cf6c-48c8-ab2d-1bddfbc3ea02-27448","trial_id":9,"param_name":"unified_gamma","param_value_internal":3.1470215787374998,"distribution":"{\"name\": \"FloatDistribution\", \"attributes\": {\"step\": null, \"low\": 1.5, \"high\": 10000.0, \"log\": true}}"}
{"op_code":8,"worker_id":"1b6cff97-aebb-4a7a-9cfb-f1ed1e093cce-3216","trial_id":12,"user_attr":{"constraints":[-0.08297164991987005,0.09632403573937635,0.26666666666666666,0.21565656565656566,0.2205914189960312,-16.0,-8.0,0.15565807565807566,0.5,-1408.1146957451192,-0.027614379084967333,0.020207570207570247]}}
{"op_code":8,"worker_id":"1b6cff97-aebb-4a7a-9cfb-f1ed1e093cce-3216","trial_id":12,"user_attr":{"pruned_reasons":["M2 (Yearly Tail IC Mean <= 0)","M3 (Hit Rate < 60%)","M5 (Monotonicity <= 0.25)","M6 (Top-Bottom Spread <= 0)","Side-specific Yearly Tail IC Mean (-0.1557 <= 0)","Side-specific Hit Rate (0.00% < 50%)","Side-specific Yearly Daily Win Rate (42.98% < 45%)"]}}
{"op_code":8,"worker_id":"1b6cff97-aebb-4a7a-9cfb-f1ed1e093cce-3216","trial_id":12,"user_attr":{"gini":0.4883176134685967}}
{"op_code":5,"worker_id":"556bfa67-cf6c-48c8-ab2d-1bddfbc3ea02-27448","trial_id":9,"param_name":"huber_delta","param_value_internal":3.0810815777193246,"distribution":"{\"name\": \"FloatDistribution\", \"attributes\": {\"step\": null, \"low\": 0.5, \"high\": 5.0, \"log\": false}}"}
{"op_code":5,"worker_id":"69e492d0-2577-4430-a16e-ac478cc6ed7f-16052","trial_id":14,"param_name":"unified_rho","param_value_internal":0.4960603487677895,"distribution":"{\"name\": \"FloatDistribution\", \"attributes\": {\"step\": null, \"low\": 0.0, \"high\": 1.0, \"log\": false}}"}
{"op_code":5,"worker_id":"a89cb26f-c82c-4237-be2e-e02e0fd73171-12024","trial_id":4,"param_name":"unified_rho","param_value_internal":0.9263351350591756,"distribution":"{\"name\": \"FloatDistribution\", \"attributes\": {\"step\": null, \"low\": 0.0, \"high\": 1.0, \"log\": false}}"}
{"op_code":8,"worker_id":"1b6cff97-aebb-4a7a-9cfb-f1ed1e093cce-3216","trial_id":12,"user_attr":{"cv_is_ics":[0.1899958699941635,0.14702542126178741,0.1275409460067749,0.15746645629405975,0.1784188449382782,0.20637191832065582,0.16893097758293152,0.20424385368824005,0.23751583695411682,0.18241608142852783,0.1847723126411438,0.21044406294822693,0.18473869562149048,0.15465649962425232,0.1619798094034195]}}
{"op_code":5,"worker_id":"a89cb26f-c82c-4237-be2e-e02e0fd73171-12024","trial_id":4,"param_name":"unified_gamma","param_value_internal":3850.360914752656,"distribution":"{\"name\": \"FloatDistribution\", \"attributes\": {\"step\": null, \"low\": 1.5, \"high\": 10000.0, \"log\": true}}"}
{"op_code":5,"worker_id":"a89cb26f-c82c-4237-be2e-e02e0fd73171-12024","trial_id":4,"param_name":"huber_delta","param_value_internal":3.5747454198874413,"distribution":"{\"name\": \"FloatDistribution\", \"attributes\": {\"step\": null, \"low\": 0.5, \"high\": 5.0, \"log\": false}}"}
{"op_code":8,"worker_id":"1b6cff97-aebb-4a7a-9cfb-f1ed1e093cce-3216","trial_id":12,"user_attr":{"cv_oos_ics":[-0.055347006767988205,0.06733553111553192,0.07469642162322998,-0.0012644382659345865,-0.05727686733007431,-0.003967124968767166,0.009015331044793129,0.018457170575857162,-0.05070753023028374,0.007052399218082428,0.01856948994100094,-0.056360915303230286,0.021646739915013313,0.014506550505757332,0.11159391701221466]}}
{"op_code":8,"worker_id":"1b6cff97-aebb-4a7a-9cfb-f1ed1e093cce-3216","trial_id":12,"user_attr":{"reg_kappa":3.529000086179546}}
{"op_code":8,"worker_id":"1b6cff97-aebb-4a7a-9cfb-f1ed1e093cce-3216","trial_id":12,"user_attr":{"raw_metrics":[-0.3072224008166656,-0.09632403573937635,0.3333333333333333,0.08297164991987005,0.03434343434343435,-0.2205914189960312,-0.435050201483171,-0.3806479275226593,0.47761437908496734]}}
{"op_code":8,"worker_id":"c8bdcf98-398c-4a48-87b5-9ff1dd4185a2-8436","trial_id":17,"user_attr":{"constraints":[0.031249805434534778,0.07010577296279018,0.6,0.4843434343434344,0.1959942100779001,-55.0,5.0,-0.059734242344994935,0.16666666666666669,-1372.3972197563696,0.06830065359477128,0.0551078551078551]}}
{"op_code":8,"worker_id":"c8bdcf98-398c-4a48-87b5-9ff1dd4185a2-8436","trial_id":17,"user_attr":{"pruned_reasons":["M4 (Overall IC <= 0)","M2 (Yearly Tail IC Mean <= 0)","M3 (Hit Rate < 60%)","M5 (Monotonicity <= 0.25)","M6 (Top-Bottom Spread <= 0)","Active features count (0) is less than active feature floor (5)","Side-specific Hit Rate (33.33% < 50%)","Yearly Daily Win Rate (38.17% < 45%)","Side-specific Yearly Daily Win Rate (39.49% < 45%)"]}}
{"op_code":8,"worker_id":"c8bdcf98-398c-4a48-87b5-9ff1dd4185a2-8436","trial_id":17,"user_attr":{"gini":0.0}}
{"op_code":5,"worker_id":"f1635928-256e-4389-81d3-b0ae436435d8-31524","trial_id":2,"param_name":"k_weight","param_value_internal":1.175748526208626,"distribution":"{\"name\": \"FloatDistribution\", \"attributes\": {\"step\": null, \"low\": 0.0, \"high\": 1.5, \"log\": false}}"}
{"op_code":5,"worker_id":"78d2461e-26e1-4a90-a891-820cac2711fd-11668","trial_id":15,"param_name":"huber_delta","param_value_internal":2.500112731873114,"distribution":"{\"name\": \"FloatDistribution\", \"attributes\": {\"step\": null, \"low\": 0.5, \"high\": 5.0, \"log\": false}}"}
{"op_code":5,"worker_id":"69e492d0-2577-4430-a16e-ac478cc6ed7f-16052","trial_id":14,"param_name":"unified_gamma","param_value_internal":2.919195228671233,"distribution":"{\"name\": \"FloatDistribution\", \"attributes\": {\"step\": null, \"low\": 1.5, \"high\": 10000.0, \"log\": true}}"}
{"op_code":4,"worker_id":"d3103af7-bb80-40a2-9bec-d63d62e61923-14384","study_id":0,"datetime_start":"2026-07-14T11:39:05.392464"}
{"op_code":8,"worker_id":"a0eba44c-17c2-4da6-83eb-09b89d05fe9a-27064","trial_id":13,"user_attr":{"constraints":[-0.06908053190888988,-0.12986529234517794,0.26666666666666666,0.1388888888888889,-0.21106285537079725,-41.0,-8.0,0.010540274337936894,-0.16666666666666663,-1370.5898870536864,-0.10547385620915034,-0.06566951566951557]}}
{"op_code":5,"worker_id":"69e492d0-2577-4430-a16e-ac478cc6ed7f-16052","trial_id":14,"param_name":"huber_delta","param_value_internal":3.072927120474744,"distribution":"{\"name\": \"FloatDistribution\", \"attributes\": {\"step\": null, \"low\": 0.5, \"high\": 5.0, \"log\": false}}"}
{"op_code":8,"worker_id":"a0eba44c-17c2-4da6-83eb-09b89d05fe9a-27064","trial_id":13,"user_attr":{"pruned_reasons":["M3 (Hit Rate < 60%)","M5 (Monotonicity <= 0.25)","Side-specific Yearly Tail IC Mean (-0.0105 <= 0)"]}}
{"op_code":8,"worker_id":"c8bdcf98-398c-4a48-87b5-9ff1dd4185a2-8436","trial_id":17,"user_attr":{"cv_is_ics":[0.0,0.0,0.0,0.0,0.0,0.0,0.0,0.0,0.0,0.0,0.0,0.0,0.0,0.0,0.0]}}
{"op_code":5,"worker_id":"d3103af7-bb80-40a2-9bec-d63d62e61923-14384","trial_id":19,"param_name":"k_weight","param_value_internal":0.7419024683070321,"distribution":"{\"name\": \"FloatDistribution\", \"attributes\": {\"step\": null, \"low\": 0.0, \"high\": 1.5, \"log\": false}}"}
{"op_code":5,"worker_id":"d3103af7-bb80-40a2-9bec-d63d62e61923-14384","trial_id":19,"param_name":"unified_alpha","param_value_internal":0.00023361387149879002,"distribution":"{\"name\": \"FloatDistribution\", \"attributes\": {\"step\": null, \"low\": 1e-05, \"high\": 10.0, \"log\": true}}"}
{"op_code":8,"worker_id":"a0eba44c-17c2-4da6-83eb-09b89d05fe9a-27064","trial_id":13,"user_attr":{"gini":0.4129206273253305}}
{"op_code":8,"worker_id":"c8bdcf98-398c-4a48-87b5-9ff1dd4185a2-8436","trial_id":17,"user_attr":{"cv_oos_ics":[0.0,0.0,0.0,0.0,0.0,0.0,0.0,0.0,0.0,0.0,0.0,0.0,0.0,0.0,0.0]}}
{"op_code":8,"worker_id":"c8bdcf98-398c-4a48-87b5-9ff1dd4185a2-8436","trial_id":17,"user_attr":{"reg_kappa":1.295674225563918}}
{"op_code":5,"worker_id":"d3103af7-bb80-40a2-9bec-d63d62e61923-14384","trial_id":19,"param_name":"unified_rho","param_value_internal":0.25547392375721134,"distribution":"{\"name\": \"FloatDistribution\", \"attributes\": {\"step\": null, \"low\": 0.0, \"high\": 1.0, \"log\": false}}"}
{"op_code":4,"worker_id":"20e22851-830f-4384-84c4-f6e1fa6f51fb-19176","study_id":0,"datetime_start":"2026-07-14T11:39:05.407643"}
{"op_code":8,"worker_id":"556bfa67-cf6c-48c8-ab2d-1bddfbc3ea02-27448","trial_id":9,"user_attr":{"constraints":[-0.08435678236528817,0.01135994049457307,0.26666666666666666,0.18737373737373736,0.11482209110409343,-13.0,-8.0,0.09500423500423501,0.16666666666666669,-1418.9958159749192,-0.060947712418300715,-0.02171347171347171]}}
{"op_code":8,"worker_id":"c8bdcf98-398c-4a48-87b5-9ff1dd4185a2-8436","trial_id":17,"user_attr":{"raw_metrics":[-1.2146299341818416,-0.07010577296279018,0.0,-0.031249805434534778,-0.23434343434343438,-0.1959942100779001,-0.0,-0.0,0.38169934640522873]}}
{"op_code":5,"worker_id":"20e22851-830f-4384-84c4-f6e1fa6f51fb-19176","trial_id":20,"param_name":"k_weight","param_value_internal":0.1310244643532626,"distribution":"{\"name\": \"FloatDistribution\", \"attributes\": {\"step\": null, \"low\": 0.0, \"high\": 1.5, \"log\": false}}"}
{"op_code":8,"worker_id":"a89cb26f-c82c-4237-be2e-e02e0fd73171-12024","trial_id":4,"user_attr":{"constraints":[-0.0838227794915876,-0.06541400570544141,0.26666666666666666,0.2601010101010101,-0.04685812107098649,-38.0,-7.0,0.02975546975546976,0.16666666666666669,-1374.1989613968544,-0.06805555555555559,-0.00533170533170535]}}
{"op_code":8,"worker_id":"a89cb26f-c82c-4237-be2e-e02e0fd73171-12024","trial_id":4,"user_attr":{"pruned_reasons":["M3 (Hit Rate < 60%)","M5 (Monotonicity <= 0.25)","Side-specific Yearly Tail IC Mean (-0.0298 <= 0)","Side-specific Hit Rate (33.33% < 50%)"]}}
{"op_code":8,"worker_id":"c8bdcf98-398c-4a48-87b5-9ff1dd4185a2-8436","trial_id":17,"user_attr":{"val_metrics":[0.0,0.0,0.0,0.0,-6.113338670961163]}}
{"op_code":8,"worker_id":"c8bdcf98-398c-4a48-87b5-9ff1dd4185a2-8436","trial_id":17,"user_attr":{"deflated_objective":0.13041446939666437}}
{"op_code":9,"worker_id":"c8bdcf98-398c-4a48-87b5-9ff1dd4185a2-8436","trial_id":17,"system_attr":{"constraints":[0.031249805434534778,0.07010577296279018,0.6,0.4843434343434344,0.1959942100779001,-55.0,5.0,-0.059734242344994935,0.16666666666666669,-1372.3972197563696,0.06830065359477128,0.0551078551078551]}}
{"op_code":6,"worker_id":"c8bdcf98-398c-4a48-87b5-9ff1dd4185a2-8436","trial_id":17,"state":1,"values":[0.13041446939666437],"datetime_complete":"2026-07-14T11:39:05.552912"}
{"op_code":5,"worker_id":"19681480-477f-42d8-90bd-08354be586b5-18156","trial_id":7,"param_name":"unified_alpha","param_value_internal":0.023280550286246,"distribution":"{\"name\": \"FloatDistribution\", \"attributes\": {\"step\": null, \"low\": 1e-05, \"high\": 10.0, \"log\": true}}"}
{"op_code":4,"worker_id":"61035138-0a4d-4196-9e9d-b4878934e99d-23408","study_id":0,"datetime_start":"2026-07-14T11:39:05.423570"}
{"op_code":5,"worker_id":"f1635928-256e-4389-81d3-b0ae436435d8-31524","trial_id":2,"param_name":"unified_alpha","param_value_internal":0.06441725825501599,"distribution":"{\"name\": \"FloatDistribution\", \"attributes\": {\"step\": null, \"low\": 1e-05, \"high\": 10.0, \"log\": true}}"}
{"op_code":5,"worker_id":"d3103af7-bb80-40a2-9bec-d63d62e61923-14384","trial_id":19,"param_name":"unified_gamma","param_value_internal":49.160995099882086,"distribution":"{\"name\": \"FloatDistribution\", \"attributes\": {\"step\": null, \"low\": 1.5, \"high\": 10000.0, \"log\": true}}"}
{"op_code":5,"worker_id":"6f95e099-6c3e-4647-95da-314817b2237b-24340","trial_id":18,"param_name":"unified_alpha","param_value_internal":0.008602903428863091,"distribution":"{\"name\": \"FloatDistribution\", \"attributes\": {\"step\": null, \"low\": 1e-05, \"high\": 10.0, \"log\": true}}"}
{"op_code":8,"worker_id":"78d2461e-26e1-4a90-a891-820cac2711fd-11668","trial_id":15,"user_attr":{"constraints":[-0.08197587224709776,0.008734080350386456,0.26666666666666666,0.14292929292929296,0.05262742219732216,-10.0,-8.0,0.18214753214753213,0.5,-1427.8163865991246,-0.05808823529411772,-0.05651200651200644]}}
{"op_code":5,"worker_id":"d3103af7-bb80-40a2-9bec-d63d62e61923-14384","trial_id":19,"param_name":"huber_delta","param_value_internal":2.197917939610058,"distribution":"{\"name\": \"FloatDistribution\", \"attributes\": {\"step\": null, \"low\": 0.5, \"high\": 5.0, \"log\": false}}"}
{"op_code":5,"worker_id":"f1635928-256e-4389-81d3-b0ae436435d8-31524","trial_id":2,"param_name":"unified_rho","param_value_internal":0.24904309151574888,"distribution":"{\"name\": \"FloatDistribution\", \"attributes\": {\"step\": null, \"low\": 0.0, \"high\": 1.0, \"log\": false}}"}
{"op_code":8,"worker_id":"69e492d0-2577-4430-a16e-ac478cc6ed7f-16052","trial_id":14,"user_attr":{"constraints":[-0.0852129888851207,-0.09851304803030174,0.26666666666666666,0.058080808080808066,-0.05016652341526253,-36.0,-6.0,-0.18157573814674047,-0.16666666666666663,-1376.788874231635,-0.05416666666666664,0.007488807488807536]}}
{"op_code":5,"worker_id":"f1635928-256e-4389-81d3-b0ae436435d8-31524","trial_id":2,"param_name":"unified_gamma","param_value_internal":1188.2400441757075,"distribution":"{\"name\": \"FloatDistribution\", \"attributes\": {\"step\": null, \"low\": 1.5, \"high\": 10000.0, \"log\": true}}"}
{"op_code":8,"worker_id":"78d2461e-26e1-4a90-a891-820cac2711fd-11668","trial_id":15,"user_attr":{"pruned_reasons":["M2 (Yearly Tail IC Mean <= 0)","M3 (Hit Rate < 60%)","M5 (Monotonicity <= 0.25)","M6 (Top-Bottom Spread <= 0)","Side-specific Yearly Tail IC Mean (-0.1821 <= 0)","Side-specific Hit Rate (0.00% < 50%)"]}}
{"op_code":8,"worker_id":"78d2461e-26e1-4a90-a891-820cac2711fd-11668","trial_id":15,"user_attr":{"gini":0.3730951043509758}}
{"op_code":8,"worker_id":"a0eba44c-17c2-4da6-83eb-09b89d05fe9a-27064","trial_id":13,"user_attr":{"cv_is_ics":[0.23123610019683838,0.22403542697429657,0.19929051399230957,0.180576890707016,0.23446950316429138,0.2358546108007431,0.23119567334651947,0.230719655752182,0.27662163972854614,0.23448114097118378,0.20458835363388062,0.26461002230644226,0.21456734836101532,0.22750310599803925,0.18219150602817535]}}
{"op_code":8,"worker_id":"a0eba44c-17c2-4da6-83eb-09b89d05fe9a-27064","trial_id":13,"user_attr":{"cv_oos_ics":[-0.01410821545869112,0.14914627373218536,0.07013320922851562,0.016774354502558708,-0.030700650066137314,0.06894578784704208,0.06634107977151871,-0.020334815606474876,-0.02008516900241375,0.042494576424360275,-0.014585007913410664,-0.03800756856799126,0.018496772274374962,0.06152724847197533,0.1147693395614624]}}
{"op_code":8,"worker_id":"a0eba44c-17c2-4da6-83eb-09b89d05fe9a-27064","trial_id":13,"user_attr":{"reg_kappa":3.434790222924968}}
{"op_code":5,"worker_id":"19681480-477f-42d8-90bd-08354be586b5-18156","trial_id":7,"param_name":"unified_rho","param_value_internal":0.45487540240575286,"distribution":"{\"name\": \"FloatDistribution\", \"attributes\": {\"step\": null, \"low\": 0.0, \"high\": 1.0, \"log\": false}}"}
{"op_code":5,"worker_id":"f1635928-256e-4389-81d3-b0ae436435d8-31524","trial_id":2,"param_name":"huber_delta","param_value_internal":1.9088462103425592,"distribution":"{\"name\": \"FloatDistribution\", \"attributes\": {\"step\": null, \"low\": 0.5, \"high\": 5.0, \"log\": false}}"}
{"op_code":5,"worker_id":"19681480-477f-42d8-90bd-08354be586b5-18156","trial_id":7,"param_name":"unified_gamma","param_value_internal":33.325447496589845,"distribution":"{\"name\": \"FloatDistribution\", \"attributes\": {\"step\": null, \"low\": 1.5, \"high\": 10000.0, \"log\": true}}"}
{"op_code":5,"worker_id":"6f95e099-6c3e-4647-95da-314817b2237b-24340","trial_id":18,"param_name":"unified_rho","param_value_internal":0.8460850972808829,"distribution":"{\"name\": \"FloatDistribution\", \"attributes\": {\"step\": null, \"low\": 0.0, \"high\": 1.0, \"log\": false}}"}
{"op_code":5,"worker_id":"19681480-477f-42d8-90bd-08354be586b5-18156","trial_id":7,"param_name":"huber_delta","param_value_internal":3.136331228606768,"distribution":"{\"name\": \"FloatDistribution\", \"attributes\": {\"step\": null, \"low\": 0.5, \"high\": 5.0, \"log\": false}}"}
{"op_code":5,"worker_id":"6f95e099-6c3e-4647-95da-314817b2237b-24340","trial_id":18,"param_name":"unified_gamma","param_value_internal":56.13774483442881,"distribution":"{\"name\": \"FloatDistribution\", \"attributes\": {\"step\": null, \"low\": 1.5, \"high\": 10000.0, \"log\": true}}"}
{"op_code":8,"worker_id":"69e492d0-2577-4430-a16e-ac478cc6ed7f-16052","trial_id":14,"user_attr":{"pruned_reasons":["M3 (Hit Rate < 60%)","M5 (Monotonicity <= 0.25)","Side-specific Yearly Daily Win Rate (44.25% < 45%)"]}}
{"op_code":8,"worker_id":"69e492d0-2577-4430-a16e-ac478cc6ed7f-16052","trial_id":14,"user_attr":{"gini":0.4050990456660666}}
{"op_code":8,"worker_id":"69e492d0-2577-4430-a16e-ac478cc6ed7f-16052","trial_id":14,"user_attr":{"cv_is_ics":[0.2355194240808487,0.2040729820728302,0.17769348621368408,0.16940908133983612,0.21057727932929993,0.25013500452041626,0.2313695102930069,0.2294621765613556,0.27550601959228516,0.23391689360141754,0.20652338862419128,0.2589274048805237,0.2045445293188095,0.2030438631772995,0.17241020500659943]}}
{"op_code":5,"worker_id":"6f95e099-6c3e-4647-95da-314817b2237b-24340","trial_id":18,"param_name":"huber_delta","param_value_internal":3.3413691817884414,"distribution":"{\"name\": \"FloatDistribution\", \"attributes\": {\"step\": null, \"low\": 0.5, \"high\": 5.0, \"log\": false}}"}
{"op_code":5,"worker_id":"61035138-0a4d-4196-9e9d-b4878934e99d-23408","trial_id":21,"param_name":"k_weight","param_value_internal":0.32796757522080905,"distribution":"{\"name\": \"FloatDistribution\", \"attributes\": {\"step\": null, \"low\": 0.0, \"high\": 1.5, \"log\": false}}"}
{"op_code":5,"worker_id":"61035138-0a4d-4196-9e9d-b4878934e99d-23408","trial_id":21,"param_name":"unified_alpha","param_value_internal":1.543179043837076e-05,"distribution":"{\"name\": \"FloatDistribution\", \"attributes\": {\"step\": null, \"low\": 1e-05, \"high\": 10.0, \"log\": true}}"}
{"op_code":5,"worker_id":"61035138-0a4d-4196-9e9d-b4878934e99d-23408","trial_id":21,"param_name":"unified_rho","param_value_internal":0.2871252773397034,"distribution":"{\"name\": \"FloatDistribution\", \"attributes\": {\"step\": null, \"low\": 0.0, \"high\": 1.0, \"log\": false}}"}
{"op_code":5,"worker_id":"61035138-0a4d-4196-9e9d-b4878934e99d-23408","trial_id":21,"param_name":"unified_gamma","param_value_internal":6.859124195171953,"distribution":"{\"name\": \"FloatDistribution\", \"attributes\": {\"step\": null, \"low\": 1.5, \"high\": 10000.0, \"log\": true}}"}
{"op_code":5,"worker_id":"5c2c6906-2e11-4ce9-9e7c-241232844902-31796","trial_id":10,"param_name":"huber_delta","param_value_internal":3.05136860436146,"distribution":"{\"name\": \"FloatDistribution\", \"attributes\": {\"step\": null, \"low\": 0.5, \"high\": 5.0, \"log\": false}}"}
{"op_code":5,"worker_id":"61035138-0a4d-4196-9e9d-b4878934e99d-23408","trial_id":21,"param_name":"huber_delta","param_value_internal":1.8651937139528465,"distribution":"{\"name\": \"FloatDistribution\", \"attributes\": {\"step\": null, \"low\": 0.5, \"high\": 5.0, \"log\": false}}"}
{"op_code":8,"worker_id":"d3103af7-bb80-40a2-9bec-d63d62e61923-14384","trial_id":19,"user_attr":{"constraints":[-0.07355916159933207,-0.06749423173524728,0.26666666666666666,0.017676767676767652,-0.01559916010341548,-29.0,-8.0,0.006838926838926841,0.16666666666666669,-1383.3859503477536,-0.06111111111111106,-0.07503052503052504]}}
{"op_code":8,"worker_id":"d3103af7-bb80-40a2-9bec-d63d62e61923-14384","trial_id":19,"user_attr":{"pruned_reasons":["M3 (Hit Rate < 60%)","M5 (Monotonicity <= 0.25)","Side-specific Yearly Tail IC Mean (-0.0068 <= 0)","Side-specific Hit Rate (33.33% < 50%)"]}}
{"op_code":8,"worker_id":"d3103af7-bb80-40a2-9bec-d63d62e61923-14384","trial_id":19,"user_attr":{"gini":0.3808482595667586}}
{"op_code":8,"worker_id":"d3103af7-bb80-40a2-9bec-d63d62e61923-14384","trial_id":19,"user_attr":{"cv_is_ics":[0.2368057668209076,0.20205621421337128,0.17585638165473938,0.17228716611862183,0.21748046576976776,0.24882164597511292,0.2321254312992096,0.2297288179397583,0.27508610486984253,0.23529672622680664,0.20511218905448914,0.26073336601257324,0.20647300779819489,0.21101967990398407,0.17164382338523865]}}
{"op_code":8,"worker_id":"d3103af7-bb80-40a2-9bec-d63d62e61923-14384","trial_id":19,"user_attr":{"cv_oos_ics":[-0.02899407409131527,0.1552094966173172,0.0783982127904892,0.0166558139026165,-0.05146390199661255,0.05155998095870018,0.04238659888505936,0.00845255609601736,-0.026513539254665375,0.046441201120615005,0.0027469380293041468,-0.06164969131350517,0.018607407808303833,0.050596170127391815,0.12121009826660156]}}
{"op_code":8,"worker_id":"556bfa67-cf6c-48c8-ab2d-1bddfbc3ea02-27448","trial_id":9,"user_attr":{"pruned_reasons":["M2 (Yearly Tail IC Mean <= 0)","M3 (Hit Rate < 60%)","M5 (Monotonicity <= 0.25)","M6 (Top-Bottom Spread <= 0)","Side-specific Yearly Tail IC Mean (-0.0950 <= 0)","Side-specific Hit Rate (33.33% < 50%)"]}}
{"op_code":8,"worker_id":"556bfa67-cf6c-48c8-ab2d-1bddfbc3ea02-27448","trial_id":9,"user_attr":{"gini":0.39840584306167637}}
{"op_code":5,"worker_id":"20e22851-830f-4384-84c4-f6e1fa6f51fb-19176","trial_id":20,"param_name":"unified_alpha","param_value_internal":0.00024146967484786692,"distribution":"{\"name\": \"FloatDistribution\", \"attributes\": {\"step\": null, \"low\": 1e-05, \"high\": 10.0, \"log\": true}}"}
{"op_code":8,"worker_id":"f1635928-256e-4389-81d3-b0ae436435d8-31524","trial_id":2,"user_attr":{"constraints":[-0.08927639640654082,0.0047492497966304574,0.26666666666666666,0.17525252525252527,0.02452794538928536,-20.0,-6.0,0.13878669997164653,0.5,-1404.598530200202,-0.06111111111111106,-0.00533170533170535]}}
{"op_code":8,"worker_id":"556bfa67-cf6c-48c8-ab2d-1bddfbc3ea02-27448","trial_id":9,"user_attr":{"cv_is_ics":[0.21990250051021576,0.17155534029006958,0.14589890837669373,0.1655590534210205,0.19670185446739197,0.2414054423570633,0.20458988845348358,0.21448372304439545,0.2581368386745453,0.2022925168275833,0.19772100448608398,0.22909659147262573,0.19005464017391205,0.17826712131500244,0.1649264693260193]}}
{"op_code":5,"worker_id":"20e22851-830f-4384-84c4-f6e1fa6f51fb-19176","trial_id":20,"param_name":"unified_rho","param_value_internal":0.41106107063891273,"distribution":"{\"name\": \"FloatDistribution\", \"attributes\": {\"step\": null, \"low\": 0.0, \"high\": 1.0, \"log\": false}}"}
{"op_code":8,"worker_id":"19681480-477f-42d8-90bd-08354be586b5-18156","trial_id":7,"user_attr":{"constraints":[-0.09103632498545818,0.015717208869363352,0.26666666666666666,0.17525252525252527,0.14653071630072487,-18.0,-6.0,0.19783904783904785,0.16666666666666669,-1410.4220542646096,-0.04844771241830065,-0.00889295889295888]}}
{"op_code":8,"worker_id":"d3103af7-bb80-40a2-9bec-d63d62e61923-14384","trial_id":19,"user_attr":{"reg_kappa":3.4659325868167143}}
{"op_code":8,"worker_id":"d3103af7-bb80-40a2-9bec-d63d62e61923-14384","trial_id":19,"user_attr":{"raw_metrics":[0.17823862501673546,0.06749423173524728,0.3333333333333333,0.07355916159933207,0.23232323232323235,0.01559916010341548,-0.30251875855415455,-0.3141794204711914,0.5111111111111111]}}
{"op_code":8,"worker_id":"d3103af7-bb80-40a2-9bec-d63d62e61923-14384","trial_id":19,"user_attr":{"val_metrics":[0.0756184760564033,-0.3954412833198707,0.44242424242424244,0.2531731304564122,-5.893441357198816]}}
{"op_code":8,"worker_id":"4558dde9-283f-4646-abc7-80440b8ac255-20880","trial_id":11,"user_attr":{"constraints":[-0.060800765461057886,-0.09613593986917784,0.26666666666666666,0.20757575757575758,0.009738476720267212,0.0,0.0,-0.14858132858132858,-0.16666666666666663,-1386.9842783021886,-0.058251633986928175,0.007488807488807536]}}
{"op_code":8,"worker_id":"f1635928-256e-4389-81d3-b0ae436435d8-31524","trial_id":2,"user_attr":{"pruned_reasons":["M2 (Yearly Tail IC Mean <= 0)","M3 (Hit Rate < 60%)","M5 (Monotonicity <= 0.25)","M6 (Top-Bottom Spread <= 0)","Side-specific Yearly Tail IC Mean (-0.1388 <= 0)","Side-specific Hit Rate (0.00% < 50%)"]}}
{"op_code":8,"worker_id":"4558dde9-283f-4646-abc7-80440b8ac255-20880","trial_id":11,"user_attr":{"pruned_reasons":["M3 (Hit Rate < 60%)","M5 (Monotonicity <= 0.25)","M6 (Top-Bottom Spread <= 0)","Side-specific Yearly Daily Win Rate (44.25% < 45%)"]}}
{"op_code":8,"worker_id":"d3103af7-bb80-40a2-9bec-d63d62e61923-14384","trial_id":19,"user_attr":{"deflated_objective":0.10433610786350536}}
{"op_code":8,"worker_id":"4558dde9-283f-4646-abc7-80440b8ac255-20880","trial_id":11,"user_attr":{"gini":0.39234160398814155}}
{"op_code":8,"worker_id":"f1635928-256e-4389-81d3-b0ae436435d8-31524","trial_id":2,"user_attr":{"gini":0.5563557923491806}}
{"op_code":8,"worker_id":"f1635928-256e-4389-81d3-b0ae436435d8-31524","trial_id":2,"user_attr":{"cv_is_ics":[0.23205341398715973,0.18514873087406158,0.16711993515491486,0.17321917414665222,0.20206968486309052,0.24641230702400208,0.22370710968971252,0.22094549238681793,0.26738491654396057,0.22296151518821716,0.20481616258621216,0.253750741481781,0.20251242816448212,0.19838620722293854,0.16819508373737335]}}
{"op_code":4,"worker_id":"48ac468e-f486-4081-92e8-5ce50a4958d7-8436","study_id":0,"datetime_start":"2026-07-14T11:39:05.633647"}
{"op_code":8,"worker_id":"d676f218-82e8-496f-8737-ccaf2ef05345-29612","trial_id":5,"user_attr":{"constraints":[0.031249805434534778,0.07010577296279018,0.6,0.4843434343434344,0.1959942100779001,-56.0,5.0,-0.059734242344994935,0.16666666666666669,-1372.9499885403652,0.06830065359477128,0.0551078551078551]}}
{"op_code":5,"worker_id":"48ac468e-f486-4081-92e8-5ce50a4958d7-8436","trial_id":22,"param_name":"k_weight","param_value_internal":0.8187771449024679,"distribution":"{\"name\": \"FloatDistribution\", \"attributes\": {\"step\": null, \"low\": 0.0, \"high\": 1.5, \"log\": false}}"}
{"op_code":8,"worker_id":"19681480-477f-42d8-90bd-08354be586b5-18156","trial_id":7,"user_attr":{"pruned_reasons":["M2 (Yearly Tail IC Mean <= 0)","M3 (Hit Rate < 60%)","M5 (Monotonicity <= 0.25)","M6 (Top-Bottom Spread <= 0)","Side-specific Yearly Tail IC Mean (-0.1978 <= 0)","Side-specific Hit Rate (33.33% < 50%)"]}}
{"op_code":8,"worker_id":"5c2c6906-2e11-4ce9-9e7c-241232844902-31796","trial_id":10,"user_attr":{"constraints":[-0.08525107987907049,-0.10492427789942539,0.26666666666666666,0.18737373737373736,-0.04618090031055779,-37.0,-8.0,-0.09872267681364914,-0.16666666666666663,-1374.1961811141714,-0.06111111111111106,-0.014590964590964539]}}
{"op_code":8,"worker_id":"4558dde9-283f-4646-abc7-80440b8ac255-20880","trial_id":11,"user_attr":{"cv_is_ics":[0.23030604422092438,0.22170917689800262,0.19029450416564941,0.18121546506881714,0.23202313482761383,0.247391939163208,0.2344280332326889,0.23480771481990814,0.2783825695514679,0.2390652596950531,0.2083711326122284,0.26236915588378906,0.21309588849544525,0.22566746175289154,0.17736060917377472]}}
{"op_code":8,"worker_id":"d676f218-82e8-496f-8737-ccaf2ef05345-29612","trial_id":5,"user_attr":{"pruned_reasons":["M4 (Overall IC <= 0)","M2 (Yearly Tail IC Mean <= 0)","M3 (Hit Rate < 60%)","M5 (Monotonicity <= 0.25)","M6 (Top-Bottom Spread <= 0)","Active features count (0) is less than active feature floor (5)","Side-specific Hit Rate (33.33% < 50%)","Yearly Daily Win Rate (38.17% < 45%)","Side-specific Yearly Daily Win Rate (39.49% < 45%)"]}}
{"op_code":8,"worker_id":"d676f218-82e8-496f-8737-ccaf2ef05345-29612","trial_id":5,"user_attr":{"gini":0.0}}
{"op_code":8,"worker_id":"d676f218-82e8-496f-8737-ccaf2ef05345-29612","trial_id":5,"user_attr":{"cv_is_ics":[0.0,0.0,0.0,0.0,0.0,0.0,0.0,0.0,0.0,0.0,0.0,0.0,0.0,0.0,0.0]}}
{"op_code":8,"worker_id":"d676f218-82e8-496f-8737-ccaf2ef05345-29612","trial_id":5,"user_attr":{"cv_oos_ics":[0.0,0.0,0.0,0.0,0.0,0.0,0.0,0.0,0.0,0.0,0.0,0.0,0.0,0.0,0.0]}}
{"op_code":8,"worker_id":"1b6cff97-aebb-4a7a-9cfb-f1ed1e093cce-3216","trial_id":12,"user_attr":{"val_metrics":[0.10004306222718536,-0.6041948720285467,0.5272727272727272,0.3071403880941047,-3.6855768329463516]}}
{"op_code":8,"worker_id":"5c2c6906-2e11-4ce9-9e7c-241232844902-31796","trial_id":10,"user_attr":{"pruned_reasons":["M3 (Hit Rate < 60%)","M5 (Monotonicity <= 0.25)"]}}
{"op_code":8,"worker_id":"5c2c6906-2e11-4ce9-9e7c-241232844902-31796","trial_id":10,"user_attr":{"gini":0.40503865569885145}}
{"op_code":8,"worker_id":"d676f218-82e8-496f-8737-ccaf2ef05345-29612","trial_id":5,"user_attr":{"reg_kappa":1.5422752535799884}}
{"op_code":5,"worker_id":"20e22851-830f-4384-84c4-f6e1fa6f51fb-19176","trial_id":20,"param_name":"unified_gamma","param_value_internal":23.147065288429395,"distribution":"{\"name\": \"FloatDistribution\", \"attributes\": {\"step\": null, \"low\": 1.5, \"high\": 10000.0, \"log\": true}}"}
{"op_code":5,"worker_id":"20e22851-830f-4384-84c4-f6e1fa6f51fb-19176","trial_id":20,"param_name":"huber_delta","param_value_internal":3.0468015084267748,"distribution":"{\"name\": \"FloatDistribution\", \"attributes\": {\"step\": null, \"low\": 0.5, \"high\": 5.0, \"log\": false}}"}
{"op_code":8,"worker_id":"19681480-477f-42d8-90bd-08354be586b5-18156","trial_id":7,"user_attr":{"gini":0.5114881611530144}}
{"op_code":8,"worker_id":"d676f218-82e8-496f-8737-ccaf2ef05345-29612","trial_id":5,"user_attr":{"raw_metrics":[-1.2146299341818416,-0.07010577296279018,0.0,-0.031249805434534778,-0.23434343434343438,-0.1959942100779001,-0.0,-0.0,0.38169934640522873]}}
{"op_code":8,"worker_id":"d676f218-82e8-496f-8737-ccaf2ef05345-29612","trial_id":5,"user_attr":{"val_metrics":[0.0,0.0,-0.2727272727272727,-0.17645671987987083,-6.113338670961163]}}
{"op_code":8,"worker_id":"d676f218-82e8-496f-8737-ccaf2ef05345-29612","trial_id":5,"user_attr":{"deflated_objective":0.09178872470292196}}
{"op_code":9,"worker_id":"d676f218-82e8-496f-8737-ccaf2ef05345-29612","trial_id":5,"system_attr":{"constraints":[0.031249805434534778,0.07010577296279018,0.6,0.4843434343434344,0.1959942100779001,-56.0,5.0,-0.059734242344994935,0.16666666666666669,-1372.9499885403652,0.06830065359477128,0.0551078551078551]}}
{"op_code":9,"worker_id":"d3103af7-bb80-40a2-9bec-d63d62e61923-14384","trial_id":19,"system_attr":{"constraints":[-0.07355916159933207,-0.06749423173524728,0.26666666666666666,0.017676767676767652,-0.01559916010341548,-29.0,-8.0,0.006838926838926841,0.16666666666666669,-1383.3859503477536,-0.06111111111111106,-0.07503052503052504]}}
{"op_code":6,"worker_id":"d3103af7-bb80-40a2-9bec-d63d62e61923-14384","trial_id":19,"state":1,"values":[0.11200115342356087],"datetime_complete":"2026-07-14T11:39:05.665744"}
{"op_code":8,"worker_id":"1b6cff97-aebb-4a7a-9cfb-f1ed1e093cce-3216","trial_id":12,"user_attr":{"deflated_objective":0.5928152847775687}}
{"op_code":8,"worker_id":"f1635928-256e-4389-81d3-b0ae436435d8-31524","trial_id":2,"user_attr":{"cv_oos_ics":[-0.03499235957860947,0.13803933560848236,0.09708575159311295,0.02598578855395317,-0.003716639243066311,0.06154891848564148,0.04668879508972168,0.05336110666394234,0.0019861897453665733,0.07827024906873703,-0.0075469668954610825,-0.016573365777730942,0.03011355921626091,0.07734087854623795,0.11974023282527924]}}
{"op_code":8,"worker_id":"5c2c6906-2e11-4ce9-9e7c-241232844902-31796","trial_id":10,"user_attr":{"cv_is_ics":[0.23504771292209625,0.2079804539680481,0.1824912130832672,0.17119069397449493,0.21110010147094727,0.24835698306560516,0.23322728276252747,0.23068609833717346,0.27570268511772156,0.23598457872867584,0.20686045289039612,0.25990208983421326,0.20763634145259857,0.2045479267835617,0.17307166755199432]}}
{"op_code":8,"worker_id":"f1635928-256e-4389-81d3-b0ae436435d8-31524","trial_id":2,"user_attr":{"reg_kappa":3.2201686828546636}}
{"op_code":6,"worker_id":"d676f218-82e8-496f-8737-ccaf2ef05345-29612","trial_id":5,"state":1,"values":[0.10314174212666435],"datetime_complete":"2026-07-14T11:39:05.664708"}
{"op_code":8,"worker_id":"f1635928-256e-4389-81d3-b0ae436435d8-31524","trial_id":2,"user_attr":{"raw_metrics":[-0.015828913282023998,-0.0047492497966304574,0.3333333333333333,0.08927639640654082,0.07474747474747474,-0.02452794538928536,-0.34980029756723924,-0.28737717866897583,0.5111111111111111]}}
{"op_code":8,"worker_id":"5c2c6906-2e11-4ce9-9e7c-241232844902-31796","trial_id":10,"user_attr":{"cv_oos_ics":[-0.021751878783106804,0.1500440537929535,0.08344825357198715,0.023918431252241135,-0.03423277288675308,0.04052473604679108,0.04025604575872421,-0.0003919659648090601,-0.03293570876121521,0.03666235879063606,-0.0019345523323863745,-0.04167916625738144,0.01432104967534542,0.057759515941143036,0.118645578622818]}}
{"op_code":5,"worker_id":"96a5bfcd-4fb2-4eb2-8135-4e4305255d51-22852","trial_id":8,"param_name":"unified_alpha","param_value_internal":0.001511600342996414,"distribution":"{\"name\": \"FloatDistribution\", \"attributes\": {\"step\": null, \"low\": 1e-05, \"high\": 10.0, \"log\": true}}"}
{"op_code":8,"worker_id":"5c2c6906-2e11-4ce9-9e7c-241232844902-31796","trial_id":10,"user_attr":{"reg_kappa":3.44349402620943}}
{"op_code":8,"worker_id":"a89cb26f-c82c-4237-be2e-e02e0fd73171-12024","trial_id":4,"user_attr":{"gini":0.41817585521967304}}
{"op_code":5,"worker_id":"96a5bfcd-4fb2-4eb2-8135-4e4305255d51-22852","trial_id":8,"param_name":"unified_rho","param_value_internal":0.18487668776145172,"distribution":"{\"name\": \"FloatDistribution\", \"attributes\": {\"step\": null, \"low\": 0.0, \"high\": 1.0, \"log\": false}}"}
{"op_code":5,"worker_id":"96a5bfcd-4fb2-4eb2-8135-4e4305255d51-22852","trial_id":8,"param_name":"unified_gamma","param_value_internal":143.8656504427553,"distribution":"{\"name\": \"FloatDistribution\", \"attributes\": {\"step\": null, \"low\": 1.5, \"high\": 10000.0, \"log\": true}}"}
{"op_code":8,"worker_id":"5c2c6906-2e11-4ce9-9e7c-241232844902-31796","trial_id":10,"user_attr":{"raw_metrics":[0.2398951657950489,0.10492427789942539,0.3333333333333333,0.08525107987907049,0.06262626262626263,0.04618090031055779,-0.2585512513652595,-0.26254886388778687,0.5111111111111111]}}
{"op_code":8,"worker_id":"5c2c6906-2e11-4ce9-9e7c-241232844902-31796","trial_id":10,"user_attr":{"val_metrics":[0.07604130856719568,-0.27442978442014754,0.5878787878787879,0.3593711899323524,-6.926719393198908]}}
{"op_code":8,"worker_id":"5c2c6906-2e11-4ce9-9e7c-241232844902-31796","trial_id":10,"user_attr":{"deflated_objective":-0.41891747576586813}}
{"op_code":5,"worker_id":"96a5bfcd-4fb2-4eb2-8135-4e4305255d51-22852","trial_id":8,"param_name":"huber_delta","param_value_internal":0.5387245340394617,"distribution":"{\"name\": \"FloatDistribution\", \"attributes\": {\"step\": null, \"low\": 0.5, \"high\": 5.0, \"log\": false}}"}
{"op_code":8,"worker_id":"a89cb26f-c82c-4237-be2e-e02e0fd73171-12024","trial_id":4,"user_attr":{"cv_is_ics":[0.22987951338291168,0.1998780220746994,0.18215997517108917,0.1672770082950592,0.20888987183570862,0.24891139566898346,0.2309882938861847,0.22824664413928986,0.2736007273197174,0.23713402450084686,0.20615318417549133,0.25710776448249817,0.20716030895709991,0.20713451504707336,0.1718275398015976]}}
{"op_code":8,"worker_id":"a89cb26f-c82c-4237-be2e-e02e0fd73171-12024","trial_id":4,"user_attr":{"cv_oos_ics":[-0.023172816261649132,0.14284121990203857,0.08249831199645996,0.01685970462858677,-0.036588042974472046,0.03168009966611862,0.036352142691612244,0.0014509062748402357,-0.038801245391368866,0.03243913874030113,0.004098279867321253,-0.043477755039930344,0.013347452506422997,0.05927281081676483,0.12019142508506775]}}
{"op_code":8,"worker_id":"20e22851-830f-4384-84c4-f6e1fa6f51fb-19176","trial_id":20,"user_attr":{"constraints":[-0.08987370550958645,-0.1150805389854201,0.26666666666666666,0.15505050505050505,-0.1930536207685771,-43.0,-8.0,-0.06127721127721128,-0.16666666666666663,-1370.2707460531626,-0.10138888888888892,-0.062210012210012156]}}
{"op_code":8,"worker_id":"20e22851-830f-4384-84c4-f6e1fa6f51fb-19176","trial_id":20,"user_attr":{"pruned_reasons":["M3 (Hit Rate < 60%)","M5 (Monotonicity <= 0.25)"]}}
{"op_code":8,"worker_id":"20e22851-830f-4384-84c4-f6e1fa6f51fb-19176","trial_id":20,"user_attr":{"gini":0.41229139307407503}}
{"op_code":8,"worker_id":"20e22851-830f-4384-84c4-f6e1fa6f51fb-19176","trial_id":20,"user_attr":{"cv_is_ics":[0.23627512156963348,0.21356911957263947,0.19601057469844818,0.17310898005962372,0.218159481883049,0.24541068077087402,0.23590435087680817,0.23339536786079407,0.2776581645011902,0.2412455528974533,0.2094753384590149,0.2624461054801941,0.2124929577112198,0.2128680795431137,0.1778963953256607]}}
{"op_code":8,"worker_id":"61035138-0a4d-4196-9e9d-b4878934e99d-23408","trial_id":21,"user_attr":{"constraints":[-0.07842817085890626,-0.15434182699514365,0.26666666666666666,0.09444444444444447,-0.18905722543654033,-39.0,-8.0,0.03102006762085105,0.16666666666666669,-1371.7344720073843,-0.09444444444444439,-0.09700854700854694]}}
{"op_code":5,"worker_id":"48ac468e-f486-4081-92e8-5ce50a4958d7-8436","trial_id":22,"param_name":"unified_alpha","param_value_internal":1.4227862634159771,"distribution":"{\"name\": \"FloatDistribution\", \"attributes\": {\"step\": null, \"low\": 1e-05, \"high\": 10.0, \"log\": true}}"}
{"op_code":8,"worker_id":"61035138-0a4d-4196-9e9d-b4878934e99d-23408","trial_id":21,"user_attr":{"pruned_reasons":["M3 (Hit Rate < 60%)","M5 (Monotonicity <= 0.25)","Side-specific Yearly Tail IC Mean (-0.0310 <= 0)","Side-specific Hit Rate (33.33% < 50%)"]}}
{"op_code":8,"worker_id":"20e22851-830f-4384-84c4-f6e1fa6f51fb-19176","trial_id":20,"user_attr":{"cv_oos_ics":[-0.014079765416681767,0.15366840362548828,0.07370538264513016,0.021767305210232735,-0.02517143078148365,0.04238975793123245,0.04965702444314957,-0.017107417806982994,-0.03502267971634865,0.031324852257966995,-0.005367434583604336,-0.036548539996147156,0.010137425735592842,0.06169625371694565,0.11876031756401062]}}
{"op_code":9,"worker_id":"5c2c6906-2e11-4ce9-9e7c-241232844902-31796","trial_id":10,"system_attr":{"constraints":[-0.08525107987907049,-0.10492427789942539,0.26666666666666666,0.18737373737373736,-0.04618090031055779,-37.0,-8.0,-0.09872267681364914,-0.16666666666666663,-1374.1961811141714,-0.06111111111111106,-0.014590964590964539]}}
{"op_code":8,"worker_id":"f1635928-256e-4389-81d3-b0ae436435d8-31524","trial_id":2,"user_attr":{"val_metrics":[0.07604664960943727,-0.001374686479012427,0.5272727272727272,0.3499023931748841,-8.571752873486545]}}
{"op_code":8,"worker_id":"61035138-0a4d-4196-9e9d-b4878934e99d-23408","trial_id":21,"user_attr":{"gini":0.4100256220935856}}
{"op_code":8,"worker_id":"13c045af-49c6-48e9-8c9c-5f95de2970d8-7108","trial_id":0,"user_attr":{"pruned_reasons":["M3 (Hit Rate < 60%)","M5 (Monotonicity <= 0.25)","Side-specific Yearly Tail IC Mean (-0.2116 <= 0)","Side-specific Hit Rate (0.00% < 50%)"]}}
{"op_code":8,"worker_id":"61035138-0a4d-4196-9e9d-b4878934e99d-23408","trial_id":21,"user_attr":{"cv_is_ics":[0.23487994074821472,0.21499480307102203,0.19459712505340576,0.1755315065383911,0.22846883535385132,0.24144552648067474,0.23170651495456696,0.23165132105350494,0.2764793634414673,0.23546448349952698,0.20775951445102692,0.26443326473236084,0.21214549243450165,0.22084544599056244,0.18027514219284058]}}
{"op_code":8,"worker_id":"f1635928-256e-4389-81d3-b0ae436435d8-31524","trial_id":2,"user_attr":{"deflated_objective":-1.2564237484672023}}
{"op_code":9,"worker_id":"f1635928-256e-4389-81d3-b0ae436435d8-31524","trial_id":2,"system_attr":{"constraints":[-0.08927639640654082,0.0047492497966304574,0.26666666666666666,0.17525252525252527,0.02452794538928536,-20.0,-6.0,0.13878669997164653,0.5,-1404.598530200202,-0.06111111111111106,-0.00533170533170535]}}
{"op_code":6,"worker_id":"f1635928-256e-4389-81d3-b0ae436435d8-31524","trial_id":2,"state":1,"values":[-0.7931691484245189],"datetime_complete":"2026-07-14T11:39:05.720404"}
{"op_code":8,"worker_id":"61035138-0a4d-4196-9e9d-b4878934e99d-23408","trial_id":21,"user_attr":{"cv_oos_ics":[-0.015009143389761448,0.15953561663627625,0.07441191375255585,0.019383838400244713,-0.03903168812394142,0.06286391615867615,0.05558400601148605,-0.013703003525733948,-0.02438470348715782,0.04710029065608978,-0.0008961529238149524,-0.04947666451334953,0.019244356080889702,0.06542522460222244,0.12000381201505661]}}
{"op_code":5,"worker_id":"739572f2-8ef0-4fc3-b8f3-27eca46f0872-30084","trial_id":16,"param_name":"unified_alpha","param_value_internal":0.025269055139108366,"distribution":"{\"name\": \"FloatDistribution\", \"attributes\": {\"step\": null, \"low\": 1e-05, \"high\": 10.0, \"log\": true}}"}
{"op_code":8,"worker_id":"61035138-0a4d-4196-9e9d-b4878934e99d-23408","trial_id":21,"user_attr":{"reg_kappa":3.4378569415902644}}
{"op_code":5,"worker_id":"48ac468e-f486-4081-92e8-5ce50a4958d7-8436","trial_id":22,"param_name":"unified_rho","param_value_internal":0.6858925865665791,"distribution":"{\"name\": \"FloatDistribution\", \"attributes\": {\"step\": null, \"low\": 0.0, \"high\": 1.0, \"log\": false}}"}
{"op_code":5,"worker_id":"48ac468e-f486-4081-92e8-5ce50a4958d7-8436","trial_id":22,"param_name":"unified_gamma","param_value_internal":27.801493176812055,"distribution":"{\"name\": \"FloatDistribution\", \"attributes\": {\"step\": null, \"low\": 1.5, \"high\": 10000.0, \"log\": true}}"}
{"op_code":5,"worker_id":"48ac468e-f486-4081-92e8-5ce50a4958d7-8436","trial_id":22,"param_name":"huber_delta","param_value_internal":0.7699906830227805,"distribution":"{\"name\": \"FloatDistribution\", \"attributes\": {\"step\": null, \"low\": 0.5, \"high\": 5.0, \"log\": false}}"}
{"op_code":5,"worker_id":"739572f2-8ef0-4fc3-b8f3-27eca46f0872-30084","trial_id":16,"param_name":"unified_rho","param_value_internal":0.5955925126571219,"distribution":"{\"name\": \"FloatDistribution\", \"attributes\": {\"step\": null, \"low\": 0.0, \"high\": 1.0, \"log\": false}}"}
{"op_code":5,"worker_id":"739572f2-8ef0-4fc3-b8f3-27eca46f0872-30084","trial_id":16,"param_name":"unified_gamma","param_value_internal":78.76089354518557,"distribution":"{\"name\": \"FloatDistribution\", \"attributes\": {\"step\": null, \"low\": 1.5, \"high\": 10000.0, \"log\": true}}"}
{"op_code":8,"worker_id":"96a5bfcd-4fb2-4eb2-8135-4e4305255d51-22852","trial_id":8,"user_attr":{"constraints":[-0.07737576429948027,-0.12830630606498075,0.26666666666666666,0.13080808080808082,-0.25752328541957675,-32.0,-8.0,0.1654268554268554,0.16666666666666669,-1379.3783090688382,-0.05253267973856196,-0.10626780626780624]}}
{"op_code":8,"worker_id":"13c045af-49c6-48e9-8c9c-5f95de2970d8-7108","trial_id":0,"user_attr":{"gini":0.46941593017827965}}
{"op_code":9,"worker_id":"1b6cff97-aebb-4a7a-9cfb-f1ed1e093cce-3216","trial_id":12,"system_attr":{"constraints":[-0.08297164991987005,0.09632403573937635,0.26666666666666666,0.21565656565656566,0.2205914189960312,-16.0,-8.0,0.15565807565807566,0.5,-1408.1146957451192,-0.027614379084967333,0.020207570207570247]}}
{"op_code":5,"worker_id":"739572f2-8ef0-4fc3-b8f3-27eca46f0872-30084","trial_id":16,"param_name":"huber_delta","param_value_internal":2.556589214276234,"distribution":"{\"name\": \"FloatDistribution\", \"attributes\": {\"step\": null, \"low\": 0.5, \"high\": 5.0, \"log\": false}}"}
{"op_code":8,"worker_id":"96a5bfcd-4fb2-4eb2-8135-4e4305255d51-22852","trial_id":8,"user_attr":{"pruned_reasons":["M3 (Hit Rate < 60%)","M5 (Monotonicity <= 0.25)","Side-specific Yearly Tail IC Mean (-0.1654 <= 0)","Side-specific Hit Rate (33.33% < 50%)"]}}
{"op_code":8,"worker_id":"96a5bfcd-4fb2-4eb2-8135-4e4305255d51-22852","trial_id":8,"user_attr":{"gini":0.40922139469617846}}
{"op_code":8,"worker_id":"96a5bfcd-4fb2-4eb2-8135-4e4305255d51-22852","trial_id":8,"user_attr":{"cv_is_ics":[0.226085364818573,0.21644814312458038,0.2065826952457428,0.18447069823741913,0.2356545627117157,0.2363092452287674,0.23479792475700378,0.22665676474571228,0.27778565883636475,0.23131127655506134,0.20377635955810547,0.26465141773223877,0.21661658585071564,0.23585978150367737,0.18448947370052338]}}
{"op_code":8,"worker_id":"20e22851-830f-4384-84c4-f6e1fa6f51fb-19176","trial_id":20,"user_attr":{"reg_kappa":3.4333059182729184}}
{"op_code":6,"worker_id":"5c2c6906-2e11-4ce9-9e7c-241232844902-31796","trial_id":10,"state":1,"values":[-0.23831772358502135],"datetime_complete":"2026-07-14T11:39:05.710825"}
{"op_code":8,"worker_id":"20e22851-830f-4384-84c4-f6e1fa6f51fb-19176","trial_id":20,"user_attr":{"raw_metrics":[0.2733360859118778,0.1150805389854201,0.3333333333333333,0.08987370550958645,0.09494949494949495,0.1930536207685771,-0.2320416159936061,-0.2214772254228592,0.5513888888888889]}}
{"op_code":8,"worker_id":"96a5bfcd-4fb2-4eb2-8135-4e4305255d51-22852","trial_id":8,"user_attr":{"cv_oos_ics":[0.014060798101127148,0.12345505505800247,0.05979444086551666,0.06686507910490036,-0.01602325774729252,0.06165323033928871,0.07712659984827042,-0.013804156333208084,-0.02308383397758007,0.016578353941440582,-0.008130177855491638,-0.02018914557993412,0.005840004421770573,0.07066594064235687,0.13804540038108826]}}
{"op_code":8,"worker_id":"20e22851-830f-4384-84c4-f6e1fa6f51fb-19176","trial_id":20,"user_attr":{"val_metrics":[0.06822469324663161,-0.17752601024549838,0.3939393939393939,0.2921015758310323,-6.415339312796048]}}
{"op_code":8,"worker_id":"96a5bfcd-4fb2-4eb2-8135-4e4305255d51-22852","trial_id":8,"user_attr":{"reg_kappa":3.4486867807710637}}
{"op_code":4,"worker_id":"5b6f53ba-51c4-4082-a935-3475ab52179a-14384","study_id":0,"datetime_start":"2026-07-14T11:39:05.752081"}
{"op_code":8,"worker_id":"13c045af-49c6-48e9-8c9c-5f95de2970d8-7108","trial_id":0,"user_attr":{"cv_is_ics":[0.23655584454536438,0.20972853899002075,0.19465769827365875,0.17797689139842987,0.22597040235996246,0.2386419028043747,0.22975878417491913,0.2294905185699463,0.2802586853504181,0.23579835891723633,0.21033145487308502,0.26548829674720764,0.2126864641904831,0.2186392843723297,0.17854727804660797]}}
{"op_code":6,"worker_id":"1b6cff97-aebb-4a7a-9cfb-f1ed1e093cce-3216","trial_id":12,"state":1,"values":[0.9225728346619455],"datetime_complete":"2026-07-14T11:39:05.738253"}
{"op_code":5,"worker_id":"5b6f53ba-51c4-4082-a935-3475ab52179a-14384","trial_id":23,"param_name":"k_weight","param_value_internal":0.3890572049226651,"distribution":"{\"name\": \"FloatDistribution\", \"attributes\": {\"step\": null, \"low\": 0.0, \"high\": 1.5, \"log\": false}}"}
{"op_code":8,"worker_id":"13c045af-49c6-48e9-8c9c-5f95de2970d8-7108","trial_id":0,"user_attr":{"cv_oos_ics":[-0.009214754216372967,0.16166311502456665,0.07741981744766235,0.02828548476099968,-0.0150650255382061,0.06699857860803604,0.06501027196645737,0.0020451771561056376,-0.016463201493024826,0.051936760544776917,-0.0028797013219445944,-0.02646404691040516,0.02073478139936924,0.07879680395126343,0.13560491800308228]}}
{"op_code":5,"worker_id":"5b6f53ba-51c4-4082-a935-3475ab52179a-14384","trial_id":23,"param_name":"unified_alpha","param_value_internal":1.8203978209302794e-05,"distribution":"{\"name\": \"FloatDistribution\", \"attributes\": {\"step\": null, \"low\": 1e-05, \"high\": 10.0, \"log\": true}}"}
{"op_code":8,"worker_id":"20e22851-830f-4384-84c4-f6e1fa6f51fb-19176","trial_id":20,"user_attr":{"deflated_objective":-0.14481952393625802}}
{"op_code":8,"worker_id":"96a5bfcd-4fb2-4eb2-8135-4e4305255d51-22852","trial_id":8,"user_attr":{"raw_metrics":[0.3535471493965621,0.12830630606498075,0.3333333333333333,0.07737576429948027,0.11919191919191918,0.25752328541957675,-0.28330866066702576,-0.38750016689300537,0.502532679738562]}}
{"op_code":8,"worker_id":"13c045af-49c6-48e9-8c9c-5f95de2970d8-7108","trial_id":0,"user_attr":{"reg_kappa":3.201514613649763}}
{"op_code":5,"worker_id":"5b6f53ba-51c4-4082-a935-3475ab52179a-14384","trial_id":23,"param_name":"unified_rho","param_value_internal":0.5820303421266043,"distribution":"{\"name\": \"FloatDistribution\", \"attributes\": {\"step\": null, \"low\": 0.0, \"high\": 1.0, \"log\": false}}"}
{"op_code":9,"worker_id":"20e22851-830f-4384-84c4-f6e1fa6f51fb-19176","trial_id":20,"system_attr":{"constraints":[-0.08987370550958645,-0.1150805389854201,0.26666666666666666,0.15505050505050505,-0.1930536207685771,-43.0,-8.0,-0.06127721127721128,-0.16666666666666663,-1370.2707460531626,-0.10138888888888892,-0.062210012210012156]}}
{"op_code":5,"worker_id":"5b6f53ba-51c4-4082-a935-3475ab52179a-14384","trial_id":23,"param_name":"unified_gamma","param_value_internal":4.03949914934137,"distribution":"{\"name\": \"FloatDistribution\", \"attributes\": {\"step\": null, \"low\": 1.5, \"high\": 10000.0, \"log\": true}}"}
{"op_code":8,"worker_id":"13c045af-49c6-48e9-8c9c-5f95de2970d8-7108","trial_id":0,"user_attr":{"raw_metrics":[0.2982985361666232,0.12367384090967141,0.3333333333333333,0.08990793244129495,0.07474747474747477,0.10749055786679189,-0.21606962027185778,-0.2248183637857437,0.534640522875817]}}
{"op_code":5,"worker_id":"5b6f53ba-51c4-4082-a935-3475ab52179a-14384","trial_id":23,"param_name":"huber_delta","param_value_internal":3.2484955212371767,"distribution":"{\"name\": \"FloatDistribution\", \"attributes\": {\"step\": null, \"low\": 0.5, \"high\": 5.0, \"log\": false}}"}
{"op_code":6,"worker_id":"20e22851-830f-4384-84c4-f6e1fa6f51fb-19176","trial_id":20,"state":1,"values":[-0.01517978270232713],"datetime_complete":"2026-07-14T11:39:05.768728"}
{"op_code":8,"worker_id":"4558dde9-283f-4646-abc7-80440b8ac255-20880","trial_id":11,"user_attr":{"cv_oos_ics":[-0.023593248799443245,0.14628536999225616,0.07355522364377975,0.006594045553356409,-0.04803100973367691,0.06383752077817917,0.05562509968876839,0.008424106985330582,-0.02270396240055561,0.045962296426296234,-0.0058732000179588795,-0.04406694695353508,0.0088192755356431,0.06395069509744644,0.10400733351707458]}}
{"op_code":8,"worker_id":"13c045af-49c6-48e9-8c9c-5f95de2970d8-7108","trial_id":0,"user_attr":{"val_metrics":[0.06423938556070001,-0.15087374558815153,0.3696969696969697,0.17598687478111705,-7.281271365948197]}}
{"op_code":8,"worker_id":"4558dde9-283f-4646-abc7-80440b8ac255-20880","trial_id":11,"user_attr":{"reg_kappa":3.4604772520105884}}
{"op_code":8,"worker_id":"96a5bfcd-4fb2-4eb2-8135-4e4305255d51-22852","trial_id":8,"user_attr":{"val_metrics":[0.06491191179628664,-0.19850228194395772,0.23636363636363636,0.16358988320427958,-7.045518398772864]}}
{"op_code":8,"worker_id":"4558dde9-283f-4646-abc7-80440b8ac255-20880","trial_id":11,"user_attr":{"raw_metrics":[0.2695605278667667,0.09613593986917784,0.3333333333333333,0.060800765461057886,0.04242424242424242,-0.009738476720267212,-0.32016992191243326,-0.37125128507614136,0.5082516339869282]}}
{"op_code":8,"worker_id":"96a5bfcd-4fb2-4eb2-8135-4e4305255d51-22852","trial_id":8,"user_attr":{"deflated_objective":-0.5542219772872897}}
{"op_code":9,"worker_id":"96a5bfcd-4fb2-4eb2-8135-4e4305255d51-22852","trial_id":8,"system_attr":{"constraints":[-0.07737576429948027,-0.12830630606498075,0.26666666666666666,0.13080808080808082,-0.25752328541957675,-32.0,-8.0,0.1654268554268554,0.16666666666666669,-1379.3783090688382,-0.05253267973856196,-0.10626780626780624]}}
{"op_code":8,"worker_id":"739572f2-8ef0-4fc3-b8f3-27eca46f0872-30084","trial_id":16,"user_attr":{"constraints":[-0.09987027495542067,-0.1043282165433177,0.26666666666666666,0.08232323232323233,-0.10846134446829166,-37.0,-5.0,0.11350467894453105,0.16666666666666669,-1377.4667605965033,-0.07483660130718955,-0.062210012210012156]}}
{"op_code":8,"worker_id":"739572f2-8ef0-4fc3-b8f3-27eca46f0872-30084","trial_id":16,"user_attr":{"pruned_reasons":["M3 (Hit Rate < 60%)","M5 (Monotonicity <= 0.25)","Side-specific Yearly Tail IC Mean (-0.1135 <= 0)","Side-specific Hit Rate (33.33% < 50%)"]}}
{"op_code":8,"worker_id":"739572f2-8ef0-4fc3-b8f3-27eca46f0872-30084","trial_id":16,"user_attr":{"gini":0.5034287381749925}}
{"op_code":8,"worker_id":"739572f2-8ef0-4fc3-b8f3-27eca46f0872-30084","trial_id":16,"user_attr":{"cv_is_ics":[0.23892667889595032,0.2005241960287094,0.1843860149383545,0.17343083024024963,0.20742729306221008,0.24772785604000092,0.2313586175441742,0.22766007483005524,0.27905815839767456,0.2299654483795166,0.204270139336586,0.26013389229774475,0.20708459615707397,0.2019769698381424,0.16708001494407654]}}
{"op_code":8,"worker_id":"739572f2-8ef0-4fc3-b8f3-27eca46f0872-30084","trial_id":16,"user_attr":{"cv_oos_ics":[-0.009951302781701088,0.17524845898151398,0.09161842614412308,0.03432633727788925,0.00567186763510108,0.060417260974645615,0.05402560532093048,0.03696175664663315,-0.0041568889282643795,0.07735511660575867,-0.006378965452313423,-0.007550966925919056,0.024260912090539932,0.09146755933761597,0.1297517865896225]}}
{"op_code":8,"worker_id":"4558dde9-283f-4646-abc7-80440b8ac255-20880","trial_id":11,"user_attr":{"val_metrics":[0.06204288193884693,-0.15628973555755368,0.2,0.3741394075011646,-6.4646760022453735]}}
{"op_code":8,"worker_id":"739572f2-8ef0-4fc3-b8f3-27eca46f0872-30084","trial_id":16,"user_attr":{"reg_kappa":3.3848896415338094}}
{"op_code":8,"worker_id":"13c045af-49c6-48e9-8c9c-5f95de2970d8-7108","trial_id":0,"user_attr":{"deflated_objective":-0.6192237723409404}}
{"op_code":9,"worker_id":"13c045af-49c6-48e9-8c9c-5f95de2970d8-7108","trial_id":0,"system_attr":{"constraints":[-0.08990793244129495,-0.12367384090967141,0.26666666666666666,0.17525252525252522,-0.10749055786679189,-43.0,-7.0,0.21161834985894143,0.5,-1370.517605411985,-0.08464052287581697,-0.11908831908831913]}}
{"op_code":6,"worker_id":"13c045af-49c6-48e9-8c9c-5f95de2970d8-7108","trial_id":0,"state":1,"values":[-0.3537144712592302],"datetime_complete":"2026-07-14T11:39:05.800977"}
{"op_code":8,"worker_id":"739572f2-8ef0-4fc3-b8f3-27eca46f0872-30084","trial_id":16,"user_attr":{"raw_metrics":[0.24316799485352703,0.1043282165433177,0.3333333333333333,0.09987027495542067,0.16767676767676767,0.10846134446829166,-0.21075272724612357,-0.23543734848499298,0.5248366013071896]}}
{"op_code":8,"worker_id":"739572f2-8ef0-4fc3-b8f3-27eca46f0872-30084","trial_id":16,"user_attr":{"val_metrics":[0.07395029052961398,-0.2553993096059909,0.38181818181818183,0.11539978173601886,-6.069741821949762]}}
{"op_code":8,"worker_id":"4558dde9-283f-4646-abc7-80440b8ac255-20880","trial_id":11,"user_attr":{"deflated_objective":-0.30202838587321496}}
{"op_code":8,"worker_id":"739572f2-8ef0-4fc3-b8f3-27eca46f0872-30084","trial_id":16,"user_attr":{"deflated_objective":-0.15501749761059483}}
{"op_code":9,"worker_id":"739572f2-8ef0-4fc3-b8f3-27eca46f0872-30084","trial_id":16,"system_attr":{"constraints":[-0.09987027495542067,-0.1043282165433177,0.26666666666666666,0.08232323232323233,-0.10846134446829166,-37.0,-5.0,0.11350467894453105,0.16666666666666669,-1377.4667605965033,-0.07483660130718955,-0.062210012210012156]}}
{"op_code":6,"worker_id":"739572f2-8ef0-4fc3-b8f3-27eca46f0872-30084","trial_id":16,"state":1,"values":[0.09127033239752227],"datetime_complete":"2026-07-14T11:39:05.810233"}
{"op_code":9,"worker_id":"4558dde9-283f-4646-abc7-80440b8ac255-20880","trial_id":11,"system_attr":{"constraints":[-0.060800765461057886,-0.09613593986917784,0.26666666666666666,0.20757575757575758,0.009738476720267212,0.0,0.0,-0.14858132858132858,-0.16666666666666663,-1386.9842783021886,-0.058251633986928175,0.007488807488807536]}}
{"op_code":6,"worker_id":"4558dde9-283f-4646-abc7-80440b8ac255-20880","trial_id":11,"state":1,"values":[-0.046432069128472066],"datetime_complete":"2026-07-14T11:39:05.812868"}
{"op_code":4,"worker_id":"043ac623-efc1-4ccb-a5e8-3aa7aa5d44ce-31524","study_id":0,"datetime_start":"2026-07-14T11:39:05.813708"}
{"op_code":8,"worker_id":"5b6f53ba-51c4-4082-a935-3475ab52179a-14384","trial_id":23,"user_attr":{"constraints":[-0.08468488382423663,-0.10455190457872382,0.26666666666666666,0.1712121212121212,-0.05377342420717409,-38.0,-8.0,-0.012725912725912725,-0.16666666666666663,-1372.8256743120392,-0.06111111111111106,-0.014590964590964539]}}
{"op_code":5,"worker_id":"043ac623-efc1-4ccb-a5e8-3aa7aa5d44ce-31524","trial_id":24,"param_name":"k_weight","param_value_internal":1.483351274364093,"distribution":"{\"name\": \"FloatDistribution\", \"attributes\": {\"step\": null, \"low\": 0.0, \"high\": 1.5, \"log\": false}}"}
{"op_code":8,"worker_id":"5b6f53ba-51c4-4082-a935-3475ab52179a-14384","trial_id":23,"user_attr":{"pruned_reasons":["M3 (Hit Rate < 60%)","M5 (Monotonicity <= 0.25)"]}}
{"op_code":8,"worker_id":"5b6f53ba-51c4-4082-a935-3475ab52179a-14384","trial_id":23,"user_attr":{"gini":0.40854264926509853}}
{"op_code":8,"worker_id":"5b6f53ba-51c4-4082-a935-3475ab52179a-14384","trial_id":23,"user_attr":{"cv_is_ics":[0.23390552401542664,0.20727713406085968,0.1846129447221756,0.16971898078918457,0.2103234976530075,0.24913881719112396,0.23474085330963135,0.2305947244167328,0.27630192041397095,0.23714978992938995,0.20653508603572845,0.25991085171699524,0.20917782187461853,0.20810306072235107,0.17345227301120758]}}
{"op_code":5,"worker_id":"043ac623-efc1-4ccb-a5e8-3aa7aa5d44ce-31524","trial_id":24,"param_name":"unified_alpha","param_value_internal":1.349264266180837e-05,"distribution":"{\"name\": \"FloatDistribution\", \"attributes\": {\"step\": null, \"low\": 1e-05, \"high\": 10.0, \"log\": true}}"}
{"op_code":5,"worker_id":"043ac623-efc1-4ccb-a5e8-3aa7aa5d44ce-31524","trial_id":24,"param_name":"unified_rho","param_value_internal":0.9250203250216626,"distribution":"{\"name\": \"FloatDistribution\", \"attributes\": {\"step\": null, \"low\": 0.0, \"high\": 1.0, \"log\": false}}"}
{"op_code":8,"worker_id":"a89cb26f-c82c-4237-be2e-e02e0fd73171-12024","trial_id":4,"user_attr":{"reg_kappa":3.4439562362023244}}
{"op_code":8,"worker_id":"5b6f53ba-51c4-4082-a935-3475ab52179a-14384","trial_id":23,"user_attr":{"cv_oos_ics":[-0.020972654223442078,0.14466682076454163,0.0814724937081337,0.02071307972073555,-0.031029364094138145,0.04034455493092537,0.04157736524939537,-0.00272479560226202,-0.032882992178201675,0.034177739173173904,-0.0006891052471473813,-0.040251150727272034,0.01332058385014534,0.05405380204319954,0.12173882126808167]}}
{"op_code":5,"worker_id":"043ac623-efc1-4ccb-a5e8-3aa7aa5d44ce-31524","trial_id":24,"param_name":"unified_gamma","param_value_internal":1.5652496161239602,"distribution":"{\"name\": \"FloatDistribution\", \"attributes\": {\"step\": null, \"low\": 1.5, \"high\": 10000.0, \"log\": true}}"}
{"op_code":8,"worker_id":"78d2461e-26e1-4a90-a891-820cac2711fd-11668","trial_id":15,"user_attr":{"cv_is_ics":[0.22378680109977722,0.17110301554203033,0.14848433434963226,0.16742053627967834,0.20200411975383759,0.244979128241539,0.21275092661380768,0.21750544011592865,0.25944265723228455,0.1993279606103897,0.200454443693161,0.23430198431015015,0.1936032623052597,0.1841450184583664,0.16512933373451233]}}
{"op_code":5,"worker_id":"043ac623-efc1-4ccb-a5e8-3aa7aa5d44ce-31524","trial_id":24,"param_name":"huber_delta","param_value_internal":0.6055184893393784,"distribution":"{\"name\": \"FloatDistribution\", \"attributes\": {\"step\": null, \"low\": 0.5, \"high\": 5.0, \"log\": false}}"}
{"op_code":8,"worker_id":"5b6f53ba-51c4-4082-a935-3475ab52179a-14384","trial_id":23,"user_attr":{"reg_kappa":3.440614445285148}}
{"op_code":8,"worker_id":"5b6f53ba-51c4-4082-a935-3475ab52179a-14384","trial_id":23,"user_attr":{"raw_metrics":[0.23843599710286875,0.10455190457872382,0.3333333333333333,0.08468488382423663,0.07878787878787878,0.05377342420717409,-0.25157541363305,-0.2531830370426178,0.5111111111111111]}}
{"op_code":8,"worker_id":"5b6f53ba-51c4-4082-a935-3475ab52179a-14384","trial_id":23,"user_attr":{"val_metrics":[0.07483690354171758,-0.279587374538309,0.5393939393939394,0.28987193435592495,-6.8462129727465815]}}
{"op_code":8,"worker_id":"5b6f53ba-51c4-4082-a935-3475ab52179a-14384","trial_id":23,"user_attr":{"deflated_objective":-0.43425079556638974}}
{"op_code":9,"worker_id":"5b6f53ba-51c4-4082-a935-3475ab52179a-14384","trial_id":23,"system_attr":{"constraints":[-0.08468488382423663,-0.10455190457872382,0.26666666666666666,0.1712121212121212,-0.05377342420717409,-38.0,-8.0,-0.012725912725912725,-0.16666666666666663,-1372.8256743120392,-0.06111111111111106,-0.014590964590964539]}}
{"op_code":4,"worker_id":"aa7952a1-b371-49ae-9452-aeee54676751-31796","study_id":0,"datetime_start":"2026-07-14T11:39:05.843687"}
{"op_code":6,"worker_id":"5b6f53ba-51c4-4082-a935-3475ab52179a-14384","trial_id":23,"state":1,"values":[-0.21314711680490483],"datetime_complete":"2026-07-14T11:39:05.845840"}
{"op_code":5,"worker_id":"aa7952a1-b371-49ae-9452-aeee54676751-31796","trial_id":25,"param_name":"k_weight","param_value_internal":1.3964587631991583,"distribution":"{\"name\": \"FloatDistribution\", \"attributes\": {\"step\": null, \"low\": 0.0, \"high\": 1.5, \"log\": false}}"}
{"op_code":4,"worker_id":"60343d0a-32bb-4edf-8c7a-f0f3672bddc3-3216","study_id":0,"datetime_start":"2026-07-14T11:39:05.850154"}
{"op_code":5,"worker_id":"aa7952a1-b371-49ae-9452-aeee54676751-31796","trial_id":25,"param_name":"unified_alpha","param_value_internal":0.5024665281897723,"distribution":"{\"name\": \"FloatDistribution\", \"attributes\": {\"step\": null, \"low\": 1e-05, \"high\": 10.0, \"log\": true}}"}
{"op_code":8,"worker_id":"78d2461e-26e1-4a90-a891-820cac2711fd-11668","trial_id":15,"user_attr":{"cv_oos_ics":[-0.03523102402687073,0.10541398078203201,0.08593771606683731,0.025596972554922104,-0.05658067762851715,0.02124861627817154,0.02912912890315056,0.030184540897607803,-0.03306439891457558,0.011711850762367249,0.018180683255195618,-0.06222027912735939,0.030240001156926155,0.028282811865210533,0.12526774406433105]}}
{"op_code":5,"worker_id":"aa7952a1-b371-49ae-9452-aeee54676751-31796","trial_id":25,"param_name":"unified_rho","param_value_internal":0.8725613111995464,"distribution":"{\"name\": \"FloatDistribution\", \"attributes\": {\"step\": null, \"low\": 0.0, \"high\": 1.0, \"log\": false}}"}
{"op_code":4,"worker_id":"6478025b-1cdd-4beb-926a-e84da770a99e-14384","study_id":0,"datetime_start":"2026-07-14T11:39:05.854691"}
{"op_code":5,"worker_id":"60343d0a-32bb-4edf-8c7a-f0f3672bddc3-3216","trial_id":26,"param_name":"k_weight","param_value_internal":0.36089917084811174,"distribution":"{\"name\": \"FloatDistribution\", \"attributes\": {\"step\": null, \"low\": 0.0, \"high\": 1.5, \"log\": false}}"}
{"op_code":5,"worker_id":"aa7952a1-b371-49ae-9452-aeee54676751-31796","trial_id":25,"param_name":"unified_gamma","param_value_internal":9781.283023936161,"distribution":"{\"name\": \"FloatDistribution\", \"attributes\": {\"step\": null, \"low\": 1.5, \"high\": 10000.0, \"log\": true}}"}
{"op_code":5,"worker_id":"6478025b-1cdd-4beb-926a-e84da770a99e-14384","trial_id":27,"param_name":"k_weight","param_value_internal":0.3312217535893217,"distribution":"{\"name\": \"FloatDistribution\", \"attributes\": {\"step\": null, \"low\": 0.0, \"high\": 1.5, \"log\": false}}"}
{"op_code":5,"worker_id":"aa7952a1-b371-49ae-9452-aeee54676751-31796","trial_id":25,"param_name":"huber_delta","param_value_internal":0.5640737184141766,"distribution":"{\"name\": \"FloatDistribution\", \"attributes\": {\"step\": null, \"low\": 0.5, \"high\": 5.0, \"log\": false}}"}
{"op_code":5,"worker_id":"60343d0a-32bb-4edf-8c7a-f0f3672bddc3-3216","trial_id":26,"param_name":"unified_alpha","param_value_internal":1.8494675518911292e-05,"distribution":"{\"name\": \"FloatDistribution\", \"attributes\": {\"step\": null, \"low\": 1e-05, \"high\": 10.0, \"log\": true}}"}
{"op_code":5,"worker_id":"6478025b-1cdd-4beb-926a-e84da770a99e-14384","trial_id":27,"param_name":"unified_alpha","param_value_internal":1.1448442987566993e-05,"distribution":"{\"name\": \"FloatDistribution\", \"attributes\": {\"step\": null, \"low\": 1e-05, \"high\": 10.0, \"log\": true}}"}
{"op_code":5,"worker_id":"60343d0a-32bb-4edf-8c7a-f0f3672bddc3-3216","trial_id":26,"param_name":"unified_rho","param_value_internal":0.6445846547274791,"distribution":"{\"name\": \"FloatDistribution\", \"attributes\": {\"step\": null, \"low\": 0.0, \"high\": 1.0, \"log\": false}}"}
{"op_code":4,"worker_id":"7456da1f-b0d9-4c81-b72f-7a9913b34da8-19176","study_id":0,"datetime_start":"2026-07-14T11:39:05.867345"}
{"op_code":5,"worker_id":"60343d0a-32bb-4edf-8c7a-f0f3672bddc3-3216","trial_id":26,"param_name":"unified_gamma","param_value_internal":1.956520118824377,"distribution":"{\"name\": \"FloatDistribution\", \"attributes\": {\"step\": null, \"low\": 1.5, \"high\": 10000.0, \"log\": true}}"}
{"op_code":5,"worker_id":"7456da1f-b0d9-4c81-b72f-7a9913b34da8-19176","trial_id":28,"param_name":"k_weight","param_value_internal":0.33151742700461007,"distribution":"{\"name\": \"FloatDistribution\", \"attributes\": {\"step\": null, \"low\": 0.0, \"high\": 1.5, \"log\": false}}"}
{"op_code":5,"worker_id":"60343d0a-32bb-4edf-8c7a-f0f3672bddc3-3216","trial_id":26,"param_name":"huber_delta","param_value_internal":3.6033602720505153,"distribution":"{\"name\": \"FloatDistribution\", \"attributes\": {\"step\": null, \"low\": 0.5, \"high\": 5.0, \"log\": false}}"}
{"op_code":5,"worker_id":"7456da1f-b0d9-4c81-b72f-7a9913b34da8-19176","trial_id":28,"param_name":"unified_alpha","param_value_internal":1.4875613182716097e-05,"distribution":"{\"name\": \"FloatDistribution\", \"attributes\": {\"step\": null, \"low\": 1e-05, \"high\": 10.0, \"log\": true}}"}
{"op_code":5,"worker_id":"7456da1f-b0d9-4c81-b72f-7a9913b34da8-19176","trial_id":28,"param_name":"unified_rho","param_value_internal":0.6950337117627265,"distribution":"{\"name\": \"FloatDistribution\", \"attributes\": {\"step\": null, \"low\": 0.0, \"high\": 1.0, \"log\": false}}"}
{"op_code":8,"worker_id":"48ac468e-f486-4081-92e8-5ce50a4958d7-8436","trial_id":22,"user_attr":{"constraints":[0.031249805434534778,0.07010577296279018,0.6,0.4843434343434344,0.1959942100779001,-40.0,5.0,-0.059734242344994935,0.16666666666666669,-1387.7532680689062,0.06830065359477128,0.0551078551078551]}}
{"op_code":5,"worker_id":"7456da1f-b0d9-4c81-b72f-7a9913b34da8-19176","trial_id":28,"param_name":"unified_gamma","param_value_internal":1.8113132042354256,"distribution":"{\"name\": \"FloatDistribution\", \"attributes\": {\"step\": null, \"low\": 1.5, \"high\": 10000.0, \"log\": true}}"}
{"op_code":8,"worker_id":"48ac468e-f486-4081-92e8-5ce50a4958d7-8436","trial_id":22,"user_attr":{"pruned_reasons":["M4 (Overall IC <= 0)","M2 (Yearly Tail IC Mean <= 0)","M3 (Hit Rate < 60%)","M5 (Monotonicity <= 0.25)","M6 (Top-Bottom Spread <= 0)","Active features count (0) is less than active feature floor (5)","Side-specific Hit Rate (33.33% < 50%)","Yearly Daily Win Rate (38.17% < 45%)","Side-specific Yearly Daily Win Rate (39.49% < 45%)"]}}
{"op_code":5,"worker_id":"7456da1f-b0d9-4c81-b72f-7a9913b34da8-19176","trial_id":28,"param_name":"huber_delta","param_value_internal":3.5747592629071954,"distribution":"{\"name\": \"FloatDistribution\", \"attributes\": {\"step\": null, \"low\": 0.5, \"high\": 5.0, \"log\": false}}"}
{"op_code":5,"worker_id":"6478025b-1cdd-4beb-926a-e84da770a99e-14384","trial_id":27,"param_name":"unified_rho","param_value_internal":0.6434721096291653,"distribution":"{\"name\": \"FloatDistribution\", \"attributes\": {\"step\": null, \"low\": 0.0, \"high\": 1.0, \"log\": false}}"}
{"op_code":8,"worker_id":"aa7952a1-b371-49ae-9452-aeee54676751-31796","trial_id":25,"user_attr":{"constraints":[0.031249805434534778,0.07010577296279018,0.6,0.4843434343434344,0.1959942100779001,-25.0,5.0,-0.059734242344994935,0.16666666666666669,-1420.2455409363984,0.06830065359477128,0.0551078551078551]}}
{"op_code":8,"worker_id":"043ac623-efc1-4ccb-a5e8-3aa7aa5d44ce-31524","trial_id":24,"user_attr":{"constraints":[-0.06085872118024673,-0.10196817605185209,0.26666666666666666,0.18737373737373736,0.06109718767589276,-10.0,-8.0,-0.05639320639320639,0.16666666666666669,-1427.697757730404,-0.06111111111111106,-0.014590964590964539]}}
{"op_code":8,"worker_id":"aa7952a1-b371-49ae-9452-aeee54676751-31796","trial_id":25,"user_attr":{"pruned_reasons":["M4 (Overall IC <= 0)","M2 (Yearly Tail IC Mean <= 0)","M3 (Hit Rate < 60%)","M5 (Monotonicity <= 0.25)","M6 (Top-Bottom Spread <= 0)","Active features count (0) is less than active feature floor (5)","Side-specific Hit Rate (33.33% < 50%)","Yearly Daily Win Rate (38.17% < 45%)","Side-specific Yearly Daily Win Rate (39.49% < 45%)"]}}
{"op_code":5,"worker_id":"6478025b-1cdd-4beb-926a-e84da770a99e-14384","trial_id":27,"param_name":"unified_gamma","param_value_internal":1.9700897898243968,"distribution":"{\"name\": \"FloatDistribution\", \"attributes\": {\"step\": null, \"low\": 1.5, \"high\": 10000.0, \"log\": true}}"}
{"op_code":8,"worker_id":"aa7952a1-b371-49ae-9452-aeee54676751-31796","trial_id":25,"user_attr":{"gini":0.0}}
{"op_code":5,"worker_id":"6478025b-1cdd-4beb-926a-e84da770a99e-14384","trial_id":27,"param_name":"huber_delta","param_value_internal":3.6794656340088308,"distribution":"{\"name\": \"FloatDistribution\", \"attributes\": {\"step\": null, \"low\": 0.5, \"high\": 5.0, \"log\": false}}"}
{"op_code":8,"worker_id":"aa7952a1-b371-49ae-9452-aeee54676751-31796","trial_id":25,"user_attr":{"cv_is_ics":[0.0,0.0,0.0,0.0,0.0,0.0,0.0,0.0,0.0,0.0,0.0,0.0,0.0,0.0,0.0]}}
{"op_code":8,"worker_id":"aa7952a1-b371-49ae-9452-aeee54676751-31796","trial_id":25,"user_attr":{"cv_oos_ics":[0.0,0.0,0.0,0.0,0.0,0.0,0.0,0.0,0.0,0.0,0.0,0.0,0.0,0.0,0.0]}}
{"op_code":8,"worker_id":"043ac623-efc1-4ccb-a5e8-3aa7aa5d44ce-31524","trial_id":24,"user_attr":{"pruned_reasons":["M3 (Hit Rate < 60%)","M5 (Monotonicity <= 0.25)","M6 (Top-Bottom Spread <= 0)","Side-specific Hit Rate (33.33% < 50%)"]}}
{"op_code":8,"worker_id":"48ac468e-f486-4081-92e8-5ce50a4958d7-8436","trial_id":22,"user_attr":{"gini":0.0}}
{"op_code":5,"worker_id":"c7b7f375-b67b-4c6d-9718-7742674045ec-6576","trial_id":1,"param_name":"k_weight","param_value_internal":1.252263222998474,"distribution":"{\"name\": \"FloatDistribution\", \"attributes\": {\"step\": null, \"low\": 0.0, \"high\": 1.5, \"log\": false}}"}
{"op_code":4,"worker_id":"feb297ec-7e8f-4469-94ff-3a3e47fa1507-20880","study_id":0,"datetime_start":"2026-07-14T11:39:05.905563"}
{"op_code":8,"worker_id":"043ac623-efc1-4ccb-a5e8-3aa7aa5d44ce-31524","trial_id":24,"user_attr":{"gini":0.3491547564238111}}
{"op_code":4,"worker_id":"79226d2c-74f9-4430-b670-0511248f8bbb-7108","study_id":0,"datetime_start":"2026-07-14T11:39:05.892888"}
{"op_code":5,"worker_id":"c7b7f375-b67b-4c6d-9718-7742674045ec-6576","trial_id":1,"param_name":"unified_alpha","param_value_internal":4.253795683489069e-05,"distribution":"{\"name\": \"FloatDistribution\", \"attributes\": {\"step\": null, \"low\": 1e-05, \"high\": 10.0, \"log\": true}}"}
{"op_code":5,"worker_id":"79226d2c-74f9-4430-b670-0511248f8bbb-7108","trial_id":30,"param_name":"k_weight","param_value_internal":0.40904185823736205,"distribution":"{\"name\": \"FloatDistribution\", \"attributes\": {\"step\": null, \"low\": 0.0, \"high\": 1.5, \"log\": false}}"}
{"op_code":8,"worker_id":"48ac468e-f486-4081-92e8-5ce50a4958d7-8436","trial_id":22,"user_attr":{"cv_is_ics":[0.0,0.0,0.0,0.0,0.0,0.0,0.0,0.0,0.0,0.0,0.0,0.0,0.0,0.0,0.0]}}
{"op_code":8,"worker_id":"48ac468e-f486-4081-92e8-5ce50a4958d7-8436","trial_id":22,"user_attr":{"cv_oos_ics":[0.0,0.0,0.0,0.0,0.0,0.0,0.0,0.0,0.0,0.0,0.0,0.0,0.0,0.0,0.0]}}
{"op_code":5,"worker_id":"c7b7f375-b67b-4c6d-9718-7742674045ec-6576","trial_id":1,"param_name":"unified_rho","param_value_internal":0.7446404816795178,"distribution":"{\"name\": \"FloatDistribution\", \"attributes\": {\"step\": null, \"low\": 0.0, \"high\": 1.0, \"log\": false}}"}
{"op_code":5,"worker_id":"79226d2c-74f9-4430-b670-0511248f8bbb-7108","trial_id":30,"param_name":"unified_alpha","param_value_internal":1.5367198867187e-05,"distribution":"{\"name\": \"FloatDistribution\", \"attributes\": {\"step\": null, \"low\": 1e-05, \"high\": 10.0, \"log\": true}}"}
{"op_code":8,"worker_id":"78d2461e-26e1-4a90-a891-820cac2711fd-11668","trial_id":15,"user_attr":{"reg_kappa":3.4758611730922233}}
{"op_code":5,"worker_id":"c7b7f375-b67b-4c6d-9718-7742674045ec-6576","trial_id":1,"param_name":"unified_gamma","param_value_internal":35.86027023078568,"distribution":"{\"name\": \"FloatDistribution\", \"attributes\": {\"step\": null, \"low\": 1.5, \"high\": 10000.0, \"log\": true}}"}
{"op_code":8,"worker_id":"78d2461e-26e1-4a90-a891-820cac2711fd-11668","trial_id":15,"user_attr":{"raw_metrics":[-0.024679546033524003,-0.008734080350386456,0.3333333333333333,0.08197587224709776,0.10707070707070705,-0.05262742219732216,-0.5442317057697514,-0.40831810235977173,0.5080882352941177]}}
{"op_code":8,"worker_id":"7456da1f-b0d9-4c81-b72f-7a9913b34da8-19176","trial_id":28,"user_attr":{"constraints":[-0.08451493582219387,-0.1344246402622945,0.26666666666666666,0.15909090909090912,-0.10939055439620433,-39.0,-8.0,-0.0338038038038038,-0.16666666666666663,-1371.7905547121718,-0.06111111111111106,-0.014590964590964539]}}
{"op_code":8,"worker_id":"60343d0a-32bb-4edf-8c7a-f0f3672bddc3-3216","trial_id":26,"user_attr":{"constraints":[-0.08418630043025926,-0.10824672873662683,0.26666666666666666,0.18333333333333335,-0.07857468795153051,-39.0,-8.0,-0.04432234432234431,-0.16666666666666663,-1372.2899006748173,-0.06805555555555559,-0.00533170533170535]}}
{"op_code":5,"worker_id":"c7b7f375-b67b-4c6d-9718-7742674045ec-6576","trial_id":1,"param_name":"huber_delta","param_value_internal":2.1168987701363235,"distribution":"{\"name\": \"FloatDistribution\", \"attributes\": {\"step\": null, \"low\": 0.5, \"high\": 5.0, \"log\": false}}"}
{"op_code":8,"worker_id":"60343d0a-32bb-4edf-8c7a-f0f3672bddc3-3216","trial_id":26,"user_attr":{"pruned_reasons":["M3 (Hit Rate < 60%)","M5 (Monotonicity <= 0.25)"]}}
{"op_code":8,"worker_id":"7456da1f-b0d9-4c81-b72f-7a9913b34da8-19176","trial_id":28,"user_attr":{"pruned_reasons":["M3 (Hit Rate < 60%)","M5 (Monotonicity <= 0.25)"]}}
{"op_code":8,"worker_id":"60343d0a-32bb-4edf-8c7a-f0f3672bddc3-3216","trial_id":26,"user_attr":{"gini":0.41160278971263553}}
{"op_code":8,"worker_id":"60343d0a-32bb-4edf-8c7a-f0f3672bddc3-3216","trial_id":26,"user_attr":{"cv_is_ics":[0.2295679897069931,0.20278878509998322,0.18474416434764862,0.168097123503685,0.20960722863674164,0.24828030169010162,0.23283733427524567,0.22954969108104706,0.2749690115451813,0.23857048153877258,0.20792266726493835,0.259468674659729,0.20908159017562866,0.20807379484176636,0.1738879233598709]}}
{"op_code":8,"worker_id":"48ac468e-f486-4081-92e8-5ce50a4958d7-8436","trial_id":22,"user_attr":{"reg_kappa":2.1821300329004023}}
{"op_code":8,"worker_id":"60343d0a-32bb-4edf-8c7a-f0f3672bddc3-3216","trial_id":26,"user_attr":{"cv_oos_ics":[-0.024565301835536957,0.1386241614818573,0.08199883997440338,0.015293381176888943,-0.03203411027789116,0.031566303223371506,0.0400158055126667,-0.0020736262667924166,-0.03929430618882179,0.032620903104543686,0.0009909839136525989,-0.03909757360816002,0.010578389279544353,0.057205986231565475,0.11816182732582092]}}
{"op_code":8,"worker_id":"60343d0a-32bb-4edf-8c7a-f0f3672bddc3-3216","trial_id":26,"user_attr":{"reg_kappa":3.439278707507005}}
{"op_code":8,"worker_id":"60343d0a-32bb-4edf-8c7a-f0f3672bddc3-3216","trial_id":26,"user_attr":{"raw_metrics":[0.2486745928118454,0.10824672873662683,0.3333333333333333,0.08418630043025926,0.06666666666666665,0.07857468795153051,-0.24869510440478343,-0.2484605461359024,0.5180555555555556]}}
{"op_code":8,"worker_id":"48ac468e-f486-4081-92e8-5ce50a4958d7-8436","trial_id":22,"user_attr":{"raw_metrics":[-1.2146299341818416,-0.07010577296279018,0.0,-0.031249805434534778,-0.23434343434343438,-0.1959942100779001,-0.0,-0.0,0.38169934640522873]}}
{"op_code":5,"worker_id":"feb297ec-7e8f-4469-94ff-3a3e47fa1507-20880","trial_id":29,"param_name":"k_weight","param_value_internal":0.34003752454230374,"distribution":"{\"name\": \"FloatDistribution\", \"attributes\": {\"step\": null, \"low\": 0.0, \"high\": 1.5, \"log\": false}}"}
{"op_code":8,"worker_id":"48ac468e-f486-4081-92e8-5ce50a4958d7-8436","trial_id":22,"user_attr":{"val_metrics":[0.0,0.0,-0.2727272727272727,-0.17645671987987083,-6.113338670961163]}}
{"op_code":5,"worker_id":"feb297ec-7e8f-4469-94ff-3a3e47fa1507-20880","trial_id":29,"param_name":"unified_alpha","param_value_internal":1.0613151978251972e-05,"distribution":"{\"name\": \"FloatDistribution\", \"attributes\": {\"step\": null, \"low\": 1e-05, \"high\": 10.0, \"log\": true}}"}
{"op_code":8,"worker_id":"48ac468e-f486-4081-92e8-5ce50a4958d7-8436","trial_id":22,"user_attr":{"deflated_objective":-0.1017217050119438}}
{"op_code":8,"worker_id":"60343d0a-32bb-4edf-8c7a-f0f3672bddc3-3216","trial_id":26,"user_attr":{"val_metrics":[0.07521255684604261,-0.27369503441941856,0.5636363636363636,0.28987193435592495,-6.752440168162112]}}
{"op_code":5,"worker_id":"feb297ec-7e8f-4469-94ff-3a3e47fa1507-20880","trial_id":29,"param_name":"unified_rho","param_value_internal":0.6931282453670428,"distribution":"{\"name\": \"FloatDistribution\", \"attributes\": {\"step\": null, \"low\": 0.0, \"high\": 1.0, \"log\": false}}"}
{"op_code":8,"worker_id":"60343d0a-32bb-4edf-8c7a-f0f3672bddc3-3216","trial_id":26,"user_attr":{"deflated_objective":-0.3758724222011788}}
{"op_code":9,"worker_id":"48ac468e-f486-4081-92e8-5ce50a4958d7-8436","trial_id":22,"system_attr":{"constraints":[0.031249805434534778,0.07010577296279018,0.6,0.4843434343434344,0.1959942100779001,-40.0,5.0,-0.059734242344994935,0.16666666666666669,-1387.7532680689062,0.06830065359477128,0.0551078551078551]}}
{"op_code":5,"worker_id":"79226d2c-74f9-4430-b670-0511248f8bbb-7108","trial_id":30,"param_name":"unified_rho","param_value_internal":0.6639549437374949,"distribution":"{\"name\": \"FloatDistribution\", \"attributes\": {\"step\": null, \"low\": 0.0, \"high\": 1.0, \"log\": false}}"}
{"op_code":5,"worker_id":"feb297ec-7e8f-4469-94ff-3a3e47fa1507-20880","trial_id":29,"param_name":"unified_gamma","param_value_internal":2.0028879686231296,"distribution":"{\"name\": \"FloatDistribution\", \"attributes\": {\"step\": null, \"low\": 1.5, \"high\": 10000.0, \"log\": true}}"}
{"op_code":5,"worker_id":"79226d2c-74f9-4430-b670-0511248f8bbb-7108","trial_id":30,"param_name":"unified_gamma","param_value_internal":2.0662024845065092,"distribution":"{\"name\": \"FloatDistribution\", \"attributes\": {\"step\": null, \"low\": 1.5, \"high\": 10000.0, \"log\": true}}"}
{"op_code":5,"worker_id":"feb297ec-7e8f-4469-94ff-3a3e47fa1507-20880","trial_id":29,"param_name":"huber_delta","param_value_internal":3.682658321747561,"distribution":"{\"name\": \"FloatDistribution\", \"attributes\": {\"step\": null, \"low\": 0.5, \"high\": 5.0, \"log\": false}}"}
{"op_code":5,"worker_id":"79226d2c-74f9-4430-b670-0511248f8bbb-7108","trial_id":30,"param_name":"huber_delta","param_value_internal":3.6424496076056516,"distribution":"{\"name\": \"FloatDistribution\", \"attributes\": {\"step\": null, \"low\": 0.5, \"high\": 5.0, \"log\": false}}"}
{"op_code":9,"worker_id":"60343d0a-32bb-4edf-8c7a-f0f3672bddc3-3216","trial_id":26,"system_attr":{"constraints":[-0.08418630043025926,-0.10824672873662683,0.26666666666666666,0.18333333333333335,-0.07857468795153051,-39.0,-8.0,-0.04432234432234431,-0.16666666666666663,-1372.2899006748173,-0.06805555555555559,-0.00533170533170535]}}
{"op_code":8,"worker_id":"c7b7f375-b67b-4c6d-9718-7742674045ec-6576","trial_id":1,"user_attr":{"constraints":[-0.07387997018323308,-0.003880520615725349,0.26666666666666666,0.13484848484848488,-0.1553035527389813,-16.0,-8.0,0.044553234553234566,0.16666666666666669,-1409.1389195800027,-0.09444444444444439,-0.04369149369149372]}}
{"op_code":4,"worker_id":"f126388f-e0ac-4a73-b5b8-380a91aecf12-30084","study_id":0,"datetime_start":"2026-07-14T11:39:05.901254"}
{"op_code":8,"worker_id":"c7b7f375-b67b-4c6d-9718-7742674045ec-6576","trial_id":1,"user_attr":{"pruned_reasons":["M3 (Hit Rate < 60%)","M5 (Monotonicity <= 0.25)","Side-specific Yearly Tail IC Mean (-0.0446 <= 0)","Side-specific Hit Rate (33.33% < 50%)"]}}
{"op_code":6,"worker_id":"60343d0a-32bb-4edf-8c7a-f0f3672bddc3-3216","trial_id":26,"state":1,"values":[-0.1708192511731187],"datetime_complete":"2026-07-14T11:39:05.968044"}
{"op_code":8,"worker_id":"c7b7f375-b67b-4c6d-9718-7742674045ec-6576","trial_id":1,"user_attr":{"gini":0.38504685922413673}}
{"op_code":8,"worker_id":"c7b7f375-b67b-4c6d-9718-7742674045ec-6576","trial_id":1,"user_attr":{"cv_is_ics":[0.2310839295387268,0.18150652945041656,0.1598127782344818,0.16635246574878693,0.21189282834529877,0.2514655888080597,0.22535748779773712,0.22542625665664673,0.2726493775844574,0.21718811988830566,0.20487651228904724,0.250141441822052,0.20068609714508057,0.20153185725212097,0.17018325626850128]}}
{"op_code":5,"worker_id":"f126388f-e0ac-4a73-b5b8-380a91aecf12-30084","trial_id":31,"param_name":"k_weight","param_value_internal":0.32316824864895877,"distribution":"{\"name\": \"FloatDistribution\", \"attributes\": {\"step\": null, \"low\": 0.0, \"high\": 1.5, \"log\": false}}"}
{"op_code":8,"worker_id":"c7b7f375-b67b-4c6d-9718-7742674045ec-6576","trial_id":1,"user_attr":{"cv_oos_ics":[-0.04328247532248497,0.12353882938623428,0.07934499531984329,0.01901083067059517,-0.06016552075743675,0.03229966759681702,0.0347147136926651,0.026916049420833588,-0.03370475396513939,0.03585153818130493,0.008966270834207535,-0.07355603575706482,0.022108249366283417,0.03531281650066376,0.11818508058786392]}}
{"op_code":8,"worker_id":"c7b7f375-b67b-4c6d-9718-7742674045ec-6576","trial_id":1,"user_attr":{"reg_kappa":3.53159738777078}}
{"op_code":8,"worker_id":"c7b7f375-b67b-4c6d-9718-7742674045ec-6576","trial_id":1,"user_attr":{"raw_metrics":[0.012288060549714522,0.003880520615725349,0.3333333333333333,0.07387997018323308,0.11515151515151513,0.1553035527389813,-0.4408779881909345,-0.39197564125061035,0.5444444444444444]}}
{"op_code":4,"worker_id":"691fed90-40c0-4445-a159-b29479c57a8c-3216","study_id":0,"datetime_start":"2026-07-14T11:39:05.979437"}
{"op_code":8,"worker_id":"61035138-0a4d-4196-9e9d-b4878934e99d-23408","trial_id":21,"user_attr":{"raw_metrics":[0.33462127606359876,0.15434182699514365,0.3333333333333333,0.07842817085890626,0.15555555555555553,0.18905722543654033,-0.24554681106437445,-0.26480188965797424,0.5444444444444444]}}
{"op_code":5,"worker_id":"f126388f-e0ac-4a73-b5b8-380a91aecf12-30084","trial_id":31,"param_name":"unified_alpha","param_value_internal":1.1004080303156965e-05,"distribution":"{\"name\": \"FloatDistribution\", \"attributes\": {\"step\": null, \"low\": 1e-05, \"high\": 10.0, \"log\": true}}"}
{"op_code":8,"worker_id":"61035138-0a4d-4196-9e9d-b4878934e99d-23408","trial_id":21,"user_attr":{"val_metrics":[0.06227032132096789,-0.33633152593565907,0.2727272727272727,0.13956244526080033,-5.830792464395882]}}
{"op_code":5,"worker_id":"f126388f-e0ac-4a73-b5b8-380a91aecf12-30084","trial_id":31,"param_name":"unified_rho","param_value_internal":0.6689754989280827,"distribution":"{\"name\": \"FloatDistribution\", \"attributes\": {\"step\": null, \"low\": 0.0, \"high\": 1.0, \"log\": false}}"}
{"op_code":8,"worker_id":"78d2461e-26e1-4a90-a891-820cac2711fd-11668","trial_id":15,"user_attr":{"val_metrics":[0.09388217000151357,-0.40026838879742543,0.296969696969697,0.28311889339238405,-5.0162139530231205]}}
{"op_code":5,"worker_id":"f126388f-e0ac-4a73-b5b8-380a91aecf12-30084","trial_id":31,"param_name":"unified_gamma","param_value_internal":1.9123744105660216,"distribution":"{\"name\": \"FloatDistribution\", \"attributes\": {\"step\": null, \"low\": 1.5, \"high\": 10000.0, \"log\": true}}"}
{"op_code":8,"worker_id":"feb297ec-7e8f-4469-94ff-3a3e47fa1507-20880","trial_id":29,"user_attr":{"constraints":[-0.08344544858686664,-0.13333909966307608,0.26666666666666666,0.21565656565656566,-0.12616944185269427,-39.0,-8.0,-0.07064768064768064,-0.16666666666666663,-1371.9289590287763,-0.06805555555555559,-0.00533170533170535]}}
{"op_code":5,"worker_id":"f126388f-e0ac-4a73-b5b8-380a91aecf12-30084","trial_id":31,"param_name":"huber_delta","param_value_internal":3.662070984229062,"distribution":"{\"name\": \"FloatDistribution\", \"attributes\": {\"step\": null, \"low\": 0.5, \"high\": 5.0, \"log\": false}}"}
{"op_code":8,"worker_id":"79226d2c-74f9-4430-b670-0511248f8bbb-7108","trial_id":30,"user_attr":{"constraints":[-0.08325322174411844,-0.06900441672478146,0.26666666666666666,0.31262626262626264,-0.04685812107098649,-38.0,-8.0,0.02697730697730698,0.16666666666666669,-1373.2383276329303,-0.06805555555555559,-0.00533170533170535]}}
{"op_code":5,"worker_id":"691fed90-40c0-4445-a159-b29479c57a8c-3216","trial_id":32,"param_name":"k_weight","param_value_internal":0.3218965172387841,"distribution":"{\"name\": \"FloatDistribution\", \"attributes\": {\"step\": null, \"low\": 0.0, \"high\": 1.5, \"log\": false}}"}
{"op_code":8,"worker_id":"79226d2c-74f9-4430-b670-0511248f8bbb-7108","trial_id":30,"user_attr":{"pruned_reasons":["M3 (Hit Rate < 60%)","M5 (Monotonicity <= 0.25)","Side-specific Yearly Tail IC Mean (-0.0270 <= 0)","Side-specific Hit Rate (33.33% < 50%)"]}}
{"op_code":8,"worker_id":"78d2461e-26e1-4a90-a891-820cac2711fd-11668","trial_id":15,"user_attr":{"deflated_objective":0.24589369575976405}}
{"op_code":8,"worker_id":"79226d2c-74f9-4430-b670-0511248f8bbb-7108","trial_id":30,"user_attr":{"gini":0.4134022407298785}}
{"op_code":8,"worker_id":"79226d2c-74f9-4430-b670-0511248f8bbb-7108","trial_id":30,"user_attr":{"cv_is_ics":[0.22949324548244476,0.19999592006206512,0.18334999680519104,0.16798393428325653,0.208783358335495,0.24863103032112122,0.23171283304691315,0.22813303768634796,0.27385708689689636,0.23648828268051147,0.20722803473472595,0.2569614350795746,0.20745553076267242,0.20772022008895874,0.17241819202899933]}}
{"op_code":5,"worker_id":"691fed90-40c0-4445-a159-b29479c57a8c-3216","trial_id":32,"param_name":"unified_alpha","param_value_internal":1.0516436072104337e-05,"distribution":"{\"name\": \"FloatDistribution\", \"attributes\": {\"step\": null, \"low\": 1e-05, \"high\": 10.0, \"log\": true}}"}
{"op_code":9,"worker_id":"78d2461e-26e1-4a90-a891-820cac2711fd-11668","trial_id":15,"system_attr":{"constraints":[-0.08197587224709776,0.008734080350386456,0.26666666666666666,0.14292929292929296,0.05262742219732216,-10.0,-8.0,0.18214753214753213,0.5,-1427.8163865991246,-0.05808823529411772,-0.05651200651200644]}}
{"op_code":8,"worker_id":"79226d2c-74f9-4430-b670-0511248f8bbb-7108","trial_id":30,"user_attr":{"cv_oos_ics":[-0.023401997983455658,0.1402079313993454,0.08376754075288773,0.016150038689374924,-0.0347413495182991,0.03032400831580162,0.03795163705945015,-0.0009925590129569173,-0.04004940018057823,0.03432631120085716,0.002587305847555399,-0.042448218911886215,0.012309053912758827,0.05652531236410141,0.11847967654466629]}}
{"op_code":8,"worker_id":"79226d2c-74f9-4430-b670-0511248f8bbb-7108","trial_id":30,"user_attr":{"reg_kappa":3.441665042850891}}
{"op_code":8,"worker_id":"79226d2c-74f9-4430-b670-0511248f8bbb-7108","trial_id":30,"user_attr":{"raw_metrics":[0.17848528916055506,0.06900441672478146,0.3333333333333333,0.08325322174411844,-0.06262626262626263,0.04685812107098649,-0.25372382360379836,-0.254381000995636,0.5180555555555556]}}
{"op_code":5,"worker_id":"691fed90-40c0-4445-a159-b29479c57a8c-3216","trial_id":32,"param_name":"unified_rho","param_value_internal":0.8407575099768045,"distribution":"{\"name\": \"FloatDistribution\", \"attributes\": {\"step\": null, \"low\": 0.0, \"high\": 1.0, \"log\": false}}"}
{"op_code":8,"worker_id":"79226d2c-74f9-4430-b670-0511248f8bbb-7108","trial_id":30,"user_attr":{"val_metrics":[0.07734763848211743,-0.2705681349377965,0.4303030303030303,0.18313578568884858,-6.839619786484454]}}
{"op_code":5,"worker_id":"691fed90-40c0-4445-a159-b29479c57a8c-3216","trial_id":32,"param_name":"unified_gamma","param_value_internal":2.2497434040212463,"distribution":"{\"name\": \"FloatDistribution\", \"attributes\": {\"step\": null, \"low\": 1.5, \"high\": 10000.0, \"log\": true}}"}
{"op_code":6,"worker_id":"78d2461e-26e1-4a90-a891-820cac2711fd-11668","trial_id":15,"state":1,"values":[0.4482421877182494],"datetime_complete":"2026-07-14T11:39:06.014513"}
{"op_code":5,"worker_id":"691fed90-40c0-4445-a159-b29479c57a8c-3216","trial_id":32,"param_name":"huber_delta","param_value_internal":3.8207351423044136,"distribution":"{\"name\": \"FloatDistribution\", \"attributes\": {\"step\": null, \"low\": 0.5, \"high\": 5.0, \"log\": false}}"}
{"op_code":8,"worker_id":"79226d2c-74f9-4430-b670-0511248f8bbb-7108","trial_id":30,"user_attr":{"deflated_objective":-0.40999608444837965}}
{"op_code":8,"worker_id":"61035138-0a4d-4196-9e9d-b4878934e99d-23408","trial_id":21,"user_attr":{"deflated_objective":-0.05009630401976334}}
{"op_code":9,"worker_id":"79226d2c-74f9-4430-b670-0511248f8bbb-7108","trial_id":30,"system_attr":{"constraints":[-0.08325322174411844,-0.06900441672478146,0.26666666666666666,0.31262626262626264,-0.04685812107098649,-38.0,-8.0,0.02697730697730698,0.16666666666666669,-1373.2383276329303,-0.06805555555555559,-0.00533170533170535]}}
{"op_code":9,"worker_id":"61035138-0a4d-4196-9e9d-b4878934e99d-23408","trial_id":21,"system_attr":{"constraints":[-0.07842817085890626,-0.15434182699514365,0.26666666666666666,0.09444444444444447,-0.18905722543654033,-39.0,-8.0,0.03102006762085105,0.16666666666666669,-1371.7344720073843,-0.09444444444444439,-0.09700854700854694]}}
{"op_code":6,"worker_id":"61035138-0a4d-4196-9e9d-b4878934e99d-23408","trial_id":21,"state":1,"values":[0.14240010105213838],"datetime_complete":"2026-07-14T11:39:06.031744"}
{"op_code":8,"worker_id":"aa7952a1-b371-49ae-9452-aeee54676751-31796","trial_id":25,"user_attr":{"reg_kappa":3.1683079405547736}}
{"op_code":8,"worker_id":"feb297ec-7e8f-4469-94ff-3a3e47fa1507-20880","trial_id":29,"user_attr":{"pruned_reasons":["M3 (Hit Rate < 60%)","M5 (Monotonicity <= 0.25)"]}}
{"op_code":8,"worker_id":"aa7952a1-b371-49ae-9452-aeee54676751-31796","trial_id":25,"user_attr":{"raw_metrics":[-1.2146299341818416,-0.07010577296279018,0.0,-0.031249805434534778,-0.23434343434343438,-0.1959942100779001,-0.0,-0.0,0.38169934640522873]}}
{"op_code":8,"worker_id":"feb297ec-7e8f-4469-94ff-3a3e47fa1507-20880","trial_id":29,"user_attr":{"gini":0.4123660180229085}}
{"op_code":6,"worker_id":"79226d2c-74f9-4430-b670-0511248f8bbb-7108","trial_id":30,"state":1,"values":[-0.21756016387445865],"datetime_complete":"2026-07-14T11:39:06.030803"}
{"op_code":8,"worker_id":"feb297ec-7e8f-4469-94ff-3a3e47fa1507-20880","trial_id":29,"user_attr":{"cv_is_ics":[0.22900860011577606,0.20267881453037262,0.18565183877944946,0.16829681396484375,0.21011218428611755,0.24814960360527039,0.2325107902288437,0.23041605949401855,0.27438458800315857,0.2388719916343689,0.20760206878185272,0.2583710253238678,0.20854125916957855,0.20903705060482025,0.17433515191078186]}}
{"op_code":8,"worker_id":"aa7952a1-b371-49ae-9452-aeee54676751-31796","trial_id":25,"user_attr":{"val_metrics":[0.0,0.0,-0.2727272727272727,-0.17645671987987083,-6.113338670961163]}}
{"op_code":8,"worker_id":"feb297ec-7e8f-4469-94ff-3a3e47fa1507-20880","trial_id":29,"user_attr":{"cv_oos_ics":[-0.02523704618215561,0.13895292580127716,0.08189767599105835,0.016553077846765518,-0.03190231695771217,0.030535798519849777,0.0419282428920269,0.0004520252696238458,-0.04029282554984093,0.03205506503582001,0.002642623847350478,-0.0396542064845562,0.009898767806589603,0.058500658720731735,0.11650124192237854]}}
{"op_code":8,"worker_id":"feb297ec-7e8f-4469-94ff-3a3e47fa1507-20880","trial_id":29,"user_attr":{"reg_kappa":3.438396317903336}}
{"op_code":8,"worker_id":"feb297ec-7e8f-4469-94ff-3a3e47fa1507-20880","trial_id":29,"user_attr":{"raw_metrics":[0.2898595177354951,0.13333909966307608,0.3333333333333333,0.08344544858686664,0.03434343434343434,0.12616944185269427,-0.24667293891879363,-0.24579639732837677,0.5180555555555556]}}
{"op_code":6,"worker_id":"96a5bfcd-4fb2-4eb2-8135-4e4305255d51-22852","trial_id":8,"state":1,"values":[-0.2917307796473924],"datetime_complete":"2026-07-14T11:39:05.787244"}
{"op_code":8,"worker_id":"feb297ec-7e8f-4469-94ff-3a3e47fa1507-20880","trial_id":29,"user_attr":{"val_metrics":[0.07421556229427952,-0.2724184790627548,0.5636363636363636,0.21554788627216348,-6.82166543893031]}}
{"op_code":8,"worker_id":"c7b7f375-b67b-4c6d-9718-7742674045ec-6576","trial_id":1,"user_attr":{"val_metrics":[0.08415746734014216,-0.21819836465245238,0.4666666666666667,0.4173928485049502,-6.733119029589116]}}
{"op_code":8,"worker_id":"feb297ec-7e8f-4469-94ff-3a3e47fa1507-20880","trial_id":29,"user_attr":{"deflated_objective":-0.40962110783644334}}
{"op_code":9,"worker_id":"feb297ec-7e8f-4469-94ff-3a3e47fa1507-20880","trial_id":29,"system_attr":{"constraints":[-0.08344544858686664,-0.13333909966307608,0.26666666666666666,0.21565656565656566,-0.12616944185269427,-39.0,-8.0,-0.07064768064768064,-0.16666666666666663,-1371.9289590287763,-0.06805555555555559,-0.00533170533170535]}}
{"op_code":6,"worker_id":"feb297ec-7e8f-4469-94ff-3a3e47fa1507-20880","trial_id":29,"state":1,"values":[-0.1980984367901809],"datetime_complete":"2026-07-14T11:39:06.056296"}
{"op_code":8,"worker_id":"c7b7f375-b67b-4c6d-9718-7742674045ec-6576","trial_id":1,"user_attr":{"deflated_objective":-0.3605492493041695}}
{"op_code":9,"worker_id":"c7b7f375-b67b-4c6d-9718-7742674045ec-6576","trial_id":1,"system_attr":{"constraints":[-0.07387997018323308,-0.003880520615725349,0.26666666666666666,0.13484848484848488,-0.1553035527389813,-16.0,-8.0,0.044553234553234566,0.16666666666666669,-1409.1389195800027,-0.09444444444444439,-0.04369149369149372]}}
{"op_code":8,"worker_id":"aa7952a1-b371-49ae-9452-aeee54676751-31796","trial_id":25,"user_attr":{"deflated_objective":-0.0905521863309735}}
{"op_code":8,"worker_id":"691fed90-40c0-4445-a159-b29479c57a8c-3216","trial_id":32,"user_attr":{"constraints":[-0.08327633231580404,-0.1039053790439451,0.26666666666666666,0.2196969696969697,-0.12616944185269427,-40.0,-8.0,0.009920909920909918,0.16666666666666669,-1371.6407072706654,-0.06805555555555559,-0.014590964590964539]}}
{"op_code":4,"worker_id":"a8ba4313-16dd-4963-9952-b98df0e8107b-20880","study_id":0,"datetime_start":"2026-07-14T11:39:06.064718"}
{"op_code":9,"worker_id":"aa7952a1-b371-49ae-9452-aeee54676751-31796","trial_id":25,"system_attr":{"constraints":[0.031249805434534778,0.07010577296279018,0.6,0.4843434343434344,0.1959942100779001,-25.0,5.0,-0.059734242344994935,0.16666666666666669,-1420.2455409363984,0.06830065359477128,0.0551078551078551]}}
{"op_code":5,"worker_id":"a8ba4313-16dd-4963-9952-b98df0e8107b-20880","trial_id":33,"param_name":"k_weight","param_value_internal":0.16295514344202489,"distribution":"{\"name\": \"FloatDistribution\", \"attributes\": {\"step\": null, \"low\": 0.0, \"high\": 1.5, \"log\": false}}"}
{"op_code":8,"worker_id":"691fed90-40c0-4445-a159-b29479c57a8c-3216","trial_id":32,"user_attr":{"pruned_reasons":["M3 (Hit Rate < 60%)","M5 (Monotonicity <= 0.25)","Side-specific Yearly Tail IC Mean (-0.0099 <= 0)","Side-specific Hit Rate (33.33% < 50%)"]}}
{"op_code":8,"worker_id":"691fed90-40c0-4445-a159-b29479c57a8c-3216","trial_id":32,"user_attr":{"gini":0.4178357547566358}}
{"op_code":8,"worker_id":"691fed90-40c0-4445-a159-b29479c57a8c-3216","trial_id":32,"user_attr":{"cv_is_ics":[0.22680163383483887,0.20065276324748993,0.18569064140319824,0.1683085560798645,0.2097621113061905,0.2468113899230957,0.23257288336753845,0.23050335049629211,0.2737400233745575,0.2388906627893448,0.20665602385997772,0.25739145278930664,0.2075635939836502,0.20953013002872467,0.1743987798690796]}}
{"op_code":5,"worker_id":"a8ba4313-16dd-4963-9952-b98df0e8107b-20880","trial_id":33,"param_name":"unified_alpha","param_value_internal":0.0007387128630908515,"distribution":"{\"name\": \"FloatDistribution\", \"attributes\": {\"step\": null, \"low\": 1e-05, \"high\": 10.0, \"log\": true}}"}
{"op_code":6,"worker_id":"aa7952a1-b371-49ae-9452-aeee54676751-31796","trial_id":25,"state":1,"values":[0.10314174212666435],"datetime_complete":"2026-07-14T11:39:06.068576"}
{"op_code":4,"worker_id":"a52799e6-5cc7-4d48-9070-fbe7e812dff1-7108","study_id":0,"datetime_start":"2026-07-14T11:39:06.044737"}
{"op_code":8,"worker_id":"691fed90-40c0-4445-a159-b29479c57a8c-3216","trial_id":32,"user_attr":{"cv_oos_ics":[-0.025109020993113518,0.13841551542282104,0.08222802728414536,0.015067363157868385,-0.029509836807847023,0.028316738083958626,0.04246562346816063,0.0006448472267948091,-0.04165881872177124,0.03180691972374916,0.0037964009679853916,-0.040052685886621475,0.011423964984714985,0.058316148817539215,0.1167617216706276]}}
{"op_code":8,"worker_id":"f126388f-e0ac-4a73-b5b8-380a91aecf12-30084","trial_id":31,"user_attr":{"constraints":[-0.08361237973696871,-0.13256567617375772,0.26666666666666666,0.21565656565656566,-0.12616944185269427,-40.0,-8.0,-0.03843480843480843,-0.16666666666666663,-1371.6601267175538,-0.06805555555555559,-0.014590964590964539]}}
{"op_code":8,"worker_id":"691fed90-40c0-4445-a159-b29479c57a8c-3216","trial_id":32,"user_attr":{"reg_kappa":3.4376847581432273}}
{"op_code":8,"worker_id":"691fed90-40c0-4445-a159-b29479c57a8c-3216","trial_id":32,"user_attr":{"raw_metrics":[0.2518973352683023,0.1039053790439451,0.3333333333333333,0.08327633231580404,0.030303030303030314,0.12616944185269427,-0.24499264886612238,-0.24300402402877808,0.5180555555555556]}}
{"op_code":5,"worker_id":"a52799e6-5cc7-4d48-9070-fbe7e812dff1-7108","trial_id":34,"param_name":"k_weight","param_value_internal":0.9541551183989514,"distribution":"{\"name\": \"FloatDistribution\", \"attributes\": {\"step\": null, \"low\": 0.0, \"high\": 1.5, \"log\": false}}"}
{"op_code":8,"worker_id":"f126388f-e0ac-4a73-b5b8-380a91aecf12-30084","trial_id":31,"user_attr":{"pruned_reasons":["M3 (Hit Rate < 60%)","M5 (Monotonicity <= 0.25)"]}}
{"op_code":5,"worker_id":"a52799e6-5cc7-4d48-9070-fbe7e812dff1-7108","trial_id":34,"param_name":"unified_alpha","param_value_internal":0.0007336266518231712,"distribution":"{\"name\": \"FloatDistribution\", \"attributes\": {\"step\": null, \"low\": 1e-05, \"high\": 10.0, \"log\": true}}"}
{"op_code":8,"worker_id":"f126388f-e0ac-4a73-b5b8-380a91aecf12-30084","trial_id":31,"user_attr":{"gini":0.412329656346055}}
{"op_code":8,"worker_id":"f126388f-e0ac-4a73-b5b8-380a91aecf12-30084","trial_id":31,"user_attr":{"cv_is_ics":[0.2289322167634964,0.20324495434761047,0.1870425045490265,0.16842986643314362,0.21000239253044128,0.24773983657360077,0.2332085371017456,0.23116201162338257,0.2745884358882904,0.23910176753997803,0.20704436302185059,0.2585200369358063,0.2086338996887207,0.20977281033992767,0.17420390248298645]}}
{"op_code":5,"worker_id":"a8ba4313-16dd-4963-9952-b98df0e8107b-20880","trial_id":33,"param_name":"unified_rho","param_value_internal":0.44777101528901575,"distribution":"{\"name\": \"FloatDistribution\", \"attributes\": {\"step\": null, \"low\": 0.0, \"high\": 1.0, \"log\": false}}"}
{"op_code":8,"worker_id":"f126388f-e0ac-4a73-b5b8-380a91aecf12-30084","trial_id":31,"user_attr":{"cv_oos_ics":[-0.02539036236703396,0.14123690128326416,0.08193561434745789,0.01634286530315876,-0.03191472217440605,0.030384067445993423,0.04141615331172943,-0.0012707284186035395,-0.03933151811361313,0.03392801433801651,0.003287474624812603,-0.03717494755983353,0.009862416423857212,0.058227770030498505,0.11836803704500198]}}
{"op_code":5,"worker_id":"a8ba4313-16dd-4963-9952-b98df0e8107b-20880","trial_id":33,"param_name":"unified_gamma","param_value_internal":41.98854689023227,"distribution":"{\"name\": \"FloatDistribution\", \"attributes\": {\"step\": null, \"low\": 1.5, \"high\": 10000.0, \"log\": true}}"}
{"op_code":8,"worker_id":"f126388f-e0ac-4a73-b5b8-380a91aecf12-30084","trial_id":31,"user_attr":{"reg_kappa":3.4377202673095337}}
{"op_code":5,"worker_id":"a8ba4313-16dd-4963-9952-b98df0e8107b-20880","trial_id":33,"param_name":"huber_delta","param_value_internal":4.497049995246885,"distribution":"{\"name\": \"FloatDistribution\", \"attributes\": {\"step\": null, \"low\": 0.5, \"high\": 5.0, \"log\": false}}"}
{"op_code":8,"worker_id":"f126388f-e0ac-4a73-b5b8-380a91aecf12-30084","trial_id":31,"user_attr":{"raw_metrics":[0.288082121941898,0.13256567617375772,0.3333333333333333,0.08361237973696871,0.03434343434343434,0.12616944185269427,-0.2451079950570908,-0.2436790019273758,0.5180555555555556]}}
{"op_code":8,"worker_id":"f126388f-e0ac-4a73-b5b8-380a91aecf12-30084","trial_id":31,"user_attr":{"val_metrics":[0.07268312825779721,-0.2847718330441059,0.5636363636363636,0.21554788627216348,-6.92623868112162]}}
{"op_code":8,"worker_id":"69e492d0-2577-4430-a16e-ac478cc6ed7f-16052","trial_id":14,"user_attr":{"cv_oos_ics":[-0.02097107470035553,0.1469097137451172,0.08112476021051407,0.023874176666140556,-0.03875879570841789,0.04082503542304039,0.039342500269412994,0.0028322702273726463,-0.031087512150406837,0.03749372810125351,0.0035087470896542072,-0.04581281915307045,0.019639484584331512,0.06022792309522629,0.11814011633396149]}}
{"op_code":5,"worker_id":"a52799e6-5cc7-4d48-9070-fbe7e812dff1-7108","trial_id":34,"param_name":"unified_rho","param_value_internal":0.441080011422998,"distribution":"{\"name\": \"FloatDistribution\", \"attributes\": {\"step\": null, \"low\": 0.0, \"high\": 1.0, \"log\": false}}"}
{"op_code":8,"worker_id":"f126388f-e0ac-4a73-b5b8-380a91aecf12-30084","trial_id":31,"user_attr":{"deflated_objective":-0.4454290385936631}}
{"op_code":8,"worker_id":"69e492d0-2577-4430-a16e-ac478cc6ed7f-16052","trial_id":14,"user_attr":{"reg_kappa":3.4332555901423514}}
{"op_code":8,"worker_id":"69e492d0-2577-4430-a16e-ac478cc6ed7f-16052","trial_id":14,"user_attr":{"raw_metrics":[0.2221804812145554,0.09851304803030174,0.3333333333333333,0.0852129888851207,0.19191919191919193,0.05016652341526253,-0.22930532966084397,-0.2748771011829376,0.5041666666666667]}}
{"op_code":5,"worker_id":"a52799e6-5cc7-4d48-9070-fbe7e812dff1-7108","trial_id":34,"param_name":"unified_gamma","param_value_internal":29.61435016739999,"distribution":"{\"name\": \"FloatDistribution\", \"attributes\": {\"step\": null, \"low\": 1.5, \"high\": 10000.0, \"log\": true}}"}
{"op_code":9,"worker_id":"f126388f-e0ac-4a73-b5b8-380a91aecf12-30084","trial_id":31,"system_attr":{"constraints":[-0.08361237973696871,-0.13256567617375772,0.26666666666666666,0.21565656565656566,-0.12616944185269427,-40.0,-8.0,-0.03843480843480843,-0.16666666666666663,-1371.6601267175538,-0.06805555555555559,-0.014590964590964539]}}
{"op_code":4,"worker_id":"c4be3faf-7294-46ea-a238-57e06fa0988c-31796","study_id":0,"datetime_start":"2026-07-14T11:39:06.085859"}
{"op_code":6,"worker_id":"f126388f-e0ac-4a73-b5b8-380a91aecf12-30084","trial_id":31,"state":1,"values":[-0.2450223186582012],"datetime_complete":"2026-07-14T11:39:06.119411"}
{"op_code":5,"worker_id":"a52799e6-5cc7-4d48-9070-fbe7e812dff1-7108","trial_id":34,"param_name":"huber_delta","param_value_internal":4.242198769023261,"distribution":"{\"name\": \"FloatDistribution\", \"attributes\": {\"step\": null, \"low\": 0.5, \"high\": 5.0, \"log\": false}}"}
{"op_code":4,"worker_id":"23873c76-3d54-414b-839e-11f950531cb3-11668","study_id":0,"datetime_start":"2026-07-14T11:39:06.119293"}
{"op_code":4,"worker_id":"d322df15-2401-4a15-8c24-47ad4cea70aa-23408","study_id":0,"datetime_start":"2026-07-14T11:39:06.125865"}
{"op_code":5,"worker_id":"23873c76-3d54-414b-839e-11f950531cb3-11668","trial_id":36,"param_name":"k_weight","param_value_internal":0.015869629527677176,"distribution":"{\"name\": \"FloatDistribution\", \"attributes\": {\"step\": null, \"low\": 0.0, \"high\": 1.5, \"log\": false}}"}
{"op_code":4,"worker_id":"c7421706-a595-4936-aad6-546c1aa496b9-30084","study_id":0,"datetime_start":"2026-07-14T11:39:06.128175"}
{"op_code":5,"worker_id":"23873c76-3d54-414b-839e-11f950531cb3-11668","trial_id":36,"param_name":"unified_alpha","param_value_internal":0.0009845487875242327,"distribution":"{\"name\": \"FloatDistribution\", \"attributes\": {\"step\": null, \"low\": 1e-05, \"high\": 10.0, \"log\": true}}"}
{"op_code":5,"worker_id":"c7421706-a595-4936-aad6-546c1aa496b9-30084","trial_id":38,"param_name":"k_weight","param_value_internal":0.027251426577758697,"distribution":"{\"name\": \"FloatDistribution\", \"attributes\": {\"step\": null, \"low\": 0.0, \"high\": 1.5, \"log\": false}}"}
{"op_code":5,"worker_id":"23873c76-3d54-414b-839e-11f950531cb3-11668","trial_id":36,"param_name":"unified_rho","param_value_internal":0.44458098839822974,"distribution":"{\"name\": \"FloatDistribution\", \"attributes\": {\"step\": null, \"low\": 0.0, \"high\": 1.0, \"log\": false}}"}
{"op_code":5,"worker_id":"c7421706-a595-4936-aad6-546c1aa496b9-30084","trial_id":38,"param_name":"unified_alpha","param_value_internal":0.0006959538229081091,"distribution":"{\"name\": \"FloatDistribution\", \"attributes\": {\"step\": null, \"low\": 1e-05, \"high\": 10.0, \"log\": true}}"}
{"op_code":5,"worker_id":"23873c76-3d54-414b-839e-11f950531cb3-11668","trial_id":36,"param_name":"unified_gamma","param_value_internal":33.30039609779648,"distribution":"{\"name\": \"FloatDistribution\", \"attributes\": {\"step\": null, \"low\": 1.5, \"high\": 10000.0, \"log\": true}}"}
{"op_code":5,"worker_id":"c7421706-a595-4936-aad6-546c1aa496b9-30084","trial_id":38,"param_name":"unified_rho","param_value_internal":0.44619285539734843,"distribution":"{\"name\": \"FloatDistribution\", \"attributes\": {\"step\": null, \"low\": 0.0, \"high\": 1.0, \"log\": false}}"}
{"op_code":5,"worker_id":"d322df15-2401-4a15-8c24-47ad4cea70aa-23408","trial_id":37,"param_name":"k_weight","param_value_internal":0.915896592993575,"distribution":"{\"name\": \"FloatDistribution\", \"attributes\": {\"step\": null, \"low\": 0.0, \"high\": 1.5, \"log\": false}}"}
{"op_code":5,"worker_id":"c7421706-a595-4936-aad6-546c1aa496b9-30084","trial_id":38,"param_name":"unified_gamma","param_value_internal":34.3215959700834,"distribution":"{\"name\": \"FloatDistribution\", \"attributes\": {\"step\": null, \"low\": 1.5, \"high\": 10000.0, \"log\": true}}"}
{"op_code":4,"worker_id":"dfea1c42-f7ac-4817-bcdf-23b08e4cc7c0-22852","study_id":0,"datetime_start":"2026-07-14T11:39:06.138019"}
{"op_code":5,"worker_id":"c7421706-a595-4936-aad6-546c1aa496b9-30084","trial_id":38,"param_name":"huber_delta","param_value_internal":4.5589489647438395,"distribution":"{\"name\": \"FloatDistribution\", \"attributes\": {\"step\": null, \"low\": 0.5, \"high\": 5.0, \"log\": false}}"}
{"op_code":5,"worker_id":"d322df15-2401-4a15-8c24-47ad4cea70aa-23408","trial_id":37,"param_name":"unified_alpha","param_value_internal":0.000832397521877063,"distribution":"{\"name\": \"FloatDistribution\", \"attributes\": {\"step\": null, \"low\": 1e-05, \"high\": 10.0, \"log\": true}}"}
{"op_code":8,"worker_id":"a8ba4313-16dd-4963-9952-b98df0e8107b-20880","trial_id":33,"user_attr":{"constraints":[-0.0848202564033343,-0.09876670203864912,0.26666666666666666,0.20757575757575755,-0.0196041862324919,-42.0,-8.0,-0.05236511236511237,-0.5,-1370.26881602733,-0.058251633986928175,0.003927553927553895]}}
{"op_code":5,"worker_id":"d322df15-2401-4a15-8c24-47ad4cea70aa-23408","trial_id":37,"param_name":"unified_rho","param_value_internal":0.44851684449760143,"distribution":"{\"name\": \"FloatDistribution\", \"attributes\": {\"step\": null, \"low\": 0.0, \"high\": 1.0, \"log\": false}}"}
{"op_code":8,"worker_id":"a8ba4313-16dd-4963-9952-b98df0e8107b-20880","trial_id":33,"user_attr":{"pruned_reasons":["M3 (Hit Rate < 60%)","M5 (Monotonicity <= 0.25)","Side-specific Yearly Daily Win Rate (44.61% < 45%)"]}}
{"op_code":5,"worker_id":"d322df15-2401-4a15-8c24-47ad4cea70aa-23408","trial_id":37,"param_name":"unified_gamma","param_value_internal":26.717745754251464,"distribution":"{\"name\": \"FloatDistribution\", \"attributes\": {\"step\": null, \"low\": 1.5, \"high\": 10000.0, \"log\": true}}"}
{"op_code":8,"worker_id":"a8ba4313-16dd-4963-9952-b98df0e8107b-20880","trial_id":33,"user_attr":{"gini":0.42958411935378504}}
{"op_code":8,"worker_id":"a8ba4313-16dd-4963-9952-b98df0e8107b-20880","trial_id":33,"user_attr":{"cv_is_ics":[0.22106604278087616,0.19684119522571564,0.1898244470357895,0.17237985134124756,0.20786906778812408,0.2426379919052124,0.22834846377372742,0.23215852677822113,0.2723842263221741,0.2393535077571869,0.20822323858737946,0.2519257664680481,0.20986342430114746,0.21418139338493347,0.17848604917526245]}}
{"op_code":8,"worker_id":"a8ba4313-16dd-4963-9952-b98df0e8107b-20880","trial_id":33,"user_attr":{"cv_oos_ics":[-0.024810291826725006,0.13248507678508759,0.08542085438966751,0.016236968338489532,-0.0368330255150795,0.01698751375079155,0.04949264973402023,-0.008003692142665386,-0.05905231833457947,0.026293974369764328,0.0005010237800888717,-0.04941929504275322,0.014635572209954262,0.04751686006784439,0.12097907811403275]}}
{"op_code":5,"worker_id":"d322df15-2401-4a15-8c24-47ad4cea70aa-23408","trial_id":37,"param_name":"huber_delta","param_value_internal":4.444865794241522,"distribution":"{\"name\": \"FloatDistribution\", \"attributes\": {\"step\": null, \"low\": 0.5, \"high\": 5.0, \"log\": false}}"}
{"op_code":5,"worker_id":"23873c76-3d54-414b-839e-11f950531cb3-11668","trial_id":36,"param_name":"huber_delta","param_value_internal":4.648206048652343,"distribution":"{\"name\": \"FloatDistribution\", \"attributes\": {\"step\": null, \"low\": 0.5, \"high\": 5.0, \"log\": false}}"}
{"op_code":5,"worker_id":"c4be3faf-7294-46ea-a238-57e06fa0988c-31796","trial_id":35,"param_name":"k_weight","param_value_internal":0.05055659746428401,"distribution":"{\"name\": \"FloatDistribution\", \"attributes\": {\"step\": null, \"low\": 0.0, \"high\": 1.5, \"log\": false}}"}
{"op_code":8,"worker_id":"a8ba4313-16dd-4963-9952-b98df0e8107b-20880","trial_id":33,"user_attr":{"reg_kappa":3.4315166142715663}}
{"op_code":5,"worker_id":"c4be3faf-7294-46ea-a238-57e06fa0988c-31796","trial_id":35,"param_name":"unified_alpha","param_value_internal":0.0008656504198292097,"distribution":"{\"name\": \"FloatDistribution\", \"attributes\": {\"step\": null, \"low\": 1e-05, \"high\": 10.0, \"log\": true}}"}
{"op_code":8,"worker_id":"a52799e6-5cc7-4d48-9070-fbe7e812dff1-7108","trial_id":34,"user_attr":{"constraints":[-0.08843633257968016,0.06721546129734939,0.26666666666666666,0.15909090909090912,0.1613150540416277,-24.0,-8.0,0.22748759748759748,0.5,-1392.4871943008077,-0.037418300653594805,-0.040231990231990256]}}
{"op_code":5,"worker_id":"c4be3faf-7294-46ea-a238-57e06fa0988c-31796","trial_id":35,"param_name":"unified_rho","param_value_internal":0.44735821114744057,"distribution":"{\"name\": \"FloatDistribution\", \"attributes\": {\"step\": null, \"low\": 0.0, \"high\": 1.0, \"log\": false}}"}
{"op_code":8,"worker_id":"a52799e6-5cc7-4d48-9070-fbe7e812dff1-7108","trial_id":34,"user_attr":{"pruned_reasons":["M2 (Yearly Tail IC Mean <= 0)","M3 (Hit Rate < 60%)","M5 (Monotonicity <= 0.25)","M6 (Top-Bottom Spread <= 0)","Side-specific Yearly Tail IC Mean (-0.2275 <= 0)","Side-specific Hit Rate (0.00% < 50%)"]}}
{"op_code":5,"worker_id":"c4be3faf-7294-46ea-a238-57e06fa0988c-31796","trial_id":35,"param_name":"unified_gamma","param_value_internal":6.845515579866315,"distribution":"{\"name\": \"FloatDistribution\", \"attributes\": {\"step\": null, \"low\": 1.5, \"high\": 10000.0, \"log\": true}}"}
{"op_code":8,"worker_id":"a52799e6-5cc7-4d48-9070-fbe7e812dff1-7108","trial_id":34,"user_attr":{"gini":0.44057968845001017}}
{"op_code":8,"worker_id":"a8ba4313-16dd-4963-9952-b98df0e8107b-20880","trial_id":33,"user_attr":{"raw_metrics":[0.25928268263263266,0.09876670203864912,0.3333333333333333,0.0848202564033343,0.04242424242424244,0.0196041862324919,-0.23356225075562762,-0.2224714159965515,0.5082516339869282]}}
{"op_code":8,"worker_id":"a8ba4313-16dd-4963-9952-b98df0e8107b-20880","trial_id":33,"user_attr":{"val_metrics":[0.07173598343362227,-0.2842380975697833,0.40606060606060607,0.14425821066496594,-6.780449646300905]}}
{"op_code":5,"worker_id":"c4be3faf-7294-46ea-a238-57e06fa0988c-31796","trial_id":35,"param_name":"huber_delta","param_value_internal":4.607499346457855,"distribution":"{\"name\": \"FloatDistribution\", \"attributes\": {\"step\": null, \"low\": 0.5, \"high\": 5.0, \"log\": false}}"}
{"op_code":8,"worker_id":"a52799e6-5cc7-4d48-9070-fbe7e812dff1-7108","trial_id":34,"user_attr":{"cv_is_ics":[0.21207021176815033,0.1710807979106903,0.15016044676303864,0.15993233025074005,0.19718807935714722,0.23453731834888458,0.20121920108795166,0.21599605679512024,0.25761812925338745,0.20862933993339539,0.1952616572380066,0.23275385797023773,0.19142290949821472,0.180887371301651,0.16865846514701843]}}
{"op_code":8,"worker_id":"a52799e6-5cc7-4d48-9070-fbe7e812dff1-7108","trial_id":34,"user_attr":{"cv_oos_ics":[-0.038077641278505325,0.09870271384716034,0.0726700872182846,0.005781644023954868,-0.05589068681001663,0.011161687783896923,0.024839576333761215,0.01879856176674366,-0.043769046664237976,0.017284857109189034,0.00410302123054862,-0.052235014736652374,0.020978180691599846,0.035891152918338776,0.11423131078481674]}}
{"op_code":5,"worker_id":"dfea1c42-f7ac-4817-bcdf-23b08e4cc7c0-22852","trial_id":39,"param_name":"k_weight","param_value_internal":0.002674241697971924,"distribution":"{\"name\": \"FloatDistribution\", \"attributes\": {\"step\": null, \"low\": 0.0, \"high\": 1.5, \"log\": false}}"}
{"op_code":8,"worker_id":"c7421706-a595-4936-aad6-546c1aa496b9-30084","trial_id":38,"user_attr":{"constraints":[-0.08728495436195137,-0.15337999803402988,0.26666666666666666,0.07424242424242422,0.009546703404801756,-43.0,-8.0,0.039959299959299956,0.16666666666666669,-1371.0449238571578,-0.04844771241830065,-0.052950752950752966]}}
{"op_code":5,"worker_id":"dfea1c42-f7ac-4817-bcdf-23b08e4cc7c0-22852","trial_id":39,"param_name":"unified_alpha","param_value_internal":0.0012410778544076205,"distribution":"{\"name\": \"FloatDistribution\", \"attributes\": {\"step\": null, \"low\": 1e-05, \"high\": 10.0, \"log\": true}}"}
{"op_code":8,"worker_id":"a52799e6-5cc7-4d48-9070-fbe7e812dff1-7108","trial_id":34,"user_attr":{"reg_kappa":3.4870603073465576}}
{"op_code":8,"worker_id":"a52799e6-5cc7-4d48-9070-fbe7e812dff1-7108","trial_id":34,"user_attr":{"raw_metrics":[-0.21223109282218924,-0.06721546129734939,0.3333333333333333,0.08843633257968016,0.0909090909090909,-0.1613150540416277,-0.3485106490467191,-0.3288404643535614,0.4874183006535948]}}
{"op_code":8,"worker_id":"a52799e6-5cc7-4d48-9070-fbe7e812dff1-7108","trial_id":34,"user_attr":{"val_metrics":[0.09461077718063686,-0.5595636078828972,0.4666666666666667,0.27314556736930984,-4.953152720832558]}}
{"op_code":5,"worker_id":"dfea1c42-f7ac-4817-bcdf-23b08e4cc7c0-22852","trial_id":39,"param_name":"unified_rho","param_value_internal":0.44114276085599274,"distribution":"{\"name\": \"FloatDistribution\", \"attributes\": {\"step\": null, \"low\": 0.0, \"high\": 1.0, \"log\": false}}"}
{"op_code":8,"worker_id":"a52799e6-5cc7-4d48-9070-fbe7e812dff1-7108","trial_id":34,"user_attr":{"deflated_objective":0.2268715151389141}}
{"op_code":9,"worker_id":"a52799e6-5cc7-4d48-9070-fbe7e812dff1-7108","trial_id":34,"system_attr":{"constraints":[-0.08843633257968016,0.06721546129734939,0.26666666666666666,0.15909090909090912,0.1613150540416277,-24.0,-8.0,0.22748759748759748,0.5,-1392.4871943008077,-0.037418300653594805,-0.040231990231990256]}}
{"op_code":8,"worker_id":"a8ba4313-16dd-4963-9952-b98df0e8107b-20880","trial_id":33,"user_attr":{"deflated_objective":-0.39471127274716145}}
{"op_code":5,"worker_id":"dfea1c42-f7ac-4817-bcdf-23b08e4cc7c0-22852","trial_id":39,"param_name":"unified_gamma","param_value_internal":29.563428665239343,"distribution":"{\"name\": \"FloatDistribution\", \"attributes\": {\"step\": null, \"low\": 1.5, \"high\": 10000.0, \"log\": true}}"}
{"op_code":8,"worker_id":"d322df15-2401-4a15-8c24-47ad4cea70aa-23408","trial_id":37,"user_attr":{"constraints":[-0.0892635113075839,0.06788543915309515,0.26666666666666666,0.19545454545454544,0.14206693162325937,-25.0,-8.0,0.1362889262889263,0.5,-1390.704617111972,-0.037418300653594805,-0.027411477411477425]}}
{"op_code":8,"worker_id":"7456da1f-b0d9-4c81-b72f-7a9913b34da8-19176","trial_id":28,"user_attr":{"gini":0.4109293577276527}}
{"op_code":8,"worker_id":"c7421706-a595-4936-aad6-546c1aa496b9-30084","trial_id":38,"user_attr":{"pruned_reasons":["M3 (Hit Rate < 60%)","M5 (Monotonicity <= 0.25)","M6 (Top-Bottom Spread <= 0)","Side-specific Yearly Tail IC Mean (-0.0400 <= 0)","Side-specific Hit Rate (33.33% < 50%)"]}}
{"op_code":8,"worker_id":"c7421706-a595-4936-aad6-546c1aa496b9-30084","trial_id":38,"user_attr":{"gini":0.4323315385880231}}
{"op_code":8,"worker_id":"d322df15-2401-4a15-8c24-47ad4cea70aa-23408","trial_id":37,"user_attr":{"pruned_reasons":["M2 (Yearly Tail IC Mean <= 0)","M3 (Hit Rate < 60%)","M5 (Monotonicity <= 0.25)","M6 (Top-Bottom Spread <= 0)","Side-specific Yearly Tail IC Mean (-0.1363 <= 0)","Side-specific Hit Rate (0.00% < 50%)"]}}
{"op_code":8,"worker_id":"d322df15-2401-4a15-8c24-47ad4cea70aa-23408","trial_id":37,"user_attr":{"gini":0.45583671750535615}}
{"op_code":8,"worker_id":"7456da1f-b0d9-4c81-b72f-7a9913b34da8-19176","trial_id":28,"user_attr":{"cv_is_ics":[0.22999697923660278,0.20445048809051514,0.18637488782405853,0.16880638897418976,0.21025487780570984,0.24745751917362213,0.2330850213766098,0.23116791248321533,0.2751501798629761,0.23875316977500916,0.20791170001029968,0.2594216763973236,0.2096724659204483,0.20815409719944,0.17494335770606995]}}
{"op_code":8,"worker_id":"c7421706-a595-4936-aad6-546c1aa496b9-30084","trial_id":38,"user_attr":{"cv_is_ics":[0.22504235804080963,0.19830769300460815,0.19357649981975555,0.1734592318534851,0.21344755589962006,0.2406148910522461,0.23106998205184937,0.2328178733587265,0.2729452848434448,0.23930580914020538,0.20967307686805725,0.2533082962036133,0.2119113951921463,0.21892684698104858,0.18279890716075897]}}
{"op_code":8,"worker_id":"c7421706-a595-4936-aad6-546c1aa496b9-30084","trial_id":38,"user_attr":{"cv_oos_ics":[-0.019897863268852234,0.1385546177625656,0.08068377524614334,0.021691439673304558,-0.037287335842847824,0.0153690529987216,0.04822506755590439,-0.017120061442255974,-0.05877167731523514,0.022840479388833046,-0.001493588206358254,-0.04988134652376175,0.01628721132874489,0.0435367077589035,0.1239839419722557]}}
{"op_code":8,"worker_id":"c4be3faf-7294-46ea-a238-57e06fa0988c-31796","trial_id":35,"user_attr":{"constraints":[-0.0869659658737006,-0.12895665035840256,0.26666666666666666,0.16313131313131313,-0.019781027484871833,-43.0,-8.0,0.06200970200970201,0.16666666666666669,-1370.7644390109776,-0.04844771241830065,-0.052950752950752966]}}
{"op_code":8,"worker_id":"7456da1f-b0d9-4c81-b72f-7a9913b34da8-19176","trial_id":28,"user_attr":{"cv_oos_ics":[-0.02490512654185295,0.1403675675392151,0.08170010149478912,0.017945541068911552,-0.031137900426983833,0.03179073706269264,0.041605815291404724,-0.0035340157337486744,-0.03830663859844208,0.03296704217791557,0.0014414312317967415,-0.03658265247941017,0.009451482445001602,0.057950228452682495,0.1184099018573761]}}
{"op_code":8,"worker_id":"c4be3faf-7294-46ea-a238-57e06fa0988c-31796","trial_id":35,"user_attr":{"pruned_reasons":["M3 (Hit Rate < 60%)","M5 (Monotonicity <= 0.25)","Side-specific Yearly Tail IC Mean (-0.0620 <= 0)","Side-specific Hit Rate (33.33% < 50%)"]}}
{"op_code":8,"worker_id":"d322df15-2401-4a15-8c24-47ad4cea70aa-23408","trial_id":37,"user_attr":{"cv_is_ics":[0.2102920413017273,0.16880035400390625,0.15096913278102875,0.16007649898529053,0.19619101285934448,0.23318910598754883,0.20022648572921753,0.2143612951040268,0.2549844980239868,0.2073693573474884,0.1952762007713318,0.23141196370124817,0.19203810393810272,0.1783263087272644,0.16792400181293488]}}
{"op_code":8,"worker_id":"d322df15-2401-4a15-8c24-47ad4cea70aa-23408","trial_id":37,"user_attr":{"cv_oos_ics":[-0.03956654295325279,0.09594297409057617,0.07139769196510315,0.0007444380316883326,-0.05276480317115784,0.006717243697494268,0.024248458445072174,0.017837611958384514,-0.04769646003842354,0.018302729353308678,0.005773627199232578,-0.051994688808918,0.020020388066768646,0.03454841300845146,0.1140359491109848]}}
{"op_code":8,"worker_id":"7456da1f-b0d9-4c81-b72f-7a9913b34da8-19176","trial_id":28,"user_attr":{"reg_kappa":3.438041021470698}}
{"op_code":8,"worker_id":"691fed90-40c0-4445-a159-b29479c57a8c-3216","trial_id":32,"user_attr":{"val_metrics":[0.0716033475512895,-0.2989293394053625,0.503030303030303,0.21554788627216348,-6.849408820015801]}}
{"op_code":8,"worker_id":"d322df15-2401-4a15-8c24-47ad4cea70aa-23408","trial_id":37,"user_attr":{"reg_kappa":3.4822610923737036}}
{"op_code":8,"worker_id":"7456da1f-b0d9-4c81-b72f-7a9913b34da8-19176","trial_id":28,"user_attr":{"raw_metrics":[0.292772752236432,0.1344246402622945,0.3333333333333333,0.08451493582219387,0.0909090909090909,0.10939055439620433,-0.2458746627032799,-0.24486874043941498,0.5111111111111111]}}
{"op_code":8,"worker_id":"7456da1f-b0d9-4c81-b72f-7a9913b34da8-19176","trial_id":28,"user_attr":{"val_metrics":[0.0734170764791621,-0.27662068623513353,0.5757575757575758,0.28987193435592495,-6.868106645787305]}}
{"op_code":8,"worker_id":"c4be3faf-7294-46ea-a238-57e06fa0988c-31796","trial_id":35,"user_attr":{"gini":0.4304162354782295}}
{"op_code":8,"worker_id":"c4be3faf-7294-46ea-a238-57e06fa0988c-31796","trial_id":35,"user_attr":{"cv_is_ics":[0.22422729432582855,0.19802971184253693,0.19111141562461853,0.1729823350906372,0.21158240735530853,0.24212366342544556,0.22991584241390228,0.2342483550310135,0.2736303508281708,0.23859868943691254,0.20982575416564941,0.25095081329345703,0.211537703871727,0.21833586692810059,0.1822623312473297]}}
{"op_code":6,"worker_id":"a52799e6-5cc7-4d48-9070-fbe7e812dff1-7108","trial_id":34,"state":1,"values":[0.42679115065004003],"datetime_complete":"2026-07-14T11:39:06.192376"}
{"op_code":8,"worker_id":"7456da1f-b0d9-4c81-b72f-7a9913b34da8-19176","trial_id":28,"user_attr":{"deflated_objective":-0.40979638501573823}}
{"op_code":9,"worker_id":"7456da1f-b0d9-4c81-b72f-7a9913b34da8-19176","trial_id":28,"system_attr":{"constraints":[-0.08451493582219387,-0.1344246402622945,0.26666666666666666,0.15909090909090912,-0.10939055439620433,-39.0,-8.0,-0.0338038038038038,-0.16666666666666663,-1371.7905547121718,-0.06111111111111106,-0.014590964590964539]}}
{"op_code":5,"worker_id":"dfea1c42-f7ac-4817-bcdf-23b08e4cc7c0-22852","trial_id":39,"param_name":"huber_delta","param_value_internal":4.445027913824148,"distribution":"{\"name\": \"FloatDistribution\", \"attributes\": {\"step\": null, \"low\": 0.5, \"high\": 5.0, \"log\": false}}"}
{"op_code":6,"worker_id":"7456da1f-b0d9-4c81-b72f-7a9913b34da8-19176","trial_id":28,"state":1,"values":[-0.21722352976940817],"datetime_complete":"2026-07-14T11:39:06.232016"}
{"op_code":8,"worker_id":"c4be3faf-7294-46ea-a238-57e06fa0988c-31796","trial_id":35,"user_attr":{"cv_oos_ics":[-0.020149175077676773,0.13869844377040863,0.08294088393449783,0.021288398653268814,-0.03803469240665436,0.01558716595172882,0.04918602854013443,-0.015425757504999638,-0.060379546135663986,0.021751482039690018,-0.0025556953623890877,-0.04857426881790161,0.016231892630457878,0.044978681951761246,0.12219621986150742]}}
{"op_code":4,"worker_id":"9e6558dc-f79e-46db-8acb-47eee624867d-7108","study_id":0,"datetime_start":"2026-07-14T11:39:06.235354"}
{"op_code":8,"worker_id":"d322df15-2401-4a15-8c24-47ad4cea70aa-23408","trial_id":37,"user_attr":{"raw_metrics":[-0.21318172749763614,-0.06788543915309515,0.3333333333333333,0.0892635113075839,0.054545454545454564,-0.14206693162325937,-0.33918995450423955,-0.3242732584476471,0.4874183006535948]}}
{"op_code":5,"worker_id":"9e6558dc-f79e-46db-8acb-47eee624867d-7108","trial_id":40,"param_name":"k_weight","param_value_internal":0.15970545772633415,"distribution":"{\"name\": \"FloatDistribution\", \"attributes\": {\"step\": null, \"low\": 0.0, \"high\": 1.5, \"log\": false}}"}
{"op_code":8,"worker_id":"c4be3faf-7294-46ea-a238-57e06fa0988c-31796","trial_id":35,"user_attr":{"reg_kappa":3.4322811123133916}}
{"op_code":8,"worker_id":"c4be3faf-7294-46ea-a238-57e06fa0988c-31796","trial_id":35,"user_attr":{"raw_metrics":[0.3142703735025002,0.12895665035840256,0.3333333333333333,0.0869659658737006,0.08686868686868687,0.019781027484871833,-0.22954477500298223,-0.20989806950092316,0.49844771241830066]}}
{"op_code":8,"worker_id":"d322df15-2401-4a15-8c24-47ad4cea70aa-23408","trial_id":37,"user_attr":{"val_metrics":[0.09451508350714175,-0.5560567240526948,0.503030303030303,0.27314556736930984,-5.564705235931752]}}
{"op_code":5,"worker_id":"9e6558dc-f79e-46db-8acb-47eee624867d-7108","trial_id":40,"param_name":"unified_alpha","param_value_internal":6.050200191592135e-05,"distribution":"{\"name\": \"FloatDistribution\", \"attributes\": {\"step\": null, \"low\": 1e-05, \"high\": 10.0, \"log\": true}}"}
{"op_code":8,"worker_id":"d322df15-2401-4a15-8c24-47ad4cea70aa-23408","trial_id":37,"user_attr":{"deflated_objective":-0.00548301403217738}}
{"op_code":5,"worker_id":"9e6558dc-f79e-46db-8acb-47eee624867d-7108","trial_id":40,"param_name":"unified_rho","param_value_internal":0.773618710181589,"distribution":"{\"name\": \"FloatDistribution\", \"attributes\": {\"step\": null, \"low\": 0.0, \"high\": 1.0, \"log\": false}}"}
{"op_code":9,"worker_id":"d322df15-2401-4a15-8c24-47ad4cea70aa-23408","trial_id":37,"system_attr":{"constraints":[-0.0892635113075839,0.06788543915309515,0.26666666666666666,0.19545454545454544,0.14206693162325937,-25.0,-8.0,0.1362889262889263,0.5,-1390.704617111972,-0.037418300653594805,-0.027411477411477425]}}
{"op_code":5,"worker_id":"9e6558dc-f79e-46db-8acb-47eee624867d-7108","trial_id":40,"param_name":"unified_gamma","param_value_internal":5.092289501632885,"distribution":"{\"name\": \"FloatDistribution\", \"attributes\": {\"step\": null, \"low\": 1.5, \"high\": 10000.0, \"log\": true}}"}
{"op_code":6,"worker_id":"d322df15-2401-4a15-8c24-47ad4cea70aa-23408","trial_id":37,"state":1,"values":[0.18719969243541656],"datetime_complete":"2026-07-14T11:39:06.253760"}
{"op_code":8,"worker_id":"691fed90-40c0-4445-a159-b29479c57a8c-3216","trial_id":32,"user_attr":{"deflated_objective":-0.4188271466983475}}
{"op_code":9,"worker_id":"691fed90-40c0-4445-a159-b29479c57a8c-3216","trial_id":32,"system_attr":{"constraints":[-0.08327633231580404,-0.1039053790439451,0.26666666666666666,0.2196969696969697,-0.12616944185269427,-40.0,-8.0,0.009920909920909918,0.16666666666666669,-1371.6407072706654,-0.06805555555555559,-0.014590964590964539]}}
{"op_code":5,"worker_id":"9e6558dc-f79e-46db-8acb-47eee624867d-7108","trial_id":40,"param_name":"huber_delta","param_value_internal":3.1139730737284244,"distribution":"{\"name\": \"FloatDistribution\", \"attributes\": {\"step\": null, \"low\": 0.5, \"high\": 5.0, \"log\": false}}"}
{"op_code":9,"worker_id":"a8ba4313-16dd-4963-9952-b98df0e8107b-20880","trial_id":33,"system_attr":{"constraints":[-0.0848202564033343,-0.09876670203864912,0.26666666666666666,0.20757575757575755,-0.0196041862324919,-42.0,-8.0,-0.05236511236511237,-0.5,-1370.26881602733,-0.058251633986928175,0.003927553927553895]}}
{"op_code":8,"worker_id":"c4be3faf-7294-46ea-a238-57e06fa0988c-31796","trial_id":35,"user_attr":{"val_metrics":[0.06565298140730698,-0.24781268637396964,0.503030303030303,0.20523090772600708,-7.461733704767303]}}
{"op_code":4,"worker_id":"8617ce3e-7192-4de2-b4ba-0ea60eb90ef2-23408","study_id":0,"datetime_start":"2026-07-14T11:39:06.263835"}
{"op_code":8,"worker_id":"c4be3faf-7294-46ea-a238-57e06fa0988c-31796","trial_id":35,"user_attr":{"deflated_objective":-0.6489328045350811}}
{"op_code":5,"worker_id":"8617ce3e-7192-4de2-b4ba-0ea60eb90ef2-23408","trial_id":41,"param_name":"k_weight","param_value_internal":0.15538291724135522,"distribution":"{\"name\": \"FloatDistribution\", \"attributes\": {\"step\": null, \"low\": 0.0, \"high\": 1.5, \"log\": false}}"}
{"op_code":8,"worker_id":"23873c76-3d54-414b-839e-11f950531cb3-11668","trial_id":36,"user_attr":{"constraints":[-0.08762964773733868,-0.15515304767941993,0.26666666666666666,0.07424242424242422,0.009546703404801756,-43.0,-8.0,0.01785103785103785,0.16666666666666669,-1371.207346443176,-0.04844771241830065,-0.052950752950752966]}}
{"op_code":5,"worker_id":"8617ce3e-7192-4de2-b4ba-0ea60eb90ef2-23408","trial_id":41,"param_name":"unified_alpha","param_value_internal":6.04957943810848e-05,"distribution":"{\"name\": \"FloatDistribution\", \"attributes\": {\"step\": null, \"low\": 1e-05, \"high\": 10.0, \"log\": true}}"}
{"op_code":8,"worker_id":"dfea1c42-f7ac-4817-bcdf-23b08e4cc7c0-22852","trial_id":39,"user_attr":{"constraints":[-0.08774715160216207,-0.14858991952680492,0.26666666666666666,0.14696969696969697,-0.04190335094271336,-43.0,-8.0,0.015601755601755604,0.16666666666666669,-1371.4158087304818,-0.04844771241830065,-0.052950752950752966]}}
{"op_code":5,"worker_id":"8617ce3e-7192-4de2-b4ba-0ea60eb90ef2-23408","trial_id":41,"param_name":"unified_rho","param_value_internal":0.8092230566187619,"distribution":"{\"name\": \"FloatDistribution\", \"attributes\": {\"step\": null, \"low\": 0.0, \"high\": 1.0, \"log\": false}}"}
{"op_code":4,"worker_id":"bec30583-9054-4854-ab5d-19add34d6ead-29612","study_id":0,"datetime_start":"2026-07-14T11:39:05.757751"}
{"op_code":9,"worker_id":"c4be3faf-7294-46ea-a238-57e06fa0988c-31796","trial_id":35,"system_attr":{"constraints":[-0.0869659658737006,-0.12895665035840256,0.26666666666666666,0.16313131313131313,-0.019781027484871833,-43.0,-8.0,0.06200970200970201,0.16666666666666669,-1370.7644390109776,-0.04844771241830065,-0.052950752950752966]}}
{"op_code":8,"worker_id":"dfea1c42-f7ac-4817-bcdf-23b08e4cc7c0-22852","trial_id":39,"user_attr":{"pruned_reasons":["M3 (Hit Rate < 60%)","M5 (Monotonicity <= 0.25)","Side-specific Yearly Tail IC Mean (-0.0156 <= 0)","Side-specific Hit Rate (33.33% < 50%)"]}}
{"op_code":5,"worker_id":"8617ce3e-7192-4de2-b4ba-0ea60eb90ef2-23408","trial_id":41,"param_name":"unified_gamma","param_value_internal":5.622124495546293,"distribution":"{\"name\": \"FloatDistribution\", \"attributes\": {\"step\": null, \"low\": 1.5, \"high\": 10000.0, \"log\": true}}"}
{"op_code":6,"worker_id":"a8ba4313-16dd-4963-9952-b98df0e8107b-20880","trial_id":33,"state":1,"values":[-0.20234550078444713],"datetime_complete":"2026-07-14T11:39:06.262417"}
{"op_code":5,"worker_id":"bec30583-9054-4854-ab5d-19add34d6ead-29612","trial_id":42,"param_name":"k_weight","param_value_internal":0.1740109720886692,"distribution":"{\"name\": \"FloatDistribution\", \"attributes\": {\"step\": null, \"low\": 0.0, \"high\": 1.5, \"log\": false}}"}
{"op_code":8,"worker_id":"dfea1c42-f7ac-4817-bcdf-23b08e4cc7c0-22852","trial_id":39,"user_attr":{"gini":0.43447786010222633}}
{"op_code":5,"worker_id":"bec30583-9054-4854-ab5d-19add34d6ead-29612","trial_id":42,"param_name":"unified_alpha","param_value_internal":6.899125945650545e-05,"distribution":"{\"name\": \"FloatDistribution\", \"attributes\": {\"step\": null, \"low\": 1e-05, \"high\": 10.0, \"log\": true}}"}
{"op_code":6,"worker_id":"c4be3faf-7294-46ea-a238-57e06fa0988c-31796","trial_id":35,"state":1,"values":[-0.4512002901734571],"datetime_complete":"2026-07-14T11:39:06.277997"}
{"op_code":8,"worker_id":"23873c76-3d54-414b-839e-11f950531cb3-11668","trial_id":36,"user_attr":{"pruned_reasons":["M3 (Hit Rate < 60%)","M5 (Monotonicity <= 0.25)","M6 (Top-Bottom Spread <= 0)","Side-specific Yearly Tail IC Mean (-0.0179 <= 0)","Side-specific Hit Rate (33.33% < 50%)"]}}
{"op_code":4,"worker_id":"3e13d8dc-2178-46fc-932b-79d121a2d017-20880","study_id":0,"datetime_start":"2026-07-14T11:39:06.289687"}
{"op_code":5,"worker_id":"8617ce3e-7192-4de2-b4ba-0ea60eb90ef2-23408","trial_id":41,"param_name":"huber_delta","param_value_internal":3.1179249687525514,"distribution":"{\"name\": \"FloatDistribution\", \"attributes\": {\"step\": null, \"low\": 0.5, \"high\": 5.0, \"log\": false}}"}
{"op_code":5,"worker_id":"3e13d8dc-2178-46fc-932b-79d121a2d017-20880","trial_id":43,"param_name":"k_weight","param_value_internal":0.22250808688151028,"distribution":"{\"name\": \"FloatDistribution\", \"attributes\": {\"step\": null, \"low\": 0.0, \"high\": 1.5, \"log\": false}}"}
{"op_code":4,"worker_id":"50024cc6-db97-41d6-9fb4-1a3738fd9929-31796","study_id":0,"datetime_start":"2026-07-14T11:39:06.295904"}
{"op_code":5,"worker_id":"3e13d8dc-2178-46fc-932b-79d121a2d017-20880","trial_id":43,"param_name":"unified_alpha","param_value_internal":8.416838223906716e-05,"distribution":"{\"name\": \"FloatDistribution\", \"attributes\": {\"step\": null, \"low\": 1e-05, \"high\": 10.0, \"log\": true}}"}
{"op_code":8,"worker_id":"9e6558dc-f79e-46db-8acb-47eee624867d-7108","trial_id":40,"user_attr":{"constraints":[-0.08974352542616854,-0.10782065243892529,0.26666666666666666,0.15101010101010104,-0.18238812043897668,-42.0,-8.0,-0.056475046475046475,-0.16666666666666663,-1370.2617976638157,-0.10138888888888892,-0.062210012210012156]}}
{"op_code":5,"worker_id":"50024cc6-db97-41d6-9fb4-1a3738fd9929-31796","trial_id":44,"param_name":"k_weight","param_value_internal":0.5639051061645795,"distribution":"{\"name\": \"FloatDistribution\", \"attributes\": {\"step\": null, \"low\": 0.0, \"high\": 1.5, \"log\": false}}"}
{"op_code":5,"worker_id":"3e13d8dc-2178-46fc-932b-79d121a2d017-20880","trial_id":43,"param_name":"unified_rho","param_value_internal":0.7716913301106605,"distribution":"{\"name\": \"FloatDistribution\", \"attributes\": {\"step\": null, \"low\": 0.0, \"high\": 1.0, \"log\": false}}"}
{"op_code":5,"worker_id":"50024cc6-db97-41d6-9fb4-1a3738fd9929-31796","trial_id":44,"param_name":"unified_alpha","param_value_internal":4.804128796053278e-05,"distribution":"{\"name\": \"FloatDistribution\", \"attributes\": {\"step\": null, \"low\": 1e-05, \"high\": 10.0, \"log\": true}}"}
{"op_code":5,"worker_id":"bec30583-9054-4854-ab5d-19add34d6ead-29612","trial_id":42,"param_name":"unified_rho","param_value_internal":0.7619598491966856,"distribution":"{\"name\": \"FloatDistribution\", \"attributes\": {\"step\": null, \"low\": 0.0, \"high\": 1.0, \"log\": false}}"}
{"op_code":5,"worker_id":"50024cc6-db97-41d6-9fb4-1a3738fd9929-31796","trial_id":44,"param_name":"unified_rho","param_value_internal":0.7969673439153553,"distribution":"{\"name\": \"FloatDistribution\", \"attributes\": {\"step\": null, \"low\": 0.0, \"high\": 1.0, \"log\": false}}"}
{"op_code":4,"worker_id":"b4895bc6-1ba8-404c-8886-fdcd713c039b-19176","study_id":0,"datetime_start":"2026-07-14T11:39:06.241704"}
{"op_code":8,"worker_id":"9e6558dc-f79e-46db-8acb-47eee624867d-7108","trial_id":40,"user_attr":{"pruned_reasons":["M3 (Hit Rate < 60%)","M5 (Monotonicity <= 0.25)"]}}
{"op_code":5,"worker_id":"b4895bc6-1ba8-404c-8886-fdcd713c039b-19176","trial_id":45,"param_name":"k_weight","param_value_internal":0.5318570764848527,"distribution":"{\"name\": \"FloatDistribution\", \"attributes\": {\"step\": null, \"low\": 0.0, \"high\": 1.5, \"log\": false}}"}
{"op_code":5,"worker_id":"3e13d8dc-2178-46fc-932b-79d121a2d017-20880","trial_id":43,"param_name":"unified_gamma","param_value_internal":5.051992011678886,"distribution":"{\"name\": \"FloatDistribution\", \"attributes\": {\"step\": null, \"low\": 1.5, \"high\": 10000.0, \"log\": true}}"}
{"op_code":5,"worker_id":"b4895bc6-1ba8-404c-8886-fdcd713c039b-19176","trial_id":45,"param_name":"unified_alpha","param_value_internal":4.817346652185429e-05,"distribution":"{\"name\": \"FloatDistribution\", \"attributes\": {\"step\": null, \"low\": 1e-05, \"high\": 10.0, \"log\": true}}"}
{"op_code":8,"worker_id":"9e6558dc-f79e-46db-8acb-47eee624867d-7108","trial_id":40,"user_attr":{"gini":0.41123850300089515}}
{"op_code":5,"worker_id":"50024cc6-db97-41d6-9fb4-1a3738fd9929-31796","trial_id":44,"param_name":"unified_gamma","param_value_internal":5.06614907517055,"distribution":"{\"name\": \"FloatDistribution\", \"attributes\": {\"step\": null, \"low\": 1.5, \"high\": 10000.0, \"log\": true}}"}
{"op_code":5,"worker_id":"b4895bc6-1ba8-404c-8886-fdcd713c039b-19176","trial_id":45,"param_name":"unified_rho","param_value_internal":0.7783562060849766,"distribution":"{\"name\": \"FloatDistribution\", \"attributes\": {\"step\": null, \"low\": 0.0, \"high\": 1.0, \"log\": false}}"}
{"op_code":5,"worker_id":"50024cc6-db97-41d6-9fb4-1a3738fd9929-31796","trial_id":44,"param_name":"huber_delta","param_value_internal":3.137478234039441,"distribution":"{\"name\": \"FloatDistribution\", \"attributes\": {\"step\": null, \"low\": 0.5, \"high\": 5.0, \"log\": false}}"}
{"op_code":6,"worker_id":"c7b7f375-b67b-4c6d-9718-7742674045ec-6576","trial_id":1,"state":1,"values":[-0.14969460648680621],"datetime_complete":"2026-07-14T11:39:06.062893"}
{"op_code":5,"worker_id":"b4895bc6-1ba8-404c-8886-fdcd713c039b-19176","trial_id":45,"param_name":"unified_gamma","param_value_internal":5.1546856205781815,"distribution":"{\"name\": \"FloatDistribution\", \"attributes\": {\"step\": null, \"low\": 1.5, \"high\": 10000.0, \"log\": true}}"}
{"op_code":5,"worker_id":"bec30583-9054-4854-ab5d-19add34d6ead-29612","trial_id":42,"param_name":"unified_gamma","param_value_internal":5.6144854219592695,"distribution":"{\"name\": \"FloatDistribution\", \"attributes\": {\"step\": null, \"low\": 1.5, \"high\": 10000.0, \"log\": true}}"}
{"op_code":5,"worker_id":"b4895bc6-1ba8-404c-8886-fdcd713c039b-19176","trial_id":45,"param_name":"huber_delta","param_value_internal":3.1201203577033816,"distribution":"{\"name\": \"FloatDistribution\", \"attributes\": {\"step\": null, \"low\": 0.5, \"high\": 5.0, \"log\": false}}"}
{"op_code":5,"worker_id":"bec30583-9054-4854-ab5d-19add34d6ead-29612","trial_id":42,"param_name":"huber_delta","param_value_internal":3.1064806354652346,"distribution":"{\"name\": \"FloatDistribution\", \"attributes\": {\"step\": null, \"low\": 0.5, \"high\": 5.0, \"log\": false}}"}
{"op_code":5,"worker_id":"3e13d8dc-2178-46fc-932b-79d121a2d017-20880","trial_id":43,"param_name":"huber_delta","param_value_internal":3.173142184656588,"distribution":"{\"name\": \"FloatDistribution\", \"attributes\": {\"step\": null, \"low\": 0.5, \"high\": 5.0, \"log\": false}}"}
{"op_code":8,"worker_id":"8617ce3e-7192-4de2-b4ba-0ea60eb90ef2-23408","trial_id":41,"user_attr":{"constraints":[-0.08979799619372908,-0.10918769829014778,0.26666666666666666,0.15101010101010104,-0.18238812043897668,-42.0,-8.0,-0.05915640915640916,-0.16666666666666663,-1370.2576927488476,-0.10138888888888892,-0.062210012210012156]}}
{"op_code":8,"worker_id":"9e6558dc-f79e-46db-8acb-47eee624867d-7108","trial_id":40,"user_attr":{"cv_is_ics":[0.23574325442314148,0.2126266062259674,0.1947084218263626,0.17234332859516144,0.21706460416316986,0.24572284519672394,0.23631280660629272,0.23307159543037415,0.2774837017059326,0.2406195104122162,0.20848682522773743,0.2622169852256775,0.2117912769317627,0.213992178440094,0.17682142555713654]}}
{"op_code":8,"worker_id":"8617ce3e-7192-4de2-b4ba-0ea60eb90ef2-23408","trial_id":41,"user_attr":{"pruned_reasons":["M3 (Hit Rate < 60%)","M5 (Monotonicity <= 0.25)"]}}
{"op_code":8,"worker_id":"8617ce3e-7192-4de2-b4ba-0ea60eb90ef2-23408","trial_id":41,"user_attr":{"gini":0.41137381360309}}
{"op_code":8,"worker_id":"9e6558dc-f79e-46db-8acb-47eee624867d-7108","trial_id":40,"user_attr":{"cv_oos_ics":[-0.01496804878115654,0.1555129736661911,0.07574278861284256,0.01984535902738571,-0.02628006599843502,0.04060692340135574,0.04862968251109123,-0.016263427212834358,-0.034754443913698196,0.03096448816359043,-0.003780595725402236,-0.03764474764466286,0.010671639814972878,0.060705479234457016,0.11938516795635223]}}
{"op_code":8,"worker_id":"c7421706-a595-4936-aad6-546c1aa496b9-30084","trial_id":38,"user_attr":{"reg_kappa":3.4336070266312255}}
{"op_code":8,"worker_id":"9e6558dc-f79e-46db-8acb-47eee624867d-7108","trial_id":40,"user_attr":{"reg_kappa":3.434148075930286}}
{"op_code":8,"worker_id":"c7421706-a595-4936-aad6-546c1aa496b9-30084","trial_id":38,"user_attr":{"raw_metrics":[0.3450784872192057,0.15337999803402988,0.3333333333333333,0.08728495436195137,0.17575757575757578,-0.009546703404801756,-0.22921406687369797,-0.20695631206035614,0.49844771241830066]}}
{"op_code":8,"worker_id":"c7421706-a595-4936-aad6-546c1aa496b9-30084","trial_id":38,"user_attr":{"val_metrics":[0.06478461695619546,-0.26961659262910276,0.3939393939393939,0.20523090772600708,-7.3097540033517]}}
{"op_code":8,"worker_id":"9e6558dc-f79e-46db-8acb-47eee624867d-7108","trial_id":40,"user_attr":{"raw_metrics":[0.2529462227207953,0.10782065243892529,0.3333333333333333,0.08974352542616854,0.09898989898989898,0.18238812043897668,-0.23339466108836127,-0.22479072213172913,0.5513888888888889]}}
{"op_code":8,"worker_id":"c7421706-a595-4936-aad6-546c1aa496b9-30084","trial_id":38,"user_attr":{"deflated_objective":-0.6007275818110018}}
{"op_code":9,"worker_id":"c7421706-a595-4936-aad6-546c1aa496b9-30084","trial_id":38,"system_attr":{"constraints":[-0.08728495436195137,-0.15337999803402988,0.26666666666666666,0.07424242424242422,0.009546703404801756,-43.0,-8.0,0.039959299959299956,0.16666666666666669,-1371.0449238571578,-0.04844771241830065,-0.052950752950752966]}}
{"op_code":8,"worker_id":"dfea1c42-f7ac-4817-bcdf-23b08e4cc7c0-22852","trial_id":39,"user_attr":{"cv_is_ics":[0.2242346853017807,0.20061194896697998,0.1937093585729599,0.17487263679504395,0.2152072787284851,0.2417411357164383,0.23156078159809113,0.23254533112049103,0.2727208435535431,0.23875337839126587,0.20940901339054108,0.253926545381546,0.21123339235782623,0.22090132534503937,0.18332712352275848]}}
{"op_code":8,"worker_id":"9e6558dc-f79e-46db-8acb-47eee624867d-7108","trial_id":40,"user_attr":{"val_metrics":[0.06901249697726584,-0.1733919606235077,0.44242424242424244,0.2921015758310323,-7.00889756949101]}}
{"op_code":6,"worker_id":"c7421706-a595-4936-aad6-546c1aa496b9-30084","trial_id":38,"state":1,"values":[-0.41012589946757877],"datetime_complete":"2026-07-14T11:39:06.354237"}
{"op_code":8,"worker_id":"8617ce3e-7192-4de2-b4ba-0ea60eb90ef2-23408","trial_id":41,"user_attr":{"cv_is_ics":[0.23556295037269592,0.21276694536209106,0.19485627114772797,0.1724240630865097,0.2166929692029953,0.24560433626174927,0.2363167256116867,0.2328992784023285,0.27746450901031494,0.24025577306747437,0.20840619504451752,0.26186245679855347,0.2118447721004486,0.21401044726371765,0.17662334442138672]}}
{"op_code":8,"worker_id":"9e6558dc-f79e-46db-8acb-47eee624867d-7108","trial_id":40,"user_attr":{"deflated_objective":-0.43330479011435286}}
{"op_code":8,"worker_id":"8617ce3e-7192-4de2-b4ba-0ea60eb90ef2-23408","trial_id":41,"user_attr":{"cv_oos_ics":[-0.015078688971698284,0.15516997873783112,0.0743471086025238,0.020114053040742874,-0.026131214573979378,0.041062112897634506,0.04917970672249794,-0.0167628675699234,-0.03490639105439186,0.030427103862166405,-0.004362225998193026,-0.03733309730887413,0.01059261430054903,0.06041863560676575,0.119355708360672]}}
{"op_code":9,"worker_id":"9e6558dc-f79e-46db-8acb-47eee624867d-7108","trial_id":40,"system_attr":{"constraints":[-0.08974352542616854,-0.10782065243892529,0.26666666666666666,0.15101010101010104,-0.18238812043897668,-42.0,-8.0,-0.056475046475046475,-0.16666666666666663,-1370.2617976638157,-0.10138888888888892,-0.062210012210012156]}}
{"op_code":6,"worker_id":"9e6558dc-f79e-46db-8acb-47eee624867d-7108","trial_id":40,"state":1,"values":[-0.24602220028688315],"datetime_complete":"2026-07-14T11:39:06.362887"}
{"op_code":8,"worker_id":"dfea1c42-f7ac-4817-bcdf-23b08e4cc7c0-22852","trial_id":39,"user_attr":{"cv_oos_ics":[-0.022045865654945374,0.14070898294448853,0.08079757541418076,0.02210238203406334,-0.03619265556335449,0.017373163253068924,0.05202465504407883,-0.01862470433115959,-0.057397935539484024,0.025355128571391106,-0.000730198691599071,-0.04814323037862778,0.017671743407845497,0.04622528702020645,0.12454211711883545]}}
{"op_code":8,"worker_id":"8617ce3e-7192-4de2-b4ba-0ea60eb90ef2-23408","trial_id":41,"user_attr":{"reg_kappa":3.4341521913379265}}
{"op_code":8,"worker_id":"8617ce3e-7192-4de2-b4ba-0ea60eb90ef2-23408","trial_id":41,"user_attr":{"raw_metrics":[0.2566755419798413,0.10918769829014778,0.3333333333333333,0.08979799619372908,0.09898989898989898,0.18238812043897668,-0.23317622996528362,-0.22425605356693268,0.5513888888888889]}}
{"op_code":8,"worker_id":"50024cc6-db97-41d6-9fb4-1a3738fd9929-31796","trial_id":44,"user_attr":{"constraints":[-0.08475555933807855,-0.09555658498086533,0.26666666666666666,0.05000000000000002,-0.032939922050826555,-34.0,-8.0,-0.10386604628973571,0.16666666666666669,-1377.2556572061524,-0.05416666666666664,-0.00533170533170535]}}
{"op_code":8,"worker_id":"dfea1c42-f7ac-4817-bcdf-23b08e4cc7c0-22852","trial_id":39,"user_attr":{"reg_kappa":3.432461685777991}}
{"op_code":4,"worker_id":"3af8c4b8-849e-4f13-b83d-e16823424d73-7108","study_id":0,"datetime_start":"2026-07-14T11:39:06.371350"}
{"op_code":8,"worker_id":"50024cc6-db97-41d6-9fb4-1a3738fd9929-31796","trial_id":44,"user_attr":{"pruned_reasons":["M3 (Hit Rate < 60%)","M5 (Monotonicity <= 0.25)","Side-specific Hit Rate (33.33% < 50%)"]}}
{"op_code":8,"worker_id":"dfea1c42-f7ac-4817-bcdf-23b08e4cc7c0-22852","trial_id":39,"user_attr":{"raw_metrics":[0.33184617777033293,0.14858991952680492,0.3333333333333333,0.08774715160216207,0.10303030303030303,0.04190335094271336,-0.22907626032133857,-0.20380280911922455,0.49844771241830066]}}
{"op_code":5,"worker_id":"3af8c4b8-849e-4f13-b83d-e16823424d73-7108","trial_id":46,"param_name":"k_weight","param_value_internal":0.23480778267373037,"distribution":"{\"name\": \"FloatDistribution\", \"attributes\": {\"step\": null, \"low\": 0.0, \"high\": 1.5, \"log\": false}}"}
{"op_code":8,"worker_id":"b4895bc6-1ba8-404c-8886-fdcd713c039b-19176","trial_id":45,"user_attr":{"constraints":[-0.08494412877723288,-0.10003551388318059,0.26666666666666666,0.062121212121212105,-0.05016652341526253,-35.0,-8.0,-0.18112738902094958,-0.16666666666666663,-1376.313981354154,-0.05416666666666664,0.007488807488807536]}}
{"op_code":8,"worker_id":"dfea1c42-f7ac-4817-bcdf-23b08e4cc7c0-22852","trial_id":39,"user_attr":{"val_metrics":[0.06344401535355686,-0.24815506520177982,0.40606060606060607,0.2579217428287518,-7.102142231444358]}}
{"op_code":5,"worker_id":"3af8c4b8-849e-4f13-b83d-e16823424d73-7108","trial_id":46,"param_name":"unified_alpha","param_value_internal":4.906046723955645e-05,"distribution":"{\"name\": \"FloatDistribution\", \"attributes\": {\"step\": null, \"low\": 1e-05, \"high\": 10.0, \"log\": true}}"}
{"op_code":8,"worker_id":"3e13d8dc-2178-46fc-932b-79d121a2d017-20880","trial_id":43,"user_attr":{"constraints":[-0.08948374035325429,-0.13598807672649973,0.26666666666666666,0.10252525252525252,-0.23847732025285898,-41.0,-8.0,-0.018696278696278695,-0.16666666666666663,-1370.523058985064,-0.09444444444444439,-0.062210012210012156]}}
{"op_code":8,"worker_id":"dfea1c42-f7ac-4817-bcdf-23b08e4cc7c0-22852","trial_id":39,"user_attr":{"deflated_objective":-0.5023794782678418}}
{"op_code":5,"worker_id":"3af8c4b8-849e-4f13-b83d-e16823424d73-7108","trial_id":46,"param_name":"unified_rho","param_value_internal":0.9560868354589207,"distribution":"{\"name\": \"FloatDistribution\", \"attributes\": {\"step\": null, \"low\": 0.0, \"high\": 1.0, \"log\": false}}"}
{"op_code":9,"worker_id":"dfea1c42-f7ac-4817-bcdf-23b08e4cc7c0-22852","trial_id":39,"system_attr":{"constraints":[-0.08774715160216207,-0.14858991952680492,0.26666666666666666,0.14696969696969697,-0.04190335094271336,-43.0,-8.0,0.015601755601755604,0.16666666666666669,-1371.4158087304818,-0.04844771241830065,-0.052950752950752966]}}
{"op_code":5,"worker_id":"3af8c4b8-849e-4f13-b83d-e16823424d73-7108","trial_id":46,"param_name":"unified_gamma","param_value_internal":5.740613228989198,"distribution":"{\"name\": \"FloatDistribution\", \"attributes\": {\"step\": null, \"low\": 1.5, \"high\": 10000.0, \"log\": true}}"}
{"op_code":6,"worker_id":"dfea1c42-f7ac-4817-bcdf-23b08e4cc7c0-22852","trial_id":39,"state":1,"values":[-0.3174185186911259],"datetime_complete":"2026-07-14T11:39:06.388869"}
{"op_code":5,"worker_id":"3af8c4b8-849e-4f13-b83d-e16823424d73-7108","trial_id":46,"param_name":"huber_delta","param_value_internal":3.2913546142333363,"distribution":"{\"name\": \"FloatDistribution\", \"attributes\": {\"step\": null, \"low\": 0.5, \"high\": 5.0, \"log\": false}}"}
{"op_code":8,"worker_id":"b4895bc6-1ba8-404c-8886-fdcd713c039b-19176","trial_id":45,"user_attr":{"pruned_reasons":["M3 (Hit Rate < 60%)","M5 (Monotonicity <= 0.25)","Side-specific Yearly Daily Win Rate (44.25% < 45%)"]}}
{"op_code":8,"worker_id":"b4895bc6-1ba8-404c-8886-fdcd713c039b-19176","trial_id":45,"user_attr":{"gini":0.40296245369392447}}
{"op_code":8,"worker_id":"b4895bc6-1ba8-404c-8886-fdcd713c039b-19176","trial_id":45,"user_attr":{"cv_is_ics":[0.2345113307237625,0.20422035455703735,0.17773085832595825,0.16983409225940704,0.20997625589370728,0.25005853176116943,0.23143509030342102,0.2296973019838333,0.27515527606010437,0.23433350026607513,0.20621615648269653,0.2588718831539154,0.20439565181732178,0.20318664610385895,0.17209304869174957]}}
{"op_code":4,"worker_id":"affd2695-7208-4ec6-acbe-1f99ab9d72a4-22852","study_id":0,"datetime_start":"2026-07-14T11:39:06.400504"}
{"op_code":8,"worker_id":"8617ce3e-7192-4de2-b4ba-0ea60eb90ef2-23408","trial_id":41,"user_attr":{"val_metrics":[0.06866978010009728,-0.1802856912830651,0.44242424242424244,0.2921015758310323,-7.0017370816948645]}}
{"op_code":5,"worker_id":"affd2695-7208-4ec6-acbe-1f99ab9d72a4-22852","trial_id":47,"param_name":"k_weight","param_value_internal":0.23682386451026588,"distribution":"{\"name\": \"FloatDistribution\", \"attributes\": {\"step\": null, \"low\": 0.0, \"high\": 1.5, \"log\": false}}"}
{"op_code":8,"worker_id":"b4895bc6-1ba8-404c-8886-fdcd713c039b-19176","trial_id":45,"user_attr":{"cv_oos_ics":[-0.020737148821353912,0.14743447303771973,0.07999778538942337,0.02211344614624977,-0.0414210669696331,0.04023391753435135,0.03797692432999611,0.0007049065316095948,-0.03318998962640762,0.03687257319688797,0.002189015503972769,-0.043820418417453766,0.018926672637462616,0.058325450867414474,0.11824864894151688]}}
{"op_code":8,"worker_id":"8617ce3e-7192-4de2-b4ba-0ea60eb90ef2-23408","trial_id":41,"user_attr":{"deflated_objective":-0.42758617772267254}}
{"op_code":8,"worker_id":"50024cc6-db97-41d6-9fb4-1a3738fd9929-31796","trial_id":44,"user_attr":{"gini":0.4005132786759489}}
{"op_code":5,"worker_id":"affd2695-7208-4ec6-acbe-1f99ab9d72a4-22852","trial_id":47,"param_name":"unified_alpha","param_value_internal":5.8555849790516456e-05,"distribution":"{\"name\": \"FloatDistribution\", \"attributes\": {\"step\": null, \"low\": 1e-05, \"high\": 10.0, \"log\": true}}"}
{"op_code":8,"worker_id":"b4895bc6-1ba8-404c-8886-fdcd713c039b-19176","trial_id":45,"user_attr":{"reg_kappa":3.449335754000331}}
{"op_code":5,"worker_id":"affd2695-7208-4ec6-acbe-1f99ab9d72a4-22852","trial_id":47,"param_name":"unified_rho","param_value_internal":0.7801042546809424,"distribution":"{\"name\": \"FloatDistribution\", \"attributes\": {\"step\": null, \"low\": 0.0, \"high\": 1.0, \"log\": false}}"}
{"op_code":8,"worker_id":"50024cc6-db97-41d6-9fb4-1a3738fd9929-31796","trial_id":44,"user_attr":{"cv_is_ics":[0.2342829704284668,0.20338599383831024,0.1767989546060562,0.16882091760635376,0.21141880750656128,0.2498542070388794,0.2305292934179306,0.22922591865062714,0.27477723360061646,0.2339695543050766,0.20497311651706696,0.2582322061061859,0.20437195897102356,0.2024407833814621,0.1716081202030182]}}
{"op_code":4,"worker_id":"1d1def43-862d-42fe-b5d1-6372d04c6b12-6576","study_id":0,"datetime_start":"2026-07-14T11:39:06.413732"}
{"op_code":9,"worker_id":"8617ce3e-7192-4de2-b4ba-0ea60eb90ef2-23408","trial_id":41,"system_attr":{"constraints":[-0.08979799619372908,-0.10918769829014778,0.26666666666666666,0.15101010101010104,-0.18238812043897668,-42.0,-8.0,-0.05915640915640916,-0.16666666666666663,-1370.2576927488476,-0.10138888888888892,-0.062210012210012156]}}
{"op_code":8,"worker_id":"50024cc6-db97-41d6-9fb4-1a3738fd9929-31796","trial_id":44,"user_attr":{"cv_oos_ics":[-0.01960071548819542,0.14616365730762482,0.08053519576787949,0.02189374901354313,-0.04270026087760925,0.039674412459135056,0.0354544036090374,0.0034644734114408493,-0.033358994871377945,0.03545640408992767,0.004616688936948776,-0.04665009304881096,0.019402407109737396,0.059345684945583344,0.11762690544128418]}}
{"op_code":8,"worker_id":"50024cc6-db97-41d6-9fb4-1a3738fd9929-31796","trial_id":44,"user_attr":{"reg_kappa":3.4517021078124364}}
{"op_code":8,"worker_id":"50024cc6-db97-41d6-9fb4-1a3738fd9929-31796","trial_id":44,"user_attr":{"raw_metrics":[0.21440078049122183,0.09555658498086533,0.3333333333333333,0.08475555933807855,0.19999999999999998,0.032939922050826555,-0.2732963407068376,-0.27684372663497925,0.5041666666666667]}}
{"op_code":6,"worker_id":"8617ce3e-7192-4de2-b4ba-0ea60eb90ef2-23408","trial_id":41,"state":1,"values":[-0.24594976911997202],"datetime_complete":"2026-07-14T11:39:06.421309"}
{"op_code":8,"worker_id":"043ac623-efc1-4ccb-a5e8-3aa7aa5d44ce-31524","trial_id":24,"user_attr":{"cv_is_ics":[0.2246341109275818,0.2136094719171524,0.18885762989521027,0.17907144129276276,0.22297966480255127,0.24906344711780548,0.23962858319282532,0.23377129435539246,0.2743362486362457,0.23901280760765076,0.2088439166545868,0.25648173689842224,0.2151537835597992,0.22583270072937012,0.18190746009349823]}}
{"op_code":4,"worker_id":"8d15089d-489d-47d5-b8a2-fce20b998924-30084","study_id":0,"datetime_start":"2026-07-14T11:39:06.363370"}
{"op_code":5,"worker_id":"1d1def43-862d-42fe-b5d1-6372d04c6b12-6576","trial_id":48,"param_name":"k_weight","param_value_internal":0.21457105599484472,"distribution":"{\"name\": \"FloatDistribution\", \"attributes\": {\"step\": null, \"low\": 0.0, \"high\": 1.5, \"log\": false}}"}
{"op_code":8,"worker_id":"b4895bc6-1ba8-404c-8886-fdcd713c039b-19176","trial_id":45,"user_attr":{"raw_metrics":[0.22619643911542206,0.10003551388318059,0.3333333333333333,0.08494412877723288,0.1878787878787879,0.05016652341526253,-0.2688172221129717,-0.2727103531360626,0.5041666666666667]}}
{"op_code":4,"worker_id":"4a4fdaca-1b71-4562-bd11-e698d6625847-23408","study_id":0,"datetime_start":"2026-07-14T11:39:06.433962"}
{"op_code":5,"worker_id":"8d15089d-489d-47d5-b8a2-fce20b998924-30084","trial_id":49,"param_name":"k_weight","param_value_internal":0.20896425792808698,"distribution":"{\"name\": \"FloatDistribution\", \"attributes\": {\"step\": null, \"low\": 0.0, \"high\": 1.5, \"log\": false}}"}
{"op_code":8,"worker_id":"043ac623-efc1-4ccb-a5e8-3aa7aa5d44ce-31524","trial_id":24,"user_attr":{"cv_oos_ics":[-0.04204646497964859,0.13234755396842957,0.08059684187173843,0.01797083020210266,-0.05420680344104767,0.04776987433433533,0.04005373641848564,0.03234351426362991,-0.03557000681757927,0.036845702677965164,-0.011191638186573982,-0.051577601581811905,0.005542867351323366,0.03523683920502663,0.1292494237422943]}}
{"op_code":5,"worker_id":"1d1def43-862d-42fe-b5d1-6372d04c6b12-6576","trial_id":48,"param_name":"unified_alpha","param_value_internal":5.811174196029508e-05,"distribution":"{\"name\": \"FloatDistribution\", \"attributes\": {\"step\": null, \"low\": 1e-05, \"high\": 10.0, \"log\": true}}"}
{"op_code":8,"worker_id":"043ac623-efc1-4ccb-a5e8-3aa7aa5d44ce-31524","trial_id":24,"user_attr":{"reg_kappa":3.578182211002212}}
{"op_code":5,"worker_id":"4a4fdaca-1b71-4562-bd11-e698d6625847-23408","trial_id":50,"param_name":"k_weight","param_value_internal":0.14072749312432922,"distribution":"{\"name\": \"FloatDistribution\", \"attributes\": {\"step\": null, \"low\": 0.0, \"high\": 1.5, \"log\": false}}"}
{"op_code":8,"worker_id":"50024cc6-db97-41d6-9fb4-1a3738fd9929-31796","trial_id":44,"user_attr":{"val_metrics":[0.07898600318972455,-0.2721069070342594,0.3939393939393939,0.29109468655255827,-6.170042350679047]}}
{"op_code":5,"worker_id":"1d1def43-862d-42fe-b5d1-6372d04c6b12-6576","trial_id":48,"param_name":"unified_rho","param_value_internal":0.9985795434906726,"distribution":"{\"name\": \"FloatDistribution\", \"attributes\": {\"step\": null, \"low\": 0.0, \"high\": 1.0, \"log\": false}}"}
{"op_code":8,"worker_id":"043ac623-efc1-4ccb-a5e8-3aa7aa5d44ce-31524","trial_id":24,"user_attr":{"raw_metrics":[0.2697155345466871,0.10196817605185209,0.3333333333333333,0.06085872118024673,0.06262626262626263,-0.06109718767589276,-0.5441448067147564,-0.4858422577381134,0.5111111111111111]}}
{"op_code":8,"worker_id":"50024cc6-db97-41d6-9fb4-1a3738fd9929-31796","trial_id":44,"user_attr":{"deflated_objective":-0.13205097900576707}}
{"op_code":8,"worker_id":"3e13d8dc-2178-46fc-932b-79d121a2d017-20880","trial_id":43,"user_attr":{"pruned_reasons":["M3 (Hit Rate < 60%)","M5 (Monotonicity <= 0.25)"]}}
{"op_code":5,"worker_id":"1d1def43-862d-42fe-b5d1-6372d04c6b12-6576","trial_id":48,"param_name":"unified_gamma","param_value_internal":6.412622063279374,"distribution":"{\"name\": \"FloatDistribution\", \"attributes\": {\"step\": null, \"low\": 1.5, \"high\": 10000.0, \"log\": true}}"}
{"op_code":9,"worker_id":"50024cc6-db97-41d6-9fb4-1a3738fd9929-31796","trial_id":44,"system_attr":{"constraints":[-0.08475555933807855,-0.09555658498086533,0.26666666666666666,0.05000000000000002,-0.032939922050826555,-34.0,-8.0,-0.10386604628973571,0.16666666666666669,-1377.2556572061524,-0.05416666666666664,-0.00533170533170535]}}
{"op_code":6,"worker_id":"50024cc6-db97-41d6-9fb4-1a3738fd9929-31796","trial_id":44,"state":1,"values":[0.04618277441714187],"datetime_complete":"2026-07-14T11:39:06.455447"}
{"op_code":5,"worker_id":"1d1def43-862d-42fe-b5d1-6372d04c6b12-6576","trial_id":48,"param_name":"huber_delta","param_value_internal":2.7836692315770404,"distribution":"{\"name\": \"FloatDistribution\", \"attributes\": {\"step\": null, \"low\": 0.5, \"high\": 5.0, \"log\": false}}"}
{"op_code":5,"worker_id":"8d15089d-489d-47d5-b8a2-fce20b998924-30084","trial_id":49,"param_name":"unified_alpha","param_value_internal":7.008109287207968e-05,"distribution":"{\"name\": \"FloatDistribution\", \"attributes\": {\"step\": null, \"low\": 1e-05, \"high\": 10.0, \"log\": true}}"}
{"op_code":5,"worker_id":"8d15089d-489d-47d5-b8a2-fce20b998924-30084","trial_id":49,"param_name":"unified_rho","param_value_internal":0.9848453473626408,"distribution":"{\"name\": \"FloatDistribution\", \"attributes\": {\"step\": null, \"low\": 0.0, \"high\": 1.0, \"log\": false}}"}
{"op_code":5,"worker_id":"4a4fdaca-1b71-4562-bd11-e698d6625847-23408","trial_id":50,"param_name":"unified_alpha","param_value_internal":0.00413933564433968,"distribution":"{\"name\": \"FloatDistribution\", \"attributes\": {\"step\": null, \"low\": 1e-05, \"high\": 10.0, \"log\": true}}"}
{"op_code":5,"worker_id":"8d15089d-489d-47d5-b8a2-fce20b998924-30084","trial_id":49,"param_name":"unified_gamma","param_value_internal":10.979405893550396,"distribution":"{\"name\": \"FloatDistribution\", \"attributes\": {\"step\": null, \"low\": 1.5, \"high\": 10000.0, \"log\": true}}"}
{"op_code":4,"worker_id":"f672d475-53a7-4933-b3ce-6218b7142218-31796","study_id":0,"datetime_start":"2026-07-14T11:39:06.464573"}
{"op_code":5,"worker_id":"4a4fdaca-1b71-4562-bd11-e698d6625847-23408","trial_id":50,"param_name":"unified_rho","param_value_internal":0.8125929371144386,"distribution":"{\"name\": \"FloatDistribution\", \"attributes\": {\"step\": null, \"low\": 0.0, \"high\": 1.0, \"log\": false}}"}
{"op_code":5,"worker_id":"8d15089d-489d-47d5-b8a2-fce20b998924-30084","trial_id":49,"param_name":"huber_delta","param_value_internal":2.700614448460995,"distribution":"{\"name\": \"FloatDistribution\", \"attributes\": {\"step\": null, \"low\": 0.5, \"high\": 5.0, \"log\": false}}"}
{"op_code":8,"worker_id":"3e13d8dc-2178-46fc-932b-79d121a2d017-20880","trial_id":43,"user_attr":{"gini":0.40970333726628594}}
{"op_code":8,"worker_id":"3e13d8dc-2178-46fc-932b-79d121a2d017-20880","trial_id":43,"user_attr":{"cv_is_ics":[0.2353953868150711,0.2125733196735382,0.19150815904140472,0.172396719455719,0.2150532752275467,0.24619054794311523,0.23451755940914154,0.23247119784355164,0.2756369709968567,0.24019066989421844,0.20926302671432495,0.26283082365989685,0.21081888675689697,0.2138744741678238,0.17701052129268646]}}
{"op_code":5,"worker_id":"f672d475-53a7-4933-b3ce-6218b7142218-31796","trial_id":51,"param_name":"k_weight","param_value_internal":0.21859317620669896,"distribution":"{\"name\": \"FloatDistribution\", \"attributes\": {\"step\": null, \"low\": 0.0, \"high\": 1.5, \"log\": false}}"}
{"op_code":5,"worker_id":"4a4fdaca-1b71-4562-bd11-e698d6625847-23408","trial_id":50,"param_name":"unified_gamma","param_value_internal":8.637457611770913,"distribution":"{\"name\": \"FloatDistribution\", \"attributes\": {\"step\": null, \"low\": 1.5, \"high\": 10000.0, \"log\": true}}"}
{"op_code":5,"worker_id":"f672d475-53a7-4933-b3ce-6218b7142218-31796","trial_id":51,"param_name":"unified_alpha","param_value_internal":0.003475140216089013,"distribution":"{\"name\": \"FloatDistribution\", \"attributes\": {\"step\": null, \"low\": 1e-05, \"high\": 10.0, \"log\": true}}"}
{"op_code":5,"worker_id":"4a4fdaca-1b71-4562-bd11-e698d6625847-23408","trial_id":50,"param_name":"huber_delta","param_value_internal":2.769907497956175,"distribution":"{\"name\": \"FloatDistribution\", \"attributes\": {\"step\": null, \"low\": 0.5, \"high\": 5.0, \"log\": false}}"}
{"op_code":5,"worker_id":"f672d475-53a7-4933-b3ce-6218b7142218-31796","trial_id":51,"param_name":"unified_rho","param_value_internal":0.990032849948286,"distribution":"{\"name\": \"FloatDistribution\", \"attributes\": {\"step\": null, \"low\": 0.0, \"high\": 1.0, \"log\": false}}"}
{"op_code":8,"worker_id":"3e13d8dc-2178-46fc-932b-79d121a2d017-20880","trial_id":43,"user_attr":{"cv_oos_ics":[-0.015165620483458042,0.15278957784175873,0.07962001860141754,0.019578246399760246,-0.027176277711987495,0.039908330887556076,0.04581950232386589,-0.01321304589509964,-0.032065875828266144,0.03166466951370239,-0.004167822189629078,-0.03665397688746452,0.012079879641532898,0.06003256142139435,0.11978984624147415]}}
{"op_code":8,"worker_id":"043ac623-efc1-4ccb-a5e8-3aa7aa5d44ce-31524","trial_id":24,"user_attr":{"val_metrics":[0.08062303263677129,-0.21161444804274981,0.3212121212121212,0.43779393338152894,-7.18861539275448]}}
{"op_code":5,"worker_id":"affd2695-7208-4ec6-acbe-1f99ab9d72a4-22852","trial_id":47,"param_name":"unified_gamma","param_value_internal":4.233860289235579,"distribution":"{\"name\": \"FloatDistribution\", \"attributes\": {\"step\": null, \"low\": 1.5, \"high\": 10000.0, \"log\": true}}"}
{"op_code":5,"worker_id":"f672d475-53a7-4933-b3ce-6218b7142218-31796","trial_id":51,"param_name":"unified_gamma","param_value_internal":13.687391426324421,"distribution":"{\"name\": \"FloatDistribution\", \"attributes\": {\"step\": null, \"low\": 1.5, \"high\": 10000.0, \"log\": true}}"}
{"op_code":8,"worker_id":"3e13d8dc-2178-46fc-932b-79d121a2d017-20880","trial_id":43,"user_attr":{"reg_kappa":3.434765721967305}}
{"op_code":5,"worker_id":"f672d475-53a7-4933-b3ce-6218b7142218-31796","trial_id":51,"param_name":"huber_delta","param_value_internal":2.6530322208150174,"distribution":"{\"name\": \"FloatDistribution\", \"attributes\": {\"step\": null, \"low\": 0.5, \"high\": 5.0, \"log\": false}}"}
{"op_code":8,"worker_id":"3e13d8dc-2178-46fc-932b-79d121a2d017-20880","trial_id":43,"user_attr":{"raw_metrics":[0.2919003560701621,0.13598807672649973,0.3333333333333333,0.08948374035325429,0.14747474747474748,0.23847732025285898,-0.23712352790717545,-0.23232868313789368,0.5444444444444444]}}
{"op_code":8,"worker_id":"3e13d8dc-2178-46fc-932b-79d121a2d017-20880","trial_id":43,"user_attr":{"val_metrics":[0.07013990197709438,-0.19130812431396702,0.5393939393939394,0.2921015758310323,-7.103515815237552]}}
{"op_code":8,"worker_id":"1d1def43-862d-42fe-b5d1-6372d04c6b12-6576","trial_id":48,"user_attr":{"constraints":[-0.08795353190101925,-0.10947733058407116,0.26666666666666666,0.1429292929292929,-0.11932302648197528,-41.0,-8.0,-0.04441880678269607,-0.16666666666666663,-1370.4698486643026,-0.0915849673202615,-0.04938949938949938]}}
{"op_code":8,"worker_id":"1d1def43-862d-42fe-b5d1-6372d04c6b12-6576","trial_id":48,"user_attr":{"pruned_reasons":["M3 (Hit Rate < 60%)","M5 (Monotonicity <= 0.25)"]}}
{"op_code":8,"worker_id":"1d1def43-862d-42fe-b5d1-6372d04c6b12-6576","trial_id":48,"user_attr":{"gini":0.4076075619847659}}
{"op_code":8,"worker_id":"3e13d8dc-2178-46fc-932b-79d121a2d017-20880","trial_id":43,"user_attr":{"deflated_objective":-0.4556828818730383}}
{"op_code":8,"worker_id":"1d1def43-862d-42fe-b5d1-6372d04c6b12-6576","trial_id":48,"user_attr":{"cv_is_ics":[0.2368883192539215,0.2144395411014557,0.19446589052677155,0.173341765999794,0.21940553188323975,0.24520546197891235,0.2354436069726944,0.23322191834449768,0.27647820115089417,0.23985037207603455,0.20861420035362244,0.2638678550720215,0.21222056448459625,0.2129904180765152,0.17776793241500854]}}
{"op_code":8,"worker_id":"8d15089d-489d-47d5-b8a2-fce20b998924-30084","trial_id":49,"user_attr":{"constraints":[-0.08766906948909663,-0.11238023255723954,0.26666666666666666,0.07828282828282832,-0.09890464782966442,-42.0,-8.0,0.08742353917694379,0.16666666666666669,-1370.4357039179595,-0.0915849673202615,-0.09700854700854694]}}
{"op_code":8,"worker_id":"8d15089d-489d-47d5-b8a2-fce20b998924-30084","trial_id":49,"user_attr":{"pruned_reasons":["M3 (Hit Rate < 60%)","M5 (Monotonicity <= 0.25)","Side-specific Yearly Tail IC Mean (-0.0874 <= 0)","Side-specific Hit Rate (33.33% < 50%)"]}}
{"op_code":8,"worker_id":"8d15089d-489d-47d5-b8a2-fce20b998924-30084","trial_id":49,"user_attr":{"gini":0.40624884763119984}}
{"op_code":8,"worker_id":"8d15089d-489d-47d5-b8a2-fce20b998924-30084","trial_id":49,"user_attr":{"cv_is_ics":[0.23744934797286987,0.215618297457695,0.1948351263999939,0.1759088784456253,0.22020086646080017,0.24430425465106964,0.23414744436740875,0.23272989690303802,0.27773845195770264,0.24008573591709137,0.2086106240749359,0.2635330557823181,0.21217024326324463,0.21347644925117493,0.1786438375711441]}}
{"op_code":8,"worker_id":"4a4fdaca-1b71-4562-bd11-e698d6625847-23408","trial_id":50,"user_attr":{"constraints":[-0.0870327964710816,-0.11982661536568208,0.26666666666666666,0.14292929292929296,-0.09129478844479211,-44.0,-6.0,-0.06078686396465354,-0.16666666666666663,-1370.262999246493,-0.0915849673202615,-0.04938949938949938]}}
{"op_code":8,"worker_id":"8d15089d-489d-47d5-b8a2-fce20b998924-30084","trial_id":49,"user_attr":{"cv_oos_ics":[-0.012187816202640533,0.1590171754360199,0.07855626940727234,0.02365131862461567,-0.02774222381412983,0.04844634234905243,0.05121858790516853,-0.012400665320456028,-0.02966570481657982,0.03367512673139572,-0.006257265340536833,-0.03361963480710983,0.014300503768026829,0.0635429099202156,0.11677722632884979]}}
{"op_code":8,"worker_id":"8d15089d-489d-47d5-b8a2-fce20b998924-30084","trial_id":49,"user_attr":{"reg_kappa":3.4346688542574055}}
{"op_code":8,"worker_id":"8d15089d-489d-47d5-b8a2-fce20b998924-30084","trial_id":49,"user_attr":{"raw_metrics":[0.25069596544742834,0.11238023255723954,0.3333333333333333,0.08766906948909663,0.17171717171717168,0.09890464782966442,-0.23623398385382668,-0.2336459457874298,0.5415849673202615]}}
{"op_code":8,"worker_id":"4a4fdaca-1b71-4562-bd11-e698d6625847-23408","trial_id":50,"user_attr":{"pruned_reasons":["M3 (Hit Rate < 60%)","M5 (Monotonicity <= 0.25)"]}}
{"op_code":8,"worker_id":"4a4fdaca-1b71-4562-bd11-e698d6625847-23408","trial_id":50,"user_attr":{"gini":0.43881866064445463}}
{"op_code":6,"worker_id":"691fed90-40c0-4445-a159-b29479c57a8c-3216","trial_id":32,"state":1,"values":[-0.2261219608935232],"datetime_complete":"2026-07-14T11:39:06.260273"}
{"op_code":8,"worker_id":"8d15089d-489d-47d5-b8a2-fce20b998924-30084","trial_id":49,"user_attr":{"val_metrics":[0.06838893029556044,-0.3328334061557283,0.41818181818181815,0.16215388756245375,-6.031386405903699]}}
{"op_code":8,"worker_id":"4a4fdaca-1b71-4562-bd11-e698d6625847-23408","trial_id":50,"user_attr":{"cv_is_ics":[0.23776498436927795,0.21503493189811707,0.19792655110359192,0.17613570392131805,0.21977216005325317,0.2437729388475418,0.23450906574726105,0.23253853619098663,0.27758273482322693,0.24076217412948608,0.20881886780261993,0.26434609293937683,0.21293199062347412,0.21551121771335602,0.17817805707454681]}}
{"op_code":8,"worker_id":"8d15089d-489d-47d5-b8a2-fce20b998924-30084","trial_id":49,"user_attr":{"deflated_objective":-0.09112135313390615}}
{"op_code":9,"worker_id":"8d15089d-489d-47d5-b8a2-fce20b998924-30084","trial_id":49,"system_attr":{"constraints":[-0.08766906948909663,-0.11238023255723954,0.26666666666666666,0.07828282828282832,-0.09890464782966442,-42.0,-8.0,0.08742353917694379,0.16666666666666669,-1370.4357039179595,-0.0915849673202615,-0.09700854700854694]}}
{"op_code":6,"worker_id":"8d15089d-489d-47d5-b8a2-fce20b998924-30084","trial_id":49,"state":1,"values":[0.07871908781026613],"datetime_complete":"2026-07-14T11:39:06.531121"}
{"op_code":4,"worker_id":"8632f250-2d66-4146-8b71-3e647165fd1b-3216","study_id":0,"datetime_start":"2026-07-14T11:39:06.532150"}
{"op_code":4,"worker_id":"8d15089d-489d-47d5-b8a2-fce20b998924-30084","study_id":0,"datetime_start":"2026-07-14T11:39:06.533595"}
{"op_code":5,"worker_id":"8632f250-2d66-4146-8b71-3e647165fd1b-3216","trial_id":52,"param_name":"k_weight","param_value_internal":0.1713331919480756,"distribution":"{\"name\": \"FloatDistribution\", \"attributes\": {\"step\": null, \"low\": 0.0, \"high\": 1.5, \"log\": false}}"}
{"op_code":8,"worker_id":"4a4fdaca-1b71-4562-bd11-e698d6625847-23408","trial_id":50,"user_attr":{"cv_oos_ics":[-0.0110150296241045,0.15413151681423187,0.07573172450065613,0.020346393808722496,-0.025738928467035294,0.04533270001411438,0.05144934356212616,-0.017075806856155396,-0.03163328766822815,0.03066892735660076,-0.008773447945713997,-0.034053776413202286,0.012075137346982956,0.06391038000583649,0.11840060353279114]}}
{"op_code":5,"worker_id":"8d15089d-489d-47d5-b8a2-fce20b998924-30084","trial_id":53,"param_name":"k_weight","param_value_internal":0.22218634949121707,"distribution":"{\"name\": \"FloatDistribution\", \"attributes\": {\"step\": null, \"low\": 0.0, \"high\": 1.5, \"log\": false}}"}
{"op_code":8,"worker_id":"4a4fdaca-1b71-4562-bd11-e698d6625847-23408","trial_id":50,"user_attr":{"reg_kappa":3.429036428555743}}
{"op_code":8,"worker_id":"4a4fdaca-1b71-4562-bd11-e698d6625847-23408","trial_id":50,"user_attr":{"raw_metrics":[0.2702040343176426,0.11982661536568208,0.3333333333333333,0.0870327964710816,0.10707070707070705,0.09129478844479211,-0.19670854489033143,-0.2232508510351181,0.5415849673202615]}}
{"op_code":5,"worker_id":"8632f250-2d66-4146-8b71-3e647165fd1b-3216","trial_id":52,"param_name":"unified_alpha","param_value_internal":0.0002572480913347192,"distribution":"{\"name\": \"FloatDistribution\", \"attributes\": {\"step\": null, \"low\": 1e-05, \"high\": 10.0, \"log\": true}}"}
{"op_code":8,"worker_id":"f672d475-53a7-4933-b3ce-6218b7142218-31796","trial_id":51,"user_attr":{"constraints":[-0.08524843953527744,-0.10920522948057369,0.26666666666666666,0.1267676767676768,-0.11005219070861738,-43.0,-6.0,0.13230584488515737,0.5,-1370.4963362553824,-0.10138888888888892,-0.10982905982905972]}}
{"op_code":5,"worker_id":"8632f250-2d66-4146-8b71-3e647165fd1b-3216","trial_id":52,"param_name":"unified_rho","param_value_internal":0.9651575406303265,"distribution":"{\"name\": \"FloatDistribution\", \"attributes\": {\"step\": null, \"low\": 0.0, \"high\": 1.0, \"log\": false}}"}
{"op_code":8,"worker_id":"f672d475-53a7-4933-b3ce-6218b7142218-31796","trial_id":51,"user_attr":{"pruned_reasons":["M3 (Hit Rate < 60%)","M5 (Monotonicity <= 0.25)","Side-specific Yearly Tail IC Mean (-0.1323 <= 0)","Side-specific Hit Rate (0.00% < 50%)"]}}
{"op_code":5,"worker_id":"8632f250-2d66-4146-8b71-3e647165fd1b-3216","trial_id":52,"param_name":"unified_gamma","param_value_internal":11.153794870813144,"distribution":"{\"name\": \"FloatDistribution\", \"attributes\": {\"step\": null, \"low\": 1.5, \"high\": 10000.0, \"log\": true}}"}
{"op_code":5,"worker_id":"8d15089d-489d-47d5-b8a2-fce20b998924-30084","trial_id":53,"param_name":"unified_alpha","param_value_internal":0.0002734601126346271,"distribution":"{\"name\": \"FloatDistribution\", \"attributes\": {\"step\": null, \"low\": 1e-05, \"high\": 10.0, \"log\": true}}"}
{"op_code":5,"worker_id":"8632f250-2d66-4146-8b71-3e647165fd1b-3216","trial_id":52,"param_name":"huber_delta","param_value_internal":3.34800147019051,"distribution":"{\"name\": \"FloatDistribution\", \"attributes\": {\"step\": null, \"low\": 0.5, \"high\": 5.0, \"log\": false}}"}
{"op_code":8,"worker_id":"f672d475-53a7-4933-b3ce-6218b7142218-31796","trial_id":51,"user_attr":{"gini":0.43441683382717855}}
{"op_code":5,"worker_id":"8d15089d-489d-47d5-b8a2-fce20b998924-30084","trial_id":53,"param_name":"unified_rho","param_value_internal":0.7567962698901283,"distribution":"{\"name\": \"FloatDistribution\", \"attributes\": {\"step\": null, \"low\": 0.0, \"high\": 1.0, \"log\": false}}"}
{"op_code":8,"worker_id":"f672d475-53a7-4933-b3ce-6218b7142218-31796","trial_id":51,"user_attr":{"cv_is_ics":[0.23773418366909027,0.21483971178531647,0.19346170127391815,0.17565324902534485,0.22088772058486938,0.2451067864894867,0.23535102605819702,0.23215535283088684,0.2775723338127136,0.23925501108169556,0.20859535038471222,0.2624894380569458,0.21142540872097015,0.21436753869056702,0.17684714496135712]}}
{"op_code":5,"worker_id":"8d15089d-489d-47d5-b8a2-fce20b998924-30084","trial_id":53,"param_name":"unified_gamma","param_value_internal":10.463171533565145,"distribution":"{\"name\": \"FloatDistribution\", \"attributes\": {\"step\": null, \"low\": 1.5, \"high\": 10000.0, \"log\": true}}"}
{"op_code":5,"worker_id":"8d15089d-489d-47d5-b8a2-fce20b998924-30084","trial_id":53,"param_name":"huber_delta","param_value_internal":3.33567873562047,"distribution":"{\"name\": \"FloatDistribution\", \"attributes\": {\"step\": null, \"low\": 0.5, \"high\": 5.0, \"log\": false}}"}
{"op_code":8,"worker_id":"4a4fdaca-1b71-4562-bd11-e698d6625847-23408","trial_id":50,"user_attr":{"val_metrics":[0.06855984364729126,-0.3083412751410316,0.44242424242424244,0.18602367521574098,-5.675652425283575]}}
{"op_code":8,"worker_id":"f672d475-53a7-4933-b3ce-6218b7142218-31796","trial_id":51,"user_attr":{"cv_oos_ics":[-0.01212301291525364,0.1564534306526184,0.07911738753318787,0.019782137125730515,-0.026757631450891495,0.05125968158245087,0.05128813162446022,-0.008850844576954842,-0.02711048163473606,0.034282054752111435,-0.005433816462755203,-0.03381654992699623,0.010099493898451328,0.06636173278093338,0.11471661925315857]}}
{"op_code":8,"worker_id":"f672d475-53a7-4933-b3ce-6218b7142218-31796","trial_id":51,"user_attr":{"reg_kappa":3.4345948359262017}}
{"op_code":8,"worker_id":"f672d475-53a7-4933-b3ce-6218b7142218-31796","trial_id":51,"user_attr":{"raw_metrics":[0.2424510141865195,0.10920522948057369,0.3333333333333333,0.08524843953527744,0.12323232323232321,0.11005219070861738,-0.20042144618679333,-0.23454716801643372,0.5513888888888889]}}
{"op_code":8,"worker_id":"4a4fdaca-1b71-4562-bd11-e698d6625847-23408","trial_id":50,"user_attr":{"deflated_objective":0.06398849028100764}}
{"op_code":8,"worker_id":"f672d475-53a7-4933-b3ce-6218b7142218-31796","trial_id":51,"user_attr":{"val_metrics":[0.06878950846367954,-0.30890652068878743,0.47878787878787876,0.18602367521574098,-5.716786984923107]}}
{"op_code":9,"worker_id":"4a4fdaca-1b71-4562-bd11-e698d6625847-23408","trial_id":50,"system_attr":{"constraints":[-0.0870327964710816,-0.11982661536568208,0.26666666666666666,0.14292929292929296,-0.09129478844479211,-44.0,-6.0,-0.06078686396465354,-0.16666666666666663,-1370.262999246493,-0.0915849673202615,-0.04938949938949938]}}
{"op_code":8,"worker_id":"f672d475-53a7-4933-b3ce-6218b7142218-31796","trial_id":51,"user_attr":{"deflated_objective":0.051174838388225175}}
{"op_code":9,"worker_id":"f672d475-53a7-4933-b3ce-6218b7142218-31796","trial_id":51,"system_attr":{"constraints":[-0.08524843953527744,-0.10920522948057369,0.26666666666666666,0.1267676767676768,-0.11005219070861738,-43.0,-6.0,0.13230584488515737,0.5,-1370.4963362553824,-0.10138888888888892,-0.10982905982905972]}}
{"op_code":6,"worker_id":"4a4fdaca-1b71-4562-bd11-e698d6625847-23408","trial_id":50,"state":1,"values":[0.23325086620815655],"datetime_complete":"2026-07-14T11:39:06.572923"}
{"op_code":4,"worker_id":"4a4fdaca-1b71-4562-bd11-e698d6625847-23408","study_id":0,"datetime_start":"2026-07-14T11:39:06.576422"}
{"op_code":5,"worker_id":"4a4fdaca-1b71-4562-bd11-e698d6625847-23408","trial_id":54,"param_name":"k_weight","param_value_internal":0.1849306081691254,"distribution":"{\"name\": \"FloatDistribution\", \"attributes\": {\"step\": null, \"low\": 0.0, \"high\": 1.5, \"log\": false}}"}
{"op_code":5,"worker_id":"4a4fdaca-1b71-4562-bd11-e698d6625847-23408","trial_id":54,"param_name":"unified_alpha","param_value_internal":0.005771248521671595,"distribution":"{\"name\": \"FloatDistribution\", \"attributes\": {\"step\": null, \"low\": 1e-05, \"high\": 10.0, \"log\": true}}"}
{"op_code":5,"worker_id":"4a4fdaca-1b71-4562-bd11-e698d6625847-23408","trial_id":54,"param_name":"unified_rho","param_value_internal":0.9901188177240787,"distribution":"{\"name\": \"FloatDistribution\", \"attributes\": {\"step\": null, \"low\": 0.0, \"high\": 1.0, \"log\": false}}"}
{"op_code":6,"worker_id":"f672d475-53a7-4933-b3ce-6218b7142218-31796","trial_id":51,"state":1,"values":[0.22023027425254577],"datetime_complete":"2026-07-14T11:39:06.575342"}
{"op_code":5,"worker_id":"4a4fdaca-1b71-4562-bd11-e698d6625847-23408","trial_id":54,"param_name":"unified_gamma","param_value_internal":15.025379797471071,"distribution":"{\"name\": \"FloatDistribution\", \"attributes\": {\"step\": null, \"low\": 1.5, \"high\": 10000.0, \"log\": true}}"}
{"op_code":4,"worker_id":"f672d475-53a7-4933-b3ce-6218b7142218-31796","study_id":0,"datetime_start":"2026-07-14T11:39:06.586018"}
{"op_code":5,"worker_id":"4a4fdaca-1b71-4562-bd11-e698d6625847-23408","trial_id":54,"param_name":"huber_delta","param_value_internal":3.3705550891242297,"distribution":"{\"name\": \"FloatDistribution\", \"attributes\": {\"step\": null, \"low\": 0.5, \"high\": 5.0, \"log\": false}}"}
{"op_code":5,"worker_id":"f672d475-53a7-4933-b3ce-6218b7142218-31796","trial_id":55,"param_name":"k_weight","param_value_internal":0.12375448579484516,"distribution":"{\"name\": \"FloatDistribution\", \"attributes\": {\"step\": null, \"low\": 0.0, \"high\": 1.5, \"log\": false}}"}
{"op_code":8,"worker_id":"8632f250-2d66-4146-8b71-3e647165fd1b-3216","trial_id":52,"user_attr":{"constraints":[-0.09107617551961722,-0.14112916604423845,0.26666666666666666,0.1186868686868687,-0.24247731017383034,-42.0,-8.0,-0.03935913935913936,-0.16666666666666663,-1370.2819333950101,-0.09444444444444439,-0.062210012210012156]}}
{"op_code":8,"worker_id":"8d15089d-489d-47d5-b8a2-fce20b998924-30084","trial_id":53,"user_attr":{"constraints":[-0.08715014693494559,-0.13394149407022646,0.26666666666666666,0.20757575757575755,-0.24247731017383034,-41.0,-8.0,-0.01917367917367917,-0.16666666666666663,-1370.5213788034835,-0.09444444444444439,-0.062210012210012156]}}
{"op_code":8,"worker_id":"8d15089d-489d-47d5-b8a2-fce20b998924-30084","trial_id":53,"user_attr":{"pruned_reasons":["M3 (Hit Rate < 60%)","M5 (Monotonicity <= 0.25)"]}}
{"op_code":5,"worker_id":"f672d475-53a7-4933-b3ce-6218b7142218-31796","trial_id":55,"param_name":"unified_alpha","param_value_internal":0.0002513025373052734,"distribution":"{\"name\": \"FloatDistribution\", \"attributes\": {\"step\": null, \"low\": 1e-05, \"high\": 10.0, \"log\": true}}"}
{"op_code":8,"worker_id":"8632f250-2d66-4146-8b71-3e647165fd1b-3216","trial_id":52,"user_attr":{"pruned_reasons":["M3 (Hit Rate < 60%)","M5 (Monotonicity <= 0.25)"]}}
{"op_code":8,"worker_id":"8632f250-2d66-4146-8b71-3e647165fd1b-3216","trial_id":52,"user_attr":{"gini":0.41181854959840636}}
{"op_code":8,"worker_id":"8d15089d-489d-47d5-b8a2-fce20b998924-30084","trial_id":53,"user_attr":{"gini":0.4099321999105423}}
{"op_code":8,"worker_id":"8d15089d-489d-47d5-b8a2-fce20b998924-30084","trial_id":53,"user_attr":{"cv_is_ics":[0.2325848788022995,0.21017587184906006,0.19178661704063416,0.17123639583587646,0.21491669118404388,0.24799863994121552,0.234477698802948,0.23236078023910522,0.27745017409324646,0.24049094319343567,0.2088448703289032,0.2617526352405548,0.2108025997877121,0.21283310651779175,0.17619766294956207]}}
{"op_code":8,"worker_id":"8d15089d-489d-47d5-b8a2-fce20b998924-30084","trial_id":53,"user_attr":{"cv_oos_ics":[-0.01815606839954853,0.15165312588214874,0.0782148614525795,0.020284751430153847,-0.027118906378746033,0.03926031291484833,0.04604077711701393,-0.012369055300951004,-0.03600724786520004,0.03287852928042412,-0.0008550595375709236,-0.03531123697757721,0.010434562340378761,0.05976897478103638,0.11980380117893219]}}
{"op_code":8,"worker_id":"8632f250-2d66-4146-8b71-3e647165fd1b-3216","trial_id":52,"user_attr":{"cv_is_ics":[0.23345908522605896,0.2119661420583725,0.19365596771240234,0.1725393831729889,0.21487420797348022,0.24649161100387573,0.23456940054893494,0.23331215977668762,0.27721717953681946,0.24121320247650146,0.20820820331573486,0.26127099990844727,0.21196214854717255,0.2145109921693802,0.17685432732105255]}}
{"op_code":5,"worker_id":"f672d475-53a7-4933-b3ce-6218b7142218-31796","trial_id":55,"param_name":"unified_rho","param_value_internal":0.7655591123984918,"distribution":"{\"name\": \"FloatDistribution\", \"attributes\": {\"step\": null, \"low\": 0.0, \"high\": 1.0, \"log\": false}}"}
{"op_code":8,"worker_id":"8632f250-2d66-4146-8b71-3e647165fd1b-3216","trial_id":52,"user_attr":{"cv_oos_ics":[-0.016627652570605278,0.155065655708313,0.07585342973470688,0.016967181116342545,-0.02883845381438732,0.03818555548787117,0.046511776745319366,-0.012549232691526413,-0.037008870393037796,0.031105156987905502,-0.0005405367119237781,-0.03733929991722107,0.010483558289706707,0.05928521603345871,0.11978519707918167]}}
{"op_code":8,"worker_id":"8632f250-2d66-4146-8b71-3e647165fd1b-3216","trial_id":52,"user_attr":{"reg_kappa":3.4342302402437572}}
{"op_code":8,"worker_id":"8632f250-2d66-4146-8b71-3e647165fd1b-3216","trial_id":52,"user_attr":{"raw_metrics":[0.3052545647957397,0.14112916604423845,0.3333333333333333,0.09107617551961722,0.1313131313131313,0.24247731017383034,-0.23400743234970758,-0.22553303837776184,0.5444444444444444]}}
{"op_code":5,"worker_id":"f672d475-53a7-4933-b3ce-6218b7142218-31796","trial_id":55,"param_name":"unified_gamma","param_value_internal":9.81007565279156,"distribution":"{\"name\": \"FloatDistribution\", \"attributes\": {\"step\": null, \"low\": 1.5, \"high\": 10000.0, \"log\": true}}"}
{"op_code":8,"worker_id":"8632f250-2d66-4146-8b71-3e647165fd1b-3216","trial_id":52,"user_attr":{"val_metrics":[0.06913267042770158,-0.1871570154593836,0.44242424242424244,0.2921015758310323,-7.067717930157095]}}
{"op_code":5,"worker_id":"f672d475-53a7-4933-b3ce-6218b7142218-31796","trial_id":55,"param_name":"huber_delta","param_value_internal":3.277225818777588,"distribution":"{\"name\": \"FloatDistribution\", \"attributes\": {\"step\": null, \"low\": 0.5, \"high\": 5.0, \"log\": false}}"}
{"op_code":8,"worker_id":"043ac623-efc1-4ccb-a5e8-3aa7aa5d44ce-31524","trial_id":24,"user_attr":{"deflated_objective":-0.5194376999695886}}
{"op_code":8,"worker_id":"8632f250-2d66-4146-8b71-3e647165fd1b-3216","trial_id":52,"user_attr":{"deflated_objective":-0.44174284679654396}}
{"op_code":9,"worker_id":"043ac623-efc1-4ccb-a5e8-3aa7aa5d44ce-31524","trial_id":24,"system_attr":{"constraints":[-0.06085872118024673,-0.10196817605185209,0.26666666666666666,0.18737373737373736,0.06109718767589276,-10.0,-8.0,-0.05639320639320639,0.16666666666666669,-1427.697757730404,-0.06111111111111106,-0.014590964590964539]}}
{"op_code":6,"worker_id":"043ac623-efc1-4ccb-a5e8-3aa7aa5d44ce-31524","trial_id":24,"state":1,"values":[-0.34415848310541597],"datetime_complete":"2026-07-14T11:39:06.624393"}
{"op_code":9,"worker_id":"8632f250-2d66-4146-8b71-3e647165fd1b-3216","trial_id":52,"system_attr":{"constraints":[-0.09107617551961722,-0.14112916604423845,0.26666666666666666,0.1186868686868687,-0.24247731017383034,-42.0,-8.0,-0.03935913935913936,-0.16666666666666663,-1370.2819333950101,-0.09444444444444439,-0.062210012210012156]}}
{"op_code":8,"worker_id":"4a4fdaca-1b71-4562-bd11-e698d6625847-23408","trial_id":54,"user_attr":{"constraints":[-0.09022668762985715,-0.13159252095422308,0.26666666666666666,0.17525252525252527,-0.23568633895675797,-44.0,-6.0,-0.011679921679921679,-0.16666666666666663,-1370.3224004014492,-0.08464052287581697,-0.062210012210012156]}}
{"op_code":6,"worker_id":"8632f250-2d66-4146-8b71-3e647165fd1b-3216","trial_id":52,"state":1,"values":[-0.27504434913972187],"datetime_complete":"2026-07-14T11:39:06.627218"}
{"op_code":8,"worker_id":"bec30583-9054-4854-ab5d-19add34d6ead-29612","trial_id":42,"user_attr":{"constraints":[-0.08895063579259997,-0.10991537814352048,0.26666666666666666,0.07828282828282829,-0.1969189036618878,-42.0,-8.0,-0.05722040722040722,-0.16666666666666663,-1370.2884522956147,-0.10138888888888892,-0.062210012210012156]}}
{"op_code":4,"worker_id":"8632f250-2d66-4146-8b71-3e647165fd1b-3216","study_id":0,"datetime_start":"2026-07-14T11:39:06.631109"}
{"op_code":8,"worker_id":"bec30583-9054-4854-ab5d-19add34d6ead-29612","trial_id":42,"user_attr":{"pruned_reasons":["M3 (Hit Rate < 60%)","M5 (Monotonicity <= 0.25)"]}}
{"op_code":8,"worker_id":"bec30583-9054-4854-ab5d-19add34d6ead-29612","trial_id":42,"user_attr":{"gini":0.4108004621190391}}
{"op_code":8,"worker_id":"4a4fdaca-1b71-4562-bd11-e698d6625847-23408","trial_id":54,"user_attr":{"pruned_reasons":["M3 (Hit Rate < 60%)","M5 (Monotonicity <= 0.25)"]}}
{"op_code":8,"worker_id":"4a4fdaca-1b71-4562-bd11-e698d6625847-23408","trial_id":54,"user_attr":{"gini":0.4638098324744231}}
{"op_code":8,"worker_id":"4a4fdaca-1b71-4562-bd11-e698d6625847-23408","trial_id":54,"user_attr":{"cv_is_ics":[0.23314817249774933,0.20884564518928528,0.19399994611740112,0.1708502620458603,0.21279360353946686,0.24472752213478088,0.2358357310295105,0.23278409242630005,0.2785535752773285,0.2437242567539215,0.2080896496772766,0.26169469952583313,0.20975853502750397,0.2161136418581009,0.17628224194049835]}}
{"op_code":8,"worker_id":"bec30583-9054-4854-ab5d-19add34d6ead-29612","trial_id":42,"user_attr":{"cv_is_ics":[0.23638910055160522,0.2126755714416504,0.19452112913131714,0.17232774198055267,0.21686048805713654,0.24574440717697144,0.23664958775043488,0.23358561098575592,0.2769603729248047,0.241057887673378,0.20864473283290863,0.26200830936431885,0.21212138235569,0.21388040482997894,0.17716850340366364]}}
{"op_code":8,"worker_id":"bec30583-9054-4854-ab5d-19add34d6ead-29612","trial_id":42,"user_attr":{"cv_oos_ics":[-0.014337399043142796,0.15617839992046356,0.07664057612419128,0.020200982689857483,-0.02670646458864212,0.040815550833940506,0.048300933092832565,-0.015362536534667015,-0.032791510224342346,0.03188752755522728,-0.0037189556751400232,-0.0363113135099411,0.0112595921382308,0.06057678908109665,0.11887815594673157]}}
{"op_code":8,"worker_id":"4a4fdaca-1b71-4562-bd11-e698d6625847-23408","trial_id":54,"user_attr":{"cv_oos_ics":[-0.020724503323435783,0.15312625467777252,0.08239240944385529,0.016229065135121346,-0.02587072364985943,0.03627311438322067,0.05037142336368561,-0.0016184401465579867,-0.03539790213108063,0.03140072152018547,-0.004167822189629078,-0.038294412195682526,0.006077081896364689,0.0695263221859932,0.11176292598247528]}}
{"op_code":8,"worker_id":"4a4fdaca-1b71-4562-bd11-e698d6625847-23408","trial_id":54,"user_attr":{"reg_kappa":3.4340082899570383}}
{"op_code":8,"worker_id":"4a4fdaca-1b71-4562-bd11-e698d6625847-23408","trial_id":54,"user_attr":{"raw_metrics":[0.2858060364209351,0.13159252095422308,0.3333333333333333,0.09022668762985715,0.07474747474747474,0.23568633895675797,-0.19865123632077902,-0.22057302296161652,0.534640522875817]}}
{"op_code":8,"worker_id":"4a4fdaca-1b71-4562-bd11-e698d6625847-23408","trial_id":54,"user_attr":{"val_metrics":[0.06733719006082106,-0.1748926249784496,0.5878787878787879,0.19459792576136364,-7.219115082150321]}}
{"op_code":8,"worker_id":"bec30583-9054-4854-ab5d-19add34d6ead-29612","trial_id":42,"user_attr":{"reg_kappa":3.434196324990715}}
{"op_code":8,"worker_id":"bec30583-9054-4854-ab5d-19add34d6ead-29612","trial_id":42,"user_attr":{"raw_metrics":[0.25880327488348603,0.10991537814352048,0.3333333333333333,0.08895063579259997,0.1717171717171717,0.1969189036618878,-0.23415369909404948,-0.2265477329492569,0.5513888888888889]}}
{"op_code":8,"worker_id":"bec30583-9054-4854-ab5d-19add34d6ead-29612","trial_id":42,"user_attr":{"val_metrics":[0.06988308686264469,-0.1742940265025382,0.44242424242424244,0.2921015758310323,-7.013249808364511]}}
{"op_code":8,"worker_id":"6f95e099-6c3e-4647-95da-314817b2237b-24340","trial_id":18,"user_attr":{"constraints":[-0.0905811123734185,-0.13784896292495077,0.26666666666666666,0.10252525252525255,-0.09720753161078381,-46.0,-5.0,0.09566478566478566,0.16666666666666669,-1370.7692340517387,-0.06519607843137248,-0.05864875864875857]}}
{"op_code":8,"worker_id":"bec30583-9054-4854-ab5d-19add34d6ead-29612","trial_id":42,"user_attr":{"deflated_objective":-0.41277561780555827}}
{"op_code":9,"worker_id":"bec30583-9054-4854-ab5d-19add34d6ead-29612","trial_id":42,"system_attr":{"constraints":[-0.08895063579259997,-0.10991537814352048,0.26666666666666666,0.07828282828282829,-0.1969189036618878,-42.0,-8.0,-0.05722040722040722,-0.16666666666666663,-1370.2884522956147,-0.10138888888888892,-0.062210012210012156]}}
{"op_code":6,"worker_id":"bec30583-9054-4854-ab5d-19add34d6ead-29612","trial_id":42,"state":1,"values":[-0.24803686319915655],"datetime_complete":"2026-07-14T11:39:06.658922"}
{"op_code":8,"worker_id":"6f95e099-6c3e-4647-95da-314817b2237b-24340","trial_id":18,"user_attr":{"pruned_reasons":["M3 (Hit Rate < 60%)","M5 (Monotonicity <= 0.25)","Side-specific Yearly Tail IC Mean (-0.0957 <= 0)","Side-specific Hit Rate (33.33% < 50%)"]}}
{"op_code":8,"worker_id":"4a4fdaca-1b71-4562-bd11-e698d6625847-23408","trial_id":54,"user_attr":{"deflated_objective":-0.4817493035034982}}
{"op_code":9,"worker_id":"4a4fdaca-1b71-4562-bd11-e698d6625847-23408","trial_id":54,"system_attr":{"constraints":[-0.09022668762985715,-0.13159252095422308,0.26666666666666666,0.17525252525252527,-0.23568633895675797,-44.0,-6.0,-0.011679921679921679,-0.16666666666666663,-1370.3224004014492,-0.08464052287581697,-0.062210012210012156]}}
{"op_code":6,"worker_id":"4a4fdaca-1b71-4562-bd11-e698d6625847-23408","trial_id":54,"state":1,"values":[-0.31633154723174317],"datetime_complete":"2026-07-14T11:39:06.664865"}
{"op_code":8,"worker_id":"6f95e099-6c3e-4647-95da-314817b2237b-24340","trial_id":18,"user_attr":{"gini":0.49492152395482947}}
{"op_code":8,"worker_id":"6f95e099-6c3e-4647-95da-314817b2237b-24340","trial_id":18,"user_attr":{"cv_is_ics":[0.23601309955120087,0.20851416885852814,0.1959216594696045,0.1733381450176239,0.21388454735279083,0.24459637701511383,0.23670251667499542,0.2319408506155014,0.2775348424911499,0.24521462619304657,0.20960986614227295,0.2625785768032074,0.21340231597423553,0.21653541922569275,0.17744497954845428]}}
{"op_code":8,"worker_id":"6f95e099-6c3e-4647-95da-314817b2237b-24340","trial_id":18,"user_attr":{"cv_oos_ics":[-0.021023232489824295,0.15272635221481323,0.08042455464601517,0.026921471580863,-0.0024033335503190756,0.04045519232749939,0.058770351111888885,0.011063555255532265,-0.023215627297759056,0.04337178170681,-0.001359244342893362,-0.020334893837571144,0.020434483885765076,0.0856609046459198,0.12059765309095383]}}
{"op_code":8,"worker_id":"f672d475-53a7-4933-b3ce-6218b7142218-31796","trial_id":55,"user_attr":{"constraints":[-0.09150680035745355,-0.11475216779168147,0.26666666666666666,0.17525252525252527,-0.16746234030821947,-43.0,-8.0,0.008136708136708137,-0.16666666666666663,-1370.2855029635355,-0.09444444444444439,-0.07146927146927134]}}
{"op_code":8,"worker_id":"6f95e099-6c3e-4647-95da-314817b2237b-24340","trial_id":18,"user_attr":{"reg_kappa":3.42662776466751}}
{"op_code":8,"worker_id":"f672d475-53a7-4933-b3ce-6218b7142218-31796","trial_id":55,"user_attr":{"pruned_reasons":["M3 (Hit Rate < 60%)","M5 (Monotonicity <= 0.25)","Side-specific Yearly Tail IC Mean (-0.0081 <= 0)"]}}
{"op_code":8,"worker_id":"6f95e099-6c3e-4647-95da-314817b2237b-24340","trial_id":18,"user_attr":{"raw_metrics":[0.3080726630897246,0.13784896292495077,0.3333333333333333,0.0905811123734185,0.14747474747474745,0.09720753161078381,-0.17657391479829024,-0.1886274665594101,0.5151960784313725]}}
{"op_code":4,"worker_id":"414049f5-3062-4034-8468-3052bb32b87b-29612","study_id":0,"datetime_start":"2026-07-14T11:39:06.667912"}
{"op_code":8,"worker_id":"6f95e099-6c3e-4647-95da-314817b2237b-24340","trial_id":18,"user_attr":{"val_metrics":[0.0674885195909994,-0.2542431649379881,0.503030303030303,0.24398224443143257,-6.688474269911412]}}
{"op_code":5,"worker_id":"414049f5-3062-4034-8468-3052bb32b87b-29612","trial_id":57,"param_name":"k_weight","param_value_internal":0.24426013264287588,"distribution":"{\"name\": \"FloatDistribution\", \"attributes\": {\"step\": null, \"low\": 0.0, \"high\": 1.5, \"log\": false}}"}
{"op_code":8,"worker_id":"6f95e099-6c3e-4647-95da-314817b2237b-24340","trial_id":18,"user_attr":{"deflated_objective":-0.3044091956796919}}
{"op_code":4,"worker_id":"592dd037-d81c-4eb5-81d7-8c4e211b7771-23408","study_id":0,"datetime_start":"2026-07-14T11:39:06.673889"}
{"op_code":5,"worker_id":"414049f5-3062-4034-8468-3052bb32b87b-29612","trial_id":57,"param_name":"unified_alpha","param_value_internal":0.00035033805822365664,"distribution":"{\"name\": \"FloatDistribution\", \"attributes\": {\"step\": null, \"low\": 1e-05, \"high\": 10.0, \"log\": true}}"}
{"op_code":5,"worker_id":"592dd037-d81c-4eb5-81d7-8c4e211b7771-23408","trial_id":58,"param_name":"k_weight","param_value_internal":0.2565390536781593,"distribution":"{\"name\": \"FloatDistribution\", \"attributes\": {\"step\": null, \"low\": 0.0, \"high\": 1.5, \"log\": false}}"}
{"op_code":9,"worker_id":"6f95e099-6c3e-4647-95da-314817b2237b-24340","trial_id":18,"system_attr":{"constraints":[-0.0905811123734185,-0.13784896292495077,0.26666666666666666,0.10252525252525255,-0.09720753161078381,-46.0,-5.0,0.09566478566478566,0.16666666666666669,-1370.7692340517387,-0.06519607843137248,-0.05864875864875857]}}
{"op_code":6,"worker_id":"6f95e099-6c3e-4647-95da-314817b2237b-24340","trial_id":18,"state":1,"values":[-0.14428515386903024],"datetime_complete":"2026-07-14T11:39:06.689380"}
{"op_code":5,"worker_id":"414049f5-3062-4034-8468-3052bb32b87b-29612","trial_id":57,"param_name":"unified_rho","param_value_internal":0.9116433720984692,"distribution":"{\"name\": \"FloatDistribution\", \"attributes\": {\"step\": null, \"low\": 0.0, \"high\": 1.0, \"log\": false}}"}
{"op_code":8,"worker_id":"f672d475-53a7-4933-b3ce-6218b7142218-31796","trial_id":55,"user_attr":{"gini":0.41418840038060933}}
{"op_code":8,"worker_id":"f672d475-53a7-4933-b3ce-6218b7142218-31796","trial_id":55,"user_attr":{"cv_is_ics":[0.23401005566120148,0.21172966063022614,0.1950322687625885,0.17323903739452362,0.21682584285736084,0.24745294451713562,0.23570436239242554,0.233215793967247,0.2778647840023041,0.2416505515575409,0.2085786610841751,0.2617170810699463,0.21161743998527527,0.215426504611969,0.1783011257648468]}}
{"op_code":8,"worker_id":"f672d475-53a7-4933-b3ce-6218b7142218-31796","trial_id":55,"user_attr":{"cv_oos_ics":[-0.013711491599678993,0.15671423077583313,0.07456839829683304,0.01861095055937767,-0.026852214708924294,0.03891259804368019,0.05065275728702545,-0.01624445989727974,-0.038055457174777985,0.03155561536550522,-0.0012122562620788813,-0.0370214469730854,0.01018168032169342,0.059781379997730255,0.11984721571207047]}}
{"op_code":8,"worker_id":"f672d475-53a7-4933-b3ce-6218b7142218-31796","trial_id":55,"user_attr":{"reg_kappa":3.433903164394134}}
{"op_code":8,"worker_id":"f672d475-53a7-4933-b3ce-6218b7142218-31796","trial_id":55,"user_attr":{"raw_metrics":[0.2724432373888206,0.11475216779168147,0.3333333333333333,0.09150680035745355,0.07474747474747473,0.16746234030821947,-0.23173547489978663,-0.21981413662433624,0.5444444444444444]}}
{"op_code":8,"worker_id":"f672d475-53a7-4933-b3ce-6218b7142218-31796","trial_id":55,"user_attr":{"val_metrics":[0.06935298842016709,-0.1939693502837271,0.3696969696969697,0.2921015758310323,-6.429653646521552]}}
{"op_code":5,"worker_id":"414049f5-3062-4034-8468-3052bb32b87b-29612","trial_id":57,"param_name":"unified_gamma","param_value_internal":8.556822200230153,"distribution":"{\"name\": \"FloatDistribution\", \"attributes\": {\"step\": null, \"low\": 1.5, \"high\": 10000.0, \"log\": true}}"}
{"op_code":8,"worker_id":"f672d475-53a7-4933-b3ce-6218b7142218-31796","trial_id":55,"user_attr":{"deflated_objective":-0.18816442718492704}}
{"op_code":9,"worker_id":"f672d475-53a7-4933-b3ce-6218b7142218-31796","trial_id":55,"system_attr":{"constraints":[-0.09150680035745355,-0.11475216779168147,0.26666666666666666,0.17525252525252527,-0.16746234030821947,-43.0,-8.0,0.008136708136708137,-0.16666666666666663,-1370.2855029635355,-0.09444444444444439,-0.07146927146927134]}}
{"op_code":6,"worker_id":"f672d475-53a7-4933-b3ce-6218b7142218-31796","trial_id":55,"state":1,"values":[-0.029794265113247596],"datetime_complete":"2026-07-14T11:39:06.706822"}
{"op_code":5,"worker_id":"414049f5-3062-4034-8468-3052bb32b87b-29612","trial_id":57,"param_name":"huber_delta","param_value_internal":1.6011657516391453,"distribution":"{\"name\": \"FloatDistribution\", \"attributes\": {\"step\": null, \"low\": 0.5, \"high\": 5.0, \"log\": false}}"}
{"op_code":4,"worker_id":"24b65aba-df65-4945-9f18-4da688d2d7af-31796","study_id":0,"datetime_start":"2026-07-14T11:39:06.716643"}
{"op_code":5,"worker_id":"24b65aba-df65-4945-9f18-4da688d2d7af-31796","trial_id":59,"param_name":"k_weight","param_value_internal":0.24247315853425921,"distribution":"{\"name\": \"FloatDistribution\", \"attributes\": {\"step\": null, \"low\": 0.0, \"high\": 1.5, \"log\": false}}"}
{"op_code":5,"worker_id":"592dd037-d81c-4eb5-81d7-8c4e211b7771-23408","trial_id":58,"param_name":"unified_alpha","param_value_internal":0.0002637799805234239,"distribution":"{\"name\": \"FloatDistribution\", \"attributes\": {\"step\": null, \"low\": 1e-05, \"high\": 10.0, \"log\": true}}"}
{"op_code":5,"worker_id":"24b65aba-df65-4945-9f18-4da688d2d7af-31796","trial_id":59,"param_name":"unified_alpha","param_value_internal":0.09743852493605928,"distribution":"{\"name\": \"FloatDistribution\", \"attributes\": {\"step\": null, \"low\": 1e-05, \"high\": 10.0, \"log\": true}}"}
{"op_code":5,"worker_id":"592dd037-d81c-4eb5-81d7-8c4e211b7771-23408","trial_id":58,"param_name":"unified_rho","param_value_internal":0.7355392174430815,"distribution":"{\"name\": \"FloatDistribution\", \"attributes\": {\"step\": null, \"low\": 0.0, \"high\": 1.0, \"log\": false}}"}
{"op_code":5,"worker_id":"24b65aba-df65-4945-9f18-4da688d2d7af-31796","trial_id":59,"param_name":"unified_rho","param_value_internal":0.922051938596191,"distribution":"{\"name\": \"FloatDistribution\", \"attributes\": {\"step\": null, \"low\": 0.0, \"high\": 1.0, \"log\": false}}"}
{"op_code":5,"worker_id":"592dd037-d81c-4eb5-81d7-8c4e211b7771-23408","trial_id":58,"param_name":"unified_gamma","param_value_internal":8.735296299714273,"distribution":"{\"name\": \"FloatDistribution\", \"attributes\": {\"step\": null, \"low\": 1.5, \"high\": 10000.0, \"log\": true}}"}
{"op_code":5,"worker_id":"24b65aba-df65-4945-9f18-4da688d2d7af-31796","trial_id":59,"param_name":"unified_gamma","param_value_internal":3.6422763759203187,"distribution":"{\"name\": \"FloatDistribution\", \"attributes\": {\"step\": null, \"low\": 1.5, \"high\": 10000.0, \"log\": true}}"}
{"op_code":5,"worker_id":"592dd037-d81c-4eb5-81d7-8c4e211b7771-23408","trial_id":58,"param_name":"huber_delta","param_value_internal":2.233135065797064,"distribution":"{\"name\": \"FloatDistribution\", \"attributes\": {\"step\": null, \"low\": 0.5, \"high\": 5.0, \"log\": false}}"}
{"op_code":5,"worker_id":"24b65aba-df65-4945-9f18-4da688d2d7af-31796","trial_id":59,"param_name":"huber_delta","param_value_internal":2.162836427534744,"distribution":"{\"name\": \"FloatDistribution\", \"attributes\": {\"step\": null, \"low\": 0.5, \"high\": 5.0, \"log\": false}}"}
{"op_code":8,"worker_id":"8d15089d-489d-47d5-b8a2-fce20b998924-30084","trial_id":53,"user_attr":{"reg_kappa":3.434443187483235}}
{"op_code":8,"worker_id":"8d15089d-489d-47d5-b8a2-fce20b998924-30084","trial_id":53,"user_attr":{"raw_metrics":[0.2867209502925107,0.13394149407022646,0.3333333333333333,0.08715014693494559,0.04242424242424244,0.24247731017383034,-0.23710188277654506,-0.23182959854602814,0.5444444444444444]}}
{"op_code":8,"worker_id":"8d15089d-489d-47d5-b8a2-fce20b998924-30084","trial_id":53,"user_attr":{"val_metrics":[0.07053469401611843,-0.19482373050017127,0.41818181818181815,0.3324017507307555,-7.309745144653357]}}
{"op_code":8,"worker_id":"8d15089d-489d-47d5-b8a2-fce20b998924-30084","trial_id":53,"user_attr":{"deflated_objective":-0.5347966463227278}}
{"op_code":8,"worker_id":"414049f5-3062-4034-8468-3052bb32b87b-29612","trial_id":57,"user_attr":{"constraints":[-0.07437807601682415,-0.13543036814983891,0.26666666666666666,0.14292929292929296,-0.12960025143089307,-41.0,-8.0,0.0534978934978935,-0.16666666666666663,-1370.6976044531616,-0.09444444444444439,-0.07492877492877487]}}
{"op_code":8,"worker_id":"414049f5-3062-4034-8468-3052bb32b87b-29612","trial_id":57,"user_attr":{"pruned_reasons":["M3 (Hit Rate < 60%)","M5 (Monotonicity <= 0.25)","Side-specific Yearly Tail IC Mean (-0.0535 <= 0)"]}}
{"op_code":5,"worker_id":"affd2695-7208-4ec6-acbe-1f99ab9d72a4-22852","trial_id":47,"param_name":"huber_delta","param_value_internal":3.1863239568042903,"distribution":"{\"name\": \"FloatDistribution\", \"attributes\": {\"step\": null, \"low\": 0.5, \"high\": 5.0, \"log\": false}}"}
{"op_code":9,"worker_id":"8d15089d-489d-47d5-b8a2-fce20b998924-30084","trial_id":53,"system_attr":{"constraints":[-0.08715014693494559,-0.13394149407022646,0.26666666666666666,0.20757575757575755,-0.24247731017383034,-41.0,-8.0,-0.01917367917367917,-0.16666666666666663,-1370.5213788034835,-0.09444444444444439,-0.062210012210012156]}}
{"op_code":6,"worker_id":"8d15089d-489d-47d5-b8a2-fce20b998924-30084","trial_id":53,"state":1,"values":[-0.37720596100972625],"datetime_complete":"2026-07-14T11:39:06.751340"}
{"op_code":8,"worker_id":"414049f5-3062-4034-8468-3052bb32b87b-29612","trial_id":57,"user_attr":{"gini":0.4216001271215519}}
{"op_code":8,"worker_id":"414049f5-3062-4034-8468-3052bb32b87b-29612","trial_id":57,"user_attr":{"cv_is_ics":[0.23394906520843506,0.2195330262184143,0.19757990539073944,0.1768663227558136,0.23113173246383667,0.23734422028064728,0.23232628405094147,0.23176966607570648,0.2781544327735901,0.23400087654590607,0.20561407506465912,0.264279842376709,0.21350128948688507,0.2246764749288559,0.1814444661140442]}}
{"op_code":8,"worker_id":"414049f5-3062-4034-8468-3052bb32b87b-29612","trial_id":57,"user_attr":{"cv_oos_ics":[-0.013934352435171604,0.15437966585159302,0.07213583588600159,0.01805143803358078,-0.03747804835438728,0.06578473001718521,0.06297139078378677,-0.018722696229815483,-0.022541159763932228,0.04478636756539345,-0.004736808594316244,-0.04711524397134781,0.017545301467180252,0.07453136146068573,0.12291719764471054]}}
{"op_code":8,"worker_id":"414049f5-3062-4034-8468-3052bb32b87b-29612","trial_id":57,"user_attr":{"reg_kappa":3.4351241234985825}}
{"op_code":8,"worker_id":"414049f5-3062-4034-8468-3052bb32b87b-29612","trial_id":57,"user_attr":{"raw_metrics":[0.3268168965151973,0.13543036814983891,0.3333333333333333,0.07437807601682415,0.10707070707070705,0.12960025143089307,-0.23864659887111997,-0.2630763649940491,0.5444444444444444]}}
{"op_code":8,"worker_id":"414049f5-3062-4034-8468-3052bb32b87b-29612","trial_id":57,"user_attr":{"val_metrics":[0.058408747780299745,-0.10549249805192329,0.296969696969697,0.3110046101518083,-6.318938931911985]}}
{"op_code":4,"worker_id":"6ec9af72-aafc-4a90-8a86-ef93c6794074-30084","study_id":0,"datetime_start":"2026-07-14T11:39:06.761834"}
{"op_code":8,"worker_id":"414049f5-3062-4034-8468-3052bb32b87b-29612","trial_id":57,"user_attr":{"deflated_objective":-0.11345014675426025}}
{"op_code":9,"worker_id":"414049f5-3062-4034-8468-3052bb32b87b-29612","trial_id":57,"system_attr":{"constraints":[-0.07437807601682415,-0.13543036814983891,0.26666666666666666,0.14292929292929296,-0.12960025143089307,-41.0,-8.0,0.0534978934978935,-0.16666666666666663,-1370.6976044531616,-0.09444444444444439,-0.07492877492877487]}}
{"op_code":5,"worker_id":"8632f250-2d66-4146-8b71-3e647165fd1b-3216","trial_id":56,"param_name":"k_weight","param_value_internal":0.2437034177072997,"distribution":"{\"name\": \"FloatDistribution\", \"attributes\": {\"step\": null, \"low\": 0.0, \"high\": 1.5, \"log\": false}}"}
{"op_code":5,"worker_id":"6ec9af72-aafc-4a90-8a86-ef93c6794074-30084","trial_id":60,"param_name":"k_weight","param_value_internal":0.25386690772112486,"distribution":"{\"name\": \"FloatDistribution\", \"attributes\": {\"step\": null, \"low\": 0.0, \"high\": 1.5, \"log\": false}}"}
{"op_code":8,"worker_id":"592dd037-d81c-4eb5-81d7-8c4e211b7771-23408","trial_id":58,"user_attr":{"constraints":[-0.08406609705013164,-0.12078862492772739,0.26666666666666666,0.1914141414141414,-0.1463339077308774,-41.0,-8.0,0.15137911285129033,0.5,-1370.814303103828,-0.09444444444444439,-0.10982905982905972]}}
{"op_code":5,"worker_id":"8632f250-2d66-4146-8b71-3e647165fd1b-3216","trial_id":56,"param_name":"unified_alpha","param_value_internal":0.0044129813677130205,"distribution":"{\"name\": \"FloatDistribution\", \"attributes\": {\"step\": null, \"low\": 1e-05, \"high\": 10.0, \"log\": true}}"}
{"op_code":8,"worker_id":"592dd037-d81c-4eb5-81d7-8c4e211b7771-23408","trial_id":58,"user_attr":{"pruned_reasons":["M3 (Hit Rate < 60%)","M5 (Monotonicity <= 0.25)","Side-specific Yearly Tail IC Mean (-0.1514 <= 0)","Side-specific Hit Rate (0.00% < 50%)"]}}
{"op_code":4,"worker_id":"6c413667-86f2-4968-b9e7-ed67fde65e1d-24340","study_id":0,"datetime_start":"2026-07-14T11:39:06.765665"}
{"op_code":8,"worker_id":"592dd037-d81c-4eb5-81d7-8c4e211b7771-23408","trial_id":58,"user_attr":{"gini":0.4072204194969786}}
{"op_code":8,"worker_id":"592dd037-d81c-4eb5-81d7-8c4e211b7771-23408","trial_id":58,"user_attr":{"cv_is_ics":[0.23626896739006042,0.2147592306137085,0.19323499500751495,0.17634201049804688,0.22491388022899628,0.24359475076198578,0.23077720403671265,0.23234105110168457,0.2775135636329651,0.236286923289299,0.21085767447948456,0.26494020223617554,0.2127801477909088,0.21710044145584106,0.17804978787899017]}}
{"op_code":5,"worker_id":"6ec9af72-aafc-4a90-8a86-ef93c6794074-30084","trial_id":60,"param_name":"unified_alpha","param_value_internal":0.13109129160359986,"distribution":"{\"name\": \"FloatDistribution\", \"attributes\": {\"step\": null, \"low\": 1e-05, \"high\": 10.0, \"log\": true}}"}
{"op_code":5,"worker_id":"8632f250-2d66-4146-8b71-3e647165fd1b-3216","trial_id":56,"param_name":"unified_rho","param_value_internal":0.7553898656294327,"distribution":"{\"name\": \"FloatDistribution\", \"attributes\": {\"step\": null, \"low\": 0.0, \"high\": 1.0, \"log\": false}}"}
{"op_code":5,"worker_id":"6ec9af72-aafc-4a90-8a86-ef93c6794074-30084","trial_id":60,"param_name":"unified_rho","param_value_internal":0.9188416674203519,"distribution":"{\"name\": \"FloatDistribution\", \"attributes\": {\"step\": null, \"low\": 0.0, \"high\": 1.0, \"log\": false}}"}
{"op_code":6,"worker_id":"414049f5-3062-4034-8468-3052bb32b87b-29612","trial_id":57,"state":1,"values":[0.04151521027945572],"datetime_complete":"2026-07-14T11:39:06.767571"}
{"op_code":5,"worker_id":"6ec9af72-aafc-4a90-8a86-ef93c6794074-30084","trial_id":60,"param_name":"unified_gamma","param_value_internal":4.467308847609688,"distribution":"{\"name\": \"FloatDistribution\", \"attributes\": {\"step\": null, \"low\": 1.5, \"high\": 10000.0, \"log\": true}}"}
{"op_code":5,"worker_id":"6ec9af72-aafc-4a90-8a86-ef93c6794074-30084","trial_id":60,"param_name":"huber_delta","param_value_internal":2.1902541210895823,"distribution":"{\"name\": \"FloatDistribution\", \"attributes\": {\"step\": null, \"low\": 0.5, \"high\": 5.0, \"log\": false}}"}
{"op_code":8,"worker_id":"592dd037-d81c-4eb5-81d7-8c4e211b7771-23408","trial_id":58,"user_attr":{"cv_oos_ics":[-0.0071710702031850815,0.16004298627376556,0.08033445477485657,0.0216361191123724,-0.03460955619812012,0.056311048567295074,0.053437646478414536,-0.014319401234388351,-0.02872300148010254,0.04689798131585121,-0.0008487374288961291,-0.03481662645936012,0.01565026305615902,0.06541592627763748,0.12072169780731201]}}
{"op_code":4,"worker_id":"414049f5-3062-4034-8468-3052bb32b87b-29612","study_id":0,"datetime_start":"2026-07-14T11:39:06.787949"}
{"op_code":8,"worker_id":"affd2695-7208-4ec6-acbe-1f99ab9d72a4-22852","trial_id":47,"user_attr":{"constraints":[-0.08922980462944331,-0.13306923027108974,0.26666666666666666,0.14292929292929296,-0.23847732025285898,-41.0,-8.0,-0.014344674344674341,-0.16666666666666663,-1370.6332711762077,-0.09444444444444439,-0.062210012210012156]}}
{"op_code":8,"worker_id":"592dd037-d81c-4eb5-81d7-8c4e211b7771-23408","trial_id":58,"user_attr":{"reg_kappa":3.4351552091601434}}
{"op_code":5,"worker_id":"6c413667-86f2-4968-b9e7-ed67fde65e1d-24340","trial_id":61,"param_name":"k_weight","param_value_internal":0.09661691256561943,"distribution":"{\"name\": \"FloatDistribution\", \"attributes\": {\"step\": null, \"low\": 0.0, \"high\": 1.5, \"log\": false}}"}
{"op_code":8,"worker_id":"affd2695-7208-4ec6-acbe-1f99ab9d72a4-22852","trial_id":47,"user_attr":{"pruned_reasons":["M3 (Hit Rate < 60%)","M5 (Monotonicity <= 0.25)"]}}
{"op_code":5,"worker_id":"6c413667-86f2-4968-b9e7-ed67fde65e1d-24340","trial_id":61,"param_name":"unified_alpha","param_value_internal":9.223026257437128e-05,"distribution":"{\"name\": \"FloatDistribution\", \"attributes\": {\"step\": null, \"low\": 1e-05, \"high\": 10.0, \"log\": true}}"}
{"op_code":8,"worker_id":"24b65aba-df65-4945-9f18-4da688d2d7af-31796","trial_id":59,"user_attr":{"constraints":[-0.16033752665711773,-0.1254885245459158,0.26666666666666666,-0.25303030303030305,-0.4014387170715594,-52.0,3.0,0.2231928980437572,0.5,-1370.7311747304648,-0.0514705882352941,-0.0494912494912495]}}
{"op_code":5,"worker_id":"6c413667-86f2-4968-b9e7-ed67fde65e1d-24340","trial_id":61,"param_name":"unified_rho","param_value_internal":0.9195845807713978,"distribution":"{\"name\": \"FloatDistribution\", \"attributes\": {\"step\": null, \"low\": 0.0, \"high\": 1.0, \"log\": false}}"}
{"op_code":8,"worker_id":"affd2695-7208-4ec6-acbe-1f99ab9d72a4-22852","trial_id":47,"user_attr":{"gini":0.4094274412020915}}
{"op_code":5,"worker_id":"6c413667-86f2-4968-b9e7-ed67fde65e1d-24340","trial_id":61,"param_name":"unified_gamma","param_value_internal":3.885707658635678,"distribution":"{\"name\": \"FloatDistribution\", \"attributes\": {\"step\": null, \"low\": 1.5, \"high\": 10000.0, \"log\": true}}"}
{"op_code":5,"worker_id":"6c413667-86f2-4968-b9e7-ed67fde65e1d-24340","trial_id":61,"param_name":"huber_delta","param_value_internal":2.366507885947252,"distribution":"{\"name\": \"FloatDistribution\", \"attributes\": {\"step\": null, \"low\": 0.5, \"high\": 5.0, \"log\": false}}"}
{"op_code":8,"worker_id":"affd2695-7208-4ec6-acbe-1f99ab9d72a4-22852","trial_id":47,"user_attr":{"cv_is_ics":[0.2353062629699707,0.21152764558792114,0.19097547233104706,0.17196829617023468,0.21505044400691986,0.24663014709949493,0.2341374307870865,0.2317667305469513,0.27588361501693726,0.24060499668121338,0.20899276435375214,0.2629401683807373,0.21062728762626648,0.21304014325141907,0.17660917341709137]}}
{"op_code":8,"worker_id":"affd2695-7208-4ec6-acbe-1f99ab9d72a4-22852","trial_id":47,"user_attr":{"cv_oos_ics":[-0.016009647399187088,0.1515250951051712,0.08003097772598267,0.02013617940247059,-0.02764919027686119,0.04036036133766174,0.04613877087831497,-0.013532308861613274,-0.031766630709171295,0.033088743686676025,-0.003143647685647011,-0.036263249814510345,0.010429820977151394,0.06012558937072754,0.1187727227807045]}}
{"op_code":8,"worker_id":"affd2695-7208-4ec6-acbe-1f99ab9d72a4-22852","trial_id":47,"user_attr":{"reg_kappa":3.4350843840950027}}
{"op_code":8,"worker_id":"affd2695-7208-4ec6-acbe-1f99ab9d72a4-22852","trial_id":47,"user_attr":{"raw_metrics":[0.28417201856077723,0.13306923027108974,0.3333333333333333,0.08922980462944331,0.10707070707070705,0.23847732025285898,-0.23811299542796094,-0.23407645523548126,0.5444444444444444]}}
{"op_code":8,"worker_id":"affd2695-7208-4ec6-acbe-1f99ab9d72a4-22852","trial_id":47,"user_attr":{"val_metrics":[0.07088186176182165,-0.18619867318658959,0.5393939393939394,0.2921015758310323,-7.071328002496346]}}
{"op_code":5,"worker_id":"8632f250-2d66-4146-8b71-3e647165fd1b-3216","trial_id":56,"param_name":"unified_gamma","param_value_internal":9.122789361429078,"distribution":"{\"name\": \"FloatDistribution\", \"attributes\": {\"step\": null, \"low\": 1.5, \"high\": 10000.0, \"log\": true}}"}
{"op_code":8,"worker_id":"24b65aba-df65-4945-9f18-4da688d2d7af-31796","trial_id":59,"user_attr":{"pruned_reasons":["M3 (Hit Rate < 60%)","Active features count (2) is less than active feature floor (5)","Side-specific Yearly Tail IC Mean (-0.2232 <= 0)","Side-specific Hit Rate (0.00% < 50%)"]}}
{"op_code":8,"worker_id":"24b65aba-df65-4945-9f18-4da688d2d7af-31796","trial_id":59,"user_attr":{"gini":0.9203890955090726}}
{"op_code":5,"worker_id":"8632f250-2d66-4146-8b71-3e647165fd1b-3216","trial_id":56,"param_name":"huber_delta","param_value_internal":3.348100583519156,"distribution":"{\"name\": \"FloatDistribution\", \"attributes\": {\"step\": null, \"low\": 0.5, \"high\": 5.0, \"log\": false}}"}
{"op_code":8,"worker_id":"24b65aba-df65-4945-9f18-4da688d2d7af-31796","trial_id":59,"user_attr":{"cv_is_ics":[0.1863335520029068,0.1575225591659546,0.15211933851242065,0.14644622802734375,0.17207245528697968,0.22270677983760834,0.17432041466236115,0.176674947142601,0.24340635538101196,0.15638510882854462,0.1757039576768875,0.18922439217567444,0.12911535799503326,0.16020986437797546,0.1567552536725998]}}
{"op_code":8,"worker_id":"24b65aba-df65-4945-9f18-4da688d2d7af-31796","trial_id":59,"user_attr":{"cv_oos_ics":[0.026119008660316467,0.14270687103271484,0.09900461137294769,0.1298973262310028,0.09969183057546616,0.08739054948091507,0.15252725780010223,0.07489711046218872,0.0563218891620636,0.16615496575832367,-0.0015220375498756766,0.08862230181694031,0.1759255826473236,0.1407349407672882,0.10220474749803543]}}
{"op_code":8,"worker_id":"24b65aba-df65-4945-9f18-4da688d2d7af-31796","trial_id":59,"user_attr":{"reg_kappa":3.385532117679872}}
{"op_code":8,"worker_id":"6ec9af72-aafc-4a90-8a86-ef93c6794074-30084","trial_id":60,"user_attr":{"constraints":[-0.16458554973870734,-0.1202672692231657,0.26666666666666666,-0.1681818181818182,-0.4446763773075018,-53.0,4.0,0.10671027015172334,0.5,-1370.8564310724362,-0.030637254901960786,-0.06231176231176222]}}
{"op_code":8,"worker_id":"6ec9af72-aafc-4a90-8a86-ef93c6794074-30084","trial_id":60,"user_attr":{"pruned_reasons":["M3 (Hit Rate < 60%)","Active features count (1) is less than active feature floor (5)","Side-specific Yearly Tail IC Mean (-0.1067 <= 0)","Side-specific Hit Rate (0.00% < 50%)"]}}
{"op_code":8,"worker_id":"6ec9af72-aafc-4a90-8a86-ef93c6794074-30084","trial_id":60,"user_attr":{"gini":0.9230769357801043}}
{"op_code":8,"worker_id":"24b65aba-df65-4945-9f18-4da688d2d7af-31796","trial_id":59,"user_attr":{"raw_metrics":[0.5576614995340207,0.1254885245459158,0.3333333333333333,0.16033752665711773,0.503030303030303,0.4014387170715594,-0.03669495151858145,-0.09156134724617004,0.5014705882352941]}}
{"op_code":8,"worker_id":"6ec9af72-aafc-4a90-8a86-ef93c6794074-30084","trial_id":60,"user_attr":{"cv_is_ics":[0.15582503378391266,0.1317032128572464,0.11996764689683914,0.0,0.15993160009384155,0.18035311996936798,0.14511902630329132,0.1778424233198166,0.20343247056007385,0.14002776145935059,0.10960465669631958,0.15846529603004456,0.09255710989236832,0.1436517983675003,0.1507556289434433]}}
{"op_code":8,"worker_id":"24b65aba-df65-4945-9f18-4da688d2d7af-31796","trial_id":59,"user_attr":{"val_metrics":[0.027691523675220063,-0.012222952011956278,0.07878787878787878,-0.10909692343810332,-8.622151025579392]}}
{"op_code":8,"worker_id":"6ec9af72-aafc-4a90-8a86-ef93c6794074-30084","trial_id":60,"user_attr":{"cv_oos_ics":[-0.0005784906097687781,0.08211106061935425,0.004376706667244434,0.0,0.08819849044084549,0.09729097783565521,0.1693820208311081,0.09752050042152405,0.04210381209850311,0.166265606880188,0.0,0.08892373740673065,0.20238859951496124,0.12916092574596405,0.10220474749803543]}}
{"op_code":8,"worker_id":"6ec9af72-aafc-4a90-8a86-ef93c6794074-30084","trial_id":60,"user_attr":{"reg_kappa":3.366515094555973}}
{"op_code":8,"worker_id":"6ec9af72-aafc-4a90-8a86-ef93c6794074-30084","trial_id":60,"user_attr":{"raw_metrics":[0.4586436946881737,0.1202672692231657,0.3333333333333333,0.16458554973870734,0.4181818181818182,0.4446763773075018,-0.018411978124538198,-0.04511638358235359,0.4806372549019608]}}
{"op_code":8,"worker_id":"24b65aba-df65-4945-9f18-4da688d2d7af-31796","trial_id":59,"user_attr":{"deflated_objective":-1.0334706220164467}}
{"op_code":9,"worker_id":"24b65aba-df65-4945-9f18-4da688d2d7af-31796","trial_id":59,"system_attr":{"constraints":[-0.16033752665711773,-0.1254885245459158,0.26666666666666666,-0.25303030303030305,-0.4014387170715594,-52.0,3.0,0.2231928980437572,0.5,-1370.7311747304648,-0.0514705882352941,-0.0494912494912495]}}
{"op_code":6,"worker_id":"24b65aba-df65-4945-9f18-4da688d2d7af-31796","trial_id":59,"state":1,"values":[-0.8673517129093232],"datetime_complete":"2026-07-14T11:39:06.846430"}
{"op_code":8,"worker_id":"6ec9af72-aafc-4a90-8a86-ef93c6794074-30084","trial_id":60,"user_attr":{"val_metrics":[0.009740822269855568,0.20387499255178054,-0.01818181818181818,-0.15073580980516862,-7.377205567303445]}}
{"op_code":8,"worker_id":"6c413667-86f2-4968-b9e7-ed67fde65e1d-24340","trial_id":61,"user_attr":{"constraints":[-0.0864906252225363,-0.1326830151789923,0.26666666666666666,0.2318181818181818,-0.13354481828490306,-43.0,-8.0,0.11644207033793723,0.16666666666666669,-1370.392463098931,-0.09444444444444439,-0.10982905982905972]}}
{"op_code":8,"worker_id":"6c413667-86f2-4968-b9e7-ed67fde65e1d-24340","trial_id":61,"user_attr":{"pruned_reasons":["M3 (Hit Rate < 60%)","M5 (Monotonicity <= 0.25)","Side-specific Yearly Tail IC Mean (-0.1164 <= 0)","Side-specific Hit Rate (33.33% < 50%)"]}}
{"op_code":4,"worker_id":"24b65aba-df65-4945-9f18-4da688d2d7af-31796","study_id":0,"datetime_start":"2026-07-14T11:39:06.847976"}
{"op_code":8,"worker_id":"6ec9af72-aafc-4a90-8a86-ef93c6794074-30084","trial_id":60,"user_attr":{"deflated_objective":-0.509791609951006}}
{"op_code":9,"worker_id":"6ec9af72-aafc-4a90-8a86-ef93c6794074-30084","trial_id":60,"system_attr":{"constraints":[-0.16458554973870734,-0.1202672692231657,0.26666666666666666,-0.1681818181818182,-0.4446763773075018,-53.0,4.0,0.10671027015172334,0.5,-1370.8564310724362,-0.030637254901960786,-0.06231176231176222]}}
{"op_code":8,"worker_id":"6c413667-86f2-4968-b9e7-ed67fde65e1d-24340","trial_id":61,"user_attr":{"gini":0.4129595814351785}}
{"op_code":8,"worker_id":"6c413667-86f2-4968-b9e7-ed67fde65e1d-24340","trial_id":61,"user_attr":{"cv_is_ics":[0.23777258396148682,0.2153840959072113,0.19887077808380127,0.17714887857437134,0.2249683290719986,0.23987945914268494,0.2317635864019394,0.23175130784511566,0.27816808223724365,0.23763979971408844,0.2088751643896103,0.26649150252342224,0.21404986083507538,0.2169952690601349,0.18001003563404083]}}
{"op_code":8,"worker_id":"6c413667-86f2-4968-b9e7-ed67fde65e1d-24340","trial_id":61,"user_attr":{"cv_oos_ics":[-0.004528348334133625,0.1584307700395584,0.07427598536014557,0.02511332556605339,-0.026884775608778,0.05583372712135315,0.05510984733700752,-0.018276993185281754,-0.028451664373278618,0.04042563959956169,-0.007124969270080328,-0.0342925526201725,0.01696683280169964,0.06737731397151947,0.11875876784324646]}}
{"op_code":8,"worker_id":"6c413667-86f2-4968-b9e7-ed67fde65e1d-24340","trial_id":61,"user_attr":{"reg_kappa":3.4345174918891375}}
{"op_code":8,"worker_id":"8632f250-2d66-4146-8b71-3e647165fd1b-3216","trial_id":56,"user_attr":{"constraints":[-0.0866679939672173,-0.13084029227422755,0.26666666666666666,0.21161616161616162,-0.26003622728487186,-43.0,-6.0,-0.13575729575729575,-0.16666666666666663,-1370.6995781974235,-0.09444444444444439,-0.014590964590964539]}}
{"op_code":8,"worker_id":"6c413667-86f2-4968-b9e7-ed67fde65e1d-24340","trial_id":61,"user_attr":{"raw_metrics":[0.3058866610749318,0.1326830151789923,0.3333333333333333,0.0864906252225363,0.018181818181818188,0.13354481828490306,-0.23072961299002348,-0.22220057249069214,0.5444444444444444]}}
{"op_code":8,"worker_id":"8632f250-2d66-4146-8b71-3e647165fd1b-3216","trial_id":56,"user_attr":{"pruned_reasons":["M3 (Hit Rate < 60%)","M5 (Monotonicity <= 0.25)"]}}
{"op_code":8,"worker_id":"8632f250-2d66-4146-8b71-3e647165fd1b-3216","trial_id":56,"user_attr":{"gini":0.43379280609810356}}
{"op_code":8,"worker_id":"8632f250-2d66-4146-8b71-3e647165fd1b-3216","trial_id":56,"user_attr":{"cv_is_ics":[0.23331820964813232,0.20921793580055237,0.1921934336423874,0.17235614359378815,0.21407493948936462,0.2461206167936325,0.23519831895828247,0.23235352337360382,0.2773192226886749,0.24029186367988586,0.2079951912164688,0.2614796757698059,0.20982937514781952,0.21291208267211914,0.1769588589668274]}}
{"op_code":8,"worker_id":"6c413667-86f2-4968-b9e7-ed67fde65e1d-24340","trial_id":61,"user_attr":{"val_metrics":[0.06432751275768621,-0.33990041399240734,0.18787878787878787,0.22081812998900813,-5.504676313737107]}}
{"op_code":8,"worker_id":"8632f250-2d66-4146-8b71-3e647165fd1b-3216","trial_id":56,"user_attr":{"cv_oos_ics":[-0.019308308139443398,0.15175111591815948,0.077731192111969,0.015732774510979652,-0.027287915349006653,0.03615299612283707,0.046160899102687836,-0.009846564382314682,-0.03422727435827255,0.03071318194270134,-0.0009672761661931872,-0.03868203982710838,0.007855162024497986,0.0579269714653492,0.11919290572404861]}}
{"op_code":8,"worker_id":"8632f250-2d66-4146-8b71-3e647165fd1b-3216","trial_id":56,"user_attr":{"reg_kappa":3.4280959053595876}}
{"op_code":8,"worker_id":"8632f250-2d66-4146-8b71-3e647165fd1b-3216","trial_id":56,"user_attr":{"raw_metrics":[0.2787185685844359,0.13084029227422755,0.3333333333333333,0.0866679939672173,0.03838383838383839,0.26003622728487186,-0.20189756477390267,-0.23254995048046112,0.5444444444444444]}}
{"op_code":8,"worker_id":"8632f250-2d66-4146-8b71-3e647165fd1b-3216","trial_id":56,"user_attr":{"val_metrics":[0.07139415673016064,-0.19848574843236727,0.5393939393939394,0.24957175945620175,-7.15336796377289]}}
{"op_code":8,"worker_id":"6c413667-86f2-4968-b9e7-ed67fde65e1d-24340","trial_id":61,"user_attr":{"deflated_objective":0.045235710900072085}}
{"op_code":9,"worker_id":"6c413667-86f2-4968-b9e7-ed67fde65e1d-24340","trial_id":61,"system_attr":{"constraints":[-0.0864906252225363,-0.1326830151789923,0.26666666666666666,0.2318181818181818,-0.13354481828490306,-43.0,-8.0,0.11644207033793723,0.16666666666666669,-1370.392463098931,-0.09444444444444439,-0.10982905982905972]}}
{"op_code":6,"worker_id":"6c413667-86f2-4968-b9e7-ed67fde65e1d-24340","trial_id":61,"state":1,"values":[0.2631398767396985],"datetime_complete":"2026-07-14T11:39:06.880373"}
{"op_code":4,"worker_id":"6c413667-86f2-4968-b9e7-ed67fde65e1d-24340","study_id":0,"datetime_start":"2026-07-14T11:39:06.882548"}
{"op_code":5,"worker_id":"6c413667-86f2-4968-b9e7-ed67fde65e1d-24340","trial_id":64,"param_name":"k_weight","param_value_internal":0.5157249229169716,"distribution":"{\"name\": \"FloatDistribution\", \"attributes\": {\"step\": null, \"low\": 0.0, \"high\": 1.5, \"log\": false}}"}
{"op_code":8,"worker_id":"8632f250-2d66-4146-8b71-3e647165fd1b-3216","trial_id":56,"user_attr":{"deflated_objective":-0.5193706043972133}}
{"op_code":8,"worker_id":"affd2695-7208-4ec6-acbe-1f99ab9d72a4-22852","trial_id":47,"user_attr":{"deflated_objective":-0.4206145121560223}}
{"op_code":6,"worker_id":"6ec9af72-aafc-4a90-8a86-ef93c6794074-30084","trial_id":60,"state":1,"values":[-0.2944263916682486],"datetime_complete":"2026-07-14T11:39:06.856578"}
{"op_code":9,"worker_id":"8632f250-2d66-4146-8b71-3e647165fd1b-3216","trial_id":56,"system_attr":{"constraints":[-0.0866679939672173,-0.13084029227422755,0.26666666666666666,0.21161616161616162,-0.26003622728487186,-43.0,-6.0,-0.13575729575729575,-0.16666666666666663,-1370.6995781974235,-0.09444444444444439,-0.014590964590964539]}}
{"op_code":6,"worker_id":"8632f250-2d66-4146-8b71-3e647165fd1b-3216","trial_id":56,"state":1,"values":[-0.3039127374451308],"datetime_complete":"2026-07-14T11:39:06.893916"}
{"op_code":9,"worker_id":"affd2695-7208-4ec6-acbe-1f99ab9d72a4-22852","trial_id":47,"system_attr":{"constraints":[-0.08922980462944331,-0.13306923027108974,0.26666666666666666,0.14292929292929296,-0.23847732025285898,-41.0,-8.0,-0.014344674344674341,-0.16666666666666663,-1370.6332711762077,-0.09444444444444439,-0.062210012210012156]}}
{"op_code":4,"worker_id":"6ec9af72-aafc-4a90-8a86-ef93c6794074-30084","study_id":0,"datetime_start":"2026-07-14T11:39:06.892884"}
{"op_code":6,"worker_id":"affd2695-7208-4ec6-acbe-1f99ab9d72a4-22852","trial_id":47,"state":1,"values":[-0.2662331523368037],"datetime_complete":"2026-07-14T11:39:06.897310"}
{"op_code":5,"worker_id":"6ec9af72-aafc-4a90-8a86-ef93c6794074-30084","trial_id":65,"param_name":"k_weight","param_value_internal":0.45677060219630905,"distribution":"{\"name\": \"FloatDistribution\", \"attributes\": {\"step\": null, \"low\": 0.0, \"high\": 1.5, \"log\": false}}"}
{"op_code":4,"worker_id":"affd2695-7208-4ec6-acbe-1f99ab9d72a4-22852","study_id":0,"datetime_start":"2026-07-14T11:39:06.900830"}
{"op_code":5,"worker_id":"6ec9af72-aafc-4a90-8a86-ef93c6794074-30084","trial_id":65,"param_name":"unified_alpha","param_value_internal":3.5665575386438634e-05,"distribution":"{\"name\": \"FloatDistribution\", \"attributes\": {\"step\": null, \"low\": 1e-05, \"high\": 10.0, \"log\": true}}"}
{"op_code":5,"worker_id":"6c413667-86f2-4968-b9e7-ed67fde65e1d-24340","trial_id":64,"param_name":"unified_alpha","param_value_internal":4.057649030868193e-05,"distribution":"{\"name\": \"FloatDistribution\", \"attributes\": {\"step\": null, \"low\": 1e-05, \"high\": 10.0, \"log\": true}}"}
{"op_code":5,"worker_id":"6ec9af72-aafc-4a90-8a86-ef93c6794074-30084","trial_id":65,"param_name":"unified_rho","param_value_internal":0.8222878402339988,"distribution":"{\"name\": \"FloatDistribution\", \"attributes\": {\"step\": null, \"low\": 0.0, \"high\": 1.0, \"log\": false}}"}
{"op_code":5,"worker_id":"6c413667-86f2-4968-b9e7-ed67fde65e1d-24340","trial_id":64,"param_name":"unified_rho","param_value_internal":0.8076431862382761,"distribution":"{\"name\": \"FloatDistribution\", \"attributes\": {\"step\": null, \"low\": 0.0, \"high\": 1.0, \"log\": false}}"}
{"op_code":5,"worker_id":"6ec9af72-aafc-4a90-8a86-ef93c6794074-30084","trial_id":65,"param_name":"unified_gamma","param_value_internal":18.102143648092618,"distribution":"{\"name\": \"FloatDistribution\", \"attributes\": {\"step\": null, \"low\": 1.5, \"high\": 10000.0, \"log\": true}}"}
{"op_code":5,"worker_id":"6c413667-86f2-4968-b9e7-ed67fde65e1d-24340","trial_id":64,"param_name":"unified_gamma","param_value_internal":6.181544033843781,"distribution":"{\"name\": \"FloatDistribution\", \"attributes\": {\"step\": null, \"low\": 1.5, \"high\": 10000.0, \"log\": true}}"}
{"op_code":5,"worker_id":"6ec9af72-aafc-4a90-8a86-ef93c6794074-30084","trial_id":65,"param_name":"huber_delta","param_value_internal":2.8454595615793052,"distribution":"{\"name\": \"FloatDistribution\", \"attributes\": {\"step\": null, \"low\": 0.5, \"high\": 5.0, \"log\": false}}"}
{"op_code":5,"worker_id":"affd2695-7208-4ec6-acbe-1f99ab9d72a4-22852","trial_id":66,"param_name":"k_weight","param_value_internal":0.5592434872406102,"distribution":"{\"name\": \"FloatDistribution\", \"attributes\": {\"step\": null, \"low\": 0.0, \"high\": 1.5, \"log\": false}}"}
{"op_code":5,"worker_id":"affd2695-7208-4ec6-acbe-1f99ab9d72a4-22852","trial_id":66,"param_name":"unified_alpha","param_value_internal":3.532604673698537e-05,"distribution":"{\"name\": \"FloatDistribution\", \"attributes\": {\"step\": null, \"low\": 1e-05, \"high\": 10.0, \"log\": true}}"}
{"op_code":5,"worker_id":"affd2695-7208-4ec6-acbe-1f99ab9d72a4-22852","trial_id":66,"param_name":"unified_rho","param_value_internal":0.6131867272964627,"distribution":"{\"name\": \"FloatDistribution\", \"attributes\": {\"step\": null, \"low\": 0.0, \"high\": 1.0, \"log\": false}}"}
{"op_code":5,"worker_id":"affd2695-7208-4ec6-acbe-1f99ab9d72a4-22852","trial_id":66,"param_name":"unified_gamma","param_value_internal":17.574245652779716,"distribution":"{\"name\": \"FloatDistribution\", \"attributes\": {\"step\": null, \"low\": 1.5, \"high\": 10000.0, \"log\": true}}"}
{"op_code":5,"worker_id":"24b65aba-df65-4945-9f18-4da688d2d7af-31796","trial_id":63,"param_name":"k_weight","param_value_internal":0.09477679294368434,"distribution":"{\"name\": \"FloatDistribution\", \"attributes\": {\"step\": null, \"low\": 0.0, \"high\": 1.5, \"log\": false}}"}
{"op_code":5,"worker_id":"affd2695-7208-4ec6-acbe-1f99ab9d72a4-22852","trial_id":66,"param_name":"huber_delta","param_value_internal":2.829345176624782,"distribution":"{\"name\": \"FloatDistribution\", \"attributes\": {\"step\": null, \"low\": 0.5, \"high\": 5.0, \"log\": false}}"}
{"op_code":5,"worker_id":"24b65aba-df65-4945-9f18-4da688d2d7af-31796","trial_id":63,"param_name":"unified_alpha","param_value_internal":8.949409902867985e-05,"distribution":"{\"name\": \"FloatDistribution\", \"attributes\": {\"step\": null, \"low\": 1e-05, \"high\": 10.0, \"log\": true}}"}
{"op_code":5,"worker_id":"414049f5-3062-4034-8468-3052bb32b87b-29612","trial_id":62,"param_name":"k_weight","param_value_internal":0.49581439248171855,"distribution":"{\"name\": \"FloatDistribution\", \"attributes\": {\"step\": null, \"low\": 0.0, \"high\": 1.5, \"log\": false}}"}
{"op_code":5,"worker_id":"24b65aba-df65-4945-9f18-4da688d2d7af-31796","trial_id":63,"param_name":"unified_rho","param_value_internal":0.7777390899470007,"distribution":"{\"name\": \"FloatDistribution\", \"attributes\": {\"step\": null, \"low\": 0.0, \"high\": 1.0, \"log\": false}}"}
{"op_code":5,"worker_id":"414049f5-3062-4034-8468-3052bb32b87b-29612","trial_id":62,"param_name":"unified_alpha","param_value_internal":8.173582163659806e-05,"distribution":"{\"name\": \"FloatDistribution\", \"attributes\": {\"step\": null, \"low\": 1e-05, \"high\": 10.0, \"log\": true}}"}
{"op_code":5,"worker_id":"24b65aba-df65-4945-9f18-4da688d2d7af-31796","trial_id":63,"param_name":"unified_gamma","param_value_internal":4.703448738940691,"distribution":"{\"name\": \"FloatDistribution\", \"attributes\": {\"step\": null, \"low\": 1.5, \"high\": 10000.0, \"log\": true}}"}
{"op_code":5,"worker_id":"414049f5-3062-4034-8468-3052bb32b87b-29612","trial_id":62,"param_name":"unified_rho","param_value_internal":0.7816437630873486,"distribution":"{\"name\": \"FloatDistribution\", \"attributes\": {\"step\": null, \"low\": 0.0, \"high\": 1.0, \"log\": false}}"}
{"op_code":5,"worker_id":"414049f5-3062-4034-8468-3052bb32b87b-29612","trial_id":62,"param_name":"unified_gamma","param_value_internal":5.709708113069076,"distribution":"{\"name\": \"FloatDistribution\", \"attributes\": {\"step\": null, \"low\": 1.5, \"high\": 10000.0, \"log\": true}}"}
{"op_code":5,"worker_id":"414049f5-3062-4034-8468-3052bb32b87b-29612","trial_id":62,"param_name":"huber_delta","param_value_internal":2.3308611682829206,"distribution":"{\"name\": \"FloatDistribution\", \"attributes\": {\"step\": null, \"low\": 0.5, \"high\": 5.0, \"log\": false}}"}
{"op_code":5,"worker_id":"24b65aba-df65-4945-9f18-4da688d2d7af-31796","trial_id":63,"param_name":"huber_delta","param_value_internal":2.8670328815672814,"distribution":"{\"name\": \"FloatDistribution\", \"attributes\": {\"step\": null, \"low\": 0.5, \"high\": 5.0, \"log\": false}}"}
{"op_code":5,"worker_id":"6c413667-86f2-4968-b9e7-ed67fde65e1d-24340","trial_id":64,"param_name":"huber_delta","param_value_internal":2.9536741478422823,"distribution":"{\"name\": \"FloatDistribution\", \"attributes\": {\"step\": null, \"low\": 0.5, \"high\": 5.0, \"log\": false}}"}
{"op_code":8,"worker_id":"6ec9af72-aafc-4a90-8a86-ef93c6794074-30084","trial_id":65,"user_attr":{"constraints":[-0.08574839698874227,-0.1147107069778266,0.26666666666666666,0.21161616161616162,-0.13408095594089725,-37.0,-8.0,-0.09551359390380477,-0.16666666666666663,-1374.3272774335353,-0.08749999999999997,-0.062210012210012156]}}
{"op_code":8,"worker_id":"6ec9af72-aafc-4a90-8a86-ef93c6794074-30084","trial_id":65,"user_attr":{"pruned_reasons":["M3 (Hit Rate < 60%)","M5 (Monotonicity <= 0.25)"]}}
{"op_code":8,"worker_id":"3af8c4b8-849e-4f13-b83d-e16823424d73-7108","trial_id":46,"user_attr":{"constraints":[-0.08746064095242019,-0.13517862335133926,0.26666666666666666,0.15505050505050505,-0.26003622728487186,-41.0,-8.0,-0.019937959937959937,-0.16666666666666663,-1370.6165515077041,-0.09444444444444439,-0.062210012210012156]}}
{"op_code":8,"worker_id":"6ec9af72-aafc-4a90-8a86-ef93c6794074-30084","trial_id":65,"user_attr":{"gini":0.40045152850341537}}
{"op_code":8,"worker_id":"6ec9af72-aafc-4a90-8a86-ef93c6794074-30084","trial_id":65,"user_attr":{"cv_is_ics":[0.23728938400745392,0.2076181322336197,0.18379028141498566,0.17259982228279114,0.2147415429353714,0.24835066497325897,0.2330353558063507,0.23136064410209656,0.2760409414768219,0.2392295002937317,0.2077425718307495,0.26081493496894836,0.20770402252674103,0.2058834731578827,0.17382130026817322]}}
{"op_code":8,"worker_id":"6ec9af72-aafc-4a90-8a86-ef93c6794074-30084","trial_id":65,"user_attr":{"cv_oos_ics":[-0.020368874073028564,0.1536826193332672,0.0798254981637001,0.02391527034342289,-0.03843628242611885,0.04662873223423958,0.04250987991690636,0.0011284826323390007,-0.02767486311495304,0.03867913782596588,-0.003839074866846204,-0.04248233139514923,0.013334808871150017,0.05855337530374527,0.1186068132519722]}}
{"op_code":8,"worker_id":"affd2695-7208-4ec6-acbe-1f99ab9d72a4-22852","trial_id":66,"user_attr":{"constraints":[-0.07999059616663609,-0.14078770128296322,0.26666666666666666,0.1671717171717172,-0.16894821672422367,-34.0,-8.0,-0.06742080280085477,-0.16666666666666663,-1377.1154635590785,-0.07769607843137255,-0.062210012210012156]}}
{"op_code":8,"worker_id":"3af8c4b8-849e-4f13-b83d-e16823424d73-7108","trial_id":46,"user_attr":{"pruned_reasons":["M3 (Hit Rate < 60%)","M5 (Monotonicity <= 0.25)"]}}
{"op_code":8,"worker_id":"affd2695-7208-4ec6-acbe-1f99ab9d72a4-22852","trial_id":66,"user_attr":{"pruned_reasons":["M3 (Hit Rate < 60%)","M5 (Monotonicity <= 0.25)"]}}
{"op_code":8,"worker_id":"affd2695-7208-4ec6-acbe-1f99ab9d72a4-22852","trial_id":66,"user_attr":{"gini":0.39540862429301904}}
{"op_code":8,"worker_id":"3af8c4b8-849e-4f13-b83d-e16823424d73-7108","trial_id":46,"user_attr":{"gini":0.40968845351940075}}
{"op_code":8,"worker_id":"affd2695-7208-4ec6-acbe-1f99ab9d72a4-22852","trial_id":66,"user_attr":{"cv_is_ics":[0.23777587711811066,0.20505495369434357,0.17924843728542328,0.1722593903541565,0.21344734728336334,0.24959824979305267,0.23135904967784882,0.22927261888980865,0.2746090292930603,0.23624710738658905,0.20691055059432983,0.2602524757385254,0.20574192702770233,0.2047235071659088,0.1732669621706009]}}
{"op_code":8,"worker_id":"3af8c4b8-849e-4f13-b83d-e16823424d73-7108","trial_id":46,"user_attr":{"cv_is_ics":[0.23333196341991425,0.21070505678653717,0.19087053835391998,0.17107686400413513,0.21490579843521118,0.24832147359848022,0.2345251888036728,0.2320583015680313,0.27717137336730957,0.2404278963804245,0.2090170979499817,0.2624037265777588,0.21075312793254852,0.2125028520822525,0.17688146233558655]}}
{"op_code":8,"worker_id":"6ec9af72-aafc-4a90-8a86-ef93c6794074-30084","trial_id":65,"user_attr":{"reg_kappa":3.4443862322362637}}
{"op_code":8,"worker_id":"6ec9af72-aafc-4a90-8a86-ef93c6794074-30084","trial_id":65,"user_attr":{"raw_metrics":[0.25174629752260647,0.1147107069778266,0.3333333333333333,0.08574839698874227,0.038383838383838374,0.13408095594089725,-0.2592029241135163,-0.265012264251709,0.5375]}}
{"op_code":8,"worker_id":"3af8c4b8-849e-4f13-b83d-e16823424d73-7108","trial_id":46,"user_attr":{"cv_oos_ics":[-0.019259311258792877,0.15166734158992767,0.07893561571836472,0.020863231271505356,-0.027171624824404716,0.03938043490052223,0.04462146386504173,-0.012675673700869083,-0.03459629416465759,0.032725218683481216,-0.0011885485146194696,-0.03510967269539833,0.010115298442542553,0.05820140987634659,0.11997590214014053]}}
{"op_code":8,"worker_id":"3af8c4b8-849e-4f13-b83d-e16823424d73-7108","trial_id":46,"user_attr":{"reg_kappa":3.4351147520614584}}
{"op_code":8,"worker_id":"3af8c4b8-849e-4f13-b83d-e16823424d73-7108","trial_id":46,"user_attr":{"raw_metrics":[0.28975773809066574,0.13517862335133926,0.3333333333333333,0.08746064095242019,0.09494949494949496,0.26003622728487186,-0.2379705987734138,-0.23347172141075134,0.5444444444444444]}}
{"op_code":8,"worker_id":"3af8c4b8-849e-4f13-b83d-e16823424d73-7108","trial_id":46,"user_attr":{"val_metrics":[0.07115826069782383,-0.19150967556063264,0.45454545454545453,0.2921015758310323,-7.3093625867438705]}}
{"op_code":8,"worker_id":"affd2695-7208-4ec6-acbe-1f99ab9d72a4-22852","trial_id":66,"user_attr":{"cv_oos_ics":[-0.02371969446539879,0.15325585007667542,0.07770906388759613,0.024703962728381157,-0.04305843636393547,0.044779516756534576,0.041438281536102295,0.005367404781281948,-0.026904264464974403,0.0411558523774147,-0.001013111206702888,-0.04620664566755295,0.018898222595453262,0.05756105110049248,0.11598492413759232]}}
{"op_code":8,"worker_id":"affd2695-7208-4ec6-acbe-1f99ab9d72a4-22852","trial_id":66,"user_attr":{"reg_kappa":3.451324160648124}}
{"op_code":8,"worker_id":"affd2695-7208-4ec6-acbe-1f99ab9d72a4-22852","trial_id":66,"user_attr":{"raw_metrics":[0.28293629936966525,0.14078770128296322,0.3333333333333333,0.07999059616663609,0.08282828282828282,0.16894821672422367,-0.2726306324180237,-0.2792801856994629,0.5276960784313726]}}
{"op_code":8,"worker_id":"6ec9af72-aafc-4a90-8a86-ef93c6794074-30084","trial_id":65,"user_attr":{"val_metrics":[0.07579116975554798,-0.27726137484587166,0.5393939393939394,0.3593711899323524,-6.820558749433486]}}
{"op_code":8,"worker_id":"414049f5-3062-4034-8468-3052bb32b87b-29612","trial_id":62,"user_attr":{"constraints":[-0.07983292021111002,-0.11183761705842882,0.26666666666666666,0.13484848484848483,-0.16513423433742425,-36.0,-8.0,-0.08542577234380573,-0.16666666666666663,-1375.3206925808277,-0.10138888888888892,-0.062210012210012156]}}
{"op_code":8,"worker_id":"3af8c4b8-849e-4f13-b83d-e16823424d73-7108","trial_id":46,"user_attr":{"deflated_objective":-0.63398602020914}}
{"op_code":9,"worker_id":"3af8c4b8-849e-4f13-b83d-e16823424d73-7108","trial_id":46,"system_attr":{"constraints":[-0.08746064095242019,-0.13517862335133926,0.26666666666666666,0.15505050505050505,-0.26003622728487186,-41.0,-8.0,-0.019937959937959937,-0.16666666666666663,-1370.6165515077041,-0.09444444444444439,-0.062210012210012156]}}
{"op_code":8,"worker_id":"6ec9af72-aafc-4a90-8a86-ef93c6794074-30084","trial_id":65,"user_attr":{"deflated_objective":-0.4620658087050037}}
{"op_code":8,"worker_id":"414049f5-3062-4034-8468-3052bb32b87b-29612","trial_id":62,"user_attr":{"pruned_reasons":["M3 (Hit Rate < 60%)","M5 (Monotonicity <= 0.25)"]}}
{"op_code":9,"worker_id":"6ec9af72-aafc-4a90-8a86-ef93c6794074-30084","trial_id":65,"system_attr":{"constraints":[-0.08574839698874227,-0.1147107069778266,0.26666666666666666,0.21161616161616162,-0.13408095594089725,-37.0,-8.0,-0.09551359390380477,-0.16666666666666663,-1374.3272774335353,-0.08749999999999997,-0.062210012210012156]}}
{"op_code":6,"worker_id":"3af8c4b8-849e-4f13-b83d-e16823424d73-7108","trial_id":46,"state":1,"values":[-0.3720285955660997],"datetime_complete":"2026-07-14T11:39:06.985950"}
{"op_code":6,"worker_id":"6ec9af72-aafc-4a90-8a86-ef93c6794074-30084","trial_id":65,"state":1,"values":[-0.2018596009824375],"datetime_complete":"2026-07-14T11:39:06.990891"}
{"op_code":8,"worker_id":"6c413667-86f2-4968-b9e7-ed67fde65e1d-24340","trial_id":64,"user_attr":{"constraints":[-0.08650980659128338,-0.14160655880663034,0.26666666666666666,0.13484848484848483,-0.196849008359924,-35.0,-8.0,-0.05881345073448602,-0.16666666666666663,-1375.8605768734117,-0.08749999999999997,-0.062210012210012156]}}
{"op_code":8,"worker_id":"6c413667-86f2-4968-b9e7-ed67fde65e1d-24340","trial_id":64,"user_attr":{"pruned_reasons":["M3 (Hit Rate < 60%)","M5 (Monotonicity <= 0.25)"]}}
{"op_code":8,"worker_id":"24b65aba-df65-4945-9f18-4da688d2d7af-31796","trial_id":63,"user_attr":{"constraints":[-0.08952500156180283,-0.1182125074401134,0.26666666666666666,0.1994949494949495,-0.22097977569996344,-43.0,-8.0,-0.01356136356136356,-0.16666666666666663,-1370.4026304086608,-0.10138888888888892,-0.07146927146927134]}}
{"op_code":8,"worker_id":"affd2695-7208-4ec6-acbe-1f99ab9d72a4-22852","trial_id":66,"user_attr":{"val_metrics":[0.07663416425601195,-0.28395989787326503,0.45454545454545453,0.2301013377778556,-6.024203799292566]}}
{"op_code":8,"worker_id":"24b65aba-df65-4945-9f18-4da688d2d7af-31796","trial_id":63,"user_attr":{"pruned_reasons":["M3 (Hit Rate < 60%)","M5 (Monotonicity <= 0.25)"]}}
{"op_code":8,"worker_id":"6c413667-86f2-4968-b9e7-ed67fde65e1d-24340","trial_id":64,"user_attr":{"gini":0.39884950602211644}}
{"op_code":8,"worker_id":"affd2695-7208-4ec6-acbe-1f99ab9d72a4-22852","trial_id":66,"user_attr":{"deflated_objective":-0.14887868588763442}}
{"op_code":8,"worker_id":"24b65aba-df65-4945-9f18-4da688d2d7af-31796","trial_id":63,"user_attr":{"gini":0.41389302222511226}}
{"op_code":8,"worker_id":"6c413667-86f2-4968-b9e7-ed67fde65e1d-24340","trial_id":64,"user_attr":{"cv_is_ics":[0.23595641553401947,0.20741339027881622,0.18026535212993622,0.17221304774284363,0.2112804651260376,0.2504171133041382,0.23189015686511993,0.22944539785385132,0.27576306462287903,0.23691940307617188,0.20618967711925507,0.2587854266166687,0.2059546709060669,0.20330810546875,0.17308662831783295]}}
{"op_code":8,"worker_id":"6c413667-86f2-4968-b9e7-ed67fde65e1d-24340","trial_id":64,"user_attr":{"cv_oos_ics":[-0.021506888791918755,0.1501246690750122,0.07999620586633682,0.02474505826830864,-0.03768116980791092,0.042604710906744,0.040335070341825485,0.002825948176905513,-0.02890906110405922,0.035781994462013245,-0.0010684292064979672,-0.04545465111732483,0.017208652570843697,0.05900922417640686,0.11674156785011292]}}
{"op_code":8,"worker_id":"6c413667-86f2-4968-b9e7-ed67fde65e1d-24340","trial_id":64,"user_attr":{"reg_kappa":3.4482190555434418}}
{"op_code":9,"worker_id":"affd2695-7208-4ec6-acbe-1f99ab9d72a4-22852","trial_id":66,"system_attr":{"constraints":[-0.07999059616663609,-0.14078770128296322,0.26666666666666666,0.1671717171717172,-0.16894821672422367,-34.0,-8.0,-0.06742080280085477,-0.16666666666666663,-1377.1154635590785,-0.07769607843137255,-0.062210012210012156]}}
{"op_code":6,"worker_id":"affd2695-7208-4ec6-acbe-1f99ab9d72a4-22852","trial_id":66,"state":1,"values":[0.10560242079742477],"datetime_complete":"2026-07-14T11:39:07.011958"}
{"op_code":8,"worker_id":"6c413667-86f2-4968-b9e7-ed67fde65e1d-24340","trial_id":64,"user_attr":{"raw_metrics":[0.28493450446910523,0.14160655880663034,0.3333333333333333,0.08650980659128338,0.11515151515151516,0.196849008359924,-0.26664822176200376,-0.27179595828056335,0.5375]}}
{"op_code":8,"worker_id":"6c413667-86f2-4968-b9e7-ed67fde65e1d-24340","trial_id":64,"user_attr":{"val_metrics":[0.07617572479694232,-0.2929050745207569,0.4909090909090909,0.21305683329431477,-6.176374846285009]}}
{"op_code":9,"worker_id":"3e13d8dc-2178-46fc-932b-79d121a2d017-20880","trial_id":43,"system_attr":{"constraints":[-0.08948374035325429,-0.13598807672649973,0.26666666666666666,0.10252525252525252,-0.23847732025285898,-41.0,-8.0,-0.018696278696278695,-0.16666666666666663,-1370.523058985064,-0.09444444444444439,-0.062210012210012156]}}
{"op_code":8,"worker_id":"414049f5-3062-4034-8468-3052bb32b87b-29612","trial_id":62,"user_attr":{"gini":0.39475239524115535}}
{"op_code":8,"worker_id":"6c413667-86f2-4968-b9e7-ed67fde65e1d-24340","trial_id":64,"user_attr":{"deflated_objective":-0.20616398926965407}}
{"op_code":8,"worker_id":"414049f5-3062-4034-8468-3052bb32b87b-29612","trial_id":62,"user_attr":{"cv_is_ics":[0.23644742369651794,0.20946189761161804,0.18725667893886566,0.1739758551120758,0.22199566662311554,0.2464044690132141,0.23348760604858398,0.23014669120311737,0.2760467231273651,0.2363458126783371,0.20761781930923462,0.26315733790397644,0.20845603942871094,0.21297721564769745,0.17489448189735413]}}
{"op_code":4,"worker_id":"3af8c4b8-849e-4f13-b83d-e16823424d73-7108","study_id":0,"datetime_start":"2026-07-14T11:39:06.992552"}
{"op_code":9,"worker_id":"6c413667-86f2-4968-b9e7-ed67fde65e1d-24340","trial_id":64,"system_attr":{"constraints":[-0.08650980659128338,-0.14160655880663034,0.26666666666666666,0.13484848484848483,-0.196849008359924,-35.0,-8.0,-0.05881345073448602,-0.16666666666666663,-1375.8605768734117,-0.08749999999999997,-0.062210012210012156]}}
{"op_code":6,"worker_id":"6c413667-86f2-4968-b9e7-ed67fde65e1d-24340","trial_id":64,"state":1,"values":[0.04474645103799314],"datetime_complete":"2026-07-14T11:39:07.029803"}
{"op_code":5,"worker_id":"3af8c4b8-849e-4f13-b83d-e16823424d73-7108","trial_id":67,"param_name":"k_weight","param_value_internal":0.4744749449775394,"distribution":"{\"name\": \"FloatDistribution\", \"attributes\": {\"step\": null, \"low\": 0.0, \"high\": 1.5, \"log\": false}}"}
{"op_code":6,"worker_id":"3e13d8dc-2178-46fc-932b-79d121a2d017-20880","trial_id":43,"state":1,"values":[-0.28122625386121064],"datetime_complete":"2026-07-14T11:39:07.025812"}
{"op_code":5,"worker_id":"3af8c4b8-849e-4f13-b83d-e16823424d73-7108","trial_id":67,"param_name":"unified_alpha","param_value_internal":0.00011942638456971946,"distribution":"{\"name\": \"FloatDistribution\", \"attributes\": {\"step\": null, \"low\": 1e-05, \"high\": 10.0, \"log\": true}}"}
{"op_code":5,"worker_id":"3af8c4b8-849e-4f13-b83d-e16823424d73-7108","trial_id":67,"param_name":"unified_rho","param_value_internal":0.7184658198643464,"distribution":"{\"name\": \"FloatDistribution\", \"attributes\": {\"step\": null, \"low\": 0.0, \"high\": 1.0, \"log\": false}}"}
{"op_code":4,"worker_id":"36ac237d-c955-4554-8661-fec3d311f61a-22852","study_id":0,"datetime_start":"2026-07-14T11:39:07.023983"}
{"op_code":5,"worker_id":"3af8c4b8-849e-4f13-b83d-e16823424d73-7108","trial_id":67,"param_name":"unified_gamma","param_value_internal":3.1766090232003,"distribution":"{\"name\": \"FloatDistribution\", \"attributes\": {\"step\": null, \"low\": 1.5, \"high\": 10000.0, \"log\": true}}"}
{"op_code":8,"worker_id":"414049f5-3062-4034-8468-3052bb32b87b-29612","trial_id":62,"user_attr":{"cv_oos_ics":[-0.018461119383573532,0.15890337526798248,0.07940822094678879,0.018792714923620224,-0.044657040387392044,0.05400663986802101,0.04869290441274643,0.0012549232924357057,-0.023023365065455437,0.04747803881764412,-0.00024023852893151343,-0.0485013984143734,0.015588623471558094,0.061424918472766876,0.12096202373504639]}}
{"op_code":5,"worker_id":"36ac237d-c955-4554-8661-fec3d311f61a-22852","trial_id":68,"param_name":"k_weight","param_value_internal":0.4853798486191639,"distribution":"{\"name\": \"FloatDistribution\", \"attributes\": {\"step\": null, \"low\": 0.0, \"high\": 1.5, \"log\": false}}"}
{"op_code":8,"worker_id":"414049f5-3062-4034-8468-3052bb32b87b-29612","trial_id":62,"user_attr":{"reg_kappa":3.4467978061352817}}
{"op_code":5,"worker_id":"3af8c4b8-849e-4f13-b83d-e16823424d73-7108","trial_id":67,"param_name":"huber_delta","param_value_internal":4.086472456059375,"distribution":"{\"name\": \"FloatDistribution\", \"attributes\": {\"step\": null, \"low\": 0.5, \"high\": 5.0, \"log\": false}}"}
{"op_code":8,"worker_id":"414049f5-3062-4034-8468-3052bb32b87b-29612","trial_id":62,"user_attr":{"raw_metrics":[0.24902256989820615,0.11183761705842882,0.3333333333333333,0.07983292021111002,0.11515151515151516,0.16513423433742425,-0.2640495849198469,-0.2774025499820709,0.5513888888888889]}}
{"op_code":8,"worker_id":"414049f5-3062-4034-8468-3052bb32b87b-29612","trial_id":62,"user_attr":{"val_metrics":[0.07239960793213958,-0.2133364518604459,0.4303030303030303,0.2468949412603093,-6.128182277805651]}}
{"op_code":8,"worker_id":"592dd037-d81c-4eb5-81d7-8c4e211b7771-23408","trial_id":58,"user_attr":{"raw_metrics":[0.27319235810855097,0.12078862492772739,0.3333333333333333,0.08406609705013164,0.058585858585858595,0.1463339077308774,-0.23955688185325016,-0.24607035517692566,0.5444444444444444]}}
{"op_code":8,"worker_id":"414049f5-3062-4034-8468-3052bb32b87b-29612","trial_id":62,"user_attr":{"deflated_objective":-0.15515913914612803}}
{"op_code":8,"worker_id":"592dd037-d81c-4eb5-81d7-8c4e211b7771-23408","trial_id":58,"user_attr":{"val_metrics":[0.06629524173685793,-0.2764328169719064,0.22424242424242424,0.20359060469258955,-5.910069709126347]}}
{"op_code":9,"worker_id":"414049f5-3062-4034-8468-3052bb32b87b-29612","trial_id":62,"system_attr":{"constraints":[-0.07983292021111002,-0.11183761705842882,0.26666666666666666,0.13484848484848483,-0.16513423433742425,-36.0,-8.0,-0.08542577234380573,-0.16666666666666663,-1375.3206925808277,-0.10138888888888892,-0.062210012210012156]}}
{"op_code":6,"worker_id":"414049f5-3062-4034-8468-3052bb32b87b-29612","trial_id":62,"state":1,"values":[0.0894127097423078],"datetime_complete":"2026-07-14T11:39:07.065274"}
{"op_code":5,"worker_id":"36ac237d-c955-4554-8661-fec3d311f61a-22852","trial_id":68,"param_name":"unified_alpha","param_value_internal":0.00014006702561177224,"distribution":"{\"name\": \"FloatDistribution\", \"attributes\": {\"step\": null, \"low\": 1e-05, \"high\": 10.0, \"log\": true}}"}
{"op_code":8,"worker_id":"592dd037-d81c-4eb5-81d7-8c4e211b7771-23408","trial_id":58,"user_attr":{"deflated_objective":-0.11484498982837679}}
{"op_code":5,"worker_id":"36ac237d-c955-4554-8661-fec3d311f61a-22852","trial_id":68,"param_name":"unified_rho","param_value_internal":0.7270601693997388,"distribution":"{\"name\": \"FloatDistribution\", \"attributes\": {\"step\": null, \"low\": 0.0, \"high\": 1.0, \"log\": false}}"}
{"op_code":9,"worker_id":"592dd037-d81c-4eb5-81d7-8c4e211b7771-23408","trial_id":58,"system_attr":{"constraints":[-0.08406609705013164,-0.12078862492772739,0.26666666666666666,0.1914141414141414,-0.1463339077308774,-41.0,-8.0,0.15137911285129033,0.5,-1370.814303103828,-0.09444444444444439,-0.10982905982905972]}}
{"op_code":6,"worker_id":"592dd037-d81c-4eb5-81d7-8c4e211b7771-23408","trial_id":58,"state":1,"values":[0.13020269393977754],"datetime_complete":"2026-07-14T11:39:07.072767"}
{"op_code":4,"worker_id":"592dd037-d81c-4eb5-81d7-8c4e211b7771-23408","study_id":0,"datetime_start":"2026-07-14T11:39:07.074986"}
{"op_code":5,"worker_id":"36ac237d-c955-4554-8661-fec3d311f61a-22852","trial_id":68,"param_name":"unified_gamma","param_value_internal":3.1235098399137473,"distribution":"{\"name\": \"FloatDistribution\", \"attributes\": {\"step\": null, \"low\": 1.5, \"high\": 10000.0, \"log\": true}}"}
{"op_code":5,"worker_id":"592dd037-d81c-4eb5-81d7-8c4e211b7771-23408","trial_id":69,"param_name":"k_weight","param_value_internal":0.6849800738669912,"distribution":"{\"name\": \"FloatDistribution\", \"attributes\": {\"step\": null, \"low\": 0.0, \"high\": 1.5, \"log\": false}}"}
{"op_code":5,"worker_id":"36ac237d-c955-4554-8661-fec3d311f61a-22852","trial_id":68,"param_name":"huber_delta","param_value_internal":2.9247795942306904,"distribution":"{\"name\": \"FloatDistribution\", \"attributes\": {\"step\": null, \"low\": 0.5, \"high\": 5.0, \"log\": false}}"}
{"op_code":5,"worker_id":"592dd037-d81c-4eb5-81d7-8c4e211b7771-23408","trial_id":69,"param_name":"unified_alpha","param_value_internal":0.00014093855497836167,"distribution":"{\"name\": \"FloatDistribution\", \"attributes\": {\"step\": null, \"low\": 1e-05, \"high\": 10.0, \"log\": true}}"}
{"op_code":5,"worker_id":"592dd037-d81c-4eb5-81d7-8c4e211b7771-23408","trial_id":69,"param_name":"unified_rho","param_value_internal":0.7183396258549004,"distribution":"{\"name\": \"FloatDistribution\", \"attributes\": {\"step\": null, \"low\": 0.0, \"high\": 1.0, \"log\": false}}"}
{"op_code":5,"worker_id":"592dd037-d81c-4eb5-81d7-8c4e211b7771-23408","trial_id":69,"param_name":"unified_gamma","param_value_internal":2.9567918451101103,"distribution":"{\"name\": \"FloatDistribution\", \"attributes\": {\"step\": null, \"low\": 1.5, \"high\": 10000.0, \"log\": true}}"}
{"op_code":4,"worker_id":"5069aed1-b048-4a33-a569-84107e31f4d5-30084","study_id":0,"datetime_start":"2026-07-14T11:39:07.089228"}
{"op_code":5,"worker_id":"592dd037-d81c-4eb5-81d7-8c4e211b7771-23408","trial_id":69,"param_name":"huber_delta","param_value_internal":3.894100058789131,"distribution":"{\"name\": \"FloatDistribution\", \"attributes\": {\"step\": null, \"low\": 0.5, \"high\": 5.0, \"log\": false}}"}
{"op_code":8,"worker_id":"3af8c4b8-849e-4f13-b83d-e16823424d73-7108","trial_id":67,"user_attr":{"constraints":[-0.08632228595236864,-0.02447484474124918,0.26666666666666666,0.10252525252525255,0.15563289976912126,-36.0,-8.0,0.13498905498905497,0.16666666666666669,-1374.7669581566308,-0.03472222222222221,-0.00533170533170535]}}
{"op_code":8,"worker_id":"3af8c4b8-849e-4f13-b83d-e16823424d73-7108","trial_id":67,"user_attr":{"pruned_reasons":["M3 (Hit Rate < 60%)","M5 (Monotonicity <= 0.25)","M6 (Top-Bottom Spread <= 0)","Side-specific Yearly Tail IC Mean (-0.1350 <= 0)","Side-specific Hit Rate (33.33% < 50%)"]}}
{"op_code":8,"worker_id":"3af8c4b8-849e-4f13-b83d-e16823424d73-7108","trial_id":67,"user_attr":{"gini":0.42849762322427276}}
{"op_code":5,"worker_id":"5069aed1-b048-4a33-a569-84107e31f4d5-30084","trial_id":70,"param_name":"k_weight","param_value_internal":0.6738119231871738,"distribution":"{\"name\": \"FloatDistribution\", \"attributes\": {\"step\": null, \"low\": 0.0, \"high\": 1.5, \"log\": false}}"}
{"op_code":8,"worker_id":"3af8c4b8-849e-4f13-b83d-e16823424d73-7108","trial_id":67,"user_attr":{"cv_is_ics":[0.22179259359836578,0.19179736077785492,0.17544998228549957,0.16551099717617035,0.20533165335655212,0.24542418122291565,0.22480939328670502,0.2270050346851349,0.2718525528907776,0.2331073135137558,0.20565223693847656,0.25079667568206787,0.20408520102500916,0.20393472909927368,0.17107033729553223]}}
{"op_code":5,"worker_id":"5069aed1-b048-4a33-a569-84107e31f4d5-30084","trial_id":70,"param_name":"unified_alpha","param_value_internal":0.00013219823386030548,"distribution":"{\"name\": \"FloatDistribution\", \"attributes\": {\"step\": null, \"low\": 1e-05, \"high\": 10.0, \"log\": true}}"}
{"op_code":8,"worker_id":"3af8c4b8-849e-4f13-b83d-e16823424d73-7108","trial_id":67,"user_attr":{"cv_oos_ics":[-0.029498277232050896,0.12459151446819305,0.08152623474597931,0.010689245536923409,-0.03930923715233803,0.019468942657113075,0.039465781301259995,0.008762335404753685,-0.0471150241792202,0.03118734620511532,0.005640863906592131,-0.04690902680158615,0.012320118024945259,0.052906427532434464,0.11548256874084473]}}
{"op_code":8,"worker_id":"3af8c4b8-849e-4f13-b83d-e16823424d73-7108","trial_id":67,"user_attr":{"reg_kappa":3.4453030433203535}}
{"op_code":5,"worker_id":"5069aed1-b048-4a33-a569-84107e31f4d5-30084","trial_id":70,"param_name":"unified_rho","param_value_internal":0.8683028636343191,"distribution":"{\"name\": \"FloatDistribution\", \"attributes\": {\"step\": null, \"low\": 0.0, \"high\": 1.0, \"log\": false}}"}
{"op_code":4,"worker_id":"f0b7653d-ef27-48cf-b593-41be8858cfbb-24340","study_id":0,"datetime_start":"2026-07-14T11:39:07.039722"}
{"op_code":5,"worker_id":"5069aed1-b048-4a33-a569-84107e31f4d5-30084","trial_id":70,"param_name":"unified_gamma","param_value_internal":3.1159171609863923,"distribution":"{\"name\": \"FloatDistribution\", \"attributes\": {\"step\": null, \"low\": 1.5, \"high\": 10000.0, \"log\": true}}"}
{"op_code":8,"worker_id":"3af8c4b8-849e-4f13-b83d-e16823424d73-7108","trial_id":67,"user_attr":{"raw_metrics":[0.07174310283655887,0.02447484474124918,0.3333333333333333,0.08632228595236864,0.14747474747474745,-0.15563289976912126,-0.26135986010586854,-0.2625455856323242,0.4847222222222222]}}
{"op_code":5,"worker_id":"5069aed1-b048-4a33-a569-84107e31f4d5-30084","trial_id":70,"param_name":"huber_delta","param_value_internal":3.8837422125183054,"distribution":"{\"name\": \"FloatDistribution\", \"attributes\": {\"step\": null, \"low\": 0.5, \"high\": 5.0, \"log\": false}}"}
{"op_code":8,"worker_id":"3af8c4b8-849e-4f13-b83d-e16823424d73-7108","trial_id":67,"user_attr":{"val_metrics":[0.07551833151437352,-0.4458901780893162,0.4909090909090909,0.14491083201668833,-5.201221114142077]}}
{"op_code":5,"worker_id":"f0b7653d-ef27-48cf-b593-41be8858cfbb-24340","trial_id":71,"param_name":"k_weight","param_value_internal":0.47474032454452025,"distribution":"{\"name\": \"FloatDistribution\", \"attributes\": {\"step\": null, \"low\": 0.0, \"high\": 1.5, \"log\": false}}"}
{"op_code":8,"worker_id":"3af8c4b8-849e-4f13-b83d-e16823424d73-7108","trial_id":67,"user_attr":{"deflated_objective":0.1290387026881821}}
{"op_code":5,"worker_id":"f0b7653d-ef27-48cf-b593-41be8858cfbb-24340","trial_id":71,"param_name":"unified_alpha","param_value_internal":0.00015597506446277825,"distribution":"{\"name\": \"FloatDistribution\", \"attributes\": {\"step\": null, \"low\": 1e-05, \"high\": 10.0, \"log\": true}}"}
{"op_code":8,"worker_id":"36ac237d-c955-4554-8661-fec3d311f61a-22852","trial_id":68,"user_attr":{"constraints":[-0.08671615611035875,-0.1406200133180287,0.26666666666666666,0.17929292929292928,-0.196849008359924,-36.0,-8.0,-0.0640321174253302,-0.16666666666666663,-1375.0467637300544,-0.08749999999999997,-0.062210012210012156]}}
{"op_code":5,"worker_id":"f0b7653d-ef27-48cf-b593-41be8858cfbb-24340","trial_id":71,"param_name":"unified_rho","param_value_internal":0.5565858443636533,"distribution":"{\"name\": \"FloatDistribution\", \"attributes\": {\"step\": null, \"low\": 0.0, \"high\": 1.0, \"log\": false}}"}
{"op_code":8,"worker_id":"36ac237d-c955-4554-8661-fec3d311f61a-22852","trial_id":68,"user_attr":{"pruned_reasons":["M3 (Hit Rate < 60%)","M5 (Monotonicity <= 0.25)"]}}
{"op_code":5,"worker_id":"f0b7653d-ef27-48cf-b593-41be8858cfbb-24340","trial_id":71,"param_name":"unified_gamma","param_value_internal":3.0160279033511737,"distribution":"{\"name\": \"FloatDistribution\", \"attributes\": {\"step\": null, \"low\": 1.5, \"high\": 10000.0, \"log\": true}}"}
{"op_code":8,"worker_id":"36ac237d-c955-4554-8661-fec3d311f61a-22852","trial_id":68,"user_attr":{"gini":0.39986468529669716}}
{"op_code":9,"worker_id":"3af8c4b8-849e-4f13-b83d-e16823424d73-7108","trial_id":67,"system_attr":{"constraints":[-0.08632228595236864,-0.02447484474124918,0.26666666666666666,0.10252525252525255,0.15563289976912126,-36.0,-8.0,0.13498905498905497,0.16666666666666669,-1374.7669581566308,-0.03472222222222221,-0.00533170533170535]}}
{"op_code":6,"worker_id":"3af8c4b8-849e-4f13-b83d-e16823424d73-7108","trial_id":67,"state":1,"values":[0.37354816310660516],"datetime_complete":"2026-07-14T11:39:07.130973"}
{"op_code":8,"worker_id":"592dd037-d81c-4eb5-81d7-8c4e211b7771-23408","trial_id":69,"user_attr":{"constraints":[-0.08325677392771234,0.003125441021024781,0.26666666666666666,0.18737373737373741,0.22564318603192798,-31.0,-8.0,0.08450923450923452,0.16666666666666669,-1381.2687852028967,-0.017973856209150263,-0.00533170533170535]}}
{"op_code":8,"worker_id":"592dd037-d81c-4eb5-81d7-8c4e211b7771-23408","trial_id":69,"user_attr":{"pruned_reasons":["M2 (Yearly Tail IC Mean <= 0)","M3 (Hit Rate < 60%)","M5 (Monotonicity <= 0.25)","M6 (Top-Bottom Spread <= 0)","Side-specific Yearly Tail IC Mean (-0.0845 <= 0)","Side-specific Hit Rate (33.33% < 50%)"]}}
{"op_code":4,"worker_id":"1694f0d9-1e59-49cb-a77a-bda9aac45d8d-20880","study_id":0,"datetime_start":"2026-07-14T11:39:07.137251"}
{"op_code":8,"worker_id":"36ac237d-c955-4554-8661-fec3d311f61a-22852","trial_id":68,"user_attr":{"cv_is_ics":[0.2373066246509552,0.20804324746131897,0.18193037807941437,0.17290224134922028,0.21225248277187347,0.24976228177547455,0.23183852434158325,0.23018819093704224,0.275435209274292,0.23780860006809235,0.2066061645746231,0.2588280439376831,0.2065267264842987,0.20566542446613312,0.17316223680973053]}}
{"op_code":8,"worker_id":"36ac237d-c955-4554-8661-fec3d311f61a-22852","trial_id":68,"user_attr":{"cv_oos_ics":[-0.020326199010014534,0.1524450033903122,0.08100305497646332,0.02486834116280079,-0.036857835948467255,0.043676309287548065,0.04055318608880043,0.0009198556072078645,-0.028781920671463013,0.03683621808886528,-0.0025936278980225325,-0.04408090189099312,0.014447491616010666,0.05842623487114906,0.11817112565040588]}}
{"op_code":8,"worker_id":"592dd037-d81c-4eb5-81d7-8c4e211b7771-23408","trial_id":69,"user_attr":{"gini":0.4222917263990116}}
{"op_code":8,"worker_id":"36ac237d-c955-4554-8661-fec3d311f61a-22852","trial_id":68,"user_attr":{"reg_kappa":3.4459730863518487}}
{"op_code":8,"worker_id":"69e492d0-2577-4430-a16e-ac478cc6ed7f-16052","trial_id":14,"user_attr":{"val_metrics":[0.07849596256405886,-0.25884348882683506,0.4666666666666667,0.2733653346346556,-6.152931853186655]}}
{"op_code":8,"worker_id":"36ac237d-c955-4554-8661-fec3d311f61a-22852","trial_id":68,"user_attr":{"raw_metrics":[0.28281013558115986,0.1406200133180287,0.3333333333333333,0.08671615611035875,0.0707070707070707,0.196849008359924,-0.26272208964417476,-0.2679884731769562,0.5375]}}
{"op_code":8,"worker_id":"592dd037-d81c-4eb5-81d7-8c4e211b7771-23408","trial_id":69,"user_attr":{"cv_is_ics":[0.22365866601467133,0.18671384453773499,0.165021613240242,0.1642238199710846,0.20439405739307404,0.24544814229011536,0.21901912987232208,0.22381258010864258,0.26891863346099854,0.22863206267356873,0.20251066982746124,0.24782899022102356,0.1980077177286148,0.19710610806941986,0.1691386103630066]}}
{"op_code":5,"worker_id":"1694f0d9-1e59-49cb-a77a-bda9aac45d8d-20880","trial_id":72,"param_name":"k_weight","param_value_internal":0.7788258718820632,"distribution":"{\"name\": \"FloatDistribution\", \"attributes\": {\"step\": null, \"low\": 0.0, \"high\": 1.5, \"log\": false}}"}
{"op_code":8,"worker_id":"592dd037-d81c-4eb5-81d7-8c4e211b7771-23408","trial_id":69,"user_attr":{"cv_oos_ics":[-0.0302901454269886,0.11681965738534927,0.08126385509967804,0.011440005153417587,-0.04646961763501167,0.02221590094268322,0.03823297098278999,0.010061513632535934,-0.04081069305539131,0.02896035648882389,0.0026900393422693014,-0.05172489956021309,0.021398598328232765,0.04733700305223465,0.11570584028959274]}}
{"op_code":8,"worker_id":"36ac237d-c955-4554-8661-fec3d311f61a-22852","trial_id":68,"user_attr":{"val_metrics":[0.07661992147670106,-0.27860396981412944,0.6,0.3593711899323524,-6.05376748259875]}}
{"op_code":8,"worker_id":"69e492d0-2577-4430-a16e-ac478cc6ed7f-16052","trial_id":14,"user_attr":{"deflated_objective":-0.17624513688980428}}
{"op_code":9,"worker_id":"69e492d0-2577-4430-a16e-ac478cc6ed7f-16052","trial_id":14,"system_attr":{"constraints":[-0.0852129888851207,-0.09851304803030174,0.26666666666666666,0.058080808080808066,-0.05016652341526253,-36.0,-6.0,-0.18157573814674047,-0.16666666666666663,-1376.788874231635,-0.05416666666666664,0.007488807488807536]}}
{"op_code":8,"worker_id":"5069aed1-b048-4a33-a569-84107e31f4d5-30084","trial_id":70,"user_attr":{"constraints":[-0.08281505762537,0.000869877286827044,0.26666666666666666,0.15505050505050505,0.1876670274317005,-31.0,-8.0,0.11444554444554444,0.16666666666666669,-1380.8700419760733,-0.02777777777777779,-0.00533170533170535]}}
{"op_code":4,"worker_id":"52d6483e-9f13-41dc-851f-2c9644709720-29612","study_id":0,"datetime_start":"2026-07-14T11:39:07.158837"}
{"op_code":8,"worker_id":"5069aed1-b048-4a33-a569-84107e31f4d5-30084","trial_id":70,"user_attr":{"pruned_reasons":["M2 (Yearly Tail IC Mean <= 0)","M3 (Hit Rate < 60%)","M5 (Monotonicity <= 0.25)","M6 (Top-Bottom Spread <= 0)","Side-specific Yearly Tail IC Mean (-0.1144 <= 0)","Side-specific Hit Rate (33.33% < 50%)"]}}
{"op_code":6,"worker_id":"69e492d0-2577-4430-a16e-ac478cc6ed7f-16052","trial_id":14,"state":1,"values":[0.06555606390529176],"datetime_complete":"2026-07-14T11:39:07.158289"}
{"op_code":5,"worker_id":"52d6483e-9f13-41dc-851f-2c9644709720-29612","trial_id":73,"param_name":"k_weight","param_value_internal":0.5046871798166691,"distribution":"{\"name\": \"FloatDistribution\", \"attributes\": {\"step\": null, \"low\": 0.0, \"high\": 1.5, \"log\": false}}"}
{"op_code":8,"worker_id":"5069aed1-b048-4a33-a569-84107e31f4d5-30084","trial_id":70,"user_attr":{"gini":0.4220681754102802}}
{"op_code":5,"worker_id":"52d6483e-9f13-41dc-851f-2c9644709720-29612","trial_id":73,"param_name":"unified_alpha","param_value_internal":0.00014129067345002003,"distribution":"{\"name\": \"FloatDistribution\", \"attributes\": {\"step\": null, \"low\": 1e-05, \"high\": 10.0, \"log\": true}}"}
{"op_code":5,"worker_id":"1694f0d9-1e59-49cb-a77a-bda9aac45d8d-20880","trial_id":72,"param_name":"unified_alpha","param_value_internal":0.00014911658049993425,"distribution":"{\"name\": \"FloatDistribution\", \"attributes\": {\"step\": null, \"low\": 1e-05, \"high\": 10.0, \"log\": true}}"}
{"op_code":5,"worker_id":"52d6483e-9f13-41dc-851f-2c9644709720-29612","trial_id":73,"param_name":"unified_rho","param_value_internal":0.8629430372551594,"distribution":"{\"name\": \"FloatDistribution\", \"attributes\": {\"step\": null, \"low\": 0.0, \"high\": 1.0, \"log\": false}}"}
{"op_code":8,"worker_id":"5069aed1-b048-4a33-a569-84107e31f4d5-30084","trial_id":70,"user_attr":{"cv_is_ics":[0.22392070293426514,0.18706074357032776,0.16595762968063354,0.16420160233974457,0.2040664255619049,0.24585746228694916,0.2196412980556488,0.22389669716358185,0.2691381871700287,0.2287369817495346,0.2030888795852661,0.24864980578422546,0.19844886660575867,0.19799786806106567,0.16903267800807953]}}
{"op_code":5,"worker_id":"52d6483e-9f13-41dc-851f-2c9644709720-29612","trial_id":73,"param_name":"unified_gamma","param_value_internal":2.7694642665782374,"distribution":"{\"name\": \"FloatDistribution\", \"attributes\": {\"step\": null, \"low\": 1.5, \"high\": 10000.0, \"log\": true}}"}
{"op_code":8,"worker_id":"5069aed1-b048-4a33-a569-84107e31f4d5-30084","trial_id":70,"user_attr":{"cv_oos_ics":[-0.02985706925392151,0.11689552664756775,0.08045142143964767,0.011471616104245186,-0.04607733339071274,0.022029398009181023,0.03883989155292511,0.0091701066121459,-0.0410851314663887,0.03111306019127369,0.00350242480635643,-0.05134037509560585,0.02116152085363865,0.04809365049004555,0.11638185381889343]}}
{"op_code":8,"worker_id":"5069aed1-b048-4a33-a569-84107e31f4d5-30084","trial_id":70,"user_attr":{"reg_kappa":3.460707535645591}}
{"op_code":8,"worker_id":"5069aed1-b048-4a33-a569-84107e31f4d5-30084","trial_id":70,"user_attr":{"raw_metrics":[-0.002590672068764591,-0.000869877286827044,0.3333333333333333,0.08281505762537,0.09494949494949494,-0.1876670274317005,-0.2904354018599132,-0.2887146472930908,0.4777777777777778]}}
{"op_code":5,"worker_id":"1694f0d9-1e59-49cb-a77a-bda9aac45d8d-20880","trial_id":72,"param_name":"unified_rho","param_value_internal":0.5483412477173487,"distribution":"{\"name\": \"FloatDistribution\", \"attributes\": {\"step\": null, \"low\": 0.0, \"high\": 1.0, \"log\": false}}"}
{"op_code":8,"worker_id":"5069aed1-b048-4a33-a569-84107e31f4d5-30084","trial_id":70,"user_attr":{"val_metrics":[0.08313732827199885,-0.3008265943701201,0.3696969696969697,0.26598310094002797,-6.797264425069384]}}
{"op_code":5,"worker_id":"1694f0d9-1e59-49cb-a77a-bda9aac45d8d-20880","trial_id":72,"param_name":"unified_gamma","param_value_internal":2.7790543122665414,"distribution":"{\"name\": \"FloatDistribution\", \"attributes\": {\"step\": null, \"low\": 1.5, \"high\": 10000.0, \"log\": true}}"}
{"op_code":8,"worker_id":"592dd037-d81c-4eb5-81d7-8c4e211b7771-23408","trial_id":69,"user_attr":{"reg_kappa":3.4615538473963303}}
{"op_code":5,"worker_id":"1694f0d9-1e59-49cb-a77a-bda9aac45d8d-20880","trial_id":72,"param_name":"huber_delta","param_value_internal":2.4759496602049356,"distribution":"{\"name\": \"FloatDistribution\", \"attributes\": {\"step\": null, \"low\": 0.5, \"high\": 5.0, \"log\": false}}"}
{"op_code":8,"worker_id":"5069aed1-b048-4a33-a569-84107e31f4d5-30084","trial_id":70,"user_attr":{"deflated_objective":-0.4566732194962535}}
{"op_code":9,"worker_id":"5069aed1-b048-4a33-a569-84107e31f4d5-30084","trial_id":70,"system_attr":{"constraints":[-0.08281505762537,0.000869877286827044,0.26666666666666666,0.15505050505050505,0.1876670274317005,-31.0,-8.0,0.11444554444554444,0.16666666666666669,-1380.8700419760733,-0.02777777777777779,-0.00533170533170535]}}
{"op_code":6,"worker_id":"5069aed1-b048-4a33-a569-84107e31f4d5-30084","trial_id":70,"state":1,"values":[-0.21820304016291373],"datetime_complete":"2026-07-14T11:39:07.193066"}
{"op_code":4,"worker_id":"5069aed1-b048-4a33-a569-84107e31f4d5-30084","study_id":0,"datetime_start":"2026-07-14T11:39:07.194725"}
{"op_code":5,"worker_id":"f0b7653d-ef27-48cf-b593-41be8858cfbb-24340","trial_id":71,"param_name":"huber_delta","param_value_internal":3.9858385086425363,"distribution":"{\"name\": \"FloatDistribution\", \"attributes\": {\"step\": null, \"low\": 0.5, \"high\": 5.0, \"log\": false}}"}
{"op_code":5,"worker_id":"5069aed1-b048-4a33-a569-84107e31f4d5-30084","trial_id":74,"param_name":"k_weight","param_value_internal":0.6408042606342719,"distribution":"{\"name\": \"FloatDistribution\", \"attributes\": {\"step\": null, \"low\": 0.0, \"high\": 1.5, \"log\": false}}"}
{"op_code":5,"worker_id":"5069aed1-b048-4a33-a569-84107e31f4d5-30084","trial_id":74,"param_name":"unified_alpha","param_value_internal":2.6830409911996825e-05,"distribution":"{\"name\": \"FloatDistribution\", \"attributes\": {\"step\": null, \"low\": 1e-05, \"high\": 10.0, \"log\": true}}"}
{"op_code":5,"worker_id":"5069aed1-b048-4a33-a569-84107e31f4d5-30084","trial_id":74,"param_name":"unified_rho","param_value_internal":0.550335479196695,"distribution":"{\"name\": \"FloatDistribution\", \"attributes\": {\"step\": null, \"low\": 0.0, \"high\": 1.0, \"log\": false}}"}
{"op_code":8,"worker_id":"592dd037-d81c-4eb5-81d7-8c4e211b7771-23408","trial_id":69,"user_attr":{"raw_metrics":[-0.009262386603626788,-0.003125441021024781,0.3333333333333333,0.08325677392771234,0.0626262626262626,-0.22564318603192798,-0.2923375685556489,-0.2902154326438904,0.4679738562091503]}}
{"op_code":5,"worker_id":"5069aed1-b048-4a33-a569-84107e31f4d5-30084","trial_id":74,"param_name":"unified_gamma","param_value_internal":2.8632791297289435,"distribution":"{\"name\": \"FloatDistribution\", \"attributes\": {\"step\": null, \"low\": 1.5, \"high\": 10000.0, \"log\": true}}"}
{"op_code":8,"worker_id":"592dd037-d81c-4eb5-81d7-8c4e211b7771-23408","trial_id":69,"user_attr":{"val_metrics":[0.08319296412868206,-0.3141271096563857,0.3696969696969697,0.2567398113104096,-6.713030459903278]}}
{"op_code":5,"worker_id":"5069aed1-b048-4a33-a569-84107e31f4d5-30084","trial_id":74,"param_name":"huber_delta","param_value_internal":2.984399809625185,"distribution":"{\"name\": \"FloatDistribution\", \"attributes\": {\"step\": null, \"low\": 0.5, \"high\": 5.0, \"log\": false}}"}
{"op_code":8,"worker_id":"592dd037-d81c-4eb5-81d7-8c4e211b7771-23408","trial_id":69,"user_attr":{"deflated_objective":-0.4255078194946118}}
{"op_code":9,"worker_id":"592dd037-d81c-4eb5-81d7-8c4e211b7771-23408","trial_id":69,"system_attr":{"constraints":[-0.08325677392771234,0.003125441021024781,0.26666666666666666,0.18737373737373741,0.22564318603192798,-31.0,-8.0,0.08450923450923452,0.16666666666666669,-1381.2687852028967,-0.017973856209150263,-0.00533170533170535]}}
{"op_code":6,"worker_id":"592dd037-d81c-4eb5-81d7-8c4e211b7771-23408","trial_id":69,"state":1,"values":[-0.18982409662814698],"datetime_complete":"2026-07-14T11:39:07.219480"}
{"op_code":8,"worker_id":"36ac237d-c955-4554-8661-fec3d311f61a-22852","trial_id":68,"user_attr":{"deflated_objective":-0.131739315161364}}
{"op_code":4,"worker_id":"e789e537-bd43-4bca-bdcb-acaab11c7c34-7108","study_id":0,"datetime_start":"2026-07-14T11:39:07.225880"}
{"op_code":9,"worker_id":"36ac237d-c955-4554-8661-fec3d311f61a-22852","trial_id":68,"system_attr":{"constraints":[-0.08671615611035875,-0.1406200133180287,0.26666666666666666,0.17929292929292928,-0.196849008359924,-36.0,-8.0,-0.0640321174253302,-0.16666666666666663,-1375.0467637300544,-0.08749999999999997,-0.062210012210012156]}}
{"op_code":6,"worker_id":"36ac237d-c955-4554-8661-fec3d311f61a-22852","trial_id":68,"state":1,"values":[0.11046334896564293],"datetime_complete":"2026-07-14T11:39:07.228990"}
{"op_code":5,"worker_id":"e789e537-bd43-4bca-bdcb-acaab11c7c34-7108","trial_id":75,"param_name":"k_weight","param_value_internal":0.48792830482443705,"distribution":"{\"name\": \"FloatDistribution\", \"attributes\": {\"step\": null, \"low\": 0.0, \"high\": 1.5, \"log\": false}}"}
{"op_code":4,"worker_id":"36ac237d-c955-4554-8661-fec3d311f61a-22852","study_id":0,"datetime_start":"2026-07-14T11:39:07.231171"}
{"op_code":5,"worker_id":"e789e537-bd43-4bca-bdcb-acaab11c7c34-7108","trial_id":75,"param_name":"unified_alpha","param_value_internal":0.019747940779851727,"distribution":"{\"name\": \"FloatDistribution\", \"attributes\": {\"step\": null, \"low\": 1e-05, \"high\": 10.0, \"log\": true}}"}
{"op_code":5,"worker_id":"36ac237d-c955-4554-8661-fec3d311f61a-22852","trial_id":76,"param_name":"k_weight","param_value_internal":0.5178513922805071,"distribution":"{\"name\": \"FloatDistribution\", \"attributes\": {\"step\": null, \"low\": 0.0, \"high\": 1.5, \"log\": false}}"}
{"op_code":5,"worker_id":"e789e537-bd43-4bca-bdcb-acaab11c7c34-7108","trial_id":75,"param_name":"unified_rho","param_value_internal":0.16709999754599292,"distribution":"{\"name\": \"FloatDistribution\", \"attributes\": {\"step\": null, \"low\": 0.0, \"high\": 1.0, \"log\": false}}"}
{"op_code":5,"worker_id":"36ac237d-c955-4554-8661-fec3d311f61a-22852","trial_id":76,"param_name":"unified_alpha","param_value_internal":2.375575650943665e-05,"distribution":"{\"name\": \"FloatDistribution\", \"attributes\": {\"step\": null, \"low\": 1e-05, \"high\": 10.0, \"log\": true}}"}
{"op_code":8,"worker_id":"f0b7653d-ef27-48cf-b593-41be8858cfbb-24340","trial_id":71,"user_attr":{"constraints":[-0.08597296839886243,-0.02887757295052129,0.26666666666666666,0.1186868686868687,0.14014629937010395,-36.0,-8.0,0.12831512831512829,0.16666666666666669,-1374.7739527329159,-0.03472222222222221,-0.00533170533170535]}}
{"op_code":5,"worker_id":"e789e537-bd43-4bca-bdcb-acaab11c7c34-7108","trial_id":75,"param_name":"unified_gamma","param_value_internal":1029.7088650408418,"distribution":"{\"name\": \"FloatDistribution\", \"attributes\": {\"step\": null, \"low\": 1.5, \"high\": 10000.0, \"log\": true}}"}
{"op_code":8,"worker_id":"f0b7653d-ef27-48cf-b593-41be8858cfbb-24340","trial_id":71,"user_attr":{"pruned_reasons":["M3 (Hit Rate < 60%)","M5 (Monotonicity <= 0.25)","M6 (Top-Bottom Spread <= 0)","Side-specific Yearly Tail IC Mean (-0.1283 <= 0)","Side-specific Hit Rate (33.33% < 50%)"]}}
{"op_code":5,"worker_id":"36ac237d-c955-4554-8661-fec3d311f61a-22852","trial_id":76,"param_name":"unified_rho","param_value_internal":0.5390024400147758,"distribution":"{\"name\": \"FloatDistribution\", \"attributes\": {\"step\": null, \"low\": 0.0, \"high\": 1.0, \"log\": false}}"}
{"op_code":5,"worker_id":"52d6483e-9f13-41dc-851f-2c9644709720-29612","trial_id":73,"param_name":"huber_delta","param_value_internal":1.948558755020613,"distribution":"{\"name\": \"FloatDistribution\", \"attributes\": {\"step\": null, \"low\": 0.5, \"high\": 5.0, \"log\": false}}"}
{"op_code":5,"worker_id":"36ac237d-c955-4554-8661-fec3d311f61a-22852","trial_id":76,"param_name":"unified_gamma","param_value_internal":69.83146527786617,"distribution":"{\"name\": \"FloatDistribution\", \"attributes\": {\"step\": null, \"low\": 1.5, \"high\": 10000.0, \"log\": true}}"}
{"op_code":8,"worker_id":"1694f0d9-1e59-49cb-a77a-bda9aac45d8d-20880","trial_id":72,"user_attr":{"constraints":[-0.07526119521276065,-0.10530253365046856,0.26666666666666666,0.17525252525252527,-0.018280108674857482,-28.0,-8.0,-0.028704968704968702,-0.16666666666666663,-1384.8315599501284,-0.051307189542483644,-0.062210012210012156]}}
{"op_code":5,"worker_id":"36ac237d-c955-4554-8661-fec3d311f61a-22852","trial_id":76,"param_name":"huber_delta","param_value_internal":2.5188548178769286,"distribution":"{\"name\": \"FloatDistribution\", \"attributes\": {\"step\": null, \"low\": 0.5, \"high\": 5.0, \"log\": false}}"}
{"op_code":8,"worker_id":"1694f0d9-1e59-49cb-a77a-bda9aac45d8d-20880","trial_id":72,"user_attr":{"pruned_reasons":["M3 (Hit Rate < 60%)","M5 (Monotonicity <= 0.25)"]}}
{"op_code":8,"worker_id":"1694f0d9-1e59-49cb-a77a-bda9aac45d8d-20880","trial_id":72,"user_attr":{"gini":0.3851446738177402}}
{"op_code":5,"worker_id":"e789e537-bd43-4bca-bdcb-acaab11c7c34-7108","trial_id":75,"param_name":"huber_delta","param_value_internal":2.456382450128036,"distribution":"{\"name\": \"FloatDistribution\", \"attributes\": {\"step\": null, \"low\": 0.5, \"high\": 5.0, \"log\": false}}"}
{"op_code":4,"worker_id":"b4f46c25-f302-45e2-9297-e1f4154419ee-16052","study_id":0,"datetime_start":"2026-07-14T11:39:07.253388"}
{"op_code":8,"worker_id":"5069aed1-b048-4a33-a569-84107e31f4d5-30084","trial_id":74,"user_attr":{"constraints":[-0.08161915482664246,-0.08954961739692652,0.26666666666666666,0.11464646464646466,0.015837555363173734,-32.0,-8.0,-0.11687359760968635,-0.16666666666666663,-1379.7249371592038,-0.04436274509803917,-0.00533170533170535]}}
{"op_code":8,"worker_id":"5069aed1-b048-4a33-a569-84107e31f4d5-30084","trial_id":74,"user_attr":{"pruned_reasons":["M3 (Hit Rate < 60%)","M5 (Monotonicity <= 0.25)","M6 (Top-Bottom Spread <= 0)"]}}
{"op_code":5,"worker_id":"b4f46c25-f302-45e2-9297-e1f4154419ee-16052","trial_id":77,"param_name":"k_weight","param_value_internal":0.5363075033138339,"distribution":"{\"name\": \"FloatDistribution\", \"attributes\": {\"step\": null, \"low\": 0.0, \"high\": 1.5, \"log\": false}}"}
{"op_code":8,"worker_id":"5069aed1-b048-4a33-a569-84107e31f4d5-30084","trial_id":74,"user_attr":{"gini":0.3947586538533372}}
{"op_code":8,"worker_id":"5069aed1-b048-4a33-a569-84107e31f4d5-30084","trial_id":74,"user_attr":{"cv_is_ics":[0.2364008128643036,0.2045985460281372,0.17272347211837769,0.169302299618721,0.2122485637664795,0.2516559660434723,0.23024478554725647,0.2278110831975937,0.2750118374824524,0.23042187094688416,0.20647066831588745,0.25835224986076355,0.20345541834831238,0.20165397226810455,0.17035162448883057]}}
{"op_code":8,"worker_id":"5069aed1-b048-4a33-a569-84107e31f4d5-30084","trial_id":74,"user_attr":{"cv_oos_ics":[-0.02182774618268013,0.14996029436588287,0.07816902548074722,0.02480669878423214,-0.0448400042951107,0.03962699696421623,0.03355460613965988,0.007962598465383053,-0.030561892315745354,0.03414928913116455,0.0032226734329015017,-0.04824091121554375,0.021202614530920982,0.057226140052080154,0.11586553603410721]}}
{"op_code":8,"worker_id":"5069aed1-b048-4a33-a569-84107e31f4d5-30084","trial_id":74,"user_attr":{"reg_kappa":3.4578745778567272}}
{"op_code":8,"worker_id":"5069aed1-b048-4a33-a569-84107e31f4d5-30084","trial_id":74,"user_attr":{"raw_metrics":[0.19934707747310795,0.08954961739692652,0.3333333333333333,0.08161915482664246,0.13535353535353534,-0.015837555363173734,-0.28499086247177474,-0.2885572612285614,0.4943627450980392]}}
{"op_code":5,"worker_id":"b4f46c25-f302-45e2-9297-e1f4154419ee-16052","trial_id":77,"param_name":"unified_alpha","param_value_internal":2.7728829575366544e-05,"distribution":"{\"name\": \"FloatDistribution\", \"attributes\": {\"step\": null, \"low\": 1e-05, \"high\": 10.0, \"log\": true}}"}
{"op_code":8,"worker_id":"5069aed1-b048-4a33-a569-84107e31f4d5-30084","trial_id":74,"user_attr":{"val_metrics":[0.08021622325270367,-0.2679165099738693,0.40606060606060607,0.2676309164532501,-6.207438113994007]}}
{"op_code":5,"worker_id":"b4f46c25-f302-45e2-9297-e1f4154419ee-16052","trial_id":77,"param_name":"unified_rho","param_value_internal":0.5311450671048288,"distribution":"{\"name\": \"FloatDistribution\", \"attributes\": {\"step\": null, \"low\": 0.0, \"high\": 1.0, \"log\": false}}"}
{"op_code":5,"worker_id":"b4f46c25-f302-45e2-9297-e1f4154419ee-16052","trial_id":77,"param_name":"unified_gamma","param_value_internal":1227.1130603372424,"distribution":"{\"name\": \"FloatDistribution\", \"attributes\": {\"step\": null, \"low\": 1.5, \"high\": 10000.0, \"log\": true}}"}
{"op_code":5,"worker_id":"b4f46c25-f302-45e2-9297-e1f4154419ee-16052","trial_id":77,"param_name":"huber_delta","param_value_internal":2.506969907578836,"distribution":"{\"name\": \"FloatDistribution\", \"attributes\": {\"step\": null, \"low\": 0.5, \"high\": 5.0, \"log\": false}}"}
{"op_code":8,"worker_id":"5069aed1-b048-4a33-a569-84107e31f4d5-30084","trial_id":74,"user_attr":{"deflated_objective":-0.1965207980858113}}
{"op_code":9,"worker_id":"5069aed1-b048-4a33-a569-84107e31f4d5-30084","trial_id":74,"system_attr":{"constraints":[-0.08161915482664246,-0.08954961739692652,0.26666666666666666,0.11464646464646466,0.015837555363173734,-32.0,-8.0,-0.11687359760968635,-0.16666666666666663,-1379.7249371592038,-0.04436274509803917,-0.00533170533170535]}}
{"op_code":8,"worker_id":"52d6483e-9f13-41dc-851f-2c9644709720-29612","trial_id":73,"user_attr":{"constraints":[-0.07486268331635601,-0.1456560702940106,0.26666666666666666,0.1429292929292929,-0.14654662559486617,-36.0,-8.0,-0.1044910642816449,-0.16666666666666663,-1375.5586203497671,-0.09444444444444439,-0.05864875864875857]}}
{"op_code":6,"worker_id":"5069aed1-b048-4a33-a569-84107e31f4d5-30084","trial_id":74,"state":1,"values":[0.03423577113492786],"datetime_complete":"2026-07-14T11:39:07.283877"}
{"op_code":8,"worker_id":"52d6483e-9f13-41dc-851f-2c9644709720-29612","trial_id":73,"user_attr":{"pruned_reasons":["M3 (Hit Rate < 60%)","M5 (Monotonicity <= 0.25)"]}}
{"op_code":8,"worker_id":"1694f0d9-1e59-49cb-a77a-bda9aac45d8d-20880","trial_id":72,"user_attr":{"cv_is_ics":[0.23449201881885529,0.2019501030445099,0.1718476265668869,0.17103563249111176,0.2163657695055008,0.25037050247192383,0.2322794497013092,0.22676174342632294,0.2751781642436981,0.22850079834461212,0.20597593486309052,0.258548766374588,0.20313332974910736,0.20660603046417236,0.17213493585586548]}}
{"op_code":8,"worker_id":"1694f0d9-1e59-49cb-a77a-bda9aac45d8d-20880","trial_id":72,"user_attr":{"cv_oos_ics":[-0.025678027421236038,0.15333488583564758,0.08013056218624115,0.020975450053811073,-0.04976761341094971,0.04740951582789421,0.040025290101766586,0.010949758812785149,-0.026974037289619446,0.04003366455435753,0.005067136604338884,-0.05422741919755936,0.0236950870603323,0.04953252151608467,0.12414053827524185]}}
{"op_code":8,"worker_id":"1694f0d9-1e59-49cb-a77a-bda9aac45d8d-20880","trial_id":72,"user_attr":{"reg_kappa":3.470289415106083}}
{"op_code":8,"worker_id":"1694f0d9-1e59-49cb-a77a-bda9aac45d8d-20880","trial_id":72,"user_attr":{"raw_metrics":[0.24014385461773666,0.10530253365046856,0.3333333333333333,0.07526119521276065,0.07474747474747474,0.018280108674857482,-0.30957526458869183,-0.3134530186653137,0.5013071895424837]}}
{"op_code":8,"worker_id":"1694f0d9-1e59-49cb-a77a-bda9aac45d8d-20880","trial_id":72,"user_attr":{"val_metrics":[0.08131247217278961,-0.27842949563532293,0.45454545454545453,0.2535682798808684,-6.081224622391151]}}
{"op_code":8,"worker_id":"36ac237d-c955-4554-8661-fec3d311f61a-22852","trial_id":76,"user_attr":{"constraints":[-0.08146078104152689,-0.11276502864201776,0.26666666666666666,0.1388888888888889,-0.14358056185154286,-35.0,-8.0,-0.09637790624029458,-0.16666666666666663,-1375.9194829731837,-0.09444444444444439,-0.062210012210012156]}}
{"op_code":8,"worker_id":"52d6483e-9f13-41dc-851f-2c9644709720-29612","trial_id":73,"user_attr":{"gini":0.3950127853165819}}
{"op_code":4,"worker_id":"1c0e6037-410c-44e1-9300-e56138ce4dbf-30084","study_id":0,"datetime_start":"2026-07-14T11:39:07.297903"}
{"op_code":8,"worker_id":"1694f0d9-1e59-49cb-a77a-bda9aac45d8d-20880","trial_id":72,"user_attr":{"deflated_objective":-0.14288658703040746}}
{"op_code":9,"worker_id":"1694f0d9-1e59-49cb-a77a-bda9aac45d8d-20880","trial_id":72,"system_attr":{"constraints":[-0.07526119521276065,-0.10530253365046856,0.26666666666666666,0.17525252525252527,-0.018280108674857482,-28.0,-8.0,-0.028704968704968702,-0.16666666666666663,-1384.8315599501284,-0.051307189542483644,-0.062210012210012156]}}
{"op_code":6,"worker_id":"1694f0d9-1e59-49cb-a77a-bda9aac45d8d-20880","trial_id":72,"state":1,"values":[0.08547408324685841],"datetime_complete":"2026-07-14T11:39:07.304148"}
{"op_code":5,"worker_id":"1c0e6037-410c-44e1-9300-e56138ce4dbf-30084","trial_id":78,"param_name":"k_weight","param_value_internal":0.7974456268679366,"distribution":"{\"name\": \"FloatDistribution\", \"attributes\": {\"step\": null, \"low\": 0.0, \"high\": 1.5, \"log\": false}}"}
{"op_code":4,"worker_id":"1694f0d9-1e59-49cb-a77a-bda9aac45d8d-20880","study_id":0,"datetime_start":"2026-07-14T11:39:07.306458"}
{"op_code":5,"worker_id":"1c0e6037-410c-44e1-9300-e56138ce4dbf-30084","trial_id":78,"param_name":"unified_alpha","param_value_internal":0.014461277394636507,"distribution":"{\"name\": \"FloatDistribution\", \"attributes\": {\"step\": null, \"low\": 1e-05, \"high\": 10.0, \"log\": true}}"}
{"op_code":5,"worker_id":"1694f0d9-1e59-49cb-a77a-bda9aac45d8d-20880","trial_id":79,"param_name":"k_weight","param_value_internal":0.6251209850713416,"distribution":"{\"name\": \"FloatDistribution\", \"attributes\": {\"step\": null, \"low\": 0.0, \"high\": 1.5, \"log\": false}}"}
{"op_code":5,"worker_id":"1c0e6037-410c-44e1-9300-e56138ce4dbf-30084","trial_id":78,"param_name":"unified_rho","param_value_internal":0.5376860200088144,"distribution":"{\"name\": \"FloatDistribution\", \"attributes\": {\"step\": null, \"low\": 0.0, \"high\": 1.0, \"log\": false}}"}
{"op_code":8,"worker_id":"b4f46c25-f302-45e2-9297-e1f4154419ee-16052","trial_id":77,"user_attr":{"constraints":[-0.08168744294931694,-0.11657127067461416,0.26666666666666666,0.15505050505050505,-0.14358056185154286,-35.0,-8.0,-0.09702225041546318,-0.16666666666666663,-1376.4415649847713,-0.09444444444444439,-0.062210012210012156]}}
{"op_code":5,"worker_id":"1c0e6037-410c-44e1-9300-e56138ce4dbf-30084","trial_id":78,"param_name":"unified_gamma","param_value_internal":1124.5941696237876,"distribution":"{\"name\": \"FloatDistribution\", \"attributes\": {\"step\": null, \"low\": 1.5, \"high\": 10000.0, \"log\": true}}"}
{"op_code":8,"worker_id":"b4f46c25-f302-45e2-9297-e1f4154419ee-16052","trial_id":77,"user_attr":{"pruned_reasons":["M3 (Hit Rate < 60%)","M5 (Monotonicity <= 0.25)"]}}
{"op_code":4,"worker_id":"1809afb5-6ef2-4fea-8aba-31a15e98131f-23408","study_id":0,"datetime_start":"2026-07-14T11:39:07.309509"}
{"op_code":5,"worker_id":"1c0e6037-410c-44e1-9300-e56138ce4dbf-30084","trial_id":78,"param_name":"huber_delta","param_value_internal":2.478365227925219,"distribution":"{\"name\": \"FloatDistribution\", \"attributes\": {\"step\": null, \"low\": 0.5, \"high\": 5.0, \"log\": false}}"}
{"op_code":5,"worker_id":"1809afb5-6ef2-4fea-8aba-31a15e98131f-23408","trial_id":80,"param_name":"k_weight","param_value_internal":0.603084312293809,"distribution":"{\"name\": \"FloatDistribution\", \"attributes\": {\"step\": null, \"low\": 0.0, \"high\": 1.5, \"log\": false}}"}
{"op_code":5,"worker_id":"1809afb5-6ef2-4fea-8aba-31a15e98131f-23408","trial_id":80,"param_name":"unified_alpha","param_value_internal":2.6600005615146788e-05,"distribution":"{\"name\": \"FloatDistribution\", \"attributes\": {\"step\": null, \"low\": 1e-05, \"high\": 10.0, \"log\": true}}"}
{"op_code":5,"worker_id":"1809afb5-6ef2-4fea-8aba-31a15e98131f-23408","trial_id":80,"param_name":"unified_rho","param_value_internal":0.5286325531499011,"distribution":"{\"name\": \"FloatDistribution\", \"attributes\": {\"step\": null, \"low\": 0.0, \"high\": 1.0, \"log\": false}}"}
{"op_code":5,"worker_id":"1809afb5-6ef2-4fea-8aba-31a15e98131f-23408","trial_id":80,"param_name":"unified_gamma","param_value_internal":1865.6495453369505,"distribution":"{\"name\": \"FloatDistribution\", \"attributes\": {\"step\": null, \"low\": 1.5, \"high\": 10000.0, \"log\": true}}"}
{"op_code":8,"worker_id":"52d6483e-9f13-41dc-851f-2c9644709720-29612","trial_id":73,"user_attr":{"cv_is_ics":[0.23514997959136963,0.21296283602714539,0.1873207539319992,0.1744978278875351,0.22589154541492462,0.24341067671775818,0.23295344412326813,0.2310463786125183,0.2773328721523285,0.2356077879667282,0.20982670783996582,0.2637648582458496,0.21065498888492584,0.2193789929151535,0.17771567404270172]}}
{"op_code":5,"worker_id":"1809afb5-6ef2-4fea-8aba-31a15e98131f-23408","trial_id":80,"param_name":"huber_delta","param_value_internal":3.019005938125231,"distribution":"{\"name\": \"FloatDistribution\", \"attributes\": {\"step\": null, \"low\": 0.5, \"high\": 5.0, \"log\": false}}"}
{"op_code":8,"worker_id":"52d6483e-9f13-41dc-851f-2c9644709720-29612","trial_id":73,"user_attr":{"cv_oos_ics":[-0.025252852588891983,0.15861253440380096,0.07371960580348969,0.018261650577187538,-0.043546855449676514,0.06059427931904793,0.04789947718381882,-0.003221075050532818,-0.025964662432670593,0.0523761548101902,0.0017211826052516699,-0.05499957129359245,0.01898673176765442,0.061809442937374115,0.11700360476970673]}}
{"op_code":8,"worker_id":"b4f46c25-f302-45e2-9297-e1f4154419ee-16052","trial_id":77,"user_attr":{"gini":0.39715729915196896}}
{"op_code":8,"worker_id":"b4f46c25-f302-45e2-9297-e1f4154419ee-16052","trial_id":77,"user_attr":{"cv_is_ics":[0.23747707903385162,0.20733517408370972,0.18276309967041016,0.17233479022979736,0.2204637974500656,0.24917824566364288,0.23110134899616241,0.23099537193775177,0.27708229422569275,0.23717530071735382,0.2065737247467041,0.2612870931625366,0.2077854424715042,0.20895256102085114,0.17430782318115234]}}
{"op_code":8,"worker_id":"e789e537-bd43-4bca-bdcb-acaab11c7c34-7108","trial_id":75,"user_attr":{"constraints":[-0.08726412577595076,-0.10130756364441329,0.26666666666666666,0.07828282828282829,-0.10225723212572675,-36.0,-8.0,-0.09214804561306611,-0.16666666666666663,-1375.218364819387,-0.09444444444444439,-0.062210012210012156]}}
{"op_code":8,"worker_id":"52d6483e-9f13-41dc-851f-2c9644709720-29612","trial_id":73,"user_attr":{"reg_kappa":3.4473839837290443}}
{"op_code":8,"worker_id":"52d6483e-9f13-41dc-851f-2c9644709720-29612","trial_id":73,"user_attr":{"raw_metrics":[0.311428672944339,0.1456560702940106,0.3333333333333333,0.07486268331635601,0.10707070707070708,0.14654662559486617,-0.26519700916886174,-0.2881046235561371,0.5444444444444444]}}
{"op_code":8,"worker_id":"b4f46c25-f302-45e2-9297-e1f4154419ee-16052","trial_id":77,"user_attr":{"cv_oos_ics":[-0.020645475015044212,0.15646766126155853,0.08051306754350662,0.022092897444963455,-0.045590464025735855,0.050557926297187805,0.04231705516576767,0.002092592418193817,-0.026257706806063652,0.043871231377124786,0.0006069184164516628,-0.04684700444340706,0.015264618210494518,0.05876579508185387,0.1207030862569809]}}
{"op_code":8,"worker_id":"e789e537-bd43-4bca-bdcb-acaab11c7c34-7108","trial_id":75,"user_attr":{"pruned_reasons":["M3 (Hit Rate < 60%)","M5 (Monotonicity <= 0.25)"]}}
{"op_code":8,"worker_id":"b4f46c25-f302-45e2-9297-e1f4154419ee-16052","trial_id":77,"user_attr":{"reg_kappa":3.4496398492131055}}
{"op_code":8,"worker_id":"b4f46c25-f302-45e2-9297-e1f4154419ee-16052","trial_id":77,"user_attr":{"raw_metrics":[0.2614576515425541,0.11657127067461416,0.3333333333333333,0.08168744294931694,0.09494949494949494,0.14358056185154286,-0.2694256424892607,-0.2805776298046112,0.5444444444444444]}}
{"op_code":8,"worker_id":"b4f46c25-f302-45e2-9297-e1f4154419ee-16052","trial_id":77,"user_attr":{"val_metrics":[0.07540171875876552,-0.19064152765617068,0.3696969696969697,0.28719511616003257,-6.494810037598959]}}
{"op_code":8,"worker_id":"e789e537-bd43-4bca-bdcb-acaab11c7c34-7108","trial_id":75,"user_attr":{"gini":0.4178301961608384}}
{"op_code":8,"worker_id":"52d6483e-9f13-41dc-851f-2c9644709720-29612","trial_id":73,"user_attr":{"val_metrics":[0.06651555972932344,-0.2902078727671366,0.3090909090909091,0.20359060469258955,-5.881514684828885]}}
{"op_code":8,"worker_id":"e789e537-bd43-4bca-bdcb-acaab11c7c34-7108","trial_id":75,"user_attr":{"cv_is_ics":[0.2398553043603897,0.20764920115470886,0.18800705671310425,0.17450979351997375,0.21732862293720245,0.24749019742012024,0.23275063931941986,0.2293168306350708,0.2765723764896393,0.23780134320259094,0.20710399746894836,0.262361615896225,0.210184246301651,0.21046258509159088,0.174729123711586]}}
{"op_code":8,"worker_id":"b4f46c25-f302-45e2-9297-e1f4154419ee-16052","trial_id":77,"user_attr":{"deflated_objective":-0.2794305018777185}}
{"op_code":8,"worker_id":"e789e537-bd43-4bca-bdcb-acaab11c7c34-7108","trial_id":75,"user_attr":{"cv_oos_ics":[-0.018487989902496338,0.16243445873260498,0.081529401242733,0.025875149294734,-0.02569086104631424,0.05532163754105568,0.05124387517571449,0.011758978478610516,-0.016010455787181854,0.05187353864312172,0.003921261988580227,-0.03086903505027294,0.020099414512515068,0.07314055413007736,0.12227374315261841]}}
{"op_code":9,"worker_id":"b4f46c25-f302-45e2-9297-e1f4154419ee-16052","trial_id":77,"system_attr":{"constraints":[-0.08168744294931694,-0.11657127067461416,0.26666666666666666,0.15505050505050505,-0.14358056185154286,-35.0,-8.0,-0.09702225041546318,-0.16666666666666663,-1376.4415649847713,-0.09444444444444439,-0.062210012210012156]}}
{"op_code":6,"worker_id":"b4f46c25-f302-45e2-9297-e1f4154419ee-16052","trial_id":77,"state":1,"values":[-0.053920819456915285],"datetime_complete":"2026-07-14T11:39:07.361018"}
{"op_code":8,"worker_id":"52d6483e-9f13-41dc-851f-2c9644709720-29612","trial_id":73,"user_attr":{"deflated_objective":-0.08206370150263853}}
{"op_code":4,"worker_id":"b4f46c25-f302-45e2-9297-e1f4154419ee-16052","study_id":0,"datetime_start":"2026-07-14T11:39:07.363357"}
{"op_code":9,"worker_id":"52d6483e-9f13-41dc-851f-2c9644709720-29612","trial_id":73,"system_attr":{"constraints":[-0.07486268331635601,-0.1456560702940106,0.26666666666666666,0.1429292929292929,-0.14654662559486617,-36.0,-8.0,-0.1044910642816449,-0.16666666666666663,-1375.5586203497671,-0.09444444444444439,-0.05864875864875857]}}
{"op_code":6,"worker_id":"52d6483e-9f13-41dc-851f-2c9644709720-29612","trial_id":73,"state":1,"values":[0.14462156162332326],"datetime_complete":"2026-07-14T11:39:07.366386"}
{"op_code":5,"worker_id":"b4f46c25-f302-45e2-9297-e1f4154419ee-16052","trial_id":81,"param_name":"k_weight","param_value_internal":0.6088506537141807,"distribution":"{\"name\": \"FloatDistribution\", \"attributes\": {\"step\": null, \"low\": 0.0, \"high\": 1.5, \"log\": false}}"}
{"op_code":8,"worker_id":"e789e537-bd43-4bca-bdcb-acaab11c7c34-7108","trial_id":75,"user_attr":{"reg_kappa":3.3407477294411763}}
{"op_code":8,"worker_id":"1809afb5-6ef2-4fea-8aba-31a15e98131f-23408","trial_id":80,"user_attr":{"constraints":[-0.08266486344778097,-0.09062718575502411,0.26666666666666666,0.07424242424242425,-0.032939922050826555,-34.0,-7.0,-0.13718762271129015,-0.16666666666666663,-1378.4779889421611,-0.05416666666666664,-0.00533170533170535]}}
{"op_code":4,"worker_id":"52d6483e-9f13-41dc-851f-2c9644709720-29612","study_id":0,"datetime_start":"2026-07-14T11:39:07.368814"}
{"op_code":8,"worker_id":"1809afb5-6ef2-4fea-8aba-31a15e98131f-23408","trial_id":80,"user_attr":{"pruned_reasons":["M3 (Hit Rate < 60%)","M5 (Monotonicity <= 0.25)"]}}
{"op_code":5,"worker_id":"52d6483e-9f13-41dc-851f-2c9644709720-29612","trial_id":82,"param_name":"k_weight","param_value_internal":0.6146354591578899,"distribution":"{\"name\": \"FloatDistribution\", \"attributes\": {\"step\": null, \"low\": 0.0, \"high\": 1.5, \"log\": false}}"}
{"op_code":8,"worker_id":"1c0e6037-410c-44e1-9300-e56138ce4dbf-30084","trial_id":78,"user_attr":{"constraints":[-0.0867868886030898,-0.058120488685480615,0.26666666666666666,0.07424242424242425,0.028344619884794864,-29.0,-7.0,0.08928382384397172,0.5,-1385.6275745271141,-0.031699346405228646,-0.052950752950752966]}}
{"op_code":5,"worker_id":"52d6483e-9f13-41dc-851f-2c9644709720-29612","trial_id":82,"param_name":"unified_alpha","param_value_internal":0.012270660985958139,"distribution":"{\"name\": \"FloatDistribution\", \"attributes\": {\"step\": null, \"low\": 1e-05, \"high\": 10.0, \"log\": true}}"}
{"op_code":8,"worker_id":"1c0e6037-410c-44e1-9300-e56138ce4dbf-30084","trial_id":78,"user_attr":{"pruned_reasons":["M3 (Hit Rate < 60%)","M5 (Monotonicity <= 0.25)","M6 (Top-Bottom Spread <= 0)","Side-specific Yearly Tail IC Mean (-0.0893 <= 0)","Side-specific Hit Rate (0.00% < 50%)"]}}
{"op_code":5,"worker_id":"52d6483e-9f13-41dc-851f-2c9644709720-29612","trial_id":82,"param_name":"unified_rho","param_value_internal":0.33563756296718666,"distribution":"{\"name\": \"FloatDistribution\", \"attributes\": {\"step\": null, \"low\": 0.0, \"high\": 1.0, \"log\": false}}"}
{"op_code":8,"worker_id":"1c0e6037-410c-44e1-9300-e56138ce4dbf-30084","trial_id":78,"user_attr":{"gini":0.4299836186631021}}
{"op_code":5,"worker_id":"52d6483e-9f13-41dc-851f-2c9644709720-29612","trial_id":82,"param_name":"unified_gamma","param_value_internal":6.125927756317493,"distribution":"{\"name\": \"FloatDistribution\", \"attributes\": {\"step\": null, \"low\": 1.5, \"high\": 10000.0, \"log\": true}}"}
{"op_code":8,"worker_id":"1c0e6037-410c-44e1-9300-e56138ce4dbf-30084","trial_id":78,"user_attr":{"cv_is_ics":[0.23596175014972687,0.19742979109287262,0.1739426702260971,0.17214514315128326,0.2101866900920868,0.2486567348241806,0.23301902413368225,0.22670459747314453,0.2761896848678589,0.22994616627693176,0.20367832481861115,0.25820690393447876,0.2043609619140625,0.20288412272930145,0.1690504401922226]}}
{"op_code":8,"worker_id":"1c0e6037-410c-44e1-9300-e56138ce4dbf-30084","trial_id":78,"user_attr":{"cv_oos_ics":[-0.017008570954203606,0.1556330919265747,0.08511105924844742,0.027653265744447708,-0.023129373788833618,0.054098308086395264,0.045304249972105026,0.029106633737683296,-0.014432048425078392,0.05381287261843681,0.004550307523459196,-0.03409408777952194,0.02094973251223564,0.07286146283149719,0.12760435044765472]}}
{"op_code":8,"worker_id":"1c0e6037-410c-44e1-9300-e56138ce4dbf-30084","trial_id":78,"user_attr":{"reg_kappa":3.4273914457863226}}
{"op_code":5,"worker_id":"52d6483e-9f13-41dc-851f-2c9644709720-29612","trial_id":82,"param_name":"huber_delta","param_value_internal":3.497655782886339,"distribution":"{\"name\": \"FloatDistribution\", \"attributes\": {\"step\": null, \"low\": 0.5, \"high\": 5.0, \"log\": false}}"}
{"op_code":8,"worker_id":"1c0e6037-410c-44e1-9300-e56138ce4dbf-30084","trial_id":78,"user_attr":{"raw_metrics":[0.14754560895206553,0.058120488685480615,0.3333333333333333,0.0867868886030898,0.17575757575757575,-0.028344619884794864,-0.2891765624284695,-0.28454917669296265,0.48169934640522866]}}
{"op_code":8,"worker_id":"1c0e6037-410c-44e1-9300-e56138ce4dbf-30084","trial_id":78,"user_attr":{"val_metrics":[0.07970125776324388,-0.16462591526517692,0.4666666666666667,0.3865389135949638,-6.5328244871891865]}}
{"op_code":8,"worker_id":"1c0e6037-410c-44e1-9300-e56138ce4dbf-30084","trial_id":78,"user_attr":{"deflated_objective":-0.2696450812179575}}
{"op_code":9,"worker_id":"1c0e6037-410c-44e1-9300-e56138ce4dbf-30084","trial_id":78,"system_attr":{"constraints":[-0.0867868886030898,-0.058120488685480615,0.26666666666666666,0.07424242424242425,0.028344619884794864,-29.0,-7.0,0.08928382384397172,0.5,-1385.6275745271141,-0.031699346405228646,-0.052950752950752966]}}
{"op_code":6,"worker_id":"1c0e6037-410c-44e1-9300-e56138ce4dbf-30084","trial_id":78,"state":1,"values":[-0.04859343073972407],"datetime_complete":"2026-07-14T11:39:07.403458"}
{"op_code":4,"worker_id":"1c0e6037-410c-44e1-9300-e56138ce4dbf-30084","study_id":0,"datetime_start":"2026-07-14T11:39:07.405422"}
{"op_code":5,"worker_id":"1c0e6037-410c-44e1-9300-e56138ce4dbf-30084","trial_id":83,"param_name":"k_weight","param_value_internal":0.6749600691567408,"distribution":"{\"name\": \"FloatDistribution\", \"attributes\": {\"step\": null, \"low\": 0.0, \"high\": 1.5, \"log\": false}}"}
{"op_code":8,"worker_id":"1809afb5-6ef2-4fea-8aba-31a15e98131f-23408","trial_id":80,"user_attr":{"gini":0.3974048086117974}}
{"op_code":5,"worker_id":"1c0e6037-410c-44e1-9300-e56138ce4dbf-30084","trial_id":83,"param_name":"unified_alpha","param_value_internal":2.492271378971969e-05,"distribution":"{\"name\": \"FloatDistribution\", \"attributes\": {\"step\": null, \"low\": 1e-05, \"high\": 10.0, \"log\": true}}"}
{"op_code":8,"worker_id":"1809afb5-6ef2-4fea-8aba-31a15e98131f-23408","trial_id":80,"user_attr":{"cv_is_ics":[0.23623405396938324,0.2042829394340515,0.17411310970783234,0.16945521533489227,0.2121206820011139,0.25098851323127747,0.23012802004814148,0.2287561148405075,0.27457037568092346,0.23229047656059265,0.20613814890384674,0.2583807408809662,0.2037324458360672,0.20228345692157745,0.17127658426761627]}}
{"op_code":8,"worker_id":"1809afb5-6ef2-4fea-8aba-31a15e98131f-23408","trial_id":80,"user_attr":{"cv_oos_ics":[-0.01957542635500431,0.1468101292848587,0.07896880805492401,0.024571197107434273,-0.04454230144619942,0.04034455493092537,0.03393709659576416,0.005364243872463703,-0.03040374256670475,0.03623877465724945,0.002743776887655258,-0.048634741455316544,0.02060517854988575,0.0588185116648674,0.11770907789468765]}}
{"op_code":8,"worker_id":"1809afb5-6ef2-4fea-8aba-31a15e98131f-23408","trial_id":80,"user_attr":{"reg_kappa":3.454746500954133}}
{"op_code":5,"worker_id":"1c0e6037-410c-44e1-9300-e56138ce4dbf-30084","trial_id":83,"param_name":"unified_rho","param_value_internal":0.37146252268475033,"distribution":"{\"name\": \"FloatDistribution\", \"attributes\": {\"step\": null, \"low\": 0.0, \"high\": 1.0, \"log\": false}}"}
{"op_code":8,"worker_id":"1809afb5-6ef2-4fea-8aba-31a15e98131f-23408","trial_id":80,"user_attr":{"raw_metrics":[0.2020047260490534,0.09062718575502411,0.3333333333333333,0.08266486344778097,0.17575757575757575,0.032939922050826555,-0.2576166872739619,-0.2830132246017456,0.5041666666666667]}}
{"op_code":5,"worker_id":"1c0e6037-410c-44e1-9300-e56138ce4dbf-30084","trial_id":83,"param_name":"unified_gamma","param_value_internal":6.724122483926672,"distribution":"{\"name\": \"FloatDistribution\", \"attributes\": {\"step\": null, \"low\": 1.5, \"high\": 10000.0, \"log\": true}}"}
{"op_code":4,"worker_id":"a47da868-db5a-467e-93c6-685516ccc9a2-24364","study_id":0,"datetime_start":"2026-07-14T11:39:05.393869"}
{"op_code":8,"worker_id":"1809afb5-6ef2-4fea-8aba-31a15e98131f-23408","trial_id":80,"user_attr":{"val_metrics":[0.07939993396344763,-0.2841231710368868,0.3696969696969697,0.29109468655255827,-6.201018098983875]}}
{"op_code":8,"worker_id":"52d6483e-9f13-41dc-851f-2c9644709720-29612","trial_id":82,"user_attr":{"constraints":[-0.08459739282823531,-0.024003798811594257,0.26666666666666666,0.13484848484848483,0.008848968464110133,-35.0,-6.0,0.012284922284922289,0.16666666666666669,-1378.9066755161064,-0.06111111111111106,-0.00533170533170535]}}
{"op_code":5,"worker_id":"1c0e6037-410c-44e1-9300-e56138ce4dbf-30084","trial_id":83,"param_name":"huber_delta","param_value_internal":3.002328813530336,"distribution":"{\"name\": \"FloatDistribution\", \"attributes\": {\"step\": null, \"low\": 0.5, \"high\": 5.0, \"log\": false}}"}
{"op_code":8,"worker_id":"52d6483e-9f13-41dc-851f-2c9644709720-29612","trial_id":82,"user_attr":{"pruned_reasons":["M3 (Hit Rate < 60%)","M5 (Monotonicity <= 0.25)","M6 (Top-Bottom Spread <= 0)","Side-specific Yearly Tail IC Mean (-0.0123 <= 0)","Side-specific Hit Rate (33.33% < 50%)"]}}
{"op_code":8,"worker_id":"1809afb5-6ef2-4fea-8aba-31a15e98131f-23408","trial_id":80,"user_attr":{"deflated_objective":-0.1920275733244824}}
{"op_code":5,"worker_id":"5f7ebc7e-b359-428a-9ce9-e318525067b2-8896","trial_id":3,"param_name":"unified_rho","param_value_internal":0.7287346335011062,"distribution":"{\"name\": \"FloatDistribution\", \"attributes\": {\"step\": null, \"low\": 0.0, \"high\": 1.0, \"log\": false}}"}
{"op_code":8,"worker_id":"52d6483e-9f13-41dc-851f-2c9644709720-29612","trial_id":82,"user_attr":{"gini":0.41701804328900116}}
{"op_code":9,"worker_id":"1809afb5-6ef2-4fea-8aba-31a15e98131f-23408","trial_id":80,"system_attr":{"constraints":[-0.08266486344778097,-0.09062718575502411,0.26666666666666666,0.07424242424242425,-0.032939922050826555,-34.0,-7.0,-0.13718762271129015,-0.16666666666666663,-1378.4779889421611,-0.05416666666666664,-0.00533170533170535]}}
{"op_code":6,"worker_id":"1809afb5-6ef2-4fea-8aba-31a15e98131f-23408","trial_id":80,"state":1,"values":[0.026603120149247705],"datetime_complete":"2026-07-14T11:39:07.438218"}
{"op_code":4,"worker_id":"1809afb5-6ef2-4fea-8aba-31a15e98131f-23408","study_id":0,"datetime_start":"2026-07-14T11:39:07.440496"}
{"op_code":8,"worker_id":"52d6483e-9f13-41dc-851f-2c9644709720-29612","trial_id":82,"user_attr":{"cv_is_ics":[0.22991114854812622,0.19622381031513214,0.17363771796226501,0.16658419370651245,0.20641040802001953,0.250211238861084,0.22926689684391022,0.22682251036167145,0.27266764640808105,0.23314319550991058,0.20419713854789734,0.2526486814022064,0.2033742070198059,0.2020729035139084,0.16936102509498596]}}
{"op_code":5,"worker_id":"1694f0d9-1e59-49cb-a77a-bda9aac45d8d-20880","trial_id":79,"param_name":"unified_alpha","param_value_internal":3.2245698784788545e-05,"distribution":"{\"name\": \"FloatDistribution\", \"attributes\": {\"step\": null, \"low\": 1e-05, \"high\": 10.0, \"log\": true}}"}
{"op_code":5,"worker_id":"5f7ebc7e-b359-428a-9ce9-e318525067b2-8896","trial_id":3,"param_name":"unified_gamma","param_value_internal":33.11860795398065,"distribution":"{\"name\": \"FloatDistribution\", \"attributes\": {\"step\": null, \"low\": 1.5, \"high\": 10000.0, \"log\": true}}"}
{"op_code":5,"worker_id":"a47da868-db5a-467e-93c6-685516ccc9a2-24364","trial_id":84,"param_name":"k_weight","param_value_internal":0.6097940663344623,"distribution":"{\"name\": \"FloatDistribution\", \"attributes\": {\"step\": null, \"low\": 0.0, \"high\": 1.5, \"log\": false}}"}
{"op_code":5,"worker_id":"1809afb5-6ef2-4fea-8aba-31a15e98131f-23408","trial_id":85,"param_name":"k_weight","param_value_internal":0.5997072808741906,"distribution":"{\"name\": \"FloatDistribution\", \"attributes\": {\"step\": null, \"low\": 0.0, \"high\": 1.5, \"log\": false}}"}
{"op_code":5,"worker_id":"a47da868-db5a-467e-93c6-685516ccc9a2-24364","trial_id":84,"param_name":"unified_alpha","param_value_internal":2.966270377593634e-05,"distribution":"{\"name\": \"FloatDistribution\", \"attributes\": {\"step\": null, \"low\": 1e-05, \"high\": 10.0, \"log\": true}}"}
{"op_code":5,"worker_id":"1809afb5-6ef2-4fea-8aba-31a15e98131f-23408","trial_id":85,"param_name":"unified_alpha","param_value_internal":0.00043717860063282406,"distribution":"{\"name\": \"FloatDistribution\", \"attributes\": {\"step\": null, \"low\": 1e-05, \"high\": 10.0, \"log\": true}}"}
{"op_code":5,"worker_id":"a47da868-db5a-467e-93c6-685516ccc9a2-24364","trial_id":84,"param_name":"unified_rho","param_value_internal":0.3475785509542138,"distribution":"{\"name\": \"FloatDistribution\", \"attributes\": {\"step\": null, \"low\": 0.0, \"high\": 1.0, \"log\": false}}"}
{"op_code":5,"worker_id":"1809afb5-6ef2-4fea-8aba-31a15e98131f-23408","trial_id":85,"param_name":"unified_rho","param_value_internal":0.35938145436372526,"distribution":"{\"name\": \"FloatDistribution\", \"attributes\": {\"step\": null, \"low\": 0.0, \"high\": 1.0, \"log\": false}}"}
{"op_code":5,"worker_id":"a47da868-db5a-467e-93c6-685516ccc9a2-24364","trial_id":84,"param_name":"unified_gamma","param_value_internal":6.866778656961725,"distribution":"{\"name\": \"FloatDistribution\", \"attributes\": {\"step\": null, \"low\": 1.5, \"high\": 10000.0, \"log\": true}}"}
{"op_code":5,"worker_id":"1694f0d9-1e59-49cb-a77a-bda9aac45d8d-20880","trial_id":79,"param_name":"unified_rho","param_value_internal":0.5262396389063637,"distribution":"{\"name\": \"FloatDistribution\", \"attributes\": {\"step\": null, \"low\": 0.0, \"high\": 1.0, \"log\": false}}"}
{"op_code":5,"worker_id":"a47da868-db5a-467e-93c6-685516ccc9a2-24364","trial_id":84,"param_name":"huber_delta","param_value_internal":2.993137721196261,"distribution":"{\"name\": \"FloatDistribution\", \"attributes\": {\"step\": null, \"low\": 0.5, \"high\": 5.0, \"log\": false}}"}
{"op_code":5,"worker_id":"1694f0d9-1e59-49cb-a77a-bda9aac45d8d-20880","trial_id":79,"param_name":"unified_gamma","param_value_internal":5174.690370956738,"distribution":"{\"name\": \"FloatDistribution\", \"attributes\": {\"step\": null, \"low\": 1.5, \"high\": 10000.0, \"log\": true}}"}
{"op_code":5,"worker_id":"1809afb5-6ef2-4fea-8aba-31a15e98131f-23408","trial_id":85,"param_name":"unified_gamma","param_value_internal":335.33172908417947,"distribution":"{\"name\": \"FloatDistribution\", \"attributes\": {\"step\": null, \"low\": 1.5, \"high\": 10000.0, \"log\": true}}"}
{"op_code":5,"worker_id":"1694f0d9-1e59-49cb-a77a-bda9aac45d8d-20880","trial_id":79,"param_name":"huber_delta","param_value_internal":1.9414705900292077,"distribution":"{\"name\": \"FloatDistribution\", \"attributes\": {\"step\": null, \"low\": 0.5, \"high\": 5.0, \"log\": false}}"}
{"op_code":5,"worker_id":"1809afb5-6ef2-4fea-8aba-31a15e98131f-23408","trial_id":85,"param_name":"huber_delta","param_value_internal":3.4802314299648476,"distribution":"{\"name\": \"FloatDistribution\", \"attributes\": {\"step\": null, \"low\": 0.5, \"high\": 5.0, \"log\": false}}"}
{"op_code":8,"worker_id":"b4895bc6-1ba8-404c-8886-fdcd713c039b-19176","trial_id":45,"user_attr":{"val_metrics":[0.07748650558039871,-0.2790916907413099,0.3939393939393939,0.29109468655255827,-6.158577582330572]}}
{"op_code":8,"worker_id":"1c0e6037-410c-44e1-9300-e56138ce4dbf-30084","trial_id":83,"user_attr":{"constraints":[-0.07928934150768073,-0.0443291952499891,0.26666666666666666,0.14696969696969697,-0.049718809507316476,-31.0,-8.0,-0.007324553428686536,-0.16666666666666663,-1380.910840239204,-0.06111111111111106,-0.00533170533170535]}}
{"op_code":8,"worker_id":"1c0e6037-410c-44e1-9300-e56138ce4dbf-30084","trial_id":83,"user_attr":{"pruned_reasons":["M3 (Hit Rate < 60%)","M5 (Monotonicity <= 0.25)"]}}
{"op_code":8,"worker_id":"1c0e6037-410c-44e1-9300-e56138ce4dbf-30084","trial_id":83,"user_attr":{"gini":0.39195205578493364}}
{"op_code":8,"worker_id":"1c0e6037-410c-44e1-9300-e56138ce4dbf-30084","trial_id":83,"user_attr":{"cv_is_ics":[0.23506106436252594,0.2029155194759369,0.1725170910358429,0.16941891610622406,0.21260713040828705,0.2521692216396332,0.2287793606519699,0.2275945395231247,0.2753315567970276,0.23034535348415375,0.2055947482585907,0.25660884380340576,0.2028789222240448,0.2010205239057541,0.17004382610321045]}}
{"op_code":8,"worker_id":"1c0e6037-410c-44e1-9300-e56138ce4dbf-30084","trial_id":83,"user_attr":{"cv_oos_ics":[-0.023471543565392494,0.14702509343624115,0.07895300537347794,0.024741897359490395,-0.046956486999988556,0.040044255554676056,0.03352299705147743,0.008544226177036762,-0.03198369964957237,0.03489530831575394,0.0035008443519473076,-0.048623885959386826,0.02255079336464405,0.05660593882203102,0.11376771330833435]}}
{"op_code":8,"worker_id":"1c0e6037-410c-44e1-9300-e56138ce4dbf-30084","trial_id":83,"user_attr":{"reg_kappa":3.460821900688583}}
{"op_code":8,"worker_id":"1c0e6037-410c-44e1-9300-e56138ce4dbf-30084","trial_id":83,"user_attr":{"raw_metrics":[0.11444320140356032,0.0443291952499891,0.3333333333333333,0.07928934150768073,0.10303030303030303,0.049718809507316476,-0.2906295897619494,-0.29305827617645264,0.5111111111111111]}}
{"op_code":8,"worker_id":"1c0e6037-410c-44e1-9300-e56138ce4dbf-30084","trial_id":83,"user_attr":{"val_metrics":[0.08262592347736679,-0.26056941099338204,0.41818181818181815,0.2676309164532501,-6.131630244918447]}}
{"op_code":8,"worker_id":"b4895bc6-1ba8-404c-8886-fdcd713c039b-19176","trial_id":45,"user_attr":{"deflated_objective":-0.16838365257792698}}
{"op_code":9,"worker_id":"b4895bc6-1ba8-404c-8886-fdcd713c039b-19176","trial_id":45,"system_attr":{"constraints":[-0.08494412877723288,-0.10003551388318059,0.26666666666666666,0.062121212121212105,-0.05016652341526253,-35.0,-8.0,-0.18112738902094958,-0.16666666666666663,-1376.313981354154,-0.05416666666666664,0.007488807488807536]}}
{"op_code":6,"worker_id":"b4895bc6-1ba8-404c-8886-fdcd713c039b-19176","trial_id":45,"state":1,"values":[0.04782481851261479],"datetime_complete":"2026-07-14T11:39:07.486267"}
{"op_code":8,"worker_id":"1c0e6037-410c-44e1-9300-e56138ce4dbf-30084","trial_id":83,"user_attr":{"deflated_objective":-0.14738177633199084}}
{"op_code":9,"worker_id":"1c0e6037-410c-44e1-9300-e56138ce4dbf-30084","trial_id":83,"system_attr":{"constraints":[-0.07928934150768073,-0.0443291952499891,0.26666666666666666,0.14696969696969697,-0.049718809507316476,-31.0,-8.0,-0.007324553428686536,-0.16666666666666663,-1380.910840239204,-0.06111111111111106,-0.00533170533170535]}}
{"op_code":6,"worker_id":"1c0e6037-410c-44e1-9300-e56138ce4dbf-30084","trial_id":83,"state":1,"values":[0.0689508495884628],"datetime_complete":"2026-07-14T11:39:07.490939"}
{"op_code":8,"worker_id":"1694f0d9-1e59-49cb-a77a-bda9aac45d8d-20880","trial_id":79,"user_attr":{"constraints":[-0.073064970861152,-0.11011480027213981,0.26666666666666666,0.20757575757575758,0.04824229097971792,-33.0,-8.0,-0.06197131197131197,-0.16666666666666663,-1379.1982298037697,-0.06111111111111106,-0.062210012210012156]}}
{"op_code":8,"worker_id":"1694f0d9-1e59-49cb-a77a-bda9aac45d8d-20880","trial_id":79,"user_attr":{"pruned_reasons":["M3 (Hit Rate < 60%)","M5 (Monotonicity <= 0.25)","M6 (Top-Bottom Spread <= 0)"]}}
{"op_code":4,"worker_id":"81952d72-2483-4c5e-870b-f681691e8378-30084","study_id":0,"datetime_start":"2026-07-14T11:39:07.500626"}
{"op_code":8,"worker_id":"e789e537-bd43-4bca-bdcb-acaab11c7c34-7108","trial_id":75,"user_attr":{"raw_metrics":[0.22192434021877439,0.10130756364441329,0.3333333333333333,0.08726412577595076,0.1717171717171717,0.10225723212572675,-0.2630441370369404,-0.25766459107398987,0.5444444444444444]}}
{"op_code":8,"worker_id":"f0b7653d-ef27-48cf-b593-41be8858cfbb-24340","trial_id":71,"user_attr":{"gini":0.42655003936411506}}
{"op_code":8,"worker_id":"1694f0d9-1e59-49cb-a77a-bda9aac45d8d-20880","trial_id":79,"user_attr":{"gini":0.3892148305667671}}
{"op_code":8,"worker_id":"e789e537-bd43-4bca-bdcb-acaab11c7c34-7108","trial_id":75,"user_attr":{"val_metrics":[0.07432861435505979,-0.20481261086633698,0.6484848484848484,0.06800834109763736,-7.015766719237032]}}
{"op_code":5,"worker_id":"81952d72-2483-4c5e-870b-f681691e8378-30084","trial_id":86,"param_name":"k_weight","param_value_internal":0.6130421254107263,"distribution":"{\"name\": \"FloatDistribution\", \"attributes\": {\"step\": null, \"low\": 0.0, \"high\": 1.5, \"log\": false}}"}
{"op_code":5,"worker_id":"5f7ebc7e-b359-428a-9ce9-e318525067b2-8896","trial_id":3,"param_name":"huber_delta","param_value_internal":3.6842231221658643,"distribution":"{\"name\": \"FloatDistribution\", \"attributes\": {\"step\": null, \"low\": 0.5, \"high\": 5.0, \"log\": false}}"}
{"op_code":8,"worker_id":"e789e537-bd43-4bca-bdcb-acaab11c7c34-7108","trial_id":75,"user_attr":{"deflated_objective":-0.45199304478902824}}
{"op_code":9,"worker_id":"e789e537-bd43-4bca-bdcb-acaab11c7c34-7108","trial_id":75,"system_attr":{"constraints":[-0.08726412577595076,-0.10130756364441329,0.26666666666666666,0.07828282828282829,-0.10225723212572675,-36.0,-8.0,-0.09214804561306611,-0.16666666666666663,-1375.218364819387,-0.09444444444444439,-0.062210012210012156]}}
{"op_code":5,"worker_id":"81952d72-2483-4c5e-870b-f681691e8378-30084","trial_id":86,"param_name":"unified_alpha","param_value_internal":0.0004405769846513206,"distribution":"{\"name\": \"FloatDistribution\", \"attributes\": {\"step\": null, \"low\": 1e-05, \"high\": 10.0, \"log\": true}}"}
{"op_code":8,"worker_id":"a47da868-db5a-467e-93c6-685516ccc9a2-24364","trial_id":84,"user_attr":{"constraints":[-0.08164990010921454,-0.08970646930596866,0.26666666666666666,0.0904040404040404,0.015837555363173734,-33.0,-8.0,-0.1330843571358471,-0.16666666666666663,-1378.694929709342,-0.04436274509803917,-0.00533170533170535]}}
{"op_code":5,"worker_id":"81952d72-2483-4c5e-870b-f681691e8378-30084","trial_id":86,"param_name":"unified_rho","param_value_internal":0.622057103859603,"distribution":"{\"name\": \"FloatDistribution\", \"attributes\": {\"step\": null, \"low\": 0.0, \"high\": 1.0, \"log\": false}}"}
{"op_code":6,"worker_id":"e789e537-bd43-4bca-bdcb-acaab11c7c34-7108","trial_id":75,"state":1,"values":[-0.24020044793916578],"datetime_complete":"2026-07-14T11:39:07.518015"}
{"op_code":8,"worker_id":"1809afb5-6ef2-4fea-8aba-31a15e98131f-23408","trial_id":85,"user_attr":{"constraints":[-0.08551985744456159,-0.05338826697668105,0.26666666666666666,0.09444444444444444,-0.014674930952018661,-33.0,-8.0,-0.05008052008052008,-0.16666666666666663,-1378.3713634571436,-0.06111111111111106,-0.00533170533170535]}}
{"op_code":4,"worker_id":"e789e537-bd43-4bca-bdcb-acaab11c7c34-7108","study_id":0,"datetime_start":"2026-07-14T11:39:07.524698"}
{"op_code":8,"worker_id":"1809afb5-6ef2-4fea-8aba-31a15e98131f-23408","trial_id":85,"user_attr":{"pruned_reasons":["M3 (Hit Rate < 60%)","M5 (Monotonicity <= 0.25)"]}}
{"op_code":8,"worker_id":"1809afb5-6ef2-4fea-8aba-31a15e98131f-23408","trial_id":85,"user_attr":{"gini":0.4080178673904524}}
{"op_code":8,"worker_id":"a47da868-db5a-467e-93c6-685516ccc9a2-24364","trial_id":84,"user_attr":{"pruned_reasons":["M3 (Hit Rate < 60%)","M5 (Monotonicity <= 0.25)","M6 (Top-Bottom Spread <= 0)"]}}
{"op_code":8,"worker_id":"a47da868-db5a-467e-93c6-685516ccc9a2-24364","trial_id":84,"user_attr":{"gini":0.3965524817176267}}
{"op_code":8,"worker_id":"a47da868-db5a-467e-93c6-685516ccc9a2-24364","trial_id":84,"user_attr":{"cv_is_ics":[0.23672033846378326,0.2036789208650589,0.17416074872016907,0.16991204023361206,0.21256159245967865,0.2519184648990631,0.22968602180480957,0.22835570573806763,0.27466848492622375,0.23143965005874634,0.20600886642932892,0.25866538286209106,0.20382000505924225,0.20247553288936615,0.17130112648010254]}}
{"op_code":8,"worker_id":"1809afb5-6ef2-4fea-8aba-31a15e98131f-23408","trial_id":85,"user_attr":{"cv_is_ics":[0.2308867871761322,0.1965557485818863,0.17506329715251923,0.1661878079175949,0.2074621468782425,0.2501160502433777,0.22899611294269562,0.22660574316978455,0.2725350856781006,0.2336336225271225,0.20438702404499054,0.2536163330078125,0.20319148898124695,0.20269709825515747,0.1714509278535843]}}
{"op_code":8,"worker_id":"1d1def43-862d-42fe-b5d1-6372d04c6b12-6576","trial_id":48,"user_attr":{"cv_oos_ics":[-0.011462332680821419,0.15792182087898254,0.07937344908714294,0.023235633969306946,-0.028557805344462395,0.04652757942676544,0.049467362463474274,-0.012040309607982635,-0.028490426018834114,0.032418593764305115,-0.0063584186136722565,-0.034263093024492264,0.012879620306193829,0.06316768378019333,0.11757883429527283]}}
{"op_code":8,"worker_id":"5f7ebc7e-b359-428a-9ce9-e318525067b2-8896","trial_id":3,"user_attr":{"constraints":[0.031249805434534778,0.07010577296279018,0.6,0.4843434343434344,0.1959942100779001,-55.0,5.0,-0.059734242344994935,0.16666666666666669,-1372.236905317021,0.06830065359477128,0.0551078551078551]}}
{"op_code":8,"worker_id":"a47da868-db5a-467e-93c6-685516ccc9a2-24364","trial_id":84,"user_attr":{"cv_oos_ics":[-0.020637571811676025,0.1477901041507721,0.07762371003627777,0.024618614464998245,-0.04445081949234009,0.039336178451776505,0.0342816486954689,0.005967997945845127,-0.03032621741294861,0.03631938248872757,0.002144761150702834,-0.04786258935928345,0.02048822119832039,0.059196837246418,0.11756332963705063]}}
{"op_code":8,"worker_id":"1809afb5-6ef2-4fea-8aba-31a15e98131f-23408","trial_id":85,"user_attr":{"cv_oos_ics":[-0.02425076812505722,0.13624849915504456,0.07973698526620865,0.014986755326390266,-0.043796490877866745,0.033292241394519806,0.034366998821496964,0.008455717004835606,-0.03863224387168884,0.034231480211019516,0.0013197313528507948,-0.04405609518289566,0.018950380384922028,0.053991783410310745,0.11677567660808563]}}
{"op_code":8,"worker_id":"a47da868-db5a-467e-93c6-685516ccc9a2-24364","trial_id":84,"user_attr":{"reg_kappa":3.4552434779139127}}
{"op_code":8,"worker_id":"a47da868-db5a-467e-93c6-685516ccc9a2-24364","trial_id":84,"user_attr":{"raw_metrics":[0.19964584837045285,0.08970646930596866,0.3333333333333333,0.08164990010921454,0.1595959595959596,-0.015837555363173734,-0.2801111938544189,-0.2842050790786743,0.4943627450980392]}}
{"op_code":5,"worker_id":"e789e537-bd43-4bca-bdcb-acaab11c7c34-7108","trial_id":87,"param_name":"k_weight","param_value_internal":0.41044055840990135,"distribution":"{\"name\": \"FloatDistribution\", \"attributes\": {\"step\": null, \"low\": 0.0, \"high\": 1.5, \"log\": false}}"}
{"op_code":8,"worker_id":"a47da868-db5a-467e-93c6-685516ccc9a2-24364","trial_id":84,"user_attr":{"val_metrics":[0.07934207267249709,-0.28475715709655874,0.3696969696969697,0.29109468655255827,-6.202694888193297]}}
{"op_code":5,"worker_id":"e789e537-bd43-4bca-bdcb-acaab11c7c34-7108","trial_id":87,"param_name":"unified_alpha","param_value_internal":0.03004989749213703,"distribution":"{\"name\": \"FloatDistribution\", \"attributes\": {\"step\": null, \"low\": 1e-05, \"high\": 10.0, \"log\": true}}"}
{"op_code":5,"worker_id":"e789e537-bd43-4bca-bdcb-acaab11c7c34-7108","trial_id":87,"param_name":"unified_rho","param_value_internal":0.1740525834380763,"distribution":"{\"name\": \"FloatDistribution\", \"attributes\": {\"step\": null, \"low\": 0.0, \"high\": 1.0, \"log\": false}}"}
{"op_code":8,"worker_id":"1809afb5-6ef2-4fea-8aba-31a15e98131f-23408","trial_id":85,"user_attr":{"reg_kappa":3.452653113901255}}
{"op_code":5,"worker_id":"e789e537-bd43-4bca-bdcb-acaab11c7c34-7108","trial_id":87,"param_name":"unified_gamma","param_value_internal":3997.6662958228303,"distribution":"{\"name\": \"FloatDistribution\", \"attributes\": {\"step\": null, \"low\": 1.5, \"high\": 10000.0, \"log\": true}}"}
{"op_code":8,"worker_id":"a47da868-db5a-467e-93c6-685516ccc9a2-24364","trial_id":84,"user_attr":{"deflated_objective":-0.18377484073003075}}
{"op_code":9,"worker_id":"a47da868-db5a-467e-93c6-685516ccc9a2-24364","trial_id":84,"system_attr":{"constraints":[-0.08164990010921454,-0.08970646930596866,0.26666666666666666,0.0904040404040404,0.015837555363173734,-33.0,-8.0,-0.1330843571358471,-0.16666666666666663,-1378.694929709342,-0.04436274509803917,-0.00533170533170535]}}
{"op_code":8,"worker_id":"1809afb5-6ef2-4fea-8aba-31a15e98131f-23408","trial_id":85,"user_attr":{"raw_metrics":[0.13429498654204317,0.05338826697668105,0.3333333333333333,0.08551985744456159,0.15555555555555556,0.014674930952018661,-0.27857205858178447,-0.27956193685531616,0.5111111111111111]}}
{"op_code":5,"worker_id":"e789e537-bd43-4bca-bdcb-acaab11c7c34-7108","trial_id":87,"param_name":"huber_delta","param_value_internal":1.6850538882117996,"distribution":"{\"name\": \"FloatDistribution\", \"attributes\": {\"step\": null, \"low\": 0.5, \"high\": 5.0, \"log\": false}}"}
{"op_code":6,"worker_id":"a47da868-db5a-467e-93c6-685516ccc9a2-24364","trial_id":84,"state":1,"values":[0.025673023912608048],"datetime_complete":"2026-07-14T11:39:07.558822"}
{"op_code":8,"worker_id":"1809afb5-6ef2-4fea-8aba-31a15e98131f-23408","trial_id":85,"user_attr":{"val_metrics":[0.08238869218446959,-0.14331660426398315,0.40606060606060607,0.20069343525160482,-6.697664657567735]}}
{"op_code":4,"worker_id":"2ed9a5dc-f312-4235-b7c0-1394cdf4d107-19176","study_id":0,"datetime_start":"2026-07-14T11:39:07.566358"}
{"op_code":5,"worker_id":"2ed9a5dc-f312-4235-b7c0-1394cdf4d107-19176","trial_id":88,"param_name":"k_weight","param_value_internal":0.38632624582808783,"distribution":"{\"name\": \"FloatDistribution\", \"attributes\": {\"step\": null, \"low\": 0.0, \"high\": 1.5, \"log\": false}}"}
{"op_code":8,"worker_id":"1809afb5-6ef2-4fea-8aba-31a15e98131f-23408","trial_id":85,"user_attr":{"deflated_objective":-0.3187407709670791}}
{"op_code":9,"worker_id":"1809afb5-6ef2-4fea-8aba-31a15e98131f-23408","trial_id":85,"system_attr":{"constraints":[-0.08551985744456159,-0.05338826697668105,0.26666666666666666,0.09444444444444444,-0.014674930952018661,-33.0,-8.0,-0.05008052008052008,-0.16666666666666663,-1378.3713634571436,-0.06111111111111106,-0.00533170533170535]}}
{"op_code":8,"worker_id":"5f7ebc7e-b359-428a-9ce9-e318525067b2-8896","trial_id":3,"user_attr":{"pruned_reasons":["M4 (Overall IC <= 0)","M2 (Yearly Tail IC Mean <= 0)","M3 (Hit Rate < 60%)","M5 (Monotonicity <= 0.25)","M6 (Top-Bottom Spread <= 0)","Active features count (0) is less than active feature floor (5)","Side-specific Hit Rate (33.33% < 50%)","Yearly Daily Win Rate (38.17% < 45%)","Side-specific Yearly Daily Win Rate (39.49% < 45%)"]}}
{"op_code":5,"worker_id":"2ed9a5dc-f312-4235-b7c0-1394cdf4d107-19176","trial_id":88,"param_name":"unified_alpha","param_value_internal":0.031226582440272856,"distribution":"{\"name\": \"FloatDistribution\", \"attributes\": {\"step\": null, \"low\": 1e-05, \"high\": 10.0, \"log\": true}}"}
{"op_code":8,"worker_id":"5f7ebc7e-b359-428a-9ce9-e318525067b2-8896","trial_id":3,"user_attr":{"gini":0.0}}
{"op_code":6,"worker_id":"1809afb5-6ef2-4fea-8aba-31a15e98131f-23408","trial_id":85,"state":1,"values":[-0.111797637102829],"datetime_complete":"2026-07-14T11:39:07.574841"}
{"op_code":5,"worker_id":"2ed9a5dc-f312-4235-b7c0-1394cdf4d107-19176","trial_id":88,"param_name":"unified_rho","param_value_internal":0.19467092356746893,"distribution":"{\"name\": \"FloatDistribution\", \"attributes\": {\"step\": null, \"low\": 0.0, \"high\": 1.0, \"log\": false}}"}
{"op_code":5,"worker_id":"2ed9a5dc-f312-4235-b7c0-1394cdf4d107-19176","trial_id":88,"param_name":"unified_gamma","param_value_internal":3602.6955338701764,"distribution":"{\"name\": \"FloatDistribution\", \"attributes\": {\"step\": null, \"low\": 1.5, \"high\": 10000.0, \"log\": true}}"}
{"op_code":5,"worker_id":"2ed9a5dc-f312-4235-b7c0-1394cdf4d107-19176","trial_id":88,"param_name":"huber_delta","param_value_internal":3.4249551306466914,"distribution":"{\"name\": \"FloatDistribution\", \"attributes\": {\"step\": null, \"low\": 0.5, \"high\": 5.0, \"log\": false}}"}
{"op_code":8,"worker_id":"5f7ebc7e-b359-428a-9ce9-e318525067b2-8896","trial_id":3,"user_attr":{"cv_is_ics":[0.0,0.0,0.0,0.0,0.0,0.0,0.0,0.0,0.0,0.0,0.0,0.0,0.0,0.0,0.0]}}
{"op_code":5,"worker_id":"81952d72-2483-4c5e-870b-f681691e8378-30084","trial_id":86,"param_name":"unified_gamma","param_value_internal":4394.696652075909,"distribution":"{\"name\": \"FloatDistribution\", \"attributes\": {\"step\": null, \"low\": 1.5, \"high\": 10000.0, \"log\": true}}"}
{"op_code":8,"worker_id":"5f7ebc7e-b359-428a-9ce9-e318525067b2-8896","trial_id":3,"user_attr":{"cv_oos_ics":[0.0,0.0,0.0,0.0,0.0,0.0,0.0,0.0,0.0,0.0,0.0,0.0,0.0,0.0,0.0]}}
{"op_code":4,"worker_id":"bef0697d-274e-44ed-b94d-66daf1f75294-23408","study_id":0,"datetime_start":"2026-07-14T11:39:07.593794"}
{"op_code":8,"worker_id":"5f7ebc7e-b359-428a-9ce9-e318525067b2-8896","trial_id":3,"user_attr":{"reg_kappa":1.4766833975785747}}
{"op_code":8,"worker_id":"5f7ebc7e-b359-428a-9ce9-e318525067b2-8896","trial_id":3,"user_attr":{"raw_metrics":[-1.2146299341818416,-0.07010577296279018,0.0,-0.031249805434534778,-0.23434343434343438,-0.1959942100779001,-0.0,-0.0,0.38169934640522873]}}
{"op_code":5,"worker_id":"bef0697d-274e-44ed-b94d-66daf1f75294-23408","trial_id":89,"param_name":"k_weight","param_value_internal":0.4108910485127625,"distribution":"{\"name\": \"FloatDistribution\", \"attributes\": {\"step\": null, \"low\": 0.0, \"high\": 1.5, \"log\": false}}"}
{"op_code":8,"worker_id":"5f7ebc7e-b359-428a-9ce9-e318525067b2-8896","trial_id":3,"user_attr":{"val_metrics":[0.0,0.0,-0.2727272727272727,-0.17645671987987083,-6.113338670961163]}}
{"op_code":5,"worker_id":"81952d72-2483-4c5e-870b-f681691e8378-30084","trial_id":86,"param_name":"huber_delta","param_value_internal":3.5008053965040578,"distribution":"{\"name\": \"FloatDistribution\", \"attributes\": {\"step\": null, \"low\": 0.5, \"high\": 5.0, \"log\": false}}"}
{"op_code":5,"worker_id":"bef0697d-274e-44ed-b94d-66daf1f75294-23408","trial_id":89,"param_name":"unified_alpha","param_value_internal":0.032499325032239484,"distribution":"{\"name\": \"FloatDistribution\", \"attributes\": {\"step\": null, \"low\": 1e-05, \"high\": 10.0, \"log\": true}}"}
{"op_code":8,"worker_id":"a0eba44c-17c2-4da6-83eb-09b89d05fe9a-27064","trial_id":13,"user_attr":{"raw_metrics":[0.33695576453763065,0.12986529234517794,0.3333333333333333,0.06908053190888988,0.11111111111111112,0.21106285537079725,-0.23773438435224853,-0.27121105790138245,0.5554738562091504]}}
{"op_code":8,"worker_id":"e789e537-bd43-4bca-bdcb-acaab11c7c34-7108","trial_id":87,"user_attr":{"constraints":[-0.0797053983499829,-0.12943628773237212,0.26666666666666666,0.15505050505050505,-0.18577368736616082,-39.0,-7.0,0.0744124344124344,0.16666666666666669,-1373.4230134749364,-0.10138888888888892,-0.062210012210012156]}}
{"op_code":8,"worker_id":"5f7ebc7e-b359-428a-9ce9-e318525067b2-8896","trial_id":3,"user_attr":{"deflated_objective":-0.10197742864162024}}
{"op_code":5,"worker_id":"bef0697d-274e-44ed-b94d-66daf1f75294-23408","trial_id":89,"param_name":"unified_rho","param_value_internal":0.14682617939706882,"distribution":"{\"name\": \"FloatDistribution\", \"attributes\": {\"step\": null, \"low\": 0.0, \"high\": 1.0, \"log\": false}}"}
{"op_code":5,"worker_id":"bef0697d-274e-44ed-b94d-66daf1f75294-23408","trial_id":89,"param_name":"unified_gamma","param_value_internal":3331.835300336152,"distribution":"{\"name\": \"FloatDistribution\", \"attributes\": {\"step\": null, \"low\": 1.5, \"high\": 10000.0, \"log\": true}}"}
{"op_code":8,"worker_id":"e789e537-bd43-4bca-bdcb-acaab11c7c34-7108","trial_id":87,"user_attr":{"pruned_reasons":["M3 (Hit Rate < 60%)","M5 (Monotonicity <= 0.25)","Side-specific Yearly Tail IC Mean (-0.0744 <= 0)","Side-specific Hit Rate (33.33% < 50%)"]}}
{"op_code":8,"worker_id":"e789e537-bd43-4bca-bdcb-acaab11c7c34-7108","trial_id":87,"user_attr":{"gini":0.463622150422746}}
{"op_code":8,"worker_id":"e789e537-bd43-4bca-bdcb-acaab11c7c34-7108","trial_id":87,"user_attr":{"cv_is_ics":[0.23649382591247559,0.2153591513633728,0.19219918549060822,0.176712766289711,0.22047796845436096,0.24030467867851257,0.23181870579719543,0.22910937666893005,0.2800692021846771,0.23558560013771057,0.20745322108268738,0.2642367482185364,0.2135249674320221,0.21904191374778748,0.17734524607658386]}}
{"op_code":8,"worker_id":"a0eba44c-17c2-4da6-83eb-09b89d05fe9a-27064","trial_id":13,"user_attr":{"val_metrics":[0.05179208661667911,-0.0962035291891091,0.12727272727272726,0.3110046101518083,-6.442155797780012]}}
{"op_code":5,"worker_id":"bef0697d-274e-44ed-b94d-66daf1f75294-23408","trial_id":89,"param_name":"huber_delta","param_value_internal":3.4942688780681457,"distribution":"{\"name\": \"FloatDistribution\", \"attributes\": {\"step\": null, \"low\": 0.5, \"high\": 5.0, \"log\": false}}"}
{"op_code":8,"worker_id":"e789e537-bd43-4bca-bdcb-acaab11c7c34-7108","trial_id":87,"user_attr":{"cv_oos_ics":[-0.018655531108379364,0.1617310792207718,0.07289294898509979,0.024838309735059738,-0.011191782541573048,0.06722301244735718,0.06076181307435036,0.010864411480724812,-0.011306241154670715,0.05707986280322075,-0.005666152108460665,-0.02803781069815159,0.020801162347197533,0.08669508993625641,0.1245979368686676]}}
{"op_code":8,"worker_id":"a0eba44c-17c2-4da6-83eb-09b89d05fe9a-27064","trial_id":13,"user_attr":{"deflated_objective":-0.22622131590766525}}
{"op_code":8,"worker_id":"e789e537-bd43-4bca-bdcb-acaab11c7c34-7108","trial_id":87,"user_attr":{"reg_kappa":3.2869245743799334}}
{"op_code":9,"worker_id":"a0eba44c-17c2-4da6-83eb-09b89d05fe9a-27064","trial_id":13,"system_attr":{"constraints":[-0.06908053190888988,-0.12986529234517794,0.26666666666666666,0.1388888888888889,-0.21106285537079725,-41.0,-8.0,0.010540274337936894,-0.16666666666666663,-1370.5898870536864,-0.10547385620915034,-0.06566951566951557]}}
{"op_code":9,"worker_id":"5f7ebc7e-b359-428a-9ce9-e318525067b2-8896","trial_id":3,"system_attr":{"constraints":[0.031249805434534778,0.07010577296279018,0.6,0.4843434343434344,0.1959942100779001,-55.0,5.0,-0.059734242344994935,0.16666666666666669,-1372.236905317021,0.06830065359477128,0.0551078551078551]}}
{"op_code":6,"worker_id":"a0eba44c-17c2-4da6-83eb-09b89d05fe9a-27064","trial_id":13,"state":1,"values":[-0.021687311602368305],"datetime_complete":"2026-07-14T11:39:07.628211"}
{"op_code":8,"worker_id":"e789e537-bd43-4bca-bdcb-acaab11c7c34-7108","trial_id":87,"user_attr":{"raw_metrics":[0.30905342931924923,0.12943628773237212,0.3333333333333333,0.0797053983499829,0.09494949494949495,0.18577368736616082,-0.23434847427888778,-0.25282835960388184,0.5513888888888889]}}
{"op_code":5,"worker_id":"b4f46c25-f302-45e2-9297-e1f4154419ee-16052","trial_id":81,"param_name":"unified_alpha","param_value_internal":2.312526419281212e-05,"distribution":"{\"name\": \"FloatDistribution\", \"attributes\": {\"step\": null, \"low\": 1e-05, \"high\": 10.0, \"log\": true}}"}
{"op_code":6,"worker_id":"5f7ebc7e-b359-428a-9ce9-e318525067b2-8896","trial_id":3,"state":1,"values":[0.10314174212666435],"datetime_complete":"2026-07-14T11:39:07.629957"}
{"op_code":5,"worker_id":"b4f46c25-f302-45e2-9297-e1f4154419ee-16052","trial_id":81,"param_name":"unified_rho","param_value_internal":0.6317856153361865,"distribution":"{\"name\": \"FloatDistribution\", \"attributes\": {\"step\": null, \"low\": 0.0, \"high\": 1.0, \"log\": false}}"}
{"op_code":5,"worker_id":"b4f46c25-f302-45e2-9297-e1f4154419ee-16052","trial_id":81,"param_name":"unified_gamma","param_value_internal":6.722606945711913,"distribution":"{\"name\": \"FloatDistribution\", \"attributes\": {\"step\": null, \"low\": 1.5, \"high\": 10000.0, \"log\": true}}"}
{"op_code":8,"worker_id":"f0b7653d-ef27-48cf-b593-41be8858cfbb-24340","trial_id":71,"user_attr":{"cv_is_ics":[0.22401434183120728,0.192910835146904,0.17717373371124268,0.1659257560968399,0.2064509242773056,0.24700592458248138,0.22628375887870789,0.2271442413330078,0.2724219262599945,0.23507380485534668,0.2047751247882843,0.2515490651130676,0.2041960060596466,0.20477323234081268,0.17056286334991455]}}
{"op_code":4,"worker_id":"284cd35e-39ff-4429-afb6-f141cb086df2-24364","study_id":0,"datetime_start":"2026-07-14T11:39:07.641332"}
{"op_code":8,"worker_id":"f0b7653d-ef27-48cf-b593-41be8858cfbb-24340","trial_id":71,"user_attr":{"cv_oos_ics":[-0.028764890506863594,0.12643292546272278,0.08299936354160309,0.012494230642914772,-0.03855257108807564,0.02270902507007122,0.03900426626205444,0.00732407346367836,-0.046597156673669815,0.030555127188563347,0.005045009311288595,-0.04856341704726219,0.01210042554885149,0.053897202014923096,0.11733385920524597]}}
{"op_code":5,"worker_id":"284cd35e-39ff-4429-afb6-f141cb086df2-24364","trial_id":90,"param_name":"k_weight","param_value_internal":0.6027268376030097,"distribution":"{\"name\": \"FloatDistribution\", \"attributes\": {\"step\": null, \"low\": 0.0, \"high\": 1.5, \"log\": false}}"}
{"op_code":8,"worker_id":"556bfa67-cf6c-48c8-ab2d-1bddfbc3ea02-27448","trial_id":9,"user_attr":{"cv_oos_ics":[-0.03291074186563492,0.10594348609447479,0.08176965266466141,0.022184569388628006,-0.063756562769413,0.011522048152983189,0.022193772718310356,0.020037679001688957,-0.03574521094560623,0.010155011899769306,0.011880743317306042,-0.05652526766061783,0.03129420429468155,0.02665477991104126,0.11515851318836212]}}
{"op_code":5,"worker_id":"284cd35e-39ff-4429-afb6-f141cb086df2-24364","trial_id":90,"param_name":"unified_alpha","param_value_internal":0.022840525341671154,"distribution":"{\"name\": \"FloatDistribution\", \"attributes\": {\"step\": null, \"low\": 1e-05, \"high\": 10.0, \"log\": true}}"}
{"op_code":5,"worker_id":"b4f46c25-f302-45e2-9297-e1f4154419ee-16052","trial_id":81,"param_name":"huber_delta","param_value_internal":2.988868834742947,"distribution":"{\"name\": \"FloatDistribution\", \"attributes\": {\"step\": null, \"low\": 0.5, \"high\": 5.0, \"log\": false}}"}
{"op_code":5,"worker_id":"284cd35e-39ff-4429-afb6-f141cb086df2-24364","trial_id":90,"param_name":"unified_rho","param_value_internal":0.17075275320322142,"distribution":"{\"name\": \"FloatDistribution\", \"attributes\": {\"step\": null, \"low\": 0.0, \"high\": 1.0, \"log\": false}}"}
{"op_code":5,"worker_id":"284cd35e-39ff-4429-afb6-f141cb086df2-24364","trial_id":90,"param_name":"unified_gamma","param_value_internal":4100.390304912006,"distribution":"{\"name\": \"FloatDistribution\", \"attributes\": {\"step\": null, \"low\": 1.5, \"high\": 10000.0, \"log\": true}}"}
{"op_code":8,"worker_id":"f0b7653d-ef27-48cf-b593-41be8858cfbb-24340","trial_id":71,"user_attr":{"reg_kappa":3.4450795546817847}}
{"op_code":8,"worker_id":"bef0697d-274e-44ed-b94d-66daf1f75294-23408","trial_id":89,"user_attr":{"constraints":[-0.090378213467303,-0.061805740994012065,0.26666666666666666,0.08636363636363639,0.15828076298533247,-40.0,-6.0,0.11994095067703942,0.5,-1373.4492657190478,-0.02777777777777779,-0.00533170533170535]}}
{"op_code":8,"worker_id":"2ed9a5dc-f312-4235-b7c0-1394cdf4d107-19176","trial_id":88,"user_attr":{"constraints":[-0.09215955279298475,-0.05715386089961452,0.26666666666666666,0.09444444444444444,0.15828076298533247,-40.0,-6.0,0.13145287519912283,0.16666666666666669,-1372.9279037330036,-0.02777777777777779,-0.014590964590964539]}}
{"op_code":8,"worker_id":"bef0697d-274e-44ed-b94d-66daf1f75294-23408","trial_id":89,"user_attr":{"pruned_reasons":["M3 (Hit Rate < 60%)","M5 (Monotonicity <= 0.25)","M6 (Top-Bottom Spread <= 0)","Side-specific Yearly Tail IC Mean (-0.1199 <= 0)","Side-specific Hit Rate (0.00% < 50%)"]}}
{"op_code":8,"worker_id":"f0b7653d-ef27-48cf-b593-41be8858cfbb-24340","trial_id":71,"user_attr":{"raw_metrics":[0.08522123408148585,0.02887757295052129,0.3333333333333333,0.08597296839886243,0.1313131313131313,-0.14014629937010395,-0.2613926970672371,-0.26271387934684753,0.4847222222222222]}}
{"op_code":8,"worker_id":"f0b7653d-ef27-48cf-b593-41be8858cfbb-24340","trial_id":71,"user_attr":{"val_metrics":[0.07525573027082878,-0.4500290180377267,0.5272727272727272,0.18313578568884858,-6.04711390999705]}}
{"op_code":8,"worker_id":"2ed9a5dc-f312-4235-b7c0-1394cdf4d107-19176","trial_id":88,"user_attr":{"pruned_reasons":["M3 (Hit Rate < 60%)","M5 (Monotonicity <= 0.25)","M6 (Top-Bottom Spread <= 0)","Side-specific Yearly Tail IC Mean (-0.1315 <= 0)","Side-specific Hit Rate (33.33% < 50%)"]}}
{"op_code":8,"worker_id":"e789e537-bd43-4bca-bdcb-acaab11c7c34-7108","trial_id":87,"user_attr":{"val_metrics":[0.061657436723745664,-0.20586576892854724,0.16363636363636364,0.29278894318132725,-6.01666921517303]}}
{"op_code":8,"worker_id":"2ed9a5dc-f312-4235-b7c0-1394cdf4d107-19176","trial_id":88,"user_attr":{"gini":0.45834858342205775}}
{"op_code":8,"worker_id":"f0b7653d-ef27-48cf-b593-41be8858cfbb-24340","trial_id":71,"user_attr":{"deflated_objective":-0.1656793337038212}}
{"op_code":8,"worker_id":"bef0697d-274e-44ed-b94d-66daf1f75294-23408","trial_id":89,"user_attr":{"gini":0.44962298926299016}}
{"op_code":9,"worker_id":"f0b7653d-ef27-48cf-b593-41be8858cfbb-24340","trial_id":71,"system_attr":{"constraints":[-0.08597296839886243,-0.02887757295052129,0.26666666666666666,0.1186868686868687,0.14014629937010395,-36.0,-8.0,0.12831512831512829,0.16666666666666669,-1374.7739527329159,-0.03472222222222221,-0.00533170533170535]}}
{"op_code":8,"worker_id":"2ed9a5dc-f312-4235-b7c0-1394cdf4d107-19176","trial_id":88,"user_attr":{"cv_is_ics":[0.23345085978507996,0.20313046872615814,0.18712176382541656,0.16979223489761353,0.20775949954986572,0.24882468581199646,0.23236440122127533,0.23042649030685425,0.2781805694103241,0.23884835839271545,0.2062734067440033,0.2593245208263397,0.2095208317041397,0.20328544080257416,0.16895230114459991]}}
{"op_code":5,"worker_id":"284cd35e-39ff-4429-afb6-f141cb086df2-24364","trial_id":90,"param_name":"huber_delta","param_value_internal":3.5323187800709515,"distribution":"{\"name\": \"FloatDistribution\", \"attributes\": {\"step\": null, \"low\": 0.5, \"high\": 5.0, \"log\": false}}"}
{"op_code":8,"worker_id":"e789e537-bd43-4bca-bdcb-acaab11c7c34-7108","trial_id":87,"user_attr":{"deflated_objective":-0.09397321728722118}}
{"op_code":6,"worker_id":"f0b7653d-ef27-48cf-b593-41be8858cfbb-24340","trial_id":71,"state":1,"values":[0.037145612330901426],"datetime_complete":"2026-07-14T11:39:07.675930"}
{"op_code":8,"worker_id":"2ed9a5dc-f312-4235-b7c0-1394cdf4d107-19176","trial_id":88,"user_attr":{"cv_oos_ics":[-0.02193206362426281,0.15216365456581116,0.08915899693965912,0.027552111074328423,-0.012649287469685078,0.04398293048143387,0.043344397097826004,0.019699450582265854,-0.026774022728204727,0.05031353980302811,0.0038106257561594248,-0.025189530104398727,0.01551750022917986,0.0748026967048645,0.12369554489850998]}}
{"op_code":8,"worker_id":"2ed9a5dc-f312-4235-b7c0-1394cdf4d107-19176","trial_id":88,"user_attr":{"reg_kappa":3.2839302208538683}}
{"op_code":9,"worker_id":"e789e537-bd43-4bca-bdcb-acaab11c7c34-7108","trial_id":87,"system_attr":{"constraints":[-0.0797053983499829,-0.12943628773237212,0.26666666666666666,0.15505050505050505,-0.18577368736616082,-39.0,-7.0,0.0744124344124344,0.16666666666666669,-1373.4230134749364,-0.10138888888888892,-0.062210012210012156]}}
{"op_code":6,"worker_id":"e789e537-bd43-4bca-bdcb-acaab11c7c34-7108","trial_id":87,"state":1,"values":[0.10926532417862446],"datetime_complete":"2026-07-14T11:39:07.685825"}
{"op_code":8,"worker_id":"b4f46c25-f302-45e2-9297-e1f4154419ee-16052","trial_id":81,"user_attr":{"constraints":[-0.08147617067215802,-0.09010450085901543,0.26666666666666666,0.0904040404040404,0.015837555363173734,-33.0,-8.0,-0.13385655790804787,-0.16666666666666663,-1378.6642242833962,-0.04436274509803917,-0.00533170533170535]}}
{"op_code":8,"worker_id":"2ed9a5dc-f312-4235-b7c0-1394cdf4d107-19176","trial_id":88,"user_attr":{"raw_metrics":[0.1417825998432708,0.05715386089961452,0.3333333333333333,0.09215955279298475,0.15555555555555556,-0.15828076298533247,-0.2126287238253444,-0.2243879735469818,0.4777777777777778]}}
{"op_code":8,"worker_id":"556bfa67-cf6c-48c8-ab2d-1bddfbc3ea02-27448","trial_id":9,"user_attr":{"reg_kappa":3.5562927897291354}}
{"op_code":8,"worker_id":"b4f46c25-f302-45e2-9297-e1f4154419ee-16052","trial_id":81,"user_attr":{"pruned_reasons":["M3 (Hit Rate < 60%)","M5 (Monotonicity <= 0.25)","M6 (Top-Bottom Spread <= 0)"]}}
{"op_code":8,"worker_id":"b4f46c25-f302-45e2-9297-e1f4154419ee-16052","trial_id":81,"user_attr":{"gini":0.3964833028050394}}
{"op_code":8,"worker_id":"2ed9a5dc-f312-4235-b7c0-1394cdf4d107-19176","trial_id":88,"user_attr":{"val_metrics":[0.07597543571288277,-0.16089271619937773,0.41818181818181815,0.36508259548387234,-7.652756665792474]}}
{"op_code":8,"worker_id":"b4f46c25-f302-45e2-9297-e1f4154419ee-16052","trial_id":81,"user_attr":{"cv_is_ics":[0.2366521656513214,0.20399703085422516,0.17412297427654266,0.1701149344444275,0.21264219284057617,0.2521265149116516,0.22974811494350433,0.22844503819942474,0.27456575632095337,0.23141434788703918,0.20609760284423828,0.2585110068321228,0.20381280779838562,0.20250722765922546,0.17133504152297974]}}
{"op_code":8,"worker_id":"b4f46c25-f302-45e2-9297-e1f4154419ee-16052","trial_id":81,"user_attr":{"cv_oos_ics":[-0.02065970003604889,0.14769843220710754,0.07760316133499146,0.024515878409147263,-0.044224441051483154,0.03961751237511635,0.03443654254078865,0.00567718455567956,-0.03020527772605419,0.03649007901549339,0.002008836716413498,-0.04786258935928345,0.020674722269177437,0.058499108999967575,0.11761604994535446]}}
{"op_code":8,"worker_id":"b4f46c25-f302-45e2-9297-e1f4154419ee-16052","trial_id":81,"user_attr":{"reg_kappa":3.45524059087152}}
{"op_code":8,"worker_id":"556bfa67-cf6c-48c8-ab2d-1bddfbc3ea02-27448","trial_id":9,"user_attr":{"raw_metrics":[-0.03124614722918124,-0.01135994049457307,0.3333333333333333,0.08435678236528817,0.06262626262626263,-0.11482209110409343,-0.49658168336002,-0.4004524052143097,0.5109477124183007]}}
{"op_code":8,"worker_id":"556bfa67-cf6c-48c8-ab2d-1bddfbc3ea02-27448","trial_id":9,"user_attr":{"val_metrics":[0.09630166213695295,-0.35512259757963016,0.34545454545454546,0.29822742044115846,-6.478828936817458]}}
{"op_code":8,"worker_id":"2ed9a5dc-f312-4235-b7c0-1394cdf4d107-19176","trial_id":88,"user_attr":{"deflated_objective":-0.7033684335306132}}
{"op_code":9,"worker_id":"2ed9a5dc-f312-4235-b7c0-1394cdf4d107-19176","trial_id":88,"system_attr":{"constraints":[-0.09215955279298475,-0.05715386089961452,0.26666666666666666,0.09444444444444444,0.15828076298533247,-40.0,-6.0,0.13145287519912283,0.16666666666666669,-1372.9279037330036,-0.02777777777777779,-0.014590964590964539]}}
{"op_code":6,"worker_id":"2ed9a5dc-f312-4235-b7c0-1394cdf4d107-19176","trial_id":88,"state":1,"values":[-0.5002940895630702],"datetime_complete":"2026-07-14T11:39:07.708718"}
{"op_code":8,"worker_id":"b4f46c25-f302-45e2-9297-e1f4154419ee-16052","trial_id":81,"user_attr":{"raw_metrics":[0.2006807150140105,0.09010450085901543,0.3333333333333333,0.08147617067215802,0.1595959595959596,-0.015837555363173734,-0.27996617276960534,-0.2841264605522156,0.4943627450980392]}}
{"op_code":8,"worker_id":"b4f46c25-f302-45e2-9297-e1f4154419ee-16052","trial_id":81,"user_attr":{"val_metrics":[0.07897665636580177,-0.28475715709655874,0.3696969696969697,0.29109468655255827,-6.202694888193297]}}
{"op_code":8,"worker_id":"556bfa67-cf6c-48c8-ab2d-1bddfbc3ea02-27448","trial_id":9,"user_attr":{"deflated_objective":-0.31332673256389737}}
{"op_code":8,"worker_id":"81952d72-2483-4c5e-870b-f681691e8378-30084","trial_id":86,"user_attr":{"constraints":[-0.08396004746740891,-0.024852145887368466,0.26666666666666666,0.1186868686868687,0.008848968464110133,-33.0,-8.0,0.017650287650287647,0.16666666666666669,-1378.8017163716188,-0.06111111111111106,-0.00533170533170535]}}
{"op_code":4,"worker_id":"f0b7653d-ef27-48cf-b593-41be8858cfbb-24340","study_id":0,"datetime_start":"2026-07-14T11:39:07.681981"}
{"op_code":8,"worker_id":"81952d72-2483-4c5e-870b-f681691e8378-30084","trial_id":86,"user_attr":{"pruned_reasons":["M3 (Hit Rate < 60%)","M5 (Monotonicity <= 0.25)","M6 (Top-Bottom Spread <= 0)","Side-specific Yearly Tail IC Mean (-0.0177 <= 0)","Side-specific Hit Rate (33.33% < 50%)"]}}
{"op_code":8,"worker_id":"284cd35e-39ff-4429-afb6-f141cb086df2-24364","trial_id":90,"user_attr":{"constraints":[-0.09181683917558218,-0.05312747923153788,0.26666666666666666,0.18737373737373736,0.20040610186642036,-35.0,-6.0,0.15857186857186858,0.5,-1378.5879076006281,-0.017973856209150263,-0.018152218152218125]}}
{"op_code":8,"worker_id":"81952d72-2483-4c5e-870b-f681691e8378-30084","trial_id":86,"user_attr":{"gini":0.4098959745069026}}
{"op_code":8,"worker_id":"b4f46c25-f302-45e2-9297-e1f4154419ee-16052","trial_id":81,"user_attr":{"deflated_objective":-0.1755534867403859}}
{"op_code":9,"worker_id":"b4f46c25-f302-45e2-9297-e1f4154419ee-16052","trial_id":81,"system_attr":{"constraints":[-0.08147617067215802,-0.09010450085901543,0.26666666666666666,0.0904040404040404,0.015837555363173734,-33.0,-8.0,-0.13385655790804787,-0.16666666666666663,-1378.6642242833962,-0.04436274509803917,-0.00533170533170535]}}
{"op_code":8,"worker_id":"284cd35e-39ff-4429-afb6-f141cb086df2-24364","trial_id":90,"user_attr":{"pruned_reasons":["M3 (Hit Rate < 60%)","M5 (Monotonicity <= 0.25)","M6 (Top-Bottom Spread <= 0)","Side-specific Yearly Tail IC Mean (-0.1586 <= 0)","Side-specific Hit Rate (0.00% < 50%)"]}}
{"op_code":8,"worker_id":"81952d72-2483-4c5e-870b-f681691e8378-30084","trial_id":86,"user_attr":{"cv_is_ics":[0.2298554927110672,0.19563454389572144,0.17423735558986664,0.16666962206363678,0.20713864266872406,0.2501007914543152,0.2289501577615738,0.22678078711032867,0.2725410759449005,0.23235559463500977,0.20377707481384277,0.25317877531051636,0.2028072327375412,0.2019290030002594,0.17019183933734894]}}
{"op_code":8,"worker_id":"284cd35e-39ff-4429-afb6-f141cb086df2-24364","trial_id":90,"user_attr":{"gini":0.43982923545470576}}
{"op_code":5,"worker_id":"f0b7653d-ef27-48cf-b593-41be8858cfbb-24340","trial_id":91,"param_name":"k_weight","param_value_internal":0.7315622073633656,"distribution":"{\"name\": \"FloatDistribution\", \"attributes\": {\"step\": null, \"low\": 0.0, \"high\": 1.5, \"log\": false}}"}
{"op_code":5,"worker_id":"f0b7653d-ef27-48cf-b593-41be8858cfbb-24340","trial_id":91,"param_name":"unified_alpha","param_value_internal":0.0018724781110410183,"distribution":"{\"name\": \"FloatDistribution\", \"attributes\": {\"step\": null, \"low\": 1e-05, \"high\": 10.0, \"log\": true}}"}
{"op_code":8,"worker_id":"81952d72-2483-4c5e-870b-f681691e8378-30084","trial_id":86,"user_attr":{"cv_oos_ics":[-0.02520543523132801,0.13447347283363342,0.08089715242385864,0.015391374938189983,-0.043353039771318436,0.033004581928253174,0.03557135909795761,0.009663225151598454,-0.03744766116142273,0.03324363753199577,0.0018760733073577285,-0.0438576303422451,0.019923977553844452,0.05452205613255501,0.11657256633043289]}}
{"op_code":8,"worker_id":"284cd35e-39ff-4429-afb6-f141cb086df2-24364","trial_id":90,"user_attr":{"cv_is_ics":[0.23199447989463806,0.19530759751796722,0.17578984797000885,0.16735218465328217,0.20720596611499786,0.24958713352680206,0.22661052644252777,0.22892367839813232,0.2741791307926178,0.23341256380081177,0.20477965474128723,0.2514575123786926,0.20399129390716553,0.19882997870445251,0.16858506202697754]}}
{"op_code":8,"worker_id":"284cd35e-39ff-4429-afb6-f141cb086df2-24364","trial_id":90,"user_attr":{"cv_oos_ics":[-0.02529078722000122,0.13889285922050476,0.08516953885555267,0.022812047973275185,-0.02764143794775009,0.038195036351680756,0.04079342633485794,0.02238631434738636,-0.028740055859088898,0.03961008042097092,0.005038687027990818,-0.03444915637373924,0.017390411347150803,0.06703465431928635,0.12453746795654297]}}
{"op_code":8,"worker_id":"284cd35e-39ff-4429-afb6-f141cb086df2-24364","trial_id":90,"user_attr":{"reg_kappa":3.3332883832586524}}
{"op_code":5,"worker_id":"f0b7653d-ef27-48cf-b593-41be8858cfbb-24340","trial_id":91,"param_name":"unified_rho","param_value_internal":0.3263287983928961,"distribution":"{\"name\": \"FloatDistribution\", \"attributes\": {\"step\": null, \"low\": 0.0, \"high\": 1.0, \"log\": false}}"}
{"op_code":8,"worker_id":"284cd35e-39ff-4429-afb6-f141cb086df2-24364","trial_id":90,"user_attr":{"raw_metrics":[0.13607913830181512,0.05312747923153788,0.3333333333333333,0.09181683917558218,0.06262626262626263,-0.20040610186642036,-0.23610259236942907,-0.26024574041366577,0.4679738562091503]}}
{"op_code":8,"worker_id":"284cd35e-39ff-4429-afb6-f141cb086df2-24364","trial_id":90,"user_attr":{"val_metrics":[0.08336031678558514,-0.14076942923348415,0.2727272727272727,0.3176612175218221,-6.646261418162849]}}
{"op_code":5,"worker_id":"f0b7653d-ef27-48cf-b593-41be8858cfbb-24340","trial_id":91,"param_name":"unified_gamma","param_value_internal":368.57811917205964,"distribution":"{\"name\": \"FloatDistribution\", \"attributes\": {\"step\": null, \"low\": 1.5, \"high\": 10000.0, \"log\": true}}"}
{"op_code":8,"worker_id":"81952d72-2483-4c5e-870b-f681691e8378-30084","trial_id":86,"user_attr":{"reg_kappa":3.4545053996215276}}
{"op_code":5,"worker_id":"f0b7653d-ef27-48cf-b593-41be8858cfbb-24340","trial_id":91,"param_name":"huber_delta","param_value_internal":2.599669018697364,"distribution":"{\"name\": \"FloatDistribution\", \"attributes\": {\"step\": null, \"low\": 0.5, \"high\": 5.0, \"log\": false}}"}
{"op_code":8,"worker_id":"81952d72-2483-4c5e-870b-f681691e8378-30084","trial_id":86,"user_attr":{"raw_metrics":[0.06941201089419334,0.024852145887368466,0.3333333333333333,0.08396004746740891,0.1313131313131313,-0.008848968464110133,-0.2806117037920233,-0.2804073989391327,0.5111111111111111]}}
{"op_code":8,"worker_id":"81952d72-2483-4c5e-870b-f681691e8378-30084","trial_id":86,"user_attr":{"val_metrics":[0.08213232215687337,-0.14418487086693182,0.3939393939393939,0.20069343525160482,-6.670446635321898]}}
{"op_code":8,"worker_id":"284cd35e-39ff-4429-afb6-f141cb086df2-24364","trial_id":90,"user_attr":{"deflated_objective":-0.3044614093175045}}
{"op_code":9,"worker_id":"284cd35e-39ff-4429-afb6-f141cb086df2-24364","trial_id":90,"system_attr":{"constraints":[-0.09181683917558218,-0.05312747923153788,0.26666666666666666,0.18737373737373736,0.20040610186642036,-35.0,-6.0,0.15857186857186858,0.5,-1378.5879076006281,-0.017973856209150263,-0.018152218152218125]}}
{"op_code":6,"worker_id":"284cd35e-39ff-4429-afb6-f141cb086df2-24364","trial_id":90,"state":1,"values":[-0.10345364220273129],"datetime_complete":"2026-07-14T11:39:07.754373"}
{"op_code":8,"worker_id":"81952d72-2483-4c5e-870b-f681691e8378-30084","trial_id":86,"user_attr":{"deflated_objective":-0.30350235968791883}}
{"op_code":9,"worker_id":"81952d72-2483-4c5e-870b-f681691e8378-30084","trial_id":86,"system_attr":{"constraints":[-0.08396004746740891,-0.024852145887368466,0.26666666666666666,0.1186868686868687,0.008848968464110133,-33.0,-8.0,0.017650287650287647,0.16666666666666669,-1378.8017163716188,-0.06111111111111106,-0.00533170533170535]}}
{"op_code":6,"worker_id":"b4f46c25-f302-45e2-9297-e1f4154419ee-16052","trial_id":81,"state":1,"values":[0.025636482281942166],"datetime_complete":"2026-07-14T11:39:07.725600"}
{"op_code":6,"worker_id":"81952d72-2483-4c5e-870b-f681691e8378-30084","trial_id":86,"state":1,"values":[-0.10249549306148485],"datetime_complete":"2026-07-14T11:39:07.759837"}
{"op_code":4,"worker_id":"81952d72-2483-4c5e-870b-f681691e8378-30084","study_id":0,"datetime_start":"2026-07-14T11:39:07.762987"}
{"op_code":5,"worker_id":"81952d72-2483-4c5e-870b-f681691e8378-30084","trial_id":92,"param_name":"k_weight","param_value_internal":0.7092363135049764,"distribution":"{\"name\": \"FloatDistribution\", \"attributes\": {\"step\": null, \"low\": 0.0, \"high\": 1.5, \"log\": false}}"}
{"op_code":5,"worker_id":"81952d72-2483-4c5e-870b-f681691e8378-30084","trial_id":92,"param_name":"unified_alpha","param_value_internal":0.0015257997524853366,"distribution":"{\"name\": \"FloatDistribution\", \"attributes\": {\"step\": null, \"low\": 1e-05, \"high\": 10.0, \"log\": true}}"}
{"op_code":5,"worker_id":"81952d72-2483-4c5e-870b-f681691e8378-30084","trial_id":92,"param_name":"unified_rho","param_value_internal":0.5002910350882726,"distribution":"{\"name\": \"FloatDistribution\", \"attributes\": {\"step\": null, \"low\": 0.0, \"high\": 1.0, \"log\": false}}"}
{"op_code":5,"worker_id":"81952d72-2483-4c5e-870b-f681691e8378-30084","trial_id":92,"param_name":"unified_gamma","param_value_internal":210.16758448269692,"distribution":"{\"name\": \"FloatDistribution\", \"attributes\": {\"step\": null, \"low\": 1.5, \"high\": 10000.0, \"log\": true}}"}
{"op_code":5,"worker_id":"81952d72-2483-4c5e-870b-f681691e8378-30084","trial_id":92,"param_name":"huber_delta","param_value_internal":2.686406638819932,"distribution":"{\"name\": \"FloatDistribution\", \"attributes\": {\"step\": null, \"low\": 0.5, \"high\": 5.0, \"log\": false}}"}
{"op_code":8,"worker_id":"f0b7653d-ef27-48cf-b593-41be8858cfbb-24340","trial_id":91,"user_attr":{"constraints":[-0.07824644351677777,-0.09118414612782573,0.26666666666666666,0.15505050505050505,-0.0013890460012622545,-30.0,-8.0,0.03761237921616454,0.16666666666666669,-1382.998611558006,-0.04436274509803917,-0.062210012210012156]}}
{"op_code":8,"worker_id":"f0b7653d-ef27-48cf-b593-41be8858cfbb-24340","trial_id":91,"user_attr":{"pruned_reasons":["M3 (Hit Rate < 60%)","M5 (Monotonicity <= 0.25)","Side-specific Yearly Tail IC Mean (-0.0376 <= 0)","Side-specific Hit Rate (33.33% < 50%)"]}}
{"op_code":8,"worker_id":"f0b7653d-ef27-48cf-b593-41be8858cfbb-24340","trial_id":91,"user_attr":{"gini":0.395126490535441}}
{"op_code":8,"worker_id":"f0b7653d-ef27-48cf-b593-41be8858cfbb-24340","trial_id":91,"user_attr":{"cv_is_ics":[0.2359352707862854,0.20277449488639832,0.17194373905658722,0.17054763436317444,0.2161017507314682,0.2498568296432495,0.23101094365119934,0.22748525440692902,0.27570706605911255,0.22848419845104218,0.2059725970029831,0.25862058997154236,0.2034190446138382,0.20573143661022186,0.17167992889881134]}}
{"op_code":8,"worker_id":"f0b7653d-ef27-48cf-b593-41be8858cfbb-24340","trial_id":91,"user_attr":{"cv_oos_ics":[-0.023654891178011894,0.15433067083358765,0.08052413165569305,0.024580679833889008,-0.04881713166832924,0.047295715659856796,0.03823613002896309,0.00963161513209343,-0.030651822686195374,0.04042406007647514,0.0016263516154140234,-0.04914330691099167,0.0229206345975399,0.05357779562473297,0.12255283445119858]}}
{"op_code":8,"worker_id":"f0b7653d-ef27-48cf-b593-41be8858cfbb-24340","trial_id":91,"user_attr":{"reg_kappa":3.4574965352559266}}
{"op_code":8,"worker_id":"f0b7653d-ef27-48cf-b593-41be8858cfbb-24340","trial_id":91,"user_attr":{"raw_metrics":[0.21118534930609292,0.09118414612782573,0.3333333333333333,0.07824644351677777,0.09494949494949494,0.0013890460012622545,-0.300607624217888,-0.30459970235824585,0.4943627450980392]}}
{"op_code":8,"worker_id":"f0b7653d-ef27-48cf-b593-41be8858cfbb-24340","trial_id":91,"user_attr":{"val_metrics":[0.07953123458522,-0.2962604379652326,0.47878787878787876,0.27054969500750303,-6.139053393497354]}}
{"op_code":8,"worker_id":"f0b7653d-ef27-48cf-b593-41be8858cfbb-24340","trial_id":91,"user_attr":{"deflated_objective":-0.13770355734195316}}
{"op_code":9,"worker_id":"f0b7653d-ef27-48cf-b593-41be8858cfbb-24340","trial_id":91,"system_attr":{"constraints":[-0.07824644351677777,-0.09118414612782573,0.26666666666666666,0.15505050505050505,-0.0013890460012622545,-30.0,-8.0,0.03761237921616454,0.16666666666666669,-1382.998611558006,-0.04436274509803917,-0.062210012210012156]}}
{"op_code":8,"worker_id":"1d1def43-862d-42fe-b5d1-6372d04c6b12-6576","trial_id":48,"user_attr":{"reg_kappa":3.434761015873137}}
{"op_code":6,"worker_id":"f0b7653d-ef27-48cf-b593-41be8858cfbb-24340","trial_id":91,"state":1,"values":[0.05745631654070037],"datetime_complete":"2026-07-14T11:39:07.802490"}
{"op_code":8,"worker_id":"1d1def43-862d-42fe-b5d1-6372d04c6b12-6576","trial_id":48,"user_attr":{"raw_metrics":[0.24311382915181212,0.10947733058407116,0.3333333333333333,0.08795353190101925,0.10707070707070708,0.11932302648197528,-0.23659667340080712,-0.23369403183460236,0.5415849673202615]}}
{"op_code":8,"worker_id":"1d1def43-862d-42fe-b5d1-6372d04c6b12-6576","trial_id":48,"user_attr":{"val_metrics":[0.06987240477816152,-0.30326747621688294,0.5515151515151515,0.16215388756245375,-6.146178116686111]}}
{"op_code":8,"worker_id":"1d1def43-862d-42fe-b5d1-6372d04c6b12-6576","trial_id":48,"user_attr":{"deflated_objective":-0.13534818957956385}}
{"op_code":8,"worker_id":"81952d72-2483-4c5e-870b-f681691e8378-30084","trial_id":92,"user_attr":{"constraints":[-0.07825312638101024,-0.08499099188353613,0.26666666666666666,0.09848484848484848,-0.0013890460012622545,-30.0,-8.0,0.03952185289105043,0.16666666666666669,-1382.1584370820137,-0.04436274509803917,-0.062210012210012156]}}
{"op_code":9,"worker_id":"1d1def43-862d-42fe-b5d1-6372d04c6b12-6576","trial_id":48,"system_attr":{"constraints":[-0.08795353190101925,-0.10947733058407116,0.26666666666666666,0.1429292929292929,-0.11932302648197528,-41.0,-8.0,-0.04441880678269607,-0.16666666666666663,-1370.4698486643026,-0.0915849673202615,-0.04938949938949938]}}
{"op_code":6,"worker_id":"1d1def43-862d-42fe-b5d1-6372d04c6b12-6576","trial_id":48,"state":1,"values":[0.058110456256493456],"datetime_complete":"2026-07-14T11:39:07.817964"}
{"op_code":8,"worker_id":"81952d72-2483-4c5e-870b-f681691e8378-30084","trial_id":92,"user_attr":{"pruned_reasons":["M3 (Hit Rate < 60%)","M5 (Monotonicity <= 0.25)","Side-specific Yearly Tail IC Mean (-0.0395 <= 0)","Side-specific Hit Rate (33.33% < 50%)"]}}
{"op_code":4,"worker_id":"1d1def43-862d-42fe-b5d1-6372d04c6b12-6576","study_id":0,"datetime_start":"2026-07-14T11:39:07.820649"}
{"op_code":8,"worker_id":"81952d72-2483-4c5e-870b-f681691e8378-30084","trial_id":92,"user_attr":{"gini":0.39777174739007837}}
{"op_code":8,"worker_id":"81952d72-2483-4c5e-870b-f681691e8378-30084","trial_id":92,"user_attr":{"cv_is_ics":[0.23735633492469788,0.2032637745141983,0.17269492149353027,0.17109224200248718,0.21541379392147064,0.25050491094589233,0.23059943318367004,0.2274281233549118,0.27479273080825806,0.22887738049030304,0.206180602312088,0.2594175338745117,0.20315341651439667,0.20509997010231018,0.17158617079257965]}}
{"op_code":8,"worker_id":"81952d72-2483-4c5e-870b-f681691e8378-30084","trial_id":92,"user_attr":{"cv_oos_ics":[-0.025099536404013634,0.1549629122018814,0.08099831640720367,0.024078065529465675,-0.051932163536548615,0.04641694203019142,0.03719930350780487,0.006536980625241995,-0.030354125425219536,0.03898260369896889,0.0009056360577233136,-0.04896964877843857,0.02186485007405281,0.05787735432386398,0.1195603758096695]}}
{"op_code":5,"worker_id":"1d1def43-862d-42fe-b5d1-6372d04c6b12-6576","trial_id":93,"param_name":"k_weight","param_value_internal":0.8562920675957619,"distribution":"{\"name\": \"FloatDistribution\", \"attributes\": {\"step\": null, \"low\": 0.0, \"high\": 1.5, \"log\": false}}"}
{"op_code":8,"worker_id":"81952d72-2483-4c5e-870b-f681691e8378-30084","trial_id":92,"user_attr":{"reg_kappa":3.4588190825369414}}
{"op_code":4,"worker_id":"eb94701c-79b5-42e0-8a1a-ab9675a1ac71-7108","study_id":0,"datetime_start":"2026-07-14T11:39:07.698834"}
{"op_code":5,"worker_id":"1d1def43-862d-42fe-b5d1-6372d04c6b12-6576","trial_id":93,"param_name":"unified_alpha","param_value_internal":0.009122322597319163,"distribution":"{\"name\": \"FloatDistribution\", \"attributes\": {\"step\": null, \"low\": 1e-05, \"high\": 10.0, \"log\": true}}"}
{"op_code":5,"worker_id":"eb94701c-79b5-42e0-8a1a-ab9675a1ac71-7108","trial_id":94,"param_name":"k_weight","param_value_internal":0.8526179310656344,"distribution":"{\"name\": \"FloatDistribution\", \"attributes\": {\"step\": null, \"low\": 0.0, \"high\": 1.5, \"log\": false}}"}
{"op_code":5,"worker_id":"1d1def43-862d-42fe-b5d1-6372d04c6b12-6576","trial_id":93,"param_name":"unified_rho","param_value_internal":0.5122751933331369,"distribution":"{\"name\": \"FloatDistribution\", \"attributes\": {\"step\": null, \"low\": 0.0, \"high\": 1.0, \"log\": false}}"}
{"op_code":5,"worker_id":"eb94701c-79b5-42e0-8a1a-ab9675a1ac71-7108","trial_id":94,"param_name":"unified_alpha","param_value_internal":0.011936669669140663,"distribution":"{\"name\": \"FloatDistribution\", \"attributes\": {\"step\": null, \"low\": 1e-05, \"high\": 10.0, \"log\": true}}"}
{"op_code":5,"worker_id":"1d1def43-862d-42fe-b5d1-6372d04c6b12-6576","trial_id":93,"param_name":"unified_gamma","param_value_internal":236.4176935735617,"distribution":"{\"name\": \"FloatDistribution\", \"attributes\": {\"step\": null, \"low\": 1.5, \"high\": 10000.0, \"log\": true}}"}
{"op_code":5,"worker_id":"eb94701c-79b5-42e0-8a1a-ab9675a1ac71-7108","trial_id":94,"param_name":"unified_rho","param_value_internal":0.041088142303447206,"distribution":"{\"name\": \"FloatDistribution\", \"attributes\": {\"step\": null, \"low\": 0.0, \"high\": 1.0, \"log\": false}}"}
{"op_code":9,"worker_id":"556bfa67-cf6c-48c8-ab2d-1bddfbc3ea02-27448","trial_id":9,"system_attr":{"constraints":[-0.08435678236528817,0.01135994049457307,0.26666666666666666,0.18737373737373736,0.11482209110409343,-13.0,-8.0,0.09500423500423501,0.16666666666666669,-1418.9958159749192,-0.060947712418300715,-0.02171347171347171]}}
{"op_code":8,"worker_id":"81952d72-2483-4c5e-870b-f681691e8378-30084","trial_id":92,"user_attr":{"raw_metrics":[0.19497088750812114,0.08499099188353613,0.3333333333333333,0.07825312638101024,0.15151515151515152,0.0013890460012622545,-0.296575322735763,-0.3008272349834442,0.4943627450980392]}}
{"op_code":5,"worker_id":"1d1def43-862d-42fe-b5d1-6372d04c6b12-6576","trial_id":93,"param_name":"huber_delta","param_value_internal":3.1622545113762546,"distribution":"{\"name\": \"FloatDistribution\", \"attributes\": {\"step\": null, \"low\": 0.5, \"high\": 5.0, \"log\": false}}"}
{"op_code":5,"worker_id":"eb94701c-79b5-42e0-8a1a-ab9675a1ac71-7108","trial_id":94,"param_name":"unified_gamma","param_value_internal":1720.8242303961933,"distribution":"{\"name\": \"FloatDistribution\", \"attributes\": {\"step\": null, \"low\": 1.5, \"high\": 10000.0, \"log\": true}}"}
{"op_code":6,"worker_id":"556bfa67-cf6c-48c8-ab2d-1bddfbc3ea02-27448","trial_id":9,"state":1,"values":[-0.11365505519414915],"datetime_complete":"2026-07-14T11:39:07.849689"}
{"op_code":5,"worker_id":"eb94701c-79b5-42e0-8a1a-ab9675a1ac71-7108","trial_id":94,"param_name":"huber_delta","param_value_internal":3.2128925234007872,"distribution":"{\"name\": \"FloatDistribution\", \"attributes\": {\"step\": null, \"low\": 0.5, \"high\": 5.0, \"log\": false}}"}
{"op_code":8,"worker_id":"81952d72-2483-4c5e-870b-f681691e8378-30084","trial_id":92,"user_attr":{"val_metrics":[0.08002439081885997,-0.3001873183643491,0.44242424242424244,0.20663756767854743,-6.116086144927303]}}
{"op_code":8,"worker_id":"81952d72-2483-4c5e-870b-f681691e8378-30084","trial_id":92,"user_attr":{"deflated_objective":-0.1305953215356755}}
{"op_code":9,"worker_id":"81952d72-2483-4c5e-870b-f681691e8378-30084","trial_id":92,"system_attr":{"constraints":[-0.07825312638101024,-0.08499099188353613,0.26666666666666666,0.09848484848484848,-0.0013890460012622545,-30.0,-8.0,0.03952185289105043,0.16666666666666669,-1382.1584370820137,-0.04436274509803917,-0.062210012210012156]}}
{"op_code":6,"worker_id":"81952d72-2483-4c5e-870b-f681691e8378-30084","trial_id":92,"state":1,"values":[0.0614854157956717],"datetime_complete":"2026-07-14T11:39:07.871784"}
{"op_code":8,"worker_id":"eb94701c-79b5-42e0-8a1a-ab9675a1ac71-7108","trial_id":94,"user_attr":{"constraints":[-0.08359236039178854,-0.005647816831439223,0.26666666666666666,0.13080808080808082,0.04682512706433765,0.0,0.0,0.11903883701020908,0.5,-1387.969470040029,-0.04436274509803917,-0.00889295889295888]}}
{"op_code":8,"worker_id":"1d1def43-862d-42fe-b5d1-6372d04c6b12-6576","trial_id":93,"user_attr":{"constraints":[-0.08664687527744137,-0.014951577020234271,0.26666666666666666,0.15101010101010104,0.0720787050622091,-27.0,-7.0,0.1289092210038908,0.5,-1388.0817973025592,-0.04150326797385617,-0.00889295889295888]}}
{"op_code":8,"worker_id":"eb94701c-79b5-42e0-8a1a-ab9675a1ac71-7108","trial_id":94,"user_attr":{"pruned_reasons":["M3 (Hit Rate < 60%)","M5 (Monotonicity <= 0.25)","M6 (Top-Bottom Spread <= 0)","Side-specific Yearly Tail IC Mean (-0.1190 <= 0)","Side-specific Hit Rate (0.00% < 50%)"]}}
{"op_code":8,"worker_id":"eb94701c-79b5-42e0-8a1a-ab9675a1ac71-7108","trial_id":94,"user_attr":{"gini":0.39216620483933085}}
{"op_code":8,"worker_id":"eb94701c-79b5-42e0-8a1a-ab9675a1ac71-7108","trial_id":94,"user_attr":{"cv_is_ics":[0.2314603477716446,0.19170372188091278,0.16430450975894928,0.16785728931427002,0.20596513152122498,0.2503977119922638,0.2235245555639267,0.2231455147266388,0.2722833454608917,0.22390277683734894,0.20439179241657257,0.24974454939365387,0.19817987084388733,0.1946752965450287,0.16911765933036804]}}
{"op_code":8,"worker_id":"1d1def43-862d-42fe-b5d1-6372d04c6b12-6576","trial_id":93,"user_attr":{"pruned_reasons":["M3 (Hit Rate < 60%)","M5 (Monotonicity <= 0.25)","M6 (Top-Bottom Spread <= 0)","Side-specific Yearly Tail IC Mean (-0.1289 <= 0)","Side-specific Hit Rate (0.00% < 50%)"]}}
{"op_code":8,"worker_id":"eb94701c-79b5-42e0-8a1a-ab9675a1ac71-7108","trial_id":94,"user_attr":{"cv_oos_ics":[-0.026597922667860985,0.12843555212020874,0.08082128316164017,0.021822623908519745,-0.046702198684215546,0.030279753729701042,0.03779042139649391,0.018330730497837067,-0.030658023431897163,0.03204716369509697,0.009958835318684578,-0.04958830028772354,0.023976419121026993,0.04724862426519394,0.11795561015605927]}}
{"op_code":8,"worker_id":"1d1def43-862d-42fe-b5d1-6372d04c6b12-6576","trial_id":93,"user_attr":{"gini":0.4279335297298157}}
{"op_code":8,"worker_id":"1d1def43-862d-42fe-b5d1-6372d04c6b12-6576","trial_id":93,"user_attr":{"cv_is_ics":[0.23250950872898102,0.1915021538734436,0.16711336374282837,0.16785728931427002,0.20639276504516602,0.25071555376052856,0.22326576709747314,0.22187919914722443,0.27144813537597656,0.22480711340904236,0.2028348445892334,0.2495446354150772,0.19836829602718353,0.19158640503883362,0.1677704006433487]}}
{"op_code":8,"worker_id":"1d1def43-862d-42fe-b5d1-6372d04c6b12-6576","trial_id":93,"user_attr":{"cv_oos_ics":[-0.02619171515107155,0.1378702074289322,0.08386711776256561,0.02270456962287426,-0.04069076478481293,0.03811917081475258,0.03999051824212074,0.024608507752418518,-0.02523902803659439,0.03803427517414093,0.008062215521931648,-0.04283584654331207,0.020436063408851624,0.05980618670582771,0.11693228036165237]}}
{"op_code":8,"worker_id":"eb94701c-79b5-42e0-8a1a-ab9675a1ac71-7108","trial_id":94,"user_attr":{"reg_kappa":3.4017801125589133}}
{"op_code":8,"worker_id":"eb94701c-79b5-42e0-8a1a-ab9675a1ac71-7108","trial_id":94,"user_attr":{"raw_metrics":[0.015868380416946305,0.005647816831439223,0.3333333333333333,0.08359236039178854,0.11919191919191918,-0.04682512706433765,-0.324816957149525,-0.3094314932823181,0.4943627450980392]}}
{"op_code":8,"worker_id":"eb94701c-79b5-42e0-8a1a-ab9675a1ac71-7108","trial_id":94,"user_attr":{"val_metrics":[0.0868640404960669,-0.2473865610552668,0.3696969696969697,0.4289288047458167,-6.880986382471566]}}
{"op_code":8,"worker_id":"1d1def43-862d-42fe-b5d1-6372d04c6b12-6576","trial_id":93,"user_attr":{"reg_kappa":3.4483349911421097}}
{"op_code":8,"worker_id":"1d1def43-862d-42fe-b5d1-6372d04c6b12-6576","trial_id":93,"user_attr":{"raw_metrics":[0.0427788868210385,0.014951577020234271,0.3333333333333333,0.08664687527744137,0.09898989898989898,-0.0720787050622091,-0.30056999534200435,-0.29996365308761597,0.4915032679738562]}}
{"op_code":8,"worker_id":"1d1def43-862d-42fe-b5d1-6372d04c6b12-6576","trial_id":93,"user_attr":{"val_metrics":[0.08555014410463624,-0.27414159819006595,0.3939393939393939,0.3699450926531268,-6.75857046311517]}}
{"op_code":8,"worker_id":"eb94701c-79b5-42e0-8a1a-ab9675a1ac71-7108","trial_id":94,"user_attr":{"deflated_objective":-0.4205287915209277}}
{"op_code":9,"worker_id":"eb94701c-79b5-42e0-8a1a-ab9675a1ac71-7108","trial_id":94,"system_attr":{"constraints":[-0.08359236039178854,-0.005647816831439223,0.26666666666666666,0.13080808080808082,0.04682512706433765,0.0,0.0,0.11903883701020908,0.5,-1387.969470040029,-0.04436274509803917,-0.00889295889295888]}}
{"op_code":6,"worker_id":"eb94701c-79b5-42e0-8a1a-ab9675a1ac71-7108","trial_id":94,"state":1,"values":[-0.22994313857426407],"datetime_complete":"2026-07-14T11:39:07.921690"}
{"op_code":8,"worker_id":"1d1def43-862d-42fe-b5d1-6372d04c6b12-6576","trial_id":93,"user_attr":{"deflated_objective":-0.3797804182916989}}
{"op_code":9,"worker_id":"1d1def43-862d-42fe-b5d1-6372d04c6b12-6576","trial_id":93,"system_attr":{"constraints":[-0.08664687527744137,-0.014951577020234271,0.26666666666666666,0.15101010101010104,0.0720787050622091,-27.0,-7.0,0.1289092210038908,0.5,-1388.0817973025592,-0.04150326797385617,-0.00889295889295888]}}
{"op_code":6,"worker_id":"1d1def43-862d-42fe-b5d1-6372d04c6b12-6576","trial_id":93,"state":1,"values":[-0.18938593290458183],"datetime_complete":"2026-07-14T11:39:07.926394"}
{"op_code":8,"worker_id":"bef0697d-274e-44ed-b94d-66daf1f75294-23408","trial_id":89,"user_attr":{"cv_is_ics":[0.23283295333385468,0.20156420767307281,0.18524646759033203,0.16915984451770782,0.20788279175758362,0.24970541894435883,0.23169061541557312,0.23136335611343384,0.2775038480758667,0.2390264868736267,0.2066049724817276,0.2571878731250763,0.21017536520957947,0.20430612564086914,0.17075535655021667]}}
{"op_code":8,"worker_id":"bef0697d-274e-44ed-b94d-66daf1f75294-23408","trial_id":89,"user_attr":{"cv_oos_ics":[-0.023206006735563278,0.14817577600479126,0.09198354929685593,0.02479405514895916,-0.01755363866686821,0.04114430397748947,0.0393393374979496,0.014686079695820808,-0.028671834617853165,0.046717796474695206,0.0020736379083245993,-0.02903788723051548,0.0162192489951849,0.07428482919931412,0.12214969843626022]}}
{"op_code":8,"worker_id":"bef0697d-274e-44ed-b94d-66daf1f75294-23408","trial_id":89,"user_attr":{"reg_kappa":3.2703044408643613}}
{"op_code":8,"worker_id":"bef0697d-274e-44ed-b94d-66daf1f75294-23408","trial_id":89,"user_attr":{"raw_metrics":[0.15456563983259278,0.061805740994012065,0.3333333333333333,0.090378213467303,0.1636363636363636,-0.15828076298533247,-0.21486130802949122,-0.23072339594364166,0.4777777777777778]}}
{"op_code":8,"worker_id":"bef0697d-274e-44ed-b94d-66daf1f75294-23408","trial_id":89,"user_attr":{"val_metrics":[0.07708548232542614,-0.1734964008128176,0.3696969696969697,0.382064010610507,-7.520714203110245]}}
{"op_code":8,"worker_id":"bef0697d-274e-44ed-b94d-66daf1f75294-23408","trial_id":89,"user_attr":{"deflated_objective":-0.647219255465084}}
{"op_code":9,"worker_id":"bef0697d-274e-44ed-b94d-66daf1f75294-23408","trial_id":89,"system_attr":{"constraints":[-0.090378213467303,-0.061805740994012065,0.26666666666666666,0.08636363636363639,0.15828076298533247,-40.0,-6.0,0.11994095067703942,0.5,-1373.4492657190478,-0.02777777777777779,-0.00533170533170535]}}
{"op_code":6,"worker_id":"bef0697d-274e-44ed-b94d-66daf1f75294-23408","trial_id":89,"state":1,"values":[-0.4572560585270889],"datetime_complete":"2026-07-14T11:39:07.951045"}
{"op_code":8,"worker_id":"52d6483e-9f13-41dc-851f-2c9644709720-29612","trial_id":82,"user_attr":{"cv_oos_ics":[-0.02329610101878643,0.1320219486951828,0.0804324522614479,0.017945541068911552,-0.0416179858148098,0.03443654254078865,0.03623202070593834,0.010756936855614185,-0.03642898425459862,0.030728988349437714,0.002784870332106948,-0.043821968138217926,0.018808133900165558,0.056852467358112335,0.11730130016803741]}}
{"op_code":8,"worker_id":"52d6483e-9f13-41dc-851f-2c9644709720-29612","trial_id":82,"user_attr":{"reg_kappa":3.4016168728097442}}
{"op_code":8,"worker_id":"52d6483e-9f13-41dc-851f-2c9644709720-29612","trial_id":82,"user_attr":{"raw_metrics":[0.0669245617606161,0.024003798811594257,0.3333333333333333,0.08459739282823531,0.11515151515151516,-0.008848968464110133,-0.23764925376517015,-0.27830806374549866,0.5111111111111111]}}
{"op_code":8,"worker_id":"52d6483e-9f13-41dc-851f-2c9644709720-29612","trial_id":82,"user_attr":{"val_metrics":[0.08068178410142875,-0.1477655914211789,0.3939393939393939,0.20069343525160482,-6.696166353725667]}}
{"op_code":8,"worker_id":"52d6483e-9f13-41dc-851f-2c9644709720-29612","trial_id":82,"user_attr":{"deflated_objective":-0.30260835571246164}}
{"op_code":9,"worker_id":"52d6483e-9f13-41dc-851f-2c9644709720-29612","trial_id":82,"system_attr":{"constraints":[-0.08459739282823531,-0.024003798811594257,0.26666666666666666,0.13484848484848483,0.008848968464110133,-35.0,-6.0,0.012284922284922289,0.16666666666666669,-1378.9066755161064,-0.06111111111111106,-0.00533170533170535]}}
{"op_code":6,"worker_id":"52d6483e-9f13-41dc-851f-2c9644709720-29612","trial_id":82,"state":1,"values":[-0.1143607224490492],"datetime_complete":"2026-07-14T11:39:07.982575"}
{"op_code":6,"worker_id":"48ac468e-f486-4081-92e8-5ce50a4958d7-8436","trial_id":22,"state":1,"values":[0.10314174212666435],"datetime_complete":"2026-07-14T11:39:05.958797"}
{"op_code":4,"worker_id":"fd75c63e-f153-4bda-8efa-3d4ab9f32f1c-3216","study_id":0,"datetime_start":"2026-07-14T11:39:06.981158"}
{"op_code":5,"worker_id":"fd75c63e-f153-4bda-8efa-3d4ab9f32f1c-3216","trial_id":95,"param_name":"k_weight","param_value_internal":1.0844408607240865,"distribution":"{\"name\": \"FloatDistribution\", \"attributes\": {\"step\": null, \"low\": 0.0, \"high\": 1.5, \"log\": false}}"}
{"op_code":5,"worker_id":"fd75c63e-f153-4bda-8efa-3d4ab9f32f1c-3216","trial_id":95,"param_name":"unified_alpha","param_value_internal":1.9029580702215264e-05,"distribution":"{\"name\": \"FloatDistribution\", \"attributes\": {\"step\": null, \"low\": 1e-05, \"high\": 10.0, \"log\": true}}"}
{"op_code":5,"worker_id":"fd75c63e-f153-4bda-8efa-3d4ab9f32f1c-3216","trial_id":95,"param_name":"unified_rho","param_value_internal":0.37982694561550967,"distribution":"{\"name\": \"FloatDistribution\", \"attributes\": {\"step\": null, \"low\": 0.0, \"high\": 1.0, \"log\": false}}"}
{"op_code":5,"worker_id":"fd75c63e-f153-4bda-8efa-3d4ab9f32f1c-3216","trial_id":95,"param_name":"unified_gamma","param_value_internal":70.01790152048916,"distribution":"{\"name\": \"FloatDistribution\", \"attributes\": {\"step\": null, \"low\": 1.5, \"high\": 10000.0, \"log\": true}}"}
{"op_code":8,"worker_id":"1694f0d9-1e59-49cb-a77a-bda9aac45d8d-20880","trial_id":79,"user_attr":{"cv_is_ics":[0.23560915887355804,0.20817135274410248,0.18301835656166077,0.1743427813053131,0.22393010556697845,0.24611234664916992,0.23227988183498383,0.2300129234790802,0.2766339182853699,0.23818933963775635,0.20957814157009125,0.26149770617485046,0.2102240025997162,0.2164476364850998,0.1776237189769745]}}
{"op_code":5,"worker_id":"fd75c63e-f153-4bda-8efa-3d4ab9f32f1c-3216","trial_id":95,"param_name":"huber_delta","param_value_internal":3.061350031061657,"distribution":"{\"name\": \"FloatDistribution\", \"attributes\": {\"step\": null, \"low\": 0.5, \"high\": 5.0, \"log\": false}}"}
{"op_code":8,"worker_id":"1694f0d9-1e59-49cb-a77a-bda9aac45d8d-20880","trial_id":79,"user_attr":{"cv_oos_ics":[-0.026789171621203423,0.1563759744167328,0.0737369954586029,0.01581496186554432,-0.04742630198597908,0.056194089353084564,0.046277858316898346,0.002291736425831914,-0.024901019409298897,0.05042101815342903,0.004596142563968897,-0.05813159421086311,0.018054228276014328,0.06037057191133499,0.11639425903558731]}}
{"op_code":8,"worker_id":"1694f0d9-1e59-49cb-a77a-bda9aac45d8d-20880","trial_id":79,"user_attr":{"reg_kappa":3.4565324642967346}}
{"op_code":8,"worker_id":"1694f0d9-1e59-49cb-a77a-bda9aac45d8d-20880","trial_id":79,"user_attr":{"raw_metrics":[0.27586502884519026,0.11011480027213981,0.3333333333333333,0.073064970861152,0.04242424242424243,-0.04824229097971792,-0.2824948648744314,-0.306228905916214,0.5111111111111111]}}
{"op_code":8,"worker_id":"1694f0d9-1e59-49cb-a77a-bda9aac45d8d-20880","trial_id":79,"user_attr":{"val_metrics":[0.06896220216282423,-0.26092660773776577,0.44242424242424244,0.2269093644656781,-6.425837294232162]}}
{"op_code":8,"worker_id":"24b65aba-df65-4945-9f18-4da688d2d7af-31796","trial_id":63,"user_attr":{"cv_is_ics":[0.23670411109924316,0.21440143883228302,0.1982744187116623,0.17435431480407715,0.2208559215068817,0.2438352406024933,0.23512360453605652,0.23201477527618408,0.2765108346939087,0.23931680619716644,0.20921006798744202,0.2634517252445221,0.21329066157341003,0.21562056243419647,0.17816828191280365]}}
{"op_code":8,"worker_id":"1694f0d9-1e59-49cb-a77a-bda9aac45d8d-20880","trial_id":79,"user_attr":{"deflated_objective":-0.23396641319088823}}
{"op_code":9,"worker_id":"1694f0d9-1e59-49cb-a77a-bda9aac45d8d-20880","trial_id":79,"system_attr":{"constraints":[-0.073064970861152,-0.11011480027213981,0.26666666666666666,0.20757575757575758,0.04824229097971792,-33.0,-8.0,-0.06197131197131197,-0.16666666666666663,-1379.1982298037697,-0.06111111111111106,-0.062210012210012156]}}
{"op_code":6,"worker_id":"1694f0d9-1e59-49cb-a77a-bda9aac45d8d-20880","trial_id":79,"state":1,"values":[-0.047816978530311735],"datetime_complete":"2026-07-14T11:39:08.042258"}
{"op_code":8,"worker_id":"24b65aba-df65-4945-9f18-4da688d2d7af-31796","trial_id":63,"user_attr":{"cv_oos_ics":[-0.010322737507522106,0.1530788242816925,0.07686976343393326,0.023063354194164276,-0.0257559847086668,0.046530742198228836,0.052808597683906555,-0.02095753513276577,-0.03593282401561737,0.031588803976774216,-0.005234671290963888,-0.03106905147433281,0.013160951435565948,0.06509806960821152,0.11699739843606949]}}
{"op_code":8,"worker_id":"24b65aba-df65-4945-9f18-4da688d2d7af-31796","trial_id":63,"user_attr":{"reg_kappa":3.434459129913506}}
{"op_code":8,"worker_id":"24b65aba-df65-4945-9f18-4da688d2d7af-31796","trial_id":63,"user_attr":{"raw_metrics":[0.28245276176459816,0.1182125074401134,0.3333333333333333,0.08952500156180283,0.0505050505050505,0.22097977569996344,-0.2306694233420097,-0.2178991585969925,0.5513888888888889]}}
{"op_code":8,"worker_id":"24b65aba-df65-4945-9f18-4da688d2d7af-31796","trial_id":63,"user_attr":{"val_metrics":[0.06723882586620515,-0.3116286152683068,0.44242424242424244,0.16215388756245375,-5.72517622744456]}}
{"op_code":8,"worker_id":"24b65aba-df65-4945-9f18-4da688d2d7af-31796","trial_id":63,"user_attr":{"deflated_objective":0.02606353136665482}}
{"op_code":9,"worker_id":"24b65aba-df65-4945-9f18-4da688d2d7af-31796","trial_id":63,"system_attr":{"constraints":[-0.08952500156180283,-0.1182125074401134,0.26666666666666666,0.1994949494949495,-0.22097977569996344,-43.0,-8.0,-0.01356136356136356,-0.16666666666666663,-1370.4026304086608,-0.10138888888888892,-0.07146927146927134]}}
{"op_code":6,"worker_id":"24b65aba-df65-4945-9f18-4da688d2d7af-31796","trial_id":63,"state":1,"values":[0.21199430751686937],"datetime_complete":"2026-07-14T11:39:08.056320"}
{"op_code":8,"worker_id":"fd75c63e-f153-4bda-8efa-3d4ab9f32f1c-3216","trial_id":95,"user_attr":{"constraints":[-0.08048762540643713,-0.019265501171455035,0.26666666666666666,0.15101010101010104,0.15719174220606133,-20.0,-8.0,0.14896192896192895,0.5,-1399.0883543092466,-0.027614379084967333,-0.02171347171347171]}}
{"op_code":8,"worker_id":"fd75c63e-f153-4bda-8efa-3d4ab9f32f1c-3216","trial_id":95,"user_attr":{"pruned_reasons":["M3 (Hit Rate < 60%)","M5 (Monotonicity <= 0.25)","M6 (Top-Bottom Spread <= 0)","Side-specific Yearly Tail IC Mean (-0.1490 <= 0)","Side-specific Hit Rate (0.00% < 50%)"]}}
{"op_code":8,"worker_id":"fd75c63e-f153-4bda-8efa-3d4ab9f32f1c-3216","trial_id":95,"user_attr":{"gini":0.3804213940822485}}
{"op_code":8,"worker_id":"fd75c63e-f153-4bda-8efa-3d4ab9f32f1c-3216","trial_id":95,"user_attr":{"cv_is_ics":[0.22722774744033813,0.18318365514278412,0.15725383162498474,0.16747905313968658,0.2044820636510849,0.25050273537635803,0.21663571894168854,0.21938712894916534,0.26586440205574036,0.2173531949520111,0.19975575804710388,0.24249771237373352,0.194048210978508,0.19328123331069946,0.16684342920780182]}}
{"op_code":8,"worker_id":"fd75c63e-f153-4bda-8efa-3d4ab9f32f1c-3216","trial_id":95,"user_attr":{"cv_oos_ics":[-0.026433542370796204,0.12440499663352966,0.07943983376026154,0.019616179168224335,-0.05676364153623581,0.027200885117053986,0.031917180866003036,0.017922960221767426,-0.03371250629425049,0.022848382592201233,0.012370703741908073,-0.05523524805903435,0.029541414231061935,0.03786185011267662,0.11594461649656296]}}
{"op_code":8,"worker_id":"fd75c63e-f153-4bda-8efa-3d4ab9f32f1c-3216","trial_id":95,"user_attr":{"reg_kappa":3.506402770831593}}
{"op_code":8,"worker_id":"fd75c63e-f153-4bda-8efa-3d4ab9f32f1c-3216","trial_id":95,"user_attr":{"raw_metrics":[0.04945387997313398,0.019265501171455035,0.3333333333333333,0.08048762540643713,0.09898989898989898,-0.15719174220606133,-0.38422546403337565,-0.3521624505519867,0.47761437908496734]}}
{"op_code":8,"worker_id":"fd75c63e-f153-4bda-8efa-3d4ab9f32f1c-3216","trial_id":95,"user_attr":{"val_metrics":[0.08928353263150628,-0.2864308810689792,0.2606060606060606,0.38595535845050344,-5.560004102402349]}}
{"op_code":8,"worker_id":"fd75c63e-f153-4bda-8efa-3d4ab9f32f1c-3216","trial_id":95,"user_attr":{"deflated_objective":0.08573240878091648}}
{"op_code":9,"worker_id":"fd75c63e-f153-4bda-8efa-3d4ab9f32f1c-3216","trial_id":95,"system_attr":{"constraints":[-0.08048762540643713,-0.019265501171455035,0.26666666666666666,0.15101010101010104,0.15719174220606133,-20.0,-8.0,0.14896192896192895,0.5,-1399.0883543092466,-0.027614379084967333,-0.02171347171347171]}}
{"op_code":6,"worker_id":"fd75c63e-f153-4bda-8efa-3d4ab9f32f1c-3216","trial_id":95,"state":1,"values":[0.27216490370217983],"datetime_complete":"2026-07-14T11:39:08.082659"}
{"op_code":4,"worker_id":"fd75c63e-f153-4bda-8efa-3d4ab9f32f1c-3216","study_id":0,"datetime_start":"2026-07-14T11:39:08.084424"}
{"op_code":5,"worker_id":"fd75c63e-f153-4bda-8efa-3d4ab9f32f1c-3216","trial_id":96,"param_name":"k_weight","param_value_internal":0.5797374747537328,"distribution":"{\"name\": \"FloatDistribution\", \"attributes\": {\"step\": null, \"low\": 0.0, \"high\": 1.5, \"log\": false}}"}
{"op_code":5,"worker_id":"fd75c63e-f153-4bda-8efa-3d4ab9f32f1c-3216","trial_id":96,"param_name":"unified_alpha","param_value_internal":1.9661813779864364e-05,"distribution":"{\"name\": \"FloatDistribution\", \"attributes\": {\"step\": null, \"low\": 1e-05, \"high\": 10.0, \"log\": true}}"}
{"op_code":5,"worker_id":"fd75c63e-f153-4bda-8efa-3d4ab9f32f1c-3216","trial_id":96,"param_name":"unified_rho","param_value_internal":0.010131315516560158,"distribution":"{\"name\": \"FloatDistribution\", \"attributes\": {\"step\": null, \"low\": 0.0, \"high\": 1.0, \"log\": false}}"}
{"op_code":5,"worker_id":"fd75c63e-f153-4bda-8efa-3d4ab9f32f1c-3216","trial_id":96,"param_name":"unified_gamma","param_value_internal":2042.5376335323888,"distribution":"{\"name\": \"FloatDistribution\", \"attributes\": {\"step\": null, \"low\": 1.5, \"high\": 10000.0, \"log\": true}}"}
{"op_code":5,"worker_id":"fd75c63e-f153-4bda-8efa-3d4ab9f32f1c-3216","trial_id":96,"param_name":"huber_delta","param_value_internal":3.7754022076188645,"distribution":"{\"name\": \"FloatDistribution\", \"attributes\": {\"step\": null, \"low\": 0.5, \"high\": 5.0, \"log\": false}}"}
{"op_code":8,"worker_id":"fd75c63e-f153-4bda-8efa-3d4ab9f32f1c-3216","trial_id":96,"user_attr":{"constraints":[-0.08371783804155825,-0.01934857759996327,0.26666666666666666,0.09848484848484848,0.1876670274317005,0.0,0.0,0.08901186901186901,0.16666666666666669,-1377.7405008861301,-0.02777777777777779,-0.00533170533170535]}}
{"op_code":8,"worker_id":"fd75c63e-f153-4bda-8efa-3d4ab9f32f1c-3216","trial_id":96,"user_attr":{"pruned_reasons":["M3 (Hit Rate < 60%)","M5 (Monotonicity <= 0.25)","M6 (Top-Bottom Spread <= 0)","Side-specific Yearly Tail IC Mean (-0.0890 <= 0)","Side-specific Hit Rate (33.33% < 50%)"]}}
{"op_code":8,"worker_id":"fd75c63e-f153-4bda-8efa-3d4ab9f32f1c-3216","trial_id":96,"user_attr":{"gini":0.42174940681116224}}
{"op_code":8,"worker_id":"fd75c63e-f153-4bda-8efa-3d4ab9f32f1c-3216","trial_id":96,"user_attr":{"cv_is_ics":[0.22615784406661987,0.19262515008449554,0.17340320348739624,0.16610045731067657,0.20581002533435822,0.2480761855840683,0.22460614144802094,0.2265365868806839,0.27092477679252625,0.23293644189834595,0.20489534735679626,0.2525590658187866,0.2012685090303421,0.20078004896640778,0.17030613124370575]}}
{"op_code":8,"worker_id":"fd75c63e-f153-4bda-8efa-3d4ab9f32f1c-3216","trial_id":96,"user_attr":{"cv_oos_ics":[-0.027577878907322884,0.12445873767137527,0.0782749205827713,0.014967788010835648,-0.045424558222293854,0.027175595983862877,0.03599810227751732,0.007194472011178732,-0.04159989953041077,0.03232217952609062,0.0029650493524968624,-0.045409686863422394,0.01695260778069496,0.05190790072083473,0.11606710404157639]}}
{"op_code":8,"worker_id":"fd75c63e-f153-4bda-8efa-3d4ab9f32f1c-3216","trial_id":96,"user_attr":{"reg_kappa":3.4528508594753995}}
{"op_code":8,"worker_id":"fd75c63e-f153-4bda-8efa-3d4ab9f32f1c-3216","trial_id":96,"user_attr":{"raw_metrics":[0.05608765062477978,0.01934857759996327,0.3333333333333333,0.08371783804155825,0.15151515151515152,-0.1876670274317005,-0.2755936038532797,-0.2762298882007599,0.4777777777777778]}}
{"op_code":8,"worker_id":"fd75c63e-f153-4bda-8efa-3d4ab9f32f1c-3216","trial_id":96,"user_attr":{"val_metrics":[0.07967143694406169,-0.2954263727445823,0.47878787878787876,0.20069343525160482,-5.9026453613968215]}}
{"op_code":8,"worker_id":"fd75c63e-f153-4bda-8efa-3d4ab9f32f1c-3216","trial_id":96,"user_attr":{"deflated_objective":-0.03387387281358095}}
{"op_code":9,"worker_id":"fd75c63e-f153-4bda-8efa-3d4ab9f32f1c-3216","trial_id":96,"system_attr":{"constraints":[-0.08371783804155825,-0.01934857759996327,0.26666666666666666,0.09848484848484848,0.1876670274317005,0.0,0.0,0.08901186901186901,0.16666666666666669,-1377.7405008861301,-0.02777777777777779,-0.00533170533170535]}}
{"op_code":6,"worker_id":"fd75c63e-f153-4bda-8efa-3d4ab9f32f1c-3216","trial_id":96,"state":1,"values":[0.15236717569556674],"datetime_complete":"2026-07-14T11:39:08.148389"}
{"op_code":8,"worker_id":"23873c76-3d54-414b-839e-11f950531cb3-11668","trial_id":36,"user_attr":{"gini":0.43505635328838177}}
{"op_code":8,"worker_id":"36ac237d-c955-4554-8661-fec3d311f61a-22852","trial_id":76,"user_attr":{"pruned_reasons":["M3 (Hit Rate < 60%)","M5 (Monotonicity <= 0.25)"]}}
{"op_code":8,"worker_id":"23873c76-3d54-414b-839e-11f950531cb3-11668","trial_id":36,"user_attr":{"cv_is_ics":[0.22498773038387299,0.19812221825122833,0.1934421956539154,0.17398931086063385,0.21381157636642456,0.2411908656358719,0.23099787533283234,0.23234353959560394,0.2733457684516907,0.23949411511421204,0.2096155881881714,0.25304654240608215,0.21212054789066315,0.2190786600112915,0.18264751136302948]}}
{"op_code":8,"worker_id":"23873c76-3d54-414b-839e-11f950531cb3-11668","trial_id":36,"user_attr":{"cv_oos_ics":[-0.01897638849914074,0.13955830037593842,0.08102360367774963,0.02251490391790867,-0.03786878660321236,0.013804330490529537,0.04801959916949272,-0.016876664012670517,-0.05987563356757164,0.022971665486693382,-0.0015726140700280666,-0.050089117139577866,0.016876744106411934,0.043386310338974,0.12450800836086273]}}
{"op_code":8,"worker_id":"23873c76-3d54-414b-839e-11f950531cb3-11668","trial_id":36,"user_attr":{"reg_kappa":3.4329276046755837}}
{"op_code":8,"worker_id":"23873c76-3d54-414b-839e-11f950531cb3-11668","trial_id":36,"user_attr":{"raw_metrics":[0.3500880092339159,0.15515304767941993,0.3333333333333333,0.08762964773733868,0.17575757575757578,-0.009546703404801756,-0.22912257280965923,-0.20541857182979584,0.49844771241830066]}}
{"op_code":8,"worker_id":"23873c76-3d54-414b-839e-11f950531cb3-11668","trial_id":36,"user_attr":{"val_metrics":[0.06501873264111839,-0.18416134219185798,0.3939393939393939,0.20523090772600708,-7.357975014856209]}}
{"op_code":8,"worker_id":"36ac237d-c955-4554-8661-fec3d311f61a-22852","trial_id":76,"user_attr":{"gini":0.39782798809965225}}
{"op_code":8,"worker_id":"36ac237d-c955-4554-8661-fec3d311f61a-22852","trial_id":76,"user_attr":{"cv_is_ics":[0.2375887930393219,0.2075614482164383,0.18357323110103607,0.172729030251503,0.2203984558582306,0.24874909222126007,0.23062558472156525,0.23139986395835876,0.27676671743392944,0.23776401579380035,0.20629319548606873,0.2613467276096344,0.20795652270317078,0.2083730250597,0.17482027411460876]}}
{"op_code":8,"worker_id":"23873c76-3d54-414b-839e-11f950531cb3-11668","trial_id":36,"user_attr":{"deflated_objective":-0.5814302365459353}}
{"op_code":8,"worker_id":"36ac237d-c955-4554-8661-fec3d311f61a-22852","trial_id":76,"user_attr":{"cv_oos_ics":[-0.019431592896580696,0.15748082101345062,0.08127333968877792,0.021380070596933365,-0.044903576374053955,0.04932195320725441,0.04320530965924263,0.0016658552922308445,-0.027984963729977608,0.04478953033685684,0.0004646719025913626,-0.04609811305999756,0.015417927876114845,0.058327000588178635,0.12021467834711075]}}
{"op_code":8,"worker_id":"36ac237d-c955-4554-8661-fec3d311f61a-22852","trial_id":76,"user_attr":{"reg_kappa":3.44834539595697}}
{"op_code":9,"worker_id":"23873c76-3d54-414b-839e-11f950531cb3-11668","trial_id":36,"system_attr":{"constraints":[-0.08762964773733868,-0.15515304767941993,0.26666666666666666,0.07424242424242422,0.009546703404801756,-43.0,-8.0,0.01785103785103785,0.16666666666666669,-1371.207346443176,-0.04844771241830065,-0.052950752950752966]}}
{"op_code":6,"worker_id":"23873c76-3d54-414b-839e-11f950531cb3-11668","trial_id":36,"state":1,"values":[-0.3952087923274839],"datetime_complete":"2026-07-14T11:39:08.347074"}
{"op_code":8,"worker_id":"36ac237d-c955-4554-8661-fec3d311f61a-22852","trial_id":76,"user_attr":{"raw_metrics":[0.25147831568579065,0.11276502864201776,0.3333333333333333,0.08146078104152689,0.1111111111111111,0.14358056185154286,-0.2669309131314812,-0.27782300114631653,0.5444444444444444]}}
{"op_code":8,"worker_id":"36ac237d-c955-4554-8661-fec3d311f61a-22852","trial_id":76,"user_attr":{"val_metrics":[0.07447237740872921,-0.20512257582204416,0.3696969696969697,0.28719511616003257,-7.104445262437235]}}
{"op_code":8,"worker_id":"36ac237d-c955-4554-8661-fec3d311f61a-22852","trial_id":76,"user_attr":{"deflated_objective":-0.4894410488186822}}
{"op_code":9,"worker_id":"36ac237d-c955-4554-8661-fec3d311f61a-22852","trial_id":76,"system_attr":{"constraints":[-0.08146078104152689,-0.11276502864201776,0.26666666666666666,0.1388888888888889,-0.14358056185154286,-35.0,-8.0,-0.09637790624029458,-0.16666666666666663,-1375.9194829731837,-0.09444444444444439,-0.062210012210012156]}}
{"op_code":6,"worker_id":"36ac237d-c955-4554-8661-fec3d311f61a-22852","trial_id":76,"state":1,"values":[-0.30366026276860475],"datetime_complete":"2026-07-14T11:39:08.362550"}
{"op_code":5,"worker_id":"7da914b9-7e55-4947-88b4-3a7ed341d31d-4680","trial_id":6,"param_name":"k_weight","param_value_internal":1.234665511064688,"distribution":"{\"name\": \"FloatDistribution\", \"attributes\": {\"step\": null, \"low\": 0.0, \"high\": 1.5, \"log\": false}}"}
{"op_code":4,"worker_id":"5259e476-cfc5-456c-a9e8-7c287de16a53-19068","study_id":0,"datetime_start":"2026-07-14T11:39:05.405858"}
{"op_code":5,"worker_id":"7da914b9-7e55-4947-88b4-3a7ed341d31d-4680","trial_id":6,"param_name":"unified_alpha","param_value_internal":1.4345242342057838e-05,"distribution":"{\"name\": \"FloatDistribution\", \"attributes\": {\"step\": null, \"low\": 1e-05, \"high\": 10.0, \"log\": true}}"}
{"op_code":5,"worker_id":"7da914b9-7e55-4947-88b4-3a7ed341d31d-4680","trial_id":6,"param_name":"unified_rho","param_value_internal":0.21077063993129397,"distribution":"{\"name\": \"FloatDistribution\", \"attributes\": {\"step\": null, \"low\": 0.0, \"high\": 1.0, \"log\": false}}"}
{"op_code":5,"worker_id":"7da914b9-7e55-4947-88b4-3a7ed341d31d-4680","trial_id":6,"param_name":"unified_gamma","param_value_internal":347.4398816847049,"distribution":"{\"name\": \"FloatDistribution\", \"attributes\": {\"step\": null, \"low\": 1.5, \"high\": 10000.0, \"log\": true}}"}
{"op_code":5,"worker_id":"7da914b9-7e55-4947-88b4-3a7ed341d31d-4680","trial_id":6,"param_name":"huber_delta","param_value_internal":0.9422800940160463,"distribution":"{\"name\": \"FloatDistribution\", \"attributes\": {\"step\": null, \"low\": 0.5, \"high\": 5.0, \"log\": false}}"}
{"op_code":5,"worker_id":"5259e476-cfc5-456c-a9e8-7c287de16a53-19068","trial_id":97,"param_name":"k_weight","param_value_internal":0.27847324223437075,"distribution":"{\"name\": \"FloatDistribution\", \"attributes\": {\"step\": null, \"low\": 0.0, \"high\": 1.5, \"log\": false}}"}
{"op_code":5,"worker_id":"5259e476-cfc5-456c-a9e8-7c287de16a53-19068","trial_id":97,"param_name":"unified_alpha","param_value_internal":0.2209703454474092,"distribution":"{\"name\": \"FloatDistribution\", \"attributes\": {\"step\": null, \"low\": 1e-05, \"high\": 10.0, \"log\": true}}"}
{"op_code":5,"worker_id":"5259e476-cfc5-456c-a9e8-7c287de16a53-19068","trial_id":97,"param_name":"unified_rho","param_value_internal":0.401380601118165,"distribution":"{\"name\": \"FloatDistribution\", \"attributes\": {\"step\": null, \"low\": 0.0, \"high\": 1.0, \"log\": false}}"}
{"op_code":5,"worker_id":"5259e476-cfc5-456c-a9e8-7c287de16a53-19068","trial_id":97,"param_name":"unified_gamma","param_value_internal":594.0299025878517,"distribution":"{\"name\": \"FloatDistribution\", \"attributes\": {\"step\": null, \"low\": 1.5, \"high\": 10000.0, \"log\": true}}"}
{"op_code":5,"worker_id":"5259e476-cfc5-456c-a9e8-7c287de16a53-19068","trial_id":97,"param_name":"huber_delta","param_value_internal":3.2559140896588037,"distribution":"{\"name\": \"FloatDistribution\", \"attributes\": {\"step\": null, \"low\": 0.5, \"high\": 5.0, \"log\": false}}"}
{"op_code":8,"worker_id":"7da914b9-7e55-4947-88b4-3a7ed341d31d-4680","trial_id":6,"user_attr":{"constraints":[-0.0679556312187698,-0.09002870006803494,0.26666666666666666,0.1994949494949495,0.030286786707609165,-16.0,-8.0,0.1020942920942921,0.16666666666666669,-1407.9819636773489,-0.058251633986928175,-0.04938949938949938]}}
{"op_code":8,"worker_id":"7da914b9-7e55-4947-88b4-3a7ed341d31d-4680","trial_id":6,"user_attr":{"pruned_reasons":["M3 (Hit Rate < 60%)","M5 (Monotonicity <= 0.25)","M6 (Top-Bottom Spread <= 0)","Side-specific Yearly Tail IC Mean (-0.1021 <= 0)","Side-specific Hit Rate (33.33% < 50%)"]}}
{"op_code":8,"worker_id":"7da914b9-7e55-4947-88b4-3a7ed341d31d-4680","trial_id":6,"user_attr":{"gini":0.3558032826947166}}
{"op_code":8,"worker_id":"7da914b9-7e55-4947-88b4-3a7ed341d31d-4680","trial_id":6,"user_attr":{"cv_is_ics":[0.22944170236587524,0.21347752213478088,0.1836869865655899,0.17760398983955383,0.22457055747509003,0.24962112307548523,0.2369600087404251,0.23536638915538788,0.2761138081550598,0.23921602964401245,0.2106918841600418,0.25661176443099976,0.21327796578407288,0.22561971843242645,0.1795867532491684]}}
{"op_code":8,"worker_id":"7da914b9-7e55-4947-88b4-3a7ed341d31d-4680","trial_id":6,"user_attr":{"cv_oos_ics":[-0.029896583408117294,0.1453591287136078,0.07557208091020584,0.004261157009750605,-0.04577963054180145,0.057259365916252136,0.045810021460056305,0.024678049609065056,-0.028851691633462906,0.04276327043771744,-0.005471748765558004,-0.05021780729293823,0.010041014291346073,0.05191100016236305,0.10200564563274384]}}
{"op_code":8,"worker_id":"7da914b9-7e55-4947-88b4-3a7ed341d31d-4680","trial_id":6,"user_attr":{"reg_kappa":3.528694586811358}}
{"op_code":8,"worker_id":"7da914b9-7e55-4947-88b4-3a7ed341d31d-4680","trial_id":6,"user_attr":{"raw_metrics":[0.24953613701640867,0.09002870006803494,0.3333333333333333,0.0679556312187698,0.0505050505050505,-0.030286786707609165,-0.43429599097119775,-0.44139373302459717,0.5082516339869282]}}
{"op_code":8,"worker_id":"7da914b9-7e55-4947-88b4-3a7ed341d31d-4680","trial_id":6,"user_attr":{"val_metrics":[0.07847637874250636,-0.1589491845833129,0.17575757575757575,0.23238197583165288,-7.503812991080871]}}
{"op_code":8,"worker_id":"5259e476-cfc5-456c-a9e8-7c287de16a53-19068","trial_id":97,"user_attr":{"constraints":[-0.14613654850415703,-0.19257938132740424,-0.06666666666666665,-0.13181818181818178,-0.503491185153378,-50.0,2.0,0.1828026898506768,0.16666666666666669,-1371.677811080673,-0.080718954248366,-0.05518925518925516]}}
{"op_code":8,"worker_id":"5259e476-cfc5-456c-a9e8-7c287de16a53-19068","trial_id":97,"user_attr":{"pruned_reasons":["Active features count (3) is less than active feature floor (5)","Side-specific Yearly Tail IC Mean (-0.1828 <= 0)","Side-specific Hit Rate (33.33% < 50%)"]}}
{"op_code":8,"worker_id":"5259e476-cfc5-456c-a9e8-7c287de16a53-19068","trial_id":97,"user_attr":{"gini":0.8923975890149114}}
{"op_code":8,"worker_id":"5259e476-cfc5-456c-a9e8-7c287de16a53-19068","trial_id":97,"user_attr":{"cv_is_ics":[0.1897784024477005,0.17462097108364105,0.153757244348526,0.15597060322761536,0.17096081376075745,0.22089934349060059,0.1784716248512268,0.20237530767917633,0.2448558509349823,0.1816210299730301,0.18132850527763367,0.1910683661699295,0.1408424973487854,0.15736123919487,0.1507556289434433]}}
{"op_code":8,"worker_id":"5259e476-cfc5-456c-a9e8-7c287de16a53-19068","trial_id":97,"user_attr":{"cv_oos_ics":[-0.017059149220585823,0.14790865778923035,0.07787028700113297,0.10981014370918274,0.08680375665426254,0.08202939480543137,0.09794215112924576,0.06193378195166588,0.012971477583050728,0.14585600793361664,0.02769855409860611,0.09602442383766174,0.14097249507904053,0.13430188596248627,0.10220474749803543]}}
{"op_code":8,"worker_id":"5259e476-cfc5-456c-a9e8-7c287de16a53-19068","trial_id":97,"user_attr":{"reg_kappa":2.8115916903230227}}
{"op_code":8,"worker_id":"5259e476-cfc5-456c-a9e8-7c287de16a53-19068","trial_id":97,"user_attr":{"raw_metrics":[0.639376667359616,0.19257938132740424,0.6666666666666666,0.14613654850415703,0.3818181818181818,0.503491185153378,-0.05567800899463441,-0.06248629093170166,0.530718954248366]}}
{"op_code":8,"worker_id":"5259e476-cfc5-456c-a9e8-7c287de16a53-19068","trial_id":97,"user_attr":{"val_metrics":[0.03693553253484854,-0.0911487978915182,0.1393939393939394,-0.10909692343810332,-8.316174995563681]}}
{"op_code":8,"worker_id":"5259e476-cfc5-456c-a9e8-7c287de16a53-19068","trial_id":97,"user_attr":{"deflated_objective":-0.96071801381589}}
{"op_code":9,"worker_id":"5259e476-cfc5-456c-a9e8-7c287de16a53-19068","trial_id":97,"system_attr":{"constraints":[-0.14613654850415703,-0.19257938132740424,-0.06666666666666665,-0.13181818181818178,-0.503491185153378,-50.0,2.0,0.1828026898506768,0.16666666666666669,-1371.677811080673,-0.080718954248366,-0.05518925518925516]}}
{"op_code":6,"worker_id":"5259e476-cfc5-456c-a9e8-7c287de16a53-19068","trial_id":97,"state":1,"values":[-0.7695466323180755],"datetime_complete":"2026-07-14T11:39:08.520351"}
{"op_code":8,"worker_id":"7da914b9-7e55-4947-88b4-3a7ed341d31d-4680","trial_id":6,"user_attr":{"deflated_objective":-0.6502738886321353}}
{"op_code":9,"worker_id":"7da914b9-7e55-4947-88b4-3a7ed341d31d-4680","trial_id":6,"system_attr":{"constraints":[-0.0679556312187698,-0.09002870006803494,0.26666666666666666,0.1994949494949495,0.030286786707609165,-16.0,-8.0,0.1020942920942921,0.16666666666666669,-1407.9819636773489,-0.058251633986928175,-0.04938949938949938]}}
{"op_code":6,"worker_id":"7da914b9-7e55-4947-88b4-3a7ed341d31d-4680","trial_id":6,"state":1,"values":[-0.46393153697510114],"datetime_complete":"2026-07-14T11:39:08.541690"}
{"op_code":4,"worker_id":"3c953bd9-c2fb-4f60-ae5c-389cf55e7982-31524","study_id":0,"datetime_start":"2026-07-14T11:39:06.634675"}
{"op_code":5,"worker_id":"3c953bd9-c2fb-4f60-ae5c-389cf55e7982-31524","trial_id":98,"param_name":"k_weight","param_value_internal":0.2978156711072186,"distribution":"{\"name\": \"FloatDistribution\", \"attributes\": {\"step\": null, \"low\": 0.0, \"high\": 1.5, \"log\": false}}"}
{"op_code":5,"worker_id":"3c953bd9-c2fb-4f60-ae5c-389cf55e7982-31524","trial_id":98,"param_name":"unified_alpha","param_value_internal":0.00018962941215054326,"distribution":"{\"name\": \"FloatDistribution\", \"attributes\": {\"step\": null, \"low\": 1e-05, \"high\": 10.0, \"log\": true}}"}
{"op_code":5,"worker_id":"3c953bd9-c2fb-4f60-ae5c-389cf55e7982-31524","trial_id":98,"param_name":"unified_rho","param_value_internal":0.27299283146966713,"distribution":"{\"name\": \"FloatDistribution\", \"attributes\": {\"step\": null, \"low\": 0.0, \"high\": 1.0, \"log\": false}}"}
{"op_code":5,"worker_id":"3c953bd9-c2fb-4f60-ae5c-389cf55e7982-31524","trial_id":98,"param_name":"unified_gamma","param_value_internal":831.6929110967747,"distribution":"{\"name\": \"FloatDistribution\", \"attributes\": {\"step\": null, \"low\": 1.5, \"high\": 10000.0, \"log\": true}}"}
{"op_code":5,"worker_id":"3c953bd9-c2fb-4f60-ae5c-389cf55e7982-31524","trial_id":98,"param_name":"huber_delta","param_value_internal":3.05411493231853,"distribution":"{\"name\": \"FloatDistribution\", \"attributes\": {\"step\": null, \"low\": 0.5, \"high\": 5.0, \"log\": false}}"}
{"op_code":8,"worker_id":"19681480-477f-42d8-90bd-08354be586b5-18156","trial_id":7,"user_attr":{"cv_is_ics":[0.22535039484500885,0.17615161836147308,0.14709387719631195,0.16632427275180817,0.1974257379770279,0.2436603158712387,0.2050340622663498,0.21416039764881134,0.25705522298812866,0.20804351568222046,0.1969328671693802,0.2336443066596985,0.19095617532730103,0.17928053438663483,0.16108615696430206]}}
{"op_code":8,"worker_id":"19681480-477f-42d8-90bd-08354be586b5-18156","trial_id":7,"user_attr":{"cv_oos_ics":[-0.020609121769666672,0.11372482776641846,0.09011843055486679,0.024582261219620705,-0.048748910427093506,0.028594911098480225,0.03173384070396423,0.035738445818424225,-0.02722056768834591,0.039279744029045105,0.00870074424892664,-0.042811036109924316,0.030258966609835625,0.05154507979750633,0.11026979237794876]}}
{"op_code":8,"worker_id":"19681480-477f-42d8-90bd-08354be586b5-18156","trial_id":7,"user_attr":{"reg_kappa":3.44599154227513}}
{"op_code":8,"worker_id":"19681480-477f-42d8-90bd-08354be586b5-18156","trial_id":7,"user_attr":{"raw_metrics":[-0.04914405043079365,-0.015717208869363352,0.3333333333333333,0.09103632498545818,0.07474747474747474,-0.14653071630072487,-0.37880229710266394,-0.34829023480415344,0.49844771241830066]}}
{"op_code":8,"worker_id":"19681480-477f-42d8-90bd-08354be586b5-18156","trial_id":7,"user_attr":{"val_metrics":[0.09135318650012163,-0.24914894948439245,0.40606060606060607,0.3418172201735602,-6.288868018524142]}}
{"op_code":8,"worker_id":"19681480-477f-42d8-90bd-08354be586b5-18156","trial_id":7,"user_attr":{"deflated_objective":-0.19563366002823862}}
{"op_code":9,"worker_id":"19681480-477f-42d8-90bd-08354be586b5-18156","trial_id":7,"system_attr":{"constraints":[-0.09103632498545818,0.015717208869363352,0.26666666666666666,0.17525252525252527,0.14653071630072487,-18.0,-6.0,0.19783904783904785,0.16666666666666669,-1410.4220542646096,-0.04844771241830065,-0.00889295889295888]}}
{"op_code":6,"worker_id":"19681480-477f-42d8-90bd-08354be586b5-18156","trial_id":7,"state":1,"values":[0.010284529845801395],"datetime_complete":"2026-07-14T11:39:08.717925"}
{"op_code":8,"worker_id":"3c953bd9-c2fb-4f60-ae5c-389cf55e7982-31524","trial_id":98,"user_attr":{"constraints":[-0.0910809719032362,-0.09900068344552522,0.26666666666666666,0.13080808080808082,-0.20040986416638226,-40.0,-8.0,-0.019677656954729002,0.16666666666666669,-1371.297635805633,-0.09444444444444439,-0.062210012210012156]}}
{"op_code":8,"worker_id":"3c953bd9-c2fb-4f60-ae5c-389cf55e7982-31524","trial_id":98,"user_attr":{"pruned_reasons":["M3 (Hit Rate < 60%)","M5 (Monotonicity <= 0.25)","Side-specific Hit Rate (33.33% < 50%)"]}}
{"op_code":8,"worker_id":"3c953bd9-c2fb-4f60-ae5c-389cf55e7982-31524","trial_id":98,"user_attr":{"gini":0.40871697222067205}}
{"op_code":8,"worker_id":"3c953bd9-c2fb-4f60-ae5c-389cf55e7982-31524","trial_id":98,"user_attr":{"cv_is_ics":[0.23620222508907318,0.21032144129276276,0.18895147740840912,0.17200717329978943,0.2151661068201065,0.2479049563407898,0.23537367582321167,0.23290584981441498,0.27528437972068787,0.24054402112960815,0.2080250084400177,0.26187559962272644,0.21013878285884857,0.21109646558761597,0.17563773691654205]}}
{"op_code":8,"worker_id":"3c953bd9-c2fb-4f60-ae5c-389cf55e7982-31524","trial_id":98,"user_attr":{"cv_oos_ics":[-0.016433242708444595,0.1486910581588745,0.08113424479961395,0.02441946417093277,-0.030581258237361908,0.041217006742954254,0.04451398923993111,-0.006868887227028608,-0.031397610902786255,0.035314153879880905,-0.003075685352087021,-0.03543217480182648,0.011177404783666134,0.05722769349813461,0.11935415863990784]}}
{"op_code":8,"worker_id":"3c953bd9-c2fb-4f60-ae5c-389cf55e7982-31524","trial_id":98,"user_attr":{"reg_kappa":3.4359075903630405}}
{"op_code":8,"worker_id":"3c953bd9-c2fb-4f60-ae5c-389cf55e7982-31524","trial_id":98,"user_attr":{"raw_metrics":[0.22897476454208016,0.09900068344552522,0.3333333333333333,0.0910809719032362,0.11919191919191918,0.20040986416638226,-0.2428760281550072,-0.24244384467601776,0.5444444444444444]}}
{"op_code":8,"worker_id":"3c953bd9-c2fb-4f60-ae5c-389cf55e7982-31524","trial_id":98,"user_attr":{"val_metrics":[0.07172040539375098,-0.1818344532866492,0.5393939393939394,0.2744431815150639,-7.031506301802834]}}
{"op_code":8,"worker_id":"3c953bd9-c2fb-4f60-ae5c-389cf55e7982-31524","trial_id":98,"user_attr":{"deflated_objective":-0.45399360524157983}}
{"op_code":9,"worker_id":"3c953bd9-c2fb-4f60-ae5c-389cf55e7982-31524","trial_id":98,"system_attr":{"constraints":[-0.0910809719032362,-0.09900068344552522,0.26666666666666666,0.13080808080808082,-0.20040986416638226,-40.0,-8.0,-0.019677656954729002,0.16666666666666669,-1371.297635805633,-0.09444444444444439,-0.062210012210012156]}}
{"op_code":6,"worker_id":"3c953bd9-c2fb-4f60-ae5c-389cf55e7982-31524","trial_id":98,"state":1,"values":[-0.24847492973800572],"datetime_complete":"2026-07-14T11:39:08.752420"}
{"op_code":4,"worker_id":"3c953bd9-c2fb-4f60-ae5c-389cf55e7982-31524","study_id":0,"datetime_start":"2026-07-14T11:39:08.754536"}
{"op_code":5,"worker_id":"3c953bd9-c2fb-4f60-ae5c-389cf55e7982-31524","trial_id":99,"param_name":"k_weight","param_value_internal":0.5580087035096817,"distribution":"{\"name\": \"FloatDistribution\", \"attributes\": {\"step\": null, \"low\": 0.0, \"high\": 1.5, \"log\": false}}"}
{"op_code":5,"worker_id":"3c953bd9-c2fb-4f60-ae5c-389cf55e7982-31524","trial_id":99,"param_name":"unified_alpha","param_value_internal":0.0005059567917379104,"distribution":"{\"name\": \"FloatDistribution\", \"attributes\": {\"step\": null, \"low\": 1e-05, \"high\": 10.0, \"log\": true}}"}
{"op_code":5,"worker_id":"3c953bd9-c2fb-4f60-ae5c-389cf55e7982-31524","trial_id":99,"param_name":"unified_rho","param_value_internal":0.227461173632393,"distribution":"{\"name\": \"FloatDistribution\", \"attributes\": {\"step\": null, \"low\": 0.0, \"high\": 1.0, \"log\": false}}"}
{"op_code":5,"worker_id":"3c953bd9-c2fb-4f60-ae5c-389cf55e7982-31524","trial_id":99,"param_name":"unified_gamma","param_value_internal":2649.4510316877813,"distribution":"{\"name\": \"FloatDistribution\", \"attributes\": {\"step\": null, \"low\": 1.5, \"high\": 10000.0, \"log\": true}}"}
{"op_code":5,"worker_id":"3c953bd9-c2fb-4f60-ae5c-389cf55e7982-31524","trial_id":99,"param_name":"huber_delta","param_value_internal":3.42043860334326,"distribution":"{\"name\": \"FloatDistribution\", \"attributes\": {\"step\": null, \"low\": 0.5, \"high\": 5.0, \"log\": false}}"}
{"op_code":8,"worker_id":"3c953bd9-c2fb-4f60-ae5c-389cf55e7982-31524","trial_id":99,"user_attr":{"constraints":[-0.08555105946748469,-0.05468979338995428,0.26666666666666666,0.08232323232323233,-0.01486055332623537,-34.0,-8.0,-0.01913935913935914,-0.16666666666666663,-1377.0810191348996,-0.06111111111111106,-0.00533170533170535]}}
{"op_code":8,"worker_id":"3c953bd9-c2fb-4f60-ae5c-389cf55e7982-31524","trial_id":99,"user_attr":{"pruned_reasons":["M3 (Hit Rate < 60%)","M5 (Monotonicity <= 0.25)"]}}
{"op_code":8,"worker_id":"3c953bd9-c2fb-4f60-ae5c-389cf55e7982-31524","trial_id":99,"user_attr":{"gini":0.40790166263023786}}
{"op_code":8,"worker_id":"3c953bd9-c2fb-4f60-ae5c-389cf55e7982-31524","trial_id":99,"user_attr":{"cv_is_ics":[0.23058532178401947,0.19855844974517822,0.17811959981918335,0.16648167371749878,0.20926521718502045,0.25032147765159607,0.2305164337158203,0.2291252464056015,0.273989200592041,0.2362288534641266,0.20510073006153107,0.25556352734565735,0.2033006101846695,0.20285221934318542,0.17128297686576843]}}
{"op_code":8,"worker_id":"3c953bd9-c2fb-4f60-ae5c-389cf55e7982-31524","trial_id":99,"user_attr":{"cv_oos_ics":[-0.023237619549036026,0.1388106644153595,0.08094298839569092,0.01783016137778759,-0.04169706255197525,0.035242609679698944,0.03363047167658806,0.006774056702852249,-0.03987109288573265,0.03314564377069473,0.0010526240803301334,-0.043279290199279785,0.017080629244446754,0.05707263946533203,0.11817888170480728]}}
{"op_code":8,"worker_id":"3c953bd9-c2fb-4f60-ae5c-389cf55e7982-31524","trial_id":99,"user_attr":{"reg_kappa":3.448670653918833}}
{"op_code":8,"worker_id":"3c953bd9-c2fb-4f60-ae5c-389cf55e7982-31524","trial_id":99,"user_attr":{"raw_metrics":[0.1375547486797111,0.05468979338995428,0.3333333333333333,0.08555105946748469,0.16767676767676767,0.01486055332623537,-0.2724550835968044,-0.27395573258399963,0.5111111111111111]}}
{"op_code":8,"worker_id":"3c953bd9-c2fb-4f60-ae5c-389cf55e7982-31524","trial_id":99,"user_attr":{"val_metrics":[0.08054603261112173,-0.262948872615712,0.47878787878787876,0.2750174833353663,-6.774916473439514]}}
{"op_code":8,"worker_id":"3c953bd9-c2fb-4f60-ae5c-389cf55e7982-31524","trial_id":99,"user_attr":{"deflated_objective":-0.38732934593867185}}
{"op_code":9,"worker_id":"3c953bd9-c2fb-4f60-ae5c-389cf55e7982-31524","trial_id":99,"system_attr":{"constraints":[-0.08555105946748469,-0.05468979338995428,0.26666666666666666,0.08232323232323233,-0.01486055332623537,-34.0,-8.0,-0.01913935913935914,-0.16666666666666663,-1377.0810191348996,-0.06111111111111106,-0.00533170533170535]}}
{"op_code":6,"worker_id":"3c953bd9-c2fb-4f60-ae5c-389cf55e7982-31524","trial_id":99,"state":1,"values":[-0.1834628094696733],"datetime_complete":"2026-07-14T11:39:08.828928"}
{"op_code":8,"worker_id":"a89cb26f-c82c-4237-be2e-e02e0fd73171-12024","trial_id":4,"user_attr":{"raw_metrics":[0.16806923115972983,0.06541400570544141,0.3333333333333333,0.0838227794915876,-0.01010101010101011,0.04685812107098649,-0.23867766904502544,-0.25873205065727234,0.5180555555555556]}}
{"op_code":8,"worker_id":"a89cb26f-c82c-4237-be2e-e02e0fd73171-12024","trial_id":4,"user_attr":{"val_metrics":[0.07839759836944293,-0.26898731138882004,0.4303030303030303,0.18313578568884858,-6.532986664868516]}}
{"op_code":8,"worker_id":"a89cb26f-c82c-4237-be2e-e02e0fd73171-12024","trial_id":4,"user_attr":{"deflated_objective":-0.2962295653669702}}
{"op_code":9,"worker_id":"a89cb26f-c82c-4237-be2e-e02e0fd73171-12024","trial_id":4,"system_attr":{"constraints":[-0.0838227794915876,-0.06541400570544141,0.26666666666666666,0.2601010101010101,-0.04685812107098649,-38.0,-7.0,0.02975546975546976,0.16666666666666669,-1374.1989613968544,-0.06805555555555559,-0.00533170533170535]}}
{"op_code":6,"worker_id":"a89cb26f-c82c-4237-be2e-e02e0fd73171-12024","trial_id":4,"state":1,"values":[-0.0941695898320992],"datetime_complete":"2026-07-14T11:39:08.885964"}
{"op_code":8,"worker_id":"6478025b-1cdd-4beb-926a-e84da770a99e-14384","trial_id":27,"user_attr":{"constraints":[-0.08328816208444606,-0.13250685187034195,0.26666666666666666,0.2196969696969697,-0.12616944185269427,-39.0,-8.0,-0.03958804958804958,-0.16666666666666663,-1371.7858904227867,-0.06805555555555559,-0.014590964590964539]}}
{"op_code":8,"worker_id":"6478025b-1cdd-4beb-926a-e84da770a99e-14384","trial_id":27,"user_attr":{"pruned_reasons":["M3 (Hit Rate < 60%)","M5 (Monotonicity <= 0.25)"]}}
{"op_code":8,"worker_id":"6478025b-1cdd-4beb-926a-e84da770a99e-14384","trial_id":27,"user_attr":{"gini":0.4125792672379571}}
{"op_code":8,"worker_id":"6478025b-1cdd-4beb-926a-e84da770a99e-14384","trial_id":27,"user_attr":{"cv_is_ics":[0.22884616255760193,0.20338508486747742,0.18600955605506897,0.16814731061458588,0.2100028246641159,0.24772807955741882,0.2325480431318283,0.23071692883968353,0.2746228873729706,0.23901404440402985,0.2079787254333496,0.2582283318042755,0.20821347832679749,0.20922186970710754,0.17416439950466156]}}
{"op_code":8,"worker_id":"6478025b-1cdd-4beb-926a-e84da770a99e-14384","trial_id":27,"user_attr":{"cv_oos_ics":[-0.025403007864952087,0.139804869890213,0.08310526609420776,0.01644718088209629,-0.032144200056791306,0.030137505382299423,0.04110953211784363,-0.000730194675270468,-0.039371829479932785,0.03371938318014145,0.003164194291457534,-0.03853163868188858,0.011101540178060532,0.05873943865299225,0.11658652126789093]}}
{"op_code":8,"worker_id":"6478025b-1cdd-4beb-926a-e84da770a99e-14384","trial_id":27,"user_attr":{"reg_kappa":3.4380323067055913}}
{"op_code":8,"worker_id":"6478025b-1cdd-4beb-926a-e84da770a99e-14384","trial_id":27,"user_attr":{"raw_metrics":[0.28763201679210393,0.13250685187034195,0.3333333333333333,0.08328816208444606,0.030303030303030293,0.12616944185269427,-0.2458472225759134,-0.2446620911359787,0.5180555555555556]}}
{"op_code":8,"worker_id":"6478025b-1cdd-4beb-926a-e84da770a99e-14384","trial_id":27,"user_attr":{"val_metrics":[0.07339081635480763,-0.2784222629482593,0.5636363636363636,0.21554788627216348,-6.798295237189795]}}
{"op_code":8,"worker_id":"6478025b-1cdd-4beb-926a-e84da770a99e-14384","trial_id":27,"user_attr":{"deflated_objective":-0.3916818544054599}}
{"op_code":9,"worker_id":"6478025b-1cdd-4beb-926a-e84da770a99e-14384","trial_id":27,"system_attr":{"constraints":[-0.08328816208444606,-0.13250685187034195,0.26666666666666666,0.2196969696969697,-0.12616944185269427,-39.0,-8.0,-0.03958804958804958,-0.16666666666666663,-1371.7858904227867,-0.06805555555555559,-0.014590964590964539]}}
{"op_code":6,"worker_id":"6478025b-1cdd-4beb-926a-e84da770a99e-14384","trial_id":27,"state":1,"values":[-0.19123434424281038],"datetime_complete":"2026-07-14T11:39:09.002315"}
