{"op_code":0,"worker_id":"d1728508-46cf-4887-ba5f-0240fd1bcfb9-22948","study_name":"main_300ETF_short_r202412_sortino_armC","directions":[2]}
{"op_code":4,"worker_id":"ac4f73a6-dc9e-49cb-a580-92f538d9bd40-11668","study_id":0,"datetime_start":"2026-07-14T11:40:40.732248"}
{"op_code":5,"worker_id":"ac4f73a6-dc9e-49cb-a580-92f538d9bd40-11668","trial_id":0,"param_name":"k_weight","param_value_internal":0.17258184958466843,"distribution":"{\"name\": \"FloatDistribution\", \"attributes\": {\"step\": null, \"low\": 0.0, \"high\": 1.5, \"log\": false}}"}
{"op_code":4,"worker_id":"35f189dc-d7bb-4c6f-9016-12f1a22545a0-31796","study_id":0,"datetime_start":"2026-07-14T11:40:40.734879"}
{"op_code":4,"worker_id":"73467b8a-3763-433c-b628-4ad6bde59b68-29612","study_id":0,"datetime_start":"2026-07-14T11:40:40.736674"}
{"op_code":5,"worker_id":"73467b8a-3763-433c-b628-4ad6bde59b68-29612","trial_id":2,"param_name":"k_weight","param_value_internal":1.4835172702134,"distribution":"{\"name\": \"FloatDistribution\", \"attributes\": {\"step\": null, \"low\": 0.0, \"high\": 1.5, \"log\": false}}"}
{"op_code":4,"worker_id":"9598ece5-50fe-4dab-ba3b-33e0a59f93d8-3216","study_id":0,"datetime_start":"2026-07-14T11:40:40.740535"}
{"op_code":5,"worker_id":"35f189dc-d7bb-4c6f-9016-12f1a22545a0-31796","trial_id":1,"param_name":"k_weight","param_value_internal":1.252263222998474,"distribution":"{\"name\": \"FloatDistribution\", \"attributes\": {\"step\": null, \"low\": 0.0, \"high\": 1.5, \"log\": false}}"}
{"op_code":4,"worker_id":"76b46dc3-67db-4bb4-875e-46958d1e5492-7108","study_id":0,"datetime_start":"2026-07-14T11:40:40.743003"}
{"op_code":5,"worker_id":"ac4f73a6-dc9e-49cb-a580-92f538d9bd40-11668","trial_id":0,"param_name":"unified_alpha","param_value_internal":0.0451231319213065,"distribution":"{\"name\": \"FloatDistribution\", \"attributes\": {\"step\": null, \"low\": 1e-05, \"high\": 10.0, \"log\": true}}"}
{"op_code":4,"worker_id":"fb4aeae4-ecbc-4683-bc8c-201ccc87f1e8-24364","study_id":0,"datetime_start":"2026-07-14T11:40:40.747824"}
{"op_code":4,"worker_id":"4da0066f-4cba-4d73-a9a5-42b972b36874-30084","study_id":0,"datetime_start":"2026-07-14T11:40:40.745131"}
{"op_code":5,"worker_id":"ac4f73a6-dc9e-49cb-a580-92f538d9bd40-11668","trial_id":0,"param_name":"unified_rho","param_value_internal":0.13339096418598828,"distribution":"{\"name\": \"FloatDistribution\", \"attributes\": {\"step\": null, \"low\": 0.0, \"high\": 1.0, \"log\": false}}"}
{"op_code":5,"worker_id":"73467b8a-3763-433c-b628-4ad6bde59b68-29612","trial_id":2,"param_name":"unified_alpha","param_value_internal":0.019827518376799098,"distribution":"{\"name\": \"FloatDistribution\", \"attributes\": {\"step\": null, \"low\": 1e-05, \"high\": 10.0, \"log\": true}}"}
{"op_code":4,"worker_id":"1a225fd0-9720-4c8a-ab3a-537beea67e20-16052","study_id":0,"datetime_start":"2026-07-14T11:40:40.752646"}
{"op_code":5,"worker_id":"fb4aeae4-ecbc-4683-bc8c-201ccc87f1e8-24364","trial_id":5,"param_name":"k_weight","param_value_internal":0.45144668378387187,"distribution":"{\"name\": \"FloatDistribution\", \"attributes\": {\"step\": null, \"low\": 0.0, \"high\": 1.5, \"log\": false}}"}
{"op_code":4,"worker_id":"31ed2b4d-2ddd-4676-8c9e-270b55d03ecb-12024","study_id":0,"datetime_start":"2026-07-14T11:40:40.755483"}
{"op_code":5,"worker_id":"1a225fd0-9720-4c8a-ab3a-537beea67e20-16052","trial_id":7,"param_name":"k_weight","param_value_internal":1.0135971232553285,"distribution":"{\"name\": \"FloatDistribution\", \"attributes\": {\"step\": null, \"low\": 0.0, \"high\": 1.5, \"log\": false}}"}
{"op_code":5,"worker_id":"73467b8a-3763-433c-b628-4ad6bde59b68-29612","trial_id":2,"param_name":"unified_rho","param_value_internal":0.28144730195506285,"distribution":"{\"name\": \"FloatDistribution\", \"attributes\": {\"step\": null, \"low\": 0.0, \"high\": 1.0, \"log\": false}}"}
{"op_code":4,"worker_id":"33e8163f-dc6d-4c92-8fdf-b5d25cbc813a-27448","study_id":0,"datetime_start":"2026-07-14T11:40:40.757506"}
{"op_code":5,"worker_id":"fb4aeae4-ecbc-4683-bc8c-201ccc87f1e8-24364","trial_id":5,"param_name":"unified_alpha","param_value_internal":0.0003036483963037555,"distribution":"{\"name\": \"FloatDistribution\", \"attributes\": {\"step\": null, \"low\": 1e-05, \"high\": 10.0, \"log\": true}}"}
{"op_code":5,"worker_id":"33e8163f-dc6d-4c92-8fdf-b5d25cbc813a-27448","trial_id":9,"param_name":"k_weight","param_value_internal":1.2699936108152008,"distribution":"{\"name\": \"FloatDistribution\", \"attributes\": {\"step\": null, \"low\": 0.0, \"high\": 1.5, \"log\": false}}"}
{"op_code":4,"worker_id":"c62b574f-9b77-45dc-89bb-dcb1d34bf5c9-18156","study_id":0,"datetime_start":"2026-07-14T11:40:40.762125"}
{"op_code":4,"worker_id":"ed6707d7-bd4d-45be-b4d6-1be6d1288e54-4680","study_id":0,"datetime_start":"2026-07-14T11:40:40.764815"}
{"op_code":5,"worker_id":"ed6707d7-bd4d-45be-b4d6-1be6d1288e54-4680","trial_id":11,"param_name":"k_weight","param_value_internal":1.476287775813865,"distribution":"{\"name\": \"FloatDistribution\", \"attributes\": {\"step\": null, \"low\": 0.0, \"high\": 1.5, \"log\": false}}"}
{"op_code":5,"worker_id":"33e8163f-dc6d-4c92-8fdf-b5d25cbc813a-27448","trial_id":9,"param_name":"unified_alpha","param_value_internal":0.023280550286246,"distribution":"{\"name\": \"FloatDistribution\", \"attributes\": {\"step\": null, \"low\": 1e-05, \"high\": 10.0, \"log\": true}}"}
{"op_code":5,"worker_id":"ac4f73a6-dc9e-49cb-a580-92f538d9bd40-11668","trial_id":0,"param_name":"unified_gamma","param_value_internal":12.476248311536951,"distribution":"{\"name\": \"FloatDistribution\", \"attributes\": {\"step\": null, \"low\": 1.5, \"high\": 10000.0, \"log\": true}}"}
{"op_code":5,"worker_id":"ed6707d7-bd4d-45be-b4d6-1be6d1288e54-4680","trial_id":11,"param_name":"unified_alpha","param_value_internal":0.0010010910900983274,"distribution":"{\"name\": \"FloatDistribution\", \"attributes\": {\"step\": null, \"low\": 1e-05, \"high\": 10.0, \"log\": true}}"}
{"op_code":4,"worker_id":"f025832f-9082-42b8-b88b-95180a129638-19176","study_id":0,"datetime_start":"2026-07-14T11:40:40.770514"}
{"op_code":5,"worker_id":"f025832f-9082-42b8-b88b-95180a129638-19176","trial_id":12,"param_name":"k_weight","param_value_internal":0.5476583745340409,"distribution":"{\"name\": \"FloatDistribution\", \"attributes\": {\"step\": null, \"low\": 0.0, \"high\": 1.5, \"log\": false}}"}
{"op_code":4,"worker_id":"3456a4e9-70a5-40cf-adea-07287786c623-23408","study_id":0,"datetime_start":"2026-07-14T11:40:40.775134"}
{"op_code":5,"worker_id":"31ed2b4d-2ddd-4676-8c9e-270b55d03ecb-12024","trial_id":8,"param_name":"k_weight","param_value_internal":1.234665511064688,"distribution":"{\"name\": \"FloatDistribution\", \"attributes\": {\"step\": null, \"low\": 0.0, \"high\": 1.5, \"log\": false}}"}
{"op_code":5,"worker_id":"3456a4e9-70a5-40cf-adea-07287786c623-23408","trial_id":13,"param_name":"k_weight","param_value_internal":0.45130999506992814,"distribution":"{\"name\": \"FloatDistribution\", \"attributes\": {\"step\": null, \"low\": 0.0, \"high\": 1.5, \"log\": false}}"}
{"op_code":5,"worker_id":"31ed2b4d-2ddd-4676-8c9e-270b55d03ecb-12024","trial_id":8,"param_name":"unified_alpha","param_value_internal":1.4345242342057838e-05,"distribution":"{\"name\": \"FloatDistribution\", \"attributes\": {\"step\": null, \"low\": 1e-05, \"high\": 10.0, \"log\": true}}"}
{"op_code":5,"worker_id":"f025832f-9082-42b8-b88b-95180a129638-19176","trial_id":12,"param_name":"unified_alpha","param_value_internal":0.00509607129650663,"distribution":"{\"name\": \"FloatDistribution\", \"attributes\": {\"step\": null, \"low\": 1e-05, \"high\": 10.0, \"log\": true}}"}
{"op_code":4,"worker_id":"eee3aa36-1fef-4d7f-976c-a646c386b8e6-6576","study_id":0,"datetime_start":"2026-07-14T11:40:40.779847"}
{"op_code":5,"worker_id":"c62b574f-9b77-45dc-89bb-dcb1d34bf5c9-18156","trial_id":10,"param_name":"k_weight","param_value_internal":0.139662430007787,"distribution":"{\"name\": \"FloatDistribution\", \"attributes\": {\"step\": null, \"low\": 0.0, \"high\": 1.5, \"log\": false}}"}
{"op_code":5,"worker_id":"eee3aa36-1fef-4d7f-976c-a646c386b8e6-6576","trial_id":14,"param_name":"k_weight","param_value_internal":0.050632065634812484,"distribution":"{\"name\": \"FloatDistribution\", \"attributes\": {\"step\": null, \"low\": 0.0, \"high\": 1.5, \"log\": false}}"}
{"op_code":4,"worker_id":"d0bf6aad-0f8b-4366-abf6-12159a7e0582-22852","study_id":0,"datetime_start":"2026-07-14T11:40:40.782042"}
{"op_code":5,"worker_id":"c62b574f-9b77-45dc-89bb-dcb1d34bf5c9-18156","trial_id":10,"param_name":"unified_alpha","param_value_internal":6.75982604244183,"distribution":"{\"name\": \"FloatDistribution\", \"attributes\": {\"step\": null, \"low\": 1e-05, \"high\": 10.0, \"log\": true}}"}
{"op_code":5,"worker_id":"d0bf6aad-0f8b-4366-abf6-12159a7e0582-22852","trial_id":15,"param_name":"k_weight","param_value_internal":0.8309115337508797,"distribution":"{\"name\": \"FloatDistribution\", \"attributes\": {\"step\": null, \"low\": 0.0, \"high\": 1.5, \"log\": false}}"}
{"op_code":5,"worker_id":"3456a4e9-70a5-40cf-adea-07287786c623-23408","trial_id":13,"param_name":"unified_alpha","param_value_internal":0.00013233505373256015,"distribution":"{\"name\": \"FloatDistribution\", \"attributes\": {\"step\": null, \"low\": 1e-05, \"high\": 10.0, \"log\": true}}"}
{"op_code":5,"worker_id":"c62b574f-9b77-45dc-89bb-dcb1d34bf5c9-18156","trial_id":10,"param_name":"unified_rho","param_value_internal":0.4838599804636461,"distribution":"{\"name\": \"FloatDistribution\", \"attributes\": {\"step\": null, \"low\": 0.0, \"high\": 1.0, \"log\": false}}"}
{"op_code":4,"worker_id":"41db8080-ccf4-4530-8eac-335685753aef-27064","study_id":0,"datetime_start":"2026-07-14T11:40:40.788226"}
{"op_code":4,"worker_id":"793f62d7-3711-41b8-9896-864ae5ebc04b-31524","study_id":0,"datetime_start":"2026-07-14T11:40:40.790112"}
{"op_code":4,"worker_id":"7674fda4-3026-4e5f-8c85-2eadee8c2739-8436","study_id":0,"datetime_start":"2026-07-14T11:40:40.777881"}
{"op_code":5,"worker_id":"41db8080-ccf4-4530-8eac-335685753aef-27064","trial_id":16,"param_name":"k_weight","param_value_internal":0.32796757522080905,"distribution":"{\"name\": \"FloatDistribution\", \"attributes\": {\"step\": null, \"low\": 0.0, \"high\": 1.5, \"log\": false}}"}
{"op_code":5,"worker_id":"c62b574f-9b77-45dc-89bb-dcb1d34bf5c9-18156","trial_id":10,"param_name":"unified_gamma","param_value_internal":12.690418291229948,"distribution":"{\"name\": \"FloatDistribution\", \"attributes\": {\"step\": null, \"low\": 1.5, \"high\": 10000.0, \"log\": true}}"}
{"op_code":5,"worker_id":"d0bf6aad-0f8b-4366-abf6-12159a7e0582-22852","trial_id":15,"param_name":"unified_alpha","param_value_internal":0.0023849943922257424,"distribution":"{\"name\": \"FloatDistribution\", \"attributes\": {\"step\": null, \"low\": 1e-05, \"high\": 10.0, \"log\": true}}"}
{"op_code":5,"worker_id":"41db8080-ccf4-4530-8eac-335685753aef-27064","trial_id":16,"param_name":"unified_alpha","param_value_internal":1.543179043837076e-05,"distribution":"{\"name\": \"FloatDistribution\", \"attributes\": {\"step\": null, \"low\": 1e-05, \"high\": 10.0, \"log\": true}}"}
{"op_code":5,"worker_id":"41db8080-ccf4-4530-8eac-335685753aef-27064","trial_id":16,"param_name":"unified_rho","param_value_internal":0.2871252773397034,"distribution":"{\"name\": \"FloatDistribution\", \"attributes\": {\"step\": null, \"low\": 0.0, \"high\": 1.0, \"log\": false}}"}
{"op_code":5,"worker_id":"41db8080-ccf4-4530-8eac-335685753aef-27064","trial_id":16,"param_name":"unified_gamma","param_value_internal":6.859124195171953,"distribution":"{\"name\": \"FloatDistribution\", \"attributes\": {\"step\": null, \"low\": 1.5, \"high\": 10000.0, \"log\": true}}"}
{"op_code":5,"worker_id":"eee3aa36-1fef-4d7f-976c-a646c386b8e6-6576","trial_id":14,"param_name":"unified_alpha","param_value_internal":0.008602903428863091,"distribution":"{\"name\": \"FloatDistribution\", \"attributes\": {\"step\": null, \"low\": 1e-05, \"high\": 10.0, \"log\": true}}"}
{"op_code":4,"worker_id":"830a7e59-fd2f-45c0-b8e0-c7913503bd4b-14384","study_id":0,"datetime_start":"2026-07-14T11:40:40.772469"}
{"op_code":5,"worker_id":"41db8080-ccf4-4530-8eac-335685753aef-27064","trial_id":16,"param_name":"huber_delta","param_value_internal":1.8651937139528465,"distribution":"{\"name\": \"FloatDistribution\", \"attributes\": {\"step\": null, \"low\": 0.5, \"high\": 5.0, \"log\": false}}"}
{"op_code":5,"worker_id":"830a7e59-fd2f-45c0-b8e0-c7913503bd4b-14384","trial_id":19,"param_name":"k_weight","param_value_internal":1.3860526733616378,"distribution":"{\"name\": \"FloatDistribution\", \"attributes\": {\"step\": null, \"low\": 0.0, \"high\": 1.5, \"log\": false}}"}
{"op_code":5,"worker_id":"d0bf6aad-0f8b-4366-abf6-12159a7e0582-22852","trial_id":15,"param_name":"unified_rho","param_value_internal":0.04812677258007669,"distribution":"{\"name\": \"FloatDistribution\", \"attributes\": {\"step\": null, \"low\": 0.0, \"high\": 1.0, \"log\": false}}"}
{"op_code":5,"worker_id":"d0bf6aad-0f8b-4366-abf6-12159a7e0582-22852","trial_id":15,"param_name":"unified_gamma","param_value_internal":153.53774586034245,"distribution":"{\"name\": \"FloatDistribution\", \"attributes\": {\"step\": null, \"low\": 1.5, \"high\": 10000.0, \"log\": true}}"}
{"op_code":5,"worker_id":"d0bf6aad-0f8b-4366-abf6-12159a7e0582-22852","trial_id":15,"param_name":"huber_delta","param_value_internal":1.1886736181535065,"distribution":"{\"name\": \"FloatDistribution\", \"attributes\": {\"step\": null, \"low\": 0.5, \"high\": 5.0, \"log\": false}}"}
{"op_code":5,"worker_id":"31ed2b4d-2ddd-4676-8c9e-270b55d03ecb-12024","trial_id":8,"param_name":"unified_rho","param_value_internal":0.21077063993129397,"distribution":"{\"name\": \"FloatDistribution\", \"attributes\": {\"step\": null, \"low\": 0.0, \"high\": 1.0, \"log\": false}}"}
{"op_code":5,"worker_id":"f025832f-9082-42b8-b88b-95180a129638-19176","trial_id":12,"param_name":"unified_rho","param_value_internal":0.4960603487677895,"distribution":"{\"name\": \"FloatDistribution\", \"attributes\": {\"step\": null, \"low\": 0.0, \"high\": 1.0, \"log\": false}}"}
{"op_code":5,"worker_id":"c62b574f-9b77-45dc-89bb-dcb1d34bf5c9-18156","trial_id":10,"param_name":"huber_delta","param_value_internal":2.890057234132639,"distribution":"{\"name\": \"FloatDistribution\", \"attributes\": {\"step\": null, \"low\": 0.5, \"high\": 5.0, \"log\": false}}"}
{"op_code":4,"worker_id":"e73d04a1-ca7d-4371-99cd-43a741be5c70-24340","study_id":0,"datetime_start":"2026-07-14T11:40:40.784914"}
{"op_code":5,"worker_id":"31ed2b4d-2ddd-4676-8c9e-270b55d03ecb-12024","trial_id":8,"param_name":"unified_gamma","param_value_internal":347.4398816847049,"distribution":"{\"name\": \"FloatDistribution\", \"attributes\": {\"step\": null, \"low\": 1.5, \"high\": 10000.0, \"log\": true}}"}
{"op_code":5,"worker_id":"f025832f-9082-42b8-b88b-95180a129638-19176","trial_id":12,"param_name":"unified_gamma","param_value_internal":2.919195228671233,"distribution":"{\"name\": \"FloatDistribution\", \"attributes\": {\"step\": null, \"low\": 1.5, \"high\": 10000.0, \"log\": true}}"}
{"op_code":5,"worker_id":"31ed2b4d-2ddd-4676-8c9e-270b55d03ecb-12024","trial_id":8,"param_name":"huber_delta","param_value_internal":0.9422800940160463,"distribution":"{\"name\": \"FloatDistribution\", \"attributes\": {\"step\": null, \"low\": 0.5, \"high\": 5.0, \"log\": false}}"}
{"op_code":5,"worker_id":"3456a4e9-70a5-40cf-adea-07287786c623-23408","trial_id":13,"param_name":"unified_rho","param_value_internal":0.32318267696821945,"distribution":"{\"name\": \"FloatDistribution\", \"attributes\": {\"step\": null, \"low\": 0.0, \"high\": 1.0, \"log\": false}}"}
{"op_code":4,"worker_id":"010cf2bd-026c-4e53-b1f2-021e06f62386-19068","study_id":0,"datetime_start":"2026-07-14T11:40:40.759593"}
{"op_code":5,"worker_id":"fb4aeae4-ecbc-4683-bc8c-201ccc87f1e8-24364","trial_id":5,"param_name":"unified_rho","param_value_internal":0.9263351350591756,"distribution":"{\"name\": \"FloatDistribution\", \"attributes\": {\"step\": null, \"low\": 0.0, \"high\": 1.0, \"log\": false}}"}
{"op_code":5,"worker_id":"010cf2bd-026c-4e53-b1f2-021e06f62386-19068","trial_id":21,"param_name":"k_weight","param_value_internal":0.6302744507111608,"distribution":"{\"name\": \"FloatDistribution\", \"attributes\": {\"step\": null, \"low\": 0.0, \"high\": 1.5, \"log\": false}}"}
{"op_code":5,"worker_id":"fb4aeae4-ecbc-4683-bc8c-201ccc87f1e8-24364","trial_id":5,"param_name":"unified_gamma","param_value_internal":3850.360914752656,"distribution":"{\"name\": \"FloatDistribution\", \"attributes\": {\"step\": null, \"low\": 1.5, \"high\": 10000.0, \"log\": true}}"}
{"op_code":5,"worker_id":"010cf2bd-026c-4e53-b1f2-021e06f62386-19068","trial_id":21,"param_name":"unified_alpha","param_value_internal":0.001511600342996414,"distribution":"{\"name\": \"FloatDistribution\", \"attributes\": {\"step\": null, \"low\": 1e-05, \"high\": 10.0, \"log\": true}}"}
{"op_code":5,"worker_id":"010cf2bd-026c-4e53-b1f2-021e06f62386-19068","trial_id":21,"param_name":"unified_rho","param_value_internal":0.18487668776145172,"distribution":"{\"name\": \"FloatDistribution\", \"attributes\": {\"step\": null, \"low\": 0.0, \"high\": 1.0, \"log\": false}}"}
{"op_code":5,"worker_id":"33e8163f-dc6d-4c92-8fdf-b5d25cbc813a-27448","trial_id":9,"param_name":"unified_rho","param_value_internal":0.45487540240575286,"distribution":"{\"name\": \"FloatDistribution\", \"attributes\": {\"step\": null, \"low\": 0.0, \"high\": 1.0, \"log\": false}}"}
{"op_code":5,"worker_id":"fb4aeae4-ecbc-4683-bc8c-201ccc87f1e8-24364","trial_id":5,"param_name":"huber_delta","param_value_internal":3.5747454198874413,"distribution":"{\"name\": \"FloatDistribution\", \"attributes\": {\"step\": null, \"low\": 0.5, \"high\": 5.0, \"log\": false}}"}
{"op_code":8,"worker_id":"c62b574f-9b77-45dc-89bb-dcb1d34bf5c9-18156","trial_id":10,"user_attr":{"constraints":[0.029036187188469103,0.011558537409681354,0.43333333333333335,0.346969696969697,0.01388290298895703,-126.0,5.0,0.017627219921117838,0.5,-1178.2229905985575,0.10277777777777775,0.10489417989417987]}}
{"op_code":5,"worker_id":"010cf2bd-026c-4e53-b1f2-021e06f62386-19068","trial_id":21,"param_name":"unified_gamma","param_value_internal":143.8656504427553,"distribution":"{\"name\": \"FloatDistribution\", \"attributes\": {\"step\": null, \"low\": 1.5, \"high\": 10000.0, \"log\": true}}"}
{"op_code":5,"worker_id":"33e8163f-dc6d-4c92-8fdf-b5d25cbc813a-27448","trial_id":9,"param_name":"unified_gamma","param_value_internal":33.325447496589845,"distribution":"{\"name\": \"FloatDistribution\", \"attributes\": {\"step\": null, \"low\": 1.5, \"high\": 10000.0, \"log\": true}}"}
{"op_code":5,"worker_id":"33e8163f-dc6d-4c92-8fdf-b5d25cbc813a-27448","trial_id":9,"param_name":"huber_delta","param_value_internal":3.136331228606768,"distribution":"{\"name\": \"FloatDistribution\", \"attributes\": {\"step\": null, \"low\": 0.5, \"high\": 5.0, \"log\": false}}"}
{"op_code":5,"worker_id":"3456a4e9-70a5-40cf-adea-07287786c623-23408","trial_id":13,"param_name":"unified_gamma","param_value_internal":527.0561194914657,"distribution":"{\"name\": \"FloatDistribution\", \"attributes\": {\"step\": null, \"low\": 1.5, \"high\": 10000.0, \"log\": true}}"}
{"op_code":5,"worker_id":"010cf2bd-026c-4e53-b1f2-021e06f62386-19068","trial_id":21,"param_name":"huber_delta","param_value_internal":0.5387245340394617,"distribution":"{\"name\": \"FloatDistribution\", \"attributes\": {\"step\": null, \"low\": 0.5, \"high\": 5.0, \"log\": false}}"}
{"op_code":5,"worker_id":"3456a4e9-70a5-40cf-adea-07287786c623-23408","trial_id":13,"param_name":"huber_delta","param_value_internal":3.05136860436146,"distribution":"{\"name\": \"FloatDistribution\", \"attributes\": {\"step\": null, \"low\": 0.5, \"high\": 5.0, \"log\": false}}"}
{"op_code":8,"worker_id":"41db8080-ccf4-4530-8eac-335685753aef-27064","trial_id":16,"user_attr":{"constraints":[-0.04589023870289274,-0.057357035447143025,-0.06666666666666665,0.08636363636363634,-0.09209166752071017,-103.0,-8.0,0.15255255255255254,0.33333333333333337,-1190.9001855259569,-0.014583333333333337,-0.060978835978835966]}}
{"op_code":8,"worker_id":"41db8080-ccf4-4530-8eac-335685753aef-27064","trial_id":16,"user_attr":{"pruned_reasons":["M5 (Monotonicity <= 0.25)","Side-specific Yearly Tail IC Mean (-0.1526 <= 0)","Side-specific Hit Rate (16.67% < 50%)"]}}
{"op_code":8,"worker_id":"41db8080-ccf4-4530-8eac-335685753aef-27064","trial_id":16,"user_attr":{"gini":0.41285010761894947}}
{"op_code":8,"worker_id":"41db8080-ccf4-4530-8eac-335685753aef-27064","trial_id":16,"user_attr":{"cv_is_ics":[0.11651560664176941,0.10903720557689667,0.11423557996749878,0.09698818624019623,0.09625708311796188,0.09214778989553452,0.10642159730195999,0.08615395426750183,0.09899429231882095,0.10963181406259537,0.0638934001326561,0.07420653849840164,0.10473912954330444,0.07848162204027176,0.08197834342718124]}}
{"op_code":8,"worker_id":"41db8080-ccf4-4530-8eac-335685753aef-27064","trial_id":16,"user_attr":{"cv_oos_ics":[-0.003634694730862975,-0.013393842615187168,0.022571271285414696,0.05307423695921898,0.03941572457551956,0.03640633076429367,0.020441150292754173,0.04339896887540817,0.015589192509651184,0.021695559844374657,0.002979368669912219,0.0307094044983387,0.04616137221455574,0.05255704000592232,0.052550919353961945]}}
{"op_code":8,"worker_id":"d0bf6aad-0f8b-4366-abf6-12159a7e0582-22852","trial_id":15,"user_attr":{"constraints":[-0.03690382961973652,-0.04734910877929319,-0.06666666666666665,0.08636363636363639,0.016986640649330278,0.0,0.0,0.022286572286572284,0.0,-1250.8748505360647,0.005555555555555591,-0.027910052910052885]}}
{"op_code":8,"worker_id":"c62b574f-9b77-45dc-89bb-dcb1d34bf5c9-18156","trial_id":10,"user_attr":{"pruned_reasons":["M4 (Overall IC <= 0)","M2 (Yearly Tail IC Mean <= 0)","M3 (Hit Rate < 60%)","M5 (Monotonicity <= 0.25)","M6 (Top-Bottom Spread <= 0)","Active features count (0) is less than active feature floor (5)","Side-specific Yearly Tail IC Mean (-0.0176 <= 0)","Side-specific Hit Rate (0.00% < 50%)","Yearly Daily Win Rate (34.72% < 45%)","Side-specific Yearly Daily Win Rate (34.51% < 45%)"]}}
{"op_code":8,"worker_id":"d0bf6aad-0f8b-4366-abf6-12159a7e0582-22852","trial_id":15,"user_attr":{"pruned_reasons":["M5 (Monotonicity <= 0.25)","M6 (Top-Bottom Spread <= 0)","Side-specific Yearly Tail IC Mean (-0.0223 <= 0)","Yearly Daily Win Rate (44.44% < 45%)"]}}
{"op_code":8,"worker_id":"41db8080-ccf4-4530-8eac-335685753aef-27064","trial_id":16,"user_attr":{"reg_kappa":2.9846640223829266}}
{"op_code":5,"worker_id":"793f62d7-3711-41b8-9896-864ae5ebc04b-31524","trial_id":17,"param_name":"k_weight","param_value_internal":0.2314313671969137,"distribution":"{\"name\": \"FloatDistribution\", \"attributes\": {\"step\": null, \"low\": 0.0, \"high\": 1.5, \"log\": false}}"}
{"op_code":8,"worker_id":"c62b574f-9b77-45dc-89bb-dcb1d34bf5c9-18156","trial_id":10,"user_attr":{"gini":0.0}}
{"op_code":8,"worker_id":"d0bf6aad-0f8b-4366-abf6-12159a7e0582-22852","trial_id":15,"user_attr":{"gini":0.44581646192497293}}
{"op_code":5,"worker_id":"793f62d7-3711-41b8-9896-864ae5ebc04b-31524","trial_id":17,"param_name":"unified_alpha","param_value_internal":6.341578374585632e-05,"distribution":"{\"name\": \"FloatDistribution\", \"attributes\": {\"step\": null, \"low\": 1e-05, \"high\": 10.0, \"log\": true}}"}
{"op_code":5,"worker_id":"793f62d7-3711-41b8-9896-864ae5ebc04b-31524","trial_id":17,"param_name":"unified_rho","param_value_internal":0.36268546617688757,"distribution":"{\"name\": \"FloatDistribution\", \"attributes\": {\"step\": null, \"low\": 0.0, \"high\": 1.0, \"log\": false}}"}
{"op_code":8,"worker_id":"c62b574f-9b77-45dc-89bb-dcb1d34bf5c9-18156","trial_id":10,"user_attr":{"cv_is_ics":[0.0,0.0,0.0,0.0,0.0,0.0,0.0,0.0,0.0,0.0,0.0,0.0,0.0,0.0,0.0]}}
{"op_code":8,"worker_id":"c62b574f-9b77-45dc-89bb-dcb1d34bf5c9-18156","trial_id":10,"user_attr":{"cv_oos_ics":[0.0,0.0,0.0,0.0,0.0,0.0,0.0,0.0,0.0,0.0,0.0,0.0,0.0,0.0,0.0]}}
{"op_code":8,"worker_id":"41db8080-ccf4-4530-8eac-335685753aef-27064","trial_id":16,"user_attr":{"raw_metrics":[0.7116193036695057,0.057357035447143025,0.6666666666666666,0.04589023870289274,0.16363636363636366,0.09209166752071017,-0.11141410405147369,-0.2141728699207306,0.46458333333333335]}}
{"op_code":8,"worker_id":"41db8080-ccf4-4530-8eac-335685753aef-27064","trial_id":16,"user_attr":{"val_metrics":[0.03956000101967091,-0.49058764479819317,0.34545454545454546,0.06443886897877615,-4.055905149496352]}}
{"op_code":8,"worker_id":"c62b574f-9b77-45dc-89bb-dcb1d34bf5c9-18156","trial_id":10,"user_attr":{"reg_kappa":1.2685293294210662}}
{"op_code":8,"worker_id":"c62b574f-9b77-45dc-89bb-dcb1d34bf5c9-18156","trial_id":10,"user_attr":{"raw_metrics":[-0.1540157812663124,-0.011558537409681354,0.16666666666666666,-0.029036187188469103,-0.09696969696969698,-0.01388290298895703,-0.0,-0.0,0.34722222222222227]}}
{"op_code":8,"worker_id":"fb4aeae4-ecbc-4683-bc8c-201ccc87f1e8-24364","trial_id":5,"user_attr":{"constraints":[-0.04979139618781194,-0.02486741894756202,0.09999999999999998,0.05606060606060606,-0.024655683419874137,-95.0,-8.0,0.17964392964392964,0.33333333333333337,-1202.7643465810115,-0.024305555555555525,-0.0656084656084655]}}
{"op_code":5,"worker_id":"793f62d7-3711-41b8-9896-864ae5ebc04b-31524","trial_id":17,"param_name":"unified_gamma","param_value_internal":592.8456313569452,"distribution":"{\"name\": \"FloatDistribution\", \"attributes\": {\"step\": null, \"low\": 1.5, \"high\": 10000.0, \"log\": true}}"}
{"op_code":8,"worker_id":"31ed2b4d-2ddd-4676-8c9e-270b55d03ecb-12024","trial_id":8,"user_attr":{"constraints":[-0.03532165716421268,-0.005813837600407786,0.09999999999999998,0.029797979797979796,0.08104693234070308,-41.0,-8.0,0.08271128271128271,0.16666666666666669,-1321.6085991235582,0.04652777777777778,0.0007936507936508463]}}
{"op_code":8,"worker_id":"fb4aeae4-ecbc-4683-bc8c-201ccc87f1e8-24364","trial_id":5,"user_attr":{"pruned_reasons":["M3 (Hit Rate < 60%)","M5 (Monotonicity <= 0.25)","Side-specific Yearly Tail IC Mean (-0.1796 <= 0)","Side-specific Hit Rate (16.67% < 50%)"]}}
{"op_code":8,"worker_id":"fb4aeae4-ecbc-4683-bc8c-201ccc87f1e8-24364","trial_id":5,"user_attr":{"gini":0.4502541597852874}}
{"op_code":5,"worker_id":"793f62d7-3711-41b8-9896-864ae5ebc04b-31524","trial_id":17,"param_name":"huber_delta","param_value_internal":1.3750252580024045,"distribution":"{\"name\": \"FloatDistribution\", \"attributes\": {\"step\": null, \"low\": 0.5, \"high\": 5.0, \"log\": false}}"}
{"op_code":8,"worker_id":"33e8163f-dc6d-4c92-8fdf-b5d25cbc813a-27448","trial_id":9,"user_attr":{"constraints":[-0.06752041719576142,-0.04418076441740019,-0.06666666666666665,-0.06515151515151513,-0.2847617290288003,-42.0,-5.0,0.09735092235092235,0.16666666666666669,-1328.9954988343989,-0.028472222222222177,-0.046164021164021185]}}
{"op_code":8,"worker_id":"33e8163f-dc6d-4c92-8fdf-b5d25cbc813a-27448","trial_id":9,"user_attr":{"pruned_reasons":["Side-specific Yearly Tail IC Mean (-0.0974 <= 0)","Side-specific Hit Rate (33.33% < 50%)"]}}
{"op_code":8,"worker_id":"fb4aeae4-ecbc-4683-bc8c-201ccc87f1e8-24364","trial_id":5,"user_attr":{"cv_is_ics":[0.11058454215526581,0.10363882780075073,0.10093339532613754,0.09039132297039032,0.08666560798883438,0.09237802773714066,0.10405217111110687,0.08784680813550949,0.0961286872625351,0.1052553802728653,0.06482530385255814,0.06579194962978363,0.10272429883480072,0.07525987923145294,0.07778829336166382]}}
{"op_code":8,"worker_id":"fb4aeae4-ecbc-4683-bc8c-201ccc87f1e8-24364","trial_id":5,"user_attr":{"cv_oos_ics":[-0.01218455657362938,-0.00833943858742714,0.02559562772512436,0.05397173389792442,0.054852284491062164,0.03937430679798126,0.024718647822737694,0.06033967807888985,0.03052234649658203,-0.002725950675085187,-0.0023737282026559114,0.05137975886464119,0.04924993962049484,0.05391083285212517,0.08714575320482254]}}
{"op_code":8,"worker_id":"3456a4e9-70a5-40cf-adea-07287786c623-23408","trial_id":13,"user_attr":{"constraints":[-0.05076450288675643,-0.04613428582071366,0.09999999999999998,0.10252525252525252,-0.06799245845992118,-95.0,-8.0,0.1254075504075504,0.33333333333333337,-1202.7503742995361,-0.03819444444444442,-0.060978835978835966]}}
{"op_code":8,"worker_id":"33e8163f-dc6d-4c92-8fdf-b5d25cbc813a-27448","trial_id":9,"user_attr":{"gini":0.49707852504374705}}
{"op_code":8,"worker_id":"3456a4e9-70a5-40cf-adea-07287786c623-23408","trial_id":13,"user_attr":{"pruned_reasons":["M3 (Hit Rate < 60%)","M5 (Monotonicity <= 0.25)","Side-specific Yearly Tail IC Mean (-0.1254 <= 0)","Side-specific Hit Rate (16.67% < 50%)"]}}
{"op_code":8,"worker_id":"fb4aeae4-ecbc-4683-bc8c-201ccc87f1e8-24364","trial_id":5,"user_attr":{"reg_kappa":3.014347571820496}}
{"op_code":4,"worker_id":"2a0077c3-fe3d-4181-8436-807afce999a7-8896","study_id":0,"datetime_start":"2026-07-14T11:40:40.767787"}
{"op_code":8,"worker_id":"3456a4e9-70a5-40cf-adea-07287786c623-23408","trial_id":13,"user_attr":{"gini":0.4503884953341839}}
{"op_code":8,"worker_id":"010cf2bd-026c-4e53-b1f2-021e06f62386-19068","trial_id":21,"user_attr":{"constraints":[-0.02579155356312014,-0.07309010644876905,-0.06666666666666665,0.0883838383838384,-0.1879577058046642,-81.0,-8.0,-0.008655083655083643,-0.16666666666666663,-1223.2848239134405,0.0187500000000001,-0.060978835978835966]}}
{"op_code":5,"worker_id":"ac4f73a6-dc9e-49cb-a580-92f538d9bd40-11668","trial_id":0,"param_name":"huber_delta","param_value_internal":1.972125751150129,"distribution":"{\"name\": \"FloatDistribution\", \"attributes\": {\"step\": null, \"low\": 0.5, \"high\": 5.0, \"log\": false}}"}
{"op_code":8,"worker_id":"010cf2bd-026c-4e53-b1f2-021e06f62386-19068","trial_id":21,"user_attr":{"pruned_reasons":["M5 (Monotonicity <= 0.25)","Yearly Daily Win Rate (43.12% < 45%)"]}}
{"op_code":8,"worker_id":"3456a4e9-70a5-40cf-adea-07287786c623-23408","trial_id":13,"user_attr":{"cv_is_ics":[0.110756516456604,0.10776818543672562,0.10302501916885376,0.09294116497039795,0.08881207555532455,0.09265671670436859,0.10352889448404312,0.08800671249628067,0.09689569473266602,0.1067444384098053,0.06585247069597244,0.06742323935031891,0.103847436606884,0.0763702318072319,0.08002016693353653]}}
{"op_code":8,"worker_id":"fb4aeae4-ecbc-4683-bc8c-201ccc87f1e8-24364","trial_id":5,"user_attr":{"raw_metrics":[0.16394015114550645,0.02486741894756202,0.5,0.04979139618781194,0.19393939393939394,0.024655683419874137,-0.12032307677098354,-0.270212858915329,0.47430555555555554]}}
{"op_code":8,"worker_id":"fb4aeae4-ecbc-4683-bc8c-201ccc87f1e8-24364","trial_id":5,"user_attr":{"val_metrics":[0.04496681284662337,-0.40841554115041423,0.2727272727272727,0.09153957230686817,-4.242913726238273]}}
{"op_code":8,"worker_id":"fb4aeae4-ecbc-4683-bc8c-201ccc87f1e8-24364","trial_id":5,"user_attr":{"deflated_objective":-0.46498995935042714}}
{"op_code":8,"worker_id":"c62b574f-9b77-45dc-89bb-dcb1d34bf5c9-18156","trial_id":10,"user_attr":{"val_metrics":[0.0,0.0,0.5515151515151515,0.15795429898560912,-5.042899155592854]}}
{"op_code":9,"worker_id":"fb4aeae4-ecbc-4683-bc8c-201ccc87f1e8-24364","trial_id":5,"system_attr":{"constraints":[-0.04979139618781194,-0.02486741894756202,0.09999999999999998,0.05606060606060606,-0.024655683419874137,-95.0,-8.0,0.17964392964392964,0.33333333333333337,-1202.7643465810115,-0.024305555555555525,-0.0656084656084655]}}
{"op_code":8,"worker_id":"c62b574f-9b77-45dc-89bb-dcb1d34bf5c9-18156","trial_id":10,"user_attr":{"deflated_objective":-0.5982358080246439}}
{"op_code":6,"worker_id":"fb4aeae4-ecbc-4683-bc8c-201ccc87f1e8-24364","trial_id":5,"state":1,"values":[-0.46498995935042714],"datetime_complete":"2026-07-14T11:40:40.917172"}
{"op_code":5,"worker_id":"2a0077c3-fe3d-4181-8436-807afce999a7-8896","trial_id":22,"param_name":"k_weight","param_value_internal":0.1310244643532626,"distribution":"{\"name\": \"FloatDistribution\", \"attributes\": {\"step\": null, \"low\": 0.0, \"high\": 1.5, \"log\": false}}"}
{"op_code":5,"worker_id":"2a0077c3-fe3d-4181-8436-807afce999a7-8896","trial_id":22,"param_name":"unified_alpha","param_value_internal":0.00024146967484786692,"distribution":"{\"name\": \"FloatDistribution\", \"attributes\": {\"step\": null, \"low\": 1e-05, \"high\": 10.0, \"log\": true}}"}
{"op_code":9,"worker_id":"c62b574f-9b77-45dc-89bb-dcb1d34bf5c9-18156","trial_id":10,"system_attr":{"constraints":[0.029036187188469103,0.011558537409681354,0.43333333333333335,0.346969696969697,0.01388290298895703,-126.0,5.0,0.017627219921117838,0.5,-1178.2229905985575,0.10277777777777775,0.10489417989417987]}}
{"op_code":6,"worker_id":"c62b574f-9b77-45dc-89bb-dcb1d34bf5c9-18156","trial_id":10,"state":1,"values":[-0.5982358080246439],"datetime_complete":"2026-07-14T11:40:40.925020"}
{"op_code":8,"worker_id":"3456a4e9-70a5-40cf-adea-07287786c623-23408","trial_id":13,"user_attr":{"cv_oos_ics":[-0.011918182484805584,-0.010828343220055103,0.026417670771479607,0.053678594529628754,0.050214312970638275,0.0381057932972908,0.022088367491960526,0.05745455622673035,0.027093231678009033,0.0042006149888038635,0.0008217573049478233,0.051291774958372116,0.04655929654836655,0.051628079265356064,0.07603009790182114]}}
{"op_code":8,"worker_id":"3456a4e9-70a5-40cf-adea-07287786c623-23408","trial_id":13,"user_attr":{"reg_kappa":3.014014738549841}}
{"op_code":8,"worker_id":"3456a4e9-70a5-40cf-adea-07287786c623-23408","trial_id":13,"user_attr":{"raw_metrics":[0.34378705395948767,0.04613428582071366,0.5,0.05076450288675643,0.14747474747474748,0.06799245845992118,-0.12031189629967712,-0.2644064128398895,0.48819444444444443]}}
{"op_code":8,"worker_id":"3456a4e9-70a5-40cf-adea-07287786c623-23408","trial_id":13,"user_attr":{"val_metrics":[0.04468552853762894,-0.4219466695346262,0.6,0.1288435593875044,-4.279683427572031]}}
{"op_code":8,"worker_id":"793f62d7-3711-41b8-9896-864ae5ebc04b-31524","trial_id":17,"user_attr":{"constraints":[-0.029663102789604018,-0.09756871800944748,-0.2333333333333334,0.04191919191919191,-0.1490535301508175,-109.0,-8.0,0.043350493350493347,0.0,-1182.9674104145936,-0.018055555555555602,-0.0755291005291005]}}
{"op_code":8,"worker_id":"d0bf6aad-0f8b-4366-abf6-12159a7e0582-22852","trial_id":15,"user_attr":{"cv_is_ics":[0.11608345061540604,0.10734580457210541,0.11772003024816513,0.08967764675617218,0.09396113455295563,0.09300877153873444,0.10591483116149902,0.08640371263027191,0.09659279882907867,0.10950577259063721,0.057395342737436295,0.07886382937431335,0.09890206158161163,0.08075909316539764,0.07942473143339157]}}
{"op_code":8,"worker_id":"d0bf6aad-0f8b-4366-abf6-12159a7e0582-22852","trial_id":15,"user_attr":{"cv_oos_ics":[-0.007131718099117279,-0.060198117047548294,0.020889459177851677,0.04760083928704262,0.030055494979023933,0.027720360085368156,0.023989714682102203,0.020566435530781746,0.018481433391571045,0.009530647657811642,-0.01609189249575138,0.0053306021727621555,0.03684114292263985,0.052525293081998825,0.05105860158801079]}}
{"op_code":8,"worker_id":"3456a4e9-70a5-40cf-adea-07287786c623-23408","trial_id":13,"user_attr":{"deflated_objective":-0.521565482275738}}
{"op_code":8,"worker_id":"793f62d7-3711-41b8-9896-864ae5ebc04b-31524","trial_id":17,"user_attr":{"pruned_reasons":["M5 (Monotonicity <= 0.25)","Side-specific Yearly Tail IC Mean (-0.0434 <= 0)"]}}
{"op_code":8,"worker_id":"010cf2bd-026c-4e53-b1f2-021e06f62386-19068","trial_id":21,"user_attr":{"gini":0.3338281392712481}}
{"op_code":5,"worker_id":"830a7e59-fd2f-45c0-b8e0-c7913503bd4b-14384","trial_id":19,"param_name":"unified_alpha","param_value_internal":8.855711978905983e-05,"distribution":"{\"name\": \"FloatDistribution\", \"attributes\": {\"step\": null, \"low\": 1e-05, \"high\": 10.0, \"log\": true}}"}
{"op_code":9,"worker_id":"3456a4e9-70a5-40cf-adea-07287786c623-23408","trial_id":13,"system_attr":{"constraints":[-0.05076450288675643,-0.04613428582071366,0.09999999999999998,0.10252525252525252,-0.06799245845992118,-95.0,-8.0,0.1254075504075504,0.33333333333333337,-1202.7503742995361,-0.03819444444444442,-0.060978835978835966]}}
{"op_code":5,"worker_id":"830a7e59-fd2f-45c0-b8e0-c7913503bd4b-14384","trial_id":19,"param_name":"unified_rho","param_value_internal":0.8669150768157973,"distribution":"{\"name\": \"FloatDistribution\", \"attributes\": {\"step\": null, \"low\": 0.0, \"high\": 1.0, \"log\": false}}"}
{"op_code":8,"worker_id":"d0bf6aad-0f8b-4366-abf6-12159a7e0582-22852","trial_id":15,"user_attr":{"reg_kappa":3.1245734446480404}}
{"op_code":5,"worker_id":"830a7e59-fd2f-45c0-b8e0-c7913503bd4b-14384","trial_id":19,"param_name":"unified_gamma","param_value_internal":3.1470215787374998,"distribution":"{\"name\": \"FloatDistribution\", \"attributes\": {\"step\": null, \"low\": 1.5, \"high\": 10000.0, \"log\": true}}"}
{"op_code":6,"worker_id":"3456a4e9-70a5-40cf-adea-07287786c623-23408","trial_id":13,"state":1,"values":[-0.45241114694249956],"datetime_complete":"2026-07-14T11:40:40.946131"}
{"op_code":5,"worker_id":"830a7e59-fd2f-45c0-b8e0-c7913503bd4b-14384","trial_id":19,"param_name":"huber_delta","param_value_internal":3.0810815777193246,"distribution":"{\"name\": \"FloatDistribution\", \"attributes\": {\"step\": null, \"low\": 0.5, \"high\": 5.0, \"log\": false}}"}
{"op_code":8,"worker_id":"ac4f73a6-dc9e-49cb-a580-92f538d9bd40-11668","trial_id":0,"user_attr":{"constraints":[-0.045175274569053535,-0.061090631681837614,-0.06666666666666665,0.09646464646464645,-0.143791642448244,-115.0,-5.0,0.11988416988416987,0.16666666666666669,-1178.8752121065825,-0.03194444444444444,-0.060978835978835966]}}
{"op_code":5,"worker_id":"f025832f-9082-42b8-b88b-95180a129638-19176","trial_id":12,"param_name":"huber_delta","param_value_internal":3.072927120474744,"distribution":"{\"name\": \"FloatDistribution\", \"attributes\": {\"step\": null, \"low\": 0.5, \"high\": 5.0, \"log\": false}}"}
{"op_code":8,"worker_id":"ac4f73a6-dc9e-49cb-a580-92f538d9bd40-11668","trial_id":0,"user_attr":{"pruned_reasons":["M5 (Monotonicity <= 0.25)","Side-specific Yearly Tail IC Mean (-0.1199 <= 0)","Side-specific Hit Rate (33.33% < 50%)"]}}
{"op_code":5,"worker_id":"2a0077c3-fe3d-4181-8436-807afce999a7-8896","trial_id":22,"param_name":"unified_rho","param_value_internal":0.41106107063891273,"distribution":"{\"name\": \"FloatDistribution\", \"attributes\": {\"step\": null, \"low\": 0.0, \"high\": 1.0, \"log\": false}}"}
{"op_code":8,"worker_id":"793f62d7-3711-41b8-9896-864ae5ebc04b-31524","trial_id":17,"user_attr":{"gini":0.3915258520831515}}
{"op_code":8,"worker_id":"010cf2bd-026c-4e53-b1f2-021e06f62386-19068","trial_id":21,"user_attr":{"cv_is_ics":[0.11784079670906067,0.11405383050441742,0.12479440867900848,0.09379274398088455,0.09905624389648438,0.09590047597885132,0.11416865885257721,0.09684287011623383,0.10746897757053375,0.11709078401327133,0.0742327868938446,0.08776706457138062,0.10545043647289276,0.09723451733589172,0.09547318518161774]}}
{"op_code":5,"worker_id":"2a0077c3-fe3d-4181-8436-807afce999a7-8896","trial_id":22,"param_name":"unified_gamma","param_value_internal":23.147065288429395,"distribution":"{\"name\": \"FloatDistribution\", \"attributes\": {\"step\": null, \"low\": 1.5, \"high\": 10000.0, \"log\": true}}"}
{"op_code":8,"worker_id":"ac4f73a6-dc9e-49cb-a580-92f538d9bd40-11668","trial_id":0,"user_attr":{"gini":0.5064474970432966}}
{"op_code":8,"worker_id":"ac4f73a6-dc9e-49cb-a580-92f538d9bd40-11668","trial_id":0,"user_attr":{"cv_is_ics":[0.11381514370441437,0.11051309108734131,0.10947974771261215,0.10218700766563416,0.09529691189527512,0.09094751626253128,0.10829943418502808,0.08983059972524643,0.09852278977632523,0.11040034145116806,0.0633365586400032,0.07873781025409698,0.10607542097568512,0.0808882862329483,0.08900262415409088]}}
{"op_code":8,"worker_id":"793f62d7-3711-41b8-9896-864ae5ebc04b-31524","trial_id":17,"user_attr":{"cv_is_ics":[0.11876049637794495,0.10943836718797684,0.11631572246551514,0.09980785101652145,0.09742273390293121,0.09092706441879272,0.10859637707471848,0.08882254362106323,0.0989258885383606,0.11138565093278885,0.06461841613054276,0.08146200329065323,0.10346110165119171,0.08115094155073166,0.08556322008371353]}}
{"op_code":8,"worker_id":"ac4f73a6-dc9e-49cb-a580-92f538d9bd40-11668","trial_id":0,"user_attr":{"cv_oos_ics":[-0.0018527974607422948,-0.02820369228720665,0.02795853652060032,0.051415059715509415,0.041256133466959,0.03357117995619774,0.018822265788912773,0.04679092764854431,0.01483363751322031,0.01155044510960579,0.007697354536503553,0.0360354520380497,0.052205391228199005,0.054188456386327744,0.051814012229442596]}}
{"op_code":8,"worker_id":"ac4f73a6-dc9e-49cb-a580-92f538d9bd40-11668","trial_id":0,"user_attr":{"reg_kappa":2.7994590665131938}}
{"op_code":8,"worker_id":"ac4f73a6-dc9e-49cb-a580-92f538d9bd40-11668","trial_id":0,"user_attr":{"raw_metrics":[0.6948730995532715,0.061090631681837614,0.6666666666666666,0.045175274569053535,0.15353535353535355,0.143791642448244,-0.07979391604264255,-0.1585943102836609,0.48194444444444445]}}
{"op_code":8,"worker_id":"010cf2bd-026c-4e53-b1f2-021e06f62386-19068","trial_id":21,"user_attr":{"cv_oos_ics":[0.008216858841478825,-0.019106848165392876,0.019568555057048798,0.0376753993332386,0.016905102878808975,0.04401811957359314,0.025655297562479973,0.016637032851576805,0.0017053037881851196,0.019359134137630463,0.01791294291615486,0.006382144056260586,0.043474286794662476,0.05372504144906998,0.035502150654792786]}}
{"op_code":5,"worker_id":"2a0077c3-fe3d-4181-8436-807afce999a7-8896","trial_id":22,"param_name":"huber_delta","param_value_internal":3.0468015084267748,"distribution":"{\"name\": \"FloatDistribution\", \"attributes\": {\"step\": null, \"low\": 0.5, \"high\": 5.0, \"log\": false}}"}
{"op_code":8,"worker_id":"010cf2bd-026c-4e53-b1f2-021e06f62386-19068","trial_id":21,"user_attr":{"reg_kappa":3.0603337098506196}}
{"op_code":8,"worker_id":"010cf2bd-026c-4e53-b1f2-021e06f62386-19068","trial_id":21,"user_attr":{"raw_metrics":[0.3878276492283528,0.07309010644876905,0.6666666666666666,0.02579155356312014,0.1616161616161616,0.1879577058046642,-0.1374936071947362,-0.22422932088375092,0.4312499999999999]}}
{"op_code":8,"worker_id":"793f62d7-3711-41b8-9896-864ae5ebc04b-31524","trial_id":17,"user_attr":{"cv_oos_ics":[-0.00038240462890826166,-0.029173798859119415,0.021647149696946144,0.04971160739660263,0.02632555551826954,0.03543180972337723,0.016323819756507874,0.021712370216846466,0.007315095514059067,0.014094590209424496,-0.001403764239512384,0.013017420656979084,0.03304770216345787,0.04925520345568657,0.03818226233124733]}}
{"op_code":8,"worker_id":"793f62d7-3711-41b8-9896-864ae5ebc04b-31524","trial_id":17,"user_attr":{"reg_kappa":2.964653641802903}}
{"op_code":8,"worker_id":"793f62d7-3711-41b8-9896-864ae5ebc04b-31524","trial_id":17,"user_attr":{"raw_metrics":[1.2063686238286648,0.09756871800944748,0.8333333333333334,0.029663102789604018,0.2080808080808081,0.1490535301508175,-0.10615789374329596,-0.17359307408332825,0.4680555555555556]}}
{"op_code":8,"worker_id":"793f62d7-3711-41b8-9896-864ae5ebc04b-31524","trial_id":17,"user_attr":{"val_metrics":[0.035793428319542256,-0.45368617341973994,0.4666666666666667,0.06443886897877615,-3.020114469424735]}}
{"op_code":8,"worker_id":"d0bf6aad-0f8b-4366-abf6-12159a7e0582-22852","trial_id":15,"user_attr":{"raw_metrics":[0.7551410976146936,0.04734910877929319,0.6666666666666666,0.03690382961973652,0.1636363636363636,-0.016986640649330278,-0.1630969522409492,-0.3044425845146179,0.4444444444444444]}}
{"op_code":8,"worker_id":"793f62d7-3711-41b8-9896-864ae5ebc04b-31524","trial_id":17,"user_attr":{"deflated_objective":-0.014861934933092347}}
{"op_code":9,"worker_id":"793f62d7-3711-41b8-9896-864ae5ebc04b-31524","trial_id":17,"system_attr":{"constraints":[-0.029663102789604018,-0.09756871800944748,-0.2333333333333334,0.04191919191919191,-0.1490535301508175,-109.0,-8.0,0.043350493350493347,0.0,-1182.9674104145936,-0.018055555555555602,-0.0755291005291005]}}
{"op_code":6,"worker_id":"793f62d7-3711-41b8-9896-864ae5ebc04b-31524","trial_id":17,"state":1,"values":[0.024498091359540203],"datetime_complete":"2026-07-14T11:40:40.988164"}
{"op_code":8,"worker_id":"ac4f73a6-dc9e-49cb-a580-92f538d9bd40-11668","trial_id":0,"user_attr":{"val_metrics":[0.03522031153996609,-0.2337417457393737,0.28484848484848485,0.04984994671658437,-6.359141663029039]}}
{"op_code":8,"worker_id":"ac4f73a6-dc9e-49cb-a580-92f538d9bd40-11668","trial_id":0,"user_attr":{"deflated_objective":-1.5206581677888407}}
{"op_code":9,"worker_id":"ac4f73a6-dc9e-49cb-a580-92f538d9bd40-11668","trial_id":0,"system_attr":{"constraints":[-0.045175274569053535,-0.061090631681837614,-0.06666666666666665,0.09646464646464645,-0.143791642448244,-115.0,-5.0,0.11988416988416987,0.16666666666666669,-1178.8752121065825,-0.03194444444444444,-0.060978835978835966]}}
{"op_code":6,"worker_id":"ac4f73a6-dc9e-49cb-a580-92f538d9bd40-11668","trial_id":0,"state":1,"values":[-1.2413741447432236],"datetime_complete":"2026-07-14T11:40:40.995280"}
{"op_code":4,"worker_id":"51f1a032-b9b5-4df7-83a3-e775dbaca6cf-31524","study_id":0,"datetime_start":"2026-07-14T11:40:40.994535"}
{"op_code":8,"worker_id":"f025832f-9082-42b8-b88b-95180a129638-19176","trial_id":12,"user_attr":{"constraints":[-0.049356961561823974,-0.04628802040945612,0.09999999999999998,0.0681818181818182,-0.08259267478612149,-89.0,-6.0,0.15204847704847704,0.5,-1213.3294379787328,-0.03472222222222221,-0.0656084656084655]}}
{"op_code":5,"worker_id":"51f1a032-b9b5-4df7-83a3-e775dbaca6cf-31524","trial_id":23,"param_name":"k_weight","param_value_internal":0.8187771449024679,"distribution":"{\"name\": \"FloatDistribution\", \"attributes\": {\"step\": null, \"low\": 0.0, \"high\": 1.5, \"log\": false}}"}
{"op_code":5,"worker_id":"51f1a032-b9b5-4df7-83a3-e775dbaca6cf-31524","trial_id":23,"param_name":"unified_alpha","param_value_internal":1.4227862634159771,"distribution":"{\"name\": \"FloatDistribution\", \"attributes\": {\"step\": null, \"low\": 1e-05, \"high\": 10.0, \"log\": true}}"}
{"op_code":5,"worker_id":"9598ece5-50fe-4dab-ba3b-33e0a59f93d8-3216","trial_id":3,"param_name":"k_weight","param_value_internal":1.175748526208626,"distribution":"{\"name\": \"FloatDistribution\", \"attributes\": {\"step\": null, \"low\": 0.0, \"high\": 1.5, \"log\": false}}"}
{"op_code":8,"worker_id":"f025832f-9082-42b8-b88b-95180a129638-19176","trial_id":12,"user_attr":{"pruned_reasons":["M3 (Hit Rate < 60%)","M5 (Monotonicity <= 0.25)","Side-specific Yearly Tail IC Mean (-0.1520 <= 0)","Side-specific Hit Rate (0.00% < 50%)"]}}
{"op_code":5,"worker_id":"76b46dc3-67db-4bb4-875e-46958d1e5492-7108","trial_id":4,"param_name":"k_weight","param_value_internal":0.17023270784047428,"distribution":"{\"name\": \"FloatDistribution\", \"attributes\": {\"step\": null, \"low\": 0.0, \"high\": 1.5, \"log\": false}}"}
{"op_code":4,"worker_id":"a6228374-102e-467b-ab39-445a3973b646-24364","study_id":0,"datetime_start":"2026-07-14T11:40:41.004179"}
{"op_code":5,"worker_id":"76b46dc3-67db-4bb4-875e-46958d1e5492-7108","trial_id":4,"param_name":"unified_alpha","param_value_internal":7.029081301964993,"distribution":"{\"name\": \"FloatDistribution\", \"attributes\": {\"step\": null, \"low\": 1e-05, \"high\": 10.0, \"log\": true}}"}
{"op_code":5,"worker_id":"9598ece5-50fe-4dab-ba3b-33e0a59f93d8-3216","trial_id":3,"param_name":"unified_alpha","param_value_internal":0.06441725825501599,"distribution":"{\"name\": \"FloatDistribution\", \"attributes\": {\"step\": null, \"low\": 1e-05, \"high\": 10.0, \"log\": true}}"}
{"op_code":4,"worker_id":"9e718ded-96ed-47a3-bd1e-42afdcf7e63f-18156","study_id":0,"datetime_start":"2026-07-14T11:40:41.011687"}
{"op_code":5,"worker_id":"a6228374-102e-467b-ab39-445a3973b646-24364","trial_id":24,"param_name":"k_weight","param_value_internal":0.3890572049226651,"distribution":"{\"name\": \"FloatDistribution\", \"attributes\": {\"step\": null, \"low\": 0.0, \"high\": 1.5, \"log\": false}}"}
{"op_code":8,"worker_id":"f025832f-9082-42b8-b88b-95180a129638-19176","trial_id":12,"user_attr":{"gini":0.4582202516147329}}
{"op_code":8,"worker_id":"2a0077c3-fe3d-4181-8436-807afce999a7-8896","trial_id":22,"user_attr":{"constraints":[-0.04700956889749077,-0.019204608781976523,0.09999999999999998,0.039898989898989906,-0.2448010870405576,-113.0,-8.0,0.17689832689832688,0.16666666666666669,-1175.9958467894146,-0.014583333333333337,-0.09404761904761899]}}
{"op_code":8,"worker_id":"f025832f-9082-42b8-b88b-95180a129638-19176","trial_id":12,"user_attr":{"cv_is_ics":[0.11010811477899551,0.10733387619256973,0.10168195515871048,0.09197860211133957,0.08715856820344925,0.09262387454509735,0.10366878658533096,0.08689925074577332,0.09615021198987961,0.10545478761196136,0.06555899977684021,0.06637904047966003,0.10324613749980927,0.07617297768592834,0.07933474332094193]}}
{"op_code":5,"worker_id":"a6228374-102e-467b-ab39-445a3973b646-24364","trial_id":24,"param_name":"unified_alpha","param_value_internal":1.8203978209302794e-05,"distribution":"{\"name\": \"FloatDistribution\", \"attributes\": {\"step\": null, \"low\": 1e-05, \"high\": 10.0, \"log\": true}}"}
{"op_code":5,"worker_id":"9598ece5-50fe-4dab-ba3b-33e0a59f93d8-3216","trial_id":3,"param_name":"unified_rho","param_value_internal":0.24904309151574888,"distribution":"{\"name\": \"FloatDistribution\", \"attributes\": {\"step\": null, \"low\": 0.0, \"high\": 1.0, \"log\": false}}"}
{"op_code":5,"worker_id":"9e718ded-96ed-47a3-bd1e-42afdcf7e63f-18156","trial_id":25,"param_name":"k_weight","param_value_internal":0.4443737425086503,"distribution":"{\"name\": \"FloatDistribution\", \"attributes\": {\"step\": null, \"low\": 0.0, \"high\": 1.5, \"log\": false}}"}
{"op_code":8,"worker_id":"f025832f-9082-42b8-b88b-95180a129638-19176","trial_id":12,"user_attr":{"cv_oos_ics":[-0.012806710787117481,-0.010895541869103909,0.02511114440858364,0.05455872416496277,0.05158704146742821,0.03692811354994774,0.021986858919262886,0.05806603655219078,0.02820456773042679,0.004847684875130653,0.0034163009840995073,0.05379747971892357,0.04752911627292633,0.050552334636449814,0.0788073018193245]}}
{"op_code":8,"worker_id":"33e8163f-dc6d-4c92-8fdf-b5d25cbc813a-27448","trial_id":9,"user_attr":{"cv_is_ics":[0.10328219830989838,0.0962788462638855,0.09418576210737228,0.09377589076757431,0.07308408617973328,0.0916965901851654,0.10724064707756042,0.0836394727230072,0.09138614684343338,0.10093382000923157,0.0645352452993393,0.06588485836982727,0.10102391242980957,0.06951858103275299,0.07501713186502457]}}
{"op_code":5,"worker_id":"9598ece5-50fe-4dab-ba3b-33e0a59f93d8-3216","trial_id":3,"param_name":"unified_gamma","param_value_internal":1188.2400441757075,"distribution":"{\"name\": \"FloatDistribution\", \"attributes\": {\"step\": null, \"low\": 1.5, \"high\": 10000.0, \"log\": true}}"}
{"op_code":5,"worker_id":"9e718ded-96ed-47a3-bd1e-42afdcf7e63f-18156","trial_id":25,"param_name":"unified_alpha","param_value_internal":0.7151650691587015,"distribution":"{\"name\": \"FloatDistribution\", \"attributes\": {\"step\": null, \"low\": 1e-05, \"high\": 10.0, \"log\": true}}"}
{"op_code":8,"worker_id":"f025832f-9082-42b8-b88b-95180a129638-19176","trial_id":12,"user_attr":{"reg_kappa":3.029509775173391}}
{"op_code":8,"worker_id":"f025832f-9082-42b8-b88b-95180a129638-19176","trial_id":12,"user_attr":{"raw_metrics":[0.3416576094049185,0.04628802040945612,0.5,0.049356961561823974,0.1818181818181818,0.08259267478612149,-0.1090924498949777,-0.28779086470603943,0.4847222222222222]}}
{"op_code":5,"worker_id":"9598ece5-50fe-4dab-ba3b-33e0a59f93d8-3216","trial_id":3,"param_name":"huber_delta","param_value_internal":1.9088462103425592,"distribution":"{\"name\": \"FloatDistribution\", \"attributes\": {\"step\": null, \"low\": 0.5, \"high\": 5.0, \"log\": false}}"}
{"op_code":4,"worker_id":"f6a476f4-dadd-4f7d-91e6-5f8903a60354-23408","study_id":0,"datetime_start":"2026-07-14T11:40:41.035462"}
{"op_code":8,"worker_id":"f025832f-9082-42b8-b88b-95180a129638-19176","trial_id":12,"user_attr":{"val_metrics":[0.04464421490474538,-0.3520340734235606,0.3212121212121212,0.12122600444970463,-4.135045282529662]}}
{"op_code":5,"worker_id":"51f1a032-b9b5-4df7-83a3-e775dbaca6cf-31524","trial_id":23,"param_name":"unified_rho","param_value_internal":0.6858925865665791,"distribution":"{\"name\": \"FloatDistribution\", \"attributes\": {\"step\": null, \"low\": 0.0, \"high\": 1.0, \"log\": false}}"}
{"op_code":8,"worker_id":"f025832f-9082-42b8-b88b-95180a129638-19176","trial_id":12,"user_attr":{"deflated_objective":-0.636080020700379}}
{"op_code":5,"worker_id":"9e718ded-96ed-47a3-bd1e-42afdcf7e63f-18156","trial_id":25,"param_name":"unified_rho","param_value_internal":0.35025252522341144,"distribution":"{\"name\": \"FloatDistribution\", \"attributes\": {\"step\": null, \"low\": 0.0, \"high\": 1.0, \"log\": false}}"}
{"op_code":5,"worker_id":"f6a476f4-dadd-4f7d-91e6-5f8903a60354-23408","trial_id":26,"param_name":"k_weight","param_value_internal":1.391220807928438,"distribution":"{\"name\": \"FloatDistribution\", \"attributes\": {\"step\": null, \"low\": 0.0, \"high\": 1.5, \"log\": false}}"}
{"op_code":9,"worker_id":"f025832f-9082-42b8-b88b-95180a129638-19176","trial_id":12,"system_attr":{"constraints":[-0.049356961561823974,-0.04628802040945612,0.09999999999999998,0.0681818181818182,-0.08259267478612149,-89.0,-6.0,0.15204847704847704,0.5,-1213.3294379787328,-0.03472222222222221,-0.0656084656084655]}}
{"op_code":6,"worker_id":"f025832f-9082-42b8-b88b-95180a129638-19176","trial_id":12,"state":1,"values":[-0.39447376972899584],"datetime_complete":"2026-07-14T11:40:41.046670"}
{"op_code":5,"worker_id":"9e718ded-96ed-47a3-bd1e-42afdcf7e63f-18156","trial_id":25,"param_name":"unified_gamma","param_value_internal":1565.7420487024253,"distribution":"{\"name\": \"FloatDistribution\", \"attributes\": {\"step\": null, \"low\": 1.5, \"high\": 10000.0, \"log\": true}}"}
{"op_code":5,"worker_id":"f6a476f4-dadd-4f7d-91e6-5f8903a60354-23408","trial_id":26,"param_name":"unified_alpha","param_value_internal":1.7161599651164972,"distribution":"{\"name\": \"FloatDistribution\", \"attributes\": {\"step\": null, \"low\": 1e-05, \"high\": 10.0, \"log\": true}}"}
{"op_code":5,"worker_id":"f6a476f4-dadd-4f7d-91e6-5f8903a60354-23408","trial_id":26,"param_name":"unified_rho","param_value_internal":0.5846312725955531,"distribution":"{\"name\": \"FloatDistribution\", \"attributes\": {\"step\": null, \"low\": 0.0, \"high\": 1.0, \"log\": false}}"}
{"op_code":8,"worker_id":"d0bf6aad-0f8b-4366-abf6-12159a7e0582-22852","trial_id":15,"user_attr":{"val_metrics":[0.03993446075601975,-0.49518744701475675,0.40606060606060607,0.1002957806483829,-2.1297167582287044]}}
{"op_code":5,"worker_id":"9e718ded-96ed-47a3-bd1e-42afdcf7e63f-18156","trial_id":25,"param_name":"huber_delta","param_value_internal":3.0260703909675764,"distribution":"{\"name\": \"FloatDistribution\", \"attributes\": {\"step\": null, \"low\": 0.5, \"high\": 5.0, \"log\": false}}"}
{"op_code":8,"worker_id":"d0bf6aad-0f8b-4366-abf6-12159a7e0582-22852","trial_id":15,"user_attr":{"deflated_objective":0.06893483595607308}}
{"op_code":9,"worker_id":"d0bf6aad-0f8b-4366-abf6-12159a7e0582-22852","trial_id":15,"system_attr":{"constraints":[-0.03690382961973652,-0.04734910877929319,-0.06666666666666665,0.08636363636363639,0.016986640649330278,0.0,0.0,0.022286572286572284,0.0,-1250.8748505360647,0.005555555555555591,-0.027910052910052885]}}
{"op_code":5,"worker_id":"7674fda4-3026-4e5f-8c85-2eadee8c2739-8436","trial_id":18,"param_name":"k_weight","param_value_internal":1.2367042138699227,"distribution":"{\"name\": \"FloatDistribution\", \"attributes\": {\"step\": null, \"low\": 0.0, \"high\": 1.5, \"log\": false}}"}
{"op_code":6,"worker_id":"d0bf6aad-0f8b-4366-abf6-12159a7e0582-22852","trial_id":15,"state":1,"values":[0.35841016354959626],"datetime_complete":"2026-07-14T11:40:41.058988"}
{"op_code":5,"worker_id":"f6a476f4-dadd-4f7d-91e6-5f8903a60354-23408","trial_id":26,"param_name":"unified_gamma","param_value_internal":4338.897577038058,"distribution":"{\"name\": \"FloatDistribution\", \"attributes\": {\"step\": null, \"low\": 1.5, \"high\": 10000.0, \"log\": true}}"}
{"op_code":5,"worker_id":"7674fda4-3026-4e5f-8c85-2eadee8c2739-8436","trial_id":18,"param_name":"unified_alpha","param_value_internal":0.00012248936831990408,"distribution":"{\"name\": \"FloatDistribution\", \"attributes\": {\"step\": null, \"low\": 1e-05, \"high\": 10.0, \"log\": true}}"}
{"op_code":8,"worker_id":"33e8163f-dc6d-4c92-8fdf-b5d25cbc813a-27448","trial_id":9,"user_attr":{"cv_oos_ics":[-0.008220703341066837,0.013154661282896996,0.021604439243674278,0.05848712846636772,0.06673402339220047,0.03086957521736622,0.017974738031625748,0.061870720237493515,0.03628874570131302,0.016927318647503853,0.015114383772015572,0.07343793660402298,0.059282589703798294,0.05518689379096031,0.09948322176933289]}}
{"op_code":8,"worker_id":"33e8163f-dc6d-4c92-8fdf-b5d25cbc813a-27448","trial_id":9,"user_attr":{"reg_kappa":3.2690199033941325}}
{"op_code":5,"worker_id":"f6a476f4-dadd-4f7d-91e6-5f8903a60354-23408","trial_id":26,"param_name":"huber_delta","param_value_internal":1.9257465703583276,"distribution":"{\"name\": \"FloatDistribution\", \"attributes\": {\"step\": null, \"low\": 0.5, \"high\": 5.0, \"log\": false}}"}
{"op_code":5,"worker_id":"7674fda4-3026-4e5f-8c85-2eadee8c2739-8436","trial_id":18,"param_name":"unified_rho","param_value_internal":0.8773267682070526,"distribution":"{\"name\": \"FloatDistribution\", \"attributes\": {\"step\": null, \"low\": 0.0, \"high\": 1.0, \"log\": false}}"}
{"op_code":5,"worker_id":"7674fda4-3026-4e5f-8c85-2eadee8c2739-8436","trial_id":18,"param_name":"unified_gamma","param_value_internal":121.99158381094936,"distribution":"{\"name\": \"FloatDistribution\", \"attributes\": {\"step\": null, \"low\": 1.5, \"high\": 10000.0, \"log\": true}}"}
{"op_code":5,"worker_id":"7674fda4-3026-4e5f-8c85-2eadee8c2739-8436","trial_id":18,"param_name":"huber_delta","param_value_internal":4.842168949502053,"distribution":"{\"name\": \"FloatDistribution\", \"attributes\": {\"step\": null, \"low\": 0.5, \"high\": 5.0, \"log\": false}}"}
{"op_code":5,"worker_id":"51f1a032-b9b5-4df7-83a3-e775dbaca6cf-31524","trial_id":23,"param_name":"unified_gamma","param_value_internal":27.801493176812055,"distribution":"{\"name\": \"FloatDistribution\", \"attributes\": {\"step\": null, \"low\": 1.5, \"high\": 10000.0, \"log\": true}}"}
{"op_code":4,"worker_id":"1e4ddd12-987d-4816-8454-bed5502108a0-11668","study_id":0,"datetime_start":"2026-07-14T11:40:41.076409"}
{"op_code":5,"worker_id":"1e4ddd12-987d-4816-8454-bed5502108a0-11668","trial_id":27,"param_name":"k_weight","param_value_internal":0.27836291222780896,"distribution":"{\"name\": \"FloatDistribution\", \"attributes\": {\"step\": null, \"low\": 0.0, \"high\": 1.5, \"log\": false}}"}
{"op_code":5,"worker_id":"e73d04a1-ca7d-4371-99cd-43a741be5c70-24340","trial_id":20,"param_name":"k_weight","param_value_internal":0.5686477881506551,"distribution":"{\"name\": \"FloatDistribution\", \"attributes\": {\"step\": null, \"low\": 0.0, \"high\": 1.5, \"log\": false}}"}
{"op_code":5,"worker_id":"1e4ddd12-987d-4816-8454-bed5502108a0-11668","trial_id":27,"param_name":"unified_alpha","param_value_internal":0.0020873526050511518,"distribution":"{\"name\": \"FloatDistribution\", \"attributes\": {\"step\": null, \"low\": 1e-05, \"high\": 10.0, \"log\": true}}"}
{"op_code":5,"worker_id":"e73d04a1-ca7d-4371-99cd-43a741be5c70-24340","trial_id":20,"param_name":"unified_alpha","param_value_internal":0.025269055139108366,"distribution":"{\"name\": \"FloatDistribution\", \"attributes\": {\"step\": null, \"low\": 1e-05, \"high\": 10.0, \"log\": true}}"}
{"op_code":8,"worker_id":"9598ece5-50fe-4dab-ba3b-33e0a59f93d8-3216","trial_id":3,"user_attr":{"constraints":[-0.056645229137548554,-0.019077798378281958,-0.06666666666666665,0.11262626262626263,-0.04596479951248816,-47.0,-5.0,0.1377091377091377,0.16666666666666669,-1310.0682929214386,0.0027777777777778234,-0.07023809523809516]}}
{"op_code":8,"worker_id":"2a0077c3-fe3d-4181-8436-807afce999a7-8896","trial_id":22,"user_attr":{"pruned_reasons":["M3 (Hit Rate < 60%)","M5 (Monotonicity <= 0.25)","Side-specific Yearly Tail IC Mean (-0.1769 <= 0)","Side-specific Hit Rate (33.33% < 50%)"]}}
{"op_code":5,"worker_id":"1e4ddd12-987d-4816-8454-bed5502108a0-11668","trial_id":27,"param_name":"unified_rho","param_value_internal":0.8318961986371698,"distribution":"{\"name\": \"FloatDistribution\", \"attributes\": {\"step\": null, \"low\": 0.0, \"high\": 1.0, \"log\": false}}"}
{"op_code":5,"worker_id":"e73d04a1-ca7d-4371-99cd-43a741be5c70-24340","trial_id":20,"param_name":"unified_rho","param_value_internal":0.5955925126571219,"distribution":"{\"name\": \"FloatDistribution\", \"attributes\": {\"step\": null, \"low\": 0.0, \"high\": 1.0, \"log\": false}}"}
{"op_code":8,"worker_id":"9598ece5-50fe-4dab-ba3b-33e0a59f93d8-3216","trial_id":3,"user_attr":{"pruned_reasons":["M5 (Monotonicity <= 0.25)","Side-specific Yearly Tail IC Mean (-0.1377 <= 0)","Side-specific Hit Rate (33.33% < 50%)","Yearly Daily Win Rate (44.72% < 45%)"]}}
{"op_code":8,"worker_id":"2a0077c3-fe3d-4181-8436-807afce999a7-8896","trial_id":22,"user_attr":{"gini":0.4254607469260929}}
{"op_code":5,"worker_id":"1e4ddd12-987d-4816-8454-bed5502108a0-11668","trial_id":27,"param_name":"unified_gamma","param_value_internal":8.627643098308676,"distribution":"{\"name\": \"FloatDistribution\", \"attributes\": {\"step\": null, \"low\": 1.5, \"high\": 10000.0, \"log\": true}}"}
{"op_code":5,"worker_id":"e73d04a1-ca7d-4371-99cd-43a741be5c70-24340","trial_id":20,"param_name":"unified_gamma","param_value_internal":78.76089354518557,"distribution":"{\"name\": \"FloatDistribution\", \"attributes\": {\"step\": null, \"low\": 1.5, \"high\": 10000.0, \"log\": true}}"}
{"op_code":8,"worker_id":"9598ece5-50fe-4dab-ba3b-33e0a59f93d8-3216","trial_id":3,"user_attr":{"gini":0.5159115445284592}}
{"op_code":8,"worker_id":"2a0077c3-fe3d-4181-8436-807afce999a7-8896","trial_id":22,"user_attr":{"cv_is_ics":[0.11521541327238083,0.10762054473161697,0.10458021610975266,0.0984802395105362,0.09254484623670578,0.09277530759572983,0.10496075451374054,0.091006338596344,0.0995699092745781,0.1099032387137413,0.06865523010492325,0.07228455692529678,0.10578291863203049,0.07832562923431396,0.08311625570058823]}}
{"op_code":8,"worker_id":"2a0077c3-fe3d-4181-8436-807afce999a7-8896","trial_id":22,"user_attr":{"cv_oos_ics":[-0.005655345972627401,-0.014469586312770844,0.02625095471739769,0.049902383238077164,0.043274082243442535,0.037527915090322495,0.024937042966485023,0.05829211696982384,0.023299934342503548,-0.00512003805488348,-0.0010528231505304575,0.04082106426358223,0.0520181767642498,0.05685916543006897,0.07382407784461975]}}
{"op_code":5,"worker_id":"e73d04a1-ca7d-4371-99cd-43a741be5c70-24340","trial_id":20,"param_name":"huber_delta","param_value_internal":2.556589214276234,"distribution":"{\"name\": \"FloatDistribution\", \"attributes\": {\"step\": null, \"low\": 0.5, \"high\": 5.0, \"log\": false}}"}
{"op_code":8,"worker_id":"9598ece5-50fe-4dab-ba3b-33e0a59f93d8-3216","trial_id":3,"user_attr":{"cv_is_ics":[0.10461924970149994,0.1065353974699974,0.10423675179481506,0.09819646924734116,0.07846768200397491,0.08608745038509369,0.10756798833608627,0.08260935544967651,0.08790424466133118,0.10740634053945541,0.04605523496866226,0.07623983919620514,0.1052025631070137,0.07517419755458832,0.07298204302787781]}}
{"op_code":8,"worker_id":"9598ece5-50fe-4dab-ba3b-33e0a59f93d8-3216","trial_id":3,"user_attr":{"cv_oos_ics":[0.007547010201960802,-0.01794995181262493,0.023623667657375336,0.04606153815984726,0.06714105606079102,0.02287224680185318,0.02258196286857128,0.045138727873563766,0.03305909037590027,0.015108546242117882,-0.01820707879960537,0.026640482246875763,0.043684422969818115,0.05281800404191017,0.08413448929786682]}}
{"op_code":8,"worker_id":"9598ece5-50fe-4dab-ba3b-33e0a59f93d8-3216","trial_id":3,"user_attr":{"reg_kappa":3.0711457077118474}}
{"op_code":8,"worker_id":"f6a476f4-dadd-4f7d-91e6-5f8903a60354-23408","trial_id":26,"user_attr":{"constraints":[0.02122562651262989,-0.00548501337380772,0.26666666666666666,0.23787878787878788,-0.05621182080306527,-46.0,5.0,0.017627219921117838,0.5,-1357.2111830271829,0.11319444444444443,0.09100529100529103]}}
{"op_code":8,"worker_id":"9598ece5-50fe-4dab-ba3b-33e0a59f93d8-3216","trial_id":3,"user_attr":{"raw_metrics":[0.24021669911326396,0.019077798378281958,0.6666666666666666,0.056645229137548554,0.13737373737373737,0.04596479951248816,-0.1737142548150565,-0.2834984362125397,0.4472222222222222]}}
{"op_code":8,"worker_id":"9e718ded-96ed-47a3-bd1e-42afdcf7e63f-18156","trial_id":25,"user_attr":{"constraints":[0.029036187188469103,0.011558537409681354,0.43333333333333335,0.346969696969697,0.01388290298895703,-108.0,5.0,0.017627219921117838,0.5,-1202.9995117530393,0.10277777777777775,0.10489417989417987]}}
{"op_code":8,"worker_id":"7674fda4-3026-4e5f-8c85-2eadee8c2739-8436","trial_id":18,"user_attr":{"constraints":[-0.05557608203335763,-0.014829910042675998,0.09999999999999998,-0.03282828282828282,-0.13713017898559987,-41.0,-8.0,0.03991848991848992,0.33333333333333337,-1322.0255683053995,0.022222222222222254,0.020238095238095277]}}
{"op_code":8,"worker_id":"f6a476f4-dadd-4f7d-91e6-5f8903a60354-23408","trial_id":26,"user_attr":{"pruned_reasons":["M4 (Overall IC <= 0)","M3 (Hit Rate < 60%)","M5 (Monotonicity <= 0.25)","Active features count (0) is less than active feature floor (5)","Side-specific Yearly Tail IC Mean (-0.0176 <= 0)","Side-specific Hit Rate (0.00% < 50%)","Yearly Daily Win Rate (33.68% < 45%)","Side-specific Yearly Daily Win Rate (35.90% < 45%)"]}}
{"op_code":8,"worker_id":"9e718ded-96ed-47a3-bd1e-42afdcf7e63f-18156","trial_id":25,"user_attr":{"pruned_reasons":["M4 (Overall IC <= 0)","M2 (Yearly Tail IC Mean <= 0)","M3 (Hit Rate < 60%)","M5 (Monotonicity <= 0.25)","M6 (Top-Bottom Spread <= 0)","Active features count (0) is less than active feature floor (5)","Side-specific Yearly Tail IC Mean (-0.0176 <= 0)","Side-specific Hit Rate (0.00% < 50%)","Yearly Daily Win Rate (34.72% < 45%)","Side-specific Yearly Daily Win Rate (34.51% < 45%)"]}}
{"op_code":8,"worker_id":"9e718ded-96ed-47a3-bd1e-42afdcf7e63f-18156","trial_id":25,"user_attr":{"gini":0.0}}
{"op_code":8,"worker_id":"7674fda4-3026-4e5f-8c85-2eadee8c2739-8436","trial_id":18,"user_attr":{"pruned_reasons":["M3 (Hit Rate < 60%)","Side-specific Yearly Tail IC Mean (-0.0399 <= 0)","Side-specific Hit Rate (16.67% < 50%)","Yearly Daily Win Rate (42.78% < 45%)","Side-specific Yearly Daily Win Rate (42.98% < 45%)"]}}
{"op_code":8,"worker_id":"f6a476f4-dadd-4f7d-91e6-5f8903a60354-23408","trial_id":26,"user_attr":{"gini":0.0}}
{"op_code":8,"worker_id":"f6a476f4-dadd-4f7d-91e6-5f8903a60354-23408","trial_id":26,"user_attr":{"cv_is_ics":[0.0,0.0,0.0,0.0,0.0,0.0,0.0,0.0,0.0,0.0,0.0,0.0,0.0,0.0,0.0]}}
{"op_code":8,"worker_id":"9e718ded-96ed-47a3-bd1e-42afdcf7e63f-18156","trial_id":25,"user_attr":{"cv_is_ics":[0.0,0.0,0.0,0.0,0.0,0.0,0.0,0.0,0.0,0.0,0.0,0.0,0.0,0.0,0.0]}}
{"op_code":8,"worker_id":"7674fda4-3026-4e5f-8c85-2eadee8c2739-8436","trial_id":18,"user_attr":{"gini":0.46213634200898124}}
{"op_code":8,"worker_id":"7674fda4-3026-4e5f-8c85-2eadee8c2739-8436","trial_id":18,"user_attr":{"cv_is_ics":[0.10136479884386063,0.08451783657073975,0.08844181150197983,0.0762433260679245,0.06767470389604568,0.09414582699537277,0.10789512097835541,0.07820399105548859,0.09220055490732193,0.10163341462612152,0.06319141387939453,0.059856612235307693,0.0993102416396141,0.07050628960132599,0.06382117420434952]}}
{"op_code":8,"worker_id":"f6a476f4-dadd-4f7d-91e6-5f8903a60354-23408","trial_id":26,"user_attr":{"cv_oos_ics":[0.0,0.0,0.0,0.0,0.0,0.0,0.0,0.0,0.0,0.0,0.0,0.0,0.0,0.0,0.0]}}
{"op_code":8,"worker_id":"9e718ded-96ed-47a3-bd1e-42afdcf7e63f-18156","trial_id":25,"user_attr":{"cv_oos_ics":[0.0,0.0,0.0,0.0,0.0,0.0,0.0,0.0,0.0,0.0,0.0,0.0,0.0,0.0,0.0]}}
{"op_code":5,"worker_id":"1e4ddd12-987d-4816-8454-bed5502108a0-11668","trial_id":27,"param_name":"huber_delta","param_value_internal":4.624510846547713,"distribution":"{\"name\": \"FloatDistribution\", \"attributes\": {\"step\": null, \"low\": 0.5, \"high\": 5.0, \"log\": false}}"}
{"op_code":8,"worker_id":"7674fda4-3026-4e5f-8c85-2eadee8c2739-8436","trial_id":18,"user_attr":{"cv_oos_ics":[-0.018410518765449524,-0.005748027935624123,0.026182902976870537,0.05453167483210564,0.06913280487060547,0.03390432521700859,0.022595345973968506,0.06867584586143494,0.04560142755508423,-0.004546288400888443,0.0027189746033400297,0.06749685108661652,0.04671875014901161,0.05539432540535927,0.10540394484996796]}}
{"op_code":8,"worker_id":"f6a476f4-dadd-4f7d-91e6-5f8903a60354-23408","trial_id":26,"user_attr":{"reg_kappa":2.031542345131582}}
{"op_code":8,"worker_id":"33e8163f-dc6d-4c92-8fdf-b5d25cbc813a-27448","trial_id":9,"user_attr":{"raw_metrics":[0.21178129263350573,0.04418076441740019,0.6666666666666666,0.06752041719576142,0.3151515151515151,0.2847617290288003,-0.19080699047216987,-0.4779874086380005,0.4784722222222222]}}
{"op_code":8,"worker_id":"7674fda4-3026-4e5f-8c85-2eadee8c2739-8436","trial_id":18,"user_attr":{"reg_kappa":3.3132721792196578}}
{"op_code":8,"worker_id":"33e8163f-dc6d-4c92-8fdf-b5d25cbc813a-27448","trial_id":9,"user_attr":{"val_metrics":[0.048873148687783634,-0.3384909701204797,0.05454545454545454,0.09738694666209967,-4.28382265788227]}}
{"op_code":8,"worker_id":"f6a476f4-dadd-4f7d-91e6-5f8903a60354-23408","trial_id":26,"user_attr":{"raw_metrics":[0.061969084584767214,0.00548501337380772,0.3333333333333333,-0.02122562651262989,0.012121212121212121,0.05621182080306527,-0.0,-0.0,0.3368055555555556]}}
{"op_code":8,"worker_id":"f6a476f4-dadd-4f7d-91e6-5f8903a60354-23408","trial_id":26,"user_attr":{"val_metrics":[0.0,0.0,0.5515151515151515,0.15795429898560912,-5.042899155592854]}}
{"op_code":8,"worker_id":"7674fda4-3026-4e5f-8c85-2eadee8c2739-8436","trial_id":18,"user_attr":{"raw_metrics":[0.09730580897109721,0.014829910042675998,0.5,0.05557608203335763,0.2828282828282828,0.13713017898559987,-0.23991240615485732,-0.5052885413169861,0.42777777777777776]}}
{"op_code":4,"worker_id":"cf6efe7e-bc2f-4034-a28d-a33452438896-22852","study_id":0,"datetime_start":"2026-07-14T11:40:41.145200"}
{"op_code":8,"worker_id":"9598ece5-50fe-4dab-ba3b-33e0a59f93d8-3216","trial_id":3,"user_attr":{"val_metrics":[0.02696461707097933,-0.17194659523139003,0.28484848484848485,0.03163266953998717,-6.877346316259281]}}
{"op_code":8,"worker_id":"7674fda4-3026-4e5f-8c85-2eadee8c2739-8436","trial_id":18,"user_attr":{"val_metrics":[0.04717489467222971,-0.3013550599882016,0.40606060606060607,0.04817784837096174,-4.407364724200875]}}
{"op_code":5,"worker_id":"cf6efe7e-bc2f-4034-a28d-a33452438896-22852","trial_id":28,"param_name":"k_weight","param_value_internal":0.9640348736791186,"distribution":"{\"name\": \"FloatDistribution\", \"attributes\": {\"step\": null, \"low\": 0.0, \"high\": 1.5, \"log\": false}}"}
{"op_code":8,"worker_id":"7674fda4-3026-4e5f-8c85-2eadee8c2739-8436","trial_id":18,"user_attr":{"deflated_objective":-0.7771654883671812}}
{"op_code":8,"worker_id":"e73d04a1-ca7d-4371-99cd-43a741be5c70-24340","trial_id":20,"user_attr":{"constraints":[-0.0624603814086818,-0.03237392544038576,-0.2333333333333334,0.007575757575757569,-0.2462303669197071,-91.0,-3.0,0.14074431574431576,0.0,-1215.8153052657835,-0.028472222222222232,-0.060978835978835966]}}
{"op_code":8,"worker_id":"e73d04a1-ca7d-4371-99cd-43a741be5c70-24340","trial_id":20,"user_attr":{"pruned_reasons":["M5 (Monotonicity <= 0.25)","Side-specific Yearly Tail IC Mean (-0.1407 <= 0)"]}}
{"op_code":5,"worker_id":"cf6efe7e-bc2f-4034-a28d-a33452438896-22852","trial_id":28,"param_name":"unified_alpha","param_value_internal":0.017050047208521636,"distribution":"{\"name\": \"FloatDistribution\", \"attributes\": {\"step\": null, \"low\": 1e-05, \"high\": 10.0, \"log\": true}}"}
{"op_code":9,"worker_id":"7674fda4-3026-4e5f-8c85-2eadee8c2739-8436","trial_id":18,"system_attr":{"constraints":[-0.05557608203335763,-0.014829910042675998,0.09999999999999998,-0.03282828282828282,-0.13713017898559987,-41.0,-8.0,0.03991848991848992,0.33333333333333337,-1322.0255683053995,0.022222222222222254,0.020238095238095277]}}
{"op_code":8,"worker_id":"e73d04a1-ca7d-4371-99cd-43a741be5c70-24340","trial_id":20,"user_attr":{"gini":0.5291121591161776}}
{"op_code":8,"worker_id":"9598ece5-50fe-4dab-ba3b-33e0a59f93d8-3216","trial_id":3,"user_attr":{"deflated_objective":-1.8087358667656188}}
{"op_code":6,"worker_id":"7674fda4-3026-4e5f-8c85-2eadee8c2739-8436","trial_id":18,"state":1,"values":[-0.4743920245537486],"datetime_complete":"2026-07-14T11:40:41.159215"}
{"op_code":9,"worker_id":"9598ece5-50fe-4dab-ba3b-33e0a59f93d8-3216","trial_id":3,"system_attr":{"constraints":[-0.056645229137548554,-0.019077798378281958,-0.06666666666666665,0.11262626262626263,-0.04596479951248816,-47.0,-5.0,0.1377091377091377,0.16666666666666669,-1310.0682929214386,0.0027777777777778234,-0.07023809523809516]}}
{"op_code":8,"worker_id":"f6a476f4-dadd-4f7d-91e6-5f8903a60354-23408","trial_id":26,"user_attr":{"deflated_objective":-0.9040435685715609}}
{"op_code":8,"worker_id":"e73d04a1-ca7d-4371-99cd-43a741be5c70-24340","trial_id":20,"user_attr":{"cv_is_ics":[0.10255228728055954,0.10605435818433762,0.10061897337436676,0.09932854026556015,0.07592301070690155,0.08886714279651642,0.10591676086187363,0.08502821624279022,0.09214577823877335,0.1047513484954834,0.05246308818459511,0.07728798687458038,0.10732980072498322,0.07489264011383057,0.08701670169830322]}}
{"op_code":8,"worker_id":"9e718ded-96ed-47a3-bd1e-42afdcf7e63f-18156","trial_id":25,"user_attr":{"reg_kappa":2.046379055066255}}
{"op_code":6,"worker_id":"9598ece5-50fe-4dab-ba3b-33e0a59f93d8-3216","trial_id":3,"state":1,"values":[-1.4247635152606866],"datetime_complete":"2026-07-14T11:40:41.164174"}
{"op_code":9,"worker_id":"f6a476f4-dadd-4f7d-91e6-5f8903a60354-23408","trial_id":26,"system_attr":{"constraints":[0.02122562651262989,-0.00548501337380772,0.26666666666666666,0.23787878787878788,-0.05621182080306527,-46.0,5.0,0.017627219921117838,0.5,-1357.2111830271829,0.11319444444444443,0.09100529100529103]}}
{"op_code":8,"worker_id":"2a0077c3-fe3d-4181-8436-807afce999a7-8896","trial_id":22,"user_attr":{"reg_kappa":2.9467382020404793}}
{"op_code":6,"worker_id":"f6a476f4-dadd-4f7d-91e6-5f8903a60354-23408","trial_id":26,"state":1,"values":[-0.5982358080246439],"datetime_complete":"2026-07-14T11:40:41.171378"}
{"op_code":8,"worker_id":"2a0077c3-fe3d-4181-8436-807afce999a7-8896","trial_id":22,"user_attr":{"raw_metrics":[0.1300137442327576,0.019204608781976523,0.5,0.04700956889749077,0.2101010101010101,0.2448010870405576,-0.10239808618961509,-0.18974235653877258,0.46458333333333335]}}
{"op_code":8,"worker_id":"2a0077c3-fe3d-4181-8436-807afce999a7-8896","trial_id":22,"user_attr":{"val_metrics":[0.04406846108477239,-0.3723381609420292,0.3212121212121212,0.16915169280305828,-4.0641270105919425]}}
{"op_code":8,"worker_id":"9e718ded-96ed-47a3-bd1e-42afdcf7e63f-18156","trial_id":25,"user_attr":{"raw_metrics":[-0.1540157812663124,-0.011558537409681354,0.16666666666666666,-0.029036187188469103,-0.09696969696969698,-0.01388290298895703,-0.0,-0.0,0.34722222222222227]}}
{"op_code":8,"worker_id":"2a0077c3-fe3d-4181-8436-807afce999a7-8896","trial_id":22,"user_attr":{"deflated_objective":-0.7465951334525092}}
{"op_code":9,"worker_id":"2a0077c3-fe3d-4181-8436-807afce999a7-8896","trial_id":22,"system_attr":{"constraints":[-0.04700956889749077,-0.019204608781976523,0.09999999999999998,0.039898989898989906,-0.2448010870405576,-113.0,-8.0,0.17689832689832688,0.16666666666666669,-1175.9958467894146,-0.014583333333333337,-0.09404761904761899]}}
{"op_code":4,"worker_id":"52d7abd7-70c2-4e24-a1d2-1f35c159b757-23408","study_id":0,"datetime_start":"2026-07-14T11:40:41.180216"}
{"op_code":6,"worker_id":"2a0077c3-fe3d-4181-8436-807afce999a7-8896","trial_id":22,"state":1,"values":[-0.37428567134531165],"datetime_complete":"2026-07-14T11:40:41.183323"}
{"op_code":5,"worker_id":"52d7abd7-70c2-4e24-a1d2-1f35c159b757-23408","trial_id":29,"param_name":"k_weight","param_value_internal":0.894128802020987,"distribution":"{\"name\": \"FloatDistribution\", \"attributes\": {\"step\": null, \"low\": 0.0, \"high\": 1.5, \"log\": false}}"}
{"op_code":5,"worker_id":"52d7abd7-70c2-4e24-a1d2-1f35c159b757-23408","trial_id":29,"param_name":"unified_alpha","param_value_internal":2.216578987161751e-05,"distribution":"{\"name\": \"FloatDistribution\", \"attributes\": {\"step\": null, \"low\": 1e-05, \"high\": 10.0, \"log\": true}}"}
{"op_code":8,"worker_id":"1e4ddd12-987d-4816-8454-bed5502108a0-11668","trial_id":27,"user_attr":{"constraints":[-0.05279348624681487,-0.020000547169163097,0.09999999999999998,0.015656565656565674,-0.07339259181844278,-107.0,-7.0,0.2258258258258258,0.33333333333333337,-1186.6766113218125,-0.024305555555555525,-0.09404761904761899]}}
{"op_code":5,"worker_id":"52d7abd7-70c2-4e24-a1d2-1f35c159b757-23408","trial_id":29,"param_name":"unified_rho","param_value_internal":0.7040771715681742,"distribution":"{\"name\": \"FloatDistribution\", \"attributes\": {\"step\": null, \"low\": 0.0, \"high\": 1.0, \"log\": false}}"}
{"op_code":5,"worker_id":"52d7abd7-70c2-4e24-a1d2-1f35c159b757-23408","trial_id":29,"param_name":"unified_gamma","param_value_internal":45.222511673580506,"distribution":"{\"name\": \"FloatDistribution\", \"attributes\": {\"step\": null, \"low\": 1.5, \"high\": 10000.0, \"log\": true}}"}
{"op_code":8,"worker_id":"1e4ddd12-987d-4816-8454-bed5502108a0-11668","trial_id":27,"user_attr":{"pruned_reasons":["M3 (Hit Rate < 60%)","M5 (Monotonicity <= 0.25)","Side-specific Yearly Tail IC Mean (-0.2258 <= 0)","Side-specific Hit Rate (16.67% < 50%)"]}}
{"op_code":8,"worker_id":"9e718ded-96ed-47a3-bd1e-42afdcf7e63f-18156","trial_id":25,"user_attr":{"val_metrics":[0.0,0.0,0.0,0.0,-5.042899155592854]}}
{"op_code":8,"worker_id":"1e4ddd12-987d-4816-8454-bed5502108a0-11668","trial_id":27,"user_attr":{"gini":0.43294716924094967}}
{"op_code":8,"worker_id":"1e4ddd12-987d-4816-8454-bed5502108a0-11668","trial_id":27,"user_attr":{"cv_is_ics":[0.11311626434326172,0.10136887431144714,0.10513659566640854,0.08829396218061447,0.08779948949813843,0.09483182430267334,0.10852017253637314,0.08741845935583115,0.09828953444957733,0.10661587864160538,0.06461559981107712,0.06673423200845718,0.10287007689476013,0.07427854835987091,0.07702033221721649]}}
{"op_code":4,"worker_id":"40456122-2468-4490-9869-fedbf56ea64e-19176","study_id":0,"datetime_start":"2026-07-14T11:40:41.136671"}
{"op_code":8,"worker_id":"1e4ddd12-987d-4816-8454-bed5502108a0-11668","trial_id":27,"user_attr":{"cv_oos_ics":[-0.01025915052741766,-0.006314374040812254,0.031669966876506805,0.04782450199127197,0.04777068272233009,0.03720772638916969,0.023535840213298798,0.05861401557922363,0.03148134797811508,-0.012016848661005497,-0.00011418041685828939,0.04848111420869827,0.05392066016793251,0.05982401594519615,0.08868733048439026]}}
{"op_code":5,"worker_id":"40456122-2468-4490-9869-fedbf56ea64e-19176","trial_id":30,"param_name":"k_weight","param_value_internal":0.8782555789374591,"distribution":"{\"name\": \"FloatDistribution\", \"attributes\": {\"step\": null, \"low\": 0.0, \"high\": 1.5, \"log\": false}}"}
{"op_code":5,"worker_id":"51f1a032-b9b5-4df7-83a3-e775dbaca6cf-31524","trial_id":23,"param_name":"huber_delta","param_value_internal":0.7699906830227805,"distribution":"{\"name\": \"FloatDistribution\", \"attributes\": {\"step\": null, \"low\": 0.5, \"high\": 5.0, \"log\": false}}"}
{"op_code":8,"worker_id":"1e4ddd12-987d-4816-8454-bed5502108a0-11668","trial_id":27,"user_attr":{"reg_kappa":2.972589117640679}}
{"op_code":5,"worker_id":"40456122-2468-4490-9869-fedbf56ea64e-19176","trial_id":30,"param_name":"unified_alpha","param_value_internal":2.3366088070845318e-05,"distribution":"{\"name\": \"FloatDistribution\", \"attributes\": {\"step\": null, \"low\": 1e-05, \"high\": 10.0, \"log\": true}}"}
{"op_code":8,"worker_id":"1e4ddd12-987d-4816-8454-bed5502108a0-11668","trial_id":27,"user_attr":{"raw_metrics":[0.1335223459072272,0.020000547169163097,0.5,0.05279348624681487,0.23434343434343433,0.07339259181844278,-0.10017287524704652,-0.23014481365680695,0.47430555555555554]}}
{"op_code":5,"worker_id":"40456122-2468-4490-9869-fedbf56ea64e-19176","trial_id":30,"param_name":"unified_rho","param_value_internal":0.03247959322471761,"distribution":"{\"name\": \"FloatDistribution\", \"attributes\": {\"step\": null, \"low\": 0.0, \"high\": 1.0, \"log\": false}}"}
{"op_code":8,"worker_id":"1e4ddd12-987d-4816-8454-bed5502108a0-11668","trial_id":27,"user_attr":{"val_metrics":[0.040493513320146196,-0.3495392110158727,0.3575757575757576,0.14441007459738656,-4.0861523456553055]}}
{"op_code":8,"worker_id":"9e718ded-96ed-47a3-bd1e-42afdcf7e63f-18156","trial_id":25,"user_attr":{"deflated_objective":-1.0015347646586372}}
{"op_code":8,"worker_id":"1e4ddd12-987d-4816-8454-bed5502108a0-11668","trial_id":27,"user_attr":{"deflated_objective":-0.7188705154127368}}
{"op_code":9,"worker_id":"1e4ddd12-987d-4816-8454-bed5502108a0-11668","trial_id":27,"system_attr":{"constraints":[-0.05279348624681487,-0.020000547169163097,0.09999999999999998,0.015656565656565674,-0.07339259181844278,-107.0,-7.0,0.2258258258258258,0.33333333333333337,-1186.6766113218125,-0.024305555555555525,-0.09404761904761899]}}
{"op_code":6,"worker_id":"1e4ddd12-987d-4816-8454-bed5502108a0-11668","trial_id":27,"state":1,"values":[-0.37069735654065206],"datetime_complete":"2026-07-14T11:40:41.225014"}
{"op_code":9,"worker_id":"9e718ded-96ed-47a3-bd1e-42afdcf7e63f-18156","trial_id":25,"system_attr":{"constraints":[0.029036187188469103,0.011558537409681354,0.43333333333333335,0.346969696969697,0.01388290298895703,-108.0,5.0,0.017627219921117838,0.5,-1202.9995117530393,0.10277777777777775,0.10489417989417987]}}
{"op_code":6,"worker_id":"9e718ded-96ed-47a3-bd1e-42afdcf7e63f-18156","trial_id":25,"state":1,"values":[-0.6533873231706439],"datetime_complete":"2026-07-14T11:40:41.228496"}
{"op_code":4,"worker_id":"17a25f88-8457-4850-8242-f287287a47e7-11668","study_id":0,"datetime_start":"2026-07-14T11:40:41.231455"}
{"op_code":8,"worker_id":"51f1a032-b9b5-4df7-83a3-e775dbaca6cf-31524","trial_id":23,"user_attr":{"constraints":[0.02626254295579585,0.01857647008523568,0.43333333333333335,0.25404040404040407,-0.012543711434118449,-80.0,5.0,0.017627219921117838,0.5,-1250.0534754190362,0.1201388888888889,0.09563492063492063]}}
{"op_code":5,"worker_id":"17a25f88-8457-4850-8242-f287287a47e7-11668","trial_id":31,"param_name":"k_weight","param_value_internal":0.8679051259546744,"distribution":"{\"name\": \"FloatDistribution\", \"attributes\": {\"step\": null, \"low\": 0.0, \"high\": 1.5, \"log\": false}}"}
{"op_code":8,"worker_id":"010cf2bd-026c-4e53-b1f2-021e06f62386-19068","trial_id":21,"user_attr":{"val_metrics":[0.0289916221226705,-0.404042901445438,0.2,0.12190065163430636,-2.580803813831517]}}
{"op_code":5,"worker_id":"17a25f88-8457-4850-8242-f287287a47e7-11668","trial_id":31,"param_name":"unified_alpha","param_value_internal":1.8214640314671845e-05,"distribution":"{\"name\": \"FloatDistribution\", \"attributes\": {\"step\": null, \"low\": 1e-05, \"high\": 10.0, \"log\": true}}"}
{"op_code":8,"worker_id":"51f1a032-b9b5-4df7-83a3-e775dbaca6cf-31524","trial_id":23,"user_attr":{"pruned_reasons":["M4 (Overall IC <= 0)","M2 (Yearly Tail IC Mean <= 0)","M3 (Hit Rate < 60%)","M5 (Monotonicity <= 0.25)","Active features count (0) is less than active feature floor (5)","Side-specific Yearly Tail IC Mean (-0.0176 <= 0)","Side-specific Hit Rate (0.00% < 50%)","Yearly Daily Win Rate (32.99% < 45%)","Side-specific Yearly Daily Win Rate (35.44% < 45%)"]}}
{"op_code":8,"worker_id":"010cf2bd-026c-4e53-b1f2-021e06f62386-19068","trial_id":21,"user_attr":{"deflated_objective":-0.16267375489552163}}
{"op_code":8,"worker_id":"51f1a032-b9b5-4df7-83a3-e775dbaca6cf-31524","trial_id":23,"user_attr":{"gini":0.0}}
{"op_code":5,"worker_id":"17a25f88-8457-4850-8242-f287287a47e7-11668","trial_id":31,"param_name":"unified_rho","param_value_internal":0.03422693045273527,"distribution":"{\"name\": \"FloatDistribution\", \"attributes\": {\"step\": null, \"low\": 0.0, \"high\": 1.0, \"log\": false}}"}
{"op_code":8,"worker_id":"51f1a032-b9b5-4df7-83a3-e775dbaca6cf-31524","trial_id":23,"user_attr":{"cv_is_ics":[0.0,0.0,0.0,0.0,0.0,0.0,0.0,0.0,0.0,0.0,0.0,0.0,0.0,0.0,0.0]}}
{"op_code":8,"worker_id":"51f1a032-b9b5-4df7-83a3-e775dbaca6cf-31524","trial_id":23,"user_attr":{"cv_oos_ics":[0.0,0.0,0.0,0.0,0.0,0.0,0.0,0.0,0.0,0.0,0.0,0.0,0.0,0.0,0.0]}}
{"op_code":5,"worker_id":"17a25f88-8457-4850-8242-f287287a47e7-11668","trial_id":31,"param_name":"unified_gamma","param_value_internal":131.53056452976494,"distribution":"{\"name\": \"FloatDistribution\", \"attributes\": {\"step\": null, \"low\": 1.5, \"high\": 10000.0, \"log\": true}}"}
{"op_code":8,"worker_id":"51f1a032-b9b5-4df7-83a3-e775dbaca6cf-31524","trial_id":23,"user_attr":{"reg_kappa":2.1374005880439686}}
{"op_code":8,"worker_id":"51f1a032-b9b5-4df7-83a3-e775dbaca6cf-31524","trial_id":23,"user_attr":{"raw_metrics":[-0.24128817477774128,-0.01857647008523568,0.16666666666666666,-0.02626254295579585,-0.004040404040404039,0.012543711434118449,-0.0,-0.0,0.3298611111111111]}}
{"op_code":4,"worker_id":"2ef307d0-8867-475c-9c4e-ad9567c1124b-18156","study_id":0,"datetime_start":"2026-07-14T11:40:41.235517"}
{"op_code":5,"worker_id":"17a25f88-8457-4850-8242-f287287a47e7-11668","trial_id":31,"param_name":"huber_delta","param_value_internal":0.6775156535892571,"distribution":"{\"name\": \"FloatDistribution\", \"attributes\": {\"step\": null, \"low\": 0.5, \"high\": 5.0, \"log\": false}}"}
{"op_code":8,"worker_id":"51f1a032-b9b5-4df7-83a3-e775dbaca6cf-31524","trial_id":23,"user_attr":{"val_metrics":[0.0,0.0,0.5515151515151515,0.15795429898560912,-5.042899155592854]}}
{"op_code":5,"worker_id":"2ef307d0-8867-475c-9c4e-ad9567c1124b-18156","trial_id":32,"param_name":"k_weight","param_value_internal":0.8201261673014859,"distribution":"{\"name\": \"FloatDistribution\", \"attributes\": {\"step\": null, \"low\": 0.0, \"high\": 1.5, \"log\": false}}"}
{"op_code":8,"worker_id":"51f1a032-b9b5-4df7-83a3-e775dbaca6cf-31524","trial_id":23,"user_attr":{"deflated_objective":-0.9252473493353222}}
{"op_code":9,"worker_id":"010cf2bd-026c-4e53-b1f2-021e06f62386-19068","trial_id":21,"system_attr":{"constraints":[-0.02579155356312014,-0.07309010644876905,-0.06666666666666665,0.0883838383838384,-0.1879577058046642,-81.0,-8.0,-0.008655083655083643,-0.16666666666666663,-1223.2848239134405,0.0187500000000001,-0.060978835978835966]}}
{"op_code":5,"worker_id":"35f189dc-d7bb-4c6f-9016-12f1a22545a0-31796","trial_id":1,"param_name":"unified_alpha","param_value_internal":4.253795683489069e-05,"distribution":"{\"name\": \"FloatDistribution\", \"attributes\": {\"step\": null, \"low\": 1e-05, \"high\": 10.0, \"log\": true}}"}
{"op_code":6,"worker_id":"010cf2bd-026c-4e53-b1f2-021e06f62386-19068","trial_id":21,"state":1,"values":[0.192732815083371],"datetime_complete":"2026-07-14T11:40:41.262876"}
{"op_code":9,"worker_id":"51f1a032-b9b5-4df7-83a3-e775dbaca6cf-31524","trial_id":23,"system_attr":{"constraints":[0.02626254295579585,0.01857647008523568,0.43333333333333335,0.25404040404040407,-0.012543711434118449,-80.0,5.0,0.017627219921117838,0.5,-1250.0534754190362,0.1201388888888889,0.09563492063492063]}}
{"op_code":6,"worker_id":"51f1a032-b9b5-4df7-83a3-e775dbaca6cf-31524","trial_id":23,"state":1,"values":[-0.5982358080246439],"datetime_complete":"2026-07-14T11:40:41.267042"}
{"op_code":4,"worker_id":"13f5c54d-13fb-40d2-8617-f8cfbebefe50-8436","study_id":0,"datetime_start":"2026-07-14T11:40:41.251539"}
{"op_code":5,"worker_id":"13f5c54d-13fb-40d2-8617-f8cfbebefe50-8436","trial_id":33,"param_name":"k_weight","param_value_internal":0.6715770122372791,"distribution":"{\"name\": \"FloatDistribution\", \"attributes\": {\"step\": null, \"low\": 0.0, \"high\": 1.5, \"log\": false}}"}
{"op_code":5,"worker_id":"76b46dc3-67db-4bb4-875e-46958d1e5492-7108","trial_id":4,"param_name":"unified_rho","param_value_internal":0.7287346335011062,"distribution":"{\"name\": \"FloatDistribution\", \"attributes\": {\"step\": null, \"low\": 0.0, \"high\": 1.0, \"log\": false}}"}
{"op_code":4,"worker_id":"520c0fc4-e182-4471-b3ca-32214089dc29-31524","study_id":0,"datetime_start":"2026-07-14T11:40:41.273880"}
{"op_code":5,"worker_id":"13f5c54d-13fb-40d2-8617-f8cfbebefe50-8436","trial_id":33,"param_name":"unified_alpha","param_value_internal":1.295533025971897e-05,"distribution":"{\"name\": \"FloatDistribution\", \"attributes\": {\"step\": null, \"low\": 1e-05, \"high\": 10.0, \"log\": true}}"}
{"op_code":5,"worker_id":"76b46dc3-67db-4bb4-875e-46958d1e5492-7108","trial_id":4,"param_name":"unified_gamma","param_value_internal":33.11860795398065,"distribution":"{\"name\": \"FloatDistribution\", \"attributes\": {\"step\": null, \"low\": 1.5, \"high\": 10000.0, \"log\": true}}"}
{"op_code":5,"worker_id":"76b46dc3-67db-4bb4-875e-46958d1e5492-7108","trial_id":4,"param_name":"huber_delta","param_value_internal":3.6842231221658643,"distribution":"{\"name\": \"FloatDistribution\", \"attributes\": {\"step\": null, \"low\": 0.5, \"high\": 5.0, \"log\": false}}"}
{"op_code":5,"worker_id":"520c0fc4-e182-4471-b3ca-32214089dc29-31524","trial_id":34,"param_name":"k_weight","param_value_internal":0.7798192106566642,"distribution":"{\"name\": \"FloatDistribution\", \"attributes\": {\"step\": null, \"low\": 0.0, \"high\": 1.5, \"log\": false}}"}
{"op_code":5,"worker_id":"13f5c54d-13fb-40d2-8617-f8cfbebefe50-8436","trial_id":33,"param_name":"unified_rho","param_value_internal":0.15544886383204276,"distribution":"{\"name\": \"FloatDistribution\", \"attributes\": {\"step\": null, \"low\": 0.0, \"high\": 1.0, \"log\": false}}"}
{"op_code":5,"worker_id":"520c0fc4-e182-4471-b3ca-32214089dc29-31524","trial_id":34,"param_name":"unified_alpha","param_value_internal":1.035904321733901e-05,"distribution":"{\"name\": \"FloatDistribution\", \"attributes\": {\"step\": null, \"low\": 1e-05, \"high\": 10.0, \"log\": true}}"}
{"op_code":4,"worker_id":"5a9af2b3-6ff8-46eb-8cef-2875286c4f38-8896","study_id":0,"datetime_start":"2026-07-14T11:40:41.276698"}
{"op_code":5,"worker_id":"520c0fc4-e182-4471-b3ca-32214089dc29-31524","trial_id":34,"param_name":"unified_rho","param_value_internal":0.22877733719814017,"distribution":"{\"name\": \"FloatDistribution\", \"attributes\": {\"step\": null, \"low\": 0.0, \"high\": 1.0, \"log\": false}}"}
{"op_code":5,"worker_id":"13f5c54d-13fb-40d2-8617-f8cfbebefe50-8436","trial_id":33,"param_name":"unified_gamma","param_value_internal":144.39250721565296,"distribution":"{\"name\": \"FloatDistribution\", \"attributes\": {\"step\": null, \"low\": 1.5, \"high\": 10000.0, \"log\": true}}"}
{"op_code":5,"worker_id":"5a9af2b3-6ff8-46eb-8cef-2875286c4f38-8896","trial_id":35,"param_name":"k_weight","param_value_internal":0.7490121311580883,"distribution":"{\"name\": \"FloatDistribution\", \"attributes\": {\"step\": null, \"low\": 0.0, \"high\": 1.5, \"log\": false}}"}
{"op_code":5,"worker_id":"520c0fc4-e182-4471-b3ca-32214089dc29-31524","trial_id":34,"param_name":"unified_gamma","param_value_internal":151.22101374444279,"distribution":"{\"name\": \"FloatDistribution\", \"attributes\": {\"step\": null, \"low\": 1.5, \"high\": 10000.0, \"log\": true}}"}
{"op_code":5,"worker_id":"5a9af2b3-6ff8-46eb-8cef-2875286c4f38-8896","trial_id":35,"param_name":"unified_alpha","param_value_internal":1.3512774322567308e-05,"distribution":"{\"name\": \"FloatDistribution\", \"attributes\": {\"step\": null, \"low\": 1e-05, \"high\": 10.0, \"log\": true}}"}
{"op_code":5,"worker_id":"520c0fc4-e182-4471-b3ca-32214089dc29-31524","trial_id":34,"param_name":"huber_delta","param_value_internal":0.5763529704931603,"distribution":"{\"name\": \"FloatDistribution\", \"attributes\": {\"step\": null, \"low\": 0.5, \"high\": 5.0, \"log\": false}}"}
{"op_code":5,"worker_id":"5a9af2b3-6ff8-46eb-8cef-2875286c4f38-8896","trial_id":35,"param_name":"unified_rho","param_value_internal":0.20884351298162318,"distribution":"{\"name\": \"FloatDistribution\", \"attributes\": {\"step\": null, \"low\": 0.0, \"high\": 1.0, \"log\": false}}"}
{"op_code":5,"worker_id":"5a9af2b3-6ff8-46eb-8cef-2875286c4f38-8896","trial_id":35,"param_name":"unified_gamma","param_value_internal":135.15858872062975,"distribution":"{\"name\": \"FloatDistribution\", \"attributes\": {\"step\": null, \"low\": 1.5, \"high\": 10000.0, \"log\": true}}"}
{"op_code":8,"worker_id":"e73d04a1-ca7d-4371-99cd-43a741be5c70-24340","trial_id":20,"user_attr":{"cv_oos_ics":[0.0034452008549124002,-0.03260575979948044,0.025358298793435097,0.05536681413650513,0.06388620287179947,0.02945399470627308,0.024534421041607857,0.05803442746400833,0.024431630969047546,0.00958588719367981,-0.009355106391012669,0.04548025131225586,0.05537354201078415,0.05741683021187782,0.07866492867469788]}}
{"op_code":5,"worker_id":"13f5c54d-13fb-40d2-8617-f8cfbebefe50-8436","trial_id":33,"param_name":"huber_delta","param_value_internal":0.5073225597250732,"distribution":"{\"name\": \"FloatDistribution\", \"attributes\": {\"step\": null, \"low\": 0.5, \"high\": 5.0, \"log\": false}}"}
{"op_code":8,"worker_id":"e73d04a1-ca7d-4371-99cd-43a741be5c70-24340","trial_id":20,"user_attr":{"reg_kappa":3.0025009781129794}}
{"op_code":8,"worker_id":"e73d04a1-ca7d-4371-99cd-43a741be5c70-24340","trial_id":20,"user_attr":{"raw_metrics":[0.4286352031552847,0.03237392544038576,0.8333333333333334,0.0624603814086818,0.24242424242424243,0.2462303669197071,-0.08061502538247461,-0.2013837993144989,0.47847222222222224]}}
{"op_code":8,"worker_id":"e73d04a1-ca7d-4371-99cd-43a741be5c70-24340","trial_id":20,"user_attr":{"val_metrics":[0.042273515588001624,-0.24660147415174685,0.3575757575757576,0.10899740098840625,-6.938805023374364]}}
{"op_code":8,"worker_id":"76b46dc3-67db-4bb4-875e-46958d1e5492-7108","trial_id":4,"user_attr":{"constraints":[0.029036187188469103,0.011558537409681354,0.43333333333333335,0.346969696969697,0.01388290298895703,-125.0,5.0,0.017627219921117838,0.5,-1180.081927610535,0.10277777777777775,0.10489417989417987]}}
{"op_code":8,"worker_id":"e73d04a1-ca7d-4371-99cd-43a741be5c70-24340","trial_id":20,"user_attr":{"deflated_objective":-1.9341284484441554}}
{"op_code":8,"worker_id":"76b46dc3-67db-4bb4-875e-46958d1e5492-7108","trial_id":4,"user_attr":{"pruned_reasons":["M4 (Overall IC <= 0)","M2 (Yearly Tail IC Mean <= 0)","M3 (Hit Rate < 60%)","M5 (Monotonicity <= 0.25)","M6 (Top-Bottom Spread <= 0)","Active features count (0) is less than active feature floor (5)","Side-specific Yearly Tail IC Mean (-0.0176 <= 0)","Side-specific Hit Rate (0.00% < 50%)","Yearly Daily Win Rate (34.72% < 45%)","Side-specific Yearly Daily Win Rate (34.51% < 45%)"]}}
{"op_code":9,"worker_id":"e73d04a1-ca7d-4371-99cd-43a741be5c70-24340","trial_id":20,"system_attr":{"constraints":[-0.0624603814086818,-0.03237392544038576,-0.2333333333333334,0.007575757575757569,-0.2462303669197071,-91.0,-3.0,0.14074431574431576,0.0,-1215.8153052657835,-0.028472222222222232,-0.060978835978835966]}}
{"op_code":8,"worker_id":"76b46dc3-67db-4bb4-875e-46958d1e5492-7108","trial_id":4,"user_attr":{"gini":0.0}}
{"op_code":8,"worker_id":"76b46dc3-67db-4bb4-875e-46958d1e5492-7108","trial_id":4,"user_attr":{"cv_is_ics":[0.0,0.0,0.0,0.0,0.0,0.0,0.0,0.0,0.0,0.0,0.0,0.0,0.0,0.0,0.0]}}
{"op_code":8,"worker_id":"76b46dc3-67db-4bb4-875e-46958d1e5492-7108","trial_id":4,"user_attr":{"cv_oos_ics":[0.0,0.0,0.0,0.0,0.0,0.0,0.0,0.0,0.0,0.0,0.0,0.0,0.0,0.0,0.0]}}
{"op_code":6,"worker_id":"e73d04a1-ca7d-4371-99cd-43a741be5c70-24340","trial_id":20,"state":1,"values":[-1.4704053325458688],"datetime_complete":"2026-07-14T11:40:41.312605"}
{"op_code":5,"worker_id":"5a9af2b3-6ff8-46eb-8cef-2875286c4f38-8896","trial_id":35,"param_name":"huber_delta","param_value_internal":0.5194929803759138,"distribution":"{\"name\": \"FloatDistribution\", \"attributes\": {\"step\": null, \"low\": 0.5, \"high\": 5.0, \"log\": false}}"}
{"op_code":8,"worker_id":"76b46dc3-67db-4bb4-875e-46958d1e5492-7108","trial_id":4,"user_attr":{"reg_kappa":1.432144807677754}}
{"op_code":8,"worker_id":"76b46dc3-67db-4bb4-875e-46958d1e5492-7108","trial_id":4,"user_attr":{"raw_metrics":[-0.1540157812663124,-0.011558537409681354,0.16666666666666666,-0.029036187188469103,-0.09696969696969698,-0.01388290298895703,-0.0,-0.0,0.34722222222222227]}}
{"op_code":8,"worker_id":"76b46dc3-67db-4bb4-875e-46958d1e5492-7108","trial_id":4,"user_attr":{"val_metrics":[0.0,0.0,0.5515151515151515,0.15795429898560912,-5.042899155592854]}}
{"op_code":5,"worker_id":"2ef307d0-8867-475c-9c4e-ad9567c1124b-18156","trial_id":32,"param_name":"unified_alpha","param_value_internal":1.250229134813289e-05,"distribution":"{\"name\": \"FloatDistribution\", \"attributes\": {\"step\": null, \"low\": 1e-05, \"high\": 10.0, \"log\": true}}"}
{"op_code":8,"worker_id":"76b46dc3-67db-4bb4-875e-46958d1e5492-7108","trial_id":4,"user_attr":{"deflated_objective":-1.03885111301036}}
{"op_code":5,"worker_id":"2ef307d0-8867-475c-9c4e-ad9567c1124b-18156","trial_id":32,"param_name":"unified_rho","param_value_internal":0.019049784823547283,"distribution":"{\"name\": \"FloatDistribution\", \"attributes\": {\"step\": null, \"low\": 0.0, \"high\": 1.0, \"log\": false}}"}
{"op_code":9,"worker_id":"76b46dc3-67db-4bb4-875e-46958d1e5492-7108","trial_id":4,"system_attr":{"constraints":[0.029036187188469103,0.011558537409681354,0.43333333333333335,0.346969696969697,0.01388290298895703,-125.0,5.0,0.017627219921117838,0.5,-1180.081927610535,0.10277777777777775,0.10489417989417987]}}
{"op_code":5,"worker_id":"35f189dc-d7bb-4c6f-9016-12f1a22545a0-31796","trial_id":1,"param_name":"unified_rho","param_value_internal":0.7446404816795178,"distribution":"{\"name\": \"FloatDistribution\", \"attributes\": {\"step\": null, \"low\": 0.0, \"high\": 1.0, \"log\": false}}"}
{"op_code":6,"worker_id":"76b46dc3-67db-4bb4-875e-46958d1e5492-7108","trial_id":4,"state":1,"values":[-0.5982358080246439],"datetime_complete":"2026-07-14T11:40:41.334708"}
{"op_code":5,"worker_id":"2ef307d0-8867-475c-9c4e-ad9567c1124b-18156","trial_id":32,"param_name":"unified_gamma","param_value_internal":155.2701359416226,"distribution":"{\"name\": \"FloatDistribution\", \"attributes\": {\"step\": null, \"low\": 1.5, \"high\": 10000.0, \"log\": true}}"}
{"op_code":5,"worker_id":"2ef307d0-8867-475c-9c4e-ad9567c1124b-18156","trial_id":32,"param_name":"huber_delta","param_value_internal":0.7003663100220908,"distribution":"{\"name\": \"FloatDistribution\", \"attributes\": {\"step\": null, \"low\": 0.5, \"high\": 5.0, \"log\": false}}"}
{"op_code":8,"worker_id":"520c0fc4-e182-4471-b3ca-32214089dc29-31524","trial_id":34,"user_attr":{"constraints":[-0.03256626531755906,-0.06585930955231868,-0.06666666666666665,0.07626262626262623,-0.16944985871824125,-70.0,-8.0,0.04355426855426855,0.16666666666666669,-1243.386370243554,0.009027777777777746,-0.056349206349206316]}}
{"op_code":8,"worker_id":"520c0fc4-e182-4471-b3ca-32214089dc29-31524","trial_id":34,"user_attr":{"pruned_reasons":["M5 (Monotonicity <= 0.25)","Side-specific Yearly Tail IC Mean (-0.0436 <= 0)","Side-specific Hit Rate (33.33% < 50%)","Yearly Daily Win Rate (44.10% < 45%)"]}}
{"op_code":5,"worker_id":"35f189dc-d7bb-4c6f-9016-12f1a22545a0-31796","trial_id":1,"param_name":"unified_gamma","param_value_internal":35.86027023078568,"distribution":"{\"name\": \"FloatDistribution\", \"attributes\": {\"step\": null, \"low\": 1.5, \"high\": 10000.0, \"log\": true}}"}
{"op_code":4,"worker_id":"7673ff5f-b5fd-40ef-b2cf-8647fb7821a1-19068","study_id":0,"datetime_start":"2026-07-14T11:40:41.344975"}
{"op_code":5,"worker_id":"35f189dc-d7bb-4c6f-9016-12f1a22545a0-31796","trial_id":1,"param_name":"huber_delta","param_value_internal":2.1168987701363235,"distribution":"{\"name\": \"FloatDistribution\", \"attributes\": {\"step\": null, \"low\": 0.5, \"high\": 5.0, \"log\": false}}"}
{"op_code":8,"worker_id":"520c0fc4-e182-4471-b3ca-32214089dc29-31524","trial_id":34,"user_attr":{"gini":0.34543963759875895}}
{"op_code":8,"worker_id":"520c0fc4-e182-4471-b3ca-32214089dc29-31524","trial_id":34,"user_attr":{"cv_is_ics":[0.11623591184616089,0.11496400088071823,0.12392409890890121,0.08978746831417084,0.09690231829881668,0.09503103047609329,0.11165285110473633,0.09180324524641037,0.10339657217264175,0.11516817659139633,0.07096675038337708,0.08719311654567719,0.1041155532002449,0.09808226674795151,0.09193447977304459]}}
{"op_code":8,"worker_id":"520c0fc4-e182-4471-b3ca-32214089dc29-31524","trial_id":34,"user_attr":{"cv_oos_ics":[0.00043963719508610666,-0.027732163667678833,0.017890872433781624,0.03744960203766823,0.019890878349542618,0.04448865354061127,0.02678428776562214,0.016071826219558716,0.006692655384540558,0.02280433475971222,0.02062736079096794,0.004936807788908482,0.04088287428021431,0.05181458219885826,0.03623592481017113]}}
{"op_code":8,"worker_id":"13f5c54d-13fb-40d2-8617-f8cfbebefe50-8436","trial_id":33,"user_attr":{"constraints":[-0.027629591567642012,-0.07685331385939288,-0.06666666666666665,0.10454545454545452,-0.19912377445958554,-78.0,-8.0,-0.014146289146289135,-0.16666666666666663,-1228.5667099498514,0.018750000000000044,-0.056349206349206316]}}
{"op_code":8,"worker_id":"520c0fc4-e182-4471-b3ca-32214089dc29-31524","trial_id":34,"user_attr":{"reg_kappa":3.116219935889311}}
{"op_code":8,"worker_id":"13f5c54d-13fb-40d2-8617-f8cfbebefe50-8436","trial_id":33,"user_attr":{"pruned_reasons":["M5 (Monotonicity <= 0.25)","Yearly Daily Win Rate (43.12% < 45%)"]}}
{"op_code":5,"worker_id":"7673ff5f-b5fd-40ef-b2cf-8647fb7821a1-19068","trial_id":36,"param_name":"k_weight","param_value_internal":0.8636179993924319,"distribution":"{\"name\": \"FloatDistribution\", \"attributes\": {\"step\": null, \"low\": 0.0, \"high\": 1.5, \"log\": false}}"}
{"op_code":8,"worker_id":"13f5c54d-13fb-40d2-8617-f8cfbebefe50-8436","trial_id":33,"user_attr":{"gini":0.3272513124921437}}
{"op_code":5,"worker_id":"7673ff5f-b5fd-40ef-b2cf-8647fb7821a1-19068","trial_id":36,"param_name":"unified_alpha","param_value_internal":1.3244927969988077e-05,"distribution":"{\"name\": \"FloatDistribution\", \"attributes\": {\"step\": null, \"low\": 1e-05, \"high\": 10.0, \"log\": true}}"}
{"op_code":8,"worker_id":"13f5c54d-13fb-40d2-8617-f8cfbebefe50-8436","trial_id":33,"user_attr":{"cv_is_ics":[0.11821901053190231,0.11381707340478897,0.12608395516872406,0.09382450580596924,0.09958555549383163,0.09617921710014343,0.11452123522758484,0.0970500037074089,0.10739389061927795,0.11720403283834457,0.07572494447231293,0.08752994239330292,0.10605865716934204,0.09768445789813995,0.09524427354335785]}}
{"op_code":5,"worker_id":"7673ff5f-b5fd-40ef-b2cf-8647fb7821a1-19068","trial_id":36,"param_name":"unified_rho","param_value_internal":0.1881245617255183,"distribution":"{\"name\": \"FloatDistribution\", \"attributes\": {\"step\": null, \"low\": 0.0, \"high\": 1.0, \"log\": false}}"}
{"op_code":8,"worker_id":"520c0fc4-e182-4471-b3ca-32214089dc29-31524","trial_id":34,"user_attr":{"raw_metrics":[0.4384617327179997,0.06585930955231868,0.6666666666666666,0.03256626531755906,0.17373737373737377,0.16944985871824125,-0.15590016927331965,-0.2640671730041504,0.44097222222222227]}}
{"op_code":5,"worker_id":"7673ff5f-b5fd-40ef-b2cf-8647fb7821a1-19068","trial_id":36,"param_name":"unified_gamma","param_value_internal":315.54827463575947,"distribution":"{\"name\": \"FloatDistribution\", \"attributes\": {\"step\": null, \"low\": 1.5, \"high\": 10000.0, \"log\": true}}"}
{"op_code":8,"worker_id":"13f5c54d-13fb-40d2-8617-f8cfbebefe50-8436","trial_id":33,"user_attr":{"cv_oos_ics":[0.009108946658670902,-0.015929728746414185,0.02005488984286785,0.03685663267970085,0.018701806664466858,0.04371430352330208,0.025780297815799713,0.019218338653445244,0.002331587951630354,0.022372955456376076,0.01742333360016346,0.00804188847541809,0.04407522827386856,0.052289385348558426,0.03636462613940239]}}
{"op_code":5,"worker_id":"7673ff5f-b5fd-40ef-b2cf-8647fb7821a1-19068","trial_id":36,"param_name":"huber_delta","param_value_internal":0.571020021453176,"distribution":"{\"name\": \"FloatDistribution\", \"attributes\": {\"step\": null, \"low\": 0.5, \"high\": 5.0, \"log\": false}}"}
{"op_code":8,"worker_id":"520c0fc4-e182-4471-b3ca-32214089dc29-31524","trial_id":34,"user_attr":{"val_metrics":[0.03599735944356323,-0.464809108367252,0.296969696969697,0.12296280764596726,-2.8412322677681745]}}
{"op_code":8,"worker_id":"5a9af2b3-6ff8-46eb-8cef-2875286c4f38-8896","trial_id":35,"user_attr":{"constraints":[-0.029448556926966147,-0.06930913564652168,-0.06666666666666665,0.10252525252525249,-0.16963205959958336,-72.0,-8.0,-0.0027348777348777387,0.0,-1239.0270954204766,0.022222222222222254,-0.060978835978835966]}}
{"op_code":8,"worker_id":"13f5c54d-13fb-40d2-8617-f8cfbebefe50-8436","trial_id":33,"user_attr":{"reg_kappa":3.0790648914572403}}
{"op_code":8,"worker_id":"13f5c54d-13fb-40d2-8617-f8cfbebefe50-8436","trial_id":33,"user_attr":{"raw_metrics":[0.40925882301642885,0.07685331385939288,0.6666666666666666,0.027629591567642012,0.14545454545454548,0.19912377445958554,-0.14219529237459952,-0.23529022932052612,0.43124999999999997]}}
{"op_code":8,"worker_id":"13f5c54d-13fb-40d2-8617-f8cfbebefe50-8436","trial_id":33,"user_attr":{"val_metrics":[0.03116981749044618,-0.4138494619276808,0.23636363636363636,0.12190065163430636,-2.5845786649469384]}}
{"op_code":8,"worker_id":"5a9af2b3-6ff8-46eb-8cef-2875286c4f38-8896","trial_id":35,"user_attr":{"pruned_reasons":["M5 (Monotonicity <= 0.25)","Yearly Daily Win Rate (42.78% < 45%)"]}}
{"op_code":8,"worker_id":"5a9af2b3-6ff8-46eb-8cef-2875286c4f38-8896","trial_id":35,"user_attr":{"gini":0.32989997614238376}}
{"op_code":8,"worker_id":"13f5c54d-13fb-40d2-8617-f8cfbebefe50-8436","trial_id":33,"user_attr":{"deflated_objective":-0.2681501016345736}}
{"op_code":8,"worker_id":"2ef307d0-8867-475c-9c4e-ad9567c1124b-18156","trial_id":32,"user_attr":{"constraints":[-0.02939866861463356,-0.026299550852886554,-0.06666666666666665,0.11060606060606062,0.08921819050382411,0.0,0.0,0.11069283569283571,0.33333333333333337,-1249.260035878305,0.022916666666666696,-0.060978835978835966]}}
{"op_code":8,"worker_id":"520c0fc4-e182-4471-b3ca-32214089dc29-31524","trial_id":34,"user_attr":{"deflated_objective":-0.3769313724022536}}
{"op_code":9,"worker_id":"520c0fc4-e182-4471-b3ca-32214089dc29-31524","trial_id":34,"system_attr":{"constraints":[-0.03256626531755906,-0.06585930955231868,-0.06666666666666665,0.07626262626262623,-0.16944985871824125,-70.0,-8.0,0.04355426855426855,0.16666666666666669,-1243.386370243554,0.009027777777777746,-0.056349206349206316]}}
{"op_code":4,"worker_id":"18f9f210-7dd9-4566-990b-39584ff733f1-3216","study_id":0,"datetime_start":"2026-07-14T11:40:41.256258"}
{"op_code":8,"worker_id":"2ef307d0-8867-475c-9c4e-ad9567c1124b-18156","trial_id":32,"user_attr":{"pruned_reasons":["M5 (Monotonicity <= 0.25)","M6 (Top-Bottom Spread <= 0)","Side-specific Yearly Tail IC Mean (-0.1107 <= 0)","Side-specific Hit Rate (16.67% < 50%)","Yearly Daily Win Rate (42.71% < 45%)"]}}
{"op_code":8,"worker_id":"5a9af2b3-6ff8-46eb-8cef-2875286c4f38-8896","trial_id":35,"user_attr":{"cv_is_ics":[0.11730170994997025,0.11473125964403152,0.1251729428768158,0.09112502634525299,0.09865719079971313,0.09629051387310028,0.11296647042036057,0.09466748684644699,0.10435617715120316,0.11774825304746628,0.07463380694389343,0.08746977895498276,0.10449375212192535,0.09851083159446716,0.09316414594650269]}}
{"op_code":6,"worker_id":"520c0fc4-e182-4471-b3ca-32214089dc29-31524","trial_id":34,"state":1,"values":[0.07465249418084927],"datetime_complete":"2026-07-14T11:40:41.387838"}
{"op_code":8,"worker_id":"2ef307d0-8867-475c-9c4e-ad9567c1124b-18156","trial_id":32,"user_attr":{"gini":0.37817227938033127}}
{"op_code":8,"worker_id":"2ef307d0-8867-475c-9c4e-ad9567c1124b-18156","trial_id":32,"user_attr":{"cv_is_ics":[0.11564775556325912,0.11506712436676025,0.12423726916313171,0.08911694586277008,0.09586949646472931,0.0958203598856926,0.1092165932059288,0.09007006138563156,0.09963160008192062,0.1134747713804245,0.06547194719314575,0.08614632487297058,0.10355944186449051,0.0944710299372673,0.08765542507171631]}}
{"op_code":8,"worker_id":"5a9af2b3-6ff8-46eb-8cef-2875286c4f38-8896","trial_id":35,"user_attr":{"cv_oos_ics":[0.007579328026622534,-0.018548188731074333,0.019052037969231606,0.03573675453662872,0.019463341683149338,0.04669680446386337,0.026812762022018433,0.018889321014285088,0.005641967058181763,0.023082097992300987,0.020701251924037933,0.004859074018895626,0.043752193450927734,0.050925057381391525,0.03824888914823532]}}
{"op_code":8,"worker_id":"2ef307d0-8867-475c-9c4e-ad9567c1124b-18156","trial_id":32,"user_attr":{"cv_oos_ics":[-0.006633994169533253,-0.04146086052060127,0.02003125660121441,0.040306106209754944,0.01526699960231781,0.03741971775889397,0.027955563738942146,0.016687575727701187,0.004400788340717554,0.01971249468624592,0.008274094201624393,0.008493484929203987,0.04089141637086868,0.05238591134548187,0.036671433597803116]}}
{"op_code":8,"worker_id":"5a9af2b3-6ff8-46eb-8cef-2875286c4f38-8896","trial_id":35,"user_attr":{"reg_kappa":3.105282204035081}}
{"op_code":8,"worker_id":"33e8163f-dc6d-4c92-8fdf-b5d25cbc813a-27448","trial_id":9,"user_attr":{"deflated_objective":-0.7775905141141264}}
{"op_code":8,"worker_id":"2ef307d0-8867-475c-9c4e-ad9567c1124b-18156","trial_id":32,"user_attr":{"reg_kappa":3.130921000357075}}
{"op_code":8,"worker_id":"5a9af2b3-6ff8-46eb-8cef-2875286c4f38-8896","trial_id":35,"user_attr":{"raw_metrics":[0.35365625382709814,0.06930913564652168,0.6666666666666666,0.029448556926966147,0.1474747474747475,0.16963205959958336,-0.15179054540997192,-0.25403815507888794,0.42777777777777776]}}
{"op_code":8,"worker_id":"2ef307d0-8867-475c-9c4e-ad9567c1124b-18156","trial_id":32,"user_attr":{"raw_metrics":[0.34605773347862734,0.026299550852886554,0.6666666666666666,0.02939866861463356,0.13939393939393938,-0.08921819050382411,-0.16153743912966728,-0.28357064723968506,0.4270833333333333]}}
{"op_code":8,"worker_id":"2ef307d0-8867-475c-9c4e-ad9567c1124b-18156","trial_id":32,"user_attr":{"val_metrics":[0.04078358776379671,-0.4653532638246535,0.34545454545454546,0.0877894849644677,-2.428900634501638]}}
{"op_code":4,"worker_id":"ac7d37d7-2068-4b78-a898-0ee464e7f144-31524","study_id":0,"datetime_start":"2026-07-14T11:40:41.398759"}
{"op_code":8,"worker_id":"5a9af2b3-6ff8-46eb-8cef-2875286c4f38-8896","trial_id":35,"user_attr":{"val_metrics":[0.03439667592269175,-0.3920263394943262,0.34545454545454546,0.12190065163430636,-2.7804902333927286]}}
{"op_code":5,"worker_id":"ac7d37d7-2068-4b78-a898-0ee464e7f144-31524","trial_id":38,"param_name":"k_weight","param_value_internal":0.024518284710818516,"distribution":"{\"name\": \"FloatDistribution\", \"attributes\": {\"step\": null, \"low\": 0.0, \"high\": 1.5, \"log\": false}}"}
{"op_code":9,"worker_id":"33e8163f-dc6d-4c92-8fdf-b5d25cbc813a-27448","trial_id":9,"system_attr":{"constraints":[-0.06752041719576142,-0.04418076441740019,-0.06666666666666665,-0.06515151515151513,-0.2847617290288003,-42.0,-5.0,0.09735092235092235,0.16666666666666669,-1328.9954988343989,-0.028472222222222177,-0.046164021164021185]}}
{"op_code":8,"worker_id":"2ef307d0-8867-475c-9c4e-ad9567c1124b-18156","trial_id":32,"user_attr":{"deflated_objective":-0.2646240155192113}}
{"op_code":5,"worker_id":"ac7d37d7-2068-4b78-a898-0ee464e7f144-31524","trial_id":38,"param_name":"unified_alpha","param_value_internal":1.4832092445478298e-05,"distribution":"{\"name\": \"FloatDistribution\", \"attributes\": {\"step\": null, \"low\": 1e-05, \"high\": 10.0, \"log\": true}}"}
{"op_code":6,"worker_id":"33e8163f-dc6d-4c92-8fdf-b5d25cbc813a-27448","trial_id":9,"state":1,"values":[-0.4748112518291359],"datetime_complete":"2026-07-14T11:40:41.414305"}
{"op_code":9,"worker_id":"2ef307d0-8867-475c-9c4e-ad9567c1124b-18156","trial_id":32,"system_attr":{"constraints":[-0.02939866861463356,-0.026299550852886554,-0.06666666666666665,0.11060606060606062,0.08921819050382411,0.0,0.0,0.11069283569283571,0.33333333333333337,-1249.260035878305,0.022916666666666696,-0.060978835978835966]}}
{"op_code":8,"worker_id":"7673ff5f-b5fd-40ef-b2cf-8647fb7821a1-19068","trial_id":36,"user_attr":{"constraints":[-0.02825941372146269,-0.02548531340324654,-0.06666666666666665,0.06616161616161617,0.0975995158786989,-64.0,-8.0,0.11279493779493781,0.33333333333333337,-1255.8147987187506,0.01944444444444443,-0.04708994708994707]}}
{"op_code":8,"worker_id":"7673ff5f-b5fd-40ef-b2cf-8647fb7821a1-19068","trial_id":36,"user_attr":{"pruned_reasons":["M5 (Monotonicity <= 0.25)","M6 (Top-Bottom Spread <= 0)","Side-specific Yearly Tail IC Mean (-0.1128 <= 0)","Side-specific Hit Rate (16.67% < 50%)","Yearly Daily Win Rate (43.06% < 45%)"]}}
{"op_code":4,"worker_id":"9aaa3640-391a-4bf3-b68d-413a3a6b3715-7108","study_id":0,"datetime_start":"2026-07-14T11:40:41.421948"}
{"op_code":6,"worker_id":"2ef307d0-8867-475c-9c4e-ad9567c1124b-18156","trial_id":32,"state":1,"values":[0.24469459296800727],"datetime_complete":"2026-07-14T11:40:41.419599"}
{"op_code":5,"worker_id":"9aaa3640-391a-4bf3-b68d-413a3a6b3715-7108","trial_id":39,"param_name":"k_weight","param_value_internal":0.9938326601763909,"distribution":"{\"name\": \"FloatDistribution\", \"attributes\": {\"step\": null, \"low\": 0.0, \"high\": 1.5, \"log\": false}}"}
{"op_code":5,"worker_id":"ac7d37d7-2068-4b78-a898-0ee464e7f144-31524","trial_id":38,"param_name":"unified_rho","param_value_internal":0.005713840944980619,"distribution":"{\"name\": \"FloatDistribution\", \"attributes\": {\"step\": null, \"low\": 0.0, \"high\": 1.0, \"log\": false}}"}
{"op_code":5,"worker_id":"9aaa3640-391a-4bf3-b68d-413a3a6b3715-7108","trial_id":39,"param_name":"unified_alpha","param_value_internal":1.0637758496499709e-05,"distribution":"{\"name\": \"FloatDistribution\", \"attributes\": {\"step\": null, \"low\": 1e-05, \"high\": 10.0, \"log\": true}}"}
{"op_code":5,"worker_id":"ac7d37d7-2068-4b78-a898-0ee464e7f144-31524","trial_id":38,"param_name":"unified_gamma","param_value_internal":382.94186817376493,"distribution":"{\"name\": \"FloatDistribution\", \"attributes\": {\"step\": null, \"low\": 1.5, \"high\": 10000.0, \"log\": true}}"}
{"op_code":5,"worker_id":"9aaa3640-391a-4bf3-b68d-413a3a6b3715-7108","trial_id":39,"param_name":"unified_rho","param_value_internal":0.0029645475102759167,"distribution":"{\"name\": \"FloatDistribution\", \"attributes\": {\"step\": null, \"low\": 0.0, \"high\": 1.0, \"log\": false}}"}
{"op_code":8,"worker_id":"7673ff5f-b5fd-40ef-b2cf-8647fb7821a1-19068","trial_id":36,"user_attr":{"gini":0.3531620992956923}}
{"op_code":5,"worker_id":"ac7d37d7-2068-4b78-a898-0ee464e7f144-31524","trial_id":38,"param_name":"huber_delta","param_value_internal":1.2420536190130682,"distribution":"{\"name\": \"FloatDistribution\", \"attributes\": {\"step\": null, \"low\": 0.5, \"high\": 5.0, \"log\": false}}"}
{"op_code":5,"worker_id":"9aaa3640-391a-4bf3-b68d-413a3a6b3715-7108","trial_id":39,"param_name":"unified_gamma","param_value_internal":424.6619353388723,"distribution":"{\"name\": \"FloatDistribution\", \"attributes\": {\"step\": null, \"low\": 1.5, \"high\": 10000.0, \"log\": true}}"}
{"op_code":4,"worker_id":"14d90eb6-9306-45f3-869c-d2c69532fdc8-18156","study_id":0,"datetime_start":"2026-07-14T11:40:41.432701"}
{"op_code":8,"worker_id":"7673ff5f-b5fd-40ef-b2cf-8647fb7821a1-19068","trial_id":36,"user_attr":{"cv_is_ics":[0.11580172926187515,0.1160740926861763,0.12434923648834229,0.088546983897686,0.09895481914281845,0.09604699909687042,0.11042071133852005,0.0898669958114624,0.10094841569662094,0.11389000713825226,0.07034498453140259,0.0863925889134407,0.10413459688425064,0.0958360880613327,0.09004776924848557]}}
{"op_code":5,"worker_id":"14d90eb6-9306-45f3-869c-d2c69532fdc8-18156","trial_id":40,"param_name":"k_weight","param_value_internal":0.002674241697971924,"distribution":"{\"name\": \"FloatDistribution\", \"attributes\": {\"step\": null, \"low\": 0.0, \"high\": 1.5, \"log\": false}}"}
{"op_code":5,"worker_id":"9aaa3640-391a-4bf3-b68d-413a3a6b3715-7108","trial_id":39,"param_name":"huber_delta","param_value_internal":1.339639508129641,"distribution":"{\"name\": \"FloatDistribution\", \"attributes\": {\"step\": null, \"low\": 0.5, \"high\": 5.0, \"log\": false}}"}
{"op_code":5,"worker_id":"14d90eb6-9306-45f3-869c-d2c69532fdc8-18156","trial_id":40,"param_name":"unified_alpha","param_value_internal":3.9836921228284645e-05,"distribution":"{\"name\": \"FloatDistribution\", \"attributes\": {\"step\": null, \"low\": 1e-05, \"high\": 10.0, \"log\": true}}"}
{"op_code":8,"worker_id":"7673ff5f-b5fd-40ef-b2cf-8647fb7821a1-19068","trial_id":36,"user_attr":{"cv_oos_ics":[-0.003002716228365898,-0.029915543273091316,0.02171676978468895,0.03846711665391922,0.020238829776644707,0.0442911833524704,0.026620421558618546,0.01872716285288334,0.007659772410988808,0.025294380262494087,0.02009803056716919,0.008405500091612339,0.04098879545927048,0.05315670371055603,0.036469269543886185]}}
{"op_code":8,"worker_id":"7673ff5f-b5fd-40ef-b2cf-8647fb7821a1-19068","trial_id":36,"user_attr":{"reg_kappa":3.1473556696772027}}
{"op_code":8,"worker_id":"7673ff5f-b5fd-40ef-b2cf-8647fb7821a1-19068","trial_id":36,"user_attr":{"raw_metrics":[0.32395028138414356,0.02548531340324654,0.6666666666666666,0.02825941372146269,0.18383838383838383,-0.0975995158786989,-0.16796120265920958,-0.28548938035964966,0.4305555555555556]}}
{"op_code":5,"worker_id":"14d90eb6-9306-45f3-869c-d2c69532fdc8-18156","trial_id":40,"param_name":"unified_rho","param_value_internal":0.15629467391789248,"distribution":"{\"name\": \"FloatDistribution\", \"attributes\": {\"step\": null, \"low\": 0.0, \"high\": 1.0, \"log\": false}}"}
{"op_code":9,"worker_id":"13f5c54d-13fb-40d2-8617-f8cfbebefe50-8436","trial_id":33,"system_attr":{"constraints":[-0.027629591567642012,-0.07685331385939288,-0.06666666666666665,0.10454545454545452,-0.19912377445958554,-78.0,-8.0,-0.014146289146289135,-0.16666666666666663,-1228.5667099498514,0.018750000000000044,-0.056349206349206316]}}
{"op_code":8,"worker_id":"7673ff5f-b5fd-40ef-b2cf-8647fb7821a1-19068","trial_id":36,"user_attr":{"val_metrics":[0.037315000628509044,-0.3422030641039433,0.16363636363636364,0.15527231308658596,-2.682854286645262]}}
{"op_code":6,"worker_id":"13f5c54d-13fb-40d2-8617-f8cfbebefe50-8436","trial_id":33,"state":1,"values":[0.1911544336176042],"datetime_complete":"2026-07-14T11:40:41.453069"}
{"op_code":8,"worker_id":"7673ff5f-b5fd-40ef-b2cf-8647fb7821a1-19068","trial_id":36,"user_attr":{"deflated_objective":-0.39125592236825235}}
{"op_code":9,"worker_id":"7673ff5f-b5fd-40ef-b2cf-8647fb7821a1-19068","trial_id":36,"system_attr":{"constraints":[-0.02825941372146269,-0.02548531340324654,-0.06666666666666665,0.06616161616161617,0.0975995158786989,-64.0,-8.0,0.11279493779493781,0.33333333333333337,-1255.8147987187506,0.01944444444444443,-0.04708994708994707]}}
{"op_code":5,"worker_id":"18f9f210-7dd9-4566-990b-39584ff733f1-3216","trial_id":37,"param_name":"k_weight","param_value_internal":0.8328588594224373,"distribution":"{\"name\": \"FloatDistribution\", \"attributes\": {\"step\": null, \"low\": 0.0, \"high\": 1.5, \"log\": false}}"}
{"op_code":5,"worker_id":"14d90eb6-9306-45f3-869c-d2c69532fdc8-18156","trial_id":40,"param_name":"unified_gamma","param_value_internal":434.87106785285675,"distribution":"{\"name\": \"FloatDistribution\", \"attributes\": {\"step\": null, \"low\": 1.5, \"high\": 10000.0, \"log\": true}}"}
{"op_code":5,"worker_id":"18f9f210-7dd9-4566-990b-39584ff733f1-3216","trial_id":37,"param_name":"unified_alpha","param_value_internal":1.0332287199750939e-05,"distribution":"{\"name\": \"FloatDistribution\", \"attributes\": {\"step\": null, \"low\": 1e-05, \"high\": 10.0, \"log\": true}}"}
{"op_code":5,"worker_id":"14d90eb6-9306-45f3-869c-d2c69532fdc8-18156","trial_id":40,"param_name":"huber_delta","param_value_internal":1.2686552947918026,"distribution":"{\"name\": \"FloatDistribution\", \"attributes\": {\"step\": null, \"low\": 0.5, \"high\": 5.0, \"log\": false}}"}
{"op_code":5,"worker_id":"18f9f210-7dd9-4566-990b-39584ff733f1-3216","trial_id":37,"param_name":"unified_rho","param_value_internal":0.18971277801094263,"distribution":"{\"name\": \"FloatDistribution\", \"attributes\": {\"step\": null, \"low\": 0.0, \"high\": 1.0, \"log\": false}}"}
{"op_code":5,"worker_id":"18f9f210-7dd9-4566-990b-39584ff733f1-3216","trial_id":37,"param_name":"unified_gamma","param_value_internal":459.4241883551764,"distribution":"{\"name\": \"FloatDistribution\", \"attributes\": {\"step\": null, \"low\": 1.5, \"high\": 10000.0, \"log\": true}}"}
{"op_code":5,"worker_id":"18f9f210-7dd9-4566-990b-39584ff733f1-3216","trial_id":37,"param_name":"huber_delta","param_value_internal":0.6358401230145554,"distribution":"{\"name\": \"FloatDistribution\", \"attributes\": {\"step\": null, \"low\": 0.5, \"high\": 5.0, \"log\": false}}"}
{"op_code":4,"worker_id":"bb16826d-e6eb-4bfb-940a-221082d28612-24340","study_id":0,"datetime_start":"2026-07-14T11:40:41.404298"}
{"op_code":5,"worker_id":"bb16826d-e6eb-4bfb-940a-221082d28612-24340","trial_id":41,"param_name":"k_weight","param_value_internal":0.6513758997547878,"distribution":"{\"name\": \"FloatDistribution\", \"attributes\": {\"step\": null, \"low\": 0.0, \"high\": 1.5, \"log\": false}}"}
{"op_code":6,"worker_id":"7673ff5f-b5fd-40ef-b2cf-8647fb7821a1-19068","trial_id":36,"state":1,"values":[0.17384453511057976],"datetime_complete":"2026-07-14T11:40:41.459249"}
{"op_code":5,"worker_id":"40456122-2468-4490-9869-fedbf56ea64e-19176","trial_id":30,"param_name":"unified_gamma","param_value_internal":210.2173463637156,"distribution":"{\"name\": \"FloatDistribution\", \"attributes\": {\"step\": null, \"low\": 1.5, \"high\": 10000.0, \"log\": true}}"}
{"op_code":8,"worker_id":"ac7d37d7-2068-4b78-a898-0ee464e7f144-31524","trial_id":38,"user_attr":{"constraints":[-0.02491508930952659,-0.10083729171875068,-0.06666666666666665,-0.036868686868686884,-0.17872289108733339,0.0,0.0,-0.0010403260403260377,0.0,-1170.0742724352535,0.012500000000000011,-0.056349206349206316]}}
{"op_code":8,"worker_id":"ac7d37d7-2068-4b78-a898-0ee464e7f144-31524","trial_id":38,"user_attr":{"pruned_reasons":["Yearly Daily Win Rate (43.75% < 45%)"]}}
{"op_code":8,"worker_id":"ac7d37d7-2068-4b78-a898-0ee464e7f144-31524","trial_id":38,"user_attr":{"gini":0.3696935450676395}}
{"op_code":8,"worker_id":"ac7d37d7-2068-4b78-a898-0ee464e7f144-31524","trial_id":38,"user_attr":{"cv_is_ics":[0.11847709119319916,0.10999283194541931,0.11678174138069153,0.10272778570652008,0.1004260703921318,0.09175799041986465,0.11048927158117294,0.09258248656988144,0.10191931575536728,0.11211257427930832,0.06818205863237381,0.08323979377746582,0.1052936390042305,0.08488716185092926,0.09276620298624039]}}
{"op_code":4,"worker_id":"80b1932d-baa0-40dc-9bc4-e6ada706a02d-19068","study_id":0,"datetime_start":"2026-07-14T11:40:41.484780"}
{"op_code":8,"worker_id":"9aaa3640-391a-4bf3-b68d-413a3a6b3715-7108","trial_id":39,"user_attr":{"constraints":[-0.04957649965467866,-0.04564864599749576,-0.06666666666666665,0.06818181818181815,-0.065772317946992,0.0,0.0,0.019927069927069923,0.0,-1276.8123410154542,0.03263888888888894,-0.023015873015872934]}}
{"op_code":8,"worker_id":"9aaa3640-391a-4bf3-b68d-413a3a6b3715-7108","trial_id":39,"user_attr":{"pruned_reasons":["M5 (Monotonicity <= 0.25)","Side-specific Yearly Tail IC Mean (-0.0199 <= 0)","Yearly Daily Win Rate (41.74% < 45%)"]}}
{"op_code":8,"worker_id":"ac7d37d7-2068-4b78-a898-0ee464e7f144-31524","trial_id":38,"user_attr":{"cv_oos_ics":[0.003357074223458767,-0.02401631884276867,0.023671787232160568,0.048313967883586884,0.017956361174583435,0.03335776925086975,0.013753051869571209,0.02108807861804962,0.0026264353655278683,0.011908932588994503,0.006600112188607454,0.014552734792232513,0.03298548609018326,0.04956229403614998,0.033443912863731384]}}
{"op_code":5,"worker_id":"80b1932d-baa0-40dc-9bc4-e6ada706a02d-19068","trial_id":42,"param_name":"k_weight","param_value_internal":0.01718833044525958,"distribution":"{\"name\": \"FloatDistribution\", \"attributes\": {\"step\": null, \"low\": 0.0, \"high\": 1.5, \"log\": false}}"}
{"op_code":8,"worker_id":"9aaa3640-391a-4bf3-b68d-413a3a6b3715-7108","trial_id":39,"user_attr":{"gini":0.46300148043053735}}
{"op_code":5,"worker_id":"bb16826d-e6eb-4bfb-940a-221082d28612-24340","trial_id":41,"param_name":"unified_alpha","param_value_internal":4.450864196862265e-05,"distribution":"{\"name\": \"FloatDistribution\", \"attributes\": {\"step\": null, \"low\": 1e-05, \"high\": 10.0, \"log\": true}}"}
{"op_code":8,"worker_id":"9aaa3640-391a-4bf3-b68d-413a3a6b3715-7108","trial_id":39,"user_attr":{"cv_is_ics":[0.11540770530700684,0.10437119752168655,0.11595142632722855,0.08864124119281769,0.09433817118406296,0.09442175924777985,0.10610512644052505,0.08584171533584595,0.09650293737649918,0.10812028497457504,0.0557677336037159,0.0761863961815834,0.09944842755794525,0.07787283509969711,0.07769978791475296]}}
{"op_code":5,"worker_id":"bb16826d-e6eb-4bfb-940a-221082d28612-24340","trial_id":41,"param_name":"unified_rho","param_value_internal":0.16839144855904617,"distribution":"{\"name\": \"FloatDistribution\", \"attributes\": {\"step\": null, \"low\": 0.0, \"high\": 1.0, \"log\": false}}"}
{"op_code":5,"worker_id":"80b1932d-baa0-40dc-9bc4-e6ada706a02d-19068","trial_id":42,"param_name":"unified_alpha","param_value_internal":4.3509658677684837e-05,"distribution":"{\"name\": \"FloatDistribution\", \"attributes\": {\"step\": null, \"low\": 1e-05, \"high\": 10.0, \"log\": true}}"}
{"op_code":8,"worker_id":"ac7d37d7-2068-4b78-a898-0ee464e7f144-31524","trial_id":38,"user_attr":{"reg_kappa":2.932452876025831}}
{"op_code":8,"worker_id":"9aaa3640-391a-4bf3-b68d-413a3a6b3715-7108","trial_id":39,"user_attr":{"cv_oos_ics":[-0.009765555150806904,-0.05915312469005585,0.02006499655544758,0.05435812473297119,0.03817155584692955,0.026170097291469574,0.022882932797074318,0.03184182941913605,0.02366468496620655,0.011459898203611374,-0.012649396434426308,0.013925454579293728,0.04092487320303917,0.05308281257748604,0.06192709878087044]}}
{"op_code":4,"worker_id":"b0db6fbf-7d5d-4717-9ec0-e41aead5add7-27448","study_id":0,"datetime_start":"2026-07-14T11:40:41.498744"}
{"op_code":8,"worker_id":"ac7d37d7-2068-4b78-a898-0ee464e7f144-31524","trial_id":38,"user_attr":{"raw_metrics":[0.7484944687801535,0.10083729171875068,0.6666666666666666,0.02491508930952659,0.2868686868686869,0.17872289108733339,-0.10055456983983722,-0.13336081802845,0.4375]}}
{"op_code":8,"worker_id":"9aaa3640-391a-4bf3-b68d-413a3a6b3715-7108","trial_id":39,"user_attr":{"reg_kappa":3.1999804567137775}}
{"op_code":8,"worker_id":"9aaa3640-391a-4bf3-b68d-413a3a6b3715-7108","trial_id":39,"user_attr":{"raw_metrics":[0.6097104545940039,0.04564864599749576,0.6666666666666666,0.04957649965467866,0.18181818181818185,0.065772317946992,-0.18944788986704794,-0.3752463459968567,0.41736111111111107]}}
{"op_code":5,"worker_id":"bb16826d-e6eb-4bfb-940a-221082d28612-24340","trial_id":41,"param_name":"unified_gamma","param_value_internal":529.6812621141041,"distribution":"{\"name\": \"FloatDistribution\", \"attributes\": {\"step\": null, \"low\": 1.5, \"high\": 10000.0, \"log\": true}}"}
{"op_code":8,"worker_id":"ac7d37d7-2068-4b78-a898-0ee464e7f144-31524","trial_id":38,"user_attr":{"val_metrics":[0.0331335335726136,-0.22604778477876641,0.3090909090909091,0.11028847878839335,-4.765090257205429]}}
{"op_code":5,"worker_id":"bb16826d-e6eb-4bfb-940a-221082d28612-24340","trial_id":41,"param_name":"huber_delta","param_value_internal":1.3122056203323507,"distribution":"{\"name\": \"FloatDistribution\", \"attributes\": {\"step\": null, \"low\": 0.5, \"high\": 5.0, \"log\": false}}"}
{"op_code":8,"worker_id":"ac7d37d7-2068-4b78-a898-0ee464e7f144-31524","trial_id":38,"user_attr":{"deflated_objective":-1.1657240690374375}}
{"op_code":5,"worker_id":"b0db6fbf-7d5d-4717-9ec0-e41aead5add7-27448","trial_id":43,"param_name":"k_weight","param_value_internal":1.0023070218349912,"distribution":"{\"name\": \"FloatDistribution\", \"attributes\": {\"step\": null, \"low\": 0.0, \"high\": 1.5, \"log\": false}}"}
{"op_code":9,"worker_id":"ac7d37d7-2068-4b78-a898-0ee464e7f144-31524","trial_id":38,"system_attr":{"constraints":[-0.02491508930952659,-0.10083729171875068,-0.06666666666666665,-0.036868686868686884,-0.17872289108733339,0.0,0.0,-0.0010403260403260377,0.0,-1170.0742724352535,0.012500000000000011,-0.056349206349206316]}}
{"op_code":8,"worker_id":"18f9f210-7dd9-4566-990b-39584ff733f1-3216","trial_id":37,"user_attr":{"constraints":[-0.03021594395493545,-0.02420075702750475,-0.06666666666666665,0.12272727272727271,0.07280051674383382,-66.0,-8.0,0.12043114543114543,0.33333333333333337,-1251.1557492207467,0.01944444444444443,-0.056349206349206316]}}
{"op_code":5,"worker_id":"b0db6fbf-7d5d-4717-9ec0-e41aead5add7-27448","trial_id":43,"param_name":"unified_alpha","param_value_internal":3.7060006649253584e-05,"distribution":"{\"name\": \"FloatDistribution\", \"attributes\": {\"step\": null, \"low\": 1e-05, \"high\": 10.0, \"log\": true}}"}
{"op_code":8,"worker_id":"18f9f210-7dd9-4566-990b-39584ff733f1-3216","trial_id":37,"user_attr":{"pruned_reasons":["M5 (Monotonicity <= 0.25)","M6 (Top-Bottom Spread <= 0)","Side-specific Yearly Tail IC Mean (-0.1204 <= 0)","Side-specific Hit Rate (16.67% < 50%)","Yearly Daily Win Rate (43.06% < 45%)"]}}
{"op_code":8,"worker_id":"14d90eb6-9306-45f3-869c-d2c69532fdc8-18156","trial_id":40,"user_attr":{"constraints":[-0.023620840559982138,-0.08117804181633968,-0.06666666666666665,-0.012626262626262708,-0.18185747359672347,-116.0,-8.0,0.062258687258687266,0.0,-1169.0551419839853,0.009027777777777746,-0.056349206349206316]}}
{"op_code":5,"worker_id":"b0db6fbf-7d5d-4717-9ec0-e41aead5add7-27448","trial_id":43,"param_name":"unified_rho","param_value_internal":0.14914399688860414,"distribution":"{\"name\": \"FloatDistribution\", \"attributes\": {\"step\": null, \"low\": 0.0, \"high\": 1.0, \"log\": false}}"}
{"op_code":4,"worker_id":"aa77cfd7-cb81-4b0a-8be3-b509d0106df0-8436","study_id":0,"datetime_start":"2026-07-14T11:40:41.459506"}
{"op_code":6,"worker_id":"ac7d37d7-2068-4b78-a898-0ee464e7f144-31524","trial_id":38,"state":1,"values":[-0.5984604334663208],"datetime_complete":"2026-07-14T11:40:41.519486"}
{"op_code":8,"worker_id":"14d90eb6-9306-45f3-869c-d2c69532fdc8-18156","trial_id":40,"user_attr":{"pruned_reasons":["Side-specific Yearly Tail IC Mean (-0.0623 <= 0)","Yearly Daily Win Rate (44.10% < 45%)"]}}
{"op_code":5,"worker_id":"b0db6fbf-7d5d-4717-9ec0-e41aead5add7-27448","trial_id":43,"param_name":"unified_gamma","param_value_internal":503.61697662667706,"distribution":"{\"name\": \"FloatDistribution\", \"attributes\": {\"step\": null, \"low\": 1.5, \"high\": 10000.0, \"log\": true}}"}
{"op_code":8,"worker_id":"14d90eb6-9306-45f3-869c-d2c69532fdc8-18156","trial_id":40,"user_attr":{"gini":0.3710440542473774}}
{"op_code":5,"worker_id":"aa77cfd7-cb81-4b0a-8be3-b509d0106df0-8436","trial_id":44,"param_name":"k_weight","param_value_internal":0.019880104140295406,"distribution":"{\"name\": \"FloatDistribution\", \"attributes\": {\"step\": null, \"low\": 0.0, \"high\": 1.5, \"log\": false}}"}
{"op_code":5,"worker_id":"80b1932d-baa0-40dc-9bc4-e6ada706a02d-19068","trial_id":42,"param_name":"unified_rho","param_value_internal":0.3035813744973096,"distribution":"{\"name\": \"FloatDistribution\", \"attributes\": {\"step\": null, \"low\": 0.0, \"high\": 1.0, \"log\": false}}"}
{"op_code":5,"worker_id":"aa77cfd7-cb81-4b0a-8be3-b509d0106df0-8436","trial_id":44,"param_name":"unified_alpha","param_value_internal":5.4363421374167134e-05,"distribution":"{\"name\": \"FloatDistribution\", \"attributes\": {\"step\": null, \"low\": 1e-05, \"high\": 10.0, \"log\": true}}"}
{"op_code":8,"worker_id":"18f9f210-7dd9-4566-990b-39584ff733f1-3216","trial_id":37,"user_attr":{"gini":0.3668243657609307}}
{"op_code":5,"worker_id":"b0db6fbf-7d5d-4717-9ec0-e41aead5add7-27448","trial_id":43,"param_name":"huber_delta","param_value_internal":1.2083509100671375,"distribution":"{\"name\": \"FloatDistribution\", \"attributes\": {\"step\": null, \"low\": 0.5, \"high\": 5.0, \"log\": false}}"}
{"op_code":5,"worker_id":"80b1932d-baa0-40dc-9bc4-e6ada706a02d-19068","trial_id":42,"param_name":"unified_gamma","param_value_internal":479.26070785848185,"distribution":"{\"name\": \"FloatDistribution\", \"attributes\": {\"step\": null, \"low\": 1.5, \"high\": 10000.0, \"log\": true}}"}
{"op_code":5,"worker_id":"aa77cfd7-cb81-4b0a-8be3-b509d0106df0-8436","trial_id":44,"param_name":"unified_rho","param_value_internal":0.09379669537252609,"distribution":"{\"name\": \"FloatDistribution\", \"attributes\": {\"step\": null, \"low\": 0.0, \"high\": 1.0, \"log\": false}}"}
{"op_code":5,"worker_id":"80b1932d-baa0-40dc-9bc4-e6ada706a02d-19068","trial_id":42,"param_name":"huber_delta","param_value_internal":1.2795042859132089,"distribution":"{\"name\": \"FloatDistribution\", \"attributes\": {\"step\": null, \"low\": 0.5, \"high\": 5.0, \"log\": false}}"}
{"op_code":5,"worker_id":"aa77cfd7-cb81-4b0a-8be3-b509d0106df0-8436","trial_id":44,"param_name":"unified_gamma","param_value_internal":508.797774071576,"distribution":"{\"name\": \"FloatDistribution\", \"attributes\": {\"step\": null, \"low\": 1.5, \"high\": 10000.0, \"log\": true}}"}
{"op_code":8,"worker_id":"18f9f210-7dd9-4566-990b-39584ff733f1-3216","trial_id":37,"user_attr":{"cv_is_ics":[0.11610087752342224,0.1156027540564537,0.1241336241364479,0.08819141238927841,0.09805837273597717,0.09569211304187775,0.11004433780908585,0.09044099599123001,0.09994985163211823,0.11454392224550247,0.06806156784296036,0.08594656735658646,0.10337213426828384,0.0961957648396492,0.08919728547334671]}}
{"op_code":5,"worker_id":"aa77cfd7-cb81-4b0a-8be3-b509d0106df0-8436","trial_id":44,"param_name":"huber_delta","param_value_internal":1.2782405781415058,"distribution":"{\"name\": \"FloatDistribution\", \"attributes\": {\"step\": null, \"low\": 0.5, \"high\": 5.0, \"log\": false}}"}
{"op_code":8,"worker_id":"18f9f210-7dd9-4566-990b-39584ff733f1-3216","trial_id":37,"user_attr":{"cv_oos_ics":[-0.00426496472209692,-0.03745913505554199,0.018829230219125748,0.03893366456031799,0.018278827890753746,0.041833460330963135,0.026213528588414192,0.01617390476167202,0.006018392741680145,0.019577955827116966,0.013944960199296474,0.007811534684151411,0.04067287966609001,0.05245097726583481,0.03668979927897453]}}
{"op_code":8,"worker_id":"18f9f210-7dd9-4566-990b-39584ff733f1-3216","trial_id":37,"user_attr":{"reg_kappa":3.135689835649807}}
{"op_code":8,"worker_id":"17a25f88-8457-4850-8242-f287287a47e7-11668","trial_id":31,"user_attr":{"constraints":[-0.03093500997768715,-0.03214339640407978,-0.06666666666666665,0.09444444444444444,0.08078469439616634,0.0,0.0,0.09077649077649079,0.33333333333333337,-1256.4733137464386,0.022916666666666696,-0.032539682539682535]}}
{"op_code":8,"worker_id":"bb16826d-e6eb-4bfb-940a-221082d28612-24340","trial_id":41,"user_attr":{"constraints":[-0.033721219422846636,-0.06398116809489875,-0.06666666666666665,0.10454545454545452,-0.09343363910189106,-79.0,-8.0,0.09548477048477048,0.16666666666666669,-1225.9553457367883,-0.011111111111111072,-0.060978835978835966]}}
{"op_code":8,"worker_id":"bb16826d-e6eb-4bfb-940a-221082d28612-24340","trial_id":41,"user_attr":{"pruned_reasons":["M5 (Monotonicity <= 0.25)","Side-specific Yearly Tail IC Mean (-0.0955 <= 0)","Side-specific Hit Rate (33.33% < 50%)"]}}
{"op_code":8,"worker_id":"18f9f210-7dd9-4566-990b-39584ff733f1-3216","trial_id":37,"user_attr":{"raw_metrics":[0.30256423567476576,0.02420075702750475,0.6666666666666666,0.03021594395493545,0.1272727272727273,-0.07280051674383382,-0.16338086834056526,-0.2827511429786682,0.4305555555555556]}}
{"op_code":8,"worker_id":"18f9f210-7dd9-4566-990b-39584ff733f1-3216","trial_id":37,"user_attr":{"val_metrics":[0.03901589168445979,-0.4554556631542981,0.23636363636363636,0.0877894849644677,-1.8566606971838877]}}
{"op_code":8,"worker_id":"17a25f88-8457-4850-8242-f287287a47e7-11668","trial_id":31,"user_attr":{"pruned_reasons":["M5 (Monotonicity <= 0.25)","M6 (Top-Bottom Spread <= 0)","Side-specific Yearly Tail IC Mean (-0.0908 <= 0)","Side-specific Hit Rate (16.67% < 50%)","Yearly Daily Win Rate (42.71% < 45%)"]}}
{"op_code":8,"worker_id":"bb16826d-e6eb-4bfb-940a-221082d28612-24340","trial_id":41,"user_attr":{"gini":0.43127279615371594}}
{"op_code":8,"worker_id":"bb16826d-e6eb-4bfb-940a-221082d28612-24340","trial_id":41,"user_attr":{"cv_is_ics":[0.11705944687128067,0.1077476441860199,0.11591411381959915,0.09160070866346359,0.09492269158363342,0.09258446097373962,0.10729177296161652,0.08603636175394058,0.0972009226679802,0.10966812074184418,0.058852288872003555,0.07946757227182388,0.09949350357055664,0.07970762252807617,0.08017652481794357]}}
{"op_code":8,"worker_id":"14d90eb6-9306-45f3-869c-d2c69532fdc8-18156","trial_id":40,"user_attr":{"cv_is_ics":[0.11843042820692062,0.11054231226444244,0.11707887798547745,0.10340052843093872,0.10133209079504013,0.09183941781520844,0.11066817492246628,0.09297338873147964,0.10252895951271057,0.11227793991565704,0.06848111748695374,0.08346445858478546,0.10594367980957031,0.08483637869358063,0.09327979385852814]}}
{"op_code":8,"worker_id":"17a25f88-8457-4850-8242-f287287a47e7-11668","trial_id":31,"user_attr":{"gini":0.3772182707506728}}
{"op_code":8,"worker_id":"bb16826d-e6eb-4bfb-940a-221082d28612-24340","trial_id":41,"user_attr":{"cv_oos_ics":[-0.004159896168857813,-0.05575134605169296,0.020363973453640938,0.05069894343614578,0.032277029007673264,0.02911187894642353,0.022014478221535683,0.02184363454580307,0.014588049612939358,0.012081910856068134,-0.013552874326705933,0.007854245603084564,0.03475770354270935,0.05168004333972931,0.04865469038486481]}}
{"op_code":8,"worker_id":"bb16826d-e6eb-4bfb-940a-221082d28612-24340","trial_id":41,"user_attr":{"reg_kappa":3.0724023711218087}}
{"op_code":8,"worker_id":"bb16826d-e6eb-4bfb-940a-221082d28612-24340","trial_id":41,"user_attr":{"raw_metrics":[0.8743697098096626,0.06398116809489875,0.6666666666666666,0.033721219422846636,0.14545454545454548,0.09343363910189106,-0.13986016741168533,-0.26398521661758423,0.4611111111111111]}}
{"op_code":8,"worker_id":"18f9f210-7dd9-4566-990b-39584ff733f1-3216","trial_id":37,"user_attr":{"deflated_objective":-0.12553384521626704}}
{"op_code":8,"worker_id":"17a25f88-8457-4850-8242-f287287a47e7-11668","trial_id":31,"user_attr":{"cv_is_ics":[0.11558452248573303,0.11462271958589554,0.1242920383810997,0.08877984434366226,0.0964033454656601,0.09601321071386337,0.10877150297164917,0.089974045753479,0.09977487474679947,0.11389140039682388,0.06605059653520584,0.08618597686290741,0.1040491983294487,0.09358517080545425,0.08701126277446747]}}
{"op_code":9,"worker_id":"18f9f210-7dd9-4566-990b-39584ff733f1-3216","trial_id":37,"system_attr":{"constraints":[-0.03021594395493545,-0.02420075702750475,-0.06666666666666665,0.12272727272727271,0.07280051674383382,-66.0,-8.0,0.12043114543114543,0.33333333333333337,-1251.1557492207467,0.01944444444444443,-0.056349206349206316]}}
{"op_code":6,"worker_id":"18f9f210-7dd9-4566-990b-39584ff733f1-3216","trial_id":37,"state":1,"values":[0.466463747624048],"datetime_complete":"2026-07-14T11:40:41.579768"}
{"op_code":8,"worker_id":"bb16826d-e6eb-4bfb-940a-221082d28612-24340","trial_id":41,"user_attr":{"val_metrics":[0.03674803694319213,-0.46526342208323473,0.40606060606060607,0.02041356265882327,-2.071241782693505]}}
{"op_code":8,"worker_id":"17a25f88-8457-4850-8242-f287287a47e7-11668","trial_id":31,"user_attr":{"cv_oos_ics":[-0.007507716305553913,-0.04132019728422165,0.019898852333426476,0.03924872726202011,0.018874643370509148,0.03843466937541962,0.02769303508102894,0.017707938328385353,0.005788892507553101,0.02235715277493,0.010131021030247211,0.00803192239254713,0.041558846831321716,0.05283224210143089,0.038695789873600006]}}
{"op_code":8,"worker_id":"bb16826d-e6eb-4bfb-940a-221082d28612-24340","trial_id":41,"user_attr":{"deflated_objective":-0.21622420120802827}}
{"op_code":9,"worker_id":"bb16826d-e6eb-4bfb-940a-221082d28612-24340","trial_id":41,"system_attr":{"constraints":[-0.033721219422846636,-0.06398116809489875,-0.06666666666666665,0.10454545454545452,-0.09343363910189106,-79.0,-8.0,0.09548477048477048,0.16666666666666669,-1225.9553457367883,-0.011111111111111072,-0.060978835978835966]}}
{"op_code":6,"worker_id":"bb16826d-e6eb-4bfb-940a-221082d28612-24340","trial_id":41,"state":1,"values":[0.393451121351498],"datetime_complete":"2026-07-14T11:40:41.587125"}
{"op_code":8,"worker_id":"17a25f88-8457-4850-8242-f287287a47e7-11668","trial_id":31,"user_attr":{"reg_kappa":3.148974003805619}}
{"op_code":4,"worker_id":"fa03a8dc-3086-4dac-870e-1f0a71bc3180-3216","study_id":0,"datetime_start":"2026-07-14T11:40:41.585841"}
{"op_code":8,"worker_id":"17a25f88-8457-4850-8242-f287287a47e7-11668","trial_id":31,"user_attr":{"raw_metrics":[0.40373829510221343,0.03214339640407978,0.6666666666666666,0.03093500997768715,0.15555555555555556,-0.08078469439616634,-0.1686140640296376,-0.2961271405220032,0.4270833333333333]}}
{"op_code":8,"worker_id":"17a25f88-8457-4850-8242-f287287a47e7-11668","trial_id":31,"user_attr":{"val_metrics":[0.04078534579072793,-0.472157943081498,0.3575757575757576,0.0877894849644677,-2.5087026067792304]}}
{"op_code":4,"worker_id":"98e825c3-e87b-4a7a-80e2-13bd297bfcb3-24340","study_id":0,"datetime_start":"2026-07-14T11:40:41.594949"}
{"op_code":8,"worker_id":"17a25f88-8457-4850-8242-f287287a47e7-11668","trial_id":31,"user_attr":{"deflated_objective":-0.3943814067638085}}
{"op_code":8,"worker_id":"80b1932d-baa0-40dc-9bc4-e6ada706a02d-19068","trial_id":42,"user_attr":{"constraints":[-0.02794133370439414,-0.07971256200739484,-0.06666666666666665,-0.026767676767676774,-0.19327190731445118,-116.0,-8.0,0.04372586872586873,-0.16666666666666663,-1169.7248359522328,0.009027777777777746,-0.051719576719576665]}}
{"op_code":9,"worker_id":"17a25f88-8457-4850-8242-f287287a47e7-11668","trial_id":31,"system_attr":{"constraints":[-0.03093500997768715,-0.03214339640407978,-0.06666666666666665,0.09444444444444444,0.08078469439616634,0.0,0.0,0.09077649077649079,0.33333333333333337,-1256.4733137464386,0.022916666666666696,-0.032539682539682535]}}
{"op_code":5,"worker_id":"fa03a8dc-3086-4dac-870e-1f0a71bc3180-3216","trial_id":45,"param_name":"k_weight","param_value_internal":0.3112726440397348,"distribution":"{\"name\": \"FloatDistribution\", \"attributes\": {\"step\": null, \"low\": 0.0, \"high\": 1.5, \"log\": false}}"}
{"op_code":5,"worker_id":"98e825c3-e87b-4a7a-80e2-13bd297bfcb3-24340","trial_id":46,"param_name":"k_weight","param_value_internal":0.0419725944671514,"distribution":"{\"name\": \"FloatDistribution\", \"attributes\": {\"step\": null, \"low\": 0.0, \"high\": 1.5, \"log\": false}}"}
{"op_code":6,"worker_id":"17a25f88-8457-4850-8242-f287287a47e7-11668","trial_id":31,"state":1,"values":[0.21126422937238987],"datetime_complete":"2026-07-14T11:40:41.601830"}
{"op_code":8,"worker_id":"14d90eb6-9306-45f3-869c-d2c69532fdc8-18156","trial_id":40,"user_attr":{"cv_oos_ics":[0.0033525184262543917,-0.01859944313764572,0.025708811357617378,0.047909922897815704,0.018584495410323143,0.03365105018019676,0.014049464836716652,0.02280363254249096,0.0028162142261862755,0.013250338844954967,0.008261850103735924,0.016895567998290062,0.03452535718679428,0.04945864900946617,0.033384405076503754]}}
{"op_code":5,"worker_id":"fa03a8dc-3086-4dac-870e-1f0a71bc3180-3216","trial_id":45,"param_name":"unified_alpha","param_value_internal":0.0005508849145938627,"distribution":"{\"name\": \"FloatDistribution\", \"attributes\": {\"step\": null, \"low\": 1e-05, \"high\": 10.0, \"log\": true}}"}
{"op_code":8,"worker_id":"14d90eb6-9306-45f3-869c-d2c69532fdc8-18156","trial_id":40,"user_attr":{"reg_kappa":2.929816664696283}}
{"op_code":5,"worker_id":"98e825c3-e87b-4a7a-80e2-13bd297bfcb3-24340","trial_id":46,"param_name":"unified_alpha","param_value_internal":0.0006281786560420899,"distribution":"{\"name\": \"FloatDistribution\", \"attributes\": {\"step\": null, \"low\": 1e-05, \"high\": 10.0, \"log\": true}}"}
{"op_code":5,"worker_id":"fa03a8dc-3086-4dac-870e-1f0a71bc3180-3216","trial_id":45,"param_name":"unified_rho","param_value_internal":0.09107065368481615,"distribution":"{\"name\": \"FloatDistribution\", \"attributes\": {\"step\": null, \"low\": 0.0, \"high\": 1.0, \"log\": false}}"}
{"op_code":8,"worker_id":"aa77cfd7-cb81-4b0a-8be3-b509d0106df0-8436","trial_id":44,"user_attr":{"constraints":[-0.027773263613781823,-0.07889840655798103,-0.06666666666666665,-0.0005050505050505638,-0.16939196865902173,-116.0,-8.0,0.04415486915486916,-0.16666666666666663,-1169.852391202978,0.012500000000000011,-0.051719576719576665]}}
{"op_code":4,"worker_id":"db5323a3-6a8c-4830-9d7c-415f475ca72b-31524","study_id":0,"datetime_start":"2026-07-14T11:40:41.609102"}
{"op_code":4,"worker_id":"742e66aa-3105-40ac-ae48-a88cec06f28a-11668","study_id":0,"datetime_start":"2026-07-14T11:40:41.612572"}
{"op_code":8,"worker_id":"aa77cfd7-cb81-4b0a-8be3-b509d0106df0-8436","trial_id":44,"user_attr":{"pruned_reasons":["Side-specific Yearly Tail IC Mean (-0.0442 <= 0)","Yearly Daily Win Rate (43.75% < 45%)"]}}
{"op_code":5,"worker_id":"98e825c3-e87b-4a7a-80e2-13bd297bfcb3-24340","trial_id":46,"param_name":"unified_rho","param_value_internal":0.08813490958857041,"distribution":"{\"name\": \"FloatDistribution\", \"attributes\": {\"step\": null, \"low\": 0.0, \"high\": 1.0, \"log\": false}}"}
{"op_code":8,"worker_id":"14d90eb6-9306-45f3-869c-d2c69532fdc8-18156","trial_id":40,"user_attr":{"raw_metrics":[0.59214307136927,0.08117804181633968,0.6666666666666666,0.023620840559982138,0.2626262626262627,0.18185747359672347,-0.10048394508181022,-0.1316198706626892,0.44097222222222227]}}
{"op_code":5,"worker_id":"db5323a3-6a8c-4830-9d7c-415f475ca72b-31524","trial_id":47,"param_name":"k_weight","param_value_internal":0.025123497086802504,"distribution":"{\"name\": \"FloatDistribution\", \"attributes\": {\"step\": null, \"low\": 0.0, \"high\": 1.5, \"log\": false}}"}
{"op_code":5,"worker_id":"98e825c3-e87b-4a7a-80e2-13bd297bfcb3-24340","trial_id":46,"param_name":"unified_gamma","param_value_internal":1424.2187444536949,"distribution":"{\"name\": \"FloatDistribution\", \"attributes\": {\"step\": null, \"low\": 1.5, \"high\": 10000.0, \"log\": true}}"}
{"op_code":5,"worker_id":"db5323a3-6a8c-4830-9d7c-415f475ca72b-31524","trial_id":47,"param_name":"unified_alpha","param_value_internal":0.0006280271543223963,"distribution":"{\"name\": \"FloatDistribution\", \"attributes\": {\"step\": null, \"low\": 1e-05, \"high\": 10.0, \"log\": true}}"}
{"op_code":5,"worker_id":"98e825c3-e87b-4a7a-80e2-13bd297bfcb3-24340","trial_id":46,"param_name":"huber_delta","param_value_internal":1.3536883320756683,"distribution":"{\"name\": \"FloatDistribution\", \"attributes\": {\"step\": null, \"low\": 0.5, \"high\": 5.0, \"log\": false}}"}
{"op_code":5,"worker_id":"db5323a3-6a8c-4830-9d7c-415f475ca72b-31524","trial_id":47,"param_name":"unified_rho","param_value_internal":0.2929900391989379,"distribution":"{\"name\": \"FloatDistribution\", \"attributes\": {\"step\": null, \"low\": 0.0, \"high\": 1.0, \"log\": false}}"}
{"op_code":5,"worker_id":"742e66aa-3105-40ac-ae48-a88cec06f28a-11668","trial_id":48,"param_name":"k_weight","param_value_internal":0.29480244349517937,"distribution":"{\"name\": \"FloatDistribution\", \"attributes\": {\"step\": null, \"low\": 0.0, \"high\": 1.5, \"log\": false}}"}
{"op_code":5,"worker_id":"db5323a3-6a8c-4830-9d7c-415f475ca72b-31524","trial_id":47,"param_name":"unified_gamma","param_value_internal":1262.9706850475636,"distribution":"{\"name\": \"FloatDistribution\", \"attributes\": {\"step\": null, \"low\": 1.5, \"high\": 10000.0, \"log\": true}}"}
{"op_code":5,"worker_id":"742e66aa-3105-40ac-ae48-a88cec06f28a-11668","trial_id":48,"param_name":"unified_alpha","param_value_internal":0.0011240233826303443,"distribution":"{\"name\": \"FloatDistribution\", \"attributes\": {\"step\": null, \"low\": 1e-05, \"high\": 10.0, \"log\": true}}"}
{"op_code":5,"worker_id":"db5323a3-6a8c-4830-9d7c-415f475ca72b-31524","trial_id":47,"param_name":"huber_delta","param_value_internal":1.406309829328795,"distribution":"{\"name\": \"FloatDistribution\", \"attributes\": {\"step\": null, \"low\": 0.5, \"high\": 5.0, \"log\": false}}"}
{"op_code":5,"worker_id":"742e66aa-3105-40ac-ae48-a88cec06f28a-11668","trial_id":48,"param_name":"unified_rho","param_value_internal":0.29656071719839,"distribution":"{\"name\": \"FloatDistribution\", \"attributes\": {\"step\": null, \"low\": 0.0, \"high\": 1.0, \"log\": false}}"}
{"op_code":8,"worker_id":"aa77cfd7-cb81-4b0a-8be3-b509d0106df0-8436","trial_id":44,"user_attr":{"gini":0.3723950217322505}}
{"op_code":8,"worker_id":"aa77cfd7-cb81-4b0a-8be3-b509d0106df0-8436","trial_id":44,"user_attr":{"cv_is_ics":[0.11841823160648346,0.11053991317749023,0.11726917326450348,0.10309866070747375,0.10093984007835388,0.09144071489572525,0.11055324226617813,0.09264597296714783,0.10241691768169403,0.11220654845237732,0.0679357573390007,0.0835094153881073,0.10568779706954956,0.08464071899652481,0.09265316277742386]}}
{"op_code":8,"worker_id":"aa77cfd7-cb81-4b0a-8be3-b509d0106df0-8436","trial_id":44,"user_attr":{"cv_oos_ics":[0.0032242434099316597,-0.019160663709044456,0.025473760440945625,0.04825175181031227,0.01857823133468628,0.034446895122528076,0.014577229507267475,0.022070571780204773,0.0035942643880844116,0.014309710822999477,0.0074306963942945,0.015865381807088852,0.03538953885436058,0.04919241741299629,0.03381877392530441]}}
{"op_code":8,"worker_id":"9aaa3640-391a-4bf3-b68d-413a3a6b3715-7108","trial_id":39,"user_attr":{"val_metrics":[0.04358148762482576,-0.4724703598607837,0.4666666666666667,0.1002957806483829,-2.0574311831184304]}}
{"op_code":8,"worker_id":"aa77cfd7-cb81-4b0a-8be3-b509d0106df0-8436","trial_id":44,"user_attr":{"reg_kappa":2.9317465228520447}}
{"op_code":8,"worker_id":"aa77cfd7-cb81-4b0a-8be3-b509d0106df0-8436","trial_id":44,"user_attr":{"raw_metrics":[0.5762211144136564,0.07889840655798103,0.6666666666666666,0.027773263613781823,0.25050505050505056,0.16939196865902173,-0.10053023430560262,-0.13447238504886627,0.4375]}}
{"op_code":8,"worker_id":"aa77cfd7-cb81-4b0a-8be3-b509d0106df0-8436","trial_id":44,"user_attr":{"val_metrics":[0.033588862547798345,-0.22064336202494458,0.28484848484848485,0.13679307113752526,-4.24780451100357]}}
{"op_code":8,"worker_id":"9aaa3640-391a-4bf3-b68d-413a3a6b3715-7108","trial_id":39,"user_attr":{"deflated_objective":-0.21265821253779427}}
{"op_code":5,"worker_id":"fa03a8dc-3086-4dac-870e-1f0a71bc3180-3216","trial_id":45,"param_name":"unified_gamma","param_value_internal":1369.1227641529676,"distribution":"{\"name\": \"FloatDistribution\", \"attributes\": {\"step\": null, \"low\": 1.5, \"high\": 10000.0, \"log\": true}}"}
{"op_code":8,"worker_id":"aa77cfd7-cb81-4b0a-8be3-b509d0106df0-8436","trial_id":44,"user_attr":{"deflated_objective":-0.9867631223533442}}
{"op_code":9,"worker_id":"aa77cfd7-cb81-4b0a-8be3-b509d0106df0-8436","trial_id":44,"system_attr":{"constraints":[-0.027773263613781823,-0.07889840655798103,-0.06666666666666665,-0.0005050505050505638,-0.16939196865902173,-116.0,-8.0,0.04415486915486916,-0.16666666666666663,-1169.852391202978,0.012500000000000011,-0.051719576719576665]}}
{"op_code":5,"worker_id":"742e66aa-3105-40ac-ae48-a88cec06f28a-11668","trial_id":48,"param_name":"unified_gamma","param_value_internal":1333.7155499946311,"distribution":"{\"name\": \"FloatDistribution\", \"attributes\": {\"step\": null, \"low\": 1.5, \"high\": 10000.0, \"log\": true}}"}
{"op_code":5,"worker_id":"fa03a8dc-3086-4dac-870e-1f0a71bc3180-3216","trial_id":45,"param_name":"huber_delta","param_value_internal":1.3926156385369355,"distribution":"{\"name\": \"FloatDistribution\", \"attributes\": {\"step\": null, \"low\": 0.5, \"high\": 5.0, \"log\": false}}"}
{"op_code":6,"worker_id":"aa77cfd7-cb81-4b0a-8be3-b509d0106df0-8436","trial_id":44,"state":1,"values":[-0.39176307543144195],"datetime_complete":"2026-07-14T11:40:41.653946"}
{"op_code":5,"worker_id":"742e66aa-3105-40ac-ae48-a88cec06f28a-11668","trial_id":48,"param_name":"huber_delta","param_value_internal":1.3028162013896611,"distribution":"{\"name\": \"FloatDistribution\", \"attributes\": {\"step\": null, \"low\": 0.5, \"high\": 5.0, \"log\": false}}"}
{"op_code":4,"worker_id":"30529ed0-8ddc-4bc4-abed-e59bdcaeffd3-8436","study_id":0,"datetime_start":"2026-07-14T11:40:41.662056"}
{"op_code":8,"worker_id":"b0db6fbf-7d5d-4717-9ec0-e41aead5add7-27448","trial_id":43,"user_attr":{"constraints":[-0.04647078184390959,-0.03832161518601371,-0.06666666666666665,0.033838383838383806,-0.06614279061659344,-55.0,-8.0,0.12313384813384813,0.16666666666666669,-1278.2523129926994,0.03263888888888894,-0.01838624338624334]}}
{"op_code":8,"worker_id":"98e825c3-e87b-4a7a-80e2-13bd297bfcb3-24340","trial_id":46,"user_attr":{"constraints":[-0.032745132752493,-0.09786433593424475,-0.06666666666666665,0.02373737373737375,-0.27639593412789204,-116.0,-8.0,0.042653367653367656,0.0,-1170.9398915011097,0.002083333333333326,-0.051719576719576665]}}
{"op_code":8,"worker_id":"db5323a3-6a8c-4830-9d7c-415f475ca72b-31524","trial_id":47,"user_attr":{"constraints":[-0.033273742849938975,-0.09913079996666622,-0.06666666666666665,0.043939393939393945,-0.29284682069284224,-116.0,-8.0,0.053035178035178036,0.0,-1170.1054326167944,-0.008333333333333304,-0.056349206349206316]}}
{"op_code":8,"worker_id":"5a9af2b3-6ff8-46eb-8cef-2875286c4f38-8896","trial_id":35,"user_attr":{"deflated_objective":-0.36873148375245873}}
{"op_code":8,"worker_id":"b0db6fbf-7d5d-4717-9ec0-e41aead5add7-27448","trial_id":43,"user_attr":{"pruned_reasons":["M5 (Monotonicity <= 0.25)","Side-specific Yearly Tail IC Mean (-0.1231 <= 0)","Side-specific Hit Rate (33.33% < 50%)","Yearly Daily Win Rate (41.74% < 45%)"]}}
{"op_code":8,"worker_id":"db5323a3-6a8c-4830-9d7c-415f475ca72b-31524","trial_id":47,"user_attr":{"pruned_reasons":["M5 (Monotonicity <= 0.25)","Side-specific Yearly Tail IC Mean (-0.0530 <= 0)"]}}
{"op_code":9,"worker_id":"5a9af2b3-6ff8-46eb-8cef-2875286c4f38-8896","trial_id":35,"system_attr":{"constraints":[-0.029448556926966147,-0.06930913564652168,-0.06666666666666665,0.10252525252525249,-0.16963205959958336,-72.0,-8.0,-0.0027348777348777387,0.0,-1239.0270954204766,0.022222222222222254,-0.060978835978835966]}}
{"op_code":8,"worker_id":"b0db6fbf-7d5d-4717-9ec0-e41aead5add7-27448","trial_id":43,"user_attr":{"gini":0.46184181854484274}}
{"op_code":6,"worker_id":"5a9af2b3-6ff8-46eb-8cef-2875286c4f38-8896","trial_id":35,"state":1,"values":[0.1327508319707858],"datetime_complete":"2026-07-14T11:40:41.677929"}
{"op_code":8,"worker_id":"98e825c3-e87b-4a7a-80e2-13bd297bfcb3-24340","trial_id":46,"user_attr":{"pruned_reasons":["M5 (Monotonicity <= 0.25)","Side-specific Yearly Tail IC Mean (-0.0427 <= 0)","Yearly Daily Win Rate (44.79% < 45%)"]}}
{"op_code":5,"worker_id":"30529ed0-8ddc-4bc4-abed-e59bdcaeffd3-8436","trial_id":49,"param_name":"k_weight","param_value_internal":0.008475399786395665,"distribution":"{\"name\": \"FloatDistribution\", \"attributes\": {\"step\": null, \"low\": 0.0, \"high\": 1.5, \"log\": false}}"}
{"op_code":9,"worker_id":"9aaa3640-391a-4bf3-b68d-413a3a6b3715-7108","trial_id":39,"system_attr":{"constraints":[-0.04957649965467866,-0.04564864599749576,-0.06666666666666665,0.06818181818181815,-0.065772317946992,0.0,0.0,0.019927069927069923,0.0,-1276.8123410154542,0.03263888888888894,-0.023015873015872934]}}
{"op_code":6,"worker_id":"9aaa3640-391a-4bf3-b68d-413a3a6b3715-7108","trial_id":39,"state":1,"values":[0.402836537198339],"datetime_complete":"2026-07-14T11:40:41.684909"}
{"op_code":8,"worker_id":"98e825c3-e87b-4a7a-80e2-13bd297bfcb3-24340","trial_id":46,"user_attr":{"gini":0.37963025916538906}}
{"op_code":8,"worker_id":"b0db6fbf-7d5d-4717-9ec0-e41aead5add7-27448","trial_id":43,"user_attr":{"cv_is_ics":[0.11607342958450317,0.10555103421211243,0.11727791279554367,0.08901819586753845,0.0943552702665329,0.09431931376457214,0.10638484358787537,0.0864744484424591,0.0971173644065857,0.1081971749663353,0.05567121133208275,0.07731803506612778,0.09911290556192398,0.0801490768790245,0.07819363474845886]}}
{"op_code":5,"worker_id":"30529ed0-8ddc-4bc4-abed-e59bdcaeffd3-8436","trial_id":49,"param_name":"unified_alpha","param_value_internal":5.849118099969324e-05,"distribution":"{\"name\": \"FloatDistribution\", \"attributes\": {\"step\": null, \"low\": 1e-05, \"high\": 10.0, \"log\": true}}"}
{"op_code":8,"worker_id":"b0db6fbf-7d5d-4717-9ec0-e41aead5add7-27448","trial_id":43,"user_attr":{"cv_oos_ics":[-0.009303138591349125,-0.061520159244537354,0.018686432391405106,0.05158191919326782,0.03519688546657562,0.02652915194630623,0.02406744845211506,0.029849650338292122,0.022931480780243874,0.008608377538621426,-0.016154820099473,0.008515410125255585,0.04082535579800606,0.0530129075050354,0.05840601399540901]}}
{"op_code":5,"worker_id":"30529ed0-8ddc-4bc4-abed-e59bdcaeffd3-8436","trial_id":49,"param_name":"unified_rho","param_value_internal":0.2902702462795126,"distribution":"{\"name\": \"FloatDistribution\", \"attributes\": {\"step\": null, \"low\": 0.0, \"high\": 1.0, \"log\": false}}"}
{"op_code":8,"worker_id":"db5323a3-6a8c-4830-9d7c-415f475ca72b-31524","trial_id":47,"user_attr":{"gini":0.38424195952759965}}
{"op_code":4,"worker_id":"96fbd6f4-e669-4afb-a50c-c8b5b46104b7-8896","study_id":0,"datetime_start":"2026-07-14T11:40:41.687070"}
{"op_code":8,"worker_id":"98e825c3-e87b-4a7a-80e2-13bd297bfcb3-24340","trial_id":46,"user_attr":{"cv_is_ics":[0.11818722635507584,0.11047174781560898,0.11779844760894775,0.10273576527833939,0.10078361630439758,0.09156487882137299,0.10978097468614578,0.09186959266662598,0.10263112932443619,0.11258485913276672,0.06756702810525894,0.08278515189886093,0.10571496188640594,0.08376287668943405,0.09015371650457382]}}
{"op_code":5,"worker_id":"96fbd6f4-e669-4afb-a50c-c8b5b46104b7-8896","trial_id":50,"param_name":"k_weight","param_value_internal":0.0027780901487678734,"distribution":"{\"name\": \"FloatDistribution\", \"attributes\": {\"step\": null, \"low\": 0.0, \"high\": 1.5, \"log\": false}}"}
{"op_code":8,"worker_id":"db5323a3-6a8c-4830-9d7c-415f475ca72b-31524","trial_id":47,"user_attr":{"cv_is_ics":[0.11771050095558167,0.11145911365747452,0.11640609800815582,0.10255206376314163,0.1010076031088829,0.09160327166318893,0.11001221090555191,0.09223276376724243,0.10233064740896225,0.11283974349498749,0.06807644665241241,0.08219373226165771,0.10652881860733032,0.0842413455247879,0.08990680426359177]}}
{"op_code":5,"worker_id":"96fbd6f4-e669-4afb-a50c-c8b5b46104b7-8896","trial_id":50,"param_name":"unified_alpha","param_value_internal":5.164048134092665e-05,"distribution":"{\"name\": \"FloatDistribution\", \"attributes\": {\"step\": null, \"low\": 1e-05, \"high\": 10.0, \"log\": true}}"}
{"op_code":8,"worker_id":"98e825c3-e87b-4a7a-80e2-13bd297bfcb3-24340","trial_id":46,"user_attr":{"cv_oos_ics":[0.0041069346480071545,-0.01599578745663166,0.025929342955350876,0.04914255812764168,0.021451817825436592,0.03719363361597061,0.017413944005966187,0.025231320410966873,0.004695066716521978,0.015114241279661655,0.007593282498419285,0.0182771235704422,0.037644676864147186,0.049354150891304016,0.03533586487174034]}}
{"op_code":5,"worker_id":"96fbd6f4-e669-4afb-a50c-c8b5b46104b7-8896","trial_id":50,"param_name":"unified_rho","param_value_internal":0.07723996780206797,"distribution":"{\"name\": \"FloatDistribution\", \"attributes\": {\"step\": null, \"low\": 0.0, \"high\": 1.0, \"log\": false}}"}
{"op_code":8,"worker_id":"fa03a8dc-3086-4dac-870e-1f0a71bc3180-3216","trial_id":45,"user_attr":{"constraints":[-0.028695056006169433,-0.09688702044325144,-0.2333333333333334,0.1126262626262626,-0.12987544399789638,-104.0,-8.0,0.03198198198198198,0.0,-1189.4454284316716,-0.014583333333333337,-0.0755291005291005]}}
{"op_code":8,"worker_id":"742e66aa-3105-40ac-ae48-a88cec06f28a-11668","trial_id":48,"user_attr":{"constraints":[-0.02561185841130884,-0.06902031605679022,-0.06666666666666665,0.07020202020202018,-0.11424148888948064,-105.0,-8.0,-0.04094809094809095,-0.16666666666666663,-1188.0440146948272,-0.014583333333333337,-0.051719576719576665]}}
{"op_code":8,"worker_id":"98e825c3-e87b-4a7a-80e2-13bd297bfcb3-24340","trial_id":46,"user_attr":{"reg_kappa":2.932197884876695}}
{"op_code":4,"worker_id":"f9a99333-fd3f-402c-8d64-bdf3d6ed2e62-7108","study_id":0,"datetime_start":"2026-07-14T11:40:41.694036"}
{"op_code":5,"worker_id":"30529ed0-8ddc-4bc4-abed-e59bdcaeffd3-8436","trial_id":49,"param_name":"unified_gamma","param_value_internal":8702.294660318103,"distribution":"{\"name\": \"FloatDistribution\", \"attributes\": {\"step\": null, \"low\": 1.5, \"high\": 10000.0, \"log\": true}}"}
{"op_code":5,"worker_id":"52d7abd7-70c2-4e24-a1d2-1f35c159b757-23408","trial_id":29,"param_name":"huber_delta","param_value_internal":0.6074291408311872,"distribution":"{\"name\": \"FloatDistribution\", \"attributes\": {\"step\": null, \"low\": 0.5, \"high\": 5.0, \"log\": false}}"}
{"op_code":5,"worker_id":"f9a99333-fd3f-402c-8d64-bdf3d6ed2e62-7108","trial_id":51,"param_name":"k_weight","param_value_internal":0.0025990566382620983,"distribution":"{\"name\": \"FloatDistribution\", \"attributes\": {\"step\": null, \"low\": 0.0, \"high\": 1.5, \"log\": false}}"}
{"op_code":8,"worker_id":"fa03a8dc-3086-4dac-870e-1f0a71bc3180-3216","trial_id":45,"user_attr":{"pruned_reasons":["M5 (Monotonicity <= 0.25)","Side-specific Yearly Tail IC Mean (-0.0320 <= 0)"]}}
{"op_code":5,"worker_id":"f9a99333-fd3f-402c-8d64-bdf3d6ed2e62-7108","trial_id":51,"param_name":"unified_alpha","param_value_internal":5.009429894771175e-05,"distribution":"{\"name\": \"FloatDistribution\", \"attributes\": {\"step\": null, \"low\": 1e-05, \"high\": 10.0, \"log\": true}}"}
{"op_code":5,"worker_id":"30529ed0-8ddc-4bc4-abed-e59bdcaeffd3-8436","trial_id":49,"param_name":"huber_delta","param_value_internal":1.399739557553377,"distribution":"{\"name\": \"FloatDistribution\", \"attributes\": {\"step\": null, \"low\": 0.5, \"high\": 5.0, \"log\": false}}"}
{"op_code":8,"worker_id":"fa03a8dc-3086-4dac-870e-1f0a71bc3180-3216","trial_id":45,"user_attr":{"gini":0.40010481862115044}}
{"op_code":5,"worker_id":"f9a99333-fd3f-402c-8d64-bdf3d6ed2e62-7108","trial_id":51,"param_name":"unified_rho","param_value_internal":0.07806390965290493,"distribution":"{\"name\": \"FloatDistribution\", \"attributes\": {\"step\": null, \"low\": 0.0, \"high\": 1.0, \"log\": false}}"}
{"op_code":8,"worker_id":"fa03a8dc-3086-4dac-870e-1f0a71bc3180-3216","trial_id":45,"user_attr":{"cv_is_ics":[0.11824653297662735,0.10941039025783539,0.11559828370809555,0.09773440659046173,0.09601756930351257,0.09105228632688522,0.1081833690404892,0.08830417692661285,0.09861218184232712,0.1109432801604271,0.062279533594846725,0.08031777292490005,0.1025262102484703,0.08124103397130966,0.08343663066625595]}}
{"op_code":8,"worker_id":"fa03a8dc-3086-4dac-870e-1f0a71bc3180-3216","trial_id":45,"user_attr":{"cv_oos_ics":[-0.0011235804995521903,-0.03455394506454468,0.02024993486702442,0.049080200493335724,0.02750764973461628,0.03292040899395943,0.01758962869644165,0.02020709589123726,0.009131447412073612,0.015039639547467232,-0.002309092553332448,0.011626754887402058,0.031015658751130104,0.05025634542107582,0.03879202902317047]}}
{"op_code":8,"worker_id":"fa03a8dc-3086-4dac-870e-1f0a71bc3180-3216","trial_id":45,"user_attr":{"reg_kappa":2.978868901092123}}
{"op_code":5,"worker_id":"f9a99333-fd3f-402c-8d64-bdf3d6ed2e62-7108","trial_id":51,"param_name":"unified_gamma","param_value_internal":1987.3051891203045,"distribution":"{\"name\": \"FloatDistribution\", \"attributes\": {\"step\": null, \"low\": 1.5, \"high\": 10000.0, \"log\": true}}"}
{"op_code":8,"worker_id":"fa03a8dc-3086-4dac-870e-1f0a71bc3180-3216","trial_id":45,"user_attr":{"raw_metrics":[1.1091959756081646,0.09688702044325144,0.8333333333333334,0.028695056006169433,0.1373737373737374,0.12987544399789638,-0.11039559323630553,-0.18927286565303802,0.46458333333333335]}}
{"op_code":8,"worker_id":"fa03a8dc-3086-4dac-870e-1f0a71bc3180-3216","trial_id":45,"user_attr":{"val_metrics":[0.03630413514306029,-0.4813914250120102,0.41818181818181815,0.06443886897877615,-1.4163758748735833]}}
{"op_code":8,"worker_id":"db5323a3-6a8c-4830-9d7c-415f475ca72b-31524","trial_id":47,"user_attr":{"cv_oos_ics":[0.0024528850335627794,-0.012961608357727528,0.026028431951999664,0.049823369830846786,0.022436730563640594,0.03853347525000572,0.01713888719677925,0.02897678129374981,0.005697776097804308,0.0151240648701787,0.00863400474190712,0.019814999774098396,0.040903374552726746,0.050483569502830505,0.03756095841526985]}}
{"op_code":8,"worker_id":"fa03a8dc-3086-4dac-870e-1f0a71bc3180-3216","trial_id":45,"user_attr":{"deflated_objective":0.02736322228091026}}
{"op_code":8,"worker_id":"db5323a3-6a8c-4830-9d7c-415f475ca72b-31524","trial_id":47,"user_attr":{"reg_kappa":2.9306658634303324}}
{"op_code":5,"worker_id":"40456122-2468-4490-9869-fedbf56ea64e-19176","trial_id":30,"param_name":"huber_delta","param_value_internal":0.5979182238087527,"distribution":"{\"name\": \"FloatDistribution\", \"attributes\": {\"step\": null, \"low\": 0.5, \"high\": 5.0, \"log\": false}}"}
{"op_code":8,"worker_id":"db5323a3-6a8c-4830-9d7c-415f475ca72b-31524","trial_id":47,"user_attr":{"raw_metrics":[0.7851328860807502,0.09913079996666622,0.6666666666666666,0.033273742849938975,0.20606060606060606,0.29284682069284224,-0.10055813038889957,-0.1393735557794571,0.4583333333333333]}}
{"op_code":8,"worker_id":"db5323a3-6a8c-4830-9d7c-415f475ca72b-31524","trial_id":47,"user_attr":{"val_metrics":[0.036118663301817074,-0.30803256194218476,0.23636363636363636,0.12049773743416628,-3.815570292651751]}}
{"op_code":9,"worker_id":"fa03a8dc-3086-4dac-870e-1f0a71bc3180-3216","trial_id":45,"system_attr":{"constraints":[-0.028695056006169433,-0.09688702044325144,-0.2333333333333334,0.1126262626262626,-0.12987544399789638,-104.0,-8.0,0.03198198198198198,0.0,-1189.4454284316716,-0.014583333333333337,-0.0755291005291005]}}
{"op_code":6,"worker_id":"fa03a8dc-3086-4dac-870e-1f0a71bc3180-3216","trial_id":45,"state":1,"values":[0.6501140143143981],"datetime_complete":"2026-07-14T11:40:41.750634"}
{"op_code":8,"worker_id":"14d90eb6-9306-45f3-869c-d2c69532fdc8-18156","trial_id":40,"user_attr":{"val_metrics":[0.03351766245708413,-0.22441799925962552,0.3212121212121212,0.13679307113752526,-4.167980582267802]}}
{"op_code":8,"worker_id":"db5323a3-6a8c-4830-9d7c-415f475ca72b-31524","trial_id":47,"user_attr":{"deflated_objective":-0.8503126413892111}}
{"op_code":9,"worker_id":"db5323a3-6a8c-4830-9d7c-415f475ca72b-31524","trial_id":47,"system_attr":{"constraints":[-0.033273742849938975,-0.09913079996666622,-0.06666666666666665,0.043939393939393945,-0.29284682069284224,-116.0,-8.0,0.053035178035178036,0.0,-1170.1054326167944,-0.008333333333333304,-0.056349206349206316]}}
{"op_code":6,"worker_id":"db5323a3-6a8c-4830-9d7c-415f475ca72b-31524","trial_id":47,"state":1,"values":[-0.25842057284402775],"datetime_complete":"2026-07-14T11:40:41.756989"}
{"op_code":8,"worker_id":"52d7abd7-70c2-4e24-a1d2-1f35c159b757-23408","trial_id":29,"user_attr":{"constraints":[-0.030254140156389175,-0.03631011642297127,-0.06666666666666665,0.10656565656565659,0.09212351200998657,-62.0,-8.0,0.07820677820677818,0.16666666666666669,-1260.5485895095808,0.026388888888888906,-0.02328042328042329]}}
{"op_code":8,"worker_id":"14d90eb6-9306-45f3-869c-d2c69532fdc8-18156","trial_id":40,"user_attr":{"deflated_objective":-0.9651650176293245}}
{"op_code":4,"worker_id":"8f604b1c-5c89-49b3-8f74-e266eb784c80-3216","study_id":0,"datetime_start":"2026-07-14T11:40:41.760253"}
{"op_code":8,"worker_id":"52d7abd7-70c2-4e24-a1d2-1f35c159b757-23408","trial_id":29,"user_attr":{"pruned_reasons":["M5 (Monotonicity <= 0.25)","M6 (Top-Bottom Spread <= 0)","Side-specific Yearly Tail IC Mean (-0.0782 <= 0)","Side-specific Hit Rate (33.33% < 50%)","Yearly Daily Win Rate (42.36% < 45%)"]}}
{"op_code":5,"worker_id":"8f604b1c-5c89-49b3-8f74-e266eb784c80-3216","trial_id":52,"param_name":"k_weight","param_value_internal":0.0348492762351586,"distribution":"{\"name\": \"FloatDistribution\", \"attributes\": {\"step\": null, \"low\": 0.0, \"high\": 1.5, \"log\": false}}"}
{"op_code":8,"worker_id":"52d7abd7-70c2-4e24-a1d2-1f35c159b757-23408","trial_id":29,"user_attr":{"gini":0.3671069234003117}}
{"op_code":5,"worker_id":"f9a99333-fd3f-402c-8d64-bdf3d6ed2e62-7108","trial_id":51,"param_name":"huber_delta","param_value_internal":2.328507184287319,"distribution":"{\"name\": \"FloatDistribution\", \"attributes\": {\"step\": null, \"low\": 0.5, \"high\": 5.0, \"log\": false}}"}
{"op_code":8,"worker_id":"52d7abd7-70c2-4e24-a1d2-1f35c159b757-23408","trial_id":29,"user_attr":{"cv_is_ics":[0.11557944118976593,0.11532190442085266,0.12474741786718369,0.0880204513669014,0.09842919558286667,0.0969213917851448,0.10970479995012283,0.09030250459909439,0.09945423901081085,0.1146342009305954,0.06752826273441315,0.08577316999435425,0.10410062968730927,0.0957566648721695,0.08888750523328781]}}
{"op_code":9,"worker_id":"14d90eb6-9306-45f3-869c-d2c69532fdc8-18156","trial_id":40,"system_attr":{"constraints":[-0.023620840559982138,-0.08117804181633968,-0.06666666666666665,-0.012626262626262708,-0.18185747359672347,-116.0,-8.0,0.062258687258687266,0.0,-1169.0551419839853,0.009027777777777746,-0.056349206349206316]}}
{"op_code":8,"worker_id":"30529ed0-8ddc-4bc4-abed-e59bdcaeffd3-8436","trial_id":49,"user_attr":{"constraints":[-0.03313820688464624,-0.09638076378197959,-0.06666666666666665,0.035858585858585895,-0.28183996170241804,-116.0,-8.0,0.05217717717717718,0.0,-1169.319254433504,-0.004861111111111094,-0.060978835978835966]}}
{"op_code":5,"worker_id":"96fbd6f4-e669-4afb-a50c-c8b5b46104b7-8896","trial_id":50,"param_name":"unified_gamma","param_value_internal":1169.885417115418,"distribution":"{\"name\": \"FloatDistribution\", \"attributes\": {\"step\": null, \"low\": 1.5, \"high\": 10000.0, \"log\": true}}"}
{"op_code":5,"worker_id":"8f604b1c-5c89-49b3-8f74-e266eb784c80-3216","trial_id":52,"param_name":"unified_alpha","param_value_internal":6.203422557291375e-05,"distribution":"{\"name\": \"FloatDistribution\", \"attributes\": {\"step\": null, \"low\": 1e-05, \"high\": 10.0, \"log\": true}}"}
{"op_code":6,"worker_id":"14d90eb6-9306-45f3-869c-d2c69532fdc8-18156","trial_id":40,"state":1,"values":[-0.35771411520711993],"datetime_complete":"2026-07-14T11:40:41.773632"}
{"op_code":5,"worker_id":"8f604b1c-5c89-49b3-8f74-e266eb784c80-3216","trial_id":52,"param_name":"unified_rho","param_value_internal":0.30560121938700124,"distribution":"{\"name\": \"FloatDistribution\", \"attributes\": {\"step\": null, \"low\": 0.0, \"high\": 1.0, \"log\": false}}"}
{"op_code":8,"worker_id":"52d7abd7-70c2-4e24-a1d2-1f35c159b757-23408","trial_id":29,"user_attr":{"cv_oos_ics":[-0.006255006417632103,-0.038169559091329575,0.020630773156881332,0.03869590535759926,0.020751502364873886,0.041653361171483994,0.027254534885287285,0.017182309180498123,0.007632437627762556,0.02089572884142399,0.014247637242078781,0.007978676818311214,0.04044266790151596,0.05162793770432472,0.038011133670806885]}}
{"op_code":5,"worker_id":"96fbd6f4-e669-4afb-a50c-c8b5b46104b7-8896","trial_id":50,"param_name":"huber_delta","param_value_internal":1.582770857200744,"distribution":"{\"name\": \"FloatDistribution\", \"attributes\": {\"step\": null, \"low\": 0.5, \"high\": 5.0, \"log\": false}}"}
{"op_code":5,"worker_id":"8f604b1c-5c89-49b3-8f74-e266eb784c80-3216","trial_id":52,"param_name":"unified_gamma","param_value_internal":2451.6908994245705,"distribution":"{\"name\": \"FloatDistribution\", \"attributes\": {\"step\": null, \"low\": 1.5, \"high\": 10000.0, \"log\": true}}"}
{"op_code":8,"worker_id":"52d7abd7-70c2-4e24-a1d2-1f35c159b757-23408","trial_id":29,"user_attr":{"reg_kappa":3.1592390121476916}}
{"op_code":5,"worker_id":"8f604b1c-5c89-49b3-8f74-e266eb784c80-3216","trial_id":52,"param_name":"huber_delta","param_value_internal":1.6237455388317248,"distribution":"{\"name\": \"FloatDistribution\", \"attributes\": {\"step\": null, \"low\": 0.5, \"high\": 5.0, \"log\": false}}"}
{"op_code":8,"worker_id":"52d7abd7-70c2-4e24-a1d2-1f35c159b757-23408","trial_id":29,"user_attr":{"raw_metrics":[0.4811980730721046,0.03631011642297127,0.6666666666666666,0.030254140156389175,0.14343434343434341,-0.09212351200998657,-0.17268590173397752,-0.2979060113430023,0.4236111111111111]}}
{"op_code":8,"worker_id":"52d7abd7-70c2-4e24-a1d2-1f35c159b757-23408","trial_id":29,"user_attr":{"val_metrics":[0.03981579393816272,-0.4387963386842109,0.22424242424242424,0.0877894849644677,-1.9661155397941532]}}
{"op_code":5,"worker_id":"73467b8a-3763-433c-b628-4ad6bde59b68-29612","trial_id":2,"param_name":"unified_gamma","param_value_internal":2.962371401177323,"distribution":"{\"name\": \"FloatDistribution\", \"attributes\": {\"step\": null, \"low\": 1.5, \"high\": 10000.0, \"log\": true}}"}
{"op_code":8,"worker_id":"40456122-2468-4490-9869-fedbf56ea64e-19176","trial_id":30,"user_attr":{"constraints":[-0.027889978646827948,-0.02548541013405231,-0.06666666666666665,0.0904040404040404,0.09033864409248861,0.0,0.0,0.11326683826683827,0.33333333333333337,-1258.0719801192283,0.026388888888888906,-0.051719576719576665]}}
{"op_code":4,"worker_id":"db5323a3-6a8c-4830-9d7c-415f475ca72b-31524","study_id":0,"datetime_start":"2026-07-14T11:40:41.759142"}
{"op_code":4,"worker_id":"9f074630-7e5e-4074-b5a1-300decb90fb3-18156","study_id":0,"datetime_start":"2026-07-14T11:40:41.787672"}
{"op_code":5,"worker_id":"db5323a3-6a8c-4830-9d7c-415f475ca72b-31524","trial_id":53,"param_name":"k_weight","param_value_internal":0.0026429564582662775,"distribution":"{\"name\": \"FloatDistribution\", \"attributes\": {\"step\": null, \"low\": 0.0, \"high\": 1.5, \"log\": false}}"}
{"op_code":8,"worker_id":"40456122-2468-4490-9869-fedbf56ea64e-19176","trial_id":30,"user_attr":{"pruned_reasons":["M5 (Monotonicity <= 0.25)","M6 (Top-Bottom Spread <= 0)","Side-specific Yearly Tail IC Mean (-0.1133 <= 0)","Side-specific Hit Rate (16.67% < 50%)","Yearly Daily Win Rate (42.36% < 45%)"]}}
{"op_code":5,"worker_id":"db5323a3-6a8c-4830-9d7c-415f475ca72b-31524","trial_id":53,"param_name":"unified_alpha","param_value_internal":5.429512520748537e-05,"distribution":"{\"name\": \"FloatDistribution\", \"attributes\": {\"step\": null, \"low\": 1e-05, \"high\": 10.0, \"log\": true}}"}
{"op_code":5,"worker_id":"ed6707d7-bd4d-45be-b4d6-1be6d1288e54-4680","trial_id":11,"param_name":"unified_rho","param_value_internal":0.6737016246691375,"distribution":"{\"name\": \"FloatDistribution\", \"attributes\": {\"step\": null, \"low\": 0.0, \"high\": 1.0, \"log\": false}}"}
{"op_code":5,"worker_id":"9f074630-7e5e-4074-b5a1-300decb90fb3-18156","trial_id":54,"param_name":"k_weight","param_value_internal":0.020064507160412304,"distribution":"{\"name\": \"FloatDistribution\", \"attributes\": {\"step\": null, \"low\": 0.0, \"high\": 1.5, \"log\": false}}"}
{"op_code":8,"worker_id":"40456122-2468-4490-9869-fedbf56ea64e-19176","trial_id":30,"user_attr":{"gini":0.36111661558594244}}
{"op_code":5,"worker_id":"9f074630-7e5e-4074-b5a1-300decb90fb3-18156","trial_id":54,"param_name":"unified_alpha","param_value_internal":5.172910296440608e-05,"distribution":"{\"name\": \"FloatDistribution\", \"attributes\": {\"step\": null, \"low\": 1e-05, \"high\": 10.0, \"log\": true}}"}
{"op_code":5,"worker_id":"db5323a3-6a8c-4830-9d7c-415f475ca72b-31524","trial_id":53,"param_name":"unified_rho","param_value_internal":0.08765019769517311,"distribution":"{\"name\": \"FloatDistribution\", \"attributes\": {\"step\": null, \"low\": 0.0, \"high\": 1.0, \"log\": false}}"}
{"op_code":8,"worker_id":"f9a99333-fd3f-402c-8d64-bdf3d6ed2e62-7108","trial_id":51,"user_attr":{"constraints":[-0.04328681064215895,-0.06402653570207974,-0.06666666666666665,0.013636363636363585,-0.27210799826153864,-116.0,-8.0,0.14761904761904762,0.16666666666666669,-1169.0517719698921,-0.028472222222222177,-0.08941798941798945]}}
{"op_code":5,"worker_id":"9f074630-7e5e-4074-b5a1-300decb90fb3-18156","trial_id":54,"param_name":"unified_rho","param_value_internal":0.09281389971645515,"distribution":"{\"name\": \"FloatDistribution\", \"attributes\": {\"step\": null, \"low\": 0.0, \"high\": 1.0, \"log\": false}}"}
{"op_code":5,"worker_id":"db5323a3-6a8c-4830-9d7c-415f475ca72b-31524","trial_id":53,"param_name":"unified_gamma","param_value_internal":833.758762489976,"distribution":"{\"name\": \"FloatDistribution\", \"attributes\": {\"step\": null, \"low\": 1.5, \"high\": 10000.0, \"log\": true}}"}
{"op_code":5,"worker_id":"9f074630-7e5e-4074-b5a1-300decb90fb3-18156","trial_id":54,"param_name":"unified_gamma","param_value_internal":2326.637579895832,"distribution":"{\"name\": \"FloatDistribution\", \"attributes\": {\"step\": null, \"low\": 1.5, \"high\": 10000.0, \"log\": true}}"}
{"op_code":5,"worker_id":"db5323a3-6a8c-4830-9d7c-415f475ca72b-31524","trial_id":53,"param_name":"huber_delta","param_value_internal":1.6671449587833,"distribution":"{\"name\": \"FloatDistribution\", \"attributes\": {\"step\": null, \"low\": 0.5, \"high\": 5.0, \"log\": false}}"}
{"op_code":5,"worker_id":"ed6707d7-bd4d-45be-b4d6-1be6d1288e54-4680","trial_id":11,"param_name":"unified_gamma","param_value_internal":8.454156675684052,"distribution":"{\"name\": \"FloatDistribution\", \"attributes\": {\"step\": null, \"low\": 1.5, \"high\": 10000.0, \"log\": true}}"}
{"op_code":8,"worker_id":"f9a99333-fd3f-402c-8d64-bdf3d6ed2e62-7108","trial_id":51,"user_attr":{"pruned_reasons":["M5 (Monotonicity <= 0.25)","Side-specific Yearly Tail IC Mean (-0.1476 <= 0)","Side-specific Hit Rate (33.33% < 50%)"]}}
{"op_code":5,"worker_id":"ed6707d7-bd4d-45be-b4d6-1be6d1288e54-4680","trial_id":11,"param_name":"huber_delta","param_value_internal":2.095009090884606,"distribution":"{\"name\": \"FloatDistribution\", \"attributes\": {\"step\": null, \"low\": 0.5, \"high\": 5.0, \"log\": false}}"}
{"op_code":8,"worker_id":"f9a99333-fd3f-402c-8d64-bdf3d6ed2e62-7108","trial_id":51,"user_attr":{"gini":0.4188460333197275}}
{"op_code":8,"worker_id":"8f604b1c-5c89-49b3-8f74-e266eb784c80-3216","trial_id":52,"user_attr":{"constraints":[-0.03784169384640603,-0.09300965372084401,-0.2333333333333334,0.04999999999999996,-0.3170671689603478,-116.0,-8.0,0.14190261690261688,0.16666666666666669,-1170.580196355062,-0.028472222222222177,-0.08478835978835969]}}
{"op_code":8,"worker_id":"52d7abd7-70c2-4e24-a1d2-1f35c159b757-23408","trial_id":29,"user_attr":{"deflated_objective":-0.1700359267730973}}
{"op_code":8,"worker_id":"8f604b1c-5c89-49b3-8f74-e266eb784c80-3216","trial_id":52,"user_attr":{"pruned_reasons":["M5 (Monotonicity <= 0.25)","Side-specific Yearly Tail IC Mean (-0.1419 <= 0)","Side-specific Hit Rate (33.33% < 50%)"]}}
{"op_code":9,"worker_id":"52d7abd7-70c2-4e24-a1d2-1f35c159b757-23408","trial_id":29,"system_attr":{"constraints":[-0.030254140156389175,-0.03631011642297127,-0.06666666666666665,0.10656565656565659,0.09212351200998657,-62.0,-8.0,0.07820677820677818,0.16666666666666669,-1260.5485895095808,0.026388888888888906,-0.02328042328042329]}}
{"op_code":6,"worker_id":"52d7abd7-70c2-4e24-a1d2-1f35c159b757-23408","trial_id":29,"state":1,"values":[0.4282134093850508],"datetime_complete":"2026-07-14T11:40:41.830907"}
{"op_code":8,"worker_id":"96fbd6f4-e669-4afb-a50c-c8b5b46104b7-8896","trial_id":50,"user_attr":{"constraints":[-0.036216963186163145,-0.09559691282777293,-0.2333333333333334,0.10454545454545455,-0.3187995953661286,-116.0,-8.0,0.14434791934791935,0.16666666666666669,-1169.0597690216948,-0.021527777777777757,-0.08941798941798945]}}
{"op_code":8,"worker_id":"8f604b1c-5c89-49b3-8f74-e266eb784c80-3216","trial_id":52,"user_attr":{"gini":0.3877624505099726}}
{"op_code":8,"worker_id":"96fbd6f4-e669-4afb-a50c-c8b5b46104b7-8896","trial_id":50,"user_attr":{"pruned_reasons":["M5 (Monotonicity <= 0.25)","Side-specific Yearly Tail IC Mean (-0.1443 <= 0)","Side-specific Hit Rate (33.33% < 50%)"]}}
{"op_code":8,"worker_id":"96fbd6f4-e669-4afb-a50c-c8b5b46104b7-8896","trial_id":50,"user_attr":{"gini":0.38374044915284466}}
{"op_code":8,"worker_id":"96fbd6f4-e669-4afb-a50c-c8b5b46104b7-8896","trial_id":50,"user_attr":{"cv_is_ics":[0.11725789308547974,0.11180141568183899,0.11449338495731354,0.10249418020248413,0.1019655093550682,0.09261143952608109,0.1081617921590805,0.09061044454574585,0.10301017761230469,0.1120104119181633,0.06867969781160355,0.07904461771249771,0.10694114118814468,0.08263243734836578,0.09081541746854782]}}
{"op_code":8,"worker_id":"8f604b1c-5c89-49b3-8f74-e266eb784c80-3216","trial_id":52,"user_attr":{"cv_is_ics":[0.11733011901378632,0.11160417646169662,0.1138668954372406,0.10247813165187836,0.10087256133556366,0.09257157891988754,0.10771279036998749,0.09083371609449387,0.10288476943969727,0.11087699234485626,0.06819933652877808,0.07803338021039963,0.10643874853849411,0.08163776993751526,0.09037720412015915]}}
{"op_code":8,"worker_id":"40456122-2468-4490-9869-fedbf56ea64e-19176","trial_id":30,"user_attr":{"cv_is_ics":[0.11513078957796097,0.11590195447206497,0.12394614517688751,0.08856101334095001,0.09717792272567749,0.09655766934156418,0.1100747361779213,0.09041406214237213,0.09997857362031937,0.11468623578548431,0.06800153106451035,0.08571185171604156,0.10368108004331589,0.09710817039012909,0.08979775011539459]}}
{"op_code":4,"worker_id":"0dfcf039-b3c3-42cd-aa00-774f1461dd6e-23408","study_id":0,"datetime_start":"2026-07-14T11:40:41.841239"}
{"op_code":8,"worker_id":"96fbd6f4-e669-4afb-a50c-c8b5b46104b7-8896","trial_id":50,"user_attr":{"cv_oos_ics":[0.0009728111908771098,-0.008073207922279835,0.025509778410196304,0.052772555500268936,0.02754950523376465,0.03761191666126251,0.019174203276634216,0.03717727214097977,0.006444789934903383,0.017638595774769783,0.013249199837446213,0.02952403575181961,0.04709560051560402,0.050544217228889465,0.04025986045598984]}}
{"op_code":8,"worker_id":"40456122-2468-4490-9869-fedbf56ea64e-19176","trial_id":30,"user_attr":{"cv_oos_ics":[-0.005491763353347778,-0.03546425327658653,0.018794918432831764,0.03833756223320961,0.019739538431167603,0.042954761534929276,0.02682771161198616,0.01688632369041443,0.0074211610481143,0.022105157375335693,0.01610242947936058,0.008196786977350712,0.0414586178958416,0.05243261158466339,0.037811245769262314]}}
{"op_code":8,"worker_id":"40456122-2468-4490-9869-fedbf56ea64e-19176","trial_id":30,"user_attr":{"reg_kappa":3.152957319736609}}
{"op_code":8,"worker_id":"40456122-2468-4490-9869-fedbf56ea64e-19176","trial_id":30,"user_attr":{"raw_metrics":[0.3152821324565863,0.02548541013405231,0.6666666666666666,0.027889978646827948,0.1595959595959596,-0.09033864409248861,-0.17020504684910057,-0.291477233171463,0.4236111111111111]}}
{"op_code":5,"worker_id":"0dfcf039-b3c3-42cd-aa00-774f1461dd6e-23408","trial_id":55,"param_name":"k_weight","param_value_internal":0.028918047515999787,"distribution":"{\"name\": \"FloatDistribution\", \"attributes\": {\"step\": null, \"low\": 0.0, \"high\": 1.5, \"log\": false}}"}
{"op_code":8,"worker_id":"8f604b1c-5c89-49b3-8f74-e266eb784c80-3216","trial_id":52,"user_attr":{"cv_oos_ics":[0.000544278824236244,-0.007980667054653168,0.025046508759260178,0.053083062171936035,0.029373260214924812,0.03839537501335144,0.019145159050822258,0.03814496099948883,0.008236369118094444,0.018822114914655685,0.012041193433105946,0.029648181051015854,0.0469038300216198,0.05173870176076889,0.041731394827365875]}}
{"op_code":5,"worker_id":"0dfcf039-b3c3-42cd-aa00-774f1461dd6e-23408","trial_id":55,"param_name":"unified_alpha","param_value_internal":4.833307377617925e-05,"distribution":"{\"name\": \"FloatDistribution\", \"attributes\": {\"step\": null, \"low\": 1e-05, \"high\": 10.0, \"log\": true}}"}
{"op_code":8,"worker_id":"40456122-2468-4490-9869-fedbf56ea64e-19176","trial_id":30,"user_attr":{"val_metrics":[0.03784680377520166,-0.44359922359222037,0.1393939393939394,0.12027125122983928,-2.6407806417788864]}}
{"op_code":8,"worker_id":"96fbd6f4-e669-4afb-a50c-c8b5b46104b7-8896","trial_id":50,"user_attr":{"reg_kappa":2.929767263705578}}
{"op_code":8,"worker_id":"db5323a3-6a8c-4830-9d7c-415f475ca72b-31524","trial_id":53,"user_attr":{"constraints":[-0.03954135761255149,-0.089662545164602,-0.2333333333333334,0.054040404040404,-0.31763305248537416,-116.0,-8.0,0.1148112398112398,0.16666666666666669,-1169.0537840211275,-0.028472222222222177,-0.0847883597883598]}}
{"op_code":8,"worker_id":"96fbd6f4-e669-4afb-a50c-c8b5b46104b7-8896","trial_id":50,"user_attr":{"raw_metrics":[0.7371168579209502,0.09559691282777293,0.8333333333333334,0.036216963186163145,0.14545454545454545,0.3187995953661286,-0.1004840161903286,-0.14336417615413666,0.47152777777777777]}}
{"op_code":5,"worker_id":"0dfcf039-b3c3-42cd-aa00-774f1461dd6e-23408","trial_id":55,"param_name":"unified_rho","param_value_internal":0.10048726602543909,"distribution":"{\"name\": \"FloatDistribution\", \"attributes\": {\"step\": null, \"low\": 0.0, \"high\": 1.0, \"log\": false}}"}
{"op_code":8,"worker_id":"8f604b1c-5c89-49b3-8f74-e266eb784c80-3216","trial_id":52,"user_attr":{"reg_kappa":2.933597590250502}}
{"op_code":8,"worker_id":"db5323a3-6a8c-4830-9d7c-415f475ca72b-31524","trial_id":53,"user_attr":{"pruned_reasons":["M5 (Monotonicity <= 0.25)","Side-specific Yearly Tail IC Mean (-0.1148 <= 0)","Side-specific Hit Rate (33.33% < 50%)"]}}
{"op_code":8,"worker_id":"96fbd6f4-e669-4afb-a50c-c8b5b46104b7-8896","trial_id":50,"user_attr":{"val_metrics":[0.040585809734035,-0.42490488428120265,0.4303030303030303,0.15297950369953786,-4.1411033603782865]}}
{"op_code":5,"worker_id":"0dfcf039-b3c3-42cd-aa00-774f1461dd6e-23408","trial_id":55,"param_name":"unified_gamma","param_value_internal":2462.718761684967,"distribution":"{\"name\": \"FloatDistribution\", \"attributes\": {\"step\": null, \"low\": 1.5, \"high\": 10000.0, \"log\": true}}"}
{"op_code":8,"worker_id":"40456122-2468-4490-9869-fedbf56ea64e-19176","trial_id":30,"user_attr":{"deflated_objective":-0.4455292306777544}}
{"op_code":8,"worker_id":"db5323a3-6a8c-4830-9d7c-415f475ca72b-31524","trial_id":53,"user_attr":{"gini":0.3895807570955927}}
{"op_code":9,"worker_id":"40456122-2468-4490-9869-fedbf56ea64e-19176","trial_id":30,"system_attr":{"constraints":[-0.027889978646827948,-0.02548541013405231,-0.06666666666666665,0.0904040404040404,0.09033864409248861,0.0,0.0,0.11326683826683827,0.33333333333333337,-1258.0719801192283,0.026388888888888906,-0.051719576719576665]}}
{"op_code":6,"worker_id":"40456122-2468-4490-9869-fedbf56ea64e-19176","trial_id":30,"state":1,"values":[0.147744467154856],"datetime_complete":"2026-07-14T11:40:41.871393"}
{"op_code":5,"worker_id":"0dfcf039-b3c3-42cd-aa00-774f1461dd6e-23408","trial_id":55,"param_name":"huber_delta","param_value_internal":1.6998502921215701,"distribution":"{\"name\": \"FloatDistribution\", \"attributes\": {\"step\": null, \"low\": 0.5, \"high\": 5.0, \"log\": false}}"}
{"op_code":8,"worker_id":"db5323a3-6a8c-4830-9d7c-415f475ca72b-31524","trial_id":53,"user_attr":{"cv_is_ics":[0.11755699664354324,0.11234120279550552,0.11390747874975204,0.10319054871797562,0.10142341256141663,0.09269515424966812,0.10805732011795044,0.0894211009144783,0.10282823443412781,0.111175037920475,0.0690232440829277,0.07774102687835693,0.10776502639055252,0.08229375630617142,0.09092401713132858]}}
{"op_code":8,"worker_id":"db5323a3-6a8c-4830-9d7c-415f475ca72b-31524","trial_id":53,"user_attr":{"cv_oos_ics":[-0.00022622522374149412,-0.00845390371978283,0.025493549183011055,0.05334260314702988,0.03050139732658863,0.03717583790421486,0.019142739474773407,0.0389941968023777,0.008711172267794609,0.01680445298552513,0.01420435681939125,0.032397907227277756,0.04789002612233162,0.051035962998867035,0.04205699265003204]}}
{"op_code":8,"worker_id":"96fbd6f4-e669-4afb-a50c-c8b5b46104b7-8896","trial_id":50,"user_attr":{"deflated_objective":-1.0052092705015874}}
{"op_code":8,"worker_id":"db5323a3-6a8c-4830-9d7c-415f475ca72b-31524","trial_id":53,"user_attr":{"reg_kappa":2.929744116079548}}
{"op_code":4,"worker_id":"88170b36-1b55-4416-bd3f-b3a3301f6d37-19176","study_id":0,"datetime_start":"2026-07-14T11:40:41.880308"}
{"op_code":8,"worker_id":"db5323a3-6a8c-4830-9d7c-415f475ca72b-31524","trial_id":53,"user_attr":{"raw_metrics":[0.6839544828708419,0.089662545164602,0.8333333333333334,0.03954135761255149,0.195959595959596,0.31763305248537416,-0.10048393323040027,-0.14524205029010773,0.4784722222222222]}}
{"op_code":8,"worker_id":"ed6707d7-bd4d-45be-b4d6-1be6d1288e54-4680","trial_id":11,"user_attr":{"constraints":[-0.07810685848338307,-0.033998177471602525,-0.06666666666666665,0.005555555555555536,-0.11103323740729441,-30.0,-7.0,0.1412054912054912,0.16666666666666669,-1376.5890347124,-0.021527777777777757,-0.05079365079365078]}}
{"op_code":8,"worker_id":"db5323a3-6a8c-4830-9d7c-415f475ca72b-31524","trial_id":53,"user_attr":{"val_metrics":[0.03934815877445947,-0.3886395135445393,0.3939393939393939,0.15297950369953786,-4.143197557315802]}}
{"op_code":5,"worker_id":"88170b36-1b55-4416-bd3f-b3a3301f6d37-19176","trial_id":56,"param_name":"k_weight","param_value_internal":0.07579520712011834,"distribution":"{\"name\": \"FloatDistribution\", \"attributes\": {\"step\": null, \"low\": 0.0, \"high\": 1.5, \"log\": false}}"}
{"op_code":9,"worker_id":"96fbd6f4-e669-4afb-a50c-c8b5b46104b7-8896","trial_id":50,"system_attr":{"constraints":[-0.036216963186163145,-0.09559691282777293,-0.2333333333333334,0.10454545454545455,-0.3187995953661286,-116.0,-8.0,0.14434791934791935,0.16666666666666669,-1169.0597690216948,-0.021527777777777757,-0.08941798941798945]}}
{"op_code":8,"worker_id":"ed6707d7-bd4d-45be-b4d6-1be6d1288e54-4680","trial_id":11,"user_attr":{"pruned_reasons":["M5 (Monotonicity <= 0.25)","Side-specific Yearly Tail IC Mean (-0.1412 <= 0)","Side-specific Hit Rate (33.33% < 50%)"]}}
{"op_code":8,"worker_id":"db5323a3-6a8c-4830-9d7c-415f475ca72b-31524","trial_id":53,"user_attr":{"deflated_objective":-0.9910831250206162}}
{"op_code":8,"worker_id":"f9a99333-fd3f-402c-8d64-bdf3d6ed2e62-7108","trial_id":51,"user_attr":{"cv_is_ics":[0.11610495299100876,0.11112721264362335,0.10854340344667435,0.10149092972278595,0.09772024303674698,0.09271027147769928,0.10557231307029724,0.09283381700515747,0.10105768591165543,0.11243755370378494,0.0721559226512909,0.07524669915437698,0.10782347619533539,0.08045756071805954,0.08640573918819427]}}
{"op_code":6,"worker_id":"96fbd6f4-e669-4afb-a50c-c8b5b46104b7-8896","trial_id":50,"state":1,"values":[-0.4155420748173758],"datetime_complete":"2026-07-14T11:40:41.890084"}
{"op_code":8,"worker_id":"ed6707d7-bd4d-45be-b4d6-1be6d1288e54-4680","trial_id":11,"user_attr":{"gini":0.4474390205126526}}
{"op_code":8,"worker_id":"8f604b1c-5c89-49b3-8f74-e266eb784c80-3216","trial_id":52,"user_attr":{"raw_metrics":[0.7126577794185969,0.09300965372084401,0.8333333333333334,0.03784169384640603,0.20000000000000004,0.3170671689603478,-0.10062655374651927,-0.149770587682724,0.4784722222222222]}}
{"op_code":8,"worker_id":"ed6707d7-bd4d-45be-b4d6-1be6d1288e54-4680","trial_id":11,"user_attr":{"cv_is_ics":[0.10659365355968475,0.09184645861387253,0.10699198395013809,0.09015832841396332,0.0842791199684143,0.09416987746953964,0.10791714489459991,0.08004378527402878,0.09284651279449463,0.10281316936016083,0.06343492120504379,0.06743583083152771,0.10072813928127289,0.07322674244642258,0.07273957878351212]}}
{"op_code":8,"worker_id":"ed6707d7-bd4d-45be-b4d6-1be6d1288e54-4680","trial_id":11,"user_attr":{"cv_oos_ics":[-0.015536504797637463,-0.005732652265578508,0.02662496082484722,0.05649195984005928,0.05276770889759064,0.029137078672647476,0.014795909635722637,0.058482322841882706,0.035161178559064865,0.021128501743078232,0.017357274889945984,0.05810928717255592,0.0552770160138607,0.05756105110049248,0.09598946571350098]}}
{"op_code":9,"worker_id":"db5323a3-6a8c-4830-9d7c-415f475ca72b-31524","trial_id":53,"system_attr":{"constraints":[-0.03954135761255149,-0.089662545164602,-0.2333333333333334,0.054040404040404,-0.31763305248537416,-116.0,-8.0,0.1148112398112398,0.16666666666666669,-1169.0537840211275,-0.028472222222222177,-0.0847883597883598]}}
{"op_code":8,"worker_id":"f9a99333-fd3f-402c-8d64-bdf3d6ed2e62-7108","trial_id":51,"user_attr":{"cv_oos_ics":[-0.001102794543839991,-0.010592293925583363,0.03010561130940914,0.05372870713472366,0.03519304096698761,0.03641316294670105,0.024197431281208992,0.048643726855516434,0.017150703817605972,0.0029977343510836363,0.009064102545380592,0.04117954894900322,0.052034832537174225,0.05432199686765671,0.059460971504449844]}}
{"op_code":8,"worker_id":"30529ed0-8ddc-4bc4-abed-e59bdcaeffd3-8436","trial_id":49,"user_attr":{"pruned_reasons":["M5 (Monotonicity <= 0.25)","Side-specific Yearly Tail IC Mean (-0.0522 <= 0)"]}}
{"op_code":8,"worker_id":"f9a99333-fd3f-402c-8d64-bdf3d6ed2e62-7108","trial_id":51,"user_attr":{"reg_kappa":2.9297534512504346}}
{"op_code":6,"worker_id":"db5323a3-6a8c-4830-9d7c-415f475ca72b-31524","trial_id":53,"state":1,"values":[-0.40563373403102876],"datetime_complete":"2026-07-14T11:40:41.903675"}
{"op_code":8,"worker_id":"30529ed0-8ddc-4bc4-abed-e59bdcaeffd3-8436","trial_id":49,"user_attr":{"gini":0.3779016508451427}}
{"op_code":8,"worker_id":"30529ed0-8ddc-4bc4-abed-e59bdcaeffd3-8436","trial_id":49,"user_attr":{"cv_is_ics":[0.11759501695632935,0.11138070374727249,0.11669351905584335,0.10263950377702713,0.10134883224964142,0.09188183397054672,0.10968881845474243,0.0920952782034874,0.10250451415777206,0.11298772692680359,0.06878847628831863,0.08205901086330414,0.10667862743139267,0.08406896144151688,0.0900689885020256]}}
{"op_code":8,"worker_id":"f9a99333-fd3f-402c-8d64-bdf3d6ed2e62-7108","trial_id":51,"user_attr":{"raw_metrics":[0.5185065710175911,0.06402653570207974,0.6666666666666666,0.04328681064215895,0.23636363636363641,0.27210799826153864,-0.10048392137899312,-0.15625055134296417,0.4784722222222222]}}
{"op_code":4,"worker_id":"96fbd6f4-e669-4afb-a50c-c8b5b46104b7-8896","study_id":0,"datetime_start":"2026-07-14T11:40:41.896695"}
{"op_code":8,"worker_id":"f9a99333-fd3f-402c-8d64-bdf3d6ed2e62-7108","trial_id":51,"user_attr":{"val_metrics":[0.04494923257731122,-0.3529128319561823,0.22424242424242424,0.16915169280305828,-4.668599356764392]}}
{"op_code":8,"worker_id":"30529ed0-8ddc-4bc4-abed-e59bdcaeffd3-8436","trial_id":49,"user_attr":{"cv_oos_ics":[0.0023011192679405212,-0.012075215578079224,0.02623116597533226,0.050075504928827286,0.0211176760494709,0.037986915558576584,0.016994239762425423,0.029910726472735405,0.005070352926850319,0.01630900613963604,0.008709175512194633,0.020326675847172737,0.040823932737112045,0.05054151266813278,0.037741769105196]}}
{"op_code":5,"worker_id":"96fbd6f4-e669-4afb-a50c-c8b5b46104b7-8896","trial_id":57,"param_name":"k_weight","param_value_internal":0.2622109361005598,"distribution":"{\"name\": \"FloatDistribution\", \"attributes\": {\"step\": null, \"low\": 0.0, \"high\": 1.5, \"log\": false}}"}
{"op_code":8,"worker_id":"ed6707d7-bd4d-45be-b4d6-1be6d1288e54-4680","trial_id":11,"user_attr":{"reg_kappa":3.44836839428936}}
{"op_code":5,"worker_id":"96fbd6f4-e669-4afb-a50c-c8b5b46104b7-8896","trial_id":57,"param_name":"unified_alpha","param_value_internal":0.00011669066184083995,"distribution":"{\"name\": \"FloatDistribution\", \"attributes\": {\"step\": null, \"low\": 1e-05, \"high\": 10.0, \"log\": true}}"}
{"op_code":8,"worker_id":"30529ed0-8ddc-4bc4-abed-e59bdcaeffd3-8436","trial_id":49,"user_attr":{"reg_kappa":2.9304442054120647}}
{"op_code":5,"worker_id":"96fbd6f4-e669-4afb-a50c-c8b5b46104b7-8896","trial_id":57,"param_name":"unified_rho","param_value_internal":0.2619464302635025,"distribution":"{\"name\": \"FloatDistribution\", \"attributes\": {\"step\": null, \"low\": 0.0, \"high\": 1.0, \"log\": false}}"}
{"op_code":8,"worker_id":"ed6707d7-bd4d-45be-b4d6-1be6d1288e54-4680","trial_id":11,"user_attr":{"raw_metrics":[0.19308414562525233,0.033998177471602525,0.6666666666666666,0.07810685848338307,0.24444444444444446,0.11103323740729441,-0.2828199533513511,-0.5950467586517334,0.47152777777777777]}}
{"op_code":5,"worker_id":"96fbd6f4-e669-4afb-a50c-c8b5b46104b7-8896","trial_id":57,"param_name":"unified_gamma","param_value_internal":2734.723209489248,"distribution":"{\"name\": \"FloatDistribution\", \"attributes\": {\"step\": null, \"low\": 1.5, \"high\": 10000.0, \"log\": true}}"}
{"op_code":8,"worker_id":"ed6707d7-bd4d-45be-b4d6-1be6d1288e54-4680","trial_id":11,"user_attr":{"val_metrics":[0.04366587291752409,-0.4471381208338478,0.2606060606060606,0.09674567223418556,-3.7638296271262184]}}
{"op_code":5,"worker_id":"96fbd6f4-e669-4afb-a50c-c8b5b46104b7-8896","trial_id":57,"param_name":"huber_delta","param_value_internal":2.1971705638653667,"distribution":"{\"name\": \"FloatDistribution\", \"attributes\": {\"step\": null, \"low\": 0.5, \"high\": 5.0, \"log\": false}}"}
{"op_code":8,"worker_id":"ed6707d7-bd4d-45be-b4d6-1be6d1288e54-4680","trial_id":11,"user_attr":{"deflated_objective":-0.8555581295832417}}
{"op_code":8,"worker_id":"30529ed0-8ddc-4bc4-abed-e59bdcaeffd3-8436","trial_id":49,"user_attr":{"raw_metrics":[0.7575444820298949,0.09638076378197959,0.6666666666666666,0.03313820688464624,0.2141414141414141,0.28183996170241804,-0.10049172020921936,-0.13784533739089966,0.4548611111111111]}}
{"op_code":8,"worker_id":"30529ed0-8ddc-4bc4-abed-e59bdcaeffd3-8436","trial_id":49,"user_attr":{"val_metrics":[0.03740026493467299,-0.386850217358213,0.21212121212121213,0.12049773743416628,-4.004276538977081]}}
{"op_code":8,"worker_id":"f9a99333-fd3f-402c-8d64-bdf3d6ed2e62-7108","trial_id":51,"user_attr":{"deflated_objective":-1.1874150919500925}}
{"op_code":9,"worker_id":"ed6707d7-bd4d-45be-b4d6-1be6d1288e54-4680","trial_id":11,"system_attr":{"constraints":[-0.07810685848338307,-0.033998177471602525,-0.06666666666666665,0.005555555555555536,-0.11103323740729441,-30.0,-7.0,0.1412054912054912,0.16666666666666669,-1376.5890347124,-0.021527777777777757,-0.05079365079365078]}}
{"op_code":8,"worker_id":"30529ed0-8ddc-4bc4-abed-e59bdcaeffd3-8436","trial_id":49,"user_attr":{"deflated_objective":-0.9335128402686572}}
{"op_code":9,"worker_id":"f9a99333-fd3f-402c-8d64-bdf3d6ed2e62-7108","trial_id":51,"system_attr":{"constraints":[-0.04328681064215895,-0.06402653570207974,-0.06666666666666665,0.013636363636363585,-0.27210799826153864,-116.0,-8.0,0.14761904761904762,0.16666666666666669,-1169.0517719698921,-0.028472222222222177,-0.08941798941798945]}}
{"op_code":6,"worker_id":"ed6707d7-bd4d-45be-b4d6-1be6d1288e54-4680","trial_id":11,"state":1,"values":[-0.29018756680149016],"datetime_complete":"2026-07-14T11:40:41.941628"}
{"op_code":6,"worker_id":"f9a99333-fd3f-402c-8d64-bdf3d6ed2e62-7108","trial_id":51,"state":1,"values":[-0.6179133707433057],"datetime_complete":"2026-07-14T11:40:41.944256"}
{"op_code":4,"worker_id":"f9a99333-fd3f-402c-8d64-bdf3d6ed2e62-7108","study_id":0,"datetime_start":"2026-07-14T11:40:41.946739"}
{"op_code":5,"worker_id":"9f074630-7e5e-4074-b5a1-300decb90fb3-18156","trial_id":54,"param_name":"huber_delta","param_value_internal":1.6951277780345975,"distribution":"{\"name\": \"FloatDistribution\", \"attributes\": {\"step\": null, \"low\": 0.5, \"high\": 5.0, \"log\": false}}"}
{"op_code":4,"worker_id":"163308e7-48b7-4d1a-89c9-b3543d4a395c-31524","study_id":0,"datetime_start":"2026-07-14T11:40:41.916435"}
{"op_code":9,"worker_id":"30529ed0-8ddc-4bc4-abed-e59bdcaeffd3-8436","trial_id":49,"system_attr":{"constraints":[-0.03313820688464624,-0.09638076378197959,-0.06666666666666665,0.035858585858585895,-0.28183996170241804,-116.0,-8.0,0.05217717717717718,0.0,-1169.319254433504,-0.004861111111111094,-0.060978835978835966]}}
{"op_code":6,"worker_id":"30529ed0-8ddc-4bc4-abed-e59bdcaeffd3-8436","trial_id":49,"state":1,"values":[-0.3677262157905973],"datetime_complete":"2026-07-14T11:40:41.953458"}
{"op_code":5,"worker_id":"163308e7-48b7-4d1a-89c9-b3543d4a395c-31524","trial_id":59,"param_name":"k_weight","param_value_internal":0.273415235155736,"distribution":"{\"name\": \"FloatDistribution\", \"attributes\": {\"step\": null, \"low\": 0.0, \"high\": 1.5, \"log\": false}}"}
{"op_code":4,"worker_id":"30529ed0-8ddc-4bc4-abed-e59bdcaeffd3-8436","study_id":0,"datetime_start":"2026-07-14T11:40:41.955894"}
{"op_code":5,"worker_id":"f9a99333-fd3f-402c-8d64-bdf3d6ed2e62-7108","trial_id":58,"param_name":"k_weight","param_value_internal":0.21864344728417215,"distribution":"{\"name\": \"FloatDistribution\", \"attributes\": {\"step\": null, \"low\": 0.0, \"high\": 1.5, \"log\": false}}"}
{"op_code":5,"worker_id":"30529ed0-8ddc-4bc4-abed-e59bdcaeffd3-8436","trial_id":60,"param_name":"k_weight","param_value_internal":0.2533776472988384,"distribution":"{\"name\": \"FloatDistribution\", \"attributes\": {\"step\": null, \"low\": 0.0, \"high\": 1.5, \"log\": false}}"}
{"op_code":5,"worker_id":"f9a99333-fd3f-402c-8d64-bdf3d6ed2e62-7108","trial_id":58,"param_name":"unified_alpha","param_value_internal":0.00012926489952713448,"distribution":"{\"name\": \"FloatDistribution\", \"attributes\": {\"step\": null, \"low\": 1e-05, \"high\": 10.0, \"log\": true}}"}
{"op_code":5,"worker_id":"30529ed0-8ddc-4bc4-abed-e59bdcaeffd3-8436","trial_id":60,"param_name":"unified_alpha","param_value_internal":0.00017753456741077404,"distribution":"{\"name\": \"FloatDistribution\", \"attributes\": {\"step\": null, \"low\": 1e-05, \"high\": 10.0, \"log\": true}}"}
{"op_code":5,"worker_id":"f9a99333-fd3f-402c-8d64-bdf3d6ed2e62-7108","trial_id":58,"param_name":"unified_rho","param_value_internal":0.2809141811781519,"distribution":"{\"name\": \"FloatDistribution\", \"attributes\": {\"step\": null, \"low\": 0.0, \"high\": 1.0, \"log\": false}}"}
{"op_code":5,"worker_id":"30529ed0-8ddc-4bc4-abed-e59bdcaeffd3-8436","trial_id":60,"param_name":"unified_rho","param_value_internal":0.12510551259551367,"distribution":"{\"name\": \"FloatDistribution\", \"attributes\": {\"step\": null, \"low\": 0.0, \"high\": 1.0, \"log\": false}}"}
{"op_code":5,"worker_id":"f9a99333-fd3f-402c-8d64-bdf3d6ed2e62-7108","trial_id":58,"param_name":"unified_gamma","param_value_internal":832.8087580600991,"distribution":"{\"name\": \"FloatDistribution\", \"attributes\": {\"step\": null, \"low\": 1.5, \"high\": 10000.0, \"log\": true}}"}
{"op_code":8,"worker_id":"742e66aa-3105-40ac-ae48-a88cec06f28a-11668","trial_id":48,"user_attr":{"pruned_reasons":["M5 (Monotonicity <= 0.25)"]}}
{"op_code":5,"worker_id":"f9a99333-fd3f-402c-8d64-bdf3d6ed2e62-7108","trial_id":58,"param_name":"huber_delta","param_value_internal":1.03659197052809,"distribution":"{\"name\": \"FloatDistribution\", \"attributes\": {\"step\": null, \"low\": 0.5, \"high\": 5.0, \"log\": false}}"}
{"op_code":5,"worker_id":"30529ed0-8ddc-4bc4-abed-e59bdcaeffd3-8436","trial_id":60,"param_name":"unified_gamma","param_value_internal":2733.424366268441,"distribution":"{\"name\": \"FloatDistribution\", \"attributes\": {\"step\": null, \"low\": 1.5, \"high\": 10000.0, \"log\": true}}"}
{"op_code":5,"worker_id":"163308e7-48b7-4d1a-89c9-b3543d4a395c-31524","trial_id":59,"param_name":"unified_alpha","param_value_internal":0.00011983122190575194,"distribution":"{\"name\": \"FloatDistribution\", \"attributes\": {\"step\": null, \"low\": 1e-05, \"high\": 10.0, \"log\": true}}"}
{"op_code":5,"worker_id":"30529ed0-8ddc-4bc4-abed-e59bdcaeffd3-8436","trial_id":60,"param_name":"huber_delta","param_value_internal":0.9203192162535756,"distribution":"{\"name\": \"FloatDistribution\", \"attributes\": {\"step\": null, \"low\": 0.5, \"high\": 5.0, \"log\": false}}"}
{"op_code":8,"worker_id":"742e66aa-3105-40ac-ae48-a88cec06f28a-11668","trial_id":48,"user_attr":{"gini":0.40360804349341906}}
{"op_code":5,"worker_id":"163308e7-48b7-4d1a-89c9-b3543d4a395c-31524","trial_id":59,"param_name":"unified_rho","param_value_internal":0.26913846218373355,"distribution":"{\"name\": \"FloatDistribution\", \"attributes\": {\"step\": null, \"low\": 0.0, \"high\": 1.0, \"log\": false}}"}
{"op_code":8,"worker_id":"742e66aa-3105-40ac-ae48-a88cec06f28a-11668","trial_id":48,"user_attr":{"cv_is_ics":[0.11739340424537659,0.10891111195087433,0.11557774990797043,0.09863416850566864,0.09654892981052399,0.09079690277576447,0.10849642008543015,0.08828296512365341,0.09896719455718994,0.11145954579114914,0.06306584179401398,0.08184731751680374,0.10265931487083435,0.0823737233877182,0.08650098741054535]}}
{"op_code":5,"worker_id":"163308e7-48b7-4d1a-89c9-b3543d4a395c-31524","trial_id":59,"param_name":"unified_gamma","param_value_internal":263.6110564707207,"distribution":"{\"name\": \"FloatDistribution\", \"attributes\": {\"step\": null, \"low\": 1.5, \"high\": 10000.0, \"log\": true}}"}
{"op_code":8,"worker_id":"742e66aa-3105-40ac-ae48-a88cec06f28a-11668","trial_id":48,"user_attr":{"cv_oos_ics":[-0.0005051271873526275,-0.0386960431933403,0.019772285595536232,0.04724733531475067,0.025491127744317055,0.031068749725818634,0.016644436866044998,0.016859984025359154,0.006180266849696636,0.010828204452991486,-0.002440499607473612,0.007038752548396587,0.029905887320637703,0.05041779577732086,0.03634968027472496]}}
{"op_code":8,"worker_id":"96fbd6f4-e669-4afb-a50c-c8b5b46104b7-8896","trial_id":57,"user_attr":{"constraints":[-0.047636838235564645,-0.08151190641355979,-0.06666666666666665,0.05606060606060606,-0.24862300843052154,-107.0,-8.0,0.16484341484341483,0.33333333333333337,-1185.3673346761695,-0.04513888888888884,-0.08941798941798945]}}
{"op_code":5,"worker_id":"163308e7-48b7-4d1a-89c9-b3543d4a395c-31524","trial_id":59,"param_name":"huber_delta","param_value_internal":1.0322868494780595,"distribution":"{\"name\": \"FloatDistribution\", \"attributes\": {\"step\": null, \"low\": 0.5, \"high\": 5.0, \"log\": false}}"}
{"op_code":8,"worker_id":"96fbd6f4-e669-4afb-a50c-c8b5b46104b7-8896","trial_id":57,"user_attr":{"pruned_reasons":["M5 (Monotonicity <= 0.25)","Side-specific Yearly Tail IC Mean (-0.1648 <= 0)","Side-specific Hit Rate (16.67% < 50%)"]}}
{"op_code":8,"worker_id":"96fbd6f4-e669-4afb-a50c-c8b5b46104b7-8896","trial_id":57,"user_attr":{"gini":0.4332623507288518}}
{"op_code":8,"worker_id":"96fbd6f4-e669-4afb-a50c-c8b5b46104b7-8896","trial_id":57,"user_attr":{"cv_is_ics":[0.11546658724546432,0.10989483445882797,0.10964247584342957,0.09893272072076797,0.09679532051086426,0.09231199324131012,0.10638069361448288,0.08671442419290543,0.09854301810264587,0.10877016931772232,0.06743206083774567,0.07261629402637482,0.10717388987541199,0.07921323925256729,0.08387286961078644]}}
{"op_code":8,"worker_id":"9f074630-7e5e-4074-b5a1-300decb90fb3-18156","trial_id":54,"user_attr":{"constraints":[-0.040014105983257456,-0.09000626728041278,-0.2333333333333334,0.09242424242424244,-0.32220331650692974,-116.0,-8.0,0.12523595023595024,0.16666666666666669,-1169.8611328952295,-0.028472222222222177,-0.0847883597883598]}}
{"op_code":8,"worker_id":"96fbd6f4-e669-4afb-a50c-c8b5b46104b7-8896","trial_id":57,"user_attr":{"cv_oos_ics":[-0.006956603843718767,-0.015377050265669823,0.024649154394865036,0.0547097772359848,0.04195616766810417,0.03701737895607948,0.02220226265490055,0.04992092400789261,0.019037527963519096,0.014113952405750751,0.007562673185020685,0.03939053416252136,0.04852314293384552,0.054329968988895416,0.05942566692829132]}}
{"op_code":8,"worker_id":"96fbd6f4-e669-4afb-a50c-c8b5b46104b7-8896","trial_id":57,"user_attr":{"reg_kappa":2.9704682107933653}}
{"op_code":8,"worker_id":"96fbd6f4-e669-4afb-a50c-c8b5b46104b7-8896","trial_id":57,"user_attr":{"raw_metrics":[0.6457321324552405,0.08151190641355979,0.6666666666666666,0.047636838235564645,0.19393939393939394,0.24862300843052154,-0.10766570715900219,-0.20516115427017212,0.49513888888888885]}}
{"op_code":8,"worker_id":"96fbd6f4-e669-4afb-a50c-c8b5b46104b7-8896","trial_id":57,"user_attr":{"val_metrics":[0.04286421263688995,-0.4447201025371013,0.2727272727272727,0.13889950963641529,-3.350439228802513]}}
{"op_code":8,"worker_id":"742e66aa-3105-40ac-ae48-a88cec06f28a-11668","trial_id":48,"user_attr":{"reg_kappa":2.9740898583954807}}
{"op_code":8,"worker_id":"9f074630-7e5e-4074-b5a1-300decb90fb3-18156","trial_id":54,"user_attr":{"pruned_reasons":["M5 (Monotonicity <= 0.25)","Side-specific Yearly Tail IC Mean (-0.1252 <= 0)","Side-specific Hit Rate (33.33% < 50%)"]}}
{"op_code":8,"worker_id":"742e66aa-3105-40ac-ae48-a88cec06f28a-11668","trial_id":48,"user_attr":{"raw_metrics":[0.8263033877903796,0.06902031605679022,0.6666666666666666,0.02561185841130884,0.17979797979797982,0.11424148888948064,-0.10943505626804478,-0.17820985615253448,0.46458333333333335]}}
{"op_code":8,"worker_id":"9f074630-7e5e-4074-b5a1-300decb90fb3-18156","trial_id":54,"user_attr":{"gini":0.39208024260814245}}
{"op_code":8,"worker_id":"96fbd6f4-e669-4afb-a50c-c8b5b46104b7-8896","trial_id":57,"user_attr":{"deflated_objective":-0.6761710665542209}}
{"op_code":8,"worker_id":"9f074630-7e5e-4074-b5a1-300decb90fb3-18156","trial_id":54,"user_attr":{"cv_is_ics":[0.11825288832187653,0.11220484226942062,0.11356723308563232,0.10275228321552277,0.10120514780282974,0.09269421547651291,0.10815244913101196,0.0892503634095192,0.10254064202308655,0.11067413538694382,0.06897283345460892,0.07727968692779541,0.1077205017209053,0.08162497729063034,0.09007258713245392]}}
{"op_code":8,"worker_id":"742e66aa-3105-40ac-ae48-a88cec06f28a-11668","trial_id":48,"user_attr":{"val_metrics":[0.03345701052795721,-0.4313859567174195,0.4303030303030303,0.05309188401367029,-2.9756436746914354]}}
{"op_code":8,"worker_id":"9f074630-7e5e-4074-b5a1-300decb90fb3-18156","trial_id":54,"user_attr":{"cv_oos_ics":[-0.0006838009576313198,-0.008841433562338352,0.025278428569436073,0.053177881985902786,0.030538981780409813,0.037269800901412964,0.019167084246873856,0.040006160736083984,0.00943070836365223,0.01724252477288246,0.013998918235301971,0.03268492594361305,0.04791892692446709,0.052290383726358414,0.04290665686130524]}}
{"op_code":9,"worker_id":"96fbd6f4-e669-4afb-a50c-c8b5b46104b7-8896","trial_id":57,"system_attr":{"constraints":[-0.047636838235564645,-0.08151190641355979,-0.06666666666666665,0.05606060606060606,-0.24862300843052154,-107.0,-8.0,0.16484341484341483,0.33333333333333337,-1185.3673346761695,-0.04513888888888884,-0.08941798941798945]}}
{"op_code":8,"worker_id":"742e66aa-3105-40ac-ae48-a88cec06f28a-11668","trial_id":48,"user_attr":{"deflated_objective":-0.5081363977094667}}
{"op_code":5,"worker_id":"88170b36-1b55-4416-bd3f-b3a3301f6d37-19176","trial_id":56,"param_name":"unified_alpha","param_value_internal":6.195911554658572e-05,"distribution":"{\"name\": \"FloatDistribution\", \"attributes\": {\"step\": null, \"low\": 1e-05, \"high\": 10.0, \"log\": true}}"}
{"op_code":8,"worker_id":"30529ed0-8ddc-4bc4-abed-e59bdcaeffd3-8436","trial_id":60,"user_attr":{"constraints":[-0.0034596347632595468,-0.048679368588183176,-0.2333333333333334,0.11262626262626263,-0.17115499459310538,-108.0,-8.0,0.006939081939081934,0.0,-1184.6665359905144,0.03541666666666671,-0.023015873015872934]}}
{"op_code":6,"worker_id":"96fbd6f4-e669-4afb-a50c-c8b5b46104b7-8896","trial_id":57,"state":1,"values":[-0.12273224498599716],"datetime_complete":"2026-07-14T11:40:42.018574"}
{"op_code":8,"worker_id":"f9a99333-fd3f-402c-8d64-bdf3d6ed2e62-7108","trial_id":58,"user_attr":{"constraints":[-0.011813212784017405,-0.058080917731373666,-0.2333333333333334,0.06414141414141414,-0.16724107921433942,-110.0,-8.0,-0.004729729729729726,0.0,-1182.0064557135722,0.025694444444444464,-0.051719576719576665]}}
{"op_code":8,"worker_id":"f9a99333-fd3f-402c-8d64-bdf3d6ed2e62-7108","trial_id":58,"user_attr":{"pruned_reasons":["M5 (Monotonicity <= 0.25)","Yearly Daily Win Rate (42.43% < 45%)"]}}
{"op_code":8,"worker_id":"30529ed0-8ddc-4bc4-abed-e59bdcaeffd3-8436","trial_id":60,"user_attr":{"pruned_reasons":["M5 (Monotonicity <= 0.25)","Side-specific Yearly Tail IC Mean (-0.0069 <= 0)","Yearly Daily Win Rate (41.46% < 45%)"]}}
{"op_code":8,"worker_id":"30529ed0-8ddc-4bc4-abed-e59bdcaeffd3-8436","trial_id":60,"user_attr":{"gini":0.3628276932849981}}
{"op_code":8,"worker_id":"30529ed0-8ddc-4bc4-abed-e59bdcaeffd3-8436","trial_id":60,"user_attr":{"cv_is_ics":[0.11818070709705353,0.1111421063542366,0.11881089210510254,0.09538834542036057,0.09718726575374603,0.09365444630384445,0.10990552604198456,0.09327267110347748,0.10423843562602997,0.11354474723339081,0.0696982890367508,0.08445817977190018,0.10517194122076035,0.08826179057359695,0.09574809670448303]}}
{"op_code":5,"worker_id":"88170b36-1b55-4416-bd3f-b3a3301f6d37-19176","trial_id":56,"param_name":"unified_rho","param_value_internal":0.09250219652757868,"distribution":"{\"name\": \"FloatDistribution\", \"attributes\": {\"step\": null, \"low\": 0.0, \"high\": 1.0, \"log\": false}}"}
{"op_code":8,"worker_id":"30529ed0-8ddc-4bc4-abed-e59bdcaeffd3-8436","trial_id":60,"user_attr":{"cv_oos_ics":[0.0032485886476933956,-0.03571880981326103,0.02174125611782074,0.042554404586553574,0.006860219407826662,0.028269194066524506,0.017042359337210655,0.0090481610968709,-0.00501183932647109,0.008682125248014927,0.003300839103758335,-0.0002585431793704629,0.03354542702436447,0.051775574684143066,0.028304938226938248]}}
{"op_code":8,"worker_id":"30529ed0-8ddc-4bc4-abed-e59bdcaeffd3-8436","trial_id":60,"user_attr":{"reg_kappa":2.9684089252570485}}
{"op_code":9,"worker_id":"742e66aa-3105-40ac-ae48-a88cec06f28a-11668","trial_id":48,"system_attr":{"constraints":[-0.02561185841130884,-0.06902031605679022,-0.06666666666666665,0.07020202020202018,-0.11424148888948064,-105.0,-8.0,-0.04094809094809095,-0.16666666666666663,-1188.0440146948272,-0.014583333333333337,-0.051719576719576665]}}
{"op_code":6,"worker_id":"742e66aa-3105-40ac-ae48-a88cec06f28a-11668","trial_id":48,"state":1,"values":[0.04733649051598224],"datetime_complete":"2026-07-14T11:40:42.039808"}
{"op_code":4,"worker_id":"742e66aa-3105-40ac-ae48-a88cec06f28a-11668","study_id":0,"datetime_start":"2026-07-14T11:40:42.041794"}
{"op_code":8,"worker_id":"30529ed0-8ddc-4bc4-abed-e59bdcaeffd3-8436","trial_id":60,"user_attr":{"raw_metrics":[1.1950160363385427,0.048679368588183176,0.8333333333333334,0.0034596347632595468,0.13737373737373737,0.17115499459310538,-0.10721657580182008,-0.15758116543293,0.4145833333333333]}}
{"op_code":8,"worker_id":"30529ed0-8ddc-4bc4-abed-e59bdcaeffd3-8436","trial_id":60,"user_attr":{"val_metrics":[0.028355216373570583,-0.3897402643432073,0.40606060606060607,0.08080925568735794,-3.9516523154274794]}}
{"op_code":5,"worker_id":"742e66aa-3105-40ac-ae48-a88cec06f28a-11668","trial_id":61,"param_name":"k_weight","param_value_internal":0.11563125301400781,"distribution":"{\"name\": \"FloatDistribution\", \"attributes\": {\"step\": null, \"low\": 0.0, \"high\": 1.5, \"log\": false}}"}
{"op_code":8,"worker_id":"30529ed0-8ddc-4bc4-abed-e59bdcaeffd3-8436","trial_id":60,"user_attr":{"deflated_objective":-0.8666316339005328}}
{"op_code":9,"worker_id":"30529ed0-8ddc-4bc4-abed-e59bdcaeffd3-8436","trial_id":60,"system_attr":{"constraints":[-0.0034596347632595468,-0.048679368588183176,-0.2333333333333334,0.11262626262626263,-0.17115499459310538,-108.0,-8.0,0.006939081939081934,0.0,-1184.6665359905144,0.03541666666666671,-0.023015873015872934]}}
{"op_code":4,"worker_id":"92b5dcd6-6c5a-4845-8892-73c7a79b1d08-8896","study_id":0,"datetime_start":"2026-07-14T11:40:42.034255"}
{"op_code":5,"worker_id":"742e66aa-3105-40ac-ae48-a88cec06f28a-11668","trial_id":61,"param_name":"unified_alpha","param_value_internal":0.0002751358316042017,"distribution":"{\"name\": \"FloatDistribution\", \"attributes\": {\"step\": null, \"low\": 1e-05, \"high\": 10.0, \"log\": true}}"}
{"op_code":5,"worker_id":"92b5dcd6-6c5a-4845-8892-73c7a79b1d08-8896","trial_id":62,"param_name":"k_weight","param_value_internal":0.12448614257535114,"distribution":"{\"name\": \"FloatDistribution\", \"attributes\": {\"step\": null, \"low\": 0.0, \"high\": 1.5, \"log\": false}}"}
{"op_code":6,"worker_id":"30529ed0-8ddc-4bc4-abed-e59bdcaeffd3-8436","trial_id":60,"state":1,"values":[-0.3293431106307636],"datetime_complete":"2026-07-14T11:40:42.051678"}
{"op_code":5,"worker_id":"92b5dcd6-6c5a-4845-8892-73c7a79b1d08-8896","trial_id":62,"param_name":"unified_alpha","param_value_internal":0.005773050653998391,"distribution":"{\"name\": \"FloatDistribution\", \"attributes\": {\"step\": null, \"low\": 1e-05, \"high\": 10.0, \"log\": true}}"}
{"op_code":5,"worker_id":"92b5dcd6-6c5a-4845-8892-73c7a79b1d08-8896","trial_id":62,"param_name":"unified_rho","param_value_internal":0.3804345105077044,"distribution":"{\"name\": \"FloatDistribution\", \"attributes\": {\"step\": null, \"low\": 0.0, \"high\": 1.0, \"log\": false}}"}
{"op_code":5,"worker_id":"92b5dcd6-6c5a-4845-8892-73c7a79b1d08-8896","trial_id":62,"param_name":"unified_gamma","param_value_internal":871.3819302110086,"distribution":"{\"name\": \"FloatDistribution\", \"attributes\": {\"step\": null, \"low\": 1.5, \"high\": 10000.0, \"log\": true}}"}
{"op_code":8,"worker_id":"163308e7-48b7-4d1a-89c9-b3543d4a395c-31524","trial_id":59,"user_attr":{"constraints":[-0.01759087808806029,-0.07420020877467685,-0.2333333333333334,0.13484848484848483,-0.18348612686308718,-107.0,-8.0,-0.010435435435435432,0.0,-1186.2711621118774,0.022222222222222254,-0.051719576719576665]}}
{"op_code":5,"worker_id":"742e66aa-3105-40ac-ae48-a88cec06f28a-11668","trial_id":61,"param_name":"unified_rho","param_value_internal":0.4020882304937235,"distribution":"{\"name\": \"FloatDistribution\", \"attributes\": {\"step\": null, \"low\": 0.0, \"high\": 1.0, \"log\": false}}"}
{"op_code":4,"worker_id":"9ae39020-552d-4887-b8f9-bf719b0e75d7-8436","study_id":0,"datetime_start":"2026-07-14T11:40:42.066894"}
{"op_code":5,"worker_id":"742e66aa-3105-40ac-ae48-a88cec06f28a-11668","trial_id":61,"param_name":"unified_gamma","param_value_internal":842.5301635531748,"distribution":"{\"name\": \"FloatDistribution\", \"attributes\": {\"step\": null, \"low\": 1.5, \"high\": 10000.0, \"log\": true}}"}
{"op_code":5,"worker_id":"92b5dcd6-6c5a-4845-8892-73c7a79b1d08-8896","trial_id":62,"param_name":"huber_delta","param_value_internal":0.98645412789045,"distribution":"{\"name\": \"FloatDistribution\", \"attributes\": {\"step\": null, \"low\": 0.5, \"high\": 5.0, \"log\": false}}"}
{"op_code":5,"worker_id":"742e66aa-3105-40ac-ae48-a88cec06f28a-11668","trial_id":61,"param_name":"huber_delta","param_value_internal":1.0208656022683908,"distribution":"{\"name\": \"FloatDistribution\", \"attributes\": {\"step\": null, \"low\": 0.5, \"high\": 5.0, \"log\": false}}"}
{"op_code":5,"worker_id":"9ae39020-552d-4887-b8f9-bf719b0e75d7-8436","trial_id":63,"param_name":"k_weight","param_value_internal":0.13551698564208547,"distribution":"{\"name\": \"FloatDistribution\", \"attributes\": {\"step\": null, \"low\": 0.0, \"high\": 1.5, \"log\": false}}"}
{"op_code":5,"worker_id":"9ae39020-552d-4887-b8f9-bf719b0e75d7-8436","trial_id":63,"param_name":"unified_alpha","param_value_internal":0.010978190245506904,"distribution":"{\"name\": \"FloatDistribution\", \"attributes\": {\"step\": null, \"low\": 1e-05, \"high\": 10.0, \"log\": true}}"}
{"op_code":5,"worker_id":"9ae39020-552d-4887-b8f9-bf719b0e75d7-8436","trial_id":63,"param_name":"unified_rho","param_value_internal":0.39209885106034137,"distribution":"{\"name\": \"FloatDistribution\", \"attributes\": {\"step\": null, \"low\": 0.0, \"high\": 1.0, \"log\": false}}"}
{"op_code":5,"worker_id":"9ae39020-552d-4887-b8f9-bf719b0e75d7-8436","trial_id":63,"param_name":"unified_gamma","param_value_internal":779.2191251866697,"distribution":"{\"name\": \"FloatDistribution\", \"attributes\": {\"step\": null, \"low\": 1.5, \"high\": 10000.0, \"log\": true}}"}
{"op_code":8,"worker_id":"163308e7-48b7-4d1a-89c9-b3543d4a395c-31524","trial_id":59,"user_attr":{"pruned_reasons":["M5 (Monotonicity <= 0.25)","Yearly Daily Win Rate (42.78% < 45%)"]}}
{"op_code":5,"worker_id":"9ae39020-552d-4887-b8f9-bf719b0e75d7-8436","trial_id":63,"param_name":"huber_delta","param_value_internal":0.992995878294223,"distribution":"{\"name\": \"FloatDistribution\", \"attributes\": {\"step\": null, \"low\": 0.5, \"high\": 5.0, \"log\": false}}"}
{"op_code":8,"worker_id":"163308e7-48b7-4d1a-89c9-b3543d4a395c-31524","trial_id":59,"user_attr":{"gini":0.37909710966220866}}
{"op_code":8,"worker_id":"163308e7-48b7-4d1a-89c9-b3543d4a395c-31524","trial_id":59,"user_attr":{"cv_is_ics":[0.11814077943563461,0.1110558956861496,0.11744479835033417,0.09530900418758392,0.09727262705564499,0.0917845219373703,0.10942283272743225,0.09141435474157333,0.10194957256317139,0.11275997012853622,0.0667099580168724,0.0855993703007698,0.1031336560845375,0.08649766445159912,0.09248321503400803]}}
{"op_code":8,"worker_id":"163308e7-48b7-4d1a-89c9-b3543d4a395c-31524","trial_id":59,"user_attr":{"cv_oos_ics":[0.001968970987945795,-0.039381980895996094,0.019521430134773254,0.04322183504700661,0.011644406244158745,0.02812938764691353,0.017235271632671356,0.009493493475019932,-0.001066348748281598,0.008357522077858448,0.0030525466427206993,-0.001023352611809969,0.03313383460044861,0.0507698729634285,0.031244730576872826]}}
{"op_code":8,"worker_id":"163308e7-48b7-4d1a-89c9-b3543d4a395c-31524","trial_id":59,"user_attr":{"reg_kappa":2.972726743103161}}
{"op_code":8,"worker_id":"163308e7-48b7-4d1a-89c9-b3543d4a395c-31524","trial_id":59,"user_attr":{"raw_metrics":[0.8318367226869674,0.07420020877467685,0.8333333333333334,0.01759087808806029,0.11515151515151516,0.18348612686308718,-0.10825413511068226,-0.16424722969532013,0.42777777777777776]}}
{"op_code":8,"worker_id":"163308e7-48b7-4d1a-89c9-b3543d4a395c-31524","trial_id":59,"user_attr":{"val_metrics":[0.03207080629269399,-0.1974810044173782,0.38181818181818183,0.10153561941536982,-4.594133182594641]}}
{"op_code":8,"worker_id":"f9a99333-fd3f-402c-8d64-bdf3d6ed2e62-7108","trial_id":58,"user_attr":{"gini":0.3755231985326326}}
{"op_code":8,"worker_id":"f9a99333-fd3f-402c-8d64-bdf3d6ed2e62-7108","trial_id":58,"user_attr":{"cv_is_ics":[0.11795305460691452,0.11063870787620544,0.11644895374774933,0.09641242772340775,0.09788256138563156,0.09141510725021362,0.10975371301174164,0.09215735644102097,0.10224605351686478,0.11322856694459915,0.06769772619009018,0.08556288480758667,0.1033513993024826,0.08591281622648239,0.09334311634302139]}}
{"op_code":8,"worker_id":"163308e7-48b7-4d1a-89c9-b3543d4a395c-31524","trial_id":59,"user_attr":{"deflated_objective":-1.0471437943653519}}
{"op_code":9,"worker_id":"163308e7-48b7-4d1a-89c9-b3543d4a395c-31524","trial_id":59,"system_attr":{"constraints":[-0.01759087808806029,-0.07420020877467685,-0.2333333333333334,0.13484848484848483,-0.18348612686308718,-107.0,-8.0,-0.010435435435435432,0.0,-1186.2711621118774,0.022222222222222254,-0.051719576719576665]}}
{"op_code":5,"worker_id":"88170b36-1b55-4416-bd3f-b3a3301f6d37-19176","trial_id":56,"param_name":"unified_gamma","param_value_internal":2236.1619575150353,"distribution":"{\"name\": \"FloatDistribution\", \"attributes\": {\"step\": null, \"low\": 1.5, \"high\": 10000.0, \"log\": true}}"}
{"op_code":8,"worker_id":"f9a99333-fd3f-402c-8d64-bdf3d6ed2e62-7108","trial_id":58,"user_attr":{"cv_oos_ics":[0.002288875402882695,-0.037628840655088425,0.019713344052433968,0.043789319694042206,0.011571086011826992,0.027813468128442764,0.01572885736823082,0.00970932561904192,-0.0025109737180173397,0.007541317492723465,0.0029086109716445208,-3.9578746509505436e-05,0.032594967633485794,0.05125478655099869,0.032307662069797516]}}
{"op_code":8,"worker_id":"f9a99333-fd3f-402c-8d64-bdf3d6ed2e62-7108","trial_id":58,"user_attr":{"reg_kappa":2.962015813527393}}
{"op_code":6,"worker_id":"163308e7-48b7-4d1a-89c9-b3543d4a395c-31524","trial_id":59,"state":1,"values":[-0.5114844369414125],"datetime_complete":"2026-07-14T11:40:42.103326"}
{"op_code":8,"worker_id":"f9a99333-fd3f-402c-8d64-bdf3d6ed2e62-7108","trial_id":58,"user_attr":{"raw_metrics":[1.0765357135753244,0.058080917731373666,0.8333333333333334,0.011813212784017405,0.18585858585858586,0.16724107921433942,-0.10557900019251541,-0.1550171971321106,0.42430555555555555]}}
{"op_code":8,"worker_id":"f9a99333-fd3f-402c-8d64-bdf3d6ed2e62-7108","trial_id":58,"user_attr":{"val_metrics":[0.03075580214814499,-0.26045279496020834,0.34545454545454546,0.10153561941536982,-4.217796338116796]}}
{"op_code":8,"worker_id":"92b5dcd6-6c5a-4845-8892-73c7a79b1d08-8896","trial_id":62,"user_attr":{"constraints":[0.0049291380433386595,-0.012213013213527886,-0.06666666666666665,0.1712121212121212,-0.06323476067847678,-115.0,-7.0,-0.023316173316173316,0.0,-1175.6027242672612,0.04236111111111113,0.005423280423280441]}}
{"op_code":4,"worker_id":"163308e7-48b7-4d1a-89c9-b3543d4a395c-31524","study_id":0,"datetime_start":"2026-07-14T11:40:42.110573"}
{"op_code":8,"worker_id":"80b1932d-baa0-40dc-9bc4-e6ada706a02d-19068","trial_id":42,"user_attr":{"pruned_reasons":["Side-specific Yearly Tail IC Mean (-0.0437 <= 0)","Yearly Daily Win Rate (44.10% < 45%)"]}}
{"op_code":8,"worker_id":"742e66aa-3105-40ac-ae48-a88cec06f28a-11668","trial_id":61,"user_attr":{"constraints":[-0.006129864497879636,-0.05010899266218415,-0.2333333333333334,0.13080808080808082,-0.16344770153984428,-114.0,-8.0,0.021267696267696267,0.0,-1175.0448436434774,0.05902777777777779,-0.027645502645502584]}}
{"op_code":5,"worker_id":"163308e7-48b7-4d1a-89c9-b3543d4a395c-31524","trial_id":64,"param_name":"k_weight","param_value_internal":0.11420700988697445,"distribution":"{\"name\": \"FloatDistribution\", \"attributes\": {\"step\": null, \"low\": 0.0, \"high\": 1.5, \"log\": false}}"}
{"op_code":8,"worker_id":"742e66aa-3105-40ac-ae48-a88cec06f28a-11668","trial_id":61,"user_attr":{"pruned_reasons":["M5 (Monotonicity <= 0.25)","Side-specific Yearly Tail IC Mean (-0.0213 <= 0)","Yearly Daily Win Rate (39.10% < 45%)"]}}
{"op_code":5,"worker_id":"163308e7-48b7-4d1a-89c9-b3543d4a395c-31524","trial_id":64,"param_name":"unified_alpha","param_value_internal":0.005928529555811528,"distribution":"{\"name\": \"FloatDistribution\", \"attributes\": {\"step\": null, \"low\": 1e-05, \"high\": 10.0, \"log\": true}}"}
{"op_code":8,"worker_id":"80b1932d-baa0-40dc-9bc4-e6ada706a02d-19068","trial_id":42,"user_attr":{"gini":0.3724332944762163}}
{"op_code":8,"worker_id":"80b1932d-baa0-40dc-9bc4-e6ada706a02d-19068","trial_id":42,"user_attr":{"cv_is_ics":[0.11834350228309631,0.11059430986642838,0.11727429181337357,0.10304559767246246,0.10089881718158722,0.09143606573343277,0.11059019714593887,0.09253900498151779,0.10237050801515579,0.11234913766384125,0.06799442321062088,0.08356204628944397,0.10596444457769394,0.08458064496517181,0.09255210310220718]}}
{"op_code":8,"worker_id":"80b1932d-baa0-40dc-9bc4-e6ada706a02d-19068","trial_id":42,"user_attr":{"cv_oos_ics":[0.00325684598647058,-0.01864471659064293,0.02563079260289669,0.04806795343756676,0.018445542082190514,0.034188639372587204,0.014500207267701626,0.022477179765701294,0.0035710581578314304,0.014473151415586472,0.007719706743955612,0.016011454164981842,0.03530625253915787,0.04918615520000458,0.033636823296546936]}}
{"op_code":5,"worker_id":"163308e7-48b7-4d1a-89c9-b3543d4a395c-31524","trial_id":64,"param_name":"unified_rho","param_value_internal":0.38334411405491386,"distribution":"{\"name\": \"FloatDistribution\", \"attributes\": {\"step\": null, \"low\": 0.0, \"high\": 1.0, \"log\": false}}"}
{"op_code":8,"worker_id":"80b1932d-baa0-40dc-9bc4-e6ada706a02d-19068","trial_id":42,"user_attr":{"reg_kappa":2.9315094151988554}}
{"op_code":8,"worker_id":"f9a99333-fd3f-402c-8d64-bdf3d6ed2e62-7108","trial_id":58,"user_attr":{"deflated_objective":-0.9204053708393662}}
{"op_code":9,"worker_id":"f9a99333-fd3f-402c-8d64-bdf3d6ed2e62-7108","trial_id":58,"system_attr":{"constraints":[-0.011813212784017405,-0.058080917731373666,-0.2333333333333334,0.06414141414141414,-0.16724107921433942,-110.0,-8.0,-0.004729729729729726,0.0,-1182.0064557135722,0.025694444444444464,-0.051719576719576665]}}
{"op_code":6,"worker_id":"f9a99333-fd3f-402c-8d64-bdf3d6ed2e62-7108","trial_id":58,"state":1,"values":[-0.38990627943038286],"datetime_complete":"2026-07-14T11:40:42.138316"}
{"op_code":8,"worker_id":"80b1932d-baa0-40dc-9bc4-e6ada706a02d-19068","trial_id":42,"user_attr":{"raw_metrics":[0.5818012111694223,0.07971256200739484,0.6666666666666666,0.02794133370439414,0.2767676767676768,0.19327190731445118,-0.1005183970913697,-0.13415232300758362,0.44097222222222227]}}
{"op_code":8,"worker_id":"9ae39020-552d-4887-b8f9-bf719b0e75d7-8436","trial_id":63,"user_attr":{"constraints":[0.0024057083864618156,0.0018658969295048122,0.26666666666666666,0.18535353535353538,-0.007973751129789486,-115.0,-6.0,-0.04832689832689833,0.0,-1176.3072463294877,0.0625,0.0007936507936508463]}}
{"op_code":5,"worker_id":"163308e7-48b7-4d1a-89c9-b3543d4a395c-31524","trial_id":64,"param_name":"unified_gamma","param_value_internal":788.0002973862354,"distribution":"{\"name\": \"FloatDistribution\", \"attributes\": {\"step\": null, \"low\": 1.5, \"high\": 10000.0, \"log\": true}}"}
{"op_code":8,"worker_id":"9ae39020-552d-4887-b8f9-bf719b0e75d7-8436","trial_id":63,"user_attr":{"pruned_reasons":["M4 (Overall IC <= 0)","M2 (Yearly Tail IC Mean <= 0)","M3 (Hit Rate < 60%)","M5 (Monotonicity <= 0.25)","Yearly Daily Win Rate (38.75% < 45%)","Side-specific Yearly Daily Win Rate (44.92% < 45%)"]}}
{"op_code":8,"worker_id":"80b1932d-baa0-40dc-9bc4-e6ada706a02d-19068","trial_id":42,"user_attr":{"val_metrics":[0.03368467501554958,-0.2225314864932408,0.28484848484848485,0.13679307113752526,-4.2508755545025165]}}
{"op_code":8,"worker_id":"9ae39020-552d-4887-b8f9-bf719b0e75d7-8436","trial_id":63,"user_attr":{"gini":0.5312222035951477}}
{"op_code":5,"worker_id":"163308e7-48b7-4d1a-89c9-b3543d4a395c-31524","trial_id":64,"param_name":"huber_delta","param_value_internal":1.7203703710240066,"distribution":"{\"name\": \"FloatDistribution\", \"attributes\": {\"step\": null, \"low\": 0.5, \"high\": 5.0, \"log\": false}}"}
{"op_code":8,"worker_id":"80b1932d-baa0-40dc-9bc4-e6ada706a02d-19068","trial_id":42,"user_attr":{"deflated_objective":-0.9187551857777991}}
{"op_code":9,"worker_id":"80b1932d-baa0-40dc-9bc4-e6ada706a02d-19068","trial_id":42,"system_attr":{"constraints":[-0.02794133370439414,-0.07971256200739484,-0.06666666666666665,-0.026767676767676774,-0.19327190731445118,-116.0,-8.0,0.04372586872586873,-0.16666666666666663,-1169.7248359522328,0.009027777777777746,-0.051719576719576665]}}
{"op_code":4,"worker_id":"53ce617b-5c4e-48d3-aeea-10af6bc4afa1-7108","study_id":0,"datetime_start":"2026-07-14T11:40:42.149822"}
{"op_code":6,"worker_id":"80b1932d-baa0-40dc-9bc4-e6ada706a02d-19068","trial_id":42,"state":1,"values":[-0.39373716137136666],"datetime_complete":"2026-07-14T11:40:42.154890"}
{"op_code":5,"worker_id":"53ce617b-5c4e-48d3-aeea-10af6bc4afa1-7108","trial_id":65,"param_name":"k_weight","param_value_internal":0.09666701240515205,"distribution":"{\"name\": \"FloatDistribution\", \"attributes\": {\"step\": null, \"low\": 0.0, \"high\": 1.5, \"log\": false}}"}
{"op_code":8,"worker_id":"9ae39020-552d-4887-b8f9-bf719b0e75d7-8436","trial_id":63,"user_attr":{"cv_is_ics":[0.11166373640298843,0.11091338843107224,0.11109788715839386,0.09710773825645447,0.09308131784200668,0.09016072750091553,0.11466286331415176,0.09683313220739365,0.10278991609811783,0.11713559925556183,0.06040923297405243,0.07773596793413162,0.10533447563648224,0.0905173197388649,0.08794765919446945]}}
{"op_code":5,"worker_id":"53ce617b-5c4e-48d3-aeea-10af6bc4afa1-7108","trial_id":65,"param_name":"unified_alpha","param_value_internal":0.0036079910587069083,"distribution":"{\"name\": \"FloatDistribution\", \"attributes\": {\"step\": null, \"low\": 1e-05, \"high\": 10.0, \"log\": true}}"}
{"op_code":8,"worker_id":"9ae39020-552d-4887-b8f9-bf719b0e75d7-8436","trial_id":63,"user_attr":{"cv_oos_ics":[0.015361106023192406,-0.03616983816027641,0.024978455156087875,0.04134070500731468,0.006729097105562687,0.02865999937057495,0.007923868484795094,0.0018976451829075813,-0.013534940779209137,-0.016306016594171524,0.0002220965689048171,-0.027490712702274323,0.028095657005906105,0.041766416281461716,0.025043250992894173]}}
{"op_code":5,"worker_id":"53ce617b-5c4e-48d3-aeea-10af6bc4afa1-7108","trial_id":65,"param_name":"unified_rho","param_value_internal":0.39981439654916595,"distribution":"{\"name\": \"FloatDistribution\", \"attributes\": {\"step\": null, \"low\": 0.0, \"high\": 1.0, \"log\": false}}"}
{"op_code":4,"worker_id":"ee427f6f-6664-4d15-a59c-583a5aee3739-19068","study_id":0,"datetime_start":"2026-07-14T11:40:42.165334"}
{"op_code":5,"worker_id":"53ce617b-5c4e-48d3-aeea-10af6bc4afa1-7108","trial_id":65,"param_name":"unified_gamma","param_value_internal":782.828040273986,"distribution":"{\"name\": \"FloatDistribution\", \"attributes\": {\"step\": null, \"low\": 1.5, \"high\": 10000.0, \"log\": true}}"}
{"op_code":8,"worker_id":"9ae39020-552d-4887-b8f9-bf719b0e75d7-8436","trial_id":63,"user_attr":{"reg_kappa":2.919533608256411}}
{"op_code":5,"worker_id":"53ce617b-5c4e-48d3-aeea-10af6bc4afa1-7108","trial_id":65,"param_name":"huber_delta","param_value_internal":1.689232541275127,"distribution":"{\"name\": \"FloatDistribution\", \"attributes\": {\"step\": null, \"low\": 0.5, \"high\": 5.0, \"log\": false}}"}
{"op_code":8,"worker_id":"9ae39020-552d-4887-b8f9-bf719b0e75d7-8436","trial_id":63,"user_attr":{"raw_metrics":[-0.01743139259644043,-0.0018658969295048122,0.3333333333333333,-0.0024057083864618156,0.06464646464646463,0.007973751129789486,-0.08675325553656778,-0.10240691900253296,0.3875]}}
{"op_code":5,"worker_id":"88170b36-1b55-4416-bd3f-b3a3301f6d37-19176","trial_id":56,"param_name":"huber_delta","param_value_internal":2.248377701067691,"distribution":"{\"name\": \"FloatDistribution\", \"attributes\": {\"step\": null, \"low\": 0.5, \"high\": 5.0, \"log\": false}}"}
{"op_code":8,"worker_id":"9ae39020-552d-4887-b8f9-bf719b0e75d7-8436","trial_id":63,"user_attr":{"val_metrics":[0.01086988051570382,-0.3497786360056566,0.21212121212121213,0.04254597207139908,-6.534417888506414]}}
{"op_code":5,"worker_id":"ee427f6f-6664-4d15-a59c-583a5aee3739-19068","trial_id":66,"param_name":"k_weight","param_value_internal":0.10116288922329643,"distribution":"{\"name\": \"FloatDistribution\", \"attributes\": {\"step\": null, \"low\": 0.0, \"high\": 1.5, \"log\": false}}"}
{"op_code":5,"worker_id":"ee427f6f-6664-4d15-a59c-583a5aee3739-19068","trial_id":66,"param_name":"unified_alpha","param_value_internal":0.005586031656725923,"distribution":"{\"name\": \"FloatDistribution\", \"attributes\": {\"step\": null, \"low\": 1e-05, \"high\": 10.0, \"log\": true}}"}
{"op_code":8,"worker_id":"9ae39020-552d-4887-b8f9-bf719b0e75d7-8436","trial_id":63,"user_attr":{"deflated_objective":-1.9157477210199447}}
{"op_code":5,"worker_id":"ee427f6f-6664-4d15-a59c-583a5aee3739-19068","trial_id":66,"param_name":"unified_rho","param_value_internal":0.12151850076768689,"distribution":"{\"name\": \"FloatDistribution\", \"attributes\": {\"step\": null, \"low\": 0.0, \"high\": 1.0, \"log\": false}}"}
{"op_code":9,"worker_id":"9ae39020-552d-4887-b8f9-bf719b0e75d7-8436","trial_id":63,"system_attr":{"constraints":[0.0024057083864618156,0.0018658969295048122,0.26666666666666666,0.18535353535353538,-0.007973751129789486,-115.0,-6.0,-0.04832689832689833,0.0,-1176.3072463294877,0.0625,0.0007936507936508463]}}
{"op_code":6,"worker_id":"9ae39020-552d-4887-b8f9-bf719b0e75d7-8436","trial_id":63,"state":1,"values":[-1.3676071614032168],"datetime_complete":"2026-07-14T11:40:42.185780"}
{"op_code":5,"worker_id":"cf6efe7e-bc2f-4034-a28d-a33452438896-22852","trial_id":28,"param_name":"unified_rho","param_value_internal":0.51189798245863,"distribution":"{\"name\": \"FloatDistribution\", \"attributes\": {\"step\": null, \"low\": 0.0, \"high\": 1.0, \"log\": false}}"}
{"op_code":5,"worker_id":"ee427f6f-6664-4d15-a59c-583a5aee3739-19068","trial_id":66,"param_name":"unified_gamma","param_value_internal":789.7303634076629,"distribution":"{\"name\": \"FloatDistribution\", \"attributes\": {\"step\": null, \"low\": 1.5, \"high\": 10000.0, \"log\": true}}"}
{"op_code":8,"worker_id":"163308e7-48b7-4d1a-89c9-b3543d4a395c-31524","trial_id":64,"user_attr":{"constraints":[-0.04692796105890704,-0.10324345802205837,-0.2333333333333334,0.08030303030303032,-0.32077735097302745,-115.0,-7.0,0.036357786357786366,0.16666666666666669,-1174.9733982207838,-0.028472222222222177,-0.08015873015873015]}}
{"op_code":5,"worker_id":"ee427f6f-6664-4d15-a59c-583a5aee3739-19068","trial_id":66,"param_name":"huber_delta","param_value_internal":1.800328038804421,"distribution":"{\"name\": \"FloatDistribution\", \"attributes\": {\"step\": null, \"low\": 0.5, \"high\": 5.0, \"log\": false}}"}
{"op_code":8,"worker_id":"163308e7-48b7-4d1a-89c9-b3543d4a395c-31524","trial_id":64,"user_attr":{"pruned_reasons":["M5 (Monotonicity <= 0.25)","Side-specific Yearly Tail IC Mean (-0.0364 <= 0)","Side-specific Hit Rate (33.33% < 50%)"]}}
{"op_code":8,"worker_id":"163308e7-48b7-4d1a-89c9-b3543d4a395c-31524","trial_id":64,"user_attr":{"gini":0.47006568730008835}}
{"op_code":4,"worker_id":"9ae39020-552d-4887-b8f9-bf719b0e75d7-8436","study_id":0,"datetime_start":"2026-07-14T11:40:42.188009"}
{"op_code":8,"worker_id":"163308e7-48b7-4d1a-89c9-b3543d4a395c-31524","trial_id":64,"user_attr":{"cv_is_ics":[0.11563553661108017,0.11005527526140213,0.11207666248083115,0.10394792258739471,0.10008233785629272,0.0923067107796669,0.10832978785037994,0.09061861783266068,0.10051535069942474,0.11114560812711716,0.06513281911611557,0.07864678651094437,0.10565085709095001,0.0821571871638298,0.0885341465473175]}}
{"op_code":5,"worker_id":"9ae39020-552d-4887-b8f9-bf719b0e75d7-8436","trial_id":67,"param_name":"k_weight","param_value_internal":0.36479941336008226,"distribution":"{\"name\": \"FloatDistribution\", \"attributes\": {\"step\": null, \"low\": 0.0, \"high\": 1.5, \"log\": false}}"}
{"op_code":8,"worker_id":"163308e7-48b7-4d1a-89c9-b3543d4a395c-31524","trial_id":64,"user_attr":{"cv_oos_ics":[-0.0003479511942714453,-0.01764869876205921,0.02590513974428177,0.05166022107005119,0.030477620661258698,0.03739821910858154,0.017609845846891403,0.03764054551720619,0.01118513010442257,0.015214042738080025,0.007718994747847319,0.027849484235048294,0.044666633009910583,0.05184163525700569,0.04470478370785713]}}
{"op_code":8,"worker_id":"163308e7-48b7-4d1a-89c9-b3543d4a395c-31524","trial_id":64,"user_attr":{"reg_kappa":2.929014193767075}}
{"op_code":8,"worker_id":"163308e7-48b7-4d1a-89c9-b3543d4a395c-31524","trial_id":64,"user_attr":{"raw_metrics":[0.7211870395831431,0.10324345802205837,0.8333333333333334,0.04692796105890704,0.16969696969696968,0.32077735097302745,-0.09410940838596307,-0.14913322031497955,0.4784722222222222]}}
{"op_code":8,"worker_id":"163308e7-48b7-4d1a-89c9-b3543d4a395c-31524","trial_id":64,"user_attr":{"val_metrics":[0.03756200341234479,-0.2841095510944377,0.296969696969697,0.09037242989406746,-4.316410963487518]}}
{"op_code":8,"worker_id":"53ce617b-5c4e-48d3-aeea-10af6bc4afa1-7108","trial_id":65,"user_attr":{"constraints":[-0.04325369633226342,-0.09843081760882372,-0.2333333333333334,0.07828282828282829,-0.31213631755672394,-115.0,-8.0,0.03906048906048908,0.16666666666666669,-1173.9254447170704,-0.03194444444444444,-0.08015873015873015]}}
{"op_code":5,"worker_id":"9ae39020-552d-4887-b8f9-bf719b0e75d7-8436","trial_id":67,"param_name":"unified_alpha","param_value_internal":0.00040086395027395425,"distribution":"{\"name\": \"FloatDistribution\", \"attributes\": {\"step\": null, \"low\": 1e-05, \"high\": 10.0, \"log\": true}}"}
{"op_code":5,"worker_id":"cf6efe7e-bc2f-4034-a28d-a33452438896-22852","trial_id":28,"param_name":"unified_gamma","param_value_internal":323.3398288040007,"distribution":"{\"name\": \"FloatDistribution\", \"attributes\": {\"step\": null, \"low\": 1.5, \"high\": 10000.0, \"log\": true}}"}
{"op_code":8,"worker_id":"53ce617b-5c4e-48d3-aeea-10af6bc4afa1-7108","trial_id":65,"user_attr":{"pruned_reasons":["M5 (Monotonicity <= 0.25)","Side-specific Yearly Tail IC Mean (-0.0391 <= 0)","Side-specific Hit Rate (33.33% < 50%)"]}}
{"op_code":5,"worker_id":"cf6efe7e-bc2f-4034-a28d-a33452438896-22852","trial_id":28,"param_name":"huber_delta","param_value_internal":2.718450426250363,"distribution":"{\"name\": \"FloatDistribution\", \"attributes\": {\"step\": null, \"low\": 0.5, \"high\": 5.0, \"log\": false}}"}
{"op_code":8,"worker_id":"53ce617b-5c4e-48d3-aeea-10af6bc4afa1-7108","trial_id":65,"user_attr":{"gini":0.4437554701912161}}
{"op_code":8,"worker_id":"163308e7-48b7-4d1a-89c9-b3543d4a395c-31524","trial_id":64,"user_attr":{"deflated_objective":-0.9977331360591406}}
{"op_code":8,"worker_id":"53ce617b-5c4e-48d3-aeea-10af6bc4afa1-7108","trial_id":65,"user_attr":{"cv_is_ics":[0.1164449155330658,0.11090435832738876,0.11316634714603424,0.10280640423297882,0.10014890879392624,0.09214098751544952,0.1078038141131401,0.09056724607944489,0.10100729763507843,0.11068441718816757,0.06646119058132172,0.07818606495857239,0.10588181018829346,0.0821305364370346,0.08831794559955597]}}
{"op_code":8,"worker_id":"53ce617b-5c4e-48d3-aeea-10af6bc4afa1-7108","trial_id":65,"user_attr":{"cv_oos_ics":[0.0006412324728444219,-0.014650965109467506,0.02517165057361126,0.0513341948390007,0.03058183565735817,0.03715590387582779,0.01824937015771866,0.03780483826994896,0.010297882370650768,0.01709389127790928,0.008924438618123531,0.02880336157977581,0.045560572296381,0.051080524921417236,0.044284794479608536]}}
{"op_code":8,"worker_id":"88170b36-1b55-4416-bd3f-b3a3301f6d37-19176","trial_id":56,"user_attr":{"constraints":[-0.047050263448194525,-0.07675707454314873,-0.06666666666666665,0.06414141414141414,-0.2615461523629104,-115.0,-8.0,0.11495066495066496,0.16666666666666669,-1172.7311206871993,-0.028472222222222232,-0.0847883597883598]}}
{"op_code":9,"worker_id":"163308e7-48b7-4d1a-89c9-b3543d4a395c-31524","trial_id":64,"system_attr":{"constraints":[-0.04692796105890704,-0.10324345802205837,-0.2333333333333334,0.08030303030303032,-0.32077735097302745,-115.0,-7.0,0.036357786357786366,0.16666666666666669,-1174.9733982207838,-0.028472222222222177,-0.08015873015873015]}}
{"op_code":6,"worker_id":"163308e7-48b7-4d1a-89c9-b3543d4a395c-31524","trial_id":64,"state":1,"values":[-0.4429826967491206],"datetime_complete":"2026-07-14T11:40:42.226957"}
{"op_code":8,"worker_id":"98e825c3-e87b-4a7a-80e2-13bd297bfcb3-24340","trial_id":46,"user_attr":{"raw_metrics":[0.7805603298629238,0.09786433593424475,0.6666666666666666,0.032745132752493,0.22626262626262625,0.27639593412789204,-0.10069027430148227,-0.14067821204662323,0.4479166666666667]}}
{"op_code":8,"worker_id":"88170b36-1b55-4416-bd3f-b3a3301f6d37-19176","trial_id":56,"user_attr":{"pruned_reasons":["M5 (Monotonicity <= 0.25)","Side-specific Yearly Tail IC Mean (-0.1150 <= 0)","Side-specific Hit Rate (33.33% < 50%)"]}}
{"op_code":5,"worker_id":"9ae39020-552d-4887-b8f9-bf719b0e75d7-8436","trial_id":67,"param_name":"unified_rho","param_value_internal":0.14405961724904967,"distribution":"{\"name\": \"FloatDistribution\", \"attributes\": {\"step\": null, \"low\": 0.0, \"high\": 1.0, \"log\": false}}"}
{"op_code":8,"worker_id":"98e825c3-e87b-4a7a-80e2-13bd297bfcb3-24340","trial_id":46,"user_attr":{"val_metrics":[0.03437733762644838,-0.3524342633465307,0.16363636363636364,0.12049773743416628,-4.4921382039376185]}}
{"op_code":8,"worker_id":"88170b36-1b55-4416-bd3f-b3a3301f6d37-19176","trial_id":56,"user_attr":{"gini":0.42263481334124653}}
{"op_code":8,"worker_id":"88170b36-1b55-4416-bd3f-b3a3301f6d37-19176","trial_id":56,"user_attr":{"cv_is_ics":[0.11615106463432312,0.11191035807132721,0.1085914745926857,0.10141589492559433,0.09745263308286667,0.09380721300840378,0.10555604845285416,0.09080875664949417,0.09987998753786087,0.1114373654127121,0.0705459862947464,0.07403826713562012,0.10782012343406677,0.08025427162647247,0.08671820908784866]}}
{"op_code":8,"worker_id":"88170b36-1b55-4416-bd3f-b3a3301f6d37-19176","trial_id":56,"user_attr":{"cv_oos_ics":[-0.003962287213653326,-0.012387574650347233,0.028034845367074013,0.052070245146751404,0.03770657628774643,0.03776595741510391,0.022917529568076134,0.04878481477499008,0.017617391422390938,0.00870291143655777,0.00820419006049633,0.03938768431544304,0.05206117033958435,0.05400679260492325,0.05653086304664612]}}
{"op_code":8,"worker_id":"ee427f6f-6664-4d15-a59c-583a5aee3739-19068","trial_id":66,"user_attr":{"constraints":[-0.0432989819423119,-0.0889477682198594,-0.2333333333333334,0.08434343434343436,-0.28110521130315547,-114.0,-8.0,0.13120978120978122,0.16666666666666669,-1174.2000803437465,-0.025000000000000022,-0.0847883597883598]}}
{"op_code":8,"worker_id":"88170b36-1b55-4416-bd3f-b3a3301f6d37-19176","trial_id":56,"user_attr":{"reg_kappa":2.938930887507587}}
{"op_code":8,"worker_id":"ee427f6f-6664-4d15-a59c-583a5aee3739-19068","trial_id":66,"user_attr":{"pruned_reasons":["M5 (Monotonicity <= 0.25)","Side-specific Yearly Tail IC Mean (-0.1312 <= 0)","Side-specific Hit Rate (33.33% < 50%)"]}}
{"op_code":8,"worker_id":"88170b36-1b55-4416-bd3f-b3a3301f6d37-19176","trial_id":56,"user_attr":{"raw_metrics":[0.5562508358144804,0.07675707454314873,0.6666666666666666,0.047050263448194525,0.18585858585858586,0.2615461523629104,-0.10114474748775859,-0.1672959327697754,0.47847222222222224]}}
{"op_code":8,"worker_id":"98e825c3-e87b-4a7a-80e2-13bd297bfcb3-24340","trial_id":46,"user_attr":{"deflated_objective":-1.100979474674584}}
{"op_code":8,"worker_id":"92b5dcd6-6c5a-4845-8892-73c7a79b1d08-8896","trial_id":62,"user_attr":{"pruned_reasons":["M4 (Overall IC <= 0)","M5 (Monotonicity <= 0.25)","Yearly Daily Win Rate (40.76% < 45%)","Side-specific Yearly Daily Win Rate (44.46% < 45%)"]}}
{"op_code":8,"worker_id":"88170b36-1b55-4416-bd3f-b3a3301f6d37-19176","trial_id":56,"user_attr":{"val_metrics":[0.04499142522366038,-0.36360608179171033,0.24848484848484848,0.1467597104264828,-3.7095897698655214]}}
{"op_code":9,"worker_id":"98e825c3-e87b-4a7a-80e2-13bd297bfcb3-24340","trial_id":46,"system_attr":{"constraints":[-0.032745132752493,-0.09786433593424475,-0.06666666666666665,0.02373737373737375,-0.27639593412789204,-116.0,-8.0,0.042653367653367656,0.0,-1170.9398915011097,0.002083333333333326,-0.051719576719576665]}}
{"op_code":6,"worker_id":"98e825c3-e87b-4a7a-80e2-13bd297bfcb3-24340","trial_id":46,"state":1,"values":[-0.5542552777307939],"datetime_complete":"2026-07-14T11:40:42.253260"}
{"op_code":8,"worker_id":"ee427f6f-6664-4d15-a59c-583a5aee3739-19068","trial_id":66,"user_attr":{"gini":0.42760520444382566}}
{"op_code":8,"worker_id":"92b5dcd6-6c5a-4845-8892-73c7a79b1d08-8896","trial_id":62,"user_attr":{"gini":0.4556249531466354}}
{"op_code":8,"worker_id":"ee427f6f-6664-4d15-a59c-583a5aee3739-19068","trial_id":66,"user_attr":{"cv_is_ics":[0.11751502007246017,0.11140769720077515,0.11235175281763077,0.1023389995098114,0.09907830506563187,0.09284982085227966,0.10751569271087646,0.08962971717119217,0.10078227519989014,0.11000978946685791,0.06770088523626328,0.07689458131790161,0.10663436353206635,0.08068482577800751,0.08850298076868057]}}
{"op_code":8,"worker_id":"ee427f6f-6664-4d15-a59c-583a5aee3739-19068","trial_id":66,"user_attr":{"cv_oos_ics":[-0.0012457335833460093,-0.0126418462023139,0.024345053359866142,0.05319923534989357,0.033438194543123245,0.03746940195560455,0.019568994641304016,0.04257863759994507,0.012335333973169327,0.015751630067825317,0.009528085589408875,0.03316926583647728,0.04829663410782814,0.0534944012761116,0.045652396976947784]}}
{"op_code":8,"worker_id":"ee427f6f-6664-4d15-a59c-583a5aee3739-19068","trial_id":66,"user_attr":{"reg_kappa":2.9217496428256804}}
{"op_code":8,"worker_id":"92b5dcd6-6c5a-4845-8892-73c7a79b1d08-8896","trial_id":62,"user_attr":{"cv_is_ics":[0.11558756232261658,0.1112561747431755,0.11497563123703003,0.0974065437912941,0.09634055942296982,0.0906362235546112,0.11332299560308456,0.09634910523891449,0.10311466455459595,0.11481869220733643,0.06651662290096283,0.08324749767780304,0.10549516975879669,0.09017321467399597,0.09269827604293823]}}
{"op_code":8,"worker_id":"92b5dcd6-6c5a-4845-8892-73c7a79b1d08-8896","trial_id":62,"user_attr":{"cv_oos_ics":[0.009674154222011566,-0.037378840148448944,0.024008065462112427,0.042664315551519394,0.007834311574697495,0.031731054186820984,0.011174309998750687,0.007508290931582451,-0.011837895028293133,-0.0056851026602089405,0.0024521739687770605,-0.015140436589717865,0.029945040121674538,0.04621731862425804,0.02668035961687565]}}
{"op_code":4,"worker_id":"ed486795-cc07-46ac-bde4-d5fb36fea45f-24340","study_id":0,"datetime_start":"2026-07-14T11:40:42.264896"}
{"op_code":8,"worker_id":"ee427f6f-6664-4d15-a59c-583a5aee3739-19068","trial_id":66,"user_attr":{"raw_metrics":[0.6712207713734522,0.0889477682198594,0.8333333333333334,0.0432989819423119,0.16565656565656564,0.28110521130315547,-0.10164419841859787,-0.15941955149173737,0.47500000000000003]}}
{"op_code":5,"worker_id":"ed486795-cc07-46ac-bde4-d5fb36fea45f-24340","trial_id":68,"param_name":"k_weight","param_value_internal":0.36103222903083965,"distribution":"{\"name\": \"FloatDistribution\", \"attributes\": {\"step\": null, \"low\": 0.0, \"high\": 1.5, \"log\": false}}"}
{"op_code":8,"worker_id":"92b5dcd6-6c5a-4845-8892-73c7a79b1d08-8896","trial_id":62,"user_attr":{"reg_kappa":2.9309251773187954}}
{"op_code":4,"worker_id":"4ab4a9bc-3aa5-49d0-b557-75e859f473df-31524","study_id":0,"datetime_start":"2026-07-14T11:40:42.237044"}
{"op_code":8,"worker_id":"ee427f6f-6664-4d15-a59c-583a5aee3739-19068","trial_id":66,"user_attr":{"val_metrics":[0.041458670105383365,-0.37818525075679676,0.45454545454545453,0.09037242989406746,-4.732466397066868]}}
{"op_code":5,"worker_id":"4ab4a9bc-3aa5-49d0-b557-75e859f473df-31524","trial_id":69,"param_name":"k_weight","param_value_internal":0.39474433754607524,"distribution":"{\"name\": \"FloatDistribution\", \"attributes\": {\"step\": null, \"low\": 0.0, \"high\": 1.5, \"log\": false}}"}
{"op_code":8,"worker_id":"92b5dcd6-6c5a-4845-8892-73c7a79b1d08-8896","trial_id":62,"user_attr":{"raw_metrics":[0.1960761380813587,0.012213013213527886,0.6666666666666666,-0.0049291380433386595,0.0787878787878788,0.06323476067847678,-0.09435510895208062,-0.11726909875869751,0.4076388888888889]}}
{"op_code":8,"worker_id":"9f074630-7e5e-4074-b5a1-300decb90fb3-18156","trial_id":54,"user_attr":{"reg_kappa":2.931778634311535}}
{"op_code":5,"worker_id":"4ab4a9bc-3aa5-49d0-b557-75e859f473df-31524","trial_id":69,"param_name":"unified_alpha","param_value_internal":0.0003502521830840096,"distribution":"{\"name\": \"FloatDistribution\", \"attributes\": {\"step\": null, \"low\": 1e-05, \"high\": 10.0, \"log\": true}}"}
{"op_code":8,"worker_id":"92b5dcd6-6c5a-4845-8892-73c7a79b1d08-8896","trial_id":62,"user_attr":{"val_metrics":[0.022099277538841156,-0.3729847004567669,0.3212121212121212,0.08233403655079503,-4.893094922404697]}}
{"op_code":5,"worker_id":"4ab4a9bc-3aa5-49d0-b557-75e859f473df-31524","trial_id":69,"param_name":"unified_rho","param_value_internal":0.12186670054821844,"distribution":"{\"name\": \"FloatDistribution\", \"attributes\": {\"step\": null, \"low\": 0.0, \"high\": 1.0, \"log\": false}}"}
{"op_code":5,"worker_id":"4ab4a9bc-3aa5-49d0-b557-75e859f473df-31524","trial_id":69,"param_name":"unified_gamma","param_value_internal":4610.730654051978,"distribution":"{\"name\": \"FloatDistribution\", \"attributes\": {\"step\": null, \"low\": 1.5, \"high\": 10000.0, \"log\": true}}"}
{"op_code":8,"worker_id":"92b5dcd6-6c5a-4845-8892-73c7a79b1d08-8896","trial_id":62,"user_attr":{"deflated_objective":-1.2508081318418431}}
{"op_code":5,"worker_id":"4ab4a9bc-3aa5-49d0-b557-75e859f473df-31524","trial_id":69,"param_name":"huber_delta","param_value_internal":1.7959461475176137,"distribution":"{\"name\": \"FloatDistribution\", \"attributes\": {\"step\": null, \"low\": 0.5, \"high\": 5.0, \"log\": false}}"}
{"op_code":5,"worker_id":"ed486795-cc07-46ac-bde4-d5fb36fea45f-24340","trial_id":68,"param_name":"unified_alpha","param_value_internal":0.0003752887875865356,"distribution":"{\"name\": \"FloatDistribution\", \"attributes\": {\"step\": null, \"low\": 1e-05, \"high\": 10.0, \"log\": true}}"}
{"op_code":8,"worker_id":"53ce617b-5c4e-48d3-aeea-10af6bc4afa1-7108","trial_id":65,"user_attr":{"reg_kappa":2.9327896884472375}}
{"op_code":5,"worker_id":"ed486795-cc07-46ac-bde4-d5fb36fea45f-24340","trial_id":68,"param_name":"unified_rho","param_value_internal":0.11373990446468815,"distribution":"{\"name\": \"FloatDistribution\", \"attributes\": {\"step\": null, \"low\": 0.0, \"high\": 1.0, \"log\": false}}"}
{"op_code":8,"worker_id":"53ce617b-5c4e-48d3-aeea-10af6bc4afa1-7108","trial_id":65,"user_attr":{"raw_metrics":[0.669492508273971,0.09843081760882372,0.8333333333333334,0.04325369633226342,0.1717171717171717,0.31213631755672394,-0.10154604898922726,-0.15136443078517914,0.48194444444444445]}}
{"op_code":5,"worker_id":"ed486795-cc07-46ac-bde4-d5fb36fea45f-24340","trial_id":68,"param_name":"unified_gamma","param_value_internal":6068.830084224322,"distribution":"{\"name\": \"FloatDistribution\", \"attributes\": {\"step\": null, \"low\": 1.5, \"high\": 10000.0, \"log\": true}}"}
{"op_code":8,"worker_id":"53ce617b-5c4e-48d3-aeea-10af6bc4afa1-7108","trial_id":65,"user_attr":{"val_metrics":[0.039395625501602284,-0.3996370407832649,0.45454545454545453,0.09037242989406746,-4.320661782373644]}}
{"op_code":8,"worker_id":"9f074630-7e5e-4074-b5a1-300decb90fb3-18156","trial_id":54,"user_attr":{"raw_metrics":[0.6812719240462082,0.09000626728041278,0.8333333333333334,0.040014105983257456,0.15757575757575756,0.32220331650692974,-0.10053110026336126,-0.14884944260120392,0.4784722222222222]}}
{"op_code":8,"worker_id":"9f074630-7e5e-4074-b5a1-300decb90fb3-18156","trial_id":54,"user_attr":{"val_metrics":[0.039587250437104746,-0.3965943175126039,0.3939393939393939,0.15297950369953786,-4.283305712431675]}}
{"op_code":5,"worker_id":"9ae39020-552d-4887-b8f9-bf719b0e75d7-8436","trial_id":67,"param_name":"unified_gamma","param_value_internal":325.0920832818488,"distribution":"{\"name\": \"FloatDistribution\", \"attributes\": {\"step\": null, \"low\": 1.5, \"high\": 10000.0, \"log\": true}}"}
{"op_code":8,"worker_id":"53ce617b-5c4e-48d3-aeea-10af6bc4afa1-7108","trial_id":65,"user_attr":{"deflated_objective":-1.0140993713215407}}
{"op_code":5,"worker_id":"9ae39020-552d-4887-b8f9-bf719b0e75d7-8436","trial_id":67,"param_name":"huber_delta","param_value_internal":1.7569033209710563,"distribution":"{\"name\": \"FloatDistribution\", \"attributes\": {\"step\": null, \"low\": 0.5, \"high\": 5.0, \"log\": false}}"}
{"op_code":8,"worker_id":"9f074630-7e5e-4074-b5a1-300decb90fb3-18156","trial_id":54,"user_attr":{"deflated_objective":-1.0038946075292596}}
{"op_code":9,"worker_id":"9f074630-7e5e-4074-b5a1-300decb90fb3-18156","trial_id":54,"system_attr":{"constraints":[-0.040014105983257456,-0.09000626728041278,-0.2333333333333334,0.09242424242424244,-0.32220331650692974,-116.0,-8.0,0.12523595023595024,0.16666666666666669,-1169.8611328952295,-0.028472222222222177,-0.0847883597883598]}}
{"op_code":9,"worker_id":"53ce617b-5c4e-48d3-aeea-10af6bc4afa1-7108","trial_id":65,"system_attr":{"constraints":[-0.04325369633226342,-0.09843081760882372,-0.2333333333333334,0.07828282828282829,-0.31213631755672394,-115.0,-8.0,0.03906048906048908,0.16666666666666669,-1173.9254447170704,-0.03194444444444444,-0.08015873015873015]}}
{"op_code":8,"worker_id":"ee427f6f-6664-4d15-a59c-583a5aee3739-19068","trial_id":66,"user_attr":{"deflated_objective":-1.171979211913985}}
{"op_code":9,"worker_id":"ee427f6f-6664-4d15-a59c-583a5aee3739-19068","trial_id":66,"system_attr":{"constraints":[-0.0432989819423119,-0.0889477682198594,-0.2333333333333334,0.08434343434343436,-0.28110521130315547,-114.0,-8.0,0.13120978120978122,0.16666666666666669,-1174.2000803437465,-0.025000000000000022,-0.0847883597883598]}}
{"op_code":6,"worker_id":"9f074630-7e5e-4074-b5a1-300decb90fb3-18156","trial_id":54,"state":1,"values":[-0.4648350084924191],"datetime_complete":"2026-07-14T11:40:42.310238"}
{"op_code":6,"worker_id":"53ce617b-5c4e-48d3-aeea-10af6bc4afa1-7108","trial_id":65,"state":1,"values":[-0.4749530822094036],"datetime_complete":"2026-07-14T11:40:42.311374"}
{"op_code":4,"worker_id":"9f074630-7e5e-4074-b5a1-300decb90fb3-18156","study_id":0,"datetime_start":"2026-07-14T11:40:42.316669"}
{"op_code":4,"worker_id":"53ce617b-5c4e-48d3-aeea-10af6bc4afa1-7108","study_id":0,"datetime_start":"2026-07-14T11:40:42.318226"}
{"op_code":5,"worker_id":"9f074630-7e5e-4074-b5a1-300decb90fb3-18156","trial_id":70,"param_name":"k_weight","param_value_internal":0.39571571942879097,"distribution":"{\"name\": \"FloatDistribution\", \"attributes\": {\"step\": null, \"low\": 0.0, \"high\": 1.5, \"log\": false}}"}
{"op_code":5,"worker_id":"53ce617b-5c4e-48d3-aeea-10af6bc4afa1-7108","trial_id":71,"param_name":"k_weight","param_value_internal":0.3795853958463248,"distribution":"{\"name\": \"FloatDistribution\", \"attributes\": {\"step\": null, \"low\": 0.0, \"high\": 1.5, \"log\": false}}"}
{"op_code":6,"worker_id":"ee427f6f-6664-4d15-a59c-583a5aee3739-19068","trial_id":66,"state":1,"values":[-0.6308879076001342],"datetime_complete":"2026-07-14T11:40:42.314877"}
{"op_code":5,"worker_id":"53ce617b-5c4e-48d3-aeea-10af6bc4afa1-7108","trial_id":71,"param_name":"unified_alpha","param_value_internal":0.0003767270689408102,"distribution":"{\"name\": \"FloatDistribution\", \"attributes\": {\"step\": null, \"low\": 1e-05, \"high\": 10.0, \"log\": true}}"}
{"op_code":5,"worker_id":"9f074630-7e5e-4074-b5a1-300decb90fb3-18156","trial_id":70,"param_name":"unified_alpha","param_value_internal":0.00041284049184816407,"distribution":"{\"name\": \"FloatDistribution\", \"attributes\": {\"step\": null, \"low\": 1e-05, \"high\": 10.0, \"log\": true}}"}
{"op_code":5,"worker_id":"53ce617b-5c4e-48d3-aeea-10af6bc4afa1-7108","trial_id":71,"param_name":"unified_rho","param_value_internal":0.5540327869429369,"distribution":"{\"name\": \"FloatDistribution\", \"attributes\": {\"step\": null, \"low\": 0.0, \"high\": 1.0, \"log\": false}}"}
{"op_code":5,"worker_id":"9f074630-7e5e-4074-b5a1-300decb90fb3-18156","trial_id":70,"param_name":"unified_rho","param_value_internal":0.4643442391340523,"distribution":"{\"name\": \"FloatDistribution\", \"attributes\": {\"step\": null, \"low\": 0.0, \"high\": 1.0, \"log\": false}}"}
{"op_code":5,"worker_id":"53ce617b-5c4e-48d3-aeea-10af6bc4afa1-7108","trial_id":71,"param_name":"unified_gamma","param_value_internal":5422.26160315744,"distribution":"{\"name\": \"FloatDistribution\", \"attributes\": {\"step\": null, \"low\": 1.5, \"high\": 10000.0, \"log\": true}}"}
{"op_code":8,"worker_id":"4ab4a9bc-3aa5-49d0-b557-75e859f473df-31524","trial_id":69,"user_attr":{"constraints":[-0.04668346380950805,-0.055556847532282155,-0.06666666666666665,0.09444444444444444,-0.0835738017089251,-99.0,-8.0,0.1761904761904762,0.33333333333333337,-1197.0806918324542,-0.011111111111111072,-0.060978835978835966]}}
{"op_code":5,"worker_id":"53ce617b-5c4e-48d3-aeea-10af6bc4afa1-7108","trial_id":71,"param_name":"huber_delta","param_value_internal":1.9281158912531215,"distribution":"{\"name\": \"FloatDistribution\", \"attributes\": {\"step\": null, \"low\": 0.5, \"high\": 5.0, \"log\": false}}"}
{"op_code":8,"worker_id":"4ab4a9bc-3aa5-49d0-b557-75e859f473df-31524","trial_id":69,"user_attr":{"pruned_reasons":["M5 (Monotonicity <= 0.25)","Side-specific Yearly Tail IC Mean (-0.1762 <= 0)","Side-specific Hit Rate (16.67% < 50%)"]}}
{"op_code":5,"worker_id":"9f074630-7e5e-4074-b5a1-300decb90fb3-18156","trial_id":70,"param_name":"unified_gamma","param_value_internal":6002.264300896964,"distribution":"{\"name\": \"FloatDistribution\", \"attributes\": {\"step\": null, \"low\": 1.5, \"high\": 10000.0, \"log\": true}}"}
{"op_code":8,"worker_id":"4ab4a9bc-3aa5-49d0-b557-75e859f473df-31524","trial_id":69,"user_attr":{"gini":0.4197065967527118}}
{"op_code":8,"worker_id":"4ab4a9bc-3aa5-49d0-b557-75e859f473df-31524","trial_id":69,"user_attr":{"cv_is_ics":[0.11503800749778748,0.10828279703855515,0.11443869769573212,0.09529212862253189,0.09549573063850403,0.0917591005563736,0.10684603452682495,0.08610053360462189,0.09817858785390854,0.10955744981765747,0.062254052609205246,0.07379848510026932,0.10409136116504669,0.07922857254743576,0.08005837351083755]}}
{"op_code":8,"worker_id":"4ab4a9bc-3aa5-49d0-b557-75e859f473df-31524","trial_id":69,"user_attr":{"cv_oos_ics":[-0.004433103371411562,-0.01785769686102867,0.021775567904114723,0.05282921716570854,0.03804328292608261,0.03694505617022514,0.02147318795323372,0.042697373777627945,0.01661098003387451,0.02299482561647892,0.002367891138419509,0.027730748057365417,0.04464499279856682,0.051814012229442596,0.05393574759364128]}}
{"op_code":5,"worker_id":"9f074630-7e5e-4074-b5a1-300decb90fb3-18156","trial_id":70,"param_name":"huber_delta","param_value_internal":1.99930353427448,"distribution":"{\"name\": \"FloatDistribution\", \"attributes\": {\"step\": null, \"low\": 0.5, \"high\": 5.0, \"log\": false}}"}
{"op_code":8,"worker_id":"4ab4a9bc-3aa5-49d0-b557-75e859f473df-31524","trial_id":69,"user_attr":{"reg_kappa":2.9988446055340616}}
{"op_code":8,"worker_id":"4ab4a9bc-3aa5-49d0-b557-75e859f473df-31524","trial_id":69,"user_attr":{"raw_metrics":[0.7061286659945559,0.055556847532282155,0.6666666666666666,0.04668346380950805,0.15555555555555556,0.0835738017089251,-0.11593332005221005,-0.22621165215969086,0.4611111111111111]}}
{"op_code":8,"worker_id":"4ab4a9bc-3aa5-49d0-b557-75e859f473df-31524","trial_id":69,"user_attr":{"val_metrics":[0.03904665715575606,-0.4579723607153867,0.3696969696969697,0.06443886897877615,-3.634985409395654]}}
{"op_code":8,"worker_id":"9ae39020-552d-4887-b8f9-bf719b0e75d7-8436","trial_id":67,"user_attr":{"constraints":[-0.042143141342136654,-0.05356668583889385,-0.06666666666666665,0.148989898989899,-0.09367003996442591,-101.0,-8.0,0.17627627627627626,0.33333333333333337,-1194.2404830001965,-0.014583333333333337,-0.0656084656084655]}}
{"op_code":8,"worker_id":"9ae39020-552d-4887-b8f9-bf719b0e75d7-8436","trial_id":67,"user_attr":{"pruned_reasons":["M5 (Monotonicity <= 0.25)","Side-specific Yearly Tail IC Mean (-0.1763 <= 0)","Side-specific Hit Rate (16.67% < 50%)"]}}
{"op_code":8,"worker_id":"4ab4a9bc-3aa5-49d0-b557-75e859f473df-31524","trial_id":69,"user_attr":{"deflated_objective":-0.7511124263577582}}
{"op_code":9,"worker_id":"92b5dcd6-6c5a-4845-8892-73c7a79b1d08-8896","trial_id":62,"system_attr":{"constraints":[0.0049291380433386595,-0.012213013213527886,-0.06666666666666665,0.1712121212121212,-0.06323476067847678,-115.0,-7.0,-0.023316173316173316,0.0,-1175.6027242672612,0.04236111111111113,0.005423280423280441]}}
{"op_code":9,"worker_id":"4ab4a9bc-3aa5-49d0-b557-75e859f473df-31524","trial_id":69,"system_attr":{"constraints":[-0.04668346380950805,-0.055556847532282155,-0.06666666666666665,0.09444444444444444,-0.0835738017089251,-99.0,-8.0,0.1761904761904762,0.33333333333333337,-1197.0806918324542,-0.011111111111111072,-0.060978835978835966]}}
{"op_code":8,"worker_id":"9ae39020-552d-4887-b8f9-bf719b0e75d7-8436","trial_id":67,"user_attr":{"gini":0.4160909055206585}}
{"op_code":4,"worker_id":"ee427f6f-6664-4d15-a59c-583a5aee3739-19068","study_id":0,"datetime_start":"2026-07-14T11:40:42.325806"}
{"op_code":6,"worker_id":"92b5dcd6-6c5a-4845-8892-73c7a79b1d08-8896","trial_id":62,"state":1,"values":[-0.7083283701974975],"datetime_complete":"2026-07-14T11:40:42.356919"}
{"op_code":6,"worker_id":"4ab4a9bc-3aa5-49d0-b557-75e859f473df-31524","trial_id":69,"state":1,"values":[-0.23253640633473105],"datetime_complete":"2026-07-14T11:40:42.358681"}
{"op_code":4,"worker_id":"92b5dcd6-6c5a-4845-8892-73c7a79b1d08-8896","study_id":0,"datetime_start":"2026-07-14T11:40:42.363677"}
{"op_code":4,"worker_id":"4ab4a9bc-3aa5-49d0-b557-75e859f473df-31524","study_id":0,"datetime_start":"2026-07-14T11:40:42.365151"}
{"op_code":5,"worker_id":"ee427f6f-6664-4d15-a59c-583a5aee3739-19068","trial_id":72,"param_name":"k_weight","param_value_internal":0.3667442160986546,"distribution":"{\"name\": \"FloatDistribution\", \"attributes\": {\"step\": null, \"low\": 0.0, \"high\": 1.5, \"log\": false}}"}
{"op_code":8,"worker_id":"9ae39020-552d-4887-b8f9-bf719b0e75d7-8436","trial_id":67,"user_attr":{"cv_is_ics":[0.11539355665445328,0.10862649232149124,0.11439242959022522,0.09601942449808121,0.0960848405957222,0.09180023521184921,0.10651885718107224,0.08574871718883514,0.09852692484855652,0.11015520989894867,0.0624743215739727,0.07446084916591644,0.10382812470197678,0.07932420819997787,0.08010660856962204]}}
{"op_code":5,"worker_id":"4ab4a9bc-3aa5-49d0-b557-75e859f473df-31524","trial_id":74,"param_name":"k_weight","param_value_internal":0.3590256438814046,"distribution":"{\"name\": \"FloatDistribution\", \"attributes\": {\"step\": null, \"low\": 0.0, \"high\": 1.5, \"log\": false}}"}
{"op_code":8,"worker_id":"9ae39020-552d-4887-b8f9-bf719b0e75d7-8436","trial_id":67,"user_attr":{"cv_oos_ics":[-0.004214138723909855,-0.018857130780816078,0.021665232256054878,0.051743507385253906,0.03626921400427818,0.03733586147427559,0.020912252366542816,0.04197854921221733,0.015926893800497055,0.023065868765115738,0.0008038187515921891,0.027136212214827538,0.04422500357031822,0.05072317644953728,0.05245880410075188]}}
{"op_code":5,"worker_id":"4ab4a9bc-3aa5-49d0-b557-75e859f473df-31524","trial_id":74,"param_name":"unified_alpha","param_value_internal":0.0008610126145597067,"distribution":"{\"name\": \"FloatDistribution\", \"attributes\": {\"step\": null, \"low\": 1e-05, \"high\": 10.0, \"log\": true}}"}
{"op_code":5,"worker_id":"ee427f6f-6664-4d15-a59c-583a5aee3739-19068","trial_id":72,"param_name":"unified_alpha","param_value_internal":0.0004039705663735371,"distribution":"{\"name\": \"FloatDistribution\", \"attributes\": {\"step\": null, \"low\": 1e-05, \"high\": 10.0, \"log\": true}}"}
{"op_code":5,"worker_id":"4ab4a9bc-3aa5-49d0-b557-75e859f473df-31524","trial_id":74,"param_name":"unified_rho","param_value_internal":0.3329915558148496,"distribution":"{\"name\": \"FloatDistribution\", \"attributes\": {\"step\": null, \"low\": 0.0, \"high\": 1.0, \"log\": false}}"}
{"op_code":5,"worker_id":"ee427f6f-6664-4d15-a59c-583a5aee3739-19068","trial_id":72,"param_name":"unified_rho","param_value_internal":0.12972994943708233,"distribution":"{\"name\": \"FloatDistribution\", \"attributes\": {\"step\": null, \"low\": 0.0, \"high\": 1.0, \"log\": false}}"}
{"op_code":5,"worker_id":"4ab4a9bc-3aa5-49d0-b557-75e859f473df-31524","trial_id":74,"param_name":"unified_gamma","param_value_internal":87.50295545019152,"distribution":"{\"name\": \"FloatDistribution\", \"attributes\": {\"step\": null, \"low\": 1.5, \"high\": 10000.0, \"log\": true}}"}
{"op_code":5,"worker_id":"ee427f6f-6664-4d15-a59c-583a5aee3739-19068","trial_id":72,"param_name":"unified_gamma","param_value_internal":335.12128662802206,"distribution":"{\"name\": \"FloatDistribution\", \"attributes\": {\"step\": null, \"low\": 1.5, \"high\": 10000.0, \"log\": true}}"}
{"op_code":5,"worker_id":"4ab4a9bc-3aa5-49d0-b557-75e859f473df-31524","trial_id":74,"param_name":"huber_delta","param_value_internal":1.2517454192975068,"distribution":"{\"name\": \"FloatDistribution\", \"attributes\": {\"step\": null, \"low\": 0.5, \"high\": 5.0, \"log\": false}}"}
{"op_code":8,"worker_id":"9ae39020-552d-4887-b8f9-bf719b0e75d7-8436","trial_id":67,"user_attr":{"reg_kappa":2.991572663865987}}
{"op_code":8,"worker_id":"9f074630-7e5e-4074-b5a1-300decb90fb3-18156","trial_id":70,"user_attr":{"constraints":[-0.04690502237808156,-0.07762559390169611,-0.06666666666666665,0.1429292929292929,-0.10007435391450092,-99.0,-8.0,0.17790647790647793,0.33333333333333337,-1197.1742990477717,-0.03472222222222221,-0.07023809523809516]}}
{"op_code":8,"worker_id":"9f074630-7e5e-4074-b5a1-300decb90fb3-18156","trial_id":70,"user_attr":{"pruned_reasons":["M5 (Monotonicity <= 0.25)","Side-specific Yearly Tail IC Mean (-0.1779 <= 0)","Side-specific Hit Rate (16.67% < 50%)"]}}
{"op_code":5,"worker_id":"ee427f6f-6664-4d15-a59c-583a5aee3739-19068","trial_id":72,"param_name":"huber_delta","param_value_internal":1.2003969520606401,"distribution":"{\"name\": \"FloatDistribution\", \"attributes\": {\"step\": null, \"low\": 0.5, \"high\": 5.0, \"log\": false}}"}
{"op_code":8,"worker_id":"9ae39020-552d-4887-b8f9-bf719b0e75d7-8436","trial_id":67,"user_attr":{"raw_metrics":[0.6859581622964488,0.05356668583889385,0.6666666666666666,0.042143141342136654,0.10101010101010101,0.09367003996442591,-0.1138191907565727,-0.21806201338768005,0.46458333333333335]}}
{"op_code":8,"worker_id":"9ae39020-552d-4887-b8f9-bf719b0e75d7-8436","trial_id":67,"user_attr":{"val_metrics":[0.038421678581709036,-0.4563025285012631,0.41818181818181815,0.06443886897877615,-3.606794266983911]}}
{"op_code":8,"worker_id":"9f074630-7e5e-4074-b5a1-300decb90fb3-18156","trial_id":70,"user_attr":{"gini":0.4254424588297605}}
{"op_code":8,"worker_id":"9f074630-7e5e-4074-b5a1-300decb90fb3-18156","trial_id":70,"user_attr":{"cv_is_ics":[0.11532087624073029,0.10860061645507812,0.11246120184659958,0.09645036607980728,0.09502269327640533,0.09296015650033951,0.10614321380853653,0.08587995916604996,0.09807723760604858,0.10912290960550308,0.06403269618749619,0.0728064626455307,0.1048799678683281,0.07776621729135513,0.08132144808769226]}}
{"op_code":8,"worker_id":"9f074630-7e5e-4074-b5a1-300decb90fb3-18156","trial_id":70,"user_attr":{"cv_oos_ics":[-0.0057246801443398,-0.012476982548832893,0.021924486383795738,0.054729707539081573,0.04283273592591286,0.035484060645103455,0.02036384493112564,0.04643585905432701,0.01833464950323105,0.019809164106845856,0.0025515479501336813,0.034967679530382156,0.04766678810119629,0.05255988985300064,0.05754026398062706]}}
{"op_code":8,"worker_id":"9ae39020-552d-4887-b8f9-bf719b0e75d7-8436","trial_id":67,"user_attr":{"deflated_objective":-0.7309965486729142}}
{"op_code":9,"worker_id":"9ae39020-552d-4887-b8f9-bf719b0e75d7-8436","trial_id":67,"system_attr":{"constraints":[-0.042143141342136654,-0.05356668583889385,-0.06666666666666665,0.148989898989899,-0.09367003996442591,-101.0,-8.0,0.17627627627627626,0.33333333333333337,-1194.2404830001965,-0.014583333333333337,-0.0656084656084655]}}
{"op_code":6,"worker_id":"9ae39020-552d-4887-b8f9-bf719b0e75d7-8436","trial_id":67,"state":1,"values":[-0.21580602949497715],"datetime_complete":"2026-07-14T11:40:42.400074"}
{"op_code":5,"worker_id":"92b5dcd6-6c5a-4845-8892-73c7a79b1d08-8896","trial_id":73,"param_name":"k_weight","param_value_internal":0.34344253799021035,"distribution":"{\"name\": \"FloatDistribution\", \"attributes\": {\"step\": null, \"low\": 0.0, \"high\": 1.5, \"log\": false}}"}
{"op_code":8,"worker_id":"cf6efe7e-bc2f-4034-a28d-a33452438896-22852","trial_id":28,"user_attr":{"constraints":[-0.061647298418666265,-0.05406480928518831,-0.06666666666666665,0.029797979797979796,-0.23607155527764312,-60.0,-5.0,0.07813170313170313,0.16666666666666669,-1271.860550292366,-0.028472222222222232,-0.036904761904761774]}}
{"op_code":5,"worker_id":"92b5dcd6-6c5a-4845-8892-73c7a79b1d08-8896","trial_id":73,"param_name":"unified_alpha","param_value_internal":0.0009225823362367486,"distribution":"{\"name\": \"FloatDistribution\", \"attributes\": {\"step\": null, \"low\": 1e-05, \"high\": 10.0, \"log\": true}}"}
{"op_code":8,"worker_id":"cf6efe7e-bc2f-4034-a28d-a33452438896-22852","trial_id":28,"user_attr":{"pruned_reasons":["M5 (Monotonicity <= 0.25)","Side-specific Yearly Tail IC Mean (-0.0781 <= 0)","Side-specific Hit Rate (33.33% < 50%)"]}}
{"op_code":5,"worker_id":"92b5dcd6-6c5a-4845-8892-73c7a79b1d08-8896","trial_id":73,"param_name":"unified_rho","param_value_internal":0.3297786039381734,"distribution":"{\"name\": \"FloatDistribution\", \"attributes\": {\"step\": null, \"low\": 0.0, \"high\": 1.0, \"log\": false}}"}
{"op_code":8,"worker_id":"cf6efe7e-bc2f-4034-a28d-a33452438896-22852","trial_id":28,"user_attr":{"gini":0.49930217882513905}}
{"op_code":5,"worker_id":"92b5dcd6-6c5a-4845-8892-73c7a79b1d08-8896","trial_id":73,"param_name":"unified_gamma","param_value_internal":330.2013587477289,"distribution":"{\"name\": \"FloatDistribution\", \"attributes\": {\"step\": null, \"low\": 1.5, \"high\": 10000.0, \"log\": true}}"}
{"op_code":8,"worker_id":"cf6efe7e-bc2f-4034-a28d-a33452438896-22852","trial_id":28,"user_attr":{"cv_is_ics":[0.10853169113397598,0.099849633872509,0.09945031255483627,0.09639110416173935,0.07906089723110199,0.09236016124486923,0.1063653975725174,0.08290637284517288,0.09270621836185455,0.1014707088470459,0.06059578061103821,0.06874608248472214,0.10204543173313141,0.07141737639904022,0.07838838547468185]}}
{"op_code":5,"worker_id":"92b5dcd6-6c5a-4845-8892-73c7a79b1d08-8896","trial_id":73,"param_name":"huber_delta","param_value_internal":1.1968876112475602,"distribution":"{\"name\": \"FloatDistribution\", \"attributes\": {\"step\": null, \"low\": 0.5, \"high\": 5.0, \"log\": false}}"}
{"op_code":8,"worker_id":"8f604b1c-5c89-49b3-8f74-e266eb784c80-3216","trial_id":52,"user_attr":{"val_metrics":[0.03906423742506821,-0.3988476308431372,0.296969696969697,0.12049773743416628,-4.27194393438125]}}
{"op_code":8,"worker_id":"cf6efe7e-bc2f-4034-a28d-a33452438896-22852","trial_id":28,"user_attr":{"cv_oos_ics":[-0.007217851933091879,-0.0007824630592949688,0.02361825667321682,0.05543272942304611,0.06382669508457184,0.03038964793086052,0.020944997668266296,0.05988195911049843,0.03235037252306938,0.017514165490865707,0.0029141632840037346,0.05825706571340561,0.056222207844257355,0.060075726360082626,0.08853798359632492]}}
{"op_code":8,"worker_id":"cf6efe7e-bc2f-4034-a28d-a33452438896-22852","trial_id":28,"user_attr":{"reg_kappa":3.1490818182297526}}
{"op_code":8,"worker_id":"35f189dc-d7bb-4c6f-9016-12f1a22545a0-31796","trial_id":1,"user_attr":{"constraints":[-0.07109956803862072,-0.03788161100403128,-0.06666666666666665,0.04595959595959598,-0.11501075401540017,-40.0,-8.0,0.09291076791076791,0.16666666666666669,-1325.23025376877,-0.025000000000000022,-0.046164021164021185]}}
{"op_code":8,"worker_id":"8f604b1c-5c89-49b3-8f74-e266eb784c80-3216","trial_id":52,"user_attr":{"deflated_objective":-0.9796769484290955}}
{"op_code":9,"worker_id":"8f604b1c-5c89-49b3-8f74-e266eb784c80-3216","trial_id":52,"system_attr":{"constraints":[-0.03784169384640603,-0.09300965372084401,-0.2333333333333334,0.04999999999999996,-0.3170671689603478,-116.0,-8.0,0.14190261690261688,0.16666666666666669,-1170.580196355062,-0.028472222222222177,-0.08478835978835969]}}
{"op_code":8,"worker_id":"cf6efe7e-bc2f-4034-a28d-a33452438896-22852","trial_id":28,"user_attr":{"raw_metrics":[0.3138569159809295,0.05406480928518831,0.6666666666666666,0.061647298418666265,0.2202020202020202,0.23607155527764312,-0.1417071959063711,-0.3527202904224396,0.47847222222222224]}}
{"op_code":8,"worker_id":"cf6efe7e-bc2f-4034-a28d-a33452438896-22852","trial_id":28,"user_attr":{"val_metrics":[0.04360082592106913,-0.315947846396176,0.38181818181818183,0.1484944483137055,-4.828818734593028]}}
{"op_code":8,"worker_id":"35f189dc-d7bb-4c6f-9016-12f1a22545a0-31796","trial_id":1,"user_attr":{"pruned_reasons":["M5 (Monotonicity <= 0.25)","Side-specific Yearly Tail IC Mean (-0.0929 <= 0)","Side-specific Hit Rate (33.33% < 50%)"]}}
{"op_code":6,"worker_id":"8f604b1c-5c89-49b3-8f74-e266eb784c80-3216","trial_id":52,"state":1,"values":[-0.4709408936020252],"datetime_complete":"2026-07-14T11:40:42.426346"}
{"op_code":4,"worker_id":"8f604b1c-5c89-49b3-8f74-e266eb784c80-3216","study_id":0,"datetime_start":"2026-07-14T11:40:42.433499"}
{"op_code":8,"worker_id":"cf6efe7e-bc2f-4034-a28d-a33452438896-22852","trial_id":28,"user_attr":{"deflated_objective":-1.1623171634735447}}
{"op_code":5,"worker_id":"8f604b1c-5c89-49b3-8f74-e266eb784c80-3216","trial_id":75,"param_name":"k_weight","param_value_internal":0.19402532208651857,"distribution":"{\"name\": \"FloatDistribution\", \"attributes\": {\"step\": null, \"low\": 0.0, \"high\": 1.5, \"log\": false}}"}
{"op_code":9,"worker_id":"cf6efe7e-bc2f-4034-a28d-a33452438896-22852","trial_id":28,"system_attr":{"constraints":[-0.061647298418666265,-0.05406480928518831,-0.06666666666666665,0.029797979797979796,-0.23607155527764312,-60.0,-5.0,0.07813170313170313,0.16666666666666669,-1271.860550292366,-0.028472222222222232,-0.036904761904761774]}}
{"op_code":6,"worker_id":"cf6efe7e-bc2f-4034-a28d-a33452438896-22852","trial_id":28,"state":1,"values":[-0.6515923925554383],"datetime_complete":"2026-07-14T11:40:42.440956"}
{"op_code":8,"worker_id":"4ab4a9bc-3aa5-49d0-b557-75e859f473df-31524","trial_id":74,"user_attr":{"constraints":[-0.021164212713889467,-0.06702401785988413,-0.06666666666666665,0.08636363636363634,-0.09536430098012916,-101.0,-8.0,-0.027112827112827115,0.0,-1193.7068714774518,-0.011111111111111072,-0.051719576719576665]}}
{"op_code":5,"worker_id":"8f604b1c-5c89-49b3-8f74-e266eb784c80-3216","trial_id":75,"param_name":"unified_alpha","param_value_internal":0.10439033751202344,"distribution":"{\"name\": \"FloatDistribution\", \"attributes\": {\"step\": null, \"low\": 1e-05, \"high\": 10.0, \"log\": true}}"}
{"op_code":8,"worker_id":"ee427f6f-6664-4d15-a59c-583a5aee3739-19068","trial_id":72,"user_attr":{"constraints":[-0.018322881729004883,-0.055065636828554775,-0.06666666666666665,0.12474747474747477,0.02277800691727963,-101.0,-8.0,-0.04427284427284428,0.0,-1194.4216460495916,-0.007638888888888917,-0.04708994708994707]}}
{"op_code":5,"worker_id":"8f604b1c-5c89-49b3-8f74-e266eb784c80-3216","trial_id":75,"param_name":"unified_rho","param_value_internal":0.229783629545172,"distribution":"{\"name\": \"FloatDistribution\", \"attributes\": {\"step\": null, \"low\": 0.0, \"high\": 1.0, \"log\": false}}"}
{"op_code":8,"worker_id":"4ab4a9bc-3aa5-49d0-b557-75e859f473df-31524","trial_id":74,"user_attr":{"pruned_reasons":["M5 (Monotonicity <= 0.25)"]}}
{"op_code":5,"worker_id":"8f604b1c-5c89-49b3-8f74-e266eb784c80-3216","trial_id":75,"param_name":"unified_gamma","param_value_internal":226.9590421134022,"distribution":"{\"name\": \"FloatDistribution\", \"attributes\": {\"step\": null, \"low\": 1.5, \"high\": 10000.0, \"log\": true}}"}
{"op_code":8,"worker_id":"4ab4a9bc-3aa5-49d0-b557-75e859f473df-31524","trial_id":74,"user_attr":{"gini":0.4012490595462954}}
{"op_code":8,"worker_id":"4ab4a9bc-3aa5-49d0-b557-75e859f473df-31524","trial_id":74,"user_attr":{"cv_is_ics":[0.11726202070713043,0.10867974162101746,0.11528760194778442,0.09565483778715134,0.09640923887491226,0.09112352132797241,0.10777692496776581,0.08853840082883835,0.09936697781085968,0.11177166551351547,0.06237810105085373,0.08181257545948029,0.10133017599582672,0.08301898837089539,0.08610150963068008]}}
{"op_code":8,"worker_id":"4ab4a9bc-3aa5-49d0-b557-75e859f473df-31524","trial_id":74,"user_attr":{"cv_oos_ics":[1.3240369298728183e-05,-0.044848114252090454,0.018730994313955307,0.04844323918223381,0.023679474368691444,0.029050661250948906,0.01732681505382061,0.014474723488092422,0.0051956381648778915,0.010479968041181564,-0.004546145908534527,0.004945349879562855,0.030040569603443146,0.05151119455695152,0.037055689841508865]}}
{"op_code":5,"worker_id":"8f604b1c-5c89-49b3-8f74-e266eb784c80-3216","trial_id":75,"param_name":"huber_delta","param_value_internal":1.1789384542220993,"distribution":"{\"name\": \"FloatDistribution\", \"attributes\": {\"step\": null, \"low\": 0.5, \"high\": 5.0, \"log\": false}}"}
{"op_code":8,"worker_id":"92b5dcd6-6c5a-4845-8892-73c7a79b1d08-8896","trial_id":73,"user_attr":{"constraints":[-0.016729368355398223,-0.056265871919367355,-0.06666666666666665,0.12474747474747475,0.04831657328642905,-102.0,-8.0,-0.028174603174603175,0.0,-1192.2848829871393,0.025694444444444464,-0.04708994708994707]}}
{"op_code":8,"worker_id":"92b5dcd6-6c5a-4845-8892-73c7a79b1d08-8896","trial_id":73,"user_attr":{"pruned_reasons":["M5 (Monotonicity <= 0.25)","M6 (Top-Bottom Spread <= 0)","Yearly Daily Win Rate (42.43% < 45%)"]}}
{"op_code":8,"worker_id":"92b5dcd6-6c5a-4845-8892-73c7a79b1d08-8896","trial_id":73,"user_attr":{"gini":0.40135573849587947}}
{"op_code":8,"worker_id":"92b5dcd6-6c5a-4845-8892-73c7a79b1d08-8896","trial_id":73,"user_attr":{"cv_is_ics":[0.11746533215045929,0.10951261967420578,0.11510147899389267,0.0952528789639473,0.09608761966228485,0.0912674218416214,0.10827209800481796,0.08915165066719055,0.0999297946691513,0.11221042275428772,0.062490805983543396,0.08277959376573563,0.10157354921102524,0.0834779441356659,0.08836395293474197]}}
{"op_code":8,"worker_id":"92b5dcd6-6c5a-4845-8892-73c7a79b1d08-8896","trial_id":73,"user_attr":{"cv_oos_ics":[0.0010686259483918548,-0.04590051248669624,0.01846490614116192,0.04728420823812485,0.020487690344452858,0.027217509225010872,0.01751588098704815,0.01232408732175827,0.004627014044672251,0.008680417202413082,-0.0015435712411999702,0.0017836062470450997,0.030375992879271507,0.05047360435128212,0.03708772361278534]}}
{"op_code":8,"worker_id":"92b5dcd6-6c5a-4845-8892-73c7a79b1d08-8896","trial_id":73,"user_attr":{"reg_kappa":2.98546460807556}}
{"op_code":8,"worker_id":"92b5dcd6-6c5a-4845-8892-73c7a79b1d08-8896","trial_id":73,"user_attr":{"raw_metrics":[0.8041883246503951,0.056265871919367355,0.6666666666666666,0.016729368355398223,0.12525252525252525,-0.04831657328642905,-0.11239821280129163,-0.18375347554683685,0.42430555555555555]}}
{"op_code":8,"worker_id":"92b5dcd6-6c5a-4845-8892-73c7a79b1d08-8896","trial_id":73,"user_attr":{"val_metrics":[0.03286103939827524,-0.44401502849641417,0.44242424242424244,0.028031117596623037,-3.044860482533764]}}
{"op_code":8,"worker_id":"4ab4a9bc-3aa5-49d0-b557-75e859f473df-31524","trial_id":74,"user_attr":{"reg_kappa":2.9892192207904364}}
{"op_code":8,"worker_id":"4ab4a9bc-3aa5-49d0-b557-75e859f473df-31524","trial_id":74,"user_attr":{"raw_metrics":[0.7571130364229972,0.06702401785988413,0.6666666666666666,0.021164212713889467,0.16363636363636366,0.09536430098012916,-0.11342788275243627,-0.19084328413009644,0.4611111111111111]}}
{"op_code":8,"worker_id":"4ab4a9bc-3aa5-49d0-b557-75e859f473df-31524","trial_id":74,"user_attr":{"val_metrics":[0.03310013106092051,-0.44748334041377036,0.40606060606060607,0.05309188401367029,-2.245836762041531]}}
{"op_code":8,"worker_id":"92b5dcd6-6c5a-4845-8892-73c7a79b1d08-8896","trial_id":73,"user_attr":{"deflated_objective":-0.4939224878204138}}
{"op_code":9,"worker_id":"92b5dcd6-6c5a-4845-8892-73c7a79b1d08-8896","trial_id":73,"system_attr":{"constraints":[-0.016729368355398223,-0.056265871919367355,-0.06666666666666665,0.12474747474747475,0.04831657328642905,-102.0,-8.0,-0.028174603174603175,0.0,-1192.2848829871393,0.025694444444444464,-0.04708994708994707]}}
{"op_code":4,"worker_id":"4ee9b92c-3933-4379-acd9-71d03eb28469-8436","study_id":0,"datetime_start":"2026-07-14T11:40:42.489250"}
{"op_code":8,"worker_id":"4ab4a9bc-3aa5-49d0-b557-75e859f473df-31524","trial_id":74,"user_attr":{"deflated_objective":-0.18584574550754623}}
{"op_code":5,"worker_id":"4ee9b92c-3933-4379-acd9-71d03eb28469-8436","trial_id":76,"param_name":"k_weight","param_value_internal":0.18651213715658893,"distribution":"{\"name\": \"FloatDistribution\", \"attributes\": {\"step\": null, \"low\": 0.0, \"high\": 1.5, \"log\": false}}"}
{"op_code":6,"worker_id":"92b5dcd6-6c5a-4845-8892-73c7a79b1d08-8896","trial_id":73,"state":1,"values":[0.01575066276976453],"datetime_complete":"2026-07-14T11:40:42.490594"}
{"op_code":5,"worker_id":"4ee9b92c-3933-4379-acd9-71d03eb28469-8436","trial_id":76,"param_name":"unified_alpha","param_value_internal":3.141180552246216e-05,"distribution":"{\"name\": \"FloatDistribution\", \"attributes\": {\"step\": null, \"low\": 1e-05, \"high\": 10.0, \"log\": true}}"}
{"op_code":9,"worker_id":"4ab4a9bc-3aa5-49d0-b557-75e859f473df-31524","trial_id":74,"system_attr":{"constraints":[-0.021164212713889467,-0.06702401785988413,-0.06666666666666665,0.08636363636363634,-0.09536430098012916,-101.0,-8.0,-0.027112827112827115,0.0,-1193.7068714774518,-0.011111111111111072,-0.051719576719576665]}}
{"op_code":5,"worker_id":"4ee9b92c-3933-4379-acd9-71d03eb28469-8436","trial_id":76,"param_name":"unified_rho","param_value_internal":0.24109689922121114,"distribution":"{\"name\": \"FloatDistribution\", \"attributes\": {\"step\": null, \"low\": 0.0, \"high\": 1.0, \"log\": false}}"}
{"op_code":8,"worker_id":"35f189dc-d7bb-4c6f-9016-12f1a22545a0-31796","trial_id":1,"user_attr":{"gini":0.4513205128279554}}
{"op_code":6,"worker_id":"4ab4a9bc-3aa5-49d0-b557-75e859f473df-31524","trial_id":74,"state":1,"values":[0.3303603716981553],"datetime_complete":"2026-07-14T11:40:42.499396"}
{"op_code":8,"worker_id":"35f189dc-d7bb-4c6f-9016-12f1a22545a0-31796","trial_id":1,"user_attr":{"cv_is_ics":[0.10945513099431992,0.09649721533060074,0.10866957902908325,0.08992013335227966,0.08815866708755493,0.09407281130552292,0.10745417326688766,0.0819220244884491,0.09334772080183029,0.1035519391298294,0.06153366342186928,0.06763555854558945,0.10090193152427673,0.07408228516578674,0.07433497160673141]}}
{"op_code":8,"worker_id":"35f189dc-d7bb-4c6f-9016-12f1a22545a0-31796","trial_id":1,"user_attr":{"cv_oos_ics":[-0.015360536053776741,-0.009425148367881775,0.024571849033236504,0.05658891424536705,0.0493626594543457,0.029984889551997185,0.017017018049955368,0.05554438382387161,0.035593125969171524,0.02314203605055809,0.012600990943610668,0.05310385674238205,0.05368503928184509,0.05763735994696617,0.08990729600191116]}}
{"op_code":5,"worker_id":"4ee9b92c-3933-4379-acd9-71d03eb28469-8436","trial_id":76,"param_name":"unified_gamma","param_value_internal":82.52083466337183,"distribution":"{\"name\": \"FloatDistribution\", \"attributes\": {\"step\": null, \"low\": 1.5, \"high\": 10000.0, \"log\": true}}"}
{"op_code":8,"worker_id":"8f604b1c-5c89-49b3-8f74-e266eb784c80-3216","trial_id":75,"user_attr":{"constraints":[-0.03254732517048551,0.007496818344651217,0.09999999999999998,0.12878787878787878,0.11005001328575115,-121.0,2.0,-0.1547940797940798,-0.16666666666666663,-1180.506390147932,0.012500000000000011,-0.013756613756613745]}}
{"op_code":5,"worker_id":"4ee9b92c-3933-4379-acd9-71d03eb28469-8436","trial_id":76,"param_name":"huber_delta","param_value_internal":1.1785482792880457,"distribution":"{\"name\": \"FloatDistribution\", \"attributes\": {\"step\": null, \"low\": 0.5, \"high\": 5.0, \"log\": false}}"}
{"op_code":8,"worker_id":"8f604b1c-5c89-49b3-8f74-e266eb784c80-3216","trial_id":75,"user_attr":{"pruned_reasons":["M2 (Yearly Tail IC Mean <= 0)","M3 (Hit Rate < 60%)","M5 (Monotonicity <= 0.25)","M6 (Top-Bottom Spread <= 0)","Active features count (3) is less than active feature floor (5)","Yearly Daily Win Rate (43.75% < 45%)"]}}
{"op_code":8,"worker_id":"35f189dc-d7bb-4c6f-9016-12f1a22545a0-31796","trial_id":1,"user_attr":{"reg_kappa":3.3213247529587284}}
{"op_code":4,"worker_id":"730926b8-3561-4d41-8207-eff33417443e-31524","study_id":0,"datetime_start":"2026-07-14T11:40:42.511618"}
{"op_code":8,"worker_id":"35f189dc-d7bb-4c6f-9016-12f1a22545a0-31796","trial_id":1,"user_attr":{"raw_metrics":[0.23180739387265736,0.03788161100403128,0.6666666666666666,0.07109956803862072,0.20404040404040402,0.11501075401540017,-0.24367506111590065,-0.5065220594406128,0.47500000000000003]}}
{"op_code":8,"worker_id":"88170b36-1b55-4416-bd3f-b3a3301f6d37-19176","trial_id":56,"user_attr":{"deflated_objective":-0.7811656817344925}}
{"op_code":8,"worker_id":"35f189dc-d7bb-4c6f-9016-12f1a22545a0-31796","trial_id":1,"user_attr":{"val_metrics":[0.04399814000752378,-0.4446598826667217,0.3333333333333333,0.09984035936076247,-3.395992041970093]}}
{"op_code":5,"worker_id":"730926b8-3561-4d41-8207-eff33417443e-31524","trial_id":77,"param_name":"k_weight","param_value_internal":0.193211670874686,"distribution":"{\"name\": \"FloatDistribution\", \"attributes\": {\"step\": null, \"low\": 0.0, \"high\": 1.5, \"log\": false}}"}
{"op_code":9,"worker_id":"88170b36-1b55-4416-bd3f-b3a3301f6d37-19176","trial_id":56,"system_attr":{"constraints":[-0.047050263448194525,-0.07675707454314873,-0.06666666666666665,0.06414141414141414,-0.2615461523629104,-115.0,-8.0,0.11495066495066496,0.16666666666666669,-1172.7311206871993,-0.028472222222222232,-0.0847883597883598]}}
{"op_code":5,"worker_id":"730926b8-3561-4d41-8207-eff33417443e-31524","trial_id":77,"param_name":"unified_alpha","param_value_internal":0.10161038612041144,"distribution":"{\"name\": \"FloatDistribution\", \"attributes\": {\"step\": null, \"low\": 1e-05, \"high\": 10.0, \"log\": true}}"}
{"op_code":8,"worker_id":"35f189dc-d7bb-4c6f-9016-12f1a22545a0-31796","trial_id":1,"user_attr":{"deflated_objective":-0.6423071985930537}}
{"op_code":5,"worker_id":"730926b8-3561-4d41-8207-eff33417443e-31524","trial_id":77,"param_name":"unified_rho","param_value_internal":0.22865818243774816,"distribution":"{\"name\": \"FloatDistribution\", \"attributes\": {\"step\": null, \"low\": 0.0, \"high\": 1.0, \"log\": false}}"}
{"op_code":6,"worker_id":"88170b36-1b55-4416-bd3f-b3a3301f6d37-19176","trial_id":56,"state":1,"values":[-0.23615837426726682],"datetime_complete":"2026-07-14T11:40:42.522707"}
{"op_code":9,"worker_id":"35f189dc-d7bb-4c6f-9016-12f1a22545a0-31796","trial_id":1,"system_attr":{"constraints":[-0.07109956803862072,-0.03788161100403128,-0.06666666666666665,0.04595959595959598,-0.11501075401540017,-40.0,-8.0,0.09291076791076791,0.16666666666666669,-1325.23025376877,-0.025000000000000022,-0.046164021164021185]}}
{"op_code":4,"worker_id":"88170b36-1b55-4416-bd3f-b3a3301f6d37-19176","study_id":0,"datetime_start":"2026-07-14T11:40:42.529394"}
{"op_code":4,"worker_id":"f5b09576-cc43-47fd-b1cf-02a0286dc7a7-22852","study_id":0,"datetime_start":"2026-07-14T11:40:42.529633"}
{"op_code":5,"worker_id":"88170b36-1b55-4416-bd3f-b3a3301f6d37-19176","trial_id":78,"param_name":"k_weight","param_value_internal":0.18883015874454076,"distribution":"{\"name\": \"FloatDistribution\", \"attributes\": {\"step\": null, \"low\": 0.0, \"high\": 1.5, \"log\": false}}"}
{"op_code":5,"worker_id":"f5b09576-cc43-47fd-b1cf-02a0286dc7a7-22852","trial_id":79,"param_name":"k_weight","param_value_internal":0.18469011866148186,"distribution":"{\"name\": \"FloatDistribution\", \"attributes\": {\"step\": null, \"low\": 0.0, \"high\": 1.5, \"log\": false}}"}
{"op_code":5,"worker_id":"88170b36-1b55-4416-bd3f-b3a3301f6d37-19176","trial_id":78,"param_name":"unified_alpha","param_value_internal":0.13948993838074156,"distribution":"{\"name\": \"FloatDistribution\", \"attributes\": {\"step\": null, \"low\": 1e-05, \"high\": 10.0, \"log\": true}}"}
{"op_code":6,"worker_id":"35f189dc-d7bb-4c6f-9016-12f1a22545a0-31796","trial_id":1,"state":1,"values":[-0.13475528350600546],"datetime_complete":"2026-07-14T11:40:42.530651"}
{"op_code":5,"worker_id":"88170b36-1b55-4416-bd3f-b3a3301f6d37-19176","trial_id":78,"param_name":"unified_rho","param_value_internal":0.23559314735833112,"distribution":"{\"name\": \"FloatDistribution\", \"attributes\": {\"step\": null, \"low\": 0.0, \"high\": 1.0, \"log\": false}}"}
{"op_code":5,"worker_id":"f5b09576-cc43-47fd-b1cf-02a0286dc7a7-22852","trial_id":79,"param_name":"unified_alpha","param_value_internal":2.890821966429942e-05,"distribution":"{\"name\": \"FloatDistribution\", \"attributes\": {\"step\": null, \"low\": 1e-05, \"high\": 10.0, \"log\": true}}"}
{"op_code":5,"worker_id":"88170b36-1b55-4416-bd3f-b3a3301f6d37-19176","trial_id":78,"param_name":"unified_gamma","param_value_internal":1.820610553755191,"distribution":"{\"name\": \"FloatDistribution\", \"attributes\": {\"step\": null, \"low\": 1.5, \"high\": 10000.0, \"log\": true}}"}
{"op_code":5,"worker_id":"f5b09576-cc43-47fd-b1cf-02a0286dc7a7-22852","trial_id":79,"param_name":"unified_rho","param_value_internal":0.23692528126288898,"distribution":"{\"name\": \"FloatDistribution\", \"attributes\": {\"step\": null, \"low\": 0.0, \"high\": 1.0, \"log\": false}}"}
{"op_code":5,"worker_id":"88170b36-1b55-4416-bd3f-b3a3301f6d37-19176","trial_id":78,"param_name":"huber_delta","param_value_internal":1.9794850671979853,"distribution":"{\"name\": \"FloatDistribution\", \"attributes\": {\"step\": null, \"low\": 0.5, \"high\": 5.0, \"log\": false}}"}
{"op_code":8,"worker_id":"4ee9b92c-3933-4379-acd9-71d03eb28469-8436","trial_id":76,"user_attr":{"constraints":[-0.025135123874591797,-0.0986720220002895,-0.2333333333333334,0.10454545454545455,-0.19380066134035587,-111.0,-8.0,-0.04253539253539254,0.0,-1179.6849110478931,0.005555555555555591,-0.051719576719576665]}}
{"op_code":8,"worker_id":"4ee9b92c-3933-4379-acd9-71d03eb28469-8436","trial_id":76,"user_attr":{"pruned_reasons":["M5 (Monotonicity <= 0.25)","Yearly Daily Win Rate (44.44% < 45%)"]}}
{"op_code":8,"worker_id":"4ee9b92c-3933-4379-acd9-71d03eb28469-8436","trial_id":76,"user_attr":{"gini":0.37791377519940283}}
{"op_code":8,"worker_id":"4ee9b92c-3933-4379-acd9-71d03eb28469-8436","trial_id":76,"user_attr":{"cv_is_ics":[0.11829167604446411,0.10941655933856964,0.11571042984724045,0.09873520582914352,0.09765245765447617,0.09087267518043518,0.10946539044380188,0.091133713722229,0.10057707875967026,0.11145156621932983,0.06592921167612076,0.08437830954790115,0.10283767431974411,0.08447055518627167,0.09081627428531647]}}
{"op_code":5,"worker_id":"f5b09576-cc43-47fd-b1cf-02a0286dc7a7-22852","trial_id":79,"param_name":"unified_gamma","param_value_internal":79.50857543067615,"distribution":"{\"name\": \"FloatDistribution\", \"attributes\": {\"step\": null, \"low\": 1.5, \"high\": 10000.0, \"log\": true}}"}
{"op_code":8,"worker_id":"4ee9b92c-3933-4379-acd9-71d03eb28469-8436","trial_id":76,"user_attr":{"cv_oos_ics":[0.0011651524109765887,-0.03683726489543915,0.018978290259838104,0.04645604267716408,0.01709388568997383,0.02884664572775364,0.014727571979165077,0.012723149731755257,0.0027438905090093613,0.007582319900393486,0.0023351460695266724,0.004061234649270773,0.03207944706082344,0.050827108323574066,0.03334752842783928]}}
{"op_code":5,"worker_id":"f5b09576-cc43-47fd-b1cf-02a0286dc7a7-22852","trial_id":79,"param_name":"huber_delta","param_value_internal":0.8729546590238491,"distribution":"{\"name\": \"FloatDistribution\", \"attributes\": {\"step\": null, \"low\": 0.5, \"high\": 5.0, \"log\": false}}"}
{"op_code":5,"worker_id":"730926b8-3561-4d41-8207-eff33417443e-31524","trial_id":77,"param_name":"unified_gamma","param_value_internal":2.5375530057670286,"distribution":"{\"name\": \"FloatDistribution\", \"attributes\": {\"step\": null, \"low\": 1.5, \"high\": 10000.0, \"log\": true}}"}
{"op_code":8,"worker_id":"4ee9b92c-3933-4379-acd9-71d03eb28469-8436","trial_id":76,"user_attr":{"reg_kappa":2.956499779743655}}
{"op_code":8,"worker_id":"4ee9b92c-3933-4379-acd9-71d03eb28469-8436","trial_id":76,"user_attr":{"raw_metrics":[0.750298908264224,0.0986720220002895,0.8333333333333334,0.025135123874591797,0.14545454545454545,0.19380066134035587,-0.10425068778058957,-0.15592268109321594,0.4444444444444444]}}
{"op_code":8,"worker_id":"4ee9b92c-3933-4379-acd9-71d03eb28469-8436","trial_id":76,"user_attr":{"val_metrics":[0.032056742077244266,-0.3412058260586246,0.3333333333333333,0.10438827957377594,-3.810011003250428]}}
{"op_code":5,"worker_id":"730926b8-3561-4d41-8207-eff33417443e-31524","trial_id":77,"param_name":"huber_delta","param_value_internal":2.037592967915641,"distribution":"{\"name\": \"FloatDistribution\", \"attributes\": {\"step\": null, \"low\": 0.5, \"high\": 5.0, \"log\": false}}"}
{"op_code":8,"worker_id":"4ee9b92c-3933-4379-acd9-71d03eb28469-8436","trial_id":76,"user_attr":{"deflated_objective":-0.7633035238302273}}
{"op_code":9,"worker_id":"4ee9b92c-3933-4379-acd9-71d03eb28469-8436","trial_id":76,"system_attr":{"constraints":[-0.025135123874591797,-0.0986720220002895,-0.2333333333333334,0.10454545454545455,-0.19380066134035587,-111.0,-8.0,-0.04253539253539254,0.0,-1179.6849110478931,0.005555555555555591,-0.051719576719576665]}}
{"op_code":8,"worker_id":"8f604b1c-5c89-49b3-8f74-e266eb784c80-3216","trial_id":75,"user_attr":{"gini":0.861127080843554}}
{"op_code":6,"worker_id":"4ee9b92c-3933-4379-acd9-71d03eb28469-8436","trial_id":76,"state":1,"values":[-0.2601753851553867],"datetime_complete":"2026-07-14T11:40:42.578268"}
{"op_code":8,"worker_id":"8f604b1c-5c89-49b3-8f74-e266eb784c80-3216","trial_id":75,"user_attr":{"cv_is_ics":[0.07347791641950607,0.0761859193444252,0.09931275248527527,0.08290516585111618,0.046503886580467224,0.06625325232744217,0.11718890070915222,0.10056654363870621,0.0665104016661644,0.10843818634748459,0.0402185432612896,0.047874826937913895,0.09512871503829956,0.07567595690488815,0.06819029152393341]}}
{"op_code":8,"worker_id":"8f604b1c-5c89-49b3-8f74-e266eb784c80-3216","trial_id":75,"user_attr":{"cv_oos_ics":[-0.010272106155753136,-0.03096025064587593,0.022215774282813072,0.06189986690878868,0.03214434161782265,-0.02777559868991375,-0.0009315246716141701,0.0031641656532883644,-0.03759811818599701,-0.04122069850564003,-0.011161492206156254,-0.0030953995883464813,0.002897649770602584,0.037378016859292984,0.018243391066789627]}}
{"op_code":4,"worker_id":"56919051-f4e0-47aa-93d8-96baf93333ad-8896","study_id":0,"datetime_start":"2026-07-14T11:40:42.583644"}
{"op_code":4,"worker_id":"4ee9b92c-3933-4379-acd9-71d03eb28469-8436","study_id":0,"datetime_start":"2026-07-14T11:40:42.581511"}
{"op_code":5,"worker_id":"56919051-f4e0-47aa-93d8-96baf93333ad-8896","trial_id":80,"param_name":"k_weight","param_value_internal":0.197965273989947,"distribution":"{\"name\": \"FloatDistribution\", \"attributes\": {\"step\": null, \"low\": 0.0, \"high\": 1.5, \"log\": false}}"}
{"op_code":8,"worker_id":"8f604b1c-5c89-49b3-8f74-e266eb784c80-3216","trial_id":75,"user_attr":{"reg_kappa":2.667170948259254}}
{"op_code":5,"worker_id":"4ee9b92c-3933-4379-acd9-71d03eb28469-8436","trial_id":81,"param_name":"k_weight","param_value_internal":0.2073346430579493,"distribution":"{\"name\": \"FloatDistribution\", \"attributes\": {\"step\": null, \"low\": 0.0, \"high\": 1.5, \"log\": false}}"}
{"op_code":5,"worker_id":"56919051-f4e0-47aa-93d8-96baf93333ad-8896","trial_id":80,"param_name":"unified_alpha","param_value_internal":0.07943956351716976,"distribution":"{\"name\": \"FloatDistribution\", \"attributes\": {\"step\": null, \"low\": 1e-05, \"high\": 10.0, \"log\": true}}"}
{"op_code":5,"worker_id":"4ee9b92c-3933-4379-acd9-71d03eb28469-8436","trial_id":81,"param_name":"unified_alpha","param_value_internal":0.10908426977914631,"distribution":"{\"name\": \"FloatDistribution\", \"attributes\": {\"step\": null, \"low\": 1e-05, \"high\": 10.0, \"log\": true}}"}
{"op_code":5,"worker_id":"56919051-f4e0-47aa-93d8-96baf93333ad-8896","trial_id":80,"param_name":"unified_rho","param_value_internal":0.4460615244896434,"distribution":"{\"name\": \"FloatDistribution\", \"attributes\": {\"step\": null, \"low\": 0.0, \"high\": 1.0, \"log\": false}}"}
{"op_code":5,"worker_id":"4ee9b92c-3933-4379-acd9-71d03eb28469-8436","trial_id":81,"param_name":"unified_rho","param_value_internal":0.45867946584052266,"distribution":"{\"name\": \"FloatDistribution\", \"attributes\": {\"step\": null, \"low\": 0.0, \"high\": 1.0, \"log\": false}}"}
{"op_code":5,"worker_id":"56919051-f4e0-47aa-93d8-96baf93333ad-8896","trial_id":80,"param_name":"unified_gamma","param_value_internal":549.2637745430102,"distribution":"{\"name\": \"FloatDistribution\", \"attributes\": {\"step\": null, \"low\": 1.5, \"high\": 10000.0, \"log\": true}}"}
{"op_code":5,"worker_id":"4ee9b92c-3933-4379-acd9-71d03eb28469-8436","trial_id":81,"param_name":"unified_gamma","param_value_internal":543.9459749649887,"distribution":"{\"name\": \"FloatDistribution\", \"attributes\": {\"step\": null, \"low\": 1.5, \"high\": 10000.0, \"log\": true}}"}
{"op_code":5,"worker_id":"56919051-f4e0-47aa-93d8-96baf93333ad-8896","trial_id":80,"param_name":"huber_delta","param_value_internal":2.0462472036678263,"distribution":"{\"name\": \"FloatDistribution\", \"attributes\": {\"step\": null, \"low\": 0.5, \"high\": 5.0, \"log\": false}}"}
{"op_code":5,"worker_id":"4ee9b92c-3933-4379-acd9-71d03eb28469-8436","trial_id":81,"param_name":"huber_delta","param_value_internal":2.037687342674913,"distribution":"{\"name\": \"FloatDistribution\", \"attributes\": {\"step\": null, \"low\": 0.5, \"high\": 5.0, \"log\": false}}"}
{"op_code":8,"worker_id":"88170b36-1b55-4416-bd3f-b3a3301f6d37-19176","trial_id":78,"user_attr":{"constraints":[-0.07456261926265191,-0.03003080753676161,0.26666666666666666,0.17323232323232324,0.08150838867347272,-120.0,1.0,-0.01737451737451737,0.16666666666666669,-1180.2133964953205,-0.000694444444444331,-0.08941798941798945]}}
{"op_code":8,"worker_id":"f5b09576-cc43-47fd-b1cf-02a0286dc7a7-22852","trial_id":79,"user_attr":{"constraints":[-0.006590237155841658,-0.0616147361588091,-0.2333333333333334,0.03787878787878787,-0.17706272802522616,-111.0,-8.0,-0.10782925782925783,0.0,-1179.5573352773943,0.03541666666666671,-0.0038359788359787483]}}
{"op_code":8,"worker_id":"88170b36-1b55-4416-bd3f-b3a3301f6d37-19176","trial_id":78,"user_attr":{"pruned_reasons":["M3 (Hit Rate < 60%)","M5 (Monotonicity <= 0.25)","M6 (Top-Bottom Spread <= 0)","Active features count (4) is less than active feature floor (5)","Side-specific Hit Rate (33.33% < 50%)"]}}
{"op_code":8,"worker_id":"730926b8-3561-4d41-8207-eff33417443e-31524","trial_id":77,"user_attr":{"constraints":[-0.034951792422581056,-0.004552225369303243,-0.06666666666666665,0.18535353535353533,0.14048475111834705,-118.0,-1.0,0.1704204204204204,0.33333333333333337,-1180.4423224907932,0.009027777777777857,-0.09867724867724875]}}
{"op_code":8,"worker_id":"88170b36-1b55-4416-bd3f-b3a3301f6d37-19176","trial_id":78,"user_attr":{"gini":0.7676113048658562}}
{"op_code":8,"worker_id":"f5b09576-cc43-47fd-b1cf-02a0286dc7a7-22852","trial_id":79,"user_attr":{"pruned_reasons":["M5 (Monotonicity <= 0.25)","Yearly Daily Win Rate (41.46% < 45%)"]}}
{"op_code":8,"worker_id":"f5b09576-cc43-47fd-b1cf-02a0286dc7a7-22852","trial_id":79,"user_attr":{"gini":0.3572378813560373}}
{"op_code":8,"worker_id":"730926b8-3561-4d41-8207-eff33417443e-31524","trial_id":77,"user_attr":{"pruned_reasons":["M5 (Monotonicity <= 0.25)","M6 (Top-Bottom Spread <= 0)","Side-specific Yearly Tail IC Mean (-0.1704 <= 0)","Side-specific Hit Rate (16.67% < 50%)","Yearly Daily Win Rate (44.10% < 45%)"]}}
{"op_code":8,"worker_id":"88170b36-1b55-4416-bd3f-b3a3301f6d37-19176","trial_id":78,"user_attr":{"cv_is_ics":[0.09919620305299759,0.08711453527212143,0.10368012636899948,0.0803290456533432,0.04631386697292328,0.06003442034125328,0.11413794010877609,0.09646094590425491,0.09460408240556717,0.10907819867134094,0.03973720967769623,0.04909028485417366,0.10805877298116684,0.08681216090917587,0.08090522140264511]}}
{"op_code":8,"worker_id":"730926b8-3561-4d41-8207-eff33417443e-31524","trial_id":77,"user_attr":{"gini":0.6660628453216082}}
{"op_code":8,"worker_id":"f5b09576-cc43-47fd-b1cf-02a0286dc7a7-22852","trial_id":79,"user_attr":{"cv_is_ics":[0.11831334233283997,0.11125122010707855,0.11860446631908417,0.09649453312158585,0.09805647283792496,0.09420638531446457,0.11049868911504745,0.09523709863424301,0.10567449778318405,0.11472322046756744,0.07063677161931992,0.08444447815418243,0.1058158352971077,0.09029944241046906,0.09777732938528061]}}
{"op_code":8,"worker_id":"730926b8-3561-4d41-8207-eff33417443e-31524","trial_id":77,"user_attr":{"cv_is_ics":[0.10142699629068375,0.10430755466222763,0.10554355382919312,0.09729180485010147,0.0773312896490097,0.0803719237446785,0.11134587973356247,0.09844421595335007,0.09771016985177994,0.10651137679815292,0.04129765182733536,0.06324423104524612,0.10837549716234207,0.08486121147871017,0.08982180058956146]}}
{"op_code":8,"worker_id":"730926b8-3561-4d41-8207-eff33417443e-31524","trial_id":77,"user_attr":{"cv_oos_ics":[0.016412077471613884,-0.061616115272045135,0.02577074244618416,0.04820235073566437,0.04910283163189888,0.014089608564972878,-0.0006465006154030561,0.046370793133974075,0.013487531803548336,0.014661505818367004,-0.02515329048037529,-0.01459544524550438,0.061749570071697235,0.04430615156888962,0.052708949893713]}}
{"op_code":8,"worker_id":"730926b8-3561-4d41-8207-eff33417443e-31524","trial_id":77,"user_attr":{"reg_kappa":2.673159839529077}}
{"op_code":8,"worker_id":"f5b09576-cc43-47fd-b1cf-02a0286dc7a7-22852","trial_id":79,"user_attr":{"cv_oos_ics":[0.004832022823393345,-0.029780862852931023,0.02037607505917549,0.04184768348932266,0.002260401379317045,0.026614289730787277,0.01538731250911951,0.008422588929533958,-0.007063955534249544,0.006940233055502176,0.004081166815012693,0.001156895305030048,0.036953043192625046,0.050173915922641754,0.02724485471844673]}}
{"op_code":8,"worker_id":"f5b09576-cc43-47fd-b1cf-02a0286dc7a7-22852","trial_id":79,"user_attr":{"reg_kappa":2.9561878244124413}}
{"op_code":8,"worker_id":"f5b09576-cc43-47fd-b1cf-02a0286dc7a7-22852","trial_id":79,"user_attr":{"raw_metrics":[0.9772079461316614,0.0616147361588091,0.8333333333333334,0.006590237155841658,0.21212121212121213,0.17706272802522616,-0.10418084762495736,-0.1453704982995987,0.4145833333333333]}}
{"op_code":4,"worker_id":"b7002031-0267-4e34-907a-f98a89aeacce-31796","study_id":0,"datetime_start":"2026-07-14T11:40:42.624388"}
{"op_code":8,"worker_id":"f5b09576-cc43-47fd-b1cf-02a0286dc7a7-22852","trial_id":79,"user_attr":{"val_metrics":[0.026028467730107214,-0.35016181370449917,0.3212121212121212,0.0944400568243008,-3.595456436512878]}}
{"op_code":5,"worker_id":"b7002031-0267-4e34-907a-f98a89aeacce-31796","trial_id":82,"param_name":"k_weight","param_value_internal":0.19043129426468675,"distribution":"{\"name\": \"FloatDistribution\", \"attributes\": {\"step\": null, \"low\": 0.0, \"high\": 1.5, \"log\": false}}"}
{"op_code":8,"worker_id":"742e66aa-3105-40ac-ae48-a88cec06f28a-11668","trial_id":61,"user_attr":{"gini":0.3695552567581666}}
{"op_code":5,"worker_id":"b7002031-0267-4e34-907a-f98a89aeacce-31796","trial_id":82,"param_name":"unified_alpha","param_value_internal":2.7079000376868566e-05,"distribution":"{\"name\": \"FloatDistribution\", \"attributes\": {\"step\": null, \"low\": 1e-05, \"high\": 10.0, \"log\": true}}"}
{"op_code":8,"worker_id":"742e66aa-3105-40ac-ae48-a88cec06f28a-11668","trial_id":61,"user_attr":{"cv_is_ics":[0.11826059222221375,0.11016537994146347,0.11626328527927399,0.09781622141599655,0.0987524464726448,0.09166449308395386,0.1105591207742691,0.09347999840974808,0.10354363918304443,0.11291919648647308,0.06938862800598145,0.08444102853536606,0.10394972562789917,0.08630122989416122,0.09528259187936783]}}
{"op_code":8,"worker_id":"f5b09576-cc43-47fd-b1cf-02a0286dc7a7-22852","trial_id":79,"user_attr":{"deflated_objective":-0.6779603355086516}}
{"op_code":8,"worker_id":"730926b8-3561-4d41-8207-eff33417443e-31524","trial_id":77,"user_attr":{"raw_metrics":[0.058347577493369406,0.004552225369303243,0.6666666666666666,0.034951792422581056,0.06464646464646466,-0.14048475111834705,-0.048236563483426316,-0.13030220568180084,0.44097222222222215]}}
{"op_code":9,"worker_id":"f5b09576-cc43-47fd-b1cf-02a0286dc7a7-22852","trial_id":79,"system_attr":{"constraints":[-0.006590237155841658,-0.0616147361588091,-0.2333333333333334,0.03787878787878787,-0.17706272802522616,-111.0,-8.0,-0.10782925782925783,0.0,-1179.5573352773943,0.03541666666666671,-0.0038359788359787483]}}
{"op_code":8,"worker_id":"742e66aa-3105-40ac-ae48-a88cec06f28a-11668","trial_id":61,"user_attr":{"cv_oos_ics":[0.003472820622846484,-0.03330279886722565,0.01983065716922283,0.04431793838739395,0.008822356350719929,0.027897894382476807,0.013639440760016441,0.012153386138379574,-0.003964425530284643,0.003977664280682802,0.0021704244427382946,0.00173662428278476,0.030355919152498245,0.05113576352596283,0.029108615592122078]}}
{"op_code":8,"worker_id":"4ee9b92c-3933-4379-acd9-71d03eb28469-8436","trial_id":81,"user_attr":{"constraints":[-0.04091758248836106,-0.009211329363984416,0.26666666666666666,0.148989898989899,0.08644897145736548,-122.0,4.0,0.1223080223080223,0.0,-1181.3975495873578,-0.011111111111111072,-0.0940476190476191]}}
{"op_code":8,"worker_id":"730926b8-3561-4d41-8207-eff33417443e-31524","trial_id":77,"user_attr":{"val_metrics":[0.03471487879724171,-0.20913502332137207,0.2727272727272727,0.04865907982626147,-7.888560146314033]}}
{"op_code":6,"worker_id":"f5b09576-cc43-47fd-b1cf-02a0286dc7a7-22852","trial_id":79,"state":1,"values":[-0.1797509021735938],"datetime_complete":"2026-07-14T11:40:42.650633"}
{"op_code":8,"worker_id":"742e66aa-3105-40ac-ae48-a88cec06f28a-11668","trial_id":61,"user_attr":{"reg_kappa":2.9442577664348066}}
{"op_code":8,"worker_id":"8f604b1c-5c89-49b3-8f74-e266eb784c80-3216","trial_id":75,"user_attr":{"raw_metrics":[-0.0435422402571565,-0.007496818344651217,0.5,0.03254732517048551,0.12121212121212122,-0.11005001328575115,-0.024125742770532477,-0.029216496273875237,0.4375]}}
{"op_code":8,"worker_id":"8f604b1c-5c89-49b3-8f74-e266eb784c80-3216","trial_id":75,"user_attr":{"val_metrics":[-0.07504489561278489,-0.3287755381652606,-0.3696969696969697,-0.43242547935401293,-9.586908536353375]}}
{"op_code":4,"worker_id":"f5b09576-cc43-47fd-b1cf-02a0286dc7a7-22852","study_id":0,"datetime_start":"2026-07-14T11:40:42.656859"}
{"op_code":8,"worker_id":"4ee9b92c-3933-4379-acd9-71d03eb28469-8436","trial_id":81,"user_attr":{"pruned_reasons":["M3 (Hit Rate < 60%)","M5 (Monotonicity <= 0.25)","M6 (Top-Bottom Spread <= 0)","Active features count (1) is less than active feature floor (5)","Side-specific Yearly Tail IC Mean (-0.1223 <= 0)"]}}
{"op_code":8,"worker_id":"4ee9b92c-3933-4379-acd9-71d03eb28469-8436","trial_id":81,"user_attr":{"gini":0.9230768831870384}}
{"op_code":8,"worker_id":"4ee9b92c-3933-4379-acd9-71d03eb28469-8436","trial_id":81,"user_attr":{"cv_is_ics":[0.03998761251568794,0.0454699732363224,0.09619265794754028,0.06478309631347656,0.05024159699678421,0.06564733386039734,0.09859602898359299,0.0,0.06206135451793671,0.09192639589309692,0.05059979856014252,0.04949783906340599,0.09026956558227539,0.07917921245098114,0.07312620431184769]}}
{"op_code":8,"worker_id":"730926b8-3561-4d41-8207-eff33417443e-31524","trial_id":77,"user_attr":{"deflated_objective":-2.388720533971548}}
{"op_code":5,"worker_id":"f5b09576-cc43-47fd-b1cf-02a0286dc7a7-22852","trial_id":83,"param_name":"k_weight","param_value_internal":0.2053621914283308,"distribution":"{\"name\": \"FloatDistribution\", \"attributes\": {\"step\": null, \"low\": 0.0, \"high\": 1.5, \"log\": false}}"}
{"op_code":9,"worker_id":"730926b8-3561-4d41-8207-eff33417443e-31524","trial_id":77,"system_attr":{"constraints":[-0.034951792422581056,-0.004552225369303243,-0.06666666666666665,0.18535353535353533,0.14048475111834705,-118.0,-1.0,0.1704204204204204,0.33333333333333337,-1180.4423224907932,0.009027777777777857,-0.09867724867724875]}}
{"op_code":6,"worker_id":"730926b8-3561-4d41-8207-eff33417443e-31524","trial_id":77,"state":1,"values":[-1.8445615135160958],"datetime_complete":"2026-07-14T11:40:42.672601"}
{"op_code":8,"worker_id":"8f604b1c-5c89-49b3-8f74-e266eb784c80-3216","trial_id":75,"user_attr":{"deflated_objective":-3.244328138120442}}
{"op_code":4,"worker_id":"730926b8-3561-4d41-8207-eff33417443e-31524","study_id":0,"datetime_start":"2026-07-14T11:40:42.675144"}
{"op_code":5,"worker_id":"f5b09576-cc43-47fd-b1cf-02a0286dc7a7-22852","trial_id":83,"param_name":"unified_alpha","param_value_internal":2.1011799235157615e-05,"distribution":"{\"name\": \"FloatDistribution\", \"attributes\": {\"step\": null, \"low\": 1e-05, \"high\": 10.0, \"log\": true}}"}
{"op_code":5,"worker_id":"b7002031-0267-4e34-907a-f98a89aeacce-31796","trial_id":82,"param_name":"unified_rho","param_value_internal":0.4314388975391229,"distribution":"{\"name\": \"FloatDistribution\", \"attributes\": {\"step\": null, \"low\": 0.0, \"high\": 1.0, \"log\": false}}"}
{"op_code":5,"worker_id":"f5b09576-cc43-47fd-b1cf-02a0286dc7a7-22852","trial_id":83,"param_name":"unified_rho","param_value_internal":0.4424631655056273,"distribution":"{\"name\": \"FloatDistribution\", \"attributes\": {\"step\": null, \"low\": 0.0, \"high\": 1.0, \"log\": false}}"}
{"op_code":9,"worker_id":"8f604b1c-5c89-49b3-8f74-e266eb784c80-3216","trial_id":75,"system_attr":{"constraints":[-0.03254732517048551,0.007496818344651217,0.09999999999999998,0.12878787878787878,0.11005001328575115,-121.0,2.0,-0.1547940797940798,-0.16666666666666663,-1180.506390147932,0.012500000000000011,-0.013756613756613745]}}
{"op_code":5,"worker_id":"730926b8-3561-4d41-8207-eff33417443e-31524","trial_id":84,"param_name":"k_weight","param_value_internal":0.16951605342758855,"distribution":"{\"name\": \"FloatDistribution\", \"attributes\": {\"step\": null, \"low\": 0.0, \"high\": 1.5, \"log\": false}}"}
{"op_code":5,"worker_id":"f5b09576-cc43-47fd-b1cf-02a0286dc7a7-22852","trial_id":83,"param_name":"unified_gamma","param_value_internal":19.10203912650887,"distribution":"{\"name\": \"FloatDistribution\", \"attributes\": {\"step\": null, \"low\": 1.5, \"high\": 10000.0, \"log\": true}}"}
{"op_code":8,"worker_id":"4ee9b92c-3933-4379-acd9-71d03eb28469-8436","trial_id":81,"user_attr":{"cv_oos_ics":[-0.006307255942374468,0.017975863069295883,0.03440460190176964,0.024338219314813614,0.07181234657764435,-0.03426637127995491,0.024219214916229248,0.0,-0.042326074093580246,-0.008283347822725773,0.014622069895267487,0.02220994047820568,-0.007674437016248703,0.02642466314136982,0.038616061210632324]}}
{"op_code":6,"worker_id":"8f604b1c-5c89-49b3-8f74-e266eb784c80-3216","trial_id":75,"state":1,"values":[-2.6469754770725737],"datetime_complete":"2026-07-14T11:40:42.682622"}
{"op_code":5,"worker_id":"f5b09576-cc43-47fd-b1cf-02a0286dc7a7-22852","trial_id":83,"param_name":"huber_delta","param_value_internal":1.4951695888019403,"distribution":"{\"name\": \"FloatDistribution\", \"attributes\": {\"step\": null, \"low\": 0.5, \"high\": 5.0, \"log\": false}}"}
{"op_code":5,"worker_id":"b7002031-0267-4e34-907a-f98a89aeacce-31796","trial_id":82,"param_name":"unified_gamma","param_value_internal":571.6619936565328,"distribution":"{\"name\": \"FloatDistribution\", \"attributes\": {\"step\": null, \"low\": 1.5, \"high\": 10000.0, \"log\": true}}"}
{"op_code":8,"worker_id":"4ee9b92c-3933-4379-acd9-71d03eb28469-8436","trial_id":81,"user_attr":{"reg_kappa":2.736647647749594}}
{"op_code":8,"worker_id":"4ee9b92c-3933-4379-acd9-71d03eb28469-8436","trial_id":81,"user_attr":{"raw_metrics":[0.052634595535589766,0.009211329363984416,0.3333333333333333,0.04091758248836106,0.10101010101010101,-0.08644897145736548,-0.00808390156305498,-0.014367591589689255,0.4611111111111111]}}
{"op_code":5,"worker_id":"b7002031-0267-4e34-907a-f98a89aeacce-31796","trial_id":82,"param_name":"huber_delta","param_value_internal":1.9873936066784572,"distribution":"{\"name\": \"FloatDistribution\", \"attributes\": {\"step\": null, \"low\": 0.5, \"high\": 5.0, \"log\": false}}"}
{"op_code":8,"worker_id":"4ee9b92c-3933-4379-acd9-71d03eb28469-8436","trial_id":81,"user_attr":{"val_metrics":[-0.12324208294551627,-0.34444547329744357,-0.6848484848484848,-0.5081698010284184,-10.09449502039695]}}
{"op_code":5,"worker_id":"730926b8-3561-4d41-8207-eff33417443e-31524","trial_id":84,"param_name":"unified_alpha","param_value_internal":0.00024027471291811084,"distribution":"{\"name\": \"FloatDistribution\", \"attributes\": {\"step\": null, \"low\": 1e-05, \"high\": 10.0, \"log\": true}}"}
{"op_code":8,"worker_id":"4ee9b92c-3933-4379-acd9-71d03eb28469-8436","trial_id":81,"user_attr":{"deflated_objective":-3.6360217977349283}}
{"op_code":5,"worker_id":"730926b8-3561-4d41-8207-eff33417443e-31524","trial_id":84,"param_name":"unified_rho","param_value_internal":0.9974118485344139,"distribution":"{\"name\": \"FloatDistribution\", \"attributes\": {\"step\": null, \"low\": 0.0, \"high\": 1.0, \"log\": false}}"}
{"op_code":9,"worker_id":"4ee9b92c-3933-4379-acd9-71d03eb28469-8436","trial_id":81,"system_attr":{"constraints":[-0.04091758248836106,-0.009211329363984416,0.26666666666666666,0.148989898989899,0.08644897145736548,-122.0,4.0,0.1223080223080223,0.0,-1181.3975495873578,-0.011111111111111072,-0.0940476190476191]}}
{"op_code":5,"worker_id":"730926b8-3561-4d41-8207-eff33417443e-31524","trial_id":84,"param_name":"unified_gamma","param_value_internal":49.445962073349556,"distribution":"{\"name\": \"FloatDistribution\", \"attributes\": {\"step\": null, \"low\": 1.5, \"high\": 10000.0, \"log\": true}}"}
{"op_code":6,"worker_id":"4ee9b92c-3933-4379-acd9-71d03eb28469-8436","trial_id":81,"state":1,"values":[-2.8926129149667372],"datetime_complete":"2026-07-14T11:40:42.709051"}
{"op_code":8,"worker_id":"56919051-f4e0-47aa-93d8-96baf93333ad-8896","trial_id":80,"user_attr":{"constraints":[-0.056079951364654636,-0.0072151190595363445,0.09999999999999998,0.18535353535353533,0.09523887790636058,-120.0,1.0,0.14875589875589876,0.33333333333333337,-1180.66917546994,-0.007638888888888862,-0.08941798941798945]}}
{"op_code":8,"worker_id":"56919051-f4e0-47aa-93d8-96baf93333ad-8896","trial_id":80,"user_attr":{"pruned_reasons":["M3 (Hit Rate < 60%)","M5 (Monotonicity <= 0.25)","M6 (Top-Bottom Spread <= 0)","Active features count (4) is less than active feature floor (5)","Side-specific Yearly Tail IC Mean (-0.1488 <= 0)","Side-specific Hit Rate (16.67% < 50%)"]}}
{"op_code":8,"worker_id":"56919051-f4e0-47aa-93d8-96baf93333ad-8896","trial_id":80,"user_attr":{"gini":0.8399838068923253}}
{"op_code":8,"worker_id":"56919051-f4e0-47aa-93d8-96baf93333ad-8896","trial_id":80,"user_attr":{"cv_is_ics":[0.06355828791856766,0.06872934848070145,0.08999669551849365,0.06190865859389305,0.0524139404296875,0.06353864073753357,0.11325673013925552,0.09560469537973404,0.0736030787229538,0.10398246347904205,0.04521983489394188,0.04635244235396385,0.10091106593608856,0.08650121837854385,0.077208511531353]}}
{"op_code":5,"worker_id":"730926b8-3561-4d41-8207-eff33417443e-31524","trial_id":84,"param_name":"huber_delta","param_value_internal":0.8281569220977286,"distribution":"{\"name\": \"FloatDistribution\", \"attributes\": {\"step\": null, \"low\": 0.5, \"high\": 5.0, \"log\": false}}"}
{"op_code":4,"worker_id":"bf6182bc-660e-404c-91bb-332640a27e41-8436","study_id":0,"datetime_start":"2026-07-14T11:40:42.720972"}
{"op_code":5,"worker_id":"bf6182bc-660e-404c-91bb-332640a27e41-8436","trial_id":85,"param_name":"k_weight","param_value_internal":0.08182696774105663,"distribution":"{\"name\": \"FloatDistribution\", \"attributes\": {\"step\": null, \"low\": 0.0, \"high\": 1.5, \"log\": false}}"}
{"op_code":8,"worker_id":"742e66aa-3105-40ac-ae48-a88cec06f28a-11668","trial_id":61,"user_attr":{"raw_metrics":[1.1874046841350774,0.05010899266218415,0.8333333333333334,0.006129864497879636,0.11919191919191918,0.16344770153984428,-0.1019875022310604,-0.1375434547662735,0.3909722222222222]}}
{"op_code":5,"worker_id":"bf6182bc-660e-404c-91bb-332640a27e41-8436","trial_id":85,"param_name":"unified_alpha","param_value_internal":2.7521472624392256e-05,"distribution":"{\"name\": \"FloatDistribution\", \"attributes\": {\"step\": null, \"low\": 1e-05, \"high\": 10.0, \"log\": true}}"}
{"op_code":8,"worker_id":"742e66aa-3105-40ac-ae48-a88cec06f28a-11668","trial_id":61,"user_attr":{"val_metrics":[0.027075372767645888,-0.3152375857230149,0.2606060606060606,0.019822311820462346,-3.8757172748370188]}}
{"op_code":8,"worker_id":"56919051-f4e0-47aa-93d8-96baf93333ad-8896","trial_id":80,"user_attr":{"cv_oos_ics":[0.008637845516204834,-0.039392516016960144,0.02881716750562191,0.03854798525571823,0.08734286576509476,-0.02349724993109703,0.025740718469023705,0.049878355115652084,-0.015187283046543598,-0.025931341573596,-0.012493074871599674,0.005943360738456249,0.01860016956925392,0.052484575659036636,0.02813936397433281]}}
{"op_code":8,"worker_id":"56919051-f4e0-47aa-93d8-96baf93333ad-8896","trial_id":80,"user_attr":{"reg_kappa":2.7862917541811134}}
{"op_code":8,"worker_id":"56919051-f4e0-47aa-93d8-96baf93333ad-8896","trial_id":80,"user_attr":{"raw_metrics":[0.053647001038604675,0.0072151190595363445,0.5,0.056079951364654636,0.06464646464646466,-0.09523887790636058,-0.03221637709668557,-0.033333662897348404,0.4576388888888889]}}
{"op_code":5,"worker_id":"bf6182bc-660e-404c-91bb-332640a27e41-8436","trial_id":85,"param_name":"unified_rho","param_value_internal":0.05461049105452137,"distribution":"{\"name\": \"FloatDistribution\", \"attributes\": {\"step\": null, \"low\": 0.0, \"high\": 1.0, \"log\": false}}"}
{"op_code":8,"worker_id":"742e66aa-3105-40ac-ae48-a88cec06f28a-11668","trial_id":61,"user_attr":{"deflated_objective":-1.070325670760448}}
{"op_code":8,"worker_id":"56919051-f4e0-47aa-93d8-96baf93333ad-8896","trial_id":80,"user_attr":{"val_metrics":[-0.04126265010255287,-0.2889151453802452,-0.2606060606060606,-0.14535829255465366,-9.785199749276547]}}
{"op_code":9,"worker_id":"742e66aa-3105-40ac-ae48-a88cec06f28a-11668","trial_id":61,"system_attr":{"constraints":[-0.006129864497879636,-0.05010899266218415,-0.2333333333333334,0.13080808080808082,-0.16344770153984428,-114.0,-8.0,0.021267696267696267,0.0,-1175.0448436434774,0.05902777777777779,-0.027645502645502584]}}
{"op_code":8,"worker_id":"f5b09576-cc43-47fd-b1cf-02a0286dc7a7-22852","trial_id":83,"user_attr":{"constraints":[-0.02982675344926697,-0.0785182822652182,-0.2333333333333334,0.09242424242424241,-0.11671296292191578,-110.0,-8.0,0.09698627198627201,0.0,-1181.0303631932563,-0.011111111111111072,-0.07089947089947085]}}
{"op_code":6,"worker_id":"742e66aa-3105-40ac-ae48-a88cec06f28a-11668","trial_id":61,"state":1,"values":[-0.2838414618570996],"datetime_complete":"2026-07-14T11:40:42.738681"}
{"op_code":8,"worker_id":"f5b09576-cc43-47fd-b1cf-02a0286dc7a7-22852","trial_id":83,"user_attr":{"pruned_reasons":["M5 (Monotonicity <= 0.25)","Side-specific Yearly Tail IC Mean (-0.0970 <= 0)"]}}
{"op_code":8,"worker_id":"b7002031-0267-4e34-907a-f98a89aeacce-31796","trial_id":82,"user_attr":{"constraints":[-0.048239987574297705,-0.10181356536049009,-0.06666666666666665,0.062121212121212105,-0.3172222127315278,-111.0,-8.0,0.0582797082797083,0.16666666666666669,-1179.9609387664607,-0.028472222222222177,-0.0847883597883598]}}
{"op_code":5,"worker_id":"bf6182bc-660e-404c-91bb-332640a27e41-8436","trial_id":85,"param_name":"unified_gamma","param_value_internal":59.47773979636727,"distribution":"{\"name\": \"FloatDistribution\", \"attributes\": {\"step\": null, \"low\": 1.5, \"high\": 10000.0, \"log\": true}}"}
{"op_code":8,"worker_id":"56919051-f4e0-47aa-93d8-96baf93333ad-8896","trial_id":80,"user_attr":{"deflated_objective":-3.557103879520538}}
{"op_code":5,"worker_id":"bf6182bc-660e-404c-91bb-332640a27e41-8436","trial_id":85,"param_name":"huber_delta","param_value_internal":0.8228861526159315,"distribution":"{\"name\": \"FloatDistribution\", \"attributes\": {\"step\": null, \"low\": 0.5, \"high\": 5.0, \"log\": false}}"}
{"op_code":8,"worker_id":"b7002031-0267-4e34-907a-f98a89aeacce-31796","trial_id":82,"user_attr":{"pruned_reasons":["M5 (Monotonicity <= 0.25)","Side-specific Yearly Tail IC Mean (-0.0583 <= 0)","Side-specific Hit Rate (33.33% < 50%)"]}}
{"op_code":9,"worker_id":"56919051-f4e0-47aa-93d8-96baf93333ad-8896","trial_id":80,"system_attr":{"constraints":[-0.056079951364654636,-0.0072151190595363445,0.09999999999999998,0.18535353535353533,0.09523887790636058,-120.0,1.0,0.14875589875589876,0.33333333333333337,-1180.66917546994,-0.007638888888888862,-0.08941798941798945]}}
{"op_code":8,"worker_id":"b7002031-0267-4e34-907a-f98a89aeacce-31796","trial_id":82,"user_attr":{"gini":0.42176612419574067}}
{"op_code":6,"worker_id":"56919051-f4e0-47aa-93d8-96baf93333ad-8896","trial_id":80,"state":1,"values":[-2.696060489662813],"datetime_complete":"2026-07-14T11:40:42.753146"}
{"op_code":8,"worker_id":"b7002031-0267-4e34-907a-f98a89aeacce-31796","trial_id":82,"user_attr":{"cv_is_ics":[0.11636323481798172,0.11161457747220993,0.11207103729248047,0.10043157637119293,0.09794039279222488,0.09295464307069778,0.10731138288974762,0.08830779790878296,0.09897183626890182,0.10983344912528992,0.06784714013338089,0.07444798946380615,0.10711441934108734,0.07961009442806244,0.08524034172296524]}}
{"op_code":8,"worker_id":"b7002031-0267-4e34-907a-f98a89aeacce-31796","trial_id":82,"user_attr":{"cv_oos_ics":[-0.004342556465417147,-0.01349093858152628,0.02413363568484783,0.052948664873838425,0.03830111399292946,0.036120593547821045,0.020916808396577835,0.04593443125486374,0.015375069342553616,0.01742219552397728,0.00879288837313652,0.0349443294107914,0.048225730657577515,0.05309619382023811,0.0525151826441288]}}
{"op_code":8,"worker_id":"f5b09576-cc43-47fd-b1cf-02a0286dc7a7-22852","trial_id":83,"user_attr":{"gini":0.395326791926939}}
{"op_code":8,"worker_id":"b7002031-0267-4e34-907a-f98a89aeacce-31796","trial_id":82,"user_attr":{"reg_kappa":2.9572283477971326}}
{"op_code":8,"worker_id":"f5b09576-cc43-47fd-b1cf-02a0286dc7a7-22852","trial_id":83,"user_attr":{"cv_is_ics":[0.11796072125434875,0.11069165170192719,0.11535301804542542,0.09970878809690475,0.09840314835309982,0.09142815321683884,0.10859154909849167,0.08887507766485214,0.09922508150339127,0.11130776256322861,0.06420426815748215,0.07957524806261063,0.10471981763839722,0.08079522848129272,0.08536288142204285]}}
{"op_code":8,"worker_id":"730926b8-3561-4d41-8207-eff33417443e-31524","trial_id":84,"user_attr":{"constraints":[-0.009527122499982728,-0.07898239889121346,-0.2333333333333334,0.1388888888888889,-0.14243644079710877,-112.0,-8.0,-0.09933504933504933,0.0,-1178.511679199656,0.04236111111111113,-0.008465608465608399]}}
{"op_code":8,"worker_id":"f5b09576-cc43-47fd-b1cf-02a0286dc7a7-22852","trial_id":83,"user_attr":{"cv_oos_ics":[-0.0009632724104449153,-0.020041361451148987,0.023071272298693657,0.050945382565259933,0.027635639533400536,0.038844265043735504,0.020410967990756035,0.029193894937634468,0.011223000474274158,0.01750989444553852,0.003453032346442342,0.020226161926984787,0.03925943374633789,0.05079393461346626,0.04208845645189285]}}
{"op_code":8,"worker_id":"730926b8-3561-4d41-8207-eff33417443e-31524","trial_id":84,"user_attr":{"pruned_reasons":["M5 (Monotonicity <= 0.25)","Yearly Daily Win Rate (40.76% < 45%)"]}}
{"op_code":8,"worker_id":"f5b09576-cc43-47fd-b1cf-02a0286dc7a7-22852","trial_id":83,"user_attr":{"reg_kappa":2.9599245875054963}}
{"op_code":8,"worker_id":"f5b09576-cc43-47fd-b1cf-02a0286dc7a7-22852","trial_id":83,"user_attr":{"raw_metrics":[0.7442404511238823,0.0785182822652182,0.8333333333333334,0.02982675344926697,0.1575757575757576,0.11671296292191578,-0.10500786140315123,-0.1747048795223236,0.4611111111111111]}}
{"op_code":8,"worker_id":"f5b09576-cc43-47fd-b1cf-02a0286dc7a7-22852","trial_id":83,"user_attr":{"val_metrics":[0.035922643298986576,-0.3541984138448732,0.41818181818181815,0.06443886897877615,-4.178849009970677]}}
{"op_code":8,"worker_id":"730926b8-3561-4d41-8207-eff33417443e-31524","trial_id":84,"user_attr":{"gini":0.35470133432372}}
{"op_code":8,"worker_id":"730926b8-3561-4d41-8207-eff33417443e-31524","trial_id":84,"user_attr":{"cv_is_ics":[0.11793238669633865,0.11025216430425644,0.11831598728895187,0.09773339331150055,0.098448246717453,0.09381291270256042,0.11169862747192383,0.09642942249774933,0.10739895701408386,0.11488483101129532,0.07278522849082947,0.08461154252290726,0.10585366189479828,0.09192267060279846,0.09793198853731155]}}
{"op_code":8,"worker_id":"730926b8-3561-4d41-8207-eff33417443e-31524","trial_id":84,"user_attr":{"cv_oos_ics":[0.004062088206410408,-0.02778199315071106,0.019942844286561012,0.042471688240766525,0.0021449397318065166,0.02705250307917595,0.015212910249829292,0.008518688380718231,-0.009219574742019176,0.005566081963479519,0.0056604729034006596,-0.0009570083930157125,0.03938315063714981,0.05013106018304825,0.02708098664879799]}}
{"op_code":8,"worker_id":"f5b09576-cc43-47fd-b1cf-02a0286dc7a7-22852","trial_id":83,"user_attr":{"deflated_objective":-1.2708172578643309}}
{"op_code":8,"worker_id":"b7002031-0267-4e34-907a-f98a89aeacce-31796","trial_id":82,"user_attr":{"raw_metrics":[0.623068499133085,0.10181356536049009,0.6666666666666666,0.048239987574297705,0.1878787878787879,0.3172222127315278,-0.10440291086738487,-0.18696068227291107,0.4784722222222222]}}
{"op_code":8,"worker_id":"b7002031-0267-4e34-907a-f98a89aeacce-31796","trial_id":82,"user_attr":{"val_metrics":[0.04051988372411443,-0.38207226521555937,0.5393939393939394,0.07611191970890091,-3.9716805495990277]}}
{"op_code":8,"worker_id":"730926b8-3561-4d41-8207-eff33417443e-31524","trial_id":84,"user_attr":{"reg_kappa":2.953660460988523}}
{"op_code":8,"worker_id":"730926b8-3561-4d41-8207-eff33417443e-31524","trial_id":84,"user_attr":{"raw_metrics":[0.9835911846007472,0.07898239889121346,0.8333333333333334,0.009527122499982728,0.11111111111111109,0.14243644079710877,-0.10362268541464435,-0.14238084852695465,0.4076388888888889]}}
{"op_code":8,"worker_id":"730926b8-3561-4d41-8207-eff33417443e-31524","trial_id":84,"user_attr":{"val_metrics":[0.023480207693310728,-0.24650538174561698,0.3090909090909091,0.0944400568243008,-4.337457578474963]}}
{"op_code":8,"worker_id":"b7002031-0267-4e34-907a-f98a89aeacce-31796","trial_id":82,"user_attr":{"deflated_objective":-1.1866651653769806}}
{"op_code":9,"worker_id":"f5b09576-cc43-47fd-b1cf-02a0286dc7a7-22852","trial_id":83,"system_attr":{"constraints":[-0.02982675344926697,-0.0785182822652182,-0.2333333333333334,0.09242424242424241,-0.11671296292191578,-110.0,-8.0,0.09698627198627201,0.0,-1181.0303631932563,-0.011111111111111072,-0.07089947089947085]}}
{"op_code":9,"worker_id":"b7002031-0267-4e34-907a-f98a89aeacce-31796","trial_id":82,"system_attr":{"constraints":[-0.048239987574297705,-0.10181356536049009,-0.06666666666666665,0.062121212121212105,-0.3172222127315278,-111.0,-8.0,0.0582797082797083,0.16666666666666669,-1179.9609387664607,-0.028472222222222177,-0.0847883597883598]}}
{"op_code":8,"worker_id":"bf6182bc-660e-404c-91bb-332640a27e41-8436","trial_id":85,"user_attr":{"constraints":[-0.0051136052984217225,-0.0875578406733422,-0.2333333333333334,0.13080808080808082,-0.13436666478195952,-115.0,-8.0,-0.15418275418275418,-0.16666666666666663,-1173.067460891479,0.04583333333333339,-0.0038359788359787483]}}
{"op_code":4,"worker_id":"d7a39e6f-89cc-4992-919a-0e11e986dde0-3216","study_id":0,"datetime_start":"2026-07-14T11:40:42.778094"}
{"op_code":6,"worker_id":"f5b09576-cc43-47fd-b1cf-02a0286dc7a7-22852","trial_id":83,"state":1,"values":[-0.40403618433657695],"datetime_complete":"2026-07-14T11:40:42.793808"}
{"op_code":5,"worker_id":"d7a39e6f-89cc-4992-919a-0e11e986dde0-3216","trial_id":86,"param_name":"k_weight","param_value_internal":0.0659415587956161,"distribution":"{\"name\": \"FloatDistribution\", \"attributes\": {\"step\": null, \"low\": 0.0, \"high\": 1.5, \"log\": false}}"}
{"op_code":8,"worker_id":"bf6182bc-660e-404c-91bb-332640a27e41-8436","trial_id":85,"user_attr":{"pruned_reasons":["M5 (Monotonicity <= 0.25)","Yearly Daily Win Rate (40.42% < 45%)"]}}
{"op_code":5,"worker_id":"d7a39e6f-89cc-4992-919a-0e11e986dde0-3216","trial_id":86,"param_name":"unified_alpha","param_value_internal":3.098746493281347e-05,"distribution":"{\"name\": \"FloatDistribution\", \"attributes\": {\"step\": null, \"low\": 1e-05, \"high\": 10.0, \"log\": true}}"}
{"op_code":6,"worker_id":"b7002031-0267-4e34-907a-f98a89aeacce-31796","trial_id":82,"state":1,"values":[-0.3197374045808966],"datetime_complete":"2026-07-14T11:40:42.794637"}
{"op_code":5,"worker_id":"d7a39e6f-89cc-4992-919a-0e11e986dde0-3216","trial_id":86,"param_name":"unified_rho","param_value_internal":0.050250388724935924,"distribution":"{\"name\": \"FloatDistribution\", \"attributes\": {\"step\": null, \"low\": 0.0, \"high\": 1.0, \"log\": false}}"}
{"op_code":4,"worker_id":"b7002031-0267-4e34-907a-f98a89aeacce-31796","study_id":0,"datetime_start":"2026-07-14T11:40:42.806529"}
{"op_code":5,"worker_id":"d7a39e6f-89cc-4992-919a-0e11e986dde0-3216","trial_id":86,"param_name":"unified_gamma","param_value_internal":1770.8038302635855,"distribution":"{\"name\": \"FloatDistribution\", \"attributes\": {\"step\": null, \"low\": 1.5, \"high\": 10000.0, \"log\": true}}"}
{"op_code":5,"worker_id":"b7002031-0267-4e34-907a-f98a89aeacce-31796","trial_id":87,"param_name":"k_weight","param_value_internal":0.08278621289238611,"distribution":"{\"name\": \"FloatDistribution\", \"attributes\": {\"step\": null, \"low\": 0.0, \"high\": 1.5, \"log\": false}}"}
{"op_code":5,"worker_id":"d7a39e6f-89cc-4992-919a-0e11e986dde0-3216","trial_id":86,"param_name":"huber_delta","param_value_internal":0.8504295737661154,"distribution":"{\"name\": \"FloatDistribution\", \"attributes\": {\"step\": null, \"low\": 0.5, \"high\": 5.0, \"log\": false}}"}
{"op_code":4,"worker_id":"e1d279c8-e68f-4cf8-988e-4b5b4b125729-22852","study_id":0,"datetime_start":"2026-07-14T11:40:42.810445"}
{"op_code":5,"worker_id":"b7002031-0267-4e34-907a-f98a89aeacce-31796","trial_id":87,"param_name":"unified_alpha","param_value_internal":0.00018353633625101416,"distribution":"{\"name\": \"FloatDistribution\", \"attributes\": {\"step\": null, \"low\": 1e-05, \"high\": 10.0, \"log\": true}}"}
{"op_code":5,"worker_id":"e1d279c8-e68f-4cf8-988e-4b5b4b125729-22852","trial_id":88,"param_name":"k_weight","param_value_internal":0.06977582565075019,"distribution":"{\"name\": \"FloatDistribution\", \"attributes\": {\"step\": null, \"low\": 0.0, \"high\": 1.5, \"log\": false}}"}
{"op_code":5,"worker_id":"b7002031-0267-4e34-907a-f98a89aeacce-31796","trial_id":87,"param_name":"unified_rho","param_value_internal":0.04997774680900924,"distribution":"{\"name\": \"FloatDistribution\", \"attributes\": {\"step\": null, \"low\": 0.0, \"high\": 1.0, \"log\": false}}"}
{"op_code":5,"worker_id":"e1d279c8-e68f-4cf8-988e-4b5b4b125729-22852","trial_id":88,"param_name":"unified_alpha","param_value_internal":8.989230714816178e-05,"distribution":"{\"name\": \"FloatDistribution\", \"attributes\": {\"step\": null, \"low\": 1e-05, \"high\": 10.0, \"log\": true}}"}
{"op_code":5,"worker_id":"b7002031-0267-4e34-907a-f98a89aeacce-31796","trial_id":87,"param_name":"unified_gamma","param_value_internal":1563.2407523652603,"distribution":"{\"name\": \"FloatDistribution\", \"attributes\": {\"step\": null, \"low\": 1.5, \"high\": 10000.0, \"log\": true}}"}
{"op_code":5,"worker_id":"e1d279c8-e68f-4cf8-988e-4b5b4b125729-22852","trial_id":88,"param_name":"unified_rho","param_value_internal":0.05837128017752019,"distribution":"{\"name\": \"FloatDistribution\", \"attributes\": {\"step\": null, \"low\": 0.0, \"high\": 1.0, \"log\": false}}"}
{"op_code":5,"worker_id":"b7002031-0267-4e34-907a-f98a89aeacce-31796","trial_id":87,"param_name":"huber_delta","param_value_internal":4.307150028329668,"distribution":"{\"name\": \"FloatDistribution\", \"attributes\": {\"step\": null, \"low\": 0.5, \"high\": 5.0, \"log\": false}}"}
{"op_code":4,"worker_id":"56919051-f4e0-47aa-93d8-96baf93333ad-8896","study_id":0,"datetime_start":"2026-07-14T11:40:42.757240"}
{"op_code":5,"worker_id":"e1d279c8-e68f-4cf8-988e-4b5b4b125729-22852","trial_id":88,"param_name":"unified_gamma","param_value_internal":212.09677997145926,"distribution":"{\"name\": \"FloatDistribution\", \"attributes\": {\"step\": null, \"low\": 1.5, \"high\": 10000.0, \"log\": true}}"}
{"op_code":5,"worker_id":"56919051-f4e0-47aa-93d8-96baf93333ad-8896","trial_id":89,"param_name":"k_weight","param_value_internal":0.07437376513355172,"distribution":"{\"name\": \"FloatDistribution\", \"attributes\": {\"step\": null, \"low\": 0.0, \"high\": 1.5, \"log\": false}}"}
{"op_code":5,"worker_id":"e1d279c8-e68f-4cf8-988e-4b5b4b125729-22852","trial_id":88,"param_name":"huber_delta","param_value_internal":0.7760189767938317,"distribution":"{\"name\": \"FloatDistribution\", \"attributes\": {\"step\": null, \"low\": 0.5, \"high\": 5.0, \"log\": false}}"}
{"op_code":4,"worker_id":"e9883a0a-54ab-40f2-b600-594af65e0f63-11668","study_id":0,"datetime_start":"2026-07-14T11:40:42.826056"}
{"op_code":5,"worker_id":"e9883a0a-54ab-40f2-b600-594af65e0f63-11668","trial_id":90,"param_name":"k_weight","param_value_internal":0.05898494801155655,"distribution":"{\"name\": \"FloatDistribution\", \"attributes\": {\"step\": null, \"low\": 0.0, \"high\": 1.5, \"log\": false}}"}
{"op_code":5,"worker_id":"e9883a0a-54ab-40f2-b600-594af65e0f63-11668","trial_id":90,"param_name":"unified_alpha","param_value_internal":0.0015515851949404334,"distribution":"{\"name\": \"FloatDistribution\", \"attributes\": {\"step\": null, \"low\": 1e-05, \"high\": 10.0, \"log\": true}}"}
{"op_code":5,"worker_id":"56919051-f4e0-47aa-93d8-96baf93333ad-8896","trial_id":89,"param_name":"unified_alpha","param_value_internal":9.202444238112438e-05,"distribution":"{\"name\": \"FloatDistribution\", \"attributes\": {\"step\": null, \"low\": 1e-05, \"high\": 10.0, \"log\": true}}"}
{"op_code":5,"worker_id":"e9883a0a-54ab-40f2-b600-594af65e0f63-11668","trial_id":90,"param_name":"unified_rho","param_value_internal":0.05336140434046971,"distribution":"{\"name\": \"FloatDistribution\", \"attributes\": {\"step\": null, \"low\": 0.0, \"high\": 1.0, \"log\": false}}"}
{"op_code":5,"worker_id":"56919051-f4e0-47aa-93d8-96baf93333ad-8896","trial_id":89,"param_name":"unified_rho","param_value_internal":0.004374256186308267,"distribution":"{\"name\": \"FloatDistribution\", \"attributes\": {\"step\": null, \"low\": 0.0, \"high\": 1.0, \"log\": false}}"}
{"op_code":5,"worker_id":"e9883a0a-54ab-40f2-b600-594af65e0f63-11668","trial_id":90,"param_name":"unified_gamma","param_value_internal":61.5014440907359,"distribution":"{\"name\": \"FloatDistribution\", \"attributes\": {\"step\": null, \"low\": 1.5, \"high\": 10000.0, \"log\": true}}"}
{"op_code":5,"worker_id":"56919051-f4e0-47aa-93d8-96baf93333ad-8896","trial_id":89,"param_name":"unified_gamma","param_value_internal":4.863970179528171,"distribution":"{\"name\": \"FloatDistribution\", \"attributes\": {\"step\": null, \"low\": 1.5, \"high\": 10000.0, \"log\": true}}"}
{"op_code":5,"worker_id":"e9883a0a-54ab-40f2-b600-594af65e0f63-11668","trial_id":90,"param_name":"huber_delta","param_value_internal":0.8655769576415986,"distribution":"{\"name\": \"FloatDistribution\", \"attributes\": {\"step\": null, \"low\": 0.5, \"high\": 5.0, \"log\": false}}"}
{"op_code":5,"worker_id":"56919051-f4e0-47aa-93d8-96baf93333ad-8896","trial_id":89,"param_name":"huber_delta","param_value_internal":0.8178202687751381,"distribution":"{\"name\": \"FloatDistribution\", \"attributes\": {\"step\": null, \"low\": 0.5, \"high\": 5.0, \"log\": false}}"}
{"op_code":8,"worker_id":"d7a39e6f-89cc-4992-919a-0e11e986dde0-3216","trial_id":86,"user_attr":{"constraints":[-0.005997151850267103,-0.07819861664846467,-0.2333333333333334,0.13282828282828285,-0.129119331450719,-115.0,-8.0,-0.13526383526383526,-0.16666666666666663,-1172.1920982981464,0.04583333333333339,-0.008465608465608399]}}
{"op_code":8,"worker_id":"d7a39e6f-89cc-4992-919a-0e11e986dde0-3216","trial_id":86,"user_attr":{"pruned_reasons":["M5 (Monotonicity <= 0.25)","Yearly Daily Win Rate (40.42% < 45%)"]}}
{"op_code":8,"worker_id":"d7a39e6f-89cc-4992-919a-0e11e986dde0-3216","trial_id":86,"user_attr":{"gini":0.3537505341417384}}
{"op_code":8,"worker_id":"d7a39e6f-89cc-4992-919a-0e11e986dde0-3216","trial_id":86,"user_attr":{"cv_is_ics":[0.11792390793561935,0.110399529337883,0.11811704933643341,0.098271444439888,0.0995171070098877,0.0942225232720375,0.1114811897277832,0.0970211774110794,0.10772302746772766,0.11475449800491333,0.07411860674619675,0.08444911241531372,0.10727769136428833,0.09126269072294235,0.09902173280715942]}}
{"op_code":8,"worker_id":"d7a39e6f-89cc-4992-919a-0e11e986dde0-3216","trial_id":86,"user_attr":{"cv_oos_ics":[0.004938087891787291,-0.023981865495443344,0.021224312484264374,0.04317186400294304,-0.0012670890428125858,0.02519885078072548,0.011836756020784378,0.009332900866866112,-0.011468303389847279,0.003487912705168128,0.0059677064418792725,0.0019871946424245834,0.03939240425825119,0.049434732645750046,0.027079563587903976]}}
{"op_code":8,"worker_id":"d7a39e6f-89cc-4992-919a-0e11e986dde0-3216","trial_id":86,"user_attr":{"reg_kappa":2.937696776316447}}
{"op_code":8,"worker_id":"d7a39e6f-89cc-4992-919a-0e11e986dde0-3216","trial_id":86,"user_attr":{"raw_metrics":[1.1003934135230897,0.07819861664846467,0.8333333333333334,0.005997151850267103,0.11717171717171715,0.129119331450719,-0.10098688756916142,-0.12705586850643158,0.4041666666666666]}}
{"op_code":8,"worker_id":"d7a39e6f-89cc-4992-919a-0e11e986dde0-3216","trial_id":86,"user_attr":{"val_metrics":[0.025458867004393478,-0.1693331546874572,0.3575757575757576,0.0944400568243008,-4.9208269743223765]}}
{"op_code":8,"worker_id":"b7002031-0267-4e34-907a-f98a89aeacce-31796","trial_id":87,"user_attr":{"constraints":[-0.045637560320851984,-0.016252912026299804,0.09999999999999998,-0.026767676767676718,-0.09478362361020924,0.0,0.0,0.16624839124839128,0.16666666666666669,-1173.12194771558,-0.018055555555555602,-0.09867724867724875]}}
{"op_code":8,"worker_id":"b7002031-0267-4e34-907a-f98a89aeacce-31796","trial_id":87,"user_attr":{"pruned_reasons":["M3 (Hit Rate < 60%)","Side-specific Yearly Tail IC Mean (-0.1662 <= 0)","Side-specific Hit Rate (33.33% < 50%)"]}}
{"op_code":8,"worker_id":"b7002031-0267-4e34-907a-f98a89aeacce-31796","trial_id":87,"user_attr":{"gini":0.3989292937706752}}
{"op_code":8,"worker_id":"b7002031-0267-4e34-907a-f98a89aeacce-31796","trial_id":87,"user_attr":{"cv_is_ics":[0.11439061909914017,0.10563847422599792,0.1063460186123848,0.09390902519226074,0.0923127830028534,0.09522192180156708,0.10855289548635483,0.08919959515333176,0.10118555277585983,0.11069080233573914,0.06956127285957336,0.07215084880590439,0.10361845791339874,0.07592454552650452,0.0803818553686142]}}
{"op_code":8,"worker_id":"d7a39e6f-89cc-4992-919a-0e11e986dde0-3216","trial_id":86,"user_attr":{"deflated_objective":-1.481590013608757}}
{"op_code":8,"worker_id":"b7002031-0267-4e34-907a-f98a89aeacce-31796","trial_id":87,"user_attr":{"cv_oos_ics":[-0.005767960101366043,-0.009258006699383259,0.03135248273611069,0.04556310176849365,0.03917383775115013,0.035160452127456665,0.0242159403860569,0.057349346578121185,0.02516198717057705,-0.008572216145694256,0.010099414736032486,0.0472257025539875,0.05430192872881889,0.06041869521141052,0.07897245138883591]}}
{"op_code":8,"worker_id":"b7002031-0267-4e34-907a-f98a89aeacce-31796","trial_id":87,"user_attr":{"reg_kappa":2.9393964311483916}}
{"op_code":8,"worker_id":"b7002031-0267-4e34-907a-f98a89aeacce-31796","trial_id":87,"user_attr":{"raw_metrics":[0.12011278059104243,0.016252912026299804,0.5,0.045637560320851984,0.2767676767676767,0.09478362361020924,-0.10126914498530117,-0.18397772312164307,0.4680555555555556]}}
{"op_code":8,"worker_id":"b7002031-0267-4e34-907a-f98a89aeacce-31796","trial_id":87,"user_attr":{"val_metrics":[0.03987732488075526,-0.2991228155542518,0.24848484848484848,0.140306774881142,-5.686380287543888]}}
{"op_code":8,"worker_id":"e1d279c8-e68f-4cf8-988e-4b5b4b125729-22852","trial_id":88,"user_attr":{"constraints":[-0.0030539375855211403,-0.09035020197634179,-0.4,0.1712121212121212,-0.16862569793593143,-115.0,-8.0,-0.19017589017589018,-0.16666666666666663,-1172.40048042862,0.04583333333333339,0.0007936507936508463]}}
{"op_code":8,"worker_id":"88170b36-1b55-4416-bd3f-b3a3301f6d37-19176","trial_id":78,"user_attr":{"cv_oos_ics":[0.0004904631059616804,-0.0685495138168335,0.02398058772087097,0.06107626110315323,0.09395863860845566,-0.025809617713093758,0.02281872369349003,0.020383775234222412,0.0014249779051169753,-0.01995936408638954,-0.017525555565953255,-0.023772304877638817,0.03878989815711975,0.04891422763466835,0.03054669126868248]}}
{"op_code":8,"worker_id":"e1d279c8-e68f-4cf8-988e-4b5b4b125729-22852","trial_id":88,"user_attr":{"pruned_reasons":["M5 (Monotonicity <= 0.25)","Yearly Daily Win Rate (40.42% < 45%)","Side-specific Yearly Daily Win Rate (44.92% < 45%)"]}}
{"op_code":8,"worker_id":"e1d279c8-e68f-4cf8-988e-4b5b4b125729-22852","trial_id":88,"user_attr":{"gini":0.3514123430983076}}
{"op_code":8,"worker_id":"b7002031-0267-4e34-907a-f98a89aeacce-31796","trial_id":87,"user_attr":{"deflated_objective":-1.853020834631458}}
{"op_code":8,"worker_id":"e1d279c8-e68f-4cf8-988e-4b5b4b125729-22852","trial_id":88,"user_attr":{"cv_is_ics":[0.11830097436904907,0.11084524542093277,0.11908935010433197,0.10009060055017471,0.1007724478840828,0.09565412253141403,0.11268442124128342,0.09930034726858139,0.10933105647563934,0.11542413383722305,0.07536287605762482,0.0840599462389946,0.10583529621362686,0.09268618375062943,0.09876296669244766]}}
{"op_code":9,"worker_id":"b7002031-0267-4e34-907a-f98a89aeacce-31796","trial_id":87,"system_attr":{"constraints":[-0.045637560320851984,-0.016252912026299804,0.09999999999999998,-0.026767676767676718,-0.09478362361020924,0.0,0.0,0.16624839124839128,0.16666666666666669,-1173.12194771558,-0.018055555555555602,-0.09867724867724875]}}
{"op_code":6,"worker_id":"b7002031-0267-4e34-907a-f98a89aeacce-31796","trial_id":87,"state":1,"values":[-1.0015926848013772],"datetime_complete":"2026-07-14T11:40:42.889868"}
{"op_code":8,"worker_id":"88170b36-1b55-4416-bd3f-b3a3301f6d37-19176","trial_id":78,"user_attr":{"reg_kappa":2.5914741101483916}}
{"op_code":8,"worker_id":"e1d279c8-e68f-4cf8-988e-4b5b4b125729-22852","trial_id":88,"user_attr":{"cv_oos_ics":[0.006026218645274639,-0.021146148443222046,0.021794075146317482,0.042729947715997696,-0.0025788822676986456,0.023481162264943123,0.01279888954013586,0.01161152683198452,-0.012522692792117596,0.004959729500114918,0.005542448256164789,0.002943064086139202,0.04045490920543671,0.04946434497833252,0.02596082165837288]}}
{"op_code":8,"worker_id":"88170b36-1b55-4416-bd3f-b3a3301f6d37-19176","trial_id":78,"user_attr":{"raw_metrics":[0.17410421658229921,0.03003080753676161,0.3333333333333333,0.07456261926265191,0.07676767676767678,-0.08150838867347272,-0.03210473031746077,-0.08859344571828842,0.45069444444444434]}}
{"op_code":8,"worker_id":"e1d279c8-e68f-4cf8-988e-4b5b4b125729-22852","trial_id":88,"user_attr":{"reg_kappa":2.9379785862725325}}
{"op_code":8,"worker_id":"e1d279c8-e68f-4cf8-988e-4b5b4b125729-22852","trial_id":88,"user_attr":{"raw_metrics":[1.068582697655104,0.09035020197634179,1.0,0.0030539375855211403,0.0787878787878788,0.16862569793593143,-0.10104587595773325,-0.12741412222385406,0.4041666666666666]}}
{"op_code":8,"worker_id":"e1d279c8-e68f-4cf8-988e-4b5b4b125729-22852","trial_id":88,"user_attr":{"val_metrics":[0.023799289581326294,-0.24098148943792455,0.21212121212121213,0.13373859780435654,-4.726582564988776]}}
{"op_code":8,"worker_id":"56919051-f4e0-47aa-93d8-96baf93333ad-8896","trial_id":89,"user_attr":{"constraints":[-0.0049728432371831015,-0.08696079334377206,-0.4,0.13484848484848483,-0.13772858013191985,0.0,0.0,-0.15238095238095237,-0.16666666666666663,-1172.6526977144442,0.04583333333333339,-0.0038359788359787483]}}
{"op_code":8,"worker_id":"56919051-f4e0-47aa-93d8-96baf93333ad-8896","trial_id":89,"user_attr":{"pruned_reasons":["M5 (Monotonicity <= 0.25)","Yearly Daily Win Rate (40.42% < 45%)"]}}
{"op_code":8,"worker_id":"56919051-f4e0-47aa-93d8-96baf93333ad-8896","trial_id":89,"user_attr":{"gini":0.35290168780090747}}
{"op_code":4,"worker_id":"41938617-a1ad-4415-88e4-eea9a4d88808-31796","study_id":0,"datetime_start":"2026-07-14T11:40:42.900220"}
{"op_code":8,"worker_id":"56919051-f4e0-47aa-93d8-96baf93333ad-8896","trial_id":89,"user_attr":{"cv_is_ics":[0.11823927611112595,0.11037512123584747,0.1184740886092186,0.09859231114387512,0.09959693253040314,0.09438082575798035,0.11148183792829514,0.09849615395069122,0.10856114327907562,0.11496507376432419,0.07421542704105377,0.0845642164349556,0.10718672722578049,0.09183066338300705,0.09899135679006577]}}
{"op_code":9,"worker_id":"d7a39e6f-89cc-4992-919a-0e11e986dde0-3216","trial_id":86,"system_attr":{"constraints":[-0.005997151850267103,-0.07819861664846467,-0.2333333333333334,0.13282828282828285,-0.129119331450719,-115.0,-8.0,-0.13526383526383526,-0.16666666666666663,-1172.1920982981464,0.04583333333333339,-0.008465608465608399]}}
{"op_code":5,"worker_id":"41938617-a1ad-4415-88e4-eea9a4d88808-31796","trial_id":91,"param_name":"k_weight","param_value_internal":0.062004130305292796,"distribution":"{\"name\": \"FloatDistribution\", \"attributes\": {\"step\": null, \"low\": 0.0, \"high\": 1.5, \"log\": false}}"}
{"op_code":5,"worker_id":"41938617-a1ad-4415-88e4-eea9a4d88808-31796","trial_id":91,"param_name":"unified_alpha","param_value_internal":0.0016258751441262256,"distribution":"{\"name\": \"FloatDistribution\", \"attributes\": {\"step\": null, \"low\": 1e-05, \"high\": 10.0, \"log\": true}}"}
{"op_code":8,"worker_id":"56919051-f4e0-47aa-93d8-96baf93333ad-8896","trial_id":89,"user_attr":{"cv_oos_ics":[0.005293300375342369,-0.023324687033891678,0.021602731198072433,0.0430200956761837,-0.0015219305641949177,0.024308044463396072,0.012690689414739609,0.01011636108160019,-0.01177439745515585,0.004332449287176132,0.005170152056962252,0.0021483569871634245,0.039993349462747574,0.05006599798798561,0.02565615065395832]}}
{"op_code":5,"worker_id":"41938617-a1ad-4415-88e4-eea9a4d88808-31796","trial_id":91,"param_name":"unified_rho","param_value_internal":0.16093037421446166,"distribution":"{\"name\": \"FloatDistribution\", \"attributes\": {\"step\": null, \"low\": 0.0, \"high\": 1.0, \"log\": false}}"}
{"op_code":8,"worker_id":"56919051-f4e0-47aa-93d8-96baf93333ad-8896","trial_id":89,"user_attr":{"reg_kappa":2.9385803617275617}}
{"op_code":8,"worker_id":"56919051-f4e0-47aa-93d8-96baf93333ad-8896","trial_id":89,"user_attr":{"raw_metrics":[0.9407381500731378,0.08696079334377206,1.0,0.0049728432371831015,0.11515151515151516,0.13772858013191985,-0.10112071358772795,-0.12799134850502014,0.4041666666666666]}}
{"op_code":6,"worker_id":"d7a39e6f-89cc-4992-919a-0e11e986dde0-3216","trial_id":86,"state":1,"values":[-0.6339882500813604],"datetime_complete":"2026-07-14T11:40:42.908942"}
{"op_code":5,"worker_id":"41938617-a1ad-4415-88e4-eea9a4d88808-31796","trial_id":91,"param_name":"unified_gamma","param_value_internal":47.74803472191632,"distribution":"{\"name\": \"FloatDistribution\", \"attributes\": {\"step\": null, \"low\": 1.5, \"high\": 10000.0, \"log\": true}}"}
{"op_code":4,"worker_id":"d7a39e6f-89cc-4992-919a-0e11e986dde0-3216","study_id":0,"datetime_start":"2026-07-14T11:40:42.920935"}
{"op_code":8,"worker_id":"e1d279c8-e68f-4cf8-988e-4b5b4b125729-22852","trial_id":88,"user_attr":{"deflated_objective":-1.4488987980968402}}
{"op_code":5,"worker_id":"41938617-a1ad-4415-88e4-eea9a4d88808-31796","trial_id":91,"param_name":"huber_delta","param_value_internal":0.8343449178149902,"distribution":"{\"name\": \"FloatDistribution\", \"attributes\": {\"step\": null, \"low\": 0.5, \"high\": 5.0, \"log\": false}}"}
{"op_code":5,"worker_id":"d7a39e6f-89cc-4992-919a-0e11e986dde0-3216","trial_id":92,"param_name":"k_weight","param_value_internal":0.05910825948589732,"distribution":"{\"name\": \"FloatDistribution\", \"attributes\": {\"step\": null, \"low\": 0.0, \"high\": 1.5, \"log\": false}}"}
{"op_code":8,"worker_id":"56919051-f4e0-47aa-93d8-96baf93333ad-8896","trial_id":89,"user_attr":{"val_metrics":[0.025400852115663376,-0.17921159766194247,0.24848484848484848,0.09441505019229067,-4.96296481898746]}}
{"op_code":8,"worker_id":"e9883a0a-54ab-40f2-b600-594af65e0f63-11668","trial_id":90,"user_attr":{"constraints":[-0.004574948343222497,-0.07230084167774137,-0.4,0.14090909090909093,-0.1388362546875659,-115.0,-8.0,-0.11795366795366795,0.0,-1171.8260826888331,0.04583333333333339,-0.008465608465608399]}}
{"op_code":8,"worker_id":"88170b36-1b55-4416-bd3f-b3a3301f6d37-19176","trial_id":78,"user_attr":{"val_metrics":[0.004171797907773761,-0.27325147389131227,-0.01818181818181818,0.1300609021521835,-7.870180603954405]}}
{"op_code":8,"worker_id":"e9883a0a-54ab-40f2-b600-594af65e0f63-11668","trial_id":90,"user_attr":{"pruned_reasons":["M5 (Monotonicity <= 0.25)","Yearly Daily Win Rate (40.42% < 45%)"]}}
{"op_code":5,"worker_id":"d7a39e6f-89cc-4992-919a-0e11e986dde0-3216","trial_id":92,"param_name":"unified_alpha","param_value_internal":8.120230029347033e-05,"distribution":"{\"name\": \"FloatDistribution\", \"attributes\": {\"step\": null, \"low\": 1e-05, \"high\": 10.0, \"log\": true}}"}
{"op_code":8,"worker_id":"56919051-f4e0-47aa-93d8-96baf93333ad-8896","trial_id":89,"user_attr":{"deflated_objective":-1.5130936696843311}}
{"op_code":5,"worker_id":"d7a39e6f-89cc-4992-919a-0e11e986dde0-3216","trial_id":92,"param_name":"unified_rho","param_value_internal":0.3546909166212272,"distribution":"{\"name\": \"FloatDistribution\", \"attributes\": {\"step\": null, \"low\": 0.0, \"high\": 1.0, \"log\": false}}"}
{"op_code":8,"worker_id":"e9883a0a-54ab-40f2-b600-594af65e0f63-11668","trial_id":90,"user_attr":{"gini":0.35547922149875744}}
{"op_code":8,"worker_id":"e9883a0a-54ab-40f2-b600-594af65e0f63-11668","trial_id":90,"user_attr":{"cv_is_ics":[0.11767289787530899,0.11055219173431396,0.11816152930259705,0.0983734205365181,0.09928563237190247,0.09363335371017456,0.11121577024459839,0.09672222286462784,0.1072840467095375,0.11504688113927841,0.07370293140411377,0.08461471647024155,0.10696597397327423,0.09085414558649063,0.09889048337936401]}}
{"op_code":5,"worker_id":"d7a39e6f-89cc-4992-919a-0e11e986dde0-3216","trial_id":92,"param_name":"unified_gamma","param_value_internal":1142.6291805380379,"distribution":"{\"name\": \"FloatDistribution\", \"attributes\": {\"step\": null, \"low\": 1.5, \"high\": 10000.0, \"log\": true}}"}
{"op_code":9,"worker_id":"e1d279c8-e68f-4cf8-988e-4b5b4b125729-22852","trial_id":88,"system_attr":{"constraints":[-0.0030539375855211403,-0.09035020197634179,-0.4,0.1712121212121212,-0.16862569793593143,-115.0,-8.0,-0.19017589017589018,-0.16666666666666663,-1172.40048042862,0.04583333333333339,0.0007936507936508463]}}
{"op_code":6,"worker_id":"e1d279c8-e68f-4cf8-988e-4b5b4b125729-22852","trial_id":88,"state":1,"values":[-0.5996612325393013],"datetime_complete":"2026-07-14T11:40:42.944019"}
{"op_code":5,"worker_id":"d7a39e6f-89cc-4992-919a-0e11e986dde0-3216","trial_id":92,"param_name":"huber_delta","param_value_internal":0.7968994679479311,"distribution":"{\"name\": \"FloatDistribution\", \"attributes\": {\"step\": null, \"low\": 0.5, \"high\": 5.0, \"log\": false}}"}
{"op_code":8,"worker_id":"0dfcf039-b3c3-42cd-aa00-774f1461dd6e-23408","trial_id":55,"user_attr":{"constraints":[-0.040227271737562555,-0.08937301660546794,-0.2333333333333334,0.08232323232323235,-0.32220331650692974,-116.0,-8.0,0.14501287001287003,0.16666666666666669,-1170.288056925215,-0.028472222222222177,-0.08941798941798945]}}
{"op_code":9,"worker_id":"56919051-f4e0-47aa-93d8-96baf93333ad-8896","trial_id":89,"system_attr":{"constraints":[-0.0049728432371831015,-0.08696079334377206,-0.4,0.13484848484848483,-0.13772858013191985,0.0,0.0,-0.15238095238095237,-0.16666666666666663,-1172.6526977144442,0.04583333333333339,-0.0038359788359787483]}}
{"op_code":4,"worker_id":"14ac952b-7da6-4300-8724-a91ec52d435d-22852","study_id":0,"datetime_start":"2026-07-14T11:40:42.954992"}
{"op_code":6,"worker_id":"56919051-f4e0-47aa-93d8-96baf93333ad-8896","trial_id":89,"state":1,"values":[-0.6657096575319796],"datetime_complete":"2026-07-14T11:40:42.955236"}
{"op_code":5,"worker_id":"14ac952b-7da6-4300-8724-a91ec52d435d-22852","trial_id":93,"param_name":"k_weight","param_value_internal":0.05283117879875027,"distribution":"{\"name\": \"FloatDistribution\", \"attributes\": {\"step\": null, \"low\": 0.0, \"high\": 1.5, \"log\": false}}"}
{"op_code":8,"worker_id":"0dfcf039-b3c3-42cd-aa00-774f1461dd6e-23408","trial_id":55,"user_attr":{"pruned_reasons":["M5 (Monotonicity <= 0.25)","Side-specific Yearly Tail IC Mean (-0.1450 <= 0)","Side-specific Hit Rate (33.33% < 50%)"]}}
{"op_code":8,"worker_id":"0dfcf039-b3c3-42cd-aa00-774f1461dd6e-23408","trial_id":55,"user_attr":{"gini":0.39239765162398044}}
{"op_code":8,"worker_id":"0dfcf039-b3c3-42cd-aa00-774f1461dd6e-23408","trial_id":55,"user_attr":{"cv_is_ics":[0.11815273761749268,0.11235727369785309,0.11370642483234406,0.10299282521009445,0.10103889554738998,0.09270728379487991,0.10799024999141693,0.08919468522071838,0.10221706330776215,0.11060856282711029,0.0685768648982048,0.07728756219148636,0.10742335021495819,0.08145506680011749,0.08997560292482376]}}
{"op_code":5,"worker_id":"14ac952b-7da6-4300-8724-a91ec52d435d-22852","trial_id":93,"param_name":"unified_alpha","param_value_internal":1.7990383453269695e-05,"distribution":"{\"name\": \"FloatDistribution\", \"attributes\": {\"step\": null, \"low\": 1e-05, \"high\": 10.0, \"log\": true}}"}
{"op_code":8,"worker_id":"0dfcf039-b3c3-42cd-aa00-774f1461dd6e-23408","trial_id":55,"user_attr":{"cv_oos_ics":[-0.00019775131659116596,-0.008891263045370579,0.025105450302362442,0.05279519036412239,0.03168890252709389,0.037234921008348465,0.01877158135175705,0.03994280472397804,0.009970004670321941,0.01723312772810459,0.013844447210431099,0.03281419724225998,0.048068415373563766,0.05287623405456543,0.042352695018053055]}}
{"op_code":8,"worker_id":"41938617-a1ad-4415-88e4-eea9a4d88808-31796","trial_id":91,"user_attr":{"constraints":[-0.004528892531572584,-0.08752165598670159,-0.2333333333333334,0.15101010101010104,-0.15196184743920133,-115.0,-8.0,-0.12638352638352637,-0.16666666666666663,-1171.9863055058258,0.04583333333333339,-0.008465608465608399]}}
{"op_code":8,"worker_id":"88170b36-1b55-4416-bd3f-b3a3301f6d37-19176","trial_id":78,"user_attr":{"deflated_objective":-2.7691735790880783}}
{"op_code":5,"worker_id":"14ac952b-7da6-4300-8724-a91ec52d435d-22852","trial_id":93,"param_name":"unified_rho","param_value_internal":0.3539013644929904,"distribution":"{\"name\": \"FloatDistribution\", \"attributes\": {\"step\": null, \"low\": 0.0, \"high\": 1.0, \"log\": false}}"}
{"op_code":8,"worker_id":"0dfcf039-b3c3-42cd-aa00-774f1461dd6e-23408","trial_id":55,"user_attr":{"reg_kappa":2.9328636375292545}}
{"op_code":8,"worker_id":"41938617-a1ad-4415-88e4-eea9a4d88808-31796","trial_id":91,"user_attr":{"pruned_reasons":["M5 (Monotonicity <= 0.25)","Yearly Daily Win Rate (40.42% < 45%)"]}}
{"op_code":8,"worker_id":"41938617-a1ad-4415-88e4-eea9a4d88808-31796","trial_id":91,"user_attr":{"gini":0.3558325965938083}}
{"op_code":8,"worker_id":"41938617-a1ad-4415-88e4-eea9a4d88808-31796","trial_id":91,"user_attr":{"cv_is_ics":[0.11802712082862854,0.11058337986469269,0.11793097853660583,0.09851192682981491,0.09960874915122986,0.09435257315635681,0.11166541278362274,0.0980902686715126,0.10788111388683319,0.11535975337028503,0.07436028867959976,0.0846995934844017,0.10666542500257492,0.0913798063993454,0.09879454225301743]}}
{"op_code":8,"worker_id":"0dfcf039-b3c3-42cd-aa00-774f1461dd6e-23408","trial_id":55,"user_attr":{"raw_metrics":[0.675215719091267,0.08937301660546794,0.8333333333333334,0.040227271737562555,0.16767676767676765,0.32220331650692974,-0.10058224193960069,-0.15046299993991852,0.4784722222222222]}}
{"op_code":9,"worker_id":"88170b36-1b55-4416-bd3f-b3a3301f6d37-19176","trial_id":78,"system_attr":{"constraints":[-0.07456261926265191,-0.03003080753676161,0.26666666666666666,0.17323232323232324,0.08150838867347272,-120.0,1.0,-0.01737451737451737,0.16666666666666669,-1180.2133964953205,-0.000694444444444331,-0.08941798941798945]}}
{"op_code":8,"worker_id":"0dfcf039-b3c3-42cd-aa00-774f1461dd6e-23408","trial_id":55,"user_attr":{"val_metrics":[0.03912225231379831,-0.39730859442720473,0.3696969696969697,0.15297950369953786,-4.312508157042844]}}
{"op_code":5,"worker_id":"14ac952b-7da6-4300-8724-a91ec52d435d-22852","trial_id":93,"param_name":"unified_gamma","param_value_internal":47.12084747327195,"distribution":"{\"name\": \"FloatDistribution\", \"attributes\": {\"step\": null, \"low\": 1.5, \"high\": 10000.0, \"log\": true}}"}
{"op_code":5,"worker_id":"14ac952b-7da6-4300-8724-a91ec52d435d-22852","trial_id":93,"param_name":"huber_delta","param_value_internal":1.5098395302874548,"distribution":"{\"name\": \"FloatDistribution\", \"attributes\": {\"step\": null, \"low\": 0.5, \"high\": 5.0, \"log\": false}}"}
{"op_code":8,"worker_id":"d7a39e6f-89cc-4992-919a-0e11e986dde0-3216","trial_id":92,"user_attr":{"constraints":[-0.00517540444905245,-0.0923342193099032,-0.4,0.15909090909090912,-0.1494990422778453,-115.0,-8.0,-0.1531102531102531,0.0,-1171.8265221798347,0.04583333333333339,-0.008465608465608399]}}
{"op_code":8,"worker_id":"41938617-a1ad-4415-88e4-eea9a4d88808-31796","trial_id":91,"user_attr":{"cv_oos_ics":[0.004671287722885609,-0.023503219708800316,0.021593334153294563,0.04379886016249657,-0.002078595571219921,0.024678632616996765,0.012218733318150043,0.00898751150816679,-0.011498912237584591,0.0028058199677616358,0.004676271695643663,0.0013465315569192171,0.039438534528017044,0.04969185218214989,0.025382516905665398]}}
{"op_code":8,"worker_id":"41938617-a1ad-4415-88e4-eea9a4d88808-31796","trial_id":91,"user_attr":{"reg_kappa":2.931392400668342}}
{"op_code":8,"worker_id":"d7a39e6f-89cc-4992-919a-0e11e986dde0-3216","trial_id":92,"user_attr":{"pruned_reasons":["M5 (Monotonicity <= 0.25)","Yearly Daily Win Rate (40.42% < 45%)"]}}
{"op_code":8,"worker_id":"41938617-a1ad-4415-88e4-eea9a4d88808-31796","trial_id":91,"user_attr":{"raw_metrics":[0.9574565300523658,0.08752165598670159,0.8333333333333334,0.004528892531572584,0.09898989898989896,0.15196184743920133,-0.10092960606358567,-0.12572893500328064,0.4041666666666666]}}
{"op_code":8,"worker_id":"d7a39e6f-89cc-4992-919a-0e11e986dde0-3216","trial_id":92,"user_attr":{"gini":0.3529466698717252}}
{"op_code":8,"worker_id":"d7a39e6f-89cc-4992-919a-0e11e986dde0-3216","trial_id":92,"user_attr":{"cv_is_ics":[0.11828728765249252,0.11074360460042953,0.11888080835342407,0.09957412630319595,0.10069955140352249,0.0952991247177124,0.1123766079545021,0.09926286339759827,0.1092553660273552,0.11502315104007721,0.07483009994029999,0.08455834537744522,0.1063125878572464,0.09237033128738403,0.09856196492910385]}}
{"op_code":8,"worker_id":"d7a39e6f-89cc-4992-919a-0e11e986dde0-3216","trial_id":92,"user_attr":{"cv_oos_ics":[0.005429405253380537,-0.021760616451501846,0.022253787145018578,0.043240342289209366,-0.002913877833634615,0.02277771383523941,0.012038208544254303,0.010993215255439281,-0.012665489688515663,0.005186809226870537,0.005647801794111729,0.002120737452059984,0.0393047071993351,0.0495741106569767,0.02556503564119339]}}
{"op_code":8,"worker_id":"41938617-a1ad-4415-88e4-eea9a4d88808-31796","trial_id":91,"user_attr":{"val_metrics":[0.024864653901642726,-0.18512849013774307,0.23636363636363636,0.09441505019229067,-4.945136534615235]}}
{"op_code":8,"worker_id":"d7a39e6f-89cc-4992-919a-0e11e986dde0-3216","trial_id":92,"user_attr":{"reg_kappa":2.9366804874017287}}
{"op_code":8,"worker_id":"d7a39e6f-89cc-4992-919a-0e11e986dde0-3216","trial_id":92,"user_attr":{"raw_metrics":[1.0287820329443664,0.0923342193099032,1.0,0.00517540444905245,0.0909090909090909,0.1494990422778453,-0.10088961456351288,-0.1257478892803192,0.4041666666666666]}}
{"op_code":8,"worker_id":"d7a39e6f-89cc-4992-919a-0e11e986dde0-3216","trial_id":92,"user_attr":{"val_metrics":[0.023801926621723115,-0.25685717253928836,0.3212121212121212,0.09441505019229067,-5.128014207750647]}}
{"op_code":8,"worker_id":"0dfcf039-b3c3-42cd-aa00-774f1461dd6e-23408","trial_id":55,"user_attr":{"deflated_objective":-1.3221210344730883}}
{"op_code":8,"worker_id":"41938617-a1ad-4415-88e4-eea9a4d88808-31796","trial_id":91,"user_attr":{"deflated_objective":-1.5056789314256378}}
{"op_code":9,"worker_id":"0dfcf039-b3c3-42cd-aa00-774f1461dd6e-23408","trial_id":55,"system_attr":{"constraints":[-0.040227271737562555,-0.08937301660546794,-0.2333333333333334,0.08232323232323235,-0.32220331650692974,-116.0,-8.0,0.14501287001287003,0.16666666666666669,-1170.288056925215,-0.028472222222222177,-0.08941798941798945]}}
{"op_code":6,"worker_id":"0dfcf039-b3c3-42cd-aa00-774f1461dd6e-23408","trial_id":55,"state":1,"values":[-0.47927243933785624],"datetime_complete":"2026-07-14T11:40:43.010575"}
{"op_code":8,"worker_id":"d7a39e6f-89cc-4992-919a-0e11e986dde0-3216","trial_id":92,"user_attr":{"deflated_objective":-1.599795144480702}}
{"op_code":9,"worker_id":"41938617-a1ad-4415-88e4-eea9a4d88808-31796","trial_id":91,"system_attr":{"constraints":[-0.004528892531572584,-0.08752165598670159,-0.2333333333333334,0.15101010101010104,-0.15196184743920133,-115.0,-8.0,-0.12638352638352637,-0.16666666666666663,-1171.9863055058258,0.04583333333333339,-0.008465608465608399]}}
{"op_code":4,"worker_id":"0dfcf039-b3c3-42cd-aa00-774f1461dd6e-23408","study_id":0,"datetime_start":"2026-07-14T11:40:43.013017"}
{"op_code":9,"worker_id":"d7a39e6f-89cc-4992-919a-0e11e986dde0-3216","trial_id":92,"system_attr":{"constraints":[-0.00517540444905245,-0.0923342193099032,-0.4,0.15909090909090912,-0.1494990422778453,-115.0,-8.0,-0.1531102531102531,0.0,-1171.8265221798347,0.04583333333333339,-0.008465608465608399]}}
{"op_code":6,"worker_id":"d7a39e6f-89cc-4992-919a-0e11e986dde0-3216","trial_id":92,"state":1,"values":[-0.7556748082558633],"datetime_complete":"2026-07-14T11:40:43.018043"}
{"op_code":6,"worker_id":"41938617-a1ad-4415-88e4-eea9a4d88808-31796","trial_id":91,"state":1,"values":[-0.6622108418072834],"datetime_complete":"2026-07-14T11:40:43.015757"}
{"op_code":5,"worker_id":"0dfcf039-b3c3-42cd-aa00-774f1461dd6e-23408","trial_id":94,"param_name":"k_weight","param_value_internal":0.16134328935285747,"distribution":"{\"name\": \"FloatDistribution\", \"attributes\": {\"step\": null, \"low\": 0.0, \"high\": 1.5, \"log\": false}}"}
{"op_code":5,"worker_id":"0dfcf039-b3c3-42cd-aa00-774f1461dd6e-23408","trial_id":94,"param_name":"unified_alpha","param_value_internal":1.712324733364444e-05,"distribution":"{\"name\": \"FloatDistribution\", \"attributes\": {\"step\": null, \"low\": 1e-05, \"high\": 10.0, \"log\": true}}"}
{"op_code":5,"worker_id":"0dfcf039-b3c3-42cd-aa00-774f1461dd6e-23408","trial_id":94,"param_name":"unified_rho","param_value_internal":0.165956407400018,"distribution":"{\"name\": \"FloatDistribution\", \"attributes\": {\"step\": null, \"low\": 0.0, \"high\": 1.0, \"log\": false}}"}
{"op_code":5,"worker_id":"0dfcf039-b3c3-42cd-aa00-774f1461dd6e-23408","trial_id":94,"param_name":"unified_gamma","param_value_internal":1060.8203376730903,"distribution":"{\"name\": \"FloatDistribution\", \"attributes\": {\"step\": null, \"low\": 1.5, \"high\": 10000.0, \"log\": true}}"}
{"op_code":8,"worker_id":"14ac952b-7da6-4300-8724-a91ec52d435d-22852","trial_id":93,"user_attr":{"constraints":[-0.03825483347447805,-0.09110993361226516,-0.2333333333333334,0.07424242424242422,-0.3184566577223854,-115.0,-8.0,0.13881381381381383,0.16666666666666669,-1171.4960572509121,-0.025000000000000022,-0.08478835978835969]}}
{"op_code":5,"worker_id":"0dfcf039-b3c3-42cd-aa00-774f1461dd6e-23408","trial_id":94,"param_name":"huber_delta","param_value_internal":1.516173356417204,"distribution":"{\"name\": \"FloatDistribution\", \"attributes\": {\"step\": null, \"low\": 0.5, \"high\": 5.0, \"log\": false}}"}
{"op_code":8,"worker_id":"14ac952b-7da6-4300-8724-a91ec52d435d-22852","trial_id":93,"user_attr":{"pruned_reasons":["M5 (Monotonicity <= 0.25)","Side-specific Yearly Tail IC Mean (-0.1388 <= 0)","Side-specific Hit Rate (33.33% < 50%)"]}}
{"op_code":8,"worker_id":"14ac952b-7da6-4300-8724-a91ec52d435d-22852","trial_id":93,"user_attr":{"gini":0.38483782209837347}}
{"op_code":8,"worker_id":"14ac952b-7da6-4300-8724-a91ec52d435d-22852","trial_id":93,"user_attr":{"cv_is_ics":[0.11785679310560226,0.11177057027816772,0.11549603193998337,0.10174956172704697,0.10104546695947647,0.09179483354091644,0.1084088534116745,0.09083399176597595,0.10193037241697311,0.11183851957321167,0.06769804656505585,0.0791855975985527,0.10573378205299377,0.08256737142801285,0.0892808809876442]}}
{"op_code":8,"worker_id":"14ac952b-7da6-4300-8724-a91ec52d435d-22852","trial_id":93,"user_attr":{"cv_oos_ics":[0.0014057570369914174,-0.011026806198060513,0.024203823879361153,0.05126884579658508,0.025455961003899574,0.04038214311003685,0.017016733065247536,0.03354157879948616,0.0064373863860964775,0.016782956197857857,0.010138850659132004,0.02507612481713295,0.042309846729040146,0.0505363866686821,0.039597414433956146]}}
{"op_code":8,"worker_id":"14ac952b-7da6-4300-8724-a91ec52d435d-22852","trial_id":93,"user_attr":{"reg_kappa":2.9360296936679986}}
{"op_code":8,"worker_id":"14ac952b-7da6-4300-8724-a91ec52d435d-22852","trial_id":93,"user_attr":{"raw_metrics":[0.7067183157684058,0.09110993361226516,0.8333333333333334,0.03825483347447805,0.17575757575757578,0.3184566577223854,-0.1008091062913398,-0.1490180641412735,0.47500000000000003]}}
{"op_code":8,"worker_id":"14ac952b-7da6-4300-8724-a91ec52d435d-22852","trial_id":93,"user_attr":{"val_metrics":[0.038814597600835644,-0.3984234865537688,0.3575757575757576,0.12049773743416628,-3.734818758852876]}}
{"op_code":8,"worker_id":"830a7e59-fd2f-45c0-b8e0-c7913503bd4b-14384","trial_id":19,"user_attr":{"constraints":[-0.06254670542116277,-0.03796909946548869,-0.06666666666666665,0.02373737373737375,-0.24327957800848202,-33.0,-8.0,0.17324109824109823,0.33333333333333337,-1354.6367309933098,-0.03194444444444444,-0.046164021164021185]}}
{"op_code":8,"worker_id":"14ac952b-7da6-4300-8724-a91ec52d435d-22852","trial_id":93,"user_attr":{"deflated_objective":-1.0812565357224964}}
{"op_code":6,"worker_id":"88170b36-1b55-4416-bd3f-b3a3301f6d37-19176","trial_id":78,"state":1,"values":[-1.895001493975032],"datetime_complete":"2026-07-14T11:40:42.983000"}
{"op_code":9,"worker_id":"14ac952b-7da6-4300-8724-a91ec52d435d-22852","trial_id":93,"system_attr":{"constraints":[-0.03825483347447805,-0.09110993361226516,-0.2333333333333334,0.07424242424242422,-0.3184566577223854,-115.0,-8.0,0.13881381381381383,0.16666666666666669,-1171.4960572509121,-0.025000000000000022,-0.08478835978835969]}}
{"op_code":4,"worker_id":"27ef7781-4230-48be-aef7-2e39728d3bda-4680","study_id":0,"datetime_start":"2026-07-14T11:40:42.023632"}
{"op_code":6,"worker_id":"14ac952b-7da6-4300-8724-a91ec52d435d-22852","trial_id":93,"state":1,"values":[-0.24988552361885089],"datetime_complete":"2026-07-14T11:40:43.052620"}
{"op_code":8,"worker_id":"730926b8-3561-4d41-8207-eff33417443e-31524","trial_id":84,"user_attr":{"deflated_objective":-1.3033317618986764}}
{"op_code":9,"worker_id":"730926b8-3561-4d41-8207-eff33417443e-31524","trial_id":84,"system_attr":{"constraints":[-0.009527122499982728,-0.07898239889121346,-0.2333333333333334,0.1388888888888889,-0.14243644079710877,-112.0,-8.0,-0.09933504933504933,0.0,-1178.511679199656,0.04236111111111113,-0.008465608465608399]}}
{"op_code":6,"worker_id":"730926b8-3561-4d41-8207-eff33417443e-31524","trial_id":84,"state":1,"values":[-0.43655573336499526],"datetime_complete":"2026-07-14T11:40:43.059263"}
{"op_code":5,"worker_id":"27ef7781-4230-48be-aef7-2e39728d3bda-4680","trial_id":95,"param_name":"k_weight","param_value_internal":0.13942724151098207,"distribution":"{\"name\": \"FloatDistribution\", \"attributes\": {\"step\": null, \"low\": 0.0, \"high\": 1.5, \"log\": false}}"}
{"op_code":8,"worker_id":"bf6182bc-660e-404c-91bb-332640a27e41-8436","trial_id":85,"user_attr":{"gini":0.3529697930540554}}
{"op_code":5,"worker_id":"27ef7781-4230-48be-aef7-2e39728d3bda-4680","trial_id":95,"param_name":"unified_alpha","param_value_internal":0.00019485413583921051,"distribution":"{\"name\": \"FloatDistribution\", \"attributes\": {\"step\": null, \"low\": 1e-05, \"high\": 10.0, \"log\": true}}"}
{"op_code":8,"worker_id":"bf6182bc-660e-404c-91bb-332640a27e41-8436","trial_id":85,"user_attr":{"cv_is_ics":[0.11830882728099823,0.11020586639642715,0.11852968484163284,0.09820330888032913,0.09965939819812775,0.0943622812628746,0.11175139993429184,0.09800584614276886,0.10811157524585724,0.11503522098064423,0.07405853271484375,0.08450448513031006,0.10706694424152374,0.09158599376678467,0.09896644949913025]}}
{"op_code":5,"worker_id":"27ef7781-4230-48be-aef7-2e39728d3bda-4680","trial_id":95,"param_name":"unified_rho","param_value_internal":0.9723170241444072,"distribution":"{\"name\": \"FloatDistribution\", \"attributes\": {\"step\": null, \"low\": 0.0, \"high\": 1.0, \"log\": false}}"}
{"op_code":8,"worker_id":"bf6182bc-660e-404c-91bb-332640a27e41-8436","trial_id":85,"user_attr":{"cv_oos_ics":[0.0048149386420845985,-0.023639893159270287,0.021388322114944458,0.04248037561774254,-0.0007766259368509054,0.02457527257502079,0.013243082910776138,0.010093296878039837,-0.011598286218941212,0.004549277946352959,0.005495039280503988,0.001959005603566766,0.03982933983206749,0.04989771917462349,0.026143481954932213]}}
{"op_code":8,"worker_id":"bf6182bc-660e-404c-91bb-332640a27e41-8436","trial_id":85,"user_attr":{"reg_kappa":2.9399052889410244}}
{"op_code":8,"worker_id":"e9883a0a-54ab-40f2-b600-594af65e0f63-11668","trial_id":90,"user_attr":{"cv_oos_ics":[0.004970833193510771,-0.024907836690545082,0.021467052400112152,0.043138690292835236,-0.0003779911785386503,0.025989430025219917,0.01184757612645626,0.009274955838918686,-0.011713036336004734,0.002908183727413416,0.006518107373267412,0.0006568933022208512,0.037979815155267715,0.049017731100320816,0.027395624667406082]}}
{"op_code":8,"worker_id":"bf6182bc-660e-404c-91bb-332640a27e41-8436","trial_id":85,"user_attr":{"raw_metrics":[0.949613376900943,0.0875578406733422,0.8333333333333334,0.0051136052984217225,0.11919191919191918,0.13436666478195952,-0.10125145316742366,-0.1291428655385971,0.4041666666666666]}}
{"op_code":8,"worker_id":"bf6182bc-660e-404c-91bb-332640a27e41-8436","trial_id":85,"user_attr":{"val_metrics":[0.02441987308804527,-0.17707823372107415,0.24848484848484848,0.09441505019229067,-5.003841448949661]}}
{"op_code":8,"worker_id":"e9883a0a-54ab-40f2-b600-594af65e0f63-11668","trial_id":90,"user_attr":{"reg_kappa":2.9305396256198937}}
{"op_code":8,"worker_id":"e9883a0a-54ab-40f2-b600-594af65e0f63-11668","trial_id":90,"user_attr":{"raw_metrics":[1.228442537948245,0.07230084167774137,1.0,0.004574948343222497,0.10909090909090907,0.1388362546875659,-0.10088793002282971,-0.12569613754749298,0.4041666666666666]}}
{"op_code":8,"worker_id":"bf6182bc-660e-404c-91bb-332640a27e41-8436","trial_id":85,"user_attr":{"deflated_objective":-1.5322250419663797}}
{"op_code":8,"worker_id":"e9883a0a-54ab-40f2-b600-594af65e0f63-11668","trial_id":90,"user_attr":{"val_metrics":[0.026079450511112455,-0.15787219919551138,0.28484848484848485,0.0944400568243008,-5.030649471324269]}}
{"op_code":9,"worker_id":"bf6182bc-660e-404c-91bb-332640a27e41-8436","trial_id":85,"system_attr":{"constraints":[-0.0051136052984217225,-0.0875578406733422,-0.2333333333333334,0.13080808080808082,-0.13436666478195952,-115.0,-8.0,-0.15418275418275418,-0.16666666666666663,-1173.067460891479,0.04583333333333339,-0.0038359788359787483]}}
{"op_code":8,"worker_id":"830a7e59-fd2f-45c0-b8e0-c7913503bd4b-14384","trial_id":19,"user_attr":{"pruned_reasons":["M5 (Monotonicity <= 0.25)","Side-specific Yearly Tail IC Mean (-0.1732 <= 0)","Side-specific Hit Rate (16.67% < 50%)"]}}
{"op_code":8,"worker_id":"830a7e59-fd2f-45c0-b8e0-c7913503bd4b-14384","trial_id":19,"user_attr":{"gini":0.43125049905049107}}
{"op_code":8,"worker_id":"e9883a0a-54ab-40f2-b600-594af65e0f63-11668","trial_id":90,"user_attr":{"deflated_objective":-1.5314594586085921}}
{"op_code":6,"worker_id":"bf6182bc-660e-404c-91bb-332640a27e41-8436","trial_id":85,"state":1,"values":[-0.6813050618417151],"datetime_complete":"2026-07-14T11:40:43.088978"}
{"op_code":9,"worker_id":"e9883a0a-54ab-40f2-b600-594af65e0f63-11668","trial_id":90,"system_attr":{"constraints":[-0.004574948343222497,-0.07230084167774137,-0.4,0.14090909090909093,-0.1388362546875659,-115.0,-8.0,-0.11795366795366795,0.0,-1171.8260826888331,0.04583333333333339,-0.008465608465608399]}}
{"op_code":8,"worker_id":"830a7e59-fd2f-45c0-b8e0-c7913503bd4b-14384","trial_id":19,"user_attr":{"cv_is_ics":[0.10346059501171112,0.09095261245965958,0.09617823362350464,0.08902446925640106,0.07580898702144623,0.09468818455934525,0.10853558778762817,0.08068691194057465,0.09472550451755524,0.10249923914670944,0.0673903152346611,0.0653928816318512,0.10045898705720901,0.07264893501996994,0.07435223460197449]}}
{"op_code":4,"worker_id":"bf6182bc-660e-404c-91bb-332640a27e41-8436","study_id":0,"datetime_start":"2026-07-14T11:40:43.095768"}
{"op_code":8,"worker_id":"830a7e59-fd2f-45c0-b8e0-c7913503bd4b-14384","trial_id":19,"user_attr":{"cv_oos_ics":[-0.014338607899844646,0.00604586536064744,0.024901291355490685,0.06009775400161743,0.060183171182870865,0.031515933573246,0.019616546109318733,0.061310213059186935,0.036892108619213104,0.00873622577637434,0.01986468769609928,0.0721455067396164,0.054996833205223083,0.05390371382236481,0.09952336549758911]}}
{"op_code":6,"worker_id":"e9883a0a-54ab-40f2-b600-594af65e0f63-11668","trial_id":90,"state":1,"values":[-0.6805435356027388],"datetime_complete":"2026-07-14T11:40:43.095819"}
{"op_code":5,"worker_id":"bf6182bc-660e-404c-91bb-332640a27e41-8436","trial_id":96,"param_name":"k_weight","param_value_internal":0.5106846143218883,"distribution":"{\"name\": \"FloatDistribution\", \"attributes\": {\"step\": null, \"low\": 0.0, \"high\": 1.5, \"log\": false}}"}
{"op_code":8,"worker_id":"830a7e59-fd2f-45c0-b8e0-c7913503bd4b-14384","trial_id":19,"user_attr":{"reg_kappa":3.3950187320319376}}
{"op_code":5,"worker_id":"bf6182bc-660e-404c-91bb-332640a27e41-8436","trial_id":96,"param_name":"unified_alpha","param_value_internal":3.7078554112968705e-05,"distribution":"{\"name\": \"FloatDistribution\", \"attributes\": {\"step\": null, \"low\": 1e-05, \"high\": 10.0, \"log\": true}}"}
{"op_code":8,"worker_id":"830a7e59-fd2f-45c0-b8e0-c7913503bd4b-14384","trial_id":19,"user_attr":{"raw_metrics":[0.18785280017001713,0.03796909946548869,0.6666666666666666,0.06254670542116277,0.22626262626262625,0.24327957800848202,-0.2790897728264781,-0.5589317679405212,0.48194444444444445]}}
{"op_code":8,"worker_id":"830a7e59-fd2f-45c0-b8e0-c7913503bd4b-14384","trial_id":19,"user_attr":{"val_metrics":[0.04208452769289599,-0.40194281205066396,0.2606060606060606,0.16061770500601744,-3.6758933190569802]}}
{"op_code":5,"worker_id":"bf6182bc-660e-404c-91bb-332640a27e41-8436","trial_id":96,"param_name":"unified_rho","param_value_internal":0.17054161249909303,"distribution":"{\"name\": \"FloatDistribution\", \"attributes\": {\"step\": null, \"low\": 0.0, \"high\": 1.0, \"log\": false}}"}
{"op_code":8,"worker_id":"830a7e59-fd2f-45c0-b8e0-c7913503bd4b-14384","trial_id":19,"user_attr":{"deflated_objective":-1.0815396811914038}}
{"op_code":5,"worker_id":"bf6182bc-660e-404c-91bb-332640a27e41-8436","trial_id":96,"param_name":"unified_gamma","param_value_internal":409.87392956207987,"distribution":"{\"name\": \"FloatDistribution\", \"attributes\": {\"step\": null, \"low\": 1.5, \"high\": 10000.0, \"log\": true}}"}
{"op_code":9,"worker_id":"830a7e59-fd2f-45c0-b8e0-c7913503bd4b-14384","trial_id":19,"system_attr":{"constraints":[-0.06254670542116277,-0.03796909946548869,-0.06666666666666665,0.02373737373737375,-0.24327957800848202,-33.0,-8.0,0.17324109824109823,0.33333333333333337,-1354.6367309933098,-0.03194444444444444,-0.046164021164021185]}}
{"op_code":5,"worker_id":"bf6182bc-660e-404c-91bb-332640a27e41-8436","trial_id":96,"param_name":"huber_delta","param_value_internal":1.5028921153487795,"distribution":"{\"name\": \"FloatDistribution\", \"attributes\": {\"step\": null, \"low\": 0.5, \"high\": 5.0, \"log\": false}}"}
{"op_code":6,"worker_id":"830a7e59-fd2f-45c0-b8e0-c7913503bd4b-14384","trial_id":19,"state":1,"values":[-0.23709305458829363],"datetime_complete":"2026-07-14T11:40:43.121328"}
{"op_code":5,"worker_id":"27ef7781-4230-48be-aef7-2e39728d3bda-4680","trial_id":95,"param_name":"unified_gamma","param_value_internal":1034.140836708922,"distribution":"{\"name\": \"FloatDistribution\", \"attributes\": {\"step\": null, \"low\": 1.5, \"high\": 10000.0, \"log\": true}}"}
{"op_code":8,"worker_id":"0dfcf039-b3c3-42cd-aa00-774f1461dd6e-23408","trial_id":94,"user_attr":{"constraints":[-0.03189723962258193,-0.07666379522452707,-0.2333333333333334,0.06010101010101007,-0.12594347154825097,-112.0,-8.0,0.10925568425568426,0.0,-1177.960941452884,-0.021527777777777757,-0.07089947089947085]}}
{"op_code":5,"worker_id":"27ef7781-4230-48be-aef7-2e39728d3bda-4680","trial_id":95,"param_name":"huber_delta","param_value_internal":1.5063591718173444,"distribution":"{\"name\": \"FloatDistribution\", \"attributes\": {\"step\": null, \"low\": 0.5, \"high\": 5.0, \"log\": false}}"}
{"op_code":8,"worker_id":"0dfcf039-b3c3-42cd-aa00-774f1461dd6e-23408","trial_id":94,"user_attr":{"pruned_reasons":["M5 (Monotonicity <= 0.25)","Side-specific Yearly Tail IC Mean (-0.1093 <= 0)"]}}
{"op_code":8,"worker_id":"0dfcf039-b3c3-42cd-aa00-774f1461dd6e-23408","trial_id":94,"user_attr":{"gini":0.3923847236948492}}
{"op_code":8,"worker_id":"0dfcf039-b3c3-42cd-aa00-774f1461dd6e-23408","trial_id":94,"user_attr":{"cv_is_ics":[0.11691979318857193,0.11086966842412949,0.11575187742710114,0.1005655974149704,0.09911533445119858,0.09128103405237198,0.10809890925884247,0.08934222906827927,0.09993220120668411,0.11140796542167664,0.06547437608242035,0.07940604537725449,0.10450003296136856,0.08146645873785019,0.0864383801817894]}}
{"op_code":8,"worker_id":"0dfcf039-b3c3-42cd-aa00-774f1461dd6e-23408","trial_id":94,"user_attr":{"cv_oos_ics":[-0.0007584026316180825,-0.016736963763833046,0.023517459630966187,0.05187975615262985,0.025523588061332703,0.03911846876144409,0.019172636792063713,0.03169632703065872,0.0092013506218791,0.018897714093327522,0.005388262216001749,0.021813014522194862,0.040256306529045105,0.05117776244878769,0.04314199462532997]}}
{"op_code":8,"worker_id":"0dfcf039-b3c3-42cd-aa00-774f1461dd6e-23408","trial_id":94,"user_attr":{"reg_kappa":2.9522207785612133}}
{"op_code":8,"worker_id":"0dfcf039-b3c3-42cd-aa00-774f1461dd6e-23408","trial_id":94,"user_attr":{"raw_metrics":[0.7125292624559016,0.07666379522452707,0.8333333333333334,0.03189723962258193,0.18989898989898993,0.12594347154825097,-0.1033395076560834,-0.16765211522579193,0.47152777777777777]}}
{"op_code":8,"worker_id":"0dfcf039-b3c3-42cd-aa00-774f1461dd6e-23408","trial_id":94,"user_attr":{"val_metrics":[0.03566157629970111,-0.33100512930247555,0.28484848484848485,0.12049773743416628,-3.9465314117359194]}}
{"op_code":8,"worker_id":"0dfcf039-b3c3-42cd-aa00-774f1461dd6e-23408","trial_id":94,"user_attr":{"deflated_objective":-1.1649488336213467}}
{"op_code":9,"worker_id":"0dfcf039-b3c3-42cd-aa00-774f1461dd6e-23408","trial_id":94,"system_attr":{"constraints":[-0.03189723962258193,-0.07666379522452707,-0.2333333333333334,0.06010101010101007,-0.12594347154825097,-112.0,-8.0,0.10925568425568426,0.0,-1177.960941452884,-0.021527777777777757,-0.07089947089947085]}}
{"op_code":6,"worker_id":"0dfcf039-b3c3-42cd-aa00-774f1461dd6e-23408","trial_id":94,"state":1,"values":[-0.3151912712678612],"datetime_complete":"2026-07-14T11:40:43.164317"}
{"op_code":8,"worker_id":"bf6182bc-660e-404c-91bb-332640a27e41-8436","trial_id":96,"user_attr":{"constraints":[-0.04278627627242859,-0.06589315482726203,-0.06666666666666665,0.10050505050505046,-0.1263260087184608,-90.0,-8.0,0.1521557271557272,0.16666666666666669,-1209.128229930614,-0.0013888888888888284,-0.060978835978835966]}}
{"op_code":8,"worker_id":"bf6182bc-660e-404c-91bb-332640a27e41-8436","trial_id":96,"user_attr":{"pruned_reasons":["M5 (Monotonicity <= 0.25)","Side-specific Yearly Tail IC Mean (-0.1522 <= 0)","Side-specific Hit Rate (33.33% < 50%)"]}}
{"op_code":8,"worker_id":"bf6182bc-660e-404c-91bb-332640a27e41-8436","trial_id":96,"user_attr":{"gini":0.4230169490930673}}
{"op_code":8,"worker_id":"bf6182bc-660e-404c-91bb-332640a27e41-8436","trial_id":96,"user_attr":{"cv_is_ics":[0.11632426828145981,0.10744080692529678,0.11517437547445297,0.09488917142152786,0.09461330622434616,0.092176154255867,0.10706894844770432,0.08535410463809967,0.09729424864053726,0.11005424708127975,0.06024445220828056,0.07784494757652283,0.10053952038288116,0.07823377847671509,0.07900917530059814]}}
{"op_code":8,"worker_id":"bf6182bc-660e-404c-91bb-332640a27e41-8436","trial_id":96,"user_attr":{"cv_oos_ics":[-0.005520949140191078,-0.03984894976019859,0.019700245931744576,0.05326045677065849,0.033648476004600525,0.03483513742685318,0.021008066833019257,0.030415000393986702,0.0166387427598238,0.017072534188628197,-0.007765692193061113,0.01574493758380413,0.037507716566324234,0.049531400203704834,0.048230428248643875]}}
{"op_code":8,"worker_id":"bf6182bc-660e-404c-91bb-332640a27e41-8436","trial_id":96,"user_attr":{"reg_kappa":3.03025929668086}}
{"op_code":8,"worker_id":"bf6182bc-660e-404c-91bb-332640a27e41-8436","trial_id":96,"user_attr":{"raw_metrics":[0.9838922880564512,0.06589315482726203,0.6666666666666666,0.04278627627242859,0.14949494949494954,0.1263260087184608,-0.12544809437997195,-0.24048741161823273,0.45138888888888884]}}
{"op_code":8,"worker_id":"bf6182bc-660e-404c-91bb-332640a27e41-8436","trial_id":96,"user_attr":{"val_metrics":[0.03576793692903964,-0.5243477214246358,0.4909090909090909,0.06443886897877615,-1.5860352869424212]}}
{"op_code":8,"worker_id":"27ef7781-4230-48be-aef7-2e39728d3bda-4680","trial_id":95,"user_attr":{"constraints":[-0.035859732923859126,-0.09683581487229836,-0.2333333333333334,0.03181818181818183,-0.31714739440940315,-113.0,-8.0,0.03563921063921064,0.0,-1176.5278794201317,-0.021527777777777757,-0.07089947089947085]}}
{"op_code":8,"worker_id":"27ef7781-4230-48be-aef7-2e39728d3bda-4680","trial_id":95,"user_attr":{"pruned_reasons":["M5 (Monotonicity <= 0.25)","Side-specific Yearly Tail IC Mean (-0.0356 <= 0)"]}}
{"op_code":8,"worker_id":"27ef7781-4230-48be-aef7-2e39728d3bda-4680","trial_id":95,"user_attr":{"gini":0.3955630351543289}}
{"op_code":8,"worker_id":"bf6182bc-660e-404c-91bb-332640a27e41-8436","trial_id":96,"user_attr":{"deflated_objective":-0.281868525615526}}
{"op_code":8,"worker_id":"27ef7781-4230-48be-aef7-2e39728d3bda-4680","trial_id":95,"user_attr":{"cv_is_ics":[0.11722297966480255,0.11100061237812042,0.1155702993273735,0.1014564037322998,0.09974527359008789,0.09147441387176514,0.1085575670003891,0.09025315195322037,0.10010616481304169,0.11143290251493454,0.06590661406517029,0.07944510877132416,0.10509255528450012,0.08183947950601578,0.08708802610635757]}}
{"op_code":8,"worker_id":"27ef7781-4230-48be-aef7-2e39728d3bda-4680","trial_id":95,"user_attr":{"cv_oos_ics":[0.00021056456898804754,-0.01621987856924534,0.023380927741527557,0.05187833309173584,0.025696851313114166,0.0399298332631588,0.018720613792538643,0.03065774030983448,0.008435544557869434,0.017706649377942085,0.005845695734024048,0.02210828848183155,0.04058930650353432,0.05123499780893326,0.04242686927318573]}}
{"op_code":8,"worker_id":"27ef7781-4230-48be-aef7-2e39728d3bda-4680","trial_id":95,"user_attr":{"reg_kappa":2.9486678210792077}}
{"op_code":9,"worker_id":"bf6182bc-660e-404c-91bb-332640a27e41-8436","trial_id":96,"system_attr":{"constraints":[-0.04278627627242859,-0.06589315482726203,-0.06666666666666665,0.10050505050505046,-0.1263260087184608,-90.0,-8.0,0.1521557271557272,0.16666666666666669,-1209.128229930614,-0.0013888888888888284,-0.060978835978835966]}}
{"op_code":6,"worker_id":"bf6182bc-660e-404c-91bb-332640a27e41-8436","trial_id":96,"state":1,"values":[0.5722868383809206],"datetime_complete":"2026-07-14T11:40:43.198203"}
{"op_code":8,"worker_id":"27ef7781-4230-48be-aef7-2e39728d3bda-4680","trial_id":95,"user_attr":{"raw_metrics":[0.6784285969430273,0.09683581487229836,0.8333333333333334,0.035859732923859126,0.21818181818181817,0.31714739440940315,-0.10264154689512417,-0.1622641384601593,0.47152777777777777]}}
{"op_code":8,"worker_id":"27ef7781-4230-48be-aef7-2e39728d3bda-4680","trial_id":95,"user_attr":{"val_metrics":[0.03553411934718801,-0.2719693969590904,0.3090909090909091,0.12049773743416628,-4.128798531662226]}}
{"op_code":8,"worker_id":"27ef7781-4230-48be-aef7-2e39728d3bda-4680","trial_id":95,"user_attr":{"deflated_objective":-1.2089148029248231}}
{"op_code":9,"worker_id":"27ef7781-4230-48be-aef7-2e39728d3bda-4680","trial_id":95,"system_attr":{"constraints":[-0.035859732923859126,-0.09683581487229836,-0.2333333333333334,0.03181818181818183,-0.31714739440940315,-113.0,-8.0,0.03563921063921064,0.0,-1176.5278794201317,-0.021527777777777757,-0.07089947089947085]}}
{"op_code":6,"worker_id":"27ef7781-4230-48be-aef7-2e39728d3bda-4680","trial_id":95,"state":1,"values":[-0.36207232956735047],"datetime_complete":"2026-07-14T11:40:43.211641"}
{"op_code":4,"worker_id":"27ef7781-4230-48be-aef7-2e39728d3bda-4680","study_id":0,"datetime_start":"2026-07-14T11:40:43.213568"}
{"op_code":5,"worker_id":"27ef7781-4230-48be-aef7-2e39728d3bda-4680","trial_id":97,"param_name":"k_weight","param_value_internal":0.31188066428533295,"distribution":"{\"name\": \"FloatDistribution\", \"attributes\": {\"step\": null, \"low\": 0.0, \"high\": 1.5, \"log\": false}}"}
{"op_code":5,"worker_id":"27ef7781-4230-48be-aef7-2e39728d3bda-4680","trial_id":97,"param_name":"unified_alpha","param_value_internal":0.00020688855268931352,"distribution":"{\"name\": \"FloatDistribution\", \"attributes\": {\"step\": null, \"low\": 1e-05, \"high\": 10.0, \"log\": true}}"}
{"op_code":5,"worker_id":"27ef7781-4230-48be-aef7-2e39728d3bda-4680","trial_id":97,"param_name":"unified_rho","param_value_internal":0.20644060767451283,"distribution":"{\"name\": \"FloatDistribution\", \"attributes\": {\"step\": null, \"low\": 0.0, \"high\": 1.0, \"log\": false}}"}
{"op_code":5,"worker_id":"27ef7781-4230-48be-aef7-2e39728d3bda-4680","trial_id":97,"param_name":"unified_gamma","param_value_internal":640.3790271904041,"distribution":"{\"name\": \"FloatDistribution\", \"attributes\": {\"step\": null, \"low\": 1.5, \"high\": 10000.0, \"log\": true}}"}
{"op_code":5,"worker_id":"27ef7781-4230-48be-aef7-2e39728d3bda-4680","trial_id":97,"param_name":"huber_delta","param_value_internal":1.1124731800006058,"distribution":"{\"name\": \"FloatDistribution\", \"attributes\": {\"step\": null, \"low\": 0.5, \"high\": 5.0, \"log\": false}}"}
{"op_code":8,"worker_id":"27ef7781-4230-48be-aef7-2e39728d3bda-4680","trial_id":97,"user_attr":{"constraints":[-0.021317664695812755,-0.07712502796089422,-0.06666666666666665,0.06414141414141414,-0.18520270713398027,-104.0,-8.0,-0.025493350493350487,0.0,-1189.496467150816,0.018750000000000044,-0.051719576719576665]}}
{"op_code":8,"worker_id":"27ef7781-4230-48be-aef7-2e39728d3bda-4680","trial_id":97,"user_attr":{"pruned_reasons":["M5 (Monotonicity <= 0.25)","Yearly Daily Win Rate (43.12% < 45%)"]}}
{"op_code":8,"worker_id":"27ef7781-4230-48be-aef7-2e39728d3bda-4680","trial_id":97,"user_attr":{"gini":0.3870520049957846}}
{"op_code":8,"worker_id":"27ef7781-4230-48be-aef7-2e39728d3bda-4680","trial_id":97,"user_attr":{"cv_is_ics":[0.11760669946670532,0.10965310782194138,0.11629284918308258,0.09524756669998169,0.0962485522031784,0.09212913364171982,0.10892584919929504,0.09018479287624359,0.10119444876909256,0.11179330199956894,0.06384396553039551,0.0847848430275917,0.10163406282663345,0.08447303622961044,0.08970765024423599]}}
{"op_code":8,"worker_id":"27ef7781-4230-48be-aef7-2e39728d3bda-4680","trial_id":97,"user_attr":{"cv_oos_ics":[0.0005027069128118455,-0.04257247969508171,0.018153401091694832,0.044411901384592056,0.017099294811487198,0.02809322625398636,0.01754392869770527,0.010773112066090107,0.002111769048497081,0.006874458398669958,-0.00027548515936359763,-0.0007870190893299878,0.03269064053893089,0.05117947235703468,0.03329784423112869]}}
{"op_code":8,"worker_id":"27ef7781-4230-48be-aef7-2e39728d3bda-4680","trial_id":97,"user_attr":{"reg_kappa":2.9804730042132754}}
{"op_code":8,"worker_id":"27ef7781-4230-48be-aef7-2e39728d3bda-4680","trial_id":97,"user_attr":{"raw_metrics":[0.6860692813978349,0.07712502796089422,0.6666666666666666,0.021317664695812755,0.18585858585858586,0.18520270713398027,-0.11043188200039832,-0.17467041313648224,0.43124999999999997]}}
{"op_code":8,"worker_id":"27ef7781-4230-48be-aef7-2e39728d3bda-4680","trial_id":97,"user_attr":{"val_metrics":[0.033572161291951806,-0.3532838529640571,0.3090909090909091,0.030323926983671118,-3.86363713004097]}}
{"op_code":8,"worker_id":"27ef7781-4230-48be-aef7-2e39728d3bda-4680","trial_id":97,"user_attr":{"deflated_objective":-1.1275768892199}}
{"op_code":9,"worker_id":"27ef7781-4230-48be-aef7-2e39728d3bda-4680","trial_id":97,"system_attr":{"constraints":[-0.021317664695812755,-0.07712502796089422,-0.06666666666666665,0.06414141414141414,-0.18520270713398027,-104.0,-8.0,-0.025493350493350487,0.0,-1189.496467150816,0.018750000000000044,-0.051719576719576665]}}
{"op_code":6,"worker_id":"27ef7781-4230-48be-aef7-2e39728d3bda-4680","trial_id":97,"state":1,"values":[-0.28872974713369276],"datetime_complete":"2026-07-14T11:40:43.288133"}
{"op_code":5,"worker_id":"ed486795-cc07-46ac-bde4-d5fb36fea45f-24340","trial_id":68,"param_name":"huber_delta","param_value_internal":1.8596785173761012,"distribution":"{\"name\": \"FloatDistribution\", \"attributes\": {\"step\": null, \"low\": 0.5, \"high\": 5.0, \"log\": false}}"}
{"op_code":8,"worker_id":"ed486795-cc07-46ac-bde4-d5fb36fea45f-24340","trial_id":68,"user_attr":{"constraints":[-0.046009238690105925,-0.056778049035656815,-0.06666666666666665,0.08030303030303029,-0.08948667036265963,-101.0,-8.0,0.1637923637923638,0.33333333333333337,-1193.8911228294014,-0.011111111111111072,-0.060978835978835966]}}
{"op_code":8,"worker_id":"ed486795-cc07-46ac-bde4-d5fb36fea45f-24340","trial_id":68,"user_attr":{"pruned_reasons":["M5 (Monotonicity <= 0.25)","Side-specific Yearly Tail IC Mean (-0.1638 <= 0)","Side-specific Hit Rate (16.67% < 50%)"]}}
{"op_code":8,"worker_id":"ed486795-cc07-46ac-bde4-d5fb36fea45f-24340","trial_id":68,"user_attr":{"gini":0.41640366460775247}}
{"op_code":8,"worker_id":"ed486795-cc07-46ac-bde4-d5fb36fea45f-24340","trial_id":68,"user_attr":{"cv_is_ics":[0.11541487276554108,0.108427032828331,0.11448531597852707,0.0957765057682991,0.09547977149486542,0.09195077419281006,0.10648226737976074,0.08631595224142075,0.09849516302347183,0.10937636345624924,0.06320901215076447,0.07376329600811005,0.10470667481422424,0.07845782488584518,0.08109206706285477]}}
{"op_code":8,"worker_id":"ed486795-cc07-46ac-bde4-d5fb36fea45f-24340","trial_id":68,"user_attr":{"cv_oos_ics":[-0.003990049008280039,-0.015473292209208012,0.02168858051300049,0.05311310291290283,0.038637105375528336,0.03625057637691498,0.020407836884260178,0.044138722121715546,0.015954656526446342,0.022444140166044235,0.002434520050883293,0.03096082992851734,0.046308014541864395,0.05211712047457695,0.054620545357465744]}}
{"op_code":8,"worker_id":"ed486795-cc07-46ac-bde4-d5fb36fea45f-24340","trial_id":68,"user_attr":{"reg_kappa":2.990743625676748}}
{"op_code":8,"worker_id":"ed486795-cc07-46ac-bde4-d5fb36fea45f-24340","trial_id":68,"user_attr":{"raw_metrics":[0.6903439212750213,0.056778049035656815,0.6666666666666666,0.046009238690105925,0.1696969696969697,0.08948667036265963,-0.11356326938005988,-0.22083236277103424,0.4611111111111111]}}
{"op_code":8,"worker_id":"ed486795-cc07-46ac-bde4-d5fb36fea45f-24340","trial_id":68,"user_attr":{"val_metrics":[0.039533630615702677,-0.4829726280615381,0.3696969696969697,0.06443886897877615,-3.6162411378669037]}}
{"op_code":8,"worker_id":"ed486795-cc07-46ac-bde4-d5fb36fea45f-24340","trial_id":68,"user_attr":{"deflated_objective":-1.0677190563274066}}
{"op_code":9,"worker_id":"ed486795-cc07-46ac-bde4-d5fb36fea45f-24340","trial_id":68,"system_attr":{"constraints":[-0.046009238690105925,-0.056778049035656815,-0.06666666666666665,0.08030303030303029,-0.08948667036265963,-101.0,-8.0,0.1637923637923638,0.33333333333333337,-1193.8911228294014,-0.011111111111111072,-0.060978835978835966]}}
{"op_code":6,"worker_id":"ed486795-cc07-46ac-bde4-d5fb36fea45f-24340","trial_id":68,"state":1,"values":[-0.2349901073154514],"datetime_complete":"2026-07-14T11:40:43.394000"}
{"op_code":4,"worker_id":"ed486795-cc07-46ac-bde4-d5fb36fea45f-24340","study_id":0,"datetime_start":"2026-07-14T11:40:43.395535"}
{"op_code":5,"worker_id":"ed486795-cc07-46ac-bde4-d5fb36fea45f-24340","trial_id":98,"param_name":"k_weight","param_value_internal":0.3063599310626565,"distribution":"{\"name\": \"FloatDistribution\", \"attributes\": {\"step\": null, \"low\": 0.0, \"high\": 1.5, \"log\": false}}"}
{"op_code":5,"worker_id":"ed486795-cc07-46ac-bde4-d5fb36fea45f-24340","trial_id":98,"param_name":"unified_alpha","param_value_internal":0.0004580070280465268,"distribution":"{\"name\": \"FloatDistribution\", \"attributes\": {\"step\": null, \"low\": 1e-05, \"high\": 10.0, \"log\": true}}"}
{"op_code":5,"worker_id":"ed486795-cc07-46ac-bde4-d5fb36fea45f-24340","trial_id":98,"param_name":"unified_rho","param_value_internal":0.5398770741989856,"distribution":"{\"name\": \"FloatDistribution\", \"attributes\": {\"step\": null, \"low\": 0.0, \"high\": 1.0, \"log\": false}}"}
{"op_code":8,"worker_id":"53ce617b-5c4e-48d3-aeea-10af6bc4afa1-7108","trial_id":71,"user_attr":{"constraints":[-0.04543870834670497,-0.05981758971953089,-0.06666666666666665,0.1126262626262626,-0.08199542926520938,-100.0,-8.0,0.16306306306306306,0.33333333333333337,-1195.6282178633264,-0.011111111111111072,-0.0656084656084655]}}
{"op_code":5,"worker_id":"ed486795-cc07-46ac-bde4-d5fb36fea45f-24340","trial_id":98,"param_name":"unified_gamma","param_value_internal":419.235673985473,"distribution":"{\"name\": \"FloatDistribution\", \"attributes\": {\"step\": null, \"low\": 1.5, \"high\": 10000.0, \"log\": true}}"}
{"op_code":5,"worker_id":"ed486795-cc07-46ac-bde4-d5fb36fea45f-24340","trial_id":98,"param_name":"huber_delta","param_value_internal":1.1230174631590732,"distribution":"{\"name\": \"FloatDistribution\", \"attributes\": {\"step\": null, \"low\": 0.5, \"high\": 5.0, \"log\": false}}"}
{"op_code":8,"worker_id":"53ce617b-5c4e-48d3-aeea-10af6bc4afa1-7108","trial_id":71,"user_attr":{"pruned_reasons":["M5 (Monotonicity <= 0.25)","Side-specific Yearly Tail IC Mean (-0.1631 <= 0)","Side-specific Hit Rate (16.67% < 50%)"]}}
{"op_code":8,"worker_id":"53ce617b-5c4e-48d3-aeea-10af6bc4afa1-7108","trial_id":71,"user_attr":{"gini":0.42248529739842944}}
{"op_code":8,"worker_id":"53ce617b-5c4e-48d3-aeea-10af6bc4afa1-7108","trial_id":71,"user_attr":{"cv_is_ics":[0.1154007762670517,0.10846664756536484,0.11320287734270096,0.09676173329353333,0.09516869485378265,0.09234181046485901,0.10622980445623398,0.08635762333869934,0.09809746593236923,0.10877414047718048,0.063506580889225,0.07340452820062637,0.10489442199468613,0.07807372510433197,0.08101725578308105]}}
{"op_code":8,"worker_id":"53ce617b-5c4e-48d3-aeea-10af6bc4afa1-7108","trial_id":71,"user_attr":{"cv_oos_ics":[-0.004230084363371134,-0.013898969627916813,0.021572548896074295,0.05442318692803383,0.04054870083928108,0.03597067669034004,0.020559459924697876,0.04536367207765579,0.017932739108800888,0.022000659257173538,0.00278716953471303,0.03380138799548149,0.047305453568696976,0.052992548793554306,0.055122826248407364]}}
{"op_code":8,"worker_id":"53ce617b-5c4e-48d3-aeea-10af6bc4afa1-7108","trial_id":71,"user_attr":{"reg_kappa":2.9958208329625697}}
{"op_code":8,"worker_id":"53ce617b-5c4e-48d3-aeea-10af6bc4afa1-7108","trial_id":71,"user_attr":{"raw_metrics":[0.7450276268529408,0.05981758971953089,0.6666666666666666,0.04543870834670497,0.1373737373737374,0.08199542926520938,-0.1148454199422543,-0.22624260187149048,0.4611111111111111]}}
{"op_code":8,"worker_id":"53ce617b-5c4e-48d3-aeea-10af6bc4afa1-7108","trial_id":71,"user_attr":{"val_metrics":[0.039603951692951285,-0.49066035216020953,0.2727272727272727,0.08275487495626768,-4.083582051867186]}}
{"op_code":8,"worker_id":"53ce617b-5c4e-48d3-aeea-10af6bc4afa1-7108","trial_id":71,"user_attr":{"deflated_objective":-1.2607499302327216}}
{"op_code":9,"worker_id":"53ce617b-5c4e-48d3-aeea-10af6bc4afa1-7108","trial_id":71,"system_attr":{"constraints":[-0.04543870834670497,-0.05981758971953089,-0.06666666666666665,0.1126262626262626,-0.08199542926520938,-100.0,-8.0,0.16306306306306306,0.33333333333333337,-1195.6282178633264,-0.011111111111111072,-0.0656084656084655]}}
{"op_code":6,"worker_id":"53ce617b-5c4e-48d3-aeea-10af6bc4afa1-7108","trial_id":71,"state":1,"values":[-0.4346915001243076],"datetime_complete":"2026-07-14T11:40:43.423859"}
{"op_code":8,"worker_id":"9f074630-7e5e-4074-b5a1-300decb90fb3-18156","trial_id":70,"user_attr":{"reg_kappa":2.9994604126776125}}
{"op_code":8,"worker_id":"9f074630-7e5e-4074-b5a1-300decb90fb3-18156","trial_id":70,"user_attr":{"raw_metrics":[0.7356426094655009,0.07762559390169611,0.6666666666666666,0.04690502237808156,0.10707070707070708,0.10007435391450092,-0.11600427598018104,-0.23209615051746368,0.4847222222222222]}}
{"op_code":8,"worker_id":"9f074630-7e5e-4074-b5a1-300decb90fb3-18156","trial_id":70,"user_attr":{"val_metrics":[0.03801381633366711,-0.4997121683415907,0.296969696969697,0.08275487495626768,-4.35887780828081]}}
{"op_code":8,"worker_id":"9f074630-7e5e-4074-b5a1-300decb90fb3-18156","trial_id":70,"user_attr":{"deflated_objective":-1.3661129555687186}}
{"op_code":9,"worker_id":"9f074630-7e5e-4074-b5a1-300decb90fb3-18156","trial_id":70,"system_attr":{"constraints":[-0.04690502237808156,-0.07762559390169611,-0.06666666666666665,0.1429292929292929,-0.10007435391450092,-99.0,-8.0,0.17790647790647793,0.33333333333333337,-1197.1742990477717,-0.03472222222222221,-0.07023809523809516]}}
{"op_code":6,"worker_id":"9f074630-7e5e-4074-b5a1-300decb90fb3-18156","trial_id":70,"state":1,"values":[-0.5461653002628483],"datetime_complete":"2026-07-14T11:40:43.439811"}
{"op_code":8,"worker_id":"ed486795-cc07-46ac-bde4-d5fb36fea45f-24340","trial_id":98,"user_attr":{"constraints":[-0.020482458660397912,-0.07133580705009276,-0.06666666666666665,0.07424242424242422,-0.18187901430556344,-105.0,-8.0,0.01041398541398541,0.0,-1189.0221672071664,0.022222222222222254,-0.051719576719576665]}}
{"op_code":8,"worker_id":"ed486795-cc07-46ac-bde4-d5fb36fea45f-24340","trial_id":98,"user_attr":{"pruned_reasons":["M5 (Monotonicity <= 0.25)","Side-specific Yearly Tail IC Mean (-0.0104 <= 0)","Yearly Daily Win Rate (42.78% < 45%)"]}}
{"op_code":8,"worker_id":"ed486795-cc07-46ac-bde4-d5fb36fea45f-24340","trial_id":98,"user_attr":{"gini":0.393341719477033}}
{"op_code":8,"worker_id":"ed486795-cc07-46ac-bde4-d5fb36fea45f-24340","trial_id":98,"user_attr":{"cv_is_ics":[0.1177324652671814,0.10966712236404419,0.11589426547288895,0.09576931595802307,0.09620481729507446,0.09163025766611099,0.10867919027805328,0.09044163674116135,0.10097172856330872,0.11187288910150528,0.06345194578170776,0.08484578877687454,0.10168450325727463,0.08421451598405838,0.08926685899496078]}}
{"op_code":8,"worker_id":"ed486795-cc07-46ac-bde4-d5fb36fea45f-24340","trial_id":98,"user_attr":{"cv_oos_ics":[0.0011707048397511244,-0.043256424367427826,0.01828751340508461,0.04466674476861954,0.01627597212791443,0.028349347412586212,0.017597459256649017,0.011173740029335022,0.002118318108841777,0.006444644648581743,-0.0003147791721858084,2.2494394215755165e-05,0.03247751295566559,0.050880495458841324,0.0340832956135273]}}
{"op_code":8,"worker_id":"ed486795-cc07-46ac-bde4-d5fb36fea45f-24340","trial_id":98,"user_attr":{"reg_kappa":2.9790801988394042}}
{"op_code":8,"worker_id":"ed486795-cc07-46ac-bde4-d5fb36fea45f-24340","trial_id":98,"user_attr":{"raw_metrics":[0.7105236201342114,0.07133580705009276,0.6666666666666666,0.020482458660397912,0.17575757575757578,0.18187901430556344,-0.11010445324623899,-0.17301389575004578,0.42777777777777776]}}
{"op_code":8,"worker_id":"ed486795-cc07-46ac-bde4-d5fb36fea45f-24340","trial_id":98,"user_attr":{"val_metrics":[0.03273709849962456,-0.3518265039349847,0.3696969696969697,0.030323926983671118,-4.009488427454332]}}
{"op_code":8,"worker_id":"ed486795-cc07-46ac-bde4-d5fb36fea45f-24340","trial_id":98,"user_attr":{"deflated_objective":-1.1548481198438667}}
{"op_code":9,"worker_id":"ed486795-cc07-46ac-bde4-d5fb36fea45f-24340","trial_id":98,"system_attr":{"constraints":[-0.020482458660397912,-0.07133580705009276,-0.06666666666666665,0.07424242424242422,-0.18187901430556344,-105.0,-8.0,0.01041398541398541,0.0,-1189.0221672071664,0.022222222222222254,-0.051719576719576665]}}
{"op_code":6,"worker_id":"ed486795-cc07-46ac-bde4-d5fb36fea45f-24340","trial_id":98,"state":1,"values":[-0.340510226700857],"datetime_complete":"2026-07-14T11:40:43.469483"}
{"op_code":8,"worker_id":"ee427f6f-6664-4d15-a59c-583a5aee3739-19068","trial_id":72,"user_attr":{"pruned_reasons":["M5 (Monotonicity <= 0.25)","M6 (Top-Bottom Spread <= 0)"]}}
{"op_code":8,"worker_id":"ee427f6f-6664-4d15-a59c-583a5aee3739-19068","trial_id":72,"user_attr":{"gini":0.3959786540786825}}
{"op_code":8,"worker_id":"ee427f6f-6664-4d15-a59c-583a5aee3739-19068","trial_id":72,"user_attr":{"cv_is_ics":[0.11700154095888138,0.10877490043640137,0.1152985617518425,0.09496200829744339,0.09603031724691391,0.09101160615682602,0.10796299576759338,0.08892781287431717,0.09980874508619308,0.11234362423419952,0.06308238208293915,0.08266034722328186,0.10100032389163971,0.08362367749214172,0.08753888309001923]}}
{"op_code":8,"worker_id":"ee427f6f-6664-4d15-a59c-583a5aee3739-19068","trial_id":72,"user_attr":{"cv_oos_ics":[-0.0004883275832980871,-0.04621913284063339,0.019026268273591995,0.04711179807782173,0.021366111934185028,0.02744757942855358,0.018178755417466164,0.01364228781312704,0.003908189479261637,0.009090013802051544,-0.002662169048562646,0.0026603180449455976,0.030085131525993347,0.05049438774585724,0.03683216869831085]}}
{"op_code":8,"worker_id":"ee427f6f-6664-4d15-a59c-583a5aee3739-19068","trial_id":72,"user_attr":{"reg_kappa":2.9919892043147485}}
{"op_code":8,"worker_id":"ee427f6f-6664-4d15-a59c-583a5aee3739-19068","trial_id":72,"user_attr":{"raw_metrics":[0.8343973485161303,0.055065636828554775,0.6666666666666666,0.018322881729004883,0.12525252525252523,-0.02277800691727963,-0.11395217573904506,-0.18990015983581543,0.45763888888888893]}}
{"op_code":8,"worker_id":"ee427f6f-6664-4d15-a59c-583a5aee3739-19068","trial_id":72,"user_attr":{"val_metrics":[0.03340690676041757,-0.4711438580639943,0.3333333333333333,0.028031117596623037,-3.033118869285537]}}
{"op_code":8,"worker_id":"ee427f6f-6664-4d15-a59c-583a5aee3739-19068","trial_id":72,"user_attr":{"deflated_objective":-0.8117435887562992}}
{"op_code":9,"worker_id":"ee427f6f-6664-4d15-a59c-583a5aee3739-19068","trial_id":72,"system_attr":{"constraints":[-0.018322881729004883,-0.055065636828554775,-0.06666666666666665,0.12474747474747477,0.02277800691727963,-101.0,-8.0,-0.04427284427284428,0.0,-1194.4216460495916,-0.007638888888888917,-0.04708994708994707]}}
{"op_code":6,"worker_id":"ee427f6f-6664-4d15-a59c-583a5aee3739-19068","trial_id":72,"state":1,"values":[-0.001258727929152409],"datetime_complete":"2026-07-14T11:40:43.503239"}
{"op_code":8,"worker_id":"b0db6fbf-7d5d-4717-9ec0-e41aead5add7-27448","trial_id":43,"user_attr":{"reg_kappa":3.203489924781109}}
{"op_code":8,"worker_id":"b0db6fbf-7d5d-4717-9ec0-e41aead5add7-27448","trial_id":43,"user_attr":{"raw_metrics":[0.6096163149931951,0.03832161518601371,0.6666666666666666,0.04647078184390959,0.2161616161616162,0.06614279061659344,-0.19097019979662702,-0.36845871806144714,0.41736111111111107]}}
{"op_code":8,"worker_id":"b0db6fbf-7d5d-4717-9ec0-e41aead5add7-27448","trial_id":43,"user_attr":{"val_metrics":[0.04563574209395077,-0.4637054290548045,0.3939393939393939,0.1002957806483829,-2.0587428365941256]}}
{"op_code":8,"worker_id":"b0db6fbf-7d5d-4717-9ec0-e41aead5add7-27448","trial_id":43,"user_attr":{"deflated_objective":-0.4132613738120057}}
{"op_code":9,"worker_id":"b0db6fbf-7d5d-4717-9ec0-e41aead5add7-27448","trial_id":43,"system_attr":{"constraints":[-0.04647078184390959,-0.03832161518601371,-0.06666666666666665,0.033838383838383806,-0.06614279061659344,-55.0,-8.0,0.12313384813384813,0.16666666666666669,-1278.2523129926994,0.03263888888888894,-0.01838624338624334]}}
{"op_code":6,"worker_id":"b0db6fbf-7d5d-4717-9ec0-e41aead5add7-27448","trial_id":43,"state":1,"values":[0.39875054630504647],"datetime_complete":"2026-07-14T11:40:43.745932"}
{"op_code":4,"worker_id":"be7ec4af-cc4b-40dd-a2f2-ca8b14d25692-20880","study_id":0,"datetime_start":"2026-07-14T11:40:40.750239"}
{"op_code":5,"worker_id":"1a225fd0-9720-4c8a-ab3a-537beea67e20-16052","trial_id":7,"param_name":"unified_alpha","param_value_internal":1.85469752839378e-05,"distribution":"{\"name\": \"FloatDistribution\", \"attributes\": {\"step\": null, \"low\": 1e-05, \"high\": 10.0, \"log\": true}}"}
{"op_code":5,"worker_id":"be7ec4af-cc4b-40dd-a2f2-ca8b14d25692-20880","trial_id":99,"param_name":"k_weight","param_value_internal":0.23884915651653973,"distribution":"{\"name\": \"FloatDistribution\", \"attributes\": {\"step\": null, \"low\": 0.0, \"high\": 1.5, \"log\": false}}"}
{"op_code":5,"worker_id":"be7ec4af-cc4b-40dd-a2f2-ca8b14d25692-20880","trial_id":99,"param_name":"unified_alpha","param_value_internal":0.000675882959242774,"distribution":"{\"name\": \"FloatDistribution\", \"attributes\": {\"step\": null, \"low\": 1e-05, \"high\": 10.0, \"log\": true}}"}
{"op_code":5,"worker_id":"1a225fd0-9720-4c8a-ab3a-537beea67e20-16052","trial_id":7,"param_name":"unified_rho","param_value_internal":0.3433036725425923,"distribution":"{\"name\": \"FloatDistribution\", \"attributes\": {\"step\": null, \"low\": 0.0, \"high\": 1.0, \"log\": false}}"}
{"op_code":5,"worker_id":"be7ec4af-cc4b-40dd-a2f2-ca8b14d25692-20880","trial_id":99,"param_name":"unified_rho","param_value_internal":0.20821695474491514,"distribution":"{\"name\": \"FloatDistribution\", \"attributes\": {\"step\": null, \"low\": 0.0, \"high\": 1.0, \"log\": false}}"}
{"op_code":5,"worker_id":"1a225fd0-9720-4c8a-ab3a-537beea67e20-16052","trial_id":7,"param_name":"unified_gamma","param_value_internal":435.2751988055667,"distribution":"{\"name\": \"FloatDistribution\", \"attributes\": {\"step\": null, \"low\": 1.5, \"high\": 10000.0, \"log\": true}}"}
{"op_code":5,"worker_id":"be7ec4af-cc4b-40dd-a2f2-ca8b14d25692-20880","trial_id":99,"param_name":"unified_gamma","param_value_internal":630.3423952797523,"distribution":"{\"name\": \"FloatDistribution\", \"attributes\": {\"step\": null, \"low\": 1.5, \"high\": 10000.0, \"log\": true}}"}
{"op_code":5,"worker_id":"1a225fd0-9720-4c8a-ab3a-537beea67e20-16052","trial_id":7,"param_name":"huber_delta","param_value_internal":1.7789584943313028,"distribution":"{\"name\": \"FloatDistribution\", \"attributes\": {\"step\": null, \"low\": 0.5, \"high\": 5.0, \"log\": false}}"}
{"op_code":5,"worker_id":"be7ec4af-cc4b-40dd-a2f2-ca8b14d25692-20880","trial_id":99,"param_name":"huber_delta","param_value_internal":1.2934412504285946,"distribution":"{\"name\": \"FloatDistribution\", \"attributes\": {\"step\": null, \"low\": 0.5, \"high\": 5.0, \"log\": false}}"}
{"op_code":5,"worker_id":"73467b8a-3763-433c-b628-4ad6bde59b68-29612","trial_id":2,"param_name":"huber_delta","param_value_internal":2.500112731873114,"distribution":"{\"name\": \"FloatDistribution\", \"attributes\": {\"step\": null, \"low\": 0.5, \"high\": 5.0, \"log\": false}}"}
{"op_code":5,"worker_id":"eee3aa36-1fef-4d7f-976c-a646c386b8e6-6576","trial_id":14,"param_name":"unified_rho","param_value_internal":0.8460850972808829,"distribution":"{\"name\": \"FloatDistribution\", \"attributes\": {\"step\": null, \"low\": 0.0, \"high\": 1.0, \"log\": false}}"}
{"op_code":8,"worker_id":"1a225fd0-9720-4c8a-ab3a-537beea67e20-16052","trial_id":7,"user_attr":{"constraints":[-0.059093073102725026,-0.02463817478382589,0.09999999999999998,0.025757575757575757,-0.0813842787515993,-54.0,-8.0,0.12105319605319605,0.16666666666666669,-1280.1848624361705,0.002083333333333326,-0.036904761904761774]}}
{"op_code":8,"worker_id":"1a225fd0-9720-4c8a-ab3a-537beea67e20-16052","trial_id":7,"user_attr":{"pruned_reasons":["M3 (Hit Rate < 60%)","M5 (Monotonicity <= 0.25)","Side-specific Yearly Tail IC Mean (-0.1211 <= 0)","Side-specific Hit Rate (33.33% < 50%)","Yearly Daily Win Rate (44.79% < 45%)"]}}
{"op_code":8,"worker_id":"1a225fd0-9720-4c8a-ab3a-537beea67e20-16052","trial_id":7,"user_attr":{"gini":0.4601503145870116}}
{"op_code":8,"worker_id":"1a225fd0-9720-4c8a-ab3a-537beea67e20-16052","trial_id":7,"user_attr":{"cv_is_ics":[0.11354854702949524,0.1010931059718132,0.11149749904870987,0.09151139110326767,0.09089934080839157,0.09380035102367401,0.10687671601772308,0.08298274874687195,0.09400128573179245,0.10592968761920929,0.05850844830274582,0.07165119796991348,0.1001814529299736,0.07585524767637253,0.07672448456287384]}}
{"op_code":8,"worker_id":"1a225fd0-9720-4c8a-ab3a-537beea67e20-16052","trial_id":7,"user_attr":{"cv_oos_ics":[-0.011435265652835369,-0.03217751160264015,0.02126574143767357,0.05771676450967789,0.043834589421749115,0.030962970107793808,0.02121179737150669,0.045420192182064056,0.02914022095501423,0.02247375249862671,0.003996883984655142,0.0360662043094635,0.04826417192816734,0.0536087267100811,0.07293298840522766]}}
{"op_code":8,"worker_id":"1a225fd0-9720-4c8a-ab3a-537beea67e20-16052","trial_id":7,"user_attr":{"reg_kappa":3.2084252225209786}}
{"op_code":8,"worker_id":"1a225fd0-9720-4c8a-ab3a-537beea67e20-16052","trial_id":7,"user_attr":{"raw_metrics":[0.16228455766972766,0.02463817478382589,0.5,0.059093073102725026,0.22424242424242424,0.0813842787515993,-0.19302299869319428,-0.4035145044326782,0.4479166666666667]}}
{"op_code":8,"worker_id":"be7ec4af-cc4b-40dd-a2f2-ca8b14d25692-20880","trial_id":99,"user_attr":{"constraints":[-0.028135511368604166,-0.08315591871822874,-0.06666666666666665,0.07222222222222219,-0.09222674899217158,-109.0,-8.0,-0.020999570999571,0.0,-1183.5366316134052,-0.014583333333333337,-0.051719576719576665]}}
{"op_code":8,"worker_id":"be7ec4af-cc4b-40dd-a2f2-ca8b14d25692-20880","trial_id":99,"user_attr":{"pruned_reasons":["M5 (Monotonicity <= 0.25)"]}}
{"op_code":8,"worker_id":"be7ec4af-cc4b-40dd-a2f2-ca8b14d25692-20880","trial_id":99,"user_attr":{"gini":0.39215432405467054}}
{"op_code":8,"worker_id":"be7ec4af-cc4b-40dd-a2f2-ca8b14d25692-20880","trial_id":99,"user_attr":{"cv_is_ics":[0.11805372685194016,0.10953439772129059,0.1158335953950882,0.09884120523929596,0.09729912877082825,0.0904993936419487,0.10907351970672607,0.08952846378087997,0.0995057225227356,0.1115659847855568,0.0643506571650505,0.08270864933729172,0.10310885310173035,0.08296973258256912,0.087997205555439]}}
{"op_code":8,"worker_id":"be7ec4af-cc4b-40dd-a2f2-ca8b14d25692-20880","trial_id":99,"user_attr":{"cv_oos_ics":[0.0002507127937860787,-0.03534466400742531,0.02066109888255596,0.04757919907569885,0.024055615067481995,0.032230913639068604,0.016036946326494217,0.016380056738853455,0.005476533900946379,0.011460610665380955,-0.001701743807643652,0.008050715550780296,0.031202733516693115,0.05023641511797905,0.035252295434474945]}}
{"op_code":8,"worker_id":"be7ec4af-cc4b-40dd-a2f2-ca8b14d25692-20880","trial_id":99,"user_attr":{"reg_kappa":2.963917703000941}}
{"op_code":8,"worker_id":"be7ec4af-cc4b-40dd-a2f2-ca8b14d25692-20880","trial_id":99,"user_attr":{"raw_metrics":[0.8197075518972454,0.08315591871822874,0.6666666666666666,0.028135511368604166,0.1777777777777778,0.09222674899217158,-0.10650654414787064,-0.16948162019252777,0.46458333333333335]}}
{"op_code":8,"worker_id":"1a225fd0-9720-4c8a-ab3a-537beea67e20-16052","trial_id":7,"user_attr":{"val_metrics":[0.04529468486929501,-0.33120399203649614,0.28484848484848485,0.09984035936076247,-4.6342498291285175]}}
{"op_code":8,"worker_id":"be7ec4af-cc4b-40dd-a2f2-ca8b14d25692-20880","trial_id":99,"user_attr":{"val_metrics":[0.03477025664557499,-0.3685297145193243,0.45454545454545453,0.05309188401367029,-3.832134204161982]}}
{"op_code":8,"worker_id":"1a225fd0-9720-4c8a-ab3a-537beea67e20-16052","trial_id":7,"user_attr":{"deflated_objective":-1.3962962375878996}}
{"op_code":8,"worker_id":"73467b8a-3763-433c-b628-4ad6bde59b68-29612","trial_id":2,"user_attr":{"constraints":[-0.07235157892386082,-0.030524749990757143,-0.06666666666666665,-0.0025252525252525415,-0.1298783632921469,-30.0,-7.0,0.1673208923208923,0.16666666666666669,-1378.5011360147714,-0.028472222222222177,-0.05079365079365078]}}
{"op_code":8,"worker_id":"be7ec4af-cc4b-40dd-a2f2-ca8b14d25692-20880","trial_id":99,"user_attr":{"deflated_objective":-1.0744919656826482}}
{"op_code":9,"worker_id":"be7ec4af-cc4b-40dd-a2f2-ca8b14d25692-20880","trial_id":99,"system_attr":{"constraints":[-0.028135511368604166,-0.08315591871822874,-0.06666666666666665,0.07222222222222219,-0.09222674899217158,-109.0,-8.0,-0.020999570999571,0.0,-1183.5366316134052,-0.014583333333333337,-0.051719576719576665]}}
{"op_code":9,"worker_id":"1a225fd0-9720-4c8a-ab3a-537beea67e20-16052","trial_id":7,"system_attr":{"constraints":[-0.059093073102725026,-0.02463817478382589,0.09999999999999998,0.025757575757575757,-0.0813842787515993,-54.0,-8.0,0.12105319605319605,0.16666666666666669,-1280.1848624361705,0.002083333333333326,-0.036904761904761774]}}
{"op_code":6,"worker_id":"1a225fd0-9720-4c8a-ab3a-537beea67e20-16052","trial_id":7,"state":1,"values":[-0.5893948724341289],"datetime_complete":"2026-07-14T11:40:43.879028"}
{"op_code":6,"worker_id":"be7ec4af-cc4b-40dd-a2f2-ca8b14d25692-20880","trial_id":99,"state":1,"values":[-0.2675616573255043],"datetime_complete":"2026-07-14T11:40:43.877573"}
{"op_code":8,"worker_id":"73467b8a-3763-433c-b628-4ad6bde59b68-29612","trial_id":2,"user_attr":{"pruned_reasons":["Side-specific Yearly Tail IC Mean (-0.1673 <= 0)","Side-specific Hit Rate (33.33% < 50%)"]}}
{"op_code":8,"worker_id":"73467b8a-3763-433c-b628-4ad6bde59b68-29612","trial_id":2,"user_attr":{"gini":0.450805836614677}}
{"op_code":8,"worker_id":"73467b8a-3763-433c-b628-4ad6bde59b68-29612","trial_id":2,"user_attr":{"cv_is_ics":[0.10474127531051636,0.08965818583965302,0.10178624838590622,0.09087956696748734,0.08033975958824158,0.09488026797771454,0.10831437259912491,0.0802982971072197,0.0942571833729744,0.10098933428525925,0.06568124145269394,0.06619486212730408,0.10085872560739517,0.07326866686344147,0.07351216673851013]}}
{"op_code":8,"worker_id":"73467b8a-3763-433c-b628-4ad6bde59b68-29612","trial_id":2,"user_attr":{"cv_oos_ics":[-0.013737950474023819,0.002584576839581132,0.026236148551106453,0.0551111176609993,0.05854948237538338,0.03167467564344406,0.01601146161556244,0.05975696071982384,0.035315364599227905,0.015330785885453224,0.019186297431588173,0.06478983908891678,0.05643391236662865,0.056636784225702286,0.09707916527986526]}}
{"op_code":8,"worker_id":"73467b8a-3763-433c-b628-4ad6bde59b68-29612","trial_id":2,"user_attr":{"reg_kappa":3.3819129964591013}}
{"op_code":8,"worker_id":"73467b8a-3763-433c-b628-4ad6bde59b68-29612","trial_id":2,"user_attr":{"raw_metrics":[0.17113617347717164,0.030524749990757143,0.6666666666666666,0.07235157892386082,0.25252525252525254,0.1298783632921469,-0.2849593150529322,-0.5790316462516785,0.4784722222222222]}}
{"op_code":8,"worker_id":"73467b8a-3763-433c-b628-4ad6bde59b68-29612","trial_id":2,"user_attr":{"val_metrics":[0.040409128027447866,-0.4019378251302524,0.3090909090909091,0.09674567223418556,-4.556066502598741]}}
{"op_code":8,"worker_id":"73467b8a-3763-433c-b628-4ad6bde59b68-29612","trial_id":2,"user_attr":{"deflated_objective":-1.3808968721995893}}
{"op_code":9,"worker_id":"73467b8a-3763-433c-b628-4ad6bde59b68-29612","trial_id":2,"system_attr":{"constraints":[-0.07235157892386082,-0.030524749990757143,-0.06666666666666665,-0.0025252525252525415,-0.1298783632921469,-30.0,-7.0,0.1673208923208923,0.16666666666666669,-1378.5011360147714,-0.028472222222222177,-0.05079365079365078]}}
{"op_code":6,"worker_id":"73467b8a-3763-433c-b628-4ad6bde59b68-29612","trial_id":2,"state":1,"values":[-0.5844793883201546],"datetime_complete":"2026-07-14T11:40:43.900659"}
{"op_code":8,"worker_id":"41db8080-ccf4-4530-8eac-335685753aef-27064","trial_id":16,"user_attr":{"deflated_objective":-0.41632332402760514}}
{"op_code":8,"worker_id":"31ed2b4d-2ddd-4676-8c9e-270b55d03ecb-12024","trial_id":8,"user_attr":{"pruned_reasons":["M3 (Hit Rate < 60%)","M5 (Monotonicity <= 0.25)","M6 (Top-Bottom Spread <= 0)","Side-specific Yearly Tail IC Mean (-0.0827 <= 0)","Side-specific Hit Rate (33.33% < 50%)","Yearly Daily Win Rate (40.35% < 45%)","Side-specific Yearly Daily Win Rate (44.92% < 45%)"]}}
{"op_code":9,"worker_id":"41db8080-ccf4-4530-8eac-335685753aef-27064","trial_id":16,"system_attr":{"constraints":[-0.04589023870289274,-0.057357035447143025,-0.06666666666666665,0.08636363636363634,-0.09209166752071017,-103.0,-8.0,0.15255255255255254,0.33333333333333337,-1190.9001855259569,-0.014583333333333337,-0.060978835978835966]}}
{"op_code":6,"worker_id":"41db8080-ccf4-4530-8eac-335685753aef-27064","trial_id":16,"state":1,"values":[-0.41632332402760514],"datetime_complete":"2026-07-14T11:40:43.920170"}
{"op_code":8,"worker_id":"31ed2b4d-2ddd-4676-8c9e-270b55d03ecb-12024","trial_id":8,"user_attr":{"gini":0.4741642161860866}}
{"op_code":8,"worker_id":"31ed2b4d-2ddd-4676-8c9e-270b55d03ecb-12024","trial_id":8,"user_attr":{"cv_is_ics":[0.11572425067424774,0.10671059042215347,0.1214013397693634,0.08931184560060501,0.09466330707073212,0.09793706983327866,0.1055365651845932,0.08661587536334991,0.09764464199542999,0.10500679910182953,0.05576346442103386,0.07652920484542847,0.10121366381645203,0.08388090878725052,0.07781282067298889]}}
{"op_code":8,"worker_id":"31ed2b4d-2ddd-4676-8c9e-270b55d03ecb-12024","trial_id":8,"user_attr":{"cv_oos_ics":[-0.011229113675653934,-0.061092767864465714,0.018018007278442383,0.049980971962213516,0.0324142724275589,0.02845882996916771,0.02834508754312992,0.02866385318338871,0.026252396404743195,0.003963996656239033,-0.010177006013691425,0.013373060151934624,0.039764560759067535,0.05170467495918274,0.05795640870928764]}}
{"op_code":8,"worker_id":"31ed2b4d-2ddd-4676-8c9e-270b55d03ecb-12024","trial_id":8,"user_attr":{"reg_kappa":3.312245908180061}}
{"op_code":8,"worker_id":"31ed2b4d-2ddd-4676-8c9e-270b55d03ecb-12024","trial_id":8,"user_attr":{"raw_metrics":[0.08857573226089314,0.005813837600407786,0.5,0.03532165716421268,0.2202020202020202,-0.08104693234070308,-0.23942459500033442,-0.44900402426719666,0.40347222222222223]}}
{"op_code":8,"worker_id":"31ed2b4d-2ddd-4676-8c9e-270b55d03ecb-12024","trial_id":8,"user_attr":{"val_metrics":[0.057168398762722734,-0.4041155259892756,0.503030303030303,0.11861178662587443,-2.431381343806484]}}
{"op_code":8,"worker_id":"31ed2b4d-2ddd-4676-8c9e-270b55d03ecb-12024","trial_id":8,"user_attr":{"deflated_objective":-0.5133350630835176}}
{"op_code":9,"worker_id":"31ed2b4d-2ddd-4676-8c9e-270b55d03ecb-12024","trial_id":8,"system_attr":{"constraints":[-0.03532165716421268,-0.005813837600407786,0.09999999999999998,0.029797979797979796,0.08104693234070308,-41.0,-8.0,0.08271128271128271,0.16666666666666669,-1321.6085991235582,0.04652777777777778,0.0007936507936508463]}}
{"op_code":6,"worker_id":"31ed2b4d-2ddd-4676-8c9e-270b55d03ecb-12024","trial_id":8,"state":1,"values":[0.2855934612335985],"datetime_complete":"2026-07-14T11:40:43.945196"}
{"op_code":5,"worker_id":"eee3aa36-1fef-4d7f-976c-a646c386b8e6-6576","trial_id":14,"param_name":"unified_gamma","param_value_internal":56.13774483442881,"distribution":"{\"name\": \"FloatDistribution\", \"attributes\": {\"step\": null, \"low\": 1.5, \"high\": 10000.0, \"log\": true}}"}
{"op_code":5,"worker_id":"eee3aa36-1fef-4d7f-976c-a646c386b8e6-6576","trial_id":14,"param_name":"huber_delta","param_value_internal":3.3413691817884414,"distribution":"{\"name\": \"FloatDistribution\", \"attributes\": {\"step\": null, \"low\": 0.5, \"high\": 5.0, \"log\": false}}"}
{"op_code":8,"worker_id":"eee3aa36-1fef-4d7f-976c-a646c386b8e6-6576","trial_id":14,"user_attr":{"constraints":[-0.04576162808049827,-0.025591406800946157,-0.06666666666666665,0.13080808080808082,-0.0956517319717548,-118.0,-5.0,0.10689618189618189,0.33333333333333337,-1171.387199054349,-0.025000000000000022,-0.09404761904761899]}}
{"op_code":8,"worker_id":"eee3aa36-1fef-4d7f-976c-a646c386b8e6-6576","trial_id":14,"user_attr":{"pruned_reasons":["M5 (Monotonicity <= 0.25)","Side-specific Yearly Tail IC Mean (-0.1069 <= 0)","Side-specific Hit Rate (16.67% < 50%)"]}}
{"op_code":8,"worker_id":"eee3aa36-1fef-4d7f-976c-a646c386b8e6-6576","trial_id":14,"user_attr":{"gini":0.5386959362926342}}
{"op_code":8,"worker_id":"eee3aa36-1fef-4d7f-976c-a646c386b8e6-6576","trial_id":14,"user_attr":{"cv_is_ics":[0.11105063557624817,0.1024097353219986,0.10234905034303665,0.10326897352933884,0.09127119183540344,0.09163044393062592,0.10864754766225815,0.0950234904885292,0.09713741391897202,0.11197342723608017,0.0662040188908577,0.08066815137863159,0.1056174710392952,0.07853975892066956,0.0922873467206955]}}
{"op_code":8,"worker_id":"eee3aa36-1fef-4d7f-976c-a646c386b8e6-6576","trial_id":14,"user_attr":{"cv_oos_ics":[0.0027216789312660694,-0.0210860688239336,0.031005386263132095,0.0495256744325161,0.04119904339313507,0.02997136488556862,0.023472342640161514,0.05202557519078255,0.022372538223862648,-0.021392028778791428,0.009848559275269508,0.037686653435230255,0.05667394772171974,0.0633755698800087,0.06873350590467453]}}
{"op_code":8,"worker_id":"eee3aa36-1fef-4d7f-976c-a646c386b8e6-6576","trial_id":14,"user_attr":{"reg_kappa":2.9300655025359292}}
{"op_code":8,"worker_id":"eee3aa36-1fef-4d7f-976c-a646c386b8e6-6576","trial_id":14,"user_attr":{"raw_metrics":[0.5914168681727003,0.025591406800946157,0.6666666666666666,0.04576162808049827,0.11919191919191918,0.0956517319717548,-0.07752534040953954,-0.13834013044834137,0.47500000000000003]}}
{"op_code":8,"worker_id":"eee3aa36-1fef-4d7f-976c-a646c386b8e6-6576","trial_id":14,"user_attr":{"val_metrics":[0.03738092663842962,-0.26016893564289356,0.3333333333333333,0.08845193719531855,-4.311714791392153]}}
{"op_code":8,"worker_id":"eee3aa36-1fef-4d7f-976c-a646c386b8e6-6576","trial_id":14,"user_attr":{"deflated_objective":-1.2219403772040074}}
{"op_code":9,"worker_id":"eee3aa36-1fef-4d7f-976c-a646c386b8e6-6576","trial_id":14,"system_attr":{"constraints":[-0.04576162808049827,-0.025591406800946157,-0.06666666666666665,0.13080808080808082,-0.0956517319717548,-118.0,-5.0,0.10689618189618189,0.33333333333333337,-1171.387199054349,-0.025000000000000022,-0.09404761904761899]}}
{"op_code":6,"worker_id":"eee3aa36-1fef-4d7f-976c-a646c386b8e6-6576","trial_id":14,"state":1,"values":[-0.4279097257728922],"datetime_complete":"2026-07-14T11:40:44.045754"}
{"op_code":5,"worker_id":"a6228374-102e-467b-ab39-445a3973b646-24364","trial_id":24,"param_name":"unified_rho","param_value_internal":0.5820303421266043,"distribution":"{\"name\": \"FloatDistribution\", \"attributes\": {\"step\": null, \"low\": 0.0, \"high\": 1.0, \"log\": false}}"}
{"op_code":5,"worker_id":"a6228374-102e-467b-ab39-445a3973b646-24364","trial_id":24,"param_name":"unified_gamma","param_value_internal":4.03949914934137,"distribution":"{\"name\": \"FloatDistribution\", \"attributes\": {\"step\": null, \"low\": 1.5, \"high\": 10000.0, \"log\": true}}"}
{"op_code":5,"worker_id":"a6228374-102e-467b-ab39-445a3973b646-24364","trial_id":24,"param_name":"huber_delta","param_value_internal":3.2484955212371767,"distribution":"{\"name\": \"FloatDistribution\", \"attributes\": {\"step\": null, \"low\": 0.5, \"high\": 5.0, \"log\": false}}"}
{"op_code":8,"worker_id":"a6228374-102e-467b-ab39-445a3973b646-24364","trial_id":24,"user_attr":{"constraints":[-0.05376558996670964,-0.03744998901506754,0.09999999999999998,0.007575757575757597,-0.042066996547186535,-99.0,-8.0,0.1968253968253968,0.33333333333333337,-1196.5313328038537,-0.03472222222222221,-0.09867724867724864]}}
{"op_code":8,"worker_id":"a6228374-102e-467b-ab39-445a3973b646-24364","trial_id":24,"user_attr":{"pruned_reasons":["M3 (Hit Rate < 60%)","M5 (Monotonicity <= 0.25)","Side-specific Yearly Tail IC Mean (-0.1968 <= 0)","Side-specific Hit Rate (16.67% < 50%)"]}}
{"op_code":8,"worker_id":"a6228374-102e-467b-ab39-445a3973b646-24364","trial_id":24,"user_attr":{"gini":0.44280043511605394}}
{"op_code":8,"worker_id":"a6228374-102e-467b-ab39-445a3973b646-24364","trial_id":24,"user_attr":{"cv_is_ics":[0.11133276671171188,0.10614355653524399,0.10219521820545197,0.09338829666376114,0.08949435502290726,0.0924597978591919,0.10372515022754669,0.0887179896235466,0.09698586910963058,0.10628368705511093,0.06531521677970886,0.06794591248035431,0.1027878001332283,0.07640717923641205,0.07964982092380524]}}
{"op_code":8,"worker_id":"a6228374-102e-467b-ab39-445a3973b646-24364","trial_id":24,"user_attr":{"cv_oos_ics":[-0.010369771160185337,-0.010551576502621174,0.026516331359744072,0.05300860479474068,0.051871635019779205,0.038352664560079575,0.023590082302689552,0.0584581196308136,0.028058497235178947,0.0001604505378054455,-0.001461851061321795,0.05093812942504883,0.04889344424009323,0.05413107946515083,0.0801885724067688]}}
{"op_code":8,"worker_id":"a6228374-102e-467b-ab39-445a3973b646-24364","trial_id":24,"user_attr":{"reg_kappa":2.9987918604529153}}
{"op_code":8,"worker_id":"a6228374-102e-467b-ab39-445a3973b646-24364","trial_id":24,"user_attr":{"raw_metrics":[0.27917054840250205,0.03744998901506754,0.5,0.05376558996670964,0.2424242424242424,0.042066996547186535,-0.11552092027529995,-0.25299376249313354,0.4847222222222222]}}
{"op_code":8,"worker_id":"a6228374-102e-467b-ab39-445a3973b646-24364","trial_id":24,"user_attr":{"val_metrics":[0.04575265088487658,-0.40298957052251433,0.3212121212121212,0.1813608493041787,-4.17263953513088]}}
{"op_code":8,"worker_id":"a6228374-102e-467b-ab39-445a3973b646-24364","trial_id":24,"user_attr":{"deflated_objective":-1.221372169493257}}
{"op_code":9,"worker_id":"a6228374-102e-467b-ab39-445a3973b646-24364","trial_id":24,"system_attr":{"constraints":[-0.05376558996670964,-0.03744998901506754,0.09999999999999998,0.007575757575757597,-0.042066996547186535,-99.0,-8.0,0.1968253968253968,0.33333333333333337,-1196.5313328038537,-0.03472222222222221,-0.09867724867724864]}}
{"op_code":6,"worker_id":"a6228374-102e-467b-ab39-445a3973b646-24364","trial_id":24,"state":1,"values":[-0.4297828260075207],"datetime_complete":"2026-07-14T11:40:44.125077"}
{"op_code":5,"worker_id":"4da0066f-4cba-4d73-a9a5-42b972b36874-30084","trial_id":6,"param_name":"k_weight","param_value_internal":0.026235406396728944,"distribution":"{\"name\": \"FloatDistribution\", \"attributes\": {\"step\": null, \"low\": 0.0, \"high\": 1.5, \"log\": false}}"}
{"op_code":5,"worker_id":"4da0066f-4cba-4d73-a9a5-42b972b36874-30084","trial_id":6,"param_name":"unified_alpha","param_value_internal":2.2358342417700436,"distribution":"{\"name\": \"FloatDistribution\", \"attributes\": {\"step\": null, \"low\": 1e-05, \"high\": 10.0, \"log\": true}}"}
{"op_code":5,"worker_id":"4da0066f-4cba-4d73-a9a5-42b972b36874-30084","trial_id":6,"param_name":"unified_rho","param_value_internal":0.2848611674739183,"distribution":"{\"name\": \"FloatDistribution\", \"attributes\": {\"step\": null, \"low\": 0.0, \"high\": 1.0, \"log\": false}}"}
{"op_code":5,"worker_id":"4da0066f-4cba-4d73-a9a5-42b972b36874-30084","trial_id":6,"param_name":"unified_gamma","param_value_internal":20.861697424411652,"distribution":"{\"name\": \"FloatDistribution\", \"attributes\": {\"step\": null, \"low\": 1.5, \"high\": 10000.0, \"log\": true}}"}
{"op_code":5,"worker_id":"4da0066f-4cba-4d73-a9a5-42b972b36874-30084","trial_id":6,"param_name":"huber_delta","param_value_internal":4.064154172949432,"distribution":"{\"name\": \"FloatDistribution\", \"attributes\": {\"step\": null, \"low\": 0.5, \"high\": 5.0, \"log\": false}}"}
{"op_code":8,"worker_id":"4da0066f-4cba-4d73-a9a5-42b972b36874-30084","trial_id":6,"user_attr":{"constraints":[0.029036187188469103,0.011558537409681354,0.43333333333333335,0.346969696969697,0.01388290298895703,-129.0,5.0,0.017627219921117838,0.5,-1171.6079859915224,0.10277777777777775,0.10489417989417987]}}
{"op_code":8,"worker_id":"4da0066f-4cba-4d73-a9a5-42b972b36874-30084","trial_id":6,"user_attr":{"pruned_reasons":["M4 (Overall IC <= 0)","M2 (Yearly Tail IC Mean <= 0)","M3 (Hit Rate < 60%)","M5 (Monotonicity <= 0.25)","M6 (Top-Bottom Spread <= 0)","Active features count (0) is less than active feature floor (5)","Side-specific Yearly Tail IC Mean (-0.0176 <= 0)","Side-specific Hit Rate (0.00% < 50%)","Yearly Daily Win Rate (34.72% < 45%)","Side-specific Yearly Daily Win Rate (34.51% < 45%)"]}}
{"op_code":8,"worker_id":"4da0066f-4cba-4d73-a9a5-42b972b36874-30084","trial_id":6,"user_attr":{"gini":0.0}}
{"op_code":8,"worker_id":"4da0066f-4cba-4d73-a9a5-42b972b36874-30084","trial_id":6,"user_attr":{"cv_is_ics":[0.0,0.0,0.0,0.0,0.0,0.0,0.0,0.0,0.0,0.0,0.0,0.0,0.0,0.0,0.0]}}
{"op_code":8,"worker_id":"4da0066f-4cba-4d73-a9a5-42b972b36874-30084","trial_id":6,"user_attr":{"cv_oos_ics":[0.0,0.0,0.0,0.0,0.0,0.0,0.0,0.0,0.0,0.0,0.0,0.0,0.0,0.0,0.0]}}
{"op_code":8,"worker_id":"4da0066f-4cba-4d73-a9a5-42b972b36874-30084","trial_id":6,"user_attr":{"reg_kappa":1.4819950875791204}}
{"op_code":8,"worker_id":"4da0066f-4cba-4d73-a9a5-42b972b36874-30084","trial_id":6,"user_attr":{"raw_metrics":[-0.1540157812663124,-0.011558537409681354,0.16666666666666666,-0.029036187188469103,-0.09696969696969698,-0.01388290298895703,-0.0,-0.0,0.34722222222222227]}}
{"op_code":8,"worker_id":"4da0066f-4cba-4d73-a9a5-42b972b36874-30084","trial_id":6,"user_attr":{"val_metrics":[0.0,0.0,0.5515151515151515,0.15795429898560912,-5.042899155592854]}}
{"op_code":8,"worker_id":"4da0066f-4cba-4d73-a9a5-42b972b36874-30084","trial_id":6,"user_attr":{"deflated_objective":-1.3887904705715752}}
{"op_code":9,"worker_id":"4da0066f-4cba-4d73-a9a5-42b972b36874-30084","trial_id":6,"system_attr":{"constraints":[0.029036187188469103,0.011558537409681354,0.43333333333333335,0.346969696969697,0.01388290298895703,-129.0,5.0,0.017627219921117838,0.5,-1171.6079859915224,0.10277777777777775,0.10489417989417987]}}
{"op_code":6,"worker_id":"4da0066f-4cba-4d73-a9a5-42b972b36874-30084","trial_id":6,"state":1,"values":[-0.5982358080246439],"datetime_complete":"2026-07-14T11:40:44.843164"}
