{"op_code":0,"worker_id":"fc143c1d-0fab-4d33-8488-781a19aa55bc-22948","study_name":"main_300ETF_short_r202503_sortino_armC","directions":[2]}
{"op_code":4,"worker_id":"11a9c0ad-3ca7-44cf-8a1c-827c0c48dc65-29612","study_id":0,"datetime_start":"2026-07-14T11:41:50.232907"}
{"op_code":5,"worker_id":"11a9c0ad-3ca7-44cf-8a1c-827c0c48dc65-29612","trial_id":0,"param_name":"k_weight","param_value_internal":0.17258184958466843,"distribution":"{\"name\": \"FloatDistribution\", \"attributes\": {\"step\": null, \"low\": 0.0, \"high\": 1.5, \"log\": false}}"}
{"op_code":5,"worker_id":"11a9c0ad-3ca7-44cf-8a1c-827c0c48dc65-29612","trial_id":0,"param_name":"unified_alpha","param_value_internal":0.0451231319213065,"distribution":"{\"name\": \"FloatDistribution\", \"attributes\": {\"step\": null, \"low\": 1e-05, \"high\": 10.0, \"log\": true}}"}
{"op_code":4,"worker_id":"3650aef3-fcaa-4d4a-adf8-a46e858f9b8d-31796","study_id":0,"datetime_start":"2026-07-14T11:41:50.238649"}
{"op_code":4,"worker_id":"bf203a0b-0a7a-4186-beb5-f2092338ab5d-8436","study_id":0,"datetime_start":"2026-07-14T11:41:50.236106"}
{"op_code":5,"worker_id":"bf203a0b-0a7a-4186-beb5-f2092338ab5d-8436","trial_id":2,"param_name":"k_weight","param_value_internal":1.252263222998474,"distribution":"{\"name\": \"FloatDistribution\", \"attributes\": {\"step\": null, \"low\": 0.0, \"high\": 1.5, \"log\": false}}"}
{"op_code":5,"worker_id":"11a9c0ad-3ca7-44cf-8a1c-827c0c48dc65-29612","trial_id":0,"param_name":"unified_rho","param_value_internal":0.13339096418598828,"distribution":"{\"name\": \"FloatDistribution\", \"attributes\": {\"step\": null, \"low\": 0.0, \"high\": 1.0, \"log\": false}}"}
{"op_code":4,"worker_id":"18e0b165-0219-4f50-9106-4c55abc4b266-19068","study_id":0,"datetime_start":"2026-07-14T11:41:50.244844"}
{"op_code":5,"worker_id":"bf203a0b-0a7a-4186-beb5-f2092338ab5d-8436","trial_id":2,"param_name":"unified_alpha","param_value_internal":4.253795683489069e-05,"distribution":"{\"name\": \"FloatDistribution\", \"attributes\": {\"step\": null, \"low\": 1e-05, \"high\": 10.0, \"log\": true}}"}
{"op_code":5,"worker_id":"bf203a0b-0a7a-4186-beb5-f2092338ab5d-8436","trial_id":2,"param_name":"unified_rho","param_value_internal":0.7446404816795178,"distribution":"{\"name\": \"FloatDistribution\", \"attributes\": {\"step\": null, \"low\": 0.0, \"high\": 1.0, \"log\": false}}"}
{"op_code":5,"worker_id":"11a9c0ad-3ca7-44cf-8a1c-827c0c48dc65-29612","trial_id":0,"param_name":"unified_gamma","param_value_internal":12.476248311536951,"distribution":"{\"name\": \"FloatDistribution\", \"attributes\": {\"step\": null, \"low\": 1.5, \"high\": 10000.0, \"log\": true}}"}
{"op_code":5,"worker_id":"bf203a0b-0a7a-4186-beb5-f2092338ab5d-8436","trial_id":2,"param_name":"unified_gamma","param_value_internal":35.86027023078568,"distribution":"{\"name\": \"FloatDistribution\", \"attributes\": {\"step\": null, \"low\": 1.5, \"high\": 10000.0, \"log\": true}}"}
{"op_code":4,"worker_id":"01ce2acc-3f8c-47c7-9814-7220a5267524-24340","study_id":0,"datetime_start":"2026-07-14T11:41:50.248030"}
{"op_code":5,"worker_id":"bf203a0b-0a7a-4186-beb5-f2092338ab5d-8436","trial_id":2,"param_name":"huber_delta","param_value_internal":2.1168987701363235,"distribution":"{\"name\": \"FloatDistribution\", \"attributes\": {\"step\": null, \"low\": 0.5, \"high\": 5.0, \"log\": false}}"}
{"op_code":5,"worker_id":"11a9c0ad-3ca7-44cf-8a1c-827c0c48dc65-29612","trial_id":0,"param_name":"huber_delta","param_value_internal":1.972125751150129,"distribution":"{\"name\": \"FloatDistribution\", \"attributes\": {\"step\": null, \"low\": 0.5, \"high\": 5.0, \"log\": false}}"}
{"op_code":4,"worker_id":"a92d5959-eca9-4c0f-b187-e77c39bf039f-27064","study_id":0,"datetime_start":"2026-07-14T11:41:50.257286"}
{"op_code":5,"worker_id":"01ce2acc-3f8c-47c7-9814-7220a5267524-24340","trial_id":4,"param_name":"k_weight","param_value_internal":0.026235406396728944,"distribution":"{\"name\": \"FloatDistribution\", \"attributes\": {\"step\": null, \"low\": 0.0, \"high\": 1.5, \"log\": false}}"}
{"op_code":4,"worker_id":"33e3580e-7678-4f8a-884b-3caf8532630c-6576","study_id":0,"datetime_start":"2026-07-14T11:41:50.251512"}
{"op_code":5,"worker_id":"33e3580e-7678-4f8a-884b-3caf8532630c-6576","trial_id":6,"param_name":"k_weight","param_value_internal":0.45144668378387187,"distribution":"{\"name\": \"FloatDistribution\", \"attributes\": {\"step\": null, \"low\": 0.0, \"high\": 1.5, \"log\": false}}"}
{"op_code":4,"worker_id":"e5f26563-4805-4941-80df-758c4ba73a03-24364","study_id":0,"datetime_start":"2026-07-14T11:41:50.263617"}
{"op_code":5,"worker_id":"01ce2acc-3f8c-47c7-9814-7220a5267524-24340","trial_id":4,"param_name":"unified_alpha","param_value_internal":2.2358342417700436,"distribution":"{\"name\": \"FloatDistribution\", \"attributes\": {\"step\": null, \"low\": 1e-05, \"high\": 10.0, \"log\": true}}"}
{"op_code":5,"worker_id":"33e3580e-7678-4f8a-884b-3caf8532630c-6576","trial_id":6,"param_name":"unified_alpha","param_value_internal":0.0003036483963037555,"distribution":"{\"name\": \"FloatDistribution\", \"attributes\": {\"step\": null, \"low\": 1e-05, \"high\": 10.0, \"log\": true}}"}
{"op_code":4,"worker_id":"8c102cdf-4a56-44ff-ab58-b33ceabca98c-7108","study_id":0,"datetime_start":"2026-07-14T11:41:50.266321"}
{"op_code":4,"worker_id":"516cc1e1-8644-4fbd-ae97-be17c429732e-14384","study_id":0,"datetime_start":"2026-07-14T11:41:50.269372"}
{"op_code":4,"worker_id":"d1e22d4c-8a23-4d45-9cd4-4d886e68be2b-20880","study_id":0,"datetime_start":"2026-07-14T11:41:50.271302"}
{"op_code":5,"worker_id":"33e3580e-7678-4f8a-884b-3caf8532630c-6576","trial_id":6,"param_name":"unified_rho","param_value_internal":0.9263351350591756,"distribution":"{\"name\": \"FloatDistribution\", \"attributes\": {\"step\": null, \"low\": 0.0, \"high\": 1.0, \"log\": false}}"}
{"op_code":4,"worker_id":"57cf3a3a-9e4a-4b9e-b538-c197bc10263f-16052","study_id":0,"datetime_start":"2026-07-14T11:41:50.274290"}
{"op_code":5,"worker_id":"3650aef3-fcaa-4d4a-adf8-a46e858f9b8d-31796","trial_id":1,"param_name":"k_weight","param_value_internal":1.4835172702134,"distribution":"{\"name\": \"FloatDistribution\", \"attributes\": {\"step\": null, \"low\": 0.0, \"high\": 1.5, \"log\": false}}"}
{"op_code":5,"worker_id":"d1e22d4c-8a23-4d45-9cd4-4d886e68be2b-20880","trial_id":10,"param_name":"k_weight","param_value_internal":1.476287775813865,"distribution":"{\"name\": \"FloatDistribution\", \"attributes\": {\"step\": null, \"low\": 0.0, \"high\": 1.5, \"log\": false}}"}
{"op_code":4,"worker_id":"0ea9589b-811a-4ee7-962d-b40c249389da-31524","study_id":0,"datetime_start":"2026-07-14T11:41:50.279297"}
{"op_code":4,"worker_id":"c9b5f226-ad42-4c01-bb7a-5950d0f5c488-22852","study_id":0,"datetime_start":"2026-07-14T11:41:50.276980"}
{"op_code":5,"worker_id":"c9b5f226-ad42-4c01-bb7a-5950d0f5c488-22852","trial_id":13,"param_name":"k_weight","param_value_internal":0.5476583745340409,"distribution":"{\"name\": \"FloatDistribution\", \"attributes\": {\"step\": null, \"low\": 0.0, \"high\": 1.5, \"log\": false}}"}
{"op_code":5,"worker_id":"57cf3a3a-9e4a-4b9e-b538-c197bc10263f-16052","trial_id":11,"param_name":"k_weight","param_value_internal":0.1310244643532626,"distribution":"{\"name\": \"FloatDistribution\", \"attributes\": {\"step\": null, \"low\": 0.0, \"high\": 1.5, \"log\": false}}"}
{"op_code":5,"worker_id":"c9b5f226-ad42-4c01-bb7a-5950d0f5c488-22852","trial_id":13,"param_name":"unified_alpha","param_value_internal":0.00509607129650663,"distribution":"{\"name\": \"FloatDistribution\", \"attributes\": {\"step\": null, \"low\": 1e-05, \"high\": 10.0, \"log\": true}}"}
{"op_code":5,"worker_id":"c9b5f226-ad42-4c01-bb7a-5950d0f5c488-22852","trial_id":13,"param_name":"unified_rho","param_value_internal":0.4960603487677895,"distribution":"{\"name\": \"FloatDistribution\", \"attributes\": {\"step\": null, \"low\": 0.0, \"high\": 1.0, \"log\": false}}"}
{"op_code":5,"worker_id":"c9b5f226-ad42-4c01-bb7a-5950d0f5c488-22852","trial_id":13,"param_name":"unified_gamma","param_value_internal":2.919195228671233,"distribution":"{\"name\": \"FloatDistribution\", \"attributes\": {\"step\": null, \"low\": 1.5, \"high\": 10000.0, \"log\": true}}"}
{"op_code":5,"worker_id":"33e3580e-7678-4f8a-884b-3caf8532630c-6576","trial_id":6,"param_name":"unified_gamma","param_value_internal":3850.360914752656,"distribution":"{\"name\": \"FloatDistribution\", \"attributes\": {\"step\": null, \"low\": 1.5, \"high\": 10000.0, \"log\": true}}"}
{"op_code":4,"worker_id":"7ca06106-6b67-4821-a05d-8a3afaa29e0a-30084","study_id":0,"datetime_start":"2026-07-14T11:41:50.290002"}
{"op_code":5,"worker_id":"3650aef3-fcaa-4d4a-adf8-a46e858f9b8d-31796","trial_id":1,"param_name":"unified_alpha","param_value_internal":0.019827518376799098,"distribution":"{\"name\": \"FloatDistribution\", \"attributes\": {\"step\": null, \"low\": 1e-05, \"high\": 10.0, \"log\": true}}"}
{"op_code":5,"worker_id":"33e3580e-7678-4f8a-884b-3caf8532630c-6576","trial_id":6,"param_name":"huber_delta","param_value_internal":3.5747454198874413,"distribution":"{\"name\": \"FloatDistribution\", \"attributes\": {\"step\": null, \"low\": 0.5, \"high\": 5.0, \"log\": false}}"}
{"op_code":8,"worker_id":"bf203a0b-0a7a-4186-beb5-f2092338ab5d-8436","trial_id":2,"user_attr":{"constraints":[-0.023623080035555792,-0.03204842481182233,0.0,0.1712121212121212,-0.11853867093221289,-41.0,-8.0,-0.0005903904717946496,0.09999999999999998,-1387.9913417351204,-0.005833333333333357,0.024372759856630843]}}
{"op_code":8,"worker_id":"11a9c0ad-3ca7-44cf-8a1c-827c0c48dc65-29612","trial_id":0,"user_attr":{"constraints":[-0.009586959135723003,0.02502454559703029,0.0,0.12757575757575756,-0.07373112162627538,-115.0,-5.0,0.11332551852475951,0.3,-1190.9057069827256,0.027272727272727282,0.024372759856630843]}}
{"op_code":5,"worker_id":"3650aef3-fcaa-4d4a-adf8-a46e858f9b8d-31796","trial_id":1,"param_name":"unified_rho","param_value_internal":0.28144730195506285,"distribution":"{\"name\": \"FloatDistribution\", \"attributes\": {\"step\": null, \"low\": 0.0, \"high\": 1.0, \"log\": false}}"}
{"op_code":5,"worker_id":"3650aef3-fcaa-4d4a-adf8-a46e858f9b8d-31796","trial_id":1,"param_name":"unified_gamma","param_value_internal":2.962371401177323,"distribution":"{\"name\": \"FloatDistribution\", \"attributes\": {\"step\": null, \"low\": 1.5, \"high\": 10000.0, \"log\": true}}"}
{"op_code":8,"worker_id":"bf203a0b-0a7a-4186-beb5-f2092338ab5d-8436","trial_id":2,"user_attr":{"pruned_reasons":["M5 (Monotonicity <= 0.25)","Side-specific Hit Rate (40.00% < 50%)","Side-specific Yearly Daily Win Rate (42.56% < 45%)"]}}
{"op_code":8,"worker_id":"11a9c0ad-3ca7-44cf-8a1c-827c0c48dc65-29612","trial_id":0,"user_attr":{"pruned_reasons":["M2 (Yearly Tail IC Mean <= 0)","M5 (Monotonicity <= 0.25)","Side-specific Yearly Tail IC Mean (-0.1133 <= 0)","Side-specific Hit Rate (20.00% < 50%)","Yearly Daily Win Rate (42.27% < 45%)","Side-specific Yearly Daily Win Rate (42.56% < 45%)"]}}
{"op_code":4,"worker_id":"93d2d74e-64fc-4cbd-9020-14825a267aa4-4680","study_id":0,"datetime_start":"2026-07-14T11:41:50.242430"}
{"op_code":8,"worker_id":"bf203a0b-0a7a-4186-beb5-f2092338ab5d-8436","trial_id":2,"user_attr":{"gini":0.4536986164723287}}
{"op_code":8,"worker_id":"11a9c0ad-3ca7-44cf-8a1c-827c0c48dc65-29612","trial_id":0,"user_attr":{"gini":0.5061761846475639}}
{"op_code":8,"worker_id":"11a9c0ad-3ca7-44cf-8a1c-827c0c48dc65-29612","trial_id":0,"user_attr":{"cv_is_ics":[0.10358647257089615,0.11252627521753311,0.11779443919658661,0.11814549565315247,0.10238762199878693,0.0892554372549057,0.08584823459386826,0.10578714311122894,0.0945860967040062,0.09908491373062134,0.08347678184509277,0.07589439302682877,0.0801694467663765,0.060709744691848755,0.09714625030755997]}}
{"op_code":5,"worker_id":"d1e22d4c-8a23-4d45-9cd4-4d886e68be2b-20880","trial_id":10,"param_name":"unified_alpha","param_value_internal":0.0010010910900983274,"distribution":"{\"name\": \"FloatDistribution\", \"attributes\": {\"step\": null, \"low\": 1e-05, \"high\": 10.0, \"log\": true}}"}
{"op_code":5,"worker_id":"3650aef3-fcaa-4d4a-adf8-a46e858f9b8d-31796","trial_id":1,"param_name":"huber_delta","param_value_internal":2.500112731873114,"distribution":"{\"name\": \"FloatDistribution\", \"attributes\": {\"step\": null, \"low\": 0.5, \"high\": 5.0, \"log\": false}}"}
{"op_code":5,"worker_id":"d1e22d4c-8a23-4d45-9cd4-4d886e68be2b-20880","trial_id":10,"param_name":"unified_rho","param_value_internal":0.6737016246691375,"distribution":"{\"name\": \"FloatDistribution\", \"attributes\": {\"step\": null, \"low\": 0.0, \"high\": 1.0, \"log\": false}}"}
{"op_code":8,"worker_id":"11a9c0ad-3ca7-44cf-8a1c-827c0c48dc65-29612","trial_id":0,"user_attr":{"cv_oos_ics":[0.052561864256858826,-0.039469026029109955,-0.0447346568107605,0.01327241025865078,-0.001913420855998993,0.016396325081586838,0.05537279695272446,0.03420571982860565,0.03568776324391365,0.022454731166362762,-0.0020603567827492952,0.029079582542181015,0.008757722564041615,0.007865825667977333,-0.004432230722159147]}}
{"op_code":4,"worker_id":"ed7955a9-7140-4210-b7ab-e445521f5405-8896","study_id":0,"datetime_start":"2026-07-14T11:41:50.254897"}
{"op_code":8,"worker_id":"11a9c0ad-3ca7-44cf-8a1c-827c0c48dc65-29612","trial_id":0,"user_attr":{"reg_kappa":2.8252195309461956}}
{"op_code":8,"worker_id":"11a9c0ad-3ca7-44cf-8a1c-827c0c48dc65-29612","trial_id":0,"user_attr":{"raw_metrics":[-0.21933787010621084,-0.02502454559703029,0.6,0.009586959135723003,0.12242424242424244,0.07373112162627538,-0.07957418292761258,-0.1379922330379486,0.42272727272727273]}}
{"op_code":5,"worker_id":"ed7955a9-7140-4210-b7ab-e445521f5405-8896","trial_id":16,"param_name":"k_weight","param_value_internal":0.7419024683070321,"distribution":"{\"name\": \"FloatDistribution\", \"attributes\": {\"step\": null, \"low\": 0.0, \"high\": 1.5, \"log\": false}}"}
{"op_code":5,"worker_id":"ed7955a9-7140-4210-b7ab-e445521f5405-8896","trial_id":16,"param_name":"unified_alpha","param_value_internal":0.00023361387149879002,"distribution":"{\"name\": \"FloatDistribution\", \"attributes\": {\"step\": null, \"low\": 1e-05, \"high\": 10.0, \"log\": true}}"}
{"op_code":5,"worker_id":"d1e22d4c-8a23-4d45-9cd4-4d886e68be2b-20880","trial_id":10,"param_name":"unified_gamma","param_value_internal":8.454156675684052,"distribution":"{\"name\": \"FloatDistribution\", \"attributes\": {\"step\": null, \"low\": 1.5, \"high\": 10000.0, \"log\": true}}"}
{"op_code":5,"worker_id":"7ca06106-6b67-4821-a05d-8a3afaa29e0a-30084","trial_id":14,"param_name":"k_weight","param_value_internal":0.8309115337508797,"distribution":"{\"name\": \"FloatDistribution\", \"attributes\": {\"step\": null, \"low\": 0.0, \"high\": 1.5, \"log\": false}}"}
{"op_code":5,"worker_id":"7ca06106-6b67-4821-a05d-8a3afaa29e0a-30084","trial_id":14,"param_name":"unified_alpha","param_value_internal":0.0023849943922257424,"distribution":"{\"name\": \"FloatDistribution\", \"attributes\": {\"step\": null, \"low\": 1e-05, \"high\": 10.0, \"log\": true}}"}
{"op_code":5,"worker_id":"ed7955a9-7140-4210-b7ab-e445521f5405-8896","trial_id":16,"param_name":"unified_rho","param_value_internal":0.25547392375721134,"distribution":"{\"name\": \"FloatDistribution\", \"attributes\": {\"step\": null, \"low\": 0.0, \"high\": 1.0, \"log\": false}}"}
{"op_code":5,"worker_id":"d1e22d4c-8a23-4d45-9cd4-4d886e68be2b-20880","trial_id":10,"param_name":"huber_delta","param_value_internal":2.095009090884606,"distribution":"{\"name\": \"FloatDistribution\", \"attributes\": {\"step\": null, \"low\": 0.5, \"high\": 5.0, \"log\": false}}"}
{"op_code":5,"worker_id":"7ca06106-6b67-4821-a05d-8a3afaa29e0a-30084","trial_id":14,"param_name":"unified_rho","param_value_internal":0.04812677258007669,"distribution":"{\"name\": \"FloatDistribution\", \"attributes\": {\"step\": null, \"low\": 0.0, \"high\": 1.0, \"log\": false}}"}
{"op_code":5,"worker_id":"7ca06106-6b67-4821-a05d-8a3afaa29e0a-30084","trial_id":14,"param_name":"unified_gamma","param_value_internal":153.53774586034245,"distribution":"{\"name\": \"FloatDistribution\", \"attributes\": {\"step\": null, \"low\": 1.5, \"high\": 10000.0, \"log\": true}}"}
{"op_code":5,"worker_id":"ed7955a9-7140-4210-b7ab-e445521f5405-8896","trial_id":16,"param_name":"unified_gamma","param_value_internal":49.160995099882086,"distribution":"{\"name\": \"FloatDistribution\", \"attributes\": {\"step\": null, \"low\": 1.5, \"high\": 10000.0, \"log\": true}}"}
{"op_code":8,"worker_id":"33e3580e-7678-4f8a-884b-3caf8532630c-6576","trial_id":6,"user_attr":{"constraints":[-0.01951933469494896,-0.025305115105572963,0.0,0.09606060606060604,-0.02574108660823436,-95.0,-8.0,0.006339830614024167,0.09999999999999998,-1226.510551619291,0.01416666666666666,0.041935483870967794]}}
{"op_code":8,"worker_id":"11a9c0ad-3ca7-44cf-8a1c-827c0c48dc65-29612","trial_id":0,"user_attr":{"val_metrics":[0.1016138536674589,-0.2498314176908351,0.6,0.0524610591152062,-4.917397404583662]}}
{"op_code":5,"worker_id":"7ca06106-6b67-4821-a05d-8a3afaa29e0a-30084","trial_id":14,"param_name":"huber_delta","param_value_internal":1.1886736181535065,"distribution":"{\"name\": \"FloatDistribution\", \"attributes\": {\"step\": null, \"low\": 0.5, \"high\": 5.0, \"log\": false}}"}
{"op_code":5,"worker_id":"ed7955a9-7140-4210-b7ab-e445521f5405-8896","trial_id":16,"param_name":"huber_delta","param_value_internal":2.197917939610058,"distribution":"{\"name\": \"FloatDistribution\", \"attributes\": {\"step\": null, \"low\": 0.5, \"high\": 5.0, \"log\": false}}"}
{"op_code":8,"worker_id":"33e3580e-7678-4f8a-884b-3caf8532630c-6576","trial_id":6,"user_attr":{"pruned_reasons":["M5 (Monotonicity <= 0.25)","Side-specific Yearly Tail IC Mean (-0.0063 <= 0)","Side-specific Hit Rate (40.00% < 50%)","Yearly Daily Win Rate (43.58% < 45%)","Side-specific Yearly Daily Win Rate (40.81% < 45%)"]}}
{"op_code":8,"worker_id":"11a9c0ad-3ca7-44cf-8a1c-827c0c48dc65-29612","trial_id":0,"user_attr":{"deflated_objective":-0.6329578044785981}}
{"op_code":9,"worker_id":"11a9c0ad-3ca7-44cf-8a1c-827c0c48dc65-29612","trial_id":0,"system_attr":{"constraints":[-0.009586959135723003,0.02502454559703029,0.0,0.12757575757575756,-0.07373112162627538,-115.0,-5.0,0.11332551852475951,0.3,-1190.9057069827256,0.027272727272727282,0.024372759856630843]}}
{"op_code":4,"worker_id":"f76737d0-6106-46f6-a701-01bdfc5b924e-27448","study_id":0,"datetime_start":"2026-07-14T11:41:50.287550"}
{"op_code":5,"worker_id":"57cf3a3a-9e4a-4b9e-b538-c197bc10263f-16052","trial_id":11,"param_name":"unified_alpha","param_value_internal":0.00024146967484786692,"distribution":"{\"name\": \"FloatDistribution\", \"attributes\": {\"step\": null, \"low\": 1e-05, \"high\": 10.0, \"log\": true}}"}
{"op_code":5,"worker_id":"f76737d0-6106-46f6-a701-01bdfc5b924e-27448","trial_id":17,"param_name":"k_weight","param_value_internal":0.050632065634812484,"distribution":"{\"name\": \"FloatDistribution\", \"attributes\": {\"step\": null, \"low\": 0.0, \"high\": 1.5, \"log\": false}}"}
{"op_code":5,"worker_id":"57cf3a3a-9e4a-4b9e-b538-c197bc10263f-16052","trial_id":11,"param_name":"unified_rho","param_value_internal":0.41106107063891273,"distribution":"{\"name\": \"FloatDistribution\", \"attributes\": {\"step\": null, \"low\": 0.0, \"high\": 1.0, \"log\": false}}"}
{"op_code":5,"worker_id":"f76737d0-6106-46f6-a701-01bdfc5b924e-27448","trial_id":17,"param_name":"unified_alpha","param_value_internal":0.008602903428863091,"distribution":"{\"name\": \"FloatDistribution\", \"attributes\": {\"step\": null, \"low\": 1e-05, \"high\": 10.0, \"log\": true}}"}
{"op_code":8,"worker_id":"33e3580e-7678-4f8a-884b-3caf8532630c-6576","trial_id":6,"user_attr":{"gini":0.45791885012479416}}
{"op_code":8,"worker_id":"33e3580e-7678-4f8a-884b-3caf8532630c-6576","trial_id":6,"user_attr":{"cv_is_ics":[0.10412131249904633,0.1082160547375679,0.11805862933397293,0.10748470574617386,0.10271308571100235,0.08888469636440277,0.08082092553377151,0.10280697047710419,0.08825960755348206,0.08798227459192276,0.07699663192033768,0.060134027153253555,0.0768042728304863,0.06245223060250282,0.08268929272890091]}}
{"op_code":5,"worker_id":"f76737d0-6106-46f6-a701-01bdfc5b924e-27448","trial_id":17,"param_name":"unified_rho","param_value_internal":0.8460850972808829,"distribution":"{\"name\": \"FloatDistribution\", \"attributes\": {\"step\": null, \"low\": 0.0, \"high\": 1.0, \"log\": false}}"}
{"op_code":5,"worker_id":"f76737d0-6106-46f6-a701-01bdfc5b924e-27448","trial_id":17,"param_name":"unified_gamma","param_value_internal":56.13774483442881,"distribution":"{\"name\": \"FloatDistribution\", \"attributes\": {\"step\": null, \"low\": 1.5, \"high\": 10000.0, \"log\": true}}"}
{"op_code":5,"worker_id":"f76737d0-6106-46f6-a701-01bdfc5b924e-27448","trial_id":17,"param_name":"huber_delta","param_value_internal":3.3413691817884414,"distribution":"{\"name\": \"FloatDistribution\", \"attributes\": {\"step\": null, \"low\": 0.5, \"high\": 5.0, \"log\": false}}"}
{"op_code":8,"worker_id":"33e3580e-7678-4f8a-884b-3caf8532630c-6576","trial_id":6,"user_attr":{"cv_oos_ics":[0.04245931655168533,-0.03414472937583923,-0.04712959751486778,0.009387854486703873,0.004674302414059639,0.027927657589316368,0.06536471843719482,0.03290816396474838,0.05206475406885147,0.026812290772795677,0.013000136241316795,0.060436878353357315,0.013672462664544582,0.010336926206946373,0.028189361095428467]}}
{"op_code":8,"worker_id":"33e3580e-7678-4f8a-884b-3caf8532630c-6576","trial_id":6,"user_attr":{"reg_kappa":3.073856187105657}}
{"op_code":6,"worker_id":"11a9c0ad-3ca7-44cf-8a1c-827c0c48dc65-29612","trial_id":0,"state":1,"values":[-0.6329578044785981],"datetime_complete":"2026-07-14T11:41:50.355252"}
{"op_code":8,"worker_id":"33e3580e-7678-4f8a-884b-3caf8532630c-6576","trial_id":6,"user_attr":{"raw_metrics":[0.2555041918748615,0.025305115105572963,0.6,0.01951933469494896,0.15393939393939396,0.02574108660823436,-0.11956838961784605,-0.23627816140651703,0.43583333333333335]}}
{"op_code":8,"worker_id":"33e3580e-7678-4f8a-884b-3caf8532630c-6576","trial_id":6,"user_attr":{"val_metrics":[0.1255608521106723,0.023451607862736257,0.8181818181818182,0.16239876883414886,-7.0049487065633915]}}
{"op_code":5,"worker_id":"57cf3a3a-9e4a-4b9e-b538-c197bc10263f-16052","trial_id":11,"param_name":"unified_gamma","param_value_internal":23.147065288429395,"distribution":"{\"name\": \"FloatDistribution\", \"attributes\": {\"step\": null, \"low\": 1.5, \"high\": 10000.0, \"log\": true}}"}
{"op_code":5,"worker_id":"57cf3a3a-9e4a-4b9e-b538-c197bc10263f-16052","trial_id":11,"param_name":"huber_delta","param_value_internal":3.0468015084267748,"distribution":"{\"name\": \"FloatDistribution\", \"attributes\": {\"step\": null, \"low\": 0.5, \"high\": 5.0, \"log\": false}}"}
{"op_code":8,"worker_id":"33e3580e-7678-4f8a-884b-3caf8532630c-6576","trial_id":6,"user_attr":{"deflated_objective":-1.6264684440315862}}
{"op_code":9,"worker_id":"33e3580e-7678-4f8a-884b-3caf8532630c-6576","trial_id":6,"system_attr":{"constraints":[-0.01951933469494896,-0.025305115105572963,0.0,0.09606060606060604,-0.02574108660823436,-95.0,-8.0,0.006339830614024167,0.09999999999999998,-1226.510551619291,0.01416666666666666,0.041935483870967794]}}
{"op_code":6,"worker_id":"33e3580e-7678-4f8a-884b-3caf8532630c-6576","trial_id":6,"state":1,"values":[-1.3344522333164088],"datetime_complete":"2026-07-14T11:41:50.386674"}
{"op_code":8,"worker_id":"7ca06106-6b67-4821-a05d-8a3afaa29e0a-30084","trial_id":14,"user_attr":{"constraints":[-0.01162289989073224,0.008260552404654864,0.19999999999999996,0.17606060606060608,-0.10637680644412158,0.0,0.0,0.06194773114127953,0.09999999999999998,-1293.552065787121,0.036515151515151556,0.011872759856630832]}}
{"op_code":8,"worker_id":"ed7955a9-7140-4210-b7ab-e445521f5405-8896","trial_id":16,"user_attr":{"constraints":[-0.01950864368647933,-0.0461319656475081,0.0,0.16393939393939394,-0.1145076100896173,-74.0,-8.0,-0.017101224971243948,0.09999999999999998,-1276.2185981182195,-0.005909090909090919,0.024372759856630843]}}
{"op_code":8,"worker_id":"7ca06106-6b67-4821-a05d-8a3afaa29e0a-30084","trial_id":14,"user_attr":{"pruned_reasons":["M2 (Yearly Tail IC Mean <= 0)","M3 (Hit Rate < 60%)","M5 (Monotonicity <= 0.25)","Side-specific Yearly Tail IC Mean (-0.0619 <= 0)","Side-specific Hit Rate (40.00% < 50%)","Yearly Daily Win Rate (41.35% < 45%)","Side-specific Yearly Daily Win Rate (43.81% < 45%)"]}}
{"op_code":8,"worker_id":"7ca06106-6b67-4821-a05d-8a3afaa29e0a-30084","trial_id":14,"user_attr":{"gini":0.4568554558291238}}
{"op_code":8,"worker_id":"7ca06106-6b67-4821-a05d-8a3afaa29e0a-30084","trial_id":14,"user_attr":{"cv_is_ics":[0.11401328444480896,0.12600521743297577,0.12125450372695923,0.10737370699644089,0.10186805576086044,0.08858159929513931,0.09044230729341507,0.10325071960687637,0.09711309522390366,0.1069573312997818,0.08097141236066818,0.08318142592906952,0.08117011934518814,0.06239183992147446,0.08263657242059708]}}
{"op_code":8,"worker_id":"3650aef3-fcaa-4d4a-adf8-a46e858f9b8d-31796","trial_id":1,"user_attr":{"constraints":[-0.02247457047770825,-0.02631659559461489,0.0,0.11060606060606062,-0.05916466465836705,-30.0,-7.0,0.04020899118147694,0.09999999999999998,-1450.5410671018835,0.011590909090909152,0.018817204301075197]}}
{"op_code":5,"worker_id":"e5f26563-4805-4941-80df-758c4ba73a03-24364","trial_id":7,"param_name":"k_weight","param_value_internal":1.2699936108152008,"distribution":"{\"name\": \"FloatDistribution\", \"attributes\": {\"step\": null, \"low\": 0.0, \"high\": 1.5, \"log\": false}}"}
{"op_code":8,"worker_id":"3650aef3-fcaa-4d4a-adf8-a46e858f9b8d-31796","trial_id":1,"user_attr":{"pruned_reasons":["M5 (Monotonicity <= 0.25)","Side-specific Yearly Tail IC Mean (-0.0402 <= 0)","Side-specific Hit Rate (40.00% < 50%)","Yearly Daily Win Rate (43.84% < 45%)","Side-specific Yearly Daily Win Rate (43.12% < 45%)"]}}
{"op_code":8,"worker_id":"7ca06106-6b67-4821-a05d-8a3afaa29e0a-30084","trial_id":14,"user_attr":{"cv_oos_ics":[0.05324167758226395,-0.06451427936553955,-0.038361623883247375,0.008757442235946655,-0.0010751347290351987,0.005929258186370134,0.06921083480119705,-0.0059056333266198635,0.045325860381126404,0.021594002842903137,-0.026545673608779907,0.008497055619955063,0.007445786613970995,0.012636812403798103,-0.006028912495821714]}}
{"op_code":8,"worker_id":"d1e22d4c-8a23-4d45-9cd4-4d886e68be2b-20880","trial_id":10,"user_attr":{"constraints":[-0.024233280334248857,-0.033478722991003,0.0,0.1590909090909091,-0.11079722042626083,-30.0,-8.0,-0.0032417535453588553,0.09999999999999998,-1448.3599205801463,-0.0016666666666666496,0.024372759856630843]}}
{"op_code":5,"worker_id":"e5f26563-4805-4941-80df-758c4ba73a03-24364","trial_id":7,"param_name":"unified_alpha","param_value_internal":0.023280550286246,"distribution":"{\"name\": \"FloatDistribution\", \"attributes\": {\"step\": null, \"low\": 1e-05, \"high\": 10.0, \"log\": true}}"}
{"op_code":8,"worker_id":"f76737d0-6106-46f6-a701-01bdfc5b924e-27448","trial_id":17,"user_attr":{"constraints":[-0.017625719867907903,0.02839581702229641,0.19999999999999996,0.1518181818181818,-0.03043441366545404,-119.0,-5.0,0.07167451200183647,0.09999999999999998,-1179.603600357111,0.01734848484848489,0.017921146953404965]}}
{"op_code":8,"worker_id":"7ca06106-6b67-4821-a05d-8a3afaa29e0a-30084","trial_id":14,"user_attr":{"reg_kappa":3.2305231716193217}}
{"op_code":8,"worker_id":"d1e22d4c-8a23-4d45-9cd4-4d886e68be2b-20880","trial_id":10,"user_attr":{"pruned_reasons":["M5 (Monotonicity <= 0.25)","Side-specific Hit Rate (40.00% < 50%)","Side-specific Yearly Daily Win Rate (42.56% < 45%)"]}}
{"op_code":8,"worker_id":"3650aef3-fcaa-4d4a-adf8-a46e858f9b8d-31796","trial_id":1,"user_attr":{"gini":0.4452852251152586}}
{"op_code":8,"worker_id":"f76737d0-6106-46f6-a701-01bdfc5b924e-27448","trial_id":17,"user_attr":{"pruned_reasons":["M2 (Yearly Tail IC Mean <= 0)","M3 (Hit Rate < 60%)","M5 (Monotonicity <= 0.25)","Side-specific Yearly Tail IC Mean (-0.0717 <= 0)","Side-specific Hit Rate (40.00% < 50%)","Yearly Daily Win Rate (43.27% < 45%)","Side-specific Yearly Daily Win Rate (43.21% < 45%)"]}}
{"op_code":8,"worker_id":"7ca06106-6b67-4821-a05d-8a3afaa29e0a-30084","trial_id":14,"user_attr":{"raw_metrics":[-0.0675188493988682,-0.008260552404654864,0.4,0.01162289989073224,0.07393939393939393,0.10637680644412158,-0.16128446318889345,-0.26302987337112427,0.41348484848484846]}}
{"op_code":8,"worker_id":"3650aef3-fcaa-4d4a-adf8-a46e858f9b8d-31796","trial_id":1,"user_attr":{"cv_is_ics":[0.10071418434381485,0.10908856987953186,0.11925254762172699,0.10889646410942078,0.09741764515638351,0.08189629763364792,0.07885703444480896,0.0957556888461113,0.08237042278051376,0.08641336858272552,0.07431193441152573,0.05528770759701729,0.07812570035457611,0.06331699341535568,0.06936588138341904]}}
{"op_code":8,"worker_id":"3650aef3-fcaa-4d4a-adf8-a46e858f9b8d-31796","trial_id":1,"user_attr":{"cv_oos_ics":[0.046489231288433075,-0.03490905463695526,-0.03793779015541077,0.003977096173912287,0.013803701847791672,0.0418531633913517,0.06344572454690933,0.04449263587594032,0.06251361221075058,0.02398013137280941,0.011885903775691986,0.07001667469739914,0.011725558899343014,0.021670084446668625,0.04611702263355255]}}
{"op_code":8,"worker_id":"f76737d0-6106-46f6-a701-01bdfc5b924e-27448","trial_id":17,"user_attr":{"gini":0.5309581156404459}}
{"op_code":8,"worker_id":"d1e22d4c-8a23-4d45-9cd4-4d886e68be2b-20880","trial_id":10,"user_attr":{"gini":0.4496849492987407}}
{"op_code":8,"worker_id":"d1e22d4c-8a23-4d45-9cd4-4d886e68be2b-20880","trial_id":10,"user_attr":{"cv_is_ics":[0.10252007097005844,0.11101306229829788,0.11756725609302521,0.10808034986257553,0.09813591092824936,0.08020258694887161,0.07879254221916199,0.09369289875030518,0.08304093778133392,0.08822407573461533,0.07620905339717865,0.05784383788704872,0.07807813584804535,0.06314143538475037,0.06734389066696167]}}
{"op_code":8,"worker_id":"57cf3a3a-9e4a-4b9e-b538-c197bc10263f-16052","trial_id":11,"user_attr":{"constraints":[-0.018493554920181114,0.015205067103648277,0.39999999999999997,0.1615151515151515,-0.0344760434000765,-114.0,-8.0,0.06970446591888718,0.09999999999999998,-1186.6149241224607,0.01401515151515148,0.0363799283154122]}}
{"op_code":8,"worker_id":"7ca06106-6b67-4821-a05d-8a3afaa29e0a-30084","trial_id":14,"user_attr":{"val_metrics":[0.09533718786878762,-0.20879793302123084,0.503030303030303,0.030776274449502435,-5.218997912943001]}}
{"op_code":8,"worker_id":"ed7955a9-7140-4210-b7ab-e445521f5405-8896","trial_id":16,"user_attr":{"pruned_reasons":["M5 (Monotonicity <= 0.25)","Side-specific Hit Rate (40.00% < 50%)","Side-specific Yearly Daily Win Rate (42.56% < 45%)"]}}
{"op_code":8,"worker_id":"57cf3a3a-9e4a-4b9e-b538-c197bc10263f-16052","trial_id":11,"user_attr":{"pruned_reasons":["M2 (Yearly Tail IC Mean <= 0)","M3 (Hit Rate < 60%)","M5 (Monotonicity <= 0.25)","Side-specific Yearly Tail IC Mean (-0.0697 <= 0)","Side-specific Hit Rate (40.00% < 50%)","Yearly Daily Win Rate (43.60% < 45%)","Side-specific Yearly Daily Win Rate (41.36% < 45%)"]}}
{"op_code":8,"worker_id":"7ca06106-6b67-4821-a05d-8a3afaa29e0a-30084","trial_id":14,"user_attr":{"deflated_objective":-0.874209707403328}}
{"op_code":4,"worker_id":"1b524d87-2998-479a-b803-18a8ba0d82e4-3216","study_id":0,"datetime_start":"2026-07-14T11:41:50.298471"}
{"op_code":8,"worker_id":"ed7955a9-7140-4210-b7ab-e445521f5405-8896","trial_id":16,"user_attr":{"gini":0.4611159110443088}}
{"op_code":5,"worker_id":"1b524d87-2998-479a-b803-18a8ba0d82e4-3216","trial_id":18,"param_name":"k_weight","param_value_internal":0.2314313671969137,"distribution":"{\"name\": \"FloatDistribution\", \"attributes\": {\"step\": null, \"low\": 0.0, \"high\": 1.5, \"log\": false}}"}
{"op_code":9,"worker_id":"7ca06106-6b67-4821-a05d-8a3afaa29e0a-30084","trial_id":14,"system_attr":{"constraints":[-0.01162289989073224,0.008260552404654864,0.19999999999999996,0.17606060606060608,-0.10637680644412158,0.0,0.0,0.06194773114127953,0.09999999999999998,-1293.552065787121,0.036515151515151556,0.011872759856630832]}}
{"op_code":8,"worker_id":"f76737d0-6106-46f6-a701-01bdfc5b924e-27448","trial_id":17,"user_attr":{"cv_is_ics":[0.10305598378181458,0.10962168872356415,0.11542783677577972,0.11912092566490173,0.09913027286529541,0.09184182435274124,0.08884409815073013,0.10986077040433884,0.0945887491106987,0.09180738776922226,0.07599973678588867,0.07105230540037155,0.08410915732383728,0.06201016902923584,0.0964549258351326]}}
{"op_code":8,"worker_id":"ed7955a9-7140-4210-b7ab-e445521f5405-8896","trial_id":16,"user_attr":{"cv_is_ics":[0.10156884789466858,0.11448501795530319,0.12163753062486649,0.10989644378423691,0.10164486616849899,0.0839870497584343,0.07932241261005402,0.10076354444026947,0.08306682854890823,0.09408652782440186,0.08106252551078796,0.06500516086816788,0.0782805010676384,0.06154859811067581,0.07672736048698425]}}
{"op_code":8,"worker_id":"ed7955a9-7140-4210-b7ab-e445521f5405-8896","trial_id":16,"user_attr":{"cv_oos_ics":[0.042186249047517776,-0.04491696506738663,-0.03948819637298584,0.01269652508199215,0.007674996741116047,0.03317220136523247,0.06698588281869888,0.02663422003388405,0.048576246947050095,0.02546064555644989,-0.005958619061857462,0.050782352685928345,0.01088529359549284,0.010350759141147137,0.020141448825597763]}}
{"op_code":6,"worker_id":"7ca06106-6b67-4821-a05d-8a3afaa29e0a-30084","trial_id":14,"state":1,"values":[-0.7475092502198737],"datetime_complete":"2026-07-14T11:41:50.438338"}
{"op_code":8,"worker_id":"f76737d0-6106-46f6-a701-01bdfc5b924e-27448","trial_id":17,"user_attr":{"cv_oos_ics":[0.05149779096245766,-0.024508606642484665,-0.04852353781461716,0.007941805757582188,0.0035453897435218096,-0.0008113260846585035,0.049559563398361206,0.02895043045282364,0.031016288325190544,0.02974480763077736,0.01870878040790558,0.04282897710800171,0.018906963989138603,0.021526958793401718,0.013143686577677727]}}
{"op_code":5,"worker_id":"93d2d74e-64fc-4cbd-9020-14825a267aa4-4680","trial_id":15,"param_name":"k_weight","param_value_internal":1.175748526208626,"distribution":"{\"name\": \"FloatDistribution\", \"attributes\": {\"step\": null, \"low\": 0.0, \"high\": 1.5, \"log\": false}}"}
{"op_code":8,"worker_id":"ed7955a9-7140-4210-b7ab-e445521f5405-8896","trial_id":16,"user_attr":{"reg_kappa":3.197676906194689}}
{"op_code":8,"worker_id":"57cf3a3a-9e4a-4b9e-b538-c197bc10263f-16052","trial_id":11,"user_attr":{"gini":0.4396850509053436}}
{"op_code":5,"worker_id":"93d2d74e-64fc-4cbd-9020-14825a267aa4-4680","trial_id":15,"param_name":"unified_alpha","param_value_internal":0.06441725825501599,"distribution":"{\"name\": \"FloatDistribution\", \"attributes\": {\"step\": null, \"low\": 1e-05, \"high\": 10.0, \"log\": true}}"}
{"op_code":8,"worker_id":"57cf3a3a-9e4a-4b9e-b538-c197bc10263f-16052","trial_id":11,"user_attr":{"cv_is_ics":[0.10718128830194473,0.11262731999158859,0.11976885050535202,0.11203388124704361,0.10493321716785431,0.09129144996404648,0.08449960500001907,0.1084064394235611,0.09150052815675735,0.09610321372747421,0.08287417143583298,0.0708695724606514,0.07935889810323715,0.06468792259693146,0.09187990427017212]}}
{"op_code":8,"worker_id":"ed7955a9-7140-4210-b7ab-e445521f5405-8896","trial_id":16,"user_attr":{"raw_metrics":[0.3699878460201004,0.0461319656475081,0.6,0.01950864368647933,0.08606060606060607,0.1145076100896173,-0.14933767480570034,-0.28837281465530396,0.45590909090909093]}}
{"op_code":8,"worker_id":"3650aef3-fcaa-4d4a-adf8-a46e858f9b8d-31796","trial_id":1,"user_attr":{"reg_kappa":3.5528660035851383}}
{"op_code":8,"worker_id":"57cf3a3a-9e4a-4b9e-b538-c197bc10263f-16052","trial_id":11,"user_attr":{"cv_oos_ics":[0.04383004829287529,-0.038113851100206375,-0.04734557121992111,0.00871942937374115,0.00034595708712004125,0.013120672665536404,0.06185545399785042,0.026866139844059944,0.04529678449034691,0.02841010130941868,0.006101603619754314,0.04735669121146202,0.020928043872117996,0.013855071738362312,0.013341296464204788]}}
{"op_code":8,"worker_id":"57cf3a3a-9e4a-4b9e-b538-c197bc10263f-16052","trial_id":11,"user_attr":{"reg_kappa":2.9733365281741175}}
{"op_code":8,"worker_id":"ed7955a9-7140-4210-b7ab-e445521f5405-8896","trial_id":16,"user_attr":{"val_metrics":[0.11553769815290442,-0.29454139835167514,0.5151515151515151,0.045184634895995265,-4.767196134649322]}}
{"op_code":4,"worker_id":"e357eb5f-4ad9-461f-9f3e-e7c6a9603ede-29612","study_id":0,"datetime_start":"2026-07-14T11:41:50.460640"}
{"op_code":8,"worker_id":"ed7955a9-7140-4210-b7ab-e445521f5405-8896","trial_id":16,"user_attr":{"deflated_objective":-0.7694961483509285}}
{"op_code":9,"worker_id":"ed7955a9-7140-4210-b7ab-e445521f5405-8896","trial_id":16,"system_attr":{"constraints":[-0.01950864368647933,-0.0461319656475081,0.0,0.16393939393939394,-0.1145076100896173,-74.0,-8.0,-0.017101224971243948,0.09999999999999998,-1276.2185981182195,-0.005909090909090919,0.024372759856630843]}}
{"op_code":8,"worker_id":"3650aef3-fcaa-4d4a-adf8-a46e858f9b8d-31796","trial_id":1,"user_attr":{"raw_metrics":[0.1729025504964132,0.02631659559461489,0.6,0.02247457047770825,0.13939393939393938,0.05916466465836705,-0.2798379432748087,-0.499550998210907,0.43840909090909086]}}
{"op_code":5,"worker_id":"e357eb5f-4ad9-461f-9f3e-e7c6a9603ede-29612","trial_id":19,"param_name":"k_weight","param_value_internal":0.8187771449024679,"distribution":"{\"name\": \"FloatDistribution\", \"attributes\": {\"step\": null, \"low\": 0.0, \"high\": 1.5, \"log\": false}}"}
{"op_code":8,"worker_id":"57cf3a3a-9e4a-4b9e-b538-c197bc10263f-16052","trial_id":11,"user_attr":{"raw_metrics":[-0.1539461594559183,-0.015205067103648277,0.2,0.018493554920181114,0.0884848484848485,0.0344760434000765,-0.10215055374993541,-0.16557830572128296,0.43598484848484853]}}
{"op_code":6,"worker_id":"ed7955a9-7140-4210-b7ab-e445521f5405-8896","trial_id":16,"state":1,"values":[-0.5978537528090125],"datetime_complete":"2026-07-14T11:41:50.465762"}
{"op_code":8,"worker_id":"57cf3a3a-9e4a-4b9e-b538-c197bc10263f-16052","trial_id":11,"user_attr":{"val_metrics":[0.10574112726733725,-0.15843908376807134,0.7454545454545455,0.13685199469017487,-4.9687099108139865]}}
{"op_code":5,"worker_id":"e357eb5f-4ad9-461f-9f3e-e7c6a9603ede-29612","trial_id":19,"param_name":"unified_alpha","param_value_internal":1.4227862634159771,"distribution":"{\"name\": \"FloatDistribution\", \"attributes\": {\"step\": null, \"low\": 1e-05, \"high\": 10.0, \"log\": true}}"}
{"op_code":5,"worker_id":"e5f26563-4805-4941-80df-758c4ba73a03-24364","trial_id":7,"param_name":"unified_rho","param_value_internal":0.45487540240575286,"distribution":"{\"name\": \"FloatDistribution\", \"attributes\": {\"step\": null, \"low\": 0.0, \"high\": 1.0, \"log\": false}}"}
{"op_code":8,"worker_id":"3650aef3-fcaa-4d4a-adf8-a46e858f9b8d-31796","trial_id":1,"user_attr":{"val_metrics":[0.11726146034454252,-0.15579345394542812,0.6727272727272727,0.08271578788446884,-7.590708302376571]}}
{"op_code":4,"worker_id":"e0fc02c7-99c4-4200-94e5-72bff28b7a5b-6576","study_id":0,"datetime_start":"2026-07-14T11:41:50.474188"}
{"op_code":5,"worker_id":"e357eb5f-4ad9-461f-9f3e-e7c6a9603ede-29612","trial_id":19,"param_name":"unified_rho","param_value_internal":0.6858925865665791,"distribution":"{\"name\": \"FloatDistribution\", \"attributes\": {\"step\": null, \"low\": 0.0, \"high\": 1.0, \"log\": false}}"}
{"op_code":5,"worker_id":"e5f26563-4805-4941-80df-758c4ba73a03-24364","trial_id":7,"param_name":"unified_gamma","param_value_internal":33.325447496589845,"distribution":"{\"name\": \"FloatDistribution\", \"attributes\": {\"step\": null, \"low\": 1.5, \"high\": 10000.0, \"log\": true}}"}
{"op_code":8,"worker_id":"57cf3a3a-9e4a-4b9e-b538-c197bc10263f-16052","trial_id":11,"user_attr":{"deflated_objective":-0.7548679535600241}}
{"op_code":8,"worker_id":"3650aef3-fcaa-4d4a-adf8-a46e858f9b8d-31796","trial_id":1,"user_attr":{"deflated_objective":-1.8869012634921773}}
{"op_code":5,"worker_id":"e357eb5f-4ad9-461f-9f3e-e7c6a9603ede-29612","trial_id":19,"param_name":"unified_gamma","param_value_internal":27.801493176812055,"distribution":"{\"name\": \"FloatDistribution\", \"attributes\": {\"step\": null, \"low\": 1.5, \"high\": 10000.0, \"log\": true}}"}
{"op_code":5,"worker_id":"e5f26563-4805-4941-80df-758c4ba73a03-24364","trial_id":7,"param_name":"huber_delta","param_value_internal":3.136331228606768,"distribution":"{\"name\": \"FloatDistribution\", \"attributes\": {\"step\": null, \"low\": 0.5, \"high\": 5.0, \"log\": false}}"}
{"op_code":9,"worker_id":"57cf3a3a-9e4a-4b9e-b538-c197bc10263f-16052","trial_id":11,"system_attr":{"constraints":[-0.018493554920181114,0.015205067103648277,0.39999999999999997,0.1615151515151515,-0.0344760434000765,-114.0,-8.0,0.06970446591888718,0.09999999999999998,-1186.6149241224607,0.01401515151515148,0.0363799283154122]}}
{"op_code":9,"worker_id":"3650aef3-fcaa-4d4a-adf8-a46e858f9b8d-31796","trial_id":1,"system_attr":{"constraints":[-0.02247457047770825,-0.02631659559461489,0.0,0.11060606060606062,-0.05916466465836705,-30.0,-7.0,0.04020899118147694,0.09999999999999998,-1450.5410671018835,0.011590909090909152,0.018817204301075197]}}
{"op_code":6,"worker_id":"3650aef3-fcaa-4d4a-adf8-a46e858f9b8d-31796","trial_id":1,"state":1,"values":[-1.6558294900548765],"datetime_complete":"2026-07-14T11:41:50.492526"}
{"op_code":6,"worker_id":"57cf3a3a-9e4a-4b9e-b538-c197bc10263f-16052","trial_id":11,"state":1,"values":[-0.601967691499279],"datetime_complete":"2026-07-14T11:41:50.491502"}
{"op_code":5,"worker_id":"e357eb5f-4ad9-461f-9f3e-e7c6a9603ede-29612","trial_id":19,"param_name":"huber_delta","param_value_internal":0.7699906830227805,"distribution":"{\"name\": \"FloatDistribution\", \"attributes\": {\"step\": null, \"low\": 0.5, \"high\": 5.0, \"log\": false}}"}
{"op_code":5,"worker_id":"1b524d87-2998-479a-b803-18a8ba0d82e4-3216","trial_id":18,"param_name":"unified_alpha","param_value_internal":6.341578374585632e-05,"distribution":"{\"name\": \"FloatDistribution\", \"attributes\": {\"step\": null, \"low\": 1e-05, \"high\": 10.0, \"log\": true}}"}
{"op_code":5,"worker_id":"1b524d87-2998-479a-b803-18a8ba0d82e4-3216","trial_id":18,"param_name":"unified_rho","param_value_internal":0.36268546617688757,"distribution":"{\"name\": \"FloatDistribution\", \"attributes\": {\"step\": null, \"low\": 0.0, \"high\": 1.0, \"log\": false}}"}
{"op_code":5,"worker_id":"1b524d87-2998-479a-b803-18a8ba0d82e4-3216","trial_id":18,"param_name":"unified_gamma","param_value_internal":592.8456313569452,"distribution":"{\"name\": \"FloatDistribution\", \"attributes\": {\"step\": null, \"low\": 1.5, \"high\": 10000.0, \"log\": true}}"}
{"op_code":5,"worker_id":"1b524d87-2998-479a-b803-18a8ba0d82e4-3216","trial_id":18,"param_name":"huber_delta","param_value_internal":1.3750252580024045,"distribution":"{\"name\": \"FloatDistribution\", \"attributes\": {\"step\": null, \"low\": 0.5, \"high\": 5.0, \"log\": false}}"}
{"op_code":8,"worker_id":"f76737d0-6106-46f6-a701-01bdfc5b924e-27448","trial_id":17,"user_attr":{"reg_kappa":2.9505492705746534}}
{"op_code":8,"worker_id":"f76737d0-6106-46f6-a701-01bdfc5b924e-27448","trial_id":17,"user_attr":{"raw_metrics":[-0.26949383812456984,-0.02839581702229641,0.4,0.017625719867907903,0.09818181818181819,0.03043441366545404,-0.07736993230839266,-0.11695236712694168,0.4326515151515151]}}
{"op_code":8,"worker_id":"f76737d0-6106-46f6-a701-01bdfc5b924e-27448","trial_id":17,"user_attr":{"val_metrics":[0.09578091305184736,-0.20770422573279979,0.7090909090909091,0.09564438913948833,-4.695174848747898]}}
{"op_code":5,"worker_id":"93d2d74e-64fc-4cbd-9020-14825a267aa4-4680","trial_id":15,"param_name":"unified_rho","param_value_internal":0.24904309151574888,"distribution":"{\"name\": \"FloatDistribution\", \"attributes\": {\"step\": null, \"low\": 0.0, \"high\": 1.0, \"log\": false}}"}
{"op_code":8,"worker_id":"f76737d0-6106-46f6-a701-01bdfc5b924e-27448","trial_id":17,"user_attr":{"deflated_objective":-0.7533194241225466}}
{"op_code":5,"worker_id":"93d2d74e-64fc-4cbd-9020-14825a267aa4-4680","trial_id":15,"param_name":"unified_gamma","param_value_internal":1188.2400441757075,"distribution":"{\"name\": \"FloatDistribution\", \"attributes\": {\"step\": null, \"low\": 1.5, \"high\": 10000.0, \"log\": true}}"}
{"op_code":5,"worker_id":"93d2d74e-64fc-4cbd-9020-14825a267aa4-4680","trial_id":15,"param_name":"huber_delta","param_value_internal":1.9088462103425592,"distribution":"{\"name\": \"FloatDistribution\", \"attributes\": {\"step\": null, \"low\": 0.5, \"high\": 5.0, \"log\": false}}"}
{"op_code":9,"worker_id":"f76737d0-6106-46f6-a701-01bdfc5b924e-27448","trial_id":17,"system_attr":{"constraints":[-0.017625719867907903,0.02839581702229641,0.19999999999999996,0.1518181818181818,-0.03043441366545404,-119.0,-5.0,0.07167451200183647,0.09999999999999998,-1179.603600357111,0.01734848484848489,0.017921146953404965]}}
{"op_code":6,"worker_id":"f76737d0-6106-46f6-a701-01bdfc5b924e-27448","trial_id":17,"state":1,"values":[-0.5168921085251552],"datetime_complete":"2026-07-14T11:41:50.528664"}
{"op_code":8,"worker_id":"e357eb5f-4ad9-461f-9f3e-e7c6a9603ede-29612","trial_id":19,"user_attr":{"constraints":[0.02085834454626339,0.08180776652784147,0.6,0.4803030303030303,0.13686919276300996,-81.0,5.0,-0.03063044136515075,0.3,-1292.188246304348,0.09810606060606064,0.117921146953405]}}
{"op_code":4,"worker_id":"ee0a872c-e83d-482f-b63c-7247ecca91ac-30084","study_id":0,"datetime_start":"2026-07-14T11:41:50.531756"}
{"op_code":8,"worker_id":"e357eb5f-4ad9-461f-9f3e-e7c6a9603ede-29612","trial_id":19,"user_attr":{"pruned_reasons":["M4 (Overall IC <= 0)","M2 (Yearly Tail IC Mean <= 0)","M3 (Hit Rate < 60%)","M5 (Monotonicity <= 0.25)","M6 (Top-Bottom Spread <= 0)","Active features count (0) is less than active feature floor (5)","Side-specific Hit Rate (20.00% < 50%)","Yearly Daily Win Rate (35.19% < 45%)","Side-specific Yearly Daily Win Rate (33.21% < 45%)"]}}
{"op_code":8,"worker_id":"e357eb5f-4ad9-461f-9f3e-e7c6a9603ede-29612","trial_id":19,"user_attr":{"gini":0.0}}
{"op_code":8,"worker_id":"e357eb5f-4ad9-461f-9f3e-e7c6a9603ede-29612","trial_id":19,"user_attr":{"cv_is_ics":[0.0,0.0,0.0,0.0,0.0,0.0,0.0,0.0,0.0,0.0,0.0,0.0,0.0,0.0,0.0]}}
{"op_code":5,"worker_id":"ee0a872c-e83d-482f-b63c-7247ecca91ac-30084","trial_id":21,"param_name":"k_weight","param_value_internal":0.4443737425086503,"distribution":"{\"name\": \"FloatDistribution\", \"attributes\": {\"step\": null, \"low\": 0.0, \"high\": 1.5, \"log\": false}}"}
{"op_code":8,"worker_id":"e357eb5f-4ad9-461f-9f3e-e7c6a9603ede-29612","trial_id":19,"user_attr":{"cv_oos_ics":[0.0,0.0,0.0,0.0,0.0,0.0,0.0,0.0,0.0,0.0,0.0,0.0,0.0,0.0,0.0]}}
{"op_code":8,"worker_id":"e357eb5f-4ad9-461f-9f3e-e7c6a9603ede-29612","trial_id":19,"user_attr":{"reg_kappa":2.1735357696266684}}
{"op_code":8,"worker_id":"e5f26563-4805-4941-80df-758c4ba73a03-24364","trial_id":7,"user_attr":{"constraints":[-0.023250902554826473,-0.048926254669686295,0.0,0.0887878787878788,-0.06251094318619119,-43.0,-5.0,0.019656765059990866,0.09999999999999998,-1392.5360113711079,0.015757575757575804,0.0109767025089606]}}
{"op_code":8,"worker_id":"e5f26563-4805-4941-80df-758c4ba73a03-24364","trial_id":7,"user_attr":{"pruned_reasons":["M5 (Monotonicity <= 0.25)","Side-specific Yearly Tail IC Mean (-0.0197 <= 0)","Side-specific Hit Rate (40.00% < 50%)","Yearly Daily Win Rate (43.42% < 45%)","Side-specific Yearly Daily Win Rate (43.90% < 45%)"]}}
{"op_code":8,"worker_id":"e5f26563-4805-4941-80df-758c4ba73a03-24364","trial_id":7,"user_attr":{"gini":0.4775964732739104}}
{"op_code":8,"worker_id":"e357eb5f-4ad9-461f-9f3e-e7c6a9603ede-29612","trial_id":19,"user_attr":{"raw_metrics":[-1.6032703703716815,-0.08180776652784147,0.0,-0.02085834454626339,-0.2303030303030303,-0.13686919276300996,-0.0,-0.0,0.35189393939393937]}}
{"op_code":8,"worker_id":"e357eb5f-4ad9-461f-9f3e-e7c6a9603ede-29612","trial_id":19,"user_attr":{"val_metrics":[0.0,0.0,0.12727272727272726,0.09160962854822477,-4.432025928359728]}}
{"op_code":8,"worker_id":"e357eb5f-4ad9-461f-9f3e-e7c6a9603ede-29612","trial_id":19,"user_attr":{"deflated_objective":-0.6545195839479881}}
{"op_code":9,"worker_id":"e357eb5f-4ad9-461f-9f3e-e7c6a9603ede-29612","trial_id":19,"system_attr":{"constraints":[0.02085834454626339,0.08180776652784147,0.6,0.4803030303030303,0.13686919276300996,-81.0,5.0,-0.03063044136515075,0.3,-1292.188246304348,0.09810606060606064,0.117921146953405]}}
{"op_code":6,"worker_id":"e357eb5f-4ad9-461f-9f3e-e7c6a9603ede-29612","trial_id":19,"state":1,"values":[-0.39631075957582834],"datetime_complete":"2026-07-14T11:41:50.555567"}
{"op_code":8,"worker_id":"e5f26563-4805-4941-80df-758c4ba73a03-24364","trial_id":7,"user_attr":{"cv_is_ics":[0.09608220309019089,0.10510122776031494,0.11845842003822327,0.10992510616779327,0.09439456462860107,0.08415962755680084,0.08165464550256729,0.096343994140625,0.08766299486160278,0.0824403390288353,0.07650896161794662,0.047667622566223145,0.08201993256807327,0.06165634095668793,0.07660006731748581]}}
{"op_code":5,"worker_id":"ee0a872c-e83d-482f-b63c-7247ecca91ac-30084","trial_id":21,"param_name":"unified_alpha","param_value_internal":0.7151650691587015,"distribution":"{\"name\": \"FloatDistribution\", \"attributes\": {\"step\": null, \"low\": 1e-05, \"high\": 10.0, \"log\": true}}"}
{"op_code":4,"worker_id":"94621708-d1c7-4a03-8ce6-4d9658980736-8896","study_id":0,"datetime_start":"2026-07-14T11:41:50.559873"}
{"op_code":5,"worker_id":"94621708-d1c7-4a03-8ce6-4d9658980736-8896","trial_id":22,"param_name":"k_weight","param_value_internal":1.391220807928438,"distribution":"{\"name\": \"FloatDistribution\", \"attributes\": {\"step\": null, \"low\": 0.0, \"high\": 1.5, \"log\": false}}"}
{"op_code":8,"worker_id":"e5f26563-4805-4941-80df-758c4ba73a03-24364","trial_id":7,"user_attr":{"cv_oos_ics":[0.04437077045440674,-0.02153063751757145,-0.041642531752586365,0.0041106389835476875,0.010949944145977497,0.03817933052778244,0.06501036137342453,0.050695110112428665,0.05047865957021713,0.021641571074724197,0.01345040276646614,0.07934387028217316,0.01176015380769968,0.020613864064216614,0.04632338508963585]}}
{"op_code":8,"worker_id":"e5f26563-4805-4941-80df-758c4ba73a03-24364","trial_id":7,"user_attr":{"reg_kappa":3.4206002621928837}}
{"op_code":8,"worker_id":"e5f26563-4805-4941-80df-758c4ba73a03-24364","trial_id":7,"user_attr":{"raw_metrics":[0.40718314123917126,0.048926254669686295,0.6,0.023250902554826473,0.1612121212121212,0.06251094318619119,-0.18788190927077789,-0.4030863642692566,0.4342424242424242]}}
{"op_code":5,"worker_id":"94621708-d1c7-4a03-8ce6-4d9658980736-8896","trial_id":22,"param_name":"unified_alpha","param_value_internal":1.7161599651164972,"distribution":"{\"name\": \"FloatDistribution\", \"attributes\": {\"step\": null, \"low\": 1e-05, \"high\": 10.0, \"log\": true}}"}
{"op_code":5,"worker_id":"ee0a872c-e83d-482f-b63c-7247ecca91ac-30084","trial_id":21,"param_name":"unified_rho","param_value_internal":0.35025252522341144,"distribution":"{\"name\": \"FloatDistribution\", \"attributes\": {\"step\": null, \"low\": 0.0, \"high\": 1.0, \"log\": false}}"}
{"op_code":4,"worker_id":"a456422d-13a9-49ac-8102-3fd00b1401a5-29612","study_id":0,"datetime_start":"2026-07-14T11:41:50.562788"}
{"op_code":5,"worker_id":"a456422d-13a9-49ac-8102-3fd00b1401a5-29612","trial_id":23,"param_name":"k_weight","param_value_internal":0.27836291222780896,"distribution":"{\"name\": \"FloatDistribution\", \"attributes\": {\"step\": null, \"low\": 0.0, \"high\": 1.5, \"log\": false}}"}
{"op_code":8,"worker_id":"bf203a0b-0a7a-4186-beb5-f2092338ab5d-8436","trial_id":2,"user_attr":{"cv_is_ics":[0.10177985578775406,0.11261183768510818,0.11855202168226242,0.10932940244674683,0.1008937731385231,0.08041655272245407,0.07834303379058838,0.09685348719358444,0.08271029591560364,0.08983136713504791,0.07783987373113632,0.06049780175089836,0.0780942514538765,0.06284210085868835,0.069668710231781]}}
{"op_code":5,"worker_id":"ee0a872c-e83d-482f-b63c-7247ecca91ac-30084","trial_id":21,"param_name":"unified_gamma","param_value_internal":1565.7420487024253,"distribution":"{\"name\": \"FloatDistribution\", \"attributes\": {\"step\": null, \"low\": 1.5, \"high\": 10000.0, \"log\": true}}"}
{"op_code":5,"worker_id":"a456422d-13a9-49ac-8102-3fd00b1401a5-29612","trial_id":23,"param_name":"unified_alpha","param_value_internal":0.0020873526050511518,"distribution":"{\"name\": \"FloatDistribution\", \"attributes\": {\"step\": null, \"low\": 1e-05, \"high\": 10.0, \"log\": true}}"}
{"op_code":5,"worker_id":"ee0a872c-e83d-482f-b63c-7247ecca91ac-30084","trial_id":21,"param_name":"huber_delta","param_value_internal":3.0260703909675764,"distribution":"{\"name\": \"FloatDistribution\", \"attributes\": {\"step\": null, \"low\": 0.5, \"high\": 5.0, \"log\": false}}"}
{"op_code":5,"worker_id":"a456422d-13a9-49ac-8102-3fd00b1401a5-29612","trial_id":23,"param_name":"unified_rho","param_value_internal":0.8318961986371698,"distribution":"{\"name\": \"FloatDistribution\", \"attributes\": {\"step\": null, \"low\": 0.0, \"high\": 1.0, \"log\": false}}"}
{"op_code":8,"worker_id":"bf203a0b-0a7a-4186-beb5-f2092338ab5d-8436","trial_id":2,"user_attr":{"cv_oos_ics":[0.045428574085235596,-0.0389464907348156,-0.03391926735639572,0.007770393043756485,0.01025746576488018,0.03670544922351837,0.06569401919841766,0.03397394344210625,0.06012875214219093,0.0271606482565403,-0.003234719391912222,0.07141344249248505,0.010028798133134842,0.023327317088842392,0.03489917889237404]}}
{"op_code":4,"worker_id":"df8930f1-66a0-434a-895d-f2c01221e729-31796","study_id":0,"datetime_start":"2026-07-14T11:41:50.583550"}
{"op_code":5,"worker_id":"df8930f1-66a0-434a-895d-f2c01221e729-31796","trial_id":24,"param_name":"k_weight","param_value_internal":0.16010730338296608,"distribution":"{\"name\": \"FloatDistribution\", \"attributes\": {\"step\": null, \"low\": 0.0, \"high\": 1.5, \"log\": false}}"}
{"op_code":5,"worker_id":"a456422d-13a9-49ac-8102-3fd00b1401a5-29612","trial_id":23,"param_name":"unified_gamma","param_value_internal":8.627643098308676,"distribution":"{\"name\": \"FloatDistribution\", \"attributes\": {\"step\": null, \"low\": 1.5, \"high\": 10000.0, \"log\": true}}"}
{"op_code":5,"worker_id":"94621708-d1c7-4a03-8ce6-4d9658980736-8896","trial_id":22,"param_name":"unified_rho","param_value_internal":0.5846312725955531,"distribution":"{\"name\": \"FloatDistribution\", \"attributes\": {\"step\": null, \"low\": 0.0, \"high\": 1.0, \"log\": false}}"}
{"op_code":4,"worker_id":"b5e73897-776e-465a-a03e-71b137c62123-16052","study_id":0,"datetime_start":"2026-07-14T11:41:50.588048"}
{"op_code":5,"worker_id":"94621708-d1c7-4a03-8ce6-4d9658980736-8896","trial_id":22,"param_name":"unified_gamma","param_value_internal":4338.897577038058,"distribution":"{\"name\": \"FloatDistribution\", \"attributes\": {\"step\": null, \"low\": 1.5, \"high\": 10000.0, \"log\": true}}"}
{"op_code":5,"worker_id":"a456422d-13a9-49ac-8102-3fd00b1401a5-29612","trial_id":23,"param_name":"huber_delta","param_value_internal":4.624510846547713,"distribution":"{\"name\": \"FloatDistribution\", \"attributes\": {\"step\": null, \"low\": 0.5, \"high\": 5.0, \"log\": false}}"}
{"op_code":5,"worker_id":"94621708-d1c7-4a03-8ce6-4d9658980736-8896","trial_id":22,"param_name":"huber_delta","param_value_internal":1.9257465703583276,"distribution":"{\"name\": \"FloatDistribution\", \"attributes\": {\"step\": null, \"low\": 0.5, \"high\": 5.0, \"log\": false}}"}
{"op_code":8,"worker_id":"ee0a872c-e83d-482f-b63c-7247ecca91ac-30084","trial_id":21,"user_attr":{"constraints":[0.001680989430256872,0.04330939299337202,0.39999999999999997,0.3009090909090909,0.11299034715887335,-109.0,5.0,-0.03063044136515075,0.3,-1226.4517259435706,0.06893939393939397,0.11236559139784946]}}
{"op_code":8,"worker_id":"93d2d74e-64fc-4cbd-9020-14825a267aa4-4680","trial_id":15,"user_attr":{"constraints":[-0.024751893725304765,-0.019991180131924156,0.19999999999999996,0.10575757575757577,-0.08368659872754408,-48.0,-5.0,-0.03446633404887674,-0.09999999999999998,-1369.4328136253048,0.009924242424242447,0.041935483870967794]}}
{"op_code":8,"worker_id":"93d2d74e-64fc-4cbd-9020-14825a267aa4-4680","trial_id":15,"user_attr":{"pruned_reasons":["M3 (Hit Rate < 60%)","M5 (Monotonicity <= 0.25)","Yearly Daily Win Rate (44.01% < 45%)","Side-specific Yearly Daily Win Rate (40.81% < 45%)"]}}
{"op_code":5,"worker_id":"df8930f1-66a0-434a-895d-f2c01221e729-31796","trial_id":24,"param_name":"unified_alpha","param_value_internal":0.1276602820664572,"distribution":"{\"name\": \"FloatDistribution\", \"attributes\": {\"step\": null, \"low\": 1e-05, \"high\": 10.0, \"log\": true}}"}
{"op_code":8,"worker_id":"ee0a872c-e83d-482f-b63c-7247ecca91ac-30084","trial_id":21,"user_attr":{"pruned_reasons":["M4 (Overall IC <= 0)","M2 (Yearly Tail IC Mean <= 0)","M3 (Hit Rate < 60%)","M5 (Monotonicity <= 0.25)","M6 (Top-Bottom Spread <= 0)","Active features count (0) is less than active feature floor (5)","Side-specific Hit Rate (20.00% < 50%)","Yearly Daily Win Rate (38.11% < 45%)","Side-specific Yearly Daily Win Rate (33.76% < 45%)"]}}
{"op_code":8,"worker_id":"ee0a872c-e83d-482f-b63c-7247ecca91ac-30084","trial_id":21,"user_attr":{"gini":0.0}}
{"op_code":5,"worker_id":"b5e73897-776e-465a-a03e-71b137c62123-16052","trial_id":25,"param_name":"k_weight","param_value_internal":0.9640348736791186,"distribution":"{\"name\": \"FloatDistribution\", \"attributes\": {\"step\": null, \"low\": 0.0, \"high\": 1.5, \"log\": false}}"}
{"op_code":5,"worker_id":"df8930f1-66a0-434a-895d-f2c01221e729-31796","trial_id":24,"param_name":"unified_rho","param_value_internal":0.5349626173910872,"distribution":"{\"name\": \"FloatDistribution\", \"attributes\": {\"step\": null, \"low\": 0.0, \"high\": 1.0, \"log\": false}}"}
{"op_code":5,"worker_id":"df8930f1-66a0-434a-895d-f2c01221e729-31796","trial_id":24,"param_name":"unified_gamma","param_value_internal":38.710514975489204,"distribution":"{\"name\": \"FloatDistribution\", \"attributes\": {\"step\": null, \"low\": 1.5, \"high\": 10000.0, \"log\": true}}"}
{"op_code":8,"worker_id":"ee0a872c-e83d-482f-b63c-7247ecca91ac-30084","trial_id":21,"user_attr":{"cv_is_ics":[0.0,0.0,0.0,0.0,0.0,0.0,0.0,0.0,0.0,0.0,0.0,0.0,0.0,0.0,0.0]}}
{"op_code":5,"worker_id":"b5e73897-776e-465a-a03e-71b137c62123-16052","trial_id":25,"param_name":"unified_alpha","param_value_internal":0.017050047208521636,"distribution":"{\"name\": \"FloatDistribution\", \"attributes\": {\"step\": null, \"low\": 1e-05, \"high\": 10.0, \"log\": true}}"}
{"op_code":4,"worker_id":"dc936e5e-b35c-4527-93bf-9524126ff575-27448","study_id":0,"datetime_start":"2026-07-14T11:41:50.617615"}
{"op_code":8,"worker_id":"94621708-d1c7-4a03-8ce6-4d9658980736-8896","trial_id":22,"user_attr":{"constraints":[0.001680989430256872,0.04330939299337202,0.39999999999999997,0.3009090909090909,0.11299034715887335,-47.0,5.0,-0.03063044136515075,0.3,-1425.892621755398,0.06893939393939397,0.11236559139784946]}}
{"op_code":8,"worker_id":"ee0a872c-e83d-482f-b63c-7247ecca91ac-30084","trial_id":21,"user_attr":{"cv_oos_ics":[0.0,0.0,0.0,0.0,0.0,0.0,0.0,0.0,0.0,0.0,0.0,0.0,0.0,0.0,0.0]}}
{"op_code":8,"worker_id":"93d2d74e-64fc-4cbd-9020-14825a267aa4-4680","trial_id":15,"user_attr":{"gini":0.509072447450265}}
{"op_code":5,"worker_id":"df8930f1-66a0-434a-895d-f2c01221e729-31796","trial_id":24,"param_name":"huber_delta","param_value_internal":2.356765896768957,"distribution":"{\"name\": \"FloatDistribution\", \"attributes\": {\"step\": null, \"low\": 0.5, \"high\": 5.0, \"log\": false}}"}
{"op_code":8,"worker_id":"94621708-d1c7-4a03-8ce6-4d9658980736-8896","trial_id":22,"user_attr":{"pruned_reasons":["M4 (Overall IC <= 0)","M2 (Yearly Tail IC Mean <= 0)","M3 (Hit Rate < 60%)","M5 (Monotonicity <= 0.25)","M6 (Top-Bottom Spread <= 0)","Active features count (0) is less than active feature floor (5)","Side-specific Hit Rate (20.00% < 50%)","Yearly Daily Win Rate (38.11% < 45%)","Side-specific Yearly Daily Win Rate (33.76% < 45%)"]}}
{"op_code":8,"worker_id":"ee0a872c-e83d-482f-b63c-7247ecca91ac-30084","trial_id":21,"user_attr":{"reg_kappa":2.0647573633140817}}
{"op_code":5,"worker_id":"dc936e5e-b35c-4527-93bf-9524126ff575-27448","trial_id":26,"param_name":"k_weight","param_value_internal":0.303303440145362,"distribution":"{\"name\": \"FloatDistribution\", \"attributes\": {\"step\": null, \"low\": 0.0, \"high\": 1.5, \"log\": false}}"}
{"op_code":8,"worker_id":"94621708-d1c7-4a03-8ce6-4d9658980736-8896","trial_id":22,"user_attr":{"gini":0.0}}
{"op_code":5,"worker_id":"dc936e5e-b35c-4527-93bf-9524126ff575-27448","trial_id":26,"param_name":"unified_alpha","param_value_internal":0.50966595546096,"distribution":"{\"name\": \"FloatDistribution\", \"attributes\": {\"step\": null, \"low\": 1e-05, \"high\": 10.0, \"log\": true}}"}
{"op_code":5,"worker_id":"dc936e5e-b35c-4527-93bf-9524126ff575-27448","trial_id":26,"param_name":"unified_rho","param_value_internal":0.8605372392370312,"distribution":"{\"name\": \"FloatDistribution\", \"attributes\": {\"step\": null, \"low\": 0.0, \"high\": 1.0, \"log\": false}}"}
{"op_code":8,"worker_id":"93d2d74e-64fc-4cbd-9020-14825a267aa4-4680","trial_id":15,"user_attr":{"cv_is_ics":[0.10095145553350449,0.10792244225740433,0.10929925739765167,0.1120600625872612,0.09304368495941162,0.07751423120498657,0.08665746450424194,0.09977073222398758,0.09620768576860428,0.08650470525026321,0.07540488988161087,0.05427802726626396,0.08187063038349152,0.05846645310521126,0.08482854068279266]}}
{"op_code":8,"worker_id":"93d2d74e-64fc-4cbd-9020-14825a267aa4-4680","trial_id":15,"user_attr":{"cv_oos_ics":[0.05990898981690407,-0.026758667081594467,-0.03374016657471657,0.010755599476397038,0.022058822214603424,0.026837561279535294,0.06450452655553818,0.010757731273770332,0.037743885070085526,0.021698594093322754,-0.015888052061200142,0.06470248103141785,0.0011194519465789199,0.023511234670877457,0.015023937448859215]}}
{"op_code":8,"worker_id":"93d2d74e-64fc-4cbd-9020-14825a267aa4-4680","trial_id":15,"user_attr":{"reg_kappa":3.1956844520878525}}
{"op_code":5,"worker_id":"dc936e5e-b35c-4527-93bf-9524126ff575-27448","trial_id":26,"param_name":"unified_gamma","param_value_internal":26.719923998246184,"distribution":"{\"name\": \"FloatDistribution\", \"attributes\": {\"step\": null, \"low\": 1.5, \"high\": 10000.0, \"log\": true}}"}
{"op_code":8,"worker_id":"94621708-d1c7-4a03-8ce6-4d9658980736-8896","trial_id":22,"user_attr":{"cv_is_ics":[0.0,0.0,0.0,0.0,0.0,0.0,0.0,0.0,0.0,0.0,0.0,0.0,0.0,0.0,0.0]}}
{"op_code":5,"worker_id":"dc936e5e-b35c-4527-93bf-9524126ff575-27448","trial_id":26,"param_name":"huber_delta","param_value_internal":1.6198721423817504,"distribution":"{\"name\": \"FloatDistribution\", \"attributes\": {\"step\": null, \"low\": 0.5, \"high\": 5.0, \"log\": false}}"}
{"op_code":8,"worker_id":"a456422d-13a9-49ac-8102-3fd00b1401a5-29612","trial_id":23,"user_attr":{"constraints":[-0.01945825227243699,-0.0027834423312352585,0.19999999999999996,0.08151515151515148,-0.0807561431090666,-109.0,-6.0,0.022809686211014486,0.3,-1202.7337848266106,0.010757575757575744,0.04103942652329756]}}
{"op_code":8,"worker_id":"a456422d-13a9-49ac-8102-3fd00b1401a5-29612","trial_id":23,"user_attr":{"pruned_reasons":["M3 (Hit Rate < 60%)","M5 (Monotonicity <= 0.25)","Side-specific Yearly Tail IC Mean (-0.0228 <= 0)","Side-specific Hit Rate (20.00% < 50%)","Yearly Daily Win Rate (43.92% < 45%)","Side-specific Yearly Daily Win Rate (40.90% < 45%)"]}}
{"op_code":8,"worker_id":"94621708-d1c7-4a03-8ce6-4d9658980736-8896","trial_id":22,"user_attr":{"cv_oos_ics":[0.0,0.0,0.0,0.0,0.0,0.0,0.0,0.0,0.0,0.0,0.0,0.0,0.0,0.0,0.0]}}
{"op_code":8,"worker_id":"93d2d74e-64fc-4cbd-9020-14825a267aa4-4680","trial_id":15,"user_attr":{"raw_metrics":[0.16946297846805752,0.019991180131924156,0.4,0.024751893725304765,0.14424242424242423,0.08368659872754408,-0.17121612999321326,-0.2370072305202484,0.44007575757575756]}}
{"op_code":8,"worker_id":"94621708-d1c7-4a03-8ce6-4d9658980736-8896","trial_id":22,"user_attr":{"reg_kappa":2.079599619113538}}
{"op_code":8,"worker_id":"a456422d-13a9-49ac-8102-3fd00b1401a5-29612","trial_id":23,"user_attr":{"gini":0.48462926104679527}}
{"op_code":8,"worker_id":"94621708-d1c7-4a03-8ce6-4d9658980736-8896","trial_id":22,"user_attr":{"raw_metrics":[-0.4599113172008056,-0.04330939299337202,0.2,-0.001680989430256872,-0.050909090909090904,-0.11299034715887335,-0.0,-0.0,0.38106060606060604]}}
{"op_code":8,"worker_id":"93d2d74e-64fc-4cbd-9020-14825a267aa4-4680","trial_id":15,"user_attr":{"val_metrics":[0.07434127659163287,-0.31123636967883905,0.5515151515151515,-0.06160681399516761,-6.922358757750795]}}
{"op_code":8,"worker_id":"94621708-d1c7-4a03-8ce6-4d9658980736-8896","trial_id":22,"user_attr":{"val_metrics":[0.0,0.0,0.12727272727272726,0.09160962854822477,-4.432025928359728]}}
{"op_code":8,"worker_id":"a456422d-13a9-49ac-8102-3fd00b1401a5-29612","trial_id":23,"user_attr":{"cv_is_ics":[0.10528619587421417,0.11184673011302948,0.11906278133392334,0.10523063689470291,0.09986069053411484,0.08964956551790237,0.08351829648017883,0.10337352752685547,0.08928771317005157,0.09239495545625687,0.07928957045078278,0.0648312047123909,0.07791047543287277,0.06287114322185516,0.08350236713886261]}}
{"op_code":8,"worker_id":"93d2d74e-64fc-4cbd-9020-14825a267aa4-4680","trial_id":15,"user_attr":{"deflated_objective":-1.7501418704332836}}
{"op_code":9,"worker_id":"93d2d74e-64fc-4cbd-9020-14825a267aa4-4680","trial_id":15,"system_attr":{"constraints":[-0.024751893725304765,-0.019991180131924156,0.19999999999999996,0.10575757575757577,-0.08368659872754408,-48.0,-5.0,-0.03446633404887674,-0.09999999999999998,-1369.4328136253048,0.009924242424242447,0.041935483870967794]}}
{"op_code":6,"worker_id":"93d2d74e-64fc-4cbd-9020-14825a267aa4-4680","trial_id":15,"state":1,"values":[-1.467080069013308],"datetime_complete":"2026-07-14T11:41:50.661917"}
{"op_code":8,"worker_id":"94621708-d1c7-4a03-8ce6-4d9658980736-8896","trial_id":22,"user_attr":{"deflated_objective":-0.6600993641149913}}
{"op_code":8,"worker_id":"dc936e5e-b35c-4527-93bf-9524126ff575-27448","trial_id":26,"user_attr":{"constraints":[0.001680989430256872,0.04330939299337202,0.39999999999999997,0.3009090909090909,0.11299034715887335,-118.0,5.0,-0.03063044136515075,0.3,-1206.1255497143038,0.06893939393939397,0.11236559139784946]}}
{"op_code":8,"worker_id":"dc936e5e-b35c-4527-93bf-9524126ff575-27448","trial_id":26,"user_attr":{"pruned_reasons":["M4 (Overall IC <= 0)","M2 (Yearly Tail IC Mean <= 0)","M3 (Hit Rate < 60%)","M5 (Monotonicity <= 0.25)","M6 (Top-Bottom Spread <= 0)","Active features count (0) is less than active feature floor (5)","Side-specific Hit Rate (20.00% < 50%)","Yearly Daily Win Rate (38.11% < 45%)","Side-specific Yearly Daily Win Rate (33.76% < 45%)"]}}
{"op_code":8,"worker_id":"a456422d-13a9-49ac-8102-3fd00b1401a5-29612","trial_id":23,"user_attr":{"cv_oos_ics":[0.042215295135974884,-0.03729179501533508,-0.051838044077157974,0.0005464146961458027,0.0027406972367316484,0.011490963399410248,0.06582542508840561,0.02664034068584442,0.048766374588012695,0.03118029609322548,0.005372002720832825,0.051989082247018814,0.01629490964114666,0.016548199579119682,0.02011251263320446]}}
{"op_code":9,"worker_id":"94621708-d1c7-4a03-8ce6-4d9658980736-8896","trial_id":22,"system_attr":{"constraints":[0.001680989430256872,0.04330939299337202,0.39999999999999997,0.3009090909090909,0.11299034715887335,-47.0,5.0,-0.03063044136515075,0.3,-1425.892621755398,0.06893939393939397,0.11236559139784946]}}
{"op_code":6,"worker_id":"94621708-d1c7-4a03-8ce6-4d9658980736-8896","trial_id":22,"state":1,"values":[-0.39631075957582834],"datetime_complete":"2026-07-14T11:41:50.671455"}
{"op_code":8,"worker_id":"dc936e5e-b35c-4527-93bf-9524126ff575-27448","trial_id":26,"user_attr":{"gini":0.0}}
{"op_code":8,"worker_id":"dc936e5e-b35c-4527-93bf-9524126ff575-27448","trial_id":26,"user_attr":{"cv_is_ics":[0.0,0.0,0.0,0.0,0.0,0.0,0.0,0.0,0.0,0.0,0.0,0.0,0.0,0.0,0.0]}}
{"op_code":8,"worker_id":"dc936e5e-b35c-4527-93bf-9524126ff575-27448","trial_id":26,"user_attr":{"cv_oos_ics":[0.0,0.0,0.0,0.0,0.0,0.0,0.0,0.0,0.0,0.0,0.0,0.0,0.0,0.0,0.0]}}
{"op_code":8,"worker_id":"dc936e5e-b35c-4527-93bf-9524126ff575-27448","trial_id":26,"user_attr":{"reg_kappa":2.748103697561524}}
{"op_code":8,"worker_id":"a456422d-13a9-49ac-8102-3fd00b1401a5-29612","trial_id":23,"user_attr":{"reg_kappa":3.0127705017584927}}
{"op_code":8,"worker_id":"a456422d-13a9-49ac-8102-3fd00b1401a5-29612","trial_id":23,"user_attr":{"raw_metrics":[0.027858006021649763,0.0027834423312352585,0.4,0.01945825227243699,0.16848484848484852,0.0807561431090666,-0.09146698041448767,-0.19414913654327393,0.43924242424242427]}}
{"op_code":8,"worker_id":"a456422d-13a9-49ac-8102-3fd00b1401a5-29612","trial_id":23,"user_attr":{"val_metrics":[0.11109887282875007,-0.07330217819519572,0.8787878787878788,0.16307246659882368,-5.69441284692003]}}
{"op_code":8,"worker_id":"d1e22d4c-8a23-4d45-9cd4-4d886e68be2b-20880","trial_id":10,"user_attr":{"cv_oos_ics":[0.047323230654001236,-0.037962112575769424,-0.03393763303756714,0.004912606906145811,0.012843039818108082,0.03893363103270531,0.06600965559482574,0.03927962854504585,0.06687314808368683,0.02399495244026184,0.0024472472723573446,0.07226065546274185,0.010021252557635307,0.02377871237695217,0.04105202108621597]}}
{"op_code":4,"worker_id":"8377fefd-f8d1-4363-9a46-8d5803b476bb-8896","study_id":0,"datetime_start":"2026-07-14T11:41:50.676718"}
{"op_code":8,"worker_id":"d1e22d4c-8a23-4d45-9cd4-4d886e68be2b-20880","trial_id":10,"user_attr":{"reg_kappa":3.6280135324025684}}
{"op_code":5,"worker_id":"8377fefd-f8d1-4363-9a46-8d5803b476bb-8896","trial_id":27,"param_name":"k_weight","param_value_internal":0.43850143298771677,"distribution":"{\"name\": \"FloatDistribution\", \"attributes\": {\"step\": null, \"low\": 0.0, \"high\": 1.5, \"log\": false}}"}
{"op_code":8,"worker_id":"a456422d-13a9-49ac-8102-3fd00b1401a5-29612","trial_id":23,"user_attr":{"deflated_objective":-1.1378437049164756}}
{"op_code":8,"worker_id":"d1e22d4c-8a23-4d45-9cd4-4d886e68be2b-20880","trial_id":10,"user_attr":{"raw_metrics":[0.2279193916999932,0.033478722991003,0.6,0.024233280334248857,0.09090909090909091,0.11079722042626083,-0.30091345852439144,-0.5120561718940735,0.45166666666666666]}}
{"op_code":8,"worker_id":"1b524d87-2998-479a-b803-18a8ba0d82e4-3216","trial_id":18,"user_attr":{"constraints":[-0.0024512936122141936,0.01675298679467735,0.19999999999999996,0.06212121212121213,-0.08019273667672076,-109.0,-8.0,0.10108555628005345,0.09999999999999998,-1197.1615213646335,0.027348484848484844,0.02853942652329755]}}
{"op_code":9,"worker_id":"a456422d-13a9-49ac-8102-3fd00b1401a5-29612","trial_id":23,"system_attr":{"constraints":[-0.01945825227243699,-0.0027834423312352585,0.19999999999999996,0.08151515151515148,-0.0807561431090666,-109.0,-6.0,0.022809686211014486,0.3,-1202.7337848266106,0.010757575757575744,0.04103942652329756]}}
{"op_code":8,"worker_id":"d1e22d4c-8a23-4d45-9cd4-4d886e68be2b-20880","trial_id":10,"user_attr":{"val_metrics":[0.11506643683259807,-0.11733845474865627,0.5515151515151515,0.08228196727422377,-8.403172845133678]}}
{"op_code":6,"worker_id":"a456422d-13a9-49ac-8102-3fd00b1401a5-29612","trial_id":23,"state":1,"values":[-0.8443249957988358],"datetime_complete":"2026-07-14T11:41:50.697127"}
{"op_code":8,"worker_id":"d1e22d4c-8a23-4d45-9cd4-4d886e68be2b-20880","trial_id":10,"user_attr":{"deflated_objective":-2.34945915638572}}
{"op_code":9,"worker_id":"d1e22d4c-8a23-4d45-9cd4-4d886e68be2b-20880","trial_id":10,"system_attr":{"constraints":[-0.024233280334248857,-0.033478722991003,0.0,0.1590909090909091,-0.11079722042626083,-30.0,-8.0,-0.0032417535453588553,0.09999999999999998,-1448.3599205801463,-0.0016666666666666496,0.024372759856630843]}}
{"op_code":6,"worker_id":"d1e22d4c-8a23-4d45-9cd4-4d886e68be2b-20880","trial_id":10,"state":1,"values":[-1.9777740219192224],"datetime_complete":"2026-07-14T11:41:50.704276"}
{"op_code":8,"worker_id":"1b524d87-2998-479a-b803-18a8ba0d82e4-3216","trial_id":18,"user_attr":{"pruned_reasons":["M2 (Yearly Tail IC Mean <= 0)","M3 (Hit Rate < 60%)","M5 (Monotonicity <= 0.25)","Side-specific Yearly Tail IC Mean (-0.1011 <= 0)","Side-specific Hit Rate (40.00% < 50%)","Yearly Daily Win Rate (42.27% < 45%)","Side-specific Yearly Daily Win Rate (42.15% < 45%)"]}}
{"op_code":8,"worker_id":"1b524d87-2998-479a-b803-18a8ba0d82e4-3216","trial_id":18,"user_attr":{"gini":0.4500250696031869}}
{"op_code":4,"worker_id":"307ab45b-a0a4-46cd-a3eb-ed2452a81e9d-29612","study_id":0,"datetime_start":"2026-07-14T11:41:50.705022"}
{"op_code":8,"worker_id":"1b524d87-2998-479a-b803-18a8ba0d82e4-3216","trial_id":18,"user_attr":{"cv_is_ics":[0.11077880859375,0.12688001990318298,0.11926615238189697,0.11244384944438934,0.10280811786651611,0.09208588302135468,0.08895829319953918,0.10564672201871872,0.09516721963882446,0.10902762413024902,0.08844104409217834,0.0866183266043663,0.08094214648008347,0.0631135106086731,0.09476354718208313]}}
{"op_code":8,"worker_id":"1b524d87-2998-479a-b803-18a8ba0d82e4-3216","trial_id":18,"user_attr":{"cv_oos_ics":[0.05140923708677292,-0.06396704167127609,-0.04354558512568474,0.009599700570106506,-0.007800055202096701,-0.004528774879872799,0.06057512387633324,-0.0006577475578524172,0.037307027727365494,0.0112649817019701,-0.020434189587831497,-0.009461821988224983,0.010879028588533401,0.007482887711375952,-0.011935730464756489]}}
{"op_code":5,"worker_id":"307ab45b-a0a4-46cd-a3eb-ed2452a81e9d-29612","trial_id":28,"param_name":"k_weight","param_value_internal":0.4362436203479225,"distribution":"{\"name\": \"FloatDistribution\", \"attributes\": {\"step\": null, \"low\": 0.0, \"high\": 1.5, \"log\": false}}"}
{"op_code":8,"worker_id":"bf203a0b-0a7a-4186-beb5-f2092338ab5d-8436","trial_id":2,"user_attr":{"reg_kappa":3.4786137092156473}}
{"op_code":5,"worker_id":"307ab45b-a0a4-46cd-a3eb-ed2452a81e9d-29612","trial_id":28,"param_name":"unified_alpha","param_value_internal":1.4921911178624473e-05,"distribution":"{\"name\": \"FloatDistribution\", \"attributes\": {\"step\": null, \"low\": 1e-05, \"high\": 10.0, \"log\": true}}"}
{"op_code":8,"worker_id":"1b524d87-2998-479a-b803-18a8ba0d82e4-3216","trial_id":18,"user_attr":{"reg_kappa":3.000221799428944}}
{"op_code":5,"worker_id":"307ab45b-a0a4-46cd-a3eb-ed2452a81e9d-29612","trial_id":28,"param_name":"unified_rho","param_value_internal":0.9304277170126745,"distribution":"{\"name\": \"FloatDistribution\", \"attributes\": {\"step\": null, \"low\": 0.0, \"high\": 1.0, \"log\": false}}"}
{"op_code":8,"worker_id":"bf203a0b-0a7a-4186-beb5-f2092338ab5d-8436","trial_id":2,"user_attr":{"raw_metrics":[0.22391923625364024,0.03204842481182233,0.6,0.023623080035555792,0.07878787878787878,0.11853867093221289,-0.23998485109148265,-0.4370165765285492,0.45583333333333337]}}
{"op_code":8,"worker_id":"bf203a0b-0a7a-4186-beb5-f2092338ab5d-8436","trial_id":2,"user_attr":{"val_metrics":[0.11621587387594963,-0.21552047697994578,0.5393939393939394,0.08228196727422377,-6.407730109291155]}}
{"op_code":5,"worker_id":"8377fefd-f8d1-4363-9a46-8d5803b476bb-8896","trial_id":27,"param_name":"unified_alpha","param_value_internal":3.5758089466710094e-05,"distribution":"{\"name\": \"FloatDistribution\", \"attributes\": {\"step\": null, \"low\": 1e-05, \"high\": 10.0, \"log\": true}}"}
{"op_code":8,"worker_id":"bf203a0b-0a7a-4186-beb5-f2092338ab5d-8436","trial_id":2,"user_attr":{"deflated_objective":-1.5595985223970144}}
{"op_code":5,"worker_id":"8377fefd-f8d1-4363-9a46-8d5803b476bb-8896","trial_id":27,"param_name":"unified_rho","param_value_internal":0.9877670306289733,"distribution":"{\"name\": \"FloatDistribution\", \"attributes\": {\"step\": null, \"low\": 0.0, \"high\": 1.0, \"log\": false}}"}
{"op_code":9,"worker_id":"bf203a0b-0a7a-4186-beb5-f2092338ab5d-8436","trial_id":2,"system_attr":{"constraints":[-0.023623080035555792,-0.03204842481182233,0.0,0.1712121212121212,-0.11853867093221289,-41.0,-8.0,-0.0005903904717946496,0.09999999999999998,-1387.9913417351204,-0.005833333333333357,0.024372759856630843]}}
{"op_code":5,"worker_id":"8377fefd-f8d1-4363-9a46-8d5803b476bb-8896","trial_id":27,"param_name":"unified_gamma","param_value_internal":462.8905716053588,"distribution":"{\"name\": \"FloatDistribution\", \"attributes\": {\"step\": null, \"low\": 1.5, \"high\": 10000.0, \"log\": true}}"}
{"op_code":6,"worker_id":"bf203a0b-0a7a-4186-beb5-f2092338ab5d-8436","trial_id":2,"state":1,"values":[-1.2199669140582956],"datetime_complete":"2026-07-14T11:41:50.733234"}
{"op_code":5,"worker_id":"8377fefd-f8d1-4363-9a46-8d5803b476bb-8896","trial_id":27,"param_name":"huber_delta","param_value_internal":4.871639782745096,"distribution":"{\"name\": \"FloatDistribution\", \"attributes\": {\"step\": null, \"low\": 0.5, \"high\": 5.0, \"log\": false}}"}
{"op_code":8,"worker_id":"1b524d87-2998-479a-b803-18a8ba0d82e4-3216","trial_id":18,"user_attr":{"raw_metrics":[-0.12903243876763335,-0.01675298679467735,0.4,0.0024512936122141936,0.18787878787878787,0.08019273667672076,-0.1058024911213225,-0.15361274778842926,0.42265151515151517]}}
{"op_code":5,"worker_id":"e0fc02c7-99c4-4200-94e5-72bff28b7a5b-6576","trial_id":20,"param_name":"k_weight","param_value_internal":0.3890572049226651,"distribution":"{\"name\": \"FloatDistribution\", \"attributes\": {\"step\": null, \"low\": 0.0, \"high\": 1.5, \"log\": false}}"}
{"op_code":5,"worker_id":"307ab45b-a0a4-46cd-a3eb-ed2452a81e9d-29612","trial_id":28,"param_name":"unified_gamma","param_value_internal":1.9123744105660216,"distribution":"{\"name\": \"FloatDistribution\", \"attributes\": {\"step\": null, \"low\": 1.5, \"high\": 10000.0, \"log\": true}}"}
{"op_code":8,"worker_id":"1b524d87-2998-479a-b803-18a8ba0d82e4-3216","trial_id":18,"user_attr":{"val_metrics":[0.0843691510300716,-0.3399411647150403,0.4909090909090909,0.08439907329467435,-4.5378462533107395]}}
{"op_code":5,"worker_id":"e0fc02c7-99c4-4200-94e5-72bff28b7a5b-6576","trial_id":20,"param_name":"unified_alpha","param_value_internal":1.8203978209302794e-05,"distribution":"{\"name\": \"FloatDistribution\", \"attributes\": {\"step\": null, \"low\": 1e-05, \"high\": 10.0, \"log\": true}}"}
{"op_code":8,"worker_id":"dc936e5e-b35c-4527-93bf-9524126ff575-27448","trial_id":26,"user_attr":{"raw_metrics":[-0.4599113172008056,-0.04330939299337202,0.2,-0.001680989430256872,-0.050909090909090904,-0.11299034715887335,-0.0,-0.0,0.38106060606060604]}}
{"op_code":5,"worker_id":"e0fc02c7-99c4-4200-94e5-72bff28b7a5b-6576","trial_id":20,"param_name":"unified_rho","param_value_internal":0.5820303421266043,"distribution":"{\"name\": \"FloatDistribution\", \"attributes\": {\"step\": null, \"low\": 0.0, \"high\": 1.0, \"log\": false}}"}
{"op_code":8,"worker_id":"1b524d87-2998-479a-b803-18a8ba0d82e4-3216","trial_id":18,"user_attr":{"deflated_objective":-0.8627062023000986}}
{"op_code":9,"worker_id":"1b524d87-2998-479a-b803-18a8ba0d82e4-3216","trial_id":18,"system_attr":{"constraints":[-0.0024512936122141936,0.01675298679467735,0.19999999999999996,0.06212121212121213,-0.08019273667672076,-109.0,-8.0,0.10108555628005345,0.09999999999999998,-1197.1615213646335,0.027348484848484844,0.02853942652329755]}}
{"op_code":4,"worker_id":"e4f008e7-9128-4c6d-a821-ceb02e8b7a6c-4680","study_id":0,"datetime_start":"2026-07-14T11:41:50.748226"}
{"op_code":5,"worker_id":"e0fc02c7-99c4-4200-94e5-72bff28b7a5b-6576","trial_id":20,"param_name":"unified_gamma","param_value_internal":4.03949914934137,"distribution":"{\"name\": \"FloatDistribution\", \"attributes\": {\"step\": null, \"low\": 1.5, \"high\": 10000.0, \"log\": true}}"}
{"op_code":5,"worker_id":"e4f008e7-9128-4c6d-a821-ceb02e8b7a6c-4680","trial_id":29,"param_name":"k_weight","param_value_internal":0.4781802276726566,"distribution":"{\"name\": \"FloatDistribution\", \"attributes\": {\"step\": null, \"low\": 0.0, \"high\": 1.5, \"log\": false}}"}
{"op_code":8,"worker_id":"dc936e5e-b35c-4527-93bf-9524126ff575-27448","trial_id":26,"user_attr":{"val_metrics":[0.0,0.0,0.12727272727272726,0.09160962854822477,-4.432025928359728]}}
{"op_code":5,"worker_id":"e4f008e7-9128-4c6d-a821-ceb02e8b7a6c-4680","trial_id":29,"param_name":"unified_alpha","param_value_internal":1.1449215012362456e-05,"distribution":"{\"name\": \"FloatDistribution\", \"attributes\": {\"step\": null, \"low\": 1e-05, \"high\": 10.0, \"log\": true}}"}
{"op_code":5,"worker_id":"e0fc02c7-99c4-4200-94e5-72bff28b7a5b-6576","trial_id":20,"param_name":"huber_delta","param_value_internal":3.2484955212371767,"distribution":"{\"name\": \"FloatDistribution\", \"attributes\": {\"step\": null, \"low\": 0.5, \"high\": 5.0, \"log\": false}}"}
{"op_code":6,"worker_id":"1b524d87-2998-479a-b803-18a8ba0d82e4-3216","trial_id":18,"state":1,"values":[-0.5298148039622552],"datetime_complete":"2026-07-14T11:41:50.753397"}
{"op_code":5,"worker_id":"18e0b165-0219-4f50-9106-4c55abc4b266-19068","trial_id":3,"param_name":"k_weight","param_value_internal":0.17023270784047428,"distribution":"{\"name\": \"FloatDistribution\", \"attributes\": {\"step\": null, \"low\": 0.0, \"high\": 1.5, \"log\": false}}"}
{"op_code":4,"worker_id":"78bfe183-4d2a-443e-b8a0-c95a8f95c28a-3216","study_id":0,"datetime_start":"2026-07-14T11:41:50.767991"}
{"op_code":5,"worker_id":"18e0b165-0219-4f50-9106-4c55abc4b266-19068","trial_id":3,"param_name":"unified_alpha","param_value_internal":7.029081301964993,"distribution":"{\"name\": \"FloatDistribution\", \"attributes\": {\"step\": null, \"low\": 1e-05, \"high\": 10.0, \"log\": true}}"}
{"op_code":5,"worker_id":"78bfe183-4d2a-443e-b8a0-c95a8f95c28a-3216","trial_id":30,"param_name":"k_weight","param_value_internal":0.5107663528196821,"distribution":"{\"name\": \"FloatDistribution\", \"attributes\": {\"step\": null, \"low\": 0.0, \"high\": 1.5, \"log\": false}}"}
{"op_code":5,"worker_id":"18e0b165-0219-4f50-9106-4c55abc4b266-19068","trial_id":3,"param_name":"unified_rho","param_value_internal":0.7287346335011062,"distribution":"{\"name\": \"FloatDistribution\", \"attributes\": {\"step\": null, \"low\": 0.0, \"high\": 1.0, \"log\": false}}"}
{"op_code":5,"worker_id":"78bfe183-4d2a-443e-b8a0-c95a8f95c28a-3216","trial_id":30,"param_name":"unified_alpha","param_value_internal":1.2251258964043164e-05,"distribution":"{\"name\": \"FloatDistribution\", \"attributes\": {\"step\": null, \"low\": 1e-05, \"high\": 10.0, \"log\": true}}"}
{"op_code":5,"worker_id":"78bfe183-4d2a-443e-b8a0-c95a8f95c28a-3216","trial_id":30,"param_name":"unified_rho","param_value_internal":0.9996047131232055,"distribution":"{\"name\": \"FloatDistribution\", \"attributes\": {\"step\": null, \"low\": 0.0, \"high\": 1.0, \"log\": false}}"}
{"op_code":5,"worker_id":"a92d5959-eca9-4c0f-b187-e77c39bf039f-27064","trial_id":5,"param_name":"k_weight","param_value_internal":1.0135971232553285,"distribution":"{\"name\": \"FloatDistribution\", \"attributes\": {\"step\": null, \"low\": 0.0, \"high\": 1.5, \"log\": false}}"}
{"op_code":5,"worker_id":"78bfe183-4d2a-443e-b8a0-c95a8f95c28a-3216","trial_id":30,"param_name":"unified_gamma","param_value_internal":2.0532268320171707,"distribution":"{\"name\": \"FloatDistribution\", \"attributes\": {\"step\": null, \"low\": 1.5, \"high\": 10000.0, \"log\": true}}"}
{"op_code":8,"worker_id":"8377fefd-f8d1-4363-9a46-8d5803b476bb-8896","trial_id":27,"user_attr":{"constraints":[-0.01704972694423807,-0.003571925575690034,0.0,0.1106060606060606,-0.05186405949129267,-96.0,-8.0,0.023214847403651956,-0.09999999999999998,-1224.5663922183373,0.014924242424242451,0.041935483870967794]}}
{"op_code":5,"worker_id":"a92d5959-eca9-4c0f-b187-e77c39bf039f-27064","trial_id":5,"param_name":"unified_alpha","param_value_internal":1.85469752839378e-05,"distribution":"{\"name\": \"FloatDistribution\", \"attributes\": {\"step\": null, \"low\": 1e-05, \"high\": 10.0, \"log\": true}}"}
{"op_code":5,"worker_id":"a92d5959-eca9-4c0f-b187-e77c39bf039f-27064","trial_id":5,"param_name":"unified_rho","param_value_internal":0.3433036725425923,"distribution":"{\"name\": \"FloatDistribution\", \"attributes\": {\"step\": null, \"low\": 0.0, \"high\": 1.0, \"log\": false}}"}
{"op_code":5,"worker_id":"78bfe183-4d2a-443e-b8a0-c95a8f95c28a-3216","trial_id":30,"param_name":"huber_delta","param_value_internal":3.869007697415566,"distribution":"{\"name\": \"FloatDistribution\", \"attributes\": {\"step\": null, \"low\": 0.5, \"high\": 5.0, \"log\": false}}"}
{"op_code":8,"worker_id":"8377fefd-f8d1-4363-9a46-8d5803b476bb-8896","trial_id":27,"user_attr":{"pruned_reasons":["M5 (Monotonicity <= 0.25)","Side-specific Yearly Tail IC Mean (-0.0232 <= 0)","Yearly Daily Win Rate (43.51% < 45%)","Side-specific Yearly Daily Win Rate (40.81% < 45%)"]}}
{"op_code":8,"worker_id":"8377fefd-f8d1-4363-9a46-8d5803b476bb-8896","trial_id":27,"user_attr":{"gini":0.4640833512147484}}
{"op_code":5,"worker_id":"516cc1e1-8644-4fbd-ae97-be17c429732e-14384","trial_id":9,"param_name":"k_weight","param_value_internal":0.139662430007787,"distribution":"{\"name\": \"FloatDistribution\", \"attributes\": {\"step\": null, \"low\": 0.0, \"high\": 1.5, \"log\": false}}"}
{"op_code":4,"worker_id":"1aaffb24-4701-4991-a1da-de16662e1eaf-20880","study_id":0,"datetime_start":"2026-07-14T11:41:50.790666"}
{"op_code":5,"worker_id":"516cc1e1-8644-4fbd-ae97-be17c429732e-14384","trial_id":9,"param_name":"unified_alpha","param_value_internal":6.75982604244183,"distribution":"{\"name\": \"FloatDistribution\", \"attributes\": {\"step\": null, \"low\": 1e-05, \"high\": 10.0, \"log\": true}}"}
{"op_code":5,"worker_id":"a92d5959-eca9-4c0f-b187-e77c39bf039f-27064","trial_id":5,"param_name":"unified_gamma","param_value_internal":435.2751988055667,"distribution":"{\"name\": \"FloatDistribution\", \"attributes\": {\"step\": null, \"low\": 1.5, \"high\": 10000.0, \"log\": true}}"}
{"op_code":5,"worker_id":"a92d5959-eca9-4c0f-b187-e77c39bf039f-27064","trial_id":5,"param_name":"huber_delta","param_value_internal":1.7789584943313028,"distribution":"{\"name\": \"FloatDistribution\", \"attributes\": {\"step\": null, \"low\": 0.5, \"high\": 5.0, \"log\": false}}"}
{"op_code":5,"worker_id":"1aaffb24-4701-4991-a1da-de16662e1eaf-20880","trial_id":31,"param_name":"k_weight","param_value_internal":0.5973246134052592,"distribution":"{\"name\": \"FloatDistribution\", \"attributes\": {\"step\": null, \"low\": 0.0, \"high\": 1.5, \"log\": false}}"}
{"op_code":8,"worker_id":"8377fefd-f8d1-4363-9a46-8d5803b476bb-8896","trial_id":27,"user_attr":{"cv_is_ics":[0.10386175662279129,0.10907379537820816,0.11864614486694336,0.1030038446187973,0.097791388630867,0.08816005289554596,0.08256407827138901,0.09998312592506409,0.0879046767950058,0.08999240398406982,0.07678838074207306,0.05880003795027733,0.07613269239664078,0.06197567284107208,0.07877525687217712]}}
{"op_code":5,"worker_id":"516cc1e1-8644-4fbd-ae97-be17c429732e-14384","trial_id":9,"param_name":"unified_rho","param_value_internal":0.4838599804636461,"distribution":"{\"name\": \"FloatDistribution\", \"attributes\": {\"step\": null, \"low\": 0.0, \"high\": 1.0, \"log\": false}}"}
{"op_code":5,"worker_id":"0ea9589b-811a-4ee7-962d-b40c249389da-31524","trial_id":12,"param_name":"k_weight","param_value_internal":1.3860526733616378,"distribution":"{\"name\": \"FloatDistribution\", \"attributes\": {\"step\": null, \"low\": 0.0, \"high\": 1.5, \"log\": false}}"}
{"op_code":8,"worker_id":"8377fefd-f8d1-4363-9a46-8d5803b476bb-8896","trial_id":27,"user_attr":{"cv_oos_ics":[0.04098393768072128,-0.037177182734012604,-0.05177611485123634,-0.001687080366536975,0.004480504430830479,0.017467647790908813,0.06610874086618423,0.02752089686691761,0.049883291125297546,0.025320343673229218,0.0037919769529253244,0.06116556003689766,0.012745636515319347,0.014829989522695541,0.026386037468910217]}}
{"op_code":8,"worker_id":"e0fc02c7-99c4-4200-94e5-72bff28b7a5b-6576","trial_id":20,"user_attr":{"constraints":[-0.018792172029605304,-0.02346059600977548,0.0,0.22939393939393937,-0.00205877644535621,-100.0,-8.0,0.0031636848287702165,-0.09999999999999998,-1217.3798091047352,0.01416666666666666,0.03637992831541226]}}
{"op_code":5,"worker_id":"516cc1e1-8644-4fbd-ae97-be17c429732e-14384","trial_id":9,"param_name":"unified_gamma","param_value_internal":12.690418291229948,"distribution":"{\"name\": \"FloatDistribution\", \"attributes\": {\"step\": null, \"low\": 1.5, \"high\": 10000.0, \"log\": true}}"}
{"op_code":5,"worker_id":"0ea9589b-811a-4ee7-962d-b40c249389da-31524","trial_id":12,"param_name":"unified_alpha","param_value_internal":8.855711978905983e-05,"distribution":"{\"name\": \"FloatDistribution\", \"attributes\": {\"step\": null, \"low\": 1e-05, \"high\": 10.0, \"log\": true}}"}
{"op_code":8,"worker_id":"8377fefd-f8d1-4363-9a46-8d5803b476bb-8896","trial_id":27,"user_attr":{"reg_kappa":3.0690867550514387}}
{"op_code":4,"worker_id":"52f0e5a1-8c6f-44df-b14e-97fec474b277-12024","study_id":0,"datetime_start":"2026-07-14T11:41:50.293585"}
{"op_code":5,"worker_id":"516cc1e1-8644-4fbd-ae97-be17c429732e-14384","trial_id":9,"param_name":"huber_delta","param_value_internal":2.890057234132639,"distribution":"{\"name\": \"FloatDistribution\", \"attributes\": {\"step\": null, \"low\": 0.5, \"high\": 5.0, \"log\": false}}"}
{"op_code":5,"worker_id":"0ea9589b-811a-4ee7-962d-b40c249389da-31524","trial_id":12,"param_name":"unified_rho","param_value_internal":0.8669150768157973,"distribution":"{\"name\": \"FloatDistribution\", \"attributes\": {\"step\": null, \"low\": 0.0, \"high\": 1.0, \"log\": false}}"}
{"op_code":8,"worker_id":"8377fefd-f8d1-4363-9a46-8d5803b476bb-8896","trial_id":27,"user_attr":{"raw_metrics":[0.043332779885169294,0.003571925575690034,0.6,0.01704972694423807,0.1393939393939394,0.05186405949129267,-0.1185504382530436,-0.22965458035469055,0.43507575757575756]}}
{"op_code":5,"worker_id":"52f0e5a1-8c6f-44df-b14e-97fec474b277-12024","trial_id":32,"param_name":"k_weight","param_value_internal":0.5113630077360333,"distribution":"{\"name\": \"FloatDistribution\", \"attributes\": {\"step\": null, \"low\": 0.0, \"high\": 1.5, \"log\": false}}"}
{"op_code":5,"worker_id":"1aaffb24-4701-4991-a1da-de16662e1eaf-20880","trial_id":31,"param_name":"unified_alpha","param_value_internal":1.1418261596060484e-05,"distribution":"{\"name\": \"FloatDistribution\", \"attributes\": {\"step\": null, \"low\": 1e-05, \"high\": 10.0, \"log\": true}}"}
{"op_code":5,"worker_id":"52f0e5a1-8c6f-44df-b14e-97fec474b277-12024","trial_id":32,"param_name":"unified_alpha","param_value_internal":1.2004232067737852e-05,"distribution":"{\"name\": \"FloatDistribution\", \"attributes\": {\"step\": null, \"low\": 1e-05, \"high\": 10.0, \"log\": true}}"}
{"op_code":5,"worker_id":"1aaffb24-4701-4991-a1da-de16662e1eaf-20880","trial_id":31,"param_name":"unified_rho","param_value_internal":0.9898551108436742,"distribution":"{\"name\": \"FloatDistribution\", \"attributes\": {\"step\": null, \"low\": 0.0, \"high\": 1.0, \"log\": false}}"}
{"op_code":5,"worker_id":"52f0e5a1-8c6f-44df-b14e-97fec474b277-12024","trial_id":32,"param_name":"unified_rho","param_value_internal":0.4585435214950097,"distribution":"{\"name\": \"FloatDistribution\", \"attributes\": {\"step\": null, \"low\": 0.0, \"high\": 1.0, \"log\": false}}"}
{"op_code":5,"worker_id":"1aaffb24-4701-4991-a1da-de16662e1eaf-20880","trial_id":31,"param_name":"unified_gamma","param_value_internal":1.5621825540993306,"distribution":"{\"name\": \"FloatDistribution\", \"attributes\": {\"step\": null, \"low\": 1.5, \"high\": 10000.0, \"log\": true}}"}
{"op_code":8,"worker_id":"8377fefd-f8d1-4363-9a46-8d5803b476bb-8896","trial_id":27,"user_attr":{"val_metrics":[0.1181457637235481,0.016477075214654163,0.8545454545454545,0.15783615549094976,-7.350785332180054]}}
{"op_code":8,"worker_id":"78bfe183-4d2a-443e-b8a0-c95a8f95c28a-3216","trial_id":30,"user_attr":{"constraints":[-0.01743640053819894,-0.020015163674466818,0.0,0.19787878787878788,-0.04727411110946723,-91.0,-8.0,0.02233438711142696,0.09999999999999998,-1235.735773270131,0.01909090909090916,0.041935483870967794]}}
{"op_code":5,"worker_id":"52f0e5a1-8c6f-44df-b14e-97fec474b277-12024","trial_id":32,"param_name":"unified_gamma","param_value_internal":1.5378392455273913,"distribution":"{\"name\": \"FloatDistribution\", \"attributes\": {\"step\": null, \"low\": 1.5, \"high\": 10000.0, \"log\": true}}"}
{"op_code":8,"worker_id":"78bfe183-4d2a-443e-b8a0-c95a8f95c28a-3216","trial_id":30,"user_attr":{"pruned_reasons":["M5 (Monotonicity <= 0.25)","Side-specific Yearly Tail IC Mean (-0.0223 <= 0)","Side-specific Hit Rate (40.00% < 50%)","Yearly Daily Win Rate (43.09% < 45%)","Side-specific Yearly Daily Win Rate (40.81% < 45%)"]}}
{"op_code":5,"worker_id":"52f0e5a1-8c6f-44df-b14e-97fec474b277-12024","trial_id":32,"param_name":"huber_delta","param_value_internal":3.925326877103723,"distribution":"{\"name\": \"FloatDistribution\", \"attributes\": {\"step\": null, \"low\": 0.5, \"high\": 5.0, \"log\": false}}"}
{"op_code":5,"worker_id":"0ea9589b-811a-4ee7-962d-b40c249389da-31524","trial_id":12,"param_name":"unified_gamma","param_value_internal":3.1470215787374998,"distribution":"{\"name\": \"FloatDistribution\", \"attributes\": {\"step\": null, \"low\": 1.5, \"high\": 10000.0, \"log\": true}}"}
{"op_code":5,"worker_id":"0ea9589b-811a-4ee7-962d-b40c249389da-31524","trial_id":12,"param_name":"huber_delta","param_value_internal":3.0810815777193246,"distribution":"{\"name\": \"FloatDistribution\", \"attributes\": {\"step\": null, \"low\": 0.5, \"high\": 5.0, \"log\": false}}"}
{"op_code":8,"worker_id":"78bfe183-4d2a-443e-b8a0-c95a8f95c28a-3216","trial_id":30,"user_attr":{"gini":0.4539623407381148}}
{"op_code":8,"worker_id":"8377fefd-f8d1-4363-9a46-8d5803b476bb-8896","trial_id":27,"user_attr":{"deflated_objective":-1.8409855937099957}}
{"op_code":8,"worker_id":"78bfe183-4d2a-443e-b8a0-c95a8f95c28a-3216","trial_id":30,"user_attr":{"cv_is_ics":[0.10366561263799667,0.10806496441364288,0.1181335523724556,0.1052260622382164,0.10052905231714249,0.08847704529762268,0.08070655167102814,0.10167956352233887,0.08770976215600967,0.08742879331111908,0.07541466504335403,0.058328013867139816,0.07546964287757874,0.062137771397829056,0.07957544922828674]}}
{"op_code":8,"worker_id":"78bfe183-4d2a-443e-b8a0-c95a8f95c28a-3216","trial_id":30,"user_attr":{"cv_oos_ics":[0.04132334887981415,-0.03520363196730614,-0.04782649874687195,0.005815230775624514,0.00627535954117775,0.028125407174229622,0.06571822613477707,0.03184010460972786,0.05103323236107826,0.02434387244284153,0.012598707340657711,0.062262292951345444,0.011902381666004658,0.010776182636618614,0.031996019184589386]}}
{"op_code":8,"worker_id":"78bfe183-4d2a-443e-b8a0-c95a8f95c28a-3216","trial_id":30,"user_attr":{"reg_kappa":3.097081954478462}}
{"op_code":8,"worker_id":"a92d5959-eca9-4c0f-b187-e77c39bf039f-27064","trial_id":5,"user_attr":{"constraints":[-0.02033514128142887,-0.04815142492745757,0.0,0.10575757575757577,-0.1367695943637634,-55.0,-8.0,-0.06386246303229226,-0.09999999999999998,-1331.8923389875401,-0.009999999999999953,0.029032258064516203]}}
{"op_code":8,"worker_id":"78bfe183-4d2a-443e-b8a0-c95a8f95c28a-3216","trial_id":30,"user_attr":{"raw_metrics":[0.21127078250817982,0.020015163674466818,0.6,0.01743640053819894,0.052121212121212124,0.04727411110946723,-0.12456241604605474,-0.25138363242149353,0.43090909090909085]}}
{"op_code":8,"worker_id":"78bfe183-4d2a-443e-b8a0-c95a8f95c28a-3216","trial_id":30,"user_attr":{"val_metrics":[0.12685741080159862,0.022678535294343383,0.7090909090909091,0.16239876883414886,-7.120505442152131]}}
{"op_code":9,"worker_id":"8377fefd-f8d1-4363-9a46-8d5803b476bb-8896","trial_id":27,"system_attr":{"constraints":[-0.01704972694423807,-0.003571925575690034,0.0,0.1106060606060606,-0.05186405949129267,-96.0,-8.0,0.023214847403651956,-0.09999999999999998,-1224.5663922183373,0.014924242424242451,0.041935483870967794]}}
{"op_code":8,"worker_id":"a92d5959-eca9-4c0f-b187-e77c39bf039f-27064","trial_id":5,"user_attr":{"pruned_reasons":["M5 (Monotonicity <= 0.25)","Side-specific Yearly Daily Win Rate (42.10% < 45%)"]}}
{"op_code":6,"worker_id":"8377fefd-f8d1-4363-9a46-8d5803b476bb-8896","trial_id":27,"state":1,"values":[-1.4726818418108325],"datetime_complete":"2026-07-14T11:41:50.851875"}
{"op_code":8,"worker_id":"a92d5959-eca9-4c0f-b187-e77c39bf039f-27064","trial_id":5,"user_attr":{"gini":0.45505894565165783}}
{"op_code":8,"worker_id":"a92d5959-eca9-4c0f-b187-e77c39bf039f-27064","trial_id":5,"user_attr":{"cv_is_ics":[0.10435167700052261,0.11533577740192413,0.1191118136048317,0.10882069915533066,0.10160481184720993,0.08010223507881165,0.07936348021030426,0.09994424879550934,0.08340656012296677,0.09761449694633484,0.07906351238489151,0.0683712586760521,0.07806328684091568,0.06046244502067566,0.07348675280809402]}}
{"op_code":8,"worker_id":"a92d5959-eca9-4c0f-b187-e77c39bf039f-27064","trial_id":5,"user_attr":{"cv_oos_ics":[0.04862705245614052,-0.05048869550228119,-0.03208383917808533,0.008695368655025959,0.004416987299919128,0.028182290494441986,0.06779895722866058,0.016618803143501282,0.053793974220752716,0.02076263353228569,-0.016365982592105865,0.046833585947752,0.006313663441687822,0.012754530645906925,0.02272377535700798]}}
{"op_code":8,"worker_id":"a92d5959-eca9-4c0f-b187-e77c39bf039f-27064","trial_id":5,"user_attr":{"reg_kappa":3.3380115068445098}}
{"op_code":4,"worker_id":"baa63237-c538-4790-b790-1c726c61b558-8896","study_id":0,"datetime_start":"2026-07-14T11:41:50.860748"}
{"op_code":5,"worker_id":"1aaffb24-4701-4991-a1da-de16662e1eaf-20880","trial_id":31,"param_name":"huber_delta","param_value_internal":3.754250055993838,"distribution":"{\"name\": \"FloatDistribution\", \"attributes\": {\"step\": null, \"low\": 0.5, \"high\": 5.0, \"log\": false}}"}
{"op_code":5,"worker_id":"baa63237-c538-4790-b790-1c726c61b558-8896","trial_id":33,"param_name":"k_weight","param_value_internal":0.5093540723810899,"distribution":"{\"name\": \"FloatDistribution\", \"attributes\": {\"step\": null, \"low\": 0.0, \"high\": 1.5, \"log\": false}}"}
{"op_code":8,"worker_id":"a92d5959-eca9-4c0f-b187-e77c39bf039f-27064","trial_id":5,"user_attr":{"raw_metrics":[0.3424050627121598,0.04815142492745757,0.6,0.02033514128142887,0.14424242424242423,0.1367695943637634,-0.19053668058322518,-0.35103675723075867,0.45999999999999996]}}
{"op_code":5,"worker_id":"baa63237-c538-4790-b790-1c726c61b558-8896","trial_id":33,"param_name":"unified_alpha","param_value_internal":1.5731955564671e-05,"distribution":"{\"name\": \"FloatDistribution\", \"attributes\": {\"step\": null, \"low\": 1e-05, \"high\": 10.0, \"log\": true}}"}
{"op_code":8,"worker_id":"78bfe183-4d2a-443e-b8a0-c95a8f95c28a-3216","trial_id":30,"user_attr":{"deflated_objective":-1.7562064443483343}}
{"op_code":5,"worker_id":"baa63237-c538-4790-b790-1c726c61b558-8896","trial_id":33,"param_name":"unified_rho","param_value_internal":0.9527139021246607,"distribution":"{\"name\": \"FloatDistribution\", \"attributes\": {\"step\": null, \"low\": 0.0, \"high\": 1.0, \"log\": false}}"}
{"op_code":9,"worker_id":"78bfe183-4d2a-443e-b8a0-c95a8f95c28a-3216","trial_id":30,"system_attr":{"constraints":[-0.01743640053819894,-0.020015163674466818,0.0,0.19787878787878788,-0.04727411110946723,-91.0,-8.0,0.02233438711142696,0.09999999999999998,-1235.735773270131,0.01909090909090916,0.041935483870967794]}}
{"op_code":5,"worker_id":"baa63237-c538-4790-b790-1c726c61b558-8896","trial_id":33,"param_name":"unified_gamma","param_value_internal":9450.685475588618,"distribution":"{\"name\": \"FloatDistribution\", \"attributes\": {\"step\": null, \"low\": 1.5, \"high\": 10000.0, \"log\": true}}"}
{"op_code":6,"worker_id":"78bfe183-4d2a-443e-b8a0-c95a8f95c28a-3216","trial_id":30,"state":1,"values":[-1.391763591613529],"datetime_complete":"2026-07-14T11:41:50.872805"}
{"op_code":8,"worker_id":"0ea9589b-811a-4ee7-962d-b40c249389da-31524","trial_id":12,"user_attr":{"constraints":[-0.02077143547686084,-0.025219346164257445,0.0,0.0378787878787879,-0.08268240320268874,-34.0,-8.0,0.0626804243929481,0.09999999999999998,-1422.9902646448243,0.020757575757575808,0.024372759856630843]}}
{"op_code":8,"worker_id":"0ea9589b-811a-4ee7-962d-b40c249389da-31524","trial_id":12,"user_attr":{"pruned_reasons":["M5 (Monotonicity <= 0.25)","Side-specific Yearly Tail IC Mean (-0.0627 <= 0)","Side-specific Hit Rate (40.00% < 50%)","Yearly Daily Win Rate (42.92% < 45%)","Side-specific Yearly Daily Win Rate (42.56% < 45%)"]}}
{"op_code":5,"worker_id":"baa63237-c538-4790-b790-1c726c61b558-8896","trial_id":33,"param_name":"huber_delta","param_value_internal":4.898790051452772,"distribution":"{\"name\": \"FloatDistribution\", \"attributes\": {\"step\": null, \"low\": 0.5, \"high\": 5.0, \"log\": false}}"}
{"op_code":8,"worker_id":"0ea9589b-811a-4ee7-962d-b40c249389da-31524","trial_id":12,"user_attr":{"gini":0.44481646631419847}}
{"op_code":8,"worker_id":"52f0e5a1-8c6f-44df-b14e-97fec474b277-12024","trial_id":32,"user_attr":{"constraints":[-0.01806729551987744,-0.02156251347806103,0.0,0.18575757575757576,-0.03931220504392373,-91.0,-8.0,0.020536114184121775,0.09999999999999998,-1235.8312182082057,0.014924242424242451,0.041935483870967794]}}
{"op_code":8,"worker_id":"52f0e5a1-8c6f-44df-b14e-97fec474b277-12024","trial_id":32,"user_attr":{"pruned_reasons":["M5 (Monotonicity <= 0.25)","Side-specific Yearly Tail IC Mean (-0.0205 <= 0)","Side-specific Hit Rate (40.00% < 50%)","Yearly Daily Win Rate (43.51% < 45%)","Side-specific Yearly Daily Win Rate (40.81% < 45%)"]}}
{"op_code":4,"worker_id":"7b3b4a1d-66ec-4d6f-aff4-65d961915f44-3216","study_id":0,"datetime_start":"2026-07-14T11:41:50.881635"}
{"op_code":8,"worker_id":"0ea9589b-811a-4ee7-962d-b40c249389da-31524","trial_id":12,"user_attr":{"cv_is_ics":[0.09816397726535797,0.10803527384996414,0.11769673973321915,0.10746736079454422,0.09546826779842377,0.08253288269042969,0.07644124329090118,0.09330223500728607,0.08098729699850082,0.08560054004192352,0.07272297143936157,0.052345164120197296,0.07628048956394196,0.06317123025655746,0.07064620405435562]}}
{"op_code":5,"worker_id":"7b3b4a1d-66ec-4d6f-aff4-65d961915f44-3216","trial_id":34,"param_name":"k_weight","param_value_internal":0.4464161087815245,"distribution":"{\"name\": \"FloatDistribution\", \"attributes\": {\"step\": null, \"low\": 0.0, \"high\": 1.5, \"log\": false}}"}
{"op_code":8,"worker_id":"52f0e5a1-8c6f-44df-b14e-97fec474b277-12024","trial_id":32,"user_attr":{"gini":0.4541765882029629}}
{"op_code":8,"worker_id":"52f0e5a1-8c6f-44df-b14e-97fec474b277-12024","trial_id":32,"user_attr":{"cv_is_ics":[0.10348072648048401,0.10830260813236237,0.11808542907238007,0.10461874306201935,0.10003681480884552,0.0882137194275856,0.08051952719688416,0.10117343813180923,0.0875859335064888,0.08755065500736237,0.07527785003185272,0.057970087975263596,0.07540322095155716,0.06186997517943382,0.07938805222511292]}}
{"op_code":8,"worker_id":"0ea9589b-811a-4ee7-962d-b40c249389da-31524","trial_id":12,"user_attr":{"cv_oos_ics":[0.040184106677770615,-0.030441395938396454,-0.04161277785897255,0.005880720913410187,0.00865965522825718,0.039680592715740204,0.06201447919011116,0.04953152313828468,0.06128885969519615,0.01682231016457081,0.01867447979748249,0.06786099076271057,0.007489636540412903,0.014401178807020187,0.04674937203526497]}}
{"op_code":5,"worker_id":"7b3b4a1d-66ec-4d6f-aff4-65d961915f44-3216","trial_id":34,"param_name":"unified_alpha","param_value_internal":1.2192575430159017e-05,"distribution":"{\"name\": \"FloatDistribution\", \"attributes\": {\"step\": null, \"low\": 1e-05, \"high\": 10.0, \"log\": true}}"}
{"op_code":8,"worker_id":"0ea9589b-811a-4ee7-962d-b40c249389da-31524","trial_id":12,"user_attr":{"reg_kappa":3.5663225744140616}}
{"op_code":8,"worker_id":"0ea9589b-811a-4ee7-962d-b40c249389da-31524","trial_id":12,"user_attr":{"raw_metrics":[0.16767481272621274,0.025219346164257445,0.6,0.02077143547686084,0.2121212121212121,0.08268240320268874,-0.27443881676993676,-0.4872575104236603,0.4292424242424242]}}
{"op_code":8,"worker_id":"0ea9589b-811a-4ee7-962d-b40c249389da-31524","trial_id":12,"user_attr":{"val_metrics":[0.12191742777955589,-0.17698750243309683,0.6484848484848484,0.08548876809266706,-6.34847430913435]}}
{"op_code":5,"worker_id":"7b3b4a1d-66ec-4d6f-aff4-65d961915f44-3216","trial_id":34,"param_name":"unified_rho","param_value_internal":0.9953606024333351,"distribution":"{\"name\": \"FloatDistribution\", \"attributes\": {\"step\": null, \"low\": 0.0, \"high\": 1.0, \"log\": false}}"}
{"op_code":8,"worker_id":"0ea9589b-811a-4ee7-962d-b40c249389da-31524","trial_id":12,"user_attr":{"deflated_objective":-1.5154605491803155}}
{"op_code":5,"worker_id":"7b3b4a1d-66ec-4d6f-aff4-65d961915f44-3216","trial_id":34,"param_name":"unified_gamma","param_value_internal":9374.771201697813,"distribution":"{\"name\": \"FloatDistribution\", \"attributes\": {\"step\": null, \"low\": 1.5, \"high\": 10000.0, \"log\": true}}"}
{"op_code":8,"worker_id":"1aaffb24-4701-4991-a1da-de16662e1eaf-20880","trial_id":31,"user_attr":{"constraints":[-0.017541173834253597,-0.0350636316258692,0.0,0.22454545454545455,-0.04451783436423096,-84.0,-8.0,0.030323655181340187,0.09999999999999998,-1250.0878879600227,0.014924242424242451,0.030824372759856666]}}
{"op_code":5,"worker_id":"7b3b4a1d-66ec-4d6f-aff4-65d961915f44-3216","trial_id":34,"param_name":"huber_delta","param_value_internal":4.817046930044758,"distribution":"{\"name\": \"FloatDistribution\", \"attributes\": {\"step\": null, \"low\": 0.5, \"high\": 5.0, \"log\": false}}"}
{"op_code":8,"worker_id":"1aaffb24-4701-4991-a1da-de16662e1eaf-20880","trial_id":31,"user_attr":{"pruned_reasons":["M5 (Monotonicity <= 0.25)","Side-specific Yearly Tail IC Mean (-0.0303 <= 0)","Side-specific Hit Rate (40.00% < 50%)","Yearly Daily Win Rate (43.51% < 45%)","Side-specific Yearly Daily Win Rate (41.92% < 45%)"]}}
{"op_code":8,"worker_id":"df8930f1-66a0-434a-895d-f2c01221e729-31796","trial_id":24,"user_attr":{"constraints":[0.0014051404683533594,-0.041649484032166215,0.0,0.23666666666666666,-0.019852810367845083,-126.0,5.0,-0.1349640579858796,-0.5,-1189.7012452012978,0.019090909090909047,0.01276881720430112]}}
{"op_code":8,"worker_id":"1aaffb24-4701-4991-a1da-de16662e1eaf-20880","trial_id":31,"user_attr":{"gini":0.4499743273985646}}
{"op_code":8,"worker_id":"1aaffb24-4701-4991-a1da-de16662e1eaf-20880","trial_id":31,"user_attr":{"cv_is_ics":[0.10346648097038269,0.10667713731527328,0.11708983778953552,0.10560096800327301,0.10095740854740143,0.088129922747612,0.07893424481153488,0.10122022777795792,0.0865098237991333,0.08711781352758408,0.07322821766138077,0.05699092149734497,0.0747881606221199,0.06243059039115906,0.07726999372243881]}}
{"op_code":8,"worker_id":"1aaffb24-4701-4991-a1da-de16662e1eaf-20880","trial_id":31,"user_attr":{"cv_oos_ics":[0.040526505559682846,-0.03345225006341934,-0.04726456478238106,0.007666036020964384,0.006505009718239307,0.03211922571063042,0.06603599339723587,0.03211203217506409,0.05373214930295944,0.024355730041861534,0.013850984163582325,0.06470849364995956,0.01110069826245308,0.010796225629746914,0.033183082938194275]}}
{"op_code":8,"worker_id":"baa63237-c538-4790-b790-1c726c61b558-8896","trial_id":33,"user_attr":{"constraints":[-0.017318037859533238,-0.0029574001103535494,0.19999999999999996,0.13,-0.03612802899853847,-91.0,-8.0,0.0004304738460336188,-0.09999999999999998,-1235.5103208037601,0.014924242424242451,0.04749103942652333]}}
{"op_code":8,"worker_id":"1aaffb24-4701-4991-a1da-de16662e1eaf-20880","trial_id":31,"user_attr":{"reg_kappa":3.13305167620781}}
{"op_code":8,"worker_id":"df8930f1-66a0-434a-895d-f2c01221e729-31796","trial_id":24,"user_attr":{"pruned_reasons":["M4 (Overall IC <= 0)","M5 (Monotonicity <= 0.25)","Active features count (0) is less than active feature floor (5)","Yearly Daily Win Rate (43.09% < 45%)","Side-specific Yearly Daily Win Rate (43.72% < 45%)"]}}
{"op_code":8,"worker_id":"1aaffb24-4701-4991-a1da-de16662e1eaf-20880","trial_id":31,"user_attr":{"raw_metrics":[0.34449130925978283,0.0350636316258692,0.6,0.017541173834253597,0.025454545454545452,0.04451783436423096,-0.13283060569523258,-0.2735554277896881,0.43507575757575756]}}
{"op_code":8,"worker_id":"1aaffb24-4701-4991-a1da-de16662e1eaf-20880","trial_id":31,"user_attr":{"val_metrics":[0.12884788015113965,0.000536468392908579,0.5151515151515151,0.16239876883414886,-7.0921357902739235]}}
{"op_code":8,"worker_id":"52f0e5a1-8c6f-44df-b14e-97fec474b277-12024","trial_id":32,"user_attr":{"cv_oos_ics":[0.04111876338720322,-0.03521548956632614,-0.04823879897594452,0.005563236307352781,0.0063034482300281525,0.027934996411204338,0.06576491892337799,0.03145385906100273,0.05069786310195923,0.02363276295363903,0.011885338462889194,0.06249795854091644,0.011943099088966846,0.010647736489772797,0.032487500458955765]}}
{"op_code":8,"worker_id":"1aaffb24-4701-4991-a1da-de16662e1eaf-20880","trial_id":31,"user_attr":{"deflated_objective":-1.7605495540215097}}
{"op_code":8,"worker_id":"52f0e5a1-8c6f-44df-b14e-97fec474b277-12024","trial_id":32,"user_attr":{"reg_kappa":3.097290550339156}}
{"op_code":8,"worker_id":"df8930f1-66a0-434a-895d-f2c01221e729-31796","trial_id":24,"user_attr":{"gini":0.0}}
{"op_code":8,"worker_id":"52f0e5a1-8c6f-44df-b14e-97fec474b277-12024","trial_id":32,"user_attr":{"raw_metrics":[0.24455382267797046,0.02156251347806103,0.6,0.01806729551987744,0.06424242424242424,0.03931220504392373,-0.1246154073431363,-0.25127387046813965,0.43507575757575756]}}
{"op_code":9,"worker_id":"1aaffb24-4701-4991-a1da-de16662e1eaf-20880","trial_id":31,"system_attr":{"constraints":[-0.017541173834253597,-0.0350636316258692,0.0,0.22454545454545455,-0.04451783436423096,-84.0,-8.0,0.030323655181340187,0.09999999999999998,-1250.0878879600227,0.014924242424242451,0.030824372759856666]}}
{"op_code":8,"worker_id":"baa63237-c538-4790-b790-1c726c61b558-8896","trial_id":33,"user_attr":{"pruned_reasons":["M3 (Hit Rate < 60%)","M5 (Monotonicity <= 0.25)","Side-specific Yearly Tail IC Mean (-0.0004 <= 0)","Yearly Daily Win Rate (43.51% < 45%)","Side-specific Yearly Daily Win Rate (40.25% < 45%)"]}}
{"op_code":8,"worker_id":"df8930f1-66a0-434a-895d-f2c01221e729-31796","trial_id":24,"user_attr":{"cv_is_ics":[0.0,0.07609520852565765,0.040159981697797775,0.0,0.036744650453329086,0.04411344230175018,0.0,0.05951296165585518,0.0,0.056332338601350784,0.020569171756505966,0.05964960530400276,0.06269493699073792,0.03625994175672531,0.06655284017324448]}}
{"op_code":8,"worker_id":"df8930f1-66a0-434a-895d-f2c01221e729-31796","trial_id":24,"user_attr":{"cv_oos_ics":[0.0,-0.030447322875261307,0.014697381295263767,0.0,0.004284165799617767,-0.0049515170976519585,0.0,-0.02256486937403679,0.0,-0.022704988718032837,0.04308272898197174,-0.0270110871642828,-0.025603601709008217,-0.0021331890020519495,-0.00670205382630229]}}
{"op_code":6,"worker_id":"1aaffb24-4701-4991-a1da-de16662e1eaf-20880","trial_id":31,"state":1,"values":[-1.4084674500801349],"datetime_complete":"2026-07-14T11:41:50.937418"}
{"op_code":8,"worker_id":"baa63237-c538-4790-b790-1c726c61b558-8896","trial_id":33,"user_attr":{"gini":0.4605935889689232}}
{"op_code":8,"worker_id":"baa63237-c538-4790-b790-1c726c61b558-8896","trial_id":33,"user_attr":{"cv_is_ics":[0.103451207280159,0.10754328966140747,0.11799667775630951,0.1020263284444809,0.09639774262905121,0.0879780575633049,0.08221039175987244,0.09865998476743698,0.08753232657909393,0.08844602853059769,0.0754275992512703,0.05634894594550133,0.07416962832212448,0.06149207428097725,0.0773892030119896]}}
{"op_code":8,"worker_id":"baa63237-c538-4790-b790-1c726c61b558-8896","trial_id":33,"user_attr":{"cv_oos_ics":[0.041000738739967346,-0.03744296729564667,-0.053056444972753525,-0.0005442791734822094,0.006108803208917379,0.019099757075309753,0.06636913865804672,0.02869601547718048,0.05072976276278496,0.02440527267754078,0.006052060052752495,0.06377270072698593,0.011792187578976154,0.013902215287089348,0.027754057198762894]}}
{"op_code":8,"worker_id":"baa63237-c538-4790-b790-1c726c61b558-8896","trial_id":33,"user_attr":{"reg_kappa":3.096513607860985}}
{"op_code":4,"worker_id":"3106019e-8765-432e-9324-a79a8ed88a28-20880","study_id":0,"datetime_start":"2026-07-14T11:41:50.949326"}
{"op_code":8,"worker_id":"df8930f1-66a0-434a-895d-f2c01221e729-31796","trial_id":24,"user_attr":{"reg_kappa":2.7508994215050553}}
{"op_code":5,"worker_id":"3106019e-8765-432e-9324-a79a8ed88a28-20880","trial_id":35,"param_name":"k_weight","param_value_internal":0.48527514947666583,"distribution":"{\"name\": \"FloatDistribution\", \"attributes\": {\"step\": null, \"low\": 0.0, \"high\": 1.5, \"log\": false}}"}
{"op_code":8,"worker_id":"52f0e5a1-8c6f-44df-b14e-97fec474b277-12024","trial_id":32,"user_attr":{"val_metrics":[0.12667095181510013,0.019396359164142896,0.7090909090909091,0.16239876883414886,-7.277615232981253]}}
{"op_code":5,"worker_id":"3106019e-8765-432e-9324-a79a8ed88a28-20880","trial_id":35,"param_name":"unified_alpha","param_value_internal":0.00020039275020865136,"distribution":"{\"name\": \"FloatDistribution\", \"attributes\": {\"step\": null, \"low\": 1e-05, \"high\": 10.0, \"log\": true}}"}
{"op_code":8,"worker_id":"df8930f1-66a0-434a-895d-f2c01221e729-31796","trial_id":24,"user_attr":{"raw_metrics":[0.4695321444945127,0.041649484032166215,0.6,-0.0014051404683533594,0.013333333333333326,0.019852810367845083,-0.0,-0.0,0.43090909090909096]}}
{"op_code":8,"worker_id":"52f0e5a1-8c6f-44df-b14e-97fec474b277-12024","trial_id":32,"user_attr":{"deflated_objective":-1.803358204181491}}
{"op_code":8,"worker_id":"baa63237-c538-4790-b790-1c726c61b558-8896","trial_id":33,"user_attr":{"raw_metrics":[0.03797665166795284,0.0029574001103535494,0.4,0.017318037859533238,0.12,0.03612802899853847,-0.12443720902855072,-0.24619664251804352,0.43507575757575756]}}
{"op_code":8,"worker_id":"baa63237-c538-4790-b790-1c726c61b558-8896","trial_id":33,"user_attr":{"val_metrics":[0.12183717960815146,-0.054483582804955064,0.6848484848484848,0.17491988479780654,-7.312463535276814]}}
{"op_code":9,"worker_id":"52f0e5a1-8c6f-44df-b14e-97fec474b277-12024","trial_id":32,"system_attr":{"constraints":[-0.01806729551987744,-0.02156251347806103,0.0,0.18575757575757576,-0.03931220504392373,-91.0,-8.0,0.020536114184121775,0.09999999999999998,-1235.8312182082057,0.014924242424242451,0.041935483870967794]}}
{"op_code":6,"worker_id":"52f0e5a1-8c6f-44df-b14e-97fec474b277-12024","trial_id":32,"state":1,"values":[-1.45593902428949],"datetime_complete":"2026-07-14T11:41:50.966228"}
{"op_code":8,"worker_id":"7b3b4a1d-66ec-4d6f-aff4-65d961915f44-3216","trial_id":34,"user_attr":{"constraints":[-0.017306829060554595,-0.008547673451243682,0.0,0.13242424242424242,-0.05240389811472557,-96.0,-8.0,0.014180312055074867,-0.09999999999999998,-1225.7518883207074,0.014924242424242451,0.041935483870967794]}}
{"op_code":8,"worker_id":"7b3b4a1d-66ec-4d6f-aff4-65d961915f44-3216","trial_id":34,"user_attr":{"pruned_reasons":["M5 (Monotonicity <= 0.25)","Side-specific Yearly Tail IC Mean (-0.0142 <= 0)","Yearly Daily Win Rate (43.51% < 45%)","Side-specific Yearly Daily Win Rate (40.81% < 45%)"]}}
{"op_code":8,"worker_id":"7b3b4a1d-66ec-4d6f-aff4-65d961915f44-3216","trial_id":34,"user_attr":{"gini":0.4632153597084465}}
{"op_code":8,"worker_id":"baa63237-c538-4790-b790-1c726c61b558-8896","trial_id":33,"user_attr":{"deflated_objective":-1.8514412398793085}}
{"op_code":5,"worker_id":"3106019e-8765-432e-9324-a79a8ed88a28-20880","trial_id":35,"param_name":"unified_rho","param_value_internal":0.8768947775093221,"distribution":"{\"name\": \"FloatDistribution\", \"attributes\": {\"step\": null, \"low\": 0.0, \"high\": 1.0, \"log\": false}}"}
{"op_code":9,"worker_id":"baa63237-c538-4790-b790-1c726c61b558-8896","trial_id":33,"system_attr":{"constraints":[-0.017318037859533238,-0.0029574001103535494,0.19999999999999996,0.13,-0.03612802899853847,-91.0,-8.0,0.0004304738460336188,-0.09999999999999998,-1235.5103208037601,0.014924242424242451,0.04749103942652333]}}
{"op_code":6,"worker_id":"baa63237-c538-4790-b790-1c726c61b558-8896","trial_id":33,"state":1,"values":[-1.5023379416356513],"datetime_complete":"2026-07-14T11:41:50.979032"}
{"op_code":5,"worker_id":"3106019e-8765-432e-9324-a79a8ed88a28-20880","trial_id":35,"param_name":"unified_gamma","param_value_internal":8351.53026168003,"distribution":"{\"name\": \"FloatDistribution\", \"attributes\": {\"step\": null, \"low\": 1.5, \"high\": 10000.0, \"log\": true}}"}
{"op_code":5,"worker_id":"3106019e-8765-432e-9324-a79a8ed88a28-20880","trial_id":35,"param_name":"huber_delta","param_value_internal":4.7654443457574605,"distribution":"{\"name\": \"FloatDistribution\", \"attributes\": {\"step\": null, \"low\": 0.5, \"high\": 5.0, \"log\": false}}"}
{"op_code":4,"worker_id":"de5d4cd7-8a4b-4cff-b913-e208aa1822b8-8896","study_id":0,"datetime_start":"2026-07-14T11:41:50.986834"}
{"op_code":5,"worker_id":"de5d4cd7-8a4b-4cff-b913-e208aa1822b8-8896","trial_id":36,"param_name":"k_weight","param_value_internal":0.35442309775702036,"distribution":"{\"name\": \"FloatDistribution\", \"attributes\": {\"step\": null, \"low\": 0.0, \"high\": 1.5, \"log\": false}}"}
{"op_code":8,"worker_id":"7b3b4a1d-66ec-4d6f-aff4-65d961915f44-3216","trial_id":34,"user_attr":{"cv_is_ics":[0.10356687754392624,0.10866227000951767,0.11846912652254105,0.1033460944890976,0.09754323959350586,0.0881144255399704,0.08257801085710526,0.09964322298765182,0.08763441443443298,0.08972667902708054,0.0766848549246788,0.05862182751297951,0.07560623437166214,0.062025852501392365,0.07867871224880219]}}
{"op_code":5,"worker_id":"de5d4cd7-8a4b-4cff-b913-e208aa1822b8-8896","trial_id":36,"param_name":"unified_alpha","param_value_internal":0.00020311661861168335,"distribution":"{\"name\": \"FloatDistribution\", \"attributes\": {\"step\": null, \"low\": 1e-05, \"high\": 10.0, \"log\": true}}"}
{"op_code":8,"worker_id":"7b3b4a1d-66ec-4d6f-aff4-65d961915f44-3216","trial_id":34,"user_attr":{"cv_oos_ics":[0.04092727601528168,-0.03773302957415581,-0.05229818448424339,-0.001366321463137865,0.004433219321072102,0.01801784709095955,0.06625980138778687,0.02693447656929493,0.04965364187955856,0.025511035695672035,0.0038989682216197252,0.06036354973912239,0.012394980527460575,0.014504358172416687,0.026902643963694572]}}
{"op_code":8,"worker_id":"7b3b4a1d-66ec-4d6f-aff4-65d961915f44-3216","trial_id":34,"user_attr":{"reg_kappa":3.0720595857866884}}
{"op_code":8,"worker_id":"7b3b4a1d-66ec-4d6f-aff4-65d961915f44-3216","trial_id":34,"user_attr":{"raw_metrics":[0.10395556958149973,0.008547673451243682,0.6,0.017306829060554595,0.11757575757575758,0.05240389811472557,-0.11916974731567755,-0.23135975003242493,0.43507575757575756]}}
{"op_code":8,"worker_id":"a92d5959-eca9-4c0f-b187-e77c39bf039f-27064","trial_id":5,"user_attr":{"val_metrics":[0.1086678252832632,-0.2793234368124403,0.6242424242424243,0.09811258653489252,-5.736442059262897]}}
{"op_code":8,"worker_id":"7b3b4a1d-66ec-4d6f-aff4-65d961915f44-3216","trial_id":34,"user_attr":{"val_metrics":[0.11873897079451803,0.01596319718798006,0.8545454545454545,0.15783615549094976,-7.31947229187611]}}
{"op_code":8,"worker_id":"a92d5959-eca9-4c0f-b187-e77c39bf039f-27064","trial_id":5,"user_attr":{"deflated_objective":-1.2982875079123986}}
{"op_code":8,"worker_id":"7b3b4a1d-66ec-4d6f-aff4-65d961915f44-3216","trial_id":34,"user_attr":{"deflated_objective":-1.7946455157392749}}
{"op_code":9,"worker_id":"7b3b4a1d-66ec-4d6f-aff4-65d961915f44-3216","trial_id":34,"system_attr":{"constraints":[-0.017306829060554595,-0.008547673451243682,0.0,0.13242424242424242,-0.05240389811472557,-96.0,-8.0,0.014180312055074867,-0.09999999999999998,-1225.7518883207074,0.014924242424242451,0.041935483870967794]}}
{"op_code":6,"worker_id":"7b3b4a1d-66ec-4d6f-aff4-65d961915f44-3216","trial_id":34,"state":1,"values":[-1.4603028561940654],"datetime_complete":"2026-07-14T11:41:51.009350"}
{"op_code":5,"worker_id":"de5d4cd7-8a4b-4cff-b913-e208aa1822b8-8896","trial_id":36,"param_name":"unified_rho","param_value_internal":0.8630443086073161,"distribution":"{\"name\": \"FloatDistribution\", \"attributes\": {\"step\": null, \"low\": 0.0, \"high\": 1.0, \"log\": false}}"}
{"op_code":9,"worker_id":"a92d5959-eca9-4c0f-b187-e77c39bf039f-27064","trial_id":5,"system_attr":{"constraints":[-0.02033514128142887,-0.04815142492745757,0.0,0.10575757575757577,-0.1367695943637634,-55.0,-8.0,-0.06386246303229226,-0.09999999999999998,-1331.8923389875401,-0.009999999999999953,0.029032258064516203]}}
{"op_code":5,"worker_id":"de5d4cd7-8a4b-4cff-b913-e208aa1822b8-8896","trial_id":36,"param_name":"unified_gamma","param_value_internal":1135.8879187161308,"distribution":"{\"name\": \"FloatDistribution\", \"attributes\": {\"step\": null, \"low\": 1.5, \"high\": 10000.0, \"log\": true}}"}
{"op_code":6,"worker_id":"a92d5959-eca9-4c0f-b187-e77c39bf039f-27064","trial_id":5,"state":1,"values":[-0.9692428343794829],"datetime_complete":"2026-07-14T11:41:51.015906"}
{"op_code":5,"worker_id":"de5d4cd7-8a4b-4cff-b913-e208aa1822b8-8896","trial_id":36,"param_name":"huber_delta","param_value_internal":4.41011948661072,"distribution":"{\"name\": \"FloatDistribution\", \"attributes\": {\"step\": null, \"low\": 0.5, \"high\": 5.0, \"log\": false}}"}
{"op_code":5,"worker_id":"e4f008e7-9128-4c6d-a821-ceb02e8b7a6c-4680","trial_id":29,"param_name":"unified_rho","param_value_internal":0.9396230484112514,"distribution":"{\"name\": \"FloatDistribution\", \"attributes\": {\"step\": null, \"low\": 0.0, \"high\": 1.0, \"log\": false}}"}
{"op_code":5,"worker_id":"e4f008e7-9128-4c6d-a821-ceb02e8b7a6c-4680","trial_id":29,"param_name":"unified_gamma","param_value_internal":2.002887968623126,"distribution":"{\"name\": \"FloatDistribution\", \"attributes\": {\"step\": null, \"low\": 1.5, \"high\": 10000.0, \"log\": true}}"}
{"op_code":5,"worker_id":"e4f008e7-9128-4c6d-a821-ceb02e8b7a6c-4680","trial_id":29,"param_name":"huber_delta","param_value_internal":3.682658321747561,"distribution":"{\"name\": \"FloatDistribution\", \"attributes\": {\"step\": null, \"low\": 0.5, \"high\": 5.0, \"log\": false}}"}
{"op_code":8,"worker_id":"3106019e-8765-432e-9324-a79a8ed88a28-20880","trial_id":35,"user_attr":{"constraints":[-0.017383099782065713,-0.005520964457096529,0.19999999999999996,0.10090909090909092,-0.023569524887538,-93.0,-8.0,-0.014308078069937658,-0.30000000000000004,-1231.7085076153935,0.014924242424242451,0.053046594982078865]}}
{"op_code":8,"worker_id":"3106019e-8765-432e-9324-a79a8ed88a28-20880","trial_id":35,"user_attr":{"pruned_reasons":["M3 (Hit Rate < 60%)","M5 (Monotonicity <= 0.25)","Yearly Daily Win Rate (43.51% < 45%)","Side-specific Yearly Daily Win Rate (39.70% < 45%)"]}}
{"op_code":5,"worker_id":"18e0b165-0219-4f50-9106-4c55abc4b266-19068","trial_id":3,"param_name":"unified_gamma","param_value_internal":33.11860795398065,"distribution":"{\"name\": \"FloatDistribution\", \"attributes\": {\"step\": null, \"low\": 1.5, \"high\": 10000.0, \"log\": true}}"}
{"op_code":8,"worker_id":"3106019e-8765-432e-9324-a79a8ed88a28-20880","trial_id":35,"user_attr":{"gini":0.46188290277424837}}
{"op_code":5,"worker_id":"18e0b165-0219-4f50-9106-4c55abc4b266-19068","trial_id":3,"param_name":"huber_delta","param_value_internal":3.6842231221658643,"distribution":"{\"name\": \"FloatDistribution\", \"attributes\": {\"step\": null, \"low\": 0.5, \"high\": 5.0, \"log\": false}}"}
{"op_code":8,"worker_id":"3106019e-8765-432e-9324-a79a8ed88a28-20880","trial_id":35,"user_attr":{"cv_is_ics":[0.10354169458150864,0.10801591724157333,0.11804476380348206,0.1029653325676918,0.09712451696395874,0.08841512352228165,0.08263123035430908,0.09982097148895264,0.08762239664793015,0.08868353068828583,0.07608189433813095,0.057213567197322845,0.0741865262389183,0.061390671879053116,0.07855255901813507]}}
{"op_code":8,"worker_id":"3106019e-8765-432e-9324-a79a8ed88a28-20880","trial_id":35,"user_attr":{"cv_oos_ics":[0.040591709315776825,-0.038298897445201874,-0.05238417536020279,-0.00023775731096975505,0.006069845985621214,0.01906023547053337,0.06580407172441483,0.02866668812930584,0.050578027963638306,0.025335164740681648,0.004429266322404146,0.062477946281433105,0.012448511086404324,0.013292450457811356,0.027686305344104767]}}
{"op_code":8,"worker_id":"3106019e-8765-432e-9324-a79a8ed88a28-20880","trial_id":35,"user_attr":{"reg_kappa":3.086872023278452}}
{"op_code":8,"worker_id":"3106019e-8765-432e-9324-a79a8ed88a28-20880","trial_id":35,"user_attr":{"raw_metrics":[0.07112342545151716,0.005520964457096529,0.4,0.017383099782065713,0.14909090909090908,0.023569524887538,-0.12234994533179011,-0.2397485077381134,0.43507575757575756]}}
{"op_code":8,"worker_id":"3106019e-8765-432e-9324-a79a8ed88a28-20880","trial_id":35,"user_attr":{"val_metrics":[0.12073652086506534,-0.04933971177254182,0.6121212121212121,0.17491988479780654,-7.256538469563342]}}
{"op_code":8,"worker_id":"3106019e-8765-432e-9324-a79a8ed88a28-20880","trial_id":35,"user_attr":{"deflated_objective":-1.8050511029102076}}
{"op_code":9,"worker_id":"3106019e-8765-432e-9324-a79a8ed88a28-20880","trial_id":35,"system_attr":{"constraints":[-0.017383099782065713,-0.005520964457096529,0.19999999999999996,0.10090909090909092,-0.023569524887538,-93.0,-8.0,-0.014308078069937658,-0.30000000000000004,-1231.7085076153935,0.014924242424242451,0.053046594982078865]}}
{"op_code":4,"worker_id":"5066a0fe-359f-4a9a-8666-32b8af4e6c94-12024","study_id":0,"datetime_start":"2026-07-14T11:41:51.054375"}
{"op_code":6,"worker_id":"3106019e-8765-432e-9324-a79a8ed88a28-20880","trial_id":35,"state":1,"values":[-1.4852931600860375],"datetime_complete":"2026-07-14T11:41:51.054757"}
{"op_code":5,"worker_id":"5066a0fe-359f-4a9a-8666-32b8af4e6c94-12024","trial_id":37,"param_name":"k_weight","param_value_internal":1.0329649474203737,"distribution":"{\"name\": \"FloatDistribution\", \"attributes\": {\"step\": null, \"low\": 0.0, \"high\": 1.5, \"log\": false}}"}
{"op_code":8,"worker_id":"de5d4cd7-8a4b-4cff-b913-e208aa1822b8-8896","trial_id":36,"user_attr":{"constraints":[-0.018339646858722504,-0.004473486067871269,0.0,0.10818181818181818,-0.07409004523107596,-102.0,-8.0,0.04080524886502116,0.09999999999999998,-1212.5773138237453,0.014924242424242451,0.0363799283154122]}}
{"op_code":5,"worker_id":"5066a0fe-359f-4a9a-8666-32b8af4e6c94-12024","trial_id":37,"param_name":"unified_alpha","param_value_internal":8.268857267070786e-05,"distribution":"{\"name\": \"FloatDistribution\", \"attributes\": {\"step\": null, \"low\": 1e-05, \"high\": 10.0, \"log\": true}}"}
{"op_code":8,"worker_id":"de5d4cd7-8a4b-4cff-b913-e208aa1822b8-8896","trial_id":36,"user_attr":{"pruned_reasons":["M5 (Monotonicity <= 0.25)","Side-specific Yearly Tail IC Mean (-0.0408 <= 0)","Side-specific Hit Rate (40.00% < 50%)","Yearly Daily Win Rate (43.51% < 45%)","Side-specific Yearly Daily Win Rate (41.36% < 45%)"]}}
{"op_code":5,"worker_id":"5066a0fe-359f-4a9a-8666-32b8af4e6c94-12024","trial_id":37,"param_name":"unified_rho","param_value_internal":0.558265304748062,"distribution":"{\"name\": \"FloatDistribution\", \"attributes\": {\"step\": null, \"low\": 0.0, \"high\": 1.0, \"log\": false}}"}
{"op_code":4,"worker_id":"61934626-072e-4a03-b2e6-0dff9e0c83b2-20880","study_id":0,"datetime_start":"2026-07-14T11:41:51.062952"}
{"op_code":8,"worker_id":"de5d4cd7-8a4b-4cff-b913-e208aa1822b8-8896","trial_id":36,"user_attr":{"gini":0.46826361241117453}}
{"op_code":5,"worker_id":"61934626-072e-4a03-b2e6-0dff9e0c83b2-20880","trial_id":38,"param_name":"k_weight","param_value_internal":1.0121061347553912,"distribution":"{\"name\": \"FloatDistribution\", \"attributes\": {\"step\": null, \"low\": 0.0, \"high\": 1.5, \"log\": false}}"}
{"op_code":8,"worker_id":"de5d4cd7-8a4b-4cff-b913-e208aa1822b8-8896","trial_id":36,"user_attr":{"cv_is_ics":[0.1042812317609787,0.1103382483124733,0.11891533434391022,0.10530291497707367,0.09950462728738785,0.089603953063488,0.08369661867618561,0.1022024005651474,0.08887308090925217,0.09135515242815018,0.07859277725219727,0.061452385038137436,0.07605443149805069,0.06264244765043259,0.08298283815383911]}}
{"op_code":8,"worker_id":"de5d4cd7-8a4b-4cff-b913-e208aa1822b8-8896","trial_id":36,"user_attr":{"cv_oos_ics":[0.041918739676475525,-0.03722531348466873,-0.0514347106218338,0.0012225281680002809,0.0036096128169447184,0.016311917454004288,0.06638864427804947,0.027134934440255165,0.04951474815607071,0.027140604332089424,0.004952647723257542,0.056230053305625916,0.014747922308743,0.014323264360427856,0.022866055369377136]}}
{"op_code":8,"worker_id":"18e0b165-0219-4f50-9106-4c55abc4b266-19068","trial_id":3,"user_attr":{"constraints":[0.001680989430256872,0.04330939299337202,0.39999999999999997,0.3009090909090909,0.11299034715887335,-125.0,5.0,-0.03063044136515075,0.3,-1192.0525633660409,0.06893939393939397,0.11236559139784946]}}
{"op_code":8,"worker_id":"e4f008e7-9128-4c6d-a821-ceb02e8b7a6c-4680","trial_id":29,"user_attr":{"constraints":[-0.017624989118351544,-0.027069043472936448,0.0,0.13484848484848486,-0.017698290532890265,-93.0,-8.0,0.008662318458333637,0.09999999999999998,-1230.604136878742,0.01416666666666666,0.041935483870967794]}}
{"op_code":8,"worker_id":"e4f008e7-9128-4c6d-a821-ceb02e8b7a6c-4680","trial_id":29,"user_attr":{"pruned_reasons":["M5 (Monotonicity <= 0.25)","Side-specific Yearly Tail IC Mean (-0.0087 <= 0)","Side-specific Hit Rate (40.00% < 50%)","Yearly Daily Win Rate (43.58% < 45%)","Side-specific Yearly Daily Win Rate (40.81% < 45%)"]}}
{"op_code":8,"worker_id":"e4f008e7-9128-4c6d-a821-ceb02e8b7a6c-4680","trial_id":29,"user_attr":{"gini":0.4551496256339822}}
{"op_code":8,"worker_id":"18e0b165-0219-4f50-9106-4c55abc4b266-19068","trial_id":3,"user_attr":{"pruned_reasons":["M4 (Overall IC <= 0)","M2 (Yearly Tail IC Mean <= 0)","M3 (Hit Rate < 60%)","M5 (Monotonicity <= 0.25)","M6 (Top-Bottom Spread <= 0)","Active features count (0) is less than active feature floor (5)","Side-specific Hit Rate (20.00% < 50%)","Yearly Daily Win Rate (38.11% < 45%)","Side-specific Yearly Daily Win Rate (33.76% < 45%)"]}}
{"op_code":8,"worker_id":"18e0b165-0219-4f50-9106-4c55abc4b266-19068","trial_id":3,"user_attr":{"gini":0.0}}
{"op_code":8,"worker_id":"18e0b165-0219-4f50-9106-4c55abc4b266-19068","trial_id":3,"user_attr":{"cv_is_ics":[0.0,0.0,0.0,0.0,0.0,0.0,0.0,0.0,0.0,0.0,0.0,0.0,0.0,0.0,0.0]}}
{"op_code":8,"worker_id":"e4f008e7-9128-4c6d-a821-ceb02e8b7a6c-4680","trial_id":29,"user_attr":{"cv_is_ics":[0.10375846922397614,0.10825689882040024,0.11768218129873276,0.10604258626699448,0.10194960981607437,0.08911832422018051,0.08007272332906723,0.10250484198331833,0.08834820240736008,0.08781253546476364,0.0768684595823288,0.05918154492974281,0.0760468989610672,0.062338199466466904,0.08140333741903305]}}
{"op_code":8,"worker_id":"18e0b165-0219-4f50-9106-4c55abc4b266-19068","trial_id":3,"user_attr":{"cv_oos_ics":[0.0,0.0,0.0,0.0,0.0,0.0,0.0,0.0,0.0,0.0,0.0,0.0,0.0,0.0,0.0]}}
{"op_code":8,"worker_id":"18e0b165-0219-4f50-9106-4c55abc4b266-19068","trial_id":3,"user_attr":{"reg_kappa":1.435271564378978}}
{"op_code":8,"worker_id":"df8930f1-66a0-434a-895d-f2c01221e729-31796","trial_id":24,"user_attr":{"val_metrics":[0.0,0.0,0.12727272727272726,0.09160962854822477,-4.432025928359728]}}
{"op_code":8,"worker_id":"de5d4cd7-8a4b-4cff-b913-e208aa1822b8-8896","trial_id":36,"user_attr":{"reg_kappa":3.038912372543897}}
{"op_code":8,"worker_id":"de5d4cd7-8a4b-4cff-b913-e208aa1822b8-8896","trial_id":36,"user_attr":{"raw_metrics":[0.05350591319621865,0.004473486067871269,0.6,0.018339646858722504,0.14181818181818182,0.07409004523107596,-0.11256539228035332,-0.20979095995426178,0.43507575757575756]}}
{"op_code":8,"worker_id":"18e0b165-0219-4f50-9106-4c55abc4b266-19068","trial_id":3,"user_attr":{"raw_metrics":[-0.4599113172008056,-0.04330939299337202,0.2,-0.001680989430256872,-0.050909090909090904,-0.11299034715887335,-0.0,-0.0,0.38106060606060604]}}
{"op_code":8,"worker_id":"18e0b165-0219-4f50-9106-4c55abc4b266-19068","trial_id":3,"user_attr":{"val_metrics":[0.0,0.0,0.12727272727272726,0.09160962854822477,-4.432025928359728]}}
{"op_code":8,"worker_id":"df8930f1-66a0-434a-895d-f2c01221e729-31796","trial_id":24,"user_attr":{"deflated_objective":-0.7196957497492448}}
{"op_code":9,"worker_id":"df8930f1-66a0-434a-895d-f2c01221e729-31796","trial_id":24,"system_attr":{"constraints":[0.0014051404683533594,-0.041649484032166215,0.0,0.23666666666666666,-0.019852810367845083,-126.0,5.0,-0.1349640579858796,-0.5,-1189.7012452012978,0.019090909090909047,0.01276881720430112]}}
{"op_code":8,"worker_id":"18e0b165-0219-4f50-9106-4c55abc4b266-19068","trial_id":3,"user_attr":{"deflated_objective":-0.7196957497492448}}
{"op_code":6,"worker_id":"df8930f1-66a0-434a-895d-f2c01221e729-31796","trial_id":24,"state":1,"values":[-0.39631075957582834],"datetime_complete":"2026-07-14T11:41:51.101812"}
{"op_code":8,"worker_id":"de5d4cd7-8a4b-4cff-b913-e208aa1822b8-8896","trial_id":36,"user_attr":{"val_metrics":[0.11762100362230547,0.020098060147225927,0.8181818181818182,0.15783615549094976,-7.171159355465431]}}
{"op_code":4,"worker_id":"7562ec88-4f4e-46cc-8827-bed5581de2b7-27064","study_id":0,"datetime_start":"2026-07-14T11:41:51.106723"}
{"op_code":4,"worker_id":"6e059341-a62d-4a36-b2c7-f9beff8f6376-3216","study_id":0,"datetime_start":"2026-07-14T11:41:51.104011"}
{"op_code":4,"worker_id":"20a3be1f-9028-4cb6-9817-138300f6f93e-31796","study_id":0,"datetime_start":"2026-07-14T11:41:51.109759"}
{"op_code":5,"worker_id":"6e059341-a62d-4a36-b2c7-f9beff8f6376-3216","trial_id":40,"param_name":"k_weight","param_value_internal":1.0513417678561674,"distribution":"{\"name\": \"FloatDistribution\", \"attributes\": {\"step\": null, \"low\": 0.0, \"high\": 1.5, \"log\": false}}"}
{"op_code":9,"worker_id":"18e0b165-0219-4f50-9106-4c55abc4b266-19068","trial_id":3,"system_attr":{"constraints":[0.001680989430256872,0.04330939299337202,0.39999999999999997,0.3009090909090909,0.11299034715887335,-125.0,5.0,-0.03063044136515075,0.3,-1192.0525633660409,0.06893939393939397,0.11236559139784946]}}
{"op_code":5,"worker_id":"7562ec88-4f4e-46cc-8827-bed5581de2b7-27064","trial_id":39,"param_name":"k_weight","param_value_internal":1.0217776909539837,"distribution":"{\"name\": \"FloatDistribution\", \"attributes\": {\"step\": null, \"low\": 0.0, \"high\": 1.5, \"log\": false}}"}
{"op_code":5,"worker_id":"20a3be1f-9028-4cb6-9817-138300f6f93e-31796","trial_id":41,"param_name":"k_weight","param_value_internal":0.9385388721101298,"distribution":"{\"name\": \"FloatDistribution\", \"attributes\": {\"step\": null, \"low\": 0.0, \"high\": 1.5, \"log\": false}}"}
{"op_code":6,"worker_id":"18e0b165-0219-4f50-9106-4c55abc4b266-19068","trial_id":3,"state":1,"values":[-0.39631075957582834],"datetime_complete":"2026-07-14T11:41:51.114770"}
{"op_code":5,"worker_id":"20a3be1f-9028-4cb6-9817-138300f6f93e-31796","trial_id":41,"param_name":"unified_alpha","param_value_internal":5.780657727549053e-05,"distribution":"{\"name\": \"FloatDistribution\", \"attributes\": {\"step\": null, \"low\": 1e-05, \"high\": 10.0, \"log\": true}}"}
{"op_code":5,"worker_id":"20a3be1f-9028-4cb6-9817-138300f6f93e-31796","trial_id":41,"param_name":"unified_rho","param_value_internal":0.7781730544491433,"distribution":"{\"name\": \"FloatDistribution\", \"attributes\": {\"step\": null, \"low\": 0.0, \"high\": 1.0, \"log\": false}}"}
{"op_code":5,"worker_id":"6e059341-a62d-4a36-b2c7-f9beff8f6376-3216","trial_id":40,"param_name":"unified_alpha","param_value_internal":4.58657225283977e-05,"distribution":"{\"name\": \"FloatDistribution\", \"attributes\": {\"step\": null, \"low\": 1e-05, \"high\": 10.0, \"log\": true}}"}
{"op_code":5,"worker_id":"20a3be1f-9028-4cb6-9817-138300f6f93e-31796","trial_id":41,"param_name":"unified_gamma","param_value_internal":391.788451547877,"distribution":"{\"name\": \"FloatDistribution\", \"attributes\": {\"step\": null, \"low\": 1.5, \"high\": 10000.0, \"log\": true}}"}
{"op_code":5,"worker_id":"6e059341-a62d-4a36-b2c7-f9beff8f6376-3216","trial_id":40,"param_name":"unified_rho","param_value_internal":0.8153026334375506,"distribution":"{\"name\": \"FloatDistribution\", \"attributes\": {\"step\": null, \"low\": 0.0, \"high\": 1.0, \"log\": false}}"}
{"op_code":5,"worker_id":"20a3be1f-9028-4cb6-9817-138300f6f93e-31796","trial_id":41,"param_name":"huber_delta","param_value_internal":4.369641905665423,"distribution":"{\"name\": \"FloatDistribution\", \"attributes\": {\"step\": null, \"low\": 0.5, \"high\": 5.0, \"log\": false}}"}
{"op_code":5,"worker_id":"6e059341-a62d-4a36-b2c7-f9beff8f6376-3216","trial_id":40,"param_name":"unified_gamma","param_value_internal":364.86954059527767,"distribution":"{\"name\": \"FloatDistribution\", \"attributes\": {\"step\": null, \"low\": 1.5, \"high\": 10000.0, \"log\": true}}"}
{"op_code":5,"worker_id":"6e059341-a62d-4a36-b2c7-f9beff8f6376-3216","trial_id":40,"param_name":"huber_delta","param_value_internal":4.264087893650299,"distribution":"{\"name\": \"FloatDistribution\", \"attributes\": {\"step\": null, \"low\": 0.5, \"high\": 5.0, \"log\": false}}"}
{"op_code":5,"worker_id":"5066a0fe-359f-4a9a-8666-32b8af4e6c94-12024","trial_id":37,"param_name":"unified_gamma","param_value_internal":386.643841342392,"distribution":"{\"name\": \"FloatDistribution\", \"attributes\": {\"step\": null, \"low\": 1.5, \"high\": 10000.0, \"log\": true}}"}
{"op_code":5,"worker_id":"7562ec88-4f4e-46cc-8827-bed5581de2b7-27064","trial_id":39,"param_name":"unified_alpha","param_value_internal":5.690433535476865e-05,"distribution":"{\"name\": \"FloatDistribution\", \"attributes\": {\"step\": null, \"low\": 1e-05, \"high\": 10.0, \"log\": true}}"}
{"op_code":5,"worker_id":"b5e73897-776e-465a-a03e-71b137c62123-16052","trial_id":25,"param_name":"unified_rho","param_value_internal":0.51189798245863,"distribution":"{\"name\": \"FloatDistribution\", \"attributes\": {\"step\": null, \"low\": 0.0, \"high\": 1.0, \"log\": false}}"}
{"op_code":5,"worker_id":"5066a0fe-359f-4a9a-8666-32b8af4e6c94-12024","trial_id":37,"param_name":"huber_delta","param_value_internal":4.3562333715247865,"distribution":"{\"name\": \"FloatDistribution\", \"attributes\": {\"step\": null, \"low\": 0.5, \"high\": 5.0, \"log\": false}}"}
{"op_code":5,"worker_id":"7562ec88-4f4e-46cc-8827-bed5581de2b7-27064","trial_id":39,"param_name":"unified_rho","param_value_internal":0.7840575443938116,"distribution":"{\"name\": \"FloatDistribution\", \"attributes\": {\"step\": null, \"low\": 0.0, \"high\": 1.0, \"log\": false}}"}
{"op_code":5,"worker_id":"b5e73897-776e-465a-a03e-71b137c62123-16052","trial_id":25,"param_name":"unified_gamma","param_value_internal":323.3398288040007,"distribution":"{\"name\": \"FloatDistribution\", \"attributes\": {\"step\": null, \"low\": 1.5, \"high\": 10000.0, \"log\": true}}"}
{"op_code":5,"worker_id":"b5e73897-776e-465a-a03e-71b137c62123-16052","trial_id":25,"param_name":"huber_delta","param_value_internal":2.718450426250363,"distribution":"{\"name\": \"FloatDistribution\", \"attributes\": {\"step\": null, \"low\": 0.5, \"high\": 5.0, \"log\": false}}"}
{"op_code":5,"worker_id":"7562ec88-4f4e-46cc-8827-bed5581de2b7-27064","trial_id":39,"param_name":"unified_gamma","param_value_internal":343.6546117770817,"distribution":"{\"name\": \"FloatDistribution\", \"attributes\": {\"step\": null, \"low\": 1.5, \"high\": 10000.0, \"log\": true}}"}
{"op_code":5,"worker_id":"7562ec88-4f4e-46cc-8827-bed5581de2b7-27064","trial_id":39,"param_name":"huber_delta","param_value_internal":4.288200006740647,"distribution":"{\"name\": \"FloatDistribution\", \"attributes\": {\"step\": null, \"low\": 0.5, \"high\": 5.0, \"log\": false}}"}
{"op_code":8,"worker_id":"e4f008e7-9128-4c6d-a821-ceb02e8b7a6c-4680","trial_id":29,"user_attr":{"cv_oos_ics":[0.0413832850754261,-0.034726548939943314,-0.04750645160675049,0.007998754270374775,0.005346173420548439,0.027974236756563187,0.06607471406459808,0.03163338452577591,0.051911041140556335,0.025668134912848473,0.01267111673951149,0.061067741364240646,0.013213320635259151,0.01001708209514618,0.02994723618030548]}}
{"op_code":8,"worker_id":"e4f008e7-9128-4c6d-a821-ceb02e8b7a6c-4680","trial_id":29,"user_attr":{"reg_kappa":3.0842176134454378}}
{"op_code":8,"worker_id":"e4f008e7-9128-4c6d-a821-ceb02e8b7a6c-4680","trial_id":29,"user_attr":{"raw_metrics":[0.2748671582263983,0.027069043472936448,0.6,0.017624989118351544,0.11515151515151514,0.017698290532890265,-0.1217519883153715,-0.24384906888008118,0.43583333333333335]}}
{"op_code":8,"worker_id":"e4f008e7-9128-4c6d-a821-ceb02e8b7a6c-4680","trial_id":29,"user_attr":{"val_metrics":[0.12651674944651908,0.024733694152041158,0.7696969696969697,0.16239876883414886,-7.0614064796391]}}
{"op_code":8,"worker_id":"e4f008e7-9128-4c6d-a821-ceb02e8b7a6c-4680","trial_id":29,"user_attr":{"deflated_objective":-1.8692323978767709}}
{"op_code":9,"worker_id":"e4f008e7-9128-4c6d-a821-ceb02e8b7a6c-4680","trial_id":29,"system_attr":{"constraints":[-0.017624989118351544,-0.027069043472936448,0.0,0.13484848484848486,-0.017698290532890265,-93.0,-8.0,0.008662318458333637,0.09999999999999998,-1230.604136878742,0.01416666666666666,0.041935483870967794]}}
{"op_code":6,"worker_id":"e4f008e7-9128-4c6d-a821-ceb02e8b7a6c-4680","trial_id":29,"state":1,"values":[-1.3612754031431882],"datetime_complete":"2026-07-14T11:41:51.165486"}
{"op_code":8,"worker_id":"6e059341-a62d-4a36-b2c7-f9beff8f6376-3216","trial_id":40,"user_attr":{"constraints":[-0.017816179190209776,-0.027594507028958458,0.0,0.1106060606060606,-0.05692562690140979,-52.0,-8.0,0.045889551112511265,0.3,-1340.289738292338,0.0165909090909091,0.03458781362007174]}}
{"op_code":8,"worker_id":"6e059341-a62d-4a36-b2c7-f9beff8f6376-3216","trial_id":40,"user_attr":{"pruned_reasons":["M5 (Monotonicity <= 0.25)","Side-specific Yearly Tail IC Mean (-0.0459 <= 0)","Side-specific Hit Rate (20.00% < 50%)","Yearly Daily Win Rate (43.34% < 45%)","Side-specific Yearly Daily Win Rate (41.54% < 45%)"]}}
{"op_code":4,"worker_id":"aef31265-d1dc-4781-9c42-e13c11248d78-4680","study_id":0,"datetime_start":"2026-07-14T11:41:51.171463"}
{"op_code":8,"worker_id":"de5d4cd7-8a4b-4cff-b913-e208aa1822b8-8896","trial_id":36,"user_attr":{"deflated_objective":-1.899109344616278}}
{"op_code":5,"worker_id":"aef31265-d1dc-4781-9c42-e13c11248d78-4680","trial_id":42,"param_name":"k_weight","param_value_internal":1.0269701552946466,"distribution":"{\"name\": \"FloatDistribution\", \"attributes\": {\"step\": null, \"low\": 0.0, \"high\": 1.5, \"log\": false}}"}
{"op_code":8,"worker_id":"6e059341-a62d-4a36-b2c7-f9beff8f6376-3216","trial_id":40,"user_attr":{"gini":0.40717010908238893}}
{"op_code":9,"worker_id":"de5d4cd7-8a4b-4cff-b913-e208aa1822b8-8896","trial_id":36,"system_attr":{"constraints":[-0.018339646858722504,-0.004473486067871269,0.0,0.10818181818181818,-0.07409004523107596,-102.0,-8.0,0.04080524886502116,0.09999999999999998,-1212.5773138237453,0.014924242424242451,0.0363799283154122]}}
{"op_code":8,"worker_id":"20a3be1f-9028-4cb6-9817-138300f6f93e-31796","trial_id":41,"user_attr":{"constraints":[-0.018277999874866408,-0.02277105555827017,0.0,0.08636363636363636,-0.0879287335153637,-60.0,-8.0,0.07921221845320517,0.3,-1315.6810255936284,0.01234848484848483,0.029032258064516203]}}
{"op_code":8,"worker_id":"20a3be1f-9028-4cb6-9817-138300f6f93e-31796","trial_id":41,"user_attr":{"pruned_reasons":["M5 (Monotonicity <= 0.25)","Side-specific Yearly Tail IC Mean (-0.0792 <= 0)","Side-specific Hit Rate (20.00% < 50%)","Yearly Daily Win Rate (43.77% < 45%)","Side-specific Yearly Daily Win Rate (42.10% < 45%)"]}}
{"op_code":8,"worker_id":"6e059341-a62d-4a36-b2c7-f9beff8f6376-3216","trial_id":40,"user_attr":{"cv_is_ics":[0.10037969052791595,0.102260522544384,0.11466766148805618,0.10243299603462219,0.09493783116340637,0.08488555252552032,0.07699169218540192,0.09424886107444763,0.08304835110902786,0.08222123980522156,0.06870786845684052,0.04828919470310211,0.07211557030677795,0.06199837476015091,0.06932957470417023]}}
{"op_code":6,"worker_id":"de5d4cd7-8a4b-4cff-b913-e208aa1822b8-8896","trial_id":36,"state":1,"values":[-1.4030718968054032],"datetime_complete":"2026-07-14T11:41:51.182105"}
{"op_code":8,"worker_id":"6e059341-a62d-4a36-b2c7-f9beff8f6376-3216","trial_id":40,"user_attr":{"cv_oos_ics":[0.03579613193869591,-0.028050467371940613,-0.04724577069282532,0.004323339089751244,0.00810536090284586,0.03648483380675316,0.06510831415653229,0.038675129413604736,0.05956486240029335,0.01978446915745735,0.024602187797427177,0.07261807471513748,0.008075914345681667,0.011996559798717499,0.049486540257930756]}}
{"op_code":8,"worker_id":"6e059341-a62d-4a36-b2c7-f9beff8f6376-3216","trial_id":40,"user_attr":{"reg_kappa":3.359076862691332}}
{"op_code":8,"worker_id":"6e059341-a62d-4a36-b2c7-f9beff8f6376-3216","trial_id":40,"user_attr":{"raw_metrics":[0.25294051611473506,0.027594507028958458,0.6,0.017816179190209776,0.1393939393939394,0.05692562690140979,-0.19744850792152843,-0.39446043968200684,0.4334090909090909]}}
{"op_code":8,"worker_id":"6e059341-a62d-4a36-b2c7-f9beff8f6376-3216","trial_id":40,"user_attr":{"val_metrics":[0.13418123656241976,-0.06804662629643979,0.5151515151515151,0.07706789907999337,-6.303327100504696]}}
{"op_code":8,"worker_id":"b5e73897-776e-465a-a03e-71b137c62123-16052","trial_id":25,"user_attr":{"constraints":[-0.023401964050658232,-0.059748042019262114,-0.20000000000000007,0.13242424242424242,-0.10833903508477752,-61.0,-5.0,-0.0038284319830809363,0.09999999999999998,-1321.1583121265103,-0.013333333333333253,0.01236559139784943]}}
{"op_code":8,"worker_id":"b5e73897-776e-465a-a03e-71b137c62123-16052","trial_id":25,"user_attr":{"pruned_reasons":["M5 (Monotonicity <= 0.25)","Side-specific Hit Rate (40.00% < 50%)","Side-specific Yearly Daily Win Rate (43.76% < 45%)"]}}
{"op_code":8,"worker_id":"6e059341-a62d-4a36-b2c7-f9beff8f6376-3216","trial_id":40,"user_attr":{"deflated_objective":-1.5998742189634918}}
{"op_code":8,"worker_id":"5066a0fe-359f-4a9a-8666-32b8af4e6c94-12024","trial_id":37,"user_attr":{"constraints":[-0.018008855975020326,-0.029670172269467505,0.0,0.1275757575757576,-0.09017161956193225,-53.0,-8.0,0.04508818523050022,0.3,-1336.1805992558834,0.012424242424242393,0.03458781362007174]}}
{"op_code":8,"worker_id":"5066a0fe-359f-4a9a-8666-32b8af4e6c94-12024","trial_id":37,"user_attr":{"pruned_reasons":["M5 (Monotonicity <= 0.25)","Side-specific Yearly Tail IC Mean (-0.0451 <= 0)","Side-specific Hit Rate (20.00% < 50%)","Yearly Daily Win Rate (43.76% < 45%)","Side-specific Yearly Daily Win Rate (41.54% < 45%)"]}}
{"op_code":8,"worker_id":"5066a0fe-359f-4a9a-8666-32b8af4e6c94-12024","trial_id":37,"user_attr":{"gini":0.40428656846129485}}
{"op_code":9,"worker_id":"6e059341-a62d-4a36-b2c7-f9beff8f6376-3216","trial_id":40,"system_attr":{"constraints":[-0.017816179190209776,-0.027594507028958458,0.0,0.1106060606060606,-0.05692562690140979,-52.0,-8.0,0.045889551112511265,0.3,-1340.289738292338,0.0165909090909091,0.03458781362007174]}}
{"op_code":4,"worker_id":"fdadefd7-971c-46a8-8dde-851c65d151cd-19068","study_id":0,"datetime_start":"2026-07-14T11:41:51.206060"}
{"op_code":6,"worker_id":"6e059341-a62d-4a36-b2c7-f9beff8f6376-3216","trial_id":40,"state":1,"values":[-1.119843876435917],"datetime_complete":"2026-07-14T11:41:51.207207"}
{"op_code":8,"worker_id":"7562ec88-4f4e-46cc-8827-bed5581de2b7-27064","trial_id":39,"user_attr":{"constraints":[-0.018162556719555557,-0.02980500253337747,0.0,0.12515151515151515,-0.06873906334998385,-54.0,-8.0,0.05865660387956404,0.3,-1333.6982689672427,0.011590909090909152,0.029032258064516203]}}
{"op_code":4,"worker_id":"530f8329-6515-4204-9f1f-553153d0551a-8896","study_id":0,"datetime_start":"2026-07-14T11:41:51.195100"}
{"op_code":5,"worker_id":"aef31265-d1dc-4781-9c42-e13c11248d78-4680","trial_id":42,"param_name":"unified_alpha","param_value_internal":4.804128796053278e-05,"distribution":"{\"name\": \"FloatDistribution\", \"attributes\": {\"step\": null, \"low\": 1e-05, \"high\": 10.0, \"log\": true}}"}
{"op_code":5,"worker_id":"530f8329-6515-4204-9f1f-553153d0551a-8896","trial_id":44,"param_name":"k_weight","param_value_internal":0.9216221214604892,"distribution":"{\"name\": \"FloatDistribution\", \"attributes\": {\"step\": null, \"low\": 0.0, \"high\": 1.5, \"log\": false}}"}
{"op_code":4,"worker_id":"c46ad413-5802-4456-916c-1d6105af8399-3216","study_id":0,"datetime_start":"2026-07-14T11:41:51.216474"}
{"op_code":5,"worker_id":"aef31265-d1dc-4781-9c42-e13c11248d78-4680","trial_id":42,"param_name":"unified_rho","param_value_internal":0.8049599171801041,"distribution":"{\"name\": \"FloatDistribution\", \"attributes\": {\"step\": null, \"low\": 0.0, \"high\": 1.0, \"log\": false}}"}
{"op_code":5,"worker_id":"c46ad413-5802-4456-916c-1d6105af8399-3216","trial_id":45,"param_name":"k_weight","param_value_internal":0.665245080261964,"distribution":"{\"name\": \"FloatDistribution\", \"attributes\": {\"step\": null, \"low\": 0.0, \"high\": 1.5, \"log\": false}}"}
{"op_code":5,"worker_id":"aef31265-d1dc-4781-9c42-e13c11248d78-4680","trial_id":42,"param_name":"unified_gamma","param_value_internal":385.50744984125805,"distribution":"{\"name\": \"FloatDistribution\", \"attributes\": {\"step\": null, \"low\": 1.5, \"high\": 10000.0, \"log\": true}}"}
{"op_code":5,"worker_id":"c46ad413-5802-4456-916c-1d6105af8399-3216","trial_id":45,"param_name":"unified_alpha","param_value_internal":7.573118221170336e-05,"distribution":"{\"name\": \"FloatDistribution\", \"attributes\": {\"step\": null, \"low\": 1e-05, \"high\": 10.0, \"log\": true}}"}
{"op_code":5,"worker_id":"aef31265-d1dc-4781-9c42-e13c11248d78-4680","trial_id":42,"param_name":"huber_delta","param_value_internal":4.368628089768988,"distribution":"{\"name\": \"FloatDistribution\", \"attributes\": {\"step\": null, \"low\": 0.5, \"high\": 5.0, \"log\": false}}"}
{"op_code":5,"worker_id":"c46ad413-5802-4456-916c-1d6105af8399-3216","trial_id":45,"param_name":"unified_rho","param_value_internal":0.01190733103714614,"distribution":"{\"name\": \"FloatDistribution\", \"attributes\": {\"step\": null, \"low\": 0.0, \"high\": 1.0, \"log\": false}}"}
{"op_code":5,"worker_id":"c46ad413-5802-4456-916c-1d6105af8399-3216","trial_id":45,"param_name":"unified_gamma","param_value_internal":157.42492382488768,"distribution":"{\"name\": \"FloatDistribution\", \"attributes\": {\"step\": null, \"low\": 1.5, \"high\": 10000.0, \"log\": true}}"}
{"op_code":5,"worker_id":"c46ad413-5802-4456-916c-1d6105af8399-3216","trial_id":45,"param_name":"huber_delta","param_value_internal":2.87220171377399,"distribution":"{\"name\": \"FloatDistribution\", \"attributes\": {\"step\": null, \"low\": 0.5, \"high\": 5.0, \"log\": false}}"}
{"op_code":5,"worker_id":"530f8329-6515-4204-9f1f-553153d0551a-8896","trial_id":44,"param_name":"unified_alpha","param_value_internal":6.080290968193448e-05,"distribution":"{\"name\": \"FloatDistribution\", \"attributes\": {\"step\": null, \"low\": 1e-05, \"high\": 10.0, \"log\": true}}"}
{"op_code":5,"worker_id":"530f8329-6515-4204-9f1f-553153d0551a-8896","trial_id":44,"param_name":"unified_rho","param_value_internal":0.6000546599761082,"distribution":"{\"name\": \"FloatDistribution\", \"attributes\": {\"step\": null, \"low\": 0.0, \"high\": 1.0, \"log\": false}}"}
{"op_code":5,"worker_id":"530f8329-6515-4204-9f1f-553153d0551a-8896","trial_id":44,"param_name":"unified_gamma","param_value_internal":149.35385149666178,"distribution":"{\"name\": \"FloatDistribution\", \"attributes\": {\"step\": null, \"low\": 1.5, \"high\": 10000.0, \"log\": true}}"}
{"op_code":5,"worker_id":"fdadefd7-971c-46a8-8dde-851c65d151cd-19068","trial_id":43,"param_name":"k_weight","param_value_internal":1.0365176066856137,"distribution":"{\"name\": \"FloatDistribution\", \"attributes\": {\"step\": null, \"low\": 0.0, \"high\": 1.5, \"log\": false}}"}
{"op_code":5,"worker_id":"530f8329-6515-4204-9f1f-553153d0551a-8896","trial_id":44,"param_name":"huber_delta","param_value_internal":2.7088165641179796,"distribution":"{\"name\": \"FloatDistribution\", \"attributes\": {\"step\": null, \"low\": 0.5, \"high\": 5.0, \"log\": false}}"}
{"op_code":5,"worker_id":"fdadefd7-971c-46a8-8dde-851c65d151cd-19068","trial_id":43,"param_name":"unified_alpha","param_value_internal":5.832673171957269e-05,"distribution":"{\"name\": \"FloatDistribution\", \"attributes\": {\"step\": null, \"low\": 1e-05, \"high\": 10.0, \"log\": true}}"}
{"op_code":5,"worker_id":"fdadefd7-971c-46a8-8dde-851c65d151cd-19068","trial_id":43,"param_name":"unified_rho","param_value_internal":0.7817183594721521,"distribution":"{\"name\": \"FloatDistribution\", \"attributes\": {\"step\": null, \"low\": 0.0, \"high\": 1.0, \"log\": false}}"}
{"op_code":5,"worker_id":"fdadefd7-971c-46a8-8dde-851c65d151cd-19068","trial_id":43,"param_name":"unified_gamma","param_value_internal":184.54623154083984,"distribution":"{\"name\": \"FloatDistribution\", \"attributes\": {\"step\": null, \"low\": 1.5, \"high\": 10000.0, \"log\": true}}"}
{"op_code":5,"worker_id":"fdadefd7-971c-46a8-8dde-851c65d151cd-19068","trial_id":43,"param_name":"huber_delta","param_value_internal":4.354900659222861,"distribution":"{\"name\": \"FloatDistribution\", \"attributes\": {\"step\": null, \"low\": 0.5, \"high\": 5.0, \"log\": false}}"}
{"op_code":5,"worker_id":"307ab45b-a0a4-46cd-a3eb-ed2452a81e9d-29612","trial_id":28,"param_name":"huber_delta","param_value_internal":3.8974565701852946,"distribution":"{\"name\": \"FloatDistribution\", \"attributes\": {\"step\": null, \"low\": 0.5, \"high\": 5.0, \"log\": false}}"}
{"op_code":8,"worker_id":"b5e73897-776e-465a-a03e-71b137c62123-16052","trial_id":25,"user_attr":{"gini":0.4812240430879333}}
{"op_code":8,"worker_id":"b5e73897-776e-465a-a03e-71b137c62123-16052","trial_id":25,"user_attr":{"cv_is_ics":[0.09800876677036285,0.10718327015638351,0.11882797628641129,0.11179707199335098,0.09741824865341187,0.08430805802345276,0.08253412693738937,0.10120578110218048,0.08769438415765762,0.08537022024393082,0.07795640826225281,0.05478927120566368,0.08165135979652405,0.060624003410339355,0.0807020366191864]}}
{"op_code":8,"worker_id":"b5e73897-776e-465a-a03e-71b137c62123-16052","trial_id":25,"user_attr":{"cv_oos_ics":[0.04736096039414406,-0.023869482800364494,-0.041312236338853836,0.0100411893799901,0.01121643465012312,0.03965871408581734,0.06337752938270569,0.04465251788496971,0.0465417206287384,0.02427513338625431,0.00953675527125597,0.07222273200750351,0.010479539632797241,0.016178671270608902,0.031538695096969604]}}
{"op_code":8,"worker_id":"b5e73897-776e-465a-a03e-71b137c62123-16052","trial_id":25,"user_attr":{"reg_kappa":3.268529609329578}}
{"op_code":8,"worker_id":"b5e73897-776e-465a-a03e-71b137c62123-16052","trial_id":25,"user_attr":{"raw_metrics":[0.5297262439409138,0.059748042019262114,0.8,0.023401964050658232,0.11757575757575758,0.10833903508477752,-0.13994676616007073,-0.30013424158096313,0.46333333333333326]}}
{"op_code":8,"worker_id":"b5e73897-776e-465a-a03e-71b137c62123-16052","trial_id":25,"user_attr":{"val_metrics":[0.11087150300977087,-0.20495561142750468,0.6484848484848484,0.11378692899830639,-7.715266319916041]}}
{"op_code":8,"worker_id":"b5e73897-776e-465a-a03e-71b137c62123-16052","trial_id":25,"user_attr":{"deflated_objective":-2.215850899708897}}
{"op_code":9,"worker_id":"b5e73897-776e-465a-a03e-71b137c62123-16052","trial_id":25,"system_attr":{"constraints":[-0.023401964050658232,-0.059748042019262114,-0.20000000000000007,0.13242424242424242,-0.10833903508477752,-61.0,-5.0,-0.0038284319830809363,0.09999999999999998,-1321.1583121265103,-0.013333333333333253,0.01236559139784943]}}
{"op_code":8,"worker_id":"c46ad413-5802-4456-916c-1d6105af8399-3216","trial_id":45,"user_attr":{"constraints":[-0.017959788500951968,-0.04543091984110499,0.0,0.1518181818181818,-0.08106791475985313,0.0,0.0,-0.03254356755779906,0.09999999999999998,-1262.0422598805294,0.0016666666666666496,0.030824372759856666]}}
{"op_code":8,"worker_id":"c46ad413-5802-4456-916c-1d6105af8399-3216","trial_id":45,"user_attr":{"pruned_reasons":["M5 (Monotonicity <= 0.25)","Side-specific Hit Rate (40.00% < 50%)","Yearly Daily Win Rate (44.83% < 45%)","Side-specific Yearly Daily Win Rate (41.92% < 45%)"]}}
{"op_code":8,"worker_id":"c46ad413-5802-4456-916c-1d6105af8399-3216","trial_id":45,"user_attr":{"gini":0.4528839052829159}}
{"op_code":8,"worker_id":"c46ad413-5802-4456-916c-1d6105af8399-3216","trial_id":45,"user_attr":{"cv_is_ics":[0.1026877760887146,0.10979219526052475,0.1213412880897522,0.11097770929336548,0.10240890085697174,0.08660754561424255,0.07845322042703629,0.10112684220075607,0.08464626222848892,0.0898996889591217,0.07803631573915482,0.059645023196935654,0.07635877281427383,0.06213964894413948,0.08037912845611572]}}
{"op_code":8,"worker_id":"c46ad413-5802-4456-916c-1d6105af8399-3216","trial_id":45,"user_attr":{"cv_oos_ics":[0.04413244128227234,-0.03609950840473175,-0.04208971560001373,0.012230264954268932,0.003730860073119402,0.03618644177913666,0.06581674516201019,0.034566912800073624,0.05189495161175728,0.026633596047759056,0.008158855140209198,0.059784602373838425,0.009987510740756989,0.010532558895647526,0.025498349219560623]}}
{"op_code":8,"worker_id":"c46ad413-5802-4456-916c-1d6105af8399-3216","trial_id":45,"user_attr":{"reg_kappa":3.1626465830937422}}
{"op_code":8,"worker_id":"aef31265-d1dc-4781-9c42-e13c11248d78-4680","trial_id":42,"user_attr":{"constraints":[-0.01805228754802009,-0.029182344509655078,0.0,0.1275757575757576,-0.09017161956193225,-54.0,-8.0,0.045975282004693765,0.3,-1334.8485535973755,0.012424242424242393,0.03458781362007174]}}
{"op_code":8,"worker_id":"c46ad413-5802-4456-916c-1d6105af8399-3216","trial_id":45,"user_attr":{"raw_metrics":[0.4271953995376212,0.04543091984110499,0.6,0.017959788500951968,0.09818181818181819,0.08106791475985313,-0.1401541737366712,-0.2756913900375366,0.44833333333333336]}}
{"op_code":8,"worker_id":"aef31265-d1dc-4781-9c42-e13c11248d78-4680","trial_id":42,"user_attr":{"pruned_reasons":["M5 (Monotonicity <= 0.25)","Side-specific Yearly Tail IC Mean (-0.0460 <= 0)","Side-specific Hit Rate (20.00% < 50%)","Yearly Daily Win Rate (43.76% < 45%)","Side-specific Yearly Daily Win Rate (41.54% < 45%)"]}}
{"op_code":8,"worker_id":"c46ad413-5802-4456-916c-1d6105af8399-3216","trial_id":45,"user_attr":{"val_metrics":[0.12337841654718344,-0.09623377586075733,0.5393939393939394,0.12363950895455976,-7.469143371260278]}}
{"op_code":8,"worker_id":"530f8329-6515-4204-9f1f-553153d0551a-8896","trial_id":44,"user_attr":{"constraints":[-0.019839095696224943,-0.052108040133584034,0.0,0.18575757575757576,-0.13131667553277857,-61.0,-8.0,-0.011164577426437013,0.09999999999999998,-1312.1152687832393,-0.0067424242424242165,0.030824372759856666]}}
{"op_code":5,"worker_id":"01ce2acc-3f8c-47c7-9814-7220a5267524-24340","trial_id":4,"param_name":"unified_rho","param_value_internal":0.2848611674739183,"distribution":"{\"name\": \"FloatDistribution\", \"attributes\": {\"step\": null, \"low\": 0.0, \"high\": 1.0, \"log\": false}}"}
{"op_code":8,"worker_id":"aef31265-d1dc-4781-9c42-e13c11248d78-4680","trial_id":42,"user_attr":{"gini":0.4042394560704252}}
{"op_code":8,"worker_id":"aef31265-d1dc-4781-9c42-e13c11248d78-4680","trial_id":42,"user_attr":{"cv_is_ics":[0.10020431131124496,0.10204827040433884,0.11468053609132767,0.1018291786313057,0.09495754539966583,0.08503970503807068,0.07683432847261429,0.0942310318350792,0.08346967399120331,0.0822753980755806,0.06788220256567001,0.04799387603998184,0.0723763108253479,0.06170886009931564,0.06830717623233795]}}
{"op_code":8,"worker_id":"aef31265-d1dc-4781-9c42-e13c11248d78-4680","trial_id":42,"user_attr":{"cv_oos_ics":[0.036111339926719666,-0.028419572860002518,-0.04767216742038727,0.0026614582166075706,0.007613173220306635,0.03552050143480301,0.06497719138860703,0.038679685443639755,0.05892164632678032,0.019914891570806503,0.02402220480144024,0.07251815497875214,0.007617199327796698,0.011973693035542965,0.049870043992996216]}}
{"op_code":5,"worker_id":"01ce2acc-3f8c-47c7-9814-7220a5267524-24340","trial_id":4,"param_name":"unified_gamma","param_value_internal":20.861697424411652,"distribution":"{\"name\": \"FloatDistribution\", \"attributes\": {\"step\": null, \"low\": 1.5, \"high\": 10000.0, \"log\": true}}"}
{"op_code":5,"worker_id":"01ce2acc-3f8c-47c7-9814-7220a5267524-24340","trial_id":4,"param_name":"huber_delta","param_value_internal":4.064154172949432,"distribution":"{\"name\": \"FloatDistribution\", \"attributes\": {\"step\": null, \"low\": 0.5, \"high\": 5.0, \"log\": false}}"}
{"op_code":8,"worker_id":"530f8329-6515-4204-9f1f-553153d0551a-8896","trial_id":44,"user_attr":{"pruned_reasons":["M5 (Monotonicity <= 0.25)","Side-specific Hit Rate (40.00% < 50%)","Side-specific Yearly Daily Win Rate (41.92% < 45%)"]}}
{"op_code":8,"worker_id":"aef31265-d1dc-4781-9c42-e13c11248d78-4680","trial_id":42,"user_attr":{"reg_kappa":3.3454352026734337}}
{"op_code":8,"worker_id":"aef31265-d1dc-4781-9c42-e13c11248d78-4680","trial_id":42,"user_attr":{"raw_metrics":[0.271952892300123,0.029182344509655078,0.6,0.01805228754802009,0.12242424242424241,0.09017161956193225,-0.19294944840316444,-0.3873221278190613,0.4375757575757576]}}
{"op_code":8,"worker_id":"307ab45b-a0a4-46cd-a3eb-ed2452a81e9d-29612","trial_id":28,"user_attr":{"constraints":[-0.018286317265197295,-0.014323659770289255,0.0,0.11545454545454545,-0.035941110155049284,-96.0,-8.0,0.023305731185237828,0.09999999999999998,-1224.2301139945412,0.01909090909090916,0.041935483870967794]}}
{"op_code":8,"worker_id":"530f8329-6515-4204-9f1f-553153d0551a-8896","trial_id":44,"user_attr":{"gini":0.45730082779328174}}
{"op_code":6,"worker_id":"b5e73897-776e-465a-a03e-71b137c62123-16052","trial_id":25,"state":1,"values":[-1.7283807982139592],"datetime_complete":"2026-07-14T11:41:51.279556"}
{"op_code":8,"worker_id":"aef31265-d1dc-4781-9c42-e13c11248d78-4680","trial_id":42,"user_attr":{"val_metrics":[0.13455100754830288,-0.062250577329182,0.4666666666666667,0.08774775564360122,-6.27643998633859]}}
{"op_code":8,"worker_id":"20a3be1f-9028-4cb6-9817-138300f6f93e-31796","trial_id":41,"user_attr":{"gini":0.40879815386933416}}
{"op_code":8,"worker_id":"530f8329-6515-4204-9f1f-553153d0551a-8896","trial_id":44,"user_attr":{"cv_is_ics":[0.09950575232505798,0.11027052998542786,0.12054368108510971,0.1093895360827446,0.10098152607679367,0.08311964571475983,0.07712843269109726,0.09859888255596161,0.08217847347259521,0.08980075269937515,0.07864896953105927,0.05910182371735573,0.0755864605307579,0.06309725344181061,0.07688696682453156]}}
{"op_code":8,"worker_id":"530f8329-6515-4204-9f1f-553153d0551a-8896","trial_id":44,"user_attr":{"cv_oos_ics":[0.04166816920042038,-0.0324997752904892,-0.04079742729663849,0.011594869196414948,0.008719643577933311,0.038444265723228455,0.0642382949590683,0.04103376716375351,0.05400315672159195,0.025664888322353363,0.006353978533297777,0.06671556085348129,0.008432550355792046,0.0146025987342,0.02942286618053913]}}
{"op_code":8,"worker_id":"aef31265-d1dc-4781-9c42-e13c11248d78-4680","trial_id":42,"user_attr":{"deflated_objective":-1.5871788710562846}}
{"op_code":4,"worker_id":"bc951769-7abe-4164-9c1c-681bd0281115-16052","study_id":0,"datetime_start":"2026-07-14T11:41:51.322354"}
{"op_code":5,"worker_id":"c9b5f226-ad42-4c01-bb7a-5950d0f5c488-22852","trial_id":13,"param_name":"huber_delta","param_value_internal":3.072927120474744,"distribution":"{\"name\": \"FloatDistribution\", \"attributes\": {\"step\": null, \"low\": 0.5, \"high\": 5.0, \"log\": false}}"}
{"op_code":5,"worker_id":"bc951769-7abe-4164-9c1c-681bd0281115-16052","trial_id":46,"param_name":"k_weight","param_value_internal":0.6180251229940965,"distribution":"{\"name\": \"FloatDistribution\", \"attributes\": {\"step\": null, \"low\": 0.0, \"high\": 1.5, \"log\": false}}"}
{"op_code":9,"worker_id":"aef31265-d1dc-4781-9c42-e13c11248d78-4680","trial_id":42,"system_attr":{"constraints":[-0.01805228754802009,-0.029182344509655078,0.0,0.1275757575757576,-0.09017161956193225,-54.0,-8.0,0.045975282004693765,0.3,-1334.8485535973755,0.012424242424242393,0.03458781362007174]}}
{"op_code":8,"worker_id":"20a3be1f-9028-4cb6-9817-138300f6f93e-31796","trial_id":41,"user_attr":{"cv_is_ics":[0.10068711638450623,0.1029561311006546,0.11508895456790924,0.1014433354139328,0.09566722065210342,0.08606850355863571,0.07760912925004959,0.09470806270837784,0.08430484682321548,0.08283472061157227,0.06800048798322678,0.048539772629737854,0.07264143228530884,0.062235403805971146,0.07012823224067688]}}
{"op_code":8,"worker_id":"307ab45b-a0a4-46cd-a3eb-ed2452a81e9d-29612","trial_id":28,"user_attr":{"pruned_reasons":["M5 (Monotonicity <= 0.25)","Side-specific Yearly Tail IC Mean (-0.0233 <= 0)","Side-specific Hit Rate (40.00% < 50%)","Yearly Daily Win Rate (43.09% < 45%)","Side-specific Yearly Daily Win Rate (40.81% < 45%)"]}}
{"op_code":5,"worker_id":"bc951769-7abe-4164-9c1c-681bd0281115-16052","trial_id":46,"param_name":"unified_alpha","param_value_internal":5.164048134092665e-05,"distribution":"{\"name\": \"FloatDistribution\", \"attributes\": {\"step\": null, \"low\": 1e-05, \"high\": 10.0, \"log\": true}}"}
{"op_code":6,"worker_id":"aef31265-d1dc-4781-9c42-e13c11248d78-4680","trial_id":42,"state":1,"values":[-1.1115821189332946],"datetime_complete":"2026-07-14T11:41:51.329378"}
{"op_code":5,"worker_id":"bc951769-7abe-4164-9c1c-681bd0281115-16052","trial_id":46,"param_name":"unified_rho","param_value_internal":0.11968126595889131,"distribution":"{\"name\": \"FloatDistribution\", \"attributes\": {\"step\": null, \"low\": 0.0, \"high\": 1.0, \"log\": false}}"}
{"op_code":8,"worker_id":"20a3be1f-9028-4cb6-9817-138300f6f93e-31796","trial_id":41,"user_attr":{"cv_oos_ics":[0.03558599576354027,-0.029267314821481705,-0.04704545810818672,0.003547566942870617,0.0072322110645473,0.03466527536511421,0.06642523407936096,0.03700883314013481,0.05619760602712631,0.020617108792066574,0.02289004623889923,0.0728435218334198,0.008232378400862217,0.012723619118332863,0.0479450486600399]}}
{"op_code":5,"worker_id":"bc951769-7abe-4164-9c1c-681bd0281115-16052","trial_id":46,"param_name":"unified_gamma","param_value_internal":114.49944463787686,"distribution":"{\"name\": \"FloatDistribution\", \"attributes\": {\"step\": null, \"low\": 1.5, \"high\": 10000.0, \"log\": true}}"}
{"op_code":8,"worker_id":"01ce2acc-3f8c-47c7-9814-7220a5267524-24340","trial_id":4,"user_attr":{"constraints":[0.001680989430256872,0.04330939299337202,0.39999999999999997,0.3009090909090909,0.11299034715887335,-129.0,5.0,-0.03063044136515075,0.3,-1179.1998498267055,0.06893939393939397,0.11236559139784946]}}
{"op_code":8,"worker_id":"7562ec88-4f4e-46cc-8827-bed5581de2b7-27064","trial_id":39,"user_attr":{"pruned_reasons":["M5 (Monotonicity <= 0.25)","Side-specific Yearly Tail IC Mean (-0.0587 <= 0)","Side-specific Hit Rate (20.00% < 50%)","Yearly Daily Win Rate (43.84% < 45%)","Side-specific Yearly Daily Win Rate (42.10% < 45%)"]}}
{"op_code":8,"worker_id":"7562ec88-4f4e-46cc-8827-bed5581de2b7-27064","trial_id":39,"user_attr":{"gini":0.40695115757001643}}
{"op_code":8,"worker_id":"7562ec88-4f4e-46cc-8827-bed5581de2b7-27064","trial_id":39,"user_attr":{"cv_is_ics":[0.10042399913072586,0.1020185798406601,0.11464301496744156,0.10248804092407227,0.0952477678656578,0.08493717014789581,0.07704288512468338,0.0946488156914711,0.08355934172868729,0.08234798908233643,0.06850147992372513,0.04837678745388985,0.07218983769416809,0.06198396906256676,0.06939864903688431]}}
{"op_code":8,"worker_id":"01ce2acc-3f8c-47c7-9814-7220a5267524-24340","trial_id":4,"user_attr":{"pruned_reasons":["M4 (Overall IC <= 0)","M2 (Yearly Tail IC Mean <= 0)","M3 (Hit Rate < 60%)","M5 (Monotonicity <= 0.25)","M6 (Top-Bottom Spread <= 0)","Active features count (0) is less than active feature floor (5)","Side-specific Hit Rate (20.00% < 50%)","Yearly Daily Win Rate (38.11% < 45%)","Side-specific Yearly Daily Win Rate (33.76% < 45%)"]}}
{"op_code":8,"worker_id":"01ce2acc-3f8c-47c7-9814-7220a5267524-24340","trial_id":4,"user_attr":{"gini":0.0}}
{"op_code":8,"worker_id":"01ce2acc-3f8c-47c7-9814-7220a5267524-24340","trial_id":4,"user_attr":{"cv_is_ics":[0.0,0.0,0.0,0.0,0.0,0.0,0.0,0.0,0.0,0.0,0.0,0.0,0.0,0.0,0.0]}}
{"op_code":8,"worker_id":"530f8329-6515-4204-9f1f-553153d0551a-8896","trial_id":44,"user_attr":{"reg_kappa":3.288383407922829}}
{"op_code":8,"worker_id":"01ce2acc-3f8c-47c7-9814-7220a5267524-24340","trial_id":4,"user_attr":{"cv_oos_ics":[0.0,0.0,0.0,0.0,0.0,0.0,0.0,0.0,0.0,0.0,0.0,0.0,0.0,0.0,0.0]}}
{"op_code":8,"worker_id":"01ce2acc-3f8c-47c7-9814-7220a5267524-24340","trial_id":4,"user_attr":{"reg_kappa":1.48490740596055}}
{"op_code":8,"worker_id":"01ce2acc-3f8c-47c7-9814-7220a5267524-24340","trial_id":4,"user_attr":{"raw_metrics":[-0.4599113172008056,-0.04330939299337202,0.2,-0.001680989430256872,-0.050909090909090904,-0.11299034715887335,-0.0,-0.0,0.38106060606060604]}}
{"op_code":8,"worker_id":"01ce2acc-3f8c-47c7-9814-7220a5267524-24340","trial_id":4,"user_attr":{"val_metrics":[0.0,0.0,0.12727272727272726,0.09160962854822477,-4.432025928359728]}}
{"op_code":8,"worker_id":"c46ad413-5802-4456-916c-1d6105af8399-3216","trial_id":45,"user_attr":{"deflated_objective":-2.077628163920258}}
{"op_code":8,"worker_id":"01ce2acc-3f8c-47c7-9814-7220a5267524-24340","trial_id":4,"user_attr":{"deflated_objective":-0.8796521583327739}}
{"op_code":9,"worker_id":"c46ad413-5802-4456-916c-1d6105af8399-3216","trial_id":45,"system_attr":{"constraints":[-0.017959788500951968,-0.04543091984110499,0.0,0.1518181818181818,-0.08106791475985313,0.0,0.0,-0.03254356755779906,0.09999999999999998,-1262.0422598805294,0.0016666666666666496,0.030824372759856666]}}
{"op_code":8,"worker_id":"c9b5f226-ad42-4c01-bb7a-5950d0f5c488-22852","trial_id":13,"user_attr":{"constraints":[-0.01689751677419058,-0.02848893771669626,0.0,0.15181818181818182,-0.003822304590851118,-88.0,-8.0,-0.01419025151472969,-0.09999999999999998,-1241.7397423413113,0.018333333333333368,0.03637992831541226]}}
{"op_code":6,"worker_id":"c46ad413-5802-4456-916c-1d6105af8399-3216","trial_id":45,"state":1,"values":[-1.596101284093533],"datetime_complete":"2026-07-14T11:41:51.369129"}
{"op_code":9,"worker_id":"01ce2acc-3f8c-47c7-9814-7220a5267524-24340","trial_id":4,"system_attr":{"constraints":[0.001680989430256872,0.04330939299337202,0.39999999999999997,0.3009090909090909,0.11299034715887335,-129.0,5.0,-0.03063044136515075,0.3,-1179.1998498267055,0.06893939393939397,0.11236559139784946]}}
{"op_code":4,"worker_id":"c46ad413-5802-4456-916c-1d6105af8399-3216","study_id":0,"datetime_start":"2026-07-14T11:41:51.373130"}
{"op_code":8,"worker_id":"c9b5f226-ad42-4c01-bb7a-5950d0f5c488-22852","trial_id":13,"user_attr":{"pruned_reasons":["M5 (Monotonicity <= 0.25)","Yearly Daily Win Rate (43.17% < 45%)","Side-specific Yearly Daily Win Rate (41.36% < 45%)"]}}
{"op_code":8,"worker_id":"c9b5f226-ad42-4c01-bb7a-5950d0f5c488-22852","trial_id":13,"user_attr":{"gini":0.4573238960054846}}
{"op_code":6,"worker_id":"01ce2acc-3f8c-47c7-9814-7220a5267524-24340","trial_id":4,"state":1,"values":[-0.39631075957582834],"datetime_complete":"2026-07-14T11:41:51.374128"}
{"op_code":5,"worker_id":"c46ad413-5802-4456-916c-1d6105af8399-3216","trial_id":47,"param_name":"k_weight","param_value_internal":0.00970480225231296,"distribution":"{\"name\": \"FloatDistribution\", \"attributes\": {\"step\": null, \"low\": 0.0, \"high\": 1.5, \"log\": false}}"}
{"op_code":5,"worker_id":"c46ad413-5802-4456-916c-1d6105af8399-3216","trial_id":47,"param_name":"unified_alpha","param_value_internal":0.0007874216542511952,"distribution":"{\"name\": \"FloatDistribution\", \"attributes\": {\"step\": null, \"low\": 1e-05, \"high\": 10.0, \"log\": true}}"}
{"op_code":8,"worker_id":"7562ec88-4f4e-46cc-8827-bed5581de2b7-27064","trial_id":39,"user_attr":{"cv_oos_ics":[0.03621341660618782,-0.02820573002099991,-0.04705371335148811,0.003819635370746255,0.007822639308869839,0.03629244491457939,0.06444116681814194,0.03830738738179207,0.05898544564843178,0.020400868728756905,0.024059046059846878,0.07213260978460312,0.007648663129657507,0.01249354612082243,0.04940467327833176]}}
{"op_code":5,"worker_id":"c46ad413-5802-4456-916c-1d6105af8399-3216","trial_id":47,"param_name":"unified_rho","param_value_internal":0.13480729625715848,"distribution":"{\"name\": \"FloatDistribution\", \"attributes\": {\"step\": null, \"low\": 0.0, \"high\": 1.0, \"log\": false}}"}
{"op_code":8,"worker_id":"7562ec88-4f4e-46cc-8827-bed5581de2b7-27064","trial_id":39,"user_attr":{"reg_kappa":3.3425368494076393}}
{"op_code":8,"worker_id":"7562ec88-4f4e-46cc-8827-bed5581de2b7-27064","trial_id":39,"user_attr":{"raw_metrics":[0.27632652665668794,0.02980500253337747,0.6,0.018162556719555557,0.12484848484848485,0.06873906334998385,-0.1920079330200692,-0.3862905502319336,0.43840909090909086]}}
{"op_code":8,"worker_id":"7562ec88-4f4e-46cc-8827-bed5581de2b7-27064","trial_id":39,"user_attr":{"val_metrics":[0.13462417499870102,-0.06525045664716451,0.503030303030303,0.08774775564360122,-6.316540721371748]}}
{"op_code":5,"worker_id":"c46ad413-5802-4456-916c-1d6105af8399-3216","trial_id":47,"param_name":"unified_gamma","param_value_internal":1839.487028926856,"distribution":"{\"name\": \"FloatDistribution\", \"attributes\": {\"step\": null, \"low\": 1.5, \"high\": 10000.0, \"log\": true}}"}
{"op_code":5,"worker_id":"c46ad413-5802-4456-916c-1d6105af8399-3216","trial_id":47,"param_name":"huber_delta","param_value_internal":1.4420644444375008,"distribution":"{\"name\": \"FloatDistribution\", \"attributes\": {\"step\": null, \"low\": 0.5, \"high\": 5.0, \"log\": false}}"}
{"op_code":8,"worker_id":"c9b5f226-ad42-4c01-bb7a-5950d0f5c488-22852","trial_id":13,"user_attr":{"cv_is_ics":[0.10388495028018951,0.1081896647810936,0.11880937963724136,0.1088704764842987,0.1031704694032669,0.0882515013217926,0.07958769798278809,0.10330919921398163,0.086446613073349,0.08841259777545929,0.07820801436901093,0.05958041548728943,0.07589934766292572,0.062145449221134186,0.08197923004627228]}}
{"op_code":8,"worker_id":"307ab45b-a0a4-46cd-a3eb-ed2452a81e9d-29612","trial_id":28,"user_attr":{"gini":0.45843134824194487}}
{"op_code":8,"worker_id":"7562ec88-4f4e-46cc-8827-bed5581de2b7-27064","trial_id":39,"user_attr":{"deflated_objective":-1.5990811782141923}}
{"op_code":9,"worker_id":"7562ec88-4f4e-46cc-8827-bed5581de2b7-27064","trial_id":39,"system_attr":{"constraints":[-0.018162556719555557,-0.02980500253337747,0.0,0.12515151515151515,-0.06873906334998385,-54.0,-8.0,0.05865660387956404,0.3,-1333.6982689672427,0.011590909090909152,0.029032258064516203]}}
{"op_code":6,"worker_id":"7562ec88-4f4e-46cc-8827-bed5581de2b7-27064","trial_id":39,"state":1,"values":[-1.1251786842909877],"datetime_complete":"2026-07-14T11:41:51.404546"}
{"op_code":8,"worker_id":"307ab45b-a0a4-46cd-a3eb-ed2452a81e9d-29612","trial_id":28,"user_attr":{"cv_is_ics":[0.10414303094148636,0.10910362005233765,0.11832006275653839,0.10579127818346024,0.10116952657699585,0.08949388563632965,0.08168906718492508,0.1023835688829422,0.08850837498903275,0.08911444991827011,0.07719458639621735,0.05931622534990311,0.07596646249294281,0.062122128903865814,0.08127398043870926]}}
{"op_code":8,"worker_id":"307ab45b-a0a4-46cd-a3eb-ed2452a81e9d-29612","trial_id":28,"user_attr":{"cv_oos_ics":[0.04261307418346405,-0.03485866263508797,-0.048154231160879135,0.003973821643739939,0.0055511221289634705,0.02447105199098587,0.06589077413082123,0.02996339090168476,0.0495779849588871,0.02571048028767109,0.011907217092812061,0.06094067171216011,0.013361670076847076,0.011031239293515682,0.02759244106709957]}}
{"op_code":8,"worker_id":"20a3be1f-9028-4cb6-9817-138300f6f93e-31796","trial_id":41,"user_attr":{"reg_kappa":3.297379405150871}}
{"op_code":8,"worker_id":"20a3be1f-9028-4cb6-9817-138300f6f93e-31796","trial_id":41,"user_attr":{"raw_metrics":[0.22779544852387654,0.02277105555827017,0.6,0.018277999874866408,0.16363636363636364,0.0879287335153637,-0.17770428312609426,-0.363558292388916,0.4376515151515152]}}
{"op_code":8,"worker_id":"20a3be1f-9028-4cb6-9817-138300f6f93e-31796","trial_id":41,"user_attr":{"val_metrics":[0.13428666063073538,-0.058224415604499105,0.6242424242424243,0.08774775564360122,-6.335599999711723]}}
{"op_code":8,"worker_id":"307ab45b-a0a4-46cd-a3eb-ed2452a81e9d-29612","trial_id":28,"user_attr":{"reg_kappa":3.068241107998003}}
{"op_code":4,"worker_id":"37728a4d-1ec7-47a3-a3e4-a134bb01fac1-27064","study_id":0,"datetime_start":"2026-07-14T11:41:51.414655"}
{"op_code":8,"worker_id":"20a3be1f-9028-4cb6-9817-138300f6f93e-31796","trial_id":41,"user_attr":{"deflated_objective":-1.5831064259864254}}
{"op_code":5,"worker_id":"37728a4d-1ec7-47a3-a3e4-a134bb01fac1-27064","trial_id":48,"param_name":"k_weight","param_value_internal":0.9159197523403322,"distribution":"{\"name\": \"FloatDistribution\", \"attributes\": {\"step\": null, \"low\": 0.0, \"high\": 1.5, \"log\": false}}"}
{"op_code":8,"worker_id":"307ab45b-a0a4-46cd-a3eb-ed2452a81e9d-29612","trial_id":28,"user_attr":{"raw_metrics":[0.17031360222175632,0.014323659770289255,0.6,0.018286317265197295,0.13454545454545455,0.035941110155049284,-0.11837553213676,-0.2323690503835678,0.43090909090909085]}}
{"op_code":9,"worker_id":"20a3be1f-9028-4cb6-9817-138300f6f93e-31796","trial_id":41,"system_attr":{"constraints":[-0.018277999874866408,-0.02277105555827017,0.0,0.08636363636363636,-0.0879287335153637,-60.0,-8.0,0.07921221845320517,0.3,-1315.6810255936284,0.01234848484848483,0.029032258064516203]}}
{"op_code":5,"worker_id":"37728a4d-1ec7-47a3-a3e4-a134bb01fac1-27064","trial_id":48,"param_name":"unified_alpha","param_value_internal":0.0006843272470052205,"distribution":"{\"name\": \"FloatDistribution\", \"attributes\": {\"step\": null, \"low\": 1e-05, \"high\": 10.0, \"log\": true}}"}
{"op_code":8,"worker_id":"530f8329-6515-4204-9f1f-553153d0551a-8896","trial_id":44,"user_attr":{"raw_metrics":[0.39551315495527833,0.052108040133584034,0.6,0.019839095696224943,0.06424242424242424,0.13131667553277857,-0.17497310098278196,-0.3444744646549225,0.4567424242424242]}}
{"op_code":5,"worker_id":"37728a4d-1ec7-47a3-a3e4-a134bb01fac1-27064","trial_id":48,"param_name":"unified_rho","param_value_internal":0.1069881676350889,"distribution":"{\"name\": \"FloatDistribution\", \"attributes\": {\"step\": null, \"low\": 0.0, \"high\": 1.0, \"log\": false}}"}
{"op_code":8,"worker_id":"530f8329-6515-4204-9f1f-553153d0551a-8896","trial_id":44,"user_attr":{"val_metrics":[0.12095602321625978,-0.17586759864987758,0.5151515151515151,0.08785018490937849,-7.047096361828688]}}
{"op_code":5,"worker_id":"37728a4d-1ec7-47a3-a3e4-a134bb01fac1-27064","trial_id":48,"param_name":"unified_gamma","param_value_internal":101.15229545674183,"distribution":"{\"name\": \"FloatDistribution\", \"attributes\": {\"step\": null, \"low\": 1.5, \"high\": 10000.0, \"log\": true}}"}
{"op_code":6,"worker_id":"20a3be1f-9028-4cb6-9817-138300f6f93e-31796","trial_id":41,"state":1,"values":[-1.1179045185262235],"datetime_complete":"2026-07-14T11:41:51.422460"}
{"op_code":8,"worker_id":"530f8329-6515-4204-9f1f-553153d0551a-8896","trial_id":44,"user_attr":{"deflated_objective":-1.9315165638030038}}
{"op_code":9,"worker_id":"530f8329-6515-4204-9f1f-553153d0551a-8896","trial_id":44,"system_attr":{"constraints":[-0.019839095696224943,-0.052108040133584034,0.0,0.18575757575757576,-0.13131667553277857,-61.0,-8.0,-0.011164577426437013,0.09999999999999998,-1312.1152687832393,-0.0067424242424242165,0.030824372759856666]}}
{"op_code":6,"worker_id":"530f8329-6515-4204-9f1f-553153d0551a-8896","trial_id":44,"state":1,"values":[-1.4618024912073095],"datetime_complete":"2026-07-14T11:41:51.436239"}
{"op_code":8,"worker_id":"c46ad413-5802-4456-916c-1d6105af8399-3216","trial_id":47,"user_attr":{"constraints":[-0.001475412871373603,0.01732379624711705,0.19999999999999996,0.14212121212121212,-0.07195696975490748,-116.0,-8.0,0.14712520055973566,0.09999999999999998,-1176.5446461991085,0.030681818181818254,0.004525089605734778]}}
{"op_code":5,"worker_id":"37728a4d-1ec7-47a3-a3e4-a134bb01fac1-27064","trial_id":48,"param_name":"huber_delta","param_value_internal":1.3670613313593616,"distribution":"{\"name\": \"FloatDistribution\", \"attributes\": {\"step\": null, \"low\": 0.5, \"high\": 5.0, \"log\": false}}"}
{"op_code":8,"worker_id":"fdadefd7-971c-46a8-8dde-851c65d151cd-19068","trial_id":43,"user_attr":{"constraints":[-0.017903827646214503,-0.029670172269467505,0.0,0.1275757575757576,-0.09017161956193225,-53.0,-8.0,0.0460663062086212,0.3,-1336.9717559426122,0.012424242424242393,0.03458781362007174]}}
{"op_code":4,"worker_id":"530f8329-6515-4204-9f1f-553153d0551a-8896","study_id":0,"datetime_start":"2026-07-14T11:41:51.438376"}
{"op_code":8,"worker_id":"fdadefd7-971c-46a8-8dde-851c65d151cd-19068","trial_id":43,"user_attr":{"pruned_reasons":["M5 (Monotonicity <= 0.25)","Side-specific Yearly Tail IC Mean (-0.0461 <= 0)","Side-specific Hit Rate (20.00% < 50%)","Yearly Daily Win Rate (43.76% < 45%)","Side-specific Yearly Daily Win Rate (41.54% < 45%)"]}}
{"op_code":8,"worker_id":"fdadefd7-971c-46a8-8dde-851c65d151cd-19068","trial_id":43,"user_attr":{"gini":0.40419841715732474}}
{"op_code":8,"worker_id":"fdadefd7-971c-46a8-8dde-851c65d151cd-19068","trial_id":43,"user_attr":{"cv_is_ics":[0.10033607482910156,0.10198630392551422,0.11462204903364182,0.10186893492937088,0.0949997752904892,0.08521421998739243,0.0770597904920578,0.09411528706550598,0.08349242061376572,0.08234188705682755,0.0679226815700531,0.04803253337740898,0.07239469140768051,0.06169378012418747,0.06825113296508789]}}
{"op_code":5,"worker_id":"530f8329-6515-4204-9f1f-553153d0551a-8896","trial_id":49,"param_name":"k_weight","param_value_internal":1.223599650435716,"distribution":"{\"name\": \"FloatDistribution\", \"attributes\": {\"step\": null, \"low\": 0.0, \"high\": 1.5, \"log\": false}}"}
{"op_code":4,"worker_id":"3e916adb-f2ce-4588-8833-6c15975af72f-31796","study_id":0,"datetime_start":"2026-07-14T11:41:51.441826"}
{"op_code":5,"worker_id":"530f8329-6515-4204-9f1f-553153d0551a-8896","trial_id":49,"param_name":"unified_alpha","param_value_internal":0.0075136029873723404,"distribution":"{\"name\": \"FloatDistribution\", \"attributes\": {\"step\": null, \"low\": 1e-05, \"high\": 10.0, \"log\": true}}"}
{"op_code":8,"worker_id":"fdadefd7-971c-46a8-8dde-851c65d151cd-19068","trial_id":43,"user_attr":{"cv_oos_ics":[0.03610948845744133,-0.027817146852612495,-0.0476967990398407,0.0027259516064077616,0.007553467061370611,0.036094412207603455,0.06500765681266785,0.038588427007198334,0.05916470289230347,0.019867606461048126,0.02474093809723854,0.0726950392127037,0.007463440299034119,0.011959719471633434,0.05020866170525551]}}
{"op_code":5,"worker_id":"530f8329-6515-4204-9f1f-553153d0551a-8896","trial_id":49,"param_name":"unified_rho","param_value_internal":0.13679277981102497,"distribution":"{\"name\": \"FloatDistribution\", \"attributes\": {\"step\": null, \"low\": 0.0, \"high\": 1.0, \"log\": false}}"}
{"op_code":8,"worker_id":"c46ad413-5802-4456-916c-1d6105af8399-3216","trial_id":47,"user_attr":{"pruned_reasons":["M2 (Yearly Tail IC Mean <= 0)","M3 (Hit Rate < 60%)","M5 (Monotonicity <= 0.25)","Side-specific Yearly Tail IC Mean (-0.1471 <= 0)","Side-specific Hit Rate (40.00% < 50%)","Yearly Daily Win Rate (41.93% < 45%)","Side-specific Yearly Daily Win Rate (44.55% < 45%)"]}}
{"op_code":5,"worker_id":"3e916adb-f2ce-4588-8833-6c15975af72f-31796","trial_id":50,"param_name":"k_weight","param_value_internal":1.1808055278937795,"distribution":"{\"name\": \"FloatDistribution\", \"attributes\": {\"step\": null, \"low\": 0.0, \"high\": 1.5, \"log\": false}}"}
{"op_code":8,"worker_id":"fdadefd7-971c-46a8-8dde-851c65d151cd-19068","trial_id":43,"user_attr":{"reg_kappa":3.3507385642237226}}
{"op_code":4,"worker_id":"acd81f9d-a5cb-4a59-acb6-a08647dd5e86-24340","study_id":0,"datetime_start":"2026-07-14T11:41:51.461846"}
{"op_code":8,"worker_id":"c46ad413-5802-4456-916c-1d6105af8399-3216","trial_id":47,"user_attr":{"gini":0.4183916088073323}}
{"op_code":5,"worker_id":"acd81f9d-a5cb-4a59-acb6-a08647dd5e86-24340","trial_id":51,"param_name":"k_weight","param_value_internal":1.2091923747576592,"distribution":"{\"name\": \"FloatDistribution\", \"attributes\": {\"step\": null, \"low\": 0.0, \"high\": 1.5, \"log\": false}}"}
{"op_code":8,"worker_id":"c46ad413-5802-4456-916c-1d6105af8399-3216","trial_id":47,"user_attr":{"cv_is_ics":[0.10840637236833572,0.12416385114192963,0.11829148977994919,0.11540399491786957,0.10616107285022736,0.09350312501192093,0.0910244956612587,0.1062329038977623,0.09508543461561203,0.10915952175855637,0.08994182199239731,0.0872698575258255,0.08350961655378342,0.06659604609012604,0.10220623016357422]}}
{"op_code":5,"worker_id":"acd81f9d-a5cb-4a59-acb6-a08647dd5e86-24340","trial_id":51,"param_name":"unified_alpha","param_value_internal":0.012325878282982644,"distribution":"{\"name\": \"FloatDistribution\", \"attributes\": {\"step\": null, \"low\": 1e-05, \"high\": 10.0, \"log\": true}}"}
{"op_code":8,"worker_id":"c46ad413-5802-4456-916c-1d6105af8399-3216","trial_id":47,"user_attr":{"cv_oos_ics":[0.04682251811027527,-0.05820631608366966,-0.04557107761502266,0.013448379002511501,-0.008576094172894955,-0.00503663020208478,0.05464215576648712,0.008535484783351421,0.03325054049491882,0.014127489179372787,-0.01102136354893446,-0.003924279939383268,0.015567258931696415,0.0073379273526370525,-0.012373152188956738]}}
{"op_code":5,"worker_id":"acd81f9d-a5cb-4a59-acb6-a08647dd5e86-24340","trial_id":51,"param_name":"unified_rho","param_value_internal":0.15196217817858748,"distribution":"{\"name\": \"FloatDistribution\", \"attributes\": {\"step\": null, \"low\": 0.0, \"high\": 1.0, \"log\": false}}"}
{"op_code":8,"worker_id":"c46ad413-5802-4456-916c-1d6105af8399-3216","trial_id":47,"user_attr":{"reg_kappa":2.9457293196903116}}
{"op_code":5,"worker_id":"acd81f9d-a5cb-4a59-acb6-a08647dd5e86-24340","trial_id":51,"param_name":"unified_gamma","param_value_internal":1506.608328087987,"distribution":"{\"name\": \"FloatDistribution\", \"attributes\": {\"step\": null, \"low\": 1.5, \"high\": 10000.0, \"log\": true}}"}
{"op_code":5,"worker_id":"530f8329-6515-4204-9f1f-553153d0551a-8896","trial_id":49,"param_name":"unified_gamma","param_value_internal":1933.8476907487093,"distribution":"{\"name\": \"FloatDistribution\", \"attributes\": {\"step\": null, \"low\": 1.5, \"high\": 10000.0, \"log\": true}}"}
{"op_code":5,"worker_id":"acd81f9d-a5cb-4a59-acb6-a08647dd5e86-24340","trial_id":51,"param_name":"huber_delta","param_value_internal":0.6426213005980701,"distribution":"{\"name\": \"FloatDistribution\", \"attributes\": {\"step\": null, \"low\": 0.5, \"high\": 5.0, \"log\": false}}"}
{"op_code":8,"worker_id":"c46ad413-5802-4456-916c-1d6105af8399-3216","trial_id":47,"user_attr":{"raw_metrics":[-0.1369928045013026,-0.01732379624711705,0.4,0.001475412871373603,0.10787878787878788,0.07195696975490748,-0.1003003000174708,-0.12291976064443588,0.41931818181818176]}}
{"op_code":8,"worker_id":"c46ad413-5802-4456-916c-1d6105af8399-3216","trial_id":47,"user_attr":{"val_metrics":[0.08499618821251595,-0.3085197013362003,0.6606060606060606,0.06819420945830643,-4.801007913546567]}}
{"op_code":8,"worker_id":"37728a4d-1ec7-47a3-a3e4-a134bb01fac1-27064","trial_id":48,"user_attr":{"constraints":[-0.01342129432130056,-0.013102953354499625,0.19999999999999996,0.11303030303030304,-0.1720692802304684,-61.0,-8.0,0.0005289465393829684,0.09999999999999998,-1310.923474799575,0.010757575757575744,0.029435483870967782]}}
{"op_code":8,"worker_id":"c46ad413-5802-4456-916c-1d6105af8399-3216","trial_id":47,"user_attr":{"deflated_objective":-1.062416480312267}}
{"op_code":9,"worker_id":"c46ad413-5802-4456-916c-1d6105af8399-3216","trial_id":47,"system_attr":{"constraints":[-0.001475412871373603,0.01732379624711705,0.19999999999999996,0.14212121212121212,-0.07195696975490748,-116.0,-8.0,0.14712520055973566,0.09999999999999998,-1176.5446461991085,0.030681818181818254,0.004525089605734778]}}
{"op_code":6,"worker_id":"c46ad413-5802-4456-916c-1d6105af8399-3216","trial_id":47,"state":1,"values":[-0.6054784820095421],"datetime_complete":"2026-07-14T11:41:51.489664"}
{"op_code":8,"worker_id":"37728a4d-1ec7-47a3-a3e4-a134bb01fac1-27064","trial_id":48,"user_attr":{"pruned_reasons":["M3 (Hit Rate < 60%)","M5 (Monotonicity <= 0.25)","Side-specific Yearly Tail IC Mean (-0.0005 <= 0)","Side-specific Hit Rate (40.00% < 50%)","Yearly Daily Win Rate (43.92% < 45%)","Side-specific Yearly Daily Win Rate (42.06% < 45%)"]}}
{"op_code":8,"worker_id":"37728a4d-1ec7-47a3-a3e4-a134bb01fac1-27064","trial_id":48,"user_attr":{"gini":0.46075283444656834}}
{"op_code":8,"worker_id":"37728a4d-1ec7-47a3-a3e4-a134bb01fac1-27064","trial_id":48,"user_attr":{"cv_is_ics":[0.1117505133152008,0.12043759971857071,0.12170656770467758,0.10808530449867249,0.10225482285022736,0.08452880382537842,0.0869826227426529,0.10222746431827545,0.09255574643611908,0.10428746044635773,0.07966215908527374,0.07642022520303726,0.07988292723894119,0.06163555383682251,0.07861872017383575]}}
{"op_code":8,"worker_id":"37728a4d-1ec7-47a3-a3e4-a134bb01fac1-27064","trial_id":48,"user_attr":{"cv_oos_ics":[0.05412664636969566,-0.05934581533074379,-0.03793593868613243,0.008795454166829586,0.0032035261392593384,0.014878405258059502,0.06871980428695679,0.0014870504382997751,0.05027949810028076,0.021950263530015945,-0.0240509994328022,0.02127048745751381,0.0055404542945325375,0.011626888997852802,0.008403044193983078]}}
{"op_code":8,"worker_id":"37728a4d-1ec7-47a3-a3e4-a134bb01fac1-27064","trial_id":48,"user_attr":{"reg_kappa":3.282362450180897}}
{"op_code":8,"worker_id":"37728a4d-1ec7-47a3-a3e4-a134bb01fac1-27064","trial_id":48,"user_attr":{"raw_metrics":[0.10766285012860577,0.013102953354499625,0.4,0.01342129432130056,0.13696969696969696,0.1720692802304684,-0.17406542306688438,-0.30260100960731506,0.43924242424242427]}}
{"op_code":4,"worker_id":"ec093eaf-939d-49a2-bf9b-a1be6172320b-3216","study_id":0,"datetime_start":"2026-07-14T11:41:51.499923"}
{"op_code":8,"worker_id":"37728a4d-1ec7-47a3-a3e4-a134bb01fac1-27064","trial_id":48,"user_attr":{"val_metrics":[0.09742285357852408,-0.2361661294704156,0.5878787878787879,0.08022762323108812,-5.9394606597642525]}}
{"op_code":5,"worker_id":"ec093eaf-939d-49a2-bf9b-a1be6172320b-3216","trial_id":52,"param_name":"k_weight","param_value_internal":1.3239828585161906,"distribution":"{\"name\": \"FloatDistribution\", \"attributes\": {\"step\": null, \"low\": 0.0, \"high\": 1.5, \"log\": false}}"}
{"op_code":5,"worker_id":"ec093eaf-939d-49a2-bf9b-a1be6172320b-3216","trial_id":52,"param_name":"unified_alpha","param_value_internal":0.21011489499378852,"distribution":"{\"name\": \"FloatDistribution\", \"attributes\": {\"step\": null, \"low\": 1e-05, \"high\": 10.0, \"log\": true}}"}
{"op_code":8,"worker_id":"37728a4d-1ec7-47a3-a3e4-a134bb01fac1-27064","trial_id":48,"user_attr":{"deflated_objective":-1.4994906516928963}}
{"op_code":5,"worker_id":"ec093eaf-939d-49a2-bf9b-a1be6172320b-3216","trial_id":52,"param_name":"unified_rho","param_value_internal":0.18133705704261305,"distribution":"{\"name\": \"FloatDistribution\", \"attributes\": {\"step\": null, \"low\": 0.0, \"high\": 1.0, \"log\": false}}"}
{"op_code":9,"worker_id":"37728a4d-1ec7-47a3-a3e4-a134bb01fac1-27064","trial_id":48,"system_attr":{"constraints":[-0.01342129432130056,-0.013102953354499625,0.19999999999999996,0.11303030303030304,-0.1720692802304684,-61.0,-8.0,0.0005289465393829684,0.09999999999999998,-1310.923474799575,0.010757575757575744,0.029435483870967782]}}
{"op_code":6,"worker_id":"37728a4d-1ec7-47a3-a3e4-a134bb01fac1-27064","trial_id":48,"state":1,"values":[-1.037948212443182],"datetime_complete":"2026-07-14T11:41:51.512132"}
{"op_code":5,"worker_id":"530f8329-6515-4204-9f1f-553153d0551a-8896","trial_id":49,"param_name":"huber_delta","param_value_internal":1.613545615192512,"distribution":"{\"name\": \"FloatDistribution\", \"attributes\": {\"step\": null, \"low\": 0.5, \"high\": 5.0, \"log\": false}}"}
{"op_code":5,"worker_id":"ec093eaf-939d-49a2-bf9b-a1be6172320b-3216","trial_id":52,"param_name":"unified_gamma","param_value_internal":87.39943472183411,"distribution":"{\"name\": \"FloatDistribution\", \"attributes\": {\"step\": null, \"low\": 1.5, \"high\": 10000.0, \"log\": true}}"}
{"op_code":5,"worker_id":"ec093eaf-939d-49a2-bf9b-a1be6172320b-3216","trial_id":52,"param_name":"huber_delta","param_value_internal":0.531528873072431,"distribution":"{\"name\": \"FloatDistribution\", \"attributes\": {\"step\": null, \"low\": 0.5, \"high\": 5.0, \"log\": false}}"}
{"op_code":8,"worker_id":"acd81f9d-a5cb-4a59-acb6-a08647dd5e86-24340","trial_id":51,"user_attr":{"constraints":[-0.018975454451668584,0.02667326553535714,0.19999999999999996,0.14212121212121215,-0.0644516489411184,-45.0,-6.0,0.08237147082023742,0.09999999999999998,-1377.3673434419727,0.04068181818181821,0.03499103942652332]}}
{"op_code":8,"worker_id":"acd81f9d-a5cb-4a59-acb6-a08647dd5e86-24340","trial_id":51,"user_attr":{"pruned_reasons":["M2 (Yearly Tail IC Mean <= 0)","M3 (Hit Rate < 60%)","M5 (Monotonicity <= 0.25)","Side-specific Yearly Tail IC Mean (-0.0824 <= 0)","Side-specific Hit Rate (40.00% < 50%)","Yearly Daily Win Rate (40.93% < 45%)","Side-specific Yearly Daily Win Rate (41.50% < 45%)"]}}
{"op_code":8,"worker_id":"acd81f9d-a5cb-4a59-acb6-a08647dd5e86-24340","trial_id":51,"user_attr":{"gini":0.472674338333962}}
{"op_code":8,"worker_id":"acd81f9d-a5cb-4a59-acb6-a08647dd5e86-24340","trial_id":51,"user_attr":{"cv_is_ics":[0.1114780381321907,0.12995171546936035,0.12182586640119553,0.10845080763101578,0.09959673136472702,0.09522756189107895,0.09737078100442886,0.10265810042619705,0.10049416869878769,0.10879034548997879,0.0831143707036972,0.08821585029363632,0.08311963081359863,0.06239023432135582,0.08739718049764633]}}
{"op_code":8,"worker_id":"acd81f9d-a5cb-4a59-acb6-a08647dd5e86-24340","trial_id":51,"user_attr":{"cv_oos_ics":[0.052421629428863525,-0.04287143051624298,-0.03929927200078964,0.0035959726665169,-0.0059834630228579044,0.014774378389120102,0.06910832971334457,-0.008480102755129337,0.046475522220134735,0.03205231577157974,-0.00682061817497015,0.01733837090432644,0.004736351314932108,0.01999915950000286,-0.00824382808059454]}}
{"op_code":8,"worker_id":"fdadefd7-971c-46a8-8dde-851c65d151cd-19068","trial_id":43,"user_attr":{"raw_metrics":[0.27760193658072163,0.029670172269467505,0.6,0.017903827646214503,0.12242424242424241,0.09017161956193225,-0.194696114112662,-0.3900262713432312,0.4375757575757576]}}
{"op_code":8,"worker_id":"fdadefd7-971c-46a8-8dde-851c65d151cd-19068","trial_id":43,"user_attr":{"val_metrics":[0.13440309915394963,-0.062035682027211644,0.5393939393939394,0.08774775564360122,-6.2739165183344126]}}
{"op_code":4,"worker_id":"37728a4d-1ec7-47a3-a3e4-a134bb01fac1-27064","study_id":0,"datetime_start":"2026-07-14T11:41:51.514542"}
{"op_code":8,"worker_id":"acd81f9d-a5cb-4a59-acb6-a08647dd5e86-24340","trial_id":51,"user_attr":{"reg_kappa":3.3954243497752747}}
{"op_code":5,"worker_id":"37728a4d-1ec7-47a3-a3e4-a134bb01fac1-27064","trial_id":53,"param_name":"k_weight","param_value_internal":1.2256115897735829,"distribution":"{\"name\": \"FloatDistribution\", \"attributes\": {\"step\": null, \"low\": 0.0, \"high\": 1.5, \"log\": false}}"}
{"op_code":8,"worker_id":"fdadefd7-971c-46a8-8dde-851c65d151cd-19068","trial_id":43,"user_attr":{"deflated_objective":-1.5612256516706493}}
{"op_code":8,"worker_id":"acd81f9d-a5cb-4a59-acb6-a08647dd5e86-24340","trial_id":51,"user_attr":{"raw_metrics":[-0.22085218640435364,-0.02667326553535714,0.4,0.018975454451668584,0.10787878787878787,0.0644516489411184,-0.19461142828141687,-0.2973824143409729,0.4093181818181818]}}
{"op_code":8,"worker_id":"acd81f9d-a5cb-4a59-acb6-a08647dd5e86-24340","trial_id":51,"user_attr":{"val_metrics":[0.09673287665380176,-0.26240341493083164,0.5757575757575758,0.04849465655473372,-4.726344910609827]}}
{"op_code":5,"worker_id":"37728a4d-1ec7-47a3-a3e4-a134bb01fac1-27064","trial_id":53,"param_name":"unified_alpha","param_value_internal":0.30186602340422664,"distribution":"{\"name\": \"FloatDistribution\", \"attributes\": {\"step\": null, \"low\": 1e-05, \"high\": 10.0, \"log\": true}}"}
{"op_code":8,"worker_id":"acd81f9d-a5cb-4a59-acb6-a08647dd5e86-24340","trial_id":51,"user_attr":{"deflated_objective":-1.0304242029454889}}
{"op_code":9,"worker_id":"acd81f9d-a5cb-4a59-acb6-a08647dd5e86-24340","trial_id":51,"system_attr":{"constraints":[-0.018975454451668584,0.02667326553535714,0.19999999999999996,0.14212121212121215,-0.0644516489411184,-45.0,-6.0,0.08237147082023742,0.09999999999999998,-1377.3673434419727,0.04068181818181821,0.03499103942652332]}}
{"op_code":9,"worker_id":"fdadefd7-971c-46a8-8dde-851c65d151cd-19068","trial_id":43,"system_attr":{"constraints":[-0.017903827646214503,-0.029670172269467505,0.0,0.1275757575757576,-0.09017161956193225,-53.0,-8.0,0.0460663062086212,0.3,-1336.9717559426122,0.012424242424242393,0.03458781362007174]}}
{"op_code":8,"worker_id":"ec093eaf-939d-49a2-bf9b-a1be6172320b-3216","trial_id":52,"user_attr":{"constraints":[0.017015363317440836,4.762186198647989e-06,0.19999999999999996,0.41363636363636364,0.08661017015881967,-50.0,5.0,-0.19778986223957762,-0.5,-1407.0702107000675,0.03583333333333333,0.03189964157706093]}}
{"op_code":8,"worker_id":"ec093eaf-939d-49a2-bf9b-a1be6172320b-3216","trial_id":52,"user_attr":{"pruned_reasons":["M4 (Overall IC <= 0)","M2 (Yearly Tail IC Mean <= 0)","M3 (Hit Rate < 60%)","M5 (Monotonicity <= 0.25)","M6 (Top-Bottom Spread <= 0)","Active features count (0) is less than active feature floor (5)","Yearly Daily Win Rate (41.42% < 45%)","Side-specific Yearly Daily Win Rate (41.81% < 45%)"]}}
{"op_code":6,"worker_id":"acd81f9d-a5cb-4a59-acb6-a08647dd5e86-24340","trial_id":51,"state":1,"values":[-0.5644779459175188],"datetime_complete":"2026-07-14T11:41:51.546336"}
{"op_code":5,"worker_id":"37728a4d-1ec7-47a3-a3e4-a134bb01fac1-27064","trial_id":53,"param_name":"unified_rho","param_value_internal":0.3128856168393613,"distribution":"{\"name\": \"FloatDistribution\", \"attributes\": {\"step\": null, \"low\": 0.0, \"high\": 1.0, \"log\": false}}"}
{"op_code":4,"worker_id":"acd81f9d-a5cb-4a59-acb6-a08647dd5e86-24340","study_id":0,"datetime_start":"2026-07-14T11:41:51.552482"}
{"op_code":5,"worker_id":"37728a4d-1ec7-47a3-a3e4-a134bb01fac1-27064","trial_id":53,"param_name":"unified_gamma","param_value_internal":748.9167701739459,"distribution":"{\"name\": \"FloatDistribution\", \"attributes\": {\"step\": null, \"low\": 1.5, \"high\": 10000.0, \"log\": true}}"}
{"op_code":5,"worker_id":"37728a4d-1ec7-47a3-a3e4-a134bb01fac1-27064","trial_id":53,"param_name":"huber_delta","param_value_internal":3.298423965848337,"distribution":"{\"name\": \"FloatDistribution\", \"attributes\": {\"step\": null, \"low\": 0.5, \"high\": 5.0, \"log\": false}}"}
{"op_code":8,"worker_id":"530f8329-6515-4204-9f1f-553153d0551a-8896","trial_id":49,"user_attr":{"constraints":[-0.02311677403976938,-0.04721436497297736,0.0,0.13,-0.1372284931464935,-43.0,-7.0,-0.0561480869592824,-0.09999999999999998,-1380.8894915952699,-0.005833333333333357,0.0234767025089605]}}
{"op_code":8,"worker_id":"530f8329-6515-4204-9f1f-553153d0551a-8896","trial_id":49,"user_attr":{"pruned_reasons":["M5 (Monotonicity <= 0.25)","Side-specific Yearly Daily Win Rate (42.65% < 45%)"]}}
{"op_code":6,"worker_id":"fdadefd7-971c-46a8-8dde-851c65d151cd-19068","trial_id":43,"state":1,"values":[-1.103228837178379],"datetime_complete":"2026-07-14T11:41:51.547676"}
{"op_code":5,"worker_id":"acd81f9d-a5cb-4a59-acb6-a08647dd5e86-24340","trial_id":54,"param_name":"k_weight","param_value_internal":0.3698942282414709,"distribution":"{\"name\": \"FloatDistribution\", \"attributes\": {\"step\": null, \"low\": 0.0, \"high\": 1.5, \"log\": false}}"}
{"op_code":4,"worker_id":"fdadefd7-971c-46a8-8dde-851c65d151cd-19068","study_id":0,"datetime_start":"2026-07-14T11:41:51.567764"}
{"op_code":5,"worker_id":"acd81f9d-a5cb-4a59-acb6-a08647dd5e86-24340","trial_id":54,"param_name":"unified_alpha","param_value_internal":0.280479837972032,"distribution":"{\"name\": \"FloatDistribution\", \"attributes\": {\"step\": null, \"low\": 1e-05, \"high\": 10.0, \"log\": true}}"}
{"op_code":5,"worker_id":"fdadefd7-971c-46a8-8dde-851c65d151cd-19068","trial_id":55,"param_name":"k_weight","param_value_internal":1.3132328954323136,"distribution":"{\"name\": \"FloatDistribution\", \"attributes\": {\"step\": null, \"low\": 0.0, \"high\": 1.5, \"log\": false}}"}
{"op_code":5,"worker_id":"acd81f9d-a5cb-4a59-acb6-a08647dd5e86-24340","trial_id":54,"param_name":"unified_rho","param_value_internal":0.3272778456734998,"distribution":"{\"name\": \"FloatDistribution\", \"attributes\": {\"step\": null, \"low\": 0.0, \"high\": 1.0, \"log\": false}}"}
{"op_code":8,"worker_id":"530f8329-6515-4204-9f1f-553153d0551a-8896","trial_id":49,"user_attr":{"gini":0.4572795008061368}}
{"op_code":5,"worker_id":"acd81f9d-a5cb-4a59-acb6-a08647dd5e86-24340","trial_id":54,"param_name":"unified_gamma","param_value_internal":678.4051133753069,"distribution":"{\"name\": \"FloatDistribution\", \"attributes\": {\"step\": null, \"low\": 1.5, \"high\": 10000.0, \"log\": true}}"}
{"op_code":5,"worker_id":"fdadefd7-971c-46a8-8dde-851c65d151cd-19068","trial_id":55,"param_name":"unified_alpha","param_value_internal":0.20571766518444842,"distribution":"{\"name\": \"FloatDistribution\", \"attributes\": {\"step\": null, \"low\": 1e-05, \"high\": 10.0, \"log\": true}}"}
{"op_code":5,"worker_id":"acd81f9d-a5cb-4a59-acb6-a08647dd5e86-24340","trial_id":54,"param_name":"huber_delta","param_value_internal":3.2807704908660797,"distribution":"{\"name\": \"FloatDistribution\", \"attributes\": {\"step\": null, \"low\": 0.5, \"high\": 5.0, \"log\": false}}"}
{"op_code":8,"worker_id":"530f8329-6515-4204-9f1f-553153d0551a-8896","trial_id":49,"user_attr":{"cv_is_ics":[0.10707864165306091,0.1143893375992775,0.11987937241792679,0.10801863670349121,0.10064288228750229,0.07905372232198715,0.08118737488985062,0.10000046342611313,0.08629809319972992,0.09657827019691467,0.07802043110132217,0.06697876006364822,0.07967489212751389,0.06135861203074455,0.0715382918715477]}}
{"op_code":8,"worker_id":"530f8329-6515-4204-9f1f-553153d0551a-8896","trial_id":49,"user_attr":{"cv_oos_ics":[0.053632766008377075,-0.04812980815768242,-0.029261788353323936,0.00919138453900814,0.00796985812485218,0.0303775854408741,0.0671849176287651,0.015549750067293644,0.05676361173391342,0.023857472464442253,-0.01336557138711214,0.05430205911397934,0.0073011391796171665,0.013555976562201977,0.026341009885072708]}}
{"op_code":8,"worker_id":"ec093eaf-939d-49a2-bf9b-a1be6172320b-3216","trial_id":52,"user_attr":{"gini":0.0}}
{"op_code":5,"worker_id":"fdadefd7-971c-46a8-8dde-851c65d151cd-19068","trial_id":55,"param_name":"unified_rho","param_value_internal":0.3102262096151691,"distribution":"{\"name\": \"FloatDistribution\", \"attributes\": {\"step\": null, \"low\": 0.0, \"high\": 1.0, \"log\": false}}"}
{"op_code":8,"worker_id":"ec093eaf-939d-49a2-bf9b-a1be6172320b-3216","trial_id":52,"user_attr":{"cv_is_ics":[0.0,0.05877344310283661,0.040159981697797775,0.0,0.0,0.0,0.0,0.0,0.0,0.056332338601350784,0.0,0.05964960530400276,0.0,0.03625994175672531,0.0]}}
{"op_code":5,"worker_id":"fdadefd7-971c-46a8-8dde-851c65d151cd-19068","trial_id":55,"param_name":"unified_gamma","param_value_internal":732.9864408382308,"distribution":"{\"name\": \"FloatDistribution\", \"attributes\": {\"step\": null, \"low\": 1.5, \"high\": 10000.0, \"log\": true}}"}
{"op_code":8,"worker_id":"ec093eaf-939d-49a2-bf9b-a1be6172320b-3216","trial_id":52,"user_attr":{"cv_oos_ics":[0.0,-0.026923954486846924,0.014697381295263767,0.0,0.0,0.0,0.0,0.0,0.0,-0.022704988718032837,0.0,-0.0270110871642828,0.0,-0.0021331890020519495,0.0]}}
{"op_code":5,"worker_id":"fdadefd7-971c-46a8-8dde-851c65d151cd-19068","trial_id":55,"param_name":"huber_delta","param_value_internal":3.3699613833180986,"distribution":"{\"name\": \"FloatDistribution\", \"attributes\": {\"step\": null, \"low\": 0.5, \"high\": 5.0, \"log\": false}}"}
{"op_code":8,"worker_id":"ec093eaf-939d-49a2-bf9b-a1be6172320b-3216","trial_id":52,"user_attr":{"reg_kappa":2.8464763116512612}}
{"op_code":8,"worker_id":"ec093eaf-939d-49a2-bf9b-a1be6172320b-3216","trial_id":52,"user_attr":{"raw_metrics":[-4.971541634147493e-05,-4.762186198647989e-06,0.4,-0.017015363317440836,-0.16363636363636364,-0.08661017015881967,-0.0,-0.0,0.4141666666666667]}}
{"op_code":8,"worker_id":"e5f26563-4805-4941-80df-758c4ba73a03-24364","trial_id":7,"user_attr":{"val_metrics":[0.11593579202281262,-0.18732251330275468,0.6484848484848484,0.10756442633457482,-7.740643319292245]}}
{"op_code":8,"worker_id":"ec093eaf-939d-49a2-bf9b-a1be6172320b-3216","trial_id":52,"user_attr":{"val_metrics":[0.0,0.0,0.12727272727272726,0.09160962854822477,-4.432025928359728]}}
{"op_code":8,"worker_id":"530f8329-6515-4204-9f1f-553153d0551a-8896","trial_id":49,"user_attr":{"reg_kappa":3.425236187933224}}
{"op_code":8,"worker_id":"ec093eaf-939d-49a2-bf9b-a1be6172320b-3216","trial_id":52,"user_attr":{"deflated_objective":-0.8682392255141829}}
{"op_code":8,"worker_id":"e5f26563-4805-4941-80df-758c4ba73a03-24364","trial_id":7,"user_attr":{"deflated_objective":-2.202557742334256}}
{"op_code":8,"worker_id":"530f8329-6515-4204-9f1f-553153d0551a-8896","trial_id":49,"user_attr":{"raw_metrics":[0.3274359518979702,0.04721436497297736,0.6,0.02311677403976938,0.12,0.1372284931464935,-0.21533595656107904,-0.3923443555831909,0.45583333333333337]}}
{"op_code":8,"worker_id":"530f8329-6515-4204-9f1f-553153d0551a-8896","trial_id":49,"user_attr":{"val_metrics":[0.10711006666188326,-0.25548251462280136,0.696969696969697,0.08262553192364673,-5.243010567954629]}}
{"op_code":9,"worker_id":"e5f26563-4805-4941-80df-758c4ba73a03-24364","trial_id":7,"system_attr":{"constraints":[-0.023250902554826473,-0.048926254669686295,0.0,0.0887878787878788,-0.06251094318619119,-43.0,-5.0,0.019656765059990866,0.09999999999999998,-1392.5360113711079,0.015757575757575804,0.0109767025089606]}}
{"op_code":8,"worker_id":"acd81f9d-a5cb-4a59-acb6-a08647dd5e86-24340","trial_id":54,"user_attr":{"constraints":[-0.010116723048581638,-0.04806021023235049,-0.20000000000000007,0.13484848484848486,-0.008210893465464063,-113.0,4.0,-0.12018682276746792,-0.30000000000000004,-1215.2860566536044,0.013257575757575801,-0.006586021505376294]}}
{"op_code":6,"worker_id":"e5f26563-4805-4941-80df-758c4ba73a03-24364","trial_id":7,"state":1,"values":[-1.7309719298129778],"datetime_complete":"2026-07-14T11:41:51.613320"}
{"op_code":8,"worker_id":"acd81f9d-a5cb-4a59-acb6-a08647dd5e86-24340","trial_id":54,"user_attr":{"pruned_reasons":["M5 (Monotonicity <= 0.25)","Active features count (1) is less than active feature floor (5)","Yearly Daily Win Rate (43.67% < 45%)"]}}
{"op_code":8,"worker_id":"acd81f9d-a5cb-4a59-acb6-a08647dd5e86-24340","trial_id":54,"user_attr":{"gini":0.9230768590619993}}
{"op_code":8,"worker_id":"530f8329-6515-4204-9f1f-553153d0551a-8896","trial_id":49,"user_attr":{"deflated_objective":-1.2170109452669684}}
{"op_code":9,"worker_id":"530f8329-6515-4204-9f1f-553153d0551a-8896","trial_id":49,"system_attr":{"constraints":[-0.02311677403976938,-0.04721436497297736,0.0,0.13,-0.1372284931464935,-43.0,-7.0,-0.0561480869592824,-0.09999999999999998,-1380.8894915952699,-0.005833333333333357,0.0234767025089605]}}
{"op_code":6,"worker_id":"530f8329-6515-4204-9f1f-553153d0551a-8896","trial_id":49,"state":1,"values":[-0.7552169175911333],"datetime_complete":"2026-07-14T11:41:51.623361"}
{"op_code":9,"worker_id":"ec093eaf-939d-49a2-bf9b-a1be6172320b-3216","trial_id":52,"system_attr":{"constraints":[0.017015363317440836,4.762186198647989e-06,0.19999999999999996,0.41363636363636364,0.08661017015881967,-50.0,5.0,-0.19778986223957762,-0.5,-1407.0702107000675,0.03583333333333333,0.03189964157706093]}}
{"op_code":6,"worker_id":"ec093eaf-939d-49a2-bf9b-a1be6172320b-3216","trial_id":52,"state":1,"values":[-0.39631075957582834],"datetime_complete":"2026-07-14T11:41:51.626813"}
{"op_code":8,"worker_id":"acd81f9d-a5cb-4a59-acb6-a08647dd5e86-24340","trial_id":54,"user_attr":{"cv_is_ics":[0.0,0.07364584505558014,0.040159981697797775,0.0,0.036744650453329086,0.04411344230175018,0.0,0.05951296165585518,0.0,0.056332338601350784,0.020569171756505966,0.05964960530400276,0.06269493699073792,0.03625994175672531,0.06655284017324448]}}
{"op_code":4,"worker_id":"ec093eaf-939d-49a2-bf9b-a1be6172320b-3216","study_id":0,"datetime_start":"2026-07-14T11:41:51.629474"}
{"op_code":8,"worker_id":"acd81f9d-a5cb-4a59-acb6-a08647dd5e86-24340","trial_id":54,"user_attr":{"cv_oos_ics":[0.0,-0.030249008908867836,0.014697381295263767,0.0,0.004284165799617767,-0.0049515170976519585,0.0,-0.02256486937403679,0.0,-0.022704988718032837,0.04308272898197174,-0.0270110871642828,-0.025603601709008217,-0.0021331890020519495,-0.00670205382630229]}}
{"op_code":8,"worker_id":"acd81f9d-a5cb-4a59-acb6-a08647dd5e86-24340","trial_id":54,"user_attr":{"reg_kappa":2.4567679008388352}}
{"op_code":8,"worker_id":"acd81f9d-a5cb-4a59-acb6-a08647dd5e86-24340","trial_id":54,"user_attr":{"raw_metrics":[0.6530552311124247,0.04806021023235049,0.8,0.010116723048581638,0.11515151515151514,0.008210893465464063,-0.00873730328952083,-0.0004196689114905894,0.4367424242424242]}}
{"op_code":8,"worker_id":"fdadefd7-971c-46a8-8dde-851c65d151cd-19068","trial_id":55,"user_attr":{"constraints":[-0.02628046750859599,-0.012111481666691386,0.0,0.14212121212121215,-0.06676810509982434,-46.0,1.0,0.013413203119085476,0.09999999999999998,-1404.1720167205972,-0.0067424242424242165,-0.0074820788530466364]}}
{"op_code":8,"worker_id":"acd81f9d-a5cb-4a59-acb6-a08647dd5e86-24340","trial_id":54,"user_attr":{"val_metrics":[-0.1375437922936207,-0.3831551521277622,-0.5393939393939394,-0.44219053282402454,-9.700651168156874]}}
{"op_code":8,"worker_id":"37728a4d-1ec7-47a3-a3e4-a134bb01fac1-27064","trial_id":53,"user_attr":{"constraints":[-0.017143826494740912,0.009368943240278016,0.19999999999999996,0.10575757575757577,-0.07287897383186208,-52.0,2.0,-0.06022102476561679,-0.30000000000000004,-1382.101702372621,-0.015757575757575693,-0.036245519713261676]}}
{"op_code":5,"worker_id":"ec093eaf-939d-49a2-bf9b-a1be6172320b-3216","trial_id":56,"param_name":"k_weight","param_value_internal":1.1331127819699054,"distribution":"{\"name\": \"FloatDistribution\", \"attributes\": {\"step\": null, \"low\": 0.0, \"high\": 1.5, \"log\": false}}"}
{"op_code":8,"worker_id":"acd81f9d-a5cb-4a59-acb6-a08647dd5e86-24340","trial_id":54,"user_attr":{"deflated_objective":-3.3631418094008154}}
{"op_code":9,"worker_id":"acd81f9d-a5cb-4a59-acb6-a08647dd5e86-24340","trial_id":54,"system_attr":{"constraints":[-0.010116723048581638,-0.04806021023235049,-0.20000000000000007,0.13484848484848486,-0.008210893465464063,-113.0,4.0,-0.12018682276746792,-0.30000000000000004,-1215.2860566536044,0.013257575757575801,-0.006586021505376294]}}
{"op_code":8,"worker_id":"37728a4d-1ec7-47a3-a3e4-a134bb01fac1-27064","trial_id":53,"user_attr":{"pruned_reasons":["M2 (Yearly Tail IC Mean <= 0)","M3 (Hit Rate < 60%)","M5 (Monotonicity <= 0.25)","Active features count (3) is less than active feature floor (5)"]}}
{"op_code":8,"worker_id":"fdadefd7-971c-46a8-8dde-851c65d151cd-19068","trial_id":55,"user_attr":{"pruned_reasons":["M5 (Monotonicity <= 0.25)","Active features count (4) is less than active feature floor (5)","Side-specific Yearly Tail IC Mean (-0.0134 <= 0)","Side-specific Hit Rate (40.00% < 50%)"]}}
{"op_code":8,"worker_id":"fdadefd7-971c-46a8-8dde-851c65d151cd-19068","trial_id":55,"user_attr":{"gini":0.779492181678215}}
{"op_code":6,"worker_id":"acd81f9d-a5cb-4a59-acb6-a08647dd5e86-24340","trial_id":54,"state":1,"values":[-2.737443962007707],"datetime_complete":"2026-07-14T11:41:51.646091"}
{"op_code":5,"worker_id":"ec093eaf-939d-49a2-bf9b-a1be6172320b-3216","trial_id":56,"param_name":"unified_alpha","param_value_internal":0.03711847247612771,"distribution":"{\"name\": \"FloatDistribution\", \"attributes\": {\"step\": null, \"low\": 1e-05, \"high\": 10.0, \"log\": true}}"}
{"op_code":5,"worker_id":"ec093eaf-939d-49a2-bf9b-a1be6172320b-3216","trial_id":56,"param_name":"unified_rho","param_value_internal":0.3367341966570972,"distribution":"{\"name\": \"FloatDistribution\", \"attributes\": {\"step\": null, \"low\": 0.0, \"high\": 1.0, \"log\": false}}"}
{"op_code":8,"worker_id":"37728a4d-1ec7-47a3-a3e4-a134bb01fac1-27064","trial_id":53,"user_attr":{"gini":0.8721378538364328}}
{"op_code":5,"worker_id":"ec093eaf-939d-49a2-bf9b-a1be6172320b-3216","trial_id":56,"param_name":"unified_gamma","param_value_internal":2658.5580655675435,"distribution":"{\"name\": \"FloatDistribution\", \"attributes\": {\"step\": null, \"low\": 1.5, \"high\": 10000.0, \"log\": true}}"}
{"op_code":4,"worker_id":"9f6f3692-e404-4505-9dd4-afc64085a6c7-24340","study_id":0,"datetime_start":"2026-07-14T11:41:51.658564"}
{"op_code":8,"worker_id":"37728a4d-1ec7-47a3-a3e4-a134bb01fac1-27064","trial_id":53,"user_attr":{"cv_is_ics":[0.06547409296035767,0.08131304383277893,0.08347161114215851,0.06260298937559128,0.05470374971628189,0.07753663510084152,0.07318885624408722,0.0817328467965126,0.08203086256980896,0.0619979090988636,0.05619125813245773,0.04533069208264351,0.06132717430591583,0.06639204174280167,0.06323696672916412]}}
{"op_code":5,"worker_id":"ec093eaf-939d-49a2-bf9b-a1be6172320b-3216","trial_id":56,"param_name":"huber_delta","param_value_internal":1.651789939685453,"distribution":"{\"name\": \"FloatDistribution\", \"attributes\": {\"step\": null, \"low\": 0.5, \"high\": 5.0, \"log\": false}}"}
{"op_code":5,"worker_id":"9f6f3692-e404-4505-9dd4-afc64085a6c7-24340","trial_id":57,"param_name":"k_weight","param_value_internal":1.1388671253468778,"distribution":"{\"name\": \"FloatDistribution\", \"attributes\": {\"step\": null, \"low\": 0.0, \"high\": 1.5, \"log\": false}}"}
{"op_code":8,"worker_id":"37728a4d-1ec7-47a3-a3e4-a134bb01fac1-27064","trial_id":53,"user_attr":{"cv_oos_ics":[0.03150297701358795,0.011213467456400394,-0.016559289768338203,0.02538038045167923,0.04454631730914116,0.008579900488257408,0.009473983198404312,0.013031658716499805,-0.012559887953102589,0.0009493699762970209,0.022742686793208122,0.0550529919564724,-0.004780343268066645,0.04089715704321861,-0.0003442632732912898]}}
{"op_code":5,"worker_id":"9f6f3692-e404-4505-9dd4-afc64085a6c7-24340","trial_id":57,"param_name":"unified_alpha","param_value_internal":0.006387688965283583,"distribution":"{\"name\": \"FloatDistribution\", \"attributes\": {\"step\": null, \"low\": 1e-05, \"high\": 10.0, \"log\": true}}"}
{"op_code":8,"worker_id":"37728a4d-1ec7-47a3-a3e4-a134bb01fac1-27064","trial_id":53,"user_attr":{"reg_kappa":2.711415608335924}}
{"op_code":5,"worker_id":"9f6f3692-e404-4505-9dd4-afc64085a6c7-24340","trial_id":57,"param_name":"unified_rho","param_value_internal":0.20153777179809024,"distribution":"{\"name\": \"FloatDistribution\", \"attributes\": {\"step\": null, \"low\": 0.0, \"high\": 1.0, \"log\": false}}"}
{"op_code":8,"worker_id":"37728a4d-1ec7-47a3-a3e4-a134bb01fac1-27064","trial_id":53,"user_attr":{"raw_metrics":[-0.20973811274695575,-0.009368943240278016,0.4,0.017143826494740912,0.14424242424242423,0.07287897383186208,-0.05394089267996176,-0.04768075793981552,0.4657575757575757]}}
{"op_code":8,"worker_id":"37728a4d-1ec7-47a3-a3e4-a134bb01fac1-27064","trial_id":53,"user_attr":{"val_metrics":[-0.05815789535840796,-0.32494209160496573,-0.22424242424242424,-0.32420614134830733,-9.029465077770244]}}
{"op_code":5,"worker_id":"9f6f3692-e404-4505-9dd4-afc64085a6c7-24340","trial_id":57,"param_name":"unified_gamma","param_value_internal":4249.977051563841,"distribution":"{\"name\": \"FloatDistribution\", \"attributes\": {\"step\": null, \"low\": 1.5, \"high\": 10000.0, \"log\": true}}"}
{"op_code":8,"worker_id":"307ab45b-a0a4-46cd-a3eb-ed2452a81e9d-29612","trial_id":28,"user_attr":{"val_metrics":[0.12287568535573809,0.03926422809288041,0.8181818181818182,0.22457225024389726,-7.246383757908964]}}
{"op_code":5,"worker_id":"9f6f3692-e404-4505-9dd4-afc64085a6c7-24340","trial_id":57,"param_name":"huber_delta","param_value_internal":1.6989916983680464,"distribution":"{\"name\": \"FloatDistribution\", \"attributes\": {\"step\": null, \"low\": 0.5, \"high\": 5.0, \"log\": false}}"}
{"op_code":8,"worker_id":"fdadefd7-971c-46a8-8dde-851c65d151cd-19068","trial_id":55,"user_attr":{"cv_is_ics":[0.08347418904304504,0.07932429015636444,0.09461042284965515,0.06647908687591553,0.061228759586811066,0.08316026628017426,0.08386944979429245,0.08591924607753754,0.0975494533777237,0.06614917516708374,0.057648807764053345,0.03019295632839203,0.08111302554607391,0.05742655321955681,0.07514754682779312]}}
{"op_code":8,"worker_id":"fdadefd7-971c-46a8-8dde-851c65d151cd-19068","trial_id":55,"user_attr":{"cv_oos_ics":[0.06248246133327484,0.010466364212334156,-0.036749858409166336,-0.0012857402907684445,0.04372454434633255,0.008184964768588543,0.030736025422811508,0.02281159535050392,0.016359344124794006,0.016889497637748718,0.01443760097026825,0.0797135978937149,0.007539750542491674,0.036291878670454025,0.0030078927520662546]}}
{"op_code":8,"worker_id":"fdadefd7-971c-46a8-8dde-851c65d151cd-19068","trial_id":55,"user_attr":{"reg_kappa":2.9282792999107405}}
{"op_code":8,"worker_id":"fdadefd7-971c-46a8-8dde-851c65d151cd-19068","trial_id":55,"user_attr":{"raw_metrics":[0.1822395299401769,0.012111481666691386,0.6,0.02628046750859599,0.10787878787878787,0.06676810509982434,-0.07846722743407565,-0.11420665681362152,0.4567424242424242]}}
{"op_code":8,"worker_id":"fdadefd7-971c-46a8-8dde-851c65d151cd-19068","trial_id":55,"user_attr":{"val_metrics":[0.04659743819550048,-0.03213896811094211,0.18787878787878787,0.1739457074397554,-10.626671097267224]}}
{"op_code":8,"worker_id":"307ab45b-a0a4-46cd-a3eb-ed2452a81e9d-29612","trial_id":28,"user_attr":{"deflated_objective":-2.118961552307565}}
{"op_code":9,"worker_id":"307ab45b-a0a4-46cd-a3eb-ed2452a81e9d-29612","trial_id":28,"system_attr":{"constraints":[-0.018286317265197295,-0.014323659770289255,0.0,0.11545454545454545,-0.035941110155049284,-96.0,-8.0,0.023305731185237828,0.09999999999999998,-1224.2301139945412,0.01909090909090916,0.041935483870967794]}}
{"op_code":6,"worker_id":"307ab45b-a0a4-46cd-a3eb-ed2452a81e9d-29612","trial_id":28,"state":1,"values":[-1.4249697224290216],"datetime_complete":"2026-07-14T11:41:51.699907"}
{"op_code":8,"worker_id":"fdadefd7-971c-46a8-8dde-851c65d151cd-19068","trial_id":55,"user_attr":{"deflated_objective":-3.65498169403304}}
{"op_code":4,"worker_id":"e2aaffa5-3bcc-42c7-bc5c-624bc76adc06-24364","study_id":0,"datetime_start":"2026-07-14T11:41:51.705537"}
{"op_code":9,"worker_id":"fdadefd7-971c-46a8-8dde-851c65d151cd-19068","trial_id":55,"system_attr":{"constraints":[-0.02628046750859599,-0.012111481666691386,0.0,0.14212121212121215,-0.06676810509982434,-46.0,1.0,0.013413203119085476,0.09999999999999998,-1404.1720167205972,-0.0067424242424242165,-0.0074820788530466364]}}
{"op_code":5,"worker_id":"e2aaffa5-3bcc-42c7-bc5c-624bc76adc06-24364","trial_id":58,"param_name":"k_weight","param_value_internal":1.2620781703497483,"distribution":"{\"name\": \"FloatDistribution\", \"attributes\": {\"step\": null, \"low\": 0.0, \"high\": 1.5, \"log\": false}}"}
{"op_code":6,"worker_id":"fdadefd7-971c-46a8-8dde-851c65d151cd-19068","trial_id":55,"state":1,"values":[-2.8763040642550486],"datetime_complete":"2026-07-14T11:41:51.711140"}
{"op_code":8,"worker_id":"ec093eaf-939d-49a2-bf9b-a1be6172320b-3216","trial_id":56,"user_attr":{"constraints":[-0.021839550162610986,-0.006223048404295323,0.19999999999999996,0.09606060606060607,-0.08736217049631045,-50.0,-5.0,-0.02534827182834773,0.09999999999999998,-1359.195573781066,0.023257575757575866,0.0363799283154122]}}
{"op_code":8,"worker_id":"ec093eaf-939d-49a2-bf9b-a1be6172320b-3216","trial_id":56,"user_attr":{"pruned_reasons":["M3 (Hit Rate < 60%)","M5 (Monotonicity <= 0.25)","Side-specific Hit Rate (40.00% < 50%)","Yearly Daily Win Rate (42.67% < 45%)","Side-specific Yearly Daily Win Rate (41.36% < 45%)"]}}
{"op_code":5,"worker_id":"e2aaffa5-3bcc-42c7-bc5c-624bc76adc06-24364","trial_id":58,"param_name":"unified_alpha","param_value_internal":0.034151514509167424,"distribution":"{\"name\": \"FloatDistribution\", \"attributes\": {\"step\": null, \"low\": 1e-05, \"high\": 10.0, \"log\": true}}"}
{"op_code":4,"worker_id":"f3458b6d-58c0-44e1-a1ae-0f149211cccf-8896","study_id":0,"datetime_start":"2026-07-14T11:41:51.715306"}
{"op_code":5,"worker_id":"e2aaffa5-3bcc-42c7-bc5c-624bc76adc06-24364","trial_id":58,"param_name":"unified_rho","param_value_internal":0.20611491907248772,"distribution":"{\"name\": \"FloatDistribution\", \"attributes\": {\"step\": null, \"low\": 0.0, \"high\": 1.0, \"log\": false}}"}
{"op_code":5,"worker_id":"3e916adb-f2ce-4588-8833-6c15975af72f-31796","trial_id":50,"param_name":"unified_alpha","param_value_internal":0.0006679674509385481,"distribution":"{\"name\": \"FloatDistribution\", \"attributes\": {\"step\": null, \"low\": 1e-05, \"high\": 10.0, \"log\": true}}"}
{"op_code":5,"worker_id":"e2aaffa5-3bcc-42c7-bc5c-624bc76adc06-24364","trial_id":58,"param_name":"unified_gamma","param_value_internal":3246.8032746700746,"distribution":"{\"name\": \"FloatDistribution\", \"attributes\": {\"step\": null, \"low\": 1.5, \"high\": 10000.0, \"log\": true}}"}
{"op_code":4,"worker_id":"ef0b5fbf-24e7-4b1e-9304-97665f564f2f-19068","study_id":0,"datetime_start":"2026-07-14T11:41:51.723964"}
{"op_code":5,"worker_id":"3e916adb-f2ce-4588-8833-6c15975af72f-31796","trial_id":50,"param_name":"unified_rho","param_value_internal":0.16437742899078872,"distribution":"{\"name\": \"FloatDistribution\", \"attributes\": {\"step\": null, \"low\": 0.0, \"high\": 1.0, \"log\": false}}"}
{"op_code":8,"worker_id":"9f6f3692-e404-4505-9dd4-afc64085a6c7-24340","trial_id":57,"user_attr":{"constraints":[-0.021899081556323446,-0.0526394397033982,0.0,0.09606060606060604,-0.1367695943637634,-48.0,-7.0,-0.06819042002153956,-0.09999999999999998,-1360.4503396920404,-0.009999999999999953,0.0234767025089605]}}
{"op_code":5,"worker_id":"ef0b5fbf-24e7-4b1e-9304-97665f564f2f-19068","trial_id":60,"param_name":"k_weight","param_value_internal":1.1372567311144193,"distribution":"{\"name\": \"FloatDistribution\", \"attributes\": {\"step\": null, \"low\": 0.0, \"high\": 1.5, \"log\": false}}"}
{"op_code":5,"worker_id":"e2aaffa5-3bcc-42c7-bc5c-624bc76adc06-24364","trial_id":58,"param_name":"huber_delta","param_value_internal":1.7289943444406661,"distribution":"{\"name\": \"FloatDistribution\", \"attributes\": {\"step\": null, \"low\": 0.5, \"high\": 5.0, \"log\": false}}"}
{"op_code":5,"worker_id":"ef0b5fbf-24e7-4b1e-9304-97665f564f2f-19068","trial_id":60,"param_name":"unified_alpha","param_value_internal":0.0053987634470337555,"distribution":"{\"name\": \"FloatDistribution\", \"attributes\": {\"step\": null, \"low\": 1e-05, \"high\": 10.0, \"log\": true}}"}
{"op_code":8,"worker_id":"9f6f3692-e404-4505-9dd4-afc64085a6c7-24340","trial_id":57,"user_attr":{"pruned_reasons":["M5 (Monotonicity <= 0.25)","Side-specific Yearly Daily Win Rate (42.65% < 45%)"]}}
{"op_code":8,"worker_id":"9f6f3692-e404-4505-9dd4-afc64085a6c7-24340","trial_id":57,"user_attr":{"gini":0.4571595241978701}}
{"op_code":8,"worker_id":"9f6f3692-e404-4505-9dd4-afc64085a6c7-24340","trial_id":57,"user_attr":{"cv_is_ics":[0.10565807670354843,0.11490853875875473,0.11952550709247589,0.10890588164329529,0.10027316212654114,0.07931721955537796,0.08077957481145859,0.10086367279291153,0.08552632480859756,0.09674122184515,0.0789174735546112,0.06685243546962738,0.07920000702142715,0.060465287417173386,0.07295887172222137]}}
{"op_code":8,"worker_id":"9f6f3692-e404-4505-9dd4-afc64085a6c7-24340","trial_id":57,"user_attr":{"cv_oos_ics":[0.051843322813510895,-0.04810143634676933,-0.02991868183016777,0.010478975251317024,0.007524531800299883,0.028923042118549347,0.06709280610084534,0.014873920939862728,0.0552377887070179,0.023760784417390823,-0.014418404549360275,0.051307279616594315,0.00708075100556016,0.013802281580865383,0.02470480650663376]}}
{"op_code":8,"worker_id":"9f6f3692-e404-4505-9dd4-afc64085a6c7-24340","trial_id":57,"user_attr":{"reg_kappa":3.382134062842462}}
{"op_code":8,"worker_id":"9f6f3692-e404-4505-9dd4-afc64085a6c7-24340","trial_id":57,"user_attr":{"raw_metrics":[0.36240885459782657,0.0526394397033982,0.6,0.021899081556323446,0.15393939393939396,0.1367695943637634,-0.19821943730428,-0.3689415156841278,0.45999999999999996]}}
{"op_code":8,"worker_id":"9f6f3692-e404-4505-9dd4-afc64085a6c7-24340","trial_id":57,"user_attr":{"val_metrics":[0.10796053992941443,-0.24914860742140124,0.6484848484848484,0.11837232328640919,-5.412023107422164]}}
{"op_code":8,"worker_id":"37728a4d-1ec7-47a3-a3e4-a134bb01fac1-27064","trial_id":53,"user_attr":{"deflated_objective":-3.145877437132393}}
{"op_code":9,"worker_id":"37728a4d-1ec7-47a3-a3e4-a134bb01fac1-27064","trial_id":53,"system_attr":{"constraints":[-0.017143826494740912,0.009368943240278016,0.19999999999999996,0.10575757575757577,-0.07287897383186208,-52.0,2.0,-0.06022102476561679,-0.30000000000000004,-1382.101702372621,-0.015757575757575693,-0.036245519713261676]}}
{"op_code":8,"worker_id":"9f6f3692-e404-4505-9dd4-afc64085a6c7-24340","trial_id":57,"user_attr":{"deflated_objective":-1.6045305209207215}}
{"op_code":9,"worker_id":"9f6f3692-e404-4505-9dd4-afc64085a6c7-24340","trial_id":57,"system_attr":{"constraints":[-0.021899081556323446,-0.0526394397033982,0.0,0.09606060606060604,-0.1367695943637634,-48.0,-7.0,-0.06819042002153956,-0.09999999999999998,-1360.4503396920404,-0.009999999999999953,0.0234767025089605]}}
{"op_code":5,"worker_id":"ef0b5fbf-24e7-4b1e-9304-97665f564f2f-19068","trial_id":60,"param_name":"unified_rho","param_value_internal":0.22630270593586907,"distribution":"{\"name\": \"FloatDistribution\", \"attributes\": {\"step\": null, \"low\": 0.0, \"high\": 1.0, \"log\": false}}"}
{"op_code":6,"worker_id":"37728a4d-1ec7-47a3-a3e4-a134bb01fac1-27064","trial_id":53,"state":1,"values":[-2.406230560468385],"datetime_complete":"2026-07-14T11:41:51.750544"}
{"op_code":5,"worker_id":"f3458b6d-58c0-44e1-a1ae-0f149211cccf-8896","trial_id":59,"param_name":"k_weight","param_value_internal":1.1796006887299462,"distribution":"{\"name\": \"FloatDistribution\", \"attributes\": {\"step\": null, \"low\": 0.0, \"high\": 1.5, \"log\": false}}"}
{"op_code":5,"worker_id":"ef0b5fbf-24e7-4b1e-9304-97665f564f2f-19068","trial_id":60,"param_name":"unified_gamma","param_value_internal":3169.8549273995013,"distribution":"{\"name\": \"FloatDistribution\", \"attributes\": {\"step\": null, \"low\": 1.5, \"high\": 10000.0, \"log\": true}}"}
{"op_code":5,"worker_id":"f3458b6d-58c0-44e1-a1ae-0f149211cccf-8896","trial_id":59,"param_name":"unified_alpha","param_value_internal":0.0037766750275629057,"distribution":"{\"name\": \"FloatDistribution\", \"attributes\": {\"step\": null, \"low\": 1e-05, \"high\": 10.0, \"log\": true}}"}
{"op_code":5,"worker_id":"ef0b5fbf-24e7-4b1e-9304-97665f564f2f-19068","trial_id":60,"param_name":"huber_delta","param_value_internal":1.8227885317155716,"distribution":"{\"name\": \"FloatDistribution\", \"attributes\": {\"step\": null, \"low\": 0.5, \"high\": 5.0, \"log\": false}}"}
{"op_code":6,"worker_id":"9f6f3692-e404-4505-9dd4-afc64085a6c7-24340","trial_id":57,"state":1,"values":[-0.8250518080123356],"datetime_complete":"2026-07-14T11:41:51.753944"}
{"op_code":4,"worker_id":"39b367f3-e8d5-4535-841a-f36699cf09f0-27064","study_id":0,"datetime_start":"2026-07-14T11:41:51.763095"}
{"op_code":5,"worker_id":"f3458b6d-58c0-44e1-a1ae-0f149211cccf-8896","trial_id":59,"param_name":"unified_rho","param_value_internal":0.4033350565459475,"distribution":"{\"name\": \"FloatDistribution\", \"attributes\": {\"step\": null, \"low\": 0.0, \"high\": 1.0, \"log\": false}}"}
{"op_code":4,"worker_id":"9f6f3692-e404-4505-9dd4-afc64085a6c7-24340","study_id":0,"datetime_start":"2026-07-14T11:41:51.765721"}
{"op_code":5,"worker_id":"39b367f3-e8d5-4535-841a-f36699cf09f0-27064","trial_id":61,"param_name":"k_weight","param_value_internal":1.1310989386426245,"distribution":"{\"name\": \"FloatDistribution\", \"attributes\": {\"step\": null, \"low\": 0.0, \"high\": 1.5, \"log\": false}}"}
{"op_code":5,"worker_id":"9f6f3692-e404-4505-9dd4-afc64085a6c7-24340","trial_id":62,"param_name":"k_weight","param_value_internal":1.1302066932725665,"distribution":"{\"name\": \"FloatDistribution\", \"attributes\": {\"step\": null, \"low\": 0.0, \"high\": 1.5, \"log\": false}}"}
{"op_code":5,"worker_id":"39b367f3-e8d5-4535-841a-f36699cf09f0-27064","trial_id":61,"param_name":"unified_alpha","param_value_internal":0.004803401357241909,"distribution":"{\"name\": \"FloatDistribution\", \"attributes\": {\"step\": null, \"low\": 1e-05, \"high\": 10.0, \"log\": true}}"}
{"op_code":5,"worker_id":"9f6f3692-e404-4505-9dd4-afc64085a6c7-24340","trial_id":62,"param_name":"unified_alpha","param_value_internal":0.005944667527014306,"distribution":"{\"name\": \"FloatDistribution\", \"attributes\": {\"step\": null, \"low\": 1e-05, \"high\": 10.0, \"log\": true}}"}
{"op_code":8,"worker_id":"e2aaffa5-3bcc-42c7-bc5c-624bc76adc06-24364","trial_id":58,"user_attr":{"constraints":[-0.024556423243560912,-0.03849608067666664,0.0,0.059696969696969665,-0.13339982967094005,-41.0,-7.0,-0.005805517499065887,-0.09999999999999998,-1390.6053913777498,0.014924242424242451,0.029435483870967782]}}
{"op_code":5,"worker_id":"9f6f3692-e404-4505-9dd4-afc64085a6c7-24340","trial_id":62,"param_name":"unified_rho","param_value_internal":0.21558701913535724,"distribution":"{\"name\": \"FloatDistribution\", \"attributes\": {\"step\": null, \"low\": 0.0, \"high\": 1.0, \"log\": false}}"}
{"op_code":5,"worker_id":"f3458b6d-58c0-44e1-a1ae-0f149211cccf-8896","trial_id":59,"param_name":"unified_gamma","param_value_internal":2999.774737926868,"distribution":"{\"name\": \"FloatDistribution\", \"attributes\": {\"step\": null, \"low\": 1.5, \"high\": 10000.0, \"log\": true}}"}
{"op_code":5,"worker_id":"9f6f3692-e404-4505-9dd4-afc64085a6c7-24340","trial_id":62,"param_name":"unified_gamma","param_value_internal":2877.4734064564072,"distribution":"{\"name\": \"FloatDistribution\", \"attributes\": {\"step\": null, \"low\": 1.5, \"high\": 10000.0, \"log\": true}}"}
{"op_code":5,"worker_id":"f3458b6d-58c0-44e1-a1ae-0f149211cccf-8896","trial_id":59,"param_name":"huber_delta","param_value_internal":1.736067927593023,"distribution":"{\"name\": \"FloatDistribution\", \"attributes\": {\"step\": null, \"low\": 0.5, \"high\": 5.0, \"log\": false}}"}
{"op_code":5,"worker_id":"39b367f3-e8d5-4535-841a-f36699cf09f0-27064","trial_id":61,"param_name":"unified_rho","param_value_internal":0.21080216376902328,"distribution":"{\"name\": \"FloatDistribution\", \"attributes\": {\"step\": null, \"low\": 0.0, \"high\": 1.0, \"log\": false}}"}
{"op_code":8,"worker_id":"ec093eaf-939d-49a2-bf9b-a1be6172320b-3216","trial_id":56,"user_attr":{"gini":0.5001927406174169}}
{"op_code":5,"worker_id":"9f6f3692-e404-4505-9dd4-afc64085a6c7-24340","trial_id":62,"param_name":"huber_delta","param_value_internal":1.6858020130287026,"distribution":"{\"name\": \"FloatDistribution\", \"attributes\": {\"step\": null, \"low\": 0.5, \"high\": 5.0, \"log\": false}}"}
{"op_code":5,"worker_id":"39b367f3-e8d5-4535-841a-f36699cf09f0-27064","trial_id":61,"param_name":"unified_gamma","param_value_internal":3280.8296035181543,"distribution":"{\"name\": \"FloatDistribution\", \"attributes\": {\"step\": null, \"low\": 1.5, \"high\": 10000.0, \"log\": true}}"}
{"op_code":8,"worker_id":"dc936e5e-b35c-4527-93bf-9524126ff575-27448","trial_id":26,"user_attr":{"deflated_objective":-0.7350843214596954}}
{"op_code":5,"worker_id":"39b367f3-e8d5-4535-841a-f36699cf09f0-27064","trial_id":61,"param_name":"huber_delta","param_value_internal":1.8091641028660383,"distribution":"{\"name\": \"FloatDistribution\", \"attributes\": {\"step\": null, \"low\": 0.5, \"high\": 5.0, \"log\": false}}"}
{"op_code":5,"worker_id":"3e916adb-f2ce-4588-8833-6c15975af72f-31796","trial_id":50,"param_name":"unified_gamma","param_value_internal":2018.1016118060845,"distribution":"{\"name\": \"FloatDistribution\", \"attributes\": {\"step\": null, \"low\": 1.5, \"high\": 10000.0, \"log\": true}}"}
{"op_code":9,"worker_id":"dc936e5e-b35c-4527-93bf-9524126ff575-27448","trial_id":26,"system_attr":{"constraints":[0.001680989430256872,0.04330939299337202,0.39999999999999997,0.3009090909090909,0.11299034715887335,-118.0,5.0,-0.03063044136515075,0.3,-1206.1255497143038,0.06893939393939397,0.11236559139784946]}}
{"op_code":5,"worker_id":"3e916adb-f2ce-4588-8833-6c15975af72f-31796","trial_id":50,"param_name":"huber_delta","param_value_internal":1.6890631531121263,"distribution":"{\"name\": \"FloatDistribution\", \"attributes\": {\"step\": null, \"low\": 0.5, \"high\": 5.0, \"log\": false}}"}
{"op_code":6,"worker_id":"dc936e5e-b35c-4527-93bf-9524126ff575-27448","trial_id":26,"state":1,"values":[-0.39631075957582834],"datetime_complete":"2026-07-14T11:41:51.801051"}
{"op_code":8,"worker_id":"ec093eaf-939d-49a2-bf9b-a1be6172320b-3216","trial_id":56,"user_attr":{"cv_is_ics":[0.10420916229486465,0.11258314549922943,0.10970987379550934,0.11099913716316223,0.09682100266218185,0.07843724638223648,0.08611417561769485,0.10177743434906006,0.09603738784790039,0.09094096720218658,0.07910709828138351,0.059458743780851364,0.0801708921790123,0.058961864560842514,0.08584505319595337]}}
{"op_code":8,"worker_id":"ec093eaf-939d-49a2-bf9b-a1be6172320b-3216","trial_id":56,"user_attr":{"cv_oos_ics":[0.06069785729050636,-0.03201492875814438,-0.036673691123723984,0.010990224778652191,0.02256808988749981,0.026057710871100426,0.0637989416718483,0.008245477452874184,0.035621706396341324,0.021300554275512695,-0.020601874217391014,0.05488954111933708,-0.0007451623678207397,0.02264062687754631,0.008354912512004375]}}
{"op_code":8,"worker_id":"ec093eaf-939d-49a2-bf9b-a1be6172320b-3216","trial_id":56,"user_attr":{"reg_kappa":3.2803936261605338}}
{"op_code":8,"worker_id":"ec093eaf-939d-49a2-bf9b-a1be6172320b-3216","trial_id":56,"user_attr":{"raw_metrics":[0.05220298212663824,0.006223048404295323,0.4,0.021839550162610986,0.15393939393939393,0.08736217049631045,-0.16426513871212933,-0.2451714426279068,0.42674242424242415]}}
{"op_code":8,"worker_id":"ec093eaf-939d-49a2-bf9b-a1be6172320b-3216","trial_id":56,"user_attr":{"val_metrics":[0.06962079592078457,-0.0712149358174706,0.3575757575757576,-0.14328610986781615,-9.137359932781685]}}
{"op_code":8,"worker_id":"ef0b5fbf-24e7-4b1e-9304-97665f564f2f-19068","trial_id":60,"user_attr":{"constraints":[-0.022905078804357718,-0.05548385571800789,0.0,0.1203030303030303,-0.14529411736187964,-48.0,-7.0,-0.08575558819866219,-0.30000000000000004,-1360.0662326758297,-0.009999999999999953,0.029032258064516092]}}
{"op_code":8,"worker_id":"ef0b5fbf-24e7-4b1e-9304-97665f564f2f-19068","trial_id":60,"user_attr":{"pruned_reasons":["M5 (Monotonicity <= 0.25)","Side-specific Yearly Daily Win Rate (42.10% < 45%)"]}}
{"op_code":8,"worker_id":"ef0b5fbf-24e7-4b1e-9304-97665f564f2f-19068","trial_id":60,"user_attr":{"gini":0.4592326337449788}}
{"op_code":8,"worker_id":"ec093eaf-939d-49a2-bf9b-a1be6172320b-3216","trial_id":56,"user_attr":{"deflated_objective":-3.158244795724351}}
{"op_code":8,"worker_id":"ef0b5fbf-24e7-4b1e-9304-97665f564f2f-19068","trial_id":60,"user_attr":{"cv_is_ics":[0.10402604192495346,0.11363954097032547,0.11937577277421951,0.10926856100559235,0.10073424130678177,0.07952238619327545,0.07980756461620331,0.09978825598955154,0.08346064388751984,0.09520050138235092,0.07812374085187912,0.06531441956758499,0.07844957709312439,0.061143334954977036,0.07298558205366135]}}
{"op_code":8,"worker_id":"ef0b5fbf-24e7-4b1e-9304-97665f564f2f-19068","trial_id":60,"user_attr":{"cv_oos_ics":[0.05129833146929741,-0.046577729284763336,-0.032136231660842896,0.009915334172546864,0.007807677146047354,0.031193850561976433,0.06743092834949493,0.0180168729275465,0.053326062858104706,0.023718582466244698,-0.013748086988925934,0.05491599068045616,0.007650371640920639,0.015179193578660488,0.026324495673179626]}}
{"op_code":8,"worker_id":"ef0b5fbf-24e7-4b1e-9304-97665f564f2f-19068","trial_id":60,"user_attr":{"reg_kappa":3.386106496533641}}
{"op_code":8,"worker_id":"ef0b5fbf-24e7-4b1e-9304-97665f564f2f-19068","trial_id":60,"user_attr":{"raw_metrics":[0.3781266596675687,0.05548385571800789,0.6,0.022905078804357718,0.1296969696969697,0.14529411736187964,-0.19791047356534272,-0.3747529983520508,0.45999999999999996]}}
{"op_code":8,"worker_id":"ef0b5fbf-24e7-4b1e-9304-97665f564f2f-19068","trial_id":60,"user_attr":{"val_metrics":[0.10799751702800274,-0.16528632442244331,0.7818181818181819,0.08225069284128647,-5.592099048600668]}}
{"op_code":9,"worker_id":"ec093eaf-939d-49a2-bf9b-a1be6172320b-3216","trial_id":56,"system_attr":{"constraints":[-0.021839550162610986,-0.006223048404295323,0.19999999999999996,0.09606060606060607,-0.08736217049631045,-50.0,-5.0,-0.02534827182834773,0.09999999999999998,-1359.195573781066,0.023257575757575866,0.0363799283154122]}}
{"op_code":6,"worker_id":"ec093eaf-939d-49a2-bf9b-a1be6172320b-3216","trial_id":56,"state":1,"values":[-2.276937952861155],"datetime_complete":"2026-07-14T11:41:51.830362"}
{"op_code":8,"worker_id":"f3458b6d-58c0-44e1-a1ae-0f149211cccf-8896","trial_id":59,"user_attr":{"constraints":[-0.023286419539498136,-0.053673291649852684,0.0,0.1712121212121212,-0.14529411736187964,-46.0,-7.0,-0.08157500140422343,-0.30000000000000004,-1370.1361171397996,-0.009999999999999953,0.029032258064516092]}}
{"op_code":8,"worker_id":"9f6f3692-e404-4505-9dd4-afc64085a6c7-24340","trial_id":62,"user_attr":{"constraints":[-0.0224258606736202,-0.05303023431911682,0.0,0.10333333333333333,-0.1367695943637634,-49.0,-7.0,-0.07366662270836843,-0.09999999999999998,-1358.4131508086928,-0.005833333333333357,0.0234767025089605]}}
{"op_code":8,"worker_id":"f3458b6d-58c0-44e1-a1ae-0f149211cccf-8896","trial_id":59,"user_attr":{"pruned_reasons":["M5 (Monotonicity <= 0.25)","Side-specific Yearly Daily Win Rate (42.10% < 45%)"]}}
{"op_code":8,"worker_id":"f3458b6d-58c0-44e1-a1ae-0f149211cccf-8896","trial_id":59,"user_attr":{"gini":0.4595498504666986}}
{"op_code":8,"worker_id":"f3458b6d-58c0-44e1-a1ae-0f149211cccf-8896","trial_id":59,"user_attr":{"cv_is_ics":[0.10526873171329498,0.11416443437337875,0.11937586963176727,0.10904506593942642,0.1006019115447998,0.07925814390182495,0.08035042881965637,0.09980789572000504,0.0847373679280281,0.09613057971000671,0.07862851768732071,0.0655067190527916,0.07931862771511078,0.0605480894446373,0.07217596471309662]}}
{"op_code":8,"worker_id":"f3458b6d-58c0-44e1-a1ae-0f149211cccf-8896","trial_id":59,"user_attr":{"cv_oos_ics":[0.0522737056016922,-0.046209752559661865,-0.030222926288843155,0.010112800635397434,0.008596843108534813,0.030404968187212944,0.06696993857622147,0.016620369628071785,0.056164152920246124,0.02435276471078396,-0.012673093006014824,0.05462168902158737,0.007814808748662472,0.015327399596571922,0.02740400657057762]}}
{"op_code":8,"worker_id":"f3458b6d-58c0-44e1-a1ae-0f149211cccf-8896","trial_id":59,"user_attr":{"reg_kappa":3.4215458240675125}}
{"op_code":8,"worker_id":"f3458b6d-58c0-44e1-a1ae-0f149211cccf-8896","trial_id":59,"user_attr":{"raw_metrics":[0.35960997502152386,0.053673291649852684,0.6,0.023286419539498136,0.07878787878787878,0.14529411736187964,-0.20623395705596484,-0.3845001459121704,0.45999999999999996]}}
{"op_code":8,"worker_id":"f3458b6d-58c0-44e1-a1ae-0f149211cccf-8896","trial_id":59,"user_attr":{"val_metrics":[0.10793379053894629,-0.2601068155623215,0.7696969696969697,0.11837232328640919,-5.440535894998612]}}
{"op_code":8,"worker_id":"3e916adb-f2ce-4588-8833-6c15975af72f-31796","trial_id":50,"user_attr":{"constraints":[-0.023653903618339585,-0.05927056188639348,0.0,0.1712121212121212,-0.1545943415419025,-45.0,-8.0,-0.08117153138500388,-0.09999999999999998,-1370.4170808953488,-0.01416666666666666,0.029032258064516203]}}
{"op_code":8,"worker_id":"3e916adb-f2ce-4588-8833-6c15975af72f-31796","trial_id":50,"user_attr":{"pruned_reasons":["M5 (Monotonicity <= 0.25)","Side-specific Yearly Daily Win Rate (42.10% < 45%)"]}}
{"op_code":8,"worker_id":"3e916adb-f2ce-4588-8833-6c15975af72f-31796","trial_id":50,"user_attr":{"gini":0.45495988381350294}}
{"op_code":8,"worker_id":"39b367f3-e8d5-4535-841a-f36699cf09f0-27064","trial_id":61,"user_attr":{"constraints":[-0.022710499480850552,-0.05504186823192751,0.0,0.09848484848484848,-0.14529411736187964,-48.0,-7.0,-0.09083664852165801,-0.30000000000000004,-1358.61779771274,-0.009999999999999953,0.03458781362007174]}}
{"op_code":4,"worker_id":"2a105755-67ac-4a4e-8f2d-153397fce64d-29612","study_id":0,"datetime_start":"2026-07-14T11:41:51.788170"}
{"op_code":8,"worker_id":"3e916adb-f2ce-4588-8833-6c15975af72f-31796","trial_id":50,"user_attr":{"cv_is_ics":[0.10629119724035263,0.11441103368997574,0.11966034770011902,0.10843788832426071,0.10139258205890656,0.07978621870279312,0.08005747199058533,0.09837651997804642,0.08463460952043533,0.09702690690755844,0.0785210132598877,0.06684107333421707,0.07892397791147232,0.06147126853466034,0.07145310193300247]}}
{"op_code":8,"worker_id":"3e916adb-f2ce-4588-8833-6c15975af72f-31796","trial_id":50,"user_attr":{"cv_oos_ics":[0.05112122371792793,-0.0488198846578598,-0.029450571164488792,0.008983097970485687,0.007074970752000809,0.03149336948990822,0.06747648864984512,0.01655658707022667,0.05414755269885063,0.022999990731477737,-0.013500086963176727,0.05572625994682312,0.007951056584715843,0.016281992197036743,0.02561268024146557]}}
{"op_code":8,"worker_id":"39b367f3-e8d5-4535-841a-f36699cf09f0-27064","trial_id":61,"user_attr":{"pruned_reasons":["M5 (Monotonicity <= 0.25)","Side-specific Yearly Daily Win Rate (41.54% < 45%)"]}}
{"op_code":8,"worker_id":"39b367f3-e8d5-4535-841a-f36699cf09f0-27064","trial_id":61,"user_attr":{"gini":0.4583941907730442}}
{"op_code":5,"worker_id":"bc951769-7abe-4164-9c1c-681bd0281115-16052","trial_id":46,"param_name":"huber_delta","param_value_internal":4.298453998768197,"distribution":"{\"name\": \"FloatDistribution\", \"attributes\": {\"step\": null, \"low\": 0.5, \"high\": 5.0, \"log\": false}}"}
{"op_code":8,"worker_id":"3e916adb-f2ce-4588-8833-6c15975af72f-31796","trial_id":50,"user_attr":{"reg_kappa":3.431548102453892}}
{"op_code":8,"worker_id":"39b367f3-e8d5-4535-841a-f36699cf09f0-27064","trial_id":61,"user_attr":{"cv_is_ics":[0.10424976795911789,0.11417963355779648,0.1192886233329773,0.10919266939163208,0.10102337598800659,0.0794142410159111,0.0799141526222229,0.09990507364273071,0.08357024192810059,0.0956205502152443,0.0784493014216423,0.065973661839962,0.07866847515106201,0.06120475009083748,0.07270750403404236]}}
{"op_code":8,"worker_id":"39b367f3-e8d5-4535-841a-f36699cf09f0-27064","trial_id":61,"user_attr":{"cv_oos_ics":[0.05165724456310272,-0.0461273193359375,-0.0318961963057518,0.009947367012500763,0.007037424948066473,0.031050866469740868,0.06748317927122116,0.017429882660508156,0.053074534982442856,0.0238958653062582,-0.013902644626796246,0.05378245189785957,0.0073140948079526424,0.014985677786171436,0.02586011402308941]}}
{"op_code":8,"worker_id":"39b367f3-e8d5-4535-841a-f36699cf09f0-27064","trial_id":61,"user_attr":{"reg_kappa":3.3845750289592713}}
{"op_code":8,"worker_id":"3e916adb-f2ce-4588-8833-6c15975af72f-31796","trial_id":50,"user_attr":{"raw_metrics":[0.3990197968845082,0.05927056188639348,0.6,0.023653903618339585,0.0787878787878788,0.1545943415419025,-0.22368338056043588,-0.39827072620391846,0.46416666666666667]}}
{"op_code":8,"worker_id":"39b367f3-e8d5-4535-841a-f36699cf09f0-27064","trial_id":61,"user_attr":{"raw_metrics":[0.3785069818004256,0.05504186823192751,0.6,0.022710499480850552,0.15151515151515152,0.14529411736187964,-0.1967345494989652,-0.3745688199996948,0.45999999999999996]}}
{"op_code":8,"worker_id":"3e916adb-f2ce-4588-8833-6c15975af72f-31796","trial_id":50,"user_attr":{"val_metrics":[0.10825242298422855,-0.2566895323031627,0.7333333333333333,0.11837232328640919,-5.4745281249410835]}}
{"op_code":8,"worker_id":"39b367f3-e8d5-4535-841a-f36699cf09f0-27064","trial_id":61,"user_attr":{"val_metrics":[0.10754513763037978,-0.1664986202180545,0.7818181818181819,0.08225069284128647,-5.53715555335742]}}
{"op_code":5,"worker_id":"2a105755-67ac-4a4e-8f2d-153397fce64d-29612","trial_id":63,"param_name":"k_weight","param_value_internal":1.11742621475018,"distribution":"{\"name\": \"FloatDistribution\", \"attributes\": {\"step\": null, \"low\": 0.0, \"high\": 1.5, \"log\": false}}"}
{"op_code":8,"worker_id":"3e916adb-f2ce-4588-8833-6c15975af72f-31796","trial_id":50,"user_attr":{"deflated_objective":-1.7175373498765034}}
{"op_code":9,"worker_id":"3e916adb-f2ce-4588-8833-6c15975af72f-31796","trial_id":50,"system_attr":{"constraints":[-0.023653903618339585,-0.05927056188639348,0.0,0.1712121212121212,-0.1545943415419025,-45.0,-8.0,-0.08117153138500388,-0.09999999999999998,-1370.4170808953488,-0.01416666666666666,0.029032258064516203]}}
{"op_code":5,"worker_id":"2a105755-67ac-4a4e-8f2d-153397fce64d-29612","trial_id":63,"param_name":"unified_alpha","param_value_internal":0.005586031656725923,"distribution":"{\"name\": \"FloatDistribution\", \"attributes\": {\"step\": null, \"low\": 1e-05, \"high\": 10.0, \"log\": true}}"}
{"op_code":8,"worker_id":"39b367f3-e8d5-4535-841a-f36699cf09f0-27064","trial_id":61,"user_attr":{"deflated_objective":-1.7019862644053494}}
{"op_code":4,"worker_id":"ba749a05-b39a-4b0f-857b-fdf6b927fd72-27448","study_id":0,"datetime_start":"2026-07-14T11:41:51.888984"}
{"op_code":5,"worker_id":"2a105755-67ac-4a4e-8f2d-153397fce64d-29612","trial_id":63,"param_name":"unified_rho","param_value_internal":0.07913946364221833,"distribution":"{\"name\": \"FloatDistribution\", \"attributes\": {\"step\": null, \"low\": 0.0, \"high\": 1.0, \"log\": false}}"}
{"op_code":9,"worker_id":"39b367f3-e8d5-4535-841a-f36699cf09f0-27064","trial_id":61,"system_attr":{"constraints":[-0.022710499480850552,-0.05504186823192751,0.0,0.09848484848484848,-0.14529411736187964,-48.0,-7.0,-0.09083664852165801,-0.30000000000000004,-1358.61779771274,-0.009999999999999953,0.03458781362007174]}}
{"op_code":6,"worker_id":"3e916adb-f2ce-4588-8833-6c15975af72f-31796","trial_id":50,"state":1,"values":[-0.8445561481803276],"datetime_complete":"2026-07-14T11:41:51.880496"}
{"op_code":6,"worker_id":"39b367f3-e8d5-4535-841a-f36699cf09f0-27064","trial_id":61,"state":1,"values":[-0.8287529984012991],"datetime_complete":"2026-07-14T11:41:51.897444"}
{"op_code":5,"worker_id":"2a105755-67ac-4a4e-8f2d-153397fce64d-29612","trial_id":63,"param_name":"unified_gamma","param_value_internal":4317.327255754905,"distribution":"{\"name\": \"FloatDistribution\", \"attributes\": {\"step\": null, \"low\": 1.5, \"high\": 10000.0, \"log\": true}}"}
{"op_code":4,"worker_id":"3e916adb-f2ce-4588-8833-6c15975af72f-31796","study_id":0,"datetime_start":"2026-07-14T11:41:51.900526"}
{"op_code":5,"worker_id":"2a105755-67ac-4a4e-8f2d-153397fce64d-29612","trial_id":63,"param_name":"huber_delta","param_value_internal":0.9760966973081582,"distribution":"{\"name\": \"FloatDistribution\", \"attributes\": {\"step\": null, \"low\": 0.5, \"high\": 5.0, \"log\": false}}"}
{"op_code":5,"worker_id":"3e916adb-f2ce-4588-8833-6c15975af72f-31796","trial_id":65,"param_name":"k_weight","param_value_internal":1.4362887856841817,"distribution":"{\"name\": \"FloatDistribution\", \"attributes\": {\"step\": null, \"low\": 0.0, \"high\": 1.5, \"log\": false}}"}
{"op_code":4,"worker_id":"cf375a95-04e0-4cc5-9df7-c5ffa38deb2d-3216","study_id":0,"datetime_start":"2026-07-14T11:41:51.841110"}
{"op_code":8,"worker_id":"bc951769-7abe-4164-9c1c-681bd0281115-16052","trial_id":46,"user_attr":{"constraints":[-0.016889018990513885,-0.015340567690237278,0.0,0.1396969696969697,-0.024906124891035945,-83.0,-8.0,0.03389018728677173,0.09999999999999998,-1253.6690486168352,0.019924242424242455,0.03637992831541226]}}
{"op_code":8,"worker_id":"bc951769-7abe-4164-9c1c-681bd0281115-16052","trial_id":46,"user_attr":{"pruned_reasons":["M5 (Monotonicity <= 0.25)","Side-specific Yearly Tail IC Mean (-0.0339 <= 0)","Side-specific Hit Rate (40.00% < 50%)","Yearly Daily Win Rate (43.01% < 45%)","Side-specific Yearly Daily Win Rate (41.36% < 45%)"]}}
{"op_code":8,"worker_id":"bc951769-7abe-4164-9c1c-681bd0281115-16052","trial_id":46,"user_attr":{"gini":0.44587518441815854}}
{"op_code":8,"worker_id":"bc951769-7abe-4164-9c1c-681bd0281115-16052","trial_id":46,"user_attr":{"cv_is_ics":[0.1035279780626297,0.10684708505868912,0.117459736764431,0.10123398154973984,0.09756564348936081,0.08759427070617676,0.08099701255559921,0.09874594211578369,0.08595012128353119,0.08680877834558487,0.07179844379425049,0.05481782183051109,0.07439633458852768,0.061675600707530975,0.07526149600744247]}}
{"op_code":5,"worker_id":"3e916adb-f2ce-4588-8833-6c15975af72f-31796","trial_id":65,"param_name":"unified_alpha","param_value_internal":0.0023675258568206727,"distribution":"{\"name\": \"FloatDistribution\", \"attributes\": {\"step\": null, \"low\": 1e-05, \"high\": 10.0, \"log\": true}}"}
{"op_code":8,"worker_id":"bc951769-7abe-4164-9c1c-681bd0281115-16052","trial_id":46,"user_attr":{"cv_oos_ics":[0.038365334272384644,-0.0344223715364933,-0.04856695979833603,0.0013385594356805086,0.007518320810049772,0.028641588985919952,0.0656406357884407,0.032899051904678345,0.05127742141485214,0.021140772849321365,0.012168201617896557,0.06743486225605011,0.009998615831136703,0.011386653408408165,0.0365658700466156]}}
{"op_code":5,"worker_id":"3e916adb-f2ce-4588-8833-6c15975af72f-31796","trial_id":65,"param_name":"unified_rho","param_value_internal":0.21980678691163003,"distribution":"{\"name\": \"FloatDistribution\", \"attributes\": {\"step\": null, \"low\": 0.0, \"high\": 1.0, \"log\": false}}"}
{"op_code":8,"worker_id":"bc951769-7abe-4164-9c1c-681bd0281115-16052","trial_id":46,"user_attr":{"reg_kappa":3.1418072486434117}}
{"op_code":8,"worker_id":"bc951769-7abe-4164-9c1c-681bd0281115-16052","trial_id":46,"user_attr":{"raw_metrics":[0.1721970439006004,0.015340567690237278,0.6,0.016889018990513885,0.1103030303030303,0.024906124891035945,-0.13498353202430302,-0.2775028347969055,0.43007575757575756]}}
{"op_code":8,"worker_id":"bc951769-7abe-4164-9c1c-681bd0281115-16052","trial_id":46,"user_attr":{"val_metrics":[0.12868659706155236,0.03163986770458779,0.7333333333333333,0.16239876883414886,-6.891222971966613]}}
{"op_code":5,"worker_id":"3e916adb-f2ce-4588-8833-6c15975af72f-31796","trial_id":65,"param_name":"unified_gamma","param_value_internal":3897.202047468672,"distribution":"{\"name\": \"FloatDistribution\", \"attributes\": {\"step\": null, \"low\": 1.5, \"high\": 10000.0, \"log\": true}}"}
{"op_code":5,"worker_id":"3e916adb-f2ce-4588-8833-6c15975af72f-31796","trial_id":65,"param_name":"huber_delta","param_value_internal":1.0281167912735,"distribution":"{\"name\": \"FloatDistribution\", \"attributes\": {\"step\": null, \"low\": 0.5, \"high\": 5.0, \"log\": false}}"}
{"op_code":8,"worker_id":"bc951769-7abe-4164-9c1c-681bd0281115-16052","trial_id":46,"user_attr":{"deflated_objective":-2.142241265134665}}
{"op_code":9,"worker_id":"0ea9589b-811a-4ee7-962d-b40c249389da-31524","trial_id":12,"system_attr":{"constraints":[-0.02077143547686084,-0.025219346164257445,0.0,0.0378787878787879,-0.08268240320268874,-34.0,-8.0,0.0626804243929481,0.09999999999999998,-1422.9902646448243,0.020757575757575808,0.024372759856630843]}}
{"op_code":9,"worker_id":"bc951769-7abe-4164-9c1c-681bd0281115-16052","trial_id":46,"system_attr":{"constraints":[-0.016889018990513885,-0.015340567690237278,0.0,0.1396969696969697,-0.024906124891035945,-83.0,-8.0,0.03389018728677173,0.09999999999999998,-1253.6690486168352,0.019924242424242455,0.03637992831541226]}}
{"op_code":6,"worker_id":"bc951769-7abe-4164-9c1c-681bd0281115-16052","trial_id":46,"state":1,"values":[-1.2938589095347766],"datetime_complete":"2026-07-14T11:41:51.937687"}
{"op_code":4,"worker_id":"bc951769-7abe-4164-9c1c-681bd0281115-16052","study_id":0,"datetime_start":"2026-07-14T11:41:51.939906"}
{"op_code":6,"worker_id":"0ea9589b-811a-4ee7-962d-b40c249389da-31524","trial_id":12,"state":1,"values":[-1.1693721578824419],"datetime_complete":"2026-07-14T11:41:51.940514"}
{"op_code":5,"worker_id":"bc951769-7abe-4164-9c1c-681bd0281115-16052","trial_id":67,"param_name":"k_weight","param_value_internal":1.1346958115133166,"distribution":"{\"name\": \"FloatDistribution\", \"attributes\": {\"step\": null, \"low\": 0.0, \"high\": 1.5, \"log\": false}}"}
{"op_code":5,"worker_id":"bc951769-7abe-4164-9c1c-681bd0281115-16052","trial_id":67,"param_name":"unified_alpha","param_value_internal":0.003468164789816695,"distribution":"{\"name\": \"FloatDistribution\", \"attributes\": {\"step\": null, \"low\": 1e-05, \"high\": 10.0, \"log\": true}}"}
{"op_code":8,"worker_id":"2a105755-67ac-4a4e-8f2d-153397fce64d-29612","trial_id":63,"user_attr":{"constraints":[-0.015785150374162678,0.011276761346529426,0.19999999999999996,0.11303030303030301,-0.15215661751574866,-48.0,-8.0,0.02917033596350484,0.09999999999999998,-1355.4304629247185,0.01909090909090916,0.029435483870967782]}}
{"op_code":5,"worker_id":"bc951769-7abe-4164-9c1c-681bd0281115-16052","trial_id":67,"param_name":"unified_rho","param_value_internal":0.21140354018149649,"distribution":"{\"name\": \"FloatDistribution\", \"attributes\": {\"step\": null, \"low\": 0.0, \"high\": 1.0, \"log\": false}}"}
{"op_code":8,"worker_id":"2a105755-67ac-4a4e-8f2d-153397fce64d-29612","trial_id":63,"user_attr":{"pruned_reasons":["M2 (Yearly Tail IC Mean <= 0)","M3 (Hit Rate < 60%)","M5 (Monotonicity <= 0.25)","Side-specific Yearly Tail IC Mean (-0.0292 <= 0)","Side-specific Hit Rate (40.00% < 50%)","Yearly Daily Win Rate (43.09% < 45%)","Side-specific Yearly Daily Win Rate (42.06% < 45%)"]}}
{"op_code":8,"worker_id":"2a105755-67ac-4a4e-8f2d-153397fce64d-29612","trial_id":63,"user_attr":{"gini":0.45263185199726474}}
{"op_code":8,"worker_id":"2a105755-67ac-4a4e-8f2d-153397fce64d-29612","trial_id":63,"user_attr":{"cv_is_ics":[0.11338590085506439,0.12725721299648285,0.12424182891845703,0.10814458876848221,0.10338927060365677,0.09024001657962799,0.09135571867227554,0.10331258177757263,0.09842696785926819,0.10613178461790085,0.0799189880490303,0.08040519803762436,0.08279407024383545,0.06244872882962227,0.08214882016181946]}}
{"op_code":5,"worker_id":"bc951769-7abe-4164-9c1c-681bd0281115-16052","trial_id":67,"param_name":"unified_gamma","param_value_internal":4854.268256341125,"distribution":"{\"name\": \"FloatDistribution\", \"attributes\": {\"step\": null, \"low\": 1.5, \"high\": 10000.0, \"log\": true}}"}
{"op_code":8,"worker_id":"2a105755-67ac-4a4e-8f2d-153397fce64d-29612","trial_id":63,"user_attr":{"cv_oos_ics":[0.05376787483692169,-0.05795563384890556,-0.036406178027391434,0.011243215762078762,-0.0006617082399316132,0.013653934933245182,0.07297053188085556,-0.0010199358221143484,0.0476560965180397,0.03046932816505432,-0.020884737372398376,0.020513955503702164,0.01030940841883421,0.016221439465880394,-0.0031764251179993153]}}
{"op_code":5,"worker_id":"bc951769-7abe-4164-9c1c-681bd0281115-16052","trial_id":67,"param_name":"huber_delta","param_value_internal":1.115494122921351,"distribution":"{\"name\": \"FloatDistribution\", \"attributes\": {\"step\": null, \"low\": 0.5, \"high\": 5.0, \"log\": false}}"}
{"op_code":8,"worker_id":"2a105755-67ac-4a4e-8f2d-153397fce64d-29612","trial_id":63,"user_attr":{"reg_kappa":3.3694714624885167}}
{"op_code":8,"worker_id":"2a105755-67ac-4a4e-8f2d-153397fce64d-29612","trial_id":63,"user_attr":{"raw_metrics":[-0.09986020019628332,-0.011276761346529426,0.4,0.015785150374162678,0.136969696969697,0.15215661751574866,-0.21033359370911056,-0.32260775566101074,0.43090909090909085]}}
{"op_code":8,"worker_id":"2a105755-67ac-4a4e-8f2d-153397fce64d-29612","trial_id":63,"user_attr":{"val_metrics":[0.09879887369407636,-0.16451847334773828,0.6363636363636364,0.06014760757175585,-5.887714134508992]}}
{"op_code":8,"worker_id":"9f6f3692-e404-4505-9dd4-afc64085a6c7-24340","trial_id":62,"user_attr":{"pruned_reasons":["M5 (Monotonicity <= 0.25)","Side-specific Yearly Daily Win Rate (42.65% < 45%)"]}}
{"op_code":4,"worker_id":"39b367f3-e8d5-4535-841a-f36699cf09f0-27064","study_id":0,"datetime_start":"2026-07-14T11:41:51.901514"}
{"op_code":8,"worker_id":"9f6f3692-e404-4505-9dd4-afc64085a6c7-24340","trial_id":62,"user_attr":{"gini":0.4574075101536703}}
{"op_code":8,"worker_id":"2a105755-67ac-4a4e-8f2d-153397fce64d-29612","trial_id":63,"user_attr":{"deflated_objective":-1.807935630251649}}
{"op_code":8,"worker_id":"9f6f3692-e404-4505-9dd4-afc64085a6c7-24340","trial_id":62,"user_attr":{"cv_is_ics":[0.10623008012771606,0.11497113853693008,0.11929178237915039,0.10868901014328003,0.10028226673603058,0.07927846163511276,0.08070165663957596,0.1012495756149292,0.08591566979885101,0.09689091145992279,0.07901134341955185,0.0676724910736084,0.0794660821557045,0.06050626188516617,0.07313965260982513]}}
{"op_code":8,"worker_id":"9f6f3692-e404-4505-9dd4-afc64085a6c7-24340","trial_id":62,"user_attr":{"cv_oos_ics":[0.052428603172302246,-0.048577673733234406,-0.029684625566005707,0.010032077319920063,0.007015688344836235,0.028360985219478607,0.06655464321374893,0.014373634941875935,0.05513037368655205,0.022942684590816498,-0.014707054942846298,0.05001350864768028,0.006995329167693853,0.013909132219851017,0.02487545646727085]}}
{"op_code":5,"worker_id":"39b367f3-e8d5-4535-841a-f36699cf09f0-27064","trial_id":68,"param_name":"k_weight","param_value_internal":1.1490128921373974,"distribution":"{\"name\": \"FloatDistribution\", \"attributes\": {\"step\": null, \"low\": 0.0, \"high\": 1.5, \"log\": false}}"}
{"op_code":9,"worker_id":"2a105755-67ac-4a4e-8f2d-153397fce64d-29612","trial_id":63,"system_attr":{"constraints":[-0.015785150374162678,0.011276761346529426,0.19999999999999996,0.11303030303030301,-0.15215661751574866,-48.0,-8.0,0.02917033596350484,0.09999999999999998,-1355.4304629247185,0.01909090909090916,0.029435483870967782]}}
{"op_code":5,"worker_id":"39b367f3-e8d5-4535-841a-f36699cf09f0-27064","trial_id":68,"param_name":"unified_alpha","param_value_internal":0.005839315901361199,"distribution":"{\"name\": \"FloatDistribution\", \"attributes\": {\"step\": null, \"low\": 1e-05, \"high\": 10.0, \"log\": true}}"}
{"op_code":8,"worker_id":"9f6f3692-e404-4505-9dd4-afc64085a6c7-24340","trial_id":62,"user_attr":{"reg_kappa":3.379413583397055}}
{"op_code":8,"worker_id":"9f6f3692-e404-4505-9dd4-afc64085a6c7-24340","trial_id":62,"user_attr":{"raw_metrics":[0.3633889591681559,0.05303023431911682,0.6,0.0224258606736202,0.14666666666666667,0.1367695943637634,-0.19656489086237275,-0.36647555232048035,0.45583333333333337]}}
{"op_code":6,"worker_id":"2a105755-67ac-4a4e-8f2d-153397fce64d-29612","trial_id":63,"state":1,"values":[-0.9836044530374015],"datetime_complete":"2026-07-14T11:41:51.979813"}
{"op_code":8,"worker_id":"9f6f3692-e404-4505-9dd4-afc64085a6c7-24340","trial_id":62,"user_attr":{"val_metrics":[0.10803213388625563,-0.2495005840168339,0.6242424242424243,0.11837232328640919,-5.39325766100342]}}
{"op_code":5,"worker_id":"39b367f3-e8d5-4535-841a-f36699cf09f0-27064","trial_id":68,"param_name":"unified_rho","param_value_internal":0.20702605071183236,"distribution":"{\"name\": \"FloatDistribution\", \"attributes\": {\"step\": null, \"low\": 0.0, \"high\": 1.0, \"log\": false}}"}
{"op_code":4,"worker_id":"2a105755-67ac-4a4e-8f2d-153397fce64d-29612","study_id":0,"datetime_start":"2026-07-14T11:41:51.986726"}
{"op_code":5,"worker_id":"39b367f3-e8d5-4535-841a-f36699cf09f0-27064","trial_id":68,"param_name":"unified_gamma","param_value_internal":5017.720735553528,"distribution":"{\"name\": \"FloatDistribution\", \"attributes\": {\"step\": null, \"low\": 1.5, \"high\": 10000.0, \"log\": true}}"}
{"op_code":8,"worker_id":"9f6f3692-e404-4505-9dd4-afc64085a6c7-24340","trial_id":62,"user_attr":{"deflated_objective":-1.6394880705395751}}
{"op_code":5,"worker_id":"39b367f3-e8d5-4535-841a-f36699cf09f0-27064","trial_id":68,"param_name":"huber_delta","param_value_internal":1.012260523577683,"distribution":"{\"name\": \"FloatDistribution\", \"attributes\": {\"step\": null, \"low\": 0.5, \"high\": 5.0, \"log\": false}}"}
{"op_code":9,"worker_id":"9f6f3692-e404-4505-9dd4-afc64085a6c7-24340","trial_id":62,"system_attr":{"constraints":[-0.0224258606736202,-0.05303023431911682,0.0,0.10333333333333333,-0.1367695943637634,-49.0,-7.0,-0.07366662270836843,-0.09999999999999998,-1358.4131508086928,-0.005833333333333357,0.0234767025089605]}}
{"op_code":6,"worker_id":"9f6f3692-e404-4505-9dd4-afc64085a6c7-24340","trial_id":62,"state":1,"values":[-0.8201035031120643],"datetime_complete":"2026-07-14T11:41:51.997239"}
{"op_code":5,"worker_id":"2a105755-67ac-4a4e-8f2d-153397fce64d-29612","trial_id":69,"param_name":"k_weight","param_value_internal":1.4384123041799137,"distribution":"{\"name\": \"FloatDistribution\", \"attributes\": {\"step\": null, \"low\": 0.0, \"high\": 1.5, \"log\": false}}"}
{"op_code":5,"worker_id":"2a105755-67ac-4a4e-8f2d-153397fce64d-29612","trial_id":69,"param_name":"unified_alpha","param_value_internal":0.0033775422212004493,"distribution":"{\"name\": \"FloatDistribution\", \"attributes\": {\"step\": null, \"low\": 1e-05, \"high\": 10.0, \"log\": true}}"}
{"op_code":5,"worker_id":"2a105755-67ac-4a4e-8f2d-153397fce64d-29612","trial_id":69,"param_name":"unified_rho","param_value_internal":0.2061103699260583,"distribution":"{\"name\": \"FloatDistribution\", \"attributes\": {\"step\": null, \"low\": 0.0, \"high\": 1.0, \"log\": false}}"}
{"op_code":5,"worker_id":"2a105755-67ac-4a4e-8f2d-153397fce64d-29612","trial_id":69,"param_name":"unified_gamma","param_value_internal":2676.703187566934,"distribution":"{\"name\": \"FloatDistribution\", \"attributes\": {\"step\": null, \"low\": 1.5, \"high\": 10000.0, \"log\": true}}"}
{"op_code":4,"worker_id":"2f370a40-c34c-4bbd-babb-0a1037ace738-24340","study_id":0,"datetime_start":"2026-07-14T11:41:52.009168"}
{"op_code":8,"worker_id":"3e916adb-f2ce-4588-8833-6c15975af72f-31796","trial_id":65,"user_attr":{"constraints":[-0.023144614262697656,-0.03833795618827849,0.0,0.11787878787878786,-0.1832904555211126,-32.0,-8.0,-0.09101340972308715,-0.30000000000000004,-1436.9332938205032,0.00242424242424244,0.0465949820788531]}}
{"op_code":5,"worker_id":"2f370a40-c34c-4bbd-babb-0a1037ace738-24340","trial_id":70,"param_name":"k_weight","param_value_internal":1.4988019261674255,"distribution":"{\"name\": \"FloatDistribution\", \"attributes\": {\"step\": null, \"low\": 0.0, \"high\": 1.5, \"log\": false}}"}
{"op_code":5,"worker_id":"2a105755-67ac-4a4e-8f2d-153397fce64d-29612","trial_id":69,"param_name":"huber_delta","param_value_internal":1.7662508550489924,"distribution":"{\"name\": \"FloatDistribution\", \"attributes\": {\"step\": null, \"low\": 0.5, \"high\": 5.0, \"log\": false}}"}
{"op_code":5,"worker_id":"2f370a40-c34c-4bbd-babb-0a1037ace738-24340","trial_id":70,"param_name":"unified_alpha","param_value_internal":0.003939936359612124,"distribution":"{\"name\": \"FloatDistribution\", \"attributes\": {\"step\": null, \"low\": 1e-05, \"high\": 10.0, \"log\": true}}"}
{"op_code":8,"worker_id":"3e916adb-f2ce-4588-8833-6c15975af72f-31796","trial_id":65,"user_attr":{"pruned_reasons":["M5 (Monotonicity <= 0.25)","Yearly Daily Win Rate (44.76% < 45%)","Side-specific Yearly Daily Win Rate (40.34% < 45%)"]}}
{"op_code":8,"worker_id":"3e916adb-f2ce-4588-8833-6c15975af72f-31796","trial_id":65,"user_attr":{"gini":0.4581959764331043}}
{"op_code":8,"worker_id":"3e916adb-f2ce-4588-8833-6c15975af72f-31796","trial_id":65,"user_attr":{"cv_is_ics":[0.11321301013231277,0.12136948853731155,0.12431007623672485,0.1095471903681755,0.1045021191239357,0.08745342493057251,0.08819687366485596,0.09884180128574371,0.09624429047107697,0.10080308467149734,0.07720647752285004,0.0719033032655716,0.0825534388422966,0.06709319353103638,0.0764494389295578]}}
{"op_code":5,"worker_id":"2f370a40-c34c-4bbd-babb-0a1037ace738-24340","trial_id":70,"param_name":"unified_rho","param_value_internal":0.22242511913626722,"distribution":"{\"name\": \"FloatDistribution\", \"attributes\": {\"step\": null, \"low\": 0.0, \"high\": 1.0, \"log\": false}}"}
{"op_code":8,"worker_id":"3e916adb-f2ce-4588-8833-6c15975af72f-31796","trial_id":65,"user_attr":{"cv_oos_ics":[0.05566779896616936,-0.0529509037733078,-0.03059479594230652,0.010812120512127876,0.004086274188011885,0.027765899896621704,0.07314564287662506,0.007967145182192326,0.05387343838810921,0.029467308893799782,-0.012945793569087982,0.04925067722797394,0.01102438848465681,0.021473180502653122,0.013959953561425209]}}
{"op_code":5,"worker_id":"ba749a05-b39a-4b0f-857b-fdf6b927fd72-27448","trial_id":64,"param_name":"k_weight","param_value_internal":1.127457810920478,"distribution":"{\"name\": \"FloatDistribution\", \"attributes\": {\"step\": null, \"low\": 0.0, \"high\": 1.5, \"log\": false}}"}
{"op_code":5,"worker_id":"2f370a40-c34c-4bbd-babb-0a1037ace738-24340","trial_id":70,"param_name":"unified_gamma","param_value_internal":6259.211014412812,"distribution":"{\"name\": \"FloatDistribution\", \"attributes\": {\"step\": null, \"low\": 1.5, \"high\": 10000.0, \"log\": true}}"}
{"op_code":4,"worker_id":"12c115a2-e643-4243-88dd-5c650e03659b-31524","study_id":0,"datetime_start":"2026-07-14T11:41:52.027021"}
{"op_code":5,"worker_id":"2f370a40-c34c-4bbd-babb-0a1037ace738-24340","trial_id":70,"param_name":"huber_delta","param_value_internal":2.1184205647964056,"distribution":"{\"name\": \"FloatDistribution\", \"attributes\": {\"step\": null, \"low\": 0.5, \"high\": 5.0, \"log\": false}}"}
{"op_code":5,"worker_id":"12c115a2-e643-4243-88dd-5c650e03659b-31524","trial_id":71,"param_name":"k_weight","param_value_internal":1.4130647787750956,"distribution":"{\"name\": \"FloatDistribution\", \"attributes\": {\"step\": null, \"low\": 0.0, \"high\": 1.5, \"log\": false}}"}
{"op_code":8,"worker_id":"3e916adb-f2ce-4588-8833-6c15975af72f-31796","trial_id":65,"user_attr":{"reg_kappa":3.590425967094384}}
{"op_code":5,"worker_id":"12c115a2-e643-4243-88dd-5c650e03659b-31524","trial_id":71,"param_name":"unified_alpha","param_value_internal":0.004398082669676187,"distribution":"{\"name\": \"FloatDistribution\", \"attributes\": {\"step\": null, \"low\": 1e-05, \"high\": 10.0, \"log\": true}}"}
{"op_code":8,"worker_id":"e2aaffa5-3bcc-42c7-bc5c-624bc76adc06-24364","trial_id":58,"user_attr":{"pruned_reasons":["M5 (Monotonicity <= 0.25)","Yearly Daily Win Rate (43.51% < 45%)","Side-specific Yearly Daily Win Rate (42.06% < 45%)"]}}
{"op_code":5,"worker_id":"ba749a05-b39a-4b0f-857b-fdf6b927fd72-27448","trial_id":64,"param_name":"unified_alpha","param_value_internal":0.004310345215952445,"distribution":"{\"name\": \"FloatDistribution\", \"attributes\": {\"step\": null, \"low\": 1e-05, \"high\": 10.0, \"log\": true}}"}
{"op_code":8,"worker_id":"3e916adb-f2ce-4588-8833-6c15975af72f-31796","trial_id":65,"user_attr":{"raw_metrics":[0.37591439163295415,0.03833795618827849,0.6,0.023144614262697656,0.13212121212121214,0.1832904555211126,-0.2888329903736519,-0.44618138670921326,0.44757575757575757]}}
{"op_code":5,"worker_id":"ba749a05-b39a-4b0f-857b-fdf6b927fd72-27448","trial_id":64,"param_name":"unified_rho","param_value_internal":0.24348218989194165,"distribution":"{\"name\": \"FloatDistribution\", \"attributes\": {\"step\": null, \"low\": 0.0, \"high\": 1.0, \"log\": false}}"}
{"op_code":5,"worker_id":"12c115a2-e643-4243-88dd-5c650e03659b-31524","trial_id":71,"param_name":"unified_rho","param_value_internal":0.21103283746852347,"distribution":"{\"name\": \"FloatDistribution\", \"attributes\": {\"step\": null, \"low\": 0.0, \"high\": 1.0, \"log\": false}}"}
{"op_code":5,"worker_id":"ba749a05-b39a-4b0f-857b-fdf6b927fd72-27448","trial_id":64,"param_name":"unified_gamma","param_value_internal":5223.276361156736,"distribution":"{\"name\": \"FloatDistribution\", \"attributes\": {\"step\": null, \"low\": 1.5, \"high\": 10000.0, \"log\": true}}"}
{"op_code":8,"worker_id":"39b367f3-e8d5-4535-841a-f36699cf09f0-27064","trial_id":68,"user_attr":{"constraints":[-0.016071680699701517,0.011958074006734343,0.19999999999999996,0.1396969696969697,-0.12646818433820523,-46.0,-8.0,0.03509561540396455,0.09999999999999998,-1362.8438263403643,0.03234848484848485,0.02853942652329755]}}
{"op_code":5,"worker_id":"ba749a05-b39a-4b0f-857b-fdf6b927fd72-27448","trial_id":64,"param_name":"huber_delta","param_value_internal":0.9552306626321443,"distribution":"{\"name\": \"FloatDistribution\", \"attributes\": {\"step\": null, \"low\": 0.5, \"high\": 5.0, \"log\": false}}"}
{"op_code":8,"worker_id":"e2aaffa5-3bcc-42c7-bc5c-624bc76adc06-24364","trial_id":58,"user_attr":{"gini":0.47174912904709143}}
{"op_code":8,"worker_id":"3e916adb-f2ce-4588-8833-6c15975af72f-31796","trial_id":65,"user_attr":{"val_metrics":[0.10464912273881435,-0.043419893985696595,0.7090909090909091,0.06649341607776782,-7.477063863554543]}}
{"op_code":8,"worker_id":"39b367f3-e8d5-4535-841a-f36699cf09f0-27064","trial_id":68,"user_attr":{"pruned_reasons":["M2 (Yearly Tail IC Mean <= 0)","M3 (Hit Rate < 60%)","M5 (Monotonicity <= 0.25)","Side-specific Yearly Tail IC Mean (-0.0351 <= 0)","Side-specific Hit Rate (40.00% < 50%)","Yearly Daily Win Rate (41.77% < 45%)","Side-specific Yearly Daily Win Rate (42.15% < 45%)"]}}
{"op_code":8,"worker_id":"39b367f3-e8d5-4535-841a-f36699cf09f0-27064","trial_id":68,"user_attr":{"gini":0.45739312355872097}}
{"op_code":8,"worker_id":"e2aaffa5-3bcc-42c7-bc5c-624bc76adc06-24364","trial_id":58,"user_attr":{"cv_is_ics":[0.10385215282440186,0.11141718924045563,0.1163063794374466,0.10953043401241302,0.098031185567379,0.07945931702852249,0.08516912162303925,0.10261046886444092,0.0906793624162674,0.09161192178726196,0.08040826767683029,0.05901675298810005,0.08034712076187134,0.05917451158165932,0.07666284590959549]}}
{"op_code":8,"worker_id":"3e916adb-f2ce-4588-8833-6c15975af72f-31796","trial_id":65,"user_attr":{"deflated_objective":-2.374269049108949}}
{"op_code":8,"worker_id":"2a105755-67ac-4a4e-8f2d-153397fce64d-29612","trial_id":69,"user_attr":{"constraints":[-0.025158750225511117,-0.042216040917046005,0.0,0.06696969696969696,-0.12017300434938724,-31.0,-8.0,0.00788937894250987,0.09999999999999998,-1437.5374961698708,-0.0016666666666666496,0.005421146953404954]}}
{"op_code":8,"worker_id":"39b367f3-e8d5-4535-841a-f36699cf09f0-27064","trial_id":68,"user_attr":{"cv_is_ics":[0.11207787692546844,0.12574760615825653,0.12417972087860107,0.10842738300561905,0.10374252498149872,0.08922368288040161,0.09145739674568176,0.10315796732902527,0.09794849902391434,0.10598064213991165,0.08012374490499496,0.0781247466802597,0.08217603713274002,0.06226903200149536,0.08134523034095764]}}
{"op_code":8,"worker_id":"e2aaffa5-3bcc-42c7-bc5c-624bc76adc06-24364","trial_id":58,"user_attr":{"cv_oos_ics":[0.05661797150969505,-0.0391169972717762,-0.03147563710808754,0.007963730953633785,0.0144831957295537,0.030410049483180046,0.06565771996974945,0.013980267569422722,0.05049489066004753,0.023377705365419388,-0.013248982839286327,0.06578479707241058,0.007954615168273449,0.018703408539295197,0.02335711382329464]}}
{"op_code":8,"worker_id":"2a105755-67ac-4a4e-8f2d-153397fce64d-29612","trial_id":69,"user_attr":{"pruned_reasons":["M5 (Monotonicity <= 0.25)","Side-specific Yearly Tail IC Mean (-0.0079 <= 0)","Side-specific Hit Rate (40.00% < 50%)","Side-specific Yearly Daily Win Rate (44.46% < 45%)"]}}
{"op_code":8,"worker_id":"2a105755-67ac-4a4e-8f2d-153397fce64d-29612","trial_id":69,"user_attr":{"gini":0.45554656563130536}}
{"op_code":8,"worker_id":"2a105755-67ac-4a4e-8f2d-153397fce64d-29612","trial_id":69,"user_attr":{"cv_is_ics":[0.10439034551382065,0.11206995695829391,0.11805497109889984,0.10732736438512802,0.10066986083984375,0.07966471463441849,0.0799364298582077,0.09537587314844131,0.08433452248573303,0.09241153299808502,0.0775098204612732,0.06081391125917435,0.07957016676664352,0.06385937333106995,0.06933075189590454]}}
{"op_code":8,"worker_id":"e2aaffa5-3bcc-42c7-bc5c-624bc76adc06-24364","trial_id":58,"user_attr":{"reg_kappa":3.3424960429044015}}
{"op_code":8,"worker_id":"2a105755-67ac-4a4e-8f2d-153397fce64d-29612","trial_id":69,"user_attr":{"cv_oos_ics":[0.05129363387823105,-0.04109195992350578,-0.028906291350722313,0.008109232410788536,0.011552652344107628,0.034737829118967056,0.06620427221059799,0.02750352770090103,0.0603390671312809,0.023694869130849838,-0.0054428596049547195,0.07448127120733261,0.00802423432469368,0.02184736728668213,0.036545827984809875]}}
{"op_code":8,"worker_id":"39b367f3-e8d5-4535-841a-f36699cf09f0-27064","trial_id":68,"user_attr":{"cv_oos_ics":[0.054972320795059204,-0.05751736834645271,-0.036436501890420914,0.010970008559525013,0.0007572663598693907,0.0160260908305645,0.0726277083158493,-0.00022878794698044658,0.045435111969709396,0.030937518924474716,-0.022398000583052635,0.023536164313554764,0.009440953843295574,0.015981486067175865,-0.0017588621703907847]}}
{"op_code":8,"worker_id":"39b367f3-e8d5-4535-841a-f36699cf09f0-27064","trial_id":68,"user_attr":{"reg_kappa":3.39057154781931}}
{"op_code":8,"worker_id":"e2aaffa5-3bcc-42c7-bc5c-624bc76adc06-24364","trial_id":58,"user_attr":{"raw_metrics":[0.30450877694950707,0.03849608067666664,0.6,0.024556423243560912,0.19030303030303033,0.13339982967094005,-0.22369195026185457,-0.32962337136268616,0.43507575757575756]}}
{"op_code":8,"worker_id":"2f370a40-c34c-4bbd-babb-0a1037ace738-24340","trial_id":70,"user_attr":{"constraints":[-0.025256744947066073,-0.03258669060595497,0.0,0.11545454545454545,-0.12640512143745536,-29.0,-8.0,0.0018382444520964464,0.09999999999999998,-1454.9535199500526,-0.0016666666666666496,0.024372759856630843]}}
{"op_code":8,"worker_id":"2f370a40-c34c-4bbd-babb-0a1037ace738-24340","trial_id":70,"user_attr":{"pruned_reasons":["M5 (Monotonicity <= 0.25)","Side-specific Yearly Tail IC Mean (-0.0018 <= 0)","Side-specific Hit Rate (40.00% < 50%)","Side-specific Yearly Daily Win Rate (42.56% < 45%)"]}}
{"op_code":8,"worker_id":"39b367f3-e8d5-4535-841a-f36699cf09f0-27064","trial_id":68,"user_attr":{"raw_metrics":[-0.10144827011788876,-0.011958074006734343,0.4,0.016071680699701517,0.1103030303030303,0.12646818433820523,-0.21686126581228093,-0.3234614431858063,0.41765151515151516]}}
{"op_code":8,"worker_id":"e2aaffa5-3bcc-42c7-bc5c-624bc76adc06-24364","trial_id":58,"user_attr":{"val_metrics":[0.09279284878720039,-0.2673462439355835,0.5878787878787879,0.009636817968760931,-6.782449102676945]}}
{"op_code":8,"worker_id":"39b367f3-e8d5-4535-841a-f36699cf09f0-27064","trial_id":68,"user_attr":{"val_metrics":[0.09737171503792323,-0.1908215925862745,0.7575757575757576,0.030776274449502435,-5.75627262799882]}}
{"op_code":8,"worker_id":"e2aaffa5-3bcc-42c7-bc5c-624bc76adc06-24364","trial_id":58,"user_attr":{"deflated_objective":-2.196892721052451}}
{"op_code":8,"worker_id":"2f370a40-c34c-4bbd-babb-0a1037ace738-24340","trial_id":70,"user_attr":{"gini":0.45135359678842835}}
{"op_code":8,"worker_id":"2f370a40-c34c-4bbd-babb-0a1037ace738-24340","trial_id":70,"user_attr":{"cv_is_ics":[0.10224281996488571,0.11070650815963745,0.1174478754401207,0.10792939364910126,0.09765414148569107,0.08023656159639359,0.07943026721477509,0.0939883440732956,0.08356240391731262,0.0879896730184555,0.07618091255426407,0.056568507105112076,0.07873107492923737,0.06315036863088608,0.06805862486362457]}}
{"op_code":8,"worker_id":"ef0b5fbf-24e7-4b1e-9304-97665f564f2f-19068","trial_id":60,"user_attr":{"deflated_objective":-1.70296176663662}}
{"op_code":9,"worker_id":"e2aaffa5-3bcc-42c7-bc5c-624bc76adc06-24364","trial_id":58,"system_attr":{"constraints":[-0.024556423243560912,-0.03849608067666664,0.0,0.059696969696969665,-0.13339982967094005,-41.0,-7.0,-0.005805517499065887,-0.09999999999999998,-1390.6053913777498,0.014924242424242451,0.029435483870967782]}}
{"op_code":8,"worker_id":"ba749a05-b39a-4b0f-857b-fdf6b927fd72-27448","trial_id":64,"user_attr":{"constraints":[-0.016024098198788764,0.014460492940001707,0.19999999999999996,0.11303030303030301,-0.13194204293309963,-48.0,-8.0,0.020403756969221865,0.09999999999999998,-1357.7620233603968,0.032348484848484904,0.03499103942652332]}}
{"op_code":8,"worker_id":"2f370a40-c34c-4bbd-babb-0a1037ace738-24340","trial_id":70,"user_attr":{"cv_oos_ics":[0.04793243110179901,-0.03613169118762016,-0.033972229808568954,0.0043542333878576756,0.01391577534377575,0.03890257701277733,0.06550637632608414,0.039809104055166245,0.0663398876786232,0.024073148146271706,0.003299224656075239,0.07398643344640732,0.010273388586938381,0.023976463824510574,0.04163482412695885]}}
{"op_code":8,"worker_id":"2f370a40-c34c-4bbd-babb-0a1037ace738-24340","trial_id":70,"user_attr":{"reg_kappa":3.628118386128985}}
{"op_code":6,"worker_id":"e2aaffa5-3bcc-42c7-bc5c-624bc76adc06-24364","trial_id":58,"state":1,"values":[-1.3880786358384456],"datetime_complete":"2026-07-14T11:41:52.095024"}
{"op_code":8,"worker_id":"ba749a05-b39a-4b0f-857b-fdf6b927fd72-27448","trial_id":64,"user_attr":{"pruned_reasons":["M2 (Yearly Tail IC Mean <= 0)","M3 (Hit Rate < 60%)","M5 (Monotonicity <= 0.25)","Side-specific Yearly Tail IC Mean (-0.0204 <= 0)","Side-specific Hit Rate (40.00% < 50%)","Yearly Daily Win Rate (41.77% < 45%)","Side-specific Yearly Daily Win Rate (41.50% < 45%)"]}}
{"op_code":4,"worker_id":"e2aaffa5-3bcc-42c7-bc5c-624bc76adc06-24364","study_id":0,"datetime_start":"2026-07-14T11:41:52.102446"}
{"op_code":9,"worker_id":"ef0b5fbf-24e7-4b1e-9304-97665f564f2f-19068","trial_id":60,"system_attr":{"constraints":[-0.022905078804357718,-0.05548385571800789,0.0,0.1203030303030303,-0.14529411736187964,-48.0,-7.0,-0.08575558819866219,-0.30000000000000004,-1360.0662326758297,-0.009999999999999953,0.029032258064516092]}}
{"op_code":5,"worker_id":"e2aaffa5-3bcc-42c7-bc5c-624bc76adc06-24364","trial_id":72,"param_name":"k_weight","param_value_internal":1.4767082590166694,"distribution":"{\"name\": \"FloatDistribution\", \"attributes\": {\"step\": null, \"low\": 0.0, \"high\": 1.5, \"log\": false}}"}
{"op_code":8,"worker_id":"ba749a05-b39a-4b0f-857b-fdf6b927fd72-27448","trial_id":64,"user_attr":{"gini":0.4598568086160242}}
{"op_code":6,"worker_id":"ef0b5fbf-24e7-4b1e-9304-97665f564f2f-19068","trial_id":60,"state":1,"values":[-0.8502002402384468],"datetime_complete":"2026-07-14T11:41:52.106649"}
{"op_code":5,"worker_id":"e2aaffa5-3bcc-42c7-bc5c-624bc76adc06-24364","trial_id":72,"param_name":"unified_alpha","param_value_internal":0.005112502748044899,"distribution":"{\"name\": \"FloatDistribution\", \"attributes\": {\"step\": null, \"low\": 1e-05, \"high\": 10.0, \"log\": true}}"}
{"op_code":5,"worker_id":"12c115a2-e643-4243-88dd-5c650e03659b-31524","trial_id":71,"param_name":"unified_gamma","param_value_internal":5799.853171057964,"distribution":"{\"name\": \"FloatDistribution\", \"attributes\": {\"step\": null, \"low\": 1.5, \"high\": 10000.0, \"log\": true}}"}
{"op_code":5,"worker_id":"e2aaffa5-3bcc-42c7-bc5c-624bc76adc06-24364","trial_id":72,"param_name":"unified_rho","param_value_internal":0.21437863623637402,"distribution":"{\"name\": \"FloatDistribution\", \"attributes\": {\"step\": null, \"low\": 0.0, \"high\": 1.0, \"log\": false}}"}
{"op_code":5,"worker_id":"12c115a2-e643-4243-88dd-5c650e03659b-31524","trial_id":71,"param_name":"huber_delta","param_value_internal":2.0997919730813135,"distribution":"{\"name\": \"FloatDistribution\", \"attributes\": {\"step\": null, \"low\": 0.5, \"high\": 5.0, \"log\": false}}"}
{"op_code":8,"worker_id":"2f370a40-c34c-4bbd-babb-0a1037ace738-24340","trial_id":70,"user_attr":{"raw_metrics":[0.21586808369753227,0.03258669060595497,0.6,0.025256744947066073,0.13454545454545455,0.12640512143745536,-0.3079655553614633,-0.5083414912223816,0.45166666666666666]}}
{"op_code":4,"worker_id":"ef0b5fbf-24e7-4b1e-9304-97665f564f2f-19068","study_id":0,"datetime_start":"2026-07-14T11:41:52.111059"}
{"op_code":5,"worker_id":"e2aaffa5-3bcc-42c7-bc5c-624bc76adc06-24364","trial_id":72,"param_name":"unified_gamma","param_value_internal":6407.57077405872,"distribution":"{\"name\": \"FloatDistribution\", \"attributes\": {\"step\": null, \"low\": 1.5, \"high\": 10000.0, \"log\": true}}"}
{"op_code":8,"worker_id":"39b367f3-e8d5-4535-841a-f36699cf09f0-27064","trial_id":68,"user_attr":{"deflated_objective":-1.738304344570227}}
{"op_code":8,"worker_id":"2f370a40-c34c-4bbd-babb-0a1037ace738-24340","trial_id":70,"user_attr":{"val_metrics":[0.11498382842085822,-0.09789647959275775,0.6363636363636364,0.08228196727422377,-8.103358707097929]}}
{"op_code":5,"worker_id":"e2aaffa5-3bcc-42c7-bc5c-624bc76adc06-24364","trial_id":72,"param_name":"huber_delta","param_value_internal":2.1652141888574876,"distribution":"{\"name\": \"FloatDistribution\", \"attributes\": {\"step\": null, \"low\": 0.5, \"high\": 5.0, \"log\": false}}"}
{"op_code":8,"worker_id":"ba749a05-b39a-4b0f-857b-fdf6b927fd72-27448","trial_id":64,"user_attr":{"cv_is_ics":[0.11225373297929764,0.1274421513080597,0.12403999269008636,0.1087433248758316,0.10241291671991348,0.0904860720038414,0.09161234647035599,0.10365632176399231,0.09868969768285751,0.10622648894786835,0.08034178614616394,0.08025369048118591,0.08411464095115662,0.06265511363744736,0.08281411975622177]}}
{"op_code":9,"worker_id":"39b367f3-e8d5-4535-841a-f36699cf09f0-27064","trial_id":68,"system_attr":{"constraints":[-0.016071680699701517,0.011958074006734343,0.19999999999999996,0.1396969696969697,-0.12646818433820523,-46.0,-8.0,0.03509561540396455,0.09999999999999998,-1362.8438263403643,0.03234848484848485,0.02853942652329755]}}
{"op_code":8,"worker_id":"2f370a40-c34c-4bbd-babb-0a1037ace738-24340","trial_id":70,"user_attr":{"deflated_objective":-2.639426810496753}}
{"op_code":5,"worker_id":"ef0b5fbf-24e7-4b1e-9304-97665f564f2f-19068","trial_id":73,"param_name":"k_weight","param_value_internal":1.4446818055028912,"distribution":"{\"name\": \"FloatDistribution\", \"attributes\": {\"step\": null, \"low\": 0.0, \"high\": 1.5, \"log\": false}}"}
{"op_code":8,"worker_id":"ba749a05-b39a-4b0f-857b-fdf6b927fd72-27448","trial_id":64,"user_attr":{"cv_oos_ics":[0.0545516200363636,-0.05595314875245094,-0.0370519682765007,0.010806567966938019,-0.004333567805588245,0.01406298577785492,0.07307688146829605,8.826915291137993e-06,0.04797947034239769,0.03136986121535301,-0.019122770056128502,0.021712567657232285,0.010006730444729328,0.014719470404088497,-0.004370548762381077]}}
{"op_code":5,"worker_id":"ef0b5fbf-24e7-4b1e-9304-97665f564f2f-19068","trial_id":73,"param_name":"unified_alpha","param_value_internal":0.0028834734998197725,"distribution":"{\"name\": \"FloatDistribution\", \"attributes\": {\"step\": null, \"low\": 1e-05, \"high\": 10.0, \"log\": true}}"}
{"op_code":9,"worker_id":"2f370a40-c34c-4bbd-babb-0a1037ace738-24340","trial_id":70,"system_attr":{"constraints":[-0.025256744947066073,-0.03258669060595497,0.0,0.11545454545454545,-0.12640512143745536,-29.0,-8.0,0.0018382444520964464,0.09999999999999998,-1454.9535199500526,-0.0016666666666666496,0.024372759856630843]}}
{"op_code":5,"worker_id":"ef0b5fbf-24e7-4b1e-9304-97665f564f2f-19068","trial_id":73,"param_name":"unified_rho","param_value_internal":0.24779871337682396,"distribution":"{\"name\": \"FloatDistribution\", \"attributes\": {\"step\": null, \"low\": 0.0, \"high\": 1.0, \"log\": false}}"}
{"op_code":6,"worker_id":"2f370a40-c34c-4bbd-babb-0a1037ace738-24340","trial_id":70,"state":1,"values":[-1.8415949890125065],"datetime_complete":"2026-07-14T11:41:52.138717"}
{"op_code":5,"worker_id":"ef0b5fbf-24e7-4b1e-9304-97665f564f2f-19068","trial_id":73,"param_name":"unified_gamma","param_value_internal":5475.641123302628,"distribution":"{\"name\": \"FloatDistribution\", \"attributes\": {\"step\": null, \"low\": 1.5, \"high\": 10000.0, \"log\": true}}"}
{"op_code":4,"worker_id":"2f370a40-c34c-4bbd-babb-0a1037ace738-24340","study_id":0,"datetime_start":"2026-07-14T11:41:52.143014"}
{"op_code":5,"worker_id":"ef0b5fbf-24e7-4b1e-9304-97665f564f2f-19068","trial_id":73,"param_name":"huber_delta","param_value_internal":2.1685556403680133,"distribution":"{\"name\": \"FloatDistribution\", \"attributes\": {\"step\": null, \"low\": 0.5, \"high\": 5.0, \"log\": false}}"}
{"op_code":5,"worker_id":"2f370a40-c34c-4bbd-babb-0a1037ace738-24340","trial_id":74,"param_name":"k_weight","param_value_internal":1.0989758301359558,"distribution":"{\"name\": \"FloatDistribution\", \"attributes\": {\"step\": null, \"low\": 0.0, \"high\": 1.5, \"log\": false}}"}
{"op_code":6,"worker_id":"39b367f3-e8d5-4535-841a-f36699cf09f0-27064","trial_id":68,"state":1,"values":[-0.9295706018785537],"datetime_complete":"2026-07-14T11:41:52.130714"}
{"op_code":5,"worker_id":"2f370a40-c34c-4bbd-babb-0a1037ace738-24340","trial_id":74,"param_name":"unified_alpha","param_value_internal":0.001783082250906797,"distribution":"{\"name\": \"FloatDistribution\", \"attributes\": {\"step\": null, \"low\": 1e-05, \"high\": 10.0, \"log\": true}}"}
{"op_code":8,"worker_id":"ba749a05-b39a-4b0f-857b-fdf6b927fd72-27448","trial_id":64,"user_attr":{"reg_kappa":3.385284989212607}}
{"op_code":5,"worker_id":"2f370a40-c34c-4bbd-babb-0a1037ace738-24340","trial_id":74,"param_name":"unified_rho","param_value_internal":0.21017369182592335,"distribution":"{\"name\": \"FloatDistribution\", \"attributes\": {\"step\": null, \"low\": 0.0, \"high\": 1.0, \"log\": false}}"}
{"op_code":8,"worker_id":"ba749a05-b39a-4b0f-857b-fdf6b927fd72-27448","trial_id":64,"user_attr":{"raw_metrics":[-0.12814802707951897,-0.014460492940001707,0.4,0.016024098198788764,0.136969696969697,0.13194204293309963,-0.21238017254418257,-0.31838929653167725,0.4176515151515151]}}
{"op_code":5,"worker_id":"2f370a40-c34c-4bbd-babb-0a1037ace738-24340","trial_id":74,"param_name":"unified_gamma","param_value_internal":3398.2274527104864,"distribution":"{\"name\": \"FloatDistribution\", \"attributes\": {\"step\": null, \"low\": 1.5, \"high\": 10000.0, \"log\": true}}"}
{"op_code":8,"worker_id":"ba749a05-b39a-4b0f-857b-fdf6b927fd72-27448","trial_id":64,"user_attr":{"val_metrics":[0.09728281265195558,-0.19478166985174686,0.696969696969697,0.04515787149158617,-6.078469964790402]}}
{"op_code":5,"worker_id":"2f370a40-c34c-4bbd-babb-0a1037ace738-24340","trial_id":74,"param_name":"huber_delta","param_value_internal":2.3319296296609173,"distribution":"{\"name\": \"FloatDistribution\", \"attributes\": {\"step\": null, \"low\": 0.5, \"high\": 5.0, \"log\": false}}"}
{"op_code":8,"worker_id":"12c115a2-e643-4243-88dd-5c650e03659b-31524","trial_id":71,"user_attr":{"constraints":[-0.025058880404854468,-0.03919128715884439,0.0,0.09121212121212122,-0.10620780724318479,-33.0,-8.0,-0.011944886062533116,0.09999999999999998,-1430.4439825911668,-0.0016666666666666496,0.024372759856630843]}}
{"op_code":8,"worker_id":"ba749a05-b39a-4b0f-857b-fdf6b927fd72-27448","trial_id":64,"user_attr":{"deflated_objective":-1.8472376026918966}}
{"op_code":8,"worker_id":"12c115a2-e643-4243-88dd-5c650e03659b-31524","trial_id":71,"user_attr":{"pruned_reasons":["M5 (Monotonicity <= 0.25)","Side-specific Hit Rate (40.00% < 50%)","Side-specific Yearly Daily Win Rate (42.56% < 45%)"]}}
{"op_code":9,"worker_id":"ba749a05-b39a-4b0f-857b-fdf6b927fd72-27448","trial_id":64,"system_attr":{"constraints":[-0.016024098198788764,0.014460492940001707,0.19999999999999996,0.11303030303030301,-0.13194204293309963,-48.0,-8.0,0.020403756969221865,0.09999999999999998,-1357.7620233603968,0.032348484848484904,0.03499103942652332]}}
{"op_code":5,"worker_id":"cf375a95-04e0-4cc5-9df7-c5ffa38deb2d-3216","trial_id":66,"param_name":"k_weight","param_value_internal":1.1037558466610409,"distribution":"{\"name\": \"FloatDistribution\", \"attributes\": {\"step\": null, \"low\": 0.0, \"high\": 1.5, \"log\": false}}"}
{"op_code":8,"worker_id":"e2aaffa5-3bcc-42c7-bc5c-624bc76adc06-24364","trial_id":72,"user_attr":{"constraints":[-0.025399924449524304,-0.03414746467803755,0.0,0.11545454545454545,-0.11921049830561818,-30.0,-8.0,-0.003898111991091116,0.09999999999999998,-1448.50363904219,-0.0016666666666666496,0.024372759856630843]}}
{"op_code":8,"worker_id":"12c115a2-e643-4243-88dd-5c650e03659b-31524","trial_id":71,"user_attr":{"gini":0.4543604354182682}}
{"op_code":5,"worker_id":"cf375a95-04e0-4cc5-9df7-c5ffa38deb2d-3216","trial_id":66,"param_name":"unified_alpha","param_value_internal":0.0032717675176029038,"distribution":"{\"name\": \"FloatDistribution\", \"attributes\": {\"step\": null, \"low\": 1e-05, \"high\": 10.0, \"log\": true}}"}
{"op_code":8,"worker_id":"12c115a2-e643-4243-88dd-5c650e03659b-31524","trial_id":71,"user_attr":{"cv_is_ics":[0.10242980718612671,0.11101307719945908,0.1179652214050293,0.10834506899118423,0.09897585958242416,0.08004540205001831,0.07931330054998398,0.0956997275352478,0.08329157531261444,0.08940302580595016,0.07671016454696655,0.05783069133758545,0.07849473506212234,0.06335460394620895,0.0680537223815918]}}
{"op_code":5,"worker_id":"cf375a95-04e0-4cc5-9df7-c5ffa38deb2d-3216","trial_id":66,"param_name":"unified_rho","param_value_internal":0.07575417362891623,"distribution":"{\"name\": \"FloatDistribution\", \"attributes\": {\"step\": null, \"low\": 0.0, \"high\": 1.0, \"log\": false}}"}
{"op_code":6,"worker_id":"ba749a05-b39a-4b0f-857b-fdf6b927fd72-27448","trial_id":64,"state":1,"values":[-1.0661030637869249],"datetime_complete":"2026-07-14T11:41:52.170206"}
{"op_code":5,"worker_id":"cf375a95-04e0-4cc5-9df7-c5ffa38deb2d-3216","trial_id":66,"param_name":"unified_gamma","param_value_internal":6060.158569353354,"distribution":"{\"name\": \"FloatDistribution\", \"attributes\": {\"step\": null, \"low\": 1.5, \"high\": 10000.0, \"log\": true}}"}
{"op_code":8,"worker_id":"e2aaffa5-3bcc-42c7-bc5c-624bc76adc06-24364","trial_id":72,"user_attr":{"pruned_reasons":["M5 (Monotonicity <= 0.25)","Side-specific Hit Rate (40.00% < 50%)","Side-specific Yearly Daily Win Rate (42.56% < 45%)"]}}
{"op_code":4,"worker_id":"ba749a05-b39a-4b0f-857b-fdf6b927fd72-27448","study_id":0,"datetime_start":"2026-07-14T11:41:52.182100"}
{"op_code":5,"worker_id":"cf375a95-04e0-4cc5-9df7-c5ffa38deb2d-3216","trial_id":66,"param_name":"huber_delta","param_value_internal":1.0381549452016632,"distribution":"{\"name\": \"FloatDistribution\", \"attributes\": {\"step\": null, \"low\": 0.5, \"high\": 5.0, \"log\": false}}"}
{"op_code":8,"worker_id":"e2aaffa5-3bcc-42c7-bc5c-624bc76adc06-24364","trial_id":72,"user_attr":{"gini":0.45245598649206187}}
{"op_code":8,"worker_id":"e2aaffa5-3bcc-42c7-bc5c-624bc76adc06-24364","trial_id":72,"user_attr":{"cv_is_ics":[0.1017666831612587,0.1104990690946579,0.11800999939441681,0.10850644111633301,0.09821349382400513,0.08044055104255676,0.07900862395763397,0.09430909156799316,0.08336655050516129,0.08777947723865509,0.07635338604450226,0.056568969041109085,0.07859665900468826,0.06268715113401413,0.06836912035942078]}}
{"op_code":8,"worker_id":"ef0b5fbf-24e7-4b1e-9304-97665f564f2f-19068","trial_id":73,"user_attr":{"constraints":[-0.024587476604385664,-0.03603364328133416,0.0,0.1687878787878788,-0.09528400025016011,-31.0,-8.0,-0.006243879417503709,0.09999999999999998,-1439.3089650384045,-0.0016666666666666496,0.024372759856630843]}}
{"op_code":8,"worker_id":"e2aaffa5-3bcc-42c7-bc5c-624bc76adc06-24364","trial_id":72,"user_attr":{"cv_oos_ics":[0.04667431116104126,-0.0356118381023407,-0.034910161048173904,0.004220263566821814,0.013910270296037197,0.03950246423482895,0.06568263471126556,0.03990078717470169,0.06565037369728088,0.02505427785217762,0.0031308333855122328,0.0729181095957756,0.009546876884996891,0.02438819594681263,0.04137948527932167]}}
{"op_code":8,"worker_id":"ef0b5fbf-24e7-4b1e-9304-97665f564f2f-19068","trial_id":73,"user_attr":{"pruned_reasons":["M5 (Monotonicity <= 0.25)","Side-specific Hit Rate (40.00% < 50%)","Side-specific Yearly Daily Win Rate (42.56% < 45%)"]}}
{"op_code":8,"worker_id":"e2aaffa5-3bcc-42c7-bc5c-624bc76adc06-24364","trial_id":72,"user_attr":{"reg_kappa":3.6064607502905424}}
{"op_code":8,"worker_id":"12c115a2-e643-4243-88dd-5c650e03659b-31524","trial_id":71,"user_attr":{"cv_oos_ics":[0.047215599566698074,-0.03597515448927879,-0.03380337730050087,0.006005294155329466,0.013075653463602066,0.03859134390950203,0.0659559816122055,0.03715590387582779,0.06373243778944016,0.024660611525177956,0.00016373323160223663,0.07469216734170914,0.00958702526986599,0.02378859370946884,0.038430310785770416]}}
{"op_code":8,"worker_id":"12c115a2-e643-4243-88dd-5c650e03659b-31524","trial_id":71,"user_attr":{"reg_kappa":3.5648064713331777}}
{"op_code":8,"worker_id":"12c115a2-e643-4243-88dd-5c650e03659b-31524","trial_id":71,"user_attr":{"raw_metrics":[0.26714397707291704,0.03919128715884439,0.6,0.025058880404854468,0.15878787878787878,0.10620780724318479,-0.2820735602306369,-0.4770311415195465,0.45166666666666666]}}
{"op_code":8,"worker_id":"e2aaffa5-3bcc-42c7-bc5c-624bc76adc06-24364","trial_id":72,"user_attr":{"raw_metrics":[0.22629199002711728,0.03414746467803755,0.6,0.025399924449524304,0.13454545454545455,0.11921049830561818,-0.3010434976490694,-0.4991992712020874,0.45166666666666666]}}
{"op_code":8,"worker_id":"2a105755-67ac-4a4e-8f2d-153397fce64d-29612","trial_id":69,"user_attr":{"reg_kappa":3.587038437062808}}
{"op_code":8,"worker_id":"ef0b5fbf-24e7-4b1e-9304-97665f564f2f-19068","trial_id":73,"user_attr":{"gini":0.45202811487727845}}
{"op_code":8,"worker_id":"2f370a40-c34c-4bbd-babb-0a1037ace738-24340","trial_id":74,"user_attr":{"constraints":[-0.022227430128936222,-0.04495734950428336,0.0,0.13727272727272727,-0.10817189980187811,-49.0,-8.0,-0.010460353278190088,0.09999999999999998,-1351.1371260332269,-0.006666666666666654,0.024372759856630843]}}
{"op_code":8,"worker_id":"e2aaffa5-3bcc-42c7-bc5c-624bc76adc06-24364","trial_id":72,"user_attr":{"val_metrics":[0.115099480197294,-0.10128727652988431,0.6848484848484848,0.10795900935617586,-7.953966015638356]}}
{"op_code":8,"worker_id":"2f370a40-c34c-4bbd-babb-0a1037ace738-24340","trial_id":74,"user_attr":{"pruned_reasons":["M5 (Monotonicity <= 0.25)","Side-specific Hit Rate (40.00% < 50%)","Side-specific Yearly Daily Win Rate (42.56% < 45%)"]}}
{"op_code":8,"worker_id":"12c115a2-e643-4243-88dd-5c650e03659b-31524","trial_id":71,"user_attr":{"val_metrics":[0.11571314268450428,-0.1976508160278756,0.6848484848484848,0.10795900935617586,-6.792423139578741]}}
{"op_code":8,"worker_id":"2f370a40-c34c-4bbd-babb-0a1037ace738-24340","trial_id":74,"user_attr":{"gini":0.4556533773665077}}
{"op_code":8,"worker_id":"2f370a40-c34c-4bbd-babb-0a1037ace738-24340","trial_id":74,"user_attr":{"cv_is_ics":[0.10072287917137146,0.11146427690982819,0.12067174166440964,0.10936947911977768,0.1008911058306694,0.08219792693853378,0.0770203173160553,0.09823306649923325,0.08257031440734863,0.08961840718984604,0.07877521961927414,0.06008990481495857,0.07744726538658142,0.06357502192258835,0.07303418219089508]}}
{"op_code":8,"worker_id":"2f370a40-c34c-4bbd-babb-0a1037ace738-24340","trial_id":74,"user_attr":{"cv_oos_ics":[0.044700782746076584,-0.03556991368532181,-0.03795701265335083,0.010389424860477448,0.010432067327201366,0.039299771189689636,0.06449826061725616,0.03747495263814926,0.05522071197628975,0.029017183929681778,-0.001283329795114696,0.06948643177747726,0.011022679507732391,0.018706513568758965,0.032686520367860794]}}
{"op_code":8,"worker_id":"e2aaffa5-3bcc-42c7-bc5c-624bc76adc06-24364","trial_id":72,"user_attr":{"deflated_objective":-2.560291792253764}}
{"op_code":9,"worker_id":"e2aaffa5-3bcc-42c7-bc5c-624bc76adc06-24364","trial_id":72,"system_attr":{"constraints":[-0.025399924449524304,-0.03414746467803755,0.0,0.11545454545454545,-0.11921049830561818,-30.0,-8.0,-0.003898111991091116,0.09999999999999998,-1448.50363904219,-0.0016666666666666496,0.024372759856630843]}}
{"op_code":6,"worker_id":"e2aaffa5-3bcc-42c7-bc5c-624bc76adc06-24364","trial_id":72,"state":1,"values":[-1.778334181183726],"datetime_complete":"2026-07-14T11:41:52.222069"}
{"op_code":8,"worker_id":"2f370a40-c34c-4bbd-babb-0a1037ace738-24340","trial_id":74,"user_attr":{"reg_kappa":3.3787125898200037}}
{"op_code":8,"worker_id":"12c115a2-e643-4243-88dd-5c650e03659b-31524","trial_id":71,"user_attr":{"deflated_objective":-2.1273109888259274}}
{"op_code":8,"worker_id":"2f370a40-c34c-4bbd-babb-0a1037ace738-24340","trial_id":74,"user_attr":{"raw_metrics":[0.3165011732396747,0.04495734950428336,0.6,0.022227430128936222,0.11272727272727275,0.10817189980187811,-0.2066328482655225,-0.38996437191963196,0.45666666666666667]}}
{"op_code":9,"worker_id":"12c115a2-e643-4243-88dd-5c650e03659b-31524","trial_id":71,"system_attr":{"constraints":[-0.025058880404854468,-0.03919128715884439,0.0,0.09121212121212122,-0.10620780724318479,-33.0,-8.0,-0.011944886062533116,0.09999999999999998,-1430.4439825911668,-0.0016666666666666496,0.024372759856630843]}}
{"op_code":6,"worker_id":"12c115a2-e643-4243-88dd-5c650e03659b-31524","trial_id":71,"state":1,"values":[-1.3522010803529685],"datetime_complete":"2026-07-14T11:41:52.229734"}
{"op_code":8,"worker_id":"cf375a95-04e0-4cc5-9df7-c5ffa38deb2d-3216","trial_id":66,"user_attr":{"constraints":[-0.01545334183722161,0.006169548199165559,0.19999999999999996,0.12515151515151515,-0.15816314545618088,-49.0,-8.0,0.02514097182028871,0.09999999999999998,-1352.2488834871317,0.014924242424242451,0.022983870967742015]}}
{"op_code":8,"worker_id":"2f370a40-c34c-4bbd-babb-0a1037ace738-24340","trial_id":74,"user_attr":{"val_metrics":[0.11710175074851216,-0.22313672060996642,0.6363636363636364,0.07479990114457906,-6.1016671322815474]}}
{"op_code":8,"worker_id":"5066a0fe-359f-4a9a-8666-32b8af4e6c94-12024","trial_id":37,"user_attr":{"cv_is_ics":[0.1003609150648117,0.10199015587568283,0.11469028145074844,0.10180547088384628,0.09498431533575058,0.08512599766254425,0.07703980058431625,0.09426379948854446,0.0834612101316452,0.08229945600032806,0.06771489232778549,0.04799152910709381,0.07244178652763367,0.061727192252874374,0.06823533028364182]}}
{"op_code":4,"worker_id":"c77f4fa9-09b6-4bc8-b5b0-7b67f58c3ed1-24364","study_id":0,"datetime_start":"2026-07-14T11:41:52.235959"}
{"op_code":8,"worker_id":"2f370a40-c34c-4bbd-babb-0a1037ace738-24340","trial_id":74,"user_attr":{"deflated_objective":-1.853269420999565}}
{"op_code":5,"worker_id":"c77f4fa9-09b6-4bc8-b5b0-7b67f58c3ed1-24364","trial_id":76,"param_name":"k_weight","param_value_internal":1.2763687585885914,"distribution":"{\"name\": \"FloatDistribution\", \"attributes\": {\"step\": null, \"low\": 0.0, \"high\": 1.5, \"log\": false}}"}
{"op_code":8,"worker_id":"5066a0fe-359f-4a9a-8666-32b8af4e6c94-12024","trial_id":37,"user_attr":{"cv_oos_ics":[0.03614308685064316,-0.027776213362812996,-0.047663625329732895,0.0024913265369832516,0.007653400767594576,0.036053478717803955,0.06498288363218307,0.038669291883707047,0.059170912951231,0.019859278574585915,0.024624349549412727,0.0723758265376091,0.007522665895521641,0.012111455202102661,0.050119735300540924]}}
{"op_code":8,"worker_id":"5066a0fe-359f-4a9a-8666-32b8af4e6c94-12024","trial_id":37,"user_attr":{"reg_kappa":3.3486289545658923}}
{"op_code":8,"worker_id":"5066a0fe-359f-4a9a-8666-32b8af4e6c94-12024","trial_id":37,"user_attr":{"raw_metrics":[0.27760193658072163,0.029670172269467505,0.6,0.018008855975020326,0.12242424242424241,0.09017161956193225,-0.19404377126846303,-0.3889840245246887,0.4375757575757576]}}
{"op_code":5,"worker_id":"c77f4fa9-09b6-4bc8-b5b0-7b67f58c3ed1-24364","trial_id":76,"param_name":"unified_alpha","param_value_internal":0.0019048007780816932,"distribution":"{\"name\": \"FloatDistribution\", \"attributes\": {\"step\": null, \"low\": 1e-05, \"high\": 10.0, \"log\": true}}"}
{"op_code":9,"worker_id":"2f370a40-c34c-4bbd-babb-0a1037ace738-24340","trial_id":74,"system_attr":{"constraints":[-0.022227430128936222,-0.04495734950428336,0.0,0.13727272727272727,-0.10817189980187811,-49.0,-8.0,-0.010460353278190088,0.09999999999999998,-1351.1371260332269,-0.006666666666666654,0.024372759856630843]}}
{"op_code":4,"worker_id":"12c115a2-e643-4243-88dd-5c650e03659b-31524","study_id":0,"datetime_start":"2026-07-14T11:41:52.232052"}
{"op_code":6,"worker_id":"2f370a40-c34c-4bbd-babb-0a1037ace738-24340","trial_id":74,"state":1,"values":[-1.0908026633351515],"datetime_complete":"2026-07-14T11:41:52.250610"}
{"op_code":5,"worker_id":"c77f4fa9-09b6-4bc8-b5b0-7b67f58c3ed1-24364","trial_id":76,"param_name":"unified_rho","param_value_internal":0.2696400729995043,"distribution":"{\"name\": \"FloatDistribution\", \"attributes\": {\"step\": null, \"low\": 0.0, \"high\": 1.0, \"log\": false}}"}
{"op_code":4,"worker_id":"df58b881-cdc4-41a4-a0d6-84cf2cb8b1a7-27064","study_id":0,"datetime_start":"2026-07-14T11:41:52.237637"}
{"op_code":5,"worker_id":"c77f4fa9-09b6-4bc8-b5b0-7b67f58c3ed1-24364","trial_id":76,"param_name":"unified_gamma","param_value_internal":2667.530089071726,"distribution":"{\"name\": \"FloatDistribution\", \"attributes\": {\"step\": null, \"low\": 1.5, \"high\": 10000.0, \"log\": true}}"}
{"op_code":5,"worker_id":"12c115a2-e643-4243-88dd-5c650e03659b-31524","trial_id":77,"param_name":"k_weight","param_value_internal":1.2767673241574498,"distribution":"{\"name\": \"FloatDistribution\", \"attributes\": {\"step\": null, \"low\": 0.0, \"high\": 1.5, \"log\": false}}"}
{"op_code":5,"worker_id":"c77f4fa9-09b6-4bc8-b5b0-7b67f58c3ed1-24364","trial_id":76,"param_name":"huber_delta","param_value_internal":1.8236694432887468,"distribution":"{\"name\": \"FloatDistribution\", \"attributes\": {\"step\": null, \"low\": 0.5, \"high\": 5.0, \"log\": false}}"}
{"op_code":5,"worker_id":"12c115a2-e643-4243-88dd-5c650e03659b-31524","trial_id":77,"param_name":"unified_alpha","param_value_internal":0.03444440885538413,"distribution":"{\"name\": \"FloatDistribution\", \"attributes\": {\"step\": null, \"low\": 1e-05, \"high\": 10.0, \"log\": true}}"}
{"op_code":4,"worker_id":"f6d7323e-e8ff-4b8c-92ec-4bfa69ebc737-24340","study_id":0,"datetime_start":"2026-07-14T11:41:52.262290"}
{"op_code":8,"worker_id":"5066a0fe-359f-4a9a-8666-32b8af4e6c94-12024","trial_id":37,"user_attr":{"val_metrics":[0.13438264373770928,-0.062035682027211644,0.4666666666666667,0.08774775564360122,-6.2739165183344126]}}
{"op_code":5,"worker_id":"12c115a2-e643-4243-88dd-5c650e03659b-31524","trial_id":77,"param_name":"unified_rho","param_value_internal":0.38353826049378503,"distribution":"{\"name\": \"FloatDistribution\", \"attributes\": {\"step\": null, \"low\": 0.0, \"high\": 1.0, \"log\": false}}"}
{"op_code":8,"worker_id":"cf375a95-04e0-4cc5-9df7-c5ffa38deb2d-3216","trial_id":66,"user_attr":{"pruned_reasons":["M2 (Yearly Tail IC Mean <= 0)","M3 (Hit Rate < 60%)","M5 (Monotonicity <= 0.25)","Side-specific Yearly Tail IC Mean (-0.0251 <= 0)","Side-specific Hit Rate (40.00% < 50%)","Yearly Daily Win Rate (43.51% < 45%)","Side-specific Yearly Daily Win Rate (42.70% < 45%)"]}}
{"op_code":5,"worker_id":"12c115a2-e643-4243-88dd-5c650e03659b-31524","trial_id":77,"param_name":"unified_gamma","param_value_internal":2642.2069088230405,"distribution":"{\"name\": \"FloatDistribution\", \"attributes\": {\"step\": null, \"low\": 1.5, \"high\": 10000.0, \"log\": true}}"}
{"op_code":5,"worker_id":"f6d7323e-e8ff-4b8c-92ec-4bfa69ebc737-24340","trial_id":79,"param_name":"k_weight","param_value_internal":1.2849542162615522,"distribution":"{\"name\": \"FloatDistribution\", \"attributes\": {\"step\": null, \"low\": 0.0, \"high\": 1.5, \"log\": false}}"}
{"op_code":8,"worker_id":"5066a0fe-359f-4a9a-8666-32b8af4e6c94-12024","trial_id":37,"user_attr":{"deflated_objective":-1.8630289274645253}}
{"op_code":8,"worker_id":"cf375a95-04e0-4cc5-9df7-c5ffa38deb2d-3216","trial_id":66,"user_attr":{"gini":0.45068504422425315}}
{"op_code":8,"worker_id":"cf375a95-04e0-4cc5-9df7-c5ffa38deb2d-3216","trial_id":66,"user_attr":{"cv_is_ics":[0.11342862248420715,0.1258031278848648,0.1241307258605957,0.10839811712503433,0.10370916873216629,0.0884275957942009,0.09073468297719955,0.1025976687669754,0.09682851284742355,0.1062568947672844,0.07967309653759003,0.07947052270174026,0.08222303539514542,0.06301570683717728,0.08020856231451035]}}
{"op_code":5,"worker_id":"12c115a2-e643-4243-88dd-5c650e03659b-31524","trial_id":77,"param_name":"huber_delta","param_value_internal":1.9017599506281346,"distribution":"{\"name\": \"FloatDistribution\", \"attributes\": {\"step\": null, \"low\": 0.5, \"high\": 5.0, \"log\": false}}"}
{"op_code":8,"worker_id":"cf375a95-04e0-4cc5-9df7-c5ffa38deb2d-3216","trial_id":66,"user_attr":{"cv_oos_ics":[0.053647857159376144,-0.05937347933650017,-0.0360775887966156,0.01053051371127367,0.0008365922840312123,0.01479795016348362,0.07273035496473312,-0.001922986120916903,0.048348575830459595,0.029051482677459717,-0.02200433425605297,0.022177036851644516,0.008584030903875828,0.01673903316259384,-0.0007322828751057386]}}
{"op_code":8,"worker_id":"cf375a95-04e0-4cc5-9df7-c5ffa38deb2d-3216","trial_id":66,"user_attr":{"reg_kappa":3.372835873219832}}
{"op_code":8,"worker_id":"cf375a95-04e0-4cc5-9df7-c5ffa38deb2d-3216","trial_id":66,"user_attr":{"raw_metrics":[-0.053783425066707885,-0.006169548199165559,0.4,0.01545334183722161,0.12484848484848485,0.15816314545618088,-0.20758383141415646,-0.32774701714515686,0.43507575757575756]}}
{"op_code":5,"worker_id":"f6d7323e-e8ff-4b8c-92ec-4bfa69ebc737-24340","trial_id":79,"param_name":"unified_alpha","param_value_internal":0.02817040297034117,"distribution":"{\"name\": \"FloatDistribution\", \"attributes\": {\"step\": null, \"low\": 1e-05, \"high\": 10.0, \"log\": true}}"}
{"op_code":8,"worker_id":"cf375a95-04e0-4cc5-9df7-c5ffa38deb2d-3216","trial_id":66,"user_attr":{"val_metrics":[0.09975398428314466,-0.22603290968003747,0.7212121212121212,0.08022762323108812,-5.79358499539318]}}
{"op_code":5,"worker_id":"f6d7323e-e8ff-4b8c-92ec-4bfa69ebc737-24340","trial_id":79,"param_name":"unified_rho","param_value_internal":0.3840856538893234,"distribution":"{\"name\": \"FloatDistribution\", \"attributes\": {\"step\": null, \"low\": 0.0, \"high\": 1.0, \"log\": false}}"}
{"op_code":5,"worker_id":"f6d7323e-e8ff-4b8c-92ec-4bfa69ebc737-24340","trial_id":79,"param_name":"unified_gamma","param_value_internal":2938.822883691637,"distribution":"{\"name\": \"FloatDistribution\", \"attributes\": {\"step\": null, \"low\": 1.5, \"high\": 10000.0, \"log\": true}}"}
{"op_code":8,"worker_id":"cf375a95-04e0-4cc5-9df7-c5ffa38deb2d-3216","trial_id":66,"user_attr":{"deflated_objective":-1.715266882111029}}
{"op_code":5,"worker_id":"f6d7323e-e8ff-4b8c-92ec-4bfa69ebc737-24340","trial_id":79,"param_name":"huber_delta","param_value_internal":1.8102603950540506,"distribution":"{\"name\": \"FloatDistribution\", \"attributes\": {\"step\": null, \"low\": 0.5, \"high\": 5.0, \"log\": false}}"}
{"op_code":9,"worker_id":"cf375a95-04e0-4cc5-9df7-c5ffa38deb2d-3216","trial_id":66,"system_attr":{"constraints":[-0.01545334183722161,0.006169548199165559,0.19999999999999996,0.12515151515151515,-0.15816314545618088,-49.0,-8.0,0.02514097182028871,0.09999999999999998,-1352.2488834871317,0.014924242424242451,0.022983870967742015]}}
{"op_code":6,"worker_id":"cf375a95-04e0-4cc5-9df7-c5ffa38deb2d-3216","trial_id":66,"state":1,"values":[-0.9619782123824038],"datetime_complete":"2026-07-14T11:41:52.297233"}
{"op_code":4,"worker_id":"cf375a95-04e0-4cc5-9df7-c5ffa38deb2d-3216","study_id":0,"datetime_start":"2026-07-14T11:41:52.299453"}
{"op_code":8,"worker_id":"c77f4fa9-09b6-4bc8-b5b0-7b67f58c3ed1-24364","trial_id":76,"user_attr":{"constraints":[-0.024551353464425944,-0.05303121303003762,0.0,0.05484848484848484,-0.15904473550897497,-39.0,-8.0,-0.031480283482181015,-0.09999999999999998,-1394.0952742586787,-0.01416666666666666,0.016532258064516137]}}
{"op_code":5,"worker_id":"cf375a95-04e0-4cc5-9df7-c5ffa38deb2d-3216","trial_id":80,"param_name":"k_weight","param_value_internal":1.2812423496492211,"distribution":"{\"name\": \"FloatDistribution\", \"attributes\": {\"step\": null, \"low\": 0.0, \"high\": 1.5, \"log\": false}}"}
{"op_code":8,"worker_id":"c77f4fa9-09b6-4bc8-b5b0-7b67f58c3ed1-24364","trial_id":76,"user_attr":{"pruned_reasons":["M5 (Monotonicity <= 0.25)","Side-specific Yearly Daily Win Rate (43.35% < 45%)"]}}
{"op_code":8,"worker_id":"c77f4fa9-09b6-4bc8-b5b0-7b67f58c3ed1-24364","trial_id":76,"user_attr":{"gini":0.4583756959171912}}
{"op_code":8,"worker_id":"c77f4fa9-09b6-4bc8-b5b0-7b67f58c3ed1-24364","trial_id":76,"user_attr":{"cv_is_ics":[0.10476133227348328,0.11222729831933975,0.11891957372426987,0.10860972851514816,0.10105882585048676,0.08013108372688293,0.07952065020799637,0.0964605063199997,0.08419165760278702,0.0936230793595314,0.07820381969213486,0.06356523185968399,0.07925648987293243,0.06323873996734619,0.0702379047870636]}}
{"op_code":9,"worker_id":"5066a0fe-359f-4a9a-8666-32b8af4e6c94-12024","trial_id":37,"system_attr":{"constraints":[-0.018008855975020326,-0.029670172269467505,0.0,0.1275757575757576,-0.09017161956193225,-53.0,-8.0,0.04508818523050022,0.3,-1336.1805992558834,0.012424242424242393,0.03458781362007174]}}
{"op_code":8,"worker_id":"c77f4fa9-09b6-4bc8-b5b0-7b67f58c3ed1-24364","trial_id":76,"user_attr":{"cv_oos_ics":[0.051195114850997925,-0.04389899596571922,-0.029759513214230537,0.00908688548952341,0.0102460328489542,0.033711109310388565,0.0659511387348175,0.02343403548002243,0.05615907162427902,0.024941781535744667,-0.010798770934343338,0.06572700291872025,0.007956039160490036,0.01946984976530075,0.03075828030705452]}}
{"op_code":6,"worker_id":"5066a0fe-359f-4a9a-8666-32b8af4e6c94-12024","trial_id":37,"state":1,"values":[-1.1105036099920027],"datetime_complete":"2026-07-14T11:41:52.311403"}
{"op_code":5,"worker_id":"cf375a95-04e0-4cc5-9df7-c5ffa38deb2d-3216","trial_id":80,"param_name":"unified_alpha","param_value_internal":0.03633371533657562,"distribution":"{\"name\": \"FloatDistribution\", \"attributes\": {\"step\": null, \"low\": 1e-05, \"high\": 10.0, \"log\": true}}"}
{"op_code":4,"worker_id":"967b6ea7-dd7f-43a9-8cc0-673bf3970d42-11668","study_id":0,"datetime_start":"2026-07-14T11:41:50.284283"}
{"op_code":5,"worker_id":"cf375a95-04e0-4cc5-9df7-c5ffa38deb2d-3216","trial_id":80,"param_name":"unified_rho","param_value_internal":0.39128434125033507,"distribution":"{\"name\": \"FloatDistribution\", \"attributes\": {\"step\": null, \"low\": 0.0, \"high\": 1.0, \"log\": false}}"}
{"op_code":9,"worker_id":"3e916adb-f2ce-4588-8833-6c15975af72f-31796","trial_id":65,"system_attr":{"constraints":[-0.023144614262697656,-0.03833795618827849,0.0,0.11787878787878786,-0.1832904555211126,-32.0,-8.0,-0.09101340972308715,-0.30000000000000004,-1436.9332938205032,0.00242424242424244,0.0465949820788531]}}
{"op_code":5,"worker_id":"cf375a95-04e0-4cc5-9df7-c5ffa38deb2d-3216","trial_id":80,"param_name":"unified_gamma","param_value_internal":2944.3363080692748,"distribution":"{\"name\": \"FloatDistribution\", \"attributes\": {\"step\": null, \"low\": 1.5, \"high\": 10000.0, \"log\": true}}"}
{"op_code":8,"worker_id":"12c115a2-e643-4243-88dd-5c650e03659b-31524","trial_id":77,"user_attr":{"constraints":[-0.027930371762879012,-0.03865403395426896,0.0,0.0887878787878788,-0.13200907749836674,-41.0,-6.0,-0.0046777368314370234,0.09999999999999998,-1394.3026490211623,0.006590909090909036,0.03499103942652332]}}
{"op_code":5,"worker_id":"cf375a95-04e0-4cc5-9df7-c5ffa38deb2d-3216","trial_id":80,"param_name":"huber_delta","param_value_internal":1.8244094349207178,"distribution":"{\"name\": \"FloatDistribution\", \"attributes\": {\"step\": null, \"low\": 0.5, \"high\": 5.0, \"log\": false}}"}
{"op_code":8,"worker_id":"12c115a2-e643-4243-88dd-5c650e03659b-31524","trial_id":77,"user_attr":{"pruned_reasons":["M5 (Monotonicity <= 0.25)","Side-specific Hit Rate (40.00% < 50%)","Yearly Daily Win Rate (44.34% < 45%)","Side-specific Yearly Daily Win Rate (41.50% < 45%)"]}}
{"op_code":5,"worker_id":"df58b881-cdc4-41a4-a0d6-84cf2cb8b1a7-27064","trial_id":78,"param_name":"k_weight","param_value_internal":1.265480519556566,"distribution":"{\"name\": \"FloatDistribution\", \"attributes\": {\"step\": null, \"low\": 0.0, \"high\": 1.5, \"log\": false}}"}
{"op_code":5,"worker_id":"967b6ea7-dd7f-43a9-8cc0-673bf3970d42-11668","trial_id":81,"param_name":"k_weight","param_value_internal":1.256937692276899,"distribution":"{\"name\": \"FloatDistribution\", \"attributes\": {\"step\": null, \"low\": 0.0, \"high\": 1.5, \"log\": false}}"}
{"op_code":5,"worker_id":"df58b881-cdc4-41a4-a0d6-84cf2cb8b1a7-27064","trial_id":78,"param_name":"unified_alpha","param_value_internal":0.02683832280761478,"distribution":"{\"name\": \"FloatDistribution\", \"attributes\": {\"step\": null, \"low\": 1e-05, \"high\": 10.0, \"log\": true}}"}
{"op_code":8,"worker_id":"12c115a2-e643-4243-88dd-5c650e03659b-31524","trial_id":77,"user_attr":{"gini":0.49647526591426616}}
{"op_code":8,"worker_id":"12c115a2-e643-4243-88dd-5c650e03659b-31524","trial_id":77,"user_attr":{"cv_is_ics":[0.10175315290689468,0.10886304080486298,0.11331973224878311,0.11097264289855957,0.0965031236410141,0.07829446345567703,0.08713383227586746,0.10177475214004517,0.09443873912096024,0.08751068264245987,0.07887716591358185,0.05369012802839279,0.08212165534496307,0.05878603458404541,0.08024825155735016]}}
{"op_code":8,"worker_id":"12c115a2-e643-4243-88dd-5c650e03659b-31524","trial_id":77,"user_attr":{"cv_oos_ics":[0.05775764212012291,-0.02444438263773918,-0.03245072439312935,0.008060257881879807,0.020448731258511543,0.02971799485385418,0.06642423570156097,0.016836058348417282,0.048165787011384964,0.024300258606672287,-0.012114988639950752,0.07530735433101654,0.007136702071875334,0.02320931665599346,0.026123782619833946]}}
{"op_code":5,"worker_id":"967b6ea7-dd7f-43a9-8cc0-673bf3970d42-11668","trial_id":81,"param_name":"unified_alpha","param_value_internal":0.06113142376747271,"distribution":"{\"name\": \"FloatDistribution\", \"attributes\": {\"step\": null, \"low\": 1e-05, \"high\": 10.0, \"log\": true}}"}
{"op_code":5,"worker_id":"df58b881-cdc4-41a4-a0d6-84cf2cb8b1a7-27064","trial_id":78,"param_name":"unified_rho","param_value_internal":0.3876758268515752,"distribution":"{\"name\": \"FloatDistribution\", \"attributes\": {\"step\": null, \"low\": 0.0, \"high\": 1.0, \"log\": false}}"}
{"op_code":5,"worker_id":"967b6ea7-dd7f-43a9-8cc0-673bf3970d42-11668","trial_id":81,"param_name":"unified_rho","param_value_internal":0.2734475047965202,"distribution":"{\"name\": \"FloatDistribution\", \"attributes\": {\"step\": null, \"low\": 0.0, \"high\": 1.0, \"log\": false}}"}
{"op_code":8,"worker_id":"f6d7323e-e8ff-4b8c-92ec-4bfa69ebc737-24340","trial_id":79,"user_attr":{"constraints":[-0.027182791486572554,-0.044954522187562775,0.0,0.08636363636363636,-0.12242235555582845,-41.0,-6.0,-0.030700951697156625,-0.09999999999999998,-1396.3738480326629,0.006590909090909036,0.03499103942652332]}}
{"op_code":5,"worker_id":"df58b881-cdc4-41a4-a0d6-84cf2cb8b1a7-27064","trial_id":78,"param_name":"unified_gamma","param_value_internal":2863.305376939722,"distribution":"{\"name\": \"FloatDistribution\", \"attributes\": {\"step\": null, \"low\": 1.5, \"high\": 10000.0, \"log\": true}}"}
{"op_code":5,"worker_id":"967b6ea7-dd7f-43a9-8cc0-673bf3970d42-11668","trial_id":81,"param_name":"unified_gamma","param_value_internal":2535.642742992741,"distribution":"{\"name\": \"FloatDistribution\", \"attributes\": {\"step\": null, \"low\": 1.5, \"high\": 10000.0, \"log\": true}}"}
{"op_code":5,"worker_id":"df58b881-cdc4-41a4-a0d6-84cf2cb8b1a7-27064","trial_id":78,"param_name":"huber_delta","param_value_internal":1.8081926633029033,"distribution":"{\"name\": \"FloatDistribution\", \"attributes\": {\"step\": null, \"low\": 0.5, \"high\": 5.0, \"log\": false}}"}
{"op_code":8,"worker_id":"f6d7323e-e8ff-4b8c-92ec-4bfa69ebc737-24340","trial_id":79,"user_attr":{"pruned_reasons":["M5 (Monotonicity <= 0.25)","Yearly Daily Win Rate (44.34% < 45%)","Side-specific Yearly Daily Win Rate (41.50% < 45%)"]}}
{"op_code":8,"worker_id":"c77f4fa9-09b6-4bc8-b5b0-7b67f58c3ed1-24364","trial_id":76,"user_attr":{"reg_kappa":3.486112307483384}}
{"op_code":8,"worker_id":"f6d7323e-e8ff-4b8c-92ec-4bfa69ebc737-24340","trial_id":79,"user_attr":{"gini":0.49025539679843977}}
{"op_code":8,"worker_id":"c77f4fa9-09b6-4bc8-b5b0-7b67f58c3ed1-24364","trial_id":76,"user_attr":{"raw_metrics":[0.35456638232868704,0.05303121303003762,0.6,0.024551353464425944,0.19515151515151516,0.15904473550897497,-0.24580053345335312,-0.4289079010486603,0.46416666666666667]}}
{"op_code":8,"worker_id":"c77f4fa9-09b6-4bc8-b5b0-7b67f58c3ed1-24364","trial_id":76,"user_attr":{"val_metrics":[0.11110595354975634,-0.15661389131941184,0.6,0.10066701888727646,-6.783737339462613]}}
{"op_code":5,"worker_id":"967b6ea7-dd7f-43a9-8cc0-673bf3970d42-11668","trial_id":81,"param_name":"huber_delta","param_value_internal":1.8070156871849756,"distribution":"{\"name\": \"FloatDistribution\", \"attributes\": {\"step\": null, \"low\": 0.5, \"high\": 5.0, \"log\": false}}"}
{"op_code":6,"worker_id":"3e916adb-f2ce-4588-8833-6c15975af72f-31796","trial_id":65,"state":1,"values":[-1.5630471606756595],"datetime_complete":"2026-07-14T11:41:52.321733"}
{"op_code":8,"worker_id":"c77f4fa9-09b6-4bc8-b5b0-7b67f58c3ed1-24364","trial_id":76,"user_attr":{"deflated_objective":-2.0818706167203453}}
{"op_code":9,"worker_id":"c77f4fa9-09b6-4bc8-b5b0-7b67f58c3ed1-24364","trial_id":76,"system_attr":{"constraints":[-0.024551353464425944,-0.05303121303003762,0.0,0.05484848484848484,-0.15904473550897497,-39.0,-8.0,-0.031480283482181015,-0.09999999999999998,-1394.0952742586787,-0.01416666666666666,0.016532258064516137]}}
{"op_code":6,"worker_id":"c77f4fa9-09b6-4bc8-b5b0-7b67f58c3ed1-24364","trial_id":76,"state":1,"values":[-1.3412575578225494],"datetime_complete":"2026-07-14T11:41:52.362359"}
{"op_code":4,"worker_id":"c77f4fa9-09b6-4bc8-b5b0-7b67f58c3ed1-24364","study_id":0,"datetime_start":"2026-07-14T11:41:52.364646"}
{"op_code":5,"worker_id":"c77f4fa9-09b6-4bc8-b5b0-7b67f58c3ed1-24364","trial_id":82,"param_name":"k_weight","param_value_internal":1.2866969528534578,"distribution":"{\"name\": \"FloatDistribution\", \"attributes\": {\"step\": null, \"low\": 0.0, \"high\": 1.5, \"log\": false}}"}
{"op_code":8,"worker_id":"f6d7323e-e8ff-4b8c-92ec-4bfa69ebc737-24340","trial_id":79,"user_attr":{"cv_is_ics":[0.10314594209194183,0.10928157716989517,0.11347690224647522,0.11091288924217224,0.0977538675069809,0.07839254289865494,0.08662859350442886,0.102800652384758,0.0929735004901886,0.08890477567911148,0.08157462626695633,0.055238693952560425,0.0811500996351242,0.058264944702386856,0.07842022180557251]}}
{"op_code":8,"worker_id":"f6d7323e-e8ff-4b8c-92ec-4bfa69ebc737-24340","trial_id":79,"user_attr":{"cv_oos_ics":[0.05662025138735771,-0.02935878001153469,-0.03181518614292145,0.00880698673427105,0.0184338241815567,0.0314347930252552,0.06643006950616837,0.016567407175898552,0.04988667741417885,0.02411944605410099,-0.012033827602863312,0.07298751920461655,0.006673858501017094,0.021554764360189438,0.025532366707921028]}}
{"op_code":8,"worker_id":"f6d7323e-e8ff-4b8c-92ec-4bfa69ebc737-24340","trial_id":79,"user_attr":{"reg_kappa":3.4054717305207354}}
{"op_code":8,"worker_id":"f6d7323e-e8ff-4b8c-92ec-4bfa69ebc737-24340","trial_id":79,"user_attr":{"raw_metrics":[0.3685303426036044,0.044954522187562775,0.6,0.027182791486572554,0.16363636363636364,0.12242235555582845,-0.2097716018626972,-0.32127586007118225,0.443409090909091]}}
{"op_code":8,"worker_id":"f6d7323e-e8ff-4b8c-92ec-4bfa69ebc737-24340","trial_id":79,"user_attr":{"val_metrics":[0.0871070298191636,-0.10777332291293315,0.5636363636363636,0.003912121749793489,-6.931612557761136]}}
{"op_code":5,"worker_id":"c77f4fa9-09b6-4bc8-b5b0-7b67f58c3ed1-24364","trial_id":82,"param_name":"unified_alpha","param_value_internal":0.026665514148600845,"distribution":"{\"name\": \"FloatDistribution\", \"attributes\": {\"step\": null, \"low\": 1e-05, \"high\": 10.0, \"log\": true}}"}
{"op_code":5,"worker_id":"c77f4fa9-09b6-4bc8-b5b0-7b67f58c3ed1-24364","trial_id":82,"param_name":"unified_rho","param_value_internal":0.40791280827184073,"distribution":"{\"name\": \"FloatDistribution\", \"attributes\": {\"step\": null, \"low\": 0.0, \"high\": 1.0, \"log\": false}}"}
{"op_code":8,"worker_id":"f6d7323e-e8ff-4b8c-92ec-4bfa69ebc737-24340","trial_id":79,"user_attr":{"deflated_objective":-2.113744979050735}}
{"op_code":9,"worker_id":"f6d7323e-e8ff-4b8c-92ec-4bfa69ebc737-24340","trial_id":79,"system_attr":{"constraints":[-0.027182791486572554,-0.044954522187562775,0.0,0.08636363636363636,-0.12242235555582845,-41.0,-6.0,-0.030700951697156625,-0.09999999999999998,-1396.3738480326629,0.006590909090909036,0.03499103942652332]}}
{"op_code":6,"worker_id":"f6d7323e-e8ff-4b8c-92ec-4bfa69ebc737-24340","trial_id":79,"state":1,"values":[-1.3869076737842254],"datetime_complete":"2026-07-14T11:41:52.387320"}
{"op_code":5,"worker_id":"c77f4fa9-09b6-4bc8-b5b0-7b67f58c3ed1-24364","trial_id":82,"param_name":"unified_gamma","param_value_internal":2640.1242176099345,"distribution":"{\"name\": \"FloatDistribution\", \"attributes\": {\"step\": null, \"low\": 1.5, \"high\": 10000.0, \"log\": true}}"}
{"op_code":4,"worker_id":"f6d7323e-e8ff-4b8c-92ec-4bfa69ebc737-24340","study_id":0,"datetime_start":"2026-07-14T11:41:52.389550"}
{"op_code":5,"worker_id":"c77f4fa9-09b6-4bc8-b5b0-7b67f58c3ed1-24364","trial_id":82,"param_name":"huber_delta","param_value_internal":1.8430666247969005,"distribution":"{\"name\": \"FloatDistribution\", \"attributes\": {\"step\": null, \"low\": 0.5, \"high\": 5.0, \"log\": false}}"}
{"op_code":5,"worker_id":"f6d7323e-e8ff-4b8c-92ec-4bfa69ebc737-24340","trial_id":83,"param_name":"k_weight","param_value_internal":1.2776994112489117,"distribution":"{\"name\": \"FloatDistribution\", \"attributes\": {\"step\": null, \"low\": 0.0, \"high\": 1.5, \"log\": false}}"}
{"op_code":8,"worker_id":"df58b881-cdc4-41a4-a0d6-84cf2cb8b1a7-27064","trial_id":78,"user_attr":{"constraints":[-0.027085332460961724,-0.049194054673324605,0.0,0.1106060606060606,-0.12242235555582845,-42.0,-6.0,-0.03560571482298237,-0.09999999999999998,-1391.4118307205058,0.006590909090909036,0.03499103942652332]}}
{"op_code":8,"worker_id":"cf375a95-04e0-4cc5-9df7-c5ffa38deb2d-3216","trial_id":80,"user_attr":{"constraints":[-0.028513804242984764,-0.03897375309480321,0.0,0.06454545454545454,-0.08885781755987797,-42.0,-5.0,-0.037040544203732054,-0.09999999999999998,-1395.4488010163952,0.010757575757575744,0.03499103942652332]}}
{"op_code":8,"worker_id":"df58b881-cdc4-41a4-a0d6-84cf2cb8b1a7-27064","trial_id":78,"user_attr":{"pruned_reasons":["M5 (Monotonicity <= 0.25)","Yearly Daily Win Rate (44.34% < 45%)","Side-specific Yearly Daily Win Rate (41.50% < 45%)"]}}
{"op_code":8,"worker_id":"cf375a95-04e0-4cc5-9df7-c5ffa38deb2d-3216","trial_id":80,"user_attr":{"pruned_reasons":["M5 (Monotonicity <= 0.25)","Yearly Daily Win Rate (43.92% < 45%)","Side-specific Yearly Daily Win Rate (41.50% < 45%)"]}}
{"op_code":5,"worker_id":"f6d7323e-e8ff-4b8c-92ec-4bfa69ebc737-24340","trial_id":83,"param_name":"unified_alpha","param_value_internal":0.06816803623308187,"distribution":"{\"name\": \"FloatDistribution\", \"attributes\": {\"step\": null, \"low\": 1e-05, \"high\": 10.0, \"log\": true}}"}
{"op_code":8,"worker_id":"cf375a95-04e0-4cc5-9df7-c5ffa38deb2d-3216","trial_id":80,"user_attr":{"gini":0.5056926706266598}}
{"op_code":5,"worker_id":"f6d7323e-e8ff-4b8c-92ec-4bfa69ebc737-24340","trial_id":83,"param_name":"unified_rho","param_value_internal":0.4028068479512265,"distribution":"{\"name\": \"FloatDistribution\", \"attributes\": {\"step\": null, \"low\": 0.0, \"high\": 1.0, \"log\": false}}"}
{"op_code":8,"worker_id":"cf375a95-04e0-4cc5-9df7-c5ffa38deb2d-3216","trial_id":80,"user_attr":{"cv_is_ics":[0.10267018526792526,0.10851217806339264,0.1121731698513031,0.11148925125598907,0.09609660506248474,0.078074149787426,0.08760521560907364,0.10008760541677475,0.09633796662092209,0.0870359018445015,0.07965577393770218,0.053676459938287735,0.08201543241739273,0.05908910185098648,0.08169255405664444]}}
{"op_code":8,"worker_id":"cf375a95-04e0-4cc5-9df7-c5ffa38deb2d-3216","trial_id":80,"user_attr":{"cv_oos_ics":[0.06084108352661133,-0.023923542350530624,-0.03300568088889122,0.00879830215126276,0.022918421775102615,0.027169544249773026,0.0652751699090004,0.012711042538285255,0.04466104879975319,0.024055222049355507,-0.014684753492474556,0.07363573461771011,0.004197767004370689,0.024459194391965866,0.021832700818777084]}}
{"op_code":4,"worker_id":"5c55cd9f-1cba-489f-a30d-d15e13601788-12024","study_id":0,"datetime_start":"2026-07-14T11:41:52.404038"}
{"op_code":5,"worker_id":"f6d7323e-e8ff-4b8c-92ec-4bfa69ebc737-24340","trial_id":83,"param_name":"unified_gamma","param_value_internal":1044.6156216820423,"distribution":"{\"name\": \"FloatDistribution\", \"attributes\": {\"step\": null, \"low\": 1.5, \"high\": 10000.0, \"log\": true}}"}
{"op_code":5,"worker_id":"5c55cd9f-1cba-489f-a30d-d15e13601788-12024","trial_id":84,"param_name":"k_weight","param_value_internal":1.2888940093155032,"distribution":"{\"name\": \"FloatDistribution\", \"attributes\": {\"step\": null, \"low\": 0.0, \"high\": 1.5, \"log\": false}}"}
{"op_code":5,"worker_id":"f6d7323e-e8ff-4b8c-92ec-4bfa69ebc737-24340","trial_id":83,"param_name":"huber_delta","param_value_internal":1.8583471791486688,"distribution":"{\"name\": \"FloatDistribution\", \"attributes\": {\"step\": null, \"low\": 0.5, \"high\": 5.0, \"log\": false}}"}
{"op_code":5,"worker_id":"5c55cd9f-1cba-489f-a30d-d15e13601788-12024","trial_id":84,"param_name":"unified_alpha","param_value_internal":0.03703037297026422,"distribution":"{\"name\": \"FloatDistribution\", \"attributes\": {\"step\": null, \"low\": 1e-05, \"high\": 10.0, \"log\": true}}"}
{"op_code":5,"worker_id":"5c55cd9f-1cba-489f-a30d-d15e13601788-12024","trial_id":84,"param_name":"unified_rho","param_value_internal":0.39836101590107736,"distribution":"{\"name\": \"FloatDistribution\", \"attributes\": {\"step\": null, \"low\": 0.0, \"high\": 1.0, \"log\": false}}"}
{"op_code":5,"worker_id":"5c55cd9f-1cba-489f-a30d-d15e13601788-12024","trial_id":84,"param_name":"unified_gamma","param_value_internal":2545.7523877326007,"distribution":"{\"name\": \"FloatDistribution\", \"attributes\": {\"step\": null, \"low\": 1.5, \"high\": 10000.0, \"log\": true}}"}
{"op_code":8,"worker_id":"cf375a95-04e0-4cc5-9df7-c5ffa38deb2d-3216","trial_id":80,"user_attr":{"reg_kappa":3.378847146446518}}
{"op_code":5,"worker_id":"5c55cd9f-1cba-489f-a30d-d15e13601788-12024","trial_id":84,"param_name":"huber_delta","param_value_internal":1.8855111830974602,"distribution":"{\"name\": \"FloatDistribution\", \"attributes\": {\"step\": null, \"low\": 0.5, \"high\": 5.0, \"log\": false}}"}
{"op_code":8,"worker_id":"cf375a95-04e0-4cc5-9df7-c5ffa38deb2d-3216","trial_id":80,"user_attr":{"raw_metrics":[0.3264847948915236,0.03897375309480321,0.6,0.028513804242984764,0.18545454545454546,0.08885781755987797,-0.18999725452575628,-0.29126429557800293,0.43924242424242427]}}
{"op_code":8,"worker_id":"cf375a95-04e0-4cc5-9df7-c5ffa38deb2d-3216","trial_id":80,"user_attr":{"val_metrics":[0.07908929339972777,-0.23273250083724273,0.34545454545454546,-0.0374696966043363,-7.43379486412382]}}
{"op_code":8,"worker_id":"967b6ea7-dd7f-43a9-8cc0-673bf3970d42-11668","trial_id":81,"user_attr":{"constraints":[-0.02519151898413393,-0.01066351709667611,0.19999999999999996,0.16393939393939394,-0.06824719093684349,-43.0,-5.0,-0.033895651547454206,-0.09999999999999998,-1389.3899853321861,0.014924242424242451,0.041935483870967794]}}
{"op_code":8,"worker_id":"c77f4fa9-09b6-4bc8-b5b0-7b67f58c3ed1-24364","trial_id":82,"user_attr":{"constraints":[-0.027917044644205635,-0.0405217045817016,0.0,0.09606060606060604,-0.13200907749836674,-41.0,-6.0,-0.0021884211400340415,0.09999999999999998,-1396.8122135314122,0.00242424242424244,0.02387992831541219]}}
{"op_code":8,"worker_id":"c77f4fa9-09b6-4bc8-b5b0-7b67f58c3ed1-24364","trial_id":82,"user_attr":{"pruned_reasons":["M5 (Monotonicity <= 0.25)","Side-specific Hit Rate (40.00% < 50%)","Yearly Daily Win Rate (44.76% < 45%)","Side-specific Yearly Daily Win Rate (42.61% < 45%)"]}}
{"op_code":8,"worker_id":"c77f4fa9-09b6-4bc8-b5b0-7b67f58c3ed1-24364","trial_id":82,"user_attr":{"gini":0.4902502459680278}}
{"op_code":8,"worker_id":"967b6ea7-dd7f-43a9-8cc0-673bf3970d42-11668","trial_id":81,"user_attr":{"pruned_reasons":["M3 (Hit Rate < 60%)","M5 (Monotonicity <= 0.25)","Yearly Daily Win Rate (43.51% < 45%)","Side-specific Yearly Daily Win Rate (40.81% < 45%)"]}}
{"op_code":8,"worker_id":"967b6ea7-dd7f-43a9-8cc0-673bf3970d42-11668","trial_id":81,"user_attr":{"gini":0.5110633632204813}}
{"op_code":8,"worker_id":"967b6ea7-dd7f-43a9-8cc0-673bf3970d42-11668","trial_id":81,"user_attr":{"cv_is_ics":[0.10119592398405075,0.107334204018116,0.10784435272216797,0.11105397343635559,0.09129247069358826,0.07683528959751129,0.08653391152620316,0.0990087166428566,0.0961989313364029,0.0861705094575882,0.07471536099910736,0.053746167570352554,0.0818764716386795,0.05870582535862923,0.0846964493393898]}}
{"op_code":8,"worker_id":"cf375a95-04e0-4cc5-9df7-c5ffa38deb2d-3216","trial_id":80,"user_attr":{"deflated_objective":-2.383410870862894}}
{"op_code":8,"worker_id":"967b6ea7-dd7f-43a9-8cc0-673bf3970d42-11668","trial_id":81,"user_attr":{"cv_oos_ics":[0.06226648762822151,-0.024210358038544655,-0.034781314432621,0.009528515860438347,0.025649944320321083,0.025463612750172615,0.06429153680801392,0.01010567881166935,0.03537003695964813,0.020375601947307587,-0.01655060611665249,0.06890300661325455,0.000727793260011822,0.025404753163456917,0.013865524902939796]}}
{"op_code":8,"worker_id":"967b6ea7-dd7f-43a9-8cc0-673bf3970d42-11668","trial_id":81,"user_attr":{"reg_kappa":3.258330097501413}}
{"op_code":8,"worker_id":"967b6ea7-dd7f-43a9-8cc0-673bf3970d42-11668","trial_id":81,"user_attr":{"raw_metrics":[0.0865548204767867,0.01066351709667611,0.4,0.02519151898413393,0.08606060606060607,0.06824719093684349,-0.1854613902501179,-0.2420511692762375,0.43507575757575756]}}
{"op_code":9,"worker_id":"cf375a95-04e0-4cc5-9df7-c5ffa38deb2d-3216","trial_id":80,"system_attr":{"constraints":[-0.028513804242984764,-0.03897375309480321,0.0,0.06454545454545454,-0.08885781755987797,-42.0,-5.0,-0.037040544203732054,-0.09999999999999998,-1395.4488010163952,0.010757575757575744,0.03499103942652332]}}
{"op_code":8,"worker_id":"967b6ea7-dd7f-43a9-8cc0-673bf3970d42-11668","trial_id":81,"user_attr":{"val_metrics":[0.06577596441437863,-0.16003966890072024,0.4303030303030303,-0.036952582153802115,-7.885774663636772]}}
{"op_code":6,"worker_id":"cf375a95-04e0-4cc5-9df7-c5ffa38deb2d-3216","trial_id":80,"state":1,"values":[-1.6603842229318004],"datetime_complete":"2026-07-14T11:41:52.453859"}
{"op_code":4,"worker_id":"1e9bac68-a6ab-464e-8b29-3dc6e723786c-31796","study_id":0,"datetime_start":"2026-07-14T11:41:52.440813"}
{"op_code":8,"worker_id":"c77f4fa9-09b6-4bc8-b5b0-7b67f58c3ed1-24364","trial_id":82,"user_attr":{"cv_is_ics":[0.10251054167747498,0.10927452147006989,0.11390247195959091,0.11089731752872467,0.09731466323137283,0.07845406234264374,0.08613801002502441,0.10309650003910065,0.09250745922327042,0.08858168125152588,0.08134309202432632,0.054752133786678314,0.08135198056697845,0.05883217230439186,0.07862477004528046]}}
{"op_code":5,"worker_id":"1e9bac68-a6ab-464e-8b29-3dc6e723786c-31796","trial_id":85,"param_name":"k_weight","param_value_internal":1.2888440006609851,"distribution":"{\"name\": \"FloatDistribution\", \"attributes\": {\"step\": null, \"low\": 0.0, \"high\": 1.5, \"log\": false}}"}
{"op_code":8,"worker_id":"967b6ea7-dd7f-43a9-8cc0-673bf3970d42-11668","trial_id":81,"user_attr":{"deflated_objective":-2.5308123510880547}}
{"op_code":5,"worker_id":"1e9bac68-a6ab-464e-8b29-3dc6e723786c-31796","trial_id":85,"param_name":"unified_alpha","param_value_internal":0.032314094931822905,"distribution":"{\"name\": \"FloatDistribution\", \"attributes\": {\"step\": null, \"low\": 1e-05, \"high\": 10.0, \"log\": true}}"}
{"op_code":8,"worker_id":"c77f4fa9-09b6-4bc8-b5b0-7b67f58c3ed1-24364","trial_id":82,"user_attr":{"cv_oos_ics":[0.05625193938612938,-0.02845810540020466,-0.03143078833818436,0.008712737821042538,0.017378168180584908,0.03145328536629677,0.06566811352968216,0.017801467329263687,0.05065198987722397,0.02490353025496006,-0.011882233433425426,0.07391716539859772,0.0066781300120055676,0.02085861749947071,0.026212988421320915]}}
{"op_code":5,"worker_id":"1e9bac68-a6ab-464e-8b29-3dc6e723786c-31796","trial_id":85,"param_name":"unified_rho","param_value_internal":0.3890902064060378,"distribution":"{\"name\": \"FloatDistribution\", \"attributes\": {\"step\": null, \"low\": 0.0, \"high\": 1.0, \"log\": false}}"}
{"op_code":9,"worker_id":"967b6ea7-dd7f-43a9-8cc0-673bf3970d42-11668","trial_id":81,"system_attr":{"constraints":[-0.02519151898413393,-0.01066351709667611,0.19999999999999996,0.16393939393939394,-0.06824719093684349,-43.0,-5.0,-0.033895651547454206,-0.09999999999999998,-1389.3899853321861,0.014924242424242451,0.041935483870967794]}}
{"op_code":6,"worker_id":"967b6ea7-dd7f-43a9-8cc0-673bf3970d42-11668","trial_id":81,"state":1,"values":[-1.8049454943616023],"datetime_complete":"2026-07-14T11:41:52.471156"}
{"op_code":8,"worker_id":"c77f4fa9-09b6-4bc8-b5b0-7b67f58c3ed1-24364","trial_id":82,"user_attr":{"reg_kappa":3.414665588460792}}
{"op_code":5,"worker_id":"1e9bac68-a6ab-464e-8b29-3dc6e723786c-31796","trial_id":85,"param_name":"unified_gamma","param_value_internal":2464.8651920317243,"distribution":"{\"name\": \"FloatDistribution\", \"attributes\": {\"step\": null, \"low\": 1.5, \"high\": 10000.0, \"log\": true}}"}
{"op_code":8,"worker_id":"c77f4fa9-09b6-4bc8-b5b0-7b67f58c3ed1-24364","trial_id":82,"user_attr":{"raw_metrics":[0.33131812127571786,0.0405217045817016,0.6,0.027917044644205635,0.15393939393939396,0.13200907749836674,-0.21013646630499616,-0.3257436156272888,0.44757575757575757]}}
{"op_code":8,"worker_id":"c77f4fa9-09b6-4bc8-b5b0-7b67f58c3ed1-24364","trial_id":82,"user_attr":{"val_metrics":[0.08841932344565943,-0.09792648526350718,0.4666666666666667,0.003912121749793489,-6.993793672389422]}}
{"op_code":5,"worker_id":"1e9bac68-a6ab-464e-8b29-3dc6e723786c-31796","trial_id":85,"param_name":"huber_delta","param_value_internal":1.9641504753136592,"distribution":"{\"name\": \"FloatDistribution\", \"attributes\": {\"step\": null, \"low\": 0.5, \"high\": 5.0, \"log\": false}}"}
{"op_code":8,"worker_id":"5c55cd9f-1cba-489f-a30d-d15e13601788-12024","trial_id":84,"user_attr":{"constraints":[-0.028727492550090928,-0.036076409049688465,0.0,0.10090909090909092,-0.09738234055799419,-42.0,-5.0,-0.02697168230849445,-0.09999999999999998,-1397.409047894236,0.010757575757575744,0.03499103942652332]}}
{"op_code":8,"worker_id":"5c55cd9f-1cba-489f-a30d-d15e13601788-12024","trial_id":84,"user_attr":{"pruned_reasons":["M5 (Monotonicity <= 0.25)","Yearly Daily Win Rate (43.92% < 45%)","Side-specific Yearly Daily Win Rate (41.50% < 45%)"]}}
{"op_code":8,"worker_id":"5c55cd9f-1cba-489f-a30d-d15e13601788-12024","trial_id":84,"user_attr":{"gini":0.506076335953553}}
{"op_code":8,"worker_id":"5c55cd9f-1cba-489f-a30d-d15e13601788-12024","trial_id":84,"user_attr":{"cv_is_ics":[0.10135555267333984,0.1080116406083107,0.1124192625284195,0.11147476732730865,0.0960182175040245,0.07792560756206512,0.08778873085975647,0.10044657438993454,0.09630773216485977,0.08681441843509674,0.0794016644358635,0.052783578634262085,0.08278682082891464,0.05910584703087807,0.08165343850851059]}}
{"op_code":8,"worker_id":"5c55cd9f-1cba-489f-a30d-d15e13601788-12024","trial_id":84,"user_attr":{"cv_oos_ics":[0.060046661645174026,-0.02383377216756344,-0.03178286924958229,0.008206186816096306,0.022070396691560745,0.029008014127612114,0.06601406633853912,0.014860538765788078,0.046761348843574524,0.02326648123562336,-0.012898367829620838,0.07680348306894302,0.00619193771854043,0.02491496503353119,0.024357721209526062]}}
{"op_code":8,"worker_id":"5c55cd9f-1cba-489f-a30d-d15e13601788-12024","trial_id":84,"user_attr":{"reg_kappa":3.382692523244585}}
{"op_code":8,"worker_id":"5c55cd9f-1cba-489f-a30d-d15e13601788-12024","trial_id":84,"user_attr":{"raw_metrics":[0.30210290694237174,0.036076409049688465,0.6,0.028727492550090928,0.14909090909090908,0.09738234055799419,-0.19145227635138165,-0.2933906316757202,0.43924242424242427]}}
{"op_code":8,"worker_id":"5c55cd9f-1cba-489f-a30d-d15e13601788-12024","trial_id":84,"user_attr":{"val_metrics":[0.07992403173168945,-0.13804471812686103,0.3696969696969697,-0.05517011046720048,-7.522384482564594]}}
{"op_code":8,"worker_id":"f6d7323e-e8ff-4b8c-92ec-4bfa69ebc737-24340","trial_id":83,"user_attr":{"constraints":[-0.023238573235568265,-0.013196329773047796,0.19999999999999996,0.0693939393939394,-0.0520145796546672,-43.0,-4.0,-0.029170250489036063,-0.09999999999999998,-1394.6342015060745,0.009924242424242447,0.04103942652329756]}}
{"op_code":8,"worker_id":"f6d7323e-e8ff-4b8c-92ec-4bfa69ebc737-24340","trial_id":83,"user_attr":{"pruned_reasons":["M3 (Hit Rate < 60%)","M5 (Monotonicity <= 0.25)","Yearly Daily Win Rate (44.01% < 45%)","Side-specific Yearly Daily Win Rate (40.90% < 45%)"]}}
{"op_code":8,"worker_id":"5c55cd9f-1cba-489f-a30d-d15e13601788-12024","trial_id":84,"user_attr":{"deflated_objective":-2.37650778913943}}
{"op_code":9,"worker_id":"5c55cd9f-1cba-489f-a30d-d15e13601788-12024","trial_id":84,"system_attr":{"constraints":[-0.028727492550090928,-0.036076409049688465,0.0,0.10090909090909092,-0.09738234055799419,-42.0,-5.0,-0.02697168230849445,-0.09999999999999998,-1397.409047894236,0.010757575757575744,0.03499103942652332]}}
{"op_code":6,"worker_id":"5c55cd9f-1cba-489f-a30d-d15e13601788-12024","trial_id":84,"state":1,"values":[-1.6554372409670135],"datetime_complete":"2026-07-14T11:41:52.500299"}
{"op_code":8,"worker_id":"f6d7323e-e8ff-4b8c-92ec-4bfa69ebc737-24340","trial_id":83,"user_attr":{"gini":0.5616846351748337}}
{"op_code":4,"worker_id":"5c55cd9f-1cba-489f-a30d-d15e13601788-12024","study_id":0,"datetime_start":"2026-07-14T11:41:52.502758"}
{"op_code":8,"worker_id":"f6d7323e-e8ff-4b8c-92ec-4bfa69ebc737-24340","trial_id":83,"user_attr":{"cv_is_ics":[0.09504909813404083,0.09906347095966339,0.10619636625051498,0.11047235876321793,0.08368722349405289,0.07397962361574173,0.08446812629699707,0.09516726434230804,0.09365572035312653,0.08272865414619446,0.06353426724672318,0.044730834662914276,0.08322304487228394,0.05752996727824211,0.08518798649311066]}}
{"op_code":5,"worker_id":"5c55cd9f-1cba-489f-a30d-d15e13601788-12024","trial_id":86,"param_name":"k_weight","param_value_internal":1.3577242953104265,"distribution":"{\"name\": \"FloatDistribution\", \"attributes\": {\"step\": null, \"low\": 0.0, \"high\": 1.5, \"log\": false}}"}
{"op_code":8,"worker_id":"f6d7323e-e8ff-4b8c-92ec-4bfa69ebc737-24340","trial_id":83,"user_attr":{"cv_oos_ics":[0.06279425323009491,-0.01499923411756754,-0.03911348059773445,0.017878353595733643,0.03268779441714287,0.01844058930873871,0.05625506117939949,0.009668034501373768,0.014363493770360947,0.012715996243059635,-0.013842233456671238,0.07003612071275711,0.0005936811212450266,0.034338515251874924,-0.007191559765487909]}}
{"op_code":5,"worker_id":"5c55cd9f-1cba-489f-a30d-d15e13601788-12024","trial_id":86,"param_name":"unified_alpha","param_value_internal":0.025550659838638932,"distribution":"{\"name\": \"FloatDistribution\", \"attributes\": {\"step\": null, \"low\": 1e-05, \"high\": 10.0, \"log\": true}}"}
{"op_code":8,"worker_id":"f6d7323e-e8ff-4b8c-92ec-4bfa69ebc737-24340","trial_id":83,"user_attr":{"reg_kappa":3.287169953886497}}
{"op_code":5,"worker_id":"5c55cd9f-1cba-489f-a30d-d15e13601788-12024","trial_id":86,"param_name":"unified_rho","param_value_internal":0.3797765567106315,"distribution":"{\"name\": \"FloatDistribution\", \"attributes\": {\"step\": null, \"low\": 0.0, \"high\": 1.0, \"log\": false}}"}
{"op_code":8,"worker_id":"f6d7323e-e8ff-4b8c-92ec-4bfa69ebc737-24340","trial_id":83,"user_attr":{"raw_metrics":[0.1431097658926849,0.013196329773047796,0.4,0.023238573235568265,0.1806060606060606,0.0520145796546672,-0.17039519792830057,-0.17302705347537994,0.44007575757575756]}}
{"op_code":8,"worker_id":"f6d7323e-e8ff-4b8c-92ec-4bfa69ebc737-24340","trial_id":83,"user_attr":{"val_metrics":[0.03921539317307222,-0.3783506861270943,0.3939393939393939,0.020541101989025867,-6.7251204974133145]}}
{"op_code":5,"worker_id":"5c55cd9f-1cba-489f-a30d-d15e13601788-12024","trial_id":86,"param_name":"unified_gamma","param_value_internal":1211.955704882472,"distribution":"{\"name\": \"FloatDistribution\", \"attributes\": {\"step\": null, \"low\": 1.5, \"high\": 10000.0, \"log\": true}}"}
{"op_code":8,"worker_id":"1e9bac68-a6ab-464e-8b29-3dc6e723786c-31796","trial_id":85,"user_attr":{"constraints":[-0.027956076594018532,-0.04289310901118614,0.0,0.10090909090909092,-0.10329585068330202,-41.0,-6.0,-0.015285686201245968,-0.09999999999999998,-1397.3833965260446,0.006590909090909147,0.029435483870967782]}}
{"op_code":5,"worker_id":"5c55cd9f-1cba-489f-a30d-d15e13601788-12024","trial_id":86,"param_name":"huber_delta","param_value_internal":1.4266032975807055,"distribution":"{\"name\": \"FloatDistribution\", \"attributes\": {\"step\": null, \"low\": 0.5, \"high\": 5.0, \"log\": false}}"}
{"op_code":8,"worker_id":"f6d7323e-e8ff-4b8c-92ec-4bfa69ebc737-24340","trial_id":83,"user_attr":{"deflated_objective":-2.1494562615955877}}
{"op_code":9,"worker_id":"f6d7323e-e8ff-4b8c-92ec-4bfa69ebc737-24340","trial_id":83,"system_attr":{"constraints":[-0.023238573235568265,-0.013196329773047796,0.19999999999999996,0.0693939393939394,-0.0520145796546672,-43.0,-4.0,-0.029170250489036063,-0.09999999999999998,-1394.6342015060745,0.009924242424242447,0.04103942652329756]}}
{"op_code":8,"worker_id":"1e9bac68-a6ab-464e-8b29-3dc6e723786c-31796","trial_id":85,"user_attr":{"pruned_reasons":["M5 (Monotonicity <= 0.25)","Yearly Daily Win Rate (44.34% < 45%)","Side-specific Yearly Daily Win Rate (42.06% < 45%)"]}}
{"op_code":8,"worker_id":"1e9bac68-a6ab-464e-8b29-3dc6e723786c-31796","trial_id":85,"user_attr":{"gini":0.49324853704029614}}
{"op_code":8,"worker_id":"1e9bac68-a6ab-464e-8b29-3dc6e723786c-31796","trial_id":85,"user_attr":{"cv_is_ics":[0.10023880004882812,0.10884718596935272,0.1142682135105133,0.11061651259660721,0.09700146317481995,0.07854893803596497,0.08576694875955582,0.10262513160705566,0.09239635616540909,0.08699659258127213,0.079214908182621,0.053108908236026764,0.08197283744812012,0.05812987685203552,0.07945915311574936]}}
{"op_code":8,"worker_id":"1e9bac68-a6ab-464e-8b29-3dc6e723786c-31796","trial_id":85,"user_attr":{"cv_oos_ics":[0.05690499022603035,-0.02482294663786888,-0.031505391001701355,0.008097700774669647,0.01878020539879799,0.031609393656253815,0.06711728870868683,0.02088063769042492,0.04932984337210655,0.026167379692196846,-0.009274499490857124,0.07793296128511429,0.008945365436375141,0.022887637838721275,0.031222378835082054]}}
{"op_code":8,"worker_id":"1e9bac68-a6ab-464e-8b29-3dc6e723786c-31796","trial_id":85,"user_attr":{"reg_kappa":3.3955646555960644}}
{"op_code":8,"worker_id":"1e9bac68-a6ab-464e-8b29-3dc6e723786c-31796","trial_id":85,"user_attr":{"raw_metrics":[0.3687419157896127,0.04289310901118614,0.6,0.027956076594018532,0.14909090909090908,0.10329585068330202,-0.2105869534100436,-0.3175477087497711,0.44340909090909086]}}
{"op_code":6,"worker_id":"f6d7323e-e8ff-4b8c-92ec-4bfa69ebc737-24340","trial_id":83,"state":1,"values":[-1.434300655560328],"datetime_complete":"2026-07-14T11:41:52.528018"}
{"op_code":8,"worker_id":"1e9bac68-a6ab-464e-8b29-3dc6e723786c-31796","trial_id":85,"user_attr":{"val_metrics":[0.09307450413389433,-0.09044263167698592,0.4666666666666667,0.027666566592330733,-6.988711637377687]}}
{"op_code":8,"worker_id":"1e9bac68-a6ab-464e-8b29-3dc6e723786c-31796","trial_id":85,"user_attr":{"deflated_objective":-2.127697361921184}}
{"op_code":9,"worker_id":"1e9bac68-a6ab-464e-8b29-3dc6e723786c-31796","trial_id":85,"system_attr":{"constraints":[-0.027956076594018532,-0.04289310901118614,0.0,0.10090909090909092,-0.10329585068330202,-41.0,-6.0,-0.015285686201245968,-0.09999999999999998,-1397.3833965260446,0.006590909090909147,0.029435483870967782]}}
{"op_code":8,"worker_id":"c77f4fa9-09b6-4bc8-b5b0-7b67f58c3ed1-24364","trial_id":82,"user_attr":{"deflated_objective":-2.135672630696839}}
{"op_code":6,"worker_id":"1e9bac68-a6ab-464e-8b29-3dc6e723786c-31796","trial_id":85,"state":1,"values":[-1.4119152513994626],"datetime_complete":"2026-07-14T11:41:52.548687"}
{"op_code":9,"worker_id":"c77f4fa9-09b6-4bc8-b5b0-7b67f58c3ed1-24364","trial_id":82,"system_attr":{"constraints":[-0.027917044644205635,-0.0405217045817016,0.0,0.09606060606060604,-0.13200907749836674,-41.0,-6.0,-0.0021884211400340415,0.09999999999999998,-1396.8122135314122,0.00242424242424244,0.02387992831541219]}}
{"op_code":4,"worker_id":"1e9bac68-a6ab-464e-8b29-3dc6e723786c-31796","study_id":0,"datetime_start":"2026-07-14T11:41:52.552452"}
{"op_code":4,"worker_id":"993b8906-3e2c-4a61-ac40-8e701d1dabe6-3216","study_id":0,"datetime_start":"2026-07-14T11:41:52.550031"}
{"op_code":5,"worker_id":"1e9bac68-a6ab-464e-8b29-3dc6e723786c-31796","trial_id":87,"param_name":"k_weight","param_value_internal":1.347200015126515,"distribution":"{\"name\": \"FloatDistribution\", \"attributes\": {\"step\": null, \"low\": 0.0, \"high\": 1.5, \"log\": false}}"}
{"op_code":6,"worker_id":"c77f4fa9-09b6-4bc8-b5b0-7b67f58c3ed1-24364","trial_id":82,"state":1,"values":[-1.4174071249070392],"datetime_complete":"2026-07-14T11:41:52.553081"}
{"op_code":5,"worker_id":"1e9bac68-a6ab-464e-8b29-3dc6e723786c-31796","trial_id":87,"param_name":"unified_alpha","param_value_internal":0.019200016825734897,"distribution":"{\"name\": \"FloatDistribution\", \"attributes\": {\"step\": null, \"low\": 1e-05, \"high\": 10.0, \"log\": true}}"}
{"op_code":5,"worker_id":"993b8906-3e2c-4a61-ac40-8e701d1dabe6-3216","trial_id":88,"param_name":"k_weight","param_value_internal":1.3542513898575075,"distribution":"{\"name\": \"FloatDistribution\", \"attributes\": {\"step\": null, \"low\": 0.0, \"high\": 1.5, \"log\": false}}"}
{"op_code":5,"worker_id":"1e9bac68-a6ab-464e-8b29-3dc6e723786c-31796","trial_id":87,"param_name":"unified_rho","param_value_internal":0.44568234638858656,"distribution":"{\"name\": \"FloatDistribution\", \"attributes\": {\"step\": null, \"low\": 0.0, \"high\": 1.0, \"log\": false}}"}
{"op_code":5,"worker_id":"993b8906-3e2c-4a61-ac40-8e701d1dabe6-3216","trial_id":88,"param_name":"unified_alpha","param_value_internal":0.016265041604185876,"distribution":"{\"name\": \"FloatDistribution\", \"attributes\": {\"step\": null, \"low\": 1e-05, \"high\": 10.0, \"log\": true}}"}
{"op_code":5,"worker_id":"1e9bac68-a6ab-464e-8b29-3dc6e723786c-31796","trial_id":87,"param_name":"unified_gamma","param_value_internal":1412.3794614697454,"distribution":"{\"name\": \"FloatDistribution\", \"attributes\": {\"step\": null, \"low\": 1.5, \"high\": 10000.0, \"log\": true}}"}
{"op_code":5,"worker_id":"993b8906-3e2c-4a61-ac40-8e701d1dabe6-3216","trial_id":88,"param_name":"unified_rho","param_value_internal":0.3624699506077193,"distribution":"{\"name\": \"FloatDistribution\", \"attributes\": {\"step\": null, \"low\": 0.0, \"high\": 1.0, \"log\": false}}"}
{"op_code":8,"worker_id":"5c55cd9f-1cba-489f-a30d-d15e13601788-12024","trial_id":86,"user_attr":{"constraints":[-0.024508690017859873,-0.03545742112654586,0.0,0.05727272727272728,-0.05829279899522177,-37.0,-6.0,-0.04558444999621471,0.09999999999999998,-1415.4214747250346,0.041515151515151505,0.04749103942652333]}}
{"op_code":4,"worker_id":"480939e6-c497-454d-b17b-d2277463ac51-24364","study_id":0,"datetime_start":"2026-07-14T11:41:52.572502"}
{"op_code":5,"worker_id":"993b8906-3e2c-4a61-ac40-8e701d1dabe6-3216","trial_id":88,"param_name":"unified_gamma","param_value_internal":1399.7853249417353,"distribution":"{\"name\": \"FloatDistribution\", \"attributes\": {\"step\": null, \"low\": 1.5, \"high\": 10000.0, \"log\": true}}"}
{"op_code":5,"worker_id":"1e9bac68-a6ab-464e-8b29-3dc6e723786c-31796","trial_id":87,"param_name":"huber_delta","param_value_internal":1.4974177724849356,"distribution":"{\"name\": \"FloatDistribution\", \"attributes\": {\"step\": null, \"low\": 0.5, \"high\": 5.0, \"log\": false}}"}
{"op_code":5,"worker_id":"993b8906-3e2c-4a61-ac40-8e701d1dabe6-3216","trial_id":88,"param_name":"huber_delta","param_value_internal":1.4100803439396976,"distribution":"{\"name\": \"FloatDistribution\", \"attributes\": {\"step\": null, \"low\": 0.5, \"high\": 5.0, \"log\": false}}"}
{"op_code":4,"worker_id":"0086d632-805a-41cb-b52a-be1e7b720e5e-11668","study_id":0,"datetime_start":"2026-07-14T11:41:52.576034"}
{"op_code":8,"worker_id":"5c55cd9f-1cba-489f-a30d-d15e13601788-12024","trial_id":86,"user_attr":{"pruned_reasons":["M5 (Monotonicity <= 0.25)","Side-specific Hit Rate (40.00% < 50%)","Yearly Daily Win Rate (40.85% < 45%)","Side-specific Yearly Daily Win Rate (40.25% < 45%)"]}}
{"op_code":8,"worker_id":"5c55cd9f-1cba-489f-a30d-d15e13601788-12024","trial_id":86,"user_attr":{"gini":0.502577967023363}}
{"op_code":8,"worker_id":"5c55cd9f-1cba-489f-a30d-d15e13601788-12024","trial_id":86,"user_attr":{"cv_is_ics":[0.1076265200972557,0.11353838443756104,0.11504851281642914,0.10806428641080856,0.0992097407579422,0.07842916995286942,0.08871106803417206,0.10141505300998688,0.09978196024894714,0.0934605821967125,0.08139356970787048,0.05880184844136238,0.08216659724712372,0.059901829808950424,0.0821126401424408]}}
{"op_code":8,"worker_id":"5c55cd9f-1cba-489f-a30d-d15e13601788-12024","trial_id":86,"user_attr":{"cv_oos_ics":[0.05892578512430191,-0.0342254675924778,-0.03213238716125488,0.010215306654572487,0.022205758839845657,0.02677489072084427,0.06398644298315048,0.009259860962629318,0.047106459736824036,0.02664615772664547,-0.018071066588163376,0.06396777927875519,0.001481213141232729,0.025031695142388344,0.015207714401185513]}}
{"op_code":8,"worker_id":"5c55cd9f-1cba-489f-a30d-d15e13601788-12024","trial_id":86,"user_attr":{"reg_kappa":3.4592740237446926}}
{"op_code":8,"worker_id":"5c55cd9f-1cba-489f-a30d-d15e13601788-12024","trial_id":86,"user_attr":{"raw_metrics":[0.3015641052940369,0.03545742112654586,0.6,0.024508690017859873,0.19272727272727272,0.05829279899522177,-0.225658047748118,-0.31615501642227173,0.4084848484848485]}}
{"op_code":8,"worker_id":"5c55cd9f-1cba-489f-a30d-d15e13601788-12024","trial_id":86,"user_attr":{"val_metrics":[0.07334525517008388,-0.13214654251723168,0.3212121212121212,-0.06733711036853493,-8.44537182002452]}}
{"op_code":5,"worker_id":"480939e6-c497-454d-b17b-d2277463ac51-24364","trial_id":89,"param_name":"k_weight","param_value_internal":0.9807371158572873,"distribution":"{\"name\": \"FloatDistribution\", \"attributes\": {\"step\": null, \"low\": 0.0, \"high\": 1.5, \"log\": false}}"}
{"op_code":8,"worker_id":"12c115a2-e643-4243-88dd-5c650e03659b-31524","trial_id":77,"user_attr":{"reg_kappa":3.3805899619920394}}
{"op_code":8,"worker_id":"5c55cd9f-1cba-489f-a30d-d15e13601788-12024","trial_id":86,"user_attr":{"deflated_objective":-2.740511970715301}}
{"op_code":8,"worker_id":"12c115a2-e643-4243-88dd-5c650e03659b-31524","trial_id":77,"user_attr":{"raw_metrics":[0.3155149645277524,0.03865403395426896,0.6,0.027930371762879012,0.1612121212121212,0.13200907749836674,-0.20806762220811653,-0.3030727505683899,0.443409090909091]}}
{"op_code":5,"worker_id":"0086d632-805a-41cb-b52a-be1e7b720e5e-11668","trial_id":90,"param_name":"k_weight","param_value_internal":1.3690806015651857,"distribution":"{\"name\": \"FloatDistribution\", \"attributes\": {\"step\": null, \"low\": 0.0, \"high\": 1.5, \"log\": false}}"}
{"op_code":8,"worker_id":"12c115a2-e643-4243-88dd-5c650e03659b-31524","trial_id":77,"user_attr":{"val_metrics":[0.0845186329179818,-0.15963537690767213,0.6848484848484848,0.04774658225166302,-6.4588474775581215]}}
{"op_code":5,"worker_id":"0086d632-805a-41cb-b52a-be1e7b720e5e-11668","trial_id":90,"param_name":"unified_alpha","param_value_internal":0.011001445453516367,"distribution":"{\"name\": \"FloatDistribution\", \"attributes\": {\"step\": null, \"low\": 1e-05, \"high\": 10.0, \"log\": true}}"}
{"op_code":5,"worker_id":"0086d632-805a-41cb-b52a-be1e7b720e5e-11668","trial_id":90,"param_name":"unified_rho","param_value_internal":0.45620775309293937,"distribution":"{\"name\": \"FloatDistribution\", \"attributes\": {\"step\": null, \"low\": 0.0, \"high\": 1.0, \"log\": false}}"}
{"op_code":8,"worker_id":"12c115a2-e643-4243-88dd-5c650e03659b-31524","trial_id":77,"user_attr":{"deflated_objective":-1.9083745188775434}}
{"op_code":5,"worker_id":"0086d632-805a-41cb-b52a-be1e7b720e5e-11668","trial_id":90,"param_name":"unified_gamma","param_value_internal":1546.4422427735012,"distribution":"{\"name\": \"FloatDistribution\", \"attributes\": {\"step\": null, \"low\": 1.5, \"high\": 10000.0, \"log\": true}}"}
{"op_code":9,"worker_id":"12c115a2-e643-4243-88dd-5c650e03659b-31524","trial_id":77,"system_attr":{"constraints":[-0.027930371762879012,-0.03865403395426896,0.0,0.0887878787878788,-0.13200907749836674,-41.0,-6.0,-0.0046777368314370234,0.09999999999999998,-1394.3026490211623,0.006590909090909036,0.03499103942652332]}}
{"op_code":5,"worker_id":"0086d632-805a-41cb-b52a-be1e7b720e5e-11668","trial_id":90,"param_name":"huber_delta","param_value_internal":1.4786461672545566,"distribution":"{\"name\": \"FloatDistribution\", \"attributes\": {\"step\": null, \"low\": 0.5, \"high\": 5.0, \"log\": false}}"}
{"op_code":9,"worker_id":"5c55cd9f-1cba-489f-a30d-d15e13601788-12024","trial_id":86,"system_attr":{"constraints":[-0.024508690017859873,-0.03545742112654586,0.0,0.05727272727272728,-0.05829279899522177,-37.0,-6.0,-0.04558444999621471,0.09999999999999998,-1415.4214747250346,0.041515151515151505,0.04749103942652333]}}
{"op_code":6,"worker_id":"5c55cd9f-1cba-489f-a30d-d15e13601788-12024","trial_id":86,"state":1,"values":[-2.0277792681745432],"datetime_complete":"2026-07-14T11:41:52.618828"}
{"op_code":4,"worker_id":"24b89e0d-9e3d-4839-bf8c-7f2d0bafdf45-24340","study_id":0,"datetime_start":"2026-07-14T11:41:52.621284"}
{"op_code":6,"worker_id":"12c115a2-e643-4243-88dd-5c650e03659b-31524","trial_id":77,"state":1,"values":[-1.2066840908878433],"datetime_complete":"2026-07-14T11:41:52.615551"}
{"op_code":8,"worker_id":"1e9bac68-a6ab-464e-8b29-3dc6e723786c-31796","trial_id":87,"user_attr":{"constraints":[-0.027346439463749116,-0.03441204144691741,0.0,0.09606060606060604,-0.12615523634617948,-38.0,-6.0,-0.015211427203837068,0.09999999999999998,-1412.5837857322513,0.019924242424242455,0.0363799283154122]}}
{"op_code":8,"worker_id":"1e9bac68-a6ab-464e-8b29-3dc6e723786c-31796","trial_id":87,"user_attr":{"pruned_reasons":["M5 (Monotonicity <= 0.25)","Side-specific Hit Rate (40.00% < 50%)","Yearly Daily Win Rate (43.01% < 45%)","Side-specific Yearly Daily Win Rate (41.36% < 45%)"]}}
{"op_code":8,"worker_id":"1e9bac68-a6ab-464e-8b29-3dc6e723786c-31796","trial_id":87,"user_attr":{"gini":0.49586993978971505}}
{"op_code":5,"worker_id":"480939e6-c497-454d-b17b-d2277463ac51-24364","trial_id":89,"param_name":"unified_alpha","param_value_internal":0.01601304547668955,"distribution":"{\"name\": \"FloatDistribution\", \"attributes\": {\"step\": null, \"low\": 1e-05, \"high\": 10.0, \"log\": true}}"}
{"op_code":8,"worker_id":"1e9bac68-a6ab-464e-8b29-3dc6e723786c-31796","trial_id":87,"user_attr":{"cv_is_ics":[0.10679700970649719,0.11289270222187042,0.11580003052949905,0.10847694426774979,0.09879109263420105,0.0777166485786438,0.08750627934932709,0.10146987438201904,0.09594819694757462,0.09308857470750809,0.08194698393344879,0.05929597467184067,0.08171585202217102,0.05970894545316696,0.08019867539405823]}}
{"op_code":5,"worker_id":"480939e6-c497-454d-b17b-d2277463ac51-24364","trial_id":89,"param_name":"unified_rho","param_value_internal":0.4539532560454474,"distribution":"{\"name\": \"FloatDistribution\", \"attributes\": {\"step\": null, \"low\": 0.0, \"high\": 1.0, \"log\": false}}"}
{"op_code":8,"worker_id":"1e9bac68-a6ab-464e-8b29-3dc6e723786c-31796","trial_id":87,"user_attr":{"cv_oos_ics":[0.057096049189567566,-0.036100778728723526,-0.03241812065243721,0.00954531505703926,0.01727851666510105,0.028065841645002365,0.06521665304899216,0.011503036133944988,0.05015062913298607,0.02586362697184086,-0.015304116532206535,0.06787120550870895,0.004488200880587101,0.021578196436166763,0.021460065618157387]}}
{"op_code":5,"worker_id":"480939e6-c497-454d-b17b-d2277463ac51-24364","trial_id":89,"param_name":"unified_gamma","param_value_internal":1492.7347449941592,"distribution":"{\"name\": \"FloatDistribution\", \"attributes\": {\"step\": null, \"low\": 1.5, \"high\": 10000.0, \"log\": true}}"}
{"op_code":8,"worker_id":"993b8906-3e2c-4a61-ac40-8e701d1dabe6-3216","trial_id":88,"user_attr":{"constraints":[-0.024964153144802693,-0.036732862182534375,0.0,0.059696969696969665,-0.1478347864301222,-36.0,-7.0,0.014632819998095143,0.09999999999999998,-1414.4626353102317,0.011590909090909152,0.02387992831541219]}}
{"op_code":5,"worker_id":"480939e6-c497-454d-b17b-d2277463ac51-24364","trial_id":89,"param_name":"huber_delta","param_value_internal":1.4802306142233568,"distribution":"{\"name\": \"FloatDistribution\", \"attributes\": {\"step\": null, \"low\": 0.5, \"high\": 5.0, \"log\": false}}"}
{"op_code":8,"worker_id":"1e9bac68-a6ab-464e-8b29-3dc6e723786c-31796","trial_id":87,"user_attr":{"reg_kappa":3.4804766578854682}}
{"op_code":8,"worker_id":"1e9bac68-a6ab-464e-8b29-3dc6e723786c-31796","trial_id":87,"user_attr":{"raw_metrics":[0.28777925087165995,0.03441204144691741,0.6,0.027346439463749116,0.15393939393939396,0.12615523634617948,-0.22327592414646968,-0.34361666440963745,0.43007575757575756]}}
{"op_code":8,"worker_id":"993b8906-3e2c-4a61-ac40-8e701d1dabe6-3216","trial_id":88,"user_attr":{"pruned_reasons":["M5 (Monotonicity <= 0.25)","Side-specific Yearly Tail IC Mean (-0.0146 <= 0)","Side-specific Hit Rate (40.00% < 50%)","Yearly Daily Win Rate (43.84% < 45%)","Side-specific Yearly Daily Win Rate (42.61% < 45%)"]}}
{"op_code":8,"worker_id":"1e9bac68-a6ab-464e-8b29-3dc6e723786c-31796","trial_id":87,"user_attr":{"val_metrics":[0.08121429644838798,-0.14001029775556414,0.4666666666666667,-0.07486181800874571,-7.7425930588153005]}}
{"op_code":8,"worker_id":"993b8906-3e2c-4a61-ac40-8e701d1dabe6-3216","trial_id":88,"user_attr":{"gini":0.48242538295066173}}
{"op_code":8,"worker_id":"993b8906-3e2c-4a61-ac40-8e701d1dabe6-3216","trial_id":88,"user_attr":{"cv_is_ics":[0.10813043266534805,0.11454787850379944,0.11894533038139343,0.10841868072748184,0.10013958066701889,0.07885003834962845,0.08768738061189651,0.10209071636199951,0.09470732510089874,0.09574894607067108,0.08093591034412384,0.06337880343198776,0.08193222433328629,0.06164077669382095,0.07901183515787125]}}
{"op_code":8,"worker_id":"993b8906-3e2c-4a61-ac40-8e701d1dabe6-3216","trial_id":88,"user_attr":{"cv_oos_ics":[0.057380788028240204,-0.04080147296190262,-0.02966512180864811,0.009935835376381874,0.015614083968102932,0.029576987028121948,0.06598488241434097,0.0100367721170187,0.049963321536779404,0.027392838150262833,-0.014093337580561638,0.06210247799754143,0.006613778881728649,0.022256841883063316,0.022317547351121902]}}
{"op_code":8,"worker_id":"993b8906-3e2c-4a61-ac40-8e701d1dabe6-3216","trial_id":88,"user_attr":{"reg_kappa":3.486564366282005}}
{"op_code":8,"worker_id":"993b8906-3e2c-4a61-ac40-8e701d1dabe6-3216","trial_id":88,"user_attr":{"raw_metrics":[0.28611837723988714,0.036732862182534375,0.6,0.024964153144802693,0.19030303030303033,0.1478347864301222,-0.24531129115158343,-0.36433231830596924,0.43840909090909086]}}
{"op_code":8,"worker_id":"1e9bac68-a6ab-464e-8b29-3dc6e723786c-31796","trial_id":87,"user_attr":{"deflated_objective":-2.437881416060603}}
{"op_code":8,"worker_id":"993b8906-3e2c-4a61-ac40-8e701d1dabe6-3216","trial_id":88,"user_attr":{"val_metrics":[0.09211782005126908,-0.27185680224282993,0.6606060606060606,0.002579924113427605,-5.8760243643939605]}}
{"op_code":5,"worker_id":"24b89e0d-9e3d-4839-bf8c-7f2d0bafdf45-24340","trial_id":91,"param_name":"k_weight","param_value_internal":1.3546147283520478,"distribution":"{\"name\": \"FloatDistribution\", \"attributes\": {\"step\": null, \"low\": 0.0, \"high\": 1.5, \"log\": false}}"}
{"op_code":8,"worker_id":"df58b881-cdc4-41a4-a0d6-84cf2cb8b1a7-27064","trial_id":78,"user_attr":{"gini":0.48943681684642293}}
{"op_code":5,"worker_id":"24b89e0d-9e3d-4839-bf8c-7f2d0bafdf45-24340","trial_id":91,"param_name":"unified_alpha","param_value_internal":0.013571680139487884,"distribution":"{\"name\": \"FloatDistribution\", \"attributes\": {\"step\": null, \"low\": 1e-05, \"high\": 10.0, \"log\": true}}"}
{"op_code":8,"worker_id":"df58b881-cdc4-41a4-a0d6-84cf2cb8b1a7-27064","trial_id":78,"user_attr":{"cv_is_ics":[0.10307475924491882,0.11011522263288498,0.11348779499530792,0.11127135157585144,0.09815026074647903,0.07856426388025284,0.0865650475025177,0.10235479474067688,0.09287343919277191,0.08945510536432266,0.08165942877531052,0.05544716864824295,0.08110698312520981,0.05837265029549599,0.0784388929605484]}}
{"op_code":9,"worker_id":"1e9bac68-a6ab-464e-8b29-3dc6e723786c-31796","trial_id":87,"system_attr":{"constraints":[-0.027346439463749116,-0.03441204144691741,0.0,0.09606060606060604,-0.12615523634617948,-38.0,-6.0,-0.015211427203837068,0.09999999999999998,-1412.5837857322513,0.019924242424242455,0.0363799283154122]}}
{"op_code":8,"worker_id":"df58b881-cdc4-41a4-a0d6-84cf2cb8b1a7-27064","trial_id":78,"user_attr":{"cv_oos_ics":[0.05636270344257355,-0.030907046049833298,-0.03195926547050476,0.009220427833497524,0.017303360626101494,0.03294381871819496,0.06612469255924225,0.016661087051033974,0.050253383815288544,0.024688418954610825,-0.011957748793065548,0.07162056118249893,0.006984936073422432,0.02067427523434162,0.02524823322892189]}}
{"op_code":5,"worker_id":"24b89e0d-9e3d-4839-bf8c-7f2d0bafdf45-24340","trial_id":91,"param_name":"unified_rho","param_value_internal":0.2907684608998461,"distribution":"{\"name\": \"FloatDistribution\", \"attributes\": {\"step\": null, \"low\": 0.0, \"high\": 1.0, \"log\": false}}"}
{"op_code":8,"worker_id":"df58b881-cdc4-41a4-a0d6-84cf2cb8b1a7-27064","trial_id":78,"user_attr":{"reg_kappa":3.39827364961131}}
{"op_code":6,"worker_id":"1e9bac68-a6ab-464e-8b29-3dc6e723786c-31796","trial_id":87,"state":1,"values":[-1.7344809071422334],"datetime_complete":"2026-07-14T11:41:52.667691"}
{"op_code":8,"worker_id":"993b8906-3e2c-4a61-ac40-8e701d1dabe6-3216","trial_id":88,"user_attr":{"deflated_objective":-1.7199404407079704}}
{"op_code":5,"worker_id":"24b89e0d-9e3d-4839-bf8c-7f2d0bafdf45-24340","trial_id":91,"param_name":"unified_gamma","param_value_internal":1389.8428970032992,"distribution":"{\"name\": \"FloatDistribution\", \"attributes\": {\"step\": null, \"low\": 1.5, \"high\": 10000.0, \"log\": true}}"}
{"op_code":9,"worker_id":"993b8906-3e2c-4a61-ac40-8e701d1dabe6-3216","trial_id":88,"system_attr":{"constraints":[-0.024964153144802693,-0.036732862182534375,0.0,0.059696969696969665,-0.1478347864301222,-36.0,-7.0,0.014632819998095143,0.09999999999999998,-1414.4626353102317,0.011590909090909152,0.02387992831541219]}}
{"op_code":5,"worker_id":"24b89e0d-9e3d-4839-bf8c-7f2d0bafdf45-24340","trial_id":91,"param_name":"huber_delta","param_value_internal":1.3331323323255908,"distribution":"{\"name\": \"FloatDistribution\", \"attributes\": {\"step\": null, \"low\": 0.5, \"high\": 5.0, \"log\": false}}"}
{"op_code":6,"worker_id":"993b8906-3e2c-4a61-ac40-8e701d1dabe6-3216","trial_id":88,"state":1,"values":[-1.0201077394858133],"datetime_complete":"2026-07-14T11:41:52.679042"}
{"op_code":8,"worker_id":"480939e6-c497-454d-b17b-d2277463ac51-24364","trial_id":89,"user_attr":{"constraints":[-0.016095460238434594,-0.00340484406459817,0.19999999999999996,0.04999999999999999,-0.08177309790198,-60.0,-5.0,0.017000188043831303,0.09999999999999998,-1324.7608487568752,0.027348484848484844,0.0363799283154122]}}
{"op_code":8,"worker_id":"480939e6-c497-454d-b17b-d2277463ac51-24364","trial_id":89,"user_attr":{"pruned_reasons":["M3 (Hit Rate < 60%)","M5 (Monotonicity <= 0.25)","Side-specific Yearly Tail IC Mean (-0.0170 <= 0)","Side-specific Hit Rate (40.00% < 50%)","Yearly Daily Win Rate (42.27% < 45%)","Side-specific Yearly Daily Win Rate (41.36% < 45%)"]}}
{"op_code":8,"worker_id":"480939e6-c497-454d-b17b-d2277463ac51-24364","trial_id":89,"user_attr":{"gini":0.49504819539767775}}
{"op_code":8,"worker_id":"480939e6-c497-454d-b17b-d2277463ac51-24364","trial_id":89,"user_attr":{"cv_is_ics":[0.10711871832609177,0.11871180683374405,0.11574061959981918,0.10876799374818802,0.09848978370428085,0.0795317068696022,0.08612154424190521,0.10246490687131882,0.09716545790433884,0.0995507538318634,0.08156169205904007,0.06778012216091156,0.08027306199073792,0.058467574417591095,0.08406033366918564]}}
{"op_code":8,"worker_id":"480939e6-c497-454d-b17b-d2277463ac51-24364","trial_id":89,"user_attr":{"cv_oos_ics":[0.05659818276762962,-0.04595017805695534,-0.035462696105241776,0.010857393965125084,0.01245897263288498,0.01896749995648861,0.06318219751119614,0.004462575074285269,0.03809083253145218,0.019727585837244987,-0.020439129322767258,0.03739023581147194,-0.0010165187995880842,0.017764201387763023,0.00346154673025012]}}
{"op_code":8,"worker_id":"480939e6-c497-454d-b17b-d2277463ac51-24364","trial_id":89,"user_attr":{"reg_kappa":3.27526879683562}}
{"op_code":8,"worker_id":"480939e6-c497-454d-b17b-d2277463ac51-24364","trial_id":89,"user_attr":{"raw_metrics":[0.02827667591903939,0.00340484406459817,0.4,0.016095460238434594,0.2,0.08177309790198,-0.14213281858188812,-0.25116121768951416,0.42265151515151517]}}
{"op_code":8,"worker_id":"480939e6-c497-454d-b17b-d2277463ac51-24364","trial_id":89,"user_attr":{"val_metrics":[0.07427204287512709,-0.08048790662114977,0.3939393939393939,0.06908948180265724,-7.656850550565965]}}
{"op_code":8,"worker_id":"480939e6-c497-454d-b17b-d2277463ac51-24364","trial_id":89,"user_attr":{"deflated_objective":-2.377495349714801}}
{"op_code":9,"worker_id":"480939e6-c497-454d-b17b-d2277463ac51-24364","trial_id":89,"system_attr":{"constraints":[-0.016095460238434594,-0.00340484406459817,0.19999999999999996,0.04999999999999999,-0.08177309790198,-60.0,-5.0,0.017000188043831303,0.09999999999999998,-1324.7608487568752,0.027348484848484844,0.0363799283154122]}}
{"op_code":6,"worker_id":"480939e6-c497-454d-b17b-d2277463ac51-24364","trial_id":89,"state":1,"values":[-1.6843419000238007],"datetime_complete":"2026-07-14T11:41:52.702325"}
{"op_code":5,"worker_id":"ba749a05-b39a-4b0f-857b-fdf6b927fd72-27448","trial_id":75,"param_name":"k_weight","param_value_internal":1.3929639732599783,"distribution":"{\"name\": \"FloatDistribution\", \"attributes\": {\"step\": null, \"low\": 0.0, \"high\": 1.5, \"log\": false}}"}
{"op_code":8,"worker_id":"df58b881-cdc4-41a4-a0d6-84cf2cb8b1a7-27064","trial_id":78,"user_attr":{"raw_metrics":[0.3992915241216095,0.049194054673324605,0.6,0.027085332460961724,0.1393939393939394,0.12242235555582845,-0.20574503898481997,-0.3202895224094391,0.443409090909091]}}
{"op_code":8,"worker_id":"df58b881-cdc4-41a4-a0d6-84cf2cb8b1a7-27064","trial_id":78,"user_attr":{"val_metrics":[0.08667589258455946,-0.1011224857500429,0.5272727272727272,0.003912121749793489,-6.870169623947747]}}
{"op_code":5,"worker_id":"ba749a05-b39a-4b0f-857b-fdf6b927fd72-27448","trial_id":75,"param_name":"unified_alpha","param_value_internal":0.05417178528593644,"distribution":"{\"name\": \"FloatDistribution\", \"attributes\": {\"step\": null, \"low\": 1e-05, \"high\": 10.0, \"log\": true}}"}
{"op_code":5,"worker_id":"ba749a05-b39a-4b0f-857b-fdf6b927fd72-27448","trial_id":75,"param_name":"unified_rho","param_value_internal":0.3865233403538647,"distribution":"{\"name\": \"FloatDistribution\", \"attributes\": {\"step\": null, \"low\": 0.0, \"high\": 1.0, \"log\": false}}"}
{"op_code":8,"worker_id":"df58b881-cdc4-41a4-a0d6-84cf2cb8b1a7-27064","trial_id":78,"user_attr":{"deflated_objective":-2.0508727586205713}}
{"op_code":5,"worker_id":"ba749a05-b39a-4b0f-857b-fdf6b927fd72-27448","trial_id":75,"param_name":"unified_gamma","param_value_internal":3204.9748983927752,"distribution":"{\"name\": \"FloatDistribution\", \"attributes\": {\"step\": null, \"low\": 1.5, \"high\": 10000.0, \"log\": true}}"}
{"op_code":9,"worker_id":"df58b881-cdc4-41a4-a0d6-84cf2cb8b1a7-27064","trial_id":78,"system_attr":{"constraints":[-0.027085332460961724,-0.049194054673324605,0.0,0.1106060606060606,-0.12242235555582845,-42.0,-6.0,-0.03560571482298237,-0.09999999999999998,-1391.4118307205058,0.006590909090909036,0.03499103942652332]}}
{"op_code":5,"worker_id":"ba749a05-b39a-4b0f-857b-fdf6b927fd72-27448","trial_id":75,"param_name":"huber_delta","param_value_internal":1.9035623213104125,"distribution":"{\"name\": \"FloatDistribution\", \"attributes\": {\"step\": null, \"low\": 0.5, \"high\": 5.0, \"log\": false}}"}
{"op_code":8,"worker_id":"0086d632-805a-41cb-b52a-be1e7b720e5e-11668","trial_id":90,"user_attr":{"constraints":[-0.026747495969286505,-0.040530257672026886,0.0,0.062121212121212105,-0.10343450711157125,-36.0,-7.0,0.040146600924589534,0.09999999999999998,-1418.420225840139,0.0025000000000000577,0.017428315412186368]}}
{"op_code":8,"worker_id":"0086d632-805a-41cb-b52a-be1e7b720e5e-11668","trial_id":90,"user_attr":{"pruned_reasons":["M5 (Monotonicity <= 0.25)","Side-specific Yearly Tail IC Mean (-0.0401 <= 0)","Side-specific Hit Rate (40.00% < 50%)","Yearly Daily Win Rate (44.75% < 45%)","Side-specific Yearly Daily Win Rate (43.26% < 45%)"]}}
{"op_code":8,"worker_id":"2a105755-67ac-4a4e-8f2d-153397fce64d-29612","trial_id":69,"user_attr":{"raw_metrics":[0.2957633237776151,0.042216040917046005,0.6,0.025158750225511117,0.18303030303030304,0.12017300434938724,-0.2894603018909144,-0.4769222140312195,0.45166666666666666]}}
{"op_code":8,"worker_id":"0086d632-805a-41cb-b52a-be1e7b720e5e-11668","trial_id":90,"user_attr":{"gini":0.4768321562384299}}
{"op_code":8,"worker_id":"24b89e0d-9e3d-4839-bf8c-7f2d0bafdf45-24340","trial_id":91,"user_attr":{"constraints":[-0.024704157522900963,-0.03363419288167319,0.0,0.03545454545454546,-0.13835848970723325,-36.0,-7.0,0.0026091508966271824,0.09999999999999998,-1414.5555956364242,0.007424242424242444,0.029435483870967782]}}
{"op_code":8,"worker_id":"2a105755-67ac-4a4e-8f2d-153397fce64d-29612","trial_id":69,"user_attr":{"val_metrics":[0.1106063693454249,-0.15550730511920074,0.5878787878787879,0.08938566825973492,-6.745971338507381]}}
{"op_code":8,"worker_id":"24b89e0d-9e3d-4839-bf8c-7f2d0bafdf45-24340","trial_id":91,"user_attr":{"pruned_reasons":["M5 (Monotonicity <= 0.25)","Side-specific Yearly Tail IC Mean (-0.0026 <= 0)","Side-specific Hit Rate (40.00% < 50%)","Yearly Daily Win Rate (44.26% < 45%)","Side-specific Yearly Daily Win Rate (42.06% < 45%)"]}}
{"op_code":8,"worker_id":"0086d632-805a-41cb-b52a-be1e7b720e5e-11668","trial_id":90,"user_attr":{"cv_is_ics":[0.10782883316278458,0.11341429501771927,0.11909601092338562,0.10847064107656479,0.10033571720123291,0.07875463366508484,0.08639998733997345,0.10118184238672256,0.09159987419843674,0.09493407607078552,0.07988132536411285,0.06318563222885132,0.08069305866956711,0.06232992187142372,0.07604193687438965]}}
{"op_code":8,"worker_id":"24b89e0d-9e3d-4839-bf8c-7f2d0bafdf45-24340","trial_id":91,"user_attr":{"gini":0.4717028524724791}}
{"op_code":8,"worker_id":"24b89e0d-9e3d-4839-bf8c-7f2d0bafdf45-24340","trial_id":91,"user_attr":{"cv_is_ics":[0.11012350022792816,0.11610914766788483,0.12013643980026245,0.10841759294271469,0.10158632695674896,0.0809440165758133,0.08766540139913559,0.10215470939874649,0.09408273547887802,0.09763345867395401,0.07915815711021423,0.06708219647407532,0.08167161792516708,0.06263455748558044,0.0782725065946579]}}
{"op_code":6,"worker_id":"df58b881-cdc4-41a4-a0d6-84cf2cb8b1a7-27064","trial_id":78,"state":1,"values":[-1.3633496427558935],"datetime_complete":"2026-07-14T11:41:52.719764"}
{"op_code":8,"worker_id":"0086d632-805a-41cb-b52a-be1e7b720e5e-11668","trial_id":90,"user_attr":{"cv_oos_ics":[0.05551745742559433,-0.040838174521923065,-0.028190599754452705,0.011482397094368935,0.014170690439641476,0.03101826086640358,0.06582784652709961,0.012154093012213707,0.05303289741277695,0.025491416454315186,-0.011562389321625233,0.06570293009281158,0.008449919521808624,0.02018589898943901,0.025938594713807106]}}
{"op_code":8,"worker_id":"0086d632-805a-41cb-b52a-be1e7b720e5e-11668","trial_id":90,"user_attr":{"reg_kappa":3.5206730551246372}}
{"op_code":4,"worker_id":"df58b881-cdc4-41a4-a0d6-84cf2cb8b1a7-27064","study_id":0,"datetime_start":"2026-07-14T11:41:52.740386"}
{"op_code":8,"worker_id":"2a105755-67ac-4a4e-8f2d-153397fce64d-29612","trial_id":69,"user_attr":{"deflated_objective":-2.0143659878709723}}
{"op_code":5,"worker_id":"df58b881-cdc4-41a4-a0d6-84cf2cb8b1a7-27064","trial_id":92,"param_name":"k_weight","param_value_internal":0.8639455468253188,"distribution":"{\"name\": \"FloatDistribution\", \"attributes\": {\"step\": null, \"low\": 0.0, \"high\": 1.5, \"log\": false}}"}
{"op_code":8,"worker_id":"24b89e0d-9e3d-4839-bf8c-7f2d0bafdf45-24340","trial_id":91,"user_attr":{"cv_oos_ics":[0.05784078687429428,-0.045052893459796906,-0.029380667954683304,0.01106952503323555,0.013852681033313274,0.02916017174720764,0.06553798168897629,0.009032638743519783,0.050639428198337555,0.026335347443819046,-0.013775610364973545,0.05551690235733986,0.005857511423528194,0.020442649722099304,0.02099653147161007]}}
{"op_code":8,"worker_id":"24b89e0d-9e3d-4839-bf8c-7f2d0bafdf45-24340","trial_id":91,"user_attr":{"reg_kappa":3.490878820362826}}
{"op_code":9,"worker_id":"2a105755-67ac-4a4e-8f2d-153397fce64d-29612","trial_id":69,"system_attr":{"constraints":[-0.025158750225511117,-0.042216040917046005,0.0,0.06696969696969696,-0.12017300434938724,-31.0,-8.0,0.00788937894250987,0.09999999999999998,-1437.5374961698708,-0.0016666666666666496,0.005421146953404954]}}
{"op_code":8,"worker_id":"0086d632-805a-41cb-b52a-be1e7b720e5e-11668","trial_id":90,"user_attr":{"raw_metrics":[0.2902229275555112,0.040530257672026886,0.6,0.026747495969286505,0.1878787878787879,0.10343450711157125,-0.24901259078841306,-0.38987496495246887,0.44749999999999995]}}
{"op_code":5,"worker_id":"df58b881-cdc4-41a4-a0d6-84cf2cb8b1a7-27064","trial_id":92,"param_name":"unified_alpha","param_value_internal":0.010768423296987174,"distribution":"{\"name\": \"FloatDistribution\", \"attributes\": {\"step\": null, \"low\": 1e-05, \"high\": 10.0, \"log\": true}}"}
{"op_code":8,"worker_id":"0086d632-805a-41cb-b52a-be1e7b720e5e-11668","trial_id":90,"user_attr":{"val_metrics":[0.09858802555744514,-0.2070922932325231,0.4666666666666667,0.07605892792033653,-6.801246256710881]}}
{"op_code":5,"worker_id":"df58b881-cdc4-41a4-a0d6-84cf2cb8b1a7-27064","trial_id":92,"param_name":"unified_rho","param_value_internal":0.28212769090282785,"distribution":"{\"name\": \"FloatDistribution\", \"attributes\": {\"step\": null, \"low\": 0.0, \"high\": 1.0, \"log\": false}}"}
{"op_code":5,"worker_id":"df58b881-cdc4-41a4-a0d6-84cf2cb8b1a7-27064","trial_id":92,"param_name":"unified_gamma","param_value_internal":7335.947481630752,"distribution":"{\"name\": \"FloatDistribution\", \"attributes\": {\"step\": null, \"low\": 1.5, \"high\": 10000.0, \"log\": true}}"}
{"op_code":8,"worker_id":"0086d632-805a-41cb-b52a-be1e7b720e5e-11668","trial_id":90,"user_attr":{"deflated_objective":-2.0640134724898083}}
{"op_code":5,"worker_id":"df58b881-cdc4-41a4-a0d6-84cf2cb8b1a7-27064","trial_id":92,"param_name":"huber_delta","param_value_internal":1.2389364416102908,"distribution":"{\"name\": \"FloatDistribution\", \"attributes\": {\"step\": null, \"low\": 0.5, \"high\": 5.0, \"log\": false}}"}
{"op_code":9,"worker_id":"0086d632-805a-41cb-b52a-be1e7b720e5e-11668","trial_id":90,"system_attr":{"constraints":[-0.026747495969286505,-0.040530257672026886,0.0,0.062121212121212105,-0.10343450711157125,-36.0,-7.0,0.040146600924589534,0.09999999999999998,-1418.420225840139,0.0025000000000000577,0.017428315412186368]}}
{"op_code":8,"worker_id":"ba749a05-b39a-4b0f-857b-fdf6b927fd72-27448","trial_id":75,"user_attr":{"constraints":[-0.029025538572531616,-0.03450557653359,0.0,0.07909090909090907,-0.09234117607458683,-37.0,-5.0,-0.03512537272973705,-0.09999999999999998,-1425.05778375122,0.0016666666666666496,0.04749103942652333]}}
{"op_code":6,"worker_id":"0086d632-805a-41cb-b52a-be1e7b720e5e-11668","trial_id":90,"state":1,"values":[-1.3830376116154879],"datetime_complete":"2026-07-14T11:41:52.764428"}
{"op_code":8,"worker_id":"ba749a05-b39a-4b0f-857b-fdf6b927fd72-27448","trial_id":75,"user_attr":{"pruned_reasons":["M5 (Monotonicity <= 0.25)","Yearly Daily Win Rate (44.83% < 45%)","Side-specific Yearly Daily Win Rate (40.25% < 45%)"]}}
{"op_code":8,"worker_id":"ba749a05-b39a-4b0f-857b-fdf6b927fd72-27448","trial_id":75,"user_attr":{"gini":0.5291296205457916}}
{"op_code":8,"worker_id":"ba749a05-b39a-4b0f-857b-fdf6b927fd72-27448","trial_id":75,"user_attr":{"cv_is_ics":[0.0991990938782692,0.10421044379472733,0.1078873798251152,0.11153661459684372,0.08813303709030151,0.07666505128145218,0.08758991956710815,0.09609314799308777,0.09588939696550369,0.08399943262338638,0.07222813367843628,0.04770524054765701,0.08443424105644226,0.05855979397892952,0.08327920734882355]}}
{"op_code":8,"worker_id":"ba749a05-b39a-4b0f-857b-fdf6b927fd72-27448","trial_id":75,"user_attr":{"cv_oos_ics":[0.06257955729961395,-0.018457533791661263,-0.033856481313705444,0.009797879494726658,0.02967764250934124,0.02433738298714161,0.06398017704486847,0.013072376139461994,0.03640903905034065,0.020263247191905975,-0.012532085180282593,0.08181526511907578,0.0006708454457111657,0.031117629259824753,0.021942514926195145]}}
{"op_code":8,"worker_id":"ba749a05-b39a-4b0f-857b-fdf6b927fd72-27448","trial_id":75,"user_attr":{"reg_kappa":3.3928960278326223}}
{"op_code":8,"worker_id":"ba749a05-b39a-4b0f-857b-fdf6b927fd72-27448","trial_id":75,"user_attr":{"raw_metrics":[0.29965409580946195,0.03450557653359,0.6,0.029025538572531616,0.17090909090909093,0.09234117607458683,-0.21259182246818145,-0.26117822527885437,0.44833333333333336]}}
{"op_code":8,"worker_id":"ba749a05-b39a-4b0f-857b-fdf6b927fd72-27448","trial_id":75,"user_attr":{"val_metrics":[0.06346371563244144,-0.14141547710579327,0.38181818181818183,-0.04588882290137311,-8.11892537427486]}}
{"op_code":8,"worker_id":"ba749a05-b39a-4b0f-857b-fdf6b927fd72-27448","trial_id":75,"user_attr":{"deflated_objective":-2.5765321096047233}}
{"op_code":9,"worker_id":"ba749a05-b39a-4b0f-857b-fdf6b927fd72-27448","trial_id":75,"system_attr":{"constraints":[-0.029025538572531616,-0.03450557653359,0.0,0.07909090909090907,-0.09234117607458683,-37.0,-5.0,-0.03512537272973705,-0.09999999999999998,-1425.05778375122,0.0016666666666666496,0.04749103942652333]}}
{"op_code":6,"worker_id":"ba749a05-b39a-4b0f-857b-fdf6b927fd72-27448","trial_id":75,"state":1,"values":[-1.8958358116164569],"datetime_complete":"2026-07-14T11:41:52.783478"}
{"op_code":8,"worker_id":"24b89e0d-9e3d-4839-bf8c-7f2d0bafdf45-24340","trial_id":91,"user_attr":{"raw_metrics":[0.27420068071161313,0.03363419288167319,0.6,0.024704157522900963,0.21454545454545454,0.13835848970723325,-0.24540123489776236,-0.3784414529800415,0.44257575757575757]}}
{"op_code":6,"worker_id":"2a105755-67ac-4a4e-8f2d-153397fce64d-29612","trial_id":69,"state":1,"values":[-1.3269706025943553],"datetime_complete":"2026-07-14T11:41:52.751895"}
{"op_code":8,"worker_id":"24b89e0d-9e3d-4839-bf8c-7f2d0bafdf45-24340","trial_id":91,"user_attr":{"val_metrics":[0.09926541453371186,-0.1461396885894007,0.38181818181818183,0.04533705378261705,-6.265050958021402]}}
{"op_code":8,"worker_id":"24b89e0d-9e3d-4839-bf8c-7f2d0bafdf45-24340","trial_id":91,"user_attr":{"deflated_objective":-1.8225609291125013}}
{"op_code":9,"worker_id":"24b89e0d-9e3d-4839-bf8c-7f2d0bafdf45-24340","trial_id":91,"system_attr":{"constraints":[-0.024704157522900963,-0.03363419288167319,0.0,0.03545454545454546,-0.13835848970723325,-36.0,-7.0,0.0026091508966271824,0.09999999999999998,-1414.5555956364242,0.007424242424242444,0.029435483870967782]}}
{"op_code":6,"worker_id":"24b89e0d-9e3d-4839-bf8c-7f2d0bafdf45-24340","trial_id":91,"state":1,"values":[-1.1525955598927131],"datetime_complete":"2026-07-14T11:41:52.796759"}
{"op_code":8,"worker_id":"df58b881-cdc4-41a4-a0d6-84cf2cb8b1a7-27064","trial_id":92,"user_attr":{"constraints":[-0.012026306481208721,0.01766263561167796,0.19999999999999996,0.05727272727272728,-0.06693728111802852,-66.0,-7.0,0.06158685793410651,0.09999999999999998,-1300.2369002728292,0.04568181818181821,0.03499103942652332]}}
{"op_code":8,"worker_id":"df58b881-cdc4-41a4-a0d6-84cf2cb8b1a7-27064","trial_id":92,"user_attr":{"pruned_reasons":["M2 (Yearly Tail IC Mean <= 0)","M3 (Hit Rate < 60%)","M5 (Monotonicity <= 0.25)","Side-specific Yearly Tail IC Mean (-0.0616 <= 0)","Side-specific Hit Rate (40.00% < 50%)","Yearly Daily Win Rate (40.43% < 45%)","Side-specific Yearly Daily Win Rate (41.50% < 45%)"]}}
{"op_code":8,"worker_id":"df58b881-cdc4-41a4-a0d6-84cf2cb8b1a7-27064","trial_id":92,"user_attr":{"gini":0.4797919026263793}}
{"op_code":8,"worker_id":"df58b881-cdc4-41a4-a0d6-84cf2cb8b1a7-27064","trial_id":92,"user_attr":{"cv_is_ics":[0.1094588190317154,0.12515676021575928,0.1196269690990448,0.1075427457690239,0.10015115141868591,0.085710309445858,0.09018495678901672,0.101727694272995,0.09897039830684662,0.10539140552282333,0.08099963515996933,0.0792507454752922,0.08100206404924393,0.061155691742897034,0.08456387370824814]}}
{"op_code":8,"worker_id":"df58b881-cdc4-41a4-a0d6-84cf2cb8b1a7-27064","trial_id":92,"user_attr":{"cv_oos_ics":[0.05812481418251991,-0.060313958674669266,-0.037615180015563965,0.010452067479491234,0.001377900131046772,0.008937995880842209,0.06488237529993057,-0.005227099638432264,0.04275299236178398,0.01878626085817814,-0.025249922648072243,0.011615264229476452,0.003654057625681162,0.015249908901751041,-0.004527365788817406]}}
{"op_code":8,"worker_id":"df58b881-cdc4-41a4-a0d6-84cf2cb8b1a7-27064","trial_id":92,"user_attr":{"reg_kappa":3.219978389280249}}
{"op_code":8,"worker_id":"df58b881-cdc4-41a4-a0d6-84cf2cb8b1a7-27064","trial_id":92,"user_attr":{"raw_metrics":[-0.14209656815534286,-0.01766263561167796,0.4,0.012026306481208721,0.19272727272727272,0.06693728111802852,-0.15331086528999216,-0.2403503954410553,0.4043181818181818]}}
{"op_code":8,"worker_id":"df58b881-cdc4-41a4-a0d6-84cf2cb8b1a7-27064","trial_id":92,"user_attr":{"val_metrics":[0.08419055951135783,-0.033481648846172635,0.44242424242424244,0.054654151347155365,-8.560927096386346]}}
{"op_code":8,"worker_id":"df58b881-cdc4-41a4-a0d6-84cf2cb8b1a7-27064","trial_id":92,"user_attr":{"deflated_objective":-2.693723571904167}}
{"op_code":9,"worker_id":"df58b881-cdc4-41a4-a0d6-84cf2cb8b1a7-27064","trial_id":92,"system_attr":{"constraints":[-0.012026306481208721,0.01766263561167796,0.19999999999999996,0.05727272727272728,-0.06693728111802852,-66.0,-7.0,0.06158685793410651,0.09999999999999998,-1300.2369002728292,0.04568181818181821,0.03499103942652332]}}
{"op_code":6,"worker_id":"df58b881-cdc4-41a4-a0d6-84cf2cb8b1a7-27064","trial_id":92,"state":1,"values":[-2.0213296786961554],"datetime_complete":"2026-07-14T11:41:52.825640"}
{"op_code":8,"worker_id":"e0fc02c7-99c4-4200-94e5-72bff28b7a5b-6576","trial_id":20,"user_attr":{"pruned_reasons":["M5 (Monotonicity <= 0.25)","Side-specific Yearly Tail IC Mean (-0.0032 <= 0)","Yearly Daily Win Rate (43.58% < 45%)","Side-specific Yearly Daily Win Rate (41.36% < 45%)"]}}
{"op_code":8,"worker_id":"e0fc02c7-99c4-4200-94e5-72bff28b7a5b-6576","trial_id":20,"user_attr":{"gini":0.4599765217326852}}
{"op_code":8,"worker_id":"e0fc02c7-99c4-4200-94e5-72bff28b7a5b-6576","trial_id":20,"user_attr":{"cv_is_ics":[0.10451171547174454,0.10974682867527008,0.11928535252809525,0.10868300497531891,0.10405346751213074,0.08908691257238388,0.08084002882242203,0.1041589081287384,0.08905790746212006,0.09046575427055359,0.07864947617053986,0.06209756061434746,0.07651868462562561,0.06330077350139618,0.08463362604379654]}}
{"op_code":8,"worker_id":"e0fc02c7-99c4-4200-94e5-72bff28b7a5b-6576","trial_id":20,"user_attr":{"cv_oos_ics":[0.04378192871809006,-0.0336456261575222,-0.04530014842748642,0.01010297704488039,0.003909414168447256,0.02794261835515499,0.06597164273262024,0.032383814454078674,0.0515621192753315,0.028494931757450104,0.011294628493487835,0.05888574942946434,0.014352704398334026,0.011822945438325405,0.02217809297144413]}}
{"op_code":8,"worker_id":"e0fc02c7-99c4-4200-94e5-72bff28b7a5b-6576","trial_id":20,"user_attr":{"reg_kappa":3.0510418779308885}}
{"op_code":8,"worker_id":"e0fc02c7-99c4-4200-94e5-72bff28b7a5b-6576","trial_id":20,"user_attr":{"raw_metrics":[0.2391739168917506,0.02346059600977548,0.6,0.018792172029605304,0.02060606060606062,0.00205877644535621,-0.11489905630885595,-0.22049598395824432,0.43583333333333335]}}
{"op_code":8,"worker_id":"e0fc02c7-99c4-4200-94e5-72bff28b7a5b-6576","trial_id":20,"user_attr":{"val_metrics":[0.1218112169644618,-0.042142666745749,0.7333333333333333,0.12192093866256376,-6.804658554337756]}}
{"op_code":8,"worker_id":"e0fc02c7-99c4-4200-94e5-72bff28b7a5b-6576","trial_id":20,"user_attr":{"deflated_objective":-1.9589441063925026}}
{"op_code":4,"worker_id":"ce5233fa-2820-4983-9d0b-70d1b05517b5-8436","study_id":0,"datetime_start":"2026-07-14T11:41:50.827214"}
{"op_code":9,"worker_id":"e0fc02c7-99c4-4200-94e5-72bff28b7a5b-6576","trial_id":20,"system_attr":{"constraints":[-0.018792172029605304,-0.02346059600977548,0.0,0.22939393939393937,-0.00205877644535621,-100.0,-8.0,0.0031636848287702165,-0.09999999999999998,-1217.3798091047352,0.01416666666666666,0.03637992831541226]}}
{"op_code":6,"worker_id":"e0fc02c7-99c4-4200-94e5-72bff28b7a5b-6576","trial_id":20,"state":1,"values":[-1.28943369427352],"datetime_complete":"2026-07-14T11:41:52.861594"}
{"op_code":8,"worker_id":"516cc1e1-8644-4fbd-ae97-be17c429732e-14384","trial_id":9,"user_attr":{"constraints":[0.001680989430256872,0.04330939299337202,0.39999999999999997,0.3009090909090909,0.11299034715887335,-126.0,5.0,-0.03063044136515075,0.3,-1189.1512180863756,0.06893939393939397,0.11236559139784946]}}
{"op_code":5,"worker_id":"ce5233fa-2820-4983-9d0b-70d1b05517b5-8436","trial_id":93,"param_name":"k_weight","param_value_internal":1.082616774284559,"distribution":"{\"name\": \"FloatDistribution\", \"attributes\": {\"step\": null, \"low\": 0.0, \"high\": 1.5, \"log\": false}}"}
{"op_code":5,"worker_id":"ce5233fa-2820-4983-9d0b-70d1b05517b5-8436","trial_id":93,"param_name":"unified_alpha","param_value_internal":0.0014675125841973739,"distribution":"{\"name\": \"FloatDistribution\", \"attributes\": {\"step\": null, \"low\": 1e-05, \"high\": 10.0, \"log\": true}}"}
{"op_code":5,"worker_id":"ce5233fa-2820-4983-9d0b-70d1b05517b5-8436","trial_id":93,"param_name":"unified_rho","param_value_internal":0.17992510216422494,"distribution":"{\"name\": \"FloatDistribution\", \"attributes\": {\"step\": null, \"low\": 0.0, \"high\": 1.0, \"log\": false}}"}
{"op_code":8,"worker_id":"516cc1e1-8644-4fbd-ae97-be17c429732e-14384","trial_id":9,"user_attr":{"pruned_reasons":["M4 (Overall IC <= 0)","M2 (Yearly Tail IC Mean <= 0)","M3 (Hit Rate < 60%)","M5 (Monotonicity <= 0.25)","M6 (Top-Bottom Spread <= 0)","Active features count (0) is less than active feature floor (5)","Side-specific Hit Rate (20.00% < 50%)","Yearly Daily Win Rate (38.11% < 45%)","Side-specific Yearly Daily Win Rate (33.76% < 45%)"]}}
{"op_code":5,"worker_id":"ce5233fa-2820-4983-9d0b-70d1b05517b5-8436","trial_id":93,"param_name":"unified_gamma","param_value_internal":3680.5921323341236,"distribution":"{\"name\": \"FloatDistribution\", \"attributes\": {\"step\": null, \"low\": 1.5, \"high\": 10000.0, \"log\": true}}"}
{"op_code":8,"worker_id":"516cc1e1-8644-4fbd-ae97-be17c429732e-14384","trial_id":9,"user_attr":{"gini":0.0}}
{"op_code":5,"worker_id":"ce5233fa-2820-4983-9d0b-70d1b05517b5-8436","trial_id":93,"param_name":"huber_delta","param_value_internal":2.329515749920186,"distribution":"{\"name\": \"FloatDistribution\", \"attributes\": {\"step\": null, \"low\": 0.5, \"high\": 5.0, \"log\": false}}"}
{"op_code":8,"worker_id":"516cc1e1-8644-4fbd-ae97-be17c429732e-14384","trial_id":9,"user_attr":{"cv_is_ics":[0.0,0.0,0.0,0.0,0.0,0.0,0.0,0.0,0.0,0.0,0.0,0.0,0.0,0.0,0.0]}}
{"op_code":8,"worker_id":"516cc1e1-8644-4fbd-ae97-be17c429732e-14384","trial_id":9,"user_attr":{"cv_oos_ics":[0.0,0.0,0.0,0.0,0.0,0.0,0.0,0.0,0.0,0.0,0.0,0.0,0.0,0.0,0.0]}}
{"op_code":8,"worker_id":"f3458b6d-58c0-44e1-a1ae-0f149211cccf-8896","trial_id":59,"user_attr":{"deflated_objective":-1.7019554464386222}}
{"op_code":8,"worker_id":"516cc1e1-8644-4fbd-ae97-be17c429732e-14384","trial_id":9,"user_attr":{"reg_kappa":1.2702678145034008}}
{"op_code":8,"worker_id":"516cc1e1-8644-4fbd-ae97-be17c429732e-14384","trial_id":9,"user_attr":{"raw_metrics":[-0.4599113172008056,-0.04330939299337202,0.2,-0.001680989430256872,-0.050909090909090904,-0.11299034715887335,-0.0,-0.0,0.38106060606060604]}}
{"op_code":8,"worker_id":"516cc1e1-8644-4fbd-ae97-be17c429732e-14384","trial_id":9,"user_attr":{"val_metrics":[0.0,0.0,0.12727272727272726,0.09160962854822477,-4.432025928359728]}}
{"op_code":9,"worker_id":"f3458b6d-58c0-44e1-a1ae-0f149211cccf-8896","trial_id":59,"system_attr":{"constraints":[-0.023286419539498136,-0.053673291649852684,0.0,0.1712121212121212,-0.14529411736187964,-46.0,-7.0,-0.08157500140422343,-0.30000000000000004,-1370.1361171397996,-0.009999999999999953,0.029032258064516092]}}
{"op_code":6,"worker_id":"f3458b6d-58c0-44e1-a1ae-0f149211cccf-8896","trial_id":59,"state":1,"values":[-0.8287216691167506],"datetime_complete":"2026-07-14T11:41:52.891125"}
{"op_code":4,"worker_id":"f3458b6d-58c0-44e1-a1ae-0f149211cccf-8896","study_id":0,"datetime_start":"2026-07-14T11:41:52.892898"}
{"op_code":8,"worker_id":"516cc1e1-8644-4fbd-ae97-be17c429732e-14384","trial_id":9,"user_attr":{"deflated_objective":-1.070012416304119}}
{"op_code":9,"worker_id":"516cc1e1-8644-4fbd-ae97-be17c429732e-14384","trial_id":9,"system_attr":{"constraints":[0.001680989430256872,0.04330939299337202,0.39999999999999997,0.3009090909090909,0.11299034715887335,-126.0,5.0,-0.03063044136515075,0.3,-1189.1512180863756,0.06893939393939397,0.11236559139784946]}}
{"op_code":6,"worker_id":"516cc1e1-8644-4fbd-ae97-be17c429732e-14384","trial_id":9,"state":1,"values":[-0.39631075957582834],"datetime_complete":"2026-07-14T11:41:52.898230"}
{"op_code":5,"worker_id":"f3458b6d-58c0-44e1-a1ae-0f149211cccf-8896","trial_id":94,"param_name":"k_weight","param_value_internal":1.207254842567107,"distribution":"{\"name\": \"FloatDistribution\", \"attributes\": {\"step\": null, \"low\": 0.0, \"high\": 1.5, \"log\": false}}"}
{"op_code":5,"worker_id":"f3458b6d-58c0-44e1-a1ae-0f149211cccf-8896","trial_id":94,"param_name":"unified_alpha","param_value_internal":0.10440296158789204,"distribution":"{\"name\": \"FloatDistribution\", \"attributes\": {\"step\": null, \"low\": 1e-05, \"high\": 10.0, \"log\": true}}"}
{"op_code":5,"worker_id":"f3458b6d-58c0-44e1-a1ae-0f149211cccf-8896","trial_id":94,"param_name":"unified_rho","param_value_internal":0.34508380358134516,"distribution":"{\"name\": \"FloatDistribution\", \"attributes\": {\"step\": null, \"low\": 0.0, \"high\": 1.0, \"log\": false}}"}
{"op_code":5,"worker_id":"f3458b6d-58c0-44e1-a1ae-0f149211cccf-8896","trial_id":94,"param_name":"unified_gamma","param_value_internal":3874.9809154794257,"distribution":"{\"name\": \"FloatDistribution\", \"attributes\": {\"step\": null, \"low\": 1.5, \"high\": 10000.0, \"log\": true}}"}
{"op_code":5,"worker_id":"f3458b6d-58c0-44e1-a1ae-0f149211cccf-8896","trial_id":94,"param_name":"huber_delta","param_value_internal":2.352030624828723,"distribution":"{\"name\": \"FloatDistribution\", \"attributes\": {\"step\": null, \"low\": 0.5, \"high\": 5.0, \"log\": false}}"}
{"op_code":8,"worker_id":"ce5233fa-2820-4983-9d0b-70d1b05517b5-8436","trial_id":93,"user_attr":{"constraints":[-0.022197520372726227,-0.04638866016805705,0.0,0.11787878787878786,-0.10817189980187811,-50.0,-8.0,-0.012097335882914634,0.09999999999999998,-1347.3822101631727,-0.006666666666666654,0.024372759856630843]}}
{"op_code":8,"worker_id":"ce5233fa-2820-4983-9d0b-70d1b05517b5-8436","trial_id":93,"user_attr":{"pruned_reasons":["M5 (Monotonicity <= 0.25)","Side-specific Hit Rate (40.00% < 50%)","Side-specific Yearly Daily Win Rate (42.56% < 45%)"]}}
{"op_code":8,"worker_id":"ce5233fa-2820-4983-9d0b-70d1b05517b5-8436","trial_id":93,"user_attr":{"gini":0.4552658350192309}}
{"op_code":8,"worker_id":"ce5233fa-2820-4983-9d0b-70d1b05517b5-8436","trial_id":93,"user_attr":{"cv_is_ics":[0.10053663700819016,0.11133605241775513,0.12054223567247391,0.10925682634115219,0.10099325329065323,0.08195258677005768,0.07720649242401123,0.09796708077192307,0.08255330473184586,0.08986309915781021,0.07890424132347107,0.060211919248104095,0.07725820690393448,0.0634772777557373,0.07334817945957184]}}
{"op_code":8,"worker_id":"ce5233fa-2820-4983-9d0b-70d1b05517b5-8436","trial_id":93,"user_attr":{"cv_oos_ics":[0.044779084622859955,-0.03585221245884895,-0.03786689043045044,0.01066362950950861,0.010394944809377193,0.03911684453487396,0.06448971480131149,0.0370682030916214,0.0548822358250618,0.02884949930012226,-0.0014988648472353816,0.06886983662843704,0.010987229645252228,0.018192730844020844,0.03229144588112831]}}
{"op_code":8,"worker_id":"ce5233fa-2820-4983-9d0b-70d1b05517b5-8436","trial_id":93,"user_attr":{"reg_kappa":3.3704296073351885}}
{"op_code":8,"worker_id":"ce5233fa-2820-4983-9d0b-70d1b05517b5-8436","trial_id":93,"user_attr":{"raw_metrics":[0.32627733866372616,0.04638866016805705,0.6,0.022197520372726227,0.13212121212121214,0.10817189980187811,-0.2034192794162459,-0.3858877420425415,0.45666666666666667]}}
{"op_code":8,"worker_id":"ce5233fa-2820-4983-9d0b-70d1b05517b5-8436","trial_id":93,"user_attr":{"val_metrics":[0.11714738206166368,-0.22325370588572604,0.6363636363636364,0.07479990114457906,-6.112045107053317]}}
{"op_code":8,"worker_id":"ce5233fa-2820-4983-9d0b-70d1b05517b5-8436","trial_id":93,"user_attr":{"deflated_objective":-1.761931978145269}}
{"op_code":9,"worker_id":"ce5233fa-2820-4983-9d0b-70d1b05517b5-8436","trial_id":93,"system_attr":{"constraints":[-0.022197520372726227,-0.04638866016805705,0.0,0.11787878787878786,-0.10817189980187811,-50.0,-8.0,-0.012097335882914634,0.09999999999999998,-1347.3822101631727,-0.006666666666666654,0.024372759856630843]}}
{"op_code":6,"worker_id":"ce5233fa-2820-4983-9d0b-70d1b05517b5-8436","trial_id":93,"state":1,"values":[-1.0949960842224284],"datetime_complete":"2026-07-14T11:41:52.945313"}
{"op_code":8,"worker_id":"f3458b6d-58c0-44e1-a1ae-0f149211cccf-8896","trial_id":94,"user_attr":{"constraints":[-0.02684556087901342,-0.029134926029429332,0.0,0.07424242424242425,-0.04170327502843071,-48.0,-3.0,-0.030602192053804954,-0.09999999999999998,-1377.1577398419392,-0.0008333333333332971,0.028136200716845916]}}
{"op_code":8,"worker_id":"f3458b6d-58c0-44e1-a1ae-0f149211cccf-8896","trial_id":94,"user_attr":{"pruned_reasons":["M5 (Monotonicity <= 0.25)","Side-specific Yearly Daily Win Rate (42.19% < 45%)"]}}
{"op_code":8,"worker_id":"f3458b6d-58c0-44e1-a1ae-0f149211cccf-8896","trial_id":94,"user_attr":{"gini":0.6067960218067643}}
{"op_code":8,"worker_id":"f3458b6d-58c0-44e1-a1ae-0f149211cccf-8896","trial_id":94,"user_attr":{"cv_is_ics":[0.08250665664672852,0.08847270905971527,0.1034909039735794,0.11401870846748352,0.07469158619642258,0.07459841668605804,0.08856551349163055,0.09318973869085312,0.09547505527734756,0.07399782538414001,0.06325790286064148,0.036628637462854385,0.0867200642824173,0.05517475679516792,0.0943288654088974]}}
{"op_code":8,"worker_id":"f3458b6d-58c0-44e1-a1ae-0f149211cccf-8896","trial_id":94,"user_attr":{"cv_oos_ics":[0.05322431027889252,-0.0021231684368103743,-0.03932375833392143,0.01561553031206131,0.03754657879471779,0.018419558182358742,0.05570864677429199,0.018383046612143517,0.018753942102193832,0.016780389472842216,-0.009411555714905262,0.0743950679898262,0.003230792935937643,0.03529578819870949,-0.0055134352296590805]}}
{"op_code":8,"worker_id":"f3458b6d-58c0-44e1-a1ae-0f149211cccf-8896","trial_id":94,"user_attr":{"reg_kappa":3.129621303080313}}
{"op_code":8,"worker_id":"f3458b6d-58c0-44e1-a1ae-0f149211cccf-8896","trial_id":94,"user_attr":{"raw_metrics":[0.3152902706071289,0.029134926029429332,0.6,0.02684556087901342,0.17575757575757575,0.04170327502843071,-0.14126631593575348,-0.1487228125333786,0.4508333333333333]}}
{"op_code":8,"worker_id":"f3458b6d-58c0-44e1-a1ae-0f149211cccf-8896","trial_id":94,"user_attr":{"val_metrics":[0.053233647271934706,-0.1929027193739505,0.4666666666666667,0.04107637297051648,-7.436976386525492]}}
{"op_code":8,"worker_id":"f3458b6d-58c0-44e1-a1ae-0f149211cccf-8896","trial_id":94,"user_attr":{"deflated_objective":-2.299184537610271}}
{"op_code":9,"worker_id":"f3458b6d-58c0-44e1-a1ae-0f149211cccf-8896","trial_id":94,"system_attr":{"constraints":[-0.02684556087901342,-0.029134926029429332,0.0,0.07424242424242425,-0.04170327502843071,-48.0,-3.0,-0.030602192053804954,-0.09999999999999998,-1377.1577398419392,-0.0008333333333332971,0.028136200716845916]}}
{"op_code":6,"worker_id":"f3458b6d-58c0-44e1-a1ae-0f149211cccf-8896","trial_id":94,"state":1,"values":[-1.6361892718011388],"datetime_complete":"2026-07-14T11:41:52.966750"}
{"op_code":8,"worker_id":"bc951769-7abe-4164-9c1c-681bd0281115-16052","trial_id":67,"user_attr":{"constraints":[-0.01698641652753783,-0.004775090340403794,0.19999999999999996,0.09363636363636363,-0.14411403107987436,-47.0,-8.0,0.013060541566234162,0.09999999999999998,-1359.4565274602037,0.014924242424242451,0.02853942652329755]}}
{"op_code":8,"worker_id":"bc951769-7abe-4164-9c1c-681bd0281115-16052","trial_id":67,"user_attr":{"pruned_reasons":["M3 (Hit Rate < 60%)","M5 (Monotonicity <= 0.25)","Side-specific Yearly Tail IC Mean (-0.0131 <= 0)","Side-specific Hit Rate (40.00% < 50%)","Yearly Daily Win Rate (43.51% < 45%)","Side-specific Yearly Daily Win Rate (42.15% < 45%)"]}}
{"op_code":8,"worker_id":"bc951769-7abe-4164-9c1c-681bd0281115-16052","trial_id":67,"user_attr":{"gini":0.455608306383229}}
{"op_code":8,"worker_id":"bc951769-7abe-4164-9c1c-681bd0281115-16052","trial_id":67,"user_attr":{"cv_is_ics":[0.11288122087717056,0.12437445670366287,0.12302068620920181,0.10847044736146927,0.10389973968267441,0.08599479496479034,0.08971480280160904,0.10117530822753906,0.09671290218830109,0.10504256933927536,0.07897195219993591,0.07606524974107742,0.08219397068023682,0.06309054046869278,0.07972388714551926]}}
{"op_code":8,"worker_id":"bc951769-7abe-4164-9c1c-681bd0281115-16052","trial_id":67,"user_attr":{"cv_oos_ics":[0.05703611299395561,-0.05786459520459175,-0.037552252411842346,0.010950646363198757,0.003074656706303358,0.017637450248003006,0.07097622007131577,-0.0013312981463968754,0.047348953783512115,0.02864059805870056,-0.023469887673854828,0.02694629319012165,0.006079892627894878,0.015986567363142967,0.0024046204052865505]}}
{"op_code":8,"worker_id":"bc951769-7abe-4164-9c1c-681bd0281115-16052","trial_id":67,"user_attr":{"reg_kappa":3.392326604737639}}
{"op_code":8,"worker_id":"bc951769-7abe-4164-9c1c-681bd0281115-16052","trial_id":67,"user_attr":{"raw_metrics":[0.04319222644470266,0.004775090340403794,0.4,0.01698641652753783,0.15636363636363637,0.14411403107987436,-0.21387208362411322,-0.3352116048336029,0.43507575757575756]}}
{"op_code":8,"worker_id":"bc951769-7abe-4164-9c1c-681bd0281115-16052","trial_id":67,"user_attr":{"val_metrics":[0.0989719579853408,-0.1467531832569363,0.6121212121212121,0.030776274449502435,-4.547704798877904]}}
{"op_code":8,"worker_id":"bc951769-7abe-4164-9c1c-681bd0281115-16052","trial_id":67,"user_attr":{"deflated_objective":-1.1155734397149673}}
{"op_code":9,"worker_id":"bc951769-7abe-4164-9c1c-681bd0281115-16052","trial_id":67,"system_attr":{"constraints":[-0.01698641652753783,-0.004775090340403794,0.19999999999999996,0.09363636363636363,-0.14411403107987436,-47.0,-8.0,0.013060541566234162,0.09999999999999998,-1359.4565274602037,0.014924242424242451,0.02853942652329755]}}
{"op_code":6,"worker_id":"bc951769-7abe-4164-9c1c-681bd0281115-16052","trial_id":67,"state":1,"values":[-0.4429015367978315],"datetime_complete":"2026-07-14T11:41:53.073885"}
{"op_code":5,"worker_id":"61934626-072e-4a03-b2e6-0dff9e0c83b2-20880","trial_id":38,"param_name":"unified_alpha","param_value_internal":6.23940755673198e-05,"distribution":"{\"name\": \"FloatDistribution\", \"attributes\": {\"step\": null, \"low\": 1e-05, \"high\": 10.0, \"log\": true}}"}
{"op_code":5,"worker_id":"61934626-072e-4a03-b2e6-0dff9e0c83b2-20880","trial_id":38,"param_name":"unified_rho","param_value_internal":0.7760317070807873,"distribution":"{\"name\": \"FloatDistribution\", \"attributes\": {\"step\": null, \"low\": 0.0, \"high\": 1.0, \"log\": false}}"}
{"op_code":5,"worker_id":"61934626-072e-4a03-b2e6-0dff9e0c83b2-20880","trial_id":38,"param_name":"unified_gamma","param_value_internal":387.71441252719757,"distribution":"{\"name\": \"FloatDistribution\", \"attributes\": {\"step\": null, \"low\": 1.5, \"high\": 10000.0, \"log\": true}}"}
{"op_code":5,"worker_id":"61934626-072e-4a03-b2e6-0dff9e0c83b2-20880","trial_id":38,"param_name":"huber_delta","param_value_internal":4.349461835872075,"distribution":"{\"name\": \"FloatDistribution\", \"attributes\": {\"step\": null, \"low\": 0.5, \"high\": 5.0, \"log\": false}}"}
{"op_code":8,"worker_id":"61934626-072e-4a03-b2e6-0dff9e0c83b2-20880","trial_id":38,"user_attr":{"constraints":[-0.018601253637655493,-0.028748128269967716,0.0,0.10333333333333333,-0.09017161956193225,-55.0,-8.0,0.06104347231481956,0.3,-1331.5639630628425,0.012424242424242393,0.029032258064516203]}}
{"op_code":8,"worker_id":"61934626-072e-4a03-b2e6-0dff9e0c83b2-20880","trial_id":38,"user_attr":{"pruned_reasons":["M5 (Monotonicity <= 0.25)","Side-specific Yearly Tail IC Mean (-0.0610 <= 0)","Side-specific Hit Rate (20.00% < 50%)","Yearly Daily Win Rate (43.76% < 45%)","Side-specific Yearly Daily Win Rate (42.10% < 45%)"]}}
{"op_code":8,"worker_id":"61934626-072e-4a03-b2e6-0dff9e0c83b2-20880","trial_id":38,"user_attr":{"gini":0.4054350719658173}}
{"op_code":8,"worker_id":"61934626-072e-4a03-b2e6-0dff9e0c83b2-20880","trial_id":38,"user_attr":{"cv_is_ics":[0.10028716176748276,0.1018679141998291,0.11472631990909576,0.10187970101833344,0.09519275277853012,0.08521533012390137,0.07694922387599945,0.09439822286367416,0.08366410434246063,0.08217465132474899,0.06783634424209595,0.04822385683655739,0.07258144021034241,0.06175488233566284,0.06864864379167557]}}
{"op_code":8,"worker_id":"61934626-072e-4a03-b2e6-0dff9e0c83b2-20880","trial_id":38,"user_attr":{"cv_oos_ics":[0.03609083965420723,-0.02827545814216137,-0.047612231224775314,0.0032213979866355658,0.0077009680680930614,0.03570229932665825,0.06471893191337585,0.038652632385492325,0.05834674462676048,0.020391128957271576,0.02366834506392479,0.07242649048566818,0.007352249696850777,0.012535749934613705,0.04930883273482323]}}
{"op_code":8,"worker_id":"61934626-072e-4a03-b2e6-0dff9e0c83b2-20880","trial_id":38,"user_attr":{"reg_kappa":3.3371790575188425}}
{"op_code":8,"worker_id":"61934626-072e-4a03-b2e6-0dff9e0c83b2-20880","trial_id":38,"user_attr":{"raw_metrics":[0.26908424782139745,0.028748128269967716,0.6,0.018601253637655493,0.14666666666666667,0.09017161956193225,-0.19027008870894438,-0.38333842158317566,0.4375757575757576]}}
{"op_code":8,"worker_id":"61934626-072e-4a03-b2e6-0dff9e0c83b2-20880","trial_id":38,"user_attr":{"val_metrics":[0.13499079899747024,-0.05735594662766989,0.3696969696969697,0.08774775564360122,-6.286628515556224]}}
{"op_code":8,"worker_id":"61934626-072e-4a03-b2e6-0dff9e0c83b2-20880","trial_id":38,"user_attr":{"deflated_objective":-1.792057592137787}}
{"op_code":9,"worker_id":"61934626-072e-4a03-b2e6-0dff9e0c83b2-20880","trial_id":38,"system_attr":{"constraints":[-0.018601253637655493,-0.028748128269967716,0.0,0.10333333333333333,-0.09017161956193225,-55.0,-8.0,0.06104347231481956,0.3,-1331.5639630628425,0.012424242424242393,0.029032258064516203]}}
{"op_code":6,"worker_id":"61934626-072e-4a03-b2e6-0dff9e0c83b2-20880","trial_id":38,"state":1,"values":[-1.123352668890619],"datetime_complete":"2026-07-14T11:41:53.175578"}
{"op_code":8,"worker_id":"ef0b5fbf-24e7-4b1e-9304-97665f564f2f-19068","trial_id":73,"user_attr":{"cv_is_ics":[0.10199928283691406,0.1110944002866745,0.11787165701389313,0.10868162661790848,0.09841158986091614,0.08029002696275711,0.07888808846473694,0.09462621808052063,0.0833824872970581,0.08851022273302078,0.07659191638231277,0.056964702904224396,0.078167624771595,0.06288725137710571,0.06783665716648102]}}
{"op_code":8,"worker_id":"ef0b5fbf-24e7-4b1e-9304-97665f564f2f-19068","trial_id":73,"user_attr":{"cv_oos_ics":[0.04572214186191559,-0.03654427081346512,-0.03564564138650894,0.0047863251529634,0.013530578464269638,0.039448969066143036,0.06549840420484543,0.0404341034591198,0.06554155051708221,0.026041334494948387,0.00215549161657691,0.07272163033485413,0.010119771584868431,0.024129468947649002,0.04105187952518463]}}
{"op_code":8,"worker_id":"ef0b5fbf-24e7-4b1e-9304-97665f564f2f-19068","trial_id":73,"user_attr":{"reg_kappa":3.594458270921785}}
{"op_code":8,"worker_id":"ef0b5fbf-24e7-4b1e-9304-97665f564f2f-19068","trial_id":73,"user_attr":{"raw_metrics":[0.24465081108470513,0.03603364328133416,0.6,0.024587476604385664,0.08121212121212121,0.09528400025016011,-0.29132125820632715,-0.4948371648788452,0.45166666666666666]}}
{"op_code":8,"worker_id":"ef0b5fbf-24e7-4b1e-9304-97665f564f2f-19068","trial_id":73,"user_attr":{"val_metrics":[0.11565098968900478,-0.10865144667731565,0.6484848484848484,0.08228196727422377,-8.168390613454196]}}
{"op_code":8,"worker_id":"ef0b5fbf-24e7-4b1e-9304-97665f564f2f-19068","trial_id":73,"user_attr":{"deflated_objective":-2.5410226518431025}}
{"op_code":9,"worker_id":"ef0b5fbf-24e7-4b1e-9304-97665f564f2f-19068","trial_id":73,"system_attr":{"constraints":[-0.024587476604385664,-0.03603364328133416,0.0,0.1687878787878788,-0.09528400025016011,-31.0,-8.0,-0.006243879417503709,0.09999999999999998,-1439.3089650384045,-0.0016666666666666496,0.024372759856630843]}}
{"op_code":6,"worker_id":"ef0b5fbf-24e7-4b1e-9304-97665f564f2f-19068","trial_id":73,"state":1,"values":[-1.8706309010469973],"datetime_complete":"2026-07-14T11:41:53.259295"}
{"op_code":4,"worker_id":"d669bae8-28f6-433d-ad3d-1c8d8b4e993f-23408","study_id":0,"datetime_start":"2026-07-14T11:41:50.259877"}
{"op_code":5,"worker_id":"d669bae8-28f6-433d-ad3d-1c8d8b4e993f-23408","trial_id":95,"param_name":"k_weight","param_value_internal":1.0644312973893364,"distribution":"{\"name\": \"FloatDistribution\", \"attributes\": {\"step\": null, \"low\": 0.0, \"high\": 1.5, \"log\": false}}"}
{"op_code":5,"worker_id":"8c102cdf-4a56-44ff-ab58-b33ceabca98c-7108","trial_id":8,"param_name":"k_weight","param_value_internal":0.6302744507111608,"distribution":"{\"name\": \"FloatDistribution\", \"attributes\": {\"step\": null, \"low\": 0.0, \"high\": 1.5, \"log\": false}}"}
{"op_code":5,"worker_id":"d669bae8-28f6-433d-ad3d-1c8d8b4e993f-23408","trial_id":95,"param_name":"unified_alpha","param_value_internal":0.10191039231723682,"distribution":"{\"name\": \"FloatDistribution\", \"attributes\": {\"step\": null, \"low\": 1e-05, \"high\": 10.0, \"log\": true}}"}
{"op_code":5,"worker_id":"d669bae8-28f6-433d-ad3d-1c8d8b4e993f-23408","trial_id":95,"param_name":"unified_rho","param_value_internal":0.34819993159193696,"distribution":"{\"name\": \"FloatDistribution\", \"attributes\": {\"step\": null, \"low\": 0.0, \"high\": 1.0, \"log\": false}}"}
{"op_code":5,"worker_id":"d669bae8-28f6-433d-ad3d-1c8d8b4e993f-23408","trial_id":95,"param_name":"unified_gamma","param_value_internal":2082.163585997562,"distribution":"{\"name\": \"FloatDistribution\", \"attributes\": {\"step\": null, \"low\": 1.5, \"high\": 10000.0, \"log\": true}}"}
{"op_code":5,"worker_id":"d669bae8-28f6-433d-ad3d-1c8d8b4e993f-23408","trial_id":95,"param_name":"huber_delta","param_value_internal":2.4829994950555214,"distribution":"{\"name\": \"FloatDistribution\", \"attributes\": {\"step\": null, \"low\": 0.5, \"high\": 5.0, \"log\": false}}"}
{"op_code":5,"worker_id":"8c102cdf-4a56-44ff-ab58-b33ceabca98c-7108","trial_id":8,"param_name":"unified_alpha","param_value_internal":0.001511600342996414,"distribution":"{\"name\": \"FloatDistribution\", \"attributes\": {\"step\": null, \"low\": 1e-05, \"high\": 10.0, \"log\": true}}"}
{"op_code":5,"worker_id":"8c102cdf-4a56-44ff-ab58-b33ceabca98c-7108","trial_id":8,"param_name":"unified_rho","param_value_internal":0.18487668776145172,"distribution":"{\"name\": \"FloatDistribution\", \"attributes\": {\"step\": null, \"low\": 0.0, \"high\": 1.0, \"log\": false}}"}
{"op_code":5,"worker_id":"8c102cdf-4a56-44ff-ab58-b33ceabca98c-7108","trial_id":8,"param_name":"unified_gamma","param_value_internal":143.8656504427553,"distribution":"{\"name\": \"FloatDistribution\", \"attributes\": {\"step\": null, \"low\": 1.5, \"high\": 10000.0, \"log\": true}}"}
{"op_code":5,"worker_id":"8c102cdf-4a56-44ff-ab58-b33ceabca98c-7108","trial_id":8,"param_name":"huber_delta","param_value_internal":0.5387245340394617,"distribution":"{\"name\": \"FloatDistribution\", \"attributes\": {\"step\": null, \"low\": 0.5, \"high\": 5.0, \"log\": false}}"}
{"op_code":4,"worker_id":"ab102925-db97-4a38-90b8-14091b3e9988-19176","study_id":0,"datetime_start":"2026-07-14T11:41:50.296376"}
{"op_code":5,"worker_id":"ab102925-db97-4a38-90b8-14091b3e9988-19176","trial_id":96,"param_name":"k_weight","param_value_internal":1.2300713742183105,"distribution":"{\"name\": \"FloatDistribution\", \"attributes\": {\"step\": null, \"low\": 0.0, \"high\": 1.5, \"log\": false}}"}
{"op_code":5,"worker_id":"ab102925-db97-4a38-90b8-14091b3e9988-19176","trial_id":96,"param_name":"unified_alpha","param_value_internal":0.06152530502327326,"distribution":"{\"name\": \"FloatDistribution\", \"attributes\": {\"step\": null, \"low\": 1e-05, \"high\": 10.0, \"log\": true}}"}
{"op_code":5,"worker_id":"ab102925-db97-4a38-90b8-14091b3e9988-19176","trial_id":96,"param_name":"unified_rho","param_value_internal":0.3533483747044475,"distribution":"{\"name\": \"FloatDistribution\", \"attributes\": {\"step\": null, \"low\": 0.0, \"high\": 1.0, \"log\": false}}"}
{"op_code":5,"worker_id":"ab102925-db97-4a38-90b8-14091b3e9988-19176","trial_id":96,"param_name":"unified_gamma","param_value_internal":990.5537071229128,"distribution":"{\"name\": \"FloatDistribution\", \"attributes\": {\"step\": null, \"low\": 1.5, \"high\": 10000.0, \"log\": true}}"}
{"op_code":5,"worker_id":"ab102925-db97-4a38-90b8-14091b3e9988-19176","trial_id":96,"param_name":"huber_delta","param_value_internal":2.549653172153995,"distribution":"{\"name\": \"FloatDistribution\", \"attributes\": {\"step\": null, \"low\": 0.5, \"high\": 5.0, \"log\": false}}"}
{"op_code":8,"worker_id":"d669bae8-28f6-433d-ad3d-1c8d8b4e993f-23408","trial_id":95,"user_attr":{"constraints":[-0.02588473908082638,-0.037031638151280084,0.0,0.1324242424242424,-0.03795989825824089,-57.0,-3.0,-0.0028387902676327683,-0.09999999999999998,-1343.543481722346,0.004166666666666596,0.009677419354838734]}}
{"op_code":8,"worker_id":"d669bae8-28f6-433d-ad3d-1c8d8b4e993f-23408","trial_id":95,"user_attr":{"pruned_reasons":["M5 (Monotonicity <= 0.25)","Yearly Daily Win Rate (44.58% < 45%)","Side-specific Yearly Daily Win Rate (44.03% < 45%)"]}}
{"op_code":8,"worker_id":"d669bae8-28f6-433d-ad3d-1c8d8b4e993f-23408","trial_id":95,"user_attr":{"gini":0.6209150541883246}}
{"op_code":8,"worker_id":"8c102cdf-4a56-44ff-ab58-b33ceabca98c-7108","trial_id":8,"user_attr":{"constraints":[0.0044611348562046595,0.056090464800389817,0.39999999999999997,0.2003030303030303,-0.047841404708949,-82.0,-8.0,0.07051175396052056,0.3,-1255.8197567313123,0.03484848484848485,0.05909498207885305]}}
{"op_code":8,"worker_id":"d669bae8-28f6-433d-ad3d-1c8d8b4e993f-23408","trial_id":95,"user_attr":{"cv_is_ics":[0.08706799894571304,0.08904841542243958,0.10280227661132812,0.11447235196828842,0.07402477413415909,0.07568896561861038,0.08943086117506027,0.0936066210269928,0.0967690646648407,0.07417880743741989,0.06380978226661682,0.03792751207947731,0.08815120160579681,0.0541209913790226,0.09494175016880035]}}
{"op_code":8,"worker_id":"d669bae8-28f6-433d-ad3d-1c8d8b4e993f-23408","trial_id":95,"user_attr":{"cv_oos_ics":[0.056756071746349335,-0.003708416596055031,-0.04063042625784874,0.01640183851122856,0.03847068175673485,0.02068726345896721,0.053941838443279266,0.017462484538555145,0.01730928011238575,0.015348429791629314,-0.006411991082131863,0.07306672632694244,0.003535463707521558,0.03381061553955078,-0.005386541597545147]}}
{"op_code":8,"worker_id":"d669bae8-28f6-433d-ad3d-1c8d8b4e993f-23408","trial_id":95,"user_attr":{"reg_kappa":3.0642033667652964}}
{"op_code":8,"worker_id":"8c102cdf-4a56-44ff-ab58-b33ceabca98c-7108","trial_id":8,"user_attr":{"pruned_reasons":["M4 (Overall IC <= 0)","M2 (Yearly Tail IC Mean <= 0)","M3 (Hit Rate < 60%)","M5 (Monotonicity <= 0.25)","Side-specific Yearly Tail IC Mean (-0.0705 <= 0)","Side-specific Hit Rate (20.00% < 50%)","Yearly Daily Win Rate (41.52% < 45%)","Side-specific Yearly Daily Win Rate (39.09% < 45%)"]}}
{"op_code":8,"worker_id":"d669bae8-28f6-433d-ad3d-1c8d8b4e993f-23408","trial_id":95,"user_attr":{"raw_metrics":[0.38744349997454464,0.037031638151280084,0.6,0.02588473908082638,0.1175757575757576,0.03795989825824089,-0.12302776788308081,-0.13798139989376068,0.4458333333333334]}}
{"op_code":8,"worker_id":"d669bae8-28f6-433d-ad3d-1c8d8b4e993f-23408","trial_id":95,"user_attr":{"val_metrics":[0.05255704504244645,-0.16237202654487212,0.15151515151515152,-0.03570325780970355,-7.660228402065594]}}
{"op_code":8,"worker_id":"8c102cdf-4a56-44ff-ab58-b33ceabca98c-7108","trial_id":8,"user_attr":{"gini":0.4015132981410252}}
{"op_code":8,"worker_id":"8c102cdf-4a56-44ff-ab58-b33ceabca98c-7108","trial_id":8,"user_attr":{"cv_is_ics":[0.11891922354698181,0.13375723361968994,0.11606791615486145,0.10769957304000854,0.10716459155082703,0.10048436373472214,0.10348989069461823,0.10566488653421402,0.1047108992934227,0.11509916931390762,0.09467153251171112,0.09786652028560638,0.08100537210702896,0.07273730635643005,0.10647133737802505]}}
{"op_code":8,"worker_id":"8c102cdf-4a56-44ff-ab58-b33ceabca98c-7108","trial_id":8,"user_attr":{"cv_oos_ics":[0.027818309143185616,-0.050424471497535706,-0.052855703979730606,-0.002506987191736698,-0.014231384731829166,-0.007843525148928165,0.03369731456041336,-0.02296692132949829,0.0327521413564682,0.015399525873363018,-0.006149876397103071,-0.016183702275156975,0.007228387985378504,0.006175704300403595,-0.024891547858715057]}}
{"op_code":8,"worker_id":"8c102cdf-4a56-44ff-ab58-b33ceabca98c-7108","trial_id":8,"user_attr":{"reg_kappa":3.1414439827989904}}
{"op_code":8,"worker_id":"8c102cdf-4a56-44ff-ab58-b33ceabca98c-7108","trial_id":8,"user_attr":{"raw_metrics":[-0.5972048113237013,-0.056090464800389817,0.2,-0.0044611348562046595,0.049696969696969705,0.047841404708949,-0.13629000979901187,-0.20011387765407562,0.41515151515151516]}}
{"op_code":8,"worker_id":"8c102cdf-4a56-44ff-ab58-b33ceabca98c-7108","trial_id":8,"user_attr":{"val_metrics":[0.06260773513746096,-0.27876535046673045,0.45454545454545453,0.10393828282443186,-3.5431595922335504]}}
{"op_code":8,"worker_id":"ab102925-db97-4a38-90b8-14091b3e9988-19176","trial_id":96,"user_attr":{"constraints":[-0.02741413085430099,-0.05426649394907966,-0.20000000000000007,0.05969696969696972,-0.09962504376802447,-45.0,-5.0,-0.0816120240598419,-0.30000000000000004,-1382.655965698247,0.0007575757575757902,0.0465949820788531]}}
{"op_code":8,"worker_id":"ab102925-db97-4a38-90b8-14091b3e9988-19176","trial_id":96,"user_attr":{"pruned_reasons":["M5 (Monotonicity <= 0.25)","Yearly Daily Win Rate (44.92% < 45%)","Side-specific Yearly Daily Win Rate (40.34% < 45%)"]}}
{"op_code":8,"worker_id":"d669bae8-28f6-433d-ad3d-1c8d8b4e993f-23408","trial_id":95,"user_attr":{"deflated_objective":-2.413071721095687}}
{"op_code":8,"worker_id":"ab102925-db97-4a38-90b8-14091b3e9988-19176","trial_id":96,"user_attr":{"gini":0.5077641933829768}}
{"op_code":9,"worker_id":"d669bae8-28f6-433d-ad3d-1c8d8b4e993f-23408","trial_id":95,"system_attr":{"constraints":[-0.02588473908082638,-0.037031638151280084,0.0,0.1324242424242424,-0.03795989825824089,-57.0,-3.0,-0.0028387902676327683,-0.09999999999999998,-1343.543481722346,0.004166666666666596,0.009677419354838734]}}
{"op_code":8,"worker_id":"ab102925-db97-4a38-90b8-14091b3e9988-19176","trial_id":96,"user_attr":{"cv_is_ics":[0.09304292500019073,0.10000333935022354,0.11324965208768845,0.11213459819555283,0.08904086798429489,0.08048965781927109,0.08796786516904831,0.10046718269586563,0.09448002278804779,0.0788068100810051,0.07408555597066879,0.04655493050813675,0.08635171502828598,0.056983914226293564,0.08606227487325668]}}
{"op_code":8,"worker_id":"ab102925-db97-4a38-90b8-14091b3e9988-19176","trial_id":96,"user_attr":{"cv_oos_ics":[0.04958363249897957,-0.011871788650751114,-0.039825186133384705,0.006560108624398708,0.023274824023246765,0.030636735260486603,0.06319159269332886,0.037030190229415894,0.04029233753681183,0.025404326617717743,-0.0007305889739654958,0.08807742595672607,0.013631602749228477,0.0272961538285017,0.03260352462530136]}}
{"op_code":8,"worker_id":"ab102925-db97-4a38-90b8-14091b3e9988-19176","trial_id":96,"user_attr":{"reg_kappa":3.2639866943310953}}
{"op_code":6,"worker_id":"d669bae8-28f6-433d-ad3d-1c8d8b4e993f-23408","trial_id":95,"state":1,"values":[-1.7448606126127815],"datetime_complete":"2026-07-14T11:41:53.398883"}
{"op_code":8,"worker_id":"ab102925-db97-4a38-90b8-14091b3e9988-19176","trial_id":96,"user_attr":{"raw_metrics":[0.565598331932523,0.05426649394907966,0.8,0.02741413085430099,0.19030303030303028,0.09962504376802447,-0.18059588982868108,-0.25951674580574036,0.4492424242424242]}}
{"op_code":8,"worker_id":"ab102925-db97-4a38-90b8-14091b3e9988-19176","trial_id":96,"user_attr":{"val_metrics":[0.09553544805696323,-0.32135313480070965,0.5151515151515151,0.01441463574456672,-7.550918690568599]}}
{"op_code":8,"worker_id":"ab102925-db97-4a38-90b8-14091b3e9988-19176","trial_id":96,"user_attr":{"deflated_objective":-2.3961199110016054}}
{"op_code":9,"worker_id":"ab102925-db97-4a38-90b8-14091b3e9988-19176","trial_id":96,"system_attr":{"constraints":[-0.02741413085430099,-0.05426649394907966,-0.20000000000000007,0.05969696969696972,-0.09962504376802447,-45.0,-5.0,-0.0816120240598419,-0.30000000000000004,-1382.655965698247,0.0007575757575757902,0.0465949820788531]}}
{"op_code":6,"worker_id":"ab102925-db97-4a38-90b8-14091b3e9988-19176","trial_id":96,"state":1,"values":[-1.7240676946533098],"datetime_complete":"2026-07-14T11:41:53.414057"}
{"op_code":8,"worker_id":"8c102cdf-4a56-44ff-ab58-b33ceabca98c-7108","trial_id":8,"user_attr":{"deflated_objective":-0.7944995881695789}}
{"op_code":9,"worker_id":"8c102cdf-4a56-44ff-ab58-b33ceabca98c-7108","trial_id":8,"system_attr":{"constraints":[0.0044611348562046595,0.056090464800389817,0.39999999999999997,0.2003030303030303,-0.047841404708949,-82.0,-8.0,0.07051175396052056,0.3,-1255.8197567313123,0.03484848484848485,0.05909498207885305]}}
{"op_code":6,"worker_id":"8c102cdf-4a56-44ff-ab58-b33ceabca98c-7108","trial_id":8,"state":1,"values":[-0.11328231909933345],"datetime_complete":"2026-07-14T11:41:53.433816"}
{"op_code":8,"worker_id":"ee0a872c-e83d-482f-b63c-7247ecca91ac-30084","trial_id":21,"user_attr":{"raw_metrics":[-0.4599113172008056,-0.04330939299337202,0.2,-0.001680989430256872,-0.050909090909090904,-0.11299034715887335,-0.0,-0.0,0.38106060606060604]}}
{"op_code":8,"worker_id":"ee0a872c-e83d-482f-b63c-7247ecca91ac-30084","trial_id":21,"user_attr":{"val_metrics":[0.0,0.0,0.12727272727272726,0.09160962854822477,-4.432025928359728]}}
{"op_code":8,"worker_id":"ee0a872c-e83d-482f-b63c-7247ecca91ac-30084","trial_id":21,"user_attr":{"deflated_objective":-1.0920246456737726}}
{"op_code":9,"worker_id":"ee0a872c-e83d-482f-b63c-7247ecca91ac-30084","trial_id":21,"system_attr":{"constraints":[0.001680989430256872,0.04330939299337202,0.39999999999999997,0.3009090909090909,0.11299034715887335,-109.0,5.0,-0.03063044136515075,0.3,-1226.4517259435706,0.06893939393939397,0.11236559139784946]}}
{"op_code":6,"worker_id":"ee0a872c-e83d-482f-b63c-7247ecca91ac-30084","trial_id":21,"state":1,"values":[-0.39631075957582834],"datetime_complete":"2026-07-14T11:41:53.678844"}
{"op_code":4,"worker_id":"c7c926ac-b41b-4599-9ce8-205793fd2b84-18156","study_id":0,"datetime_start":"2026-07-14T11:41:50.281617"}
{"op_code":5,"worker_id":"c7c926ac-b41b-4599-9ce8-205793fd2b84-18156","trial_id":97,"param_name":"k_weight","param_value_internal":1.2204796141335894,"distribution":"{\"name\": \"FloatDistribution\", \"attributes\": {\"step\": null, \"low\": 0.0, \"high\": 1.5, \"log\": false}}"}
{"op_code":5,"worker_id":"c7c926ac-b41b-4599-9ce8-205793fd2b84-18156","trial_id":97,"param_name":"unified_alpha","param_value_internal":0.09970686807674994,"distribution":"{\"name\": \"FloatDistribution\", \"attributes\": {\"step\": null, \"low\": 1e-05, \"high\": 10.0, \"log\": true}}"}
{"op_code":5,"worker_id":"c7c926ac-b41b-4599-9ce8-205793fd2b84-18156","trial_id":97,"param_name":"unified_rho","param_value_internal":0.26432860785668866,"distribution":"{\"name\": \"FloatDistribution\", \"attributes\": {\"step\": null, \"low\": 0.0, \"high\": 1.0, \"log\": false}}"}
{"op_code":5,"worker_id":"c7c926ac-b41b-4599-9ce8-205793fd2b84-18156","trial_id":97,"param_name":"unified_gamma","param_value_internal":951.5467902152925,"distribution":"{\"name\": \"FloatDistribution\", \"attributes\": {\"step\": null, \"low\": 1.5, \"high\": 10000.0, \"log\": true}}"}
{"op_code":5,"worker_id":"c7c926ac-b41b-4599-9ce8-205793fd2b84-18156","trial_id":97,"param_name":"huber_delta","param_value_internal":2.6023477003236697,"distribution":"{\"name\": \"FloatDistribution\", \"attributes\": {\"step\": null, \"low\": 0.5, \"high\": 5.0, \"log\": false}}"}
{"op_code":4,"worker_id":"88cf5419-0df9-4bb5-971d-3aa285cb899d-4680","study_id":0,"datetime_start":"2026-07-14T11:41:51.343716"}
{"op_code":8,"worker_id":"c7c926ac-b41b-4599-9ce8-205793fd2b84-18156","trial_id":97,"user_attr":{"constraints":[-0.027171315358505577,-0.0542602054184434,-0.20000000000000007,0.07424242424242425,-0.07913562523159985,-45.0,-5.0,0.009765384793847798,0.09999999999999998,-1380.4259184951088,-7.575757575756237e-05,0.01563620071684596]}}
{"op_code":8,"worker_id":"c7c926ac-b41b-4599-9ce8-205793fd2b84-18156","trial_id":97,"user_attr":{"pruned_reasons":["M5 (Monotonicity <= 0.25)","Side-specific Yearly Tail IC Mean (-0.0098 <= 0)","Side-specific Hit Rate (40.00% < 50%)","Side-specific Yearly Daily Win Rate (43.44% < 45%)"]}}
{"op_code":8,"worker_id":"c7c926ac-b41b-4599-9ce8-205793fd2b84-18156","trial_id":97,"user_attr":{"gini":0.5249321498029393}}
{"op_code":8,"worker_id":"c7c926ac-b41b-4599-9ce8-205793fd2b84-18156","trial_id":97,"user_attr":{"cv_is_ics":[0.09245157241821289,0.09630908817052841,0.10912974923849106,0.11120813339948654,0.08265875279903412,0.07912008464336395,0.08928468078374863,0.09668804705142975,0.09590605646371841,0.07705087959766388,0.07118625938892365,0.04384765774011612,0.08792771399021149,0.05491047725081444,0.09106583893299103]}}
{"op_code":8,"worker_id":"c7c926ac-b41b-4599-9ce8-205793fd2b84-18156","trial_id":97,"user_attr":{"cv_oos_ics":[0.05350947380065918,-0.0077427467331290245,-0.04046257212758064,0.008596422150731087,0.02851259522140026,0.02836931310594082,0.06070410832762718,0.03106234222650528,0.037726808339357376,0.02165822498500347,-0.0003664236865006387,0.08533944189548492,0.008106096647679806,0.030186044052243233,0.0259438157081604]}}
{"op_code":8,"worker_id":"c7c926ac-b41b-4599-9ce8-205793fd2b84-18156","trial_id":97,"user_attr":{"reg_kappa":3.117000663826685}}
{"op_code":8,"worker_id":"c7c926ac-b41b-4599-9ce8-205793fd2b84-18156","trial_id":97,"user_attr":{"raw_metrics":[0.5421192967315545,0.0542602054184434,0.8,0.027171315358505577,0.17575757575757575,0.07913562523159985,-0.17889573050773291,-0.21685221791267395,0.4500757575757576]}}
{"op_code":5,"worker_id":"88cf5419-0df9-4bb5-971d-3aa285cb899d-4680","trial_id":98,"param_name":"k_weight","param_value_internal":1.2360299244740813,"distribution":"{\"name\": \"FloatDistribution\", \"attributes\": {\"step\": null, \"low\": 0.0, \"high\": 1.5, \"log\": false}}"}
{"op_code":8,"worker_id":"c7c926ac-b41b-4599-9ce8-205793fd2b84-18156","trial_id":97,"user_attr":{"val_metrics":[0.09069852886290068,-0.13946389077539123,0.5878787878787879,0.018260426195338367,-8.101299266329761]}}
{"op_code":5,"worker_id":"88cf5419-0df9-4bb5-971d-3aa285cb899d-4680","trial_id":98,"param_name":"unified_alpha","param_value_internal":0.10749605276804663,"distribution":"{\"name\": \"FloatDistribution\", \"attributes\": {\"step\": null, \"low\": 1e-05, \"high\": 10.0, \"log\": true}}"}
{"op_code":5,"worker_id":"88cf5419-0df9-4bb5-971d-3aa285cb899d-4680","trial_id":98,"param_name":"unified_rho","param_value_internal":0.4251148164851214,"distribution":"{\"name\": \"FloatDistribution\", \"attributes\": {\"step\": null, \"low\": 0.0, \"high\": 1.0, \"log\": false}}"}
{"op_code":8,"worker_id":"c7c926ac-b41b-4599-9ce8-205793fd2b84-18156","trial_id":97,"user_attr":{"deflated_objective":-2.56260217441361}}
{"op_code":9,"worker_id":"c7c926ac-b41b-4599-9ce8-205793fd2b84-18156","trial_id":97,"system_attr":{"constraints":[-0.027171315358505577,-0.0542602054184434,-0.20000000000000007,0.07424242424242425,-0.07913562523159985,-45.0,-5.0,0.009765384793847798,0.09999999999999998,-1380.4259184951088,-7.575757575756237e-05,0.01563620071684596]}}
{"op_code":6,"worker_id":"c7c926ac-b41b-4599-9ce8-205793fd2b84-18156","trial_id":97,"state":1,"values":[-1.8646751919802655],"datetime_complete":"2026-07-14T11:41:54.396435"}
{"op_code":5,"worker_id":"88cf5419-0df9-4bb5-971d-3aa285cb899d-4680","trial_id":98,"param_name":"unified_gamma","param_value_internal":906.7917841933138,"distribution":"{\"name\": \"FloatDistribution\", \"attributes\": {\"step\": null, \"low\": 1.5, \"high\": 10000.0, \"log\": true}}"}
{"op_code":5,"worker_id":"88cf5419-0df9-4bb5-971d-3aa285cb899d-4680","trial_id":98,"param_name":"huber_delta","param_value_internal":2.0321656652736118,"distribution":"{\"name\": \"FloatDistribution\", \"attributes\": {\"step\": null, \"low\": 0.5, \"high\": 5.0, \"log\": false}}"}
{"op_code":8,"worker_id":"c9b5f226-ad42-4c01-bb7a-5950d0f5c488-22852","trial_id":13,"user_attr":{"cv_oos_ics":[0.04448537901043892,-0.03384154289960861,-0.044533632695674896,0.013338327407836914,0.0037461041938513517,0.035695385187864304,0.06509435921907425,0.032705143094062805,0.05250485613942146,0.02798580564558506,0.010226975195109844,0.060268525034189224,0.011193380691111088,0.010423732921481133,0.023360783234238625]}}
{"op_code":8,"worker_id":"88cf5419-0df9-4bb5-971d-3aa285cb899d-4680","trial_id":98,"user_attr":{"constraints":[-0.014172104817823059,-0.035153284655464564,-0.20000000000000007,0.14454545454545453,-0.009539122076938935,-50.0,0.0,-0.10927315564412336,-0.09999999999999998,-1384.2313409937733,0.009924242424242447,0.005421146953405065]}}
{"op_code":8,"worker_id":"88cf5419-0df9-4bb5-971d-3aa285cb899d-4680","trial_id":98,"user_attr":{"pruned_reasons":["M5 (Monotonicity <= 0.25)","Yearly Daily Win Rate (44.01% < 45%)","Side-specific Yearly Daily Win Rate (44.46% < 45%)"]}}
{"op_code":8,"worker_id":"88cf5419-0df9-4bb5-971d-3aa285cb899d-4680","trial_id":98,"user_attr":{"gini":0.7387210363918}}
{"op_code":8,"worker_id":"c9b5f226-ad42-4c01-bb7a-5950d0f5c488-22852","trial_id":13,"user_attr":{"reg_kappa":3.0999259326144983}}
{"op_code":8,"worker_id":"c9b5f226-ad42-4c01-bb7a-5950d0f5c488-22852","trial_id":13,"user_attr":{"raw_metrics":[0.2889601049364103,0.02848893771669626,0.6,0.01689751677419058,0.09818181818181818,0.003822304590851118,-0.12794279480809062,-0.25021034479141235,0.43166666666666664]}}
{"op_code":8,"worker_id":"c9b5f226-ad42-4c01-bb7a-5950d0f5c488-22852","trial_id":13,"user_attr":{"val_metrics":[0.11867367081190464,-0.060276194616477624,0.6121212121212121,0.1328140442290654,-6.523997467507506]}}
{"op_code":8,"worker_id":"88cf5419-0df9-4bb5-971d-3aa285cb899d-4680","trial_id":98,"user_attr":{"cv_is_ics":[0.06557345390319824,0.08049279451370239,0.09896157681941986,0.0730341300368309,0.056503161787986755,0.06895563751459122,0.0822201520204544,0.09125963598489761,0.08339249342679977,0.07351244240999222,0.059836845844984055,0.038482915610075,0.07997611165046692,0.06120198220014572,0.08259785920381546]}}
{"op_code":8,"worker_id":"88cf5419-0df9-4bb5-971d-3aa285cb899d-4680","trial_id":98,"user_attr":{"cv_oos_ics":[0.04806312546133995,0.007870346307754517,-0.035095810890197754,-0.0012356261722743511,0.05416380986571312,-0.0017386769177392125,0.052505046129226685,0.00596186937764287,-0.016390115022659302,0.011242680251598358,-0.00889650173485279,0.05559848994016647,0.0064363861456513405,0.03781784325838089,-0.013228800147771835]}}
{"op_code":8,"worker_id":"88cf5419-0df9-4bb5-971d-3aa285cb899d-4680","trial_id":98,"user_attr":{"reg_kappa":3.1717656956799076}}
{"op_code":8,"worker_id":"c9b5f226-ad42-4c01-bb7a-5950d0f5c488-22852","trial_id":13,"user_attr":{"deflated_objective":-1.891149355179719}}
{"op_code":8,"worker_id":"88cf5419-0df9-4bb5-971d-3aa285cb899d-4680","trial_id":98,"user_attr":{"raw_metrics":[0.4987090858128976,0.035153284655464564,0.8,0.014172104817823059,0.10545454545454547,0.009539122076938935,-0.09083087185218695,-0.08472005277872086,0.44007575757575756]}}
{"op_code":8,"worker_id":"88cf5419-0df9-4bb5-971d-3aa285cb899d-4680","trial_id":98,"user_attr":{"val_metrics":[0.03622811565520372,-0.1666887149048109,-0.05454545454545454,-0.0652337466335545,-7.878330146612276]}}
{"op_code":9,"worker_id":"c9b5f226-ad42-4c01-bb7a-5950d0f5c488-22852","trial_id":13,"system_attr":{"constraints":[-0.01689751677419058,-0.02848893771669626,0.0,0.15181818181818182,-0.003822304590851118,-88.0,-8.0,-0.01419025151472969,-0.09999999999999998,-1241.7397423413113,0.018333333333333368,0.03637992831541226]}}
{"op_code":6,"worker_id":"c9b5f226-ad42-4c01-bb7a-5950d0f5c488-22852","trial_id":13,"state":1,"values":[-1.1968576374354367],"datetime_complete":"2026-07-14T11:41:54.458969"}
{"op_code":8,"worker_id":"88cf5419-0df9-4bb5-971d-3aa285cb899d-4680","trial_id":98,"user_attr":{"deflated_objective":-2.555070260367349}}
{"op_code":9,"worker_id":"88cf5419-0df9-4bb5-971d-3aa285cb899d-4680","trial_id":98,"system_attr":{"constraints":[-0.014172104817823059,-0.035153284655464564,-0.20000000000000007,0.14454545454545453,-0.009539122076938935,-50.0,0.0,-0.10927315564412336,-0.09999999999999998,-1384.2313409937733,0.009924242424242447,0.005421146953405065]}}
{"op_code":6,"worker_id":"88cf5419-0df9-4bb5-971d-3aa285cb899d-4680","trial_id":98,"state":1,"values":[-1.856066939309094],"datetime_complete":"2026-07-14T11:41:54.464758"}
{"op_code":4,"worker_id":"88cf5419-0df9-4bb5-971d-3aa285cb899d-4680","study_id":0,"datetime_start":"2026-07-14T11:41:54.466783"}
{"op_code":5,"worker_id":"88cf5419-0df9-4bb5-971d-3aa285cb899d-4680","trial_id":99,"param_name":"k_weight","param_value_internal":1.1565807641359682,"distribution":"{\"name\": \"FloatDistribution\", \"attributes\": {\"step\": null, \"low\": 0.0, \"high\": 1.5, \"log\": false}}"}
{"op_code":5,"worker_id":"88cf5419-0df9-4bb5-971d-3aa285cb899d-4680","trial_id":99,"param_name":"unified_alpha","param_value_internal":0.059439200437795964,"distribution":"{\"name\": \"FloatDistribution\", \"attributes\": {\"step\": null, \"low\": 1e-05, \"high\": 10.0, \"log\": true}}"}
{"op_code":5,"worker_id":"88cf5419-0df9-4bb5-971d-3aa285cb899d-4680","trial_id":99,"param_name":"unified_rho","param_value_internal":0.31280214290577,"distribution":"{\"name\": \"FloatDistribution\", \"attributes\": {\"step\": null, \"low\": 0.0, \"high\": 1.0, \"log\": false}}"}
{"op_code":5,"worker_id":"88cf5419-0df9-4bb5-971d-3aa285cb899d-4680","trial_id":99,"param_name":"unified_gamma","param_value_internal":4086.6372098523498,"distribution":"{\"name\": \"FloatDistribution\", \"attributes\": {\"step\": null, \"low\": 1.5, \"high\": 10000.0, \"log\": true}}"}
{"op_code":5,"worker_id":"88cf5419-0df9-4bb5-971d-3aa285cb899d-4680","trial_id":99,"param_name":"huber_delta","param_value_internal":2.275557479883977,"distribution":"{\"name\": \"FloatDistribution\", \"attributes\": {\"step\": null, \"low\": 0.5, \"high\": 5.0, \"log\": false}}"}
{"op_code":8,"worker_id":"88cf5419-0df9-4bb5-971d-3aa285cb899d-4680","trial_id":99,"user_attr":{"constraints":[-0.026515381792010108,-0.0488415627438746,-0.20000000000000007,0.11787878787878789,-0.10902906438652667,-49.0,-5.0,-0.01439208115678704,-0.09999999999999998,-1364.816433196486,-0.0075757575757576245,0.02853942652329755]}}
{"op_code":8,"worker_id":"88cf5419-0df9-4bb5-971d-3aa285cb899d-4680","trial_id":99,"user_attr":{"pruned_reasons":["M5 (Monotonicity <= 0.25)","Side-specific Yearly Daily Win Rate (42.15% < 45%)"]}}
{"op_code":8,"worker_id":"88cf5419-0df9-4bb5-971d-3aa285cb899d-4680","trial_id":99,"user_attr":{"gini":0.5098495863507646}}
{"op_code":8,"worker_id":"88cf5419-0df9-4bb5-971d-3aa285cb899d-4680","trial_id":99,"user_attr":{"cv_is_ics":[0.09502265602350235,0.10409991443157196,0.11302002519369125,0.11218105256557465,0.09135362505912781,0.079238161444664,0.08912695199251175,0.1017034575343132,0.09534355998039246,0.08266126364469528,0.07441394031047821,0.05030778422951698,0.08454655110836029,0.057608261704444885,0.0862526148557663]}}
{"op_code":8,"worker_id":"88cf5419-0df9-4bb5-971d-3aa285cb899d-4680","trial_id":99,"user_attr":{"cv_oos_ics":[0.05296064168214798,-0.021732904016971588,-0.03637400269508362,0.00960767362266779,0.0233816746622324,0.02956385910511017,0.06621666252613068,0.025406567379832268,0.04234069585800171,0.024898730218410492,-0.007749239914119244,0.0784822404384613,0.011552579700946808,0.025689026340842247,0.025545351207256317]}}
{"op_code":8,"worker_id":"88cf5419-0df9-4bb5-971d-3aa285cb899d-4680","trial_id":99,"user_attr":{"reg_kappa":3.218311066209214}}
{"op_code":8,"worker_id":"88cf5419-0df9-4bb5-971d-3aa285cb899d-4680","trial_id":99,"user_attr":{"raw_metrics":[0.4653316254754613,0.0488415627438746,0.8,0.026515381792010108,0.1321212121212121,0.10902906438652667,-0.16804763982377255,-0.2456076741218567,0.45757575757575764]}}
{"op_code":8,"worker_id":"88cf5419-0df9-4bb5-971d-3aa285cb899d-4680","trial_id":99,"user_attr":{"val_metrics":[0.09248995127748762,-0.30720709045588485,0.6,0.06430838122653465,-6.853080408160048]}}
{"op_code":8,"worker_id":"88cf5419-0df9-4bb5-971d-3aa285cb899d-4680","trial_id":99,"user_attr":{"deflated_objective":-2.134951235623693}}
{"op_code":9,"worker_id":"88cf5419-0df9-4bb5-971d-3aa285cb899d-4680","trial_id":99,"system_attr":{"constraints":[-0.026515381792010108,-0.0488415627438746,-0.20000000000000007,0.11787878787878789,-0.10902906438652667,-49.0,-5.0,-0.01439208115678704,-0.09999999999999998,-1364.816433196486,-0.0075757575757576245,0.02853942652329755]}}
{"op_code":6,"worker_id":"88cf5419-0df9-4bb5-971d-3aa285cb899d-4680","trial_id":99,"state":1,"values":[-1.431093665174356],"datetime_complete":"2026-07-14T11:41:54.538448"}
