{"op_code":0,"worker_id":"3654f430-2e82-418f-a4a9-0d3a26639c6b-22948","study_name":"main_300ETF_short_r202509_sortino_armC","directions":[2]}
{"op_code":4,"worker_id":"aee1c38e-0506-4834-b32b-68c7f019582c-24340","study_id":0,"datetime_start":"2026-07-14T11:44:14.849614"}
{"op_code":5,"worker_id":"aee1c38e-0506-4834-b32b-68c7f019582c-24340","trial_id":0,"param_name":"k_weight","param_value_internal":0.17258184958466843,"distribution":"{\"name\": \"FloatDistribution\", \"attributes\": {\"step\": null, \"low\": 0.0, \"high\": 1.5, \"log\": false}}"}
{"op_code":4,"worker_id":"3dd2253f-c2a8-4359-84dc-5a4993287a62-29612","study_id":0,"datetime_start":"2026-07-14T11:44:14.851918"}
{"op_code":5,"worker_id":"3dd2253f-c2a8-4359-84dc-5a4993287a62-29612","trial_id":1,"param_name":"k_weight","param_value_internal":1.252263222998474,"distribution":"{\"name\": \"FloatDistribution\", \"attributes\": {\"step\": null, \"low\": 0.0, \"high\": 1.5, \"log\": false}}"}
{"op_code":4,"worker_id":"7b5a7f48-e471-4d32-9cb5-82f925249f92-19176","study_id":0,"datetime_start":"2026-07-14T11:44:14.854249"}
{"op_code":5,"worker_id":"7b5a7f48-e471-4d32-9cb5-82f925249f92-19176","trial_id":2,"param_name":"k_weight","param_value_internal":1.4835172702134,"distribution":"{\"name\": \"FloatDistribution\", \"attributes\": {\"step\": null, \"low\": 0.0, \"high\": 1.5, \"log\": false}}"}
{"op_code":5,"worker_id":"7b5a7f48-e471-4d32-9cb5-82f925249f92-19176","trial_id":2,"param_name":"unified_alpha","param_value_internal":0.019827518376799098,"distribution":"{\"name\": \"FloatDistribution\", \"attributes\": {\"step\": null, \"low\": 1e-05, \"high\": 10.0, \"log\": true}}"}
{"op_code":5,"worker_id":"7b5a7f48-e471-4d32-9cb5-82f925249f92-19176","trial_id":2,"param_name":"unified_rho","param_value_internal":0.28144730195506285,"distribution":"{\"name\": \"FloatDistribution\", \"attributes\": {\"step\": null, \"low\": 0.0, \"high\": 1.0, \"log\": false}}"}
{"op_code":5,"worker_id":"7b5a7f48-e471-4d32-9cb5-82f925249f92-19176","trial_id":2,"param_name":"unified_gamma","param_value_internal":2.962371401177323,"distribution":"{\"name\": \"FloatDistribution\", \"attributes\": {\"step\": null, \"low\": 1.5, \"high\": 10000.0, \"log\": true}}"}
{"op_code":4,"worker_id":"f89e0a0f-dbf1-4eed-bcba-aeadc7eee650-31796","study_id":0,"datetime_start":"2026-07-14T11:44:14.856709"}
{"op_code":5,"worker_id":"f89e0a0f-dbf1-4eed-bcba-aeadc7eee650-31796","trial_id":3,"param_name":"k_weight","param_value_internal":1.175748526208626,"distribution":"{\"name\": \"FloatDistribution\", \"attributes\": {\"step\": null, \"low\": 0.0, \"high\": 1.5, \"log\": false}}"}
{"op_code":4,"worker_id":"016fb800-eefa-4791-8e64-2f6a5859668b-6576","study_id":0,"datetime_start":"2026-07-14T11:44:14.863568"}
{"op_code":5,"worker_id":"016fb800-eefa-4791-8e64-2f6a5859668b-6576","trial_id":4,"param_name":"k_weight","param_value_internal":0.45144668378387187,"distribution":"{\"name\": \"FloatDistribution\", \"attributes\": {\"step\": null, \"low\": 0.0, \"high\": 1.5, \"log\": false}}"}
{"op_code":5,"worker_id":"016fb800-eefa-4791-8e64-2f6a5859668b-6576","trial_id":4,"param_name":"unified_alpha","param_value_internal":0.0003036483963037555,"distribution":"{\"name\": \"FloatDistribution\", \"attributes\": {\"step\": null, \"low\": 1e-05, \"high\": 10.0, \"log\": true}}"}
{"op_code":4,"worker_id":"c891894a-9183-4368-be5c-9023409bd13e-11668","study_id":0,"datetime_start":"2026-07-14T11:44:14.866131"}
{"op_code":5,"worker_id":"c891894a-9183-4368-be5c-9023409bd13e-11668","trial_id":5,"param_name":"k_weight","param_value_internal":0.7419024683070321,"distribution":"{\"name\": \"FloatDistribution\", \"attributes\": {\"step\": null, \"low\": 0.0, \"high\": 1.5, \"log\": false}}"}
{"op_code":4,"worker_id":"e44ed2e7-55a7-4264-a198-a247860293aa-24364","study_id":0,"datetime_start":"2026-07-14T11:44:14.870693"}
{"op_code":5,"worker_id":"e44ed2e7-55a7-4264-a198-a247860293aa-24364","trial_id":6,"param_name":"k_weight","param_value_internal":1.234665511064688,"distribution":"{\"name\": \"FloatDistribution\", \"attributes\": {\"step\": null, \"low\": 0.0, \"high\": 1.5, \"log\": false}}"}
{"op_code":5,"worker_id":"e44ed2e7-55a7-4264-a198-a247860293aa-24364","trial_id":6,"param_name":"unified_alpha","param_value_internal":1.4345242342057838e-05,"distribution":"{\"name\": \"FloatDistribution\", \"attributes\": {\"step\": null, \"low\": 1e-05, \"high\": 10.0, \"log\": true}}"}
{"op_code":4,"worker_id":"865ff399-44ce-44c8-aed0-fe51174942c0-3216","study_id":0,"datetime_start":"2026-07-14T11:44:14.875031"}
{"op_code":4,"worker_id":"54467eea-4894-4d13-b137-4cade4b62dee-4680","study_id":0,"datetime_start":"2026-07-14T11:44:14.859135"}
{"op_code":5,"worker_id":"54467eea-4894-4d13-b137-4cade4b62dee-4680","trial_id":8,"param_name":"k_weight","param_value_internal":0.17023270784047428,"distribution":"{\"name\": \"FloatDistribution\", \"attributes\": {\"step\": null, \"low\": 0.0, \"high\": 1.5, \"log\": false}}"}
{"op_code":5,"worker_id":"e44ed2e7-55a7-4264-a198-a247860293aa-24364","trial_id":6,"param_name":"unified_rho","param_value_internal":0.21077063993129397,"distribution":"{\"name\": \"FloatDistribution\", \"attributes\": {\"step\": null, \"low\": 0.0, \"high\": 1.0, \"log\": false}}"}
{"op_code":5,"worker_id":"e44ed2e7-55a7-4264-a198-a247860293aa-24364","trial_id":6,"param_name":"unified_gamma","param_value_internal":347.4398816847049,"distribution":"{\"name\": \"FloatDistribution\", \"attributes\": {\"step\": null, \"low\": 1.5, \"high\": 10000.0, \"log\": true}}"}
{"op_code":4,"worker_id":"b8c0a37e-9ecb-494a-86c9-b894b04a1cdf-30084","study_id":0,"datetime_start":"2026-07-14T11:44:14.882195"}
{"op_code":4,"worker_id":"81066d48-db1b-4c27-904f-feedddc720b5-12024","study_id":0,"datetime_start":"2026-07-14T11:44:14.879646"}
{"op_code":4,"worker_id":"89bdc880-8c15-47c7-a089-bedef4fabd2e-22852","study_id":0,"datetime_start":"2026-07-14T11:44:14.884602"}
{"op_code":5,"worker_id":"865ff399-44ce-44c8-aed0-fe51174942c0-3216","trial_id":7,"param_name":"k_weight","param_value_internal":0.6302744507111608,"distribution":"{\"name\": \"FloatDistribution\", \"attributes\": {\"step\": null, \"low\": 0.0, \"high\": 1.5, \"log\": false}}"}
{"op_code":5,"worker_id":"89bdc880-8c15-47c7-a089-bedef4fabd2e-22852","trial_id":11,"param_name":"k_weight","param_value_internal":0.5476583745340409,"distribution":"{\"name\": \"FloatDistribution\", \"attributes\": {\"step\": null, \"low\": 0.0, \"high\": 1.5, \"log\": false}}"}
{"op_code":5,"worker_id":"c891894a-9183-4368-be5c-9023409bd13e-11668","trial_id":5,"param_name":"unified_alpha","param_value_internal":0.00023361387149879002,"distribution":"{\"name\": \"FloatDistribution\", \"attributes\": {\"step\": null, \"low\": 1e-05, \"high\": 10.0, \"log\": true}}"}
{"op_code":5,"worker_id":"865ff399-44ce-44c8-aed0-fe51174942c0-3216","trial_id":7,"param_name":"unified_alpha","param_value_internal":0.001511600342996414,"distribution":"{\"name\": \"FloatDistribution\", \"attributes\": {\"step\": null, \"low\": 1e-05, \"high\": 10.0, \"log\": true}}"}
{"op_code":4,"worker_id":"0140d45f-2581-4461-86d8-a95a4707ede9-20880","study_id":0,"datetime_start":"2026-07-14T11:44:14.873059"}
{"op_code":4,"worker_id":"bd4a871d-86f3-4472-978b-b7fbc90fb3ac-14384","study_id":0,"datetime_start":"2026-07-14T11:44:14.889665"}
{"op_code":4,"worker_id":"ff23657d-4a4e-4a90-945c-c197b7cbbc7d-27064","study_id":0,"datetime_start":"2026-07-14T11:44:14.891694"}
{"op_code":5,"worker_id":"0140d45f-2581-4461-86d8-a95a4707ede9-20880","trial_id":12,"param_name":"k_weight","param_value_internal":1.2699936108152008,"distribution":"{\"name\": \"FloatDistribution\", \"attributes\": {\"step\": null, \"low\": 0.0, \"high\": 1.5, \"log\": false}}"}
{"op_code":4,"worker_id":"deb03c87-c165-4c34-a3b6-2cf323f69217-18156","study_id":0,"datetime_start":"2026-07-14T11:44:14.893966"}
{"op_code":5,"worker_id":"bd4a871d-86f3-4472-978b-b7fbc90fb3ac-14384","trial_id":13,"param_name":"k_weight","param_value_internal":0.45130999506992814,"distribution":"{\"name\": \"FloatDistribution\", \"attributes\": {\"step\": null, \"low\": 0.0, \"high\": 1.5, \"log\": false}}"}
{"op_code":4,"worker_id":"dfb85488-3374-4388-903d-61506ac9866f-8896","study_id":0,"datetime_start":"2026-07-14T11:44:14.898730"}
{"op_code":5,"worker_id":"dfb85488-3374-4388-903d-61506ac9866f-8896","trial_id":16,"param_name":"k_weight","param_value_internal":0.5686477881506551,"distribution":"{\"name\": \"FloatDistribution\", \"attributes\": {\"step\": null, \"low\": 0.0, \"high\": 1.5, \"log\": false}}"}
{"op_code":5,"worker_id":"dfb85488-3374-4388-903d-61506ac9866f-8896","trial_id":16,"param_name":"unified_alpha","param_value_internal":0.025269055139108366,"distribution":"{\"name\": \"FloatDistribution\", \"attributes\": {\"step\": null, \"low\": 1e-05, \"high\": 10.0, \"log\": true}}"}
{"op_code":5,"worker_id":"81066d48-db1b-4c27-904f-feedddc720b5-12024","trial_id":10,"param_name":"k_weight","param_value_internal":1.476287775813865,"distribution":"{\"name\": \"FloatDistribution\", \"attributes\": {\"step\": null, \"low\": 0.0, \"high\": 1.5, \"log\": false}}"}
{"op_code":5,"worker_id":"81066d48-db1b-4c27-904f-feedddc720b5-12024","trial_id":10,"param_name":"unified_alpha","param_value_internal":0.0010010910900983274,"distribution":"{\"name\": \"FloatDistribution\", \"attributes\": {\"step\": null, \"low\": 1e-05, \"high\": 10.0, \"log\": true}}"}
{"op_code":5,"worker_id":"81066d48-db1b-4c27-904f-feedddc720b5-12024","trial_id":10,"param_name":"unified_rho","param_value_internal":0.6737016246691375,"distribution":"{\"name\": \"FloatDistribution\", \"attributes\": {\"step\": null, \"low\": 0.0, \"high\": 1.0, \"log\": false}}"}
{"op_code":5,"worker_id":"81066d48-db1b-4c27-904f-feedddc720b5-12024","trial_id":10,"param_name":"unified_gamma","param_value_internal":8.454156675684052,"distribution":"{\"name\": \"FloatDistribution\", \"attributes\": {\"step\": null, \"low\": 1.5, \"high\": 10000.0, \"log\": true}}"}
{"op_code":5,"worker_id":"bd4a871d-86f3-4472-978b-b7fbc90fb3ac-14384","trial_id":13,"param_name":"unified_alpha","param_value_internal":0.00013233505373256015,"distribution":"{\"name\": \"FloatDistribution\", \"attributes\": {\"step\": null, \"low\": 1e-05, \"high\": 10.0, \"log\": true}}"}
{"op_code":5,"worker_id":"bd4a871d-86f3-4472-978b-b7fbc90fb3ac-14384","trial_id":13,"param_name":"unified_rho","param_value_internal":0.32318267696821945,"distribution":"{\"name\": \"FloatDistribution\", \"attributes\": {\"step\": null, \"low\": 0.0, \"high\": 1.0, \"log\": false}}"}
{"op_code":5,"worker_id":"bd4a871d-86f3-4472-978b-b7fbc90fb3ac-14384","trial_id":13,"param_name":"unified_gamma","param_value_internal":527.0561194914657,"distribution":"{\"name\": \"FloatDistribution\", \"attributes\": {\"step\": null, \"low\": 1.5, \"high\": 10000.0, \"log\": true}}"}
{"op_code":4,"worker_id":"8d8bd380-ced8-483e-80ee-e41f7148cfcc-31524","study_id":0,"datetime_start":"2026-07-14T11:44:14.877395"}
{"op_code":5,"worker_id":"8d8bd380-ced8-483e-80ee-e41f7148cfcc-31524","trial_id":17,"param_name":"k_weight","param_value_internal":0.139662430007787,"distribution":"{\"name\": \"FloatDistribution\", \"attributes\": {\"step\": null, \"low\": 0.0, \"high\": 1.5, \"log\": false}}"}
{"op_code":5,"worker_id":"deb03c87-c165-4c34-a3b6-2cf323f69217-18156","trial_id":15,"param_name":"k_weight","param_value_internal":0.050632065634812484,"distribution":"{\"name\": \"FloatDistribution\", \"attributes\": {\"step\": null, \"low\": 0.0, \"high\": 1.5, \"log\": false}}"}
{"op_code":5,"worker_id":"deb03c87-c165-4c34-a3b6-2cf323f69217-18156","trial_id":15,"param_name":"unified_alpha","param_value_internal":0.008602903428863091,"distribution":"{\"name\": \"FloatDistribution\", \"attributes\": {\"step\": null, \"low\": 1e-05, \"high\": 10.0, \"log\": true}}"}
{"op_code":5,"worker_id":"8d8bd380-ced8-483e-80ee-e41f7148cfcc-31524","trial_id":17,"param_name":"unified_alpha","param_value_internal":6.75982604244183,"distribution":"{\"name\": \"FloatDistribution\", \"attributes\": {\"step\": null, \"low\": 1e-05, \"high\": 10.0, \"log\": true}}"}
{"op_code":5,"worker_id":"aee1c38e-0506-4834-b32b-68c7f019582c-24340","trial_id":0,"param_name":"unified_alpha","param_value_internal":0.0451231319213065,"distribution":"{\"name\": \"FloatDistribution\", \"attributes\": {\"step\": null, \"low\": 1e-05, \"high\": 10.0, \"log\": true}}"}
{"op_code":5,"worker_id":"8d8bd380-ced8-483e-80ee-e41f7148cfcc-31524","trial_id":17,"param_name":"unified_rho","param_value_internal":0.4838599804636461,"distribution":"{\"name\": \"FloatDistribution\", \"attributes\": {\"step\": null, \"low\": 0.0, \"high\": 1.0, \"log\": false}}"}
{"op_code":5,"worker_id":"dfb85488-3374-4388-903d-61506ac9866f-8896","trial_id":16,"param_name":"unified_rho","param_value_internal":0.5955925126571219,"distribution":"{\"name\": \"FloatDistribution\", \"attributes\": {\"step\": null, \"low\": 0.0, \"high\": 1.0, \"log\": false}}"}
{"op_code":5,"worker_id":"dfb85488-3374-4388-903d-61506ac9866f-8896","trial_id":16,"param_name":"unified_gamma","param_value_internal":78.76089354518557,"distribution":"{\"name\": \"FloatDistribution\", \"attributes\": {\"step\": null, \"low\": 1.5, \"high\": 10000.0, \"log\": true}}"}
{"op_code":5,"worker_id":"dfb85488-3374-4388-903d-61506ac9866f-8896","trial_id":16,"param_name":"huber_delta","param_value_internal":2.556589214276234,"distribution":"{\"name\": \"FloatDistribution\", \"attributes\": {\"step\": null, \"low\": 0.5, \"high\": 5.0, \"log\": false}}"}
{"op_code":5,"worker_id":"8d8bd380-ced8-483e-80ee-e41f7148cfcc-31524","trial_id":17,"param_name":"unified_gamma","param_value_internal":12.690418291229948,"distribution":"{\"name\": \"FloatDistribution\", \"attributes\": {\"step\": null, \"low\": 1.5, \"high\": 10000.0, \"log\": true}}"}
{"op_code":5,"worker_id":"deb03c87-c165-4c34-a3b6-2cf323f69217-18156","trial_id":15,"param_name":"unified_rho","param_value_internal":0.8460850972808829,"distribution":"{\"name\": \"FloatDistribution\", \"attributes\": {\"step\": null, \"low\": 0.0, \"high\": 1.0, \"log\": false}}"}
{"op_code":5,"worker_id":"7b5a7f48-e471-4d32-9cb5-82f925249f92-19176","trial_id":2,"param_name":"huber_delta","param_value_internal":2.500112731873114,"distribution":"{\"name\": \"FloatDistribution\", \"attributes\": {\"step\": null, \"low\": 0.5, \"high\": 5.0, \"log\": false}}"}
{"op_code":5,"worker_id":"ff23657d-4a4e-4a90-945c-c197b7cbbc7d-27064","trial_id":14,"param_name":"k_weight","param_value_internal":1.2367042138699227,"distribution":"{\"name\": \"FloatDistribution\", \"attributes\": {\"step\": null, \"low\": 0.0, \"high\": 1.5, \"log\": false}}"}
{"op_code":5,"worker_id":"f89e0a0f-dbf1-4eed-bcba-aeadc7eee650-31796","trial_id":3,"param_name":"unified_alpha","param_value_internal":0.06441725825501599,"distribution":"{\"name\": \"FloatDistribution\", \"attributes\": {\"step\": null, \"low\": 1e-05, \"high\": 10.0, \"log\": true}}"}
{"op_code":5,"worker_id":"deb03c87-c165-4c34-a3b6-2cf323f69217-18156","trial_id":15,"param_name":"unified_gamma","param_value_internal":56.13774483442881,"distribution":"{\"name\": \"FloatDistribution\", \"attributes\": {\"step\": null, \"low\": 1.5, \"high\": 10000.0, \"log\": true}}"}
{"op_code":5,"worker_id":"deb03c87-c165-4c34-a3b6-2cf323f69217-18156","trial_id":15,"param_name":"huber_delta","param_value_internal":3.3413691817884414,"distribution":"{\"name\": \"FloatDistribution\", \"attributes\": {\"step\": null, \"low\": 0.5, \"high\": 5.0, \"log\": false}}"}
{"op_code":5,"worker_id":"ff23657d-4a4e-4a90-945c-c197b7cbbc7d-27064","trial_id":14,"param_name":"unified_alpha","param_value_internal":0.00012248936831990408,"distribution":"{\"name\": \"FloatDistribution\", \"attributes\": {\"step\": null, \"low\": 1e-05, \"high\": 10.0, \"log\": true}}"}
{"op_code":5,"worker_id":"f89e0a0f-dbf1-4eed-bcba-aeadc7eee650-31796","trial_id":3,"param_name":"unified_rho","param_value_internal":0.24904309151574888,"distribution":"{\"name\": \"FloatDistribution\", \"attributes\": {\"step\": null, \"low\": 0.0, \"high\": 1.0, \"log\": false}}"}
{"op_code":5,"worker_id":"aee1c38e-0506-4834-b32b-68c7f019582c-24340","trial_id":0,"param_name":"unified_rho","param_value_internal":0.13339096418598828,"distribution":"{\"name\": \"FloatDistribution\", \"attributes\": {\"step\": null, \"low\": 0.0, \"high\": 1.0, \"log\": false}}"}
{"op_code":5,"worker_id":"aee1c38e-0506-4834-b32b-68c7f019582c-24340","trial_id":0,"param_name":"unified_gamma","param_value_internal":12.476248311536951,"distribution":"{\"name\": \"FloatDistribution\", \"attributes\": {\"step\": null, \"low\": 1.5, \"high\": 10000.0, \"log\": true}}"}
{"op_code":5,"worker_id":"aee1c38e-0506-4834-b32b-68c7f019582c-24340","trial_id":0,"param_name":"huber_delta","param_value_internal":1.972125751150129,"distribution":"{\"name\": \"FloatDistribution\", \"attributes\": {\"step\": null, \"low\": 0.5, \"high\": 5.0, \"log\": false}}"}
{"op_code":5,"worker_id":"ff23657d-4a4e-4a90-945c-c197b7cbbc7d-27064","trial_id":14,"param_name":"unified_rho","param_value_internal":0.8773267682070526,"distribution":"{\"name\": \"FloatDistribution\", \"attributes\": {\"step\": null, \"low\": 0.0, \"high\": 1.0, \"log\": false}}"}
{"op_code":5,"worker_id":"81066d48-db1b-4c27-904f-feedddc720b5-12024","trial_id":10,"param_name":"huber_delta","param_value_internal":2.095009090884606,"distribution":"{\"name\": \"FloatDistribution\", \"attributes\": {\"step\": null, \"low\": 0.5, \"high\": 5.0, \"log\": false}}"}
{"op_code":5,"worker_id":"8d8bd380-ced8-483e-80ee-e41f7148cfcc-31524","trial_id":17,"param_name":"huber_delta","param_value_internal":2.890057234132639,"distribution":"{\"name\": \"FloatDistribution\", \"attributes\": {\"step\": null, \"low\": 0.5, \"high\": 5.0, \"log\": false}}"}
{"op_code":5,"worker_id":"f89e0a0f-dbf1-4eed-bcba-aeadc7eee650-31796","trial_id":3,"param_name":"unified_gamma","param_value_internal":1188.2400441757075,"distribution":"{\"name\": \"FloatDistribution\", \"attributes\": {\"step\": null, \"low\": 1.5, \"high\": 10000.0, \"log\": true}}"}
{"op_code":5,"worker_id":"f89e0a0f-dbf1-4eed-bcba-aeadc7eee650-31796","trial_id":3,"param_name":"huber_delta","param_value_internal":1.9088462103425592,"distribution":"{\"name\": \"FloatDistribution\", \"attributes\": {\"step\": null, \"low\": 0.5, \"high\": 5.0, \"log\": false}}"}
{"op_code":5,"worker_id":"e44ed2e7-55a7-4264-a198-a247860293aa-24364","trial_id":6,"param_name":"huber_delta","param_value_internal":0.9422800940160463,"distribution":"{\"name\": \"FloatDistribution\", \"attributes\": {\"step\": null, \"low\": 0.5, \"high\": 5.0, \"log\": false}}"}
{"op_code":5,"worker_id":"ff23657d-4a4e-4a90-945c-c197b7cbbc7d-27064","trial_id":14,"param_name":"unified_gamma","param_value_internal":121.99158381094936,"distribution":"{\"name\": \"FloatDistribution\", \"attributes\": {\"step\": null, \"low\": 1.5, \"high\": 10000.0, \"log\": true}}"}
{"op_code":5,"worker_id":"ff23657d-4a4e-4a90-945c-c197b7cbbc7d-27064","trial_id":14,"param_name":"huber_delta","param_value_internal":4.842168949502053,"distribution":"{\"name\": \"FloatDistribution\", \"attributes\": {\"step\": null, \"low\": 0.5, \"high\": 5.0, \"log\": false}}"}
{"op_code":4,"worker_id":"b4aa8650-49c0-43fa-a045-f8ef9928ef21-27448","study_id":0,"datetime_start":"2026-07-14T11:44:14.887030"}
{"op_code":5,"worker_id":"b4aa8650-49c0-43fa-a045-f8ef9928ef21-27448","trial_id":18,"param_name":"k_weight","param_value_internal":1.3860526733616378,"distribution":"{\"name\": \"FloatDistribution\", \"attributes\": {\"step\": null, \"low\": 0.0, \"high\": 1.5, \"log\": false}}"}
{"op_code":5,"worker_id":"b4aa8650-49c0-43fa-a045-f8ef9928ef21-27448","trial_id":18,"param_name":"unified_alpha","param_value_internal":8.855711978905983e-05,"distribution":"{\"name\": \"FloatDistribution\", \"attributes\": {\"step\": null, \"low\": 1e-05, \"high\": 10.0, \"log\": true}}"}
{"op_code":8,"worker_id":"dfb85488-3374-4388-903d-61506ac9866f-8896","trial_id":16,"user_attr":{"constraints":[-0.009871425366250481,0.04921956183081746,0.0,0.1906060606060606,-0.09985765387807131,-91.0,-5.0,0.09283742224918695,0.3,-1267.3859990354326,0.007608695652173869,0.035873015873015945]}}
{"op_code":5,"worker_id":"b4aa8650-49c0-43fa-a045-f8ef9928ef21-27448","trial_id":18,"param_name":"unified_rho","param_value_internal":0.8669150768157973,"distribution":"{\"name\": \"FloatDistribution\", \"attributes\": {\"step\": null, \"low\": 0.0, \"high\": 1.0, \"log\": false}}"}
{"op_code":5,"worker_id":"b4aa8650-49c0-43fa-a045-f8ef9928ef21-27448","trial_id":18,"param_name":"unified_gamma","param_value_internal":3.1470215787374998,"distribution":"{\"name\": \"FloatDistribution\", \"attributes\": {\"step\": null, \"low\": 1.5, \"high\": 10000.0, \"log\": true}}"}
{"op_code":5,"worker_id":"b4aa8650-49c0-43fa-a045-f8ef9928ef21-27448","trial_id":18,"param_name":"huber_delta","param_value_internal":3.0810815777193246,"distribution":"{\"name\": \"FloatDistribution\", \"attributes\": {\"step\": null, \"low\": 0.5, \"high\": 5.0, \"log\": false}}"}
{"op_code":8,"worker_id":"dfb85488-3374-4388-903d-61506ac9866f-8896","trial_id":16,"user_attr":{"pruned_reasons":["M2 (Yearly Tail IC Mean <= 0)","M5 (Monotonicity <= 0.25)","Side-specific Yearly Tail IC Mean (-0.0928 <= 0)","Side-specific Hit Rate (20.00% < 50%)","Yearly Daily Win Rate (44.24% < 45%)","Side-specific Yearly Daily Win Rate (41.41% < 45%)"]}}
{"op_code":8,"worker_id":"8d8bd380-ced8-483e-80ee-e41f7148cfcc-31524","trial_id":17,"user_attr":{"constraints":[0.02666180591063185,0.07696241231882071,0.39999999999999997,0.33484848484848484,0.10408435099598938,-126.0,5.0,0.019285833452131952,0.5,-1207.4744726206236,0.08931159420289858,0.04206349206349208]}}
{"op_code":8,"worker_id":"dfb85488-3374-4388-903d-61506ac9866f-8896","trial_id":16,"user_attr":{"gini":0.535591056359801}}
{"op_code":8,"worker_id":"dfb85488-3374-4388-903d-61506ac9866f-8896","trial_id":16,"user_attr":{"cv_is_ics":[0.10213936865329742,0.10555747151374817,0.09416159242391586,0.07377759367227554,0.10525841265916824,0.1301022619009018,0.09054789692163467,0.13024039566516876,0.11510205268859863,0.12320306897163391,0.11725236475467682,0.0975630059838295,0.10958653688430786,0.10132388025522232,0.0807843953371048]}}
{"op_code":8,"worker_id":"dfb85488-3374-4388-903d-61506ac9866f-8896","trial_id":16,"user_attr":{"cv_oos_ics":[0.04915868118405342,-0.03891189768910408,-0.059879254549741745,0.017817849293351173,0.015929685905575752,-0.040816280990839005,0.0011507738381624222,-0.0382208414375782,0.01868985779583454,-0.013486815616488457,0.018657535314559937,0.030377674847841263,0.03211304172873497,0.09064000099897385,0.040866669267416]}}
{"op_code":8,"worker_id":"deb03c87-c165-4c34-a3b6-2cf323f69217-18156","trial_id":15,"user_attr":{"constraints":[-0.014399219464951703,0.05430838745972216,0.0,0.008787878787878789,-0.02757585687631211,-117.0,-7.0,0.024757372992667108,0.09999999999999998,-1196.8759575335807,0.0369565217391305,0.024603174603174627]}}
{"op_code":8,"worker_id":"deb03c87-c165-4c34-a3b6-2cf323f69217-18156","trial_id":15,"user_attr":{"pruned_reasons":["M2 (Yearly Tail IC Mean <= 0)","M5 (Monotonicity <= 0.25)","Side-specific Yearly Tail IC Mean (-0.0248 <= 0)","Side-specific Hit Rate (40.00% < 50%)","Yearly Daily Win Rate (41.30% < 45%)","Side-specific Yearly Daily Win Rate (42.54% < 45%)"]}}
{"op_code":8,"worker_id":"deb03c87-c165-4c34-a3b6-2cf323f69217-18156","trial_id":15,"user_attr":{"gini":0.49484664048646376}}
{"op_code":8,"worker_id":"deb03c87-c165-4c34-a3b6-2cf323f69217-18156","trial_id":15,"user_attr":{"cv_is_ics":[0.10660593211650848,0.10101495683193207,0.09683231264352798,0.08474203199148178,0.11421597748994827,0.1412588208913803,0.10196693986654282,0.13323287665843964,0.11513088643550873,0.13091228902339935,0.12504969537258148,0.09943924099206924,0.11351148784160614,0.10151948779821396,0.09481630474328995]}}
{"op_code":8,"worker_id":"deb03c87-c165-4c34-a3b6-2cf323f69217-18156","trial_id":15,"user_attr":{"cv_oos_ics":[0.025264637544751167,-0.035415347665548325,-0.041904229670763016,0.030553242191672325,0.01604091003537178,-0.02527574449777603,0.012357400730252266,-0.04520691931247711,0.014962952584028244,0.014349520206451416,0.01994255930185318,0.03488859161734581,0.0622050017118454,0.07788264751434326,0.04111876338720322]}}
{"op_code":8,"worker_id":"aee1c38e-0506-4834-b32b-68c7f019582c-24340","trial_id":0,"user_attr":{"constraints":[-0.01137023677689138,0.03756065582346259,0.0,0.09606060606060604,-0.048051321968796176,-113.0,-7.0,0.034066262301556426,0.09999999999999998,-1209.5387145653535,0.028260869565217395,0.04126984126984129]}}
{"op_code":8,"worker_id":"aee1c38e-0506-4834-b32b-68c7f019582c-24340","trial_id":0,"user_attr":{"pruned_reasons":["M2 (Yearly Tail IC Mean <= 0)","M5 (Monotonicity <= 0.25)","Side-specific Yearly Tail IC Mean (-0.0341 <= 0)","Side-specific Hit Rate (40.00% < 50%)","Yearly Daily Win Rate (42.17% < 45%)","Side-specific Yearly Daily Win Rate (40.87% < 45%)"]}}
{"op_code":8,"worker_id":"aee1c38e-0506-4834-b32b-68c7f019582c-24340","trial_id":0,"user_attr":{"gini":0.4775177695081687}}
{"op_code":8,"worker_id":"aee1c38e-0506-4834-b32b-68c7f019582c-24340","trial_id":0,"user_attr":{"cv_is_ics":[0.11414150148630142,0.10947655886411667,0.1002076044678688,0.08741581439971924,0.11662116646766663,0.14488817751407623,0.10143480449914932,0.1375112384557724,0.11883456259965897,0.13131307065486908,0.12922582030296326,0.10784915089607239,0.11189945787191391,0.10141272097826004,0.0989474356174469]}}
{"op_code":8,"worker_id":"aee1c38e-0506-4834-b32b-68c7f019582c-24340","trial_id":0,"user_attr":{"cv_oos_ics":[0.01608535274863243,-0.021870236843824387,-0.04654562473297119,0.03465263545513153,0.017191842198371887,-0.014433643780648708,0.021381216123700142,-0.03612145781517029,0.02336415834724903,0.004542325623333454,0.013988600112497807,0.02813117206096649,0.0437009334564209,0.09121730178594589,0.03222424164414406]}}
{"op_code":5,"worker_id":"3dd2253f-c2a8-4359-84dc-5a4993287a62-29612","trial_id":1,"param_name":"unified_alpha","param_value_internal":4.253795683489069e-05,"distribution":"{\"name\": \"FloatDistribution\", \"attributes\": {\"step\": null, \"low\": 1e-05, \"high\": 10.0, \"log\": true}}"}
{"op_code":8,"worker_id":"8d8bd380-ced8-483e-80ee-e41f7148cfcc-31524","trial_id":17,"user_attr":{"pruned_reasons":["M4 (Overall IC <= 0)","M2 (Yearly Tail IC Mean <= 0)","M3 (Hit Rate < 60%)","M5 (Monotonicity <= 0.25)","M6 (Top-Bottom Spread <= 0)","Active features count (0) is less than active feature floor (5)","Side-specific Yearly Tail IC Mean (-0.0193 <= 0)","Side-specific Hit Rate (0.00% < 50%)","Yearly Daily Win Rate (36.07% < 45%)","Side-specific Yearly Daily Win Rate (40.79% < 45%)"]}}
{"op_code":8,"worker_id":"aee1c38e-0506-4834-b32b-68c7f019582c-24340","trial_id":0,"user_attr":{"reg_kappa":2.865059696121124}}
{"op_code":8,"worker_id":"aee1c38e-0506-4834-b32b-68c7f019582c-24340","trial_id":0,"user_attr":{"raw_metrics":[-0.2996537644029685,-0.03756065582346259,0.6,0.01137023677689138,0.15393939393939396,0.048051321968796176,-0.0954100752652226,-0.1024499163031578,0.4217391304347826]}}
{"op_code":8,"worker_id":"f89e0a0f-dbf1-4eed-bcba-aeadc7eee650-31796","trial_id":3,"user_attr":{"constraints":[-0.01375756121600225,0.029336113589387074,0.0,0.14454545454545453,-0.09914762344466892,-48.0,-5.0,0.12639211747089277,0.09999999999999998,-1404.5644500835322,0.007608695652173925,0.01904761904761898]}}
{"op_code":5,"worker_id":"3dd2253f-c2a8-4359-84dc-5a4993287a62-29612","trial_id":1,"param_name":"unified_rho","param_value_internal":0.7446404816795178,"distribution":"{\"name\": \"FloatDistribution\", \"attributes\": {\"step\": null, \"low\": 0.0, \"high\": 1.0, \"log\": false}}"}
{"op_code":8,"worker_id":"e44ed2e7-55a7-4264-a198-a247860293aa-24364","trial_id":6,"user_attr":{"constraints":[-0.010403492516344304,0.02632710924631281,0.0,0.10090909090909089,-0.029193031525338337,-42.0,-8.0,0.05227519649276922,0.09999999999999998,-1421.3953290497373,0.05398550724637685,0.030634920634920626]}}
{"op_code":8,"worker_id":"aee1c38e-0506-4834-b32b-68c7f019582c-24340","trial_id":0,"user_attr":{"val_metrics":[-0.03638374182993827,-0.07199498323594823,-0.3696969696969697,-0.06489043748951044,-7.699075633068943]}}
{"op_code":5,"worker_id":"3dd2253f-c2a8-4359-84dc-5a4993287a62-29612","trial_id":1,"param_name":"unified_gamma","param_value_internal":35.86027023078568,"distribution":"{\"name\": \"FloatDistribution\", \"attributes\": {\"step\": null, \"low\": 1.5, \"high\": 10000.0, \"log\": true}}"}
{"op_code":8,"worker_id":"e44ed2e7-55a7-4264-a198-a247860293aa-24364","trial_id":6,"user_attr":{"pruned_reasons":["M2 (Yearly Tail IC Mean <= 0)","M5 (Monotonicity <= 0.25)","Side-specific Yearly Tail IC Mean (-0.0523 <= 0)","Side-specific Hit Rate (40.00% < 50%)","Yearly Daily Win Rate (39.60% < 45%)","Side-specific Yearly Daily Win Rate (41.94% < 45%)"]}}
{"op_code":8,"worker_id":"e44ed2e7-55a7-4264-a198-a247860293aa-24364","trial_id":6,"user_attr":{"gini":0.32265339160566486}}
{"op_code":4,"worker_id":"4f386726-889f-49e5-92a8-99d52a169196-8436","study_id":0,"datetime_start":"2026-07-14T11:44:14.868260"}
{"op_code":8,"worker_id":"f89e0a0f-dbf1-4eed-bcba-aeadc7eee650-31796","trial_id":3,"user_attr":{"pruned_reasons":["M2 (Yearly Tail IC Mean <= 0)","M5 (Monotonicity <= 0.25)","Side-specific Yearly Tail IC Mean (-0.1264 <= 0)","Side-specific Hit Rate (40.00% < 50%)","Yearly Daily Win Rate (44.24% < 45%)","Side-specific Yearly Daily Win Rate (43.10% < 45%)"]}}
{"op_code":8,"worker_id":"f89e0a0f-dbf1-4eed-bcba-aeadc7eee650-31796","trial_id":3,"user_attr":{"gini":0.5021878765148597}}
{"op_code":5,"worker_id":"4f386726-889f-49e5-92a8-99d52a169196-8436","trial_id":19,"param_name":"k_weight","param_value_internal":1.0135971232553285,"distribution":"{\"name\": \"FloatDistribution\", \"attributes\": {\"step\": null, \"low\": 0.0, \"high\": 1.5, \"log\": false}}"}
{"op_code":8,"worker_id":"7b5a7f48-e471-4d32-9cb5-82f925249f92-19176","trial_id":2,"user_attr":{"constraints":[-0.010837719263366314,-0.004094908274261771,0.19999999999999996,0.14212121212121215,0.008647772446166782,-30.0,-7.0,-0.01633743208018341,-0.09999999999999998,-1503.579580561241,0.04565217391304349,0.04142857142857148]}}
{"op_code":8,"worker_id":"aee1c38e-0506-4834-b32b-68c7f019582c-24340","trial_id":0,"user_attr":{"deflated_objective":-1.7852639784949615}}
{"op_code":8,"worker_id":"7b5a7f48-e471-4d32-9cb5-82f925249f92-19176","trial_id":2,"user_attr":{"pruned_reasons":["M3 (Hit Rate < 60%)","M5 (Monotonicity <= 0.25)","M6 (Top-Bottom Spread <= 0)","Yearly Daily Win Rate (40.43% < 45%)","Side-specific Yearly Daily Win Rate (40.86% < 45%)"]}}
{"op_code":8,"worker_id":"ff23657d-4a4e-4a90-945c-c197b7cbbc7d-27064","trial_id":14,"user_attr":{"constraints":[-0.0010339120819564478,-0.0053991304836174285,0.19999999999999996,0.24393939393939396,-0.00977768703075891,-42.0,-8.0,-0.053351545116250995,-0.09999999999999998,-1422.0012274809874,0.05036231884057968,0.05285714285714288]}}
{"op_code":8,"worker_id":"b4aa8650-49c0-43fa-a045-f8ef9928ef21-27448","trial_id":18,"user_attr":{"constraints":[-0.00800212204794347,-0.0020779918392459266,0.19999999999999996,0.0693939393939394,-0.00625529086561018,-34.0,-8.0,-0.09767435532141415,-0.09999999999999998,-1469.2954569051406,0.050181159420289834,0.05825396825396828]}}
{"op_code":8,"worker_id":"b4aa8650-49c0-43fa-a045-f8ef9928ef21-27448","trial_id":18,"user_attr":{"pruned_reasons":["M3 (Hit Rate < 60%)","M5 (Monotonicity <= 0.25)","Yearly Daily Win Rate (39.98% < 45%)","Side-specific Yearly Daily Win Rate (39.17% < 45%)"]}}
{"op_code":8,"worker_id":"7b5a7f48-e471-4d32-9cb5-82f925249f92-19176","trial_id":2,"user_attr":{"gini":0.38148926139672}}
{"op_code":5,"worker_id":"4f386726-889f-49e5-92a8-99d52a169196-8436","trial_id":19,"param_name":"unified_alpha","param_value_internal":1.85469752839378e-05,"distribution":"{\"name\": \"FloatDistribution\", \"attributes\": {\"step\": null, \"low\": 1e-05, \"high\": 10.0, \"log\": true}}"}
{"op_code":8,"worker_id":"7b5a7f48-e471-4d32-9cb5-82f925249f92-19176","trial_id":2,"user_attr":{"cv_is_ics":[0.10565371811389923,0.09267380833625793,0.07990188151597977,0.07979654520750046,0.10769324749708176,0.11593122780323029,0.07811404764652252,0.10493624955415726,0.10656854510307312,0.10829056054353714,0.08620620518922806,0.09975285828113556,0.08059275150299072,0.09117281436920166,0.08139026165008545]}}
{"op_code":9,"worker_id":"aee1c38e-0506-4834-b32b-68c7f019582c-24340","trial_id":0,"system_attr":{"constraints":[-0.01137023677689138,0.03756065582346259,0.0,0.09606060606060604,-0.048051321968796176,-113.0,-7.0,0.034066262301556426,0.09999999999999998,-1209.5387145653535,0.028260869565217395,0.04126984126984129]}}
{"op_code":6,"worker_id":"aee1c38e-0506-4834-b32b-68c7f019582c-24340","trial_id":0,"state":1,"values":[-1.7852639784949615],"datetime_complete":"2026-07-14T11:44:15.019319"}
{"op_code":8,"worker_id":"ff23657d-4a4e-4a90-945c-c197b7cbbc7d-27064","trial_id":14,"user_attr":{"pruned_reasons":["M3 (Hit Rate < 60%)","M5 (Monotonicity <= 0.25)","Yearly Daily Win Rate (39.96% < 45%)","Side-specific Yearly Daily Win Rate (39.71% < 45%)"]}}
{"op_code":8,"worker_id":"ff23657d-4a4e-4a90-945c-c197b7cbbc7d-27064","trial_id":14,"user_attr":{"gini":0.3657290413599883}}
{"op_code":8,"worker_id":"f89e0a0f-dbf1-4eed-bcba-aeadc7eee650-31796","trial_id":3,"user_attr":{"cv_is_ics":[0.10214285552501678,0.09530489146709442,0.09030833840370178,0.07256980985403061,0.10603013634681702,0.13055042922496796,0.0922434851527214,0.12339102476835251,0.1181277483701706,0.12295714020729065,0.11246994882822037,0.09837395697832108,0.09671055525541306,0.0968974158167839,0.08170716464519501]}}
{"op_code":8,"worker_id":"8d8bd380-ced8-483e-80ee-e41f7148cfcc-31524","trial_id":17,"user_attr":{"gini":0.0}}
{"op_code":8,"worker_id":"8d8bd380-ced8-483e-80ee-e41f7148cfcc-31524","trial_id":17,"user_attr":{"cv_is_ics":[0.0,0.0,0.0,0.0,0.0,0.0,0.0,0.0,0.0,0.0,0.0,0.0,0.0,0.0,0.0]}}
{"op_code":8,"worker_id":"8d8bd380-ced8-483e-80ee-e41f7148cfcc-31524","trial_id":17,"user_attr":{"cv_oos_ics":[0.0,0.0,0.0,0.0,0.0,0.0,0.0,0.0,0.0,0.0,0.0,0.0,0.0,0.0,0.0]}}
{"op_code":8,"worker_id":"8d8bd380-ced8-483e-80ee-e41f7148cfcc-31524","trial_id":17,"user_attr":{"reg_kappa":1.273009679181161}}
{"op_code":8,"worker_id":"8d8bd380-ced8-483e-80ee-e41f7148cfcc-31524","trial_id":17,"user_attr":{"raw_metrics":[-0.6194818348253652,-0.07696241231882071,0.2,-0.02666180591063185,-0.08484848484848487,-0.10408435099598938,-0.0,-0.0,0.36068840579710143]}}
{"op_code":8,"worker_id":"8d8bd380-ced8-483e-80ee-e41f7148cfcc-31524","trial_id":17,"user_attr":{"val_metrics":[0.0,0.0,0.0,0.0,-4.181707882560634]}}
{"op_code":8,"worker_id":"8d8bd380-ced8-483e-80ee-e41f7148cfcc-31524","trial_id":17,"user_attr":{"deflated_objective":-0.9234831313942187}}
{"op_code":9,"worker_id":"8d8bd380-ced8-483e-80ee-e41f7148cfcc-31524","trial_id":17,"system_attr":{"constraints":[0.02666180591063185,0.07696241231882071,0.39999999999999997,0.33484848484848484,0.10408435099598938,-126.0,5.0,0.019285833452131952,0.5,-1207.4744726206236,0.08931159420289858,0.04206349206349208]}}
{"op_code":6,"worker_id":"8d8bd380-ced8-483e-80ee-e41f7148cfcc-31524","trial_id":17,"state":1,"values":[-0.3089108139922033],"datetime_complete":"2026-07-14T11:44:15.033827"}
{"op_code":4,"worker_id":"91893175-042d-4f37-80e0-40a602eaa26e-23408","study_id":0,"datetime_start":"2026-07-14T11:44:14.903326"}
{"op_code":5,"worker_id":"91893175-042d-4f37-80e0-40a602eaa26e-23408","trial_id":20,"param_name":"k_weight","param_value_internal":0.2314313671969137,"distribution":"{\"name\": \"FloatDistribution\", \"attributes\": {\"step\": null, \"low\": 0.0, \"high\": 1.5, \"log\": false}}"}
{"op_code":5,"worker_id":"91893175-042d-4f37-80e0-40a602eaa26e-23408","trial_id":20,"param_name":"unified_alpha","param_value_internal":6.341578374585632e-05,"distribution":"{\"name\": \"FloatDistribution\", \"attributes\": {\"step\": null, \"low\": 1e-05, \"high\": 10.0, \"log\": true}}"}
{"op_code":5,"worker_id":"91893175-042d-4f37-80e0-40a602eaa26e-23408","trial_id":20,"param_name":"unified_rho","param_value_internal":0.36268546617688757,"distribution":"{\"name\": \"FloatDistribution\", \"attributes\": {\"step\": null, \"low\": 0.0, \"high\": 1.0, \"log\": false}}"}
{"op_code":5,"worker_id":"91893175-042d-4f37-80e0-40a602eaa26e-23408","trial_id":20,"param_name":"unified_gamma","param_value_internal":592.8456313569452,"distribution":"{\"name\": \"FloatDistribution\", \"attributes\": {\"step\": null, \"low\": 1.5, \"high\": 10000.0, \"log\": true}}"}
{"op_code":5,"worker_id":"91893175-042d-4f37-80e0-40a602eaa26e-23408","trial_id":20,"param_name":"huber_delta","param_value_internal":1.3750252580024045,"distribution":"{\"name\": \"FloatDistribution\", \"attributes\": {\"step\": null, \"low\": 0.5, \"high\": 5.0, \"log\": false}}"}
{"op_code":5,"worker_id":"bd4a871d-86f3-4472-978b-b7fbc90fb3ac-14384","trial_id":13,"param_name":"huber_delta","param_value_internal":3.05136860436146,"distribution":"{\"name\": \"FloatDistribution\", \"attributes\": {\"step\": null, \"low\": 0.5, \"high\": 5.0, \"log\": false}}"}
{"op_code":8,"worker_id":"deb03c87-c165-4c34-a3b6-2cf323f69217-18156","trial_id":15,"user_attr":{"reg_kappa":2.9935798199348445}}
{"op_code":8,"worker_id":"b4aa8650-49c0-43fa-a045-f8ef9928ef21-27448","trial_id":18,"user_attr":{"gini":0.36276592069825964}}
{"op_code":8,"worker_id":"81066d48-db1b-4c27-904f-feedddc720b5-12024","trial_id":10,"user_attr":{"constraints":[-0.012560468279487046,0.011071893425859519,0.19999999999999996,0.1106060606060606,0.027874592503235828,-30.0,-8.0,0.04738206342570696,-0.09999999999999998,-1500.861924059589,0.04547101449275365,0.01936507936507942]}}
{"op_code":8,"worker_id":"deb03c87-c165-4c34-a3b6-2cf323f69217-18156","trial_id":15,"user_attr":{"raw_metrics":[-0.3334467339236889,-0.05430838745972216,0.6,0.014399219464951703,0.2412121212121212,0.02757585687631211,-0.09291711844359289,-0.08558683842420578,0.4130434782608695]}}
{"op_code":8,"worker_id":"deb03c87-c165-4c34-a3b6-2cf323f69217-18156","trial_id":15,"user_attr":{"val_metrics":[-0.037209136743829085,-0.18238452929378918,-0.3696969696969697,-0.16516807151323967,-7.003270460752804]}}
{"op_code":8,"worker_id":"81066d48-db1b-4c27-904f-feedddc720b5-12024","trial_id":10,"user_attr":{"pruned_reasons":["M2 (Yearly Tail IC Mean <= 0)","M3 (Hit Rate < 60%)","M5 (Monotonicity <= 0.25)","M6 (Top-Bottom Spread <= 0)","Side-specific Yearly Tail IC Mean (-0.0474 <= 0)","Yearly Daily Win Rate (40.45% < 45%)","Side-specific Yearly Daily Win Rate (43.06% < 45%)"]}}
{"op_code":8,"worker_id":"81066d48-db1b-4c27-904f-feedddc720b5-12024","trial_id":10,"user_attr":{"gini":0.3785561786920004}}
{"op_code":8,"worker_id":"deb03c87-c165-4c34-a3b6-2cf323f69217-18156","trial_id":15,"user_attr":{"deflated_objective":-2.230245776198279}}
{"op_code":8,"worker_id":"f89e0a0f-dbf1-4eed-bcba-aeadc7eee650-31796","trial_id":3,"user_attr":{"cv_oos_ics":[0.04428921267390251,-0.023872438818216324,-0.07946846634149551,0.009255594573915005,0.024868952110409737,-0.040084563195705414,-0.001172271673567593,-0.04402781277894974,0.016042744740843773,-0.0069230906665325165,0.015239041298627853,0.033287785947322845,0.014771420508623123,0.08054034411907196,0.047529906034469604]}}
{"op_code":9,"worker_id":"deb03c87-c165-4c34-a3b6-2cf323f69217-18156","trial_id":15,"system_attr":{"constraints":[-0.014399219464951703,0.05430838745972216,0.0,0.008787878787878789,-0.02757585687631211,-117.0,-7.0,0.024757372992667108,0.09999999999999998,-1196.8759575335807,0.0369565217391305,0.024603174603174627]}}
{"op_code":6,"worker_id":"deb03c87-c165-4c34-a3b6-2cf323f69217-18156","trial_id":15,"state":1,"values":[-1.5511802675064401],"datetime_complete":"2026-07-14T11:44:15.061063"}
{"op_code":8,"worker_id":"f89e0a0f-dbf1-4eed-bcba-aeadc7eee650-31796","trial_id":3,"user_attr":{"reg_kappa":3.2730361835577506}}
{"op_code":8,"worker_id":"f89e0a0f-dbf1-4eed-bcba-aeadc7eee650-31796","trial_id":3,"user_attr":{"raw_metrics":[-0.18591714056731826,-0.029336113589387074,0.6,0.01375756121600225,0.10545454545454547,0.09914762344466892,-0.16984146492928337,-0.15914636850357056,0.4423913043478261]}}
{"op_code":8,"worker_id":"f89e0a0f-dbf1-4eed-bcba-aeadc7eee650-31796","trial_id":3,"user_attr":{"val_metrics":[-0.009180430756843199,-0.1725460429948481,0.06666666666666667,0.15513861141896443,-3.4349921961514562]}}
{"op_code":8,"worker_id":"e44ed2e7-55a7-4264-a198-a247860293aa-24364","trial_id":6,"user_attr":{"cv_is_ics":[0.11696651577949524,0.10340981930494308,0.09257110208272934,0.09095288068056107,0.11777857691049576,0.14194361865520477,0.10335589945316315,0.1354711353778839,0.12441446632146835,0.126227006316185,0.13169169425964355,0.12183234840631485,0.09676679223775864,0.08431047946214676,0.09865029156208038]}}
{"op_code":8,"worker_id":"e44ed2e7-55a7-4264-a198-a247860293aa-24364","trial_id":6,"user_attr":{"cv_oos_ics":[-0.0009749474702402949,0.021957607939839363,-0.038753021508455276,0.019642459228634834,-0.0044531188905239105,-0.00796886533498764,0.019347038120031357,-0.04492431506514549,0.0008542354335077107,0.05105680599808693,0.03799146041274071,0.04417743906378746,0.041904229670763016,0.08465386182069778,0.030230790376663208]}}
{"op_code":8,"worker_id":"e44ed2e7-55a7-4264-a198-a247860293aa-24364","trial_id":6,"user_attr":{"reg_kappa":3.5623278106142457}}
{"op_code":8,"worker_id":"e44ed2e7-55a7-4264-a198-a247860293aa-24364","trial_id":6,"user_attr":{"raw_metrics":[-0.13864078961273882,-0.02632710924631281,0.6,0.010403492516344304,0.1490909090909091,0.029193031525338337,-0.23431952923108404,-0.34601423144340515,0.39601449275362316]}}
{"op_code":8,"worker_id":"f89e0a0f-dbf1-4eed-bcba-aeadc7eee650-31796","trial_id":3,"user_attr":{"deflated_objective":-0.3191493502991515}}
{"op_code":9,"worker_id":"f89e0a0f-dbf1-4eed-bcba-aeadc7eee650-31796","trial_id":3,"system_attr":{"constraints":[-0.01375756121600225,0.029336113589387074,0.0,0.14454545454545453,-0.09914762344466892,-48.0,-5.0,0.12639211747089277,0.09999999999999998,-1404.5644500835322,0.007608695652173925,0.01904761904761898]}}
{"op_code":8,"worker_id":"81066d48-db1b-4c27-904f-feedddc720b5-12024","trial_id":10,"user_attr":{"cv_is_ics":[0.10919470340013504,0.09664436429738998,0.08085682988166809,0.08047592639923096,0.10933709889650345,0.12158426642417908,0.0838225707411766,0.11337910592556,0.10878624767065048,0.10979832708835602,0.09623955935239792,0.10464292764663696,0.08289742469787598,0.08880295604467392,0.08557083457708359]}}
{"op_code":8,"worker_id":"81066d48-db1b-4c27-904f-feedddc720b5-12024","trial_id":10,"user_attr":{"cv_oos_ics":[0.022313740104436874,0.01486033946275711,-0.05915701389312744,0.005529068410396576,-0.025480128824710846,-0.026946527883410454,-0.0019584367983043194,-0.012747636064887047,0.01700030080974102,0.03196706995368004,0.04086314141750336,0.01738720014691353,0.07455428689718246,0.08030223101377487,0.038523733615875244]}}
{"op_code":8,"worker_id":"e44ed2e7-55a7-4264-a198-a247860293aa-24364","trial_id":6,"user_attr":{"val_metrics":[0.01512081289536736,-0.09333824240785636,0.10303030303030303,0.18582406066412083,-5.3199071355374805]}}
{"op_code":8,"worker_id":"e44ed2e7-55a7-4264-a198-a247860293aa-24364","trial_id":6,"user_attr":{"deflated_objective":-0.9837102579093058}}
{"op_code":9,"worker_id":"e44ed2e7-55a7-4264-a198-a247860293aa-24364","trial_id":6,"system_attr":{"constraints":[-0.010403492516344304,0.02632710924631281,0.0,0.10090909090909089,-0.029193031525338337,-42.0,-8.0,0.05227519649276922,0.09999999999999998,-1421.3953290497373,0.05398550724637685,0.030634920634920626]}}
{"op_code":6,"worker_id":"e44ed2e7-55a7-4264-a198-a247860293aa-24364","trial_id":6,"state":1,"values":[-0.7897107005054376],"datetime_complete":"2026-07-14T11:44:15.081312"}
{"op_code":8,"worker_id":"91893175-042d-4f37-80e0-40a602eaa26e-23408","trial_id":20,"user_attr":{"constraints":[-0.011904708371039126,0.025913487232843323,0.0,0.12272727272727274,-0.027919945141822455,-110.0,-8.0,0.008124848124848117,-0.09999999999999998,-1216.3726436662942,0.037137681159420344,0.04714285714285715]}}
{"op_code":8,"worker_id":"b4aa8650-49c0-43fa-a045-f8ef9928ef21-27448","trial_id":18,"user_attr":{"cv_is_ics":[0.1043216735124588,0.09030849486589432,0.08092378079891205,0.07828536629676819,0.10626564174890518,0.1073894128203392,0.07094833254814148,0.0944347009062767,0.1056232750415802,0.10557228326797485,0.0822165459394455,0.09548100084066391,0.07252141088247299,0.08889855444431305,0.07809925079345703]}}
{"op_code":8,"worker_id":"91893175-042d-4f37-80e0-40a602eaa26e-23408","trial_id":20,"user_attr":{"pruned_reasons":["M2 (Yearly Tail IC Mean <= 0)","M5 (Monotonicity <= 0.25)","Side-specific Yearly Tail IC Mean (-0.0081 <= 0)","Yearly Daily Win Rate (41.29% < 45%)","Side-specific Yearly Daily Win Rate (40.29% < 45%)"]}}
{"op_code":8,"worker_id":"91893175-042d-4f37-80e0-40a602eaa26e-23408","trial_id":20,"user_attr":{"gini":0.35439857811182773}}
{"op_code":8,"worker_id":"bd4a871d-86f3-4472-978b-b7fbc90fb3ac-14384","trial_id":13,"user_attr":{"constraints":[-0.006951013180269019,0.013201142966466762,0.0,0.21000000000000002,-0.021111187695953004,-96.0,-8.0,-0.04563308097187384,-0.09999999999999998,-1247.6083125808138,0.016123188405797184,0.05269841269841269]}}
{"op_code":8,"worker_id":"bd4a871d-86f3-4472-978b-b7fbc90fb3ac-14384","trial_id":13,"user_attr":{"pruned_reasons":["M2 (Yearly Tail IC Mean <= 0)","M5 (Monotonicity <= 0.25)","Yearly Daily Win Rate (43.39% < 45%)","Side-specific Yearly Daily Win Rate (39.73% < 45%)"]}}
{"op_code":8,"worker_id":"b4aa8650-49c0-43fa-a045-f8ef9928ef21-27448","trial_id":18,"user_attr":{"cv_oos_ics":[0.028780171647667885,0.002682118909433484,-0.051700543612241745,0.0025002961046993732,-0.031143460422754288,-0.0476723238825798,-0.01101400051265955,-0.0022619690280407667,0.004880377557128668,0.018482089042663574,0.04244245961308479,0.015707606449723244,0.07720620930194855,0.07756365090608597,0.03688964992761612]}}
{"op_code":8,"worker_id":"b4aa8650-49c0-43fa-a045-f8ef9928ef21-27448","trial_id":18,"user_attr":{"reg_kappa":3.6823720743515334}}
{"op_code":6,"worker_id":"f89e0a0f-dbf1-4eed-bcba-aeadc7eee650-31796","trial_id":3,"state":1,"values":[-0.07349433305903084],"datetime_complete":"2026-07-14T11:44:15.075497"}
{"op_code":8,"worker_id":"b4aa8650-49c0-43fa-a045-f8ef9928ef21-27448","trial_id":18,"user_attr":{"raw_metrics":[0.013474296769139821,0.0020779918392459266,0.4,0.00800212204794347,0.1806060606060606,0.00625529086561018,-0.27405978201778625,-0.3885102868080139,0.3998188405797102]}}
{"op_code":8,"worker_id":"b4aa8650-49c0-43fa-a045-f8ef9928ef21-27448","trial_id":18,"user_attr":{"val_metrics":[0.002564965238267757,-0.2935996235320523,0.030303030303030304,-0.1334480178454702,-5.154219246340132]}}
{"op_code":8,"worker_id":"91893175-042d-4f37-80e0-40a602eaa26e-23408","trial_id":20,"user_attr":{"cv_is_ics":[0.11514373123645782,0.1061088889837265,0.09840505570173264,0.08902760595083237,0.1211431622505188,0.14489668607711792,0.10999444127082825,0.13905169069766998,0.12131278961896896,0.13215912878513336,0.12463044375181198,0.11436095833778381,0.10559310764074326,0.09584798663854599,0.0989670678973198]}}
{"op_code":8,"worker_id":"b4aa8650-49c0-43fa-a045-f8ef9928ef21-27448","trial_id":18,"user_attr":{"deflated_objective":-1.2699974508363465}}
{"op_code":8,"worker_id":"bd4a871d-86f3-4472-978b-b7fbc90fb3ac-14384","trial_id":13,"user_attr":{"gini":0.3125152972487584}}
{"op_code":8,"worker_id":"bd4a871d-86f3-4472-978b-b7fbc90fb3ac-14384","trial_id":13,"user_attr":{"cv_is_ics":[0.10855476558208466,0.09838391840457916,0.09164725244045258,0.0847274512052536,0.11403986066579819,0.1368095874786377,0.08788298815488815,0.12521992623806,0.11934603750705719,0.1207461953163147,0.10100265592336655,0.10208325833082199,0.09333495795726776,0.09169057011604309,0.09299682080745697]}}
{"op_code":8,"worker_id":"bd4a871d-86f3-4472-978b-b7fbc90fb3ac-14384","trial_id":13,"user_attr":{"cv_oos_ics":[0.02166752517223358,-0.0009476763661950827,-0.038769252598285675,0.01616337150335312,-0.011809537187218666,-0.03018421120941639,0.002412311267107725,-0.02468091808259487,0.014726104214787483,0.009521507658064365,0.03738762438297272,0.025570357218384743,0.06345486640930176,0.08522283285856247,0.03406525030732155]}}
{"op_code":8,"worker_id":"bd4a871d-86f3-4472-978b-b7fbc90fb3ac-14384","trial_id":13,"user_attr":{"reg_kappa":3.1263981125455564}}
{"op_code":9,"worker_id":"b4aa8650-49c0-43fa-a045-f8ef9928ef21-27448","trial_id":18,"system_attr":{"constraints":[-0.00800212204794347,-0.0020779918392459266,0.19999999999999996,0.0693939393939394,-0.00625529086561018,-34.0,-8.0,-0.09767435532141415,-0.09999999999999998,-1469.2954569051406,0.050181159420289834,0.05825396825396828]}}
{"op_code":4,"worker_id":"c8471844-df5a-4b87-9a29-94c751fa86ea-24340","study_id":0,"datetime_start":"2026-07-14T11:44:15.100994"}
{"op_code":8,"worker_id":"bd4a871d-86f3-4472-978b-b7fbc90fb3ac-14384","trial_id":13,"user_attr":{"raw_metrics":[-0.1009654772358592,-0.013201142966466762,0.6,0.006951013180269019,0.039999999999999994,0.021111187695953004,-0.11869635301509814,-0.1802409142255783,0.4338768115942028]}}
{"op_code":5,"worker_id":"c8471844-df5a-4b87-9a29-94c751fa86ea-24340","trial_id":21,"param_name":"k_weight","param_value_internal":0.8187771449024679,"distribution":"{\"name\": \"FloatDistribution\", \"attributes\": {\"step\": null, \"low\": 0.0, \"high\": 1.5, \"log\": false}}"}
{"op_code":5,"worker_id":"c8471844-df5a-4b87-9a29-94c751fa86ea-24340","trial_id":21,"param_name":"unified_alpha","param_value_internal":1.4227862634159771,"distribution":"{\"name\": \"FloatDistribution\", \"attributes\": {\"step\": null, \"low\": 1e-05, \"high\": 10.0, \"log\": true}}"}
{"op_code":5,"worker_id":"c8471844-df5a-4b87-9a29-94c751fa86ea-24340","trial_id":21,"param_name":"unified_rho","param_value_internal":0.6858925865665791,"distribution":"{\"name\": \"FloatDistribution\", \"attributes\": {\"step\": null, \"low\": 0.0, \"high\": 1.0, \"log\": false}}"}
{"op_code":5,"worker_id":"c8471844-df5a-4b87-9a29-94c751fa86ea-24340","trial_id":21,"param_name":"unified_gamma","param_value_internal":27.801493176812055,"distribution":"{\"name\": \"FloatDistribution\", \"attributes\": {\"step\": null, \"low\": 1.5, \"high\": 10000.0, \"log\": true}}"}
{"op_code":5,"worker_id":"c8471844-df5a-4b87-9a29-94c751fa86ea-24340","trial_id":21,"param_name":"huber_delta","param_value_internal":0.7699906830227805,"distribution":"{\"name\": \"FloatDistribution\", \"attributes\": {\"step\": null, \"low\": 0.5, \"high\": 5.0, \"log\": false}}"}
{"op_code":6,"worker_id":"b4aa8650-49c0-43fa-a045-f8ef9928ef21-27448","trial_id":18,"state":1,"values":[-0.812068409312378],"datetime_complete":"2026-07-14T11:44:15.105440"}
{"op_code":8,"worker_id":"bd4a871d-86f3-4472-978b-b7fbc90fb3ac-14384","trial_id":13,"user_attr":{"val_metrics":[-0.0066550211853753215,-0.06549312443565142,-0.15151515151515152,0.08709191401030167,-6.4151482769733175]}}
{"op_code":4,"worker_id":"24692abf-bffb-450e-bfdb-8c30f0fda149-31524","study_id":0,"datetime_start":"2026-07-14T11:44:15.116852"}
{"op_code":8,"worker_id":"bd4a871d-86f3-4472-978b-b7fbc90fb3ac-14384","trial_id":13,"user_attr":{"deflated_objective":-1.7501654531183064}}
{"op_code":9,"worker_id":"bd4a871d-86f3-4472-978b-b7fbc90fb3ac-14384","trial_id":13,"system_attr":{"constraints":[-0.006951013180269019,0.013201142966466762,0.0,0.21000000000000002,-0.021111187695953004,-96.0,-8.0,-0.04563308097187384,-0.09999999999999998,-1247.6083125808138,0.016123188405797184,0.05269841269841269]}}
{"op_code":6,"worker_id":"bd4a871d-86f3-4472-978b-b7fbc90fb3ac-14384","trial_id":13,"state":1,"values":[-1.244301238708051],"datetime_complete":"2026-07-14T11:44:15.120646"}
{"op_code":5,"worker_id":"24692abf-bffb-450e-bfdb-8c30f0fda149-31524","trial_id":22,"param_name":"k_weight","param_value_internal":0.3890572049226651,"distribution":"{\"name\": \"FloatDistribution\", \"attributes\": {\"step\": null, \"low\": 0.0, \"high\": 1.5, \"log\": false}}"}
{"op_code":5,"worker_id":"24692abf-bffb-450e-bfdb-8c30f0fda149-31524","trial_id":22,"param_name":"unified_alpha","param_value_internal":1.8203978209302794e-05,"distribution":"{\"name\": \"FloatDistribution\", \"attributes\": {\"step\": null, \"low\": 1e-05, \"high\": 10.0, \"log\": true}}"}
{"op_code":5,"worker_id":"24692abf-bffb-450e-bfdb-8c30f0fda149-31524","trial_id":22,"param_name":"unified_rho","param_value_internal":0.5820303421266043,"distribution":"{\"name\": \"FloatDistribution\", \"attributes\": {\"step\": null, \"low\": 0.0, \"high\": 1.0, \"log\": false}}"}
{"op_code":5,"worker_id":"24692abf-bffb-450e-bfdb-8c30f0fda149-31524","trial_id":22,"param_name":"unified_gamma","param_value_internal":4.03949914934137,"distribution":"{\"name\": \"FloatDistribution\", \"attributes\": {\"step\": null, \"low\": 1.5, \"high\": 10000.0, \"log\": true}}"}
{"op_code":5,"worker_id":"24692abf-bffb-450e-bfdb-8c30f0fda149-31524","trial_id":22,"param_name":"huber_delta","param_value_internal":3.2484955212371767,"distribution":"{\"name\": \"FloatDistribution\", \"attributes\": {\"step\": null, \"low\": 0.5, \"high\": 5.0, \"log\": false}}"}
{"op_code":5,"worker_id":"016fb800-eefa-4791-8e64-2f6a5859668b-6576","trial_id":4,"param_name":"unified_rho","param_value_internal":0.9263351350591756,"distribution":"{\"name\": \"FloatDistribution\", \"attributes\": {\"step\": null, \"low\": 0.0, \"high\": 1.0, \"log\": false}}"}
{"op_code":5,"worker_id":"016fb800-eefa-4791-8e64-2f6a5859668b-6576","trial_id":4,"param_name":"unified_gamma","param_value_internal":3850.360914752656,"distribution":"{\"name\": \"FloatDistribution\", \"attributes\": {\"step\": null, \"low\": 1.5, \"high\": 10000.0, \"log\": true}}"}
{"op_code":5,"worker_id":"016fb800-eefa-4791-8e64-2f6a5859668b-6576","trial_id":4,"param_name":"huber_delta","param_value_internal":3.5747454198874413,"distribution":"{\"name\": \"FloatDistribution\", \"attributes\": {\"step\": null, \"low\": 0.5, \"high\": 5.0, \"log\": false}}"}
{"op_code":8,"worker_id":"c8471844-df5a-4b87-9a29-94c751fa86ea-24340","trial_id":21,"user_attr":{"constraints":[0.02666180591063185,0.07696241231882071,0.39999999999999997,0.33484848484848484,0.10408435099598938,-82.0,5.0,0.019285833452131952,0.5,-1317.3424987099097,0.08931159420289858,0.04206349206349208]}}
{"op_code":8,"worker_id":"c8471844-df5a-4b87-9a29-94c751fa86ea-24340","trial_id":21,"user_attr":{"pruned_reasons":["M4 (Overall IC <= 0)","M2 (Yearly Tail IC Mean <= 0)","M3 (Hit Rate < 60%)","M5 (Monotonicity <= 0.25)","M6 (Top-Bottom Spread <= 0)","Active features count (0) is less than active feature floor (5)","Side-specific Yearly Tail IC Mean (-0.0193 <= 0)","Side-specific Hit Rate (0.00% < 50%)","Yearly Daily Win Rate (36.07% < 45%)","Side-specific Yearly Daily Win Rate (40.79% < 45%)"]}}
{"op_code":8,"worker_id":"c8471844-df5a-4b87-9a29-94c751fa86ea-24340","trial_id":21,"user_attr":{"gini":0.0}}
{"op_code":8,"worker_id":"c8471844-df5a-4b87-9a29-94c751fa86ea-24340","trial_id":21,"user_attr":{"cv_is_ics":[0.0,0.0,0.0,0.0,0.0,0.0,0.0,0.0,0.0,0.0,0.0,0.0,0.0,0.0,0.0]}}
{"op_code":8,"worker_id":"c8471844-df5a-4b87-9a29-94c751fa86ea-24340","trial_id":21,"user_attr":{"cv_oos_ics":[0.0,0.0,0.0,0.0,0.0,0.0,0.0,0.0,0.0,0.0,0.0,0.0,0.0,0.0,0.0]}}
{"op_code":8,"worker_id":"c8471844-df5a-4b87-9a29-94c751fa86ea-24340","trial_id":21,"user_attr":{"reg_kappa":2.19990927959227}}
{"op_code":8,"worker_id":"81066d48-db1b-4c27-904f-feedddc720b5-12024","trial_id":10,"user_attr":{"reg_kappa":3.7594863102839393}}
{"op_code":8,"worker_id":"c8471844-df5a-4b87-9a29-94c751fa86ea-24340","trial_id":21,"user_attr":{"raw_metrics":[-0.6194818348253652,-0.07696241231882071,0.2,-0.02666180591063185,-0.08484848484848487,-0.10408435099598938,-0.0,-0.0,0.36068840579710143]}}
{"op_code":8,"worker_id":"c8471844-df5a-4b87-9a29-94c751fa86ea-24340","trial_id":21,"user_attr":{"val_metrics":[0.0,0.0,-0.34545454545454546,-0.16481733128455456,-4.181707882560634]}}
{"op_code":5,"worker_id":"89bdc880-8c15-47c7-a089-bedef4fabd2e-22852","trial_id":11,"param_name":"unified_alpha","param_value_internal":0.00509607129650663,"distribution":"{\"name\": \"FloatDistribution\", \"attributes\": {\"step\": null, \"low\": 1e-05, \"high\": 10.0, \"log\": true}}"}
{"op_code":8,"worker_id":"81066d48-db1b-4c27-904f-feedddc720b5-12024","trial_id":10,"user_attr":{"raw_metrics":[-0.07874470886595827,-0.011071893425859519,0.4,0.012560468279487046,0.1393939393939394,-0.027874592503235828,-0.3016032923430686,-0.4071049094200134,0.40452898550724636]}}
{"op_code":5,"worker_id":"c891894a-9183-4368-be5c-9023409bd13e-11668","trial_id":5,"param_name":"unified_rho","param_value_internal":0.25547392375721134,"distribution":"{\"name\": \"FloatDistribution\", \"attributes\": {\"step\": null, \"low\": 0.0, \"high\": 1.0, \"log\": false}}"}
{"op_code":5,"worker_id":"89bdc880-8c15-47c7-a089-bedef4fabd2e-22852","trial_id":11,"param_name":"unified_rho","param_value_internal":0.4960603487677895,"distribution":"{\"name\": \"FloatDistribution\", \"attributes\": {\"step\": null, \"low\": 0.0, \"high\": 1.0, \"log\": false}}"}
{"op_code":5,"worker_id":"89bdc880-8c15-47c7-a089-bedef4fabd2e-22852","trial_id":11,"param_name":"unified_gamma","param_value_internal":2.919195228671233,"distribution":"{\"name\": \"FloatDistribution\", \"attributes\": {\"step\": null, \"low\": 1.5, \"high\": 10000.0, \"log\": true}}"}
{"op_code":8,"worker_id":"81066d48-db1b-4c27-904f-feedddc720b5-12024","trial_id":10,"user_attr":{"val_metrics":[-0.006783796856179374,-0.10002223388760212,0.030303030303030304,-0.041856429148195456,-6.920997663999698]}}
{"op_code":5,"worker_id":"c891894a-9183-4368-be5c-9023409bd13e-11668","trial_id":5,"param_name":"unified_gamma","param_value_internal":49.160995099882086,"distribution":"{\"name\": \"FloatDistribution\", \"attributes\": {\"step\": null, \"low\": 1.5, \"high\": 10000.0, \"log\": true}}"}
{"op_code":5,"worker_id":"c891894a-9183-4368-be5c-9023409bd13e-11668","trial_id":5,"param_name":"huber_delta","param_value_internal":2.197917939610058,"distribution":"{\"name\": \"FloatDistribution\", \"attributes\": {\"step\": null, \"low\": 0.5, \"high\": 5.0, \"log\": false}}"}
{"op_code":4,"worker_id":"8f875595-46da-43f6-b765-22ca4d9039f8-7108","study_id":0,"datetime_start":"2026-07-14T11:44:14.900996"}
{"op_code":8,"worker_id":"81066d48-db1b-4c27-904f-feedddc720b5-12024","trial_id":10,"user_attr":{"deflated_objective":-1.9174515086684885}}
{"op_code":5,"worker_id":"8f875595-46da-43f6-b765-22ca4d9039f8-7108","trial_id":23,"param_name":"k_weight","param_value_internal":0.32796757522080905,"distribution":"{\"name\": \"FloatDistribution\", \"attributes\": {\"step\": null, \"low\": 0.0, \"high\": 1.5, \"log\": false}}"}
{"op_code":9,"worker_id":"81066d48-db1b-4c27-904f-feedddc720b5-12024","trial_id":10,"system_attr":{"constraints":[-0.012560468279487046,0.011071893425859519,0.19999999999999996,0.1106060606060606,0.027874592503235828,-30.0,-8.0,0.04738206342570696,-0.09999999999999998,-1500.861924059589,0.04547101449275365,0.01936507936507942]}}
{"op_code":6,"worker_id":"81066d48-db1b-4c27-904f-feedddc720b5-12024","trial_id":10,"state":1,"values":[-1.4422836966648476],"datetime_complete":"2026-07-14T11:44:15.167493"}
{"op_code":4,"worker_id":"6f1dcd2e-2806-43e5-9d37-9e99b7caefe8-18156","study_id":0,"datetime_start":"2026-07-14T11:44:15.150477"}
{"op_code":5,"worker_id":"6f1dcd2e-2806-43e5-9d37-9e99b7caefe8-18156","trial_id":24,"param_name":"k_weight","param_value_internal":0.4443737425086503,"distribution":"{\"name\": \"FloatDistribution\", \"attributes\": {\"step\": null, \"low\": 0.0, \"high\": 1.5, \"log\": false}}"}
{"op_code":8,"worker_id":"24692abf-bffb-450e-bfdb-8c30f0fda149-31524","trial_id":22,"user_attr":{"constraints":[-0.0074536552013475185,0.005855536084760601,0.0,0.09363636363636366,-0.04477159410913065,-100.0,-8.0,-0.019357313424716936,-0.09999999999999998,-1237.9852305457791,0.020108695652173936,0.04142857142857148]}}
{"op_code":4,"worker_id":"fd7f4263-ff07-43cc-8558-981808b89912-24364","study_id":0,"datetime_start":"2026-07-14T11:44:15.170961"}
{"op_code":5,"worker_id":"fd7f4263-ff07-43cc-8558-981808b89912-24364","trial_id":25,"param_name":"k_weight","param_value_internal":1.391220807928438,"distribution":"{\"name\": \"FloatDistribution\", \"attributes\": {\"step\": null, \"low\": 0.0, \"high\": 1.5, \"log\": false}}"}
{"op_code":5,"worker_id":"89bdc880-8c15-47c7-a089-bedef4fabd2e-22852","trial_id":11,"param_name":"huber_delta","param_value_internal":3.072927120474744,"distribution":"{\"name\": \"FloatDistribution\", \"attributes\": {\"step\": null, \"low\": 0.5, \"high\": 5.0, \"log\": false}}"}
{"op_code":5,"worker_id":"fd7f4263-ff07-43cc-8558-981808b89912-24364","trial_id":25,"param_name":"unified_alpha","param_value_internal":1.7161599651164972,"distribution":"{\"name\": \"FloatDistribution\", \"attributes\": {\"step\": null, \"low\": 1e-05, \"high\": 10.0, \"log\": true}}"}
{"op_code":5,"worker_id":"fd7f4263-ff07-43cc-8558-981808b89912-24364","trial_id":25,"param_name":"unified_rho","param_value_internal":0.5846312725955531,"distribution":"{\"name\": \"FloatDistribution\", \"attributes\": {\"step\": null, \"low\": 0.0, \"high\": 1.0, \"log\": false}}"}
{"op_code":5,"worker_id":"fd7f4263-ff07-43cc-8558-981808b89912-24364","trial_id":25,"param_name":"unified_gamma","param_value_internal":4338.897577038058,"distribution":"{\"name\": \"FloatDistribution\", \"attributes\": {\"step\": null, \"low\": 1.5, \"high\": 10000.0, \"log\": true}}"}
{"op_code":5,"worker_id":"fd7f4263-ff07-43cc-8558-981808b89912-24364","trial_id":25,"param_name":"huber_delta","param_value_internal":1.9257465703583276,"distribution":"{\"name\": \"FloatDistribution\", \"attributes\": {\"step\": null, \"low\": 0.5, \"high\": 5.0, \"log\": false}}"}
{"op_code":4,"worker_id":"fd0c312c-aff3-4d90-a334-8f23c2b42de9-31796","study_id":0,"datetime_start":"2026-07-14T11:44:15.182922"}
{"op_code":8,"worker_id":"016fb800-eefa-4791-8e64-2f6a5859668b-6576","trial_id":4,"user_attr":{"constraints":[-0.006695453525229879,0.007223434937247576,0.0,0.1809090909090909,-0.023426334810249756,-96.0,-8.0,0.017598923087331363,-0.09999999999999998,-1247.6298631613208,0.024456521739130488,0.024761904761904763]}}
{"op_code":5,"worker_id":"fd0c312c-aff3-4d90-a334-8f23c2b42de9-31796","trial_id":26,"param_name":"k_weight","param_value_internal":0.27836291222780896,"distribution":"{\"name\": \"FloatDistribution\", \"attributes\": {\"step\": null, \"low\": 0.0, \"high\": 1.5, \"log\": false}}"}
{"op_code":5,"worker_id":"fd0c312c-aff3-4d90-a334-8f23c2b42de9-31796","trial_id":26,"param_name":"unified_alpha","param_value_internal":0.0020873526050511518,"distribution":"{\"name\": \"FloatDistribution\", \"attributes\": {\"step\": null, \"low\": 1e-05, \"high\": 10.0, \"log\": true}}"}
{"op_code":5,"worker_id":"fd0c312c-aff3-4d90-a334-8f23c2b42de9-31796","trial_id":26,"param_name":"unified_rho","param_value_internal":0.8318961986371698,"distribution":"{\"name\": \"FloatDistribution\", \"attributes\": {\"step\": null, \"low\": 0.0, \"high\": 1.0, \"log\": false}}"}
{"op_code":5,"worker_id":"fd0c312c-aff3-4d90-a334-8f23c2b42de9-31796","trial_id":26,"param_name":"unified_gamma","param_value_internal":8.627643098308676,"distribution":"{\"name\": \"FloatDistribution\", \"attributes\": {\"step\": null, \"low\": 1.5, \"high\": 10000.0, \"log\": true}}"}
{"op_code":5,"worker_id":"fd0c312c-aff3-4d90-a334-8f23c2b42de9-31796","trial_id":26,"param_name":"huber_delta","param_value_internal":4.624510846547713,"distribution":"{\"name\": \"FloatDistribution\", \"attributes\": {\"step\": null, \"low\": 0.5, \"high\": 5.0, \"log\": false}}"}
{"op_code":8,"worker_id":"016fb800-eefa-4791-8e64-2f6a5859668b-6576","trial_id":4,"user_attr":{"pruned_reasons":["M2 (Yearly Tail IC Mean <= 0)","M5 (Monotonicity <= 0.25)","Side-specific Yearly Tail IC Mean (-0.0176 <= 0)","Yearly Daily Win Rate (42.55% < 45%)","Side-specific Yearly Daily Win Rate (42.52% < 45%)"]}}
{"op_code":8,"worker_id":"016fb800-eefa-4791-8e64-2f6a5859668b-6576","trial_id":4,"user_attr":{"gini":0.3157718335444655}}
{"op_code":8,"worker_id":"016fb800-eefa-4791-8e64-2f6a5859668b-6576","trial_id":4,"user_attr":{"cv_is_ics":[0.10699579864740372,0.09458930790424347,0.08746042847633362,0.08280909806489944,0.11392336338758469,0.13170354068279266,0.08342188596725464,0.12196759134531021,0.11714299768209457,0.12036729604005814,0.0990738496184349,0.09971058368682861,0.08844785392284393,0.08978836983442307,0.09050508588552475]}}
{"op_code":8,"worker_id":"016fb800-eefa-4791-8e64-2f6a5859668b-6576","trial_id":4,"user_attr":{"cv_oos_ics":[0.024366142228245735,-0.003139301436021924,-0.03893468528985977,0.010430286638438702,-0.0137192877009511,-0.03386354818940163,-0.0023855457548052073,-0.027912281453609467,0.013080867938697338,0.009986735880374908,0.03845146670937538,0.026697317138314247,0.06926070153713226,0.0780874565243721,0.03661751374602318]}}
{"op_code":5,"worker_id":"8f875595-46da-43f6-b765-22ca4d9039f8-7108","trial_id":23,"param_name":"unified_alpha","param_value_internal":1.543179043837076e-05,"distribution":"{\"name\": \"FloatDistribution\", \"attributes\": {\"step\": null, \"low\": 1e-05, \"high\": 10.0, \"log\": true}}"}
{"op_code":8,"worker_id":"016fb800-eefa-4791-8e64-2f6a5859668b-6576","trial_id":4,"user_attr":{"reg_kappa":3.1267820413158796}}
{"op_code":8,"worker_id":"c891894a-9183-4368-be5c-9023409bd13e-11668","trial_id":5,"user_attr":{"constraints":[-0.007889701732764475,0.016521655271392665,0.0,0.08636363636363636,-0.036150550661383604,-75.0,-8.0,0.06927006166045604,-0.09999999999999998,-1300.2033240289068,0.028623188405797084,0.019206349206349227]}}
{"op_code":8,"worker_id":"fd7f4263-ff07-43cc-8558-981808b89912-24364","trial_id":25,"user_attr":{"constraints":[0.02666180591063185,0.07696241231882071,0.39999999999999997,0.33484848484848484,0.10408435099598938,-47.0,5.0,0.019285833452131952,0.5,-1472.59872633116,0.08931159420289858,0.04206349206349208]}}
{"op_code":4,"worker_id":"20cb56de-0a8d-45ac-82aa-fb606118d991-27448","study_id":0,"datetime_start":"2026-07-14T11:44:15.203919"}
{"op_code":8,"worker_id":"24692abf-bffb-450e-bfdb-8c30f0fda149-31524","trial_id":22,"user_attr":{"pruned_reasons":["M2 (Yearly Tail IC Mean <= 0)","M5 (Monotonicity <= 0.25)","Yearly Daily Win Rate (42.99% < 45%)","Side-specific Yearly Daily Win Rate (40.86% < 45%)"]}}
{"op_code":5,"worker_id":"20cb56de-0a8d-45ac-82aa-fb606118d991-27448","trial_id":27,"param_name":"k_weight","param_value_internal":0.16010730338296608,"distribution":"{\"name\": \"FloatDistribution\", \"attributes\": {\"step\": null, \"low\": 0.0, \"high\": 1.5, \"log\": false}}"}
{"op_code":8,"worker_id":"24692abf-bffb-450e-bfdb-8c30f0fda149-31524","trial_id":22,"user_attr":{"gini":0.3125000597882559}}
{"op_code":4,"worker_id":"eb44065e-c60a-4106-b605-ac42c56e67aa-14384","study_id":0,"datetime_start":"2026-07-14T11:44:15.208441"}
{"op_code":5,"worker_id":"8f875595-46da-43f6-b765-22ca4d9039f8-7108","trial_id":23,"param_name":"unified_rho","param_value_internal":0.2871252773397034,"distribution":"{\"name\": \"FloatDistribution\", \"attributes\": {\"step\": null, \"low\": 0.0, \"high\": 1.0, \"log\": false}}"}
{"op_code":8,"worker_id":"24692abf-bffb-450e-bfdb-8c30f0fda149-31524","trial_id":22,"user_attr":{"cv_is_ics":[0.10853629559278488,0.09771344810724258,0.08962694555521011,0.08426440507173538,0.11493382602930069,0.1366586983203888,0.08811428397893906,0.12579677999019623,0.11899722367525101,0.12194879353046417,0.10284635424613953,0.10132063180208206,0.09314216673374176,0.0910637155175209,0.09294489771127701]}}
{"op_code":8,"worker_id":"fd7f4263-ff07-43cc-8558-981808b89912-24364","trial_id":25,"user_attr":{"pruned_reasons":["M4 (Overall IC <= 0)","M2 (Yearly Tail IC Mean <= 0)","M3 (Hit Rate < 60%)","M5 (Monotonicity <= 0.25)","M6 (Top-Bottom Spread <= 0)","Active features count (0) is less than active feature floor (5)","Side-specific Yearly Tail IC Mean (-0.0193 <= 0)","Side-specific Hit Rate (0.00% < 50%)","Yearly Daily Win Rate (36.07% < 45%)","Side-specific Yearly Daily Win Rate (40.79% < 45%)"]}}
{"op_code":8,"worker_id":"89bdc880-8c15-47c7-a089-bedef4fabd2e-22852","trial_id":11,"user_attr":{"constraints":[-0.007468168398228346,0.008534230969951859,0.0,0.1712121212121212,-0.024585831792386253,-89.0,-8.0,-0.0762316307228307,-0.09999999999999998,-1263.6695238502118,0.011775362318840632,0.052698412698412744]}}
{"op_code":8,"worker_id":"c8471844-df5a-4b87-9a29-94c751fa86ea-24340","trial_id":21,"user_attr":{"deflated_objective":-0.8264887654534319}}
{"op_code":8,"worker_id":"fd7f4263-ff07-43cc-8558-981808b89912-24364","trial_id":25,"user_attr":{"gini":0.0}}
{"op_code":8,"worker_id":"89bdc880-8c15-47c7-a089-bedef4fabd2e-22852","trial_id":11,"user_attr":{"pruned_reasons":["M2 (Yearly Tail IC Mean <= 0)","M5 (Monotonicity <= 0.25)","Yearly Daily Win Rate (43.82% < 45%)","Side-specific Yearly Daily Win Rate (39.73% < 45%)"]}}
{"op_code":8,"worker_id":"89bdc880-8c15-47c7-a089-bedef4fabd2e-22852","trial_id":11,"user_attr":{"gini":0.3136522340940715}}
{"op_code":8,"worker_id":"fd7f4263-ff07-43cc-8558-981808b89912-24364","trial_id":25,"user_attr":{"cv_is_ics":[0.0,0.0,0.0,0.0,0.0,0.0,0.0,0.0,0.0,0.0,0.0,0.0,0.0,0.0,0.0]}}
{"op_code":5,"worker_id":"8f875595-46da-43f6-b765-22ca4d9039f8-7108","trial_id":23,"param_name":"unified_gamma","param_value_internal":6.859124195171953,"distribution":"{\"name\": \"FloatDistribution\", \"attributes\": {\"step\": null, \"low\": 1.5, \"high\": 10000.0, \"log\": true}}"}
{"op_code":9,"worker_id":"c8471844-df5a-4b87-9a29-94c751fa86ea-24340","trial_id":21,"system_attr":{"constraints":[0.02666180591063185,0.07696241231882071,0.39999999999999997,0.33484848484848484,0.10408435099598938,-82.0,5.0,0.019285833452131952,0.5,-1317.3424987099097,0.08931159420289858,0.04206349206349208]}}
{"op_code":6,"worker_id":"c8471844-df5a-4b87-9a29-94c751fa86ea-24340","trial_id":21,"state":1,"values":[-0.34345626853420336],"datetime_complete":"2026-07-14T11:44:15.225489"}
{"op_code":8,"worker_id":"fd7f4263-ff07-43cc-8558-981808b89912-24364","trial_id":25,"user_attr":{"cv_oos_ics":[0.0,0.0,0.0,0.0,0.0,0.0,0.0,0.0,0.0,0.0,0.0,0.0,0.0,0.0,0.0]}}
{"op_code":5,"worker_id":"8f875595-46da-43f6-b765-22ca4d9039f8-7108","trial_id":23,"param_name":"huber_delta","param_value_internal":1.8651937139528465,"distribution":"{\"name\": \"FloatDistribution\", \"attributes\": {\"step\": null, \"low\": 0.5, \"high\": 5.0, \"log\": false}}"}
{"op_code":8,"worker_id":"91893175-042d-4f37-80e0-40a602eaa26e-23408","trial_id":20,"user_attr":{"cv_oos_ics":[-0.00779317319393158,-0.00020621911971829832,-0.02396252192556858,0.03136816620826721,0.01562565006315708,0.004461164586246014,0.040425434708595276,-0.02907017432153225,0.016972918063402176,0.037543173879384995,0.03382445126771927,0.03015138767659664,0.03196113184094429,0.08419936150312424,0.02648158185184002]}}
{"op_code":4,"worker_id":"6f84f8c0-2979-456f-ac22-c26def7130b4-24340","study_id":0,"datetime_start":"2026-07-14T11:44:15.231895"}
{"op_code":8,"worker_id":"fd7f4263-ff07-43cc-8558-981808b89912-24364","trial_id":25,"user_attr":{"reg_kappa":2.127950609758032}}
{"op_code":8,"worker_id":"fd0c312c-aff3-4d90-a334-8f23c2b42de9-31796","trial_id":26,"user_attr":{"constraints":[-0.008303129292219309,0.015428678428949367,0.19999999999999996,0.10575757575757577,-0.0239359401696978,-108.0,-7.0,-0.051381405044850094,-0.09999999999999998,-1222.3828503249597,0.04130434782608694,0.024761904761904763]}}
{"op_code":8,"worker_id":"fd0c312c-aff3-4d90-a334-8f23c2b42de9-31796","trial_id":26,"user_attr":{"pruned_reasons":["M2 (Yearly Tail IC Mean <= 0)","M3 (Hit Rate < 60%)","M5 (Monotonicity <= 0.25)","Yearly Daily Win Rate (40.87% < 45%)","Side-specific Yearly Daily Win Rate (42.52% < 45%)"]}}
{"op_code":5,"worker_id":"6f84f8c0-2979-456f-ac22-c26def7130b4-24340","trial_id":29,"param_name":"k_weight","param_value_internal":0.303303440145362,"distribution":"{\"name\": \"FloatDistribution\", \"attributes\": {\"step\": null, \"low\": 0.0, \"high\": 1.5, \"log\": false}}"}
{"op_code":8,"worker_id":"89bdc880-8c15-47c7-a089-bedef4fabd2e-22852","trial_id":11,"user_attr":{"cv_is_ics":[0.10859677195549011,0.09853654354810715,0.09029222279787064,0.08381468802690506,0.11337370425462723,0.13389140367507935,0.08434294909238815,0.12299514561891556,0.11878865212202072,0.12002069503068924,0.09802412241697311,0.1012771874666214,0.09016740322113037,0.09158378094434738,0.09108642488718033]}}
{"op_code":5,"worker_id":"6f84f8c0-2979-456f-ac22-c26def7130b4-24340","trial_id":29,"param_name":"unified_alpha","param_value_internal":0.50966595546096,"distribution":"{\"name\": \"FloatDistribution\", \"attributes\": {\"step\": null, \"low\": 1e-05, \"high\": 10.0, \"log\": true}}"}
{"op_code":8,"worker_id":"89bdc880-8c15-47c7-a089-bedef4fabd2e-22852","trial_id":11,"user_attr":{"cv_oos_ics":[0.023018328472971916,-0.0024400479160249233,-0.03811819478869438,0.012107258662581444,-0.014488550834357738,-0.032377950847148895,-0.0002418860385660082,-0.024672802537679672,0.016315162181854248,0.009921666234731674,0.03886841982603073,0.024137623608112335,0.06173817068338394,0.08503764867782593,0.03483409062027931]}}
{"op_code":8,"worker_id":"89bdc880-8c15-47c7-a089-bedef4fabd2e-22852","trial_id":11,"user_attr":{"reg_kappa":3.154340132942414}}
{"op_code":8,"worker_id":"89bdc880-8c15-47c7-a089-bedef4fabd2e-22852","trial_id":11,"user_attr":{"raw_metrics":[-0.06630099221904087,-0.008534230969951859,0.6,0.007468168398228346,0.07878787878787878,0.024585831792386253,-0.12676222099918866,-0.1956898421049118,0.4382246376811594]}}
{"op_code":4,"worker_id":"71916e5b-d11b-4abf-943b-a5c78fac924a-12024","study_id":0,"datetime_start":"2026-07-14T11:44:15.246392"}
{"op_code":5,"worker_id":"71916e5b-d11b-4abf-943b-a5c78fac924a-12024","trial_id":30,"param_name":"k_weight","param_value_internal":0.8534103301788685,"distribution":"{\"name\": \"FloatDistribution\", \"attributes\": {\"step\": null, \"low\": 0.0, \"high\": 1.5, \"log\": false}}"}
{"op_code":5,"worker_id":"71916e5b-d11b-4abf-943b-a5c78fac924a-12024","trial_id":30,"param_name":"unified_alpha","param_value_internal":2.487627593762267e-05,"distribution":"{\"name\": \"FloatDistribution\", \"attributes\": {\"step\": null, \"low\": 1e-05, \"high\": 10.0, \"log\": true}}"}
{"op_code":5,"worker_id":"71916e5b-d11b-4abf-943b-a5c78fac924a-12024","trial_id":30,"param_name":"unified_rho","param_value_internal":0.8881106699002571,"distribution":"{\"name\": \"FloatDistribution\", \"attributes\": {\"step\": null, \"low\": 0.0, \"high\": 1.0, \"log\": false}}"}
{"op_code":5,"worker_id":"71916e5b-d11b-4abf-943b-a5c78fac924a-12024","trial_id":30,"param_name":"unified_gamma","param_value_internal":5382.936898689568,"distribution":"{\"name\": \"FloatDistribution\", \"attributes\": {\"step\": null, \"low\": 1.5, \"high\": 10000.0, \"log\": true}}"}
{"op_code":8,"worker_id":"fd7f4263-ff07-43cc-8558-981808b89912-24364","trial_id":25,"user_attr":{"raw_metrics":[-0.6194818348253652,-0.07696241231882071,0.2,-0.02666180591063185,-0.08484848484848487,-0.10408435099598938,-0.0,-0.0,0.36068840579710143]}}
{"op_code":8,"worker_id":"fd7f4263-ff07-43cc-8558-981808b89912-24364","trial_id":25,"user_attr":{"val_metrics":[0.0,0.0,-0.34545454545454546,-0.16481733128455456,-4.181707882560634]}}
{"op_code":8,"worker_id":"fd0c312c-aff3-4d90-a334-8f23c2b42de9-31796","trial_id":26,"user_attr":{"gini":0.34357616953908865}}
{"op_code":8,"worker_id":"fd0c312c-aff3-4d90-a334-8f23c2b42de9-31796","trial_id":26,"user_attr":{"cv_is_ics":[0.1068185344338417,0.09193412959575653,0.08735986053943634,0.08514446765184402,0.11629897356033325,0.13830497860908508,0.08732136338949203,0.12517458200454712,0.11505012959241867,0.12072654813528061,0.10494577139616013,0.10231854021549225,0.08902017772197723,0.08618374913930893,0.09074774384498596]}}
{"op_code":8,"worker_id":"fd0c312c-aff3-4d90-a334-8f23c2b42de9-31796","trial_id":26,"user_attr":{"cv_oos_ics":[0.02005177177488804,-0.007750366814434528,-0.03494079038500786,0.005937384907156229,-0.015459093265235424,-0.030465662479400635,0.001785315340384841,-0.03329926356673241,0.003955002874135971,0.024143869057297707,0.03895917907357216,0.03036242164671421,0.07225174456834793,0.06837017089128494,0.038683656603097916]}}
{"op_code":8,"worker_id":"fd0c312c-aff3-4d90-a334-8f23c2b42de9-31796","trial_id":26,"user_attr":{"reg_kappa":3.061943376212081}}
{"op_code":8,"worker_id":"fd7f4263-ff07-43cc-8558-981808b89912-24364","trial_id":25,"user_attr":{"deflated_objective":-0.8408010794685619}}
{"op_code":9,"worker_id":"fd7f4263-ff07-43cc-8558-981808b89912-24364","trial_id":25,"system_attr":{"constraints":[0.02666180591063185,0.07696241231882071,0.39999999999999997,0.33484848484848484,0.10408435099598938,-47.0,5.0,0.019285833452131952,0.5,-1472.59872633116,0.08931159420289858,0.04206349206349208]}}
{"op_code":6,"worker_id":"fd7f4263-ff07-43cc-8558-981808b89912-24364","trial_id":25,"state":1,"values":[-0.34345626853420336],"datetime_complete":"2026-07-14T11:44:15.262547"}
{"op_code":8,"worker_id":"89bdc880-8c15-47c7-a089-bedef4fabd2e-22852","trial_id":11,"user_attr":{"val_metrics":[-0.007400865258257498,-0.04324433991636312,-0.04242424242424243,0.05407820015376352,-6.70067425042599]}}
{"op_code":8,"worker_id":"91893175-042d-4f37-80e0-40a602eaa26e-23408","trial_id":20,"user_attr":{"reg_kappa":3.048361582729205}}
{"op_code":4,"worker_id":"cdf26eb8-f2cb-464f-a4ed-5b2444fe42c6-24364","study_id":0,"datetime_start":"2026-07-14T11:44:15.267022"}
{"op_code":8,"worker_id":"91893175-042d-4f37-80e0-40a602eaa26e-23408","trial_id":20,"user_attr":{"raw_metrics":[-0.17508241015580345,-0.025913487232843323,0.6,0.011904708371039126,0.12727272727272726,0.027919945141822455,-0.10558864378748298,-0.1392088681459427,0.41286231884057967]}}
{"op_code":5,"worker_id":"71916e5b-d11b-4abf-943b-a5c78fac924a-12024","trial_id":30,"param_name":"huber_delta","param_value_internal":3.558614186192585,"distribution":"{\"name\": \"FloatDistribution\", \"attributes\": {\"step\": null, \"low\": 0.5, \"high\": 5.0, \"log\": false}}"}
{"op_code":8,"worker_id":"8f875595-46da-43f6-b765-22ca4d9039f8-7108","trial_id":23,"user_attr":{"constraints":[-0.009369123013726853,0.02518446241025977,0.0,0.11545454545454545,-0.06329652974265065,-104.0,-8.0,0.019499874793992435,-0.09999999999999998,-1229.1299720552443,0.016123188405797073,0.013333333333333364]}}
{"op_code":5,"worker_id":"cdf26eb8-f2cb-464f-a4ed-5b2444fe42c6-24364","trial_id":31,"param_name":"k_weight","param_value_internal":0.7567043733549557,"distribution":"{\"name\": \"FloatDistribution\", \"attributes\": {\"step\": null, \"low\": 0.0, \"high\": 1.5, \"log\": false}}"}
{"op_code":8,"worker_id":"8f875595-46da-43f6-b765-22ca4d9039f8-7108","trial_id":23,"user_attr":{"pruned_reasons":["M2 (Yearly Tail IC Mean <= 0)","M5 (Monotonicity <= 0.25)","Side-specific Yearly Tail IC Mean (-0.0195 <= 0)","Yearly Daily Win Rate (43.39% < 45%)","Side-specific Yearly Daily Win Rate (43.67% < 45%)"]}}
{"op_code":8,"worker_id":"8f875595-46da-43f6-b765-22ca4d9039f8-7108","trial_id":23,"user_attr":{"gini":0.3382148624841046}}
{"op_code":8,"worker_id":"8f875595-46da-43f6-b765-22ca4d9039f8-7108","trial_id":23,"user_attr":{"cv_is_ics":[0.11283166706562042,0.10666070133447647,0.09805070608854294,0.0891663059592247,0.11792340874671936,0.14672620594501495,0.10000451654195786,0.138127863407135,0.12058646976947784,0.12732712924480438,0.11762411147356033,0.11246386170387268,0.10606615245342255,0.09608470648527145,0.09764249622821808]}}
{"op_code":8,"worker_id":"8f875595-46da-43f6-b765-22ca4d9039f8-7108","trial_id":23,"user_attr":{"cv_oos_ics":[0.002100237412378192,5.5048225476639345e-05,-0.040634721517562866,0.017306456342339516,0.0015598407480865717,-0.002506387885659933,0.026581410318613052,-0.02397063560783863,0.017123382538557053,0.031290821731090546,0.030354436486959457,0.02733084000647068,0.0461425743997097,0.08757494390010834,0.031191593036055565]}}
{"op_code":8,"worker_id":"8f875595-46da-43f6-b765-22ca4d9039f8-7108","trial_id":23,"user_attr":{"reg_kappa":3.0804733488085576}}
{"op_code":8,"worker_id":"8f875595-46da-43f6-b765-22ca4d9039f8-7108","trial_id":23,"user_attr":{"raw_metrics":[-0.16231160242384365,-0.02518446241025977,0.6,0.009369123013726853,0.13454545454545455,0.06329652974265065,-0.11043481647980079,-0.15513040125370026,0.43387681159420294]}}
{"op_code":8,"worker_id":"8f875595-46da-43f6-b765-22ca4d9039f8-7108","trial_id":23,"user_attr":{"val_metrics":[-0.015228052703135922,-0.05065650709710523,-0.34545454545454546,-0.13927515582316485,-6.324906253853762]}}
{"op_code":8,"worker_id":"89bdc880-8c15-47c7-a089-bedef4fabd2e-22852","trial_id":11,"user_attr":{"deflated_objective":-1.8372344128755422}}
{"op_code":8,"worker_id":"8f875595-46da-43f6-b765-22ca4d9039f8-7108","trial_id":23,"user_attr":{"deflated_objective":-1.7147187745882941}}
{"op_code":9,"worker_id":"8f875595-46da-43f6-b765-22ca4d9039f8-7108","trial_id":23,"system_attr":{"constraints":[-0.009369123013726853,0.02518446241025977,0.0,0.11545454545454545,-0.06329652974265065,-104.0,-8.0,0.019499874793992435,-0.09999999999999998,-1229.1299720552443,0.016123188405797073,0.013333333333333364]}}
{"op_code":6,"worker_id":"8f875595-46da-43f6-b765-22ca4d9039f8-7108","trial_id":23,"state":1,"values":[-1.222521025072704],"datetime_complete":"2026-07-14T11:44:15.286798"}
{"op_code":8,"worker_id":"91893175-042d-4f37-80e0-40a602eaa26e-23408","trial_id":20,"user_attr":{"val_metrics":[-0.014445729515316079,-0.13078326194888415,-0.006060606060606061,0.039797440582913346,-6.725382169174138]}}
{"op_code":9,"worker_id":"89bdc880-8c15-47c7-a089-bedef4fabd2e-22852","trial_id":11,"system_attr":{"constraints":[-0.007468168398228346,0.008534230969951859,0.0,0.1712121212121212,-0.024585831792386253,-89.0,-8.0,-0.0762316307228307,-0.09999999999999998,-1263.6695238502118,0.011775362318840632,0.052698412698412744]}}
{"op_code":8,"worker_id":"91893175-042d-4f37-80e0-40a602eaa26e-23408","trial_id":20,"user_attr":{"deflated_objective":-1.8589290077752414}}
{"op_code":9,"worker_id":"91893175-042d-4f37-80e0-40a602eaa26e-23408","trial_id":20,"system_attr":{"constraints":[-0.011904708371039126,0.025913487232843323,0.0,0.12272727272727274,-0.027919945141822455,-110.0,-8.0,0.008124848124848117,-0.09999999999999998,-1216.3726436662942,0.037137681159420344,0.04714285714285715]}}
{"op_code":5,"worker_id":"cdf26eb8-f2cb-464f-a4ed-5b2444fe42c6-24364","trial_id":31,"param_name":"unified_alpha","param_value_internal":0.010754787860318847,"distribution":"{\"name\": \"FloatDistribution\", \"attributes\": {\"step\": null, \"low\": 1e-05, \"high\": 10.0, \"log\": true}}"}
{"op_code":6,"worker_id":"89bdc880-8c15-47c7-a089-bedef4fabd2e-22852","trial_id":11,"state":1,"values":[-1.3387776077701545],"datetime_complete":"2026-07-14T11:44:15.290100"}
{"op_code":5,"worker_id":"cdf26eb8-f2cb-464f-a4ed-5b2444fe42c6-24364","trial_id":31,"param_name":"unified_rho","param_value_internal":0.9460545217465752,"distribution":"{\"name\": \"FloatDistribution\", \"attributes\": {\"step\": null, \"low\": 0.0, \"high\": 1.0, \"log\": false}}"}
{"op_code":6,"worker_id":"91893175-042d-4f37-80e0-40a602eaa26e-23408","trial_id":20,"state":1,"values":[-1.3807444668675675],"datetime_complete":"2026-07-14T11:44:15.292732"}
{"op_code":5,"worker_id":"cdf26eb8-f2cb-464f-a4ed-5b2444fe42c6-24364","trial_id":31,"param_name":"unified_gamma","param_value_internal":113.7905134201706,"distribution":"{\"name\": \"FloatDistribution\", \"attributes\": {\"step\": null, \"low\": 1.5, \"high\": 10000.0, \"log\": true}}"}
{"op_code":5,"worker_id":"cdf26eb8-f2cb-464f-a4ed-5b2444fe42c6-24364","trial_id":31,"param_name":"huber_delta","param_value_internal":4.738285551077798,"distribution":"{\"name\": \"FloatDistribution\", \"attributes\": {\"step\": null, \"low\": 0.5, \"high\": 5.0, \"log\": false}}"}
{"op_code":4,"worker_id":"78840768-21e3-4ae5-a98b-84ac909f7922-23408","study_id":0,"datetime_start":"2026-07-14T11:44:15.301753"}
{"op_code":5,"worker_id":"78840768-21e3-4ae5-a98b-84ac909f7922-23408","trial_id":32,"param_name":"k_weight","param_value_internal":0.3945919718787969,"distribution":"{\"name\": \"FloatDistribution\", \"attributes\": {\"step\": null, \"low\": 0.0, \"high\": 1.5, \"log\": false}}"}
{"op_code":5,"worker_id":"78840768-21e3-4ae5-a98b-84ac909f7922-23408","trial_id":32,"param_name":"unified_alpha","param_value_internal":1.058816403033351e-05,"distribution":"{\"name\": \"FloatDistribution\", \"attributes\": {\"step\": null, \"low\": 1e-05, \"high\": 10.0, \"log\": true}}"}
{"op_code":5,"worker_id":"78840768-21e3-4ae5-a98b-84ac909f7922-23408","trial_id":32,"param_name":"unified_rho","param_value_internal":0.030034326988996052,"distribution":"{\"name\": \"FloatDistribution\", \"attributes\": {\"step\": null, \"low\": 0.0, \"high\": 1.0, \"log\": false}}"}
{"op_code":5,"worker_id":"78840768-21e3-4ae5-a98b-84ac909f7922-23408","trial_id":32,"param_name":"unified_gamma","param_value_internal":88.38017321067608,"distribution":"{\"name\": \"FloatDistribution\", \"attributes\": {\"step\": null, \"low\": 1.5, \"high\": 10000.0, \"log\": true}}"}
{"op_code":5,"worker_id":"78840768-21e3-4ae5-a98b-84ac909f7922-23408","trial_id":32,"param_name":"huber_delta","param_value_internal":4.824896774248368,"distribution":"{\"name\": \"FloatDistribution\", \"attributes\": {\"step\": null, \"low\": 0.5, \"high\": 5.0, \"log\": false}}"}
{"op_code":8,"worker_id":"71916e5b-d11b-4abf-943b-a5c78fac924a-12024","trial_id":30,"user_attr":{"constraints":[-0.007898949609410875,0.005877881014203218,0.19999999999999996,0.19545454545454546,0.005892967369641361,-66.0,-8.0,-0.07761183172947879,-0.09999999999999998,-1323.777308995179,0.04601449275362318,0.05253968253968261]}}
{"op_code":8,"worker_id":"71916e5b-d11b-4abf-943b-a5c78fac924a-12024","trial_id":30,"user_attr":{"pruned_reasons":["M2 (Yearly Tail IC Mean <= 0)","M3 (Hit Rate < 60%)","M5 (Monotonicity <= 0.25)","M6 (Top-Bottom Spread <= 0)","Yearly Daily Win Rate (40.40% < 45%)","Side-specific Yearly Daily Win Rate (39.75% < 45%)"]}}
{"op_code":8,"worker_id":"71916e5b-d11b-4abf-943b-a5c78fac924a-12024","trial_id":30,"user_attr":{"gini":0.3285562944791467}}
{"op_code":8,"worker_id":"71916e5b-d11b-4abf-943b-a5c78fac924a-12024","trial_id":30,"user_attr":{"cv_is_ics":[0.10431809723377228,0.09195724129676819,0.08560184389352798,0.07960209250450134,0.11015535145998001,0.11929735541343689,0.07395552843809128,0.10812350362539291,0.11288868635892868,0.10902328044176102,0.08506663888692856,0.09536217153072357,0.07613057643175125,0.08732369542121887,0.08373533189296722]}}
{"op_code":8,"worker_id":"71916e5b-d11b-4abf-943b-a5c78fac924a-12024","trial_id":30,"user_attr":{"cv_oos_ics":[0.02887285314500332,-0.002600534586235881,-0.03595488891005516,0.005307541228830814,-0.023472702130675316,-0.05230865627527237,-0.008138134144246578,-0.015426748432219028,0.012178641743957996,0.002876763930544257,0.04375317320227623,0.01879698410630226,0.06900116056203842,0.08276062458753586,0.037132564932107925]}}
{"op_code":8,"worker_id":"71916e5b-d11b-4abf-943b-a5c78fac924a-12024","trial_id":30,"user_attr":{"reg_kappa":3.3177227431021463}}
{"op_code":8,"worker_id":"71916e5b-d11b-4abf-943b-a5c78fac924a-12024","trial_id":30,"user_attr":{"raw_metrics":[-0.040700624410246716,-0.005877881014203218,0.4,0.007898949609410875,0.05454545454545454,-0.005892967369641361,-0.16252531088186933,-0.26164716482162476,0.40398550724637683]}}
{"op_code":8,"worker_id":"71916e5b-d11b-4abf-943b-a5c78fac924a-12024","trial_id":30,"user_attr":{"val_metrics":[-0.005064883380020156,-0.23941490746510685,-0.030303030303030304,-0.07514421339821661,-5.530733494563467]}}
{"op_code":8,"worker_id":"71916e5b-d11b-4abf-943b-a5c78fac924a-12024","trial_id":30,"user_attr":{"deflated_objective":-1.4117085367213353}}
{"op_code":9,"worker_id":"71916e5b-d11b-4abf-943b-a5c78fac924a-12024","trial_id":30,"system_attr":{"constraints":[-0.007898949609410875,0.005877881014203218,0.19999999999999996,0.19545454545454546,0.005892967369641361,-66.0,-8.0,-0.07761183172947879,-0.09999999999999998,-1323.777308995179,0.04601449275362318,0.05253968253968261]}}
{"op_code":6,"worker_id":"71916e5b-d11b-4abf-943b-a5c78fac924a-12024","trial_id":30,"state":1,"values":[-0.9478238130837933],"datetime_complete":"2026-07-14T11:44:15.327923"}
{"op_code":4,"worker_id":"01d8519c-ee15-4eaa-8d0e-43d1d65d1871-12024","study_id":0,"datetime_start":"2026-07-14T11:44:15.332960"}
{"op_code":8,"worker_id":"016fb800-eefa-4791-8e64-2f6a5859668b-6576","trial_id":4,"user_attr":{"raw_metrics":[-0.05455642883570553,-0.007223434937247576,0.6,0.006695453525229879,0.06909090909090908,0.023426334810249756,-0.11870678038330215,-0.1857919543981552,0.4255434782608695]}}
{"op_code":5,"worker_id":"01d8519c-ee15-4eaa-8d0e-43d1d65d1871-12024","trial_id":33,"param_name":"k_weight","param_value_internal":0.3499643247371326,"distribution":"{\"name\": \"FloatDistribution\", \"attributes\": {\"step\": null, \"low\": 0.0, \"high\": 1.5, \"log\": false}}"}
{"op_code":8,"worker_id":"016fb800-eefa-4791-8e64-2f6a5859668b-6576","trial_id":4,"user_attr":{"val_metrics":[-0.0020406328994649068,-0.07109680543153948,-0.1393939393939394,-0.057508390454197506,-6.488160578341911]}}
{"op_code":5,"worker_id":"01d8519c-ee15-4eaa-8d0e-43d1d65d1871-12024","trial_id":33,"param_name":"unified_alpha","param_value_internal":0.0005155035688083221,"distribution":"{\"name\": \"FloatDistribution\", \"attributes\": {\"step\": null, \"low\": 1e-05, \"high\": 10.0, \"log\": true}}"}
{"op_code":5,"worker_id":"20cb56de-0a8d-45ac-82aa-fb606118d991-27448","trial_id":27,"param_name":"unified_alpha","param_value_internal":0.1276602820664572,"distribution":"{\"name\": \"FloatDistribution\", \"attributes\": {\"step\": null, \"low\": 1e-05, \"high\": 10.0, \"log\": true}}"}
{"op_code":8,"worker_id":"016fb800-eefa-4791-8e64-2f6a5859668b-6576","trial_id":4,"user_attr":{"deflated_objective":-1.7328189889596646}}
{"op_code":8,"worker_id":"cdf26eb8-f2cb-464f-a4ed-5b2444fe42c6-24364","trial_id":31,"user_attr":{"constraints":[-0.006424996278489118,0.028318366217891557,0.19999999999999996,0.1518181818181818,0.027538136527338185,-75.0,-7.0,0.011253346547464188,-0.09999999999999998,-1303.2225481578066,0.04130434782608694,0.024920634920634954]}}
{"op_code":5,"worker_id":"20cb56de-0a8d-45ac-82aa-fb606118d991-27448","trial_id":27,"param_name":"unified_rho","param_value_internal":0.5349626173910872,"distribution":"{\"name\": \"FloatDistribution\", \"attributes\": {\"step\": null, \"low\": 0.0, \"high\": 1.0, \"log\": false}}"}
{"op_code":5,"worker_id":"01d8519c-ee15-4eaa-8d0e-43d1d65d1871-12024","trial_id":33,"param_name":"unified_rho","param_value_internal":0.02301974624278652,"distribution":"{\"name\": \"FloatDistribution\", \"attributes\": {\"step\": null, \"low\": 0.0, \"high\": 1.0, \"log\": false}}"}
{"op_code":8,"worker_id":"cdf26eb8-f2cb-464f-a4ed-5b2444fe42c6-24364","trial_id":31,"user_attr":{"pruned_reasons":["M2 (Yearly Tail IC Mean <= 0)","M3 (Hit Rate < 60%)","M5 (Monotonicity <= 0.25)","M6 (Top-Bottom Spread <= 0)","Side-specific Yearly Tail IC Mean (-0.0113 <= 0)","Yearly Daily Win Rate (40.87% < 45%)","Side-specific Yearly Daily Win Rate (42.51% < 45%)"]}}
{"op_code":5,"worker_id":"20cb56de-0a8d-45ac-82aa-fb606118d991-27448","trial_id":27,"param_name":"unified_gamma","param_value_internal":38.710514975489204,"distribution":"{\"name\": \"FloatDistribution\", \"attributes\": {\"step\": null, \"low\": 1.5, \"high\": 10000.0, \"log\": true}}"}
{"op_code":5,"worker_id":"20cb56de-0a8d-45ac-82aa-fb606118d991-27448","trial_id":27,"param_name":"huber_delta","param_value_internal":2.356765896768957,"distribution":"{\"name\": \"FloatDistribution\", \"attributes\": {\"step\": null, \"low\": 0.5, \"high\": 5.0, \"log\": false}}"}
{"op_code":8,"worker_id":"78840768-21e3-4ae5-a98b-84ac909f7922-23408","trial_id":32,"user_attr":{"constraints":[-0.007775342557692638,0.0032617647129500583,0.0,0.1712121212121212,0.01830326286613366,0.0,0.0,-0.08021342727225081,-0.09999999999999998,-1238.816671057455,0.04148550724637684,0.024603174603174682]}}
{"op_code":9,"worker_id":"016fb800-eefa-4791-8e64-2f6a5859668b-6576","trial_id":4,"system_attr":{"constraints":[-0.006695453525229879,0.007223434937247576,0.0,0.1809090909090909,-0.023426334810249756,-96.0,-8.0,0.017598923087331363,-0.09999999999999998,-1247.6298631613208,0.024456521739130488,0.024761904761904763]}}
{"op_code":6,"worker_id":"016fb800-eefa-4791-8e64-2f6a5859668b-6576","trial_id":4,"state":1,"values":[-1.2740740716101542],"datetime_complete":"2026-07-14T11:44:15.354154"}
{"op_code":5,"worker_id":"01d8519c-ee15-4eaa-8d0e-43d1d65d1871-12024","trial_id":33,"param_name":"unified_gamma","param_value_internal":99.93654529032548,"distribution":"{\"name\": \"FloatDistribution\", \"attributes\": {\"step\": null, \"low\": 1.5, \"high\": 10000.0, \"log\": true}}"}
{"op_code":8,"worker_id":"78840768-21e3-4ae5-a98b-84ac909f7922-23408","trial_id":32,"user_attr":{"pruned_reasons":["M2 (Yearly Tail IC Mean <= 0)","M5 (Monotonicity <= 0.25)","M6 (Top-Bottom Spread <= 0)","Yearly Daily Win Rate (40.85% < 45%)","Side-specific Yearly Daily Win Rate (42.54% < 45%)"]}}
{"op_code":5,"worker_id":"01d8519c-ee15-4eaa-8d0e-43d1d65d1871-12024","trial_id":33,"param_name":"huber_delta","param_value_internal":4.662692309763081,"distribution":"{\"name\": \"FloatDistribution\", \"attributes\": {\"step\": null, \"low\": 0.5, \"high\": 5.0, \"log\": false}}"}
{"op_code":8,"worker_id":"78840768-21e3-4ae5-a98b-84ac909f7922-23408","trial_id":32,"user_attr":{"gini":0.3403856323209671}}
{"op_code":8,"worker_id":"78840768-21e3-4ae5-a98b-84ac909f7922-23408","trial_id":32,"user_attr":{"cv_is_ics":[0.10414440929889679,0.08935767412185669,0.08529404550790787,0.08242417871952057,0.11434125155210495,0.13110849261283875,0.08227433264255524,0.11972823739051819,0.11206666380167007,0.11918874084949493,0.09894727915525436,0.1000276431441307,0.08260391652584076,0.08348546922206879,0.08687259256839752]}}
{"op_code":8,"worker_id":"78840768-21e3-4ae5-a98b-84ac909f7922-23408","trial_id":32,"user_attr":{"cv_oos_ics":[0.020318714901804924,-0.005111580714583397,-0.036172714084386826,0.002994745969772339,-0.018106771633028984,-0.03872981294989586,-0.0049292645417153835,-0.033009257167577744,0.004191569052636623,0.022267572581768036,0.03943457081913948,0.029839035123586655,0.07565950602293015,0.06870399415493011,0.0416562594473362]}}
{"op_code":8,"worker_id":"78840768-21e3-4ae5-a98b-84ac909f7922-23408","trial_id":32,"user_attr":{"reg_kappa":3.1047538082674775}}
{"op_code":8,"worker_id":"78840768-21e3-4ae5-a98b-84ac909f7922-23408","trial_id":32,"user_attr":{"raw_metrics":[-0.02408509261691048,-0.0032617647129500583,0.6,0.007775342557692638,0.0787878787878788,-0.01830326286613366,-0.114611604753224,-0.1834374964237213,0.40851449275362317]}}
{"op_code":8,"worker_id":"78840768-21e3-4ae5-a98b-84ac909f7922-23408","trial_id":32,"user_attr":{"val_metrics":[0.01767610897063959,-0.2987656552131103,0.18787878787878787,-0.21650661034442054,-5.951875415683397]}}
{"op_code":8,"worker_id":"78840768-21e3-4ae5-a98b-84ac909f7922-23408","trial_id":32,"user_attr":{"deflated_objective":-1.5523878746638515}}
{"op_code":9,"worker_id":"78840768-21e3-4ae5-a98b-84ac909f7922-23408","trial_id":32,"system_attr":{"constraints":[-0.007775342557692638,0.0032617647129500583,0.0,0.1712121212121212,0.01830326286613366,0.0,0.0,-0.08021342727225081,-0.09999999999999998,-1238.816671057455,0.04148550724637684,0.024603174603174682]}}
{"op_code":6,"worker_id":"78840768-21e3-4ae5-a98b-84ac909f7922-23408","trial_id":32,"state":1,"values":[-1.1159285995609083],"datetime_complete":"2026-07-14T11:44:15.370577"}
{"op_code":4,"worker_id":"f1a38e21-63d0-4d8e-a7df-f29c66c7fa04-7108","study_id":0,"datetime_start":"2026-07-14T11:44:15.368148"}
{"op_code":8,"worker_id":"20cb56de-0a8d-45ac-82aa-fb606118d991-27448","trial_id":27,"user_attr":{"constraints":[-0.023429001720164593,0.02543711326162859,0.19999999999999996,0.3021212121212121,0.11488006925579286,-126.0,5.0,0.05733187850834909,0.09999999999999998,-1208.2075911280988,0.08858695652173909,0.05269841269841269]}}
{"op_code":4,"worker_id":"614cf453-b5f0-411a-8704-1bd7fad7d7c9-22852","study_id":0,"datetime_start":"2026-07-14T11:44:15.375377"}
{"op_code":8,"worker_id":"20cb56de-0a8d-45ac-82aa-fb606118d991-27448","trial_id":27,"user_attr":{"pruned_reasons":["M2 (Yearly Tail IC Mean <= 0)","M3 (Hit Rate < 60%)","M5 (Monotonicity <= 0.25)","M6 (Top-Bottom Spread <= 0)","Active features count (0) is less than active feature floor (5)","Side-specific Yearly Tail IC Mean (-0.0573 <= 0)","Side-specific Hit Rate (40.00% < 50%)","Yearly Daily Win Rate (36.14% < 45%)","Side-specific Yearly Daily Win Rate (39.73% < 45%)"]}}
{"op_code":5,"worker_id":"f1a38e21-63d0-4d8e-a7df-f29c66c7fa04-7108","trial_id":34,"param_name":"k_weight","param_value_internal":0.27781032817025875,"distribution":"{\"name\": \"FloatDistribution\", \"attributes\": {\"step\": null, \"low\": 0.0, \"high\": 1.5, \"log\": false}}"}
{"op_code":5,"worker_id":"614cf453-b5f0-411a-8704-1bd7fad7d7c9-22852","trial_id":35,"param_name":"k_weight","param_value_internal":0.7151914915249884,"distribution":"{\"name\": \"FloatDistribution\", \"attributes\": {\"step\": null, \"low\": 0.0, \"high\": 1.5, \"log\": false}}"}
{"op_code":8,"worker_id":"20cb56de-0a8d-45ac-82aa-fb606118d991-27448","trial_id":27,"user_attr":{"gini":0.0}}
{"op_code":4,"worker_id":"5722f4a9-53bf-4334-998c-126940559d60-23408","study_id":0,"datetime_start":"2026-07-14T11:44:15.378029"}
{"op_code":5,"worker_id":"614cf453-b5f0-411a-8704-1bd7fad7d7c9-22852","trial_id":35,"param_name":"unified_alpha","param_value_internal":0.0007387128630908515,"distribution":"{\"name\": \"FloatDistribution\", \"attributes\": {\"step\": null, \"low\": 1e-05, \"high\": 10.0, \"log\": true}}"}
{"op_code":5,"worker_id":"f1a38e21-63d0-4d8e-a7df-f29c66c7fa04-7108","trial_id":34,"param_name":"unified_alpha","param_value_internal":0.000700692775425756,"distribution":"{\"name\": \"FloatDistribution\", \"attributes\": {\"step\": null, \"low\": 1e-05, \"high\": 10.0, \"log\": true}}"}
{"op_code":5,"worker_id":"614cf453-b5f0-411a-8704-1bd7fad7d7c9-22852","trial_id":35,"param_name":"unified_rho","param_value_internal":0.36558199049572904,"distribution":"{\"name\": \"FloatDistribution\", \"attributes\": {\"step\": null, \"low\": 0.0, \"high\": 1.0, \"log\": false}}"}
{"op_code":5,"worker_id":"f1a38e21-63d0-4d8e-a7df-f29c66c7fa04-7108","trial_id":34,"param_name":"unified_rho","param_value_internal":0.37636189484288285,"distribution":"{\"name\": \"FloatDistribution\", \"attributes\": {\"step\": null, \"low\": 0.0, \"high\": 1.0, \"log\": false}}"}
{"op_code":5,"worker_id":"614cf453-b5f0-411a-8704-1bd7fad7d7c9-22852","trial_id":35,"param_name":"unified_gamma","param_value_internal":138.34778659741545,"distribution":"{\"name\": \"FloatDistribution\", \"attributes\": {\"step\": null, \"low\": 1.5, \"high\": 10000.0, \"log\": true}}"}
{"op_code":5,"worker_id":"f1a38e21-63d0-4d8e-a7df-f29c66c7fa04-7108","trial_id":34,"param_name":"unified_gamma","param_value_internal":201.39326263390274,"distribution":"{\"name\": \"FloatDistribution\", \"attributes\": {\"step\": null, \"low\": 1.5, \"high\": 10000.0, \"log\": true}}"}
{"op_code":5,"worker_id":"614cf453-b5f0-411a-8704-1bd7fad7d7c9-22852","trial_id":35,"param_name":"huber_delta","param_value_internal":1.3123568670325376,"distribution":"{\"name\": \"FloatDistribution\", \"attributes\": {\"step\": null, \"low\": 0.5, \"high\": 5.0, \"log\": false}}"}
{"op_code":5,"worker_id":"5722f4a9-53bf-4334-998c-126940559d60-23408","trial_id":36,"param_name":"k_weight","param_value_internal":0.28471152721789145,"distribution":"{\"name\": \"FloatDistribution\", \"attributes\": {\"step\": null, \"low\": 0.0, \"high\": 1.5, \"log\": false}}"}
{"op_code":5,"worker_id":"5722f4a9-53bf-4334-998c-126940559d60-23408","trial_id":36,"param_name":"unified_alpha","param_value_internal":0.0006691693270771946,"distribution":"{\"name\": \"FloatDistribution\", \"attributes\": {\"step\": null, \"low\": 1e-05, \"high\": 10.0, \"log\": true}}"}
{"op_code":8,"worker_id":"01d8519c-ee15-4eaa-8d0e-43d1d65d1871-12024","trial_id":33,"user_attr":{"constraints":[-0.007647152012994647,0.010428057970533833,0.19999999999999996,0.09606060606060604,-0.018820637338763276,0.0,0.0,-0.09350285114990994,-0.09999999999999998,-1232.2527627711033,0.037137681159420344,0.030158730158730218]}}
{"op_code":5,"worker_id":"54467eea-4894-4d13-b137-4cade4b62dee-4680","trial_id":8,"param_name":"unified_alpha","param_value_internal":7.029081301964993,"distribution":"{\"name\": \"FloatDistribution\", \"attributes\": {\"step\": null, \"low\": 1e-05, \"high\": 10.0, \"log\": true}}"}
{"op_code":8,"worker_id":"01d8519c-ee15-4eaa-8d0e-43d1d65d1871-12024","trial_id":33,"user_attr":{"pruned_reasons":["M2 (Yearly Tail IC Mean <= 0)","M3 (Hit Rate < 60%)","M5 (Monotonicity <= 0.25)","Yearly Daily Win Rate (41.29% < 45%)","Side-specific Yearly Daily Win Rate (41.98% < 45%)"]}}
{"op_code":8,"worker_id":"01d8519c-ee15-4eaa-8d0e-43d1d65d1871-12024","trial_id":33,"user_attr":{"gini":0.33793855302120424}}
{"op_code":5,"worker_id":"f1a38e21-63d0-4d8e-a7df-f29c66c7fa04-7108","trial_id":34,"param_name":"huber_delta","param_value_internal":1.2558306706756501,"distribution":"{\"name\": \"FloatDistribution\", \"attributes\": {\"step\": null, \"low\": 0.5, \"high\": 5.0, \"log\": false}}"}
{"op_code":5,"worker_id":"b8c0a37e-9ecb-494a-86c9-b894b04a1cdf-30084","trial_id":9,"param_name":"k_weight","param_value_internal":0.1310244643532626,"distribution":"{\"name\": \"FloatDistribution\", \"attributes\": {\"step\": null, \"low\": 0.0, \"high\": 1.5, \"log\": false}}"}
{"op_code":8,"worker_id":"01d8519c-ee15-4eaa-8d0e-43d1d65d1871-12024","trial_id":33,"user_attr":{"cv_is_ics":[0.1046929731965065,0.09115296602249146,0.08584856986999512,0.08324115723371506,0.1147039607167244,0.13430127501487732,0.08393274247646332,0.12235604226589203,0.11317960917949677,0.12010768055915833,0.1005857065320015,0.10073307156562805,0.08445604145526886,0.08518036454916,0.0886860266327858]}}
{"op_code":8,"worker_id":"01d8519c-ee15-4eaa-8d0e-43d1d65d1871-12024","trial_id":33,"user_attr":{"cv_oos_ics":[0.019014181569218636,-0.005116097629070282,-0.03456578776240349,0.005247888155281544,-0.016396889463067055,-0.03579334169626236,-0.0029321028850972652,-0.032564353197813034,0.005215748213231564,0.023160623386502266,0.039286646991968155,0.029742054641246796,0.07432122528553009,0.0694766417145729,0.04102899134159088]}}
{"op_code":8,"worker_id":"01d8519c-ee15-4eaa-8d0e-43d1d65d1871-12024","trial_id":33,"user_attr":{"reg_kappa":3.0859251256251037}}
{"op_code":5,"worker_id":"5722f4a9-53bf-4334-998c-126940559d60-23408","trial_id":36,"param_name":"unified_rho","param_value_internal":0.3992546757303852,"distribution":"{\"name\": \"FloatDistribution\", \"attributes\": {\"step\": null, \"low\": 0.0, \"high\": 1.0, \"log\": false}}"}
{"op_code":5,"worker_id":"b8c0a37e-9ecb-494a-86c9-b894b04a1cdf-30084","trial_id":9,"param_name":"unified_alpha","param_value_internal":0.00024146967484786692,"distribution":"{\"name\": \"FloatDistribution\", \"attributes\": {\"step\": null, \"low\": 1e-05, \"high\": 10.0, \"log\": true}}"}
{"op_code":5,"worker_id":"5722f4a9-53bf-4334-998c-126940559d60-23408","trial_id":36,"param_name":"unified_gamma","param_value_internal":188.820897175075,"distribution":"{\"name\": \"FloatDistribution\", \"attributes\": {\"step\": null, \"low\": 1.5, \"high\": 10000.0, \"log\": true}}"}
{"op_code":5,"worker_id":"54467eea-4894-4d13-b137-4cade4b62dee-4680","trial_id":8,"param_name":"unified_rho","param_value_internal":0.7287346335011062,"distribution":"{\"name\": \"FloatDistribution\", \"attributes\": {\"step\": null, \"low\": 0.0, \"high\": 1.0, \"log\": false}}"}
{"op_code":5,"worker_id":"5722f4a9-53bf-4334-998c-126940559d60-23408","trial_id":36,"param_name":"huber_delta","param_value_internal":1.300167942646679,"distribution":"{\"name\": \"FloatDistribution\", \"attributes\": {\"step\": null, \"low\": 0.5, \"high\": 5.0, \"log\": false}}"}
{"op_code":5,"worker_id":"54467eea-4894-4d13-b137-4cade4b62dee-4680","trial_id":8,"param_name":"unified_gamma","param_value_internal":33.11860795398065,"distribution":"{\"name\": \"FloatDistribution\", \"attributes\": {\"step\": null, \"low\": 1.5, \"high\": 10000.0, \"log\": true}}"}
{"op_code":8,"worker_id":"01d8519c-ee15-4eaa-8d0e-43d1d65d1871-12024","trial_id":33,"user_attr":{"raw_metrics":[-0.07868612652003323,-0.010428057970533833,0.4,0.007647152012994647,0.15393939393939396,0.018820637338763276,-0.11173950915790166,-0.1746872216463089,0.41286231884057967]}}
{"op_code":5,"worker_id":"b8c0a37e-9ecb-494a-86c9-b894b04a1cdf-30084","trial_id":9,"param_name":"unified_rho","param_value_internal":0.41106107063891273,"distribution":"{\"name\": \"FloatDistribution\", \"attributes\": {\"step\": null, \"low\": 0.0, \"high\": 1.0, \"log\": false}}"}
{"op_code":5,"worker_id":"b8c0a37e-9ecb-494a-86c9-b894b04a1cdf-30084","trial_id":9,"param_name":"unified_gamma","param_value_internal":23.147065288429395,"distribution":"{\"name\": \"FloatDistribution\", \"attributes\": {\"step\": null, \"low\": 1.5, \"high\": 10000.0, \"log\": true}}"}
{"op_code":5,"worker_id":"54467eea-4894-4d13-b137-4cade4b62dee-4680","trial_id":8,"param_name":"huber_delta","param_value_internal":3.6842231221658643,"distribution":"{\"name\": \"FloatDistribution\", \"attributes\": {\"step\": null, \"low\": 0.5, \"high\": 5.0, \"log\": false}}"}
{"op_code":5,"worker_id":"b8c0a37e-9ecb-494a-86c9-b894b04a1cdf-30084","trial_id":9,"param_name":"huber_delta","param_value_internal":3.0468015084267748,"distribution":"{\"name\": \"FloatDistribution\", \"attributes\": {\"step\": null, \"low\": 0.5, \"high\": 5.0, \"log\": false}}"}
{"op_code":8,"worker_id":"614cf453-b5f0-411a-8704-1bd7fad7d7c9-22852","trial_id":35,"user_attr":{"constraints":[-0.010408481900126236,0.02408177135823257,0.0,0.14454545454545453,-0.02572939801231423,-77.0,-8.0,0.024455629161511522,0.09999999999999998,-1294.8450774100988,0.04130434782608694,0.02507936507936509]}}
{"op_code":5,"worker_id":"6f1dcd2e-2806-43e5-9d37-9e99b7caefe8-18156","trial_id":24,"param_name":"unified_alpha","param_value_internal":0.7151650691587015,"distribution":"{\"name\": \"FloatDistribution\", \"attributes\": {\"step\": null, \"low\": 1e-05, \"high\": 10.0, \"log\": true}}"}
{"op_code":4,"worker_id":"1b7e9abd-71df-4d45-aa77-d05189e5a8e6-6576","study_id":0,"datetime_start":"2026-07-14T11:44:15.430688"}
{"op_code":5,"worker_id":"6f1dcd2e-2806-43e5-9d37-9e99b7caefe8-18156","trial_id":24,"param_name":"unified_rho","param_value_internal":0.35025252522341144,"distribution":"{\"name\": \"FloatDistribution\", \"attributes\": {\"step\": null, \"low\": 0.0, \"high\": 1.0, \"log\": false}}"}
{"op_code":5,"worker_id":"1b7e9abd-71df-4d45-aa77-d05189e5a8e6-6576","trial_id":37,"param_name":"k_weight","param_value_internal":0.26568642335340853,"distribution":"{\"name\": \"FloatDistribution\", \"attributes\": {\"step\": null, \"low\": 0.0, \"high\": 1.5, \"log\": false}}"}
{"op_code":8,"worker_id":"614cf453-b5f0-411a-8704-1bd7fad7d7c9-22852","trial_id":35,"user_attr":{"pruned_reasons":["M2 (Yearly Tail IC Mean <= 0)","M5 (Monotonicity <= 0.25)","Side-specific Yearly Tail IC Mean (-0.0245 <= 0)","Side-specific Hit Rate (40.00% < 50%)","Yearly Daily Win Rate (40.87% < 45%)","Side-specific Yearly Daily Win Rate (42.49% < 45%)"]}}
{"op_code":5,"worker_id":"1b7e9abd-71df-4d45-aa77-d05189e5a8e6-6576","trial_id":37,"param_name":"unified_alpha","param_value_internal":0.0012182784433758045,"distribution":"{\"name\": \"FloatDistribution\", \"attributes\": {\"step\": null, \"low\": 1e-05, \"high\": 10.0, \"log\": true}}"}
{"op_code":5,"worker_id":"1b7e9abd-71df-4d45-aa77-d05189e5a8e6-6576","trial_id":37,"param_name":"unified_rho","param_value_internal":0.35251039489621905,"distribution":"{\"name\": \"FloatDistribution\", \"attributes\": {\"step\": null, \"low\": 0.0, \"high\": 1.0, \"log\": false}}"}
{"op_code":5,"worker_id":"6f1dcd2e-2806-43e5-9d37-9e99b7caefe8-18156","trial_id":24,"param_name":"unified_gamma","param_value_internal":1565.7420487024253,"distribution":"{\"name\": \"FloatDistribution\", \"attributes\": {\"step\": null, \"low\": 1.5, \"high\": 10000.0, \"log\": true}}"}
{"op_code":5,"worker_id":"1b7e9abd-71df-4d45-aa77-d05189e5a8e6-6576","trial_id":37,"param_name":"unified_gamma","param_value_internal":171.87324598425866,"distribution":"{\"name\": \"FloatDistribution\", \"attributes\": {\"step\": null, \"low\": 1.5, \"high\": 10000.0, \"log\": true}}"}
{"op_code":8,"worker_id":"614cf453-b5f0-411a-8704-1bd7fad7d7c9-22852","trial_id":35,"user_attr":{"gini":0.33248450923783524}}
{"op_code":5,"worker_id":"6f1dcd2e-2806-43e5-9d37-9e99b7caefe8-18156","trial_id":24,"param_name":"huber_delta","param_value_internal":3.0260703909675764,"distribution":"{\"name\": \"FloatDistribution\", \"attributes\": {\"step\": null, \"low\": 0.5, \"high\": 5.0, \"log\": false}}"}
{"op_code":8,"worker_id":"f1a38e21-63d0-4d8e-a7df-f29c66c7fa04-7108","trial_id":34,"user_attr":{"constraints":[-0.012605185959131727,0.02565881095840695,0.0,0.0887878787878788,-0.017368003608370958,-107.0,-8.0,0.08679673267908564,0.09999999999999998,-1222.3104855267195,0.041304347826086996,0.02507936507936509]}}
{"op_code":8,"worker_id":"f1a38e21-63d0-4d8e-a7df-f29c66c7fa04-7108","trial_id":34,"user_attr":{"pruned_reasons":["M2 (Yearly Tail IC Mean <= 0)","M5 (Monotonicity <= 0.25)","Side-specific Yearly Tail IC Mean (-0.0868 <= 0)","Side-specific Hit Rate (40.00% < 50%)","Yearly Daily Win Rate (40.87% < 45%)","Side-specific Yearly Daily Win Rate (42.49% < 45%)"]}}
{"op_code":5,"worker_id":"1b7e9abd-71df-4d45-aa77-d05189e5a8e6-6576","trial_id":37,"param_name":"huber_delta","param_value_internal":1.3216361202422,"distribution":"{\"name\": \"FloatDistribution\", \"attributes\": {\"step\": null, \"low\": 0.5, \"high\": 5.0, \"log\": false}}"}
{"op_code":8,"worker_id":"54467eea-4894-4d13-b137-4cade4b62dee-4680","trial_id":8,"user_attr":{"constraints":[0.0039992405427787675,0.07575933814586855,0.39999999999999997,0.22333333333333333,0.11029709305889579,-125.0,5.0,0.02268921582603759,0.5,-1210.6961810470427,0.08514492753623193,0.047619047619047616]}}
{"op_code":8,"worker_id":"f1a38e21-63d0-4d8e-a7df-f29c66c7fa04-7108","trial_id":34,"user_attr":{"gini":0.3535540588687536}}
{"op_code":8,"worker_id":"f1a38e21-63d0-4d8e-a7df-f29c66c7fa04-7108","trial_id":34,"user_attr":{"cv_is_ics":[0.11688820272684097,0.1054217740893364,0.09983600676059723,0.08750727772712708,0.12063511461019516,0.14539504051208496,0.11161714792251587,0.13931016623973846,0.122186578810215,0.13248875737190247,0.1280670315027237,0.11433751881122589,0.10378505289554596,0.09341175854206085,0.0983918309211731]}}
{"op_code":8,"worker_id":"5722f4a9-53bf-4334-998c-126940559d60-23408","trial_id":36,"user_attr":{"constraints":[-0.011998532672301838,0.028326968470150017,0.0,0.14212121212121212,-0.012147974508837006,-107.0,-8.0,0.008478442596089649,-0.09999999999999998,-1223.2243210561103,0.04130434782608694,0.047301587301587344]}}
{"op_code":8,"worker_id":"5722f4a9-53bf-4334-998c-126940559d60-23408","trial_id":36,"user_attr":{"pruned_reasons":["M2 (Yearly Tail IC Mean <= 0)","M5 (Monotonicity <= 0.25)","Side-specific Yearly Tail IC Mean (-0.0085 <= 0)","Yearly Daily Win Rate (40.87% < 45%)","Side-specific Yearly Daily Win Rate (40.27% < 45%)"]}}
{"op_code":8,"worker_id":"5722f4a9-53bf-4334-998c-126940559d60-23408","trial_id":36,"user_attr":{"gini":0.3529856095197028}}
{"op_code":8,"worker_id":"5722f4a9-53bf-4334-998c-126940559d60-23408","trial_id":36,"user_attr":{"cv_is_ics":[0.11644868552684784,0.10502002388238907,0.09902734309434891,0.0881558209657669,0.12071741372346878,0.1460523158311844,0.11090415716171265,0.13984544575214386,0.12155380100011826,0.13243058323860168,0.12697209417819977,0.1137034073472023,0.10399007052183151,0.09367138147354126,0.09871328622102737]}}
{"op_code":8,"worker_id":"20cb56de-0a8d-45ac-82aa-fb606118d991-27448","trial_id":27,"user_attr":{"cv_is_ics":[0.06065007671713829,0.08787192404270172,0.0,0.0,0.0,0.07351526618003845,0.0,0.058988504111766815,0.0,0.10588683933019638,0.08600559830665588,0.07637615501880646,0.0,0.0,0.0]}}
{"op_code":8,"worker_id":"54467eea-4894-4d13-b137-4cade4b62dee-4680","trial_id":8,"user_attr":{"pruned_reasons":["M4 (Overall IC <= 0)","M2 (Yearly Tail IC Mean <= 0)","M3 (Hit Rate < 60%)","M5 (Monotonicity <= 0.25)","M6 (Top-Bottom Spread <= 0)","Active features count (0) is less than active feature floor (5)","Side-specific Yearly Tail IC Mean (-0.0227 <= 0)","Side-specific Hit Rate (0.00% < 50%)","Yearly Daily Win Rate (36.49% < 45%)","Side-specific Yearly Daily Win Rate (40.24% < 45%)"]}}
{"op_code":8,"worker_id":"01d8519c-ee15-4eaa-8d0e-43d1d65d1871-12024","trial_id":33,"user_attr":{"val_metrics":[0.013478813215763462,-0.18510655645173751,0.16363636363636364,-0.0843393896854874,-6.6253985445036045]}}
{"op_code":8,"worker_id":"20cb56de-0a8d-45ac-82aa-fb606118d991-27448","trial_id":27,"user_attr":{"cv_oos_ics":[0.028725501149892807,0.0033861715346574783,0.0,0.0,0.0,-0.05718846991658211,0.0,-0.05020452290773392,0.0,-0.014596954919397831,0.006727033760398626,-0.0006477954448200762,0.0,0.0,0.0]}}
{"op_code":8,"worker_id":"f1a38e21-63d0-4d8e-a7df-f29c66c7fa04-7108","trial_id":34,"user_attr":{"cv_oos_ics":[-0.011823943816125393,-0.001520036719739437,-0.02593647688627243,0.030333708971738815,0.018050171434879303,0.0023807650431990623,0.041596993803977966,-0.034687794744968414,0.01544144842773676,0.040849875658750534,0.036467328667640686,0.02671634964644909,0.02972550131380558,0.08188987523317337,0.026151293888688087]}}
{"op_code":8,"worker_id":"01d8519c-ee15-4eaa-8d0e-43d1d65d1871-12024","trial_id":33,"user_attr":{"deflated_objective":-1.7694558387686086}}
{"op_code":8,"worker_id":"20cb56de-0a8d-45ac-82aa-fb606118d991-27448","trial_id":27,"user_attr":{"reg_kappa":2.7876061680438764}}
{"op_code":8,"worker_id":"6f1dcd2e-2806-43e5-9d37-9e99b7caefe8-18156","trial_id":24,"user_attr":{"constraints":[0.02666180591063185,0.07696241231882071,0.39999999999999997,0.33484848484848484,0.10408435099598938,-110.0,5.0,0.019285833452131952,0.5,-1247.5469127985937,0.08931159420289858,0.04206349206349208]}}
{"op_code":8,"worker_id":"5722f4a9-53bf-4334-998c-126940559d60-23408","trial_id":36,"user_attr":{"cv_oos_ics":[-0.011285074055194855,-0.0005894394707866013,-0.02780166268348694,0.031180238351225853,0.016608048230409622,0.001970303012058139,0.03929729759693146,-0.03260435909032822,0.016376420855522156,0.039427515119314194,0.03510834276676178,0.026583684608340263,0.030818045139312744,0.08140657842159271,0.026511646807193756]}}
{"op_code":8,"worker_id":"f1a38e21-63d0-4d8e-a7df-f29c66c7fa04-7108","trial_id":34,"user_attr":{"reg_kappa":3.061352089247352}}
{"op_code":8,"worker_id":"6f1dcd2e-2806-43e5-9d37-9e99b7caefe8-18156","trial_id":24,"user_attr":{"pruned_reasons":["M4 (Overall IC <= 0)","M2 (Yearly Tail IC Mean <= 0)","M3 (Hit Rate < 60%)","M5 (Monotonicity <= 0.25)","M6 (Top-Bottom Spread <= 0)","Active features count (0) is less than active feature floor (5)","Side-specific Yearly Tail IC Mean (-0.0193 <= 0)","Side-specific Hit Rate (0.00% < 50%)","Yearly Daily Win Rate (36.07% < 45%)","Side-specific Yearly Daily Win Rate (40.79% < 45%)"]}}
{"op_code":8,"worker_id":"20cb56de-0a8d-45ac-82aa-fb606118d991-27448","trial_id":27,"user_attr":{"raw_metrics":[-0.17353781128025123,-0.02543711326162859,0.4,0.023429001720164593,-0.052121212121212124,-0.11488006925579286,-0.0,-0.0,0.3614130434782609]}}
{"op_code":8,"worker_id":"f1a38e21-63d0-4d8e-a7df-f29c66c7fa04-7108","trial_id":34,"user_attr":{"raw_metrics":[-0.17116321692969358,-0.02565881095840695,0.6,0.012605185959131727,0.1612121212121212,0.017368003608370958,-0.10773623257534928,-0.14353598654270172,0.408695652173913]}}
{"op_code":8,"worker_id":"6f1dcd2e-2806-43e5-9d37-9e99b7caefe8-18156","trial_id":24,"user_attr":{"gini":0.0}}
{"op_code":8,"worker_id":"20cb56de-0a8d-45ac-82aa-fb606118d991-27448","trial_id":27,"user_attr":{"val_metrics":[0.0,0.0,0.0,0.0,-4.181707882560634]}}
{"op_code":8,"worker_id":"6f1dcd2e-2806-43e5-9d37-9e99b7caefe8-18156","trial_id":24,"user_attr":{"cv_is_ics":[0.0,0.0,0.0,0.0,0.0,0.0,0.0,0.0,0.0,0.0,0.0,0.0,0.0,0.0,0.0]}}
{"op_code":8,"worker_id":"6f1dcd2e-2806-43e5-9d37-9e99b7caefe8-18156","trial_id":24,"user_attr":{"cv_oos_ics":[0.0,0.0,0.0,0.0,0.0,0.0,0.0,0.0,0.0,0.0,0.0,0.0,0.0,0.0,0.0]}}
{"op_code":8,"worker_id":"5722f4a9-53bf-4334-998c-126940559d60-23408","trial_id":36,"user_attr":{"reg_kappa":3.0638068430597243}}
{"op_code":8,"worker_id":"5722f4a9-53bf-4334-998c-126940559d60-23408","trial_id":36,"user_attr":{"raw_metrics":[-0.17850397842971857,-0.028326968470150017,0.6,0.011998532672301838,0.10787878787878788,0.012147974508837006,-0.10808456615578933,-0.1449800729751587,0.40869565217391307]}}
{"op_code":8,"worker_id":"5722f4a9-53bf-4334-998c-126940559d60-23408","trial_id":36,"user_attr":{"val_metrics":[-0.008374374168943427,-0.25791568578374763,-0.07878787878787878,0.02534024091437459,-5.907441175227286]}}
{"op_code":8,"worker_id":"f1a38e21-63d0-4d8e-a7df-f29c66c7fa04-7108","trial_id":34,"user_attr":{"val_metrics":[-0.006857634100872483,-0.26214358712098795,-0.006060606060606061,0.02534024091437459,-5.917298822895317]}}
{"op_code":8,"worker_id":"cdf26eb8-f2cb-464f-a4ed-5b2444fe42c6-24364","trial_id":31,"user_attr":{"gini":0.43461426333559494}}
{"op_code":8,"worker_id":"f1a38e21-63d0-4d8e-a7df-f29c66c7fa04-7108","trial_id":34,"user_attr":{"deflated_objective":-1.5306181272345531}}
{"op_code":8,"worker_id":"b8c0a37e-9ecb-494a-86c9-b894b04a1cdf-30084","trial_id":9,"user_attr":{"constraints":[-0.007512217927416717,0.029907687310219165,0.19999999999999996,0.03545454545454546,-0.09327519932090515,-114.0,-8.0,-0.05672535201946967,-0.09999999999999998,-1204.8019077427664,0.024637681159420333,0.04126984126984129]}}
{"op_code":8,"worker_id":"6f1dcd2e-2806-43e5-9d37-9e99b7caefe8-18156","trial_id":24,"user_attr":{"reg_kappa":2.0835384037988547}}
{"op_code":8,"worker_id":"1b7e9abd-71df-4d45-aa77-d05189e5a8e6-6576","trial_id":37,"user_attr":{"constraints":[-0.012537833529122609,0.020901567546647508,0.0,0.06696969696969696,-0.039124802382374944,-108.0,-8.0,0.054489347430523895,0.09999999999999998,-1220.7253955349174,0.037137681159420344,0.03619047619047616]}}
{"op_code":8,"worker_id":"1b7e9abd-71df-4d45-aa77-d05189e5a8e6-6576","trial_id":37,"user_attr":{"pruned_reasons":["M2 (Yearly Tail IC Mean <= 0)","M5 (Monotonicity <= 0.25)","Side-specific Yearly Tail IC Mean (-0.0545 <= 0)","Side-specific Hit Rate (40.00% < 50%)","Yearly Daily Win Rate (41.29% < 45%)","Side-specific Yearly Daily Win Rate (41.38% < 45%)"]}}
{"op_code":8,"worker_id":"1b7e9abd-71df-4d45-aa77-d05189e5a8e6-6576","trial_id":37,"user_attr":{"gini":0.3581418578121922}}
{"op_code":8,"worker_id":"5722f4a9-53bf-4334-998c-126940559d60-23408","trial_id":36,"user_attr":{"deflated_objective":-1.5324288430817008}}
{"op_code":8,"worker_id":"cdf26eb8-f2cb-464f-a4ed-5b2444fe42c6-24364","trial_id":31,"user_attr":{"cv_is_ics":[0.09965451806783676,0.08410815894603729,0.0820135548710823,0.07315991818904877,0.10688318312168121,0.11878392845392227,0.07374753803014755,0.10926918685436249,0.11281857639551163,0.12309945374727249,0.08153057098388672,0.08698590099811554,0.07424222677946091,0.08799347281455994,0.0760735496878624]}}
{"op_code":8,"worker_id":"cdf26eb8-f2cb-464f-a4ed-5b2444fe42c6-24364","trial_id":31,"user_attr":{"cv_oos_ics":[0.04063842445611954,-0.015670394524931908,-0.05354893207550049,0.0017252356046810746,-0.016011975705623627,-0.059015221893787384,-0.0234004445374012,-0.033365607261657715,0.0009138004388660192,-0.0042563569732010365,0.03328074514865875,0.03076951578259468,0.06863883137702942,0.06836551427841187,0.04862239956855774]}}
{"op_code":8,"worker_id":"cdf26eb8-f2cb-464f-a4ed-5b2444fe42c6-24364","trial_id":31,"user_attr":{"reg_kappa":3.263200133209121}}
{"op_code":8,"worker_id":"6f1dcd2e-2806-43e5-9d37-9e99b7caefe8-18156","trial_id":24,"user_attr":{"raw_metrics":[-0.6194818348253652,-0.07696241231882071,0.2,-0.02666180591063185,-0.08484848484848487,-0.10408435099598938,-0.0,-0.0,0.36068840579710143]}}
{"op_code":8,"worker_id":"6f1dcd2e-2806-43e5-9d37-9e99b7caefe8-18156","trial_id":24,"user_attr":{"val_metrics":[0.0,0.0,0.0,0.0,-4.181707882560634]}}
{"op_code":9,"worker_id":"01d8519c-ee15-4eaa-8d0e-43d1d65d1871-12024","trial_id":33,"system_attr":{"constraints":[-0.007647152012994647,0.010428057970533833,0.19999999999999996,0.09606060606060604,-0.018820637338763276,0.0,0.0,-0.09350285114990994,-0.09999999999999998,-1232.2527627711033,0.037137681159420344,0.030158730158730218]}}
{"op_code":6,"worker_id":"01d8519c-ee15-4eaa-8d0e-43d1d65d1871-12024","trial_id":33,"state":1,"values":[-1.3427181835614934],"datetime_complete":"2026-07-14T11:44:15.498193"}
{"op_code":9,"worker_id":"f1a38e21-63d0-4d8e-a7df-f29c66c7fa04-7108","trial_id":34,"system_attr":{"constraints":[-0.012605185959131727,0.02565881095840695,0.0,0.0887878787878788,-0.017368003608370958,-107.0,-8.0,0.08679673267908564,0.09999999999999998,-1222.3104855267195,0.041304347826086996,0.02507936507936509]}}
{"op_code":5,"worker_id":"6f84f8c0-2979-456f-ac22-c26def7130b4-24340","trial_id":29,"param_name":"unified_rho","param_value_internal":0.8605372392370312,"distribution":"{\"name\": \"FloatDistribution\", \"attributes\": {\"step\": null, \"low\": 0.0, \"high\": 1.0, \"log\": false}}"}
{"op_code":8,"worker_id":"6f1dcd2e-2806-43e5-9d37-9e99b7caefe8-18156","trial_id":24,"user_attr":{"deflated_objective":-0.7533496194173727}}
{"op_code":5,"worker_id":"6f84f8c0-2979-456f-ac22-c26def7130b4-24340","trial_id":29,"param_name":"unified_gamma","param_value_internal":26.719923998246184,"distribution":"{\"name\": \"FloatDistribution\", \"attributes\": {\"step\": null, \"low\": 1.5, \"high\": 10000.0, \"log\": true}}"}
{"op_code":5,"worker_id":"6f84f8c0-2979-456f-ac22-c26def7130b4-24340","trial_id":29,"param_name":"huber_delta","param_value_internal":1.6198721423817504,"distribution":"{\"name\": \"FloatDistribution\", \"attributes\": {\"step\": null, \"low\": 0.5, \"high\": 5.0, \"log\": false}}"}
{"op_code":8,"worker_id":"20cb56de-0a8d-45ac-82aa-fb606118d991-27448","trial_id":27,"user_attr":{"deflated_objective":-0.7533496194173727}}
{"op_code":9,"worker_id":"6f1dcd2e-2806-43e5-9d37-9e99b7caefe8-18156","trial_id":24,"system_attr":{"constraints":[0.02666180591063185,0.07696241231882071,0.39999999999999997,0.33484848484848484,0.10408435099598938,-110.0,5.0,0.019285833452131952,0.5,-1247.5469127985937,0.08931159420289858,0.04206349206349208]}}
{"op_code":6,"worker_id":"6f1dcd2e-2806-43e5-9d37-9e99b7caefe8-18156","trial_id":24,"state":1,"values":[-0.3089108139922033],"datetime_complete":"2026-07-14T11:44:15.509379"}
{"op_code":6,"worker_id":"f1a38e21-63d0-4d8e-a7df-f29c66c7fa04-7108","trial_id":34,"state":1,"values":[-1.1092964489105812],"datetime_complete":"2026-07-14T11:44:15.501702"}
{"op_code":8,"worker_id":"cdf26eb8-f2cb-464f-a4ed-5b2444fe42c6-24364","trial_id":31,"user_attr":{"raw_metrics":[-0.16689864909288846,-0.028318366217891557,0.4,0.006424996278489118,0.09818181818181819,-0.027538136527338185,-0.13792671643506918,-0.20101194083690643,0.40869565217391307]}}
{"op_code":4,"worker_id":"c58988b4-3fba-4122-a9ef-d1a6ab091ad4-12024","study_id":0,"datetime_start":"2026-07-14T11:44:15.503746"}
{"op_code":8,"worker_id":"cdf26eb8-f2cb-464f-a4ed-5b2444fe42c6-24364","trial_id":31,"user_attr":{"val_metrics":[0.01365329765709182,-0.35374690794831287,0.21212121212121213,-0.1264772853827563,-6.148390947390296]}}
{"op_code":5,"worker_id":"c58988b4-3fba-4122-a9ef-d1a6ab091ad4-12024","trial_id":38,"param_name":"k_weight","param_value_internal":0.7685399195443727,"distribution":"{\"name\": \"FloatDistribution\", \"attributes\": {\"step\": null, \"low\": 0.0, \"high\": 1.5, \"log\": false}}"}
{"op_code":8,"worker_id":"cdf26eb8-f2cb-464f-a4ed-5b2444fe42c6-24364","trial_id":31,"user_attr":{"deflated_objective":-1.6574469342640987}}
{"op_code":8,"worker_id":"b8c0a37e-9ecb-494a-86c9-b894b04a1cdf-30084","trial_id":9,"user_attr":{"pruned_reasons":["M2 (Yearly Tail IC Mean <= 0)","M3 (Hit Rate < 60%)","M5 (Monotonicity <= 0.25)","Yearly Daily Win Rate (42.54% < 45%)","Side-specific Yearly Daily Win Rate (40.87% < 45%)"]}}
{"op_code":4,"worker_id":"e6225d0a-2611-4879-b2c9-1c4d028293b1-18156","study_id":0,"datetime_start":"2026-07-14T11:44:15.515168"}
{"op_code":5,"worker_id":"c58988b4-3fba-4122-a9ef-d1a6ab091ad4-12024","trial_id":38,"param_name":"unified_alpha","param_value_internal":5.042098706094454e-05,"distribution":"{\"name\": \"FloatDistribution\", \"attributes\": {\"step\": null, \"low\": 1e-05, \"high\": 10.0, \"log\": true}}"}
{"op_code":5,"worker_id":"e6225d0a-2611-4879-b2c9-1c4d028293b1-18156","trial_id":39,"param_name":"k_weight","param_value_internal":0.7235277811449612,"distribution":"{\"name\": \"FloatDistribution\", \"attributes\": {\"step\": null, \"low\": 0.0, \"high\": 1.5, \"log\": false}}"}
{"op_code":9,"worker_id":"cdf26eb8-f2cb-464f-a4ed-5b2444fe42c6-24364","trial_id":31,"system_attr":{"constraints":[-0.006424996278489118,0.028318366217891557,0.19999999999999996,0.1518181818181818,0.027538136527338185,-75.0,-7.0,0.011253346547464188,-0.09999999999999998,-1303.2225481578066,0.04130434782608694,0.024920634920634954]}}
{"op_code":5,"worker_id":"e6225d0a-2611-4879-b2c9-1c4d028293b1-18156","trial_id":39,"param_name":"unified_alpha","param_value_internal":5.3002592136157854e-05,"distribution":"{\"name\": \"FloatDistribution\", \"attributes\": {\"step\": null, \"low\": 1e-05, \"high\": 10.0, \"log\": true}}"}
{"op_code":9,"worker_id":"5722f4a9-53bf-4334-998c-126940559d60-23408","trial_id":36,"system_attr":{"constraints":[-0.011998532672301838,0.028326968470150017,0.0,0.14212121212121212,-0.012147974508837006,-107.0,-8.0,0.008478442596089649,-0.09999999999999998,-1223.2243210561103,0.04130434782608694,0.047301587301587344]}}
{"op_code":5,"worker_id":"c58988b4-3fba-4122-a9ef-d1a6ab091ad4-12024","trial_id":38,"param_name":"unified_rho","param_value_internal":0.4515379506982622,"distribution":"{\"name\": \"FloatDistribution\", \"attributes\": {\"step\": null, \"low\": 0.0, \"high\": 1.0, \"log\": false}}"}
{"op_code":6,"worker_id":"5722f4a9-53bf-4334-998c-126940559d60-23408","trial_id":36,"state":1,"values":[-1.1110866305878282],"datetime_complete":"2026-07-14T11:44:15.527566"}
{"op_code":5,"worker_id":"c58988b4-3fba-4122-a9ef-d1a6ab091ad4-12024","trial_id":38,"param_name":"unified_gamma","param_value_internal":1.6140212802083944,"distribution":"{\"name\": \"FloatDistribution\", \"attributes\": {\"step\": null, \"low\": 1.5, \"high\": 10000.0, \"log\": true}}"}
{"op_code":8,"worker_id":"6f84f8c0-2979-456f-ac22-c26def7130b4-24340","trial_id":29,"user_attr":{"constraints":[0.02666180591063185,0.07696241231882071,0.39999999999999997,0.33484848484848484,0.10408435099598938,-119.0,5.0,0.019285833452131952,0.5,-1226.0096893554387,0.08931159420289858,0.04206349206349208]}}
{"op_code":5,"worker_id":"e6225d0a-2611-4879-b2c9-1c4d028293b1-18156","trial_id":39,"param_name":"unified_rho","param_value_internal":0.4561063344587837,"distribution":"{\"name\": \"FloatDistribution\", \"attributes\": {\"step\": null, \"low\": 0.0, \"high\": 1.0, \"log\": false}}"}
{"op_code":8,"worker_id":"6f84f8c0-2979-456f-ac22-c26def7130b4-24340","trial_id":29,"user_attr":{"pruned_reasons":["M4 (Overall IC <= 0)","M2 (Yearly Tail IC Mean <= 0)","M3 (Hit Rate < 60%)","M5 (Monotonicity <= 0.25)","M6 (Top-Bottom Spread <= 0)","Active features count (0) is less than active feature floor (5)","Side-specific Yearly Tail IC Mean (-0.0193 <= 0)","Side-specific Hit Rate (0.00% < 50%)","Yearly Daily Win Rate (36.07% < 45%)","Side-specific Yearly Daily Win Rate (40.79% < 45%)"]}}
{"op_code":5,"worker_id":"4f386726-889f-49e5-92a8-99d52a169196-8436","trial_id":19,"param_name":"unified_rho","param_value_internal":0.3433036725425923,"distribution":"{\"name\": \"FloatDistribution\", \"attributes\": {\"step\": null, \"low\": 0.0, \"high\": 1.0, \"log\": false}}"}
{"op_code":6,"worker_id":"cdf26eb8-f2cb-464f-a4ed-5b2444fe42c6-24364","trial_id":31,"state":1,"values":[-1.2145053520350035],"datetime_complete":"2026-07-14T11:44:15.524915"}
{"op_code":4,"worker_id":"2e6d1831-6507-4e8c-acb1-e4e888d6bd2b-23408","study_id":0,"datetime_start":"2026-07-14T11:44:15.533567"}
{"op_code":5,"worker_id":"4f386726-889f-49e5-92a8-99d52a169196-8436","trial_id":19,"param_name":"unified_gamma","param_value_internal":435.2751988055667,"distribution":"{\"name\": \"FloatDistribution\", \"attributes\": {\"step\": null, \"low\": 1.5, \"high\": 10000.0, \"log\": true}}"}
{"op_code":5,"worker_id":"4f386726-889f-49e5-92a8-99d52a169196-8436","trial_id":19,"param_name":"huber_delta","param_value_internal":1.7789584943313028,"distribution":"{\"name\": \"FloatDistribution\", \"attributes\": {\"step\": null, \"low\": 0.5, \"high\": 5.0, \"log\": false}}"}
{"op_code":5,"worker_id":"c58988b4-3fba-4122-a9ef-d1a6ab091ad4-12024","trial_id":38,"param_name":"huber_delta","param_value_internal":1.4004743025429844,"distribution":"{\"name\": \"FloatDistribution\", \"attributes\": {\"step\": null, \"low\": 0.5, \"high\": 5.0, \"log\": false}}"}
{"op_code":5,"worker_id":"2e6d1831-6507-4e8c-acb1-e4e888d6bd2b-23408","trial_id":40,"param_name":"k_weight","param_value_internal":0.6353906513732624,"distribution":"{\"name\": \"FloatDistribution\", \"attributes\": {\"step\": null, \"low\": 0.0, \"high\": 1.5, \"log\": false}}"}
{"op_code":4,"worker_id":"b1e56240-b7ee-421f-8964-84952e98c173-24364","study_id":0,"datetime_start":"2026-07-14T11:44:15.540388"}
{"op_code":5,"worker_id":"2e6d1831-6507-4e8c-acb1-e4e888d6bd2b-23408","trial_id":40,"param_name":"unified_alpha","param_value_internal":5.5162754997220184e-05,"distribution":"{\"name\": \"FloatDistribution\", \"attributes\": {\"step\": null, \"low\": 1e-05, \"high\": 10.0, \"log\": true}}"}
{"op_code":5,"worker_id":"b1e56240-b7ee-421f-8964-84952e98c173-24364","trial_id":41,"param_name":"k_weight","param_value_internal":0.6630206299150664,"distribution":"{\"name\": \"FloatDistribution\", \"attributes\": {\"step\": null, \"low\": 0.0, \"high\": 1.5, \"log\": false}}"}
{"op_code":5,"worker_id":"b1e56240-b7ee-421f-8964-84952e98c173-24364","trial_id":41,"param_name":"unified_alpha","param_value_internal":4.6129017050214225e-05,"distribution":"{\"name\": \"FloatDistribution\", \"attributes\": {\"step\": null, \"low\": 1e-05, \"high\": 10.0, \"log\": true}}"}
{"op_code":5,"worker_id":"b1e56240-b7ee-421f-8964-84952e98c173-24364","trial_id":41,"param_name":"unified_rho","param_value_internal":0.49431591294594107,"distribution":"{\"name\": \"FloatDistribution\", \"attributes\": {\"step\": null, \"low\": 0.0, \"high\": 1.0, \"log\": false}}"}
{"op_code":5,"worker_id":"2e6d1831-6507-4e8c-acb1-e4e888d6bd2b-23408","trial_id":40,"param_name":"unified_rho","param_value_internal":0.502908258313745,"distribution":"{\"name\": \"FloatDistribution\", \"attributes\": {\"step\": null, \"low\": 0.0, \"high\": 1.0, \"log\": false}}"}
{"op_code":5,"worker_id":"b1e56240-b7ee-421f-8964-84952e98c173-24364","trial_id":41,"param_name":"unified_gamma","param_value_internal":1.8138818830778358,"distribution":"{\"name\": \"FloatDistribution\", \"attributes\": {\"step\": null, \"low\": 1.5, \"high\": 10000.0, \"log\": true}}"}
{"op_code":5,"worker_id":"e6225d0a-2611-4879-b2c9-1c4d028293b1-18156","trial_id":39,"param_name":"unified_gamma","param_value_internal":1.8389518705228278,"distribution":"{\"name\": \"FloatDistribution\", \"attributes\": {\"step\": null, \"low\": 1.5, \"high\": 10000.0, \"log\": true}}"}
{"op_code":5,"worker_id":"2e6d1831-6507-4e8c-acb1-e4e888d6bd2b-23408","trial_id":40,"param_name":"unified_gamma","param_value_internal":1.7808914540288585,"distribution":"{\"name\": \"FloatDistribution\", \"attributes\": {\"step\": null, \"low\": 1.5, \"high\": 10000.0, \"log\": true}}"}
{"op_code":5,"worker_id":"b1e56240-b7ee-421f-8964-84952e98c173-24364","trial_id":41,"param_name":"huber_delta","param_value_internal":2.3596938096106728,"distribution":"{\"name\": \"FloatDistribution\", \"attributes\": {\"step\": null, \"low\": 0.5, \"high\": 5.0, \"log\": false}}"}
{"op_code":5,"worker_id":"2e6d1831-6507-4e8c-acb1-e4e888d6bd2b-23408","trial_id":40,"param_name":"huber_delta","param_value_internal":2.4749442754900306,"distribution":"{\"name\": \"FloatDistribution\", \"attributes\": {\"step\": null, \"low\": 0.5, \"high\": 5.0, \"log\": false}}"}
{"op_code":8,"worker_id":"1b7e9abd-71df-4d45-aa77-d05189e5a8e6-6576","trial_id":37,"user_attr":{"cv_is_ics":[0.1164017841219902,0.10497209429740906,0.09907019138336182,0.08823459595441818,0.12111961096525192,0.14539234340190887,0.11093500256538391,0.1396082192659378,0.12098188698291779,0.1325121819972992,0.12668417394161224,0.1139313206076622,0.10447271913290024,0.09476710110902786,0.09870117157697678]}}
{"op_code":5,"worker_id":"e6225d0a-2611-4879-b2c9-1c4d028293b1-18156","trial_id":39,"param_name":"huber_delta","param_value_internal":1.427398795150207,"distribution":"{\"name\": \"FloatDistribution\", \"attributes\": {\"step\": null, \"low\": 0.5, \"high\": 5.0, \"log\": false}}"}
{"op_code":8,"worker_id":"1b7e9abd-71df-4d45-aa77-d05189e5a8e6-6576","trial_id":37,"user_attr":{"cv_oos_ics":[-0.00959372241050005,-0.0012741547543555498,-0.026384372264146805,0.031861621886491776,0.017467506229877472,0.002089432906359434,0.039256151765584946,-0.03251694142818451,0.017312806099653244,0.03809097409248352,0.03363531082868576,0.02752060256898403,0.030330145731568336,0.0836714655160904,0.026527315378189087]}}
{"op_code":8,"worker_id":"1b7e9abd-71df-4d45-aa77-d05189e5a8e6-6576","trial_id":37,"user_attr":{"reg_kappa":3.055713321283689}}
{"op_code":8,"worker_id":"1b7e9abd-71df-4d45-aa77-d05189e5a8e6-6576","trial_id":37,"user_attr":{"raw_metrics":[-0.13622442989454647,-0.020901567546647508,0.6,0.012537833529122609,0.18303030303030304,0.039124802382374944,-0.1071422283502948,-0.14152631163597107,0.41286231884057967]}}
{"op_code":8,"worker_id":"1b7e9abd-71df-4d45-aa77-d05189e5a8e6-6576","trial_id":37,"user_attr":{"val_metrics":[-0.01212337236675425,-0.19244154195074248,0.01818181818181818,0.10544813967620334,-5.958164312217137]}}
{"op_code":8,"worker_id":"1b7e9abd-71df-4d45-aa77-d05189e5a8e6-6576","trial_id":37,"user_attr":{"deflated_objective":-1.537460579084674}}
{"op_code":8,"worker_id":"6f84f8c0-2979-456f-ac22-c26def7130b4-24340","trial_id":29,"user_attr":{"gini":0.0}}
{"op_code":8,"worker_id":"6f84f8c0-2979-456f-ac22-c26def7130b4-24340","trial_id":29,"user_attr":{"cv_is_ics":[0.0,0.0,0.0,0.0,0.0,0.0,0.0,0.0,0.0,0.0,0.0,0.0,0.0,0.0,0.0]}}
{"op_code":8,"worker_id":"6f84f8c0-2979-456f-ac22-c26def7130b4-24340","trial_id":29,"user_attr":{"cv_oos_ics":[0.0,0.0,0.0,0.0,0.0,0.0,0.0,0.0,0.0,0.0,0.0,0.0,0.0,0.0,0.0]}}
{"op_code":9,"worker_id":"1b7e9abd-71df-4d45-aa77-d05189e5a8e6-6576","trial_id":37,"system_attr":{"constraints":[-0.012537833529122609,0.020901567546647508,0.0,0.06696969696969696,-0.039124802382374944,-108.0,-8.0,0.054489347430523895,0.09999999999999998,-1220.7253955349174,0.037137681159420344,0.03619047619047616]}}
{"op_code":8,"worker_id":"614cf453-b5f0-411a-8704-1bd7fad7d7c9-22852","trial_id":35,"user_attr":{"cv_is_ics":[0.1127157211303711,0.10406479239463806,0.09431728720664978,0.08594994246959686,0.11875983327627182,0.14464028179645538,0.10572867095470428,0.13994872570037842,0.12229365110397339,0.1266205906867981,0.1258154958486557,0.11508652567863464,0.09864731878042221,0.08783607184886932,0.09632051736116409]}}
{"op_code":6,"worker_id":"1b7e9abd-71df-4d45-aa77-d05189e5a8e6-6576","trial_id":37,"state":1,"values":[-1.0958641579748998],"datetime_complete":"2026-07-14T11:44:15.574536"}
{"op_code":8,"worker_id":"6f84f8c0-2979-456f-ac22-c26def7130b4-24340","trial_id":29,"user_attr":{"reg_kappa":2.786411261016434}}
{"op_code":8,"worker_id":"6f84f8c0-2979-456f-ac22-c26def7130b4-24340","trial_id":29,"user_attr":{"raw_metrics":[-0.6194818348253652,-0.07696241231882071,0.2,-0.02666180591063185,-0.08484848484848487,-0.10408435099598938,-0.0,-0.0,0.36068840579710143]}}
{"op_code":8,"worker_id":"c58988b4-3fba-4122-a9ef-d1a6ab091ad4-12024","trial_id":38,"user_attr":{"constraints":[-0.008991860111131737,0.03129682667587673,0.0,0.0790909090909091,-0.01013691626755513,-73.0,-8.0,0.016189963273259944,0.09999999999999998,-1305.6565029639432,0.04547101449275365,0.030634920634920626]}}
{"op_code":8,"worker_id":"4f386726-889f-49e5-92a8-99d52a169196-8436","trial_id":19,"user_attr":{"constraints":[-0.009098440017221994,0.02653558442913139,0.0,0.07666666666666666,0.005316923561123543,-55.0,-8.0,0.058754338813852724,0.09999999999999998,-1361.2923439078488,0.04130434782608694,0.03031746031746041]}}
{"op_code":8,"worker_id":"c58988b4-3fba-4122-a9ef-d1a6ab091ad4-12024","trial_id":38,"user_attr":{"pruned_reasons":["M2 (Yearly Tail IC Mean <= 0)","M5 (Monotonicity <= 0.25)","Side-specific Yearly Tail IC Mean (-0.0162 <= 0)","Side-specific Hit Rate (40.00% < 50%)","Yearly Daily Win Rate (40.45% < 45%)","Side-specific Yearly Daily Win Rate (41.94% < 45%)"]}}
{"op_code":8,"worker_id":"4f386726-889f-49e5-92a8-99d52a169196-8436","trial_id":19,"user_attr":{"pruned_reasons":["M2 (Yearly Tail IC Mean <= 0)","M5 (Monotonicity <= 0.25)","M6 (Top-Bottom Spread <= 0)","Side-specific Yearly Tail IC Mean (-0.0588 <= 0)","Side-specific Hit Rate (40.00% < 50%)","Yearly Daily Win Rate (40.87% < 45%)","Side-specific Yearly Daily Win Rate (41.97% < 45%)"]}}
{"op_code":8,"worker_id":"4f386726-889f-49e5-92a8-99d52a169196-8436","trial_id":19,"user_attr":{"gini":0.3568133915088927}}
{"op_code":8,"worker_id":"c58988b4-3fba-4122-a9ef-d1a6ab091ad4-12024","trial_id":38,"user_attr":{"gini":0.33369627097656696}}
{"op_code":8,"worker_id":"c58988b4-3fba-4122-a9ef-d1a6ab091ad4-12024","trial_id":38,"user_attr":{"cv_is_ics":[0.11290307343006134,0.10253527015447617,0.09387289732694626,0.08482948690652847,0.11839926242828369,0.14360657334327698,0.10363563895225525,0.14021743834018707,0.12058204412460327,0.12546215951442719,0.1232161596417427,0.11365173757076263,0.09823019802570343,0.08745802193880081,0.09633167833089828]}}
{"op_code":8,"worker_id":"b8c0a37e-9ecb-494a-86c9-b894b04a1cdf-30084","trial_id":9,"user_attr":{"gini":0.32591108303402416}}
{"op_code":8,"worker_id":"c58988b4-3fba-4122-a9ef-d1a6ab091ad4-12024","trial_id":38,"user_attr":{"cv_oos_ics":[-0.00224075629375875,0.011599084362387657,-0.04720408469438553,0.02032754197716713,0.002984883962199092,-0.007932872511446476,0.022208241745829582,-0.038843851536512375,0.012505261227488518,0.039397452026605606,0.030649155378341675,0.03400569409132004,0.04310312122106552,0.08517258614301682,0.03225331753492355]}}
{"op_code":8,"worker_id":"c58988b4-3fba-4122-a9ef-d1a6ab091ad4-12024","trial_id":38,"user_attr":{"reg_kappa":3.2721774559786256}}
{"op_code":8,"worker_id":"c58988b4-3fba-4122-a9ef-d1a6ab091ad4-12024","trial_id":38,"user_attr":{"raw_metrics":[-0.1741104713159415,-0.03129682667587673,0.6,0.008991860111131737,0.1709090909090909,0.01013691626755513,-0.1509299191183661,-0.23243533074855804,0.40452898550724636]}}
{"op_code":8,"worker_id":"b1e56240-b7ee-421f-8964-84952e98c173-24364","trial_id":41,"user_attr":{"constraints":[-0.007013764876945163,0.014622963350636226,0.0,0.24636363636363634,-0.048854076244332946,-80.0,-8.0,0.029996150782014664,-0.09999999999999998,-1284.6843356112165,0.011775362318840632,0.013650793650793691]}}
{"op_code":8,"worker_id":"b1e56240-b7ee-421f-8964-84952e98c173-24364","trial_id":41,"user_attr":{"pruned_reasons":["M2 (Yearly Tail IC Mean <= 0)","M5 (Monotonicity <= 0.25)","Side-specific Yearly Tail IC Mean (-0.0300 <= 0)","Yearly Daily Win Rate (43.82% < 45%)","Side-specific Yearly Daily Win Rate (43.63% < 45%)"]}}
{"op_code":8,"worker_id":"b1e56240-b7ee-421f-8964-84952e98c173-24364","trial_id":41,"user_attr":{"gini":0.33037425288891087}}
{"op_code":8,"worker_id":"2e6d1831-6507-4e8c-acb1-e4e888d6bd2b-23408","trial_id":40,"user_attr":{"constraints":[-0.008984982330230038,0.016011539593506048,0.0,0.20757575757575758,-0.02567659327675754,-83.0,-8.0,0.049358259226266646,-0.09999999999999998,-1279.469002677512,0.01594202898550723,0.013809523809523883]}}
{"op_code":8,"worker_id":"2e6d1831-6507-4e8c-acb1-e4e888d6bd2b-23408","trial_id":40,"user_attr":{"pruned_reasons":["M2 (Yearly Tail IC Mean <= 0)","M5 (Monotonicity <= 0.25)","Side-specific Yearly Tail IC Mean (-0.0494 <= 0)","Yearly Daily Win Rate (43.41% < 45%)","Side-specific Yearly Daily Win Rate (43.62% < 45%)"]}}
{"op_code":8,"worker_id":"2e6d1831-6507-4e8c-acb1-e4e888d6bd2b-23408","trial_id":40,"user_attr":{"gini":0.32574585480639695}}
{"op_code":4,"worker_id":"195977b9-eae0-41da-bbf9-dd60d798d0e9-6576","study_id":0,"datetime_start":"2026-07-14T11:44:15.582356"}
{"op_code":8,"worker_id":"c58988b4-3fba-4122-a9ef-d1a6ab091ad4-12024","trial_id":38,"user_attr":{"val_metrics":[0.006626013696388743,-0.10686260618478416,0.11515151515151516,0.049212531281122254,-5.040487106018628]}}
{"op_code":8,"worker_id":"e6225d0a-2611-4879-b2c9-1c4d028293b1-18156","trial_id":39,"user_attr":{"constraints":[-0.009997753835560097,0.031898822462323506,0.0,0.08393939393939392,-0.0381396517108604,-76.0,-8.0,0.01667293982082555,0.09999999999999998,-1296.5038599834766,0.037137681159420344,0.030634920634920626]}}
{"op_code":8,"worker_id":"e6225d0a-2611-4879-b2c9-1c4d028293b1-18156","trial_id":39,"user_attr":{"pruned_reasons":["M2 (Yearly Tail IC Mean <= 0)","M5 (Monotonicity <= 0.25)","Side-specific Yearly Tail IC Mean (-0.0167 <= 0)","Side-specific Hit Rate (40.00% < 50%)","Yearly Daily Win Rate (41.29% < 45%)","Side-specific Yearly Daily Win Rate (41.94% < 45%)"]}}
{"op_code":8,"worker_id":"e6225d0a-2611-4879-b2c9-1c4d028293b1-18156","trial_id":39,"user_attr":{"gini":0.33394066760476515}}
{"op_code":8,"worker_id":"e6225d0a-2611-4879-b2c9-1c4d028293b1-18156","trial_id":39,"user_attr":{"cv_is_ics":[0.11347626149654388,0.10291357338428497,0.09432649612426758,0.08464791625738144,0.11833103746175766,0.1441752165555954,0.1035856083035469,0.14059337973594666,0.12080066651105881,0.12545233964920044,0.12226501852273941,0.11411898583173752,0.09884508699178696,0.0879889652132988,0.09604871273040771]}}
{"op_code":5,"worker_id":"195977b9-eae0-41da-bbf9-dd60d798d0e9-6576","trial_id":42,"param_name":"k_weight","param_value_internal":0.6421283040620384,"distribution":"{\"name\": \"FloatDistribution\", \"attributes\": {\"step\": null, \"low\": 0.0, \"high\": 1.5, \"log\": false}}"}
{"op_code":8,"worker_id":"c58988b4-3fba-4122-a9ef-d1a6ab091ad4-12024","trial_id":38,"user_attr":{"deflated_objective":-1.1302399690139946}}
{"op_code":8,"worker_id":"2e6d1831-6507-4e8c-acb1-e4e888d6bd2b-23408","trial_id":40,"user_attr":{"cv_is_ics":[0.10872908681631088,0.10264589637517929,0.09077460318803787,0.08684806525707245,0.11560728400945663,0.136881485581398,0.08706386387348175,0.12905530631542206,0.11754711717367172,0.12192568928003311,0.10206744074821472,0.10575065016746521,0.09697841107845306,0.0924905315041542,0.09275717288255692]}}
{"op_code":8,"worker_id":"2e6d1831-6507-4e8c-acb1-e4e888d6bd2b-23408","trial_id":40,"user_attr":{"cv_oos_ics":[0.016194406896829605,0.0026509249582886696,-0.04937906563282013,0.014695112593472004,-0.010639974847435951,-0.02370729297399521,0.0054114703088998795,-0.022633926942944527,0.014201593585312366,0.0217395331710577,0.033987052738666534,0.026666250079870224,0.06214947625994682,0.08732285350561142,0.03318758308887482]}}
{"op_code":8,"worker_id":"2e6d1831-6507-4e8c-acb1-e4e888d6bd2b-23408","trial_id":40,"user_attr":{"reg_kappa":3.2065496906519693}}
{"op_code":8,"worker_id":"2e6d1831-6507-4e8c-acb1-e4e888d6bd2b-23408","trial_id":40,"user_attr":{"raw_metrics":[-0.13785520396649814,-0.016011539593506048,0.6,0.008984982330230038,0.042424242424242434,0.02567659327675754,-0.1353796556778326,-0.2087949812412262,0.4340579710144928]}}
{"op_code":8,"worker_id":"2e6d1831-6507-4e8c-acb1-e4e888d6bd2b-23408","trial_id":40,"user_attr":{"val_metrics":[-0.013146106107235584,-0.26038864636986725,-0.23636363636363636,0.17440310174234858,-5.795587597652975]}}
{"op_code":8,"worker_id":"6f84f8c0-2979-456f-ac22-c26def7130b4-24340","trial_id":29,"user_attr":{"val_metrics":[0.0,0.0,-0.34545454545454546,-0.16481733128455456,-4.181707882560634]}}
{"op_code":8,"worker_id":"e6225d0a-2611-4879-b2c9-1c4d028293b1-18156","trial_id":39,"user_attr":{"cv_oos_ics":[-0.0031201737001538277,0.010956713929772377,-0.04482750594615936,0.02118617296218872,0.0033321112859994173,-0.008205149322748184,0.023398451507091522,-0.03791118785738945,0.014023463241755962,0.03917570412158966,0.03163056820631027,0.03346075490117073,0.04272128641605377,0.08520829677581787,0.0311577171087265]}}
{"op_code":8,"worker_id":"e6225d0a-2611-4879-b2c9-1c4d028293b1-18156","trial_id":39,"user_attr":{"reg_kappa":3.2492337360059373}}
{"op_code":8,"worker_id":"e6225d0a-2611-4879-b2c9-1c4d028293b1-18156","trial_id":39,"user_attr":{"raw_metrics":[-0.17795053526313415,-0.031898822462323506,0.6,0.009997753835560097,0.16606060606060608,0.0381396517108604,-0.14532510634973458,-0.22354327142238617,0.41286231884057967]}}
{"op_code":8,"worker_id":"e6225d0a-2611-4879-b2c9-1c4d028293b1-18156","trial_id":39,"user_attr":{"val_metrics":[0.005299140828957221,-0.11940800229027877,0.06666666666666667,0.07201453692455224,-4.808612308678132]}}
{"op_code":8,"worker_id":"2e6d1831-6507-4e8c-acb1-e4e888d6bd2b-23408","trial_id":40,"user_attr":{"deflated_objective":-1.526210172780218}}
{"op_code":9,"worker_id":"2e6d1831-6507-4e8c-acb1-e4e888d6bd2b-23408","trial_id":40,"system_attr":{"constraints":[-0.008984982330230038,0.016011539593506048,0.0,0.20757575757575758,-0.02567659327675754,-83.0,-8.0,0.049358259226266646,-0.09999999999999998,-1279.469002677512,0.01594202898550723,0.013809523809523883]}}
{"op_code":8,"worker_id":"b8c0a37e-9ecb-494a-86c9-b894b04a1cdf-30084","trial_id":9,"user_attr":{"cv_is_ics":[0.11123598366975784,0.09940361231565475,0.09058471024036407,0.08723288774490356,0.11860363930463791,0.1449158787727356,0.09589647501707077,0.13252873718738556,0.12045085430145264,0.12696798145771027,0.11394760012626648,0.10407847911119461,0.10220524668693542,0.09598647058010101,0.09586437046527863]}}
{"op_code":8,"worker_id":"e6225d0a-2611-4879-b2c9-1c4d028293b1-18156","trial_id":39,"user_attr":{"deflated_objective":-1.0502765679406334}}
{"op_code":6,"worker_id":"2e6d1831-6507-4e8c-acb1-e4e888d6bd2b-23408","trial_id":40,"state":1,"values":[-1.0835691327467083],"datetime_complete":"2026-07-14T11:44:15.623323"}
{"op_code":8,"worker_id":"b8c0a37e-9ecb-494a-86c9-b894b04a1cdf-30084","trial_id":9,"user_attr":{"cv_oos_ics":[0.015607417561113834,-0.006189961452037096,-0.029376555234193802,0.018295498564839363,-0.003806372871622443,-0.016436127945780754,0.012821952812373638,-0.028927091509103775,0.011842424049973488,0.021071190014481544,0.03403165936470032,0.029686637222766876,0.06198190897703171,0.07898756861686707,0.035188939422369]}}
{"op_code":9,"worker_id":"e6225d0a-2611-4879-b2c9-1c4d028293b1-18156","trial_id":39,"system_attr":{"constraints":[-0.009997753835560097,0.031898822462323506,0.0,0.08393939393939392,-0.0381396517108604,-76.0,-8.0,0.01667293982082555,0.09999999999999998,-1296.5038599834766,0.037137681159420344,0.030634920634920626]}}
{"op_code":6,"worker_id":"e6225d0a-2611-4879-b2c9-1c4d028293b1-18156","trial_id":39,"state":1,"values":[-0.600239204576619],"datetime_complete":"2026-07-14T11:44:15.628291"}
{"op_code":8,"worker_id":"b1e56240-b7ee-421f-8964-84952e98c173-24364","trial_id":41,"user_attr":{"cv_is_ics":[0.1083291694521904,0.10377420485019684,0.09075267612934113,0.08562522381544113,0.11620763689279556,0.13718809187412262,0.0876493826508522,0.12974408268928528,0.11681066453456879,0.12176968157291412,0.10441255569458008,0.10691970586776733,0.09775590896606445,0.09193731099367142,0.09318184107542038]}}
{"op_code":8,"worker_id":"b8c0a37e-9ecb-494a-86c9-b894b04a1cdf-30084","trial_id":9,"user_attr":{"reg_kappa":3.0188892237862577}}
{"op_code":8,"worker_id":"b8c0a37e-9ecb-494a-86c9-b894b04a1cdf-30084","trial_id":9,"user_attr":{"raw_metrics":[-0.22733562506523325,-0.029907687310219165,0.4,0.007512217927416717,0.21454545454545454,0.09327519932090515,-0.10213822782439741,-0.13432563841342926,0.4253623188405797]}}
{"op_code":8,"worker_id":"b8c0a37e-9ecb-494a-86c9-b894b04a1cdf-30084","trial_id":9,"user_attr":{"val_metrics":[-0.003951611113307985,-0.12230933278489742,-0.030303030303030304,-0.07024616214271256,-5.798139519924737]}}
{"op_code":8,"worker_id":"b1e56240-b7ee-421f-8964-84952e98c173-24364","trial_id":41,"user_attr":{"cv_oos_ics":[0.011946381069719791,0.004039834253489971,-0.05333679914474487,0.012037497945129871,-0.010068461298942566,-0.02067173644900322,0.007694794796407223,-0.02371024154126644,0.015566506423056126,0.024109993129968643,0.03225543349981308,0.02636733278632164,0.061682503670454025,0.08657744526863098,0.03248635679483414]}}
{"op_code":8,"worker_id":"b8c0a37e-9ecb-494a-86c9-b894b04a1cdf-30084","trial_id":9,"user_attr":{"deflated_objective":-1.4307166024615898}}
{"op_code":9,"worker_id":"b8c0a37e-9ecb-494a-86c9-b894b04a1cdf-30084","trial_id":9,"system_attr":{"constraints":[-0.007512217927416717,0.029907687310219165,0.19999999999999996,0.03545454545454546,-0.09327519932090515,-114.0,-8.0,-0.05672535201946967,-0.09999999999999998,-1204.8019077427664,0.024637681159420333,0.04126984126984129]}}
{"op_code":6,"worker_id":"b8c0a37e-9ecb-494a-86c9-b894b04a1cdf-30084","trial_id":9,"state":1,"values":[-1.0078326661235453],"datetime_complete":"2026-07-14T11:44:15.639373"}
{"op_code":8,"worker_id":"b1e56240-b7ee-421f-8964-84952e98c173-24364","trial_id":41,"user_attr":{"reg_kappa":3.2196408292131076}}
{"op_code":8,"worker_id":"614cf453-b5f0-411a-8704-1bd7fad7d7c9-22852","trial_id":35,"user_attr":{"cv_oos_ics":[-0.004507281351834536,0.010051100514829159,-0.04149093106389046,0.022520888596773148,0.006651236675679684,-0.006786881014704704,0.02345540001988411,-0.04389028623700142,0.011871500872075558,0.03944741562008858,0.033701084554195404,0.035272736102342606,0.038805410265922546,0.08297037333250046,0.030785083770751953]}}
{"op_code":4,"worker_id":"be7425ed-96a1-4692-ab1e-5480910fda43-18156","study_id":0,"datetime_start":"2026-07-14T11:44:15.634783"}
{"op_code":8,"worker_id":"614cf453-b5f0-411a-8704-1bd7fad7d7c9-22852","trial_id":35,"user_attr":{"reg_kappa":3.2428055855065834}}
{"op_code":8,"worker_id":"614cf453-b5f0-411a-8704-1bd7fad7d7c9-22852","trial_id":35,"user_attr":{"raw_metrics":[-0.1391826575327514,-0.02408177135823257,0.6,0.010408481900126236,0.10545454545454547,0.02572939801231423,-0.14432694193942716,-0.219511479139328,0.40869565217391307]}}
{"op_code":8,"worker_id":"614cf453-b5f0-411a-8704-1bd7fad7d7c9-22852","trial_id":35,"user_attr":{"val_metrics":[0.005414731277494648,-0.08960223874169371,0.17575757575757575,0.1843518100247003,-5.05272290255367]}}
{"op_code":5,"worker_id":"be7425ed-96a1-4692-ab1e-5480910fda43-18156","trial_id":43,"param_name":"k_weight","param_value_internal":0.5854597128056983,"distribution":"{\"name\": \"FloatDistribution\", \"attributes\": {\"step\": null, \"low\": 0.0, \"high\": 1.5, \"log\": false}}"}
{"op_code":8,"worker_id":"6f84f8c0-2979-456f-ac22-c26def7130b4-24340","trial_id":29,"user_attr":{"deflated_objective":-0.8059482762479315}}
{"op_code":8,"worker_id":"614cf453-b5f0-411a-8704-1bd7fad7d7c9-22852","trial_id":35,"user_attr":{"deflated_objective":-1.0873896852951406}}
{"op_code":9,"worker_id":"6f84f8c0-2979-456f-ac22-c26def7130b4-24340","trial_id":29,"system_attr":{"constraints":[0.02666180591063185,0.07696241231882071,0.39999999999999997,0.33484848484848484,0.10408435099598938,-119.0,5.0,0.019285833452131952,0.5,-1226.0096893554387,0.08931159420289858,0.04206349206349208]}}
{"op_code":6,"worker_id":"6f84f8c0-2979-456f-ac22-c26def7130b4-24340","trial_id":29,"state":1,"values":[-0.34345626853420336],"datetime_complete":"2026-07-14T11:44:15.656121"}
{"op_code":8,"worker_id":"b1e56240-b7ee-421f-8964-84952e98c173-24364","trial_id":41,"user_attr":{"raw_metrics":[-0.12820100441732296,-0.014622963350636226,0.6,0.007013764876945163,0.0036363636363636485,0.048854076244332946,-0.1383548503234978,-0.21393786370754242,0.4382246376811594]}}
{"op_code":8,"worker_id":"b1e56240-b7ee-421f-8964-84952e98c173-24364","trial_id":41,"user_attr":{"val_metrics":[-0.013697248397980576,-0.20329840375768268,-0.10303030303030303,0.17440310174234858,-5.685457668411436]}}
{"op_code":4,"worker_id":"3ca06108-ef01-4b9d-bb72-042f900c56ae-24340","study_id":0,"datetime_start":"2026-07-14T11:44:15.662659"}
{"op_code":9,"worker_id":"614cf453-b5f0-411a-8704-1bd7fad7d7c9-22852","trial_id":35,"system_attr":{"constraints":[-0.010408481900126236,0.02408177135823257,0.0,0.14454545454545453,-0.02572939801231423,-77.0,-8.0,0.024455629161511522,0.09999999999999998,-1294.8450774100988,0.04130434782608694,0.02507936507936509]}}
{"op_code":5,"worker_id":"3ca06108-ef01-4b9d-bb72-042f900c56ae-24340","trial_id":44,"param_name":"k_weight","param_value_internal":0.5926766664070326,"distribution":"{\"name\": \"FloatDistribution\", \"attributes\": {\"step\": null, \"low\": 0.0, \"high\": 1.5, \"log\": false}}"}
{"op_code":6,"worker_id":"614cf453-b5f0-411a-8704-1bd7fad7d7c9-22852","trial_id":35,"state":1,"values":[-0.6750404867459754],"datetime_complete":"2026-07-14T11:44:15.665507"}
{"op_code":5,"worker_id":"3ca06108-ef01-4b9d-bb72-042f900c56ae-24340","trial_id":44,"param_name":"unified_alpha","param_value_internal":0.0032787394731545287,"distribution":"{\"name\": \"FloatDistribution\", \"attributes\": {\"step\": null, \"low\": 1e-05, \"high\": 10.0, \"log\": true}}"}
{"op_code":5,"worker_id":"3ca06108-ef01-4b9d-bb72-042f900c56ae-24340","trial_id":44,"param_name":"unified_rho","param_value_internal":0.578531911148097,"distribution":"{\"name\": \"FloatDistribution\", \"attributes\": {\"step\": null, \"low\": 0.0, \"high\": 1.0, \"log\": false}}"}
{"op_code":5,"worker_id":"3ca06108-ef01-4b9d-bb72-042f900c56ae-24340","trial_id":44,"param_name":"unified_gamma","param_value_internal":5.1105063723248945,"distribution":"{\"name\": \"FloatDistribution\", \"attributes\": {\"step\": null, \"low\": 1.5, \"high\": 10000.0, \"log\": true}}"}
{"op_code":8,"worker_id":"b1e56240-b7ee-421f-8964-84952e98c173-24364","trial_id":41,"user_attr":{"deflated_objective":-1.423346298474772}}
{"op_code":4,"worker_id":"de424a4d-923d-4b6f-936b-9250789a9477-22852","study_id":0,"datetime_start":"2026-07-14T11:44:15.673568"}
{"op_code":5,"worker_id":"3ca06108-ef01-4b9d-bb72-042f900c56ae-24340","trial_id":44,"param_name":"huber_delta","param_value_internal":4.129326961985568,"distribution":"{\"name\": \"FloatDistribution\", \"attributes\": {\"step\": null, \"low\": 0.5, \"high\": 5.0, \"log\": false}}"}
{"op_code":5,"worker_id":"de424a4d-923d-4b6f-936b-9250789a9477-22852","trial_id":45,"param_name":"k_weight","param_value_internal":0.5742624374810902,"distribution":"{\"name\": \"FloatDistribution\", \"attributes\": {\"step\": null, \"low\": 0.0, \"high\": 1.5, \"log\": false}}"}
{"op_code":5,"worker_id":"de424a4d-923d-4b6f-936b-9250789a9477-22852","trial_id":45,"param_name":"unified_alpha","param_value_internal":0.0037718808846019707,"distribution":"{\"name\": \"FloatDistribution\", \"attributes\": {\"step\": null, \"low\": 1e-05, \"high\": 10.0, \"log\": true}}"}
{"op_code":5,"worker_id":"de424a4d-923d-4b6f-936b-9250789a9477-22852","trial_id":45,"param_name":"unified_rho","param_value_internal":0.5732819021874341,"distribution":"{\"name\": \"FloatDistribution\", \"attributes\": {\"step\": null, \"low\": 0.0, \"high\": 1.0, \"log\": false}}"}
{"op_code":9,"worker_id":"b1e56240-b7ee-421f-8964-84952e98c173-24364","trial_id":41,"system_attr":{"constraints":[-0.007013764876945163,0.014622963350636226,0.0,0.24636363636363634,-0.048854076244332946,-80.0,-8.0,0.029996150782014664,-0.09999999999999998,-1284.6843356112165,0.011775362318840632,0.013650793650793691]}}
{"op_code":5,"worker_id":"de424a4d-923d-4b6f-936b-9250789a9477-22852","trial_id":45,"param_name":"unified_gamma","param_value_internal":4.919388693538808,"distribution":"{\"name\": \"FloatDistribution\", \"attributes\": {\"step\": null, \"low\": 1.5, \"high\": 10000.0, \"log\": true}}"}
{"op_code":5,"worker_id":"de424a4d-923d-4b6f-936b-9250789a9477-22852","trial_id":45,"param_name":"huber_delta","param_value_internal":4.092639691247243,"distribution":"{\"name\": \"FloatDistribution\", \"attributes\": {\"step\": null, \"low\": 0.5, \"high\": 5.0, \"log\": false}}"}
{"op_code":5,"worker_id":"be7425ed-96a1-4692-ab1e-5480910fda43-18156","trial_id":43,"param_name":"unified_alpha","param_value_internal":0.003535483454071932,"distribution":"{\"name\": \"FloatDistribution\", \"attributes\": {\"step\": null, \"low\": 1e-05, \"high\": 10.0, \"log\": true}}"}
{"op_code":6,"worker_id":"b1e56240-b7ee-421f-8964-84952e98c173-24364","trial_id":41,"state":1,"values":[-1.0034028449089765],"datetime_complete":"2026-07-14T11:44:15.683859"}
{"op_code":5,"worker_id":"be7425ed-96a1-4692-ab1e-5480910fda43-18156","trial_id":43,"param_name":"unified_rho","param_value_internal":0.5789156092554879,"distribution":"{\"name\": \"FloatDistribution\", \"attributes\": {\"step\": null, \"low\": 0.0, \"high\": 1.0, \"log\": false}}"}
{"op_code":5,"worker_id":"be7425ed-96a1-4692-ab1e-5480910fda43-18156","trial_id":43,"param_name":"unified_gamma","param_value_internal":5.022267897483055,"distribution":"{\"name\": \"FloatDistribution\", \"attributes\": {\"step\": null, \"low\": 1.5, \"high\": 10000.0, \"log\": true}}"}
{"op_code":5,"worker_id":"be7425ed-96a1-4692-ab1e-5480910fda43-18156","trial_id":43,"param_name":"huber_delta","param_value_internal":4.20414447253331,"distribution":"{\"name\": \"FloatDistribution\", \"attributes\": {\"step\": null, \"low\": 0.5, \"high\": 5.0, \"log\": false}}"}
{"op_code":4,"worker_id":"9b4746b3-9e6a-4d60-b3ed-ad32d614d569-24364","study_id":0,"datetime_start":"2026-07-14T11:44:15.694582"}
{"op_code":5,"worker_id":"9b4746b3-9e6a-4d60-b3ed-ad32d614d569-24364","trial_id":46,"param_name":"k_weight","param_value_internal":0.5272842960663652,"distribution":"{\"name\": \"FloatDistribution\", \"attributes\": {\"step\": null, \"low\": 0.0, \"high\": 1.5, \"log\": false}}"}
{"op_code":5,"worker_id":"9b4746b3-9e6a-4d60-b3ed-ad32d614d569-24364","trial_id":46,"param_name":"unified_alpha","param_value_internal":0.0034560638026561214,"distribution":"{\"name\": \"FloatDistribution\", \"attributes\": {\"step\": null, \"low\": 1e-05, \"high\": 10.0, \"log\": true}}"}
{"op_code":5,"worker_id":"9b4746b3-9e6a-4d60-b3ed-ad32d614d569-24364","trial_id":46,"param_name":"unified_rho","param_value_internal":0.2587847355328389,"distribution":"{\"name\": \"FloatDistribution\", \"attributes\": {\"step\": null, \"low\": 0.0, \"high\": 1.0, \"log\": false}}"}
{"op_code":5,"worker_id":"9b4746b3-9e6a-4d60-b3ed-ad32d614d569-24364","trial_id":46,"param_name":"unified_gamma","param_value_internal":5.162607166997266,"distribution":"{\"name\": \"FloatDistribution\", \"attributes\": {\"step\": null, \"low\": 1.5, \"high\": 10000.0, \"log\": true}}"}
{"op_code":5,"worker_id":"9b4746b3-9e6a-4d60-b3ed-ad32d614d569-24364","trial_id":46,"param_name":"huber_delta","param_value_internal":4.354900659222861,"distribution":"{\"name\": \"FloatDistribution\", \"attributes\": {\"step\": null, \"low\": 0.5, \"high\": 5.0, \"log\": false}}"}
{"op_code":4,"worker_id":"824752d2-763b-4720-a0ef-fe35826b4464-23408","study_id":0,"datetime_start":"2026-07-14T11:44:15.708764"}
{"op_code":5,"worker_id":"824752d2-763b-4720-a0ef-fe35826b4464-23408","trial_id":47,"param_name":"k_weight","param_value_internal":0.5579399139266938,"distribution":"{\"name\": \"FloatDistribution\", \"attributes\": {\"step\": null, \"low\": 0.0, \"high\": 1.5, \"log\": false}}"}
{"op_code":5,"worker_id":"824752d2-763b-4720-a0ef-fe35826b4464-23408","trial_id":47,"param_name":"unified_alpha","param_value_internal":0.0030359475068437816,"distribution":"{\"name\": \"FloatDistribution\", \"attributes\": {\"step\": null, \"low\": 1e-05, \"high\": 10.0, \"log\": true}}"}
{"op_code":8,"worker_id":"3ca06108-ef01-4b9d-bb72-042f900c56ae-24340","trial_id":44,"user_attr":{"constraints":[-0.006865805274559704,0.012856297294851276,0.19999999999999996,0.1712121212121212,0.05265393706299545,-86.0,-8.0,-0.05474086062321354,-0.09999999999999998,-1271.6353515385865,0.049818840579710144,0.035873015873015945]}}
{"op_code":5,"worker_id":"824752d2-763b-4720-a0ef-fe35826b4464-23408","trial_id":47,"param_name":"unified_rho","param_value_internal":0.2708637054360945,"distribution":"{\"name\": \"FloatDistribution\", \"attributes\": {\"step\": null, \"low\": 0.0, \"high\": 1.0, \"log\": false}}"}
{"op_code":8,"worker_id":"4f386726-889f-49e5-92a8-99d52a169196-8436","trial_id":19,"user_attr":{"cv_is_ics":[0.11150489747524261,0.10104814916849136,0.08967432379722595,0.08128012716770172,0.11584167927503586,0.1374083012342453,0.09511291980743408,0.13385078310966492,0.11545237898826599,0.12056605517864227,0.11128493398427963,0.11083639413118362,0.09472330659627914,0.0892355814576149,0.09397166222333908]}}
{"op_code":8,"worker_id":"54467eea-4894-4d13-b137-4cade4b62dee-4680","trial_id":8,"user_attr":{"gini":0.0}}
{"op_code":8,"worker_id":"3ca06108-ef01-4b9d-bb72-042f900c56ae-24340","trial_id":44,"user_attr":{"pruned_reasons":["M2 (Yearly Tail IC Mean <= 0)","M3 (Hit Rate < 60%)","M5 (Monotonicity <= 0.25)","M6 (Top-Bottom Spread <= 0)","Yearly Daily Win Rate (40.02% < 45%)","Side-specific Yearly Daily Win Rate (41.41% < 45%)"]}}
{"op_code":8,"worker_id":"54467eea-4894-4d13-b137-4cade4b62dee-4680","trial_id":8,"user_attr":{"cv_is_ics":[0.0,0.0,0.0,0.0,0.0,0.0,0.0,0.0,0.0,0.0,0.0,0.0,0.0,0.0,0.0]}}
{"op_code":8,"worker_id":"c891894a-9183-4368-be5c-9023409bd13e-11668","trial_id":5,"user_attr":{"pruned_reasons":["M2 (Yearly Tail IC Mean <= 0)","M5 (Monotonicity <= 0.25)","Side-specific Yearly Tail IC Mean (-0.0693 <= 0)","Yearly Daily Win Rate (42.14% < 45%)","Side-specific Yearly Daily Win Rate (43.08% < 45%)"]}}
{"op_code":8,"worker_id":"3ca06108-ef01-4b9d-bb72-042f900c56ae-24340","trial_id":44,"user_attr":{"gini":0.32448714471953544}}
{"op_code":8,"worker_id":"de424a4d-923d-4b6f-936b-9250789a9477-22852","trial_id":45,"user_attr":{"constraints":[-0.00665301125250165,0.014466949642016013,0.19999999999999996,0.1809090909090909,0.05265393706299545,-87.0,-8.0,-0.03245454068983481,-0.09999999999999998,-1268.3395726275555,0.049818840579710144,0.0303174603174603]}}
{"op_code":8,"worker_id":"c891894a-9183-4368-be5c-9023409bd13e-11668","trial_id":5,"user_attr":{"gini":0.34206696144743853}}
{"op_code":8,"worker_id":"4f386726-889f-49e5-92a8-99d52a169196-8436","trial_id":19,"user_attr":{"cv_oos_ics":[0.011764148250222206,0.015323449857532978,-0.05079265311360359,0.01003649178892374,-0.011578617617487907,-0.014273157343268394,0.010946660302579403,-0.03015759401023388,0.020602431148290634,0.03606957197189331,0.031916677951812744,0.028008582070469856,0.06056732311844826,0.0839519277215004,0.03444494307041168]}}
{"op_code":8,"worker_id":"4f386726-889f-49e5-92a8-99d52a169196-8436","trial_id":19,"user_attr":{"reg_kappa":3.41169280479765}}
{"op_code":8,"worker_id":"3ca06108-ef01-4b9d-bb72-042f900c56ae-24340","trial_id":44,"user_attr":{"cv_is_ics":[0.10366491973400116,0.08981458842754364,0.08258777111768723,0.07851015776395798,0.11230994015932083,0.12226774543523788,0.0778898298740387,0.11431010812520981,0.11277688294649124,0.11425405740737915,0.09174863249063492,0.09761227667331696,0.07644863426685333,0.08461863547563553,0.08587120473384857]}}
{"op_code":8,"worker_id":"3ca06108-ef01-4b9d-bb72-042f900c56ae-24340","trial_id":44,"user_attr":{"cv_oos_ics":[0.027391497045755386,-0.0038701726589351892,-0.04076598584651947,0.0034584440290927887,-0.02065945602953434,-0.0467541478574276,-0.011497345753014088,-0.026876114308834076,0.00501249311491847,0.007881071418523788,0.040042076259851456,0.025178657844662666,0.0780394971370697,0.07454375922679901,0.040977753698825836]}}
{"op_code":8,"worker_id":"4f386726-889f-49e5-92a8-99d52a169196-8436","trial_id":19,"user_attr":{"raw_metrics":[-0.17510058239087806,-0.02653558442913139,0.6,0.009098440017221994,0.17333333333333334,-0.005316923561123543,-0.1884231102547711,-0.2874118685722351,0.40869565217391307]}}
{"op_code":8,"worker_id":"be7425ed-96a1-4692-ab1e-5480910fda43-18156","trial_id":43,"user_attr":{"constraints":[-0.006003686224686176,0.013898416270100956,0.19999999999999996,0.1590909090909091,0.05265393706299545,-86.0,-8.0,-0.057870544929368474,-0.09999999999999998,-1270.337839016837,0.049818840579710144,0.035873015873015945]}}
{"op_code":8,"worker_id":"3ca06108-ef01-4b9d-bb72-042f900c56ae-24340","trial_id":44,"user_attr":{"reg_kappa":3.180112481188807}}
{"op_code":8,"worker_id":"4f386726-889f-49e5-92a8-99d52a169196-8436","trial_id":19,"user_attr":{"val_metrics":[-0.004464955766888647,-0.18507248576439422,0.07878787878787878,-0.09272377160580261,-6.087932489330305]}}
{"op_code":8,"worker_id":"be7425ed-96a1-4692-ab1e-5480910fda43-18156","trial_id":43,"user_attr":{"pruned_reasons":["M2 (Yearly Tail IC Mean <= 0)","M3 (Hit Rate < 60%)","M5 (Monotonicity <= 0.25)","M6 (Top-Bottom Spread <= 0)","Yearly Daily Win Rate (40.02% < 45%)","Side-specific Yearly Daily Win Rate (41.41% < 45%)"]}}
{"op_code":8,"worker_id":"be7425ed-96a1-4692-ab1e-5480910fda43-18156","trial_id":43,"user_attr":{"gini":0.32675299264608193}}
{"op_code":8,"worker_id":"4f386726-889f-49e5-92a8-99d52a169196-8436","trial_id":19,"user_attr":{"deflated_objective":-1.542114656284994}}
{"op_code":8,"worker_id":"3ca06108-ef01-4b9d-bb72-042f900c56ae-24340","trial_id":44,"user_attr":{"raw_metrics":[-0.09167336800392405,-0.012856297294851276,0.4,0.006865805274559704,0.07878787878787878,-0.05265393706299545,-0.13102884111556487,-0.21879923343658447,0.40018115942028987]}}
{"op_code":8,"worker_id":"be7425ed-96a1-4692-ab1e-5480910fda43-18156","trial_id":43,"user_attr":{"cv_is_ics":[0.10348913073539734,0.08935145288705826,0.08259202539920807,0.07862188667058945,0.11218558251857758,0.12222626060247421,0.0776737630367279,0.11459525674581528,0.11271733045578003,0.1141190379858017,0.09207144379615784,0.09726649522781372,0.07629818469285965,0.08436121046543121,0.0854148343205452]}}
{"op_code":9,"worker_id":"4f386726-889f-49e5-92a8-99d52a169196-8436","trial_id":19,"system_attr":{"constraints":[-0.009098440017221994,0.02653558442913139,0.0,0.07666666666666666,0.005316923561123543,-55.0,-8.0,0.058754338813852724,0.09999999999999998,-1361.2923439078488,0.04130434782608694,0.03031746031746041]}}
{"op_code":8,"worker_id":"3ca06108-ef01-4b9d-bb72-042f900c56ae-24340","trial_id":44,"user_attr":{"val_metrics":[0.002347848578277306,-0.29443872298838375,0.10303030303030303,0.0060314317638783255,-5.8988793357260585]}}
{"op_code":8,"worker_id":"9b4746b3-9e6a-4d60-b3ed-ad32d614d569-24364","trial_id":46,"user_attr":{"constraints":[-0.005823966974585272,0.013826660875915081,0.19999999999999996,0.18575757575757576,0.04371142180897476,-91.0,-8.0,-0.004320692555986683,-0.09999999999999998,-1260.1603244627306,0.049818840579710144,0.024761904761904763]}}
{"op_code":8,"worker_id":"9b4746b3-9e6a-4d60-b3ed-ad32d614d569-24364","trial_id":46,"user_attr":{"pruned_reasons":["M2 (Yearly Tail IC Mean <= 0)","M3 (Hit Rate < 60%)","M5 (Monotonicity <= 0.25)","M6 (Top-Bottom Spread <= 0)","Yearly Daily Win Rate (40.02% < 45%)","Side-specific Yearly Daily Win Rate (42.52% < 45%)"]}}
{"op_code":8,"worker_id":"9b4746b3-9e6a-4d60-b3ed-ad32d614d569-24364","trial_id":46,"user_attr":{"gini":0.32767096143842567}}
{"op_code":8,"worker_id":"3ca06108-ef01-4b9d-bb72-042f900c56ae-24340","trial_id":44,"user_attr":{"deflated_objective":-1.5067132946689363}}
{"op_code":9,"worker_id":"3ca06108-ef01-4b9d-bb72-042f900c56ae-24340","trial_id":44,"system_attr":{"constraints":[-0.006865805274559704,0.012856297294851276,0.19999999999999996,0.1712121212121212,0.05265393706299545,-86.0,-8.0,-0.05474086062321354,-0.09999999999999998,-1271.6353515385865,0.049818840579710144,0.035873015873015945]}}
{"op_code":6,"worker_id":"3ca06108-ef01-4b9d-bb72-042f900c56ae-24340","trial_id":44,"state":1,"values":[-1.1030170692134582],"datetime_complete":"2026-07-14T11:44:15.748948"}
{"op_code":6,"worker_id":"4f386726-889f-49e5-92a8-99d52a169196-8436","trial_id":19,"state":1,"values":[-1.1379973586208216],"datetime_complete":"2026-07-14T11:44:15.741533"}
{"op_code":4,"worker_id":"c87518fd-d6ef-4e67-9474-98557fb69c30-30084","study_id":0,"datetime_start":"2026-07-14T11:44:15.719599"}
{"op_code":8,"worker_id":"9b4746b3-9e6a-4d60-b3ed-ad32d614d569-24364","trial_id":46,"user_attr":{"cv_is_ics":[0.1038408875465393,0.08979762345552444,0.08360525220632553,0.07998063415288925,0.11288962513208389,0.12393546104431152,0.07813501358032227,0.11724857240915298,0.11199591308832169,0.11626903712749481,0.09424016624689102,0.09742825478315353,0.07811438292264938,0.08416882902383804,0.08607666194438934]}}
{"op_code":4,"worker_id":"4ebdd39a-465a-461f-bc5e-a81fd3f56721-24340","study_id":0,"datetime_start":"2026-07-14T11:44:15.755327"}
{"op_code":8,"worker_id":"be7425ed-96a1-4692-ab1e-5480910fda43-18156","trial_id":43,"user_attr":{"cv_oos_ics":[0.02756931632757187,-0.0034513825085014105,-0.04110027104616165,0.003598678158596158,-0.020372359082102776,-0.04823974519968033,-0.0124898049980402,-0.027782440185546875,0.004871061537414789,0.008463594131171703,0.04122787341475487,0.02470817044377327,0.07755586504936218,0.07192600518465042,0.04111269488930702]}}
{"op_code":5,"worker_id":"4ebdd39a-465a-461f-bc5e-a81fd3f56721-24340","trial_id":49,"param_name":"k_weight","param_value_internal":0.007622330280077971,"distribution":"{\"name\": \"FloatDistribution\", \"attributes\": {\"step\": null, \"low\": 0.0, \"high\": 1.5, \"log\": false}}"}
{"op_code":8,"worker_id":"be7425ed-96a1-4692-ab1e-5480910fda43-18156","trial_id":43,"user_attr":{"reg_kappa":3.176336398202041}}
{"op_code":8,"worker_id":"be7425ed-96a1-4692-ab1e-5480910fda43-18156","trial_id":43,"user_attr":{"raw_metrics":[-0.099833533897479,-0.013898416270100956,0.4,0.006003686224686176,0.09090909090909091,-0.05265393706299545,-0.130323013591197,-0.21710343658924103,0.40018115942028987]}}
{"op_code":8,"worker_id":"be7425ed-96a1-4692-ab1e-5480910fda43-18156","trial_id":43,"user_attr":{"val_metrics":[0.004841174108896392,-0.2649628335984496,-0.09090909090909091,-0.00868527615861292,-5.826798366789153]}}
{"op_code":5,"worker_id":"4ebdd39a-465a-461f-bc5e-a81fd3f56721-24340","trial_id":49,"param_name":"unified_alpha","param_value_internal":0.04541071806720541,"distribution":"{\"name\": \"FloatDistribution\", \"attributes\": {\"step\": null, \"low\": 1e-05, \"high\": 10.0, \"log\": true}}"}
{"op_code":8,"worker_id":"be7425ed-96a1-4692-ab1e-5480910fda43-18156","trial_id":43,"user_attr":{"deflated_objective":-1.4719268285958786}}
{"op_code":9,"worker_id":"be7425ed-96a1-4692-ab1e-5480910fda43-18156","trial_id":43,"system_attr":{"constraints":[-0.006003686224686176,0.013898416270100956,0.19999999999999996,0.1590909090909091,0.05265393706299545,-86.0,-8.0,-0.057870544929368474,-0.09999999999999998,-1270.337839016837,0.049818840579710144,0.035873015873015945]}}
{"op_code":9,"worker_id":"20cb56de-0a8d-45ac-82aa-fb606118d991-27448","trial_id":27,"system_attr":{"constraints":[-0.023429001720164593,0.02543711326162859,0.19999999999999996,0.3021212121212121,0.11488006925579286,-126.0,5.0,0.05733187850834909,0.09999999999999998,-1208.2075911280988,0.08858695652173909,0.05269841269841269]}}
{"op_code":6,"worker_id":"be7425ed-96a1-4692-ab1e-5480910fda43-18156","trial_id":43,"state":1,"values":[-1.0815389327257474],"datetime_complete":"2026-07-14T11:44:15.769195"}
{"op_code":5,"worker_id":"c87518fd-d6ef-4e67-9474-98557fb69c30-30084","trial_id":48,"param_name":"k_weight","param_value_internal":0.552155496601829,"distribution":"{\"name\": \"FloatDistribution\", \"attributes\": {\"step\": null, \"low\": 0.0, \"high\": 1.5, \"log\": false}}"}
{"op_code":8,"worker_id":"9b4746b3-9e6a-4d60-b3ed-ad32d614d569-24364","trial_id":46,"user_attr":{"cv_oos_ics":[0.025511648505926132,-0.0032419171184301376,-0.040163904428482056,0.00621728366240859,-0.019490741193294525,-0.048200223594903946,-0.01214114110916853,-0.030534587800502777,0.005897216964513063,0.013334938324987888,0.04076899588108063,0.027049273252487183,0.07864897698163986,0.07128476351499557,0.041999392211437225]}}
{"op_code":5,"worker_id":"c87518fd-d6ef-4e67-9474-98557fb69c30-30084","trial_id":48,"param_name":"unified_alpha","param_value_internal":0.053371036502571106,"distribution":"{\"name\": \"FloatDistribution\", \"attributes\": {\"step\": null, \"low\": 1e-05, \"high\": 10.0, \"log\": true}}"}
{"op_code":5,"worker_id":"c87518fd-d6ef-4e67-9474-98557fb69c30-30084","trial_id":48,"param_name":"unified_rho","param_value_internal":0.1322667961635535,"distribution":"{\"name\": \"FloatDistribution\", \"attributes\": {\"step\": null, \"low\": 0.0, \"high\": 1.0, \"log\": false}}"}
{"op_code":4,"worker_id":"ee0aa4e5-e107-4322-97a2-02d20c8d61f7-7108","study_id":0,"datetime_start":"2026-07-14T11:44:15.517658"}
{"op_code":5,"worker_id":"c87518fd-d6ef-4e67-9474-98557fb69c30-30084","trial_id":48,"param_name":"unified_gamma","param_value_internal":4.583619758638576,"distribution":"{\"name\": \"FloatDistribution\", \"attributes\": {\"step\": null, \"low\": 1.5, \"high\": 10000.0, \"log\": true}}"}
{"op_code":5,"worker_id":"c87518fd-d6ef-4e67-9474-98557fb69c30-30084","trial_id":48,"param_name":"huber_delta","param_value_internal":0.5998570651322733,"distribution":"{\"name\": \"FloatDistribution\", \"attributes\": {\"step\": null, \"low\": 0.5, \"high\": 5.0, \"log\": false}}"}
{"op_code":5,"worker_id":"ee0aa4e5-e107-4322-97a2-02d20c8d61f7-7108","trial_id":50,"param_name":"k_weight","param_value_internal":0.002674241697971924,"distribution":"{\"name\": \"FloatDistribution\", \"attributes\": {\"step\": null, \"low\": 0.0, \"high\": 1.5, \"log\": false}}"}
{"op_code":5,"worker_id":"4ebdd39a-465a-461f-bc5e-a81fd3f56721-24340","trial_id":49,"param_name":"unified_rho","param_value_internal":0.11634956134658908,"distribution":"{\"name\": \"FloatDistribution\", \"attributes\": {\"step\": null, \"low\": 0.0, \"high\": 1.0, \"log\": false}}"}
{"op_code":5,"worker_id":"ee0aa4e5-e107-4322-97a2-02d20c8d61f7-7108","trial_id":50,"param_name":"unified_alpha","param_value_internal":0.03573736353800834,"distribution":"{\"name\": \"FloatDistribution\", \"attributes\": {\"step\": null, \"low\": 1e-05, \"high\": 10.0, \"log\": true}}"}
{"op_code":4,"worker_id":"b1377ae1-3cda-41d0-9f07-8f75a04ff03a-18156","study_id":0,"datetime_start":"2026-07-14T11:44:15.777869"}
{"op_code":5,"worker_id":"ee0aa4e5-e107-4322-97a2-02d20c8d61f7-7108","trial_id":50,"param_name":"unified_rho","param_value_internal":0.18977413159013545,"distribution":"{\"name\": \"FloatDistribution\", \"attributes\": {\"step\": null, \"low\": 0.0, \"high\": 1.0, \"log\": false}}"}
{"op_code":8,"worker_id":"54467eea-4894-4d13-b137-4cade4b62dee-4680","trial_id":8,"user_attr":{"cv_oos_ics":[0.0,0.0,0.0,0.0,0.0,0.0,0.0,0.0,0.0,0.0,0.0,0.0,0.0,0.0,0.0]}}
{"op_code":5,"worker_id":"ee0aa4e5-e107-4322-97a2-02d20c8d61f7-7108","trial_id":50,"param_name":"unified_gamma","param_value_internal":48.28944137233957,"distribution":"{\"name\": \"FloatDistribution\", \"attributes\": {\"step\": null, \"low\": 1.5, \"high\": 10000.0, \"log\": true}}"}
{"op_code":5,"worker_id":"4ebdd39a-465a-461f-bc5e-a81fd3f56721-24340","trial_id":49,"param_name":"unified_gamma","param_value_internal":4.144363982637434,"distribution":"{\"name\": \"FloatDistribution\", \"attributes\": {\"step\": null, \"low\": 1.5, \"high\": 10000.0, \"log\": true}}"}
{"op_code":8,"worker_id":"54467eea-4894-4d13-b137-4cade4b62dee-4680","trial_id":8,"user_attr":{"reg_kappa":1.440182936111514}}
{"op_code":5,"worker_id":"b1377ae1-3cda-41d0-9f07-8f75a04ff03a-18156","trial_id":51,"param_name":"k_weight","param_value_internal":0.10653479337488742,"distribution":"{\"name\": \"FloatDistribution\", \"attributes\": {\"step\": null, \"low\": 0.0, \"high\": 1.5, \"log\": false}}"}
{"op_code":5,"worker_id":"4ebdd39a-465a-461f-bc5e-a81fd3f56721-24340","trial_id":49,"param_name":"huber_delta","param_value_internal":0.6122946874369768,"distribution":"{\"name\": \"FloatDistribution\", \"attributes\": {\"step\": null, \"low\": 0.5, \"high\": 5.0, \"log\": false}}"}
{"op_code":5,"worker_id":"b1377ae1-3cda-41d0-9f07-8f75a04ff03a-18156","trial_id":51,"param_name":"unified_alpha","param_value_internal":0.04463258552375211,"distribution":"{\"name\": \"FloatDistribution\", \"attributes\": {\"step\": null, \"low\": 1e-05, \"high\": 10.0, \"log\": true}}"}
{"op_code":5,"worker_id":"b1377ae1-3cda-41d0-9f07-8f75a04ff03a-18156","trial_id":51,"param_name":"unified_rho","param_value_internal":0.20318595939770923,"distribution":"{\"name\": \"FloatDistribution\", \"attributes\": {\"step\": null, \"low\": 0.0, \"high\": 1.0, \"log\": false}}"}
{"op_code":5,"worker_id":"ee0aa4e5-e107-4322-97a2-02d20c8d61f7-7108","trial_id":50,"param_name":"huber_delta","param_value_internal":0.5896551529137719,"distribution":"{\"name\": \"FloatDistribution\", \"attributes\": {\"step\": null, \"low\": 0.5, \"high\": 5.0, \"log\": false}}"}
{"op_code":5,"worker_id":"b1377ae1-3cda-41d0-9f07-8f75a04ff03a-18156","trial_id":51,"param_name":"unified_gamma","param_value_internal":55.84254874070381,"distribution":"{\"name\": \"FloatDistribution\", \"attributes\": {\"step\": null, \"low\": 1.5, \"high\": 10000.0, \"log\": true}}"}
{"op_code":5,"worker_id":"b1377ae1-3cda-41d0-9f07-8f75a04ff03a-18156","trial_id":51,"param_name":"huber_delta","param_value_internal":0.5562353028607236,"distribution":"{\"name\": \"FloatDistribution\", \"attributes\": {\"step\": null, \"low\": 0.5, \"high\": 5.0, \"log\": false}}"}
{"op_code":6,"worker_id":"20cb56de-0a8d-45ac-82aa-fb606118d991-27448","trial_id":27,"state":1,"values":[-0.3089108139922033],"datetime_complete":"2026-07-14T11:44:15.771520"}
{"op_code":8,"worker_id":"9b4746b3-9e6a-4d60-b3ed-ad32d614d569-24364","trial_id":46,"user_attr":{"reg_kappa":3.1456257020642866}}
{"op_code":8,"worker_id":"9b4746b3-9e6a-4d60-b3ed-ad32d614d569-24364","trial_id":46,"user_attr":{"raw_metrics":[-0.09971751290852397,-0.013826660875915081,0.4,0.005823966974585272,0.06424242424242424,-0.04371142180897476,-0.12493667694231221,-0.2056427150964737,0.40018115942028987]}}
{"op_code":8,"worker_id":"9b4746b3-9e6a-4d60-b3ed-ad32d614d569-24364","trial_id":46,"user_attr":{"val_metrics":[0.004838976571851954,-0.22462099397454555,0.01818181818181818,-0.014387098697783485,-6.374340250721849]}}
{"op_code":4,"worker_id":"eccf067d-ff88-4c2d-b9ac-150e885d6731-27448","study_id":0,"datetime_start":"2026-07-14T11:44:15.812495"}
{"op_code":8,"worker_id":"9b4746b3-9e6a-4d60-b3ed-ad32d614d569-24364","trial_id":46,"user_attr":{"deflated_objective":-1.7225488338504453}}
{"op_code":5,"worker_id":"eccf067d-ff88-4c2d-b9ac-150e885d6731-27448","trial_id":52,"param_name":"k_weight","param_value_internal":0.03422768516231714,"distribution":"{\"name\": \"FloatDistribution\", \"attributes\": {\"step\": null, \"low\": 0.0, \"high\": 1.5, \"log\": false}}"}
{"op_code":9,"worker_id":"9b4746b3-9e6a-4d60-b3ed-ad32d614d569-24364","trial_id":46,"system_attr":{"constraints":[-0.005823966974585272,0.013826660875915081,0.19999999999999996,0.18575757575757576,0.04371142180897476,-91.0,-8.0,-0.004320692555986683,-0.09999999999999998,-1260.1603244627306,0.049818840579710144,0.024761904761904763]}}
{"op_code":6,"worker_id":"9b4746b3-9e6a-4d60-b3ed-ad32d614d569-24364","trial_id":46,"state":1,"values":[-1.2735100792746807],"datetime_complete":"2026-07-14T11:44:15.820471"}
{"op_code":4,"worker_id":"9b4746b3-9e6a-4d60-b3ed-ad32d614d569-24364","study_id":0,"datetime_start":"2026-07-14T11:44:15.821980"}
{"op_code":8,"worker_id":"c87518fd-d6ef-4e67-9474-98557fb69c30-30084","trial_id":48,"user_attr":{"constraints":[-0.009485958858492176,0.027971962142858985,0.19999999999999996,0.15424242424242424,0.015922964322115277,-94.0,-3.0,-0.043797887327299084,0.09999999999999998,-1264.6454193917987,0.05036231884057968,0.06396825396825395]}}
{"op_code":8,"worker_id":"c87518fd-d6ef-4e67-9474-98557fb69c30-30084","trial_id":48,"user_attr":{"pruned_reasons":["M2 (Yearly Tail IC Mean <= 0)","M3 (Hit Rate < 60%)","M5 (Monotonicity <= 0.25)","M6 (Top-Bottom Spread <= 0)","Side-specific Hit Rate (40.00% < 50%)","Yearly Daily Win Rate (39.96% < 45%)","Side-specific Yearly Daily Win Rate (38.60% < 45%)"]}}
{"op_code":8,"worker_id":"c87518fd-d6ef-4e67-9474-98557fb69c30-30084","trial_id":48,"user_attr":{"gini":0.47371911725160265}}
{"op_code":8,"worker_id":"c87518fd-d6ef-4e67-9474-98557fb69c30-30084","trial_id":48,"user_attr":{"cv_is_ics":[0.12359976023435593,0.11077627539634705,0.1049681231379509,0.09312824159860611,0.11879594624042511,0.1334102898836136,0.11970490217208862,0.12466145306825638,0.12560804188251495,0.12445580959320068,0.1247633770108223,0.11809464544057846,0.09990376979112625,0.09295941889286041,0.09518617391586304]}}
{"op_code":5,"worker_id":"eccf067d-ff88-4c2d-b9ac-150e885d6731-27448","trial_id":52,"param_name":"unified_alpha","param_value_internal":0.020091179272393917,"distribution":"{\"name\": \"FloatDistribution\", \"attributes\": {\"step\": null, \"low\": 1e-05, \"high\": 10.0, \"log\": true}}"}
{"op_code":8,"worker_id":"c87518fd-d6ef-4e67-9474-98557fb69c30-30084","trial_id":48,"user_attr":{"cv_oos_ics":[-0.021935464814305305,-0.033734966069459915,-0.03145543858408928,0.03432418778538704,0.022998299449682236,0.0032805916853249073,0.06025154888629913,-0.04482109844684601,0.025452038273215294,0.022880584001541138,0.043141573667526245,0.02831575646996498,0.016480425372719765,0.06786048412322998,0.023888247087597847]}}
{"op_code":8,"worker_id":"c87518fd-d6ef-4e67-9474-98557fb69c30-30084","trial_id":48,"user_attr":{"reg_kappa":2.963413921189533}}
{"op_code":5,"worker_id":"eccf067d-ff88-4c2d-b9ac-150e885d6731-27448","trial_id":52,"param_name":"unified_rho","param_value_internal":0.22241310569687833,"distribution":"{\"name\": \"FloatDistribution\", \"attributes\": {\"step\": null, \"low\": 0.0, \"high\": 1.0, \"log\": false}}"}
{"op_code":8,"worker_id":"c87518fd-d6ef-4e67-9474-98557fb69c30-30084","trial_id":48,"user_attr":{"raw_metrics":[-0.29878212981423996,-0.027971962142858985,0.4,0.009485958858492176,0.09575757575757575,-0.015922964322115277,-0.07826088189628233,-0.1529628485441208,0.39963768115942033]}}
{"op_code":8,"worker_id":"4ebdd39a-465a-461f-bc5e-a81fd3f56721-24340","trial_id":49,"user_attr":{"constraints":[-0.015008937589311735,0.0650049770139323,0.19999999999999996,0.07424242424242425,-0.03761733783388303,-120.0,-4.0,0.1080979645685528,0.3,-1193.3086914848125,0.05887681159420288,0.04174603174603181]}}
{"op_code":5,"worker_id":"eccf067d-ff88-4c2d-b9ac-150e885d6731-27448","trial_id":52,"param_name":"unified_gamma","param_value_internal":51.542882039916925,"distribution":"{\"name\": \"FloatDistribution\", \"attributes\": {\"step\": null, \"low\": 1.5, \"high\": 10000.0, \"log\": true}}"}
{"op_code":8,"worker_id":"4ebdd39a-465a-461f-bc5e-a81fd3f56721-24340","trial_id":49,"user_attr":{"pruned_reasons":["M2 (Yearly Tail IC Mean <= 0)","M3 (Hit Rate < 60%)","M5 (Monotonicity <= 0.25)","Side-specific Yearly Tail IC Mean (-0.1081 <= 0)","Side-specific Hit Rate (20.00% < 50%)","Yearly Daily Win Rate (39.11% < 45%)","Side-specific Yearly Daily Win Rate (40.83% < 45%)"]}}
{"op_code":5,"worker_id":"eccf067d-ff88-4c2d-b9ac-150e885d6731-27448","trial_id":52,"param_name":"huber_delta","param_value_internal":0.5408880945466173,"distribution":"{\"name\": \"FloatDistribution\", \"attributes\": {\"step\": null, \"low\": 0.5, \"high\": 5.0, \"log\": false}}"}
{"op_code":8,"worker_id":"ee0aa4e5-e107-4322-97a2-02d20c8d61f7-7108","trial_id":50,"user_attr":{"constraints":[-0.0008205379488548298,0.06031994857692853,0.39999999999999997,0.27545454545454545,0.0011611104527047445,-123.0,-1.0,0.13540744364273777,0.3,-1192.8605836008583,0.054166666666666696,0.05317460317460315]}}
{"op_code":8,"worker_id":"ee0aa4e5-e107-4322-97a2-02d20c8d61f7-7108","trial_id":50,"user_attr":{"pruned_reasons":["M2 (Yearly Tail IC Mean <= 0)","M3 (Hit Rate < 60%)","M5 (Monotonicity <= 0.25)","M6 (Top-Bottom Spread <= 0)","Side-specific Yearly Tail IC Mean (-0.1354 <= 0)","Side-specific Hit Rate (20.00% < 50%)","Yearly Daily Win Rate (39.58% < 45%)","Side-specific Yearly Daily Win Rate (39.68% < 45%)"]}}
{"op_code":8,"worker_id":"b1377ae1-3cda-41d0-9f07-8f75a04ff03a-18156","trial_id":51,"user_attr":{"constraints":[0.006045735201170589,0.06469345373828214,0.39999999999999997,0.306969696969697,-0.003904930427814468,-123.0,0.0,0.12301971478442067,0.09999999999999998,-1202.4064471668678,0.054528985507246386,0.06444444444444447]}}
{"op_code":8,"worker_id":"c87518fd-d6ef-4e67-9474-98557fb69c30-30084","trial_id":48,"user_attr":{"val_metrics":[-0.009187023367976511,-0.44731075151875377,-0.01818181818181818,0.06212329771369696,-4.705273497957288]}}
{"op_code":8,"worker_id":"b1377ae1-3cda-41d0-9f07-8f75a04ff03a-18156","trial_id":51,"user_attr":{"pruned_reasons":["M4 (Overall IC <= 0)","M2 (Yearly Tail IC Mean <= 0)","M3 (Hit Rate < 60%)","M5 (Monotonicity <= 0.25)","Side-specific Yearly Tail IC Mean (-0.1230 <= 0)","Side-specific Hit Rate (40.00% < 50%)","Yearly Daily Win Rate (39.55% < 45%)","Side-specific Yearly Daily Win Rate (38.56% < 45%)"]}}
{"op_code":8,"worker_id":"ee0aa4e5-e107-4322-97a2-02d20c8d61f7-7108","trial_id":50,"user_attr":{"gini":0.6989469358991733}}
{"op_code":5,"worker_id":"824752d2-763b-4720-a0ef-fe35826b4464-23408","trial_id":47,"param_name":"unified_gamma","param_value_internal":5.727051322815126,"distribution":"{\"name\": \"FloatDistribution\", \"attributes\": {\"step\": null, \"low\": 1.5, \"high\": 10000.0, \"log\": true}}"}
{"op_code":8,"worker_id":"ee0aa4e5-e107-4322-97a2-02d20c8d61f7-7108","trial_id":50,"user_attr":{"cv_is_ics":[0.10559000819921494,0.10437894612550735,0.09716510027647018,0.08884637802839279,0.0949573740363121,0.1431291401386261,0.11110897362232208,0.12165378779172897,0.11556798219680786,0.12946200370788574,0.1283632516860962,0.09899409115314484,0.10553939640522003,0.09678247570991516,0.08821182698011398]}}
{"op_code":5,"worker_id":"824752d2-763b-4720-a0ef-fe35826b4464-23408","trial_id":47,"param_name":"huber_delta","param_value_internal":0.5289056073753104,"distribution":"{\"name\": \"FloatDistribution\", \"attributes\": {\"step\": null, \"low\": 0.5, \"high\": 5.0, \"log\": false}}"}
{"op_code":8,"worker_id":"ee0aa4e5-e107-4322-97a2-02d20c8d61f7-7108","trial_id":50,"user_attr":{"cv_oos_ics":[-0.02691996842622757,-0.045741546899080276,0.013448379933834076,0.038002025336027145,0.07829409837722778,-0.025630028918385506,0.07014808803796768,-0.05550764873623848,-0.007019917946308851,0.026240643113851547,0.011825628578662872,0.014090705662965775,0.01573711447417736,0.07846686244010925,0.010213421657681465]}}
{"op_code":8,"worker_id":"ee0aa4e5-e107-4322-97a2-02d20c8d61f7-7108","trial_id":50,"user_attr":{"reg_kappa":2.8658110524619405}}
{"op_code":8,"worker_id":"ee0aa4e5-e107-4322-97a2-02d20c8d61f7-7108","trial_id":50,"user_attr":{"raw_metrics":[-0.5183935646238037,-0.06031994857692853,0.2,0.0008205379488548298,-0.025454545454545452,-0.0011611104527047445,-0.04633240664435292,-0.04425204545259476,0.3958333333333333]}}
{"op_code":8,"worker_id":"ee0aa4e5-e107-4322-97a2-02d20c8d61f7-7108","trial_id":50,"user_attr":{"val_metrics":[-0.023641103524061454,-0.15950445925521317,-0.006060606060606061,0.08773957703438034,-8.867238136378575]}}
{"op_code":5,"worker_id":"9b4746b3-9e6a-4d60-b3ed-ad32d614d569-24364","trial_id":53,"param_name":"k_weight","param_value_internal":0.006322593156610441,"distribution":"{\"name\": \"FloatDistribution\", \"attributes\": {\"step\": null, \"low\": 0.0, \"high\": 1.5, \"log\": false}}"}
{"op_code":8,"worker_id":"ee0aa4e5-e107-4322-97a2-02d20c8d61f7-7108","trial_id":50,"user_attr":{"deflated_objective":-2.748580724149945}}
{"op_code":5,"worker_id":"9b4746b3-9e6a-4d60-b3ed-ad32d614d569-24364","trial_id":53,"param_name":"unified_alpha","param_value_internal":0.03728749234815528,"distribution":"{\"name\": \"FloatDistribution\", \"attributes\": {\"step\": null, \"low\": 1e-05, \"high\": 10.0, \"log\": true}}"}
{"op_code":9,"worker_id":"ee0aa4e5-e107-4322-97a2-02d20c8d61f7-7108","trial_id":50,"system_attr":{"constraints":[-0.0008205379488548298,0.06031994857692853,0.39999999999999997,0.27545454545454545,0.0011611104527047445,-123.0,-1.0,0.13540744364273777,0.3,-1192.8605836008583,0.054166666666666696,0.05317460317460315]}}
{"op_code":6,"worker_id":"ee0aa4e5-e107-4322-97a2-02d20c8d61f7-7108","trial_id":50,"state":1,"values":[-2.2498948699858334],"datetime_complete":"2026-07-14T11:44:15.863699"}
{"op_code":5,"worker_id":"9b4746b3-9e6a-4d60-b3ed-ad32d614d569-24364","trial_id":53,"param_name":"unified_rho","param_value_internal":0.12602193180943844,"distribution":"{\"name\": \"FloatDistribution\", \"attributes\": {\"step\": null, \"low\": 0.0, \"high\": 1.0, \"log\": false}}"}
{"op_code":5,"worker_id":"195977b9-eae0-41da-bbf9-dd60d798d0e9-6576","trial_id":42,"param_name":"unified_alpha","param_value_internal":0.00012211189638147263,"distribution":"{\"name\": \"FloatDistribution\", \"attributes\": {\"step\": null, \"low\": 1e-05, \"high\": 10.0, \"log\": true}}"}
{"op_code":5,"worker_id":"9b4746b3-9e6a-4d60-b3ed-ad32d614d569-24364","trial_id":53,"param_name":"unified_gamma","param_value_internal":1258.755776942731,"distribution":"{\"name\": \"FloatDistribution\", \"attributes\": {\"step\": null, \"low\": 1.5, \"high\": 10000.0, \"log\": true}}"}
{"op_code":4,"worker_id":"fe9bcdfb-cd91-47a9-9c0e-bc2b558c3fef-7108","study_id":0,"datetime_start":"2026-07-14T11:44:15.871354"}
{"op_code":5,"worker_id":"195977b9-eae0-41da-bbf9-dd60d798d0e9-6576","trial_id":42,"param_name":"unified_rho","param_value_internal":0.47570732020148343,"distribution":"{\"name\": \"FloatDistribution\", \"attributes\": {\"step\": null, \"low\": 0.0, \"high\": 1.0, \"log\": false}}"}
{"op_code":5,"worker_id":"9b4746b3-9e6a-4d60-b3ed-ad32d614d569-24364","trial_id":53,"param_name":"huber_delta","param_value_internal":3.491303711154991,"distribution":"{\"name\": \"FloatDistribution\", \"attributes\": {\"step\": null, \"low\": 0.5, \"high\": 5.0, \"log\": false}}"}
{"op_code":5,"worker_id":"195977b9-eae0-41da-bbf9-dd60d798d0e9-6576","trial_id":42,"param_name":"unified_gamma","param_value_internal":1.864336994116943,"distribution":"{\"name\": \"FloatDistribution\", \"attributes\": {\"step\": null, \"low\": 1.5, \"high\": 10000.0, \"log\": true}}"}
{"op_code":8,"worker_id":"eccf067d-ff88-4c2d-b9ac-150e885d6731-27448","trial_id":52,"user_attr":{"constraints":[-0.005421251885828305,0.05103026564866968,0.19999999999999996,0.20272727272727273,0.01861270019715282,-120.0,-4.0,0.13543602131837426,0.3,-1195.4736265180995,0.06268115942028984,0.041904761904761945]}}
{"op_code":5,"worker_id":"fe9bcdfb-cd91-47a9-9c0e-bc2b558c3fef-7108","trial_id":54,"param_name":"k_weight","param_value_internal":0.07579520712011834,"distribution":"{\"name\": \"FloatDistribution\", \"attributes\": {\"step\": null, \"low\": 0.0, \"high\": 1.5, \"log\": false}}"}
{"op_code":5,"worker_id":"fe9bcdfb-cd91-47a9-9c0e-bc2b558c3fef-7108","trial_id":54,"param_name":"unified_alpha","param_value_internal":0.021753025591119312,"distribution":"{\"name\": \"FloatDistribution\", \"attributes\": {\"step\": null, \"low\": 1e-05, \"high\": 10.0, \"log\": true}}"}
{"op_code":5,"worker_id":"195977b9-eae0-41da-bbf9-dd60d798d0e9-6576","trial_id":42,"param_name":"huber_delta","param_value_internal":2.4661102488890907,"distribution":"{\"name\": \"FloatDistribution\", \"attributes\": {\"step\": null, \"low\": 0.5, \"high\": 5.0, \"log\": false}}"}
{"op_code":5,"worker_id":"fe9bcdfb-cd91-47a9-9c0e-bc2b558c3fef-7108","trial_id":54,"param_name":"unified_rho","param_value_internal":0.7787018190885855,"distribution":"{\"name\": \"FloatDistribution\", \"attributes\": {\"step\": null, \"low\": 0.0, \"high\": 1.0, \"log\": false}}"}
{"op_code":5,"worker_id":"fe9bcdfb-cd91-47a9-9c0e-bc2b558c3fef-7108","trial_id":54,"param_name":"unified_gamma","param_value_internal":1819.2244564075663,"distribution":"{\"name\": \"FloatDistribution\", \"attributes\": {\"step\": null, \"low\": 1.5, \"high\": 10000.0, \"log\": true}}"}
{"op_code":5,"worker_id":"fe9bcdfb-cd91-47a9-9c0e-bc2b558c3fef-7108","trial_id":54,"param_name":"huber_delta","param_value_internal":3.5168743305284265,"distribution":"{\"name\": \"FloatDistribution\", \"attributes\": {\"step\": null, \"low\": 0.5, \"high\": 5.0, \"log\": false}}"}
{"op_code":8,"worker_id":"eccf067d-ff88-4c2d-b9ac-150e885d6731-27448","trial_id":52,"user_attr":{"pruned_reasons":["M2 (Yearly Tail IC Mean <= 0)","M3 (Hit Rate < 60%)","M5 (Monotonicity <= 0.25)","M6 (Top-Bottom Spread <= 0)","Side-specific Yearly Tail IC Mean (-0.1354 <= 0)","Side-specific Hit Rate (20.00% < 50%)","Yearly Daily Win Rate (38.73% < 45%)","Side-specific Yearly Daily Win Rate (40.81% < 45%)"]}}
{"op_code":8,"worker_id":"eccf067d-ff88-4c2d-b9ac-150e885d6731-27448","trial_id":52,"user_attr":{"gini":0.6151216506653652}}
{"op_code":8,"worker_id":"eccf067d-ff88-4c2d-b9ac-150e885d6731-27448","trial_id":52,"user_attr":{"cv_is_ics":[0.1148311197757721,0.10143394768238068,0.09852305054664612,0.09150196611881256,0.10877149552106857,0.14098243415355682,0.1224040687084198,0.12398656457662582,0.12341746687889099,0.1314907819032669,0.13108710944652557,0.10896646231412888,0.1059095486998558,0.09910478442907333,0.1020488366484642]}}
{"op_code":8,"worker_id":"eccf067d-ff88-4c2d-b9ac-150e885d6731-27448","trial_id":52,"user_attr":{"cv_oos_ics":[-0.016499647870659828,-0.0428592786192894,0.00997100118547678,0.03673963248729706,0.06676051020622253,-0.010195353999733925,0.09796369820833206,-0.0439109280705452,0.010642937384545803,0.02854716219007969,0.013636574149131775,0.015523860231041908,0.024449994787573814,0.07050915062427521,0.011581440456211567]}}
{"op_code":8,"worker_id":"824752d2-763b-4720-a0ef-fe35826b4464-23408","trial_id":47,"user_attr":{"constraints":[-0.01323242145742749,0.011938734650312897,0.0,0.09848484848484848,-0.03660857899396135,-89.0,-7.0,0.022598472010236716,-0.09999999999999998,-1265.4620284616485,0.041666666666666685,0.04698412698412702]}}
{"op_code":8,"worker_id":"824752d2-763b-4720-a0ef-fe35826b4464-23408","trial_id":47,"user_attr":{"pruned_reasons":["M2 (Yearly Tail IC Mean <= 0)","M5 (Monotonicity <= 0.25)","Side-specific Yearly Tail IC Mean (-0.0226 <= 0)","Yearly Daily Win Rate (40.83% < 45%)","Side-specific Yearly Daily Win Rate (40.30% < 45%)"]}}
{"op_code":8,"worker_id":"824752d2-763b-4720-a0ef-fe35826b4464-23408","trial_id":47,"user_attr":{"gini":0.4093418988703139}}
{"op_code":8,"worker_id":"824752d2-763b-4720-a0ef-fe35826b4464-23408","trial_id":47,"user_attr":{"cv_is_ics":[0.12513494491577148,0.11151829361915588,0.1042136624455452,0.1028350442647934,0.12119846791028976,0.13986137509346008,0.11955437064170837,0.13238292932510376,0.1261846125125885,0.13092418015003204,0.12771396338939667,0.12406879663467407,0.10546603798866272,0.0928657054901123,0.10246311128139496]}}
{"op_code":4,"worker_id":"931b5783-9dbb-42fd-9571-61f9a46b16ee-8436","study_id":0,"datetime_start":"2026-07-14T11:44:15.830784"}
{"op_code":8,"worker_id":"824752d2-763b-4720-a0ef-fe35826b4464-23408","trial_id":47,"user_attr":{"cv_oos_ics":[-0.020349182188510895,0.0016127718845382333,-0.005674854386597872,0.02546566352248192,0.026569519191980362,0.018111852928996086,0.0728391632437706,-0.02798973023891449,0.013797059655189514,0.04504017531871796,0.04568494111299515,0.027551809325814247,0.032861337065696716,0.07376603037118912,0.021310295909643173]}}
{"op_code":8,"worker_id":"824752d2-763b-4720-a0ef-fe35826b4464-23408","trial_id":47,"user_attr":{"reg_kappa":3.160560649679671}}
{"op_code":8,"worker_id":"824752d2-763b-4720-a0ef-fe35826b4464-23408","trial_id":47,"user_attr":{"raw_metrics":[-0.11650069821464365,-0.011938734650312897,0.6,0.01323242145742749,0.15151515151515152,0.03660857899396135,-0.11788452358655065,-0.19100238382816315,0.4083333333333333]}}
{"op_code":8,"worker_id":"824752d2-763b-4720-a0ef-fe35826b4464-23408","trial_id":47,"user_attr":{"val_metrics":[-0.008659174969902561,-0.13274304870693654,0.10303030303030303,0.13121804804203735,-5.500068535660795]}}
{"op_code":5,"worker_id":"931b5783-9dbb-42fd-9571-61f9a46b16ee-8436","trial_id":55,"param_name":"k_weight","param_value_internal":0.06473638671552495,"distribution":"{\"name\": \"FloatDistribution\", \"attributes\": {\"step\": null, \"low\": 0.0, \"high\": 1.5, \"log\": false}}"}
{"op_code":8,"worker_id":"824752d2-763b-4720-a0ef-fe35826b4464-23408","trial_id":47,"user_attr":{"deflated_objective":-1.4151557189953339}}
{"op_code":5,"worker_id":"931b5783-9dbb-42fd-9571-61f9a46b16ee-8436","trial_id":55,"param_name":"unified_alpha","param_value_internal":0.020830824212359624,"distribution":"{\"name\": \"FloatDistribution\", \"attributes\": {\"step\": null, \"low\": 1e-05, \"high\": 10.0, \"log\": true}}"}
{"op_code":9,"worker_id":"824752d2-763b-4720-a0ef-fe35826b4464-23408","trial_id":47,"system_attr":{"constraints":[-0.01323242145742749,0.011938734650312897,0.0,0.09848484848484848,-0.03660857899396135,-89.0,-7.0,0.022598472010236716,-0.09999999999999998,-1265.4620284616485,0.041666666666666685,0.04698412698412702]}}
{"op_code":5,"worker_id":"931b5783-9dbb-42fd-9571-61f9a46b16ee-8436","trial_id":55,"param_name":"unified_rho","param_value_internal":0.7859660020310132,"distribution":"{\"name\": \"FloatDistribution\", \"attributes\": {\"step\": null, \"low\": 0.0, \"high\": 1.0, \"log\": false}}"}
{"op_code":8,"worker_id":"eccf067d-ff88-4c2d-b9ac-150e885d6731-27448","trial_id":52,"user_attr":{"reg_kappa":2.9268709184238366}}
{"op_code":5,"worker_id":"931b5783-9dbb-42fd-9571-61f9a46b16ee-8436","trial_id":55,"param_name":"unified_gamma","param_value_internal":9266.923256898846,"distribution":"{\"name\": \"FloatDistribution\", \"attributes\": {\"step\": null, \"low\": 1.5, \"high\": 10000.0, \"log\": true}}"}
{"op_code":8,"worker_id":"9b4746b3-9e6a-4d60-b3ed-ad32d614d569-24364","trial_id":53,"user_attr":{"constraints":[-0.011683993979793259,0.04807471919464865,0.0,0.10818181818181818,-0.02858234188002017,-117.0,-7.0,-0.018711495182083416,-0.09999999999999998,-1193.1730273544722,0.053985507246376796,0.035714285714285754]}}
{"op_code":8,"worker_id":"c87518fd-d6ef-4e67-9474-98557fb69c30-30084","trial_id":48,"user_attr":{"deflated_objective":-1.143611574552943}}
{"op_code":5,"worker_id":"931b5783-9dbb-42fd-9571-61f9a46b16ee-8436","trial_id":55,"param_name":"huber_delta","param_value_internal":3.507962677596374,"distribution":"{\"name\": \"FloatDistribution\", \"attributes\": {\"step\": null, \"low\": 0.5, \"high\": 5.0, \"log\": false}}"}
{"op_code":8,"worker_id":"eccf067d-ff88-4c2d-b9ac-150e885d6731-27448","trial_id":52,"user_attr":{"raw_metrics":[-0.5160818235664953,-0.05103026564866968,0.4,0.005421251885828305,0.04727272727272728,-0.01861270019715282,-0.06958567768418661,-0.06534495204687119,0.38731884057971017]}}
{"op_code":8,"worker_id":"eccf067d-ff88-4c2d-b9ac-150e885d6731-27448","trial_id":52,"user_attr":{"val_metrics":[-0.029428097576883857,-0.18371695070879304,-0.1393939393939394,-0.06029560758759253,-6.675146465900644]}}
{"op_code":8,"worker_id":"9b4746b3-9e6a-4d60-b3ed-ad32d614d569-24364","trial_id":53,"user_attr":{"pruned_reasons":["M2 (Yearly Tail IC Mean <= 0)","M5 (Monotonicity <= 0.25)","Yearly Daily Win Rate (39.60% < 45%)","Side-specific Yearly Daily Win Rate (41.43% < 45%)"]}}
{"op_code":8,"worker_id":"9b4746b3-9e6a-4d60-b3ed-ad32d614d569-24364","trial_id":53,"user_attr":{"gini":0.4257657349171786}}
{"op_code":8,"worker_id":"eccf067d-ff88-4c2d-b9ac-150e885d6731-27448","trial_id":52,"user_attr":{"deflated_objective":-1.9368689875876508}}
{"op_code":9,"worker_id":"eccf067d-ff88-4c2d-b9ac-150e885d6731-27448","trial_id":52,"system_attr":{"constraints":[-0.005421251885828305,0.05103026564866968,0.19999999999999996,0.20272727272727273,0.01861270019715282,-120.0,-4.0,0.13543602131837426,0.3,-1195.4736265180995,0.06268115942028984,0.041904761904761945]}}
{"op_code":8,"worker_id":"fe9bcdfb-cd91-47a9-9c0e-bc2b558c3fef-7108","trial_id":54,"user_attr":{"constraints":[-0.012645674467592636,0.025966595071538555,0.0,0.2124242424242424,-0.10620935564880496,-121.0,-2.0,0.002982719453307686,-0.09999999999999998,-1199.241846598055,0.02028985507246378,0.04126984126984129]}}
{"op_code":9,"worker_id":"c87518fd-d6ef-4e67-9474-98557fb69c30-30084","trial_id":48,"system_attr":{"constraints":[-0.009485958858492176,0.027971962142858985,0.19999999999999996,0.15424242424242424,0.015922964322115277,-94.0,-3.0,-0.043797887327299084,0.09999999999999998,-1264.6454193917987,0.05036231884057968,0.06396825396825395]}}
{"op_code":6,"worker_id":"824752d2-763b-4720-a0ef-fe35826b4464-23408","trial_id":47,"state":1,"values":[-0.8799151818519019],"datetime_complete":"2026-07-14T11:44:15.908462"}
{"op_code":6,"worker_id":"eccf067d-ff88-4c2d-b9ac-150e885d6731-27448","trial_id":52,"state":1,"values":[-1.3966552312000329],"datetime_complete":"2026-07-14T11:44:15.923305"}
{"op_code":4,"worker_id":"eccf067d-ff88-4c2d-b9ac-150e885d6731-27448","study_id":0,"datetime_start":"2026-07-14T11:44:15.929145"}
{"op_code":8,"worker_id":"195977b9-eae0-41da-bbf9-dd60d798d0e9-6576","trial_id":42,"user_attr":{"constraints":[-0.008662778988249553,0.017033841545697474,0.0,0.20272727272727273,-0.00947241302122529,-82.0,-8.0,0.05018194004994746,-0.09999999999999998,-1280.730409146193,0.01594202898550723,0.013809523809523883]}}
{"op_code":4,"worker_id":"824752d2-763b-4720-a0ef-fe35826b4464-23408","study_id":0,"datetime_start":"2026-07-14T11:44:15.928059"}
{"op_code":5,"worker_id":"eccf067d-ff88-4c2d-b9ac-150e885d6731-27448","trial_id":56,"param_name":"k_weight","param_value_internal":0.9732538676732982,"distribution":"{\"name\": \"FloatDistribution\", \"attributes\": {\"step\": null, \"low\": 0.0, \"high\": 1.5, \"log\": false}}"}
{"op_code":8,"worker_id":"195977b9-eae0-41da-bbf9-dd60d798d0e9-6576","trial_id":42,"user_attr":{"pruned_reasons":["M2 (Yearly Tail IC Mean <= 0)","M5 (Monotonicity <= 0.25)","Side-specific Yearly Tail IC Mean (-0.0502 <= 0)","Yearly Daily Win Rate (43.41% < 45%)","Side-specific Yearly Daily Win Rate (43.62% < 45%)"]}}
{"op_code":5,"worker_id":"824752d2-763b-4720-a0ef-fe35826b4464-23408","trial_id":57,"param_name":"k_weight","param_value_internal":0.5125510687204379,"distribution":"{\"name\": \"FloatDistribution\", \"attributes\": {\"step\": null, \"low\": 0.0, \"high\": 1.5, \"log\": false}}"}
{"op_code":5,"worker_id":"eccf067d-ff88-4c2d-b9ac-150e885d6731-27448","trial_id":56,"param_name":"unified_alpha","param_value_internal":0.10947615813282507,"distribution":"{\"name\": \"FloatDistribution\", \"attributes\": {\"step\": null, \"low\": 1e-05, \"high\": 10.0, \"log\": true}}"}
{"op_code":5,"worker_id":"824752d2-763b-4720-a0ef-fe35826b4464-23408","trial_id":57,"param_name":"unified_alpha","param_value_internal":0.0001874015909172567,"distribution":"{\"name\": \"FloatDistribution\", \"attributes\": {\"step\": null, \"low\": 1e-05, \"high\": 10.0, \"log\": true}}"}
{"op_code":8,"worker_id":"195977b9-eae0-41da-bbf9-dd60d798d0e9-6576","trial_id":42,"user_attr":{"gini":0.3260662240168368}}
{"op_code":5,"worker_id":"eccf067d-ff88-4c2d-b9ac-150e885d6731-27448","trial_id":56,"param_name":"unified_rho","param_value_internal":0.2775309945254999,"distribution":"{\"name\": \"FloatDistribution\", \"attributes\": {\"step\": null, \"low\": 0.0, \"high\": 1.0, \"log\": false}}"}
{"op_code":5,"worker_id":"824752d2-763b-4720-a0ef-fe35826b4464-23408","trial_id":57,"param_name":"unified_rho","param_value_internal":0.10411893154583679,"distribution":"{\"name\": \"FloatDistribution\", \"attributes\": {\"step\": null, \"low\": 0.0, \"high\": 1.0, \"log\": false}}"}
{"op_code":5,"worker_id":"eccf067d-ff88-4c2d-b9ac-150e885d6731-27448","trial_id":56,"param_name":"unified_gamma","param_value_internal":12.137612530622416,"distribution":"{\"name\": \"FloatDistribution\", \"attributes\": {\"step\": null, \"low\": 1.5, \"high\": 10000.0, \"log\": true}}"}
{"op_code":5,"worker_id":"824752d2-763b-4720-a0ef-fe35826b4464-23408","trial_id":57,"param_name":"unified_gamma","param_value_internal":11.321388632897845,"distribution":"{\"name\": \"FloatDistribution\", \"attributes\": {\"step\": null, \"low\": 1.5, \"high\": 10000.0, \"log\": true}}"}
{"op_code":8,"worker_id":"195977b9-eae0-41da-bbf9-dd60d798d0e9-6576","trial_id":42,"user_attr":{"cv_is_ics":[0.10863861441612244,0.10278269648551941,0.09065103530883789,0.08661393821239471,0.11568789929151535,0.13644231855869293,0.08725377172231674,0.12910546362400055,0.11742955446243286,0.12188556790351868,0.10188696533441544,0.10598628222942352,0.09709421545267105,0.09248889982700348,0.09282398223876953]}}
{"op_code":5,"worker_id":"824752d2-763b-4720-a0ef-fe35826b4464-23408","trial_id":57,"param_name":"huber_delta","param_value_internal":0.9351774541283185,"distribution":"{\"name\": \"FloatDistribution\", \"attributes\": {\"step\": null, \"low\": 0.5, \"high\": 5.0, \"log\": false}}"}
{"op_code":8,"worker_id":"195977b9-eae0-41da-bbf9-dd60d798d0e9-6576","trial_id":42,"user_attr":{"cv_oos_ics":[0.015727007761597633,0.0027895334642380476,-0.049440570175647736,0.014271420426666737,-0.010948244482278824,-0.023613005876541138,0.005730947945266962,-0.02272675186395645,0.014544585719704628,0.021916532889008522,0.03346579149365425,0.027024224400520325,0.062167271971702576,0.08706115931272507,0.033216945827007294]}}
{"op_code":5,"worker_id":"eccf067d-ff88-4c2d-b9ac-150e885d6731-27448","trial_id":56,"param_name":"huber_delta","param_value_internal":1.0281167912735,"distribution":"{\"name\": \"FloatDistribution\", \"attributes\": {\"step\": null, \"low\": 0.5, \"high\": 5.0, \"log\": false}}"}
{"op_code":8,"worker_id":"195977b9-eae0-41da-bbf9-dd60d798d0e9-6576","trial_id":42,"user_attr":{"reg_kappa":3.2095246306624254}}
{"op_code":8,"worker_id":"195977b9-eae0-41da-bbf9-dd60d798d0e9-6576","trial_id":42,"user_attr":{"raw_metrics":[-0.14907017512411197,-0.017033841545697474,0.6,0.008662778988249553,0.04727272727272728,0.00947241302122529,-0.13609337442378786,-0.20999126136302948,0.4340579710144928]}}
{"op_code":8,"worker_id":"931b5783-9dbb-42fd-9571-61f9a46b16ee-8436","trial_id":55,"user_attr":{"constraints":[-0.013262032649900807,0.02731558729376702,0.0,0.226969696969697,-0.10620935564880496,-121.0,-2.0,0.0040017216487804735,-0.09999999999999998,-1198.192274091981,0.02028985507246378,0.04126984126984129]}}
{"op_code":8,"worker_id":"9b4746b3-9e6a-4d60-b3ed-ad32d614d569-24364","trial_id":53,"user_attr":{"cv_is_ics":[0.11032460629940033,0.10006020218133926,0.09628330171108246,0.08632227778434753,0.11528199166059494,0.14324723184108734,0.10292394459247589,0.13537253439426422,0.11727063357830048,0.13010458648204803,0.125155508518219,0.10073991864919662,0.11172811686992645,0.10012964904308319,0.09615201503038406]}}
{"op_code":8,"worker_id":"195977b9-eae0-41da-bbf9-dd60d798d0e9-6576","trial_id":42,"user_attr":{"val_metrics":[-0.012929428954654022,-0.26176746642530424,-0.23636363636363636,0.17440310174234858,-5.81086814343011]}}
{"op_code":8,"worker_id":"9b4746b3-9e6a-4d60-b3ed-ad32d614d569-24364","trial_id":53,"user_attr":{"cv_oos_ics":[0.0194865632802248,-0.026085659861564636,-0.03829202800989151,0.028058357536792755,0.00882507674396038,-0.0193470511585474,0.018412239849567413,-0.040205758064985275,0.014192559756338596,0.017205534502863884,0.024258481338620186,0.03493085503578186,0.05403042212128639,0.07616952061653137,0.03707906976342201]}}
{"op_code":8,"worker_id":"9b4746b3-9e6a-4d60-b3ed-ad32d614d569-24364","trial_id":53,"user_attr":{"reg_kappa":2.8522488296097905}}
{"op_code":8,"worker_id":"9b4746b3-9e6a-4d60-b3ed-ad32d614d569-24364","trial_id":53,"user_attr":{"raw_metrics":[-0.28489450203693706,-0.04807471919464865,0.6,0.011683993979793259,0.14181818181818182,0.02858234188002017,-0.09266813267406206,-0.08585667610168457,0.3960144927536232]}}
{"op_code":8,"worker_id":"9b4746b3-9e6a-4d60-b3ed-ad32d614d569-24364","trial_id":53,"user_attr":{"val_metrics":[-0.016272761814061634,-0.14196427761256566,-0.07878787878787878,0.06127580741514868,-6.094110529611234]}}
{"op_code":8,"worker_id":"195977b9-eae0-41da-bbf9-dd60d798d0e9-6576","trial_id":42,"user_attr":{"deflated_objective":-1.6695316322006422}}
{"op_code":8,"worker_id":"931b5783-9dbb-42fd-9571-61f9a46b16ee-8436","trial_id":55,"user_attr":{"pruned_reasons":["M2 (Yearly Tail IC Mean <= 0)","M5 (Monotonicity <= 0.25)","Side-specific Yearly Tail IC Mean (-0.0040 <= 0)","Yearly Daily Win Rate (42.97% < 45%)","Side-specific Yearly Daily Win Rate (40.87% < 45%)"]}}
{"op_code":8,"worker_id":"9b4746b3-9e6a-4d60-b3ed-ad32d614d569-24364","trial_id":53,"user_attr":{"deflated_objective":-1.7198818263929128}}
{"op_code":9,"worker_id":"195977b9-eae0-41da-bbf9-dd60d798d0e9-6576","trial_id":42,"system_attr":{"constraints":[-0.008662778988249553,0.017033841545697474,0.0,0.20272727272727273,-0.00947241302122529,-82.0,-8.0,0.05018194004994746,-0.09999999999999998,-1280.730409146193,0.01594202898550723,0.013809523809523883]}}
{"op_code":8,"worker_id":"931b5783-9dbb-42fd-9571-61f9a46b16ee-8436","trial_id":55,"user_attr":{"gini":0.6328279802721151}}
{"op_code":9,"worker_id":"9b4746b3-9e6a-4d60-b3ed-ad32d614d569-24364","trial_id":53,"system_attr":{"constraints":[-0.011683993979793259,0.04807471919464865,0.0,0.10818181818181818,-0.02858234188002017,-117.0,-7.0,-0.018711495182083416,-0.09999999999999998,-1193.1730273544722,0.053985507246376796,0.035714285714285754]}}
{"op_code":6,"worker_id":"195977b9-eae0-41da-bbf9-dd60d798d0e9-6576","trial_id":42,"state":1,"values":[-1.0902112113638145],"datetime_complete":"2026-07-14T11:44:15.967150"}
{"op_code":8,"worker_id":"931b5783-9dbb-42fd-9571-61f9a46b16ee-8436","trial_id":55,"user_attr":{"cv_is_ics":[0.08710931241512299,0.10096311569213867,0.0966353788971901,0.07462795078754425,0.10353940725326538,0.1290750652551651,0.09111464023590088,0.127870574593544,0.11123257130384445,0.12759657204151154,0.11949238181114197,0.09093651920557022,0.10948409140110016,0.10249804705381393,0.08311368525028229]}}
{"op_code":6,"worker_id":"9b4746b3-9e6a-4d60-b3ed-ad32d614d569-24364","trial_id":53,"state":1,"values":[-1.1401636478345383],"datetime_complete":"2026-07-14T11:44:15.969376"}
{"op_code":8,"worker_id":"931b5783-9dbb-42fd-9571-61f9a46b16ee-8436","trial_id":55,"user_attr":{"cv_oos_ics":[0.020058462396264076,-0.053965892642736435,-0.053448986262083054,0.01731756143271923,0.04366791993379593,-0.03419016674160957,-0.005697775632143021,-0.0514175109565258,0.013131681829690933,0.0011290531838312745,0.011989361606538296,0.035222217440605164,0.05289331451058388,0.07701006531715393,0.04295257478952408]}}
{"op_code":8,"worker_id":"931b5783-9dbb-42fd-9571-61f9a46b16ee-8436","trial_id":55,"user_attr":{"reg_kappa":2.9825572983998523}}
{"op_code":8,"worker_id":"931b5783-9dbb-42fd-9571-61f9a46b16ee-8436","trial_id":55,"user_attr":{"raw_metrics":[-0.21404340451362783,-0.02731558729376702,0.6,0.013262032649900807,0.02303030303030302,0.10620935564880496,-0.05429325520346064,-0.04965241998434067,0.42971014492753623]}}
{"op_code":4,"worker_id":"824bcaff-d35b-4385-8351-fd9a3ab8d5be-6576","study_id":0,"datetime_start":"2026-07-14T11:44:15.976428"}
{"op_code":8,"worker_id":"b1377ae1-3cda-41d0-9f07-8f75a04ff03a-18156","trial_id":51,"user_attr":{"gini":0.7477710108150375}}
{"op_code":4,"worker_id":"ece8f90c-b667-405e-8252-108796759452-24364","study_id":0,"datetime_start":"2026-07-14T11:44:15.979477"}
{"op_code":8,"worker_id":"931b5783-9dbb-42fd-9571-61f9a46b16ee-8436","trial_id":55,"user_attr":{"val_metrics":[-0.01779653400067478,-0.2031950437541337,-0.12727272727272726,0.10409140713391421,-5.165526077720472]}}
{"op_code":5,"worker_id":"ece8f90c-b667-405e-8252-108796759452-24364","trial_id":59,"param_name":"k_weight","param_value_internal":0.5027363773931354,"distribution":"{\"name\": \"FloatDistribution\", \"attributes\": {\"step\": null, \"low\": 0.0, \"high\": 1.5, \"log\": false}}"}
{"op_code":5,"worker_id":"ece8f90c-b667-405e-8252-108796759452-24364","trial_id":59,"param_name":"unified_alpha","param_value_internal":0.00025037468882400905,"distribution":"{\"name\": \"FloatDistribution\", \"attributes\": {\"step\": null, \"low\": 1e-05, \"high\": 10.0, \"log\": true}}"}
{"op_code":8,"worker_id":"931b5783-9dbb-42fd-9571-61f9a46b16ee-8436","trial_id":55,"user_attr":{"deflated_objective":-1.3557743642287592}}
{"op_code":8,"worker_id":"c891894a-9183-4368-be5c-9023409bd13e-11668","trial_id":5,"user_attr":{"cv_is_ics":[0.10813363641500473,0.10476337373256683,0.09057435393333435,0.08344510197639465,0.11571110785007477,0.13688689470291138,0.08935821056365967,0.13033224642276764,0.11568243056535721,0.1204087883234024,0.10626370459794998,0.10863547772169113,0.09760277718305588,0.09048304706811905,0.09335719794034958]}}
{"op_code":8,"worker_id":"b1377ae1-3cda-41d0-9f07-8f75a04ff03a-18156","trial_id":51,"user_attr":{"cv_is_ics":[0.09450478106737137,0.10563118755817413,0.09334525465965271,0.08555875718593597,0.08247332274913788,0.13931484520435333,0.10570063441991806,0.11437778174877167,0.10372398048639297,0.12632112205028534,0.12260846048593521,0.09552019089460373,0.10628780722618103,0.0900578424334526,0.07393113523721695]}}
{"op_code":5,"worker_id":"ece8f90c-b667-405e-8252-108796759452-24364","trial_id":59,"param_name":"unified_rho","param_value_internal":0.2713421589744117,"distribution":"{\"name\": \"FloatDistribution\", \"attributes\": {\"step\": null, \"low\": 0.0, \"high\": 1.0, \"log\": false}}"}
{"op_code":8,"worker_id":"c891894a-9183-4368-be5c-9023409bd13e-11668","trial_id":5,"user_attr":{"cv_oos_ics":[0.010096429847180843,0.00808517262339592,-0.05370354279875755,0.008379166945815086,-0.011191162280738354,-0.018775254487991333,0.007837306708097458,-0.02622036077082157,0.019052894786000252,0.02801559492945671,0.030214980244636536,0.02568679116666317,0.06016698107123375,0.08697181195020676,0.032487764954566956]}}
{"op_code":8,"worker_id":"b1377ae1-3cda-41d0-9f07-8f75a04ff03a-18156","trial_id":51,"user_attr":{"cv_oos_ics":[-0.0541364923119545,-0.04105948284268379,0.024256087839603424,0.04055371508002281,0.07211457937955856,-0.04197299852967262,0.06651566922664642,-0.06241428479552269,-0.02888619899749756,0.027036866173148155,0.019645581021904945,0.007866187952458858,0.019436020404100418,0.07694442570209503,0.0017518037930130959]}}
{"op_code":8,"worker_id":"b1377ae1-3cda-41d0-9f07-8f75a04ff03a-18156","trial_id":51,"user_attr":{"reg_kappa":2.8622219615502127}}
{"op_code":8,"worker_id":"c891894a-9183-4368-be5c-9023409bd13e-11668","trial_id":5,"user_attr":{"reg_kappa":3.257750800194882}}
{"op_code":8,"worker_id":"c891894a-9183-4368-be5c-9023409bd13e-11668","trial_id":5,"user_attr":{"raw_metrics":[-0.125399221187477,-0.016521655271392665,0.6,0.007889701732764475,0.16363636363636364,0.036150550661383604,-0.14756894842176269,-0.22964511811733246,0.4213768115942029]}}
{"op_code":8,"worker_id":"b1377ae1-3cda-41d0-9f07-8f75a04ff03a-18156","trial_id":51,"user_attr":{"raw_metrics":[-0.4639715714850568,-0.06469345373828214,0.2,-0.006045735201170589,-0.05696969696969698,0.003904930427814468,-0.03906161526359319,-0.035835325717926025,0.3954710144927536]}}
{"op_code":8,"worker_id":"b1377ae1-3cda-41d0-9f07-8f75a04ff03a-18156","trial_id":51,"user_attr":{"val_metrics":[-0.011252708189748009,-0.13112867970313694,0.2606060606060606,0.3062280581528456,-7.89123549127974]}}
{"op_code":8,"worker_id":"c891894a-9183-4368-be5c-9023409bd13e-11668","trial_id":5,"user_attr":{"val_metrics":[-0.011425434601440817,-0.19181286451415408,-0.09090909090909091,0.09689240513598897,-4.873408380654765]}}
{"op_code":8,"worker_id":"b1377ae1-3cda-41d0-9f07-8f75a04ff03a-18156","trial_id":51,"user_attr":{"deflated_objective":-2.3989003642617455}}
{"op_code":9,"worker_id":"b1377ae1-3cda-41d0-9f07-8f75a04ff03a-18156","trial_id":51,"system_attr":{"constraints":[0.006045735201170589,0.06469345373828214,0.39999999999999997,0.306969696969697,-0.003904930427814468,-123.0,0.0,0.12301971478442067,0.09999999999999998,-1202.4064471668678,0.054528985507246386,0.06444444444444447]}}
{"op_code":6,"worker_id":"b1377ae1-3cda-41d0-9f07-8f75a04ff03a-18156","trial_id":51,"state":1,"values":[-1.820237993968337],"datetime_complete":"2026-07-14T11:44:16.003151"}
{"op_code":8,"worker_id":"dfb85488-3374-4388-903d-61506ac9866f-8896","trial_id":16,"user_attr":{"reg_kappa":3.126486468717816}}
{"op_code":4,"worker_id":"b1377ae1-3cda-41d0-9f07-8f75a04ff03a-18156","study_id":0,"datetime_start":"2026-07-14T11:44:16.005093"}
{"op_code":5,"worker_id":"b1377ae1-3cda-41d0-9f07-8f75a04ff03a-18156","trial_id":60,"param_name":"k_weight","param_value_internal":0.5213751691060446,"distribution":"{\"name\": \"FloatDistribution\", \"attributes\": {\"step\": null, \"low\": 0.0, \"high\": 1.5, \"log\": false}}"}
{"op_code":8,"worker_id":"dfb85488-3374-4388-903d-61506ac9866f-8896","trial_id":16,"user_attr":{"raw_metrics":[-0.35814494658742624,-0.04921956183081746,0.6,0.009871425366250481,0.05939393939393939,0.09985765387807131,-0.09900867443858172,-0.10401876270771027,0.44239130434782614]}}
{"op_code":5,"worker_id":"b1377ae1-3cda-41d0-9f07-8f75a04ff03a-18156","trial_id":60,"param_name":"unified_alpha","param_value_internal":0.0002513025373052734,"distribution":"{\"name\": \"FloatDistribution\", \"attributes\": {\"step\": null, \"low\": 1e-05, \"high\": 10.0, \"log\": true}}"}
{"op_code":8,"worker_id":"c891894a-9183-4368-be5c-9023409bd13e-11668","trial_id":5,"user_attr":{"deflated_objective":-1.2325914712186812}}
{"op_code":5,"worker_id":"b1377ae1-3cda-41d0-9f07-8f75a04ff03a-18156","trial_id":60,"param_name":"unified_rho","param_value_internal":0.2921241516194816,"distribution":"{\"name\": \"FloatDistribution\", \"attributes\": {\"step\": null, \"low\": 0.0, \"high\": 1.0, \"log\": false}}"}
{"op_code":8,"worker_id":"dfb85488-3374-4388-903d-61506ac9866f-8896","trial_id":16,"user_attr":{"val_metrics":[-0.04257728023598165,-0.12339896246602472,-0.10303030303030303,0.04927494272967613,-6.695755088439276]}}
{"op_code":5,"worker_id":"b1377ae1-3cda-41d0-9f07-8f75a04ff03a-18156","trial_id":60,"param_name":"unified_gamma","param_value_internal":15.215700637810407,"distribution":"{\"name\": \"FloatDistribution\", \"attributes\": {\"step\": null, \"low\": 1.5, \"high\": 10000.0, \"log\": true}}"}
{"op_code":9,"worker_id":"c891894a-9183-4368-be5c-9023409bd13e-11668","trial_id":5,"system_attr":{"constraints":[-0.007889701732764475,0.016521655271392665,0.0,0.08636363636363636,-0.036150550661383604,-75.0,-8.0,0.06927006166045604,-0.09999999999999998,-1300.2033240289068,0.028623188405797084,0.019206349206349227]}}
{"op_code":5,"worker_id":"b1377ae1-3cda-41d0-9f07-8f75a04ff03a-18156","trial_id":60,"param_name":"huber_delta","param_value_internal":0.8427418173149466,"distribution":"{\"name\": \"FloatDistribution\", \"attributes\": {\"step\": null, \"low\": 0.5, \"high\": 5.0, \"log\": false}}"}
{"op_code":6,"worker_id":"c891894a-9183-4368-be5c-9023409bd13e-11668","trial_id":5,"state":1,"values":[-0.6725496115502068],"datetime_complete":"2026-07-14T11:44:16.019752"}
{"op_code":8,"worker_id":"dfb85488-3374-4388-903d-61506ac9866f-8896","trial_id":16,"user_attr":{"deflated_objective":-1.9810724414093595}}
{"op_code":9,"worker_id":"dfb85488-3374-4388-903d-61506ac9866f-8896","trial_id":16,"system_attr":{"constraints":[-0.009871425366250481,0.04921956183081746,0.0,0.1906060606060606,-0.09985765387807131,-91.0,-5.0,0.09283742224918695,0.3,-1267.3859990354326,0.007608695652173869,0.035873015873015945]}}
{"op_code":5,"worker_id":"ece8f90c-b667-405e-8252-108796759452-24364","trial_id":59,"param_name":"unified_gamma","param_value_internal":8802.356518105416,"distribution":"{\"name\": \"FloatDistribution\", \"attributes\": {\"step\": null, \"low\": 1.5, \"high\": 10000.0, \"log\": true}}"}
{"op_code":6,"worker_id":"dfb85488-3374-4388-903d-61506ac9866f-8896","trial_id":16,"state":1,"values":[-1.3784500395497445],"datetime_complete":"2026-07-14T11:44:16.025807"}
{"op_code":5,"worker_id":"ece8f90c-b667-405e-8252-108796759452-24364","trial_id":59,"param_name":"huber_delta","param_value_internal":0.9443469049070068,"distribution":"{\"name\": \"FloatDistribution\", \"attributes\": {\"step\": null, \"low\": 0.5, \"high\": 5.0, \"log\": false}}"}
{"op_code":5,"worker_id":"824bcaff-d35b-4385-8351-fd9a3ab8d5be-6576","trial_id":58,"param_name":"k_weight","param_value_internal":0.5302240801123177,"distribution":"{\"name\": \"FloatDistribution\", \"attributes\": {\"step\": null, \"low\": 0.0, \"high\": 1.5, \"log\": false}}"}
{"op_code":8,"worker_id":"7b5a7f48-e471-4d32-9cb5-82f925249f92-19176","trial_id":2,"user_attr":{"cv_oos_ics":[0.022225329652428627,0.006598447449505329,-0.06033811345696449,0.0011867935536429286,-0.02765834331512451,-0.0344991460442543,-0.008858239278197289,-0.010240506380796432,0.010755857452750206,0.02950584888458252,0.04140063747763634,0.015136918984353542,0.07530443370342255,0.07720654457807541,0.03717335686087608]}}
{"op_code":5,"worker_id":"824bcaff-d35b-4385-8351-fd9a3ab8d5be-6576","trial_id":58,"param_name":"unified_alpha","param_value_internal":0.0003264250003931105,"distribution":"{\"name\": \"FloatDistribution\", \"attributes\": {\"step\": null, \"low\": 1e-05, \"high\": 10.0, \"log\": true}}"}
{"op_code":5,"worker_id":"824bcaff-d35b-4385-8351-fd9a3ab8d5be-6576","trial_id":58,"param_name":"unified_rho","param_value_internal":0.2939408093612226,"distribution":"{\"name\": \"FloatDistribution\", \"attributes\": {\"step\": null, \"low\": 0.0, \"high\": 1.0, \"log\": false}}"}
{"op_code":8,"worker_id":"824752d2-763b-4720-a0ef-fe35826b4464-23408","trial_id":57,"user_attr":{"constraints":[-0.010931132292747732,0.03938107891565622,0.0,0.1396969696969697,-0.024596997117389736,-92.0,-8.0,0.05102109337403456,-0.09999999999999998,-1257.649287314177,0.04999999999999999,0.04142857142857148]}}
{"op_code":9,"worker_id":"931b5783-9dbb-42fd-9571-61f9a46b16ee-8436","trial_id":55,"system_attr":{"constraints":[-0.013262032649900807,0.02731558729376702,0.0,0.226969696969697,-0.10620935564880496,-121.0,-2.0,0.0040017216487804735,-0.09999999999999998,-1198.192274091981,0.02028985507246378,0.04126984126984129]}}
{"op_code":8,"worker_id":"824752d2-763b-4720-a0ef-fe35826b4464-23408","trial_id":57,"user_attr":{"pruned_reasons":["M2 (Yearly Tail IC Mean <= 0)","M5 (Monotonicity <= 0.25)","Side-specific Yearly Tail IC Mean (-0.0510 <= 0)","Yearly Daily Win Rate (40.00% < 45%)","Side-specific Yearly Daily Win Rate (40.86% < 45%)"]}}
{"op_code":6,"worker_id":"931b5783-9dbb-42fd-9571-61f9a46b16ee-8436","trial_id":55,"state":1,"values":[-0.798223035636201],"datetime_complete":"2026-07-14T11:44:16.055592"}
{"op_code":8,"worker_id":"7b5a7f48-e471-4d32-9cb5-82f925249f92-19176","trial_id":2,"user_attr":{"reg_kappa":3.6811234792861867}}
{"op_code":8,"worker_id":"824752d2-763b-4720-a0ef-fe35826b4464-23408","trial_id":57,"user_attr":{"gini":0.33885523414107865}}
{"op_code":8,"worker_id":"b1377ae1-3cda-41d0-9f07-8f75a04ff03a-18156","trial_id":60,"user_attr":{"constraints":[-0.013364303560141597,0.01852707780614558,0.0,0.06454545454545454,-0.03890746041760749,-91.0,-8.0,0.028323017734782442,-0.09999999999999998,-1259.1421977387083,0.04184782608695653,0.04698412698412702]}}
{"op_code":8,"worker_id":"7b5a7f48-e471-4d32-9cb5-82f925249f92-19176","trial_id":2,"user_attr":{"raw_metrics":[0.0289858058867747,0.004094908274261771,0.4,0.010837719263366314,0.10787878787878787,-0.008647772446166782,-0.2805672872532326,-0.3959791660308838,0.4043478260869565]}}
{"op_code":5,"worker_id":"824bcaff-d35b-4385-8351-fd9a3ab8d5be-6576","trial_id":58,"param_name":"unified_gamma","param_value_internal":16.4399310203372,"distribution":"{\"name\": \"FloatDistribution\", \"attributes\": {\"step\": null, \"low\": 1.5, \"high\": 10000.0, \"log\": true}}"}
{"op_code":8,"worker_id":"b1377ae1-3cda-41d0-9f07-8f75a04ff03a-18156","trial_id":60,"user_attr":{"pruned_reasons":["M2 (Yearly Tail IC Mean <= 0)","M5 (Monotonicity <= 0.25)","Side-specific Yearly Tail IC Mean (-0.0283 <= 0)","Yearly Daily Win Rate (40.82% < 45%)","Side-specific Yearly Daily Win Rate (40.30% < 45%)"]}}
{"op_code":8,"worker_id":"824752d2-763b-4720-a0ef-fe35826b4464-23408","trial_id":57,"user_attr":{"cv_is_ics":[0.12183075398206711,0.11001002788543701,0.101329505443573,0.09480871260166168,0.11915954202413559,0.14331446588039398,0.1090516671538353,0.13404399156570435,0.12523916363716125,0.13030429184436798,0.1334010660648346,0.12030330300331116,0.10159384459257126,0.08896323293447495,0.09557675570249557]}}
{"op_code":8,"worker_id":"824752d2-763b-4720-a0ef-fe35826b4464-23408","trial_id":57,"user_attr":{"cv_oos_ics":[-0.016751784831285477,0.004375769291073084,-0.02186114527285099,0.030376989394426346,0.020310111343860626,0.0013262387365102768,0.044744931161403656,-0.04274933412671089,0.00791028793901205,0.051103245466947556,0.04306422546505928,0.03415459394454956,0.026885369792580605,0.0824052095413208,0.022409284487366676]}}
{"op_code":5,"worker_id":"824bcaff-d35b-4385-8351-fd9a3ab8d5be-6576","trial_id":58,"param_name":"huber_delta","param_value_internal":0.8968770100298413,"distribution":"{\"name\": \"FloatDistribution\", \"attributes\": {\"step\": null, \"low\": 0.5, \"high\": 5.0, \"log\": false}}"}
{"op_code":8,"worker_id":"b1377ae1-3cda-41d0-9f07-8f75a04ff03a-18156","trial_id":60,"user_attr":{"gini":0.34653697636604597}}
{"op_code":8,"worker_id":"b1377ae1-3cda-41d0-9f07-8f75a04ff03a-18156","trial_id":60,"user_attr":{"cv_is_ics":[0.12385266274213791,0.11061353236436844,0.10212238878011703,0.09747988730669022,0.11931338906288147,0.14173288643360138,0.11117452383041382,0.1341596245765686,0.12613168358802795,0.1308349370956421,0.1330820471048355,0.12072087079286575,0.10181007534265518,0.09014757722616196,0.09572621434926987]}}
{"op_code":8,"worker_id":"b1377ae1-3cda-41d0-9f07-8f75a04ff03a-18156","trial_id":60,"user_attr":{"cv_oos_ics":[-0.013078220188617706,0.007737663108855486,-0.015563851222395897,0.029759958386421204,0.021641714498400688,0.008146995678544044,0.052009910345077515,-0.04174263775348663,0.00595593499019742,0.05386864021420479,0.04146062582731247,0.03308025002479553,0.026592087000608444,0.081904835999012,0.02257358282804489]}}
{"op_code":8,"worker_id":"b1377ae1-3cda-41d0-9f07-8f75a04ff03a-18156","trial_id":60,"user_attr":{"reg_kappa":3.1548603667605275}}
{"op_code":8,"worker_id":"b1377ae1-3cda-41d0-9f07-8f75a04ff03a-18156","trial_id":60,"user_attr":{"raw_metrics":[-0.14711474599868643,-0.01852707780614558,0.6,0.013364303560141597,0.18545454545454546,0.03890746041760749,-0.12441933636731253,-0.1881422996520996,0.4081521739130435]}}
{"op_code":8,"worker_id":"ece8f90c-b667-405e-8252-108796759452-24364","trial_id":59,"user_attr":{"constraints":[-0.010989892765943093,0.03820585497433433,0.0,0.09121212121212122,-0.024596997117389736,-92.0,-8.0,0.05480344774462422,-0.09999999999999998,-1256.0023891970134,0.04999999999999999,0.035873015873015945]}}
{"op_code":8,"worker_id":"824752d2-763b-4720-a0ef-fe35826b4464-23408","trial_id":57,"user_attr":{"reg_kappa":3.1511696865555714}}
{"op_code":8,"worker_id":"824752d2-763b-4720-a0ef-fe35826b4464-23408","trial_id":57,"user_attr":{"raw_metrics":[-0.23727340923170545,-0.03938107891565622,0.6,0.010931132292747732,0.1103030303030303,0.024596997117389736,-0.12365695806971785,-0.18423908948898315,0.4]}}
{"op_code":8,"worker_id":"824752d2-763b-4720-a0ef-fe35826b4464-23408","trial_id":57,"user_attr":{"val_metrics":[0.00654030975165567,-0.24921499278120623,0.06666666666666667,0.039881744887679815,-5.869853748409446]}}
{"op_code":8,"worker_id":"7b5a7f48-e471-4d32-9cb5-82f925249f92-19176","trial_id":2,"user_attr":{"val_metrics":[0.0006575030836957786,-0.3061041368181109,0.1393939393939394,-0.12601115770867444,-5.675634740881467]}}
{"op_code":8,"worker_id":"824752d2-763b-4720-a0ef-fe35826b4464-23408","trial_id":57,"user_attr":{"deflated_objective":-1.6639837255052807}}
{"op_code":9,"worker_id":"824752d2-763b-4720-a0ef-fe35826b4464-23408","trial_id":57,"system_attr":{"constraints":[-0.010931132292747732,0.03938107891565622,0.0,0.1396969696969697,-0.024596997117389736,-92.0,-8.0,0.05102109337403456,-0.09999999999999998,-1257.649287314177,0.04999999999999999,0.04142857142857148]}}
{"op_code":6,"worker_id":"824752d2-763b-4720-a0ef-fe35826b4464-23408","trial_id":57,"state":1,"values":[-1.0765344597256163],"datetime_complete":"2026-07-14T11:44:16.083791"}
{"op_code":8,"worker_id":"7b5a7f48-e471-4d32-9cb5-82f925249f92-19176","trial_id":2,"user_attr":{"deflated_objective":-1.6022962136932757}}
{"op_code":9,"worker_id":"7b5a7f48-e471-4d32-9cb5-82f925249f92-19176","trial_id":2,"system_attr":{"constraints":[-0.010837719263366314,-0.004094908274261771,0.19999999999999996,0.14212121212121215,0.008647772446166782,-30.0,-7.0,-0.01633743208018341,-0.09999999999999998,-1503.579580561241,0.04565217391304349,0.04142857142857148]}}
{"op_code":6,"worker_id":"7b5a7f48-e471-4d32-9cb5-82f925249f92-19176","trial_id":2,"state":1,"values":[-1.0149180677294167],"datetime_complete":"2026-07-14T11:44:16.087387"}
{"op_code":4,"worker_id":"931b5783-9dbb-42fd-9571-61f9a46b16ee-8436","study_id":0,"datetime_start":"2026-07-14T11:44:16.058091"}
{"op_code":8,"worker_id":"ece8f90c-b667-405e-8252-108796759452-24364","trial_id":59,"user_attr":{"pruned_reasons":["M2 (Yearly Tail IC Mean <= 0)","M5 (Monotonicity <= 0.25)","Side-specific Yearly Tail IC Mean (-0.0548 <= 0)","Yearly Daily Win Rate (40.00% < 45%)","Side-specific Yearly Daily Win Rate (41.41% < 45%)"]}}
{"op_code":5,"worker_id":"931b5783-9dbb-42fd-9571-61f9a46b16ee-8436","trial_id":61,"param_name":"k_weight","param_value_internal":0.9124826973695259,"distribution":"{\"name\": \"FloatDistribution\", \"attributes\": {\"step\": null, \"low\": 0.0, \"high\": 1.5, \"log\": false}}"}
{"op_code":5,"worker_id":"931b5783-9dbb-42fd-9571-61f9a46b16ee-8436","trial_id":61,"param_name":"unified_alpha","param_value_internal":0.0015846521865285656,"distribution":"{\"name\": \"FloatDistribution\", \"attributes\": {\"step\": null, \"low\": 1e-05, \"high\": 10.0, \"log\": true}}"}
{"op_code":8,"worker_id":"4ebdd39a-465a-461f-bc5e-a81fd3f56721-24340","trial_id":49,"user_attr":{"gini":0.506902218725876}}
{"op_code":8,"worker_id":"ece8f90c-b667-405e-8252-108796759452-24364","trial_id":59,"user_attr":{"gini":0.3397642866654875}}
{"op_code":5,"worker_id":"931b5783-9dbb-42fd-9571-61f9a46b16ee-8436","trial_id":61,"param_name":"unified_rho","param_value_internal":0.304583112399042,"distribution":"{\"name\": \"FloatDistribution\", \"attributes\": {\"step\": null, \"low\": 0.0, \"high\": 1.0, \"log\": false}}"}
{"op_code":4,"worker_id":"7f71e1a2-8f13-4ffb-a9e9-7dec58f09e93-23408","study_id":0,"datetime_start":"2026-07-14T11:44:16.091763"}
{"op_code":8,"worker_id":"4ebdd39a-465a-461f-bc5e-a81fd3f56721-24340","trial_id":49,"user_attr":{"cv_is_ics":[0.12580448389053345,0.10707423835992813,0.10252249985933304,0.09551587700843811,0.11885908246040344,0.13881205022335052,0.12603358924388885,0.1240653470158577,0.12395726144313812,0.13023968040943146,0.13413338363170624,0.11580929160118103,0.10206529498100281,0.10128163546323776,0.09996696561574936]}}
{"op_code":8,"worker_id":"4ebdd39a-465a-461f-bc5e-a81fd3f56721-24340","trial_id":49,"user_attr":{"cv_oos_ics":[-0.01526985876262188,-0.030835898593068123,-0.0017055885400623083,0.035168156027793884,0.049532391130924225,0.015276587568223476,0.09819832444190979,-0.030161721631884575,0.016167238354682922,0.04367554560303688,0.02870609425008297,0.027394093573093414,0.009602263569831848,0.063254214823246,0.014273297972977161]}}
{"op_code":5,"worker_id":"931b5783-9dbb-42fd-9571-61f9a46b16ee-8436","trial_id":61,"param_name":"unified_gamma","param_value_internal":9.469821173657174,"distribution":"{\"name\": \"FloatDistribution\", \"attributes\": {\"step\": null, \"low\": 1.5, \"high\": 10000.0, \"log\": true}}"}
{"op_code":5,"worker_id":"7f71e1a2-8f13-4ffb-a9e9-7dec58f09e93-23408","trial_id":62,"param_name":"k_weight","param_value_internal":1.0038259328722878,"distribution":"{\"name\": \"FloatDistribution\", \"attributes\": {\"step\": null, \"low\": 0.0, \"high\": 1.5, \"log\": false}}"}
{"op_code":8,"worker_id":"4ebdd39a-465a-461f-bc5e-a81fd3f56721-24340","trial_id":49,"user_attr":{"reg_kappa":2.8236823250020815}}
{"op_code":8,"worker_id":"4ebdd39a-465a-461f-bc5e-a81fd3f56721-24340","trial_id":49,"user_attr":{"raw_metrics":[-0.6736381361479598,-0.0650049770139323,0.4,0.015008937589311735,0.17575757575757575,0.03761733783388303,-0.06950249994962511,-0.09504243731498718,0.39112318840579713]}}
{"op_code":8,"worker_id":"824bcaff-d35b-4385-8351-fd9a3ab8d5be-6576","trial_id":58,"user_attr":{"constraints":[-0.01219168718899213,0.03604115836899053,0.0,0.14212121212121212,-0.04109756352132466,-90.0,-8.0,0.02995675230969349,-0.09999999999999998,-1260.651301796883,0.050181159420289834,0.04142857142857148]}}
{"op_code":4,"worker_id":"5e2118d5-a4fe-40ba-b750-82fbdcd669e5-11668","study_id":0,"datetime_start":"2026-07-14T11:44:16.107126"}
{"op_code":8,"worker_id":"824bcaff-d35b-4385-8351-fd9a3ab8d5be-6576","trial_id":58,"user_attr":{"pruned_reasons":["M2 (Yearly Tail IC Mean <= 0)","M5 (Monotonicity <= 0.25)","Side-specific Yearly Tail IC Mean (-0.0300 <= 0)","Yearly Daily Win Rate (39.98% < 45%)","Side-specific Yearly Daily Win Rate (40.86% < 45%)"]}}
{"op_code":8,"worker_id":"824bcaff-d35b-4385-8351-fd9a3ab8d5be-6576","trial_id":58,"user_attr":{"gini":0.34189474843174406}}
{"op_code":8,"worker_id":"824bcaff-d35b-4385-8351-fd9a3ab8d5be-6576","trial_id":58,"user_attr":{"cv_is_ics":[0.12294710427522659,0.11009730398654938,0.1014210507273674,0.09577076137065887,0.1188577339053154,0.14289908111095428,0.10975953936576843,0.1338212639093399,0.12584705650806427,0.12981051206588745,0.13380521535873413,0.12036097049713135,0.10174212604761124,0.08970675617456436,0.09527265280485153]}}
{"op_code":8,"worker_id":"824bcaff-d35b-4385-8351-fd9a3ab8d5be-6576","trial_id":58,"user_attr":{"cv_oos_ics":[-0.015256760641932487,0.005279407370835543,-0.020579107105731964,0.029292132705450058,0.021041547879576683,0.003320395713672042,0.047778401523828506,-0.042773254215717316,0.00795404426753521,0.05215974524617195,0.04210073873400688,0.03360265865921974,0.026447013020515442,0.08377280831336975,0.02231048047542572]}}
{"op_code":5,"worker_id":"931b5783-9dbb-42fd-9571-61f9a46b16ee-8436","trial_id":61,"param_name":"huber_delta","param_value_internal":2.089663447384538,"distribution":"{\"name\": \"FloatDistribution\", \"attributes\": {\"step\": null, \"low\": 0.5, \"high\": 5.0, \"log\": false}}"}
{"op_code":5,"worker_id":"7f71e1a2-8f13-4ffb-a9e9-7dec58f09e93-23408","trial_id":62,"param_name":"unified_alpha","param_value_internal":0.001741326377978661,"distribution":"{\"name\": \"FloatDistribution\", \"attributes\": {\"step\": null, \"low\": 1e-05, \"high\": 10.0, \"log\": true}}"}
{"op_code":8,"worker_id":"ece8f90c-b667-405e-8252-108796759452-24364","trial_id":59,"user_attr":{"cv_is_ics":[0.1217041090130806,0.11006718873977661,0.10148651897907257,0.09472101926803589,0.11945008486509323,0.143654003739357,0.10901571065187454,0.1341259628534317,0.12515927851200104,0.1301741749048233,0.13289856910705566,0.12005040049552917,0.10133565217256546,0.08890268951654434,0.09575578570365906]}}
{"op_code":8,"worker_id":"824bcaff-d35b-4385-8351-fd9a3ab8d5be-6576","trial_id":58,"user_attr":{"reg_kappa":3.1583791418378}}
{"op_code":5,"worker_id":"5e2118d5-a4fe-40ba-b750-82fbdcd669e5-11668","trial_id":63,"param_name":"k_weight","param_value_internal":0.9740013267949155,"distribution":"{\"name\": \"FloatDistribution\", \"attributes\": {\"step\": null, \"low\": 0.0, \"high\": 1.5, \"log\": false}}"}
{"op_code":4,"worker_id":"f268685b-79da-44cd-8a4f-a41785ec266f-8896","study_id":0,"datetime_start":"2026-07-14T11:44:16.112627"}
{"op_code":8,"worker_id":"824bcaff-d35b-4385-8351-fd9a3ab8d5be-6576","trial_id":58,"user_attr":{"raw_metrics":[-0.22998838874759547,-0.03604115836899053,0.6,0.01219168718899213,0.10787878787878788,0.04109756352132466,-0.12519605785127427,-0.18859276175498962,0.3998188405797102]}}
{"op_code":8,"worker_id":"824bcaff-d35b-4385-8351-fd9a3ab8d5be-6576","trial_id":58,"user_attr":{"val_metrics":[0.0072901093912178345,-0.20999918269605514,0.09090909090909091,0.039881744887679815,-5.917519264081751]}}
{"op_code":5,"worker_id":"f268685b-79da-44cd-8a4f-a41785ec266f-8896","trial_id":64,"param_name":"k_weight","param_value_internal":0.9642009965905773,"distribution":"{\"name\": \"FloatDistribution\", \"attributes\": {\"step\": null, \"low\": 0.0, \"high\": 1.5, \"log\": false}}"}
{"op_code":5,"worker_id":"5e2118d5-a4fe-40ba-b750-82fbdcd669e5-11668","trial_id":63,"param_name":"unified_alpha","param_value_internal":0.0003443756827356817,"distribution":"{\"name\": \"FloatDistribution\", \"attributes\": {\"step\": null, \"low\": 1e-05, \"high\": 10.0, \"log\": true}}"}
{"op_code":8,"worker_id":"ece8f90c-b667-405e-8252-108796759452-24364","trial_id":59,"user_attr":{"cv_oos_ics":[-0.016963915899395943,0.003777296282351017,-0.02155177667737007,0.030729353427886963,0.020020896568894386,0.001027566846460104,0.04464270919561386,-0.04328521341085434,0.007889115251600742,0.05068882927298546,0.042547617107629776,0.034022487699985504,0.026388926431536674,0.08225206285715103,0.022229742258787155]}}
{"op_code":5,"worker_id":"5e2118d5-a4fe-40ba-b750-82fbdcd669e5-11668","trial_id":63,"param_name":"unified_rho","param_value_internal":0.28972315530229414,"distribution":"{\"name\": \"FloatDistribution\", \"attributes\": {\"step\": null, \"low\": 0.0, \"high\": 1.0, \"log\": false}}"}
{"op_code":8,"worker_id":"ece8f90c-b667-405e-8252-108796759452-24364","trial_id":59,"user_attr":{"reg_kappa":3.146971459724847}}
{"op_code":8,"worker_id":"ece8f90c-b667-405e-8252-108796759452-24364","trial_id":59,"user_attr":{"raw_metrics":[-0.22817203780423934,-0.03820585497433433,0.6,0.010989892765943093,0.15878787878787878,0.024596997117389736,-0.12282313229924961,-0.18132036924362183,0.4]}}
{"op_code":8,"worker_id":"ece8f90c-b667-405e-8252-108796759452-24364","trial_id":59,"user_attr":{"val_metrics":[0.006122338205803607,-0.30087946387556874,0.06666666666666667,0.039881744887679815,-5.541795323775673]}}
{"op_code":5,"worker_id":"7f71e1a2-8f13-4ffb-a9e9-7dec58f09e93-23408","trial_id":62,"param_name":"unified_rho","param_value_internal":0.2954512505591062,"distribution":"{\"name\": \"FloatDistribution\", \"attributes\": {\"step\": null, \"low\": 0.0, \"high\": 1.0, \"log\": false}}"}
{"op_code":8,"worker_id":"ece8f90c-b667-405e-8252-108796759452-24364","trial_id":59,"user_attr":{"deflated_objective":-1.5449082284354196}}
{"op_code":9,"worker_id":"ece8f90c-b667-405e-8252-108796759452-24364","trial_id":59,"system_attr":{"constraints":[-0.010989892765943093,0.03820585497433433,0.0,0.09121212121212122,-0.024596997117389736,-92.0,-8.0,0.05480344774462422,-0.09999999999999998,-1256.0023891970134,0.04999999999999999,0.035873015873015945]}}
{"op_code":6,"worker_id":"ece8f90c-b667-405e-8252-108796759452-24364","trial_id":59,"state":1,"values":[-0.9660186754754889],"datetime_complete":"2026-07-14T11:44:16.140016"}
{"op_code":8,"worker_id":"b1377ae1-3cda-41d0-9f07-8f75a04ff03a-18156","trial_id":60,"user_attr":{"val_metrics":[0.005059609291113505,-0.19074318201948268,-0.030303030303030304,-0.047647111016609095,-5.740266330915739]}}
{"op_code":4,"worker_id":"ece8f90c-b667-405e-8252-108796759452-24364","study_id":0,"datetime_start":"2026-07-14T11:44:16.141737"}
{"op_code":8,"worker_id":"824bcaff-d35b-4385-8351-fd9a3ab8d5be-6576","trial_id":58,"user_attr":{"deflated_objective":-1.6562479604248719}}
{"op_code":5,"worker_id":"ece8f90c-b667-405e-8252-108796759452-24364","trial_id":65,"param_name":"k_weight","param_value_internal":0.9099603985898068,"distribution":"{\"name\": \"FloatDistribution\", \"attributes\": {\"step\": null, \"low\": 0.0, \"high\": 1.5, \"log\": false}}"}
{"op_code":9,"worker_id":"824bcaff-d35b-4385-8351-fd9a3ab8d5be-6576","trial_id":58,"system_attr":{"constraints":[-0.01219168718899213,0.03604115836899053,0.0,0.14212121212121212,-0.04109756352132466,-90.0,-8.0,0.02995675230969349,-0.09999999999999998,-1260.651301796883,0.050181159420289834,0.04142857142857148]}}
{"op_code":5,"worker_id":"ece8f90c-b667-405e-8252-108796759452-24364","trial_id":65,"param_name":"unified_alpha","param_value_internal":2.9904794491597437e-05,"distribution":"{\"name\": \"FloatDistribution\", \"attributes\": {\"step\": null, \"low\": 1e-05, \"high\": 10.0, \"log\": true}}"}
{"op_code":5,"worker_id":"5e2118d5-a4fe-40ba-b750-82fbdcd669e5-11668","trial_id":63,"param_name":"unified_gamma","param_value_internal":14.365385049893847,"distribution":"{\"name\": \"FloatDistribution\", \"attributes\": {\"step\": null, \"low\": 1.5, \"high\": 10000.0, \"log\": true}}"}
{"op_code":5,"worker_id":"ece8f90c-b667-405e-8252-108796759452-24364","trial_id":65,"param_name":"unified_rho","param_value_internal":0.3086821128608789,"distribution":"{\"name\": \"FloatDistribution\", \"attributes\": {\"step\": null, \"low\": 0.0, \"high\": 1.0, \"log\": false}}"}
{"op_code":5,"worker_id":"5e2118d5-a4fe-40ba-b750-82fbdcd669e5-11668","trial_id":63,"param_name":"huber_delta","param_value_internal":2.1815426904728303,"distribution":"{\"name\": \"FloatDistribution\", \"attributes\": {\"step\": null, \"low\": 0.5, \"high\": 5.0, \"log\": false}}"}
{"op_code":5,"worker_id":"ece8f90c-b667-405e-8252-108796759452-24364","trial_id":65,"param_name":"unified_gamma","param_value_internal":17.120998193079938,"distribution":"{\"name\": \"FloatDistribution\", \"attributes\": {\"step\": null, \"low\": 1.5, \"high\": 10000.0, \"log\": true}}"}
{"op_code":5,"worker_id":"ece8f90c-b667-405e-8252-108796759452-24364","trial_id":65,"param_name":"huber_delta","param_value_internal":2.191526064231255,"distribution":"{\"name\": \"FloatDistribution\", \"attributes\": {\"step\": null, \"low\": 0.5, \"high\": 5.0, \"log\": false}}"}
{"op_code":6,"worker_id":"824bcaff-d35b-4385-8351-fd9a3ab8d5be-6576","trial_id":58,"state":1,"values":[-1.0774151195721908],"datetime_complete":"2026-07-14T11:44:16.147586"}
{"op_code":8,"worker_id":"931b5783-9dbb-42fd-9571-61f9a46b16ee-8436","trial_id":61,"user_attr":{"constraints":[-0.009700466964423265,0.016850777497600083,0.0,0.0887878787878788,-0.008291111820597852,-62.0,-8.0,0.04097070209990299,-0.09999999999999998,-1337.0919545511258,0.037137681159420344,0.024761904761904763]}}
{"op_code":4,"worker_id":"824bcaff-d35b-4385-8351-fd9a3ab8d5be-6576","study_id":0,"datetime_start":"2026-07-14T11:44:16.157868"}
{"op_code":8,"worker_id":"931b5783-9dbb-42fd-9571-61f9a46b16ee-8436","trial_id":61,"user_attr":{"pruned_reasons":["M2 (Yearly Tail IC Mean <= 0)","M5 (Monotonicity <= 0.25)","Side-specific Yearly Tail IC Mean (-0.0410 <= 0)","Yearly Daily Win Rate (41.29% < 45%)","Side-specific Yearly Daily Win Rate (42.52% < 45%)"]}}
{"op_code":8,"worker_id":"931b5783-9dbb-42fd-9571-61f9a46b16ee-8436","trial_id":61,"user_attr":{"gini":0.35311710906337046}}
{"op_code":5,"worker_id":"824bcaff-d35b-4385-8351-fd9a3ab8d5be-6576","trial_id":66,"param_name":"k_weight","param_value_internal":0.9164509820853646,"distribution":"{\"name\": \"FloatDistribution\", \"attributes\": {\"step\": null, \"low\": 0.0, \"high\": 1.5, \"log\": false}}"}
{"op_code":8,"worker_id":"931b5783-9dbb-42fd-9571-61f9a46b16ee-8436","trial_id":61,"user_attr":{"cv_is_ics":[0.1095748171210289,0.10257662832736969,0.08832002431154251,0.08236239105463028,0.11526285111904144,0.13454411923885345,0.09073901921510696,0.12947703897953033,0.11353001743555069,0.11884991079568863,0.10514301806688309,0.10933119803667068,0.0954434871673584,0.09006839245557785,0.09380200505256653]}}
{"op_code":4,"worker_id":"cc6f47f2-1d8f-4307-bde2-02812aaab5da-19176","study_id":0,"datetime_start":"2026-07-14T11:44:16.165225"}
{"op_code":5,"worker_id":"cc6f47f2-1d8f-4307-bde2-02812aaab5da-19176","trial_id":67,"param_name":"k_weight","param_value_internal":0.9428668052485346,"distribution":"{\"name\": \"FloatDistribution\", \"attributes\": {\"step\": null, \"low\": 0.0, \"high\": 1.5, \"log\": false}}"}
{"op_code":5,"worker_id":"824bcaff-d35b-4385-8351-fd9a3ab8d5be-6576","trial_id":66,"param_name":"unified_alpha","param_value_internal":2.9472622006488343e-05,"distribution":"{\"name\": \"FloatDistribution\", \"attributes\": {\"step\": null, \"low\": 1e-05, \"high\": 10.0, \"log\": true}}"}
{"op_code":5,"worker_id":"cc6f47f2-1d8f-4307-bde2-02812aaab5da-19176","trial_id":67,"param_name":"unified_alpha","param_value_internal":2.6781988218041103e-05,"distribution":"{\"name\": \"FloatDistribution\", \"attributes\": {\"step\": null, \"low\": 1e-05, \"high\": 10.0, \"log\": true}}"}
{"op_code":5,"worker_id":"824bcaff-d35b-4385-8351-fd9a3ab8d5be-6576","trial_id":66,"param_name":"unified_rho","param_value_internal":0.4334504420239673,"distribution":"{\"name\": \"FloatDistribution\", \"attributes\": {\"step\": null, \"low\": 0.0, \"high\": 1.0, \"log\": false}}"}
{"op_code":5,"worker_id":"cc6f47f2-1d8f-4307-bde2-02812aaab5da-19176","trial_id":67,"param_name":"unified_rho","param_value_internal":0.43866308185112635,"distribution":"{\"name\": \"FloatDistribution\", \"attributes\": {\"step\": null, \"low\": 0.0, \"high\": 1.0, \"log\": false}}"}
{"op_code":5,"worker_id":"824bcaff-d35b-4385-8351-fd9a3ab8d5be-6576","trial_id":66,"param_name":"unified_gamma","param_value_internal":8.039163795343425,"distribution":"{\"name\": \"FloatDistribution\", \"attributes\": {\"step\": null, \"low\": 1.5, \"high\": 10000.0, \"log\": true}}"}
{"op_code":5,"worker_id":"cc6f47f2-1d8f-4307-bde2-02812aaab5da-19176","trial_id":67,"param_name":"unified_gamma","param_value_internal":7.671303130009703,"distribution":"{\"name\": \"FloatDistribution\", \"attributes\": {\"step\": null, \"low\": 1.5, \"high\": 10000.0, \"log\": true}}"}
{"op_code":8,"worker_id":"931b5783-9dbb-42fd-9571-61f9a46b16ee-8436","trial_id":61,"user_attr":{"cv_oos_ics":[0.013546474277973175,0.012000089511275291,-0.05386456474661827,0.00748081412166357,-0.012308499775826931,-0.01844905875623226,0.006956323515623808,-0.024366138502955437,0.0199686698615551,0.03241296112537384,0.030119281262159348,0.02409452013671398,0.05781788006424904,0.08518444001674652,0.034369852393865585]}}
{"op_code":5,"worker_id":"cc6f47f2-1d8f-4307-bde2-02812aaab5da-19176","trial_id":67,"param_name":"huber_delta","param_value_internal":2.0958437314648473,"distribution":"{\"name\": \"FloatDistribution\", \"attributes\": {\"step\": null, \"low\": 0.5, \"high\": 5.0, \"log\": false}}"}
{"op_code":8,"worker_id":"931b5783-9dbb-42fd-9571-61f9a46b16ee-8436","trial_id":61,"user_attr":{"reg_kappa":3.3451716085420817}}
{"op_code":8,"worker_id":"b1377ae1-3cda-41d0-9f07-8f75a04ff03a-18156","trial_id":60,"user_attr":{"deflated_objective":-1.5869694414678495}}
{"op_code":8,"worker_id":"931b5783-9dbb-42fd-9571-61f9a46b16ee-8436","trial_id":61,"user_attr":{"raw_metrics":[-0.1294858808861248,-0.016850777497600083,0.6,0.009700466964423265,0.1612121212121212,0.008291111820597852,-0.17143603394802437,-0.26494622230529785,0.41286231884057967]}}
{"op_code":8,"worker_id":"931b5783-9dbb-42fd-9571-61f9a46b16ee-8436","trial_id":61,"user_attr":{"val_metrics":[-0.010717827673131857,-0.22192313751113568,-0.18787878787878787,-0.02311364885595074,-5.55499186187536]}}
{"op_code":9,"worker_id":"b1377ae1-3cda-41d0-9f07-8f75a04ff03a-18156","trial_id":60,"system_attr":{"constraints":[-0.013364303560141597,0.01852707780614558,0.0,0.06454545454545454,-0.03890746041760749,-91.0,-8.0,0.028323017734782442,-0.09999999999999998,-1259.1421977387083,0.04184782608695653,0.04698412698412702]}}
{"op_code":5,"worker_id":"824bcaff-d35b-4385-8351-fd9a3ab8d5be-6576","trial_id":66,"param_name":"huber_delta","param_value_internal":2.1748122311672766,"distribution":"{\"name\": \"FloatDistribution\", \"attributes\": {\"step\": null, \"low\": 0.5, \"high\": 5.0, \"log\": false}}"}
{"op_code":8,"worker_id":"931b5783-9dbb-42fd-9571-61f9a46b16ee-8436","trial_id":61,"user_attr":{"deflated_objective":-1.5397555396071532}}
{"op_code":9,"worker_id":"931b5783-9dbb-42fd-9571-61f9a46b16ee-8436","trial_id":61,"system_attr":{"constraints":[-0.009700466964423265,0.016850777497600083,0.0,0.0887878787878788,-0.008291111820597852,-62.0,-8.0,0.04097070209990299,-0.09999999999999998,-1337.0919545511258,0.037137681159420344,0.024761904761904763]}}
{"op_code":6,"worker_id":"b1377ae1-3cda-41d0-9f07-8f75a04ff03a-18156","trial_id":60,"state":1,"values":[-1.0111558081730059],"datetime_complete":"2026-07-14T11:44:16.183232"}
{"op_code":6,"worker_id":"931b5783-9dbb-42fd-9571-61f9a46b16ee-8436","trial_id":61,"state":1,"values":[-0.9668533222119458],"datetime_complete":"2026-07-14T11:44:16.187502"}
{"op_code":8,"worker_id":"5e2118d5-a4fe-40ba-b750-82fbdcd669e5-11668","trial_id":63,"user_attr":{"constraints":[-0.008937552342300668,0.010390069968692305,0.0,0.03303030303030302,-0.04389687313071051,-58.0,-8.0,0.054830535152372864,-0.09999999999999998,-1351.591595935241,0.032971014492753636,0.024761904761904763]}}
{"op_code":8,"worker_id":"5e2118d5-a4fe-40ba-b750-82fbdcd669e5-11668","trial_id":63,"user_attr":{"pruned_reasons":["M2 (Yearly Tail IC Mean <= 0)","M5 (Monotonicity <= 0.25)","Side-specific Yearly Tail IC Mean (-0.0548 <= 0)","Yearly Daily Win Rate (41.70% < 45%)","Side-specific Yearly Daily Win Rate (42.52% < 45%)"]}}
{"op_code":5,"worker_id":"f268685b-79da-44cd-8a4f-a41785ec266f-8896","trial_id":64,"param_name":"unified_alpha","param_value_internal":0.0018107314631464009,"distribution":"{\"name\": \"FloatDistribution\", \"attributes\": {\"step\": null, \"low\": 1e-05, \"high\": 10.0, \"log\": true}}"}
{"op_code":8,"worker_id":"ece8f90c-b667-405e-8252-108796759452-24364","trial_id":65,"user_attr":{"constraints":[-0.008802017225127337,0.011269077680067779,0.0,0.020909090909090905,-0.04709113926728422,-63.0,-8.0,0.051795685356617896,-0.09999999999999998,-1336.5057625518862,0.024456521739130488,0.024761904761904763]}}
{"op_code":5,"worker_id":"f268685b-79da-44cd-8a4f-a41785ec266f-8896","trial_id":64,"param_name":"unified_rho","param_value_internal":0.27809502531626235,"distribution":"{\"name\": \"FloatDistribution\", \"attributes\": {\"step\": null, \"low\": 0.0, \"high\": 1.0, \"log\": false}}"}
{"op_code":4,"worker_id":"4d027a54-1dcf-4384-b787-232185b8c034-8436","study_id":0,"datetime_start":"2026-07-14T11:44:16.197382"}
{"op_code":5,"worker_id":"f268685b-79da-44cd-8a4f-a41785ec266f-8896","trial_id":64,"param_name":"unified_gamma","param_value_internal":16.009313106709154,"distribution":"{\"name\": \"FloatDistribution\", \"attributes\": {\"step\": null, \"low\": 1.5, \"high\": 10000.0, \"log\": true}}"}
{"op_code":5,"worker_id":"4d027a54-1dcf-4384-b787-232185b8c034-8436","trial_id":68,"param_name":"k_weight","param_value_internal":0.9456324164131187,"distribution":"{\"name\": \"FloatDistribution\", \"attributes\": {\"step\": null, \"low\": 0.0, \"high\": 1.5, \"log\": false}}"}
{"op_code":8,"worker_id":"ece8f90c-b667-405e-8252-108796759452-24364","trial_id":65,"user_attr":{"pruned_reasons":["M2 (Yearly Tail IC Mean <= 0)","M5 (Monotonicity <= 0.25)","Side-specific Yearly Tail IC Mean (-0.0518 <= 0)","Yearly Daily Win Rate (42.55% < 45%)","Side-specific Yearly Daily Win Rate (42.52% < 45%)"]}}
{"op_code":5,"worker_id":"4d027a54-1dcf-4384-b787-232185b8c034-8436","trial_id":68,"param_name":"unified_alpha","param_value_internal":0.0016636748251087085,"distribution":"{\"name\": \"FloatDistribution\", \"attributes\": {\"step\": null, \"low\": 1e-05, \"high\": 10.0, \"log\": true}}"}
{"op_code":5,"worker_id":"4d027a54-1dcf-4384-b787-232185b8c034-8436","trial_id":68,"param_name":"unified_rho","param_value_internal":0.15977300760531796,"distribution":"{\"name\": \"FloatDistribution\", \"attributes\": {\"step\": null, \"low\": 0.0, \"high\": 1.0, \"log\": false}}"}
{"op_code":5,"worker_id":"4d027a54-1dcf-4384-b787-232185b8c034-8436","trial_id":68,"param_name":"unified_gamma","param_value_internal":8.455097762621612,"distribution":"{\"name\": \"FloatDistribution\", \"attributes\": {\"step\": null, \"low\": 1.5, \"high\": 10000.0, \"log\": true}}"}
{"op_code":5,"worker_id":"4d027a54-1dcf-4384-b787-232185b8c034-8436","trial_id":68,"param_name":"huber_delta","param_value_internal":2.223274432277728,"distribution":"{\"name\": \"FloatDistribution\", \"attributes\": {\"step\": null, \"low\": 0.5, \"high\": 5.0, \"log\": false}}"}
{"op_code":8,"worker_id":"5e2118d5-a4fe-40ba-b750-82fbdcd669e5-11668","trial_id":63,"user_attr":{"gini":0.35434509412062276}}
{"op_code":8,"worker_id":"5e2118d5-a4fe-40ba-b750-82fbdcd669e5-11668","trial_id":63,"user_attr":{"cv_is_ics":[0.10908304899930954,0.10167641192674637,0.08680669963359833,0.08192644268274307,0.11512181907892227,0.1325487345457077,0.0879192054271698,0.12538202106952667,0.11254207789897919,0.11718004941940308,0.10235313326120377,0.10825245082378387,0.09434574097394943,0.0901622623205185,0.09297581762075424]}}
{"op_code":8,"worker_id":"5e2118d5-a4fe-40ba-b750-82fbdcd669e5-11668","trial_id":63,"user_attr":{"cv_oos_ics":[0.013449662365019321,0.012938732281327248,-0.05434306710958481,0.006700628437101841,-0.013678777031600475,-0.021783145144581795,0.004216277040541172,-0.023011064156889915,0.01977783627808094,0.030554870143532753,0.03417196124792099,0.02219269797205925,0.061271198093891144,0.08507250994443893,0.03391125798225403]}}
{"op_code":8,"worker_id":"cc6f47f2-1d8f-4307-bde2-02812aaab5da-19176","trial_id":67,"user_attr":{"constraints":[-0.009876890176145979,0.01571833717709365,0.0,0.13,-0.01764049723503236,-60.0,-8.0,0.034109480929900016,-0.09999999999999998,-1344.165235422447,0.037137681159420344,0.024761904761904763]}}
{"op_code":5,"worker_id":"f268685b-79da-44cd-8a4f-a41785ec266f-8896","trial_id":64,"param_name":"huber_delta","param_value_internal":2.7418349301415144,"distribution":"{\"name\": \"FloatDistribution\", \"attributes\": {\"step\": null, \"low\": 0.5, \"high\": 5.0, \"log\": false}}"}
{"op_code":8,"worker_id":"cc6f47f2-1d8f-4307-bde2-02812aaab5da-19176","trial_id":67,"user_attr":{"pruned_reasons":["M2 (Yearly Tail IC Mean <= 0)","M5 (Monotonicity <= 0.25)","Side-specific Yearly Tail IC Mean (-0.0341 <= 0)","Yearly Daily Win Rate (41.29% < 45%)","Side-specific Yearly Daily Win Rate (42.52% < 45%)"]}}
{"op_code":8,"worker_id":"5e2118d5-a4fe-40ba-b750-82fbdcd669e5-11668","trial_id":63,"user_attr":{"reg_kappa":3.3861071592413334}}
{"op_code":8,"worker_id":"5e2118d5-a4fe-40ba-b750-82fbdcd669e5-11668","trial_id":63,"user_attr":{"raw_metrics":[-0.08133173223527866,-0.010390069968692305,0.6,0.008937552342300668,0.21696969696969698,0.04389687313071051,-0.1814993452889511,-0.2800694406032562,0.4170289855072464]}}
{"op_code":8,"worker_id":"5e2118d5-a4fe-40ba-b750-82fbdcd669e5-11668","trial_id":63,"user_attr":{"val_metrics":[-0.010138117400809176,-0.2030704327227269,-0.04242424242424243,-0.02106115351889984,-5.478903271595279]}}
{"op_code":8,"worker_id":"cc6f47f2-1d8f-4307-bde2-02812aaab5da-19176","trial_id":67,"user_attr":{"gini":0.3544751007954994}}
{"op_code":8,"worker_id":"cc6f47f2-1d8f-4307-bde2-02812aaab5da-19176","trial_id":67,"user_attr":{"cv_is_ics":[0.10986367613077164,0.10199013352394104,0.08813941478729248,0.08234642446041107,0.1151597797870636,0.13380730152130127,0.0902935042977333,0.1284434050321579,0.11282552033662796,0.11813946068286896,0.10451549291610718,0.10920197516679764,0.09472187608480453,0.09024234116077423,0.093431256711483]}}
{"op_code":8,"worker_id":"cc6f47f2-1d8f-4307-bde2-02812aaab5da-19176","trial_id":67,"user_attr":{"cv_oos_ics":[0.013161364011466503,0.012665891088545322,-0.0531110018491745,0.006944792345166206,-0.012906408868730068,-0.018818022683262825,0.007128875236958265,-0.023645035922527313,0.019994642585515976,0.03262327238917351,0.031420253217220306,0.02431744895875454,0.059645481407642365,0.08509029448032379,0.03403518721461296]}}
{"op_code":8,"worker_id":"cc6f47f2-1d8f-4307-bde2-02812aaab5da-19176","trial_id":67,"user_attr":{"reg_kappa":3.3687535301897165}}
{"op_code":8,"worker_id":"cc6f47f2-1d8f-4307-bde2-02812aaab5da-19176","trial_id":67,"user_attr":{"raw_metrics":[-0.1200059693607835,-0.01571833717709365,0.6,0.009876890176145979,0.12,0.01764049723503236,-0.1763033773608235,-0.27254319190979004,0.41286231884057967]}}
{"op_code":8,"worker_id":"cc6f47f2-1d8f-4307-bde2-02812aaab5da-19176","trial_id":67,"user_attr":{"val_metrics":[-0.009669602502935044,-0.2075360218723712,-0.18787878787878787,-0.02311364885595074,-5.602247630960004]}}
{"op_code":8,"worker_id":"824bcaff-d35b-4385-8351-fd9a3ab8d5be-6576","trial_id":66,"user_attr":{"constraints":[-0.009250489200993653,0.010663178051111662,0.0,0.020909090909090905,-0.05400947564383203,-62.0,-8.0,0.04546510998468246,-0.09999999999999998,-1338.0014547423802,0.024456521739130488,0.024761904761904763]}}
{"op_code":8,"worker_id":"824bcaff-d35b-4385-8351-fd9a3ab8d5be-6576","trial_id":66,"user_attr":{"pruned_reasons":["M2 (Yearly Tail IC Mean <= 0)","M5 (Monotonicity <= 0.25)","Side-specific Yearly Tail IC Mean (-0.0455 <= 0)","Yearly Daily Win Rate (42.55% < 45%)","Side-specific Yearly Daily Win Rate (42.52% < 45%)"]}}
{"op_code":8,"worker_id":"cc6f47f2-1d8f-4307-bde2-02812aaab5da-19176","trial_id":67,"user_attr":{"deflated_objective":-1.5423902910530232}}
{"op_code":8,"worker_id":"5e2118d5-a4fe-40ba-b750-82fbdcd669e5-11668","trial_id":63,"user_attr":{"deflated_objective":-1.4771080825139387}}
{"op_code":9,"worker_id":"cc6f47f2-1d8f-4307-bde2-02812aaab5da-19176","trial_id":67,"system_attr":{"constraints":[-0.009876890176145979,0.01571833717709365,0.0,0.13,-0.01764049723503236,-60.0,-8.0,0.034109480929900016,-0.09999999999999998,-1344.165235422447,0.037137681159420344,0.024761904761904763]}}
{"op_code":9,"worker_id":"5e2118d5-a4fe-40ba-b750-82fbdcd669e5-11668","trial_id":63,"system_attr":{"constraints":[-0.008937552342300668,0.010390069968692305,0.0,0.03303030303030302,-0.04389687313071051,-58.0,-8.0,0.054830535152372864,-0.09999999999999998,-1351.591595935241,0.032971014492753636,0.024761904761904763]}}
{"op_code":8,"worker_id":"824bcaff-d35b-4385-8351-fd9a3ab8d5be-6576","trial_id":66,"user_attr":{"gini":0.3521370616847659}}
{"op_code":8,"worker_id":"824bcaff-d35b-4385-8351-fd9a3ab8d5be-6576","trial_id":66,"user_attr":{"cv_is_ics":[0.1092914342880249,0.10275145620107651,0.08773817867040634,0.08198348432779312,0.11551019549369812,0.13348902761936188,0.08846278488636017,0.12685121595859528,0.11266368627548218,0.11798973381519318,0.1039210855960846,0.10858874768018723,0.09554006159305573,0.089986152946949,0.09300299733877182]}}
{"op_code":8,"worker_id":"824bcaff-d35b-4385-8351-fd9a3ab8d5be-6576","trial_id":66,"user_attr":{"cv_oos_ics":[0.012979557737708092,0.011221510358154774,-0.05350806936621666,0.005841284990310669,-0.012153659015893936,-0.020125629380345345,0.005595127120614052,-0.0235487949103117,0.020781125873327255,0.0289340540766716,0.03217427432537079,0.02323877066373825,0.060749415308237076,0.08500616997480392,0.0343756377696991]}}
{"op_code":8,"worker_id":"824bcaff-d35b-4385-8351-fd9a3ab8d5be-6576","trial_id":66,"user_attr":{"reg_kappa":3.353296844533842}}
{"op_code":8,"worker_id":"824bcaff-d35b-4385-8351-fd9a3ab8d5be-6576","trial_id":66,"user_attr":{"raw_metrics":[-0.08198837755271862,-0.010663178051111662,0.6,0.009250489200993653,0.2290909090909091,0.05400947564383203,-0.17206052234043412,-0.26730677485466003,0.4255434782608695]}}
{"op_code":8,"worker_id":"824bcaff-d35b-4385-8351-fd9a3ab8d5be-6576","trial_id":66,"user_attr":{"val_metrics":[-0.012482889427224269,-0.2119959208692729,-0.06666666666666667,-0.02311364885595074,-5.531367478844243]}}
{"op_code":6,"worker_id":"cc6f47f2-1d8f-4307-bde2-02812aaab5da-19176","trial_id":67,"state":1,"values":[-0.979895961071974],"datetime_complete":"2026-07-14T11:44:16.237947"}
{"op_code":8,"worker_id":"eccf067d-ff88-4c2d-b9ac-150e885d6731-27448","trial_id":56,"user_attr":{"constraints":[-0.004368726206047893,0.09733077575533715,0.39999999999999997,0.31666666666666665,0.06678415804802651,-69.0,3.0,-0.015590726178961466,0.09999999999999998,-1351.7666543360865,0.0798913043478261,0.06365079365079368]}}
{"op_code":8,"worker_id":"824bcaff-d35b-4385-8351-fd9a3ab8d5be-6576","trial_id":66,"user_attr":{"deflated_objective":-1.504147786602449}}
{"op_code":8,"worker_id":"eccf067d-ff88-4c2d-b9ac-150e885d6731-27448","trial_id":56,"user_attr":{"pruned_reasons":["M2 (Yearly Tail IC Mean <= 0)","M3 (Hit Rate < 60%)","M5 (Monotonicity <= 0.25)","M6 (Top-Bottom Spread <= 0)","Active features count (2) is less than active feature floor (5)","Side-specific Hit Rate (40.00% < 50%)","Yearly Daily Win Rate (37.01% < 45%)","Side-specific Yearly Daily Win Rate (38.63% < 45%)"]}}
{"op_code":8,"worker_id":"eccf067d-ff88-4c2d-b9ac-150e885d6731-27448","trial_id":56,"user_attr":{"gini":0.878849797942471}}
{"op_code":4,"worker_id":"cc6f47f2-1d8f-4307-bde2-02812aaab5da-19176","study_id":0,"datetime_start":"2026-07-14T11:44:16.248183"}
{"op_code":8,"worker_id":"eccf067d-ff88-4c2d-b9ac-150e885d6731-27448","trial_id":56,"user_attr":{"cv_is_ics":[0.06745659559965134,0.10610288381576538,0.09375263005495071,0.05973981320858002,0.0640217736363411,0.1312762200832367,0.06681279838085175,0.07694581151008606,0.09674037992954254,0.10825202614068985,0.08244773000478745,0.08604824542999268,0.07144057750701904,0.0687311589717865,0.03655999153852463]}}
{"op_code":8,"worker_id":"eccf067d-ff88-4c2d-b9ac-150e885d6731-27448","trial_id":56,"user_attr":{"cv_oos_ics":[0.02475566603243351,-0.04450860619544983,-0.05451690033078194,-0.01119509618729353,0.02781148999929428,-0.05319352075457573,-0.007085452787578106,-0.05497646704316139,-0.01805976778268814,-0.02048824355006218,0.007960395887494087,0.008464163169264793,0.013827936723828316,0.04681343212723732,0.013655769638717175]}}
{"op_code":8,"worker_id":"4d027a54-1dcf-4384-b787-232185b8c034-8436","trial_id":68,"user_attr":{"constraints":[-0.008550485207165993,0.011184453547037485,0.0,0.02818181818181817,-0.03685279223751187,-60.0,-8.0,0.05271396920124714,-0.09999999999999998,-1344.8252084996545,0.02880434782608693,0.024761904761904763]}}
{"op_code":8,"worker_id":"4d027a54-1dcf-4384-b787-232185b8c034-8436","trial_id":68,"user_attr":{"pruned_reasons":["M2 (Yearly Tail IC Mean <= 0)","M5 (Monotonicity <= 0.25)","Side-specific Yearly Tail IC Mean (-0.0527 <= 0)","Yearly Daily Win Rate (42.12% < 45%)","Side-specific Yearly Daily Win Rate (42.52% < 45%)"]}}
{"op_code":9,"worker_id":"824bcaff-d35b-4385-8351-fd9a3ab8d5be-6576","trial_id":66,"system_attr":{"constraints":[-0.009250489200993653,0.010663178051111662,0.0,0.020909090909090905,-0.05400947564383203,-62.0,-8.0,0.04546510998468246,-0.09999999999999998,-1338.0014547423802,0.024456521739130488,0.024761904761904763]}}
{"op_code":6,"worker_id":"824bcaff-d35b-4385-8351-fd9a3ab8d5be-6576","trial_id":66,"state":1,"values":[-0.9414879763994876],"datetime_complete":"2026-07-14T11:44:16.260117"}
{"op_code":8,"worker_id":"4d027a54-1dcf-4384-b787-232185b8c034-8436","trial_id":68,"user_attr":{"gini":0.35208644732074323}}
{"op_code":8,"worker_id":"4d027a54-1dcf-4384-b787-232185b8c034-8436","trial_id":68,"user_attr":{"cv_is_ics":[0.10853981971740723,0.10186527669429779,0.0875779390335083,0.08198093622922897,0.1154850423336029,0.13227778673171997,0.08759281039237976,0.12487445771694183,0.11300579458475113,0.11717524379491806,0.10224632918834686,0.10797731578350067,0.09487316757440567,0.090020552277565,0.092220239341259]}}
{"op_code":8,"worker_id":"4d027a54-1dcf-4384-b787-232185b8c034-8436","trial_id":68,"user_attr":{"cv_oos_ics":[0.01271546259522438,0.01114994753152132,-0.05547889322042465,0.005409193225204945,-0.013057155534625053,-0.021963676437735558,0.0039847842417657375,-0.02311442419886589,0.019976291805505753,0.028968634083867073,0.033509403467178345,0.02202686481177807,0.060478486120700836,0.08459486067295074,0.03325900807976723]}}
{"op_code":8,"worker_id":"4d027a54-1dcf-4384-b787-232185b8c034-8436","trial_id":68,"user_attr":{"reg_kappa":3.36290566660516}}
{"op_code":8,"worker_id":"4d027a54-1dcf-4384-b787-232185b8c034-8436","trial_id":68,"user_attr":{"raw_metrics":[-0.0862195290603276,-0.011184453547037485,0.6,0.008550485207165993,0.22181818181818183,0.03685279223751187,-0.17675625973025816,-0.27271726727485657,0.4211956521739131]}}
{"op_code":8,"worker_id":"4d027a54-1dcf-4384-b787-232185b8c034-8436","trial_id":68,"user_attr":{"val_metrics":[-0.011993278173723535,-0.13329785550795853,-0.030303030303030304,-0.02106115351889984,-5.431693640557956]}}
{"op_code":5,"worker_id":"7f71e1a2-8f13-4ffb-a9e9-7dec58f09e93-23408","trial_id":62,"param_name":"unified_gamma","param_value_internal":8.20395116359627,"distribution":"{\"name\": \"FloatDistribution\", \"attributes\": {\"step\": null, \"low\": 1.5, \"high\": 10000.0, \"log\": true}}"}
{"op_code":4,"worker_id":"78885c9f-d6c5-44ef-99e5-29bc2072bbb6-18156","study_id":0,"datetime_start":"2026-07-14T11:44:16.266511"}
{"op_code":8,"worker_id":"4d027a54-1dcf-4384-b787-232185b8c034-8436","trial_id":68,"user_attr":{"deflated_objective":-1.4141697336037011}}
{"op_code":6,"worker_id":"5e2118d5-a4fe-40ba-b750-82fbdcd669e5-11668","trial_id":63,"state":1,"values":[-0.9142733786171209],"datetime_complete":"2026-07-14T11:44:16.238811"}
{"op_code":5,"worker_id":"7f71e1a2-8f13-4ffb-a9e9-7dec58f09e93-23408","trial_id":62,"param_name":"huber_delta","param_value_internal":1.059810674318308,"distribution":"{\"name\": \"FloatDistribution\", \"attributes\": {\"step\": null, \"low\": 0.5, \"high\": 5.0, \"log\": false}}"}
{"op_code":8,"worker_id":"eccf067d-ff88-4c2d-b9ac-150e885d6731-27448","trial_id":56,"user_attr":{"reg_kappa":3.0302321080053476}}
{"op_code":8,"worker_id":"eccf067d-ff88-4c2d-b9ac-150e885d6731-27448","trial_id":56,"user_attr":{"raw_metrics":[-0.9003514008726119,-0.09733077575533715,0.2,0.004368726206047893,-0.06666666666666668,-0.06678415804802651,-0.027903398278475794,-0.002900937106460333,0.3701086956521739]}}
{"op_code":9,"worker_id":"4d027a54-1dcf-4384-b787-232185b8c034-8436","trial_id":68,"system_attr":{"constraints":[-0.008550485207165993,0.011184453547037485,0.0,0.02818181818181817,-0.03685279223751187,-60.0,-8.0,0.05271396920124714,-0.09999999999999998,-1344.8252084996545,0.02880434782608693,0.024761904761904763]}}
{"op_code":6,"worker_id":"4d027a54-1dcf-4384-b787-232185b8c034-8436","trial_id":68,"state":1,"values":[-0.8664538901862369],"datetime_complete":"2026-07-14T11:44:16.278309"}
{"op_code":8,"worker_id":"eccf067d-ff88-4c2d-b9ac-150e885d6731-27448","trial_id":56,"user_attr":{"val_metrics":[0.09400975574622972,-0.08781667403066684,0.4909090909090909,0.23703208850507718,-4.790234207926337]}}
{"op_code":4,"worker_id":"4d027a54-1dcf-4384-b787-232185b8c034-8436","study_id":0,"datetime_start":"2026-07-14T11:44:16.280166"}
{"op_code":5,"worker_id":"78885c9f-d6c5-44ef-99e5-29bc2072bbb6-18156","trial_id":70,"param_name":"k_weight","param_value_internal":1.1475385185766784,"distribution":"{\"name\": \"FloatDistribution\", \"attributes\": {\"step\": null, \"low\": 0.0, \"high\": 1.5, \"log\": false}}"}
{"op_code":4,"worker_id":"5e2118d5-a4fe-40ba-b750-82fbdcd669e5-11668","study_id":0,"datetime_start":"2026-07-14T11:44:16.274601"}
{"op_code":8,"worker_id":"eccf067d-ff88-4c2d-b9ac-150e885d6731-27448","trial_id":56,"user_attr":{"deflated_objective":-1.0695315380147785}}
{"op_code":5,"worker_id":"5e2118d5-a4fe-40ba-b750-82fbdcd669e5-11668","trial_id":72,"param_name":"k_weight","param_value_internal":1.1415890888045848,"distribution":"{\"name\": \"FloatDistribution\", \"attributes\": {\"step\": null, \"low\": 0.0, \"high\": 1.5, \"log\": false}}"}
{"op_code":9,"worker_id":"eccf067d-ff88-4c2d-b9ac-150e885d6731-27448","trial_id":56,"system_attr":{"constraints":[-0.004368726206047893,0.09733077575533715,0.39999999999999997,0.31666666666666665,0.06678415804802651,-69.0,3.0,-0.015590726178961466,0.09999999999999998,-1351.7666543360865,0.0798913043478261,0.06365079365079368]}}
{"op_code":5,"worker_id":"cc6f47f2-1d8f-4307-bde2-02812aaab5da-19176","trial_id":69,"param_name":"k_weight","param_value_internal":0.9755244237044725,"distribution":"{\"name\": \"FloatDistribution\", \"attributes\": {\"step\": null, \"low\": 0.0, \"high\": 1.5, \"log\": false}}"}
{"op_code":5,"worker_id":"5e2118d5-a4fe-40ba-b750-82fbdcd669e5-11668","trial_id":72,"param_name":"unified_alpha","param_value_internal":0.0020790525579779903,"distribution":"{\"name\": \"FloatDistribution\", \"attributes\": {\"step\": null, \"low\": 1e-05, \"high\": 10.0, \"log\": true}}"}
{"op_code":5,"worker_id":"4d027a54-1dcf-4384-b787-232185b8c034-8436","trial_id":71,"param_name":"k_weight","param_value_internal":1.1095771563960477,"distribution":"{\"name\": \"FloatDistribution\", \"attributes\": {\"step\": null, \"low\": 0.0, \"high\": 1.5, \"log\": false}}"}
{"op_code":5,"worker_id":"5e2118d5-a4fe-40ba-b750-82fbdcd669e5-11668","trial_id":72,"param_name":"unified_rho","param_value_internal":0.1786559790493756,"distribution":"{\"name\": \"FloatDistribution\", \"attributes\": {\"step\": null, \"low\": 0.0, \"high\": 1.0, \"log\": false}}"}
{"op_code":5,"worker_id":"5e2118d5-a4fe-40ba-b750-82fbdcd669e5-11668","trial_id":72,"param_name":"unified_gamma","param_value_internal":17.603988798167812,"distribution":"{\"name\": \"FloatDistribution\", \"attributes\": {\"step\": null, \"low\": 1.5, \"high\": 10000.0, \"log\": true}}"}
{"op_code":5,"worker_id":"5e2118d5-a4fe-40ba-b750-82fbdcd669e5-11668","trial_id":72,"param_name":"huber_delta","param_value_internal":2.6531166355832267,"distribution":"{\"name\": \"FloatDistribution\", \"attributes\": {\"step\": null, \"low\": 0.5, \"high\": 5.0, \"log\": false}}"}
{"op_code":6,"worker_id":"eccf067d-ff88-4c2d-b9ac-150e885d6731-27448","trial_id":56,"state":1,"values":[-0.5289561290632149],"datetime_complete":"2026-07-14T11:44:16.288978"}
{"op_code":5,"worker_id":"cc6f47f2-1d8f-4307-bde2-02812aaab5da-19176","trial_id":69,"param_name":"unified_alpha","param_value_internal":0.0012118229168854035,"distribution":"{\"name\": \"FloatDistribution\", \"attributes\": {\"step\": null, \"low\": 1e-05, \"high\": 10.0, \"log\": true}}"}
{"op_code":5,"worker_id":"78885c9f-d6c5-44ef-99e5-29bc2072bbb6-18156","trial_id":70,"param_name":"unified_alpha","param_value_internal":2.8483668726072365e-05,"distribution":"{\"name\": \"FloatDistribution\", \"attributes\": {\"step\": null, \"low\": 1e-05, \"high\": 10.0, \"log\": true}}"}
{"op_code":5,"worker_id":"4d027a54-1dcf-4384-b787-232185b8c034-8436","trial_id":71,"param_name":"unified_alpha","param_value_internal":0.0018148140230275652,"distribution":"{\"name\": \"FloatDistribution\", \"attributes\": {\"step\": null, \"low\": 1e-05, \"high\": 10.0, \"log\": true}}"}
{"op_code":5,"worker_id":"cc6f47f2-1d8f-4307-bde2-02812aaab5da-19176","trial_id":69,"param_name":"unified_rho","param_value_internal":0.17396932180344812,"distribution":"{\"name\": \"FloatDistribution\", \"attributes\": {\"step\": null, \"low\": 0.0, \"high\": 1.0, \"log\": false}}"}
{"op_code":5,"worker_id":"4d027a54-1dcf-4384-b787-232185b8c034-8436","trial_id":71,"param_name":"unified_rho","param_value_internal":0.1645067610042279,"distribution":"{\"name\": \"FloatDistribution\", \"attributes\": {\"step\": null, \"low\": 0.0, \"high\": 1.0, \"log\": false}}"}
{"op_code":5,"worker_id":"cc6f47f2-1d8f-4307-bde2-02812aaab5da-19176","trial_id":69,"param_name":"unified_gamma","param_value_internal":18.150530716229596,"distribution":"{\"name\": \"FloatDistribution\", \"attributes\": {\"step\": null, \"low\": 1.5, \"high\": 10000.0, \"log\": true}}"}
{"op_code":5,"worker_id":"78885c9f-d6c5-44ef-99e5-29bc2072bbb6-18156","trial_id":70,"param_name":"unified_rho","param_value_internal":0.17102121209891147,"distribution":"{\"name\": \"FloatDistribution\", \"attributes\": {\"step\": null, \"low\": 0.0, \"high\": 1.0, \"log\": false}}"}
{"op_code":5,"worker_id":"4d027a54-1dcf-4384-b787-232185b8c034-8436","trial_id":71,"param_name":"unified_gamma","param_value_internal":16.843918228077346,"distribution":"{\"name\": \"FloatDistribution\", \"attributes\": {\"step\": null, \"low\": 1.5, \"high\": 10000.0, \"log\": true}}"}
{"op_code":8,"worker_id":"54467eea-4894-4d13-b137-4cade4b62dee-4680","trial_id":8,"user_attr":{"raw_metrics":[-0.612042228538311,-0.07575933814586855,0.2,-0.0039992405427787675,0.026666666666666672,-0.11029709305889579,-0.0,-0.0,0.3648550724637681]}}
{"op_code":5,"worker_id":"4d027a54-1dcf-4384-b787-232185b8c034-8436","trial_id":71,"param_name":"huber_delta","param_value_internal":2.6514433466057645,"distribution":"{\"name\": \"FloatDistribution\", \"attributes\": {\"step\": null, \"low\": 0.5, \"high\": 5.0, \"log\": false}}"}
{"op_code":5,"worker_id":"78885c9f-d6c5-44ef-99e5-29bc2072bbb6-18156","trial_id":70,"param_name":"unified_gamma","param_value_internal":14.531313062281312,"distribution":"{\"name\": \"FloatDistribution\", \"attributes\": {\"step\": null, \"low\": 1.5, \"high\": 10000.0, \"log\": true}}"}
{"op_code":8,"worker_id":"7f71e1a2-8f13-4ffb-a9e9-7dec58f09e93-23408","trial_id":62,"user_attr":{"constraints":[-0.011720396439410113,0.027724549036856526,0.0,0.03545454545454546,-0.06878849316158012,-56.0,-8.0,0.002097672007016713,-0.09999999999999998,-1358.8771246238716,0.037137681159420344,0.030793650793650762]}}
{"op_code":5,"worker_id":"78885c9f-d6c5-44ef-99e5-29bc2072bbb6-18156","trial_id":70,"param_name":"huber_delta","param_value_internal":2.758922971090832,"distribution":"{\"name\": \"FloatDistribution\", \"attributes\": {\"step\": null, \"low\": 0.5, \"high\": 5.0, \"log\": false}}"}
{"op_code":8,"worker_id":"7f71e1a2-8f13-4ffb-a9e9-7dec58f09e93-23408","trial_id":62,"user_attr":{"pruned_reasons":["M2 (Yearly Tail IC Mean <= 0)","M5 (Monotonicity <= 0.25)","Side-specific Yearly Tail IC Mean (-0.0021 <= 0)","Yearly Daily Win Rate (41.29% < 45%)","Side-specific Yearly Daily Win Rate (41.92% < 45%)"]}}
{"op_code":8,"worker_id":"54467eea-4894-4d13-b137-4cade4b62dee-4680","trial_id":8,"user_attr":{"val_metrics":[0.0,0.0,-0.34545454545454546,-0.16481733128455456,-4.181707882560634]}}
{"op_code":8,"worker_id":"7f71e1a2-8f13-4ffb-a9e9-7dec58f09e93-23408","trial_id":62,"user_attr":{"gini":0.31923194746229133}}
{"op_code":8,"worker_id":"7f71e1a2-8f13-4ffb-a9e9-7dec58f09e93-23408","trial_id":62,"user_attr":{"cv_is_ics":[0.11559582501649857,0.10460969805717468,0.09478733688592911,0.09021370857954025,0.11891333013772964,0.14438821375370026,0.10314406454563141,0.1363964080810547,0.12332980334758759,0.1271214336156845,0.13054081797599792,0.11943323910236359,0.09697210788726807,0.08456627279520035,0.0973472148180008]}}
{"op_code":8,"worker_id":"7f71e1a2-8f13-4ffb-a9e9-7dec58f09e93-23408","trial_id":62,"user_attr":{"cv_oos_ics":[-0.007549721281975508,0.016705583781003952,-0.04070747271180153,0.02250252291560173,0.005038323812186718,-0.007144835777580738,0.018602587282657623,-0.04702910780906677,0.0036600008606910706,0.047003138810396194,0.03591402620077133,0.039183858782052994,0.03775258734822273,0.0835561454296112,0.03107980266213417]}}
{"op_code":8,"worker_id":"54467eea-4894-4d13-b137-4cade4b62dee-4680","trial_id":8,"user_attr":{"deflated_objective":-0.8962033127228388}}
{"op_code":9,"worker_id":"54467eea-4894-4d13-b137-4cade4b62dee-4680","trial_id":8,"system_attr":{"constraints":[0.0039992405427787675,0.07575933814586855,0.39999999999999997,0.22333333333333333,0.11029709305889579,-125.0,5.0,0.02268921582603759,0.5,-1210.6961810470427,0.08514492753623193,0.047619047619047616]}}
{"op_code":6,"worker_id":"54467eea-4894-4d13-b137-4cade4b62dee-4680","trial_id":8,"state":1,"values":[-0.34345626853420336],"datetime_complete":"2026-07-14T11:44:16.324548"}
{"op_code":5,"worker_id":"cc6f47f2-1d8f-4307-bde2-02812aaab5da-19176","trial_id":69,"param_name":"huber_delta","param_value_internal":2.7507398688632634,"distribution":"{\"name\": \"FloatDistribution\", \"attributes\": {\"step\": null, \"low\": 0.5, \"high\": 5.0, \"log\": false}}"}
{"op_code":8,"worker_id":"7f71e1a2-8f13-4ffb-a9e9-7dec58f09e93-23408","trial_id":62,"user_attr":{"reg_kappa":3.398952646636212}}
{"op_code":8,"worker_id":"7f71e1a2-8f13-4ffb-a9e9-7dec58f09e93-23408","trial_id":62,"user_attr":{"raw_metrics":[-0.16080557495903217,-0.027724549036856526,0.6,0.011720396439410113,0.21454545454545454,0.06878849316158012,-0.18668095311656055,-0.2817886173725128,0.41286231884057967]}}
{"op_code":8,"worker_id":"ece8f90c-b667-405e-8252-108796759452-24364","trial_id":65,"user_attr":{"gini":0.3516533598866318}}
{"op_code":4,"worker_id":"1e58553e-f8ee-4539-90d9-d3a4adc592be-6576","study_id":0,"datetime_start":"2026-07-14T11:44:16.268714"}
{"op_code":8,"worker_id":"5e2118d5-a4fe-40ba-b750-82fbdcd669e5-11668","trial_id":72,"user_attr":{"constraints":[-0.009494644901386014,0.0013974472066933328,0.19999999999999996,0.11303030303030304,-0.022650882670556864,-47.0,-8.0,-0.005551380890727542,-0.09999999999999998,-1394.7953887105791,0.04565217391304349,0.04698412698412702]}}
{"op_code":8,"worker_id":"5e2118d5-a4fe-40ba-b750-82fbdcd669e5-11668","trial_id":72,"user_attr":{"pruned_reasons":["M2 (Yearly Tail IC Mean <= 0)","M3 (Hit Rate < 60%)","M5 (Monotonicity <= 0.25)","Yearly Daily Win Rate (40.43% < 45%)","Side-specific Yearly Daily Win Rate (40.30% < 45%)"]}}
{"op_code":8,"worker_id":"5e2118d5-a4fe-40ba-b750-82fbdcd669e5-11668","trial_id":72,"user_attr":{"gini":0.3504120056466471}}
{"op_code":5,"worker_id":"1e58553e-f8ee-4539-90d9-d3a4adc592be-6576","trial_id":73,"param_name":"k_weight","param_value_internal":1.1307246505927868,"distribution":"{\"name\": \"FloatDistribution\", \"attributes\": {\"step\": null, \"low\": 0.0, \"high\": 1.5, \"log\": false}}"}
{"op_code":8,"worker_id":"5e2118d5-a4fe-40ba-b750-82fbdcd669e5-11668","trial_id":72,"user_attr":{"cv_is_ics":[0.10625480115413666,0.09786318242549896,0.08348848670721054,0.08139976859092712,0.10985517501831055,0.12174968421459198,0.07790450751781464,0.11070828139781952,0.1093859001994133,0.11295591294765472,0.0919044092297554,0.10184384137392044,0.08362455666065216,0.08882986009120941,0.08640187978744507]}}
{"op_code":8,"worker_id":"7f71e1a2-8f13-4ffb-a9e9-7dec58f09e93-23408","trial_id":62,"user_attr":{"val_metrics":[0.010088013556195994,-0.09043335881514886,0.1393939393939394,0.2672624142597551,-5.191587122662801]}}
{"op_code":8,"worker_id":"ece8f90c-b667-405e-8252-108796759452-24364","trial_id":65,"user_attr":{"cv_is_ics":[0.10889579355716705,0.10297933965921402,0.08761833608150482,0.08185112476348877,0.1155407652258873,0.13349094986915588,0.08814659714698792,0.12672176957130432,0.11286134272813797,0.11797384917736053,0.10372096300125122,0.10863474756479263,0.09569277614355087,0.09010063111782074,0.09270104765892029]}}
{"op_code":8,"worker_id":"ece8f90c-b667-405e-8252-108796759452-24364","trial_id":65,"user_attr":{"cv_oos_ics":[0.012519561685621738,0.010863697156310081,-0.05405818670988083,0.0057308063842356205,-0.012029589153826237,-0.020133815705776215,0.005156201776117086,-0.02387140318751335,0.019941287115216255,0.028559161350131035,0.03277641534805298,0.023042570799589157,0.06079098582267761,0.08467362076044083,0.034129757434129715]}}
{"op_code":5,"worker_id":"1e58553e-f8ee-4539-90d9-d3a4adc592be-6576","trial_id":73,"param_name":"unified_alpha","param_value_internal":0.0014744599214692828,"distribution":"{\"name\": \"FloatDistribution\", \"attributes\": {\"step\": null, \"low\": 1e-05, \"high\": 10.0, \"log\": true}}"}
{"op_code":8,"worker_id":"7f71e1a2-8f13-4ffb-a9e9-7dec58f09e93-23408","trial_id":62,"user_attr":{"deflated_objective":-1.28507101355402}}
{"op_code":8,"worker_id":"ece8f90c-b667-405e-8252-108796759452-24364","trial_id":65,"user_attr":{"reg_kappa":3.349526907342246}}
{"op_code":8,"worker_id":"ece8f90c-b667-405e-8252-108796759452-24364","trial_id":65,"user_attr":{"raw_metrics":[-0.08823948750469393,-0.011269077680067779,0.6,0.008802017225127337,0.2290909090909091,0.04709113926728422,-0.1710408356260927,-0.2658754289150238,0.4255434782608695]}}
{"op_code":8,"worker_id":"5e2118d5-a4fe-40ba-b750-82fbdcd669e5-11668","trial_id":72,"user_attr":{"cv_oos_ics":[0.019340066239237785,0.008571714162826538,-0.05842437967658043,0.0024054779205471277,-0.024068493396043777,-0.03373044356703758,-0.0034264102578163147,-0.011554578319191933,0.01211343053728342,0.022768933326005936,0.03838413581252098,0.018221819773316383,0.07143382728099823,0.0826278030872345,0.0362667553126812]}}
{"op_code":8,"worker_id":"ece8f90c-b667-405e-8252-108796759452-24364","trial_id":65,"user_attr":{"val_metrics":[-0.012072829014732181,-0.27312964667667283,-0.16363636363636364,-0.02311364885595074,-5.498223780170784]}}
{"op_code":8,"worker_id":"78885c9f-d6c5-44ef-99e5-29bc2072bbb6-18156","trial_id":70,"user_attr":{"constraints":[-0.009063172246777471,0.0030637623389667065,0.19999999999999996,0.19787878787878788,-0.003913968095456924,-47.0,-8.0,-0.08546142261719798,-0.09999999999999998,-1396.4270761966452,0.041485507246376785,0.05253968253968255]}}
{"op_code":8,"worker_id":"78885c9f-d6c5-44ef-99e5-29bc2072bbb6-18156","trial_id":70,"user_attr":{"pruned_reasons":["M2 (Yearly Tail IC Mean <= 0)","M3 (Hit Rate < 60%)","M5 (Monotonicity <= 0.25)","Yearly Daily Win Rate (40.85% < 45%)","Side-specific Yearly Daily Win Rate (39.75% < 45%)"]}}
{"op_code":8,"worker_id":"5e2118d5-a4fe-40ba-b750-82fbdcd669e5-11668","trial_id":72,"user_attr":{"reg_kappa":3.485994803825207}}
{"op_code":9,"worker_id":"7f71e1a2-8f13-4ffb-a9e9-7dec58f09e93-23408","trial_id":62,"system_attr":{"constraints":[-0.011720396439410113,0.027724549036856526,0.0,0.03545454545454546,-0.06878849316158012,-56.0,-8.0,0.002097672007016713,-0.09999999999999998,-1358.8771246238716,0.037137681159420344,0.030793650793650762]}}
{"op_code":6,"worker_id":"7f71e1a2-8f13-4ffb-a9e9-7dec58f09e93-23408","trial_id":62,"state":1,"values":[-0.7340876582215985],"datetime_complete":"2026-07-14T11:44:16.360104"}
{"op_code":8,"worker_id":"78885c9f-d6c5-44ef-99e5-29bc2072bbb6-18156","trial_id":70,"user_attr":{"gini":0.3497476294175197}}
{"op_code":8,"worker_id":"78885c9f-d6c5-44ef-99e5-29bc2072bbb6-18156","trial_id":70,"user_attr":{"cv_is_ics":[0.10644601285457611,0.09706365317106247,0.08349720388650894,0.08125384896993637,0.1096205934882164,0.11873818933963776,0.07694954425096512,0.10849267244338989,0.10864019393920898,0.11243323236703873,0.09123596549034119,0.10090640932321548,0.08135250210762024,0.08919916301965714,0.08543282747268677]}}
{"op_code":4,"worker_id":"7f71e1a2-8f13-4ffb-a9e9-7dec58f09e93-23408","study_id":0,"datetime_start":"2026-07-14T11:44:16.362112"}
{"op_code":8,"worker_id":"cc6f47f2-1d8f-4307-bde2-02812aaab5da-19176","trial_id":69,"user_attr":{"constraints":[-0.009771263920001126,0.008986498354454489,0.19999999999999996,0.14696969696969697,-0.0372746441266387,-58.0,-8.0,0.039552734203191685,-0.09999999999999998,-1351.9635850915533,0.02880434782608693,0.04142857142857148]}}
{"op_code":5,"worker_id":"1e58553e-f8ee-4539-90d9-d3a4adc592be-6576","trial_id":73,"param_name":"unified_rho","param_value_internal":0.17609763748389265,"distribution":"{\"name\": \"FloatDistribution\", \"attributes\": {\"step\": null, \"low\": 0.0, \"high\": 1.0, \"log\": false}}"}
{"op_code":5,"worker_id":"7f71e1a2-8f13-4ffb-a9e9-7dec58f09e93-23408","trial_id":74,"param_name":"k_weight","param_value_internal":1.101335104982607,"distribution":"{\"name\": \"FloatDistribution\", \"attributes\": {\"step\": null, \"low\": 0.0, \"high\": 1.5, \"log\": false}}"}
{"op_code":5,"worker_id":"1e58553e-f8ee-4539-90d9-d3a4adc592be-6576","trial_id":73,"param_name":"unified_gamma","param_value_internal":20.088892792123417,"distribution":"{\"name\": \"FloatDistribution\", \"attributes\": {\"step\": null, \"low\": 1.5, \"high\": 10000.0, \"log\": true}}"}
{"op_code":5,"worker_id":"1e58553e-f8ee-4539-90d9-d3a4adc592be-6576","trial_id":73,"param_name":"huber_delta","param_value_internal":2.6646624076955914,"distribution":"{\"name\": \"FloatDistribution\", \"attributes\": {\"step\": null, \"low\": 0.5, \"high\": 5.0, \"log\": false}}"}
{"op_code":8,"worker_id":"cc6f47f2-1d8f-4307-bde2-02812aaab5da-19176","trial_id":69,"user_attr":{"pruned_reasons":["M2 (Yearly Tail IC Mean <= 0)","M3 (Hit Rate < 60%)","M5 (Monotonicity <= 0.25)","Side-specific Yearly Tail IC Mean (-0.0396 <= 0)","Yearly Daily Win Rate (42.12% < 45%)","Side-specific Yearly Daily Win Rate (40.86% < 45%)"]}}
{"op_code":8,"worker_id":"78885c9f-d6c5-44ef-99e5-29bc2072bbb6-18156","trial_id":70,"user_attr":{"cv_oos_ics":[0.021083666011691093,0.009635133668780327,-0.056955549865961075,0.004730659537017345,-0.025179056450724602,-0.0379302017390728,-0.004798996262252331,-0.009493920020759106,0.011271052062511444,0.022325865924358368,0.03954988718032837,0.017193518579006195,0.07301028817892075,0.08180885761976242,0.0368550680577755]}}
{"op_code":5,"worker_id":"7f71e1a2-8f13-4ffb-a9e9-7dec58f09e93-23408","trial_id":74,"param_name":"unified_alpha","param_value_internal":0.00041551993372545713,"distribution":"{\"name\": \"FloatDistribution\", \"attributes\": {\"step\": null, \"low\": 1e-05, \"high\": 10.0, \"log\": true}}"}
{"op_code":8,"worker_id":"cc6f47f2-1d8f-4307-bde2-02812aaab5da-19176","trial_id":69,"user_attr":{"gini":0.3380319060971444}}
{"op_code":8,"worker_id":"5e2118d5-a4fe-40ba-b750-82fbdcd669e5-11668","trial_id":72,"user_attr":{"raw_metrics":[-0.010951559106188703,-0.0013974472066933328,0.4,0.009494644901386014,0.13696969696969696,0.022650882670556864,-0.21340349528979255,-0.3194132447242737,0.4043478260869565]}}
{"op_code":8,"worker_id":"5e2118d5-a4fe-40ba-b750-82fbdcd669e5-11668","trial_id":72,"user_attr":{"val_metrics":[-0.005837097897435586,-0.38290207075661153,-0.01818181818181818,-0.09908119600225726,-5.372222726482374]}}
{"op_code":5,"worker_id":"7f71e1a2-8f13-4ffb-a9e9-7dec58f09e93-23408","trial_id":74,"param_name":"unified_rho","param_value_internal":0.1688245907159517,"distribution":"{\"name\": \"FloatDistribution\", \"attributes\": {\"step\": null, \"low\": 0.0, \"high\": 1.0, \"log\": false}}"}
{"op_code":8,"worker_id":"5e2118d5-a4fe-40ba-b750-82fbdcd669e5-11668","trial_id":72,"user_attr":{"deflated_objective":-1.4855585115567607}}
{"op_code":9,"worker_id":"5e2118d5-a4fe-40ba-b750-82fbdcd669e5-11668","trial_id":72,"system_attr":{"constraints":[-0.009494644901386014,0.0013974472066933328,0.19999999999999996,0.11303030303030304,-0.022650882670556864,-47.0,-8.0,-0.005551380890727542,-0.09999999999999998,-1394.7953887105791,0.04565217391304349,0.04698412698412702]}}
{"op_code":6,"worker_id":"5e2118d5-a4fe-40ba-b750-82fbdcd669e5-11668","trial_id":72,"state":1,"values":[-0.9406794714082924],"datetime_complete":"2026-07-14T11:44:16.385428"}
{"op_code":5,"worker_id":"7f71e1a2-8f13-4ffb-a9e9-7dec58f09e93-23408","trial_id":74,"param_name":"unified_gamma","param_value_internal":17.20345892034451,"distribution":"{\"name\": \"FloatDistribution\", \"attributes\": {\"step\": null, \"low\": 1.5, \"high\": 10000.0, \"log\": true}}"}
{"op_code":5,"worker_id":"7f71e1a2-8f13-4ffb-a9e9-7dec58f09e93-23408","trial_id":74,"param_name":"huber_delta","param_value_internal":2.6630559205228868,"distribution":"{\"name\": \"FloatDistribution\", \"attributes\": {\"step\": null, \"low\": 0.5, \"high\": 5.0, \"log\": false}}"}
{"op_code":8,"worker_id":"78885c9f-d6c5-44ef-99e5-29bc2072bbb6-18156","trial_id":70,"user_attr":{"reg_kappa":3.499681615854782}}
{"op_code":8,"worker_id":"78885c9f-d6c5-44ef-99e5-29bc2072bbb6-18156","trial_id":70,"user_attr":{"raw_metrics":[-0.023168270808426726,-0.0030637623389667065,0.4,0.009063172246777471,0.052121212121212124,0.003913968095456924,-0.21466760137929114,-0.3222638666629791,0.4085144927536232]}}
{"op_code":8,"worker_id":"78885c9f-d6c5-44ef-99e5-29bc2072bbb6-18156","trial_id":70,"user_attr":{"val_metrics":[-0.004517696655955153,-0.389433305210052,-0.01818181818181818,-0.13960488130122528,-4.735620231501251]}}
{"op_code":4,"worker_id":"ace74cf0-cf24-4ef2-9d45-681e3d86605c-11668","study_id":0,"datetime_start":"2026-07-14T11:44:16.394299"}
{"op_code":5,"worker_id":"ace74cf0-cf24-4ef2-9d45-681e3d86605c-11668","trial_id":75,"param_name":"k_weight","param_value_internal":1.0587672460402269,"distribution":"{\"name\": \"FloatDistribution\", \"attributes\": {\"step\": null, \"low\": 0.0, \"high\": 1.5, \"log\": false}}"}
{"op_code":8,"worker_id":"78885c9f-d6c5-44ef-99e5-29bc2072bbb6-18156","trial_id":70,"user_attr":{"deflated_objective":-1.2308923530220977}}
{"op_code":5,"worker_id":"ace74cf0-cf24-4ef2-9d45-681e3d86605c-11668","trial_id":75,"param_name":"unified_alpha","param_value_internal":0.000385237077631219,"distribution":"{\"name\": \"FloatDistribution\", \"attributes\": {\"step\": null, \"low\": 1e-05, \"high\": 10.0, \"log\": true}}"}
{"op_code":9,"worker_id":"78885c9f-d6c5-44ef-99e5-29bc2072bbb6-18156","trial_id":70,"system_attr":{"constraints":[-0.009063172246777471,0.0030637623389667065,0.19999999999999996,0.19787878787878788,-0.003913968095456924,-47.0,-8.0,-0.08546142261719798,-0.09999999999999998,-1396.4270761966452,0.041485507246376785,0.05253968253968255]}}
{"op_code":6,"worker_id":"78885c9f-d6c5-44ef-99e5-29bc2072bbb6-18156","trial_id":70,"state":1,"values":[-0.6885190270982875],"datetime_complete":"2026-07-14T11:44:16.404240"}
{"op_code":4,"worker_id":"78885c9f-d6c5-44ef-99e5-29bc2072bbb6-18156","study_id":0,"datetime_start":"2026-07-14T11:44:16.405852"}
{"op_code":5,"worker_id":"ace74cf0-cf24-4ef2-9d45-681e3d86605c-11668","trial_id":75,"param_name":"unified_rho","param_value_internal":0.16272343695580832,"distribution":"{\"name\": \"FloatDistribution\", \"attributes\": {\"step\": null, \"low\": 0.0, \"high\": 1.0, \"log\": false}}"}
{"op_code":5,"worker_id":"78885c9f-d6c5-44ef-99e5-29bc2072bbb6-18156","trial_id":76,"param_name":"k_weight","param_value_internal":1.0695900314004532,"distribution":"{\"name\": \"FloatDistribution\", \"attributes\": {\"step\": null, \"low\": 0.0, \"high\": 1.5, \"log\": false}}"}
{"op_code":4,"worker_id":"5b968da0-c7a5-49dd-bd3e-37cce0a416c5-4680","study_id":0,"datetime_start":"2026-07-14T11:44:16.407733"}
{"op_code":5,"worker_id":"78885c9f-d6c5-44ef-99e5-29bc2072bbb6-18156","trial_id":76,"param_name":"unified_alpha","param_value_internal":0.010130546066218736,"distribution":"{\"name\": \"FloatDistribution\", \"attributes\": {\"step\": null, \"low\": 1e-05, \"high\": 10.0, \"log\": true}}"}
{"op_code":5,"worker_id":"5b968da0-c7a5-49dd-bd3e-37cce0a416c5-4680","trial_id":77,"param_name":"k_weight","param_value_internal":1.0549437180294583,"distribution":"{\"name\": \"FloatDistribution\", \"attributes\": {\"step\": null, \"low\": 0.0, \"high\": 1.5, \"log\": false}}"}
{"op_code":5,"worker_id":"78885c9f-d6c5-44ef-99e5-29bc2072bbb6-18156","trial_id":76,"param_name":"unified_rho","param_value_internal":0.23210224354541809,"distribution":"{\"name\": \"FloatDistribution\", \"attributes\": {\"step\": null, \"low\": 0.0, \"high\": 1.0, \"log\": false}}"}
{"op_code":5,"worker_id":"5b968da0-c7a5-49dd-bd3e-37cce0a416c5-4680","trial_id":77,"param_name":"unified_alpha","param_value_internal":0.009028826262861507,"distribution":"{\"name\": \"FloatDistribution\", \"attributes\": {\"step\": null, \"low\": 1e-05, \"high\": 10.0, \"log\": true}}"}
{"op_code":5,"worker_id":"78885c9f-d6c5-44ef-99e5-29bc2072bbb6-18156","trial_id":76,"param_name":"unified_gamma","param_value_internal":3.8192286310949877,"distribution":"{\"name\": \"FloatDistribution\", \"attributes\": {\"step\": null, \"low\": 1.5, \"high\": 10000.0, \"log\": true}}"}
{"op_code":5,"worker_id":"78885c9f-d6c5-44ef-99e5-29bc2072bbb6-18156","trial_id":76,"param_name":"huber_delta","param_value_internal":1.673310252901365,"distribution":"{\"name\": \"FloatDistribution\", \"attributes\": {\"step\": null, \"low\": 0.5, \"high\": 5.0, \"log\": false}}"}
{"op_code":8,"worker_id":"4d027a54-1dcf-4384-b787-232185b8c034-8436","trial_id":71,"user_attr":{"constraints":[-0.008955051880844982,0.00157333218264469,0.19999999999999996,0.1784848484848485,-0.018761559655412964,-49.0,-8.0,-0.004503461336291414,-0.09999999999999998,-1386.0961095835285,0.037137681159420344,0.04698412698412702]}}
{"op_code":4,"worker_id":"76282615-96f7-42f7-adfa-efb583aee711-27448","study_id":0,"datetime_start":"2026-07-14T11:44:16.385668"}
{"op_code":8,"worker_id":"4d027a54-1dcf-4384-b787-232185b8c034-8436","trial_id":71,"user_attr":{"pruned_reasons":["M2 (Yearly Tail IC Mean <= 0)","M3 (Hit Rate < 60%)","M5 (Monotonicity <= 0.25)","Yearly Daily Win Rate (41.29% < 45%)","Side-specific Yearly Daily Win Rate (40.30% < 45%)"]}}
{"op_code":8,"worker_id":"4d027a54-1dcf-4384-b787-232185b8c034-8436","trial_id":71,"user_attr":{"gini":0.3484190461987009}}
{"op_code":8,"worker_id":"4d027a54-1dcf-4384-b787-232185b8c034-8436","trial_id":71,"user_attr":{"cv_is_ics":[0.10639531910419464,0.09841582179069519,0.08361522108316422,0.0819980651140213,0.1104397177696228,0.12285292148590088,0.07876670360565186,0.1126880869269371,0.10936050117015839,0.11363200098276138,0.09252329915761948,0.10212898254394531,0.08454127609729767,0.0890691876411438,0.0871320515871048]}}
{"op_code":5,"worker_id":"76282615-96f7-42f7-adfa-efb583aee711-27448","trial_id":78,"param_name":"k_weight","param_value_internal":1.056854012626213,"distribution":"{\"name\": \"FloatDistribution\", \"attributes\": {\"step\": null, \"low\": 0.0, \"high\": 1.5, \"log\": false}}"}
{"op_code":8,"worker_id":"4d027a54-1dcf-4384-b787-232185b8c034-8436","trial_id":71,"user_attr":{"cv_oos_ics":[0.01827898435294628,0.008244248107075691,-0.05829382687807083,0.002579880878329277,-0.023470161482691765,-0.033818382769823074,-0.0028301661368459463,-0.011280659586191177,0.012614510953426361,0.02267097681760788,0.03747033700346947,0.018520457670092583,0.07196657359600067,0.08248298615217209,0.035879865288734436]}}
{"op_code":8,"worker_id":"4d027a54-1dcf-4384-b787-232185b8c034-8436","trial_id":71,"user_attr":{"reg_kappa":3.4653528188153087}}
{"op_code":5,"worker_id":"76282615-96f7-42f7-adfa-efb583aee711-27448","trial_id":78,"param_name":"unified_alpha","param_value_internal":0.0077746273316453545,"distribution":"{\"name\": \"FloatDistribution\", \"attributes\": {\"step\": null, \"low\": 1e-05, \"high\": 10.0, \"log\": true}}"}
{"op_code":8,"worker_id":"7f71e1a2-8f13-4ffb-a9e9-7dec58f09e93-23408","trial_id":74,"user_attr":{"constraints":[-0.009023717619005878,0.0015950282640495104,0.19999999999999996,0.14939393939393938,-0.02493727367137365,-50.0,-8.0,-0.0053135033168715705,-0.09999999999999998,-1383.8859401502884,0.037137681159420344,0.04698412698412702]}}
{"op_code":8,"worker_id":"4d027a54-1dcf-4384-b787-232185b8c034-8436","trial_id":71,"user_attr":{"raw_metrics":[-0.01253512395673578,-0.00157333218264469,0.4,0.008955051880844982,0.0715151515151515,0.018761559655412964,-0.2067644361034458,-0.31151071190834045,0.41286231884057967]}}
{"op_code":5,"worker_id":"76282615-96f7-42f7-adfa-efb583aee711-27448","trial_id":78,"param_name":"unified_rho","param_value_internal":0.1453410322647717,"distribution":"{\"name\": \"FloatDistribution\", \"attributes\": {\"step\": null, \"low\": 0.0, \"high\": 1.0, \"log\": false}}"}
{"op_code":8,"worker_id":"7f71e1a2-8f13-4ffb-a9e9-7dec58f09e93-23408","trial_id":74,"user_attr":{"pruned_reasons":["M2 (Yearly Tail IC Mean <= 0)","M3 (Hit Rate < 60%)","M5 (Monotonicity <= 0.25)","Yearly Daily Win Rate (41.29% < 45%)","Side-specific Yearly Daily Win Rate (40.30% < 45%)"]}}
{"op_code":5,"worker_id":"76282615-96f7-42f7-adfa-efb583aee711-27448","trial_id":78,"param_name":"unified_gamma","param_value_internal":3.0857144595306147,"distribution":"{\"name\": \"FloatDistribution\", \"attributes\": {\"step\": null, \"low\": 1.5, \"high\": 10000.0, \"log\": true}}"}
{"op_code":8,"worker_id":"7f71e1a2-8f13-4ffb-a9e9-7dec58f09e93-23408","trial_id":74,"user_attr":{"gini":0.3480808436274685}}
{"op_code":8,"worker_id":"4d027a54-1dcf-4384-b787-232185b8c034-8436","trial_id":71,"user_attr":{"val_metrics":[-0.006986849279085423,-0.24210548703672505,0.030303030303030304,-0.09908119600225726,-5.306648691162016]}}
{"op_code":5,"worker_id":"76282615-96f7-42f7-adfa-efb583aee711-27448","trial_id":78,"param_name":"huber_delta","param_value_internal":1.679548842873423,"distribution":"{\"name\": \"FloatDistribution\", \"attributes\": {\"step\": null, \"low\": 0.5, \"high\": 5.0, \"log\": false}}"}
{"op_code":8,"worker_id":"4d027a54-1dcf-4384-b787-232185b8c034-8436","trial_id":71,"user_attr":{"deflated_objective":-1.3915200293975967}}
{"op_code":9,"worker_id":"4d027a54-1dcf-4384-b787-232185b8c034-8436","trial_id":71,"system_attr":{"constraints":[-0.008955051880844982,0.00157333218264469,0.19999999999999996,0.1784848484848485,-0.018761559655412964,-49.0,-8.0,-0.004503461336291414,-0.09999999999999998,-1386.0961095835285,0.037137681159420344,0.04698412698412702]}}
{"op_code":8,"worker_id":"fe9bcdfb-cd91-47a9-9c0e-bc2b558c3fef-7108","trial_id":54,"user_attr":{"pruned_reasons":["M2 (Yearly Tail IC Mean <= 0)","M5 (Monotonicity <= 0.25)","Side-specific Yearly Tail IC Mean (-0.0030 <= 0)","Yearly Daily Win Rate (42.97% < 45%)","Side-specific Yearly Daily Win Rate (40.87% < 45%)"]}}
{"op_code":5,"worker_id":"ace74cf0-cf24-4ef2-9d45-681e3d86605c-11668","trial_id":75,"param_name":"unified_gamma","param_value_internal":3.422814125962561,"distribution":"{\"name\": \"FloatDistribution\", \"attributes\": {\"step\": null, \"low\": 1.5, \"high\": 10000.0, \"log\": true}}"}
{"op_code":8,"worker_id":"1e58553e-f8ee-4539-90d9-d3a4adc592be-6576","trial_id":73,"user_attr":{"constraints":[-0.009478042606994991,0.0009020631141108757,0.19999999999999996,0.10575757575757577,-0.022650882670556864,-48.0,-8.0,-0.008348753314729108,-0.09999999999999998,-1391.8155130704613,0.04565217391304349,0.04698412698412702]}}
{"op_code":5,"worker_id":"ace74cf0-cf24-4ef2-9d45-681e3d86605c-11668","trial_id":75,"param_name":"huber_delta","param_value_internal":1.6072961644395043,"distribution":"{\"name\": \"FloatDistribution\", \"attributes\": {\"step\": null, \"low\": 0.5, \"high\": 5.0, \"log\": false}}"}
{"op_code":8,"worker_id":"fe9bcdfb-cd91-47a9-9c0e-bc2b558c3fef-7108","trial_id":54,"user_attr":{"gini":0.6370175903738093}}
{"op_code":8,"worker_id":"fe9bcdfb-cd91-47a9-9c0e-bc2b558c3fef-7108","trial_id":54,"user_attr":{"cv_is_ics":[0.08632543683052063,0.10042295604944229,0.09599011391401291,0.07412701100111008,0.1026584729552269,0.1283237338066101,0.08965662121772766,0.12685658037662506,0.11088354140520096,0.12746436893939972,0.11911315470933914,0.09053201973438263,0.10870133340358734,0.10242542624473572,0.08322005718946457]}}
{"op_code":8,"worker_id":"fe9bcdfb-cd91-47a9-9c0e-bc2b558c3fef-7108","trial_id":54,"user_attr":{"cv_oos_ics":[0.02064047008752823,-0.05348457396030426,-0.05393332988023758,0.016483701765537262,0.04377434775233269,-0.033804405480623245,-0.006518109701573849,-0.051118817180395126,0.012358183972537518,0.000961650162935257,0.012181042693555355,0.035144269466400146,0.05257967486977577,0.07785893231630325,0.043289076536893845]}}
{"op_code":8,"worker_id":"fe9bcdfb-cd91-47a9-9c0e-bc2b558c3fef-7108","trial_id":54,"user_attr":{"reg_kappa":2.983552419279006}}
{"op_code":8,"worker_id":"fe9bcdfb-cd91-47a9-9c0e-bc2b558c3fef-7108","trial_id":54,"user_attr":{"raw_metrics":[-0.200756310602169,-0.025966595071538555,0.6,0.012645674467592636,0.03757575757575758,0.10620935564880496,-0.05437980444218536,-0.049075815826654434,0.42971014492753623]}}
{"op_code":8,"worker_id":"7f71e1a2-8f13-4ffb-a9e9-7dec58f09e93-23408","trial_id":74,"user_attr":{"cv_is_ics":[0.10630831122398376,0.0984080508351326,0.08365433663129807,0.08193580061197281,0.11055083572864532,0.1228228285908699,0.0786394402384758,0.1124616414308548,0.1094161868095398,0.11358380317687988,0.09277088940143585,0.10199730098247528,0.08450007438659668,0.08930429816246033,0.08714529871940613]}}
{"op_code":8,"worker_id":"7f71e1a2-8f13-4ffb-a9e9-7dec58f09e93-23408","trial_id":74,"user_attr":{"cv_oos_ics":[0.01863163337111473,0.00831708125770092,-0.057595644146203995,0.002866897964850068,-0.022921374067664146,-0.0340874120593071,-0.003066357458010316,-0.011282652616500854,0.012007851153612137,0.02287987805902958,0.03805949538946152,0.018521856516599655,0.07190393656492233,0.08211317658424377,0.03588099405169487]}}
{"op_code":8,"worker_id":"7f71e1a2-8f13-4ffb-a9e9-7dec58f09e93-23408","trial_id":74,"user_attr":{"reg_kappa":3.466431065531801}}
{"op_code":8,"worker_id":"7f71e1a2-8f13-4ffb-a9e9-7dec58f09e93-23408","trial_id":74,"user_attr":{"raw_metrics":[-0.012552613954426734,-0.0015950282640495104,0.4,0.009023717619005878,0.10060606060606062,0.02493727367137365,-0.20509866260177306,-0.31053218245506287,0.41286231884057967]}}
{"op_code":8,"worker_id":"7f71e1a2-8f13-4ffb-a9e9-7dec58f09e93-23408","trial_id":74,"user_attr":{"val_metrics":[-0.00684005380451698,-0.24810353154315684,-0.09090909090909091,-0.09908119600225726,-5.298759902976571]}}
{"op_code":8,"worker_id":"78885c9f-d6c5-44ef-99e5-29bc2072bbb6-18156","trial_id":76,"user_attr":{"constraints":[-0.009299566561552935,0.026964736790032508,0.0,0.10818181818181818,0.0055545304662003745,-53.0,-7.0,0.030756601512985326,0.09999999999999998,-1375.5723479098053,0.037137681159420344,0.03047619047619049]}}
{"op_code":8,"worker_id":"78885c9f-d6c5-44ef-99e5-29bc2072bbb6-18156","trial_id":76,"user_attr":{"pruned_reasons":["M2 (Yearly Tail IC Mean <= 0)","M5 (Monotonicity <= 0.25)","M6 (Top-Bottom Spread <= 0)","Side-specific Yearly Tail IC Mean (-0.0308 <= 0)","Side-specific Hit Rate (40.00% < 50%)","Yearly Daily Win Rate (41.29% < 45%)","Side-specific Yearly Daily Win Rate (41.95% < 45%)"]}}
{"op_code":8,"worker_id":"7f71e1a2-8f13-4ffb-a9e9-7dec58f09e93-23408","trial_id":74,"user_attr":{"deflated_objective":-1.40278883666622}}
{"op_code":8,"worker_id":"1e58553e-f8ee-4539-90d9-d3a4adc592be-6576","trial_id":73,"user_attr":{"pruned_reasons":["M2 (Yearly Tail IC Mean <= 0)","M3 (Hit Rate < 60%)","M5 (Monotonicity <= 0.25)","Yearly Daily Win Rate (40.43% < 45%)","Side-specific Yearly Daily Win Rate (40.30% < 45%)"]}}
{"op_code":8,"worker_id":"1e58553e-f8ee-4539-90d9-d3a4adc592be-6576","trial_id":73,"user_attr":{"gini":0.34972887528364494}}
{"op_code":8,"worker_id":"1e58553e-f8ee-4539-90d9-d3a4adc592be-6576","trial_id":73,"user_attr":{"cv_is_ics":[0.1062583401799202,0.09805689007043839,0.0834607481956482,0.08147929608821869,0.11011381447315216,0.12181781977415085,0.07790924608707428,0.11123577505350113,0.10942954570055008,0.11314201354980469,0.09211109578609467,0.10180585831403732,0.08360286056995392,0.08901187032461166,0.08648452907800674]}}
{"op_code":8,"worker_id":"1e58553e-f8ee-4539-90d9-d3a4adc592be-6576","trial_id":73,"user_attr":{"cv_oos_ics":[0.018942996859550476,0.008853024803102016,-0.05825125798583031,0.002743890741840005,-0.023677228018641472,-0.03391605615615845,-0.0036821062676608562,-0.011115795001387596,0.011971152387559414,0.022865479812026024,0.038521334528923035,0.018394088372588158,0.07137232273817062,0.08267861604690552,0.036284539848566055]}}
{"op_code":9,"worker_id":"7f71e1a2-8f13-4ffb-a9e9-7dec58f09e93-23408","trial_id":74,"system_attr":{"constraints":[-0.009023717619005878,0.0015950282640495104,0.19999999999999996,0.14939393939393938,-0.02493727367137365,-50.0,-8.0,-0.0053135033168715705,-0.09999999999999998,-1383.8859401502884,0.037137681159420344,0.04698412698412702]}}
{"op_code":6,"worker_id":"7f71e1a2-8f13-4ffb-a9e9-7dec58f09e93-23408","trial_id":74,"state":1,"values":[-0.8647479491916181],"datetime_complete":"2026-07-14T11:44:16.469141"}
{"op_code":8,"worker_id":"78885c9f-d6c5-44ef-99e5-29bc2072bbb6-18156","trial_id":76,"user_attr":{"gini":0.35499468316406535}}
{"op_code":8,"worker_id":"1e58553e-f8ee-4539-90d9-d3a4adc592be-6576","trial_id":73,"user_attr":{"reg_kappa":3.481346670749699}}
{"op_code":8,"worker_id":"1e58553e-f8ee-4539-90d9-d3a4adc592be-6576","trial_id":73,"user_attr":{"raw_metrics":[-0.00695996255974834,-0.0009020631141108757,0.4,0.009478042606994991,0.14424242424242423,0.022650882670556864,-0.21111973738890089,-0.3171483874320984,0.4043478260869565]}}
{"op_code":8,"worker_id":"1e58553e-f8ee-4539-90d9-d3a4adc592be-6576","trial_id":73,"user_attr":{"val_metrics":[-0.006931471345565592,-0.3841493126511341,-0.04242424242424243,-0.09908119600225726,-5.370410863093422]}}
{"op_code":8,"worker_id":"76282615-96f7-42f7-adfa-efb583aee711-27448","trial_id":78,"user_attr":{"constraints":[-0.009638571791221165,0.02697456206539724,0.0,0.14212121212121215,0.0055545304662003745,-54.0,-7.0,0.04146364826422938,0.09999999999999998,-1372.272746652817,0.037137681159420344,0.03047619047619049]}}
{"op_code":8,"worker_id":"76282615-96f7-42f7-adfa-efb583aee711-27448","trial_id":78,"user_attr":{"pruned_reasons":["M2 (Yearly Tail IC Mean <= 0)","M5 (Monotonicity <= 0.25)","M6 (Top-Bottom Spread <= 0)","Side-specific Yearly Tail IC Mean (-0.0415 <= 0)","Side-specific Hit Rate (40.00% < 50%)","Yearly Daily Win Rate (41.29% < 45%)","Side-specific Yearly Daily Win Rate (41.95% < 45%)"]}}
{"op_code":4,"worker_id":"9384e809-abf4-403d-bdbd-f49ce91e8240-23408","study_id":0,"datetime_start":"2026-07-14T11:44:16.478537"}
{"op_code":5,"worker_id":"9384e809-abf4-403d-bdbd-f49ce91e8240-23408","trial_id":79,"param_name":"k_weight","param_value_internal":1.0540914120481086,"distribution":"{\"name\": \"FloatDistribution\", \"attributes\": {\"step\": null, \"low\": 0.0, \"high\": 1.5, \"log\": false}}"}
{"op_code":5,"worker_id":"5b968da0-c7a5-49dd-bd3e-37cce0a416c5-4680","trial_id":77,"param_name":"unified_rho","param_value_internal":0.059708971224241264,"distribution":"{\"name\": \"FloatDistribution\", \"attributes\": {\"step\": null, \"low\": 0.0, \"high\": 1.0, \"log\": false}}"}
{"op_code":8,"worker_id":"1e58553e-f8ee-4539-90d9-d3a4adc592be-6576","trial_id":73,"user_attr":{"deflated_objective":-1.475858505297334}}
{"op_code":5,"worker_id":"9384e809-abf4-403d-bdbd-f49ce91e8240-23408","trial_id":79,"param_name":"unified_alpha","param_value_internal":0.00012009556034139571,"distribution":"{\"name\": \"FloatDistribution\", \"attributes\": {\"step\": null, \"low\": 1e-05, \"high\": 10.0, \"log\": true}}"}
{"op_code":8,"worker_id":"fe9bcdfb-cd91-47a9-9c0e-bc2b558c3fef-7108","trial_id":54,"user_attr":{"val_metrics":[-0.014329699559369764,-0.18776510395472845,-0.15151515151515152,0.10409140713391421,-5.354140073981025]}}
{"op_code":9,"worker_id":"1e58553e-f8ee-4539-90d9-d3a4adc592be-6576","trial_id":73,"system_attr":{"constraints":[-0.009478042606994991,0.0009020631141108757,0.19999999999999996,0.10575757575757577,-0.022650882670556864,-48.0,-8.0,-0.008348753314729108,-0.09999999999999998,-1391.8155130704613,0.04565217391304349,0.04698412698412702]}}
{"op_code":5,"worker_id":"9384e809-abf4-403d-bdbd-f49ce91e8240-23408","trial_id":79,"param_name":"unified_rho","param_value_internal":0.05860807660861021,"distribution":"{\"name\": \"FloatDistribution\", \"attributes\": {\"step\": null, \"low\": 0.0, \"high\": 1.0, \"log\": false}}"}
{"op_code":8,"worker_id":"78885c9f-d6c5-44ef-99e5-29bc2072bbb6-18156","trial_id":76,"user_attr":{"cv_is_ics":[0.11245302110910416,0.10067490488290787,0.0900215432047844,0.07980066537857056,0.11597033590078354,0.13834036886692047,0.09588152915239334,0.1342000812292099,0.11696141213178635,0.1208997368812561,0.1145341619849205,0.110572949051857,0.09448565542697906,0.0886748805642128,0.09331917017698288]}}
{"op_code":8,"worker_id":"fe9bcdfb-cd91-47a9-9c0e-bc2b558c3fef-7108","trial_id":54,"user_attr":{"deflated_objective":-1.402765729549277}}
{"op_code":9,"worker_id":"fe9bcdfb-cd91-47a9-9c0e-bc2b558c3fef-7108","trial_id":54,"system_attr":{"constraints":[-0.012645674467592636,0.025966595071538555,0.0,0.2124242424242424,-0.10620935564880496,-121.0,-2.0,0.002982719453307686,-0.09999999999999998,-1199.241846598055,0.02028985507246378,0.04126984126984129]}}
{"op_code":8,"worker_id":"ace74cf0-cf24-4ef2-9d45-681e3d86605c-11668","trial_id":75,"user_attr":{"constraints":[-0.008225186540674436,0.027841088540718022,0.0,0.1396969696969697,0.010350542708835462,-53.0,-8.0,0.040099700099146325,0.09999999999999998,-1372.7306774135059,0.037137681159420344,0.03603174603174608]}}
{"op_code":5,"worker_id":"9384e809-abf4-403d-bdbd-f49ce91e8240-23408","trial_id":79,"param_name":"unified_gamma","param_value_internal":3.711317956746372,"distribution":"{\"name\": \"FloatDistribution\", \"attributes\": {\"step\": null, \"low\": 1.5, \"high\": 10000.0, \"log\": true}}"}
{"op_code":8,"worker_id":"78885c9f-d6c5-44ef-99e5-29bc2072bbb6-18156","trial_id":76,"user_attr":{"cv_oos_ics":[0.010896974243223667,0.016004778444767,-0.05455619469285011,0.008883297443389893,-0.011009220965206623,-0.01424817368388176,0.009105820208787918,-0.034159887582063675,0.016457723453640938,0.03400498256087303,0.031316086649894714,0.02862139232456684,0.05703071877360344,0.08236061036586761,0.03486344963312149]}}
{"op_code":8,"worker_id":"ace74cf0-cf24-4ef2-9d45-681e3d86605c-11668","trial_id":75,"user_attr":{"pruned_reasons":["M2 (Yearly Tail IC Mean <= 0)","M5 (Monotonicity <= 0.25)","M6 (Top-Bottom Spread <= 0)","Side-specific Yearly Tail IC Mean (-0.0401 <= 0)","Side-specific Hit Rate (40.00% < 50%)","Yearly Daily Win Rate (41.29% < 45%)","Side-specific Yearly Daily Win Rate (41.40% < 45%)"]}}
{"op_code":6,"worker_id":"1e58553e-f8ee-4539-90d9-d3a4adc592be-6576","trial_id":73,"state":1,"values":[-0.9429873025793456],"datetime_complete":"2026-07-14T11:44:16.488911"}
{"op_code":8,"worker_id":"78885c9f-d6c5-44ef-99e5-29bc2072bbb6-18156","trial_id":76,"user_attr":{"reg_kappa":3.4047600919036007}}
{"op_code":4,"worker_id":"1e58553e-f8ee-4539-90d9-d3a4adc592be-6576","study_id":0,"datetime_start":"2026-07-14T11:44:16.499263"}
{"op_code":8,"worker_id":"78885c9f-d6c5-44ef-99e5-29bc2072bbb6-18156","trial_id":76,"user_attr":{"raw_metrics":[-0.1697350475968203,-0.026964736790032508,0.6,0.009299566561552935,0.14181818181818182,-0.0055545304662003745,-0.18354972211926884,-0.2930324673652649,0.41286231884057967]}}
{"op_code":6,"worker_id":"fe9bcdfb-cd91-47a9-9c0e-bc2b558c3fef-7108","trial_id":54,"state":1,"values":[-0.869574217193637],"datetime_complete":"2026-07-14T11:44:16.493848"}
{"op_code":5,"worker_id":"1e58553e-f8ee-4539-90d9-d3a4adc592be-6576","trial_id":80,"param_name":"k_weight","param_value_internal":1.2075636856287635,"distribution":"{\"name\": \"FloatDistribution\", \"attributes\": {\"step\": null, \"low\": 0.0, \"high\": 1.5, \"log\": false}}"}
{"op_code":4,"worker_id":"fe9bcdfb-cd91-47a9-9c0e-bc2b558c3fef-7108","study_id":0,"datetime_start":"2026-07-14T11:44:16.504368"}
{"op_code":5,"worker_id":"1e58553e-f8ee-4539-90d9-d3a4adc592be-6576","trial_id":80,"param_name":"unified_alpha","param_value_internal":0.0071878057839495635,"distribution":"{\"name\": \"FloatDistribution\", \"attributes\": {\"step\": null, \"low\": 1e-05, \"high\": 10.0, \"log\": true}}"}
{"op_code":8,"worker_id":"78885c9f-d6c5-44ef-99e5-29bc2072bbb6-18156","trial_id":76,"user_attr":{"val_metrics":[-0.002858556187404642,-0.1628864555428033,0.15151515151515152,-0.04236632358768713,-6.591539862304455]}}
{"op_code":5,"worker_id":"1e58553e-f8ee-4539-90d9-d3a4adc592be-6576","trial_id":80,"param_name":"unified_rho","param_value_internal":0.0697202548533978,"distribution":"{\"name\": \"FloatDistribution\", \"attributes\": {\"step\": null, \"low\": 0.0, \"high\": 1.0, \"log\": false}}"}
{"op_code":5,"worker_id":"9384e809-abf4-403d-bdbd-f49ce91e8240-23408","trial_id":79,"param_name":"huber_delta","param_value_internal":1.789671735853965,"distribution":"{\"name\": \"FloatDistribution\", \"attributes\": {\"step\": null, \"low\": 0.5, \"high\": 5.0, \"log\": false}}"}
{"op_code":8,"worker_id":"78885c9f-d6c5-44ef-99e5-29bc2072bbb6-18156","trial_id":76,"user_attr":{"deflated_objective":-1.852017059760437}}
{"op_code":9,"worker_id":"78885c9f-d6c5-44ef-99e5-29bc2072bbb6-18156","trial_id":76,"system_attr":{"constraints":[-0.009299566561552935,0.026964736790032508,0.0,0.10818181818181818,0.0055545304662003745,-53.0,-7.0,0.030756601512985326,0.09999999999999998,-1375.5723479098053,0.037137681159420344,0.03047619047619049]}}
{"op_code":6,"worker_id":"78885c9f-d6c5-44ef-99e5-29bc2072bbb6-18156","trial_id":76,"state":1,"values":[-1.3231325284726565],"datetime_complete":"2026-07-14T11:44:16.517493"}
{"op_code":5,"worker_id":"5b968da0-c7a5-49dd-bd3e-37cce0a416c5-4680","trial_id":77,"param_name":"unified_gamma","param_value_internal":3.2136480438049797,"distribution":"{\"name\": \"FloatDistribution\", \"attributes\": {\"step\": null, \"low\": 1.5, \"high\": 10000.0, \"log\": true}}"}
{"op_code":5,"worker_id":"5b968da0-c7a5-49dd-bd3e-37cce0a416c5-4680","trial_id":77,"param_name":"huber_delta","param_value_internal":1.717848388129814,"distribution":"{\"name\": \"FloatDistribution\", \"attributes\": {\"step\": null, \"low\": 0.5, \"high\": 5.0, \"log\": false}}"}
{"op_code":5,"worker_id":"fe9bcdfb-cd91-47a9-9c0e-bc2b558c3fef-7108","trial_id":81,"param_name":"k_weight","param_value_internal":1.2580370680375716,"distribution":"{\"name\": \"FloatDistribution\", \"attributes\": {\"step\": null, \"low\": 0.0, \"high\": 1.5, \"log\": false}}"}
{"op_code":5,"worker_id":"fe9bcdfb-cd91-47a9-9c0e-bc2b558c3fef-7108","trial_id":81,"param_name":"unified_alpha","param_value_internal":0.00012989223951293666,"distribution":"{\"name\": \"FloatDistribution\", \"attributes\": {\"step\": null, \"low\": 1e-05, \"high\": 10.0, \"log\": true}}"}
{"op_code":4,"worker_id":"10fcd449-f467-4e34-9a12-2e639571d95d-18156","study_id":0,"datetime_start":"2026-07-14T11:44:16.526644"}
{"op_code":5,"worker_id":"fe9bcdfb-cd91-47a9-9c0e-bc2b558c3fef-7108","trial_id":81,"param_name":"unified_rho","param_value_internal":0.08993907404993784,"distribution":"{\"name\": \"FloatDistribution\", \"attributes\": {\"step\": null, \"low\": 0.0, \"high\": 1.0, \"log\": false}}"}
{"op_code":5,"worker_id":"10fcd449-f467-4e34-9a12-2e639571d95d-18156","trial_id":82,"param_name":"k_weight","param_value_internal":1.227382930570597,"distribution":"{\"name\": \"FloatDistribution\", \"attributes\": {\"step\": null, \"low\": 0.0, \"high\": 1.5, \"log\": false}}"}
{"op_code":5,"worker_id":"fe9bcdfb-cd91-47a9-9c0e-bc2b558c3fef-7108","trial_id":81,"param_name":"unified_gamma","param_value_internal":8.47559889946754,"distribution":"{\"name\": \"FloatDistribution\", \"attributes\": {\"step\": null, \"low\": 1.5, \"high\": 10000.0, \"log\": true}}"}
{"op_code":5,"worker_id":"1e58553e-f8ee-4539-90d9-d3a4adc592be-6576","trial_id":80,"param_name":"unified_gamma","param_value_internal":3.2811204905620226,"distribution":"{\"name\": \"FloatDistribution\", \"attributes\": {\"step\": null, \"low\": 1.5, \"high\": 10000.0, \"log\": true}}"}
{"op_code":8,"worker_id":"ace74cf0-cf24-4ef2-9d45-681e3d86605c-11668","trial_id":75,"user_attr":{"gini":0.3505316126597826}}
{"op_code":5,"worker_id":"1e58553e-f8ee-4539-90d9-d3a4adc592be-6576","trial_id":80,"param_name":"huber_delta","param_value_internal":1.8186462127071392,"distribution":"{\"name\": \"FloatDistribution\", \"attributes\": {\"step\": null, \"low\": 0.5, \"high\": 5.0, \"log\": false}}"}
{"op_code":8,"worker_id":"ace74cf0-cf24-4ef2-9d45-681e3d86605c-11668","trial_id":75,"user_attr":{"cv_is_ics":[0.11244043707847595,0.10084027051925659,0.09027104824781418,0.0805138498544693,0.11687625199556351,0.13832297921180725,0.09675373136997223,0.13448694348335266,0.11683879047632217,0.12026026099920273,0.11571502685546875,0.11154069751501083,0.095054991543293,0.08834350854158401,0.09435246139764786]}}
{"op_code":8,"worker_id":"ace74cf0-cf24-4ef2-9d45-681e3d86605c-11668","trial_id":75,"user_attr":{"cv_oos_ics":[0.008352828212082386,0.016151290386915207,-0.05390912666916847,0.010003604926168919,-0.010304179973900318,-0.012734347954392433,0.012006886303424835,-0.035060375928878784,0.015020824037492275,0.03630077466368675,0.03069714643061161,0.03134048357605934,0.058239009231328964,0.08240238577127457,0.03599885478615761]}}
{"op_code":8,"worker_id":"ace74cf0-cf24-4ef2-9d45-681e3d86605c-11668","trial_id":75,"user_attr":{"reg_kappa":3.4386226658398664}}
{"op_code":8,"worker_id":"ace74cf0-cf24-4ef2-9d45-681e3d86605c-11668","trial_id":75,"user_attr":{"raw_metrics":[-0.17379756477524735,-0.027841088540718022,0.6,0.008225186540674436,0.1103030303030303,-0.010350542708835462,-0.19677155500289106,-0.29888924956321716,0.41286231884057967]}}
{"op_code":8,"worker_id":"ace74cf0-cf24-4ef2-9d45-681e3d86605c-11668","trial_id":75,"user_attr":{"val_metrics":[0.0009541705846948767,-0.16268002564098094,0.16363636363636364,-0.07093423129855725,-5.5682417992949444]}}
{"op_code":5,"worker_id":"fe9bcdfb-cd91-47a9-9c0e-bc2b558c3fef-7108","trial_id":81,"param_name":"huber_delta","param_value_internal":1.7129532630127944,"distribution":"{\"name\": \"FloatDistribution\", \"attributes\": {\"step\": null, \"low\": 0.5, \"high\": 5.0, \"log\": false}}"}
{"op_code":8,"worker_id":"ace74cf0-cf24-4ef2-9d45-681e3d86605c-11668","trial_id":75,"user_attr":{"deflated_objective":-1.4346205294276428}}
{"op_code":9,"worker_id":"ace74cf0-cf24-4ef2-9d45-681e3d86605c-11668","trial_id":75,"system_attr":{"constraints":[-0.008225186540674436,0.027841088540718022,0.0,0.1396969696969697,0.010350542708835462,-53.0,-8.0,0.040099700099146325,0.09999999999999998,-1372.7306774135059,0.037137681159420344,0.03603174603174608]}}
{"op_code":6,"worker_id":"ace74cf0-cf24-4ef2-9d45-681e3d86605c-11668","trial_id":75,"state":1,"values":[-0.9121373374598915],"datetime_complete":"2026-07-14T11:44:16.547675"}
{"op_code":4,"worker_id":"ace74cf0-cf24-4ef2-9d45-681e3d86605c-11668","study_id":0,"datetime_start":"2026-07-14T11:44:16.549284"}
{"op_code":5,"worker_id":"ace74cf0-cf24-4ef2-9d45-681e3d86605c-11668","trial_id":83,"param_name":"k_weight","param_value_internal":0.8882808434728807,"distribution":"{\"name\": \"FloatDistribution\", \"attributes\": {\"step\": null, \"low\": 0.0, \"high\": 1.5, \"log\": false}}"}
{"op_code":8,"worker_id":"9384e809-abf4-403d-bdbd-f49ce91e8240-23408","trial_id":79,"user_attr":{"constraints":[-0.009568248523672215,0.02231173574738087,0.0,0.0693939393939394,0.0005209113184884539,-53.0,-8.0,0.05176949917518736,0.09999999999999998,-1371.5268864291734,0.04130434782608694,0.03031746031746041]}}
{"op_code":5,"worker_id":"ace74cf0-cf24-4ef2-9d45-681e3d86605c-11668","trial_id":83,"param_name":"unified_alpha","param_value_internal":0.00010832611159794129,"distribution":"{\"name\": \"FloatDistribution\", \"attributes\": {\"step\": null, \"low\": 1e-05, \"high\": 10.0, \"log\": true}}"}
{"op_code":8,"worker_id":"9384e809-abf4-403d-bdbd-f49ce91e8240-23408","trial_id":79,"user_attr":{"pruned_reasons":["M2 (Yearly Tail IC Mean <= 0)","M5 (Monotonicity <= 0.25)","M6 (Top-Bottom Spread <= 0)","Side-specific Yearly Tail IC Mean (-0.0518 <= 0)","Side-specific Hit Rate (40.00% < 50%)","Yearly Daily Win Rate (40.87% < 45%)","Side-specific Yearly Daily Win Rate (41.97% < 45%)"]}}
{"op_code":8,"worker_id":"9384e809-abf4-403d-bdbd-f49ce91e8240-23408","trial_id":79,"user_attr":{"gini":0.35826478964913844}}
{"op_code":8,"worker_id":"9384e809-abf4-403d-bdbd-f49ce91e8240-23408","trial_id":79,"user_attr":{"cv_is_ics":[0.11154042184352875,0.10079658776521683,0.08896970003843307,0.08114610612392426,0.1156124472618103,0.1364932507276535,0.09426604956388474,0.13273872435092926,0.11499374359846115,0.11936896294355392,0.11062723398208618,0.11030928045511246,0.09387784451246262,0.0892065241932869,0.09332888573408127]}}
{"op_code":8,"worker_id":"9384e809-abf4-403d-bdbd-f49ce91e8240-23408","trial_id":79,"user_attr":{"cv_oos_ics":[0.012504328042268753,0.015429170802235603,-0.0537741594016552,0.010741934180259705,-0.012342657893896103,-0.016129834577441216,0.010119207203388214,-0.029568325728178024,0.020109254866838455,0.03617120161652565,0.031739816069602966,0.027435656636953354,0.06112612411379814,0.08422631770372391,0.03527165576815605]}}
{"op_code":8,"worker_id":"9384e809-abf4-403d-bdbd-f49ce91e8240-23408","trial_id":79,"user_attr":{"reg_kappa":3.4367785793716616}}
{"op_code":8,"worker_id":"9384e809-abf4-403d-bdbd-f49ce91e8240-23408","trial_id":79,"user_attr":{"raw_metrics":[-0.14841657299231292,-0.02231173574738087,0.6,0.009568248523672215,0.1806060606060606,-0.0005209113184884539,-0.19588445555928666,-0.2966599464416504,0.40869565217391307]}}
{"op_code":8,"worker_id":"9384e809-abf4-403d-bdbd-f49ce91e8240-23408","trial_id":79,"user_attr":{"val_metrics":[-0.004442540889035382,-0.2547011691056608,0.04242424242424243,-0.09272377160580261,-6.1018147915505505]}}
{"op_code":5,"worker_id":"ace74cf0-cf24-4ef2-9d45-681e3d86605c-11668","trial_id":83,"param_name":"unified_rho","param_value_internal":0.3111813010604338,"distribution":"{\"name\": \"FloatDistribution\", \"attributes\": {\"step\": null, \"low\": 0.0, \"high\": 1.0, \"log\": false}}"}
{"op_code":5,"worker_id":"ace74cf0-cf24-4ef2-9d45-681e3d86605c-11668","trial_id":83,"param_name":"unified_gamma","param_value_internal":8.310680047090118,"distribution":"{\"name\": \"FloatDistribution\", \"attributes\": {\"step\": null, \"low\": 1.5, \"high\": 10000.0, \"log\": true}}"}
{"op_code":8,"worker_id":"9384e809-abf4-403d-bdbd-f49ce91e8240-23408","trial_id":79,"user_attr":{"deflated_objective":-1.6920617839744898}}
{"op_code":5,"worker_id":"ace74cf0-cf24-4ef2-9d45-681e3d86605c-11668","trial_id":83,"param_name":"huber_delta","param_value_internal":2.204275009070787,"distribution":"{\"name\": \"FloatDistribution\", \"attributes\": {\"step\": null, \"low\": 0.5, \"high\": 5.0, \"log\": false}}"}
{"op_code":9,"worker_id":"9384e809-abf4-403d-bdbd-f49ce91e8240-23408","trial_id":79,"system_attr":{"constraints":[-0.009568248523672215,0.02231173574738087,0.0,0.0693939393939394,0.0005209113184884539,-53.0,-8.0,0.05176949917518736,0.09999999999999998,-1371.5268864291734,0.04130434782608694,0.03031746031746041]}}
{"op_code":8,"worker_id":"1e58553e-f8ee-4539-90d9-d3a4adc592be-6576","trial_id":80,"user_attr":{"constraints":[-0.010995692101113525,0.025234133198818974,0.0,0.06212121212121213,0.004475232493870223,-44.0,-8.0,0.06092927093835926,0.09999999999999998,-1413.475356015865,0.032971014492753636,0.03031746031746041]}}
{"op_code":6,"worker_id":"4d027a54-1dcf-4384-b787-232185b8c034-8436","trial_id":71,"state":1,"values":[-0.853397714090603],"datetime_complete":"2026-07-14T11:44:16.442283"}
{"op_code":6,"worker_id":"9384e809-abf4-403d-bdbd-f49ce91e8240-23408","trial_id":79,"state":1,"values":[-1.1750358749903012],"datetime_complete":"2026-07-14T11:44:16.572767"}
{"op_code":8,"worker_id":"1e58553e-f8ee-4539-90d9-d3a4adc592be-6576","trial_id":80,"user_attr":{"pruned_reasons":["M2 (Yearly Tail IC Mean <= 0)","M5 (Monotonicity <= 0.25)","M6 (Top-Bottom Spread <= 0)","Side-specific Yearly Tail IC Mean (-0.0609 <= 0)","Side-specific Hit Rate (40.00% < 50%)","Yearly Daily Win Rate (41.70% < 45%)","Side-specific Yearly Daily Win Rate (41.97% < 45%)"]}}
{"op_code":8,"worker_id":"1e58553e-f8ee-4539-90d9-d3a4adc592be-6576","trial_id":80,"user_attr":{"gini":0.36355467047630086}}
{"op_code":8,"worker_id":"1e58553e-f8ee-4539-90d9-d3a4adc592be-6576","trial_id":80,"user_attr":{"cv_is_ics":[0.11216597259044647,0.09954368323087692,0.08640141785144806,0.08008892089128494,0.11492092907428741,0.13334709405899048,0.09254759550094604,0.12969417870044708,0.11396945267915726,0.11699648946523666,0.1083793044090271,0.10908015072345734,0.09259200841188431,0.08904381841421127,0.09209319204092026]}}
{"op_code":8,"worker_id":"1e58553e-f8ee-4539-90d9-d3a4adc592be-6576","trial_id":80,"user_attr":{"cv_oos_ics":[0.0153218237683177,0.014301246963441372,-0.055255088955163956,0.007164896000176668,-0.015536443330347538,-0.017351340502500534,0.006413895171135664,-0.02720356546342373,0.019077736884355545,0.03387653827667236,0.03209579363465309,0.024657370522618294,0.06589280068874359,0.08187434822320938,0.035903722047805786]}}
{"op_code":8,"worker_id":"fe9bcdfb-cd91-47a9-9c0e-bc2b558c3fef-7108","trial_id":81,"user_attr":{"constraints":[-0.010937649870133157,0.020589050918576726,0.0,0.04272727272727278,-0.0012149373769831996,-41.0,-8.0,0.04833631440999179,0.09999999999999998,-1428.4029735829104,0.032971014492753636,0.0303174603174603]}}
{"op_code":8,"worker_id":"fe9bcdfb-cd91-47a9-9c0e-bc2b558c3fef-7108","trial_id":81,"user_attr":{"pruned_reasons":["M2 (Yearly Tail IC Mean <= 0)","M5 (Monotonicity <= 0.25)","Side-specific Yearly Tail IC Mean (-0.0483 <= 0)","Side-specific Hit Rate (40.00% < 50%)","Yearly Daily Win Rate (41.70% < 45%)","Side-specific Yearly Daily Win Rate (41.97% < 45%)"]}}
{"op_code":8,"worker_id":"fe9bcdfb-cd91-47a9-9c0e-bc2b558c3fef-7108","trial_id":81,"user_attr":{"gini":0.36551043199809063}}
{"op_code":8,"worker_id":"fe9bcdfb-cd91-47a9-9c0e-bc2b558c3fef-7108","trial_id":81,"user_attr":{"cv_is_ics":[0.112393818795681,0.09966670721769333,0.08572478592395782,0.07980626821517944,0.1156662255525589,0.1329597383737564,0.09316760301589966,0.129456028342247,0.11372831463813782,0.11731495708227158,0.1127830371260643,0.10913988947868347,0.0918922945857048,0.08839602768421173,0.0922604575753212]}}
{"op_code":4,"worker_id":"9384e809-abf4-403d-bdbd-f49ce91e8240-23408","study_id":0,"datetime_start":"2026-07-14T11:44:16.576238"}
{"op_code":4,"worker_id":"f9fc3d08-facc-437b-92bf-5ad353ded99a-8436","study_id":0,"datetime_start":"2026-07-14T11:44:16.584495"}
{"op_code":8,"worker_id":"fe9bcdfb-cd91-47a9-9c0e-bc2b558c3fef-7108","trial_id":81,"user_attr":{"cv_oos_ics":[0.012929870747029781,0.018047772347927094,-0.056173231452703476,0.007654932327568531,-0.016604943200945854,-0.016782086342573166,0.007384713739156723,-0.02804582379758358,0.017325790598988533,0.03572065383195877,0.032994210720062256,0.026249360293149948,0.06624773144721985,0.08148293942213058,0.037167713046073914]}}
{"op_code":5,"worker_id":"f9fc3d08-facc-437b-92bf-5ad353ded99a-8436","trial_id":85,"param_name":"k_weight","param_value_internal":1.2212282039726374,"distribution":"{\"name\": \"FloatDistribution\", \"attributes\": {\"step\": null, \"low\": 0.0, \"high\": 1.5, \"log\": false}}"}
{"op_code":8,"worker_id":"1e58553e-f8ee-4539-90d9-d3a4adc592be-6576","trial_id":80,"user_attr":{"reg_kappa":3.504242983158409}}
{"op_code":5,"worker_id":"f9fc3d08-facc-437b-92bf-5ad353ded99a-8436","trial_id":85,"param_name":"unified_alpha","param_value_internal":1.527175942174125e-05,"distribution":"{\"name\": \"FloatDistribution\", \"attributes\": {\"step\": null, \"low\": 1e-05, \"high\": 10.0, \"log\": true}}"}
{"op_code":5,"worker_id":"9384e809-abf4-403d-bdbd-f49ce91e8240-23408","trial_id":84,"param_name":"k_weight","param_value_internal":1.2300616775069715,"distribution":"{\"name\": \"FloatDistribution\", \"attributes\": {\"step\": null, \"low\": 0.0, \"high\": 1.5, \"log\": false}}"}
{"op_code":5,"worker_id":"9384e809-abf4-403d-bdbd-f49ce91e8240-23408","trial_id":84,"param_name":"unified_alpha","param_value_internal":0.006502007953602868,"distribution":"{\"name\": \"FloatDistribution\", \"attributes\": {\"step\": null, \"low\": 1e-05, \"high\": 10.0, \"log\": true}}"}
{"op_code":8,"worker_id":"1e58553e-f8ee-4539-90d9-d3a4adc592be-6576","trial_id":80,"user_attr":{"raw_metrics":[-0.1726447818096236,-0.025234133198818974,0.6,0.010995692101113525,0.18787878787878787,-0.004475232493870223,-0.22797208869276844,-0.3260512351989746,0.4170289855072464]}}
{"op_code":5,"worker_id":"9384e809-abf4-403d-bdbd-f49ce91e8240-23408","trial_id":84,"param_name":"unified_rho","param_value_internal":0.31371324498507464,"distribution":"{\"name\": \"FloatDistribution\", \"attributes\": {\"step\": null, \"low\": 0.0, \"high\": 1.0, \"log\": false}}"}
{"op_code":8,"worker_id":"fe9bcdfb-cd91-47a9-9c0e-bc2b558c3fef-7108","trial_id":81,"user_attr":{"reg_kappa":3.579257557226446}}
{"op_code":8,"worker_id":"1e58553e-f8ee-4539-90d9-d3a4adc592be-6576","trial_id":80,"user_attr":{"val_metrics":[-0.0021606184220912083,-0.1991415019560416,0.16363636363636364,-0.13441376730907653,-5.930084550569081]}}
{"op_code":5,"worker_id":"9384e809-abf4-403d-bdbd-f49ce91e8240-23408","trial_id":84,"param_name":"unified_gamma","param_value_internal":8.829544629863504,"distribution":"{\"name\": \"FloatDistribution\", \"attributes\": {\"step\": null, \"low\": 1.5, \"high\": 10000.0, \"log\": true}}"}
{"op_code":5,"worker_id":"f9fc3d08-facc-437b-92bf-5ad353ded99a-8436","trial_id":85,"param_name":"unified_rho","param_value_internal":0.3067762300041971,"distribution":"{\"name\": \"FloatDistribution\", \"attributes\": {\"step\": null, \"low\": 0.0, \"high\": 1.0, \"log\": false}}"}
{"op_code":5,"worker_id":"9384e809-abf4-403d-bdbd-f49ce91e8240-23408","trial_id":84,"param_name":"huber_delta","param_value_internal":2.1706964758782483,"distribution":"{\"name\": \"FloatDistribution\", \"attributes\": {\"step\": null, \"low\": 0.5, \"high\": 5.0, \"log\": false}}"}
{"op_code":5,"worker_id":"f9fc3d08-facc-437b-92bf-5ad353ded99a-8436","trial_id":85,"param_name":"unified_gamma","param_value_internal":7.889642390971078,"distribution":"{\"name\": \"FloatDistribution\", \"attributes\": {\"step\": null, \"low\": 1.5, \"high\": 10000.0, \"log\": true}}"}
{"op_code":8,"worker_id":"1e58553e-f8ee-4539-90d9-d3a4adc592be-6576","trial_id":80,"user_attr":{"deflated_objective":-1.5785826102570115}}
{"op_code":9,"worker_id":"1e58553e-f8ee-4539-90d9-d3a4adc592be-6576","trial_id":80,"system_attr":{"constraints":[-0.010995692101113525,0.025234133198818974,0.0,0.06212121212121213,0.004475232493870223,-44.0,-8.0,0.06092927093835926,0.09999999999999998,-1413.475356015865,0.032971014492753636,0.03031746031746041]}}
{"op_code":6,"worker_id":"1e58553e-f8ee-4539-90d9-d3a4adc592be-6576","trial_id":80,"state":1,"values":[-1.0717705073802857],"datetime_complete":"2026-07-14T11:44:16.607391"}
{"op_code":5,"worker_id":"f9fc3d08-facc-437b-92bf-5ad353ded99a-8436","trial_id":85,"param_name":"huber_delta","param_value_internal":2.167403474714278,"distribution":"{\"name\": \"FloatDistribution\", \"attributes\": {\"step\": null, \"low\": 0.5, \"high\": 5.0, \"log\": false}}"}
{"op_code":8,"worker_id":"76282615-96f7-42f7-adfa-efb583aee711-27448","trial_id":78,"user_attr":{"gini":0.3550280288791887}}
{"op_code":8,"worker_id":"ace74cf0-cf24-4ef2-9d45-681e3d86605c-11668","trial_id":83,"user_attr":{"constraints":[-0.00772302501383987,0.012473942132500027,0.0,0.040303030303030285,-0.04709113926728422,-64.0,-8.0,0.04578923349747519,-0.09999999999999998,-1331.5624816255972,0.024456521739130488,0.024761904761904763]}}
{"op_code":8,"worker_id":"76282615-96f7-42f7-adfa-efb583aee711-27448","trial_id":78,"user_attr":{"cv_is_ics":[0.11241045594215393,0.10064151883125305,0.08999776840209961,0.07988157123327255,0.11632102727890015,0.13815432786941528,0.09624060988426208,0.13429725170135498,0.11704077571630478,0.12118279188871384,0.11436069011688232,0.1106223315000534,0.09476996213197708,0.08882519602775574,0.09345321357250214]}}
{"op_code":8,"worker_id":"76282615-96f7-42f7-adfa-efb583aee711-27448","trial_id":78,"user_attr":{"cv_oos_ics":[0.01074307318776846,0.015702858567237854,-0.05392393097281456,0.010130029171705246,-0.011205277405679226,-0.01420681644231081,0.0092013506218791,-0.03396284952759743,0.016375292092561722,0.0347515232861042,0.031716808676719666,0.02873152680695057,0.05739262327551842,0.08280438184738159,0.03452497348189354]}}
{"op_code":8,"worker_id":"76282615-96f7-42f7-adfa-efb583aee711-27448","trial_id":78,"user_attr":{"reg_kappa":3.402740865493535}}
{"op_code":8,"worker_id":"76282615-96f7-42f7-adfa-efb583aee711-27448","trial_id":78,"user_attr":{"raw_metrics":[-0.1679339497072766,-0.02697456206539724,0.6,0.009638571791221165,0.10787878787878787,-0.0055545304662003745,-0.18129964702874557,-0.29124435782432556,0.41286231884057967]}}
{"op_code":8,"worker_id":"76282615-96f7-42f7-adfa-efb583aee711-27448","trial_id":78,"user_attr":{"val_metrics":[-0.003240488125727925,-0.15940627081819708,0.15151515151515152,-0.04236632358768713,-6.653376960494141]}}
{"op_code":8,"worker_id":"ace74cf0-cf24-4ef2-9d45-681e3d86605c-11668","trial_id":83,"user_attr":{"pruned_reasons":["M2 (Yearly Tail IC Mean <= 0)","M5 (Monotonicity <= 0.25)","Side-specific Yearly Tail IC Mean (-0.0458 <= 0)","Yearly Daily Win Rate (42.55% < 45%)","Side-specific Yearly Daily Win Rate (42.52% < 45%)"]}}
{"op_code":8,"worker_id":"ace74cf0-cf24-4ef2-9d45-681e3d86605c-11668","trial_id":83,"user_attr":{"gini":0.35010345149135036}}
{"op_code":8,"worker_id":"76282615-96f7-42f7-adfa-efb583aee711-27448","trial_id":78,"user_attr":{"deflated_objective":-1.8509069996459695}}
{"op_code":9,"worker_id":"76282615-96f7-42f7-adfa-efb583aee711-27448","trial_id":78,"system_attr":{"constraints":[-0.009638571791221165,0.02697456206539724,0.0,0.14212121212121215,0.0055545304662003745,-54.0,-7.0,0.04146364826422938,0.09999999999999998,-1372.272746652817,0.037137681159420344,0.03047619047619049]}}
{"op_code":6,"worker_id":"76282615-96f7-42f7-adfa-efb583aee711-27448","trial_id":78,"state":1,"values":[-1.3465134870501825],"datetime_complete":"2026-07-14T11:44:16.625663"}
{"op_code":8,"worker_id":"ace74cf0-cf24-4ef2-9d45-681e3d86605c-11668","trial_id":83,"user_attr":{"cv_is_ics":[0.10882037878036499,0.10316481441259384,0.08787563443183899,0.08227133750915527,0.11577479541301727,0.13384582102298737,0.08845551311969757,0.1266559362411499,0.113055519759655,0.11873003095388412,0.10385864228010178,0.10840053111314774,0.0956607535481453,0.08996634185314178,0.09261377900838852]}}
{"op_code":8,"worker_id":"ace74cf0-cf24-4ef2-9d45-681e3d86605c-11668","trial_id":83,"user_attr":{"cv_oos_ics":[0.012089889496564865,0.010389999486505985,-0.05451533570885658,0.006655212491750717,-0.012776833027601242,-0.020252523943781853,0.005214857868850231,-0.024239571765065193,0.019445005804300308,0.028736867010593414,0.03228987380862236,0.02322547510266304,0.060407016426324844,0.08479882031679153,0.034219808876514435]}}
{"op_code":8,"worker_id":"ace74cf0-cf24-4ef2-9d45-681e3d86605c-11668","trial_id":83,"user_attr":{"reg_kappa":3.336848513562891}}
{"op_code":8,"worker_id":"ace74cf0-cf24-4ef2-9d45-681e3d86605c-11668","trial_id":83,"user_attr":{"raw_metrics":[-0.09817776274475916,-0.012473942132500027,0.6,0.00772302501383987,0.20969696969696972,0.04709113926728422,-0.16769873169133967,-0.26088258624076843,0.4255434782608695]}}
{"op_code":8,"worker_id":"fe9bcdfb-cd91-47a9-9c0e-bc2b558c3fef-7108","trial_id":81,"user_attr":{"raw_metrics":[-0.13562846522323874,-0.020589050918576726,0.6,0.010937649870133157,0.20727272727272722,0.0012149373769831996,-0.23997087568013667,-0.347561240196228,0.4170289855072464]}}
{"op_code":8,"worker_id":"ace74cf0-cf24-4ef2-9d45-681e3d86605c-11668","trial_id":83,"user_attr":{"val_metrics":[-0.012178750300274082,-0.2663672041231625,0.1393939393939394,0.008275996728300844,-5.468530661653849]}}
{"op_code":8,"worker_id":"fe9bcdfb-cd91-47a9-9c0e-bc2b558c3fef-7108","trial_id":81,"user_attr":{"val_metrics":[-0.0017070467761192542,-0.26634044128354384,0.15151515151515152,-0.10879753624507482,-6.6248814630718265]}}
{"op_code":8,"worker_id":"cc6f47f2-1d8f-4307-bde2-02812aaab5da-19176","trial_id":69,"user_attr":{"cv_is_ics":[0.10664991289377213,0.1002834364771843,0.08561497181653976,0.08223987370729446,0.11211341619491577,0.12437311559915543,0.07921245694160461,0.11512391269207001,0.11183556169271469,0.11578106880187988,0.09467782825231552,0.10185752809047699,0.08611435443162918,0.0898614451289177,0.08807345479726791]}}
{"op_code":9,"worker_id":"c58988b4-3fba-4122-a9ef-d1a6ab091ad4-12024","trial_id":38,"system_attr":{"constraints":[-0.008991860111131737,0.03129682667587673,0.0,0.0790909090909091,-0.01013691626755513,-73.0,-8.0,0.016189963273259944,0.09999999999999998,-1305.6565029639432,0.04547101449275365,0.030634920634920626]}}
{"op_code":8,"worker_id":"cc6f47f2-1d8f-4307-bde2-02812aaab5da-19176","trial_id":69,"user_attr":{"cv_oos_ics":[0.021065728738904,0.007807391230016947,-0.05449996143579483,0.005887697450816631,-0.01919517293572426,-0.03698379546403885,-0.002594259800389409,-0.014682439155876637,0.011937558650970459,0.02030051499605179,0.038382865488529205,0.020806143060326576,0.07034356147050858,0.08400782197713852,0.0352214053273201]}}
{"op_code":8,"worker_id":"cc6f47f2-1d8f-4307-bde2-02812aaab5da-19176","trial_id":69,"user_attr":{"reg_kappa":3.3829038610833075}}
{"op_code":8,"worker_id":"cc6f47f2-1d8f-4307-bde2-02812aaab5da-19176","trial_id":69,"user_attr":{"raw_metrics":[-0.06786124326244272,-0.008986498354454489,0.4,0.009771263920001126,0.10303030303030303,0.0372746441266387,-0.18175906717401824,-0.2801101803779602,0.4211956521739131]}}
{"op_code":8,"worker_id":"cc6f47f2-1d8f-4307-bde2-02812aaab5da-19176","trial_id":69,"user_attr":{"val_metrics":[-0.008297020864979217,-0.07835688506991047,0.04242424242424243,0.003604280988456332,-6.166211921488498]}}
{"op_code":6,"worker_id":"c58988b4-3fba-4122-a9ef-d1a6ab091ad4-12024","trial_id":38,"state":1,"values":[-0.6829897929271166],"datetime_complete":"2026-07-14T11:44:16.644018"}
{"op_code":8,"worker_id":"ace74cf0-cf24-4ef2-9d45-681e3d86605c-11668","trial_id":83,"user_attr":{"deflated_objective":-1.4160548784327207}}
{"op_code":8,"worker_id":"f9fc3d08-facc-437b-92bf-5ad353ded99a-8436","trial_id":85,"user_attr":{"constraints":[-0.010937642669463527,0.005889259206956872,0.0,0.0790909090909091,-0.028338266564416136,-43.0,-8.0,0.04638746283451107,-0.09999999999999998,-1417.4274935858202,0.032971014492753636,0.024761904761904763]}}
{"op_code":9,"worker_id":"ace74cf0-cf24-4ef2-9d45-681e3d86605c-11668","trial_id":83,"system_attr":{"constraints":[-0.00772302501383987,0.012473942132500027,0.0,0.040303030303030285,-0.04709113926728422,-64.0,-8.0,0.04578923349747519,-0.09999999999999998,-1331.5624816255972,0.024456521739130488,0.024761904761904763]}}
{"op_code":6,"worker_id":"ace74cf0-cf24-4ef2-9d45-681e3d86605c-11668","trial_id":83,"state":1,"values":[-0.9174652883085327],"datetime_complete":"2026-07-14T11:44:16.650718"}
{"op_code":8,"worker_id":"9384e809-abf4-403d-bdbd-f49ce91e8240-23408","trial_id":84,"user_attr":{"constraints":[-0.010506634459813157,0.006418167843335656,0.0,0.08393939393939392,-0.04458532122076279,-42.0,-8.0,0.04982459180138558,-0.09999999999999998,-1420.0567391176082,0.02880434782608693,0.024761904761904763]}}
{"op_code":8,"worker_id":"cc6f47f2-1d8f-4307-bde2-02812aaab5da-19176","trial_id":69,"user_attr":{"deflated_objective":-1.6295536589560464}}
{"op_code":8,"worker_id":"f9fc3d08-facc-437b-92bf-5ad353ded99a-8436","trial_id":85,"user_attr":{"pruned_reasons":["M2 (Yearly Tail IC Mean <= 0)","M5 (Monotonicity <= 0.25)","Side-specific Yearly Tail IC Mean (-0.0464 <= 0)","Yearly Daily Win Rate (41.70% < 45%)","Side-specific Yearly Daily Win Rate (42.52% < 45%)"]}}
{"op_code":8,"worker_id":"9384e809-abf4-403d-bdbd-f49ce91e8240-23408","trial_id":84,"user_attr":{"pruned_reasons":["M2 (Yearly Tail IC Mean <= 0)","M5 (Monotonicity <= 0.25)","Side-specific Yearly Tail IC Mean (-0.0498 <= 0)","Yearly Daily Win Rate (42.12% < 45%)","Side-specific Yearly Daily Win Rate (42.52% < 45%)"]}}
{"op_code":9,"worker_id":"cc6f47f2-1d8f-4307-bde2-02812aaab5da-19176","trial_id":69,"system_attr":{"constraints":[-0.009771263920001126,0.008986498354454489,0.19999999999999996,0.14696969696969697,-0.0372746441266387,-58.0,-8.0,0.039552734203191685,-0.09999999999999998,-1351.9635850915533,0.02880434782608693,0.04142857142857148]}}
{"op_code":8,"worker_id":"fe9bcdfb-cd91-47a9-9c0e-bc2b558c3fef-7108","trial_id":81,"user_attr":{"deflated_objective":-1.8798729923305784}}
{"op_code":9,"worker_id":"fe9bcdfb-cd91-47a9-9c0e-bc2b558c3fef-7108","trial_id":81,"system_attr":{"constraints":[-0.010937649870133157,0.020589050918576726,0.0,0.04272727272727278,-0.0012149373769831996,-41.0,-8.0,0.04833631440999179,0.09999999999999998,-1428.4029735829104,0.032971014492753636,0.0303174603174603]}}
{"op_code":6,"worker_id":"fe9bcdfb-cd91-47a9-9c0e-bc2b558c3fef-7108","trial_id":81,"state":1,"values":[-1.3777356121293123],"datetime_complete":"2026-07-14T11:44:16.659679"}
{"op_code":4,"worker_id":"e4e75cfa-068b-41c6-b7ac-f79635255839-11668","study_id":0,"datetime_start":"2026-07-14T11:44:16.660758"}
{"op_code":5,"worker_id":"10fcd449-f467-4e34-9a12-2e639571d95d-18156","trial_id":82,"param_name":"unified_alpha","param_value_internal":0.005576275518560983,"distribution":"{\"name\": \"FloatDistribution\", \"attributes\": {\"step\": null, \"low\": 1e-05, \"high\": 10.0, \"log\": true}}"}
{"op_code":8,"worker_id":"f9fc3d08-facc-437b-92bf-5ad353ded99a-8436","trial_id":85,"user_attr":{"gini":0.3652271350728604}}
{"op_code":5,"worker_id":"e4e75cfa-068b-41c6-b7ac-f79635255839-11668","trial_id":86,"param_name":"k_weight","param_value_internal":0.8280259518384885,"distribution":"{\"name\": \"FloatDistribution\", \"attributes\": {\"step\": null, \"low\": 0.0, \"high\": 1.5, \"log\": false}}"}
{"op_code":5,"worker_id":"10fcd449-f467-4e34-9a12-2e639571d95d-18156","trial_id":82,"param_name":"unified_rho","param_value_internal":0.32478691843664764,"distribution":"{\"name\": \"FloatDistribution\", \"attributes\": {\"step\": null, \"low\": 0.0, \"high\": 1.0, \"log\": false}}"}
{"op_code":8,"worker_id":"f9fc3d08-facc-437b-92bf-5ad353ded99a-8436","trial_id":85,"user_attr":{"cv_is_ics":[0.10946603864431381,0.09896612167358398,0.08362322300672531,0.0813382938504219,0.11251088976860046,0.12714318931102753,0.08640564978122711,0.12002763152122498,0.10986094921827316,0.11484065651893616,0.0979875847697258,0.10602736473083496,0.08893981575965881,0.08918018639087677,0.08950217068195343]}}
{"op_code":5,"worker_id":"10fcd449-f467-4e34-9a12-2e639571d95d-18156","trial_id":82,"param_name":"unified_gamma","param_value_internal":9.216904893296663,"distribution":"{\"name\": \"FloatDistribution\", \"attributes\": {\"step\": null, \"low\": 1.5, \"high\": 10000.0, \"log\": true}}"}
{"op_code":8,"worker_id":"f9fc3d08-facc-437b-92bf-5ad353ded99a-8436","trial_id":85,"user_attr":{"cv_oos_ics":[0.017896153032779694,0.01610499434173107,-0.05706816539168358,0.00631679967045784,-0.019951874390244484,-0.02738126739859581,0.002076176693663001,-0.016840051859617233,0.019259536638855934,0.03109533153474331,0.036003511399030685,0.020751425996422768,0.07004842907190323,0.08260437101125717,0.03633803874254227]}}
{"op_code":8,"worker_id":"f9fc3d08-facc-437b-92bf-5ad353ded99a-8436","trial_id":85,"user_attr":{"reg_kappa":3.552387700800822}}
{"op_code":5,"worker_id":"10fcd449-f467-4e34-9a12-2e639571d95d-18156","trial_id":82,"param_name":"huber_delta","param_value_internal":2.234567025436462,"distribution":"{\"name\": \"FloatDistribution\", \"attributes\": {\"step\": null, \"low\": 0.5, \"high\": 5.0, \"log\": false}}"}
{"op_code":8,"worker_id":"f9fc3d08-facc-437b-92bf-5ad353ded99a-8436","trial_id":85,"user_attr":{"raw_metrics":[-0.04539543424236023,-0.005889259206956872,0.6,0.010937642669463527,0.1709090909090909,0.028338266564416136,-0.23114517404942556,-0.3393634557723999,0.4170289855072464]}}
{"op_code":6,"worker_id":"cc6f47f2-1d8f-4307-bde2-02812aaab5da-19176","trial_id":69,"state":1,"values":[-1.1306424613532138],"datetime_complete":"2026-07-14T11:44:16.657374"}
{"op_code":8,"worker_id":"f9fc3d08-facc-437b-92bf-5ad353ded99a-8436","trial_id":85,"user_attr":{"val_metrics":[-0.006994320905036512,-0.03805498578439981,-0.06666666666666667,-0.041435275392174925,-7.0373027292184]}}
{"op_code":8,"worker_id":"f9fc3d08-facc-437b-92bf-5ad353ded99a-8436","trial_id":85,"user_attr":{"deflated_objective":-1.9634634187210376}}
{"op_code":9,"worker_id":"f9fc3d08-facc-437b-92bf-5ad353ded99a-8436","trial_id":85,"system_attr":{"constraints":[-0.010937642669463527,0.005889259206956872,0.0,0.0790909090909091,-0.028338266564416136,-43.0,-8.0,0.04638746283451107,-0.09999999999999998,-1417.4274935858202,0.032971014492753636,0.024761904761904763]}}
{"op_code":5,"worker_id":"e4e75cfa-068b-41c6-b7ac-f79635255839-11668","trial_id":86,"param_name":"unified_alpha","param_value_internal":1.0876841617354925e-05,"distribution":"{\"name\": \"FloatDistribution\", \"attributes\": {\"step\": null, \"low\": 1e-05, \"high\": 10.0, \"log\": true}}"}
{"op_code":4,"worker_id":"8b5d6ede-f14d-4a73-aa99-03443e2e8e1a-19176","study_id":0,"datetime_start":"2026-07-14T11:44:16.685685"}
{"op_code":5,"worker_id":"e4e75cfa-068b-41c6-b7ac-f79635255839-11668","trial_id":86,"param_name":"unified_rho","param_value_internal":0.3201828321756236,"distribution":"{\"name\": \"FloatDistribution\", \"attributes\": {\"step\": null, \"low\": 0.0, \"high\": 1.0, \"log\": false}}"}
{"op_code":6,"worker_id":"f9fc3d08-facc-437b-92bf-5ad353ded99a-8436","trial_id":85,"state":1,"values":[-1.4737368456097573],"datetime_complete":"2026-07-14T11:44:16.684379"}
{"op_code":5,"worker_id":"e4e75cfa-068b-41c6-b7ac-f79635255839-11668","trial_id":86,"param_name":"unified_gamma","param_value_internal":35.133466276052026,"distribution":"{\"name\": \"FloatDistribution\", \"attributes\": {\"step\": null, \"low\": 1.5, \"high\": 10000.0, \"log\": true}}"}
{"op_code":4,"worker_id":"f9fc3d08-facc-437b-92bf-5ad353ded99a-8436","study_id":0,"datetime_start":"2026-07-14T11:44:16.690318"}
{"op_code":5,"worker_id":"e4e75cfa-068b-41c6-b7ac-f79635255839-11668","trial_id":86,"param_name":"huber_delta","param_value_internal":2.246085484482737,"distribution":"{\"name\": \"FloatDistribution\", \"attributes\": {\"step\": null, \"low\": 0.5, \"high\": 5.0, \"log\": false}}"}
{"op_code":5,"worker_id":"f9fc3d08-facc-437b-92bf-5ad353ded99a-8436","trial_id":88,"param_name":"k_weight","param_value_internal":0.8828532632057208,"distribution":"{\"name\": \"FloatDistribution\", \"attributes\": {\"step\": null, \"low\": 0.0, \"high\": 1.5, \"log\": false}}"}
{"op_code":4,"worker_id":"76282615-96f7-42f7-adfa-efb583aee711-27448","study_id":0,"datetime_start":"2026-07-14T11:44:16.627900"}
{"op_code":5,"worker_id":"f9fc3d08-facc-437b-92bf-5ad353ded99a-8436","trial_id":88,"param_name":"unified_alpha","param_value_internal":1.8760688566010582e-05,"distribution":"{\"name\": \"FloatDistribution\", \"attributes\": {\"step\": null, \"low\": 1e-05, \"high\": 10.0, \"log\": true}}"}
{"op_code":5,"worker_id":"76282615-96f7-42f7-adfa-efb583aee711-27448","trial_id":89,"param_name":"k_weight","param_value_internal":0.8674814529590307,"distribution":"{\"name\": \"FloatDistribution\", \"attributes\": {\"step\": null, \"low\": 0.0, \"high\": 1.5, \"log\": false}}"}
{"op_code":4,"worker_id":"2b8c712a-96bd-4fa2-b239-dcb7f0888cee-6576","study_id":0,"datetime_start":"2026-07-14T11:44:16.694191"}
{"op_code":5,"worker_id":"76282615-96f7-42f7-adfa-efb583aee711-27448","trial_id":89,"param_name":"unified_alpha","param_value_internal":1.5361176944904496e-05,"distribution":"{\"name\": \"FloatDistribution\", \"attributes\": {\"step\": null, \"low\": 1e-05, \"high\": 10.0, \"log\": true}}"}
{"op_code":5,"worker_id":"2b8c712a-96bd-4fa2-b239-dcb7f0888cee-6576","trial_id":90,"param_name":"k_weight","param_value_internal":0.885478090064183,"distribution":"{\"name\": \"FloatDistribution\", \"attributes\": {\"step\": null, \"low\": 0.0, \"high\": 1.5, \"log\": false}}"}
{"op_code":5,"worker_id":"2b8c712a-96bd-4fa2-b239-dcb7f0888cee-6576","trial_id":90,"param_name":"unified_alpha","param_value_internal":1.0185604955777523e-05,"distribution":"{\"name\": \"FloatDistribution\", \"attributes\": {\"step\": null, \"low\": 1e-05, \"high\": 10.0, \"log\": true}}"}
{"op_code":5,"worker_id":"2b8c712a-96bd-4fa2-b239-dcb7f0888cee-6576","trial_id":90,"param_name":"unified_rho","param_value_internal":0.33093595764921563,"distribution":"{\"name\": \"FloatDistribution\", \"attributes\": {\"step\": null, \"low\": 0.0, \"high\": 1.0, \"log\": false}}"}
{"op_code":5,"worker_id":"76282615-96f7-42f7-adfa-efb583aee711-27448","trial_id":89,"param_name":"unified_rho","param_value_internal":0.328705086684434,"distribution":"{\"name\": \"FloatDistribution\", \"attributes\": {\"step\": null, \"low\": 0.0, \"high\": 1.0, \"log\": false}}"}
{"op_code":5,"worker_id":"2b8c712a-96bd-4fa2-b239-dcb7f0888cee-6576","trial_id":90,"param_name":"unified_gamma","param_value_internal":31.37760232388142,"distribution":"{\"name\": \"FloatDistribution\", \"attributes\": {\"step\": null, \"low\": 1.5, \"high\": 10000.0, \"log\": true}}"}
{"op_code":5,"worker_id":"8b5d6ede-f14d-4a73-aa99-03443e2e8e1a-19176","trial_id":87,"param_name":"k_weight","param_value_internal":0.877043972955863,"distribution":"{\"name\": \"FloatDistribution\", \"attributes\": {\"step\": null, \"low\": 0.0, \"high\": 1.5, \"log\": false}}"}
{"op_code":5,"worker_id":"76282615-96f7-42f7-adfa-efb583aee711-27448","trial_id":89,"param_name":"unified_gamma","param_value_internal":6.561496350619004,"distribution":"{\"name\": \"FloatDistribution\", \"attributes\": {\"step\": null, \"low\": 1.5, \"high\": 10000.0, \"log\": true}}"}
{"op_code":5,"worker_id":"8b5d6ede-f14d-4a73-aa99-03443e2e8e1a-19176","trial_id":87,"param_name":"unified_alpha","param_value_internal":8.99731886654177e-05,"distribution":"{\"name\": \"FloatDistribution\", \"attributes\": {\"step\": null, \"low\": 1e-05, \"high\": 10.0, \"log\": true}}"}
{"op_code":5,"worker_id":"76282615-96f7-42f7-adfa-efb583aee711-27448","trial_id":89,"param_name":"huber_delta","param_value_internal":2.224063213346328,"distribution":"{\"name\": \"FloatDistribution\", \"attributes\": {\"step\": null, \"low\": 0.5, \"high\": 5.0, \"log\": false}}"}
{"op_code":5,"worker_id":"8b5d6ede-f14d-4a73-aa99-03443e2e8e1a-19176","trial_id":87,"param_name":"unified_rho","param_value_internal":0.3140056125868192,"distribution":"{\"name\": \"FloatDistribution\", \"attributes\": {\"step\": null, \"low\": 0.0, \"high\": 1.0, \"log\": false}}"}
{"op_code":5,"worker_id":"f9fc3d08-facc-437b-92bf-5ad353ded99a-8436","trial_id":88,"param_name":"unified_rho","param_value_internal":0.32658449139405216,"distribution":"{\"name\": \"FloatDistribution\", \"attributes\": {\"step\": null, \"low\": 0.0, \"high\": 1.0, \"log\": false}}"}
{"op_code":8,"worker_id":"10fcd449-f467-4e34-9a12-2e639571d95d-18156","trial_id":82,"user_attr":{"constraints":[-0.009873292925023886,0.008880186732366341,0.0,0.10818181818181816,-0.03891036813011491,-42.0,-8.0,0.053486694979070847,-0.09999999999999998,-1419.2612570682202,0.032971014492753636,0.024761904761904763]}}
{"op_code":5,"worker_id":"f9fc3d08-facc-437b-92bf-5ad353ded99a-8436","trial_id":88,"param_name":"unified_gamma","param_value_internal":6.555113060415055,"distribution":"{\"name\": \"FloatDistribution\", \"attributes\": {\"step\": null, \"low\": 1.5, \"high\": 10000.0, \"log\": true}}"}
{"op_code":5,"worker_id":"2b8c712a-96bd-4fa2-b239-dcb7f0888cee-6576","trial_id":90,"param_name":"huber_delta","param_value_internal":2.219772294093697,"distribution":"{\"name\": \"FloatDistribution\", \"attributes\": {\"step\": null, \"low\": 0.5, \"high\": 5.0, \"log\": false}}"}
{"op_code":5,"worker_id":"8b5d6ede-f14d-4a73-aa99-03443e2e8e1a-19176","trial_id":87,"param_name":"unified_gamma","param_value_internal":6.744790372166088,"distribution":"{\"name\": \"FloatDistribution\", \"attributes\": {\"step\": null, \"low\": 1.5, \"high\": 10000.0, \"log\": true}}"}
{"op_code":5,"worker_id":"f9fc3d08-facc-437b-92bf-5ad353ded99a-8436","trial_id":88,"param_name":"huber_delta","param_value_internal":2.1945386840986347,"distribution":"{\"name\": \"FloatDistribution\", \"attributes\": {\"step\": null, \"low\": 0.5, \"high\": 5.0, \"log\": false}}"}
{"op_code":5,"worker_id":"8b5d6ede-f14d-4a73-aa99-03443e2e8e1a-19176","trial_id":87,"param_name":"huber_delta","param_value_internal":2.290104822870635,"distribution":"{\"name\": \"FloatDistribution\", \"attributes\": {\"step\": null, \"low\": 0.5, \"high\": 5.0, \"log\": false}}"}
{"op_code":8,"worker_id":"10fcd449-f467-4e34-9a12-2e639571d95d-18156","trial_id":82,"user_attr":{"pruned_reasons":["M2 (Yearly Tail IC Mean <= 0)","M5 (Monotonicity <= 0.25)","Side-specific Yearly Tail IC Mean (-0.0535 <= 0)","Yearly Daily Win Rate (41.70% < 45%)","Side-specific Yearly Daily Win Rate (42.52% < 45%)"]}}
{"op_code":8,"worker_id":"10fcd449-f467-4e34-9a12-2e639571d95d-18156","trial_id":82,"user_attr":{"gini":0.3663478248704135}}
{"op_code":8,"worker_id":"10fcd449-f467-4e34-9a12-2e639571d95d-18156","trial_id":82,"user_attr":{"cv_is_ics":[0.10914492607116699,0.09833801537752151,0.08348430693149567,0.08094898611307144,0.11244410276412964,0.12629041075706482,0.08492368459701538,0.11862249672412872,0.10988222807645798,0.11450169235467911,0.09735197573900223,0.10535223037004471,0.0882892981171608,0.0892951488494873,0.08889573812484741]}}
{"op_code":8,"worker_id":"10fcd449-f467-4e34-9a12-2e639571d95d-18156","trial_id":82,"user_attr":{"cv_oos_ics":[0.018420642241835594,0.014952651225030422,-0.05912540853023529,0.004074477590620518,-0.019759489223361015,-0.02850538119673729,0.0009847708279266953,-0.016029825434088707,0.016334641724824905,0.030238837003707886,0.03647834062576294,0.019240044057369232,0.06878504157066345,0.08292633295059204,0.0367254912853241]}}
{"op_code":8,"worker_id":"10fcd449-f467-4e34-9a12-2e639571d95d-18156","trial_id":82,"user_attr":{"reg_kappa":3.535183056291642}}
{"op_code":8,"worker_id":"10fcd449-f467-4e34-9a12-2e639571d95d-18156","trial_id":82,"user_attr":{"raw_metrics":[-0.06863860271146406,-0.008880186732366341,0.6,0.009873292925023886,0.14181818181818184,0.03891036813011491,-0.23259244941606727,-0.3376864492893219,0.4170289855072464]}}
{"op_code":8,"worker_id":"10fcd449-f467-4e34-9a12-2e639571d95d-18156","trial_id":82,"user_attr":{"val_metrics":[-0.006854118041601382,-0.05306968046548266,0.05454545454545454,-0.041435275392174925,-7.296406337923527]}}
{"op_code":4,"worker_id":"fb475078-253e-47ba-8e8b-07b1de45e433-12024","study_id":0,"datetime_start":"2026-07-14T11:44:16.735491"}
{"op_code":5,"worker_id":"fb475078-253e-47ba-8e8b-07b1de45e433-12024","trial_id":91,"param_name":"k_weight","param_value_internal":0.7965964806773046,"distribution":"{\"name\": \"FloatDistribution\", \"attributes\": {\"step\": null, \"low\": 0.0, \"high\": 1.5, \"log\": false}}"}
{"op_code":8,"worker_id":"10fcd449-f467-4e34-9a12-2e639571d95d-18156","trial_id":82,"user_attr":{"deflated_objective":-2.063946931417829}}
{"op_code":9,"worker_id":"10fcd449-f467-4e34-9a12-2e639571d95d-18156","trial_id":82,"system_attr":{"constraints":[-0.009873292925023886,0.008880186732366341,0.0,0.10818181818181816,-0.03891036813011491,-42.0,-8.0,0.053486694979070847,-0.09999999999999998,-1419.2612570682202,0.032971014492753636,0.024761904761904763]}}
{"op_code":6,"worker_id":"10fcd449-f467-4e34-9a12-2e639571d95d-18156","trial_id":82,"state":1,"values":[-1.5712489345469343],"datetime_complete":"2026-07-14T11:44:16.742931"}
{"op_code":4,"worker_id":"10fcd449-f467-4e34-9a12-2e639571d95d-18156","study_id":0,"datetime_start":"2026-07-14T11:44:16.744576"}
{"op_code":5,"worker_id":"10fcd449-f467-4e34-9a12-2e639571d95d-18156","trial_id":92,"param_name":"k_weight","param_value_internal":0.8996498754868301,"distribution":"{\"name\": \"FloatDistribution\", \"attributes\": {\"step\": null, \"low\": 0.0, \"high\": 1.5, \"log\": false}}"}
{"op_code":5,"worker_id":"10fcd449-f467-4e34-9a12-2e639571d95d-18156","trial_id":92,"param_name":"unified_alpha","param_value_internal":1.0079837956548106e-05,"distribution":"{\"name\": \"FloatDistribution\", \"attributes\": {\"step\": null, \"low\": 1e-05, \"high\": 10.0, \"log\": true}}"}
{"op_code":8,"worker_id":"76282615-96f7-42f7-adfa-efb583aee711-27448","trial_id":89,"user_attr":{"constraints":[-0.00698750589376163,0.012141765966677273,0.0,0.08151515151515151,-0.04706261355717832,-65.0,-8.0,0.04841398064290238,-0.09999999999999998,-1326.8942513487334,0.024456521739130488,0.024761904761904763]}}
{"op_code":5,"worker_id":"10fcd449-f467-4e34-9a12-2e639571d95d-18156","trial_id":92,"param_name":"unified_rho","param_value_internal":0.3956099860325558,"distribution":"{\"name\": \"FloatDistribution\", \"attributes\": {\"step\": null, \"low\": 0.0, \"high\": 1.0, \"log\": false}}"}
{"op_code":8,"worker_id":"de424a4d-923d-4b6f-936b-9250789a9477-22852","trial_id":45,"user_attr":{"pruned_reasons":["M2 (Yearly Tail IC Mean <= 0)","M3 (Hit Rate < 60%)","M5 (Monotonicity <= 0.25)","M6 (Top-Bottom Spread <= 0)","Yearly Daily Win Rate (40.02% < 45%)","Side-specific Yearly Daily Win Rate (41.97% < 45%)"]}}
{"op_code":5,"worker_id":"10fcd449-f467-4e34-9a12-2e639571d95d-18156","trial_id":92,"param_name":"unified_gamma","param_value_internal":6.8658780333772125,"distribution":"{\"name\": \"FloatDistribution\", \"attributes\": {\"step\": null, \"low\": 1.5, \"high\": 10000.0, \"log\": true}}"}
{"op_code":8,"worker_id":"76282615-96f7-42f7-adfa-efb583aee711-27448","trial_id":89,"user_attr":{"pruned_reasons":["M2 (Yearly Tail IC Mean <= 0)","M5 (Monotonicity <= 0.25)","Side-specific Yearly Tail IC Mean (-0.0484 <= 0)","Yearly Daily Win Rate (42.55% < 45%)","Side-specific Yearly Daily Win Rate (42.52% < 45%)"]}}
{"op_code":5,"worker_id":"10fcd449-f467-4e34-9a12-2e639571d95d-18156","trial_id":92,"param_name":"huber_delta","param_value_internal":2.02871418201551,"distribution":"{\"name\": \"FloatDistribution\", \"attributes\": {\"step\": null, \"low\": 0.5, \"high\": 5.0, \"log\": false}}"}
{"op_code":5,"worker_id":"fb475078-253e-47ba-8e8b-07b1de45e433-12024","trial_id":91,"param_name":"unified_alpha","param_value_internal":1.678521256415121e-05,"distribution":"{\"name\": \"FloatDistribution\", \"attributes\": {\"step\": null, \"low\": 1e-05, \"high\": 10.0, \"log\": true}}"}
{"op_code":8,"worker_id":"76282615-96f7-42f7-adfa-efb583aee711-27448","trial_id":89,"user_attr":{"gini":0.3482389299426214}}
{"op_code":8,"worker_id":"76282615-96f7-42f7-adfa-efb583aee711-27448","trial_id":89,"user_attr":{"cv_is_ics":[0.10873987525701523,0.10339847952127457,0.08821267634630203,0.08228589594364166,0.11601904034614563,0.13385897874832153,0.08815210312604904,0.12651751935482025,0.11330236494541168,0.11816424876451492,0.10374825447797775,0.10841387510299683,0.09585969895124435,0.09008827805519104,0.09262190759181976]}}
{"op_code":8,"worker_id":"f9fc3d08-facc-437b-92bf-5ad353ded99a-8436","trial_id":88,"user_attr":{"constraints":[-0.00778240380529009,0.011876899811326955,0.0,0.006363636363636349,-0.04709113926728422,-64.0,-8.0,0.04491407262231431,-0.09999999999999998,-1330.3370779425736,0.024456521739130488,0.024761904761904763]}}
{"op_code":8,"worker_id":"f9fc3d08-facc-437b-92bf-5ad353ded99a-8436","trial_id":88,"user_attr":{"pruned_reasons":["M2 (Yearly Tail IC Mean <= 0)","M5 (Monotonicity <= 0.25)","Side-specific Yearly Tail IC Mean (-0.0449 <= 0)","Yearly Daily Win Rate (42.55% < 45%)","Side-specific Yearly Daily Win Rate (42.52% < 45%)"]}}
{"op_code":8,"worker_id":"e4e75cfa-068b-41c6-b7ac-f79635255839-11668","trial_id":86,"user_attr":{"constraints":[-0.0067684653983040135,0.011759808185797502,0.0,0.03545454545454546,-0.05231831176121886,-68.0,-8.0,0.0578438300727518,-0.09999999999999998,-1318.2364488345834,0.024275362318840532,0.024761904761904763]}}
{"op_code":5,"worker_id":"fb475078-253e-47ba-8e8b-07b1de45e433-12024","trial_id":91,"param_name":"unified_rho","param_value_internal":0.33168682309617975,"distribution":"{\"name\": \"FloatDistribution\", \"attributes\": {\"step\": null, \"low\": 0.0, \"high\": 1.0, \"log\": false}}"}
{"op_code":8,"worker_id":"e4e75cfa-068b-41c6-b7ac-f79635255839-11668","trial_id":86,"user_attr":{"pruned_reasons":["M2 (Yearly Tail IC Mean <= 0)","M5 (Monotonicity <= 0.25)","Side-specific Yearly Tail IC Mean (-0.0578 <= 0)","Yearly Daily Win Rate (42.57% < 45%)","Side-specific Yearly Daily Win Rate (42.52% < 45%)"]}}
{"op_code":8,"worker_id":"e4e75cfa-068b-41c6-b7ac-f79635255839-11668","trial_id":86,"user_attr":{"gini":0.3450687090040758}}
{"op_code":8,"worker_id":"e4e75cfa-068b-41c6-b7ac-f79635255839-11668","trial_id":86,"user_attr":{"cv_is_ics":[0.10811295360326767,0.10361858457326889,0.08895602822303772,0.08266285061836243,0.1159883588552475,0.13437923789024353,0.08831918239593506,0.12725359201431274,0.11393571645021439,0.11864492297172546,0.10393022000789642,0.10825961828231812,0.09607157856225967,0.09021276235580444,0.09246105700731277]}}
{"op_code":8,"worker_id":"e4e75cfa-068b-41c6-b7ac-f79635255839-11668","trial_id":86,"user_attr":{"cv_oos_ics":[0.011777246370911598,0.007908454164862633,-0.054668668657541275,0.006237357389181852,-0.01228549238294363,-0.021358709782361984,0.005566226318478584,-0.024679778143763542,0.01898711919784546,0.026920419186353683,0.032519806176424026,0.025055227801203728,0.06060120835900307,0.08617714792490005,0.033189985901117325]}}
{"op_code":8,"worker_id":"76282615-96f7-42f7-adfa-efb583aee711-27448","trial_id":89,"user_attr":{"cv_oos_ics":[0.012478701770305634,0.009349023923277855,-0.05504210293292999,0.0069563244469463825,-0.012671959586441517,-0.020309405401349068,0.0052658263593912125,-0.02502417005598545,0.019644591957330704,0.02773781307041645,0.03186360374093056,0.02378062903881073,0.05995072051882744,0.08511753380298615,0.03378182277083397]}}
{"op_code":5,"worker_id":"fb475078-253e-47ba-8e8b-07b1de45e433-12024","trial_id":91,"param_name":"unified_gamma","param_value_internal":7.009659948134928,"distribution":"{\"name\": \"FloatDistribution\", \"attributes\": {\"step\": null, \"low\": 1.5, \"high\": 10000.0, \"log\": true}}"}
{"op_code":8,"worker_id":"f268685b-79da-44cd-8a4f-a41785ec266f-8896","trial_id":64,"user_attr":{"constraints":[-0.00971850476775528,0.0120842598321284,0.19999999999999996,0.17606060606060606,-0.007362557955230209,-59.0,-8.0,0.04194047265551919,-0.09999999999999998,-1349.2411159181418,0.024637681159420333,0.04142857142857148]}}
{"op_code":8,"worker_id":"e4e75cfa-068b-41c6-b7ac-f79635255839-11668","trial_id":86,"user_attr":{"reg_kappa":3.3038114803579357}}
{"op_code":8,"worker_id":"e4e75cfa-068b-41c6-b7ac-f79635255839-11668","trial_id":86,"user_attr":{"raw_metrics":[-0.09123693226969413,-0.011759808185797502,0.6,0.0067684653983040135,0.21454545454545454,0.05231831176121886,-0.1589119568578867,-0.24776838719844818,0.4257246376811595]}}
{"op_code":8,"worker_id":"f268685b-79da-44cd-8a4f-a41785ec266f-8896","trial_id":64,"user_attr":{"pruned_reasons":["M2 (Yearly Tail IC Mean <= 0)","M3 (Hit Rate < 60%)","M5 (Monotonicity <= 0.25)","Side-specific Yearly Tail IC Mean (-0.0419 <= 0)","Yearly Daily Win Rate (42.54% < 45%)","Side-specific Yearly Daily Win Rate (40.86% < 45%)"]}}
{"op_code":8,"worker_id":"f268685b-79da-44cd-8a4f-a41785ec266f-8896","trial_id":64,"user_attr":{"gini":0.3373846216334375}}
{"op_code":8,"worker_id":"e4e75cfa-068b-41c6-b7ac-f79635255839-11668","trial_id":86,"user_attr":{"val_metrics":[-0.012424434941842224,-0.24226420985913916,-0.09090909090909091,0.008275996728300844,-5.233772397260029]}}
{"op_code":8,"worker_id":"76282615-96f7-42f7-adfa-efb583aee711-27448","trial_id":89,"user_attr":{"reg_kappa":3.3254942872529605}}
{"op_code":8,"worker_id":"76282615-96f7-42f7-adfa-efb583aee711-27448","trial_id":89,"user_attr":{"raw_metrics":[-0.09356156262358349,-0.012141765966677273,0.6,0.00698750589376163,0.1684848484848485,0.04706261355717832,-0.16458329932557914,-0.2562395930290222,0.4255434782608695]}}
{"op_code":8,"worker_id":"76282615-96f7-42f7-adfa-efb583aee711-27448","trial_id":89,"user_attr":{"val_metrics":[-0.012015253544167912,-0.27546316317528463,-0.06666666666666667,0.008275996728300844,-4.915046527516358]}}
{"op_code":8,"worker_id":"e4e75cfa-068b-41c6-b7ac-f79635255839-11668","trial_id":86,"user_attr":{"deflated_objective":-1.3258729942261096}}
{"op_code":9,"worker_id":"e4e75cfa-068b-41c6-b7ac-f79635255839-11668","trial_id":86,"system_attr":{"constraints":[-0.0067684653983040135,0.011759808185797502,0.0,0.03545454545454546,-0.05231831176121886,-68.0,-8.0,0.0578438300727518,-0.09999999999999998,-1318.2364488345834,0.024275362318840532,0.024761904761904763]}}
{"op_code":6,"worker_id":"e4e75cfa-068b-41c6-b7ac-f79635255839-11668","trial_id":86,"state":1,"values":[-0.8369756563479042],"datetime_complete":"2026-07-14T11:44:16.787004"}
{"op_code":8,"worker_id":"9384e809-abf4-403d-bdbd-f49ce91e8240-23408","trial_id":84,"user_attr":{"gini":0.36672687894633227}}
{"op_code":8,"worker_id":"f268685b-79da-44cd-8a4f-a41785ec266f-8896","trial_id":64,"user_attr":{"cv_is_ics":[0.10675283521413803,0.10057410597801208,0.08592063188552856,0.08248324692249298,0.11216704547405243,0.12479669600725174,0.07941557466983795,0.11590728908777237,0.11186729371547699,0.11617573350667953,0.09523890912532806,0.10214705020189285,0.08631987869739532,0.08993423730134964,0.08836113661527634]}}
{"op_code":8,"worker_id":"76282615-96f7-42f7-adfa-efb583aee711-27448","trial_id":89,"user_attr":{"deflated_objective":-1.2104289727677582}}
{"op_code":9,"worker_id":"76282615-96f7-42f7-adfa-efb583aee711-27448","trial_id":89,"system_attr":{"constraints":[-0.00698750589376163,0.012141765966677273,0.0,0.08151515151515151,-0.04706261355717832,-65.0,-8.0,0.04841398064290238,-0.09999999999999998,-1326.8942513487334,0.024456521739130488,0.024761904761904763]}}
{"op_code":6,"worker_id":"76282615-96f7-42f7-adfa-efb583aee711-27448","trial_id":89,"state":1,"values":[-0.7202997292245514],"datetime_complete":"2026-07-14T11:44:16.792943"}
{"op_code":8,"worker_id":"9384e809-abf4-403d-bdbd-f49ce91e8240-23408","trial_id":84,"user_attr":{"cv_is_ics":[0.10935914516448975,0.09913449734449387,0.0835140272974968,0.08129405230283737,0.11259403824806213,0.1265813559293747,0.0864320620894432,0.12033025920391083,0.10975620895624161,0.11543121933937073,0.09797331690788269,0.10606986284255981,0.08896468579769135,0.0893644317984581,0.08924601227045059]}}
{"op_code":8,"worker_id":"10fcd449-f467-4e34-9a12-2e639571d95d-18156","trial_id":92,"user_attr":{"constraints":[-0.009674161917803105,0.02429789985110639,0.0,0.09848484848484848,-0.008137232868531763,-63.0,-8.0,0.05323133218092937,0.09999999999999998,-1334.1443914711606,0.037137681159420344,0.024761904761904763]}}
{"op_code":8,"worker_id":"10fcd449-f467-4e34-9a12-2e639571d95d-18156","trial_id":92,"user_attr":{"pruned_reasons":["M2 (Yearly Tail IC Mean <= 0)","M5 (Monotonicity <= 0.25)","Side-specific Yearly Tail IC Mean (-0.0532 <= 0)","Side-specific Hit Rate (40.00% < 50%)","Yearly Daily Win Rate (41.29% < 45%)","Side-specific Yearly Daily Win Rate (42.52% < 45%)"]}}
{"op_code":8,"worker_id":"10fcd449-f467-4e34-9a12-2e639571d95d-18156","trial_id":92,"user_attr":{"gini":0.3533110544438669}}
{"op_code":8,"worker_id":"10fcd449-f467-4e34-9a12-2e639571d95d-18156","trial_id":92,"user_attr":{"cv_is_ics":[0.10944703221321106,0.1019720807671547,0.08949004113674164,0.08249901235103607,0.115184485912323,0.13587652146816254,0.09241534024477005,0.13163036108016968,0.11383529007434845,0.11916999518871307,0.10590590536594391,0.1105491891503334,0.09531565755605698,0.08949493616819382,0.09378401935100555]}}
{"op_code":8,"worker_id":"10fcd449-f467-4e34-9a12-2e639571d95d-18156","trial_id":92,"user_attr":{"cv_oos_ics":[0.012677022255957127,0.01274140551686287,-0.05152728036046028,0.007704049814492464,-0.011754912324249744,-0.016824854537844658,0.009392410516738892,-0.02521451935172081,0.02080286294221878,0.032577257603406906,0.030947545543313026,0.02442828379571438,0.058170102536678314,0.08613733947277069,0.034688424319028854]}}
{"op_code":8,"worker_id":"10fcd449-f467-4e34-9a12-2e639571d95d-18156","trial_id":92,"user_attr":{"reg_kappa":3.3436875998842925}}
{"op_code":8,"worker_id":"10fcd449-f467-4e34-9a12-2e639571d95d-18156","trial_id":92,"user_attr":{"raw_metrics":[-0.16796777531562115,-0.02429789985110639,0.6,0.009674161917803105,0.15151515151515152,0.008137232868531763,-0.16943916612115614,-0.26256757974624634,0.41286231884057967]}}
{"op_code":8,"worker_id":"9384e809-abf4-403d-bdbd-f49ce91e8240-23408","trial_id":84,"user_attr":{"cv_oos_ics":[0.01835016906261444,0.015495228581130505,-0.057709258049726486,0.0037757859099656343,-0.019262218847870827,-0.026918016374111176,0.0018169214017689228,-0.017096316441893578,0.01850946992635727,0.03153134137392044,0.036112479865550995,0.020963439717888832,0.06850016117095947,0.08170341700315475,0.0365387499332428]}}
{"op_code":8,"worker_id":"9384e809-abf4-403d-bdbd-f49ce91e8240-23408","trial_id":84,"user_attr":{"reg_kappa":3.533158038153466}}
{"op_code":8,"worker_id":"9384e809-abf4-403d-bdbd-f49ce91e8240-23408","trial_id":84,"user_attr":{"raw_metrics":[-0.04873533776461646,-0.006418167843335656,0.6,0.010506634459813157,0.16606060606060608,0.04458532122076279,-0.23322585925878475,-0.3366384506225586,0.4211956521739131]}}
{"op_code":8,"worker_id":"10fcd449-f467-4e34-9a12-2e639571d95d-18156","trial_id":92,"user_attr":{"val_metrics":[-0.010884840488509127,-0.21509284500877263,-0.15151515151515152,-0.05978260955948761,-5.68788272588141]}}
{"op_code":8,"worker_id":"9384e809-abf4-403d-bdbd-f49ce91e8240-23408","trial_id":84,"user_attr":{"val_metrics":[-0.005985651401639578,-0.2730770786933875,0.07878787878787878,-0.11324654171324294,-5.950075483862124]}}
{"op_code":8,"worker_id":"10fcd449-f467-4e34-9a12-2e639571d95d-18156","trial_id":92,"user_attr":{"deflated_objective":-1.4937130685421491}}
{"op_code":9,"worker_id":"10fcd449-f467-4e34-9a12-2e639571d95d-18156","trial_id":92,"system_attr":{"constraints":[-0.009674161917803105,0.02429789985110639,0.0,0.09848484848484848,-0.008137232868531763,-63.0,-8.0,0.05323133218092937,0.09999999999999998,-1334.1443914711606,0.037137681159420344,0.024761904761904763]}}
{"op_code":8,"worker_id":"9384e809-abf4-403d-bdbd-f49ce91e8240-23408","trial_id":84,"user_attr":{"deflated_objective":-1.598549525563607}}
{"op_code":6,"worker_id":"10fcd449-f467-4e34-9a12-2e639571d95d-18156","trial_id":92,"state":1,"values":[-1.0136578884539145],"datetime_complete":"2026-07-14T11:44:16.816012"}
{"op_code":9,"worker_id":"9384e809-abf4-403d-bdbd-f49ce91e8240-23408","trial_id":84,"system_attr":{"constraints":[-0.010506634459813157,0.006418167843335656,0.0,0.08393939393939392,-0.04458532122076279,-42.0,-8.0,0.04982459180138558,-0.09999999999999998,-1420.0567391176082,0.02880434782608693,0.024761904761904763]}}
{"op_code":6,"worker_id":"9384e809-abf4-403d-bdbd-f49ce91e8240-23408","trial_id":84,"state":1,"values":[-1.1182084631706006],"datetime_complete":"2026-07-14T11:44:16.820609"}
{"op_code":8,"worker_id":"2b8c712a-96bd-4fa2-b239-dcb7f0888cee-6576","trial_id":90,"user_attr":{"constraints":[-0.007508164866788533,0.010452761036896156,0.0,0.04999999999999999,-0.04709113926728422,-64.0,-8.0,0.05278450325761772,-0.09999999999999998,-1330.9288444772328,0.02028985507246378,0.024761904761904763]}}
{"op_code":8,"worker_id":"de424a4d-923d-4b6f-936b-9250789a9477-22852","trial_id":45,"user_attr":{"gini":0.32433931919624026}}
{"op_code":8,"worker_id":"2b8c712a-96bd-4fa2-b239-dcb7f0888cee-6576","trial_id":90,"user_attr":{"pruned_reasons":["M2 (Yearly Tail IC Mean <= 0)","M5 (Monotonicity <= 0.25)","Side-specific Yearly Tail IC Mean (-0.0528 <= 0)","Yearly Daily Win Rate (42.97% < 45%)","Side-specific Yearly Daily Win Rate (42.52% < 45%)"]}}
{"op_code":8,"worker_id":"2b8c712a-96bd-4fa2-b239-dcb7f0888cee-6576","trial_id":90,"user_attr":{"gini":0.34941732636541634}}
{"op_code":8,"worker_id":"2b8c712a-96bd-4fa2-b239-dcb7f0888cee-6576","trial_id":90,"user_attr":{"cv_is_ics":[0.10865789651870728,0.10327821224927902,0.08793823421001434,0.0823025107383728,0.11575695872306824,0.13367313146591187,0.08819474279880524,0.1263607293367386,0.11325328797101974,0.11850735545158386,0.1033528596162796,0.10844553261995316,0.09579243510961533,0.08999107033014297,0.09242217242717743]}}
{"op_code":8,"worker_id":"2b8c712a-96bd-4fa2-b239-dcb7f0888cee-6576","trial_id":90,"user_attr":{"cv_oos_ics":[0.012257743626832962,0.009787292219698429,-0.054708532989025116,0.006851682905107737,-0.012369758449494839,-0.020675266161561012,0.004929834045469761,-0.02435005083680153,0.01964684948325157,0.028467977419495583,0.032138846814632416,0.02341075986623764,0.05990558862686157,0.08468053489923477,0.03403674066066742]}}
{"op_code":8,"worker_id":"2b8c712a-96bd-4fa2-b239-dcb7f0888cee-6576","trial_id":90,"user_attr":{"reg_kappa":3.3356246694957545}}
{"op_code":8,"worker_id":"2b8c712a-96bd-4fa2-b239-dcb7f0888cee-6576","trial_id":90,"user_attr":{"raw_metrics":[-0.08020293590791361,-0.010452761036896156,0.6,0.007508164866788533,0.2,0.04709113926728422,-0.1672737603680004,-0.2602218687534332,0.42971014492753623]}}
{"op_code":8,"worker_id":"2b8c712a-96bd-4fa2-b239-dcb7f0888cee-6576","trial_id":90,"user_attr":{"val_metrics":[-0.011461913716378483,-0.26693814284734096,0.006060606060606061,0.008275996728300844,-4.878022260690066]}}
{"op_code":8,"worker_id":"de424a4d-923d-4b6f-936b-9250789a9477-22852","trial_id":45,"user_attr":{"cv_is_ics":[0.10405891388654709,0.09029874950647354,0.0830496996641159,0.07867079228162766,0.11271379142999649,0.1235254779458046,0.07864391058683395,0.11541877686977386,0.11312448233366013,0.11473869532346725,0.09246796369552612,0.09786359965801239,0.07773352414369583,0.08504681289196014,0.0861310213804245]}}
{"op_code":8,"worker_id":"de424a4d-923d-4b6f-936b-9250789a9477-22852","trial_id":45,"user_attr":{"cv_oos_ics":[0.02755436860024929,-0.00288240984082222,-0.04067372903227806,0.004961013328284025,-0.020189853385090828,-0.04528139531612396,-0.010809842497110367,-0.027733750641345978,0.005366778001189232,0.008269090205430984,0.03974156826734543,0.025131916627287865,0.0773918554186821,0.0736759752035141,0.04041922837495804]}}
{"op_code":8,"worker_id":"de424a4d-923d-4b6f-936b-9250789a9477-22852","trial_id":45,"user_attr":{"reg_kappa":3.170742313850798}}
{"op_code":8,"worker_id":"de424a4d-923d-4b6f-936b-9250789a9477-22852","trial_id":45,"user_attr":{"raw_metrics":[-0.10517286580575988,-0.014466949642016013,0.4,0.00665301125250165,0.06909090909090909,-0.05265393706299545,-0.12924453202657957,-0.21472904086112976,0.40018115942028987]}}
{"op_code":8,"worker_id":"de424a4d-923d-4b6f-936b-9250789a9477-22852","trial_id":45,"user_attr":{"val_metrics":[0.0020129439327049906,-0.20478077709372444,0.030303030303030304,0.005282825932068691,-5.952585673570741]}}
{"op_code":8,"worker_id":"2b8c712a-96bd-4fa2-b239-dcb7f0888cee-6576","trial_id":90,"user_attr":{"deflated_objective":-1.1678591241603633}}
{"op_code":9,"worker_id":"2b8c712a-96bd-4fa2-b239-dcb7f0888cee-6576","trial_id":90,"system_attr":{"constraints":[-0.007508164866788533,0.010452761036896156,0.0,0.04999999999999999,-0.04709113926728422,-64.0,-8.0,0.05278450325761772,-0.09999999999999998,-1330.9288444772328,0.02028985507246378,0.024761904761904763]}}
{"op_code":6,"worker_id":"2b8c712a-96bd-4fa2-b239-dcb7f0888cee-6576","trial_id":90,"state":1,"values":[-0.6947519531099056],"datetime_complete":"2026-07-14T11:44:16.844547"}
{"op_code":8,"worker_id":"de424a4d-923d-4b6f-936b-9250789a9477-22852","trial_id":45,"user_attr":{"deflated_objective":-1.5671218542656669}}
{"op_code":9,"worker_id":"de424a4d-923d-4b6f-936b-9250789a9477-22852","trial_id":45,"system_attr":{"constraints":[-0.00665301125250165,0.014466949642016013,0.19999999999999996,0.1809090909090909,0.05265393706299545,-87.0,-8.0,-0.03245454068983481,-0.09999999999999998,-1268.3395726275555,0.049818840579710144,0.0303174603174603]}}
{"op_code":6,"worker_id":"de424a4d-923d-4b6f-936b-9250789a9477-22852","trial_id":45,"state":1,"values":[-1.0959426437314594],"datetime_complete":"2026-07-14T11:44:16.848541"}
{"op_code":4,"worker_id":"de424a4d-923d-4b6f-936b-9250789a9477-22852","study_id":0,"datetime_start":"2026-07-14T11:44:16.850080"}
{"op_code":5,"worker_id":"de424a4d-923d-4b6f-936b-9250789a9477-22852","trial_id":93,"param_name":"k_weight","param_value_internal":0.8389049105537911,"distribution":"{\"name\": \"FloatDistribution\", \"attributes\": {\"step\": null, \"low\": 0.0, \"high\": 1.5, \"log\": false}}"}
{"op_code":5,"worker_id":"de424a4d-923d-4b6f-936b-9250789a9477-22852","trial_id":93,"param_name":"unified_alpha","param_value_internal":3.7261995682721244e-05,"distribution":"{\"name\": \"FloatDistribution\", \"attributes\": {\"step\": null, \"low\": 1e-05, \"high\": 10.0, \"log\": true}}"}
{"op_code":5,"worker_id":"de424a4d-923d-4b6f-936b-9250789a9477-22852","trial_id":93,"param_name":"unified_rho","param_value_internal":0.23982191421402987,"distribution":"{\"name\": \"FloatDistribution\", \"attributes\": {\"step\": null, \"low\": 0.0, \"high\": 1.0, \"log\": false}}"}
{"op_code":8,"worker_id":"f268685b-79da-44cd-8a4f-a41785ec266f-8896","trial_id":64,"user_attr":{"cv_oos_ics":[0.02033095806837082,0.007397776003926992,-0.05396521836519241,0.0059174527414143085,-0.01872754655778408,-0.037153031677007675,-0.002635546959936619,-0.014461624436080456,0.01249933335930109,0.020888542756438255,0.0378943495452404,0.020720498636364937,0.07004842907190323,0.08443550020456314,0.03494376316666603]}}
{"op_code":5,"worker_id":"de424a4d-923d-4b6f-936b-9250789a9477-22852","trial_id":93,"param_name":"unified_gamma","param_value_internal":68.47184408068786,"distribution":"{\"name\": \"FloatDistribution\", \"attributes\": {\"step\": null, \"low\": 1.5, \"high\": 10000.0, \"log\": true}}"}
{"op_code":8,"worker_id":"f268685b-79da-44cd-8a4f-a41785ec266f-8896","trial_id":64,"user_attr":{"reg_kappa":3.37443126203411}}
{"op_code":5,"worker_id":"de424a4d-923d-4b6f-936b-9250789a9477-22852","trial_id":93,"param_name":"huber_delta","param_value_internal":2.368750611637862,"distribution":"{\"name\": \"FloatDistribution\", \"attributes\": {\"step\": null, \"low\": 0.5, \"high\": 5.0, \"log\": false}}"}
{"op_code":8,"worker_id":"f268685b-79da-44cd-8a4f-a41785ec266f-8896","trial_id":64,"user_attr":{"raw_metrics":[-0.0935709518728774,-0.0120842598321284,0.4,0.00971850476775528,0.07393939393939394,0.007362557955230209,-0.1798405902370333,-0.27725040912628174,0.4253623188405797]}}
{"op_code":8,"worker_id":"f268685b-79da-44cd-8a4f-a41785ec266f-8896","trial_id":64,"user_attr":{"val_metrics":[-0.008095286964299831,-0.07138211678451166,-0.01818181818181818,0.09545249793934973,-6.1855371943089414]}}
{"op_code":8,"worker_id":"f268685b-79da-44cd-8a4f-a41785ec266f-8896","trial_id":64,"user_attr":{"deflated_objective":-1.607174042047036}}
{"op_code":9,"worker_id":"f268685b-79da-44cd-8a4f-a41785ec266f-8896","trial_id":64,"system_attr":{"constraints":[-0.00971850476775528,0.0120842598321284,0.19999999999999996,0.17606060606060606,-0.007362557955230209,-59.0,-8.0,0.04194047265551919,-0.09999999999999998,-1349.2411159181418,0.024637681159420333,0.04142857142857148]}}
{"op_code":6,"worker_id":"f268685b-79da-44cd-8a4f-a41785ec266f-8896","trial_id":64,"state":1,"values":[-1.1416230958366718],"datetime_complete":"2026-07-14T11:44:16.870022"}
{"op_code":4,"worker_id":"f268685b-79da-44cd-8a4f-a41785ec266f-8896","study_id":0,"datetime_start":"2026-07-14T11:44:16.871609"}
{"op_code":8,"worker_id":"ece8f90c-b667-405e-8252-108796759452-24364","trial_id":65,"user_attr":{"deflated_objective":-1.5113341664938924}}
{"op_code":5,"worker_id":"f268685b-79da-44cd-8a4f-a41785ec266f-8896","trial_id":94,"param_name":"k_weight","param_value_internal":0.8364472949442364,"distribution":"{\"name\": \"FloatDistribution\", \"attributes\": {\"step\": null, \"low\": 0.0, \"high\": 1.5, \"log\": false}}"}
{"op_code":5,"worker_id":"f268685b-79da-44cd-8a4f-a41785ec266f-8896","trial_id":94,"param_name":"unified_alpha","param_value_internal":3.6684873364660936e-05,"distribution":"{\"name\": \"FloatDistribution\", \"attributes\": {\"step\": null, \"low\": 1e-05, \"high\": 10.0, \"log\": true}}"}
{"op_code":9,"worker_id":"ece8f90c-b667-405e-8252-108796759452-24364","trial_id":65,"system_attr":{"constraints":[-0.008802017225127337,0.011269077680067779,0.0,0.020909090909090905,-0.04709113926728422,-63.0,-8.0,0.051795685356617896,-0.09999999999999998,-1336.5057625518862,0.024456521739130488,0.024761904761904763]}}
{"op_code":6,"worker_id":"ece8f90c-b667-405e-8252-108796759452-24364","trial_id":65,"state":1,"values":[-0.9623399509066993],"datetime_complete":"2026-07-14T11:44:16.879696"}
{"op_code":5,"worker_id":"f268685b-79da-44cd-8a4f-a41785ec266f-8896","trial_id":94,"param_name":"unified_rho","param_value_internal":0.24138167805414806,"distribution":"{\"name\": \"FloatDistribution\", \"attributes\": {\"step\": null, \"low\": 0.0, \"high\": 1.0, \"log\": false}}"}
{"op_code":5,"worker_id":"f268685b-79da-44cd-8a4f-a41785ec266f-8896","trial_id":94,"param_name":"unified_gamma","param_value_internal":30.49334865577998,"distribution":"{\"name\": \"FloatDistribution\", \"attributes\": {\"step\": null, \"low\": 1.5, \"high\": 10000.0, \"log\": true}}"}
{"op_code":5,"worker_id":"f268685b-79da-44cd-8a4f-a41785ec266f-8896","trial_id":94,"param_name":"huber_delta","param_value_internal":2.3181454713717335,"distribution":"{\"name\": \"FloatDistribution\", \"attributes\": {\"step\": null, \"low\": 0.5, \"high\": 5.0, \"log\": false}}"}
{"op_code":4,"worker_id":"deb075a7-ec4d-4b72-b3bf-71c854826842-19068","study_id":0,"datetime_start":"2026-07-14T11:44:14.861461"}
{"op_code":8,"worker_id":"f9fc3d08-facc-437b-92bf-5ad353ded99a-8436","trial_id":88,"user_attr":{"gini":0.35018625152701}}
{"op_code":8,"worker_id":"f9fc3d08-facc-437b-92bf-5ad353ded99a-8436","trial_id":88,"user_attr":{"cv_is_ics":[0.10893659293651581,0.10332795232534409,0.08832836151123047,0.08215268701314926,0.1156032383441925,0.1339699774980545,0.0884852185845375,0.12700237333774567,0.11324082314968109,0.11882849782705307,0.10399775952100754,0.10837700963020325,0.09585805982351303,0.09005507081747055,0.09272950142621994]}}
{"op_code":8,"worker_id":"de424a4d-923d-4b6f-936b-9250789a9477-22852","trial_id":93,"user_attr":{"constraints":[-0.007017935988797411,0.011820812446963166,0.0,0.14212121212121212,-0.060968978353240645,-68.0,-8.0,0.06831126148862729,-0.09999999999999998,-1320.598327877907,0.016123188405797184,0.024761904761904763]}}
{"op_code":8,"worker_id":"de424a4d-923d-4b6f-936b-9250789a9477-22852","trial_id":93,"user_attr":{"pruned_reasons":["M2 (Yearly Tail IC Mean <= 0)","M5 (Monotonicity <= 0.25)","Side-specific Yearly Tail IC Mean (-0.0683 <= 0)","Yearly Daily Win Rate (43.39% < 45%)","Side-specific Yearly Daily Win Rate (42.52% < 45%)"]}}
{"op_code":8,"worker_id":"de424a4d-923d-4b6f-936b-9250789a9477-22852","trial_id":93,"user_attr":{"gini":0.33985133051114036}}
{"op_code":5,"worker_id":"deb075a7-ec4d-4b72-b3bf-71c854826842-19068","trial_id":95,"param_name":"k_weight","param_value_internal":0.8027354207816215,"distribution":"{\"name\": \"FloatDistribution\", \"attributes\": {\"step\": null, \"low\": 0.0, \"high\": 1.5, \"log\": false}}"}
{"op_code":8,"worker_id":"de424a4d-923d-4b6f-936b-9250789a9477-22852","trial_id":93,"user_attr":{"cv_is_ics":[0.10806123912334442,0.10306184738874435,0.08850100636482239,0.08283214271068573,0.11523610353469849,0.133201003074646,0.0865892842411995,0.1251075267791748,0.11363332718610764,0.11862311512231827,0.10079251229763031,0.10705932229757309,0.09339121729135513,0.08981888741254807,0.09173457324504852]}}
{"op_code":8,"worker_id":"de424a4d-923d-4b6f-936b-9250789a9477-22852","trial_id":93,"user_attr":{"cv_oos_ics":[0.013432009145617485,0.006728728301823139,-0.057229187339544296,0.00693411473184824,-0.01362669374793768,-0.023480184376239777,0.003907192498445511,-0.022669946774840355,0.018759867176413536,0.024683907628059387,0.034521445631980896,0.024504832923412323,0.06220784783363342,0.08503948152065277,0.03342372924089432]}}
{"op_code":5,"worker_id":"deb075a7-ec4d-4b72-b3bf-71c854826842-19068","trial_id":95,"param_name":"unified_alpha","param_value_internal":3.2436838819027244e-05,"distribution":"{\"name\": \"FloatDistribution\", \"attributes\": {\"step\": null, \"low\": 1e-05, \"high\": 10.0, \"log\": true}}"}
{"op_code":8,"worker_id":"f9fc3d08-facc-437b-92bf-5ad353ded99a-8436","trial_id":88,"user_attr":{"cv_oos_ics":[0.012538781389594078,0.01014538761228323,-0.05410046875476837,0.006686106789857149,-0.012529116123914719,-0.01930992864072323,0.005214857868850231,-0.025335675105452538,0.01954183541238308,0.02877921238541603,0.032015904784202576,0.023263121023774147,0.060511514544487,0.08510271459817886,0.03381245210766792]}}
{"op_code":5,"worker_id":"deb075a7-ec4d-4b72-b3bf-71c854826842-19068","trial_id":95,"param_name":"unified_rho","param_value_internal":0.42833125395323424,"distribution":"{\"name\": \"FloatDistribution\", \"attributes\": {\"step\": null, \"low\": 0.0, \"high\": 1.0, \"log\": false}}"}
{"op_code":8,"worker_id":"f9fc3d08-facc-437b-92bf-5ad353ded99a-8436","trial_id":88,"user_attr":{"reg_kappa":3.334110411918538}}
{"op_code":8,"worker_id":"f9fc3d08-facc-437b-92bf-5ad353ded99a-8436","trial_id":88,"user_attr":{"raw_metrics":[-0.09161508010541108,-0.011876899811326955,0.6,0.00778240380529009,0.24363636363636365,0.04709113926728422,-0.16687726245196957,-0.2597704231739044,0.4255434782608695]}}
{"op_code":8,"worker_id":"f9fc3d08-facc-437b-92bf-5ad353ded99a-8436","trial_id":88,"user_attr":{"val_metrics":[-0.012231491189340589,-0.2627373899483873,0.1393939393939394,0.008275996728300844,-5.493132303802093]}}
{"op_code":5,"worker_id":"deb075a7-ec4d-4b72-b3bf-71c854826842-19068","trial_id":95,"param_name":"unified_gamma","param_value_internal":34.33388290013981,"distribution":"{\"name\": \"FloatDistribution\", \"attributes\": {\"step\": null, \"low\": 1.5, \"high\": 10000.0, \"log\": true}}"}
{"op_code":5,"worker_id":"deb075a7-ec4d-4b72-b3bf-71c854826842-19068","trial_id":95,"param_name":"huber_delta","param_value_internal":1.9984103167450264,"distribution":"{\"name\": \"FloatDistribution\", \"attributes\": {\"step\": null, \"low\": 0.5, \"high\": 5.0, \"log\": false}}"}
{"op_code":8,"worker_id":"f9fc3d08-facc-437b-92bf-5ad353ded99a-8436","trial_id":88,"user_attr":{"deflated_objective":-1.382899732505684}}
{"op_code":9,"worker_id":"f9fc3d08-facc-437b-92bf-5ad353ded99a-8436","trial_id":88,"system_attr":{"constraints":[-0.00778240380529009,0.011876899811326955,0.0,0.006363636363636349,-0.04709113926728422,-64.0,-8.0,0.04491407262231431,-0.09999999999999998,-1330.3370779425736,0.024456521739130488,0.024761904761904763]}}
{"op_code":6,"worker_id":"f9fc3d08-facc-437b-92bf-5ad353ded99a-8436","trial_id":88,"state":1,"values":[-0.9258592935859872],"datetime_complete":"2026-07-14T11:44:16.922348"}
{"op_code":8,"worker_id":"de424a4d-923d-4b6f-936b-9250789a9477-22852","trial_id":93,"user_attr":{"reg_kappa":3.309619662376157}}
{"op_code":8,"worker_id":"de424a4d-923d-4b6f-936b-9250789a9477-22852","trial_id":93,"user_attr":{"raw_metrics":[-0.09073038852689107,-0.011820812446963166,0.6,0.007017935988797411,0.10787878787878788,0.060968978353240645,-0.16044501435114034,-0.2497842013835907,0.4338768115942028]}}
{"op_code":8,"worker_id":"de424a4d-923d-4b6f-936b-9250789a9477-22852","trial_id":93,"user_attr":{"val_metrics":[-0.011835495013932903,-0.07807521294128614,-0.16363636363636364,0.10959883509001331,-6.312405712114291]}}
{"op_code":4,"worker_id":"b0b519ee-3b36-4d97-9d06-534d07444509-16052","study_id":0,"datetime_start":"2026-07-14T11:44:14.896353"}
{"op_code":8,"worker_id":"de424a4d-923d-4b6f-936b-9250789a9477-22852","trial_id":93,"user_attr":{"deflated_objective":-1.6632918005212394}}
{"op_code":9,"worker_id":"de424a4d-923d-4b6f-936b-9250789a9477-22852","trial_id":93,"system_attr":{"constraints":[-0.007017935988797411,0.011820812446963166,0.0,0.14212121212121212,-0.060968978353240645,-68.0,-8.0,0.06831126148862729,-0.09999999999999998,-1320.598327877907,0.016123188405797184,0.024761904761904763]}}
{"op_code":6,"worker_id":"de424a4d-923d-4b6f-936b-9250789a9477-22852","trial_id":93,"state":1,"values":[-1.2099672167651048],"datetime_complete":"2026-07-14T11:44:16.935613"}
{"op_code":5,"worker_id":"b0b519ee-3b36-4d97-9d06-534d07444509-16052","trial_id":96,"param_name":"k_weight","param_value_internal":0.8086203079996734,"distribution":"{\"name\": \"FloatDistribution\", \"attributes\": {\"step\": null, \"low\": 0.0, \"high\": 1.5, \"log\": false}}"}
{"op_code":5,"worker_id":"b0b519ee-3b36-4d97-9d06-534d07444509-16052","trial_id":96,"param_name":"unified_alpha","param_value_internal":9.305886587753288e-05,"distribution":"{\"name\": \"FloatDistribution\", \"attributes\": {\"step\": null, \"low\": 1e-05, \"high\": 10.0, \"log\": true}}"}
{"op_code":5,"worker_id":"b0b519ee-3b36-4d97-9d06-534d07444509-16052","trial_id":96,"param_name":"unified_rho","param_value_internal":0.4163281596800996,"distribution":"{\"name\": \"FloatDistribution\", \"attributes\": {\"step\": null, \"low\": 0.0, \"high\": 1.0, \"log\": false}}"}
{"op_code":5,"worker_id":"b0b519ee-3b36-4d97-9d06-534d07444509-16052","trial_id":96,"param_name":"unified_gamma","param_value_internal":35.18662417621594,"distribution":"{\"name\": \"FloatDistribution\", \"attributes\": {\"step\": null, \"low\": 1.5, \"high\": 10000.0, \"log\": true}}"}
{"op_code":5,"worker_id":"b0b519ee-3b36-4d97-9d06-534d07444509-16052","trial_id":96,"param_name":"huber_delta","param_value_internal":1.9256869443708675,"distribution":"{\"name\": \"FloatDistribution\", \"attributes\": {\"step\": null, \"low\": 0.5, \"high\": 5.0, \"log\": false}}"}
{"op_code":6,"worker_id":"c87518fd-d6ef-4e67-9474-98557fb69c30-30084","trial_id":48,"state":1,"values":[-0.6999982448742372],"datetime_complete":"2026-07-14T11:44:15.925760"}
{"op_code":8,"worker_id":"deb075a7-ec4d-4b72-b3bf-71c854826842-19068","trial_id":95,"user_attr":{"constraints":[-0.00870239771171007,0.025462752800881165,0.0,0.08636363636363636,-0.04646941495542796,-70.0,-8.0,0.0646201830649706,-0.09999999999999998,-1312.8195757079318,0.032971014492753636,0.013492063492063444]}}
{"op_code":8,"worker_id":"f268685b-79da-44cd-8a4f-a41785ec266f-8896","trial_id":94,"user_attr":{"constraints":[-0.007269394866927866,0.013168854432796353,0.0,0.10818181818181818,-0.06426372053265428,-68.0,-8.0,0.06708937909620671,-0.09999999999999998,-1320.063034172215,0.016123188405797184,0.024761904761904763]}}
{"op_code":8,"worker_id":"f268685b-79da-44cd-8a4f-a41785ec266f-8896","trial_id":94,"user_attr":{"pruned_reasons":["M2 (Yearly Tail IC Mean <= 0)","M5 (Monotonicity <= 0.25)","Side-specific Yearly Tail IC Mean (-0.0671 <= 0)","Yearly Daily Win Rate (43.39% < 45%)","Side-specific Yearly Daily Win Rate (42.52% < 45%)"]}}
{"op_code":8,"worker_id":"f268685b-79da-44cd-8a4f-a41785ec266f-8896","trial_id":94,"user_attr":{"gini":0.34245921069042407}}
{"op_code":4,"worker_id":"c87518fd-d6ef-4e67-9474-98557fb69c30-30084","study_id":0,"datetime_start":"2026-07-14T11:44:16.960815"}
{"op_code":8,"worker_id":"deb075a7-ec4d-4b72-b3bf-71c854826842-19068","trial_id":95,"user_attr":{"pruned_reasons":["M2 (Yearly Tail IC Mean <= 0)","M5 (Monotonicity <= 0.25)","Side-specific Yearly Tail IC Mean (-0.0646 <= 0)","Yearly Daily Win Rate (41.70% < 45%)","Side-specific Yearly Daily Win Rate (43.65% < 45%)"]}}
{"op_code":8,"worker_id":"f268685b-79da-44cd-8a4f-a41785ec266f-8896","trial_id":94,"user_attr":{"cv_is_ics":[0.10818326473236084,0.10315871238708496,0.08878650516271591,0.08295603841543198,0.11546283215284348,0.13372184336185455,0.08717687427997589,0.12598761916160583,0.11379794776439667,0.1190447211265564,0.10224860161542892,0.10787383466959,0.09496784210205078,0.0900631695985794,0.0917569100856781]}}
{"op_code":5,"worker_id":"c87518fd-d6ef-4e67-9474-98557fb69c30-30084","trial_id":97,"param_name":"k_weight","param_value_internal":0.7897162410008741,"distribution":"{\"name\": \"FloatDistribution\", \"attributes\": {\"step\": null, \"low\": 0.0, \"high\": 1.5, \"log\": false}}"}
{"op_code":8,"worker_id":"deb075a7-ec4d-4b72-b3bf-71c854826842-19068","trial_id":95,"user_attr":{"gini":0.35014200211389257}}
{"op_code":5,"worker_id":"c87518fd-d6ef-4e67-9474-98557fb69c30-30084","trial_id":97,"param_name":"unified_alpha","param_value_internal":7.597502093077887e-05,"distribution":"{\"name\": \"FloatDistribution\", \"attributes\": {\"step\": null, \"low\": 1e-05, \"high\": 10.0, \"log\": true}}"}
{"op_code":5,"worker_id":"c87518fd-d6ef-4e67-9474-98557fb69c30-30084","trial_id":97,"param_name":"unified_rho","param_value_internal":0.4106303052773079,"distribution":"{\"name\": \"FloatDistribution\", \"attributes\": {\"step\": null, \"low\": 0.0, \"high\": 1.0, \"log\": false}}"}
{"op_code":5,"worker_id":"c87518fd-d6ef-4e67-9474-98557fb69c30-30084","trial_id":97,"param_name":"unified_gamma","param_value_internal":34.87337229044253,"distribution":"{\"name\": \"FloatDistribution\", \"attributes\": {\"step\": null, \"low\": 1.5, \"high\": 10000.0, \"log\": true}}"}
{"op_code":5,"worker_id":"c87518fd-d6ef-4e67-9474-98557fb69c30-30084","trial_id":97,"param_name":"huber_delta","param_value_internal":1.9552390506239516,"distribution":"{\"name\": \"FloatDistribution\", \"attributes\": {\"step\": null, \"low\": 0.5, \"high\": 5.0, \"log\": false}}"}
{"op_code":8,"worker_id":"deb075a7-ec4d-4b72-b3bf-71c854826842-19068","trial_id":95,"user_attr":{"cv_is_ics":[0.10960490256547928,0.10336873680353165,0.0906294584274292,0.08291041851043701,0.11602620780467987,0.13806328177452087,0.09321533888578415,0.1335454285144806,0.1153411716222763,0.1208755299448967,0.10743927955627441,0.11120381206274033,0.09659108519554138,0.08997461944818497,0.09437879920005798]}}
{"op_code":8,"worker_id":"deb075a7-ec4d-4b72-b3bf-71c854826842-19068","trial_id":95,"user_attr":{"cv_oos_ics":[0.009452064521610737,0.012039328925311565,-0.051208801567554474,0.009420600719749928,-0.010979438200592995,-0.015293807722628117,0.011753326281905174,-0.02804696373641491,0.02014313079416752,0.03428784757852554,0.02898881770670414,0.025124920532107353,0.05535445734858513,0.08721092343330383,0.0325603187084198]}}
{"op_code":8,"worker_id":"deb075a7-ec4d-4b72-b3bf-71c854826842-19068","trial_id":95,"user_attr":{"reg_kappa":3.2901769470974562}}
{"op_code":8,"worker_id":"deb075a7-ec4d-4b72-b3bf-71c854826842-19068","trial_id":95,"user_attr":{"raw_metrics":[-0.17306125372876677,-0.025462752800881165,0.6,0.00870239771171007,0.16363636363636364,0.04646941495542796,-0.15543653308049013,-0.2418825924396515,0.4170289855072464]}}
{"op_code":8,"worker_id":"deb075a7-ec4d-4b72-b3bf-71c854826842-19068","trial_id":95,"user_attr":{"val_metrics":[-0.013295978133666241,-0.21115023868916658,0.1393939393939394,0.005886787305707519,-5.698376482373678]}}
{"op_code":8,"worker_id":"f268685b-79da-44cd-8a4f-a41785ec266f-8896","trial_id":94,"user_attr":{"cv_oos_ics":[0.012551167979836464,0.007018931210041046,-0.056098487228155136,0.0066671716049313545,-0.013643772341310978,-0.022581344470381737,0.004991764668375254,-0.022967640310525894,0.018909204751253128,0.02534208633005619,0.0337156243622303,0.025681333616375923,0.06058739870786667,0.08550668507814407,0.03307776898145676]}}
{"op_code":8,"worker_id":"f268685b-79da-44cd-8a4f-a41785ec266f-8896","trial_id":94,"user_attr":{"reg_kappa":3.308280830226366}}
{"op_code":8,"worker_id":"f268685b-79da-44cd-8a4f-a41785ec266f-8896","trial_id":94,"user_attr":{"raw_metrics":[-0.10121001380465089,-0.013168854432796353,0.6,0.007269394866927866,0.14181818181818182,0.06426372053265428,-0.16009667797250987,-0.24959810078144073,0.4338768115942028]}}
{"op_code":8,"worker_id":"f268685b-79da-44cd-8a4f-a41785ec266f-8896","trial_id":94,"user_attr":{"val_metrics":[-0.01227983700431822,-0.21405314221270083,-0.21212121212121213,0.1745388410627788,-6.356996410459459]}}
{"op_code":8,"worker_id":"deb075a7-ec4d-4b72-b3bf-71c854826842-19068","trial_id":95,"user_attr":{"deflated_objective":-1.4418899836675259}}
{"op_code":8,"worker_id":"b0b519ee-3b36-4d97-9d06-534d07444509-16052","trial_id":96,"user_attr":{"constraints":[-0.00887580035824292,0.025929962264811236,0.0,0.09606060606060604,-0.030207065965782313,-70.0,-8.0,0.0649176309709166,-0.09999999999999998,-1314.0711862424928,0.032971014492753636,0.013492063492063444]}}
{"op_code":8,"worker_id":"b0b519ee-3b36-4d97-9d06-534d07444509-16052","trial_id":96,"user_attr":{"pruned_reasons":["M2 (Yearly Tail IC Mean <= 0)","M5 (Monotonicity <= 0.25)","Side-specific Yearly Tail IC Mean (-0.0649 <= 0)","Yearly Daily Win Rate (41.70% < 45%)","Side-specific Yearly Daily Win Rate (43.65% < 45%)"]}}
{"op_code":8,"worker_id":"f268685b-79da-44cd-8a4f-a41785ec266f-8896","trial_id":94,"user_attr":{"deflated_objective":-1.7432065844178442}}
{"op_code":9,"worker_id":"f268685b-79da-44cd-8a4f-a41785ec266f-8896","trial_id":94,"system_attr":{"constraints":[-0.007269394866927866,0.013168854432796353,0.0,0.10818181818181818,-0.06426372053265428,-68.0,-8.0,0.06708937909620671,-0.09999999999999998,-1320.063034172215,0.016123188405797184,0.024761904761904763]}}
{"op_code":6,"worker_id":"f268685b-79da-44cd-8a4f-a41785ec266f-8896","trial_id":94,"state":1,"values":[-1.2870875868515492],"datetime_complete":"2026-07-14T11:44:16.994774"}
{"op_code":8,"worker_id":"b0b519ee-3b36-4d97-9d06-534d07444509-16052","trial_id":96,"user_attr":{"gini":0.35109538634493864}}
{"op_code":8,"worker_id":"b0b519ee-3b36-4d97-9d06-534d07444509-16052","trial_id":96,"user_attr":{"cv_is_ics":[0.10980768501758575,0.10259819775819778,0.09126713126897812,0.08343330770730972,0.1162438616156578,0.1387191265821457,0.09476910531520844,0.13476501405239105,0.1159713938832283,0.12133505940437317,0.10777716338634491,0.11119766533374786,0.09685360640287399,0.08983300626277924,0.09449132531881332]}}
{"op_code":8,"worker_id":"b0b519ee-3b36-4d97-9d06-534d07444509-16052","trial_id":96,"user_attr":{"cv_oos_ics":[0.010008872486650944,0.012827225029468536,-0.049003493040800095,0.01001542154699564,-0.009845444932579994,-0.014284590259194374,0.01336580514907837,-0.02973233535885811,0.021477555856108665,0.03510411083698273,0.030622055754065514,0.025825753808021545,0.055407848209142685,0.08631151914596558,0.03267154470086098]}}
{"op_code":8,"worker_id":"b0b519ee-3b36-4d97-9d06-534d07444509-16052","trial_id":96,"user_attr":{"reg_kappa":3.2931249757688943}}
{"op_code":8,"worker_id":"b0b519ee-3b36-4d97-9d06-534d07444509-16052","trial_id":96,"user_attr":{"raw_metrics":[-0.174906221630323,-0.025929962264811236,0.6,0.00887580035824292,0.15393939393939396,0.030207065965782313,-0.1562342751264225,-0.24270209670066833,0.4170289855072464]}}
{"op_code":8,"worker_id":"b0b519ee-3b36-4d97-9d06-534d07444509-16052","trial_id":96,"user_attr":{"val_metrics":[-0.011626728994711316,-0.12605988341795396,0.01818181818181818,-0.041813793713631836,-6.4439503252019605]}}
{"op_code":9,"worker_id":"deb075a7-ec4d-4b72-b3bf-71c854826842-19068","trial_id":95,"system_attr":{"constraints":[-0.00870239771171007,0.025462752800881165,0.0,0.08636363636363636,-0.04646941495542796,-70.0,-8.0,0.0646201830649706,-0.09999999999999998,-1312.8195757079318,0.032971014492753636,0.013492063492063444]}}
{"op_code":8,"worker_id":"b0b519ee-3b36-4d97-9d06-534d07444509-16052","trial_id":96,"user_attr":{"deflated_objective":-1.7166016481038902}}
{"op_code":9,"worker_id":"b0b519ee-3b36-4d97-9d06-534d07444509-16052","trial_id":96,"system_attr":{"constraints":[-0.00887580035824292,0.025929962264811236,0.0,0.09606060606060604,-0.030207065965782313,-70.0,-8.0,0.0649176309709166,-0.09999999999999998,-1314.0711862424928,0.032971014492753636,0.013492063492063444]}}
{"op_code":6,"worker_id":"b0b519ee-3b36-4d97-9d06-534d07444509-16052","trial_id":96,"state":1,"values":[-1.2635762354017384],"datetime_complete":"2026-07-14T11:44:17.010532"}
{"op_code":6,"worker_id":"deb075a7-ec4d-4b72-b3bf-71c854826842-19068","trial_id":95,"state":1,"values":[-0.9874285531992089],"datetime_complete":"2026-07-14T11:44:17.007931"}
{"op_code":8,"worker_id":"c87518fd-d6ef-4e67-9474-98557fb69c30-30084","trial_id":97,"user_attr":{"constraints":[-0.009413320860145794,0.025309730782725616,0.0,0.08636363636363636,-0.04646941495542796,-71.0,-8.0,0.05998229875003156,-0.09999999999999998,-1310.0708651021564,0.02880434782608693,0.013492063492063444]}}
{"op_code":8,"worker_id":"c87518fd-d6ef-4e67-9474-98557fb69c30-30084","trial_id":97,"user_attr":{"pruned_reasons":["M2 (Yearly Tail IC Mean <= 0)","M5 (Monotonicity <= 0.25)","Side-specific Yearly Tail IC Mean (-0.0600 <= 0)","Yearly Daily Win Rate (42.12% < 45%)","Side-specific Yearly Daily Win Rate (43.65% < 45%)"]}}
{"op_code":8,"worker_id":"c87518fd-d6ef-4e67-9474-98557fb69c30-30084","trial_id":97,"user_attr":{"gini":0.35001434312466717}}
{"op_code":8,"worker_id":"c87518fd-d6ef-4e67-9474-98557fb69c30-30084","trial_id":97,"user_attr":{"cv_is_ics":[0.10996495187282562,0.10295984894037247,0.09129153937101364,0.08396928757429123,0.11625689268112183,0.13892894983291626,0.09428288042545319,0.13480541110038757,0.11615366488695145,0.12121354788541794,0.10777170956134796,0.11120900511741638,0.09771457314491272,0.0902080237865448,0.09434685111045837]}}
{"op_code":8,"worker_id":"c87518fd-d6ef-4e67-9474-98557fb69c30-30084","trial_id":97,"user_attr":{"cv_oos_ics":[0.010038058273494244,0.012297914363443851,-0.0500766783952713,0.01004232931882143,-0.010444059036672115,-0.014120151288807392,0.012945672497153282,-0.0294438935816288,0.019987301900982857,0.03451269865036011,0.03023488260805607,0.02544412948191166,0.05450892448425293,0.08635344356298447,0.03196890279650688]}}
{"op_code":8,"worker_id":"c87518fd-d6ef-4e67-9474-98557fb69c30-30084","trial_id":97,"user_attr":{"reg_kappa":3.283150248185427}}
{"op_code":8,"worker_id":"c87518fd-d6ef-4e67-9474-98557fb69c30-30084","trial_id":97,"user_attr":{"raw_metrics":[-0.16887213491677816,-0.025309730782725616,0.6,0.009413320860145794,0.16363636363636364,0.04646941495542796,-0.15369493710402787,-0.23891492187976837,0.4211956521739131]}}
{"op_code":8,"worker_id":"c87518fd-d6ef-4e67-9474-98557fb69c30-30084","trial_id":97,"user_attr":{"val_metrics":[-0.013469583560176824,-0.102706327981449,0.11515151515151516,0.005886787305707519,-6.135088129319026]}}
{"op_code":8,"worker_id":"c87518fd-d6ef-4e67-9474-98557fb69c30-30084","trial_id":97,"user_attr":{"deflated_objective":-1.565820994208682}}
{"op_code":9,"worker_id":"c87518fd-d6ef-4e67-9474-98557fb69c30-30084","trial_id":97,"system_attr":{"constraints":[-0.009413320860145794,0.025309730782725616,0.0,0.08636363636363636,-0.04646941495542796,-71.0,-8.0,0.05998229875003156,-0.09999999999999998,-1310.0708651021564,0.02880434782608693,0.013492063492063444]}}
{"op_code":6,"worker_id":"c87518fd-d6ef-4e67-9474-98557fb69c30-30084","trial_id":97,"state":1,"values":[-1.1211772506477795],"datetime_complete":"2026-07-14T11:44:17.030753"}
{"op_code":5,"worker_id":"fb475078-253e-47ba-8e8b-07b1de45e433-12024","trial_id":91,"param_name":"huber_delta","param_value_internal":2.295203102420115,"distribution":"{\"name\": \"FloatDistribution\", \"attributes\": {\"step\": null, \"low\": 0.5, \"high\": 5.0, \"log\": false}}"}
{"op_code":8,"worker_id":"ff23657d-4a4e-4a90-945c-c197b7cbbc7d-27064","trial_id":14,"user_attr":{"cv_is_ics":[0.09686504304409027,0.07513128221035004,0.07474108785390854,0.06441468000411987,0.10472781956195831,0.09272663295269012,0.06652497500181198,0.08786407858133316,0.10180430859327316,0.09269527345895767,0.06392470747232437,0.08667851984500885,0.0564405582845211,0.07642988115549088,0.06940184533596039]}}
{"op_code":8,"worker_id":"ff23657d-4a4e-4a90-945c-c197b7cbbc7d-27064","trial_id":14,"user_attr":{"cv_oos_ics":[0.033798132091760635,-0.005402630660682917,-0.03489779308438301,-0.007391263730823994,-0.03736179322004318,-0.0719929113984108,-0.028681647032499313,-0.004389113746583462,-0.009029037319123745,-0.007012579590082169,0.04757126048207283,0.015302050858736038,0.07170718163251877,0.06715375185012817,0.044709037989377975]}}
{"op_code":8,"worker_id":"ff23657d-4a4e-4a90-945c-c197b7cbbc7d-27064","trial_id":14,"user_attr":{"reg_kappa":3.5638245514833318}}
{"op_code":8,"worker_id":"ff23657d-4a4e-4a90-945c-c197b7cbbc7d-27064","trial_id":14,"user_attr":{"raw_metrics":[0.03285256297034933,0.0053991304836174285,0.4,0.0010339120819564478,0.006060606060606055,0.00977768703075891,-0.23480586069329723,-0.3797703683376312,0.39963768115942033]}}
{"op_code":8,"worker_id":"ff23657d-4a4e-4a90-945c-c197b7cbbc7d-27064","trial_id":14,"user_attr":{"val_metrics":[0.012969863636271676,-0.24118827511325,0.1393939393939394,-0.16751082440284826,-5.943722349211248]}}
{"op_code":8,"worker_id":"ff23657d-4a4e-4a90-945c-c197b7cbbc7d-27064","trial_id":14,"user_attr":{"deflated_objective":-1.5355330979358919}}
{"op_code":9,"worker_id":"ff23657d-4a4e-4a90-945c-c197b7cbbc7d-27064","trial_id":14,"system_attr":{"constraints":[-0.0010339120819564478,-0.0053991304836174285,0.19999999999999996,0.24393939393939396,-0.00977768703075891,-42.0,-8.0,-0.053351545116250995,-0.09999999999999998,-1422.0012274809874,0.05036231884057968,0.05285714285714288]}}
{"op_code":6,"worker_id":"ff23657d-4a4e-4a90-945c-c197b7cbbc7d-27064","trial_id":14,"state":1,"values":[-1.0949555303161234],"datetime_complete":"2026-07-14T11:44:17.076431"}
{"op_code":8,"worker_id":"fb475078-253e-47ba-8e8b-07b1de45e433-12024","trial_id":91,"user_attr":{"constraints":[-0.00634841868485096,0.014132153960920848,0.0,0.09848484848484848,-0.040841124353705384,-71.0,-8.0,0.06843755507610978,-0.09999999999999998,-1311.5200748554091,0.020108695652173936,0.024761904761904763]}}
{"op_code":8,"worker_id":"fb475078-253e-47ba-8e8b-07b1de45e433-12024","trial_id":91,"user_attr":{"pruned_reasons":["M2 (Yearly Tail IC Mean <= 0)","M5 (Monotonicity <= 0.25)","Side-specific Yearly Tail IC Mean (-0.0684 <= 0)","Yearly Daily Win Rate (42.99% < 45%)","Side-specific Yearly Daily Win Rate (42.52% < 45%)"]}}
{"op_code":8,"worker_id":"fb475078-253e-47ba-8e8b-07b1de45e433-12024","trial_id":91,"user_attr":{"gini":0.34102560539770765}}
{"op_code":8,"worker_id":"fb475078-253e-47ba-8e8b-07b1de45e433-12024","trial_id":91,"user_attr":{"cv_is_ics":[0.10793828219175339,0.10343798995018005,0.08923044800758362,0.08302158862352371,0.11557422578334808,0.13468557596206665,0.08764073997735977,0.12720239162445068,0.11438103765249252,0.1196453869342804,0.10334525257349014,0.107829250395298,0.09622174501419067,0.09065375477075577,0.09255964308977127]}}
{"op_code":8,"worker_id":"fb475078-253e-47ba-8e8b-07b1de45e433-12024","trial_id":91,"user_attr":{"cv_oos_ics":[0.011777103878557682,0.005892277229577303,-0.05487695336341858,0.007500603795051575,-0.012848961167037487,-0.02130676805973053,0.005037607625126839,-0.023880088701844215,0.0185004360973835,0.025216180831193924,0.033226966857910156,0.026028670370578766,0.06149172782897949,0.08657574653625488,0.03323854133486748]}}
{"op_code":8,"worker_id":"fb475078-253e-47ba-8e8b-07b1de45e433-12024","trial_id":91,"user_attr":{"reg_kappa":3.286958683409304}}
{"op_code":8,"worker_id":"fb475078-253e-47ba-8e8b-07b1de45e433-12024","trial_id":91,"user_attr":{"raw_metrics":[-0.11082778657529985,-0.014132153960920848,0.6,0.00634841868485096,0.15151515151515152,0.040841124353705384,-0.15461132438011824,-0.24105645716190338,0.4298913043478261]}}
{"op_code":8,"worker_id":"fb475078-253e-47ba-8e8b-07b1de45e433-12024","trial_id":91,"user_attr":{"val_metrics":[-0.012577383520135092,-0.19696350429816847,-0.1393939393939394,0.1745388410627788,-5.223781523989767]}}
{"op_code":8,"worker_id":"fb475078-253e-47ba-8e8b-07b1de45e433-12024","trial_id":91,"user_attr":{"deflated_objective":-1.262180078884479}}
{"op_code":9,"worker_id":"fb475078-253e-47ba-8e8b-07b1de45e433-12024","trial_id":91,"system_attr":{"constraints":[-0.00634841868485096,0.014132153960920848,0.0,0.09848484848484848,-0.040841124353705384,-71.0,-8.0,0.06843755507610978,-0.09999999999999998,-1311.5200748554091,0.020108695652173936,0.024761904761904763]}}
{"op_code":6,"worker_id":"fb475078-253e-47ba-8e8b-07b1de45e433-12024","trial_id":91,"state":1,"values":[-0.8197228045234503],"datetime_complete":"2026-07-14T11:44:17.096090"}
{"op_code":8,"worker_id":"4ebdd39a-465a-461f-bc5e-a81fd3f56721-24340","trial_id":49,"user_attr":{"val_metrics":[-0.004090055947107565,-0.26921949653439237,-0.006060606060606061,-0.059273830830942884,-5.87739426485849]}}
{"op_code":8,"worker_id":"4ebdd39a-465a-461f-bc5e-a81fd3f56721-24340","trial_id":49,"user_attr":{"deflated_objective":-1.5343393253207707}}
{"op_code":9,"worker_id":"4ebdd39a-465a-461f-bc5e-a81fd3f56721-24340","trial_id":49,"system_attr":{"constraints":[-0.015008937589311735,0.0650049770139323,0.19999999999999996,0.07424242424242425,-0.03761733783388303,-120.0,-4.0,0.1080979645685528,0.3,-1193.3086914848125,0.05887681159420288,0.04174603174603181]}}
{"op_code":6,"worker_id":"4ebdd39a-465a-461f-bc5e-a81fd3f56721-24340","trial_id":49,"state":1,"values":[-1.0958882316471763],"datetime_complete":"2026-07-14T11:44:17.149472"}
{"op_code":4,"worker_id":"4ebdd39a-465a-461f-bc5e-a81fd3f56721-24340","study_id":0,"datetime_start":"2026-07-14T11:44:17.151177"}
{"op_code":5,"worker_id":"4ebdd39a-465a-461f-bc5e-a81fd3f56721-24340","trial_id":98,"param_name":"k_weight","param_value_internal":1.0193074447920054,"distribution":"{\"name\": \"FloatDistribution\", \"attributes\": {\"step\": null, \"low\": 0.0, \"high\": 1.5, \"log\": false}}"}
{"op_code":5,"worker_id":"4ebdd39a-465a-461f-bc5e-a81fd3f56721-24340","trial_id":98,"param_name":"unified_alpha","param_value_internal":2.3899449628307933e-05,"distribution":"{\"name\": \"FloatDistribution\", \"attributes\": {\"step\": null, \"low\": 1e-05, \"high\": 10.0, \"log\": true}}"}
{"op_code":5,"worker_id":"4ebdd39a-465a-461f-bc5e-a81fd3f56721-24340","trial_id":98,"param_name":"unified_rho","param_value_internal":0.3721272287556145,"distribution":"{\"name\": \"FloatDistribution\", \"attributes\": {\"step\": null, \"low\": 0.0, \"high\": 1.0, \"log\": false}}"}
{"op_code":5,"worker_id":"4ebdd39a-465a-461f-bc5e-a81fd3f56721-24340","trial_id":98,"param_name":"unified_gamma","param_value_internal":26.74864743878732,"distribution":"{\"name\": \"FloatDistribution\", \"attributes\": {\"step\": null, \"low\": 1.5, \"high\": 10000.0, \"log\": true}}"}
{"op_code":5,"worker_id":"4ebdd39a-465a-461f-bc5e-a81fd3f56721-24340","trial_id":98,"param_name":"huber_delta","param_value_internal":2.9326739530789987,"distribution":"{\"name\": \"FloatDistribution\", \"attributes\": {\"step\": null, \"low\": 0.5, \"high\": 5.0, \"log\": false}}"}
{"op_code":8,"worker_id":"4ebdd39a-465a-461f-bc5e-a81fd3f56721-24340","trial_id":98,"user_attr":{"constraints":[-0.00884285631189017,0.013446104248476209,0.19999999999999996,0.12999999999999998,-0.016821186208998525,-55.0,-8.0,-0.027294807437549685,-0.09999999999999998,-1362.715965154059,0.028985507246376885,0.04698412698412702]}}
{"op_code":8,"worker_id":"4ebdd39a-465a-461f-bc5e-a81fd3f56721-24340","trial_id":98,"user_attr":{"pruned_reasons":["M2 (Yearly Tail IC Mean <= 0)","M3 (Hit Rate < 60%)","M5 (Monotonicity <= 0.25)","Yearly Daily Win Rate (42.10% < 45%)","Side-specific Yearly Daily Win Rate (40.30% < 45%)"]}}
{"op_code":8,"worker_id":"4ebdd39a-465a-461f-bc5e-a81fd3f56721-24340","trial_id":98,"user_attr":{"gini":0.3398971510100339}}
{"op_code":8,"worker_id":"4ebdd39a-465a-461f-bc5e-a81fd3f56721-24340","trial_id":98,"user_attr":{"cv_is_ics":[0.10548460483551025,0.09834732115268707,0.08475904911756516,0.0815347209572792,0.11045677959918976,0.12028596550226212,0.07533685117959976,0.10852662473917007,0.11080602556467056,0.11393007636070251,0.09032289683818817,0.09970975667238235,0.082609161734581,0.09023933112621307,0.0857585147023201]}}
{"op_code":8,"worker_id":"4ebdd39a-465a-461f-bc5e-a81fd3f56721-24340","trial_id":98,"user_attr":{"cv_oos_ics":[0.025259796530008316,0.00730249984189868,-0.05082867294549942,0.006121326237916946,-0.02208506502211094,-0.04312124848365784,-0.005020665470510721,-0.012376905418932438,0.010979720391333103,0.01811862923204899,0.0404999665915966,0.018756680190563202,0.0738702043890953,0.08443620800971985,0.03561817482113838]}}
{"op_code":8,"worker_id":"4ebdd39a-465a-461f-bc5e-a81fd3f56721-24340","trial_id":98,"user_attr":{"reg_kappa":3.4152451730895423}}
{"op_code":8,"worker_id":"4ebdd39a-465a-461f-bc5e-a81fd3f56721-24340","trial_id":98,"user_attr":{"raw_metrics":[-0.09590401282096044,-0.013446104248476209,0.4,0.00884285631189017,0.12000000000000002,0.016821186208998525,-0.18945161814325326,-0.2914537787437439,0.4210144927536231]}}
{"op_code":8,"worker_id":"4ebdd39a-465a-461f-bc5e-a81fd3f56721-24340","trial_id":98,"user_attr":{"val_metrics":[-0.003899749239059254,-0.26285357104328516,0.01818181818181818,-0.08185664856253005,-5.965520742708213]}}
{"op_code":8,"worker_id":"4ebdd39a-465a-461f-bc5e-a81fd3f56721-24340","trial_id":98,"user_attr":{"deflated_objective":-1.5758773407475313}}
{"op_code":9,"worker_id":"4ebdd39a-465a-461f-bc5e-a81fd3f56721-24340","trial_id":98,"system_attr":{"constraints":[-0.00884285631189017,0.013446104248476209,0.19999999999999996,0.12999999999999998,-0.016821186208998525,-55.0,-8.0,-0.027294807437549685,-0.09999999999999998,-1362.715965154059,0.028985507246376885,0.04698412698412702]}}
{"op_code":6,"worker_id":"4ebdd39a-465a-461f-bc5e-a81fd3f56721-24340","trial_id":98,"state":1,"values":[-1.1261491794925493],"datetime_complete":"2026-07-14T11:44:17.215878"}
{"op_code":5,"worker_id":"eb44065e-c60a-4106-b605-ac42c56e67aa-14384","trial_id":28,"param_name":"k_weight","param_value_internal":0.9640348736791186,"distribution":"{\"name\": \"FloatDistribution\", \"attributes\": {\"step\": null, \"low\": 0.0, \"high\": 1.5, \"log\": false}}"}
{"op_code":8,"worker_id":"24692abf-bffb-450e-bfdb-8c30f0fda149-31524","trial_id":22,"user_attr":{"cv_oos_ics":[0.021281560882925987,-0.004010757431387901,-0.04081851989030838,0.013745222240686417,-0.011554762721061707,-0.030081313103437424,0.0015731846215203404,-0.025915546342730522,0.012773444876074791,0.01171158067882061,0.03663953021168709,0.026755953207612038,0.06636077165603638,0.0820828303694725,0.035498764365911484]}}
{"op_code":5,"worker_id":"eb44065e-c60a-4106-b605-ac42c56e67aa-14384","trial_id":28,"param_name":"unified_alpha","param_value_internal":0.017050047208521636,"distribution":"{\"name\": \"FloatDistribution\", \"attributes\": {\"step\": null, \"low\": 1e-05, \"high\": 10.0, \"log\": true}}"}
{"op_code":8,"worker_id":"24692abf-bffb-450e-bfdb-8c30f0fda149-31524","trial_id":22,"user_attr":{"reg_kappa":3.10268296740439}}
{"op_code":8,"worker_id":"24692abf-bffb-450e-bfdb-8c30f0fda149-31524","trial_id":22,"user_attr":{"raw_metrics":[-0.050724631913011124,-0.005855536084760601,0.6,0.0074536552013475185,0.15636363636363634,0.04477159410913065,-0.11423905917114975,-0.1735571324825287,0.4298913043478261]}}
{"op_code":8,"worker_id":"24692abf-bffb-450e-bfdb-8c30f0fda149-31524","trial_id":22,"user_attr":{"val_metrics":[-0.0034716690228027776,-0.013408664738652848,-0.05454545454545454,0.02759074041471425,-6.310273678753501]}}
{"op_code":5,"worker_id":"eb44065e-c60a-4106-b605-ac42c56e67aa-14384","trial_id":28,"param_name":"unified_rho","param_value_internal":0.51189798245863,"distribution":"{\"name\": \"FloatDistribution\", \"attributes\": {\"step\": null, \"low\": 0.0, \"high\": 1.0, \"log\": false}}"}
{"op_code":5,"worker_id":"eb44065e-c60a-4106-b605-ac42c56e67aa-14384","trial_id":28,"param_name":"unified_gamma","param_value_internal":323.3398288040007,"distribution":"{\"name\": \"FloatDistribution\", \"attributes\": {\"step\": null, \"low\": 1.5, \"high\": 10000.0, \"log\": true}}"}
{"op_code":5,"worker_id":"eb44065e-c60a-4106-b605-ac42c56e67aa-14384","trial_id":28,"param_name":"huber_delta","param_value_internal":2.718450426250363,"distribution":"{\"name\": \"FloatDistribution\", \"attributes\": {\"step\": null, \"low\": 0.5, \"high\": 5.0, \"log\": false}}"}
{"op_code":8,"worker_id":"24692abf-bffb-450e-bfdb-8c30f0fda149-31524","trial_id":22,"user_attr":{"deflated_objective":-1.6187948873323998}}
{"op_code":9,"worker_id":"24692abf-bffb-450e-bfdb-8c30f0fda149-31524","trial_id":22,"system_attr":{"constraints":[-0.0074536552013475185,0.005855536084760601,0.0,0.09363636363636366,-0.04477159410913065,-100.0,-8.0,-0.019357313424716936,-0.09999999999999998,-1237.9852305457791,0.020108695652173936,0.04142857142857148]}}
{"op_code":6,"worker_id":"24692abf-bffb-450e-bfdb-8c30f0fda149-31524","trial_id":22,"state":1,"values":[-1.1715023106353781],"datetime_complete":"2026-07-14T11:44:17.261976"}
{"op_code":8,"worker_id":"8b5d6ede-f14d-4a73-aa99-03443e2e8e1a-19176","trial_id":87,"user_attr":{"constraints":[-0.007944217971290671,0.009918787158325103,0.0,0.05242424242424243,-0.06310385104805087,-65.0,-8.0,0.06514737806242005,-0.09999999999999998,-1329.031504186983,0.016123188405797184,0.024761904761904763]}}
{"op_code":8,"worker_id":"8b5d6ede-f14d-4a73-aa99-03443e2e8e1a-19176","trial_id":87,"user_attr":{"pruned_reasons":["M2 (Yearly Tail IC Mean <= 0)","M5 (Monotonicity <= 0.25)","Side-specific Yearly Tail IC Mean (-0.0651 <= 0)","Yearly Daily Win Rate (43.39% < 45%)","Side-specific Yearly Daily Win Rate (42.52% < 45%)"]}}
{"op_code":8,"worker_id":"8b5d6ede-f14d-4a73-aa99-03443e2e8e1a-19176","trial_id":87,"user_attr":{"gini":0.3460949129535431}}
{"op_code":8,"worker_id":"8b5d6ede-f14d-4a73-aa99-03443e2e8e1a-19176","trial_id":87,"user_attr":{"cv_is_ics":[0.10806912183761597,0.1030430719256401,0.08795064687728882,0.08211036026477814,0.1155710220336914,0.13299153745174408,0.08733192086219788,0.12526004016399384,0.11332850903272629,0.11823450773954391,0.10249355435371399,0.1076115071773529,0.0951157659292221,0.09006155282258987,0.0915900468826294]}}
{"op_code":8,"worker_id":"8b5d6ede-f14d-4a73-aa99-03443e2e8e1a-19176","trial_id":87,"user_attr":{"cv_oos_ics":[0.012734397314488888,0.008815620094537735,-0.05606958642601967,0.005682400427758694,-0.014116904698312283,-0.022595178335905075,0.004577611107379198,-0.02304096147418022,0.018966227769851685,0.02574026770889759,0.03337150067090988,0.024517707526683807,0.060892920941114426,0.08523567765951157,0.033976610749959946]}}
{"op_code":8,"worker_id":"8b5d6ede-f14d-4a73-aa99-03443e2e8e1a-19176","trial_id":87,"user_attr":{"reg_kappa":3.3305754333781743}}
{"op_code":8,"worker_id":"8b5d6ede-f14d-4a73-aa99-03443e2e8e1a-19176","trial_id":87,"user_attr":{"raw_metrics":[-0.07675164895900548,-0.009918787158325103,0.6,0.007944217971290671,0.19757575757575757,0.06310385104805087,-0.16600470130501743,-0.25843438506126404,0.4338768115942028]}}
{"op_code":8,"worker_id":"8b5d6ede-f14d-4a73-aa99-03443e2e8e1a-19176","trial_id":87,"user_attr":{"val_metrics":[-0.012366859471277955,-0.25515028298329523,-0.15151515151515152,0.1745388410627788,-6.062047425679308]}}
{"op_code":8,"worker_id":"fd0c312c-aff3-4d90-a334-8f23c2b42de9-31796","trial_id":26,"user_attr":{"raw_metrics":[-0.12054475351277169,-0.015428678428949367,0.4,0.008303129292219309,0.14424242424242423,0.0239359401696978,-0.0994743153197367,-0.16252246499061584,0.40869565217391307]}}
{"op_code":8,"worker_id":"8b5d6ede-f14d-4a73-aa99-03443e2e8e1a-19176","trial_id":87,"user_attr":{"deflated_objective":-1.623567909698458}}
{"op_code":9,"worker_id":"8b5d6ede-f14d-4a73-aa99-03443e2e8e1a-19176","trial_id":87,"system_attr":{"constraints":[-0.007944217971290671,0.009918787158325103,0.0,0.05242424242424243,-0.06310385104805087,-65.0,-8.0,0.06514737806242005,-0.09999999999999998,-1329.031504186983,0.016123188405797184,0.024761904761904763]}}
{"op_code":6,"worker_id":"8b5d6ede-f14d-4a73-aa99-03443e2e8e1a-19176","trial_id":87,"state":1,"values":[-1.1794949454445758],"datetime_complete":"2026-07-14T11:44:17.295708"}
{"op_code":8,"worker_id":"eb44065e-c60a-4106-b605-ac42c56e67aa-14384","trial_id":28,"user_attr":{"constraints":[-0.010425865354593361,0.023901855338615684,0.0,0.21,-0.027923266616492443,-59.0,-8.0,0.015331230628686207,-0.09999999999999998,-1349.2386465105833,0.020108695652173936,0.030476190476190546]}}
{"op_code":8,"worker_id":"eb44065e-c60a-4106-b605-ac42c56e67aa-14384","trial_id":28,"user_attr":{"pruned_reasons":["M2 (Yearly Tail IC Mean <= 0)","M5 (Monotonicity <= 0.25)","Side-specific Yearly Tail IC Mean (-0.0153 <= 0)","Yearly Daily Win Rate (42.99% < 45%)","Side-specific Yearly Daily Win Rate (41.95% < 45%)"]}}
{"op_code":8,"worker_id":"eb44065e-c60a-4106-b605-ac42c56e67aa-14384","trial_id":28,"user_attr":{"gini":0.4387815335103431}}
{"op_code":8,"worker_id":"fd0c312c-aff3-4d90-a334-8f23c2b42de9-31796","trial_id":26,"user_attr":{"val_metrics":[0.01789893922694558,-0.3401337271518787,0.18787878787878787,-0.048475618194113806,-5.267191180305568]}}
{"op_code":8,"worker_id":"eb44065e-c60a-4106-b605-ac42c56e67aa-14384","trial_id":28,"user_attr":{"cv_is_ics":[0.10559074580669403,0.10037323087453842,0.09048351645469666,0.0768849328160286,0.11119942367076874,0.1241612583398819,0.07906626909971237,0.11731240898370743,0.11389100551605225,0.12198006361722946,0.095582976937294,0.09845149517059326,0.09627854824066162,0.09511366486549377,0.08163812756538391]}}
{"op_code":8,"worker_id":"eb44065e-c60a-4106-b605-ac42c56e67aa-14384","trial_id":28,"user_attr":{"cv_oos_ics":[0.04332451522350311,-0.010465232655405998,-0.0675545483827591,0.007491919212043285,-0.007392693776637316,-0.04328427463769913,-0.0005418588989414275,-0.02544359117746353,0.017616841942071915,0.0037607818376272917,0.02658560872077942,0.02399362251162529,0.05999855697154999,0.08287693560123444,0.040205810219049454]}}
{"op_code":8,"worker_id":"eb44065e-c60a-4106-b605-ac42c56e67aa-14384","trial_id":28,"user_attr":{"reg_kappa":3.3370370831666536}}
{"op_code":8,"worker_id":"eb44065e-c60a-4106-b605-ac42c56e67aa-14384","trial_id":28,"user_attr":{"raw_metrics":[-0.15526956037886339,-0.023901855338615684,0.6,0.010425865354593361,0.04,0.027923266616492443,-0.17981265434763016,-0.2088451385498047,0.4298913043478261]}}
{"op_code":8,"worker_id":"eb44065e-c60a-4106-b605-ac42c56e67aa-14384","trial_id":28,"user_attr":{"val_metrics":[-0.01972289497382892,-0.2482191544987076,-0.09090909090909091,-0.17507320549676492,-7.094542133943335]}}
{"op_code":8,"worker_id":"fd0c312c-aff3-4d90-a334-8f23c2b42de9-31796","trial_id":26,"user_attr":{"deflated_objective":-1.2992394869662602}}
{"op_code":9,"worker_id":"fd0c312c-aff3-4d90-a334-8f23c2b42de9-31796","trial_id":26,"system_attr":{"constraints":[-0.008303129292219309,0.015428678428949367,0.19999999999999996,0.10575757575757577,-0.0239359401696978,-108.0,-7.0,-0.051381405044850094,-0.09999999999999998,-1222.3828503249597,0.04130434782608694,0.024761904761904763]}}
{"op_code":6,"worker_id":"fd0c312c-aff3-4d90-a334-8f23c2b42de9-31796","trial_id":26,"state":1,"values":[-0.8585798511853883],"datetime_complete":"2026-07-14T11:44:17.315313"}
{"op_code":8,"worker_id":"eb44065e-c60a-4106-b605-ac42c56e67aa-14384","trial_id":28,"user_attr":{"deflated_objective":-2.0308481069507702}}
{"op_code":9,"worker_id":"eb44065e-c60a-4106-b605-ac42c56e67aa-14384","trial_id":28,"system_attr":{"constraints":[-0.010425865354593361,0.023901855338615684,0.0,0.21,-0.027923266616492443,-59.0,-8.0,0.015331230628686207,-0.09999999999999998,-1349.2386465105833,0.020108695652173936,0.030476190476190546]}}
{"op_code":6,"worker_id":"eb44065e-c60a-4106-b605-ac42c56e67aa-14384","trial_id":28,"state":1,"values":[-1.5843953748055104],"datetime_complete":"2026-07-14T11:44:17.321443"}
{"op_code":8,"worker_id":"5b968da0-c7a5-49dd-bd3e-37cce0a416c5-4680","trial_id":77,"user_attr":{"constraints":[-0.009569530674662534,0.028184341483479,0.0,0.07424242424242428,-0.008791654630163731,-54.0,-7.0,0.027630090616503712,0.09999999999999998,-1371.791464676251,0.03278985507246379,0.03603174603174608]}}
{"op_code":8,"worker_id":"5b968da0-c7a5-49dd-bd3e-37cce0a416c5-4680","trial_id":77,"user_attr":{"pruned_reasons":["M2 (Yearly Tail IC Mean <= 0)","M5 (Monotonicity <= 0.25)","Side-specific Yearly Tail IC Mean (-0.0276 <= 0)","Side-specific Hit Rate (40.00% < 50%)","Yearly Daily Win Rate (41.72% < 45%)","Side-specific Yearly Daily Win Rate (41.40% < 45%)"]}}
{"op_code":8,"worker_id":"5b968da0-c7a5-49dd-bd3e-37cce0a416c5-4680","trial_id":77,"user_attr":{"gini":0.3565342889809284}}
{"op_code":8,"worker_id":"5b968da0-c7a5-49dd-bd3e-37cce0a416c5-4680","trial_id":77,"user_attr":{"cv_is_ics":[0.11199428141117096,0.10062439739704132,0.08979862928390503,0.07961344718933105,0.11569646745920181,0.13778473436832428,0.0952979102730751,0.1342954784631729,0.11655868589878082,0.12102358788251877,0.11313154548406601,0.11020887643098831,0.0947391614317894,0.08864390105009079,0.09333730489015579]}}
{"op_code":8,"worker_id":"5b968da0-c7a5-49dd-bd3e-37cce0a416c5-4680","trial_id":77,"user_attr":{"cv_oos_ics":[0.01196019072085619,0.015203473158180714,-0.05505021661520004,0.009499046951532364,-0.011239859275519848,-0.014666398987174034,0.009063536301255226,-0.03381108492612839,0.018135705962777138,0.03472526744008064,0.032743245363235474,0.02872788906097412,0.05842095986008644,0.0819370225071907,0.03479485213756561]}}
{"op_code":8,"worker_id":"5b968da0-c7a5-49dd-bd3e-37cce0a416c5-4680","trial_id":77,"user_attr":{"reg_kappa":3.3916407924990573}}
{"op_code":8,"worker_id":"5b968da0-c7a5-49dd-bd3e-37cce0a416c5-4680","trial_id":77,"user_attr":{"raw_metrics":[-0.17914869326726493,-0.028184341483479,0.6,0.009569530674662534,0.17575757575757572,0.008791654630163731,-0.1809653130947606,-0.2886606752872467,0.4172101449275362]}}
{"op_code":8,"worker_id":"5b968da0-c7a5-49dd-bd3e-37cce0a416c5-4680","trial_id":77,"user_attr":{"val_metrics":[-0.0014367497196534093,-0.09558577083876678,0.15151515151515152,-0.04236632358768713,-7.023549932103142]}}
{"op_code":8,"worker_id":"5b968da0-c7a5-49dd-bd3e-37cce0a416c5-4680","trial_id":77,"user_attr":{"deflated_objective":-1.9137047978665405}}
{"op_code":9,"worker_id":"5b968da0-c7a5-49dd-bd3e-37cce0a416c5-4680","trial_id":77,"system_attr":{"constraints":[-0.009569530674662534,0.028184341483479,0.0,0.07424242424242428,-0.008791654630163731,-54.0,-7.0,0.027630090616503712,0.09999999999999998,-1371.791464676251,0.03278985507246379,0.03603174603174608]}}
{"op_code":6,"worker_id":"5b968da0-c7a5-49dd-bd3e-37cce0a416c5-4680","trial_id":77,"state":1,"values":[-1.4688741018491673],"datetime_complete":"2026-07-14T11:44:17.612443"}
{"op_code":4,"worker_id":"5b968da0-c7a5-49dd-bd3e-37cce0a416c5-4680","study_id":0,"datetime_start":"2026-07-14T11:44:17.613986"}
{"op_code":5,"worker_id":"5b968da0-c7a5-49dd-bd3e-37cce0a416c5-4680","trial_id":99,"param_name":"k_weight","param_value_internal":0.9341582038126965,"distribution":"{\"name\": \"FloatDistribution\", \"attributes\": {\"step\": null, \"low\": 0.0, \"high\": 1.5, \"log\": false}}"}
{"op_code":5,"worker_id":"5b968da0-c7a5-49dd-bd3e-37cce0a416c5-4680","trial_id":99,"param_name":"unified_alpha","param_value_internal":2.310526825415343e-05,"distribution":"{\"name\": \"FloatDistribution\", \"attributes\": {\"step\": null, \"low\": 1e-05, \"high\": 10.0, \"log\": true}}"}
{"op_code":5,"worker_id":"5b968da0-c7a5-49dd-bd3e-37cce0a416c5-4680","trial_id":99,"param_name":"unified_rho","param_value_internal":0.6450190154693985,"distribution":"{\"name\": \"FloatDistribution\", \"attributes\": {\"step\": null, \"low\": 0.0, \"high\": 1.0, \"log\": false}}"}
{"op_code":5,"worker_id":"5b968da0-c7a5-49dd-bd3e-37cce0a416c5-4680","trial_id":99,"param_name":"unified_gamma","param_value_internal":22.909270428084216,"distribution":"{\"name\": \"FloatDistribution\", \"attributes\": {\"step\": null, \"low\": 1.5, \"high\": 10000.0, \"log\": true}}"}
{"op_code":5,"worker_id":"5b968da0-c7a5-49dd-bd3e-37cce0a416c5-4680","trial_id":99,"param_name":"huber_delta","param_value_internal":3.858946434496118,"distribution":"{\"name\": \"FloatDistribution\", \"attributes\": {\"step\": null, \"low\": 0.5, \"high\": 5.0, \"log\": false}}"}
{"op_code":8,"worker_id":"5b968da0-c7a5-49dd-bd3e-37cce0a416c5-4680","trial_id":99,"user_attr":{"constraints":[-0.006477033613682258,-0.008489792042891468,0.19999999999999996,0.16393939393939394,-0.006208137396489068,-61.0,-8.0,-0.10966298142768731,-0.09999999999999998,-1342.1194487527653,0.04184782608695653,0.05253968253968255]}}
{"op_code":8,"worker_id":"5b968da0-c7a5-49dd-bd3e-37cce0a416c5-4680","trial_id":99,"user_attr":{"pruned_reasons":["M3 (Hit Rate < 60%)","M5 (Monotonicity <= 0.25)","Yearly Daily Win Rate (40.82% < 45%)","Side-specific Yearly Daily Win Rate (39.75% < 45%)"]}}
{"op_code":8,"worker_id":"5b968da0-c7a5-49dd-bd3e-37cce0a416c5-4680","trial_id":99,"user_attr":{"gini":0.3352223815120481}}
{"op_code":8,"worker_id":"5b968da0-c7a5-49dd-bd3e-37cce0a416c5-4680","trial_id":99,"user_attr":{"cv_is_ics":[0.10253551602363586,0.08615991473197937,0.08280853182077408,0.07669108361005783,0.10910949856042862,0.11140290647745132,0.07173841446638107,0.10208575427532196,0.11143558472394943,0.10390231013298035,0.08076679706573486,0.09287607669830322,0.07007376104593277,0.08620703965425491,0.08144523203372955]}}
{"op_code":8,"worker_id":"5b968da0-c7a5-49dd-bd3e-37cce0a416c5-4680","trial_id":99,"user_attr":{"cv_oos_ics":[0.029478637501597404,-0.004548395052552223,-0.036414455622434616,0.0008627601782791317,-0.02601621299982071,-0.05764424055814743,-0.012976138852536678,-0.012494076043367386,0.008981892839074135,-0.0012651211582124233,0.04562057927250862,0.01762370392680168,0.07356638461351395,0.08093302696943283,0.03846826031804085]}}
{"op_code":8,"worker_id":"5b968da0-c7a5-49dd-bd3e-37cce0a416c5-4680","trial_id":99,"user_attr":{"reg_kappa":3.3636635824398424}}
{"op_code":8,"worker_id":"5b968da0-c7a5-49dd-bd3e-37cce0a416c5-4680","trial_id":99,"user_attr":{"raw_metrics":[0.05482196001062979,0.008489792042891468,0.4,0.006477033613682258,0.08606060606060606,0.006208137396489068,-0.1748880658942222,-0.2849035859107971,0.4081521739130435]}}
{"op_code":8,"worker_id":"5b968da0-c7a5-49dd-bd3e-37cce0a416c5-4680","trial_id":99,"user_attr":{"val_metrics":[-0.001977343832585099,-0.19713222600686756,-0.006060606060606061,-0.0801524502137487,-5.939114537734103]}}
{"op_code":8,"worker_id":"5b968da0-c7a5-49dd-bd3e-37cce0a416c5-4680","trial_id":99,"user_attr":{"deflated_objective":-1.5327254832243398}}
{"op_code":9,"worker_id":"5b968da0-c7a5-49dd-bd3e-37cce0a416c5-4680","trial_id":99,"system_attr":{"constraints":[-0.006477033613682258,-0.008489792042891468,0.19999999999999996,0.16393939393939394,-0.006208137396489068,-61.0,-8.0,-0.10966298142768731,-0.09999999999999998,-1342.1194487527653,0.04184782608695653,0.05253968253968255]}}
{"op_code":6,"worker_id":"5b968da0-c7a5-49dd-bd3e-37cce0a416c5-4680","trial_id":99,"state":1,"values":[-1.091530161375395],"datetime_complete":"2026-07-14T11:44:17.677820"}
{"op_code":5,"worker_id":"865ff399-44ce-44c8-aed0-fe51174942c0-3216","trial_id":7,"param_name":"unified_rho","param_value_internal":0.18487668776145172,"distribution":"{\"name\": \"FloatDistribution\", \"attributes\": {\"step\": null, \"low\": 0.0, \"high\": 1.0, \"log\": false}}"}
{"op_code":5,"worker_id":"0140d45f-2581-4461-86d8-a95a4707ede9-20880","trial_id":12,"param_name":"unified_alpha","param_value_internal":0.023280550286246,"distribution":"{\"name\": \"FloatDistribution\", \"attributes\": {\"step\": null, \"low\": 1e-05, \"high\": 10.0, \"log\": true}}"}
{"op_code":5,"worker_id":"865ff399-44ce-44c8-aed0-fe51174942c0-3216","trial_id":7,"param_name":"unified_gamma","param_value_internal":143.8656504427553,"distribution":"{\"name\": \"FloatDistribution\", \"attributes\": {\"step\": null, \"low\": 1.5, \"high\": 10000.0, \"log\": true}}"}
{"op_code":5,"worker_id":"865ff399-44ce-44c8-aed0-fe51174942c0-3216","trial_id":7,"param_name":"huber_delta","param_value_internal":0.5387245340394617,"distribution":"{\"name\": \"FloatDistribution\", \"attributes\": {\"step\": null, \"low\": 0.5, \"high\": 5.0, \"log\": false}}"}
{"op_code":5,"worker_id":"0140d45f-2581-4461-86d8-a95a4707ede9-20880","trial_id":12,"param_name":"unified_rho","param_value_internal":0.45487540240575286,"distribution":"{\"name\": \"FloatDistribution\", \"attributes\": {\"step\": null, \"low\": 0.0, \"high\": 1.0, \"log\": false}}"}
{"op_code":5,"worker_id":"0140d45f-2581-4461-86d8-a95a4707ede9-20880","trial_id":12,"param_name":"unified_gamma","param_value_internal":33.325447496589845,"distribution":"{\"name\": \"FloatDistribution\", \"attributes\": {\"step\": null, \"low\": 1.5, \"high\": 10000.0, \"log\": true}}"}
{"op_code":5,"worker_id":"0140d45f-2581-4461-86d8-a95a4707ede9-20880","trial_id":12,"param_name":"huber_delta","param_value_internal":3.136331228606768,"distribution":"{\"name\": \"FloatDistribution\", \"attributes\": {\"step\": null, \"low\": 0.5, \"high\": 5.0, \"log\": false}}"}
{"op_code":8,"worker_id":"865ff399-44ce-44c8-aed0-fe51174942c0-3216","trial_id":7,"user_attr":{"constraints":[-0.013411870625813255,0.009083427814186888,0.0,0.11303030303030304,-0.051597551561307145,-83.0,-8.0,0.033717009011126654,-0.09999999999999998,-1278.5218002381564,0.041666666666666685,0.04142857142857148]}}
{"op_code":8,"worker_id":"865ff399-44ce-44c8-aed0-fe51174942c0-3216","trial_id":7,"user_attr":{"pruned_reasons":["M2 (Yearly Tail IC Mean <= 0)","M5 (Monotonicity <= 0.25)","Side-specific Yearly Tail IC Mean (-0.0337 <= 0)","Yearly Daily Win Rate (40.83% < 45%)","Side-specific Yearly Daily Win Rate (40.86% < 45%)"]}}
{"op_code":8,"worker_id":"865ff399-44ce-44c8-aed0-fe51174942c0-3216","trial_id":7,"user_attr":{"gini":0.3916539016481415}}
{"op_code":8,"worker_id":"0140d45f-2581-4461-86d8-a95a4707ede9-20880","trial_id":12,"user_attr":{"constraints":[-0.010690507282916806,0.006894836745994962,0.19999999999999996,0.1590909090909091,-0.014557371039807351,-40.0,-8.0,-0.03257406080935494,-0.09999999999999998,-1432.112396469459,0.041485507246376785,0.03603174603174608]}}
{"op_code":8,"worker_id":"0140d45f-2581-4461-86d8-a95a4707ede9-20880","trial_id":12,"user_attr":{"pruned_reasons":["M2 (Yearly Tail IC Mean <= 0)","M3 (Hit Rate < 60%)","M5 (Monotonicity <= 0.25)","Yearly Daily Win Rate (40.85% < 45%)","Side-specific Yearly Daily Win Rate (41.40% < 45%)"]}}
{"op_code":8,"worker_id":"865ff399-44ce-44c8-aed0-fe51174942c0-3216","trial_id":7,"user_attr":{"cv_is_ics":[0.1246778666973114,0.11258076131343842,0.10343834012746811,0.10257803648710251,0.12088494002819061,0.14064551889896393,0.11759139597415924,0.1316985785961151,0.1266247034072876,0.13042037189006805,0.12880906462669373,0.12436393648386002,0.10253356397151947,0.09086144715547562,0.10222643613815308]}}
{"op_code":8,"worker_id":"865ff399-44ce-44c8-aed0-fe51174942c0-3216","trial_id":7,"user_attr":{"cv_oos_ics":[-0.02055291272699833,0.005252024158835411,-0.006738498341292143,0.024061186239123344,0.023743145167827606,0.018028151243925095,0.06858330219984055,-0.029257958754897118,0.012641893699765205,0.04804397374391556,0.045216187834739685,0.02929241769015789,0.029834413900971413,0.07361005991697311,0.02220546454191208]}}
{"op_code":8,"worker_id":"865ff399-44ce-44c8-aed0-fe51174942c0-3216","trial_id":7,"user_attr":{"reg_kappa":3.198075097536935}}
{"op_code":8,"worker_id":"865ff399-44ce-44c8-aed0-fe51174942c0-3216","trial_id":7,"user_attr":{"raw_metrics":[-0.08687047818966838,-0.009083427814186888,0.6,0.013411870625813255,0.13696969696969696,0.051597551561307145,-0.13484275312078922,-0.20745326578617096,0.4083333333333333]}}
{"op_code":8,"worker_id":"865ff399-44ce-44c8-aed0-fe51174942c0-3216","trial_id":7,"user_attr":{"val_metrics":[-0.005297382799321671,-0.06680587611756811,-0.21212121212121213,-0.03838962015520403,-6.177154448866782]}}
{"op_code":8,"worker_id":"0140d45f-2581-4461-86d8-a95a4707ede9-20880","trial_id":12,"user_attr":{"gini":0.46090649121568306}}
{"op_code":8,"worker_id":"0140d45f-2581-4461-86d8-a95a4707ede9-20880","trial_id":12,"user_attr":{"cv_is_ics":[0.10273521393537521,0.0942559465765953,0.0867629200220108,0.0730326771736145,0.10579676181077957,0.1154153123497963,0.07072453945875168,0.09314803034067154,0.1117573231458664,0.12098176777362823,0.07976050674915314,0.09151376783847809,0.07915221154689789,0.0945129543542862,0.07570488750934601]}}
{"op_code":8,"worker_id":"865ff399-44ce-44c8-aed0-fe51174942c0-3216","trial_id":7,"user_attr":{"deflated_objective":-1.595639911453094}}
{"op_code":9,"worker_id":"865ff399-44ce-44c8-aed0-fe51174942c0-3216","trial_id":7,"system_attr":{"constraints":[-0.013411870625813255,0.009083427814186888,0.0,0.11303030303030304,-0.051597551561307145,-83.0,-8.0,0.033717009011126654,-0.09999999999999998,-1278.5218002381564,0.041666666666666685,0.04142857142857148]}}
{"op_code":6,"worker_id":"865ff399-44ce-44c8-aed0-fe51174942c0-3216","trial_id":7,"state":1,"values":[-1.1555536503690789],"datetime_complete":"2026-07-14T11:44:17.998022"}
{"op_code":8,"worker_id":"0140d45f-2581-4461-86d8-a95a4707ede9-20880","trial_id":12,"user_attr":{"cv_oos_ics":[0.040938254445791245,-0.004120712634176016,-0.059733182191848755,-0.003229086520150304,-0.018508482724428177,-0.052687641233205795,-0.011089741252362728,-0.012299599125981331,0.012906690128147602,0.003211146453395486,0.037156842648983,0.023737385869026184,0.073072649538517,0.08070450276136398,0.043386466801166534]}}
{"op_code":8,"worker_id":"0140d45f-2581-4461-86d8-a95a4707ede9-20880","trial_id":12,"user_attr":{"reg_kappa":3.516399154320198}}
{"op_code":8,"worker_id":"0140d45f-2581-4461-86d8-a95a4707ede9-20880","trial_id":12,"user_attr":{"raw_metrics":[-0.05037356608774346,-0.006894836745994962,0.4,0.010690507282916806,0.09090909090909091,0.014557371039807351,-0.24292713672884755,-0.28956958651542664,0.4085144927536232]}}
{"op_code":8,"worker_id":"0140d45f-2581-4461-86d8-a95a4707ede9-20880","trial_id":12,"user_attr":{"val_metrics":[-0.0168142349418111,-0.11617670427559458,0.04242424242424243,-0.26118440771191986,-7.149666692116027]}}
{"op_code":8,"worker_id":"0140d45f-2581-4461-86d8-a95a4707ede9-20880","trial_id":12,"user_attr":{"deflated_objective":-1.988717530666284}}
{"op_code":9,"worker_id":"0140d45f-2581-4461-86d8-a95a4707ede9-20880","trial_id":12,"system_attr":{"constraints":[-0.010690507282916806,0.006894836745994962,0.19999999999999996,0.1590909090909091,-0.014557371039807351,-40.0,-8.0,-0.03257406080935494,-0.09999999999999998,-1432.112396469459,0.041485507246376785,0.03603174603174608]}}
{"op_code":6,"worker_id":"0140d45f-2581-4461-86d8-a95a4707ede9-20880","trial_id":12,"state":1,"values":[-1.5400040186532458],"datetime_complete":"2026-07-14T11:44:18.012478"}
{"op_code":5,"worker_id":"3dd2253f-c2a8-4359-84dc-5a4993287a62-29612","trial_id":1,"param_name":"huber_delta","param_value_internal":2.1168987701363235,"distribution":"{\"name\": \"FloatDistribution\", \"attributes\": {\"step\": null, \"low\": 0.5, \"high\": 5.0, \"log\": false}}"}
{"op_code":8,"worker_id":"3dd2253f-c2a8-4359-84dc-5a4993287a62-29612","trial_id":1,"user_attr":{"constraints":[-0.010909235025392542,0.013459002217626661,0.0,0.07666666666666666,-0.031136801514036704,-41.0,-8.0,0.06366371016118398,-0.09999999999999998,-1426.6588151384128,0.032971014492753636,0.024761904761904763]}}
{"op_code":8,"worker_id":"3dd2253f-c2a8-4359-84dc-5a4993287a62-29612","trial_id":1,"user_attr":{"pruned_reasons":["M2 (Yearly Tail IC Mean <= 0)","M5 (Monotonicity <= 0.25)","Side-specific Yearly Tail IC Mean (-0.0637 <= 0)","Yearly Daily Win Rate (41.70% < 45%)","Side-specific Yearly Daily Win Rate (42.52% < 45%)"]}}
{"op_code":8,"worker_id":"3dd2253f-c2a8-4359-84dc-5a4993287a62-29612","trial_id":1,"user_attr":{"gini":0.36765365153815677}}
{"op_code":8,"worker_id":"3dd2253f-c2a8-4359-84dc-5a4993287a62-29612","trial_id":1,"user_attr":{"cv_is_ics":[0.11020416021347046,0.09927267581224442,0.08398914337158203,0.08148396015167236,0.11238951981067657,0.12670429050922394,0.08721175789833069,0.12024812400341034,0.10999150574207306,0.11422643065452576,0.09914185106754303,0.10683276504278183,0.08851892501115799,0.08897698670625687,0.08953741937875748]}}
{"op_code":8,"worker_id":"3dd2253f-c2a8-4359-84dc-5a4993287a62-29612","trial_id":1,"user_attr":{"cv_oos_ics":[0.017736129462718964,0.016901075839996338,-0.057040974497795105,0.005844844505190849,-0.020373910665512085,-0.026952173560857773,0.0024946010671555996,-0.01679392345249653,0.018821127712726593,0.031504806131124496,0.03648892417550087,0.020387014374136925,0.07025543600320816,0.08234155178070068,0.03614310920238495]}}
{"op_code":8,"worker_id":"3dd2253f-c2a8-4359-84dc-5a4993287a62-29612","trial_id":1,"user_attr":{"reg_kappa":3.575521714614542}}
{"op_code":8,"worker_id":"3dd2253f-c2a8-4359-84dc-5a4993287a62-29612","trial_id":1,"user_attr":{"raw_metrics":[-0.0968475463559797,-0.013459002217626661,0.6,0.010909235025392542,0.17333333333333334,0.031136801514036704,-0.23855912715441052,-0.3465580344200134,0.4170289855072464]}}
{"op_code":8,"worker_id":"3dd2253f-c2a8-4359-84dc-5a4993287a62-29612","trial_id":1,"user_attr":{"val_metrics":[-0.0063776920103672755,-0.25971012260614756,-0.01818181818181818,-0.11324654171324294,-5.895303620048487]}}
{"op_code":8,"worker_id":"3dd2253f-c2a8-4359-84dc-5a4993287a62-29612","trial_id":1,"user_attr":{"deflated_objective":-1.5475630241317815}}
{"op_code":9,"worker_id":"3dd2253f-c2a8-4359-84dc-5a4993287a62-29612","trial_id":1,"system_attr":{"constraints":[-0.010909235025392542,0.013459002217626661,0.0,0.07666666666666666,-0.031136801514036704,-41.0,-8.0,0.06366371016118398,-0.09999999999999998,-1426.6588151384128,0.032971014492753636,0.024761904761904763]}}
{"op_code":6,"worker_id":"3dd2253f-c2a8-4359-84dc-5a4993287a62-29612","trial_id":1,"state":1,"values":[-1.1006891089698447],"datetime_complete":"2026-07-14T11:44:18.094882"}
