{"op_code":0,"worker_id":"b791bc15-e5d8-41d1-9a0d-61efca85e14b-22948","study_name":"main_588000ETF_long_r202409_sortino_armC","directions":[2]}
{"op_code":4,"worker_id":"54219456-6bbb-4911-b088-8ec20adf0b8c-8896","study_id":0,"datetime_start":"2026-07-14T11:40:09.983675"}
{"op_code":4,"worker_id":"1c95cd1a-8494-42bc-ab0f-d9ddda5ca9fe-31796","study_id":0,"datetime_start":"2026-07-14T11:40:09.985414"}
{"op_code":5,"worker_id":"54219456-6bbb-4911-b088-8ec20adf0b8c-8896","trial_id":0,"param_name":"k_weight","param_value_internal":0.17258184958466843,"distribution":"{\"name\": \"FloatDistribution\", \"attributes\": {\"step\": null, \"low\": 0.0, \"high\": 1.5, \"log\": false}}"}
{"op_code":5,"worker_id":"1c95cd1a-8494-42bc-ab0f-d9ddda5ca9fe-31796","trial_id":1,"param_name":"k_weight","param_value_internal":1.252263222998474,"distribution":"{\"name\": \"FloatDistribution\", \"attributes\": {\"step\": null, \"low\": 0.0, \"high\": 1.5, \"log\": false}}"}
{"op_code":4,"worker_id":"de6726a2-a3d5-4a7c-9d86-3ee56b2b8f3d-19068","study_id":0,"datetime_start":"2026-07-14T11:40:09.988292"}
{"op_code":5,"worker_id":"de6726a2-a3d5-4a7c-9d86-3ee56b2b8f3d-19068","trial_id":2,"param_name":"k_weight","param_value_internal":1.4835172702134,"distribution":"{\"name\": \"FloatDistribution\", \"attributes\": {\"step\": null, \"low\": 0.0, \"high\": 1.5, \"log\": false}}"}
{"op_code":5,"worker_id":"54219456-6bbb-4911-b088-8ec20adf0b8c-8896","trial_id":0,"param_name":"unified_alpha","param_value_internal":0.0451231319213065,"distribution":"{\"name\": \"FloatDistribution\", \"attributes\": {\"step\": null, \"low\": 1e-05, \"high\": 10.0, \"log\": true}}"}
{"op_code":5,"worker_id":"54219456-6bbb-4911-b088-8ec20adf0b8c-8896","trial_id":0,"param_name":"unified_rho","param_value_internal":0.13339096418598828,"distribution":"{\"name\": \"FloatDistribution\", \"attributes\": {\"step\": null, \"low\": 0.0, \"high\": 1.0, \"log\": false}}"}
{"op_code":5,"worker_id":"54219456-6bbb-4911-b088-8ec20adf0b8c-8896","trial_id":0,"param_name":"unified_gamma","param_value_internal":12.476248311536951,"distribution":"{\"name\": \"FloatDistribution\", \"attributes\": {\"step\": null, \"low\": 1.5, \"high\": 10000.0, \"log\": true}}"}
{"op_code":4,"worker_id":"8a1d1c9f-29ad-423b-8d4e-739f9513ab4c-4680","study_id":0,"datetime_start":"2026-07-14T11:40:09.993292"}
{"op_code":4,"worker_id":"728d5ea9-7dd5-43a6-9dc7-95cc57f77723-16052","study_id":0,"datetime_start":"2026-07-14T11:40:09.999288"}
{"op_code":5,"worker_id":"8a1d1c9f-29ad-423b-8d4e-739f9513ab4c-4680","trial_id":3,"param_name":"k_weight","param_value_internal":0.17023270784047428,"distribution":"{\"name\": \"FloatDistribution\", \"attributes\": {\"step\": null, \"low\": 0.0, \"high\": 1.5, \"log\": false}}"}
{"op_code":5,"worker_id":"728d5ea9-7dd5-43a6-9dc7-95cc57f77723-16052","trial_id":4,"param_name":"k_weight","param_value_internal":0.7419024683070321,"distribution":"{\"name\": \"FloatDistribution\", \"attributes\": {\"step\": null, \"low\": 0.0, \"high\": 1.5, \"log\": false}}"}
{"op_code":5,"worker_id":"54219456-6bbb-4911-b088-8ec20adf0b8c-8896","trial_id":0,"param_name":"huber_delta","param_value_internal":1.972125751150129,"distribution":"{\"name\": \"FloatDistribution\", \"attributes\": {\"step\": null, \"low\": 0.5, \"high\": 5.0, \"log\": false}}"}
{"op_code":5,"worker_id":"728d5ea9-7dd5-43a6-9dc7-95cc57f77723-16052","trial_id":4,"param_name":"unified_alpha","param_value_internal":0.00023361387149879002,"distribution":"{\"name\": \"FloatDistribution\", \"attributes\": {\"step\": null, \"low\": 1e-05, \"high\": 10.0, \"log\": true}}"}
{"op_code":5,"worker_id":"728d5ea9-7dd5-43a6-9dc7-95cc57f77723-16052","trial_id":4,"param_name":"unified_rho","param_value_internal":0.25547392375721134,"distribution":"{\"name\": \"FloatDistribution\", \"attributes\": {\"step\": null, \"low\": 0.0, \"high\": 1.0, \"log\": false}}"}
{"op_code":4,"worker_id":"e67cb112-bf38-41ce-886b-7ad7bd04f24e-19176","study_id":0,"datetime_start":"2026-07-14T11:40:10.007375"}
{"op_code":4,"worker_id":"1d637746-d867-4940-9873-54bdd8fa4010-3216","study_id":0,"datetime_start":"2026-07-14T11:40:10.004354"}
{"op_code":4,"worker_id":"05639395-b436-4576-b602-b064f08fc288-20880","study_id":0,"datetime_start":"2026-07-14T11:40:10.009714"}
{"op_code":5,"worker_id":"e67cb112-bf38-41ce-886b-7ad7bd04f24e-19176","trial_id":5,"param_name":"k_weight","param_value_internal":0.6302744507111608,"distribution":"{\"name\": \"FloatDistribution\", \"attributes\": {\"step\": null, \"low\": 0.0, \"high\": 1.5, \"log\": false}}"}
{"op_code":4,"worker_id":"054da8af-6e76-40bc-84ab-a852fb2f9e63-7108","study_id":0,"datetime_start":"2026-07-14T11:40:10.012795"}
{"op_code":5,"worker_id":"05639395-b436-4576-b602-b064f08fc288-20880","trial_id":7,"param_name":"k_weight","param_value_internal":0.139662430007787,"distribution":"{\"name\": \"FloatDistribution\", \"attributes\": {\"step\": null, \"low\": 0.0, \"high\": 1.5, \"log\": false}}"}
{"op_code":5,"worker_id":"e67cb112-bf38-41ce-886b-7ad7bd04f24e-19176","trial_id":5,"param_name":"unified_alpha","param_value_internal":0.001511600342996414,"distribution":"{\"name\": \"FloatDistribution\", \"attributes\": {\"step\": null, \"low\": 1e-05, \"high\": 10.0, \"log\": true}}"}
{"op_code":5,"worker_id":"054da8af-6e76-40bc-84ab-a852fb2f9e63-7108","trial_id":8,"param_name":"k_weight","param_value_internal":0.1310244643532626,"distribution":"{\"name\": \"FloatDistribution\", \"attributes\": {\"step\": null, \"low\": 0.0, \"high\": 1.5, \"log\": false}}"}
{"op_code":5,"worker_id":"05639395-b436-4576-b602-b064f08fc288-20880","trial_id":7,"param_name":"unified_alpha","param_value_internal":6.75982604244183,"distribution":"{\"name\": \"FloatDistribution\", \"attributes\": {\"step\": null, \"low\": 1e-05, \"high\": 10.0, \"log\": true}}"}
{"op_code":4,"worker_id":"ab2bfdcf-694f-49ee-9554-e0cf2472e82a-30084","study_id":0,"datetime_start":"2026-07-14T11:40:10.019724"}
{"op_code":5,"worker_id":"e67cb112-bf38-41ce-886b-7ad7bd04f24e-19176","trial_id":5,"param_name":"unified_rho","param_value_internal":0.18487668776145172,"distribution":"{\"name\": \"FloatDistribution\", \"attributes\": {\"step\": null, \"low\": 0.0, \"high\": 1.0, \"log\": false}}"}
{"op_code":5,"worker_id":"e67cb112-bf38-41ce-886b-7ad7bd04f24e-19176","trial_id":5,"param_name":"unified_gamma","param_value_internal":143.8656504427553,"distribution":"{\"name\": \"FloatDistribution\", \"attributes\": {\"step\": null, \"low\": 1.5, \"high\": 10000.0, \"log\": true}}"}
{"op_code":5,"worker_id":"1c95cd1a-8494-42bc-ab0f-d9ddda5ca9fe-31796","trial_id":1,"param_name":"unified_alpha","param_value_internal":4.253795683489069e-05,"distribution":"{\"name\": \"FloatDistribution\", \"attributes\": {\"step\": null, \"low\": 1e-05, \"high\": 10.0, \"log\": true}}"}
{"op_code":4,"worker_id":"a2abce0b-6dd7-4cc8-b715-7a814f0a6306-6576","study_id":0,"datetime_start":"2026-07-14T11:40:10.024442"}
{"op_code":4,"worker_id":"92a6c67d-0f6e-42b5-9521-f94794dfa44e-23408","study_id":0,"datetime_start":"2026-07-14T11:40:10.025590"}
{"op_code":5,"worker_id":"de6726a2-a3d5-4a7c-9d86-3ee56b2b8f3d-19068","trial_id":2,"param_name":"unified_alpha","param_value_internal":0.019827518376799098,"distribution":"{\"name\": \"FloatDistribution\", \"attributes\": {\"step\": null, \"low\": 1e-05, \"high\": 10.0, \"log\": true}}"}
{"op_code":5,"worker_id":"92a6c67d-0f6e-42b5-9521-f94794dfa44e-23408","trial_id":11,"param_name":"k_weight","param_value_internal":0.8309115337508797,"distribution":"{\"name\": \"FloatDistribution\", \"attributes\": {\"step\": null, \"low\": 0.0, \"high\": 1.5, \"log\": false}}"}
{"op_code":4,"worker_id":"5a28d73b-5a67-45ec-a794-9a9418fe862a-18156","study_id":0,"datetime_start":"2026-07-14T11:40:10.029383"}
{"op_code":5,"worker_id":"a2abce0b-6dd7-4cc8-b715-7a814f0a6306-6576","trial_id":10,"param_name":"k_weight","param_value_internal":0.050632065634812484,"distribution":"{\"name\": \"FloatDistribution\", \"attributes\": {\"step\": null, \"low\": 0.0, \"high\": 1.5, \"log\": false}}"}
{"op_code":5,"worker_id":"92a6c67d-0f6e-42b5-9521-f94794dfa44e-23408","trial_id":11,"param_name":"unified_alpha","param_value_internal":0.0023849943922257424,"distribution":"{\"name\": \"FloatDistribution\", \"attributes\": {\"step\": null, \"low\": 1e-05, \"high\": 10.0, \"log\": true}}"}
{"op_code":4,"worker_id":"d3c4e756-3265-461b-8140-98cf4b7835d1-24364","study_id":0,"datetime_start":"2026-07-14T11:40:10.031011"}
{"op_code":4,"worker_id":"766f7119-3bea-4e53-af41-7150a1f57214-31524","study_id":0,"datetime_start":"2026-07-14T11:40:10.027370"}
{"op_code":5,"worker_id":"d3c4e756-3265-461b-8140-98cf4b7835d1-24364","trial_id":13,"param_name":"k_weight","param_value_internal":0.2314313671969137,"distribution":"{\"name\": \"FloatDistribution\", \"attributes\": {\"step\": null, \"low\": 0.0, \"high\": 1.5, \"log\": false}}"}
{"op_code":5,"worker_id":"766f7119-3bea-4e53-af41-7150a1f57214-31524","trial_id":14,"param_name":"k_weight","param_value_internal":0.5686477881506551,"distribution":"{\"name\": \"FloatDistribution\", \"attributes\": {\"step\": null, \"low\": 0.0, \"high\": 1.5, \"log\": false}}"}
{"op_code":5,"worker_id":"ab2bfdcf-694f-49ee-9554-e0cf2472e82a-30084","trial_id":9,"param_name":"k_weight","param_value_internal":0.45130999506992814,"distribution":"{\"name\": \"FloatDistribution\", \"attributes\": {\"step\": null, \"low\": 0.0, \"high\": 1.5, \"log\": false}}"}
{"op_code":5,"worker_id":"728d5ea9-7dd5-43a6-9dc7-95cc57f77723-16052","trial_id":4,"param_name":"unified_gamma","param_value_internal":49.160995099882086,"distribution":"{\"name\": \"FloatDistribution\", \"attributes\": {\"step\": null, \"low\": 1.5, \"high\": 10000.0, \"log\": true}}"}
{"op_code":5,"worker_id":"728d5ea9-7dd5-43a6-9dc7-95cc57f77723-16052","trial_id":4,"param_name":"huber_delta","param_value_internal":2.197917939610058,"distribution":"{\"name\": \"FloatDistribution\", \"attributes\": {\"step\": null, \"low\": 0.5, \"high\": 5.0, \"log\": false}}"}
{"op_code":5,"worker_id":"766f7119-3bea-4e53-af41-7150a1f57214-31524","trial_id":14,"param_name":"unified_alpha","param_value_internal":0.025269055139108366,"distribution":"{\"name\": \"FloatDistribution\", \"attributes\": {\"step\": null, \"low\": 1e-05, \"high\": 10.0, \"log\": true}}"}
{"op_code":5,"worker_id":"ab2bfdcf-694f-49ee-9554-e0cf2472e82a-30084","trial_id":9,"param_name":"unified_alpha","param_value_internal":0.00013233505373256015,"distribution":"{\"name\": \"FloatDistribution\", \"attributes\": {\"step\": null, \"low\": 1e-05, \"high\": 10.0, \"log\": true}}"}
{"op_code":4,"worker_id":"bf872642-774d-4735-8223-f996bbac23cf-27448","study_id":0,"datetime_start":"2026-07-14T11:40:10.014438"}
{"op_code":5,"worker_id":"ab2bfdcf-694f-49ee-9554-e0cf2472e82a-30084","trial_id":9,"param_name":"unified_rho","param_value_internal":0.32318267696821945,"distribution":"{\"name\": \"FloatDistribution\", \"attributes\": {\"step\": null, \"low\": 0.0, \"high\": 1.0, \"log\": false}}"}
{"op_code":5,"worker_id":"766f7119-3bea-4e53-af41-7150a1f57214-31524","trial_id":14,"param_name":"unified_rho","param_value_internal":0.5955925126571219,"distribution":"{\"name\": \"FloatDistribution\", \"attributes\": {\"step\": null, \"low\": 0.0, \"high\": 1.0, \"log\": false}}"}
{"op_code":5,"worker_id":"a2abce0b-6dd7-4cc8-b715-7a814f0a6306-6576","trial_id":10,"param_name":"unified_alpha","param_value_internal":0.008602903428863091,"distribution":"{\"name\": \"FloatDistribution\", \"attributes\": {\"step\": null, \"low\": 1e-05, \"high\": 10.0, \"log\": true}}"}
{"op_code":5,"worker_id":"92a6c67d-0f6e-42b5-9521-f94794dfa44e-23408","trial_id":11,"param_name":"unified_rho","param_value_internal":0.04812677258007669,"distribution":"{\"name\": \"FloatDistribution\", \"attributes\": {\"step\": null, \"low\": 0.0, \"high\": 1.0, \"log\": false}}"}
{"op_code":8,"worker_id":"54219456-6bbb-4911-b088-8ec20adf0b8c-8896","trial_id":0,"user_attr":{"constraints":[-0.08993016638457778,-0.0744400050267633,0.26666666666666666,-0.010606060606060563,-0.30764052741607467,-50.0,-7.0,0.1762396850632145,0.5,-1376.9283926896303,-0.06684782608695655,-0.09788359788359785]}}
{"op_code":5,"worker_id":"766f7119-3bea-4e53-af41-7150a1f57214-31524","trial_id":14,"param_name":"unified_gamma","param_value_internal":78.76089354518557,"distribution":"{\"name\": \"FloatDistribution\", \"attributes\": {\"step\": null, \"low\": 1.5, \"high\": 10000.0, \"log\": true}}"}
{"op_code":5,"worker_id":"766f7119-3bea-4e53-af41-7150a1f57214-31524","trial_id":14,"param_name":"huber_delta","param_value_internal":2.556589214276234,"distribution":"{\"name\": \"FloatDistribution\", \"attributes\": {\"step\": null, \"low\": 0.5, \"high\": 5.0, \"log\": false}}"}
{"op_code":5,"worker_id":"ab2bfdcf-694f-49ee-9554-e0cf2472e82a-30084","trial_id":9,"param_name":"unified_gamma","param_value_internal":527.0561194914657,"distribution":"{\"name\": \"FloatDistribution\", \"attributes\": {\"step\": null, \"low\": 1.5, \"high\": 10000.0, \"log\": true}}"}
{"op_code":5,"worker_id":"ab2bfdcf-694f-49ee-9554-e0cf2472e82a-30084","trial_id":9,"param_name":"huber_delta","param_value_internal":3.05136860436146,"distribution":"{\"name\": \"FloatDistribution\", \"attributes\": {\"step\": null, \"low\": 0.5, \"high\": 5.0, \"log\": false}}"}
{"op_code":5,"worker_id":"a2abce0b-6dd7-4cc8-b715-7a814f0a6306-6576","trial_id":10,"param_name":"unified_rho","param_value_internal":0.8460850972808829,"distribution":"{\"name\": \"FloatDistribution\", \"attributes\": {\"step\": null, \"low\": 0.0, \"high\": 1.0, \"log\": false}}"}
{"op_code":5,"worker_id":"92a6c67d-0f6e-42b5-9521-f94794dfa44e-23408","trial_id":11,"param_name":"unified_gamma","param_value_internal":153.53774586034245,"distribution":"{\"name\": \"FloatDistribution\", \"attributes\": {\"step\": null, \"low\": 1.5, \"high\": 10000.0, \"log\": true}}"}
{"op_code":5,"worker_id":"de6726a2-a3d5-4a7c-9d86-3ee56b2b8f3d-19068","trial_id":2,"param_name":"unified_rho","param_value_internal":0.28144730195506285,"distribution":"{\"name\": \"FloatDistribution\", \"attributes\": {\"step\": null, \"low\": 0.0, \"high\": 1.0, \"log\": false}}"}
{"op_code":5,"worker_id":"bf872642-774d-4735-8223-f996bbac23cf-27448","trial_id":15,"param_name":"k_weight","param_value_internal":0.5476583745340409,"distribution":"{\"name\": \"FloatDistribution\", \"attributes\": {\"step\": null, \"low\": 0.0, \"high\": 1.5, \"log\": false}}"}
{"op_code":5,"worker_id":"a2abce0b-6dd7-4cc8-b715-7a814f0a6306-6576","trial_id":10,"param_name":"unified_gamma","param_value_internal":56.13774483442881,"distribution":"{\"name\": \"FloatDistribution\", \"attributes\": {\"step\": null, \"low\": 1.5, \"high\": 10000.0, \"log\": true}}"}
{"op_code":5,"worker_id":"a2abce0b-6dd7-4cc8-b715-7a814f0a6306-6576","trial_id":10,"param_name":"huber_delta","param_value_internal":3.3413691817884414,"distribution":"{\"name\": \"FloatDistribution\", \"attributes\": {\"step\": null, \"low\": 0.5, \"high\": 5.0, \"log\": false}}"}
{"op_code":5,"worker_id":"de6726a2-a3d5-4a7c-9d86-3ee56b2b8f3d-19068","trial_id":2,"param_name":"unified_gamma","param_value_internal":2.962371401177323,"distribution":"{\"name\": \"FloatDistribution\", \"attributes\": {\"step\": null, \"low\": 1.5, \"high\": 10000.0, \"log\": true}}"}
{"op_code":4,"worker_id":"ae752ed8-9dc3-496a-a33e-90fc60ba3f49-14384","study_id":0,"datetime_start":"2026-07-14T11:40:10.006113"}
{"op_code":5,"worker_id":"d3c4e756-3265-461b-8140-98cf4b7835d1-24364","trial_id":13,"param_name":"unified_alpha","param_value_internal":6.341578374585632e-05,"distribution":"{\"name\": \"FloatDistribution\", \"attributes\": {\"step\": null, \"low\": 1e-05, \"high\": 10.0, \"log\": true}}"}
{"op_code":5,"worker_id":"92a6c67d-0f6e-42b5-9521-f94794dfa44e-23408","trial_id":11,"param_name":"huber_delta","param_value_internal":1.1886736181535065,"distribution":"{\"name\": \"FloatDistribution\", \"attributes\": {\"step\": null, \"low\": 0.5, \"high\": 5.0, \"log\": false}}"}
{"op_code":5,"worker_id":"d3c4e756-3265-461b-8140-98cf4b7835d1-24364","trial_id":13,"param_name":"unified_rho","param_value_internal":0.36268546617688757,"distribution":"{\"name\": \"FloatDistribution\", \"attributes\": {\"step\": null, \"low\": 0.0, \"high\": 1.0, \"log\": false}}"}
{"op_code":5,"worker_id":"de6726a2-a3d5-4a7c-9d86-3ee56b2b8f3d-19068","trial_id":2,"param_name":"huber_delta","param_value_internal":2.500112731873114,"distribution":"{\"name\": \"FloatDistribution\", \"attributes\": {\"step\": null, \"low\": 0.5, \"high\": 5.0, \"log\": false}}"}
{"op_code":8,"worker_id":"728d5ea9-7dd5-43a6-9dc7-95cc57f77723-16052","trial_id":4,"user_attr":{"constraints":[-0.09154633550201845,-0.13396938307228173,0.26666666666666666,0.08232323232323233,-0.3111573691549149,-35.0,-8.0,-0.013167481365754722,0.16666666666666669,-1387.7921495354976,-0.060205314009661726,-0.07936507936507936]}}
{"op_code":8,"worker_id":"728d5ea9-7dd5-43a6-9dc7-95cc57f77723-16052","trial_id":4,"user_attr":{"pruned_reasons":["M3 (Hit Rate < 60%)","M5 (Monotonicity <= 0.25)","Side-specific Hit Rate (33.33% < 50%)"]}}
{"op_code":8,"worker_id":"728d5ea9-7dd5-43a6-9dc7-95cc57f77723-16052","trial_id":4,"user_attr":{"gini":0.41581093675780023}}
{"op_code":8,"worker_id":"728d5ea9-7dd5-43a6-9dc7-95cc57f77723-16052","trial_id":4,"user_attr":{"cv_is_ics":[0.19458645582199097,0.1983163207769394,0.16746291518211365,0.1977049857378006,0.20989815890789032,0.21617643535137177,0.2026645988225937,0.21598929166793823,0.2301836609840393,0.19449926912784576,0.22287635505199432,0.22275981307029724,0.18163999915122986,0.20417898893356323,0.19384372234344482]}}
{"op_code":8,"worker_id":"728d5ea9-7dd5-43a6-9dc7-95cc57f77723-16052","trial_id":4,"user_attr":{"cv_oos_ics":[-0.012079834006726742,0.18877506256103516,0.1383797973394394,0.03709078207612038,-0.019557779654860497,0.020241117104887962,0.04976160451769829,-0.020884018391370773,-0.0074944705702364445,0.09926684945821762,0.03381291404366493,0.13654688000679016,0.08607479929924011,0.019840752705931664,0.06673126667737961]}}
{"op_code":8,"worker_id":"728d5ea9-7dd5-43a6-9dc7-95cc57f77723-16052","trial_id":4,"user_attr":{"reg_kappa":3.4769620978030575}}
{"op_code":5,"worker_id":"d3c4e756-3265-461b-8140-98cf4b7835d1-24364","trial_id":13,"param_name":"unified_gamma","param_value_internal":592.8456313569452,"distribution":"{\"name\": \"FloatDistribution\", \"attributes\": {\"step\": null, \"low\": 1.5, \"high\": 10000.0, \"log\": true}}"}
{"op_code":4,"worker_id":"abc61ee0-2a07-4cfa-9d56-d29ab73de4ab-22852","study_id":0,"datetime_start":"2026-07-14T11:40:10.021764"}
{"op_code":5,"worker_id":"d3c4e756-3265-461b-8140-98cf4b7835d1-24364","trial_id":13,"param_name":"huber_delta","param_value_internal":1.3750252580024045,"distribution":"{\"name\": \"FloatDistribution\", \"attributes\": {\"step\": null, \"low\": 0.5, \"high\": 5.0, \"log\": false}}"}
{"op_code":8,"worker_id":"728d5ea9-7dd5-43a6-9dc7-95cc57f77723-16052","trial_id":4,"user_attr":{"raw_metrics":[0.36601744778335865,0.13396938307228173,0.3333333333333333,0.09154633550201845,0.16767676767676767,0.3111573691549149,-0.26779303221620887,-0.28316184878349304,0.5102053140096617]}}
{"op_code":8,"worker_id":"728d5ea9-7dd5-43a6-9dc7-95cc57f77723-16052","trial_id":4,"user_attr":{"val_metrics":[0.11751166417350317,0.11493309114747555,0.6727272727272727,0.4393668885777394,-4.830854367084588]}}
{"op_code":8,"worker_id":"728d5ea9-7dd5-43a6-9dc7-95cc57f77723-16052","trial_id":4,"user_attr":{"deflated_objective":0.768405321032563}}
{"op_code":9,"worker_id":"728d5ea9-7dd5-43a6-9dc7-95cc57f77723-16052","trial_id":4,"system_attr":{"constraints":[-0.09154633550201845,-0.13396938307228173,0.26666666666666666,0.08232323232323233,-0.3111573691549149,-35.0,-8.0,-0.013167481365754722,0.16666666666666669,-1387.7921495354976,-0.060205314009661726,-0.07936507936507936]}}
{"op_code":6,"worker_id":"728d5ea9-7dd5-43a6-9dc7-95cc57f77723-16052","trial_id":4,"state":1,"values":[0.768405321032563],"datetime_complete":"2026-07-14T11:40:10.099823"}
{"op_code":8,"worker_id":"ab2bfdcf-694f-49ee-9554-e0cf2472e82a-30084","trial_id":9,"user_attr":{"constraints":[-0.1017984117947196,-0.140582573769066,0.26666666666666666,0.04191919191919194,-0.390562411652347,-43.0,-8.0,-0.046239906752621206,0.16666666666666669,-1380.2862565355902,-0.06745169082125596,-0.07962962962962966]}}
{"op_code":8,"worker_id":"766f7119-3bea-4e53-af41-7150a1f57214-31524","trial_id":14,"user_attr":{"constraints":[-0.11550773908078703,-0.09978278927027083,0.26666666666666666,-0.1237373737373737,-0.39305187813811693,-42.0,-6.0,0.1298291833277571,0.16666666666666669,-1382.9969717081553,-0.06745169082125596,-0.08888888888888885]}}
{"op_code":8,"worker_id":"ab2bfdcf-694f-49ee-9554-e0cf2472e82a-30084","trial_id":9,"user_attr":{"pruned_reasons":["M3 (Hit Rate < 60%)","M5 (Monotonicity <= 0.25)","Side-specific Hit Rate (33.33% < 50%)"]}}
{"op_code":8,"worker_id":"ab2bfdcf-694f-49ee-9554-e0cf2472e82a-30084","trial_id":9,"user_attr":{"gini":0.42528119812464005}}
{"op_code":8,"worker_id":"a2abce0b-6dd7-4cc8-b715-7a814f0a6306-6576","trial_id":10,"user_attr":{"constraints":[-0.11237992742579654,-0.11140718670783424,0.26666666666666666,0.017676767676767707,-0.3599673122950438,-53.0,-5.0,0.2465492086398943,0.5,-1376.7232651233144,-0.08134057971014491,-0.07010582010582006]}}
{"op_code":5,"worker_id":"abc61ee0-2a07-4cfa-9d56-d29ab73de4ab-22852","trial_id":17,"param_name":"k_weight","param_value_internal":1.2367042138699227,"distribution":"{\"name\": \"FloatDistribution\", \"attributes\": {\"step\": null, \"low\": 0.0, \"high\": 1.5, \"log\": false}}"}
{"op_code":8,"worker_id":"766f7119-3bea-4e53-af41-7150a1f57214-31524","trial_id":14,"user_attr":{"pruned_reasons":["M3 (Hit Rate < 60%)","Side-specific Yearly Tail IC Mean (-0.1298 <= 0)","Side-specific Hit Rate (33.33% < 50%)"]}}
{"op_code":8,"worker_id":"766f7119-3bea-4e53-af41-7150a1f57214-31524","trial_id":14,"user_attr":{"gini":0.5487849420012589}}
{"op_code":5,"worker_id":"abc61ee0-2a07-4cfa-9d56-d29ab73de4ab-22852","trial_id":17,"param_name":"unified_alpha","param_value_internal":0.00012248936831990408,"distribution":"{\"name\": \"FloatDistribution\", \"attributes\": {\"step\": null, \"low\": 1e-05, \"high\": 10.0, \"log\": true}}"}
{"op_code":8,"worker_id":"92a6c67d-0f6e-42b5-9521-f94794dfa44e-23408","trial_id":11,"user_attr":{"constraints":[-0.07776856975329924,-0.10336391725978088,0.26666666666666666,0.27626262626262627,-0.2607468887402311,0.0,0.0,0.06989426401191108,0.16666666666666669,-1390.7286905409367,-0.07439613526570049,-0.08862433862433855]}}
{"op_code":8,"worker_id":"92a6c67d-0f6e-42b5-9521-f94794dfa44e-23408","trial_id":11,"user_attr":{"pruned_reasons":["M3 (Hit Rate < 60%)","M5 (Monotonicity <= 0.25)","Side-specific Yearly Tail IC Mean (-0.0699 <= 0)","Side-specific Hit Rate (33.33% < 50%)"]}}
{"op_code":8,"worker_id":"ab2bfdcf-694f-49ee-9554-e0cf2472e82a-30084","trial_id":9,"user_attr":{"cv_is_ics":[0.19203007221221924,0.20154114067554474,0.16853339970111847,0.19313569366931915,0.20193256437778473,0.21047066152095795,0.20362816751003265,0.2146555632352829,0.22599336504936218,0.19533249735832214,0.2252010852098465,0.22108326852321625,0.18369558453559875,0.20185811817646027,0.19242286682128906]}}
{"op_code":8,"worker_id":"a2abce0b-6dd7-4cc8-b715-7a814f0a6306-6576","trial_id":10,"user_attr":{"pruned_reasons":["M3 (Hit Rate < 60%)","M5 (Monotonicity <= 0.25)","Side-specific Yearly Tail IC Mean (-0.2465 <= 0)","Side-specific Hit Rate (0.00% < 50%)"]}}
{"op_code":8,"worker_id":"de6726a2-a3d5-4a7c-9d86-3ee56b2b8f3d-19068","trial_id":2,"user_attr":{"constraints":[-0.1088412562075216,-0.09143118622093029,-0.06666666666666665,0.021717171717171718,0.026358100050421423,-13.0,-8.0,0.011545351202567965,0.16666666666666669,-1427.2044514727554,-0.04631642512077294,0.00502645502645499]}}
{"op_code":8,"worker_id":"92a6c67d-0f6e-42b5-9521-f94794dfa44e-23408","trial_id":11,"user_attr":{"gini":0.46359598902888766}}
{"op_code":8,"worker_id":"de6726a2-a3d5-4a7c-9d86-3ee56b2b8f3d-19068","trial_id":2,"user_attr":{"pruned_reasons":["M5 (Monotonicity <= 0.25)","M6 (Top-Bottom Spread <= 0)","Side-specific Yearly Tail IC Mean (-0.0115 <= 0)","Side-specific Hit Rate (33.33% < 50%)","Side-specific Yearly Daily Win Rate (44.50% < 45%)"]}}
{"op_code":8,"worker_id":"de6726a2-a3d5-4a7c-9d86-3ee56b2b8f3d-19068","trial_id":2,"user_attr":{"gini":0.3582571121695044}}
{"op_code":8,"worker_id":"de6726a2-a3d5-4a7c-9d86-3ee56b2b8f3d-19068","trial_id":2,"user_attr":{"cv_is_ics":[0.1777593493461609,0.1580621302127838,0.11244913190603256,0.18878616392612457,0.18782947957515717,0.1989755481481552,0.15789662301540375,0.2141006737947464,0.2064501792192459,0.15189853310585022,0.2218819111585617,0.1882282793521881,0.16585135459899902,0.17410005629062653,0.19117432832717896]}}
{"op_code":8,"worker_id":"92a6c67d-0f6e-42b5-9521-f94794dfa44e-23408","trial_id":11,"user_attr":{"cv_is_ics":[0.19518890976905823,0.20476005971431732,0.17575933039188385,0.20286576449871063,0.2077649086713791,0.21423542499542236,0.22075162827968597,0.21921871602535248,0.2359360307455063,0.20180322229862213,0.22713644802570343,0.22949959337711334,0.19298943877220154,0.21079616248607635,0.20246253907680511]}}
{"op_code":4,"worker_id":"3edacb04-177a-4873-b8e0-73ae21cac572-11668","study_id":0,"datetime_start":"2026-07-14T11:40:09.997441"}
{"op_code":8,"worker_id":"d3c4e756-3265-461b-8140-98cf4b7835d1-24364","trial_id":13,"user_attr":{"constraints":[-0.07130280965706047,-0.0645931077277714,0.26666666666666666,0.12272727272727271,-0.350275513815743,-48.0,-8.0,0.07584475231534055,0.16666666666666669,-1377.0733154058166,-0.09492753623188405,-0.07910052910052895]}}
{"op_code":5,"worker_id":"abc61ee0-2a07-4cfa-9d56-d29ab73de4ab-22852","trial_id":17,"param_name":"unified_rho","param_value_internal":0.8773267682070526,"distribution":"{\"name\": \"FloatDistribution\", \"attributes\": {\"step\": null, \"low\": 0.0, \"high\": 1.0, \"log\": false}}"}
{"op_code":8,"worker_id":"92a6c67d-0f6e-42b5-9521-f94794dfa44e-23408","trial_id":11,"user_attr":{"cv_oos_ics":[-0.0033207160886377096,0.167227640748024,0.10422675311565399,0.0354662723839283,-0.020033901557326317,0.02759699709713459,0.07686787843704224,-0.018096180632710457,0.010424736887216568,0.10706740617752075,0.023720653727650642,0.115819551050663,0.06589195132255554,0.00019801798043772578,0.054481346160173416]}}
{"op_code":8,"worker_id":"92a6c67d-0f6e-42b5-9521-f94794dfa44e-23408","trial_id":11,"user_attr":{"reg_kappa":3.4697271226375017}}
{"op_code":8,"worker_id":"d3c4e756-3265-461b-8140-98cf4b7835d1-24364","trial_id":13,"user_attr":{"pruned_reasons":["M3 (Hit Rate < 60%)","M5 (Monotonicity <= 0.25)","Side-specific Yearly Tail IC Mean (-0.0758 <= 0)","Side-specific Hit Rate (33.33% < 50%)"]}}
{"op_code":8,"worker_id":"d3c4e756-3265-461b-8140-98cf4b7835d1-24364","trial_id":13,"user_attr":{"gini":0.4523987719783231}}
{"op_code":8,"worker_id":"d3c4e756-3265-461b-8140-98cf4b7835d1-24364","trial_id":13,"user_attr":{"cv_is_ics":[0.2022024542093277,0.20120976865291595,0.18594810366630554,0.20355618000030518,0.21043521165847778,0.21320369839668274,0.22016999125480652,0.21977810561656952,0.23443900048732758,0.19915729761123657,0.22682155668735504,0.22132675349712372,0.1975703090429306,0.21738587319850922,0.20754069089889526]}}
{"op_code":8,"worker_id":"d3c4e756-3265-461b-8140-98cf4b7835d1-24364","trial_id":13,"user_attr":{"cv_oos_ics":[0.01044534146785736,0.15027795732021332,0.09524108469486237,0.04386177659034729,-0.011412853375077248,0.05166646093130112,0.09037038683891296,-0.013590295799076557,0.0025320618879050016,0.08904790133237839,0.005271737463772297,0.116236612200737,0.04694618657231331,0.009605495259165764,0.050567563623189926]}}
{"op_code":8,"worker_id":"d3c4e756-3265-461b-8140-98cf4b7835d1-24364","trial_id":13,"user_attr":{"reg_kappa":3.451033806829952}}
{"op_code":8,"worker_id":"d3c4e756-3265-461b-8140-98cf4b7835d1-24364","trial_id":13,"user_attr":{"raw_metrics":[0.2139212062443542,0.0645931077277714,0.3333333333333333,0.07130280965706047,0.1272727272727273,0.350275513815743,-0.21063315874888847,-0.2325286716222763,0.5449275362318841]}}
{"op_code":8,"worker_id":"d3c4e756-3265-461b-8140-98cf4b7835d1-24364","trial_id":13,"user_attr":{"val_metrics":[0.10486812320880307,0.030853457643336607,0.44242424242424244,0.4782939987132947,-5.41476397601264]}}
{"op_code":8,"worker_id":"d3c4e756-3265-461b-8140-98cf4b7835d1-24364","trial_id":13,"user_attr":{"deflated_objective":0.35557414776736995}}
{"op_code":5,"worker_id":"abc61ee0-2a07-4cfa-9d56-d29ab73de4ab-22852","trial_id":17,"param_name":"unified_gamma","param_value_internal":121.99158381094936,"distribution":"{\"name\": \"FloatDistribution\", \"attributes\": {\"step\": null, \"low\": 1.5, \"high\": 10000.0, \"log\": true}}"}
{"op_code":9,"worker_id":"d3c4e756-3265-461b-8140-98cf4b7835d1-24364","trial_id":13,"system_attr":{"constraints":[-0.07130280965706047,-0.0645931077277714,0.26666666666666666,0.12272727272727271,-0.350275513815743,-48.0,-8.0,0.07584475231534055,0.16666666666666669,-1377.0733154058166,-0.09492753623188405,-0.07910052910052895]}}
{"op_code":5,"worker_id":"abc61ee0-2a07-4cfa-9d56-d29ab73de4ab-22852","trial_id":17,"param_name":"huber_delta","param_value_internal":4.842168949502053,"distribution":"{\"name\": \"FloatDistribution\", \"attributes\": {\"step\": null, \"low\": 0.5, \"high\": 5.0, \"log\": false}}"}
{"op_code":6,"worker_id":"d3c4e756-3265-461b-8140-98cf4b7835d1-24364","trial_id":13,"state":1,"values":[0.47691496696206254],"datetime_complete":"2026-07-14T11:40:10.155341"}
{"op_code":5,"worker_id":"1c95cd1a-8494-42bc-ab0f-d9ddda5ca9fe-31796","trial_id":1,"param_name":"unified_rho","param_value_internal":0.7446404816795178,"distribution":"{\"name\": \"FloatDistribution\", \"attributes\": {\"step\": null, \"low\": 0.0, \"high\": 1.0, \"log\": false}}"}
{"op_code":4,"worker_id":"1b2e5407-70a9-4c22-9a09-b0b35f34122b-24364","study_id":0,"datetime_start":"2026-07-14T11:40:10.160376"}
{"op_code":5,"worker_id":"1b2e5407-70a9-4c22-9a09-b0b35f34122b-24364","trial_id":19,"param_name":"k_weight","param_value_internal":0.8187771449024679,"distribution":"{\"name\": \"FloatDistribution\", \"attributes\": {\"step\": null, \"low\": 0.0, \"high\": 1.5, \"log\": false}}"}
{"op_code":5,"worker_id":"1b2e5407-70a9-4c22-9a09-b0b35f34122b-24364","trial_id":19,"param_name":"unified_alpha","param_value_internal":1.4227862634159771,"distribution":"{\"name\": \"FloatDistribution\", \"attributes\": {\"step\": null, \"low\": 1e-05, \"high\": 10.0, \"log\": true}}"}
{"op_code":5,"worker_id":"1b2e5407-70a9-4c22-9a09-b0b35f34122b-24364","trial_id":19,"param_name":"unified_rho","param_value_internal":0.6858925865665791,"distribution":"{\"name\": \"FloatDistribution\", \"attributes\": {\"step\": null, \"low\": 0.0, \"high\": 1.0, \"log\": false}}"}
{"op_code":4,"worker_id":"fbb31ff3-e3af-4af7-8f2a-ea98a82837f7-16052","study_id":0,"datetime_start":"2026-07-14T11:40:10.168250"}
{"op_code":5,"worker_id":"fbb31ff3-e3af-4af7-8f2a-ea98a82837f7-16052","trial_id":20,"param_name":"k_weight","param_value_internal":0.3890572049226651,"distribution":"{\"name\": \"FloatDistribution\", \"attributes\": {\"step\": null, \"low\": 0.0, \"high\": 1.5, \"log\": false}}"}
{"op_code":5,"worker_id":"fbb31ff3-e3af-4af7-8f2a-ea98a82837f7-16052","trial_id":20,"param_name":"unified_alpha","param_value_internal":1.8203978209302794e-05,"distribution":"{\"name\": \"FloatDistribution\", \"attributes\": {\"step\": null, \"low\": 1e-05, \"high\": 10.0, \"log\": true}}"}
{"op_code":5,"worker_id":"1b2e5407-70a9-4c22-9a09-b0b35f34122b-24364","trial_id":19,"param_name":"unified_gamma","param_value_internal":27.801493176812055,"distribution":"{\"name\": \"FloatDistribution\", \"attributes\": {\"step\": null, \"low\": 1.5, \"high\": 10000.0, \"log\": true}}"}
{"op_code":5,"worker_id":"1b2e5407-70a9-4c22-9a09-b0b35f34122b-24364","trial_id":19,"param_name":"huber_delta","param_value_internal":0.7699906830227805,"distribution":"{\"name\": \"FloatDistribution\", \"attributes\": {\"step\": null, \"low\": 0.5, \"high\": 5.0, \"log\": false}}"}
{"op_code":8,"worker_id":"766f7119-3bea-4e53-af41-7150a1f57214-31524","trial_id":14,"user_attr":{"cv_is_ics":[0.19743674993515015,0.19756782054901123,0.16887040436267853,0.20172527432441711,0.19862689077854156,0.21310462057590485,0.2039090096950531,0.21318157017230988,0.2299189418554306,0.1946861296892166,0.22370709478855133,0.19965942203998566,0.18172112107276917,0.20437414944171906,0.19260208308696747]}}
{"op_code":8,"worker_id":"766f7119-3bea-4e53-af41-7150a1f57214-31524","trial_id":14,"user_attr":{"cv_oos_ics":[-0.01307923998683691,0.1927051693201065,0.14225846529006958,0.08001043647527695,0.0006059730658307672,0.04102542996406555,0.054360028356313705,0.002160491654649377,0.003982046153396368,0.1445293128490448,0.07932493090629578,0.15809766948223114,0.10712931305170059,0.04998709633946419,0.09499772638082504]}}
{"op_code":8,"worker_id":"766f7119-3bea-4e53-af41-7150a1f57214-31524","trial_id":14,"user_attr":{"reg_kappa":3.3977197591298833}}
{"op_code":8,"worker_id":"766f7119-3bea-4e53-af41-7150a1f57214-31524","trial_id":14,"user_attr":{"raw_metrics":[0.34724583443549606,0.09978278927027083,0.3333333333333333,0.11550773908078703,0.3737373737373737,0.39305187813811693,-0.2051685894510059,-0.21686269342899323,0.517451690821256]}}
{"op_code":8,"worker_id":"766f7119-3bea-4e53-af41-7150a1f57214-31524","trial_id":14,"user_attr":{"val_metrics":[0.11111754690981776,-0.1017270960952585,0.45454545454545453,0.2862619654585918,-4.063662877875951]}}
{"op_code":8,"worker_id":"a2abce0b-6dd7-4cc8-b715-7a814f0a6306-6576","trial_id":10,"user_attr":{"gini":0.5268390200522892}}
{"op_code":8,"worker_id":"766f7119-3bea-4e53-af41-7150a1f57214-31524","trial_id":14,"user_attr":{"deflated_objective":0.8843523501782407}}
{"op_code":8,"worker_id":"a2abce0b-6dd7-4cc8-b715-7a814f0a6306-6576","trial_id":10,"user_attr":{"cv_is_ics":[0.19066642224788666,0.20093987882137299,0.18563547730445862,0.20322661101818085,0.2040049135684967,0.21168895065784454,0.20848286151885986,0.21525271236896515,0.2263699322938919,0.20311565697193146,0.22736777365207672,0.2201363742351532,0.1879557967185974,0.21056640148162842,0.19508378207683563]}}
{"op_code":8,"worker_id":"abc61ee0-2a07-4cfa-9d56-d29ab73de4ab-22852","trial_id":17,"user_attr":{"constraints":[-0.09873393743004344,0.028266128163362058,-0.06666666666666665,0.08232323232323233,0.2302190618933255,-20.0,-8.0,0.10040226700280712,0.16666666666666669,-1408.8505182468398,0.012801932367149771,-0.013492063492063444]}}
{"op_code":8,"worker_id":"abc61ee0-2a07-4cfa-9d56-d29ab73de4ab-22852","trial_id":17,"user_attr":{"pruned_reasons":["M2 (Yearly Tail IC Mean <= 0)","M5 (Monotonicity <= 0.25)","M6 (Top-Bottom Spread <= 0)","Side-specific Yearly Tail IC Mean (-0.1004 <= 0)","Side-specific Hit Rate (33.33% < 50%)","Yearly Daily Win Rate (43.72% < 45%)"]}}
{"op_code":5,"worker_id":"fbb31ff3-e3af-4af7-8f2a-ea98a82837f7-16052","trial_id":20,"param_name":"unified_rho","param_value_internal":0.5820303421266043,"distribution":"{\"name\": \"FloatDistribution\", \"attributes\": {\"step\": null, \"low\": 0.0, \"high\": 1.0, \"log\": false}}"}
{"op_code":8,"worker_id":"abc61ee0-2a07-4cfa-9d56-d29ab73de4ab-22852","trial_id":17,"user_attr":{"gini":0.42225324315100443}}
{"op_code":8,"worker_id":"abc61ee0-2a07-4cfa-9d56-d29ab73de4ab-22852","trial_id":17,"user_attr":{"cv_is_ics":[0.15229661762714386,0.12558257579803467,0.049948468804359436,0.1734420508146286,0.15512412786483765,0.17078262567520142,0.11069150269031525,0.20307764410972595,0.16487932205200195,0.1150253489613533,0.21482467651367188,0.1601671278476715,0.14302583038806915,0.13759128749370575,0.17903220653533936]}}
{"op_code":8,"worker_id":"abc61ee0-2a07-4cfa-9d56-d29ab73de4ab-22852","trial_id":17,"user_attr":{"cv_oos_ics":[-0.0684032291173935,0.1261075735092163,0.11844819784164429,0.06893602758646011,-0.04530838876962662,-0.038478247821331024,-0.028429226949810982,-0.03539332002401352,-0.022411994636058807,0.043926116079092026,0.07469376921653748,0.10150980949401855,0.09211710095405579,0.06715947389602661,0.05774049088358879]}}
{"op_code":5,"worker_id":"fbb31ff3-e3af-4af7-8f2a-ea98a82837f7-16052","trial_id":20,"param_name":"unified_gamma","param_value_internal":4.03949914934137,"distribution":"{\"name\": \"FloatDistribution\", \"attributes\": {\"step\": null, \"low\": 1.5, \"high\": 10000.0, \"log\": true}}"}
{"op_code":5,"worker_id":"bf872642-774d-4735-8223-f996bbac23cf-27448","trial_id":15,"param_name":"unified_alpha","param_value_internal":0.00509607129650663,"distribution":"{\"name\": \"FloatDistribution\", \"attributes\": {\"step\": null, \"low\": 1e-05, \"high\": 10.0, \"log\": true}}"}
{"op_code":5,"worker_id":"fbb31ff3-e3af-4af7-8f2a-ea98a82837f7-16052","trial_id":20,"param_name":"huber_delta","param_value_internal":3.2484955212371767,"distribution":"{\"name\": \"FloatDistribution\", \"attributes\": {\"step\": null, \"low\": 0.5, \"high\": 5.0, \"log\": false}}"}
{"op_code":8,"worker_id":"abc61ee0-2a07-4cfa-9d56-d29ab73de4ab-22852","trial_id":17,"user_attr":{"reg_kappa":3.530844668199193}}
{"op_code":5,"worker_id":"bf872642-774d-4735-8223-f996bbac23cf-27448","trial_id":15,"param_name":"unified_rho","param_value_internal":0.4960603487677895,"distribution":"{\"name\": \"FloatDistribution\", \"attributes\": {\"step\": null, \"low\": 0.0, \"high\": 1.0, \"log\": false}}"}
{"op_code":5,"worker_id":"bf872642-774d-4735-8223-f996bbac23cf-27448","trial_id":15,"param_name":"unified_gamma","param_value_internal":2.919195228671233,"distribution":"{\"name\": \"FloatDistribution\", \"attributes\": {\"step\": null, \"low\": 1.5, \"high\": 10000.0, \"log\": true}}"}
{"op_code":5,"worker_id":"bf872642-774d-4735-8223-f996bbac23cf-27448","trial_id":15,"param_name":"huber_delta","param_value_internal":3.072927120474744,"distribution":"{\"name\": \"FloatDistribution\", \"attributes\": {\"step\": null, \"low\": 0.5, \"high\": 5.0, \"log\": false}}"}
{"op_code":8,"worker_id":"abc61ee0-2a07-4cfa-9d56-d29ab73de4ab-22852","trial_id":17,"user_attr":{"raw_metrics":[-0.159105767970798,-0.028266128163362058,0.6666666666666666,0.09873393743004344,0.16767676767676767,-0.2302190618933255,-0.38676022802460014,-0.3965902030467987,0.43719806763285024]}}
{"op_code":8,"worker_id":"abc61ee0-2a07-4cfa-9d56-d29ab73de4ab-22852","trial_id":17,"user_attr":{"val_metrics":[0.139017894946528,-0.09946098644143264,0.7818181818181819,0.423522197380662,-5.186173199985296]}}
{"op_code":8,"worker_id":"abc61ee0-2a07-4cfa-9d56-d29ab73de4ab-22852","trial_id":17,"user_attr":{"deflated_objective":0.5033533549088905}}
{"op_code":9,"worker_id":"abc61ee0-2a07-4cfa-9d56-d29ab73de4ab-22852","trial_id":17,"system_attr":{"constraints":[-0.09873393743004344,0.028266128163362058,-0.06666666666666665,0.08232323232323233,0.2302190618933255,-20.0,-8.0,0.10040226700280712,0.16666666666666669,-1408.8505182468398,0.012801932367149771,-0.013492063492063444]}}
{"op_code":6,"worker_id":"abc61ee0-2a07-4cfa-9d56-d29ab73de4ab-22852","trial_id":17,"state":1,"values":[0.5535798708445925],"datetime_complete":"2026-07-14T11:40:10.216428"}
{"op_code":8,"worker_id":"1b2e5407-70a9-4c22-9a09-b0b35f34122b-24364","trial_id":19,"user_attr":{"constraints":[0.09930808102419082,0.06835634908581457,0.6,0.5328282828282829,0.13996133950399461,-46.0,5.0,0.09648303079417825,0.5,-1391.5975771993908,0.0681763285024155,0.08148148148148149]}}
{"op_code":8,"worker_id":"1b2e5407-70a9-4c22-9a09-b0b35f34122b-24364","trial_id":19,"user_attr":{"pruned_reasons":["M4 (Overall IC <= 0)","M2 (Yearly Tail IC Mean <= 0)","M3 (Hit Rate < 60%)","M5 (Monotonicity <= 0.25)","M6 (Top-Bottom Spread <= 0)","Active features count (0) is less than active feature floor (5)","Side-specific Yearly Tail IC Mean (-0.0965 <= 0)","Side-specific Hit Rate (0.00% < 50%)","Yearly Daily Win Rate (38.18% < 45%)","Side-specific Yearly Daily Win Rate (36.85% < 45%)"]}}
{"op_code":4,"worker_id":"05a584d0-2448-480b-999f-e8db492c1236-22852","study_id":0,"datetime_start":"2026-07-14T11:40:10.221030"}
{"op_code":5,"worker_id":"05a584d0-2448-480b-999f-e8db492c1236-22852","trial_id":21,"param_name":"k_weight","param_value_internal":0.4443737425086503,"distribution":"{\"name\": \"FloatDistribution\", \"attributes\": {\"step\": null, \"low\": 0.0, \"high\": 1.5, \"log\": false}}"}
{"op_code":5,"worker_id":"05a584d0-2448-480b-999f-e8db492c1236-22852","trial_id":21,"param_name":"unified_alpha","param_value_internal":0.7151650691587015,"distribution":"{\"name\": \"FloatDistribution\", \"attributes\": {\"step\": null, \"low\": 1e-05, \"high\": 10.0, \"log\": true}}"}
{"op_code":5,"worker_id":"05a584d0-2448-480b-999f-e8db492c1236-22852","trial_id":21,"param_name":"unified_rho","param_value_internal":0.35025252522341144,"distribution":"{\"name\": \"FloatDistribution\", \"attributes\": {\"step\": null, \"low\": 0.0, \"high\": 1.0, \"log\": false}}"}
{"op_code":5,"worker_id":"05a584d0-2448-480b-999f-e8db492c1236-22852","trial_id":21,"param_name":"unified_gamma","param_value_internal":1565.7420487024253,"distribution":"{\"name\": \"FloatDistribution\", \"attributes\": {\"step\": null, \"low\": 1.5, \"high\": 10000.0, \"log\": true}}"}
{"op_code":5,"worker_id":"1c95cd1a-8494-42bc-ab0f-d9ddda5ca9fe-31796","trial_id":1,"param_name":"unified_gamma","param_value_internal":35.86027023078568,"distribution":"{\"name\": \"FloatDistribution\", \"attributes\": {\"step\": null, \"low\": 1.5, \"high\": 10000.0, \"log\": true}}"}
{"op_code":5,"worker_id":"1c95cd1a-8494-42bc-ab0f-d9ddda5ca9fe-31796","trial_id":1,"param_name":"huber_delta","param_value_internal":2.1168987701363235,"distribution":"{\"name\": \"FloatDistribution\", \"attributes\": {\"step\": null, \"low\": 0.5, \"high\": 5.0, \"log\": false}}"}
{"op_code":5,"worker_id":"05a584d0-2448-480b-999f-e8db492c1236-22852","trial_id":21,"param_name":"huber_delta","param_value_internal":3.0260703909675764,"distribution":"{\"name\": \"FloatDistribution\", \"attributes\": {\"step\": null, \"low\": 0.5, \"high\": 5.0, \"log\": false}}"}
{"op_code":8,"worker_id":"fbb31ff3-e3af-4af7-8f2a-ea98a82837f7-16052","trial_id":20,"user_attr":{"constraints":[-0.09875431386604872,-0.11604886864703705,0.26666666666666666,0.05000000000000002,-0.335112081553589,-45.0,-8.0,-0.040548296267811035,-0.16666666666666663,-1379.12426227813,-0.0529589371980676,-0.07037037037037025]}}
{"op_code":8,"worker_id":"fbb31ff3-e3af-4af7-8f2a-ea98a82837f7-16052","trial_id":20,"user_attr":{"pruned_reasons":["M3 (Hit Rate < 60%)","M5 (Monotonicity <= 0.25)"]}}
{"op_code":8,"worker_id":"fbb31ff3-e3af-4af7-8f2a-ea98a82837f7-16052","trial_id":20,"user_attr":{"gini":0.4353607529427619}}
{"op_code":8,"worker_id":"fbb31ff3-e3af-4af7-8f2a-ea98a82837f7-16052","trial_id":20,"user_attr":{"cv_is_ics":[0.18883590400218964,0.2017592042684555,0.16920480132102966,0.19371886551380157,0.20319490134716034,0.20889915525913239,0.20085443556308746,0.2146325409412384,0.2242150455713272,0.19770151376724243,0.22600403428077698,0.22086142003536224,0.1853008270263672,0.20158757269382477,0.19307585060596466]}}
{"op_code":8,"worker_id":"bf872642-774d-4735-8223-f996bbac23cf-27448","trial_id":15,"user_attr":{"constraints":[-0.1040212355382455,-0.1329074506030796,0.26666666666666666,-0.022727272727272707,-0.3746576256285183,-41.0,-8.0,-0.038212303484231436,0.16666666666666669,-1382.4329652482272,-0.07439613526570049,-0.06111111111111106]}}
{"op_code":8,"worker_id":"bf872642-774d-4735-8223-f996bbac23cf-27448","trial_id":15,"user_attr":{"pruned_reasons":["M3 (Hit Rate < 60%)","Side-specific Hit Rate (33.33% < 50%)"]}}
{"op_code":8,"worker_id":"fbb31ff3-e3af-4af7-8f2a-ea98a82837f7-16052","trial_id":20,"user_attr":{"cv_oos_ics":[-0.006705270614475012,0.18478219211101532,0.14841657876968384,0.06290134787559509,-0.015296490862965584,0.020312532782554626,0.04495185986161232,-0.019449926912784576,-0.011993749998509884,0.09458262473344803,0.03989943489432335,0.13334447145462036,0.08011723309755325,0.04176664352416992,0.06933901458978653]}}
{"op_code":8,"worker_id":"fbb31ff3-e3af-4af7-8f2a-ea98a82837f7-16052","trial_id":20,"user_attr":{"reg_kappa":3.456399495551677}}
{"op_code":8,"worker_id":"fbb31ff3-e3af-4af7-8f2a-ea98a82837f7-16052","trial_id":20,"user_attr":{"raw_metrics":[0.3229320957118685,0.11604886864703705,0.3333333333333333,0.09875431386604872,0.19999999999999998,0.335112081553589,-0.22273444645045146,-0.23101352155208588,0.5029589371980676]}}
{"op_code":8,"worker_id":"fbb31ff3-e3af-4af7-8f2a-ea98a82837f7-16052","trial_id":20,"user_attr":{"val_metrics":[0.11809587488752335,-0.05734108120878023,0.5636363636363636,0.34800363617638747,-4.009870031968342]}}
{"op_code":8,"worker_id":"05a584d0-2448-480b-999f-e8db492c1236-22852","trial_id":21,"user_attr":{"constraints":[0.10046355021860108,0.07817796582704296,0.6,0.557070707070707,0.16741104529045772,-56.0,5.0,0.09648303079417825,0.5,-1381.4537193992044,0.04643719806763286,0.04338624338624336]}}
{"op_code":8,"worker_id":"05a584d0-2448-480b-999f-e8db492c1236-22852","trial_id":21,"user_attr":{"pruned_reasons":["M4 (Overall IC <= 0)","M2 (Yearly Tail IC Mean <= 0)","M3 (Hit Rate < 60%)","M5 (Monotonicity <= 0.25)","M6 (Top-Bottom Spread <= 0)","Active features count (0) is less than active feature floor (5)","Side-specific Yearly Tail IC Mean (-0.0965 <= 0)","Side-specific Hit Rate (0.00% < 50%)","Yearly Daily Win Rate (40.36% < 45%)","Side-specific Yearly Daily Win Rate (40.66% < 45%)"]}}
{"op_code":8,"worker_id":"1b2e5407-70a9-4c22-9a09-b0b35f34122b-24364","trial_id":19,"user_attr":{"gini":0.0}}
{"op_code":8,"worker_id":"fbb31ff3-e3af-4af7-8f2a-ea98a82837f7-16052","trial_id":20,"user_attr":{"deflated_objective":0.8533850147286428}}
{"op_code":8,"worker_id":"1b2e5407-70a9-4c22-9a09-b0b35f34122b-24364","trial_id":19,"user_attr":{"cv_is_ics":[0.0,0.0,0.0,0.0,0.0,0.0,0.0,0.0,0.0,0.0,0.0,0.0,0.0,0.0,0.0]}}
{"op_code":9,"worker_id":"fbb31ff3-e3af-4af7-8f2a-ea98a82837f7-16052","trial_id":20,"system_attr":{"constraints":[-0.09875431386604872,-0.11604886864703705,0.26666666666666666,0.05000000000000002,-0.335112081553589,-45.0,-8.0,-0.040548296267811035,-0.16666666666666663,-1379.12426227813,-0.0529589371980676,-0.07037037037037025]}}
{"op_code":8,"worker_id":"1b2e5407-70a9-4c22-9a09-b0b35f34122b-24364","trial_id":19,"user_attr":{"cv_oos_ics":[0.0,0.0,0.0,0.0,0.0,0.0,0.0,0.0,0.0,0.0,0.0,0.0,0.0,0.0,0.0]}}
{"op_code":5,"worker_id":"3edacb04-177a-4873-b8e0-73ae21cac572-11668","trial_id":18,"param_name":"k_weight","param_value_internal":0.45144668378387187,"distribution":"{\"name\": \"FloatDistribution\", \"attributes\": {\"step\": null, \"low\": 0.0, \"high\": 1.5, \"log\": false}}"}
{"op_code":8,"worker_id":"05a584d0-2448-480b-999f-e8db492c1236-22852","trial_id":21,"user_attr":{"gini":0.0}}
{"op_code":6,"worker_id":"fbb31ff3-e3af-4af7-8f2a-ea98a82837f7-16052","trial_id":20,"state":1,"values":[1.0170387162740069],"datetime_complete":"2026-07-14T11:40:10.263076"}
{"op_code":8,"worker_id":"05a584d0-2448-480b-999f-e8db492c1236-22852","trial_id":21,"user_attr":{"cv_is_ics":[0.0,0.0,0.0,0.0,0.0,0.0,0.0,0.0,0.0,0.0,0.0,0.0,0.0,0.0,0.0]}}
{"op_code":8,"worker_id":"1c95cd1a-8494-42bc-ab0f-d9ddda5ca9fe-31796","trial_id":1,"user_attr":{"constraints":[-0.09363859565855044,-0.0901291388800289,0.26666666666666666,0.07828282828282829,-0.026371945945573017,-20.0,-8.0,0.021883919158722315,0.16666666666666669,-1409.775522781694,-0.053260869565217306,0.005291005291005346]}}
{"op_code":5,"worker_id":"1d637746-d867-4940-9873-54bdd8fa4010-3216","trial_id":6,"param_name":"k_weight","param_value_internal":1.234665511064688,"distribution":"{\"name\": \"FloatDistribution\", \"attributes\": {\"step\": null, \"low\": 0.0, \"high\": 1.5, \"log\": false}}"}
{"op_code":4,"worker_id":"b8fdaac5-441f-4932-9795-d8ec9d3140d2-16052","study_id":0,"datetime_start":"2026-07-14T11:40:10.272401"}
{"op_code":8,"worker_id":"05a584d0-2448-480b-999f-e8db492c1236-22852","trial_id":21,"user_attr":{"cv_oos_ics":[0.0,0.0,0.0,0.0,0.0,0.0,0.0,0.0,0.0,0.0,0.0,0.0,0.0,0.0,0.0]}}
{"op_code":5,"worker_id":"b8fdaac5-441f-4932-9795-d8ec9d3140d2-16052","trial_id":22,"param_name":"k_weight","param_value_internal":1.391220807928438,"distribution":"{\"name\": \"FloatDistribution\", \"attributes\": {\"step\": null, \"low\": 0.0, \"high\": 1.5, \"log\": false}}"}
{"op_code":5,"worker_id":"b8fdaac5-441f-4932-9795-d8ec9d3140d2-16052","trial_id":22,"param_name":"unified_alpha","param_value_internal":1.7161599651164972,"distribution":"{\"name\": \"FloatDistribution\", \"attributes\": {\"step\": null, \"low\": 1e-05, \"high\": 10.0, \"log\": true}}"}
{"op_code":5,"worker_id":"1d637746-d867-4940-9873-54bdd8fa4010-3216","trial_id":6,"param_name":"unified_alpha","param_value_internal":1.4345242342057838e-05,"distribution":"{\"name\": \"FloatDistribution\", \"attributes\": {\"step\": null, \"low\": 1e-05, \"high\": 10.0, \"log\": true}}"}
{"op_code":8,"worker_id":"05a584d0-2448-480b-999f-e8db492c1236-22852","trial_id":21,"user_attr":{"reg_kappa":2.1527144692038}}
{"op_code":8,"worker_id":"bf872642-774d-4735-8223-f996bbac23cf-27448","trial_id":15,"user_attr":{"gini":0.4195626935780936}}
{"op_code":5,"worker_id":"3edacb04-177a-4873-b8e0-73ae21cac572-11668","trial_id":18,"param_name":"unified_alpha","param_value_internal":0.0003036483963037555,"distribution":"{\"name\": \"FloatDistribution\", \"attributes\": {\"step\": null, \"low\": 1e-05, \"high\": 10.0, \"log\": true}}"}
{"op_code":8,"worker_id":"bf872642-774d-4735-8223-f996bbac23cf-27448","trial_id":15,"user_attr":{"cv_is_ics":[0.19128581881523132,0.1994507759809494,0.1643582135438919,0.19279319047927856,0.20257282257080078,0.21023596823215485,0.19980019330978394,0.21365870535373688,0.22421620786190033,0.194280207157135,0.2233465611934662,0.21639271080493927,0.1814727932214737,0.1991787850856781,0.19218361377716064]}}
{"op_code":5,"worker_id":"3edacb04-177a-4873-b8e0-73ae21cac572-11668","trial_id":18,"param_name":"unified_rho","param_value_internal":0.9263351350591756,"distribution":"{\"name\": \"FloatDistribution\", \"attributes\": {\"step\": null, \"low\": 0.0, \"high\": 1.0, \"log\": false}}"}
{"op_code":5,"worker_id":"3edacb04-177a-4873-b8e0-73ae21cac572-11668","trial_id":18,"param_name":"unified_gamma","param_value_internal":3850.360914752656,"distribution":"{\"name\": \"FloatDistribution\", \"attributes\": {\"step\": null, \"low\": 1.5, \"high\": 10000.0, \"log\": true}}"}
{"op_code":8,"worker_id":"bf872642-774d-4735-8223-f996bbac23cf-27448","trial_id":15,"user_attr":{"cv_oos_ics":[-0.008369481191039085,0.18815720081329346,0.14734674990177155,0.05992858111858368,-0.017037581652402878,0.018916668370366096,0.03754463046789169,-0.017007680609822273,-0.01550617441534996,0.09228325635194778,0.04521012678742409,0.1372533142566681,0.08135981857776642,0.044436100870370865,0.06819744408130646]}}
{"op_code":8,"worker_id":"bf872642-774d-4735-8223-f996bbac23cf-27448","trial_id":15,"user_attr":{"reg_kappa":3.4471235579251336}}
{"op_code":8,"worker_id":"05a584d0-2448-480b-999f-e8db492c1236-22852","trial_id":21,"user_attr":{"raw_metrics":[-1.4054891752539378,-0.07817796582704296,0.0,-0.10046355021860108,-0.30707070707070705,-0.16741104529045772,-0.0,-0.0,0.40356280193236715]}}
{"op_code":8,"worker_id":"05a584d0-2448-480b-999f-e8db492c1236-22852","trial_id":21,"user_attr":{"val_metrics":[0.0,0.0,-0.10303030303030303,-0.37352883610874416,-6.50669077376514]}}
{"op_code":8,"worker_id":"05a584d0-2448-480b-999f-e8db492c1236-22852","trial_id":21,"user_attr":{"deflated_objective":-0.2811178068428002}}
{"op_code":8,"worker_id":"bf872642-774d-4735-8223-f996bbac23cf-27448","trial_id":15,"user_attr":{"raw_metrics":[0.3549503323036125,0.1329074506030796,0.3333333333333333,0.1040212355382455,0.2727272727272727,0.3746576256285183,-0.23983705106454914,-0.2527370750904083,0.5243961352657005]}}
{"op_code":8,"worker_id":"bf872642-774d-4735-8223-f996bbac23cf-27448","trial_id":15,"user_attr":{"val_metrics":[0.12103700155302363,0.040375619205010455,0.6,0.3865367179363966,-4.18230668410573]}}
{"op_code":8,"worker_id":"1b2e5407-70a9-4c22-9a09-b0b35f34122b-24364","trial_id":19,"user_attr":{"reg_kappa":2.184084787913978}}
{"op_code":8,"worker_id":"bf872642-774d-4735-8223-f996bbac23cf-27448","trial_id":15,"user_attr":{"deflated_objective":0.8381111986458685}}
{"op_code":9,"worker_id":"bf872642-774d-4735-8223-f996bbac23cf-27448","trial_id":15,"system_attr":{"constraints":[-0.1040212355382455,-0.1329074506030796,0.26666666666666666,-0.022727272727272707,-0.3746576256285183,-41.0,-8.0,-0.038212303484231436,0.16666666666666669,-1382.4329652482272,-0.07439613526570049,-0.06111111111111106]}}
{"op_code":6,"worker_id":"bf872642-774d-4735-8223-f996bbac23cf-27448","trial_id":15,"state":1,"values":[0.9910812118900775],"datetime_complete":"2026-07-14T11:40:10.302573"}
{"op_code":8,"worker_id":"1b2e5407-70a9-4c22-9a09-b0b35f34122b-24364","trial_id":19,"user_attr":{"raw_metrics":[-1.3235182640916008,-0.06835634908581457,0.0,-0.09930808102419082,-0.2828282828282828,-0.13996133950399461,-0.0,-0.0,0.3818236714975845]}}
{"op_code":5,"worker_id":"3edacb04-177a-4873-b8e0-73ae21cac572-11668","trial_id":18,"param_name":"huber_delta","param_value_internal":3.5747454198874413,"distribution":"{\"name\": \"FloatDistribution\", \"attributes\": {\"step\": null, \"low\": 0.5, \"high\": 5.0, \"log\": false}}"}
{"op_code":4,"worker_id":"ec61ec9d-e839-4261-93b9-4046db24d302-27448","study_id":0,"datetime_start":"2026-07-14T11:40:10.307408"}
{"op_code":5,"worker_id":"ec61ec9d-e839-4261-93b9-4046db24d302-27448","trial_id":23,"param_name":"k_weight","param_value_internal":0.27836291222780896,"distribution":"{\"name\": \"FloatDistribution\", \"attributes\": {\"step\": null, \"low\": 0.0, \"high\": 1.5, \"log\": false}}"}
{"op_code":8,"worker_id":"1b2e5407-70a9-4c22-9a09-b0b35f34122b-24364","trial_id":19,"user_attr":{"val_metrics":[0.0,0.0,0.0,0.0,-6.50669077376514]}}
{"op_code":8,"worker_id":"1b2e5407-70a9-4c22-9a09-b0b35f34122b-24364","trial_id":19,"user_attr":{"deflated_objective":-0.25523942651589454}}
{"op_code":9,"worker_id":"1b2e5407-70a9-4c22-9a09-b0b35f34122b-24364","trial_id":19,"system_attr":{"constraints":[0.09930808102419082,0.06835634908581457,0.6,0.5328282828282829,0.13996133950399461,-46.0,5.0,0.09648303079417825,0.5,-1391.5975771993908,0.0681763285024155,0.08148148148148149]}}
{"op_code":5,"worker_id":"ec61ec9d-e839-4261-93b9-4046db24d302-27448","trial_id":23,"param_name":"unified_alpha","param_value_internal":0.0020873526050511518,"distribution":"{\"name\": \"FloatDistribution\", \"attributes\": {\"step\": null, \"low\": 1e-05, \"high\": 10.0, \"log\": true}}"}
{"op_code":5,"worker_id":"ec61ec9d-e839-4261-93b9-4046db24d302-27448","trial_id":23,"param_name":"unified_rho","param_value_internal":0.8318961986371698,"distribution":"{\"name\": \"FloatDistribution\", \"attributes\": {\"step\": null, \"low\": 0.0, \"high\": 1.0, \"log\": false}}"}
{"op_code":5,"worker_id":"ec61ec9d-e839-4261-93b9-4046db24d302-27448","trial_id":23,"param_name":"unified_gamma","param_value_internal":8.627643098308676,"distribution":"{\"name\": \"FloatDistribution\", \"attributes\": {\"step\": null, \"low\": 1.5, \"high\": 10000.0, \"log\": true}}"}
{"op_code":5,"worker_id":"ec61ec9d-e839-4261-93b9-4046db24d302-27448","trial_id":23,"param_name":"huber_delta","param_value_internal":4.624510846547713,"distribution":"{\"name\": \"FloatDistribution\", \"attributes\": {\"step\": null, \"low\": 0.5, \"high\": 5.0, \"log\": false}}"}
{"op_code":9,"worker_id":"766f7119-3bea-4e53-af41-7150a1f57214-31524","trial_id":14,"system_attr":{"constraints":[-0.11550773908078703,-0.09978278927027083,0.26666666666666666,-0.1237373737373737,-0.39305187813811693,-42.0,-6.0,0.1298291833277571,0.16666666666666669,-1382.9969717081553,-0.06745169082125596,-0.08888888888888885]}}
{"op_code":8,"worker_id":"a2abce0b-6dd7-4cc8-b715-7a814f0a6306-6576","trial_id":10,"user_attr":{"cv_oos_ics":[-0.004784604534506798,0.17750845849514008,0.13579657673835754,0.09377254545688629,-0.0031543062068521976,0.03692764788866043,0.06358549743890762,-0.009457516483962536,-0.0034886186476796865,0.11858049035072327,0.048644546419382095,0.13950031995773315,0.08023720234632492,0.05491265654563904,0.0831470862030983]}}
{"op_code":6,"worker_id":"766f7119-3bea-4e53-af41-7150a1f57214-31524","trial_id":14,"state":1,"values":[0.9661602482545981],"datetime_complete":"2026-07-14T11:40:10.324362"}
{"op_code":8,"worker_id":"a2abce0b-6dd7-4cc8-b715-7a814f0a6306-6576","trial_id":10,"user_attr":{"reg_kappa":3.4413581371836095}}
{"op_code":8,"worker_id":"a2abce0b-6dd7-4cc8-b715-7a814f0a6306-6576","trial_id":10,"user_attr":{"raw_metrics":[0.3146571313116932,0.11140718670783424,0.3333333333333333,0.11237992742579654,0.2323232323232323,0.3599673122950438,-0.15656226196347606,-0.16699905693531036,0.5313405797101449]}}
{"op_code":4,"worker_id":"7a27af9e-7306-4261-ba31-d03cf9abdecb-31524","study_id":0,"datetime_start":"2026-07-14T11:40:10.330153"}
{"op_code":5,"worker_id":"7a27af9e-7306-4261-ba31-d03cf9abdecb-31524","trial_id":24,"param_name":"k_weight","param_value_internal":0.16010730338296608,"distribution":"{\"name\": \"FloatDistribution\", \"attributes\": {\"step\": null, \"low\": 0.0, \"high\": 1.5, \"log\": false}}"}
{"op_code":5,"worker_id":"7a27af9e-7306-4261-ba31-d03cf9abdecb-31524","trial_id":24,"param_name":"unified_alpha","param_value_internal":0.1276602820664572,"distribution":"{\"name\": \"FloatDistribution\", \"attributes\": {\"step\": null, \"low\": 1e-05, \"high\": 10.0, \"log\": true}}"}
{"op_code":5,"worker_id":"7a27af9e-7306-4261-ba31-d03cf9abdecb-31524","trial_id":24,"param_name":"unified_rho","param_value_internal":0.5349626173910872,"distribution":"{\"name\": \"FloatDistribution\", \"attributes\": {\"step\": null, \"low\": 0.0, \"high\": 1.0, \"log\": false}}"}
{"op_code":5,"worker_id":"7a27af9e-7306-4261-ba31-d03cf9abdecb-31524","trial_id":24,"param_name":"unified_gamma","param_value_internal":38.710514975489204,"distribution":"{\"name\": \"FloatDistribution\", \"attributes\": {\"step\": null, \"low\": 1.5, \"high\": 10000.0, \"log\": true}}"}
{"op_code":5,"worker_id":"7a27af9e-7306-4261-ba31-d03cf9abdecb-31524","trial_id":24,"param_name":"huber_delta","param_value_internal":2.356765896768957,"distribution":"{\"name\": \"FloatDistribution\", \"attributes\": {\"step\": null, \"low\": 0.5, \"high\": 5.0, \"log\": false}}"}
{"op_code":8,"worker_id":"1c95cd1a-8494-42bc-ab0f-d9ddda5ca9fe-31796","trial_id":1,"user_attr":{"pruned_reasons":["M3 (Hit Rate < 60%)","M5 (Monotonicity <= 0.25)","Side-specific Yearly Tail IC Mean (-0.0219 <= 0)","Side-specific Hit Rate (33.33% < 50%)","Side-specific Yearly Daily Win Rate (44.47% < 45%)"]}}
{"op_code":8,"worker_id":"1c95cd1a-8494-42bc-ab0f-d9ddda5ca9fe-31796","trial_id":1,"user_attr":{"gini":0.3787364666770012}}
{"op_code":8,"worker_id":"1c95cd1a-8494-42bc-ab0f-d9ddda5ca9fe-31796","trial_id":1,"user_attr":{"cv_is_ics":[0.1841571182012558,0.17618690431118011,0.1414947211742401,0.19092494249343872,0.20327627658843994,0.20628103613853455,0.18082281947135925,0.21738535165786743,0.21873188018798828,0.17291060090065002,0.2234826385974884,0.21009515225887299,0.17211978137493134,0.18767741322517395,0.19072583317756653]}}
{"op_code":8,"worker_id":"1c95cd1a-8494-42bc-ab0f-d9ddda5ca9fe-31796","trial_id":1,"user_attr":{"cv_oos_ics":[-0.025407824665308,0.18840065598487854,0.1602650284767151,0.028630342334508896,-0.0294816717505455,0.0030330296140164137,0.03176413103938103,-0.0300762876868248,-0.01214307639747858,0.08275032788515091,0.039635416120290756,0.1444709599018097,0.08321432769298553,0.022749343886971474,0.0641440749168396]}}
{"op_code":8,"worker_id":"1c95cd1a-8494-42bc-ab0f-d9ddda5ca9fe-31796","trial_id":1,"user_attr":{"reg_kappa":3.5331930386184345}}
{"op_code":5,"worker_id":"b8fdaac5-441f-4932-9795-d8ec9d3140d2-16052","trial_id":22,"param_name":"unified_rho","param_value_internal":0.5846312725955531,"distribution":"{\"name\": \"FloatDistribution\", \"attributes\": {\"step\": null, \"low\": 0.0, \"high\": 1.0, \"log\": false}}"}
{"op_code":5,"worker_id":"1d637746-d867-4940-9873-54bdd8fa4010-3216","trial_id":6,"param_name":"unified_rho","param_value_internal":0.21077063993129397,"distribution":"{\"name\": \"FloatDistribution\", \"attributes\": {\"step\": null, \"low\": 0.0, \"high\": 1.0, \"log\": false}}"}
{"op_code":8,"worker_id":"3edacb04-177a-4873-b8e0-73ae21cac572-11668","trial_id":18,"user_attr":{"constraints":[-0.10439185987361978,-0.09052270138565897,0.26666666666666666,0.04595959595959595,-0.31168851320204377,-43.0,-8.0,-0.036170698414322196,-0.16666666666666663,-1380.2885530793978,-0.06714975845410626,-0.05158730158730157]}}
{"op_code":8,"worker_id":"3edacb04-177a-4873-b8e0-73ae21cac572-11668","trial_id":18,"user_attr":{"pruned_reasons":["M3 (Hit Rate < 60%)","M5 (Monotonicity <= 0.25)"]}}
{"op_code":5,"worker_id":"b8fdaac5-441f-4932-9795-d8ec9d3140d2-16052","trial_id":22,"param_name":"unified_gamma","param_value_internal":4338.897577038058,"distribution":"{\"name\": \"FloatDistribution\", \"attributes\": {\"step\": null, \"low\": 1.5, \"high\": 10000.0, \"log\": true}}"}
{"op_code":5,"worker_id":"1d637746-d867-4940-9873-54bdd8fa4010-3216","trial_id":6,"param_name":"unified_gamma","param_value_internal":347.4398816847049,"distribution":"{\"name\": \"FloatDistribution\", \"attributes\": {\"step\": null, \"low\": 1.5, \"high\": 10000.0, \"log\": true}}"}
{"op_code":5,"worker_id":"b8fdaac5-441f-4932-9795-d8ec9d3140d2-16052","trial_id":22,"param_name":"huber_delta","param_value_internal":1.9257465703583276,"distribution":"{\"name\": \"FloatDistribution\", \"attributes\": {\"step\": null, \"low\": 0.5, \"high\": 5.0, \"log\": false}}"}
{"op_code":8,"worker_id":"ec61ec9d-e839-4261-93b9-4046db24d302-27448","trial_id":23,"user_attr":{"constraints":[-0.1100915973056535,-0.06133379710755158,0.26666666666666666,0.009595959595959602,-0.311687018741912,-47.0,-8.0,0.25679082443788326,0.16666666666666669,-1377.539386265209,-0.06714975845410626,-0.08015873015873015]}}
{"op_code":8,"worker_id":"ec61ec9d-e839-4261-93b9-4046db24d302-27448","trial_id":23,"user_attr":{"pruned_reasons":["M3 (Hit Rate < 60%)","M5 (Monotonicity <= 0.25)","Side-specific Yearly Tail IC Mean (-0.2568 <= 0)","Side-specific Hit Rate (33.33% < 50%)"]}}
{"op_code":8,"worker_id":"ec61ec9d-e839-4261-93b9-4046db24d302-27448","trial_id":23,"user_attr":{"gini":0.41181488404772715}}
{"op_code":8,"worker_id":"ec61ec9d-e839-4261-93b9-4046db24d302-27448","trial_id":23,"user_attr":{"cv_is_ics":[0.17185088992118835,0.17604409158229828,0.14328260719776154,0.19238558411598206,0.19429412484169006,0.19669464230537415,0.17145408689975739,0.2158936858177185,0.21236005425453186,0.17739641666412354,0.2281423956155777,0.2083948254585266,0.18091122806072235,0.18939170241355896,0.19644777476787567]}}
{"op_code":8,"worker_id":"ec61ec9d-e839-4261-93b9-4046db24d302-27448","trial_id":23,"user_attr":{"cv_oos_ics":[-0.025642268359661102,0.17383155226707458,0.15924254059791565,0.06799830496311188,-0.01759810745716095,-0.004775154870003462,0.014728606678545475,-0.02587086893618107,-0.02117193304002285,0.08789334446191788,0.03711315989494324,0.12662899494171143,0.07369852066040039,0.06805218011140823,0.07163729518651962]}}
{"op_code":5,"worker_id":"1d637746-d867-4940-9873-54bdd8fa4010-3216","trial_id":6,"param_name":"huber_delta","param_value_internal":0.9422800940160463,"distribution":"{\"name\": \"FloatDistribution\", \"attributes\": {\"step\": null, \"low\": 0.5, \"high\": 5.0, \"log\": false}}"}
{"op_code":8,"worker_id":"ec61ec9d-e839-4261-93b9-4046db24d302-27448","trial_id":23,"user_attr":{"reg_kappa":3.4500699115488738}}
{"op_code":8,"worker_id":"ec61ec9d-e839-4261-93b9-4046db24d302-27448","trial_id":23,"user_attr":{"raw_metrics":[0.22704740361618708,0.06133379710755158,0.3333333333333333,0.1100915973056535,0.2404040404040404,0.311687018741912,-0.21370879264733872,-0.2248544991016388,0.5171497584541063]}}
{"op_code":8,"worker_id":"ec61ec9d-e839-4261-93b9-4046db24d302-27448","trial_id":23,"user_attr":{"val_metrics":[0.1194495542585207,0.20004301976455163,0.6,0.4252965209633112,-5.589549329512495]}}
{"op_code":8,"worker_id":"ec61ec9d-e839-4261-93b9-4046db24d302-27448","trial_id":23,"user_attr":{"deflated_objective":0.3519377130484903}}
{"op_code":9,"worker_id":"ec61ec9d-e839-4261-93b9-4046db24d302-27448","trial_id":23,"system_attr":{"constraints":[-0.1100915973056535,-0.06133379710755158,0.26666666666666666,0.009595959595959602,-0.311687018741912,-47.0,-8.0,0.25679082443788326,0.16666666666666669,-1377.539386265209,-0.06714975845410626,-0.08015873015873015]}}
{"op_code":6,"worker_id":"ec61ec9d-e839-4261-93b9-4046db24d302-27448","trial_id":23,"state":1,"values":[0.4918923692716563],"datetime_complete":"2026-07-14T11:40:10.375279"}
{"op_code":8,"worker_id":"7a27af9e-7306-4261-ba31-d03cf9abdecb-31524","trial_id":24,"user_attr":{"constraints":[-0.11199320060959671,-0.14876581916700113,0.26666666666666666,0.0015151515151514694,-0.19631154818181398,-58.0,1.0,0.2633307395043479,0.5,-1376.981261787694,-0.04800724637681164,-0.06931216931216927]}}
{"op_code":8,"worker_id":"ab2bfdcf-694f-49ee-9554-e0cf2472e82a-30084","trial_id":9,"user_attr":{"cv_oos_ics":[-0.007503255270421505,0.18536219000816345,0.14809629321098328,0.062323521822690964,-0.016033397987484932,0.019373299553990364,0.0465983971953392,-0.01655973307788372,-0.012541281059384346,0.09635936468839645,0.04470156133174896,0.13150176405906677,0.08020638674497604,0.03852694109082222,0.06934875249862671]}}
{"op_code":8,"worker_id":"7a27af9e-7306-4261-ba31-d03cf9abdecb-31524","trial_id":24,"user_attr":{"pruned_reasons":["M3 (Hit Rate < 60%)","M5 (Monotonicity <= 0.25)","Active features count (4) is less than active feature floor (5)","Side-specific Yearly Tail IC Mean (-0.2633 <= 0)","Side-specific Hit Rate (0.00% < 50%)"]}}
{"op_code":8,"worker_id":"7a27af9e-7306-4261-ba31-d03cf9abdecb-31524","trial_id":24,"user_attr":{"gini":0.7961391291838988}}
{"op_code":8,"worker_id":"ab2bfdcf-694f-49ee-9554-e0cf2472e82a-30084","trial_id":9,"user_attr":{"reg_kappa":3.4587462109919107}}
{"op_code":8,"worker_id":"7a27af9e-7306-4261-ba31-d03cf9abdecb-31524","trial_id":24,"user_attr":{"cv_is_ics":[0.19246840476989746,0.18419583141803741,0.1384587585926056,0.1904175728559494,0.16117353737354279,0.20614685118198395,0.19574394822120667,0.19028393924236298,0.18506447970867157,0.17783822119235992,0.20160219073295593,0.1745932698249817,0.15369370579719543,0.15248028934001923,0.17968451976776123]}}
{"op_code":8,"worker_id":"ab2bfdcf-694f-49ee-9554-e0cf2472e82a-30084","trial_id":9,"user_attr":{"raw_metrics":[0.36500117162408413,0.140582573769066,0.3333333333333333,0.1017984117947196,0.20808080808080806,0.390562411652347,-0.2288636205663983,-0.23956240713596344,0.517451690821256]}}
{"op_code":8,"worker_id":"ab2bfdcf-694f-49ee-9554-e0cf2472e82a-30084","trial_id":9,"user_attr":{"val_metrics":[0.11770444952723495,-0.05364772142125279,0.6242424242424243,0.3986315496514241,-4.11712786608561]}}
{"op_code":8,"worker_id":"de6726a2-a3d5-4a7c-9d86-3ee56b2b8f3d-19068","trial_id":2,"user_attr":{"cv_oos_ics":[-0.03522578626871109,0.18428227305412292,0.17232370376586914,0.05163873732089996,-0.026941994205117226,-0.0200030617415905,0.006280184723436832,-0.03256916254758835,-0.015951991081237793,0.0637645497918129,0.047667454928159714,0.13471479713916779,0.09943940490484238,0.05038205161690712,0.0697285532951355]}}
{"op_code":8,"worker_id":"7a27af9e-7306-4261-ba31-d03cf9abdecb-31524","trial_id":24,"user_attr":{"cv_oos_ics":[0.01760188676416874,0.12534686923027039,0.13901486992835999,0.1415635198354721,0.08128263056278229,0.10887958854436874,0.09395842999219894,0.043919723480939865,0.07002124935388565,0.19023865461349487,0.10704699903726578,0.13110384345054626,0.158129021525383,0.06381481140851974,0.09420782327651978]}}
{"op_code":8,"worker_id":"7a27af9e-7306-4261-ba31-d03cf9abdecb-31524","trial_id":24,"user_attr":{"reg_kappa":3.1097378155776}}
{"op_code":8,"worker_id":"7a27af9e-7306-4261-ba31-d03cf9abdecb-31524","trial_id":24,"user_attr":{"raw_metrics":[0.46620916921749944,0.14876581916700113,0.3333333333333333,0.11199320060959671,0.24848484848484853,0.19631154818181398,-0.06365509150704723,-0.06986507773399353,0.49800724637681165]}}
{"op_code":8,"worker_id":"7a27af9e-7306-4261-ba31-d03cf9abdecb-31524","trial_id":24,"user_attr":{"val_metrics":[0.16761034658503018,0.20847266030284223,0.5151515151515151,0.3724257551630338,-4.985976665834039]}}
{"op_code":8,"worker_id":"de6726a2-a3d5-4a7c-9d86-3ee56b2b8f3d-19068","trial_id":2,"user_attr":{"reg_kappa":3.4754420208969528}}
{"op_code":8,"worker_id":"de6726a2-a3d5-4a7c-9d86-3ee56b2b8f3d-19068","trial_id":2,"user_attr":{"raw_metrics":[0.331564201416962,0.09143118622093029,0.6666666666666666,0.1088412562075216,0.22828282828282828,-0.026358100050421423,-0.4857244664384284,-0.3999783992767334,0.49631642512077295]}}
{"op_code":8,"worker_id":"7a27af9e-7306-4261-ba31-d03cf9abdecb-31524","trial_id":24,"user_attr":{"deflated_objective":0.6036802935330585}}
{"op_code":9,"worker_id":"7a27af9e-7306-4261-ba31-d03cf9abdecb-31524","trial_id":24,"system_attr":{"constraints":[-0.11199320060959671,-0.14876581916700113,0.26666666666666666,0.0015151515151514694,-0.19631154818181398,-58.0,1.0,0.2633307395043479,0.5,-1376.981261787694,-0.04800724637681164,-0.06931216931216927]}}
{"op_code":6,"worker_id":"7a27af9e-7306-4261-ba31-d03cf9abdecb-31524","trial_id":24,"state":1,"values":[0.7330245216820441],"datetime_complete":"2026-07-14T11:40:10.400807"}
{"op_code":8,"worker_id":"de6726a2-a3d5-4a7c-9d86-3ee56b2b8f3d-19068","trial_id":2,"user_attr":{"val_metrics":[0.1366572152896605,-0.06938775055066064,0.5515151515151515,0.40646954961121085,-3.622983849766702]}}
{"op_code":8,"worker_id":"de6726a2-a3d5-4a7c-9d86-3ee56b2b8f3d-19068","trial_id":2,"user_attr":{"deflated_objective":0.9759799075810924}}
{"op_code":8,"worker_id":"ab2bfdcf-694f-49ee-9554-e0cf2472e82a-30084","trial_id":9,"user_attr":{"deflated_objective":0.8442409341946162}}
{"op_code":8,"worker_id":"1d637746-d867-4940-9873-54bdd8fa4010-3216","trial_id":6,"user_attr":{"constraints":[-0.08633694463966884,-0.13720725921069518,0.26666666666666666,0.10252525252525255,-0.2926270860514564,-20.0,-8.0,0.2689706513235925,0.5,-1408.7310094266152,-0.06050724637681154,-0.08862433862433855]}}
{"op_code":8,"worker_id":"1d637746-d867-4940-9873-54bdd8fa4010-3216","trial_id":6,"user_attr":{"pruned_reasons":["M3 (Hit Rate < 60%)","M5 (Monotonicity <= 0.25)","Side-specific Yearly Tail IC Mean (-0.2690 <= 0)","Side-specific Hit Rate (0.00% < 50%)"]}}
{"op_code":8,"worker_id":"b8fdaac5-441f-4932-9795-d8ec9d3140d2-16052","trial_id":22,"user_attr":{"constraints":[0.10046355021860108,0.07817796582704296,0.6,0.557070707070707,0.16741104529045772,-29.0,5.0,0.09648303079417825,0.5,-1420.8732652461597,0.04643719806763286,0.04338624338624336]}}
{"op_code":9,"worker_id":"ab2bfdcf-694f-49ee-9554-e0cf2472e82a-30084","trial_id":9,"system_attr":{"constraints":[-0.1017984117947196,-0.140582573769066,0.26666666666666666,0.04191919191919194,-0.390562411652347,-43.0,-8.0,-0.046239906752621206,0.16666666666666669,-1380.2862565355902,-0.06745169082125596,-0.07962962962962966]}}
{"op_code":8,"worker_id":"1c95cd1a-8494-42bc-ab0f-d9ddda5ca9fe-31796","trial_id":1,"user_attr":{"raw_metrics":[0.2920411735063355,0.0901291388800289,0.3333333333333333,0.09363859565855044,0.1717171717171717,0.026371945945573017,-0.3920259749970522,-0.3636173903942108,0.5032608695652173]}}
{"op_code":8,"worker_id":"b8fdaac5-441f-4932-9795-d8ec9d3140d2-16052","trial_id":22,"user_attr":{"pruned_reasons":["M4 (Overall IC <= 0)","M2 (Yearly Tail IC Mean <= 0)","M3 (Hit Rate < 60%)","M5 (Monotonicity <= 0.25)","M6 (Top-Bottom Spread <= 0)","Active features count (0) is less than active feature floor (5)","Side-specific Yearly Tail IC Mean (-0.0965 <= 0)","Side-specific Hit Rate (0.00% < 50%)","Yearly Daily Win Rate (40.36% < 45%)","Side-specific Yearly Daily Win Rate (40.66% < 45%)"]}}
{"op_code":6,"worker_id":"ab2bfdcf-694f-49ee-9554-e0cf2472e82a-30084","trial_id":9,"state":1,"values":[0.9816343900702282],"datetime_complete":"2026-07-14T11:40:10.414546"}
{"op_code":8,"worker_id":"1c95cd1a-8494-42bc-ab0f-d9ddda5ca9fe-31796","trial_id":1,"user_attr":{"val_metrics":[0.13119733334102238,-0.05852017765821596,0.503030303030303,0.3698774422456821,-3.734913227877494]}}
{"op_code":8,"worker_id":"b8fdaac5-441f-4932-9795-d8ec9d3140d2-16052","trial_id":22,"user_attr":{"gini":0.0}}
{"op_code":8,"worker_id":"1d637746-d867-4940-9873-54bdd8fa4010-3216","trial_id":6,"user_attr":{"gini":0.4365817667806482}}
{"op_code":4,"worker_id":"0626538c-941b-45f8-b6a3-7b4545a999d4-30084","study_id":0,"datetime_start":"2026-07-14T11:40:10.421560"}
{"op_code":5,"worker_id":"0626538c-941b-45f8-b6a3-7b4545a999d4-30084","trial_id":25,"param_name":"k_weight","param_value_internal":0.303303440145362,"distribution":"{\"name\": \"FloatDistribution\", \"attributes\": {\"step\": null, \"low\": 0.0, \"high\": 1.5, \"log\": false}}"}
{"op_code":9,"worker_id":"de6726a2-a3d5-4a7c-9d86-3ee56b2b8f3d-19068","trial_id":2,"system_attr":{"constraints":[-0.1088412562075216,-0.09143118622093029,-0.06666666666666665,0.021717171717171718,0.026358100050421423,-13.0,-8.0,0.011545351202567965,0.16666666666666669,-1427.2044514727554,-0.04631642512077294,0.00502645502645499]}}
{"op_code":8,"worker_id":"1d637746-d867-4940-9873-54bdd8fa4010-3216","trial_id":6,"user_attr":{"cv_is_ics":[0.1835332214832306,0.2025737762451172,0.1712588369846344,0.19977402687072754,0.20876985788345337,0.2096077799797058,0.21075734496116638,0.2192031294107437,0.22815866768360138,0.1998792290687561,0.23072469234466553,0.23013167083263397,0.1891087293624878,0.2038682997226715,0.200767382979393]}}
{"op_code":8,"worker_id":"1d637746-d867-4940-9873-54bdd8fa4010-3216","trial_id":6,"user_attr":{"cv_oos_ics":[-0.023615937680006027,0.16902495920658112,0.12125704437494278,0.028561003506183624,-0.028946034610271454,0.014697695150971413,0.06736945360898972,-0.021459635347127914,0.019949184730648994,0.10530689358711243,0.023630844429135323,0.1292441189289093,0.07655458897352219,-0.0019964107777923346,0.0623781681060791]}}
{"op_code":8,"worker_id":"b8fdaac5-441f-4932-9795-d8ec9d3140d2-16052","trial_id":22,"user_attr":{"cv_is_ics":[0.0,0.0,0.0,0.0,0.0,0.0,0.0,0.0,0.0,0.0,0.0,0.0,0.0,0.0,0.0]}}
{"op_code":6,"worker_id":"de6726a2-a3d5-4a7c-9d86-3ee56b2b8f3d-19068","trial_id":2,"state":1,"values":[1.167618534230945],"datetime_complete":"2026-07-14T11:40:10.426473"}
{"op_code":8,"worker_id":"b8fdaac5-441f-4932-9795-d8ec9d3140d2-16052","trial_id":22,"user_attr":{"cv_oos_ics":[0.0,0.0,0.0,0.0,0.0,0.0,0.0,0.0,0.0,0.0,0.0,0.0,0.0,0.0,0.0]}}
{"op_code":8,"worker_id":"b8fdaac5-441f-4932-9795-d8ec9d3140d2-16052","trial_id":22,"user_attr":{"reg_kappa":1.9420576298169239}}
{"op_code":8,"worker_id":"b8fdaac5-441f-4932-9795-d8ec9d3140d2-16052","trial_id":22,"user_attr":{"raw_metrics":[-1.4054891752539378,-0.07817796582704296,0.0,-0.10046355021860108,-0.30707070707070705,-0.16741104529045772,-0.0,-0.0,0.40356280193236715]}}
{"op_code":8,"worker_id":"b8fdaac5-441f-4932-9795-d8ec9d3140d2-16052","trial_id":22,"user_attr":{"val_metrics":[0.0,0.0,-0.10303030303030303,-0.37352883610874416,-6.50669077376514]}}
{"op_code":8,"worker_id":"1c95cd1a-8494-42bc-ab0f-d9ddda5ca9fe-31796","trial_id":1,"user_attr":{"deflated_objective":0.9459845713240617}}
{"op_code":8,"worker_id":"1d637746-d867-4940-9873-54bdd8fa4010-3216","trial_id":6,"user_attr":{"reg_kappa":3.5305719942831835}}
{"op_code":4,"worker_id":"8a62b79d-b146-4186-97f3-38765bef70f9-31524","study_id":0,"datetime_start":"2026-07-14T11:40:10.406370"}
{"op_code":9,"worker_id":"1c95cd1a-8494-42bc-ab0f-d9ddda5ca9fe-31796","trial_id":1,"system_attr":{"constraints":[-0.09363859565855044,-0.0901291388800289,0.26666666666666666,0.07828282828282829,-0.026371945945573017,-20.0,-8.0,0.021883919158722315,0.16666666666666669,-1409.775522781694,-0.053260869565217306,0.005291005291005346]}}
{"op_code":8,"worker_id":"b8fdaac5-441f-4932-9795-d8ec9d3140d2-16052","trial_id":22,"user_attr":{"deflated_objective":-0.29220195971875}}
{"op_code":5,"worker_id":"8a62b79d-b146-4186-97f3-38765bef70f9-31524","trial_id":26,"param_name":"k_weight","param_value_internal":1.4702627205129686,"distribution":"{\"name\": \"FloatDistribution\", \"attributes\": {\"step\": null, \"low\": 0.0, \"high\": 1.5, \"log\": false}}"}
{"op_code":6,"worker_id":"1b2e5407-70a9-4c22-9a09-b0b35f34122b-24364","trial_id":19,"state":1,"values":[-0.02692637170919238],"datetime_complete":"2026-07-14T11:40:10.315349"}
{"op_code":5,"worker_id":"8a62b79d-b146-4186-97f3-38765bef70f9-31524","trial_id":26,"param_name":"unified_alpha","param_value_internal":8.402788648083664,"distribution":"{\"name\": \"FloatDistribution\", \"attributes\": {\"step\": null, \"low\": 1e-05, \"high\": 10.0, \"log\": true}}"}
{"op_code":9,"worker_id":"b8fdaac5-441f-4932-9795-d8ec9d3140d2-16052","trial_id":22,"system_attr":{"constraints":[0.10046355021860108,0.07817796582704296,0.6,0.557070707070707,0.16741104529045772,-29.0,5.0,0.09648303079417825,0.5,-1420.8732652461597,0.04643719806763286,0.04338624338624336]}}
{"op_code":4,"worker_id":"76498f46-a67b-4dd0-9a34-4af63d1f455b-27448","study_id":0,"datetime_start":"2026-07-14T11:40:10.450502"}
{"op_code":6,"worker_id":"1c95cd1a-8494-42bc-ab0f-d9ddda5ca9fe-31796","trial_id":1,"state":1,"values":[1.1217993391048398],"datetime_complete":"2026-07-14T11:40:10.444153"}
{"op_code":5,"worker_id":"8a62b79d-b146-4186-97f3-38765bef70f9-31524","trial_id":26,"param_name":"unified_rho","param_value_internal":0.008039010751444031,"distribution":"{\"name\": \"FloatDistribution\", \"attributes\": {\"step\": null, \"low\": 0.0, \"high\": 1.0, \"log\": false}}"}
{"op_code":6,"worker_id":"b8fdaac5-441f-4932-9795-d8ec9d3140d2-16052","trial_id":22,"state":1,"values":[-0.03722940201119238],"datetime_complete":"2026-07-14T11:40:10.451343"}
{"op_code":5,"worker_id":"8a62b79d-b146-4186-97f3-38765bef70f9-31524","trial_id":26,"param_name":"unified_gamma","param_value_internal":9881.99034573309,"distribution":"{\"name\": \"FloatDistribution\", \"attributes\": {\"step\": null, \"low\": 1.5, \"high\": 10000.0, \"log\": true}}"}
{"op_code":4,"worker_id":"23ca5583-1f5c-486f-8907-0153d64821d8-24364","study_id":0,"datetime_start":"2026-07-14T11:40:10.454992"}
{"op_code":5,"worker_id":"8a62b79d-b146-4186-97f3-38765bef70f9-31524","trial_id":26,"param_name":"huber_delta","param_value_internal":0.5518200696971456,"distribution":"{\"name\": \"FloatDistribution\", \"attributes\": {\"step\": null, \"low\": 0.5, \"high\": 5.0, \"log\": false}}"}
{"op_code":5,"worker_id":"23ca5583-1f5c-486f-8907-0153d64821d8-24364","trial_id":28,"param_name":"k_weight","param_value_internal":0.999723269541323,"distribution":"{\"name\": \"FloatDistribution\", \"attributes\": {\"step\": null, \"low\": 0.0, \"high\": 1.5, \"log\": false}}"}
{"op_code":5,"worker_id":"23ca5583-1f5c-486f-8907-0153d64821d8-24364","trial_id":28,"param_name":"unified_alpha","param_value_internal":1.2060065444604893e-05,"distribution":"{\"name\": \"FloatDistribution\", \"attributes\": {\"step\": null, \"low\": 1e-05, \"high\": 10.0, \"log\": true}}"}
{"op_code":5,"worker_id":"23ca5583-1f5c-486f-8907-0153d64821d8-24364","trial_id":28,"param_name":"unified_rho","param_value_internal":0.03858827354240821,"distribution":"{\"name\": \"FloatDistribution\", \"attributes\": {\"step\": null, \"low\": 0.0, \"high\": 1.0, \"log\": false}}"}
{"op_code":5,"worker_id":"76498f46-a67b-4dd0-9a34-4af63d1f455b-27448","trial_id":27,"param_name":"k_weight","param_value_internal":1.4775971016399918,"distribution":"{\"name\": \"FloatDistribution\", \"attributes\": {\"step\": null, \"low\": 0.0, \"high\": 1.5, \"log\": false}}"}
{"op_code":5,"worker_id":"23ca5583-1f5c-486f-8907-0153d64821d8-24364","trial_id":28,"param_name":"unified_gamma","param_value_internal":1.7112298303072877,"distribution":"{\"name\": \"FloatDistribution\", \"attributes\": {\"step\": null, \"low\": 1.5, \"high\": 10000.0, \"log\": true}}"}
{"op_code":5,"worker_id":"76498f46-a67b-4dd0-9a34-4af63d1f455b-27448","trial_id":27,"param_name":"unified_alpha","param_value_internal":2.227147628416702,"distribution":"{\"name\": \"FloatDistribution\", \"attributes\": {\"step\": null, \"low\": 1e-05, \"high\": 10.0, \"log\": true}}"}
{"op_code":5,"worker_id":"23ca5583-1f5c-486f-8907-0153d64821d8-24364","trial_id":28,"param_name":"huber_delta","param_value_internal":3.854674478727162,"distribution":"{\"name\": \"FloatDistribution\", \"attributes\": {\"step\": null, \"low\": 0.5, \"high\": 5.0, \"log\": false}}"}
{"op_code":5,"worker_id":"76498f46-a67b-4dd0-9a34-4af63d1f455b-27448","trial_id":27,"param_name":"unified_rho","param_value_internal":0.06681222757202296,"distribution":"{\"name\": \"FloatDistribution\", \"attributes\": {\"step\": null, \"low\": 0.0, \"high\": 1.0, \"log\": false}}"}
{"op_code":4,"worker_id":"8c55a001-c5ba-4bc7-ab04-3d0ed75f2c81-16052","study_id":0,"datetime_start":"2026-07-14T11:40:10.462246"}
{"op_code":5,"worker_id":"76498f46-a67b-4dd0-9a34-4af63d1f455b-27448","trial_id":27,"param_name":"unified_gamma","param_value_internal":2.0662024845065092,"distribution":"{\"name\": \"FloatDistribution\", \"attributes\": {\"step\": null, \"low\": 1.5, \"high\": 10000.0, \"log\": true}}"}
{"op_code":5,"worker_id":"8c55a001-c5ba-4bc7-ab04-3d0ed75f2c81-16052","trial_id":29,"param_name":"k_weight","param_value_internal":0.9604809264868405,"distribution":"{\"name\": \"FloatDistribution\", \"attributes\": {\"step\": null, \"low\": 0.0, \"high\": 1.5, \"log\": false}}"}
{"op_code":8,"worker_id":"3edacb04-177a-4873-b8e0-73ae21cac572-11668","trial_id":18,"user_attr":{"gini":0.4411806325704979}}
{"op_code":5,"worker_id":"8c55a001-c5ba-4bc7-ab04-3d0ed75f2c81-16052","trial_id":29,"param_name":"unified_alpha","param_value_internal":1.1116035472301537e-05,"distribution":"{\"name\": \"FloatDistribution\", \"attributes\": {\"step\": null, \"low\": 1e-05, \"high\": 10.0, \"log\": true}}"}
{"op_code":8,"worker_id":"3edacb04-177a-4873-b8e0-73ae21cac572-11668","trial_id":18,"user_attr":{"cv_is_ics":[0.18414610624313354,0.19426512718200684,0.16117243468761444,0.19223444163799286,0.20156648755073547,0.2087947577238083,0.19235382974147797,0.21544772386550903,0.21887284517288208,0.19090043008327484,0.2261284440755844,0.21626220643520355,0.18059875071048737,0.19849956035614014,0.19207791984081268]}}
{"op_code":5,"worker_id":"8c55a001-c5ba-4bc7-ab04-3d0ed75f2c81-16052","trial_id":29,"param_name":"unified_rho","param_value_internal":0.024651494619633896,"distribution":"{\"name\": \"FloatDistribution\", \"attributes\": {\"step\": null, \"low\": 0.0, \"high\": 1.0, \"log\": false}}"}
{"op_code":8,"worker_id":"3edacb04-177a-4873-b8e0-73ae21cac572-11668","trial_id":18,"user_attr":{"cv_oos_ics":[-0.012000585906207561,0.18747007846832275,0.1527124047279358,0.06331957876682281,-0.01574123278260231,0.015789499506354332,0.03658488392829895,-0.02109643630683422,-0.013943654485046864,0.09595467150211334,0.042819879949092865,0.1303442120552063,0.0804683268070221,0.04576054960489273,0.0681942030787468]}}
{"op_code":8,"worker_id":"3edacb04-177a-4873-b8e0-73ae21cac572-11668","trial_id":18,"user_attr":{"reg_kappa":3.459215322701751}}
{"op_code":5,"worker_id":"76498f46-a67b-4dd0-9a34-4af63d1f455b-27448","trial_id":27,"param_name":"huber_delta","param_value_internal":4.019339960506785,"distribution":"{\"name\": \"FloatDistribution\", \"attributes\": {\"step\": null, \"low\": 0.5, \"high\": 5.0, \"log\": false}}"}
{"op_code":5,"worker_id":"8c55a001-c5ba-4bc7-ab04-3d0ed75f2c81-16052","trial_id":29,"param_name":"unified_gamma","param_value_internal":2.0028879686231296,"distribution":"{\"name\": \"FloatDistribution\", \"attributes\": {\"step\": null, \"low\": 1.5, \"high\": 10000.0, \"log\": true}}"}
{"op_code":5,"worker_id":"8c55a001-c5ba-4bc7-ab04-3d0ed75f2c81-16052","trial_id":29,"param_name":"huber_delta","param_value_internal":3.762363501295922,"distribution":"{\"name\": \"FloatDistribution\", \"attributes\": {\"step\": null, \"low\": 0.5, \"high\": 5.0, \"log\": false}}"}
{"op_code":8,"worker_id":"3edacb04-177a-4873-b8e0-73ae21cac572-11668","trial_id":18,"user_attr":{"raw_metrics":[0.28504504598415076,0.09052270138565897,0.3333333333333333,0.10439185987361978,0.20404040404040405,0.31168851320204377,-0.22887791544026906,-0.24001270532608032,0.5171497584541063]}}
{"op_code":8,"worker_id":"3edacb04-177a-4873-b8e0-73ae21cac572-11668","trial_id":18,"user_attr":{"val_metrics":[0.11975357801592419,0.13245200485996697,0.793939393939394,0.3155573461204767,-5.053605126679075]}}
{"op_code":8,"worker_id":"3edacb04-177a-4873-b8e0-73ae21cac572-11668","trial_id":18,"user_attr":{"deflated_objective":0.4101108192668948}}
{"op_code":8,"worker_id":"1d637746-d867-4940-9873-54bdd8fa4010-3216","trial_id":6,"user_attr":{"raw_metrics":[0.3733440898424061,0.13720725921069518,0.3333333333333333,0.08633694463966884,0.14747474747474745,0.2926270860514564,-0.3860789300499078,-0.4183008372783661,0.5105072463768116]}}
{"op_code":4,"worker_id":"edc799cf-f79e-48f7-80e4-38432b8549fb-27064","study_id":0,"datetime_start":"2026-07-14T11:40:09.990978"}
{"op_code":8,"worker_id":"1d637746-d867-4940-9873-54bdd8fa4010-3216","trial_id":6,"user_attr":{"val_metrics":[0.13348482983757956,0.15963990379806017,0.6121212121212121,0.635576260710756,-4.027583862354155]}}
{"op_code":5,"worker_id":"edc799cf-f79e-48f7-80e4-38432b8549fb-27064","trial_id":30,"param_name":"k_weight","param_value_internal":0.9996165516758939,"distribution":"{\"name\": \"FloatDistribution\", \"attributes\": {\"step\": null, \"low\": 0.0, \"high\": 1.5, \"log\": false}}"}
{"op_code":4,"worker_id":"2555fce9-fbf6-4087-a0cd-133d792f2d0a-19068","study_id":0,"datetime_start":"2026-07-14T11:40:10.513245"}
{"op_code":5,"worker_id":"edc799cf-f79e-48f7-80e4-38432b8549fb-27064","trial_id":30,"param_name":"unified_alpha","param_value_internal":0.0013053935361231135,"distribution":"{\"name\": \"FloatDistribution\", \"attributes\": {\"step\": null, \"low\": 1e-05, \"high\": 10.0, \"log\": true}}"}
{"op_code":5,"worker_id":"2555fce9-fbf6-4087-a0cd-133d792f2d0a-19068","trial_id":31,"param_name":"k_weight","param_value_internal":0.9417667322241827,"distribution":"{\"name\": \"FloatDistribution\", \"attributes\": {\"step\": null, \"low\": 0.0, \"high\": 1.5, \"log\": false}}"}
{"op_code":5,"worker_id":"edc799cf-f79e-48f7-80e4-38432b8549fb-27064","trial_id":30,"param_name":"unified_rho","param_value_internal":0.005410811821872641,"distribution":"{\"name\": \"FloatDistribution\", \"attributes\": {\"step\": null, \"low\": 0.0, \"high\": 1.0, \"log\": false}}"}
{"op_code":5,"worker_id":"8a1d1c9f-29ad-423b-8d4e-739f9513ab4c-4680","trial_id":3,"param_name":"unified_alpha","param_value_internal":7.029081301964993,"distribution":"{\"name\": \"FloatDistribution\", \"attributes\": {\"step\": null, \"low\": 1e-05, \"high\": 10.0, \"log\": true}}"}
{"op_code":5,"worker_id":"2555fce9-fbf6-4087-a0cd-133d792f2d0a-19068","trial_id":31,"param_name":"unified_alpha","param_value_internal":1.103692829460864e-05,"distribution":"{\"name\": \"FloatDistribution\", \"attributes\": {\"step\": null, \"low\": 1e-05, \"high\": 10.0, \"log\": true}}"}
{"op_code":5,"worker_id":"edc799cf-f79e-48f7-80e4-38432b8549fb-27064","trial_id":30,"param_name":"unified_gamma","param_value_internal":1.6077717100825957,"distribution":"{\"name\": \"FloatDistribution\", \"attributes\": {\"step\": null, \"low\": 1.5, \"high\": 10000.0, \"log\": true}}"}
{"op_code":5,"worker_id":"8a1d1c9f-29ad-423b-8d4e-739f9513ab4c-4680","trial_id":3,"param_name":"unified_rho","param_value_internal":0.7287346335011062,"distribution":"{\"name\": \"FloatDistribution\", \"attributes\": {\"step\": null, \"low\": 0.0, \"high\": 1.0, \"log\": false}}"}
{"op_code":5,"worker_id":"8a1d1c9f-29ad-423b-8d4e-739f9513ab4c-4680","trial_id":3,"param_name":"unified_gamma","param_value_internal":33.11860795398065,"distribution":"{\"name\": \"FloatDistribution\", \"attributes\": {\"step\": null, \"low\": 1.5, \"high\": 10000.0, \"log\": true}}"}
{"op_code":5,"worker_id":"2555fce9-fbf6-4087-a0cd-133d792f2d0a-19068","trial_id":31,"param_name":"unified_rho","param_value_internal":0.013893289464117997,"distribution":"{\"name\": \"FloatDistribution\", \"attributes\": {\"step\": null, \"low\": 0.0, \"high\": 1.0, \"log\": false}}"}
{"op_code":8,"worker_id":"76498f46-a67b-4dd0-9a34-4af63d1f455b-27448","trial_id":27,"user_attr":{"constraints":[-0.026038441544587187,0.06846127136686771,0.26666666666666666,0.3045454545454545,-0.020153160386039426,-23.0,2.0,0.20611526888109288,-0.16666666666666663,-1428.6691953782533,0.002657004830917853,0.023280423280423346]}}
{"op_code":8,"worker_id":"1d637746-d867-4940-9873-54bdd8fa4010-3216","trial_id":6,"user_attr":{"deflated_objective":0.803918776643513}}
{"op_code":8,"worker_id":"76498f46-a67b-4dd0-9a34-4af63d1f455b-27448","trial_id":27,"user_attr":{"pruned_reasons":["M2 (Yearly Tail IC Mean <= 0)","M3 (Hit Rate < 60%)","M5 (Monotonicity <= 0.25)","Active features count (3) is less than active feature floor (5)","Side-specific Yearly Tail IC Mean (-0.2061 <= 0)","Yearly Daily Win Rate (44.73% < 45%)","Side-specific Yearly Daily Win Rate (42.67% < 45%)"]}}
{"op_code":9,"worker_id":"1d637746-d867-4940-9873-54bdd8fa4010-3216","trial_id":6,"system_attr":{"constraints":[-0.08633694463966884,-0.13720725921069518,0.26666666666666666,0.10252525252525255,-0.2926270860514564,-20.0,-8.0,0.2689706513235925,0.5,-1408.7310094266152,-0.06050724637681154,-0.08862433862433855]}}
{"op_code":8,"worker_id":"76498f46-a67b-4dd0-9a34-4af63d1f455b-27448","trial_id":27,"user_attr":{"gini":0.8404568959707162}}
{"op_code":5,"worker_id":"05639395-b436-4576-b602-b064f08fc288-20880","trial_id":7,"param_name":"unified_rho","param_value_internal":0.4838599804636461,"distribution":"{\"name\": \"FloatDistribution\", \"attributes\": {\"step\": null, \"low\": 0.0, \"high\": 1.0, \"log\": false}}"}
{"op_code":9,"worker_id":"3edacb04-177a-4873-b8e0-73ae21cac572-11668","trial_id":18,"system_attr":{"constraints":[-0.10439185987361978,-0.09052270138565897,0.26666666666666666,0.04595959595959595,-0.31168851320204377,-43.0,-8.0,-0.036170698414322196,-0.16666666666666663,-1380.2885530793978,-0.06714975845410626,-0.05158730158730157]}}
{"op_code":5,"worker_id":"05639395-b436-4576-b602-b064f08fc288-20880","trial_id":7,"param_name":"unified_gamma","param_value_internal":12.690418291229948,"distribution":"{\"name\": \"FloatDistribution\", \"attributes\": {\"step\": null, \"low\": 1.5, \"high\": 10000.0, \"log\": true}}"}
{"op_code":8,"worker_id":"76498f46-a67b-4dd0-9a34-4af63d1f455b-27448","trial_id":27,"user_attr":{"cv_is_ics":[0.1404700130224228,0.07479885965585709,0.07496462762355804,0.16385163366794586,0.09927291423082352,0.1398356705904007,0.11629312485456467,0.18542413413524628,0.08194710314273834,0.07196066528558731,0.17708176374435425,0.13564403355121613,0.1199677437543869,0.07428333163261414,0.15750540792942047]}}
{"op_code":5,"worker_id":"8a1d1c9f-29ad-423b-8d4e-739f9513ab4c-4680","trial_id":3,"param_name":"huber_delta","param_value_internal":3.6842231221658643,"distribution":"{\"name\": \"FloatDistribution\", \"attributes\": {\"step\": null, \"low\": 0.5, \"high\": 5.0, \"log\": false}}"}
{"op_code":8,"worker_id":"76498f46-a67b-4dd0-9a34-4af63d1f455b-27448","trial_id":27,"user_attr":{"cv_oos_ics":[-0.053240422159433365,0.03702222928404808,0.0344645231962204,0.13536705076694489,0.07370904833078384,-0.09398279339075089,0.01839369907975197,0.0076162004843354225,-0.03657422959804535,0.04818076267838478,0.1199655681848526,0.10391639918088913,0.1463107466697693,0.0366160124540329,0.09782512485980988]}}
{"op_code":5,"worker_id":"05639395-b436-4576-b602-b064f08fc288-20880","trial_id":7,"param_name":"huber_delta","param_value_internal":2.890057234132639,"distribution":"{\"name\": \"FloatDistribution\", \"attributes\": {\"step\": null, \"low\": 0.5, \"high\": 5.0, \"log\": false}}"}
{"op_code":4,"worker_id":"9b7d52ed-8e2f-445a-9278-e0ff5fe8e69c-31796","study_id":0,"datetime_start":"2026-07-14T11:40:10.532329"}
{"op_code":6,"worker_id":"3edacb04-177a-4873-b8e0-73ae21cac572-11668","trial_id":18,"state":1,"values":[0.6986579861921935],"datetime_complete":"2026-07-14T11:40:10.543430"}
{"op_code":5,"worker_id":"9b7d52ed-8e2f-445a-9278-e0ff5fe8e69c-31796","trial_id":32,"param_name":"k_weight","param_value_internal":1.027681649910578,"distribution":"{\"name\": \"FloatDistribution\", \"attributes\": {\"step\": null, \"low\": 0.0, \"high\": 1.5, \"log\": false}}"}
{"op_code":5,"worker_id":"9b7d52ed-8e2f-445a-9278-e0ff5fe8e69c-31796","trial_id":32,"param_name":"unified_alpha","param_value_internal":1.1122942582069647e-05,"distribution":"{\"name\": \"FloatDistribution\", \"attributes\": {\"step\": null, \"low\": 1e-05, \"high\": 10.0, \"log\": true}}"}
{"op_code":8,"worker_id":"76498f46-a67b-4dd0-9a34-4af63d1f455b-27448","trial_id":27,"user_attr":{"reg_kappa":1.4605234022641695}}
{"op_code":5,"worker_id":"edc799cf-f79e-48f7-80e4-38432b8549fb-27064","trial_id":30,"param_name":"huber_delta","param_value_internal":3.792778734642654,"distribution":"{\"name\": \"FloatDistribution\", \"attributes\": {\"step\": null, \"low\": 0.5, \"high\": 5.0, \"log\": false}}"}
{"op_code":8,"worker_id":"76498f46-a67b-4dd0-9a34-4af63d1f455b-27448","trial_id":27,"user_attr":{"raw_metrics":[-0.7605030107953537,-0.06846127136686771,0.3333333333333333,0.026038441544587187,-0.05454545454545453,0.020153160386039426,-0.11144373925011647,-0.02926792949438095,0.44734299516908216]}}
{"op_code":5,"worker_id":"9b7d52ed-8e2f-445a-9278-e0ff5fe8e69c-31796","trial_id":32,"param_name":"unified_rho","param_value_internal":0.04748982600484028,"distribution":"{\"name\": \"FloatDistribution\", \"attributes\": {\"step\": null, \"low\": 0.0, \"high\": 1.0, \"log\": false}}"}
{"op_code":5,"worker_id":"2555fce9-fbf6-4087-a0cd-133d792f2d0a-19068","trial_id":31,"param_name":"unified_gamma","param_value_internal":1.745488956587199,"distribution":"{\"name\": \"FloatDistribution\", \"attributes\": {\"step\": null, \"low\": 1.5, \"high\": 10000.0, \"log\": true}}"}
{"op_code":5,"worker_id":"9b7d52ed-8e2f-445a-9278-e0ff5fe8e69c-31796","trial_id":32,"param_name":"unified_gamma","param_value_internal":1.5558887888476272,"distribution":"{\"name\": \"FloatDistribution\", \"attributes\": {\"step\": null, \"low\": 1.5, \"high\": 10000.0, \"log\": true}}"}
{"op_code":8,"worker_id":"76498f46-a67b-4dd0-9a34-4af63d1f455b-27448","trial_id":27,"user_attr":{"val_metrics":[0.05599808151151461,0.1071434864008502,0.3090909090909091,0.32511501712103685,-9.806966357838967]}}
{"op_code":5,"worker_id":"9b7d52ed-8e2f-445a-9278-e0ff5fe8e69c-31796","trial_id":32,"param_name":"huber_delta","param_value_internal":4.023335271930167,"distribution":"{\"name\": \"FloatDistribution\", \"attributes\": {\"step\": null, \"low\": 0.5, \"high\": 5.0, \"log\": false}}"}
{"op_code":8,"worker_id":"05639395-b436-4576-b602-b064f08fc288-20880","trial_id":7,"user_attr":{"constraints":[0.10046355021860108,0.07817796582704296,0.6,0.557070707070707,0.16741104529045772,-63.0,5.0,0.09648303079417825,0.5,-1378.7385443615362,0.04643719806763286,0.04338624338624336]}}
{"op_code":8,"worker_id":"05639395-b436-4576-b602-b064f08fc288-20880","trial_id":7,"user_attr":{"pruned_reasons":["M4 (Overall IC <= 0)","M2 (Yearly Tail IC Mean <= 0)","M3 (Hit Rate < 60%)","M5 (Monotonicity <= 0.25)","M6 (Top-Bottom Spread <= 0)","Active features count (0) is less than active feature floor (5)","Side-specific Yearly Tail IC Mean (-0.0965 <= 0)","Side-specific Hit Rate (0.00% < 50%)","Yearly Daily Win Rate (40.36% < 45%)","Side-specific Yearly Daily Win Rate (40.66% < 45%)"]}}
{"op_code":8,"worker_id":"05639395-b436-4576-b602-b064f08fc288-20880","trial_id":7,"user_attr":{"gini":0.0}}
{"op_code":8,"worker_id":"76498f46-a67b-4dd0-9a34-4af63d1f455b-27448","trial_id":27,"user_attr":{"deflated_objective":-1.7279498049150666}}
{"op_code":5,"worker_id":"2555fce9-fbf6-4087-a0cd-133d792f2d0a-19068","trial_id":31,"param_name":"huber_delta","param_value_internal":3.869007697415566,"distribution":"{\"name\": \"FloatDistribution\", \"attributes\": {\"step\": null, \"low\": 0.5, \"high\": 5.0, \"log\": false}}"}
{"op_code":9,"worker_id":"76498f46-a67b-4dd0-9a34-4af63d1f455b-27448","trial_id":27,"system_attr":{"constraints":[-0.026038441544587187,0.06846127136686771,0.26666666666666666,0.3045454545454545,-0.020153160386039426,-23.0,2.0,0.20611526888109288,-0.16666666666666663,-1428.6691953782533,0.002657004830917853,0.023280423280423346]}}
{"op_code":6,"worker_id":"76498f46-a67b-4dd0-9a34-4af63d1f455b-27448","trial_id":27,"state":1,"values":[-1.2676703115940662],"datetime_complete":"2026-07-14T11:40:10.578783"}
{"op_code":8,"worker_id":"23ca5583-1f5c-486f-8907-0153d64821d8-24364","trial_id":28,"user_attr":{"constraints":[-0.1127913217054917,-0.1126824982292685,0.26666666666666666,-0.04292929292929293,-0.0327175638695126,0.0,0.0,0.01873227860479221,0.16666666666666669,-1397.134307195794,-0.03907004830917876,-0.004232804232804255]}}
{"op_code":8,"worker_id":"23ca5583-1f5c-486f-8907-0153d64821d8-24364","trial_id":28,"user_attr":{"pruned_reasons":["M3 (Hit Rate < 60%)","Side-specific Yearly Tail IC Mean (-0.0187 <= 0)","Side-specific Hit Rate (33.33% < 50%)"]}}
{"op_code":8,"worker_id":"23ca5583-1f5c-486f-8907-0153d64821d8-24364","trial_id":28,"user_attr":{"gini":0.4083554591880574}}
{"op_code":8,"worker_id":"23ca5583-1f5c-486f-8907-0153d64821d8-24364","trial_id":28,"user_attr":{"cv_is_ics":[0.17459240555763245,0.159951314330101,0.10713294893503189,0.18106240034103394,0.1836620420217514,0.19648189842700958,0.15503732860088348,0.21002955734729767,0.19741302728652954,0.1604459136724472,0.22351163625717163,0.19080515205860138,0.1624554991722107,0.17312200367450714,0.1875111609697342]}}
{"op_code":8,"worker_id":"23ca5583-1f5c-486f-8907-0153d64821d8-24364","trial_id":28,"user_attr":{"cv_oos_ics":[-0.04173293709754944,0.17241187393665314,0.15934710204601288,0.06053832173347473,-0.03277665004134178,-0.010421372950077057,0.0015672945883125067,-0.027040814980864525,-0.01967000961303711,0.07217971235513687,0.0601586177945137,0.12608639895915985,0.08959232270717621,0.06056103855371475,0.061572037637233734]}}
{"op_code":8,"worker_id":"23ca5583-1f5c-486f-8907-0153d64821d8-24364","trial_id":28,"user_attr":{"reg_kappa":3.5015074709540923}}
{"op_code":4,"worker_id":"3a0a995f-83cf-43f6-af12-f4308ec5eb31-27448","study_id":0,"datetime_start":"2026-07-14T11:40:10.585833"}
{"op_code":8,"worker_id":"a2abce0b-6dd7-4cc8-b715-7a814f0a6306-6576","trial_id":10,"user_attr":{"val_metrics":[0.10891117917383318,-0.09792316669689469,0.7333333333333333,0.40360391803085804,-4.036183605032916]}}
{"op_code":5,"worker_id":"3a0a995f-83cf-43f6-af12-f4308ec5eb31-27448","trial_id":33,"param_name":"k_weight","param_value_internal":0.9525893808197282,"distribution":"{\"name\": \"FloatDistribution\", \"attributes\": {\"step\": null, \"low\": 0.0, \"high\": 1.5, \"log\": false}}"}
{"op_code":8,"worker_id":"23ca5583-1f5c-486f-8907-0153d64821d8-24364","trial_id":28,"user_attr":{"raw_metrics":[0.3193688429017365,0.1126824982292685,0.3333333333333333,0.1127913217054917,0.29292929292929293,0.0327175638695126,-0.31942210920803493,-0.32896655797958374,0.4890700483091788]}}
{"op_code":5,"worker_id":"3a0a995f-83cf-43f6-af12-f4308ec5eb31-27448","trial_id":33,"param_name":"unified_alpha","param_value_internal":0.0007387128630908515,"distribution":"{\"name\": \"FloatDistribution\", \"attributes\": {\"step\": null, \"low\": 1e-05, \"high\": 10.0, \"log\": true}}"}
{"op_code":8,"worker_id":"edc799cf-f79e-48f7-80e4-38432b8549fb-27064","trial_id":30,"user_attr":{"constraints":[-0.1100540720312377,-0.11326153020615731,0.26666666666666666,-0.05909090909090908,-0.03528442708928373,0.0,0.0,0.026063393907580584,0.16666666666666669,-1397.1388108749454,-0.03907004830917876,-0.004232804232804255]}}
{"op_code":5,"worker_id":"3a0a995f-83cf-43f6-af12-f4308ec5eb31-27448","trial_id":33,"param_name":"unified_rho","param_value_internal":0.9689240946205047,"distribution":"{\"name\": \"FloatDistribution\", \"attributes\": {\"step\": null, \"low\": 0.0, \"high\": 1.0, \"log\": false}}"}
{"op_code":8,"worker_id":"23ca5583-1f5c-486f-8907-0153d64821d8-24364","trial_id":28,"user_attr":{"val_metrics":[0.13361279582075075,-0.005011915794800315,0.5515151515151515,0.34649784095585345,-4.887285441855049]}}
{"op_code":5,"worker_id":"3a0a995f-83cf-43f6-af12-f4308ec5eb31-27448","trial_id":33,"param_name":"unified_gamma","param_value_internal":5084.262146451458,"distribution":"{\"name\": \"FloatDistribution\", \"attributes\": {\"step\": null, \"low\": 1.5, \"high\": 10000.0, \"log\": true}}"}
{"op_code":8,"worker_id":"a2abce0b-6dd7-4cc8-b715-7a814f0a6306-6576","trial_id":10,"user_attr":{"deflated_objective":0.40760370794865153}}
{"op_code":5,"worker_id":"3a0a995f-83cf-43f6-af12-f4308ec5eb31-27448","trial_id":33,"param_name":"huber_delta","param_value_internal":3.6584131427116673,"distribution":"{\"name\": \"FloatDistribution\", \"attributes\": {\"step\": null, \"low\": 0.5, \"high\": 5.0, \"log\": false}}"}
{"op_code":8,"worker_id":"23ca5583-1f5c-486f-8907-0153d64821d8-24364","trial_id":28,"user_attr":{"deflated_objective":0.09713593291051481}}
{"op_code":9,"worker_id":"a2abce0b-6dd7-4cc8-b715-7a814f0a6306-6576","trial_id":10,"system_attr":{"constraints":[-0.11237992742579654,-0.11140718670783424,0.26666666666666666,0.017676767676767707,-0.3599673122950438,-53.0,-5.0,0.2465492086398943,0.5,-1376.7232651233144,-0.08134057971014491,-0.07010582010582006]}}
{"op_code":8,"worker_id":"edc799cf-f79e-48f7-80e4-38432b8549fb-27064","trial_id":30,"user_attr":{"pruned_reasons":["M3 (Hit Rate < 60%)","Side-specific Yearly Tail IC Mean (-0.0261 <= 0)","Side-specific Hit Rate (33.33% < 50%)"]}}
{"op_code":9,"worker_id":"23ca5583-1f5c-486f-8907-0153d64821d8-24364","trial_id":28,"system_attr":{"constraints":[-0.1127913217054917,-0.1126824982292685,0.26666666666666666,-0.04292929292929293,-0.0327175638695126,0.0,0.0,0.01873227860479221,0.16666666666666669,-1397.134307195794,-0.03907004830917876,-0.004232804232804255]}}
{"op_code":8,"worker_id":"edc799cf-f79e-48f7-80e4-38432b8549fb-27064","trial_id":30,"user_attr":{"gini":0.40597980397276245}}
{"op_code":8,"worker_id":"edc799cf-f79e-48f7-80e4-38432b8549fb-27064","trial_id":30,"user_attr":{"cv_is_ics":[0.1750185638666153,0.1613912284374237,0.11013998836278915,0.1815040111541748,0.18488956987857819,0.19783250987529755,0.15665185451507568,0.20997673273086548,0.19951993227005005,0.1617065966129303,0.22358903288841248,0.19119636714458466,0.16283228993415833,0.17445136606693268,0.1876593679189682]}}
{"op_code":6,"worker_id":"a2abce0b-6dd7-4cc8-b715-7a814f0a6306-6576","trial_id":10,"state":1,"values":[1.0063316802523303],"datetime_complete":"2026-07-14T11:40:10.608901"}
{"op_code":8,"worker_id":"edc799cf-f79e-48f7-80e4-38432b8549fb-27064","trial_id":30,"user_attr":{"cv_oos_ics":[-0.03837810084223747,0.17510299384593964,0.15825195610523224,0.05987134948372841,-0.033082883805036545,-0.010500363074243069,0.003422953886911273,-0.02849031426012516,-0.017791522666811943,0.07220026850700378,0.05922481045126915,0.12866108119487762,0.08907724171876907,0.05976463854312897,0.06116302311420441]}}
{"op_code":8,"worker_id":"edc799cf-f79e-48f7-80e4-38432b8549fb-27064","trial_id":30,"user_attr":{"reg_kappa":3.4924261550839644}}
{"op_code":8,"worker_id":"8a62b79d-b146-4186-97f3-38765bef70f9-31524","trial_id":26,"user_attr":{"constraints":[0.08241004915106029,0.11820388805511305,0.6,0.6217171717171717,0.24431065089766676,0.0,0.0,0.14143066993681,0.5,-1428.3154790347917,0.07542270531400963,0.06269841269841275]}}
{"op_code":8,"worker_id":"9b7d52ed-8e2f-445a-9278-e0ff5fe8e69c-31796","trial_id":32,"user_attr":{"constraints":[-0.11229098832863134,-0.05748268643170392,0.26666666666666666,0.0015151515151515527,0.05560294118804343,0.0,0.0,0.024230002181837282,0.16666666666666669,-1398.327408507503,-0.03937198067632841,-0.004232804232804255]}}
{"op_code":8,"worker_id":"8a62b79d-b146-4186-97f3-38765bef70f9-31524","trial_id":26,"user_attr":{"pruned_reasons":["M4 (Overall IC <= 0)","M2 (Yearly Tail IC Mean <= 0)","M3 (Hit Rate < 60%)","M5 (Monotonicity <= 0.25)","M6 (Top-Bottom Spread <= 0)","Side-specific Yearly Tail IC Mean (-0.1414 <= 0)","Side-specific Hit Rate (0.00% < 50%)","Yearly Daily Win Rate (37.46% < 45%)","Side-specific Yearly Daily Win Rate (38.73% < 45%)"]}}
{"op_code":8,"worker_id":"8a62b79d-b146-4186-97f3-38765bef70f9-31524","trial_id":26,"user_attr":{"gini":0.0}}
{"op_code":8,"worker_id":"8a62b79d-b146-4186-97f3-38765bef70f9-31524","trial_id":26,"user_attr":{"cv_is_ics":[0.0,0.0,0.0,0.0,0.0,0.0,0.0,0.0,0.161502406001091,0.0,0.1599055975675583,0.14414286613464355,0.0,0.0,0.14741018414497375]}}
{"op_code":8,"worker_id":"8a62b79d-b146-4186-97f3-38765bef70f9-31524","trial_id":26,"user_attr":{"cv_oos_ics":[0.0,0.0,0.0,0.0,0.0,0.0,0.0,0.0,0.043608084321022034,0.0,0.0008385871187783778,0.10107789933681488,0.0,0.0,0.06658925861120224]}}
{"op_code":8,"worker_id":"2555fce9-fbf6-4087-a0cd-133d792f2d0a-19068","trial_id":31,"user_attr":{"constraints":[-0.1091740500348224,-0.10896822589349096,0.26666666666666666,-0.022727272727272763,-0.06567053326248116,0.0,0.0,0.028931901283173484,0.16666666666666669,-1394.7868983037076,-0.03907004830917876,-0.004232804232804255]}}
{"op_code":8,"worker_id":"edc799cf-f79e-48f7-80e4-38432b8549fb-27064","trial_id":30,"user_attr":{"raw_metrics":[0.3219383865778303,0.11326153020615731,0.3333333333333333,0.1100540720312377,0.3090909090909091,0.03528442708928373,-0.3193966026659184,-0.32761338353157043,0.4890700483091788]}}
{"op_code":6,"worker_id":"23ca5583-1f5c-486f-8907-0153d64821d8-24364","trial_id":28,"state":1,"values":[0.6873437893990872],"datetime_complete":"2026-07-14T11:40:10.611167"}
{"op_code":8,"worker_id":"9b7d52ed-8e2f-445a-9278-e0ff5fe8e69c-31796","trial_id":32,"user_attr":{"pruned_reasons":["M3 (Hit Rate < 60%)","M5 (Monotonicity <= 0.25)","M6 (Top-Bottom Spread <= 0)","Side-specific Yearly Tail IC Mean (-0.0242 <= 0)","Side-specific Hit Rate (33.33% < 50%)"]}}
{"op_code":8,"worker_id":"8a1d1c9f-29ad-423b-8d4e-739f9513ab4c-4680","trial_id":3,"user_attr":{"constraints":[0.10046355021860108,0.07817796582704296,0.6,0.557070707070707,0.16741104529045772,-62.0,5.0,0.09648303079417825,0.5,-1378.6559469018666,0.04643719806763286,0.04338624338624336]}}
{"op_code":8,"worker_id":"edc799cf-f79e-48f7-80e4-38432b8549fb-27064","trial_id":30,"user_attr":{"val_metrics":[0.13471765244669298,0.0017540409333288154,0.5515151515151515,0.34649784095585345,-4.853403780671111]}}
{"op_code":4,"worker_id":"c4706c54-c654-40c2-9357-abf564c7bc59-24364","study_id":0,"datetime_start":"2026-07-14T11:40:10.634133"}
{"op_code":8,"worker_id":"edc799cf-f79e-48f7-80e4-38432b8549fb-27064","trial_id":30,"user_attr":{"deflated_objective":0.15866547248759244}}
{"op_code":9,"worker_id":"edc799cf-f79e-48f7-80e4-38432b8549fb-27064","trial_id":30,"system_attr":{"constraints":[-0.1100540720312377,-0.11326153020615731,0.26666666666666666,-0.05909090909090908,-0.03528442708928373,0.0,0.0,0.026063393907580584,0.16666666666666669,-1397.1388108749454,-0.03907004830917876,-0.004232804232804255]}}
{"op_code":5,"worker_id":"c4706c54-c654-40c2-9357-abf564c7bc59-24364","trial_id":34,"param_name":"k_weight","param_value_internal":0.9249255414720398,"distribution":"{\"name\": \"FloatDistribution\", \"attributes\": {\"step\": null, \"low\": 0.0, \"high\": 1.5, \"log\": false}}"}
{"op_code":8,"worker_id":"3a0a995f-83cf-43f6-af12-f4308ec5eb31-27448","trial_id":33,"user_attr":{"constraints":[-0.10895006674707523,-0.11708041443501076,0.26666666666666666,-0.026767676767676774,-0.06337646710321955,-29.0,-8.0,0.0294860356078475,0.16666666666666669,-1395.21316157944,-0.0529589371980676,-0.004232804232804255]}}
{"op_code":5,"worker_id":"c4706c54-c654-40c2-9357-abf564c7bc59-24364","trial_id":34,"param_name":"unified_alpha","param_value_internal":0.0008908694406896497,"distribution":"{\"name\": \"FloatDistribution\", \"attributes\": {\"step\": null, \"low\": 1e-05, \"high\": 10.0, \"log\": true}}"}
{"op_code":8,"worker_id":"2555fce9-fbf6-4087-a0cd-133d792f2d0a-19068","trial_id":31,"user_attr":{"pruned_reasons":["M3 (Hit Rate < 60%)","Side-specific Yearly Tail IC Mean (-0.0289 <= 0)","Side-specific Hit Rate (33.33% < 50%)"]}}
{"op_code":5,"worker_id":"c4706c54-c654-40c2-9357-abf564c7bc59-24364","trial_id":34,"param_name":"unified_rho","param_value_internal":0.9891193078048055,"distribution":"{\"name\": \"FloatDistribution\", \"attributes\": {\"step\": null, \"low\": 0.0, \"high\": 1.0, \"log\": false}}"}
{"op_code":4,"worker_id":"f201b0e4-aac1-4bbc-83ec-21116378e43e-11668","study_id":0,"datetime_start":"2026-07-14T11:40:10.630238"}
{"op_code":5,"worker_id":"c4706c54-c654-40c2-9357-abf564c7bc59-24364","trial_id":34,"param_name":"unified_gamma","param_value_internal":9374.771201697813,"distribution":"{\"name\": \"FloatDistribution\", \"attributes\": {\"step\": null, \"low\": 1.5, \"high\": 10000.0, \"log\": true}}"}
{"op_code":8,"worker_id":"8a1d1c9f-29ad-423b-8d4e-739f9513ab4c-4680","trial_id":3,"user_attr":{"pruned_reasons":["M4 (Overall IC <= 0)","M2 (Yearly Tail IC Mean <= 0)","M3 (Hit Rate < 60%)","M5 (Monotonicity <= 0.25)","M6 (Top-Bottom Spread <= 0)","Active features count (0) is less than active feature floor (5)","Side-specific Yearly Tail IC Mean (-0.0965 <= 0)","Side-specific Hit Rate (0.00% < 50%)","Yearly Daily Win Rate (40.36% < 45%)","Side-specific Yearly Daily Win Rate (40.66% < 45%)"]}}
{"op_code":5,"worker_id":"c4706c54-c654-40c2-9357-abf564c7bc59-24364","trial_id":34,"param_name":"huber_delta","param_value_internal":3.999030355839471,"distribution":"{\"name\": \"FloatDistribution\", \"attributes\": {\"step\": null, \"low\": 0.5, \"high\": 5.0, \"log\": false}}"}
{"op_code":8,"worker_id":"8a1d1c9f-29ad-423b-8d4e-739f9513ab4c-4680","trial_id":3,"user_attr":{"gini":0.0}}
{"op_code":6,"worker_id":"edc799cf-f79e-48f7-80e4-38432b8549fb-27064","trial_id":30,"state":1,"values":[0.7037133222248712],"datetime_complete":"2026-07-14T11:40:10.639126"}
{"op_code":8,"worker_id":"8a1d1c9f-29ad-423b-8d4e-739f9513ab4c-4680","trial_id":3,"user_attr":{"cv_is_ics":[0.0,0.0,0.0,0.0,0.0,0.0,0.0,0.0,0.0,0.0,0.0,0.0,0.0,0.0,0.0]}}
{"op_code":5,"worker_id":"f201b0e4-aac1-4bbc-83ec-21116378e43e-11668","trial_id":35,"param_name":"k_weight","param_value_internal":0.9884362525049908,"distribution":"{\"name\": \"FloatDistribution\", \"attributes\": {\"step\": null, \"low\": 0.0, \"high\": 1.5, \"log\": false}}"}
{"op_code":8,"worker_id":"8a1d1c9f-29ad-423b-8d4e-739f9513ab4c-4680","trial_id":3,"user_attr":{"cv_oos_ics":[0.0,0.0,0.0,0.0,0.0,0.0,0.0,0.0,0.0,0.0,0.0,0.0,0.0,0.0,0.0]}}
{"op_code":5,"worker_id":"f201b0e4-aac1-4bbc-83ec-21116378e43e-11668","trial_id":35,"param_name":"unified_alpha","param_value_internal":0.0008804741768812199,"distribution":"{\"name\": \"FloatDistribution\", \"attributes\": {\"step\": null, \"low\": 1e-05, \"high\": 10.0, \"log\": true}}"}
{"op_code":8,"worker_id":"8a1d1c9f-29ad-423b-8d4e-739f9513ab4c-4680","trial_id":3,"user_attr":{"reg_kappa":1.4751070226938863}}
{"op_code":8,"worker_id":"8a1d1c9f-29ad-423b-8d4e-739f9513ab4c-4680","trial_id":3,"user_attr":{"raw_metrics":[-1.4054891752539378,-0.07817796582704296,0.0,-0.10046355021860108,-0.30707070707070705,-0.16741104529045772,-0.0,-0.0,0.40356280193236715]}}
{"op_code":5,"worker_id":"f201b0e4-aac1-4bbc-83ec-21116378e43e-11668","trial_id":35,"param_name":"unified_rho","param_value_internal":0.18386270946328792,"distribution":"{\"name\": \"FloatDistribution\", \"attributes\": {\"step\": null, \"low\": 0.0, \"high\": 1.0, \"log\": false}}"}
{"op_code":6,"worker_id":"1d637746-d867-4940-9873-54bdd8fa4010-3216","trial_id":6,"state":1,"values":[1.1031329584572989],"datetime_complete":"2026-07-14T11:40:10.537953"}
{"op_code":8,"worker_id":"8a1d1c9f-29ad-423b-8d4e-739f9513ab4c-4680","trial_id":3,"user_attr":{"val_metrics":[0.0,0.0,-0.10303030303030303,-0.37352883610874416,-6.50669077376514]}}
{"op_code":8,"worker_id":"8a1d1c9f-29ad-423b-8d4e-739f9513ab4c-4680","trial_id":3,"user_attr":{"deflated_objective":-0.5756193382392665}}
{"op_code":9,"worker_id":"8a1d1c9f-29ad-423b-8d4e-739f9513ab4c-4680","trial_id":3,"system_attr":{"constraints":[0.10046355021860108,0.07817796582704296,0.6,0.557070707070707,0.16741104529045772,-62.0,5.0,0.09648303079417825,0.5,-1378.6559469018666,0.04643719806763286,0.04338624338624336]}}
{"op_code":6,"worker_id":"8a1d1c9f-29ad-423b-8d4e-739f9513ab4c-4680","trial_id":3,"state":1,"values":[-0.03722940201119238],"datetime_complete":"2026-07-14T11:40:10.675379"}
{"op_code":8,"worker_id":"3a0a995f-83cf-43f6-af12-f4308ec5eb31-27448","trial_id":33,"user_attr":{"pruned_reasons":["M3 (Hit Rate < 60%)","Side-specific Yearly Tail IC Mean (-0.0295 <= 0)","Side-specific Hit Rate (33.33% < 50%)"]}}
{"op_code":8,"worker_id":"3a0a995f-83cf-43f6-af12-f4308ec5eb31-27448","trial_id":33,"user_attr":{"gini":0.40965679810512734}}
{"op_code":8,"worker_id":"3a0a995f-83cf-43f6-af12-f4308ec5eb31-27448","trial_id":33,"user_attr":{"cv_is_ics":[0.1775975376367569,0.166936457157135,0.11946838349103928,0.18439368903636932,0.18832363188266754,0.20096218585968018,0.16426511108875275,0.21098780632019043,0.20474085211753845,0.16919374465942383,0.2254425436258316,0.19647079706192017,0.16469599306583405,0.17916055023670197,0.1869385838508606]}}
{"op_code":8,"worker_id":"3a0a995f-83cf-43f6-af12-f4308ec5eb31-27448","trial_id":33,"user_attr":{"cv_oos_ics":[-0.034240689128637314,0.17889568209648132,0.15728119015693665,0.057269491255283356,-0.032767992466688156,-0.0027062457520514727,0.007611944805830717,-0.026096493005752563,-0.01671377383172512,0.07612056285142899,0.05708559975028038,0.13266143202781677,0.0899830311536789,0.06016392260789871,0.06261838227510452]}}
{"op_code":8,"worker_id":"3a0a995f-83cf-43f6-af12-f4308ec5eb31-27448","trial_id":33,"user_attr":{"reg_kappa":3.496612437893855}}
{"op_code":8,"worker_id":"3a0a995f-83cf-43f6-af12-f4308ec5eb31-27448","trial_id":33,"user_attr":{"raw_metrics":[0.33482835207649425,0.11708041443501076,0.3333333333333333,0.10895006674707523,0.2767676767676768,0.06337646710321955,-0.308521944221157,-0.31642794609069824,0.5029589371980676]}}
{"op_code":5,"worker_id":"0626538c-941b-45f8-b6a3-7b4545a999d4-30084","trial_id":25,"param_name":"unified_alpha","param_value_internal":0.50966595546096,"distribution":"{\"name\": \"FloatDistribution\", \"attributes\": {\"step\": null, \"low\": 1e-05, \"high\": 10.0, \"log\": true}}"}
{"op_code":8,"worker_id":"3a0a995f-83cf-43f6-af12-f4308ec5eb31-27448","trial_id":33,"user_attr":{"val_metrics":[0.1306762692396128,0.00610643112790038,0.4909090909090909,0.23698838002979755,-4.952479335641086]}}
{"op_code":5,"worker_id":"0626538c-941b-45f8-b6a3-7b4545a999d4-30084","trial_id":25,"param_name":"unified_rho","param_value_internal":0.8605372392370312,"distribution":"{\"name\": \"FloatDistribution\", \"attributes\": {\"step\": null, \"low\": 0.0, \"high\": 1.0, \"log\": false}}"}
{"op_code":8,"worker_id":"3a0a995f-83cf-43f6-af12-f4308ec5eb31-27448","trial_id":33,"user_attr":{"deflated_objective":0.129566895956568}}
{"op_code":5,"worker_id":"0626538c-941b-45f8-b6a3-7b4545a999d4-30084","trial_id":25,"param_name":"unified_gamma","param_value_internal":26.719923998246184,"distribution":"{\"name\": \"FloatDistribution\", \"attributes\": {\"step\": null, \"low\": 1.5, \"high\": 10000.0, \"log\": true}}"}
{"op_code":9,"worker_id":"3a0a995f-83cf-43f6-af12-f4308ec5eb31-27448","trial_id":33,"system_attr":{"constraints":[-0.10895006674707523,-0.11708041443501076,0.26666666666666666,-0.026767676767676774,-0.06337646710321955,-29.0,-8.0,0.0294860356078475,0.16666666666666669,-1395.21316157944,-0.0529589371980676,-0.004232804232804255]}}
{"op_code":6,"worker_id":"3a0a995f-83cf-43f6-af12-f4308ec5eb31-27448","trial_id":33,"state":1,"values":[0.6593593119378311],"datetime_complete":"2026-07-14T11:40:10.695509"}
{"op_code":8,"worker_id":"9b7d52ed-8e2f-445a-9278-e0ff5fe8e69c-31796","trial_id":32,"user_attr":{"gini":0.41571235959654507}}
{"op_code":5,"worker_id":"0626538c-941b-45f8-b6a3-7b4545a999d4-30084","trial_id":25,"param_name":"huber_delta","param_value_internal":1.6198721423817504,"distribution":"{\"name\": \"FloatDistribution\", \"attributes\": {\"step\": null, \"low\": 0.5, \"high\": 5.0, \"log\": false}}"}
{"op_code":8,"worker_id":"9b7d52ed-8e2f-445a-9278-e0ff5fe8e69c-31796","trial_id":32,"user_attr":{"cv_is_ics":[0.1712769865989685,0.15494404733181,0.0975465252995491,0.1807805448770523,0.1804465800523758,0.1931937336921692,0.14890030026435852,0.20921678841114044,0.1934240758419037,0.1538393199443817,0.22180108726024628,0.1881353110074997,0.15878498554229736,0.16777780652046204,0.18588565289974213]}}
{"op_code":4,"worker_id":"82b90f59-2933-454b-a4a2-eddd4120dece-6576","study_id":0,"datetime_start":"2026-07-14T11:40:10.700710"}
{"op_code":5,"worker_id":"f201b0e4-aac1-4bbc-83ec-21116378e43e-11668","trial_id":35,"param_name":"unified_gamma","param_value_internal":9680.500706469706,"distribution":"{\"name\": \"FloatDistribution\", \"attributes\": {\"step\": null, \"low\": 1.5, \"high\": 10000.0, \"log\": true}}"}
{"op_code":4,"worker_id":"69d2e5ed-a769-490b-9d4f-8d7b555248eb-27448","study_id":0,"datetime_start":"2026-07-14T11:40:10.703402"}
{"op_code":5,"worker_id":"82b90f59-2933-454b-a4a2-eddd4120dece-6576","trial_id":36,"param_name":"k_weight","param_value_internal":0.37209445154540355,"distribution":"{\"name\": \"FloatDistribution\", \"attributes\": {\"step\": null, \"low\": 0.0, \"high\": 1.5, \"log\": false}}"}
{"op_code":5,"worker_id":"f201b0e4-aac1-4bbc-83ec-21116378e43e-11668","trial_id":35,"param_name":"huber_delta","param_value_internal":3.9550181985216133,"distribution":"{\"name\": \"FloatDistribution\", \"attributes\": {\"step\": null, \"low\": 0.5, \"high\": 5.0, \"log\": false}}"}
{"op_code":5,"worker_id":"82b90f59-2933-454b-a4a2-eddd4120dece-6576","trial_id":36,"param_name":"unified_alpha","param_value_internal":0.06572823840785295,"distribution":"{\"name\": \"FloatDistribution\", \"attributes\": {\"step\": null, \"low\": 1e-05, \"high\": 10.0, \"log\": true}}"}
{"op_code":5,"worker_id":"69d2e5ed-a769-490b-9d4f-8d7b555248eb-27448","trial_id":37,"param_name":"k_weight","param_value_internal":0.36877717190678705,"distribution":"{\"name\": \"FloatDistribution\", \"attributes\": {\"step\": null, \"low\": 0.0, \"high\": 1.5, \"log\": false}}"}
{"op_code":5,"worker_id":"82b90f59-2933-454b-a4a2-eddd4120dece-6576","trial_id":36,"param_name":"unified_rho","param_value_internal":0.4187270554606411,"distribution":"{\"name\": \"FloatDistribution\", \"attributes\": {\"step\": null, \"low\": 0.0, \"high\": 1.0, \"log\": false}}"}
{"op_code":5,"worker_id":"69d2e5ed-a769-490b-9d4f-8d7b555248eb-27448","trial_id":37,"param_name":"unified_alpha","param_value_internal":0.19671961061920784,"distribution":"{\"name\": \"FloatDistribution\", \"attributes\": {\"step\": null, \"low\": 1e-05, \"high\": 10.0, \"log\": true}}"}
{"op_code":5,"worker_id":"82b90f59-2933-454b-a4a2-eddd4120dece-6576","trial_id":36,"param_name":"unified_gamma","param_value_internal":4.620336946917296,"distribution":"{\"name\": \"FloatDistribution\", \"attributes\": {\"step\": null, \"low\": 1.5, \"high\": 10000.0, \"log\": true}}"}
{"op_code":5,"worker_id":"69d2e5ed-a769-490b-9d4f-8d7b555248eb-27448","trial_id":37,"param_name":"unified_rho","param_value_internal":0.43537966845451437,"distribution":"{\"name\": \"FloatDistribution\", \"attributes\": {\"step\": null, \"low\": 0.0, \"high\": 1.0, \"log\": false}}"}
{"op_code":5,"worker_id":"82b90f59-2933-454b-a4a2-eddd4120dece-6576","trial_id":36,"param_name":"huber_delta","param_value_internal":2.8114916689156115,"distribution":"{\"name\": \"FloatDistribution\", \"attributes\": {\"step\": null, \"low\": 0.5, \"high\": 5.0, \"log\": false}}"}
{"op_code":5,"worker_id":"69d2e5ed-a769-490b-9d4f-8d7b555248eb-27448","trial_id":37,"param_name":"unified_gamma","param_value_internal":5.5263793749255425,"distribution":"{\"name\": \"FloatDistribution\", \"attributes\": {\"step\": null, \"low\": 1.5, \"high\": 10000.0, \"log\": true}}"}
{"op_code":8,"worker_id":"9b7d52ed-8e2f-445a-9278-e0ff5fe8e69c-31796","trial_id":32,"user_attr":{"cv_oos_ics":[-0.04470473900437355,0.1697542816400528,0.16105309128761292,0.06298499554395676,-0.03135477751493454,-0.01574513502418995,-0.0014792443253099918,-0.030239177867770195,-0.017384661361575127,0.06751280277967453,0.063007652759552,0.12195412814617157,0.08995001763105392,0.0598771758377552,0.06026708334684372]}}
{"op_code":5,"worker_id":"69d2e5ed-a769-490b-9d4f-8d7b555248eb-27448","trial_id":37,"param_name":"huber_delta","param_value_internal":2.8312193108097716,"distribution":"{\"name\": \"FloatDistribution\", \"attributes\": {\"step\": null, \"low\": 0.5, \"high\": 5.0, \"log\": false}}"}
{"op_code":8,"worker_id":"9b7d52ed-8e2f-445a-9278-e0ff5fe8e69c-31796","trial_id":32,"user_attr":{"reg_kappa":3.5045044868818516}}
{"op_code":8,"worker_id":"0626538c-941b-45f8-b6a3-7b4545a999d4-30084","trial_id":25,"user_attr":{"constraints":[0.09930808102419082,0.06835634908581457,0.6,0.5328282828282829,0.13996133950399461,-60.0,5.0,0.09648303079417825,0.5,-1378.2321075554917,0.0681763285024155,0.08148148148148149]}}
{"op_code":8,"worker_id":"0626538c-941b-45f8-b6a3-7b4545a999d4-30084","trial_id":25,"user_attr":{"pruned_reasons":["M4 (Overall IC <= 0)","M2 (Yearly Tail IC Mean <= 0)","M3 (Hit Rate < 60%)","M5 (Monotonicity <= 0.25)","M6 (Top-Bottom Spread <= 0)","Active features count (0) is less than active feature floor (5)","Side-specific Yearly Tail IC Mean (-0.0965 <= 0)","Side-specific Hit Rate (0.00% < 50%)","Yearly Daily Win Rate (38.18% < 45%)","Side-specific Yearly Daily Win Rate (36.85% < 45%)"]}}
{"op_code":8,"worker_id":"0626538c-941b-45f8-b6a3-7b4545a999d4-30084","trial_id":25,"user_attr":{"gini":0.0}}
{"op_code":8,"worker_id":"0626538c-941b-45f8-b6a3-7b4545a999d4-30084","trial_id":25,"user_attr":{"cv_is_ics":[0.0,0.0,0.0,0.0,0.0,0.0,0.0,0.0,0.0,0.0,0.0,0.0,0.0,0.0,0.0]}}
{"op_code":8,"worker_id":"0626538c-941b-45f8-b6a3-7b4545a999d4-30084","trial_id":25,"user_attr":{"cv_oos_ics":[0.0,0.0,0.0,0.0,0.0,0.0,0.0,0.0,0.0,0.0,0.0,0.0,0.0,0.0,0.0]}}
{"op_code":8,"worker_id":"0626538c-941b-45f8-b6a3-7b4545a999d4-30084","trial_id":25,"user_attr":{"reg_kappa":3.0578513983656905}}
{"op_code":8,"worker_id":"0626538c-941b-45f8-b6a3-7b4545a999d4-30084","trial_id":25,"user_attr":{"raw_metrics":[-1.3235182640916008,-0.06835634908581457,0.0,-0.09930808102419082,-0.2828282828282828,-0.13996133950399461,-0.0,-0.0,0.3818236714975845]}}
{"op_code":8,"worker_id":"0626538c-941b-45f8-b6a3-7b4545a999d4-30084","trial_id":25,"user_attr":{"val_metrics":[0.0,0.0,0.0,0.0,-6.50669077376514]}}
{"op_code":8,"worker_id":"c4706c54-c654-40c2-9357-abf564c7bc59-24364","trial_id":34,"user_attr":{"constraints":[-0.11317674277156327,-0.11183970823830679,0.26666666666666666,-0.0025252525252525415,-0.017737226700905162,-29.0,-8.0,0.023624776298993778,0.16666666666666669,-1394.1343048879291,-0.03907004830917876,-0.004232804232804255]}}
{"op_code":8,"worker_id":"c4706c54-c654-40c2-9357-abf564c7bc59-24364","trial_id":34,"user_attr":{"pruned_reasons":["M3 (Hit Rate < 60%)","Side-specific Yearly Tail IC Mean (-0.0236 <= 0)","Side-specific Hit Rate (33.33% < 50%)"]}}
{"op_code":8,"worker_id":"c4706c54-c654-40c2-9357-abf564c7bc59-24364","trial_id":34,"user_attr":{"gini":0.42364603788506816}}
{"op_code":8,"worker_id":"0626538c-941b-45f8-b6a3-7b4545a999d4-30084","trial_id":25,"user_attr":{"deflated_objective":-0.5516050668093537}}
{"op_code":8,"worker_id":"9b7d52ed-8e2f-445a-9278-e0ff5fe8e69c-31796","trial_id":32,"user_attr":{"raw_metrics":[0.2017218455846779,0.05748268643170392,0.3333333333333333,0.11229098832863134,0.24848484848484845,-0.05560294118804343,-0.32623980809332953,-0.3363272249698639,0.4893719806763284]}}
{"op_code":8,"worker_id":"9b7d52ed-8e2f-445a-9278-e0ff5fe8e69c-31796","trial_id":32,"user_attr":{"val_metrics":[0.13566317887790247,-0.017289930660919023,0.5878787878787879,0.2897570050507784,-4.888347668427335]}}
{"op_code":9,"worker_id":"0626538c-941b-45f8-b6a3-7b4545a999d4-30084","trial_id":25,"system_attr":{"constraints":[0.09930808102419082,0.06835634908581457,0.6,0.5328282828282829,0.13996133950399461,-60.0,5.0,0.09648303079417825,0.5,-1378.2321075554917,0.0681763285024155,0.08148148148148149]}}
{"op_code":6,"worker_id":"0626538c-941b-45f8-b6a3-7b4545a999d4-30084","trial_id":25,"state":1,"values":[-0.02692637170919238],"datetime_complete":"2026-07-14T11:40:10.746478"}
{"op_code":8,"worker_id":"9b7d52ed-8e2f-445a-9278-e0ff5fe8e69c-31796","trial_id":32,"user_attr":{"deflated_objective":0.17597305017941256}}
{"op_code":9,"worker_id":"9b7d52ed-8e2f-445a-9278-e0ff5fe8e69c-31796","trial_id":32,"system_attr":{"constraints":[-0.11229098832863134,-0.05748268643170392,0.26666666666666666,0.0015151515151515527,0.05560294118804343,0.0,0.0,0.024230002181837282,0.16666666666666669,-1398.327408507503,-0.03937198067632841,-0.004232804232804255]}}
{"op_code":8,"worker_id":"f201b0e4-aac1-4bbc-83ec-21116378e43e-11668","trial_id":35,"user_attr":{"constraints":[-0.11310774297860467,-0.11446465178929795,0.26666666666666666,0.0015151515151514694,-0.023342430421335696,-28.0,-8.0,0.019566544592034274,0.16666666666666669,-1396.6690734677356,-0.04601449275362318,-0.004232804232804255]}}
{"op_code":4,"worker_id":"795992d7-42d6-4644-bfb2-22c6ec3362a4-27064","study_id":0,"datetime_start":"2026-07-14T11:40:10.748625"}
{"op_code":8,"worker_id":"f201b0e4-aac1-4bbc-83ec-21116378e43e-11668","trial_id":35,"user_attr":{"pruned_reasons":["M3 (Hit Rate < 60%)","M5 (Monotonicity <= 0.25)","Side-specific Yearly Tail IC Mean (-0.0196 <= 0)","Side-specific Hit Rate (33.33% < 50%)"]}}
{"op_code":6,"worker_id":"9b7d52ed-8e2f-445a-9278-e0ff5fe8e69c-31796","trial_id":32,"state":1,"values":[0.6858490947659535],"datetime_complete":"2026-07-14T11:40:10.751457"}
{"op_code":8,"worker_id":"8a62b79d-b146-4186-97f3-38765bef70f9-31524","trial_id":26,"user_attr":{"reg_kappa":1.142090087522772}}
{"op_code":8,"worker_id":"c4706c54-c654-40c2-9357-abf564c7bc59-24364","trial_id":34,"user_attr":{"cv_is_ics":[0.17351236939430237,0.15996360778808594,0.10866636782884598,0.1824159473180771,0.18341609835624695,0.1962682157754898,0.15443100035190582,0.2107907235622406,0.19893935322761536,0.16017615795135498,0.2240283489227295,0.19176828861236572,0.16252146661281586,0.1741967350244522,0.18833619356155396]}}
{"op_code":8,"worker_id":"82b90f59-2933-454b-a4a2-eddd4120dece-6576","trial_id":36,"user_attr":{"constraints":[-0.12223318807257356,-0.1750322064184371,0.26666666666666666,-0.08333333333333331,-0.3888760423744862,-50.0,-3.0,0.16355211881558815,0.16666666666666669,-1379.0726336789803,-0.08828502415458933,-0.08915343915343915]}}
{"op_code":4,"worker_id":"0d107e49-b789-4a92-a3df-572645e718a2-3216","study_id":0,"datetime_start":"2026-07-14T11:40:10.758022"}
{"op_code":8,"worker_id":"69d2e5ed-a769-490b-9d4f-8d7b555248eb-27448","trial_id":37,"user_attr":{"constraints":[-0.10375143862342255,-0.09979297019735767,0.26666666666666666,0.029797979797979796,-0.000185130176984738,-55.0,2.0,0.24328991705199812,0.5,-1379.3458336234717,0.006461352657004871,-0.05105820105820108]}}
{"op_code":5,"worker_id":"0d107e49-b789-4a92-a3df-572645e718a2-3216","trial_id":39,"param_name":"k_weight","param_value_internal":0.4564829032679214,"distribution":"{\"name\": \"FloatDistribution\", \"attributes\": {\"step\": null, \"low\": 0.0, \"high\": 1.5, \"log\": false}}"}
{"op_code":4,"worker_id":"5a7655c4-bb8e-4c7b-8e7c-2537a5fc4f12-31796","study_id":0,"datetime_start":"2026-07-14T11:40:10.764229"}
{"op_code":5,"worker_id":"0d107e49-b789-4a92-a3df-572645e718a2-3216","trial_id":39,"param_name":"unified_alpha","param_value_internal":0.06440128914155417,"distribution":"{\"name\": \"FloatDistribution\", \"attributes\": {\"step\": null, \"low\": 1e-05, \"high\": 10.0, \"log\": true}}"}
{"op_code":5,"worker_id":"5a7655c4-bb8e-4c7b-8e7c-2537a5fc4f12-31796","trial_id":40,"param_name":"k_weight","param_value_internal":0.6934161984557277,"distribution":"{\"name\": \"FloatDistribution\", \"attributes\": {\"step\": null, \"low\": 0.0, \"high\": 1.5, \"log\": false}}"}
{"op_code":4,"worker_id":"8ca8ba92-26c1-465e-ac6d-d3102a472c04-4680","study_id":0,"datetime_start":"2026-07-14T11:40:10.766708"}
{"op_code":5,"worker_id":"795992d7-42d6-4644-bfb2-22c6ec3362a4-27064","trial_id":38,"param_name":"k_weight","param_value_internal":0.42912194390629155,"distribution":"{\"name\": \"FloatDistribution\", \"attributes\": {\"step\": null, \"low\": 0.0, \"high\": 1.5, \"log\": false}}"}
{"op_code":5,"worker_id":"0d107e49-b789-4a92-a3df-572645e718a2-3216","trial_id":39,"param_name":"unified_rho","param_value_internal":0.44422156561994086,"distribution":"{\"name\": \"FloatDistribution\", \"attributes\": {\"step\": null, \"low\": 0.0, \"high\": 1.0, \"log\": false}}"}
{"op_code":5,"worker_id":"5a7655c4-bb8e-4c7b-8e7c-2537a5fc4f12-31796","trial_id":40,"param_name":"unified_alpha","param_value_internal":0.04483131006385187,"distribution":"{\"name\": \"FloatDistribution\", \"attributes\": {\"step\": null, \"low\": 1e-05, \"high\": 10.0, \"log\": true}}"}
{"op_code":8,"worker_id":"2555fce9-fbf6-4087-a0cd-133d792f2d0a-19068","trial_id":31,"user_attr":{"gini":0.40926101185921016}}
{"op_code":5,"worker_id":"5a7655c4-bb8e-4c7b-8e7c-2537a5fc4f12-31796","trial_id":40,"param_name":"unified_rho","param_value_internal":0.43383927761723917,"distribution":"{\"name\": \"FloatDistribution\", \"attributes\": {\"step\": null, \"low\": 0.0, \"high\": 1.0, \"log\": false}}"}
{"op_code":8,"worker_id":"2555fce9-fbf6-4087-a0cd-133d792f2d0a-19068","trial_id":31,"user_attr":{"cv_is_ics":[0.17523294687271118,0.1623094230890274,0.11150198429822922,0.18231667578220367,0.18572507798671722,0.1982097029685974,0.15741465985774994,0.21009224653244019,0.20061656832695007,0.16427651047706604,0.22440879046916962,0.1927422285079956,0.1635032594203949,0.17462506890296936,0.18764197826385498]}}
{"op_code":5,"worker_id":"5a7655c4-bb8e-4c7b-8e7c-2537a5fc4f12-31796","trial_id":40,"param_name":"unified_gamma","param_value_internal":7.718740996452597,"distribution":"{\"name\": \"FloatDistribution\", \"attributes\": {\"step\": null, \"low\": 1.5, \"high\": 10000.0, \"log\": true}}"}
{"op_code":8,"worker_id":"2555fce9-fbf6-4087-a0cd-133d792f2d0a-19068","trial_id":31,"user_attr":{"cv_oos_ics":[-0.03732255846261978,0.1731552630662918,0.15791626274585724,0.059608303010463715,-0.03281885012984276,-0.006162362638860941,0.006339618470519781,-0.028915148228406906,-0.01809450425207615,0.0723409354686737,0.05769912153482437,0.12834404408931732,0.08730306476354599,0.0586901493370533,0.062308914959430695]}}
{"op_code":5,"worker_id":"5a7655c4-bb8e-4c7b-8e7c-2537a5fc4f12-31796","trial_id":40,"param_name":"huber_delta","param_value_internal":2.7409728807670724,"distribution":"{\"name\": \"FloatDistribution\", \"attributes\": {\"step\": null, \"low\": 0.5, \"high\": 5.0, \"log\": false}}"}
{"op_code":8,"worker_id":"2555fce9-fbf6-4087-a0cd-133d792f2d0a-19068","trial_id":31,"user_attr":{"reg_kappa":3.495629619876348}}
{"op_code":8,"worker_id":"2555fce9-fbf6-4087-a0cd-133d792f2d0a-19068","trial_id":31,"user_attr":{"raw_metrics":[0.3079136771574503,0.10896822589349096,0.3333333333333333,0.1091740500348224,0.27272727272727276,0.06567053326248116,-0.30612002547502937,-0.31919044256210327,0.4890700483091788]}}
{"op_code":8,"worker_id":"f201b0e4-aac1-4bbc-83ec-21116378e43e-11668","trial_id":35,"user_attr":{"gini":0.4133962697050855}}
{"op_code":8,"worker_id":"2555fce9-fbf6-4087-a0cd-133d792f2d0a-19068","trial_id":31,"user_attr":{"val_metrics":[0.13449308469191215,0.005768975113732477,0.5757575757575758,0.34649784095585345,-4.771371833320467]}}
{"op_code":8,"worker_id":"8c55a001-c5ba-4bc7-ab04-3d0ed75f2c81-16052","trial_id":29,"user_attr":{"constraints":[-0.10967152438565327,-0.11132591893812094,0.26666666666666666,-0.051010101010101006,-0.03528442708928373,0.0,0.0,0.036102893284196295,0.16666666666666669,-1395.5270969900846,-0.03907004830917876,-0.004232804232804255]}}
{"op_code":5,"worker_id":"0d107e49-b789-4a92-a3df-572645e718a2-3216","trial_id":39,"param_name":"unified_gamma","param_value_internal":6.4141212250327575,"distribution":"{\"name\": \"FloatDistribution\", \"attributes\": {\"step\": null, \"low\": 1.5, \"high\": 10000.0, \"log\": true}}"}
{"op_code":8,"worker_id":"2555fce9-fbf6-4087-a0cd-133d792f2d0a-19068","trial_id":31,"user_attr":{"deflated_objective":0.23930190523830086}}
{"op_code":5,"worker_id":"0d107e49-b789-4a92-a3df-572645e718a2-3216","trial_id":39,"param_name":"huber_delta","param_value_internal":2.814478919348994,"distribution":"{\"name\": \"FloatDistribution\", \"attributes\": {\"step\": null, \"low\": 0.5, \"high\": 5.0, \"log\": false}}"}
{"op_code":8,"worker_id":"69d2e5ed-a769-490b-9d4f-8d7b555248eb-27448","trial_id":37,"user_attr":{"pruned_reasons":["M3 (Hit Rate < 60%)","M5 (Monotonicity <= 0.25)","Active features count (3) is less than active feature floor (5)","Side-specific Yearly Tail IC Mean (-0.2433 <= 0)","Side-specific Hit Rate (0.00% < 50%)","Yearly Daily Win Rate (44.35% < 45%)"]}}
{"op_code":8,"worker_id":"8c55a001-c5ba-4bc7-ab04-3d0ed75f2c81-16052","trial_id":29,"user_attr":{"pruned_reasons":["M3 (Hit Rate < 60%)","Side-specific Yearly Tail IC Mean (-0.0361 <= 0)","Side-specific Hit Rate (33.33% < 50%)"]}}
{"op_code":9,"worker_id":"2555fce9-fbf6-4087-a0cd-133d792f2d0a-19068","trial_id":31,"system_attr":{"constraints":[-0.1091740500348224,-0.10896822589349096,0.26666666666666666,-0.022727272727272763,-0.06567053326248116,0.0,0.0,0.028931901283173484,0.16666666666666669,-1394.7868983037076,-0.03907004830917876,-0.004232804232804255]}}
{"op_code":6,"worker_id":"2555fce9-fbf6-4087-a0cd-133d792f2d0a-19068","trial_id":31,"state":1,"values":[0.7405338604823726],"datetime_complete":"2026-07-14T11:40:10.803618"}
{"op_code":8,"worker_id":"8c55a001-c5ba-4bc7-ab04-3d0ed75f2c81-16052","trial_id":29,"user_attr":{"gini":0.40550209350702926}}
{"op_code":8,"worker_id":"8c55a001-c5ba-4bc7-ab04-3d0ed75f2c81-16052","trial_id":29,"user_attr":{"cv_is_ics":[0.17632152140140533,0.1638113260269165,0.1138974130153656,0.18275493383407593,0.18637998402118683,0.2000565081834793,0.16127297282218933,0.2110702395439148,0.20129476487636566,0.16650734841823578,0.22419840097427368,0.19353123009204865,0.16380590200424194,0.1766662895679474,0.18780755996704102]}}
{"op_code":8,"worker_id":"8c55a001-c5ba-4bc7-ab04-3d0ed75f2c81-16052","trial_id":29,"user_attr":{"cv_oos_ics":[-0.0355956107378006,0.17521445453166962,0.15773795545101166,0.05941789597272873,-0.03242172300815582,-0.004081550985574722,0.0069251530803740025,-0.026526831090450287,-0.019109493121504784,0.07415230572223663,0.060246262699365616,0.128905788064003,0.08734709024429321,0.06027212738990784,0.06167807802557945]}}
{"op_code":8,"worker_id":"8c55a001-c5ba-4bc7-ab04-3d0ed75f2c81-16052","trial_id":29,"user_attr":{"reg_kappa":3.4974849190950477}}
{"op_code":8,"worker_id":"8c55a001-c5ba-4bc7-ab04-3d0ed75f2c81-16052","trial_id":29,"user_attr":{"raw_metrics":[0.31619646665298645,0.11132591893812094,0.3333333333333333,0.10967152438565327,0.301010101010101,0.03528442708928373,-0.31029670140760535,-0.32109546661376953,0.4890700483091788]}}
{"op_code":8,"worker_id":"8c55a001-c5ba-4bc7-ab04-3d0ed75f2c81-16052","trial_id":29,"user_attr":{"val_metrics":[0.1335404490394154,0.0013482537412708717,0.696969696969697,0.34649784095585345,-4.987485029182315]}}
{"op_code":4,"worker_id":"b8727928-0471-4c76-adb1-c495304f2e96-19068","study_id":0,"datetime_start":"2026-07-14T11:40:10.811553"}
{"op_code":8,"worker_id":"8c55a001-c5ba-4bc7-ab04-3d0ed75f2c81-16052","trial_id":29,"user_attr":{"deflated_objective":0.18024050472833153}}
{"op_code":8,"worker_id":"69d2e5ed-a769-490b-9d4f-8d7b555248eb-27448","trial_id":37,"user_attr":{"gini":0.8402696864104942}}
{"op_code":5,"worker_id":"b8727928-0471-4c76-adb1-c495304f2e96-19068","trial_id":42,"param_name":"k_weight","param_value_internal":0.42175864924338224,"distribution":"{\"name\": \"FloatDistribution\", \"attributes\": {\"step\": null, \"low\": 0.0, \"high\": 1.5, \"log\": false}}"}
{"op_code":9,"worker_id":"8c55a001-c5ba-4bc7-ab04-3d0ed75f2c81-16052","trial_id":29,"system_attr":{"constraints":[-0.10967152438565327,-0.11132591893812094,0.26666666666666666,-0.051010101010101006,-0.03528442708928373,0.0,0.0,0.036102893284196295,0.16666666666666669,-1395.5270969900846,-0.03907004830917876,-0.004232804232804255]}}
{"op_code":8,"worker_id":"69d2e5ed-a769-490b-9d4f-8d7b555248eb-27448","trial_id":37,"user_attr":{"cv_is_ics":[0.17997850477695465,0.1818269044160843,0.11132697761058807,0.18367549777030945,0.15599291026592255,0.21296100318431854,0.1849055290222168,0.1891918182373047,0.1823238879442215,0.14830349385738373,0.19559773802757263,0.1733466535806656,0.13901802897453308,0.15028372406959534,0.17865195870399475]}}
{"op_code":5,"worker_id":"b8727928-0471-4c76-adb1-c495304f2e96-19068","trial_id":42,"param_name":"unified_alpha","param_value_internal":0.07355568142586047,"distribution":"{\"name\": \"FloatDistribution\", \"attributes\": {\"step\": null, \"low\": 1e-05, \"high\": 10.0, \"log\": true}}"}
{"op_code":8,"worker_id":"69d2e5ed-a769-490b-9d4f-8d7b555248eb-27448","trial_id":37,"user_attr":{"cv_oos_ics":[0.01117178238928318,0.13067394495010376,0.08617836236953735,0.15212063491344452,0.10517744719982147,0.09351642429828644,0.07910655438899994,0.039941027760505676,0.06664300709962845,0.19533514976501465,0.11310863494873047,0.1289462149143219,0.15876516699790955,0.0645192340016365,0.09299809485673904]}}
{"op_code":5,"worker_id":"b8727928-0471-4c76-adb1-c495304f2e96-19068","trial_id":42,"param_name":"unified_rho","param_value_internal":0.4365655610498419,"distribution":"{\"name\": \"FloatDistribution\", \"attributes\": {\"step\": null, \"low\": 0.0, \"high\": 1.0, \"log\": false}}"}
{"op_code":4,"worker_id":"a82a5763-b715-4c52-b438-3a0a16faabce-30084","study_id":0,"datetime_start":"2026-07-14T11:40:10.826909"}
{"op_code":5,"worker_id":"b8727928-0471-4c76-adb1-c495304f2e96-19068","trial_id":42,"param_name":"unified_gamma","param_value_internal":6.464184967379513,"distribution":"{\"name\": \"FloatDistribution\", \"attributes\": {\"step\": null, \"low\": 1.5, \"high\": 10000.0, \"log\": true}}"}
{"op_code":5,"worker_id":"a82a5763-b715-4c52-b438-3a0a16faabce-30084","trial_id":43,"param_name":"k_weight","param_value_internal":0.418734297919822,"distribution":"{\"name\": \"FloatDistribution\", \"attributes\": {\"step\": null, \"low\": 0.0, \"high\": 1.5, \"log\": false}}"}
{"op_code":5,"worker_id":"b8727928-0471-4c76-adb1-c495304f2e96-19068","trial_id":42,"param_name":"huber_delta","param_value_internal":2.6529888901747936,"distribution":"{\"name\": \"FloatDistribution\", \"attributes\": {\"step\": null, \"low\": 0.5, \"high\": 5.0, \"log\": false}}"}
{"op_code":8,"worker_id":"0d107e49-b789-4a92-a3df-572645e718a2-3216","trial_id":39,"user_attr":{"constraints":[-0.12606930265040175,-0.13526873236583728,0.26666666666666666,-0.05909090909090908,-0.35332476659547446,-48.0,-3.0,0.20480213383045318,0.16666666666666669,-1380.6102190055374,-0.07439613526570049,-0.08888888888888885]}}
{"op_code":8,"worker_id":"0d107e49-b789-4a92-a3df-572645e718a2-3216","trial_id":39,"user_attr":{"pruned_reasons":["M3 (Hit Rate < 60%)","Side-specific Yearly Tail IC Mean (-0.2048 <= 0)","Side-specific Hit Rate (33.33% < 50%)"]}}
{"op_code":8,"worker_id":"0d107e49-b789-4a92-a3df-572645e718a2-3216","trial_id":39,"user_attr":{"gini":0.6447842299779591}}
{"op_code":5,"worker_id":"8ca8ba92-26c1-465e-ac6d-d3102a472c04-4680","trial_id":41,"param_name":"k_weight","param_value_internal":0.45874120924965456,"distribution":"{\"name\": \"FloatDistribution\", \"attributes\": {\"step\": null, \"low\": 0.0, \"high\": 1.5, \"log\": false}}"}
{"op_code":5,"worker_id":"a82a5763-b715-4c52-b438-3a0a16faabce-30084","trial_id":43,"param_name":"unified_alpha","param_value_internal":0.04163006392881162,"distribution":"{\"name\": \"FloatDistribution\", \"attributes\": {\"step\": null, \"low\": 1e-05, \"high\": 10.0, \"log\": true}}"}
{"op_code":5,"worker_id":"795992d7-42d6-4644-bfb2-22c6ec3362a4-27064","trial_id":38,"param_name":"unified_alpha","param_value_internal":0.03573736353800834,"distribution":"{\"name\": \"FloatDistribution\", \"attributes\": {\"step\": null, \"low\": 1e-05, \"high\": 10.0, \"log\": true}}"}
{"op_code":5,"worker_id":"a82a5763-b715-4c52-b438-3a0a16faabce-30084","trial_id":43,"param_name":"unified_rho","param_value_internal":0.42818857169988933,"distribution":"{\"name\": \"FloatDistribution\", \"attributes\": {\"step\": null, \"low\": 0.0, \"high\": 1.0, \"log\": false}}"}
{"op_code":5,"worker_id":"8ca8ba92-26c1-465e-ac6d-d3102a472c04-4680","trial_id":41,"param_name":"unified_alpha","param_value_internal":0.05336320374366666,"distribution":"{\"name\": \"FloatDistribution\", \"attributes\": {\"step\": null, \"low\": 1e-05, \"high\": 10.0, \"log\": true}}"}
{"op_code":5,"worker_id":"a82a5763-b715-4c52-b438-3a0a16faabce-30084","trial_id":43,"param_name":"unified_gamma","param_value_internal":5.560210160374308,"distribution":"{\"name\": \"FloatDistribution\", \"attributes\": {\"step\": null, \"low\": 1.5, \"high\": 10000.0, \"log\": true}}"}
{"op_code":5,"worker_id":"8ca8ba92-26c1-465e-ac6d-d3102a472c04-4680","trial_id":41,"param_name":"unified_rho","param_value_internal":0.4345917163362105,"distribution":"{\"name\": \"FloatDistribution\", \"attributes\": {\"step\": null, \"low\": 0.0, \"high\": 1.0, \"log\": false}}"}
{"op_code":5,"worker_id":"795992d7-42d6-4644-bfb2-22c6ec3362a4-27064","trial_id":38,"param_name":"unified_rho","param_value_internal":0.43675936999525145,"distribution":"{\"name\": \"FloatDistribution\", \"attributes\": {\"step\": null, \"low\": 0.0, \"high\": 1.0, \"log\": false}}"}
{"op_code":5,"worker_id":"8ca8ba92-26c1-465e-ac6d-d3102a472c04-4680","trial_id":41,"param_name":"unified_gamma","param_value_internal":7.873935029499866,"distribution":"{\"name\": \"FloatDistribution\", \"attributes\": {\"step\": null, \"low\": 1.5, \"high\": 10000.0, \"log\": true}}"}
{"op_code":5,"worker_id":"795992d7-42d6-4644-bfb2-22c6ec3362a4-27064","trial_id":38,"param_name":"unified_gamma","param_value_internal":6.711122661776053,"distribution":"{\"name\": \"FloatDistribution\", \"attributes\": {\"step\": null, \"low\": 1.5, \"high\": 10000.0, \"log\": true}}"}
{"op_code":5,"worker_id":"8ca8ba92-26c1-465e-ac6d-d3102a472c04-4680","trial_id":41,"param_name":"huber_delta","param_value_internal":2.7186484764385797,"distribution":"{\"name\": \"FloatDistribution\", \"attributes\": {\"step\": null, \"low\": 0.5, \"high\": 5.0, \"log\": false}}"}
{"op_code":5,"worker_id":"795992d7-42d6-4644-bfb2-22c6ec3362a4-27064","trial_id":38,"param_name":"huber_delta","param_value_internal":2.7805732242735544,"distribution":"{\"name\": \"FloatDistribution\", \"attributes\": {\"step\": null, \"low\": 0.5, \"high\": 5.0, \"log\": false}}"}
{"op_code":5,"worker_id":"a82a5763-b715-4c52-b438-3a0a16faabce-30084","trial_id":43,"param_name":"huber_delta","param_value_internal":2.7520861418335976,"distribution":"{\"name\": \"FloatDistribution\", \"attributes\": {\"step\": null, \"low\": 0.5, \"high\": 5.0, \"log\": false}}"}
{"op_code":8,"worker_id":"b8727928-0471-4c76-adb1-c495304f2e96-19068","trial_id":42,"user_attr":{"constraints":[-0.12806412864491945,-0.16027981581774373,0.26666666666666666,-0.12373737373737376,-0.37742421530529063,-49.0,-3.0,0.24647176978057436,0.5,-1379.9627184311646,-0.10277777777777769,-0.08915343915343915]}}
{"op_code":8,"worker_id":"b8727928-0471-4c76-adb1-c495304f2e96-19068","trial_id":42,"user_attr":{"pruned_reasons":["M3 (Hit Rate < 60%)","Side-specific Yearly Tail IC Mean (-0.2465 <= 0)","Side-specific Hit Rate (0.00% < 50%)"]}}
{"op_code":8,"worker_id":"b8727928-0471-4c76-adb1-c495304f2e96-19068","trial_id":42,"user_attr":{"gini":0.6634593809806753}}
{"op_code":8,"worker_id":"b8727928-0471-4c76-adb1-c495304f2e96-19068","trial_id":42,"user_attr":{"cv_is_ics":[0.1953819990158081,0.19533103704452515,0.16508063673973083,0.19654567539691925,0.179610475897789,0.21439987421035767,0.20675277709960938,0.20607708394527435,0.22478504478931427,0.19550424814224243,0.20869117975234985,0.185013085603714,0.17441807687282562,0.18163205683231354,0.18519173562526703]}}
{"op_code":8,"worker_id":"b8727928-0471-4c76-adb1-c495304f2e96-19068","trial_id":42,"user_attr":{"cv_oos_ics":[-0.0052314759232103825,0.1849628984928131,0.14599186182022095,0.10873763263225555,0.031082089990377426,0.06527235358953476,0.06575153023004532,0.014600653201341629,0.03743123263120651,0.18310464918613434,0.10757936537265778,0.15923181176185608,0.11668914556503296,0.05121632292866707,0.10181573778390884]}}
{"op_code":8,"worker_id":"b8727928-0471-4c76-adb1-c495304f2e96-19068","trial_id":42,"user_attr":{"reg_kappa":3.2073140700561984}}
{"op_code":8,"worker_id":"b8727928-0471-4c76-adb1-c495304f2e96-19068","trial_id":42,"user_attr":{"raw_metrics":[0.4761133150786493,0.16027981581774373,0.3333333333333333,0.12806412864491945,0.37373737373737376,0.37742421530529063,-0.13899113271683713,-0.18087820708751678,0.5527777777777777]}}
{"op_code":8,"worker_id":"b8727928-0471-4c76-adb1-c495304f2e96-19068","trial_id":42,"user_attr":{"val_metrics":[0.12353484736178708,0.026395191498820192,0.6,0.2954726236065229,-4.848261971527771]}}
{"op_code":8,"worker_id":"b8727928-0471-4c76-adb1-c495304f2e96-19068","trial_id":42,"user_attr":{"deflated_objective":0.2348702704665146}}
{"op_code":6,"worker_id":"8c55a001-c5ba-4bc7-ab04-3d0ed75f2c81-16052","trial_id":29,"state":1,"values":[0.6643462421522299],"datetime_complete":"2026-07-14T11:40:10.823284"}
{"op_code":8,"worker_id":"8ca8ba92-26c1-465e-ac6d-d3102a472c04-4680","trial_id":41,"user_attr":{"constraints":[-0.11781311872311973,-0.1651744864088098,0.26666666666666666,-0.11969696969696969,-0.3256012764384133,-48.0,-3.0,0.1605492329005051,-0.16666666666666663,-1380.6248088057769,-0.08164251207729462,-0.07962962962962966]}}
{"op_code":8,"worker_id":"69d2e5ed-a769-490b-9d4f-8d7b555248eb-27448","trial_id":37,"user_attr":{"reg_kappa":2.8954154610009972}}
{"op_code":8,"worker_id":"8ca8ba92-26c1-465e-ac6d-d3102a472c04-4680","trial_id":41,"user_attr":{"pruned_reasons":["M3 (Hit Rate < 60%)","Side-specific Yearly Tail IC Mean (-0.1605 <= 0)"]}}
{"op_code":8,"worker_id":"69d2e5ed-a769-490b-9d4f-8d7b555248eb-27448","trial_id":37,"user_attr":{"raw_metrics":[0.39402848139995106,0.09979297019735767,0.3333333333333333,0.10375143862342255,0.2202020202020202,0.000185130176984738,-0.05097691625282018,-0.07418438047170639,0.44353864734299514]}}
{"op_code":4,"worker_id":"41afeecd-a2ee-40c8-818c-6b1b090682b8-16052","study_id":0,"datetime_start":"2026-07-14T11:40:10.898610"}
{"op_code":9,"worker_id":"b8727928-0471-4c76-adb1-c495304f2e96-19068","trial_id":42,"system_attr":{"constraints":[-0.12806412864491945,-0.16027981581774373,0.26666666666666666,-0.12373737373737376,-0.37742421530529063,-49.0,-3.0,0.24647176978057436,0.5,-1379.9627184311646,-0.10277777777777769,-0.08915343915343915]}}
{"op_code":8,"worker_id":"69d2e5ed-a769-490b-9d4f-8d7b555248eb-27448","trial_id":37,"user_attr":{"val_metrics":[0.14770118146472053,-0.02573084340829107,0.8666666666666667,0.4141052374492089,-7.168040983090687]}}
{"op_code":8,"worker_id":"8ca8ba92-26c1-465e-ac6d-d3102a472c04-4680","trial_id":41,"user_attr":{"gini":0.6200454624117784}}
{"op_code":8,"worker_id":"8ca8ba92-26c1-465e-ac6d-d3102a472c04-4680","trial_id":41,"user_attr":{"cv_is_ics":[0.196162611246109,0.19783508777618408,0.16812846064567566,0.19948817789554596,0.19707068800926208,0.21302591264247894,0.20604801177978516,0.2104691118001938,0.22808735072612762,0.1977769285440445,0.21991531550884247,0.19022224843502045,0.17665918171405792,0.20279765129089355,0.18983344733715057]}}
{"op_code":8,"worker_id":"69d2e5ed-a769-490b-9d4f-8d7b555248eb-27448","trial_id":37,"user_attr":{"deflated_objective":-0.6886013409879003}}
{"op_code":9,"worker_id":"69d2e5ed-a769-490b-9d4f-8d7b555248eb-27448","trial_id":37,"system_attr":{"constraints":[-0.10375143862342255,-0.09979297019735767,0.26666666666666666,0.029797979797979796,-0.000185130176984738,-55.0,2.0,0.24328991705199812,0.5,-1379.3458336234717,0.006461352657004871,-0.05105820105820108]}}
{"op_code":6,"worker_id":"69d2e5ed-a769-490b-9d4f-8d7b555248eb-27448","trial_id":37,"state":1,"values":[-0.20032200797224925],"datetime_complete":"2026-07-14T11:40:10.909399"}
{"op_code":8,"worker_id":"a82a5763-b715-4c52-b438-3a0a16faabce-30084","trial_id":43,"user_attr":{"constraints":[-0.11005809156799466,-0.1829364560912182,0.26666666666666666,-0.022727272727272707,-0.27517383388904987,-47.0,-5.0,0.06757960323399033,0.16666666666666669,-1379.807367528912,-0.07439613526570049,-0.07936507936507936]}}
{"op_code":8,"worker_id":"a82a5763-b715-4c52-b438-3a0a16faabce-30084","trial_id":43,"user_attr":{"pruned_reasons":["M3 (Hit Rate < 60%)","Side-specific Yearly Tail IC Mean (-0.0676 <= 0)","Side-specific Hit Rate (33.33% < 50%)"]}}
{"op_code":8,"worker_id":"a82a5763-b715-4c52-b438-3a0a16faabce-30084","trial_id":43,"user_attr":{"gini":0.5617650602050921}}
{"op_code":8,"worker_id":"a82a5763-b715-4c52-b438-3a0a16faabce-30084","trial_id":43,"user_attr":{"cv_is_ics":[0.1981004774570465,0.20059014856815338,0.1664135456085205,0.201190784573555,0.2004062831401825,0.21375036239624023,0.20614592730998993,0.21185287833213806,0.22633005678653717,0.1967243254184723,0.22459550201892853,0.2057223618030548,0.18476998805999756,0.20627205073833466,0.1912291795015335]}}
{"op_code":8,"worker_id":"a82a5763-b715-4c52-b438-3a0a16faabce-30084","trial_id":43,"user_attr":{"cv_oos_ics":[-0.00999076571315527,0.1929183453321457,0.14226177334785461,0.08391322195529938,-0.01709817908704281,0.047584909945726395,0.05504241958260536,0.003470214083790779,-0.0036769001744687557,0.12068726122379303,0.0670371949672699,0.15626133978366852,0.09689591825008392,0.04809023439884186,0.0832466334104538]}}
{"op_code":8,"worker_id":"a82a5763-b715-4c52-b438-3a0a16faabce-30084","trial_id":43,"user_attr":{"reg_kappa":3.3061120853457178}}
{"op_code":6,"worker_id":"b8727928-0471-4c76-adb1-c495304f2e96-19068","trial_id":42,"state":1,"values":[0.7193567104468336],"datetime_complete":"2026-07-14T11:40:10.902083"}
{"op_code":8,"worker_id":"a82a5763-b715-4c52-b438-3a0a16faabce-30084","trial_id":43,"user_attr":{"raw_metrics":[0.44052222243520167,0.1829364560912182,0.3333333333333333,0.11005809156799466,0.2727272727272727,0.27517383388904987,-0.17350984461726915,-0.21681800484657288,0.5243961352657005]}}
{"op_code":8,"worker_id":"a82a5763-b715-4c52-b438-3a0a16faabce-30084","trial_id":43,"user_attr":{"val_metrics":[0.11229098661170797,-0.10342091737892259,0.5393939393939394,0.2862619654585918,-4.440975757803645]}}
{"op_code":8,"worker_id":"8ca8ba92-26c1-465e-ac6d-d3102a472c04-4680","trial_id":41,"user_attr":{"cv_oos_ics":[-0.009547196328639984,0.18963314592838287,0.14506182074546814,0.09695442765951157,-0.015907874330878258,0.054594531655311584,0.055733613669872284,0.011715961620211601,0.007115743588656187,0.16884204745292664,0.08991710096597672,0.15833598375320435,0.1115790531039238,0.05300064757466316,0.09889419376850128]}}
{"op_code":8,"worker_id":"8ca8ba92-26c1-465e-ac6d-d3102a472c04-4680","trial_id":41,"user_attr":{"reg_kappa":3.270969850228995}}
{"op_code":8,"worker_id":"8ca8ba92-26c1-465e-ac6d-d3102a472c04-4680","trial_id":41,"user_attr":{"raw_metrics":[0.44856813339132307,0.1651744864088098,0.3333333333333333,0.11781311872311973,0.3696969696969697,0.3256012764384133,-0.14132022472667266,-0.2018047571182251,0.5316425120772946]}}
{"op_code":8,"worker_id":"8ca8ba92-26c1-465e-ac6d-d3102a472c04-4680","trial_id":41,"user_attr":{"val_metrics":[0.1115512094083424,-0.1208601968837364,0.40606060606060607,0.2974827975034714,-3.68713104929223]}}
{"op_code":8,"worker_id":"a82a5763-b715-4c52-b438-3a0a16faabce-30084","trial_id":43,"user_attr":{"deflated_objective":0.30072494854691967}}
{"op_code":9,"worker_id":"a82a5763-b715-4c52-b438-3a0a16faabce-30084","trial_id":43,"system_attr":{"constraints":[-0.11005809156799466,-0.1829364560912182,0.26666666666666666,-0.022727272727272707,-0.27517383388904987,-47.0,-5.0,0.06757960323399033,0.16666666666666669,-1379.807367528912,-0.07439613526570049,-0.07936507936507936]}}
{"op_code":8,"worker_id":"8ca8ba92-26c1-465e-ac6d-d3102a472c04-4680","trial_id":41,"user_attr":{"deflated_objective":0.5744957259096338}}
{"op_code":8,"worker_id":"795992d7-42d6-4644-bfb2-22c6ec3362a4-27064","trial_id":38,"user_attr":{"constraints":[-0.10971146469090114,-0.1797432537334828,0.26666666666666666,0.03383838383838386,-0.2886478351277933,-47.0,-5.0,0.06879451057070955,0.16666666666666669,-1379.9810259253907,-0.08134057971014491,-0.07936507936507936]}}
{"op_code":5,"worker_id":"41afeecd-a2ee-40c8-818c-6b1b090682b8-16052","trial_id":44,"param_name":"k_weight","param_value_internal":0.41819302114861934,"distribution":"{\"name\": \"FloatDistribution\", \"attributes\": {\"step\": null, \"low\": 0.0, \"high\": 1.5, \"log\": false}}"}
{"op_code":8,"worker_id":"795992d7-42d6-4644-bfb2-22c6ec3362a4-27064","trial_id":38,"user_attr":{"pruned_reasons":["M3 (Hit Rate < 60%)","M5 (Monotonicity <= 0.25)","Side-specific Yearly Tail IC Mean (-0.0688 <= 0)","Side-specific Hit Rate (33.33% < 50%)"]}}
{"op_code":9,"worker_id":"8ca8ba92-26c1-465e-ac6d-d3102a472c04-4680","trial_id":41,"system_attr":{"constraints":[-0.11781311872311973,-0.1651744864088098,0.26666666666666666,-0.11969696969696969,-0.3256012764384133,-48.0,-3.0,0.1605492329005051,-0.16666666666666663,-1380.6248088057769,-0.08164251207729462,-0.07962962962962966]}}
{"op_code":5,"worker_id":"41afeecd-a2ee-40c8-818c-6b1b090682b8-16052","trial_id":44,"param_name":"unified_alpha","param_value_internal":0.02795385667492842,"distribution":"{\"name\": \"FloatDistribution\", \"attributes\": {\"step\": null, \"low\": 1e-05, \"high\": 10.0, \"log\": true}}"}
{"op_code":6,"worker_id":"8ca8ba92-26c1-465e-ac6d-d3102a472c04-4680","trial_id":41,"state":1,"values":[1.104314620760248],"datetime_complete":"2026-07-14T11:40:10.941630"}
{"op_code":5,"worker_id":"41afeecd-a2ee-40c8-818c-6b1b090682b8-16052","trial_id":44,"param_name":"unified_rho","param_value_internal":0.4452651494864402,"distribution":"{\"name\": \"FloatDistribution\", \"attributes\": {\"step\": null, \"low\": 0.0, \"high\": 1.0, \"log\": false}}"}
{"op_code":8,"worker_id":"795992d7-42d6-4644-bfb2-22c6ec3362a4-27064","trial_id":38,"user_attr":{"gini":0.5461802325335074}}
{"op_code":4,"worker_id":"50d58864-1f37-4ff0-8444-ea9cf87236f1-27448","study_id":0,"datetime_start":"2026-07-14T11:40:10.915511"}
{"op_code":4,"worker_id":"3a948c1e-3fe9-4db4-80d9-4959b8cf8477-4680","study_id":0,"datetime_start":"2026-07-14T11:40:10.951669"}
{"op_code":5,"worker_id":"41afeecd-a2ee-40c8-818c-6b1b090682b8-16052","trial_id":44,"param_name":"unified_gamma","param_value_internal":5.958010599065777,"distribution":"{\"name\": \"FloatDistribution\", \"attributes\": {\"step\": null, \"low\": 1.5, \"high\": 10000.0, \"log\": true}}"}
{"op_code":5,"worker_id":"3a948c1e-3fe9-4db4-80d9-4959b8cf8477-4680","trial_id":46,"param_name":"k_weight","param_value_internal":0.010103844085689095,"distribution":"{\"name\": \"FloatDistribution\", \"attributes\": {\"step\": null, \"low\": 0.0, \"high\": 1.5, \"log\": false}}"}
{"op_code":5,"worker_id":"3a948c1e-3fe9-4db4-80d9-4959b8cf8477-4680","trial_id":46,"param_name":"unified_alpha","param_value_internal":0.0005389434768239386,"distribution":"{\"name\": \"FloatDistribution\", \"attributes\": {\"step\": null, \"low\": 1e-05, \"high\": 10.0, \"log\": true}}"}
{"op_code":8,"worker_id":"795992d7-42d6-4644-bfb2-22c6ec3362a4-27064","trial_id":38,"user_attr":{"cv_is_ics":[0.197666198015213,0.19812513887882233,0.16774548590183258,0.200212761759758,0.20111523568630219,0.2123154103755951,0.20519223809242249,0.2115430384874344,0.22654299437999725,0.19806285202503204,0.2252959907054901,0.20778372883796692,0.185031920671463,0.20771612226963043,0.1912379413843155]}}
{"op_code":5,"worker_id":"3a948c1e-3fe9-4db4-80d9-4959b8cf8477-4680","trial_id":46,"param_name":"unified_rho","param_value_internal":0.9985795434906726,"distribution":"{\"name\": \"FloatDistribution\", \"attributes\": {\"step\": null, \"low\": 0.0, \"high\": 1.0, \"log\": false}}"}
{"op_code":5,"worker_id":"50d58864-1f37-4ff0-8444-ea9cf87236f1-27448","trial_id":45,"param_name":"k_weight","param_value_internal":0.6655603367763521,"distribution":"{\"name\": \"FloatDistribution\", \"attributes\": {\"step\": null, \"low\": 0.0, \"high\": 1.5, \"log\": false}}"}
{"op_code":5,"worker_id":"3a948c1e-3fe9-4db4-80d9-4959b8cf8477-4680","trial_id":46,"param_name":"unified_gamma","param_value_internal":1707.989824626397,"distribution":"{\"name\": \"FloatDistribution\", \"attributes\": {\"step\": null, \"low\": 1.5, \"high\": 10000.0, \"log\": true}}"}
{"op_code":5,"worker_id":"50d58864-1f37-4ff0-8444-ea9cf87236f1-27448","trial_id":45,"param_name":"unified_alpha","param_value_internal":0.00042040506988152195,"distribution":"{\"name\": \"FloatDistribution\", \"attributes\": {\"step\": null, \"low\": 1e-05, \"high\": 10.0, \"log\": true}}"}
{"op_code":5,"worker_id":"3a948c1e-3fe9-4db4-80d9-4959b8cf8477-4680","trial_id":46,"param_name":"huber_delta","param_value_internal":4.389405132265038,"distribution":"{\"name\": \"FloatDistribution\", \"attributes\": {\"step\": null, \"low\": 0.5, \"high\": 5.0, \"log\": false}}"}
{"op_code":5,"worker_id":"50d58864-1f37-4ff0-8444-ea9cf87236f1-27448","trial_id":45,"param_name":"unified_rho","param_value_internal":0.9775120462101398,"distribution":"{\"name\": \"FloatDistribution\", \"attributes\": {\"step\": null, \"low\": 0.0, \"high\": 1.0, \"log\": false}}"}
{"op_code":8,"worker_id":"795992d7-42d6-4644-bfb2-22c6ec3362a4-27064","trial_id":38,"user_attr":{"cv_oos_ics":[-0.011562519706785679,0.19259588420391083,0.14318081736564636,0.08328476548194885,-0.01759810745716095,0.043494705110788345,0.05623549968004227,0.0037343597505241632,-0.00423092395067215,0.1179572269320488,0.06451819092035294,0.15273123979568481,0.0942588746547699,0.04500202089548111,0.08103816211223602]}}
{"op_code":8,"worker_id":"795992d7-42d6-4644-bfb2-22c6ec3362a4-27064","trial_id":38,"user_attr":{"reg_kappa":3.3285291283202594}}
{"op_code":8,"worker_id":"795992d7-42d6-4644-bfb2-22c6ec3362a4-27064","trial_id":38,"user_attr":{"raw_metrics":[0.43044320620091875,0.1797432537334828,0.3333333333333333,0.10971146469090114,0.21616161616161614,0.2886478351277933,-0.17430232261249223,-0.21976566314697266,0.5313405797101449]}}
{"op_code":8,"worker_id":"795992d7-42d6-4644-bfb2-22c6ec3362a4-27064","trial_id":38,"user_attr":{"val_metrics":[0.11325365881190443,-0.0973294204299118,0.4909090909090909,0.2862619654585918,-4.386879526673909]}}
{"op_code":8,"worker_id":"795992d7-42d6-4644-bfb2-22c6ec3362a4-27064","trial_id":38,"user_attr":{"deflated_objective":0.323828214053256}}
{"op_code":9,"worker_id":"795992d7-42d6-4644-bfb2-22c6ec3362a4-27064","trial_id":38,"system_attr":{"constraints":[-0.10971146469090114,-0.1797432537334828,0.26666666666666666,0.03383838383838386,-0.2886478351277933,-47.0,-5.0,0.06879451057070955,0.16666666666666669,-1379.9810259253907,-0.08134057971014491,-0.07936507936507936]}}
{"op_code":6,"worker_id":"795992d7-42d6-4644-bfb2-22c6ec3362a4-27064","trial_id":38,"state":1,"values":[0.8424826338404937],"datetime_complete":"2026-07-14T11:40:10.982912"}
{"op_code":5,"worker_id":"50d58864-1f37-4ff0-8444-ea9cf87236f1-27448","trial_id":45,"param_name":"unified_gamma","param_value_internal":9163.45044959993,"distribution":"{\"name\": \"FloatDistribution\", \"attributes\": {\"step\": null, \"low\": 1.5, \"high\": 10000.0, \"log\": true}}"}
{"op_code":5,"worker_id":"41afeecd-a2ee-40c8-818c-6b1b090682b8-16052","trial_id":44,"param_name":"huber_delta","param_value_internal":2.780469243852466,"distribution":"{\"name\": \"FloatDistribution\", \"attributes\": {\"step\": null, \"low\": 0.5, \"high\": 5.0, \"log\": false}}"}
{"op_code":5,"worker_id":"50d58864-1f37-4ff0-8444-ea9cf87236f1-27448","trial_id":45,"param_name":"huber_delta","param_value_internal":4.354900659222861,"distribution":"{\"name\": \"FloatDistribution\", \"attributes\": {\"step\": null, \"low\": 0.5, \"high\": 5.0, \"log\": false}}"}
{"op_code":4,"worker_id":"0cd98439-3174-4dab-af72-205409dd6544-27064","study_id":0,"datetime_start":"2026-07-14T11:40:10.992427"}
{"op_code":5,"worker_id":"0cd98439-3174-4dab-af72-205409dd6544-27064","trial_id":47,"param_name":"k_weight","param_value_internal":0.6932372612506734,"distribution":"{\"name\": \"FloatDistribution\", \"attributes\": {\"step\": null, \"low\": 0.0, \"high\": 1.5, \"log\": false}}"}
{"op_code":5,"worker_id":"0cd98439-3174-4dab-af72-205409dd6544-27064","trial_id":47,"param_name":"unified_alpha","param_value_internal":0.0006588108631459888,"distribution":"{\"name\": \"FloatDistribution\", \"attributes\": {\"step\": null, \"low\": 1e-05, \"high\": 10.0, \"log\": true}}"}
{"op_code":5,"worker_id":"0cd98439-3174-4dab-af72-205409dd6544-27064","trial_id":47,"param_name":"unified_rho","param_value_internal":0.16112488735803682,"distribution":"{\"name\": \"FloatDistribution\", \"attributes\": {\"step\": null, \"low\": 0.0, \"high\": 1.0, \"log\": false}}"}
{"op_code":5,"worker_id":"0cd98439-3174-4dab-af72-205409dd6544-27064","trial_id":47,"param_name":"unified_gamma","param_value_internal":14.56527680242866,"distribution":"{\"name\": \"FloatDistribution\", \"attributes\": {\"step\": null, \"low\": 1.5, \"high\": 10000.0, \"log\": true}}"}
{"op_code":5,"worker_id":"0cd98439-3174-4dab-af72-205409dd6544-27064","trial_id":47,"param_name":"huber_delta","param_value_internal":4.388901691772651,"distribution":"{\"name\": \"FloatDistribution\", \"attributes\": {\"step\": null, \"low\": 0.5, \"high\": 5.0, \"log\": false}}"}
{"op_code":8,"worker_id":"3a948c1e-3fe9-4db4-80d9-4959b8cf8477-4680","trial_id":46,"user_attr":{"constraints":[-0.10588717004983357,-0.05039156693709355,0.26666666666666666,0.09848484848484848,-0.3318785761230162,-50.0,-8.0,0.1886832210361622,0.16666666666666669,-1377.0011260987344,-0.06714975845410626,-0.05185185185185187]}}
{"op_code":8,"worker_id":"3a948c1e-3fe9-4db4-80d9-4959b8cf8477-4680","trial_id":46,"user_attr":{"pruned_reasons":["M3 (Hit Rate < 60%)","M5 (Monotonicity <= 0.25)","Side-specific Yearly Tail IC Mean (-0.1887 <= 0)","Side-specific Hit Rate (33.33% < 50%)"]}}
{"op_code":8,"worker_id":"3a948c1e-3fe9-4db4-80d9-4959b8cf8477-4680","trial_id":46,"user_attr":{"gini":0.45077899253397913}}
{"op_code":8,"worker_id":"3a948c1e-3fe9-4db4-80d9-4959b8cf8477-4680","trial_id":46,"user_attr":{"cv_is_ics":[0.17916733026504517,0.19305327534675598,0.17262977361679077,0.19799067080020905,0.20019927620887756,0.20255187153816223,0.1926366239786148,0.2153649479150772,0.2205757051706314,0.19143183529376984,0.2299092411994934,0.21156378090381622,0.18691863119602203,0.1962420642375946,0.2002279907464981]}}
{"op_code":8,"worker_id":"3a948c1e-3fe9-4db4-80d9-4959b8cf8477-4680","trial_id":46,"user_attr":{"cv_oos_ics":[-0.014753356575965881,0.17039163410663605,0.15093155205249786,0.08071593195199966,-0.009606837294995785,0.0022745016030967236,0.044047143310308456,-0.02331526018679142,-0.022321099415421486,0.08652995526790619,0.01893475651741028,0.12505865097045898,0.06107461825013161,0.0773254781961441,0.07002828270196915]}}
{"op_code":8,"worker_id":"3a948c1e-3fe9-4db4-80d9-4959b8cf8477-4680","trial_id":46,"user_attr":{"reg_kappa":3.4511253355916582}}
{"op_code":8,"worker_id":"3a948c1e-3fe9-4db4-80d9-4959b8cf8477-4680","trial_id":46,"user_attr":{"raw_metrics":[0.19353034391539253,0.05039156693709355,0.3333333333333333,0.10588717004983357,0.15151515151515152,0.3318785761230162,-0.20314167297385247,-0.18504223227500916,0.5171497584541063]}}
{"op_code":8,"worker_id":"8a62b79d-b146-4186-97f3-38765bef70f9-31524","trial_id":26,"user_attr":{"raw_metrics":[-1.1775291289292862,-0.11820388805511305,0.0,-0.08241004915106029,-0.3717171717171717,-0.24431065089766676,-0.0,-0.0,0.3745772946859904]}}
{"op_code":8,"worker_id":"82b90f59-2933-454b-a4a2-eddd4120dece-6576","trial_id":36,"user_attr":{"pruned_reasons":["M3 (Hit Rate < 60%)","Side-specific Yearly Tail IC Mean (-0.1636 <= 0)","Side-specific Hit Rate (33.33% < 50%)"]}}
{"op_code":8,"worker_id":"8a62b79d-b146-4186-97f3-38765bef70f9-31524","trial_id":26,"user_attr":{"val_metrics":[0.0,0.0,-0.10303030303030303,-0.37352883610874416,-6.50669077376514]}}
{"op_code":8,"worker_id":"82b90f59-2933-454b-a4a2-eddd4120dece-6576","trial_id":36,"user_attr":{"gini":0.6403475531955767}}
{"op_code":8,"worker_id":"82b90f59-2933-454b-a4a2-eddd4120dece-6576","trial_id":36,"user_attr":{"cv_is_ics":[0.19628138840198517,0.19742877781391144,0.1685987114906311,0.19721166789531708,0.19670796394348145,0.21453125774860382,0.20769287645816803,0.20910733938217163,0.22672434151172638,0.19496534764766693,0.2227260321378708,0.18940046429634094,0.1780775487422943,0.20130451023578644,0.18595558404922485]}}
{"op_code":8,"worker_id":"8a62b79d-b146-4186-97f3-38765bef70f9-31524","trial_id":26,"user_attr":{"deflated_objective":-0.553489345669268}}
{"op_code":8,"worker_id":"3a948c1e-3fe9-4db4-80d9-4959b8cf8477-4680","trial_id":46,"user_attr":{"val_metrics":[0.10569070193069117,0.125888950603038,0.4909090909090909,0.42312317200005056,-5.226242592920735]}}
{"op_code":9,"worker_id":"8a62b79d-b146-4186-97f3-38765bef70f9-31524","trial_id":26,"system_attr":{"constraints":[0.08241004915106029,0.11820388805511305,0.6,0.6217171717171717,0.24431065089766676,0.0,0.0,0.14143066993681,0.5,-1428.3154790347917,0.07542270531400963,0.06269841269841275]}}
{"op_code":8,"worker_id":"82b90f59-2933-454b-a4a2-eddd4120dece-6576","trial_id":36,"user_attr":{"cv_oos_ics":[-0.007742100395262241,0.19713194668293,0.14553289115428925,0.10903259366750717,-0.025081874802708626,0.06228260695934296,0.06226253882050514,0.012106677517294884,0.0047416649758815765,0.1805022954940796,0.09357766807079315,0.15302276611328125,0.11104195564985275,0.053478922694921494,0.09486030787229538]}}
{"op_code":8,"worker_id":"50d58864-1f37-4ff0-8444-ea9cf87236f1-27448","trial_id":45,"user_attr":{"constraints":[-0.10607233162933903,-0.08602962167122334,0.26666666666666666,0.04191919191919191,-0.08178190676792375,-37.0,-8.0,0.05590961246770774,0.16666666666666669,-1385.5142817704782,-0.04631642512077294,-0.023015873015873045]}}
{"op_code":8,"worker_id":"3a948c1e-3fe9-4db4-80d9-4959b8cf8477-4680","trial_id":46,"user_attr":{"deflated_objective":0.09136548828935764}}
{"op_code":6,"worker_id":"8a62b79d-b146-4186-97f3-38765bef70f9-31524","trial_id":26,"state":1,"values":[-0.03722940201119238],"datetime_complete":"2026-07-14T11:40:11.034954"}
{"op_code":8,"worker_id":"82b90f59-2933-454b-a4a2-eddd4120dece-6576","trial_id":36,"user_attr":{"reg_kappa":3.2227841066641516}}
{"op_code":4,"worker_id":"754f9f83-64f8-4674-a113-a800fef5cd24-29612","study_id":0,"datetime_start":"2026-07-14T11:40:10.011332"}
{"op_code":9,"worker_id":"3a948c1e-3fe9-4db4-80d9-4959b8cf8477-4680","trial_id":46,"system_attr":{"constraints":[-0.10588717004983357,-0.05039156693709355,0.26666666666666666,0.09848484848484848,-0.3318785761230162,-50.0,-8.0,0.1886832210361622,0.16666666666666669,-1377.0011260987344,-0.06714975845410626,-0.05185185185185187]}}
{"op_code":6,"worker_id":"3a948c1e-3fe9-4db4-80d9-4959b8cf8477-4680","trial_id":46,"state":1,"values":[0.5952684600915435],"datetime_complete":"2026-07-14T11:40:11.045156"}
{"op_code":4,"worker_id":"82149dbf-aca0-4172-b85a-ad9c4ac55fae-12024","study_id":0,"datetime_start":"2026-07-14T11:40:10.016587"}
{"op_code":4,"worker_id":"3a948c1e-3fe9-4db4-80d9-4959b8cf8477-4680","study_id":0,"datetime_start":"2026-07-14T11:40:11.047782"}
{"op_code":5,"worker_id":"754f9f83-64f8-4674-a113-a800fef5cd24-29612","trial_id":48,"param_name":"k_weight","param_value_internal":0.607487824384082,"distribution":"{\"name\": \"FloatDistribution\", \"attributes\": {\"step\": null, \"low\": 0.0, \"high\": 1.5, \"log\": false}}"}
{"op_code":8,"worker_id":"82b90f59-2933-454b-a4a2-eddd4120dece-6576","trial_id":36,"user_attr":{"raw_metrics":[0.4854125802013912,0.1750322064184371,0.3333333333333333,0.12223318807257356,0.3333333333333333,0.3888760423744862,-0.13611975437390134,-0.19238826632499695,0.5382850241545893]}}
{"op_code":8,"worker_id":"0cd98439-3174-4dab-af72-205409dd6544-27064","trial_id":47,"user_attr":{"constraints":[-0.10746687939264483,-0.08191148968207246,0.26666666666666666,0.009595959595959602,-0.08893277454797338,-36.0,-8.0,0.07375201645176159,0.5,-1386.3190343820756,-0.04631642512077294,-0.023015873015873045]}}
{"op_code":5,"worker_id":"754f9f83-64f8-4674-a113-a800fef5cd24-29612","trial_id":48,"param_name":"unified_alpha","param_value_internal":0.01229961333780667,"distribution":"{\"name\": \"FloatDistribution\", \"attributes\": {\"step\": null, \"low\": 1e-05, \"high\": 10.0, \"log\": true}}"}
{"op_code":8,"worker_id":"82b90f59-2933-454b-a4a2-eddd4120dece-6576","trial_id":36,"user_attr":{"val_metrics":[0.11643691719066003,-0.10935066702753705,0.6242424242424243,0.35212434480587645,-3.8297726831665724]}}
{"op_code":5,"worker_id":"754f9f83-64f8-4674-a113-a800fef5cd24-29612","trial_id":48,"param_name":"unified_rho","param_value_internal":0.1555999094271447,"distribution":"{\"name\": \"FloatDistribution\", \"attributes\": {\"step\": null, \"low\": 0.0, \"high\": 1.0, \"log\": false}}"}
{"op_code":8,"worker_id":"0cd98439-3174-4dab-af72-205409dd6544-27064","trial_id":47,"user_attr":{"pruned_reasons":["M3 (Hit Rate < 60%)","M5 (Monotonicity <= 0.25)","Side-specific Yearly Tail IC Mean (-0.0738 <= 0)","Side-specific Hit Rate (0.00% < 50%)"]}}
{"op_code":5,"worker_id":"3a948c1e-3fe9-4db4-80d9-4959b8cf8477-4680","trial_id":50,"param_name":"k_weight","param_value_internal":0.6433565464247842,"distribution":"{\"name\": \"FloatDistribution\", \"attributes\": {\"step\": null, \"low\": 0.0, \"high\": 1.5, \"log\": false}}"}
{"op_code":5,"worker_id":"754f9f83-64f8-4674-a113-a800fef5cd24-29612","trial_id":48,"param_name":"unified_gamma","param_value_internal":11.79464521737819,"distribution":"{\"name\": \"FloatDistribution\", \"attributes\": {\"step\": null, \"low\": 1.5, \"high\": 10000.0, \"log\": true}}"}
{"op_code":5,"worker_id":"5a28d73b-5a67-45ec-a794-9a9418fe862a-18156","trial_id":12,"param_name":"k_weight","param_value_internal":0.32796757522080905,"distribution":"{\"name\": \"FloatDistribution\", \"attributes\": {\"step\": null, \"low\": 0.0, \"high\": 1.5, \"log\": false}}"}
{"op_code":8,"worker_id":"82b90f59-2933-454b-a4a2-eddd4120dece-6576","trial_id":36,"user_attr":{"deflated_objective":0.4841844556752697}}
{"op_code":6,"worker_id":"a82a5763-b715-4c52-b438-3a0a16faabce-30084","trial_id":43,"state":1,"values":[0.8231597602393929],"datetime_complete":"2026-07-14T11:40:10.934430"}
{"op_code":5,"worker_id":"754f9f83-64f8-4674-a113-a800fef5cd24-29612","trial_id":48,"param_name":"huber_delta","param_value_internal":3.1971551238167866,"distribution":"{\"name\": \"FloatDistribution\", \"attributes\": {\"step\": null, \"low\": 0.5, \"high\": 5.0, \"log\": false}}"}
{"op_code":5,"worker_id":"3a948c1e-3fe9-4db4-80d9-4959b8cf8477-4680","trial_id":50,"param_name":"unified_alpha","param_value_internal":0.014561609725083073,"distribution":"{\"name\": \"FloatDistribution\", \"attributes\": {\"step\": null, \"low\": 1e-05, \"high\": 10.0, \"log\": true}}"}
{"op_code":8,"worker_id":"0cd98439-3174-4dab-af72-205409dd6544-27064","trial_id":47,"user_attr":{"gini":0.42076275316465317}}
{"op_code":9,"worker_id":"82b90f59-2933-454b-a4a2-eddd4120dece-6576","trial_id":36,"system_attr":{"constraints":[-0.12223318807257356,-0.1750322064184371,0.26666666666666666,-0.08333333333333331,-0.3888760423744862,-50.0,-3.0,0.16355211881558815,0.16666666666666669,-1379.0726336789803,-0.08828502415458933,-0.08915343915343915]}}
{"op_code":5,"worker_id":"3a948c1e-3fe9-4db4-80d9-4959b8cf8477-4680","trial_id":50,"param_name":"unified_rho","param_value_internal":0.24932189816613354,"distribution":"{\"name\": \"FloatDistribution\", \"attributes\": {\"step\": null, \"low\": 0.0, \"high\": 1.0, \"log\": false}}"}
{"op_code":8,"worker_id":"0cd98439-3174-4dab-af72-205409dd6544-27064","trial_id":47,"user_attr":{"cv_is_ics":[0.17075826227664948,0.16268785297870636,0.11401895433664322,0.18452487885951996,0.18427160382270813,0.19519448280334473,0.15501686930656433,0.2123594433069229,0.2008819580078125,0.16339977085590363,0.22575074434280396,0.19997981190681458,0.16745765507221222,0.17872489988803864,0.18810613453388214]}}
{"op_code":5,"worker_id":"5a28d73b-5a67-45ec-a794-9a9418fe862a-18156","trial_id":12,"param_name":"unified_alpha","param_value_internal":1.543179043837076e-05,"distribution":"{\"name\": \"FloatDistribution\", \"attributes\": {\"step\": null, \"low\": 1e-05, \"high\": 10.0, \"log\": true}}"}
{"op_code":4,"worker_id":"afbe27b8-8557-4a70-b783-2780eb724011-30084","study_id":0,"datetime_start":"2026-07-14T11:40:11.076422"}
{"op_code":5,"worker_id":"5a28d73b-5a67-45ec-a794-9a9418fe862a-18156","trial_id":12,"param_name":"unified_rho","param_value_internal":0.2871252773397034,"distribution":"{\"name\": \"FloatDistribution\", \"attributes\": {\"step\": null, \"low\": 0.0, \"high\": 1.0, \"log\": false}}"}
{"op_code":8,"worker_id":"0cd98439-3174-4dab-af72-205409dd6544-27064","trial_id":47,"user_attr":{"cv_oos_ics":[-0.03842542693018913,0.17346473038196564,0.15745948255062103,0.06290684640407562,-0.027327220886945724,-0.007570129819214344,0.0084154037758708,-0.03095347248017788,-0.016016915440559387,0.0815654769539833,0.0511278472840786,0.12632471323013306,0.08921591192483902,0.056672096252441406,0.06425660848617554]}}
{"op_code":6,"worker_id":"82b90f59-2933-454b-a4a2-eddd4120dece-6576","trial_id":36,"state":1,"values":[1.0741685317524188],"datetime_complete":"2026-07-14T11:40:11.072973"}
{"op_code":8,"worker_id":"0cd98439-3174-4dab-af72-205409dd6544-27064","trial_id":47,"user_attr":{"reg_kappa":3.470642284184191}}
{"op_code":5,"worker_id":"5a28d73b-5a67-45ec-a794-9a9418fe862a-18156","trial_id":12,"param_name":"unified_gamma","param_value_internal":6.859124195171953,"distribution":"{\"name\": \"FloatDistribution\", \"attributes\": {\"step\": null, \"low\": 1.5, \"high\": 10000.0, \"log\": true}}"}
{"op_code":5,"worker_id":"5a28d73b-5a67-45ec-a794-9a9418fe862a-18156","trial_id":12,"param_name":"huber_delta","param_value_internal":1.8651937139528465,"distribution":"{\"name\": \"FloatDistribution\", \"attributes\": {\"step\": null, \"low\": 0.5, \"high\": 5.0, \"log\": false}}"}
{"op_code":5,"worker_id":"afbe27b8-8557-4a70-b783-2780eb724011-30084","trial_id":51,"param_name":"k_weight","param_value_internal":0.7208799228079421,"distribution":"{\"name\": \"FloatDistribution\", \"attributes\": {\"step\": null, \"low\": 0.0, \"high\": 1.5, \"log\": false}}"}
{"op_code":8,"worker_id":"0cd98439-3174-4dab-af72-205409dd6544-27064","trial_id":47,"user_attr":{"raw_metrics":[0.25671516274029355,0.08191148968207246,0.3333333333333333,0.10746687939264483,0.2404040404040404,0.08893277454797338,-0.2600085497806515,-0.2850700318813324,0.49631642512077295]}}
{"op_code":4,"worker_id":"1ad6cac4-2505-4822-81a9-b9bba933bd9c-6576","study_id":0,"datetime_start":"2026-07-14T11:40:11.089661"}
{"op_code":5,"worker_id":"afbe27b8-8557-4a70-b783-2780eb724011-30084","trial_id":51,"param_name":"unified_alpha","param_value_internal":0.008555657190910178,"distribution":"{\"name\": \"FloatDistribution\", \"attributes\": {\"step\": null, \"low\": 1e-05, \"high\": 10.0, \"log\": true}}"}
{"op_code":5,"worker_id":"1ad6cac4-2505-4822-81a9-b9bba933bd9c-6576","trial_id":52,"param_name":"k_weight","param_value_internal":0.6437276282180386,"distribution":"{\"name\": \"FloatDistribution\", \"attributes\": {\"step\": null, \"low\": 0.0, \"high\": 1.5, \"log\": false}}"}
{"op_code":5,"worker_id":"afbe27b8-8557-4a70-b783-2780eb724011-30084","trial_id":51,"param_name":"unified_rho","param_value_internal":0.20318595939770923,"distribution":"{\"name\": \"FloatDistribution\", \"attributes\": {\"step\": null, \"low\": 0.0, \"high\": 1.0, \"log\": false}}"}
{"op_code":5,"worker_id":"1ad6cac4-2505-4822-81a9-b9bba933bd9c-6576","trial_id":52,"param_name":"unified_alpha","param_value_internal":0.012123404837855602,"distribution":"{\"name\": \"FloatDistribution\", \"attributes\": {\"step\": null, \"low\": 1e-05, \"high\": 10.0, \"log\": true}}"}
{"op_code":5,"worker_id":"afbe27b8-8557-4a70-b783-2780eb724011-30084","trial_id":51,"param_name":"unified_gamma","param_value_internal":16.001565276533224,"distribution":"{\"name\": \"FloatDistribution\", \"attributes\": {\"step\": null, \"low\": 1.5, \"high\": 10000.0, \"log\": true}}"}
{"op_code":5,"worker_id":"1ad6cac4-2505-4822-81a9-b9bba933bd9c-6576","trial_id":52,"param_name":"unified_rho","param_value_internal":0.16437742899078872,"distribution":"{\"name\": \"FloatDistribution\", \"attributes\": {\"step\": null, \"low\": 0.0, \"high\": 1.0, \"log\": false}}"}
{"op_code":5,"worker_id":"afbe27b8-8557-4a70-b783-2780eb724011-30084","trial_id":51,"param_name":"huber_delta","param_value_internal":3.319884275362579,"distribution":"{\"name\": \"FloatDistribution\", \"attributes\": {\"step\": null, \"low\": 0.5, \"high\": 5.0, \"log\": false}}"}
{"op_code":8,"worker_id":"50d58864-1f37-4ff0-8444-ea9cf87236f1-27448","trial_id":45,"user_attr":{"pruned_reasons":["M3 (Hit Rate < 60%)","M5 (Monotonicity <= 0.25)","Side-specific Yearly Tail IC Mean (-0.0559 <= 0)","Side-specific Hit Rate (33.33% < 50%)"]}}
{"op_code":8,"worker_id":"754f9f83-64f8-4674-a113-a800fef5cd24-29612","trial_id":48,"user_attr":{"constraints":[-0.10604187874947829,-0.0923856676528119,0.26666666666666666,0.021717171717171718,-0.2617126442540599,-39.0,-8.0,0.021165814420794803,-0.16666666666666663,-1383.992729877277,-0.0529589371980676,-0.06111111111111106]}}
{"op_code":8,"worker_id":"50d58864-1f37-4ff0-8444-ea9cf87236f1-27448","trial_id":45,"user_attr":{"gini":0.42505046236355004}}
{"op_code":5,"worker_id":"3a948c1e-3fe9-4db4-80d9-4959b8cf8477-4680","trial_id":50,"param_name":"unified_gamma","param_value_internal":10.858103345753683,"distribution":"{\"name\": \"FloatDistribution\", \"attributes\": {\"step\": null, \"low\": 1.5, \"high\": 10000.0, \"log\": true}}"}
{"op_code":8,"worker_id":"754f9f83-64f8-4674-a113-a800fef5cd24-29612","trial_id":48,"user_attr":{"pruned_reasons":["M3 (Hit Rate < 60%)","M5 (Monotonicity <= 0.25)","Side-specific Yearly Tail IC Mean (-0.0212 <= 0)"]}}
{"op_code":8,"worker_id":"754f9f83-64f8-4674-a113-a800fef5cd24-29612","trial_id":48,"user_attr":{"gini":0.4213201489072105}}
{"op_code":5,"worker_id":"1ad6cac4-2505-4822-81a9-b9bba933bd9c-6576","trial_id":52,"param_name":"unified_gamma","param_value_internal":10.85151938000845,"distribution":"{\"name\": \"FloatDistribution\", \"attributes\": {\"step\": null, \"low\": 1.5, \"high\": 10000.0, \"log\": true}}"}
{"op_code":8,"worker_id":"754f9f83-64f8-4674-a113-a800fef5cd24-29612","trial_id":48,"user_attr":{"cv_is_ics":[0.18898190557956696,0.19336627423763275,0.15707215666770935,0.19052578508853912,0.20203638076782227,0.2086516171693802,0.19435787200927734,0.21351374685764313,0.22067581117153168,0.19048304855823517,0.2234508991241455,0.2136615514755249,0.17690812051296234,0.19766809046268463,0.19061540067195892]}}
{"op_code":8,"worker_id":"754f9f83-64f8-4674-a113-a800fef5cd24-29612","trial_id":48,"user_attr":{"cv_oos_ics":[-0.011689096689224243,0.18974676728248596,0.15243613719940186,0.05857041850686073,-0.015618955716490746,0.01493899617344141,0.037146203219890594,-0.01705830916762352,-0.016441090032458305,0.09334475547075272,0.046908941119909286,0.13934923708438873,0.08283352106809616,0.04778076335787773,0.06756444275379181]}}
{"op_code":8,"worker_id":"50d58864-1f37-4ff0-8444-ea9cf87236f1-27448","trial_id":45,"user_attr":{"cv_is_ics":[0.1726730912923813,0.165707066655159,0.11781276762485504,0.18460947275161743,0.1864788979291916,0.19805121421813965,0.15844862163066864,0.21200735867023468,0.20315314829349518,0.16656658053398132,0.2258887141942978,0.2022681087255478,0.16869910061359406,0.18054887652397156,0.18849143385887146]}}
{"op_code":4,"worker_id":"f4f5d9ae-3422-40d8-985d-e1dbe227e1c7-31524","study_id":0,"datetime_start":"2026-07-14T11:40:11.120685"}
{"op_code":8,"worker_id":"50d58864-1f37-4ff0-8444-ea9cf87236f1-27448","trial_id":45,"user_attr":{"cv_oos_ics":[-0.03567926213145256,0.17633332312107086,0.15723605453968048,0.062043964862823486,-0.027111884206533432,-0.007057230919599533,0.009210057556629181,-0.03075866587460041,-0.01778070256114006,0.08312796801328659,0.05143731087446213,0.12676943838596344,0.08595483005046844,0.05669373646378517,0.06394173204898834]}}
{"op_code":8,"worker_id":"754f9f83-64f8-4674-a113-a800fef5cd24-29612","trial_id":48,"user_attr":{"reg_kappa":3.399028087810853}}
{"op_code":8,"worker_id":"754f9f83-64f8-4674-a113-a800fef5cd24-29612","trial_id":48,"user_attr":{"raw_metrics":[0.29911260374640847,0.0923856676528119,0.3333333333333333,0.10604187874947829,0.22828282828282828,0.2617126442540599,-0.24758517289802429,-0.2592717409133911,0.5029589371980676]}}
{"op_code":8,"worker_id":"754f9f83-64f8-4674-a113-a800fef5cd24-29612","trial_id":48,"user_attr":{"val_metrics":[0.12176674220868951,-0.009736334386263562,0.5272727272727272,0.33590880446135996,-4.382081271387413]}}
{"op_code":8,"worker_id":"50d58864-1f37-4ff0-8444-ea9cf87236f1-27448","trial_id":45,"user_attr":{"reg_kappa":3.4724011213675796}}
{"op_code":5,"worker_id":"3a948c1e-3fe9-4db4-80d9-4959b8cf8477-4680","trial_id":50,"param_name":"huber_delta","param_value_internal":3.291957977022058,"distribution":"{\"name\": \"FloatDistribution\", \"attributes\": {\"step\": null, \"low\": 0.5, \"high\": 5.0, \"log\": false}}"}
{"op_code":8,"worker_id":"5a28d73b-5a67-45ec-a794-9a9418fe862a-18156","trial_id":12,"user_attr":{"constraints":[-0.07625073874219089,-0.09640690352333008,0.26666666666666666,0.021717171717171718,-0.3728470799281905,-46.0,-8.0,0.07827869886693416,0.16666666666666669,-1378.1674781432191,-0.08858695652173915,-0.09788359788359785]}}
{"op_code":8,"worker_id":"5a28d73b-5a67-45ec-a794-9a9418fe862a-18156","trial_id":12,"user_attr":{"pruned_reasons":["M3 (Hit Rate < 60%)","M5 (Monotonicity <= 0.25)","Side-specific Yearly Tail IC Mean (-0.0783 <= 0)","Side-specific Hit Rate (33.33% < 50%)"]}}
{"op_code":8,"worker_id":"5a28d73b-5a67-45ec-a794-9a9418fe862a-18156","trial_id":12,"user_attr":{"gini":0.42401508089075235}}
{"op_code":8,"worker_id":"5a28d73b-5a67-45ec-a794-9a9418fe862a-18156","trial_id":12,"user_attr":{"cv_is_ics":[0.20024025440216064,0.20271986722946167,0.1804898977279663,0.2017134577035904,0.20801007747650146,0.2137235552072525,0.21835365891456604,0.2182268649339676,0.2317124754190445,0.19947849214076996,0.2231140285730362,0.22400347888469696,0.19028951227664948,0.21400684118270874,0.20016753673553467]}}
{"op_code":8,"worker_id":"5a28d73b-5a67-45ec-a794-9a9418fe862a-18156","trial_id":12,"user_attr":{"cv_oos_ics":[0.005491233896464109,0.16936907172203064,0.11750714480876923,0.04931533336639404,-0.014311784878373146,0.042659349739551544,0.07544366270303726,-0.015548275783658028,-0.0046009947545826435,0.10536965727806091,0.020012475550174713,0.12993353605270386,0.060262370854616165,0.015210594050586224,0.06401964277029037]}}
{"op_code":8,"worker_id":"5a28d73b-5a67-45ec-a794-9a9418fe862a-18156","trial_id":12,"user_attr":{"reg_kappa":3.4539780030211547}}
{"op_code":8,"worker_id":"5a28d73b-5a67-45ec-a794-9a9418fe862a-18156","trial_id":12,"user_attr":{"raw_metrics":[0.2639382478364328,0.09640690352333008,0.3333333333333333,0.07625073874219089,0.22828282828282828,0.3728470799281905,-0.21745253591531336,-0.22971998155117035,0.5385869565217392]}}
{"op_code":8,"worker_id":"5a28d73b-5a67-45ec-a794-9a9418fe862a-18156","trial_id":12,"user_attr":{"val_metrics":[0.10508976363717148,0.06851382360004774,0.44242424242424244,0.4009291345626116,-4.793761273280889]}}
{"op_code":8,"worker_id":"afbe27b8-8557-4a70-b783-2780eb724011-30084","trial_id":51,"user_attr":{"constraints":[-0.10179743617242475,-0.11145365427429803,0.26666666666666666,0.0904040404040404,-0.16353791745946458,-36.0,-8.0,0.11237181179958344,0.16666666666666669,-1387.189376556415,-0.0529589371980676,-0.05185185185185187]}}
{"op_code":8,"worker_id":"afbe27b8-8557-4a70-b783-2780eb724011-30084","trial_id":51,"user_attr":{"pruned_reasons":["M3 (Hit Rate < 60%)","M5 (Monotonicity <= 0.25)","Side-specific Yearly Tail IC Mean (-0.1124 <= 0)","Side-specific Hit Rate (33.33% < 50%)"]}}
{"op_code":8,"worker_id":"afbe27b8-8557-4a70-b783-2780eb724011-30084","trial_id":51,"user_attr":{"gini":0.412348407876437}}
{"op_code":8,"worker_id":"afbe27b8-8557-4a70-b783-2780eb724011-30084","trial_id":51,"user_attr":{"cv_is_ics":[0.18430587649345398,0.18426650762557983,0.14571118354797363,0.18822261691093445,0.19915783405303955,0.20681031048297882,0.18605414032936096,0.212126687169075,0.21702852845191956,0.1856839656829834,0.22511546313762665,0.2093566507101059,0.17249777913093567,0.19339893758296967,0.19109031558036804]}}
{"op_code":8,"worker_id":"5a28d73b-5a67-45ec-a794-9a9418fe862a-18156","trial_id":12,"user_attr":{"deflated_objective":0.17493105318212376}}
{"op_code":8,"worker_id":"afbe27b8-8557-4a70-b783-2780eb724011-30084","trial_id":51,"user_attr":{"cv_oos_ics":[-0.01615450717508793,0.18832707405090332,0.15983137488365173,0.05764370039105415,-0.021303199231624603,0.012525989674031734,0.026831114664673805,-0.016835985705256462,-0.0155278155580163,0.08555718511343002,0.051923152059316635,0.14102385938167572,0.08665040880441666,0.05049891397356987,0.06374912708997726]}}
{"op_code":8,"worker_id":"afbe27b8-8557-4a70-b783-2780eb724011-30084","trial_id":51,"user_attr":{"reg_kappa":3.430187499981505}}
{"op_code":8,"worker_id":"afbe27b8-8557-4a70-b783-2780eb724011-30084","trial_id":51,"user_attr":{"raw_metrics":[0.3361009020108413,0.11145365427429803,0.3333333333333333,0.10179743617242475,0.1595959595959596,0.16353791745946458,-0.26436246883171216,-0.277402400970459,0.5029589371980676]}}
{"op_code":9,"worker_id":"5a28d73b-5a67-45ec-a794-9a9418fe862a-18156","trial_id":12,"system_attr":{"constraints":[-0.07625073874219089,-0.09640690352333008,0.26666666666666666,0.021717171717171718,-0.3728470799281905,-46.0,-8.0,0.07827869886693416,0.16666666666666669,-1378.1674781432191,-0.08858695652173915,-0.09788359788359785]}}
{"op_code":6,"worker_id":"5a28d73b-5a67-45ec-a794-9a9418fe862a-18156","trial_id":12,"state":1,"values":[0.7404023584539354],"datetime_complete":"2026-07-14T11:40:11.159998"}
{"op_code":8,"worker_id":"afbe27b8-8557-4a70-b783-2780eb724011-30084","trial_id":51,"user_attr":{"val_metrics":[0.12122769595931798,-0.013943330356665201,0.5515151515151515,0.2882093722869952,-4.646119505701499]}}
{"op_code":8,"worker_id":"50d58864-1f37-4ff0-8444-ea9cf87236f1-27448","trial_id":45,"user_attr":{"raw_metrics":[0.27175750002766574,0.08602962167122334,0.3333333333333333,0.10607233162933903,0.2080808080808081,0.08178190676792375,-0.255823026273366,-0.2788136899471283,0.49631642512077295]}}
{"op_code":8,"worker_id":"754f9f83-64f8-4674-a113-a800fef5cd24-29612","trial_id":48,"user_attr":{"deflated_objective":0.31647970666360015}}
{"op_code":8,"worker_id":"3a948c1e-3fe9-4db4-80d9-4959b8cf8477-4680","trial_id":50,"user_attr":{"constraints":[-0.10422921097308062,-0.12645507997104669,0.26666666666666666,0.09444444444444444,-0.189361533149537,-39.0,-7.0,0.06872831440538432,0.16666666666666669,-1384.9644882396808,-0.0529589371980676,-0.06111111111111106]}}
{"op_code":8,"worker_id":"3a948c1e-3fe9-4db4-80d9-4959b8cf8477-4680","trial_id":50,"user_attr":{"pruned_reasons":["M3 (Hit Rate < 60%)","M5 (Monotonicity <= 0.25)","Side-specific Yearly Tail IC Mean (-0.0687 <= 0)","Side-specific Hit Rate (33.33% < 50%)"]}}
{"op_code":8,"worker_id":"50d58864-1f37-4ff0-8444-ea9cf87236f1-27448","trial_id":45,"user_attr":{"val_metrics":[0.13172341571628177,-0.027636245514027075,0.5151515151515151,0.3929983662813902,-5.4297917066156955]}}
{"op_code":9,"worker_id":"754f9f83-64f8-4674-a113-a800fef5cd24-29612","trial_id":48,"system_attr":{"constraints":[-0.10604187874947829,-0.0923856676528119,0.26666666666666666,0.021717171717171718,-0.2617126442540599,-39.0,-8.0,0.021165814420794803,-0.16666666666666663,-1383.992729877277,-0.0529589371980676,-0.06111111111111106]}}
{"op_code":6,"worker_id":"754f9f83-64f8-4674-a113-a800fef5cd24-29612","trial_id":48,"state":1,"values":[0.8839268423444493],"datetime_complete":"2026-07-14T11:40:11.174848"}
{"op_code":8,"worker_id":"3a948c1e-3fe9-4db4-80d9-4959b8cf8477-4680","trial_id":50,"user_attr":{"gini":0.45117334996860436}}
{"op_code":8,"worker_id":"3a948c1e-3fe9-4db4-80d9-4959b8cf8477-4680","trial_id":50,"user_attr":{"cv_is_ics":[0.18673059344291687,0.18899011611938477,0.14965496957302094,0.19023163616657257,0.2010355442762375,0.20782525837421417,0.18993186950683594,0.21113865077495575,0.21910977363586426,0.18895703554153442,0.22474701702594757,0.2125077247619629,0.17559371888637543,0.19592991471290588,0.19129912555217743]}}
{"op_code":8,"worker_id":"3a948c1e-3fe9-4db4-80d9-4959b8cf8477-4680","trial_id":50,"user_attr":{"cv_oos_ics":[-0.016066454350948334,0.19106581807136536,0.15769723057746887,0.05989336222410202,-0.020757824182510376,0.015987517312169075,0.031319476664066315,-0.015765095129609108,-0.015168566256761551,0.08905763924121857,0.051096465438604355,0.13724267482757568,0.08551459014415741,0.04875895380973816,0.0661112517118454]}}
{"op_code":8,"worker_id":"3a948c1e-3fe9-4db4-80d9-4959b8cf8477-4680","trial_id":50,"user_attr":{"reg_kappa":3.397824077213776}}
{"op_code":8,"worker_id":"3a948c1e-3fe9-4db4-80d9-4959b8cf8477-4680","trial_id":50,"user_attr":{"raw_metrics":[0.366201165774236,0.12645507997104669,0.3333333333333333,0.10422921097308062,0.15555555555555556,0.189361533149537,-0.23315780255637464,-0.26526257395744324,0.5029589371980676]}}
{"op_code":8,"worker_id":"50d58864-1f37-4ff0-8444-ea9cf87236f1-27448","trial_id":45,"user_attr":{"deflated_objective":-0.10031112638795897}}
{"op_code":8,"worker_id":"3a948c1e-3fe9-4db4-80d9-4959b8cf8477-4680","trial_id":50,"user_attr":{"val_metrics":[0.11821798621786972,-0.017815562457257378,0.696969696969697,0.3411701635768016,-5.016643826607728]}}
{"op_code":5,"worker_id":"82149dbf-aca0-4172-b85a-ad9c4ac55fae-12024","trial_id":49,"param_name":"k_weight","param_value_internal":0.6001113528888692,"distribution":"{\"name\": \"FloatDistribution\", \"attributes\": {\"step\": null, \"low\": 0.0, \"high\": 1.5, \"log\": false}}"}
{"op_code":4,"worker_id":"f7c63caa-704a-41bf-ba6c-b9f92d100a4c-19068","study_id":0,"datetime_start":"2026-07-14T11:40:10.928195"}
{"op_code":9,"worker_id":"50d58864-1f37-4ff0-8444-ea9cf87236f1-27448","trial_id":45,"system_attr":{"constraints":[-0.10607233162933903,-0.08602962167122334,0.26666666666666666,0.04191919191919191,-0.08178190676792375,-37.0,-8.0,0.05590961246770774,0.16666666666666669,-1385.5142817704782,-0.04631642512077294,-0.023015873015873045]}}
{"op_code":5,"worker_id":"82149dbf-aca0-4172-b85a-ad9c4ac55fae-12024","trial_id":49,"param_name":"unified_alpha","param_value_internal":0.009316326488099172,"distribution":"{\"name\": \"FloatDistribution\", \"attributes\": {\"step\": null, \"low\": 1e-05, \"high\": 10.0, \"log\": true}}"}
{"op_code":6,"worker_id":"50d58864-1f37-4ff0-8444-ea9cf87236f1-27448","trial_id":45,"state":1,"values":[0.4574662499833149],"datetime_complete":"2026-07-14T11:40:11.192681"}
{"op_code":5,"worker_id":"82149dbf-aca0-4172-b85a-ad9c4ac55fae-12024","trial_id":49,"param_name":"unified_rho","param_value_internal":0.16354825907453635,"distribution":"{\"name\": \"FloatDistribution\", \"attributes\": {\"step\": null, \"low\": 0.0, \"high\": 1.0, \"log\": false}}"}
{"op_code":5,"worker_id":"f7c63caa-704a-41bf-ba6c-b9f92d100a4c-19068","trial_id":54,"param_name":"k_weight","param_value_internal":0.6600856833748556,"distribution":"{\"name\": \"FloatDistribution\", \"attributes\": {\"step\": null, \"low\": 0.0, \"high\": 1.5, \"log\": false}}"}
{"op_code":4,"worker_id":"50d58864-1f37-4ff0-8444-ea9cf87236f1-27448","study_id":0,"datetime_start":"2026-07-14T11:40:11.197247"}
{"op_code":8,"worker_id":"afbe27b8-8557-4a70-b783-2780eb724011-30084","trial_id":51,"user_attr":{"deflated_objective":0.2208999791125631}}
{"op_code":5,"worker_id":"50d58864-1f37-4ff0-8444-ea9cf87236f1-27448","trial_id":55,"param_name":"k_weight","param_value_internal":0.5811879053765017,"distribution":"{\"name\": \"FloatDistribution\", \"attributes\": {\"step\": null, \"low\": 0.0, \"high\": 1.5, \"log\": false}}"}
{"op_code":5,"worker_id":"f7c63caa-704a-41bf-ba6c-b9f92d100a4c-19068","trial_id":54,"param_name":"unified_alpha","param_value_internal":0.01398004735428263,"distribution":"{\"name\": \"FloatDistribution\", \"attributes\": {\"step\": null, \"low\": 1e-05, \"high\": 10.0, \"log\": true}}"}
{"op_code":5,"worker_id":"50d58864-1f37-4ff0-8444-ea9cf87236f1-27448","trial_id":55,"param_name":"unified_alpha","param_value_internal":0.00550251042026882,"distribution":"{\"name\": \"FloatDistribution\", \"attributes\": {\"step\": null, \"low\": 1e-05, \"high\": 10.0, \"log\": true}}"}
{"op_code":5,"worker_id":"f7c63caa-704a-41bf-ba6c-b9f92d100a4c-19068","trial_id":54,"param_name":"unified_rho","param_value_internal":0.15175916740020745,"distribution":"{\"name\": \"FloatDistribution\", \"attributes\": {\"step\": null, \"low\": 0.0, \"high\": 1.0, \"log\": false}}"}
{"op_code":5,"worker_id":"50d58864-1f37-4ff0-8444-ea9cf87236f1-27448","trial_id":55,"param_name":"unified_rho","param_value_internal":0.17074776619132737,"distribution":"{\"name\": \"FloatDistribution\", \"attributes\": {\"step\": null, \"low\": 0.0, \"high\": 1.0, \"log\": false}}"}
{"op_code":5,"worker_id":"f7c63caa-704a-41bf-ba6c-b9f92d100a4c-19068","trial_id":54,"param_name":"unified_gamma","param_value_internal":14.422754466470462,"distribution":"{\"name\": \"FloatDistribution\", \"attributes\": {\"step\": null, \"low\": 1.5, \"high\": 10000.0, \"log\": true}}"}
{"op_code":5,"worker_id":"50d58864-1f37-4ff0-8444-ea9cf87236f1-27448","trial_id":55,"param_name":"unified_gamma","param_value_internal":17.374167345342613,"distribution":"{\"name\": \"FloatDistribution\", \"attributes\": {\"step\": null, \"low\": 1.5, \"high\": 10000.0, \"log\": true}}"}
{"op_code":5,"worker_id":"f7c63caa-704a-41bf-ba6c-b9f92d100a4c-19068","trial_id":54,"param_name":"huber_delta","param_value_internal":3.4870479098780933,"distribution":"{\"name\": \"FloatDistribution\", \"attributes\": {\"step\": null, \"low\": 0.5, \"high\": 5.0, \"log\": false}}"}
{"op_code":5,"worker_id":"50d58864-1f37-4ff0-8444-ea9cf87236f1-27448","trial_id":55,"param_name":"huber_delta","param_value_internal":3.388620902219684,"distribution":"{\"name\": \"FloatDistribution\", \"attributes\": {\"step\": null, \"low\": 0.5, \"high\": 5.0, \"log\": false}}"}
{"op_code":9,"worker_id":"afbe27b8-8557-4a70-b783-2780eb724011-30084","trial_id":51,"system_attr":{"constraints":[-0.10179743617242475,-0.11145365427429803,0.26666666666666666,0.0904040404040404,-0.16353791745946458,-36.0,-8.0,0.11237181179958344,0.16666666666666669,-1387.189376556415,-0.0529589371980676,-0.05185185185185187]}}
{"op_code":8,"worker_id":"0cd98439-3174-4dab-af72-205409dd6544-27064","trial_id":47,"user_attr":{"val_metrics":[0.13388838269300507,-0.04385096144854697,0.5151515151515151,0.3929983662813902,-5.464646611038939]}}
{"op_code":8,"worker_id":"3a948c1e-3fe9-4db4-80d9-4959b8cf8477-4680","trial_id":50,"user_attr":{"deflated_objective":0.09723670499305404}}
{"op_code":6,"worker_id":"afbe27b8-8557-4a70-b783-2780eb724011-30084","trial_id":51,"state":1,"values":[0.7789990880404523],"datetime_complete":"2026-07-14T11:40:11.224062"}
{"op_code":9,"worker_id":"3a948c1e-3fe9-4db4-80d9-4959b8cf8477-4680","trial_id":50,"system_attr":{"constraints":[-0.10422921097308062,-0.12645507997104669,0.26666666666666666,0.09444444444444444,-0.189361533149537,-39.0,-7.0,0.06872831440538432,0.16666666666666669,-1384.9644882396808,-0.0529589371980676,-0.06111111111111106]}}
{"op_code":8,"worker_id":"0cd98439-3174-4dab-af72-205409dd6544-27064","trial_id":47,"user_attr":{"deflated_objective":-0.09814269467452252}}
{"op_code":4,"worker_id":"afbe27b8-8557-4a70-b783-2780eb724011-30084","study_id":0,"datetime_start":"2026-07-14T11:40:11.227857"}
{"op_code":9,"worker_id":"0cd98439-3174-4dab-af72-205409dd6544-27064","trial_id":47,"system_attr":{"constraints":[-0.10746687939264483,-0.08191148968207246,0.26666666666666666,0.009595959595959602,-0.08893277454797338,-36.0,-8.0,0.07375201645176159,0.5,-1386.3190343820756,-0.04631642512077294,-0.023015873015873045]}}
{"op_code":6,"worker_id":"3a948c1e-3fe9-4db4-80d9-4959b8cf8477-4680","trial_id":50,"state":1,"values":[0.6434849504225848],"datetime_complete":"2026-07-14T11:40:11.228787"}
{"op_code":5,"worker_id":"82149dbf-aca0-4172-b85a-ad9c4ac55fae-12024","trial_id":49,"param_name":"unified_gamma","param_value_internal":17.140282917426642,"distribution":"{\"name\": \"FloatDistribution\", \"attributes\": {\"step\": null, \"low\": 1.5, \"high\": 10000.0, \"log\": true}}"}
{"op_code":5,"worker_id":"afbe27b8-8557-4a70-b783-2780eb724011-30084","trial_id":56,"param_name":"k_weight","param_value_internal":1.0963009690256547,"distribution":"{\"name\": \"FloatDistribution\", \"attributes\": {\"step\": null, \"low\": 0.0, \"high\": 1.5, \"log\": false}}"}
{"op_code":6,"worker_id":"0cd98439-3174-4dab-af72-205409dd6544-27064","trial_id":47,"state":1,"values":[0.4372548985399032],"datetime_complete":"2026-07-14T11:40:11.234043"}
{"op_code":5,"worker_id":"afbe27b8-8557-4a70-b783-2780eb724011-30084","trial_id":56,"param_name":"unified_alpha","param_value_internal":3.7902073079230795e-05,"distribution":"{\"name\": \"FloatDistribution\", \"attributes\": {\"step\": null, \"low\": 1e-05, \"high\": 10.0, \"log\": true}}"}
{"op_code":4,"worker_id":"0cd98439-3174-4dab-af72-205409dd6544-27064","study_id":0,"datetime_start":"2026-07-14T11:40:11.240151"}
{"op_code":5,"worker_id":"afbe27b8-8557-4a70-b783-2780eb724011-30084","trial_id":56,"param_name":"unified_rho","param_value_internal":0.7040924933672582,"distribution":"{\"name\": \"FloatDistribution\", \"attributes\": {\"step\": null, \"low\": 0.0, \"high\": 1.0, \"log\": false}}"}
{"op_code":5,"worker_id":"0cd98439-3174-4dab-af72-205409dd6544-27064","trial_id":57,"param_name":"k_weight","param_value_internal":1.1418779843702882,"distribution":"{\"name\": \"FloatDistribution\", \"attributes\": {\"step\": null, \"low\": 0.0, \"high\": 1.5, \"log\": false}}"}
{"op_code":5,"worker_id":"afbe27b8-8557-4a70-b783-2780eb724011-30084","trial_id":56,"param_name":"unified_gamma","param_value_internal":14.209219788017418,"distribution":"{\"name\": \"FloatDistribution\", \"attributes\": {\"step\": null, \"low\": 1.5, \"high\": 10000.0, \"log\": true}}"}
{"op_code":4,"worker_id":"d88103a0-946d-49f2-bb15-cf5b90d6912e-18156","study_id":0,"datetime_start":"2026-07-14T11:40:11.246885"}
{"op_code":4,"worker_id":"9267fdbc-0526-471c-9cc2-664bbb222d6f-4680","study_id":0,"datetime_start":"2026-07-14T11:40:11.243788"}
{"op_code":5,"worker_id":"afbe27b8-8557-4a70-b783-2780eb724011-30084","trial_id":56,"param_name":"huber_delta","param_value_internal":3.4420109441830156,"distribution":"{\"name\": \"FloatDistribution\", \"attributes\": {\"step\": null, \"low\": 0.5, \"high\": 5.0, \"log\": false}}"}
{"op_code":5,"worker_id":"9267fdbc-0526-471c-9cc2-664bbb222d6f-4680","trial_id":59,"param_name":"k_weight","param_value_internal":1.114188752318138,"distribution":"{\"name\": \"FloatDistribution\", \"attributes\": {\"step\": null, \"low\": 0.0, \"high\": 1.5, \"log\": false}}"}
{"op_code":5,"worker_id":"9267fdbc-0526-471c-9cc2-664bbb222d6f-4680","trial_id":59,"param_name":"unified_alpha","param_value_internal":4.230103959252975e-05,"distribution":"{\"name\": \"FloatDistribution\", \"attributes\": {\"step\": null, \"low\": 1e-05, \"high\": 10.0, \"log\": true}}"}
{"op_code":8,"worker_id":"f7c63caa-704a-41bf-ba6c-b9f92d100a4c-19068","trial_id":54,"user_attr":{"constraints":[-0.10136267166331292,-0.12204130583800543,0.26666666666666666,0.07020202020202018,-0.19261441690172407,-37.0,-8.0,0.0668236654440739,0.16666666666666669,-1385.43807102242,-0.0529589371980676,-0.05185185185185187]}}
{"op_code":5,"worker_id":"9267fdbc-0526-471c-9cc2-664bbb222d6f-4680","trial_id":59,"param_name":"unified_rho","param_value_internal":0.12176935848941578,"distribution":"{\"name\": \"FloatDistribution\", \"attributes\": {\"step\": null, \"low\": 0.0, \"high\": 1.0, \"log\": false}}"}
{"op_code":8,"worker_id":"50d58864-1f37-4ff0-8444-ea9cf87236f1-27448","trial_id":55,"user_attr":{"constraints":[-0.10753909241578778,-0.09005103622269821,0.26666666666666666,0.0904040404040404,-0.3043146696404198,-40.0,-8.0,0.019130569566852957,-0.16666666666666663,-1383.2747413407965,-0.06714975845410626,-0.06111111111111106]}}
{"op_code":4,"worker_id":"13997d5a-a4a3-4277-859a-04051364e4b1-29612","study_id":0,"datetime_start":"2026-07-14T11:40:11.260165"}
{"op_code":8,"worker_id":"f7c63caa-704a-41bf-ba6c-b9f92d100a4c-19068","trial_id":54,"user_attr":{"pruned_reasons":["M3 (Hit Rate < 60%)","M5 (Monotonicity <= 0.25)","Side-specific Yearly Tail IC Mean (-0.0668 <= 0)","Side-specific Hit Rate (33.33% < 50%)"]}}
{"op_code":5,"worker_id":"13997d5a-a4a3-4277-859a-04051364e4b1-29612","trial_id":60,"param_name":"k_weight","param_value_internal":1.097424729349728,"distribution":"{\"name\": \"FloatDistribution\", \"attributes\": {\"step\": null, \"low\": 0.0, \"high\": 1.5, \"log\": false}}"}
{"op_code":8,"worker_id":"50d58864-1f37-4ff0-8444-ea9cf87236f1-27448","trial_id":55,"user_attr":{"pruned_reasons":["M3 (Hit Rate < 60%)","M5 (Monotonicity <= 0.25)","Side-specific Yearly Tail IC Mean (-0.0191 <= 0)"]}}
{"op_code":8,"worker_id":"f7c63caa-704a-41bf-ba6c-b9f92d100a4c-19068","trial_id":54,"user_attr":{"gini":0.42655566452123694}}
{"op_code":5,"worker_id":"d88103a0-946d-49f2-bb15-cf5b90d6912e-18156","trial_id":58,"param_name":"k_weight","param_value_internal":1.1129406483841966,"distribution":"{\"name\": \"FloatDistribution\", \"attributes\": {\"step\": null, \"low\": 0.0, \"high\": 1.5, \"log\": false}}"}
{"op_code":8,"worker_id":"f7c63caa-704a-41bf-ba6c-b9f92d100a4c-19068","trial_id":54,"user_attr":{"cv_is_ics":[0.18299683928489685,0.1843961924314499,0.14446552097797394,0.1880464255809784,0.19830478727817535,0.20728109776973724,0.1851920187473297,0.2128273993730545,0.21696217358112335,0.1855311542749405,0.2257862538099289,0.20979852974414825,0.17231756448745728,0.19428516924381256,0.19019535183906555]}}
{"op_code":5,"worker_id":"13997d5a-a4a3-4277-859a-04051364e4b1-29612","trial_id":60,"param_name":"unified_alpha","param_value_internal":5.5812305368027665e-05,"distribution":"{\"name\": \"FloatDistribution\", \"attributes\": {\"step\": null, \"low\": 1e-05, \"high\": 10.0, \"log\": true}}"}
{"op_code":5,"worker_id":"d88103a0-946d-49f2-bb15-cf5b90d6912e-18156","trial_id":58,"param_name":"unified_alpha","param_value_internal":6.473451882347602e-05,"distribution":"{\"name\": \"FloatDistribution\", \"attributes\": {\"step\": null, \"low\": 1e-05, \"high\": 10.0, \"log\": true}}"}
{"op_code":5,"worker_id":"13997d5a-a4a3-4277-859a-04051364e4b1-29612","trial_id":60,"param_name":"unified_rho","param_value_internal":0.11358651581528839,"distribution":"{\"name\": \"FloatDistribution\", \"attributes\": {\"step\": null, \"low\": 0.0, \"high\": 1.0, \"log\": false}}"}
{"op_code":5,"worker_id":"d88103a0-946d-49f2-bb15-cf5b90d6912e-18156","trial_id":58,"param_name":"unified_rho","param_value_internal":0.10298657193648858,"distribution":"{\"name\": \"FloatDistribution\", \"attributes\": {\"step\": null, \"low\": 0.0, \"high\": 1.0, \"log\": false}}"}
{"op_code":5,"worker_id":"9267fdbc-0526-471c-9cc2-664bbb222d6f-4680","trial_id":59,"param_name":"unified_gamma","param_value_internal":156.86236985849936,"distribution":"{\"name\": \"FloatDistribution\", \"attributes\": {\"step\": null, \"low\": 1.5, \"high\": 10000.0, \"log\": true}}"}
{"op_code":5,"worker_id":"d88103a0-946d-49f2-bb15-cf5b90d6912e-18156","trial_id":58,"param_name":"unified_gamma","param_value_internal":249.9278202317192,"distribution":"{\"name\": \"FloatDistribution\", \"attributes\": {\"step\": null, \"low\": 1.5, \"high\": 10000.0, \"log\": true}}"}
{"op_code":5,"worker_id":"13997d5a-a4a3-4277-859a-04051364e4b1-29612","trial_id":60,"param_name":"unified_gamma","param_value_internal":3.3705538191393116,"distribution":"{\"name\": \"FloatDistribution\", \"attributes\": {\"step\": null, \"low\": 1.5, \"high\": 10000.0, \"log\": true}}"}
{"op_code":5,"worker_id":"d88103a0-946d-49f2-bb15-cf5b90d6912e-18156","trial_id":58,"param_name":"huber_delta","param_value_internal":3.5279622536997346,"distribution":"{\"name\": \"FloatDistribution\", \"attributes\": {\"step\": null, \"low\": 0.5, \"high\": 5.0, \"log\": false}}"}
{"op_code":5,"worker_id":"9267fdbc-0526-471c-9cc2-664bbb222d6f-4680","trial_id":59,"param_name":"huber_delta","param_value_internal":3.5168743305284265,"distribution":"{\"name\": \"FloatDistribution\", \"attributes\": {\"step\": null, \"low\": 0.5, \"high\": 5.0, \"log\": false}}"}
{"op_code":5,"worker_id":"13997d5a-a4a3-4277-859a-04051364e4b1-29612","trial_id":60,"param_name":"huber_delta","param_value_internal":3.070714595308564,"distribution":"{\"name\": \"FloatDistribution\", \"attributes\": {\"step\": null, \"low\": 0.5, \"high\": 5.0, \"log\": false}}"}
{"op_code":8,"worker_id":"41afeecd-a2ee-40c8-818c-6b1b090682b8-16052","trial_id":44,"user_attr":{"constraints":[-0.10511862168609178,-0.1319062645472074,0.26666666666666666,0.09848484848484851,-0.3360548272496764,-47.0,-5.0,0.04491316776869584,0.5,-1379.7468037220747,-0.07409420289855068,-0.07010582010582006]}}
{"op_code":8,"worker_id":"afbe27b8-8557-4a70-b783-2780eb724011-30084","trial_id":56,"user_attr":{"constraints":[-0.11006423479484095,-0.11732862248434058,0.26666666666666666,-0.09949494949494947,-0.11115149039775134,-24.0,-8.0,-0.01736370158751778,0.16666666666666669,-1401.444029877683,-0.05356280193236712,0.014550264550264536]}}
{"op_code":8,"worker_id":"41afeecd-a2ee-40c8-818c-6b1b090682b8-16052","trial_id":44,"user_attr":{"pruned_reasons":["M3 (Hit Rate < 60%)","M5 (Monotonicity <= 0.25)","Side-specific Yearly Tail IC Mean (-0.0449 <= 0)","Side-specific Hit Rate (0.00% < 50%)"]}}
{"op_code":8,"worker_id":"41afeecd-a2ee-40c8-818c-6b1b090682b8-16052","trial_id":44,"user_attr":{"gini":0.5149733372369698}}
{"op_code":8,"worker_id":"41afeecd-a2ee-40c8-818c-6b1b090682b8-16052","trial_id":44,"user_attr":{"cv_is_ics":[0.19795691967010498,0.20234356820583344,0.16736753284931183,0.19811531901359558,0.20347000658512115,0.2099611461162567,0.2054937332868576,0.21085548400878906,0.22714872658252716,0.19630342721939087,0.2248290479183197,0.21790562570095062,0.18361976742744446,0.20806320011615753,0.18946193158626556]}}
{"op_code":8,"worker_id":"41afeecd-a2ee-40c8-818c-6b1b090682b8-16052","trial_id":44,"user_attr":{"cv_oos_ics":[-0.010235114023089409,0.18938535451889038,0.14258866012096405,0.06953476369380951,-0.0118911387398839,0.037941545248031616,0.053193364292383194,0.00021351776376832277,-0.008994230069220066,0.11059166491031647,0.05888720974326134,0.14490504562854767,0.08533629029989243,0.041116323322057724,0.07707136124372482]}}
{"op_code":8,"worker_id":"41afeecd-a2ee-40c8-818c-6b1b090682b8-16052","trial_id":44,"user_attr":{"reg_kappa":3.3563762095659375}}
{"op_code":8,"worker_id":"41afeecd-a2ee-40c8-818c-6b1b090682b8-16052","trial_id":44,"user_attr":{"raw_metrics":[0.36090923060560437,0.1319062645472074,0.3333333333333333,0.10511862168609178,0.1515151515151515,0.3360548272496764,-0.1734689812628037,-0.22578254342079163,0.5240942028985507]}}
{"op_code":8,"worker_id":"41afeecd-a2ee-40c8-818c-6b1b090682b8-16052","trial_id":44,"user_attr":{"val_metrics":[0.11109621924595589,-0.03671696114547318,0.6,0.3906796545535326,-3.9387665274176187]}}
{"op_code":5,"worker_id":"82149dbf-aca0-4172-b85a-ad9c4ac55fae-12024","trial_id":49,"param_name":"huber_delta","param_value_internal":3.2724851516472926,"distribution":"{\"name\": \"FloatDistribution\", \"attributes\": {\"step\": null, \"low\": 0.5, \"high\": 5.0, \"log\": false}}"}
{"op_code":8,"worker_id":"f7c63caa-704a-41bf-ba6c-b9f92d100a4c-19068","trial_id":54,"user_attr":{"cv_oos_ics":[-0.017478611320257187,0.18404746055603027,0.16143502295017242,0.05883786827325821,-0.01803743652999401,0.01570834405720234,0.02701602131128311,-0.01973278447985649,-0.014744391664862633,0.09056603163480759,0.04823228716850281,0.1383151113986969,0.08723592758178711,0.05272688716650009,0.06541548669338226]}}
{"op_code":8,"worker_id":"afbe27b8-8557-4a70-b783-2780eb724011-30084","trial_id":56,"user_attr":{"pruned_reasons":["M3 (Hit Rate < 60%)","Side-specific Hit Rate (33.33% < 50%)","Side-specific Yearly Daily Win Rate (43.54% < 45%)"]}}
{"op_code":8,"worker_id":"f7c63caa-704a-41bf-ba6c-b9f92d100a4c-19068","trial_id":54,"user_attr":{"reg_kappa":3.3929722209882147}}
{"op_code":8,"worker_id":"afbe27b8-8557-4a70-b783-2780eb724011-30084","trial_id":56,"user_attr":{"gini":0.3915845584727564}}
{"op_code":8,"worker_id":"afbe27b8-8557-4a70-b783-2780eb724011-30084","trial_id":56,"user_attr":{"cv_is_ics":[0.1790604293346405,0.1644483208656311,0.1152738630771637,0.18391937017440796,0.1889011412858963,0.20104244351387024,0.16185513138771057,0.21069961786270142,0.20183464884757996,0.164406418800354,0.2226136326789856,0.19463898241519928,0.16297559440135956,0.1772865206003189,0.18634505569934845]}}
{"op_code":8,"worker_id":"afbe27b8-8557-4a70-b783-2780eb724011-30084","trial_id":56,"user_attr":{"cv_oos_ics":[-0.03721579536795616,0.17832326889038086,0.16041693091392517,0.05943110212683678,-0.032569970935583115,-0.004783811513334513,0.005881757475435734,-0.0213759895414114,-0.017648687586188316,0.0710889995098114,0.061608560383319855,0.13039740920066833,0.08782805502414703,0.06022235378623009,0.06047051027417183]}}
{"op_code":8,"worker_id":"afbe27b8-8557-4a70-b783-2780eb724011-30084","trial_id":56,"user_attr":{"reg_kappa":3.512310912111736}}
{"op_code":8,"worker_id":"afbe27b8-8557-4a70-b783-2780eb724011-30084","trial_id":56,"user_attr":{"raw_metrics":[0.3348507560917157,0.11732862248434058,0.3333333333333333,0.11006423479484095,0.34949494949494947,0.11115149039775134,-0.34416354765152574,-0.34366145730018616,0.5035628019323671]}}
{"op_code":8,"worker_id":"afbe27b8-8557-4a70-b783-2780eb724011-30084","trial_id":56,"user_attr":{"val_metrics":[0.13687801933905394,-0.14738782771200956,0.7696969696969697,0.34649784095585345,-2.987898833508967]}}
{"op_code":8,"worker_id":"41afeecd-a2ee-40c8-818c-6b1b090682b8-16052","trial_id":44,"user_attr":{"deflated_objective":0.5489030913288001}}
{"op_code":8,"worker_id":"9267fdbc-0526-471c-9cc2-664bbb222d6f-4680","trial_id":59,"user_attr":{"constraints":[-0.11104322846384569,-0.07015628427030716,0.26666666666666666,-0.05909090909090908,0.028337463541991164,-24.0,-8.0,0.010111932749319133,0.16666666666666669,-1402.3051329309326,-0.05356280193236712,0.00502645502645499]}}
{"op_code":9,"worker_id":"41afeecd-a2ee-40c8-818c-6b1b090682b8-16052","trial_id":44,"system_attr":{"constraints":[-0.10511862168609178,-0.1319062645472074,0.26666666666666666,0.09848484848484851,-0.3360548272496764,-47.0,-5.0,0.04491316776869584,0.5,-1379.7468037220747,-0.07409420289855068,-0.07010582010582006]}}
{"op_code":8,"worker_id":"9267fdbc-0526-471c-9cc2-664bbb222d6f-4680","trial_id":59,"user_attr":{"pruned_reasons":["M3 (Hit Rate < 60%)","M6 (Top-Bottom Spread <= 0)","Side-specific Yearly Tail IC Mean (-0.0101 <= 0)","Side-specific Hit Rate (33.33% < 50%)","Side-specific Yearly Daily Win Rate (44.50% < 45%)"]}}
{"op_code":8,"worker_id":"9267fdbc-0526-471c-9cc2-664bbb222d6f-4680","trial_id":59,"user_attr":{"gini":0.3946212292654545}}
{"op_code":8,"worker_id":"9267fdbc-0526-471c-9cc2-664bbb222d6f-4680","trial_id":59,"user_attr":{"cv_is_ics":[0.1771513968706131,0.1606440544128418,0.11170314252376556,0.18216490745544434,0.186605766415596,0.199686199426651,0.1587802767753601,0.21044018864631653,0.20009124279022217,0.16017752885818481,0.22191932797431946,0.19264204800128937,0.16227571666240692,0.1746385544538498,0.18657928705215454]}}
{"op_code":6,"worker_id":"41afeecd-a2ee-40c8-818c-6b1b090682b8-16052","trial_id":44,"state":1,"values":[1.0566661641878632],"datetime_complete":"2026-07-14T11:40:11.327231"}
{"op_code":8,"worker_id":"50d58864-1f37-4ff0-8444-ea9cf87236f1-27448","trial_id":55,"user_attr":{"gini":0.41924988229238824}}
{"op_code":8,"worker_id":"d88103a0-946d-49f2-bb15-cf5b90d6912e-18156","trial_id":58,"user_attr":{"constraints":[-0.11095072867054362,-0.07011516880779006,0.26666666666666666,-0.03484848484848485,0.028337463541991164,-24.0,-8.0,0.010205309970175151,0.16666666666666669,-1402.2443998544875,-0.05356280193236712,0.00502645502645499]}}
{"op_code":8,"worker_id":"9267fdbc-0526-471c-9cc2-664bbb222d6f-4680","trial_id":59,"user_attr":{"cv_oos_ics":[-0.04059264436364174,0.17921489477157593,0.15769833326339722,0.060066159814596176,-0.03006816655397415,-0.008022433146834373,0.004160374868661165,-0.023608021438121796,-0.01863337866961956,0.07128485292196274,0.06435588002204895,0.13083361089229584,0.08948886394500732,0.059747327119112015,0.06122686341404915]}}
{"op_code":8,"worker_id":"50d58864-1f37-4ff0-8444-ea9cf87236f1-27448","trial_id":55,"user_attr":{"cv_is_ics":[0.1859612762928009,0.19040034711360931,0.15329182147979736,0.19031383097171783,0.2014443725347519,0.20799410343170166,0.19034060835838318,0.21460898220539093,0.21909207105636597,0.1888161301612854,0.2248525619506836,0.21419969201087952,0.17672108113765717,0.19693395495414734,0.19112348556518555]}}
{"op_code":8,"worker_id":"50d58864-1f37-4ff0-8444-ea9cf87236f1-27448","trial_id":55,"user_attr":{"cv_oos_ics":[-0.013056126423180103,0.18841364979743958,0.1564711034297943,0.05909431353211403,-0.01846919395029545,0.014918436296284199,0.03151979297399521,-0.019240811467170715,-0.015242147259414196,0.09079650789499283,0.0439300611615181,0.13925136625766754,0.08296999335289001,0.04783162102103233,0.06685678660869598]}}
{"op_code":8,"worker_id":"13997d5a-a4a3-4277-859a-04051364e4b1-29612","trial_id":60,"user_attr":{"constraints":[-0.10782515966046462,-0.11806293540601942,0.26666666666666666,-0.05909090909090914,-0.08273355858751398,-24.0,-8.0,0.12208149234776855,0.16666666666666669,-1401.4977654294057,-0.06050724637681154,-0.04232804232804227]}}
{"op_code":8,"worker_id":"9267fdbc-0526-471c-9cc2-664bbb222d6f-4680","trial_id":59,"user_attr":{"reg_kappa":3.514283115209893}}
{"op_code":8,"worker_id":"82149dbf-aca0-4172-b85a-ad9c4ac55fae-12024","trial_id":49,"user_attr":{"constraints":[-0.10587871448359687,-0.09480086075245463,0.26666666666666666,0.03383838383838386,-0.2617126442540599,-39.0,-8.0,0.013346307408650962,-0.16666666666666663,-1383.7827007320825,-0.0529589371980676,-0.06111111111111106]}}
{"op_code":8,"worker_id":"d88103a0-946d-49f2-bb15-cf5b90d6912e-18156","trial_id":58,"user_attr":{"pruned_reasons":["M3 (Hit Rate < 60%)","M6 (Top-Bottom Spread <= 0)","Side-specific Yearly Tail IC Mean (-0.0102 <= 0)","Side-specific Hit Rate (33.33% < 50%)","Side-specific Yearly Daily Win Rate (44.50% < 45%)"]}}
{"op_code":8,"worker_id":"13997d5a-a4a3-4277-859a-04051364e4b1-29612","trial_id":60,"user_attr":{"pruned_reasons":["M3 (Hit Rate < 60%)","Side-specific Yearly Tail IC Mean (-0.1221 <= 0)","Side-specific Hit Rate (33.33% < 50%)"]}}
{"op_code":8,"worker_id":"82149dbf-aca0-4172-b85a-ad9c4ac55fae-12024","trial_id":49,"user_attr":{"pruned_reasons":["M3 (Hit Rate < 60%)","M5 (Monotonicity <= 0.25)","Side-specific Yearly Tail IC Mean (-0.0133 <= 0)"]}}
{"op_code":8,"worker_id":"82149dbf-aca0-4172-b85a-ad9c4ac55fae-12024","trial_id":49,"user_attr":{"gini":0.42245319615773314}}
{"op_code":8,"worker_id":"d88103a0-946d-49f2-bb15-cf5b90d6912e-18156","trial_id":58,"user_attr":{"gini":0.3951777870968085}}
{"op_code":8,"worker_id":"13997d5a-a4a3-4277-859a-04051364e4b1-29612","trial_id":60,"user_attr":{"gini":0.37926746458317884}}
{"op_code":8,"worker_id":"13997d5a-a4a3-4277-859a-04051364e4b1-29612","trial_id":60,"user_attr":{"cv_is_ics":[0.18118123710155487,0.1698656529188156,0.12774968147277832,0.18837247788906097,0.19691284000873566,0.206787109375,0.1695486605167389,0.21225760877132416,0.20875495672225952,0.17216621339321136,0.22273169457912445,0.1977197229862213,0.16660040616989136,0.1845201849937439,0.1869019716978073]}}
{"op_code":8,"worker_id":"13997d5a-a4a3-4277-859a-04051364e4b1-29612","trial_id":60,"user_attr":{"cv_oos_ics":[-0.03333263471722603,0.18634255230426788,0.16274699568748474,0.058577023446559906,-0.023780114948749542,0.00417677266523242,0.02042105607688427,-0.018973365426063538,-0.017644360661506653,0.07751317322254181,0.05219041556119919,0.1369873434305191,0.0896836668252945,0.05794135853648186,0.06642720848321915]}}
{"op_code":8,"worker_id":"d88103a0-946d-49f2-bb15-cf5b90d6912e-18156","trial_id":58,"user_attr":{"cv_is_ics":[0.17711807787418365,0.16038499772548676,0.11122363805770874,0.18247228860855103,0.18656577169895172,0.19990238547325134,0.15879490971565247,0.21034406125545502,0.20007172226905823,0.16049140691757202,0.2221667766571045,0.19263827800750732,0.16221049427986145,0.17447718977928162,0.18643322587013245]}}
{"op_code":8,"worker_id":"50d58864-1f37-4ff0-8444-ea9cf87236f1-27448","trial_id":55,"user_attr":{"reg_kappa":3.4357116926507305}}
{"op_code":8,"worker_id":"82149dbf-aca0-4172-b85a-ad9c4ac55fae-12024","trial_id":49,"user_attr":{"cv_is_ics":[0.18763332068920135,0.19236299395561218,0.1555211842060089,0.19081737101078033,0.2017524391412735,0.20808973908424377,0.19179584085941315,0.21412907540798187,0.21990296244621277,0.19049419462680817,0.22337813675403595,0.21386322379112244,0.1771785318851471,0.19697034358978271,0.19071851670742035]}}
{"op_code":8,"worker_id":"50d58864-1f37-4ff0-8444-ea9cf87236f1-27448","trial_id":55,"user_attr":{"raw_metrics":[0.2900202718239329,0.09005103622269821,0.3333333333333333,0.10753909241578778,0.1595959595959596,0.3043146696404198,-0.24408887718695338,-0.25751200318336487,0.5171497584541063]}}
{"op_code":8,"worker_id":"50d58864-1f37-4ff0-8444-ea9cf87236f1-27448","trial_id":55,"user_attr":{"val_metrics":[0.12152837420082156,0.01482679694443631,0.6121212121212121,0.3636562765886386,-4.736157316510464]}}
{"op_code":8,"worker_id":"82149dbf-aca0-4172-b85a-ad9c4ac55fae-12024","trial_id":49,"user_attr":{"cv_oos_ics":[-0.01195655856281519,0.18976083397865295,0.15575899183750153,0.059008464217185974,-0.016831982880830765,0.014768029563128948,0.035466644912958145,-0.017391791567206383,-0.015356848016381264,0.09006395190954208,0.04585069790482521,0.13897687196731567,0.08453395217657089,0.046132780611515045,0.06785984337329865]}}
{"op_code":8,"worker_id":"50d58864-1f37-4ff0-8444-ea9cf87236f1-27448","trial_id":55,"user_attr":{"deflated_objective":0.2629174695297166}}
{"op_code":9,"worker_id":"50d58864-1f37-4ff0-8444-ea9cf87236f1-27448","trial_id":55,"system_attr":{"constraints":[-0.10753909241578778,-0.09005103622269821,0.26666666666666666,0.0904040404040404,-0.3043146696404198,-40.0,-8.0,0.019130569566852957,-0.16666666666666663,-1383.2747413407965,-0.06714975845410626,-0.06111111111111106]}}
{"op_code":6,"worker_id":"50d58864-1f37-4ff0-8444-ea9cf87236f1-27448","trial_id":55,"state":1,"values":[0.7605826885239051],"datetime_complete":"2026-07-14T11:40:11.371102"}
{"op_code":8,"worker_id":"82149dbf-aca0-4172-b85a-ad9c4ac55fae-12024","trial_id":49,"user_attr":{"reg_kappa":3.41546134677503}}
{"op_code":8,"worker_id":"82149dbf-aca0-4172-b85a-ad9c4ac55fae-12024","trial_id":49,"user_attr":{"raw_metrics":[0.3085428986879498,0.09480086075245463,0.3333333333333333,0.10587871448359687,0.21616161616161614,0.2617126442540599,-0.24659006602682534,-0.25913599133491516,0.5029589371980676]}}
{"op_code":8,"worker_id":"82149dbf-aca0-4172-b85a-ad9c4ac55fae-12024","trial_id":49,"user_attr":{"val_metrics":[0.12044317248079124,-0.002858904119157013,0.6606060606060606,0.38682593815028665,-4.481645191629385]}}
{"op_code":5,"worker_id":"0cd98439-3174-4dab-af72-205409dd6544-27064","trial_id":57,"param_name":"unified_alpha","param_value_internal":4.0484196423422457e-05,"distribution":"{\"name\": \"FloatDistribution\", \"attributes\": {\"step\": null, \"low\": 1e-05, \"high\": 10.0, \"log\": true}}"}
{"op_code":8,"worker_id":"f7c63caa-704a-41bf-ba6c-b9f92d100a4c-19068","trial_id":54,"user_attr":{"raw_metrics":[0.3494392030335085,0.12204130583800543,0.3333333333333333,0.10136267166331292,0.17979797979797982,0.19261441690172407,-0.25501524499182654,-0.26758891344070435,0.5029589371980676]}}
{"op_code":8,"worker_id":"f7c63caa-704a-41bf-ba6c-b9f92d100a4c-19068","trial_id":54,"user_attr":{"val_metrics":[0.12051761020956404,0.010211892353556656,0.7090909090909091,0.3221714968731006,-4.994806497030659]}}
{"op_code":5,"worker_id":"0cd98439-3174-4dab-af72-205409dd6544-27064","trial_id":57,"param_name":"unified_rho","param_value_internal":0.15592667917584707,"distribution":"{\"name\": \"FloatDistribution\", \"attributes\": {\"step\": null, \"low\": 0.0, \"high\": 1.0, \"log\": false}}"}
{"op_code":5,"worker_id":"f4f5d9ae-3422-40d8-985d-e1dbe227e1c7-31524","trial_id":53,"param_name":"k_weight","param_value_internal":0.6495879098036206,"distribution":"{\"name\": \"FloatDistribution\", \"attributes\": {\"step\": null, \"low\": 0.0, \"high\": 1.5, \"log\": false}}"}
{"op_code":5,"worker_id":"0cd98439-3174-4dab-af72-205409dd6544-27064","trial_id":57,"param_name":"unified_gamma","param_value_internal":116.00284704529582,"distribution":"{\"name\": \"FloatDistribution\", \"attributes\": {\"step\": null, \"low\": 1.5, \"high\": 10000.0, \"log\": true}}"}
{"op_code":5,"worker_id":"f4f5d9ae-3422-40d8-985d-e1dbe227e1c7-31524","trial_id":53,"param_name":"unified_alpha","param_value_internal":0.012325878282982644,"distribution":"{\"name\": \"FloatDistribution\", \"attributes\": {\"step\": null, \"low\": 1e-05, \"high\": 10.0, \"log\": true}}"}
{"op_code":8,"worker_id":"f7c63caa-704a-41bf-ba6c-b9f92d100a4c-19068","trial_id":54,"user_attr":{"deflated_objective":0.17737423668284108}}
{"op_code":4,"worker_id":"44e05e09-9846-4904-a34b-5c12038a22e2-27448","study_id":0,"datetime_start":"2026-07-14T11:40:11.381976"}
{"op_code":5,"worker_id":"0cd98439-3174-4dab-af72-205409dd6544-27064","trial_id":57,"param_name":"huber_delta","param_value_internal":3.496345305200798,"distribution":"{\"name\": \"FloatDistribution\", \"attributes\": {\"step\": null, \"low\": 0.5, \"high\": 5.0, \"log\": false}}"}
{"op_code":5,"worker_id":"44e05e09-9846-4904-a34b-5c12038a22e2-27448","trial_id":61,"param_name":"k_weight","param_value_internal":0.5597471794893313,"distribution":"{\"name\": \"FloatDistribution\", \"attributes\": {\"step\": null, \"low\": 0.0, \"high\": 1.5, \"log\": false}}"}
{"op_code":5,"worker_id":"f4f5d9ae-3422-40d8-985d-e1dbe227e1c7-31524","trial_id":53,"param_name":"unified_rho","param_value_internal":0.15543937883243159,"distribution":"{\"name\": \"FloatDistribution\", \"attributes\": {\"step\": null, \"low\": 0.0, \"high\": 1.0, \"log\": false}}"}
{"op_code":8,"worker_id":"82149dbf-aca0-4172-b85a-ad9c4ac55fae-12024","trial_id":49,"user_attr":{"deflated_objective":0.37108916089625915}}
{"op_code":9,"worker_id":"82149dbf-aca0-4172-b85a-ad9c4ac55fae-12024","trial_id":49,"system_attr":{"constraints":[-0.10587871448359687,-0.09480086075245463,0.26666666666666666,0.03383838383838386,-0.2617126442540599,-39.0,-8.0,0.013346307408650962,-0.16666666666666663,-1383.7827007320825,-0.0529589371980676,-0.06111111111111106]}}
{"op_code":9,"worker_id":"f7c63caa-704a-41bf-ba6c-b9f92d100a4c-19068","trial_id":54,"system_attr":{"constraints":[-0.10136267166331292,-0.12204130583800543,0.26666666666666666,0.07020202020202018,-0.19261441690172407,-37.0,-8.0,0.0668236654440739,0.16666666666666669,-1385.43807102242,-0.0529589371980676,-0.05185185185185187]}}
{"op_code":5,"worker_id":"f4f5d9ae-3422-40d8-985d-e1dbe227e1c7-31524","trial_id":53,"param_name":"unified_gamma","param_value_internal":14.37823684103754,"distribution":"{\"name\": \"FloatDistribution\", \"attributes\": {\"step\": null, \"low\": 1.5, \"high\": 10000.0, \"log\": true}}"}
{"op_code":6,"worker_id":"82149dbf-aca0-4172-b85a-ad9c4ac55fae-12024","trial_id":49,"state":1,"values":[0.8600532227174341],"datetime_complete":"2026-07-14T11:40:11.401696"}
{"op_code":5,"worker_id":"44e05e09-9846-4904-a34b-5c12038a22e2-27448","trial_id":61,"param_name":"unified_alpha","param_value_internal":3.8217602822304664e-05,"distribution":"{\"name\": \"FloatDistribution\", \"attributes\": {\"step\": null, \"low\": 1e-05, \"high\": 10.0, \"log\": true}}"}
{"op_code":6,"worker_id":"f7c63caa-704a-41bf-ba6c-b9f92d100a4c-19068","trial_id":54,"state":1,"values":[0.6648729477868901],"datetime_complete":"2026-07-14T11:40:11.402846"}
{"op_code":5,"worker_id":"f4f5d9ae-3422-40d8-985d-e1dbe227e1c7-31524","trial_id":53,"param_name":"huber_delta","param_value_internal":3.359302157086908,"distribution":"{\"name\": \"FloatDistribution\", \"attributes\": {\"step\": null, \"low\": 0.5, \"high\": 5.0, \"log\": false}}"}
{"op_code":4,"worker_id":"f7c63caa-704a-41bf-ba6c-b9f92d100a4c-19068","study_id":0,"datetime_start":"2026-07-14T11:40:11.409364"}
{"op_code":5,"worker_id":"f7c63caa-704a-41bf-ba6c-b9f92d100a4c-19068","trial_id":62,"param_name":"k_weight","param_value_internal":0.16389868232791982,"distribution":"{\"name\": \"FloatDistribution\", \"attributes\": {\"step\": null, \"low\": 0.0, \"high\": 1.5, \"log\": false}}"}
{"op_code":5,"worker_id":"44e05e09-9846-4904-a34b-5c12038a22e2-27448","trial_id":61,"param_name":"unified_rho","param_value_internal":0.14000020894417792,"distribution":"{\"name\": \"FloatDistribution\", \"attributes\": {\"step\": null, \"low\": 0.0, \"high\": 1.0, \"log\": false}}"}
{"op_code":5,"worker_id":"f7c63caa-704a-41bf-ba6c-b9f92d100a4c-19068","trial_id":62,"param_name":"unified_alpha","param_value_internal":3.978969808566281e-05,"distribution":"{\"name\": \"FloatDistribution\", \"attributes\": {\"step\": null, \"low\": 1e-05, \"high\": 10.0, \"log\": true}}"}
{"op_code":5,"worker_id":"44e05e09-9846-4904-a34b-5c12038a22e2-27448","trial_id":61,"param_name":"unified_gamma","param_value_internal":3.4864275351835357,"distribution":"{\"name\": \"FloatDistribution\", \"attributes\": {\"step\": null, \"low\": 1.5, \"high\": 10000.0, \"log\": true}}"}
{"op_code":5,"worker_id":"f7c63caa-704a-41bf-ba6c-b9f92d100a4c-19068","trial_id":62,"param_name":"unified_rho","param_value_internal":0.11312598414958874,"distribution":"{\"name\": \"FloatDistribution\", \"attributes\": {\"step\": null, \"low\": 0.0, \"high\": 1.0, \"log\": false}}"}
{"op_code":8,"worker_id":"13997d5a-a4a3-4277-859a-04051364e4b1-29612","trial_id":60,"user_attr":{"reg_kappa":3.5121718569711957}}
{"op_code":8,"worker_id":"d88103a0-946d-49f2-bb15-cf5b90d6912e-18156","trial_id":58,"user_attr":{"cv_oos_ics":[-0.04113307222723961,0.17883941531181335,0.159219428896904,0.06050420179963112,-0.02942107431590557,-0.008212876506149769,0.0036672933492809534,-0.023854557424783707,-0.018899569287896156,0.071473129093647,0.06387761235237122,0.1302739977836609,0.0897706151008606,0.06048096716403961,0.06091306731104851]}}
{"op_code":5,"worker_id":"f7c63caa-704a-41bf-ba6c-b9f92d100a4c-19068","trial_id":62,"param_name":"unified_gamma","param_value_internal":3.254736180034439,"distribution":"{\"name\": \"FloatDistribution\", \"attributes\": {\"step\": null, \"low\": 1.5, \"high\": 10000.0, \"log\": true}}"}
{"op_code":8,"worker_id":"d88103a0-946d-49f2-bb15-cf5b90d6912e-18156","trial_id":58,"user_attr":{"reg_kappa":3.513981035405106}}
{"op_code":5,"worker_id":"f7c63caa-704a-41bf-ba6c-b9f92d100a4c-19068","trial_id":62,"param_name":"huber_delta","param_value_internal":3.007763561515364,"distribution":"{\"name\": \"FloatDistribution\", \"attributes\": {\"step\": null, \"low\": 0.5, \"high\": 5.0, \"log\": false}}"}
{"op_code":8,"worker_id":"d88103a0-946d-49f2-bb15-cf5b90d6912e-18156","trial_id":58,"user_attr":{"raw_metrics":[0.24796842248481044,0.07011516880779006,0.3333333333333333,0.11095072867054362,0.28484848484848485,-0.028337463541991164,-0.34877916056305797,-0.34703323245048523,0.5035628019323671]}}
{"op_code":5,"worker_id":"44e05e09-9846-4904-a34b-5c12038a22e2-27448","trial_id":61,"param_name":"huber_delta","param_value_internal":3.556478980707311,"distribution":"{\"name\": \"FloatDistribution\", \"attributes\": {\"step\": null, \"low\": 0.5, \"high\": 5.0, \"log\": false}}"}
{"op_code":8,"worker_id":"13997d5a-a4a3-4277-859a-04051364e4b1-29612","trial_id":60,"user_attr":{"raw_metrics":[0.3371772307556699,0.11806293540601942,0.3333333333333333,0.10782515966046462,0.30909090909090914,0.08273355858751398,-0.34447180824976276,-0.3431556224822998,0.5105072463768116]}}
{"op_code":8,"worker_id":"13997d5a-a4a3-4277-859a-04051364e4b1-29612","trial_id":60,"user_attr":{"val_metrics":[0.1344889027970373,-0.11718915850783948,0.5878787878787879,0.23698838002979755,-3.9882699729130486]}}
{"op_code":8,"worker_id":"13997d5a-a4a3-4277-859a-04051364e4b1-29612","trial_id":60,"user_attr":{"deflated_objective":0.5323973463072406}}
{"op_code":9,"worker_id":"13997d5a-a4a3-4277-859a-04051364e4b1-29612","trial_id":60,"system_attr":{"constraints":[-0.10782515966046462,-0.11806293540601942,0.26666666666666666,-0.05909090909090914,-0.08273355858751398,-24.0,-8.0,0.12208149234776855,0.16666666666666669,-1401.4977654294057,-0.06050724637681154,-0.04232804232804227]}}
{"op_code":8,"worker_id":"0cd98439-3174-4dab-af72-205409dd6544-27064","trial_id":57,"user_attr":{"constraints":[-0.11076687194190409,-0.06903455898444814,0.26666666666666666,0.009595959595959602,0.04166948509713014,-23.0,-8.0,0.009768732406118794,0.16666666666666669,-1403.6811535111046,-0.05356280193236712,0.00502645502645499]}}
{"op_code":8,"worker_id":"0cd98439-3174-4dab-af72-205409dd6544-27064","trial_id":57,"user_attr":{"pruned_reasons":["M3 (Hit Rate < 60%)","M5 (Monotonicity <= 0.25)","M6 (Top-Bottom Spread <= 0)","Side-specific Yearly Tail IC Mean (-0.0098 <= 0)","Side-specific Hit Rate (33.33% < 50%)","Side-specific Yearly Daily Win Rate (44.50% < 45%)"]}}
{"op_code":8,"worker_id":"0cd98439-3174-4dab-af72-205409dd6544-27064","trial_id":57,"user_attr":{"gini":0.39300569858467194}}
{"op_code":6,"worker_id":"13997d5a-a4a3-4277-859a-04051364e4b1-29612","trial_id":60,"state":1,"values":[1.0058030541928178],"datetime_complete":"2026-07-14T11:40:11.446463"}
{"op_code":4,"worker_id":"13997d5a-a4a3-4277-859a-04051364e4b1-29612","study_id":0,"datetime_start":"2026-07-14T11:40:11.453128"}
{"op_code":8,"worker_id":"afbe27b8-8557-4a70-b783-2780eb724011-30084","trial_id":56,"user_attr":{"deflated_objective":0.8922274751626195}}
{"op_code":8,"worker_id":"0cd98439-3174-4dab-af72-205409dd6544-27064","trial_id":57,"user_attr":{"cv_is_ics":[0.17636367678642273,0.16061732172966003,0.1096612960100174,0.18156449496746063,0.1857125610113144,0.20030467212200165,0.1581229567527771,0.20999717712402344,0.19939634203910828,0.15894600749015808,0.22129948437213898,0.19064758718013763,0.16160354018211365,0.1731865257024765,0.18639330565929413]}}
{"op_code":9,"worker_id":"afbe27b8-8557-4a70-b783-2780eb724011-30084","trial_id":56,"system_attr":{"constraints":[-0.11006423479484095,-0.11732862248434058,0.26666666666666666,-0.09949494949494947,-0.11115149039775134,-24.0,-8.0,-0.01736370158751778,0.16666666666666669,-1401.444029877683,-0.05356280193236712,0.014550264550264536]}}
{"op_code":5,"worker_id":"13997d5a-a4a3-4277-859a-04051364e4b1-29612","trial_id":63,"param_name":"k_weight","param_value_internal":0.8128666512097851,"distribution":"{\"name\": \"FloatDistribution\", \"attributes\": {\"step\": null, \"low\": 0.0, \"high\": 1.5, \"log\": false}}"}
{"op_code":6,"worker_id":"afbe27b8-8557-4a70-b783-2780eb724011-30084","trial_id":56,"state":1,"values":[1.4122927720681535],"datetime_complete":"2026-07-14T11:40:11.459244"}
{"op_code":8,"worker_id":"0cd98439-3174-4dab-af72-205409dd6544-27064","trial_id":57,"user_attr":{"cv_oos_ics":[-0.04030977189540863,0.1780862957239151,0.15782380104064941,0.06026757135987282,-0.030321376398205757,-0.009609823115170002,0.0039688656106591225,-0.02256464585661888,-0.019888589158654213,0.07069837301969528,0.06360926479101181,0.12902919948101044,0.0896209329366684,0.060392238199710846,0.06122686341404915]}}
{"op_code":5,"worker_id":"13997d5a-a4a3-4277-859a-04051364e4b1-29612","trial_id":63,"param_name":"unified_alpha","param_value_internal":2.9904794491597437e-05,"distribution":"{\"name\": \"FloatDistribution\", \"attributes\": {\"step\": null, \"low\": 1e-05, \"high\": 10.0, \"log\": true}}"}
{"op_code":8,"worker_id":"0cd98439-3174-4dab-af72-205409dd6544-27064","trial_id":57,"user_attr":{"reg_kappa":3.5177524337195427}}
{"op_code":8,"worker_id":"f7c63caa-704a-41bf-ba6c-b9f92d100a4c-19068","trial_id":62,"user_attr":{"constraints":[-0.10156183088453556,-0.12024034069098162,0.26666666666666666,0.12676767676767675,-0.36904790290185935,-49.0,-8.0,0.1192112381971127,0.5,-1376.655093166605,-0.08888888888888885,-0.07962962962962966]}}
{"op_code":8,"worker_id":"f7c63caa-704a-41bf-ba6c-b9f92d100a4c-19068","trial_id":62,"user_attr":{"pruned_reasons":["M3 (Hit Rate < 60%)","M5 (Monotonicity <= 0.25)","Side-specific Yearly Tail IC Mean (-0.1192 <= 0)","Side-specific Hit Rate (0.00% < 50%)"]}}
{"op_code":4,"worker_id":"bc418afb-e1a7-4747-a0a9-5a19e1437c21-30084","study_id":0,"datetime_start":"2026-07-14T11:40:11.469623"}
{"op_code":8,"worker_id":"0cd98439-3174-4dab-af72-205409dd6544-27064","trial_id":57,"user_attr":{"raw_metrics":[0.2431757910957183,0.06903455898444814,0.3333333333333333,0.11076687194190409,0.2404040404040404,-0.04166948509713014,-0.3570703581807965,-0.35254818201065063,0.5035628019323671]}}
{"op_code":5,"worker_id":"bc418afb-e1a7-4747-a0a9-5a19e1437c21-30084","trial_id":64,"param_name":"k_weight","param_value_internal":0.8185598584017697,"distribution":"{\"name\": \"FloatDistribution\", \"attributes\": {\"step\": null, \"low\": 0.0, \"high\": 1.5, \"log\": false}}"}
{"op_code":5,"worker_id":"13997d5a-a4a3-4277-859a-04051364e4b1-29612","trial_id":63,"param_name":"unified_rho","param_value_internal":0.2470381877810418,"distribution":"{\"name\": \"FloatDistribution\", \"attributes\": {\"step\": null, \"low\": 0.0, \"high\": 1.0, \"log\": false}}"}
{"op_code":8,"worker_id":"9267fdbc-0526-471c-9cc2-664bbb222d6f-4680","trial_id":59,"user_attr":{"raw_metrics":[0.24812618791448335,0.07015628427030716,0.3333333333333333,0.11104322846384569,0.3090909090909091,-0.028337463541991164,-0.34912968882750206,-0.3472505807876587,0.5035628019323671]}}
{"op_code":5,"worker_id":"13997d5a-a4a3-4277-859a-04051364e4b1-29612","trial_id":63,"param_name":"unified_gamma","param_value_internal":162.18511319865593,"distribution":"{\"name\": \"FloatDistribution\", \"attributes\": {\"step\": null, \"low\": 1.5, \"high\": 10000.0, \"log\": true}}"}
{"op_code":8,"worker_id":"f7c63caa-704a-41bf-ba6c-b9f92d100a4c-19068","trial_id":62,"user_attr":{"gini":0.43535411552978487}}
{"op_code":5,"worker_id":"bc418afb-e1a7-4747-a0a9-5a19e1437c21-30084","trial_id":64,"param_name":"unified_alpha","param_value_internal":0.0026231123450888914,"distribution":"{\"name\": \"FloatDistribution\", \"attributes\": {\"step\": null, \"low\": 1e-05, \"high\": 10.0, \"log\": true}}"}
{"op_code":8,"worker_id":"9267fdbc-0526-471c-9cc2-664bbb222d6f-4680","trial_id":59,"user_attr":{"val_metrics":[0.13814596986511635,-0.14818649164319833,0.696969696969697,0.34649784095585345,-3.8932698773758]}}
{"op_code":8,"worker_id":"44e05e09-9846-4904-a34b-5c12038a22e2-27448","trial_id":61,"user_attr":{"constraints":[-0.10608959386539295,-0.08782094727604851,0.26666666666666666,0.10656565656565656,-0.2187515924422853,-40.0,-8.0,0.00887378191346544,-0.16666666666666663,-1382.7093739011373,-0.060205314009661726,-0.06111111111111106]}}
{"op_code":5,"worker_id":"bc418afb-e1a7-4747-a0a9-5a19e1437c21-30084","trial_id":64,"param_name":"unified_rho","param_value_internal":0.31663119403793616,"distribution":"{\"name\": \"FloatDistribution\", \"attributes\": {\"step\": null, \"low\": 0.0, \"high\": 1.0, \"log\": false}}"}
{"op_code":8,"worker_id":"44e05e09-9846-4904-a34b-5c12038a22e2-27448","trial_id":61,"user_attr":{"pruned_reasons":["M3 (Hit Rate < 60%)","M5 (Monotonicity <= 0.25)","Side-specific Yearly Tail IC Mean (-0.0089 <= 0)"]}}
{"op_code":5,"worker_id":"bc418afb-e1a7-4747-a0a9-5a19e1437c21-30084","trial_id":64,"param_name":"unified_gamma","param_value_internal":175.4524238743071,"distribution":"{\"name\": \"FloatDistribution\", \"attributes\": {\"step\": null, \"low\": 1.5, \"high\": 10000.0, \"log\": true}}"}
{"op_code":8,"worker_id":"f7c63caa-704a-41bf-ba6c-b9f92d100a4c-19068","trial_id":62,"user_attr":{"cv_is_ics":[0.1935259848833084,0.20403845608234406,0.17959848046302795,0.19724757969379425,0.20456364750862122,0.21375177800655365,0.21147356927394867,0.2143116146326065,0.22831551730632782,0.20089443027973175,0.22726532816886902,0.22490054368972778,0.18790677189826965,0.21112407743930817,0.1980026364326477]}}
{"op_code":5,"worker_id":"bc418afb-e1a7-4747-a0a9-5a19e1437c21-30084","trial_id":64,"param_name":"huber_delta","param_value_internal":2.366507885947252,"distribution":"{\"name\": \"FloatDistribution\", \"attributes\": {\"step\": null, \"low\": 0.5, \"high\": 5.0, \"log\": false}}"}
{"op_code":8,"worker_id":"44e05e09-9846-4904-a34b-5c12038a22e2-27448","trial_id":61,"user_attr":{"gini":0.423321134860865}}
{"op_code":8,"worker_id":"44e05e09-9846-4904-a34b-5c12038a22e2-27448","trial_id":61,"user_attr":{"cv_is_ics":[0.18370240926742554,0.189250648021698,0.152040496468544,0.1897956132888794,0.1983095109462738,0.20788562297821045,0.18794475495815277,0.2145274132490158,0.2171405404806137,0.1871684491634369,0.22592920064926147,0.21301519870758057,0.1761888712644577,0.19587726891040802,0.19210276007652283]}}
{"op_code":8,"worker_id":"9267fdbc-0526-471c-9cc2-664bbb222d6f-4680","trial_id":59,"user_attr":{"deflated_objective":0.5677766697876696}}
{"op_code":4,"worker_id":"8deb4187-ff06-4a54-af20-6a0443f06c58-12024","study_id":0,"datetime_start":"2026-07-14T11:40:11.488733"}
{"op_code":8,"worker_id":"f4f5d9ae-3422-40d8-985d-e1dbe227e1c7-31524","trial_id":53,"user_attr":{"constraints":[-0.10333192771038242,-0.12452325688857828,0.26666666666666666,0.06616161616161617,-0.17627314126271987,-38.0,-8.0,0.07254240732145877,0.16666666666666669,-1385.1341801077078,-0.0529589371980676,-0.06111111111111106]}}
{"op_code":5,"worker_id":"8deb4187-ff06-4a54-af20-6a0443f06c58-12024","trial_id":65,"param_name":"k_weight","param_value_internal":0.8588292384071051,"distribution":"{\"name\": \"FloatDistribution\", \"attributes\": {\"step\": null, \"low\": 0.0, \"high\": 1.5, \"log\": false}}"}
{"op_code":8,"worker_id":"d88103a0-946d-49f2-bb15-cf5b90d6912e-18156","trial_id":58,"user_attr":{"val_metrics":[0.13813091504356678,-0.1436484783105189,0.696969696969697,0.34649784095585345,-3.8928020920781363]}}
{"op_code":5,"worker_id":"8deb4187-ff06-4a54-af20-6a0443f06c58-12024","trial_id":65,"param_name":"unified_alpha","param_value_internal":0.0032012512574308622,"distribution":"{\"name\": \"FloatDistribution\", \"attributes\": {\"step\": null, \"low\": 1e-05, \"high\": 10.0, \"log\": true}}"}
{"op_code":8,"worker_id":"44e05e09-9846-4904-a34b-5c12038a22e2-27448","trial_id":61,"user_attr":{"cv_oos_ics":[-0.014425357803702354,0.1879505217075348,0.15899929404258728,0.06089271977543831,-0.020525172352790833,0.014528892934322357,0.03313111141324043,-0.020195038989186287,-0.013231647200882435,0.0911027267575264,0.04078995808959007,0.13439136743545532,0.08331338316202164,0.04735551401972771,0.06531485915184021]}}
{"op_code":5,"worker_id":"8deb4187-ff06-4a54-af20-6a0443f06c58-12024","trial_id":65,"param_name":"unified_rho","param_value_internal":0.28378900781180155,"distribution":"{\"name\": \"FloatDistribution\", \"attributes\": {\"step\": null, \"low\": 0.0, \"high\": 1.0, \"log\": false}}"}
{"op_code":8,"worker_id":"0cd98439-3174-4dab-af72-205409dd6544-27064","trial_id":57,"user_attr":{"val_metrics":[0.13846588482304437,-0.1404603865111977,0.7454545454545455,0.34649784095585345,-3.8700109612252107]}}
{"op_code":8,"worker_id":"f7c63caa-704a-41bf-ba6c-b9f92d100a4c-19068","trial_id":62,"user_attr":{"cv_oos_ics":[0.0007781724561937153,0.17297671735286713,0.13264763355255127,0.06921998411417007,-0.012131364084780216,0.029190879315137863,0.06425908207893372,-0.017684554681181908,-0.010463692247867584,0.0978764072060585,0.03057326376438141,0.13271676003932953,0.06695183366537094,0.03838951885700226,0.06987570971250534]}}
{"op_code":5,"worker_id":"8deb4187-ff06-4a54-af20-6a0443f06c58-12024","trial_id":65,"param_name":"unified_gamma","param_value_internal":165.37891207693218,"distribution":"{\"name\": \"FloatDistribution\", \"attributes\": {\"step\": null, \"low\": 1.5, \"high\": 10000.0, \"log\": true}}"}
{"op_code":8,"worker_id":"d88103a0-946d-49f2-bb15-cf5b90d6912e-18156","trial_id":58,"user_attr":{"deflated_objective":0.5697406264309112}}
{"op_code":5,"worker_id":"13997d5a-a4a3-4277-859a-04051364e4b1-29612","trial_id":63,"param_name":"huber_delta","param_value_internal":2.444223487044667,"distribution":"{\"name\": \"FloatDistribution\", \"attributes\": {\"step\": null, \"low\": 0.5, \"high\": 5.0, \"log\": false}}"}
{"op_code":9,"worker_id":"9267fdbc-0526-471c-9cc2-664bbb222d6f-4680","trial_id":59,"system_attr":{"constraints":[-0.11104322846384569,-0.07015628427030716,0.26666666666666666,-0.05909090909090908,0.028337463541991164,-24.0,-8.0,0.010111932749319133,0.16666666666666669,-1402.3051329309326,-0.05356280193236712,0.00502645502645499]}}
{"op_code":8,"worker_id":"0cd98439-3174-4dab-af72-205409dd6544-27064","trial_id":57,"user_attr":{"deflated_objective":0.5847267948525924}}
{"op_code":9,"worker_id":"d88103a0-946d-49f2-bb15-cf5b90d6912e-18156","trial_id":58,"system_attr":{"constraints":[-0.11095072867054362,-0.07011516880779006,0.26666666666666666,-0.03484848484848485,0.028337463541991164,-24.0,-8.0,0.010205309970175151,0.16666666666666669,-1402.2443998544875,-0.05356280193236712,0.00502645502645499]}}
{"op_code":8,"worker_id":"f7c63caa-704a-41bf-ba6c-b9f92d100a4c-19068","trial_id":62,"user_attr":{"reg_kappa":3.450020816549357}}
{"op_code":6,"worker_id":"9267fdbc-0526-471c-9cc2-664bbb222d6f-4680","trial_id":59,"state":1,"values":[1.0426789567657848],"datetime_complete":"2026-07-14T11:40:11.517171"}
{"op_code":9,"worker_id":"0cd98439-3174-4dab-af72-205409dd6544-27064","trial_id":57,"system_attr":{"constraints":[-0.11076687194190409,-0.06903455898444814,0.26666666666666666,0.009595959595959602,0.04166948509713014,-23.0,-8.0,0.009768732406118794,0.16666666666666669,-1403.6811535111046,-0.05356280193236712,0.00502645502645499]}}
{"op_code":6,"worker_id":"d88103a0-946d-49f2-bb15-cf5b90d6912e-18156","trial_id":58,"state":1,"values":[1.0446797707355673],"datetime_complete":"2026-07-14T11:40:11.520863"}
{"op_code":8,"worker_id":"f7c63caa-704a-41bf-ba6c-b9f92d100a4c-19068","trial_id":62,"user_attr":{"raw_metrics":[0.3456196527994039,0.12024034069098162,0.3333333333333333,0.10156183088453556,0.12323232323232323,0.36904790290185935,-0.20704927180077418,-0.20067676901817322,0.5388888888888889]}}
{"op_code":4,"worker_id":"9267fdbc-0526-471c-9cc2-664bbb222d6f-4680","study_id":0,"datetime_start":"2026-07-14T11:40:11.524005"}
{"op_code":8,"worker_id":"bc418afb-e1a7-4747-a0a9-5a19e1437c21-30084","trial_id":64,"user_attr":{"constraints":[-0.09854823302036668,-0.13309761966292374,0.26666666666666666,0.013636363636363669,-0.3618211470384169,-33.0,-8.0,-0.013359697804424595,0.16666666666666669,-1390.3022494423342,-0.06745169082125596,-0.08888888888888885]}}
{"op_code":5,"worker_id":"9267fdbc-0526-471c-9cc2-664bbb222d6f-4680","trial_id":66,"param_name":"k_weight","param_value_internal":0.15223372248848022,"distribution":"{\"name\": \"FloatDistribution\", \"attributes\": {\"step\": null, \"low\": 0.0, \"high\": 1.5, \"log\": false}}"}
{"op_code":8,"worker_id":"f7c63caa-704a-41bf-ba6c-b9f92d100a4c-19068","trial_id":62,"user_attr":{"val_metrics":[0.11145962591058262,-0.04922410199089927,0.47878787878787876,0.40360391803085804,-3.5361729369045474]}}
{"op_code":5,"worker_id":"9267fdbc-0526-471c-9cc2-664bbb222d6f-4680","trial_id":66,"param_name":"unified_alpha","param_value_internal":0.0019645730827715624,"distribution":"{\"name\": \"FloatDistribution\", \"attributes\": {\"step\": null, \"low\": 1e-05, \"high\": 10.0, \"log\": true}}"}
{"op_code":8,"worker_id":"f7c63caa-704a-41bf-ba6c-b9f92d100a4c-19068","trial_id":62,"user_attr":{"deflated_objective":0.7315323414550825}}
{"op_code":9,"worker_id":"f7c63caa-704a-41bf-ba6c-b9f92d100a4c-19068","trial_id":62,"system_attr":{"constraints":[-0.10156183088453556,-0.12024034069098162,0.26666666666666666,0.12676767676767675,-0.36904790290185935,-49.0,-8.0,0.1192112381971127,0.5,-1376.655093166605,-0.08888888888888885,-0.07962962962962966]}}
{"op_code":6,"worker_id":"f7c63caa-704a-41bf-ba6c-b9f92d100a4c-19068","trial_id":62,"state":1,"values":[1.200615872585777],"datetime_complete":"2026-07-14T11:40:11.540566"}
{"op_code":5,"worker_id":"9267fdbc-0526-471c-9cc2-664bbb222d6f-4680","trial_id":66,"param_name":"unified_rho","param_value_internal":0.32056582014053253,"distribution":"{\"name\": \"FloatDistribution\", \"attributes\": {\"step\": null, \"low\": 0.0, \"high\": 1.0, \"log\": false}}"}
{"op_code":5,"worker_id":"9267fdbc-0526-471c-9cc2-664bbb222d6f-4680","trial_id":66,"param_name":"unified_gamma","param_value_internal":589.7097988987348,"distribution":"{\"name\": \"FloatDistribution\", \"attributes\": {\"step\": null, \"low\": 1.5, \"high\": 10000.0, \"log\": true}}"}
{"op_code":5,"worker_id":"8deb4187-ff06-4a54-af20-6a0443f06c58-12024","trial_id":65,"param_name":"huber_delta","param_value_internal":2.3264137724496754,"distribution":"{\"name\": \"FloatDistribution\", \"attributes\": {\"step\": null, \"low\": 0.5, \"high\": 5.0, \"log\": false}}"}
{"op_code":5,"worker_id":"9267fdbc-0526-471c-9cc2-664bbb222d6f-4680","trial_id":66,"param_name":"huber_delta","param_value_internal":2.4266658653190873,"distribution":"{\"name\": \"FloatDistribution\", \"attributes\": {\"step\": null, \"low\": 0.5, \"high\": 5.0, \"log\": false}}"}
{"op_code":8,"worker_id":"13997d5a-a4a3-4277-859a-04051364e4b1-29612","trial_id":63,"user_attr":{"constraints":[-0.09790378396999455,-0.16431901136610802,0.26666666666666666,-0.04292929292929293,-0.2591248646758245,-33.0,-8.0,0.03150823244877171,0.16666666666666669,-1390.0967381341545,-0.06745169082125596,-0.07962962962962966]}}
{"op_code":8,"worker_id":"13997d5a-a4a3-4277-859a-04051364e4b1-29612","trial_id":63,"user_attr":{"pruned_reasons":["M3 (Hit Rate < 60%)","Side-specific Yearly Tail IC Mean (-0.0315 <= 0)","Side-specific Hit Rate (33.33% < 50%)"]}}
{"op_code":8,"worker_id":"13997d5a-a4a3-4277-859a-04051364e4b1-29612","trial_id":63,"user_attr":{"gini":0.39492469628364146}}
{"op_code":8,"worker_id":"13997d5a-a4a3-4277-859a-04051364e4b1-29612","trial_id":63,"user_attr":{"cv_is_ics":[0.19293613731861115,0.19558453559875488,0.1612616330385208,0.19616630673408508,0.20535366237163544,0.21466122567653656,0.1989530622959137,0.21559788286685944,0.22683320939540863,0.19360269606113434,0.22294345498085022,0.2163415551185608,0.17820601165294647,0.19967177510261536,0.19172219932079315]}}
{"op_code":8,"worker_id":"13997d5a-a4a3-4277-859a-04051364e4b1-29612","trial_id":63,"user_attr":{"cv_oos_ics":[-0.013755050487816334,0.19159820675849915,0.14722898602485657,0.049148041754961014,-0.019544795155525208,0.018231721594929695,0.037722934037446976,-0.0160908754914999,-0.013595225289463997,0.0905357301235199,0.036978986114263535,0.14349640905857086,0.08956700563430786,0.034344758838415146,0.07242178171873093]}}
{"op_code":8,"worker_id":"13997d5a-a4a3-4277-859a-04051364e4b1-29612","trial_id":63,"user_attr":{"reg_kappa":3.4837939398201736}}
{"op_code":8,"worker_id":"13997d5a-a4a3-4277-859a-04051364e4b1-29612","trial_id":63,"user_attr":{"raw_metrics":[0.3810080398936233,0.16431901136610802,0.3333333333333333,0.09790378396999455,0.29292929292929293,0.2591248646758245,-0.2801718287332757,-0.29293549060821533,0.517451690821256]}}
{"op_code":8,"worker_id":"13997d5a-a4a3-4277-859a-04051364e4b1-29612","trial_id":63,"user_attr":{"val_metrics":[0.12393672745926265,0.07262108958599864,0.6484848484848484,0.3865367179363966,-4.1044884267250525]}}
{"op_code":8,"worker_id":"bc418afb-e1a7-4747-a0a9-5a19e1437c21-30084","trial_id":64,"user_attr":{"pruned_reasons":["M3 (Hit Rate < 60%)","M5 (Monotonicity <= 0.25)","Side-specific Hit Rate (33.33% < 50%)"]}}
{"op_code":8,"worker_id":"bc418afb-e1a7-4747-a0a9-5a19e1437c21-30084","trial_id":64,"user_attr":{"gini":0.4078816497385578}}
{"op_code":8,"worker_id":"bc418afb-e1a7-4747-a0a9-5a19e1437c21-30084","trial_id":64,"user_attr":{"cv_is_ics":[0.19359073042869568,0.19664011895656586,0.1619137078523636,0.19648422300815582,0.2060975730419159,0.2146102637052536,0.19922615587711334,0.21661882102489471,0.22742322087287903,0.19351643323898315,0.22296199202537537,0.21732403337955475,0.17926861345767975,0.20128288865089417,0.19252726435661316]}}
{"op_code":8,"worker_id":"13997d5a-a4a3-4277-859a-04051364e4b1-29612","trial_id":63,"user_attr":{"deflated_objective":0.5750878888193749}}
{"op_code":9,"worker_id":"13997d5a-a4a3-4277-859a-04051364e4b1-29612","trial_id":63,"system_attr":{"constraints":[-0.09790378396999455,-0.16431901136610802,0.26666666666666666,-0.04292929292929293,-0.2591248646758245,-33.0,-8.0,0.03150823244877171,0.16666666666666669,-1390.0967381341545,-0.06745169082125596,-0.07962962962962966]}}
{"op_code":8,"worker_id":"44e05e09-9846-4904-a34b-5c12038a22e2-27448","trial_id":61,"user_attr":{"reg_kappa":3.465209533921381}}
{"op_code":8,"worker_id":"bc418afb-e1a7-4747-a0a9-5a19e1437c21-30084","trial_id":64,"user_attr":{"cv_oos_ics":[-0.014009305275976658,0.19064272940158844,0.1480753868818283,0.047235168516635895,-0.019543712958693504,0.019586466252803802,0.03899525851011276,-0.019193485379219055,-0.011322861537337303,0.0929400622844696,0.036909736692905426,0.14168773591518402,0.08822537213563919,0.034508150070905685,0.06969284266233444]}}
{"op_code":6,"worker_id":"13997d5a-a4a3-4277-859a-04051364e4b1-29612","trial_id":63,"state":1,"values":[1.040245160428936],"datetime_complete":"2026-07-14T11:40:11.574061"}
{"op_code":8,"worker_id":"44e05e09-9846-4904-a34b-5c12038a22e2-27448","trial_id":61,"user_attr":{"raw_metrics":[0.27364711229309047,0.08782094727604851,0.3333333333333333,0.10608959386539295,0.14343434343434344,0.2187515924422853,-0.24134375163548757,-0.2563193440437317,0.5102053140096617]}}
{"op_code":8,"worker_id":"bc418afb-e1a7-4747-a0a9-5a19e1437c21-30084","trial_id":64,"user_attr":{"reg_kappa":3.4719738853024507}}
{"op_code":8,"worker_id":"bc418afb-e1a7-4747-a0a9-5a19e1437c21-30084","trial_id":64,"user_attr":{"raw_metrics":[0.3538015751551054,0.13309761966292374,0.3333333333333333,0.09854823302036668,0.23636363636363633,0.3618211470384169,-0.2812204137049598,-0.29231131076812744,0.517451690821256]}}
{"op_code":8,"worker_id":"bc418afb-e1a7-4747-a0a9-5a19e1437c21-30084","trial_id":64,"user_attr":{"val_metrics":[0.12064097610837288,0.08722488019981944,0.7575757575757576,0.3865367179363966,-4.0969146878600755]}}
{"op_code":8,"worker_id":"44e05e09-9846-4904-a34b-5c12038a22e2-27448","trial_id":61,"user_attr":{"val_metrics":[0.11978745136441069,0.10283081964907081,0.6606060606060606,0.3034625144054492,-4.927643894325168]}}
{"op_code":8,"worker_id":"9267fdbc-0526-471c-9cc2-664bbb222d6f-4680","trial_id":66,"user_attr":{"constraints":[-0.09431696273309903,-0.10839251126683398,0.26666666666666666,0.021717171717171718,-0.36148671039474617,-49.0,-8.0,0.09909863962842315,0.16666666666666669,-1376.6238190767176,-0.08828502415458933,-0.07936507936507936]}}
{"op_code":8,"worker_id":"bc418afb-e1a7-4747-a0a9-5a19e1437c21-30084","trial_id":64,"user_attr":{"deflated_objective":0.5993544017310231}}
{"op_code":4,"worker_id":"5c128bdb-1ec2-4d9f-a92c-8b48dab43d95-29612","study_id":0,"datetime_start":"2026-07-14T11:40:11.588395"}
{"op_code":9,"worker_id":"bc418afb-e1a7-4747-a0a9-5a19e1437c21-30084","trial_id":64,"system_attr":{"constraints":[-0.09854823302036668,-0.13309761966292374,0.26666666666666666,0.013636363636363669,-0.3618211470384169,-33.0,-8.0,-0.013359697804424595,0.16666666666666669,-1390.3022494423342,-0.06745169082125596,-0.08888888888888885]}}
{"op_code":5,"worker_id":"5c128bdb-1ec2-4d9f-a92c-8b48dab43d95-29612","trial_id":67,"param_name":"k_weight","param_value_internal":0.5104683675114525,"distribution":"{\"name\": \"FloatDistribution\", \"attributes\": {\"step\": null, \"low\": 0.0, \"high\": 1.5, \"log\": false}}"}
{"op_code":8,"worker_id":"8deb4187-ff06-4a54-af20-6a0443f06c58-12024","trial_id":65,"user_attr":{"constraints":[-0.09815566980958418,-0.17044317334173317,0.26666666666666666,-0.026767676767676774,-0.26505464139965856,-32.0,-8.0,0.04480624228219401,0.16666666666666669,-1391.7073705020464,-0.060205314009661726,-0.08888888888888885]}}
{"op_code":5,"worker_id":"5c128bdb-1ec2-4d9f-a92c-8b48dab43d95-29612","trial_id":67,"param_name":"unified_alpha","param_value_internal":0.002361920492447842,"distribution":"{\"name\": \"FloatDistribution\", \"attributes\": {\"step\": null, \"low\": 1e-05, \"high\": 10.0, \"log\": true}}"}
{"op_code":6,"worker_id":"bc418afb-e1a7-4747-a0a9-5a19e1437c21-30084","trial_id":64,"state":1,"values":[1.059695687992512],"datetime_complete":"2026-07-14T11:40:11.593999"}
{"op_code":4,"worker_id":"bc418afb-e1a7-4747-a0a9-5a19e1437c21-30084","study_id":0,"datetime_start":"2026-07-14T11:40:11.600252"}
{"op_code":5,"worker_id":"5c128bdb-1ec2-4d9f-a92c-8b48dab43d95-29612","trial_id":67,"param_name":"unified_rho","param_value_internal":0.3345165427827134,"distribution":"{\"name\": \"FloatDistribution\", \"attributes\": {\"step\": null, \"low\": 0.0, \"high\": 1.0, \"log\": false}}"}
{"op_code":8,"worker_id":"05639395-b436-4576-b602-b064f08fc288-20880","trial_id":7,"user_attr":{"cv_is_ics":[0.0,0.0,0.0,0.0,0.0,0.0,0.0,0.0,0.0,0.0,0.0,0.0,0.0,0.0,0.0]}}
{"op_code":5,"worker_id":"5c128bdb-1ec2-4d9f-a92c-8b48dab43d95-29612","trial_id":67,"param_name":"unified_gamma","param_value_internal":66.3303531186697,"distribution":"{\"name\": \"FloatDistribution\", \"attributes\": {\"step\": null, \"low\": 1.5, \"high\": 10000.0, \"log\": true}}"}
{"op_code":8,"worker_id":"44e05e09-9846-4904-a34b-5c12038a22e2-27448","trial_id":61,"user_attr":{"deflated_objective":0.2664553332600361}}
{"op_code":5,"worker_id":"5c128bdb-1ec2-4d9f-a92c-8b48dab43d95-29612","trial_id":67,"param_name":"huber_delta","param_value_internal":2.103414809571719,"distribution":"{\"name\": \"FloatDistribution\", \"attributes\": {\"step\": null, \"low\": 0.5, \"high\": 5.0, \"log\": false}}"}
{"op_code":9,"worker_id":"44e05e09-9846-4904-a34b-5c12038a22e2-27448","trial_id":61,"system_attr":{"constraints":[-0.10608959386539295,-0.08782094727604851,0.26666666666666666,0.10656565656565656,-0.2187515924422853,-40.0,-8.0,0.00887378191346544,-0.16666666666666663,-1382.7093739011373,-0.060205314009661726,-0.06111111111111106]}}
{"op_code":5,"worker_id":"bc418afb-e1a7-4747-a0a9-5a19e1437c21-30084","trial_id":68,"param_name":"k_weight","param_value_internal":0.23474943844757315,"distribution":"{\"name\": \"FloatDistribution\", \"attributes\": {\"step\": null, \"low\": 0.0, \"high\": 1.5, \"log\": false}}"}
{"op_code":8,"worker_id":"8deb4187-ff06-4a54-af20-6a0443f06c58-12024","trial_id":65,"user_attr":{"pruned_reasons":["M3 (Hit Rate < 60%)","Side-specific Yearly Tail IC Mean (-0.0448 <= 0)","Side-specific Hit Rate (33.33% < 50%)"]}}
{"op_code":8,"worker_id":"05639395-b436-4576-b602-b064f08fc288-20880","trial_id":7,"user_attr":{"cv_oos_ics":[0.0,0.0,0.0,0.0,0.0,0.0,0.0,0.0,0.0,0.0,0.0,0.0,0.0,0.0,0.0]}}
{"op_code":5,"worker_id":"bc418afb-e1a7-4747-a0a9-5a19e1437c21-30084","trial_id":68,"param_name":"unified_alpha","param_value_internal":0.00017953078655484533,"distribution":"{\"name\": \"FloatDistribution\", \"attributes\": {\"step\": null, \"low\": 1e-05, \"high\": 10.0, \"log\": true}}"}
{"op_code":8,"worker_id":"05639395-b436-4576-b602-b064f08fc288-20880","trial_id":7,"user_attr":{"reg_kappa":1.294376475866117}}
{"op_code":8,"worker_id":"8deb4187-ff06-4a54-af20-6a0443f06c58-12024","trial_id":65,"user_attr":{"gini":0.40666360955438896}}
{"op_code":5,"worker_id":"bc418afb-e1a7-4747-a0a9-5a19e1437c21-30084","trial_id":68,"param_name":"unified_rho","param_value_internal":0.7828064138489415,"distribution":"{\"name\": \"FloatDistribution\", \"attributes\": {\"step\": null, \"low\": 0.0, \"high\": 1.0, \"log\": false}}"}
{"op_code":8,"worker_id":"8deb4187-ff06-4a54-af20-6a0443f06c58-12024","trial_id":65,"user_attr":{"cv_is_ics":[0.1918453872203827,0.19441302120685577,0.16050264239311218,0.19592402875423431,0.2053254097700119,0.21397455036640167,0.19809728860855103,0.217293381690979,0.22772252559661865,0.1925276517868042,0.22143934667110443,0.21815943717956543,0.17894326150417328,0.2012317031621933,0.19253775477409363]}}
{"op_code":8,"worker_id":"05639395-b436-4576-b602-b064f08fc288-20880","trial_id":7,"user_attr":{"raw_metrics":[-1.4054891752539378,-0.07817796582704296,0.0,-0.10046355021860108,-0.30707070707070705,-0.16741104529045772,-0.0,-0.0,0.40356280193236715]}}
{"op_code":5,"worker_id":"bc418afb-e1a7-4747-a0a9-5a19e1437c21-30084","trial_id":68,"param_name":"unified_gamma","param_value_internal":883.2334846138531,"distribution":"{\"name\": \"FloatDistribution\", \"attributes\": {\"step\": null, \"low\": 1.5, \"high\": 10000.0, \"log\": true}}"}
{"op_code":5,"worker_id":"bc418afb-e1a7-4747-a0a9-5a19e1437c21-30084","trial_id":68,"param_name":"huber_delta","param_value_internal":1.9780072447378887,"distribution":"{\"name\": \"FloatDistribution\", \"attributes\": {\"step\": null, \"low\": 0.5, \"high\": 5.0, \"log\": false}}"}
{"op_code":8,"worker_id":"8deb4187-ff06-4a54-af20-6a0443f06c58-12024","trial_id":65,"user_attr":{"cv_oos_ics":[-0.014999906532466412,0.19210244715213776,0.14788277447223663,0.04606300964951515,-0.020600920543074608,0.020586295053362846,0.03843173757195473,-0.021974720060825348,-0.011097789742052555,0.0944376289844513,0.03668466955423355,0.14127494394779205,0.08965505659580231,0.03079233691096306,0.06966254860162735]}}
{"op_code":4,"worker_id":"5938e42a-810e-4035-989b-93bfbdc0e901-19068","study_id":0,"datetime_start":"2026-07-14T11:40:11.622049"}
{"op_code":8,"worker_id":"f4f5d9ae-3422-40d8-985d-e1dbe227e1c7-31524","trial_id":53,"user_attr":{"pruned_reasons":["M3 (Hit Rate < 60%)","M5 (Monotonicity <= 0.25)","Side-specific Yearly Tail IC Mean (-0.0725 <= 0)","Side-specific Hit Rate (33.33% < 50%)"]}}
{"op_code":5,"worker_id":"5938e42a-810e-4035-989b-93bfbdc0e901-19068","trial_id":69,"param_name":"k_weight","param_value_internal":0.5341350086143666,"distribution":"{\"name\": \"FloatDistribution\", \"attributes\": {\"step\": null, \"low\": 0.0, \"high\": 1.5, \"log\": false}}"}
{"op_code":8,"worker_id":"f4f5d9ae-3422-40d8-985d-e1dbe227e1c7-31524","trial_id":53,"user_attr":{"gini":0.4213730632069086}}
{"op_code":5,"worker_id":"5938e42a-810e-4035-989b-93bfbdc0e901-19068","trial_id":69,"param_name":"unified_alpha","param_value_internal":0.0023105569305214807,"distribution":"{\"name\": \"FloatDistribution\", \"attributes\": {\"step\": null, \"low\": 1e-05, \"high\": 10.0, \"log\": true}}"}
{"op_code":8,"worker_id":"f4f5d9ae-3422-40d8-985d-e1dbe227e1c7-31524","trial_id":53,"user_attr":{"cv_is_ics":[0.1859259307384491,0.1872721016407013,0.14765894412994385,0.1894264668226242,0.19976770877838135,0.20750951766967773,0.18892472982406616,0.2127058207988739,0.2186114341020584,0.1874525547027588,0.22473037242889404,0.21182367205619812,0.17519104480743408,0.19603537023067474,0.19048041105270386]}}
{"op_code":8,"worker_id":"8deb4187-ff06-4a54-af20-6a0443f06c58-12024","trial_id":65,"user_attr":{"reg_kappa":3.4719965633833305}}
{"op_code":8,"worker_id":"f4f5d9ae-3422-40d8-985d-e1dbe227e1c7-31524","trial_id":53,"user_attr":{"cv_oos_ics":[-0.014080848544836044,0.1912616789340973,0.16044114530086517,0.05848897248506546,-0.018916098400950432,0.013772529549896717,0.030150609090924263,-0.017855148762464523,-0.014391634613275528,0.0917389765381813,0.049594584852457047,0.14031103253364563,0.08646991103887558,0.05016238987445831,0.06637202203273773]}}
{"op_code":5,"worker_id":"5938e42a-810e-4035-989b-93bfbdc0e901-19068","trial_id":69,"param_name":"unified_rho","param_value_internal":0.7771752564808828,"distribution":"{\"name\": \"FloatDistribution\", \"attributes\": {\"step\": null, \"low\": 0.0, \"high\": 1.0, \"log\": false}}"}
{"op_code":8,"worker_id":"5c128bdb-1ec2-4d9f-a92c-8b48dab43d95-29612","trial_id":67,"user_attr":{"constraints":[-0.09200539342002793,-0.13802700683895347,0.26666666666666666,0.05000000000000002,-0.39116469530649667,-42.0,-8.0,0.10187393949437074,0.16666666666666669,-1381.5588769502715,-0.08828502415458933,-0.09788359788359785]}}
{"op_code":5,"worker_id":"5938e42a-810e-4035-989b-93bfbdc0e901-19068","trial_id":69,"param_name":"unified_gamma","param_value_internal":966.0207005637714,"distribution":"{\"name\": \"FloatDistribution\", \"attributes\": {\"step\": null, \"low\": 1.5, \"high\": 10000.0, \"log\": true}}"}
{"op_code":8,"worker_id":"5c128bdb-1ec2-4d9f-a92c-8b48dab43d95-29612","trial_id":67,"user_attr":{"pruned_reasons":["M3 (Hit Rate < 60%)","M5 (Monotonicity <= 0.25)","Side-specific Yearly Tail IC Mean (-0.1019 <= 0)","Side-specific Hit Rate (33.33% < 50%)"]}}
{"op_code":5,"worker_id":"5938e42a-810e-4035-989b-93bfbdc0e901-19068","trial_id":69,"param_name":"huber_delta","param_value_internal":3.2062944696527422,"distribution":"{\"name\": \"FloatDistribution\", \"attributes\": {\"step\": null, \"low\": 0.5, \"high\": 5.0, \"log\": false}}"}
{"op_code":8,"worker_id":"f4f5d9ae-3422-40d8-985d-e1dbe227e1c7-31524","trial_id":53,"user_attr":{"reg_kappa":3.401605567341002}}
{"op_code":8,"worker_id":"f4f5d9ae-3422-40d8-985d-e1dbe227e1c7-31524","trial_id":53,"user_attr":{"raw_metrics":[0.3587471098029467,0.12452325688857828,0.3333333333333333,0.10333192771038242,0.18383838383838383,0.17627314126271987,-0.25348476542480747,-0.26587533950805664,0.5029589371980676]}}
{"op_code":8,"worker_id":"f4f5d9ae-3422-40d8-985d-e1dbe227e1c7-31524","trial_id":53,"user_attr":{"val_metrics":[0.1201918405988112,-0.0089475629300802,0.6484848484848484,0.3636562765886386,-5.001908437380954]}}
{"op_code":4,"worker_id":"d88103a0-946d-49f2-bb15-cf5b90d6912e-18156","study_id":0,"datetime_start":"2026-07-14T11:40:11.527370"}
{"op_code":8,"worker_id":"8deb4187-ff06-4a54-af20-6a0443f06c58-12024","trial_id":65,"user_attr":{"raw_metrics":[0.3997066890311546,0.17044317334173317,0.3333333333333333,0.09815566980958418,0.2767676767676768,0.26505464139965856,-0.2888853379674271,-0.29791948199272156,0.5102053140096617]}}
{"op_code":8,"worker_id":"5c128bdb-1ec2-4d9f-a92c-8b48dab43d95-29612","trial_id":67,"user_attr":{"gini":0.4339179891422884}}
{"op_code":8,"worker_id":"5c128bdb-1ec2-4d9f-a92c-8b48dab43d95-29612","trial_id":67,"user_attr":{"cv_is_ics":[0.19814929366111755,0.19980624318122864,0.17626158893108368,0.2018333226442337,0.20887580513954163,0.21442857384681702,0.2121024876832962,0.21482858061790466,0.23019276559352875,0.19565339386463165,0.22442851960659027,0.22250713407993317,0.18506067991256714,0.20878662168979645,0.19592677056789398]}}
{"op_code":5,"worker_id":"d88103a0-946d-49f2-bb15-cf5b90d6912e-18156","trial_id":70,"param_name":"k_weight","param_value_internal":0.23143961589026338,"distribution":"{\"name\": \"FloatDistribution\", \"attributes\": {\"step\": null, \"low\": 0.0, \"high\": 1.5, \"log\": false}}"}
{"op_code":8,"worker_id":"f4f5d9ae-3422-40d8-985d-e1dbe227e1c7-31524","trial_id":53,"user_attr":{"deflated_objective":0.19543567463654637}}
{"op_code":8,"worker_id":"8deb4187-ff06-4a54-af20-6a0443f06c58-12024","trial_id":65,"user_attr":{"val_metrics":[0.12060543000193644,0.08726952315823527,0.7212121212121212,0.3865367179363966,-4.210093279188704]}}
{"op_code":5,"worker_id":"d88103a0-946d-49f2-bb15-cf5b90d6912e-18156","trial_id":70,"param_name":"unified_alpha","param_value_internal":0.0002816543285008869,"distribution":"{\"name\": \"FloatDistribution\", \"attributes\": {\"step\": null, \"low\": 1e-05, \"high\": 10.0, \"log\": true}}"}
{"op_code":5,"worker_id":"d88103a0-946d-49f2-bb15-cf5b90d6912e-18156","trial_id":70,"param_name":"unified_rho","param_value_internal":0.6410028111781115,"distribution":"{\"name\": \"FloatDistribution\", \"attributes\": {\"step\": null, \"low\": 0.0, \"high\": 1.0, \"log\": false}}"}
{"op_code":9,"worker_id":"f4f5d9ae-3422-40d8-985d-e1dbe227e1c7-31524","trial_id":53,"system_attr":{"constraints":[-0.10333192771038242,-0.12452325688857828,0.26666666666666666,0.06616161616161617,-0.17627314126271987,-38.0,-8.0,0.07254240732145877,0.16666666666666669,-1385.1341801077078,-0.0529589371980676,-0.06111111111111106]}}
{"op_code":5,"worker_id":"d88103a0-946d-49f2-bb15-cf5b90d6912e-18156","trial_id":70,"param_name":"unified_gamma","param_value_internal":67.76836006202252,"distribution":"{\"name\": \"FloatDistribution\", \"attributes\": {\"step\": null, \"low\": 1.5, \"high\": 10000.0, \"log\": true}}"}
{"op_code":6,"worker_id":"f4f5d9ae-3422-40d8-985d-e1dbe227e1c7-31524","trial_id":53,"state":1,"values":[0.6482752065132957],"datetime_complete":"2026-07-14T11:40:11.673232"}
{"op_code":8,"worker_id":"8deb4187-ff06-4a54-af20-6a0443f06c58-12024","trial_id":65,"user_attr":{"deflated_objective":0.5559302508003046}}
{"op_code":5,"worker_id":"d88103a0-946d-49f2-bb15-cf5b90d6912e-18156","trial_id":70,"param_name":"huber_delta","param_value_internal":3.2005595006536827,"distribution":"{\"name\": \"FloatDistribution\", \"attributes\": {\"step\": null, \"low\": 0.5, \"high\": 5.0, \"log\": false}}"}
{"op_code":9,"worker_id":"8deb4187-ff06-4a54-af20-6a0443f06c58-12024","trial_id":65,"system_attr":{"constraints":[-0.09815566980958418,-0.17044317334173317,0.26666666666666666,-0.026767676767676774,-0.26505464139965856,-32.0,-8.0,0.04480624228219401,0.16666666666666669,-1391.7073705020464,-0.060205314009661726,-0.08888888888888885]}}
{"op_code":6,"worker_id":"44e05e09-9846-4904-a34b-5c12038a22e2-27448","trial_id":61,"state":1,"values":[0.7238640590483927],"datetime_complete":"2026-07-14T11:40:11.612866"}
{"op_code":4,"worker_id":"f4f5d9ae-3422-40d8-985d-e1dbe227e1c7-31524","study_id":0,"datetime_start":"2026-07-14T11:40:11.677170"}
{"op_code":4,"worker_id":"44e05e09-9846-4904-a34b-5c12038a22e2-27448","study_id":0,"datetime_start":"2026-07-14T11:40:11.682649"}
{"op_code":6,"worker_id":"8deb4187-ff06-4a54-af20-6a0443f06c58-12024","trial_id":65,"state":1,"values":[1.010802190402309],"datetime_complete":"2026-07-14T11:40:11.680638"}
{"op_code":5,"worker_id":"44e05e09-9846-4904-a34b-5c12038a22e2-27448","trial_id":72,"param_name":"k_weight","param_value_internal":0.5078664966266481,"distribution":"{\"name\": \"FloatDistribution\", \"attributes\": {\"step\": null, \"low\": 0.0, \"high\": 1.5, \"log\": false}}"}
{"op_code":5,"worker_id":"f4f5d9ae-3422-40d8-985d-e1dbe227e1c7-31524","trial_id":71,"param_name":"k_weight","param_value_internal":0.553616471692872,"distribution":"{\"name\": \"FloatDistribution\", \"attributes\": {\"step\": null, \"low\": 0.0, \"high\": 1.5, \"log\": false}}"}
{"op_code":4,"worker_id":"8deb4187-ff06-4a54-af20-6a0443f06c58-12024","study_id":0,"datetime_start":"2026-07-14T11:40:11.686813"}
{"op_code":8,"worker_id":"bc418afb-e1a7-4747-a0a9-5a19e1437c21-30084","trial_id":68,"user_attr":{"constraints":[-0.08047919044253886,-0.10018468969175982,0.26666666666666666,0.10252525252525252,-0.3313844463184188,-48.0,-8.0,0.08158704923410805,0.16666666666666669,-1377.101559020115,-0.08134057971014491,-0.09788359788359785]}}
{"op_code":5,"worker_id":"f4f5d9ae-3422-40d8-985d-e1dbe227e1c7-31524","trial_id":71,"param_name":"unified_alpha","param_value_internal":0.003561377800034505,"distribution":"{\"name\": \"FloatDistribution\", \"attributes\": {\"step\": null, \"low\": 1e-05, \"high\": 10.0, \"log\": true}}"}
{"op_code":5,"worker_id":"8deb4187-ff06-4a54-af20-6a0443f06c58-12024","trial_id":73,"param_name":"k_weight","param_value_internal":0.5041678659323791,"distribution":"{\"name\": \"FloatDistribution\", \"attributes\": {\"step\": null, \"low\": 0.0, \"high\": 1.5, \"log\": false}}"}
{"op_code":8,"worker_id":"5938e42a-810e-4035-989b-93bfbdc0e901-19068","trial_id":69,"user_attr":{"constraints":[-0.10560972616401848,-0.08614634400485621,0.26666666666666666,-0.006565656565656608,-0.2983796559502753,-41.0,-8.0,-0.0022636179548361493,-0.16666666666666663,-1382.097208571293,-0.06714975845410626,-0.05158730158730157]}}
{"op_code":5,"worker_id":"8deb4187-ff06-4a54-af20-6a0443f06c58-12024","trial_id":73,"param_name":"unified_alpha","param_value_internal":0.005468574391275897,"distribution":"{\"name\": \"FloatDistribution\", \"attributes\": {\"step\": null, \"low\": 1e-05, \"high\": 10.0, \"log\": true}}"}
{"op_code":8,"worker_id":"5938e42a-810e-4035-989b-93bfbdc0e901-19068","trial_id":69,"user_attr":{"pruned_reasons":["M3 (Hit Rate < 60%)"]}}
{"op_code":8,"worker_id":"5938e42a-810e-4035-989b-93bfbdc0e901-19068","trial_id":69,"user_attr":{"gini":0.4429842384681262}}
{"op_code":8,"worker_id":"5c128bdb-1ec2-4d9f-a92c-8b48dab43d95-29612","trial_id":67,"user_attr":{"cv_oos_ics":[-0.0040438552387058735,0.17886213958263397,0.1295834332704544,0.04504384100437164,-0.015636269003152847,0.028222432360053062,0.05844336003065109,-0.0168513935059309,-0.006163515150547028,0.10708580166101456,0.026479875668883324,0.13261887431144714,0.07831995189189911,0.018431903794407845,0.06680376082658768]}}
{"op_code":8,"worker_id":"5c128bdb-1ec2-4d9f-a92c-8b48dab43d95-29612","trial_id":67,"user_attr":{"reg_kappa":3.4517469816132422}}
{"op_code":5,"worker_id":"8deb4187-ff06-4a54-af20-6a0443f06c58-12024","trial_id":73,"param_name":"unified_rho","param_value_internal":0.7827364522699617,"distribution":"{\"name\": \"FloatDistribution\", \"attributes\": {\"step\": null, \"low\": 0.0, \"high\": 1.0, \"log\": false}}"}
{"op_code":8,"worker_id":"5938e42a-810e-4035-989b-93bfbdc0e901-19068","trial_id":69,"user_attr":{"cv_is_ics":[0.18947875499725342,0.1965535432100296,0.16203899681568146,0.1933722198009491,0.2018238753080368,0.20814712345600128,0.19736675918102264,0.2146507203578949,0.2224622219800949,0.19442889094352722,0.22403743863105774,0.2146066427230835,0.17955173552036285,0.1988801211118698,0.19065216183662415]}}
{"op_code":5,"worker_id":"44e05e09-9846-4904-a34b-5c12038a22e2-27448","trial_id":72,"param_name":"unified_alpha","param_value_internal":0.004072699424266588,"distribution":"{\"name\": \"FloatDistribution\", \"attributes\": {\"step\": null, \"low\": 1e-05, \"high\": 10.0, \"log\": true}}"}
{"op_code":8,"worker_id":"5c128bdb-1ec2-4d9f-a92c-8b48dab43d95-29612","trial_id":67,"user_attr":{"raw_metrics":[0.3640237424849867,0.13802700683895347,0.3333333333333333,0.09200539342002793,0.19999999999999998,0.39116469530649667,-0.2353850638146798,-0.2506760060787201,0.5382850241545893]}}
{"op_code":5,"worker_id":"44e05e09-9846-4904-a34b-5c12038a22e2-27448","trial_id":72,"param_name":"unified_rho","param_value_internal":0.7642592202136933,"distribution":"{\"name\": \"FloatDistribution\", \"attributes\": {\"step\": null, \"low\": 0.0, \"high\": 1.0, \"log\": false}}"}
{"op_code":5,"worker_id":"f4f5d9ae-3422-40d8-985d-e1dbe227e1c7-31524","trial_id":71,"param_name":"unified_rho","param_value_internal":0.6337830439310344,"distribution":"{\"name\": \"FloatDistribution\", \"attributes\": {\"step\": null, \"low\": 0.0, \"high\": 1.0, \"log\": false}}"}
{"op_code":8,"worker_id":"5c128bdb-1ec2-4d9f-a92c-8b48dab43d95-29612","trial_id":67,"user_attr":{"val_metrics":[0.11360493798139401,0.02127265278614232,0.7454545454545455,0.47968219824135305,-5.492099274184556]}}
{"op_code":5,"worker_id":"44e05e09-9846-4904-a34b-5c12038a22e2-27448","trial_id":72,"param_name":"unified_gamma","param_value_internal":970.573178094531,"distribution":"{\"name\": \"FloatDistribution\", \"attributes\": {\"step\": null, \"low\": 1.5, \"high\": 10000.0, \"log\": true}}"}
{"op_code":5,"worker_id":"8deb4187-ff06-4a54-af20-6a0443f06c58-12024","trial_id":73,"param_name":"unified_gamma","param_value_internal":51.61577133440881,"distribution":"{\"name\": \"FloatDistribution\", \"attributes\": {\"step\": null, \"low\": 1.5, \"high\": 10000.0, \"log\": true}}"}
{"op_code":8,"worker_id":"5938e42a-810e-4035-989b-93bfbdc0e901-19068","trial_id":69,"user_attr":{"cv_oos_ics":[-0.010712803341448307,0.18958012759685516,0.1494181752204895,0.06393812596797943,-0.01602906920015812,0.01925860159099102,0.036479223519563675,-0.015707863494753838,-0.016330717131495476,0.09625764936208725,0.049743905663490295,0.1385725736618042,0.08640827983617783,0.04348496347665787,0.07190347462892532]}}
{"op_code":5,"worker_id":"8deb4187-ff06-4a54-af20-6a0443f06c58-12024","trial_id":73,"param_name":"huber_delta","param_value_internal":3.1603694988280644,"distribution":"{\"name\": \"FloatDistribution\", \"attributes\": {\"step\": null, \"low\": 0.5, \"high\": 5.0, \"log\": false}}"}
{"op_code":8,"worker_id":"5c128bdb-1ec2-4d9f-a92c-8b48dab43d95-29612","trial_id":67,"user_attr":{"deflated_objective":0.039007780161554706}}
{"op_code":5,"worker_id":"44e05e09-9846-4904-a34b-5c12038a22e2-27448","trial_id":72,"param_name":"huber_delta","param_value_internal":3.2079359170093773,"distribution":"{\"name\": \"FloatDistribution\", \"attributes\": {\"step\": null, \"low\": 0.5, \"high\": 5.0, \"log\": false}}"}
{"op_code":9,"worker_id":"5c128bdb-1ec2-4d9f-a92c-8b48dab43d95-29612","trial_id":67,"system_attr":{"constraints":[-0.09200539342002793,-0.13802700683895347,0.26666666666666666,0.05000000000000002,-0.39116469530649667,-42.0,-8.0,0.10187393949437074,0.16666666666666669,-1381.5588769502715,-0.08828502415458933,-0.09788359788359785]}}
{"op_code":6,"worker_id":"5c128bdb-1ec2-4d9f-a92c-8b48dab43d95-29612","trial_id":67,"state":1,"values":[0.4733252375310671],"datetime_complete":"2026-07-14T11:40:11.723571"}
{"op_code":4,"worker_id":"5c128bdb-1ec2-4d9f-a92c-8b48dab43d95-29612","study_id":0,"datetime_start":"2026-07-14T11:40:11.725436"}
{"op_code":8,"worker_id":"5938e42a-810e-4035-989b-93bfbdc0e901-19068","trial_id":69,"user_attr":{"reg_kappa":3.4603475810506215}}
{"op_code":8,"worker_id":"5938e42a-810e-4035-989b-93bfbdc0e901-19068","trial_id":69,"user_attr":{"raw_metrics":[0.2827738713262296,0.08614634400485621,0.3333333333333333,0.10560972616401848,0.2565656565656566,0.2983796559502753,-0.23818630531067775,-0.2464131861925125,0.5171497584541063]}}
{"op_code":8,"worker_id":"5938e42a-810e-4035-989b-93bfbdc0e901-19068","trial_id":69,"user_attr":{"val_metrics":[0.11917187643882894,-4.329727974117237e-05,0.6121212121212121,0.31342269144952295,-4.330841190647001]}}
{"op_code":5,"worker_id":"f4f5d9ae-3422-40d8-985d-e1dbe227e1c7-31524","trial_id":71,"param_name":"unified_gamma","param_value_internal":64.43282445877553,"distribution":"{\"name\": \"FloatDistribution\", \"attributes\": {\"step\": null, \"low\": 1.5, \"high\": 10000.0, \"log\": true}}"}
{"op_code":5,"worker_id":"f4f5d9ae-3422-40d8-985d-e1dbe227e1c7-31524","trial_id":71,"param_name":"huber_delta","param_value_internal":3.1785231812226296,"distribution":"{\"name\": \"FloatDistribution\", \"attributes\": {\"step\": null, \"low\": 0.5, \"high\": 5.0, \"log\": false}}"}
{"op_code":8,"worker_id":"d88103a0-946d-49f2-bb15-cf5b90d6912e-18156","trial_id":70,"user_attr":{"constraints":[-0.10079362273888119,-0.12294326527179704,0.26666666666666666,0.04191919191919194,-0.39560628095380784,-48.0,-8.0,0.09347210475542726,0.16666666666666669,-1377.0737314146832,-0.08164251207729462,-0.07962962962962966]}}
{"op_code":8,"worker_id":"d88103a0-946d-49f2-bb15-cf5b90d6912e-18156","trial_id":70,"user_attr":{"pruned_reasons":["M3 (Hit Rate < 60%)","M5 (Monotonicity <= 0.25)","Side-specific Yearly Tail IC Mean (-0.0935 <= 0)","Side-specific Hit Rate (33.33% < 50%)"]}}
{"op_code":8,"worker_id":"d88103a0-946d-49f2-bb15-cf5b90d6912e-18156","trial_id":70,"user_attr":{"gini":0.4472443003799338}}
{"op_code":8,"worker_id":"d88103a0-946d-49f2-bb15-cf5b90d6912e-18156","trial_id":70,"user_attr":{"cv_is_ics":[0.1898099035024643,0.20399074256420135,0.1763402223587036,0.1944354623556137,0.20343901216983795,0.21232670545578003,0.2085603028535843,0.21504315733909607,0.22664226591587067,0.20011158287525177,0.227810338139534,0.225172221660614,0.1864200234413147,0.20681233704090118,0.19668544828891754]}}
{"op_code":8,"worker_id":"5938e42a-810e-4035-989b-93bfbdc0e901-19068","trial_id":69,"user_attr":{"deflated_objective":0.48644583436734384}}
{"op_code":5,"worker_id":"5c128bdb-1ec2-4d9f-a92c-8b48dab43d95-29612","trial_id":74,"param_name":"k_weight","param_value_internal":0.24986054819555759,"distribution":"{\"name\": \"FloatDistribution\", \"attributes\": {\"step\": null, \"low\": 0.0, \"high\": 1.5, \"log\": false}}"}
{"op_code":9,"worker_id":"5938e42a-810e-4035-989b-93bfbdc0e901-19068","trial_id":69,"system_attr":{"constraints":[-0.10560972616401848,-0.08614634400485621,0.26666666666666666,-0.006565656565656608,-0.2983796559502753,-41.0,-8.0,-0.0022636179548361493,-0.16666666666666663,-1382.097208571293,-0.06714975845410626,-0.05158730158730157]}}
{"op_code":8,"worker_id":"d88103a0-946d-49f2-bb15-cf5b90d6912e-18156","trial_id":70,"user_attr":{"cv_oos_ics":[0.0007253403309732676,0.18019093573093414,0.13987226784229279,0.06827125698328018,-0.011698526330292225,0.025124477222561836,0.058910027146339417,-0.018523216247558594,-0.009983249008655548,0.09858299046754837,0.032748181372880936,0.13239119946956635,0.07217089086771011,0.041063301265239716,0.0709945559501648]}}
{"op_code":6,"worker_id":"5938e42a-810e-4035-989b-93bfbdc0e901-19068","trial_id":69,"state":1,"values":[0.9165254513878258],"datetime_complete":"2026-07-14T11:40:11.748844"}
{"op_code":8,"worker_id":"d88103a0-946d-49f2-bb15-cf5b90d6912e-18156","trial_id":70,"user_attr":{"reg_kappa":3.4506177979633867}}
{"op_code":8,"worker_id":"d88103a0-946d-49f2-bb15-cf5b90d6912e-18156","trial_id":70,"user_attr":{"raw_metrics":[0.3386235428381703,0.12294326527179704,0.3333333333333333,0.10079362273888119,0.20808080808080806,0.39560628095380784,-0.21063365346359816,-0.20960217714309692,0.5316425120772946]}}
{"op_code":8,"worker_id":"8deb4187-ff06-4a54-af20-6a0443f06c58-12024","trial_id":73,"user_attr":{"constraints":[-0.10673056115815531,-0.08879768768137401,0.26666666666666666,-0.07525252525252529,-0.38124113242461344,-43.0,-7.0,-0.010996450619681136,-0.16666666666666663,-1381.4147973774736,-0.06714975845410626,-0.06084656084656076]}}
{"op_code":8,"worker_id":"d88103a0-946d-49f2-bb15-cf5b90d6912e-18156","trial_id":70,"user_attr":{"val_metrics":[0.11443671687200685,-0.013694501914863322,0.7212121212121212,0.4412140639374654,-3.9741792070860087]}}
{"op_code":8,"worker_id":"bc418afb-e1a7-4747-a0a9-5a19e1437c21-30084","trial_id":68,"user_attr":{"pruned_reasons":["M3 (Hit Rate < 60%)","M5 (Monotonicity <= 0.25)","Side-specific Yearly Tail IC Mean (-0.0816 <= 0)","Side-specific Hit Rate (33.33% < 50%)"]}}
{"op_code":8,"worker_id":"bc418afb-e1a7-4747-a0a9-5a19e1437c21-30084","trial_id":68,"user_attr":{"gini":0.4197219129242391}}
{"op_code":8,"worker_id":"8deb4187-ff06-4a54-af20-6a0443f06c58-12024","trial_id":73,"user_attr":{"pruned_reasons":["M3 (Hit Rate < 60%)"]}}
{"op_code":8,"worker_id":"8deb4187-ff06-4a54-af20-6a0443f06c58-12024","trial_id":73,"user_attr":{"gini":0.48117125571649777}}
{"op_code":5,"worker_id":"5c128bdb-1ec2-4d9f-a92c-8b48dab43d95-29612","trial_id":74,"param_name":"unified_alpha","param_value_internal":0.0057329083183871865,"distribution":"{\"name\": \"FloatDistribution\", \"attributes\": {\"step\": null, \"low\": 1e-05, \"high\": 10.0, \"log\": true}}"}
{"op_code":8,"worker_id":"bc418afb-e1a7-4747-a0a9-5a19e1437c21-30084","trial_id":68,"user_attr":{"cv_is_ics":[0.20098698139190674,0.2024439126253128,0.18079489469528198,0.20046715438365936,0.2084541618824005,0.21195624768733978,0.2156965285539627,0.2171214073896408,0.2315809279680252,0.19974260032176971,0.2233319729566574,0.22256748378276825,0.18983857333660126,0.21440234780311584,0.19898046553134918]}}
{"op_code":5,"worker_id":"5c128bdb-1ec2-4d9f-a92c-8b48dab43d95-29612","trial_id":74,"param_name":"unified_rho","param_value_internal":0.7724876297087675,"distribution":"{\"name\": \"FloatDistribution\", \"attributes\": {\"step\": null, \"low\": 0.0, \"high\": 1.0, \"log\": false}}"}
{"op_code":8,"worker_id":"8deb4187-ff06-4a54-af20-6a0443f06c58-12024","trial_id":73,"user_attr":{"cv_is_ics":[0.19004426896572113,0.19878868758678436,0.164995014667511,0.19370290637016296,0.20158588886260986,0.20947185158729553,0.199144646525383,0.2146659642457962,0.22308814525604248,0.19454385340213776,0.22456151247024536,0.21541237831115723,0.1802363246679306,0.19985345005989075,0.1912577599287033]}}
{"op_code":8,"worker_id":"44e05e09-9846-4904-a34b-5c12038a22e2-27448","trial_id":72,"user_attr":{"constraints":[-0.1066518421485227,-0.09326281151260406,0.26666666666666666,-0.06717171717171716,-0.3856080084151908,-42.0,-8.0,-0.014756722459274464,-0.16666666666666663,-1381.4959999574785,-0.060205314009661726,-0.06084656084656076]}}
{"op_code":5,"worker_id":"5c128bdb-1ec2-4d9f-a92c-8b48dab43d95-29612","trial_id":74,"param_name":"unified_gamma","param_value_internal":472.2309990209623,"distribution":"{\"name\": \"FloatDistribution\", \"attributes\": {\"step\": null, \"low\": 1.5, \"high\": 10000.0, \"log\": true}}"}
{"op_code":8,"worker_id":"f4f5d9ae-3422-40d8-985d-e1dbe227e1c7-31524","trial_id":71,"user_attr":{"constraints":[-0.1032726809930235,-0.08333076945018698,0.26666666666666666,-0.006565656565656608,-0.2983796559502753,-41.0,-8.0,0.05346742862609439,0.16666666666666669,-1382.568284838702,-0.06714975845410626,-0.06111111111111106]}}
{"op_code":8,"worker_id":"44e05e09-9846-4904-a34b-5c12038a22e2-27448","trial_id":72,"user_attr":{"pruned_reasons":["M3 (Hit Rate < 60%)"]}}
{"op_code":8,"worker_id":"f4f5d9ae-3422-40d8-985d-e1dbe227e1c7-31524","trial_id":71,"user_attr":{"pruned_reasons":["M3 (Hit Rate < 60%)","Side-specific Yearly Tail IC Mean (-0.0535 <= 0)","Side-specific Hit Rate (33.33% < 50%)"]}}
{"op_code":8,"worker_id":"f4f5d9ae-3422-40d8-985d-e1dbe227e1c7-31524","trial_id":71,"user_attr":{"gini":0.4514806663408619}}
{"op_code":5,"worker_id":"5c128bdb-1ec2-4d9f-a92c-8b48dab43d95-29612","trial_id":74,"param_name":"huber_delta","param_value_internal":3.1686009922486713,"distribution":"{\"name\": \"FloatDistribution\", \"attributes\": {\"step\": null, \"low\": 0.5, \"high\": 5.0, \"log\": false}}"}
{"op_code":8,"worker_id":"8deb4187-ff06-4a54-af20-6a0443f06c58-12024","trial_id":73,"user_attr":{"cv_oos_ics":[-0.012929549440741539,0.19138936698436737,0.14995968341827393,0.06427931785583496,-0.019313227385282516,0.02636452578008175,0.04030720889568329,-0.011865644715726376,-0.013355003669857979,0.09957090765237808,0.05470617860555649,0.14348576962947845,0.08685732632875443,0.04648769646883011,0.07327768206596375]}}
{"op_code":8,"worker_id":"8deb4187-ff06-4a54-af20-6a0443f06c58-12024","trial_id":73,"user_attr":{"reg_kappa":3.454015183561477}}
{"op_code":8,"worker_id":"f4f5d9ae-3422-40d8-985d-e1dbe227e1c7-31524","trial_id":71,"user_attr":{"cv_is_ics":[0.18942269682884216,0.1962844878435135,0.16071534156799316,0.1922299712896347,0.20233239233493805,0.2085227519273758,0.1973320096731186,0.21439509093761444,0.22152872383594513,0.19352956116199493,0.22412066161632538,0.2137056589126587,0.17811870574951172,0.19874265789985657,0.1920868158340454]}}
{"op_code":8,"worker_id":"f4f5d9ae-3422-40d8-985d-e1dbe227e1c7-31524","trial_id":71,"user_attr":{"cv_oos_ics":[-0.012210813350975513,0.1903267651796341,0.14993327856063843,0.062337830662727356,-0.017851317301392555,0.020225968211889267,0.037355322390794754,-0.01487470418214798,-0.015661993995308876,0.09364989399909973,0.05079565569758415,0.13752780854701996,0.08524934202432632,0.04430733621120453,0.06929681450128555]}}
{"op_code":4,"worker_id":"5938e42a-810e-4035-989b-93bfbdc0e901-19068","study_id":0,"datetime_start":"2026-07-14T11:40:11.752897"}
{"op_code":8,"worker_id":"8deb4187-ff06-4a54-af20-6a0443f06c58-12024","trial_id":73,"user_attr":{"raw_metrics":[0.29353284048132994,0.08879768768137401,0.3333333333333333,0.10673056115815531,0.3252525252525253,0.38124113242461344,-0.2166073125542641,-0.2400236278772354,0.5171497584541063]}}
{"op_code":8,"worker_id":"8deb4187-ff06-4a54-af20-6a0443f06c58-12024","trial_id":73,"user_attr":{"val_metrics":[0.11425731358187466,-0.08643976468377387,0.7454545454545455,0.31342269144952295,-4.682559684002445]}}
{"op_code":8,"worker_id":"f4f5d9ae-3422-40d8-985d-e1dbe227e1c7-31524","trial_id":71,"user_attr":{"reg_kappa":3.456094891522412}}
{"op_code":5,"worker_id":"5938e42a-810e-4035-989b-93bfbdc0e901-19068","trial_id":75,"param_name":"k_weight","param_value_internal":1.366070195127044,"distribution":"{\"name\": \"FloatDistribution\", \"attributes\": {\"step\": null, \"low\": 0.0, \"high\": 1.5, \"log\": false}}"}
{"op_code":8,"worker_id":"44e05e09-9846-4904-a34b-5c12038a22e2-27448","trial_id":72,"user_attr":{"gini":0.4661576340004583}}
{"op_code":5,"worker_id":"5938e42a-810e-4035-989b-93bfbdc0e901-19068","trial_id":75,"param_name":"unified_alpha","param_value_internal":0.00023650390845738982,"distribution":"{\"name\": \"FloatDistribution\", \"attributes\": {\"step\": null, \"low\": 1e-05, \"high\": 10.0, \"log\": true}}"}
{"op_code":8,"worker_id":"d88103a0-946d-49f2-bb15-cf5b90d6912e-18156","trial_id":70,"user_attr":{"deflated_objective":0.638366836226679}}
{"op_code":8,"worker_id":"44e05e09-9846-4904-a34b-5c12038a22e2-27448","trial_id":72,"user_attr":{"cv_is_ics":[0.19006586074829102,0.19673964381217957,0.16417719423770905,0.19410891830921173,0.20081555843353271,0.2086867392063141,0.19877365231513977,0.21539559960365295,0.22267334163188934,0.19597886502742767,0.22463032603263855,0.21571029722690582,0.17976267635822296,0.20033475756645203,0.19097456336021423]}}
{"op_code":9,"worker_id":"d88103a0-946d-49f2-bb15-cf5b90d6912e-18156","trial_id":70,"system_attr":{"constraints":[-0.10079362273888119,-0.12294326527179704,0.26666666666666666,0.04191919191919194,-0.39560628095380784,-48.0,-8.0,0.09347210475542726,0.16666666666666669,-1377.0737314146832,-0.08164251207729462,-0.07962962962962966]}}
{"op_code":6,"worker_id":"d88103a0-946d-49f2-bb15-cf5b90d6912e-18156","trial_id":70,"state":1,"values":[1.0641653378958185],"datetime_complete":"2026-07-14T11:40:11.801355"}
{"op_code":5,"worker_id":"5938e42a-810e-4035-989b-93bfbdc0e901-19068","trial_id":75,"param_name":"unified_rho","param_value_internal":0.7680294482010621,"distribution":"{\"name\": \"FloatDistribution\", \"attributes\": {\"step\": null, \"low\": 0.0, \"high\": 1.0, \"log\": false}}"}
{"op_code":8,"worker_id":"44e05e09-9846-4904-a34b-5c12038a22e2-27448","trial_id":72,"user_attr":{"cv_oos_ics":[-0.01274353638291359,0.19119782745838165,0.1514279544353485,0.06572222709655762,-0.015133094973862171,0.021220386028289795,0.03869808837771416,-0.012507298029959202,-0.014926180243492126,0.09838389605283737,0.05255506560206413,0.1435602456331253,0.08696958422660828,0.04512429237365723,0.07293684035539627]}}
{"op_code":5,"worker_id":"5938e42a-810e-4035-989b-93bfbdc0e901-19068","trial_id":75,"param_name":"unified_gamma","param_value_internal":947.6050590220339,"distribution":"{\"name\": \"FloatDistribution\", \"attributes\": {\"step\": null, \"low\": 1.5, \"high\": 10000.0, \"log\": true}}"}
{"op_code":8,"worker_id":"44e05e09-9846-4904-a34b-5c12038a22e2-27448","trial_id":72,"user_attr":{"reg_kappa":3.4557822690840956}}
{"op_code":8,"worker_id":"44e05e09-9846-4904-a34b-5c12038a22e2-27448","trial_id":72,"user_attr":{"raw_metrics":[0.310959913792729,0.09326281151260406,0.3333333333333333,0.1066518421485227,0.31717171717171716,0.3856080084151908,-0.23508381004321552,-0.23896633088588715,0.5102053140096617]}}
{"op_code":8,"worker_id":"f4f5d9ae-3422-40d8-985d-e1dbe227e1c7-31524","trial_id":71,"user_attr":{"raw_metrics":[0.27205127930565143,0.08333076945018698,0.3333333333333333,0.1032726809930235,0.2565656565656566,0.2983796559502753,-0.24057597520054222,-0.2519932687282562,0.5171497584541063]}}
{"op_code":8,"worker_id":"f4f5d9ae-3422-40d8-985d-e1dbe227e1c7-31524","trial_id":71,"user_attr":{"val_metrics":[0.11939393505668486,-0.01618772380810385,0.6121212121212121,0.31342269144952295,-5.075813872481486]}}
{"op_code":8,"worker_id":"8deb4187-ff06-4a54-af20-6a0443f06c58-12024","trial_id":73,"user_attr":{"deflated_objective":0.3308123728247741}}
{"op_code":4,"worker_id":"d36e41e6-6915-4c61-b665-8614a660b7cd-18156","study_id":0,"datetime_start":"2026-07-14T11:40:11.814481"}
{"op_code":9,"worker_id":"8deb4187-ff06-4a54-af20-6a0443f06c58-12024","trial_id":73,"system_attr":{"constraints":[-0.10673056115815531,-0.08879768768137401,0.26666666666666666,-0.07525252525252529,-0.38124113242461344,-43.0,-7.0,-0.010996450619681136,-0.16666666666666663,-1381.4147973774736,-0.06714975845410626,-0.06084656084656076]}}
{"op_code":8,"worker_id":"5c128bdb-1ec2-4d9f-a92c-8b48dab43d95-29612","trial_id":74,"user_attr":{"constraints":[-0.10481608617645742,-0.09860278481925105,0.26666666666666666,0.1106060606060606,-0.35162583212111737,-51.0,-5.0,0.061519717607543246,0.5,-1377.2480387070234,-0.06714975845410626,-0.07010582010582006]}}
{"op_code":8,"worker_id":"5c128bdb-1ec2-4d9f-a92c-8b48dab43d95-29612","trial_id":74,"user_attr":{"pruned_reasons":["M3 (Hit Rate < 60%)","M5 (Monotonicity <= 0.25)","Side-specific Yearly Tail IC Mean (-0.0615 <= 0)","Side-specific Hit Rate (0.00% < 50%)"]}}
{"op_code":8,"worker_id":"f201b0e4-aac1-4bbc-83ec-21116378e43e-11668","trial_id":35,"user_attr":{"cv_is_ics":[0.17240872979164124,0.1584503948688507,0.10473573207855225,0.18130052089691162,0.1830901801586151,0.1945369690656662,0.15308956801891327,0.20978380739688873,0.19659684598445892,0.158153235912323,0.2230517417192459,0.19065938889980316,0.16145025193691254,0.17213796079158783,0.1872430443763733]}}
{"op_code":8,"worker_id":"5c128bdb-1ec2-4d9f-a92c-8b48dab43d95-29612","trial_id":74,"user_attr":{"gini":0.49302351175279013}}
{"op_code":8,"worker_id":"5c128bdb-1ec2-4d9f-a92c-8b48dab43d95-29612","trial_id":74,"user_attr":{"cv_is_ics":[0.1932603120803833,0.20339539647102356,0.17783904075622559,0.1995355784893036,0.20444457232952118,0.21155066788196564,0.20730054378509521,0.21369194984436035,0.22624005377292633,0.20073413848876953,0.2276260405778885,0.2213251143693924,0.1848749965429306,0.2094326913356781,0.19471341371536255]}}
{"op_code":8,"worker_id":"5c128bdb-1ec2-4d9f-a92c-8b48dab43d95-29612","trial_id":74,"user_attr":{"cv_oos_ics":[-0.006365164183080196,0.18436235189437866,0.14423413574695587,0.07908481359481812,-0.013928723521530628,0.027605654671788216,0.0557798407971859,-0.010667083784937859,-0.008489982225000858,0.10964377969503403,0.04512464255094528,0.14213459193706512,0.07940294593572617,0.047224584966897964,0.07863709330558777]}}
{"op_code":6,"worker_id":"8deb4187-ff06-4a54-af20-6a0443f06c58-12024","trial_id":73,"state":1,"values":[0.7541213441479131],"datetime_complete":"2026-07-14T11:40:11.817779"}
{"op_code":8,"worker_id":"44e05e09-9846-4904-a34b-5c12038a22e2-27448","trial_id":72,"user_attr":{"val_metrics":[0.11610529292708237,-0.028539786651104543,0.7575757575757576,0.31342269144952295,-5.030775479845021]}}
{"op_code":8,"worker_id":"f201b0e4-aac1-4bbc-83ec-21116378e43e-11668","trial_id":35,"user_attr":{"cv_oos_ics":[-0.04461118206381798,0.17150075733661652,0.1594274491071701,0.06099728122353554,-0.03019152581691742,-0.012393977493047714,0.001699369982816279,-0.029237626120448112,-0.020678505301475525,0.07066266983747482,0.059506144374608994,0.12481607496738434,0.09042657911777496,0.05991288274526596,0.06177330017089844]}}
{"op_code":8,"worker_id":"f201b0e4-aac1-4bbc-83ec-21116378e43e-11668","trial_id":35,"user_attr":{"reg_kappa":3.4953399844126998}}
{"op_code":8,"worker_id":"f201b0e4-aac1-4bbc-83ec-21116378e43e-11668","trial_id":35,"user_attr":{"raw_metrics":[0.32630615551262726,0.11446465178929795,0.3333333333333333,0.11310774297860467,0.24848484848484853,0.023342430421335696,-0.31674534167956436,-0.32759764790534973,0.4960144927536232]}}
{"op_code":8,"worker_id":"44e05e09-9846-4904-a34b-5c12038a22e2-27448","trial_id":72,"user_attr":{"deflated_objective":0.22563440389498818}}
{"op_code":8,"worker_id":"f4f5d9ae-3422-40d8-985d-e1dbe227e1c7-31524","trial_id":71,"user_attr":{"deflated_objective":0.1918526241908246}}
{"op_code":9,"worker_id":"f4f5d9ae-3422-40d8-985d-e1dbe227e1c7-31524","trial_id":71,"system_attr":{"constraints":[-0.1032726809930235,-0.08333076945018698,0.26666666666666666,-0.006565656565656608,-0.2983796559502753,-41.0,-8.0,0.05346742862609439,0.16666666666666669,-1382.568284838702,-0.06714975845410626,-0.06111111111111106]}}
{"op_code":4,"worker_id":"c5150b3a-8ee2-404d-bead-4940b77619d3-12024","study_id":0,"datetime_start":"2026-07-14T11:40:11.839926"}
{"op_code":6,"worker_id":"f4f5d9ae-3422-40d8-985d-e1dbe227e1c7-31524","trial_id":71,"state":1,"values":[0.6121008139349144],"datetime_complete":"2026-07-14T11:40:11.840167"}
{"op_code":5,"worker_id":"c5150b3a-8ee2-404d-bead-4940b77619d3-12024","trial_id":77,"param_name":"k_weight","param_value_internal":0.5169227479319952,"distribution":"{\"name\": \"FloatDistribution\", \"attributes\": {\"step\": null, \"low\": 0.0, \"high\": 1.5, \"log\": false}}"}
{"op_code":8,"worker_id":"f201b0e4-aac1-4bbc-83ec-21116378e43e-11668","trial_id":35,"user_attr":{"val_metrics":[0.13369016087593596,-0.010014582623207952,0.5636363636363636,0.2897570050507784,-4.879295882506048]}}
{"op_code":9,"worker_id":"44e05e09-9846-4904-a34b-5c12038a22e2-27448","trial_id":72,"system_attr":{"constraints":[-0.1066518421485227,-0.09326281151260406,0.26666666666666666,-0.06717171717171716,-0.3856080084151908,-42.0,-8.0,-0.014756722459274464,-0.16666666666666663,-1381.4959999574785,-0.060205314009661726,-0.06084656084656076]}}
{"op_code":5,"worker_id":"c5150b3a-8ee2-404d-bead-4940b77619d3-12024","trial_id":77,"param_name":"unified_alpha","param_value_internal":0.0013068349069930859,"distribution":"{\"name\": \"FloatDistribution\", \"attributes\": {\"step\": null, \"low\": 1e-05, \"high\": 10.0, \"log\": true}}"}
{"op_code":6,"worker_id":"44e05e09-9846-4904-a34b-5c12038a22e2-27448","trial_id":72,"state":1,"values":[0.6393919361820656],"datetime_complete":"2026-07-14T11:40:11.848505"}
{"op_code":8,"worker_id":"f201b0e4-aac1-4bbc-83ec-21116378e43e-11668","trial_id":35,"user_attr":{"deflated_objective":0.28211748955341526}}
{"op_code":5,"worker_id":"d36e41e6-6915-4c61-b665-8614a660b7cd-18156","trial_id":76,"param_name":"k_weight","param_value_internal":0.5121670857228261,"distribution":"{\"name\": \"FloatDistribution\", \"attributes\": {\"step\": null, \"low\": 0.0, \"high\": 1.5, \"log\": false}}"}
{"op_code":4,"worker_id":"e5d2af3a-4101-4668-970a-1c2b90356f6e-31524","study_id":0,"datetime_start":"2026-07-14T11:40:11.853826"}
{"op_code":5,"worker_id":"d36e41e6-6915-4c61-b665-8614a660b7cd-18156","trial_id":76,"param_name":"unified_alpha","param_value_internal":0.00018272831227988858,"distribution":"{\"name\": \"FloatDistribution\", \"attributes\": {\"step\": null, \"low\": 1e-05, \"high\": 10.0, \"log\": true}}"}
{"op_code":5,"worker_id":"e5d2af3a-4101-4668-970a-1c2b90356f6e-31524","trial_id":78,"param_name":"k_weight","param_value_internal":1.312091540833924,"distribution":"{\"name\": \"FloatDistribution\", \"attributes\": {\"step\": null, \"low\": 0.0, \"high\": 1.5, \"log\": false}}"}
{"op_code":5,"worker_id":"d36e41e6-6915-4c61-b665-8614a660b7cd-18156","trial_id":76,"param_name":"unified_rho","param_value_internal":0.7807658526808832,"distribution":"{\"name\": \"FloatDistribution\", \"attributes\": {\"step\": null, \"low\": 0.0, \"high\": 1.0, \"log\": false}}"}
{"op_code":5,"worker_id":"e5d2af3a-4101-4668-970a-1c2b90356f6e-31524","trial_id":78,"param_name":"unified_alpha","param_value_internal":0.0013420413870524296,"distribution":"{\"name\": \"FloatDistribution\", \"attributes\": {\"step\": null, \"low\": 1e-05, \"high\": 10.0, \"log\": true}}"}
{"op_code":9,"worker_id":"f201b0e4-aac1-4bbc-83ec-21116378e43e-11668","trial_id":35,"system_attr":{"constraints":[-0.11310774297860467,-0.11446465178929795,0.26666666666666666,0.0015151515151514694,-0.023342430421335696,-28.0,-8.0,0.019566544592034274,0.16666666666666669,-1396.6690734677356,-0.04601449275362318,-0.004232804232804255]}}
{"op_code":5,"worker_id":"e5d2af3a-4101-4668-970a-1c2b90356f6e-31524","trial_id":78,"param_name":"unified_rho","param_value_internal":0.7578149423399803,"distribution":"{\"name\": \"FloatDistribution\", \"attributes\": {\"step\": null, \"low\": 0.0, \"high\": 1.0, \"log\": false}}"}
{"op_code":6,"worker_id":"f201b0e4-aac1-4bbc-83ec-21116378e43e-11668","trial_id":35,"state":1,"values":[0.6897584041247227],"datetime_complete":"2026-07-14T11:40:11.863480"}
{"op_code":5,"worker_id":"e5d2af3a-4101-4668-970a-1c2b90356f6e-31524","trial_id":78,"param_name":"unified_gamma","param_value_internal":1053.7616187530782,"distribution":"{\"name\": \"FloatDistribution\", \"attributes\": {\"step\": null, \"low\": 1.5, \"high\": 10000.0, \"log\": true}}"}
{"op_code":5,"worker_id":"c5150b3a-8ee2-404d-bead-4940b77619d3-12024","trial_id":77,"param_name":"unified_rho","param_value_internal":0.7942519991081276,"distribution":"{\"name\": \"FloatDistribution\", \"attributes\": {\"step\": null, \"low\": 0.0, \"high\": 1.0, \"log\": false}}"}
{"op_code":5,"worker_id":"d36e41e6-6915-4c61-b665-8614a660b7cd-18156","trial_id":76,"param_name":"unified_gamma","param_value_internal":1093.954966243884,"distribution":"{\"name\": \"FloatDistribution\", \"attributes\": {\"step\": null, \"low\": 1.5, \"high\": 10000.0, \"log\": true}}"}
{"op_code":5,"worker_id":"e5d2af3a-4101-4668-970a-1c2b90356f6e-31524","trial_id":78,"param_name":"huber_delta","param_value_internal":2.962287565529961,"distribution":"{\"name\": \"FloatDistribution\", \"attributes\": {\"step\": null, \"low\": 0.5, \"high\": 5.0, \"log\": false}}"}
{"op_code":5,"worker_id":"d36e41e6-6915-4c61-b665-8614a660b7cd-18156","trial_id":76,"param_name":"huber_delta","param_value_internal":2.9562159102421504,"distribution":"{\"name\": \"FloatDistribution\", \"attributes\": {\"step\": null, \"low\": 0.5, \"high\": 5.0, \"log\": false}}"}
{"op_code":5,"worker_id":"c5150b3a-8ee2-404d-bead-4940b77619d3-12024","trial_id":77,"param_name":"unified_gamma","param_value_internal":1225.1541594514615,"distribution":"{\"name\": \"FloatDistribution\", \"attributes\": {\"step\": null, \"low\": 1.5, \"high\": 10000.0, \"log\": true}}"}
{"op_code":5,"worker_id":"c5150b3a-8ee2-404d-bead-4940b77619d3-12024","trial_id":77,"param_name":"huber_delta","param_value_internal":3.0207197953638794,"distribution":"{\"name\": \"FloatDistribution\", \"attributes\": {\"step\": null, \"low\": 0.5, \"high\": 5.0, \"log\": false}}"}
{"op_code":8,"worker_id":"05639395-b436-4576-b602-b064f08fc288-20880","trial_id":7,"user_attr":{"val_metrics":[0.0,0.0,-0.10303030303030303,-0.37352883610874416,-6.50669077376514]}}
{"op_code":8,"worker_id":"05639395-b436-4576-b602-b064f08fc288-20880","trial_id":7,"user_attr":{"deflated_objective":-0.4439868037569324}}
{"op_code":8,"worker_id":"5c128bdb-1ec2-4d9f-a92c-8b48dab43d95-29612","trial_id":74,"user_attr":{"reg_kappa":3.442822041267525}}
{"op_code":8,"worker_id":"5c128bdb-1ec2-4d9f-a92c-8b48dab43d95-29612","trial_id":74,"user_attr":{"raw_metrics":[0.30787793840162003,0.09860278481925105,0.3333333333333333,0.10481608617645742,0.1393939393939394,0.35162583212111737,-0.16291195170312917,-0.199096217751503,0.5171497584541063]}}
{"op_code":8,"worker_id":"5c128bdb-1ec2-4d9f-a92c-8b48dab43d95-29612","trial_id":74,"user_attr":{"val_metrics":[0.11135382397024825,-0.05072286980133678,0.5878787878787879,0.40360391803085804,-4.019880700983208]}}
{"op_code":9,"worker_id":"05639395-b436-4576-b602-b064f08fc288-20880","trial_id":7,"system_attr":{"constraints":[0.10046355021860108,0.07817796582704296,0.6,0.557070707070707,0.16741104529045772,-63.0,5.0,0.09648303079417825,0.5,-1378.7385443615362,0.04643719806763286,0.04338624338624336]}}
{"op_code":8,"worker_id":"bc418afb-e1a7-4747-a0a9-5a19e1437c21-30084","trial_id":68,"user_attr":{"cv_oos_ics":[0.009041989222168922,0.16773296892642975,0.11975576728582382,0.05365946888923645,-0.00906362570822239,0.05130721628665924,0.07370907068252563,-0.006740117445588112,-0.005793444346636534,0.10720374435186386,0.019796065986156464,0.130412295460701,0.06664696335792542,0.022693077102303505,0.06571197509765625]}}
{"op_code":8,"worker_id":"5c128bdb-1ec2-4d9f-a92c-8b48dab43d95-29612","trial_id":74,"user_attr":{"deflated_objective":0.6187612664925328}}
{"op_code":9,"worker_id":"5c128bdb-1ec2-4d9f-a92c-8b48dab43d95-29612","trial_id":74,"system_attr":{"constraints":[-0.10481608617645742,-0.09860278481925105,0.26666666666666666,0.1106060606060606,-0.35162583212111737,-51.0,-5.0,0.061519717607543246,0.5,-1377.2480387070234,-0.06714975845410626,-0.07010582010582006]}}
{"op_code":6,"worker_id":"05639395-b436-4576-b602-b064f08fc288-20880","trial_id":7,"state":1,"values":[-0.03722940201119238],"datetime_complete":"2026-07-14T11:40:11.900522"}
{"op_code":6,"worker_id":"5c128bdb-1ec2-4d9f-a92c-8b48dab43d95-29612","trial_id":74,"state":1,"values":[1.0174317705635136],"datetime_complete":"2026-07-14T11:40:11.905212"}
{"op_code":8,"worker_id":"bc418afb-e1a7-4747-a0a9-5a19e1437c21-30084","trial_id":68,"user_attr":{"reg_kappa":3.4511143197288323}}
{"op_code":8,"worker_id":"bc418afb-e1a7-4747-a0a9-5a19e1437c21-30084","trial_id":68,"user_attr":{"raw_metrics":[0.27629353822557956,0.10018468969175982,0.3333333333333333,0.08047919044253886,0.14747474747474748,0.3313844463184188,-0.21083526070066258,-0.21550820767879486,0.5313405797101449]}}
{"op_code":8,"worker_id":"bc418afb-e1a7-4747-a0a9-5a19e1437c21-30084","trial_id":68,"user_attr":{"val_metrics":[0.10531474958143981,0.06534366053093085,0.5878787878787879,0.4009291345626116,-4.779753603264023]}}
{"op_code":8,"worker_id":"e5d2af3a-4101-4668-970a-1c2b90356f6e-31524","trial_id":78,"user_attr":{"constraints":[-0.1136914189427893,-0.07527659763727519,0.26666666666666666,-0.08737373737373733,-0.04243428706708883,-18.0,-8.0,0.020653644098393667,0.16666666666666669,-1413.5714612912873,-0.060809178743961356,-0.004232804232804255]}}
{"op_code":8,"worker_id":"d36e41e6-6915-4c61-b665-8614a660b7cd-18156","trial_id":76,"user_attr":{"constraints":[-0.10285936590512912,-0.14130488635862573,0.26666666666666666,-0.03888888888888892,-0.39001558075798454,-42.0,-8.0,-0.054482285193303386,0.16666666666666669,-1381.5868056294933,-0.08164251207729462,-0.07037037037037025]}}
{"op_code":4,"worker_id":"6e31760c-80f0-4f2e-a08c-9b6802a187af-29612","study_id":0,"datetime_start":"2026-07-14T11:40:11.919331"}
{"op_code":8,"worker_id":"bc418afb-e1a7-4747-a0a9-5a19e1437c21-30084","trial_id":68,"user_attr":{"deflated_objective":0.3586228468506764}}
{"op_code":8,"worker_id":"e5d2af3a-4101-4668-970a-1c2b90356f6e-31524","trial_id":78,"user_attr":{"pruned_reasons":["M3 (Hit Rate < 60%)","Side-specific Yearly Tail IC Mean (-0.0207 <= 0)","Side-specific Hit Rate (33.33% < 50%)"]}}
{"op_code":5,"worker_id":"6e31760c-80f0-4f2e-a08c-9b6802a187af-29612","trial_id":79,"param_name":"k_weight","param_value_internal":0.6054699849090472,"distribution":"{\"name\": \"FloatDistribution\", \"attributes\": {\"step\": null, \"low\": 0.0, \"high\": 1.5, \"log\": false}}"}
{"op_code":9,"worker_id":"bc418afb-e1a7-4747-a0a9-5a19e1437c21-30084","trial_id":68,"system_attr":{"constraints":[-0.08047919044253886,-0.10018468969175982,0.26666666666666666,0.10252525252525252,-0.3313844463184188,-48.0,-8.0,0.08158704923410805,0.16666666666666669,-1377.101559020115,-0.08134057971014491,-0.09788359788359785]}}
{"op_code":8,"worker_id":"e5d2af3a-4101-4668-970a-1c2b90356f6e-31524","trial_id":78,"user_attr":{"gini":0.37384610817300445}}
{"op_code":8,"worker_id":"e5d2af3a-4101-4668-970a-1c2b90356f6e-31524","trial_id":78,"user_attr":{"cv_is_ics":[0.17748427391052246,0.16156257688999176,0.1147584468126297,0.18803173303604126,0.1896439790725708,0.2026926428079605,0.16078713536262512,0.2119825929403305,0.20351368188858032,0.15988533198833466,0.22184106707572937,0.19185829162597656,0.1646614968776703,0.17746005952358246,0.18626995384693146]}}
{"op_code":8,"worker_id":"e5d2af3a-4101-4668-970a-1c2b90356f6e-31524","trial_id":78,"user_attr":{"cv_oos_ics":[-0.037636250257492065,0.18363410234451294,0.16251035034656525,0.06033030524849892,-0.026793748140335083,-0.007995381951332092,0.006727039813995361,-0.022650493308901787,-0.01916143298149109,0.06826482713222504,0.057254400104284286,0.13556380569934845,0.09529784321784973,0.06122542917728424,0.07098481059074402]}}
{"op_code":5,"worker_id":"6e31760c-80f0-4f2e-a08c-9b6802a187af-29612","trial_id":79,"param_name":"unified_alpha","param_value_internal":0.020238734632143478,"distribution":"{\"name\": \"FloatDistribution\", \"attributes\": {\"step\": null, \"low\": 1e-05, \"high\": 10.0, \"log\": true}}"}
{"op_code":8,"worker_id":"e5d2af3a-4101-4668-970a-1c2b90356f6e-31524","trial_id":78,"user_attr":{"reg_kappa":3.5404123354217867}}
{"op_code":8,"worker_id":"e5d2af3a-4101-4668-970a-1c2b90356f6e-31524","trial_id":78,"user_attr":{"raw_metrics":[0.26607582372483785,0.07527659763727519,0.3333333333333333,0.1136914189427893,0.3373737373737373,0.04243428706708883,-0.4133967911537528,-0.3780594766139984,0.5108091787439614]}}
{"op_code":8,"worker_id":"e5d2af3a-4101-4668-970a-1c2b90356f6e-31524","trial_id":78,"user_attr":{"val_metrics":[0.13942061142297854,-0.10812604146053674,0.696969696969697,0.3417478347569704,-3.8001048932632564]}}
{"op_code":5,"worker_id":"6e31760c-80f0-4f2e-a08c-9b6802a187af-29612","trial_id":79,"param_name":"unified_rho","param_value_internal":0.7833935359893014,"distribution":"{\"name\": \"FloatDistribution\", \"attributes\": {\"step\": null, \"low\": 0.0, \"high\": 1.0, \"log\": false}}"}
{"op_code":5,"worker_id":"5938e42a-810e-4035-989b-93bfbdc0e901-19068","trial_id":75,"param_name":"huber_delta","param_value_internal":3.153494181525331,"distribution":"{\"name\": \"FloatDistribution\", \"attributes\": {\"step\": null, \"low\": 0.5, \"high\": 5.0, \"log\": false}}"}
{"op_code":5,"worker_id":"6e31760c-80f0-4f2e-a08c-9b6802a187af-29612","trial_id":79,"param_name":"unified_gamma","param_value_internal":1029.7088650408418,"distribution":"{\"name\": \"FloatDistribution\", \"attributes\": {\"step\": null, \"low\": 1.5, \"high\": 10000.0, \"log\": true}}"}
{"op_code":8,"worker_id":"e5d2af3a-4101-4668-970a-1c2b90356f6e-31524","trial_id":78,"user_attr":{"deflated_objective":0.6927808265095311}}
{"op_code":5,"worker_id":"6e31760c-80f0-4f2e-a08c-9b6802a187af-29612","trial_id":79,"param_name":"huber_delta","param_value_internal":2.945585177425484,"distribution":"{\"name\": \"FloatDistribution\", \"attributes\": {\"step\": null, \"low\": 0.5, \"high\": 5.0, \"log\": false}}"}
{"op_code":9,"worker_id":"e5d2af3a-4101-4668-970a-1c2b90356f6e-31524","trial_id":78,"system_attr":{"constraints":[-0.1136914189427893,-0.07527659763727519,0.26666666666666666,-0.08737373737373733,-0.04243428706708883,-18.0,-8.0,0.020653644098393667,0.16666666666666669,-1413.5714612912873,-0.060809178743961356,-0.004232804232804255]}}
{"op_code":6,"worker_id":"e5d2af3a-4101-4668-970a-1c2b90356f6e-31524","trial_id":78,"state":1,"values":[1.0960965946343115],"datetime_complete":"2026-07-14T11:40:11.947364"}
{"op_code":4,"worker_id":"ae2b092d-e0a2-48e6-ac41-5df40018c15a-27448","study_id":0,"datetime_start":"2026-07-14T11:40:11.947657"}
{"op_code":4,"worker_id":"e5d2af3a-4101-4668-970a-1c2b90356f6e-31524","study_id":0,"datetime_start":"2026-07-14T11:40:11.949744"}
{"op_code":5,"worker_id":"ae2b092d-e0a2-48e6-ac41-5df40018c15a-27448","trial_id":80,"param_name":"k_weight","param_value_internal":0.4957675986562558,"distribution":"{\"name\": \"FloatDistribution\", \"attributes\": {\"step\": null, \"low\": 0.0, \"high\": 1.5, \"log\": false}}"}
{"op_code":5,"worker_id":"e5d2af3a-4101-4668-970a-1c2b90356f6e-31524","trial_id":81,"param_name":"k_weight","param_value_internal":0.49359299154620245,"distribution":"{\"name\": \"FloatDistribution\", \"attributes\": {\"step\": null, \"low\": 0.0, \"high\": 1.5, \"log\": false}}"}
{"op_code":5,"worker_id":"ae2b092d-e0a2-48e6-ac41-5df40018c15a-27448","trial_id":80,"param_name":"unified_alpha","param_value_internal":0.009028826262861507,"distribution":"{\"name\": \"FloatDistribution\", \"attributes\": {\"step\": null, \"low\": 1e-05, \"high\": 10.0, \"log\": true}}"}
{"op_code":5,"worker_id":"e5d2af3a-4101-4668-970a-1c2b90356f6e-31524","trial_id":81,"param_name":"unified_alpha","param_value_internal":0.00147598247596119,"distribution":"{\"name\": \"FloatDistribution\", \"attributes\": {\"step\": null, \"low\": 1e-05, \"high\": 10.0, \"log\": true}}"}
{"op_code":5,"worker_id":"ae2b092d-e0a2-48e6-ac41-5df40018c15a-27448","trial_id":80,"param_name":"unified_rho","param_value_internal":0.9184828771726707,"distribution":"{\"name\": \"FloatDistribution\", \"attributes\": {\"step\": null, \"low\": 0.0, \"high\": 1.0, \"log\": false}}"}
{"op_code":5,"worker_id":"e5d2af3a-4101-4668-970a-1c2b90356f6e-31524","trial_id":81,"param_name":"unified_rho","param_value_internal":0.8172783657208759,"distribution":"{\"name\": \"FloatDistribution\", \"attributes\": {\"step\": null, \"low\": 0.0, \"high\": 1.0, \"log\": false}}"}
{"op_code":4,"worker_id":"26495ded-7665-489d-8b47-23b4a4c1c5bd-11668","study_id":0,"datetime_start":"2026-07-14T11:40:11.961842"}
{"op_code":5,"worker_id":"e5d2af3a-4101-4668-970a-1c2b90356f6e-31524","trial_id":81,"param_name":"unified_gamma","param_value_internal":3020.2196130908396,"distribution":"{\"name\": \"FloatDistribution\", \"attributes\": {\"step\": null, \"low\": 1.5, \"high\": 10000.0, \"log\": true}}"}
{"op_code":5,"worker_id":"26495ded-7665-489d-8b47-23b4a4c1c5bd-11668","trial_id":82,"param_name":"k_weight","param_value_internal":0.5040173994308899,"distribution":"{\"name\": \"FloatDistribution\", \"attributes\": {\"step\": null, \"low\": 0.0, \"high\": 1.5, \"log\": false}}"}
{"op_code":5,"worker_id":"e5d2af3a-4101-4668-970a-1c2b90356f6e-31524","trial_id":81,"param_name":"huber_delta","param_value_internal":3.6523574509626977,"distribution":"{\"name\": \"FloatDistribution\", \"attributes\": {\"step\": null, \"low\": 0.5, \"high\": 5.0, \"log\": false}}"}
{"op_code":5,"worker_id":"26495ded-7665-489d-8b47-23b4a4c1c5bd-11668","trial_id":82,"param_name":"unified_alpha","param_value_internal":0.008909115097444999,"distribution":"{\"name\": \"FloatDistribution\", \"attributes\": {\"step\": null, \"low\": 1e-05, \"high\": 10.0, \"log\": true}}"}
{"op_code":5,"worker_id":"ae2b092d-e0a2-48e6-ac41-5df40018c15a-27448","trial_id":80,"param_name":"unified_gamma","param_value_internal":1347.2504401012707,"distribution":"{\"name\": \"FloatDistribution\", \"attributes\": {\"step\": null, \"low\": 1.5, \"high\": 10000.0, \"log\": true}}"}
{"op_code":5,"worker_id":"26495ded-7665-489d-8b47-23b4a4c1c5bd-11668","trial_id":82,"param_name":"unified_rho","param_value_internal":0.9128848375921662,"distribution":"{\"name\": \"FloatDistribution\", \"attributes\": {\"step\": null, \"low\": 0.0, \"high\": 1.0, \"log\": false}}"}
{"op_code":5,"worker_id":"ae2b092d-e0a2-48e6-ac41-5df40018c15a-27448","trial_id":80,"param_name":"huber_delta","param_value_internal":4.182668783519497,"distribution":"{\"name\": \"FloatDistribution\", \"attributes\": {\"step\": null, \"low\": 0.5, \"high\": 5.0, \"log\": false}}"}
{"op_code":5,"worker_id":"26495ded-7665-489d-8b47-23b4a4c1c5bd-11668","trial_id":82,"param_name":"unified_gamma","param_value_internal":1815.2204667133383,"distribution":"{\"name\": \"FloatDistribution\", \"attributes\": {\"step\": null, \"low\": 1.5, \"high\": 10000.0, \"log\": true}}"}
{"op_code":5,"worker_id":"26495ded-7665-489d-8b47-23b4a4c1c5bd-11668","trial_id":82,"param_name":"huber_delta","param_value_internal":3.7049021594435434,"distribution":"{\"name\": \"FloatDistribution\", \"attributes\": {\"step\": null, \"low\": 0.5, \"high\": 5.0, \"log\": false}}"}
{"op_code":8,"worker_id":"5938e42a-810e-4035-989b-93bfbdc0e901-19068","trial_id":75,"user_attr":{"constraints":[-0.11279485422151388,-0.023287761514221284,0.26666666666666666,-0.04292929292929293,0.03346970510979493,-17.0,-7.0,-0.015829162027480942,0.16666666666666669,-1417.3580094221174,-0.046618357487922646,0.00502645502645499]}}
{"op_code":8,"worker_id":"5938e42a-810e-4035-989b-93bfbdc0e901-19068","trial_id":75,"user_attr":{"pruned_reasons":["M3 (Hit Rate < 60%)","M6 (Top-Bottom Spread <= 0)","Side-specific Hit Rate (33.33% < 50%)","Side-specific Yearly Daily Win Rate (44.50% < 45%)"]}}
{"op_code":8,"worker_id":"5938e42a-810e-4035-989b-93bfbdc0e901-19068","trial_id":75,"user_attr":{"gini":0.3794732544624102}}
{"op_code":8,"worker_id":"5938e42a-810e-4035-989b-93bfbdc0e901-19068","trial_id":75,"user_attr":{"cv_is_ics":[0.17421461641788483,0.15537986159324646,0.10301577299833298,0.18480975925922394,0.18557989597320557,0.1980007290840149,0.15370453894138336,0.21083523333072662,0.19681821763515472,0.1517357975244522,0.22104962170124054,0.18516261875629425,0.1582213044166565,0.16939622163772583,0.18683461844921112]}}
{"op_code":8,"worker_id":"d36e41e6-6915-4c61-b665-8614a660b7cd-18156","trial_id":76,"user_attr":{"pruned_reasons":["M3 (Hit Rate < 60%)","Side-specific Hit Rate (33.33% < 50%)"]}}
{"op_code":8,"worker_id":"6e31760c-80f0-4f2e-a08c-9b6802a187af-29612","trial_id":79,"user_attr":{"constraints":[-0.119821486326724,-0.11206386317131196,0.26666666666666666,-0.18030303030303024,-0.3300643250473959,-42.0,-5.0,0.2522859602746265,0.16666666666666669,-1383.9000884433513,-0.06775362318840578,-0.08888888888888885]}}
{"op_code":4,"worker_id":"7330753f-0970-4b98-a67b-fd6603914c5b-20880","study_id":0,"datetime_start":"2026-07-14T11:40:11.988637"}
{"op_code":8,"worker_id":"5938e42a-810e-4035-989b-93bfbdc0e901-19068","trial_id":75,"user_attr":{"cv_oos_ics":[-0.04186391457915306,0.1776469647884369,0.16355706751346588,0.06319961696863174,-0.0294979028403759,-0.014143677428364754,0.0029650924261659384,-0.018854498863220215,-0.017466899007558823,0.0575275756418705,0.06598328053951263,0.12900367379188538,0.09147875010967255,0.06153165176510811,0.0647435337305069]}}
{"op_code":5,"worker_id":"7330753f-0970-4b98-a67b-fd6603914c5b-20880","trial_id":83,"param_name":"k_weight","param_value_internal":0.48183949652987074,"distribution":"{\"name\": \"FloatDistribution\", \"attributes\": {\"step\": null, \"low\": 0.0, \"high\": 1.5, \"log\": false}}"}
{"op_code":8,"worker_id":"6e31760c-80f0-4f2e-a08c-9b6802a187af-29612","trial_id":79,"user_attr":{"pruned_reasons":["M3 (Hit Rate < 60%)","Side-specific Yearly Tail IC Mean (-0.2523 <= 0)","Side-specific Hit Rate (33.33% < 50%)"]}}
{"op_code":5,"worker_id":"7330753f-0970-4b98-a67b-fd6603914c5b-20880","trial_id":83,"param_name":"unified_alpha","param_value_internal":0.01832090279432294,"distribution":"{\"name\": \"FloatDistribution\", \"attributes\": {\"step\": null, \"low\": 1e-05, \"high\": 10.0, \"log\": true}}"}
{"op_code":8,"worker_id":"5938e42a-810e-4035-989b-93bfbdc0e901-19068","trial_id":75,"user_attr":{"reg_kappa":3.5518721696794078}}
{"op_code":5,"worker_id":"7330753f-0970-4b98-a67b-fd6603914c5b-20880","trial_id":83,"param_name":"unified_rho","param_value_internal":0.9214663903116621,"distribution":"{\"name\": \"FloatDistribution\", \"attributes\": {\"step\": null, \"low\": 0.0, \"high\": 1.0, \"log\": false}}"}
{"op_code":8,"worker_id":"6e31760c-80f0-4f2e-a08c-9b6802a187af-29612","trial_id":79,"user_attr":{"gini":0.5536786472645836}}
{"op_code":5,"worker_id":"7330753f-0970-4b98-a67b-fd6603914c5b-20880","trial_id":83,"param_name":"unified_gamma","param_value_internal":1865.6495453369505,"distribution":"{\"name\": \"FloatDistribution\", \"attributes\": {\"step\": null, \"low\": 1.5, \"high\": 10000.0, \"log\": true}}"}
{"op_code":8,"worker_id":"5938e42a-810e-4035-989b-93bfbdc0e901-19068","trial_id":75,"user_attr":{"raw_metrics":[0.10058916605194533,0.023287761514221284,0.3333333333333333,0.11279485422151388,0.29292929292929293,-0.03346970510979493,-0.4008955297111767,-0.39557716250419617,0.49661835748792266]}}
{"op_code":5,"worker_id":"7330753f-0970-4b98-a67b-fd6603914c5b-20880","trial_id":83,"param_name":"huber_delta","param_value_internal":2.56937392133958,"distribution":"{\"name\": \"FloatDistribution\", \"attributes\": {\"step\": null, \"low\": 0.5, \"high\": 5.0, \"log\": false}}"}
{"op_code":8,"worker_id":"d36e41e6-6915-4c61-b665-8614a660b7cd-18156","trial_id":76,"user_attr":{"gini":0.4214164286760447}}
{"op_code":8,"worker_id":"d36e41e6-6915-4c61-b665-8614a660b7cd-18156","trial_id":76,"user_attr":{"cv_is_ics":[0.19297394156455994,0.19859685003757477,0.16710510849952698,0.19345472753047943,0.20268121361732483,0.21189573407173157,0.2032381147146225,0.21371914446353912,0.2259652316570282,0.19533219933509827,0.22410762310028076,0.21866543591022491,0.18283577263355255,0.20105409622192383,0.19207532703876495]}}
{"op_code":8,"worker_id":"d36e41e6-6915-4c61-b665-8614a660b7cd-18156","trial_id":76,"user_attr":{"cv_oos_ics":[-0.008206582628190517,0.18640314042568207,0.1463605761528015,0.05993738770484924,-0.015327871777117252,0.019798552617430687,0.044326700270175934,-0.015164163894951344,-0.012337850406765938,0.09553807973861694,0.04457171633839607,0.1351041942834854,0.0794183537364006,0.038819096982479095,0.06819095462560654]}}
{"op_code":8,"worker_id":"d36e41e6-6915-4c61-b665-8614a660b7cd-18156","trial_id":76,"user_attr":{"reg_kappa":3.4623467447743357}}
{"op_code":8,"worker_id":"d36e41e6-6915-4c61-b665-8614a660b7cd-18156","trial_id":76,"user_attr":{"raw_metrics":[0.3752784310703469,0.14130488635862573,0.3333333333333333,0.10285936590512912,0.2888888888888889,0.39001558075798454,-0.23558237694679027,-0.24813546240329742,0.5316425120772946]}}
{"op_code":8,"worker_id":"5938e42a-810e-4035-989b-93bfbdc0e901-19068","trial_id":75,"user_attr":{"val_metrics":[0.14503856899788697,-0.1185183834645202,0.6606060606060606,0.3442605331291755,-2.686679472722049]}}
{"op_code":8,"worker_id":"d36e41e6-6915-4c61-b665-8614a660b7cd-18156","trial_id":76,"user_attr":{"val_metrics":[0.12075430545948201,-0.04790282093177206,0.6242424242424243,0.3986315496514241,-4.113151489831889]}}
{"op_code":8,"worker_id":"ae2b092d-e0a2-48e6-ac41-5df40018c15a-27448","trial_id":80,"user_attr":{"constraints":[-0.11415125229219376,-0.07490169111683583,0.26666666666666666,-0.030808080808080784,-0.252280717851855,-43.0,-7.0,0.0005559774653145685,-0.16666666666666663,-1381.225627180494,-0.060205314009661726,-0.05158730158730157]}}
{"op_code":8,"worker_id":"ae2b092d-e0a2-48e6-ac41-5df40018c15a-27448","trial_id":80,"user_attr":{"pruned_reasons":["M3 (Hit Rate < 60%)","Side-specific Yearly Tail IC Mean (-0.0006 <= 0)"]}}
{"op_code":8,"worker_id":"ae2b092d-e0a2-48e6-ac41-5df40018c15a-27448","trial_id":80,"user_attr":{"gini":0.502797719831038}}
{"op_code":8,"worker_id":"ae2b092d-e0a2-48e6-ac41-5df40018c15a-27448","trial_id":80,"user_attr":{"cv_is_ics":[0.1777990311384201,0.1767694652080536,0.14462818205356598,0.19086651504039764,0.1911994218826294,0.2044602781534195,0.1714080423116684,0.21417289972305298,0.21496811509132385,0.17973153293132782,0.2252887785434723,0.20818381011486053,0.17390555143356323,0.1896980106830597,0.18998180329799652]}}
{"op_code":8,"worker_id":"5938e42a-810e-4035-989b-93bfbdc0e901-19068","trial_id":75,"user_attr":{"deflated_objective":1.1241866404307328}}
{"op_code":9,"worker_id":"5938e42a-810e-4035-989b-93bfbdc0e901-19068","trial_id":75,"system_attr":{"constraints":[-0.11279485422151388,-0.023287761514221284,0.26666666666666666,-0.04292929292929293,0.03346970510979493,-17.0,-7.0,-0.015829162027480942,0.16666666666666669,-1417.3580094221174,-0.046618357487922646,0.00502645502645499]}}
{"op_code":6,"worker_id":"5938e42a-810e-4035-989b-93bfbdc0e901-19068","trial_id":75,"state":1,"values":[1.5342352581265144],"datetime_complete":"2026-07-14T11:40:12.028483"}
{"op_code":8,"worker_id":"d36e41e6-6915-4c61-b665-8614a660b7cd-18156","trial_id":76,"user_attr":{"deflated_objective":0.5858702846242391}}
{"op_code":8,"worker_id":"26495ded-7665-489d-8b47-23b4a4c1c5bd-11668","trial_id":82,"user_attr":{"constraints":[-0.11592287597017044,-0.07579412735919183,0.26666666666666666,-0.07525252525252524,-0.29357426337987763,-43.0,-7.0,-0.011001906695969737,-0.16666666666666663,-1381.4086467729094,-0.060205314009661726,-0.06084656084656076]}}
{"op_code":9,"worker_id":"d36e41e6-6915-4c61-b665-8614a660b7cd-18156","trial_id":76,"system_attr":{"constraints":[-0.10285936590512912,-0.14130488635862573,0.26666666666666666,-0.03888888888888892,-0.39001558075798454,-42.0,-8.0,-0.054482285193303386,0.16666666666666669,-1381.5868056294933,-0.08164251207729462,-0.07037037037037025]}}
{"op_code":8,"worker_id":"ae2b092d-e0a2-48e6-ac41-5df40018c15a-27448","trial_id":80,"user_attr":{"cv_oos_ics":[-0.02894427254796028,0.17817826569080353,0.15845777094364166,0.08130916208028793,-0.015008654445409775,-0.004699410405009985,0.02063457854092121,-0.018990974873304367,-0.011340174823999405,0.11754712462425232,0.06780869513750076,0.13892367482185364,0.09548934549093246,0.062342118471860886,0.07430996000766754]}}
{"op_code":8,"worker_id":"26495ded-7665-489d-8b47-23b4a4c1c5bd-11668","trial_id":82,"user_attr":{"pruned_reasons":["M3 (Hit Rate < 60%)"]}}
{"op_code":6,"worker_id":"d36e41e6-6915-4c61-b665-8614a660b7cd-18156","trial_id":76,"state":1,"values":[0.9858278863603143],"datetime_complete":"2026-07-14T11:40:12.035015"}
{"op_code":8,"worker_id":"ae2b092d-e0a2-48e6-ac41-5df40018c15a-27448","trial_id":80,"user_attr":{"reg_kappa":3.4566466842519517}}
{"op_code":4,"worker_id":"d36e41e6-6915-4c61-b665-8614a660b7cd-18156","study_id":0,"datetime_start":"2026-07-14T11:40:12.038912"}
{"op_code":8,"worker_id":"ae2b092d-e0a2-48e6-ac41-5df40018c15a-27448","trial_id":80,"user_attr":{"raw_metrics":[0.28617357617273,0.07490169111683583,0.3333333333333333,0.11415125229219376,0.2808080808080808,0.252280717851855,-0.21572365015678005,-0.22477033734321594,0.5102053140096617]}}
{"op_code":8,"worker_id":"26495ded-7665-489d-8b47-23b4a4c1c5bd-11668","trial_id":82,"user_attr":{"gini":0.5066728740154214}}
{"op_code":6,"worker_id":"0cd98439-3174-4dab-af72-205409dd6544-27064","trial_id":57,"state":1,"values":[1.0599534416213712],"datetime_complete":"2026-07-14T11:40:11.525476"}
{"op_code":4,"worker_id":"eb34df8d-71a4-48cc-a4e3-5fff04a9941a-19068","study_id":0,"datetime_start":"2026-07-14T11:40:12.042670"}
{"op_code":8,"worker_id":"7330753f-0970-4b98-a67b-fd6603914c5b-20880","trial_id":83,"user_attr":{"constraints":[-0.11481343187202682,-0.13784208297744646,0.26666666666666666,-0.12777777777777777,-0.3328835520880738,-45.0,-5.0,0.22297169454958984,0.16666666666666669,-1380.9284914167092,-0.08828502415458933,-0.08888888888888885]}}
{"op_code":5,"worker_id":"eb34df8d-71a4-48cc-a4e3-5fff04a9941a-19068","trial_id":85,"param_name":"k_weight","param_value_internal":0.3302562560344868,"distribution":"{\"name\": \"FloatDistribution\", \"attributes\": {\"step\": null, \"low\": 0.0, \"high\": 1.5, \"log\": false}}"}
{"op_code":5,"worker_id":"054da8af-6e76-40bc-84ab-a852fb2f9e63-7108","trial_id":8,"param_name":"unified_alpha","param_value_internal":0.00024146967484786692,"distribution":"{\"name\": \"FloatDistribution\", \"attributes\": {\"step\": null, \"low\": 1e-05, \"high\": 10.0, \"log\": true}}"}
{"op_code":5,"worker_id":"eb34df8d-71a4-48cc-a4e3-5fff04a9941a-19068","trial_id":85,"param_name":"unified_alpha","param_value_internal":0.02292719994440219,"distribution":"{\"name\": \"FloatDistribution\", \"attributes\": {\"step\": null, \"low\": 1e-05, \"high\": 10.0, \"log\": true}}"}
{"op_code":8,"worker_id":"7330753f-0970-4b98-a67b-fd6603914c5b-20880","trial_id":83,"user_attr":{"pruned_reasons":["M3 (Hit Rate < 60%)","Side-specific Yearly Tail IC Mean (-0.2230 <= 0)","Side-specific Hit Rate (33.33% < 50%)"]}}
{"op_code":5,"worker_id":"eb34df8d-71a4-48cc-a4e3-5fff04a9941a-19068","trial_id":85,"param_name":"unified_rho","param_value_internal":0.9112452601132429,"distribution":"{\"name\": \"FloatDistribution\", \"attributes\": {\"step\": null, \"low\": 0.0, \"high\": 1.0, \"log\": false}}"}
{"op_code":8,"worker_id":"7330753f-0970-4b98-a67b-fd6603914c5b-20880","trial_id":83,"user_attr":{"gini":0.5669938877519183}}
{"op_code":5,"worker_id":"e67cb112-bf38-41ce-886b-7ad7bd04f24e-19176","trial_id":5,"param_name":"huber_delta","param_value_internal":0.5387245340394617,"distribution":"{\"name\": \"FloatDistribution\", \"attributes\": {\"step\": null, \"low\": 0.5, \"high\": 5.0, \"log\": false}}"}
{"op_code":8,"worker_id":"7330753f-0970-4b98-a67b-fd6603914c5b-20880","trial_id":83,"user_attr":{"cv_is_ics":[0.19902536273002625,0.19618545472621918,0.17147722840309143,0.20204223692417145,0.1964518129825592,0.21268869936466217,0.20706644654273987,0.21170185506343842,0.23015984892845154,0.19779905676841736,0.2221333086490631,0.19536009430885315,0.1797153204679489,0.20491881668567657,0.19090993702411652]}}
{"op_code":5,"worker_id":"d36e41e6-6915-4c61-b665-8614a660b7cd-18156","trial_id":84,"param_name":"k_weight","param_value_internal":0.4878835042774346,"distribution":"{\"name\": \"FloatDistribution\", \"attributes\": {\"step\": null, \"low\": 0.0, \"high\": 1.5, \"log\": false}}"}
{"op_code":8,"worker_id":"26495ded-7665-489d-8b47-23b4a4c1c5bd-11668","trial_id":82,"user_attr":{"cv_is_ics":[0.1839282512664795,0.18654148280620575,0.15392424166202545,0.19270318746566772,0.19676797091960907,0.20780330896377563,0.1846308559179306,0.21535731852054596,0.21728695929050446,0.1889234483242035,0.22496359050273895,0.21079692244529724,0.17723572254180908,0.19779694080352783,0.19082191586494446]}}
{"op_code":5,"worker_id":"d36e41e6-6915-4c61-b665-8614a660b7cd-18156","trial_id":84,"param_name":"unified_alpha","param_value_internal":0.020259947419451786,"distribution":"{\"name\": \"FloatDistribution\", \"attributes\": {\"step\": null, \"low\": 1e-05, \"high\": 10.0, \"log\": true}}"}
{"op_code":8,"worker_id":"7330753f-0970-4b98-a67b-fd6603914c5b-20880","trial_id":83,"user_attr":{"cv_oos_ics":[-0.008128434419631958,0.18903692066669464,0.1397445946931839,0.08283461630344391,0.00994553230702877,0.05048159882426262,0.06138203665614128,0.006178807932883501,0.010935477912425995,0.15906782448291779,0.08666446059942245,0.16330662369728088,0.10245835781097412,0.0555521585047245,0.10018616914749146]}}
{"op_code":5,"worker_id":"d36e41e6-6915-4c61-b665-8614a660b7cd-18156","trial_id":84,"param_name":"unified_rho","param_value_internal":0.9019413746218063,"distribution":"{\"name\": \"FloatDistribution\", \"attributes\": {\"step\": null, \"low\": 0.0, \"high\": 1.0, \"log\": false}}"}
{"op_code":8,"worker_id":"26495ded-7665-489d-8b47-23b4a4c1c5bd-11668","trial_id":82,"user_attr":{"cv_oos_ics":[-0.02270568534731865,0.1893366575241089,0.1564832180738449,0.0773194283246994,-0.013849730603396893,0.013350524008274078,0.03377607837319374,-0.012676792219281197,-0.006574704311788082,0.11661223322153091,0.06753169000148773,0.14494121074676514,0.09558950364589691,0.058668509125709534,0.07535522431135178]}}
{"op_code":8,"worker_id":"26495ded-7665-489d-8b47-23b4a4c1c5bd-11668","trial_id":82,"user_attr":{"reg_kappa":3.456827928018427}}
{"op_code":5,"worker_id":"054da8af-6e76-40bc-84ab-a852fb2f9e63-7108","trial_id":8,"param_name":"unified_rho","param_value_internal":0.41106107063891273,"distribution":"{\"name\": \"FloatDistribution\", \"attributes\": {\"step\": null, \"low\": 0.0, \"high\": 1.0, \"log\": false}}"}
{"op_code":5,"worker_id":"d36e41e6-6915-4c61-b665-8614a660b7cd-18156","trial_id":84,"param_name":"unified_gamma","param_value_internal":2612.55060620852,"distribution":"{\"name\": \"FloatDistribution\", \"attributes\": {\"step\": null, \"low\": 1.5, \"high\": 10000.0, \"log\": true}}"}
{"op_code":5,"worker_id":"054da8af-6e76-40bc-84ab-a852fb2f9e63-7108","trial_id":8,"param_name":"unified_gamma","param_value_internal":23.147065288429395,"distribution":"{\"name\": \"FloatDistribution\", \"attributes\": {\"step\": null, \"low\": 1.5, \"high\": 10000.0, \"log\": true}}"}
{"op_code":8,"worker_id":"26495ded-7665-489d-8b47-23b4a4c1c5bd-11668","trial_id":82,"user_attr":{"raw_metrics":[0.29063402808280187,0.07579412735919183,0.3333333333333333,0.11592287597017044,0.32525252525252524,0.29357426337987763,-0.21659141426524442,-0.22361378371715546,0.5102053140096617]}}
{"op_code":5,"worker_id":"d36e41e6-6915-4c61-b665-8614a660b7cd-18156","trial_id":84,"param_name":"huber_delta","param_value_internal":3.677726318959035,"distribution":"{\"name\": \"FloatDistribution\", \"attributes\": {\"step\": null, \"low\": 0.5, \"high\": 5.0, \"log\": false}}"}
{"op_code":8,"worker_id":"26495ded-7665-489d-8b47-23b4a4c1c5bd-11668","trial_id":82,"user_attr":{"val_metrics":[0.11298434478196241,-0.012948327205619337,0.5757575757575758,0.35271731806298096,-6.220315180077904]}}
{"op_code":5,"worker_id":"054da8af-6e76-40bc-84ab-a852fb2f9e63-7108","trial_id":8,"param_name":"huber_delta","param_value_internal":3.0468015084267748,"distribution":"{\"name\": \"FloatDistribution\", \"attributes\": {\"step\": null, \"low\": 0.5, \"high\": 5.0, \"log\": false}}"}
{"op_code":8,"worker_id":"7330753f-0970-4b98-a67b-fd6603914c5b-20880","trial_id":83,"user_attr":{"reg_kappa":3.451086220009456}}
{"op_code":8,"worker_id":"7330753f-0970-4b98-a67b-fd6603914c5b-20880","trial_id":83,"user_attr":{"raw_metrics":[0.4320297810820639,0.13784208297744646,0.3333333333333333,0.11481343187202682,0.37777777777777777,0.3328835520880738,-0.17857215842720478,-0.1999245584011078,0.5382850241545893]}}
{"op_code":8,"worker_id":"26495ded-7665-489d-8b47-23b4a4c1c5bd-11668","trial_id":82,"user_attr":{"deflated_objective":-0.25315106325818737}}
{"op_code":8,"worker_id":"7330753f-0970-4b98-a67b-fd6603914c5b-20880","trial_id":83,"user_attr":{"val_metrics":[0.10946904395014163,-0.12231229341393594,0.6606060606060606,0.2862619654585918,-3.8445081818991302]}}
{"op_code":5,"worker_id":"eb34df8d-71a4-48cc-a4e3-5fff04a9941a-19068","trial_id":85,"param_name":"unified_gamma","param_value_internal":2464.8651920317243,"distribution":"{\"name\": \"FloatDistribution\", \"attributes\": {\"step\": null, \"low\": 1.5, \"high\": 10000.0, \"log\": true}}"}
{"op_code":9,"worker_id":"26495ded-7665-489d-8b47-23b4a4c1c5bd-11668","trial_id":82,"system_attr":{"constraints":[-0.11592287597017044,-0.07579412735919183,0.26666666666666666,-0.07525252525252524,-0.29357426337987763,-43.0,-7.0,-0.011001906695969737,-0.16666666666666663,-1381.4086467729094,-0.060205314009661726,-0.06084656084656076]}}
{"op_code":6,"worker_id":"26495ded-7665-489d-8b47-23b4a4c1c5bd-11668","trial_id":82,"state":1,"values":[0.15131872691958356],"datetime_complete":"2026-07-14T11:40:12.092101"}
{"op_code":5,"worker_id":"eb34df8d-71a4-48cc-a4e3-5fff04a9941a-19068","trial_id":85,"param_name":"huber_delta","param_value_internal":4.145270771083579,"distribution":"{\"name\": \"FloatDistribution\", \"attributes\": {\"step\": null, \"low\": 0.5, \"high\": 5.0, \"log\": false}}"}
{"op_code":4,"worker_id":"26495ded-7665-489d-8b47-23b4a4c1c5bd-11668","study_id":0,"datetime_start":"2026-07-14T11:40:12.094185"}
{"op_code":8,"worker_id":"7330753f-0970-4b98-a67b-fd6603914c5b-20880","trial_id":83,"user_attr":{"deflated_objective":0.664952824286364}}
{"op_code":5,"worker_id":"26495ded-7665-489d-8b47-23b4a4c1c5bd-11668","trial_id":86,"param_name":"k_weight","param_value_internal":0.4807243041624423,"distribution":"{\"name\": \"FloatDistribution\", \"attributes\": {\"step\": null, \"low\": 0.0, \"high\": 1.5, \"log\": false}}"}
{"op_code":9,"worker_id":"7330753f-0970-4b98-a67b-fd6603914c5b-20880","trial_id":83,"system_attr":{"constraints":[-0.11481343187202682,-0.13784208297744646,0.26666666666666666,-0.12777777777777777,-0.3328835520880738,-45.0,-5.0,0.22297169454958984,0.16666666666666669,-1380.9284914167092,-0.08828502415458933,-0.08888888888888885]}}
{"op_code":8,"worker_id":"e67cb112-bf38-41ce-886b-7ad7bd04f24e-19176","trial_id":5,"user_attr":{"constraints":[-0.09333823608133403,-0.10453750249574223,0.26666666666666666,0.1186868686868687,-0.2851005819016969,-38.0,-8.0,0.09625760213995509,0.16666666666666669,-1384.5413641878158,-0.061896135265700425,-0.10767195767195764]}}
{"op_code":5,"worker_id":"ae752ed8-9dc3-496a-a33e-90fc60ba3f49-14384","trial_id":16,"param_name":"k_weight","param_value_internal":1.2699936108152008,"distribution":"{\"name\": \"FloatDistribution\", \"attributes\": {\"step\": null, \"low\": 0.0, \"high\": 1.5, \"log\": false}}"}
{"op_code":8,"worker_id":"9267fdbc-0526-471c-9cc2-664bbb222d6f-4680","trial_id":66,"user_attr":{"pruned_reasons":["M3 (Hit Rate < 60%)","M5 (Monotonicity <= 0.25)","Side-specific Yearly Tail IC Mean (-0.0991 <= 0)","Side-specific Hit Rate (33.33% < 50%)"]}}
{"op_code":6,"worker_id":"7330753f-0970-4b98-a67b-fd6603914c5b-20880","trial_id":83,"state":1,"values":[1.0660292580179618],"datetime_complete":"2026-07-14T11:40:12.104195"}
{"op_code":8,"worker_id":"e67cb112-bf38-41ce-886b-7ad7bd04f24e-19176","trial_id":5,"user_attr":{"pruned_reasons":["M3 (Hit Rate < 60%)","M5 (Monotonicity <= 0.25)","Side-specific Yearly Tail IC Mean (-0.0963 <= 0)","Side-specific Hit Rate (33.33% < 50%)"]}}
{"op_code":8,"worker_id":"9267fdbc-0526-471c-9cc2-664bbb222d6f-4680","trial_id":66,"user_attr":{"gini":0.4252603719970949}}
{"op_code":8,"worker_id":"9267fdbc-0526-471c-9cc2-664bbb222d6f-4680","trial_id":66,"user_attr":{"cv_is_ics":[0.19689050316810608,0.20305795967578888,0.18368932604789734,0.2017832100391388,0.20690543949604034,0.21497994661331177,0.21462641656398773,0.2139669805765152,0.23208491504192352,0.1999155580997467,0.22608330845832825,0.22164730727672577,0.19156305491924286,0.2132216840982437,0.19790267944335938]}}
{"op_code":4,"worker_id":"7330753f-0970-4b98-a67b-fd6603914c5b-20880","study_id":0,"datetime_start":"2026-07-14T11:40:12.110747"}
{"op_code":8,"worker_id":"d36e41e6-6915-4c61-b665-8614a660b7cd-18156","trial_id":84,"user_attr":{"constraints":[-0.12097106570762495,-0.1044007595726451,0.26666666666666666,-0.04292929292929293,-0.26503815665967073,-46.0,-4.0,0.27016703402538417,0.16666666666666669,-1381.0621705071862,-0.060809178743961356,-0.07962962962962966]}}
{"op_code":5,"worker_id":"ae752ed8-9dc3-496a-a33e-90fc60ba3f49-14384","trial_id":16,"param_name":"unified_alpha","param_value_internal":0.023280550286246,"distribution":"{\"name\": \"FloatDistribution\", \"attributes\": {\"step\": null, \"low\": 1e-05, \"high\": 10.0, \"log\": true}}"}
{"op_code":5,"worker_id":"ae752ed8-9dc3-496a-a33e-90fc60ba3f49-14384","trial_id":16,"param_name":"unified_rho","param_value_internal":0.45487540240575286,"distribution":"{\"name\": \"FloatDistribution\", \"attributes\": {\"step\": null, \"low\": 0.0, \"high\": 1.0, \"log\": false}}"}
{"op_code":5,"worker_id":"26495ded-7665-489d-8b47-23b4a4c1c5bd-11668","trial_id":86,"param_name":"unified_alpha","param_value_internal":0.0015215315649629402,"distribution":"{\"name\": \"FloatDistribution\", \"attributes\": {\"step\": null, \"low\": 1e-05, \"high\": 10.0, \"log\": true}}"}
{"op_code":8,"worker_id":"d36e41e6-6915-4c61-b665-8614a660b7cd-18156","trial_id":84,"user_attr":{"pruned_reasons":["M3 (Hit Rate < 60%)","Side-specific Yearly Tail IC Mean (-0.2702 <= 0)","Side-specific Hit Rate (33.33% < 50%)"]}}
{"op_code":5,"worker_id":"26495ded-7665-489d-8b47-23b4a4c1c5bd-11668","trial_id":86,"param_name":"unified_rho","param_value_internal":0.9209831243243942,"distribution":"{\"name\": \"FloatDistribution\", \"attributes\": {\"step\": null, \"low\": 0.0, \"high\": 1.0, \"log\": false}}"}
{"op_code":5,"worker_id":"ae752ed8-9dc3-496a-a33e-90fc60ba3f49-14384","trial_id":16,"param_name":"unified_gamma","param_value_internal":33.325447496589845,"distribution":"{\"name\": \"FloatDistribution\", \"attributes\": {\"step\": null, \"low\": 1.5, \"high\": 10000.0, \"log\": true}}"}
{"op_code":5,"worker_id":"26495ded-7665-489d-8b47-23b4a4c1c5bd-11668","trial_id":86,"param_name":"unified_gamma","param_value_internal":1975.3835396438328,"distribution":"{\"name\": \"FloatDistribution\", \"attributes\": {\"step\": null, \"low\": 1.5, \"high\": 10000.0, \"log\": true}}"}
{"op_code":8,"worker_id":"d36e41e6-6915-4c61-b665-8614a660b7cd-18156","trial_id":84,"user_attr":{"gini":0.5988207077830177}}
{"op_code":8,"worker_id":"e67cb112-bf38-41ce-886b-7ad7bd04f24e-19176","trial_id":5,"user_attr":{"gini":0.42333341654832224}}
{"op_code":8,"worker_id":"d36e41e6-6915-4c61-b665-8614a660b7cd-18156","trial_id":84,"user_attr":{"cv_is_ics":[0.18482953310012817,0.1817919760942459,0.15640594065189362,0.1978355497121811,0.19230253994464874,0.2093672901391983,0.1855887770652771,0.21292750537395477,0.22011326253414154,0.1935083419084549,0.22252491116523743,0.19959630072116852,0.17701297998428345,0.19358433783054352,0.18685773015022278]}}
{"op_code":8,"worker_id":"9267fdbc-0526-471c-9cc2-664bbb222d6f-4680","trial_id":66,"user_attr":{"cv_oos_ics":[0.007013457827270031,0.16868627071380615,0.13191460072994232,0.06615256518125534,-0.00774563429877162,0.04472501203417778,0.06917448341846466,-0.00666637672111392,-0.010680107399821281,0.09929823130369186,0.031017985194921494,0.13365939259529114,0.06227647513151169,0.035249363631010056,0.07275072485208511]}}
{"op_code":8,"worker_id":"eb34df8d-71a4-48cc-a4e3-5fff04a9941a-19068","trial_id":85,"user_attr":{"constraints":[-0.12696623411441105,-0.09615569884500769,0.26666666666666666,-0.11161616161616167,-0.311807515312904,-51.0,-3.0,0.20592294135918676,-0.16666666666666663,-1378.213618057744,-0.07439613526570049,-0.05158730158730157]}}
{"op_code":5,"worker_id":"7330753f-0970-4b98-a67b-fd6603914c5b-20880","trial_id":87,"param_name":"k_weight","param_value_internal":0.303793246283476,"distribution":"{\"name\": \"FloatDistribution\", \"attributes\": {\"step\": null, \"low\": 0.0, \"high\": 1.5, \"log\": false}}"}
{"op_code":8,"worker_id":"9267fdbc-0526-471c-9cc2-664bbb222d6f-4680","trial_id":66,"user_attr":{"reg_kappa":3.4410498502842453}}
{"op_code":8,"worker_id":"9267fdbc-0526-471c-9cc2-664bbb222d6f-4680","trial_id":66,"user_attr":{"raw_metrics":[0.29015986684789224,0.10839251126683398,0.3333333333333333,0.09431696273309903,0.22828282828282828,0.36148671039474617,-0.20653647026823718,-0.19919519126415253,0.5382850241545893]}}
{"op_code":8,"worker_id":"054da8af-6e76-40bc-84ab-a852fb2f9e63-7108","trial_id":8,"user_attr":{"constraints":[-0.09947049803129054,-0.09995105770842523,0.26666666666666666,0.10656565656565656,-0.36904790290185935,-50.0,-8.0,0.14455658295039112,0.5,-1376.568783113878,-0.08888888888888885,-0.07962962962962966]}}
{"op_code":8,"worker_id":"9267fdbc-0526-471c-9cc2-664bbb222d6f-4680","trial_id":66,"user_attr":{"val_metrics":[0.10931807754515861,0.033325278097263655,0.7090909090909091,0.3451977164298296,-5.300315734823167]}}
{"op_code":5,"worker_id":"7330753f-0970-4b98-a67b-fd6603914c5b-20880","trial_id":87,"param_name":"unified_alpha","param_value_internal":0.0013277201266641725,"distribution":"{\"name\": \"FloatDistribution\", \"attributes\": {\"step\": null, \"low\": 1e-05, \"high\": 10.0, \"log\": true}}"}
{"op_code":5,"worker_id":"ae752ed8-9dc3-496a-a33e-90fc60ba3f49-14384","trial_id":16,"param_name":"huber_delta","param_value_internal":3.136331228606768,"distribution":"{\"name\": \"FloatDistribution\", \"attributes\": {\"step\": null, \"low\": 0.5, \"high\": 5.0, \"log\": false}}"}
{"op_code":5,"worker_id":"7330753f-0970-4b98-a67b-fd6603914c5b-20880","trial_id":87,"param_name":"unified_rho","param_value_internal":0.8215804288072684,"distribution":"{\"name\": \"FloatDistribution\", \"attributes\": {\"step\": null, \"low\": 0.0, \"high\": 1.0, \"log\": false}}"}
{"op_code":5,"worker_id":"1ad6cac4-2505-4822-81a9-b9bba933bd9c-6576","trial_id":52,"param_name":"huber_delta","param_value_internal":3.347988563868586,"distribution":"{\"name\": \"FloatDistribution\", \"attributes\": {\"step\": null, \"low\": 0.5, \"high\": 5.0, \"log\": false}}"}
{"op_code":5,"worker_id":"7330753f-0970-4b98-a67b-fd6603914c5b-20880","trial_id":87,"param_name":"unified_gamma","param_value_internal":2213.3332970121132,"distribution":"{\"name\": \"FloatDistribution\", \"attributes\": {\"step\": null, \"low\": 1.5, \"high\": 10000.0, \"log\": true}}"}
{"op_code":4,"worker_id":"ecad453e-1fbe-4cc1-b6f5-919d990cc232-27064","study_id":0,"datetime_start":"2026-07-14T11:40:12.132758"}
{"op_code":8,"worker_id":"9267fdbc-0526-471c-9cc2-664bbb222d6f-4680","trial_id":66,"user_attr":{"deflated_objective":0.1529818844665624}}
{"op_code":5,"worker_id":"7330753f-0970-4b98-a67b-fd6603914c5b-20880","trial_id":87,"param_name":"huber_delta","param_value_internal":4.173070430851889,"distribution":"{\"name\": \"FloatDistribution\", \"attributes\": {\"step\": null, \"low\": 0.5, \"high\": 5.0, \"log\": false}}"}
{"op_code":5,"worker_id":"ecad453e-1fbe-4cc1-b6f5-919d990cc232-27064","trial_id":88,"param_name":"k_weight","param_value_internal":0.3421029167894831,"distribution":"{\"name\": \"FloatDistribution\", \"attributes\": {\"step\": null, \"low\": 0.0, \"high\": 1.5, \"log\": false}}"}
{"op_code":9,"worker_id":"9267fdbc-0526-471c-9cc2-664bbb222d6f-4680","trial_id":66,"system_attr":{"constraints":[-0.09431696273309903,-0.10839251126683398,0.26666666666666666,0.021717171717171718,-0.36148671039474617,-49.0,-8.0,0.09909863962842315,0.16666666666666669,-1376.6238190767176,-0.08828502415458933,-0.07936507936507936]}}
{"op_code":8,"worker_id":"054da8af-6e76-40bc-84ab-a852fb2f9e63-7108","trial_id":8,"user_attr":{"pruned_reasons":["M3 (Hit Rate < 60%)","M5 (Monotonicity <= 0.25)","Side-specific Yearly Tail IC Mean (-0.1446 <= 0)","Side-specific Hit Rate (0.00% < 50%)"]}}
{"op_code":6,"worker_id":"9267fdbc-0526-471c-9cc2-664bbb222d6f-4680","trial_id":66,"state":1,"values":[0.5507946537123369],"datetime_complete":"2026-07-14T11:40:12.159154"}
{"op_code":5,"worker_id":"ecad453e-1fbe-4cc1-b6f5-919d990cc232-27064","trial_id":88,"param_name":"unified_alpha","param_value_internal":0.007997477693507548,"distribution":"{\"name\": \"FloatDistribution\", \"attributes\": {\"step\": null, \"low\": 1e-05, \"high\": 10.0, \"log\": true}}"}
{"op_code":5,"worker_id":"ecad453e-1fbe-4cc1-b6f5-919d990cc232-27064","trial_id":88,"param_name":"unified_rho","param_value_internal":0.8087679583272921,"distribution":"{\"name\": \"FloatDistribution\", \"attributes\": {\"step\": null, \"low\": 0.0, \"high\": 1.0, \"log\": false}}"}
{"op_code":8,"worker_id":"d36e41e6-6915-4c61-b665-8614a660b7cd-18156","trial_id":84,"user_attr":{"cv_oos_ics":[-0.021707378327846527,0.19364765286445618,0.15311414003372192,0.1017145961523056,0.0023816905450075865,0.016074081882834435,0.03912733495235443,-0.0036143935285508633,0.00800737552344799,0.14745952188968658,0.08820421993732452,0.14764782786369324,0.11881770938634872,0.05304717645049095,0.08931802958250046]}}
{"op_code":8,"worker_id":"d36e41e6-6915-4c61-b665-8614a660b7cd-18156","trial_id":84,"user_attr":{"reg_kappa":3.447679041153616}}
{"op_code":8,"worker_id":"d36e41e6-6915-4c61-b665-8614a660b7cd-18156","trial_id":84,"user_attr":{"raw_metrics":[0.37832774770491634,0.1044007595726451,0.3333333333333333,0.12097106570762495,0.29292929292929293,0.26503815665967073,-0.16117938723035985,-0.19454382359981537,0.5108091787439614]}}
{"op_code":8,"worker_id":"d36e41e6-6915-4c61-b665-8614a660b7cd-18156","trial_id":84,"user_attr":{"val_metrics":[0.10391632393528129,-0.004290397435049609,0.41818181818181815,0.3353515315055847,-5.262345404833869]}}
{"op_code":5,"worker_id":"ecad453e-1fbe-4cc1-b6f5-919d990cc232-27064","trial_id":88,"param_name":"unified_gamma","param_value_internal":3158.4693792575395,"distribution":"{\"name\": \"FloatDistribution\", \"attributes\": {\"step\": null, \"low\": 1.5, \"high\": 10000.0, \"log\": true}}"}
{"op_code":8,"worker_id":"054da8af-6e76-40bc-84ab-a852fb2f9e63-7108","trial_id":8,"user_attr":{"gini":0.4398678891160088}}
{"op_code":8,"worker_id":"054da8af-6e76-40bc-84ab-a852fb2f9e63-7108","trial_id":8,"user_attr":{"cv_is_ics":[0.19319093227386475,0.20457756519317627,0.18106527626514435,0.1978861391544342,0.2044087052345276,0.21395166218280792,0.2121582329273224,0.2139662802219391,0.22711315751075745,0.20049704611301422,0.22748515009880066,0.22531241178512573,0.1887655407190323,0.2120237946510315,0.19773609936237335]}}
{"op_code":8,"worker_id":"c5150b3a-8ee2-404d-bead-4940b77619d3-12024","trial_id":77,"user_attr":{"constraints":[-0.10349582677650064,-0.13524048218730003,0.26666666666666666,-0.026767676767676718,-0.3746576256285183,-42.0,-8.0,-0.08721411674669198,0.16666666666666669,-1381.6963532250843,-0.07439613526570049,-0.06084656084656076]}}
{"op_code":5,"worker_id":"ecad453e-1fbe-4cc1-b6f5-919d990cc232-27064","trial_id":88,"param_name":"huber_delta","param_value_internal":4.227149249319284,"distribution":"{\"name\": \"FloatDistribution\", \"attributes\": {\"step\": null, \"low\": 0.5, \"high\": 5.0, \"log\": false}}"}
{"op_code":8,"worker_id":"ae752ed8-9dc3-496a-a33e-90fc60ba3f49-14384","trial_id":16,"user_attr":{"constraints":[-0.1143386009121969,-0.13028098178625983,-0.06666666666666665,-0.022727272727272707,-0.0437287359304978,-20.0,-7.0,0.08395261069478548,0.16666666666666669,-1410.947419003349,-0.05356280193236712,-0.05158730158730157]}}
{"op_code":6,"worker_id":"bc418afb-e1a7-4747-a0a9-5a19e1437c21-30084","trial_id":68,"state":1,"values":[0.7593053143710263],"datetime_complete":"2026-07-14T11:40:11.926459"}
{"op_code":8,"worker_id":"ae752ed8-9dc3-496a-a33e-90fc60ba3f49-14384","trial_id":16,"user_attr":{"pruned_reasons":["Side-specific Yearly Tail IC Mean (-0.0840 <= 0)","Side-specific Hit Rate (33.33% < 50%)"]}}
{"op_code":8,"worker_id":"7330753f-0970-4b98-a67b-fd6603914c5b-20880","trial_id":87,"user_attr":{"constraints":[-0.10603202990168646,-0.07099236240904008,0.26666666666666666,0.029797979797979796,-0.35509493303381734,-47.0,-8.0,0.04728330436264864,0.16666666666666669,-1377.8445413515826,-0.05990338164251213,-0.06111111111111106]}}
{"op_code":8,"worker_id":"ae752ed8-9dc3-496a-a33e-90fc60ba3f49-14384","trial_id":16,"user_attr":{"gini":0.4798643584368263}}
{"op_code":8,"worker_id":"7330753f-0970-4b98-a67b-fd6603914c5b-20880","trial_id":87,"user_attr":{"pruned_reasons":["M3 (Hit Rate < 60%)","M5 (Monotonicity <= 0.25)","Side-specific Yearly Tail IC Mean (-0.0473 <= 0)","Side-specific Hit Rate (33.33% < 50%)"]}}
{"op_code":8,"worker_id":"ae752ed8-9dc3-496a-a33e-90fc60ba3f49-14384","trial_id":16,"user_attr":{"cv_is_ics":[0.17636063694953918,0.15885554254055023,0.1192428469657898,0.18629594147205353,0.1863497495651245,0.20331346988677979,0.15797953307628632,0.2112903594970703,0.20480257272720337,0.15875151753425598,0.22107279300689697,0.18767358362674713,0.16576948761940002,0.1732565462589264,0.1859772652387619]}}
{"op_code":8,"worker_id":"7330753f-0970-4b98-a67b-fd6603914c5b-20880","trial_id":87,"user_attr":{"gini":0.4404964339743034}}
{"op_code":8,"worker_id":"e67cb112-bf38-41ce-886b-7ad7bd04f24e-19176","trial_id":5,"user_attr":{"cv_is_ics":[0.1984817236661911,0.20166967809200287,0.18571443855762482,0.20650316774845123,0.21679483354091644,0.21243378520011902,0.21612045168876648,0.2182999551296234,0.2348375767469406,0.19843260943889618,0.23199664056301117,0.21257758140563965,0.19644702970981598,0.2182799130678177,0.20800526440143585]}}
{"op_code":8,"worker_id":"054da8af-6e76-40bc-84ab-a852fb2f9e63-7108","trial_id":8,"user_attr":{"cv_oos_ics":[0.002748368540778756,0.17207318544387817,0.1317594051361084,0.06927832216024399,-0.012172483839094639,0.03027511015534401,0.06385184824466705,-0.01753487065434456,-0.009896683506667614,0.09746089577674866,0.030749637633562088,0.12979522347450256,0.06481116265058517,0.0401056744158268,0.06946669518947601]}}
{"op_code":8,"worker_id":"e67cb112-bf38-41ce-886b-7ad7bd04f24e-19176","trial_id":5,"user_attr":{"cv_oos_ics":[0.03946555778384209,0.14255516231060028,0.09798279404640198,0.08459670096635818,-0.001964001916348934,0.05520698055624962,0.08679994195699692,-0.003061888739466667,0.005693893413990736,0.06437916308641434,0.0028782475274056196,0.12098383158445358,0.05184056609869003,0.01940900832414627,0.073280930519104]}}
{"op_code":8,"worker_id":"eb34df8d-71a4-48cc-a4e3-5fff04a9941a-19068","trial_id":85,"user_attr":{"pruned_reasons":["M3 (Hit Rate < 60%)","Side-specific Yearly Tail IC Mean (-0.2059 <= 0)"]}}
{"op_code":8,"worker_id":"eb34df8d-71a4-48cc-a4e3-5fff04a9941a-19068","trial_id":85,"user_attr":{"gini":0.6278193869920903}}
{"op_code":8,"worker_id":"ae752ed8-9dc3-496a-a33e-90fc60ba3f49-14384","trial_id":16,"user_attr":{"cv_oos_ics":[-0.04095916822552681,0.1852896809577942,0.1616925746202469,0.07490687072277069,-0.03411952778697014,-0.00824642088264227,0.008831441402435303,-0.0143398093059659,-0.016501685604453087,0.08250686526298523,0.07591323554515839,0.14390069246292114,0.1063038632273674,0.06311579793691635,0.0753963440656662]}}
{"op_code":8,"worker_id":"7330753f-0970-4b98-a67b-fd6603914c5b-20880","trial_id":87,"user_attr":{"cv_is_ics":[0.17794504761695862,0.18838098645210266,0.15813402831554413,0.19371311366558075,0.198893740773201,0.2061893343925476,0.1822388768196106,0.21682024002075195,0.21495933830738068,0.1872304379940033,0.2276618927717209,0.21388225257396698,0.18124081194400787,0.19628235697746277,0.19527707993984222]}}
{"op_code":8,"worker_id":"7330753f-0970-4b98-a67b-fd6603914c5b-20880","trial_id":87,"user_attr":{"cv_oos_ics":[-0.018725669011473656,0.1795784831047058,0.14987383782863617,0.06880835443735123,-0.01208916213363409,0.006871115881949663,0.03307387977838516,-0.02780023403465748,-0.016170570626854897,0.10283655673265457,0.04082674905657768,0.13163794577121735,0.07770911604166031,0.0607936829328537,0.07093936949968338]}}
{"op_code":8,"worker_id":"054da8af-6e76-40bc-84ab-a852fb2f9e63-7108","trial_id":8,"user_attr":{"reg_kappa":3.4490696693250475}}
{"op_code":8,"worker_id":"e67cb112-bf38-41ce-886b-7ad7bd04f24e-19176","trial_id":5,"user_attr":{"reg_kappa":3.4615082792251672}}
{"op_code":8,"worker_id":"e67cb112-bf38-41ce-886b-7ad7bd04f24e-19176","trial_id":5,"user_attr":{"raw_metrics":[0.337471761266269,0.10453750249574223,0.3333333333333333,0.09333823608133403,0.1313131313131313,0.2851005819016969,-0.2507313825139929,-0.3472353219985962,0.5118961352657004]}}
{"op_code":8,"worker_id":"7330753f-0970-4b98-a67b-fd6603914c5b-20880","trial_id":87,"user_attr":{"reg_kappa":3.4516164853314453}}
{"op_code":8,"worker_id":"054da8af-6e76-40bc-84ab-a852fb2f9e63-7108","trial_id":8,"user_attr":{"raw_metrics":[0.3128824459639627,0.09995105770842523,0.3333333333333333,0.09947049803129054,0.14343434343434344,0.36904790290185935,-0.2056883784900059,-0.19642648100852966,0.5388888888888889]}}
{"op_code":8,"worker_id":"e67cb112-bf38-41ce-886b-7ad7bd04f24e-19176","trial_id":5,"user_attr":{"val_metrics":[0.10359849992479071,-0.08586119937342405,0.6,0.3924315859625737,-2.8819108342595015]}}
{"op_code":8,"worker_id":"1ad6cac4-2505-4822-81a9-b9bba933bd9c-6576","trial_id":52,"user_attr":{"constraints":[-0.10318707692773336,-0.1270891081196905,0.26666666666666666,0.09444444444444447,-0.17627314126271987,-38.0,-8.0,0.07153063449665585,0.16666666666666669,-1384.969491137447,-0.060205314009661726,-0.06111111111111106]}}
{"op_code":8,"worker_id":"7330753f-0970-4b98-a67b-fd6603914c5b-20880","trial_id":87,"user_attr":{"raw_metrics":[0.25364022988712,0.07099236240904008,0.3333333333333333,0.10603202990168646,0.2202020202020202,0.35509493303381734,-0.21556599268136087,-0.21931935846805573,0.5099033816425121]}}
{"op_code":8,"worker_id":"1ad6cac4-2505-4822-81a9-b9bba933bd9c-6576","trial_id":52,"user_attr":{"pruned_reasons":["M3 (Hit Rate < 60%)","M5 (Monotonicity <= 0.25)","Side-specific Yearly Tail IC Mean (-0.0715 <= 0)","Side-specific Hit Rate (33.33% < 50%)"]}}
{"op_code":8,"worker_id":"eb34df8d-71a4-48cc-a4e3-5fff04a9941a-19068","trial_id":85,"user_attr":{"cv_is_ics":[0.18019405007362366,0.17569977045059204,0.159672811627388,0.19836780428886414,0.18791648745536804,0.2056003361940384,0.18152794241905212,0.2151174545288086,0.2170872539281845,0.1933056116104126,0.22090032696723938,0.19857266545295715,0.1763405054807663,0.18561571836471558,0.18726961314678192]}}
{"op_code":8,"worker_id":"ecad453e-1fbe-4cc1-b6f5-919d990cc232-27064","trial_id":88,"user_attr":{"constraints":[-0.11458793698178221,-0.07528094858608934,0.26666666666666666,-0.022727272727272763,-0.35091270783295236,-47.0,-7.0,0.15048304383998293,-0.16666666666666663,-1378.382184824606,-0.07379227053140097,-0.05158730158730157]}}
{"op_code":8,"worker_id":"7330753f-0970-4b98-a67b-fd6603914c5b-20880","trial_id":87,"user_attr":{"val_metrics":[0.1194972278600943,0.09970862889296672,0.5636363636363636,0.450003719603022,-5.698461500061001]}}
{"op_code":8,"worker_id":"1ad6cac4-2505-4822-81a9-b9bba933bd9c-6576","trial_id":52,"user_attr":{"gini":0.4178770994250065}}
{"op_code":8,"worker_id":"1ad6cac4-2505-4822-81a9-b9bba933bd9c-6576","trial_id":52,"user_attr":{"cv_is_ics":[0.1857292205095291,0.18806388974189758,0.1484648883342743,0.18917493522167206,0.19975855946540833,0.20754997432231903,0.18966300785541534,0.21320322155952454,0.21828250586986542,0.18776917457580566,0.2245541363954544,0.2121458649635315,0.17543210089206696,0.19683709740638733,0.1904343068599701]}}
{"op_code":8,"worker_id":"ecad453e-1fbe-4cc1-b6f5-919d990cc232-27064","trial_id":88,"user_attr":{"pruned_reasons":["M3 (Hit Rate < 60%)","Side-specific Yearly Tail IC Mean (-0.1505 <= 0)"]}}
{"op_code":8,"worker_id":"1ad6cac4-2505-4822-81a9-b9bba933bd9c-6576","trial_id":52,"user_attr":{"cv_oos_ics":[-0.014490297064185143,0.1910831332206726,0.15976864099502563,0.058512087911367416,-0.01901889778673649,0.014246474020183086,0.029466019943356514,-0.018410954624414444,-0.014898046851158142,0.09214583039283752,0.04884796962141991,0.1403663456439972,0.08490045368671417,0.04944930970668793,0.06741079688072205]}}
{"op_code":8,"worker_id":"7330753f-0970-4b98-a67b-fd6603914c5b-20880","trial_id":87,"user_attr":{"deflated_objective":0.009723209419373768}}
{"op_code":8,"worker_id":"054da8af-6e76-40bc-84ab-a852fb2f9e63-7108","trial_id":8,"user_attr":{"val_metrics":[0.11062617426201983,-0.06383621512975554,0.4666666666666667,0.40360391803085804,-3.38292755228342]}}
{"op_code":8,"worker_id":"ecad453e-1fbe-4cc1-b6f5-919d990cc232-27064","trial_id":88,"user_attr":{"gini":0.49380980662250096}}
{"op_code":8,"worker_id":"1ad6cac4-2505-4822-81a9-b9bba933bd9c-6576","trial_id":52,"user_attr":{"reg_kappa":3.4030254946330953}}
{"op_code":9,"worker_id":"7330753f-0970-4b98-a67b-fd6603914c5b-20880","trial_id":87,"system_attr":{"constraints":[-0.10603202990168646,-0.07099236240904008,0.26666666666666666,0.029797979797979796,-0.35509493303381734,-47.0,-8.0,0.04728330436264864,0.16666666666666669,-1377.8445413515826,-0.05990338164251213,-0.06111111111111106]}}
{"op_code":8,"worker_id":"e67cb112-bf38-41ce-886b-7ad7bd04f24e-19176","trial_id":5,"user_attr":{"deflated_objective":1.0576351307284473}}
{"op_code":8,"worker_id":"1ad6cac4-2505-4822-81a9-b9bba933bd9c-6576","trial_id":52,"user_attr":{"raw_metrics":[0.36851542923558744,0.1270891081196905,0.3333333333333333,0.10318707692773336,0.15555555555555553,0.17627314126271987,-0.25264083717405567,-0.265085369348526,0.5102053140096617]}}
{"op_code":9,"worker_id":"e67cb112-bf38-41ce-886b-7ad7bd04f24e-19176","trial_id":5,"system_attr":{"constraints":[-0.09333823608133403,-0.10453750249574223,0.26666666666666666,0.1186868686868687,-0.2851005819016969,-38.0,-8.0,0.09625760213995509,0.16666666666666669,-1384.5413641878158,-0.061896135265700425,-0.10767195767195764]}}
{"op_code":6,"worker_id":"e67cb112-bf38-41ce-886b-7ad7bd04f24e-19176","trial_id":5,"state":1,"values":[1.4590009741875798],"datetime_complete":"2026-07-14T11:40:12.246646"}
{"op_code":8,"worker_id":"ecad453e-1fbe-4cc1-b6f5-919d990cc232-27064","trial_id":88,"user_attr":{"cv_is_ics":[0.17780251801013947,0.18318402767181396,0.15453536808490753,0.193778395652771,0.197396919131279,0.20535686612129211,0.17860954999923706,0.21632301807403564,0.21642246842384338,0.18559221923351288,0.22606511414051056,0.21060393750667572,0.17847128212451935,0.19425655901432037,0.19367168843746185]}}
{"op_code":8,"worker_id":"1ad6cac4-2505-4822-81a9-b9bba933bd9c-6576","trial_id":52,"user_attr":{"val_metrics":[0.12026544194860901,-0.009292977476840242,0.6121212121212121,0.3636562765886386,-4.89665139414928]}}
{"op_code":8,"worker_id":"054da8af-6e76-40bc-84ab-a852fb2f9e63-7108","trial_id":8,"user_attr":{"deflated_objective":0.8572223848487136}}
{"op_code":8,"worker_id":"c5150b3a-8ee2-404d-bead-4940b77619d3-12024","trial_id":77,"user_attr":{"pruned_reasons":["M3 (Hit Rate < 60%)","Side-specific Hit Rate (33.33% < 50%)"]}}
{"op_code":8,"worker_id":"ecad453e-1fbe-4cc1-b6f5-919d990cc232-27064","trial_id":88,"user_attr":{"cv_oos_ics":[-0.024045197293162346,0.18333761394023895,0.15582282841205597,0.08020193874835968,-0.009818927384912968,0.0027625132352113724,0.02636444941163063,-0.019896773621439934,-0.012337850406765938,0.11521313339471817,0.0576590858399868,0.13668517768383026,0.08444370329380035,0.0623464472591877,0.07670670747756958]}}
{"op_code":8,"worker_id":"1ad6cac4-2505-4822-81a9-b9bba933bd9c-6576","trial_id":52,"user_attr":{"deflated_objective":0.28051693067779165}}
{"op_code":4,"worker_id":"865ca219-2814-48d4-bdaa-1d54609ebbad-4680","study_id":0,"datetime_start":"2026-07-14T11:40:12.257503"}
{"op_code":9,"worker_id":"1ad6cac4-2505-4822-81a9-b9bba933bd9c-6576","trial_id":52,"system_attr":{"constraints":[-0.10318707692773336,-0.1270891081196905,0.26666666666666666,0.09444444444444447,-0.17627314126271987,-38.0,-8.0,0.07153063449665585,0.16666666666666669,-1384.969491137447,-0.060205314009661726,-0.06111111111111106]}}
{"op_code":5,"worker_id":"26495ded-7665-489d-8b47-23b4a4c1c5bd-11668","trial_id":86,"param_name":"huber_delta","param_value_internal":2.604606055567676,"distribution":"{\"name\": \"FloatDistribution\", \"attributes\": {\"step\": null, \"low\": 0.5, \"high\": 5.0, \"log\": false}}"}
{"op_code":9,"worker_id":"054da8af-6e76-40bc-84ab-a852fb2f9e63-7108","trial_id":8,"system_attr":{"constraints":[-0.09947049803129054,-0.09995105770842523,0.26666666666666666,0.10656565656565656,-0.36904790290185935,-50.0,-8.0,0.14455658295039112,0.5,-1376.568783113878,-0.08888888888888885,-0.07962962962962966]}}
{"op_code":8,"worker_id":"6e31760c-80f0-4f2e-a08c-9b6802a187af-29612","trial_id":79,"user_attr":{"cv_is_ics":[0.19546788930892944,0.1932985633611679,0.1641838550567627,0.196769580245018,0.19640204310417175,0.21140973269939423,0.19819732010364532,0.21200285851955414,0.2261025607585907,0.1953047215938568,0.22037504613399506,0.1982596516609192,0.1803460419178009,0.20108725130558014,0.18913106620311737]}}
{"op_code":5,"worker_id":"865ca219-2814-48d4-bdaa-1d54609ebbad-4680","trial_id":89,"param_name":"k_weight","param_value_internal":0.6002376835871125,"distribution":"{\"name\": \"FloatDistribution\", \"attributes\": {\"step\": null, \"low\": 0.0, \"high\": 1.5, \"log\": false}}"}
{"op_code":8,"worker_id":"6e31760c-80f0-4f2e-a08c-9b6802a187af-29612","trial_id":79,"user_attr":{"cv_oos_ics":[-0.015012013725936413,0.19524048268795013,0.14983642101287842,0.08747702091932297,-0.0010236615780740976,0.031529225409030914,0.046409089118242264,0.0022133206948637962,-0.0024238540790975094,0.1404954046010971,0.09030339121818542,0.15701672434806824,0.1142083927989006,0.04598020762205124,0.09115643799304962]}}
{"op_code":8,"worker_id":"6e31760c-80f0-4f2e-a08c-9b6802a187af-29612","trial_id":79,"user_attr":{"reg_kappa":3.438454494881131}}
{"op_code":8,"worker_id":"6e31760c-80f0-4f2e-a08c-9b6802a187af-29612","trial_id":79,"user_attr":{"raw_metrics":[0.33849792870320206,0.11206386317131196,0.3333333333333333,0.119821486326724,0.43030303030303024,0.3300643250473959,-0.19023987246125737,-0.21721898019313812,0.5177536231884058]}}
{"op_code":6,"worker_id":"054da8af-6e76-40bc-84ab-a852fb2f9e63-7108","trial_id":8,"state":1,"values":[1.254773714796292],"datetime_complete":"2026-07-14T11:40:12.263668"}
{"op_code":8,"worker_id":"6e31760c-80f0-4f2e-a08c-9b6802a187af-29612","trial_id":79,"user_attr":{"val_metrics":[0.10736345988064157,-0.021001436114431754,0.44242424242424244,0.3052107957005501,-5.000649743296208]}}
{"op_code":6,"worker_id":"7330753f-0970-4b98-a67b-fd6603914c5b-20880","trial_id":87,"state":1,"values":[0.40456214843614696],"datetime_complete":"2026-07-14T11:40:12.242784"}
{"op_code":6,"worker_id":"1ad6cac4-2505-4822-81a9-b9bba933bd9c-6576","trial_id":52,"state":1,"values":[0.6866108544820441],"datetime_complete":"2026-07-14T11:40:12.260780"}
{"op_code":8,"worker_id":"6e31760c-80f0-4f2e-a08c-9b6802a187af-29612","trial_id":79,"user_attr":{"deflated_objective":0.2157297765205513}}
{"op_code":4,"worker_id":"1ad6cac4-2505-4822-81a9-b9bba933bd9c-6576","study_id":0,"datetime_start":"2026-07-14T11:40:12.280829"}
{"op_code":4,"worker_id":"e91bba2b-47f0-4ea8-88f0-3f41c3270d3d-30084","study_id":0,"datetime_start":"2026-07-14T11:40:12.282464"}
{"op_code":5,"worker_id":"1ad6cac4-2505-4822-81a9-b9bba933bd9c-6576","trial_id":90,"param_name":"k_weight","param_value_internal":0.6087782253511561,"distribution":"{\"name\": \"FloatDistribution\", \"attributes\": {\"step\": null, \"low\": 0.0, \"high\": 1.5, \"log\": false}}"}
{"op_code":9,"worker_id":"6e31760c-80f0-4f2e-a08c-9b6802a187af-29612","trial_id":79,"system_attr":{"constraints":[-0.119821486326724,-0.11206386317131196,0.26666666666666666,-0.18030303030303024,-0.3300643250473959,-42.0,-5.0,0.2522859602746265,0.16666666666666669,-1383.9000884433513,-0.06775362318840578,-0.08888888888888885]}}
{"op_code":5,"worker_id":"1ad6cac4-2505-4822-81a9-b9bba933bd9c-6576","trial_id":90,"param_name":"unified_alpha","param_value_internal":0.0043179854946846785,"distribution":"{\"name\": \"FloatDistribution\", \"attributes\": {\"step\": null, \"low\": 1e-05, \"high\": 10.0, \"log\": true}}"}
{"op_code":6,"worker_id":"6e31760c-80f0-4f2e-a08c-9b6802a187af-29612","trial_id":79,"state":1,"values":[0.6220682361981966],"datetime_complete":"2026-07-14T11:40:12.289080"}
{"op_code":5,"worker_id":"e91bba2b-47f0-4ea8-88f0-3f41c3270d3d-30084","trial_id":91,"param_name":"k_weight","param_value_internal":0.5002717870839555,"distribution":"{\"name\": \"FloatDistribution\", \"attributes\": {\"step\": null, \"low\": 0.0, \"high\": 1.5, \"log\": false}}"}
{"op_code":8,"worker_id":"eb34df8d-71a4-48cc-a4e3-5fff04a9941a-19068","trial_id":85,"user_attr":{"cv_oos_ics":[-0.02631697617471218,0.19503487646579742,0.1540507823228836,0.11537875235080719,0.014403763227164745,0.009187817573547363,0.04067261517047882,-0.008335997350513935,0.00875833723694086,0.15423427522182465,0.08635283261537552,0.14666050672531128,0.11790971457958221,0.057490136474370956,0.09491332620382309]}}
{"op_code":5,"worker_id":"1ad6cac4-2505-4822-81a9-b9bba933bd9c-6576","trial_id":90,"param_name":"unified_rho","param_value_internal":0.9043756435403845,"distribution":"{\"name\": \"FloatDistribution\", \"attributes\": {\"step\": null, \"low\": 0.0, \"high\": 1.0, \"log\": false}}"}
{"op_code":5,"worker_id":"e91bba2b-47f0-4ea8-88f0-3f41c3270d3d-30084","trial_id":91,"param_name":"unified_alpha","param_value_internal":0.022840525341671154,"distribution":"{\"name\": \"FloatDistribution\", \"attributes\": {\"step\": null, \"low\": 1e-05, \"high\": 10.0, \"log\": true}}"}
{"op_code":5,"worker_id":"1ad6cac4-2505-4822-81a9-b9bba933bd9c-6576","trial_id":90,"param_name":"unified_gamma","param_value_internal":41.983012324281894,"distribution":"{\"name\": \"FloatDistribution\", \"attributes\": {\"step\": null, \"low\": 1.5, \"high\": 10000.0, \"log\": true}}"}
{"op_code":5,"worker_id":"e91bba2b-47f0-4ea8-88f0-3f41c3270d3d-30084","trial_id":91,"param_name":"unified_rho","param_value_internal":0.8680040999619539,"distribution":"{\"name\": \"FloatDistribution\", \"attributes\": {\"step\": null, \"low\": 0.0, \"high\": 1.0, \"log\": false}}"}
{"op_code":8,"worker_id":"ae2b092d-e0a2-48e6-ac41-5df40018c15a-27448","trial_id":80,"user_attr":{"val_metrics":[0.11939142591975993,-0.11282062736131754,0.47878787878787876,0.4413257835557064,-4.772650056535577]}}
{"op_code":5,"worker_id":"e91bba2b-47f0-4ea8-88f0-3f41c3270d3d-30084","trial_id":91,"param_name":"unified_gamma","param_value_internal":5857.269066992929,"distribution":"{\"name\": \"FloatDistribution\", \"attributes\": {\"step\": null, \"low\": 1.5, \"high\": 10000.0, \"log\": true}}"}
{"op_code":8,"worker_id":"eb34df8d-71a4-48cc-a4e3-5fff04a9941a-19068","trial_id":85,"user_attr":{"reg_kappa":3.4402630152539624}}
{"op_code":8,"worker_id":"26495ded-7665-489d-8b47-23b4a4c1c5bd-11668","trial_id":86,"user_attr":{"constraints":[-0.10007859574181333,-0.13904322037660186,0.26666666666666666,0.05404040404040403,-0.35970758727153296,-44.0,-7.0,-0.05446891255953748,0.16666666666666669,-1380.8956740293643,-0.08164251207729462,-0.07010582010582006]}}
{"op_code":8,"worker_id":"eb34df8d-71a4-48cc-a4e3-5fff04a9941a-19068","trial_id":85,"user_attr":{"raw_metrics":[0.3435765211358828,0.09615569884500769,0.3333333333333333,0.12696623411441105,0.36161616161616167,0.311807515312904,-0.13393055517503813,-0.1703256070613861,0.5243961352657005]}}
{"op_code":8,"worker_id":"ae2b092d-e0a2-48e6-ac41-5df40018c15a-27448","trial_id":80,"user_attr":{"deflated_objective":0.28677972420681636}}
{"op_code":8,"worker_id":"26495ded-7665-489d-8b47-23b4a4c1c5bd-11668","trial_id":86,"user_attr":{"pruned_reasons":["M3 (Hit Rate < 60%)","M5 (Monotonicity <= 0.25)","Side-specific Hit Rate (33.33% < 50%)"]}}
{"op_code":9,"worker_id":"ae2b092d-e0a2-48e6-ac41-5df40018c15a-27448","trial_id":80,"system_attr":{"constraints":[-0.11415125229219376,-0.07490169111683583,0.26666666666666666,-0.030808080808080784,-0.252280717851855,-43.0,-7.0,0.0005559774653145685,-0.16666666666666663,-1381.225627180494,-0.060205314009661726,-0.05158730158730157]}}
{"op_code":6,"worker_id":"ae2b092d-e0a2-48e6-ac41-5df40018c15a-27448","trial_id":80,"state":1,"values":[0.6813795946380392],"datetime_complete":"2026-07-14T11:40:12.313835"}
{"op_code":5,"worker_id":"e91bba2b-47f0-4ea8-88f0-3f41c3270d3d-30084","trial_id":91,"param_name":"huber_delta","param_value_internal":3.7559754005215904,"distribution":"{\"name\": \"FloatDistribution\", \"attributes\": {\"step\": null, \"low\": 0.5, \"high\": 5.0, \"log\": false}}"}
{"op_code":8,"worker_id":"26495ded-7665-489d-8b47-23b4a4c1c5bd-11668","trial_id":86,"user_attr":{"gini":0.44259647641659905}}
{"op_code":4,"worker_id":"ae2b092d-e0a2-48e6-ac41-5df40018c15a-27448","study_id":0,"datetime_start":"2026-07-14T11:40:12.316247"}
{"op_code":5,"worker_id":"1ad6cac4-2505-4822-81a9-b9bba933bd9c-6576","trial_id":90,"param_name":"huber_delta","param_value_internal":3.701364224900875,"distribution":"{\"name\": \"FloatDistribution\", \"attributes\": {\"step\": null, \"low\": 0.5, \"high\": 5.0, \"log\": false}}"}
{"op_code":8,"worker_id":"26495ded-7665-489d-8b47-23b4a4c1c5bd-11668","trial_id":86,"user_attr":{"cv_is_ics":[0.19691918790340424,0.2007618248462677,0.17098292708396912,0.19676943123340607,0.20558203756809235,0.2130870521068573,0.20628122985363007,0.21440652012825012,0.23084349930286407,0.19633564352989197,0.22494642436504364,0.22081993520259857,0.18361462652683258,0.20655885338783264,0.1935349702835083]}}
{"op_code":8,"worker_id":"26495ded-7665-489d-8b47-23b4a4c1c5bd-11668","trial_id":86,"user_attr":{"cv_oos_ics":[-0.005655233282595873,0.19045227766036987,0.13989979028701782,0.05957528203725815,-0.012784949503839016,0.027242079377174377,0.051932044327259064,-0.009225288406014442,-0.011035028845071793,0.1048957109451294,0.04434015974402428,0.13721075654029846,0.07718522846698761,0.03558588773012161,0.07373214513063431]}}
{"op_code":8,"worker_id":"26495ded-7665-489d-8b47-23b4a4c1c5bd-11668","trial_id":86,"user_attr":{"reg_kappa":3.4600617494444186}}
{"op_code":5,"worker_id":"ae2b092d-e0a2-48e6-ac41-5df40018c15a-27448","trial_id":92,"param_name":"k_weight","param_value_internal":0.3391667904766592,"distribution":"{\"name\": \"FloatDistribution\", \"attributes\": {\"step\": null, \"low\": 0.0, \"high\": 1.5, \"log\": false}}"}
{"op_code":8,"worker_id":"26495ded-7665-489d-8b47-23b4a4c1c5bd-11668","trial_id":86,"user_attr":{"raw_metrics":[0.3762376348391565,0.13904322037660186,0.3333333333333333,0.10007859574181333,0.19595959595959597,0.35970758727153296,-0.21417304049956606,-0.2411605715751648,0.5316425120772946]}}
{"op_code":5,"worker_id":"ae2b092d-e0a2-48e6-ac41-5df40018c15a-27448","trial_id":92,"param_name":"unified_alpha","param_value_internal":0.004534787677879373,"distribution":"{\"name\": \"FloatDistribution\", \"attributes\": {\"step\": null, \"low\": 1e-05, \"high\": 10.0, \"log\": true}}"}
{"op_code":8,"worker_id":"26495ded-7665-489d-8b47-23b4a4c1c5bd-11668","trial_id":86,"user_attr":{"val_metrics":[0.11667946709340285,-0.026441269410935164,0.6121212121212121,0.3937088557332754,-4.154710047817085]}}
{"op_code":5,"worker_id":"ae2b092d-e0a2-48e6-ac41-5df40018c15a-27448","trial_id":92,"param_name":"unified_rho","param_value_internal":0.9107331685019048,"distribution":"{\"name\": \"FloatDistribution\", \"attributes\": {\"step\": null, \"low\": 0.0, \"high\": 1.0, \"log\": false}}"}
{"op_code":5,"worker_id":"865ca219-2814-48d4-bdaa-1d54609ebbad-4680","trial_id":89,"param_name":"unified_alpha","param_value_internal":0.01029803333939347,"distribution":"{\"name\": \"FloatDistribution\", \"attributes\": {\"step\": null, \"low\": 1e-05, \"high\": 10.0, \"log\": true}}"}
{"op_code":5,"worker_id":"ae2b092d-e0a2-48e6-ac41-5df40018c15a-27448","trial_id":92,"param_name":"unified_gamma","param_value_internal":3293.829004283773,"distribution":"{\"name\": \"FloatDistribution\", \"attributes\": {\"step\": null, \"low\": 1.5, \"high\": 10000.0, \"log\": true}}"}
{"op_code":8,"worker_id":"26495ded-7665-489d-8b47-23b4a4c1c5bd-11668","trial_id":86,"user_attr":{"deflated_objective":0.5847140773354069}}
{"op_code":8,"worker_id":"ae752ed8-9dc3-496a-a33e-90fc60ba3f49-14384","trial_id":16,"user_attr":{"reg_kappa":3.4477225982134296}}
{"op_code":8,"worker_id":"ae752ed8-9dc3-496a-a33e-90fc60ba3f49-14384","trial_id":16,"user_attr":{"raw_metrics":[0.3784850958017808,0.13028098178625983,0.6666666666666666,0.1143386009121969,0.2727272727272727,0.0437287359304978,-0.36754212582734797,-0.3455657958984375,0.5035628019323671]}}
{"op_code":5,"worker_id":"865ca219-2814-48d4-bdaa-1d54609ebbad-4680","trial_id":89,"param_name":"unified_rho","param_value_internal":0.8963067000857045,"distribution":"{\"name\": \"FloatDistribution\", \"attributes\": {\"step\": null, \"low\": 0.0, \"high\": 1.0, \"log\": false}}"}
{"op_code":9,"worker_id":"26495ded-7665-489d-8b47-23b4a4c1c5bd-11668","trial_id":86,"system_attr":{"constraints":[-0.10007859574181333,-0.13904322037660186,0.26666666666666666,0.05404040404040403,-0.35970758727153296,-44.0,-7.0,-0.05446891255953748,0.16666666666666669,-1380.8956740293643,-0.08164251207729462,-0.07010582010582006]}}
{"op_code":6,"worker_id":"26495ded-7665-489d-8b47-23b4a4c1c5bd-11668","trial_id":86,"state":1,"values":[0.9761694787268074],"datetime_complete":"2026-07-14T11:40:12.346586"}
{"op_code":8,"worker_id":"ae752ed8-9dc3-496a-a33e-90fc60ba3f49-14384","trial_id":16,"user_attr":{"val_metrics":[0.1317430706221937,-0.0862226795717832,0.5878787878787879,0.18833084352314472,-6.279335361011768]}}
{"op_code":5,"worker_id":"865ca219-2814-48d4-bdaa-1d54609ebbad-4680","trial_id":89,"param_name":"unified_gamma","param_value_internal":2841.6994739564134,"distribution":"{\"name\": \"FloatDistribution\", \"attributes\": {\"step\": null, \"low\": 1.5, \"high\": 10000.0, \"log\": true}}"}
{"op_code":8,"worker_id":"e91bba2b-47f0-4ea8-88f0-3f41c3270d3d-30084","trial_id":91,"user_attr":{"constraints":[-0.12229689668903816,-0.09775613127481346,0.26666666666666666,-0.046969696969696995,-0.26503815665967073,-46.0,-4.0,0.23054233224202422,0.16666666666666669,-1381.340452937295,-0.060809178743961356,-0.06084656084656076]}}
{"op_code":8,"worker_id":"ae752ed8-9dc3-496a-a33e-90fc60ba3f49-14384","trial_id":16,"user_attr":{"deflated_objective":-0.29131220180175876}}
{"op_code":5,"worker_id":"ae2b092d-e0a2-48e6-ac41-5df40018c15a-27448","trial_id":92,"param_name":"huber_delta","param_value_internal":3.7182789430572494,"distribution":"{\"name\": \"FloatDistribution\", \"attributes\": {\"step\": null, \"low\": 0.5, \"high\": 5.0, \"log\": false}}"}
{"op_code":5,"worker_id":"865ca219-2814-48d4-bdaa-1d54609ebbad-4680","trial_id":89,"param_name":"huber_delta","param_value_internal":3.6933578040194597,"distribution":"{\"name\": \"FloatDistribution\", \"attributes\": {\"step\": null, \"low\": 0.5, \"high\": 5.0, \"log\": false}}"}
{"op_code":8,"worker_id":"e91bba2b-47f0-4ea8-88f0-3f41c3270d3d-30084","trial_id":91,"user_attr":{"pruned_reasons":["M3 (Hit Rate < 60%)","Side-specific Yearly Tail IC Mean (-0.2305 <= 0)","Side-specific Hit Rate (33.33% < 50%)"]}}
{"op_code":8,"worker_id":"1ad6cac4-2505-4822-81a9-b9bba933bd9c-6576","trial_id":90,"user_attr":{"constraints":[-0.1046135118877141,-0.10838124486154754,0.26666666666666666,0.013636363636363641,-0.12126831752216616,-40.0,-7.0,0.07177020654925798,0.16666666666666669,-1383.9601881192987,-0.04601449275362318,-0.06111111111111106]}}
{"op_code":8,"worker_id":"e91bba2b-47f0-4ea8-88f0-3f41c3270d3d-30084","trial_id":91,"user_attr":{"gini":0.6083259039398445}}
{"op_code":8,"worker_id":"1ad6cac4-2505-4822-81a9-b9bba933bd9c-6576","trial_id":90,"user_attr":{"pruned_reasons":["M3 (Hit Rate < 60%)","M5 (Monotonicity <= 0.25)","Side-specific Yearly Tail IC Mean (-0.0718 <= 0)","Side-specific Hit Rate (33.33% < 50%)"]}}
{"op_code":9,"worker_id":"ae752ed8-9dc3-496a-a33e-90fc60ba3f49-14384","trial_id":16,"system_attr":{"constraints":[-0.1143386009121969,-0.13028098178625983,-0.06666666666666665,-0.022727272727272707,-0.0437287359304978,-20.0,-7.0,0.08395261069478548,0.16666666666666669,-1410.947419003349,-0.05356280193236712,-0.05158730158730157]}}
{"op_code":6,"worker_id":"ae752ed8-9dc3-496a-a33e-90fc60ba3f49-14384","trial_id":16,"state":1,"values":[0.10148890740069982],"datetime_complete":"2026-07-14T11:40:12.367312"}
{"op_code":8,"worker_id":"e91bba2b-47f0-4ea8-88f0-3f41c3270d3d-30084","trial_id":91,"user_attr":{"cv_is_ics":[0.18316645920276642,0.1787881851196289,0.1527148187160492,0.19790959358215332,0.18868039548397064,0.20808471739292145,0.1822350025177002,0.21200338006019592,0.21903730928897858,0.19190570712089539,0.22092607617378235,0.19694432616233826,0.17631976306438446,0.18918420374393463,0.18571805953979492]}}
{"op_code":8,"worker_id":"e91bba2b-47f0-4ea8-88f0-3f41c3270d3d-30084","trial_id":91,"user_attr":{"cv_oos_ics":[-0.024077117443084717,0.19498185813426971,0.15529121458530426,0.10355592519044876,0.002127398271113634,0.013862340711057186,0.03639337420463562,-0.002916608704254031,0.009152214042842388,0.15061263740062714,0.09254755824804306,0.15059702098369598,0.11843470484018326,0.04988430067896843,0.09157411009073257]}}
{"op_code":8,"worker_id":"e91bba2b-47f0-4ea8-88f0-3f41c3270d3d-30084","trial_id":91,"user_attr":{"reg_kappa":3.441384526084037}}
{"op_code":8,"worker_id":"e91bba2b-47f0-4ea8-88f0-3f41c3270d3d-30084","trial_id":91,"user_attr":{"raw_metrics":[0.3479387391615224,0.09775613127481346,0.3333333333333333,0.12229689668903816,0.296969696969697,0.26503815665967073,-0.1621468713772384,-0.1932041496038437,0.5108091787439614]}}
{"op_code":8,"worker_id":"e91bba2b-47f0-4ea8-88f0-3f41c3270d3d-30084","trial_id":91,"user_attr":{"val_metrics":[0.10397779778994196,0.05494298456448318,0.5393939393939394,0.32009838938713076,-5.461882521779382]}}
{"op_code":8,"worker_id":"eb34df8d-71a4-48cc-a4e3-5fff04a9941a-19068","trial_id":85,"user_attr":{"val_metrics":[0.10820443893997914,0.026871049802727837,0.5393939393939394,0.32132734278837843,-6.02267776461934]}}
{"op_code":8,"worker_id":"e91bba2b-47f0-4ea8-88f0-3f41c3270d3d-30084","trial_id":91,"user_attr":{"deflated_objective":0.08702912031261001}}
{"op_code":8,"worker_id":"1ad6cac4-2505-4822-81a9-b9bba933bd9c-6576","trial_id":90,"user_attr":{"gini":0.45947584359385263}}
{"op_code":8,"worker_id":"eb34df8d-71a4-48cc-a4e3-5fff04a9941a-19068","trial_id":85,"user_attr":{"deflated_objective":-0.1503970946172652}}
{"op_code":8,"worker_id":"c5150b3a-8ee2-404d-bead-4940b77619d3-12024","trial_id":77,"user_attr":{"gini":0.4332016975148816}}
{"op_code":8,"worker_id":"ecad453e-1fbe-4cc1-b6f5-919d990cc232-27064","trial_id":88,"user_attr":{"reg_kappa":3.4441205647983506}}
{"op_code":8,"worker_id":"1ad6cac4-2505-4822-81a9-b9bba933bd9c-6576","trial_id":90,"user_attr":{"cv_is_ics":[0.17974761128425598,0.1827557533979416,0.14386512339115143,0.1887970119714737,0.1960599273443222,0.20652247965335846,0.18096782267093658,0.2135683000087738,0.21383243799209595,0.1851062923669815,0.22531521320343018,0.20939043164253235,0.17280709743499756,0.19330339133739471,0.19157297909259796]}}
{"op_code":8,"worker_id":"1ad6cac4-2505-4822-81a9-b9bba933bd9c-6576","trial_id":90,"user_attr":{"cv_oos_ics":[-0.02282235585153103,0.1826147884130478,0.15666481852531433,0.06495950371026993,-0.026445314288139343,0.009402066469192505,0.023815393447875977,-0.017248714342713356,-0.012320537120103836,0.09218478947877884,0.05344018340110779,0.1315741091966629,0.08986856788396835,0.0533144474029541,0.06692387163639069]}}
{"op_code":8,"worker_id":"1ad6cac4-2505-4822-81a9-b9bba933bd9c-6576","trial_id":90,"user_attr":{"reg_kappa":3.465711386316675}}
{"op_code":9,"worker_id":"eb34df8d-71a4-48cc-a4e3-5fff04a9941a-19068","trial_id":85,"system_attr":{"constraints":[-0.12696623411441105,-0.09615569884500769,0.26666666666666666,-0.11161616161616167,-0.311807515312904,-51.0,-3.0,0.20592294135918676,-0.16666666666666663,-1378.213618057744,-0.07439613526570049,-0.05158730158730157]}}
{"op_code":8,"worker_id":"c5150b3a-8ee2-404d-bead-4940b77619d3-12024","trial_id":77,"user_attr":{"cv_is_ics":[0.19260036945343018,0.19936059415340424,0.1668776124715805,0.19302205741405487,0.2024039775133133,0.21100181341171265,0.20199070870876312,0.21405616402626038,0.22571423649787903,0.19511175155639648,0.2245706170797348,0.21793760359287262,0.1820487231016159,0.2009725272655487,0.19189466536045074]}}
{"op_code":8,"worker_id":"c5150b3a-8ee2-404d-bead-4940b77619d3-12024","trial_id":77,"user_attr":{"cv_oos_ics":[-0.0075604901649057865,0.18761290609836578,0.1462417095899582,0.06075954809784889,-0.015037870965898037,0.018959950655698776,0.041980162262916565,-0.014247357845306396,-0.012073823250830173,0.09675431251525879,0.047045279294252396,0.13819381594657898,0.08306685090065002,0.04298613220453262,0.0706634446978569]}}
{"op_code":8,"worker_id":"1ad6cac4-2505-4822-81a9-b9bba933bd9c-6576","trial_id":90,"user_attr":{"raw_metrics":[0.30975128600066937,0.10838124486154754,0.3333333333333333,0.1046135118877141,0.23636363636363636,0.12126831752216616,-0.22870192727478672,-0.2594202756881714,0.4960144927536232]}}
{"op_code":8,"worker_id":"ae2b092d-e0a2-48e6-ac41-5df40018c15a-27448","trial_id":92,"user_attr":{"constraints":[-0.10876135763101534,-0.06346018854939166,0.26666666666666666,0.06616161616161617,-0.3967988984659314,-47.0,-7.0,0.15869255097300586,0.5,-1378.3312309295166,-0.06684782608695655,-0.06084656084656076]}}
{"op_code":8,"worker_id":"1ad6cac4-2505-4822-81a9-b9bba933bd9c-6576","trial_id":90,"user_attr":{"val_metrics":[0.1208964898852278,0.016868562158459582,0.4303030303030303,0.3221714968731006,-6.107328807273586]}}
{"op_code":8,"worker_id":"865ca219-2814-48d4-bdaa-1d54609ebbad-4680","trial_id":89,"user_attr":{"constraints":[-0.11321828232500748,-0.07280883994674543,0.26666666666666666,-0.0025252525252525415,-0.2995798434984785,-40.0,-7.0,-0.00191389360512699,0.16666666666666669,-1383.7406660065612,-0.053260869565217306,-0.06084656084656076]}}
{"op_code":8,"worker_id":"ae2b092d-e0a2-48e6-ac41-5df40018c15a-27448","trial_id":92,"user_attr":{"pruned_reasons":["M3 (Hit Rate < 60%)","M5 (Monotonicity <= 0.25)","Side-specific Yearly Tail IC Mean (-0.1587 <= 0)","Side-specific Hit Rate (0.00% < 50%)"]}}
{"op_code":8,"worker_id":"865ca219-2814-48d4-bdaa-1d54609ebbad-4680","trial_id":89,"user_attr":{"pruned_reasons":["M3 (Hit Rate < 60%)","Side-specific Hit Rate (33.33% < 50%)"]}}
{"op_code":8,"worker_id":"ecad453e-1fbe-4cc1-b6f5-919d990cc232-27064","trial_id":88,"user_attr":{"raw_metrics":[0.2897488068102444,0.07528094858608934,0.3333333333333333,0.11458793698178221,0.27272727272727276,0.35091270783295236,-0.2017933966285529,-0.2068387120962143,0.523792270531401]}}
{"op_code":8,"worker_id":"ae2b092d-e0a2-48e6-ac41-5df40018c15a-27448","trial_id":92,"user_attr":{"gini":0.4874662867829924}}
{"op_code":8,"worker_id":"1ad6cac4-2505-4822-81a9-b9bba933bd9c-6576","trial_id":90,"user_attr":{"deflated_objective":-0.19853981397368559}}
{"op_code":8,"worker_id":"ecad453e-1fbe-4cc1-b6f5-919d990cc232-27064","trial_id":88,"user_attr":{"val_metrics":[0.11536551572371681,-0.024636370199377172,0.5636363636363636,0.4692836934079727,-6.04801216129019]}}
{"op_code":8,"worker_id":"ae2b092d-e0a2-48e6-ac41-5df40018c15a-27448","trial_id":92,"user_attr":{"cv_is_ics":[0.18565504252910614,0.1950632929801941,0.1668114811182022,0.19515460729599,0.20065756142139435,0.20695626735687256,0.19153228402137756,0.21583931148052216,0.22080717980861664,0.19445636868476868,0.22558942437171936,0.21757294237613678,0.1813756376504898,0.20095157623291016,0.19354142248630524]}}
{"op_code":8,"worker_id":"ae2b092d-e0a2-48e6-ac41-5df40018c15a-27448","trial_id":92,"user_attr":{"cv_oos_ics":[-0.013497494161128998,0.18980087339878082,0.15134650468826294,0.07105031609535217,-0.013584617525339127,0.01729465276002884,0.038887396454811096,-0.015670442953705788,-0.013147245161235332,0.10969030857086182,0.04809270054101944,0.14020463824272156,0.08427421003580093,0.054788220673799515,0.07648596912622452]}}
{"op_code":8,"worker_id":"ae2b092d-e0a2-48e6-ac41-5df40018c15a-27448","trial_id":92,"user_attr":{"reg_kappa":3.4516822784912473}}
{"op_code":8,"worker_id":"865ca219-2814-48d4-bdaa-1d54609ebbad-4680","trial_id":89,"user_attr":{"gini":0.5061507624900128}}
{"op_code":8,"worker_id":"ecad453e-1fbe-4cc1-b6f5-919d990cc232-27064","trial_id":88,"user_attr":{"deflated_objective":-0.17835895295679544}}
{"op_code":8,"worker_id":"865ca219-2814-48d4-bdaa-1d54609ebbad-4680","trial_id":89,"user_attr":{"cv_is_ics":[0.18332767486572266,0.1808818131685257,0.1474173218011856,0.19085264205932617,0.19383400678634644,0.20691126585006714,0.18060177564620972,0.21267621219158173,0.21761886775493622,0.1867835968732834,0.22357428073883057,0.20709228515625,0.1762727051973343,0.19365517795085907,0.1897432655096054]}}
{"op_code":9,"worker_id":"1ad6cac4-2505-4822-81a9-b9bba933bd9c-6576","trial_id":90,"system_attr":{"constraints":[-0.1046135118877141,-0.10838124486154754,0.26666666666666666,0.013636363636363641,-0.12126831752216616,-40.0,-7.0,0.07177020654925798,0.16666666666666669,-1383.9601881192987,-0.04601449275362318,-0.06111111111111106]}}
{"op_code":6,"worker_id":"1ad6cac4-2505-4822-81a9-b9bba933bd9c-6576","trial_id":90,"state":1,"values":[0.19468579174747774],"datetime_complete":"2026-07-14T11:40:12.424193"}
{"op_code":9,"worker_id":"ecad453e-1fbe-4cc1-b6f5-919d990cc232-27064","trial_id":88,"system_attr":{"constraints":[-0.11458793698178221,-0.07528094858608934,0.26666666666666666,-0.022727272727272763,-0.35091270783295236,-47.0,-7.0,0.15048304383998293,-0.16666666666666663,-1378.382184824606,-0.07379227053140097,-0.05158730158730157]}}
{"op_code":8,"worker_id":"865ca219-2814-48d4-bdaa-1d54609ebbad-4680","trial_id":89,"user_attr":{"cv_oos_ics":[-0.025935044512152672,0.18925009667873383,0.15634123980998993,0.07847397029399872,-0.01544257439672947,0.010545809753239155,0.030502811074256897,-0.01157398335635662,-0.007801780477166176,0.11211519688367844,0.07394174486398697,0.14453479647636414,0.10223163664340973,0.05838392302393913,0.0780462920665741]}}
{"op_code":6,"worker_id":"ecad453e-1fbe-4cc1-b6f5-919d990cc232-27064","trial_id":88,"state":1,"values":[0.21459071311289302],"datetime_complete":"2026-07-14T11:40:12.427457"}
{"op_code":8,"worker_id":"865ca219-2814-48d4-bdaa-1d54609ebbad-4680","trial_id":89,"user_attr":{"reg_kappa":3.4606431975403202}}
{"op_code":8,"worker_id":"865ca219-2814-48d4-bdaa-1d54609ebbad-4680","trial_id":89,"user_attr":{"raw_metrics":[0.27215903411565867,0.07280883994674543,0.3333333333333333,0.11321828232500748,0.25252525252525254,0.2995798434984785,-0.22763721447819715,-0.23421235382556915,0.5032608695652173]}}
{"op_code":8,"worker_id":"865ca219-2814-48d4-bdaa-1d54609ebbad-4680","trial_id":89,"user_attr":{"val_metrics":[0.11604549183037165,-0.01722540602958228,0.3575757575757576,0.337464175944527,-6.314017954432092]}}
{"op_code":8,"worker_id":"c5150b3a-8ee2-404d-bead-4940b77619d3-12024","trial_id":77,"user_attr":{"reg_kappa":3.4610411840952917}}
{"op_code":8,"worker_id":"ae2b092d-e0a2-48e6-ac41-5df40018c15a-27448","trial_id":92,"user_attr":{"raw_metrics":[0.2292982606445437,0.06346018854939166,0.3333333333333333,0.10876135763101534,0.18383838383838383,0.3967988984659314,-0.20156855166432103,-0.21270804107189178,0.5168478260869566]}}
{"op_code":8,"worker_id":"ae2b092d-e0a2-48e6-ac41-5df40018c15a-27448","trial_id":92,"user_attr":{"val_metrics":[0.11453499140156644,0.052067537540309156,0.5878787878787879,0.36475401115914186,-6.237823615941923]}}
{"op_code":8,"worker_id":"865ca219-2814-48d4-bdaa-1d54609ebbad-4680","trial_id":89,"user_attr":{"deflated_objective":-0.30263638995662445}}
{"op_code":9,"worker_id":"865ca219-2814-48d4-bdaa-1d54609ebbad-4680","trial_id":89,"system_attr":{"constraints":[-0.11321828232500748,-0.07280883994674543,0.26666666666666666,-0.0025252525252525415,-0.2995798434984785,-40.0,-7.0,-0.00191389360512699,0.16666666666666669,-1383.7406660065612,-0.053260869565217306,-0.06084656084656076]}}
{"op_code":6,"worker_id":"865ca219-2814-48d4-bdaa-1d54609ebbad-4680","trial_id":89,"state":1,"values":[0.09061471854105255],"datetime_complete":"2026-07-14T11:40:12.444551"}
{"op_code":8,"worker_id":"c5150b3a-8ee2-404d-bead-4940b77619d3-12024","trial_id":77,"user_attr":{"raw_metrics":[0.3718698874747002,0.13524048218730003,0.3333333333333333,0.10349582677650064,0.2767676767676767,0.3746576256285183,-0.2361379626889391,-0.24601902067661285,0.5243961352657005]}}
{"op_code":8,"worker_id":"c5150b3a-8ee2-404d-bead-4940b77619d3-12024","trial_id":77,"user_attr":{"val_metrics":[0.11934124318126142,-0.06236932141017493,0.7575757575757576,0.31342269144952295,-4.246083335189514]}}
{"op_code":8,"worker_id":"ae2b092d-e0a2-48e6-ac41-5df40018c15a-27448","trial_id":92,"user_attr":{"deflated_objective":-0.2203587905626604}}
{"op_code":9,"worker_id":"ae2b092d-e0a2-48e6-ac41-5df40018c15a-27448","trial_id":92,"system_attr":{"constraints":[-0.10876135763101534,-0.06346018854939166,0.26666666666666666,0.06616161616161617,-0.3967988984659314,-47.0,-7.0,0.15869255097300586,0.5,-1378.3312309295166,-0.06684782608695655,-0.06084656084656076]}}
{"op_code":6,"worker_id":"ae2b092d-e0a2-48e6-ac41-5df40018c15a-27448","trial_id":92,"state":1,"values":[0.17168888434439195],"datetime_complete":"2026-07-14T11:40:12.454378"}
{"op_code":8,"worker_id":"c5150b3a-8ee2-404d-bead-4940b77619d3-12024","trial_id":77,"user_attr":{"deflated_objective":0.5502363004520792}}
{"op_code":9,"worker_id":"c5150b3a-8ee2-404d-bead-4940b77619d3-12024","trial_id":77,"system_attr":{"constraints":[-0.10349582677650064,-0.13524048218730003,0.26666666666666666,-0.026767676767676718,-0.3746576256285183,-42.0,-8.0,-0.08721411674669198,0.16666666666666669,-1381.6963532250843,-0.07439613526570049,-0.06084656084656076]}}
{"op_code":6,"worker_id":"c5150b3a-8ee2-404d-bead-4940b77619d3-12024","trial_id":77,"state":1,"values":[0.9400605751359913],"datetime_complete":"2026-07-14T11:40:12.459403"}
{"op_code":4,"worker_id":"c5150b3a-8ee2-404d-bead-4940b77619d3-12024","study_id":0,"datetime_start":"2026-07-14T11:40:12.461737"}
{"op_code":6,"worker_id":"eb34df8d-71a4-48cc-a4e3-5fff04a9941a-19068","trial_id":85,"state":1,"values":[0.24218708967669916],"datetime_complete":"2026-07-14T11:40:12.397368"}
{"op_code":5,"worker_id":"c5150b3a-8ee2-404d-bead-4940b77619d3-12024","trial_id":93,"param_name":"k_weight","param_value_internal":1.4325840549974298,"distribution":"{\"name\": \"FloatDistribution\", \"attributes\": {\"step\": null, \"low\": 0.0, \"high\": 1.5, \"log\": false}}"}
{"op_code":4,"worker_id":"eb34df8d-71a4-48cc-a4e3-5fff04a9941a-19068","study_id":0,"datetime_start":"2026-07-14T11:40:12.467793"}
{"op_code":5,"worker_id":"c5150b3a-8ee2-404d-bead-4940b77619d3-12024","trial_id":93,"param_name":"unified_alpha","param_value_internal":0.10908426977914631,"distribution":"{\"name\": \"FloatDistribution\", \"attributes\": {\"step\": null, \"low\": 1e-05, \"high\": 10.0, \"log\": true}}"}
{"op_code":5,"worker_id":"eb34df8d-71a4-48cc-a4e3-5fff04a9941a-19068","trial_id":94,"param_name":"k_weight","param_value_internal":1.4107095087333357,"distribution":"{\"name\": \"FloatDistribution\", \"attributes\": {\"step\": null, \"low\": 0.0, \"high\": 1.5, \"log\": false}}"}
{"op_code":5,"worker_id":"c5150b3a-8ee2-404d-bead-4940b77619d3-12024","trial_id":93,"param_name":"unified_rho","param_value_internal":0.8606786501319696,"distribution":"{\"name\": \"FloatDistribution\", \"attributes\": {\"step\": null, \"low\": 0.0, \"high\": 1.0, \"log\": false}}"}
{"op_code":5,"worker_id":"eb34df8d-71a4-48cc-a4e3-5fff04a9941a-19068","trial_id":94,"param_name":"unified_alpha","param_value_internal":0.08903575109572401,"distribution":"{\"name\": \"FloatDistribution\", \"attributes\": {\"step\": null, \"low\": 1e-05, \"high\": 10.0, \"log\": true}}"}
{"op_code":5,"worker_id":"c5150b3a-8ee2-404d-bead-4940b77619d3-12024","trial_id":93,"param_name":"unified_gamma","param_value_internal":5518.386542981065,"distribution":"{\"name\": \"FloatDistribution\", \"attributes\": {\"step\": null, \"low\": 1.5, \"high\": 10000.0, \"log\": true}}"}
{"op_code":5,"worker_id":"eb34df8d-71a4-48cc-a4e3-5fff04a9941a-19068","trial_id":94,"param_name":"unified_rho","param_value_internal":0.8453902531675092,"distribution":"{\"name\": \"FloatDistribution\", \"attributes\": {\"step\": null, \"low\": 0.0, \"high\": 1.0, \"log\": false}}"}
{"op_code":5,"worker_id":"c5150b3a-8ee2-404d-bead-4940b77619d3-12024","trial_id":93,"param_name":"huber_delta","param_value_internal":4.722519506558564,"distribution":"{\"name\": \"FloatDistribution\", \"attributes\": {\"step\": null, \"low\": 0.5, \"high\": 5.0, \"log\": false}}"}
{"op_code":5,"worker_id":"eb34df8d-71a4-48cc-a4e3-5fff04a9941a-19068","trial_id":94,"param_name":"unified_gamma","param_value_internal":6560.186909998036,"distribution":"{\"name\": \"FloatDistribution\", \"attributes\": {\"step\": null, \"low\": 1.5, \"high\": 10000.0, \"log\": true}}"}
{"op_code":5,"worker_id":"eb34df8d-71a4-48cc-a4e3-5fff04a9941a-19068","trial_id":94,"param_name":"huber_delta","param_value_internal":4.609367412629524,"distribution":"{\"name\": \"FloatDistribution\", \"attributes\": {\"step\": null, \"low\": 0.5, \"high\": 5.0, \"log\": false}}"}
{"op_code":8,"worker_id":"c5150b3a-8ee2-404d-bead-4940b77619d3-12024","trial_id":93,"user_attr":{"constraints":[-0.10199041037458777,0.013624711261809204,-0.06666666666666665,0.029797979797979796,0.08702252267207501,-23.0,0.0,0.4395124751301071,0.5,-1422.7009874070602,0.010205314009661848,-0.05132275132275127]}}
{"op_code":8,"worker_id":"c5150b3a-8ee2-404d-bead-4940b77619d3-12024","trial_id":93,"user_attr":{"pruned_reasons":["M2 (Yearly Tail IC Mean <= 0)","M5 (Monotonicity <= 0.25)","M6 (Top-Bottom Spread <= 0)","Side-specific Yearly Tail IC Mean (-0.4395 <= 0)","Side-specific Hit Rate (0.00% < 50%)","Yearly Daily Win Rate (43.98% < 45%)"]}}
{"op_code":8,"worker_id":"eb34df8d-71a4-48cc-a4e3-5fff04a9941a-19068","trial_id":94,"user_attr":{"constraints":[-0.11763629508827372,-0.05819482730037395,-0.06666666666666665,0.04999999999999996,0.0228344175359909,-23.0,0.0,0.18661122241577874,0.5,-1420.893052864124,0.005253623188405776,-0.013492063492063444]}}
{"op_code":8,"worker_id":"eb34df8d-71a4-48cc-a4e3-5fff04a9941a-19068","trial_id":94,"user_attr":{"pruned_reasons":["M5 (Monotonicity <= 0.25)","M6 (Top-Bottom Spread <= 0)","Side-specific Yearly Tail IC Mean (-0.1866 <= 0)","Side-specific Hit Rate (0.00% < 50%)","Yearly Daily Win Rate (44.47% < 45%)"]}}
{"op_code":8,"worker_id":"eb34df8d-71a4-48cc-a4e3-5fff04a9941a-19068","trial_id":94,"user_attr":{"gini":0.711453753987731}}
{"op_code":8,"worker_id":"eb34df8d-71a4-48cc-a4e3-5fff04a9941a-19068","trial_id":94,"user_attr":{"cv_is_ics":[0.1384388655424118,0.09426730871200562,0.03434991091489792,0.17726187407970428,0.1178397610783577,0.15183652937412262,0.10342790186405182,0.1948212832212448,0.12109172344207764,0.04968914017081261,0.18383492529392242,0.10649923980236053,0.15335610508918762,0.09699471294879913,0.17913919687271118]}}
{"op_code":8,"worker_id":"eb34df8d-71a4-48cc-a4e3-5fff04a9941a-19068","trial_id":94,"user_attr":{"cv_oos_ics":[-0.060505934059619904,0.07941481471061707,0.10059132426977158,0.14111226797103882,0.057237401604652405,-0.06728824228048325,-0.03549966216087341,-0.008481278084218502,0.022167444229125977,0.07112687081098557,0.1280473917722702,0.09847337752580643,0.15150009095668793,0.05888383835554123,0.08762678503990173]}}
{"op_code":8,"worker_id":"eb34df8d-71a4-48cc-a4e3-5fff04a9941a-19068","trial_id":94,"user_attr":{"reg_kappa":3.4638845443232618}}
{"op_code":8,"worker_id":"eb34df8d-71a4-48cc-a4e3-5fff04a9941a-19068","trial_id":94,"user_attr":{"raw_metrics":[0.3196627094507223,0.05819482730037395,0.6666666666666666,0.11763629508827372,0.20000000000000004,-0.0228344175359909,-0.174171748370246,-0.21668949723243713,0.44474637681159424]}}
{"op_code":8,"worker_id":"eb34df8d-71a4-48cc-a4e3-5fff04a9941a-19068","trial_id":94,"user_attr":{"val_metrics":[0.07022865158123015,-0.11415123758344589,0.5515151515151515,0.15323673407236735,-8.130590476671323]}}
{"op_code":8,"worker_id":"eb34df8d-71a4-48cc-a4e3-5fff04a9941a-19068","trial_id":94,"user_attr":{"deflated_objective":-1.0667500333300608}}
{"op_code":9,"worker_id":"eb34df8d-71a4-48cc-a4e3-5fff04a9941a-19068","trial_id":94,"system_attr":{"constraints":[-0.11763629508827372,-0.05819482730037395,-0.06666666666666665,0.04999999999999996,0.0228344175359909,-23.0,0.0,0.18661122241577874,0.5,-1420.893052864124,0.005253623188405776,-0.013492063492063444]}}
{"op_code":6,"worker_id":"eb34df8d-71a4-48cc-a4e3-5fff04a9941a-19068","trial_id":94,"state":1,"values":[-0.6599723675321012],"datetime_complete":"2026-07-14T11:40:12.534966"}
{"op_code":4,"worker_id":"39da222f-822e-4b45-82d2-bcf84ecff8be-20880","study_id":0,"datetime_start":"2026-07-14T11:40:12.289131"}
{"op_code":8,"worker_id":"c5150b3a-8ee2-404d-bead-4940b77619d3-12024","trial_id":93,"user_attr":{"gini":0.7363272371818654}}
{"op_code":5,"worker_id":"39da222f-822e-4b45-82d2-bcf84ecff8be-20880","trial_id":95,"param_name":"k_weight","param_value_internal":1.2180026507990083,"distribution":"{\"name\": \"FloatDistribution\", \"attributes\": {\"step\": null, \"low\": 0.0, \"high\": 1.5, \"log\": false}}"}
{"op_code":4,"worker_id":"6e31760c-80f0-4f2e-a08c-9b6802a187af-29612","study_id":0,"datetime_start":"2026-07-14T11:40:12.292890"}
{"op_code":5,"worker_id":"39da222f-822e-4b45-82d2-bcf84ecff8be-20880","trial_id":95,"param_name":"unified_alpha","param_value_internal":0.0069521675883927716,"distribution":"{\"name\": \"FloatDistribution\", \"attributes\": {\"step\": null, \"low\": 1e-05, \"high\": 10.0, \"log\": true}}"}
{"op_code":8,"worker_id":"c5150b3a-8ee2-404d-bead-4940b77619d3-12024","trial_id":93,"user_attr":{"cv_is_ics":[0.1337195187807083,0.08097533881664276,0.03509054332971573,0.17667008936405182,0.107782281935215,0.13812698423862457,0.09740236401557922,0.19319488108158112,0.10241584479808807,0.032841529697179794,0.18076491355895996,0.09476081281900406,0.1437729150056839,0.08872304856777191,0.17888243496418]}}
{"op_code":5,"worker_id":"39da222f-822e-4b45-82d2-bcf84ecff8be-20880","trial_id":95,"param_name":"unified_rho","param_value_internal":0.7294189415336984,"distribution":"{\"name\": \"FloatDistribution\", \"attributes\": {\"step\": null, \"low\": 0.0, \"high\": 1.0, \"log\": false}}"}
{"op_code":8,"worker_id":"c5150b3a-8ee2-404d-bead-4940b77619d3-12024","trial_id":93,"user_attr":{"cv_oos_ics":[-0.056869324296712875,0.042770229279994965,0.0719723328948021,0.13925772905349731,0.056935496628284454,-0.08377134799957275,-0.03709997609257698,-0.009468521922826767,-0.00028566853143274784,0.03820960596203804,0.12935341894626617,0.07552246749401093,0.1565672606229782,0.05712656304240227,0.10065469890832901]}}
{"op_code":8,"worker_id":"c5150b3a-8ee2-404d-bead-4940b77619d3-12024","trial_id":93,"user_attr":{"reg_kappa":3.458489826826553}}
{"op_code":8,"worker_id":"c5150b3a-8ee2-404d-bead-4940b77619d3-12024","trial_id":93,"user_attr":{"raw_metrics":[-0.14472585049970285,-0.013624711261809204,0.6666666666666666,0.10199041037458777,0.2202020202020202,-0.08702252267207501,-0.17783501552895103,-0.18441738188266754,0.43979468599033816]}}
{"op_code":8,"worker_id":"c5150b3a-8ee2-404d-bead-4940b77619d3-12024","trial_id":93,"user_attr":{"val_metrics":[0.05279809555325949,-0.19967573270138034,0.3575757575757576,0.18349828623235226,-8.692750669364242]}}
{"op_code":5,"worker_id":"39da222f-822e-4b45-82d2-bcf84ecff8be-20880","trial_id":95,"param_name":"unified_gamma","param_value_internal":1380.8551632677388,"distribution":"{\"name\": \"FloatDistribution\", \"attributes\": {\"step\": null, \"low\": 1.5, \"high\": 10000.0, \"log\": true}}"}
{"op_code":5,"worker_id":"39da222f-822e-4b45-82d2-bcf84ecff8be-20880","trial_id":95,"param_name":"huber_delta","param_value_internal":2.8473809084223682,"distribution":"{\"name\": \"FloatDistribution\", \"attributes\": {\"step\": null, \"low\": 0.5, \"high\": 5.0, \"log\": false}}"}
{"op_code":8,"worker_id":"c5150b3a-8ee2-404d-bead-4940b77619d3-12024","trial_id":93,"user_attr":{"deflated_objective":-1.3935861312777749}}
{"op_code":9,"worker_id":"c5150b3a-8ee2-404d-bead-4940b77619d3-12024","trial_id":93,"system_attr":{"constraints":[-0.10199041037458777,0.013624711261809204,-0.06666666666666665,0.029797979797979796,0.08702252267207501,-23.0,0.0,0.4395124751301071,0.5,-1422.7009874070602,0.010205314009661848,-0.05132275132275127]}}
{"op_code":6,"worker_id":"c5150b3a-8ee2-404d-bead-4940b77619d3-12024","trial_id":93,"state":1,"values":[-0.9401832376251583],"datetime_complete":"2026-07-14T11:40:12.573351"}
{"op_code":5,"worker_id":"6e31760c-80f0-4f2e-a08c-9b6802a187af-29612","trial_id":96,"param_name":"k_weight","param_value_internal":1.1796519836939767,"distribution":"{\"name\": \"FloatDistribution\", \"attributes\": {\"step\": null, \"low\": 0.0, \"high\": 1.5, \"log\": false}}"}
{"op_code":5,"worker_id":"6e31760c-80f0-4f2e-a08c-9b6802a187af-29612","trial_id":96,"param_name":"unified_alpha","param_value_internal":0.033882029665065094,"distribution":"{\"name\": \"FloatDistribution\", \"attributes\": {\"step\": null, \"low\": 1e-05, \"high\": 10.0, \"log\": true}}"}
{"op_code":5,"worker_id":"6e31760c-80f0-4f2e-a08c-9b6802a187af-29612","trial_id":96,"param_name":"unified_rho","param_value_internal":0.727585673748832,"distribution":"{\"name\": \"FloatDistribution\", \"attributes\": {\"step\": null, \"low\": 0.0, \"high\": 1.0, \"log\": false}}"}
{"op_code":5,"worker_id":"6e31760c-80f0-4f2e-a08c-9b6802a187af-29612","trial_id":96,"param_name":"unified_gamma","param_value_internal":754.1939969410399,"distribution":"{\"name\": \"FloatDistribution\", \"attributes\": {\"step\": null, \"low\": 1.5, \"high\": 10000.0, \"log\": true}}"}
{"op_code":5,"worker_id":"6e31760c-80f0-4f2e-a08c-9b6802a187af-29612","trial_id":96,"param_name":"huber_delta","param_value_internal":3.905220278102403,"distribution":"{\"name\": \"FloatDistribution\", \"attributes\": {\"step\": null, \"low\": 0.5, \"high\": 5.0, \"log\": false}}"}
{"op_code":8,"worker_id":"39da222f-822e-4b45-82d2-bcf84ecff8be-20880","trial_id":95,"user_attr":{"constraints":[-0.1113706647107481,-0.07719089353693942,-0.06666666666666665,-0.12373737373737376,-0.020660913358959893,-21.0,-8.0,0.088703035626521,0.16666666666666669,-1407.782758420828,-0.05356280193236712,-0.05158730158730157]}}
{"op_code":8,"worker_id":"39da222f-822e-4b45-82d2-bcf84ecff8be-20880","trial_id":95,"user_attr":{"pruned_reasons":["Side-specific Yearly Tail IC Mean (-0.0887 <= 0)","Side-specific Hit Rate (33.33% < 50%)"]}}
{"op_code":8,"worker_id":"39da222f-822e-4b45-82d2-bcf84ecff8be-20880","trial_id":95,"user_attr":{"gini":0.415065073900857}}
{"op_code":8,"worker_id":"39da222f-822e-4b45-82d2-bcf84ecff8be-20880","trial_id":95,"user_attr":{"cv_is_ics":[0.18025314807891846,0.168276846408844,0.13011878728866577,0.1912434995174408,0.19413627684116364,0.20478197932243347,0.16795389354228973,0.21238143742084503,0.21227683126926422,0.16763842105865479,0.2226760983467102,0.19680102169513702,0.1683569699525833,0.18453270196914673,0.18753241002559662]}}
{"op_code":8,"worker_id":"39da222f-822e-4b45-82d2-bcf84ecff8be-20880","trial_id":95,"user_attr":{"cv_oos_ics":[-0.03406898304820061,0.19086888432502747,0.16276130080223083,0.06103690341114998,-0.02327261120080948,-0.00131903775036335,0.01841571182012558,-0.01645517535507679,-0.015079835429787636,0.08230019360780716,0.05740588903427124,0.149350106716156,0.1077522560954094,0.0629156157374382,0.07587028294801712]}}
{"op_code":8,"worker_id":"39da222f-822e-4b45-82d2-bcf84ecff8be-20880","trial_id":95,"user_attr":{"reg_kappa":3.5147536336154035}}
{"op_code":8,"worker_id":"39da222f-822e-4b45-82d2-bcf84ecff8be-20880","trial_id":95,"user_attr":{"raw_metrics":[0.2729818012463954,0.07719089353693942,0.6666666666666666,0.1113706647107481,0.37373737373737376,0.020660913358959893,-0.38058331273810386,-0.3421093225479126,0.5035628019323671]}}
{"op_code":8,"worker_id":"39da222f-822e-4b45-82d2-bcf84ecff8be-20880","trial_id":95,"user_attr":{"val_metrics":[0.12817716886238692,0.03212481122610539,0.41818181818181815,0.23698838002979755,-4.2637008663293]}}
{"op_code":8,"worker_id":"39da222f-822e-4b45-82d2-bcf84ecff8be-20880","trial_id":95,"user_attr":{"deflated_objective":0.4609149794821568}}
{"op_code":9,"worker_id":"39da222f-822e-4b45-82d2-bcf84ecff8be-20880","trial_id":95,"system_attr":{"constraints":[-0.1113706647107481,-0.07719089353693942,-0.06666666666666665,-0.12373737373737376,-0.020660913358959893,-21.0,-8.0,0.088703035626521,0.16666666666666669,-1407.782758420828,-0.05356280193236712,-0.05158730158730157]}}
{"op_code":8,"worker_id":"6e31760c-80f0-4f2e-a08c-9b6802a187af-29612","trial_id":96,"user_attr":{"constraints":[-0.11900620311375111,-0.1032120208253864,-0.06666666666666665,-0.09141414141414139,-0.08712457636092308,-24.0,-6.0,0.04426081156675612,0.16666666666666669,-1405.7146099095019,-0.05356280193236712,-0.023015873015873045]}}
{"op_code":8,"worker_id":"6e31760c-80f0-4f2e-a08c-9b6802a187af-29612","trial_id":96,"user_attr":{"pruned_reasons":["Side-specific Yearly Tail IC Mean (-0.0443 <= 0)","Side-specific Hit Rate (33.33% < 50%)"]}}
{"op_code":8,"worker_id":"6e31760c-80f0-4f2e-a08c-9b6802a187af-29612","trial_id":96,"user_attr":{"gini":0.5983910144757856}}
{"op_code":8,"worker_id":"6e31760c-80f0-4f2e-a08c-9b6802a187af-29612","trial_id":96,"user_attr":{"cv_is_ics":[0.16696105897426605,0.14097441732883453,0.100747250020504,0.18262630701065063,0.1766853630542755,0.19324828684329987,0.13776004314422607,0.2032652050256729,0.19184216856956482,0.13322554528713226,0.21359530091285706,0.16576293110847473,0.1646445393562317,0.14540114998817444,0.1782163679599762]}}
{"op_code":8,"worker_id":"6e31760c-80f0-4f2e-a08c-9b6802a187af-29612","trial_id":96,"user_attr":{"cv_oos_ics":[-0.04773157835006714,0.16718760132789612,0.16109932959079742,0.08983894437551498,-0.015319215133786201,-0.023617161437869072,-0.007312573958188295,-0.015450322069227695,0.001027973834425211,0.09637992084026337,0.09796645492315292,0.14943522214889526,0.11600127071142197,0.05951468273997307,0.08201634138822556]}}
{"op_code":8,"worker_id":"6e31760c-80f0-4f2e-a08c-9b6802a187af-29612","trial_id":96,"user_attr":{"reg_kappa":3.4585926051465}}
{"op_code":8,"worker_id":"6e31760c-80f0-4f2e-a08c-9b6802a187af-29612","trial_id":96,"user_attr":{"raw_metrics":[0.3543222740818545,0.1032120208253864,0.6666666666666666,0.11900620311375111,0.3414141414141414,0.08712457636092308,-0.3117396533504145,-0.2777567207813263,0.5035628019323671]}}
{"op_code":6,"worker_id":"39da222f-822e-4b45-82d2-bcf84ecff8be-20880","trial_id":95,"state":1,"values":[0.9377554143635382],"datetime_complete":"2026-07-14T11:40:12.620497"}
{"op_code":8,"worker_id":"6e31760c-80f0-4f2e-a08c-9b6802a187af-29612","trial_id":96,"user_attr":{"val_metrics":[0.10539127825765005,-0.049827774969567196,0.6363636363636364,0.2970112482706706,-5.9730049400463265]}}
{"op_code":8,"worker_id":"6e31760c-80f0-4f2e-a08c-9b6802a187af-29612","trial_id":96,"user_attr":{"deflated_objective":-0.23371903825690832}}
{"op_code":9,"worker_id":"6e31760c-80f0-4f2e-a08c-9b6802a187af-29612","trial_id":96,"system_attr":{"constraints":[-0.11900620311375111,-0.1032120208253864,-0.06666666666666665,-0.09141414141414139,-0.08712457636092308,-24.0,-6.0,0.04426081156675612,0.16666666666666669,-1405.7146099095019,-0.05356280193236712,-0.023015873015873045]}}
{"op_code":6,"worker_id":"6e31760c-80f0-4f2e-a08c-9b6802a187af-29612","trial_id":96,"state":1,"values":[0.24079234322586285],"datetime_complete":"2026-07-14T11:40:12.639901"}
{"op_code":9,"worker_id":"e91bba2b-47f0-4ea8-88f0-3f41c3270d3d-30084","trial_id":91,"system_attr":{"constraints":[-0.12229689668903816,-0.09775613127481346,0.26666666666666666,-0.046969696969696995,-0.26503815665967073,-46.0,-4.0,0.23054233224202422,0.16666666666666669,-1381.340452937295,-0.060809178743961356,-0.06084656084656076]}}
{"op_code":6,"worker_id":"e91bba2b-47f0-4ea8-88f0-3f41c3270d3d-30084","trial_id":91,"state":1,"values":[0.47731129657886856],"datetime_complete":"2026-07-14T11:40:12.646414"}
{"op_code":8,"worker_id":"d36e41e6-6915-4c61-b665-8614a660b7cd-18156","trial_id":84,"user_attr":{"deflated_objective":0.12587308317634383}}
{"op_code":9,"worker_id":"d36e41e6-6915-4c61-b665-8614a660b7cd-18156","trial_id":84,"system_attr":{"constraints":[-0.12097106570762495,-0.1044007595726451,0.26666666666666666,-0.04292929292929293,-0.26503815665967073,-46.0,-4.0,0.27016703402538417,0.16666666666666669,-1381.0621705071862,-0.060809178743961356,-0.07962962962962966]}}
{"op_code":6,"worker_id":"d36e41e6-6915-4c61-b665-8614a660b7cd-18156","trial_id":84,"state":1,"values":[0.5213054310461828],"datetime_complete":"2026-07-14T11:40:12.703902"}
{"op_code":8,"worker_id":"c4706c54-c654-40c2-9357-abf564c7bc59-24364","trial_id":34,"user_attr":{"cv_oos_ics":[-0.04078856110572815,0.1731346994638443,0.15829597413539886,0.06127023324370384,-0.03009413741528988,-0.011478550732135773,0.004305657465010881,-0.030792783945798874,-0.019200388342142105,0.07379847019910812,0.05930055305361748,0.12772271037101746,0.09008979052305222,0.05927121639251709,0.06292352080345154]}}
{"op_code":8,"worker_id":"c4706c54-c654-40c2-9357-abf564c7bc59-24364","trial_id":34,"user_attr":{"reg_kappa":3.4940024546000643}}
{"op_code":8,"worker_id":"c4706c54-c654-40c2-9357-abf564c7bc59-24364","trial_id":34,"user_attr":{"raw_metrics":[0.31707052445658607,0.11183970823830679,0.3333333333333333,0.11317674277156327,0.25252525252525254,0.017737226700905162,-0.3024548308723194,-0.3152957558631897,0.4890700483091788]}}
{"op_code":8,"worker_id":"c4706c54-c654-40c2-9357-abf564c7bc59-24364","trial_id":34,"user_attr":{"val_metrics":[0.13328869896794787,-0.012060262844544423,0.6242424242424243,0.2897570050507784,-5.671945320489442]}}
{"op_code":8,"worker_id":"c4706c54-c654-40c2-9357-abf564c7bc59-24364","trial_id":34,"user_attr":{"deflated_objective":-0.08805424475531376}}
{"op_code":9,"worker_id":"c4706c54-c654-40c2-9357-abf564c7bc59-24364","trial_id":34,"system_attr":{"constraints":[-0.11317674277156327,-0.11183970823830679,0.26666666666666666,-0.0025252525252525415,-0.017737226700905162,-29.0,-8.0,0.023624776298993778,0.16666666666666669,-1394.1343048879291,-0.03907004830917876,-0.004232804232804255]}}
{"op_code":6,"worker_id":"c4706c54-c654-40c2-9357-abf564c7bc59-24364","trial_id":34,"state":1,"values":[0.3779008167438235],"datetime_complete":"2026-07-14T11:40:12.815496"}
{"op_code":8,"worker_id":"5a7655c4-bb8e-4c7b-8e7c-2537a5fc4f12-31796","trial_id":40,"user_attr":{"constraints":[-0.11617576993490299,-0.11132370785536505,0.26666666666666666,-0.09141414141414139,-0.36374561040027853,-39.0,-5.0,-0.016358122227806183,0.16666666666666669,-1386.4832709206432,-0.06745169082125596,-0.08888888888888885]}}
{"op_code":8,"worker_id":"5a7655c4-bb8e-4c7b-8e7c-2537a5fc4f12-31796","trial_id":40,"user_attr":{"pruned_reasons":["M3 (Hit Rate < 60%)","Side-specific Hit Rate (33.33% < 50%)"]}}
{"op_code":8,"worker_id":"5a7655c4-bb8e-4c7b-8e7c-2537a5fc4f12-31796","trial_id":40,"user_attr":{"gini":0.5748086857559962}}
{"op_code":8,"worker_id":"5a7655c4-bb8e-4c7b-8e7c-2537a5fc4f12-31796","trial_id":40,"user_attr":{"cv_is_ics":[0.19488529860973358,0.19396080076694489,0.15948837995529175,0.19898784160614014,0.19876596331596375,0.2132568359375,0.19611653685569763,0.21227632462978363,0.2241346389055252,0.19103385508060455,0.22029611468315125,0.19930903613567352,0.1799718141555786,0.20278221368789673,0.1915505826473236]}}
{"op_code":8,"worker_id":"5a7655c4-bb8e-4c7b-8e7c-2537a5fc4f12-31796","trial_id":40,"user_attr":{"cv_oos_ics":[-0.018151119351387024,0.2033538967370987,0.14642441272735596,0.08730091899633408,-0.032060302793979645,0.037125665694475174,0.04392387345433235,0.00598950358107686,-0.010035188868641853,0.1319493055343628,0.07644452154636383,0.15866580605506897,0.11275119334459305,0.047254882752895355,0.0864657387137413]}}
{"op_code":8,"worker_id":"0d107e49-b789-4a92-a3df-572645e718a2-3216","trial_id":39,"user_attr":{"cv_is_ics":[0.19663439691066742,0.19639991223812103,0.16425617039203644,0.19720736145973206,0.18884038925170898,0.21370960772037506,0.2040441483259201,0.2082071155309677,0.22670680284500122,0.1946043074131012,0.21489673852920532,0.1875292956829071,0.17457984387874603,0.1942429095506668,0.1872212141752243]}}
{"op_code":8,"worker_id":"5a7655c4-bb8e-4c7b-8e7c-2537a5fc4f12-31796","trial_id":40,"user_attr":{"reg_kappa":3.3119370566517876}}
{"op_code":8,"worker_id":"5a7655c4-bb8e-4c7b-8e7c-2537a5fc4f12-31796","trial_id":40,"user_attr":{"raw_metrics":[0.3355510386070974,0.11132370785536505,0.3333333333333333,0.11617576993490299,0.3414141414141414,0.36374561040027853,-0.2000277748527704,-0.24783380329608917,0.517451690821256]}}
{"op_code":8,"worker_id":"5a7655c4-bb8e-4c7b-8e7c-2537a5fc4f12-31796","trial_id":40,"user_attr":{"val_metrics":[0.11487497945489385,0.01255268731369183,0.5272727272727272,0.3052107957005501,-5.358473647225807]}}
{"op_code":8,"worker_id":"0d107e49-b789-4a92-a3df-572645e718a2-3216","trial_id":39,"user_attr":{"cv_oos_ics":[-0.01236160472035408,0.19093164801597595,0.14403490722179413,0.10296929627656937,-0.0005334726884029806,0.05700753629207611,0.05853361263871193,0.013624414801597595,0.019910231232643127,0.18493874371051788,0.10238012671470642,0.1565379500389099,0.11487645655870438,0.051544189453125,0.10184603929519653]}}
{"op_code":8,"worker_id":"0d107e49-b789-4a92-a3df-572645e718a2-3216","trial_id":39,"user_attr":{"reg_kappa":3.239401813554316}}
{"op_code":8,"worker_id":"0d107e49-b789-4a92-a3df-572645e718a2-3216","trial_id":39,"user_attr":{"raw_metrics":[0.42257916459579214,0.13526873236583728,0.3333333333333333,0.12606930265040175,0.3090909090909091,0.35332476659547446,-0.1411733217512732,-0.1935913860797882,0.5243961352657005]}}
{"op_code":8,"worker_id":"0d107e49-b789-4a92-a3df-572645e718a2-3216","trial_id":39,"user_attr":{"val_metrics":[0.116826251603511,0.013268500467958882,0.7818181818181819,0.3598523430029551,-4.847280832138962]}}
{"op_code":8,"worker_id":"5a7655c4-bb8e-4c7b-8e7c-2537a5fc4f12-31796","trial_id":40,"user_attr":{"deflated_objective":0.039289912141035166}}
{"op_code":9,"worker_id":"5a7655c4-bb8e-4c7b-8e7c-2537a5fc4f12-31796","trial_id":40,"system_attr":{"constraints":[-0.11617576993490299,-0.11132370785536505,0.26666666666666666,-0.09141414141414139,-0.36374561040027853,-39.0,-5.0,-0.016358122227806183,0.16666666666666669,-1386.4832709206432,-0.06745169082125596,-0.08888888888888885]}}
{"op_code":6,"worker_id":"5a7655c4-bb8e-4c7b-8e7c-2537a5fc4f12-31796","trial_id":40,"state":1,"values":[0.5015963244519273],"datetime_complete":"2026-07-14T11:40:12.891700"}
{"op_code":8,"worker_id":"0d107e49-b789-4a92-a3df-572645e718a2-3216","trial_id":39,"user_attr":{"deflated_objective":0.26989449205595684}}
{"op_code":9,"worker_id":"0d107e49-b789-4a92-a3df-572645e718a2-3216","trial_id":39,"system_attr":{"constraints":[-0.12606930265040175,-0.13526873236583728,0.26666666666666666,-0.05909090909090908,-0.35332476659547446,-48.0,-3.0,0.20480213383045318,0.16666666666666669,-1380.6102190055374,-0.07439613526570049,-0.08888888888888885]}}
{"op_code":6,"worker_id":"0d107e49-b789-4a92-a3df-572645e718a2-3216","trial_id":39,"state":1,"values":[0.7320094483947381],"datetime_complete":"2026-07-14T11:40:12.895935"}
{"op_code":4,"worker_id":"bb4ff5de-0c76-4137-b2ed-daff7c27bea6-24340","study_id":0,"datetime_start":"2026-07-14T11:40:09.995572"}
{"op_code":8,"worker_id":"e5d2af3a-4101-4668-970a-1c2b90356f6e-31524","trial_id":81,"user_attr":{"constraints":[-0.10829980711871794,-0.09361958614634709,0.26666666666666666,0.03383838383838386,-0.2692857444046992,-43.0,-7.0,-0.056877824166775594,-0.16666666666666663,-1381.1747652534527,-0.06714975845410626,-0.05158730158730157]}}
{"op_code":8,"worker_id":"e5d2af3a-4101-4668-970a-1c2b90356f6e-31524","trial_id":81,"user_attr":{"pruned_reasons":["M3 (Hit Rate < 60%)","M5 (Monotonicity <= 0.25)"]}}
{"op_code":8,"worker_id":"e5d2af3a-4101-4668-970a-1c2b90356f6e-31524","trial_id":81,"user_attr":{"gini":0.44988827402634946}}
{"op_code":8,"worker_id":"e5d2af3a-4101-4668-970a-1c2b90356f6e-31524","trial_id":81,"user_attr":{"cv_is_ics":[0.18402689695358276,0.19114819169044495,0.15555612742900848,0.19178836047649384,0.1988987773656845,0.20759481191635132,0.18770025670528412,0.21538278460502625,0.2170439064502716,0.18904618918895721,0.22716183960437775,0.21500737965106964,0.17784148454666138,0.19831854104995728,0.19222281873226166]}}
{"op_code":8,"worker_id":"e5d2af3a-4101-4668-970a-1c2b90356f6e-31524","trial_id":81,"user_attr":{"cv_oos_ics":[-0.013644983991980553,0.18802085518836975,0.15571606159210205,0.06425180286169052,-0.019034046679735184,0.015173804014921188,0.0332631878554821,-0.019546780735254288,-0.012582399882376194,0.09833411872386932,0.04406856372952461,0.13390834629535675,0.08266182988882065,0.04713260754942894,0.06702017039060593]}}
{"op_code":5,"worker_id":"bb4ff5de-0c76-4137-b2ed-daff7c27bea6-24340","trial_id":97,"param_name":"k_weight","param_value_internal":1.28461373391939,"distribution":"{\"name\": \"FloatDistribution\", \"attributes\": {\"step\": null, \"low\": 0.0, \"high\": 1.5, \"log\": false}}"}
{"op_code":8,"worker_id":"e5d2af3a-4101-4668-970a-1c2b90356f6e-31524","trial_id":81,"user_attr":{"reg_kappa":3.459729528041303}}
{"op_code":5,"worker_id":"bb4ff5de-0c76-4137-b2ed-daff7c27bea6-24340","trial_id":97,"param_name":"unified_alpha","param_value_internal":0.006651425805590301,"distribution":"{\"name\": \"FloatDistribution\", \"attributes\": {\"step\": null, \"low\": 1e-05, \"high\": 10.0, \"log\": true}}"}
{"op_code":8,"worker_id":"e5d2af3a-4101-4668-970a-1c2b90356f6e-31524","trial_id":81,"user_attr":{"raw_metrics":[0.296831819449209,0.09361958614634709,0.3333333333333333,0.10829980711871794,0.21616161616161614,0.2692857444046992,-0.2154969397953205,-0.24369287490844727,0.5171497584541063]}}
{"op_code":5,"worker_id":"bb4ff5de-0c76-4137-b2ed-daff7c27bea6-24340","trial_id":97,"param_name":"unified_rho","param_value_internal":0.72885227926902,"distribution":"{\"name\": \"FloatDistribution\", \"attributes\": {\"step\": null, \"low\": 0.0, \"high\": 1.0, \"log\": false}}"}
{"op_code":8,"worker_id":"e5d2af3a-4101-4668-970a-1c2b90356f6e-31524","trial_id":81,"user_attr":{"val_metrics":[0.11882645192216418,0.08622005321943549,0.5393939393939394,0.3155573461204767,-5.136012126420978]}}
{"op_code":5,"worker_id":"bb4ff5de-0c76-4137-b2ed-daff7c27bea6-24340","trial_id":97,"param_name":"unified_gamma","param_value_internal":1527.5301263893048,"distribution":"{\"name\": \"FloatDistribution\", \"attributes\": {\"step\": null, \"low\": 1.5, \"high\": 10000.0, \"log\": true}}"}
{"op_code":5,"worker_id":"bb4ff5de-0c76-4137-b2ed-daff7c27bea6-24340","trial_id":97,"param_name":"huber_delta","param_value_internal":3.086177346877345,"distribution":"{\"name\": \"FloatDistribution\", \"attributes\": {\"step\": null, \"low\": 0.5, \"high\": 5.0, \"log\": false}}"}
{"op_code":8,"worker_id":"e5d2af3a-4101-4668-970a-1c2b90356f6e-31524","trial_id":81,"user_attr":{"deflated_objective":0.16512977218959213}}
{"op_code":9,"worker_id":"e5d2af3a-4101-4668-970a-1c2b90356f6e-31524","trial_id":81,"system_attr":{"constraints":[-0.10829980711871794,-0.09361958614634709,0.26666666666666666,0.03383838383838386,-0.2692857444046992,-43.0,-7.0,-0.056877824166775594,-0.16666666666666663,-1381.1747652534527,-0.06714975845410626,-0.05158730158730157]}}
{"op_code":6,"worker_id":"e5d2af3a-4101-4668-970a-1c2b90356f6e-31524","trial_id":81,"state":1,"values":[0.621655147582999],"datetime_complete":"2026-07-14T11:40:13.059575"}
{"op_code":8,"worker_id":"54219456-6bbb-4911-b088-8ec20adf0b8c-8896","trial_id":0,"user_attr":{"pruned_reasons":["M3 (Hit Rate < 60%)","Side-specific Yearly Tail IC Mean (-0.1762 <= 0)","Side-specific Hit Rate (0.00% < 50%)"]}}
{"op_code":8,"worker_id":"bb4ff5de-0c76-4137-b2ed-daff7c27bea6-24340","trial_id":97,"user_attr":{"constraints":[-0.11264900903150449,-0.0783004073690657,0.26666666666666666,-0.022727272727272707,0.02449921258207824,-19.0,-8.0,0.01711923817588445,0.16666666666666669,-1411.7907482796743,-0.05356280193236712,-0.004232804232804255]}}
{"op_code":8,"worker_id":"bb4ff5de-0c76-4137-b2ed-daff7c27bea6-24340","trial_id":97,"user_attr":{"pruned_reasons":["M3 (Hit Rate < 60%)","M6 (Top-Bottom Spread <= 0)","Side-specific Yearly Tail IC Mean (-0.0171 <= 0)","Side-specific Hit Rate (33.33% < 50%)"]}}
{"op_code":8,"worker_id":"bb4ff5de-0c76-4137-b2ed-daff7c27bea6-24340","trial_id":97,"user_attr":{"gini":0.41941145345063635}}
{"op_code":8,"worker_id":"bb4ff5de-0c76-4137-b2ed-daff7c27bea6-24340","trial_id":97,"user_attr":{"cv_is_ics":[0.17790071666240692,0.16107282042503357,0.11489607393741608,0.18649224936962128,0.1881793737411499,0.20265597105026245,0.15912991762161255,0.21184663474559784,0.20308879017829895,0.16062422096729279,0.22095781564712524,0.18954278528690338,0.1649119257926941,0.17611105740070343,0.1850353479385376]}}
{"op_code":8,"worker_id":"bb4ff5de-0c76-4137-b2ed-daff7c27bea6-24340","trial_id":97,"user_attr":{"cv_oos_ics":[-0.0380864217877388,0.18458308279514313,0.163045272231102,0.06703636050224304,-0.027941850945353508,-0.005862630903720856,0.007565718609839678,-0.01736537739634514,-0.017778538167476654,0.07423561811447144,0.0704348236322403,0.14288997650146484,0.10211827605962753,0.06582312285900116,0.07319112122058868]}}
{"op_code":8,"worker_id":"bb4ff5de-0c76-4137-b2ed-daff7c27bea6-24340","trial_id":97,"user_attr":{"reg_kappa":3.525261241810124}}
{"op_code":8,"worker_id":"bb4ff5de-0c76-4137-b2ed-daff7c27bea6-24340","trial_id":97,"user_attr":{"raw_metrics":[0.2792151974712422,0.0783004073690657,0.3333333333333333,0.11264900903150449,0.2727272727272727,-0.02449921258207824,-0.40335540863934993,-0.35915371775627136,0.5035628019323671]}}
{"op_code":8,"worker_id":"bb4ff5de-0c76-4137-b2ed-daff7c27bea6-24340","trial_id":97,"user_attr":{"val_metrics":[0.13547750274545797,0.01580383029153562,0.503030303030303,0.2897570050507784,-4.601440812705383]}}
{"op_code":8,"worker_id":"54219456-6bbb-4911-b088-8ec20adf0b8c-8896","trial_id":0,"user_attr":{"gini":0.4777365186339273}}
{"op_code":8,"worker_id":"54219456-6bbb-4911-b088-8ec20adf0b8c-8896","trial_id":0,"user_attr":{"cv_is_ics":[0.2034389227628708,0.19970721006393433,0.1803477257490158,0.20416074991226196,0.2073768526315689,0.21120576560497284,0.2138754278421402,0.2168649137020111,0.23178841173648834,0.20134982466697693,0.2256903350353241,0.2157289832830429,0.18937234580516815,0.2154735028743744,0.19893264770507812]}}
{"op_code":8,"worker_id":"54219456-6bbb-4911-b088-8ec20adf0b8c-8896","trial_id":0,"user_attr":{"cv_oos_ics":[0.010156966745853424,0.16327588260173798,0.12083330005407333,0.06184365227818489,0.002661952981725335,0.06063354015350342,0.07161347568035126,0.0023718082811683416,-0.002486614743247628,0.1138724610209465,0.033024102449417114,0.1352531462907791,0.06548693031072617,0.031950145959854126,0.08546051383018494]}}
{"op_code":8,"worker_id":"54219456-6bbb-4911-b088-8ec20adf0b8c-8896","trial_id":0,"user_attr":{"reg_kappa":3.2129609175474125}}
{"op_code":8,"worker_id":"54219456-6bbb-4911-b088-8ec20adf0b8c-8896","trial_id":0,"user_attr":{"raw_metrics":[0.21504856834974576,0.0744400050267633,0.3333333333333333,0.08993016638457778,0.26060606060606056,0.30764052741607467,-0.19149407881496674,-0.19570805132389069,0.5168478260869566]}}
{"op_code":8,"worker_id":"54219456-6bbb-4911-b088-8ec20adf0b8c-8896","trial_id":0,"user_attr":{"val_metrics":[0.10773439395604308,0.06832072198405428,0.5878787878787879,0.38988395757973193,-5.92727476975163]}}
{"op_code":8,"worker_id":"bb4ff5de-0c76-4137-b2ed-daff7c27bea6-24340","trial_id":97,"user_attr":{"deflated_objective":0.35273713068403534}}
{"op_code":9,"worker_id":"bb4ff5de-0c76-4137-b2ed-daff7c27bea6-24340","trial_id":97,"system_attr":{"constraints":[-0.11264900903150449,-0.0783004073690657,0.26666666666666666,-0.022727272727272707,0.02449921258207824,-19.0,-8.0,0.01711923817588445,0.16666666666666669,-1411.7907482796743,-0.05356280193236712,-0.004232804232804255]}}
{"op_code":6,"worker_id":"bb4ff5de-0c76-4137-b2ed-daff7c27bea6-24340","trial_id":97,"state":1,"values":[0.8053459253256735],"datetime_complete":"2026-07-14T11:40:13.114957"}
{"op_code":8,"worker_id":"54219456-6bbb-4911-b088-8ec20adf0b8c-8896","trial_id":0,"user_attr":{"deflated_objective":-0.15196423397297715}}
{"op_code":9,"worker_id":"54219456-6bbb-4911-b088-8ec20adf0b8c-8896","trial_id":0,"system_attr":{"constraints":[-0.08993016638457778,-0.0744400050267633,0.26666666666666666,-0.010606060606060563,-0.30764052741607467,-50.0,-7.0,0.1762396850632145,0.5,-1376.9283926896303,-0.06684782608695655,-0.09788359788359785]}}
{"op_code":6,"worker_id":"54219456-6bbb-4911-b088-8ec20adf0b8c-8896","trial_id":0,"state":1,"values":[0.30172963684045073],"datetime_complete":"2026-07-14T11:40:13.119117"}
{"op_code":8,"worker_id":"92a6c67d-0f6e-42b5-9521-f94794dfa44e-23408","trial_id":11,"user_attr":{"raw_metrics":[0.2932491288783098,0.10336391725978088,0.3333333333333333,0.07776856975329924,-0.026262626262626265,0.2607468887402311,-0.28352496669205285,-0.3368717133998871,0.5243961352657005]}}
{"op_code":8,"worker_id":"92a6c67d-0f6e-42b5-9521-f94794dfa44e-23408","trial_id":11,"user_attr":{"val_metrics":[0.12372386901013147,0.005204586893419044,0.5878787878787879,0.519347914631168,-3.8146017677782655]}}
{"op_code":8,"worker_id":"92a6c67d-0f6e-42b5-9521-f94794dfa44e-23408","trial_id":11,"user_attr":{"deflated_objective":0.671636438087851}}
{"op_code":9,"worker_id":"92a6c67d-0f6e-42b5-9521-f94794dfa44e-23408","trial_id":11,"system_attr":{"constraints":[-0.07776856975329924,-0.10336391725978088,0.26666666666666666,0.27626262626262627,-0.2607468887402311,0.0,0.0,0.06989426401191108,0.16666666666666669,-1390.7286905409367,-0.07439613526570049,-0.08862433862433855]}}
{"op_code":6,"worker_id":"92a6c67d-0f6e-42b5-9521-f94794dfa44e-23408","trial_id":11,"state":1,"values":[1.123151331016809],"datetime_complete":"2026-07-14T11:40:13.189322"}
{"op_code":9,"worker_id":"05a584d0-2448-480b-999f-e8db492c1236-22852","trial_id":21,"system_attr":{"constraints":[0.10046355021860108,0.07817796582704296,0.6,0.557070707070707,0.16741104529045772,-56.0,5.0,0.09648303079417825,0.5,-1381.4537193992044,0.04643719806763286,0.04338624338624336]}}
{"op_code":6,"worker_id":"05a584d0-2448-480b-999f-e8db492c1236-22852","trial_id":21,"state":1,"values":[-0.03722940201119238],"datetime_complete":"2026-07-14T11:40:13.337003"}
{"op_code":4,"worker_id":"41afeecd-a2ee-40c8-818c-6b1b090682b8-16052","study_id":0,"datetime_start":"2026-07-14T11:40:11.333778"}
{"op_code":5,"worker_id":"41afeecd-a2ee-40c8-818c-6b1b090682b8-16052","trial_id":98,"param_name":"k_weight","param_value_internal":1.2041713100002873,"distribution":"{\"name\": \"FloatDistribution\", \"attributes\": {\"step\": null, \"low\": 0.0, \"high\": 1.5, \"log\": false}}"}
{"op_code":5,"worker_id":"41afeecd-a2ee-40c8-818c-6b1b090682b8-16052","trial_id":98,"param_name":"unified_alpha","param_value_internal":0.03235140632652992,"distribution":"{\"name\": \"FloatDistribution\", \"attributes\": {\"step\": null, \"low\": 1e-05, \"high\": 10.0, \"log\": true}}"}
{"op_code":5,"worker_id":"41afeecd-a2ee-40c8-818c-6b1b090682b8-16052","trial_id":98,"param_name":"unified_rho","param_value_internal":0.6939223866625353,"distribution":"{\"name\": \"FloatDistribution\", \"attributes\": {\"step\": null, \"low\": 0.0, \"high\": 1.0, \"log\": false}}"}
{"op_code":5,"worker_id":"41afeecd-a2ee-40c8-818c-6b1b090682b8-16052","trial_id":98,"param_name":"unified_gamma","param_value_internal":810.9036588261448,"distribution":"{\"name\": \"FloatDistribution\", \"attributes\": {\"step\": null, \"low\": 1.5, \"high\": 10000.0, \"log\": true}}"}
{"op_code":5,"worker_id":"41afeecd-a2ee-40c8-818c-6b1b090682b8-16052","trial_id":98,"param_name":"huber_delta","param_value_internal":3.9429988853440046,"distribution":"{\"name\": \"FloatDistribution\", \"attributes\": {\"step\": null, \"low\": 0.5, \"high\": 5.0, \"log\": false}}"}
{"op_code":8,"worker_id":"41afeecd-a2ee-40c8-818c-6b1b090682b8-16052","trial_id":98,"user_attr":{"constraints":[-0.11715022414181275,-0.08065799599172631,-0.06666666666666665,0.07424242424242422,0.139288236507831,-23.0,-6.0,0.17171522413731366,0.16666666666666669,-1407.0593875482907,-0.013285024154589375,-0.013756613756613745]}}
{"op_code":8,"worker_id":"41afeecd-a2ee-40c8-818c-6b1b090682b8-16052","trial_id":98,"user_attr":{"pruned_reasons":["M5 (Monotonicity <= 0.25)","M6 (Top-Bottom Spread <= 0)","Side-specific Yearly Tail IC Mean (-0.1717 <= 0)","Side-specific Hit Rate (33.33% < 50%)"]}}
{"op_code":8,"worker_id":"41afeecd-a2ee-40c8-818c-6b1b090682b8-16052","trial_id":98,"user_attr":{"gini":0.5741308499947837}}
{"op_code":8,"worker_id":"41afeecd-a2ee-40c8-818c-6b1b090682b8-16052","trial_id":98,"user_attr":{"cv_is_ics":[0.1668729931116104,0.13945792615413666,0.09619347006082535,0.1810496300458908,0.17606221139431,0.19108591973781586,0.13430358469486237,0.20344237983226776,0.19021838903427124,0.1311597228050232,0.21369242668151855,0.16307620704174042,0.16305412352085114,0.14636409282684326,0.17822887003421783]}}
{"op_code":8,"worker_id":"41afeecd-a2ee-40c8-818c-6b1b090682b8-16052","trial_id":98,"user_attr":{"cv_oos_ics":[-0.04775689169764519,0.16360700130462646,0.15828056633472443,0.0869465172290802,-0.019208263605833054,-0.02597389928996563,-0.01011697482317686,-0.01820294000208378,-0.004932110663503408,0.085881806910038,0.09940990805625916,0.143362358212471,0.11524515599012375,0.06273598968982697,0.08451804518699646]}}
{"op_code":8,"worker_id":"41afeecd-a2ee-40c8-818c-6b1b090682b8-16052","trial_id":98,"user_attr":{"reg_kappa":3.4572559758792782}}
{"op_code":8,"worker_id":"41afeecd-a2ee-40c8-818c-6b1b090682b8-16052","trial_id":98,"user_attr":{"raw_metrics":[0.30185650734617087,0.08065799599172631,0.6666666666666666,0.11715022414181275,0.17575757575757578,-0.139288236507831,-0.3182550573046596,-0.28861895203590393,0.4632850241545894]}}
{"op_code":8,"worker_id":"41afeecd-a2ee-40c8-818c-6b1b090682b8-16052","trial_id":98,"user_attr":{"val_metrics":[0.11027029500816789,-0.15888380826357124,0.793939393939394,0.23048876921335856,-6.277739468601822]}}
{"op_code":8,"worker_id":"41afeecd-a2ee-40c8-818c-6b1b090682b8-16052","trial_id":98,"user_attr":{"deflated_objective":-0.36610625864002855}}
{"op_code":9,"worker_id":"41afeecd-a2ee-40c8-818c-6b1b090682b8-16052","trial_id":98,"system_attr":{"constraints":[-0.11715022414181275,-0.08065799599172631,-0.06666666666666665,0.07424242424242422,0.139288236507831,-23.0,-6.0,0.17171522413731366,0.16666666666666669,-1407.0593875482907,-0.013285024154589375,-0.013756613756613745]}}
{"op_code":6,"worker_id":"41afeecd-a2ee-40c8-818c-6b1b090682b8-16052","trial_id":98,"state":1,"values":[0.09152159593361776],"datetime_complete":"2026-07-14T11:40:13.440385"}
{"op_code":4,"worker_id":"62dbedf2-f21d-49a6-bf82-d742b626d130-8436","study_id":0,"datetime_start":"2026-07-14T11:40:10.001863"}
{"op_code":5,"worker_id":"62dbedf2-f21d-49a6-bf82-d742b626d130-8436","trial_id":99,"param_name":"k_weight","param_value_internal":1.195453169612676,"distribution":"{\"name\": \"FloatDistribution\", \"attributes\": {\"step\": null, \"low\": 0.0, \"high\": 1.5, \"log\": false}}"}
{"op_code":5,"worker_id":"62dbedf2-f21d-49a6-bf82-d742b626d130-8436","trial_id":99,"param_name":"unified_alpha","param_value_internal":0.006664214407744685,"distribution":"{\"name\": \"FloatDistribution\", \"attributes\": {\"step\": null, \"low\": 1e-05, \"high\": 10.0, \"log\": true}}"}
{"op_code":5,"worker_id":"62dbedf2-f21d-49a6-bf82-d742b626d130-8436","trial_id":99,"param_name":"unified_rho","param_value_internal":0.7355107859442154,"distribution":"{\"name\": \"FloatDistribution\", \"attributes\": {\"step\": null, \"low\": 0.0, \"high\": 1.0, \"log\": false}}"}
{"op_code":5,"worker_id":"62dbedf2-f21d-49a6-bf82-d742b626d130-8436","trial_id":99,"param_name":"unified_gamma","param_value_internal":728.7627284899469,"distribution":"{\"name\": \"FloatDistribution\", \"attributes\": {\"step\": null, \"low\": 1.5, \"high\": 10000.0, \"log\": true}}"}
{"op_code":5,"worker_id":"62dbedf2-f21d-49a6-bf82-d742b626d130-8436","trial_id":99,"param_name":"huber_delta","param_value_internal":3.8379648700309037,"distribution":"{\"name\": \"FloatDistribution\", \"attributes\": {\"step\": null, \"low\": 0.5, \"high\": 5.0, \"log\": false}}"}
{"op_code":8,"worker_id":"62dbedf2-f21d-49a6-bf82-d742b626d130-8436","trial_id":99,"user_attr":{"constraints":[-0.11102502266413633,-0.06159980151238124,-0.06666666666666665,0.09848484848484848,0.27040346633300977,-23.0,-6.0,0.11327406150916593,0.16666666666666669,-1406.5205697149265,-0.013285024154589375,0.00502645502645499]}}
{"op_code":8,"worker_id":"62dbedf2-f21d-49a6-bf82-d742b626d130-8436","trial_id":99,"user_attr":{"pruned_reasons":["M5 (Monotonicity <= 0.25)","M6 (Top-Bottom Spread <= 0)","Side-specific Yearly Tail IC Mean (-0.1133 <= 0)","Side-specific Hit Rate (33.33% < 50%)","Side-specific Yearly Daily Win Rate (44.50% < 45%)"]}}
{"op_code":8,"worker_id":"62dbedf2-f21d-49a6-bf82-d742b626d130-8436","trial_id":99,"user_attr":{"gini":0.4456777034612889}}
{"op_code":8,"worker_id":"62dbedf2-f21d-49a6-bf82-d742b626d130-8436","trial_id":99,"user_attr":{"cv_is_ics":[0.16948789358139038,0.15034964680671692,0.09446603804826736,0.18065893650054932,0.17959977686405182,0.19314779341220856,0.1432538628578186,0.20602062344551086,0.19326144456863403,0.14608195424079895,0.21974045038223267,0.1803549975156784,0.15873080492019653,0.1616848260164261,0.1845100224018097]}}
{"op_code":8,"worker_id":"62dbedf2-f21d-49a6-bf82-d742b626d130-8436","trial_id":99,"user_attr":{"cv_oos_ics":[-0.049725987017154694,0.16920243203639984,0.15914568305015564,0.06657080352306366,-0.03188175708055496,-0.023096688091754913,-0.00848144106566906,-0.02377861551940441,-0.01870696060359478,0.0621144138276577,0.08014620840549469,0.1265183538198471,0.09451531618833542,0.06219279393553734,0.06428150087594986]}}
{"op_code":8,"worker_id":"62dbedf2-f21d-49a6-bf82-d742b626d130-8436","trial_id":99,"user_attr":{"reg_kappa":3.5124655633937167}}
{"op_code":8,"worker_id":"62dbedf2-f21d-49a6-bf82-d742b626d130-8436","trial_id":99,"user_attr":{"raw_metrics":[0.24397221585199333,0.06159980151238124,0.6666666666666666,0.11102502266413633,0.15151515151515152,-0.27040346633300977,-0.31591240645606017,-0.347963809967041,0.4632850241545894]}}
{"op_code":8,"worker_id":"62dbedf2-f21d-49a6-bf82-d742b626d130-8436","trial_id":99,"user_attr":{"val_metrics":[0.1336960155287608,0.018622037499643723,0.5515151515151515,0.24109946854412556,-6.693435537661381]}}
{"op_code":8,"worker_id":"62dbedf2-f21d-49a6-bf82-d742b626d130-8436","trial_id":99,"user_attr":{"deflated_objective":-0.48609361403867885}}
{"op_code":9,"worker_id":"62dbedf2-f21d-49a6-bf82-d742b626d130-8436","trial_id":99,"system_attr":{"constraints":[-0.11102502266413633,-0.06159980151238124,-0.06666666666666665,0.09848484848484848,0.27040346633300977,-23.0,-6.0,0.11327406150916593,0.16666666666666669,-1406.5205697149265,-0.013285024154589375,0.00502645502645499]}}
{"op_code":6,"worker_id":"62dbedf2-f21d-49a6-bf82-d742b626d130-8436","trial_id":99,"state":1,"values":[-0.025654345563567424],"datetime_complete":"2026-07-14T11:40:14.107757"}
