date,0,1,2,3,4,5,6,7
2020-11-16,0.50157297,0.28125218,0.12405243,-0.3891418,-0.39311424,0.4052711,0.02502346,0.09966418
2020-11-17,0.28033307,0.2880899,-0.121067576,-0.5629991,-0.3022678,0.09444774,-0.051117904,-0.2631697
2020-11-18,0.21817358,0.2752799,-0.18162116,-0.61270946,-0.28271815,0.021545947,-0.08776558,-0.37375093
2020-11-19,0.11732036,0.31654665,-0.26234606,-0.63699526,-0.22500134,-0.103499144,0.0096921995,-0.4337517
2020-11-20,0.18422818,0.28999445,-0.20789868,-0.62061214,-0.26344797,-0.020375352,-0.050409175,-0.3930995
2020-11-23,0.21617079,0.30224574,-0.1693843,-0.5877325,-0.27548176,0.027740069,-0.017547697,-0.31781703
2020-11-24,0.18180837,0.293867,-0.21686035,-0.619629,-0.25470108,-0.03656096,-0.051931135,-0.39334005
2020-11-25,0.26400703,0.27525395,-0.14328757,-0.5853662,-0.29858917,0.0707544,-0.09237494,-0.3127696
2020-11-26,0.17850232,0.290949,-0.21075492,-0.62235874,-0.26314095,-0.02076149,-0.049995877,-0.39729518
2020-11-27,0.18285424,0.27613947,-0.2191819,-0.6356355,-0.26172766,-0.038344346,-0.08229389,-0.4251784
2020-11-30,0.18051583,0.2954803,-0.21362752,-0.6167368,-0.25542554,-0.031699,-0.044445716,-0.38631332
2020-12-01,0.08454026,0.3154581,-0.2929516,-0.65861577,-0.21190469,-0.14479762,0.0065848455,-0.48231554
2020-12-02,0.1478953,0.30743477,-0.24026674,-0.62728095,-0.24028912,-0.06678797,-0.020769991,-0.41273177
2020-12-03,0.15119559,0.31062573,-0.24318013,-0.6235599,-0.23446292,-0.07583256,-0.018057607,-0.40641296
2020-12-04,0.18397368,0.3043585,-0.20486009,-0.60713446,-0.25812027,-0.01866291,-0.024282694,-0.36494458
2020-12-07,0.16814248,0.2907363,-0.22556818,-0.6291473,-0.25341222,-0.046171162,-0.056525856,-0.412403
2020-12-08,0.18268843,0.30006912,-0.20421997,-0.61154103,-0.26001748,-0.019768436,-0.026035428,-0.37232
2020-12-09,0.26854888,0.26618063,-0.14472,-0.5907103,-0.30097142,0.07042302,-0.116493516,-0.32431272
2020-12-10,0.14886491,0.30057788,-0.24500492,-0.6319009,-0.23843193,-0.07486663,-0.03905555,-0.42218173
2020-12-11,0.14915979,0.28978398,-0.24835855,-0.6436622,-0.24266964,-0.077684164,-0.060822338,-0.44708085
2020-12-14,0.119928956,0.31339347,-0.27133268,-0.64032227,-0.21884063,-0.11839489,-0.007652484,-0.44405085
2020-12-15,0.19634824,0.27983817,-0.19564232,-0.6214047,-0.27393487,-0.002508577,-0.06150744,-0.39136827
2020-12-16,0.21558894,0.29773092,-0.17476371,-0.59359807,-0.2746658,0.022204332,-0.028674148,-0.33311146
2020-12-17,0.089910135,0.33311892,-0.2738279,-0.63851184,-0.21673289,-0.11777361,0.05205396,-0.43686002
2020-12-18,0.24044675,0.28223297,-0.16431293,-0.5925466,-0.2836809,0.037949465,-0.07646005,-0.32983953
2020-12-21,0.062396124,0.3056685,-0.32028568,-0.68096626,-0.20298506,-0.1783164,-0.021709137,-0.5331908
2020-12-22,0.21461916,0.2703907,-0.20222871,-0.6211819,-0.27081203,-0.008371055,-0.1266832,-0.3960352
2020-12-23,0.11687353,0.3222906,-0.25727063,-0.6310944,-0.22639161,-0.09506616,0.02273792,-0.41987467
2020-12-24,0.25171897,0.26862827,-0.15566543,-0.59901536,-0.29618117,0.05502098,-0.10559331,-0.34126168
2020-12-25,0.1660376,0.3099956,-0.22565022,-0.6147076,-0.24403384,-0.05170333,-0.017793156,-0.3842808
2020-12-28,0.20108011,0.29045075,-0.19915509,-0.6106322,-0.26454866,-0.011634331,-0.060136802,-0.37150413
2020-12-29,0.1656784,0.29004365,-0.23442325,-0.63405114,-0.2488518,-0.0593361,-0.06657776,-0.4248082
2020-12-30,0.061780095,0.33840138,-0.29927495,-0.65020037,-0.200466,-0.15753147,0.06825598,-0.46430516
2020-12-31,0.088467576,0.31027055,-0.28648427,-0.6621034,-0.2193009,-0.13435227,0.006730385,-0.48824942
2021-01-04,0.05733618,0.3325661,-0.32489935,-0.6612499,-0.18703824,-0.19105396,0.027261354,-0.49644166
2021-01-05,0.15225126,0.3022842,-0.22613138,-0.62716454,-0.25106484,-0.047821797,-0.011214405,-0.40721977
2021-01-06,0.22991271,0.28052124,-0.16833332,-0.60227877,-0.28573295,0.03353689,-0.06700069,-0.3491541
2021-01-07,0.32599157,0.26276454,-0.09588297,-0.55994475,-0.32529187,0.14033175,-0.122405946,-0.25781298
2021-01-08,0.19546056,0.2964506,-0.19736221,-0.60858923,-0.2630939,-0.014029123,-0.033269234,-0.3646242
2021-01-11,0.14537911,0.2710368,-0.26857996,-0.66505796,-0.23972267,-0.10138527,-0.11667521,-0.4960633
2021-01-12,0.10054215,0.30966985,-0.2793368,-0.65272075,-0.21998441,-0.1256539,-0.0055895895,-0.4672733
2021-01-13,0.21767661,0.28234062,-0.19094121,-0.60972524,-0.2722182,0.0038155466,-0.077680066,-0.37244236
2021-01-14,-0.09582481,0.4197648,-0.45071658,-0.6744554,-0.08920647,-0.37399158,0.17545328,-0.54354554
2021-01-15,0.22977415,0.2591366,-0.17932573,-0.6234106,-0.2866007,0.015151039,-0.10212202,-0.3949681
2021-01-18,-0.017675864,0.35558736,-0.38689262,-0.6844426,-0.14829785,-0.2787427,0.068253905,-0.5511795
2021-01-19,0.26652172,0.2606242,-0.1454672,-0.59409696,-0.30320477,0.07223079,-0.13465652,-0.32881385
2021-01-20,0.0723242,0.30456972,-0.3076552,-0.6775621,-0.20857252,-0.16906789,-0.0048899204,-0.522314
2021-01-21,0.15717302,0.3260209,-0.23077625,-0.6041321,-0.23397186,-0.05941461,0.012192249,-0.364505
2021-01-22,0.1787282,0.31839097,-0.19361532,-0.59757227,-0.2610484,-0.0041840747,0.03335669,-0.34343183
2021-01-25,0.072844535,0.3350064,-0.30413097,-0.6447507,-0.1943399,-0.1643722,0.030368581,-0.45537752
2021-01-26,0.24402791,0.25713113,-0.15605995,-0.612725,-0.30475017,0.061642945,-0.112781115,-0.368882
2021-01-27,0.25300136,0.3064166,-0.14153355,-0.56407386,-0.2857197,0.06408749,-0.01732739,-0.26803213
2021-01-28,0.21259543,0.25363427,-0.19953912,-0.63482004,-0.28188312,0.0019329935,-0.1545811,-0.42079967
2021-01-29,0.24466372,0.28374237,-0.1776645,-0.59227026,-0.27515227,0.023701303,-0.10392771,-0.3370965
2021-02-01,0.21904543,0.27061334,-0.17984404,-0.6155889,-0.28573254,0.024383917,-0.09045091,-0.3784271
2021-02-02,0.12653613,0.306054,-0.2560557,-0.6394101,-0.23273247,-0.09069716,-0.013873473,-0.43796283
2021-02-03,0.20710829,0.2884355,-0.19390947,-0.6073575,-0.2696291,0.0025208555,-0.07409579,-0.36529845
2021-02-04,0.25981152,0.28156352,-0.123466246,-0.58191633,-0.30999562,0.095148884,-0.021901272,-0.30141583
2021-02-05,0.2239922,0.25641036,-0.19210789,-0.62746674,-0.28199744,0.005262263,-0.14741743,-0.4042365
2021-02-08,0.123704925,0.30550295,-0.27396536,-0.6450851,-0.2211425,-0.1171614,-0.036680438,-0.4556374
2021-02-09,0.024403324,0.3454358,-0.33789265,-0.6681234,-0.17995432,-0.20739469,0.0764931,-0.51038176
2021-02-10,0.13460499,0.33180723,-0.241716,-0.6127787,-0.22755912,-0.07884841,0.044345997,-0.3812123
2021-02-18,0.25735506,0.2760876,-0.15102117,-0.58987546,-0.29392368,0.057724707,-0.09029029,-0.3230605
2021-02-19,0.18600726,0.3263538,-0.1815937,-0.5843261,-0.26212138,0.0079531,0.052558504,-0.31264907
2021-02-22,0.29051962,0.23970035,-0.13862234,-0.6006347,-0.31227604,0.080885895,-0.18487135,-0.34275663
2021-02-23,0.11579691,0.30727094,-0.27128762,-0.6461152,-0.22423577,-0.11196335,-0.026229352,-0.45388013
2021-02-24,0.28937185,0.2488088,-0.13116455,-0.59445465,-0.31542346,0.092563815,-0.1535976,-0.32981902
2021-02-25,0.23255576,0.2903476,-0.1710508,-0.5908355,-0.27790916,0.029141843,-0.06439166,-0.32790035
2021-02-26,0.20902649,0.27159414,-0.19342053,-0.62136775,-0.2747771,-0.0023073107,-0.08900812,-0.39185804
2021-03-01,0.08864179,0.31605637,-0.2854512,-0.6544402,-0.21582586,-0.13333327,0.014925145,-0.4726963
2021-03-02,0.2723527,0.26075268,-0.1443124,-0.59388787,-0.30219832,0.069177605,-0.11880486,-0.33103633
2021-03-03,0.14523536,0.3195946,-0.23647544,-0.6177194,-0.23639166,-0.066357546,0.014781311,-0.3925016
2021-03-04,0.2711123,0.26636693,-0.13572419,-0.5884013,-0.3069916,0.08346311,-0.10439577,-0.31715548
2021-03-05,0.10216189,0.32191092,-0.27414918,-0.64291525,-0.21737227,-0.12249798,0.027532585,-0.4485721
2021-03-08,0.38730997,0.21407643,-0.049719777,-0.5636231,-0.3646008,0.20978189,-0.231395,-0.25274235
2021-03-09,0.2852842,0.3030624,-0.124445006,-0.5428871,-0.28990525,0.08946448,-0.058123697,-0.22360702
2021-03-10,0.22403766,0.28877184,-0.1822739,-0.60004467,-0.2730261,0.012854643,-0.06696516,-0.35055298
2021-03-11,0.043619484,0.34735286,-0.32179603,-0.6523508,-0.18350843,-0.19030008,0.06947892,-0.47325963
2021-03-12,0.20784378,0.30316275,-0.1839942,-0.59378886,-0.26771984,0.009410076,-0.022991315,-0.3362549
2021-03-15,0.340727,0.2441473,-0.08839382,-0.56602526,-0.33290046,0.1465941,-0.16381022,-0.26432288
2021-03-16,0.19391914,0.2967307,-0.19430551,-0.60830086,-0.26874456,0.00042227656,-0.03483943,-0.36610597
2021-03-17,0.11064841,0.3039925,-0.27089438,-0.6522427,-0.22657382,-0.11343645,-0.012445569,-0.46605748
2021-03-18,0.15340818,0.2829337,-0.24551162,-0.6472015,-0.24866956,-0.068281636,-0.07779977,-0.45450068
2021-03-19,0.16612116,0.2727829,-0.24332911,-0.6503348,-0.251466,-0.06828567,-0.10361762,-0.4611982
2021-03-22,0.1190875,0.30526376,-0.26328874,-0.6454581,-0.23148605,-0.09672748,-0.019725345,-0.45270073
2021-03-23,0.20760167,0.2688493,-0.19648728,-0.6255555,-0.27722025,-0.0006320961,-0.10810367,-0.40084505
2021-03-24,0.21124665,0.27122733,-0.1930916,-0.6222116,-0.278026,0.0038999654,-0.09896312,-0.39488858
2021-03-25,0.13052979,0.3043586,-0.25952005,-0.6400521,-0.23062217,-0.09650104,-0.032310814,-0.43945223
2021-03-26,0.031647764,0.3527875,-0.32418376,-0.6565578,-0.18327668,-0.19256297,0.09823102,-0.48276383
2021-03-29,0.19230708,0.2858076,-0.21351922,-0.6208524,-0.25806662,-0.032098744,-0.07194799,-0.39564973
2021-03-30,0.1725133,0.28451368,-0.22884852,-0.63320917,-0.2532526,-0.050063327,-0.0735916,-0.42279893
2021-03-31,0.19407405,0.30085966,-0.1955031,-0.6046079,-0.2644017,-0.0048711672,-0.024007663,-0.35905558
2021-04-01,0.09840434,0.30855727,-0.28889722,-0.6565243,-0.21471503,-0.13833186,-0.016688205,-0.47894818
2021-04-02,0.040244266,0.3077288,-0.34266976,-0.69451183,-0.19158044,-0.21072453,-0.017861202,-0.5643324
2021-04-06,0.21071745,0.30234528,-0.1776425,-0.5930697,-0.27140376,0.015673079,-0.015929587,-0.331752
2021-04-07,0.16650283,0.31200027,-0.21224663,-0.61036164,-0.25151196,-0.034013793,0.012296163,-0.37095177
2021-04-08,0.1602929,0.30332702,-0.23005882,-0.62468505,-0.24584332,-0.056140825,-0.026671983,-0.40504187
2021-04-09,0.25380477,0.27400354,-0.15007265,-0.591787,-0.29693425,0.06374601,-0.08984576,-0.32650763
2021-04-12,0.27127406,0.25441208,-0.1392629,-0.598543,-0.31094635,0.08208374,-0.13762492,-0.33732015
2021-04-13,0.16418797,0.28082722,-0.24284708,-0.6425733,-0.24679124,-0.06997072,-0.09083052,-0.444376
2021-04-14,0.14577198,0.30011308,-0.23737302,-0.63478476,-0.24551925,-0.06434895,-0.02099768,-0.42581058
2021-04-15,0.11726126,0.32770297,-0.24576852,-0.62566996,-0.23124644,-0.0824653,0.056148477,-0.4061392
2021-04-16,0.10318373,0.3336474,-0.2565295,-0.62831414,-0.2243925,-0.09584813,0.0639758,-0.41293824
2021-04-19,0.07216917,0.32734,-0.30921412,-0.65638506,-0.19579586,-0.17256844,0.024839282,-0.48185444
2021-04-20,0.17833398,0.29063937,-0.21591344,-0.62242377,-0.2579265,-0.032164477,-0.058392905,-0.39730036
2021-04-21,0.15021801,0.31587818,-0.23724544,-0.6188774,-0.23622173,-0.06889507,-0.0021299422,-0.3938496
2021-04-22,0.096285,0.31231543,-0.28721714,-0.6552408,-0.21606946,-0.13434622,-0.010184608,-0.4755717
2021-04-23,0.14887753,0.29359433,-0.24735385,-0.640354,-0.24013427,-0.080175534,-0.04799284,-0.43968034
2021-04-26,0.14246158,0.28391495,-0.2659551,-0.65385944,-0.23422632,-0.10167548,-0.08837131,-0.47186023
2021-04-27,0.17292202,0.3192112,-0.19848421,-0.59986866,-0.25653595,-0.015779093,0.03407792,-0.3466035
2021-04-28,0.119452745,0.30806446,-0.26597047,-0.644712,-0.22659573,-0.106723405,-0.007758543,-0.45197362
2021-04-29,0.17984176,0.29129007,-0.20376383,-0.62093747,-0.26762217,-0.011418797,-0.034334823,-0.39298648
2021-04-30,0.17369153,0.29975113,-0.22353,-0.62031776,-0.24864471,-0.047735132,-0.0315608,-0.39761168
2021-05-06,0.21105789,0.28731307,-0.17553517,-0.60339445,-0.27970868,0.024024963,-0.040066034,-0.35210598
2021-05-07,0.3377975,0.2282522,-0.09878098,-0.5827596,-0.33722422,0.14133081,-0.21185434,-0.30119807
2021-05-10,0.22984734,0.2800687,-0.18043965,-0.6038569,-0.27590457,0.01318761,-0.082707174,-0.35630536
2021-05-11,0.124480665,0.33267888,-0.24745154,-0.617627,-0.22621942,-0.08481133,0.046801038,-0.39171976
2021-05-12,0.10063167,0.31931436,-0.27175236,-0.6456995,-0.2211034,-0.11765804,0.03068208,-0.45282537
2021-05-13,0.13711905,0.31243598,-0.2599027,-0.63170016,-0.22540605,-0.098793834,-0.022026673,-0.42680526
2021-05-14,0.0734068,0.3385975,-0.29626983,-0.6446829,-0.2002823,-0.15369338,0.057487383,-0.4547621
2021-05-17,0.044997923,0.30917862,-0.34365547,-0.68993044,-0.18917005,-0.21082741,-0.027298212,-0.55666786
2021-05-18,0.20934017,0.2879802,-0.18645307,-0.6065923,-0.27331045,0.008884251,-0.055161864,-0.3612727
2021-05-19,0.1316977,0.29442912,-0.2598639,-0.64805526,-0.23500082,-0.09452096,-0.049842678,-0.45584595
2021-05-20,0.1287626,0.2987239,-0.25855193,-0.6466295,-0.23592716,-0.09027329,-0.035607904,-0.45459628
2021-05-21,0.2349382,0.27943045,-0.16351181,-0.5989926,-0.2897911,0.044927187,-0.078394614,-0.34215975
2021-05-24,0.076906405,0.34842113,-0.29247028,-0.6338643,-0.19804677,-0.1473032,0.07380395,-0.43445826
2021-05-25,0.009265905,0.33610058,-0.35577485,-0.6857117,-0.17420349,-0.23353675,0.05325383,-0.54726434
2021-05-26,0.18865952,0.28608638,-0.20339221,-0.6209895,-0.26639518,-0.016817868,-0.0540618,-0.39132744
2021-05-27,0.022014564,0.32776934,-0.36012295,-0.6879046,-0.17264535,-0.23901063,0.01420036,-0.55535823
2021-05-28,0.20268665,0.25807697,-0.21410263,-0.63844925,-0.27231258,-0.018375639,-0.15113704,-0.43265343
2021-05-31,0.02972194,0.3269099,-0.3417757,-0.68311316,-0.18468744,-0.21329287,0.034188047,-0.5406372
2021-06-01,0.10502942,0.3057958,-0.28193396,-0.65484655,-0.22246647,-0.11969803,-0.029676497,-0.47662067
2021-06-02,0.2961579,0.2537584,-0.12735175,-0.58611375,-0.31252393,0.09250695,-0.14654592,-0.31194884
2021-06-03,0.17601046,0.3062407,-0.22248662,-0.6084201,-0.24518472,-0.041807927,-0.04616627,-0.37150317
2021-06-04,0.06993066,0.29724115,-0.31943476,-0.6835117,-0.20589279,-0.17728376,-0.05574768,-0.5355175
2021-06-07,0.2244067,0.26656345,-0.17789033,-0.61840695,-0.28652632,0.020897761,-0.09474101,-0.3831116
2021-06-08,0.2771696,0.25321355,-0.13849062,-0.59725606,-0.31021234,0.082703285,-0.13514993,-0.33826596
2021-06-09,0.15177602,0.2832723,-0.25217292,-0.64832044,-0.2448467,-0.07540557,-0.085967176,-0.45983243
2021-06-10,0.07936896,0.3276873,-0.29786703,-0.6509049,-0.20450348,-0.15072642,0.024073213,-0.468696
2021-06-11,0.19141926,0.31074238,-0.20196554,-0.59936196,-0.2536323,-0.02313441,-0.011008874,-0.3490948
2021-06-15,0.11858685,0.31105322,-0.28086796,-0.6447894,-0.2148261,-0.13117564,-0.037518583,-0.45332223
2021-06-16,0.33611012,0.2500225,-0.07600832,-0.5616947,-0.3420137,0.17113867,-0.13249591,-0.25573295
2021-06-17,-0.092063844,0.3855996,-0.40523186,-0.69930595,-0.13528073,-0.31231672,0.21668544,-0.5774915
2021-06-18,0.11903918,0.29482883,-0.2612778,-0.65601826,-0.23728937,-0.09595877,-0.020535871,-0.47290182
2021-06-21,0.023227258,0.32124454,-0.34880313,-0.6900631,-0.18193997,-0.22471452,0.023981944,-0.55393416
2021-06-22,0.19661906,0.30544102,-0.20574978,-0.60083663,-0.25261647,-0.025541922,-0.03431359,-0.35425878
2021-06-23,0.12068893,0.30603397,-0.27752337,-0.64554673,-0.2166653,-0.12715861,-0.035801947,-0.45514625
2021-06-24,0.26678455,0.2757445,-0.13170148,-0.5825796,-0.30552506,0.08487905,-0.07288357,-0.30338755
2021-06-25,0.06625226,0.34286636,-0.29105458,-0.6440951,-0.20490323,-0.14281964,0.082083456,-0.4524749
2021-06-28,0.08346162,0.28733867,-0.31821832,-0.68646497,-0.20852883,-0.17516887,-0.079126224,-0.5450839
2021-06-29,0.16895068,0.30255863,-0.21331462,-0.61894846,-0.2575281,-0.029437847,-0.018628255,-0.38923293
2021-06-30,0.07192096,0.29486534,-0.3192644,-0.68266606,-0.2058462,-0.17511544,-0.06031713,-0.5352161
2021-07-01,0.20198087,0.29917982,-0.17505702,-0.5961695,-0.27463797,0.019438319,-0.011144429,-0.33382225
2021-07-02,0.25167504,0.29525474,-0.15512893,-0.5759767,-0.28099677,0.04542104,-0.055901743,-0.29514226
2021-07-05,0.085213795,0.29639846,-0.2982384,-0.6790338,-0.22063485,-0.14561635,-0.027569026,-0.52759844
2021-07-06,0.42133173,0.18678156,-0.021519765,-0.56424403,-0.38817492,0.2529734,-0.27388558,-0.24979414
2021-07-07,-0.03447321,0.3521697,-0.39600825,-0.6986462,-0.14698824,-0.2940611,0.078973114,-0.57962745
2021-07-08,0.0527466,0.30599833,-0.33714098,-0.6892693,-0.19430128,-0.20088938,-0.023729578,-0.5565866
2021-07-09,0.19240795,0.32530025,-0.18210612,-0.58316463,-0.2601714,0.002658058,0.04427643,-0.3104325
2021-07-12,0.12730658,0.31672785,-0.25683174,-0.62897825,-0.22536385,-0.09575739,0.004226126,-0.417557
2021-07-13,0.23849422,0.2645346,-0.16055101,-0.6120272,-0.2988457,0.049096458,-0.09413131,-0.36788
2021-07-14,0.21188763,0.2996351,-0.18143454,-0.5932834,-0.27048835,0.014865287,-0.042397052,-0.33287877
2021-07-15,0.16625859,0.30519742,-0.20806193,-0.6175369,-0.2609315,-0.020923816,0.007421188,-0.38659477
2021-07-16,0.29456973,0.26370722,-0.11725911,-0.5748319,-0.3163181,0.11178555,-0.12011039,-0.28797942
2021-07-19,0.16354023,0.28666678,-0.22889787,-0.635161,-0.25537425,-0.044623185,-0.058549352,-0.427934
2021-07-20,0.112223536,0.31227428,-0.26288518,-0.6447379,-0.23052469,-0.097959526,0.006629415,-0.45051467
2021-07-21,-0.018664794,0.34668875,-0.38914558,-0.6936027,-0.15119249,-0.2805518,0.053530827,-0.5711283
2021-07-22,0.11203392,0.3392838,-0.2478328,-0.6181743,-0.2254256,-0.08541301,0.07944702,-0.39191484
2021-07-23,0.2859859,0.25921023,-0.1192352,-0.5861916,-0.31607625,0.0994763,-0.09950069,-0.30812746
2021-07-26,0.3060305,0.23999828,-0.09660453,-0.59291047,-0.3384413,0.13531658,-0.11075738,-0.3205895
2021-07-27,0.015867805,0.3251838,-0.3925936,-0.6915246,-0.1521714,-0.27772328,-0.06913425,-0.5702181
2021-07-28,0.23646629,0.2655585,-0.18372011,-0.61083317,-0.27404246,0.00036962703,-0.10995737,-0.36967432
2021-07-29,-0.0005138833,0.371881,-0.34001487,-0.6568918,-0.16818869,-0.22031593,0.1507524,-0.4828807
2021-07-30,0.18244334,0.3030987,-0.22496939,-0.6149616,-0.24413922,-0.05242368,-0.03390196,-0.3905794
2021-08-02,0.18816799,0.27805263,-0.19538617,-0.6298382,-0.27807727,-0.002263695,-0.048558854,-0.40798032
2021-08-03,0.22904257,0.28556383,-0.18072113,-0.5978238,-0.274256,0.018253379,-0.08406466,-0.34646988
2021-08-04,0.0021946374,0.33705273,-0.35421053,-0.68662757,-0.17635195,-0.22896567,0.061240047,-0.5469087
2021-08-05,0.15813053,0.31121886,-0.23460972,-0.6170032,-0.23936549,-0.060908496,-0.023504443,-0.3905933
2021-08-06,0.33332378,0.24424213,-0.07988463,-0.5691877,-0.34146467,0.16214815,-0.1346618,-0.26984674
2021-08-09,0.13216934,0.33243084,-0.23765159,-0.6129693,-0.23140147,-0.07211734,0.05003237,-0.3793335
2021-08-10,0.14307076,0.2894132,-0.2489121,-0.64696,-0.24428698,-0.07734828,-0.057948023,-0.45191872
2021-08-11,0.18184926,0.31910253,-0.21111529,-0.5974522,-0.24743211,-0.029632855,-0.0042929426,-0.3492577
2021-08-12,0.11941317,0.28671068,-0.2638988,-0.6617122,-0.24076435,-0.09332939,-0.054510817,-0.48354405
2021-08-13,0.24408764,0.25527778,-0.17036682,-0.6142672,-0.29165283,0.033520356,-0.13375677,-0.37436342
2021-08-16,0.14371881,0.29723763,-0.25920236,-0.6404319,-0.23158985,-0.0962017,-0.058526315,-0.4426756
2021-08-17,0.28513056,0.24271518,-0.14462519,-0.60246587,-0.30901828,0.07390911,-0.18408605,-0.348934
2021-08-18,0.2059515,0.26873288,-0.20157295,-0.62616444,-0.27292314,-0.009159215,-0.107966565,-0.40302396
2021-08-19,0.016069306,0.3549127,-0.34439623,-0.6647792,-0.17254063,-0.21838489,0.08358747,-0.5031635
2021-08-20,0.22819285,0.25193906,-0.17923683,-0.6278919,-0.29183623,0.02352067,-0.12364675,-0.4041856
2021-08-23,0.05903008,0.32093936,-0.31403315,-0.6677453,-0.1985853,-0.17697188,0.018880464,-0.50185066
2021-08-24,0.12207252,0.30729482,-0.26425517,-0.64146864,-0.22689849,-0.10411805,-0.022024639,-0.44241703
2021-08-25,0.30127773,0.28506118,-0.10023181,-0.55212677,-0.3144971,0.1265403,-0.055585872,-0.23894723
2021-08-26,0.31260636,0.2483154,-0.10053688,-0.5788522,-0.3310374,0.1328136,-0.14153497,-0.29127038
2021-08-27,0.22968036,0.25489122,-0.1859596,-0.6244595,-0.28499272,0.013657935,-0.14153099,-0.39797497
2021-08-30,0.27862775,0.23331961,-0.15567808,-0.61374664,-0.30552706,0.058186054,-0.19896498,-0.37384558
2021-08-31,0.32105592,0.27232763,-0.07575278,-0.54829234,-0.33070782,0.15967208,-0.06560288,-0.22746533
2021-09-01,0.20625901,0.3210201,-0.17201321,-0.57523966,-0.26713982,0.026569344,0.02529841,-0.29599565
2021-09-02,0.29489297,0.25901327,-0.118398115,-0.5797216,-0.3165643,0.107039236,-0.12143051,-0.29798263
2021-09-03,0.13583902,0.3037923,-0.23646003,-0.63265496,-0.2485882,-0.052973405,-0.01816281,-0.42014575
2021-09-06,0.022433618,0.34332865,-0.34637097,-0.67267245,-0.1743966,-0.2227239,0.062454566,-0.5209904
2021-09-07,0.14122927,0.29842934,-0.24465069,-0.6394551,-0.24284372,-0.072460376,-0.028679378,-0.4373244
2021-09-08,0.28790238,0.26998997,-0.11750678,-0.57586426,-0.31370917,0.104347445,-0.090144806,-0.28849733
2021-09-09,0.22088167,0.27071607,-0.17398354,-0.6154251,-0.29004204,0.032104112,-0.08225653,-0.37754267
2021-09-10,0.037479527,0.36208445,-0.32363293,-0.6454707,-0.17796238,-0.19303766,0.103646755,-0.46169412
2021-09-13,0.3167737,0.2566161,-0.094477236,-0.5681493,-0.32994306,0.14134836,-0.120938934,-0.2696606
2021-09-14,0.11307582,0.2838972,-0.28664806,-0.6695172,-0.22712421,-0.12601939,-0.08764871,-0.5050826
2021-09-15,0.21747057,0.2950811,-0.17645913,-0.5940769,-0.2732198,0.018210068,-0.038705617,-0.33346415
2021-09-16,0.29060364,0.26402503,-0.11751656,-0.5783669,-0.31691462,0.10817758,-0.10933297,-0.29343933
2021-09-17,0.14435686,0.32738003,-0.21826729,-0.61022073,-0.24545798,-0.043366183,0.06166877,-0.37147027
2021-09-22,0.11611569,0.30090082,-0.2746113,-0.65382993,-0.22627315,-0.11506717,-0.037532054,-0.47185123
2021-09-23,0.14975896,0.2926334,-0.24348208,-0.63824785,-0.24242097,-0.073820114,-0.05100265,-0.43313098
2021-09-24,0.12446737,0.28827867,-0.27524447,-0.6588917,-0.2279728,-0.11747456,-0.07077913,-0.4811421
2021-09-27,0.24238321,0.25724617,-0.1559023,-0.61533254,-0.30334002,0.053123303,-0.105004735,-0.37118572
2021-09-28,0.21882349,0.27164322,-0.1881243,-0.61494374,-0.27677673,0.007761743,-0.09987294,-0.37898892
2021-09-29,0.14043392,0.30704027,-0.23437989,-0.6287985,-0.24483433,-0.06019789,-0.005537972,-0.40972567
2021-09-30,0.08624398,0.32075423,-0.28638193,-0.651932,-0.21437639,-0.13375095,0.019128323,-0.46753657
2021-10-08,0.23058017,0.28102738,-0.16317463,-0.59976876,-0.289143,0.04265526,-0.06469211,-0.342533
2021-10-11,0.22879092,0.2633591,-0.18073782,-0.6157111,-0.28501704,0.021824516,-0.12254436,-0.37856227
2021-10-12,0.3278786,0.22793579,-0.10689433,-0.5897679,-0.33375767,0.12850115,-0.2019349,-0.31837934
2021-10-13,0.05556278,0.32199895,-0.31064886,-0.6693514,-0.2034933,-0.1673505,0.02947066,-0.50598085
2021-10-14,0.13824502,0.29625747,-0.2490933,-0.6431787,-0.2422482,-0.07596527,-0.037883967,-0.44588602
2021-10-15,0.10116276,0.32193023,-0.28377458,-0.64345807,-0.21040785,-0.13604927,0.007462591,-0.45081097
2021-10-18,0.24674192,0.29225054,-0.14367646,-0.5804984,-0.2932855,0.06573559,-0.02656538,-0.3019063
2021-10-19,0.10250225,0.32129678,-0.27549824,-0.64249045,-0.21839762,-0.11808609,0.014892198,-0.44842714
2021-10-20,0.15979932,0.30796757,-0.23194572,-0.61993986,-0.2431468,-0.055769734,-0.02427347,-0.39719057
2021-10-21,0.21611203,0.2691473,-0.18820912,-0.62031925,-0.28070584,0.010029636,-0.10101322,-0.38944185
2021-10-22,0.13764724,0.3036785,-0.2539783,-0.6359647,-0.23311809,-0.08739975,-0.03272885,-0.43213552
2021-10-25,0.12621483,0.32043555,-0.2509576,-0.6292326,-0.23044091,-0.08722726,0.021231718,-0.416691
2021-10-26,0.20178105,0.27940774,-0.20672408,-0.6206513,-0.26548266,-0.01786922,-0.092621066,-0.39491308
2021-10-27,0.24572346,0.28051093,-0.154771,-0.591812,-0.2911661,0.052175738,-0.06713635,-0.32712108
2021-10-28,0.16197395,0.29016435,-0.23314565,-0.6350044,-0.25071836,-0.0557685,-0.0582387,-0.42679012
2021-10-29,0.018527625,0.34179163,-0.3410501,-0.674307,-0.17899589,-0.21602881,0.07403819,-0.520575
2021-11-01,0.11000624,0.32210284,-0.28060174,-0.6397383,-0.21240158,-0.12886554,-0.0009160042,-0.44515806
2021-11-02,0.19677545,0.26161838,-0.22080529,-0.6417803,-0.26628315,-0.034710504,-0.13247578,-0.44113338
2021-11-03,0.2316352,0.2801262,-0.16314828,-0.60123897,-0.29026988,0.044022247,-0.0581756,-0.34824204
2021-11-04,0.14834905,0.2828922,-0.25084436,-0.6508863,-0.2452949,-0.07849733,-0.07604674,-0.4623952
2021-11-05,0.23009504,0.27965423,-0.17828545,-0.6025952,-0.27815944,0.019439146,-0.08963252,-0.35283625
2021-11-08,0.15611316,0.31707236,-0.22283763,-0.61284167,-0.24498877,-0.047436096,0.012800343,-0.37811846
2021-11-09,0.08424492,0.3289092,-0.28335133,-0.64575565,-0.21273687,-0.1316247,0.039957017,-0.4533292
2021-11-10,0.18054321,0.3082562,-0.19662635,-0.6043863,-0.26340163,-0.0052134916,0.0019068792,-0.3571396
2021-11-11,0.06632962,0.33189124,-0.30370662,-0.65377057,-0.2020742,-0.15571204,0.03589396,-0.47525018
2021-11-12,0.1433205,0.30393222,-0.23987836,-0.63277143,-0.24179178,-0.069815636,-0.012458719,-0.42202926
2021-11-15,0.21619053,0.27836993,-0.18269198,-0.61097854,-0.2787555,0.013626032,-0.07621015,-0.36815637
2021-11-16,0.19755028,0.27886063,-0.20881405,-0.62201226,-0.2640007,-0.020865075,-0.08983044,-0.39779747
2021-11-17,0.099541515,0.3304102,-0.27531832,-0.63602555,-0.2138525,-0.12214077,0.03655131,-0.43436354
2021-11-18,0.17408325,0.31414363,-0.21084541,-0.60433066,-0.25080916,-0.029566662,-0.0011296049,-0.36012936
2021-11-19,0.08573258,0.314182,-0.28752682,-0.6598463,-0.21779358,-0.1346632,0.009179793,-0.48380655
2021-11-22,0.028629849,0.3217623,-0.34557125,-0.68745774,-0.18479356,-0.2158519,0.015438959,-0.5503884
2021-11-23,0.16020486,0.29311258,-0.23563835,-0.6332039,-0.24794161,-0.058038644,-0.053796947,-0.4246912
2021-11-24,0.16958506,0.28656143,-0.22521564,-0.6320279,-0.2557765,-0.043662675,-0.06691314,-0.41876358
2021-11-25,0.17331836,0.29414952,-0.2143372,-0.62200284,-0.25773892,-0.03210139,-0.038078688,-0.3950621
2021-11-26,0.19377437,0.290597,-0.19241455,-0.61364347,-0.27188164,0.0006906912,-0.03638404,-0.3753698
2021-11-29,0.099722445,0.29770714,-0.29223844,-0.6669394,-0.21912986,-0.13790557,-0.04304099,-0.5024457
2021-11-30,0.19597948,0.2937407,-0.20755218,-0.61151254,-0.2592157,-0.021284483,-0.060784794,-0.37650424
2021-12-01,0.24457115,0.27348432,-0.15808988,-0.5985983,-0.2935241,0.05156207,-0.08734452,-0.3413974
2021-12-02,0.24687734,0.26860425,-0.15121272,-0.5993704,-0.29976335,0.06270798,-0.09266582,-0.34017938
2021-12-03,0.12540565,0.30158594,-0.25518918,-0.6457647,-0.23676646,-0.089223385,-0.016152874,-0.44993174
2021-12-06,0.28025106,0.28077054,-0.1268841,-0.5690129,-0.30219185,0.09001648,-0.08054472,-0.27677643
2021-12-07,0.2994768,0.26971838,-0.104444765,-0.5680661,-0.32138354,0.12640971,-0.086385086,-0.27236187
2021-12-08,0.104354456,0.31980827,-0.2787928,-0.64462405,-0.21590748,-0.12627202,0.010041788,-0.45348042
2021-12-09,0.08549422,0.33595785,-0.290238,-0.6402239,-0.20232582,-0.14739254,0.048494704,-0.44551903
2021-12-10,0.10557106,0.32379693,-0.2707092,-0.63753694,-0.21839371,-0.11551501,0.02447471,-0.4359449
2021-12-13,0.1654767,0.3072568,-0.22552422,-0.617093,-0.24583262,-0.04945814,-0.022495449,-0.38946027
2021-12-14,0.16706894,0.28264725,-0.23401341,-0.63755536,-0.25219828,-0.05469574,-0.08118827,-0.4324627
2021-12-15,0.20272447,0.2782118,-0.20186558,-0.62001145,-0.26859793,-0.011307046,-0.08978181,-0.39175606
2021-12-16,0.1747324,0.2929539,-0.2149753,-0.6235455,-0.25890446,-0.031000866,-0.040038235,-0.39964134
2021-12-17,0.26817042,0.27224693,-0.13487855,-0.58514404,-0.3052618,0.08300207,-0.08843429,-0.30979863
2021-12-20,0.2680532,0.25682276,-0.142931,-0.5986658,-0.30855152,0.07879036,-0.13388053,-0.3395121
2021-12-21,0.1323362,0.30149326,-0.2425156,-0.6400989,-0.24507654,-0.06807411,-0.011506341,-0.43580872
2021-12-22,0.18130194,0.28732657,-0.2188653,-0.62503815,-0.25599712,-0.03882969,-0.06589054,-0.40367824
2021-12-23,0.1746408,0.30053243,-0.2155939,-0.61726516,-0.25374612,-0.035713796,-0.026267193,-0.38806862
2021-12-24,0.24209881,0.28273705,-0.15647739,-0.59158635,-0.29131344,0.054250807,-0.06779245,-0.3272832
2021-12-27,0.20482913,0.27831995,-0.19794407,-0.6200351,-0.27191165,-0.0054174885,-0.08133182,-0.39147627
2021-12-28,0.14615272,0.31014305,-0.23861319,-0.62651384,-0.23982844,-0.068111956,-0.004746221,-0.4100688
2021-12-29,0.21492624,0.28757116,-0.1768629,-0.60361534,-0.2793091,0.021635137,-0.04774206,-0.35333055
2021-12-30,0.099935815,0.30301988,-0.29387888,-0.6626458,-0.21450783,-0.14373004,-0.036369637,-0.4934373
2021-12-31,0.10574045,0.31479234,-0.2746676,-0.6469945,-0.22093838,-0.119119085,0.0029648095,-0.45624256
2022-01-04,0.29899317,0.29040033,-0.094093256,-0.5462467,-0.3164241,0.13542035,-0.040993553,-0.22461513
2022-01-05,0.3178367,0.26148313,-0.09675582,-0.56542957,-0.3249919,0.1331828,-0.108946376,-0.2662773
2022-01-06,0.16702433,0.3206757,-0.21361223,-0.6026964,-0.24751177,-0.03342973,0.012419365,-0.35710067
2022-01-07,0.22688638,0.28261366,-0.16866127,-0.5998289,-0.28549498,0.03668195,-0.073139735,-0.34330833
2022-01-10,0.13461715,0.30852094,-0.25941113,-0.6338412,-0.22586551,-0.09992991,-0.021083869,-0.4281578
2022-01-11,0.28464824,0.27162528,-0.12127912,-0.57438374,-0.3110245,0.10221311,-0.09381779,-0.2871868
2022-01-12,0.1087147,0.3080246,-0.26516864,-0.64930665,-0.22979236,-0.10457435,0.0038303211,-0.45771962
2022-01-13,0.24708346,0.28585017,-0.16278893,-0.5863602,-0.28068477,0.036646314,-0.07376367,-0.31789285
2022-01-14,0.06927082,0.3134896,-0.30785954,-0.66945034,-0.20572871,-0.1646344,0.000298284,-0.50575
2022-01-17,0.061755434,0.32080588,-0.3140583,-0.6674025,-0.20001215,-0.17205492,0.012944683,-0.50459844
2022-01-18,0.17267287,0.26290217,-0.23445281,-0.65283734,-0.25969824,-0.055432905,-0.11475439,-0.46333885
2022-01-19,0.24055874,0.27219,-0.16443345,-0.6015043,-0.28930068,0.041405655,-0.09027508,-0.3481086
2022-01-20,0.24474329,0.2742748,-0.15985996,-0.5965341,-0.29163057,0.050096646,-0.095844336,-0.3367086
2022-01-21,0.22260782,0.28213274,-0.1735079,-0.603327,-0.28225282,0.026982695,-0.06603037,-0.35243374
2022-01-24,0.08867717,0.31353185,-0.29196033,-0.6589129,-0.21527314,-0.13748863,-0.00852976,-0.4841894
2022-01-25,0.2546045,0.2642319,-0.15459818,-0.6012737,-0.29835,0.05781225,-0.116030976,-0.3465178
2022-01-26,0.22023101,0.29095092,-0.16883415,-0.5982747,-0.281624,0.029620558,-0.02952081,-0.34085417
2022-01-27,0.27562538,0.26224703,-0.12984599,-0.5893873,-0.31271043,0.09332628,-0.11142218,-0.31820813
2022-01-28,0.2063235,0.3096903,-0.18704286,-0.5900565,-0.26337686,0.003833823,-0.025971316,-0.32730258
2022-02-07,0.25183135,0.2730503,-0.14731394,-0.5937991,-0.30050814,0.068642214,-0.085715294,-0.32930088
2022-02-08,0.32057047,0.26290604,-0.073922664,-0.55673754,-0.3378375,0.16543862,-0.07928689,-0.2426193
2022-02-09,0.16677512,0.31333423,-0.21410447,-0.6107331,-0.25111443,-0.03460428,0.011186518,-0.37408137
2022-02-10,0.30934244,0.26531813,-0.10445643,-0.5673192,-0.32070038,0.1238573,-0.1046539,-0.27162004
2022-02-11,0.23397183,0.27239177,-0.17362563,-0.60676587,-0.28536442,0.029746942,-0.1000773,-0.36115426
2022-02-14,0.16032499,0.2791444,-0.24121475,-0.64502954,-0.25004372,-0.065378584,-0.08848293,-0.4483357
2022-02-15,0.038083002,0.32565668,-0.34161544,-0.6795884,-0.18275915,-0.21437958,0.019314557,-0.5342096
2022-02-16,0.2080707,0.29071563,-0.19432251,-0.60586476,-0.2661115,-0.0045764744,-0.06327912,-0.36159337
2022-02-17,0.088148996,0.3206001,-0.29758883,-0.6522815,-0.20538643,-0.1502365,-0.0023121834,-0.4725871
2022-02-18,0.16879143,0.29592872,-0.2267859,-0.62522477,-0.24975926,-0.049718976,-0.04291916,-0.40639442
2022-02-21,0.21882038,0.28316352,-0.17660235,-0.6046061,-0.2817559,0.02630537,-0.067847565,-0.3555509
2022-02-22,0.189131,0.30993763,-0.20745002,-0.6019544,-0.25116873,-0.02909961,-0.014590301,-0.35678667
2022-02-23,-0.06526322,0.34443507,-0.43215683,-0.72588867,-0.13367687,-0.33982047,0.05074866,-0.6411188
2022-02-24,0.24640492,0.23464489,-0.18459478,-0.6357337,-0.29350287,0.017544918,-0.19366156,-0.4214282
2022-02-25,0.1531718,0.2810046,-0.2484226,-0.64784384,-0.24376011,-0.08088538,-0.079251066,-0.45397824
2022-02-28,0.1532057,0.30472884,-0.22772187,-0.6253455,-0.24664581,-0.05579017,-0.0062215477,-0.40289652
2022-03-01,0.23475799,0.28855982,-0.156796,-0.5904141,-0.2881312,0.048484072,-0.04205826,-0.32327285
2022-03-02,0.16713123,0.3194786,-0.21326923,-0.60401547,-0.24789998,-0.03461765,0.017993413,-0.35981905
2022-03-03,0.27812985,0.27441326,-0.1291331,-0.5757674,-0.3040943,0.088241555,-0.08791144,-0.2906222
2022-03-04,0.17129202,0.25137883,-0.24809042,-0.6652448,-0.25643313,-0.071935475,-0.1608949,-0.49146366
2022-03-07,0.31688362,0.2700246,-0.100850925,-0.5566564,-0.3159555,0.12329868,-0.10298752,-0.24713586
2022-03-08,0.25747526,0.27014863,-0.12860703,-0.5900291,-0.31344298,0.0935554,-0.08620754,-0.31164086
2022-03-09,0.32940376,0.22185755,-0.11233692,-0.5989313,-0.33591777,0.12520447,-0.20805019,-0.3433764
2022-03-10,0.16974162,0.29351985,-0.23128363,-0.6292323,-0.24964339,-0.051891305,-0.058073692,-0.41781998
2022-03-11,0.114624366,0.31672564,-0.24026999,-0.6381693,-0.24327704,-0.06973822,0.06076298,-0.43083405
2022-03-14,0.24199817,0.2727845,-0.1646156,-0.59876394,-0.28925374,0.04394497,-0.104052976,-0.34181315
2022-03-15,0.17653784,0.26554126,-0.25628406,-0.6494553,-0.23824447,-0.09471117,-0.15604958,-0.45983928
2022-03-16,0.09496456,0.37014478,-0.21380259,-0.59517884,-0.23741987,-0.042805478,0.20903078,-0.331347
2022-03-17,0.12904063,0.30131418,-0.2689192,-0.6420766,-0.22609949,-0.10469062,-0.05765214,-0.44632632
2022-03-18,0.14486745,0.31015357,-0.2292006,-0.6267541,-0.24676502,-0.055941835,0.014204532,-0.40697277
2022-03-21,0.14004286,0.2854783,-0.2558844,-0.65361303,-0.23975933,-0.09258864,-0.057511896,-0.467721
2022-03-22,0.2189594,0.28784958,-0.17337689,-0.5994345,-0.28033543,0.027626581,-0.05517324,-0.3435033
2022-03-23,0.14331385,0.3007451,-0.2509107,-0.6362544,-0.23514217,-0.08596906,-0.035744928,-0.4314791
2022-03-24,0.1549196,0.32674906,-0.21914044,-0.60476804,-0.2423212,-0.045422178,0.038358845,-0.3613357
2022-03-25,0.30271333,0.24209538,-0.118502915,-0.59205264,-0.3243233,0.11026508,-0.16294436,-0.323403
2022-03-28,0.21419829,0.27781248,-0.19268677,-0.6140948,-0.27257773,-4.1354448e-05,-0.08963058,-0.37875628
2022-03-29,0.22995517,0.272271,-0.1698672,-0.6078808,-0.28889045,0.03549245,-0.0935598,-0.3604269
2022-03-30,0.042694636,0.32396752,-0.32290438,-0.67536414,-0.19618843,-0.18536204,0.032000124,-0.5198917
2022-03-31,0.26836616,0.2741856,-0.13209426,-0.58214426,-0.3046897,0.084149934,-0.07674977,-0.30296963
2022-04-01,0.14601436,0.30065227,-0.24892128,-0.63495314,-0.23520342,-0.0854661,-0.035111368,-0.42785722
2022-04-06,0.3249255,0.26858044,-0.09142065,-0.5533673,-0.32355422,0.14163771,-0.10858102,-0.23993365
2022-04-07,0.24083248,0.27594742,-0.16172093,-0.5995169,-0.29112583,0.0459724,-0.08411383,-0.34459734
2022-04-08,0.21800254,0.30630377,-0.18380105,-0.5880346,-0.26360005,0.0034649596,-0.035436206,-0.32290024
2022-04-11,0.33219978,0.26488078,-0.08044985,-0.55157197,-0.33149213,0.15897536,-0.11027912,-0.23500393
2022-04-12,0.13300417,0.32500017,-0.22403416,-0.6188615,-0.24660188,-0.048538588,0.059958555,-0.3864299
2022-04-13,0.2379601,0.29733533,-0.16252427,-0.58102477,-0.27831814,0.03729047,-0.05103322,-0.30460435
2022-04-14,0.123554766,0.3288898,-0.2310318,-0.61931026,-0.24007234,-0.060080357,0.065064885,-0.38750124
2022-04-15,0.10877472,0.32844067,-0.24844357,-0.628431,-0.22955838,-0.088722385,0.059169695,-0.4084866
2022-04-18,-0.039091222,0.35165837,-0.40679812,-0.70244515,-0.137499,-0.31664082,0.07348117,-0.58777016
2022-04-19,0.22651017,0.2745505,-0.17471492,-0.6083647,-0.28625116,0.031236038,-0.09090224,-0.36329728
2022-04-20,0.26153797,0.2718764,-0.15549004,-0.5912175,-0.29218975,0.05384372,-0.11306869,-0.32823062
2022-04-21,0.17611545,0.2545516,-0.23464009,-0.6574362,-0.26740742,-0.042675253,-0.15946627,-0.4723897
2022-04-22,0.23350257,0.28021702,-0.15249029,-0.5945284,-0.2952562,0.05923868,-0.061150894,-0.3277604
2022-04-25,0.34018317,0.24523279,-0.10574302,-0.5669353,-0.32195365,0.12607744,-0.19847892,-0.27201116
2022-04-26,0.22969425,0.25822732,-0.20997915,-0.62333083,-0.26564535,-0.022058524,-0.1853905,-0.4014991
2022-04-27,-0.15494809,0.47073796,-0.42619216,-0.65897995,-0.09580058,-0.34831557,0.40146422,-0.49682277
2022-04-28,0.17057659,0.29355058,-0.22448146,-0.6284993,-0.24838817,-0.05982665,-0.02413074,-0.41094446
2022-04-29,-0.082551576,0.42676252,-0.38447967,-0.6532285,-0.1286453,-0.28498134,0.2932948,-0.48046649
2022-05-05,0.07008763,0.31989816,-0.3190876,-0.6632874,-0.19386362,-0.18048128,-0.01121676,-0.49774212
2022-05-06,0.095701136,0.28677747,-0.31128097,-0.6815851,-0.21181588,-0.166547,-0.09077361,-0.53367066
2022-05-09,0.14061305,0.28273675,-0.25831136,-0.654885,-0.24227381,-0.08637339,-0.075041205,-0.473256
2022-05-10,-0.050908096,0.30209517,-0.43963596,-0.7553312,-0.14572494,-0.34461692,-0.050703302,-0.7025445
2022-05-11,-0.10275003,0.34692383,-0.47025126,-0.7415145,-0.11257529,-0.38830158,0.029100046,-0.6780043
2022-05-12,0.10252401,0.29358205,-0.30027288,-0.66945165,-0.21534204,-0.14643052,-0.064897574,-0.5115795
2022-05-13,0.24487329,0.29660296,-0.1430477,-0.5742376,-0.28962308,0.06526154,-0.021828853,-0.2880119
2022-05-16,0.29780072,0.26436818,-0.106275484,-0.5735978,-0.32444534,0.12735784,-0.10497743,-0.28231776
2022-05-17,0.06307794,0.33127913,-0.30726784,-0.65755105,-0.19960536,-0.16426423,0.039605238,-0.4836427
2022-05-18,0.15094496,0.29406843,-0.23612204,-0.6369582,-0.24815536,-0.061074547,-0.035495274,-0.43069988
2022-05-19,-0.035182424,0.36242038,-0.38808304,-0.6903294,-0.1518977,-0.27393264,0.106608674,-0.56458664
2022-05-20,0.13673332,0.33057,-0.22636858,-0.61173654,-0.24167117,-0.050933406,0.05454456,-0.3749948
2022-05-23,0.15749596,0.31745994,-0.21141362,-0.6099935,-0.2523138,-0.03050988,0.03198655,-0.37010032
2022-05-24,0.36709806,0.22040379,-0.071889326,-0.5708992,-0.35024676,0.17438623,-0.22561029,-0.27013856
2022-05-25,0.120402366,0.31318963,-0.25811642,-0.63768244,-0.23187676,-0.088343754,-0.00010704994,-0.4374261
2022-05-26,0.15238717,0.32820633,-0.23822775,-0.6055082,-0.22766331,-0.07376175,0.010597117,-0.3668869
2022-05-27,0.26552397,0.26783794,-0.1393719,-0.5893494,-0.30586582,0.081829645,-0.10554372,-0.31968236
2022-05-30,0.13200434,0.31733444,-0.25886512,-0.6293429,-0.22348085,-0.10161099,-0.0010754988,-0.4193548
2022-05-31,-0.034770295,0.4038704,-0.3684884,-0.64945984,-0.14066342,-0.26233855,0.21016878,-0.47482985
2022-06-01,0.15284613,0.2949172,-0.24365968,-0.6349286,-0.24236852,-0.070142366,-0.05317872,-0.42958456
2022-06-02,-0.11411202,0.3908748,-0.4303962,-0.7092355,-0.119066104,-0.35250336,0.21657345,-0.59994185
2022-06-06,-0.014564173,0.31690133,-0.40264902,-0.7204901,-0.15730715,-0.29306984,-0.0190797,-0.6302611
2022-06-07,0.22768992,0.29259336,-0.17486095,-0.5942676,-0.27684098,0.026112631,-0.04963614,-0.3387131
2022-06-08,0.20041198,0.2537628,-0.18882412,-0.643403,-0.29010665,0.0061830357,-0.09055122,-0.43241477
2022-06-09,0.3112058,0.25796258,-0.103895746,-0.5732805,-0.32461008,0.12649947,-0.11555672,-0.2849605
2022-06-10,0.036579423,0.31699914,-0.33651614,-0.6875809,-0.19036953,-0.20812827,0.018527985,-0.5474365
2022-06-13,0.18807809,0.29120427,-0.21115318,-0.61902356,-0.26070446,-0.024081582,-0.058049783,-0.39205348
2022-06-14,0.2663399,0.29007384,-0.11030299,-0.56737727,-0.3124317,0.10999074,-0.0017237738,-0.26729652
2022-06-15,0.11935376,0.33276874,-0.25162897,-0.6186932,-0.22684544,-0.08154983,0.028248198,-0.3944633
2022-06-16,0.089610875,0.29913667,-0.3105884,-0.67216593,-0.21017095,-0.15662655,-0.066935,-0.5183624
2022-06-17,0.055353805,0.30867174,-0.30442807,-0.6808077,-0.21669897,-0.15046936,0.013775624,-0.5277362
2022-06-20,0.16269924,0.30377662,-0.23821586,-0.6256426,-0.24011025,-0.06830748,-0.041250683,-0.4098885
2022-06-21,0.22571921,0.27904642,-0.1831799,-0.6036372,-0.2781294,0.02330082,-0.097950146,-0.35918897
2022-06-22,0.2323261,0.26778165,-0.17372367,-0.6084724,-0.2856954,0.028233185,-0.116064176,-0.36035073
2022-06-23,0.07832135,0.34543368,-0.27730396,-0.6360156,-0.21194723,-0.123126246,0.09199029,-0.4344048
2022-06-24,0.096159875,0.295918,-0.29677424,-0.6718227,-0.21606967,-0.15004776,-0.040727317,-0.51170665
2022-06-27,0.20171207,0.28066236,-0.20231473,-0.6202916,-0.26771122,-0.0141751245,-0.07940456,-0.39278257
2022-06-28,0.122030094,0.349267,-0.2414302,-0.60692793,-0.22112584,-0.08693372,0.11281392,-0.37055933
2022-06-29,0.23538706,0.2629212,-0.17769414,-0.61606246,-0.28617495,0.02167093,-0.12750795,-0.37882286
2022-06-30,0.0632961,0.33193213,-0.3168986,-0.6574363,-0.19292237,-0.17633449,0.020299628,-0.48673838
2022-07-01,0.24586958,0.27073845,-0.16426367,-0.60131866,-0.2888398,0.03977652,-0.09898817,-0.34813917
2022-07-04,0.1176697,0.33308697,-0.25350073,-0.619129,-0.22219375,-0.09189071,0.04507827,-0.3954214
2022-07-05,0.2529909,0.26919794,-0.1537777,-0.59765255,-0.2978521,0.060670838,-0.09776774,-0.34042937
2022-07-06,0.12491521,0.26770973,-0.28405702,-0.6780997,-0.23531365,-0.118083365,-0.12870866,-0.52351
2022-07-07,0.12827116,0.3317312,-0.2518629,-0.6165905,-0.22120306,-0.09436861,0.039940856,-0.39173615
2022-07-08,0.22768423,0.28305426,-0.1766249,-0.6010893,-0.27790284,0.020501338,-0.073094554,-0.3499393
2022-07-11,0.28829935,0.26547515,-0.12017469,-0.5803839,-0.31397462,0.10067358,-0.09445627,-0.29905486
2022-07-12,0.30137268,0.26354358,-0.10769833,-0.5710724,-0.32038805,0.12028194,-0.111872874,-0.2757443
2022-07-13,0.14556707,0.3119893,-0.25259566,-0.6276348,-0.22917506,-0.08958549,-0.02792348,-0.41640794
2022-07-14,0.02076917,0.31712797,-0.37160012,-0.6978616,-0.17019653,-0.2515902,-0.02493921,-0.5778197
2022-07-15,0.1576727,0.28503573,-0.25226992,-0.6433642,-0.23860851,-0.0867337,-0.087470755,-0.4473828
2022-07-18,0.20278674,0.33218545,-0.18192327,-0.57014066,-0.25401416,0.003928382,0.035037324,-0.28754297
2022-07-19,0.23024218,0.26820996,-0.1656076,-0.61178005,-0.29308844,0.039330386,-0.08002655,-0.36747873
2022-07-20,0.11138436,0.3009084,-0.27509078,-0.65589046,-0.22670692,-0.11609552,-0.030027583,-0.4749992
2022-07-21,0.07087948,0.28629562,-0.31870002,-0.6929131,-0.212819,-0.16902953,-0.070429526,-0.5580545
2022-07-22,0.2728145,0.26855963,-0.1434015,-0.58740073,-0.2997355,0.07024623,-0.10780242,-0.31829518
2022-07-25,0.24472591,0.26778224,-0.16676724,-0.6053632,-0.28897128,0.03597837,-0.1049483,-0.35693288
2022-07-26,0.11555429,0.31583434,-0.27285573,-0.63947475,-0.21796712,-0.118396305,-0.0034052804,-0.44239068
2022-07-27,0.09872853,0.3072518,-0.27787054,-0.656884,-0.22334355,-0.122557506,-0.001652725,-0.47610337
2022-07-28,0.12779382,0.31634307,-0.26332656,-0.63239324,-0.22168154,-0.10746899,-0.010780275,-0.4248746
2022-07-29,0.2780959,0.27427503,-0.123831026,-0.57635367,-0.3095912,0.098175116,-0.08550819,-0.28995684
2022-08-01,0.0749138,0.3287427,-0.2978297,-0.6512427,-0.20195735,-0.15683828,0.038148597,-0.46759874
2022-08-02,0.098343246,0.3048159,-0.2630403,-0.6552507,-0.23442426,-0.099176824,0.019706108,-0.46853977
2022-08-03,0.068266034,0.36037928,-0.2784685,-0.61962825,-0.20266828,-0.12507185,0.09853703,-0.3945964
2022-08-04,0.16604589,0.2778809,-0.23506516,-0.6447323,-0.2531657,-0.06100645,-0.08021954,-0.44541556
2022-08-05,-0.03500285,0.3551329,-0.38715792,-0.6961854,-0.15413411,-0.27577963,0.1036078,-0.57575846
2022-08-08,0.23003682,0.30124494,-0.16309498,-0.58198154,-0.2773039,0.03530585,-0.01892323,-0.3084609
2022-08-09,0.17263256,0.3071093,-0.21916029,-0.61260307,-0.24796456,-0.041868005,-0.010435797,-0.38037765
2022-08-10,0.15260273,0.28176025,-0.24850956,-0.6492612,-0.24712542,-0.073941074,-0.0877633,-0.45854956
2022-08-11,0.106057286,0.3413065,-0.27056196,-0.62371564,-0.21072502,-0.11731107,0.056236528,-0.411417
2022-08-12,0.27387017,0.2636386,-0.13879229,-0.5895042,-0.30381298,0.075519346,-0.11605214,-0.31985384
2022-08-15,0.16714153,0.28334236,-0.22812364,-0.63670987,-0.25565773,-0.047764026,-0.06942595,-0.42894036
2022-08-16,0.1973798,0.26495972,-0.21065566,-0.6350241,-0.27050617,-0.020246103,-0.11580661,-0.42395943
2022-08-17,0.19239184,0.299628,-0.2013618,-0.6075314,-0.26050755,-0.015942782,-0.03199771,-0.36628234
2022-08-18,0.10687734,0.32153407,-0.27457345,-0.64051795,-0.21720028,-0.120764814,0.011199474,-0.44318604
2022-08-19,0.33527935,0.24353036,-0.0895139,-0.5708817,-0.33816937,0.15409058,-0.16791822,-0.27621353
2022-08-22,0.15530644,0.29651064,-0.23113167,-0.63191843,-0.24941334,-0.054568373,-0.02978661,-0.4192382
2022-08-23,0.17743114,0.2853904,-0.21793938,-0.62902933,-0.26036236,-0.032456495,-0.06460669,-0.41243327
2022-08-24,0.36250275,0.24191615,-0.050919794,-0.55114305,-0.35448855,0.20124736,-0.14425558,-0.22871871
2022-08-25,0.2958773,0.27818382,-0.11355282,-0.5649336,-0.31244588,0.1114647,-0.07945347,-0.26879323
2022-08-26,0.24434096,0.25512218,-0.17092374,-0.6158432,-0.29260284,0.034701377,-0.14152762,-0.37817067
2022-08-29,0.05930364,0.29950422,-0.32675865,-0.6903563,-0.20498979,-0.18112808,-0.043073133,-0.5552346
2022-08-30,0.18135916,0.28529036,-0.20839,-0.6255609,-0.2654542,-0.020368688,-0.053421736,-0.40300322
2022-08-31,0.2598215,0.28153622,-0.13198598,-0.5799071,-0.3048094,0.08637857,-0.07041294,-0.2944836
2022-09-01,0.17681177,0.27614927,-0.22704077,-0.6377723,-0.25882393,-0.04266485,-0.10012984,-0.43180674
2022-09-02,0.16966535,0.2902297,-0.2337422,-0.62970144,-0.24697268,-0.05848437,-0.06701709,-0.41725522
2022-09-05,0.22011617,0.27256113,-0.1840289,-0.61370164,-0.27992257,0.01461003,-0.09145127,-0.37624025
2022-09-06,0.119304135,0.3390684,-0.2644069,-0.6175362,-0.21312763,-0.10784781,0.043352664,-0.3985191
2022-09-07,0.08366729,0.2814146,-0.31930822,-0.6913591,-0.2110551,-0.17377174,-0.09377383,-0.55503327
2022-09-08,0.20220591,0.2874386,-0.19230843,-0.61123466,-0.27145863,0.0010593832,-0.061244108,-0.37023038
2022-09-09,0.22636661,0.30427423,-0.1645397,-0.5818979,-0.27546024,0.03153325,-0.013850279,-0.30687213
2022-09-13,0.20213535,0.2880781,-0.193429,-0.61168903,-0.27116418,0.000997141,-0.057891175,-0.37370473
2022-09-14,0.12374994,0.30472004,-0.25991234,-0.646028,-0.23144165,-0.100907795,-0.007969752,-0.45192504
2022-09-15,0.3775363,0.23894936,-0.048461333,-0.5465814,-0.35504204,0.20805001,-0.16165009,-0.22262198
2022-09-16,0.12464103,0.27890128,-0.2853615,-0.6679201,-0.22751638,-0.12500805,-0.10979925,-0.50317
2022-09-19,0.33931834,0.25309864,-0.0819516,-0.5595908,-0.33535486,0.1588732,-0.13566981,-0.2531767
2022-09-20,0.15826592,0.27464136,-0.24718702,-0.65124434,-0.24788454,-0.07544167,-0.09678217,-0.46245223
2022-09-21,0.19147837,0.29039645,-0.19919255,-0.6147517,-0.26656577,-0.010415461,-0.043582715,-0.37867928
2022-09-22,0.13181444,0.27784783,-0.2689569,-0.6655238,-0.23857427,-0.10283577,-0.08713248,-0.49521172
2022-09-23,0.23028171,0.29094318,-0.15450877,-0.5891598,-0.29105422,0.05644285,-0.0383678,-0.31808436
2022-09-26,0.12796243,0.2851321,-0.27713174,-0.6605429,-0.22823945,-0.118714444,-0.08875084,-0.4852599
2022-09-27,0.13877541,0.30537015,-0.23690349,-0.63347244,-0.24608675,-0.06109288,0.002226472,-0.423019
2022-09-28,0.2447038,0.27420548,-0.15541428,-0.5967369,-0.29369035,0.053298138,-0.083872974,-0.3355711
2022-09-29,0.18515131,0.28863293,-0.21467863,-0.6204631,-0.25868565,-0.028991349,-0.06605,-0.39502043
2022-09-30,0.25647995,0.2753263,-0.14996007,-0.5897703,-0.29538372,0.06150934,-0.094904914,-0.3217212
2022-10-10,0.3869982,0.26176178,-0.026496202,-0.5155322,-0.35397786,0.23394641,-0.114132404,-0.15689033
2022-10-11,0.20087108,0.28833267,-0.19869187,-0.6122441,-0.2661524,-0.009300932,-0.06382272,-0.37546605
2022-10-12,0.06304124,0.3735438,-0.25227746,-0.61882603,-0.21367148,-0.10974629,0.23931286,-0.3888563
2022-10-13,0.08645815,0.28675327,-0.30503207,-0.6829818,-0.21981683,-0.14886329,-0.08033798,-0.53401417
2022-10-14,0.046206072,0.3604274,-0.2991391,-0.63801956,-0.19138393,-0.16455239,0.12891094,-0.43613178
2022-10-17,0.10221032,0.3163048,-0.261839,-0.6465561,-0.23133871,-0.09881351,0.033519723,-0.4513594
2022-10-18,0.20577866,0.31191295,-0.18879375,-0.58733773,-0.2600177,0.00093998015,-0.014274873,-0.3244495
2022-10-19,0.18907659,0.28396088,-0.21238247,-0.6244002,-0.26144925,-0.028800197,-0.073204376,-0.40196723
2022-10-20,0.014224736,0.37399927,-0.3460124,-0.64864707,-0.16125114,-0.22744998,0.11082482,-0.46902388
2022-10-21,0.14140245,0.33013016,-0.23709568,-0.611777,-0.23206717,-0.0697618,0.03218305,-0.3790576
2022-10-24,0.1756483,0.28025126,-0.23442581,-0.6382705,-0.25402728,-0.05133824,-0.099702455,-0.43683374
2022-10-25,0.10723686,0.3344308,-0.26116586,-0.6236744,-0.22121713,-0.093474604,0.04199446,-0.40879047
2022-10-26,-0.024732815,0.34998176,-0.3993687,-0.69436795,-0.14197132,-0.29982224,0.05739543,-0.5730649
2022-10-27,0.16855866,0.29205087,-0.20015594,-0.62607837,-0.26966292,-0.01510866,-0.010732919,-0.39628732
2022-10-28,0.15366513,0.27495807,-0.2540079,-0.65364534,-0.24614847,-0.078091756,-0.11443822,-0.46986496
2022-10-31,0.08180174,0.29231894,-0.32070377,-0.6853315,-0.208316,-0.17225951,-0.08277919,-0.54585487
2022-11-01,0.16458945,0.29643467,-0.23472607,-0.6313127,-0.2429581,-0.07163116,-0.031171963,-0.4190746
2022-11-02,0.021442251,0.33732405,-0.34942767,-0.6769653,-0.17616618,-0.222081,0.03479226,-0.529039
2022-11-03,0.06972001,0.29386163,-0.31607836,-0.68901044,-0.21191314,-0.17002946,-0.047035083,-0.5482309
2022-11-04,0.02548047,0.3465776,-0.3395652,-0.665046,-0.17636694,-0.21236074,0.06772615,-0.50335705
2022-11-07,0.23130724,0.27769303,-0.18044516,-0.6069795,-0.28031775,0.020337716,-0.09254355,-0.3651461
2022-11-08,0.26007724,0.2921087,-0.13209471,-0.5721003,-0.297651,0.07959137,-0.03236969,-0.2818284
2022-11-09,0.24078295,0.27277344,-0.1666457,-0.6014979,-0.2855598,0.032225393,-0.09195773,-0.34703612
2022-11-10,0.22828041,0.25851715,-0.18287763,-0.6242292,-0.28734958,0.018778436,-0.124078505,-0.39883083
2022-11-11,0.26709142,0.27258113,-0.14156109,-0.5838268,-0.29837316,0.07061688,-0.106857136,-0.30720162
2022-11-14,0.20785661,0.274728,-0.19770971,-0.6205314,-0.273629,-0.0013764128,-0.09207684,-0.39431745
2022-11-15,0.0135997515,0.34306276,-0.35912728,-0.6774122,-0.16742946,-0.2389889,0.052440897,-0.53310114
2022-11-16,0.27748796,0.25856626,-0.13423255,-0.5913668,-0.30896646,0.082958154,-0.1215828,-0.32239074
2022-11-17,0.13072243,0.34441766,-0.22414497,-0.60336906,-0.23558131,-0.055951584,0.10664187,-0.3580947
2022-11-18,0.18628664,0.28145787,-0.21425688,-0.62583643,-0.2623148,-0.02669768,-0.08525524,-0.40489024
2022-11-21,0.12784103,0.3067718,-0.25234205,-0.6405148,-0.23496374,-0.08905857,-0.0032903105,-0.438707
2022-11-22,0.22764683,0.27866548,-0.17927277,-0.6033403,-0.27801886,0.019049361,-0.08952372,-0.35438746
2022-11-23,0.14219368,0.3445001,-0.2095232,-0.5927601,-0.24445888,-0.028454488,0.095510185,-0.33349693
2022-11-24,0.17814536,0.2931998,-0.21357054,-0.62171644,-0.25883427,-0.030464225,-0.044183806,-0.39576924
2022-11-25,0.24144796,0.27975532,-0.16177183,-0.5945236,-0.28700665,0.042346798,-0.07720574,-0.33300924
2022-11-28,0.14384376,0.2897501,-0.25126576,-0.6471203,-0.24266359,-0.07931251,-0.056998134,-0.45575774
2022-11-29,0.12474361,0.3231038,-0.25453264,-0.6260791,-0.2259318,-0.09271356,0.016489848,-0.41006523
2022-11-30,0.2133039,0.28747544,-0.19142169,-0.60562897,-0.26936063,0.0013466813,-0.07506952,-0.36087757
2022-12-01,0.17092772,0.28812703,-0.23145679,-0.63117313,-0.2502198,-0.053567156,-0.06994728,-0.41973287
2022-12-02,0.15018293,0.27413803,-0.24906337,-0.6560897,-0.25026384,-0.073581584,-0.09333837,-0.47205126
2022-12-05,0.23668799,0.2854436,-0.16233712,-0.59227276,-0.2846127,0.03962835,-0.058347955,-0.32822412
2022-12-06,0.16886927,0.2933373,-0.23569366,-0.6297256,-0.2452274,-0.06229616,-0.06315443,-0.41805845
2022-12-07,0.1677449,0.28805056,-0.23435879,-0.6329218,-0.24869677,-0.05758024,-0.07165989,-0.423504
2022-12-08,0.18132815,0.28950694,-0.21279535,-0.62322265,-0.26027465,-0.028609473,-0.050316595,-0.39980376
2022-12-09,0.17628774,0.29308462,-0.22118014,-0.6232376,-0.25339183,-0.041407228,-0.049673304,-0.4016515
2022-12-12,0.1492455,0.32609248,-0.23348632,-0.6089143,-0.23416647,-0.06213522,0.018509418,-0.37408072
2022-12-13,0.23696345,0.2808388,-0.16281283,-0.5956047,-0.28720507,0.0423977,-0.075786866,-0.3347314
2022-12-14,0.2534318,0.27052417,-0.1593531,-0.5966206,-0.29104212,0.04749631,-0.107366525,-0.3380311
2022-12-15,0.12975273,0.3000822,-0.25376195,-0.64395934,-0.23767626,-0.08560108,-0.025111653,-0.44708705
2022-12-16,0.2361382,0.28013307,-0.16547015,-0.5982708,-0.28604585,0.037270464,-0.074081995,-0.3411036
2022-12-19,0.28277653,0.26006612,-0.12968381,-0.58655596,-0.31166932,0.0930744,-0.12610486,-0.31297418
2022-12-20,0.1711505,0.29511493,-0.22094163,-0.62463886,-0.2546583,-0.03974305,-0.041415468,-0.4038998
2022-12-21,0.27056208,0.25435242,-0.14692935,-0.60176563,-0.30454153,0.066597246,-0.13501574,-0.34673625
2022-12-22,0.23206341,0.26888314,-0.18192947,-0.6104229,-0.28109285,0.018944018,-0.12076926,-0.36973596
2022-12-23,0.22004086,0.27644935,-0.18452597,-0.6109968,-0.27848858,0.0141053125,-0.0912887,-0.37036437
2022-12-26,0.007550014,0.32340536,-0.36864486,-0.70094365,-0.17230076,-0.25119108,0.019771382,-0.58158803
2022-12-27,0.108753085,0.3383623,-0.25178835,-0.62188053,-0.22389725,-0.09215404,0.078100935,-0.39967299
2022-12-28,0.1713353,0.30019742,-0.22380716,-0.6206098,-0.2493748,-0.046359785,-0.035775036,-0.3968233
2022-12-29,0.1036738,0.3112484,-0.28785318,-0.6536356,-0.21429326,-0.13727254,-0.020908155,-0.47376478
2022-12-30,0.19383673,0.27883184,-0.19973852,-0.6240596,-0.2725809,-0.006589487,-0.06981194,-0.3984462
2023-01-03,0.03437189,0.35846543,-0.32376793,-0.65001404,-0.17958906,-0.19499019,0.10359232,-0.4689144
2023-01-04,0.24613884,0.27638182,-0.15842927,-0.59606373,-0.29080367,0.048087515,-0.077996805,-0.33743536
2023-01-05,0.12051454,0.3198868,-0.2629118,-0.632588,-0.22226483,-0.10421417,0.0099469945,-0.4263255
2023-01-06,0.13399813,0.28808504,-0.27560845,-0.6562876,-0.22755533,-0.115268864,-0.08282328,-0.48031354
2023-01-09,0.20528023,0.2729652,-0.19701523,-0.6235303,-0.27427024,-0.0039966665,-0.08491083,-0.39871836
2023-01-10,0.16048987,0.28873533,-0.23202756,-0.63588184,-0.2517545,-0.054278255,-0.054335013,-0.42757684
2023-01-11,0.24506077,0.26569358,-0.16518646,-0.604943,-0.2910122,0.040449366,-0.118063815,-0.35397333
2023-01-12,0.1695326,0.29551575,-0.21492654,-0.62430745,-0.25845173,-0.032813214,-0.027139522,-0.40050483
2023-01-13,0.2042085,0.29236814,-0.19291443,-0.6073995,-0.2685043,-0.0010131523,-0.0464212,-0.36549813
2023-01-16,0.05618172,0.30746388,-0.33340305,-0.68408114,-0.1945158,-0.19649646,-0.033036686,-0.5429128
2023-01-17,0.12385936,0.2906048,-0.26951203,-0.65856606,-0.23366982,-0.104471065,-0.053014874,-0.4821344
2023-01-18,0.15179276,0.30001813,-0.23358491,-0.62996453,-0.24640691,-0.058655776,-0.02585096,-0.41520333
2023-01-19,0.07648429,0.32256505,-0.29956913,-0.657548,-0.20515716,-0.15614879,0.024487182,-0.4817778
2023-01-20,0.17163338,0.28793353,-0.21537887,-0.63003844,-0.26193428,-0.031236045,-0.046416618,-0.41200376
2023-01-30,0.24277678,0.28558153,-0.15853621,-0.5880868,-0.28562993,0.04489536,-0.06490342,-0.3192825
2023-01-31,0.22835456,0.28207505,-0.17004217,-0.60043067,-0.283423,0.030876726,-0.06984684,-0.3451448
2023-02-01,0.1266887,0.31295747,-0.24591458,-0.6343646,-0.23896801,-0.07323975,0.016203575,-0.42721534
2023-02-02,0.15204033,0.29558906,-0.240567,-0.6332649,-0.24360299,-0.065457374,-0.050387137,-0.42409396
2023-02-03,0.17597961,0.3072622,-0.20096591,-0.61114216,-0.2618501,-0.016015217,0.011626303,-0.37178475
2023-02-06,0.20242347,0.2755882,-0.19421048,-0.62153023,-0.2761801,0.002102282,-0.08110937,-0.3929525
2023-02-07,0.20666014,0.28949443,-0.19082475,-0.6079023,-0.27103865,0.0042962134,-0.054338485,-0.36622
2023-02-08,0.21390247,0.28406525,-0.18763638,-0.60795134,-0.27346018,0.0076932795,-0.072570555,-0.36509454
2023-02-09,0.020595273,0.3453408,-0.3360733,-0.66987413,-0.17980534,-0.21111462,0.08745785,-0.51023096
2023-02-10,0.25264388,0.2665122,-0.14862809,-0.59930396,-0.3001438,0.06197022,-0.089638405,-0.33993024
2023-02-13,0.13944551,0.29514834,-0.25242478,-0.64349234,-0.23915398,-0.08340673,-0.046984173,-0.44679832
2023-02-14,0.21477102,0.2848148,-0.17773992,-0.60638136,-0.28051606,0.021980695,-0.053541854,-0.3593415
2023-02-15,0.1605899,0.309973,-0.22748244,-0.61769825,-0.2435357,-0.054366432,-0.0083496645,-0.39083195
2023-02-16,0.21206255,0.2711935,-0.20736438,-0.619347,-0.26563397,-0.016327787,-0.13971144,-0.39151096
2023-02-17,0.23626867,0.27790067,-0.16617769,-0.5992271,-0.28584966,0.036270253,-0.082526244,-0.34282392
2023-02-20,0.10202403,0.323927,-0.26203954,-0.63880986,-0.22479457,-0.10466843,0.04748901,-0.43534935
2023-02-21,0.20477046,0.27752838,-0.19925201,-0.6201258,-0.27119744,-0.006960511,-0.08565824,-0.39193738
2023-02-22,0.17879394,0.29545036,-0.21544242,-0.61912274,-0.25584343,-0.033551507,-0.044505306,-0.39098978
2023-02-23,0.15811087,0.29743323,-0.23821813,-0.6305526,-0.24378794,-0.06405592,-0.04671014,-0.41934037
2023-02-24,0.18815811,0.29063186,-0.20313373,-0.61695564,-0.2656604,-0.012887038,-0.04903373,-0.38459426
2023-02-27,0.1790584,0.2818747,-0.22472349,-0.6322471,-0.25663814,-0.04264404,-0.081356555,-0.42144334
2023-02-28,0.21350767,0.2799131,-0.18716764,-0.6136519,-0.27681378,0.008465029,-0.06734656,-0.37794006
2023-03-01,0.14782819,0.3103318,-0.23993915,-0.6231386,-0.23735791,-0.069129765,-0.0144023,-0.40323287
2023-03-02,0.20200092,0.28677365,-0.1930283,-0.6115241,-0.2707691,0.00045896322,-0.05902893,-0.372481
2023-03-03,0.14325058,0.30477583,-0.2331487,-0.6312593,-0.24814975,-0.05499357,-0.00612814,-0.41762
2023-03-06,0.10115052,0.3481938,-0.26353034,-0.61688864,-0.21262369,-0.10706281,0.077457026,-0.39302945
2023-03-07,0.23538634,0.26937035,-0.17579985,-0.60755473,-0.28452167,0.028052896,-0.115993105,-0.36243826
2023-03-08,0.14935675,0.28983307,-0.2406848,-0.64190876,-0.24824187,-0.065400496,-0.051480696,-0.44071752
2023-03-09,0.1434531,0.30020905,-0.24156845,-0.6350738,-0.24200147,-0.07110581,-0.024545558,-0.42646885
2023-03-10,0.14406383,0.30693528,-0.24968785,-0.631116,-0.23253426,-0.087161005,-0.027120031,-0.42036515
2023-03-13,0.15867293,0.3023634,-0.22989434,-0.6258335,-0.24735269,-0.05348079,-0.022799157,-0.40802634
2023-03-14,0.09559855,0.3397639,-0.25356215,-0.6265553,-0.22427744,-0.09387266,0.10134582,-0.4087667
2023-03-15,0.2188076,0.2611157,-0.18830882,-0.6261477,-0.2849447,0.013409972,-0.120176226,-0.40258777
2023-03-16,0.22111836,0.26705196,-0.192469,-0.61988145,-0.27741003,0.0036538467,-0.12145257,-0.39026242
2023-03-17,0.06835567,0.34294176,-0.302393,-0.6418836,-0.19504398,-0.15880367,0.052473634,-0.4509681
2023-03-20,0.11500256,0.29888362,-0.28254697,-0.6558923,-0.21977046,-0.12998137,-0.04974793,-0.4757884
2023-03-21,0.1827322,0.29989633,-0.20534228,-0.61174566,-0.2602228,-0.01846039,-0.02519659,-0.3748454
2023-03-22,0.18242568,0.2861825,-0.21795163,-0.6257883,-0.25725684,-0.036991954,-0.06343705,-0.40624762
2023-03-23,0.02889047,0.33045197,-0.3345892,-0.679382,-0.18914597,-0.20185012,0.045938626,-0.5303805
2023-03-24,0.15649958,0.31023663,-0.22078794,-0.61712277,-0.25000885,-0.04023668,0.0018153042,-0.38664484
2023-03-27,0.20558102,0.26867306,-0.17976397,-0.6249085,-0.28870836,0.020444743,-0.07232763,-0.39347965
2023-03-28,0.2328664,0.28104788,-0.17167556,-0.59768033,-0.2829367,0.033376887,-0.09269556,-0.34066576
2023-03-29,-0.012065262,0.38347334,-0.3554881,-0.6533804,-0.15442288,-0.2418414,0.14966011,-0.47835445
2023-03-30,0.15856992,0.30990502,-0.21958962,-0.61486155,-0.25004536,-0.038398348,-0.0069938004,-0.3801009
2023-03-31,0.10135321,0.3291069,-0.26013926,-0.6334225,-0.22434017,-0.100086585,0.059485026,-0.42455012
2023-04-03,-0.005123714,0.3438119,-0.35866362,-0.68639094,-0.17312334,-0.23339444,0.08104387,-0.5491408
2023-04-04,0.14953938,0.28792,-0.26239967,-0.6423908,-0.23332676,-0.09122047,-0.09577969,-0.4486308
2023-04-06,0.020660972,0.2901345,-0.3751126,-0.7223312,-0.18435912,-0.24617228,-0.085399434,-0.62564075
2023-04-07,0.11945115,0.3193022,-0.25134742,-0.63194335,-0.23193207,-0.085915715,0.02229596,-0.4203627
2023-04-10,0.32705447,0.2343624,-0.100220904,-0.5813297,-0.33203906,0.13235006,-0.18274471,-0.2961157
2023-04-11,0.25281227,0.2383993,-0.16788557,-0.6280315,-0.30202222,0.039005473,-0.16808394,-0.40189195
2023-04-12,0.107804075,0.31525704,-0.2821001,-0.6455057,-0.21499094,-0.12816975,-0.013954416,-0.4568718
2023-04-13,0.2854683,0.2580429,-0.13582498,-0.58793765,-0.30745247,0.08384361,-0.14025736,-0.3186995
2023-04-14,-0.00547738,0.39355475,-0.3485293,-0.64347667,-0.15472332,-0.23242971,0.1804626,-0.4611315
2023-04-17,0.14593215,0.28195152,-0.24572882,-0.6511218,-0.24984896,-0.069229655,-0.06738434,-0.46111006
2023-04-18,0.17078179,0.32238063,-0.19455174,-0.59521663,-0.2589955,-0.0058608577,0.035294138,-0.33467662
2023-04-19,0.10829453,0.31203836,-0.28504553,-0.64803326,-0.2171275,-0.12491315,-0.036970027,-0.4637106
2023-04-20,0.047823623,0.30821738,-0.3324775,-0.6881926,-0.1974606,-0.1929861,-0.0116981715,-0.5512486
2023-04-21,0.380648,0.22696865,-0.038966883,-0.55264896,-0.36346915,0.2153407,-0.17531657,-0.22828066
2023-04-24,0.25455382,0.28648695,-0.15565081,-0.58050376,-0.2847021,0.049866788,-0.07847834,-0.30557513
2023-04-25,0.30533868,0.23932594,-0.12790486,-0.59578896,-0.31595558,0.08950225,-0.1690788,-0.33446294
2023-04-26,0.1287442,0.30815426,-0.2442953,-0.6359249,-0.24214956,-0.06953501,-0.010643795,-0.42724878
2023-04-27,0.18446945,0.26525334,-0.21821895,-0.6430032,-0.2696325,-0.027952591,-0.11292276,-0.44026524
2023-04-28,0.08338974,0.31295907,-0.29837114,-0.66377807,-0.2117831,-0.14808834,0.0039984807,-0.4974293
2023-05-04,0.26390654,0.27968484,-0.13438298,-0.5810933,-0.30209997,0.08063757,-0.06373275,-0.301507
2023-05-05,0.2574258,0.2580768,-0.15254104,-0.60498244,-0.30149555,0.05956094,-0.12006478,-0.3532653
2023-05-08,0.15397108,0.29765064,-0.23477939,-0.6312254,-0.24598995,-0.06034247,-0.0327627,-0.41880316
2023-05-09,0.27490616,0.24842435,-0.14652134,-0.6033072,-0.3062559,0.06771921,-0.15957978,-0.34853536
2023-05-10,0.2111994,0.28269854,-0.1826711,-0.6095596,-0.28066674,0.021392234,-0.0701199,-0.36678153
2023-05-11,0.21249153,0.27958736,-0.19050121,-0.61338705,-0.27464786,0.005198799,-0.08173052,-0.37682116
2023-05-12,0.24622256,0.26012233,-0.16743407,-0.61029303,-0.29343826,0.04160075,-0.13022351,-0.36755747
2023-05-15,0.120976135,0.31060633,-0.2429724,-0.6392335,-0.24211797,-0.07362408,0.028649233,-0.43331075
2023-05-16,0.17851688,0.29407036,-0.22114187,-0.6215151,-0.2522328,-0.04235818,-0.054450646,-0.3980373
2023-05-17,0.16151825,0.2830615,-0.23736799,-0.641848,-0.25130388,-0.06026333,-0.07160913,-0.44207716
2023-05-18,0.15455163,0.30176896,-0.24185222,-0.6292525,-0.23973513,-0.07081987,-0.03718327,-0.41778737
2023-05-19,0.13568182,0.31030422,-0.24913442,-0.6317882,-0.23496631,-0.07995232,-0.012181491,-0.42283314
2023-05-22,0.22876705,0.2796895,-0.17246786,-0.60341626,-0.2827082,0.027150355,-0.06973313,-0.35322142
2023-05-23,0.21229157,0.2889289,-0.18715072,-0.6044729,-0.2716184,0.007124651,-0.060288794,-0.35815865
2023-05-24,0.12998927,0.32668215,-0.25526378,-0.6202323,-0.22246611,-0.09337929,0.015590988,-0.4015944
2023-05-25,0.17731299,0.28006706,-0.21684763,-0.63500905,-0.2647476,-0.029687889,-0.061062366,-0.42499137
2023-05-26,0.10982223,0.31718594,-0.26771522,-0.64039594,-0.22285011,-0.109475434,0.014398992,-0.44162828
2023-05-29,0.24478158,0.27505356,-0.15682232,-0.596145,-0.29170692,0.049375996,-0.08016245,-0.33529764
2023-05-30,0.11019039,0.31689367,-0.26240847,-0.64351064,-0.22663838,-0.106712095,0.038017593,-0.44773936
2023-05-31,0.1556715,0.28773275,-0.23039418,-0.64022136,-0.25400278,-0.053865798,-0.039723337,-0.4353661
2023-06-01,0.09785747,0.31689918,-0.28687334,-0.6478339,-0.21293841,-0.1329189,-0.014224529,-0.4602598
2023-06-02,0.17190258,0.31152225,-0.2160019,-0.6083798,-0.24831334,-0.037520792,-0.008034959,-0.3698743
2023-06-05,0.223706,0.2655175,-0.18457228,-0.6181185,-0.28229707,0.015063599,-0.11159424,-0.3852005
2023-06-06,0.27041978,0.2606524,-0.14842299,-0.59333277,-0.30014116,0.06657679,-0.14157107,-0.3298381
2023-06-07,0.19420844,0.2880853,-0.20115834,-0.6152115,-0.26643163,-0.010891028,-0.06100332,-0.38076246
2023-06-08,0.22860317,0.2863,-0.16486713,-0.59544593,-0.28416684,0.03694784,-0.052598618,-0.3339259
2023-06-09,0.11638902,0.32267243,-0.25364313,-0.63347197,-0.22990826,-0.09052645,0.048126213,-0.42695665
2023-06-12,0.19306001,0.30075395,-0.19519617,-0.6038824,-0.26409864,-0.004731778,-0.025153711,-0.35732436
2023-06-13,0.07831925,0.33765534,-0.29137695,-0.6409655,-0.20215492,-0.14725912,0.05666759,-0.4461537
2023-06-14,0.1866267,0.29733852,-0.20027842,-0.61050576,-0.2641436,-0.009974558,-0.02925215,-0.37142754
2023-06-15,0.17484006,0.2957247,-0.21398482,-0.6212595,-0.2572639,-0.03320362,-0.03362094,-0.39373946
2023-06-16,0.0884231,0.33039498,-0.27868152,-0.64303356,-0.21410587,-0.12751114,0.051746525,-0.44788206
2023-06-19,0.14749816,0.3085586,-0.24284872,-0.6257705,-0.2357969,-0.07491446,-0.019478083,-0.4088453
2023-06-20,0.16372825,0.31336218,-0.21550834,-0.61120623,-0.25062048,-0.03557454,0.007463753,-0.3742782
2023-06-21,0.2942087,0.26949036,-0.118978664,-0.570947,-0.31037524,0.10157759,-0.11185855,-0.27869588
2023-06-26,0.16458215,0.30477977,-0.23571259,-0.61964303,-0.24169165,-0.05604773,-0.047820143,-0.40045792
2023-06-27,0.15546833,0.30613154,-0.22738332,-0.62313634,-0.24841088,-0.048340492,-0.011541106,-0.40186173
2023-06-28,0.19390634,0.30718228,-0.19467387,-0.600826,-0.2605577,-0.011223249,-0.010355093,-0.3498842
2023-06-29,0.18507369,0.2897175,-0.20548815,-0.6200368,-0.2650042,-0.017002776,-0.049129307,-0.39126128
2023-06-30,0.13292375,0.30743822,-0.25065023,-0.6351919,-0.2358624,-0.080807045,-0.013376497,-0.4296744
2023-07-03,0.15814939,0.31904224,-0.22598356,-0.610568,-0.24217635,-0.049417887,0.0067578405,-0.3766629
2023-07-04,0.119390085,0.32189178,-0.26834863,-0.6322774,-0.21813205,-0.11108235,0.005994633,-0.4281314
2023-07-05,0.21542647,0.2762729,-0.18867894,-0.6138976,-0.2759922,0.006550323,-0.09004276,-0.3762234
2023-07-06,0.17169385,0.27981362,-0.22921059,-0.6380668,-0.25559792,-0.049691215,-0.0818416,-0.43219793
2023-07-07,0.18743898,0.30727473,-0.19800709,-0.60246956,-0.26030228,-0.011883225,-0.015630163,-0.35253853
2023-07-10,0.18612641,0.27986148,-0.21314482,-0.6294436,-0.26394403,-0.027353842,-0.07370125,-0.41275954
2023-07-11,0.15454325,0.30386674,-0.23533356,-0.62649834,-0.24271733,-0.06256397,-0.022511132,-0.40998888
2023-07-12,0.24027821,0.27814898,-0.16605952,-0.5961974,-0.28468397,0.036765568,-0.088282496,-0.3373059
2023-07-13,0.13230747,0.31202424,-0.24755386,-0.63171,-0.23490855,-0.08100906,0.00050754845,-0.42031157
2023-07-14,0.20841044,0.2833495,-0.19265738,-0.61155844,-0.27127668,0.00057664886,-0.0733885,-0.37304747
2023-07-17,0.20554581,0.28967136,-0.19061488,-0.60753584,-0.270206,0.0021355152,-0.053591736,-0.3640923
2023-07-18,0.18689941,0.29070303,-0.20549756,-0.6174855,-0.26381263,-0.017214805,-0.051272646,-0.38614124
2023-07-19,0.2211664,0.2844558,-0.17771862,-0.6034247,-0.27872655,0.020614289,-0.063914806,-0.3542291
2023-07-20,0.23860657,0.2781942,-0.1626567,-0.5969036,-0.28850636,0.043297566,-0.08497425,-0.33665872
2023-07-21,0.20675999,0.27815795,-0.19444977,-0.61714804,-0.2723411,-0.0027264915,-0.07913197,-0.38375145
2023-07-24,0.20088458,0.27688462,-0.20255713,-0.62224483,-0.26900753,-0.013104342,-0.08838038,-0.39557618
2023-07-25,0.14358708,0.31279013,-0.24101177,-0.62475544,-0.23649308,-0.072655395,-0.0015847981,-0.40680707
2023-07-26,0.20078634,0.2808295,-0.2021249,-0.6193521,-0.26731718,-0.013821065,-0.07715125,-0.39048874
2023-07-27,0.222442,0.2762897,-0.18316191,-0.60944706,-0.2787287,0.015520148,-0.093231566,-0.367005
2023-07-28,0.09212886,0.33766887,-0.28019077,-0.63372517,-0.2086182,-0.12866247,0.05273124,-0.43125296
2023-07-31,0.1667696,0.28545925,-0.23375863,-0.6364308,-0.25073326,-0.057141133,-0.068627305,-0.43046385
2023-08-01,0.19303401,0.2953883,-0.20013231,-0.60998696,-0.26312608,-0.012496792,-0.038747042,-0.37054807
2023-08-02,0.18291081,0.28586453,-0.21429831,-0.6260781,-0.26090977,-0.03031483,-0.062238537,-0.40567338
2023-08-03,0.14692238,0.2973891,-0.23877826,-0.6363325,-0.24622077,-0.06417492,-0.032395273,-0.42922425
2023-08-04,0.16250469,0.30824146,-0.21736968,-0.6162947,-0.25229105,-0.036129206,-0.0039249733,-0.38452327
2023-08-07,0.21065418,0.28510353,-0.19163464,-0.60960484,-0.27100357,0.0013030544,-0.07014599,-0.3690678
2023-08-08,0.17477277,0.2972317,-0.21807095,-0.6198671,-0.25457013,-0.03575362,-0.0420651,-0.39330882
2023-08-09,0.20726518,0.28349376,-0.19528258,-0.61308354,-0.27017814,-0.0028425306,-0.07471475,-0.37703365
2023-08-10,0.16542472,0.29066455,-0.22449356,-0.6315583,-0.25530764,-0.044311173,-0.04459799,-0.41761333
2023-08-11,0.26348972,0.26879105,-0.145938,-0.5901054,-0.2993146,0.0680093,-0.10960084,-0.32169688
2023-08-14,0.2073604,0.29495847,-0.17598516,-0.60044175,-0.27735448,0.021823741,-0.018749684,-0.34627348
2023-08-15,0.26164433,0.2705517,-0.14275292,-0.5911459,-0.30105382,0.07021061,-0.08871157,-0.3238123
2023-08-16,0.23761365,0.26284525,-0.17937267,-0.6140065,-0.2860535,0.025310151,-0.13276443,-0.3782254
2023-08-17,0.0919614,0.31909892,-0.29667243,-0.65346366,-0.20647791,-0.14964399,0.0020034462,-0.47695285
2023-08-18,0.27745634,0.2678276,-0.1295901,-0.5826527,-0.30734253,0.087876536,-0.097662516,-0.3044871
2023-08-21,0.18005365,0.2798745,-0.21980453,-0.63079435,-0.26031876,-0.034357276,-0.08616339,-0.41561782
2023-08-22,0.23234324,0.2863543,-0.1578247,-0.59688234,-0.28870073,0.043187536,-0.012660503,-0.33995122
2023-08-23,0.24648482,0.28294212,-0.15385091,-0.5871176,-0.2891414,0.05270981,-0.071295924,-0.31586206
2023-08-24,0.122414365,0.3184973,-0.2586205,-0.630042,-0.22547042,-0.0960412,0.0030282587,-0.41858113
2023-08-25,0.25277486,0.27020666,-0.15256655,-0.5958084,-0.29566061,0.05640793,-0.09702889,-0.3336596
2023-08-28,0.47909045,0.24638438,0.055837445,-0.46079838,-0.3865402,0.33578774,-0.13371158,-0.03970976
2023-08-29,-0.12600492,0.40494215,-0.45248342,-0.7049719,-0.10095149,-0.3800011,0.20884751,-0.59853673
2023-08-30,0.106011726,0.3011801,-0.26571804,-0.65665746,-0.23549318,-0.09740349,-0.00912901,-0.47428405
2023-08-31,0.14976828,0.28587586,-0.24261662,-0.64568156,-0.24699432,-0.072977155,-0.057391733,-0.44734156
2023-09-01,0.24498782,0.27716082,-0.15089594,-0.5941824,-0.2948229,0.056534387,-0.0660947,-0.32847202
2023-09-04,0.18544237,0.29898825,-0.20246655,-0.61139923,-0.26071405,-0.018851608,-0.019551843,-0.37254137
2023-09-05,0.23243073,0.26959935,-0.17834455,-0.6104912,-0.28429234,0.02431526,-0.11410269,-0.3686583
2023-09-06,0.1366296,0.31694546,-0.23782939,-0.62547135,-0.23792255,-0.07144618,0.024603821,-0.40472728
2023-09-07,0.33829153,0.24065366,-0.08817966,-0.57015437,-0.33648285,0.15054485,-0.1682527,-0.27340102
2023-09-08,0.11404288,0.3099171,-0.264241,-0.6443882,-0.22818816,-0.103461474,-0.0042746365,-0.44771117
2023-09-11,0.10815111,0.3247809,-0.26253277,-0.6329439,-0.22327566,-0.10232477,0.026187263,-0.42335862
2023-09-12,0.1863317,0.29921073,-0.21199557,-0.61181164,-0.25395992,-0.0310843,-0.04069799,-0.37737954
2023-09-13,0.275303,0.26337284,-0.12628107,-0.5888483,-0.31490642,0.0978455,-0.095711246,-0.3163189
2023-09-14,0.21214765,0.28656465,-0.18713906,-0.6076102,-0.27424428,0.009851471,-0.0639375,-0.36469883
2023-09-15,0.17196181,0.295506,-0.23540124,-0.6250655,-0.241952,-0.0645875,-0.06003382,-0.40911555
2023-09-18,0.1909209,0.27745792,-0.21119592,-0.6282676,-0.2639255,-0.027407829,-0.08055979,-0.40908682
2023-09-19,0.21461023,0.2940856,-0.18707387,-0.60039693,-0.26800206,0.0021123663,-0.04942134,-0.34925914
2023-09-20,0.18883905,0.28928846,-0.20409131,-0.6174289,-0.2648145,-0.015468866,-0.05552715,-0.38517654
2023-09-21,0.18392609,0.28416482,-0.21276109,-0.62651783,-0.26267534,-0.027410783,-0.06584469,-0.40615022
2023-09-22,0.04289697,0.3276072,-0.32591647,-0.6731481,-0.19111162,-0.193315,0.048731223,-0.5183344
2023-09-25,0.19509149,0.30013195,-0.19564474,-0.6042851,-0.26331943,-0.008023981,-0.029475942,-0.35699862
2023-09-26,0.14596526,0.29579136,-0.24639177,-0.63814056,-0.24035957,-0.07715393,-0.046887606,-0.43329263
2023-09-27,0.12434903,0.29736146,-0.25885195,-0.64930123,-0.23676324,-0.0909456,-0.03140989,-0.45885527
2023-09-28,0.13035244,0.31822518,-0.24025252,-0.6261433,-0.23796529,-0.06968191,0.022403158,-0.40686792
2023-10-09,0.16741782,0.29546183,-0.219275,-0.6243611,-0.25355172,-0.04263383,-0.028921142,-0.40032578
2023-10-10,0.20741914,0.28707364,-0.18553644,-0.6081288,-0.27558464,0.012289479,-0.057963423,-0.3638336
2023-10-11,0.14366376,0.2931781,-0.25350538,-0.6429797,-0.23781788,-0.08547013,-0.05702605,-0.4462872
2023-10-12,0.15592334,0.31380734,-0.21950257,-0.615212,-0.2495668,-0.039925188,0.013557717,-0.38291
2023-10-13,0.19142829,0.28446648,-0.20537953,-0.6208254,-0.26534662,-0.017718099,-0.061190844,-0.3934902
2023-10-16,0.29397857,0.272651,-0.11867916,-0.5693808,-0.3104016,0.10412381,-0.09628009,-0.27780598
2023-10-17,0.13298497,0.32212237,-0.24969083,-0.6233969,-0.22975898,-0.08125417,0.013450228,-0.40765864
2023-10-18,0.24173313,0.29113987,-0.15703884,-0.58407724,-0.28450507,0.04615306,-0.050391912,-0.3104342
2023-10-19,0.1361307,0.2818543,-0.2568674,-0.65764624,-0.24400222,-0.08538836,-0.07061909,-0.4758526
2023-10-20,0.1815938,0.28271055,-0.21906644,-0.62998277,-0.25966874,-0.036392625,-0.076059416,-0.41405678
2023-10-23,0.27681628,0.2753392,-0.13399848,-0.57654834,-0.30176133,0.08284154,-0.09874301,-0.2932114
2023-10-24,0.15808998,0.29099655,-0.23880246,-0.6355494,-0.2432001,-0.0714898,-0.04499478,-0.428495
2023-10-25,0.23147304,0.27329415,-0.16928694,-0.60673106,-0.2883193,0.034961134,-0.085438564,-0.35857052
2023-10-26,0.1753149,0.30113652,-0.20783612,-0.61712384,-0.260088,-0.024054226,-0.005741887,-0.38620943
2023-10-27,0.048788756,0.33939865,-0.30461848,-0.6568635,-0.19883817,-0.16553023,0.0844201,-0.47827953
2023-10-30,0.036378883,0.3379987,-0.32751885,-0.6667392,-0.18762344,-0.19237,0.059619114,-0.50566345
2023-10-31,0.20639887,0.29659772,-0.18235983,-0.60063654,-0.27269787,0.012145765,-0.02750194,-0.34777665
2023-11-01,0.1995082,0.29537064,-0.19925551,-0.607398,-0.26229325,-0.012939405,-0.047746256,-0.36577016
2023-11-02,0.21604241,0.28063652,-0.18871208,-0.6104602,-0.27462116,0.0073516183,-0.08597298,-0.37028265
2023-11-03,0.08356999,0.3116799,-0.29710543,-0.6630676,-0.21078806,-0.1509215,-0.0042117313,-0.49200392
2023-11-06,0.10687175,0.31539536,-0.27782798,-0.6458807,-0.2181203,-0.122987546,-0.004815154,-0.45555288
2023-11-07,0.14881301,0.30658838,-0.22938484,-0.6273763,-0.24839565,-0.052820105,-0.0017439574,-0.4089772
2023-11-08,0.12851769,0.29645863,-0.27834544,-0.65115446,-0.22290602,-0.11888881,-0.065729275,-0.4701417
2023-11-09,0.20051034,0.28938594,-0.19301414,-0.61121213,-0.27130562,0.002597846,-0.054443598,-0.3720829
2023-11-10,0.18213896,0.29371315,-0.21558438,-0.61949,-0.2563567,-0.03247737,-0.048221946,-0.3943491
2023-11-13,0.16217692,0.3017289,-0.22345686,-0.6229134,-0.2499431,-0.047982097,-0.018865414,-0.39862436
2023-11-14,0.13953683,0.29299733,-0.24525088,-0.6465296,-0.24577335,-0.07415058,-0.031872317,-0.4510187
2023-11-15,0.24567986,0.28012368,-0.16343224,-0.59268653,-0.2853668,0.04106289,-0.086937614,-0.33125865
2023-11-16,0.23842776,0.2815057,-0.15742107,-0.59457904,-0.29025635,0.04863599,-0.062357135,-0.33190405
2023-11-17,0.15343517,0.3027337,-0.23436216,-0.6290503,-0.2451508,-0.060790077,-0.019527674,-0.41517693
2023-11-20,0.14957292,0.3286106,-0.22902623,-0.6054915,-0.23519388,-0.057992492,0.03196384,-0.36531734
2023-11-21,0.20253274,0.28488433,-0.19592941,-0.6130753,-0.27027786,-0.0015139058,-0.075013444,-0.37555242
2023-11-22,0.22391814,0.2785959,-0.17770007,-0.6059813,-0.28124657,0.023245975,-0.08564392,-0.35830688
2023-11-23,0.14863987,0.3084115,-0.23099351,-0.6253208,-0.24349514,-0.061102882,0.007619098,-0.4048828
2023-11-24,0.23756954,0.28053257,-0.164285,-0.596236,-0.28612113,0.03924565,-0.073542684,-0.33702832
2023-11-27,0.13866757,0.31129003,-0.24111688,-0.6293408,-0.23902279,-0.072281405,0.0013103187,-0.41396475
2023-11-28,0.16815507,0.28981295,-0.22853252,-0.6315366,-0.2513607,-0.052193932,-0.05095896,-0.41956168
2023-11-29,0.21954295,0.27428392,-0.18578327,-0.6131385,-0.27797076,0.010752998,-0.0914492,-0.37507766
2023-11-30,0.18330169,0.29069394,-0.21181035,-0.62125266,-0.25957817,-0.028791303,-0.045370564,-0.39579707
2023-12-01,0.16526987,0.3141306,-0.20425478,-0.6092931,-0.25571635,-0.02594435,0.03409131,-0.36620337
2023-12-04,0.17984487,0.2837972,-0.2172685,-0.6280861,-0.2599692,-0.033244327,-0.07295972,-0.40936446
2023-12-05,0.22656424,0.28777507,-0.17015919,-0.59544784,-0.28023747,0.029885225,-0.059798464,-0.33499217
2023-12-06,0.14609066,0.29870826,-0.24185836,-0.6361945,-0.24310589,-0.07065689,-0.032394454,-0.4288817
2023-12-07,0.15961201,0.31333578,-0.21480954,-0.61296266,-0.25175738,-0.034396186,0.01599051,-0.37688106
2023-12-08,0.05903597,0.3371609,-0.31000245,-0.65380734,-0.19567673,-0.16755623,0.050783254,-0.4766072
2023-12-11,0.08827568,0.34385204,-0.2698598,-0.6293999,-0.21259893,-0.117722064,0.093697846,-0.41891408
2023-12-12,0.21179172,0.28424162,-0.18317422,-0.60920894,-0.277025,0.012511313,-0.056351006,-0.36600477
2023-12-13,0.19804472,0.28157723,-0.20191757,-0.61931217,-0.2685888,-0.009937085,-0.078929186,-0.3903929
2023-12-14,0.21251221,0.28732285,-0.19100812,-0.607142,-0.27025658,0.002447892,-0.06744205,-0.36502838
2023-12-15,0.23698342,0.27389893,-0.17339367,-0.60313225,-0.28210613,0.025544517,-0.09872159,-0.35244203
2023-12-18,0.21274555,0.2793637,-0.18987784,-0.6134314,-0.27478597,0.0053212643,-0.082232065,-0.37626123
2023-12-19,0.15378475,0.2953313,-0.24414438,-0.6362243,-0.24099845,-0.07519065,-0.052479304,-0.43070906
2023-12-20,0.23390552,0.28180018,-0.16784027,-0.5977623,-0.2834901,0.03335733,-0.07208446,-0.34052372
2023-12-21,0.05740484,0.3449642,-0.31202427,-0.65014493,-0.19035709,-0.17606233,0.064161405,-0.4686041
2023-12-22,0.18957636,0.30110934,-0.21324602,-0.6086736,-0.25241908,-0.03093276,-0.047518164,-0.37236035
2023-12-25,0.2046756,0.28780603,-0.1902716,-0.6105724,-0.27208117,0.0025301762,-0.054445617,-0.3692212
2023-12-26,0.25921434,0.27948695,-0.13420722,-0.5828006,-0.30280367,0.08058756,-0.060256414,-0.30328587
2023-12-27,0.15378197,0.30363372,-0.23577413,-0.62665874,-0.24332559,-0.06081885,-0.02471666,-0.41083664
2023-12-28,1.0328367e-05,0.34214273,-0.36528388,-0.68516326,-0.16510855,-0.25051597,0.0592262,-0.5464896
2023-12-29,0.14499806,0.29482102,-0.244295,-0.64084953,-0.24361935,-0.07334042,-0.03986921,-0.43975592
2024-01-02,0.24304655,0.28895032,-0.15850252,-0.58513474,-0.28322914,0.042731397,-0.05665411,-0.31318736
2024-01-03,0.25961465,0.26284823,-0.14647618,-0.60040694,-0.30370447,0.0670572,-0.10345828,-0.34265715
2024-01-04,0.24102995,0.2792033,-0.15732154,-0.5956239,-0.29133707,0.049631685,-0.06571854,-0.33461756
2024-01-05,0.25374126,0.25334513,-0.16606525,-0.6115379,-0.29567537,0.043808617,-0.15665026,-0.36926705
2024-01-08,0.30267143,0.26416758,-0.1054263,-0.5699988,-0.32157874,0.12428329,-0.10479136,-0.27558842
2024-01-09,0.2127184,0.25977135,-0.20227191,-0.6327951,-0.2753404,-0.010886338,-0.1217849,-0.41965312
2024-01-10,0.1753583,0.28652313,-0.22988191,-0.62847984,-0.24734336,-0.05856799,-0.07107341,-0.41206056
2024-01-11,0.06901365,0.32863337,-0.29452553,-0.6537129,-0.20873067,-0.14479479,0.038725384,-0.47008395
2024-01-12,0.22335117,0.26371226,-0.18486041,-0.62067944,-0.28321466,0.013510682,-0.11341454,-0.38969737
2024-01-15,0.17693304,0.274832,-0.23018482,-0.63919586,-0.25505236,-0.052552193,-0.09599919,-0.43512493
2024-01-16,0.19600978,0.27739844,-0.1998328,-0.6261968,-0.2730243,-0.0081065595,-0.0642422,-0.40443015
2024-01-17,0.24729437,0.2787274,-0.15572907,-0.590966,-0.29058376,0.05212502,-0.0834785,-0.3243432
2024-01-18,0.18383653,0.30170622,-0.19292949,-0.60975444,-0.26802328,-0.0010972731,0.014848262,-0.3711666
2024-01-19,0.17990988,0.2868645,-0.21337053,-0.62823445,-0.2632181,-0.027873183,-0.054871336,-0.4097293
2024-01-22,0.29802805,0.25067258,-0.12508929,-0.5859822,-0.3139128,0.09479409,-0.16081388,-0.31006545
2024-01-23,0.06187374,0.3111822,-0.3029956,-0.67176497,-0.21113817,-0.15535474,0.014095463,-0.50811076
2024-01-24,0.25589794,0.29374075,-0.119533,-0.57384855,-0.30694222,0.09608915,0.016554818,-0.28444988
2024-01-25,0.02235858,0.3535652,-0.3428239,-0.6622062,-0.17024556,-0.22256672,0.08527286,-0.49692184
2024-01-26,0.25318646,0.26784587,-0.15353554,-0.5970148,-0.29584014,0.05532428,-0.11129547,-0.33418733
2024-01-29,0.36421773,0.24050424,-0.059462078,-0.55388194,-0.34847176,0.18842873,-0.15371972,-0.2382211
2024-01-30,0.2952974,0.2548751,-0.11878833,-0.5824217,-0.31865326,0.10833443,-0.14152247,-0.30180082
2024-01-31,0.17533785,0.3287178,-0.21385986,-0.59230864,-0.24193051,-0.03558594,0.007892847,-0.33818758
2024-02-01,0.078592554,0.29397812,-0.33176044,-0.68379813,-0.19237636,-0.20484099,-0.076790445,-0.5409282
2024-02-02,0.37980276,0.21495244,-0.065886796,-0.5727011,-0.35674492,0.18551916,-0.22846931,-0.275997
2024-02-05,0.04166922,0.41429636,-0.22885987,-0.58611006,-0.21808797,-0.067445174,0.3223376,-0.30983585
2024-02-06,-0.26336557,0.42532563,-0.5561381,-0.7681966,-0.049305912,-0.5243009,0.28027084,-0.73755157
2024-02-07,0.0415786,0.29607716,-0.35259476,-0.7032019,-0.19051915,-0.21844819,-0.061618105,-0.58644015
2024-02-08,0.18529092,0.2428096,-0.23712549,-0.6637951,-0.2658701,-0.052996427,-0.17583203,-0.48815352
2024-02-19,0.22575852,0.28892687,-0.16159926,-0.5962776,-0.28472188,0.036374077,-0.021039896,-0.3357008
2024-02-20,0.20068747,0.30159497,-0.18567923,-0.59942883,-0.26809847,0.005200781,-0.009760894,-0.34637862
2024-02-21,0.023382856,0.36205468,-0.34243405,-0.6525148,-0.16667841,-0.22047839,0.08134204,-0.47692394
2024-02-22,0.13145673,0.2927516,-0.25837496,-0.6520274,-0.24036494,-0.08714108,-0.05031786,-0.46558392
2024-02-23,0.21342728,0.30248597,-0.16449785,-0.591002,-0.28048947,0.034423567,0.0065119863,-0.32506084
2024-02-26,0.096472114,0.33172163,-0.2821378,-0.6372147,-0.2093547,-0.13182727,0.023362413,-0.4369272
2024-02-27,-0.050445028,0.41036123,-0.37738952,-0.6530584,-0.1362221,-0.27136588,0.23366916,-0.48526406
2024-02-28,0.28098932,0.21618241,-0.14269696,-0.6244925,-0.32610506,0.0880857,-0.2338085,-0.38945663
2024-02-29,-0.041290432,0.2996554,-0.42026502,-0.75415796,-0.16078952,-0.31641808,-0.027770057,-0.6969101
2024-03-01,0.16589454,0.29981524,-0.21710435,-0.6237086,-0.25375047,-0.042429842,-0.006989807,-0.39888966
2024-03-04,0.1740822,0.31053427,-0.22024703,-0.6105981,-0.24660492,-0.043713927,-0.016138382,-0.37709045
2024-03-05,0.13217424,0.30263403,-0.2628794,-0.6422201,-0.2309193,-0.09622028,-0.044347577,-0.4478203
2024-03-06,0.14723587,0.33662122,-0.22583774,-0.5980741,-0.23417994,-0.053443603,0.046848588,-0.34939414
2024-03-07,0.30138287,0.23916882,-0.11847128,-0.59597373,-0.32613143,0.109393455,-0.1673153,-0.3297631
2024-03-08,0.14577347,0.3035456,-0.2340247,-0.63186765,-0.24706432,-0.058208287,-0.005425267,-0.42033845
2024-03-11,0.054647118,0.33567616,-0.30312848,-0.65744966,-0.20210972,-0.15936267,0.067744695,-0.47964084
2024-03-12,0.18978441,0.2853672,-0.20085919,-0.6203799,-0.27004585,-0.0072317272,-0.058007874,-0.3922348
2024-03-13,0.1806824,0.29390895,-0.20449357,-0.61685205,-0.26407686,-0.015813865,-0.04340093,-0.38224357
2024-03-14,0.23850986,0.27274054,-0.17785516,-0.60607445,-0.2831721,0.026198797,-0.1125791,-0.36212248
2024-03-15,0.1748785,0.3089216,-0.19969144,-0.60917515,-0.26077914,-0.01647745,0.021851666,-0.36721015
2024-03-18,0.072257325,0.3218444,-0.3068104,-0.66188866,-0.20198388,-0.1657724,0.016396947,-0.4917
2024-03-19,0.21630602,0.27964923,-0.18731841,-0.60962135,-0.27550507,0.009125657,-0.08864818,-0.36708534
2024-03-20,0.15539598,0.29964823,-0.22381264,-0.62772703,-0.2538251,-0.04266014,-0.018381856,-0.40860468
2024-03-21,0.26158535,0.26214483,-0.1343766,-0.5958687,-0.3129889,0.090245835,-0.10172281,-0.32984197
2024-03-22,0.2120913,0.2859256,-0.17417601,-0.60531694,-0.2828741,0.027167603,-0.049812995,-0.35403317
2024-03-25,0.19832157,0.28938174,-0.21109033,-0.61216533,-0.25548223,-0.02996084,-0.08207094,-0.3770088
2024-03-26,0.24291971,0.26474258,-0.1554685,-0.6075437,-0.2993237,0.05286201,-0.09198072,-0.35671353
2024-03-27,0.24865425,0.28342682,-0.14746204,-0.58419424,-0.29256546,0.061367832,-0.065555945,-0.30778134
2024-03-28,0.04974889,0.33039522,-0.3309079,-0.66601336,-0.18492824,-0.19817314,0.01254122,-0.50491685
2024-03-29,0.19001646,0.30305406,-0.18753013,-0.6051034,-0.2697299,0.0040001273,0.004286699,-0.35767066
2024-04-01,0.100755855,0.31471303,-0.283975,-0.6500788,-0.21540368,-0.13131094,-0.004548788,-0.4655636
2024-04-02,0.22693637,0.29073742,-0.17337972,-0.59387785,-0.2770316,0.025658742,-0.058104202,-0.33443117
2024-04-03,0.24804041,0.29297644,-0.15705758,-0.5804294,-0.282884,0.046433873,-0.056650817,-0.30585194
2024-04-08,0.26386803,0.2723276,-0.14720465,-0.5879954,-0.29615736,0.06319546,-0.1013481,-0.31813544
2024-04-09,0.10555098,0.33068532,-0.27115825,-0.6325045,-0.21562514,-0.11633817,0.036889322,-0.4268269
2024-04-10,0.28762704,0.27137855,-0.121729255,-0.57443064,-0.30950475,0.098308645,-0.08948444,-0.2878946
2024-04-11,0.12817052,0.28937277,-0.25988922,-0.65341705,-0.24025509,-0.088451385,-0.06340149,-0.4653988
2024-04-12,0.1555379,0.29884896,-0.23261738,-0.62849915,-0.24796316,-0.054391272,-0.044452034,-0.41125524
2024-04-15,0.094180435,0.2991419,-0.3083142,-0.6702911,-0.20754997,-0.16438293,-0.062009305,-0.51060736
2024-04-16,0.221888,0.2944246,-0.1726371,-0.59233147,-0.27796155,0.029280297,-0.051628605,-0.32984364
2024-04-17,0.111373946,0.30127448,-0.2789787,-0.6575719,-0.22365397,-0.123257674,-0.024939157,-0.4812253
2024-04-18,0.15348135,0.29558244,-0.24652249,-0.63406783,-0.23755127,-0.07991121,-0.056434266,-0.4262548
2024-04-19,0.24401373,0.28300807,-0.15227923,-0.5887023,-0.29290402,0.059255622,-0.06585877,-0.3197257
2024-04-22,0.105314344,0.30471852,-0.2821542,-0.65408087,-0.21825612,-0.1294092,-0.025774091,-0.4720633
2024-04-23,0.21312879,0.2933425,-0.17304409,-0.5988218,-0.27955982,0.026741058,-0.03308153,-0.34140533
2024-04-24,0.12580979,0.31498015,-0.24923241,-0.63255316,-0.23317665,-0.084841564,0.016328856,-0.4213915
2024-04-25,0.18565813,0.29391468,-0.21876094,-0.61851716,-0.25208226,-0.041089043,-0.05786281,-0.39189738
2024-04-26,0.020473083,0.32959116,-0.34854063,-0.6844216,-0.18128675,-0.21864924,0.031359896,-0.5445709
2024-04-29,0.010013776,0.32011876,-0.3775418,-0.7027625,-0.16611214,-0.26426363,-0.0038480163,-0.5879488
2024-04-30,0.20626655,0.29323423,-0.18031402,-0.6030933,-0.27523854,0.014454186,-0.032570377,-0.35111803
2024-05-06,0.20372455,0.27891177,-0.19851437,-0.619506,-0.270724,-0.0070977323,-0.07640093,-0.39096272
2024-05-07,0.22216605,0.27279025,-0.17446643,-0.6119355,-0.28691146,0.028559148,-0.085285746,-0.3688842
2024-05-08,0.22025749,0.2797273,-0.17689744,-0.6071608,-0.2809132,0.021124333,-0.06841272,-0.3602596
2024-05-09,0.04071366,0.32705128,-0.32861015,-0.67438203,-0.19214754,-0.1911721,0.029774144,-0.5206233
2024-05-10,0.25228876,0.2982803,-0.13994761,-0.5706177,-0.29132923,0.0697486,-0.028839566,-0.2799811
2024-05-13,0.16477993,0.2879166,-0.23014799,-0.63375854,-0.25187528,-0.05325415,-0.062242657,-0.42205
2024-05-14,0.20658234,0.2905039,-0.18988419,-0.6070632,-0.27017745,0.0019128844,-0.052614756,-0.3627059
2024-05-15,0.22080314,0.28179848,-0.18120098,-0.60472125,-0.27681428,0.016139321,-0.07676592,-0.35689026
2024-05-16,0.18819055,0.2910751,-0.21107379,-0.61641,-0.25912043,-0.024489915,-0.06582431,-0.38562387
2024-05-17,0.12536779,0.30323952,-0.25602153,-0.6439656,-0.23488897,-0.09088632,-0.012603365,-0.4472959
2024-05-20,0.18492061,0.27506012,-0.21253353,-0.6324776,-0.26621336,-0.02587642,-0.08028127,-0.41786236
2024-05-21,0.19435279,0.28982812,-0.20299125,-0.6147705,-0.26445025,-0.014277168,-0.060587272,-0.38026595
2024-05-22,0.13605644,0.32199064,-0.22563562,-0.61893725,-0.24459362,-0.05194015,0.051447235,-0.3894046
2024-05-23,0.2447876,0.28472894,-0.16005737,-0.5891087,-0.2858636,0.045558825,-0.07168064,-0.3235699
2024-05-24,0.26031065,0.26252273,-0.15171047,-0.5988786,-0.30009952,0.063332275,-0.12537661,-0.34179765
2024-05-27,0.0987996,0.35010386,-0.24888498,-0.61586064,-0.2231678,-0.08717067,0.118887514,-0.3870448
2024-05-28,0.17978472,0.26910046,-0.22610411,-0.64202005,-0.26206517,-0.0402909,-0.11024949,-0.4406975
2024-05-29,0.18308172,0.27492636,-0.22008744,-0.6351762,-0.2634971,-0.032110617,-0.095805965,-0.4255889
2024-05-30,0.09527656,0.3119353,-0.28482044,-0.6550514,-0.21712723,-0.13153185,-0.0044749975,-0.47422057
2024-05-31,0.16940925,0.2874881,-0.224974,-0.63131183,-0.25600195,-0.042389296,-0.06437923,-0.4177671
2024-06-03,0.150345,0.27392456,-0.25174773,-0.656321,-0.2468788,-0.0812841,-0.094957694,-0.47222757
2024-06-04,0.16173546,0.30436003,-0.22634664,-0.62304646,-0.24769673,-0.051129915,-0.010810137,-0.40251553
2024-06-05,0.16082983,0.27952248,-0.23877758,-0.6447946,-0.25191298,-0.06138957,-0.085169815,-0.4475423
2024-06-06,0.24189806,0.27626905,-0.16840422,-0.59902304,-0.28536332,0.03564576,-0.101786144,-0.34434873
2024-06-07,0.22908896,0.26871622,-0.1659225,-0.61238146,-0.2942238,0.041702844,-0.07794037,-0.3705895
2024-06-11,0.04470159,0.3515936,-0.31710693,-0.6508787,-0.187002,-0.18027449,0.09242444,-0.47294807
2024-06-12,0.20164716,0.28687182,-0.19069225,-0.61205953,-0.27253407,0.002653323,-0.052394435,-0.37243015
2024-06-13,0.12493232,0.3136232,-0.25006565,-0.6319892,-0.2342824,-0.08029522,0.000761345,-0.42069447
2024-06-14,0.19468558,0.29894596,-0.19398415,-0.60581154,-0.26514414,-0.005617641,-0.027427025,-0.35957748
2024-06-17,0.121181324,0.30467564,-0.26708803,-0.6451987,-0.22694021,-0.106946364,-0.028384373,-0.45147473
2024-06-18,0.19318664,0.27879474,-0.21357787,-0.6268894,-0.26374152,-0.025115617,-0.08981056,-0.40950328
2024-06-19,0.2033792,0.3052383,-0.17669263,-0.59449196,-0.2726998,0.017467357,-0.0023136064,-0.33287174
2024-06-20,0.12658238,0.30170494,-0.27479994,-0.6472,-0.22117186,-0.12073124,-0.05317919,-0.45781213
2024-06-21,0.12657925,0.32218525,-0.24219203,-0.6256463,-0.23401114,-0.07794974,0.03851398,-0.4054305
2024-06-24,0.25679728,0.25774926,-0.14861642,-0.60171807,-0.30534616,0.07133161,-0.13274378,-0.3445438
2024-06-25,0.3271434,0.25929105,-0.08747321,-0.55893666,-0.33125594,0.15101683,-0.12540764,-0.248773
2024-06-26,0.096233755,0.3295412,-0.25914368,-0.63660157,-0.22667757,-0.09763669,0.074568406,-0.43188888
2024-06-27,0.2435112,0.2787425,-0.16095161,-0.59484243,-0.2874742,0.041770652,-0.081205755,-0.33278513
2024-06-28,0.19560234,0.26202595,-0.21936238,-0.6398545,-0.26726478,-0.030068045,-0.13900992,-0.43588114
2024-07-01,0.17426838,0.32641634,-0.18524426,-0.5902921,-0.26211476,0.00378374,0.059916288,-0.32351953
2024-07-02,0.23373005,0.27684608,-0.16872016,-0.6014929,-0.2851791,0.03286224,-0.084966294,-0.3471434
2024-07-03,0.13341211,0.33569875,-0.24587584,-0.6085037,-0.22384027,-0.07982591,0.036145017,-0.37568003
2024-07-04,0.25506642,0.27178317,-0.15202288,-0.5941316,-0.29686746,0.06090124,-0.10075456,-0.33176523
2024-07-05,0.0921107,0.34551653,-0.25321588,-0.6236094,-0.22233433,-0.09601969,0.110369295,-0.40061373
2024-07-08,0.21024416,0.26992846,-0.20034564,-0.6239566,-0.2736575,-0.0051716864,-0.11523158,-0.400513
2024-07-09,-0.0005121082,0.36457768,-0.33808884,-0.66445816,-0.1749072,-0.21261725,0.14147748,-0.4997539
2024-07-10,0.15367042,0.28457636,-0.24285921,-0.6440857,-0.24760187,-0.06910894,-0.07158446,-0.44601643
2024-07-11,0.20787069,0.28206417,-0.18382059,-0.6102772,-0.27706733,0.012384914,-0.057569496,-0.3666941
2024-07-12,0.1363764,0.31664288,-0.23850155,-0.62450224,-0.237319,-0.071524784,0.020364359,-0.40344268
2024-07-15,0.17667452,0.300649,-0.21438488,-0.61587685,-0.25507805,-0.031402092,-0.03310255,-0.38483238
2024-07-16,0.028907357,0.355613,-0.32336178,-0.65592855,-0.18302657,-0.19344366,0.10711244,-0.47960925
2024-07-17,0.15599413,0.2977568,-0.23109919,-0.63050103,-0.24886334,-0.05496391,-0.034974255,-0.4158075
2024-07-18,0.057768144,0.36657757,-0.28443274,-0.6248205,-0.19827385,-0.13854843,0.13670263,-0.409092
2024-07-19,0.03362322,0.32876942,-0.3444957,-0.6792799,-0.18009159,-0.21843246,0.026435316,-0.5347743
2024-07-22,0.17505528,0.28367645,-0.2246184,-0.6338553,-0.2576187,-0.041385602,-0.06783702,-0.42525965
2024-07-23,0.34523708,0.2564992,-0.07524441,-0.5503298,-0.3343893,0.16340712,-0.13876599,-0.22861296
2024-07-24,0.21427955,0.27424288,-0.19310671,-0.61631763,-0.27498785,0.004534982,-0.09933061,-0.3844071
2024-07-25,0.11509915,0.31367168,-0.27517653,-0.64215964,-0.21895885,-0.11721514,-0.017180517,-0.45021284
2024-07-26,0.13548614,0.3209207,-0.2502423,-0.6238952,-0.22989741,-0.08201986,0.0013799891,-0.40817976
2024-07-29,0.23874184,0.2727752,-0.16706106,-0.60188967,-0.2885004,0.039887525,-0.10232686,-0.34813583
2024-07-30,0.14692846,0.31252375,-0.24446109,-0.62483925,-0.23298332,-0.08095913,-0.0074825212,-0.40778553
2024-07-31,-0.11524384,0.37870735,-0.46257532,-0.72341573,-0.10338302,-0.39227024,0.14019278,-0.6400186
2024-08-01,0.18296754,0.2991721,-0.19608638,-0.61022055,-0.2674834,-0.0043893084,-0.024388745,-0.36574864
2024-08-02,0.21942434,0.26176158,-0.1931872,-0.625568,-0.2821531,0.0100726485,-0.13355245,-0.40330267
2024-08-05,0.28514785,0.25153768,-0.14282587,-0.59585565,-0.30777487,0.07953768,-0.1635553,-0.3388676
2024-08-06,0.21937756,0.28615206,-0.18300304,-0.60637707,-0.27577004,0.012196802,-0.057095982,-0.36315215
2024-08-07,0.20257083,0.2886443,-0.19728571,-0.61095476,-0.26715255,-0.006669022,-0.069022276,-0.3714853
2024-08-08,0.10491456,0.33764222,-0.28105575,-0.62707883,-0.20443983,-0.1309242,0.031683564,-0.42059886
2024-08-09,0.24016353,0.2777047,-0.16410773,-0.598666,-0.2876098,0.039559945,-0.0834653,-0.34179586
2024-08-12,0.15432596,0.30012736,-0.23841205,-0.6297019,-0.24267274,-0.06573366,-0.03815022,-0.41662276
2024-08-13,0.18272124,0.2971112,-0.20917994,-0.61585784,-0.2598677,-0.023205277,-0.03696373,-0.38377917
2024-08-14,0.23149516,0.2883738,-0.16569424,-0.59322953,-0.2828163,0.03619086,-0.053703777,-0.33104378
2024-08-15,0.12511761,0.2874564,-0.28158158,-0.6613599,-0.2249305,-0.12524503,-0.07902583,-0.48941398
2024-08-16,0.18939541,0.28425434,-0.2057918,-0.62187964,-0.2653911,-0.018735547,-0.06321288,-0.39509726
2024-08-19,0.18055914,0.2801476,-0.21860489,-0.6323377,-0.26189086,-0.033216428,-0.07993127,-0.41918546
2024-08-20,0.26796895,0.26996264,-0.14426374,-0.5886472,-0.29913074,0.067771934,-0.10425254,-0.31951997
2024-08-21,0.16872229,0.28787866,-0.23204735,-0.6337623,-0.25054097,-0.05572667,-0.06777874,-0.42435896
2024-08-22,0.23926547,0.27814418,-0.16295852,-0.59815687,-0.28899962,0.0431602,-0.08305314,-0.34042865
2024-08-23,0.16224304,0.31603092,-0.21081962,-0.60915494,-0.25234255,-0.030355532,0.023732536,-0.3685791
2024-08-26,0.20234072,0.28130355,-0.19935158,-0.6182562,-0.26998442,-0.006731674,-0.07435228,-0.38917816
2024-08-27,0.22390199,0.29532865,-0.17043051,-0.5903505,-0.27763742,0.030534059,-0.040901378,-0.32633507
2024-08-28,0.1837171,0.2971874,-0.20850283,-0.61523384,-0.25852436,-0.02661697,-0.03638775,-0.38132203
2024-08-29,0.04351694,0.34319988,-0.32939905,-0.6592841,-0.18081196,-0.20148844,0.05425506,-0.48955053
2024-08-30,-0.002684189,0.33083504,-0.37746808,-0.6987624,-0.16402814,-0.2635391,0.019943222,-0.57755613
2024-09-02,0.3148464,0.26014552,-0.10134837,-0.5677136,-0.32404113,0.12959346,-0.1253362,-0.26999208
2024-09-03,0.13073947,0.28408563,-0.2637767,-0.6590967,-0.23906961,-0.09677251,-0.071818665,-0.4789384
2024-09-04,0.1441158,0.2991372,-0.25261724,-0.63877267,-0.23562509,-0.08692353,-0.045890294,-0.43769485
2024-09-05,0.17310882,0.2831562,-0.23278362,-0.63464594,-0.25164607,-0.053983636,-0.08819616,-0.42632997
2024-09-06,0.2537432,0.26249787,-0.1580733,-0.60320514,-0.29538086,0.049406864,-0.11659926,-0.35040867
2024-09-09,0.22141378,0.27722222,-0.18057579,-0.60969466,-0.2818067,0.022129834,-0.0852649,-0.36797518
2024-09-10,0.15524246,0.3215947,-0.21022257,-0.60801154,-0.25149283,-0.030785091,0.051422805,-0.36652142
2024-09-11,0.12994164,0.29474372,-0.26280913,-0.65055686,-0.23381448,-0.099041656,-0.04621596,-0.46241885
2024-09-12,0.20598713,0.27878416,-0.1909908,-0.6166106,-0.27725407,0.008502074,-0.08294913,-0.3823076
2024-09-13,0.22216734,0.26635447,-0.18749121,-0.61919266,-0.2817599,0.013322026,-0.11806905,-0.3882861
2024-09-18,0.23501086,0.294263,-0.14701226,-0.5842714,-0.29151955,0.059292436,-0.019466303,-0.30664784
2024-09-19,0.14955863,0.3050433,-0.2471807,-0.6293,-0.232824,-0.08591266,-0.03082224,-0.4159115
2024-09-20,0.23667061,0.2867795,-0.16167092,-0.59268254,-0.28616259,0.043077,-0.051462226,-0.33085722
2024-09-23,0.20340621,0.28057846,-0.19456533,-0.6178414,-0.27393675,0.0008222349,-0.076036476,-0.3858617
2024-09-24,-0.006460868,0.41480067,-0.3383952,-0.62130153,-0.15194209,-0.21692067,0.22614607,-0.4142233
2024-09-25,0.22143945,0.24042472,-0.20364058,-0.64374036,-0.28249496,-0.006997671,-0.1811277,-0.44192517
2024-09-26,-0.004141053,0.37119126,-0.33180287,-0.6595733,-0.17638311,-0.20638901,0.17884734,-0.4863662
2024-09-27,-0.2869093,0.4840923,-0.5717416,-0.7230006,-0.013845522,-0.54108113,0.37359604,-0.65695035
2024-09-30,-0.43933317,0.6350275,-0.6798592,-0.711649,0.09294169,-0.74138635,0.6956296,-0.62966764
2024-10-08,0.1551682,0.3417879,-0.2136689,-0.5897873,-0.24442309,-0.02272246,0.066758,-0.3369258
2024-10-09,0.120113045,0.40796584,-0.14700194,-0.5219101,-0.24917883,0.035430737,0.27470836,-0.16132891
2024-10-10,0.41297507,0.34392792,-0.013169669,-0.4316059,-0.30474588,0.21817628,-0.011784956,0.008987933
2024-10-11,0.43917975,0.26461852,0.0035221502,-0.4843317,-0.36007228,0.2718035,-0.14090645,-0.0901466
2024-10-14,0.0069001,0.43487018,-0.29997727,-0.59275544,-0.16817254,-0.16207165,0.28750876,-0.3463751
2024-10-15,0.21724702,0.2389724,-0.21275957,-0.64467853,-0.27513427,-0.021192119,-0.20011106,-0.44434017
2024-10-16,0.15515824,0.28239748,-0.2593563,-0.65070206,-0.24124259,-0.08471173,-0.10637266,-0.4688639
2024-10-17,0.22276352,0.27902544,-0.18081939,-0.6050998,-0.27932605,0.021045573,-0.093841754,-0.3573181
2024-10-18,-0.42644453,0.5832024,-0.6416334,-0.753258,0.031047098,-0.6653742,0.6449561,-0.6955006
2024-10-21,0.03698335,0.3555078,-0.36791858,-0.64869356,-0.15079775,-0.23996249,-0.011165507,-0.4827299
2024-10-22,0.16869333,0.27791062,-0.2410163,-0.64254725,-0.24882704,-0.06462419,-0.08862517,-0.44718105
2024-10-23,0.10803075,0.32448822,-0.28027967,-0.63367164,-0.21093053,-0.12582064,-0.010414153,-0.4296261
2024-10-24,0.15384656,0.2967586,-0.2499685,-0.6359076,-0.23568285,-0.084551744,-0.05318684,-0.4333446
2024-10-25,0.091734074,0.3434162,-0.2942019,-0.62775296,-0.19586244,-0.1462039,0.0303858,-0.42424524
2024-10-28,0.19695061,0.2941575,-0.19824946,-0.6086281,-0.26239234,-0.0145300925,-0.039231546,-0.3663395
2024-10-29,0.22925344,0.25860065,-0.1970363,-0.62585974,-0.27565858,-0.0079369955,-0.14791597,-0.4032073
2024-10-30,0.28837827,0.23433664,-0.1372967,-0.61155576,-0.3186357,0.082556315,-0.17253959,-0.36627716
2024-10-31,0.10226295,0.3047299,-0.28747213,-0.6606187,-0.21408227,-0.14529532,-0.0056257993,-0.48778456
2024-11-01,0.24514431,0.2696275,-0.16875105,-0.60303587,-0.2878607,0.037246034,-0.1175869,-0.35312772
2024-11-04,0.10579488,0.28799435,-0.29285324,-0.6730685,-0.22219545,-0.1379619,-0.06331634,-0.5161443
2024-11-05,-0.08092346,0.3476022,-0.44794744,-0.730241,-0.12329242,-0.36237332,0.055585176,-0.6526799
2024-11-06,0.12968796,0.3019364,-0.24766415,-0.6368792,-0.23781645,-0.08002292,-0.023916602,-0.42710817
2024-11-07,0.04167621,0.3314295,-0.31502104,-0.67260367,-0.20138021,-0.17312828,0.074310884,-0.516278
2024-11-08,0.26009285,0.2431471,-0.17098945,-0.61790085,-0.29254884,0.030485317,-0.18890211,-0.38025886
2024-11-11,-0.06320787,0.33467782,-0.4240057,-0.7320845,-0.14859478,-0.31251127,0.034158036,-0.6557143
2024-11-12,0.29619956,0.25191283,-0.13145564,-0.58431625,-0.3111047,0.09381349,-0.17015675,-0.3119135
2024-11-13,0.1109606,0.30902594,-0.26629195,-0.6487429,-0.22955796,-0.102080345,0.009717748,-0.46207273
2024-11-14,0.2813656,0.2442598,-0.14664866,-0.6022265,-0.3075834,0.07308044,-0.18388443,-0.34883428
2024-11-15,0.28000474,0.25179824,-0.14268532,-0.5929635,-0.30597478,0.07655168,-0.17069644,-0.32556176
2024-11-18,0.26642787,0.25631362,-0.17444444,-0.5998021,-0.28178194,0.025725856,-0.1774421,-0.34911436
2024-11-19,0.15556426,0.30967435,-0.21552268,-0.62466145,-0.25708708,-0.034515977,0.04784386,-0.40577877
2024-11-20,0.1236109,0.32511964,-0.25596365,-0.6253466,-0.22691333,-0.08785391,0.019673422,-0.4119091
2024-11-21,0.11927803,0.3049592,-0.27489084,-0.64766157,-0.22256973,-0.11712445,-0.042780332,-0.45803815
2024-11-22,0.34108654,0.20924059,-0.106900506,-0.59996367,-0.34021908,0.1308029,-0.26176298,-0.33828378
2024-11-25,0.30297348,0.26967037,-0.11120425,-0.5668863,-0.3163988,0.116597705,-0.10140734,-0.27172363
2024-11-26,0.17858684,0.27634957,-0.22384372,-0.6366331,-0.26047096,-0.038141735,-0.09297179,-0.4294654
2024-11-27,0.015687602,0.36986843,-0.3541727,-0.65576065,-0.15506314,-0.24710572,0.12518056,-0.49004394
2024-11-28,0.14148715,0.29798657,-0.25278902,-0.64061624,-0.23516867,-0.0914675,-0.048347868,-0.43762958
2024-11-29,-0.050173312,0.40420347,-0.3867413,-0.6561369,-0.13381642,-0.27569193,0.18508835,-0.49408984
2024-12-02,0.14321494,0.28678375,-0.24559087,-0.6479352,-0.24678266,-0.073108435,-0.056626357,-0.45360392
2024-12-03,0.23314682,0.28728527,-0.16374037,-0.5940137,-0.28453293,0.03940417,-0.046229504,-0.33484674
2024-12-04,0.26436734,0.28124323,-0.14391959,-0.5779969,-0.29361486,0.06821117,-0.09104153,-0.2975613
2024-12-05,0.13827683,0.30448025,-0.25471494,-0.6380014,-0.23337084,-0.09000362,-0.031069323,-0.43611872
2024-12-06,0.09470394,0.35127872,-0.28927088,-0.6235,-0.1935491,-0.1495808,0.061080948,-0.4140482
2024-12-09,0.26176202,0.26289138,-0.14716788,-0.5999573,-0.3024169,0.06497623,-0.10290138,-0.3429684
2024-12-10,0.43149504,0.25581628,0.01634816,-0.48616552,-0.3680181,0.28140077,-0.116043955,-0.09016764
2024-12-11,0.1672773,0.2940846,-0.23304373,-0.6286077,-0.24643284,-0.05814621,-0.054674454,-0.4150167
2024-12-12,0.15200017,0.31577855,-0.2261635,-0.61497295,-0.24431089,-0.048059203,0.009339817,-0.3844344
2024-12-13,0.22408834,0.28416955,-0.16778539,-0.59990746,-0.2840102,0.032656573,-0.059156433,-0.3427068
2024-12-16,0.25979134,0.27279353,-0.1438766,-0.5888654,-0.29884118,0.067320116,-0.089758836,-0.31725177
2024-12-17,0.19406915,0.2771746,-0.20061687,-0.6255552,-0.27247652,-0.008912753,-0.079403654,-0.3999262
2024-12-18,0.10144273,0.3330565,-0.2688654,-0.62980056,-0.21563375,-0.112643674,0.04401359,-0.41953576
2024-12-19,0.016126877,0.35410753,-0.3304065,-0.6623198,-0.18207093,-0.19914275,0.10393596,-0.4926085
2024-12-20,0.020935839,0.32862347,-0.3607397,-0.68417937,-0.17317973,-0.2323071,0.0013495088,-0.548003
2024-12-23,0.21599877,0.27044058,-0.18589501,-0.6182736,-0.28311375,0.0175936,-0.108074225,-0.3842917
2024-12-24,0.126867,0.32792395,-0.24417108,-0.6202146,-0.23123223,-0.0761329,0.04294154,-0.3974604
2024-12-25,0.17367858,0.28600663,-0.20927915,-0.6287247,-0.2661764,-0.022745736,-0.048033126,-0.40615636
2024-12-26,0.10372169,0.321814,-0.27655432,-0.64114004,-0.2171905,-0.11932201,0.01168035,-0.44659215
2024-12-27,0.17680901,0.26949129,-0.24711123,-0.645582,-0.24740708,-0.07101336,-0.14541155,-0.45260566
2024-12-30,0.14562173,0.28600794,-0.2497603,-0.6479744,-0.24250606,-0.0814992,-0.060836427,-0.45461404
2024-12-31,0.31963286,0.25677136,-0.100813,-0.5675348,-0.3242786,0.13031006,-0.1356971,-0.2698732
2025-01-02,0.37227228,0.24017048,-0.06665896,-0.55163676,-0.34383363,0.18007475,-0.19049382,-0.23250005
2025-01-03,0.23442191,0.27189964,-0.18737102,-0.60800314,-0.2736606,0.005632758,-0.12131479,-0.36665612
2025-01-06,0.22910106,0.2749242,-0.17931151,-0.6062591,-0.27925557,0.018728219,-0.09226465,-0.36039603
2025-01-07,0.078384675,0.3274249,-0.27647534,-0.6512906,-0.22021028,-0.12213648,0.07110675,-0.46322107
2025-01-08,0.14412378,0.31334403,-0.19988784,-0.6216263,-0.2633459,-0.021784589,0.08078411,-0.3867439
2025-01-09,0.14020826,0.2954633,-0.25606212,-0.6443114,-0.2380541,-0.085463636,-0.057563096,-0.44974244
2025-01-10,0.18833672,0.24656215,-0.23112553,-0.6594181,-0.26772842,-0.047362503,-0.17115682,-0.47550273
2025-01-13,0.13206077,0.2890782,-0.2635113,-0.656237,-0.2359001,-0.101092026,-0.05646789,-0.47464192
2025-01-14,0.026950574,0.3641436,-0.33596507,-0.6509335,-0.16816504,-0.21817881,0.11221349,-0.47434348
2025-01-15,0.16310632,0.286434,-0.24184123,-0.6378041,-0.24340293,-0.07356933,-0.075138256,-0.43372416
2025-01-16,0.318708,0.24428919,-0.09253689,-0.58053696,-0.3381331,0.14442578,-0.13925782,-0.29355162
2025-01-17,0.03931883,0.35854012,-0.3087861,-0.64104825,-0.1896914,-0.16608682,0.10310158,-0.44628304
2025-01-20,0.18691441,0.2863392,-0.21156612,-0.62105215,-0.26009604,-0.028086428,-0.06922785,-0.39338773
2025-01-21,0.15302002,0.318497,-0.23133081,-0.6140682,-0.23874313,-0.05845955,0.010062389,-0.38530165
2025-01-22,0.16788888,0.30375516,-0.22335398,-0.619807,-0.24916637,-0.046121955,-0.022026658,-0.39556932
2025-01-23,0.28454575,0.24398893,-0.14386386,-0.6021945,-0.31039506,0.07679299,-0.17735705,-0.34961486
2025-01-24,0.11580895,0.30328512,-0.27610928,-0.65155804,-0.22401556,-0.11621612,-0.035452068,-0.4681762
2025-01-27,0.2656728,0.27636606,-0.13807099,-0.5827812,-0.29978335,0.07446248,-0.07986751,-0.30583918
2025-02-05,0.19551392,0.29517123,-0.21044719,-0.61133546,-0.25547984,-0.028524993,-0.052755892,-0.37784374
2025-02-06,-0.028889624,0.34922138,-0.40018764,-0.70038795,-0.14427096,-0.30173567,0.06388116,-0.58578646
2025-02-07,0.12661126,0.29400933,-0.29183614,-0.65373063,-0.2156904,-0.13342962,-0.106742516,-0.477637
2025-02-10,0.09148555,0.32734713,-0.27292347,-0.6420915,-0.2193034,-0.116333865,0.048545204,-0.44473922
2025-02-11,0.19728689,0.32353938,-0.18406025,-0.5789678,-0.25875998,0.0058822297,0.016948715,-0.3031103
2025-02-12,0.13317864,0.306617,-0.24691188,-0.6385112,-0.23763576,-0.082953416,0.004929289,-0.43475688
2025-02-13,0.25016832,0.27690127,-0.14193842,-0.5877864,-0.30030188,0.07357805,-0.07570779,-0.31277534
2025-02-14,0.13650951,0.31138125,-0.25775856,-0.632888,-0.22900555,-0.09206616,-0.020149112,-0.42862678
2025-02-17,0.15165725,0.29668078,-0.24237996,-0.63690263,-0.24403623,-0.06890962,-0.041537568,-0.43342537
2025-02-18,0.27078176,0.26691282,-0.15187961,-0.5885074,-0.2943677,0.059489027,-0.13879581,-0.32131836
2025-02-19,0.053611413,0.3096136,-0.3239686,-0.68216366,-0.19911122,-0.18658245,-0.0014137179,-0.53561056
2025-02-20,0.16178085,0.30176356,-0.2160689,-0.6220223,-0.2570854,-0.032271422,-0.014338002,-0.3946578
2025-02-21,-0.16434178,0.4262688,-0.48695755,-0.7095696,-0.07256682,-0.43577257,0.25661376,-0.61390996
2025-02-24,0.17260762,0.2876358,-0.23131302,-0.63496655,-0.25138107,-0.056443248,-0.064849384,-0.42875338
2025-02-25,0.005007943,0.36794105,-0.35939735,-0.65898305,-0.15657493,-0.2416713,0.09544659,-0.49512267
2025-02-26,0.054284662,0.34998542,-0.31422657,-0.6467066,-0.18558532,-0.18171903,0.08198184,-0.46339208
2025-02-27,0.23404256,0.27363113,-0.15627638,-0.6068375,-0.2986198,0.054849215,-0.049395546,-0.35942978
2025-02-28,0.35156378,0.25022283,-0.08014649,-0.5549363,-0.33221713,0.15330791,-0.15836392,-0.23953612
2025-03-03,0.23898989,0.25164795,-0.18194741,-0.6201628,-0.28572574,0.01705224,-0.1593107,-0.3869167
2025-03-04,-0.00764562,0.36316139,-0.34718886,-0.66760206,-0.1702291,-0.2251969,0.12544484,-0.5042097
2025-03-05,0.17574458,0.2934612,-0.20851894,-0.6229863,-0.2628718,-0.023960635,-0.025953516,-0.3970173
2025-03-06,0.047552958,0.3127979,-0.32773128,-0.6823934,-0.19843023,-0.1854575,-0.0024862587,-0.5378622
2025-03-07,0.19640861,0.2892028,-0.21020783,-0.6140097,-0.25854704,-0.025154183,-0.080721624,-0.38043827
2025-03-10,0.19202387,0.30369174,-0.17936215,-0.6033918,-0.27464274,0.0129502565,0.013893746,-0.34959495
2025-03-11,0.15426773,0.28718266,-0.23197055,-0.6410092,-0.25424492,-0.053489536,-0.04193026,-0.43779618
2025-03-12,0.18829247,0.2885981,-0.20393659,-0.6173272,-0.26435968,-0.016757816,-0.061238773,-0.38310385
2025-03-13,0.30569378,0.2462517,-0.11690888,-0.58761567,-0.3225504,0.10991431,-0.15013494,-0.31471816
2025-03-14,0.08202223,0.3162998,-0.2985989,-0.6593826,-0.20709951,-0.15391225,0.0068550184,-0.48613
2025-03-17,0.20515712,0.29568595,-0.18667325,-0.60258627,-0.26929072,0.003306061,-0.032982536,-0.35216922
2025-03-18,0.1676131,0.2792393,-0.22709075,-0.6407034,-0.25954235,-0.04395253,-0.07800472,-0.4367733
2025-03-19,0.21262369,0.29429945,-0.18982078,-0.6003427,-0.26743117,0.0023987591,-0.05894997,-0.35000646
2025-03-20,0.2046365,0.2867618,-0.19925503,-0.61056703,-0.26523557,-0.009827599,-0.07596605,-0.3717109
2025-03-21,0.30712497,0.23831445,-0.111162335,-0.59235793,-0.33092958,0.12207302,-0.16061217,-0.32244104
2025-03-24,0.20308253,0.27369538,-0.20538998,-0.62620133,-0.27018884,-0.014038876,-0.096412525,-0.40611523
2025-03-25,0.23150156,0.28871635,-0.16133526,-0.5911337,-0.28686047,0.04649835,-0.057178177,-0.3249728
2025-03-26,0.17697851,0.285158,-0.22061074,-0.6299309,-0.25874034,-0.036491476,-0.06971182,-0.41502398
2025-03-27,0.091787346,0.3160745,-0.30127418,-0.6555407,-0.20345955,-0.15906513,-0.0155639425,-0.47976828
2025-03-28,0.21221483,0.2823874,-0.18523537,-0.61033297,-0.2766971,0.01093699,-0.06844704,-0.36837882
2025-03-31,0.20571522,0.28046897,-0.18599008,-0.6158482,-0.2787633,0.01189097,-0.051799625,-0.38101614
2025-04-01,0.19173403,0.2778914,-0.21649137,-0.6270682,-0.26012105,-0.03317236,-0.09402194,-0.40842497
2025-04-02,0.16886844,0.28080463,-0.23118392,-0.6386351,-0.25419995,-0.052739993,-0.07802861,-0.4337116
2025-04-03,0.16186313,0.27909634,-0.2291519,-0.64525884,-0.2595742,-0.04817348,-0.06684943,-0.44604176
2025-04-07,0.49510682,0.1697757,-0.014395952,-0.54529095,-0.3875452,0.2689453,-0.40189224,-0.2147503
2025-04-08,0.19090046,0.27584797,-0.21547017,-0.63047045,-0.26589003,-0.022304472,-0.09838205,-0.41806716
2025-04-09,-0.16751212,0.3136114,-0.52922815,-0.8101683,-0.097480014,-0.47545776,0.0036189705,-0.8228234
2025-04-10,0.24212447,0.26886743,-0.15330234,-0.6011617,-0.29765803,0.057064943,-0.08461369,-0.34346938
2025-04-11,-0.02543275,0.38054234,-0.36365426,-0.66115904,-0.15562555,-0.24122694,0.14241357,-0.49780595
2025-04-14,0.2135283,0.2951562,-0.19024947,-0.5996203,-0.26438007,-0.0033490658,-0.048198745,-0.34922588
2025-04-15,0.23069924,0.297911,-0.16195932,-0.58567584,-0.27942008,0.035670176,-0.02064982,-0.31517172
2025-04-16,0.22445196,0.2991953,-0.16413158,-0.5871247,-0.2797885,0.035298787,-0.018498152,-0.31780702
2025-04-17,0.12114835,0.2879336,-0.27562433,-0.6619232,-0.2311073,-0.112150975,-0.070782475,-0.48903805
2025-04-18,0.19372167,0.30185813,-0.18889993,-0.60278356,-0.26652312,-0.0014168248,-0.00877095,-0.3517444
2025-04-21,0.13192329,0.30129445,-0.25371057,-0.64246035,-0.23643789,-0.08713578,-0.02567812,-0.44402885
2025-04-22,0.16057079,0.30698577,-0.22409296,-0.6181695,-0.24688506,-0.048991032,-0.012624383,-0.38884455
2025-04-23,0.19532779,0.30296618,-0.19497222,-0.6010502,-0.26333722,-0.004146509,-0.029027984,-0.35099638
2025-04-24,0.23178169,0.2779538,-0.16423216,-0.60118324,-0.28815892,0.03891086,-0.0705446,-0.34489018
2025-04-25,0.15942919,0.30309877,-0.23569211,-0.624825,-0.24176192,-0.06392202,-0.03509993,-0.4066248
2025-04-28,0.17404619,0.30482706,-0.22108868,-0.61430377,-0.24778771,-0.044517934,-0.030489147,-0.38269097
2025-04-29,0.14933103,0.3044056,-0.23321903,-0.62808603,-0.24489298,-0.059861675,-0.0088361725,-0.41188896
2025-04-30,0.11480221,0.3018527,-0.27239197,-0.6527671,-0.22747278,-0.111173436,-0.03041675,-0.46885324
2025-05-06,0.11607961,0.3120172,-0.26729825,-0.6415514,-0.22360605,-0.10982029,-0.0046786442,-0.4436617
2025-05-07,0.2808135,0.27653176,-0.1280525,-0.5743459,-0.30476874,0.09028926,-0.084507324,-0.288755
2025-05-08,0.17914638,0.2942477,-0.21490908,-0.6206099,-0.2571171,-0.031748857,-0.0424191,-0.39540744
2025-05-09,0.24732602,0.28501552,-0.14679,-0.5843535,-0.29385763,0.06434693,-0.05810883,-0.3084008
2025-05-12,0.18974315,0.2877146,-0.20467786,-0.61838627,-0.26354364,-0.019477472,-0.05115495,-0.3871827
2025-05-13,0.21891381,0.28586432,-0.17295378,-0.601853,-0.28172275,0.027629994,-0.05440087,-0.34857726
2025-05-14,0.15637289,0.31043088,-0.2189062,-0.6175059,-0.25130472,-0.039622355,0.0035362765,-0.38517308
2025-05-15,0.23645166,0.28314286,-0.16407728,-0.5947605,-0.28506076,0.03856849,-0.066230685,-0.33389944
2025-05-16,0.19325148,0.2944784,-0.19878796,-0.61051714,-0.265709,-0.007931843,-0.0453301,-0.37082505
2025-05-19,0.15730433,0.32031336,-0.22379917,-0.61018276,-0.24179128,-0.051459387,0.020783946,-0.37424117
2025-05-20,0.15071705,0.30186608,-0.23947448,-0.6301272,-0.24208492,-0.06645524,-0.032359548,-0.4176935
2025-05-21,0.17701373,0.30031908,-0.21622989,-0.61582094,-0.2534819,-0.034228016,-0.036539227,-0.38537204
2025-05-22,0.18998075,0.28102916,-0.20590404,-0.62417954,-0.2674935,-0.015856419,-0.07316058,-0.3998319
2025-05-23,0.18296522,0.29172215,-0.22409856,-0.62103343,-0.2511067,-0.044274002,-0.07963329,-0.39745533
2025-05-26,0.18495448,0.29161507,-0.20801991,-0.6192533,-0.26109812,-0.025148015,-0.0434954,-0.38955182
2025-05-27,0.21182108,0.2849094,-0.18498781,-0.60788286,-0.2750875,0.010538496,-0.06252643,-0.36346185
2025-05-28,0.1875113,0.2930113,-0.20998555,-0.61674833,-0.2596263,-0.02475412,-0.053394467,-0.38642102
2025-05-29,0.08598309,0.31432897,-0.29633975,-0.6598364,-0.20965764,-0.15074095,-0.0008671358,-0.48612195
2025-05-30,0.20490411,0.3003984,-0.1870709,-0.5984281,-0.26721135,0.003937073,-0.028717242,-0.34445637
2025-06-03,0.1393886,0.28720367,-0.25644287,-0.65179425,-0.24106368,-0.08625191,-0.06555199,-0.46508473
2025-06-04,0.14213821,0.29689845,-0.24737817,-0.639707,-0.24107656,-0.07630483,-0.03973586,-0.4381122
2025-06-05,0.11974423,0.32428485,-0.24869484,-0.6277152,-0.23062733,-0.0848043,0.040250957,-0.41112334
2025-06-06,0.20589206,0.29347518,-0.19288427,-0.6046942,-0.265906,-0.0042414814,-0.04843293,-0.35881835
2025-06-09,0.15669763,0.29089898,-0.23890263,-0.63687325,-0.24597362,-0.065852955,-0.053653583,-0.43152064
2025-06-10,0.30487996,0.25933412,-0.11730555,-0.57555765,-0.31488124,0.10600004,-0.12922148,-0.29153764
2025-06-11,0.17156664,0.2873191,-0.22148657,-0.63017875,-0.25753516,-0.03876884,-0.059694342,-0.4145832
2025-06-12,0.18534051,0.29225203,-0.21269515,-0.61810136,-0.25738955,-0.030082876,-0.05178938,-0.38976407
2025-06-13,0.17265059,0.29941148,-0.20734298,-0.618011,-0.26131767,-0.02217903,-0.016907178,-0.38555902
2025-06-16,0.17331712,0.2896672,-0.21918514,-0.62744004,-0.25731024,-0.037597377,-0.049638033,-0.4084015
2025-06-17,0.23232216,0.28412005,-0.16395295,-0.59544796,-0.2861237,0.041044332,-0.06302516,-0.33457577
2025-06-18,0.11765581,0.32114843,-0.2521822,-0.6319981,-0.23114297,-0.086888224,0.02712281,-0.42064106
2025-06-19,0.20440973,0.26483318,-0.20148334,-0.6313612,-0.27568036,-0.008448899,-0.11261209,-0.41352576
2025-06-20,0.20280781,0.28341722,-0.19751842,-0.6159089,-0.26961204,-0.006575793,-0.07269303,-0.38184363
2025-06-23,0.12156804,0.29441458,-0.26421028,-0.6553654,-0.2350843,-0.09961843,-0.036225587,-0.47237372
2025-06-24,0.09207645,0.30505776,-0.29227844,-0.66300213,-0.21616963,-0.14045537,-0.02135653,-0.49183995
2025-06-25,0.11608118,0.3252998,-0.24680099,-0.62916636,-0.23351213,-0.07917435,0.057933196,-0.4158886
2025-06-26,0.18771659,0.28080148,-0.21814391,-0.6261687,-0.25924176,-0.031682506,-0.09002158,-0.40815997
2025-06-27,0.1906386,0.28824288,-0.21388626,-0.6182691,-0.25770703,-0.029330436,-0.073533356,-0.390765
2025-06-30,0.112528816,0.30475253,-0.2702566,-0.6514217,-0.22790834,-0.109372534,-0.016789041,-0.46504062
2025-07-01,0.21238196,0.29139704,-0.1789185,-0.6002322,-0.27456313,0.015281841,-0.04252953,-0.3453269
2025-07-02,0.23549113,0.2882426,-0.16434035,-0.5907183,-0.28261766,0.037521772,-0.05757252,-0.3259626
2025-07-03,0.1712996,0.30211374,-0.21535182,-0.61723757,-0.25418705,-0.034374703,-0.022125222,-0.38671374
2025-07-04,0.1410379,0.33112505,-0.23247999,-0.60730755,-0.2347692,-0.059929524,0.02946867,-0.36682242
2025-07-07,0.19416726,0.28796285,-0.20106667,-0.6164528,-0.2664453,-0.0124324225,-0.056138076,-0.38306493
2025-07-08,0.09542839,0.32710227,-0.2823569,-0.6417573,-0.21199852,-0.12961069,0.025155023,-0.4482454
2025-07-09,0.21039356,0.28536007,-0.18841831,-0.60804236,-0.27260312,0.005465962,-0.06840557,-0.36404806
2025-07-10,0.16984344,0.2985245,-0.21531788,-0.62017864,-0.25585282,-0.03350658,-0.026202843,-0.3921855
2025-07-11,0.067870155,0.32727584,-0.3000019,-0.6556477,-0.20470117,-0.15373158,0.03264282,-0.47640872
2025-07-14,0.18326592,0.29047135,-0.20911318,-0.6203485,-0.26164466,-0.023926852,-0.048692584,-0.39219666
2025-07-15,0.18256447,0.28920358,-0.20600492,-0.6236643,-0.2656983,-0.019903716,-0.037807047,-0.3984462
2025-07-16,0.18112984,0.27996972,-0.21681187,-0.63147837,-0.2624112,-0.03116482,-0.07490639,-0.4173398
2025-07-17,0.12801266,0.325707,-0.24503821,-0.62228835,-0.23103598,-0.0796245,0.037236378,-0.40135485
2025-07-18,0.19149214,0.29056773,-0.20559129,-0.6170522,-0.26299512,-0.019206144,-0.05089122,-0.38659906
2025-07-21,0.16748586,0.2934139,-0.22129375,-0.6276131,-0.2553236,-0.041409507,-0.039078943,-0.40842664
2025-07-22,0.12874645,0.30711076,-0.2599086,-0.63891447,-0.2299828,-0.09546604,-0.023332372,-0.43869907
2025-07-23,0.13049929,0.30932546,-0.2573503,-0.6339014,-0.22991729,-0.09057567,-0.025782496,-0.4279421
2025-07-24,0.10609442,0.31407896,-0.27858067,-0.64735645,-0.21828103,-0.12397168,-0.0035465434,-0.45892167
2025-07-25,0.11970267,0.32040143,-0.24575466,-0.63342,-0.23585743,-0.08004975,0.054108478,-0.42461413
2025-07-28,0.17793317,0.29923958,-0.2127764,-0.61577547,-0.25544932,-0.031375058,-0.032580316,-0.38339972
2025-07-29,0.06844993,0.32653323,-0.30455375,-0.6579539,-0.2009411,-0.16361561,0.032122314,-0.4827482
2025-07-30,0.21819606,0.27241796,-0.20052764,-0.61814535,-0.27007374,-0.008160062,-0.11773837,-0.3896067
2025-07-31,0.16449527,0.29278338,-0.23282248,-0.6277222,-0.24935195,-0.050441504,-0.074795246,-0.41149616
2025-08-01,0.24930322,0.25295427,-0.15900576,-0.6147205,-0.3022754,0.054093674,-0.12385094,-0.3751912
2025-08-04,0.10719069,0.30485293,-0.27562097,-0.65545076,-0.22526255,-0.11782601,-0.0117687285,-0.47470808
2025-08-05,0.14836119,0.30475646,-0.2324206,-0.62845117,-0.24580672,-0.05847391,-0.0088737905,-0.41151708
2025-08-06,0.14756757,0.31337297,-0.23454854,-0.62149197,-0.24016735,-0.062890336,0.004651852,-0.3993125
2025-08-07,0.1521062,0.309664,-0.23576254,-0.62217844,-0.24153107,-0.059668966,-0.019011803,-0.4021088
2025-08-08,0.21985394,0.29350966,-0.17913997,-0.5949813,-0.2712,0.012477703,-0.048628114,-0.33589208
2025-08-11,0.13265662,0.30125618,-0.2570177,-0.6417612,-0.23423007,-0.08993732,-0.036354728,-0.44411224
2025-08-12,0.02514386,0.36648053,-0.32924262,-0.6467068,-0.17311174,-0.20360658,0.11771344,-0.46238416
2025-08-13,0.12837434,0.31459624,-0.2541925,-0.6334705,-0.23114526,-0.08899695,-0.0010574684,-0.42694956
2025-08-14,0.11321792,0.2668791,-0.29194206,-0.6867917,-0.23000416,-0.13506812,-0.110840596,-0.542678
2025-08-15,0.05188784,0.33257368,-0.31062704,-0.6614767,-0.19805753,-0.17134331,0.05072982,-0.48855627
2025-08-18,0.09928756,0.31255087,-0.29873312,-0.6522553,-0.20502925,-0.15151003,-0.031661555,-0.47403097
2025-08-19,0.21089947,0.26998907,-0.20031701,-0.6234702,-0.27327877,-0.0052365437,-0.11719323,-0.3996067
2025-08-20,0.01566617,0.35804883,-0.31311044,-0.66230637,-0.19125648,-0.18537566,0.16257426,-0.48722804
2025-08-21,0.16490304,0.2771872,-0.24373096,-0.64493227,-0.24960908,-0.06580235,-0.11256189,-0.4479944
2025-08-22,-0.23121619,0.38536298,-0.5557351,-0.7870205,-0.06364739,-0.51430887,0.17308599,-0.78236073
2025-08-25,0.26936966,0.2146141,-0.1752089,-0.6443543,-0.3061582,0.0320682,-0.22487947,-0.44197792
2025-08-26,0.16312,0.30546966,-0.22079238,-0.6172822,-0.24920666,-0.042138737,-0.015996628,-0.38840616
2025-08-27,0.0545746,0.33518267,-0.33104965,-0.65366805,-0.18169014,-0.18987778,-0.01038374,-0.48089647
2025-08-28,-0.02830269,0.31729925,-0.4136045,-0.7351487,-0.15313917,-0.31690016,0.020467833,-0.6630081
2025-08-29,0.1870765,0.29337344,-0.21401083,-0.6204005,-0.2552874,-0.038630925,-0.03911133,-0.39501518
2025-09-01,0.118200526,0.3509612,-0.24788386,-0.60671437,-0.21819949,-0.08891022,0.094087005,-0.37138605
2025-09-02,0.3362062,0.23218477,-0.08527693,-0.5813589,-0.34307984,0.15025249,-0.17237332,-0.291739
2025-09-03,0.26424658,0.2698168,-0.14654177,-0.59220654,-0.29756826,0.060379505,-0.095812485,-0.3266002
2025-09-04,0.5201624,0.2023339,0.09893336,-0.4671567,-0.4304435,0.41531846,-0.20601657,-0.048609667
2025-09-05,-0.002656566,0.36871758,-0.34767675,-0.6661672,-0.16554661,-0.23498061,0.15937589,-0.506481
2025-09-08,0.15854272,0.3216091,-0.20705837,-0.6046539,-0.25383577,-0.020780869,0.040450864,-0.359883
2025-09-09,0.22640783,0.2462925,-0.1916882,-0.6350446,-0.287165,0.009587139,-0.15650672,-0.42288423
2025-09-10,0.100926444,0.3252248,-0.26701385,-0.6366787,-0.22374213,-0.10157752,0.023884453,-0.43399543
2025-09-11,-0.20527208,0.4396757,-0.5477797,-0.7275255,-0.0326037,-0.5227663,0.24684659,-0.6674375
2025-09-12,0.075332195,0.30768287,-0.2896867,-0.6679479,-0.22163808,-0.13305026,-0.0030770823,-0.49763024
2025-09-15,0.23789057,0.30361032,-0.16034275,-0.5758157,-0.27378199,0.030902646,-0.023630098,-0.29300225
2025-09-16,0.11110702,0.29617792,-0.27492118,-0.65870464,-0.23028964,-0.110160075,-0.04744774,-0.47974116
2025-09-17,0.08958161,0.32211488,-0.28456876,-0.6487159,-0.2159757,-0.12542656,0.016029716,-0.46446574
2025-09-18,0.21091717,0.22692028,-0.24343076,-0.66129047,-0.2616604,-0.060801923,-0.2718013,-0.4843951
2025-09-19,0.2592948,0.24821699,-0.16290736,-0.6120517,-0.29858947,0.05031661,-0.15471101,-0.37256455
2025-09-22,-0.04748977,0.36160046,-0.39591604,-0.6945787,-0.1471555,-0.28884295,0.09892693,-0.5676116
2025-09-23,0.32151377,0.25243798,-0.0881246,-0.57465214,-0.3394178,0.15349478,-0.111252695,-0.28559393
2025-09-24,-0.097401425,0.3679868,-0.45922518,-0.7234653,-0.11126037,-0.3741573,0.09066363,-0.6455083
2025-09-25,0.074010424,0.30417097,-0.31286654,-0.6761183,-0.2058848,-0.16956648,-0.02639126,-0.5237084
2025-09-26,0.18958005,0.27864477,-0.21657035,-0.62948126,-0.2625224,-0.030739425,-0.098417714,-0.41255152
2025-09-29,0.10710804,0.3352203,-0.25599918,-0.62752116,-0.22185487,-0.10316226,0.075274326,-0.41132772
2025-09-30,0.1416573,0.29613137,-0.25474656,-0.6417323,-0.23726502,-0.08407464,-0.050939895,-0.44621122
2025-10-09,0.07627815,0.2982055,-0.34840786,-0.68202776,-0.1804795,-0.22417924,-0.109698,-0.5425048
2025-10-10,0.37199402,0.24483389,-0.051336624,-0.54291445,-0.34822825,0.19595024,-0.15350153,-0.2111866
2025-10-13,-0.0636965,0.28528768,-0.43501574,-0.78185475,-0.16517979,-0.33050168,-0.047965273,-0.75324285
2025-10-14,0.47452185,0.18240625,0.03051728,-0.53146344,-0.4134496,0.3281984,-0.2865118,-0.1773928
2025-10-15,0.10515116,0.3313363,-0.24757361,-0.62715226,-0.23019993,-0.085043415,0.07716379,-0.4070276
2025-10-16,0.19006504,0.25730616,-0.23671076,-0.65055895,-0.2577045,-0.057439577,-0.15396975,-0.4629516
2025-10-17,0.3199448,0.26956695,-0.10047643,-0.55707777,-0.3172682,0.124315,-0.11565749,-0.24717973
2025-10-20,0.28104338,0.23641843,-0.15257166,-0.6108561,-0.30586523,0.060714945,-0.19165677,-0.36724275
2025-10-21,0.029673396,0.34511083,-0.33995542,-0.66607445,-0.17507854,-0.21683839,0.06461322,-0.5053608
2025-10-22,0.11384289,0.3250688,-0.253861,-0.6299415,-0.22609141,-0.09687274,0.035579346,-0.4120993
2025-10-23,0.19319707,0.3127594,-0.19128707,-0.59540224,-0.25967953,-0.0070525855,0.018006906,-0.3402536
2025-10-24,0.029468762,0.33599952,-0.33184955,-0.67251116,-0.18790056,-0.19599336,0.06680153,-0.5190462
2025-10-27,0.17972462,0.32961756,-0.18404755,-0.5846798,-0.2611271,0.0071852915,0.06047921,-0.31479645
2025-10-28,0.17448817,0.26948196,-0.2413981,-0.646636,-0.25066632,-0.065395236,-0.117194824,-0.45575482
2025-10-29,0.115080744,0.30651996,-0.25495154,-0.6482175,-0.23897561,-0.08611452,0.0068424717,-0.4559154
2025-10-30,0.22231357,0.286356,-0.18179558,-0.6007723,-0.2728881,0.01006493,-0.07547074,-0.34708905
2025-10-31,0.29884762,0.27130342,-0.1076598,-0.5649136,-0.31567746,0.11767877,-0.088992,-0.26484144
2025-11-03,0.18429454,0.3312506,-0.17961672,-0.57940733,-0.26166594,0.011176594,0.060764253,-0.30159587
2025-11-04,0.25498006,0.25673866,-0.16183767,-0.6074647,-0.29728535,0.051444948,-0.14227796,-0.36140305
2025-11-05,0.0337011,0.35680118,-0.3164592,-0.6504513,-0.18636139,-0.1805644,0.11365929,-0.46900773
2025-11-06,0.050476678,0.3328785,-0.32926965,-0.66678375,-0.18378572,-0.2043485,0.036768235,-0.50515604
2025-11-07,0.17543635,0.29525837,-0.22493756,-0.62164915,-0.25083384,-0.04433225,-0.062748305,-0.3985933
2025-11-10,0.26318187,0.28400257,-0.1300909,-0.57844114,-0.3039119,0.08570614,-0.044593938,-0.29483715
2025-11-11,0.2953845,0.26409498,-0.11579988,-0.5761868,-0.31661186,0.11012352,-0.10925461,-0.29054314
2025-11-12,0.18477057,0.28515884,-0.19660297,-0.62183976,-0.271643,-0.007107042,-0.03301178,-0.3909828
2025-11-13,0.10711679,0.31057596,-0.2870054,-0.6504172,-0.2144145,-0.1326055,-0.026245356,-0.46849054
2025-11-14,0.21027163,0.2739013,-0.19546163,-0.6178484,-0.2715952,-0.0047328174,-0.09669593,-0.38526016
2025-11-17,0.23166734,0.26919827,-0.17547461,-0.61319405,-0.28747413,0.027772345,-0.09721982,-0.37502128
2025-11-18,0.14032824,0.28448144,-0.2644075,-0.6546257,-0.23558745,-0.10071051,-0.08582366,-0.47133237
2025-11-19,0.2250259,0.2676252,-0.1792017,-0.61788523,-0.2855681,0.019354723,-0.0931306,-0.38352948
2025-11-20,0.2887552,0.2816195,-0.113974474,-0.56248826,-0.31007537,0.10991187,-0.071837686,-0.2614982
2025-11-21,0.19900367,0.29958874,-0.18068483,-0.5976821,-0.27388814,0.019625574,-0.026177667,-0.33881378
2025-11-24,0.14732213,0.3255674,-0.2177212,-0.6099501,-0.24406648,-0.049036495,0.055534773,-0.36754358
2025-11-25,0.21168286,0.26378012,-0.2018492,-0.6287076,-0.27254683,-0.013165228,-0.12156049,-0.40922797
2025-11-26,0.07448544,0.31005546,-0.3149449,-0.6691796,-0.20224339,-0.1687388,-0.030448519,-0.5103515
2025-11-27,0.20916331,0.24369532,-0.20681162,-0.64665025,-0.28195265,-0.008898195,-0.17425132,-0.44550693
2025-11-28,0.098053634,0.3139949,-0.2854798,-0.650433,-0.21313174,-0.13591969,0.0019373447,-0.4658218
2025-12-01,0.13152823,0.3363569,-0.24562237,-0.610589,-0.22361994,-0.082711525,0.049026415,-0.38007873
2025-12-02,0.24567926,0.27318662,-0.15959033,-0.59863645,-0.29126707,0.04599581,-0.08718608,-0.34168983
2025-12-03,0.22195703,0.27470732,-0.1839027,-0.6110177,-0.27991387,0.01708474,-0.09697922,-0.37070632
2025-12-04,0.089605995,0.3368564,-0.29118705,-0.6377821,-0.20062245,-0.1481964,0.043011114,-0.44206363
2025-12-05,0.1561733,0.32225916,-0.22886047,-0.6094988,-0.23532134,-0.06360968,0.024396196,-0.37393814
2025-12-08,0.05511775,0.3281611,-0.31804147,-0.66314274,-0.19408628,-0.17927033,0.024310969,-0.49472296
2025-12-09,0.17148322,0.27811718,-0.23123258,-0.6402619,-0.25605407,-0.048739485,-0.085950725,-0.4395219
2025-12-10,0.14427924,0.33392182,-0.2261127,-0.60663915,-0.23480693,-0.062419064,0.07179329,-0.36620086
2025-12-11,0.2494348,0.27088818,-0.15434402,-0.5981252,-0.2946351,0.05274999,-0.089416556,-0.33913422
2025-12-12,0.059432074,0.36260885,-0.3024736,-0.63236964,-0.1869623,-0.16756696,0.110922754,-0.43126315
2025-12-15,0.22458099,0.2710924,-0.18538895,-0.61409044,-0.27986875,0.013226345,-0.10971601,-0.37738937
2025-12-16,0.26029736,0.27141082,-0.13816065,-0.5893966,-0.30291468,0.07460111,-0.07785373,-0.31738192
2025-12-17,0.0607166,0.34244436,-0.28754812,-0.64950496,-0.20690894,-0.14631459,0.115362465,-0.46181816
2025-12-18,0.19214743,0.28271553,-0.20768838,-0.62161964,-0.26555252,-0.017110188,-0.07992264,-0.39575988
2025-12-19,0.17699312,0.28764135,-0.22338656,-0.62639326,-0.25354654,-0.044118054,-0.0672885,-0.40739495
2025-12-22,0.07554619,0.3235672,-0.29874825,-0.6563223,-0.20640405,-0.15016642,0.022483796,-0.4802639
2025-12-23,0.14083171,0.29674408,-0.2476626,-0.6397822,-0.24131581,-0.07500022,-0.045000605,-0.43815732
2025-12-24,0.12615469,0.32716316,-0.24623436,-0.6221317,-0.2301873,-0.08098613,0.03854543,-0.40102625
2025-12-25,0.16018572,0.31258217,-0.21748745,-0.6144721,-0.25018442,-0.03969898,0.00784412,-0.38006455
2025-12-26,0.19796845,0.28037846,-0.20031488,-0.6219476,-0.26982358,-0.011880908,-0.071742825,-0.39398515
2025-12-29,0.18630134,0.26830325,-0.22845668,-0.6419571,-0.2594427,-0.046874624,-0.12251505,-0.44189483
2025-12-30,0.08947564,0.30228034,-0.28554776,-0.66630644,-0.2243819,-0.12707373,-0.017476678,-0.4959491
2025-12-31,0.25232318,0.27234885,-0.15388098,-0.5933085,-0.29235813,0.052171163,-0.093250774,-0.3279299
2026-01-05,-0.0013405252,0.33210963,-0.37450278,-0.6982881,-0.16549847,-0.26057553,0.03637351,-0.57749003
2026-01-06,0.097790904,0.29609218,-0.2882669,-0.66836137,-0.2257753,-0.123610996,-0.043071873,-0.5062105
2026-01-07,0.1910236,0.2909373,-0.21349198,-0.6178779,-0.25650814,-0.031549923,-0.054776594,-0.39273483
2026-01-08,0.10033208,0.27020636,-0.3057263,-0.69091666,-0.22475117,-0.14711133,-0.12395477,-0.5530596
2026-01-09,0.060967296,0.31712335,-0.3103948,-0.67111427,-0.2027981,-0.17241475,0.018850408,-0.50753254
2026-01-12,0.093277596,0.3131598,-0.28817225,-0.65522206,-0.21279775,-0.14048903,0.006015368,-0.47593445
2026-01-13,0.32366845,0.26132843,-0.090218045,-0.5602477,-0.32819274,0.14371163,-0.11783608,-0.25260872
2026-01-14,0.102217674,0.25088954,-0.3296666,-0.7125927,-0.21500951,-0.18592626,-0.18075582,-0.6039751
2026-01-15,0.18136954,0.3135412,-0.18820599,-0.5991362,-0.2671095,0.0043510497,0.017957993,-0.34201235
2026-01-16,0.15024659,0.31239194,-0.22439924,-0.6223946,-0.24824584,-0.050769053,0.010010406,-0.39486223
2026-01-19,0.17739634,0.28856352,-0.21347275,-0.62447107,-0.26160455,-0.025683219,-0.05674775,-0.4009205
2026-01-20,0.27857554,0.2612366,-0.12988147,-0.58954996,-0.31378096,0.09560525,-0.12174244,-0.3188994
2026-01-21,-0.04599806,0.2964839,-0.43038774,-0.7582232,-0.15536624,-0.3284598,-0.058579847,-0.7064495
2026-01-22,0.27191812,0.2859211,-0.12867844,-0.5718812,-0.30167237,0.08595238,-0.05633837,-0.2815904
2026-01-23,0.10262306,0.32139778,-0.26313543,-0.6414951,-0.22729874,-0.1014058,0.03863576,-0.44275033
2026-01-26,0.25312856,0.27374467,-0.15178826,-0.59381294,-0.29649714,0.060969926,-0.08838556,-0.3306901
2026-01-27,0.046377786,0.3572771,-0.30664164,-0.6429382,-0.18677221,-0.17814931,0.11950782,-0.44921923
2026-01-28,0.23146825,0.2857798,-0.15330386,-0.59529465,-0.29454243,0.057434604,-0.031421944,-0.33367622
2026-01-29,0.31498805,0.23456773,-0.1167229,-0.59160084,-0.32678002,0.11419072,-0.19344217,-0.32362556
2026-01-30,0.08784677,0.363665,-0.2592211,-0.6099734,-0.21398531,-0.09643851,0.12201205,-0.37726462
2026-02-02,0.31509244,0.24809736,-0.10945581,-0.5774408,-0.32354018,0.12205572,-0.15814212,-0.29365736
2026-02-03,0.19575699,0.32075152,-0.15818746,-0.5815424,-0.2817254,0.04863394,0.06341081,-0.3036148
2026-02-04,0.22066963,0.29145595,-0.16609806,-0.5964255,-0.28231364,0.032484896,-0.021693788,-0.3364331
2026-02-05,0.17337444,0.30853218,-0.20746082,-0.61208975,-0.2555879,-0.028543672,0.0062896386,-0.3745597
2026-02-06,0.084397525,0.33266008,-0.29510775,-0.64334005,-0.20030941,-0.15423888,0.026720606,-0.4512658
2026-02-09,0.14410573,0.31194147,-0.23971793,-0.62493294,-0.23692307,-0.07234283,-0.0007739961,-0.40547365
2026-02-10,0.13644868,0.2859896,-0.2522726,-0.65354085,-0.24600944,-0.07775542,-0.0599994,-0.4665509
2026-02-11,0.18369126,0.2990956,-0.20706007,-0.6123846,-0.25896788,-0.022158839,-0.03521665,-0.3758849
2026-02-12,0.10337576,0.33066422,-0.259705,-0.6325402,-0.22459775,-0.098223776,0.05810684,-0.4243334
2026-02-13,0.15335189,0.28426266,-0.2446385,-0.64479214,-0.24771273,-0.069482036,-0.079245105,-0.44772035
2026-02-24,0.25934476,0.30767503,-0.14589226,-0.5585195,-0.2782881,0.055043742,-0.025801666,-0.2597956
2026-02-25,0.13769336,0.32896826,-0.24610108,-0.6139491,-0.22560218,-0.08420722,0.020258456,-0.38483143
2026-02-26,0.110465825,0.35344017,-0.25254375,-0.6056752,-0.2151916,-0.09462245,0.08726458,-0.3667168
2026-02-27,0.10186055,0.3318158,-0.27065215,-0.6335087,-0.21544942,-0.117623985,0.042364612,-0.42745143
2026-03-02,0.14469524,0.29437482,-0.24029532,-0.64032274,-0.24912757,-0.061271645,-0.047644317,-0.43663323
2026-03-03,0.44892213,0.23299491,0.0039262846,-0.507705,-0.37587047,0.28183195,-0.20438284,-0.13663447
2026-03-04,0.17139885,0.2635735,-0.22540393,-0.65204835,-0.26885283,-0.035916783,-0.10844921,-0.45812994
2026-03-05,0.20170143,0.27985758,-0.21035567,-0.61932695,-0.2623697,-0.02268451,-0.10584825,-0.3911342
2026-03-06,0.105557725,0.29975715,-0.28438318,-0.66029614,-0.22292787,-0.12517208,-0.044327512,-0.4863345
2026-03-09,0.14994004,0.36660022,-0.1953028,-0.5686756,-0.23725566,-0.024355164,0.16189939,-0.2815085
2026-03-10,0.15524325,0.30542457,-0.21709487,-0.62199426,-0.25546366,-0.034973532,0.0016349554,-0.39403492
2026-03-11,0.25501782,0.26512593,-0.16155472,-0.60149115,-0.29260844,0.045771576,-0.12200616,-0.3489614
2026-03-12,0.2598209,0.25298643,-0.14025033,-0.6072414,-0.3132252,0.07993358,-0.11340556,-0.35465842
2026-03-13,0.15774056,0.2919846,-0.24203181,-0.6359262,-0.242383,-0.073414,-0.0663887,-0.42753655
2026-03-16,0.11197612,0.36501482,-0.2303003,-0.5899281,-0.22366294,-0.063841775,0.14158826,-0.3283645
2026-03-17,0.27263305,0.25691918,-0.15430048,-0.5966534,-0.29568413,0.053433836,-0.15570271,-0.3368835
2026-03-18,0.13507552,0.31799868,-0.23416513,-0.62354887,-0.24159336,-0.0601535,0.033092216,-0.40235054
2026-03-19,0.22051851,0.28263888,-0.18328962,-0.6062097,-0.27475303,0.0096968785,-0.07485937,-0.36045367
2026-03-20,0.20922309,0.29086903,-0.18566325,-0.60073465,-0.2720453,0.01280731,-0.06593278,-0.34792364
2026-03-23,0.33273426,0.2237277,-0.10814264,-0.5903985,-0.33297622,0.12651846,-0.22246021,-0.31876847
2026-03-24,0.16491656,0.33712104,-0.2127173,-0.5940874,-0.23939079,-0.043152403,0.07461404,-0.3422091
2026-03-25,0.09031607,0.27938408,-0.29302487,-0.68673587,-0.23085281,-0.1330809,-0.06981295,-0.5381196
2026-03-26,0.290734,0.25095943,-0.13302708,-0.5915486,-0.31099075,0.08634923,-0.15056458,-0.32542834
2026-03-27,-0.0074971933,0.34367073,-0.37309203,-0.68757474,-0.1617816,-0.25717112,0.053236514,-0.5529088
2026-03-30,0.11314908,0.33704907,-0.2660479,-0.6228929,-0.2152561,-0.107617125,0.040541075,-0.4086104
2026-03-31,0.28407285,0.23835438,-0.13163996,-0.60409415,-0.3199362,0.09222054,-0.17194153,-0.34564072
2026-04-01,0.11833027,0.3155229,-0.26607847,-0.63833743,-0.22409889,-0.105931744,-0.0030691922,-0.43775922
2026-04-02,0.33448035,0.25569075,-0.08552411,-0.56092554,-0.3325199,0.1518313,-0.12808774,-0.25579536
2026-04-03,0.20384909,0.29087606,-0.1898767,-0.6087822,-0.2693053,-0.0030369088,-0.046395198,-0.36399937
2026-04-07,0.11921027,0.29015392,-0.27605748,-0.6620309,-0.22990906,-0.114585415,-0.060289405,-0.48936892
2026-04-08,0.0043262877,0.35572043,-0.35139287,-0.6714313,-0.16937673,-0.23003215,0.09598108,-0.51645136
2026-04-09,0.14173988,0.27341735,-0.2612408,-0.66286105,-0.24195427,-0.09606347,-0.09745313,-0.48688787
2026-04-10,0.14933492,0.27692178,-0.24314171,-0.6531715,-0.25206593,-0.06841683,-0.07742554,-0.46335655
2026-04-13,0.08854668,0.2755775,-0.30397978,-0.69109625,-0.22342014,-0.1507994,-0.090717,-0.549286
2026-04-14,0.20603967,0.27483797,-0.21013838,-0.6238374,-0.26355693,-0.024798982,-0.09765132,-0.40465093
2026-04-15,0.19448951,0.27339494,-0.21992067,-0.62945384,-0.2595219,-0.036332946,-0.117958546,-0.41442466
2026-04-16,0.15280847,0.29664156,-0.23859891,-0.6359412,-0.24418056,-0.068784386,-0.026555642,-0.43035644
2026-04-17,0.15016049,0.28758207,-0.24343562,-0.6451041,-0.24609673,-0.0732867,-0.05667998,-0.4479723
2026-04-20,0.08572084,0.3023338,-0.30212954,-0.67080414,-0.21279874,-0.15262315,-0.030232586,-0.5106921
2026-04-21,0.24322292,0.30852553,-0.13971992,-0.56620747,-0.2872299,0.0654911,0.0036289543,-0.26867992
2026-04-22,0.074613705,0.31798634,-0.29486305,-0.66229886,-0.21284157,-0.14530423,0.023392625,-0.48932493
2026-04-23,0.31801626,0.2507189,-0.08113675,-0.57051855,-0.34012327,0.15677005,-0.10884684,-0.26891756
2026-04-24,0.054013833,0.37207448,-0.30808765,-0.6262486,-0.18045321,-0.1727122,0.120036125,-0.42182285
2026-04-27,0.028777523,0.32325646,-0.34617972,-0.68466854,-0.18195304,-0.21973526,0.01602906,-0.5427842
2026-04-28,0.2190249,0.2548823,-0.19641131,-0.6311412,-0.2825174,0.0064799637,-0.15140423,-0.41567934
2026-04-29,0.09633461,0.34359723,-0.27165297,-0.62707794,-0.21051185,-0.12182871,0.0711508,-0.41485763
2026-04-30,-0.07379284,0.37175512,-0.42464542,-0.7081303,-0.1261109,-0.33862057,0.13706942,-0.6054276
2026-05-06,0.05502069,0.23953852,-0.38302088,-0.74808156,-0.19712415,-0.24293414,-0.24701029,-0.6850585
2026-05-07,0.11596589,0.3361687,-0.25095493,-0.61935824,-0.22470582,-0.08802189,0.060892597,-0.39582998
2026-05-08,0.22353736,0.28951395,-0.16297248,-0.59402865,-0.28578264,0.04168029,-0.043069355,-0.3295101
2026-05-11,0.07012136,0.3309343,-0.31627417,-0.6564109,-0.18915337,-0.18559134,0.025990367,-0.483751
2026-05-12,0.14463194,0.3043101,-0.25384164,-0.63719565,-0.22937939,-0.102010086,-0.024358131,-0.43196929
2026-05-13,-0.105280235,0.4207903,-0.42091113,-0.67727274,-0.111328214,-0.33683643,0.2600473,-0.53800637
2026-05-14,0.29128328,0.28616813,-0.093162544,-0.55129427,-0.31929645,0.13586247,-0.034916066,-0.23273142
2026-05-15,0.23603079,0.29599887,-0.21905747,-0.5956529,-0.24153063,-0.0440242,-0.12817332,-0.3557186
2026-05-18,0.1045893,0.243869,-0.3049812,-0.7120999,-0.2389152,-0.1394209,-0.17428488,-0.5949938
2026-05-19,-0.028757654,0.40636182,-0.35369185,-0.6491977,-0.14988288,-0.2481125,0.24946475,-0.4716761
2026-05-20,-0.04121749,0.3296661,-0.40193292,-0.72152394,-0.1578673,-0.29156268,0.033682138,-0.62662554
2026-05-21,0.3793185,0.18840373,-0.08058574,-0.5900638,-0.35562193,0.1658917,-0.32602057,-0.30512404
2026-05-22,0.1388029,0.3293237,-0.21582595,-0.6101622,-0.24854195,-0.036540855,0.07424278,-0.37030602
2026-05-25,-0.15430135,0.41300645,-0.48028564,-0.7149539,-0.084991634,-0.41516146,0.22988674,-0.62832236
2026-05-26,0.2869888,0.28573334,-0.11540244,-0.5621288,-0.30704618,0.10425378,-0.043472297,-0.26167518
2026-05-27,0.3490537,0.1856795,-0.11191569,-0.6165453,-0.3484507,0.13304505,-0.31175235,-0.37634462
2026-05-28,0.016504915,0.32568246,-0.3392321,-0.6899837,-0.1890305,-0.2101784,0.04805696,-0.54908663
2026-05-29,0.46851107,0.22464672,0.019560948,-0.49935338,-0.38572773,0.30590114,-0.23034184,-0.11644809
2026-06-01,0.40569457,0.21261108,-0.0192504,-0.5421183,-0.37792498,0.2567041,-0.22223523,-0.20354258
2026-06-02,0.043411694,0.36521208,-0.3229052,-0.6390509,-0.17390949,-0.19861376,0.09490752,-0.44438642
2026-06-03,0.028188126,0.30700374,-0.38820893,-0.70350623,-0.16287552,-0.26950794,-0.10128273,-0.5942251
2026-06-04,0.038426027,0.29437673,-0.3498817,-0.70588714,-0.19327082,-0.21628308,-0.058290973,-0.5879866
2026-06-05,0.2794726,0.22554165,-0.164911,-0.6193486,-0.30187294,0.046440795,-0.2398103,-0.38625067
2026-06-08,0.21744414,0.23676792,-0.20940399,-0.6525529,-0.28221542,-0.014973499,-0.1806908,-0.46343946
2026-06-09,0.04325442,0.38261276,-0.2951378,-0.6200339,-0.18622035,-0.1552935,0.17427835,-0.40328783
2026-06-10,0.23042236,0.22291869,-0.19084036,-0.6582432,-0.30469713,0.024422035,-0.2022837,-0.47260028
2026-06-11,0.1237548,0.29251146,-0.25906998,-0.65638554,-0.24296543,-0.08694966,-0.04655292,-0.4728458
2026-06-12,0.37054917,0.22781569,-0.05310941,-0.55945134,-0.35772058,0.1999346,-0.18642578,-0.24410288
2026-06-15,0.014292588,0.32896137,-0.35335025,-0.6874501,-0.17668405,-0.23061007,0.044175386,-0.55089754
2026-06-16,0.15067361,0.31555426,-0.233585,-0.61793286,-0.23834664,-0.06292601,0.011622593,-0.39374024
