date,0,1,2,3,4,5,6,7
2015-01-05,-0.027562667,0.17343858,-0.30271557,-0.25040275,0.3895403,-0.16395399,0.079762585,0.13022082
2015-01-06,-0.0118213715,0.06155938,-0.1623163,-0.21387625,0.24104574,-0.12143408,0.10901873,0.031260263
2015-01-07,-0.12584487,0.20526913,-0.32349452,-0.31493345,0.5374737,-0.32153243,-0.041680247,0.2035705
2015-01-08,-0.11397706,0.15384817,-0.26886708,-0.2762233,0.46087012,-0.25542158,0.015868388,0.16493993
2015-01-09,-0.09368053,0.0798343,-0.090399966,-0.20205691,0.2508398,-0.12108046,0.045096662,0.06902604
2015-01-12,-0.15684602,0.18397254,-0.2801693,-0.31925124,0.52669597,-0.330859,-0.083526984,0.20314032
2015-01-13,-0.05962655,0.07071462,-0.10421966,-0.20764363,0.228151,-0.110729635,0.051049292,0.048695322
2015-01-14,-0.14089718,0.13465275,-0.1422276,-0.24521527,0.36382926,-0.21157789,-0.017664164,0.13540842
2015-01-15,-0.056904346,0.10190944,-0.1773558,-0.24175343,0.30670273,-0.17183693,0.03654713,0.07912117
2015-01-16,-0.06333956,0.13229415,-0.2179512,-0.23746997,0.35021028,-0.17252609,0.059830926,0.10641274
2015-01-19,-0.27483803,0.12578918,-0.00993193,-0.23765317,0.37494114,-0.24538818,-0.14105229,0.16877739
2015-01-20,-0.011959849,0.077243984,-0.07146369,-0.20682266,0.1512244,-0.07981259,0.052605744,0.02089223
2015-01-21,-0.025857255,0.09538263,-0.13330823,-0.20867923,0.2233457,-0.098263025,0.07937869,0.051877543
2015-01-22,-0.03733073,0.113489784,-0.23915316,-0.25533918,0.3464059,-0.18500808,0.057395943,0.092696995
2015-01-23,-0.16931574,0.20098937,-0.26134968,-0.28627613,0.51773244,-0.29908302,-0.043024972,0.20760211
2015-01-26,-0.011496214,0.0746855,-0.150605,-0.21562439,0.2273151,-0.110788986,0.090120874,0.036715053
2015-01-27,-0.097289175,0.124916546,-0.24551599,-0.32285574,0.4357462,-0.30976313,-0.062033907,0.14056599
2015-01-28,-0.108128145,0.107845195,-0.112738624,-0.21427709,0.29145217,-0.14782885,0.02517296,0.09407109
2015-01-29,-0.1061528,0.12087021,-0.20361128,-0.25566155,0.38829896,-0.22418025,0.013286576,0.121051624
2015-01-30,-0.14502266,0.12074165,-0.22707532,-0.27831036,0.46108133,-0.29121035,-0.0066742003,0.14979942
2015-02-02,-0.11369215,0.16558841,-0.21129613,-0.23731104,0.39106974,-0.18118569,0.012050629,0.14509942
2015-02-03,-0.03328239,0.0930231,-0.19092502,-0.23526108,0.2923316,-0.15128404,0.07391267,0.07048187
2015-02-04,-0.141452,0.14675161,-0.19487771,-0.26170254,0.41753623,-0.24129975,-0.017486364,0.15430449
2015-02-05,-0.1829533,0.21552199,-0.29540873,-0.27495512,0.55619955,-0.28831232,-0.02357497,0.2263392
2015-02-06,-0.21166341,0.19193235,-0.26075467,-0.3020705,0.5662479,-0.34761307,-0.077034384,0.22692661
2015-02-09,-0.13602403,0.16159138,-0.24462582,-0.27863863,0.46022263,-0.26184934,-0.022168323,0.17173527
2015-02-10,-0.04754699,0.08348932,-0.15377417,-0.23587006,0.27428716,-0.158604,0.047198985,0.06255236
2015-02-11,-0.07949882,0.10698187,-0.1525968,-0.23486516,0.30228359,-0.16113664,0.021808855,0.09096858
2015-02-12,-0.076815195,0.1395324,-0.22875534,-0.25121823,0.37647676,-0.19433242,0.037406813,0.12310544
2015-02-13,-0.072345145,0.093153924,-0.123040006,-0.21321806,0.26101148,-0.1260384,0.042206917,0.06985611
2015-02-16,-0.03686078,0.10138753,-0.16166505,-0.22428223,0.26251724,-0.12363939,0.060242362,0.06824951
2015-02-17,-0.08739149,0.15285093,-0.24570057,-0.2655078,0.4083313,-0.22246447,0.018994473,0.13969378
2015-02-25,-0.1390669,0.16472736,-0.21379514,-0.24720624,0.42424744,-0.21219715,0.0015718341,0.16344798
2015-02-26,-0.050768673,0.1176076,-0.21934476,-0.26200262,0.34340253,-0.1941435,0.033673435,0.10144921
2015-02-27,-0.08400882,0.13944697,-0.22549918,-0.2520098,0.38168627,-0.20091462,0.028818976,0.123579815
2015-03-02,-0.047880612,0.13569836,-0.21784595,-0.24195108,0.33203003,-0.1612488,0.047397144,0.100385845
2015-03-03,-0.11499727,0.14330396,-0.1388362,-0.20693365,0.31718972,-0.13250741,0.030982237,0.11919361
2015-03-04,-0.031177867,0.072119065,-0.13038202,-0.22631219,0.22792438,-0.12257719,0.049466595,0.044848196
2015-03-05,-0.10222661,0.15882663,-0.27460262,-0.29023176,0.46414068,-0.28271312,0.0044237003,0.1584867
2015-03-06,-0.15976955,0.14609092,-0.25160077,-0.28447017,0.5024507,-0.30946591,-0.007715337,0.17785442
2015-03-09,0.0012077112,0.09504779,-0.18018886,-0.21842155,0.23731738,-0.098142,0.088272944,0.0459984
2015-03-10,-0.08402519,0.13237897,-0.1948032,-0.23752078,0.3472216,-0.17210627,0.03261131,0.11335613
2015-03-11,-0.13039736,0.16926368,-0.24138403,-0.28527695,0.45667437,-0.2739926,-0.034708947,0.16820756
2015-03-12,-0.12208589,0.14873008,-0.24198885,-0.30490848,0.4553461,-0.30162564,-0.053830996,0.15678945
2015-03-13,-0.06515241,0.12814647,-0.20811532,-0.24774563,0.34358364,-0.17945641,0.03873059,0.10812177
2015-03-16,-0.0070204977,0.08344281,-0.118883386,-0.19939241,0.18426484,-0.066353604,0.09212747,0.03507201
2015-03-17,-0.10327173,0.15655945,-0.15420447,-0.22359678,0.3333517,-0.16924347,0.028091095,0.12100986
2015-03-18,-0.027270235,0.10789299,-0.211556,-0.23854834,0.30584276,-0.15439983,0.06875004,0.074110895
2015-03-19,-0.0793362,0.15065038,-0.18828557,-0.2542632,0.34611216,-0.19693127,0.006853007,0.11930315
2015-03-20,-0.07316971,0.1184977,-0.16519368,-0.24443507,0.31040463,-0.17124878,0.012274146,0.09625645
2015-03-23,-0.017796967,0.113629386,-0.15919776,-0.22095117,0.23986071,-0.10669896,0.062102504,0.060725108
2015-03-24,-0.079871126,0.098632745,-0.33831248,-0.3379693,0.5142998,-0.3662384,-0.025578044,0.12375881
2015-03-25,-0.009988707,0.08218528,-0.17468166,-0.24568728,0.24654463,-0.12921982,0.032913238,0.050442383
2015-03-26,-0.12997483,0.07432883,-0.1442536,-0.24580455,0.35804993,-0.23276258,-0.007041268,0.087987304
2015-03-27,-0.02541098,0.08390936,-0.18669948,-0.2169579,0.2746291,-0.12363303,0.10431876,0.058157463
2015-03-30,-0.031916797,0.11482165,-0.24190786,-0.28195697,0.35082898,-0.21582708,0.019373462,0.09579389
2015-03-31,-0.12860847,0.15778734,-0.28723434,-0.26848087,0.48571044,-0.24663177,0.018410645,0.1752545
2015-04-01,0.007059898,0.08837549,-0.16090256,-0.20915744,0.21058142,-0.07980484,0.09459331,0.034348026
2015-04-02,-0.07752023,0.15064606,-0.21843854,-0.25866383,0.37331456,-0.20863995,0.018163852,0.124338806
2015-04-03,-0.016844463,0.068049,-0.16539225,-0.23856845,0.25051853,-0.14391492,0.049694486,0.038426474
2015-04-07,-0.041877434,0.14529744,-0.25995025,-0.2617748,0.37229204,-0.19389462,0.044040024,0.11351517
2015-04-08,-0.19112805,0.16594289,-0.2996148,-0.30419868,0.5921057,-0.3780642,-0.0277308,0.20554577
2015-04-09,-0.09281213,0.19275936,-0.44401896,-0.3399611,0.6402619,-0.40360242,0.06506431,0.21509072
2015-04-10,0.041691773,0.04804857,-0.102867045,-0.18176183,0.112666115,-0.019702476,0.13889042,-0.0134499855
2015-04-13,-0.10926545,0.14496851,-0.22303328,-0.26872125,0.41216198,-0.23909453,-0.0037714317,0.14161927
2015-04-14,-0.10926545,0.14496851,-0.22303328,-0.26872125,0.41216198,-0.23909453,-0.0037714317,0.14161927
2015-04-15,-0.18863033,0.19517049,-0.42042992,-0.37089518,0.70772123,-0.45623943,-0.09261981,0.2535594
2015-04-16,-0.09245147,0.18816257,-0.16701312,-0.20510441,0.31333873,-0.10042314,0.014621966,0.12863272
2015-04-17,-0.08757759,0.098478295,-0.13627324,-0.24805725,0.30772966,-0.19966383,0.012358837,0.0898235
2015-04-20,-0.14609723,0.13683033,-0.026185494,-0.1856547,0.2408489,-0.10314551,-0.009200819,0.105745494
2015-04-21,0.025000656,0.084999055,-0.10856076,-0.18665498,0.1342532,-0.021588895,0.114641696,0.01772675
2015-04-22,-0.03371063,0.045095332,-0.056639284,-0.19288987,0.1589621,-0.0851441,0.076577425,0.011287161
2015-04-23,-0.091016926,0.13154669,-0.24950606,-0.2443836,0.40718862,-0.19878468,0.050280243,0.12615784
2015-04-24,-0.03577669,0.05211565,-0.13655089,-0.26823604,0.25334832,-0.19262026,-0.008733571,0.04071726
2015-04-27,-0.10323584,0.050412018,-0.09959986,-0.25378293,0.2969776,-0.23316857,-0.0027968958,0.06267752
2015-04-28,-0.2620036,0.23238799,-0.35147235,-0.37190455,0.7228734,-0.47857985,-0.15668148,0.30198607
2015-04-29,0.006738346,0.061569065,-0.08544318,-0.16948155,0.12736113,-0.013251092,0.12762082,0.005047676
2015-04-30,-0.09163318,0.12156661,-0.14030734,-0.21988952,0.30349222,-0.15187182,0.043922804,0.10169467
2015-05-04,-0.08249047,0.15925552,-0.19713332,-0.24375331,0.3461978,-0.16768548,0.0044832006,0.12433359
2015-05-05,-0.28217953,0.2328648,-0.28113127,-0.33430088,0.6686146,-0.42870057,-0.15142548,0.28964287
2015-05-06,-0.24500623,0.18711588,-0.08671947,-0.1864554,0.39783,-0.16065052,-0.026461989,0.19197294
2015-05-07,-0.1757623,0.17161864,-0.21503183,-0.28452504,0.47984692,-0.29366952,-0.059174165,0.18936421
2015-05-08,0.036115527,0.04565529,-0.05230685,-0.2322259,0.08946169,-0.08395995,0.038046505,-0.01258078
2015-05-11,0.034876868,0.12403545,-0.2606534,-0.23277041,0.27722386,-0.101565376,0.09632437,0.055614013
2015-05-12,-0.024000328,0.10763508,-0.28514424,-0.26273775,0.37802923,-0.20179997,0.0764185,0.089707494
2015-05-13,-0.0411056,0.055346955,-0.0601188,-0.16364223,0.15256791,-0.02993815,0.10913657,0.02105403
2015-05-14,-0.11552604,0.15523204,-0.23904498,-0.27432743,0.4424687,-0.26683128,0.013379291,0.15594843
2015-05-15,-0.060391396,0.17441523,-0.37185392,-0.30938736,0.51319766,-0.29504892,0.03285794,0.16579236
2015-05-18,-0.038738377,0.08091019,-0.10766102,-0.20491084,0.21232298,-0.10196692,0.062572114,0.039826952
2015-05-19,0.044201434,0.10680224,-0.24113198,-0.23552135,0.25070247,-0.09693988,0.10994717,0.050162956
2015-05-20,-0.04836266,0.06999178,-0.08920174,-0.18576762,0.18629166,-0.049445447,0.063198045,0.040441852
2015-05-21,0.002956653,0.10749006,-0.1416176,-0.21297866,0.20291811,-0.08969997,0.07977855,0.04149973
2015-05-22,-0.036160626,0.19439274,-0.38212055,-0.3140667,0.5005085,-0.283809,0.05710772,0.1781764
2015-05-25,0.051100723,0.04452763,-0.05149639,-0.15468359,0.034791622,0.05213647,0.13962787,-0.03675433
2015-05-26,0.027514318,0.09079927,-0.0683833,-0.1694054,0.07657329,0.036368653,0.1030055,0.0101718735
2015-05-27,0.016672486,0.15388855,-0.37850475,-0.3008554,0.42085347,-0.20887464,0.053613875,0.12201059
2015-05-28,-0.36525658,0.16274856,-0.14011498,-0.3119104,0.6179833,-0.4358821,-0.21944492,0.25817242
2015-05-29,-0.08607922,0.16669053,-0.2631031,-0.20749104,0.3970291,-0.13404435,0.0762039,0.12712309
2015-06-01,0.07997106,-0.00013202056,0.0023711105,-0.14866304,-0.047860987,0.07611678,0.16645584,-0.079629704
2015-06-02,0.039571933,0.10046616,-0.27388832,-0.30311003,0.3059323,-0.19823642,0.022689015,0.0634473
2015-06-03,-0.10400744,0.06774671,-0.27488178,-0.30603865,0.4659451,-0.31863707,-0.017207846,0.10780719
2015-06-04,-0.08368569,0.13737148,-0.36360395,-0.48057014,0.57744503,-0.53260493,-0.22618185,0.1874969
2015-06-05,-0.0700591,0.044017233,-0.076365024,-0.25671482,0.23197848,-0.19052641,-0.02533827,0.042788252
2015-06-08,-0.13124685,0.20953864,-0.3913553,-0.33946517,0.62217283,-0.39063486,-0.01618521,0.22720002
2015-06-09,-0.09868906,0.09996098,-0.13767442,-0.26071507,0.32621396,-0.23165062,-0.025075495,0.08633365
2015-06-10,0.03948524,0.103026226,-0.2493793,-0.20202455,0.24539846,-0.041513536,0.14117539,0.044484306
2015-06-11,-0.03992856,0.13410354,-0.22959219,-0.2585883,0.33963078,-0.18159659,0.035126515,0.10156529
2015-06-12,-0.010398833,0.08585773,-0.19795974,-0.20377529,0.25992954,-0.0870229,0.124550804,0.052927688
2015-06-15,-0.1922026,0.1975413,-0.36530912,-0.32342684,0.6466841,-0.38211182,-0.05436407,0.24005543
2015-06-16,-0.2330908,0.22419742,-0.30260956,-0.27969536,0.624499,-0.33620426,-0.008479714,0.26971075
2015-06-17,0.107408516,0.09234367,-0.46420452,-0.30476946,0.43022323,-0.24386808,0.21034089,0.06688981
2015-06-18,-0.26253483,0.18125303,-0.16318682,-0.23783857,0.50808305,-0.2699601,-0.05455613,0.21836995
2015-06-19,-0.28985134,0.166596,-0.07667299,-0.24563426,0.45754337,-0.2728342,-0.096710965,0.22485194
2015-06-23,-0.11411649,0.08586964,-0.42498732,-0.36308938,0.64817804,-0.46878985,-0.0051390007,0.14738412
2015-06-24,-0.051371425,0.04260029,-0.14420852,-0.30568793,0.2924165,-0.26250413,-0.042469695,0.057481255
2015-06-25,-0.29850274,0.22495705,-0.14117433,-0.21762314,0.51348037,-0.23781702,-0.0755112,0.25021175
2015-06-26,-0.45852277,0.30629566,-0.31876734,-0.43858308,0.9396719,-0.72432584,-0.34454364,0.41034672
2015-06-29,-0.3121253,0.19991061,-0.64037377,-0.59050506,1.0719017,-0.83038855,-0.35376287,0.3709488
2015-06-30,0.3977075,0.005933825,-0.39865553,-0.09640144,-0.031763047,0.26151794,0.6572384,-0.13301209
2015-07-01,-0.3201252,0.04664746,0.17571233,-0.15012175,0.21471854,-0.110556185,-0.09958781,0.11476071
2015-07-02,-0.4214511,0.3222172,-0.18600976,-0.32587048,0.7313389,-0.47614023,-0.24675639,0.38462234
2015-07-03,-0.32751095,0.47505125,-0.63893473,-0.24731573,1.0579413,-0.42678806,0.15445603,0.49013925
2015-07-06,-0.5698834,0.53450567,-1.068369,-0.8488147,1.8152725,-1.3984994,-0.51030797,0.76083857
2015-07-07,-0.30469853,0.27920794,-0.590096,-0.5001319,1.0521505,-0.79271996,-0.19414027,0.38192177
2015-07-08,-0.17419896,0.16420953,-0.058140952,-0.20203355,0.31369305,-0.1640874,-0.029139511,0.1332841
2015-07-09,0.18250096,-0.23837289,0.530891,0.05092594,-0.778312,0.5733812,0.2805358,-0.3912032
2015-07-10,-0.023207117,-0.03134668,0.10390182,-0.15371148,-0.022135392,0.007700611,0.080587424,-0.06433572
2015-07-13,0.19245598,0.146997,-0.2606903,-0.13780151,0.05617121,0.17667733,0.28177184,-0.010596434
2015-07-14,-0.10569384,0.032553185,0.13656549,-0.22829679,0.048754316,-0.10161346,-0.11410043,0.016681805
2015-07-15,-0.42961857,0.28116217,-0.29587337,-0.39987454,0.8648108,-0.6196947,-0.28690696,0.3939181
2015-07-16,0.037423268,-0.00860811,0.21213035,-0.09752308,-0.242818,0.21116386,0.08467863,-0.12041676
2015-07-17,0.1579866,-0.018740594,-0.10433081,-0.19364801,-0.023594163,0.055406354,0.14970864,-0.10149622
2015-07-20,-0.06758969,0.025198389,-0.13393836,-0.29594,0.3077108,-0.29352745,-0.04363823,0.031305417
2015-07-21,0.0043453146,0.010086779,-0.021696828,-0.1549445,0.06225604,0.012175983,0.12229057,-0.03674583
2015-07-22,-0.03694118,0.07962203,-0.17923944,-0.3215185,0.3139768,-0.27547377,-0.057693586,0.07396668
2015-07-23,0.06632,0.09116683,-0.2194306,-0.19146073,0.19466807,-0.025775943,0.17989837,0.021026157
2015-07-24,-0.22546129,0.19251588,-0.19726656,-0.23478544,0.5036114,-0.25670916,-0.012080461,0.2116036
2015-07-27,-0.44438022,0.13190742,0.115128,-0.20017102,0.41825336,-0.2539005,-0.22917525,0.22622018
2015-07-28,0.0354985,0.2571741,-0.26778987,-0.2409336,0.26728374,-0.036233757,0.035801187,0.1432193
2015-07-29,0.04908167,0.09023162,-0.29989833,-0.37424958,0.36391306,-0.34157437,0.0011862442,0.07610816
2015-07-30,-0.15518501,0.113219485,-0.18415369,-0.20858654,0.3980996,-0.16806872,0.044054717,0.13369882
2015-07-31,-0.13542676,0.11182872,-0.19735543,-0.24127993,0.39898282,-0.201212,0.0064585432,0.13035366
2015-08-03,-0.25211954,0.2332069,-0.27387553,-0.3579464,0.64671624,-0.4665592,-0.18570127,0.26081297
2015-08-04,0.12742558,0.043227933,-0.22059384,-0.17481744,0.12829411,0.019278826,0.26670188,-0.02595763
2015-08-05,-0.13090698,0.106867135,-0.18804587,-0.32191223,0.42354414,-0.33643767,-0.09342618,0.13106263
2015-08-06,-0.105584174,0.11261818,-0.059988614,-0.19710982,0.23518002,-0.11484647,0.0048821047,0.07323544
2015-08-07,-0.05889812,0.09164734,-0.13331789,-0.22280258,0.26163065,-0.14102457,0.031475913,0.05829064
2015-08-10,0.112848975,0.082982406,-0.21940364,-0.18999118,0.14131129,0.011114974,0.1930232,-0.0053571975
2015-08-11,-0.069117785,0.08476552,-0.21943662,-0.26497585,0.36230212,-0.21654758,0.023395423,0.08956614
2015-08-12,-0.13657136,0.08648572,-0.11990382,-0.23772544,0.3394886,-0.21202832,0.005639583,0.10440399
2015-08-13,-0.0002921205,0.049822073,-0.20797807,-0.28028923,0.29534423,-0.2267696,0.040627036,0.031763464
2015-08-14,-0.118240185,0.19383681,-0.22885323,-0.26310015,0.43081886,-0.24122766,-0.0052294657,0.1655038
2015-08-17,0.033765808,0.070830114,-0.18469267,-0.1977596,0.20411575,-0.061764162,0.16183221,0.023402851
2015-08-18,-0.52214384,0.31399682,-0.27480793,-0.37955943,0.92880183,-0.62199515,-0.3246653,0.44815937
2015-08-19,0.15714426,-0.10367944,-0.20691413,-0.27226314,0.12943715,-0.16690235,0.16095814,-0.12661244
2015-08-20,-0.20505509,0.19326806,-0.17054172,-0.22965935,0.4423222,-0.19678497,-0.030765086,0.20651154
2015-08-21,-0.20576982,0.18110433,-0.36912227,-0.38091314,0.6806226,-0.4657782,-0.12187481,0.25823236
2015-08-24,-0.333531,0.32686272,-0.5419243,-0.45055208,0.98535573,-0.6243426,-0.24111955,0.42823106
2015-08-25,-0.42782137,0.28606635,-0.08587421,-0.32117435,0.6419066,-0.46360394,-0.33489448,0.32581693
2015-08-26,-0.04525173,0.08123775,-0.0689743,-0.067079924,0.1389192,0.07950076,0.31230134,0.025086906
2015-08-27,-0.1646315,0.19434142,-0.20067775,-0.3178161,0.49198043,-0.38907856,-0.084361866,0.18012007
2015-08-28,0.1420772,0.14232904,-0.38559482,-0.29469362,0.2959458,-0.13103892,0.1230295,0.059204187
2015-08-31,-0.17303863,0.24517483,-0.4318613,-0.35036185,0.69274014,-0.39896938,-0.063292414,0.27795318
2015-09-01,-0.30114925,0.3601381,-0.43100378,-0.32850066,0.8270306,-0.43358284,-0.08253966,0.40083268
2015-09-02,0.0073632244,0.122037545,-0.0015036189,-0.061615143,-0.019295834,0.21309274,0.2039386,-0.0074782576
2015-09-07,-0.23653619,0.06836806,0.1137343,-0.18727475,0.22490957,-0.18257293,-0.04656756,0.09589219
2015-09-08,0.11680087,-0.04215888,-0.07021498,-0.25134054,0.02334711,-0.07637766,0.07119103,-0.08679132
2015-09-09,-0.091227494,0.08134218,-0.0065240115,-0.22619206,0.17834698,-0.13560432,-0.05325082,0.04851643
2015-09-10,-0.13590714,0.15945756,-0.26914465,-0.26909533,0.4814341,-0.2608033,-0.0001892522,0.16720627
2015-09-11,-0.12917356,0.12312613,-0.12698077,-0.2781877,0.35293126,-0.26404828,-0.07277548,0.115125656
2015-09-14,-0.5979074,0.31204492,-0.24623717,-0.5055162,1.0236398,-0.8519152,-0.5288094,0.48946446
2015-09-15,-0.29621005,0.17357352,-0.09598261,-0.25555852,0.49507093,-0.32596153,-0.13258271,0.20585345
2015-09-16,0.21424699,0.0010567531,-0.17204522,-0.27606067,0.024620518,-0.072234824,0.10184896,-0.10049547
2015-09-17,-0.05774378,0.17097878,-0.26175785,-0.2247155,0.3718686,-0.13421875,0.07221627,0.12790374
2015-09-18,-0.060189128,0.12095001,-0.21415089,-0.2437838,0.3501874,-0.19182704,0.06505934,0.099511385
2015-09-21,0.08432372,0.06623391,-0.08625116,-0.1611982,0.03363429,0.06289865,0.14966026,-0.035019144
2015-09-22,-0.09974199,0.11916385,-0.26801178,-0.2775945,0.45260343,-0.2781578,0.025713187,0.12704228
2015-09-23,-0.071862325,0.06647381,-0.16499828,-0.27622452,0.32011664,-0.22829649,-0.014141135,0.07507753
2015-09-24,-0.124687135,0.068775415,-0.1148545,-0.24751392,0.32458115,-0.22123832,-0.014766872,0.08426805
2015-09-25,-0.23419936,0.103381984,-0.25038964,-0.35217994,0.60283464,-0.46424672,-0.13063015,0.19416319
2015-09-28,0.0057844017,0.19458273,-0.2920718,-0.25279754,0.34086326,-0.13035761,0.060019568,0.12044081
2015-09-29,-0.07670108,0.077789195,-0.12223314,-0.24522,0.28100896,-0.19126669,0.0011861399,0.06235722
2015-09-30,-0.09622791,0.1268925,-0.24502127,-0.25961772,0.4198918,-0.23584515,0.045508306,0.13108495
2015-10-08,-0.14328228,0.23957407,-0.32434288,-0.30883354,0.55236596,-0.3121845,-0.060917288,0.22492748
2015-10-09,-0.017522125,0.113892965,-0.24894196,-0.25569472,0.33449405,-0.17643523,0.064052135,0.08193122
2015-10-12,0.0067193117,0.07938507,-0.030063521,-0.14338288,0.05608316,0.056580156,0.12340007,-0.0013562692
2015-10-13,-0.0132736005,0.059737667,-0.16013876,-0.22623217,0.24223226,-0.13372901,0.0855989,0.03334107
2015-10-14,-0.1531059,0.19085377,-0.2137213,-0.26617208,0.44619736,-0.24245784,-0.031133443,0.1889813
2015-10-15,0.048286147,0.07909993,-0.12138785,-0.16894704,0.11360757,0.01387383,0.14922306,-0.0021934807
2015-10-16,-0.09507496,0.1169551,-0.25332946,-0.29151395,0.4313668,-0.2719163,-0.0074229315,0.13085425
2015-10-19,-0.1321034,0.17069107,-0.22534809,-0.29550713,0.44564328,-0.28148767,-0.063260645,0.16898781
2015-10-20,-0.056210928,0.14771876,-0.30155623,-0.2712017,0.42214024,-0.20786002,0.04537315,0.13759373
2015-10-21,-0.44013608,0.30894393,-0.19570462,-0.34849495,0.77761,-0.5536184,-0.27699053,0.37536025
2015-10-22,0.027708052,0.12461098,-0.21188256,-0.30911836,0.26601198,-0.20130429,-0.033986107,0.06722213
2015-10-23,0.024849871,0.036638945,-0.16521557,-0.24421227,0.20961168,-0.13486871,0.07513615,0.006950129
2015-10-26,-0.15271322,0.19093937,-0.2813179,-0.2621422,0.5122757,-0.26714095,0.013567373,0.19215599
2015-10-27,0.061880134,0.09335371,-0.40721807,-0.3077735,0.42375353,-0.25782347,0.15172175,0.07919577
2015-10-28,-0.19824462,0.114998154,-0.12730935,-0.27746496,0.42597046,-0.30582556,-0.08184999,0.15079288
2015-10-29,-0.03892473,0.09913558,-0.26681933,-0.24907038,0.3667784,-0.17929506,0.06700164,0.084547654
2015-10-30,-0.061739758,0.20101357,-0.28120813,-0.22311443,0.39130723,-0.12433863,0.07666839,0.15330543
2015-11-02,-0.17292067,0.1982601,-0.1616426,-0.2295579,0.40063453,-0.17738034,-0.042403936,0.1825274
2015-11-03,-0.14082192,0.13131484,-0.21904,-0.25938556,0.43960616,-0.24646655,0.019266367,0.15769435
2015-11-04,0.11089907,0.024090763,-0.0569956,-0.16230476,-0.02655916,0.08282731,0.15765283,-0.07124275
2015-11-05,-0.13204996,0.1391533,-0.2106778,-0.25456074,0.43022323,-0.25685132,0.022028513,0.14073253
2015-11-06,0.0007851608,0.024330493,-0.0663202,-0.19273016,0.1277731,-0.062485624,0.09226068,-0.013820212
2015-11-09,0.017657587,0.110756114,-0.22990239,-0.22734159,0.2644704,-0.09680873,0.10440268,0.061719436
2015-11-10,-0.06786254,0.08005108,-0.1197273,-0.25697413,0.26990253,-0.19039242,-0.012405448,0.067845516
2015-11-11,-0.02061423,0.10421627,-0.21184249,-0.25855637,0.30727237,-0.18229769,0.0491933,0.07297397
2015-11-12,-0.045268416,0.11328511,-0.31281582,-0.31487617,0.44219604,-0.2858911,0.022826716,0.12641679
2015-11-13,-0.07243324,0.12302319,-0.29948965,-0.27959585,0.45488924,-0.26892608,0.067858234,0.13208084
2015-11-16,0.0331468,0.07112624,-0.12244968,-0.21291134,0.1489154,-0.065317184,0.07887779,0.004908104
2015-11-17,-0.23030746,0.19942048,-0.2188582,-0.2864342,0.5454677,-0.336327,-0.08871111,0.22355857
2015-11-18,-0.18004295,0.18177333,-0.19831121,-0.2718034,0.46086374,-0.26150838,-0.056070894,0.19716568
2015-11-19,0.034851365,0.009764329,-0.12727156,-0.22446847,0.15600336,-0.096163034,0.09380825,-0.019952687
2015-11-20,-0.08781333,0.114621,-0.21538639,-0.24189654,0.37422714,-0.19589101,0.047372993,0.109398246
2015-11-23,-0.16990012,0.14913806,-0.13127273,-0.2495893,0.3833849,-0.2246347,-0.05243303,0.15449318
2015-11-24,-0.049719352,0.14547265,-0.2987601,-0.27414405,0.42129257,-0.2257784,0.05493027,0.12987646
2015-11-25,-0.03792899,0.12723479,-0.2295303,-0.24851727,0.33476028,-0.16920234,0.051956657,0.09493253
2015-11-26,-0.1659087,0.1746684,-0.23092785,-0.2616948,0.47906297,-0.26589188,-0.016671628,0.18093881
2015-11-27,-0.4227991,0.23820382,-0.109937176,-0.29486334,0.6457622,-0.42427272,-0.24554397,0.31910196
2015-11-30,-0.06419967,0.04221426,-0.25493103,-0.39348057,0.4383942,-0.4200243,-0.112895876,0.09478778
2015-12-01,-0.108472995,0.1072,-0.18054026,-0.22550675,0.35191697,-0.16631196,0.026639845,0.10452697
2015-12-02,-0.08763593,0.13947894,-0.38877553,-0.33497068,0.5706286,-0.37317166,0.005314298,0.16014297
2015-12-03,-0.03967882,0.074346274,-0.1982156,-0.2382364,0.3072692,-0.16620791,0.0772399,0.06569268
2015-12-04,-0.17273632,0.17551324,-0.20895341,-0.28181574,0.47395676,-0.2964274,-0.05946839,0.18251224
2015-12-07,-0.06444728,0.15007018,-0.16541599,-0.23326346,0.2958933,-0.13796988,0.021860912,0.10873732
2015-12-08,-0.1755757,0.20291936,-0.31532842,-0.2917011,0.57754314,-0.32433397,-0.010648005,0.22686459
2015-12-09,-0.14869969,0.19761387,-0.22860727,-0.27217352,0.46239218,-0.26419288,-0.0330206,0.18563779
2015-12-10,-0.14169012,0.10335921,-0.17283845,-0.24572146,0.39508608,-0.23172915,0.01203578,0.124954686
2015-12-11,-0.09619834,0.12659112,-0.25600025,-0.28145108,0.4297636,-0.2523298,0.0002917573,0.13535123
2015-12-14,0.05334545,0.079863705,-0.2465585,-0.25570917,0.25631902,-0.13413079,0.103410624,0.03661263
2015-12-15,-0.11741063,0.12535676,-0.14076056,-0.24518883,0.3388031,-0.20287615,-0.01397524,0.114069
2015-12-16,-0.098230705,0.13591549,-0.16373973,-0.2296212,0.32947907,-0.15803945,0.023521528,0.11868225
2015-12-17,-0.037407774,0.084965155,-0.13791594,-0.21855518,0.23993173,-0.11784348,0.054500528,0.050687354
2015-12-18,-0.13242936,0.14213035,-0.25751817,-0.27883103,0.4749163,-0.28383592,0.00027941167,0.15762205
2015-12-21,-0.05540233,0.088199034,-0.1392265,-0.21296462,0.26203126,-0.12818049,0.07051109,0.06323117
2015-12-22,-0.059145324,0.10049571,-0.23862895,-0.27500033,0.37760636,-0.23478386,0.03047797,0.09848119
2015-12-23,-0.13862845,0.1480929,-0.23052761,-0.27426043,0.44876638,-0.2576976,-0.021218255,0.16282111
2015-12-24,-0.082524605,0.1548174,-0.32311565,-0.31415394,0.49280822,-0.30768424,-0.0019088238,0.16016982
2015-12-25,-0.12482661,0.13652019,-0.19296038,-0.2611396,0.39906287,-0.23672536,-0.016633376,0.13459659
2015-12-28,-0.22434025,0.17669141,-0.14040363,-0.28233865,0.46465096,-0.31250882,-0.11880556,0.19542597
2015-12-29,-0.052744314,0.11515051,-0.21016628,-0.2668217,0.3430836,-0.20986107,0.032038916,0.10059337
2015-12-30,-0.06265877,0.12083571,-0.20989648,-0.27002704,0.34793562,-0.20567895,0.004097812,0.1070603
2015-12-31,-0.16343397,0.16734333,-0.28319722,-0.3227434,0.54114604,-0.352162,-0.07441907,0.199564
2016-01-04,-0.49331117,0.37610656,-0.40004843,-0.49089944,1.0640688,-0.80523247,-0.36399215,0.5088403
2016-01-05,-0.15565121,0.029728413,0.21265174,-0.16852671,0.03213062,-0.078534976,-0.050542817,0.008230305
2016-01-06,0.008356832,0.0393411,-0.18917008,-0.24161074,0.25263906,-0.15381615,0.10499333,0.025478596
2016-01-07,-0.31638336,0.4130473,-0.7676016,-0.4970603,1.2157307,-0.7526435,-0.12936565,0.5209804
2016-01-08,-0.083382845,0.23582038,-0.36863592,-0.24554765,0.50179255,-0.18664916,0.051063832,0.18453045
2016-01-11,-0.31528497,0.10552275,-0.073767565,-0.28605652,0.49313387,-0.3583497,-0.18046077,0.19717039
2016-01-12,-0.124275416,0.18240961,-0.34276283,-0.27033332,0.5464901,-0.28329417,0.0626642,0.19091676
2016-01-13,-0.26328874,0.14397424,-0.13792333,-0.28754815,0.49630573,-0.3309002,-0.14412506,0.2021611
2016-01-14,0.15085654,0.024696834,-0.25268617,-0.19324446,0.13487202,0.002915509,0.24409065,-0.047762267
2016-01-15,-0.28110176,0.19378874,-0.20077994,-0.32903138,0.59034437,-0.4058858,-0.17133744,0.26060098
2016-01-18,0.012296606,0.01700833,-0.07885965,-0.15191258,0.11532767,-0.008644536,0.18813638,-0.022333905
2016-01-19,0.07485901,0.05814543,-0.19680803,-0.17701437,0.1664374,-0.018628355,0.21833944,-0.0067560244
2016-01-20,-0.14355747,0.101197064,-0.17595297,-0.29167297,0.4140685,-0.29655674,-0.06205955,0.12873401
2016-01-21,-0.19531722,0.14580032,-0.007666343,-0.20834628,0.2788931,-0.14738044,-0.07007992,0.14085728
2016-01-22,-0.035652287,0.08047852,-0.29290536,-0.28064647,0.40208685,-0.2407647,0.056056105,0.08420108
2016-01-25,-0.14516485,0.15104547,-0.14450231,-0.24641663,0.36942765,-0.20905992,-0.028259926,0.14660762
2016-01-26,-0.4233308,0.27897933,-0.1879014,-0.31073922,0.71462697,-0.43249443,-0.2447611,0.36395296
2016-01-27,-0.119709946,0.2520056,-0.56227547,-0.48162636,0.8061832,-0.593005,-0.14925517,0.29246625
2016-01-28,-0.24116184,0.15696502,-0.13507946,-0.27403337,0.47056365,-0.30294895,-0.10656802,0.19890667
2016-01-29,0.06650545,0.09164512,-0.1930062,-0.20106712,0.16510564,-0.015531708,0.12877657,0.01641142
2016-02-01,-0.2162131,0.1666834,-0.21787138,-0.2814573,0.52279633,-0.31545538,-0.07885161,0.20069712
2016-02-02,-0.011726304,0.06343753,-0.026811637,-0.16503581,0.084401354,0.007846292,0.086895086,0.0043599247
2016-02-03,-0.015670434,0.13608138,-0.22098869,-0.2724424,0.31422412,-0.19234563,0.018464811,0.0870218
2016-02-04,-0.04992058,0.054436073,-0.058614265,-0.21465239,0.18242848,-0.118083164,0.03150171,0.027256373
2016-02-05,-0.14887129,0.1400295,-0.21607156,-0.27069423,0.44825417,-0.26626432,-0.02119781,0.15780072
2016-02-15,0.03781005,0.08258253,-0.15489288,-0.20315182,0.16674277,-0.043169234,0.1073439,0.01718755
2016-02-16,0.02480393,0.031632107,-0.029525362,-0.16656911,0.05245836,0.010311231,0.11244121,-0.03218423
2016-02-17,-0.052569516,0.07771477,-0.21029344,-0.28340602,0.3464009,-0.23907697,0.0086489245,0.080098554
2016-02-18,-0.14002039,0.1505817,-0.23541768,-0.2678686,0.4595011,-0.26647872,0.0040495545,0.1626166
2016-02-19,-0.10079603,0.10806449,-0.1932431,-0.24794096,0.36664,-0.20291032,0.016054906,0.10885008
2016-02-22,-0.07369793,0.14572662,-0.17242716,-0.23689985,0.31421003,-0.1533178,0.020868212,0.1129332
2016-02-23,-0.16768475,0.17644674,-0.26379153,-0.3082056,0.5287808,-0.34281215,-0.06037867,0.19655961
2016-02-24,-0.059767522,0.07700412,-0.16787004,-0.2937064,0.3260623,-0.26409212,-0.010461345,0.079909205
2016-02-25,-0.5074041,0.27667364,-0.3097043,-0.4127975,0.9466869,-0.6526948,-0.34145242,0.4421144
2016-02-26,-0.052731432,0.10722551,-0.21620001,-0.3063725,0.35522318,-0.25581673,-0.041891247,0.09912695
2016-02-29,-0.29959697,0.42157692,-0.55029386,-0.40121928,0.94999397,-0.52940094,-0.16878326,0.45521906
2016-03-01,0.043843456,0.047035813,-0.27657425,-0.30131412,0.3063738,-0.21242201,0.048300713,0.033708166
2016-03-02,0.13663702,0.009977106,-0.101368725,-0.13945743,-0.015549213,0.10797833,0.25357726,-0.080286235
2016-03-03,-0.13446681,0.11414687,-0.13366622,-0.22682333,0.34370562,-0.18990181,-0.00023774058,0.10867809
2016-03-04,-0.2518851,0.15217674,-0.25341567,-0.3553275,0.60751486,-0.42874715,-0.1894025,0.23214696
2016-03-07,-0.11071525,0.05155572,-0.008734385,-0.2217373,0.21157771,-0.1760045,-0.0075012073,0.04512113
2016-03-08,0.01065165,0.23538396,-0.46492913,-0.2785856,0.50577164,-0.19504495,0.117825955,0.17635171
2016-03-09,-0.14662871,0.13373733,-0.22253166,-0.28123054,0.45720774,-0.29034874,-0.042094424,0.14639707
2016-03-10,-0.1536567,0.15054965,-0.2591945,-0.25575766,0.48768666,-0.25617906,0.021209016,0.17047125
2016-03-11,-0.08042685,0.16407558,-0.24538569,-0.23421592,0.39404938,-0.18097138,0.07043575,0.13573627
2016-03-14,-0.030288547,0.06711782,-0.012388551,-0.15598217,0.0856236,0.015471328,0.0792557,0.008718609
2016-03-15,-0.14731883,0.15948837,-0.2534364,-0.30545864,0.4946405,-0.32366312,-0.05717407,0.1746847
2016-03-16,-0.1891676,0.16978768,-0.34973237,-0.32245383,0.6331944,-0.38993657,-0.03352604,0.22666869
2016-03-17,0.033281542,0.037479013,-0.16469963,-0.1769748,0.18213364,-0.044540282,0.1977388,-0.0014753826
2016-03-18,-0.23313203,0.4169742,-0.76942325,-0.42069525,1.1308496,-0.60971636,-0.018372342,0.47722882
2016-03-21,-0.07148641,0.1364293,-0.18003426,-0.25130302,0.32639796,-0.1825423,0.0102397725,0.10843323
2016-03-22,-0.07568871,0.11540477,-0.20919912,-0.25912142,0.35467967,-0.19535212,0.005901657,0.10562231
2016-03-23,-0.06467758,0.12550229,-0.19873823,-0.282641,0.34736082,-0.22878635,-0.011287779,0.11108586
2016-03-24,-0.108871825,0.10911468,-0.16057235,-0.21928176,0.33352575,-0.15684287,0.028000895,0.101140365
2016-03-25,-0.09405214,0.107051335,-0.15647987,-0.25456932,0.33740494,-0.22217146,0.00618279,0.09642644
2016-03-28,-0.20020503,0.13587382,-0.114231355,-0.2490809,0.3992868,-0.2418862,-0.064148486,0.16072308
2016-03-29,-0.18683082,0.17578465,-0.27459177,-0.31170437,0.5500041,-0.34029862,-0.08666837,0.2086888
2016-03-30,0.033226103,0.045201123,-0.1842928,-0.24152863,0.2204696,-0.13462815,0.09632394,0.010152479
2016-03-31,-0.1365637,0.15846768,-0.22114511,-0.26013085,0.44042256,-0.25156614,-0.0027424172,0.15532002
2016-04-01,-0.10584187,0.15868905,-0.3201413,-0.32999927,0.52122223,-0.346422,-0.034055956,0.17389
2016-04-05,0.019950023,0.10334061,-0.20182718,-0.19127169,0.22709712,-0.04750661,0.14630342,0.04422219
2016-04-06,-0.08881999,0.12478916,-0.17563614,-0.2594909,0.34842768,-0.21855512,0.0027201325,0.109310865
2016-04-07,-0.13824883,0.15743488,-0.28243923,-0.2857105,0.5024686,-0.2882531,-0.0022915304,0.17939728
2016-04-08,-0.17125101,0.19041994,-0.26986676,-0.2856535,0.5299535,-0.31163216,-0.041165322,0.19756564
2016-04-11,-0.08675533,0.099989355,-0.11689303,-0.22000957,0.27373937,-0.14306453,0.0261865,0.081380665
2016-04-12,-0.14853401,0.17198247,-0.272555,-0.29843667,0.5124057,-0.31666884,-0.03021016,0.18864867
2016-04-13,-0.06792314,0.08605999,-0.096285276,-0.191419,0.22247696,-0.084215894,0.057047114,0.055861346
2016-04-14,-0.09115701,0.1596561,-0.27370226,-0.29825386,0.4496743,-0.27724546,-0.018106788,0.15267934
2016-04-15,-0.123232014,0.15672761,-0.27368373,-0.2810967,0.47489923,-0.26571542,-0.002380237,0.16903266
2016-04-18,-0.12401165,0.20407623,-0.3403039,-0.32282713,0.55149066,-0.33068794,-0.04734367,0.20656939
2016-04-19,-0.11702702,0.15041655,-0.23296894,-0.27737424,0.4361538,-0.2640028,-0.00045789778,0.15451711
2016-04-20,-0.36895576,0.21561709,-0.26423872,-0.45966992,0.7883473,-0.6689876,-0.36465013,0.32918656
2016-04-21,-0.10803738,0.11525263,-0.11095819,-0.21711531,0.28643835,-0.1373801,0.016570285,0.1038357
2016-04-22,-0.06934127,0.10137309,-0.21006484,-0.27402708,0.36286876,-0.23641244,0.010748595,0.0963821
2016-04-25,-0.08368593,0.15558393,-0.3119675,-0.27960327,0.47170204,-0.25740165,0.03901065,0.1526375
2016-04-26,-0.07060726,0.1049096,-0.19232695,-0.27337918,0.35162678,-0.23993689,0.012432955,0.096927166
2016-04-27,-0.14563312,0.16237289,-0.20547597,-0.26374668,0.42993534,-0.24177822,-0.034071945,0.16181822
2016-04-28,-0.1151685,0.14138356,-0.25139546,-0.32598525,0.46679786,-0.3381599,-0.07011533,0.1525849
2016-04-29,-0.08842995,0.114120714,-0.2040925,-0.26142177,0.3676212,-0.21381173,0.0020898357,0.10936594
2016-05-03,0.012485461,0.09001478,-0.098754905,-0.1816186,0.13133019,-0.008191366,0.0847709,0.017745262
2016-05-04,-0.09085482,0.118795276,-0.21671191,-0.25460905,0.38107833,-0.21011502,0.02403637,0.116146564
2016-05-05,-0.07067148,0.111856826,-0.21744563,-0.26747966,0.37026116,-0.22978994,0.025484532,0.10369094
2016-05-06,-0.27744934,0.169984,-0.25285876,-0.35172638,0.65073055,-0.47797856,-0.16667841,0.24537621
2016-05-09,-0.21344857,0.25886962,-0.40033922,-0.36015996,0.7095498,-0.42990103,-0.12216489,0.2944111
2016-05-10,-0.12146944,0.15192169,-0.22687538,-0.26183638,0.428609,-0.24056682,0.012083292,0.15325001
2016-05-11,-0.11240933,0.1481938,-0.2065416,-0.23897532,0.39331257,-0.19971716,0.044588596,0.14288037
2016-05-12,-0.04351166,0.1794996,-0.27405414,-0.24506381,0.37586734,-0.15504761,0.04788601,0.12944973
2016-05-13,-0.14776862,0.10525535,-0.12060477,-0.24930775,0.35681772,-0.23410025,-0.025306538,0.11719073
2016-05-16,-0.02108226,0.14148998,-0.23520051,-0.2502446,0.31836706,-0.14688523,0.052548278,0.10104197
2016-05-17,-0.09063349,0.12872103,-0.26790512,-0.27841,0.435575,-0.24990481,0.020549864,0.13749973
2016-05-18,-0.22688402,0.2077299,-0.32497075,-0.32596126,0.649905,-0.40323117,-0.09063871,0.2536047
2016-05-19,-0.106032595,0.08450036,-0.046658505,-0.20203847,0.22458544,-0.12210022,0.00950297,0.06469314
2016-05-20,-0.04651361,0.102080435,-0.16442072,-0.25649884,0.28824404,-0.1818932,0.005878091,0.07231885
2016-05-23,-0.084774904,0.09695695,-0.1386608,-0.24761981,0.3048281,-0.1952825,0.0066242144,0.08507334
2016-05-24,-0.13454416,0.17649919,-0.2825771,-0.3057005,0.51005024,-0.32138732,-0.03276468,0.18542254
2016-05-25,-0.17166023,0.15297474,-0.19399416,-0.28806877,0.4647257,-0.31363276,-0.057916895,0.17086586
2016-05-26,-0.02982349,0.14023432,-0.351963,-0.31929687,0.46845898,-0.29744348,0.04289488,0.13679673
2016-05-27,-0.067444324,0.11903618,-0.22713017,-0.26997986,0.36948305,-0.21456587,0.015750945,0.11178492
2016-05-30,-0.09468939,0.15863177,-0.20790476,-0.24739075,0.36843565,-0.17744884,-0.0005943179,0.13478805
2016-05-31,0.043418214,0.0060329437,-0.04803469,-0.17851028,0.058514323,-0.013417054,0.12282763,-0.049560234
2016-06-01,-0.10537636,0.14949587,-0.21501793,-0.26632127,0.3984327,-0.22689241,-0.0077887774,0.14082476
2016-06-02,-0.08873322,0.1127386,-0.17810273,-0.25348058,0.34424618,-0.20367381,0.00836473,0.10394885
2016-06-03,-0.071494535,0.12610997,-0.24836108,-0.2599179,0.39195213,-0.21096566,0.042249497,0.11873087
2016-06-06,-0.12001011,0.14694193,-0.19725086,-0.26954147,0.4027604,-0.24696702,-0.017337002,0.14300618
2016-06-07,-0.0963621,0.14223653,-0.2445342,-0.26215735,0.4167289,-0.2290093,0.024268594,0.13640599
2016-06-08,-0.08436976,0.16629674,-0.31189018,-0.28696933,0.474204,-0.2643626,0.022347338,0.15895754
2016-06-13,-0.23717813,0.18063664,-0.1388998,-0.24491999,0.45636857,-0.24767724,-0.081831306,0.20276676
2016-06-14,-0.12357206,0.12684143,-0.20674205,-0.27276748,0.41430822,-0.25566557,-0.015762202,0.13757914
2016-06-15,0.062999435,0.025486417,-0.009304174,-0.13745579,-0.03348721,0.10543135,0.15475768,-0.059100848
2016-06-16,-0.13380896,0.15524001,-0.21565546,-0.25564665,0.4290752,-0.23661491,0.007302828,0.1565514
2016-06-17,-0.13930562,0.1109429,-0.106198855,-0.24266312,0.3332461,-0.21780178,-0.0234472,0.11042115
2016-06-20,-0.07256233,0.16346091,-0.28801915,-0.2744892,0.43682846,-0.23813841,0.033801604,0.14490846
2016-06-21,-0.19770604,0.15095784,-0.21272697,-0.29045707,0.50312847,-0.32099628,-0.07310803,0.18831852
2016-06-22,-0.017330986,0.08958252,-0.1808676,-0.24938217,0.2712952,-0.15920122,0.05686456,0.06314444
2016-06-23,-0.12062778,0.15700236,-0.26603818,-0.29788598,0.4726384,-0.29299545,-0.03697031,0.16182108
2016-06-24,-0.13903126,0.108381286,-0.30717033,-0.3287858,0.54140854,-0.36915445,-0.036283135,0.16388874
2016-06-27,0.016586287,0.05503285,-0.11101147,-0.18919939,0.14832126,-0.043081556,0.117427066,0.0047103725
2016-06-28,-0.043586478,0.11593385,-0.20176622,-0.24512923,0.3203148,-0.17836827,0.05744452,0.086227834
2016-06-29,-0.1093727,0.13411924,-0.21572208,-0.26599595,0.40634695,-0.23965096,0.0052484795,0.13561432
2016-06-30,-0.11327767,0.13907373,-0.22755301,-0.27463505,0.42151257,-0.25072584,-0.012668192,0.14128938
2016-07-01,-0.12914573,0.13844702,-0.19744581,-0.2802695,0.41316742,-0.26356387,-0.040641025,0.14428593
2016-07-04,0.010438446,0.030992571,-0.022785652,-0.17036399,0.059666302,0.004779283,0.096170686,-0.023431368
2016-07-05,-0.091885224,0.1306428,-0.21705799,-0.26196897,0.3852805,-0.21945506,0.0104319975,0.12344737
2016-07-06,-0.07798934,0.1478298,-0.24673401,-0.25698432,0.3958218,-0.20404403,0.035602443,0.1323141
2016-07-07,-0.0732632,0.115976594,-0.23486239,-0.27558744,0.38739115,-0.23499933,0.014444187,0.11367957
2016-07-08,-0.09853477,0.15620777,-0.25401884,-0.27279633,0.42760068,-0.23505148,0.0026667938,0.1494508
2016-07-11,-0.10106085,0.13089395,-0.17474501,-0.2232689,0.3398697,-0.15423785,0.03639241,0.11700016
2016-07-12,-0.042736486,0.07299007,-0.23045368,-0.28524548,0.35931495,-0.25132775,0.025203448,0.07296693
2016-07-13,-0.09384585,0.13675098,-0.20187335,-0.24088138,0.3654247,-0.184364,0.030056834,0.12267615
2016-07-14,-0.101651,0.13569576,-0.21778207,-0.25828078,0.39529133,-0.22014877,0.011546895,0.12998483
2016-07-15,-0.1021231,0.13599606,-0.2378162,-0.27971098,0.4232269,-0.2589579,-0.004982643,0.13657388
2016-07-18,-0.099380866,0.13830455,-0.22945982,-0.25330174,0.40205595,-0.21238884,0.030824982,0.13499977
2016-07-19,-0.10655145,0.14405972,-0.25559592,-0.28902933,0.44728854,-0.27492756,-0.008814685,0.1503454
2016-07-20,-0.11081928,0.13681126,-0.21053217,-0.26215014,0.40301803,-0.23675397,0.0056376085,0.13396035
2016-07-21,-0.094211675,0.1382243,-0.1747191,-0.22181979,0.3372088,-0.15622821,0.052120365,0.11867535
2016-07-22,-0.13331582,0.15563634,-0.23294872,-0.2793071,0.4466916,-0.26039338,-0.029645503,0.16383773
2016-07-25,-0.10961721,0.14154318,-0.16970558,-0.25096238,0.3560959,-0.20075269,-0.0129556805,0.12661068
2016-07-26,-0.055545412,0.09276445,-0.16552524,-0.24884775,0.2969751,-0.17973374,0.027463704,0.07548009
2016-07-27,-0.32866895,0.18925443,-0.23050229,-0.40365148,0.6861018,-0.5359637,-0.2962007,0.29299632
2016-07-28,-0.09609834,0.095626414,-0.1830187,-0.28676873,0.3692705,-0.26464853,-0.035229877,0.10176502
2016-07-29,-0.1353371,0.1455119,-0.21331842,-0.26321995,0.42981055,-0.24814436,-0.008217461,0.15115207
2016-08-01,-0.095769145,0.1804994,-0.36064547,-0.3220248,0.5394553,-0.32013795,-0.017332196,0.18584792
2016-08-02,-0.0698536,0.11717598,-0.19103108,-0.26425666,0.34098718,-0.21042594,0.010445446,0.10279007
2016-08-03,-0.08751525,0.13844974,-0.20043111,-0.25023085,0.3625145,-0.19699559,0.017732956,0.11990583
2016-08-04,-0.07225607,0.1323272,-0.21394528,-0.25187778,0.35838747,-0.19086897,0.033725638,0.115581125
2016-08-05,-0.12924093,0.14232801,-0.22310096,-0.26625928,0.43251303,-0.24945617,-0.008203238,0.14817312
2016-08-08,-0.025993282,0.13506484,-0.23414922,-0.24665853,0.32027185,-0.14466248,0.050662983,0.09705807
2016-08-09,-0.071230955,0.11768051,-0.19188003,-0.244086,0.3360039,-0.18238913,0.037085738,0.10019049
2016-08-10,-0.13265386,0.15698461,-0.21333443,-0.27535206,0.4304772,-0.25952646,-0.03113155,0.15687679
2016-08-11,-0.14213006,0.16106707,-0.25116688,-0.2771941,0.47442144,-0.26930746,-0.008526884,0.17787197
2016-08-12,-0.030599046,0.10668808,-0.2293267,-0.27691227,0.3382169,-0.21128204,0.029893532,0.08932926
2016-08-15,-0.0012585539,0.12762421,-0.17537318,-0.1919643,0.22346824,-0.04637078,0.10982201,0.061172746
2016-08-16,-0.09176342,0.11828148,-0.1915981,-0.2554971,0.3603887,-0.20928742,0.011793658,0.11203694
2016-08-17,-0.08825535,0.12969057,-0.2280717,-0.25405625,0.38989457,-0.21071541,0.03193701,0.122184575
2016-08-18,-0.12428747,0.15103489,-0.19877574,-0.25619292,0.40268183,-0.22672248,-0.0027689487,0.14599046
2016-08-19,-0.09319749,0.14259225,-0.25105563,-0.27747226,0.42390952,-0.24812949,0.004407361,0.138488
2016-08-22,-0.14657074,0.13717979,-0.22104017,-0.27751946,0.4538103,-0.2785688,-0.021511793,0.15814236
2016-08-23,-0.123815835,0.13140273,-0.16554865,-0.24493507,0.36511767,-0.20281133,-0.0055313334,0.12756173
2016-08-24,-0.108419955,0.11844854,-0.19739561,-0.2517127,0.38379005,-0.21901777,0.020075947,0.12144676
2016-08-25,-0.104411855,0.18551275,-0.32551286,-0.30669928,0.5132792,-0.30204156,-0.02421473,0.1780701
2016-08-26,-0.11335036,0.13749528,-0.1486906,-0.2384471,0.33581707,-0.18009578,-0.006302722,0.12181106
2016-08-29,-0.109748825,0.15644926,-0.21376568,-0.26808077,0.4029348,-0.23169124,-0.015278041,0.14528474
2016-08-30,-0.117843814,0.13546333,-0.21041164,-0.2601397,0.40788445,-0.23504156,0.003896825,0.13676114
2016-08-31,-0.10025383,0.16150671,-0.24793985,-0.26520008,0.4253683,-0.23190477,0.017468333,0.15059933
2016-09-01,-0.13311538,0.14795762,-0.22219765,-0.27174932,0.43749362,-0.2574006,-0.017822437,0.15469563
2016-09-02,-0.14401415,0.15454547,-0.19569324,-0.27705812,0.42722315,-0.26733968,-0.04862249,0.15636322
2016-09-05,-0.10515371,0.1227886,-0.16285345,-0.24829257,0.34480366,-0.1993259,-0.005523868,0.112136796
2016-09-06,0.007089015,0.11984013,-0.27882934,-0.24875703,0.32742247,-0.13937016,0.094601564,0.08528073
2016-09-07,-0.12564725,0.14271075,-0.19533113,-0.25179666,0.3960563,-0.2157413,-0.0051177815,0.14040977
2016-09-08,-0.10522677,0.13902786,-0.20713182,-0.26310366,0.39289743,-0.23016778,0.00028149784,0.13202976
2016-09-09,-0.14246988,0.15648317,-0.21554993,-0.26410067,0.43894178,-0.24967438,-0.015092976,0.1613936
2016-09-12,-0.1789742,0.16433187,-0.2046999,-0.2881429,0.47579274,-0.3026965,-0.07291126,0.18319952
2016-09-13,-0.12175199,0.14042321,-0.22028022,-0.2789431,0.42707375,-0.26386178,-0.022686213,0.14537202
2016-09-14,-0.12494658,0.14333534,-0.19185658,-0.25660586,0.3944376,-0.2233653,-0.016705595,0.13805197
2016-09-19,-0.09405114,0.120138876,-0.17997503,-0.25522664,0.35436743,-0.21281958,0.007631704,0.11072095
2016-09-20,-0.10952197,0.1451318,-0.22559932,-0.26820967,0.41578537,-0.24154866,0.0016576573,0.14251606
2016-09-21,-0.09892042,0.12565486,-0.20638989,-0.2565287,0.38200378,-0.21589491,0.016623586,0.12391199
2016-09-22,-0.11576563,0.14472142,-0.18698147,-0.25590628,0.38109782,-0.21602932,-0.007258415,0.13719708
2016-09-23,-0.12265892,0.16006896,-0.25470817,-0.2791704,0.45946312,-0.2668345,-0.009600788,0.1624679
2016-09-26,-0.17985576,0.17930067,-0.2358768,-0.2806794,0.50111383,-0.29123768,-0.046160772,0.19951344
2016-09-27,-0.094436705,0.12845251,-0.19851302,-0.27550718,0.3807254,-0.24858701,-0.009027906,0.12101394
2016-09-28,-0.107585795,0.14519739,-0.23572399,-0.27298516,0.42243275,-0.24467105,-0.005522348,0.14331508
2016-09-29,-0.08395742,0.13428494,-0.18606408,-0.2500796,0.34231785,-0.18477783,0.008205727,0.11548936
2016-09-30,-0.082434244,0.11711576,-0.19554281,-0.25553375,0.3545101,-0.2052115,0.018259667,0.107791826
2016-10-10,-0.035877965,0.13253257,-0.19671392,-0.22584757,0.29288143,-0.122920424,0.06604829,0.090006515
2016-10-11,-0.10219864,0.16096938,-0.2530886,-0.2786296,0.43478972,-0.24879155,-0.005339019,0.15386584
2016-10-12,-0.10674966,0.14459306,-0.2232617,-0.26880065,0.41033673,-0.23957178,-0.0041410476,0.13873479
2016-10-13,-0.10624688,0.12928498,-0.20977539,-0.2643939,0.39600012,-0.23256871,0.005772881,0.1313423
2016-10-14,-0.10344142,0.142516,-0.25404197,-0.28959858,0.44268352,-0.27424192,-0.010168508,0.146915
2016-10-17,-0.16535464,0.1536292,-0.18362372,-0.25467473,0.43120667,-0.24559659,-0.02362942,0.16450772
2016-10-18,-0.033771373,0.11218147,-0.20962852,-0.24311283,0.31034353,-0.15625648,0.06371963,0.08648968
2016-10-19,-0.14510614,0.16043508,-0.23521994,-0.28120232,0.46714306,-0.28240412,-0.02981563,0.1693306
2016-10-20,-0.1091873,0.14709425,-0.2384095,-0.2714728,0.42706984,-0.2449716,0.0023399815,0.14728025
2016-10-21,-0.12321109,0.12750812,-0.22708459,-0.2984115,0.44095254,-0.29597104,-0.04672776,0.14250891
2016-10-24,-0.069731146,0.14019375,-0.193977,-0.23322228,0.3295582,-0.15401979,0.042528506,0.11091578
2016-10-25,-0.1003602,0.13904473,-0.21792269,-0.2660929,0.3966835,-0.22907382,0.0012239963,0.13315476
2016-10-26,-0.129353,0.15087321,-0.24277249,-0.2820317,0.4577762,-0.27793494,-0.018829994,0.15802132
2016-10-27,-0.1143014,0.14945248,-0.23457845,-0.28097293,0.4336122,-0.2642327,-0.015507847,0.14959536
2016-10-28,-0.13908175,0.13681307,-0.23137619,-0.2824012,0.4581004,-0.285558,-0.02138295,0.15518172
2016-10-31,-0.096982084,0.16086024,-0.28619465,-0.2851405,0.46027854,-0.25751138,0.0046087652,0.16010882
2016-11-01,-0.059128076,0.110113956,-0.2081588,-0.257458,0.34347385,-0.2003345,0.03515068,0.09561291
2016-11-02,-0.13573645,0.1478357,-0.23082039,-0.28295362,0.4515446,-0.27618062,-0.032888494,0.15793288
2016-11-03,-0.08832809,0.11725538,-0.1733052,-0.22015965,0.3316884,-0.16137156,0.06398868,0.10228746
2016-11-04,-0.13067894,0.13002862,-0.18124984,-0.26392376,0.39674821,-0.24581298,-0.02043596,0.13418572
2016-11-07,-0.10541041,0.15434986,-0.21580003,-0.25401193,0.3954076,-0.20952103,0.011622846,0.14228909
2016-11-08,-0.08609293,0.13598797,-0.20868361,-0.24752176,0.36889392,-0.19721171,0.03287631,0.12016246
2016-11-09,-0.13093957,0.14225638,-0.27568215,-0.29451904,0.49299935,-0.30203095,-0.009570271,0.16721816
2016-11-10,-0.08235342,0.11549454,-0.19087131,-0.25536323,0.3516591,-0.20814008,0.019090503,0.105331436
2016-11-11,-0.06337395,0.13411249,-0.23313528,-0.24988136,0.36654636,-0.18822712,0.04688236,0.113058224
2016-11-14,-0.12068607,0.1361369,-0.162762,-0.25503275,0.3649448,-0.21847382,-0.019203529,0.1282984
2016-11-15,-0.1039528,0.14624327,-0.22593565,-0.27236834,0.4121226,-0.24540105,-0.0031893179,0.1398364
2016-11-16,-0.10171719,0.13583885,-0.21366115,-0.26759478,0.39645043,-0.23548082,0.0014531538,0.13189475
2016-11-17,-0.08765756,0.14554882,-0.26157436,-0.28058097,0.42967567,-0.25219834,0.009327255,0.14013502
2016-11-18,-0.13452002,0.15645808,-0.22439335,-0.2750034,0.44150987,-0.25999555,-0.026173554,0.1603896
2016-11-21,-0.11974136,0.14715043,-0.1928663,-0.25909105,0.3902325,-0.22037381,-0.0142064765,0.1418345
2016-11-22,-0.07952103,0.13205102,-0.2115517,-0.25861824,0.36787906,-0.20872435,0.021712273,0.11803359
2016-11-23,-0.14412275,0.16042608,-0.2456172,-0.27646294,0.47301784,-0.27422124,-0.015701935,0.17224713
2016-11-24,-0.12675722,0.13792467,-0.18063945,-0.2522853,0.38586673,-0.218793,-0.0070140287,0.1370243
2016-11-25,-0.065493636,0.16366561,-0.29334813,-0.28015703,0.43551105,-0.23865125,0.038951863,0.14962232
2016-11-28,-0.08696316,0.1356641,-0.22326453,-0.25605416,0.38477987,-0.21050113,0.0245118,0.12360619
2016-11-29,-0.1324182,0.16260532,-0.21500008,-0.27114955,0.43103808,-0.25377545,-0.02477558,0.15919071
2016-11-30,-0.14006269,0.1577768,-0.2271337,-0.27748683,0.44930342,-0.26465744,-0.03560198,0.16339688
2016-12-01,-0.09711968,0.13217121,-0.18988903,-0.25795996,0.364383,-0.21003138,7.819384e-05,0.122423425
2016-12-02,-0.17395717,0.15695333,-0.22283624,-0.29402637,0.49086556,-0.31667694,-0.0579641,0.18372317
2016-12-05,-0.11941115,0.12166309,-0.16866887,-0.25475046,0.3691112,-0.2221899,-0.009839393,0.1217535
2016-12-06,-0.11274667,0.13311352,-0.21500088,-0.26814243,0.40936443,-0.24371588,-0.0015710592,0.13629933
2016-12-07,-0.054419383,0.12890327,-0.2175315,-0.2487323,0.34238222,-0.17831957,0.04678264,0.10458511
2016-12-08,-0.12064742,0.15111282,-0.23485912,-0.27467787,0.43659604,-0.25476852,-0.01328633,0.1528332
2016-12-09,-0.11456223,0.13634287,-0.20439193,-0.25807762,0.3981087,-0.2277343,0.005680479,0.13542634
2016-12-12,-0.30077332,0.21465465,-0.25728512,-0.34363216,0.67756385,-0.4708523,-0.15953244,0.2860551
2016-12-13,-0.07041405,0.1338956,-0.28633207,-0.27214867,0.43092927,-0.23749912,0.03951324,0.1267907
2016-12-14,-0.11762569,0.15557484,-0.25696912,-0.26323953,0.45114315,-0.24202037,0.02445187,0.15958409
2016-12-15,-0.10128821,0.14306787,-0.15387467,-0.23943773,0.32843584,-0.17427015,0.0004562512,0.12086961
2016-12-16,-0.084702045,0.11602959,-0.17668496,-0.25355938,0.3375959,-0.19755976,0.0036568195,0.10295679
2016-12-19,-0.099498,0.14883325,-0.23360077,-0.26828092,0.41148844,-0.23440489,0.0026957914,0.13927154
2016-12-20,-0.13712256,0.16906732,-0.24333315,-0.28335544,0.4663902,-0.279125,-0.029543549,0.17146721
2016-12-21,-0.10325822,0.118453585,-0.17611817,-0.25639042,0.36104155,-0.22010207,0.00073286146,0.11340164
2016-12-22,-0.09300836,0.15052758,-0.26149672,-0.27848554,0.43250722,-0.24657032,0.0066730455,0.1462699
2016-12-23,-0.14252836,0.15820363,-0.23920427,-0.29046276,0.47030237,-0.29255575,-0.03845086,0.1708653
2016-12-26,-0.06439579,0.1772112,-0.34765798,-0.30093622,0.48842594,-0.27079576,0.019974671,0.16401124
2016-12-27,-0.107451946,0.14691043,-0.21992578,-0.25969866,0.40502062,-0.22547257,0.009370722,0.14010637
2016-12-28,-0.12292879,0.14609191,-0.22328365,-0.26935259,0.42544508,-0.2445373,-0.011706941,0.1498133
2016-12-29,-0.09957062,0.13484618,-0.1989753,-0.24738285,0.37432936,-0.20381145,0.024606612,0.124792635
2016-12-30,-0.10109648,0.121576354,-0.2100806,-0.25798714,0.3881402,-0.22131348,0.017210089,0.12354872
2017-01-03,-0.08225896,0.1136584,-0.15992649,-0.24587595,0.318488,-0.18552643,0.010123745,0.096221104
2017-01-04,-0.04717546,0.13152961,-0.22327468,-0.24528864,0.33711728,-0.16559617,0.051227737,0.10258591
2017-01-05,-0.10984984,0.14083847,-0.22452927,-0.2685193,0.4135658,-0.23925918,-0.0029480457,0.14009532
2017-01-06,-0.11715835,0.14850758,-0.23258126,-0.27708042,0.43197644,-0.25618917,-0.0117300525,0.15176694
2017-01-09,-0.07803231,0.1387774,-0.19583224,-0.24568984,0.3451609,-0.17888248,0.027706478,0.117829606
2017-01-10,-0.12280329,0.15733208,-0.22975369,-0.26549438,0.42957243,-0.2364324,-0.0056713447,0.15690325
2017-01-11,-0.14362927,0.15330383,-0.23858123,-0.29500964,0.47277147,-0.30160654,-0.045030564,0.16863114
2017-01-12,-0.17047292,0.1715181,-0.20672889,-0.27012694,0.4638835,-0.27337447,-0.038991034,0.18184556
2017-01-13,-0.16544753,0.17189845,-0.21891825,-0.27023312,0.4686325,-0.26874807,-0.026879415,0.18590055
2017-01-16,-0.2892731,0.21908543,-0.2801616,-0.31044132,0.6648942,-0.39894578,-0.12728976,0.27891582
2017-01-17,-0.042154357,0.11243055,-0.27510855,-0.29451397,0.39333522,-0.24121496,0.010861248,0.10753228
2017-01-18,-0.10151041,0.1383987,-0.21757099,-0.2542485,0.39281029,-0.2114833,0.014817692,0.13116546
2017-01-19,-0.118138656,0.16259879,-0.22024892,-0.26216474,0.4137997,-0.22427389,-0.011737682,0.15305462
2017-01-20,-0.05305195,0.095177084,-0.12300673,-0.21831924,0.24176404,-0.118757755,0.039984003,0.063106805
2017-01-23,-0.09834119,0.099325925,-0.12720312,-0.2421394,0.30549204,-0.19033413,-0.0017351657,0.08918153
2017-01-24,-0.10998231,0.154769,-0.24424651,-0.26829526,0.4329831,-0.24298605,0.006189987,0.15011756
2017-01-25,-0.08582205,0.12059578,-0.1680315,-0.24728966,0.32916445,-0.18685338,0.010903768,0.10540147
2017-01-26,-0.09290278,0.12503645,-0.20545235,-0.26238018,0.37743396,-0.2226193,0.007951848,0.119191885
2017-02-03,-0.11556672,0.15297629,-0.26230243,-0.27776703,0.45844796,-0.2633293,0.0021882802,0.15732083
2017-02-06,-0.078455605,0.14555809,-0.2056562,-0.2502098,0.35564274,-0.18529376,0.021887861,0.12294477
2017-02-07,-0.118350185,0.14401653,-0.224399,-0.28621578,0.42888775,-0.27047756,-0.034522645,0.14636464
2017-02-08,-0.05781225,0.14174575,-0.2645616,-0.26503843,0.39385965,-0.20890212,0.04112473,0.12276107
2017-02-09,-0.09505805,0.13724399,-0.1958434,-0.2536723,0.3667654,-0.20506985,0.00502979,0.12146944
2017-02-10,-0.09658674,0.1419464,-0.2345085,-0.26410982,0.4069695,-0.22662821,0.010319002,0.13401948
2017-02-13,-0.095787555,0.15122907,-0.22853495,-0.25991735,0.39884898,-0.21477407,0.012921393,0.13902335
2017-02-14,-0.09942433,0.14218235,-0.23589398,-0.2788226,0.41734457,-0.2514263,-0.0069374815,0.13884032
2017-02-15,-0.15374647,0.15690872,-0.2167742,-0.26366648,0.452776,-0.2577502,-0.01305344,0.16864106
2017-02-16,-0.08694006,0.13281184,-0.19101463,-0.24419233,0.34956077,-0.18397984,0.020209193,0.114502236
2017-02-17,-0.14104518,0.14105174,-0.22745413,-0.28664127,0.4558369,-0.28658524,-0.03773477,0.15739179
2017-02-20,-0.057238862,0.11335528,-0.19269848,-0.2518013,0.326512,-0.18986398,0.0358341,0.092002004
2017-02-21,-0.066056155,0.114115775,-0.18467684,-0.24623725,0.32393643,-0.18000057,0.03141765,0.09491038
2017-02-22,-0.09871931,0.13582343,-0.22432843,-0.2602409,0.3987821,-0.2219455,0.011800908,0.12983409
2017-02-23,-0.11354721,0.15022285,-0.23692052,-0.27066323,0.43331787,-0.2540693,0.004292771,0.14786161
2017-02-24,-0.103276335,0.14937225,-0.24253818,-0.27727726,0.42773092,-0.25270626,-0.0022258833,0.14579624
2017-02-27,-0.14817478,0.15956092,-0.20049492,-0.26902637,0.4329443,-0.25635964,-0.033591174,0.16362405
2017-02-28,-0.10573392,0.14140308,-0.21565919,-0.26496595,0.40308633,-0.23615107,0.007878967,0.13744411
2017-03-01,-0.095809765,0.13884798,-0.18501867,-0.24279296,0.35241807,-0.18335533,0.014859349,0.121667355
2017-03-02,-0.13095002,0.15346128,-0.22302294,-0.26951998,0.4368418,-0.25477123,-0.008292668,0.15788487
2017-03-03,-0.07285409,0.13862368,-0.20541365,-0.25440618,0.35029963,-0.18778375,0.017667264,0.117228985
2017-03-06,-0.09220485,0.14368105,-0.20162056,-0.25969496,0.3701759,-0.2094587,-0.0045428053,0.124888435
2017-03-07,-0.09202626,0.12961349,-0.22781153,-0.27262092,0.39992207,-0.23932305,0.0034524426,0.12638097
2017-03-08,-0.12614481,0.1500957,-0.21961276,-0.2729238,0.42981493,-0.2572986,-0.016411252,0.15159199
2017-03-09,-0.13882235,0.18637162,-0.29381374,-0.29162043,0.51599246,-0.29573673,-0.022141203,0.19135144
2017-03-10,-0.10152777,0.13153395,-0.19220681,-0.25279486,0.36897781,-0.2048697,0.0088770315,0.12518243
2017-03-13,-0.05120202,0.13691723,-0.20887266,-0.23991147,0.3239468,-0.1523163,0.03833173,0.101071045
2017-03-14,-0.13480803,0.1511582,-0.23415358,-0.27801913,0.45282465,-0.2697861,-0.020290464,0.16058484
2017-03-15,-0.112155475,0.14728478,-0.20682886,-0.26559478,0.39946753,-0.23297402,-0.010289848,0.14042838
2017-03-16,-0.08063649,0.105714545,-0.17376645,-0.2533735,0.333433,-0.2024271,0.017917037,0.09732956
2017-03-17,-0.15873003,0.15786517,-0.2060459,-0.26225108,0.44605055,-0.25348344,-0.025814638,0.16756575
2017-03-20,-0.103968315,0.14133705,-0.20860113,-0.2778821,0.3976882,-0.2502822,-0.023655318,0.13320309
2017-03-21,-0.09968511,0.14985985,-0.22700392,-0.26022035,0.40326804,-0.2216118,0.013384238,0.13905816
2017-03-22,-0.107834205,0.14555259,-0.27313364,-0.28890058,0.46426058,-0.2791216,-0.0059539825,0.15173267
2017-03-23,-0.11883711,0.14366844,-0.16975693,-0.27753463,0.37843806,-0.25238124,-0.049800918,0.13361335
2017-03-24,-0.0738119,0.12822852,-0.22490005,-0.26710802,0.37426272,-0.21579096,0.0108235255,0.11511037
2017-03-27,-0.13587311,0.15380219,-0.23789513,-0.27979708,0.4596788,-0.2774561,-0.018788368,0.16245234
2017-03-28,-0.11826455,0.14521322,-0.22423147,-0.27763602,0.42726663,-0.26021326,-0.014176726,0.14857556
2017-03-29,-0.10834209,0.15592048,-0.23168537,-0.25507686,0.41563582,-0.21989596,0.026382826,0.14968665
2017-03-30,-0.16366927,0.1622731,-0.25429568,-0.30024698,0.50801414,-0.31810525,-0.05402416,0.18818314
2017-03-31,-0.11031786,0.13380039,-0.19267154,-0.26432118,0.38494033,-0.23156393,-0.0073801205,0.13133302
2017-04-05,-0.03310496,0.09698901,-0.14109494,-0.22609699,0.2374543,-0.11562148,0.037422802,0.057771772
2017-04-06,-0.10543131,0.15251385,-0.25316542,-0.27223748,0.4367523,-0.24565193,0.0078314915,0.1502703
2017-04-07,-0.08961596,0.1465724,-0.24299826,-0.25893775,0.40597078,-0.21532393,0.027090732,0.13593303
2017-04-10,-0.1172311,0.14341035,-0.20776919,-0.26261204,0.40348324,-0.23064062,-0.009707637,0.14015162
2017-04-11,-0.0645694,0.094555385,-0.20370272,-0.28699416,0.35731056,-0.25304824,-0.0041399896,0.092738226
2017-04-12,-0.12142491,0.1719771,-0.2739149,-0.278749,0.472642,-0.2602237,-0.011187017,0.17019206
2017-04-13,-0.09004889,0.12649985,-0.17343292,-0.2419515,0.33596903,-0.18014602,0.016086929,0.11030866
2017-04-14,-0.16580896,0.17891991,-0.2631834,-0.289632,0.5156246,-0.3046773,-0.04067029,0.19600889
2017-04-17,-0.14778508,0.15967196,-0.25041887,-0.2937758,0.48420376,-0.29670587,-0.05044076,0.17428865
2017-04-18,-0.13770154,0.1346404,-0.1620693,-0.24868119,0.37864816,-0.21660039,-0.016205333,0.13637978
2017-04-19,-0.122212246,0.18017717,-0.32824668,-0.3122743,0.54038453,-0.32896453,-0.011428669,0.19311115
2017-04-20,-0.12256026,0.1480128,-0.20694786,-0.2753928,0.4181506,-0.2636049,-0.021336548,0.14488867
2017-04-21,-0.15185826,0.14403823,-0.19112948,-0.27418247,0.43302873,-0.27471995,-0.036642127,0.15569331
2017-04-24,-0.15701225,0.22465384,-0.36701992,-0.32797435,0.6101753,-0.35550305,-0.063825265,0.2367843
2017-04-25,-0.11481945,0.1276233,-0.14747483,-0.24323428,0.34057158,-0.19688526,-0.0065014362,0.1163948
2017-04-26,-0.10497798,0.123117946,-0.18094356,-0.25064966,0.36363506,-0.20895727,0.009165511,0.11836988
2017-04-27,-0.036605373,0.1669811,-0.3445947,-0.26762316,0.44481623,-0.20646346,0.086779535,0.14474303
2017-04-28,-0.09334102,0.13350466,-0.2214294,-0.26996735,0.39467975,-0.23446295,0.0006384626,0.12666118
2017-05-02,-0.113247514,0.15182954,-0.23553808,-0.2732146,0.42933935,-0.24944547,-0.009249702,0.14841352
2017-05-03,-0.11706141,0.13640529,-0.21231557,-0.2711893,0.41369402,-0.25210023,-0.008734442,0.13929626
2017-05-04,-0.11590769,0.16613138,-0.20739855,-0.24062654,0.3927564,-0.19004022,0.012513779,0.148023
2017-05-05,-0.15011074,0.16281159,-0.22612055,-0.2689162,0.45954564,-0.26542306,-0.021130443,0.168775
2017-05-08,-0.16338485,0.180361,-0.26670602,-0.3053294,0.51963735,-0.32102287,-0.06564179,0.19877726
2017-05-09,-0.065739475,0.16373375,-0.25200212,-0.26651996,0.39120364,-0.2063058,0.032170087,0.14098324
2017-05-10,-0.2191082,0.16618335,-0.16591239,-0.27173454,0.47700453,-0.29613382,-0.082281515,0.19491652
2017-05-11,-0.09061053,0.16012904,-0.31771433,-0.3528115,0.50956815,-0.3647247,-0.068007946,0.17035979
2017-05-12,-0.11220382,0.1592547,-0.26376727,-0.26941773,0.450831,-0.24076876,0.0155396685,0.1626782
2017-05-15,-0.09924681,0.12516466,-0.1978494,-0.2547896,0.3735301,-0.21155366,0.014862314,0.122175515
2017-05-16,0.03660599,0.14346524,-0.31618336,-0.25480226,0.33771905,-0.14456052,0.11289558,0.08567664
2017-05-17,-0.11039434,0.13045597,-0.16968328,-0.25508904,0.3607026,-0.21485248,-0.008384012,0.12279771
2017-05-18,-0.1337329,0.14076096,-0.1761325,-0.26396716,0.39246598,-0.23608464,-0.028402686,0.14424345
2017-05-19,-0.11332048,0.14511052,-0.21784292,-0.27898088,0.41586062,-0.2568939,-0.021423474,0.14371525
2017-05-22,-0.18786855,0.15360011,-0.19250247,-0.2896411,0.47555903,-0.31364754,-0.08302288,0.17756005
2017-05-23,-0.19371226,0.17976032,-0.21849705,-0.29946288,0.50441724,-0.31895325,-0.09383303,0.20495781
2017-05-24,-0.06607019,0.1625588,-0.24442978,-0.28517947,0.38821042,-0.22972968,-0.027440004,0.12912576
2017-05-25,-0.032679457,0.11310162,-0.31990254,-0.27699193,0.42334172,-0.22995278,0.0788119,0.11072172
2017-05-26,-0.11755133,0.12774771,-0.1952051,-0.25566638,0.3921653,-0.22793901,0.0014439449,0.12749474
2017-05-31,-0.18216042,0.18872917,-0.267827,-0.30154374,0.5401645,-0.32721335,-0.06446797,0.2128827
2017-06-01,-0.18759501,0.16875201,-0.21618,-0.2809278,0.48838434,-0.2893195,-0.06860502,0.19162785
2017-06-02,-0.0034480179,0.09601066,-0.27056414,-0.2594216,0.33967164,-0.17635271,0.08812973,0.07713637
2017-06-05,-0.0928054,0.114422575,-0.18873794,-0.26530194,0.36084098,-0.22067282,-0.004973054,0.11239743
2017-06-06,-0.100507386,0.1290879,-0.18655258,-0.25399742,0.36199653,-0.20414585,-0.003205575,0.11918327
2017-06-07,-0.018929023,0.089222446,-0.14909261,-0.20445514,0.22585079,-0.08708151,0.086826466,0.044853706
2017-06-08,-0.11672496,0.15479389,-0.22209829,-0.27043787,0.42112085,-0.2468498,-0.010114692,0.149611
2017-06-09,-0.07158892,0.14241931,-0.26057103,-0.28133672,0.41046727,-0.23899359,0.0149376765,0.13373697
2017-06-12,-0.13871156,0.16705877,-0.2511053,-0.27740738,0.47149387,-0.26950172,-0.018541679,0.17320618
2017-06-13,-0.049085516,0.09455576,-0.14239736,-0.21581027,0.25740996,-0.12261303,0.067627914,0.066558816
2017-06-14,-0.12088576,0.15649182,-0.22271837,-0.2709909,0.42539725,-0.24747396,-0.011436649,0.154443
2017-06-15,-0.0749189,0.10830125,-0.15267275,-0.23069352,0.29588363,-0.15045686,0.0361008,0.09291071
2017-06-16,-0.10276469,0.14643295,-0.23596634,-0.27204573,0.41803154,-0.24092558,0.0019889101,0.1435051
2017-06-19,-0.08266763,0.1262609,-0.19797999,-0.24080494,0.35293007,-0.18458734,0.042398836,0.11208412
2017-06-20,-0.11563972,0.13404927,-0.19206749,-0.25104648,0.38508445,-0.21525308,0.009010881,0.13199016
2017-06-21,-0.114967085,0.15637225,-0.2424907,-0.2869501,0.4429211,-0.27206814,-0.02681312,0.15403299
2017-06-22,-0.1710476,0.16447845,-0.21431446,-0.2662202,0.46644044,-0.26345688,-0.03612271,0.17928858
2017-06-23,-0.11302196,0.13989899,-0.23588547,-0.31400213,0.44434792,-0.31192353,-0.06221983,0.14812215
2017-06-26,-0.036995385,0.11108519,-0.16085874,-0.23380405,0.2660427,-0.13773955,0.039249998,0.071080714
2017-06-27,-0.114828,0.14875732,-0.23237267,-0.28604782,0.43148398,-0.26548636,-0.02791144,0.1512049
2017-06-28,-0.12034413,0.15520895,-0.21267624,-0.2677934,0.4134066,-0.2383857,-0.014792137,0.15106972
2017-06-29,-0.093875624,0.12690607,-0.17357223,-0.2442685,0.34524503,-0.19516993,0.024283275,0.11375764
2017-06-30,-0.07380871,0.13305816,-0.25146008,-0.26569453,0.3995568,-0.2205331,0.03151112,0.12369883
2017-07-03,-0.075319365,0.12920272,-0.20351842,-0.24740031,0.35270035,-0.18936646,0.04033594,0.113633335
2017-07-04,-0.122280665,0.15783828,-0.2476424,-0.28742704,0.45475122,-0.27520773,-0.024384715,0.16233695
2017-07-05,-0.064971626,0.12683108,-0.2416811,-0.26623398,0.38084224,-0.21314684,0.03170348,0.11646649
2017-07-06,-0.10044767,0.13109395,-0.22584182,-0.2866215,0.4081215,-0.25473726,-0.026971564,0.13472489
2017-07-07,-0.062276714,0.12357394,-0.21697524,-0.25904882,0.35457224,-0.20135362,0.030995313,0.10596
2017-07-10,-0.11557314,0.13578504,-0.24349828,-0.2740477,0.44044897,-0.2592345,0.0043825284,0.14510128
2017-07-11,-0.1494229,0.15574193,-0.2433404,-0.2721179,0.4725483,-0.2677437,-0.019459918,0.1693221
2017-07-12,-0.110253796,0.14069238,-0.2739377,-0.30520615,0.47701016,-0.31405511,-0.017402373,0.15306115
2017-07-13,-0.111750044,0.14779869,-0.19178265,-0.24704799,0.37724152,-0.19878599,0.006733492,0.13681968
2017-07-14,-0.12416377,0.15764496,-0.23122951,-0.27347404,0.4364419,-0.2531275,-0.019255668,0.15571786
2017-07-17,-0.24758103,0.30275452,-0.3740216,-0.31672004,0.70568764,-0.37497288,-0.10403234,0.31823424
2017-07-18,-0.052865386,0.1148754,-0.2356961,-0.26479486,0.36373425,-0.208891,0.043796852,0.103822455
2017-07-19,0.014365027,0.09688515,-0.19380341,-0.23139456,0.23947403,-0.10671164,0.085205756,0.049278535
2017-07-20,-0.10308236,0.12179117,-0.1638009,-0.24265283,0.3422521,-0.19143865,0.007963091,0.11143011
2017-07-21,-0.0879921,0.117073305,-0.18098995,-0.24737409,0.3438562,-0.1931574,0.019538298,0.106869966
2017-07-24,-0.0734692,0.11690841,-0.18739794,-0.25007957,0.33239612,-0.18231162,0.0194287,0.10285623
2017-07-25,-0.12795952,0.15582488,-0.24801514,-0.2849384,0.4646421,-0.28775987,-0.019224264,0.15856709
2017-07-26,-0.11466779,0.15122448,-0.2481736,-0.28024006,0.445604,-0.263518,-0.004550174,0.15575099
2017-07-27,-0.05903855,0.12651978,-0.24180068,-0.24599153,0.37002328,-0.18607898,0.06742402,0.10994583
2017-07-28,-0.06518124,0.106682405,-0.19070569,-0.24266854,0.3259725,-0.17421058,0.03969369,0.09175357
2017-07-31,-0.043744862,0.12586755,-0.2053275,-0.23481676,0.31547204,-0.15115906,0.062490873,0.09219648
2017-08-01,-0.119196326,0.17379412,-0.25428787,-0.28180262,0.4555999,-0.26381904,-0.018148497,0.1677811
2017-08-02,-0.14239989,0.16496336,-0.21655093,-0.25699037,0.43918723,-0.24186838,-0.0015641898,0.16504507
2017-08-03,-0.113572635,0.12822029,-0.17370072,-0.2560979,0.36493492,-0.21316439,-0.016779624,0.123150915
2017-08-04,-0.136724,0.124821335,-0.172424,-0.24005091,0.38588664,-0.21288219,0.007057138,0.12993626
2017-08-07,-0.04129808,0.099331185,-0.18920317,-0.24400932,0.30079153,-0.16504571,0.048636477,0.07577191
2017-08-08,-0.1299449,0.14596146,-0.20967025,-0.2680213,0.42258397,-0.2502412,-0.01368887,0.1501728
2017-08-09,-0.069558114,0.130117,-0.23353972,-0.26497942,0.37846002,-0.21405715,0.02470959,0.116552874
2017-08-10,-0.13582484,0.1427758,-0.2430929,-0.30509928,0.47225973,-0.31585568,-0.052489877,0.16022864
2017-08-11,-0.18728009,0.16244036,-0.2337689,-0.29140037,0.5098061,-0.3141057,-0.07013184,0.19122125
2017-08-14,-0.020021938,0.0702801,-0.10291244,-0.2034235,0.18325455,-0.07779436,0.07091635,0.03028521
2017-08-15,-0.11099951,0.1405054,-0.1984426,-0.26156995,0.39041656,-0.22943532,-0.00469359,0.13369232
2017-08-16,-0.09502795,0.14819016,-0.24156593,-0.26184523,0.4120745,-0.22296378,0.025229454,0.1415768
2017-08-17,-0.06215909,0.10739736,-0.20652996,-0.25686443,0.3471755,-0.20654166,0.041974943,0.096059486
2017-08-18,-0.10825293,0.14790663,-0.22920063,-0.2672044,0.41701475,-0.23959261,-0.0015241131,0.14075677
2017-08-21,-0.07813124,0.12421681,-0.20476699,-0.25141907,0.35819706,-0.19990034,0.03011012,0.109552905
2017-08-22,-0.121150814,0.16570225,-0.24696499,-0.27484792,0.44902414,-0.25529918,-0.005850911,0.16484232
2017-08-23,-0.1330457,0.1538539,-0.25372893,-0.277194,0.47026363,-0.27480248,-0.0044749156,0.16438389
2017-08-24,-0.14793903,0.17469326,-0.23088126,-0.27031368,0.4583683,-0.25460455,-0.026574858,0.17838362
2017-08-25,-0.057955965,0.11038828,-0.19474824,-0.23112023,0.31971624,-0.15673825,0.0639214,0.08940028
2017-08-28,-0.074242644,0.120184354,-0.15237862,-0.22225735,0.29212224,-0.13787289,0.032803055,0.090231344
2017-08-29,-0.13213785,0.14657354,-0.21568428,-0.27384725,0.43176773,-0.25981286,-0.021097437,0.15325892
2017-08-30,-0.06798067,0.12441552,-0.19788241,-0.2567086,0.34025988,-0.19305766,0.016898334,0.1053258
2017-08-31,-0.090081535,0.13275483,-0.23432647,-0.2701217,0.40378892,-0.23603126,0.0154272765,0.12995674
2017-09-01,-0.06411819,0.14209108,-0.21053232,-0.2444717,0.34283286,-0.16957128,0.03665027,0.11375339
2017-09-04,-0.107015364,0.14034122,-0.20204881,-0.24900678,0.38505885,-0.20933092,0.016381994,0.13074754
2017-09-05,-0.09662314,0.14639333,-0.25308037,-0.26985246,0.42901397,-0.24372202,0.020592421,0.14188418
2017-09-06,-0.0697955,0.1315126,-0.20796674,-0.24656945,0.35003182,-0.18488345,0.03937764,0.110130996
2017-09-07,-0.14466833,0.15024315,-0.21752937,-0.26568484,0.445534,-0.2601818,-0.013144478,0.15806964
2017-09-08,-0.12103224,0.14252627,-0.16604164,-0.25518095,0.36889082,-0.21758729,-0.012758672,0.13602549
2017-09-11,-0.062288746,0.11270989,-0.19398828,-0.25680196,0.3292237,-0.18843691,0.013710007,0.0947447
2017-09-12,-0.13941114,0.14017048,-0.18120733,-0.2350806,0.39250216,-0.19922014,0.010480382,0.14190482
2017-09-13,-0.071529746,0.11784499,-0.21548663,-0.26610392,0.36644107,-0.2202552,0.023412853,0.1093186
2017-09-14,-0.12817657,0.1412656,-0.21019053,-0.27921757,0.4257208,-0.26795757,-0.02827166,0.14748529
2017-09-15,-0.14038645,0.18677339,-0.25780153,-0.28131017,0.48198405,-0.27471235,-0.01812628,0.18887128
2017-09-18,-0.08275933,0.130054,-0.17972338,-0.25058487,0.33870766,-0.19406506,0.0046524256,0.105946675
2017-09-19,-0.1528021,0.15878975,-0.23985747,-0.2781285,0.47527367,-0.27612466,-0.02617056,0.17613007
2017-09-20,-0.057687446,0.12356489,-0.19318643,-0.23224139,0.31937447,-0.15582591,0.06426482,0.09845303
2017-09-21,-0.1627359,0.1751217,-0.23761044,-0.283943,0.48707682,-0.29084307,-0.04743646,0.18549813
2017-09-22,-0.113599285,0.16000223,-0.25648138,-0.27373755,0.44614685,-0.24657711,-0.0062995628,0.15718523
2017-09-25,-0.15706374,0.15613525,-0.2180347,-0.27140194,0.4602026,-0.27182937,-0.024805278,0.17063627
2017-09-26,-0.113338366,0.14356002,-0.189202,-0.26106608,0.38257068,-0.22452953,-0.017041735,0.13306081
2017-09-27,-0.066274226,0.11136183,-0.17545566,-0.24043778,0.31193775,-0.16626477,0.031900313,0.09183413
2017-09-28,-0.10160751,0.14948326,-0.2259756,-0.2607352,0.40345356,-0.22072038,0.010661572,0.14067057
2017-09-29,-0.10622065,0.1212651,-0.16922522,-0.26005042,0.35921082,-0.22511628,-0.008698687,0.116181746
2017-10-09,-0.119754374,0.16981211,-0.24238005,-0.26632747,0.43938676,-0.23881736,-0.003087774,0.16210182
2017-10-10,-0.09209037,0.15160994,-0.26060605,-0.28753197,0.4347603,-0.260531,-0.005663857,0.14698471
2017-10-11,-0.1274761,0.15812701,-0.25684333,-0.2803837,0.46795672,-0.27419382,-0.007398382,0.16538687
2017-10-12,-0.13041483,0.15700129,-0.2161185,-0.2740048,0.43211898,-0.26143822,-0.024865165,0.1547075
2017-10-13,-0.06561255,0.12679182,-0.20453395,-0.25243145,0.34337842,-0.18812369,0.030287713,0.10673976
2017-10-16,-0.160145,0.17552827,-0.2708747,-0.31138167,0.52258986,-0.3300516,-0.06645861,0.19767627
2017-10-17,-0.11381161,0.15901472,-0.20585588,-0.24822968,0.3928208,-0.20234719,0.009996206,0.14658818
2017-10-18,-0.14863898,0.15329869,-0.20518048,-0.25935772,0.43331632,-0.24292079,-0.015967049,0.16102763
2017-10-19,-0.15288366,0.16788691,-0.24456449,-0.28159955,0.482896,-0.28331715,-0.022881925,0.1845146
2017-10-20,-0.055408865,0.10406147,-0.17634366,-0.24795568,0.3056308,-0.17640291,0.029394612,0.08278406
2017-10-23,-0.074307166,0.13673127,-0.2204307,-0.26035848,0.3700215,-0.20650162,0.020349003,0.11895208
2017-10-24,-0.11380613,0.15903458,-0.24745002,-0.29239756,0.4486447,-0.2797745,-0.028388098,0.1583768
2017-10-25,-0.07662051,0.1376733,-0.21368769,-0.27717122,0.36975333,-0.2250728,-0.01414334,0.121721804
2017-10-26,-0.090612814,0.14705285,-0.20485987,-0.24298492,0.36436754,-0.1808868,0.020874076,0.12605068
2017-10-27,-0.13316914,0.1470159,-0.22798954,-0.27706268,0.44681644,-0.271752,-0.019617788,0.15433373
2017-10-30,-0.15861495,0.2347064,-0.37401518,-0.3251286,0.6226903,-0.36075455,-0.033241093,0.2511791
2017-10-31,-0.058061913,0.11675532,-0.24214761,-0.2771195,0.37863111,-0.2291123,0.022721417,0.10886788
2017-11-01,-0.11958681,0.13731056,-0.18995352,-0.26667663,0.38858378,-0.22977704,-0.027356915,0.13704042
2017-11-02,-0.14093411,0.17595747,-0.24886873,-0.2862434,0.47606418,-0.2844098,-0.035227075,0.17800094
2017-11-03,-0.1704892,0.15915808,-0.21702391,-0.28941208,0.47715458,-0.29938588,-0.06259322,0.1810247
2017-11-06,-0.024489556,0.11818215,-0.25395674,-0.25653052,0.34729812,-0.18166447,0.07078174,0.09282151
2017-11-07,-0.08322733,0.14020875,-0.21598849,-0.26902074,0.37713796,-0.22102138,-0.0035229623,0.12365809
2017-11-08,-0.1110852,0.13500965,-0.1785142,-0.23758078,0.36119413,-0.18651809,0.013109453,0.12357405
2017-11-09,-0.08016538,0.1271036,-0.21136259,-0.27319905,0.37343785,-0.2312387,0.0011622906,0.1173614
2017-11-10,-0.07899607,0.13435149,-0.22615764,-0.2576971,0.37728205,-0.20341781,0.020392567,0.11978552
2017-11-13,-0.094548665,0.13914938,-0.21187362,-0.2581392,0.3818969,-0.21218523,0.009009585,0.12753072
2017-11-14,-0.15548001,0.16740534,-0.22615631,-0.2796311,0.46860808,-0.28159526,-0.03723947,0.17709914
2017-11-15,-0.15728362,0.15826723,-0.27063173,-0.3079471,0.52111393,-0.33411136,-0.051019937,0.18585564
2017-11-16,-0.08564882,0.13351892,-0.21207523,-0.2647046,0.37374556,-0.2138705,0.003204964,0.12278679
2017-11-17,-0.2349725,0.21615455,-0.2673109,-0.29565373,0.59407574,-0.34722927,-0.07805364,0.2519499
2017-11-20,-0.012070142,0.17466214,-0.3400864,-0.29180342,0.41726235,-0.21183705,0.02897486,0.13265492
2017-11-21,-0.10175239,0.11291234,-0.2147948,-0.27414572,0.40102392,-0.25372344,-0.0006607324,0.119705155
2017-11-22,-0.14941381,0.16639155,-0.18995543,-0.27465627,0.4263148,-0.26431146,-0.062020138,0.15883702
2017-11-23,-0.20008273,0.16507748,-0.24270554,-0.29506987,0.53166336,-0.3261163,-0.07680826,0.20143679
2017-11-24,-0.0688664,0.10760477,-0.20506051,-0.26108378,0.34753323,-0.1999188,0.02104564,0.10290669
2017-11-27,-0.16736591,0.18473575,-0.21614951,-0.26471484,0.46337342,-0.2547445,-0.041393504,0.185968
2017-11-28,-0.040271755,0.075338244,-0.1794571,-0.24126557,0.29183528,-0.166522,0.064946465,0.06502408
2017-11-29,-0.06578776,0.12135051,-0.2703558,-0.27663732,0.41230264,-0.23799855,0.032556996,0.11883786
2017-11-30,-0.15367256,0.16116288,-0.19164886,-0.26861924,0.43127146,-0.25933442,-0.040271625,0.16404681
2017-12-01,-0.08750092,0.12399722,-0.17673378,-0.25442648,0.34003496,-0.19810085,-0.0067281425,0.105793014
2017-12-04,-0.13955651,0.14687248,-0.17407797,-0.25115916,0.3937641,-0.22464553,-0.01566916,0.14458154
2017-12-05,-0.23134533,0.17512694,-0.21371011,-0.29793727,0.54736435,-0.35894108,-0.088749796,0.21796483
2017-12-06,-0.102029175,0.15814403,-0.26032966,-0.31659725,0.45989683,-0.31798762,-0.046647727,0.15620561
2017-12-07,-0.121777356,0.13793439,-0.20497134,-0.25783986,0.40121862,-0.21957928,-0.003950186,0.14272451
2017-12-08,-0.07450476,0.09230458,-0.14624695,-0.2241672,0.29082158,-0.15312949,0.04535927,0.076716244
2017-12-11,-0.061807804,0.111209184,-0.17454359,-0.2470541,0.3100863,-0.176472,0.02377294,0.088581055
2017-12-12,-0.14169577,0.15628123,-0.22296031,-0.27349,0.44666618,-0.26076347,-0.02918081,0.16306052
2017-12-13,-0.07113078,0.11368702,-0.22086242,-0.2631078,0.36865976,-0.21602705,0.02511787,0.10521601
2017-12-14,-0.09728747,0.13970296,-0.2433496,-0.27521035,0.4232782,-0.25326726,0.009315126,0.13669486
2017-12-15,-0.14418237,0.1659792,-0.270648,-0.30304417,0.5036845,-0.31344825,-0.047874063,0.18178776
2017-12-18,-0.14397816,0.15556304,-0.2444898,-0.28818336,0.47609884,-0.2921869,-0.03182768,0.17088592
2017-12-19,-0.08799543,0.11709571,-0.16895923,-0.25059023,0.33461288,-0.19696155,0.00829424,0.10430369
2017-12-20,-0.13901082,0.17077965,-0.2552296,-0.2816186,0.47810102,-0.27747813,-0.01882685,0.17790404
2017-12-21,-0.048951156,0.1364066,-0.22152486,-0.23140013,0.33081013,-0.14001916,0.073777914,0.10893534
2017-12-22,-0.12801865,0.12821278,-0.17340933,-0.25732294,0.38473564,-0.23402202,-0.014968701,0.12901638
2017-12-25,-0.16096783,0.16858326,-0.25821358,-0.30090412,0.5123782,-0.3240534,-0.047568545,0.19011843
2017-12-26,-0.06814078,0.1273877,-0.23797831,-0.26939926,0.38611728,-0.2281841,0.031789362,0.11692223
2017-12-27,-0.1648778,0.16054356,-0.20657627,-0.26807198,0.45484295,-0.2643857,-0.036498114,0.17336814
2017-12-28,-0.08736922,0.11881326,-0.15453409,-0.2400715,0.3163679,-0.17733012,0.010411859,0.09889297
2017-12-29,-0.06600207,0.12116425,-0.19777746,-0.25429496,0.33777636,-0.18984832,0.025036208,0.10343911
2018-01-02,-0.056837693,0.13375828,-0.21300529,-0.24565306,0.33720535,-0.1679775,0.039407164,0.10640758
2018-01-03,-0.07865467,0.14320019,-0.19956915,-0.24792007,0.34925002,-0.18177846,0.017393827,0.11784914
2018-01-04,-0.094929054,0.1357708,-0.21725269,-0.2630541,0.39012706,-0.22393233,0.007851176,0.12741168
2018-01-05,-0.09865795,0.15158859,-0.22437675,-0.25804755,0.39909208,-0.21663675,0.017065749,0.13989009
2018-01-08,-0.08052792,0.15157288,-0.22943737,-0.25696278,0.3807388,-0.1972965,0.019161329,0.13181783
2018-01-09,-0.11064879,0.15161458,-0.24160743,-0.27531928,0.43322882,-0.25205168,-0.0037784204,0.150585
2018-01-10,-0.12435229,0.16027987,-0.26089373,-0.30213603,0.47444698,-0.30131128,-0.04321608,0.16639051
2018-01-11,-0.07741633,0.13203299,-0.23073512,-0.25709414,0.379262,-0.20148954,0.028135613,0.12093221
2018-01-12,-0.12708756,0.14884779,-0.21545236,-0.27875862,0.42905766,-0.26564714,-0.026123457,0.1519073
2018-01-15,-0.20223822,0.20344886,-0.24910739,-0.29357877,0.54252076,-0.32562554,-0.07858716,0.22081307
2018-01-16,-0.111289725,0.13014802,-0.1636646,-0.24975526,0.35438105,-0.2067636,-0.0034871697,0.12150113
2018-01-17,-0.10140547,0.19961241,-0.32658505,-0.27733925,0.49814588,-0.24568227,0.02593008,0.18978447
2018-01-18,-0.09846842,0.10770257,-0.15731342,-0.2592384,0.3382673,-0.2172327,-0.013617381,0.10157208
2018-01-19,-0.13093048,0.1388385,-0.18491182,-0.26311836,0.39579445,-0.23398429,-0.032409683,0.13855845
2018-01-22,-0.034603797,0.13939391,-0.19518974,-0.22230035,0.2872566,-0.11104135,0.06406798,0.09222418
2018-01-23,-0.11270139,0.14025036,-0.21770294,-0.27326298,0.41464233,-0.25224912,-0.009142786,0.14019972
2018-01-24,-0.06212186,0.13436931,-0.23240706,-0.25357732,0.3640805,-0.18957722,0.03493715,0.11115824
2018-01-25,-0.119875915,0.13405496,-0.20166624,-0.25804403,0.40089524,-0.23074749,0.0013562366,0.13551307
2018-01-26,-0.098564446,0.13929343,-0.21978506,-0.2646234,0.39533913,-0.22533229,0.0008269027,0.13105589
2018-01-29,-0.17948128,0.15582459,-0.24357028,-0.30828738,0.521705,-0.34856805,-0.07138884,0.18839508
2018-01-30,-0.1144239,0.1380262,-0.20057139,-0.2676456,0.396658,-0.2374641,-0.0118724555,0.1376214
2018-01-31,-0.16929494,0.2285772,-0.3110182,-0.3052429,0.5695448,-0.3292001,-0.049675167,0.23422574
2018-02-01,-0.257464,0.17138839,-0.28758273,-0.3530535,0.6591778,-0.46525213,-0.13872468,0.25012153
2018-02-02,-0.092508696,0.17050987,-0.2468836,-0.28967205,0.41992626,-0.25162137,-0.0467297,0.14556856
2018-02-05,-0.07045186,0.09923545,-0.1647857,-0.2308307,0.30625582,-0.16261391,0.04983117,0.084477544
2018-02-06,-0.23388548,0.1458876,-0.22394268,-0.32219383,0.56084484,-0.3881277,-0.122176915,0.21211101
2018-02-07,-0.19031143,0.15631899,-0.28341442,-0.29547268,0.5731665,-0.3640808,-0.022535682,0.1953589
2018-02-08,-0.08867427,0.09288019,-0.1330196,-0.25107267,0.30088618,-0.19249187,-0.00962057,0.08589329
2018-02-09,-0.2037235,0.16877282,-0.19441867,-0.2906721,0.50481606,-0.34654757,-0.07312791,0.18978058
2018-02-12,0.0014808811,0.067137055,-0.12133974,-0.19716257,0.17556211,-0.058110926,0.106422484,0.026050461
2018-02-13,-0.1385486,0.13674447,-0.13885307,-0.25071317,0.36093235,-0.2196258,-0.03318291,0.13132742
2018-02-14,-0.08873112,0.14914876,-0.26585343,-0.2772722,0.4318423,-0.244452,0.0118854195,0.14314573
2018-02-22,-0.058817275,0.110997304,-0.15798351,-0.23180196,0.28471023,-0.14564711,0.031921584,0.081232
2018-02-23,-0.09559046,0.12448732,-0.22589813,-0.28151524,0.4062538,-0.25797448,-0.009082712,0.12538059
2018-02-26,0.004774213,0.09901567,-0.21287645,-0.22015423,0.26005238,-0.092974216,0.104313806,0.058694333
2018-02-27,-0.12368415,0.1408023,-0.23010884,-0.28614628,0.43962556,-0.27498013,-0.02999314,0.14968927
2018-02-28,-0.07682508,0.115887225,-0.15958318,-0.23491615,0.3028476,-0.15101086,0.019653425,0.09777337
2018-03-01,-0.04699301,0.12638599,-0.17033824,-0.22901058,0.2855451,-0.13878118,0.05249667,0.08734985
2018-03-02,-0.11435302,0.14257349,-0.2196258,-0.27051294,0.41501376,-0.24511343,-0.010574959,0.14160974
2018-03-05,-0.12569386,0.14423619,-0.24519464,-0.28544024,0.45879072,-0.2850044,-0.013542049,0.15537763
2018-03-06,-0.059476726,0.12869297,-0.20795542,-0.24183273,0.34052077,-0.17926875,0.056237057,0.10216516
2018-03-07,-0.14519645,0.16532579,-0.24777457,-0.28506115,0.47624177,-0.27982637,-0.034733005,0.17749153
2018-03-08,-0.06988678,0.12210554,-0.19591235,-0.2586313,0.34188202,-0.19940414,0.013865739,0.103973985
2018-03-09,-0.0362792,0.12509693,-0.22849242,-0.24006784,0.33002388,-0.15752985,0.0710152,0.09405975
2018-03-12,-0.083277896,0.115808874,-0.19475818,-0.26497364,0.35768235,-0.21913952,0.0010140613,0.107318774
2018-03-13,-0.12065931,0.16337624,-0.24666657,-0.26540306,0.44319904,-0.23882225,0.0013416931,0.16032347
2018-03-14,-0.14722145,0.15437114,-0.23589087,-0.28374794,0.4683956,-0.28268856,-0.033213913,0.17037828
2018-03-15,-0.132592,0.14861849,-0.19728616,-0.29067242,0.4247482,-0.28756896,-0.05074419,0.15227126
2018-03-16,-0.13731569,0.13857058,-0.19943652,-0.2626774,0.416675,-0.24193743,-0.019139297,0.14644998
2018-03-19,-0.11508604,0.17691886,-0.2406831,-0.25852948,0.42826253,-0.21904895,-0.0012241155,0.16021249
2018-03-20,-0.054844253,0.105268285,-0.21754798,-0.2428962,0.3414836,-0.1762008,0.06890465,0.09507619
2018-03-21,-0.16807102,0.13178574,-0.14515418,-0.23511547,0.3915424,-0.21667242,-0.014754564,0.14298758
2018-03-22,-0.12795453,0.1392709,-0.22461121,-0.25758392,0.4347691,-0.24877083,0.021121211,0.1459166
2018-03-23,-0.295922,0.22335204,-0.22351766,-0.34649462,0.6366181,-0.4512064,-0.21225406,0.27520895
2018-03-26,0.03426046,0.076494776,-0.17013878,-0.24283856,0.19982752,-0.11031452,0.0557886,0.0208258
2018-03-27,-0.07373346,0.11658996,-0.12929842,-0.22746676,0.27569413,-0.14762211,0.027233094,0.087673515
2018-03-28,-0.11564665,0.11550309,-0.16075484,-0.25705224,0.35853666,-0.22173813,-0.011685632,0.11763519
2018-03-29,-0.060076587,0.12574291,-0.25730532,-0.27318946,0.39498872,-0.22929454,0.04067912,0.11813548
2018-03-30,-0.056044623,0.124119684,-0.20884374,-0.24938247,0.33763772,-0.18326865,0.042491507,0.09966105
2018-04-02,-0.1438005,0.16057515,-0.1764076,-0.25240034,0.40005684,-0.22492817,-0.028428249,0.15201508
2018-04-03,-0.09061231,0.14580718,-0.22730699,-0.28152615,0.40138197,-0.24682537,-0.009394959,0.13755096
2018-04-04,-0.167623,0.16570061,-0.17833951,-0.25758028,0.43032655,-0.24907562,-0.032898746,0.17092049
2018-04-09,-0.11065271,0.1635691,-0.2094748,-0.23451442,0.38824803,-0.1814907,0.03256428,0.14580466
2018-04-10,-0.066197194,0.14387643,-0.24167691,-0.28596646,0.38697565,-0.23332319,-0.0065232813,0.12890774
2018-04-11,-0.12619032,0.13638328,-0.17788163,-0.25000224,0.3836997,-0.21910927,-0.0024787933,0.13403308
2018-04-12,-0.14592041,0.14701194,-0.204644,-0.2721441,0.4362589,-0.26575795,-0.030577116,0.15621355
2018-04-13,-0.15502332,0.13914996,-0.23096937,-0.2870028,0.47588804,-0.30104122,-0.03383194,0.16504383
2018-04-16,-0.14244299,0.14427248,-0.20410028,-0.28753754,0.438221,-0.28902897,-0.055093154,0.1516647
2018-04-17,-0.20341271,0.1795417,-0.23361461,-0.3152778,0.53774786,-0.3596241,-0.10211694,0.21410495
2018-04-18,-0.0352908,0.15197408,-0.3719116,-0.2821851,0.47637925,-0.24339181,0.08603713,0.13957562
2018-04-19,-0.10447912,0.12242291,-0.15349638,-0.22431645,0.32779926,-0.16386117,0.025757343,0.10697386
2018-04-20,-0.19673155,0.16853777,-0.25085497,-0.30696586,0.54305714,-0.34987608,-0.083389625,0.2032232
2018-04-23,-0.18272902,0.18252286,-0.2562481,-0.31882462,0.5419404,-0.36413786,-0.08142267,0.20982568
2018-04-24,-0.02609373,0.09368056,-0.11906495,-0.20690277,0.20404997,-0.08034809,0.062142342,0.048944663
2018-04-25,-0.10321749,0.13826033,-0.20876111,-0.25901052,0.390683,-0.22436032,0.003156811,0.1275686
2018-04-26,-0.16902018,0.19206229,-0.301218,-0.3040693,0.5582439,-0.33059663,-0.048107877,0.21277246
2018-04-27,-0.09262671,0.15179989,-0.2731927,-0.29605204,0.44467214,-0.26472092,-0.022788636,0.1507384
2018-05-02,-0.14010812,0.1487645,-0.24186252,-0.29684657,0.47708598,-0.3135652,-0.033088632,0.16523285
2018-05-03,-0.0040465808,0.13098302,-0.31259352,-0.25574157,0.37422362,-0.16449001,0.1029205,0.104362324
2018-05-04,-0.11615365,0.13689077,-0.20770685,-0.25874424,0.4002333,-0.22417209,-0.0049145967,0.13547412
2018-05-07,-0.047235142,0.10317766,-0.12688255,-0.20966321,0.235917,-0.1010489,0.05378715,0.06401828
2018-05-08,-0.103412196,0.14859965,-0.23149721,-0.2722794,0.4167376,-0.24444968,0.0034703836,0.14442778
2018-05-09,-0.13338701,0.16943522,-0.25196198,-0.27605355,0.46816683,-0.26821437,-0.009938739,0.17193033
2018-05-10,-0.10878617,0.13675669,-0.2212559,-0.2848469,0.41899517,-0.27151316,-0.0208252,0.13704737
2018-05-11,-0.14483052,0.16662928,-0.2670874,-0.28749624,0.49673173,-0.2930031,-0.024346374,0.17999564
2018-05-14,-0.15058634,0.15659812,-0.20019896,-0.26506692,0.4337003,-0.25338456,-0.029571988,0.16140507
2018-05-15,-0.06688052,0.11361249,-0.2301679,-0.27350527,0.37758863,-0.23247021,0.020749606,0.10705815
2018-05-16,-0.1199452,0.15424995,-0.21432875,-0.25368142,0.40738913,-0.21381819,0.0003156066,0.14818849
2018-05-17,-0.1342417,0.1602764,-0.2549178,-0.28227368,0.47552112,-0.2839644,-0.009855092,0.16951418
2018-05-18,-0.0614426,0.12707135,-0.25578773,-0.2927004,0.39963397,-0.25307697,0.0026418865,0.12014571
2018-05-21,-0.08821205,0.11722951,-0.16509427,-0.24065217,0.32686734,-0.17925388,0.020748332,0.104071125
2018-05-22,-0.08929843,0.13544029,-0.22706227,-0.2746451,0.39949074,-0.24374631,0.0051744506,0.12868826
2018-05-23,-0.16614509,0.17601481,-0.26324257,-0.29583627,0.5196294,-0.31851888,-0.048871517,0.1933669
2018-05-24,-0.12892811,0.16139765,-0.22391781,-0.2631737,0.43246126,-0.24008155,0.00042371452,0.16209596
2018-05-25,-0.16150443,0.18614754,-0.28301874,-0.29592353,0.5344166,-0.32047325,-0.03535056,0.20039128
2018-05-28,-0.12612356,0.17491224,-0.21501674,-0.2620368,0.41520414,-0.2198889,-0.024104036,0.16324304
2018-05-29,-0.15428635,0.1419496,-0.19988012,-0.28213733,0.44202298,-0.27953357,-0.049651384,0.16097482
2018-05-30,-0.14999522,0.15180069,-0.26820064,-0.26684377,0.49730283,-0.2726554,0.011394195,0.17273766
2018-05-31,-0.07154071,0.13061032,-0.24817199,-0.2574614,0.39323014,-0.2097448,0.05484453,0.12407163
2018-06-01,-0.17829078,0.17138062,-0.22489843,-0.29882285,0.49694866,-0.3207082,-0.08280295,0.18902053
2018-06-04,-0.123361796,0.1603586,-0.25926313,-0.27352217,0.46295437,-0.260531,0.005133763,0.16490425
2018-06-05,-0.034415618,0.09367018,-0.19414389,-0.23880452,0.29944593,-0.16163331,0.07293158,0.07172029
2018-06-06,-0.10740084,0.14817187,-0.24207556,-0.28429112,0.4335136,-0.26502153,-0.01850523,0.14590555
2018-06-07,-0.14444359,0.16201311,-0.24482845,-0.29460794,0.47825253,-0.2991476,-0.046331078,0.17400374
2018-06-08,-0.16679193,0.18799612,-0.28003806,-0.31284562,0.5409473,-0.3421867,-0.06978582,0.2052182
2018-06-11,-0.14370027,0.17041993,-0.21845143,-0.28183222,0.45048705,-0.27652183,-0.043318897,0.17041792
2018-06-12,-0.04958926,0.12866348,-0.24437,-0.25887182,0.36586034,-0.19498323,0.056549475,0.112360775
2018-06-13,-0.1702204,0.16867092,-0.23832902,-0.28412363,0.4931651,-0.2913635,-0.051421925,0.1874855
2018-06-14,-0.12565139,0.1321539,-0.18423317,-0.27200836,0.39953268,-0.25982523,-0.025950775,0.13347314
2018-06-15,-0.18357658,0.17614827,-0.33671397,-0.3340772,0.61895466,-0.40011975,-0.06574026,0.22138637
2018-06-19,-0.4106442,0.24420387,-0.2864573,-0.3780714,0.82852507,-0.5831512,-0.25000143,0.35913336
2018-06-20,-0.03158732,0.08486288,-0.22520797,-0.22802693,0.32165933,-0.15615177,0.104578234,0.0658994
2018-06-21,-0.22754456,0.15138209,-0.14820561,-0.30030456,0.47703812,-0.3376235,-0.14202622,0.18939756
2018-06-22,-0.03567758,0.12641197,-0.14057162,-0.21838433,0.24133351,-0.1079741,0.05044361,0.07396315
2018-06-25,-0.18360434,0.19046015,-0.22031872,-0.28555712,0.49489594,-0.30077255,-0.06665462,0.20151284
2018-06-26,-0.073951975,0.13663176,-0.15414442,-0.22200492,0.29242098,-0.12900762,0.037799254,0.105465114
2018-06-27,-0.18841738,0.1581409,-0.1918503,-0.29704225,0.4771422,-0.32199612,-0.09835136,0.18012653
2018-06-28,-0.17015761,0.12828484,-0.1202867,-0.24646172,0.37992045,-0.23944354,-0.029612683,0.14168604
2018-06-29,0.051753156,0.09164176,-0.18785411,-0.19758329,0.17756811,-0.02565157,0.12950195,0.020055918
2018-07-02,-0.24127641,0.18694276,-0.20236999,-0.2935603,0.5430985,-0.34739923,-0.10028769,0.22706768
2018-07-03,-0.016790329,0.09445932,-0.32103115,-0.28468913,0.41070807,-0.23919958,0.07362901,0.08997403
2018-07-04,-0.15471172,0.18246627,-0.28910112,-0.29568726,0.52857155,-0.30837095,-0.037149064,0.19724205
2018-07-05,-0.2216198,0.20300204,-0.25151506,-0.31263903,0.5663886,-0.35272607,-0.116618276,0.2368612
2018-07-06,-0.10676592,0.10212986,-0.2229742,-0.21866384,0.40258312,-0.20051616,0.10307215,0.10917121
2018-07-09,-0.029021852,0.078773156,-0.13500518,-0.2253654,0.2335991,-0.1280718,0.05870592,0.04670483
2018-07-10,-0.10759638,0.13699186,-0.2057476,-0.28314346,0.40319258,-0.2667934,-0.031609245,0.13022007
2018-07-11,-0.1396277,0.173918,-0.22368908,-0.2927254,0.45326734,-0.28916726,-0.07166727,0.165304
2018-07-12,0.008749096,0.06759076,-0.081791475,-0.17175141,0.122096606,-0.01182941,0.11956556,0.006617087
2018-07-13,-0.08656716,0.13777193,-0.22941637,-0.27160412,0.39727694,-0.23643383,0.012799576,0.12987645
2018-07-16,-0.102359906,0.17436254,-0.26143926,-0.27161956,0.4411213,-0.23957914,0.010397829,0.16231355
2018-07-17,-0.10201066,0.17452039,-0.30827636,-0.30854198,0.5021025,-0.3144993,-0.006747104,0.17422736
2018-07-18,-0.15111046,0.17204246,-0.21008402,-0.26289037,0.44462314,-0.25459495,-0.023820676,0.16887161
2018-07-19,-0.14737697,0.14589033,-0.25404182,-0.30661646,0.4944654,-0.32337424,-0.047896028,0.1743147
2018-07-20,4.7247857e-05,0.08857789,-0.23070657,-0.24086419,0.28739303,-0.13095716,0.0761022,0.057370037
2018-07-23,-0.047291238,0.10164879,-0.20378874,-0.2594288,0.32860273,-0.20013297,0.032748118,0.08166814
2018-07-24,-0.055679217,0.09217621,-0.104628935,-0.21418321,0.22538131,-0.109757304,0.029272169,0.056845836
2018-07-25,-0.114656515,0.13649584,-0.2113153,-0.26893207,0.4095303,-0.24665749,-0.0010747164,0.13981788
2018-07-26,-0.14464857,0.16783062,-0.24474487,-0.28957933,0.47360346,-0.2843968,-0.049838617,0.17537855
2018-07-27,-0.102036275,0.16040021,-0.23766802,-0.26127627,0.41253796,-0.214917,0.015434697,0.15334171
2018-07-30,-0.18399958,0.16654061,-0.2607635,-0.3022522,0.54118896,-0.3468616,-0.05848065,0.1963757
2018-07-31,-0.11527704,0.13143554,-0.18607931,-0.26002544,0.3773277,-0.21529329,-0.014060661,0.13330416
2018-08-01,-0.21774891,0.14902385,-0.16242097,-0.27512306,0.47737813,-0.31232926,-0.07526569,0.18459281
2018-08-02,-0.17294762,0.22431251,-0.40391085,-0.404102,0.6900997,-0.48758015,-0.14461724,0.26410407
2018-08-03,-0.13173418,0.17110962,-0.2391751,-0.2640086,0.44816366,-0.24034244,0.0024371967,0.17229559
2018-08-06,-0.21395352,0.17599505,-0.2492781,-0.31669527,0.56326336,-0.37217146,-0.107212245,0.21642466
2018-08-07,0.014857201,0.11536881,-0.23545256,-0.24078777,0.28176564,-0.12441209,0.10549141,0.07492609
2018-08-08,-0.1740125,0.16897011,-0.21261443,-0.28462362,0.47855982,-0.3004949,-0.06060238,0.18228038
2018-08-09,0.009472551,0.061987173,-0.049454663,-0.16389883,0.078383125,0.025197702,0.0967066,-0.0046599694
2018-08-10,-0.07492801,0.10576717,-0.18917821,-0.27044523,0.34717935,-0.22568163,0.0019409135,0.09940119
2018-08-13,-0.009726609,0.09216887,-0.28233054,-0.29015493,0.36787862,-0.22964269,0.045083538,0.0810726
2018-08-14,-0.12184003,0.14925417,-0.25727767,-0.29468125,0.46680802,-0.29364908,-0.030635096,0.15626866
2018-08-15,-0.20166576,0.18721247,-0.28058866,-0.32737952,0.5834806,-0.38517314,-0.098919675,0.22502021
2018-08-16,-0.12868185,0.13144635,-0.1911333,-0.24377081,0.3960198,-0.21807039,0.0013168827,0.12661184
2018-08-17,-0.22909679,0.1860798,-0.26914668,-0.31816357,0.5970479,-0.38203278,-0.09780346,0.2382385
2018-08-20,-0.070779964,0.12598407,-0.27038074,-0.3138697,0.43835717,-0.3134567,-0.0149313435,0.12208177
2018-08-21,-0.055122033,0.1389342,-0.17022446,-0.22380972,0.28543153,-0.11764248,0.041762877,0.0995775
2018-08-22,-0.14393593,0.17857593,-0.27145717,-0.2929039,0.5022978,-0.30016643,-0.034829117,0.18523355
2018-08-23,-0.06475323,0.10252513,-0.23717766,-0.26883784,0.37443605,-0.2169733,0.022151105,0.100447595
2018-08-24,-0.09988212,0.12738715,-0.23929629,-0.25935927,0.413036,-0.22502995,0.02707215,0.13114637
2018-08-27,-0.013690011,0.085946254,-0.13541573,-0.19800088,0.20700458,-0.07350902,0.103408985,0.04270566
2018-08-28,-0.1147714,0.14793128,-0.23940694,-0.27418607,0.43657732,-0.25685114,-0.0013455749,0.14938559
2018-08-29,-0.1296983,0.16093212,-0.2478824,-0.2798871,0.4608528,-0.27066335,-0.017873764,0.1647568
2018-08-30,-0.16182163,0.17053844,-0.2943461,-0.31008294,0.5500475,-0.34613383,-0.040480524,0.19914486
2018-08-31,-0.13090482,0.1991786,-0.28242597,-0.27806094,0.49123523,-0.26094756,-0.0042951033,0.19564706
2018-09-03,-0.04590773,0.14588252,-0.32184538,-0.2999777,0.4463775,-0.2629616,0.028478432,0.1355892
2018-09-04,-0.027299121,0.08699088,-0.23337772,-0.2602167,0.33232728,-0.18989289,0.064613976,0.07739188
2018-09-05,-0.15947354,0.16023737,-0.21145238,-0.27346435,0.45464447,-0.26891893,-0.04404536,0.17041107
2018-09-06,-0.13629091,0.124513455,-0.14555219,-0.26502857,0.3701114,-0.24505123,-0.048200026,0.12476683
2018-09-07,-0.16330007,0.107297614,-0.13408744,-0.290848,0.39951316,-0.30548206,-0.0858351,0.13244998
2018-09-10,-0.18125425,0.19267884,-0.2593373,-0.29656732,0.5318835,-0.32167363,-0.05809906,0.2120459
2018-09-11,-0.11874217,0.17990178,-0.25212058,-0.26474187,0.45048338,-0.24328133,0.014112629,0.17001338
2018-09-12,-0.13493778,0.14695442,-0.2096936,-0.2587933,0.42038834,-0.23124722,-0.016866855,0.14949872
2018-09-13,-0.10008921,0.14008549,-0.31496263,-0.3235866,0.50746477,-0.33452827,-0.018634953,0.16198789
2018-09-14,-0.15323788,0.16296577,-0.2675336,-0.2909884,0.5061611,-0.30161592,-0.032714173,0.18325795
2018-09-17,-0.13689369,0.17123553,-0.28141958,-0.30518734,0.5071453,-0.3145636,-0.045644492,0.18151121
2018-09-18,0.012433264,0.07790908,-0.2545835,-0.28195933,0.31769627,-0.20464617,0.05710521,0.05732242
2018-09-19,-0.023686986,0.10518655,-0.17692226,-0.20820206,0.24957454,-0.07834798,0.07834901,0.064895764
2018-09-20,-0.12514766,0.13504256,-0.20759323,-0.2689055,0.4168423,-0.252727,-0.009369403,0.14187439
2018-09-21,-0.008752408,0.11928488,-0.25211373,-0.23734257,0.3242911,-0.14752145,0.11033776,0.08459884
2018-09-25,-0.10515057,0.12599032,-0.21122377,-0.27302346,0.400743,-0.25096858,-0.009431399,0.12507454
2018-09-26,-0.09660631,0.14726365,-0.18930481,-0.23325661,0.3502648,-0.16121304,0.020405017,0.12622887
2018-09-27,-0.1601394,0.15963075,-0.21972564,-0.2888999,0.4712199,-0.299579,-0.05380574,0.1744878
2018-09-28,-0.053417988,0.12415518,-0.22051804,-0.24909976,0.3437646,-0.18078353,0.043683317,0.0987567
2018-10-08,-0.181997,0.15788966,-0.21490924,-0.2747742,0.48837283,-0.29895902,-0.031392515,0.18357044
2018-10-09,-0.16236705,0.14092024,-0.1935676,-0.27166134,0.4486573,-0.28724208,-0.03186787,0.15597746
2018-10-10,-0.12218395,0.13990748,-0.23246829,-0.27121142,0.4434985,-0.27190566,0.012478001,0.14640282
2018-10-11,-0.35918823,0.21379182,-0.30678165,-0.38394704,0.7904088,-0.56073385,-0.2348999,0.32248652
2018-10-12,-0.08059711,0.15933818,-0.3504558,-0.27430686,0.51575965,-0.28589836,0.10054867,0.15861483
2018-10-15,-0.23593366,0.15515193,-0.17626446,-0.28766635,0.51172566,-0.33967873,-0.10151106,0.19878815
2018-10-16,-0.2516888,0.17388725,-0.20706227,-0.30258977,0.5677277,-0.38761765,-0.106603846,0.22024272
2018-10-17,-0.087752365,0.14035505,-0.3476032,-0.35110056,0.52701336,-0.35732666,-0.053532556,0.1659443
2018-10-18,-0.16266257,0.20413318,-0.31188956,-0.29466912,0.5517795,-0.29991657,-0.05075805,0.21329974
2018-10-19,0.08072976,0.07916199,-0.2799228,-0.23286828,0.24012512,-0.06919967,0.14210312,0.027241481
2018-10-22,0.0060605314,0.093483105,-0.08286757,-0.14626856,0.11145193,0.03698928,0.13732584,0.0134672
2018-10-23,-0.24335396,0.21767977,-0.27799267,-0.32004955,0.62543124,-0.40113375,-0.11313638,0.25459057
2018-10-24,-0.12417883,0.18069878,-0.1999876,-0.23978072,0.39694825,-0.19301678,0.018359154,0.16315654
2018-10-25,0.03997714,0.074953154,-0.22265323,-0.25681084,0.2521292,-0.14905268,0.083677575,0.03080621
2018-10-26,-0.15994567,0.1153553,-0.1935538,-0.28931424,0.44771993,-0.3052388,-0.051470056,0.14932597
2018-10-29,-0.19547974,0.19659376,-0.24266487,-0.30393645,0.5335338,-0.33589703,-0.087610856,0.21737625
2018-10-30,-0.017434947,0.1755498,-0.27151924,-0.2102432,0.3338286,-0.088462666,0.11928402,0.115493774
2018-10-31,-0.04557758,0.08164485,-0.14897653,-0.21210915,0.25564128,-0.114658475,0.0660229,0.054421872
2018-11-01,-0.15694664,0.15275645,-0.13710764,-0.22304082,0.37110096,-0.19337085,-0.0045540556,0.14109638
2018-11-02,-0.058210805,0.17564481,-0.36578843,-0.2979797,0.49755377,-0.26782975,0.033997554,0.16125563
2018-11-05,-0.10748113,0.11509527,-0.24644995,-0.3272196,0.45363468,-0.33977586,-0.07420044,0.13022904
2018-11-06,-0.056412727,0.14280166,-0.29397565,-0.2941075,0.4257998,-0.24677029,0.011208333,0.13426861
2018-11-07,-0.17521271,0.17257716,-0.16313054,-0.25009125,0.42665207,-0.24978125,-0.03078565,0.17061463
2018-11-08,-0.17076129,0.19663927,-0.25734487,-0.27681065,0.50967795,-0.28025323,-0.034038156,0.20585689
2018-11-09,-0.09552877,0.12207719,-0.18135887,-0.2510466,0.35256168,-0.2009654,0.0059752464,0.1119829
2018-11-12,0.025112627,0.09158182,-0.14522664,-0.19739804,0.17025718,-0.039886657,0.109056816,0.027444057
2018-11-13,0.03641878,0.03645955,-0.12974285,-0.16911617,0.1373733,-0.013425294,0.16763109,-0.017696101
2018-11-14,-0.14277418,0.17674649,-0.19426692,-0.24453238,0.41504198,-0.21883178,-0.0037237033,0.16224848
2018-11-15,-0.029554583,0.089233905,-0.18731615,-0.24303257,0.28898612,-0.16559494,0.05356657,0.059698567
2018-11-16,-0.08640921,0.15943658,-0.22628853,-0.22549254,0.37730157,-0.16120821,0.07320785,0.13693707
2018-11-19,-0.09579289,0.15119547,-0.27469718,-0.28614435,0.45432225,-0.2712146,0.010232776,0.15047555
2018-11-20,-0.20419514,0.16767511,-0.23148601,-0.3028534,0.53331965,-0.3469373,-0.07919572,0.20653586
2018-11-21,-0.052933753,0.09289107,-0.17144458,-0.2229808,0.29044262,-0.1406024,0.07351154,0.07518369
2018-11-22,-0.10119537,0.1313099,-0.2443217,-0.29054788,0.4282833,-0.2664083,-0.016195439,0.14122912
2018-11-23,-0.24360277,0.24161959,-0.34761375,-0.3682365,0.709676,-0.48565194,-0.13773872,0.2885222
2018-11-26,-0.15210971,0.12502877,-0.1577257,-0.26277885,0.4025415,-0.26469406,-0.026987962,0.1371081
2018-11-27,-0.13948105,0.15361893,-0.19327977,-0.26559415,0.4184033,-0.25344065,-0.03035786,0.14935471
2018-11-28,-0.020933473,0.16410142,-0.25720578,-0.24312943,0.33591533,-0.13624132,0.070902325,0.11615467
2018-11-29,-0.24276702,0.19662869,-0.22929193,-0.29974923,0.57239914,-0.36274096,-0.097163424,0.2375409
2018-11-30,-0.05551061,0.13991696,-0.25537214,-0.30272105,0.39456892,-0.25535473,-0.01800695,0.12621434
2018-12-03,-0.09800243,0.15143374,-0.19321077,-0.24644104,0.36055577,-0.18320228,-0.0038390085,0.1275454
2018-12-04,-0.066639066,0.1291185,-0.23499402,-0.2852216,0.38487738,-0.24390396,0.0012650341,0.118269905
2018-12-05,-0.07600763,0.13670972,-0.1769574,-0.24997827,0.32717156,-0.17994347,0.008565947,0.11165176
2018-12-06,-0.16719969,0.16510911,-0.24504615,-0.31355122,0.5094846,-0.33989137,-0.08136518,0.1897927
2018-12-07,-0.12010909,0.14688861,-0.21091034,-0.26575717,0.4137267,-0.24456993,-0.0060675517,0.14389507
2018-12-10,-0.1325758,0.15523542,-0.24364492,-0.28688493,0.46267882,-0.28225237,-0.024374343,0.16632439
2018-12-11,-0.108517736,0.13659161,-0.17437056,-0.25386268,0.36498234,-0.2172189,-0.00070026517,0.12463345
2018-12-12,-0.11668102,0.1447742,-0.24086685,-0.28027415,0.44221282,-0.26880676,-0.0099263415,0.14871168
2018-12-13,-0.058228202,0.15004702,-0.162544,-0.21426755,0.27579802,-0.098002404,0.033262476,0.09920737
2018-12-14,-0.215147,0.19375369,-0.24622415,-0.29508054,0.55899286,-0.34729394,-0.06715125,0.22470875
2018-12-17,-0.10968662,0.17001627,-0.2469009,-0.2627903,0.4286774,-0.22091356,0.007773891,0.16130038
2018-12-18,-0.10644987,0.10758449,-0.23272426,-0.3070411,0.43784565,-0.31845558,-0.030637242,0.12529956
2018-12-19,-0.1786924,0.18395561,-0.25144225,-0.28904298,0.5193046,-0.3096677,-0.04613696,0.20471722
2018-12-20,-0.073178664,0.10978897,-0.20365259,-0.27551556,0.35499895,-0.22166538,-0.007659495,0.105600536
2018-12-21,-0.15084381,0.17439653,-0.2343507,-0.2915911,0.47553396,-0.29607835,-0.04967664,0.18169521
2018-12-24,-0.076033294,0.117339656,-0.16798307,-0.24945962,0.3214124,-0.1900316,0.010092348,0.09554231
2018-12-25,-0.031375714,0.15967737,-0.4417612,-0.3355395,0.55137634,-0.32145634,0.043970235,0.1644992
2018-12-26,-0.117457636,0.14093964,-0.21836348,-0.2840517,0.4218628,-0.26458856,-0.023879938,0.14856716
2018-12-27,-0.21900658,0.21008706,-0.27682775,-0.31088808,0.5923508,-0.36556965,-0.090506226,0.24205947
2018-12-28,-0.12097315,0.1478773,-0.21532519,-0.2617434,0.41285232,-0.2314538,-0.015139297,0.1416248
2019-01-02,-0.15062676,0.17807513,-0.2638453,-0.29912245,0.50458246,-0.3108741,-0.04635863,0.19003832
2019-01-03,-0.14621712,0.11637063,-0.18406914,-0.26995006,0.4182245,-0.26790544,-0.02817785,0.13670999
2019-01-04,0.02507536,0.10326496,-0.13453236,-0.17258945,0.153297,-0.0039174072,0.14076108,0.027082019
2019-01-07,-0.042020075,0.12239612,-0.19212979,-0.24196032,0.29893276,-0.1476638,0.032478344,0.086994305
2019-01-08,-0.108582266,0.14592965,-0.2436055,-0.2737005,0.43406987,-0.25453302,0.0036324486,0.14531341
2019-01-09,-0.15094934,0.13477,-0.11880832,-0.22217557,0.33985367,-0.17000958,-0.021246612,0.128608
2019-01-10,-0.1169288,0.13565135,-0.175595,-0.23402211,0.36417907,-0.18477792,0.02122683,0.1286836
2019-01-11,-0.0823722,0.11910812,-0.23206465,-0.26046485,0.39553764,-0.23143181,0.048425667,0.11826195
2019-01-14,-0.14349289,0.15045589,-0.23798087,-0.2882169,0.4709645,-0.2963086,-0.034952328,0.16366908
2019-01-15,-0.018082874,0.13461542,-0.24214438,-0.24557993,0.32439917,-0.1520852,0.07474783,0.09504561
2019-01-16,-0.116536,0.13007429,-0.21921723,-0.27755603,0.42206144,-0.2643333,-0.0092085,0.13891293
2019-01-17,-0.13899451,0.1887652,-0.26738176,-0.26055124,0.47927773,-0.23927164,0.010379493,0.18835795
2019-01-18,-0.055278614,0.10737507,-0.22321394,-0.25745967,0.35727242,-0.20912634,0.061051052,0.09878591
2019-01-21,-0.12150372,0.1463243,-0.16508855,-0.25579888,0.36619842,-0.21279356,-0.026036508,0.13566977
2019-01-22,-0.18906187,0.18264605,-0.2426434,-0.30318078,0.5278456,-0.33763248,-0.07884793,0.2058497
2019-01-23,-0.09347233,0.12904198,-0.19959751,-0.26937857,0.37328613,-0.2266959,-0.009641156,0.122073844
2019-01-24,-0.06850594,0.1632013,-0.2076897,-0.23539266,0.33634186,-0.14082171,0.03438579,0.12862138
2019-01-25,-0.11976569,0.14020215,-0.21042812,-0.24623373,0.40190005,-0.20760359,0.015936658,0.13943517
2019-01-28,-0.17793661,0.15320978,-0.18195994,-0.28556576,0.4550441,-0.30276683,-0.078922525,0.16841695
2019-01-29,-0.1217879,0.19666144,-0.36988747,-0.294313,0.5719453,-0.30530894,0.045236602,0.213911
2019-01-30,-0.1390697,0.13054636,-0.13976927,-0.24817112,0.36083817,-0.21620512,-0.027018279,0.12934995
2019-01-31,-0.17318405,0.17493932,-0.1830114,-0.27783564,0.44539097,-0.2764087,-0.07417634,0.17926179
2019-02-01,0.013867451,0.074878626,-0.18760884,-0.23383087,0.23524636,-0.11429569,0.089094035,0.039516594
2019-02-11,-0.013045179,0.10206699,-0.17290263,-0.23111576,0.249982,-0.12102337,0.06370371,0.05942707
2019-02-12,-0.10344302,0.13715377,-0.15835941,-0.24852332,0.33893904,-0.19305813,-0.010121539,0.119596675
2019-02-13,0.00069822,0.09199126,-0.2031246,-0.23221424,0.26338968,-0.12216601,0.08398562,0.052709483
2019-02-14,-0.067177735,0.122546986,-0.23983473,-0.27153173,0.38398775,-0.2254917,0.020195894,0.11247
2019-02-15,-0.14322287,0.13978925,-0.17721327,-0.2558127,0.40167034,-0.23297983,-0.016197868,0.1476081
2019-02-18,0.038355634,0.05995163,-0.12800363,-0.19413489,0.13881819,-0.031026576,0.11911531,0.0012264419
2019-02-19,-0.14039575,0.1578931,-0.23555396,-0.3193845,0.4734023,-0.32734275,-0.07890575,0.1766056
2019-02-20,-0.10379457,0.14483848,-0.2548528,-0.30418268,0.44605422,-0.28939992,-0.04012896,0.14894025
2019-02-21,-0.15427107,0.17237972,-0.13672121,-0.18945125,0.35375443,-0.13215357,0.0370371,0.14823657
2019-02-22,0.04400333,0.089940615,-0.23989242,-0.2360656,0.25411472,-0.11035539,0.12476398,0.042368773
2019-02-25,0.07527614,0.10241063,-0.1791024,-0.18935826,0.14703348,-0.0075421818,0.14876243,0.008238691
2019-02-26,-0.1161866,0.17809775,-0.30679968,-0.2471466,0.48685184,-0.21792704,0.057450786,0.17421404
2019-02-27,-0.19621152,0.17500469,-0.15182896,-0.2480664,0.4326786,-0.24557444,-0.048206598,0.18223678
2019-02-28,-0.14456896,0.12521333,-0.16224109,-0.2635095,0.39734927,-0.26046923,-0.031955674,0.13069624
2019-03-01,-0.05972466,0.16560803,-0.31907353,-0.3205354,0.46236154,-0.28987578,-0.023482308,0.1523987
2019-03-04,-0.14667483,0.123327956,-0.034825504,-0.17070639,0.24197373,-0.08170198,0.01804106,0.100165695
2019-03-05,0.01681674,0.074620485,-0.16167188,-0.2324428,0.20938028,-0.1099273,0.07369265,0.028693713
2019-03-06,-0.021834092,0.16722575,-0.2815085,-0.26060912,0.3729105,-0.18507516,0.069487065,0.12043513
2019-03-07,-0.015858017,0.10141321,-0.25162697,-0.2840506,0.34968302,-0.22896832,0.041136477,0.07993001
2019-03-08,-0.14821829,0.06864052,-0.013593008,-0.21396658,0.23466563,-0.14579844,-0.055511296,0.07101384
2019-03-11,0.024408577,0.08086518,-0.12485051,-0.19622251,0.15907168,-0.050783116,0.12765098,0.023582019
2019-03-12,-0.1361067,0.15040378,-0.1327975,-0.21887934,0.34869283,-0.18529248,0.0186534,0.1283557
2019-03-13,-0.22710384,0.21048972,-0.2565644,-0.2917573,0.57092917,-0.32549426,-0.078316644,0.24663544
2019-03-14,-0.20279469,0.16102618,-0.25786805,-0.30949968,0.56294113,-0.37031063,-0.05116512,0.21409172
2019-03-15,-0.11084171,0.15857959,-0.11891826,-0.24953097,0.30989793,-0.18316944,-0.040168867,0.12922646
2019-03-18,0.04572761,0.096012175,-0.23906483,-0.25153598,0.25233632,-0.12153955,0.08075644,0.041199923
2019-03-19,-0.12885827,0.15726842,-0.2274088,-0.27963358,0.44320643,-0.2731694,-0.032365076,0.1527104
2019-03-20,-0.09387314,0.1303413,-0.26188606,-0.32682735,0.44956455,-0.3186977,-0.05955136,0.14326061
2019-03-21,-0.04644505,0.074571,-0.1256636,-0.20306987,0.23743927,-0.11207816,0.078273006,0.04380374
2019-03-22,-0.045736685,0.119857624,-0.3051818,-0.27448237,0.42426172,-0.23518854,0.06533526,0.113092676
2019-03-25,-0.112544626,0.089213304,-0.11122151,-0.21803379,0.29473588,-0.15753059,0.018358357,0.08611193
2019-03-26,-0.27557802,0.22969952,-0.28778872,-0.3414127,0.6680638,-0.4331346,-0.16231553,0.2852969
2019-03-27,-0.068515025,0.15569776,-0.27388442,-0.27730322,0.41606823,-0.2253168,0.023887426,0.14340642
2019-03-28,-0.16122873,0.14346032,-0.16708086,-0.27584103,0.4155783,-0.26600325,-0.07519853,0.15282217
2019-03-29,0.063545115,0.107755974,-0.18145774,-0.18221188,0.15280014,0.012085838,0.15200269,0.022882197
2019-04-01,-0.00803127,0.04410708,-0.026679467,-0.1829775,0.09200994,-0.030168269,0.07022858,-0.0064283824
2019-04-02,-0.16161259,0.20184734,-0.27078992,-0.28319234,0.5176009,-0.2922951,-0.032193102,0.20496565
2019-04-03,-0.020750042,0.085159525,-0.1968129,-0.2554166,0.29490367,-0.18448183,0.055611085,0.059937585
2019-04-04,-0.097758375,0.14334837,-0.253434,-0.27429122,0.4303772,-0.24981597,0.0043911636,0.1371375
2019-04-08,-0.17361559,0.1833793,-0.30924416,-0.36387575,0.5936452,-0.42785323,-0.12123099,0.22091663
2019-04-09,-0.10063072,0.15395758,-0.18350111,-0.25901794,0.36390486,-0.20965919,-0.009830207,0.13445106
2019-04-10,-0.051795624,0.16439629,-0.27656993,-0.26092902,0.39118263,-0.18251577,0.0403045,0.13590977
2019-04-11,-0.16865063,0.16012485,-0.27465782,-0.30765972,0.5359142,-0.3393809,-0.051569507,0.19422717
2019-04-12,-0.119612545,0.16011485,-0.23319896,-0.28824538,0.44177574,-0.2789301,-0.030241296,0.15679282
2019-04-15,-0.23336369,0.19104156,-0.21529986,-0.29581973,0.54618084,-0.34574664,-0.09888519,0.22675815
2019-04-16,0.059900723,0.111889586,-0.2828857,-0.22572845,0.27100798,-0.08568989,0.15043828,0.048580527
2019-04-17,-0.09728141,0.1348197,-0.23353237,-0.25280762,0.40466917,-0.21438771,0.039779916,0.1337844
2019-04-18,-0.11383858,0.1505805,-0.22328775,-0.26734605,0.4134871,-0.2307629,-0.010285325,0.14818424
2019-04-19,-0.05983313,0.13375512,-0.28114885,-0.26778868,0.41958985,-0.23518613,0.069209866,0.1249274
2019-04-22,-0.17815268,0.19270107,-0.29082063,-0.31379855,0.5598628,-0.34327903,-0.073413655,0.21820202
2019-04-23,-0.16406582,0.16610351,-0.3074431,-0.28924093,0.5573087,-0.3214582,-0.00344792,0.19739555
2019-04-24,-0.05258379,0.120761864,-0.27363893,-0.25648847,0.39354673,-0.20087807,0.06509319,0.10894622
2019-04-25,-0.27108198,0.20070145,-0.21358547,-0.2872782,0.57883817,-0.34774864,-0.10731296,0.25006285
2019-04-26,-0.14883125,0.16326003,-0.22656888,-0.26133943,0.45741406,-0.25731507,-0.006590031,0.16709179
2019-04-29,-0.21158506,0.22797567,-0.35082886,-0.2890792,0.64601886,-0.3424299,-0.009744309,0.26257953
2019-04-30,-0.137338,0.11826998,-0.09989861,-0.2504514,0.32555473,-0.21844009,-0.04297857,0.11486176
2019-05-06,-0.30699486,0.2090987,-0.25032252,-0.36490113,0.6896835,-0.5182839,-0.19886397,0.2784511
2019-05-07,-0.11126838,0.16780987,-0.23631579,-0.3162034,0.43889564,-0.29721126,-0.08899084,0.15981473
2019-05-08,-0.085607134,0.10038693,-0.042301323,-0.18264034,0.18471582,-0.059104744,0.02163294,0.06140432
2019-05-09,-0.13403758,0.12778333,-0.19519211,-0.24928692,0.4079312,-0.23105478,0.009925045,0.1353202
2019-05-10,0.009077804,0.010234825,-0.20534986,-0.27847683,0.2816303,-0.22173783,0.07484361,0.017631084
2019-05-13,-0.13131815,0.12629898,-0.17024507,-0.26012865,0.3867478,-0.23969385,-0.01420407,0.13296628
2019-05-14,-0.115232304,0.10642856,-0.16785102,-0.24065048,0.36132306,-0.21026355,0.016000487,0.10550104
2019-05-15,-0.017736321,0.10012899,-0.23113988,-0.24237737,0.3118345,-0.15032381,0.08333674,0.07638343
2019-05-16,-0.061819836,0.12544468,-0.22315952,-0.24218616,0.35165614,-0.1741703,0.04889019,0.102749005
2019-05-17,-0.28382403,0.20995632,-0.27391466,-0.32963586,0.6695839,-0.4455066,-0.13342215,0.27145293
2019-05-20,-0.100442074,0.22337231,-0.3131026,-0.28865492,0.48611367,-0.2474106,-0.012493826,0.19963843
2019-05-21,-0.04451668,0.122956775,-0.1291633,-0.20007095,0.22794792,-0.069591776,0.06727199,0.07994081
2019-05-22,-0.14839087,0.1641391,-0.22020294,-0.28846422,0.46205354,-0.29697672,-0.045606837,0.17018177
2019-05-23,-0.1806325,0.21243003,-0.27199098,-0.29414654,0.536855,-0.30588022,-0.07139158,0.22019097
2019-05-24,-0.13188009,0.15910299,-0.23709399,-0.2848322,0.45421532,-0.27370116,-0.023405932,0.16911022
2019-05-27,0.02086283,0.077853374,-0.23894773,-0.21516687,0.27370334,-0.10618575,0.15335153,0.04121661
2019-05-28,-0.1423616,0.15435405,-0.18097015,-0.24659508,0.40131453,-0.21886048,-0.008940339,0.15067652
2019-05-29,-0.0989466,0.12687054,-0.19228627,-0.24486843,0.36543232,-0.1977112,0.024309535,0.11888453
2019-05-30,-0.09246026,0.1708959,-0.2885699,-0.30384845,0.46940494,-0.29326195,-0.017256558,0.16102889
2019-05-31,-0.14824858,0.1233369,-0.14804585,-0.26179484,0.38771465,-0.25768906,-0.037656,0.12900572
2019-06-03,-0.16061455,0.16510229,-0.29441366,-0.30517423,0.5516123,-0.34881085,-0.020913608,0.19572668
2019-06-04,-0.17616302,0.18101922,-0.2597316,-0.28967798,0.5274491,-0.31872514,-0.038779125,0.20085137
2019-06-05,-0.15300344,0.17854655,-0.26296315,-0.26596618,0.4954657,-0.26611793,0.0036507323,0.18768029
2019-06-06,-0.19542174,0.21758807,-0.3105991,-0.30988622,0.59612554,-0.35115713,-0.0725255,0.23856659
2019-06-10,-0.08490974,0.15707415,-0.1664305,-0.2249167,0.3155649,-0.13825685,0.024591312,0.12017162
2019-06-11,0.06386867,0.050456952,-0.0880216,-0.17070852,0.059362113,0.03763178,0.1326372,-0.027389526
2019-06-12,-0.13756207,0.14246857,-0.24463269,-0.2971143,0.47269517,-0.30439648,-0.037537694,0.16259933
2019-06-13,-0.070108846,0.13078877,-0.22327682,-0.24794027,0.36577874,-0.19089802,0.051164616,0.11551699
2019-06-14,-0.19193964,0.1704773,-0.22941367,-0.2853903,0.5117521,-0.31271842,-0.05869925,0.19639465
2019-06-17,-0.11817745,0.13431743,-0.22251557,-0.27116415,0.42384687,-0.25406072,-0.00029589236,0.14240415
2019-06-18,-0.111415125,0.17535584,-0.2515447,-0.28514448,0.44294178,-0.25466433,-0.025652714,0.16764957
2019-06-19,-0.16202664,0.18126601,-0.26572153,-0.2748809,0.5109574,-0.28651363,-0.015507393,0.19190693
2019-06-20,-0.009444114,0.13056614,-0.146041,-0.20030212,0.20746884,-0.054217342,0.0770111,0.063258715
2019-06-21,-0.13693306,0.17701313,-0.23557188,-0.28754404,0.4581311,-0.2756869,-0.047871277,0.1750618
2019-06-24,-0.114924476,0.15420555,-0.24612129,-0.2780151,0.44041848,-0.25398248,-0.012766875,0.1550182
2019-06-25,-0.1306269,0.16290024,-0.34769285,-0.32511517,0.5734112,-0.36687872,-0.02158346,0.18826191
2019-06-26,-0.07929172,0.10359593,-0.16139525,-0.25131014,0.3174453,-0.19163568,0.0047424957,0.090810075
2019-06-27,-0.112525135,0.102662414,-0.1314994,-0.23343053,0.32762235,-0.19919175,0.02879671,0.10117619
2019-06-28,-0.12759103,0.17556223,-0.30091402,-0.3100601,0.5216165,-0.32945743,-0.02882319,0.18310389
2019-07-01,-0.07343371,0.14224663,-0.20709206,-0.24940038,0.34647876,-0.17156559,0.01177109,0.117626965
2019-07-02,-0.114735484,0.1496686,-0.21821365,-0.2771273,0.41715372,-0.25464064,-0.024238639,0.1446608
2019-07-03,-0.13077699,0.16733545,-0.25222868,-0.28031126,0.4654779,-0.26973107,-0.01944124,0.16968566
2019-07-04,-0.16511108,0.15142798,-0.20368567,-0.27370238,0.45597476,-0.27849185,-0.04277204,0.1670314
2019-07-05,-0.064228185,0.12801756,-0.2438773,-0.26161218,0.38009354,-0.20623216,0.036248513,0.11478956
2019-07-08,-0.20731059,0.24224654,-0.408693,-0.3605559,0.72338307,-0.4606366,-0.07791117,0.2850223
2019-07-09,-0.09541716,0.13154654,-0.23139092,-0.27859452,0.41008613,-0.2531354,-0.0028581396,0.1299255
2019-07-10,-0.14513141,0.17265782,-0.2457587,-0.2786738,0.47283456,-0.270629,-0.0266411,0.17960511
2019-07-11,-0.15818416,0.13606675,-0.15528607,-0.2735337,0.40885675,-0.27719042,-0.05199285,0.14719352
2019-07-12,-0.09034117,0.11848991,-0.18656611,-0.25030154,0.35390633,-0.20180531,0.02429121,0.11246334
2019-07-15,-0.048967868,0.18745178,-0.21151437,-0.21146286,0.30772486,-0.08495185,0.04769315,0.120671555
2019-07-16,-0.09225283,0.11922143,-0.18868306,-0.26291278,0.36032355,-0.21690601,0.0040806606,0.11691634
2019-07-17,-0.12926546,0.14069366,-0.18675126,-0.25085083,0.39764336,-0.22835231,0.0037154406,0.13889125
2019-07-18,-0.12697393,0.17874146,-0.28682742,-0.29239243,0.49292207,-0.27898207,-0.027351625,0.1832193
2019-07-19,-0.12686908,0.12437124,-0.1362578,-0.25457728,0.34733698,-0.2194964,-0.03263613,0.1198812
2019-07-22,-0.16779387,0.2224468,-0.3400385,-0.30989715,0.5933361,-0.33760718,-0.050757885,0.23264247
2019-07-23,-0.080483444,0.113611765,-0.19302444,-0.25682032,0.3498044,-0.20370556,0.016827427,0.10618284
2019-07-24,-0.1172566,0.1103475,-0.11108367,-0.23851311,0.3083498,-0.18764643,-0.011630841,0.10378663
2019-07-25,-0.09714845,0.14352551,-0.19804415,-0.25621605,0.37067786,-0.20508434,0.0032578409,0.12996703
2019-07-26,-0.07752075,0.12774786,-0.24257562,-0.27657148,0.40080896,-0.24200705,0.014688998,0.121960446
2019-07-29,-0.11336112,0.15122482,-0.24271962,-0.28497085,0.44189486,-0.27033955,-0.012249842,0.15464662
2019-07-30,-0.11018373,0.11100253,-0.11923875,-0.24096757,0.30782506,-0.18582886,-0.018377423,0.09932628
2019-07-31,-0.10125532,0.1488088,-0.24081022,-0.26745486,0.41773129,-0.23044446,0.0069261715,0.1440646
2019-08-01,-0.1272666,0.14886549,-0.23599625,-0.28537992,0.45239112,-0.283819,-0.019618347,0.15669054
2019-08-02,-0.07808225,0.11209704,-0.19536558,-0.2635437,0.3520509,-0.21350947,0.008807138,0.104838505
2019-08-05,-0.15091278,0.139494,-0.16675518,-0.2623051,0.40059248,-0.243916,-0.04940492,0.14296457
2019-08-06,-0.12982257,0.15946336,-0.3421673,-0.28658333,0.5595621,-0.32061478,0.058244027,0.18718725
2019-08-07,-0.13862854,0.15791649,-0.26064807,-0.27942136,0.4828875,-0.28104728,-0.0070633143,0.1710465
2019-08-08,-0.100451976,0.14241014,-0.22316088,-0.26424718,0.40318957,-0.23196885,0.009444296,0.13470358
2019-08-09,-0.18879978,0.15076503,-0.21743482,-0.29673544,0.50441015,-0.33590817,-0.0703972,0.18296689
2019-08-12,-0.031815868,0.12514436,-0.23896642,-0.27706602,0.34491828,-0.20382671,0.015259586,0.09741482
2019-08-13,-0.10780022,0.12980042,-0.2156775,-0.27860498,0.40950364,-0.25979942,-0.013883859,0.1318109
2019-08-14,-0.14784539,0.14332393,-0.19869776,-0.2742555,0.4356221,-0.2724769,-0.02660159,0.1578783
2019-08-15,0.024036376,0.07648023,-0.18992464,-0.23838302,0.2257618,-0.10898115,0.07952791,0.03612619
2019-08-16,-0.089073345,0.12382572,-0.17701204,-0.23187035,0.33320844,-0.1634296,0.03170757,0.10817321
2019-08-19,0.015686197,0.09985271,-0.1552719,-0.19705248,0.19055623,-0.0473861,0.11710667,0.040531535
2019-08-20,-0.14299808,0.14919692,-0.19367085,-0.2698794,0.4226893,-0.25796202,-0.030738212,0.15477107
2019-08-21,-0.11239188,0.14941569,-0.216991,-0.25517988,0.40594357,-0.22074294,0.012892507,0.14309613
2019-08-22,-0.0909949,0.15228686,-0.2672419,-0.2899981,0.43944806,-0.2632357,-0.011332005,0.14604041
2019-08-23,-0.09213237,0.14691143,-0.23499204,-0.27567193,0.40660486,-0.23681161,0.0016275793,0.1412688
2019-08-26,-0.101058625,0.14131117,-0.18523471,-0.24873787,0.36266384,-0.19961785,0.008532815,0.12607953
2019-08-27,-0.09446741,0.11050395,-0.0672355,-0.22142628,0.23392674,-0.13149285,-0.021948606,0.07837623
2019-08-28,-0.098475195,0.13606459,-0.24217325,-0.26636323,0.41753227,-0.23438051,0.01965762,0.13697751
2019-08-29,-0.09854653,0.15229866,-0.22923169,-0.26091713,0.39993644,-0.21192661,0.0055159926,0.14155129
2019-08-30,-0.21519333,0.1802142,-0.20636098,-0.28737906,0.5207682,-0.3351023,-0.07870771,0.20526467
2019-09-02,-0.0027979165,0.07484937,-0.13692024,-0.18916282,0.19327712,-0.056727517,0.11819049,0.028301165
2019-09-03,-0.09077732,0.13533866,-0.21636151,-0.2649727,0.38824183,-0.22858599,0.017155156,0.12821773
2019-09-04,-0.077315524,0.094429664,-0.1842618,-0.2743302,0.35023445,-0.24366757,-0.00028528273,0.09126581
2019-09-05,-0.12606056,0.1384094,-0.12707971,-0.21556771,0.32098946,-0.15178087,0.0023352355,0.11679527
2019-09-06,-0.12540832,0.14870676,-0.20457296,-0.27617618,0.41847804,-0.2632545,-0.022444911,0.1488191
2019-09-09,-0.04259706,0.13726816,-0.2511353,-0.2506766,0.36084232,-0.1787579,0.05704205,0.10609335
2019-09-10,-0.102545574,0.15659791,-0.27548933,-0.2779746,0.4582597,-0.2609609,0.015694804,0.15483962
2019-09-11,-0.14285447,0.1596574,-0.23146808,-0.2890008,0.4650687,-0.29432154,-0.040037498,0.16746058
2019-09-12,-0.07260812,0.14124143,-0.25994712,-0.27076775,0.4094498,-0.23035458,0.03362468,0.13067454
2019-09-16,-0.13801302,0.1646254,-0.23929332,-0.2660507,0.45396736,-0.24719328,-0.015824363,0.16600959
2019-09-17,-0.19001275,0.20442155,-0.28231782,-0.31964833,0.5702484,-0.3625328,-0.08517848,0.22913812
2019-09-18,-0.10776521,0.13236405,-0.21824297,-0.26345506,0.4025287,-0.22716069,0.007700108,0.13687837
2019-09-19,-0.06528195,0.13682687,-0.23197646,-0.27351505,0.37327352,-0.21664223,0.0067261234,0.11930595
2019-09-20,-0.11145795,0.13090119,-0.20993848,-0.2642338,0.40290257,-0.24020234,-0.001133047,0.12961137
2019-09-23,-0.11124129,0.19176915,-0.3135833,-0.30742496,0.50913,-0.30084202,-0.032828577,0.1852961
2019-09-24,-0.12012076,0.1523701,-0.15096194,-0.2314842,0.3415913,-0.16883665,-0.0008990392,0.13360211
2019-09-25,-0.14056388,0.18545538,-0.27688563,-0.2867069,0.49947178,-0.28244162,-0.020982072,0.19198701
2019-09-26,-0.22137707,0.18479085,-0.28302956,-0.32863632,0.60865384,-0.40414873,-0.10068174,0.23406659
2019-09-27,-0.10920357,0.12721996,-0.17222501,-0.25246403,0.35958314,-0.20884685,-0.004278362,0.12089981
2019-09-30,-0.15474056,0.16575378,-0.25475413,-0.2676014,0.48790947,-0.26651978,-0.0059979632,0.17985776
2019-10-08,-0.14173809,0.13628729,-0.13521257,-0.2507891,0.36101487,-0.22106084,-0.034982987,0.13251746
2019-10-09,-0.05257579,0.113326505,-0.22300431,-0.25686213,0.34888998,-0.19547807,0.04168406,0.09609808
2019-10-10,-0.052056864,0.10389911,-0.20252244,-0.2587499,0.33050022,-0.19739354,0.02859259,0.08573611
2019-10-11,-0.0758475,0.14657193,-0.28379196,-0.26659018,0.4319038,-0.22658882,0.047617167,0.13950585
2019-10-14,-0.10069553,0.10166897,-0.13917133,-0.24894649,0.31845507,-0.19630127,-0.011763975,0.09604807
2019-10-15,-0.13669603,0.17517748,-0.2816216,-0.2930098,0.50134367,-0.29187712,-0.028833412,0.18419313
2019-10-16,-0.15053949,0.15540054,-0.20346655,-0.28143615,0.4419103,-0.2755456,-0.04704404,0.16672304
2019-10-17,-0.12227176,0.1374498,-0.19227417,-0.25916317,0.39376602,-0.22692376,-0.00832694,0.13873556
2019-10-18,-0.20594099,0.16343571,-0.18130775,-0.299348,0.48802438,-0.33571577,-0.11236532,0.18932998
2019-10-21,-0.12490467,0.19289246,-0.2643158,-0.28431526,0.470648,-0.26621225,-0.030355223,0.18078324
2019-10-22,-0.071624,0.11336468,-0.20986433,-0.27399626,0.36664644,-0.23795694,0.0103031695,0.10396157
2019-10-23,-0.15226494,0.16795744,-0.2461126,-0.28239354,0.48437333,-0.288112,-0.033903897,0.17729251
2019-10-24,-0.09874948,0.1545639,-0.26486266,-0.2937448,0.44712523,-0.2736601,-0.023131505,0.14951093
2019-10-25,-0.041340902,0.1505119,-0.28935447,-0.26987162,0.39845625,-0.20039086,0.05597427,0.13138649
2019-10-28,-0.088119805,0.15034139,-0.22969988,-0.26164466,0.39272374,-0.21355408,0.016705275,0.13609757
2019-10-29,-0.15904078,0.18953282,-0.27133283,-0.28965417,0.5171632,-0.30251732,-0.0360597,0.19867256
2019-10-30,-0.14085853,0.18261647,-0.2777396,-0.29003534,0.50107354,-0.28849503,-0.03580588,0.1858898
2019-10-31,-0.14706224,0.15518099,-0.19861045,-0.2695873,0.43110973,-0.2588472,-0.029451534,0.16161598
2019-11-01,-0.060950123,0.123129286,-0.19423701,-0.23602054,0.32312307,-0.16071884,0.0469024,0.09647998
2019-11-04,-0.111263245,0.122784376,-0.15194884,-0.2502183,0.34252173,-0.20319839,-0.009515971,0.11711785
2019-11-05,-0.082154505,0.14057085,-0.20029931,-0.22965083,0.3485728,-0.16070858,0.05152407,0.11845812
2019-11-06,-0.17780915,0.16086982,-0.20789216,-0.27966627,0.47611997,-0.29456955,-0.05111651,0.18150851
2019-11-07,-0.07980915,0.10105719,-0.16604419,-0.26373678,0.32381085,-0.20575047,-0.018503338,0.09106885
2019-11-08,-0.16759883,0.17483217,-0.21248126,-0.2756817,0.4683181,-0.28052914,-0.043932334,0.18356042
2019-11-11,-0.18551587,0.18670028,-0.26329142,-0.29257408,0.53668153,-0.3169842,-0.056837633,0.20995215
2019-11-12,-0.09609341,0.14118701,-0.28389925,-0.28200066,0.460958,-0.26862514,0.022267692,0.14634992
2019-11-13,-0.110615864,0.16770703,-0.24289124,-0.27697927,0.43494487,-0.25093147,-0.010951936,0.15882942
2019-11-14,-0.06802957,0.11816475,-0.21084131,-0.24736366,0.35075924,-0.18714899,0.047185287,0.1053008
2019-11-15,-0.1265903,0.1788818,-0.232827,-0.26357666,0.43348432,-0.22711772,-0.013018958,0.17017935
2019-11-18,-0.09058123,0.1364446,-0.2070083,-0.24675176,0.37145382,-0.19657965,0.032943737,0.124064654
2019-11-19,-0.051856957,0.10550221,-0.15273744,-0.23477721,0.27145153,-0.14056893,0.025207624,0.07568787
2019-11-20,-0.14400902,0.15655634,-0.2158003,-0.27271596,0.4427811,-0.26103866,-0.03206882,0.1624109
2019-11-21,-0.1060529,0.13932846,-0.19560164,-0.2646828,0.37943006,-0.22236797,-0.023580946,0.12770127
2019-11-22,-0.2028416,0.10008593,-0.14583936,-0.306214,0.4630562,-0.37045115,-0.10696261,0.14745334
2019-11-25,-0.11059277,0.15305617,-0.24059108,-0.27821556,0.4291544,-0.24785167,-0.026035853,0.14750075
2019-11-26,-0.11860759,0.15055785,-0.24842688,-0.28158706,0.4527662,-0.27285457,-0.00097271055,0.15820973
2019-11-27,-0.11293361,0.13715322,-0.1365429,-0.23482093,0.32346383,-0.17439093,-0.010711543,0.11608414
2019-11-28,-0.13147005,0.1455539,-0.20362027,-0.26701888,0.41849798,-0.24854493,-0.014757529,0.1501567
2019-11-29,-0.103265,0.13958551,-0.22850245,-0.29705003,0.42246363,-0.28203687,-0.034152754,0.14072002
2019-12-02,-0.13523427,0.13989398,-0.18374556,-0.27098984,0.40720925,-0.259216,-0.035302952,0.14100032
2019-12-03,-0.062940255,0.13313183,-0.24870661,-0.26570213,0.3880062,-0.21875733,0.038627632,0.117437124
2019-12-04,-0.10890975,0.12656471,-0.20069867,-0.2720463,0.39476454,-0.24956262,-0.014495619,0.12552291
2019-12-05,-0.06712937,0.1106841,-0.20789164,-0.25459403,0.34708154,-0.19312753,0.027129985,0.099147946
2019-12-06,-0.07084491,0.13541043,-0.2365036,-0.2705383,0.38713506,-0.22870928,0.019906297,0.1193503
2019-12-09,-0.10374192,0.14070496,-0.21883303,-0.27363214,0.40295336,-0.24086443,-0.016506352,0.13460459
2019-12-10,-0.05940637,0.13039863,-0.2523941,-0.26049566,0.3830258,-0.20427786,0.043332435,0.11434613
2019-12-11,-0.11997302,0.15456745,-0.25704807,-0.28042805,0.46084303,-0.2723199,-0.004063867,0.15876256
2019-12-12,-0.1179695,0.15640788,-0.21052568,-0.26350904,0.40675434,-0.22866946,-0.01173716,0.14915702
2019-12-13,-0.06597624,0.13352337,-0.25187612,-0.2826296,0.39747304,-0.24029481,0.0071256235,0.12090011
2019-12-16,-0.031513937,0.110902786,-0.20847347,-0.23700777,0.30604216,-0.15017386,0.0702807,0.08024821
2019-12-17,-0.014175015,0.1066415,-0.20567144,-0.21213907,0.27753273,-0.10710698,0.11270052,0.064721376
2019-12-18,-0.12424717,0.123035364,-0.16895038,-0.24976829,0.3742958,-0.22187564,-0.0023966804,0.1229312
2019-12-19,-0.08334377,0.13989598,-0.24808326,-0.2774087,0.41044366,-0.24059024,0.008958496,0.13340494
2019-12-20,-0.15381992,0.17455079,-0.24261911,-0.28585267,0.48319757,-0.28748605,-0.03356853,0.18814807
2019-12-23,-0.19928984,0.16587004,-0.22211371,-0.2839795,0.5148363,-0.320813,-0.06144689,0.1934011
2019-12-24,-0.031767502,0.11024984,-0.21899755,-0.2491742,0.3194827,-0.16849646,0.058663465,0.084335625
2019-12-25,-0.118962236,0.13822952,-0.16944303,-0.24722892,0.36701548,-0.20804457,-0.003461942,0.12872507
2019-12-26,-0.088942096,0.118805006,-0.19906132,-0.27392146,0.37306434,-0.24101508,-0.005812153,0.11368632
2019-12-27,-0.15610556,0.16226256,-0.186542,-0.2635557,0.42744386,-0.25199363,-0.036200568,0.16481544
2019-12-30,-0.027139338,0.14474739,-0.21192433,-0.22137043,0.29596025,-0.109623,0.081263736,0.09598705
2019-12-31,-0.071620435,0.113515675,-0.22610164,-0.27601603,0.37996432,-0.23795974,0.016249686,0.11052032
2020-01-02,-0.06792025,0.123182006,-0.1717174,-0.24513483,0.3088077,-0.1632329,0.009087898,0.09796719
2020-01-03,-0.092273794,0.12675792,-0.22372106,-0.2712065,0.39492145,-0.23478568,0.0025571808,0.124689996
2020-01-06,-0.10714967,0.11692009,-0.072156146,-0.19595948,0.24824184,-0.11462651,0.022502325,0.084126934
2020-01-07,-0.06725395,0.106037796,-0.18954812,-0.24924502,0.3324087,-0.19156143,0.0374897,0.09338319
2020-01-08,-0.15312146,0.17052986,-0.1886232,-0.28176317,0.4312324,-0.27080056,-0.06080842,0.17327635
2020-01-09,-0.10092351,0.12283625,-0.21032119,-0.2706321,0.39576885,-0.24738336,0.0004318878,0.12228109
2020-01-10,-0.115343206,0.16337883,-0.2872823,-0.3057112,0.49070662,-0.30532926,-0.025526725,0.17190942
2020-01-13,-0.025319548,0.14824595,-0.2435055,-0.24903858,0.33223733,-0.15368024,0.05673399,0.10544832
2020-01-14,-0.1294396,0.14979169,-0.22532915,-0.27411747,0.43645167,-0.25712714,-0.02069898,0.15458868
2020-01-15,-0.08960298,0.15106523,-0.27129644,-0.28609762,0.44082966,-0.25686428,0.0073963404,0.1504137
2020-01-16,-0.11833401,0.13834026,-0.21046385,-0.26715928,0.41121796,-0.24458289,-0.005907327,0.14038952
2020-01-17,-0.12208541,0.14509848,-0.23669744,-0.29231727,0.44324145,-0.27712455,-0.042239726,0.15313427
2020-01-20,-0.031051302,0.12463358,-0.20972537,-0.23415092,0.30555028,-0.1428865,0.06844604,0.085538805
2020-01-21,-0.13270928,0.16999869,-0.27812335,-0.2949893,0.5009757,-0.3066678,-0.013734736,0.17992789
2020-01-22,0.013411155,0.15535514,-0.3158654,-0.2352562,0.34737194,-0.11057095,0.11581074,0.10269256
2020-01-23,-0.30060127,0.1829192,-0.1771841,-0.34171167,0.6020221,-0.45577997,-0.20088007,0.25272465
2020-02-03,-0.1439181,0.13064674,-0.21696116,-0.2708783,0.44654095,-0.2731514,-0.019823723,0.1455138
2020-02-04,-0.02361945,0.08286703,-0.21712263,-0.2329914,0.30333692,-0.1477773,0.080071546,0.05773398
2020-02-05,-0.08266371,0.071127966,-0.008944263,-0.21210468,0.17053337,-0.12194769,-0.019302413,0.03630468
2020-02-06,0.014607055,0.10050383,-0.17007378,-0.18098967,0.19542238,-0.018951137,0.1327664,0.039596915
2020-02-07,-0.06421301,0.09758297,-0.22758316,-0.2861341,0.37545544,-0.2508846,-0.0014891177,0.095199645
2020-02-10,-0.054503098,0.099653915,-0.19065346,-0.26613322,0.32058647,-0.19794102,0.0057235435,0.0859112
2020-02-11,-0.105020195,0.15395334,-0.28151625,-0.27548784,0.46081975,-0.25047934,0.010364711,0.15502043
2020-02-12,-0.008082806,0.09152539,-0.18524438,-0.2224589,0.25721228,-0.119834185,0.096238755,0.05208239
2020-02-13,-0.12290623,0.16742525,-0.2577519,-0.2974944,0.46445987,-0.28167957,-0.041360095,0.1723451
2020-02-14,-0.1276665,0.13467903,-0.13272093,-0.2508672,0.34077385,-0.20323662,-0.030594148,0.12968995
2020-02-17,0.0016617458,0.06741484,-0.12344512,-0.2044372,0.18349266,-0.07911469,0.09941997,0.022888836
2020-02-18,-0.083756395,0.114718914,-0.22131585,-0.26511607,0.3851885,-0.23187432,0.019041464,0.110019654
2020-02-19,-0.14891498,0.17668879,-0.22566733,-0.2610514,0.454951,-0.2499815,-0.015563525,0.17325477
2020-02-20,2.3592263e-05,0.10909374,-0.24394381,-0.243595,0.31195456,-0.15618815,0.10970896,0.075644344
2020-02-21,-0.052258134,0.11884616,-0.14193967,-0.20459923,0.25933504,-0.11044423,0.07600888,0.07512902
2020-02-24,-0.034968965,0.115097895,-0.22467823,-0.22910097,0.32410654,-0.14744703,0.1008611,0.089704394
2020-02-25,-0.0010345671,0.017132547,-0.2050922,-0.26068118,0.28779837,-0.21119028,0.07520303,0.008455563
2020-02-26,-0.18922599,0.15885404,-0.17536342,-0.24077517,0.4495685,-0.25176522,-0.009517409,0.17153372
2020-02-27,-0.1265291,0.16468498,-0.211607,-0.2367948,0.4124061,-0.20437902,0.03793238,0.15618132
2020-02-28,-0.21462879,0.14023092,-0.26751196,-0.311645,0.57802194,-0.37227592,-0.061960056,0.21208043
2020-03-02,0.042272292,0.08133069,-0.14162911,-0.19084957,0.14554419,-0.019029804,0.12879671,0.015153384
2020-03-03,-0.20381813,0.16420159,-0.121283494,-0.27975932,0.42158854,-0.28812736,-0.123137504,0.17525199
2020-03-04,-0.0913731,0.12067109,-0.18654294,-0.29719207,0.37122363,-0.2702712,-0.05068423,0.116565764
2020-03-05,-0.091740385,0.16902351,-0.30275396,-0.2742998,0.47002172,-0.2512172,0.030317739,0.15799816
2020-03-06,-0.09161697,0.08968736,-0.1458688,-0.23068604,0.3103781,-0.17228001,0.03199499,0.08573224
2020-03-09,-0.1960584,0.16255766,-0.2646005,-0.31873798,0.5562015,-0.36325654,-0.09359479,0.20650847
2020-03-10,0.03358625,0.084775,-0.22111432,-0.175587,0.24077621,-0.05847306,0.23327167,0.032896116
2020-03-11,-0.18927632,0.17224646,-0.21408719,-0.2901226,0.49710315,-0.31468397,-0.07448323,0.19358723
2020-03-12,-0.13242671,0.17086054,-0.22600892,-0.2849168,0.44430587,-0.26832044,-0.036147527,0.17258552
2020-03-13,0.035568923,0.07726264,-0.13669765,-0.15692112,0.13717481,0.015580958,0.163948,-0.0024867235
2020-03-16,-0.36688596,0.29004487,-0.24708544,-0.3370492,0.7303834,-0.47253188,-0.21463965,0.35116902
2020-03-17,-0.12239633,0.2696593,-0.38992438,-0.3075151,0.59355474,-0.30600703,0.0035083443,0.25467113
2020-03-18,-0.2425273,0.18831602,-0.096253864,-0.2534483,0.43138936,-0.2618031,-0.102338746,0.20753025
2020-03-19,-0.054542452,0.098467,-0.33007318,-0.3077872,0.46904293,-0.29997265,0.04364017,0.118942395
2020-03-20,-0.078845136,0.13002118,-0.29280376,-0.31947145,0.4645123,-0.3163021,-0.016021445,0.13992588
2020-03-23,-0.1764245,0.18278554,-0.21761203,-0.26412544,0.47618532,-0.25989094,-0.017588854,0.20189594
2020-03-24,-0.1069643,0.15045093,-0.2664249,-0.34120792,0.48036197,-0.36047602,-0.07112844,0.16194692
2020-03-25,-0.066235945,0.117371306,-0.2527574,-0.27480403,0.39334998,-0.22596544,0.025605034,0.11687416
2020-03-26,-0.13772592,0.14912258,-0.17788903,-0.26072702,0.39729467,-0.2350057,-0.03586024,0.14428614
2020-03-27,-0.16316761,0.18408576,-0.26428875,-0.28118846,0.5116932,-0.29035237,-0.023639746,0.19871528
2020-03-30,-0.1236625,0.19503257,-0.37235054,-0.28333,0.56753844,-0.28548285,0.031255092,0.20109846
2020-03-31,-0.15355025,0.16213161,-0.23438457,-0.2898085,0.4755378,-0.29316148,-0.050585195,0.17631006
2020-04-01,-0.15046875,0.13028094,-0.10525417,-0.2434845,0.33983698,-0.20851478,-0.035815924,0.13190132
2020-04-02,0.025644613,0.07646997,-0.18664698,-0.24518228,0.2254881,-0.121922314,0.0729683,0.035073146
2020-04-03,-0.14241232,0.14732493,-0.21818942,-0.29266766,0.45350754,-0.29863915,-0.04924071,0.15957767
2020-04-07,-0.05086255,0.09714714,-0.16580532,-0.23298216,0.28503272,-0.14787783,0.051686723,0.07671535
2020-04-08,-0.090672165,0.122875184,-0.20160437,-0.24480087,0.36437917,-0.19376288,0.029686768,0.113561034
2020-04-09,-0.07882874,0.12345039,-0.22207808,-0.25653026,0.37362647,-0.2046519,0.026146092,0.11397892
2020-04-10,-0.19281845,0.19204476,-0.26715246,-0.33029243,0.5620729,-0.3787565,-0.11435966,0.21913454
2020-04-13,-0.12009816,0.15918757,-0.23663305,-0.27857208,0.43616202,-0.25225958,-0.02956479,0.1564409
2020-04-14,-0.028155265,0.099321,-0.19410656,-0.23884413,0.28758302,-0.14570741,0.057561345,0.069609486
2020-04-15,-0.13626076,0.14585641,-0.1767727,-0.2552437,0.3949589,-0.2303217,-0.017361961,0.14386262
2020-04-16,-0.04259336,0.108297385,-0.18966007,-0.24514535,0.29916126,-0.15742059,0.03158665,0.07954243
2020-04-17,-0.17001319,0.13710359,-0.16049461,-0.25398132,0.41730937,-0.25224146,-0.024212047,0.15474054
2020-04-20,-0.06865269,0.11871864,-0.18660782,-0.24995938,0.32796165,-0.18180728,0.0225036,0.10056268
2020-04-21,-0.1002898,0.1515309,-0.277802,-0.31403035,0.46776822,-0.30629703,-0.040358633,0.1564305
2020-04-22,-0.030791134,0.09316183,-0.189689,-0.23902383,0.28835782,-0.15316035,0.058272652,0.06550698
2020-04-23,-0.12512423,0.1572583,-0.25616997,-0.27076635,0.45943657,-0.25471705,0.0030216202,0.16251947
2020-04-24,-0.17916584,0.17733318,-0.23014961,-0.29135776,0.50123286,-0.31164515,-0.061936513,0.19604513
2020-04-27,-0.14237121,0.15514708,-0.19063103,-0.2528408,0.41052258,-0.22526842,-0.018742666,0.15340486
2020-04-28,-0.10761774,0.23196244,-0.34202486,-0.27510044,0.5107296,-0.2268717,0.009828284,0.2112345
2020-04-29,-0.1165585,0.11331247,-0.16314119,-0.26374644,0.36626512,-0.23851177,-0.017230041,0.116530344
2020-04-30,-0.027015794,0.07279955,-0.098304726,-0.20575532,0.1888947,-0.0871806,0.066301905,0.0349903
2020-05-06,0.005679548,0.08520499,-0.17429401,-0.22352427,0.23101863,-0.10712141,0.09221673,0.041541237
2020-05-07,-0.09898952,0.14460438,-0.22863373,-0.27614778,0.40539652,-0.23521143,-0.012506798,0.14131106
2020-05-08,-0.08089661,0.121927135,-0.18977538,-0.23823988,0.34544596,-0.18537371,0.0483499,0.1063776
2020-05-11,-0.15330815,0.14079241,-0.19701484,-0.28961068,0.4441311,-0.2959154,-0.052422464,0.16124415
2020-05-12,-0.08966372,0.12997532,-0.24018852,-0.27696684,0.4077283,-0.24083912,-0.0013970584,0.1283692
2020-05-13,-0.065133214,0.1365475,-0.23300631,-0.25987515,0.37144297,-0.20262568,0.029271115,0.11574273
2020-05-14,-0.11773143,0.16253111,-0.23357688,-0.27267838,0.43066445,-0.24418268,-0.012784652,0.15860872
2020-05-15,-0.11113112,0.14496934,-0.19484538,-0.23639837,0.3789508,-0.19194922,0.033932105,0.13444567
2020-05-18,-0.12722422,0.1730405,-0.24708979,-0.25572535,0.4431342,-0.21923324,-0.0042473003,0.16404538
2020-05-19,-0.09023626,0.11759901,-0.20294362,-0.26016983,0.37256375,-0.22176567,0.012708902,0.11190827
2020-05-20,-0.15777925,0.1583174,-0.21935858,-0.2841845,0.46709234,-0.29248297,-0.04728289,0.1710402
2020-05-21,-0.18297711,0.17648393,-0.21529196,-0.27895343,0.48416302,-0.28550324,-0.059171215,0.19466476
2020-05-22,-0.1691664,0.1514381,-0.23810309,-0.31566063,0.50560915,-0.34503865,-0.08127537,0.18470071
2020-05-25,-0.1334563,0.15662308,-0.22553405,-0.27852592,0.44728097,-0.27483597,-0.019718587,0.16033314
2020-05-26,-0.05637364,0.106927216,-0.17164545,-0.24292892,0.30062753,-0.1681335,0.03165642,0.082756
2020-05-27,-0.15157267,0.1836817,-0.26115465,-0.28146598,0.4973358,-0.2849611,-0.022006094,0.19120872
2020-05-28,-0.12202762,0.13121723,-0.24336435,-0.31361988,0.46560618,-0.33189508,-0.04567316,0.14930013
2020-05-29,-0.06851333,0.08646063,-0.13450636,-0.23855257,0.27656707,-0.16381146,0.017411493,0.0712343
2020-06-01,-0.0149779655,0.06245103,-0.07427488,-0.18480785,0.14520387,-0.043860327,0.08640579,0.016365748
2020-06-02,-0.12111685,0.16511938,-0.28221306,-0.28742325,0.4849107,-0.2805067,-0.010099657,0.16980128
2020-06-03,-0.12574643,0.159833,-0.22776635,-0.25036502,0.42682076,-0.21950033,0.013164826,0.15490794
2020-06-04,-0.110331886,0.14134517,-0.23934942,-0.27420145,0.43228903,-0.2571347,0.0007611066,0.14246026
2020-06-05,-0.094516344,0.13332586,-0.23922403,-0.28648874,0.41631597,-0.25935757,-0.017385863,0.13228951
2020-06-08,-0.1473056,0.15489796,-0.22710836,-0.28679955,0.46410292,-0.29062772,-0.035867654,0.16992801
2020-06-09,-0.0980904,0.12726371,-0.19435653,-0.24284226,0.36541986,-0.19391274,0.026591849,0.11834644
2020-06-10,-0.09925847,0.15103367,-0.24746317,-0.2695506,0.42531636,-0.23977038,0.011749022,0.1442311
2020-06-11,-0.15127106,0.1606073,-0.15509057,-0.26382115,0.39216128,-0.23982254,-0.056753114,0.15543969
2020-06-12,-0.033725668,0.0755884,-0.13874887,-0.2207529,0.23638943,-0.11587341,0.06488761,0.051711854
2020-06-15,-0.12368309,0.12797159,-0.13461545,-0.25132802,0.33831164,-0.20489502,-0.03506455,0.119921714
2020-06-16,-0.06227976,0.11259903,-0.1894136,-0.2436336,0.3231999,-0.1745375,0.038833894,0.09307216
2020-06-17,-0.08262912,0.13359489,-0.2233057,-0.2709588,0.38744298,-0.23310459,0.011297315,0.12384279
2020-06-18,-0.09819204,0.14396632,-0.22786152,-0.2628533,0.40454245,-0.22882432,0.013142429,0.13486302
2020-06-19,-0.06296551,0.11999997,-0.2006455,-0.24763519,0.33263335,-0.17494307,0.029265001,0.09935638
2020-06-22,-0.13429174,0.1366314,-0.16145353,-0.2555799,0.3803213,-0.23171973,-0.018506587,0.13583678
2020-06-23,-0.07977282,0.14988495,-0.23568332,-0.26232216,0.38774666,-0.2075084,0.012490973,0.13019185
2020-06-24,-0.10847442,0.14558119,-0.23559281,-0.28452033,0.42927113,-0.26568398,-0.01646144,0.1463273
2020-06-29,-0.13981408,0.15868218,-0.2400365,-0.28377354,0.46715674,-0.28498948,-0.02985119,0.16613089
2020-06-30,-0.08265351,0.10483882,-0.1078888,-0.21161976,0.2608568,-0.13191305,0.03611085,0.07708743
2020-07-01,-0.105888925,0.16180193,-0.22587486,-0.28490758,0.4183599,-0.2601427,-0.027797349,0.15033738
2020-07-02,-0.034087773,0.081934705,-0.14131926,-0.2439265,0.25299367,-0.16256556,0.03484467,0.05327449
2020-07-03,-0.0631787,0.113587126,-0.18017398,-0.2593064,0.322003,-0.19731529,0.011295803,0.09384258
2020-07-06,0.05679498,0.04851748,-0.07648825,-0.15604784,0.05728222,0.039776176,0.16050255,-0.032499127
2020-07-07,-0.08001381,0.13844715,-0.19704323,-0.22032443,0.3382347,-0.14385824,0.052705653,0.10973185
2020-07-08,0.017179945,0.101537146,-0.19159293,-0.22639546,0.23152095,-0.0923904,0.09532819,0.05335283
2020-07-09,-0.035836585,0.08751115,-0.098427884,-0.17656699,0.19382028,-0.060360957,0.11501596,0.04234205
2020-07-10,-0.114722975,0.101473846,-0.14624321,-0.23829392,0.33909073,-0.19567938,0.022040874,0.10933192
2020-07-13,0.013342889,0.062478352,-0.11068862,-0.18077694,0.14754945,-0.030260202,0.12258585,0.0071881553
2020-07-14,-0.14365873,0.19592148,-0.33143863,-0.3620293,0.58851796,-0.4217281,-0.08155961,0.2187429
2020-07-15,-0.17561275,0.15809843,-0.35458815,-0.29996487,0.6171888,-0.35810152,0.008054197,0.20859966
2020-07-16,-0.38574326,0.21830559,-0.16166712,-0.31399003,0.66438216,-0.44708163,-0.2037398,0.31316924
2020-07-17,-0.11642582,0.110417664,-0.14977619,-0.28559113,0.35445857,-0.25392878,-0.080514,0.11059454
2020-07-20,-0.01976151,0.15390632,-0.23024477,-0.22935948,0.3097344,-0.12387882,0.08393226,0.10010804
2020-07-21,-0.10883719,0.111561775,-0.20191471,-0.27867237,0.400412,-0.2669371,-0.0099383965,0.12118775
2020-07-22,-0.08799874,0.12294022,-0.08524104,-0.21374741,0.2374835,-0.10748905,-0.001957342,0.08926059
2020-07-23,-0.06258647,0.09272197,-0.28241313,-0.277774,0.43415064,-0.2754999,0.090011954,0.110465035
2020-07-24,-0.32455748,0.24146253,-0.26648775,-0.37758216,0.7174657,-0.5198613,-0.2376482,0.3131073
2020-07-27,-0.14545034,0.1342512,-0.20156406,-0.2788093,0.430565,-0.26517785,-0.04201685,0.15443824
2020-07-28,-0.12459918,0.15123014,-0.19732489,-0.27565578,0.40637627,-0.250931,-0.039941967,0.14634353
2020-07-29,0.018216642,0.043767907,-0.07996564,-0.19728518,0.11609645,-0.03963479,0.07408675,-0.009381838
2020-07-30,-0.12338547,0.1613951,-0.2429286,-0.27381235,0.4452387,-0.25026205,-0.0062900633,0.16528149
2020-07-31,-0.08585841,0.056092333,-0.15850867,-0.26970005,0.34159133,-0.2636194,0.015484653,0.068435095
2020-08-03,-0.041087437,0.1056367,-0.16472326,-0.23100597,0.27280778,-0.13657033,0.051882595,0.074701846
2020-08-04,-0.13139893,0.15198901,-0.25359693,-0.29205066,0.46774444,-0.2815761,-0.035450496,0.16694379
2020-08-05,-0.059285678,0.16531645,-0.2232935,-0.23420194,0.34410167,-0.1458566,0.04514096,0.12204069
2020-08-06,-0.07986223,0.14935091,-0.28089836,-0.29251525,0.4505942,-0.28557032,0.0166433,0.13940974
2020-08-07,-0.09754192,0.16084652,-0.34798306,-0.34447128,0.53658384,-0.35037038,-0.040448174,0.18527967
2020-08-10,-0.049139682,0.098903194,-0.210173,-0.23156291,0.3232746,-0.1553776,0.07904266,0.083202645
2020-08-11,-0.19666836,0.14333278,-0.15936327,-0.24490324,0.43965596,-0.25212163,-0.028807543,0.16711468
2020-08-12,-0.104698695,0.17297064,-0.3809446,-0.3619756,0.58580726,-0.39796323,-0.048396617,0.19822781
2020-08-13,-0.10999111,0.13680847,-0.20237117,-0.24965489,0.38685432,-0.2101402,0.008927979,0.12861398
2020-08-14,-0.059972435,0.09978607,-0.21584585,-0.27622703,0.36560044,-0.25006342,0.026783712,0.09071435
2020-08-17,-0.047377598,0.14154415,-0.1748824,-0.21944973,0.28345188,-0.11499031,0.057838865,0.09581816
2020-08-18,-0.09995527,0.118468255,-0.15681683,-0.23496008,0.33238125,-0.18354048,0.023003124,0.10561642
2020-08-19,-0.1783806,0.20834756,-0.27284557,-0.27267563,0.53030604,-0.28090405,-0.030804098,0.21432269
2020-08-20,-0.15885308,0.173435,-0.26477078,-0.29261872,0.5123565,-0.30790913,-0.035031997,0.1926949
2020-08-21,-0.13864182,0.1174816,-0.12953298,-0.24136904,0.35357183,-0.21660325,8.3476305e-05,0.12383583
2020-08-24,-0.08643691,0.16152528,-0.24930432,-0.25847423,0.4023705,-0.19988003,0.0058710426,0.13774411
2020-08-25,-0.15892847,0.13793096,-0.19487967,-0.290935,0.44838968,-0.3019379,-0.06204988,0.15959124
2020-08-26,-0.21994074,0.16841695,-0.20656419,-0.3032524,0.53057855,-0.3617314,-0.10359639,0.20285352
2020-08-27,-0.07782367,0.15368596,-0.22506283,-0.24739748,0.37279257,-0.18415287,0.039425872,0.13197619
2020-08-28,0.018247338,0.113319114,-0.2671174,-0.25585982,0.30877122,-0.14338152,0.09169601,0.07848419
2020-08-31,-0.15137562,0.15432161,-0.17819044,-0.25897366,0.40841612,-0.23215356,-0.040221423,0.15697286
2020-09-01,-0.096749954,0.12879884,-0.19155888,-0.25644732,0.36731458,-0.21401572,0.011982694,0.121323854
2020-09-02,-0.1021291,0.13848177,-0.2676176,-0.27249184,0.45068046,-0.25978988,0.027512707,0.14244147
2020-09-03,-0.15528123,0.15000227,-0.19496906,-0.26794165,0.43650615,-0.26520488,-0.03762652,0.15703088
2020-09-04,-0.07257826,0.1455664,-0.27149454,-0.28388408,0.4230211,-0.24764073,0.010265991,0.13394266
2020-09-07,-0.23023978,0.15967941,-0.17662561,-0.27151808,0.50371444,-0.31644392,-0.057360932,0.20350672
2020-09-08,-0.0668508,0.11970389,-0.27415293,-0.26464066,0.4094492,-0.21587771,0.04526985,0.117697105
2020-09-09,-0.16083178,0.20095545,-0.28921366,-0.27017274,0.53065205,-0.27914503,0.015325822,0.21282272
2020-09-10,-0.23563969,0.17600988,-0.22449116,-0.28584918,0.55151033,-0.33232462,-0.076880634,0.22340134
2020-09-11,-0.04230623,0.07489663,-0.17515989,-0.24872586,0.29538715,-0.18714519,0.047311872,0.05863159
2020-09-14,-0.13229981,0.1483382,-0.20129904,-0.28789717,0.42520028,-0.2803167,-0.051186845,0.15118329
2020-09-15,-0.074679814,0.13849097,-0.21898136,-0.26092222,0.37059656,-0.21079555,0.017884023,0.11749071
2020-09-16,-0.13402009,0.16569571,-0.24400319,-0.28107548,0.46172723,-0.27206576,-0.025861591,0.16856563
2020-09-17,-0.04095576,0.11211297,-0.28975868,-0.27483884,0.3963834,-0.20934014,0.048781905,0.11030458
2020-09-18,-0.01908277,0.09643948,-0.21621181,-0.23936093,0.30543795,-0.16181287,0.0919995,0.06830704
2020-09-21,-0.14742945,0.14971548,-0.22310933,-0.28552508,0.46052986,-0.2917565,-0.040078893,0.1624997
2020-09-22,-0.16878256,0.16907883,-0.16782506,-0.25065336,0.41589877,-0.2288898,-0.040886506,0.16950712
2020-09-23,-0.09218535,0.12770133,-0.21114847,-0.2574485,0.3782037,-0.21051717,0.016965836,0.12291239
2020-09-24,-0.15755065,0.17980325,-0.3052924,-0.30726624,0.5533183,-0.33728606,-0.035641752,0.202428
2020-09-25,-0.123626925,0.15028231,-0.23523037,-0.29218167,0.44892627,-0.2891803,-0.036082067,0.15377185
2020-09-28,-0.16592431,0.17945892,-0.27580267,-0.2904269,0.53088623,-0.31607312,-0.028645083,0.19777781
2020-09-29,-0.08963322,0.11150515,-0.16379406,-0.25267166,0.32871455,-0.1949917,-0.012375809,0.0970688
2020-09-30,-0.15381593,0.17535219,-0.19079293,-0.29093608,0.43852925,-0.28859487,-0.08000477,0.17248946
2020-10-09,-0.08993542,0.09169661,-0.11192692,-0.23366097,0.2788637,-0.16732654,0.017043471,0.0842742
2020-10-12,-0.022663224,0.07998074,-0.11201179,-0.21011922,0.19916706,-0.094184816,0.06696035,0.038250055
2020-10-13,-0.07882385,0.15032208,-0.27140886,-0.27423063,0.42717293,-0.23876932,0.026141293,0.13927911
2020-10-14,-0.12236396,0.15586016,-0.24205409,-0.28263995,0.44767186,-0.26713538,-0.021955699,0.15908675
2020-10-15,-0.13219453,0.16688135,-0.2448198,-0.27510038,0.4567915,-0.25896633,-0.019610845,0.16770664
2020-10-16,-0.14487375,0.16243705,-0.26474524,-0.3012559,0.49997982,-0.31387866,-0.041991293,0.18026735
2020-10-19,-0.20003138,0.17093301,-0.25450933,-0.31750768,0.5590282,-0.37691054,-0.077439696,0.21337698
2020-10-20,-0.04847697,0.13973358,-0.25483975,-0.26091516,0.3751185,-0.19907808,0.047170594,0.11396472
2020-10-21,-0.13627845,0.16653475,-0.29284638,-0.30975166,0.5234982,-0.3337259,-0.026380673,0.18518056
2020-10-22,-0.09038532,0.18553,-0.3206634,-0.28262848,0.48296002,-0.24884912,0.020474888,0.17572491
2020-10-23,-0.20351565,0.15567958,-0.17960666,-0.28590047,0.48200724,-0.32055053,-0.07508887,0.18750574
2020-10-26,-0.10950499,0.18166834,-0.22809434,-0.2799241,0.41774088,-0.24245748,-0.047892034,0.15630093
2020-10-27,-0.089742675,0.11625533,-0.20946617,-0.26027226,0.37973014,-0.22587031,0.026382446,0.11547147
2020-10-28,-0.057032235,0.15901032,-0.2806947,-0.25542304,0.404564,-0.19439259,0.059608467,0.13271245
2020-10-29,-0.047513463,0.12837777,-0.17641248,-0.23165932,0.2883343,-0.13232692,0.051982757,0.09623556
2020-10-30,-0.23394221,0.22089341,-0.24036682,-0.28952742,0.5697859,-0.34147578,-0.08884321,0.24101934
2020-11-02,-0.10317345,0.12567909,-0.19673194,-0.2523961,0.37625688,-0.21068555,0.017847925,0.12440604
2020-11-03,-0.056904957,0.12122168,-0.170548,-0.24216214,0.29467812,-0.15146568,0.018439107,0.09204045
2020-11-04,-0.10052975,0.14509179,-0.26306513,-0.28257215,0.44482645,-0.26111144,0.008597866,0.1504678
2020-11-05,-0.040629275,0.105284214,-0.22723351,-0.249098,0.33827004,-0.17992762,0.070198596,0.09001754
2020-11-06,-0.127116,0.19303396,-0.3238337,-0.3208986,0.54290867,-0.3377964,-0.04008621,0.19987729
2020-11-09,-0.09320853,0.09402534,-0.083227925,-0.20842579,0.24770743,-0.12812833,0.03285855,0.076505795
2020-11-10,-0.1498262,0.21593624,-0.2975127,-0.2954403,0.53191286,-0.30124378,-0.0417649,0.2114974
2020-11-11,-0.1607179,0.16095814,-0.21188407,-0.2737459,0.46076864,-0.27799612,-0.027979307,0.17537466
2020-11-12,-0.106297165,0.13668239,-0.19818364,-0.26716286,0.38463235,-0.22823107,-0.009574406,0.13425794
2020-11-13,-0.08101618,0.17983109,-0.26016372,-0.28503796,0.41794628,-0.23490953,-0.019227892,0.154198
2020-11-16,-0.07315983,0.14372134,-0.2028078,-0.24087343,0.34327745,-0.16742332,0.029210925,0.11496274
2020-11-17,-0.13688824,0.17628637,-0.2813312,-0.2980821,0.50466645,-0.30232164,-0.032479085,0.18577744
2020-11-18,-0.13490725,0.13798282,-0.18154025,-0.25386673,0.40081498,-0.23742652,0.0006614551,0.14124338
2020-11-19,-0.065978065,0.15113202,-0.23439692,-0.25814155,0.37216687,-0.19527414,0.02591933,0.123967394
2020-11-20,-0.053979523,0.096899286,-0.17444935,-0.24276382,0.3004176,-0.16794786,0.04396418,0.08077559
2020-11-23,-0.061766863,0.13377537,-0.22284327,-0.22071189,0.3426056,-0.13786148,0.076882586,0.10585044
2020-11-24,-0.10749567,0.14834568,-0.21274444,-0.26609752,0.3993732,-0.22998977,-0.0058408603,0.14092866
2020-11-25,-0.2000776,0.20169026,-0.26769054,-0.3058977,0.56291485,-0.3476441,-0.076009706,0.22754149
2020-11-26,-0.12363757,0.17486092,-0.27555847,-0.28609824,0.48446256,-0.28252903,-0.0015769005,0.17821456
2020-11-27,-0.097800165,0.13714191,-0.26279336,-0.29972193,0.44931364,-0.29125252,-0.016872115,0.14265871
2020-11-30,-0.16147049,0.15031561,-0.19397709,-0.27163953,0.43854308,-0.26064608,-0.048170865,0.16653816
2020-12-01,-0.023776704,0.09950436,-0.14833474,-0.21567935,0.23127311,-0.097068116,0.059547644,0.054224968
2020-12-02,-0.091115475,0.15965858,-0.252914,-0.26789606,0.41895488,-0.22676647,0.0148754865,0.14642613
2020-12-03,-0.07677511,0.16597387,-0.24908054,-0.2609784,0.39845213,-0.20709158,0.02297905,0.13922478
2020-12-04,-0.07362774,0.14274131,-0.24928498,-0.25990114,0.39441708,-0.20663343,0.0363321,0.12904947
2020-12-07,-0.13696653,0.16912219,-0.26380965,-0.28020522,0.48358244,-0.27909148,-0.017209277,0.17274146
2020-12-08,-0.10902407,0.12865514,-0.20526165,-0.25649163,0.391232,-0.2210016,0.009722322,0.12908433
2020-12-09,-0.17883271,0.1873481,-0.23814805,-0.28976607,0.5064057,-0.3052525,-0.059197158,0.20337236
2020-12-10,-0.08302256,0.14130777,-0.19143316,-0.237649,0.3444169,-0.17329481,0.0264984,0.113454044
2020-12-11,-0.19102387,0.18628609,-0.2900192,-0.32877442,0.58534604,-0.39227054,-0.08545905,0.21929154
2020-12-14,-0.07438858,0.14349806,-0.2246581,-0.26185775,0.37424108,-0.20755868,0.01697854,0.12286532
2020-12-15,-0.08903402,0.12688428,-0.22920465,-0.2707702,0.3973219,-0.23567492,0.0070465207,0.12283987
2020-12-16,-0.11602507,0.16653505,-0.25863317,-0.27486932,0.4527939,-0.25027013,0.0012376085,0.16668786
2020-12-17,-0.030358803,0.1501813,-0.23388678,-0.23341781,0.32296875,-0.12989427,0.0793532,0.109710515
2020-12-18,-0.11884594,0.14828882,-0.21594901,-0.2812116,0.41933635,-0.2580512,-0.030690089,0.14956392
2020-12-21,-0.0401377,0.100223556,-0.12285972,-0.21648961,0.2249549,-0.10280432,0.032182127,0.055067394
2020-12-22,-0.20728043,0.20929274,-0.23876584,-0.29258785,0.53623223,-0.31733117,-0.08319278,0.22950354
2020-12-23,-0.097046785,0.15702116,-0.18423659,-0.2363993,0.3520341,-0.17346185,0.019548431,0.12975602
2020-12-24,-0.16755007,0.17413375,-0.2602888,-0.30659193,0.522724,-0.33617073,-0.065810055,0.19318543
2020-12-25,-0.047296926,0.13169456,-0.1806394,-0.22510913,0.29034835,-0.12563927,0.059530817,0.09467739
2020-12-28,-0.13557202,0.18125248,-0.24020343,-0.28112122,0.45692047,-0.2619415,-0.038393617,0.17739266
2020-12-29,-0.1513506,0.15447336,-0.19948894,-0.27465758,0.43734354,-0.2682777,-0.043433025,0.16179965
2020-12-30,-0.07549332,0.13189253,-0.14763272,-0.22677016,0.28946486,-0.13878004,0.01581189,0.096062556
2020-12-31,-0.06432076,0.07482584,-0.16088729,-0.25901982,0.30607557,-0.20459932,0.012944356,0.07048686
2021-01-04,-0.025590543,0.11257668,-0.17725661,-0.22294176,0.2645499,-0.115063906,0.070794374,0.07129985
2021-01-05,-0.059479833,0.10158528,-0.20392254,-0.2524126,0.33841386,-0.19674972,0.03706383,0.08606787
2021-01-06,-0.109344415,0.15405622,-0.26907966,-0.2890738,0.46335906,-0.28027412,-0.0059024543,0.15692818
2021-01-07,-0.10585369,0.16922206,-0.2024649,-0.26356027,0.39216018,-0.22865373,-0.0043829307,0.14761893
2021-01-08,-0.10351811,0.17754336,-0.23349908,-0.2799301,0.41571665,-0.23989013,-0.041251287,0.15261415
2021-01-11,-0.19609922,0.19811061,-0.21933316,-0.297133,0.50960237,-0.3210634,-0.10133773,0.20873111
2021-01-12,-0.046706576,0.10618764,-0.19540606,-0.24057156,0.31318185,-0.16753295,0.059567045,0.08340435
2021-01-13,-0.14506869,0.17799467,-0.24046575,-0.29347622,0.47552696,-0.29411367,-0.045259416,0.18436578
2021-01-14,-0.129677,0.19048473,-0.23737948,-0.2591269,0.43538195,-0.2109282,-0.012674093,0.18095629
2021-01-15,-0.106081545,0.13895956,-0.26726896,-0.31433052,0.4626065,-0.3073124,-0.047047034,0.1517216
2021-01-18,-0.05134543,0.08668311,-0.11517461,-0.21196729,0.23095614,-0.10969421,0.048694294,0.05576154
2021-01-19,-0.15110683,0.17041872,-0.21776801,-0.26427457,0.4527135,-0.25932357,-0.01845783,0.17047933
2021-01-20,-0.070247225,0.1154534,-0.17927863,-0.25719652,0.32141098,-0.18399644,-0.004710056,0.097552195
2021-01-21,-0.06120167,0.11166777,-0.14608727,-0.21566701,0.27020505,-0.118949294,0.05420879,0.08279978
2021-01-22,-0.079675995,0.13767911,-0.25766745,-0.27346572,0.41713718,-0.24327365,0.024952177,0.12895812
2021-01-25,-0.12325023,0.16107705,-0.16289599,-0.22688466,0.35235277,-0.16274512,-0.0051162243,0.13545798
2021-01-26,-0.15505287,0.1613067,-0.26747647,-0.30679497,0.519508,-0.33907062,-0.042782128,0.18458794
2021-01-27,-0.09312453,0.15000123,-0.23766191,-0.25851753,0.4055746,-0.21693647,0.02804077,0.13970853
2021-01-28,-0.17823279,0.1546566,-0.2051505,-0.2759728,0.47513086,-0.29609853,-0.040440038,0.17692405
2021-01-29,-0.23230591,0.19969171,-0.22527704,-0.3072595,0.56322616,-0.37223747,-0.10224342,0.23329295
2021-02-01,-0.088196196,0.108087935,-0.18491884,-0.25647348,0.35657516,-0.22309837,0.020753741,0.10154192
2021-02-02,-0.064943515,0.12762702,-0.20773737,-0.24302125,0.34098074,-0.17359097,0.035575923,0.10174006
2021-02-03,-0.12849908,0.1709582,-0.23251185,-0.25862995,0.43722185,-0.23182997,0.0003305152,0.1639933
2021-02-04,-0.12616555,0.14314833,-0.28465664,-0.33306828,0.51047504,-0.35857004,-0.063514724,0.16873842
2021-02-05,-0.19297923,0.1450355,-0.19786611,-0.29094097,0.48409367,-0.31509447,-0.07639454,0.18245812
2021-02-08,-0.061071098,0.1396589,-0.16020532,-0.23143163,0.2824798,-0.12527001,0.012365073,0.09921135
2021-02-09,-0.015024958,0.08099143,-0.13401617,-0.20559391,0.21104635,-0.08989069,0.09269293,0.03946412
2021-02-10,-0.0435545,0.14066447,-0.23337898,-0.24651062,0.34228373,-0.16334163,0.051933113,0.10762863
2021-02-18,-0.12642817,0.15854196,-0.27337727,-0.29007596,0.48758134,-0.29434153,0.0011331066,0.17372374
2021-02-19,-0.008644465,0.104001895,-0.27883783,-0.25303602,0.35483882,-0.17990768,0.11101984,0.08533378
2021-02-22,-0.1890749,0.14259563,-0.13373154,-0.24467045,0.4080822,-0.24461761,-0.052500144,0.15093207
2021-02-23,-0.11174331,0.12400193,-0.17037423,-0.22850558,0.35226253,-0.17617945,0.033857282,0.11911921
2021-02-24,-0.1918372,0.15261245,-0.19219628,-0.29753894,0.48870674,-0.3417093,-0.07695562,0.18132876
2021-02-25,-0.1716041,0.20465294,-0.2802457,-0.28864622,0.53867185,-0.30862236,-0.038704947,0.21303722
2021-02-26,-0.12582776,0.15462671,-0.234179,-0.29247555,0.4436362,-0.27454764,-0.05647181,0.15666242
2021-03-01,-0.057589732,0.08931345,-0.16306835,-0.24585062,0.2958711,-0.17776188,0.02765077,0.07207088
2021-03-02,-0.14747262,0.18360084,-0.2951347,-0.32244435,0.5403813,-0.35406947,-0.062969744,0.19673459
2021-03-03,-0.04497431,0.11487267,-0.16126086,-0.23000881,0.2736189,-0.13479087,0.052386247,0.08253728
2021-03-04,-0.16446438,0.19423479,-0.29538488,-0.30511898,0.54989344,-0.33032712,-0.047730133,0.21137452
2021-03-05,-0.053492524,0.121444225,-0.2031524,-0.24157852,0.319543,-0.14856875,0.051485278,0.10629523
2021-03-08,-0.25970462,0.15804018,-0.21904245,-0.32634848,0.59319115,-0.4240931,-0.12107661,0.23152749
2021-03-09,-0.18267888,0.2617787,-0.34399098,-0.27587187,0.59652275,-0.27958396,-0.01833921,0.2597933
2021-03-10,-0.17170559,0.20135072,-0.28396583,-0.3067771,0.545208,-0.32544497,-0.05573532,0.22308584
2021-03-11,-0.020450639,0.08519574,-0.12048989,-0.20839354,0.19966558,-0.0816914,0.057296813,0.038659733
2021-03-12,-0.0992335,0.196718,-0.3203304,-0.28141704,0.49500522,-0.2579956,0.022132717,0.18411244
2021-03-15,-0.15052179,0.15039827,-0.19828509,-0.28669915,0.44109043,-0.2900797,-0.064208776,0.15650122
2021-03-16,-0.114735246,0.13880606,-0.23032217,-0.2732419,0.43212628,-0.2639418,0.0117428005,0.14560178
2021-03-17,-0.059538014,0.12529507,-0.22235811,-0.26402056,0.35359138,-0.19804648,0.007679105,0.1029879
2021-03-18,-0.081071794,0.1341384,-0.1708406,-0.24604458,0.32507133,-0.1756319,0.015139714,0.113845244
2021-03-19,-0.13062248,0.13899457,-0.17199543,-0.27698743,0.39096442,-0.254797,-0.04857959,0.1413696
2021-03-22,-0.058877297,0.072856106,-0.13651565,-0.22728601,0.27000535,-0.15488736,0.06621772,0.065334566
2021-03-23,-0.15892604,0.18824911,-0.3110827,-0.31124523,0.562094,-0.3439961,-0.040858224,0.20897102
2021-03-24,-0.13930388,0.13027331,-0.21510512,-0.28807136,0.44691375,-0.29583913,-0.032295763,0.14962743
2021-03-25,-0.0982042,0.12843263,-0.16353102,-0.23740146,0.3347263,-0.18042447,0.006192021,0.10678871
2021-03-26,-0.053886488,0.10972201,-0.16930722,-0.22612044,0.2875168,-0.13393903,0.059226613,0.08626616
2021-03-29,-0.108062595,0.15960063,-0.24129443,-0.28024265,0.43101507,-0.254341,-0.021862328,0.15037946
2021-03-30,-0.08392948,0.15693589,-0.21979508,-0.2590705,0.37672967,-0.20137928,0.00414411,0.13164116
2021-03-31,-0.1021779,0.16782194,-0.29370886,-0.28840345,0.4771367,-0.2738745,0.0069690943,0.16637607
2021-04-01,-0.05311943,0.124495216,-0.23836361,-0.27254727,0.36734512,-0.21580267,0.018759169,0.10588892
2021-04-02,-0.10497837,0.1572114,-0.2197046,-0.2682644,0.40201092,-0.22699553,-0.012716502,0.14505346
2021-04-06,-0.09924849,0.13039017,-0.21537894,-0.2746042,0.39659673,-0.243153,-0.0069359317,0.12952918
2021-04-07,-0.08037986,0.16393559,-0.30139026,-0.2795971,0.45649624,-0.2468028,0.026409045,0.15310231
2021-04-08,-0.08334203,0.15382262,-0.22368976,-0.24826759,0.37372988,-0.18076575,0.02364609,0.13272053
2021-04-09,-0.114374004,0.15131585,-0.23815028,-0.28242418,0.43936107,-0.27080363,-0.011404827,0.15152018
2021-04-12,-0.19191828,0.17848651,-0.2644577,-0.3067585,0.5554613,-0.35738954,-0.06310214,0.20984483
2021-04-13,-0.12997293,0.14869496,-0.18775977,-0.26554424,0.39847946,-0.23512945,-0.034737132,0.14503546
2021-04-14,-0.06947315,0.100230604,-0.16990402,-0.23883843,0.31027904,-0.16888987,0.034380835,0.08621758
2021-04-15,-0.0733117,0.14387968,-0.2896851,-0.28207025,0.43846837,-0.24661586,0.022033602,0.1374269
2021-04-16,-0.06338531,0.1294809,-0.22495177,-0.24570289,0.35723695,-0.18071601,0.049125742,0.10878332
2021-04-19,-0.063244894,0.100770265,-0.13673952,-0.23829514,0.2710278,-0.15295152,0.009601571,0.075378686
2021-04-20,-0.09998015,0.12996346,-0.17135125,-0.24239373,0.34479976,-0.1865799,0.009023398,0.11551045
2021-04-21,-0.09155669,0.1606847,-0.23490869,-0.25737855,0.3962174,-0.20073862,0.013438337,0.14348441
2021-04-22,-0.11396105,0.15086028,-0.1985048,-0.2567042,0.38885105,-0.21454456,-0.0050139874,0.14190702
2021-04-23,-0.083392195,0.12858823,-0.22617115,-0.27881718,0.3896832,-0.23814416,-0.008865349,0.12222387
2021-04-26,-0.16418996,0.12541491,-0.105334744,-0.25986922,0.36149842,-0.2465752,-0.0668253,0.13357702
2021-04-27,-0.10717712,0.13156521,-0.236981,-0.27791888,0.4267099,-0.2580904,0.0019842386,0.14011654
2021-04-28,-0.07485165,0.12586048,-0.20815359,-0.26537544,0.3600153,-0.2118096,0.003017038,0.110471144
2021-04-29,-0.10028085,0.14215097,-0.24403669,-0.27244183,0.42478698,-0.24799746,0.0072091892,0.13838488
2021-04-30,-0.09157994,0.15640952,-0.24527332,-0.29608577,0.42142704,-0.26347047,-0.029583454,0.14916737
2021-05-06,-0.113955446,0.10346371,-0.21277466,-0.27442417,0.4169234,-0.27454004,0.008701064,0.12027496
2021-05-07,-0.16369738,0.15558684,-0.15710375,-0.25445417,0.4053487,-0.24060807,-0.043638647,0.1557187
2021-05-10,-0.10930575,0.13896102,-0.18210404,-0.267992,0.37150526,-0.22411183,-0.03047368,0.13153179
2021-05-11,-0.07070322,0.1696764,-0.3082201,-0.2599655,0.44653615,-0.21333307,0.06823582,0.15356717
2021-05-12,-0.027022406,0.11815005,-0.22933558,-0.25718057,0.32373407,-0.17071217,0.044233523,0.08872576
2021-05-13,-0.13907236,0.16740382,-0.22217807,-0.27846336,0.4437911,-0.26027092,-0.036314093,0.17084792
2021-05-14,-0.043124825,0.13843767,-0.21656758,-0.23629484,0.320431,-0.14088726,0.052855585,0.101351246
2021-05-17,-0.09159551,0.120737396,-0.15574816,-0.25434843,0.3244311,-0.19381079,-0.012471274,0.10688138
2021-05-18,-0.09969301,0.13996199,-0.2129628,-0.2601177,0.39000088,-0.22074983,0.0066927895,0.13047017
2021-05-19,-0.10357232,0.15894026,-0.2467398,-0.26845044,0.42674425,-0.23502663,0.0011403635,0.14821309
2021-05-20,-0.097987205,0.16869378,-0.29917955,-0.2798715,0.47074857,-0.25089672,0.014859654,0.16527502
2021-05-21,-0.12865758,0.16215467,-0.23992592,-0.27155685,0.45163235,-0.26070413,-0.0029083267,0.16323087
2021-05-24,-0.10686629,0.14371519,-0.21185471,-0.26386413,0.40151393,-0.23578829,0.012810051,0.14033982
2021-05-25,-0.043696497,0.1256304,-0.18831247,-0.23461217,0.29474032,-0.1367707,0.04123585,0.08849372
2021-05-26,-0.103593275,0.14248893,-0.2268153,-0.2687446,0.40876058,-0.23555332,-0.0034382194,0.13693601
2021-05-27,-0.07593463,0.12166984,-0.17458332,-0.25396824,0.3260964,-0.1893479,0.0049652383,0.10291508
2021-05-28,-0.14350602,0.14730749,-0.18233395,-0.26667586,0.41416648,-0.2578275,-0.028950393,0.14988299
2021-05-31,-0.075236045,0.12743181,-0.21612178,-0.25656316,0.36444485,-0.20022276,0.021983773,0.1129587
2021-06-01,-0.07942966,0.15314808,-0.2775538,-0.27280134,0.43406063,-0.23860493,0.036706593,0.1447312
2021-06-02,-0.149183,0.15692398,-0.22002515,-0.28654194,0.4604613,-0.2939043,-0.046537876,0.16512103
2021-06-03,-0.1282176,0.15990473,-0.18632978,-0.23482504,0.38631156,-0.19092701,0.012216054,0.146241
2021-06-04,-0.09676756,0.14055286,-0.1716139,-0.23222813,0.3393376,-0.1714843,0.018192545,0.11433056
2021-06-07,-0.10612838,0.14092812,-0.23795107,-0.28198606,0.42732596,-0.26132265,-0.0155646205,0.14046626
2021-06-08,-0.1416132,0.13746063,-0.21877219,-0.2943068,0.45656252,-0.30831578,-0.03852033,0.1563162
2021-06-09,-0.11513662,0.16102314,-0.21394975,-0.25942272,0.40672767,-0.22435784,-0.0049624294,0.1479516
2021-06-10,-0.065496564,0.11774868,-0.1674048,-0.23769313,0.30507648,-0.16464637,0.030903764,0.090241
2021-06-11,-0.12460685,0.16507404,-0.25156125,-0.27918035,0.45746377,-0.26305804,-0.014081314,0.1667779
2021-06-15,-0.14137441,0.19171521,-0.31052172,-0.29539388,0.53346914,-0.30133426,-0.025015533,0.19850725
2021-06-16,-0.17380376,0.1743199,-0.25625828,-0.30503163,0.52523434,-0.33579132,-0.06397551,0.19811952
2021-06-17,-0.07721398,0.10831103,-0.17186072,-0.24807036,0.32460463,-0.18750493,0.023849193,0.09762743
2021-06-18,-0.054483153,0.104702264,-0.20568557,-0.25448394,0.33301896,-0.18904579,0.03572814,0.08969283
2021-06-21,-0.08552617,0.10265624,-0.16630967,-0.250901,0.330192,-0.20097053,0.006809689,0.091998264
2021-06-22,-0.10188278,0.15993214,-0.2233384,-0.26133093,0.40196565,-0.22031641,0.001539737,0.14327759
2021-06-23,-0.065784894,0.1446251,-0.23584944,-0.25187424,0.36896524,-0.18284354,0.035974283,0.121676385
2021-06-24,-0.12014333,0.1652846,-0.26812673,-0.28965756,0.47205505,-0.28023908,-0.020529263,0.16743416
2021-06-25,-0.051548712,0.1217418,-0.23343313,-0.24211818,0.35225502,-0.17360082,0.06905733,0.1011405
2021-06-28,-0.1099691,0.14128728,-0.2067787,-0.2706886,0.3984055,-0.24022973,-0.019955374,0.13468017
2021-06-29,-0.14842024,0.16056755,-0.2397385,-0.2927139,0.47928616,-0.3028148,-0.04348144,0.17365314
2021-06-30,-0.09421674,0.13916278,-0.20805712,-0.25167003,0.3796591,-0.21085152,0.022936873,0.12436117
2021-07-01,-0.16667058,0.17943464,-0.2609197,-0.27446175,0.50860906,-0.28244093,-0.029221699,0.19058064
2021-07-02,-0.13796334,0.15754932,-0.24534312,-0.28739783,0.4704063,-0.28792867,-0.02862107,0.16844134
2021-07-05,-0.08759018,0.112628475,-0.18615642,-0.26983485,0.35575446,-0.22599936,-0.005492732,0.110430315
2021-07-06,-0.13433541,0.14796841,-0.20705989,-0.2927907,0.43699998,-0.29768112,-0.055972382,0.149291
2021-07-07,-0.041745637,0.109604895,-0.17394532,-0.23234648,0.27980497,-0.13414344,0.048476603,0.07923493
2021-07-08,-0.12441635,0.13780183,-0.20649439,-0.272026,0.41660935,-0.25753605,-0.015968546,0.1417288
2021-07-09,-0.043766357,0.14382762,-0.26984245,-0.25686306,0.37692738,-0.17859319,0.055783607,0.12051825
2021-07-12,-0.07874224,0.12134932,-0.1493124,-0.24285671,0.3010799,-0.16842921,0.0017587468,0.09668514
2021-07-13,-0.062779225,0.11564422,-0.20088781,-0.25949278,0.33745033,-0.19433719,0.015662923,0.09885199
2021-07-14,-0.13308679,0.1656569,-0.25293416,-0.26431298,0.46350262,-0.24944589,0.008312225,0.16973917
2021-07-15,-0.06863668,0.13107407,-0.27029464,-0.2733954,0.41538006,-0.23399016,0.044107918,0.12928608
2021-07-16,-0.11791247,0.1238454,-0.13739742,-0.23802763,0.33569247,-0.19650851,0.0004924163,0.11273223
2021-07-19,-0.11158844,0.12347624,-0.19527543,-0.26566574,0.3923075,-0.24452868,0.0035145134,0.1275167
2021-07-20,-0.0714735,0.12777404,-0.22305432,-0.25928137,0.3706706,-0.20930609,0.031761423,0.11376391
2021-07-21,-0.06282253,0.1093235,-0.18535791,-0.24383277,0.3200495,-0.17428114,0.040200867,0.09280625
2021-07-22,-0.084743194,0.1359801,-0.2225304,-0.2599865,0.38149375,-0.21017954,0.0163339,0.12423846
2021-07-23,-0.13565958,0.13913675,-0.22084658,-0.2905954,0.4448776,-0.2862813,-0.04590042,0.15363552
2021-07-26,-0.18397294,0.18056734,-0.2863602,-0.34393695,0.57575285,-0.3996996,-0.113536656,0.21619141
2021-07-27,-0.22425853,0.16255865,-0.13857853,-0.2425017,0.44484934,-0.24549118,-0.051064134,0.19272046
2021-07-28,-0.13671415,0.19009122,-0.27160338,-0.29932985,0.4907467,-0.2900072,-0.066394374,0.1843996
2021-07-29,-0.08183062,0.15031701,-0.25099552,-0.2569444,0.40220898,-0.20324452,0.033248328,0.13661177
2021-07-30,-0.07552442,0.1399291,-0.21010637,-0.27229977,0.3632341,-0.21428776,-0.0051408857,0.12400851
2021-08-02,-0.030366948,0.12860131,-0.21548344,-0.23913354,0.30782378,-0.14005816,0.06062431,0.092502564
2021-08-03,-0.1416867,0.17465334,-0.23553006,-0.27351648,0.45848778,-0.25771886,-0.017314844,0.18033884
2021-08-04,-0.04967375,0.09166713,-0.15331993,-0.22933468,0.27192187,-0.14409518,0.04784928,0.06661561
2021-08-05,-0.11881208,0.14640218,-0.19683708,-0.2550661,0.395915,-0.22626564,-0.0028995946,0.13665882
2021-08-06,-0.094118945,0.13456935,-0.22103354,-0.27625024,0.40035293,-0.25159362,-0.0073880553,0.12495887
2021-08-09,-0.062186755,0.14267682,-0.23761073,-0.24653575,0.36573547,-0.1756967,0.050095268,0.119194984
2021-08-10,-0.09606085,0.12360546,-0.173128,-0.25043872,0.34656784,-0.20079322,0.0028078482,0.11085302
2021-08-11,-0.08110132,0.13230428,-0.19502589,-0.24668244,0.349387,-0.18659648,0.029447902,0.1157894
2021-08-12,-0.09235254,0.11853884,-0.18593103,-0.24465984,0.35154855,-0.19241911,0.018992059,0.107855916
2021-08-13,-0.105520815,0.14206722,-0.2128809,-0.2793271,0.40220523,-0.25141436,-0.032412082,0.13273734
2021-08-16,-0.14425813,0.17222562,-0.22972521,-0.27240276,0.4546122,-0.2571985,-0.028410546,0.1744502
2021-08-17,-0.2351936,0.1944749,-0.20048274,-0.2992742,0.5351742,-0.34575388,-0.116585344,0.22731294
2021-08-18,-0.10388384,0.13972263,-0.19429107,-0.25306895,0.3763341,-0.21472186,-0.0010204464,0.12223826
2021-08-19,-0.08289567,0.14315964,-0.2501255,-0.25142974,0.40506738,-0.2066988,0.055795565,0.13423619
2021-08-20,-0.10498137,0.14401521,-0.25170258,-0.30810192,0.4479557,-0.3004936,-0.048845246,0.14612603
2021-08-23,-0.06294564,0.099879,-0.14087334,-0.23264015,0.27329752,-0.14793536,0.022406757,0.07443601
2021-08-24,-0.080174774,0.1372075,-0.19759168,-0.24574527,0.34679696,-0.177256,0.014689185,0.1140566
2021-08-25,-0.053848974,0.14319512,-0.2611258,-0.2610667,0.3854907,-0.20028657,0.047554616,0.12088646
2021-08-26,-0.12692156,0.14787784,-0.21112013,-0.25724918,0.4137692,-0.22506195,-0.0018470436,0.15021029
2021-08-27,-0.055200286,0.12139249,-0.20667174,-0.25022927,0.3290353,-0.17084663,0.026917525,0.09776901
2021-08-30,-0.12375895,0.13201582,-0.14397027,-0.2531594,0.35190046,-0.21917155,-0.029060148,0.12073921
2021-08-31,-0.07617781,0.13332915,-0.28517962,-0.2879742,0.43956614,-0.2583066,0.013047472,0.13360035
2021-09-01,-0.13894369,0.17414051,-0.29189777,-0.2965829,0.5243288,-0.31977886,0.0053141415,0.19373107
2021-09-02,-0.034281813,0.09798694,-0.12601519,-0.21885365,0.22518456,-0.10742411,0.049467016,0.057929356
2021-09-03,-0.16798818,0.13954015,-0.23930377,-0.28936726,0.50342596,-0.32696003,-0.02909585,0.17043039
2021-09-06,-0.054599106,0.13633001,-0.24513753,-0.25748023,0.3699525,-0.19152077,0.05273213,0.11896925
2021-09-07,-0.0107384585,0.07894311,-0.13107383,-0.20997944,0.20033619,-0.08150247,0.07695294,0.038062714
2021-09-08,-0.08089129,0.12078984,-0.20679228,-0.2665855,0.36612898,-0.2188507,0.0074955076,0.11375287
2021-09-09,-0.06126643,0.124191225,-0.20290168,-0.26196063,0.3405928,-0.20017597,0.013782389,0.10186033
2021-09-10,-0.12122572,0.118617624,-0.1982098,-0.26286864,0.40466717,-0.2506094,0.00070462376,0.12562843
2021-09-13,-0.0713322,0.123938255,-0.23799811,-0.26008928,0.38455248,-0.21483478,0.040626287,0.11443856
2021-09-14,-0.18107577,0.1965586,-0.18074179,-0.25529987,0.4392431,-0.23322111,-0.064542755,0.1900987
2021-09-15,-0.08383162,0.1323581,-0.16450079,-0.23666283,0.3201613,-0.16629612,0.022186793,0.10913925
2021-09-16,-0.22652692,0.14728585,-0.18263201,-0.3049797,0.5196082,-0.37620962,-0.1046188,0.1918244
2021-09-17,-0.12882677,0.105948836,-0.23576933,-0.32439288,0.46546465,-0.34582075,-0.062369555,0.14384301
2021-09-22,-0.0038198624,0.06943437,-0.13961512,-0.19953871,0.20146316,-0.07497871,0.117267504,0.032690495
2021-09-23,-0.10626722,0.13532501,-0.20689486,-0.2584438,0.3921151,-0.22301915,0.0153514445,0.134787
2021-09-24,-0.17850223,0.19897267,-0.2660288,-0.29550552,0.53249115,-0.3147133,-0.062992305,0.21230483
2021-09-27,-0.2247281,0.2176556,-0.37996268,-0.3589702,0.7083602,-0.4553393,-0.10786672,0.2742417
2021-09-28,-0.10130562,0.13485242,-0.20538607,-0.2472874,0.3807394,-0.20280652,0.025925152,0.12775724
2021-09-29,-0.1929601,0.18387601,-0.3137104,-0.32125765,0.60825807,-0.39169428,-0.057898805,0.22236906
2021-09-30,-0.06719713,0.111873895,-0.20548001,-0.25033563,0.3471732,-0.19410874,0.04270594,0.099971846
2021-10-08,-0.14620408,0.17822464,-0.31513196,-0.31973618,0.5560827,-0.35281634,-0.041405067,0.20001766
2021-10-11,-0.112176225,0.14405818,-0.19872405,-0.26409355,0.3903721,-0.22738692,-0.014066078,0.13725275
2021-10-12,-0.21465975,0.20658952,-0.2801022,-0.33231658,0.6013377,-0.40331608,-0.114549786,0.23840867
2021-10-13,-0.06486563,0.12765782,-0.25227785,-0.26203245,0.39239857,-0.21793371,0.047572475,0.11538318
2021-10-14,-0.07815104,0.12461384,-0.17466117,-0.24014819,0.32278708,-0.1684744,0.022404268,0.103936926
2021-10-15,-0.08478017,0.14632924,-0.22455928,-0.25974116,0.38230678,-0.20541774,0.013155192,0.13031879
2021-10-18,-0.076563664,0.15130621,-0.22386883,-0.25573042,0.37059715,-0.19077888,0.019149825,0.12917434
2021-10-19,-0.07365585,0.12923884,-0.1906785,-0.24565819,0.33464527,-0.1752106,0.023863934,0.10852443
2021-10-20,-0.09254753,0.14389677,-0.17381352,-0.23904833,0.33855093,-0.17523476,0.013769925,0.11882226
2021-10-21,-0.13896635,0.15209585,-0.17971401,-0.27016503,0.40666577,-0.2550079,-0.038662583,0.15013647
2021-10-22,-0.15769863,0.15157333,-0.20532684,-0.2759969,0.45456475,-0.2867662,-0.03497172,0.16306268
2021-10-25,-0.066579334,0.11482513,-0.18000492,-0.24800995,0.3190616,-0.17757635,0.02156102,0.095110446
2021-10-26,-0.13027887,0.13197485,-0.17187685,-0.26923767,0.3893884,-0.24960375,-0.033735827,0.13479559
2021-10-27,-0.14496496,0.16160868,-0.25796744,-0.28760386,0.49389812,-0.30430183,-0.016006328,0.17548583
2021-10-28,-0.15347514,0.17660965,-0.2709929,-0.2959424,0.51517504,-0.31319213,-0.02829907,0.19483496
2021-10-29,-0.050433554,0.12616631,-0.22702228,-0.25537878,0.34560442,-0.18035172,0.036385152,0.10380545
2021-11-01,-0.08509194,0.12394951,-0.16187726,-0.23501527,0.31913453,-0.16759117,0.028831288,0.10566819
2021-11-02,-0.18281704,0.14536977,-0.16540092,-0.30241206,0.45430303,-0.3339178,-0.09739721,0.1702739
2021-11-03,-0.08191216,0.12501058,-0.1880579,-0.26579314,0.35061684,-0.2165905,-0.004560925,0.11043279
2021-11-04,-0.08325415,0.12246219,-0.17876953,-0.2536409,0.3392138,-0.19752614,0.010455735,0.10837792
2021-11-05,-0.15242007,0.15449658,-0.20449382,-0.2789115,0.44415927,-0.27441955,-0.047096148,0.16484463
2021-11-08,-0.08972891,0.12805197,-0.19131194,-0.24844664,0.35400903,-0.19271132,0.012718305,0.11325313
2021-11-09,-0.084829964,0.13738266,-0.23906489,-0.26071936,0.39772984,-0.21531439,0.029596798,0.13025849
2021-11-10,-0.09413068,0.14937472,-0.31313396,-0.30772325,0.49656448,-0.3121253,0.0045776665,0.15884404
2021-11-11,-0.06802713,0.11335749,-0.19042985,-0.24463484,0.33087334,-0.18016882,0.036774687,0.09673655
2021-11-12,-0.08503954,0.120787516,-0.21193108,-0.25715598,0.37234768,-0.21012148,0.022616826,0.11487366
2021-11-15,-0.13764946,0.16041371,-0.26944676,-0.29619277,0.49517664,-0.3050065,-0.028396279,0.17508131
2021-11-16,-0.15260404,0.15097901,-0.19257733,-0.27365786,0.43266112,-0.2678197,-0.04359898,0.15976019
2021-11-17,-0.08168161,0.13913451,-0.20155688,-0.25261918,0.35561275,-0.19164515,0.010881506,0.11765985
2021-11-18,-0.10884958,0.16149706,-0.22489296,-0.24849898,0.407372,-0.20801932,0.025812164,0.14862931
2021-11-19,-0.032690667,0.110305876,-0.2207059,-0.24641746,0.31857288,-0.15925053,0.060400352,0.08670701
2021-11-22,-0.076730356,0.12566096,-0.19062884,-0.24808368,0.33863667,-0.18121949,0.021059424,0.10890733
2021-11-23,-0.10248708,0.13235652,-0.17945279,-0.25083542,0.35920405,-0.2043549,0.003087841,0.12055197
2021-11-24,-0.10581038,0.124858506,-0.21463192,-0.26037312,0.39867043,-0.2293916,0.013655357,0.12778115
2021-11-25,-0.11345521,0.15240684,-0.22709143,-0.26720652,0.41938344,-0.23738396,-0.0028658956,0.14871533
2021-11-26,-0.11384924,0.12059523,-0.16867568,-0.26333898,0.36628482,-0.23079935,-0.019249044,0.12041871
2021-11-29,-0.07990077,0.11424135,-0.16243987,-0.25126377,0.31811845,-0.18652585,0.0038144812,0.099274084
2021-11-30,-0.12997557,0.13997103,-0.17436787,-0.2601838,0.39054933,-0.24029648,-0.015755236,0.13797918
2021-12-01,-0.0740142,0.13290514,-0.23809502,-0.26886123,0.3884262,-0.22284487,0.0153891,0.11951931
2021-12-02,-0.12565304,0.15021384,-0.25758156,-0.28231418,0.46852326,-0.27943018,-0.0009894222,0.16294006
2021-12-03,-0.05376672,0.12309663,-0.2157642,-0.2402361,0.33719987,-0.16694203,0.060879048,0.10011701
2021-12-06,-0.15605652,0.16349205,-0.19541551,-0.26033914,0.43320057,-0.24627018,-0.029244654,0.16678295
2021-12-07,-0.1475006,0.18289584,-0.29703295,-0.30562353,0.53759,-0.33130807,-0.02620361,0.19960077
2021-12-08,-0.049968474,0.11575636,-0.17218354,-0.24144986,0.2906068,-0.15185603,0.03075977,0.0869928
2021-12-09,-0.091343336,0.13834813,-0.20440212,-0.25228852,0.3698696,-0.19988787,0.018805698,0.12582888
2021-12-10,-0.10268607,0.13569576,-0.19451931,-0.25300843,0.37493637,-0.21175265,0.0107752085,0.12618537
2021-12-13,-0.10044273,0.14223072,-0.20411433,-0.2552337,0.37964755,-0.20680459,0.0109646395,0.13411005
2021-12-14,-0.117405005,0.14015362,-0.19105841,-0.25563753,0.38785052,-0.22233766,-0.002626419,0.13482402
2021-12-15,-0.11231056,0.12968323,-0.18791677,-0.2527681,0.37624773,-0.21084842,0.0007869452,0.12759978
2021-12-16,-0.07390239,0.11375813,-0.18164079,-0.24911836,0.32989934,-0.1877255,0.020146467,0.09731978
2021-12-17,-0.14277175,0.16225791,-0.25749165,-0.2891624,0.48817307,-0.2965912,-0.02399037,0.17645068
2021-12-20,-0.16582388,0.16976327,-0.26360768,-0.2920389,0.5207764,-0.31900713,-0.029914677,0.19246565
2021-12-21,-0.06327093,0.10401934,-0.20285533,-0.23977017,0.33564776,-0.17560074,0.05759949,0.091875136
2021-12-22,-0.098143704,0.13562477,-0.20357238,-0.2561506,0.3754265,-0.20598772,0.0040381476,0.12670547
2021-12-23,-0.08076207,0.13455686,-0.22885717,-0.26067764,0.38104174,-0.2046741,0.01752951,0.12436314
2021-12-24,-0.13564314,0.17066798,-0.27459377,-0.2916932,0.49833527,-0.29956615,-0.015484773,0.1809128
2021-12-27,-0.1236801,0.1318154,-0.17619412,-0.269539,0.38376334,-0.2410559,-0.036283046,0.13209708
2021-12-28,-0.097050056,0.14349595,-0.25156808,-0.2798913,0.43144256,-0.25917518,0.005072221,0.14082907
2021-12-29,-0.11882088,0.14396471,-0.23229408,-0.27929252,0.43469325,-0.2627137,-0.015494958,0.14929572
2021-12-30,-0.08612031,0.11459729,-0.15021205,-0.24780867,0.31293064,-0.18517993,-0.0011255816,0.09792805
2021-12-31,-0.09328213,0.11574611,-0.176823,-0.25063828,0.34803417,-0.20374116,0.01358296,0.10787609
2022-01-04,-0.109877154,0.16720742,-0.28910303,-0.27824417,0.476898,-0.26129058,0.01727727,0.16900644
2022-01-05,-0.16901632,0.20442712,-0.33273184,-0.32940137,0.5961408,-0.3700158,-0.06591971,0.23076779
2022-01-06,-0.07974569,0.13289735,-0.19789788,-0.24202332,0.34908354,-0.17983499,0.040110346,0.116013944
2022-01-07,-0.1536998,0.14429744,-0.19237433,-0.26221478,0.43148917,-0.25853541,-0.021556266,0.1543957
2022-01-10,-0.09602977,0.15488547,-0.22974874,-0.25956544,0.39881492,-0.21212655,0.006218657,0.13869968
2022-01-11,-0.15471348,0.16268092,-0.22695804,-0.2804384,0.46969578,-0.2854201,-0.0340702,0.1746062
2022-01-12,-0.078848064,0.11573658,-0.21070896,-0.25901467,0.36650515,-0.21241048,0.026750091,0.109828085
2022-01-13,-0.16237341,0.18502381,-0.25579175,-0.29500133,0.5051987,-0.3028226,-0.058799118,0.19660293
2022-01-14,-0.124407,0.1411417,-0.17050435,-0.24891707,0.37201986,-0.20921935,-0.017558366,0.13082139
2022-01-17,-0.06913458,0.10466732,-0.1509906,-0.2264485,0.2888575,-0.14675081,0.04380162,0.08438483
2022-01-18,-0.11218442,0.14374368,-0.20032366,-0.2677462,0.3927482,-0.23155901,-0.018914878,0.13857377
2022-01-19,-0.14850408,0.14652073,-0.21138473,-0.29380894,0.45667708,-0.30898276,-0.051644623,0.15999117
2022-01-20,-0.14671293,0.16036063,-0.25032353,-0.28197506,0.48784596,-0.2990214,-0.011573911,0.17225581
2022-01-21,-0.14849958,0.17678806,-0.2795298,-0.29869345,0.5147272,-0.30833897,-0.04152213,0.19083528
2022-01-24,-0.094984196,0.13096662,-0.1814524,-0.24080443,0.34872967,-0.18291318,0.022773936,0.117699176
2022-01-25,-0.24201223,0.21004188,-0.28573012,-0.32183334,0.6284478,-0.3953833,-0.09952709,0.26177907
2022-01-26,-0.102249175,0.12756765,-0.20684999,-0.27497488,0.38943067,-0.23832738,-0.018892258,0.12825507
2022-01-27,-0.20407343,0.20218158,-0.30946854,-0.31732517,0.6090301,-0.37074825,-0.055280954,0.2485808
2022-01-28,-0.12782939,0.2191284,-0.29607257,-0.25754523,0.4892724,-0.21631771,0.03080865,0.21141735
2022-02-07,-0.11224215,0.1082619,-0.15774816,-0.24675998,0.35088417,-0.21141377,0.0095516145,0.10974367
2022-02-08,-0.04350479,0.098067805,-0.2652326,-0.28774685,0.39058506,-0.2515614,0.027598158,0.09287287
2022-02-09,-0.045067433,0.1278181,-0.19970329,-0.23719224,0.30991963,-0.14886132,0.04723257,0.091759965
2022-02-10,-0.10837879,0.13989367,-0.21286425,-0.27995193,0.40601027,-0.25338182,-0.020834446,0.1399501
2022-02-11,-0.16888137,0.16951203,-0.19794042,-0.27290282,0.4543859,-0.2726618,-0.044885904,0.18091923
2022-02-14,-0.15004629,0.12616074,-0.1765756,-0.2699017,0.41563886,-0.26747644,-0.035107605,0.1419627
2022-02-15,-0.089564346,0.12962659,-0.18321551,-0.26027256,0.3506273,-0.20765898,-0.009534895,0.11389746
2022-02-16,-0.12737045,0.16506043,-0.22955008,-0.26973334,0.43767837,-0.24884582,-0.014919385,0.16111225
2022-02-17,-0.104502164,0.16121355,-0.23172842,-0.2601746,0.40765548,-0.21038535,0.004724346,0.15154362
2022-02-18,-0.06421895,0.111905195,-0.15972255,-0.23489961,0.29636076,-0.16078076,0.03498988,0.08544345
2022-02-21,-0.09656669,0.14127637,-0.21546572,-0.25919858,0.3914839,-0.22453403,0.014217369,0.12827924
2022-02-22,-0.13095814,0.1816822,-0.27981272,-0.304358,0.49903578,-0.30654964,-0.045204967,0.18429624
2022-02-23,-0.056436732,0.09810169,-0.14355503,-0.22849998,0.26898047,-0.14173491,0.04049718,0.07250458
2022-02-24,-0.20964003,0.16067758,-0.17890932,-0.3022205,0.48974186,-0.33941233,-0.11697322,0.1917686
2022-02-25,-0.13993987,0.11177974,-0.14280507,-0.2581319,0.3686938,-0.23881727,-0.03642971,0.119668946
2022-02-28,-0.07837311,0.14441553,-0.2582032,-0.27120903,0.4090826,-0.2230447,0.01363875,0.13285789
2022-03-01,-0.1005502,0.1342048,-0.22692285,-0.2844037,0.41522247,-0.26576337,-0.007413253,0.13664152
2022-03-02,-0.08685897,0.14758673,-0.23966119,-0.2661499,0.40273452,-0.2242848,0.014918447,0.1342785
2022-03-03,-0.131453,0.16850005,-0.26505643,-0.2901316,0.4808324,-0.28564277,-0.028298683,0.17406696
2022-03-04,-0.13566016,0.14325514,-0.17518085,-0.2694018,0.3914638,-0.23726088,-0.056068584,0.14199327
2022-03-07,-0.21173035,0.22269896,-0.30590814,-0.31531376,0.61295843,-0.37239262,-0.087489605,0.24695219
2022-03-08,-0.2516873,0.1955117,-0.3638184,-0.3336928,0.71705925,-0.44689167,-0.075883284,0.26852715
2022-03-09,-0.25080225,0.21508896,-0.24438031,-0.40239844,0.6442444,-0.5484256,-0.22950394,0.2550114
2022-03-10,-0.10836817,0.13882443,-0.16716886,-0.25893858,0.3550033,-0.20876856,-0.01612752,0.130862
2022-03-11,0.04866363,0.05552246,-0.28231174,-0.2838492,0.3033084,-0.19045179,0.08227468,0.033838116
2022-03-14,-0.19649093,0.14400598,-0.17534849,-0.27519295,0.46892515,-0.30903018,-0.059585363,0.17086892
2022-03-15,-0.31991392,0.27944487,-0.28641516,-0.32530713,0.70077413,-0.41355154,-0.2014787,0.32038504
2022-03-16,0.08751077,0.103908956,-0.51142186,-0.2621306,0.4723253,-0.18983911,0.25306058,0.07562348
2022-03-17,-0.12424362,0.1466157,-0.10592332,-0.20677957,0.30104423,-0.1409993,0.012594901,0.11558521
2022-03-18,-0.032784197,0.07934887,-0.20458421,-0.25081187,0.3062546,-0.17094833,0.060368326,0.07068232
2022-03-21,-0.105226055,0.12889495,-0.20680436,-0.2984862,0.40131247,-0.27470422,-0.05546175,0.132417
2022-03-22,-0.11019543,0.1541959,-0.21720892,-0.24605739,0.4007155,-0.20596266,0.023241583,0.14179336
2022-03-23,-0.09521159,0.13694695,-0.20649405,-0.2586323,0.37623957,-0.20923293,0.0015985668,0.12571426
2022-03-24,-0.10245674,0.15059686,-0.25829196,-0.27697256,0.43945175,-0.24901634,0.008844957,0.15311222
2022-03-25,-0.17323415,0.15153915,-0.19029915,-0.2897622,0.45624167,-0.30023357,-0.078072324,0.17144822
2022-03-28,-0.076475024,0.15058425,-0.18762262,-0.24070877,0.3265992,-0.150341,0.0063508525,0.11902544
2022-03-29,-0.13894139,0.13916671,-0.23538393,-0.27469745,0.45897424,-0.27372926,-0.001791425,0.15969485
2022-03-30,-0.024947437,0.08746757,-0.18583542,-0.22349107,0.2752048,-0.13040558,0.09040428,0.059921507
2022-03-31,-0.13853416,0.14888507,-0.22231363,-0.28648373,0.44993407,-0.2858078,-0.04071319,0.15772498
2022-04-01,-0.047486715,0.094545625,-0.15219203,-0.23804036,0.26759818,-0.14497367,0.029478773,0.070294574
2022-04-06,-0.10269064,0.18615967,-0.3066352,-0.2746149,0.48497632,-0.2520081,0.032050937,0.1789182
2022-04-07,-0.1804184,0.16042268,-0.26539892,-0.3206373,0.54563415,-0.3647571,-0.070982605,0.20344844
2022-04-08,-0.09100095,0.1797685,-0.31107074,-0.27113253,0.4731425,-0.23733553,0.041839376,0.17089717
2022-04-11,-0.22419345,0.22818929,-0.34003696,-0.31190568,0.6583314,-0.38187218,-0.051585957,0.27019718
2022-04-12,0.0053888243,0.098091945,-0.3079324,-0.25386125,0.36493686,-0.17782779,0.1215513,0.07634343
2022-04-13,-0.11985691,0.17727521,-0.2790342,-0.26105687,0.46666953,-0.22625369,0.015997678,0.17447707
2022-04-14,-0.05708547,0.09902771,-0.2205752,-0.23990825,0.34229317,-0.16930546,0.064881146,0.09090325
2022-04-15,-0.13042663,0.13335389,-0.23133391,-0.26165792,0.43709844,-0.2423025,-0.001975,0.14415024
2022-04-18,-0.05996362,0.11526857,-0.19570683,-0.2395764,0.31879246,-0.15408948,0.030495409,0.09292647
2022-04-19,-0.108276755,0.14185809,-0.19322516,-0.26797557,0.38628474,-0.2382035,-0.010431498,0.13414496
2022-04-20,-0.23362423,0.22512111,-0.24200343,-0.2982431,0.57316685,-0.34978536,-0.09697586,0.24847277
2022-04-21,-0.28344622,0.19730932,-0.22905298,-0.3097902,0.6235914,-0.41547903,-0.12050952,0.2540834
2022-04-22,-0.08895758,0.1470648,-0.29654238,-0.26436785,0.45344615,-0.22811013,0.040794764,0.14528593
2022-04-25,-0.31871155,0.27424568,-0.2769117,-0.32552,0.70444393,-0.43936425,-0.16085649,0.3225157
2022-04-26,-0.25064746,0.24826494,-0.16506949,-0.24676841,0.49360815,-0.24614695,-0.105606735,0.24425289
2022-04-27,0.107952185,0.10730542,-0.37555167,-0.20481008,0.29940423,-0.047975596,0.26409873,0.043251663
2022-04-28,-0.08838581,0.12302385,-0.19090225,-0.30569375,0.36685523,-0.2628391,-0.079000786,0.1187747
2022-04-29,0.064735435,0.0629513,-0.19152103,-0.1712662,0.16717371,-0.010154981,0.20484729,-0.0061979173
2022-05-05,-0.08390642,0.12090902,-0.1309023,-0.20587036,0.27734685,-0.115789026,0.048841566,0.09275821
2022-05-06,-0.1302278,0.12514344,-0.16715984,-0.25806418,0.37825668,-0.22867069,-0.028563797,0.12700202
2022-05-09,-0.081145115,0.089750364,-0.121824436,-0.2428861,0.28508067,-0.18614016,0.011618614,0.0773098
2022-05-10,-0.0026444811,0.084047966,-0.10456887,-0.18541911,0.15514672,-0.030451003,0.073727965,0.018299127
2022-05-11,-0.11910491,0.082833156,-0.028707054,-0.16142249,0.20499215,-0.06270622,0.049263682,0.061845485
2022-05-12,-0.10876347,0.12013252,-0.15018636,-0.26830798,0.35203233,-0.2454401,-0.021414347,0.11377126
2022-05-13,-0.07316446,0.11561096,-0.22633193,-0.26344663,0.37855142,-0.22218913,0.038857505,0.11247662
2022-05-16,-0.15266307,0.17409143,-0.27942947,-0.29457545,0.52121013,-0.31405288,-0.025225908,0.19147664
2022-05-17,-0.07286865,0.15570182,-0.2616483,-0.2626168,0.40717345,-0.21153799,0.042686936,0.14027469
2022-05-18,-0.110185154,0.13835967,-0.24416254,-0.26764116,0.43103072,-0.23985511,0.01552625,0.1468347
2022-05-19,-0.011488346,0.11871186,-0.20487036,-0.23327628,0.28104645,-0.13061868,0.08443019,0.0758141
2022-05-20,-0.05710663,0.113014944,-0.20380564,-0.23846334,0.33513582,-0.17880152,0.07709241,0.09650165
2022-05-23,-0.07700641,0.14332646,-0.27809134,-0.276868,0.4324907,-0.24368829,0.03258595,0.13886814
2022-05-24,-0.27020898,0.18322192,-0.23012994,-0.32179594,0.60748416,-0.41042277,-0.14121945,0.24571365
2022-05-25,-0.04947573,0.105234325,-0.18312204,-0.23558232,0.30232975,-0.15714948,0.057868116,0.082311526
2022-05-26,-0.042593203,0.16352272,-0.22290152,-0.21871176,0.31877106,-0.11141808,0.061884403,0.10629901
2022-05-27,-0.15705144,0.15615863,-0.17840455,-0.2782249,0.4278842,-0.27785084,-0.056588814,0.16188742
2022-05-30,-0.08714855,0.16603234,-0.25194633,-0.270201,0.41354898,-0.22466448,0.0014435798,0.14425954
2022-05-31,-0.0019810814,0.13815463,-0.22543627,-0.22871867,0.28318387,-0.10703306,0.08487362,0.0829249
2022-06-01,-0.120723605,0.14491935,-0.1968107,-0.27785,0.40793043,-0.2649752,-0.028751478,0.14071941
2022-06-02,-0.032480292,0.1145654,-0.2140829,-0.24056855,0.310725,-0.15071456,0.058092013,0.08277698
2022-06-06,-0.024326105,0.106636465,-0.1280046,-0.2062659,0.2108629,-0.078378335,0.068075106,0.05722317
2022-06-07,-0.10074441,0.15762003,-0.23799776,-0.2766652,0.41889548,-0.24217442,-0.0048216656,0.15092306
2022-06-08,-0.0847862,0.09127994,-0.21534196,-0.2978081,0.39152554,-0.28194162,-0.02708152,0.10189602
2022-06-09,-0.15557227,0.17828056,-0.25858876,-0.31906018,0.5139078,-0.34576055,-0.0735316,0.19484735
2022-06-10,0.009219198,0.077323586,-0.14950366,-0.21518639,0.19780248,-0.0807856,0.083601125,0.030083181
2022-06-13,-0.104593806,0.13975002,-0.21078245,-0.27353424,0.40186638,-0.24995247,-0.0017235205,0.13712811
2022-06-14,-0.011596875,0.10142173,-0.32282227,-0.31558776,0.42262444,-0.29210374,0.028818436,0.08816171
2022-06-15,-0.10727376,0.14240457,-0.18159613,-0.20211703,0.34971812,-0.1362935,0.07700907,0.12458162
2022-06-16,-0.14665559,0.14262092,-0.13416533,-0.2473765,0.36452287,-0.21714407,-0.025916122,0.1416061
2022-06-17,-0.0489225,0.075490095,-0.20557484,-0.2548742,0.33589083,-0.21353403,0.061500214,0.06897105
2022-06-20,-0.09313865,0.15206163,-0.23040359,-0.2649938,0.39536738,-0.21071914,0.0037978217,0.14252047
2022-06-21,-0.15689401,0.17530823,-0.2195974,-0.28250414,0.47102985,-0.29621336,-0.035588637,0.18028294
2022-06-22,-0.1920087,0.17217821,-0.2177135,-0.26875457,0.49431586,-0.28503552,-0.052055717,0.18872863
2022-06-23,0.022121934,0.09767657,-0.24202055,-0.23101532,0.27665582,-0.11312309,0.1252588,0.05852452
2022-06-24,-0.06627538,0.10561905,-0.17286034,-0.25301403,0.31207758,-0.1818343,0.0054029673,0.0877348
2022-06-27,-0.10454459,0.13125584,-0.16596743,-0.2592458,0.348381,-0.20630087,-0.02182027,0.12207846
2022-06-28,-0.007448622,0.11512795,-0.2338928,-0.2526175,0.30712244,-0.15596184,0.0672376,0.0799315
2022-06-29,-0.17699333,0.16572356,-0.2428285,-0.30048507,0.5102646,-0.32002938,-0.068552315,0.195109
2022-06-30,-0.08925423,0.10018387,-0.11679593,-0.2241416,0.27835685,-0.1500131,0.027853202,0.08765896
2022-07-01,-0.115876175,0.13903037,-0.18606019,-0.26470482,0.38122198,-0.22564965,-0.02518639,0.1342858
2022-07-04,-0.056642935,0.11905086,-0.18599132,-0.23008516,0.3084664,-0.14712854,0.052381672,0.0906291
2022-07-05,-0.13844809,0.1685587,-0.25121132,-0.30361602,0.4871376,-0.32298127,-0.046567634,0.17338575
2022-07-06,-0.17684506,0.17278534,-0.24428318,-0.3030467,0.52081203,-0.34227479,-0.062165067,0.19438593
2022-07-07,-0.08918068,0.14785355,-0.18249863,-0.23538202,0.34095693,-0.16771919,0.019936122,0.118876174
2022-07-08,-0.15013295,0.1663644,-0.23852819,-0.2881797,0.4775622,-0.29357892,-0.039132454,0.17791902
2022-07-11,-0.1353666,0.18269287,-0.30317357,-0.31810567,0.53313214,-0.34064883,-0.044277117,0.19386952
2022-07-12,-0.17647398,0.15303002,-0.21147467,-0.28435117,0.47971687,-0.3057846,-0.06236781,0.17206822
2022-07-13,-0.0987931,0.15387931,-0.21771638,-0.2545173,0.39099452,-0.2069407,0.018943012,0.14149909
2022-07-14,-0.09634566,0.12605868,-0.13010383,-0.22939104,0.2981126,-0.15701096,0.003573142,0.10136896
2022-07-15,-0.17449623,0.14578897,-0.16527626,-0.2705793,0.4271865,-0.26852268,-0.069552705,0.15964368
2022-07-18,-0.026287938,0.11106657,-0.1588596,-0.2066069,0.24161157,-0.08518611,0.08655189,0.06815678
2022-07-19,-0.08136079,0.122355334,-0.21555641,-0.28094554,0.37705773,-0.23591322,-0.015886791,0.11758165
2022-07-20,-0.0847178,0.11764249,-0.16797668,-0.2549893,0.3311469,-0.19944745,-0.0004279241,0.10291532
2022-07-21,-0.13108401,0.151824,-0.24223295,-0.2723039,0.45215863,-0.25547662,-0.00860396,0.1615719
2022-07-22,-0.16217606,0.17001107,-0.24315995,-0.3205107,0.509951,-0.35947442,-0.08649877,0.18503429
2022-07-25,-0.15364856,0.15334249,-0.23260188,-0.3051058,0.48184684,-0.32279623,-0.065307274,0.17307006
2022-07-26,-0.06315117,0.12667246,-0.15804508,-0.23428002,0.28979892,-0.148401,0.018337503,0.08944462
2022-07-27,-0.07743991,0.12450798,-0.21182895,-0.25555578,0.359426,-0.1930245,0.016217954,0.112721056
2022-07-28,-0.1229759,0.14688653,-0.18080013,-0.26204515,0.3809128,-0.21947727,-0.03780514,0.13827421
2022-07-29,-0.15812938,0.14837322,-0.25021607,-0.29666197,0.50037056,-0.318215,-0.03652718,0.17825453
2022-08-01,-0.06058733,0.13764979,-0.20717841,-0.24092603,0.33214518,-0.15564859,0.03695187,0.11012146
2022-08-02,-0.12742044,0.19062504,-0.41753843,-0.33250707,0.63340586,-0.37511414,-0.004962042,0.21695076
2022-08-03,-0.19280346,0.114671856,-0.12608215,-0.23610675,0.40417054,-0.24182752,-0.017133757,0.14429018
2022-08-04,-0.12109457,0.14672402,-0.2569012,-0.3098691,0.46780807,-0.30693626,-0.054200783,0.1601111
2022-08-05,0.013150508,0.08617648,-0.24522401,-0.26744932,0.30087274,-0.1725684,0.06954941,0.06086007
2022-08-08,-0.07130321,0.12642297,-0.19402984,-0.2553384,0.34138793,-0.19542696,0.018665627,0.10691881
2022-08-09,-0.08925642,0.15370676,-0.24249381,-0.2730787,0.40983006,-0.23411772,0.00017180294,0.13866884
2022-08-10,-0.13075654,0.14143825,-0.19852759,-0.26983425,0.41601956,-0.25653195,-0.01600518,0.14679669
2022-08-11,-0.026545286,0.12716743,-0.20835705,-0.23095015,0.29713827,-0.1297082,0.07801464,0.08904505
2022-08-12,-0.120159835,0.14085233,-0.20429616,-0.27022713,0.40532097,-0.24162078,-0.024064854,0.14088748
2022-08-15,-0.098692246,0.118905716,-0.18115683,-0.24304006,0.35564888,-0.19668497,0.028038159,0.113738805
2022-08-16,-0.109577395,0.12847814,-0.1897313,-0.26892486,0.37987325,-0.23197094,-0.023984797,0.12677509
2022-08-17,-0.06109666,0.15242532,-0.25739387,-0.2584804,0.38589087,-0.19130537,0.03904623,0.12924294
2022-08-18,-0.11459343,0.15835191,-0.25839815,-0.2798957,0.45539796,-0.26494598,-0.0008984357,0.16021289
2022-08-19,-0.15834065,0.16699713,-0.2416201,-0.27855393,0.48734412,-0.28815335,-0.018643424,0.18389308
2022-08-22,-0.042667344,0.11476891,-0.16983409,-0.23560366,0.27830836,-0.13900006,0.03321509,0.077980295
2022-08-23,-0.10610403,0.15720819,-0.2536302,-0.27348843,0.43917915,-0.24848148,0.0059515536,0.15306003
2022-08-24,-0.23999096,0.20669004,-0.3330015,-0.34148908,0.6817664,-0.44536382,-0.0905164,0.2683817
2022-08-25,-0.0933287,0.15891708,-0.22793189,-0.27789634,0.40906647,-0.25247774,0.0006668195,0.14356205
2022-08-26,-0.15066348,0.121743456,-0.14255905,-0.2617389,0.3798899,-0.2446234,-0.046819046,0.1329811
2022-08-29,-0.053392105,0.075673625,-0.116589874,-0.22470689,0.24070275,-0.13414223,0.048984572,0.059253242
2022-08-30,-0.10686439,0.14158699,-0.26091442,-0.2965961,0.45597187,-0.2900355,-0.014758334,0.15044579
2022-08-31,-0.18415816,0.19453472,-0.32959157,-0.29750746,0.6009276,-0.34331247,-0.018106215,0.22633429
2022-09-01,-0.15218028,0.12757665,-0.15756826,-0.25593585,0.39585942,-0.2429935,-0.017522544,0.14361867
2022-09-02,-0.10636354,0.13428083,-0.16302781,-0.25689423,0.35245657,-0.21595079,-0.012660958,0.1209815
2022-09-05,-0.09436912,0.1265041,-0.1889943,-0.26118478,0.36514732,-0.22221074,6.3546e-05,0.115559295
2022-09-06,-0.037626572,0.11874437,-0.16350366,-0.22202873,0.26497248,-0.118100524,0.063475475,0.07919179
2022-09-07,-0.094566725,0.12795319,-0.18096034,-0.25494754,0.35334542,-0.20673221,-0.0029911026,0.11296889
2022-09-08,-0.12899245,0.15915622,-0.24818027,-0.277165,0.45883203,-0.26549563,-0.014582045,0.16315019
2022-09-09,-0.07155251,0.13993996,-0.20471306,-0.24876595,0.34488916,-0.17501573,0.024003737,0.11749743
2022-09-13,-0.1389917,0.16607666,-0.23136269,-0.27538025,0.45377347,-0.26371288,-0.018477485,0.17220992
2022-09-14,-0.09396367,0.11214515,-0.19328502,-0.27113873,0.36765972,-0.23046598,-0.014238924,0.11204524
2022-09-15,-0.23961078,0.21349236,-0.2967459,-0.35177988,0.65476614,-0.45925885,-0.12794077,0.2613906
2022-09-16,-0.23905273,0.19295248,-0.20161624,-0.28781244,0.5386768,-0.3380777,-0.09589122,0.22608905
2022-09-19,-0.13355511,0.17281932,-0.26092875,-0.30174708,0.48657086,-0.3062422,-0.033567183,0.18374611
2022-09-20,-0.11868788,0.11944288,-0.14397621,-0.25643334,0.34350097,-0.21292782,-0.03132163,0.11652896
2022-09-21,-0.040585354,0.12964346,-0.2594287,-0.2513305,0.3610152,-0.1690455,0.053709704,0.104962066
2022-09-22,-0.10827211,0.10425119,-0.13656606,-0.2515801,0.32693145,-0.20737767,-0.013540693,0.10232349
2022-09-23,-0.14611071,0.14966878,-0.29808873,-0.2874253,0.5383737,-0.33166564,0.025858607,0.1763639
2022-09-26,-0.17539293,0.1621984,-0.15182225,-0.2473529,0.40489373,-0.22208348,-0.053691253,0.16437441
2022-09-27,-0.01641944,0.08881198,-0.21639138,-0.25127766,0.3068033,-0.17861418,0.07680178,0.06461851
2022-09-28,-0.17921579,0.1816833,-0.31209585,-0.31902388,0.58433366,-0.36217108,-0.05617693,0.22049774
2022-09-29,-0.16440631,0.13768527,-0.15685466,-0.26489583,0.4168651,-0.2760569,-0.036968626,0.1483046
2022-09-30,-0.16143546,0.16572115,-0.24621649,-0.27507624,0.48975167,-0.27674738,-0.014776699,0.18869728
2022-10-10,-0.21267048,0.15591402,-0.17249975,-0.26930994,0.48031002,-0.30098432,-0.05291319,0.19164307
2022-10-11,-0.07643432,0.14147575,-0.20564461,-0.25049135,0.35034877,-0.17609172,0.0259123,0.1260473
2022-10-12,0.087612905,0.0657664,-0.39156917,-0.31521574,0.3706678,-0.22389585,0.11020157,0.049509007
2022-10-13,-0.09153019,0.11729435,-0.15805224,-0.22794348,0.32230407,-0.1682124,0.038934853,0.101604566
2022-10-14,-0.039689936,0.10344914,-0.15341482,-0.21355641,0.25130337,-0.102469504,0.05671869,0.06448771
2022-10-17,-0.052920498,0.113040134,-0.20777436,-0.24197102,0.32829082,-0.16764681,0.052418757,0.091919914
2022-10-18,-0.111587234,0.17973608,-0.2382326,-0.2571904,0.4250188,-0.22010288,0.008790255,0.16053766
2022-10-19,-0.14497514,0.15925837,-0.20436534,-0.2780696,0.43389806,-0.26298192,-0.048015505,0.16417302
2022-10-20,-0.11306025,0.19485843,-0.25653574,-0.23064211,0.43182388,-0.17948242,0.047648437,0.16793606
2022-10-21,-0.11601108,0.17369038,-0.23246591,-0.2644467,0.4253408,-0.22978562,-0.003903836,0.16151208
2022-10-24,-0.18311371,0.15699984,-0.16011141,-0.2861346,0.443264,-0.3052533,-0.07648267,0.17532755
2022-10-25,-0.10592236,0.17743316,-0.29025003,-0.26039013,0.4731254,-0.2424314,0.051142264,0.16906482
2022-10-26,-0.072988965,0.10105163,-0.06284844,-0.20814016,0.2033492,-0.10240309,0.003895782,0.05927211
2022-10-27,-0.13222392,0.1409226,-0.22801194,-0.27499673,0.43861485,-0.2544445,-0.026761554,0.15269266
2022-10-28,-0.24881066,0.22036144,-0.26698035,-0.3047161,0.61255056,-0.37006938,-0.09487347,0.26169947
2022-10-31,-0.092293106,0.1504024,-0.15046254,-0.23047921,0.31163964,-0.14924379,0.013232507,0.12146357
2022-11-01,0.007726254,0.08834362,-0.20933734,-0.27134147,0.2710642,-0.16991264,0.0150939375,0.047190793
2022-11-02,-0.075399786,0.12637122,-0.18323667,-0.22495571,0.32388154,-0.14927657,0.05271878,0.10322887
2022-11-03,-0.08337694,0.109798774,-0.17702568,-0.2596926,0.34004235,-0.21057531,0.0030960068,0.1006635
2022-11-04,-0.0094863335,0.08627568,-0.105713084,-0.18007857,0.16784629,-0.037418764,0.10756529,0.030466413
2022-11-07,-0.109264515,0.16582169,-0.23575534,-0.2746496,0.42489618,-0.24164408,-0.006349355,0.15964065
2022-11-08,-0.10103639,0.15674816,-0.24228147,-0.27584583,0.42365587,-0.24602434,-0.007554412,0.1461685
2022-11-09,-0.12738778,0.15269037,-0.22202793,-0.2824322,0.43186247,-0.26205948,-0.047625735,0.15184127
2022-11-10,-0.09430097,0.14914303,-0.24707715,-0.28110072,0.41978994,-0.24326828,-0.0058217198,0.14641069
2022-11-11,-0.17067726,0.21141317,-0.3407097,-0.2917389,0.5863502,-0.30352518,-0.020216376,0.23382668
2022-11-14,-0.14923902,0.14201856,-0.16129962,-0.2711873,0.40224487,-0.2631696,-0.04322727,0.14945085
2022-11-15,-0.035769396,0.107485265,-0.1470929,-0.22187921,0.24488017,-0.110642195,0.0453767,0.06596737
2022-11-16,-0.1377285,0.1457325,-0.21017471,-0.2800257,0.43377468,-0.27005887,-0.041993737,0.15242076
2022-11-17,-0.07400297,0.14500302,-0.26052758,-0.2809898,0.4130172,-0.2410307,0.0086662695,0.13284267
2022-11-18,-0.12813379,0.13983127,-0.20712142,-0.2557563,0.41321245,-0.2309837,0.0024379492,0.14344007
2022-11-21,-0.06948098,0.13162495,-0.23739085,-0.25907275,0.37717134,-0.20025744,0.027586304,0.11663607
2022-11-22,-0.17103009,0.1846736,-0.22262828,-0.27677068,0.4823116,-0.28623107,-0.043646395,0.19104838
2022-11-23,-0.08799538,0.12403214,-0.23659502,-0.25077808,0.40090305,-0.21838981,0.06087479,0.123690605
2022-11-24,-0.110394195,0.1458328,-0.23427485,-0.28164166,0.42616245,-0.25517398,-0.017225638,0.14894907
2022-11-25,-0.10899213,0.1638415,-0.25007284,-0.2703929,0.43682635,-0.24352285,-0.007279761,0.15063602
2022-11-28,-0.06739644,0.15866569,-0.21669856,-0.2615664,0.35656336,-0.19145162,0.0031755269,0.12511997
2022-11-29,-0.051547214,0.11204378,-0.14954314,-0.2117042,0.2632403,-0.11254783,0.06408201,0.075330794
2022-11-30,-0.14373896,0.1584534,-0.201635,-0.26689586,0.43011162,-0.25534287,-0.02736611,0.15878707
2022-12-01,-0.14223719,0.16007432,-0.23954704,-0.28420272,0.4687895,-0.28455463,-0.030179024,0.17001688
2022-12-02,-0.12785408,0.12921351,-0.20590472,-0.2764996,0.42031336,-0.26548636,-0.022215046,0.14048073
2022-12-05,-0.10706648,0.14687458,-0.22632656,-0.26789832,0.41232556,-0.23744604,-0.0069947317,0.13861701
2022-12-06,-0.1271622,0.14971778,-0.18814969,-0.26932743,0.39364523,-0.23036614,-0.04413697,0.14668076
2022-12-07,-0.1272599,0.15028208,-0.19171739,-0.25237298,0.40191278,-0.23235911,-0.00036609918,0.1403608
2022-12-08,-0.111282185,0.16483301,-0.24292776,-0.27294388,0.43216428,-0.24188003,-0.011256032,0.15620917
2022-12-09,-0.074577466,0.14799184,-0.23988159,-0.26509565,0.388739,-0.21299899,0.02041094,0.12932526
2022-12-12,-0.10822694,0.16881947,-0.2599051,-0.26808354,0.4418821,-0.23304895,0.007060528,0.16142562
2022-12-13,-0.12066845,0.16648002,-0.26982555,-0.28342563,0.4695055,-0.2661718,-0.016125143,0.16827616
2022-12-14,-0.14710012,0.15896493,-0.21613815,-0.273014,0.44811788,-0.2668329,-0.029525384,0.16511944
2022-12-15,-0.09743562,0.13237369,-0.23664933,-0.27399972,0.41532943,-0.24786186,0.008488871,0.13339992
2022-12-16,-0.115947515,0.16317835,-0.24809334,-0.2878833,0.44677886,-0.26740658,-0.032007538,0.16014384
2022-12-19,-0.22151518,0.20885888,-0.2851449,-0.32287434,0.60867727,-0.39049235,-0.098576725,0.24597394
2022-12-20,-0.13813972,0.18064553,-0.24968457,-0.28927326,0.47409344,-0.2840565,-0.041351244,0.17979917
2022-12-21,-0.14313789,0.16282797,-0.23548047,-0.30521137,0.47141194,-0.3101682,-0.06940125,0.17289303
2022-12-22,-0.20805912,0.18395102,-0.21246456,-0.2888357,0.51420486,-0.32062757,-0.086692214,0.20679393
2022-12-23,-0.13266046,0.1446943,-0.1687262,-0.2559871,0.38388252,-0.22855112,-0.028148785,0.13655916
2022-12-26,-0.07379765,0.102144495,-0.13210417,-0.23591986,0.27815273,-0.15685496,0.013844892,0.0822417
2022-12-27,-0.079612516,0.15334435,-0.26399633,-0.26386833,0.41614395,-0.21909347,0.030915387,0.13779037
2022-12-28,-0.111077756,0.16089812,-0.22394605,-0.27240598,0.41441396,-0.23775521,-0.017828748,0.1515911
2022-12-29,-0.09724088,0.15666649,-0.20087098,-0.25556466,0.3711999,-0.19740227,-0.0024821833,0.1372993
2022-12-30,-0.12016129,0.14679119,-0.24055107,-0.27896425,0.4462105,-0.27002215,-0.0055903643,0.15268706
2023-01-03,-0.014325321,0.10985952,-0.18377079,-0.21910271,0.25405005,-0.098647505,0.07456816,0.06312787
2023-01-04,-0.113903694,0.15361986,-0.22655606,-0.28770512,0.4261498,-0.26594195,-0.0361799,0.15122496
2023-01-05,-0.07835682,0.11870311,-0.18007883,-0.24748683,0.33031225,-0.18004167,0.017056897,0.10443908
2023-01-06,-0.1092242,0.14597423,-0.18969038,-0.26531038,0.38048345,-0.22641969,-0.015495129,0.13704565
2023-01-09,-0.11025859,0.12354445,-0.18026483,-0.26647705,0.37361342,-0.23385274,-0.018429518,0.12238063
2023-01-10,-0.09192073,0.14023954,-0.22638607,-0.26404622,0.39486235,-0.22227237,0.010250859,0.1307071
2023-01-11,-0.14070532,0.1590212,-0.21523732,-0.27204958,0.43789694,-0.2567266,-0.03624828,0.1596271
2023-01-12,-0.11481323,0.124652095,-0.2237636,-0.27876726,0.42281622,-0.26272982,-0.009843886,0.13693349
2023-01-13,-0.0795611,0.13962252,-0.21933344,-0.27066022,0.37937656,-0.22614601,0.0066471323,0.12482278
2023-01-16,-0.10178365,0.112852976,-0.09408754,-0.2176151,0.2676902,-0.1411751,0.007858999,0.09037383
2023-01-17,-0.10708825,0.14518338,-0.23380242,-0.27970082,0.422082,-0.25202018,-0.015800156,0.14472751
2023-01-18,-0.093152426,0.12319859,-0.1850189,-0.24781007,0.35297528,-0.19620736,0.016962945,0.113022834
2023-01-19,-0.054967977,0.13427714,-0.21122909,-0.2431688,0.33297145,-0.16359025,0.042124357,0.10445614
2023-01-20,-0.09217731,0.11645503,-0.19347516,-0.25779632,0.36403695,-0.21490982,0.011637606,0.112184
2023-01-30,-0.15008874,0.15724424,-0.21990149,-0.27973297,0.45651808,-0.27695188,-0.035094574,0.17007197
2023-01-31,-0.10744281,0.12759939,-0.19517526,-0.25896063,0.38116515,-0.22224888,-0.0005742833,0.12493937
2023-02-01,-0.06426281,0.115811475,-0.20595384,-0.25311983,0.34783944,-0.20013711,0.047032088,0.10246986
2023-02-02,-0.11745391,0.15938061,-0.2101967,-0.26336423,0.40681306,-0.22977212,-0.012568302,0.1491143
2023-02-03,-0.08181811,0.15810362,-0.32259285,-0.30399165,0.48611662,-0.28809363,0.008595146,0.16020447
2023-02-06,-0.11833405,0.14914519,-0.25626078,-0.28543204,0.45982453,-0.27815038,-0.009313166,0.15688607
2023-02-07,-0.10556047,0.16415833,-0.2451835,-0.2850488,0.4356018,-0.2631198,-0.01721321,0.1554557
2023-02-08,-0.1478307,0.17176898,-0.23776288,-0.28337428,0.46951935,-0.27679715,-0.041127056,0.1787494
2023-02-09,-0.041957416,0.089246236,-0.16288947,-0.23064509,0.27193856,-0.14169696,0.04977782,0.062469535
2023-02-10,-0.12289103,0.14403555,-0.25580645,-0.30511898,0.46916914,-0.30692646,-0.04395245,0.15769482
2023-02-13,-0.08394692,0.10111027,-0.15454225,-0.24543244,0.31638607,-0.18969628,0.017958403,0.09198198
2023-02-14,-0.10535167,0.13576499,-0.22518359,-0.27890038,0.4147113,-0.25610498,-0.009888545,0.13730541
2023-02-15,-0.12041151,0.15792829,-0.23822224,-0.27669775,0.44111905,-0.25798443,-0.009703539,0.15945314
2023-02-16,-0.22756699,0.1833591,-0.13641776,-0.23828197,0.4458275,-0.24093014,-0.06546396,0.1957008
2023-02-17,-0.14529963,0.15173775,-0.22869162,-0.28308555,0.45960984,-0.28004947,-0.034667037,0.16642873
2023-02-20,-0.027740166,0.12108526,-0.2617229,-0.254017,0.35386518,-0.17419,0.06552972,0.09547046
2023-02-21,-0.11283599,0.12561277,-0.1896833,-0.27154106,0.3889613,-0.24958938,-0.020692088,0.12500507
2023-02-22,-0.11333055,0.15392742,-0.20936765,-0.26645702,0.401442,-0.23036942,-0.018286996,0.14388311
2023-02-23,-0.13419974,0.157795,-0.21122584,-0.2839248,0.4347919,-0.2751378,-0.038730107,0.16040574
2023-02-24,-0.117960885,0.14199471,-0.24007514,-0.28072304,0.44577977,-0.27682558,-0.004459992,0.14765385
2023-02-27,-0.13179849,0.1544219,-0.20897074,-0.28221646,0.42716992,-0.26608104,-0.044793114,0.15568398
2023-02-28,-0.079660416,0.122644246,-0.21312588,-0.28417242,0.378768,-0.24876976,-0.009659082,0.1174023
2023-03-01,-0.08321847,0.13369888,-0.18308975,-0.24691445,0.33949944,-0.18455108,0.010457277,0.110499814
2023-03-02,-0.12598835,0.15205523,-0.23754607,-0.28071228,0.44842148,-0.26995146,-0.016927645,0.15848354
2023-03-03,-0.10321697,0.14030042,-0.2561222,-0.28185937,0.44362253,-0.26834324,0.0074206293,0.14487606
2023-03-06,-0.10483087,0.1537461,-0.24744847,-0.26682872,0.42962584,-0.23691586,0.014898665,0.14973456
2023-03-07,-0.193632,0.17660585,-0.2100651,-0.27879715,0.4957923,-0.304082,-0.058953077,0.19484258
2023-03-08,-0.1013993,0.12710536,-0.183806,-0.2599338,0.3666439,-0.22244707,-0.0044324547,0.118155956
2023-03-09,-0.11066893,0.14692698,-0.25873622,-0.27849346,0.44994605,-0.26179498,-0.0005905777,0.1499525
2023-03-10,-0.13415931,0.16694522,-0.2572102,-0.28048283,0.47099683,-0.26645988,-0.018451013,0.1753063
2023-03-13,-0.07903946,0.13766173,-0.22687471,-0.26389852,0.3849742,-0.2213434,0.027424537,0.12527363
2023-03-14,-0.12004961,0.13953683,-0.28060842,-0.29426444,0.49065274,-0.30792344,0.0039493665,0.15833221
2023-03-15,-0.120665,0.13112095,-0.18495916,-0.26793158,0.3904121,-0.2436724,-0.020330787,0.13277996
2023-03-16,-0.16316459,0.16997047,-0.20323941,-0.27313238,0.45296103,-0.27076724,-0.04560642,0.1767345
2023-03-17,-0.13557552,0.1428628,-0.17117572,-0.24364597,0.3844122,-0.21036437,-0.0013102368,0.1414742
2023-03-20,-0.13794228,0.16286674,-0.2223441,-0.27405962,0.44126278,-0.25547042,-0.031821117,0.16502853
2023-03-21,-0.08332954,0.118060686,-0.18714957,-0.2510905,0.34712672,-0.19989006,0.018881679,0.10508914
2023-03-22,-0.09282132,0.12420785,-0.19939612,-0.2647361,0.37169507,-0.22263443,0.0010003597,0.118851036
2023-03-23,-0.07850498,0.12740774,-0.21559438,-0.25939727,0.3697837,-0.20941877,0.02012895,0.11481373
2023-03-24,-0.106155716,0.14450507,-0.23206273,-0.26894683,0.4192683,-0.24392563,0.006852597,0.14152607
2023-03-27,-0.103531696,0.13413203,-0.24765125,-0.27958906,0.4331924,-0.2611749,-0.0013394132,0.13763557
2023-03-28,-0.1264215,0.16581559,-0.22662656,-0.26101634,0.43045598,-0.23419988,-0.0038157701,0.159551
2023-03-29,-0.12284837,0.16761458,-0.2707344,-0.2798735,0.47329018,-0.26560336,-0.0033045188,0.1719113
2023-03-30,-0.077318296,0.133921,-0.2643289,-0.27095577,0.41731802,-0.23367402,0.031901866,0.12933265
2023-03-31,-0.07840315,0.117054746,-0.20365566,-0.2556691,0.35760254,-0.20388502,0.024865273,0.10818204
2023-04-03,-0.066913836,0.11324535,-0.18893325,-0.24928805,0.33111343,-0.18817982,0.03432383,0.09739691
2023-04-04,-0.11309595,0.15459186,-0.23491998,-0.27685556,0.43243927,-0.25931272,-0.009019665,0.15037578
2023-04-06,-0.103575476,0.13658747,-0.20200694,-0.26493356,0.38708603,-0.23180076,-0.0059310645,0.12799358
2023-04-07,-0.081793815,0.11391088,-0.1665925,-0.24299821,0.3221184,-0.18050972,0.015864633,0.09678057
2023-04-10,-0.14923398,0.15955618,-0.23983611,-0.28723294,0.47830415,-0.295938,-0.036220007,0.17228928
2023-04-11,-0.110235706,0.14512807,-0.22326104,-0.27757254,0.41533428,-0.25026828,-0.02128008,0.14235692
2023-04-12,-0.09734084,0.14878881,-0.23220779,-0.26895908,0.40832785,-0.23324394,0.004985988,0.1400006
2023-04-13,-0.12686925,0.15350306,-0.2223155,-0.27624923,0.4342526,-0.26204267,-0.019822672,0.15535642
2023-04-14,-0.10197309,0.13111642,-0.21255086,-0.2591335,0.39360768,-0.22533852,0.021716878,0.1312991
2023-04-17,-0.08381594,0.115490735,-0.17634533,-0.25333345,0.3384867,-0.20169918,0.0105532855,0.102482885
2023-04-18,-0.10626728,0.15556265,-0.25960845,-0.27170134,0.44284528,-0.24493387,0.0097307265,0.15328725
2023-04-19,-0.1418916,0.15288074,-0.20568751,-0.26179898,0.42961478,-0.24731958,-0.013126202,0.15715255
2023-04-20,-0.1073993,0.15466873,-0.25136065,-0.2803225,0.44114065,-0.2601224,-0.003760241,0.1528737
2023-04-21,-0.2184019,0.18454108,-0.25872514,-0.3221773,0.5786442,-0.3824607,-0.1077397,0.22817534
2023-04-24,-0.15992019,0.17797142,-0.22559354,-0.2742663,0.4701793,-0.27285624,-0.038228817,0.18250474
2023-04-25,-0.15919152,0.18136004,-0.3019516,-0.34278193,0.56412494,-0.3858133,-0.0857026,0.21153235
2023-04-26,-0.094348826,0.11225878,-0.18566631,-0.23977783,0.35311615,-0.18870243,0.040857024,0.111386344
2023-04-27,-0.09401141,0.12304194,-0.21595392,-0.2586934,0.38383594,-0.21368259,0.012861036,0.120764315
2023-04-28,-0.067581736,0.11751031,-0.17894532,-0.25015908,0.32229415,-0.18594444,0.022348039,0.09674987
2023-05-04,-0.09631133,0.13419133,-0.22000343,-0.2692022,0.39697194,-0.23657197,0.001272969,0.12778804
2023-05-05,-0.14000455,0.17416228,-0.30577248,-0.30683088,0.536189,-0.32796186,-0.0207972,0.19417629
2023-05-08,-0.08032552,0.13241398,-0.19949813,-0.24039936,0.35056335,-0.17931467,0.03895533,0.11343908
2023-05-09,-0.16808921,0.17476763,-0.18354638,-0.25868404,0.43317378,-0.2448366,-0.048700243,0.17287184
2023-05-10,-0.12882844,0.15142596,-0.22246942,-0.2644653,0.43571863,-0.25538808,0.0034178346,0.1519076
2023-05-11,-0.12780043,0.15282151,-0.22047083,-0.27181256,0.42874274,-0.2484642,-0.02007351,0.15583044
2023-05-12,-0.15815748,0.15392347,-0.2112274,-0.28262877,0.46168885,-0.29213655,-0.03369864,0.17326514
2023-05-15,-0.022817813,0.09980953,-0.27212262,-0.27646348,0.37036055,-0.22039658,0.059171773,0.08762993
2023-05-16,-0.14956452,0.17408362,-0.23779733,-0.27763236,0.47167113,-0.27462977,-0.030565038,0.17882532
2023-05-17,-0.109803654,0.1314235,-0.1848922,-0.26890418,0.3780494,-0.23586646,-0.023358569,0.12668559
2023-05-18,-0.12441914,0.15051034,-0.19017118,-0.27153873,0.402422,-0.25269517,-0.027275234,0.14433026
2023-05-19,-0.09544951,0.16008493,-0.22088972,-0.2564182,0.38939127,-0.20390685,0.008571893,0.14125545
2023-05-22,-0.105698675,0.15367398,-0.23945236,-0.28576416,0.42799938,-0.26095524,-0.030090526,0.14585176
2023-05-23,-0.14524908,0.16832796,-0.23353411,-0.2773935,0.4606804,-0.26548296,-0.030570373,0.17599061
2023-05-24,-0.120167315,0.18395013,-0.25068372,-0.2605885,0.44209296,-0.22061399,0.0029361844,0.17361331
2023-05-25,-0.13454403,0.1451987,-0.24000315,-0.30351323,0.474342,-0.32658517,-0.03802567,0.15916108
2023-05-26,-0.045892067,0.13778892,-0.26508301,-0.24980041,0.3781782,-0.18599685,0.06750482,0.10964607
2023-05-29,-0.12878762,0.15060236,-0.24570473,-0.28941503,0.46295765,-0.29002145,-0.026874073,0.15884796
2023-05-30,-0.05078858,0.123213015,-0.27958596,-0.30276015,0.41311613,-0.26465073,0.003922738,0.11920844
2023-05-31,-0.102968104,0.13811171,-0.24075608,-0.28730318,0.42868397,-0.26757812,-0.014472924,0.14165427
2023-06-01,-0.11902424,0.14466232,-0.1742643,-0.24081764,0.36632875,-0.1915382,-0.002285108,0.13163553
2023-06-02,-0.084535964,0.12612933,-0.18121725,-0.24640581,0.33937243,-0.18530335,0.018260226,0.11048801
2023-06-05,-0.11178529,0.14241222,-0.22114468,-0.27266517,0.41475272,-0.24705616,-0.0103511885,0.14160267
2023-06-06,-0.20209806,0.19541779,-0.23842001,-0.28662965,0.528043,-0.30931488,-0.07324578,0.21655385
2023-06-07,-0.121644475,0.13387772,-0.18936202,-0.2597189,0.39224243,-0.2318129,-0.009246588,0.13402769
2023-06-08,-0.1049668,0.15898398,-0.28631553,-0.27678034,0.46732822,-0.25582874,0.011924997,0.15793855
2023-06-09,-0.065835334,0.1207173,-0.23202758,-0.26581717,0.37490496,-0.21738756,0.03213207,0.11122084
2023-06-12,-0.092992574,0.13398299,-0.21063484,-0.25087422,0.37570807,-0.20038351,0.0153720975,0.12111744
2023-06-13,-0.09002973,0.1382497,-0.21207201,-0.26221213,0.37903923,-0.21550167,0.0074476674,0.1267488
2023-06-14,-0.114350006,0.14388587,-0.21678013,-0.26554582,0.4126565,-0.24145603,-0.0015242845,0.14065813
2023-06-15,-0.06496978,0.112887315,-0.21834394,-0.2573144,0.35496178,-0.19605944,0.030988019,0.10309799
2023-06-16,-0.07081935,0.11659923,-0.19309194,-0.2439937,0.33393034,-0.17558189,0.035477735,0.101949245
2023-06-19,-0.11533976,0.15254661,-0.24575338,-0.2758304,0.44139606,-0.25494143,-0.0063614473,0.15374686
2023-06-20,-0.10643887,0.1525273,-0.24234396,-0.2653626,0.42551428,-0.23371834,0.012377568,0.14867862
2023-06-21,-0.18400705,0.19748154,-0.28474256,-0.30031073,0.5566162,-0.32781318,-0.060711175,0.21913272
2023-06-26,-0.16807932,0.1916244,-0.2596092,-0.2865365,0.5158433,-0.3005792,-0.030433126,0.20717637
2023-06-27,-0.073310755,0.118782446,-0.19822723,-0.24500513,0.34444496,-0.18555187,0.041927353,0.10501544
2023-06-28,-0.06950162,0.16226764,-0.3171421,-0.28339475,0.45741156,-0.23996818,0.032657757,0.15470031
2023-06-29,-0.09975409,0.13498735,-0.23268166,-0.26785886,0.41129124,-0.23750448,0.011579372,0.13417608
2023-06-30,-0.059966795,0.0987189,-0.1507526,-0.2206614,0.27820602,-0.13737267,0.058349345,0.075041905
2023-07-03,-0.094819866,0.14925712,-0.21231955,-0.25384936,0.38085368,-0.20206408,0.018775798,0.13629305
2023-07-04,-0.09737667,0.14513676,-0.21066156,-0.26466787,0.3875652,-0.22487667,0.0001995787,0.1328131
2023-07-05,-0.133951,0.15365395,-0.21876816,-0.27465457,0.434979,-0.2571952,-0.028941534,0.1577446
2023-07-06,-0.14220282,0.1371786,-0.1956741,-0.28163305,0.4267486,-0.27601662,-0.04906015,0.1480332
2023-07-07,-0.10984758,0.16833702,-0.26789743,-0.26659304,0.45213187,-0.23850322,0.014516331,0.16119683
2023-07-10,-0.11314803,0.14055312,-0.21775414,-0.28141305,0.4150597,-0.2573796,-0.025985785,0.14284462
2023-07-11,-0.07102485,0.14486563,-0.23431133,-0.26292667,0.37935132,-0.20705023,0.02269654,0.12524195
2023-07-12,-0.16154554,0.17106676,-0.22937761,-0.28224182,0.47815087,-0.28718677,-0.044292524,0.18277672
2023-07-13,-0.07041833,0.103747874,-0.18686892,-0.24267992,0.3301597,-0.18204913,0.043966997,0.0930426
2023-07-14,-0.12587757,0.15469956,-0.23627704,-0.27282044,0.44329032,-0.2559435,-0.010792844,0.15743503
2023-07-17,-0.11160655,0.15521148,-0.26057154,-0.2910602,0.45751616,-0.2794128,-0.018353812,0.15742968
2023-07-18,-0.10625779,0.15543367,-0.25336015,-0.2664815,0.43671846,-0.23950627,0.016505033,0.1508766
2023-07-19,-0.11184636,0.13354771,-0.2303882,-0.28028423,0.42668194,-0.26321074,-0.008088373,0.141763
2023-07-20,-0.17961308,0.16688563,-0.21480903,-0.2744204,0.48073608,-0.2853209,-0.048912227,0.18400492
2023-07-21,-0.110543944,0.13271618,-0.19028589,-0.27155793,0.3819714,-0.23515207,-0.032832928,0.12819678
2023-07-24,-0.1143605,0.11868359,-0.1562226,-0.25248453,0.351125,-0.21331617,-0.014824681,0.113646984
2023-07-25,-0.07872626,0.12083774,-0.18446325,-0.2444472,0.3363571,-0.18295103,0.030764412,0.10595867
2023-07-26,-0.11954954,0.1523897,-0.23226279,-0.28071025,0.43487266,-0.2610868,-0.023792252,0.15355311
2023-07-27,-0.1614338,0.1596632,-0.21170868,-0.27780902,0.4613781,-0.28277263,-0.043434918,0.17190821
2023-07-28,-0.012131663,0.11664372,-0.18771248,-0.20820826,0.25483188,-0.08690111,0.103622675,0.06768994
2023-07-31,-0.11128407,0.09724942,-0.12827307,-0.25515467,0.32520393,-0.21871865,-0.019033752,0.097843245
2023-08-01,-0.116670094,0.13551748,-0.19269353,-0.26496604,0.39134854,-0.2354323,-0.01506868,0.13367458
2023-08-02,-0.13489309,0.13689436,-0.21877472,-0.28179324,0.44140446,-0.27827442,-0.027266681,0.1509318
2023-08-03,-0.08487075,0.13865402,-0.25063446,-0.26571462,0.41230744,-0.23050907,0.028613728,0.13068242
2023-08-04,-0.1069185,0.12846915,-0.21062784,-0.24608684,0.3938701,-0.21354955,0.03998992,0.12897499
2023-08-07,-0.13075788,0.17186897,-0.2600276,-0.28777194,0.473916,-0.27799258,-0.029423073,0.17488539
2023-08-08,-0.113330334,0.16872114,-0.24345191,-0.26629594,0.43393457,-0.236168,0.0020858124,0.15900725
2023-08-09,-0.14040016,0.15551755,-0.21889606,-0.2789174,0.4454421,-0.27104807,-0.030879967,0.16352367
2023-08-10,-0.110123016,0.13759857,-0.22500375,-0.27865428,0.41929486,-0.2592301,-0.016394876,0.13754815
2023-08-11,-0.19337328,0.18355525,-0.27576762,-0.30282485,0.56505615,-0.35230383,-0.055661783,0.21407077
2023-08-14,-0.05266872,0.115944274,-0.24250399,-0.26913598,0.37120208,-0.21692964,0.03365661,0.10230386
2023-08-15,-0.122233965,0.15159985,-0.25217083,-0.30049157,0.46255034,-0.2934207,-0.0369735,0.16419193
2023-08-16,-0.12596376,0.1555034,-0.20772563,-0.26700202,0.4152862,-0.24076074,-0.013219304,0.1548051
2023-08-17,-0.04685519,0.13492182,-0.205075,-0.2602495,0.32420108,-0.18007421,0.014708549,0.1019821
2023-08-18,-0.18298405,0.16294424,-0.21125059,-0.28528866,0.48571873,-0.30427578,-0.06154816,0.1863968
2023-08-21,-0.17162862,0.15056661,-0.1705444,-0.26328886,0.42881814,-0.2611937,-0.050104573,0.16126378
2023-08-22,-0.070256904,0.14811203,-0.28218144,-0.31689274,0.44305,-0.29824564,-0.02918759,0.13964015
2023-08-23,-0.1764528,0.19672799,-0.289561,-0.28919923,0.5482582,-0.30601865,-0.03989975,0.21530314
2023-08-24,-0.10289159,0.14484923,-0.20359245,-0.23256633,0.37819245,-0.18801782,0.042484555,0.12661058
2023-08-25,-0.17300437,0.15392762,-0.21283497,-0.28405744,0.47623843,-0.29932737,-0.057585835,0.17463152
2023-08-28,-0.26833758,0.29610574,-0.441437,-0.38088617,0.81195027,-0.49244794,-0.15193889,0.35285324
2023-08-29,-0.016830083,0.08903122,-0.12756021,-0.18208183,0.1927033,-0.03946924,0.1108761,0.04334194
2023-08-30,-0.108011,0.10691348,-0.195086,-0.27479085,0.39030436,-0.25561127,-0.0052031428,0.119963706
2023-08-31,-0.12724698,0.1501348,-0.23955065,-0.28722644,0.4522418,-0.27869925,-0.03145595,0.15718356
2023-09-01,-0.1155497,0.14059886,-0.22530626,-0.27919155,0.4228258,-0.256954,-0.02658081,0.14151226
2023-09-04,-0.066683516,0.1254572,-0.1953214,-0.25582647,0.33192965,-0.18186854,0.00036827475,0.10104999
2023-09-05,-0.13579145,0.16837068,-0.26030853,-0.28359,0.47999614,-0.28014952,-0.017314702,0.17599931
2023-09-06,-0.0818266,0.13969193,-0.24391443,-0.26215118,0.39807755,-0.21402487,0.020790048,0.12746541
2023-09-07,-0.17202091,0.18462987,-0.26969364,-0.30291644,0.53438014,-0.33194634,-0.061167657,0.20208146
2023-09-08,-0.08977711,0.12592196,-0.22211023,-0.25938508,0.38660622,-0.2156348,0.022056505,0.12246688
2023-09-11,-0.06853844,0.11388895,-0.16586176,-0.21954024,0.30077165,-0.14204529,0.05756382,0.08701089
2023-09-12,-0.10716886,0.14601195,-0.21400107,-0.26641265,0.39839625,-0.22663209,-0.010378271,0.13968644
2023-09-13,-0.15815467,0.17020267,-0.2824934,-0.31613907,0.5396665,-0.35504445,-0.050265983,0.19535822
2023-09-14,-0.113465555,0.15509535,-0.23902895,-0.2792783,0.43872058,-0.26638645,-0.0072213113,0.15218823
2023-09-15,-0.13382642,0.17142932,-0.21040122,-0.27926788,0.4280169,-0.25632238,-0.050704196,0.16422173
2023-09-18,-0.08076881,0.11492969,-0.20899323,-0.26809722,0.3660127,-0.21847975,-0.003086239,0.10804312
2023-09-19,-0.110470235,0.17181304,-0.2694689,-0.28728664,0.4606537,-0.26544234,-0.014317974,0.16834822
2023-09-20,-0.13336721,0.144992,-0.20935331,-0.27168515,0.4279501,-0.25975877,-0.019188873,0.15109493
2023-09-21,-0.13717228,0.14233738,-0.23099434,-0.283686,0.45649305,-0.28546286,-0.021583885,0.15810618
2023-09-22,-0.014101119,0.092768356,-0.18610296,-0.2423271,0.26681218,-0.14212263,0.05527579,0.05852781
2023-09-25,-0.12113761,0.16383544,-0.26607397,-0.2850849,0.4704433,-0.27578595,-0.010529906,0.16741678
2023-09-26,-0.12076608,0.14820348,-0.22171992,-0.26876944,0.42174703,-0.2431913,-0.014277019,0.14716676
2023-09-27,-0.09221423,0.110454544,-0.1793617,-0.2534004,0.3504349,-0.20835516,0.014197551,0.106650546
2023-09-28,-0.11200425,0.13371116,-0.21544369,-0.2643419,0.40745535,-0.23718083,0.005585246,0.13667917
2023-10-09,-0.10963918,0.16272,-0.29170913,-0.29790965,0.48272365,-0.28561476,-0.025436506,0.16444874
2023-10-10,-0.13653775,0.15566353,-0.2475549,-0.28404182,0.47132465,-0.28577626,-0.014911391,0.16866091
2023-10-11,-0.1525678,0.15147443,-0.19480297,-0.26599097,0.43109116,-0.25610268,-0.037200153,0.15709642
2023-10-12,-0.09100763,0.1399489,-0.23336098,-0.2631222,0.40125555,-0.22413084,0.022781119,0.13329643
2023-10-13,-0.11579874,0.15454036,-0.24519092,-0.28000915,0.4433963,-0.262132,-0.012975782,0.15481625
2023-10-16,-0.14696296,0.19588903,-0.29721373,-0.29786608,0.52970433,-0.30725175,-0.033564113,0.20273283
2023-10-17,-0.09875052,0.16159861,-0.25484082,-0.27558336,0.43260372,-0.24419451,0.0046651885,0.15329194
2023-10-18,-0.15328087,0.18658656,-0.27070078,-0.29207668,0.5091681,-0.29782337,-0.0415024,0.19524352
2023-10-19,-0.1531744,0.14744192,-0.19981675,-0.27941138,0.44220993,-0.28031462,-0.0460525,0.15956819
2023-10-20,-0.14511131,0.15362018,-0.19149685,-0.27053377,0.4222126,-0.2565514,-0.0351464,0.15867029
2023-10-23,-0.23108676,0.24105307,-0.29963827,-0.301215,0.6212734,-0.35428727,-0.08245994,0.26517457
2023-10-24,-0.06132309,0.11739725,-0.20206748,-0.26274982,0.33615404,-0.19525337,-0.0012152418,0.09484859
2023-10-25,-0.12954432,0.12965098,-0.1909044,-0.26956356,0.40528676,-0.25100118,-0.018756986,0.14031734
2023-10-26,-0.058970064,0.11927144,-0.24638425,-0.27631974,0.3835381,-0.23061293,0.021672077,0.10860023
2023-10-27,-0.0011990555,0.0635143,-0.15491694,-0.20785046,0.21189964,-0.08313073,0.0995592,0.027799318
2023-10-30,-0.049569145,0.109201774,-0.182168,-0.23285985,0.2999605,-0.15005702,0.063829884,0.08658108
2023-10-31,-0.11348191,0.15211602,-0.25598052,-0.2850116,0.45525888,-0.2769926,-0.006910771,0.15447235
2023-11-01,-0.122834586,0.18800297,-0.30329958,-0.29737118,0.5081156,-0.29019725,-0.019046456,0.19052358
2023-11-02,-0.15277554,0.17519528,-0.2553271,-0.28781998,0.49463317,-0.2938552,-0.033144966,0.18766336
2023-11-03,-0.0876419,0.106992826,-0.14420763,-0.23524836,0.30165482,-0.16241124,0.00769341,0.091584936
2023-11-06,-0.07140785,0.11785539,-0.16151494,-0.23717207,0.30316553,-0.159595,0.02730383,0.095850825
2023-11-07,-0.07512878,0.12930818,-0.23179556,-0.26258287,0.38121,-0.21160805,0.028168906,0.120624766
2023-11-08,-0.12411197,0.14894089,-0.18200335,-0.2666493,0.3906782,-0.23957089,-0.03174439,0.14007924
2023-11-09,-0.126917,0.13684376,-0.20738061,-0.27177456,0.42162392,-0.26192498,-0.006697193,0.14531802
2023-11-10,-0.10400125,0.1626912,-0.25307494,-0.2762629,0.4363877,-0.24692652,-0.00019693375,0.15625498
2023-11-13,-0.08581541,0.14087163,-0.2521711,-0.270745,0.41372764,-0.23180932,0.016082905,0.1340247
2023-11-14,-0.09942813,0.12145363,-0.19601287,-0.2687001,0.37734476,-0.23278788,-0.004343927,0.1220838
2023-11-15,-0.11618329,0.15877983,-0.23823936,-0.27755252,0.43597403,-0.25437203,-0.012883939,0.15750681
2023-11-16,-0.13459982,0.15706185,-0.25121123,-0.28359312,0.46933067,-0.2775259,-0.019967094,0.1687409
2023-11-17,-0.080083184,0.12923136,-0.2091413,-0.2615298,0.36646128,-0.21124324,0.017820902,0.11830339
2023-11-20,-0.0771256,0.16072263,-0.23567618,-0.24565148,0.379897,-0.18036589,0.03870028,0.13385664
2023-11-21,-0.15362121,0.14787169,-0.19222392,-0.25858673,0.4304532,-0.2529254,-0.014282316,0.15692174
2023-11-22,-0.16178657,0.15310168,-0.20858897,-0.27265537,0.45832378,-0.2792138,-0.03200394,0.1679013
2023-11-23,-0.04118966,0.11870478,-0.2307386,-0.25890958,0.3381217,-0.17704354,0.030552708,0.09564456
2023-11-24,-0.13821504,0.18201649,-0.28639472,-0.3037399,0.5134849,-0.3135627,-0.04200892,0.18867634
2023-11-27,-0.097842805,0.15416987,-0.2646569,-0.26913387,0.43914166,-0.24081853,0.022382133,0.14867741
2023-11-28,-0.07815105,0.14096276,-0.22483538,-0.27094123,0.3809303,-0.22241545,-0.0009569824,0.1232733
2023-11-29,-0.13661407,0.15863931,-0.22241908,-0.27905482,0.44464058,-0.26917005,-0.032321863,0.16218461
2023-11-30,-0.11473422,0.16818309,-0.25471547,-0.29337662,0.4551873,-0.27877405,-0.03443814,0.16331679
2023-12-01,-0.06518778,0.12327679,-0.258338,-0.27027714,0.3952262,-0.21728674,0.030854467,0.119135946
2023-12-04,-0.11964662,0.14192957,-0.21651177,-0.26187888,0.4147091,-0.23469296,0.00014998019,0.14347444
2023-12-05,-0.15826876,0.17154145,-0.26137462,-0.28418642,0.50216264,-0.2892649,-0.03563939,0.1868507
2023-12-06,-0.0977765,0.12881134,-0.19601047,-0.24934497,0.36808786,-0.20183629,0.01636134,0.11982474
2023-12-07,-0.0735494,0.14659508,-0.27099323,-0.26415676,0.41753912,-0.22174099,0.04156074,0.13261834
2023-12-08,-0.09778358,0.13686419,-0.19936818,-0.248187,0.37162074,-0.20041215,0.020873003,0.12525149
2023-12-11,0.003383167,0.11528066,-0.2718551,-0.2471478,0.33074042,-0.15575342,0.098989755,0.07694034
2023-12-12,-0.09198491,0.13440818,-0.22961846,-0.2710843,0.40146744,-0.23641995,0.009727269,0.1311013
2023-12-13,-0.15211321,0.16714448,-0.23175584,-0.28544012,0.47160462,-0.28768554,-0.044357598,0.17644249
2023-12-14,-0.15285912,0.15745579,-0.20776449,-0.2795169,0.44930413,-0.2781904,-0.03780994,0.1700899
2023-12-15,-0.17284024,0.1771402,-0.21808045,-0.2961969,0.48275286,-0.30776662,-0.08484417,0.1882095
2023-12-18,-0.15826164,0.14690807,-0.20102188,-0.28260586,0.4505068,-0.28875586,-0.046675578,0.1648302
2023-12-19,-0.13444312,0.158711,-0.22813235,-0.2778626,0.44515783,-0.26318324,-0.03233754,0.16146299
2023-12-20,-0.17057975,0.18278396,-0.2475208,-0.30049655,0.51074994,-0.3206089,-0.06751956,0.19818585
2023-12-21,-0.060080715,0.14687373,-0.24273407,-0.24490508,0.36621237,-0.16714789,0.057647437,0.12529066
2023-12-22,-0.12106677,0.18970641,-0.23705018,-0.26227406,0.43172935,-0.2210334,-0.008855768,0.17378655
2023-12-25,-0.10547157,0.13405047,-0.2434385,-0.28134587,0.43199572,-0.2632875,-0.0025005266,0.1404413
2023-12-26,-0.13831344,0.16488747,-0.29457584,-0.30384547,0.5206952,-0.31680912,-0.026082307,0.18612745
2023-12-27,-0.07648772,0.16222215,-0.2644268,-0.26579642,0.4163434,-0.22255188,0.03453357,0.14245321
2023-12-28,-0.032643348,0.086762294,-0.12012454,-0.20072815,0.20845973,-0.07554145,0.064052,0.04546724
2023-12-29,-0.08170504,0.10157976,-0.1679201,-0.24991763,0.32378048,-0.18836413,0.010383658,0.09449576
2024-01-02,-0.1253067,0.15365817,-0.22305028,-0.26647285,0.42707267,-0.24158973,-0.01295279,0.15245673
2024-01-03,-0.112726256,0.13170348,-0.20849358,-0.28676075,0.41068575,-0.27119565,-0.02983024,0.13676251
2024-01-04,-0.13427463,0.18067077,-0.29717517,-0.30599603,0.52145845,-0.32022402,-0.033584356,0.18844573
2024-01-05,-0.19306067,0.16474395,-0.20447128,-0.28497824,0.49098673,-0.3100818,-0.06583962,0.19137147
2024-01-08,-0.1889017,0.19545472,-0.29027966,-0.31542102,0.5744956,-0.35942346,-0.07558325,0.22306836
2024-01-09,-0.10810516,0.13116752,-0.17050491,-0.27409324,0.3634315,-0.23739386,-0.046903476,0.120471895
2024-01-10,-0.11005111,0.14044341,-0.18655407,-0.2554178,0.37009186,-0.20545147,-0.026384644,0.12494902
2024-01-11,-0.057623222,0.11327836,-0.18388538,-0.21588853,0.30416068,-0.1335076,0.0744591,0.08338308
2024-01-12,-0.122786105,0.1143011,-0.14992821,-0.2610978,0.3558829,-0.22825664,-0.036557615,0.11455235
2024-01-15,-0.11473785,0.14599086,-0.17390446,-0.25525615,0.3646701,-0.2054379,-0.025700472,0.13219722
2024-01-16,-0.123847745,0.13281226,-0.2149073,-0.30258647,0.43686083,-0.30977377,-0.051035956,0.1428473
2024-01-17,-0.195485,0.17572778,-0.22696863,-0.2842523,0.5124554,-0.30959707,-0.05880186,0.20245358
2024-01-18,-0.08663529,0.17797464,-0.3727422,-0.35346484,0.5630926,-0.38794163,-0.032160446,0.18295881
2024-01-19,-0.12540308,0.12976623,-0.19699156,-0.27847373,0.40984294,-0.26221612,-0.02194494,0.14310153
2024-01-22,-0.3235083,0.2441634,-0.27332562,-0.32823586,0.69930935,-0.43240327,-0.16854759,0.31590736
2024-01-23,-0.01160209,0.070778504,-0.14034814,-0.20641902,0.21105726,-0.09158407,0.07652964,0.023220968
2024-01-24,-0.00028451718,0.08308639,-0.33179805,-0.34037697,0.424181,-0.31283742,0.02366684,0.09401189
2024-01-25,0.018059278,0.09712112,-0.14378014,-0.1898669,0.17417017,-0.03550673,0.10484117,0.025351435
2024-01-26,-0.15165623,0.15356779,-0.21580438,-0.2723451,0.44898328,-0.26314953,-0.03864252,0.16307461
2024-01-29,-0.16847162,0.20204958,-0.3080227,-0.3222608,0.5733702,-0.3610492,-0.0611272,0.22419208
2024-01-30,-0.20772186,0.16378456,-0.18785721,-0.2652825,0.4820226,-0.2816026,-0.05301498,0.19486296
2024-01-31,-0.19986978,0.24094012,-0.3089753,-0.29870772,0.5968056,-0.3299386,-0.03860257,0.26496273
2024-02-01,-0.11440061,0.16352299,-0.14403059,-0.24701408,0.32421508,-0.1641631,-0.06634085,0.12887537
2024-02-02,-0.27673793,0.20723656,-0.2007482,-0.35979,0.6097677,-0.4796267,-0.20775886,0.25511613
2024-02-05,-0.028597578,0.1764099,-0.625951,-0.30706987,0.70514643,-0.30591124,0.19992724,0.21172555
2024-02-06,0.20220822,-0.09635282,0.035708103,-0.077518806,-0.25316107,0.26401567,0.32406837,-0.20826924
2024-02-07,0.008009706,-0.0043840706,0.095600836,-0.1441237,-0.05787503,0.053037606,0.09085676,-0.07193264
2024-02-08,-0.24716632,0.1010205,0.023967352,-0.28351158,0.3348419,-0.3057339,-0.21126749,0.13412745
2024-02-19,-0.17762499,0.20128387,-0.357587,-0.35963595,0.6388514,-0.42837337,-0.114989996,0.23184137
2024-02-20,-0.060377114,0.12498828,-0.25346518,-0.2775467,0.39076108,-0.23005769,0.02080074,0.11508615
2024-02-21,-0.09270499,0.14280231,-0.10987076,-0.16080034,0.24675238,-0.035084914,0.08384803,0.10061619
2024-02-22,-0.08956552,0.12189478,-0.19148977,-0.25591496,0.36270195,-0.21692091,0.026005752,0.11527754
2024-02-23,-0.06558997,0.14525773,-0.30275586,-0.28825805,0.44709826,-0.257389,0.035287492,0.14145151
2024-02-26,-0.10671074,0.15417323,-0.21114317,-0.23243177,0.38394636,-0.17633876,0.03754438,0.13922884
2024-02-27,0.0034023114,0.11115889,-0.1883012,-0.22515833,0.24720079,-0.109049276,0.08761989,0.057056844
2024-02-28,-0.22250071,0.12028694,-0.1476407,-0.25611213,0.46647084,-0.30291814,-0.04700157,0.1623148
2024-02-29,-0.007931775,0.013540283,-0.0033082943,-0.20305347,0.07873911,-0.06395997,0.03640099,-0.02491315
2024-03-01,-0.07319048,0.118454844,-0.2049825,-0.26638544,0.35386804,-0.2088282,0.0047546104,0.10854137
2024-03-04,-0.09538302,0.16728774,-0.25026628,-0.27776262,0.42460686,-0.24064285,-0.001966998,0.15485598
2024-03-05,-0.112106055,0.13988598,-0.1844137,-0.2551046,0.3764094,-0.2158348,0.0042939037,0.13551153
2024-03-06,-0.1001566,0.17002216,-0.24893147,-0.23682085,0.41616115,-0.18813846,0.058129035,0.15298127
2024-03-07,-0.18533309,0.13818833,-0.1707177,-0.28398222,0.44875312,-0.29738972,-0.08069973,0.16699927
2024-03-08,-0.042320296,0.10474253,-0.22449207,-0.26298663,0.34598237,-0.20967731,0.050818447,0.088320106
2024-03-11,-0.025210755,0.116704226,-0.22138909,-0.2540305,0.3198889,-0.17845291,0.05728446,0.08337334
2024-03-12,-0.13521492,0.15208799,-0.26001912,-0.28944707,0.48706794,-0.30367655,-0.002502419,0.1709219
2024-03-13,-0.114654064,0.15076771,-0.24797499,-0.2499918,0.43247685,-0.21452886,0.034248505,0.15223747
2024-03-14,-0.14647473,0.15016551,-0.17958799,-0.2735156,0.41841146,-0.26995167,-0.032690175,0.15672995
2024-03-15,-0.023141973,0.11722114,-0.26909748,-0.27393436,0.36617118,-0.20956227,0.05527091,0.09692633
2024-03-18,-0.054682493,0.11710314,-0.22069591,-0.26379985,0.3524668,-0.20792483,0.030945279,0.09927803
2024-03-19,-0.1439849,0.15811093,-0.23384753,-0.2764359,0.46097755,-0.27102038,-0.028038114,0.16614811
2024-03-20,-0.09912129,0.13020048,-0.22507586,-0.26310065,0.4035874,-0.23345089,0.019266546,0.12918776
2024-03-21,-0.12802474,0.13988537,-0.25959623,-0.29150343,0.47597077,-0.29802194,-0.014306985,0.15798752
2024-03-22,-0.14040542,0.17745979,-0.3498343,-0.31476307,0.5775688,-0.34380355,-0.015151449,0.20415254
2024-03-25,-0.17141923,0.19392404,-0.21589963,-0.25303563,0.4615462,-0.23342675,-0.031500638,0.19247179
2024-03-26,-0.11417312,0.13300791,-0.24747792,-0.2977684,0.4478746,-0.2877292,-0.0350319,0.14588904
2024-03-27,-0.17722392,0.19053009,-0.29344666,-0.29142216,0.5526984,-0.31005597,-0.039550036,0.21456409
2024-03-28,-0.085040405,0.11838669,-0.1119905,-0.19732681,0.2544755,-0.09105055,0.046968844,0.09077339
2024-03-29,-0.04031373,0.10455708,-0.22040498,-0.26087758,0.3355253,-0.19589175,0.04758349,0.08822504
2024-04-01,-0.047202356,0.0795178,-0.11079701,-0.23578086,0.23347831,-0.14801197,0.022914335,0.052636962
2024-04-02,-0.12869011,0.17414379,-0.25870863,-0.28149682,0.46944076,-0.26849303,-0.0152134225,0.1759673
2024-04-03,-0.09947107,0.15361562,-0.24495853,-0.2702471,0.42194402,-0.23593661,0.007387586,0.14673239
2024-04-08,-0.1775412,0.18674955,-0.20961446,-0.28229666,0.4740594,-0.28470016,-0.07873857,0.19088757
2024-04-09,-0.070859484,0.13631831,-0.19861245,-0.25466508,0.34416407,-0.19139314,0.019162126,0.11294852
2024-04-10,-0.14638087,0.19472152,-0.2936097,-0.3160502,0.5350056,-0.33829683,-0.052155092,0.20491949
2024-04-11,-0.09576707,0.11812866,-0.12074439,-0.20521116,0.2812457,-0.12450792,0.036490016,0.090899125
2024-04-12,-0.13954385,0.15524751,-0.22521687,-0.24864039,0.4394664,-0.22870222,0.014727101,0.15886651
2024-04-15,-0.09792491,0.13702485,-0.106368914,-0.2228967,0.26936182,-0.12949692,-0.022471622,0.09917219
2024-04-16,-0.20983946,0.19340715,-0.2764744,-0.28143185,0.5765531,-0.33028325,-0.02147296,0.2293567
2024-04-17,-0.009725435,0.050009325,-0.11626948,-0.24051061,0.19719389,-0.12945826,0.037484948,0.02566389
2024-04-18,-0.08629357,0.14595927,-0.1750926,-0.23777407,0.32572204,-0.15400189,-0.00027504563,0.11634724
2024-04-19,-0.13498203,0.13751845,-0.22121264,-0.28064716,0.44875026,-0.28918043,-0.0126353875,0.15093367
2024-04-22,-0.14332366,0.14267415,-0.21248606,-0.28440103,0.44113794,-0.27555773,-0.05447343,0.15463842
2024-04-23,-0.1524997,0.18113673,-0.29147533,-0.29690215,0.53278774,-0.31756768,-0.02348037,0.19808725
2024-04-24,-0.060274146,0.14023995,-0.24487646,-0.26346785,0.37740245,-0.20469709,0.024994269,0.11586924
2024-04-25,-0.10690064,0.15461236,-0.18606775,-0.26198015,0.36965668,-0.20995155,-0.028480835,0.13643482
2024-04-26,-0.009618077,0.086607635,-0.15305233,-0.21204895,0.22533658,-0.0997453,0.09559075,0.043762013
2024-04-29,-0.02766424,0.08987064,-0.1237133,-0.2182413,0.21365985,-0.100385025,0.04540104,0.047606837
2024-04-30,-0.12782402,0.15162683,-0.25035194,-0.28202996,0.45992863,-0.2708716,-0.019536503,0.16052952
2024-05-06,-0.09639129,0.1333314,-0.2022256,-0.2681786,0.3780492,-0.22586763,-0.010067537,0.12552115
2024-05-07,-0.11312852,0.13163511,-0.22055434,-0.26914394,0.41552213,-0.24756747,0.0016238317,0.1370945
2024-05-08,-0.1522238,0.18260548,-0.2884049,-0.29675078,0.52541685,-0.30669317,-0.03667918,0.19779183
2024-05-09,-0.05020555,0.07825236,-0.07909369,-0.20233923,0.19535334,-0.09237261,0.056221936,0.04696719
2024-05-10,-0.11181267,0.18191957,-0.30280608,-0.27934945,0.49290958,-0.2668012,0.017290898,0.17777395
2024-05-13,-0.11042933,0.1579631,-0.21884085,-0.25406933,0.39999154,-0.20621328,-0.0054343194,0.14289682
2024-05-14,-0.110827826,0.14447981,-0.22949776,-0.27139336,0.42051378,-0.24419245,0.0014033094,0.14685944
2024-05-15,-0.1477216,0.17595875,-0.23862459,-0.27106473,0.46781516,-0.2630529,-0.023572423,0.17723839
2024-05-16,-0.16403973,0.15867388,-0.21151942,-0.25633806,0.45604557,-0.2517847,-0.0096706,0.17257988
2024-05-17,-0.06355091,0.12321262,-0.24331342,-0.27947393,0.39012772,-0.24312943,0.021612205,0.11376017
2024-05-20,-0.102565624,0.11419225,-0.19990294,-0.26556292,0.38357386,-0.23533747,-0.0030262992,0.115756914
2024-05-21,-0.13683532,0.16485485,-0.23516849,-0.27611136,0.45587188,-0.2670389,-0.020072438,0.16819939
2024-05-22,-0.10800823,0.13500646,-0.22949758,-0.27332583,0.41955402,-0.25107655,-0.0008812472,0.13772197
2024-05-23,-0.17177513,0.21496224,-0.31173602,-0.31662858,0.57512677,-0.34667608,-0.06728874,0.22992319
2024-05-24,-0.1471321,0.12613276,-0.17087749,-0.26488146,0.4045946,-0.25263444,-0.02150388,0.14543466
2024-05-27,-0.05071777,0.150691,-0.29860383,-0.28169405,0.42635524,-0.23976746,0.043626398,0.13268554
2024-05-28,-0.15401515,0.17214578,-0.23433134,-0.28187227,0.47473285,-0.2837955,-0.04361263,0.17785582
2024-05-29,-0.12395199,0.123020045,-0.14566049,-0.25483984,0.35631523,-0.22834787,-0.0187302,0.11879657
2024-05-30,-0.13272956,0.1404802,-0.2070694,-0.2747944,0.4253378,-0.2618069,-0.0254016,0.14898904
2024-05-31,-0.12608114,0.1336868,-0.20209041,-0.26461276,0.41018122,-0.24299738,-0.00695204,0.14162137
2024-06-03,-0.15930827,0.1609759,-0.23205432,-0.29968116,0.4835906,-0.31321815,-0.07336095,0.17549542
2024-06-04,-0.021674074,0.12062435,-0.21496081,-0.2617673,0.30818918,-0.17296599,0.037849467,0.08758588
2024-06-05,-0.16257015,0.1661049,-0.2157566,-0.2746383,0.46207878,-0.27053767,-0.043553725,0.17798994
2024-06-06,-0.16929068,0.17581266,-0.22917314,-0.2879786,0.48817578,-0.29793376,-0.049838215,0.1936129
2024-06-07,-0.1305414,0.16086997,-0.29388797,-0.3121768,0.51773953,-0.3316704,-0.028401531,0.1806036
2024-06-11,-0.05988793,0.1417802,-0.24846524,-0.27200973,0.3802618,-0.20849118,0.0149445385,0.12315449
2024-06-12,-0.08569308,0.11356683,-0.18933006,-0.25263065,0.3508588,-0.20067029,0.02166,0.108500525
2024-06-13,-0.1415832,0.17360115,-0.26192415,-0.2850188,0.4884602,-0.2867871,-0.025978014,0.17895608
2024-06-14,-0.05855561,0.13347065,-0.25335407,-0.25659615,0.38043994,-0.19441092,0.04944227,0.11710806
2024-06-17,-0.113894284,0.1272292,-0.19350281,-0.25820324,0.38687393,-0.22697228,-0.0025323555,0.12632315
2024-06-18,-0.10946726,0.13019966,-0.16999535,-0.25556993,0.35924524,-0.21385041,-0.013701901,0.12041688
2024-06-19,-0.14851627,0.18889573,-0.30709583,-0.3027856,0.54124933,-0.31578305,-0.029543273,0.20603275
2024-06-20,-0.171488,0.1670192,-0.26254764,-0.3064585,0.526457,-0.33386266,-0.0641375,0.1952346
2024-06-21,-0.101240866,0.11371947,-0.19067365,-0.25360063,0.36968812,-0.21470183,0.013188995,0.1138826
2024-06-24,-0.17815946,0.19868973,-0.3040776,-0.2891766,0.57121736,-0.3267075,-0.013304114,0.2203036
2024-06-25,-0.1812934,0.17243567,-0.22434688,-0.28383067,0.50076854,-0.31563932,-0.050186172,0.18711077
2024-06-26,0.0057472903,0.112348184,-0.2849073,-0.267115,0.34851262,-0.1883003,0.0843553,0.08110212
2024-06-27,-0.15665701,0.1875968,-0.2885447,-0.29591736,0.53379196,-0.31673607,-0.031854182,0.20022729
2024-06-28,-0.14388697,0.09822586,-0.07436839,-0.22391543,0.29994196,-0.18415801,-0.017123818,0.09880921
2024-07-01,-0.03379347,0.11527395,-0.24038008,-0.23481882,0.3365599,-0.1528183,0.09340895,0.091646954
2024-07-02,-0.15617026,0.16500215,-0.2556217,-0.29446182,0.5010684,-0.3094527,-0.04430224,0.18253036
2024-07-03,-0.14146839,0.16883454,-0.24556358,-0.27434862,0.47255996,-0.2747773,-0.0077429563,0.17415547
2024-07-04,-0.18940513,0.1793082,-0.25752878,-0.3081334,0.5419609,-0.34390396,-0.07453103,0.2115064
2024-07-05,-0.043365195,0.12399254,-0.28726274,-0.27171087,0.39891988,-0.21115533,0.04939183,0.11352976
2024-07-08,-0.17481306,0.2030409,-0.2713865,-0.2972334,0.5341425,-0.31456915,-0.06012501,0.21515769
2024-07-09,0.021674765,0.08105392,-0.2624921,-0.22581166,0.2967345,-0.118145406,0.16211593,0.057664957
2024-07-10,-0.14080636,0.1286121,-0.17679615,-0.2642577,0.40291384,-0.25061855,-0.029682904,0.13693902
2024-07-11,-0.07259429,0.12631157,-0.1966493,-0.25089943,0.33985448,-0.18518831,0.0047546104,0.09974532
2024-07-12,-0.103037864,0.1418079,-0.25500706,-0.2814678,0.43820262,-0.25774267,-0.0009050369,0.14643672
2024-07-15,-0.12208102,0.15736741,-0.24292228,-0.27744985,0.44801602,-0.26236033,-0.009372234,0.16021815
2024-07-16,-0.088327646,0.12961993,-0.22292353,-0.2560301,0.38568965,-0.21096328,0.02981551,0.1241927
2024-07-17,-0.11987515,0.16942884,-0.26921812,-0.2775115,0.46671137,-0.25762284,-0.0053642616,0.16927688
2024-07-18,-0.054373898,0.15401226,-0.30899587,-0.25811607,0.43067187,-0.20807995,0.07595049,0.13331957
2024-07-19,-0.0973584,0.15226957,-0.19425614,-0.25388893,0.36431822,-0.19459204,-0.006204076,0.13199829
2024-07-22,-0.12057802,0.16621768,-0.22848833,-0.28770393,0.4361018,-0.2701244,-0.037981942,0.16130805
2024-07-23,-0.22554651,0.20594534,-0.28927162,-0.31136954,0.60966,-0.37090254,-0.08395767,0.2475145
2024-07-24,-0.16371009,0.16980809,-0.2311067,-0.2767803,0.4817462,-0.284125,-0.02603668,0.18584508
2024-07-25,-0.10153958,0.15805048,-0.20446032,-0.2540278,0.37963292,-0.19916973,0.0068117306,0.14364037
2024-07-26,-0.06844328,0.08914389,-0.12057421,-0.21889728,0.26200286,-0.14100213,0.060389727,0.0737945
2024-07-29,-0.1287211,0.16471222,-0.2406152,-0.274903,0.45299742,-0.26368138,-0.011972845,0.16436093
2024-07-30,-0.087636895,0.17811349,-0.26287016,-0.2693733,0.42000115,-0.21282196,0.0034684986,0.15743202
2024-07-31,0.049411044,0.050435945,-0.059898753,-0.15495993,0.043831214,0.053053405,0.14245552,-0.029016994
2024-08-01,-0.14303316,0.151634,-0.27718735,-0.2909766,0.50869966,-0.310789,-0.011372797,0.17277625
2024-08-02,-0.17527838,0.13252553,-0.14318365,-0.26227662,0.41249177,-0.27085808,-0.04223016,0.15179512
2024-08-05,-0.21573612,0.17199564,-0.13281582,-0.28152603,0.4511978,-0.30820364,-0.09431927,0.1970723
2024-08-06,-0.11250975,0.16233526,-0.24075206,-0.2971941,0.44359893,-0.28497267,-0.037069358,0.15952532
2024-08-07,-0.10441566,0.14726833,-0.20858498,-0.24644977,0.38591927,-0.20043477,0.019500367,0.13418403
2024-08-08,-0.06966122,0.17081884,-0.23385814,-0.24134892,0.3670572,-0.16061638,0.048299607,0.14011297
2024-08-09,-0.17044821,0.17277744,-0.24292181,-0.2970931,0.50477415,-0.31484354,-0.056014076,0.19579798
2024-08-12,-0.11979769,0.15417993,-0.20676105,-0.2581928,0.4042437,-0.22528666,-0.011219822,0.14337587
2024-08-13,-0.11813527,0.16390386,-0.24167277,-0.28147566,0.44486564,-0.26723188,-0.020994455,0.15783328
2024-08-14,-0.15083806,0.20515585,-0.30187076,-0.3016832,0.537263,-0.30910394,-0.044315204,0.21137734
2024-08-15,-0.09575322,0.11966806,-0.10179347,-0.24150309,0.2722087,-0.16429627,-0.044573978,0.08860129
2024-08-16,-0.13662791,0.15376633,-0.23333415,-0.2795336,0.45593575,-0.27612996,-0.024381526,0.16077411
2024-08-19,-0.11964676,0.099928275,-0.14087051,-0.25695977,0.34789193,-0.23061928,-0.008384928,0.10956973
2024-08-20,-0.18270849,0.20882687,-0.33817565,-0.33081016,0.6190113,-0.38754332,-0.0651488,0.23988536
2024-08-21,-0.11587956,0.1436562,-0.21146747,-0.27024812,0.4080115,-0.24058005,-0.015264414,0.14321683
2024-08-22,-0.16950938,0.18630067,-0.27072394,-0.2886442,0.5280662,-0.3089606,-0.03213811,0.20413063
2024-08-23,-0.100279614,0.14238705,-0.22345978,-0.26929474,0.4042732,-0.23637351,0.004970573,0.1381274
2024-08-26,-0.11322232,0.14519957,-0.21499096,-0.27352765,0.4124733,-0.2504377,-0.012801647,0.1428396
2024-08-27,-0.13294649,0.17238021,-0.2605075,-0.2801597,0.47578657,-0.27176785,-0.011761911,0.17698376
2024-08-28,-0.10444478,0.14564672,-0.20626478,-0.26416844,0.38704485,-0.21861342,-0.009602785,0.13764593
2024-08-29,-0.02949415,0.10713786,-0.13881291,-0.20357412,0.2226463,-0.07429613,0.070225805,0.061612207
2024-08-30,-0.04834038,0.070230246,-0.043370385,-0.16018616,0.13814953,-0.010177247,0.085835434,0.028936673
2024-09-02,-0.17789353,0.19294089,-0.28324425,-0.29959494,0.55251926,-0.33130506,-0.0433466,0.21625578
2024-09-03,-0.07944525,0.087762274,-0.13520546,-0.24018615,0.291587,-0.17873362,0.012920089,0.07511625
2024-09-04,-0.102439106,0.13836257,-0.17257375,-0.24968848,0.3475909,-0.1874668,-0.0061656237,0.12628178
2024-09-05,-0.109648734,0.14966732,-0.23167588,-0.2822306,0.4241922,-0.25848818,-0.02766908,0.14426205
2024-09-06,-0.18656792,0.18596923,-0.26057947,-0.31308895,0.54138863,-0.3457282,-0.09719157,0.20837578
2024-09-09,-0.1458765,0.15711099,-0.21925496,-0.28343382,0.45423958,-0.28358483,-0.03906142,0.16631906
2024-09-10,-0.0697468,0.1651883,-0.37038946,-0.31153724,0.52128613,-0.3039998,0.024960905,0.16476895
2024-09-11,-0.09309894,0.12145467,-0.1726706,-0.25428268,0.34358817,-0.20379914,-0.005268976,0.10738163
2024-09-12,-0.14255938,0.13982534,-0.2171404,-0.26860008,0.4478761,-0.27293682,0.002649866,0.15585177
2024-09-13,-0.1681231,0.16065422,-0.21875533,-0.27900866,0.4756359,-0.29033762,-0.041976154,0.17777361
2024-09-18,-0.06602481,0.12628415,-0.32347074,-0.3059585,0.46825582,-0.2810199,0.02006349,0.14067903
2024-09-19,-0.06615989,0.1365377,-0.16585639,-0.23645571,0.29519734,-0.14338337,-0.011372499,0.08944164
2024-09-20,-0.11765245,0.17302471,-0.26371202,-0.29491144,0.467543,-0.28433263,-0.03048595,0.17019771
2024-09-23,-0.12082677,0.116760164,-0.15844126,-0.25495097,0.3636437,-0.22521904,-4.8428774e-05,0.12378824
2024-09-24,0.0632484,0.14596629,-0.25936642,-0.17265895,0.22811332,0.0052899644,0.21987087,0.05945732
2024-09-25,-0.18331629,0.121567145,-0.11171056,-0.27994072,0.39460894,-0.29154682,-0.10197447,0.14117074
2024-09-26,0.11525781,0.016877975,-0.19309227,-0.19560683,0.12093209,-0.018803872,0.19972971,-0.04818088
2024-09-27,0.14073057,0.1006852,-0.11587282,-0.120655224,-0.015677944,0.15174368,0.25477105,-0.04908193
2024-09-30,0.17736927,0.21835312,-0.50707424,-0.1725339,0.30965757,0.09812385,0.31421944,0.087421015
2024-10-08,-0.3301207,0.35877994,-0.6158085,-0.52864695,1.1175807,-0.8369434,-0.19611554,0.46768248
2024-10-09,-0.24907999,0.11544438,-0.24410623,-0.23862696,0.5877792,-0.33952442,0.051101167,0.18882677
2024-10-10,-0.16265397,0.24236825,-0.2546658,-0.23870343,0.4817568,-0.19457035,0.024614513,0.23566784
2024-10-11,-0.28129598,0.28219286,-0.32196972,-0.31702226,0.70243615,-0.4054445,-0.102630734,0.3241895
2024-10-14,-0.0027315877,0.1546492,-0.25720245,-0.19919533,0.31204325,-0.08714853,0.16866505,0.09715457
2024-10-15,-0.2154394,0.14477557,-0.13088436,-0.26245156,0.43832937,-0.28020614,-0.087091565,0.17093457
2024-10-16,-0.104133114,0.12359055,-0.09057153,-0.23318687,0.27517524,-0.16386203,-0.0022609532,0.10662462
2024-10-17,-0.19661473,0.1495296,-0.17419943,-0.25494745,0.46207833,-0.27777633,-0.021090336,0.17743585
2024-10-18,0.17630939,0.029721418,-0.2004481,-0.17406185,0.044910356,0.07140598,0.23553155,-0.07291633
2024-10-21,-0.1078415,0.15298307,-0.12756222,-0.22251496,0.3064623,-0.15198165,-0.007020496,0.113302276
2024-10-22,-0.07159468,0.12800112,-0.16263686,-0.2456333,0.3111738,-0.1800302,0.009096265,0.09543437
2024-10-23,-0.12152974,0.14302364,-0.14167735,-0.21464887,0.3316116,-0.15517122,0.01522322,0.118108556
2024-10-24,-0.11955888,0.17659482,-0.25689355,-0.28626636,0.45771518,-0.26537722,-0.030320667,0.17015229
2024-10-25,-0.06184555,0.12879469,-0.15380472,-0.21984026,0.2793635,-0.123794764,0.042455986,0.09098178
2024-10-28,-0.06306817,0.117891245,-0.16808508,-0.24058637,0.2985995,-0.1554761,0.01324743,0.08891912
2024-10-29,-0.17703573,0.17924184,-0.22882095,-0.3060535,0.49866918,-0.32252544,-0.098056465,0.19501093
2024-10-30,-0.10444067,0.10680872,-0.15649179,-0.2893024,0.35400724,-0.26145944,-0.053383738,0.1122624
2024-10-31,-0.041827187,0.103027314,-0.14357749,-0.2306239,0.24518642,-0.11354123,0.018488824,0.0687968
2024-11-01,-0.14330971,0.18637106,-0.22855103,-0.27535495,0.45285633,-0.2535109,-0.031818777,0.18604673
2024-11-04,-0.060473032,0.11209437,-0.17607115,-0.25946417,0.31454146,-0.19276705,0.009968683,0.092311606
2024-11-05,0.019252,0.06829319,-0.100242585,-0.17758638,0.12885234,-0.015261333,0.113424115,0.00269684
2024-11-06,-0.11547025,0.09546954,-0.17595749,-0.24641383,0.3652922,-0.20685676,0.009081349,0.10855894
2024-11-07,0.016496954,0.08570981,-0.21135107,-0.23476282,0.2576477,-0.12261,0.10469305,0.048228107
2024-11-08,-0.17948547,0.14104474,-0.22662312,-0.29257336,0.4980071,-0.31932738,-0.056451336,0.17790635
2024-11-11,-0.02816943,0.07597504,-0.12634337,-0.20607516,0.22334698,-0.10916743,0.102532476,0.04468201
2024-11-12,-0.22889097,0.17440467,-0.16377908,-0.27035314,0.49049705,-0.31071857,-0.07716572,0.20128797
2024-11-13,-0.07778558,0.1291466,-0.2736542,-0.2937261,0.43529785,-0.26836187,0.022281148,0.14079867
2024-11-14,-0.23232777,0.21442172,-0.27106997,-0.31015432,0.6010142,-0.36957252,-0.093660995,0.25253218
2024-11-15,-0.22362249,0.18366924,-0.22137791,-0.27740145,0.53605574,-0.32018623,-0.068993255,0.21232367
2024-11-18,-0.22595151,0.2190153,-0.20354497,-0.27651137,0.5179752,-0.30151868,-0.10783835,0.22239664
2024-11-19,-0.029894212,0.10256772,-0.23570694,-0.30712113,0.35792643,-0.2656575,0.00298848,0.092442796
2024-11-20,-0.06345699,0.12888068,-0.18078655,-0.22775906,0.31608966,-0.15854385,0.06420336,0.0977533
2024-11-21,-0.12134586,0.14850913,-0.21525657,-0.26368698,0.418176,-0.24244234,-0.0043468475,0.14504994
2024-11-22,-0.27677026,0.209286,-0.22447772,-0.31672585,0.604629,-0.39184257,-0.14519145,0.2654457
2024-11-25,-0.1569588,0.19382954,-0.24094175,-0.29564595,0.49039996,-0.308364,-0.07081555,0.18751033
2024-11-26,-0.14336279,0.13421959,-0.17346641,-0.26475596,0.4042363,-0.25275218,-0.024488851,0.14443065
2024-11-27,0.024338232,0.17379266,-0.3059883,-0.2705124,0.34094438,-0.15225546,0.058299154,0.10796675
2024-11-28,-0.13361545,0.13948435,-0.22840878,-0.26891717,0.43989858,-0.2501014,-0.010934226,0.15358259
2024-11-29,-0.033404186,0.14029595,-0.18710838,-0.18907496,0.27145344,-0.0691244,0.1243348,0.08989023
2024-12-02,-0.06520576,0.081741616,-0.11858772,-0.22275117,0.25161576,-0.13332367,0.029765353,0.06235758
2024-12-03,-0.08780765,0.16306454,-0.28182262,-0.29429588,0.4497979,-0.26372725,-0.009239316,0.15669316
2024-12-04,-0.16262363,0.17643657,-0.22678861,-0.27019012,0.47028348,-0.26289982,-0.033451594,0.18550856
2024-12-05,-0.09103445,0.1441949,-0.20352532,-0.2475988,0.3650949,-0.18793553,0.016788103,0.12636866
2024-12-06,-0.029533919,0.14823665,-0.19050372,-0.22381711,0.2740296,-0.09638044,0.056340054,0.09813823
2024-12-09,-0.13595042,0.14852071,-0.22582892,-0.30421534,0.45483953,-0.30684274,-0.066717565,0.15936433
2024-12-10,-0.23304935,0.25373363,-0.36622724,-0.33524704,0.69523054,-0.4143513,-0.11011602,0.2844895
2024-12-11,-0.07205776,0.103004575,-0.15849411,-0.2443814,0.30339646,-0.1734828,0.014961965,0.08675514
2024-12-12,-0.054858126,0.12526833,-0.22625193,-0.24415326,0.3515649,-0.18025002,0.061443694,0.10217275
2024-12-13,-0.116148874,0.15705326,-0.2868131,-0.27740893,0.47668153,-0.2552297,0.013299465,0.16958943
2024-12-16,-0.17129463,0.20077658,-0.29957977,-0.30368662,0.56021446,-0.33158225,-0.048640803,0.21813135
2024-12-17,-0.15448968,0.1595752,-0.25628898,-0.2907978,0.49782518,-0.3031902,-0.04055482,0.1774403
2024-12-18,-0.10624427,0.13426918,-0.18257001,-0.23797557,0.3601754,-0.18564391,0.016377956,0.12129888
2024-12-19,-0.042860374,0.11332597,-0.2421941,-0.24297419,0.35389262,-0.17876013,0.084325805,0.09450647
2024-12-20,-0.11110797,0.14104536,-0.16630656,-0.23945019,0.35411805,-0.19212846,0.011839971,0.12600811
2024-12-23,-0.18958879,0.18549934,-0.24589302,-0.2907413,0.5272641,-0.31922793,-0.053520754,0.21030433
2024-12-24,-0.07119323,0.10734848,-0.18030724,-0.2480447,0.32906112,-0.19339235,0.03442976,0.09334108
2024-12-25,-0.13733445,0.1678137,-0.31875232,-0.30110025,0.54038787,-0.31699708,-0.016307816,0.18762055
2024-12-26,-0.085082285,0.11599803,-0.16071059,-0.24474096,0.32202348,-0.1850077,0.014616631,0.10083179
2024-12-27,-0.12652795,0.12974703,-0.10886232,-0.22735229,0.31263658,-0.17311592,-0.0049384087,0.11623463
2024-12-30,-0.108958386,0.12816468,-0.20211735,-0.2771734,0.39483365,-0.24878043,-0.025265202,0.13001029
2024-12-31,-0.23511253,0.21847057,-0.30405742,-0.33350784,0.64393514,-0.4168331,-0.11526799,0.25957355
2025-01-02,-0.31090435,0.23792067,-0.20572498,-0.30452055,0.62097853,-0.39123178,-0.16494705,0.2847271
2025-01-03,-0.22983769,0.20042846,-0.19233143,-0.28698668,0.5151776,-0.31807157,-0.11692834,0.2197609
2025-01-06,-0.13718224,0.14341877,-0.19460852,-0.27898556,0.4205944,-0.2701679,-0.045715943,0.14690404
2025-01-07,-0.05855848,0.09842217,-0.22887471,-0.28028265,0.37200397,-0.24469799,0.023227327,0.0964199
2025-01-08,-0.043739274,0.10260859,-0.39088604,-0.33724713,0.51531774,-0.3251998,0.02768097,0.13836654
2025-01-09,-0.10309513,0.12022877,-0.1624622,-0.2485089,0.3453766,-0.20402917,0.009684965,0.114070415
2025-01-10,-0.18052182,0.15820247,-0.19337052,-0.27715474,0.4613519,-0.28200206,-0.05969192,0.18081187
2025-01-13,-0.09095069,0.09323902,-0.12790932,-0.25003204,0.29643446,-0.18672842,-0.014257707,0.08730416
2025-01-14,0.03374713,0.08240379,-0.12214413,-0.18280968,0.12848404,0.004078176,0.11175342,0.014986876
2025-01-15,-0.13284072,0.17455429,-0.25399998,-0.2843038,0.46758777,-0.26829678,-0.032311648,0.17634958
2025-01-16,-0.13644351,0.09574279,-0.17277947,-0.28911942,0.4064664,-0.29576984,-0.03860145,0.12632968
2025-01-17,-0.053306952,0.10731678,-0.17398117,-0.21322984,0.29094395,-0.12829317,0.08279797,0.078323826
2025-01-20,-0.1400778,0.12749258,-0.16888726,-0.25863236,0.39383972,-0.24318478,-0.024767384,0.13273273
2025-01-21,-0.09314038,0.1798655,-0.29388,-0.27809402,0.4632667,-0.24843252,0.018730275,0.16675188
2025-01-22,-0.09894768,0.17034271,-0.2766555,-0.28066754,0.45242354,-0.24920082,0.0048684776,0.16399793
2025-01-23,-0.19605207,0.15211605,-0.16070291,-0.2798681,0.45636028,-0.3078653,-0.072464794,0.17662579
2025-01-24,-0.05325377,0.11298229,-0.1431183,-0.2222223,0.2636718,-0.12837972,0.047376614,0.07765207
2025-01-27,-0.14858328,0.15756539,-0.26847902,-0.3009907,0.50772834,-0.31852344,-0.03634911,0.18120326
2025-02-05,-0.12817314,0.18374087,-0.2545481,-0.28830928,0.4676794,-0.2768381,-0.035318904,0.17699634
2025-02-06,-0.003466648,0.09009388,-0.1113188,-0.1989485,0.1663093,-0.045176562,0.06830032,0.033896543
2025-02-07,-0.10594602,0.13113818,-0.064573,-0.18956864,0.23703623,-0.09785512,0.022240452,0.08892541
2025-02-10,-0.076438785,0.12457294,-0.2142643,-0.25651613,0.36565626,-0.20563008,0.024343643,0.110611334
2025-02-11,-0.11520688,0.18647447,-0.29066157,-0.27277303,0.48277384,-0.2554572,0.013968147,0.17722933
2025-02-12,-0.0402554,0.092179865,-0.17682149,-0.25869188,0.29122806,-0.17884217,0.018547423,0.072425246
2025-02-13,-0.12211474,0.14897014,-0.2581723,-0.26530233,0.45585367,-0.24622715,0.015638582,0.1572424
2025-02-14,-0.073663205,0.1378864,-0.17612894,-0.24060735,0.32310045,-0.17075846,0.030513313,0.11010505
2025-02-17,-0.12942404,0.17886305,-0.2535842,-0.30008215,0.47209677,-0.29490888,-0.051097825,0.17713998
2025-02-18,-0.21747507,0.18957138,-0.17681383,-0.2630172,0.48310685,-0.28201777,-0.07034913,0.20522042
2025-02-19,-0.03298744,0.08575638,-0.13821246,-0.23144549,0.23829022,-0.12990543,0.031150557,0.049644537
2025-02-20,-0.08136099,0.1250231,-0.23685762,-0.25927716,0.39400014,-0.21945971,0.03883633,0.12035976
2025-02-21,-0.027534768,0.13482034,-0.20098656,-0.22558531,0.28658733,-0.11488646,0.06738524,0.08767639
2025-02-24,-0.12589893,0.16138098,-0.21463814,-0.28048804,0.42415926,-0.25625736,-0.040164962,0.15834117
2025-02-25,-0.12206922,0.16564725,-0.2051658,-0.238666,0.3942995,-0.18518136,0.008842081,0.15143977
2025-02-26,-0.07179539,0.13687298,-0.19431582,-0.24460793,0.33748102,-0.17511353,0.03048915,0.11252138
2025-02-27,-0.09974818,0.145971,-0.2833411,-0.32340124,0.47892728,-0.32843542,-0.036933504,0.15786059
2025-02-28,-0.22148165,0.20149142,-0.25011995,-0.30181208,0.56552887,-0.34748954,-0.096904084,0.23117872
2025-03-03,-0.15223984,0.116699666,-0.10008132,-0.24498433,0.33641195,-0.2149168,-0.055160984,0.11593978
2025-03-04,-0.045734417,0.09290427,-0.15571949,-0.22264314,0.26792422,-0.13282111,0.061600532,0.06550829
2025-03-05,-0.0742454,0.14792474,-0.28899294,-0.28404683,0.4385774,-0.24579397,0.020392962,0.143171
2025-03-06,-0.057199135,0.101460874,-0.15557067,-0.23119736,0.2841478,-0.15259123,0.04661829,0.07704407
2025-03-07,-0.1404214,0.16388458,-0.18713112,-0.25485095,0.4056826,-0.22463083,-0.02792205,0.154763
2025-03-10,-0.096212395,0.14971918,-0.26629716,-0.28946492,0.443767,-0.26536816,-0.0101538375,0.14836565
2025-03-11,-0.05327581,0.085675314,-0.16664775,-0.2530388,0.299065,-0.1920805,0.024741776,0.068249896
2025-03-12,-0.11223431,0.1379741,-0.22494769,-0.25442308,0.41047013,-0.21888709,0.017130218,0.1389109
2025-03-13,-0.1349315,0.18240708,-0.27933237,-0.31462175,0.5072813,-0.3256313,-0.059065133,0.1879837
2025-03-14,-0.028198844,0.11189313,-0.17346866,-0.22063991,0.26023215,-0.10689679,0.063721046,0.07053928
2025-03-17,-0.1085863,0.1441166,-0.23226924,-0.27478907,0.42013028,-0.24572527,-0.0133519545,0.14228429
2025-03-18,-0.11022987,0.11920194,-0.18005297,-0.26492104,0.37514508,-0.23655266,-0.006780334,0.12194669
2025-03-19,-0.12417751,0.1766245,-0.24702811,-0.2732589,0.45028657,-0.25004038,-0.012530193,0.17033863
2025-03-20,-0.14248674,0.17535782,-0.22938894,-0.26752305,0.451597,-0.2508395,-0.025179148,0.17171638
2025-03-21,-0.17042871,0.14943516,-0.21449627,-0.30790642,0.48668915,-0.3411539,-0.08004679,0.17453374
2025-03-24,-0.1434176,0.17015612,-0.2321783,-0.3032456,0.4718404,-0.31510988,-0.066395506,0.17247549
2025-03-25,-0.12965786,0.14586207,-0.22564334,-0.2675332,0.43897855,-0.25809538,0.0018065721,0.15258297
2025-03-26,-0.10848392,0.1279636,-0.18126562,-0.25759855,0.36915588,-0.21661997,-0.0005255565,0.12670554
2025-03-27,-0.08769533,0.15136229,-0.20725544,-0.25274608,0.36236885,-0.18297537,-0.005664736,0.12723278
2025-03-28,-0.12730671,0.14885521,-0.25596324,-0.29178986,0.47009826,-0.29057646,-0.022924252,0.1622296
2025-03-31,-0.12000242,0.14092529,-0.268716,-0.30692437,0.48573515,-0.32741106,-0.020380385,0.15685767
2025-04-01,-0.10732986,0.1284954,-0.15497632,-0.25426733,0.34003294,-0.20180613,-0.024853617,0.11589219
2025-04-02,-0.11692104,0.12538588,-0.16179672,-0.25712055,0.35924816,-0.21782187,-0.023270205,0.12076864
2025-04-03,-0.11795921,0.11281466,-0.19914788,-0.2847267,0.40601715,-0.2718989,-0.029760994,0.12811781
2025-04-07,-0.3522554,0.38943,-0.48391593,-0.42063117,0.95354533,-0.5986694,-0.25718182,0.43733475
2025-04-08,-0.14149179,0.16691872,-0.2258291,-0.28979653,0.45783412,-0.28955758,-0.04485908,0.17107926
2025-04-09,0.06516897,0.05991605,-0.15466142,-0.18698277,0.1234159,0.006253917,0.10939887,-0.02043891
2025-04-10,-0.11027112,0.0575819,-0.09874279,-0.23787433,0.2923102,-0.19926497,0.0016206801,0.06838542
2025-04-11,-0.05925592,0.098778516,-0.18328042,-0.21124059,0.306017,-0.13418418,0.09620262,0.0803922
2025-04-14,-0.1159002,0.1440419,-0.19423434,-0.2730338,0.39226767,-0.2390565,-0.03200671,0.14009655
2025-04-15,-0.10778343,0.17544755,-0.29446226,-0.29681575,0.48250377,-0.27869472,-0.022448704,0.1727461
2025-04-16,-0.13416722,0.1385802,-0.23714337,-0.29479608,0.464997,-0.3075227,-0.031430155,0.1545328
2025-04-17,-0.10746877,0.0971228,-0.11144055,-0.23844218,0.298067,-0.18343122,-0.0033168048,0.09356488
2025-04-18,-0.07448004,0.1303725,-0.25739226,-0.27365384,0.40563154,-0.22733113,0.019573264,0.12636454
2025-04-21,-0.041550834,0.08164367,-0.15046975,-0.22824594,0.25968033,-0.13689418,0.055890415,0.05934126
2025-04-22,-0.10332177,0.1375852,-0.22199552,-0.26165736,0.4016814,-0.22555798,0.0061508417,0.13262671
2025-04-23,-0.11989966,0.16078284,-0.2409454,-0.2599636,0.4395998,-0.23981273,0.018615395,0.15706494
2025-04-24,-0.13127539,0.13538116,-0.23831625,-0.28562462,0.4571544,-0.28837457,-0.026078954,0.14832735
2025-04-25,-0.10904286,0.15372047,-0.19045396,-0.24669987,0.37292823,-0.1956273,0.0036926568,0.136708
2025-04-28,-0.11858235,0.1733206,-0.2609997,-0.2779294,0.45753902,-0.25431558,-0.013899915,0.16813667
2025-04-29,-0.096911766,0.116115905,-0.16980036,-0.25344595,0.3457837,-0.20719333,0.0009819493,0.108093694
2025-04-30,-0.09336756,0.114888996,-0.17231573,-0.24775562,0.34139854,-0.1948607,0.013313934,0.107433945
2025-05-06,-0.061215743,0.10424414,-0.14807697,-0.22845203,0.27673438,-0.14141871,0.03261987,0.07692346
2025-05-07,-0.15604727,0.19694689,-0.29521745,-0.3037852,0.5428065,-0.32796133,-0.037703693,0.20850442
2025-05-08,-0.08372522,0.1145843,-0.17275722,-0.25356886,0.33400622,-0.19718276,0.010938011,0.10492973
2025-05-09,-0.13074137,0.16414297,-0.27898875,-0.28630137,0.49329618,-0.28729445,-0.009277746,0.17377838
2025-05-12,-0.07812909,0.115632944,-0.19376399,-0.26333475,0.34948668,-0.2109094,0.00072681904,0.103681415
2025-05-13,-0.13539916,0.17019533,-0.29020107,-0.29282525,0.5104715,-0.29895198,-0.013796732,0.1839386
2025-05-14,-0.08836105,0.13639122,-0.25069404,-0.26085457,0.4138974,-0.22529206,0.03541338,0.13119316
2025-05-15,-0.14948143,0.18424274,-0.27310658,-0.3029758,0.5118232,-0.31444183,-0.055685148,0.19198044
2025-05-16,-0.11424677,0.13338456,-0.19529659,-0.25829813,0.39066586,-0.2291643,0.0045799464,0.13241352
2025-05-19,-0.08072358,0.1634827,-0.26758295,-0.26878047,0.4194836,-0.21818864,0.018537752,0.14664291
2025-05-20,-0.083586216,0.15042436,-0.23516111,-0.25447395,0.39076412,-0.20307334,0.026956223,0.13117947
2025-05-21,-0.09549505,0.14294997,-0.21514128,-0.26073375,0.38761097,-0.21756595,0.009798862,0.13219275
2025-05-22,-0.1348454,0.13766086,-0.21391247,-0.27623516,0.4366764,-0.27312014,-0.019715123,0.14873001
2025-05-23,-0.16999407,0.1623776,-0.16364437,-0.25251907,0.41554263,-0.23642698,-0.04070978,0.1661811
2025-05-26,-0.10426936,0.11684929,-0.1883025,-0.27089316,0.37401438,-0.2351906,-0.02378966,0.11701834
2025-05-27,-0.105813436,0.15883857,-0.26661578,-0.28508195,0.4546037,-0.2675974,-0.007448718,0.15578209
2025-05-28,-0.11742147,0.156877,-0.23512442,-0.27630153,0.43477258,-0.2550596,-0.011332847,0.15601008
2025-05-29,-0.06352084,0.09315548,-0.1315228,-0.22839624,0.26416862,-0.14172529,0.027483352,0.07043247
2025-05-30,-0.1171626,0.16661829,-0.26421893,-0.27796787,0.46156484,-0.26048866,-0.0018692687,0.16611156
2025-06-03,-0.09475114,0.11616445,-0.18202779,-0.25595608,0.356041,-0.21177247,0.011554867,0.11295389
2025-06-04,-0.084501274,0.113119245,-0.16218652,-0.24181846,0.3214211,-0.18060647,0.020827629,0.09942764
2025-06-05,-0.06911016,0.13379145,-0.24431029,-0.26542267,0.38781595,-0.21543199,0.027780112,0.11982775
2025-06-06,-0.108099975,0.1506714,-0.23009378,-0.2754969,0.41940203,-0.24718937,-0.011061467,0.14663118
2025-06-09,-0.10185034,0.114236325,-0.1589713,-0.25403124,0.34009373,-0.2068624,-0.010406934,0.10722858
2025-06-10,-0.14775832,0.16995788,-0.23291914,-0.30251828,0.47310105,-0.3055199,-0.06591967,0.18120962
2025-06-11,-0.09875946,0.096655235,-0.13907054,-0.24127504,0.3181252,-0.19446717,0.016231574,0.093731776
2025-06-12,-0.09755054,0.14278054,-0.20656468,-0.2615946,0.3822494,-0.21880925,0.00061080605,0.13024421
2025-06-13,-0.1301914,0.16663425,-0.28470188,-0.29196966,0.49949107,-0.29412663,-0.0102234855,0.17939977
2025-06-16,-0.08821983,0.098205864,-0.1531053,-0.25071904,0.3220635,-0.20220162,0.010743409,0.09263308
2025-06-17,-0.12913676,0.15521151,-0.24340434,-0.281752,0.45888796,-0.27756444,-0.014647983,0.16197631
2025-06-18,-0.10154114,0.15821615,-0.27929127,-0.2776576,0.45913917,-0.256625,0.01625909,0.15691663
2025-06-19,-0.16305687,0.15243179,-0.22670211,-0.29383266,0.48186156,-0.31007388,-0.055387437,0.17520772
2025-06-20,-0.13941944,0.15824142,-0.22574547,-0.27518833,0.44937834,-0.26644048,-0.023309372,0.16423504
2025-06-23,-0.06265496,0.10820556,-0.20878707,-0.2577516,0.34608522,-0.19880785,0.03465638,0.099069655
2025-06-24,-0.0681557,0.090686016,-0.11931348,-0.22703317,0.26028973,-0.1486374,0.0247249,0.065890476
2025-06-25,-0.017436182,0.09184547,-0.21027145,-0.25164294,0.3002084,-0.17159024,0.06952937,0.068037614
2025-06-26,-0.12888245,0.15690684,-0.20548128,-0.26411232,0.41640583,-0.24089423,-0.013940848,0.15343189
2025-06-27,-0.118088715,0.12731549,-0.15078636,-0.24833292,0.34852818,-0.20597193,-0.015000053,0.11896661
2025-06-30,-0.080623925,0.11976518,-0.18721022,-0.25153053,0.34359726,-0.19702367,0.015847184,0.103942305
2025-07-01,-0.08397146,0.12614655,-0.2261466,-0.25940585,0.3846138,-0.21437305,0.022317104,0.11807051
2025-07-02,-0.12369716,0.1609739,-0.23146564,-0.27757698,0.43889508,-0.26059023,-0.022313341,0.15815294
2025-07-03,-0.08432398,0.13104616,-0.22952414,-0.26166722,0.38981813,-0.2182706,0.02778608,0.12516649
2025-07-04,-0.11529038,0.15671945,-0.20990431,-0.2362724,0.3976143,-0.19704145,0.03446078,0.14238395
2025-07-07,-0.11101723,0.14627823,-0.23495632,-0.2723227,0.42500168,-0.24494484,-0.0058828965,0.1459155
2025-07-08,-0.053751096,0.09931807,-0.15606958,-0.22675687,0.27838123,-0.14174967,0.056730345,0.07606833
2025-07-09,-0.13284439,0.14649189,-0.21519308,-0.2663931,0.42878604,-0.2488462,-0.016289629,0.1501841
2025-07-10,-0.07597114,0.123252645,-0.22361736,-0.25690785,0.37409875,-0.20768516,0.032713424,0.113373935
2025-07-11,-0.07158604,0.121863335,-0.17348488,-0.2230443,0.3095285,-0.14189373,0.045736562,0.09468572
2025-07-14,-0.11104615,0.13925457,-0.22909276,-0.27198243,0.42089605,-0.24783415,-0.0033513382,0.14125185
2025-07-15,-0.10341776,0.11318895,-0.21754584,-0.28276893,0.40991172,-0.27072015,-0.004844986,0.12414116
2025-07-16,-0.11953998,0.12350534,-0.18455875,-0.26601323,0.3896986,-0.24459532,-0.010601625,0.12898253
2025-07-17,-0.05593355,0.10796234,-0.19077837,-0.24203935,0.3169826,-0.16889265,0.046978023,0.088764295
2025-07-18,-0.10692226,0.13811398,-0.20635119,-0.27301773,0.39658958,-0.24360693,-0.013488203,0.13488638
2025-07-21,-0.07643943,0.10135499,-0.17449439,-0.25358766,0.32804656,-0.19796725,0.014814824,0.092200786
2025-07-22,-0.06612338,0.13613668,-0.20968784,-0.2479758,0.3485276,-0.18412344,0.040889278,0.11239126
2025-07-23,-0.14492933,0.15314221,-0.19716041,-0.2483984,0.42151588,-0.23069578,0.0015922561,0.15479667
2025-07-24,-0.043440863,0.09622882,-0.15274039,-0.22997612,0.266597,-0.14333679,0.052891687,0.06670903
2025-07-25,-0.1074676,0.14375144,-0.23519497,-0.274995,0.42384413,-0.25053707,-0.006123446,0.14234239
2025-07-28,-0.10115988,0.13386485,-0.19501536,-0.2606689,0.37342325,-0.21622315,-0.01033701,0.12348926
2025-07-29,-0.060976483,0.14678603,-0.25504774,-0.27187964,0.39040345,-0.21637616,0.024018183,0.12677778
2025-07-30,-0.14372386,0.15863374,-0.17688186,-0.26999748,0.4100603,-0.25811863,-0.042907342,0.15430573
2025-07-31,-0.18261275,0.16801104,-0.20816714,-0.27488256,0.47945228,-0.28734946,-0.043068916,0.18997252
2025-08-01,-0.12013751,0.114969864,-0.1789993,-0.27855,0.38940966,-0.2644535,-0.03302058,0.12335545
2025-08-04,-0.048361547,0.10869242,-0.20719142,-0.255918,0.32966453,-0.18979925,0.037304852,0.08842023
2025-08-05,-0.084612876,0.12255562,-0.21100537,-0.2615214,0.37400055,-0.21906033,0.018290848,0.11536418
2025-08-06,-0.050697647,0.10263508,-0.16877367,-0.23629886,0.28899586,-0.15279615,0.047477268,0.08003214
2025-08-07,-0.113720864,0.1573889,-0.27109924,-0.28204373,0.46931797,-0.27496442,0.01260861,0.16386656
2025-08-08,-0.09990697,0.143398,-0.191232,-0.2545742,0.3663101,-0.20289138,-0.0027226582,0.12800463
2025-08-11,-0.08187164,0.11545388,-0.15381667,-0.22928712,0.30657145,-0.15844192,0.033988632,0.09621295
2025-08-12,-0.08407051,0.13990629,-0.23818952,-0.26092786,0.3979283,-0.21964276,0.025692448,0.12694749
2025-08-13,-0.057350866,0.12126912,-0.19226842,-0.22934118,0.31420624,-0.14516544,0.061373215,0.0966385
2025-08-14,-0.13903655,0.13428232,-0.19955064,-0.2908264,0.4270505,-0.28029695,-0.05879189,0.15114036
2025-08-15,-0.02030623,0.067677945,-0.10892352,-0.19218779,0.1880634,-0.070744365,0.09587485,0.02733116
2025-08-18,-0.09390611,0.14575656,-0.14716455,-0.22068128,0.30789718,-0.14126623,0.018445298,0.111642644
2025-08-19,-0.13248543,0.16118215,-0.20079203,-0.2584467,0.4148945,-0.2350196,-0.0062956363,0.15678073
2025-08-20,-0.016645072,0.094698176,-0.2526621,-0.28125563,0.34392938,-0.21164793,0.035572242,0.07952328
2025-08-21,-0.15600552,0.18469316,-0.24115056,-0.27015767,0.47684875,-0.26208764,-0.027900599,0.18658853
2025-08-22,-0.02165714,0.094245866,-0.17229754,-0.23663825,0.2617773,-0.13731425,0.06286084,0.06373766
2025-08-25,-0.065196745,0.10304548,-0.15967174,-0.28026226,0.3073422,-0.21475795,-0.038429268,0.089699686
2025-08-26,-0.08173059,0.11101225,-0.17752945,-0.23666492,0.32892787,-0.17011522,0.036975738,0.10128498
2025-08-27,-0.18817413,0.15847206,-0.0994154,-0.2089344,0.3600413,-0.17190863,-0.01811584,0.15582167
2025-08-28,-0.0186387,0.094254516,-0.19573735,-0.29510581,0.2973047,-0.21808553,-0.019816175,0.07167238
2025-08-29,-0.09191411,0.13172343,-0.1722397,-0.25899425,0.34091273,-0.20140469,-0.02258417,0.112026975
2025-09-01,-0.070390336,0.14106762,-0.24018939,-0.26620495,0.38335857,-0.20932339,0.02324199,0.12659712
2025-09-02,-0.19403648,0.17849809,-0.31974298,-0.33137172,0.6136112,-0.3972061,-0.07218628,0.2269751
2025-09-03,-0.17336304,0.17697473,-0.25891605,-0.30898306,0.5248664,-0.3314661,-0.068797365,0.2052606
2025-09-04,-0.26256377,0.20504144,-0.28251776,-0.32603848,0.6560077,-0.43263674,-0.098264664,0.26621857
2025-09-05,0.061883114,0.057636607,-0.1667938,-0.21881342,0.15616632,-0.053686414,0.108166814,0.00094093103
2025-09-08,-0.059300415,0.11607124,-0.23467991,-0.26767507,0.37519577,-0.22657624,0.04514428,0.10674688
2025-09-09,-0.15288033,0.14894137,-0.20858438,-0.2984932,0.4559148,-0.30670425,-0.07282159,0.16422483
2025-09-10,-0.10434948,0.12127149,-0.2126568,-0.25696018,0.39945215,-0.23404163,0.038506113,0.12863415
2025-09-11,0.044207454,0.10376243,-0.17746535,-0.1959568,0.17956448,-0.029451784,0.13298354,0.03129284
2025-09-12,-0.10268792,0.13185191,-0.1936803,-0.2411055,0.36811107,-0.19280922,0.016177237,0.11789213
2025-09-15,-0.122758366,0.15945831,-0.23516633,-0.267896,0.4367699,-0.24478352,-0.0062746555,0.15712473
2025-09-16,-0.06966196,0.10883279,-0.24422483,-0.26571876,0.39352423,-0.23234919,0.054114234,0.111132205
2025-09-17,-0.051460043,0.12196321,-0.19922118,-0.23592722,0.3174705,-0.15265797,0.06419015,0.09932873
2025-09-18,-0.22085074,0.18282405,-0.10218857,-0.23286363,0.40406555,-0.2201168,-0.08530903,0.18100314
2025-09-19,-0.1138111,0.14275238,-0.1990711,-0.27404967,0.39930895,-0.25166827,-0.024291337,0.1360848
2025-09-22,-0.08164583,0.14109333,-0.21418485,-0.26192704,0.3728858,-0.21340415,0.0054232404,0.119756445
2025-09-23,-0.13922654,0.18027347,-0.34077555,-0.35097697,0.5889784,-0.41055396,-0.052297384,0.20848715
2025-09-24,0.017083762,0.0786778,-0.15532622,-0.19765359,0.18931285,-0.0503682,0.1266878,0.03244666
2025-09-25,-0.09207893,0.13784876,-0.20029436,-0.2616888,0.36706865,-0.20661,-0.0053654164,0.12586196
2025-09-26,-0.16387829,0.15219483,-0.18339053,-0.26463798,0.43226537,-0.25755093,-0.03413271,0.16646115
2025-09-29,-0.021056464,0.102511615,-0.20802003,-0.24078193,0.28737888,-0.13220313,0.050992757,0.07167259
2025-09-30,-0.08539382,0.116151534,-0.170128,-0.24868971,0.33535278,-0.19943483,0.024179466,0.10441831
2025-10-09,-0.055847295,0.121298164,-0.14756633,-0.22284496,0.26354247,-0.11469577,0.02783465,0.08334616
2025-10-10,-0.17830302,0.1923131,-0.26754147,-0.29977456,0.5340107,-0.3204188,-0.07160275,0.20824645
2025-10-13,-0.005933251,0.037179537,-0.1226252,-0.23701483,0.19867529,-0.12918766,0.054548174,0.017843753
2025-10-14,-0.28130114,0.18177694,-0.23949388,-0.3257695,0.6357501,-0.44020113,-0.12631503,0.25330293
2025-10-15,-0.03358559,0.091664776,-0.23310159,-0.26030642,0.3424547,-0.20406078,0.05600401,0.07441716
2025-10-16,-0.1388495,0.13054252,-0.14114314,-0.2683481,0.36734715,-0.24095413,-0.052434593,0.13560729
2025-10-17,-0.22928236,0.2226552,-0.3087968,-0.32613388,0.63485193,-0.3909053,-0.10213594,0.2641532
2025-10-20,-0.14557168,0.13599013,-0.17707013,-0.27681884,0.41199058,-0.26784456,-0.05154644,0.14591064
2025-10-21,-0.059959434,0.10377936,-0.13663842,-0.22537613,0.26456034,-0.13492523,0.034948267,0.074857205
2025-10-22,-0.12610412,0.15651658,-0.23446345,-0.2761807,0.44170398,-0.2587782,-0.026598789,0.15467335
2025-10-23,-0.052965917,0.17427999,-0.32196015,-0.30180657,0.4540837,-0.2637964,0.008923888,0.15006186
2025-10-24,-0.059999414,0.11573561,-0.19899687,-0.24720958,0.33476877,-0.18832624,0.05015814,0.09631677
2025-10-27,-0.07867348,0.11848044,-0.21627913,-0.25593963,0.37382588,-0.21556893,0.044237696,0.113095745
2025-10-28,-0.13096862,0.1630589,-0.20512024,-0.27145407,0.41889593,-0.24653018,-0.030690722,0.15921268
2025-10-29,-0.02481924,0.092128694,-0.16790392,-0.2325165,0.25925696,-0.13192934,0.0659481,0.06338212
2025-10-30,-0.14350219,0.19168845,-0.28416288,-0.29010114,0.5042964,-0.2754548,-0.03959836,0.1984585
2025-10-31,-0.14152832,0.141332,-0.21988036,-0.28570104,0.45056334,-0.28793585,-0.03855656,0.15509208
2025-11-03,-0.065767236,0.16578373,-0.33892423,-0.27721182,0.47397855,-0.23851201,0.058430724,0.15708414
2025-11-04,-0.18725172,0.19428688,-0.2798217,-0.31381622,0.56592613,-0.3609123,-0.067631006,0.22111118
2025-11-05,-0.019112388,0.09119433,-0.16797012,-0.20588976,0.24652469,-0.097053036,0.111183204,0.05502468
2025-11-06,-0.045896575,0.10135548,-0.14524992,-0.22662368,0.25492015,-0.12332517,0.03810487,0.06958702
2025-11-07,-0.102313526,0.15051618,-0.2009806,-0.2490358,0.376429,-0.1978861,0.007833891,0.13348724
2025-11-10,-0.11006989,0.16940224,-0.29660657,-0.29818392,0.4946294,-0.30053082,-0.0042789355,0.17101075
2025-11-11,-0.14717379,0.16737777,-0.26522934,-0.30054379,0.50430644,-0.3168222,-0.036747426,0.1846835
2025-11-12,-0.11118736,0.12942025,-0.24797708,-0.30123278,0.44873935,-0.29800013,-0.03989534,0.13906917
2025-11-13,-0.055694893,0.09918183,-0.110713966,-0.22103736,0.23716086,-0.12739924,0.032943197,0.06387225
2025-11-14,-0.13486004,0.14302967,-0.21096791,-0.2683607,0.42598498,-0.24843818,-0.024618477,0.14969376
2025-11-17,-0.101612404,0.14788494,-0.2234581,-0.27448684,0.40525582,-0.2391477,-0.008980066,0.1420828
2025-11-18,-0.15558828,0.16604908,-0.23673192,-0.29323092,0.48195404,-0.3017182,-0.056371123,0.1784467
2025-11-19,-0.10975583,0.13732618,-0.24405852,-0.29689044,0.44162223,-0.28586438,-0.029847234,0.14581552
2025-11-20,-0.1725945,0.18167776,-0.2665138,-0.3004652,0.5347942,-0.33583304,-0.045355782,0.20263842
2025-11-21,-0.20156895,0.21540084,-0.3367315,-0.30493695,0.63249266,-0.37007397,-0.031049654,0.24621132
2025-11-24,-0.07045497,0.13164073,-0.28649122,-0.26706243,0.4261033,-0.22331536,0.043589994,0.12686922
2025-11-25,-0.10620274,0.10861157,-0.12480122,-0.24583569,0.307475,-0.18537852,-0.025445446,0.09878506
2025-11-26,-0.12142622,0.1348024,-0.15597542,-0.24446902,0.35625136,-0.20216644,-0.002670899,0.12815599
2025-11-27,-0.14635408,0.10444574,-0.12732764,-0.24758664,0.3593373,-0.22896922,-0.020914562,0.11755304
2025-11-28,-0.052052557,0.11635095,-0.18118471,-0.24256757,0.3021863,-0.1596492,0.029651988,0.086522505
2025-12-01,-0.08594475,0.1261256,-0.19363634,-0.25720245,0.35764748,-0.20724837,0.015640475,0.11640428
2025-12-02,-0.12070429,0.14295478,-0.22430898,-0.28011388,0.42896828,-0.26229754,-0.023392722,0.14811975
2025-12-03,-0.15292607,0.17205209,-0.22420745,-0.27477437,0.4646874,-0.27688158,-0.028317712,0.17608261
2025-12-04,-0.089214794,0.15577054,-0.2262023,-0.26148862,0.38844064,-0.20697527,0.00810165,0.13914074
2025-12-05,-0.022256758,0.12478093,-0.25486186,-0.25370944,0.33797297,-0.15848121,0.059383295,0.09672651
2025-12-08,-0.085955024,0.12853175,-0.19531345,-0.2431015,0.35130343,-0.18261898,0.02290725,0.111582935
2025-12-09,-0.1448625,0.14474246,-0.19997543,-0.2784831,0.43559173,-0.27862775,-0.034118272,0.15551305
2025-12-10,-0.04657072,0.14820878,-0.28666806,-0.28258002,0.40363708,-0.21873307,0.020282485,0.12856656
2025-12-11,-0.15336317,0.15848571,-0.23659651,-0.2961042,0.4788959,-0.30170625,-0.057988122,0.17608692
2025-12-12,-0.04000436,0.14027509,-0.23645397,-0.24073493,0.33604625,-0.14634053,0.058979817,0.10699913
2025-12-15,-0.1256705,0.13540924,-0.19185479,-0.27199474,0.4004502,-0.24650961,-0.034712367,0.13825288
2025-12-16,-0.13565026,0.19754961,-0.37200326,-0.3255592,0.5968093,-0.3566766,-0.025563821,0.21618861
2025-12-17,0.034090385,0.07817358,-0.27079555,-0.26435116,0.29756847,-0.15287222,0.09593386,0.05511885
2025-12-18,-0.1280103,0.1310567,-0.16445957,-0.2536218,0.37735853,-0.2302373,-0.008515157,0.12956487
2025-12-19,-0.08752716,0.12388868,-0.1653192,-0.24356219,0.32619393,-0.18087748,0.0035901442,0.102376655
2025-12-22,-0.09473981,0.11014926,-0.14978972,-0.24117765,0.31982067,-0.1825428,0.011883229,0.101006866
2025-12-23,-0.12251357,0.14377594,-0.18896058,-0.25611287,0.39019993,-0.22076395,-0.006615445,0.14149465
2025-12-24,-0.041083448,0.11028193,-0.19661026,-0.228645,0.30061316,-0.13732284,0.07300706,0.08375712
2025-12-25,-0.05118607,0.122561574,-0.22791302,-0.24568215,0.3461048,-0.17257991,0.059767023,0.10261701
2025-12-26,-0.09389855,0.11555204,-0.18243375,-0.25267047,0.3498146,-0.19742344,0.004625261,0.11082643
2025-12-29,-0.13303766,0.16256109,-0.20980805,-0.2665761,0.42011622,-0.23485446,-0.031237952,0.15916291
2025-12-30,-0.08100003,0.0931837,-0.14516096,-0.23251316,0.29901868,-0.16695596,0.033335928,0.083403155
2025-12-31,-0.10886159,0.14663914,-0.24226712,-0.27165815,0.42872566,-0.24407175,-0.005257547,0.14381728
2026-01-05,-0.027913222,0.09084923,-0.1403371,-0.2250407,0.23232561,-0.113786995,0.04879039,0.054499235
2026-01-06,-0.024205277,0.07822202,-0.14610854,-0.2251884,0.2411088,-0.13229556,0.07628682,0.047831394
2026-01-07,-0.10215643,0.12521616,-0.17132075,-0.2588355,0.35388663,-0.21356025,-0.0058283657,0.11979416
2026-01-08,-0.1091907,0.12005999,-0.13158223,-0.23792228,0.3194052,-0.1858679,0.0009811893,0.10782814
2026-01-09,-0.03134469,0.039823458,-0.0760701,-0.22620264,0.17986423,-0.123852566,0.022823729,0.013353882
2026-01-12,-0.0011122078,0.11192072,-0.22921982,-0.2391066,0.29104477,-0.13212818,0.08355116,0.07093696
2026-01-13,-0.17005204,0.22246122,-0.31656748,-0.30853146,0.571019,-0.32177144,-0.05615866,0.23844372
2026-01-14,-0.13665444,0.10075157,-0.008724291,-0.25042027,0.23377761,-0.18613908,-0.10476783,0.089900464
2026-01-15,-0.12017538,0.11332018,-0.19104181,-0.27043718,0.3986724,-0.25788513,-0.010017872,0.124471545
2026-01-16,-0.11559503,0.15340117,-0.269665,-0.28159815,0.4664558,-0.2689433,0.0078410655,0.16345696
2026-01-19,-0.08497095,0.09820649,-0.12544857,-0.22875774,0.28655586,-0.16476479,0.027666688,0.08222023
2026-01-20,-0.12561578,0.16737385,-0.31662935,-0.29915613,0.5281199,-0.30985305,0.0111677125,0.18953823
2026-01-21,-0.04924428,0.07344758,-0.11351171,-0.22688818,0.23140591,-0.12987058,0.031377707,0.05125549
2026-01-22,-0.109429464,0.1483516,-0.24868515,-0.28336936,0.44026205,-0.26301634,-0.01269082,0.15049115
2026-01-23,-0.012033112,0.07559864,-0.15390632,-0.21696904,0.22703347,-0.10324398,0.08326361,0.040516365
2026-01-26,-0.17062657,0.2376622,-0.3807019,-0.34937808,0.65116245,-0.40859526,-0.0763908,0.2569685
2026-01-27,-0.02276739,0.1365202,-0.306449,-0.25764686,0.38544685,-0.1704215,0.074969396,0.11151637
2026-01-28,-0.07308104,0.15422446,-0.25673157,-0.2688761,0.4057426,-0.22351652,0.024183802,0.1341422
2026-01-29,-0.17431457,0.14706956,-0.14814927,-0.2712524,0.41890252,-0.2796103,-0.05354671,0.16278471
2026-01-30,-0.104057245,0.19741777,-0.38873807,-0.28483382,0.56769836,-0.28720948,0.07349576,0.20538266
2026-02-02,-0.26909646,0.20575172,-0.23465173,-0.31166792,0.60745144,-0.3909675,-0.1220963,0.25969958
2026-02-03,0.013998816,0.07365556,-0.2192686,-0.23536289,0.27122816,-0.13780701,0.11974883,0.044418458
2026-02-04,-0.07400482,0.15177819,-0.30135235,-0.3148915,0.4645338,-0.3034463,-0.020841308,0.14380652
2026-02-05,-0.10841201,0.16791871,-0.3492574,-0.31842476,0.5416532,-0.32251835,-0.006397128,0.18942995
2026-02-06,-0.05714199,0.09508394,-0.06904324,-0.17950432,0.1770001,-0.041249316,0.04737699,0.04873811
2026-02-09,-0.08617075,0.14012682,-0.21813892,-0.2607674,0.37629122,-0.2048867,0.002036646,0.12454702
2026-02-10,-0.10816118,0.14873347,-0.25292054,-0.27405667,0.43997478,-0.2516384,0.00075445324,0.14720768
2026-02-11,-0.10293124,0.10265282,-0.130607,-0.2392295,0.311594,-0.18533887,0.008003309,0.09823345
2026-02-12,-0.056178227,0.10497047,-0.16290805,-0.2336331,0.28696966,-0.14682698,0.043425392,0.083447784
2026-02-13,-0.1695099,0.15865067,-0.21347907,-0.2776277,0.47110993,-0.28697172,-0.045643643,0.17598152
2026-02-24,-0.107046165,0.16520935,-0.21286634,-0.25798523,0.39113763,-0.20371793,-0.014484823,0.14615418
2026-02-25,-0.07005621,0.10807904,-0.12239645,-0.21007213,0.25625017,-0.11433919,0.04264392,0.076961786
2026-02-26,-0.103127524,0.16631803,-0.24136831,-0.25871885,0.41943255,-0.22137073,0.013482071,0.14923453
2026-02-27,-0.045618385,0.07636884,-0.14301391,-0.2296601,0.2570026,-0.14025585,0.04785912,0.056834377
2026-03-02,-0.08883591,0.11546145,-0.20871036,-0.24759197,0.3769598,-0.21339178,0.056297973,0.115158096
2026-03-03,-0.28573942,0.32473257,-0.39988804,-0.3567527,0.7887108,-0.4630749,-0.13732578,0.36821586
2026-03-04,-0.12040256,0.04269067,-0.05685662,-0.23598936,0.26879135,-0.20927003,-0.0038100556,0.058022793
2026-03-05,-0.1687711,0.19174004,-0.23373446,-0.2766669,0.48690802,-0.27909502,-0.048024222,0.19423777
2026-03-06,-0.07499589,0.095219865,-0.09523698,-0.21957529,0.23906103,-0.12639861,0.0144909695,0.06943741
2026-03-09,-0.01254753,0.18136433,-0.37736234,-0.26621166,0.44374686,-0.1813113,0.094147615,0.14471757
2026-03-10,-0.082459316,0.12464058,-0.24024104,-0.26982534,0.40212986,-0.23726818,0.023775198,0.12118854
2026-03-11,-0.1170458,0.14872453,-0.22772817,-0.28143343,0.4287726,-0.26184803,-0.023870043,0.14960937
2026-03-12,-0.11553925,0.12163518,-0.25667807,-0.3047024,0.46351108,-0.30958232,-0.027028397,0.14498211
2026-03-13,-0.16411188,0.13730267,-0.1642479,-0.26004,0.41187438,-0.24889582,-0.04723531,0.14958519
2026-03-16,-0.101178125,0.1950222,-0.37212047,-0.2885149,0.5519652,-0.29379204,0.04471415,0.18952574
2026-03-17,-0.22825034,0.1944111,-0.22832873,-0.29711446,0.5531085,-0.34735802,-0.10339929,0.22327256
2026-03-18,-0.05011957,0.12798151,-0.2854802,-0.2847798,0.4135785,-0.2438516,0.035357304,0.118600965
2026-03-19,-0.17541815,0.17845948,-0.239167,-0.29592726,0.5024034,-0.3045547,-0.066630155,0.2021682
2026-03-20,-0.19729598,0.18217751,-0.2022177,-0.2652738,0.48869333,-0.28478825,-0.038309745,0.19982485
2026-03-23,-0.28277665,0.20003772,-0.1856696,-0.31175584,0.580375,-0.4009769,-0.16049339,0.24538219
2026-03-24,-0.011761478,0.18296485,-0.36419493,-0.32411343,0.45014507,-0.25917327,0.001067169,0.14993533
2026-03-25,-0.0852789,0.043177914,-0.060231198,-0.21973255,0.22887146,-0.16349636,0.031829976,0.039966382
2026-03-26,-0.18710615,0.1559507,-0.20384789,-0.30438215,0.49080068,-0.3355721,-0.08915147,0.18708637
2026-03-27,-0.018763602,0.0553793,-0.047132846,-0.16289812,0.118531644,-0.019583266,0.11043818,0.002391378
2026-03-30,-0.028765587,0.14189386,-0.20860338,-0.22664228,0.29594815,-0.11641061,0.08046679,0.09975915
2026-03-31,-0.20088181,0.14071926,-0.22214997,-0.2934179,0.5220227,-0.345619,-0.059267506,0.18463017
2026-04-01,-0.10527821,0.16634999,-0.26297137,-0.27305442,0.4464989,-0.24792743,0.005634956,0.1566511
2026-04-02,-0.18211734,0.18401778,-0.25458416,-0.31257743,0.53761894,-0.3542313,-0.07285167,0.20923886
2026-04-03,-0.14801021,0.18021242,-0.3023846,-0.3057571,0.53401625,-0.31365085,-0.044307247,0.19966021
2026-04-07,-0.119254805,0.09992833,-0.16776176,-0.26947984,0.3724604,-0.24516907,-0.022847697,0.11519943
2026-04-08,0.007552473,0.076328486,-0.14872585,-0.20328864,0.19459766,-0.064083755,0.10542042,0.03145789
2026-04-09,-0.11207554,0.13260216,-0.20306562,-0.2720083,0.39387035,-0.23509827,-0.028644435,0.13293096
2026-04-10,-0.11886902,0.08316553,-0.123165056,-0.24683496,0.32534796,-0.21205455,-0.007451467,0.09397106
2026-04-13,-0.096676916,0.09866677,-0.16808659,-0.24686259,0.34223974,-0.20262137,0.01732365,0.09842236
2026-04-14,-0.09652164,0.1505227,-0.21598122,-0.28273728,0.3973639,-0.24950495,-0.030165903,0.13615437
2026-04-15,-0.18295914,0.17727974,-0.2462415,-0.2947836,0.522877,-0.3262491,-0.058808714,0.19959028
2026-04-16,-0.035146486,0.09026938,-0.15667662,-0.24007863,0.26296505,-0.14900413,0.04381596,0.06441206
2026-04-17,-0.0717294,0.12509674,-0.21949376,-0.25625247,0.36136764,-0.19258823,0.026098289,0.113818794
2026-04-20,-0.09499949,0.09726475,-0.12496486,-0.24258539,0.30182323,-0.19162348,0.003384687,0.08763184
2026-04-21,-0.10221525,0.17603673,-0.29171345,-0.27855945,0.4702311,-0.2543848,0.008553177,0.16635439
2026-04-22,-0.03641268,0.07983588,-0.13918975,-0.22154051,0.24498677,-0.13029282,0.06875254,0.05200788
2026-04-23,-0.13804626,0.17229143,-0.3285192,-0.3180342,0.5544136,-0.33992547,-0.0394362,0.19406222
2026-04-24,-0.05731193,0.14537813,-0.29632884,-0.28754184,0.42725807,-0.23983881,0.020492978,0.13426316
2026-04-27,-0.093650654,0.12558421,-0.17514153,-0.2481355,0.34346876,-0.1930856,0.001439549,0.10924263
2026-04-28,-0.15711945,0.18231146,-0.24121967,-0.289575,0.48668864,-0.29436144,-0.051295117,0.18915097
2026-04-29,-0.010918558,0.07207968,-0.12340525,-0.21063244,0.19508854,-0.08590819,0.07897175,0.033818595
2026-04-30,-0.082947545,0.14313635,-0.25559285,-0.27664936,0.4171236,-0.24072358,0.01445052,0.1364491
2026-05-06,-0.06921555,0.06873985,-0.05962789,-0.20146552,0.19909646,-0.10678774,0.04253658,0.044255115
2026-05-07,-0.053434633,0.13083127,-0.2528149,-0.259303,0.37463135,-0.19317554,0.0467391,0.11439434
2026-05-08,-0.085677706,0.098289594,-0.20365337,-0.2583847,0.36951208,-0.2245534,0.03082377,0.10162388
2026-05-11,-0.064653404,0.1407274,-0.19716446,-0.24740392,0.3281848,-0.16317019,0.016276926,0.111242056
2026-05-12,-0.12400715,0.1777921,-0.2810614,-0.29816464,0.4885276,-0.2894806,-0.03686531,0.17879646
2026-05-13,0.0008777939,0.07805832,-0.16297437,-0.21372992,0.22390133,-0.09946607,0.10257131,0.035675947
2026-05-14,-0.19151744,0.22718239,-0.3982137,-0.33622172,0.68290484,-0.4044137,-0.05430086,0.26442325
2026-05-15,-0.19634287,0.26675427,-0.27200598,-0.29856458,0.5542655,-0.3059505,-0.08723077,0.26271847
2026-05-18,-0.12802804,0.0989223,-0.09454527,-0.23389435,0.3072767,-0.19750078,-0.011244081,0.09590241
2026-05-19,-0.025669988,0.14988619,-0.3193683,-0.26957795,0.4126259,-0.20443837,0.088126875,0.12912932
2026-05-20,-0.063699216,0.1343494,-0.22009476,-0.24368995,0.35703656,-0.18710127,0.053810626,0.10730572
2026-05-21,-0.31539702,0.1776174,-0.120468825,-0.26901898,0.5366919,-0.3441363,-0.14175671,0.23471275
2026-05-22,-0.04081998,0.103700556,-0.22593245,-0.23602429,0.33371222,-0.16287787,0.091200806,0.08819255
2026-05-25,-0.05211144,0.15560344,-0.2567576,-0.26556668,0.38057837,-0.20163101,0.030221667,0.12352656
2026-05-26,-0.097786754,0.1756193,-0.29852113,-0.30340484,0.48637933,-0.30530417,-0.02151008,0.15975474
2026-05-27,-0.1988822,0.15713866,-0.1735564,-0.3047541,0.479245,-0.34770197,-0.1105181,0.18197815
2026-05-28,-0.03924904,0.10978761,-0.2681315,-0.26032326,0.37206802,-0.18809941,0.06628887,0.10370001
2026-05-29,-0.2527498,0.23978224,-0.29208237,-0.3058073,0.64319193,-0.3838877,-0.08893414,0.27351353
2026-06-01,-0.17981654,0.1318286,-0.16802824,-0.26523992,0.44253567,-0.29062235,-0.048405603,0.14766619
2026-06-02,-0.06365032,0.17421108,-0.26811388,-0.23644873,0.3876243,-0.1543491,0.05669068,0.1360382
2026-06-03,-0.13568522,0.11272487,-0.081871904,-0.21009916,0.28847572,-0.14397652,0.0038663372,0.10815309
2026-06-04,-0.09192821,0.093919195,-0.13387185,-0.23302546,0.29955193,-0.16916095,0.023531727,0.089208215
2026-06-05,-0.180183,0.18560457,-0.17292286,-0.24250343,0.42574894,-0.21338972,-0.05162722,0.17993896
2026-06-08,-0.18932468,0.15286061,-0.1649994,-0.314812,0.46222243,-0.34876388,-0.1288338,0.17674926
2026-06-09,0.014701469,0.12280164,-0.27736354,-0.24633193,0.3230045,-0.14455877,0.10515591,0.077956244
2026-06-10,-0.11449158,0.1371202,-0.25837463,-0.30443007,0.46850398,-0.31373227,-0.011265583,0.15703398
2026-06-11,-0.12548754,0.14810762,-0.24451645,-0.27027556,0.45521203,-0.26715332,0.015128642,0.15650067
2026-06-12,-0.15233178,0.18147704,-0.19838232,-0.26513457,0.42763838,-0.23357421,-0.05144015,0.17632146
2026-06-15,-0.020055834,0.04523334,-0.10238038,-0.21786705,0.19239964,-0.114181206,0.06544613,0.018519841
2026-06-16,-0.069266334,0.1271631,-0.16884118,-0.24154735,0.309128,-0.16422282,0.018725395,0.09938696
