date,0,1,2,3,4,5,6,7
2015-01-05,0.015444852,-0.20265308,-0.69206804,-0.7044376,-0.20214292,0.23377624,0.13475613,-0.42317784
2015-01-06,0.026588492,-0.1986785,-0.5456771,-0.59118164,-0.242362,0.18168244,-0.060073514,-0.2911255
2015-01-07,0.05324413,-0.19197688,-0.5775636,-0.6404607,-0.27915925,0.1657627,-0.07798427,-0.31939742
2015-01-08,-0.007617276,-0.1851036,-0.41979736,-0.43393227,-0.16599838,0.16782066,-0.05221869,-0.20604333
2015-01-09,0.019796029,-0.2067413,-0.690098,-0.7065835,-0.2016892,0.2306209,0.11707072,-0.4260456
2015-01-12,0.01939018,-0.19585171,-0.49998644,-0.54518986,-0.2506861,0.17583102,-0.0983109,-0.23797455
2015-01-13,0.046551704,-0.19153522,-0.5511978,-0.60669714,-0.24770004,0.16284356,-0.06666007,-0.3119913
2015-01-14,0.053568117,-0.1871057,-0.52133566,-0.58531356,-0.25481853,0.14548361,-0.1040979,-0.29318106
2015-01-15,0.022392377,-0.19603717,-0.65061814,-0.6685885,-0.21371892,0.2149097,0.089447185,-0.38190868
2015-01-16,0.040729463,-0.19338527,-0.59177333,-0.63588494,-0.23734549,0.18003203,-0.012496177,-0.34487963
2015-01-19,0.06922786,-0.17644386,-0.33012286,-0.4319423,-0.29807645,0.07470999,-0.33931756,-0.12646586
2015-01-20,0.0895123,-0.19129601,-0.6807078,-0.7640833,-0.32932472,0.16521251,-0.054672547,-0.40216172
2015-01-21,0.042750478,-0.2071751,-0.77004135,-0.80109024,-0.23642838,0.2355606,0.14716911,-0.48629886
2015-01-22,0.021195956,-0.19409613,-0.55089265,-0.5829898,-0.21904641,0.18536374,-0.017315779,-0.3040488
2015-01-23,0.061163783,-0.18259358,-0.54459,-0.60737664,-0.25477418,0.14286983,-0.08026819,-0.31998095
2015-01-26,0.017035678,-0.19053122,-0.5379246,-0.5641109,-0.20475255,0.18288532,-0.0053316094,-0.29940712
2015-01-27,0.001145266,-0.19119862,-0.43586257,-0.4678828,-0.22388127,0.17070343,-0.110196285,-0.18546167
2015-01-28,0.042241357,-0.18737096,-0.544284,-0.5879963,-0.21143371,0.16105598,-0.026191648,-0.32576123
2015-01-29,0.032916456,-0.19771647,-0.5753346,-0.6219453,-0.24340883,0.18341643,-0.03671868,-0.32447913
2015-01-30,0.01092238,-0.19550402,-0.46548072,-0.5047264,-0.2133308,0.1699155,-0.093877494,-0.23545238
2015-02-02,0.050713718,-0.1835975,-0.55108124,-0.60123867,-0.23424754,0.15499753,-0.042764846,-0.32401606
2015-02-03,0.0020849705,-0.19716685,-0.5679121,-0.5833885,-0.19886044,0.2077732,0.0354767,-0.3128946
2015-02-04,0.058527753,-0.18397945,-0.5176425,-0.58092016,-0.2533303,0.13985437,-0.10362494,-0.28976953
2015-02-05,0.028441586,-0.17372283,-0.41748756,-0.4521627,-0.18607052,0.12932742,-0.09462507,-0.22778067
2015-02-06,0.046887174,-0.18624783,-0.49134007,-0.54968494,-0.2394177,0.14230749,-0.11191908,-0.27115586
2015-02-09,0.044353284,-0.19633664,-0.6466701,-0.68784285,-0.23205677,0.19429162,0.043062143,-0.3925556
2015-02-10,0.05611734,-0.19677936,-0.6404355,-0.69766295,-0.26759702,0.18291973,-0.013935313,-0.37937042
2015-02-11,0.045075387,-0.19484639,-0.587355,-0.6397683,-0.24999312,0.17650172,-0.034650013,-0.33661196
2015-02-12,0.016636983,-0.19309224,-0.5651665,-0.5892618,-0.20166364,0.19222999,0.022006094,-0.32279867
2015-02-13,0.06403583,-0.18873599,-0.6175077,-0.67407346,-0.2483843,0.16475093,-0.012397744,-0.38089833
2015-02-16,0.031776063,-0.1942899,-0.5978205,-0.63447374,-0.2324743,0.19009195,0.0076948255,-0.3426253
2015-02-17,0.050435476,-0.19133528,-0.57945037,-0.6355938,-0.2553676,0.16739716,-0.048387747,-0.33410963
2015-02-25,0.035496697,-0.18076295,-0.47068432,-0.5129582,-0.20333396,0.14366937,-0.07158193,-0.2621689
2015-02-26,0.033920698,-0.19264418,-0.6735586,-0.6969409,-0.2076078,0.20770612,0.11189102,-0.4225511
2015-02-27,0.0428541,-0.1887168,-0.55260235,-0.60065764,-0.23703489,0.16434473,-0.04607795,-0.31684053
2015-03-02,0.033776566,-0.18713036,-0.53669125,-0.57542485,-0.22546968,0.16772766,-0.036480725,-0.29765958
2015-03-03,0.03466946,-0.18150696,-0.46600604,-0.5110412,-0.21807018,0.14319,-0.094691664,-0.25097495
2015-03-04,0.029896602,-0.19733599,-0.57183087,-0.6139504,-0.23875406,0.18630669,-0.029143851,-0.315107
2015-03-05,0.032362357,-0.18594192,-0.49353024,-0.53940815,-0.22806409,0.1557366,-0.080898985,-0.26519835
2015-03-06,0.036510833,-0.191383,-0.5257032,-0.5761725,-0.23798627,0.16350172,-0.07316375,-0.28986686
2015-03-09,-0.020638015,-0.20602486,-0.6496932,-0.63589746,-0.16836008,0.2552098,0.15865509,-0.36985466
2015-03-10,0.02746547,-0.1897786,-0.5391306,-0.5732487,-0.20996195,0.17431074,-0.017954953,-0.30622557
2015-03-11,0.054006316,-0.19596697,-0.5648075,-0.6349726,-0.285336,0.16307707,-0.10638876,-0.30847117
2015-03-12,0.039740138,-0.19066152,-0.6221492,-0.6563467,-0.22177473,0.18800469,0.04108543,-0.37677786
2015-03-13,0.05665578,-0.19209284,-0.5751016,-0.6391038,-0.27003595,0.16210571,-0.07452513,-0.32535037
2015-03-16,0.04653383,-0.19160703,-0.65006125,-0.6883447,-0.23301205,0.19090286,0.051659785,-0.39662352
2015-03-17,0.039609797,-0.18848312,-0.5597717,-0.60369074,-0.22714844,0.16923645,-0.023609068,-0.325351
2015-03-18,0.039523087,-0.19870222,-0.6548614,-0.69625497,-0.24952033,0.20226596,0.034025818,-0.38498503
2015-03-19,0.04491891,-0.18635249,-0.54162914,-0.59174305,-0.23953155,0.1587429,-0.056049567,-0.30720478
2015-03-20,0.02410876,-0.2006419,-0.61651015,-0.64650923,-0.21093497,0.2049748,0.045946755,-0.3623774
2015-03-23,0.051523708,-0.18958454,-0.60259163,-0.6539178,-0.25341344,0.17253815,-0.019807644,-0.35300702
2015-03-24,0.0057004318,-0.19626588,-0.50896376,-0.5355497,-0.21155018,0.18827349,-0.041107707,-0.2594845
2015-03-25,0.030395031,-0.19371149,-0.53818864,-0.58447474,-0.24922305,0.17525041,-0.067423195,-0.28266636
2015-03-26,0.056694046,-0.1905483,-0.60556054,-0.6581273,-0.2515202,0.16961536,-0.021910429,-0.3577892
2015-03-27,0.032415405,-0.19212678,-0.5840592,-0.61869603,-0.21326068,0.18342991,0.014614552,-0.34665945
2015-03-30,0.031373248,-0.19819011,-0.66553414,-0.69418526,-0.2228798,0.211555,0.0818478,-0.40126467
2015-03-31,0.03600116,-0.18356982,-0.4339668,-0.4871937,-0.22004575,0.13364361,-0.13524133,-0.22727284
2015-04-01,0.05337687,-0.1912148,-0.65012527,-0.6948705,-0.24572727,0.18513048,0.031373613,-0.3965126
2015-04-02,0.029619671,-0.18037274,-0.4588804,-0.50140697,-0.21879134,0.1453162,-0.0936794,-0.24026972
2015-04-03,0.04519602,-0.19721961,-0.61474574,-0.665168,-0.2549939,0.18582326,-0.014434658,-0.35280463
2015-04-07,0.03512559,-0.19040877,-0.5773293,-0.61627656,-0.22596222,0.1792333,-0.0023342222,-0.33492362
2015-04-08,0.017275766,-0.19590718,-0.5638305,-0.5907645,-0.20134333,0.19227901,0.013300113,-0.32446143
2015-04-09,0.005904369,-0.18995875,-0.4542374,-0.4849012,-0.20272666,0.16714686,-0.08019348,-0.22893313
2015-04-10,0.03947305,-0.19359428,-0.6544444,-0.6888977,-0.2342192,0.19882801,0.057701573,-0.3949811
2015-04-13,0.0238351,-0.19441581,-0.5911198,-0.62191224,-0.22248596,0.19502267,0.018748201,-0.33708614
2015-04-14,0.047302775,-0.18274269,-0.5679757,-0.6128389,-0.23661843,0.16224498,-0.021849819,-0.3330097
2015-04-15,0.02000387,-0.19874606,-0.5622259,-0.5969552,-0.23062229,0.1929454,-0.024767011,-0.30304044
2015-04-16,0.0692136,-0.19186628,-0.69565153,-0.7495319,-0.25590765,0.18472862,0.053016163,-0.44092327
2015-04-17,0.037118264,-0.20007437,-0.63688445,-0.6834182,-0.2629812,0.19978486,0.0003552772,-0.36286908
2015-04-20,0.09220238,-0.16563451,-0.48540053,-0.5665193,-0.26311108,0.09219972,-0.14740469,-0.29199657
2015-04-21,0.04684306,-0.19219694,-0.62578285,-0.67295945,-0.24533486,0.18394588,0.01244323,-0.37489724
2015-04-22,0.05335708,-0.19753364,-0.672491,-0.72384065,-0.2643067,0.1947633,0.025289327,-0.403796
2015-04-23,0.027666643,-0.18823668,-0.5099004,-0.5474168,-0.20700398,0.16398591,-0.044694163,-0.2885208
2015-04-24,0.00625737,-0.2000596,-0.5255095,-0.5582464,-0.2386156,0.19582802,-0.05666168,-0.25518835
2015-04-27,0.02889368,-0.19919682,-0.5798557,-0.62349063,-0.24484995,0.189474,-0.030781237,-0.32085437
2015-04-28,0.04522405,-0.18461508,-0.49347904,-0.5497449,-0.23562297,0.14446716,-0.09599459,-0.27017072
2015-04-29,0.030010715,-0.18843582,-0.5851853,-0.61182743,-0.20199494,0.18396556,0.03832352,-0.3485365
2015-04-30,0.041078754,-0.1921745,-0.5548734,-0.6060357,-0.2423009,0.16842434,-0.053572357,-0.3152667
2015-05-04,0.04500834,-0.18298522,-0.56498045,-0.60512036,-0.2214326,0.16416125,-0.0059778877,-0.33356258
2015-05-05,0.028447919,-0.18001416,-0.35906872,-0.41493383,-0.22725204,0.1181574,-0.20462948,-0.15396011
2015-05-06,0.10397616,-0.17836618,-0.56894785,-0.66214335,-0.28415683,0.11184679,-0.11955178,-0.35976344
2015-05-07,0.03690517,-0.1851865,-0.5017411,-0.5490588,-0.23485911,0.15438075,-0.08336589,-0.27063084
2015-05-08,0.040184513,-0.18601196,-0.53468066,-0.58601606,-0.2596693,0.1630093,-0.0738094,-0.2810948
2015-05-11,0.02631864,-0.19890155,-0.6548567,-0.6792582,-0.21923515,0.21322992,0.078509554,-0.38786948
2015-05-12,0.027516961,-0.19409972,-0.5860889,-0.61864,-0.2185351,0.19063142,0.015978493,-0.33642614
2015-05-13,0.03851956,-0.18199345,-0.49411902,-0.53747135,-0.21407852,0.14783831,-0.065194376,-0.27769685
2015-05-14,0.038453877,-0.18678461,-0.5328272,-0.5786685,-0.23035875,0.16220567,-0.04991106,-0.3006276
2015-05-15,-0.0071280748,-0.18867718,-0.46312475,-0.47642875,-0.1820014,0.18118197,-0.032791693,-0.23228708
2015-05-18,0.04715304,-0.18786342,-0.554362,-0.60484356,-0.24097863,0.16103776,-0.0506834,-0.3185156
2015-05-19,0.084133625,-0.19589446,-0.7605237,-0.82633954,-0.294855,0.1934232,0.057892613,-0.48265344
2015-05-20,0.045508035,-0.1915906,-0.6155873,-0.6553556,-0.22396603,0.18135512,0.024122886,-0.3743165
2015-05-21,0.056305945,-0.18917322,-0.6166615,-0.669749,-0.25424844,0.17240909,-0.009505037,-0.36815834
2015-05-22,0.037389174,-0.19274503,-0.6057038,-0.644953,-0.23172149,0.18640134,0.014021456,-0.35589483
2015-05-25,0.06404042,-0.2027645,-0.7189647,-0.7805612,-0.28687003,0.20147195,0.030113965,-0.43822402
2015-05-26,0.036012307,-0.18772377,-0.6072935,-0.63866895,-0.2191067,0.18642947,0.040822245,-0.36034817
2015-05-27,0.017460465,-0.18760498,-0.5163296,-0.5436143,-0.20438078,0.17642426,-0.019469772,-0.27880868
2015-05-28,0.06099756,-0.17380044,-0.33450598,-0.41851094,-0.26150224,0.080950275,-0.28782672,-0.14350742
2015-05-29,0.04669954,-0.17940973,-0.5283241,-0.5642879,-0.1935415,0.14931759,-0.011159342,-0.31984258
2015-06-01,0.05264067,-0.21200925,-0.8315204,-0.8718301,-0.26937655,0.2483707,0.16025338,-0.52346754
2015-06-02,0.026240185,-0.19390409,-0.5653942,-0.6025331,-0.24157816,0.18724003,-0.023947287,-0.29961443
2015-06-03,-0.0063111708,-0.19479439,-0.47083426,-0.48887187,-0.19761376,0.18717858,-0.050163247,-0.22317141
2015-06-04,0.001086846,-0.19582757,-0.41347536,-0.46143663,-0.2723334,0.17056395,-0.18239681,-0.12879205
2015-06-05,0.02441752,-0.19646206,-0.5055276,-0.5541502,-0.24499193,0.173183,-0.09280254,-0.25149065
2015-06-08,0.00571654,-0.19972011,-0.62174773,-0.636128,-0.20888972,0.22152978,0.07290731,-0.3525395
2015-06-09,0.0141250715,-0.19132322,-0.47507557,-0.5123304,-0.22551954,0.16900523,-0.08965001,-0.23431358
2015-06-10,0.02842711,-0.1962636,-0.6264864,-0.65236336,-0.21119356,0.20195033,0.057935774,-0.3727547
2015-06-11,0.040354326,-0.18546712,-0.54197323,-0.58575034,-0.22793394,0.16279468,-0.037651226,-0.30925462
2015-06-12,0.02380263,-0.19458205,-0.56445366,-0.59909904,-0.21544892,0.18594936,-0.004578203,-0.32469252
2015-06-15,0.0043819845,-0.19236088,-0.4481545,-0.47644782,-0.19842207,0.16909838,-0.0849164,-0.22095883
2015-06-16,0.042767838,-0.17679629,-0.44062155,-0.49317336,-0.21384904,0.1256137,-0.11650943,-0.24606785
2015-06-17,-0.025646195,-0.20434994,-0.5669741,-0.5632284,-0.16764128,0.23339242,0.07869516,-0.30907428
2015-06-18,0.05185125,-0.17949632,-0.4584516,-0.519732,-0.23824033,0.12450259,-0.13979158,-0.25285774
2015-06-19,0.061949685,-0.1770614,-0.42962414,-0.5048495,-0.26138195,0.107695885,-0.19735351,-0.2242156
2015-06-23,-0.014714275,-0.22457525,-0.6640015,-0.676898,-0.21649492,0.26195532,0.079301104,-0.36583114
2015-06-24,0.01966685,-0.20154963,-0.59172887,-0.6299629,-0.25411937,0.20435965,-0.018241357,-0.3104578
2015-06-25,0.06666893,-0.1690036,-0.43062758,-0.4971338,-0.23210981,0.099725686,-0.15632942,-0.24521178
2015-06-26,0.069629446,-0.1667692,-0.26154506,-0.35975292,-0.28414917,0.048522342,-0.38194767,-0.08131022
2015-06-29,-0.07514159,-0.19967648,-0.23290557,-0.2312114,-0.16324097,0.17907286,-0.2007115,0.012899891
2015-06-30,-0.04906144,-0.20826611,-0.8218446,-0.74782115,-0.043302238,0.32238078,0.48166943,-0.5748292
2015-07-01,0.10548802,-0.18640637,-0.56346637,-0.6688712,-0.31652653,0.11459337,-0.1755224,-0.3353782
2015-07-02,0.08591594,-0.15364109,-0.3037043,-0.3988431,-0.25129429,0.040718626,-0.29035112,-0.15033123
2015-07-03,-0.002339393,-0.14690098,-0.31665966,-0.29339293,-0.013452835,0.10785758,0.05151145,-0.23412967
2015-07-06,-0.092156924,-0.14161229,-0.054792598,-0.0142960325,0.011514511,0.109382175,-0.109335944,0.06077227
2015-07-07,-0.033520367,-0.21297163,-0.47394907,-0.4897359,-0.20977464,0.2185406,-0.07355101,-0.20555744
2015-07-08,0.13675472,-0.17044811,-0.5238097,-0.65011597,-0.32738793,0.06589232,-0.23080598,-0.33281234
2015-07-09,0.110147715,-0.2515746,-1.1814073,-1.259768,-0.38744587,0.32114545,0.26762494,-0.7788742
2015-07-10,0.1453165,-0.22948018,-1.0072576,-1.1403984,-0.45835236,0.23104797,0.023033492,-0.6376373
2015-07-13,0.059820995,-0.19012874,-0.7050948,-0.7396213,-0.20539604,0.19307224,0.12419602,-0.47119164
2015-07-14,0.080689296,-0.18634854,-0.56290674,-0.65116894,-0.314508,0.13807705,-0.1400204,-0.30675054
2015-07-15,0.035293058,-0.1778452,-0.33475417,-0.4061465,-0.26078814,0.104306765,-0.2678477,-0.1266241
2015-07-16,0.10551907,-0.19079994,-0.7274724,-0.81398594,-0.32726848,0.16452985,-0.017823663,-0.45180166
2015-07-17,0.024591975,-0.20370018,-0.7077487,-0.7272052,-0.22754255,0.23368147,0.11959572,-0.41785803
2015-07-20,0.026034363,-0.20014855,-0.5613511,-0.60607076,-0.25904575,0.18891558,-0.06236506,-0.28989813
2015-07-21,0.058645442,-0.19740881,-0.67553,-0.72864676,-0.2537988,0.19033754,0.031757325,-0.41973782
2015-07-22,0.02733849,-0.1918659,-0.5194012,-0.56481665,-0.25006312,0.17236656,-0.079725735,-0.2624361
2015-07-23,0.045593604,-0.19712844,-0.677431,-0.71708405,-0.24187979,0.20226943,0.06099116,-0.4131206
2015-07-24,0.05489672,-0.18152967,-0.520614,-0.57623243,-0.23465171,0.14025795,-0.07884156,-0.307028
2015-07-27,0.10228635,-0.17533927,-0.40293488,-0.5204184,-0.3191623,0.06542745,-0.32340157,-0.20640439
2015-07-28,0.087101966,-0.18379913,-0.76197356,-0.81382304,-0.26720142,0.18750219,0.11203238,-0.4948908
2015-07-29,-0.01617952,-0.19468287,-0.52030826,-0.52593064,-0.1861322,0.20961028,0.026254132,-0.26278046
2015-07-30,0.055596046,-0.19129565,-0.56880665,-0.6267769,-0.24884087,0.1598759,-0.060842127,-0.3327437
2015-07-31,0.038034722,-0.1906383,-0.5673255,-0.6083475,-0.22276613,0.17366889,-0.014437638,-0.33074513
2015-08-03,0.04180018,-0.19536564,-0.5796099,-0.63323385,-0.2653124,0.17747378,-0.056041308,-0.31759045
2015-08-04,0.023030765,-0.20315251,-0.7092164,-0.72807807,-0.21068367,0.23242232,0.13744485,-0.43919742
2015-08-05,0.022496827,-0.18796109,-0.46075687,-0.5044314,-0.2366769,0.15646449,-0.11770356,-0.22176489
2015-08-06,0.07683247,-0.18780382,-0.6078913,-0.6797348,-0.2781976,0.15215419,-0.06163775,-0.36499494
2015-08-07,0.06570475,-0.19442314,-0.6293068,-0.6947682,-0.2765686,0.17023024,-0.040078074,-0.3746029
2015-08-10,0.031575076,-0.20143682,-0.7690856,-0.78252363,-0.21204793,0.2422685,0.19330847,-0.48862535
2015-08-11,0.020164624,-0.19305155,-0.52400005,-0.5577812,-0.21683338,0.17855142,-0.039390735,-0.28199962
2015-08-12,0.058511302,-0.19552025,-0.5928572,-0.6599622,-0.2745469,0.1659481,-0.07147328,-0.34204513
2015-08-13,0.011669166,-0.20404625,-0.552977,-0.5908945,-0.24157453,0.19946766,-0.04588908,-0.2848428
2015-08-14,0.042800874,-0.18517515,-0.5276525,-0.5761247,-0.23354301,0.15580437,-0.060556382,-0.2983394
2015-08-17,0.020944275,-0.19260323,-0.56423074,-0.5933148,-0.20782214,0.18767989,0.010785297,-0.32460773
2015-08-18,0.0763939,-0.17068735,-0.33432835,-0.43201298,-0.2826912,0.06501828,-0.32149875,-0.15022501
2015-08-19,-0.01752644,-0.22274137,-0.6352161,-0.6554128,-0.24443024,0.25670052,0.028560296,-0.32507312
2015-08-20,0.057094857,-0.17968608,-0.5218378,-0.5781375,-0.2368212,0.13897231,-0.07467508,-0.3055937
2015-08-21,-0.0096630715,-0.18623377,-0.35941863,-0.3836001,-0.19499144,0.15450376,-0.14479305,-0.13345543
2015-08-24,-0.060665216,-0.16431221,-0.1259645,-0.10388349,-0.059648693,0.12129398,-0.15375718,0.02393907
2015-08-25,0.14918564,-0.17272186,-0.49679098,-0.6474353,-0.38933212,0.051792216,-0.3386229,-0.28413033
2015-08-26,0.044776067,-0.19042817,-0.6687903,-0.6942092,-0.1731978,0.18935493,0.12162979,-0.46710193
2015-08-27,0.010356128,-0.20034203,-0.56654733,-0.6012166,-0.23912996,0.20230547,-0.019212484,-0.29892826
2015-08-28,0.015292257,-0.2009362,-0.64184195,-0.6656455,-0.23320207,0.22205225,0.062172994,-0.3558323
2015-08-31,-0.022117686,-0.19851376,-0.5502197,-0.544365,-0.16147952,0.22474436,0.079398304,-0.2947701
2015-09-01,0.035705313,-0.18527791,-0.62272125,-0.6490123,-0.20059843,0.18950325,0.08263995,-0.3858759
2015-09-02,0.0655777,-0.18912086,-0.7036224,-0.75132906,-0.25177425,0.18812698,0.072293,-0.44947535
2015-09-07,0.076930776,-0.18814653,-0.49755618,-0.59735817,-0.31448534,0.11903859,-0.21922293,-0.27064285
2015-09-08,-0.0074060224,-0.21519107,-0.6417412,-0.6620324,-0.24313903,0.24908435,0.049076587,-0.32987618
2015-09-09,0.072231665,-0.18948591,-0.61241716,-0.68227386,-0.28101465,0.15908524,-0.05541151,-0.35868067
2015-09-10,0.039650507,-0.19296822,-0.57129335,-0.61632246,-0.23090193,0.1748918,-0.025154006,-0.33095253
2015-09-11,0.053016566,-0.19060019,-0.5471931,-0.612757,-0.27473852,0.15648374,-0.10312481,-0.30027696
2015-09-14,0.0111168325,-0.18135825,-0.2798052,-0.33407736,-0.21682775,0.11145332,-0.2592992,-0.08072884
2015-09-15,0.049761236,-0.18608972,-0.4721075,-0.5385635,-0.25786608,0.13442466,-0.15432276,-0.2483548
2015-09-16,-0.003866747,-0.20340282,-0.65631485,-0.6651296,-0.22935042,0.24448714,0.0982261,-0.3510478
2015-09-17,0.05201681,-0.19275099,-0.64744574,-0.691307,-0.23937136,0.18581316,0.030685201,-0.39867526
2015-09-18,0.025373496,-0.18696204,-0.5068385,-0.5416038,-0.20279175,0.16491911,-0.03723423,-0.28450164
2015-09-21,0.047302686,-0.19854903,-0.6802436,-0.72467196,-0.24825439,0.20209298,0.054389507,-0.4150161
2015-09-22,0.034764856,-0.19906852,-0.6214272,-0.6624449,-0.24417198,0.1966598,0.006530836,-0.35807702
2015-09-23,0.03806088,-0.20009108,-0.56339324,-0.62185943,-0.2702736,0.17805868,-0.08463538,-0.30146903
2015-09-24,0.018199638,-0.19472775,-0.5173299,-0.55386007,-0.22047114,0.17821658,-0.05158711,-0.27580193
2015-09-25,0.0075915903,-0.19645771,-0.4558288,-0.49348992,-0.22417766,0.1711805,-0.11230491,-0.21302226
2015-09-28,0.036103293,-0.18762499,-0.56747967,-0.6045658,-0.2221398,0.17439872,-0.004727103,-0.3283117
2015-09-29,0.025055714,-0.18916646,-0.498436,-0.5387674,-0.22618598,0.16500616,-0.07322414,-0.2620935
2015-09-30,0.04025185,-0.19295774,-0.58544475,-0.63040924,-0.2361038,0.17819902,-0.016197737,-0.34084398
2015-10-08,0.040977538,-0.18427177,-0.53422654,-0.5766309,-0.22025403,0.15896237,-0.03619872,-0.3074561
2015-10-09,0.03468789,-0.19839409,-0.62689936,-0.66679466,-0.23740852,0.19758454,0.021293812,-0.3676379
2015-10-12,0.10257593,-0.19272083,-0.81503475,-0.88442343,-0.2954221,0.19114593,0.100246936,-0.54278326
2015-10-13,0.025412627,-0.19485065,-0.563423,-0.6002569,-0.22598818,0.18543774,-0.017407555,-0.31611848
2015-10-14,0.055110306,-0.18602046,-0.55629134,-0.6142572,-0.25171658,0.15450701,-0.06307648,-0.3212239
2015-10-15,0.056364596,-0.19614947,-0.70486015,-0.74999374,-0.25014737,0.20042652,0.07244636,-0.44061178
2015-10-16,0.033658303,-0.19997945,-0.59453166,-0.6410663,-0.25311938,0.19100219,-0.028812563,-0.32901827
2015-10-19,0.05645114,-0.18199724,-0.530387,-0.58932793,-0.2541345,0.14496765,-0.08362998,-0.29604244
2015-10-20,0.024281278,-0.19253805,-0.56122756,-0.59356683,-0.21656126,0.18532404,-0.0016634054,-0.31530982
2015-10-21,0.073841155,-0.16747922,-0.39727262,-0.4784726,-0.26412958,0.08333705,-0.22749132,-0.2073738
2015-10-22,0.053442612,-0.19643094,-0.63308233,-0.69347894,-0.28769884,0.18467829,-0.034313403,-0.35573465
2015-10-23,0.021314241,-0.1999999,-0.6101084,-0.64160657,-0.23143,0.20560732,0.021745645,-0.3432378
2015-10-26,0.040388234,-0.1865184,-0.5147525,-0.56306523,-0.22901008,0.15471481,-0.06980041,-0.2881057
2015-10-27,-0.0252483,-0.1946047,-0.49697587,-0.4914226,-0.15230049,0.20839012,0.04090418,-0.25935012
2015-10-28,0.04120267,-0.18903565,-0.51425695,-0.5681009,-0.24653015,0.15556073,-0.09441827,-0.2785954
2015-10-29,0.021074422,-0.19653586,-0.57068676,-0.602001,-0.21710277,0.19205129,-0.00038710982,-0.3222386
2015-10-30,0.025832526,-0.19051397,-0.59014463,-0.6137077,-0.19927317,0.19030021,0.045171253,-0.35127345
2015-11-02,0.06495176,-0.18300527,-0.5535343,-0.6166,-0.25572586,0.14404458,-0.07370171,-0.3234464
2015-11-03,0.032317005,-0.18891262,-0.50737274,-0.5526903,-0.2245692,0.16039321,-0.069952115,-0.2794618
2015-11-04,0.055405773,-0.2083557,-0.8223383,-0.8630157,-0.27790403,0.2423346,0.14682673,-0.5113244
2015-11-05,0.091719255,-0.19116905,-0.729232,-0.7966837,-0.2773636,0.173635,0.038820453,-0.47890306
2015-11-06,0.024557158,-0.20231955,-0.65624064,-0.6834403,-0.2203981,0.2159346,0.07170172,-0.3908694
2015-11-09,0.06852639,-0.20099264,-0.67285275,-0.74541366,-0.3032946,0.18463276,-0.03646231,-0.39599574
2015-11-10,0.052474685,-0.1897215,-0.6003912,-0.6546251,-0.260455,0.17161521,-0.029046152,-0.347391
2015-11-11,0.013727672,-0.18872944,-0.5014291,-0.52989227,-0.21045998,0.17525539,-0.041246854,-0.26252162
2015-11-12,0.0074467435,-0.19106784,-0.47850755,-0.5062486,-0.20201786,0.17493811,-0.053890593,-0.24368769
2015-11-13,0.023639947,-0.19530448,-0.53947985,-0.5793337,-0.22695512,0.17968827,-0.04315563,-0.29641545
2015-11-16,0.045131005,-0.192895,-0.6057934,-0.654358,-0.25438923,0.18093562,-0.015705034,-0.34698996
2015-11-17,0.07929684,-0.18737397,-0.55272365,-0.6386139,-0.2999115,0.13418788,-0.14315546,-0.31248382
2015-11-18,0.033981666,-0.1821891,-0.51147723,-0.54981077,-0.21505913,0.1572567,-0.043959375,-0.28749672
2015-11-19,0.021529056,-0.19779667,-0.5821109,-0.6153664,-0.22753,0.19649932,0.0014206208,-0.3228392
2015-11-20,0.032497235,-0.19125651,-0.543191,-0.58428425,-0.22531852,0.1719598,-0.03789834,-0.30533153
2015-11-23,0.060401335,-0.18729779,-0.5609323,-0.62527364,-0.26186833,0.15179124,-0.076345265,-0.3245011
2015-11-24,0.012661777,-0.1935671,-0.5336189,-0.5605243,-0.20243193,0.1869308,-0.0078161545,-0.29415977
2015-11-25,0.030215412,-0.19297825,-0.5810942,-0.61526984,-0.21660599,0.18546295,0.0104932785,-0.33784893
2015-11-26,0.030883253,-0.18656054,-0.49544826,-0.5378576,-0.21831056,0.15736374,-0.06995135,-0.27136084
2015-11-27,0.05974947,-0.16837795,-0.32694262,-0.40657482,-0.2543562,0.0769843,-0.2751263,-0.1413205
2015-11-30,-0.004947707,-0.2011256,-0.502195,-0.5281006,-0.22347727,0.19882336,-0.055890244,-0.23541972
2015-12-01,0.023818292,-0.19792303,-0.593019,-0.6233446,-0.21235174,0.19679016,0.02397418,-0.34302425
2015-12-02,0.03476332,-0.20570362,-0.72590077,-0.7582823,-0.25650012,0.23192601,0.09443174,-0.42654127
2015-12-03,0.029931553,-0.18994051,-0.565115,-0.5980925,-0.21712083,0.18077087,0.0010142066,-0.3206687
2015-12-04,0.025311463,-0.18277551,-0.459397,-0.49745172,-0.21022049,0.15077712,-0.08484629,-0.23977116
2015-12-07,0.048603445,-0.18436371,-0.5510576,-0.60101825,-0.24074632,0.15811896,-0.046490557,-0.3154271
2015-12-08,0.024303012,-0.18830553,-0.5031297,-0.53909016,-0.20437044,0.16531765,-0.044589754,-0.28059238
2015-12-09,0.047445886,-0.18603656,-0.5646576,-0.6131731,-0.23954889,0.16337064,-0.03391783,-0.32735324
2015-12-10,0.051102765,-0.192193,-0.54909843,-0.6109176,-0.26059252,0.15856744,-0.0882694,-0.30730408
2015-12-11,0.021245696,-0.19259694,-0.5489149,-0.5791577,-0.20874247,0.18396302,-0.005169291,-0.30851287
2015-12-14,0.022402003,-0.20221898,-0.6870433,-0.7105378,-0.22955573,0.22781757,0.100278914,-0.4049794
2015-12-15,0.039121315,-0.18445303,-0.5086739,-0.55571496,-0.23133269,0.1537705,-0.0724026,-0.27996945
2015-12-16,0.04678014,-0.18743272,-0.54534745,-0.5980007,-0.24115422,0.1586346,-0.05809737,-0.31184512
2015-12-17,0.063408166,-0.19404456,-0.63113934,-0.6933565,-0.2729604,0.17296201,-0.030159213,-0.37342304
2015-12-18,0.0449818,-0.19150859,-0.5808033,-0.62938595,-0.2473565,0.17305872,-0.033285968,-0.3312543
2015-12-21,0.07113047,-0.20138411,-0.74867386,-0.8076464,-0.2798319,0.2030468,0.06139852,-0.47244877
2015-12-22,0.01451993,-0.1924897,-0.52201,-0.5506834,-0.2090056,0.1821739,-0.026165143,-0.28048682
2015-12-23,0.03573215,-0.19419143,-0.5768019,-0.62084687,-0.24585637,0.18138246,-0.03107224,-0.32016957
2015-12-24,0.0017093271,-0.18958655,-0.4644463,-0.48719418,-0.19411066,0.17522922,-0.05195893,-0.23176816
2015-12-25,0.029714622,-0.19143933,-0.54332113,-0.5825999,-0.22281176,0.17455629,-0.031783722,-0.3041502
2015-12-28,0.04989499,-0.17896837,-0.44796777,-0.5112647,-0.25224176,0.12499713,-0.15789652,-0.22992903
2015-12-29,0.029019281,-0.1949559,-0.5889129,-0.62636244,-0.23462468,0.19032228,-0.0017010793,-0.33256266
2015-12-30,0.02723682,-0.18909812,-0.5258623,-0.564543,-0.2286647,0.17147818,-0.04761609,-0.28274998
2015-12-31,0.032557696,-0.19536173,-0.5481804,-0.5961905,-0.24757826,0.17620602,-0.06214449,-0.29585916
2016-01-04,-0.0069880746,-0.16344531,-0.1606878,-0.19585164,-0.17431669,0.08612227,-0.2892775,0.009476684
2016-01-05,0.09804635,-0.19217904,-0.6334244,-0.7389701,-0.34843487,0.14434516,-0.13371137,-0.36905771
2016-01-06,0.019620895,-0.20356679,-0.62810665,-0.6588452,-0.22841406,0.2131046,0.03726148,-0.36015216
2016-01-07,-0.029002842,-0.16587248,-0.29973695,-0.282575,-0.0928818,0.14218098,-0.04210958,-0.12581605
2016-01-08,0.00047799945,-0.16746825,-0.41627684,-0.40691617,-0.10692933,0.15016827,0.028230771,-0.23737246
2016-01-11,0.057341605,-0.19032267,-0.492529,-0.56719077,-0.27793005,0.13664646,-0.1683065,-0.2566052
2016-01-12,0.033520013,-0.19159544,-0.5642605,-0.60510284,-0.22340453,0.17602345,-0.017376997,-0.32886282
2016-01-13,0.04809951,-0.18643735,-0.49070588,-0.5503426,-0.24858934,0.14190337,-0.122015394,-0.26194653
2016-01-14,0.028110877,-0.2139405,-0.75284857,-0.7830118,-0.24110013,0.24623689,0.12546626,-0.4599129
2016-01-15,0.042067163,-0.18346278,-0.4302105,-0.49502212,-0.25500467,0.12860608,-0.17832056,-0.20718125
2016-01-18,0.047986627,-0.2045688,-0.66664106,-0.7199969,-0.25774398,0.19865456,0.0126772225,-0.405891
2016-01-19,0.020166464,-0.20341727,-0.70558274,-0.7192756,-0.19364783,0.23243059,0.1497789,-0.44647282
2016-01-20,0.023871966,-0.19414075,-0.4866077,-0.5353794,-0.24147815,0.16558325,-0.107790455,-0.24220833
2016-01-21,0.08005223,-0.17806539,-0.5479976,-0.6237675,-0.27572682,0.12730017,-0.106765404,-0.32343245
2016-01-22,-0.002351679,-0.19441038,-0.510698,-0.5239572,-0.18357179,0.19380659,8.813664e-05,-0.27015483
2016-01-25,0.04374297,-0.1802626,-0.49921998,-0.54698783,-0.22643429,0.14482427,-0.072906084,-0.27822903
2016-01-26,0.09001869,-0.17354225,-0.43625578,-0.53276557,-0.2847322,0.08459833,-0.23464061,-0.23910576
2016-01-27,-0.013299722,-0.18918887,-0.42075455,-0.43735617,-0.19175774,0.17804027,-0.07439632,-0.179149
2016-01-28,0.0609729,-0.18632922,-0.5277933,-0.59787977,-0.27791968,0.14150743,-0.12747395,-0.2887487
2016-01-29,0.06802592,-0.20218,-0.75617594,-0.8111182,-0.27961427,0.20939757,0.07423599,-0.47017324
2016-02-01,0.03421519,-0.18872409,-0.46865276,-0.5226192,-0.23618469,0.14855897,-0.121619865,-0.24169698
2016-02-02,0.08198853,-0.19767372,-0.69728327,-0.7744552,-0.30490232,0.17821857,-0.01867348,-0.4259895
2016-02-03,0.017528243,-0.18835841,-0.5329779,-0.5594442,-0.2088832,0.1810728,-0.008985579,-0.29114285
2016-02-04,0.047023878,-0.19744515,-0.59448886,-0.65245205,-0.27308908,0.1784943,-0.057933908,-0.32967117
2016-02-05,0.029316328,-0.18685919,-0.50527537,-0.54494894,-0.21752688,0.16195929,-0.056501776,-0.27600536
2016-02-15,0.037998877,-0.19461855,-0.6296317,-0.6660513,-0.22750577,0.19402063,0.039309703,-0.37588063
2016-02-16,0.07888521,-0.19893488,-0.7220964,-0.7925742,-0.30027863,0.1884285,0.011456862,-0.44493866
2016-02-17,0.037548356,-0.19746965,-0.5918667,-0.6404972,-0.2556002,0.18611547,-0.03216187,-0.32814798
2016-02-18,0.0324307,-0.18867877,-0.5178506,-0.56104594,-0.22644258,0.1632598,-0.060916964,-0.28632137
2016-02-19,0.03457948,-0.19203958,-0.5397215,-0.5846436,-0.23006523,0.16976252,-0.049422037,-0.301708
2016-02-22,0.039417855,-0.18461266,-0.57158,-0.6062239,-0.20804563,0.17089564,0.016530402,-0.34302035
2016-02-23,0.029254533,-0.18762805,-0.47611457,-0.5230231,-0.22816831,0.15434337,-0.098265216,-0.24733374
2016-02-24,0.021862268,-0.19689077,-0.54758406,-0.58970654,-0.24624681,0.1859209,-0.052114606,-0.2869101
2016-02-25,0.029364377,-0.17223117,-0.26583335,-0.32754016,-0.21708757,0.08672361,-0.2773234,-0.0863535
2016-02-26,0.029100701,-0.19526511,-0.57343066,-0.614783,-0.2466175,0.18685898,-0.030032104,-0.31149018
2016-02-29,0.0010753945,-0.16802853,-0.34394008,-0.35815692,-0.1519109,0.13101788,-0.089656405,-0.1564708
2016-03-01,0.014332607,-0.20072953,-0.6267535,-0.6497488,-0.22844595,0.21741441,0.048730448,-0.34880468
2016-03-02,0.04186459,-0.20859474,-0.7771309,-0.8107162,-0.24474421,0.23863833,0.14289297,-0.49041426
2016-03-03,0.03731355,-0.19426994,-0.54975116,-0.60027885,-0.24610728,0.1715823,-0.06328759,-0.3043884
2016-03-04,0.028333567,-0.19977209,-0.62475586,-0.6582898,-0.22370896,0.203686,0.038528226,-0.36511484
2016-03-07,0.040650383,-0.19417956,-0.5430005,-0.6016773,-0.2627625,0.16657248,-0.09008056,-0.29510635
2016-03-08,-0.0196947,-0.17963834,-0.46516436,-0.44919777,-0.118339345,0.18738252,0.066666946,-0.2557027
2016-03-09,0.024251327,-0.19196637,-0.5180466,-0.55736035,-0.22391525,0.17250985,-0.054077055,-0.2775763
2016-03-10,0.036663316,-0.19213726,-0.5419493,-0.5885935,-0.22753033,0.16812825,-0.049148414,-0.31035507
2016-03-11,0.042194985,-0.19332406,-0.59236854,-0.63879687,-0.23437446,0.17765385,-0.010856301,-0.35218093
2016-03-14,0.09492238,-0.19081444,-0.67714757,-0.7599667,-0.30115187,0.15765777,-0.036582932,-0.4233489
2016-03-15,0.01238659,-0.19041245,-0.5072378,-0.5355781,-0.21418124,0.17952693,-0.039902687,-0.26246402
2016-03-16,0.05741313,-0.19885866,-0.64224756,-0.70423234,-0.27338773,0.18339676,-0.022292547,-0.37976676
2016-03-17,0.029436491,-0.20187399,-0.6321485,-0.6697081,-0.22876003,0.20312491,0.030392766,-0.37910137
2016-03-18,0.06989382,-0.18970579,-0.6628744,-0.72101355,-0.26441956,0.1740105,0.012444578,-0.411099
2016-03-21,0.077206194,-0.19440497,-0.6501062,-0.7259455,-0.30129763,0.16772836,-0.052310616,-0.38399482
2016-03-22,0.04037273,-0.1939091,-0.5696997,-0.61959195,-0.24812189,0.1747309,-0.046281353,-0.32016608
2016-03-23,0.03135717,-0.1923981,-0.5422623,-0.5881182,-0.24282458,0.17441839,-0.0552095,-0.29249993
2016-03-24,0.032745317,-0.18839088,-0.53607637,-0.57329005,-0.21591786,0.16827819,-0.030948484,-0.3040103
2016-03-25,0.040764667,-0.19217336,-0.55842566,-0.60879046,-0.24448854,0.16989966,-0.05150994,-0.3153281
2016-03-28,0.05708565,-0.18801111,-0.52221644,-0.5912631,-0.26676768,0.14410989,-0.120436415,-0.28923604
2016-03-29,0.03423406,-0.1889388,-0.49838838,-0.5465629,-0.23475227,0.15759376,-0.08929415,-0.26263267
2016-03-30,0.031100273,-0.20415145,-0.6471172,-0.6878284,-0.2513902,0.20966369,0.021351382,-0.37136948
2016-03-31,0.026514433,-0.18867001,-0.52218956,-0.55824834,-0.21392685,0.16951695,-0.037193917,-0.2910164
2016-04-01,0.0060570687,-0.19848749,-0.534073,-0.561326,-0.21554855,0.19617979,-0.021754693,-0.27820227
2016-04-05,0.04365526,-0.1922288,-0.6506758,-0.6854505,-0.21936575,0.19264293,0.06574595,-0.40627956
2016-04-06,0.044532105,-0.19059211,-0.5637115,-0.61569107,-0.24972647,0.16771404,-0.051557723,-0.31898457
2016-04-07,0.011979699,-0.1888584,-0.47258985,-0.5028223,-0.20132843,0.16775301,-0.062085364,-0.24636608
2016-04-08,0.037676618,-0.18925965,-0.5249062,-0.5733663,-0.23415679,0.16127597,-0.06744354,-0.29212448
2016-04-11,0.06456572,-0.19325241,-0.61004746,-0.6777508,-0.27706313,0.16541338,-0.056547754,-0.35837162
2016-04-12,0.028524153,-0.18923998,-0.51812744,-0.55829245,-0.22141293,0.16764551,-0.050522797,-0.28351822
2016-04-13,0.077115476,-0.19643609,-0.6655359,-0.7391219,-0.29281336,0.17210174,-0.034640767,-0.40417138
2016-04-14,0.03056436,-0.19066197,-0.5355091,-0.57824427,-0.23418528,0.1717341,-0.05036669,-0.29198736
2016-04-15,0.027679466,-0.19016555,-0.5300732,-0.56792074,-0.21783888,0.17197922,-0.035536073,-0.2944852
2016-04-18,0.024804845,-0.18495645,-0.50154436,-0.5352597,-0.21106514,0.1640262,-0.045170814,-0.27152774
2016-04-19,0.026979387,-0.18972799,-0.52415395,-0.56292707,-0.21957335,0.17067525,-0.04177829,-0.28899172
2016-04-20,0.011325352,-0.18621954,-0.35260367,-0.40467638,-0.24593744,0.13635564,-0.21988711,-0.11641096
2016-04-21,0.046027638,-0.19230777,-0.6038445,-0.6514928,-0.24715477,0.178732,-0.012326837,-0.35254294
2016-04-22,0.033487536,-0.19639829,-0.5827674,-0.626714,-0.24440679,0.18550265,-0.026156064,-0.32583958
2016-04-25,0.01558999,-0.18646392,-0.51848537,-0.5392353,-0.18699689,0.17648932,0.0021838993,-0.2910686
2016-04-26,0.02979704,-0.19521908,-0.54994816,-0.59602416,-0.24344093,0.17868698,-0.052686885,-0.29882747
2016-04-27,0.03886363,-0.18668163,-0.5277202,-0.57289463,-0.22978166,0.16053635,-0.05475769,-0.29444265
2016-04-28,0.027296223,-0.19092172,-0.51930994,-0.56116205,-0.23346755,0.17040464,-0.062571205,-0.27435526
2016-04-29,0.03883812,-0.19308755,-0.5676153,-0.6144253,-0.2423869,0.17503375,-0.03867628,-0.3189245
2016-05-03,0.07042226,-0.18940152,-0.65071905,-0.7101411,-0.26711017,0.17064144,-0.0010564215,-0.3964387
2016-05-04,0.028896056,-0.19370817,-0.5604917,-0.5987004,-0.2262015,0.18143111,-0.021315236,-0.31491095
2016-05-05,0.029424042,-0.19269645,-0.5533983,-0.59316593,-0.22980991,0.17858025,-0.030252373,-0.30758592
2016-05-06,0.021428019,-0.18918318,-0.4444934,-0.49059057,-0.23194617,0.15315804,-0.13168935,-0.21241534
2016-05-09,0.011882372,-0.18060726,-0.43278813,-0.45766944,-0.18771845,0.15361062,-0.070742324,-0.21635482
2016-05-10,0.037670635,-0.19093114,-0.561989,-0.6064654,-0.23611328,0.17316467,-0.033201754,-0.31875774
2016-05-11,0.037263863,-0.18971768,-0.5772305,-0.61633253,-0.22475186,0.17658634,-0.0038542524,-0.3380778
2016-05-12,0.041242085,-0.18650246,-0.5889851,-0.62429225,-0.21733388,0.17580551,0.020135038,-0.35040426
2016-05-13,0.042775303,-0.19350764,-0.55634254,-0.61095816,-0.25328416,0.16825841,-0.067208685,-0.31021416
2016-05-16,0.03909015,-0.1866186,-0.56845653,-0.6075261,-0.2218053,0.1718258,-0.0034314916,-0.33164954
2016-05-17,0.014235079,-0.19280246,-0.52958786,-0.5573063,-0.20850554,0.18444885,-0.018888682,-0.28748292
2016-05-18,0.014568232,-0.19161235,-0.4876685,-0.52167565,-0.21261847,0.1718545,-0.0633978,-0.25130087
2016-05-19,0.05503449,-0.19009304,-0.56956476,-0.629367,-0.2593231,0.16060418,-0.064579375,-0.32602835
2016-05-20,0.03751553,-0.19310775,-0.5826064,-0.6273212,-0.247244,0.1809292,-0.025801167,-0.32628345
2016-05-23,0.045355484,-0.19111903,-0.55690694,-0.61142343,-0.2549042,0.16558625,-0.06568632,-0.31055793
2016-05-24,0.020073779,-0.18745464,-0.49852994,-0.5312493,-0.2068702,0.16790622,-0.045002565,-0.2698017
2016-05-25,0.042858586,-0.19134095,-0.5426064,-0.5978568,-0.2524775,0.1633545,-0.076219924,-0.30015063
2016-05-26,0.0060999393,-0.19287287,-0.51311654,-0.5364257,-0.20053083,0.18699372,-0.019202657,-0.27218476
2016-05-27,0.028209731,-0.19218698,-0.5552257,-0.59234333,-0.22494355,0.18030265,-0.020633876,-0.30945152
2016-05-30,0.03703636,-0.18612674,-0.55814594,-0.59531593,-0.22172931,0.17058867,-0.011159085,-0.31951222
2016-05-31,0.07447919,-0.210166,-0.76080704,-0.8355296,-0.31867185,0.20793286,0.014537789,-0.46421283
2016-06-01,0.03470747,-0.18766582,-0.52525634,-0.5690615,-0.22962275,0.1634931,-0.05522135,-0.29035765
2016-06-02,0.029055022,-0.19139293,-0.53762126,-0.5776476,-0.22626784,0.17370602,-0.040245105,-0.2967406
2016-06-03,0.0270451,-0.19590105,-0.60199994,-0.6339373,-0.221823,0.19570833,0.024048671,-0.3485984
2016-06-06,0.029565237,-0.18810411,-0.5218861,-0.5618636,-0.22327271,0.16729943,-0.04750766,-0.28657278
2016-06-07,0.031003349,-0.19012162,-0.5367426,-0.5772457,-0.22537398,0.1711244,-0.040120255,-0.2986109
2016-06-08,0.02071987,-0.18969479,-0.5384054,-0.5670622,-0.20536268,0.1797852,-0.0070593543,-0.30236176
2016-06-13,0.053569794,-0.18018763,-0.48829225,-0.5460921,-0.23720169,0.13325083,-0.10715876,-0.27322686
2016-06-14,0.03757549,-0.194785,-0.569301,-0.6168884,-0.24041173,0.1769598,-0.03697572,-0.32235605
2016-06-15,0.06511901,-0.19418432,-0.6902467,-0.74526626,-0.26513955,0.18819179,0.03717456,-0.4276095
2016-06-16,0.03164337,-0.18753412,-0.5156082,-0.55687886,-0.22246373,0.16294026,-0.055216048,-0.28438935
2016-06-17,0.059056163,-0.19274184,-0.582329,-0.6498801,-0.2771329,0.16177204,-0.07945826,-0.3325548
2016-06-20,0.02266214,-0.18859343,-0.52874494,-0.5604036,-0.20992994,0.17504975,-0.021443345,-0.2941314
2016-06-21,0.044201948,-0.19079353,-0.53775024,-0.59346366,-0.2542563,0.1605356,-0.08396597,-0.2951504
2016-06-22,0.03924685,-0.19135821,-0.5822222,-0.6261445,-0.23705572,0.17787284,-0.0143752135,-0.3350487
2016-06-23,0.025422588,-0.19038105,-0.51917726,-0.55728954,-0.22328356,0.17139149,-0.050090235,-0.27898636
2016-06-24,0.012600459,-0.1956627,-0.49304298,-0.52972347,-0.21763954,0.1770435,-0.06978382,-0.25258163
2016-06-27,0.047396116,-0.19831058,-0.6382698,-0.68888617,-0.25559375,0.1900853,0.001800321,-0.37784594
2016-06-28,0.024615161,-0.19274019,-0.5647485,-0.5981255,-0.21986872,0.18566246,-0.0036961809,-0.31888726
2016-06-29,0.038980536,-0.19274911,-0.5620599,-0.6111805,-0.24461988,0.17287138,-0.046320908,-0.31571236
2016-06-30,0.038189404,-0.19187167,-0.5622556,-0.60837525,-0.23950467,0.1735119,-0.038288265,-0.31660464
2016-07-01,0.041605055,-0.1915471,-0.55465937,-0.60633373,-0.24942872,0.16838828,-0.058816794,-0.3081265
2016-07-04,0.07029094,-0.19088724,-0.683366,-0.740169,-0.26638734,0.18062535,0.030202419,-0.42416614
2016-07-05,0.043231048,-0.19053459,-0.5672042,-0.6158005,-0.24409395,0.17012578,-0.04006555,-0.3216806
2016-07-06,0.033447362,-0.19179292,-0.5716229,-0.6104294,-0.22297004,0.17957804,-0.006682679,-0.33031568
2016-07-07,0.028976656,-0.19402516,-0.5564451,-0.5971768,-0.23546404,0.18078394,-0.03466871,-0.30552778
2016-07-08,0.029520951,-0.18958895,-0.53809696,-0.576066,-0.22280708,0.17267437,-0.033246882,-0.29896495
2016-07-11,0.05778317,-0.18997818,-0.61052173,-0.6643566,-0.24786091,0.16956194,-0.013503388,-0.36824378
2016-07-12,0.02488695,-0.20764731,-0.65946966,-0.6966572,-0.25490597,0.2205933,0.03077171,-0.3720898
2016-07-13,0.046940267,-0.1932075,-0.57815385,-0.6327891,-0.25087982,0.1704348,-0.046453174,-0.33430344
2016-07-14,0.03283763,-0.18939629,-0.5355936,-0.576976,-0.22427636,0.16873695,-0.04056073,-0.3000964
2016-07-15,0.031319693,-0.19023046,-0.53755295,-0.57895,-0.22984889,0.17143863,-0.043867793,-0.29621312
2016-07-18,0.02870851,-0.19078167,-0.54056674,-0.57916725,-0.22094509,0.1738891,-0.031735834,-0.30428037
2016-07-19,0.02148506,-0.190092,-0.50408185,-0.5408866,-0.2146568,0.16993245,-0.05238549,-0.270467
2016-07-20,0.03612651,-0.19079673,-0.5538696,-0.5981167,-0.23384798,0.17169449,-0.03804598,-0.31307372
2016-07-21,0.050388396,-0.19087663,-0.59838784,-0.6498448,-0.24509794,0.17216206,-0.018112212,-0.35637212
2016-07-22,0.031823337,-0.18951038,-0.52016646,-0.56361824,-0.22791603,0.16566575,-0.059108496,-0.28416023
2016-07-25,0.050485633,-0.18914148,-0.56881607,-0.62277126,-0.25003847,0.16382349,-0.048753478,-0.3260223
2016-07-26,0.04015059,-0.19757551,-0.61528915,-0.6626817,-0.25318828,0.18951401,-0.010235466,-0.35350043
2016-07-27,0.034481592,-0.18523651,-0.4137449,-0.47706938,-0.26316974,0.13316745,-0.19637157,-0.17698073
2016-07-28,0.04860594,-0.19431859,-0.59681535,-0.6516648,-0.26267117,0.17653018,-0.040428676,-0.3383477
2016-07-29,0.03889449,-0.19019379,-0.5421047,-0.59015524,-0.23727793,0.16584674,-0.05550289,-0.3041599
2016-08-01,0.015030526,-0.18999952,-0.50987005,-0.5376693,-0.204404,0.1773123,-0.029124366,-0.27295342
2016-08-02,0.032982804,-0.19212979,-0.55405325,-0.59730506,-0.23580012,0.17549345,-0.038213864,-0.30830482
2016-08-03,0.043192387,-0.19044244,-0.56613314,-0.61528456,-0.2431323,0.16929406,-0.04056031,-0.322889
2016-08-04,0.025715947,-0.19030142,-0.5492942,-0.5825793,-0.21393141,0.1790525,-0.010214828,-0.3107742
2016-08-05,0.033991978,-0.19352502,-0.57582724,-0.61597127,-0.22871292,0.18152137,-0.01200062,-0.3292043
2016-08-08,0.03325347,-0.19008188,-0.5779136,-0.61210585,-0.2194024,0.1813316,0.007839695,-0.33353198
2016-08-09,0.03824281,-0.19234976,-0.58176583,-0.6247241,-0.23187569,0.17862397,-0.01178097,-0.3381759
2016-08-10,0.038397647,-0.18916497,-0.5403729,-0.58720833,-0.23628676,0.16568398,-0.052833505,-0.30178544
2016-08-11,0.047467522,-0.19275406,-0.5780844,-0.6325038,-0.2513334,0.16989157,-0.045888167,-0.333202
2016-08-12,0.024303578,-0.19909179,-0.6257946,-0.65703577,-0.23065323,0.20725542,0.039042212,-0.35805374
2016-08-15,0.0792519,-0.19701657,-0.7685849,-0.82639754,-0.26923385,0.19851816,0.09207761,-0.5039446
2016-08-16,0.029457152,-0.19156012,-0.52003,-0.5645245,-0.23328403,0.168437,-0.067107625,-0.28028038
2016-08-17,0.033010475,-0.19370395,-0.5538334,-0.5978834,-0.23305073,0.17572367,-0.040045705,-0.31132078
2016-08-18,0.04505518,-0.1861665,-0.5291777,-0.5816836,-0.24011338,0.15476152,-0.07016954,-0.29896685
2016-08-19,0.020599633,-0.1903485,-0.5300101,-0.5615046,-0.21353969,0.17828342,-0.024638064,-0.2900311
2016-08-22,0.027581744,-0.19143912,-0.5179484,-0.5598269,-0.22519666,0.16915724,-0.05883825,-0.28149933
2016-08-23,0.04749248,-0.18957125,-0.55291575,-0.6070577,-0.24935162,0.16172701,-0.06334916,-0.3120244
2016-08-24,0.03131359,-0.18983527,-0.5291424,-0.57111084,-0.22524482,0.16816415,-0.048490576,-0.29449618
2016-08-25,0.01970458,-0.19102204,-0.52754736,-0.55866694,-0.21279106,0.17867883,-0.026474748,-0.28690898
2016-08-26,0.051462688,-0.18718049,-0.56002015,-0.6145583,-0.24788004,0.15920854,-0.053594332,-0.32252935
2016-08-29,0.04317628,-0.18862626,-0.5583371,-0.60663104,-0.24140817,0.16656375,-0.043099083,-0.3170132
2016-08-30,0.03394427,-0.19344233,-0.56174964,-0.6052992,-0.23047864,0.17700548,-0.029276127,-0.32012397
2016-08-31,0.038013995,-0.18827653,-0.56787866,-0.60796404,-0.22401235,0.1727099,-0.0101123825,-0.33147052
2016-09-01,0.028160155,-0.18868025,-0.5169406,-0.5557879,-0.22202408,0.16705781,-0.05245897,-0.28204295
2016-09-02,0.04642178,-0.19271325,-0.5841308,-0.63696504,-0.2553489,0.17352882,-0.04117126,-0.33205956
2016-09-05,0.045978323,-0.19004509,-0.55952036,-0.6115511,-0.24919572,0.16553152,-0.0551566,-0.3147005
2016-09-06,0.019931182,-0.19378188,-0.5799403,-0.60502183,-0.20431663,0.1945614,0.031074844,-0.3338949
2016-09-07,0.045556463,-0.18846294,-0.5645393,-0.61270875,-0.2381548,0.16610672,-0.03551837,-0.3255071
2016-09-08,0.03533391,-0.19001159,-0.54132545,-0.5855692,-0.23050192,0.16861671,-0.044655167,-0.3036053
2016-09-09,0.035621695,-0.19023061,-0.5379185,-0.58323175,-0.23095536,0.16727929,-0.049913332,-0.30168584
2016-09-12,0.0257878,-0.18777943,-0.48770854,-0.5289542,-0.22531691,0.16091263,-0.079897255,-0.25307706
2016-09-13,0.032822937,-0.19172247,-0.5426139,-0.5867485,-0.23305464,0.17212148,-0.046351,-0.30087793
2016-09-14,0.038291574,-0.18919042,-0.5379416,-0.5847206,-0.23724484,0.16515556,-0.05626216,-0.29829618
2016-09-19,0.045306593,-0.19467106,-0.5908455,-0.6440299,-0.25556248,0.17680457,-0.03805209,-0.3382357
2016-09-20,0.034058824,-0.18889655,-0.5348307,-0.57749635,-0.22743574,0.16722798,-0.04509371,-0.2991861
2016-09-21,0.032897055,-0.19342265,-0.5706443,-0.611506,-0.23070693,0.18067567,-0.01851961,-0.32443988
2016-09-22,0.047481254,-0.19016156,-0.57285285,-0.62458295,-0.24747846,0.16786271,-0.040718395,-0.32823238
2016-09-23,0.03150434,-0.18923321,-0.53490204,-0.57549864,-0.22588387,0.16969293,-0.04153812,-0.29746822
2016-09-26,0.029498704,-0.18375257,-0.48757172,-0.5262047,-0.21348774,0.15512675,-0.06587104,-0.2646104
2016-09-27,0.037032284,-0.19168547,-0.5616781,-0.6071969,-0.23778158,0.17407776,-0.035067204,-0.3167282
2016-09-28,0.032405622,-0.18946476,-0.5381232,-0.5789162,-0.22687533,0.17018834,-0.04003781,-0.29918283
2016-09-29,0.04337679,-0.19051345,-0.57868356,-0.6253818,-0.23984513,0.17311075,-0.023932893,-0.3338808
2016-09-30,0.03772892,-0.19306138,-0.5801781,-0.62424695,-0.23871058,0.17928064,-0.021014772,-0.33145604
2016-10-10,0.043225862,-0.18911362,-0.5995961,-0.64017445,-0.22821805,0.17806025,0.012350395,-0.3575812
2016-10-11,0.038774148,-0.18941456,-0.5479839,-0.5948331,-0.23931989,0.16755612,-0.048630204,-0.30625078
2016-10-12,0.03691309,-0.19057213,-0.5470602,-0.5926384,-0.23437369,0.1692155,-0.045307405,-0.30710918
2016-10-13,0.028992794,-0.19058608,-0.5381938,-0.57761824,-0.22518826,0.17327055,-0.037489623,-0.29862908
2016-10-14,0.025141694,-0.19168165,-0.5404259,-0.5768723,-0.22315803,0.17825338,-0.029797057,-0.29616493
2016-10-17,0.041742876,-0.18628912,-0.5209501,-0.56981075,-0.23066106,0.15535006,-0.06585732,-0.293401
2016-10-18,0.02981273,-0.19699551,-0.6076693,-0.6431522,-0.22599414,0.19557655,0.021580666,-0.3532798
2016-10-19,0.039047018,-0.19043335,-0.54247326,-0.5917196,-0.24131149,0.16611682,-0.058995586,-0.30184832
2016-10-20,0.033050954,-0.19129503,-0.549149,-0.59146035,-0.22980419,0.17330119,-0.036373492,-0.30858782
2016-10-21,0.033952348,-0.19377145,-0.5649956,-0.608257,-0.23861653,0.17944273,-0.03240552,-0.31304666
2016-10-24,0.06230758,-0.18821914,-0.6384432,-0.6909803,-0.25143814,0.17300615,0.011736117,-0.39109
2016-10-25,0.029618949,-0.18867244,-0.5240657,-0.5639148,-0.22347078,0.16799429,-0.046980433,-0.2881624
2016-10-26,0.03433782,-0.18985811,-0.53596616,-0.5799603,-0.23196891,0.16807534,-0.05035905,-0.29693463
2016-10-27,0.02973289,-0.19004193,-0.53344196,-0.5733631,-0.22439659,0.17124087,-0.0409107,-0.2953875
2016-10-28,0.040135346,-0.19579044,-0.56497693,-0.6190153,-0.25636107,0.17418793,-0.06352586,-0.31372786
2016-10-31,0.023972496,-0.18768579,-0.52762854,-0.5579016,-0.20564067,0.17318073,-0.016909521,-0.29429424
2016-11-01,0.036458947,-0.19401382,-0.5828841,-0.6270253,-0.2413458,0.18172736,-0.021373667,-0.33117628
2016-11-02,0.028279841,-0.18949117,-0.52052045,-0.5602612,-0.2257461,0.16886877,-0.053089183,-0.28179443
2016-11-03,0.04675217,-0.19630595,-0.6310732,-0.67897636,-0.24405733,0.1868684,0.00956405,-0.37973043
2016-11-04,0.042400464,-0.1911457,-0.5427188,-0.59642315,-0.24976513,0.16382301,-0.07233171,-0.30024552
2016-11-07,0.039723217,-0.18936478,-0.5598849,-0.60457,-0.2324026,0.16989848,-0.030437406,-0.32103977
2016-11-08,0.042337522,-0.18976343,-0.5712501,-0.61712176,-0.23432621,0.17056446,-0.02522346,-0.33316383
2016-11-09,0.01435291,-0.19336438,-0.515694,-0.5457569,-0.20479482,0.18032527,-0.030699076,-0.27956712
2016-11-10,0.048070952,-0.19561964,-0.59832,-0.65473884,-0.26258588,0.17702669,-0.042212084,-0.34312314
2016-11-11,0.034717888,-0.19115785,-0.59611684,-0.63033146,-0.21745738,0.18484373,0.023579106,-0.35396305
2016-11-14,0.0565432,-0.18815756,-0.5733964,-0.6313564,-0.2532231,0.15911016,-0.05216564,-0.33418584
2016-11-15,0.03317108,-0.18916425,-0.5367251,-0.5788526,-0.2280879,0.1686705,-0.043345287,-0.29944125
2016-11-16,0.031386398,-0.19052106,-0.5444127,-0.58515346,-0.22786888,0.17322418,-0.03550581,-0.3037126
2016-11-17,0.027779408,-0.19188723,-0.5547751,-0.59134597,-0.22542724,0.17993924,-0.021225125,-0.30922142
2016-11-18,0.03815896,-0.18920946,-0.5396125,-0.5852194,-0.23337018,0.16541123,-0.050935972,-0.30210653
2016-11-21,0.06438933,-0.1921014,-0.6056825,-0.6726234,-0.27797773,0.16416855,-0.058296733,-0.351884
2016-11-22,0.045204528,-0.19334224,-0.6003412,-0.64971685,-0.24875337,0.17897868,-0.017942443,-0.3487618
2016-11-23,0.042902485,-0.19058406,-0.5581344,-0.60841286,-0.24323136,0.16704518,-0.049513683,-0.31717604
2016-11-24,0.04199744,-0.19082671,-0.5781041,-0.6224742,-0.22981381,0.17368734,-0.014033951,-0.3388643
2016-11-25,0.022757769,-0.19379862,-0.5715112,-0.60405165,-0.21939859,0.1898779,0.00418739,-0.32350224
2016-11-28,0.040503517,-0.19342238,-0.5703848,-0.62006557,-0.24604559,0.17433779,-0.04252798,-0.3231619
2016-11-29,0.05196497,-0.1898613,-0.6171153,-0.66515833,-0.24867159,0.1766183,-0.00048023462,-0.36618862
2016-11-30,0.031157456,-0.18959478,-0.5155963,-0.55932516,-0.22912043,0.1646836,-0.06525271,-0.27972504
2016-12-01,0.05615589,-0.19192068,-0.59625345,-0.65624714,-0.26567876,0.16833381,-0.04675674,-0.34432214
2016-12-02,0.023232192,-0.1887658,-0.4852226,-0.52518314,-0.22054341,0.16250314,-0.077594444,-0.25278115
2016-12-05,0.034457102,-0.19194706,-0.5212747,-0.57101136,-0.24088106,0.1647571,-0.07919048,-0.28140816
2016-12-06,0.03498794,-0.1925195,-0.55641854,-0.6014661,-0.23800308,0.17453346,-0.041589715,-0.31146583
2016-12-07,0.028486177,-0.19179174,-0.56122684,-0.5968691,-0.21902698,0.18069583,-0.008824319,-0.32001853
2016-12-08,0.03485886,-0.19071624,-0.5545118,-0.5964057,-0.22948521,0.1732851,-0.0308462,-0.31328833
2016-12-09,0.0478201,-0.19028436,-0.60386884,-0.64902145,-0.23546627,0.17565131,0.0011103861,-0.3617034
2016-12-12,0.008330815,-0.18513502,-0.39758077,-0.43297085,-0.2046667,0.14835031,-0.13108733,-0.17965749
2016-12-13,0.021294765,-0.19634005,-0.56262535,-0.5959632,-0.2195512,0.18944734,-0.010250118,-0.3148259
2016-12-14,0.03760139,-0.19182749,-0.5557198,-0.6020304,-0.23326096,0.17110679,-0.03984181,-0.31793472
2016-12-15,0.04515057,-0.18328364,-0.512499,-0.56401163,-0.23527554,0.14934441,-0.07568469,-0.28641802
2016-12-16,0.038357124,-0.19325422,-0.56593144,-0.6139445,-0.24625948,0.17526254,-0.043902777,-0.31563628
2016-12-19,0.035907857,-0.18848723,-0.5331563,-0.57706374,-0.22916192,0.16506863,-0.049698927,-0.29793322
2016-12-20,0.026517637,-0.18669498,-0.49037734,-0.5308652,-0.21882603,0.15960786,-0.071121566,-0.26329258
2016-12-21,0.047856055,-0.19364858,-0.5993176,-0.65153396,-0.25214332,0.1766144,-0.025765277,-0.34817392
2016-12-22,0.024489067,-0.19058445,-0.53610456,-0.57095677,-0.21864235,0.17667931,-0.027993206,-0.2958543
2016-12-23,0.0340674,-0.18750599,-0.51149523,-0.55755925,-0.23195928,0.16022825,-0.070722654,-0.27791822
2016-12-26,0.011266299,-0.1907982,-0.55345505,-0.57029843,-0.19142906,0.19283745,0.031229466,-0.31146756
2016-12-27,0.043001063,-0.1903561,-0.55685794,-0.6076444,-0.24446863,0.16683958,-0.051296253,-0.31524903
2016-12-28,0.029802844,-0.18952586,-0.5154573,-0.55835927,-0.22776958,0.1658293,-0.06211951,-0.2797519
2016-12-29,0.03399609,-0.18971601,-0.56424373,-0.6025172,-0.22320658,0.17571712,-0.012269672,-0.3254874
2016-12-30,0.034589693,-0.19398305,-0.56087303,-0.6064234,-0.2375507,0.17677039,-0.03875146,-0.31528747
2017-01-03,0.054471247,-0.19667366,-0.61851776,-0.6790635,-0.27361035,0.17834812,-0.0399179,-0.3565089
2017-01-04,0.034941323,-0.19325167,-0.5940135,-0.6324881,-0.22891521,0.185514,0.005810477,-0.34568074
2017-01-05,0.030161336,-0.19129425,-0.53951913,-0.58077496,-0.22829866,0.17306909,-0.041819457,-0.29899216
2017-01-06,0.033174068,-0.19014314,-0.53562623,-0.5794871,-0.23284236,0.16904688,-0.05110999,-0.2957124
2017-01-09,0.04356441,-0.18973845,-0.57909584,-0.6253186,-0.23640239,0.17220531,-0.019233506,-0.33794853
2017-01-10,0.033814356,-0.18928392,-0.54626125,-0.58679736,-0.22423351,0.1708185,-0.03052648,-0.30984175
2017-01-11,0.038100883,-0.1918982,-0.53593147,-0.58738923,-0.2481631,0.16618317,-0.07430901,-0.29082182
2017-01-12,0.04563141,-0.18809189,-0.5429406,-0.595526,-0.24207711,0.15939124,-0.061818324,-0.30824393
2017-01-13,0.04486689,-0.18829438,-0.5677661,-0.61578876,-0.23784629,0.16713706,-0.030877972,-0.32944462
2017-01-16,0.020210668,-0.19098131,-0.51850706,-0.5509709,-0.20948237,0.17533381,-0.03304684,-0.2824631
2017-01-17,0.031609654,-0.1946308,-0.5742362,-0.61547273,-0.23688874,0.18421149,-0.021166194,-0.32084253
2017-01-18,0.050369322,-0.19453967,-0.60978776,-0.66348463,-0.25574836,0.17769724,-0.02364188,-0.35720745
2017-01-19,0.045923397,-0.1889692,-0.55388415,-0.6059939,-0.2470183,0.16300297,-0.056981917,-0.31266487
2017-01-20,0.051553205,-0.19427022,-0.61737937,-0.6710935,-0.2561951,0.17905511,-0.015764229,-0.3634053
2017-01-23,0.04513888,-0.19277662,-0.5601378,-0.6155749,-0.2553832,0.16757354,-0.06537674,-0.31257793
2017-01-24,0.032106057,-0.19031604,-0.54811937,-0.58829385,-0.22620314,0.17349292,-0.03062593,-0.30830416
2017-01-25,0.03943654,-0.18915677,-0.5626685,-0.6068838,-0.23567769,0.17111748,-0.029854648,-0.3200289
2017-01-26,0.04083018,-0.19462356,-0.57892364,-0.62890935,-0.24911064,0.1770993,-0.039099008,-0.327815
2017-02-03,0.020406544,-0.18850082,-0.50262874,-0.53554296,-0.20794547,0.16913712,-0.044385858,-0.27247855
2017-02-06,0.039808854,-0.18782783,-0.54293704,-0.58936465,-0.23442322,0.16452661,-0.046859805,-0.30617532
2017-02-07,0.035098597,-0.19105688,-0.53624773,-0.5834098,-0.24045205,0.16836393,-0.061543718,-0.29285142
2017-02-08,0.019048616,-0.19275072,-0.560231,-0.5872318,-0.20800349,0.18913569,0.009578459,-0.31579262
2017-02-09,0.049012825,-0.1925272,-0.5828362,-0.6381359,-0.25917912,0.1706852,-0.049190357,-0.33120283
2017-02-10,0.034346066,-0.19238171,-0.575801,-0.6150151,-0.2267316,0.18047261,-0.008762628,-0.33154428
2017-02-13,0.043566845,-0.19225302,-0.58808464,-0.6357732,-0.24320966,0.17607224,-0.021779437,-0.34094626
2017-02-14,0.033782877,-0.19003135,-0.5480629,-0.5900838,-0.23037258,0.17205739,-0.035901215,-0.3073555
2017-02-15,0.037803665,-0.19014683,-0.54828835,-0.59374774,-0.23235494,0.1679436,-0.0436959,-0.31211263
2017-02-16,0.036494963,-0.19012843,-0.56347215,-0.6048439,-0.22816786,0.17405367,-0.02021838,-0.32266736
2017-02-17,0.038789436,-0.19147396,-0.5317178,-0.58402336,-0.24890211,0.16399993,-0.079914,-0.28828287
2017-02-20,0.046471365,-0.19607899,-0.63476354,-0.6832203,-0.25395572,0.18883729,0.0055206865,-0.37455127
2017-02-21,0.03586153,-0.19206077,-0.55165046,-0.59836024,-0.24010873,0.17223294,-0.048493847,-0.30741054
2017-02-22,0.033845134,-0.1918207,-0.5613246,-0.6024839,-0.23068923,0.17655721,-0.02598311,-0.31705582
2017-02-23,0.035143487,-0.18942508,-0.525847,-0.5722181,-0.23205867,0.1640372,-0.06108845,-0.29084206
2017-02-24,0.025707267,-0.18999766,-0.5320413,-0.56852686,-0.22131062,0.17418164,-0.0352259,-0.2924674
2017-02-27,0.037541427,-0.18611176,-0.5103365,-0.55719316,-0.23007107,0.15617862,-0.071008265,-0.2806535
2017-02-28,0.040948696,-0.19282804,-0.56120247,-0.6130003,-0.2481789,0.17089696,-0.05330056,-0.3158313
2017-03-01,0.050916046,-0.18855973,-0.57028925,-0.6232537,-0.24720865,0.16327912,-0.04434981,-0.3295286
2017-03-02,0.03333921,-0.18906903,-0.5195462,-0.5649975,-0.23119569,0.16341832,-0.065007925,-0.28541163
2017-03-03,0.03147179,-0.18767618,-0.5339681,-0.57221955,-0.22177014,0.16897842,-0.03429778,-0.2973239
2017-03-06,0.0453303,-0.19075821,-0.574779,-0.625289,-0.24760175,0.1705379,-0.038198605,-0.32800254
2017-03-07,0.033073872,-0.19153859,-0.55391616,-0.5958082,-0.23200956,0.17515343,-0.033472054,-0.30978328
2017-03-08,0.037407234,-0.18941644,-0.55092204,-0.5952322,-0.23300949,0.1693904,-0.038113832,-0.31134677
2017-03-09,0.023445666,-0.18666333,-0.5002526,-0.5344753,-0.20836154,0.16527647,-0.04655946,-0.27264273
2017-03-10,0.043591253,-0.19103307,-0.56666267,-0.61670214,-0.24313176,0.16966927,-0.041083805,-0.32358742
2017-03-13,0.04554726,-0.19142054,-0.6143606,-0.6576247,-0.23871607,0.18202129,0.0110021755,-0.36308137
2017-03-14,0.03559199,-0.19007193,-0.5417973,-0.5863483,-0.23201832,0.16868928,-0.04596274,-0.30308834
2017-03-15,0.040270045,-0.19046354,-0.5655499,-0.61207783,-0.2399041,0.17169544,-0.034609355,-0.32148248
2017-03-16,0.040821113,-0.19501486,-0.5764247,-0.6285049,-0.2533463,0.17656966,-0.04717917,-0.32497406
2017-03-17,0.042161465,-0.18735349,-0.5156602,-0.5679769,-0.23800775,0.15428002,-0.08135213,-0.28570393
2017-03-20,0.03623709,-0.18928465,-0.54031086,-0.5853127,-0.23580119,0.16776182,-0.049938794,-0.2991103
2017-03-21,0.041927896,-0.19057001,-0.57156277,-0.6186871,-0.23882309,0.1720112,-0.028935269,-0.32877433
2017-03-22,0.02515173,-0.19260675,-0.53338104,-0.57226586,-0.22665802,0.17626587,-0.04402373,-0.29044414
2017-03-23,0.04267153,-0.18978426,-0.5476312,-0.6005762,-0.25376442,0.16484411,-0.0680235,-0.30107087
2017-03-24,0.027620174,-0.19582273,-0.5888348,-0.6246325,-0.23159605,0.19227311,0.0010871887,-0.33143416
2017-03-27,0.03615003,-0.19019914,-0.5304411,-0.5783521,-0.2380985,0.1650536,-0.065258995,-0.2916979
2017-03-28,0.03261619,-0.19001943,-0.536768,-0.57993025,-0.23161986,0.16970846,-0.04767752,-0.29699317
2017-03-29,0.036002323,-0.18783432,-0.5468745,-0.5880665,-0.22201133,0.16820116,-0.027320743,-0.31495994
2017-03-30,0.02800572,-0.1901128,-0.5051132,-0.5490341,-0.23000646,0.16515002,-0.07377968,-0.26751137
2017-03-31,0.03976553,-0.19191244,-0.58136314,-0.6266135,-0.2380647,0.17732784,-0.0182979,-0.33509445
2017-04-05,0.04801491,-0.19313446,-0.6086116,-0.658399,-0.2521684,0.17954355,-0.014123753,-0.35295066
2017-04-06,0.024560638,-0.19088346,-0.5397686,-0.5738232,-0.21398434,0.17764163,-0.019930758,-0.30176282
2017-04-07,0.030949898,-0.19148776,-0.5613037,-0.5989284,-0.22210214,0.1786887,-0.013897609,-0.32010275
2017-04-10,0.034695365,-0.18897381,-0.53129786,-0.5751616,-0.22980079,0.16594759,-0.051617466,-0.29481068
2017-04-11,0.018335395,-0.1945156,-0.5286113,-0.56612056,-0.23289368,0.18195516,-0.051400125,-0.27697536
2017-04-12,0.036259405,-0.1890308,-0.5444161,-0.58677405,-0.22945094,0.16834943,-0.039930075,-0.30628636
2017-04-13,0.043745004,-0.19192868,-0.58266145,-0.6310864,-0.24317655,0.17433274,-0.026737291,-0.33643007
2017-04-14,0.026697636,-0.1863471,-0.49645683,-0.53464234,-0.2141887,0.16121113,-0.059086762,-0.26962504
2017-04-17,0.028705254,-0.19076346,-0.52760655,-0.5683112,-0.2286084,0.17116448,-0.05063726,-0.28558144
2017-04-18,0.045213737,-0.19009638,-0.56370616,-0.61414504,-0.24279264,0.16699016,-0.04385935,-0.32252407
2017-04-19,0.017948173,-0.18904513,-0.50441176,-0.53658944,-0.21179816,0.17223267,-0.044673674,-0.26972136
2017-04-20,0.04500556,-0.19239035,-0.5821884,-0.633579,-0.25127473,0.17370771,-0.03725487,-0.33260146
2017-04-21,0.03984236,-0.18944101,-0.5399636,-0.5896091,-0.24251413,0.16434489,-0.06171299,-0.29977575
2017-04-24,0.016933888,-0.18550682,-0.49064413,-0.51769036,-0.19993228,0.16793212,-0.03828056,-0.26119864
2017-04-25,0.040496238,-0.18941882,-0.5633416,-0.6085214,-0.23480779,0.17018764,-0.030454556,-0.3232415
2017-04-26,0.048801668,-0.19165915,-0.5806377,-0.63440186,-0.25103274,0.16968071,-0.041012753,-0.3347169
2017-04-27,0.016251363,-0.18865642,-0.54049724,-0.5620636,-0.19112158,0.18334952,0.01634933,-0.30773875
2017-04-28,0.024515562,-0.18961915,-0.51750535,-0.5543694,-0.2194806,0.17109016,-0.045974243,-0.28013209
2017-05-02,0.034241714,-0.18961163,-0.53845763,-0.58162737,-0.23162472,0.16878769,-0.04682626,-0.29864883
2017-05-03,0.034395188,-0.19019693,-0.52917033,-0.57494974,-0.2329157,0.16613814,-0.05910217,-0.29156315
2017-05-04,0.040055625,-0.18715304,-0.5462122,-0.5897579,-0.22666654,0.16449822,-0.03530912,-0.31339934
2017-05-05,0.026670724,-0.1890284,-0.5176259,-0.5560242,-0.22146744,0.16864055,-0.050122157,-0.28263184
2017-05-08,0.023674153,-0.19052884,-0.51399666,-0.55220443,-0.22511405,0.171498,-0.056292687,-0.27304474
2017-05-09,0.03558039,-0.18859151,-0.5575842,-0.5983879,-0.22899923,0.17248647,-0.023199186,-0.3169092
2017-05-10,0.044721708,-0.19013706,-0.5570717,-0.6089606,-0.24409586,0.16502167,-0.05285726,-0.31819052
2017-05-11,0.030900888,-0.19444035,-0.5746811,-0.61638707,-0.24207926,0.18510064,-0.024053965,-0.31701565
2017-05-12,0.0450031,-0.1928187,-0.59970325,-0.64688367,-0.24096414,0.17844096,-0.009421788,-0.35185376
2017-05-15,0.041719973,-0.19240999,-0.56748813,-0.6178744,-0.24634168,0.17211746,-0.044653684,-0.32126802
2017-05-16,0.021338873,-0.19248581,-0.58372265,-0.6093472,-0.21006629,0.19380653,0.03018009,-0.3352001
2017-05-17,0.033218734,-0.18887311,-0.52349216,-0.5676481,-0.2304861,0.16483122,-0.058945622,-0.2874024
2017-05-18,0.04108034,-0.18935692,-0.5494077,-0.5979662,-0.23910064,0.16584356,-0.049343526,-0.31008524
2017-05-19,0.037589736,-0.19193265,-0.5621055,-0.6082287,-0.24044934,0.17391628,-0.03913245,-0.31597498
2017-05-22,0.042598374,-0.19138944,-0.5511402,-0.60343975,-0.25122792,0.16636857,-0.06558275,-0.30480695
2017-05-23,0.04691478,-0.1906158,-0.5774619,-0.6296262,-0.25257194,0.16994503,-0.041349426,-0.32849762
2017-05-24,0.027399227,-0.18612167,-0.53497535,-0.5670808,-0.21219578,0.17209712,-0.016150687,-0.29958442
2017-05-25,0.029692195,-0.20291838,-0.6665573,-0.69858414,-0.22771335,0.21469975,0.06822014,-0.40075073
2017-05-26,0.036346525,-0.19228126,-0.546264,-0.5947782,-0.24357444,0.170637,-0.058279034,-0.30096573
2017-05-31,0.028547838,-0.19443078,-0.52535605,-0.57223135,-0.24046832,0.17232405,-0.07248623,-0.2791273
2017-06-01,0.036398552,-0.1924326,-0.5693559,-0.61331457,-0.23526153,0.17713408,-0.025864258,-0.3237617
2017-06-02,0.018705651,-0.19297224,-0.5343707,-0.5662529,-0.2147617,0.18190664,-0.025363855,-0.29237887
2017-06-05,0.031393364,-0.18990645,-0.53168887,-0.57376707,-0.2280798,0.16937761,-0.047970332,-0.29354522
2017-06-06,0.03830196,-0.19486003,-0.57770157,-0.62576705,-0.24672183,0.17913838,-0.035273287,-0.32550785
2017-06-07,0.052412048,-0.19487217,-0.6269182,-0.6803814,-0.2584524,0.18083218,-0.011484176,-0.37134293
2017-06-08,0.03521192,-0.19118223,-0.5814142,-0.62056446,-0.22881821,0.18100394,-0.0024749003,-0.3351883
2017-06-09,0.04645613,-0.19406646,-0.58155674,-0.63694346,-0.2607734,0.17334932,-0.051706266,-0.3269478
2017-06-12,0.041329853,-0.19381472,-0.5537598,-0.60787714,-0.25428784,0.16931948,-0.069182225,-0.30481088
2017-06-13,0.03810077,-0.19090295,-0.58148783,-0.6229829,-0.23288369,0.17820373,-0.01020987,-0.33649212
2017-06-14,0.0296558,-0.18633375,-0.49052778,-0.53382844,-0.22555494,0.15745835,-0.0793078,-0.26047516
2017-06-15,0.030310564,-0.18950564,-0.5298958,-0.56994766,-0.22035113,0.16948088,-0.039778814,-0.29582095
2017-06-16,0.038804613,-0.19161388,-0.5500353,-0.5996128,-0.2447679,0.16939935,-0.056552514,-0.3054179
2017-06-19,0.05319924,-0.19360471,-0.6088163,-0.66597176,-0.26188475,0.17438534,-0.032152094,-0.3568195
2017-06-20,0.032201134,-0.18731147,-0.52156657,-0.56259024,-0.22192872,0.16424909,-0.048108786,-0.29012355
2017-06-21,0.02911926,-0.19019526,-0.547341,-0.58448046,-0.22865161,0.17635524,-0.02936899,-0.30023423
2017-06-22,0.05836788,-0.1927721,-0.618261,-0.6759738,-0.2559116,0.17190859,-0.020354029,-0.37268353
2017-06-23,0.029063173,-0.19200866,-0.5612405,-0.59893614,-0.2315628,0.18192405,-0.0192166,-0.30825546
2017-06-26,0.052959964,-0.19731188,-0.6282794,-0.6863869,-0.26958963,0.18244302,-0.025986247,-0.36647874
2017-06-27,0.025800914,-0.18989605,-0.536414,-0.5717851,-0.22100103,0.17577949,-0.029003674,-0.29430676
2017-06-28,0.032369234,-0.1862655,-0.5197041,-0.5597479,-0.21972093,0.16283289,-0.046724007,-0.29053137
2017-06-29,0.03834577,-0.1920316,-0.5727755,-0.6184149,-0.23895714,0.17591834,-0.027647395,-0.32744148
2017-06-30,0.027529128,-0.19225526,-0.5565572,-0.5932341,-0.22317365,0.1806483,-0.017983787,-0.31292817
2017-07-03,0.023004338,-0.18786049,-0.5155596,-0.5485523,-0.20732635,0.17022347,-0.031691507,-0.28649828
2017-07-04,0.023735613,-0.18666258,-0.49632224,-0.53154767,-0.21262684,0.16443971,-0.054253288,-0.26551703
2017-07-05,0.033568628,-0.19538957,-0.61301535,-0.65059024,-0.23282623,0.19359824,0.02011928,-0.35642678
2017-07-06,0.022715047,-0.19209686,-0.53549296,-0.5713327,-0.22515026,0.17937872,-0.035420448,-0.28854826
2017-07-07,0.02629371,-0.19041806,-0.54752266,-0.5817401,-0.21646789,0.17823559,-0.015569493,-0.30799642
2017-07-10,0.040730685,-0.19269729,-0.5712014,-0.61899793,-0.24453351,0.17418349,-0.03890498,-0.32313734
2017-07-11,0.041829303,-0.19823393,-0.63399464,-0.6777758,-0.24240246,0.19367406,0.016076468,-0.3759524
2017-07-12,0.049045965,-0.18833613,-0.53239083,-0.59145576,-0.25232968,0.15389019,-0.08742303,-0.2978622
2017-07-13,0.045064554,-0.19541447,-0.6082144,-0.6583566,-0.24976856,0.18196726,-0.015217695,-0.35544282
2017-07-14,0.02821879,-0.19245347,-0.55990183,-0.59664226,-0.22218466,0.18116854,-0.014092591,-0.31650174
2017-07-17,0.042777568,-0.17660376,-0.49640253,-0.5356876,-0.20066734,0.14269093,-0.042873062,-0.29004171
2017-07-18,0.025154375,-0.19478504,-0.5461841,-0.5867942,-0.23551539,0.18155764,-0.04286459,-0.29473245
2017-07-19,0.055545755,-0.19409907,-0.65666497,-0.70811874,-0.26390567,0.18763328,0.014919013,-0.3903791
2017-07-20,0.03329415,-0.19244082,-0.57205236,-0.6116126,-0.22785586,0.1803793,-0.012384854,-0.3270167
2017-07-21,0.04042273,-0.19068435,-0.55346525,-0.6009882,-0.2390168,0.16811693,-0.047786262,-0.31229103
2017-07-24,0.04242117,-0.19427107,-0.5928695,-0.64105445,-0.24794146,0.17996702,-0.023401335,-0.3388758
2017-07-25,0.032598473,-0.18763332,-0.5091533,-0.55272436,-0.22572473,0.16065168,-0.066340186,-0.27799025
2017-07-26,0.026133738,-0.19351432,-0.5106386,-0.55586123,-0.2326701,0.16945055,-0.07599504,-0.27038693
2017-07-27,0.021959826,-0.19185397,-0.55618936,-0.5848996,-0.20582989,0.18479195,0.005744107,-0.3170691
2017-07-28,0.040424466,-0.19306731,-0.5796676,-0.62650466,-0.24473685,0.17721677,-0.029625453,-0.3285088
2017-07-31,0.04177986,-0.1884574,-0.5792405,-0.62128854,-0.22892791,0.17316055,-0.007219035,-0.3401642
2017-08-01,0.046617657,-0.19272584,-0.5848181,-0.63853675,-0.25594229,0.17293017,-0.041727137,-0.33414197
2017-08-02,0.03664913,-0.1918586,-0.5560768,-0.60128415,-0.23198244,0.17212641,-0.036876462,-0.31763503
2017-08-03,0.035928465,-0.18705258,-0.51022774,-0.5570235,-0.23225936,0.15814796,-0.07360116,-0.2780122
2017-08-04,0.044882968,-0.18766883,-0.5492182,-0.5976021,-0.2346842,0.1617669,-0.046408866,-0.3153591
2017-08-07,0.03441432,-0.19506106,-0.5943076,-0.63442177,-0.23749581,0.18756819,-0.00501943,-0.3383834
2017-08-08,0.029339649,-0.19169544,-0.5445284,-0.583566,-0.22264498,0.17534286,-0.030566704,-0.30513665
2017-08-09,0.038966738,-0.1888227,-0.5584996,-0.60164833,-0.23011708,0.16987199,-0.028131738,-0.32026398
2017-08-10,0.031163357,-0.19764386,-0.5487579,-0.5989255,-0.25545517,0.17891204,-0.07208104,-0.2899879
2017-08-11,0.034071356,-0.18948229,-0.4957777,-0.5465711,-0.24059802,0.15678707,-0.10041946,-0.26038465
2017-08-14,0.048881195,-0.19599155,-0.6338,-0.6833948,-0.25134605,0.18657199,0.0048511326,-0.37716746
2017-08-15,0.050160028,-0.19124255,-0.5639965,-0.62274575,-0.2594785,0.16348965,-0.06766739,-0.31867474
2017-08-16,0.027876906,-0.18904197,-0.5416038,-0.57631165,-0.21539411,0.17450356,-0.019690447,-0.30525413
2017-08-17,0.033991076,-0.19316025,-0.5689238,-0.6124304,-0.2373882,0.17917334,-0.027866092,-0.32128295
2017-08-18,0.027179882,-0.19487295,-0.570449,-0.6066373,-0.22219962,0.18584594,-0.0078445785,-0.32471958
2017-08-21,0.033310153,-0.1926193,-0.55010706,-0.59489083,-0.23677471,0.17428705,-0.044986196,-0.30560192
2017-08-22,0.038859323,-0.18844454,-0.55813736,-0.60103256,-0.2289904,0.16970314,-0.02610651,-0.3206188
2017-08-23,0.031295277,-0.19382271,-0.57176965,-0.61123663,-0.23232695,0.18276061,-0.018381044,-0.3223883
2017-08-24,0.03501296,-0.18872379,-0.52482295,-0.5703802,-0.23007584,0.16345811,-0.05877744,-0.2911507
2017-08-25,0.045077406,-0.19861916,-0.65194094,-0.698218,-0.2508085,0.19583973,0.022531718,-0.38933498
2017-08-28,0.066786304,-0.19691274,-0.6390155,-0.70843583,-0.28279743,0.17365512,-0.04144825,-0.38013372
2017-08-29,0.03650908,-0.18775445,-0.53449434,-0.5783602,-0.23146352,0.16481304,-0.049467664,-0.2974878
2017-08-30,0.039039165,-0.1923692,-0.5589863,-0.6083327,-0.24558413,0.17191485,-0.050030373,-0.31266734
2017-08-31,0.022181988,-0.19305357,-0.526513,-0.56446755,-0.2252787,0.1770041,-0.047593124,-0.28329533
2017-09-01,0.043097526,-0.18996474,-0.5549625,-0.6067854,-0.24833298,0.16626218,-0.05623126,-0.31162328
2017-09-04,0.03626676,-0.19101742,-0.56046575,-0.60284555,-0.22863549,0.1735537,-0.025912412,-0.3204416
2017-09-05,0.040887214,-0.19050974,-0.57328236,-0.6181787,-0.23676255,0.17327368,-0.02475829,-0.3299187
2017-09-06,0.028456315,-0.1904175,-0.5493786,-0.584563,-0.21498561,0.17674857,-0.014639538,-0.31257376
2017-09-07,0.038396426,-0.18996334,-0.5385984,-0.5862134,-0.23527259,0.16509567,-0.056040153,-0.30213055
2017-09-08,0.04610692,-0.18779364,-0.5443426,-0.5973687,-0.24409768,0.15954477,-0.061478253,-0.30794844
2017-09-11,0.040693693,-0.1925587,-0.5542736,-0.60509443,-0.24975753,0.16980982,-0.060408603,-0.3052832
2017-09-12,0.032488376,-0.1894275,-0.5420925,-0.581176,-0.21904787,0.17077309,-0.02826973,-0.3078057
2017-09-13,0.030260183,-0.18897343,-0.54475546,-0.5816644,-0.2198542,0.17346421,-0.023007125,-0.30705646
2017-09-14,0.03733676,-0.19050427,-0.5318416,-0.5810427,-0.24120906,0.16477601,-0.06803052,-0.291353
2017-09-15,0.04048557,-0.18741132,-0.5551523,-0.59920126,-0.2308192,0.1671239,-0.030197019,-0.31805918
2017-09-18,0.048157938,-0.1940427,-0.5832802,-0.6403561,-0.26248395,0.17234568,-0.054083183,-0.33003828
2017-09-19,0.032055773,-0.18921953,-0.5154719,-0.55966073,-0.22871852,0.16371486,-0.0650107,-0.28089133
2017-09-20,0.04207874,-0.1909633,-0.5818254,-0.62735,-0.23678842,0.17486963,-0.0176569,-0.33834678
2017-09-21,0.038979776,-0.1873619,-0.5523444,-0.59514403,-0.22840121,0.16763073,-0.029280648,-0.31600264
2017-09-22,0.027788393,-0.19212118,-0.54459697,-0.5835444,-0.22659564,0.17732498,-0.03328337,-0.30086184
2017-09-25,0.03157831,-0.18959416,-0.5296362,-0.57137215,-0.2279551,0.1684214,-0.049421944,-0.29139984
2017-09-26,0.04027415,-0.18986933,-0.5578004,-0.6045266,-0.23862815,0.16937071,-0.040263698,-0.3157379
2017-09-27,0.03477569,-0.19137755,-0.5622543,-0.60406226,-0.23152018,0.17591156,-0.025799531,-0.31841734
2017-09-28,0.030181184,-0.19009936,-0.54957324,-0.5873597,-0.2232649,0.17548233,-0.023572888,-0.30920035
2017-09-29,0.045208156,-0.19246447,-0.5711818,-0.6243628,-0.2526914,0.17017853,-0.051000796,-0.32325152
2017-10-09,0.042078502,-0.1860449,-0.52077484,-0.57041377,-0.23442233,0.15520081,-0.0691257,-0.2907011
2017-10-10,0.020270482,-0.19410257,-0.53858644,-0.57394725,-0.22102335,0.18241566,-0.030838188,-0.29460394
2017-10-11,0.040478624,-0.18965197,-0.5715547,-0.61545354,-0.23334125,0.1727183,-0.020584825,-0.33034363
2017-10-12,0.034789205,-0.19036704,-0.55576473,-0.5980478,-0.23181796,0.1735988,-0.03074531,-0.31336504
2017-10-13,0.035843298,-0.19130921,-0.5668212,-0.60923123,-0.23314631,0.17621627,-0.023626357,-0.3223419
2017-10-16,0.040611997,-0.18974856,-0.5471375,-0.59643877,-0.24472433,0.16646412,-0.057077024,-0.3029962
2017-10-17,0.037038684,-0.18865478,-0.5513523,-0.59375995,-0.22654632,0.16928495,-0.029477121,-0.31554145
2017-10-18,0.03821011,-0.19175574,-0.5744989,-0.6184849,-0.23650956,0.17660399,-0.022526883,-0.32881346
2017-10-19,0.031201184,-0.18996482,-0.5299108,-0.5717613,-0.22697076,0.16891068,-0.04861518,-0.2924225
2017-10-20,0.030530907,-0.19076627,-0.54809445,-0.5866823,-0.22416455,0.17497219,-0.027883656,-0.3076525
2017-10-23,0.028584123,-0.19122049,-0.551636,-0.58883655,-0.2233502,0.17801124,-0.021899458,-0.30929685
2017-10-24,0.04280383,-0.1934293,-0.5917867,-0.63998705,-0.24761567,0.17879078,-0.023038473,-0.33931306
2017-10-25,0.042759374,-0.1902307,-0.57332295,-0.62098014,-0.24472469,0.17212604,-0.032936424,-0.32585114
2017-10-26,0.056498647,-0.1913248,-0.60055625,-0.658504,-0.26247868,0.16845204,-0.039840385,-0.3505889
2017-10-27,0.03532324,-0.193612,-0.5732905,-0.6168469,-0.23835367,0.17976093,-0.02643703,-0.32396418
2017-10-30,0.019751087,-0.18260363,-0.48653272,-0.5149395,-0.19398014,0.16232345,-0.034362648,-0.2677404
2017-10-31,0.02706901,-0.19220833,-0.5558389,-0.5921659,-0.22394222,0.18103588,-0.018313717,-0.31051254
2017-11-01,0.043277755,-0.19244546,-0.5548013,-0.609544,-0.25733832,0.1674356,-0.07076222,-0.3054867
2017-11-02,0.029388815,-0.18924761,-0.53679293,-0.574697,-0.22344142,0.1724025,-0.033753265,-0.29686943
2017-11-03,0.03553099,-0.18925008,-0.5208713,-0.56915015,-0.2387482,0.16294172,-0.07167061,-0.28143063
2017-11-06,0.026221737,-0.1943411,-0.5908864,-0.6220568,-0.2180934,0.19245914,0.02018454,-0.34146446
2017-11-07,0.051315553,-0.19456467,-0.60157156,-0.6593813,-0.26801652,0.17517728,-0.044572733,-0.3431222
2017-11-08,0.058114126,-0.18590125,-0.56566685,-0.6240093,-0.2522441,0.15420946,-0.057227723,-0.33124197
2017-11-09,0.030476034,-0.19249241,-0.5646418,-0.6040701,-0.23035982,0.18094769,-0.019087791,-0.3169777
2017-11-10,0.03730789,-0.19310075,-0.60550475,-0.64409286,-0.22693673,0.1865093,0.017851144,-0.35845965
2017-11-13,0.044149823,-0.19122837,-0.5671301,-0.6177178,-0.24479273,0.16937038,-0.0434655,-0.32340804
2017-11-14,0.029179953,-0.18846597,-0.5087865,-0.54970163,-0.21750629,0.16348095,-0.056362078,-0.28042778
2017-11-15,0.025262468,-0.19197375,-0.51779807,-0.5587707,-0.22539148,0.17145434,-0.05765594,-0.27945584
2017-11-16,0.033223785,-0.19487856,-0.5979621,-0.6368538,-0.23445195,0.1891414,0.0036014393,-0.34311423
2017-11-17,0.02909574,-0.19210458,-0.5552536,-0.5935567,-0.22400466,0.17904243,-0.020864774,-0.31271836
2017-11-20,0.013803385,-0.19293235,-0.5611161,-0.5834272,-0.20580462,0.19448346,0.019240893,-0.31068352
2017-11-21,0.06261225,-0.1989307,-0.67705876,-0.736957,-0.27421516,0.18882763,0.00727544,-0.4099723
2017-11-22,0.057994887,-0.18662985,-0.5398116,-0.60489815,-0.2627826,0.14823507,-0.09448192,-0.30350962
2017-11-23,0.041318186,-0.18077235,-0.44275826,-0.49633342,-0.23198026,0.13146959,-0.13759598,-0.22729516
2017-11-24,0.018888518,-0.19715744,-0.5649837,-0.59828395,-0.22201857,0.19284233,-0.0085036345,-0.31317517
2017-11-27,0.025000058,-0.18279272,-0.47695863,-0.51105434,-0.2047521,0.15561186,-0.06054732,-0.2560089
2017-11-28,0.029477596,-0.19771147,-0.5694662,-0.61370385,-0.24061286,0.18557504,-0.034061804,-0.3149731
2017-11-29,5.3539872e-05,-0.19535136,-0.50980544,-0.5307433,-0.20119739,0.192336,-0.02228789,-0.26361364
2017-11-30,0.04468832,-0.18540198,-0.5123733,-0.564247,-0.23722714,0.15000723,-0.08250229,-0.28416464
2017-12-01,0.03952463,-0.19168593,-0.5568501,-0.60431904,-0.24307531,0.17125691,-0.04818087,-0.3093428
2017-12-04,0.047551222,-0.19017006,-0.5949507,-0.64246756,-0.24177846,0.17351875,-0.01341562,-0.35015845
2017-12-05,0.044281222,-0.19593646,-0.6078571,-0.6591135,-0.25703233,0.18336144,-0.02302711,-0.34948972
2017-12-06,0.030983426,-0.18597692,-0.49472943,-0.53860456,-0.2270371,0.15746035,-0.07629258,-0.26370612
2017-12-07,0.029242858,-0.19081247,-0.5019053,-0.5477726,-0.22881049,0.16269937,-0.0800454,-0.26907337
2017-12-08,0.032344833,-0.1974757,-0.6069474,-0.64541644,-0.23268607,0.19303645,0.008976497,-0.35231113
2017-12-11,0.045903765,-0.19505247,-0.6326058,-0.6790379,-0.25042644,0.18899913,0.011281922,-0.37150076
2017-12-12,0.033760764,-0.18471667,-0.49367502,-0.53711283,-0.2235044,0.15393864,-0.07595102,-0.26743573
2017-12-13,0.027147323,-0.19528799,-0.580411,-0.6158506,-0.22594711,0.18972597,-0.00051540136,-0.32827
2017-12-14,0.028185427,-0.18834071,-0.51585346,-0.555702,-0.22319677,0.16686001,-0.053321924,-0.28092098
2017-12-15,0.024333939,-0.18890451,-0.49598894,-0.534897,-0.21428025,0.16423619,-0.0620163,-0.26753277
2017-12-18,0.04068467,-0.19225292,-0.54595673,-0.5993097,-0.25132146,0.16662455,-0.07078586,-0.30056414
2017-12-19,0.048005044,-0.19425139,-0.6169807,-0.66684866,-0.2506486,0.18180007,-0.006903574,-0.3627751
2017-12-20,0.039575152,-0.1878371,-0.54415625,-0.58981514,-0.23345283,0.16515172,-0.044077016,-0.30691215
2017-12-21,0.049593426,-0.19139254,-0.6440777,-0.6862134,-0.2323727,0.18609197,0.042992406,-0.39736286
2017-12-22,0.036837727,-0.18900819,-0.5330448,-0.57912904,-0.23349714,0.16456892,-0.056382265,-0.2968722
2017-12-25,0.040181734,-0.19320491,-0.52664405,-0.5840737,-0.25512695,0.16195159,-0.096775085,-0.28419742
2017-12-26,0.024283655,-0.19471036,-0.5522141,-0.5900936,-0.22776666,0.18306297,-0.028932298,-0.30522487
2017-12-27,0.044148706,-0.18240404,-0.47924313,-0.5332033,-0.23357329,0.13989569,-0.106920674,-0.2603806
2017-12-28,0.048090585,-0.19032496,-0.60077876,-0.6469608,-0.23775488,0.17499608,-0.003851369,-0.3566288
2017-12-29,0.030387111,-0.1924363,-0.5461791,-0.5888201,-0.23285657,0.175375,-0.041590087,-0.30239207
2018-01-02,0.051137723,-0.1935552,-0.6173517,-0.66998976,-0.25406763,0.17904152,-0.011740409,-0.36433807
2018-01-03,0.061379805,-0.18904336,-0.6046462,-0.6638376,-0.26624236,0.16509011,-0.039366998,-0.35412526
2018-01-04,0.041638106,-0.18943578,-0.5658291,-0.6113464,-0.23380569,0.16992202,-0.027615778,-0.32647836
2018-01-05,0.031097151,-0.19012144,-0.55112505,-0.5892104,-0.22316253,0.17497326,-0.023060717,-0.31149396
2018-01-08,0.044849657,-0.18741345,-0.5699809,-0.6153298,-0.23264652,0.16767463,-0.020840473,-0.33207718
2018-01-09,0.03893599,-0.19245397,-0.582359,-0.6267887,-0.23812231,0.17874694,-0.017241668,-0.3338187
2018-01-10,0.03769634,-0.18918478,-0.5609742,-0.60447586,-0.23858601,0.1725331,-0.03193514,-0.3142491
2018-01-11,0.026155002,-0.19153874,-0.5440666,-0.58019114,-0.22066289,0.177787,-0.025656585,-0.30301815
2018-01-12,0.03654422,-0.19239996,-0.56685406,-0.61247724,-0.24369758,0.17642641,-0.0367044,-0.31638405
2018-01-15,0.049958512,-0.18936934,-0.5744651,-0.62695295,-0.2513199,0.16575584,-0.045715585,-0.3294873
2018-01-16,0.053165756,-0.19017012,-0.5921863,-0.646699,-0.2508745,0.16812602,-0.03025215,-0.348144
2018-01-17,0.03189189,-0.19260675,-0.5326446,-0.57781506,-0.23598486,0.1710344,-0.060160484,-0.2884762
2018-01-18,0.038188837,-0.19616708,-0.56793445,-0.6202221,-0.2557165,0.1771253,-0.0574674,-0.31372395
2018-01-19,0.050717816,-0.19110373,-0.581026,-0.6348328,-0.2502233,0.16798124,-0.040446848,-0.335782
2018-01-22,0.04311665,-0.19720529,-0.6295011,-0.6762886,-0.2502745,0.1908242,0.0052057356,-0.36913058
2018-01-23,0.037419707,-0.19351283,-0.5775565,-0.62330955,-0.24261308,0.1787014,-0.028466148,-0.32818696
2018-01-24,0.024556272,-0.19250749,-0.5449585,-0.58036083,-0.2189543,0.17975797,-0.023867868,-0.30448774
2018-01-25,0.019028537,-0.18828508,-0.5228585,-0.54988015,-0.19785441,0.17613254,-0.010755997,-0.29227367
2018-01-26,0.0440479,-0.1948075,-0.6173286,-0.6639793,-0.24718642,0.18555576,-0.00062891096,-0.36191124
2018-01-29,0.027410142,-0.18650901,-0.4350232,-0.48431045,-0.22770965,0.14368244,-0.13793485,-0.21314278
2018-01-30,0.041027665,-0.18984208,-0.5213169,-0.57545733,-0.2465606,0.15841188,-0.08720616,-0.28369883
2018-01-31,0.04732413,-0.18819958,-0.5777373,-0.62775487,-0.24317908,0.16787931,-0.028474038,-0.3375258
2018-02-01,0.018051587,-0.19483419,-0.4973671,-0.53853476,-0.2270329,0.17302632,-0.07923274,-0.2568285
2018-02-02,0.04785052,-0.1931197,-0.61915594,-0.66729647,-0.25698516,0.18314126,-0.0071800575,-0.35603327
2018-02-05,0.02851738,-0.19666785,-0.58723766,-0.62556493,-0.22802114,0.19005603,-0.0011255853,-0.33781117
2018-02-06,0.022715122,-0.18872672,-0.48668042,-0.5270764,-0.22129592,0.16341701,-0.07608198,-0.25385872
2018-02-07,0.019042268,-0.18745439,-0.36147985,-0.4170329,-0.23474824,0.12934636,-0.21821883,-0.1476033
2018-02-08,0.03688714,-0.1925576,-0.5078326,-0.5642819,-0.2548695,0.16014412,-0.1083471,-0.26169056
2018-02-09,-0.0012657568,-0.18137348,-0.37950516,-0.40612668,-0.18299381,0.14793871,-0.113760576,-0.17517203
2018-02-12,0.042751946,-0.19627027,-0.6363415,-0.6817355,-0.24734217,0.19237153,0.017403506,-0.37729228
2018-02-13,0.07257742,-0.18908228,-0.59742403,-0.67115414,-0.28810328,0.15377033,-0.07987051,-0.34711108
2018-02-14,0.019721448,-0.19556203,-0.56654453,-0.5972337,-0.21605888,0.19194537,0.0015192702,-0.31742448
2018-02-22,0.041086882,-0.1925993,-0.5938043,-0.6377012,-0.23593408,0.17999381,-0.006475456,-0.34657285
2018-02-23,0.031738855,-0.19444545,-0.551853,-0.5971384,-0.24500072,0.17764391,-0.05248515,-0.2981408
2018-02-26,0.018633641,-0.18948638,-0.5642887,-0.5844224,-0.18790504,0.18861105,0.04031191,-0.33094972
2018-02-27,0.014818534,-0.18434355,-0.44486997,-0.47704816,-0.2016581,0.15557921,-0.08427889,-0.22469041
2018-02-28,0.028574578,-0.19477007,-0.562944,-0.6001646,-0.22391507,0.1829134,-0.017968394,-0.3160822
2018-03-01,0.06458677,-0.19163501,-0.6268901,-0.69143397,-0.27707872,0.16963425,-0.034905165,-0.37125874
2018-03-02,0.044147216,-0.18844149,-0.5583969,-0.6063636,-0.23849809,0.16573423,-0.040231116,-0.3185551
2018-03-05,0.020795792,-0.1912902,-0.50947636,-0.5470009,-0.21761453,0.17200862,-0.053317845,-0.275415
2018-03-06,0.010095373,-0.19292568,-0.5531525,-0.5718671,-0.18912685,0.19391012,0.02874127,-0.31545413
2018-03-07,0.046450794,-0.18828654,-0.52694756,-0.5832284,-0.25040913,0.15446284,-0.0879492,-0.29010046
2018-03-08,0.041525073,-0.19020501,-0.58888006,-0.6319542,-0.23861611,0.17762491,-0.009322394,-0.34021807
2018-03-09,0.030218482,-0.19221097,-0.57355255,-0.60964096,-0.22225669,0.18327755,-0.0017269813,-0.32921955
2018-03-12,0.03136915,-0.18913585,-0.53668547,-0.5758471,-0.22372201,0.17080246,-0.035888802,-0.29805747
2018-03-13,0.034019396,-0.18914983,-0.5157426,-0.56140727,-0.22872412,0.16185832,-0.06723042,-0.28378987
2018-03-14,0.030288406,-0.19259113,-0.55509305,-0.5950756,-0.23047337,0.17829746,-0.030438278,-0.30928534
2018-03-15,0.04954792,-0.19297457,-0.58751965,-0.6443742,-0.26268956,0.17160967,-0.048532985,-0.33430338
2018-03-16,0.04236632,-0.1899904,-0.52973473,-0.5830865,-0.2428,0.15929458,-0.07694098,-0.29434684
2018-03-19,0.043203324,-0.18953705,-0.57724744,-0.6227813,-0.24180362,0.17253545,-0.02506809,-0.32985154
2018-03-20,0.01963149,-0.19463125,-0.5603923,-0.58993715,-0.21007812,0.18921027,0.0024632588,-0.31645453
2018-03-21,0.05794491,-0.18708792,-0.5441111,-0.60603887,-0.25376606,0.148676,-0.084131375,-0.31326258
2018-03-22,0.014528781,-0.19161597,-0.4904777,-0.5237972,-0.2068935,0.1717054,-0.057191174,-0.26077345
2018-03-23,0.040615812,-0.1897506,-0.50798374,-0.5655524,-0.2553322,0.15534714,-0.10768811,-0.26629567
2018-03-26,0.02410438,-0.19259608,-0.52706957,-0.5669963,-0.23716381,0.17648172,-0.058460798,-0.27515262
2018-03-27,0.036875322,-0.18608075,-0.5115372,-0.5577231,-0.2259297,0.15653202,-0.06538692,-0.2850733
2018-03-28,0.032312028,-0.19249654,-0.5023253,-0.5547258,-0.2470501,0.1615614,-0.10390101,-0.2607558
2018-03-29,0.010121278,-0.19258642,-0.5969514,-0.6070353,-0.17885098,0.20708568,0.08845091,-0.35242134
2018-03-30,0.030174486,-0.1891884,-0.53674877,-0.57409686,-0.2172198,0.17119566,-0.02954438,-0.3023869
2018-04-02,0.050861068,-0.19207987,-0.5561908,-0.61680067,-0.26227942,0.16087487,-0.081630245,-0.31087962
2018-04-03,0.03721028,-0.18680908,-0.53929836,-0.58314586,-0.23308092,0.16573337,-0.04325018,-0.2997263
2018-04-04,0.05563347,-0.18639354,-0.5503278,-0.60933113,-0.25337505,0.1522794,-0.07255635,-0.31582683
2018-04-09,0.042530917,-0.18618229,-0.5500051,-0.5952365,-0.22821277,0.1625357,-0.033872932,-0.3197178
2018-04-10,0.037635006,-0.19346902,-0.6135821,-0.6533496,-0.24019241,0.19004571,0.014552034,-0.35357764
2018-04-11,0.04466293,-0.18694869,-0.5541262,-0.6016323,-0.2335147,0.16299881,-0.038103566,-0.32036644
2018-04-12,0.03496597,-0.18768859,-0.50558484,-0.55232954,-0.22788426,0.15767962,-0.074751265,-0.2768833
2018-04-13,0.0278508,-0.18911123,-0.4814584,-0.52693975,-0.224556,0.15706319,-0.0925252,-0.25435305
2018-04-16,0.018003434,-0.18834363,-0.45772722,-0.49705374,-0.22166106,0.15919161,-0.10178734,-0.22567514
2018-04-17,0.035227165,-0.18364899,-0.48168314,-0.52735543,-0.22771621,0.14913818,-0.09157051,-0.2554656
2018-04-18,-0.007305842,-0.19346175,-0.49249598,-0.50294816,-0.16983803,0.19122171,0.0013045408,-0.26246217
2018-04-19,0.06075725,-0.19531627,-0.63021594,-0.6929595,-0.27426708,0.17520863,-0.03273861,-0.37236658
2018-04-20,0.034007967,-0.1882864,-0.4833875,-0.5358699,-0.24686989,0.15330243,-0.115788385,-0.244753
2018-04-23,0.047421306,-0.19265135,-0.5655807,-0.62501276,-0.26131296,0.16693646,-0.066707805,-0.31755507
2018-04-24,0.071042284,-0.1973522,-0.67704844,-0.74600786,-0.2930604,0.1814676,-0.016875785,-0.40685698
2018-04-25,0.035972625,-0.18822584,-0.540053,-0.58282095,-0.22808859,0.16694736,-0.041106485,-0.30436432
2018-04-26,0.013268635,-0.18090728,-0.41964826,-0.44908893,-0.18820873,0.14776257,-0.08870459,-0.21102518
2018-04-27,0.011248209,-0.19218305,-0.5106106,-0.5374539,-0.20977712,0.18260019,-0.033727076,-0.26454407
2018-05-02,0.024726309,-0.1921969,-0.5142026,-0.5565159,-0.22926211,0.1711219,-0.06468562,-0.27375928
2018-05-03,0.014208578,-0.1957604,-0.5862917,-0.6069403,-0.20009157,0.20165798,0.0427434,-0.3376309
2018-05-04,0.03632699,-0.19040662,-0.5357921,-0.58270055,-0.23376465,0.16638452,-0.055912215,-0.29907542
2018-05-07,0.054678798,-0.1913929,-0.63703096,-0.685982,-0.24752247,0.18029809,0.015521526,-0.38581565
2018-05-08,0.05529865,-0.19308984,-0.62513584,-0.6807983,-0.2603718,0.1768949,-0.014832769,-0.3725938
2018-05-09,0.032760084,-0.18646741,-0.5222665,-0.5624868,-0.21913123,0.16339463,-0.043749098,-0.29311144
2018-05-10,0.025684461,-0.19224036,-0.5403032,-0.5789818,-0.22886327,0.17810401,-0.03792095,-0.2944671
2018-05-11,0.029828057,-0.18726343,-0.50993323,-0.5497279,-0.218054,0.16313264,-0.053761672,-0.2802704
2018-05-14,0.052248113,-0.19180386,-0.5899493,-0.6465421,-0.25760913,0.16942066,-0.04229082,-0.3423381
2018-05-15,0.017775059,-0.19188735,-0.5244138,-0.55632025,-0.21521252,0.17968963,-0.032093253,-0.28235197
2018-05-16,0.039588764,-0.1872504,-0.539424,-0.58339643,-0.2244963,0.16287467,-0.040022664,-0.30907124
2018-05-17,0.033040218,-0.18609574,-0.50496614,-0.5482488,-0.22575781,0.1583198,-0.06822435,-0.27502778
2018-05-18,0.021470688,-0.19248953,-0.5739511,-0.6020014,-0.21800637,0.19185619,0.013063267,-0.3205305
2018-05-21,0.03895659,-0.1892226,-0.5390436,-0.58699274,-0.23610118,0.16462293,-0.054959305,-0.3023696
2018-05-22,0.019458897,-0.18841822,-0.50452167,-0.5374529,-0.21398869,0.1708463,-0.046931893,-0.26912487
2018-05-23,0.02980002,-0.18751512,-0.50408274,-0.54497284,-0.22181687,0.1615409,-0.064613245,-0.2731712
2018-05-24,0.045263983,-0.18595049,-0.52552575,-0.5774222,-0.23769483,0.15367074,-0.07073413,-0.29589915
2018-05-25,0.044896543,-0.19002241,-0.54636884,-0.60033166,-0.24651462,0.16171679,-0.066510424,-0.308673
2018-05-28,0.048229724,-0.18648635,-0.57153237,-0.619193,-0.23964164,0.16495052,-0.028205782,-0.33139956
2018-05-29,0.029795617,-0.19030713,-0.5191218,-0.5623388,-0.23295301,0.16775292,-0.06504637,-0.2782044
2018-05-30,0.022822626,-0.19082949,-0.5270602,-0.5599775,-0.20841846,0.17456451,-0.028399901,-0.29531783
2018-05-31,0.03363757,-0.19550744,-0.6218039,-0.656981,-0.22522846,0.19506465,0.034644037,-0.37012038
2018-06-01,0.03804052,-0.18829253,-0.52508616,-0.5730237,-0.23708129,0.1616199,-0.06675253,-0.28748018
2018-06-04,0.031587802,-0.19431835,-0.5687891,-0.6099647,-0.23233968,0.18172029,-0.022721611,-0.32117617
2018-06-05,0.031286784,-0.19415933,-0.59622383,-0.6312975,-0.22052127,0.18927376,0.018320493,-0.34984702
2018-06-06,0.033992127,-0.1903072,-0.5458466,-0.58824664,-0.23095986,0.17138502,-0.03986609,-0.30508974
2018-06-07,0.039491758,-0.18901633,-0.53244007,-0.58250004,-0.24567544,0.1628809,-0.07135795,-0.29012486
2018-06-08,0.021874875,-0.18608466,-0.4646263,-0.5036388,-0.21532452,0.15650557,-0.08727434,-0.23842382
2018-06-11,0.05014193,-0.18986511,-0.5808515,-0.63453346,-0.252966,0.16749105,-0.04078033,-0.33492687
2018-06-12,0.033932783,-0.19275844,-0.607038,-0.6421773,-0.22400132,0.18983677,0.026710637,-0.35854098
2018-06-13,0.03527151,-0.18834227,-0.52140784,-0.5663577,-0.2301578,0.1626381,-0.06155648,-0.28649
2018-06-14,0.03798061,-0.19463111,-0.55665255,-0.6083509,-0.25403967,0.17322533,-0.064447105,-0.30472556
2018-06-15,0.03339816,-0.19419096,-0.54348487,-0.5913946,-0.24237436,0.17333126,-0.0605808,-0.2966328
2018-06-19,0.013180189,-0.18160628,-0.3848254,-0.42058778,-0.19781086,0.13847533,-0.1359348,-0.17653185
2018-06-20,0.017132089,-0.19725248,-0.5747165,-0.6012931,-0.20662886,0.19646853,0.017230004,-0.3283937
2018-06-21,0.060153916,-0.18813273,-0.5438694,-0.6112388,-0.2732989,0.14866719,-0.10628927,-0.300199
2018-06-22,0.040767528,-0.18542093,-0.5674021,-0.6069139,-0.22536778,0.16911632,-0.008466121,-0.33020106
2018-06-25,0.033770964,-0.18178758,-0.47426394,-0.5181957,-0.22051263,0.1468153,-0.08754818,-0.2549626
2018-06-26,0.03755805,-0.1842553,-0.53310275,-0.5728556,-0.2126376,0.16099176,-0.026419654,-0.3103519
2018-06-27,0.035415754,-0.18200955,-0.42182204,-0.47873062,-0.2417559,0.13155675,-0.16425802,-0.2011933
2018-06-28,0.06581004,-0.18618712,-0.5762742,-0.6421692,-0.26540187,0.15087464,-0.06757529,-0.33999166
2018-06-29,0.04471936,-0.19829473,-0.6847446,-0.72345704,-0.24497709,0.20667219,0.0656037,-0.4135983
2018-07-02,0.033396974,-0.1786041,-0.38899803,-0.44390813,-0.22555932,0.121031806,-0.17451182,-0.18497801
2018-07-03,-0.018641308,-0.19895855,-0.4983808,-0.50259167,-0.16714323,0.20621806,0.011483647,-0.2564957
2018-07-04,0.032323048,-0.18928066,-0.510505,-0.55604005,-0.2287074,0.16208185,-0.07058638,-0.27792972
2018-07-05,0.037298247,-0.19182013,-0.5109628,-0.5674106,-0.2559341,0.16057427,-0.106067784,-0.2653913
2018-07-06,0.016212404,-0.19977437,-0.6071175,-0.62874514,-0.19189045,0.20611715,0.05888088,-0.36709282
2018-07-09,0.054635398,-0.20227513,-0.6873124,-0.7438317,-0.27939108,0.20018801,0.014348142,-0.40883785
2018-07-10,0.02711939,-0.18855178,-0.51527005,-0.5551896,-0.22920358,0.16772068,-0.058579978,-0.27496207
2018-07-11,0.041853674,-0.18663207,-0.5374086,-0.5845593,-0.23766395,0.16130863,-0.05454058,-0.2985699
2018-07-12,0.07478793,-0.1980978,-0.7237559,-0.7876626,-0.28107968,0.19097404,0.036751576,-0.4567505
2018-07-13,0.035015494,-0.1895936,-0.5582549,-0.59921664,-0.22950155,0.17328246,-0.025381315,-0.3176865
2018-07-16,0.02794312,-0.18723646,-0.5158784,-0.5546984,-0.22005394,0.16619566,-0.047903176,-0.28400075
2018-07-17,0.015765302,-0.1873634,-0.49200138,-0.5215168,-0.20296109,0.16990374,-0.0422578,-0.2620611
2018-07-18,0.05400493,-0.18598893,-0.5385791,-0.5981682,-0.2514032,0.15025893,-0.08057932,-0.30744073
2018-07-19,0.035037458,-0.19086176,-0.5182316,-0.5676415,-0.23913535,0.16312425,-0.07809326,-0.27939034
2018-07-20,0.00041539967,-0.2029073,-0.6348392,-0.6386301,-0.1803958,0.23158313,0.115399644,-0.37031576
2018-07-23,0.03468468,-0.1951913,-0.61837894,-0.6549609,-0.23185107,0.19333483,0.023539312,-0.36390376
2018-07-24,0.07273218,-0.1985263,-0.6693077,-0.74356055,-0.30170327,0.17832856,-0.03804951,-0.39859867
2018-07-25,0.02649267,-0.18945977,-0.5331121,-0.5695076,-0.22042045,0.17346075,-0.03270618,-0.294603
2018-07-26,0.0299673,-0.18580236,-0.47651863,-0.52126765,-0.22446352,0.15311304,-0.09185818,-0.24980456
2018-07-27,0.043885306,-0.1858066,-0.54836994,-0.5946387,-0.23117545,0.1616921,-0.03768211,-0.31490615
2018-07-30,0.034594014,-0.1912811,-0.51232696,-0.56311333,-0.24313974,0.16151878,-0.09026226,-0.27365267
2018-07-31,0.038502656,-0.19362739,-0.5774043,-0.62310314,-0.23676133,0.17846778,-0.022295441,-0.33024868
2018-08-01,0.03551607,-0.18386018,-0.43786046,-0.49213684,-0.23436275,0.13556932,-0.14665332,-0.2212066
2018-08-02,0.0022754967,-0.18401033,-0.39903894,-0.42821836,-0.20090608,0.15430148,-0.11503875,-0.17409456
2018-08-03,0.03274507,-0.18550862,-0.50905484,-0.55068064,-0.21947956,0.15847883,-0.05764582,-0.28486484
2018-08-06,0.04453227,-0.190167,-0.50257885,-0.5631781,-0.2565032,0.15043765,-0.12033863,-0.26406458
2018-08-07,0.033461884,-0.195553,-0.655776,-0.68674564,-0.22662207,0.20604733,0.071641296,-0.39374357
2018-08-08,0.034242325,-0.18354578,-0.47752783,-0.52358675,-0.22191903,0.14803928,-0.088727996,-0.25769532
2018-08-09,0.07806273,-0.19682439,-0.7317252,-0.7954146,-0.28553507,0.1910556,0.04265236,-0.4582579
2018-08-10,0.033705056,-0.19470574,-0.5541385,-0.60295016,-0.25157964,0.17656572,-0.05889929,-0.29964086
2018-08-13,0.002037324,-0.19773813,-0.5456704,-0.56433606,-0.20095585,0.2021746,0.009355627,-0.29191047
2018-08-14,0.023271233,-0.18813103,-0.5024469,-0.5388167,-0.21962413,0.16772485,-0.056810286,-0.26533368
2018-08-15,0.019009583,-0.18226829,-0.41257137,-0.45290202,-0.21193117,0.14235191,-0.12780195,-0.19599563
2018-08-16,0.04962644,-0.19336176,-0.5926173,-0.6441373,-0.24840733,0.1724101,-0.032592192,-0.34591237
2018-08-17,0.02673553,-0.18428105,-0.4440878,-0.48874384,-0.22068185,0.14554138,-0.11621989,-0.22338149
2018-08-20,0.022999167,-0.19431585,-0.5533548,-0.59154594,-0.24039888,0.18551695,-0.03783948,-0.29510102
2018-08-21,0.07269646,-0.19332203,-0.6822334,-0.7457795,-0.27702975,0.17941405,0.011335507,-0.42128837
2018-08-22,0.028161548,-0.18550172,-0.5110307,-0.5468332,-0.21386635,0.16408357,-0.042995803,-0.28074545
2018-08-23,0.012537658,-0.19983065,-0.56038886,-0.5897464,-0.21635285,0.19854614,-0.0060395002,-0.30502492
2018-08-24,0.022126831,-0.19246894,-0.5717167,-0.59600127,-0.19639258,0.18904647,0.030219741,-0.3332871
2018-08-27,0.052117728,-0.19860344,-0.6860298,-0.7341281,-0.25158355,0.19908808,0.04969167,-0.4243573
2018-08-28,0.03257765,-0.19007339,-0.5264461,-0.57101655,-0.23028693,0.16677013,-0.05733262,-0.29008913
2018-08-29,0.032079123,-0.18833086,-0.52487916,-0.5658541,-0.22335157,0.16619542,-0.047535356,-0.2903766
2018-08-30,0.026390381,-0.19037318,-0.49221274,-0.5369724,-0.23052713,0.1626202,-0.0871977,-0.2565185
2018-08-31,0.039053045,-0.18328765,-0.53982085,-0.5783225,-0.21248403,0.16141662,-0.018961906,-0.31588656
2018-09-03,0.011875205,-0.19229294,-0.5218102,-0.54828906,-0.2078223,0.1842663,-0.021648701,-0.27816808
2018-09-04,0.009280875,-0.20334154,-0.6115687,-0.63277996,-0.20810032,0.21692705,0.0514547,-0.34906504
2018-09-05,0.042161085,-0.1860637,-0.49014065,-0.54486334,-0.2394023,0.14683595,-0.10612879,-0.2632445
2018-09-06,0.048461102,-0.18917081,-0.5241704,-0.5859023,-0.2607866,0.15275577,-0.1049127,-0.28471792
2018-09-07,0.043152817,-0.19973505,-0.5662901,-0.62974846,-0.27995437,0.1743165,-0.095804594,-0.3030805
2018-09-10,0.02806621,-0.18257251,-0.4855583,-0.52139604,-0.20585184,0.15522504,-0.055325575,-0.26544413
2018-09-11,0.03764171,-0.18596584,-0.52565384,-0.5707151,-0.22579977,0.15967703,-0.05152413,-0.29817715
2018-09-12,0.030238733,-0.18846412,-0.5227847,-0.56139976,-0.21767458,0.16701555,-0.042551592,-0.29004335
2018-09-13,0.007971026,-0.19508807,-0.5135934,-0.542528,-0.21275616,0.18648274,-0.03679753,-0.2672037
2018-09-14,0.029451646,-0.19205773,-0.5539096,-0.59113014,-0.22238195,0.17819323,-0.021359947,-0.3113881
2018-09-17,0.027170025,-0.19003138,-0.52500856,-0.5637893,-0.22474772,0.1712181,-0.047275733,-0.28550693
2018-09-18,0.016370475,-0.20477575,-0.64324325,-0.67018694,-0.23371077,0.22164646,0.04989823,-0.36306077
2018-09-19,0.054480635,-0.1956121,-0.66808575,-0.7150284,-0.24804536,0.19206674,0.039835215,-0.407689
2018-09-20,0.03903854,-0.19243771,-0.5471935,-0.5982085,-0.24440074,0.16850331,-0.06098762,-0.30410096
2018-09-21,0.019520104,-0.1980087,-0.67183447,-0.6860141,-0.19697334,0.22218081,0.12476759,-0.41324043
2018-09-25,0.030647352,-0.19173455,-0.54149234,-0.5838459,-0.23509324,0.17375575,-0.04790036,-0.29611704
2018-09-26,0.07456483,-0.18713498,-0.6368273,-0.69926906,-0.26101938,0.16191599,-0.009570677,-0.39465508
2018-09-27,0.03397271,-0.1889728,-0.54431844,-0.5848862,-0.22772884,0.17068873,-0.034923337,-0.30424884
2018-09-28,0.051005863,-0.18948153,-0.59188974,-0.64280164,-0.24365702,0.16974966,-0.019838832,-0.35000703
2018-10-08,0.020454735,-0.1833273,-0.43161902,-0.47020113,-0.20317386,0.14582072,-0.10514818,-0.2216413
2018-10-09,0.043416195,-0.19025342,-0.5517939,-0.6037904,-0.24497828,0.16449201,-0.05845754,-0.31306252
2018-10-10,0.022104353,-0.19675845,-0.5322561,-0.57386124,-0.23042578,0.17959547,-0.056099795,-0.28879276
2018-10-11,0.041857377,-0.18921104,-0.44858316,-0.515041,-0.25978148,0.13685973,-0.17687446,-0.21929139
2018-10-12,0.02538564,-0.19910747,-0.64453715,-0.67159027,-0.21341929,0.20926315,0.06886315,-0.3913976
2018-10-15,0.030676618,-0.18611208,-0.4721116,-0.51720893,-0.22267184,0.1508006,-0.096621275,-0.2479412
2018-10-16,0.053830735,-0.19051895,-0.5230674,-0.59135354,-0.27016485,0.14788896,-0.12496129,-0.28496742
2018-10-17,0.0012309402,-0.18965107,-0.47426012,-0.49604988,-0.20419668,0.17991963,-0.050019246,-0.22948268
2018-10-18,0.030394979,-0.18529016,-0.4845433,-0.5265265,-0.21999127,0.15446368,-0.079539895,-0.25915197
2018-10-19,0.019258283,-0.2074794,-0.7173396,-0.7333312,-0.20982707,0.2419269,0.1448568,-0.43564904
2018-10-22,0.079710856,-0.19908774,-0.75951195,-0.82172805,-0.2798342,0.19699234,0.06808379,-0.4895534
2018-10-23,0.023998715,-0.17680529,-0.3599833,-0.40704364,-0.20757422,0.11975737,-0.17396297,-0.16407901
2018-10-24,0.07082471,-0.18217501,-0.59681714,-0.6613755,-0.2627823,0.14985187,-0.042590022,-0.3657621
2018-10-25,0.027574338,-0.20269936,-0.6645682,-0.6979919,-0.24759966,0.21720733,0.050617553,-0.3821795
2018-10-26,0.020830944,-0.18871951,-0.45310575,-0.49642342,-0.22662109,0.15552087,-0.11454405,-0.2213262
2018-10-29,0.017405897,-0.17497134,-0.37192175,-0.4078329,-0.19233271,0.12784654,-0.13410868,-0.17430016
2018-10-30,0.065817714,-0.18876845,-0.671283,-0.7207367,-0.2401602,0.1790777,0.0515974,-0.42886323
2018-10-31,0.045025572,-0.19680801,-0.6182096,-0.6657645,-0.24334288,0.18508697,-0.0019392371,-0.36623234
2018-11-01,0.06698689,-0.1878443,-0.56386095,-0.6355609,-0.2745316,0.14675468,-0.095801815,-0.32791984
2018-11-02,-0.006014377,-0.18708041,-0.5177561,-0.51477015,-0.14797054,0.19511667,0.062662765,-0.29168397
2018-11-05,0.015100904,-0.19143365,-0.48761404,-0.5230968,-0.22283795,0.17201146,-0.073903166,-0.24426791
2018-11-06,0.0142374635,-0.19186357,-0.5104394,-0.54097736,-0.20999357,0.1788579,-0.03717453,-0.27065578
2018-11-07,0.05846207,-0.1811825,-0.527807,-0.5876117,-0.2500207,0.14005688,-0.0870643,-0.30467716
2018-11-08,0.040958956,-0.18200605,-0.49856338,-0.54610085,-0.2265965,0.14792177,-0.075276405,-0.27620322
2018-11-09,0.033697285,-0.1882595,-0.518322,-0.56193304,-0.2263847,0.16292557,-0.058723528,-0.28476724
2018-11-12,0.044721343,-0.1925523,-0.618249,-0.6630253,-0.24290219,0.1843223,0.009301007,-0.36477092
2018-11-13,0.0330842,-0.20105663,-0.6799068,-0.70981556,-0.22277153,0.21441671,0.08585763,-0.41805592
2018-11-14,0.0433556,-0.18336365,-0.50278425,-0.55347776,-0.23103073,0.14725143,-0.08141044,-0.28129032
2018-11-15,0.039121836,-0.19530815,-0.616471,-0.657883,-0.23800397,0.18993424,0.011999741,-0.36107537
2018-11-16,0.03409891,-0.18742028,-0.57363206,-0.6058434,-0.20289114,0.17613643,0.021270066,-0.34729987
2018-11-19,0.039716095,-0.19665363,-0.6041261,-0.65136427,-0.24879909,0.18614241,-0.015261218,-0.34693816
2018-11-20,0.022094972,-0.18670528,-0.45313036,-0.4955225,-0.21822158,0.1531012,-0.10432861,-0.22982925
2018-11-21,0.05097735,-0.19582303,-0.6145424,-0.6703406,-0.25897667,0.17910923,-0.024499618,-0.35994476
2018-11-22,0.012041934,-0.18985128,-0.506571,-0.5321396,-0.20312087,0.17882887,-0.028089322,-0.268196
2018-11-23,0.022534996,-0.18316004,-0.4382419,-0.47944653,-0.21734998,0.1467536,-0.113267474,-0.21857864
2018-11-26,0.052193552,-0.18878591,-0.547363,-0.60798323,-0.258762,0.15543006,-0.08269429,-0.30913767
2018-11-27,0.045953818,-0.18539128,-0.5263893,-0.57783103,-0.2379466,0.15334958,-0.06976085,-0.29629332
2018-11-28,0.056253925,-0.18937269,-0.63640535,-0.68537337,-0.2474041,0.17844835,0.01849433,-0.38601863
2018-11-29,0.0430059,-0.18379623,-0.484155,-0.5392975,-0.23916075,0.14273313,-0.10922335,-0.26132587
2018-11-30,0.03586904,-0.1934993,-0.5911918,-0.63407457,-0.24643195,0.18514259,-0.013965134,-0.33145633
2018-12-03,0.043222606,-0.18370655,-0.5420771,-0.5847971,-0.2284514,0.15954876,-0.037237294,-0.30817282
2018-12-04,0.032407477,-0.19050968,-0.5517132,-0.59332496,-0.23594719,0.1751217,-0.036183443,-0.30409738
2018-12-05,0.054586492,-0.19154137,-0.60397506,-0.6606282,-0.2628393,0.17162661,-0.03402573,-0.3508727
2018-12-06,0.021119453,-0.18650335,-0.4714429,-0.5089715,-0.21561426,0.15925455,-0.08047335,-0.24271676
2018-12-07,0.03749028,-0.18947811,-0.54155505,-0.587798,-0.23504856,0.16660371,-0.050629694,-0.30352423
2018-12-10,0.024822697,-0.1940498,-0.53795004,-0.5783772,-0.23121974,0.17855415,-0.046281368,-0.29214072
2018-12-11,0.037329607,-0.18856141,-0.54033816,-0.5860038,-0.23416662,0.16609249,-0.048427664,-0.302538
2018-12-12,0.024307922,-0.19104353,-0.5321662,-0.567755,-0.22020426,0.17596462,-0.03458156,-0.2915663
2018-12-13,0.07222211,-0.18802689,-0.6594307,-0.7178005,-0.26535574,0.17126541,0.010572165,-0.40600455
2018-12-14,0.026663676,-0.18546262,-0.48064727,-0.5206869,-0.21393931,0.15596479,-0.07451773,-0.25885978
2018-12-17,0.036176227,-0.18728349,-0.5434976,-0.58430785,-0.2213358,0.167539,-0.027618095,-0.31011036
2018-12-18,0.021958284,-0.1955772,-0.5091663,-0.5544474,-0.24309868,0.17444691,-0.08783901,-0.2585366
2018-12-19,0.041111313,-0.18523648,-0.50111145,-0.5524932,-0.2338801,0.14966798,-0.08773142,-0.2762862
2018-12-20,0.022331007,-0.18978623,-0.50519586,-0.5424041,-0.2214798,0.17006631,-0.057896174,-0.26567504
2018-12-21,0.018971212,-0.18240458,-0.45358515,-0.48647934,-0.20053811,0.15392639,-0.07343841,-0.2354562
2018-12-24,0.042127445,-0.19138545,-0.57531655,-0.6235715,-0.24629387,0.17321455,-0.035141822,-0.32743227
2018-12-25,-0.008480348,-0.19522178,-0.5316981,-0.5376563,-0.17947918,0.20556521,0.031622246,-0.2829578
2018-12-26,0.033035256,-0.19191808,-0.5405087,-0.58703744,-0.24121737,0.17164573,-0.057339832,-0.29496378
2018-12-27,0.032630578,-0.18372552,-0.47373828,-0.5198878,-0.22777781,0.14873835,-0.09753311,-0.24900866
2018-12-28,0.047106586,-0.18973905,-0.5652904,-0.61577296,-0.24408948,0.16634959,-0.044130392,-0.32218227
2019-01-02,0.0070669875,-0.18141113,-0.4339592,-0.45630404,-0.1843357,0.15776724,-0.06399285,-0.21804962
2019-01-03,0.042810194,-0.19598372,-0.55984735,-0.61729306,-0.26097116,0.17040119,-0.07608609,-0.30859375
2019-01-04,0.07007633,-0.19371365,-0.7200266,-0.7749784,-0.26542798,0.19197315,0.06351771,-0.4574201
2019-01-07,0.02903656,-0.18883795,-0.5433376,-0.57867575,-0.22014907,0.17463881,-0.022161629,-0.30258903
2019-01-08,0.03341639,-0.18817855,-0.54403514,-0.5830428,-0.22376198,0.17028762,-0.029285414,-0.3066329
2019-01-09,0.078249276,-0.19319144,-0.6418403,-0.71626186,-0.28933373,0.16299011,-0.049882263,-0.3872907
2019-01-10,0.04423117,-0.188788,-0.5718369,-0.61755043,-0.23235926,0.1688045,-0.022339683,-0.33520058
2019-01-11,0.02763585,-0.1966154,-0.57173824,-0.6119175,-0.23315662,0.1866669,-0.021464262,-0.32127172
2019-01-14,0.020621039,-0.18629768,-0.4879071,-0.5207248,-0.20660648,0.16397429,-0.054084897,-0.2609394
2019-01-15,0.03935673,-0.1939429,-0.63734305,-0.6745042,-0.23288149,0.19442779,0.04113511,-0.38144776
2019-01-16,0.025843486,-0.19084167,-0.5365819,-0.57340217,-0.22296056,0.17585957,-0.03381207,-0.29498473
2019-01-17,0.040532842,-0.18422383,-0.5421458,-0.5822745,-0.21495816,0.16097237,-0.023079354,-0.31816104
2019-01-18,0.036266774,-0.20012198,-0.63202643,-0.67634284,-0.24875954,0.19826667,0.010263301,-0.36806414
2019-01-21,0.05369199,-0.19289783,-0.5884279,-0.6491602,-0.26757336,0.1684193,-0.0567307,-0.3360471
2019-01-22,0.0333428,-0.184692,-0.4808649,-0.5276279,-0.23040915,0.15101932,-0.09447497,-0.252537
2019-01-23,0.0437658,-0.19216973,-0.5589264,-0.6134451,-0.2563846,0.16851833,-0.06456836,-0.30959678
2019-01-24,0.040679924,-0.18662016,-0.5854319,-0.6230253,-0.22034028,0.17507899,0.0133981705,-0.34838054
2019-01-25,0.04599566,-0.19635877,-0.61579657,-0.66564083,-0.24954605,0.18393609,-0.010479961,-0.36208332
2019-01-28,0.053061344,-0.19147506,-0.53705275,-0.6049523,-0.27764273,0.15387164,-0.11800492,-0.28941008
2019-01-29,0.026329033,-0.19418031,-0.5818004,-0.6143625,-0.2132828,0.18927681,0.0155543685,-0.33905178
2019-01-30,0.04748582,-0.18820953,-0.5629107,-0.6145027,-0.24567667,0.16360295,-0.046964847,-0.32319996
2019-01-31,0.053553753,-0.18855771,-0.5755092,-0.6316942,-0.25384277,0.16302939,-0.046793796,-0.33185735
2019-02-01,0.02438981,-0.19130315,-0.5739233,-0.6023661,-0.21299872,0.18830714,0.017242603,-0.32642096
2019-02-11,0.047037452,-0.19258107,-0.64030176,-0.6831851,-0.2408441,0.18842009,0.03180269,-0.38532925
2019-02-12,0.048608467,-0.18822254,-0.58941,-0.6375974,-0.241326,0.17060578,-0.014824964,-0.34676772
2019-02-13,0.029105984,-0.19967715,-0.6554284,-0.6855705,-0.22984207,0.21158728,0.06328562,-0.38674918
2019-02-14,0.030198924,-0.19360253,-0.56827843,-0.6073289,-0.23045313,0.18263796,-0.018873308,-0.320052
2019-02-15,0.033779524,-0.18519396,-0.4797697,-0.52753913,-0.22737962,0.15008703,-0.094714254,-0.25584358
2019-02-18,0.04699228,-0.20065036,-0.67485696,-0.7222742,-0.2556323,0.20249417,0.036770046,-0.40549165
2019-02-19,0.04336661,-0.18895072,-0.52163655,-0.57880694,-0.25675148,0.15706444,-0.09477514,-0.27719164
2019-02-20,0.031063534,-0.19235492,-0.541305,-0.58621705,-0.2426208,0.17448814,-0.05619421,-0.29082617
2019-02-21,0.059890345,-0.18587327,-0.5710683,-0.62654966,-0.23388144,0.15308245,-0.03536708,-0.3487293
2019-02-22,0.009890661,-0.19905171,-0.62877315,-0.6433175,-0.20063302,0.21963477,0.08692959,-0.3650145
2019-02-25,0.023936674,-0.20474932,-0.7464091,-0.7651475,-0.23113269,0.24390273,0.15131052,-0.45547616
2019-02-26,0.024272002,-0.1878671,-0.49563983,-0.5319154,-0.20942754,0.16188303,-0.05943716,-0.27339807
2019-02-27,0.05934444,-0.18462783,-0.52579105,-0.5907908,-0.2520505,0.14063,-0.09859312,-0.3041493
2019-02-28,0.043569148,-0.1891701,-0.5439788,-0.5946409,-0.24258947,0.16231248,-0.06099744,-0.30490884
2019-03-01,0.018065162,-0.19079207,-0.5585632,-0.58325016,-0.21115848,0.19010973,0.013619289,-0.3059659
2019-03-04,0.09016897,-0.18108389,-0.62280667,-0.6950313,-0.25975168,0.13962427,-0.029996242,-0.40351883
2019-03-05,0.039804637,-0.19242716,-0.58013535,-0.6263733,-0.24361414,0.17788291,-0.025286086,-0.32889184
2019-03-06,0.031601124,-0.18876864,-0.5408087,-0.58192044,-0.22338068,0.17119375,-0.030862365,-0.30544132
2019-03-07,0.008477904,-0.18755057,-0.4892651,-0.51239496,-0.20223868,0.17546006,-0.03819365,-0.2525253
2019-03-08,0.048439607,-0.19039242,-0.5102287,-0.57426023,-0.26795703,0.1502822,-0.12846103,-0.26583028
2019-03-11,0.04766807,-0.18984355,-0.61215705,-0.6582181,-0.23850682,0.17846069,0.009935074,-0.36677355
2019-03-12,0.07220584,-0.18601957,-0.56606275,-0.6394335,-0.2689569,0.14174224,-0.08958818,-0.33832356
2019-03-13,0.021436714,-0.19021729,-0.511245,-0.5447535,-0.20034847,0.1714504,-0.031214213,-0.28517106
2019-03-14,0.043853074,-0.19200025,-0.53189546,-0.59057015,-0.2562711,0.15982148,-0.09331947,-0.28988922
2019-03-15,0.07551263,-0.18945256,-0.62365615,-0.6983771,-0.29749838,0.15954593,-0.064154744,-0.36352795
2019-03-18,0.040477246,-0.19944528,-0.69664043,-0.73144484,-0.24515343,0.21417844,0.080690175,-0.41876882
2019-03-19,0.030048236,-0.1867694,-0.49374756,-0.53700304,-0.22370175,0.15788388,-0.07594147,-0.26535586
2019-03-20,0.026970275,-0.19380331,-0.53791136,-0.58020496,-0.24312544,0.17848086,-0.05652666,-0.28008142
2019-03-21,0.034607507,-0.19222663,-0.5677535,-0.60854805,-0.22773758,0.17764704,-0.018984146,-0.32617748
2019-03-22,0.008176297,-0.19751407,-0.53067607,-0.5571178,-0.20415692,0.19181138,-0.01708537,-0.2874106
2019-03-25,0.04813528,-0.1907412,-0.5336555,-0.5922658,-0.25105807,0.15646628,-0.08793109,-0.2964866
2019-03-26,0.039270096,-0.18359582,-0.46597752,-0.51923114,-0.23523533,0.14120206,-0.1189705,-0.24342701
2019-03-27,0.046297096,-0.18931577,-0.5789719,-0.6273974,-0.24420798,0.17025867,-0.028464181,-0.33378658
2019-03-28,0.04854536,-0.18839534,-0.5723915,-0.62199324,-0.24327663,0.16601092,-0.034844205,-0.33029637
2019-03-29,0.07327433,-0.19974321,-0.7797516,-0.83482873,-0.28194875,0.21069446,0.09580198,-0.4929747
2019-04-01,0.06355485,-0.20344582,-0.67736876,-0.7474037,-0.29494274,0.19056714,-0.023250561,-0.40290123
2019-04-02,0.035683364,-0.18845348,-0.5344288,-0.57844776,-0.22974238,0.16544804,-0.049214683,-0.2995777
2019-04-03,0.039106295,-0.19921628,-0.6386355,-0.68329036,-0.2532835,0.19830784,0.012830123,-0.37023953
2019-04-04,0.034765624,-0.19696724,-0.5868101,-0.6322477,-0.24855313,0.18621045,-0.029087376,-0.3281815
2019-04-08,0.020934246,-0.18750873,-0.44671693,-0.4928159,-0.23880577,0.15407208,-0.12971072,-0.20771065
2019-04-09,0.048759155,-0.18696481,-0.56162006,-0.6144256,-0.2456756,0.16202486,-0.04539322,-0.3227718
2019-04-10,0.02674134,-0.19027884,-0.5788663,-0.60731167,-0.21575108,0.18693438,0.017660402,-0.33156058
2019-04-11,0.009268314,-0.19008285,-0.44260037,-0.47755492,-0.21283877,0.16293296,-0.10291487,-0.21167052
2019-04-12,0.026811816,-0.1916343,-0.5287838,-0.5699871,-0.23248613,0.1736795,-0.05382699,-0.28379303
2019-04-15,0.05621904,-0.18553044,-0.48722053,-0.5575677,-0.26785594,0.13397358,-0.15162572,-0.25727907
2019-04-16,0.038679212,-0.19934702,-0.7236988,-0.7503905,-0.223059,0.22207257,0.1309028,-0.4555707
2019-04-17,0.024579942,-0.19160418,-0.5399124,-0.57460785,-0.21402866,0.17791289,-0.02159765,-0.3025001
2019-04-18,0.036569797,-0.18892047,-0.54703796,-0.5896187,-0.22925895,0.16933274,-0.035536386,-0.3076614
2019-04-19,0.015188508,-0.19869483,-0.57856923,-0.6083878,-0.21897751,0.19960509,0.008428954,-0.32542044
2019-04-22,0.011513345,-0.18250972,-0.39504498,-0.42974555,-0.20136152,0.14405641,-0.12810898,-0.18031394
2019-04-23,0.03424736,-0.19569188,-0.5795017,-0.6219348,-0.23175842,0.18272349,-0.017285079,-0.33325273
2019-04-24,0.01322002,-0.19665901,-0.5278944,-0.5583524,-0.20794696,0.18645523,-0.026360955,-0.28624305
2019-04-25,0.048090905,-0.18468815,-0.50347966,-0.55901253,-0.23674369,0.14410964,-0.093937635,-0.2814869
2019-04-26,0.040078096,-0.18865553,-0.5137554,-0.5646125,-0.23198605,0.15588923,-0.077984095,-0.2861461
2019-04-29,0.0418543,-0.1932598,-0.59377426,-0.63683695,-0.22438219,0.17860657,0.0018547401,-0.355677
2019-04-30,0.041418977,-0.19082002,-0.56251144,-0.6105418,-0.24061954,0.17063001,-0.04001363,-0.31887162
2019-05-06,-0.008387718,-0.18510687,-0.35834137,-0.3849718,-0.19131799,0.15111513,-0.14222541,-0.14278081
2019-05-07,0.041835397,-0.19449359,-0.56750584,-0.62396187,-0.26735547,0.17410508,-0.06800934,-0.30732107
2019-05-08,0.06829296,-0.18592349,-0.589714,-0.65392417,-0.26454654,0.15338486,-0.05361972,-0.3497067
2019-05-09,0.011390597,-0.19214098,-0.49270073,-0.52203834,-0.19845894,0.17472684,-0.045404024,-0.26599425
2019-05-10,0.012335539,-0.21773161,-0.6536841,-0.692882,-0.2585938,0.23410279,0.014031671,-0.35734808
2019-05-13,0.034409232,-0.18551585,-0.49552253,-0.540784,-0.22608152,0.1541106,-0.07774823,-0.26803297
2019-05-14,0.053854868,-0.19433679,-0.60410064,-0.6611228,-0.25955948,0.1729839,-0.037687927,-0.35425085
2019-05-15,0.024167046,-0.20127802,-0.63925475,-0.66837704,-0.22284868,0.21120065,0.053958938,-0.3757747
2019-05-16,0.037864886,-0.19145238,-0.58041453,-0.6218688,-0.23327702,0.17909649,-0.01140197,-0.33287138
2019-05-17,0.019366622,-0.18320157,-0.41694754,-0.4575922,-0.21177518,0.142942,-0.12729502,-0.20280948
2019-05-20,0.025617786,-0.17991658,-0.47588202,-0.5085178,-0.20048171,0.15411168,-0.050606478,-0.2573319
2019-05-21,0.074533775,-0.19007534,-0.6500301,-0.7179173,-0.27913988,0.16734393,-0.019660827,-0.39660773
2019-05-22,0.04158306,-0.1839124,-0.51577866,-0.5638037,-0.23576397,0.1534122,-0.07061839,-0.2840312
2019-05-23,0.034878537,-0.17956696,-0.48704535,-0.5242427,-0.20722958,0.14893846,-0.05558838,-0.26925135
2019-05-24,0.0326541,-0.195472,-0.5578925,-0.6053838,-0.24190596,0.1785129,-0.0466892,-0.30951095
2019-05-27,0.007702306,-0.19740444,-0.60195243,-0.6135659,-0.18289028,0.21167764,0.077915296,-0.3561401
2019-05-28,0.0653442,-0.1897139,-0.60372174,-0.6671526,-0.2640154,0.16091141,-0.04399142,-0.36084402
2019-05-29,0.032290004,-0.19448513,-0.5892152,-0.6264054,-0.22321212,0.1868009,0.0064510256,-0.3428599
2019-05-30,0.013841562,-0.18772408,-0.5137355,-0.5380794,-0.20024358,0.17795227,-0.01593478,-0.27860764
2019-05-31,0.044726215,-0.1927112,-0.55039674,-0.6073908,-0.25771597,0.16448577,-0.07855206,-0.30490777
2019-06-03,0.024492182,-0.19458078,-0.5286286,-0.5709238,-0.22627774,0.17555746,-0.052953724,-0.2906203
2019-06-04,0.017516911,-0.1869891,-0.4846289,-0.5155594,-0.20177762,0.165629,-0.05114296,-0.25937754
2019-06-05,0.036623403,-0.18401405,-0.519544,-0.5597172,-0.21370089,0.15771261,-0.041447703,-0.2981559
2019-06-06,0.03815578,-0.18590038,-0.51992244,-0.5649267,-0.22808045,0.15818712,-0.059728082,-0.2894502
2019-06-10,0.06465492,-0.18879984,-0.6188422,-0.6793138,-0.26559344,0.16578758,-0.02676054,-0.37000388
2019-06-11,0.06365365,-0.20152053,-0.73736066,-0.79222345,-0.2789501,0.20702454,0.06054136,-0.45422614
2019-06-12,0.020452112,-0.18980199,-0.5081617,-0.54219943,-0.21455696,0.17166029,-0.047665138,-0.2722818
2019-06-13,0.022448085,-0.18819605,-0.5449263,-0.57235557,-0.20035884,0.17936067,0.0063243285,-0.31245485
2019-06-14,0.042932644,-0.1886225,-0.52339786,-0.57720053,-0.24344948,0.15659827,-0.08205578,-0.28953108
2019-06-17,0.037826113,-0.19680408,-0.56876266,-0.62083775,-0.25245824,0.17738289,-0.05484084,-0.3168306
2019-06-18,0.034902707,-0.18593201,-0.5431658,-0.5808596,-0.22218671,0.16855523,-0.023911573,-0.30521283
2019-06-19,0.03534606,-0.18542427,-0.50498426,-0.5490701,-0.2215833,0.15556249,-0.06614642,-0.28161728
2019-06-20,0.084266946,-0.19202527,-0.7436018,-0.8071733,-0.28590494,0.18676984,0.057138667,-0.47378612
2019-06-21,0.037399963,-0.1896666,-0.5353509,-0.5846029,-0.24219555,0.1657531,-0.0628888,-0.29351455
2019-06-24,0.03873259,-0.18937218,-0.54376113,-0.5904776,-0.23871627,0.1666674,-0.051499896,-0.3015264
2019-06-25,-0.007358998,-0.19317274,-0.45877606,-0.47622007,-0.18528257,0.18268606,-0.047445662,-0.22497836
2019-06-26,0.044677988,-0.19394128,-0.58970946,-0.6413439,-0.25476235,0.17712222,-0.03570404,-0.3356938
2019-06-27,0.060546026,-0.19679672,-0.615699,-0.68530303,-0.28391314,0.1712578,-0.061572056,-0.35928884
2019-06-28,0.021350853,-0.18913221,-0.5199129,-0.5518432,-0.21299064,0.17403731,-0.03299935,-0.28233317
2019-07-01,0.05009716,-0.1945375,-0.6077984,-0.6621295,-0.26072007,0.17767805,-0.029493418,-0.35057914
2019-07-02,0.034413062,-0.190121,-0.5510416,-0.59370595,-0.23421901,0.17266181,-0.0369073,-0.30722338
2019-07-03,0.03542737,-0.1841644,-0.5076444,-0.54990053,-0.22133768,0.15601407,-0.05925837,-0.28124925
2019-07-04,0.037729464,-0.19089696,-0.51693976,-0.5695041,-0.24114037,0.16011131,-0.08546888,-0.2814524
2019-07-05,0.036181502,-0.19188368,-0.5806269,-0.6202812,-0.22960287,0.18061064,-0.006731108,-0.33374536
2019-07-08,-0.007836614,-0.18538275,-0.4266145,-0.44015145,-0.17132331,0.16932437,-0.052858636,-0.20889509
2019-07-09,0.024753287,-0.19068256,-0.52271086,-0.56032294,-0.22497004,0.17307365,-0.048765842,-0.28112322
2019-07-10,0.037143588,-0.18641801,-0.5307773,-0.5731906,-0.22285852,0.16231006,-0.042626962,-0.3003387
2019-07-11,0.043108977,-0.19126087,-0.53552514,-0.5921115,-0.25602454,0.16099912,-0.08717036,-0.2920562
2019-07-12,0.04746671,-0.1960552,-0.6172914,-0.6698482,-0.25528422,0.18278645,-0.015211482,-0.36199254
2019-07-15,0.049990058,-0.1815503,-0.58892345,-0.6268925,-0.21841341,0.16575044,0.019592479,-0.35756156
2019-07-16,0.030686691,-0.19044468,-0.53090495,-0.5737606,-0.23026207,0.16988075,-0.051478766,-0.29170603
2019-07-17,0.042742766,-0.19310829,-0.57239664,-0.6233067,-0.24678123,0.1723088,-0.04376173,-0.327247
2019-07-18,0.03300499,-0.18928356,-0.54014695,-0.58087915,-0.22699514,0.17027073,-0.03795218,-0.3007449
2019-07-19,0.058737412,-0.19328988,-0.601083,-0.66551197,-0.27776006,0.16795975,-0.06023844,-0.34457582
2019-07-22,0.030737177,-0.18496636,-0.51320827,-0.5494072,-0.21248543,0.16187108,-0.041490734,-0.2857304
2019-07-23,0.029333107,-0.19239016,-0.55007786,-0.5899779,-0.2291992,0.17746003,-0.03275068,-0.3055301
2019-07-24,0.05800508,-0.19420926,-0.58928305,-0.65596706,-0.27660468,0.16572815,-0.072198085,-0.33587307
2019-07-25,0.042569637,-0.19065747,-0.5857553,-0.6308709,-0.23833576,0.17597237,-0.013804764,-0.33904645
2019-07-26,0.033324145,-0.19510102,-0.57977337,-0.6224989,-0.23756072,0.18393452,-0.019468807,-0.3282015
2019-07-29,0.028311424,-0.18938297,-0.534538,-0.5725742,-0.22307166,0.17228183,-0.03577472,-0.2960953
2019-07-30,0.054317825,-0.19130746,-0.58861446,-0.64686537,-0.26281193,0.16747692,-0.049690798,-0.33847076
2019-07-31,0.02753321,-0.18795788,-0.5244339,-0.5601895,-0.21269044,0.16918498,-0.03248992,-0.29332766
2019-08-01,0.024112158,-0.19221942,-0.5124931,-0.5543148,-0.23128837,0.17096893,-0.06900878,-0.27127203
2019-08-02,0.032796152,-0.19213122,-0.56504303,-0.60514593,-0.23234856,0.17898163,-0.022647213,-0.31708157
2019-08-05,0.041161805,-0.1838367,-0.49660125,-0.5453601,-0.23188701,0.1484825,-0.086056605,-0.26923144
2019-08-06,0.019925773,-0.19204015,-0.56866163,-0.5916471,-0.19293842,0.18897115,0.03180331,-0.33454922
2019-08-07,0.025386006,-0.18988337,-0.521644,-0.55807734,-0.21540764,0.17124411,-0.04007439,-0.28790423
2019-08-08,0.038353406,-0.19449821,-0.5925177,-0.6372269,-0.23956278,0.18261144,-0.013137128,-0.3431538
2019-08-09,0.029455915,-0.18862449,-0.4851571,-0.5307956,-0.22768086,0.15709162,-0.091795094,-0.25496787
2019-08-12,0.033114538,-0.19355641,-0.5869963,-0.62636524,-0.23596683,0.18621287,-0.0053403415,-0.331521
2019-08-13,0.03383057,-0.19072694,-0.53774554,-0.58290297,-0.23595744,0.16951975,-0.0537554,-0.29624036
2019-08-14,0.029458597,-0.18789558,-0.5085154,-0.5500635,-0.22285667,0.16292551,-0.061533563,-0.2775705
2019-08-15,0.04268144,-0.19998914,-0.6582035,-0.7032981,-0.25479674,0.20137955,0.026966818,-0.3869236
2019-08-16,0.055199757,-0.18900688,-0.60492456,-0.6556443,-0.24395478,0.17008245,-0.009750545,-0.36169666
2019-08-19,0.03359186,-0.19064027,-0.6234141,-0.65119797,-0.20783707,0.19316925,0.064075924,-0.38019586
2019-08-20,0.038989685,-0.19039449,-0.5473793,-0.5951684,-0.23814335,0.16748711,-0.05083216,-0.3074672
2019-08-21,0.03737268,-0.19144523,-0.55677545,-0.60222083,-0.23430502,0.17185,-0.03756643,-0.31591555
2019-08-22,0.025249228,-0.19021858,-0.533603,-0.56923765,-0.22221771,0.17560138,-0.0338739,-0.291023
2019-08-23,0.0466068,-0.19232517,-0.5970977,-0.64802194,-0.25228095,0.17658547,-0.024303492,-0.34533688
2019-08-26,0.041650288,-0.19111389,-0.5587201,-0.6089972,-0.24350044,0.16903204,-0.04802784,-0.31663823
2019-08-27,0.06857525,-0.19108129,-0.61999637,-0.68813664,-0.28442577,0.1649827,-0.051646642,-0.3619839
2019-08-28,0.026498675,-0.1910826,-0.53354514,-0.5710795,-0.21885768,0.17414455,-0.034585696,-0.29716495
2019-08-29,0.028939508,-0.18434343,-0.5127134,-0.54661965,-0.2059398,0.16325377,-0.031157343,-0.28722227
2019-08-30,0.04309033,-0.18831655,-0.52163833,-0.57556266,-0.24164256,0.15568201,-0.08120445,-0.28961104
2019-09-02,0.052302048,-0.1969895,-0.64234185,-0.69563705,-0.2585227,0.18649039,0.00046372786,-0.38380814
2019-09-03,0.03128487,-0.18976122,-0.5363453,-0.57770324,-0.22960544,0.17077303,-0.043852143,-0.29589093
2019-09-04,0.03951025,-0.19644545,-0.5882203,-0.63852894,-0.2581881,0.18236077,-0.039790943,-0.3275245
2019-09-05,0.0714308,-0.194475,-0.6238487,-0.6974817,-0.28837577,0.16432112,-0.06334786,-0.36899975
2019-09-06,0.036460526,-0.18932638,-0.5462808,-0.590541,-0.23411557,0.16907676,-0.041989822,-0.305092
2019-09-09,0.024899572,-0.18764511,-0.5180491,-0.5515293,-0.20982125,0.16962385,-0.032733202,-0.28657284
2019-09-10,0.021563299,-0.18905073,-0.52451515,-0.55549055,-0.20817494,0.17497173,-0.023508076,-0.28965405
2019-09-11,0.02385144,-0.18402481,-0.48708194,-0.52102464,-0.20634435,0.15968192,-0.054351427,-0.26450014
2019-09-12,0.030033618,-0.19299918,-0.5806097,-0.6167366,-0.22600445,0.18587768,0.00054293126,-0.3320985
2019-09-16,0.03064093,-0.18513137,-0.50502366,-0.5434442,-0.214939,0.15978727,-0.052425485,-0.2780349
2019-09-17,0.03803558,-0.18009837,-0.46021226,-0.5085036,-0.22438958,0.13852826,-0.106054634,-0.24381983
2019-09-18,0.041460462,-0.19080389,-0.56309336,-0.6110566,-0.24082875,0.17032474,-0.039914254,-0.31954005
2019-09-19,0.028210558,-0.18845657,-0.5330597,-0.56930155,-0.22002053,0.1721521,-0.031170104,-0.29399237
2019-09-20,0.033699848,-0.19016789,-0.54572856,-0.5876467,-0.22777787,0.17137474,-0.036045082,-0.30692658
2019-09-23,0.014963403,-0.18464437,-0.478025,-0.5049067,-0.1962105,0.16537759,-0.04371445,-0.25253883
2019-09-24,0.053468376,-0.18643515,-0.570977,-0.6239762,-0.244421,0.1601008,-0.03952503,-0.3346083
2019-09-25,0.035311,-0.18694156,-0.5381035,-0.57800424,-0.22160375,0.16656052,-0.032402635,-0.30409437
2019-09-26,0.030319288,-0.19002023,-0.50278145,-0.54863435,-0.23172975,0.16194777,-0.081049114,-0.2676729
2019-09-27,0.03348521,-0.18986297,-0.55292434,-0.5925876,-0.22680193,0.17384186,-0.026182458,-0.3114612
2019-09-30,0.039095655,-0.1896976,-0.5301955,-0.57873875,-0.23287517,0.16192284,-0.06315423,-0.2977245
2019-10-08,0.05784972,-0.19229035,-0.6088554,-0.6687149,-0.26600468,0.17024173,-0.03778167,-0.3570418
2019-10-09,0.035426423,-0.19070347,-0.57125276,-0.61042136,-0.23063377,0.17792816,-0.01461364,-0.3242481
2019-10-10,0.032775417,-0.19422793,-0.5873506,-0.6258634,-0.23080215,0.18607777,-0.0025729947,-0.33660585
2019-10-11,0.023869418,-0.1954655,-0.59886754,-0.62711143,-0.21180966,0.19681963,0.034231186,-0.35037935
2019-10-14,0.05764109,-0.19185486,-0.58500856,-0.6479723,-0.2723282,0.16389373,-0.06733447,-0.3323588
2019-10-15,0.03086964,-0.18954755,-0.5338445,-0.57441705,-0.22647744,0.17023796,-0.042814806,-0.29532084
2019-10-16,0.035646982,-0.19267437,-0.53109443,-0.58254874,-0.24496764,0.16697937,-0.07535003,-0.28875482
2019-10-17,0.04076118,-0.19055064,-0.55077106,-0.60007626,-0.2415539,0.16730246,-0.05207179,-0.30880758
2019-10-18,0.043146893,-0.1855107,-0.47137946,-0.5321334,-0.254681,0.14049903,-0.14119944,-0.24108508
2019-10-21,0.046528056,-0.18949816,-0.5671984,-0.6186996,-0.24767768,0.16680035,-0.044778503,-0.32315028
2019-10-22,0.024922818,-0.19027613,-0.53624445,-0.571309,-0.22124761,0.17649184,-0.029770972,-0.2938634
2019-10-23,0.034294188,-0.1881606,-0.516578,-0.5611572,-0.22716069,0.16159987,-0.06270609,-0.28493255
2019-10-24,0.03032922,-0.1920347,-0.54035664,-0.5831636,-0.2387107,0.17401952,-0.05267398,-0.2920096
2019-10-25,0.025528416,-0.1900216,-0.5716692,-0.60002524,-0.20908049,0.18571079,0.01974319,-0.3290808
2019-10-28,0.040324986,-0.18959981,-0.56544274,-0.6106521,-0.23538443,0.17148647,-0.027988344,-0.32367495
2019-10-29,0.035360374,-0.18724039,-0.5263341,-0.5694874,-0.22814831,0.16321485,-0.05224589,-0.2918203
2019-10-30,0.030019395,-0.18701085,-0.51873857,-0.556501,-0.2187052,0.16580793,-0.044280197,-0.28492123
2019-10-31,0.03796044,-0.18902099,-0.5364294,-0.58353794,-0.23587203,0.16456008,-0.05605208,-0.29915804
2019-11-01,0.048558198,-0.19636695,-0.67450553,-0.71658695,-0.24093968,0.19808853,0.056883685,-0.41562495
2019-11-04,0.042342566,-0.19127667,-0.5741856,-0.6226411,-0.24364462,0.17285433,-0.033091757,-0.3287143
2019-11-05,0.05742599,-0.18661273,-0.6043886,-0.65463424,-0.23865601,0.16619065,-0.0034119114,-0.3682282
2019-11-06,0.040617414,-0.18857655,-0.53671324,-0.5851354,-0.23560312,0.16204965,-0.057531875,-0.3018123
2019-11-07,0.037054114,-0.19282764,-0.5569123,-0.60392284,-0.2453753,0.17408967,-0.049721554,-0.30583966
2019-11-08,0.036471955,-0.18401206,-0.4934266,-0.54023093,-0.22784486,0.15117669,-0.081752,-0.2684762
2019-11-11,0.033520356,-0.18573084,-0.49349347,-0.53738713,-0.22140366,0.15434256,-0.07527457,-0.2683333
2019-11-12,0.028128691,-0.19397637,-0.54295063,-0.5846263,-0.22972584,0.17694691,-0.043447375,-0.30015287
2019-11-13,0.036971726,-0.18686481,-0.5428784,-0.58503395,-0.22921875,0.16642362,-0.03667018,-0.30540547
2019-11-14,0.031687208,-0.19302785,-0.5617258,-0.6025743,-0.22869706,0.17891587,-0.024207674,-0.31834108
2019-11-15,0.041193306,-0.18497026,-0.5341268,-0.57883453,-0.22635558,0.15947813,-0.043241188,-0.30394578
2019-11-18,0.0417915,-0.19212687,-0.59616536,-0.64023197,-0.23541948,0.17939635,-0.0036794543,-0.35098904
2019-11-19,0.048996955,-0.19311169,-0.60393363,-0.6557208,-0.25504205,0.17730345,-0.022988271,-0.3488339
2019-11-20,0.0338549,-0.18556234,-0.4980491,-0.5419947,-0.22374886,0.15536086,-0.07301768,-0.27125347
2019-11-21,0.037287623,-0.18746826,-0.5323784,-0.5757805,-0.22835669,0.16383734,-0.047838986,-0.29633608
2019-11-22,0.029871762,-0.19253975,-0.47819898,-0.5322905,-0.24681851,0.1565717,-0.1270355,-0.24065137
2019-11-25,0.0387635,-0.19238918,-0.5739201,-0.6186413,-0.23841617,0.17676775,-0.026007473,-0.32577333
2019-11-26,0.027844362,-0.19009215,-0.53687507,-0.5746194,-0.22047558,0.17345946,-0.032153003,-0.30010438
2019-11-27,0.04404994,-0.18535894,-0.54410785,-0.5901141,-0.2296724,0.15989925,-0.040454358,-0.3124956
2019-11-28,0.03712491,-0.19073293,-0.53212625,-0.582078,-0.24129677,0.16500531,-0.06835437,-0.29241854
2019-11-29,0.022135548,-0.18784256,-0.48244506,-0.5218529,-0.22460997,0.16257866,-0.08144474,-0.24655417
2019-12-02,0.044263847,-0.19111556,-0.5578955,-0.6113168,-0.2519928,0.1667871,-0.06010895,-0.31237072
2019-12-03,0.033883706,-0.19029823,-0.5711372,-0.6085397,-0.22416347,0.17839232,-0.006377548,-0.32892972
2019-12-04,0.034762986,-0.19063413,-0.5562448,-0.5982772,-0.23195478,0.17420688,-0.030704863,-0.31257895
2019-12-05,0.033828236,-0.19630694,-0.579314,-0.6241889,-0.24456802,0.18407732,-0.029881949,-0.32375067
2019-12-06,0.03329716,-0.19271463,-0.5603477,-0.6035002,-0.23678952,0.17725857,-0.03423866,-0.3129948
2019-12-09,0.03201349,-0.18804535,-0.52461964,-0.565597,-0.22546086,0.16635977,-0.048897155,-0.28823525
2019-12-10,0.033093736,-0.19238502,-0.5638196,-0.6048702,-0.23180386,0.17820308,-0.02504741,-0.31816268
2019-12-11,0.026701547,-0.18941867,-0.53697413,-0.5719102,-0.21566609,0.1743963,-0.024228308,-0.30049223
2019-12-12,0.03491979,-0.18820456,-0.5326179,-0.5755496,-0.22917998,0.16575813,-0.048492502,-0.29626948
2019-12-13,0.03690245,-0.19643202,-0.60475963,-0.64893764,-0.245424,0.18888813,-0.0072894804,-0.3460173
2019-12-16,0.02820132,-0.19114734,-0.556439,-0.5918717,-0.21910563,0.17934771,-0.012283117,-0.31539395
2019-12-17,0.047158666,-0.19443229,-0.6602305,-0.6992002,-0.22792801,0.19401684,0.05973977,-0.41111863
2019-12-18,0.04210394,-0.19017614,-0.54155344,-0.5926438,-0.2407321,0.16306381,-0.062205918,-0.3040589
2019-12-19,0.02684474,-0.19160995,-0.53413755,-0.5735144,-0.2283293,0.17469186,-0.04450746,-0.29103068
2019-12-20,0.043598086,-0.19001505,-0.5601196,-0.61122715,-0.24479759,0.16703932,-0.047971603,-0.31892166
2019-12-23,0.03735096,-0.18966559,-0.5059562,-0.5588247,-0.24412805,0.15657024,-0.098048866,-0.27091458
2019-12-24,0.03491777,-0.19305325,-0.58144706,-0.62247884,-0.23355857,0.18215701,-0.011339098,-0.3326688
2019-12-25,0.04182002,-0.1889895,-0.5500098,-0.59771746,-0.23496407,0.16502547,-0.044571735,-0.31331208
2019-12-26,0.04221867,-0.19337942,-0.58239025,-0.6329534,-0.25386912,0.17674719,-0.038418263,-0.32802486
2019-12-27,0.058610618,-0.18846673,-0.5743969,-0.6366343,-0.26505214,0.15796709,-0.06639402,-0.33167386
2019-12-30,0.050908864,-0.19395092,-0.65861493,-0.7034815,-0.2428672,0.19025752,0.04071731,-0.4045473
2019-12-31,0.029223539,-0.19552284,-0.57364136,-0.6143981,-0.23732173,0.18608686,-0.0217835,-0.3194562
2020-01-02,0.053608052,-0.19436516,-0.60935265,-0.6671708,-0.26771972,0.17561597,-0.037673958,-0.35026816
2020-01-03,0.028460585,-0.19197747,-0.5326559,-0.5742176,-0.23046589,0.17319351,-0.0504594,-0.28985563
2020-01-06,0.06700753,-0.18665376,-0.5659658,-0.6352125,-0.26828918,0.147015,-0.08395274,-0.33158576
2020-01-07,0.03544811,-0.19423419,-0.5688243,-0.615354,-0.2425457,0.1784929,-0.037128642,-0.31989387
2020-01-08,0.045602992,-0.18376225,-0.5192343,-0.57135594,-0.2411493,0.15114018,-0.075768866,-0.28787956
2020-01-09,0.03634219,-0.19512421,-0.5696819,-0.61760664,-0.24394405,0.17832759,-0.039995983,-0.3204993
2020-01-10,0.026055329,-0.18947175,-0.5317373,-0.56780905,-0.21994627,0.1736844,-0.03324683,-0.29286614
2020-01-13,0.0342414,-0.19058795,-0.583484,-0.62019867,-0.22476166,0.18211535,0.005945958,-0.33781356
2020-01-14,0.04022283,-0.19063903,-0.5361128,-0.5877308,-0.24338374,0.16364291,-0.06913086,-0.2964605
2020-01-15,0.018452823,-0.18852822,-0.50197935,-0.5341162,-0.20915443,0.17125362,-0.04370576,-0.26923966
2020-01-16,0.030362718,-0.18939066,-0.5244943,-0.5656112,-0.22575179,0.16765848,-0.05120366,-0.2880662
2020-01-17,0.03542009,-0.19157752,-0.5447338,-0.59122795,-0.24329552,0.17102692,-0.05678796,-0.296806
2020-01-20,0.03875687,-0.18997788,-0.57180935,-0.61445796,-0.23373568,0.17426908,-0.01979059,-0.3287125
2020-01-21,0.015463904,-0.18427524,-0.46119785,-0.49102986,-0.1993379,0.15967011,-0.065665565,-0.23947862
2020-01-22,0.025622264,-0.1866822,-0.58042455,-0.5997977,-0.19037008,0.18656254,0.053940162,-0.34452376
2020-01-23,0.035428658,-0.18396252,-0.41643795,-0.47780877,-0.24980691,0.13046348,-0.18179634,-0.19327012
2020-02-03,0.008967288,-0.18962789,-0.45660627,-0.48495275,-0.19199662,0.16457185,-0.07049665,-0.23862603
2020-02-04,0.061039403,-0.21638228,-0.7590534,-0.8291658,-0.31267485,0.22174183,0.019317247,-0.4578669
2020-02-05,0.068991184,-0.18874219,-0.60403156,-0.67245454,-0.28427055,0.1586891,-0.06442907,-0.3498448
2020-02-06,0.03277781,-0.19532898,-0.644137,-0.6723275,-0.21475151,0.20232686,0.0705955,-0.39021215
2020-02-07,0.022119716,-0.1923002,-0.5407245,-0.57541436,-0.22511154,0.18137752,-0.0303667,-0.292562
2020-02-10,0.04488214,-0.19318381,-0.5950102,-0.6433544,-0.24945655,0.1786414,-0.021950707,-0.33920306
2020-02-11,0.044793576,-0.19783929,-0.620494,-0.67060727,-0.2548835,0.18752208,-0.012024242,-0.36005974
2020-02-12,0.032988332,-0.19302276,-0.5905389,-0.62696326,-0.22560519,0.1859918,0.0076704547,-0.34260422
2020-02-13,0.031892657,-0.18922293,-0.51843643,-0.5635406,-0.23506704,0.16562685,-0.06665219,-0.27795538
2020-02-14,0.05853732,-0.18999028,-0.59760326,-0.6577222,-0.26273432,0.16544072,-0.041267328,-0.35038537
2020-02-17,0.0380612,-0.20045578,-0.6572069,-0.69820726,-0.24450678,0.20451052,0.038956583,-0.39023924
2020-02-18,0.0193538,-0.19266196,-0.5113656,-0.5477817,-0.21972376,0.17469656,-0.05445961,-0.27203566
2020-02-19,0.054030724,-0.18962684,-0.5715266,-0.6302335,-0.25684685,0.16131967,-0.058858395,-0.33021206
2020-02-20,0.01883734,-0.19999963,-0.6332965,-0.65776396,-0.2140764,0.2130554,0.064669825,-0.37282634
2020-02-21,0.04619412,-0.1884605,-0.579884,-0.62675285,-0.2371647,0.16897413,-0.021222916,-0.3423123
2020-02-24,0.023696266,-0.18873015,-0.5373086,-0.56796855,-0.20429231,0.17565858,-0.009589713,-0.30753192
2020-02-25,0.024851106,-0.20601013,-0.6100905,-0.6531455,-0.25292438,0.20546858,-0.01692165,-0.3366867
2020-02-26,0.06163512,-0.18728662,-0.59178996,-0.65032524,-0.2571732,0.15924792,-0.042725373,-0.35187498
2020-02-27,0.038371123,-0.18828845,-0.53679925,-0.5829517,-0.23072788,0.16363838,-0.05024595,-0.3043374
2020-02-28,0.007523015,-0.19369319,-0.4548067,-0.4895479,-0.20898387,0.16865447,-0.09301462,-0.2245084
2020-03-02,0.06979038,-0.19895528,-0.7561279,-0.8093757,-0.275492,0.20676216,0.08280365,-0.4744162
2020-03-03,0.048124254,-0.18310769,-0.49289784,-0.550814,-0.24696416,0.14186643,-0.10916897,-0.26430386
2020-03-04,0.03597264,-0.19232237,-0.56678444,-0.61357725,-0.24881405,0.17736833,-0.04079196,-0.3132748
2020-03-05,0.028117292,-0.18978915,-0.6086905,-0.62944,-0.1929426,0.19344191,0.071539775,-0.36987472
2020-03-06,0.023464099,-0.18789229,-0.4994739,-0.53582084,-0.21347788,0.16557851,-0.055625495,-0.2702373
2020-03-09,0.013581999,-0.1830388,-0.4445677,-0.47295612,-0.19877191,0.1565962,-0.07689825,-0.22156936
2020-03-10,0.023001336,-0.19741672,-0.6499605,-0.6702712,-0.19435701,0.2105875,0.09854536,-0.40747806
2020-03-11,0.038127713,-0.1821182,-0.47654128,-0.52490544,-0.23112133,0.14471683,-0.0993765,-0.25167596
2020-03-12,0.02669134,-0.18288425,-0.4820832,-0.5198503,-0.21094877,0.15589082,-0.06259507,-0.2594623
2020-03-13,0.037177004,-0.18785149,-0.61574095,-0.63833135,-0.18820374,0.18609646,0.077082455,-0.38568103
2020-03-16,0.039814822,-0.16550416,-0.34171167,-0.39317724,-0.20802525,0.09602918,-0.18682905,-0.16044497
2020-03-17,0.011471227,-0.170003,-0.4093537,-0.42537528,-0.15585567,0.14088066,-0.042445466,-0.22075781
2020-03-18,0.085999474,-0.18114899,-0.5116235,-0.60613245,-0.30329764,0.11314741,-0.18444484,-0.28771618
2020-03-19,-0.043844588,-0.197278,-0.40890917,-0.4022573,-0.14416163,0.200705,-0.029946592,-0.17849201
2020-03-20,0.012876093,-0.19851606,-0.5676921,-0.59643143,-0.2300843,0.20037031,-0.008418992,-0.30006284
2020-03-23,0.043749705,-0.1868758,-0.5523448,-0.60073715,-0.23666161,0.16308182,-0.042266034,-0.31792828
2020-03-24,0.026037708,-0.19365393,-0.54836786,-0.591496,-0.25251973,0.18130714,-0.055697218,-0.2865776
2020-03-25,0.01711417,-0.19710341,-0.56806797,-0.5986898,-0.21874622,0.19529507,0.00036887452,-0.31462738
2020-03-26,0.056228608,-0.18939313,-0.57615703,-0.63543624,-0.25769487,0.16114983,-0.055553578,-0.33353314
2020-03-27,0.03484097,-0.18584044,-0.53058445,-0.57025045,-0.21771717,0.16346394,-0.035686385,-0.30323613
2020-03-30,0.022457875,-0.1925525,-0.5509309,-0.58017427,-0.2016948,0.18276371,0.0015924573,-0.3166629
2020-03-31,0.030472435,-0.18795842,-0.4980255,-0.5416646,-0.22713274,0.16016537,-0.07647682,-0.26429954
2020-04-01,0.07418993,-0.1886999,-0.57941025,-0.6574704,-0.28849927,0.14660946,-0.09969305,-0.335394
2020-04-02,0.02726584,-0.1955986,-0.60531163,-0.6380667,-0.22896373,0.19717158,0.023059107,-0.344493
2020-04-03,0.04038597,-0.18897913,-0.52999204,-0.5813814,-0.24558178,0.16149254,-0.073547974,-0.2885449
2020-04-07,0.03892009,-0.19383901,-0.59106815,-0.63569295,-0.23934168,0.18164869,-0.012971837,-0.34143433
2020-04-08,0.03629683,-0.18991086,-0.54775697,-0.5906855,-0.22638604,0.16931295,-0.03514014,-0.3121524
2020-04-09,0.030993491,-0.19213891,-0.54880613,-0.58969903,-0.2292755,0.17551257,-0.035834745,-0.30604625
2020-04-10,0.049517542,-0.18663217,-0.5313367,-0.5889699,-0.26047355,0.15339574,-0.09214486,-0.28735545
2020-04-13,0.03740754,-0.1867551,-0.53675956,-0.57946736,-0.2290897,0.16440374,-0.042916894,-0.30009645
2020-04-14,0.03429023,-0.19610183,-0.60075974,-0.64153355,-0.2368032,0.18968081,0.0009247996,-0.34505874
2020-04-15,0.037420787,-0.18843225,-0.52703434,-0.57433975,-0.23446643,0.16185406,-0.063241825,-0.292479
2020-04-16,0.037580416,-0.19316125,-0.5756738,-0.62006634,-0.23893586,0.1787548,-0.024888862,-0.32580394
2020-04-17,0.048168242,-0.19227418,-0.5798634,-0.633134,-0.24707246,0.16968565,-0.03938244,-0.33709723
2020-04-20,0.035681576,-0.18926588,-0.5564362,-0.59741926,-0.22956446,0.17248824,-0.026659872,-0.31511846
2020-04-21,0.0123022795,-0.18938881,-0.48582298,-0.5160539,-0.20994893,0.17250437,-0.055904802,-0.24888816
2020-04-22,0.03201796,-0.1970517,-0.612127,-0.64855736,-0.23045534,0.1951555,0.019077964,-0.35533407
2020-04-23,0.028493911,-0.19178802,-0.53884804,-0.57837105,-0.22287202,0.17433318,-0.036926106,-0.30110335
2020-04-24,0.038244262,-0.18677613,-0.51750946,-0.5653162,-0.2334562,0.15808576,-0.068629876,-0.28495318
2020-04-27,0.060186133,-0.1916354,-0.5968332,-0.6596867,-0.2679972,0.16459085,-0.053024843,-0.3478826
2020-04-28,0.03953272,-0.1828287,-0.5674438,-0.60017776,-0.20791665,0.16960242,0.015856996,-0.33764708
2020-04-29,0.052136652,-0.19358401,-0.5938346,-0.65242946,-0.26617032,0.17172907,-0.049856346,-0.33914468
2020-04-30,0.05287184,-0.19779682,-0.62276524,-0.6835198,-0.27349904,0.18099429,-0.036598615,-0.36106712
2020-05-06,0.03434518,-0.19565526,-0.6166138,-0.6549001,-0.23502362,0.19384858,0.019448519,-0.35959494
2020-05-07,0.031323858,-0.1880455,-0.5370546,-0.5756012,-0.22425318,0.17035303,-0.03396466,-0.2980685
2020-05-08,0.048076987,-0.1917095,-0.5975797,-0.6472409,-0.244203,0.17433709,-0.017088216,-0.3529083
2020-05-11,0.047972053,-0.19182862,-0.53990453,-0.6024776,-0.2641175,0.15873139,-0.096356705,-0.2958533
2020-05-12,0.03006234,-0.19240332,-0.539959,-0.58188516,-0.2303755,0.17438488,-0.044184174,-0.29608047
2020-05-13,0.030647673,-0.1913332,-0.5743404,-0.60907125,-0.22255406,0.18284675,0.000252977,-0.3283981
2020-05-14,0.033525504,-0.18683921,-0.5232496,-0.5647082,-0.22330672,0.16364017,-0.04780279,-0.29087362
2020-05-15,0.03329783,-0.1868929,-0.5243664,-0.5652574,-0.21949735,0.16365454,-0.044055253,-0.2961742
2020-05-18,0.047836766,-0.19253361,-0.5987222,-0.6481238,-0.24487537,0.17585498,-0.017563984,-0.3511619
2020-05-19,0.02958583,-0.19101393,-0.53454584,-0.5754208,-0.22771516,0.17214325,-0.045275684,-0.29454365
2020-05-20,0.036715858,-0.18959202,-0.53290975,-0.57913077,-0.23129067,0.16481845,-0.054991845,-0.29793227
2020-05-21,0.04281223,-0.18671179,-0.51983976,-0.57129455,-0.23600161,0.15453637,-0.07392474,-0.29060057
2020-05-22,0.018734477,-0.1825129,-0.43047917,-0.46754205,-0.21154949,0.14790383,-0.10895208,-0.2093029
2020-05-25,0.038648166,-0.19063832,-0.5531682,-0.60046643,-0.24081317,0.16944313,-0.047373764,-0.31002915
2020-05-26,0.038859554,-0.19431704,-0.58856326,-0.6346507,-0.24420267,0.18150815,-0.021119915,-0.3361219
2020-05-27,0.030271634,-0.18690759,-0.51194566,-0.551768,-0.21830061,0.16273166,-0.052161444,-0.2831324
2020-05-28,0.029140525,-0.19762751,-0.54359525,-0.59313446,-0.25374463,0.17907685,-0.07362186,-0.28572932
2020-05-29,0.04707007,-0.19592565,-0.5999333,-0.65433246,-0.2598783,0.17889881,-0.036026355,-0.34252957
2020-06-01,0.05896169,-0.19869092,-0.6712001,-0.72865367,-0.26653257,0.18991163,0.013018735,-0.40838793
2020-06-02,0.03268934,-0.19263399,-0.565209,-0.6052413,-0.22794282,0.17903787,-0.019679584,-0.32088414
2020-06-03,0.040707245,-0.19020715,-0.54145956,-0.5920128,-0.24044493,0.16387266,-0.06149319,-0.3045713
2020-06-04,0.025123097,-0.18940759,-0.52581817,-0.5609064,-0.21631318,0.17238246,-0.03538335,-0.29004335
2020-06-05,0.026575677,-0.19239044,-0.56317085,-0.59771794,-0.22589782,0.1841695,-0.011912629,-0.31276488
2020-06-08,0.037944324,-0.19379437,-0.5520466,-0.60419035,-0.25137702,0.17143972,-0.064782105,-0.30389118
2020-06-09,0.042005688,-0.19214424,-0.5780423,-0.6256458,-0.23960462,0.17422763,-0.026821949,-0.33425787
2020-06-10,0.028328083,-0.19004828,-0.5349041,-0.5724677,-0.22028276,0.17256299,-0.034142993,-0.29757586
2020-06-11,0.048093423,-0.18460363,-0.5097569,-0.56787,-0.25107557,0.14662352,-0.10047227,-0.2779983
2020-06-12,0.040133923,-0.19464472,-0.6138138,-0.6560033,-0.23883542,0.18762612,0.008776456,-0.3594147
2020-06-15,0.052167572,-0.1876122,-0.5410918,-0.60107887,-0.26094404,0.15398146,-0.087977484,-0.29963946
2020-06-16,0.039342687,-0.19385502,-0.57664686,-0.6242799,-0.24358574,0.17753969,-0.032219592,-0.3273943
2020-06-17,0.023930073,-0.19058508,-0.5311733,-0.56653696,-0.21922117,0.17552854,-0.033288207,-0.2914732
2020-06-18,0.044141397,-0.19144176,-0.60323244,-0.6474288,-0.23597488,0.17918774,0.0020021647,-0.35799256
2020-06-19,0.044229858,-0.20028104,-0.6455597,-0.69471276,-0.25834435,0.19636828,0.0070082396,-0.3776556
2020-06-22,0.056120798,-0.18942316,-0.56857264,-0.62979406,-0.2637899,0.15891218,-0.07018428,-0.32428697
2020-06-23,0.044405773,-0.18910429,-0.58404976,-0.6292062,-0.23939109,0.17330107,-0.015647378,-0.33803865
2020-06-24,0.034124225,-0.19361788,-0.5687896,-0.61318755,-0.23887506,0.1794664,-0.0297557,-0.3196991
2020-06-29,0.023888491,-0.18672039,-0.49109796,-0.5277269,-0.21414965,0.16251925,-0.06194512,-0.2615893
2020-06-30,0.04618083,-0.19311129,-0.59439373,-0.64478195,-0.2434546,0.17583686,-0.020038608,-0.34958082
2020-07-01,0.05372169,-0.19186532,-0.6405354,-0.6908525,-0.25764066,0.18280844,0.009620607,-0.38210896
2020-07-02,0.040669806,-0.19944566,-0.6653529,-0.70708364,-0.250368,0.2043272,0.040528364,-0.39519358
2020-07-03,0.022632346,-0.19936219,-0.5872201,-0.624653,-0.23657781,0.1972245,-0.0073570684,-0.3253958
2020-07-06,0.052941874,-0.20918873,-0.83139694,-0.8689423,-0.26116535,0.24516551,0.17167376,-0.53277135
2020-07-07,0.024945058,-0.18124712,-0.49389502,-0.5207847,-0.18545438,0.15791197,-0.02354351,-0.28328016
2020-07-08,0.023268007,-0.19686168,-0.6071899,-0.63991386,-0.23111513,0.20169492,0.024042659,-0.34466603
2020-07-09,0.049427025,-0.1951929,-0.6297839,-0.6800197,-0.24377856,0.18299536,0.007678561,-0.38357127
2020-07-10,0.03855169,-0.18888628,-0.5139163,-0.5653141,-0.23968682,0.15719163,-0.08451372,-0.28079075
2020-07-13,0.061215073,-0.19837955,-0.69794035,-0.7495293,-0.24863201,0.19472766,0.05647122,-0.44238192
2020-07-14,0.018664882,-0.1876716,-0.47276005,-0.513006,-0.22984293,0.16236876,-0.09297575,-0.23504418
2020-07-15,0.0096210465,-0.19693246,-0.50359917,-0.53355443,-0.2035224,0.1821809,-0.04615282,-0.26797616
2020-07-16,0.038353585,-0.17897797,-0.34138784,-0.41220096,-0.24902183,0.103133835,-0.25535816,-0.14184678
2020-07-17,0.043679535,-0.19840166,-0.5822465,-0.64132184,-0.2834306,0.17951837,-0.07904677,-0.30856618
2020-07-20,0.048234567,-0.18359953,-0.62919223,-0.66111785,-0.21147835,0.18009225,0.06729199,-0.39163315
2020-07-21,0.025293149,-0.19094366,-0.5265641,-0.5648536,-0.22657308,0.17356765,-0.047553383,-0.28437695
2020-07-22,0.08954783,-0.18837854,-0.646698,-0.7267382,-0.30388135,0.1533136,-0.059867438,-0.3894172
2020-07-23,-8.029491e-05,-0.20133547,-0.55181557,-0.57385164,-0.20068927,0.20544888,0.007374786,-0.30433214
2020-07-24,0.028710537,-0.17998227,-0.3587301,-0.41768265,-0.24000752,0.118776016,-0.21589553,-0.14440733
2020-07-27,0.033682667,-0.19361359,-0.5333681,-0.5825366,-0.23892757,0.16970658,-0.06580845,-0.2909364
2020-07-28,0.04242955,-0.1873044,-0.5346469,-0.58438545,-0.24348745,0.16056237,-0.06528612,-0.29415765
2020-07-29,0.068035245,-0.20145589,-0.72357506,-0.78520364,-0.28984243,0.19989684,0.03154879,-0.43903947
2020-07-30,0.029911853,-0.18709522,-0.50988436,-0.5505495,-0.22085428,0.16289647,-0.056018613,-0.27850768
2020-07-31,0.027945869,-0.20797037,-0.5944776,-0.6486772,-0.27289408,0.19799304,-0.0628735,-0.32113805
2020-08-03,0.036419384,-0.19082218,-0.57278967,-0.61409295,-0.23100731,0.17728096,-0.0140488185,-0.32812485
2020-08-04,0.025415294,-0.18788394,-0.5202498,-0.5540481,-0.21093446,0.17023611,-0.03140254,-0.2863879
2020-08-05,0.035072476,-0.18242088,-0.54497516,-0.5775536,-0.20756218,0.16637865,-0.002003055,-0.31686175
2020-08-06,0.0071440935,-0.18956769,-0.48716703,-0.51307225,-0.20431341,0.17665151,-0.04571476,-0.25167608
2020-08-07,-0.0007959753,-0.1937878,-0.48389843,-0.50719726,-0.20589119,0.18534349,-0.04837851,-0.23685965
2020-08-10,0.035812505,-0.19542255,-0.628393,-0.66262954,-0.22545922,0.1954818,0.038412146,-0.37493458
2020-08-11,0.06535925,-0.19390802,-0.5706806,-0.6463135,-0.28170818,0.15300186,-0.10694199,-0.32868075
2020-08-12,-0.00937875,-0.1933251,-0.4679576,-0.48423254,-0.19023353,0.18804032,-0.03891524,-0.22561187
2020-08-13,0.03264667,-0.18744144,-0.5209301,-0.56107616,-0.21768433,0.16393271,-0.044997733,-0.29116654
2020-08-14,0.02532737,-0.20150666,-0.61756176,-0.6546572,-0.2403275,0.20460008,0.012656078,-0.35029402
2020-08-17,0.06876044,-0.19184326,-0.6689814,-0.7274892,-0.26167977,0.17746794,0.018906623,-0.41732547
2020-08-18,0.0345757,-0.18755798,-0.5297847,-0.57192415,-0.22404823,0.16453522,-0.04540224,-0.29797852
2020-08-19,0.037151508,-0.18298268,-0.4990283,-0.54102606,-0.21388003,0.15113965,-0.06136705,-0.2809692
2020-08-20,0.027984805,-0.19004187,-0.5140332,-0.5553453,-0.22450605,0.16668099,-0.0599552,-0.27934548
2020-08-21,0.054803982,-0.18913871,-0.5635745,-0.62490344,-0.25665236,0.15782407,-0.06624753,-0.3264225
2020-08-24,0.041127473,-0.18975772,-0.5676781,-0.6115173,-0.23445159,0.17164263,-0.0263957,-0.32454184
2020-08-25,0.045489423,-0.19343653,-0.5514914,-0.61101073,-0.26379484,0.1650507,-0.084589384,-0.30227992
2020-08-26,0.038783953,-0.1901271,-0.48573536,-0.5447034,-0.2531961,0.15041348,-0.12941176,-0.2503164
2020-08-27,0.037658736,-0.1883837,-0.5623386,-0.60269237,-0.22295204,0.17185533,-0.0132812,-0.32575336
2020-08-28,0.025735542,-0.2012065,-0.6748936,-0.70076686,-0.22653785,0.220461,0.087684974,-0.4009817
2020-08-31,0.051305927,-0.18523324,-0.5176935,-0.57602125,-0.24789137,0.14651579,-0.09347889,-0.28780204
2020-09-01,0.04134892,-0.19282141,-0.57697624,-0.6260061,-0.24423179,0.17516157,-0.032470915,-0.3298412
2020-09-02,0.014876753,-0.19193748,-0.5276808,-0.5545222,-0.20079727,0.18220134,-0.013641834,-0.29356998
2020-09-03,0.050406702,-0.1909774,-0.54377544,-0.60471857,-0.2607542,0.15760604,-0.08998758,-0.30106637
2020-09-04,0.028060824,-0.19298153,-0.5604881,-0.5984442,-0.22887385,0.18209141,-0.020688802,-0.31206256
2020-09-07,0.048676312,-0.18571763,-0.4900094,-0.5526214,-0.24489364,0.13964763,-0.120182574,-0.27196696
2020-09-08,0.01692281,-0.19746493,-0.5602731,-0.59003174,-0.21257845,0.19294962,-0.0025833324,-0.3119219
2020-09-09,0.026028685,-0.1840947,-0.49826846,-0.5322604,-0.20122871,0.16017148,-0.040584087,-0.28091264
2020-09-10,0.044682935,-0.18998235,-0.5351713,-0.5894927,-0.24173018,0.15889272,-0.07240608,-0.30166605
2020-09-11,0.030859537,-0.19836378,-0.609421,-0.6481404,-0.23701918,0.19597337,0.007436849,-0.35014617
2020-09-14,0.03793364,-0.18912518,-0.53551936,-0.583492,-0.24120915,0.16507295,-0.061441366,-0.2936072
2020-09-15,0.04087747,-0.19188794,-0.60047275,-0.64238745,-0.23694283,0.18164897,0.0007324852,-0.35097963
2020-09-16,0.03922253,-0.18593219,-0.5134878,-0.56127226,-0.23119003,0.1558694,-0.06963504,-0.28321955
2020-09-17,0.016952172,-0.19425042,-0.54541594,-0.57421637,-0.212053,0.187899,-0.0108660795,-0.29861328
2020-09-18,0.024401307,-0.20395854,-0.6621655,-0.6917498,-0.22648379,0.21873657,0.06844376,-0.39343095
2020-09-21,0.024720952,-0.18493381,-0.47611502,-0.513961,-0.21398589,0.15647972,-0.075170204,-0.2509781
2020-09-22,0.060026154,-0.18537301,-0.55075127,-0.6131804,-0.25524312,0.14791016,-0.077085935,-0.3202201
2020-09-23,0.031410955,-0.1928463,-0.5614961,-0.6013587,-0.22675368,0.17880732,-0.021621503,-0.31864804
2020-09-24,0.022855558,-0.18691716,-0.4809633,-0.5192326,-0.21703863,0.16051956,-0.075597584,-0.25222415
2020-09-25,0.035656072,-0.19045544,-0.5420214,-0.5883625,-0.24174055,0.16924371,-0.056279335,-0.29701784
2020-09-28,0.039030388,-0.19501904,-0.5619085,-0.6134523,-0.24716526,0.17371488,-0.05416279,-0.31539518
2020-09-29,0.033595234,-0.19031256,-0.54582983,-0.5880609,-0.23455799,0.1717279,-0.043268345,-0.30204856
2020-09-30,0.05109208,-0.18525864,-0.5211587,-0.58161926,-0.25959408,0.14809643,-0.10107263,-0.28382957
2020-10-09,0.05060406,-0.18988363,-0.581554,-0.6353296,-0.25168324,0.16765666,-0.03911528,-0.33597547
2020-10-12,0.06478387,-0.20011026,-0.7032663,-0.76397204,-0.27979416,0.19490598,0.02424375,-0.43122035
2020-10-13,0.021758683,-0.19026777,-0.5552019,-0.58232564,-0.2051144,0.18414366,0.009031452,-0.31560874
2020-10-14,0.029243827,-0.1884942,-0.5255099,-0.56447506,-0.2223838,0.1688468,-0.043039944,-0.2890086
2020-10-15,0.04122646,-0.18921244,-0.55058223,-0.5980982,-0.23767355,0.16610289,-0.04702964,-0.31127706
2020-10-16,0.03766544,-0.1926077,-0.5375386,-0.58875626,-0.24366316,0.16745353,-0.068129085,-0.29432595
2020-10-19,0.034757853,-0.1906634,-0.48085564,-0.5391498,-0.25348732,0.15214424,-0.13219416,-0.24467087
2020-10-20,0.033069447,-0.19419335,-0.58510065,-0.62533826,-0.23277971,0.18497935,-0.007379424,-0.33541688
2020-10-21,0.0195072,-0.1915411,-0.52526456,-0.55893344,-0.21765757,0.17805812,-0.03495203,-0.28420347
2020-10-22,0.016540155,-0.18980494,-0.534968,-0.55957,-0.19739331,0.18255153,0.0024356022,-0.2996208
2020-10-23,0.061481938,-0.18513983,-0.52869034,-0.59778666,-0.2679155,0.14069828,-0.11404549,-0.297355
2020-10-26,0.04457978,-0.18328562,-0.5393758,-0.58388555,-0.23124585,0.15767911,-0.042276666,-0.30522537
2020-10-27,0.034462072,-0.19519165,-0.57928836,-0.62256205,-0.2359482,0.18254943,-0.020247318,-0.33052444
2020-10-28,0.03146299,-0.192716,-0.5990573,-0.6314118,-0.21628809,0.18922675,0.02770096,-0.35467023
2020-10-29,0.0461974,-0.19711214,-0.6718121,-0.7138435,-0.24479079,0.20031556,0.05253637,-0.40749142
2020-10-30,0.050828606,-0.18007334,-0.47181675,-0.53213465,-0.24350655,0.13087724,-0.12707317,-0.2557988
2020-11-02,0.03864836,-0.19655818,-0.58460337,-0.63480604,-0.24814174,0.18126532,-0.034254864,-0.33377802
2020-11-03,0.051715493,-0.19109178,-0.59739935,-0.65071654,-0.25662678,0.17278057,-0.028966619,-0.34345686
2020-11-04,0.033905327,-0.19338983,-0.5798238,-0.6205608,-0.2313529,0.18218371,-0.010450207,-0.3323699
2020-11-05,0.027172297,-0.19365951,-0.5729445,-0.60923356,-0.22436666,0.18606147,-0.0048863813,-0.3271098
2020-11-06,0.022520617,-0.18917672,-0.50894886,-0.54501283,-0.21989956,0.17040452,-0.05136564,-0.26970306
2020-11-09,0.06551884,-0.19277692,-0.65004843,-0.7110678,-0.2646111,0.17515163,-0.002962932,-0.39981592
2020-11-10,0.03621628,-0.18304574,-0.49638495,-0.5401235,-0.22122332,0.15173632,-0.0691654,-0.27298588
2020-11-11,0.041182972,-0.1873447,-0.5262942,-0.5767032,-0.23762643,0.15789221,-0.06940689,-0.29455146
2020-11-12,0.03365185,-0.19001254,-0.5328196,-0.5772725,-0.23182526,0.16785803,-0.052389715,-0.2939873
2020-11-13,0.027383126,-0.1793606,-0.48340544,-0.51570845,-0.2053911,0.15444428,-0.04869786,-0.260397
2020-11-16,0.0346497,-0.18640351,-0.55341446,-0.58920336,-0.21439022,0.1710288,-0.007157527,-0.32004997
2020-11-17,0.029135123,-0.18857324,-0.5233772,-0.562845,-0.22090143,0.16795692,-0.044429056,-0.2893509
2020-11-18,0.043813176,-0.18980071,-0.54733056,-0.6001502,-0.24486652,0.16312282,-0.061401363,-0.30903357
2020-11-19,0.04248289,-0.19317926,-0.6102832,-0.65399873,-0.24052435,0.18430835,0.004710585,-0.35706404
2020-11-20,0.030040272,-0.19235829,-0.5577579,-0.5973791,-0.23031801,0.17928621,-0.026017573,-0.31103265
2020-11-23,0.03724216,-0.1929945,-0.6070374,-0.64254177,-0.21671396,0.18646795,0.028926268,-0.36542484
2020-11-24,0.029453732,-0.1856238,-0.5115603,-0.5496662,-0.21828565,0.16330892,-0.04822347,-0.2806172
2020-11-25,0.040856548,-0.18428427,-0.47894135,-0.53363043,-0.24083808,0.14384979,-0.11452955,-0.25298074
2020-11-26,0.026967332,-0.19143337,-0.5420046,-0.57988185,-0.21958777,0.17596622,-0.0281387,-0.3051887
2020-11-27,0.03243775,-0.19633353,-0.5862912,-0.6294986,-0.24415308,0.18804827,-0.018628579,-0.32625675
2020-11-30,0.06688398,-0.18823038,-0.55802995,-0.63150364,-0.2796557,0.14651048,-0.10574156,-0.3169087
2020-12-01,0.05006472,-0.19698158,-0.6768441,-0.7223681,-0.2522948,0.19838491,0.046211235,-0.41127512
2020-12-02,0.03281668,-0.18616372,-0.5402796,-0.57628083,-0.21767172,0.16914244,-0.021820806,-0.30528444
2020-12-03,0.031148441,-0.18938494,-0.5489663,-0.58735996,-0.22304204,0.17399046,-0.02366494,-0.31044903
2020-12-04,0.024149403,-0.19020778,-0.55718446,-0.58503747,-0.20047615,0.1822545,0.013555847,-0.32259548
2020-12-07,0.021195784,-0.1863629,-0.49484852,-0.5254696,-0.20247975,0.16543984,-0.043575183,-0.2682105
2020-12-08,0.030846335,-0.19294831,-0.54247093,-0.585687,-0.23068026,0.1741246,-0.0454835,-0.30149093
2020-12-09,0.038127623,-0.18485808,-0.49589995,-0.5449008,-0.23564139,0.15118799,-0.09052072,-0.26672092
2020-12-10,0.046753466,-0.18687682,-0.5552682,-0.6046023,-0.239238,0.1616899,-0.044318628,-0.3187099
2020-12-11,0.020182483,-0.18801701,-0.44920662,-0.49298483,-0.22599033,0.15460312,-0.116162166,-0.21943966
2020-12-14,0.038558863,-0.19239628,-0.58433527,-0.6282376,-0.2393763,0.17982851,-0.016052667,-0.33422723
2020-12-15,0.021108791,-0.19085386,-0.55151796,-0.57941425,-0.21068996,0.18438122,-0.00051180273,-0.30723533
2020-12-16,0.03390468,-0.19026399,-0.5502682,-0.5917161,-0.22793105,0.1727777,-0.031192124,-0.30985647
2020-12-17,0.043563746,-0.19161227,-0.62487906,-0.6652882,-0.23057508,0.18625502,0.03160558,-0.3770942
2020-12-18,0.03289283,-0.18726894,-0.517242,-0.56107396,-0.2334319,0.16302377,-0.06415517,-0.2790901
2020-12-21,0.04852809,-0.1914296,-0.61048055,-0.65689725,-0.24497092,0.17864856,-0.0025064982,-0.35827005
2020-12-22,0.054839924,-0.18248394,-0.51126814,-0.57186824,-0.24799907,0.14003596,-0.0990085,-0.2876688
2020-12-23,0.054247543,-0.18773791,-0.58604866,-0.64121014,-0.25460798,0.16430664,-0.03791724,-0.34332317
2020-12-24,0.03844838,-0.19084817,-0.5414344,-0.5912975,-0.2453072,0.16695707,-0.06409098,-0.29734334
2020-12-25,0.04715302,-0.19039908,-0.6176267,-0.66061336,-0.23420358,0.18108217,0.01948829,-0.37068763
2020-12-28,0.0553198,-0.18681312,-0.5739527,-0.6289483,-0.24866673,0.16051275,-0.041617524,-0.33418864
2020-12-29,0.036847405,-0.18715402,-0.52217513,-0.56746686,-0.22854331,0.16104382,-0.05778764,-0.2894431
2020-12-30,0.053681523,-0.19440079,-0.6326997,-0.6862693,-0.2617254,0.181833,-0.008113258,-0.37318063
2020-12-31,0.040835217,-0.20815697,-0.6576259,-0.7128188,-0.27876356,0.20688927,-0.012690607,-0.37302092
2021-01-04,0.046062417,-0.19121549,-0.6308314,-0.6721918,-0.23478469,0.185087,0.029706396,-0.38287836
2021-01-05,0.03291975,-0.20263734,-0.66284245,-0.69932646,-0.24202973,0.2115722,0.047587253,-0.39063936
2021-01-06,0.024367824,-0.19891658,-0.5662253,-0.6084951,-0.23883736,0.18961576,-0.033741347,-0.31083378
2021-01-07,0.046576068,-0.18987817,-0.59803116,-0.6474344,-0.25149864,0.17561758,-0.01672722,-0.34728843
2021-01-08,0.018429615,-0.18689528,-0.4760808,-0.5099732,-0.21267176,0.16407716,-0.06917765,-0.24302384
2021-01-11,0.06274478,-0.18271548,-0.5090285,-0.5775337,-0.2650636,0.13359207,-0.1256783,-0.2794069
2021-01-12,0.03697826,-0.2020387,-0.6947421,-0.7296165,-0.23948056,0.21730092,0.08292845,-0.4192379
2021-01-13,0.040054336,-0.18594986,-0.502846,-0.5567041,-0.24611259,0.15166438,-0.09758165,-0.26990592
2021-01-14,0.029338151,-0.17983568,-0.4574592,-0.49540395,-0.20502868,0.14543618,-0.079235375,-0.243375
2021-01-15,0.022057325,-0.19572625,-0.5265143,-0.5692076,-0.2495257,0.18062952,-0.07429594,-0.2632335
2021-01-18,0.042909734,-0.19374521,-0.63057286,-0.6696829,-0.22728047,0.18876082,0.03558428,-0.3830171
2021-01-19,0.045978107,-0.18068296,-0.47016588,-0.5251996,-0.23203403,0.13421214,-0.114497975,-0.25747842
2021-01-20,0.047496095,-0.1953975,-0.591545,-0.6474688,-0.26510078,0.17640388,-0.048479047,-0.3315002
2021-01-21,0.05647108,-0.1926406,-0.649313,-0.69956595,-0.24279982,0.18187363,0.027493156,-0.4047196
2021-01-22,0.01885344,-0.19323069,-0.5349175,-0.56761897,-0.21403828,0.18196218,-0.025006466,-0.2947734
2021-01-25,0.059719145,-0.18839991,-0.6158495,-0.66832656,-0.245873,0.1681378,-0.005079262,-0.37476012
2021-01-26,0.015694857,-0.18505004,-0.44436988,-0.47899425,-0.20468001,0.15495673,-0.09015781,-0.22418875
2021-01-27,0.03442333,-0.18789929,-0.5564804,-0.59372175,-0.21543401,0.17283246,-0.008164465,-0.3233475
2021-01-28,0.021224305,-0.18756637,-0.46703756,-0.50593466,-0.2133865,0.15732151,-0.087349415,-0.24374214
2021-01-29,0.047035627,-0.1813283,-0.47474495,-0.5331031,-0.24120268,0.1356615,-0.119062275,-0.25567123
2021-02-01,0.038884282,-0.1981039,-0.6179337,-0.6634338,-0.24560729,0.19090265,-0.0011793859,-0.3611569
2021-02-02,0.04813855,-0.19335636,-0.6218246,-0.66939205,-0.24941936,0.18287465,0.00080064684,-0.36633015
2021-02-03,0.044923536,-0.18665636,-0.561689,-0.608,-0.23420778,0.16452749,-0.031490676,-0.3264104
2021-02-04,0.02419708,-0.19819131,-0.5528427,-0.59655344,-0.25027135,0.18648879,-0.05612799,-0.2888031
2021-02-05,0.055655062,-0.19126475,-0.583968,-0.6435336,-0.2609872,0.16486332,-0.05363396,-0.3366399
2021-02-08,0.042239577,-0.18542531,-0.58327264,-0.6206371,-0.21929893,0.17270029,0.013577476,-0.3472617
2021-02-09,0.045141302,-0.19211267,-0.6515446,-0.68859243,-0.23053053,0.19261429,0.056371152,-0.3982858
2021-02-10,0.045817122,-0.19786818,-0.6630474,-0.7073065,-0.24862024,0.19815445,0.037416503,-0.39942247
2021-02-18,0.0068865344,-0.18052973,-0.3755271,-0.40575752,-0.18418674,0.14098187,-0.122230515,-0.17185807
2021-02-19,0.0058118626,-0.19450274,-0.55561256,-0.57211316,-0.18596746,0.19859509,0.03493938,-0.31759104
2021-02-22,0.02701082,-0.17399547,-0.38816372,-0.42723706,-0.19753994,0.12430706,-0.13156791,-0.19021037
2021-02-23,0.068445414,-0.19471084,-0.60648704,-0.6805119,-0.28017175,0.16090167,-0.07202318,-0.36128372
2021-02-24,0.021414079,-0.18138331,-0.37032485,-0.42109498,-0.221997,0.12796034,-0.18266195,-0.16116184
2021-02-25,0.05527506,-0.18402705,-0.5467376,-0.6015782,-0.24297565,0.15094744,-0.059179004,-0.31546858
2021-02-26,0.030515514,-0.18718554,-0.5072077,-0.5476381,-0.2326658,0.16251704,-0.07173747,-0.26556906
2021-03-01,0.026082866,-0.19497932,-0.5639723,-0.60082364,-0.22992289,0.18551919,-0.02036868,-0.31172845
2021-03-02,0.017491534,-0.18626139,-0.4227848,-0.46702462,-0.23313016,0.14913322,-0.14421748,-0.18929133
2021-03-03,0.050339766,-0.19695394,-0.6634596,-0.7122363,-0.25743604,0.19433048,0.02721794,-0.39814538
2021-03-04,0.008005463,-0.1823965,-0.4104598,-0.4386503,-0.19063726,0.14992751,-0.09909922,-0.19901603
2021-03-05,0.04823394,-0.1939236,-0.640557,-0.6853057,-0.2429938,0.18886587,0.027547687,-0.38278684
2021-03-08,0.014801122,-0.18453473,-0.34183484,-0.39387357,-0.22173911,0.12556702,-0.21407706,-0.1359731
2021-03-09,0.04966431,-0.16979063,-0.48234352,-0.5207948,-0.19443513,0.1288579,-0.046803985,-0.28793228
2021-03-10,0.03521484,-0.18544048,-0.5196108,-0.5620182,-0.22420841,0.16091347,-0.050436772,-0.28803644
2021-03-11,0.07417613,-0.1962212,-0.66594017,-0.7375172,-0.2935253,0.17518155,-0.028549846,-0.39876154
2021-03-12,0.0183203,-0.186746,-0.5189718,-0.54506737,-0.19450039,0.17397785,-0.00871573,-0.2930135
2021-03-15,0.03003171,-0.18150775,-0.43044245,-0.4786905,-0.22825187,0.1377332,-0.13574462,-0.21077994
2021-03-16,0.03227555,-0.19493753,-0.57211,-0.61539304,-0.23220915,0.18159282,-0.0206711,-0.32710132
2021-03-17,0.040008023,-0.19636598,-0.5944195,-0.64158547,-0.25345865,0.18391614,-0.028653163,-0.33195436
2021-03-18,0.047914535,-0.19151865,-0.58345205,-0.6366363,-0.25145698,0.17107818,-0.03662307,-0.336016
2021-03-19,0.036827303,-0.18520688,-0.4680776,-0.5225669,-0.24172547,0.14473678,-0.12321313,-0.24012196
2021-03-22,0.043513387,-0.199369,-0.6121225,-0.6674143,-0.26116887,0.18579432,-0.029761719,-0.35404903
2021-03-23,0.012113661,-0.19237983,-0.47177207,-0.5079295,-0.21513128,0.16949636,-0.08205442,-0.23682922
2021-03-24,0.0253997,-0.18783936,-0.47655216,-0.52004415,-0.22417581,0.15778387,-0.091196686,-0.24756068
2021-03-25,0.04780618,-0.19093716,-0.58495,-0.6344667,-0.24648163,0.17143844,-0.029626112,-0.33756772
2021-03-26,0.046348505,-0.19659339,-0.66344655,-0.7069652,-0.24260905,0.19687131,0.04532831,-0.40551275
2021-03-29,0.04788749,-0.18691544,-0.5574525,-0.60807633,-0.24769786,0.16212405,-0.050775476,-0.3137897
2021-03-30,0.05745372,-0.18967062,-0.6087506,-0.66473603,-0.2612946,0.16975775,-0.026674423,-0.3572844
2021-03-31,0.009821333,-0.18609858,-0.48007828,-0.50287217,-0.18901505,0.17058972,-0.032764435,-0.25497985
2021-04-01,0.036074676,-0.19535598,-0.59456897,-0.6385816,-0.24831125,0.18665314,-0.01721419,-0.33380195
2021-04-02,0.0429632,-0.18932912,-0.5692307,-0.61617297,-0.2442373,0.17092896,-0.034103118,-0.32104474
2021-04-06,0.020639151,-0.18667838,-0.49447188,-0.5269401,-0.21062043,0.16644281,-0.051338412,-0.2619825
2021-04-07,0.01030907,-0.18481302,-0.4764189,-0.49803805,-0.18571295,0.1686836,-0.031162035,-0.25363153
2021-04-08,0.043324023,-0.19163606,-0.59159106,-0.63755,-0.23902425,0.17720655,-0.012016185,-0.345288
2021-04-09,0.020139903,-0.18369171,-0.47179142,-0.5042489,-0.20428689,0.15858988,-0.06272703,-0.24917638
2021-04-12,0.019066438,-0.18764958,-0.45755446,-0.49691278,-0.21302858,0.15693429,-0.09436217,-0.23508516
2021-04-13,0.054139085,-0.19020459,-0.55452704,-0.6187853,-0.272681,0.15760398,-0.09217541,-0.30563897
2021-04-14,0.03483525,-0.1975765,-0.58039296,-0.6276171,-0.2472584,0.18412718,-0.035454545,-0.32493562
2021-04-15,0.0054434463,-0.19146648,-0.49931875,-0.52129525,-0.19504137,0.18256618,-0.024652008,-0.26289374
2021-04-16,0.020579182,-0.19116962,-0.54652363,-0.5748695,-0.20570992,0.18297347,-0.001622323,-0.3081815
2021-04-19,0.07236946,-0.19888847,-0.71841395,-0.78245854,-0.29453042,0.19365412,0.021687143,-0.43590802
2021-04-20,0.048181854,-0.18999362,-0.58023256,-0.6307413,-0.24314862,0.16858783,-0.030943219,-0.33941844
2021-04-21,0.047532193,-0.19255039,-0.61097246,-0.65938365,-0.24410373,0.17958382,-0.0031774342,-0.36201394
2021-04-22,0.03478779,-0.1856786,-0.52531016,-0.56555504,-0.21965966,0.16284579,-0.040350884,-0.29445192
2021-04-23,0.053684145,-0.1969444,-0.6200291,-0.6811318,-0.27709633,0.18011929,-0.04027871,-0.3542521
2021-04-26,0.06445299,-0.18389577,-0.5086672,-0.58200836,-0.27560592,0.13234061,-0.14215131,-0.27703744
2021-04-27,0.021538988,-0.19374761,-0.5487136,-0.58123595,-0.21391976,0.18402919,-0.0130923055,-0.30603367
2021-04-28,0.038568005,-0.19368826,-0.588587,-0.6334433,-0.24410519,0.18167888,-0.01878424,-0.33481377
2021-04-29,0.03026478,-0.19841453,-0.58881396,-0.6320289,-0.24317214,0.19048667,-0.019666135,-0.33077613
2021-04-30,0.03426882,-0.18509993,-0.5081,-0.5537569,-0.23817042,0.15846449,-0.07516566,-0.27014127
2021-05-06,0.013265863,-0.19486387,-0.49916497,-0.5346949,-0.21852419,0.17657971,-0.06580708,-0.26064566
2021-05-07,0.05614549,-0.18323186,-0.49624446,-0.56213725,-0.25708184,0.13492043,-0.12735134,-0.27210844
2021-05-10,0.035505056,-0.18904054,-0.52222264,-0.570746,-0.24262202,0.16352627,-0.073549844,-0.27967846
2021-05-11,0.029190533,-0.1933983,-0.6129877,-0.64005494,-0.20469043,0.19541909,0.05581806,-0.3692522
2021-05-12,0.027077302,-0.19698957,-0.5792589,-0.6184987,-0.23791972,0.19057596,-0.016946405,-0.3203986
2021-05-13,0.035923794,-0.18604544,-0.5207361,-0.56507987,-0.22878373,0.1608397,-0.05586903,-0.28730905
2021-05-14,0.050329372,-0.18918562,-0.6644404,-0.69994754,-0.22508103,0.19104698,0.07709968,-0.41409364
2021-05-17,0.065968186,-0.19834203,-0.6546955,-0.72440284,-0.29414383,0.17970644,-0.03864842,-0.3854259
2021-05-18,0.027692325,-0.18929769,-0.5266196,-0.5647568,-0.21894813,0.17060915,-0.038597383,-0.29146785
2021-05-19,0.040190563,-0.18763497,-0.5458541,-0.5908606,-0.23371762,0.16525081,-0.042671077,-0.30679747
2021-05-20,0.030107826,-0.19331664,-0.5712981,-0.6092317,-0.22873458,0.18323654,-0.012893576,-0.32351053
2021-05-21,0.01734455,-0.18843079,-0.47594163,-0.51179886,-0.20664251,0.1636143,-0.06888636,-0.25379515
2021-05-24,0.028648883,-0.18982285,-0.55934536,-0.59422106,-0.21617419,0.17891106,-0.0042774044,-0.32160223
2021-05-25,0.06450197,-0.20344697,-0.7515657,-0.8060424,-0.27963194,0.2112352,0.06951837,-0.46496618
2021-05-26,0.033870593,-0.19250539,-0.55252373,-0.5968082,-0.23541284,0.17478316,-0.04070027,-0.30744058
2021-05-27,0.044210076,-0.18922634,-0.5768134,-0.6227383,-0.24200743,0.17214984,-0.023861434,-0.32771146
2021-05-28,0.04489734,-0.18488696,-0.52363664,-0.57459885,-0.2363269,0.1526115,-0.069676876,-0.29600707
2021-05-31,0.02301462,-0.18922101,-0.53318864,-0.5643782,-0.211911,0.17655833,-0.019497119,-0.29438666
2021-06-01,0.020599782,-0.18978477,-0.5414431,-0.570659,-0.20508753,0.18025348,-0.0038386434,-0.30686268
2021-06-02,0.018989295,-0.18596856,-0.47871718,-0.51169735,-0.20733479,0.16263154,-0.06207367,-0.25181735
2021-06-03,0.049235426,-0.18583483,-0.5345416,-0.58892125,-0.23990941,0.15237448,-0.068334565,-0.30687132
2021-06-04,0.05348493,-0.19012877,-0.60173714,-0.6517198,-0.23540163,0.16986519,-0.0066493563,-0.3661222
2021-06-07,0.022089891,-0.1901614,-0.5257532,-0.558448,-0.213669,0.17574781,-0.03019786,-0.28719106
2021-06-08,0.0224367,-0.19332503,-0.4885477,-0.53618944,-0.24298483,0.16599551,-0.10644775,-0.24506071
2021-06-09,0.0445923,-0.19037405,-0.567982,-0.6196094,-0.24945864,0.16894305,-0.04574745,-0.32227167
2021-06-10,0.06488924,-0.19170095,-0.61277074,-0.6792336,-0.27753276,0.1653553,-0.05183439,-0.3608351
2021-06-11,0.02274137,-0.18515296,-0.4902794,-0.5229146,-0.20455615,0.16262549,-0.04886275,-0.26509973
2021-06-15,0.013086222,-0.1843633,-0.47024092,-0.4952044,-0.18601939,0.164431,-0.03989876,-0.25241488
2021-06-16,0.027146973,-0.187,-0.4733623,-0.51814455,-0.22842833,0.15472317,-0.09942037,-0.2437911
2021-06-17,0.04276698,-0.19435355,-0.57880294,-0.63112473,-0.2555091,0.17541808,-0.047103547,-0.32544124
2021-06-18,0.017787121,-0.1976536,-0.553075,-0.5885167,-0.23064595,0.19073044,-0.030531766,-0.29785573
2021-06-21,0.03913007,-0.19248484,-0.55426544,-0.6037366,-0.25010625,0.17105699,-0.059473656,-0.30361912
2021-06-22,0.03600005,-0.18682677,-0.5391268,-0.580607,-0.22742304,0.16627342,-0.037789933,-0.30287012
2021-06-23,0.054233268,-0.18741453,-0.5855669,-0.63799864,-0.24840257,0.16480601,-0.030091703,-0.3427525
2021-06-24,0.027824096,-0.19043477,-0.5468095,-0.58232343,-0.2190882,0.17684358,-0.020277083,-0.3064234
2021-06-25,0.048335247,-0.19729677,-0.6559773,-0.7023944,-0.24817446,0.19387762,0.02870161,-0.3965448
2021-06-28,0.034955263,-0.18902178,-0.5427432,-0.5851916,-0.22944859,0.16919547,-0.03942485,-0.3039478
2021-06-29,0.016952977,-0.18799096,-0.48327368,-0.5151408,-0.20409973,0.16655545,-0.0557933,-0.25567406
2021-06-30,0.04218889,-0.19236553,-0.58291394,-0.63030845,-0.24185303,0.17578068,-0.025006391,-0.3370216
2021-07-01,0.022769734,-0.18874604,-0.53007114,-0.55851483,-0.2001305,0.17487466,-0.011499904,-0.30006838
2021-07-02,0.013013318,-0.1818452,-0.4304281,-0.45951605,-0.19338447,0.15190142,-0.08410527,-0.21549708
2021-07-05,0.03366998,-0.19113275,-0.54239887,-0.5873632,-0.23786426,0.17152536,-0.050395798,-0.2973263
2021-07-06,0.028573386,-0.18853508,-0.51609343,-0.5565923,-0.22687715,0.16635068,-0.05774012,-0.2795806
2021-07-07,0.048099928,-0.19560584,-0.64981955,-0.69584125,-0.24730065,0.19161832,0.027705722,-0.39107567
2021-07-08,0.024716951,-0.18587759,-0.48303923,-0.5212087,-0.21588227,0.15896273,-0.071912795,-0.25569144
2021-07-09,0.017986476,-0.18899336,-0.5315054,-0.55668694,-0.1957222,0.18002933,0.0007639304,-0.2988787
2021-07-12,0.05705312,-0.18767396,-0.59194714,-0.6471788,-0.26198733,0.16445541,-0.040781148,-0.3407882
2021-07-13,0.034428462,-0.19516179,-0.5653456,-0.6123159,-0.24455148,0.17929691,-0.04225777,-0.3134947
2021-07-14,0.020958453,-0.18569231,-0.48774174,-0.5188853,-0.19558093,0.1626989,-0.042389646,-0.26844
2021-07-15,0.03492915,-0.19660425,-0.6324977,-0.66867495,-0.2302953,0.1979811,0.03833145,-0.37529075
2021-07-16,0.036431156,-0.18535782,-0.50708795,-0.55178285,-0.2236084,0.15550189,-0.065904684,-0.2815353
2021-07-19,0.020969488,-0.189628,-0.5640391,-0.58888596,-0.20424828,0.18628237,0.019958928,-0.32431385
2021-07-20,0.03171915,-0.19513491,-0.57559323,-0.6186947,-0.24083039,0.18425396,-0.0261065,-0.32271972
2021-07-21,0.03812234,-0.19683893,-0.58801234,-0.6372277,-0.24860024,0.18254746,-0.031555578,-0.33530176
2021-07-22,0.037995093,-0.19277918,-0.55575264,-0.6044349,-0.2425107,0.17206264,-0.049906217,-0.31088918
2021-07-23,0.020635061,-0.18342578,-0.47387657,-0.5055756,-0.20014733,0.1586849,-0.05527717,-0.25218013
2021-07-26,-0.0023819655,-0.17822304,-0.33777714,-0.3642107,-0.1873092,0.1377993,-0.14914098,-0.12867257
2021-07-27,0.05709763,-0.17889124,-0.4523519,-0.518826,-0.23985988,0.118714824,-0.14938563,-0.25014377
2021-07-28,0.03988734,-0.18499681,-0.56662005,-0.6024865,-0.22273278,0.17082515,-0.003391832,-0.32562068
2021-07-29,0.023705587,-0.19020796,-0.54988307,-0.57915235,-0.20387283,0.18041138,0.0022580922,-0.314885
2021-07-30,0.024213873,-0.18414919,-0.5186933,-0.54726285,-0.20568776,0.16992676,-0.017748635,-0.28435853
2021-08-02,0.061240897,-0.18903035,-0.72022134,-0.7560206,-0.23107812,0.19844766,0.119318426,-0.46211153
2021-08-03,0.04557194,-0.18869078,-0.58456874,-0.6306771,-0.23845074,0.17187673,-0.015017945,-0.3412115
2021-08-04,0.043603107,-0.19606829,-0.6133027,-0.6620355,-0.25421116,0.18540424,-0.014130268,-0.35362694
2021-08-05,0.05365193,-0.19159052,-0.5733267,-0.6339737,-0.2625299,0.16277313,-0.06690306,-0.32896277
2021-08-06,0.028623044,-0.18758106,-0.52307767,-0.5605306,-0.22231263,0.16823047,-0.043508176,-0.2859286
2021-08-09,0.06682643,-0.19269153,-0.65967447,-0.7193358,-0.26602578,0.17742798,0.006016858,-0.4041063
2021-08-10,0.015000954,-0.19656754,-0.5899834,-0.61183876,-0.20235692,0.20314185,0.04435906,-0.33775285
2021-08-11,0.038607,-0.19096817,-0.5368687,-0.5878729,-0.24262032,0.1650883,-0.06699761,-0.29732755
2021-08-12,0.032489784,-0.19182941,-0.5349761,-0.5805475,-0.23640051,0.1701068,-0.05874703,-0.2936472
2021-08-13,0.03103204,-0.19050822,-0.5236794,-0.56794655,-0.24023527,0.16828495,-0.06924372,-0.27734455
2021-08-16,0.043974437,-0.18954849,-0.55451125,-0.6049682,-0.24200472,0.16508755,-0.049759723,-0.314393
2021-08-17,0.05481802,-0.18374515,-0.45383248,-0.52828765,-0.2738047,0.12519984,-0.18640369,-0.22645304
2021-08-18,0.047602706,-0.18965769,-0.6122978,-0.6553636,-0.23407608,0.17766768,0.012232877,-0.36979932
2021-08-19,0.025909096,-0.1927517,-0.53311664,-0.5719322,-0.21811476,0.17502435,-0.037484497,-0.29803008
2021-08-20,0.0036673918,-0.18695399,-0.42213196,-0.45157537,-0.20823184,0.16045953,-0.10737398,-0.1906062
2021-08-23,0.050683573,-0.19718711,-0.63265854,-0.68542224,-0.26051512,0.18570343,-0.008977268,-0.37026626
2021-08-24,0.05084248,-0.19436392,-0.6204639,-0.67279845,-0.25035974,0.1799204,-0.0071008727,-0.37023917
2021-08-25,0.025875099,-0.191046,-0.5432288,-0.5786062,-0.21891746,0.1774459,-0.024028875,-0.30374074
2021-08-26,0.018169232,-0.18309899,-0.45062336,-0.4824685,-0.19822605,0.15352914,-0.0760384,-0.23390558
2021-08-27,0.054418147,-0.19411999,-0.5869623,-0.64963603,-0.27437267,0.16867206,-0.068501696,-0.32986525
2021-08-30,0.032785766,-0.18585551,-0.49678114,-0.53962845,-0.22262308,0.15610138,-0.07206476,-0.26881656
2021-08-31,0.00036718696,-0.19493318,-0.5092652,-0.52872676,-0.19149351,0.19089782,-0.013204049,-0.270518
2021-09-01,0.05102802,-0.18488164,-0.6354057,-0.6728522,-0.22126412,0.17886826,0.056210466,-0.39827442
2021-09-02,0.022225954,-0.19057924,-0.5175784,-0.5534197,-0.2174426,0.17320701,-0.043813862,-0.28035823
2021-09-03,0.03713917,-0.18666315,-0.52134883,-0.5658318,-0.23061049,0.1600067,-0.06050255,-0.28688765
2021-09-06,0.06090747,-0.19928712,-0.6771083,-0.7375429,-0.27506605,0.19017126,0.007082224,-0.41025168
2021-09-07,0.02523297,-0.19694442,-0.62332016,-0.6503765,-0.21810922,0.20396663,0.049824692,-0.36487946
2021-09-08,0.030707948,-0.1915319,-0.52257913,-0.56859183,-0.23660597,0.16826397,-0.06833997,-0.2810225
2021-09-09,0.024134226,-0.19225177,-0.5410509,-0.5774256,-0.226785,0.17962286,-0.03333829,-0.29360494
2021-09-10,0.053637125,-0.19600558,-0.63451844,-0.68979836,-0.2643182,0.1832431,-0.012992561,-0.37418178
2021-09-13,0.027294412,-0.19088101,-0.5141125,-0.55722755,-0.23080376,0.16871858,-0.06612056,-0.2739905
2021-09-14,0.051796876,-0.1807105,-0.48437884,-0.5427692,-0.24183136,0.13442898,-0.113453776,-0.26455793
2021-09-15,0.03885562,-0.1795286,-0.48380685,-0.5287171,-0.22421277,0.14450303,-0.08097232,-0.26287273
2021-09-16,0.031171612,-0.18420063,-0.485518,-0.5279575,-0.21958736,0.15371886,-0.076186664,-0.2620023
2021-09-17,0.033437088,-0.19234493,-0.5858421,-0.6243242,-0.22715718,0.18373367,0.0027197674,-0.33967596
2021-09-22,0.035642862,-0.19589005,-0.59358287,-0.6361475,-0.2310636,0.18535492,-0.0038719028,-0.34786382
2021-09-23,0.038582206,-0.19311656,-0.5558862,-0.6063702,-0.24513963,0.17159104,-0.054047685,-0.31123763
2021-09-24,0.05225333,-0.19180563,-0.574426,-0.6323144,-0.25972277,0.16522652,-0.060313024,-0.32640928
2021-09-27,0.041177444,-0.1969992,-0.56742543,-0.6226719,-0.25881836,0.17537406,-0.06365436,-0.31096804
2021-09-28,0.044905037,-0.18784046,-0.5559649,-0.6040732,-0.23784411,0.16398011,-0.04142157,-0.317093
2021-09-29,0.023923337,-0.1897639,-0.5474775,-0.57590824,-0.20315628,0.17990452,0.0014703721,-0.31217116
2021-09-30,0.037682965,-0.19286513,-0.57467,-0.61892533,-0.2374233,0.17775051,-0.025052022,-0.32761374
2021-10-08,0.036941685,-0.19671158,-0.585553,-0.63291323,-0.24691129,0.1836235,-0.029053349,-0.329554
2021-10-11,0.043528907,-0.19427624,-0.56355095,-0.6192986,-0.2557051,0.16999137,-0.06514289,-0.3167144
2021-10-12,0.046465464,-0.18381706,-0.49838218,-0.5554965,-0.24986148,0.14437515,-0.107379556,-0.2671439
2021-10-13,0.03151767,-0.19741678,-0.62652624,-0.66013044,-0.22244781,0.19902986,0.04036688,-0.37391847
2021-10-14,0.030698784,-0.18996012,-0.531158,-0.57290924,-0.227218,0.16934574,-0.04760841,-0.2942532
2021-10-15,0.04421597,-0.19218971,-0.58978146,-0.637523,-0.24246925,0.17626294,-0.019764382,-0.3426837
2021-10-18,0.00992398,-0.18005061,-0.4490622,-0.46836627,-0.17811042,0.15888852,-0.041372344,-0.23413447
2021-10-19,0.05159679,-0.1944975,-0.6215587,-0.67557204,-0.25748646,0.17981836,-0.014516491,-0.36795786
2021-10-20,0.034246817,-0.18650615,-0.52793956,-0.5694621,-0.22319147,0.16391012,-0.04346895,-0.29684073
2021-10-21,0.04903288,-0.1881566,-0.5632407,-0.6172031,-0.2531034,0.16353707,-0.053300053,-0.31778392
2021-10-22,0.04505179,-0.19102551,-0.5913205,-0.638339,-0.23849133,0.17445906,-0.014292702,-0.35005906
2021-10-25,0.03541994,-0.19213673,-0.58140165,-0.6220801,-0.23447922,0.18155068,-0.010375399,-0.33143944
2021-10-26,0.0410026,-0.18742442,-0.5327721,-0.58244187,-0.23961139,0.16016534,-0.06411858,-0.29792076
2021-10-27,0.019663192,-0.18688011,-0.47579584,-0.51084846,-0.20859164,0.16121122,-0.06891171,-0.25012174
2021-10-28,0.042111278,-0.18837523,-0.5380065,-0.5874643,-0.23792592,0.16107723,-0.05952097,-0.30249685
2021-10-29,0.034229755,-0.19319418,-0.58357775,-0.62285215,-0.23029825,0.18343881,-0.0050008893,-0.334716
2021-11-01,0.044461533,-0.18916075,-0.5689622,-0.6165051,-0.23881263,0.16871232,-0.03141862,-0.327618
2021-11-02,0.032790028,-0.19169572,-0.4806256,-0.53906715,-0.26159084,0.1552578,-0.13883823,-0.23504677
2021-11-03,0.03389609,-0.19220036,-0.537061,-0.58488667,-0.24455398,0.17023048,-0.06616977,-0.29063475
2021-11-04,0.046122253,-0.19195637,-0.58597726,-0.63645357,-0.2478683,0.17382681,-0.029497473,-0.3372932
2021-11-05,0.051388673,-0.19032079,-0.5685661,-0.6253034,-0.25512964,0.16329053,-0.058316473,-0.32500818
2021-11-08,0.037078016,-0.19062112,-0.55984014,-0.6022332,-0.2276439,0.17242943,-0.026388075,-0.32171974
2021-11-09,0.020301886,-0.19138026,-0.52520967,-0.5582551,-0.21019378,0.176892,-0.029129757,-0.29070106
2021-11-10,-0.0019309521,-0.19047217,-0.48385325,-0.49943632,-0.17985526,0.18332636,-0.01644494,-0.25423273
2021-11-11,0.04847037,-0.20192026,-0.6580965,-0.7123377,-0.26850545,0.19695756,0.0019677319,-0.38699764
2021-11-12,0.027732134,-0.19186914,-0.5372034,-0.5766254,-0.22470176,0.17468715,-0.03879533,-0.29677317
2021-11-15,0.026569821,-0.19071011,-0.53084743,-0.5684932,-0.22089982,0.17381556,-0.03784261,-0.29164258
2021-11-16,0.047260858,-0.18945011,-0.5549454,-0.6095095,-0.25378534,0.16253056,-0.064870566,-0.31104797
2021-11-17,0.041129805,-0.18957974,-0.55573916,-0.6032798,-0.24129653,0.16815308,-0.04546765,-0.31266603
2021-11-18,0.028116375,-0.18473607,-0.5099267,-0.54403603,-0.20482534,0.16257414,-0.034460537,-0.2873801
2021-11-19,0.023421168,-0.20141271,-0.61034894,-0.64542747,-0.23127276,0.20428193,0.0174985,-0.34673303
2021-11-22,0.038001016,-0.19103858,-0.56139606,-0.6071035,-0.23808992,0.17278275,-0.0357841,-0.31725466
2021-11-23,0.041409522,-0.19119196,-0.56394774,-0.6131194,-0.2439292,0.17074025,-0.0432885,-0.31973737
2021-11-24,0.030374639,-0.19271345,-0.5636176,-0.6017222,-0.2230277,0.18040265,-0.013976578,-0.32099432
2021-11-25,0.02690769,-0.18806002,-0.5210757,-0.5568211,-0.21367544,0.16890612,-0.036496274,-0.28907323
2021-11-26,0.028008752,-0.18940029,-0.5168122,-0.5570646,-0.22593123,0.16785711,-0.056616392,-0.2788349
2021-11-29,0.047562532,-0.19358946,-0.58064747,-0.63791937,-0.26234907,0.17180504,-0.054706566,-0.32804748
2021-11-30,0.033384405,-0.1890454,-0.5169252,-0.5634603,-0.23286453,0.16285063,-0.06844704,-0.28214964
2021-12-01,0.03516414,-0.1908832,-0.5600954,-0.60270345,-0.23487583,0.17502196,-0.03059229,-0.3146097
2021-12-02,0.03722003,-0.19312066,-0.56839734,-0.6141815,-0.2369045,0.17622846,-0.030695248,-0.32338676
2021-12-03,0.028040044,-0.19617,-0.58912694,-0.6253014,-0.22474372,0.19102952,0.0060814247,-0.3393489
2021-12-06,0.04855626,-0.19155285,-0.5656022,-0.6218244,-0.25454193,0.1651864,-0.060722247,-0.32132423
2021-12-07,0.03519457,-0.18943283,-0.54192615,-0.58571243,-0.23033333,0.16828276,-0.043146696,-0.30513182
2021-12-08,0.046941414,-0.18942785,-0.6196457,-0.66116226,-0.23510975,0.1817153,0.023607641,-0.36976457
2021-12-09,0.07193689,-0.19236863,-0.6841666,-0.7430659,-0.2667303,0.17970356,0.02538351,-0.42774558
2021-12-10,0.037812695,-0.1889219,-0.54100543,-0.5862344,-0.23207217,0.16612445,-0.04670252,-0.3039552
2021-12-13,0.051509425,-0.19318113,-0.5597797,-0.6242104,-0.26724103,0.16150033,-0.085904635,-0.31483114
2021-12-14,0.03795228,-0.18905145,-0.5381803,-0.58499366,-0.2342526,0.16479495,-0.053332485,-0.30257422
2021-12-15,0.035412446,-0.18864995,-0.5187986,-0.56558686,-0.23384538,0.1614421,-0.06920551,-0.28387815
2021-12-16,0.032239504,-0.19221872,-0.5654958,-0.6047638,-0.2300682,0.17959605,-0.019579548,-0.3182644
2021-12-17,0.025438152,-0.18590373,-0.47595817,-0.5161938,-0.21626303,0.15641978,-0.080061525,-0.25078753
2021-12-20,0.033120535,-0.18780324,-0.48603982,-0.53582036,-0.23243439,0.15340622,-0.09917633,-0.2593167
2021-12-21,0.034887657,-0.196171,-0.58493954,-0.62972355,-0.24027637,0.18405437,-0.021741394,-0.3340917
2021-12-22,0.031571202,-0.19073358,-0.5383065,-0.58020407,-0.22872278,0.17162679,-0.04323423,-0.29801574
2021-12-23,0.02480451,-0.19519302,-0.56935453,-0.605171,-0.22778791,0.18860471,-0.011332337,-0.31659323
2021-12-24,0.021566369,-0.18821374,-0.5044435,-0.5390844,-0.21044135,0.16846193,-0.045966446,-0.27503994
2021-12-27,0.03829161,-0.19092289,-0.5411401,-0.59148246,-0.24849212,0.16722529,-0.0672262,-0.2948418
2021-12-28,0.029033512,-0.19328035,-0.5704695,-0.6078754,-0.22743753,0.18423083,-0.010718603,-0.32211253
2021-12-29,0.01853782,-0.18664011,-0.47571224,-0.50943303,-0.20803544,0.1625679,-0.06644221,-0.24864936
2021-12-30,0.05850768,-0.19091505,-0.60632986,-0.665711,-0.2679564,0.16874869,-0.03976514,-0.35296875
2021-12-31,0.03280937,-0.19248518,-0.5495038,-0.5930972,-0.2336433,0.17443642,-0.041804522,-0.30610466
2022-01-04,0.0037999377,-0.18652159,-0.48301125,-0.49802446,-0.17035055,0.17600006,-0.0061158016,-0.26427314
2022-01-05,0.037284665,-0.1854807,-0.5078015,-0.55569863,-0.23771897,0.15593198,-0.07885416,-0.272779
2022-01-06,0.019993655,-0.18687886,-0.50005555,-0.5314574,-0.19977337,0.1675728,-0.03558056,-0.27698186
2022-01-07,0.039977774,-0.19198084,-0.5647492,-0.611894,-0.23592517,0.17188919,-0.035513893,-0.3252936
2022-01-10,0.047386937,-0.18970163,-0.5836345,-0.6316626,-0.24200025,0.17081922,-0.023093212,-0.33870292
2022-01-11,0.03456302,-0.1867868,-0.50759137,-0.5532854,-0.23220986,0.15814245,-0.07516083,-0.27488643
2022-01-12,0.029513843,-0.1964398,-0.5910069,-0.628774,-0.23234522,0.19099158,-0.0013088249,-0.3360579
2022-01-13,0.03200896,-0.18164346,-0.45173633,-0.4978779,-0.22450566,0.14224234,-0.111883864,-0.2316634
2022-01-14,0.037794374,-0.18811655,-0.53092843,-0.57586825,-0.2300207,0.16271885,-0.05439928,-0.29696882
2022-01-17,0.048047215,-0.19324511,-0.60591924,-0.6574094,-0.24955714,0.1776714,-0.016524319,-0.35708472
2022-01-18,0.055986375,-0.1917929,-0.6132928,-0.67033386,-0.26312402,0.1734297,-0.025760703,-0.35869005
2022-01-19,0.030535497,-0.18636523,-0.49313238,-0.5372034,-0.2305536,0.1578595,-0.082390845,-0.25965825
2022-01-20,0.05229599,-0.1954959,-0.62510586,-0.68083113,-0.26095936,0.18021601,-0.018472653,-0.37158456
2022-01-21,0.026947483,-0.19020522,-0.5076893,-0.5494856,-0.22722623,0.16644356,-0.067848325,-0.27018148
2022-01-24,0.049672037,-0.18809581,-0.5791434,-0.6297375,-0.24185485,0.16654697,-0.02751331,-0.3403184
2022-01-25,0.03981293,-0.18549898,-0.48527956,-0.5387572,-0.24024379,0.14704034,-0.108575106,-0.2568979
2022-01-26,0.02286625,-0.19614749,-0.5483986,-0.587421,-0.2351076,0.18513814,-0.039672803,-0.29273754
2022-01-27,0.029069826,-0.18635121,-0.47460988,-0.5196343,-0.22173509,0.15257555,-0.09192465,-0.25117633
2022-01-28,0.035434805,-0.18090564,-0.49082384,-0.5301173,-0.1988762,0.14881624,-0.048617467,-0.28393576
2022-02-07,0.035334773,-0.19159284,-0.5504069,-0.59582996,-0.23369807,0.17117879,-0.04358864,-0.31249008
2022-02-08,-0.015345361,-0.19330913,-0.46698335,-0.4746548,-0.17145267,0.19181049,-0.016593162,-0.23126033
2022-02-09,0.032600336,-0.19246665,-0.5930912,-0.62777305,-0.22125277,0.18668371,0.015881717,-0.34755835
2022-02-10,0.02370055,-0.18704942,-0.50418603,-0.5392327,-0.21623039,0.1668874,-0.05034683,-0.2695709
2022-02-11,0.0564595,-0.18905792,-0.550698,-0.6163382,-0.26645723,0.15313819,-0.09077996,-0.31094718
2022-02-14,0.03991127,-0.18580136,-0.502393,-0.5534553,-0.23690689,0.15154858,-0.08817914,-0.27330577
2022-02-15,0.050133057,-0.1928505,-0.59707797,-0.6518428,-0.25847757,0.1740416,-0.034501947,-0.34355986
2022-02-16,0.045223527,-0.1899295,-0.55366683,-0.60685885,-0.24829355,0.16392013,-0.05970391,-0.31196815
2022-02-17,0.0499667,-0.19051003,-0.5807646,-0.63425094,-0.25075388,0.1681458,-0.039296202,-0.33498967
2022-02-18,0.036803722,-0.19458348,-0.5919304,-0.63460374,-0.23708925,0.18389636,-0.009033706,-0.3411295
2022-02-21,0.027774416,-0.18712214,-0.5175426,-0.55420023,-0.21491885,0.16676924,-0.04034196,-0.28654936
2022-02-22,0.020654872,-0.18627378,-0.4983637,-0.5299308,-0.20562513,0.16710812,-0.041276578,-0.2692416
2022-02-23,0.036290124,-0.19254819,-0.58619505,-0.62684953,-0.23193601,0.1818124,-0.005436454,-0.33899757
2022-02-24,0.041137017,-0.18564028,-0.45970398,-0.5206851,-0.25315124,0.13960604,-0.14762807,-0.2284402
2022-02-25,0.04982339,-0.1967253,-0.57858336,-0.64141726,-0.27400494,0.17078368,-0.0777021,-0.32133397
2022-02-28,0.023668349,-0.1896848,-0.54170465,-0.57196677,-0.20980415,0.17854376,-0.010428153,-0.30298197
2022-03-01,0.02687455,-0.19455248,-0.56252235,-0.6019144,-0.2342012,0.18460578,-0.025738392,-0.31021264
2022-03-02,0.024657525,-0.18784848,-0.5214497,-0.55469215,-0.2111457,0.17109936,-0.030204633,-0.28814706
2022-03-03,0.026340276,-0.18457389,-0.48722434,-0.52492005,-0.2159034,0.15818803,-0.06660315,-0.26014426
2022-03-04,0.045961976,-0.18896407,-0.54036504,-0.5948622,-0.25195265,0.15986717,-0.07489009,-0.29692587
2022-03-07,0.020924889,-0.17535642,-0.39646146,-0.42987788,-0.19053836,0.13239759,-0.1123,-0.19626379
2022-03-08,0.018424593,-0.19257078,-0.46276405,-0.50378263,-0.20918158,0.160429,-0.095309064,-0.24275142
2022-03-09,0.019434474,-0.18453003,-0.41505605,-0.4658273,-0.25648597,0.14577766,-0.17298591,-0.1710257
2022-03-10,0.047031373,-0.18643467,-0.5439766,-0.59659994,-0.24691275,0.15847458,-0.06264621,-0.30524343
2022-03-11,-0.012742769,-0.20800631,-0.59410745,-0.6032658,-0.20297524,0.23360413,0.054061845,-0.3153049
2022-03-14,0.03866574,-0.18734336,-0.48729238,-0.5412933,-0.24256197,0.14884272,-0.11360544,-0.25853127
2022-03-15,0.056161672,-0.16969365,-0.40984422,-0.4699167,-0.24002019,0.105443425,-0.17221063,-0.20395654
2022-03-16,-0.038025737,-0.21183956,-0.6680403,-0.6338695,-0.115989685,0.27479506,0.23212898,-0.40625903
2022-03-17,0.06324652,-0.18375564,-0.59259415,-0.64793277,-0.24381292,0.15591845,-0.022550609,-0.3632062
2022-03-18,0.011731595,-0.20264784,-0.6089109,-0.6319213,-0.2109879,0.2141228,0.04543017,-0.34612244
2022-03-21,0.029782236,-0.19129165,-0.5261379,-0.5701533,-0.24054322,0.17065053,-0.06613749,-0.27751556
2022-03-22,0.04478851,-0.19229138,-0.5742657,-0.62530977,-0.24134028,0.17088652,-0.03582262,-0.33366242
2022-03-23,0.036040954,-0.19216141,-0.56777567,-0.6092393,-0.22972783,0.17709024,-0.020052828,-0.3225882
2022-03-24,0.021627635,-0.19011354,-0.54428613,-0.5730392,-0.20270002,0.18095538,0.0010341108,-0.30901182
2022-03-25,0.03351835,-0.18560189,-0.4602653,-0.512947,-0.24260664,0.14594258,-0.13011608,-0.22910592
2022-03-28,0.046669014,-0.18408725,-0.55264014,-0.59799284,-0.23350197,0.16029052,-0.03410534,-0.31554693
2022-03-29,0.03055524,-0.1917403,-0.5194382,-0.5645839,-0.22857371,0.16715133,-0.06401631,-0.2840618
2022-03-30,0.0411997,-0.20097214,-0.6791018,-0.718983,-0.24136415,0.20786971,0.059202634,-0.41372648
2022-03-31,0.029352456,-0.1871532,-0.51658636,-0.5552684,-0.22114217,0.16576853,-0.048593733,-0.2821883
2022-04-01,0.0744392,-0.19450751,-0.68565595,-0.7513148,-0.28763163,0.18024841,0.0013515912,-0.41589385
2022-04-06,0.037258796,-0.19188371,-0.55521476,-0.60223573,-0.23254204,0.1710164,-0.038795978,-0.318676
2022-04-07,0.033457763,-0.1919904,-0.52422136,-0.57367283,-0.24350241,0.16683587,-0.07710473,-0.28083166
2022-04-08,0.035326414,-0.19033965,-0.57326186,-0.61138433,-0.21974751,0.17812908,-0.00028354302,-0.3345267
2022-04-11,-0.00031226873,-0.17862394,-0.3886235,-0.40626425,-0.16374655,0.1488332,-0.078159764,-0.18907887
2022-04-12,0.01614733,-0.2029557,-0.62325454,-0.64688706,-0.20715848,0.21411455,0.058206826,-0.36459664
2022-04-13,0.039028518,-0.1903234,-0.5682063,-0.60975105,-0.22474572,0.17342383,-0.014810957,-0.3298449
2022-04-14,0.021398023,-0.19546145,-0.57187796,-0.60132426,-0.21135074,0.19119675,0.009155959,-0.32571745
2022-04-15,0.040366337,-0.19515285,-0.5927628,-0.63783586,-0.23679346,0.18140948,-0.0130743645,-0.34483638
2022-04-18,0.034803085,-0.19008064,-0.5604406,-0.5994498,-0.22397318,0.17501813,-0.016515832,-0.31925082
2022-04-19,0.035730362,-0.18660134,-0.50088316,-0.5497059,-0.23463014,0.15521197,-0.085061595,-0.27080205
2022-04-20,0.039748736,-0.1759356,-0.46135455,-0.5053361,-0.21114236,0.13522191,-0.0851366,-0.2538163
2022-04-21,0.04243932,-0.1890307,-0.48361877,-0.54425305,-0.24835259,0.14530724,-0.12974223,-0.2570249
2022-04-22,0.04719667,-0.19823867,-0.63373584,-0.68406594,-0.2536078,0.18849039,-0.0011849925,-0.37500843
2022-04-25,0.05365988,-0.17537576,-0.44102964,-0.5023438,-0.2341074,0.117268786,-0.14471486,-0.24010742
2022-04-26,0.083590746,-0.17730021,-0.55274665,-0.629099,-0.27297762,0.12586775,-0.10001652,-0.3304521
2022-04-27,0.038790226,-0.20448703,-0.71106976,-0.74745685,-0.23561275,0.22019915,0.09424929,-0.44147575
2022-04-28,0.052957676,-0.19349253,-0.6049179,-0.66335785,-0.27635908,0.17559457,-0.046529748,-0.33820456
2022-04-29,0.010387681,-0.19668972,-0.6457832,-0.6499807,-0.17182897,0.2203401,0.13223402,-0.4010613
2022-05-05,0.055351168,-0.1915547,-0.6023514,-0.65936077,-0.25602514,0.1698421,-0.030393247,-0.35614112
2022-05-06,0.037595145,-0.19129524,-0.5284297,-0.57896215,-0.23957399,0.16392408,-0.071930826,-0.29017714
2022-05-09,0.042086422,-0.19040678,-0.5289633,-0.5858431,-0.25780332,0.1596882,-0.09290999,-0.28539655
2022-05-10,0.06444575,-0.1967781,-0.6854511,-0.7407039,-0.26700303,0.18933544,0.026413836,-0.41829887
2022-05-11,0.07988633,-0.19769233,-0.7048103,-0.77504075,-0.28727907,0.18110737,0.0056827813,-0.44181192
2022-05-12,0.040807314,-0.18873557,-0.5457796,-0.5952669,-0.24580595,0.16482651,-0.05910925,-0.3033429
2022-05-13,0.016863726,-0.19200003,-0.5208591,-0.55253136,-0.21464348,0.17888877,-0.035280623,-0.28029174
2022-05-16,0.01531367,-0.18737179,-0.46446994,-0.49803406,-0.20272188,0.16222468,-0.071099885,-0.241223
2022-05-17,0.04315584,-0.19200346,-0.60492224,-0.6487171,-0.23629919,0.18115687,0.004695505,-0.3569983
2022-05-18,0.012202181,-0.1894384,-0.5192156,-0.54056567,-0.1900745,0.18094936,-0.002786979,-0.28790602
2022-05-19,0.03798932,-0.19204724,-0.6056512,-0.6449895,-0.2324034,0.18575273,0.013495795,-0.35635728
2022-05-20,0.037741788,-0.19889224,-0.62482464,-0.6693984,-0.2424253,0.19412953,0.009596825,-0.36863297
2022-05-23,0.0065517947,-0.18835902,-0.48200622,-0.5037259,-0.18677935,0.17487791,-0.029612496,-0.2554971
2022-05-24,0.032932244,-0.18491143,-0.46264994,-0.5114855,-0.23001242,0.14600383,-0.11433133,-0.2384662
2022-05-25,0.032842614,-0.19308668,-0.5598249,-0.6037951,-0.23546696,0.17694958,-0.03453423,-0.3157154
2022-05-26,0.036926158,-0.18249977,-0.5613796,-0.5910686,-0.19947644,0.1691677,0.020052887,-0.33715215
2022-05-27,0.04585409,-0.18991074,-0.5229639,-0.58367157,-0.25881222,0.15451485,-0.10358499,-0.28462085
2022-05-30,0.043004446,-0.18951477,-0.5574482,-0.6063421,-0.24411032,0.16721264,-0.047854222,-0.31310996
2022-05-31,0.047385313,-0.19218583,-0.6460744,-0.6872979,-0.23516038,0.18922357,0.04317327,-0.39491022
2022-06-01,0.03819658,-0.18659195,-0.530891,-0.57668525,-0.23626631,0.16184577,-0.057537965,-0.29377988
2022-06-02,0.03903105,-0.19320944,-0.5861657,-0.6307399,-0.24069923,0.18026666,-0.01795585,-0.33549908
2022-06-06,0.055625595,-0.19199751,-0.6604964,-0.7072397,-0.25337625,0.18731166,0.033189684,-0.39900085
2022-06-07,0.04595924,-0.1920642,-0.5816626,-0.6352892,-0.25473022,0.17227186,-0.04213967,-0.33315265
2022-06-08,0.029842772,-0.19803454,-0.57858557,-0.62189907,-0.2506009,0.18953511,-0.033819027,-0.31197765
2022-06-09,0.036750995,-0.18716279,-0.5119393,-0.5603776,-0.23824045,0.1580932,-0.078020915,-0.2760469
2022-06-10,0.035581417,-0.19988635,-0.6678008,-0.7029141,-0.23631227,0.20972067,0.062763,-0.3990482
2022-06-13,0.031110436,-0.18845452,-0.5111331,-0.5554928,-0.22766408,0.16314645,-0.064533554,-0.27756095
2022-06-14,-0.0005029738,-0.19996199,-0.5585908,-0.57695884,-0.20867279,0.20942634,0.014177971,-0.2952607
2022-06-15,0.06175056,-0.19743419,-0.69831586,-0.7497453,-0.24853933,0.19361681,0.05573847,-0.4458871
2022-06-16,0.04947906,-0.18407804,-0.5144512,-0.5717418,-0.24701273,0.14635246,-0.0922788,-0.28607202
2022-06-17,0.033170596,-0.20574951,-0.6559578,-0.6988074,-0.25108343,0.2102643,0.023579925,-0.38362774
2022-06-20,0.048349224,-0.18723664,-0.5788057,-0.6264221,-0.23580447,0.16748345,-0.017353721,-0.34023014
2022-06-21,0.045876384,-0.1887605,-0.5414489,-0.5975065,-0.25062945,0.15885839,-0.07369349,-0.3040381
2022-06-22,0.037611164,-0.18662913,-0.5053355,-0.5522406,-0.22566903,0.15422046,-0.07455502,-0.2809341
2022-06-23,0.027186565,-0.19976918,-0.62933064,-0.66231203,-0.22400653,0.20533273,0.0436252,-0.37019497
2022-06-24,0.036252454,-0.19345267,-0.59899926,-0.6383528,-0.23717606,0.1866073,0.001669433,-0.34326828
2022-06-27,0.06019801,-0.19316877,-0.6181615,-0.68136245,-0.2776477,0.1724458,-0.04223318,-0.35779092
2022-06-28,0.019975163,-0.1925888,-0.590316,-0.6127927,-0.20599882,0.19718656,0.043254837,-0.33974594
2022-06-29,0.03945087,-0.1901929,-0.51515925,-0.5695943,-0.24801233,0.15844592,-0.09395413,-0.27643356
2022-06-30,0.057960153,-0.19436736,-0.653683,-0.7072334,-0.25646836,0.18346953,0.013612688,-0.39945716
2022-07-01,0.031039268,-0.18508883,-0.5036414,-0.5437918,-0.22175467,0.15974168,-0.060283065,-0.2722398
2022-07-04,0.039813474,-0.19408014,-0.5966639,-0.6411743,-0.2392304,0.1820778,-0.009007614,-0.34682533
2022-07-05,0.020677485,-0.1904288,-0.49660406,-0.5361324,-0.2266922,0.16831587,-0.07435715,-0.2591454
2022-07-06,0.029304989,-0.18704972,-0.4716156,-0.5194638,-0.2304742,0.15226837,-0.10534763,-0.24425724
2022-07-07,0.04977607,-0.18830219,-0.5893306,-0.6377284,-0.24321833,0.16963576,-0.018654726,-0.34576955
2022-07-08,0.036895312,-0.18664429,-0.5196224,-0.56569904,-0.2344634,0.15984419,-0.06654884,-0.28502068
2022-07-11,0.006799862,-0.18434803,-0.44789058,-0.47124273,-0.18829355,0.16340153,-0.058961965,-0.22661197
2022-07-12,0.030393891,-0.19378594,-0.5175669,-0.5658902,-0.23904648,0.16798666,-0.08112004,-0.27623636
2022-07-13,0.044115394,-0.18548028,-0.5535003,-0.59866446,-0.22703558,0.16270557,-0.027498335,-0.32248932
2022-07-14,0.053900346,-0.18507412,-0.56447536,-0.617641,-0.24555191,0.15720585,-0.045100387,-0.32882392
2022-07-15,0.06203933,-0.1890663,-0.5380613,-0.6106366,-0.28286454,0.14566961,-0.12670687,-0.2935755
2022-07-18,0.044513166,-0.18499655,-0.58760375,-0.62531793,-0.2177864,0.17166153,0.017951496,-0.3537102
2022-07-19,0.015952058,-0.19136867,-0.51282775,-0.5441401,-0.21570617,0.17831656,-0.04107885,-0.26899883
2022-07-20,0.03694985,-0.19045496,-0.5402826,-0.58818394,-0.24313456,0.16776174,-0.06097709,-0.29640153
2022-07-21,0.039967246,-0.19021824,-0.5446217,-0.5935988,-0.23919916,0.16549757,-0.056370173,-0.30660546
2022-07-22,0.03884603,-0.19147733,-0.5261073,-0.58190745,-0.2595908,0.1629477,-0.095848665,-0.27757436
2022-07-25,0.025707357,-0.18853761,-0.521577,-0.55718404,-0.21765652,0.17067912,-0.039068595,-0.28496373
2022-07-26,0.051498614,-0.18961427,-0.5877062,-0.64098984,-0.25390702,0.16847849,-0.035752706,-0.34040484
2022-07-27,0.03330563,-0.1889224,-0.53413546,-0.5754408,-0.22600675,0.16784066,-0.043704137,-0.29756418
2022-07-28,0.059188202,-0.18533717,-0.55481,-0.6149319,-0.2575644,0.15134685,-0.07155062,-0.31621587
2022-07-29,0.019482575,-0.1926061,-0.46886832,-0.5130862,-0.2254223,0.16241552,-0.104337856,-0.23630631
2022-08-01,0.048357643,-0.1888056,-0.59995973,-0.64464915,-0.23445386,0.17386754,0.0025724396,-0.35747445
2022-08-02,0.0026018694,-0.18840599,-0.48335162,-0.4990421,-0.18049292,0.17797899,-0.019411717,-0.25613886
2022-08-03,0.033093832,-0.18906441,-0.49925008,-0.5463508,-0.22457951,0.15728202,-0.0809316,-0.27492705
2022-08-04,0.030895784,-0.1951734,-0.5619204,-0.60490614,-0.23696113,0.18088925,-0.035153054,-0.3114948
2022-08-05,0.018718697,-0.19967154,-0.6116336,-0.64056724,-0.2294257,0.20813325,0.028700866,-0.3432286
2022-08-08,0.03765241,-0.19119179,-0.55600774,-0.60303205,-0.24244595,0.17168634,-0.04633385,-0.31076056
2022-08-09,0.04046932,-0.18884794,-0.5592052,-0.60459524,-0.23829198,0.16920239,-0.036584355,-0.31635082
2022-08-10,0.0267502,-0.18866488,-0.48810375,-0.53270763,-0.22685301,0.15988414,-0.08511551,-0.25775874
2022-08-11,0.03865339,-0.19318967,-0.64547795,-0.67845434,-0.2203485,0.19644356,0.06421213,-0.39572808
2022-08-12,0.03237722,-0.18995896,-0.55536526,-0.5933724,-0.22444394,0.17554013,-0.02023314,-0.31356925
2022-08-15,0.04006675,-0.19530879,-0.56575435,-0.61903876,-0.24826735,0.17368624,-0.053358246,-0.32096028
2022-08-16,0.040794246,-0.18966582,-0.5369467,-0.5880629,-0.24707529,0.1630728,-0.07089939,-0.2944566
2022-08-17,0.03893826,-0.18889767,-0.6053374,-0.6393787,-0.22076923,0.18392359,0.031749755,-0.35973588
2022-08-18,0.022926338,-0.18965742,-0.5045865,-0.54209507,-0.21735337,0.16813505,-0.056689057,-0.27160856
2022-08-19,0.039901488,-0.18805602,-0.52786064,-0.57758296,-0.2382755,0.15974112,-0.06826814,-0.29378283
2022-08-22,0.054203987,-0.19423945,-0.6152665,-0.6726201,-0.26698148,0.1762608,-0.03182967,-0.35729623
2022-08-23,0.028493412,-0.18743333,-0.5227466,-0.5604205,-0.21754774,0.16754329,-0.03942842,-0.29135215
2022-08-24,0.021949396,-0.18293977,-0.4273837,-0.46812463,-0.20773655,0.1436617,-0.11342953,-0.21498099
2022-08-25,0.025664382,-0.19043592,-0.54489446,-0.5809031,-0.22184032,0.17820579,-0.022147622,-0.3031259
2022-08-26,0.040542126,-0.19193992,-0.54918206,-0.60068184,-0.24801716,0.16777438,-0.06340284,-0.30415273
2022-08-29,0.037233777,-0.19068445,-0.55776393,-0.60295993,-0.23334527,0.17197695,-0.033110753,-0.3173188
2022-08-30,0.013502426,-0.1894295,-0.5106918,-0.5369905,-0.20196548,0.17791525,-0.024447955,-0.2758071
2022-08-31,0.03435997,-0.19730827,-0.5835751,-0.62701285,-0.23057738,0.18459395,-0.015420686,-0.33803543
2022-09-01,0.046950586,-0.19043927,-0.54495,-0.6014204,-0.24944916,0.15992984,-0.07359297,-0.30734688
2022-09-02,0.034284823,-0.185327,-0.5011987,-0.54674655,-0.22897795,0.15596664,-0.07435915,-0.27202776
2022-09-05,0.026921198,-0.18694732,-0.52759165,-0.56141305,-0.21486515,0.17025423,-0.028012585,-0.2927418
2022-09-06,0.034502424,-0.18749304,-0.5596096,-0.5962635,-0.21960118,0.17350471,-0.008046526,-0.3221522
2022-09-07,0.0454145,-0.19201434,-0.5803084,-0.631035,-0.2509879,0.17293611,-0.038392007,-0.3300486
2022-09-08,0.037093267,-0.18853691,-0.52712464,-0.57350445,-0.23149177,0.16231434,-0.059907973,-0.2934489
2022-09-09,0.052290663,-0.19545217,-0.63789064,-0.69058794,-0.2596977,0.18503869,-0.0009307638,-0.3774236
2022-09-13,0.04860562,-0.1891872,-0.5761226,-0.6267923,-0.24439701,0.16725281,-0.034118615,-0.3339979
2022-09-14,0.03494414,-0.19271831,-0.54329914,-0.5914388,-0.24562782,0.17150722,-0.062106423,-0.29469636
2022-09-15,0.032214604,-0.18725517,-0.47780216,-0.528639,-0.240316,0.15201966,-0.11247945,-0.24580967
2022-09-16,0.029121324,-0.18188429,-0.4523362,-0.4954064,-0.21516615,0.14413403,-0.10044071,-0.2372331
2022-09-19,0.043625243,-0.1885257,-0.54450196,-0.59624124,-0.24533069,0.16218185,-0.061135255,-0.30454302
2022-09-20,0.04205779,-0.18731377,-0.529748,-0.5797932,-0.24049565,0.15894306,-0.06741656,-0.29273486
2022-09-21,0.022371419,-0.18951324,-0.5348253,-0.5635083,-0.20350489,0.17744501,-0.009777855,-0.29988566
2022-09-22,0.031686872,-0.19056498,-0.53207463,-0.5749793,-0.23204184,0.16947798,-0.052686606,-0.29082263
2022-09-23,0.021514788,-0.19496748,-0.53460366,-0.5716495,-0.22085842,0.1800018,-0.039987177,-0.2947509
2022-09-26,0.06858374,-0.19217166,-0.59393775,-0.66722256,-0.28414512,0.15704647,-0.08273622,-0.34509334
2022-09-27,0.018136188,-0.1960968,-0.5846926,-0.610904,-0.21206927,0.19845429,0.025133438,-0.33212155
2022-09-28,0.028429754,-0.18658899,-0.49672434,-0.5373236,-0.22112045,0.16033238,-0.06783803,-0.26643723
2022-09-29,0.04271152,-0.18857639,-0.5178128,-0.5736823,-0.2481955,0.15490763,-0.09190926,-0.28306255
2022-09-30,0.03277553,-0.1898395,-0.52347714,-0.56775,-0.22328553,0.16535005,-0.052922215,-0.29276878
2022-10-10,0.030943908,-0.1816833,-0.44257993,-0.488693,-0.21678567,0.13930307,-0.11431351,-0.23097414
2022-10-11,0.036154576,-0.18777797,-0.5455617,-0.58757627,-0.2280997,0.16845259,-0.03354963,-0.3079112
2022-10-12,-0.027344368,-0.20138574,-0.5538505,-0.5453519,-0.16273654,0.23167396,0.08191708,-0.29140747
2022-10-13,0.037536785,-0.19170392,-0.55746317,-0.6031649,-0.23042887,0.1717886,-0.034111746,-0.3204845
2022-10-14,0.055935696,-0.19504866,-0.646657,-0.6991247,-0.25378904,0.18362826,0.010503203,-0.39168474
2022-10-17,0.025019601,-0.18984957,-0.5504475,-0.5809068,-0.20854467,0.17968634,-0.0021298565,-0.3132598
2022-10-18,0.029876709,-0.18380079,-0.50142753,-0.53943455,-0.21213418,0.15828791,-0.050614428,-0.2791301
2022-10-19,0.03301932,-0.18583629,-0.4788363,-0.52759326,-0.23347387,0.15111499,-0.10202414,-0.25036916
2022-10-20,0.041009657,-0.18597326,-0.55714226,-0.5961124,-0.21358138,0.16549301,-0.010605969,-0.33177727
2022-10-21,0.037168913,-0.18154886,-0.4900699,-0.5345376,-0.22065946,0.14879212,-0.072525404,-0.26888695
2022-10-24,0.017867774,-0.18001683,-0.39363587,-0.4341993,-0.20372786,0.13658775,-0.13439041,-0.18793732
2022-10-25,0.035608,-0.18705028,-0.5504695,-0.5901049,-0.21819371,0.16838488,-0.019739129,-0.3227391
2022-10-26,0.08217265,-0.18755665,-0.61089706,-0.6902304,-0.29832092,0.14902312,-0.08225375,-0.35943335
2022-10-27,0.02855701,-0.19043091,-0.49372903,-0.53988177,-0.23136196,0.1613321,-0.08874423,-0.2585943
2022-10-28,0.03981649,-0.18080305,-0.4497363,-0.50410616,-0.23666203,0.13417506,-0.1335854,-0.2318466
2022-10-31,0.054748096,-0.18323472,-0.5358244,-0.59372467,-0.24822897,0.14786279,-0.07385487,-0.30625466
2022-11-01,0.04755324,-0.20224139,-0.699678,-0.74529344,-0.27057996,0.21119559,0.046242356,-0.4104982
2022-11-02,0.049684264,-0.19480184,-0.64970285,-0.69398504,-0.2350134,0.18920757,0.039045595,-0.40104792
2022-11-03,0.02451662,-0.19264185,-0.52998334,-0.56902015,-0.22670019,0.17621963,-0.046335157,-0.28640175
2022-11-04,0.079659745,-0.20469536,-0.7864833,-0.8534615,-0.29467925,0.2073246,0.06965834,-0.5054507
2022-11-07,0.05243098,-0.18988404,-0.59330463,-0.6484317,-0.255092,0.16927916,-0.03253486,-0.3475125
2022-11-08,0.024362266,-0.18568882,-0.48485705,-0.5234325,-0.21740186,0.16006425,-0.069899656,-0.25605312
2022-11-09,0.02867753,-0.18705845,-0.48966792,-0.5327353,-0.22845292,0.15901068,-0.08310019,-0.2555159
2022-11-10,0.027276494,-0.1889807,-0.53925365,-0.5741947,-0.2222676,0.17502889,-0.026903067,-0.29592642
2022-11-11,0.0101244375,-0.19613843,-0.569247,-0.58684826,-0.18866833,0.20062098,0.040210903,-0.3259316
2022-11-14,0.039886728,-0.18202099,-0.484343,-0.5344309,-0.23168272,0.14453304,-0.0949163,-0.26321828
2022-11-15,0.06875101,-0.19325498,-0.69036484,-0.7463672,-0.2675128,0.1850962,0.03386259,-0.42734128
2022-11-16,0.039948843,-0.18771404,-0.5239949,-0.5733507,-0.24127498,0.15937802,-0.07341427,-0.28547686
2022-11-17,0.008408219,-0.18982315,-0.4946163,-0.5187379,-0.19770132,0.177988,-0.03141655,-0.2598208
2022-11-18,0.032874174,-0.19043139,-0.5338591,-0.5768513,-0.22644511,0.16821843,-0.04830161,-0.29928866
2022-11-21,0.013759419,-0.18733583,-0.5127285,-0.53432417,-0.18998975,0.17742056,-0.0060466304,-0.28245652
2022-11-22,0.041797206,-0.18435802,-0.5455089,-0.587644,-0.21870083,0.16062316,-0.025553025,-0.32179582
2022-11-23,0.034201592,-0.19599622,-0.5761974,-0.6205482,-0.2357454,0.18213739,-0.02461809,-0.3280197
2022-11-24,0.02422306,-0.18916053,-0.49845853,-0.5374034,-0.21878281,0.16538274,-0.064350024,-0.26619977
2022-11-25,0.0452303,-0.19095889,-0.5873832,-0.6338145,-0.24052802,0.17429194,-0.018427178,-0.3410241
2022-11-28,0.0327114,-0.18419993,-0.54997593,-0.5827275,-0.21674651,0.17155646,-0.0053329803,-0.31105158
2022-11-29,0.071669295,-0.19429651,-0.70822287,-0.7668595,-0.27397305,0.18787019,0.03948286,-0.44287747
2022-11-30,0.0485124,-0.19072059,-0.56861687,-0.623717,-0.25063172,0.16579711,-0.05140941,-0.3264684
2022-12-01,0.03830085,-0.19071749,-0.5282881,-0.57934964,-0.24283764,0.16317034,-0.07465782,-0.28848177
2022-12-02,0.029899865,-0.19033334,-0.52373546,-0.566141,-0.23029256,0.16855252,-0.057909355,-0.28428766
2022-12-05,0.04115753,-0.19143349,-0.5879034,-0.63108814,-0.23595858,0.17816171,-0.00955347,-0.339959
2022-12-06,0.059454486,-0.19380227,-0.6106014,-0.67360365,-0.27500874,0.17098016,-0.048201777,-0.3515883
2022-12-07,0.04832054,-0.18795767,-0.55072516,-0.60336554,-0.2395451,0.15883309,-0.054731827,-0.3194756
2022-12-08,0.03883885,-0.18924081,-0.5581214,-0.6027227,-0.23473603,0.1703648,-0.032826617,-0.3167601
2022-12-09,0.022186734,-0.19412823,-0.5862993,-0.61446565,-0.21221542,0.19436723,0.02595289,-0.3382685
2022-12-12,0.03313732,-0.18719906,-0.5143027,-0.55667126,-0.22279367,0.16137269,-0.057270035,-0.2838972
2022-12-13,0.028757714,-0.19177262,-0.53975075,-0.57872367,-0.22353879,0.17465436,-0.035857707,-0.2992698
2022-12-14,0.039652653,-0.18887508,-0.55667007,-0.60062844,-0.23020753,0.16854373,-0.031123117,-0.31995872
2022-12-15,0.024833255,-0.18867642,-0.53786886,-0.5694986,-0.21111068,0.17607036,-0.015049599,-0.30095682
2022-12-16,0.034264237,-0.18883333,-0.54138184,-0.58299863,-0.23099983,0.16996649,-0.040139146,-0.29876262
2022-12-19,0.01978787,-0.18655372,-0.44484782,-0.4859351,-0.21581557,0.15237351,-0.10882728,-0.2230475
2022-12-20,0.021361016,-0.18532088,-0.45865235,-0.4988309,-0.22196227,0.15497887,-0.098553225,-0.23017678
2022-12-21,0.038553886,-0.1895262,-0.53578675,-0.584378,-0.24163428,0.16469721,-0.06323288,-0.29403844
2022-12-22,0.048387006,-0.18871714,-0.53332835,-0.59072876,-0.25185075,0.1547209,-0.08554853,-0.29612216
2022-12-23,0.046732895,-0.19138266,-0.5592315,-0.6151476,-0.2563345,0.16528502,-0.06597495,-0.3124492
2022-12-26,0.04874248,-0.19147003,-0.5792834,-0.63308084,-0.2539382,0.16917372,-0.045224376,-0.33139065
2022-12-27,0.031390853,-0.18915091,-0.557053,-0.5926403,-0.21980837,0.17588091,-0.011917695,-0.31749925
2022-12-28,0.035669163,-0.18628646,-0.5419289,-0.5812224,-0.22223467,0.16707928,-0.028086696,-0.30697873
2022-12-29,0.037625812,-0.1866512,-0.554036,-0.59325844,-0.22521442,0.16943228,-0.020535458,-0.3150442
2022-12-30,0.03763733,-0.19175932,-0.5618573,-0.60812825,-0.238817,0.17328665,-0.037854277,-0.31806594
2023-01-03,0.023131356,-0.18532592,-0.5597571,-0.57926846,-0.18963915,0.1819682,0.03784757,-0.3272716
2023-01-04,0.039597787,-0.18916109,-0.5512365,-0.59819096,-0.2440365,0.1682064,-0.04980669,-0.30492908
2023-01-05,0.05259656,-0.19575222,-0.6408664,-0.69390947,-0.2593342,0.18574142,0.001790151,-0.38084733
2023-01-06,0.042260192,-0.18938947,-0.5739164,-0.6200816,-0.23937854,0.17193523,-0.02533812,-0.33036813
2023-01-09,0.037532024,-0.19124088,-0.5631739,-0.60736096,-0.23966697,0.17419316,-0.035170354,-0.31467295
2023-01-10,0.032634683,-0.19320598,-0.56602395,-0.6069388,-0.22941831,0.17917046,-0.02175767,-0.32177162
2023-01-11,0.048352227,-0.19043863,-0.5640688,-0.6179182,-0.24925438,0.1647313,-0.053743955,-0.32114536
2023-01-12,0.02907911,-0.19358453,-0.5469865,-0.58866477,-0.23154181,0.17725652,-0.040444955,-0.30206236
2023-01-13,0.041090004,-0.19308509,-0.60115683,-0.6465118,-0.2452409,0.1828954,-0.008131668,-0.34692436
2023-01-16,0.07956523,-0.19133279,-0.6680582,-0.73779505,-0.28637314,0.16811448,-0.017909192,-0.41123927
2023-01-17,0.031297043,-0.18991071,-0.5347168,-0.57663906,-0.23157471,0.1704798,-0.04798392,-0.29316765
2023-01-18,0.030316614,-0.18950585,-0.53071606,-0.5704135,-0.22366568,0.16943395,-0.04302783,-0.29407427
2023-01-19,0.038217455,-0.18931058,-0.5851195,-0.62365896,-0.22558847,0.17834127,0.0047437847,-0.34276557
2023-01-20,0.03478653,-0.19233659,-0.5624161,-0.6054537,-0.23115966,0.17626634,-0.027335428,-0.31960428
2023-01-30,0.025354095,-0.18423513,-0.46844402,-0.50788134,-0.21386221,0.15333444,-0.08270762,-0.24641848
2023-01-31,0.02606374,-0.18911895,-0.48230025,-0.52661,-0.22578692,0.15924993,-0.09055526,-0.25207716
2023-02-01,0.01967214,-0.19473189,-0.5572637,-0.59049845,-0.21903598,0.18805343,-0.010667633,-0.31191343
2023-02-02,0.03261655,-0.18377532,-0.508451,-0.54664433,-0.21538934,0.15844679,-0.048233792,-0.28169343
2023-02-03,0.003954701,-0.19025558,-0.4992124,-0.51776206,-0.18841086,0.18320808,-0.014295589,-0.2650196
2023-02-06,0.018512368,-0.18955797,-0.5002349,-0.53318125,-0.21119353,0.17076838,-0.049737476,-0.26601246
2023-02-07,0.038966134,-0.18973592,-0.5483983,-0.59616905,-0.24298236,0.1678961,-0.05253125,-0.30441725
2023-02-08,0.03818456,-0.18741055,-0.5252507,-0.5726082,-0.23601103,0.16082516,-0.06439934,-0.28937826
2023-02-09,0.04792764,-0.20036516,-0.6452516,-0.6981128,-0.2632223,0.19286199,-0.0027419329,-0.3784764
2023-02-10,0.021748953,-0.18857741,-0.5008103,-0.5363376,-0.21825871,0.16827767,-0.057067845,-0.2640562
2023-02-13,0.04802373,-0.19553229,-0.6214965,-0.6729742,-0.25206432,0.18357746,-0.0063807257,-0.3673124
2023-02-14,0.02433855,-0.19151855,-0.53001887,-0.567534,-0.22440803,0.17553592,-0.04173614,-0.287721
2023-02-15,0.027879894,-0.18737218,-0.50694776,-0.546562,-0.21885389,0.1637463,-0.05588917,-0.27665675
2023-02-16,0.08188498,-0.1831066,-0.56480736,-0.64302933,-0.27670047,0.13254625,-0.10227749,-0.3379699
2023-02-17,0.046496846,-0.18777722,-0.5073328,-0.56632143,-0.24958867,0.14868288,-0.10682759,-0.27609986
2023-02-20,0.031036288,-0.20128223,-0.676422,-0.70658803,-0.23157817,0.21660677,0.07806884,-0.40378508
2023-02-21,0.036476746,-0.19098353,-0.54344153,-0.5904757,-0.2411938,0.1693478,-0.0554615,-0.29861224
2023-02-22,0.04055073,-0.18564612,-0.5205538,-0.5676471,-0.23109806,0.15679874,-0.06299571,-0.28940663
2023-02-23,0.041548714,-0.18790022,-0.53499126,-0.5858429,-0.24120098,0.16091338,-0.06359454,-0.29830283
2023-02-24,0.013677157,-0.18761031,-0.476715,-0.5065185,-0.20111471,0.1669784,-0.055924825,-0.25039014
2023-02-27,0.044585943,-0.18910164,-0.555913,-0.60693216,-0.24712661,0.16493857,-0.053194698,-0.31264952
2023-02-28,0.020862892,-0.19197196,-0.5303989,-0.5665012,-0.22811115,0.17949921,-0.041079238,-0.2818839
2023-03-01,0.06105864,-0.19244084,-0.6413982,-0.6988438,-0.26938152,0.17692043,-0.011049226,-0.38238353
2023-03-02,0.04273168,-0.19160762,-0.56426316,-0.6150214,-0.2475268,0.16998516,-0.04849823,-0.3184377
2023-03-03,0.020328864,-0.19281152,-0.54124755,-0.5739499,-0.2151987,0.18218859,-0.020146586,-0.29991505
2023-03-06,0.021496408,-0.1855528,-0.5038133,-0.53319937,-0.1988533,0.16713947,-0.028855767,-0.27903894
2023-03-07,0.052739322,-0.18566287,-0.5089618,-0.57172763,-0.2553142,0.14265475,-0.11396073,-0.28051418
2023-03-08,0.03418635,-0.18916395,-0.5316431,-0.5760926,-0.23301637,0.1667432,-0.05406109,-0.29275554
2023-03-09,0.021281213,-0.19217896,-0.5262114,-0.56040066,-0.21677056,0.17702872,-0.037088837,-0.28676218
2023-03-10,0.03355904,-0.19070737,-0.52678055,-0.57218635,-0.23011485,0.16645816,-0.058631536,-0.29050583
2023-03-13,0.048306376,-0.19488895,-0.61361325,-0.66695887,-0.25718647,0.18095562,-0.019168764,-0.35875422
2023-03-14,0.01270216,-0.19060743,-0.51507956,-0.54037154,-0.20005931,0.18014008,-0.020539679,-0.28051782
2023-03-15,0.03326115,-0.18983611,-0.5172576,-0.5642949,-0.23673874,0.1636198,-0.07385248,-0.27938443
2023-03-16,0.046897143,-0.1874403,-0.5346116,-0.5887921,-0.24285135,0.15597658,-0.07077355,-0.30139595
2023-03-17,0.05795847,-0.18493067,-0.55842537,-0.61721146,-0.24517938,0.15089047,-0.05632548,-0.33230346
2023-03-20,0.04816731,-0.18951197,-0.5348972,-0.593661,-0.25492838,0.15611985,-0.08806836,-0.29564548
2023-03-21,0.035314225,-0.19557449,-0.5927825,-0.63461244,-0.23509693,0.1858927,-0.006875325,-0.34203205
2023-03-22,0.03744895,-0.19447374,-0.5588283,-0.60933346,-0.25090334,0.17447737,-0.0577088,-0.30749023
2023-03-23,0.044513732,-0.19633633,-0.6201555,-0.6681944,-0.2498487,0.1868506,-0.0034273006,-0.36228248
2023-03-24,0.034341507,-0.19008413,-0.54622126,-0.58898073,-0.23106125,0.17082717,-0.039549585,-0.30616704
2023-03-27,0.019378737,-0.18923557,-0.5085354,-0.5395249,-0.20636496,0.17246169,-0.036253005,-0.2751801
2023-03-28,0.035159253,-0.18890627,-0.5380958,-0.58091897,-0.22708431,0.16723198,-0.04246381,-0.30286348
2023-03-29,0.027204692,-0.1879493,-0.5203363,-0.55646545,-0.212951,0.16833782,-0.036528006,-0.28942853
2023-03-30,0.01779873,-0.19780815,-0.58332664,-0.61225945,-0.21555531,0.19891268,0.016503133,-0.33079752
2023-03-31,0.034357324,-0.19339861,-0.55441,-0.6000748,-0.23969048,0.17481843,-0.04633473,-0.30803934
2023-04-03,0.040570274,-0.19266552,-0.59621656,-0.64066064,-0.24096671,0.18136978,-0.0082725175,-0.3457316
2023-04-04,0.030796923,-0.19086263,-0.5580167,-0.59657735,-0.22769356,0.17801064,-0.02092309,-0.31344542
2023-04-06,0.032973357,-0.19133139,-0.547379,-0.5901969,-0.23325467,0.17336856,-0.040977594,-0.30362305
2023-04-07,0.04858978,-0.19544667,-0.6040601,-0.6589722,-0.26204723,0.17862001,-0.035092168,-0.3461966
2023-04-10,0.02709803,-0.18721753,-0.5105441,-0.5472432,-0.21502537,0.16538247,-0.047269326,-0.27953526
2023-04-11,0.036752753,-0.18908557,-0.5232943,-0.5721807,-0.24192089,0.16251498,-0.07385155,-0.28257456
2023-04-12,0.03508769,-0.18842302,-0.5392278,-0.5820282,-0.22947791,0.16739833,-0.042715788,-0.30226177
2023-04-13,0.035633482,-0.18641408,-0.5272441,-0.56979686,-0.2296521,0.1628211,-0.05178969,-0.2916664
2023-04-14,0.034960404,-0.19283667,-0.56040156,-0.6048028,-0.23600167,0.17571127,-0.035632752,-0.31538507
2023-04-17,0.04515054,-0.19742016,-0.63168514,-0.68089706,-0.2552532,0.19000608,0.00016033277,-0.36982012
2023-04-18,0.033559397,-0.19313115,-0.5627819,-0.6056933,-0.23337784,0.17799583,-0.029332185,-0.3171355
2023-04-19,0.034107246,-0.18547916,-0.50798446,-0.5500904,-0.21918464,0.1578278,-0.058195367,-0.28240427
2023-04-20,0.025307417,-0.18968698,-0.5152713,-0.55380446,-0.2233518,0.1696409,-0.053749952,-0.27763665
2023-04-21,0.035902366,-0.18476664,-0.46656325,-0.51818645,-0.2369222,0.14483927,-0.11922078,-0.23977888
2023-04-24,0.03714446,-0.18153265,-0.47247532,-0.5195951,-0.22318259,0.143238,-0.094759226,-0.25475606
2023-04-25,0.019207291,-0.18749288,-0.49688956,-0.5309342,-0.21666035,0.1687783,-0.055051282,-0.26131377
2023-04-26,0.03394699,-0.18849972,-0.5456936,-0.5845721,-0.21738005,0.16988361,-0.022421088,-0.31318694
2023-04-27,0.03281343,-0.19692424,-0.6032189,-0.6423218,-0.23183057,0.1919641,0.007973246,-0.34867966
2023-04-28,0.042113803,-0.19331057,-0.58023006,-0.6307634,-0.25188902,0.17611572,-0.03846411,-0.32796544
2023-05-04,0.038478114,-0.1900023,-0.5598205,-0.60348696,-0.2338719,0.1715397,-0.03181898,-0.31727192
2023-05-05,0.022358358,-0.19042304,-0.516996,-0.55291855,-0.21442685,0.1724725,-0.041598476,-0.28317168
2023-05-08,0.051890604,-0.19008341,-0.6114692,-0.66067964,-0.2462199,0.17540413,-0.0034425072,-0.36282155
2023-05-09,0.062536985,-0.18236879,-0.53369004,-0.5964741,-0.25307727,0.13989818,-0.089074895,-0.30786622
2023-05-10,0.02697806,-0.18674555,-0.5018313,-0.5398688,-0.2147162,0.1625072,-0.055576593,-0.2743835
2023-05-11,0.038031593,-0.1899369,-0.5389014,-0.586312,-0.23792654,0.16584845,-0.05707675,-0.29874775
2023-05-12,0.03073863,-0.18792292,-0.48988953,-0.5372838,-0.23167866,0.15655991,-0.09144732,-0.26018977
2023-05-15,0.012809008,-0.2001386,-0.61008614,-0.6310605,-0.20760274,0.21211855,0.053433955,-0.35014945
2023-05-16,0.038986556,-0.18637091,-0.52244824,-0.56930333,-0.23127413,0.15853375,-0.061916847,-0.29130882
2023-05-17,0.03971617,-0.18617053,-0.5165735,-0.56520456,-0.237813,0.15648511,-0.073760614,-0.2815563
2023-05-18,0.0474763,-0.18665262,-0.53782505,-0.5925845,-0.251601,0.15597259,-0.07567244,-0.29946962
2023-05-19,0.040111713,-0.1867915,-0.5571295,-0.5997694,-0.23049569,0.16795549,-0.025855526,-0.31833202
2023-05-22,0.04381589,-0.19295146,-0.5862217,-0.6354901,-0.25460076,0.17689265,-0.035795137,-0.32946375
2023-05-23,0.03011541,-0.18597344,-0.4895951,-0.5319469,-0.21971303,0.15603034,-0.075004235,-0.26439053
2023-05-24,0.03661547,-0.18139566,-0.4990708,-0.5400504,-0.21582168,0.15100569,-0.058886375,-0.27917913
2023-05-25,0.03428039,-0.18906587,-0.527824,-0.57401484,-0.23858047,0.1655623,-0.063774355,-0.28711206
2023-05-26,0.021363072,-0.19207639,-0.55382556,-0.58257806,-0.20626634,0.18427122,0.0015935935,-0.31602195
2023-05-29,0.017819397,-0.1897482,-0.49980083,-0.53332716,-0.21347773,0.17121527,-0.053086203,-0.2654067
2023-05-30,0.014002696,-0.1984026,-0.5405447,-0.57592773,-0.23242849,0.19115984,-0.040987484,-0.2817743
2023-05-31,0.019715168,-0.18872608,-0.49745616,-0.5322091,-0.21450302,0.16893089,-0.05496265,-0.26300246
2023-06-01,0.06008379,-0.19110796,-0.59256315,-0.655627,-0.2662059,0.16286072,-0.05510517,-0.34693557
2023-06-02,0.045983635,-0.19288889,-0.6132517,-0.6597872,-0.24503717,0.18184136,-0.00047346577,-0.36072117
2023-06-05,0.034978203,-0.18816233,-0.5294244,-0.5736914,-0.23287705,0.16492859,-0.05531992,-0.29148728
2023-06-06,0.054192327,-0.18436828,-0.52863383,-0.586011,-0.24828494,0.14685963,-0.08399923,-0.29732433
2023-06-07,0.03425537,-0.18837506,-0.5146271,-0.5600995,-0.22876218,0.16129676,-0.06662298,-0.28285164
2023-06-08,0.03023322,-0.19561717,-0.59194154,-0.6275631,-0.22312418,0.19021088,0.010285333,-0.34174302
2023-06-09,0.028826319,-0.19344884,-0.56361586,-0.60230994,-0.2278423,0.18229522,-0.018370494,-0.3168712
2023-06-12,0.029939964,-0.1925591,-0.5776687,-0.6111608,-0.2169044,0.18432625,0.00626532,-0.3351202
2023-06-13,0.03858114,-0.19477871,-0.59791726,-0.64335155,-0.24467772,0.18462008,-0.012355447,-0.3438502
2023-06-14,0.047967315,-0.19086492,-0.5642379,-0.62006634,-0.25534004,0.16481861,-0.061391067,-0.32030976
2023-06-15,0.028872162,-0.20019734,-0.6196804,-0.65597,-0.23058188,0.20155817,0.024159253,-0.35922346
2023-06-16,0.031479716,-0.19590688,-0.594735,-0.6335405,-0.23040453,0.19013296,0.0036779344,-0.34273723
2023-06-19,0.0227333,-0.1876534,-0.49887946,-0.5337451,-0.21122128,0.16612685,-0.051612213,-0.26856008
2023-06-20,0.04115271,-0.19129795,-0.5599872,-0.6095323,-0.24107829,0.1695945,-0.044424515,-0.3188337
2023-06-21,0.037492335,-0.18638289,-0.5055599,-0.55313015,-0.23053834,0.1549396,-0.07768235,-0.2770777
2023-06-26,0.030263446,-0.18460177,-0.5046181,-0.54324824,-0.21252453,0.15931937,-0.049334325,-0.281423
2023-06-27,0.033455953,-0.1943173,-0.59357876,-0.6320742,-0.23039678,0.18686332,0.0026491806,-0.34390467
2023-06-28,0.023969173,-0.19192573,-0.551778,-0.5848085,-0.21500829,0.18229124,-0.009509053,-0.309854
2023-06-29,0.020923093,-0.18920419,-0.5172278,-0.549198,-0.21150506,0.17347242,-0.034839682,-0.28198385
2023-06-30,0.05040525,-0.19130898,-0.6003098,-0.6514507,-0.2471632,0.1732164,-0.018716827,-0.3549665
2023-07-03,0.051567018,-0.19435912,-0.6199421,-0.67433906,-0.25622934,0.17932017,-0.014384951,-0.36783114
2023-07-04,0.037997194,-0.18919028,-0.5563428,-0.6004662,-0.23545232,0.1705315,-0.03487615,-0.3143072
2023-07-05,0.030217417,-0.18842399,-0.5212621,-0.5613537,-0.22221911,0.16673005,-0.04876936,-0.28691602
2023-07-06,0.03708411,-0.19209832,-0.52296865,-0.57626814,-0.25147042,0.16346842,-0.090662256,-0.27783582
2023-07-07,0.03128969,-0.19038911,-0.542718,-0.5817878,-0.2205292,0.17235135,-0.030244123,-0.30682227
2023-07-10,0.039207697,-0.1923514,-0.5494982,-0.6004306,-0.25015646,0.16943625,-0.063662104,-0.30063325
2023-07-11,0.03716941,-0.1891368,-0.56765044,-0.6083851,-0.2294507,0.17435524,-0.015851285,-0.3255965
2023-07-12,0.042521574,-0.18623242,-0.5266737,-0.5762866,-0.23973435,0.15683645,-0.06945944,-0.2921421
2023-07-13,0.046621755,-0.19673313,-0.6219215,-0.67281103,-0.25502607,0.18565607,-0.00995142,-0.36325097
2023-07-14,0.035198882,-0.18885016,-0.54275715,-0.5848317,-0.22856992,0.1687037,-0.039038025,-0.30509084
2023-07-17,0.02033621,-0.18579519,-0.49579552,-0.52619714,-0.20408283,0.16637453,-0.041199528,-0.26694563
2023-07-18,0.031619087,-0.18830034,-0.5382566,-0.57620907,-0.21880981,0.16976285,-0.029219268,-0.30444583
2023-07-19,0.027662195,-0.19251932,-0.54695666,-0.5864691,-0.22863382,0.17817971,-0.033662975,-0.30228853
2023-07-20,0.040375248,-0.18906759,-0.52089196,-0.5723076,-0.23596543,0.15778504,-0.07585442,-0.2905267
2023-07-21,0.044933334,-0.19021425,-0.5558666,-0.6079173,-0.25278643,0.1658692,-0.06093936,-0.30702785
2023-07-24,0.044245206,-0.19105884,-0.5552358,-0.6081585,-0.25030777,0.16605715,-0.06109452,-0.31021833
2023-07-25,0.053605884,-0.19650474,-0.6516629,-0.7052375,-0.2619708,0.18786088,0.0069565848,-0.39037347
2023-07-26,0.030846782,-0.19024749,-0.53333265,-0.57523197,-0.22957414,0.17043528,-0.047563188,-0.29323334
2023-07-27,0.04594656,-0.18742707,-0.53720737,-0.59010607,-0.24465072,0.15736988,-0.06950571,-0.30147636
2023-07-28,0.054228425,-0.19556788,-0.7220305,-0.76043797,-0.23584002,0.20618111,0.107396245,-0.46185476
2023-07-31,0.03533414,-0.19422644,-0.5328631,-0.58671194,-0.25364125,0.1684219,-0.08547791,-0.28544205
2023-08-01,0.038645945,-0.19098663,-0.5299184,-0.58291817,-0.2500171,0.1632916,-0.081729636,-0.28705412
2023-08-02,0.029338546,-0.19360173,-0.5174221,-0.56534195,-0.23887777,0.16877986,-0.07878791,-0.27525738
2023-08-03,0.034854345,-0.19598621,-0.60036665,-0.64091676,-0.2314119,0.18847555,0.004381463,-0.35049224
2023-08-04,0.026690714,-0.19090785,-0.52661103,-0.5647513,-0.21131957,0.17131324,-0.035015393,-0.29846466
2023-08-07,0.031370543,-0.18791482,-0.51690006,-0.55856025,-0.22575209,0.16429466,-0.05651842,-0.28183243
2023-08-08,0.047036156,-0.18643984,-0.559539,-0.6079898,-0.23673373,0.16251394,-0.036483802,-0.32362202
2023-08-09,0.04193946,-0.19109571,-0.557391,-0.6079787,-0.24624059,0.16850832,-0.052466888,-0.3130738
2023-08-10,0.02677738,-0.19403201,-0.5515271,-0.5902927,-0.23032618,0.1812548,-0.0328172,-0.30254763
2023-08-11,0.014085069,-0.18585427,-0.43390566,-0.46939683,-0.20473917,0.15319635,-0.10325064,-0.2166642
2023-08-14,0.017312393,-0.19359797,-0.5455172,-0.5745853,-0.21229646,0.18681501,-0.010642495,-0.30052194
2023-08-15,0.022608608,-0.19054314,-0.5187362,-0.5556967,-0.22527656,0.1739808,-0.049651265,-0.27516353
2023-08-16,0.042478725,-0.18788922,-0.5446142,-0.59397155,-0.2393479,0.16274287,-0.05301833,-0.30729845
2023-08-17,0.035635345,-0.19089107,-0.580725,-0.6211245,-0.23884529,0.18096215,-0.01284989,-0.3274579
2023-08-18,0.036138475,-0.18832587,-0.50084394,-0.5512728,-0.2372199,0.15574473,-0.091376364,-0.26839778
2023-08-21,0.040025607,-0.18499288,-0.5146177,-0.5611023,-0.22988266,0.15450487,-0.06842357,-0.28671587
2023-08-22,0.014256194,-0.19060937,-0.5285004,-0.5555675,-0.22011647,0.18438494,-0.025817297,-0.27599776
2023-08-23,0.035300292,-0.18726778,-0.5108816,-0.55614865,-0.22552454,0.15836011,-0.06720222,-0.28329927
2023-08-24,0.043574274,-0.19098507,-0.5947829,-0.6383603,-0.23141703,0.17652823,-0.002211053,-0.3551099
2023-08-25,0.038605638,-0.1924918,-0.5580083,-0.6061104,-0.24099535,0.17205113,-0.045804676,-0.3133734
2023-08-28,-0.020870231,-0.15968692,-0.21978371,-0.21871212,-0.10752258,0.10988642,-0.13553207,-0.061126687
2023-08-29,0.057411313,-0.19096327,-0.6292511,-0.6822235,-0.2478708,0.17542748,0.0048564672,-0.38405275
2023-08-30,0.031735778,-0.19386551,-0.54660153,-0.5922641,-0.24043754,0.17512634,-0.0535125,-0.2993856
2023-08-31,0.026363641,-0.19058204,-0.5173811,-0.55751455,-0.22650757,0.17011443,-0.057253007,-0.27791846
2023-09-01,0.036819756,-0.1923823,-0.55390024,-0.6011427,-0.24390325,0.17255425,-0.0511219,-0.30589274
2023-09-04,0.048326805,-0.19056828,-0.5941544,-0.64275783,-0.24916998,0.17400324,-0.02161127,-0.34220433
2023-09-05,0.031925693,-0.18759063,-0.51929677,-0.56030744,-0.219403,0.1639129,-0.048251286,-0.28971556
2023-09-06,0.026358128,-0.19188067,-0.55007285,-0.5848476,-0.21692336,0.1796853,-0.01615446,-0.3092378
2023-09-07,0.030342378,-0.18489027,-0.48681626,-0.5282443,-0.22120488,0.15495554,-0.0772518,-0.26000497
2023-09-08,0.025673017,-0.19173001,-0.53807545,-0.5747427,-0.21961877,0.17675911,-0.03078472,-0.29849347
2023-09-11,0.042398572,-0.19279194,-0.59983313,-0.64347845,-0.23117924,0.18020754,0.0020296574,-0.35731724
2023-09-12,0.039620355,-0.18860707,-0.5483952,-0.5942764,-0.2364094,0.16672038,-0.0443213,-0.30791378
2023-09-13,0.019542448,-0.19163753,-0.48998109,-0.5305112,-0.22387898,0.16800791,-0.078547984,-0.25391617
2023-09-14,0.032566264,-0.19022603,-0.53260744,-0.57693875,-0.23067081,0.16860165,-0.051361267,-0.2951493
2023-09-15,0.04055743,-0.18396792,-0.49825326,-0.5484471,-0.2395232,0.14980443,-0.09089977,-0.26609418
2023-09-18,0.04307978,-0.19457987,-0.5882857,-0.6389188,-0.2536812,0.1782547,-0.035685036,-0.3329127
2023-09-19,0.029627755,-0.18709302,-0.53687716,-0.5716029,-0.2150406,0.17120539,-0.021135904,-0.3013043
2023-09-20,0.034023568,-0.19046637,-0.54878694,-0.59091735,-0.2295466,0.17207238,-0.035800897,-0.308788
2023-09-21,0.030963376,-0.18934336,-0.5209115,-0.56367564,-0.2269685,0.16609874,-0.057361547,-0.28646213
2023-09-22,0.041344307,-0.1983777,-0.6601851,-0.70129585,-0.24870503,0.20204479,0.038900428,-0.39087462
2023-09-25,0.02930487,-0.18710291,-0.51569456,-0.55354416,-0.21693614,0.1651654,-0.045389213,-0.28409144
2023-09-26,0.031917438,-0.19051361,-0.5236453,-0.5682749,-0.23219141,0.16695166,-0.062349323,-0.28510845
2023-09-27,0.034615472,-0.19559349,-0.5700031,-0.6168629,-0.24519974,0.18003967,-0.0402197,-0.3184572
2023-09-28,0.02465897,-0.18846989,-0.50987464,-0.5459919,-0.21266174,0.16775623,-0.045673475,-0.27952227
2023-10-09,0.019768097,-0.1895871,-0.53651226,-0.56284726,-0.20539881,0.18046899,-0.006668862,-0.29593298
2023-10-10,0.024617292,-0.18856384,-0.48836303,-0.52947694,-0.22059926,0.16152164,-0.076934844,-0.25918972
2023-10-11,0.040371045,-0.19083762,-0.5379167,-0.5896036,-0.244364,0.16403362,-0.06907985,-0.29760903
2023-10-12,0.029581144,-0.18893155,-0.54436743,-0.58077383,-0.21832004,0.1737335,-0.021256186,-0.30780414
2023-10-13,0.029789895,-0.18790811,-0.5153779,-0.55602014,-0.22536275,0.16513954,-0.056420438,-0.27971834
2023-10-16,0.025004528,-0.18287446,-0.47243592,-0.5087027,-0.20805979,0.1541951,-0.06943307,-0.25206685
2023-10-17,0.03686893,-0.18830127,-0.55200845,-0.5943645,-0.2287361,0.16944261,-0.029644487,-0.31419477
2023-10-18,0.035353012,-0.1876986,-0.51860255,-0.5638404,-0.23277664,0.1613756,-0.065601565,-0.2823383
2023-10-19,0.024388053,-0.18528147,-0.4628347,-0.50326777,-0.21887615,0.15351674,-0.09437292,-0.23687944
2023-10-20,0.044642784,-0.1884262,-0.5377189,-0.59187883,-0.24964577,0.15982753,-0.073039904,-0.29714826
2023-10-23,0.037109144,-0.18343204,-0.49099025,-0.5369117,-0.2207138,0.14923307,-0.07644169,-0.27147597
2023-10-24,0.026187383,-0.18801114,-0.5374682,-0.5692334,-0.21866485,0.17520106,-0.022538807,-0.2940369
2023-10-25,0.029917277,-0.19224875,-0.5262179,-0.57073814,-0.23353457,0.1702128,-0.06213069,-0.28479776
2023-10-26,0.024927549,-0.19493179,-0.5687735,-0.6050855,-0.22821644,0.1879847,-0.01197464,-0.31706682
2023-10-27,0.039344877,-0.20051414,-0.6583025,-0.698428,-0.24333805,0.20359306,0.039204612,-0.3915908
2023-10-30,0.038815662,-0.1950245,-0.605095,-0.6494951,-0.24012497,0.1861437,-0.0018835962,-0.35374388
2023-10-31,0.021519162,-0.19135305,-0.5308777,-0.5642055,-0.21482202,0.178137,-0.027791511,-0.29099712
2023-11-01,0.015651874,-0.1824001,-0.47375587,-0.49786717,-0.18817413,0.16251099,-0.036353916,-0.25343442
2023-11-02,0.036719553,-0.18909092,-0.5248873,-0.5735524,-0.23740724,0.16260067,-0.068587944,-0.288702
2023-11-03,0.049357988,-0.19252618,-0.60009205,-0.65192723,-0.25327408,0.17548004,-0.025218785,-0.3479178
2023-11-06,0.04812654,-0.19066691,-0.5917328,-0.6418738,-0.24699667,0.17292799,-0.022698984,-0.34468517
2023-11-07,0.02419383,-0.19142786,-0.5422212,-0.57649785,-0.21852607,0.1791413,-0.022826683,-0.3003351
2023-11-08,0.04407134,-0.18751726,-0.53556067,-0.5882181,-0.24666303,0.15864757,-0.07084196,-0.29729927
2023-11-09,0.038396887,-0.19251028,-0.56584626,-0.61399835,-0.24290681,0.17424741,-0.040213753,-0.32055637
2023-11-10,0.025544629,-0.18654035,-0.51853716,-0.5518628,-0.2114658,0.16879153,-0.031940732,-0.2862629
2023-11-13,0.019533232,-0.19013351,-0.51411164,-0.54640245,-0.20923877,0.17420582,-0.03552187,-0.27955297
2023-11-14,0.034246735,-0.19102728,-0.5364601,-0.58288246,-0.23774967,0.16924289,-0.056922585,-0.2938378
2023-11-15,0.03631749,-0.18903196,-0.53387016,-0.57983786,-0.23570824,0.1657153,-0.055935778,-0.294162
2023-11-16,0.02176851,-0.18850347,-0.501688,-0.53630805,-0.21075961,0.1679312,-0.049491968,-0.2712045
2023-11-17,0.027509429,-0.18994117,-0.5389229,-0.5760368,-0.22239548,0.17483681,-0.030227011,-0.29857862
2023-11-20,0.035061434,-0.18478379,-0.5576297,-0.59095436,-0.20927975,0.17068484,0.0040474385,-0.32765478
2023-11-21,0.051120937,-0.19148144,-0.55982554,-0.62025386,-0.2578391,0.16094017,-0.073202714,-0.31960556
2023-11-22,0.039145574,-0.18655923,-0.51819414,-0.56586957,-0.2319932,0.15726824,-0.067697905,-0.28767034
2023-11-23,0.02699431,-0.19265914,-0.571047,-0.60447586,-0.22247761,0.185972,-0.0011546649,-0.32151306
2023-11-24,0.028661497,-0.18775132,-0.5101801,-0.55045724,-0.22380972,0.16440411,-0.05920368,-0.27613938
2023-11-27,0.010787614,-0.18645486,-0.48643652,-0.50816053,-0.18543296,0.1718421,-0.023832254,-0.26212257
2023-11-28,0.035133272,-0.19154884,-0.5584983,-0.602359,-0.2386069,0.17488003,-0.037102915,-0.3110204
2023-11-29,0.026248023,-0.18519667,-0.4886041,-0.526651,-0.21676326,0.15911523,-0.06683132,-0.2603046
2023-11-30,0.03977693,-0.1903553,-0.56303555,-0.60949045,-0.24373475,0.17194225,-0.039669424,-0.31502488
2023-12-01,0.008625418,-0.19157332,-0.51341885,-0.5352978,-0.19390886,0.18412904,-0.011450235,-0.27596432
2023-12-04,0.03219994,-0.18782213,-0.51288295,-0.55543226,-0.22189325,0.16186243,-0.058272477,-0.28312835
2023-12-05,0.03419651,-0.18373764,-0.48502395,-0.52819943,-0.2180121,0.15028138,-0.07825698,-0.26445234
2023-12-06,0.043004543,-0.19320166,-0.57929933,-0.62814194,-0.24389178,0.1747359,-0.03289058,-0.33180758
2023-12-07,0.022640616,-0.18739778,-0.53604907,-0.56298107,-0.2008581,0.1763489,-0.0028431676,-0.30399233
2023-12-08,0.042876102,-0.19061576,-0.5723206,-0.61976546,-0.24072266,0.17155668,-0.032041848,-0.32883972
2023-12-11,0.008985765,-0.19395837,-0.5894305,-0.60200036,-0.19416225,0.20668064,0.061577737,-0.33604044
2023-12-12,0.036361963,-0.19233361,-0.57113606,-0.61501706,-0.23910406,0.17752653,-0.027790777,-0.32264414
2023-12-13,0.029342674,-0.18487598,-0.4818925,-0.5239868,-0.22202697,0.15434846,-0.08224166,-0.25547394
2023-12-14,0.03670159,-0.18539141,-0.5045033,-0.5516235,-0.23310503,0.15488058,-0.078492776,-0.27411076
2023-12-15,0.050501727,-0.1854225,-0.5254522,-0.5834793,-0.25636953,0.15038107,-0.09252671,-0.28649712
2023-12-18,0.04126446,-0.1922471,-0.55079955,-0.60332614,-0.24860528,0.16770157,-0.06343711,-0.30618656
2023-12-19,0.041155368,-0.18744384,-0.5401316,-0.58703816,-0.23389128,0.16269413,-0.0492393,-0.3038568
2023-12-20,0.032952823,-0.18725169,-0.5037975,-0.5486515,-0.22774217,0.1589373,-0.07308847,-0.27271622
2023-12-21,0.046229057,-0.19736633,-0.636574,-0.68511736,-0.24829367,0.19049293,0.011693642,-0.378834
2023-12-22,0.0474303,-0.18434688,-0.5698759,-0.6141271,-0.22559404,0.16354209,-0.011122588,-0.33992964
2023-12-25,0.030847766,-0.19416964,-0.5629368,-0.60462105,-0.23230103,0.18064788,-0.027315121,-0.31609395
2023-12-26,0.020320967,-0.18844995,-0.5046689,-0.5373984,-0.20865387,0.17008725,-0.042263925,-0.27307963
2023-12-27,0.032719806,-0.18713322,-0.5570517,-0.5917631,-0.21563983,0.17371717,-0.0052288026,-0.3218765
2023-12-28,0.064587474,-0.2024742,-0.72057015,-0.7798294,-0.2774684,0.2011917,0.04005629,-0.44555765
2023-12-29,0.035200663,-0.19414648,-0.5674039,-0.61281747,-0.24315637,0.17874014,-0.037515663,-0.31527206
2024-01-02,0.017637983,-0.18465826,-0.46842784,-0.49879676,-0.19908658,0.15994325,-0.060758818,-0.24677694
2024-01-03,0.030200452,-0.19211884,-0.5361324,-0.58027697,-0.23755527,0.17310879,-0.055153918,-0.29011336
2024-01-04,0.005951397,-0.18742646,-0.4676315,-0.491009,-0.19382142,0.1712687,-0.048955247,-0.23877868
2024-01-05,0.05868879,-0.18921992,-0.55251956,-0.6188053,-0.26672208,0.15206772,-0.09198026,-0.31325802
2024-01-08,0.01962836,-0.18765277,-0.4820091,-0.51811904,-0.21353504,0.16379896,-0.06921002,-0.2533384
2024-01-09,0.039915092,-0.18967727,-0.55645645,-0.6039519,-0.24725446,0.16971076,-0.049227662,-0.30815327
2024-01-10,0.043723725,-0.18929929,-0.55180275,-0.60152256,-0.24686387,0.16466859,-0.057381943,-0.307177
2024-01-11,0.04388398,-0.1912581,-0.59312284,-0.6370147,-0.2309969,0.17638049,-0.003251072,-0.35236365
2024-01-12,0.044902124,-0.19255772,-0.5657489,-0.61908627,-0.25533164,0.16935208,-0.058958154,-0.31528813
2024-01-15,0.057096332,-0.1903308,-0.5905097,-0.64871997,-0.26120687,0.1651554,-0.046162926,-0.34154278
2024-01-16,0.034874693,-0.19503286,-0.56518847,-0.6136512,-0.25526637,0.17927697,-0.05277902,-0.3054819
2024-01-17,0.028615683,-0.18343002,-0.48112845,-0.5191632,-0.20875272,0.15378247,-0.0664794,-0.26219192
2024-01-18,-0.004182875,-0.1959843,-0.5355333,-0.55073786,-0.20698613,0.20398818,0.0030932724,-0.2751747
2024-01-19,0.0469926,-0.19397563,-0.5868928,-0.64272094,-0.25977656,0.17439912,-0.044925094,-0.33336443
2024-01-22,0.05138004,-0.18345359,-0.5073373,-0.56405157,-0.24090415,0.14234203,-0.09452383,-0.28352827
2024-01-23,0.034866102,-0.1984115,-0.61309034,-0.6542148,-0.24701023,0.19389278,-0.003836006,-0.34888458
2024-01-24,-0.011089638,-0.20013785,-0.54797715,-0.55704767,-0.18844137,0.21538824,0.03492769,-0.28893664
2024-01-25,0.049550973,-0.19656557,-0.66769385,-0.71241474,-0.25012594,0.19601047,0.039406598,-0.40406823
2024-01-26,0.027310736,-0.19379401,-0.5515883,-0.5899626,-0.22310132,0.18033898,-0.025353592,-0.30820483
2024-01-29,0.034003787,-0.18599313,-0.512161,-0.5566345,-0.23079386,0.15965244,-0.06620769,-0.2793193
2024-01-30,0.036417536,-0.18752794,-0.5215444,-0.5656998,-0.22142938,0.16038233,-0.052674558,-0.29452556
2024-01-31,0.0318676,-0.18692021,-0.5311438,-0.5703953,-0.2150653,0.16665635,-0.02974606,-0.30316168
2024-02-01,0.065214306,-0.18683702,-0.6039937,-0.6646134,-0.26738358,0.16126728,-0.039510902,-0.35409182
2024-02-02,0.03869027,-0.18570067,-0.46257305,-0.5222229,-0.25193503,0.14235304,-0.14052013,-0.23037401
2024-02-05,0.01520893,-0.20205502,-0.6282986,-0.6495504,-0.19495282,0.21439415,0.07627195,-0.37962776
2024-02-06,0.06995396,-0.20694348,-0.7724454,-0.8334656,-0.28373763,0.2128737,0.07295103,-0.4906122
2024-02-07,0.038619332,-0.19456509,-0.5840718,-0.6313911,-0.2488063,0.18103436,-0.029275188,-0.32828382
2024-02-08,0.02855254,-0.19001207,-0.53429115,-0.5738522,-0.225685,0.17210434,-0.040385768,-0.29542378
2024-02-19,0.027153708,-0.19220896,-0.56203353,-0.5960372,-0.22019282,0.1829722,-0.0076646246,-0.31576335
2024-02-20,0.029797293,-0.19322065,-0.5674714,-0.6062423,-0.23305416,0.18280584,-0.020182617,-0.31601626
2024-02-21,0.078999415,-0.19109291,-0.71346664,-0.7712048,-0.2568148,0.18118711,0.061109304,-0.46344197
2024-02-22,0.036359794,-0.19478387,-0.5897159,-0.63312453,-0.23617378,0.18402046,-0.00996536,-0.3401675
2024-02-23,0.02982913,-0.19402921,-0.55496323,-0.5974195,-0.23573518,0.17926095,-0.03786995,-0.30683374
2024-02-26,0.032257885,-0.18738043,-0.5050209,-0.54841596,-0.21912819,0.15931362,-0.063126296,-0.27981418
2024-02-27,0.037287727,-0.19462723,-0.608273,-0.6496399,-0.23746431,0.18813163,0.0067864284,-0.35527423
2024-02-28,0.040999293,-0.19185877,-0.5370726,-0.58924246,-0.2467165,0.16381529,-0.0760675,-0.29548678
2024-02-29,0.058969393,-0.1984699,-0.64932567,-0.7119941,-0.28320256,0.1851849,-0.023517959,-0.3770164
2024-03-01,0.04202275,-0.19283724,-0.5985417,-0.6438792,-0.24477065,0.1813817,-0.010787033,-0.3442946
2024-03-04,0.036871158,-0.18836722,-0.5463123,-0.59015036,-0.23242992,0.16823155,-0.03927636,-0.3075751
2024-03-05,0.051457018,-0.19489744,-0.6234984,-0.6779366,-0.26087135,0.18108386,-0.015693199,-0.3661514
2024-03-06,0.036017627,-0.1885759,-0.551265,-0.59178835,-0.22180414,0.16979088,-0.024401315,-0.3179146
2024-03-07,0.042408682,-0.19052912,-0.52675784,-0.5825709,-0.25395533,0.15964577,-0.09073898,-0.28313297
2024-03-08,0.022417977,-0.19323125,-0.5493144,-0.5840309,-0.2200453,0.18310028,-0.019448485,-0.30601454
2024-03-11,0.04189144,-0.19286676,-0.6112444,-0.65508366,-0.24231106,0.18476649,0.0043709204,-0.35799646
2024-03-12,0.032913223,-0.19144163,-0.55562615,-0.59657574,-0.22603163,0.17506942,-0.026067361,-0.31649137
2024-03-13,0.024304748,-0.18953851,-0.5178297,-0.5529196,-0.20818552,0.17037278,-0.0350454,-0.28907117
2024-03-14,0.04376772,-0.19185787,-0.53809196,-0.59614754,-0.2547563,0.16165003,-0.08458762,-0.29657653
2024-03-15,0.016763255,-0.19423357,-0.5526187,-0.5821866,-0.21449423,0.18973908,-0.0053327605,-0.30497634
2024-03-18,0.039203152,-0.19514194,-0.59273666,-0.639543,-0.24624899,0.18265384,-0.021109112,-0.3392793
2024-03-19,0.043381914,-0.18830624,-0.5354167,-0.5865397,-0.24107593,0.15935443,-0.06661044,-0.2995656
2024-03-20,0.03855685,-0.19172646,-0.572658,-0.6171798,-0.23492151,0.17531115,-0.02413949,-0.3301715
2024-03-21,0.027976163,-0.19435352,-0.54418355,-0.58635366,-0.23359358,0.17781386,-0.046223994,-0.29781303
2024-03-22,0.006243065,-0.18834484,-0.4829348,-0.50324035,-0.18447837,0.17499979,-0.027213376,-0.25791693
2024-03-25,0.050204366,-0.18607314,-0.5616014,-0.61206174,-0.23705316,0.15962881,-0.038273115,-0.32950163
2024-03-26,0.030994974,-0.1941973,-0.5635187,-0.6056161,-0.23735115,0.1813298,-0.03144853,-0.31205052
2024-03-27,0.029199198,-0.18975641,-0.53086317,-0.5689524,-0.22066236,0.17063731,-0.039673626,-0.2946704
2024-03-28,0.05993451,-0.18623316,-0.60513103,-0.6575887,-0.24412099,0.16390038,-0.0102350935,-0.36792174
2024-03-29,0.03387717,-0.1952416,-0.5706145,-0.61649364,-0.24409613,0.18097343,-0.036547534,-0.3182199
2024-04-01,0.06148964,-0.19686629,-0.6370674,-0.70285803,-0.28494543,0.1780009,-0.03979788,-0.37181482
2024-04-02,0.033419266,-0.18826935,-0.52264035,-0.56662166,-0.2287735,0.16431451,-0.05665012,-0.28793076
2024-04-03,0.027767621,-0.18865167,-0.5264637,-0.56361985,-0.21741366,0.1699607,-0.03694888,-0.29274487
2024-04-08,0.0417467,-0.18510082,-0.52221507,-0.5695311,-0.23363614,0.15574172,-0.06409459,-0.2897301
2024-04-09,0.030444793,-0.18840474,-0.53493124,-0.5735742,-0.22246847,0.17025447,-0.03475018,-0.29809326
2024-04-10,0.03220997,-0.18409404,-0.49358347,-0.5360075,-0.22511765,0.1552131,-0.07360323,-0.26437157
2024-04-11,0.05055651,-0.19073029,-0.58220243,-0.6351079,-0.24741283,0.16792096,-0.036132775,-0.33923417
2024-04-12,0.037712365,-0.18787348,-0.5185006,-0.5656519,-0.22790548,0.15880989,-0.0649188,-0.29024348
2024-04-15,0.078882426,-0.19654836,-0.68258184,-0.75614434,-0.2960345,0.17634502,-0.019816749,-0.4149237
2024-04-16,0.02648779,-0.19296929,-0.5302612,-0.56946534,-0.2175928,0.1734685,-0.041807383,-0.2971687
2024-04-17,0.03290607,-0.1944021,-0.60629797,-0.6433242,-0.2362661,0.19227031,0.012815282,-0.34643728
2024-04-18,0.058534727,-0.18997741,-0.6058301,-0.66195613,-0.25957206,0.16863817,-0.02954217,-0.35508516
2024-04-19,0.027027644,-0.19061287,-0.51957923,-0.5602484,-0.2265329,0.16958924,-0.056836594,-0.28207526
2024-04-22,0.037684582,-0.19319335,-0.54687643,-0.59706926,-0.24680486,0.17002189,-0.0643471,-0.30055794
2024-04-23,0.024903841,-0.1860095,-0.49979964,-0.53444827,-0.20946199,0.16377051,-0.047714632,-0.2718311
2024-04-24,0.02999068,-0.18996537,-0.54788774,-0.5848031,-0.2214129,0.17528655,-0.02230731,-0.3071607
2024-04-25,0.048587196,-0.18895657,-0.5821106,-0.63142544,-0.24411163,0.16942757,-0.025632873,-0.33666113
2024-04-26,0.047275983,-0.19656411,-0.64010566,-0.6883731,-0.24942786,0.18990928,0.013605975,-0.3830094
2024-04-29,0.06695126,-0.19069493,-0.63821894,-0.69939077,-0.27231073,0.1709616,-0.0183972,-0.38102913
2024-04-30,0.034710705,-0.19069539,-0.53647065,-0.58190525,-0.23623085,0.16853094,-0.056082904,-0.29452854
2024-05-06,0.043437146,-0.19202095,-0.5664006,-0.61896217,-0.2540905,0.17038192,-0.054285,-0.31673795
2024-05-07,0.03382913,-0.19266349,-0.55605763,-0.5998934,-0.23359677,0.17533349,-0.036387067,-0.31272975
2024-05-08,0.03126125,-0.18861976,-0.51586765,-0.5582307,-0.2265831,0.16434409,-0.060007688,-0.28064272
2024-05-09,0.052610442,-0.1934321,-0.61592156,-0.6707367,-0.25807443,0.17711037,-0.018898312,-0.36290258
2024-05-10,0.021991722,-0.18860145,-0.5273718,-0.5572892,-0.20193094,0.17481694,-0.014217887,-0.29743505
2024-05-13,0.04655961,-0.19011417,-0.5866715,-0.63318735,-0.23759249,0.17243263,-0.015643924,-0.34320763
2024-05-14,0.028612554,-0.18972531,-0.53211206,-0.5712669,-0.22315997,0.17174995,-0.03904355,-0.29443425
2024-05-15,0.034641445,-0.18575796,-0.51742405,-0.55894774,-0.22085097,0.16004336,-0.05141043,-0.28942832
2024-05-16,0.04408727,-0.18896735,-0.56726617,-0.6139484,-0.2338475,0.1676808,-0.02862336,-0.33064014
2024-05-17,0.02019602,-0.1963864,-0.5655261,-0.5997905,-0.22456172,0.19142872,-0.009638537,-0.31319684
2024-05-20,0.03211362,-0.19395667,-0.5528541,-0.59736764,-0.23682228,0.17653611,-0.04423731,-0.30725458
2024-05-21,0.03577338,-0.1890481,-0.5322429,-0.5771337,-0.22983932,0.16535547,-0.051735926,-0.29670277
2024-05-22,0.035591528,-0.19245555,-0.57093126,-0.61324567,-0.23422715,0.17808305,-0.022946134,-0.32465404
2024-05-23,0.027186237,-0.18405767,-0.49075863,-0.52771276,-0.21408665,0.1585322,-0.060171656,-0.2637461
2024-05-24,0.037014008,-0.18969262,-0.52289015,-0.5728513,-0.2390205,0.16158453,-0.07442554,-0.28749087
2024-05-27,0.0314044,-0.19342601,-0.5751434,-0.614636,-0.2316764,0.18342036,-0.012844462,-0.3259653
2024-05-28,0.036931,-0.18685277,-0.5143087,-0.5606557,-0.23037678,0.15803415,-0.06819241,-0.28314504
2024-05-29,0.045201056,-0.19206235,-0.5598836,-0.6154339,-0.25588718,0.16696885,-0.06529256,-0.31327048
2024-05-30,0.039303295,-0.19147176,-0.53784585,-0.5903226,-0.24883994,0.16521569,-0.073772654,-0.2943486
2024-05-31,0.036939695,-0.1901539,-0.5286615,-0.57774043,-0.23778605,0.1636785,-0.06740762,-0.29180527
2024-06-03,0.041457243,-0.19121377,-0.5503087,-0.6007938,-0.24508381,0.16706276,-0.057655152,-0.3055921
2024-06-04,0.037369393,-0.19312206,-0.5928615,-0.6352218,-0.24054027,0.18362898,-0.008394707,-0.33872044
2024-06-05,0.039517984,-0.1899128,-0.5379471,-0.587363,-0.24186128,0.16447926,-0.063610405,-0.2973144
2024-06-06,0.0482969,-0.18672119,-0.5460973,-0.59878564,-0.24288848,0.15773126,-0.05851337,-0.31115997
2024-06-07,0.011527486,-0.19072098,-0.48856857,-0.51977104,-0.21237087,0.17406678,-0.058555853,-0.25125334
2024-06-11,0.015924968,-0.18850191,-0.5065857,-0.534765,-0.20371501,0.17435765,-0.030773187,-0.27318504
2024-06-12,0.03074079,-0.19283333,-0.5583917,-0.5985268,-0.22705588,0.17856807,-0.024555553,-0.31566182
2024-06-13,0.03034214,-0.18803999,-0.50764394,-0.54987836,-0.22421002,0.16209505,-0.06483657,-0.27594855
2024-06-14,0.024685137,-0.19594699,-0.58110905,-0.6143839,-0.21895689,0.19147253,0.007611826,-0.33245823
2024-06-17,0.0416791,-0.19216555,-0.57146597,-0.61961615,-0.24317053,0.17324123,-0.036461666,-0.32479638
2024-06-18,0.042831346,-0.19041988,-0.5563004,-0.60661244,-0.24476686,0.1671324,-0.051803064,-0.31320626
2024-06-19,0.030338459,-0.18892126,-0.52860487,-0.5680887,-0.22214213,0.16904242,-0.04143495,-0.2921988
2024-06-20,0.030278832,-0.18788183,-0.5148578,-0.5556326,-0.22255394,0.16459805,-0.054775238,-0.28199401
2024-06-21,0.020297237,-0.19424862,-0.54003793,-0.57384986,-0.21593627,0.18287146,-0.024104375,-0.29742363
2024-06-24,0.036985092,-0.1894241,-0.5631277,-0.60323966,-0.22400814,0.17262493,-0.017430518,-0.32692167
2024-06-25,0.038714305,-0.18930721,-0.5225769,-0.5729815,-0.23851317,0.1602043,-0.07447287,-0.28739786
2024-06-26,0.02413208,-0.19440302,-0.57969034,-0.6121477,-0.2239249,0.19122499,0.0046771467,-0.3276292
2024-06-27,0.030933946,-0.1875678,-0.5355165,-0.5723708,-0.21787581,0.16956228,-0.028796319,-0.30129927
2024-06-28,0.058668658,-0.19331098,-0.5927413,-0.65698266,-0.2679497,0.16532378,-0.059275154,-0.34477654
2024-07-01,0.023465067,-0.19187129,-0.56021637,-0.5902995,-0.21015817,0.18476318,0.004199356,-0.31907004
2024-07-02,0.04099019,-0.1922279,-0.560109,-0.60997784,-0.24456787,0.17049792,-0.04947584,-0.31524053
2024-07-03,0.033063166,-0.18756098,-0.5390869,-0.578017,-0.22058508,0.16855752,-0.030025328,-0.3052323
2024-07-04,0.034059517,-0.19103858,-0.52970064,-0.57697695,-0.2357116,0.16704848,-0.062553525,-0.29091102
2024-07-05,0.008323677,-0.19031745,-0.50496244,-0.5273244,-0.1919213,0.18073705,-0.016933799,-0.27327666
2024-07-08,0.037019648,-0.18856287,-0.52366626,-0.57137465,-0.23473856,0.16160135,-0.066348515,-0.28874266
2024-07-09,0.017517425,-0.19964814,-0.61219156,-0.63723665,-0.21097857,0.20809215,0.04799413,-0.35586882
2024-07-10,0.043803766,-0.19244826,-0.5611957,-0.61481005,-0.25257757,0.16863722,-0.059885856,-0.31443888
2024-07-11,0.042778388,-0.1924982,-0.5842869,-0.63186085,-0.24722919,0.17606734,-0.029552963,-0.3330097
2024-07-12,0.031676576,-0.19241019,-0.561139,-0.60107654,-0.22934559,0.17858735,-0.02382411,-0.3160549
2024-07-15,0.041236214,-0.1927557,-0.57911307,-0.6272518,-0.24420601,0.17569336,-0.030641349,-0.3316064
2024-07-16,0.03794662,-0.19488487,-0.5957655,-0.6394377,-0.23966429,0.18475121,-0.008550059,-0.34240964
2024-07-17,0.029893197,-0.19210616,-0.566552,-0.6030842,-0.22322863,0.18163526,-0.0091526285,-0.32164684
2024-07-18,0.035256498,-0.19158934,-0.5940871,-0.63082504,-0.22155795,0.18371013,0.015451074,-0.3521744
2024-07-19,0.039717294,-0.19105531,-0.59585637,-0.6363771,-0.2336773,0.18141827,0.0036381409,-0.34649017
2024-07-22,0.02151049,-0.18593793,-0.49015316,-0.5250282,-0.21488842,0.16436313,-0.05906511,-0.25779355
2024-07-23,0.032614708,-0.18360163,-0.4699771,-0.51452714,-0.21854335,0.14727712,-0.09230508,-0.2515414
2024-07-24,0.03427192,-0.18719867,-0.51883495,-0.56333286,-0.22548524,0.1611367,-0.057620842,-0.29021102
2024-07-25,0.023965366,-0.19149289,-0.5318953,-0.56939054,-0.22313133,0.17612086,-0.038241245,-0.2912064
2024-07-26,0.032815807,-0.19332847,-0.5541914,-0.5998888,-0.23635352,0.1757993,-0.04124807,-0.3107352
2024-07-29,0.03132338,-0.18819642,-0.52436477,-0.56490606,-0.22232315,0.16615587,-0.046757653,-0.29128486
2024-07-30,0.023741372,-0.18596455,-0.50624996,-0.5394643,-0.21093279,0.16686678,-0.040573873,-0.27440253
2024-07-31,0.062355787,-0.19561705,-0.69371796,-0.7463683,-0.2619507,0.19232485,0.04372877,-0.42970306
2024-08-01,0.030217119,-0.19100091,-0.5235064,-0.56662625,-0.22741368,0.16825417,-0.057484582,-0.28740406
2024-08-02,0.038391486,-0.19088715,-0.5376209,-0.58840543,-0.24183047,0.16512287,-0.06553889,-0.2995476
2024-08-05,0.054201216,-0.18720627,-0.537302,-0.6020163,-0.26324147,0.15044771,-0.09572535,-0.30135593
2024-08-06,0.02230706,-0.18574736,-0.47554824,-0.51425004,-0.21712402,0.1592665,-0.07645977,-0.24668589
2024-08-07,0.044506095,-0.1912174,-0.56630784,-0.61700153,-0.24081537,0.16832274,-0.041450102,-0.3271372
2024-08-08,0.04644206,-0.18594065,-0.57432854,-0.6190143,-0.23198068,0.16686656,-0.014657434,-0.3373723
2024-08-09,0.039333865,-0.1887398,-0.5255483,-0.57578254,-0.2390756,0.16064717,-0.07086822,-0.28914046
2024-08-12,0.040314153,-0.18960595,-0.5500954,-0.5972638,-0.2379474,0.16683531,-0.04753506,-0.31031415
2024-08-13,0.031959817,-0.18897192,-0.5325132,-0.57381207,-0.22488111,0.16847067,-0.04210703,-0.29645038
2024-08-14,0.02793412,-0.1867151,-0.5122749,-0.5490978,-0.21495506,0.16519254,-0.044860955,-0.28130504
2024-08-15,0.06543714,-0.19352546,-0.62467283,-0.69285125,-0.28697407,0.16984025,-0.05153864,-0.36289805
2024-08-16,0.036909997,-0.1930082,-0.562361,-0.60912615,-0.24214202,0.17492595,-0.04212936,-0.3148744
2024-08-19,0.04416243,-0.19607088,-0.5818612,-0.6380788,-0.2605873,0.17586613,-0.053921208,-0.32826197
2024-08-20,0.02109962,-0.18605949,-0.48996398,-0.5232694,-0.20822531,0.16428909,-0.052652396,-0.26140466
2024-08-21,0.04079251,-0.18878073,-0.5517664,-0.59803456,-0.2369628,0.16667975,-0.04290726,-0.3112627
2024-08-22,0.030992985,-0.18839043,-0.52936023,-0.56894976,-0.2191385,0.16785541,-0.038326968,-0.29730105
2024-08-23,0.043224096,-0.19212753,-0.5906935,-0.6387237,-0.2437622,0.1770219,-0.019135088,-0.34353667
2024-08-26,0.026619226,-0.18960898,-0.5309869,-0.5684779,-0.22168815,0.17283365,-0.036705565,-0.2930124
2024-08-27,0.028328374,-0.18804315,-0.5202094,-0.55814815,-0.21912009,0.16777757,-0.0436242,-0.2859444
2024-08-28,0.02517625,-0.18853767,-0.51199114,-0.54975986,-0.21858132,0.16836306,-0.04897982,-0.27755955
2024-08-29,0.037796564,-0.18959722,-0.5576548,-0.60043496,-0.22995684,0.1713058,-0.028422566,-0.31793997
2024-08-30,0.07153952,-0.19652729,-0.6831995,-0.7476955,-0.27297205,0.18138589,0.010363385,-0.425245
2024-09-02,0.021541871,-0.18473297,-0.47244543,-0.50678736,-0.20239732,0.15785715,-0.06394617,-0.25302425
2024-09-03,0.040415265,-0.19277395,-0.57445955,-0.622107,-0.2459006,0.17573911,-0.035787627,-0.32390165
2024-09-04,0.038280264,-0.18842524,-0.54169214,-0.58694494,-0.23303285,0.16612262,-0.04556814,-0.30295074
2024-09-05,0.03322272,-0.19072706,-0.55083203,-0.59284294,-0.23301211,0.17395464,-0.03606739,-0.30662936
2024-09-06,0.03864401,-0.18811119,-0.5128184,-0.56309307,-0.2404499,0.1571218,-0.0841814,-0.27717507
2024-09-09,0.026572429,-0.18538308,-0.48294988,-0.523051,-0.21699148,0.1569894,-0.07416579,-0.25785413
2024-09-10,0.020807706,-0.19031289,-0.53374594,-0.5644468,-0.21453652,0.17897823,-0.022543322,-0.29251906
2024-09-11,0.03827499,-0.18999383,-0.5499512,-0.5959114,-0.23856205,0.16896972,-0.046518225,-0.30700728
2024-09-12,0.031547785,-0.19035743,-0.5296194,-0.57244074,-0.22567564,0.16838342,-0.049780197,-0.29560497
2024-09-13,0.040052824,-0.19076125,-0.5376149,-0.5886544,-0.24217257,0.16377999,-0.067596115,-0.29930198
2024-09-18,0.029787034,-0.19399613,-0.5652817,-0.60566,-0.23283577,0.18276002,-0.023188613,-0.31499386
2024-09-19,0.054832123,-0.18712246,-0.6003559,-0.64859617,-0.2465213,0.16874413,-0.012869418,-0.35301372
2024-09-20,0.025061697,-0.19073507,-0.544204,-0.5801635,-0.22792661,0.17942251,-0.028341793,-0.2955632
2024-09-23,0.050926104,-0.19260454,-0.586117,-0.643606,-0.2585345,0.16968425,-0.047395974,-0.33811086
2024-09-24,0.031183645,-0.19539735,-0.7174519,-0.7296892,-0.18252793,0.22278142,0.17911157,-0.47053385
2024-09-25,0.057082325,-0.19318987,-0.5525625,-0.62390316,-0.28758433,0.15573283,-0.119707,-0.2993784
2024-09-26,0.018420815,-0.21234596,-0.7550068,-0.770749,-0.21990591,0.25485444,0.16281483,-0.46199387
2024-09-27,0.06325121,-0.18482207,-0.75549245,-0.78465146,-0.2220341,0.20079204,0.16365866,-0.51047796
2024-09-30,-0.0093287565,-0.20322561,-0.75472325,-0.72284526,-0.11058964,0.27119434,0.32038245,-0.49924618
2024-10-08,-0.07627998,-0.16230428,-0.09295097,-0.06710921,-0.04596317,0.12081209,-0.16317356,0.045539286
2024-10-09,-0.02943777,-0.18132335,-0.30074406,-0.2969778,-0.09495598,0.1449455,-0.084295854,-0.14259088
2024-10-10,0.074487284,-0.17853376,-0.61634433,-0.67315626,-0.23178011,0.15048361,0.013934083,-0.40147772
2024-10-11,0.032131247,-0.1777375,-0.4085103,-0.45577198,-0.20587957,0.12691957,-0.13059221,-0.21077043
2024-10-14,0.036374584,-0.19114651,-0.60741585,-0.6428571,-0.21011937,0.18550736,0.039537705,-0.37488607
2024-10-15,0.05493059,-0.18451902,-0.49172804,-0.558593,-0.26070523,0.135307,-0.13758406,-0.26558697
2024-10-16,0.05705452,-0.18908274,-0.5819383,-0.64401716,-0.26229706,0.16151825,-0.0538143,-0.3395334
2024-10-17,0.038114816,-0.18848912,-0.4876592,-0.5423823,-0.23658985,0.14905219,-0.10862682,-0.2644126
2024-10-18,0.009062447,-0.21135262,-0.7911553,-0.7888088,-0.19867992,0.27372098,0.23412254,-0.49173594
2024-10-21,0.05084744,-0.18341103,-0.5535035,-0.60322225,-0.238702,0.15591769,-0.043918483,-0.32187346
2024-10-22,0.04466913,-0.1946516,-0.59365755,-0.64676386,-0.2589796,0.17802027,-0.03813369,-0.33889338
2024-10-23,0.05083695,-0.18753575,-0.5850294,-0.6326814,-0.23580724,0.16632882,-0.017013155,-0.34906903
2024-10-24,0.029255792,-0.18518412,-0.49990484,-0.53956234,-0.2229845,0.16018951,-0.06409247,-0.26758403
2024-10-25,0.053106196,-0.1877755,-0.5959107,-0.64600587,-0.24142218,0.16774501,-0.013372969,-0.3572914
2024-10-28,0.030418493,-0.18927544,-0.54410887,-0.5802694,-0.22142911,0.17362121,-0.025217075,-0.30268872
2024-10-29,0.03606365,-0.18810353,-0.4959775,-0.5474084,-0.24245137,0.15538032,-0.09968662,-0.25919154
2024-10-30,0.026023798,-0.19066148,-0.48827237,-0.53547686,-0.2404984,0.16273919,-0.09967561,-0.24527305
2024-10-31,0.044193693,-0.18680786,-0.5600165,-0.6059986,-0.24312499,0.16653994,-0.038535655,-0.31274363
2024-11-01,0.061924726,-0.19060004,-0.6027212,-0.6656262,-0.26879314,0.1645613,-0.047315888,-0.3540294
2024-11-04,0.033248454,-0.19384882,-0.5849349,-0.6259479,-0.23843941,0.18496662,-0.011703834,-0.33080724
2024-11-05,0.06377219,-0.19757208,-0.71078974,-0.7638528,-0.26707357,0.19633421,0.05040326,-0.44129747
2024-11-06,0.032049,-0.19421399,-0.5329596,-0.5793703,-0.24166703,0.17134666,-0.06995034,-0.28567755
2024-11-07,0.034389682,-0.20769128,-0.7249705,-0.76023763,-0.2520235,0.23070346,0.09285253,-0.43454105
2024-11-08,0.01159367,-0.18513547,-0.42417446,-0.4554939,-0.19249918,0.15263848,-0.09471086,-0.20994034
2024-11-11,0.032865502,-0.19592713,-0.6147902,-0.6520403,-0.22536719,0.19340146,0.027207479,-0.36609074
2024-11-12,0.05839251,-0.18865407,-0.51452416,-0.58886784,-0.2766813,0.14044622,-0.14223519,-0.28163868
2024-11-13,0.03580974,-0.19665244,-0.6059816,-0.64965886,-0.24655735,0.19005339,-0.0065076463,-0.3455864
2024-11-14,0.04414674,-0.18549573,-0.5000647,-0.5555355,-0.2417469,0.14725393,-0.09974233,-0.27287403
2024-11-15,0.050607584,-0.18576878,-0.52600026,-0.5810493,-0.24013248,0.14909783,-0.07903999,-0.29943094
2024-11-18,0.06900522,-0.18057449,-0.526339,-0.5953189,-0.26691154,0.13189928,-0.11365239,-0.2984326
2024-11-19,0.015883684,-0.1919622,-0.5224529,-0.55557203,-0.22634196,0.18152204,-0.042581573,-0.27207407
2024-11-20,0.04273943,-0.18943283,-0.5756868,-0.62094754,-0.23410258,0.17151868,-0.019695368,-0.33633614
2024-11-21,0.03617107,-0.19127835,-0.5563901,-0.60056597,-0.23151454,0.17302406,-0.033126447,-0.31575617
2024-11-22,0.04143644,-0.18022126,-0.43367222,-0.49131697,-0.23867288,0.12867144,-0.1519387,-0.2180045
2024-11-25,0.038064674,-0.18612906,-0.4924679,-0.54467237,-0.24036014,0.15102133,-0.10045491,-0.26165408
2024-11-26,0.04988403,-0.19272545,-0.58214766,-0.63885635,-0.2610688,0.16951407,-0.053762455,-0.33166602
2024-11-27,0.044076785,-0.19131768,-0.6337775,-0.6724657,-0.23646936,0.18942232,0.03665457,-0.37667504
2024-11-28,0.025466777,-0.19109148,-0.51925236,-0.55733836,-0.21756536,0.1713843,-0.046283152,-0.2838919
2024-11-29,0.057447597,-0.18899392,-0.6320765,-0.6820693,-0.23865175,0.17390986,0.018821701,-0.3951895
2024-12-02,0.044058755,-0.19656456,-0.6007504,-0.6526789,-0.25336072,0.18141153,-0.02760594,-0.3459451
2024-12-03,0.023068652,-0.18918616,-0.5473549,-0.577116,-0.21312937,0.18053156,-0.006058879,-0.30560032
2024-12-04,0.03995973,-0.18550964,-0.5317981,-0.57582647,-0.2255182,0.1598991,-0.04535269,-0.3017567
2024-12-05,0.040547118,-0.18882471,-0.54807335,-0.59518534,-0.23419854,0.16576894,-0.043983307,-0.31118977
2024-12-06,0.05931768,-0.18882081,-0.6390619,-0.68984747,-0.25035343,0.17663386,0.016879953,-0.38816717
2024-12-09,0.038450368,-0.19155908,-0.5417216,-0.5922666,-0.25027555,0.16791233,-0.069223695,-0.2924753
2024-12-10,0.018901646,-0.17810452,-0.41554454,-0.44769546,-0.19426917,0.14081937,-0.09976064,-0.20768398
2024-12-11,0.03842736,-0.19121444,-0.54835886,-0.5973109,-0.24522856,0.16923241,-0.057269976,-0.30245888
2024-12-12,0.034503244,-0.19200797,-0.59627956,-0.6323658,-0.22489583,0.18561998,0.014480799,-0.34975025
2024-12-13,0.013279244,-0.18324429,-0.45537156,-0.48071796,-0.18478395,0.15905783,-0.052741643,-0.24114567
2024-12-16,0.028678328,-0.18785942,-0.51018155,-0.5501592,-0.22036168,0.16417441,-0.055944074,-0.2790288
2024-12-17,0.048253596,-0.19649212,-0.59265184,-0.64943427,-0.25818938,0.17541924,-0.045568507,-0.34070152
2024-12-18,0.03853698,-0.19245197,-0.5607676,-0.6080428,-0.2393378,0.17252591,-0.042021245,-0.317586
2024-12-19,0.036173455,-0.19529015,-0.5952606,-0.63725203,-0.23418397,0.18563887,-0.0037882738,-0.3457056
2024-12-20,0.045711234,-0.1861533,-0.5465259,-0.59602,-0.23766401,0.15940745,-0.04936496,-0.31277645
2024-12-23,0.054377675,-0.19121918,-0.5776701,-0.63778144,-0.25835028,0.16370548,-0.056481913,-0.33438617
2024-12-24,0.04337948,-0.19511798,-0.6096776,-0.6576834,-0.24895239,0.18415132,-0.009564038,-0.35347602
2024-12-25,0.032385074,-0.19406536,-0.5469275,-0.592155,-0.23709461,0.1748141,-0.050327092,-0.30133757
2024-12-26,0.03608261,-0.18883383,-0.5517274,-0.59346265,-0.22928312,0.17051908,-0.03087477,-0.31221497
2024-12-27,0.040985033,-0.18538639,-0.54415375,-0.587658,-0.2243141,0.1622177,-0.032105166,-0.31445387
2024-12-30,0.0418412,-0.19470981,-0.5851854,-0.63549554,-0.2506274,0.17830169,-0.034900777,-0.33255368
2024-12-31,0.033495553,-0.18644977,-0.48451522,-0.5319569,-0.22885248,0.15242077,-0.09383339,-0.25805947
2025-01-02,0.035500817,-0.17337173,-0.38920227,-0.43831503,-0.21130443,0.11706163,-0.15136406,-0.19398513
2025-01-03,0.04502742,-0.18369159,-0.50233275,-0.55517876,-0.23604527,0.14676428,-0.088290095,-0.2773717
2025-01-06,0.036665782,-0.18366554,-0.51490635,-0.5575338,-0.22880018,0.15777242,-0.058327943,-0.28105134
2025-01-07,0.027046159,-0.19836473,-0.5841737,-0.62424666,-0.23569107,0.19204769,-0.012967922,-0.32787314
2025-01-08,-0.0014019534,-0.2014658,-0.5390396,-0.5600104,-0.20846355,0.20497775,-0.008826353,-0.27907923
2025-01-09,0.041154258,-0.19125015,-0.566636,-0.6145268,-0.24068081,0.17154863,-0.037202846,-0.32325408
2025-01-10,0.03512948,-0.18697485,-0.5105791,-0.555456,-0.22543684,0.1589114,-0.06542065,-0.28120872
2025-01-13,0.042935185,-0.19210652,-0.5565509,-0.6097278,-0.24969259,0.16813812,-0.058887944,-0.31101227
2025-01-14,0.05779071,-0.19667065,-0.6983018,-0.7458722,-0.2553073,0.19797288,0.05887977,-0.43106657
2025-01-15,0.038703658,-0.18824,-0.53303945,-0.58030736,-0.23639336,0.1629381,-0.058548573,-0.29533318
2025-01-16,0.028057009,-0.19568627,-0.5281345,-0.57721746,-0.24760395,0.1742069,-0.079408616,-0.2781096
2025-01-17,0.043695636,-0.19355366,-0.60103613,-0.6468623,-0.24012357,0.17974679,-0.008897129,-0.35358465
2025-01-20,0.048056595,-0.19225875,-0.5613,-0.6187059,-0.2549575,0.16476172,-0.06643216,-0.3181426
2025-01-21,0.027769558,-0.18500455,-0.51557446,-0.5495202,-0.21051475,0.16510823,-0.03416714,-0.2869409
2025-01-22,0.020580888,-0.18314284,-0.4843883,-0.5139651,-0.19871071,0.16186813,-0.042152636,-0.26107916
2025-01-23,0.043675594,-0.19114915,-0.5333786,-0.59112793,-0.2549623,0.15985504,-0.089297295,-0.2932827
2025-01-24,0.057284594,-0.19213204,-0.6198152,-0.67638373,-0.26157498,0.17384636,-0.020633996,-0.36700884
2025-01-27,0.027936377,-0.18928488,-0.5251525,-0.5640579,-0.2224989,0.16976656,-0.04532216,-0.2893533
2025-02-05,0.024321973,-0.18206003,-0.47499225,-0.50851154,-0.20613582,0.15550704,-0.061795197,-0.25234506
2025-02-06,0.048551492,-0.19195276,-0.6213316,-0.6676495,-0.24346787,0.18187317,0.010002404,-0.3690461
2025-02-07,0.07472241,-0.18863904,-0.63453573,-0.70115054,-0.26844126,0.16074376,-0.023893211,-0.39186692
2025-02-10,0.030812532,-0.19158626,-0.5495779,-0.58910424,-0.22822368,0.17563221,-0.032174423,-0.30607238
2025-02-11,0.024555363,-0.18653707,-0.50827867,-0.5417931,-0.20816588,0.16623479,-0.03935171,-0.2805639
2025-02-12,0.029076539,-0.19348791,-0.567475,-0.6060872,-0.23293814,0.18369815,-0.018323034,-0.31465018
2025-02-13,0.034102328,-0.19273707,-0.5599363,-0.6016421,-0.22892508,0.17592564,-0.02860366,-0.31807008
2025-02-14,0.04331714,-0.18967834,-0.59295106,-0.636902,-0.23705372,0.1765613,-0.004727293,-0.34771213
2025-02-17,0.031543784,-0.18745026,-0.5250821,-0.5661662,-0.22742,0.16646543,-0.04879019,-0.28800762
2025-02-18,0.059907287,-0.18321864,-0.5390025,-0.59983754,-0.24834642,0.14387801,-0.07713824,-0.31373975
2025-02-19,0.043374494,-0.19320978,-0.5917361,-0.6402742,-0.25259376,0.17848632,-0.028468832,-0.3357196
2025-02-20,0.02707979,-0.19058108,-0.5372771,-0.5737797,-0.21776414,0.17455533,-0.028997125,-0.30017436
2025-02-21,0.049422733,-0.18895073,-0.6139363,-0.65810347,-0.23690185,0.17738104,0.013342269,-0.36784875
2025-02-24,0.03695885,-0.19015372,-0.53391224,-0.58256024,-0.23877186,0.16555306,-0.061988447,-0.29441193
2025-02-25,0.044673994,-0.18603131,-0.54519373,-0.5925743,-0.23176813,0.15967888,-0.04441577,-0.3143086
2025-02-26,0.03259851,-0.19317807,-0.56803644,-0.609431,-0.23105478,0.18008654,-0.020022094,-0.32175943
2025-02-27,0.018920697,-0.1927178,-0.5334235,-0.5670297,-0.22099194,0.18190399,-0.031226333,-0.28754047
2025-02-28,0.04007639,-0.18492243,-0.4823865,-0.5361331,-0.23865649,0.14567003,-0.10939424,-0.25665784
2025-03-03,0.05485051,-0.18819961,-0.54372,-0.6055552,-0.26093358,0.15258051,-0.08907595,-0.30403906
2025-03-04,0.03792972,-0.19178401,-0.57623607,-0.6193183,-0.23403156,0.17728435,-0.017872859,-0.33133566
2025-03-05,0.03046272,-0.19150504,-0.5637108,-0.6012318,-0.22447866,0.1799498,-0.013193976,-0.32031402
2025-03-06,0.04088997,-0.19479287,-0.6093422,-0.6540912,-0.24557665,0.18553647,-0.0048466027,-0.35379997
2025-03-07,0.04074146,-0.18824223,-0.5520512,-0.5968432,-0.2302846,0.16603261,-0.036094703,-0.3171819
2025-03-10,0.015764482,-0.18885013,-0.50354546,-0.53276455,-0.20621748,0.17436963,-0.03618704,-0.26808524
2025-03-11,0.033352353,-0.19564103,-0.57760864,-0.62180835,-0.24308223,0.18370193,-0.028122496,-0.32271668
2025-03-12,0.029258877,-0.19019166,-0.5405815,-0.5770173,-0.21575788,0.17343947,-0.024863176,-0.3050372
2025-03-13,0.037256338,-0.18834114,-0.5193784,-0.56865317,-0.2409532,0.16046202,-0.07600325,-0.28083697
2025-03-14,0.074624315,-0.19637935,-0.7027881,-0.7687615,-0.28677362,0.18490544,0.014373228,-0.43404537
2025-03-17,0.030783147,-0.18717422,-0.5113794,-0.55229837,-0.2229639,0.16301364,-0.057492197,-0.2784084
2025-03-18,0.029389277,-0.19141254,-0.54009324,-0.5800798,-0.22540227,0.1740724,-0.037424393,-0.29990518
2025-03-19,0.04019022,-0.18774527,-0.56020963,-0.60316396,-0.22898725,0.1689848,-0.023736272,-0.32318187
2025-03-20,0.031414904,-0.18303089,-0.49664924,-0.53444654,-0.20960301,0.15557124,-0.05263898,-0.27587825
2025-03-21,0.02904144,-0.18932077,-0.47155535,-0.5225615,-0.24197522,0.15422119,-0.12125931,-0.23656347
2025-03-24,0.04248695,-0.19136181,-0.56441945,-0.6150976,-0.2485407,0.170335,-0.04816758,-0.3171627
2025-03-25,0.033108033,-0.19063258,-0.5474479,-0.5891508,-0.22706649,0.17237851,-0.034332287,-0.3091433
2025-03-26,0.037688404,-0.18935263,-0.53985006,-0.58681506,-0.23805708,0.16610116,-0.054815024,-0.29999366
2025-03-27,0.047415562,-0.18948336,-0.5795895,-0.6285189,-0.24491495,0.16984177,-0.029202664,-0.33336088
2025-03-28,0.025311872,-0.18990695,-0.52357423,-0.5600841,-0.21938464,0.17211425,-0.041432783,-0.28574148
2025-03-31,0.025722742,-0.19231589,-0.5132358,-0.556562,-0.23583356,0.17025901,-0.07379026,-0.2690598
2025-04-01,0.040928125,-0.18873557,-0.5454363,-0.5934654,-0.24080765,0.16487539,-0.053675584,-0.30434912
2025-04-02,0.041532822,-0.18933868,-0.5459112,-0.5952013,-0.24150112,0.16465212,-0.05569888,-0.3054954
2025-04-03,0.039274536,-0.19431448,-0.5664311,-0.6174943,-0.25195685,0.17503476,-0.052290484,-0.3147317
2025-04-07,0.026477925,-0.16717677,-0.3222456,-0.36276057,-0.18425927,0.10353801,-0.16884232,-0.14238617
2025-04-08,0.029861867,-0.19084805,-0.56298923,-0.6001181,-0.22313234,0.17963961,-0.010249168,-0.32047936
2025-04-09,0.047451176,-0.19906399,-0.6670754,-0.7124168,-0.25495043,0.19955716,0.032388024,-0.3962271
2025-04-10,0.032544143,-0.19658622,-0.5640628,-0.6100609,-0.24387944,0.18064466,-0.04513766,-0.31151867
2025-04-11,0.029062837,-0.19396633,-0.5918286,-0.62459403,-0.21514797,0.18950984,0.021069981,-0.34841055
2025-04-14,0.03638815,-0.18868756,-0.5346438,-0.5797422,-0.23491624,0.1656391,-0.053779706,-0.2947622
2025-04-15,0.030517377,-0.18801172,-0.54180944,-0.5782937,-0.21789756,0.17191632,-0.022323206,-0.30597672
2025-04-16,0.020018063,-0.19053413,-0.5250278,-0.5573367,-0.21209705,0.17722058,-0.02745552,-0.28683323
2025-04-17,0.044032343,-0.19299874,-0.584789,-0.6351988,-0.25007135,0.175302,-0.03396094,-0.33442324
2025-04-18,0.029433437,-0.19134212,-0.5525872,-0.5903281,-0.2245678,0.17772797,-0.022736248,-0.30923137
2025-04-21,0.038206406,-0.19397675,-0.57430756,-0.6214453,-0.24309197,0.1776162,-0.03394322,-0.32538748
2025-04-22,0.036956444,-0.19162151,-0.56631786,-0.6097142,-0.23321903,0.17512785,-0.026513737,-0.32326725
2025-04-23,0.03308329,-0.1877161,-0.5364936,-0.57542634,-0.21763903,0.16790181,-0.030003384,-0.30486676
2025-04-24,0.037106156,-0.19334371,-0.554122,-0.60234916,-0.24388683,0.17266952,-0.053466722,-0.30718425
2025-04-25,0.040935703,-0.18834051,-0.5457234,-0.5933477,-0.23676917,0.16449234,-0.048919797,-0.30830622
2025-04-28,0.035447627,-0.1876685,-0.54179,-0.58225626,-0.2240161,0.1677247,-0.032958668,-0.3061812
2025-04-29,0.032701664,-0.18999116,-0.5399113,-0.5819244,-0.23093316,0.17055677,-0.043892052,-0.29896387
2025-04-30,0.036789,-0.19053988,-0.5493062,-0.5949676,-0.23611525,0.1701422,-0.04477164,-0.30799764
2025-05-06,0.042165652,-0.19082966,-0.57609874,-0.62207055,-0.23907405,0.17335862,-0.025540538,-0.33124134
2025-05-07,0.021701537,-0.18536541,-0.48903546,-0.52169454,-0.20500149,0.16302305,-0.050005373,-0.26334295
2025-05-08,0.05258678,-0.19417961,-0.6106984,-0.6682169,-0.2650219,0.17619064,-0.032956656,-0.3549981
2025-05-09,0.03053137,-0.19110128,-0.5457227,-0.5855373,-0.22557944,0.17433244,-0.032615304,-0.30570737
2025-05-12,0.03541167,-0.19479452,-0.5817857,-0.62522805,-0.24302152,0.18282224,-0.024509415,-0.32665488
2025-05-13,0.024713777,-0.18878025,-0.5210204,-0.5554064,-0.2127727,0.17113674,-0.034515914,-0.28711194
2025-05-14,0.029120654,-0.19685842,-0.612553,-0.64475375,-0.21427846,0.19679567,0.038552016,-0.36483186
2025-05-15,0.029372998,-0.18685542,-0.5066206,-0.546795,-0.22209367,0.16249464,-0.059981003,-0.27469447
2025-05-16,0.026516266,-0.18915239,-0.51982415,-0.5578611,-0.21837589,0.16932619,-0.0442327,-0.28635293
2025-05-19,0.029148065,-0.18856475,-0.5385291,-0.5744961,-0.21744737,0.17244154,-0.024848748,-0.30199364
2025-05-20,0.03978271,-0.19081832,-0.5800958,-0.62318414,-0.23242095,0.17599066,-0.01323051,-0.33830836
2025-05-21,0.04975182,-0.1902968,-0.5816209,-0.63461155,-0.25045088,0.16855145,-0.03775116,-0.33631903
2025-05-22,0.03570649,-0.18910271,-0.55104434,-0.59261036,-0.2283363,0.17072761,-0.031060547,-0.31211376
2025-05-23,0.058579892,-0.18734582,-0.54379165,-0.6092329,-0.26032257,0.14838725,-0.091105476,-0.3109314
2025-05-26,0.03326226,-0.19067591,-0.52081877,-0.5678605,-0.2396447,0.16552342,-0.07375807,-0.27821615
2025-05-27,0.02758725,-0.18988174,-0.51983863,-0.5600109,-0.22583854,0.16904375,-0.054350223,-0.2820562
2025-05-28,0.03635574,-0.18977693,-0.5439989,-0.58899504,-0.23330867,0.16850728,-0.045255944,-0.30516753
2025-05-29,0.047428206,-0.19266278,-0.59129,-0.64281094,-0.25016597,0.17428452,-0.02944581,-0.34182197
2025-05-30,0.026666008,-0.18863031,-0.5382276,-0.5716753,-0.21016952,0.17422315,-0.015603289,-0.3049702
2025-06-03,0.042379513,-0.19098032,-0.57524395,-0.62331074,-0.24256524,0.17300588,-0.03041398,-0.3299146
2025-06-04,0.04431452,-0.1929277,-0.5805667,-0.63197774,-0.24958152,0.17365047,-0.038403817,-0.3327263
2025-06-05,0.030364484,-0.19052088,-0.5547844,-0.59215415,-0.22316271,0.17701684,-0.018988702,-0.31315503
2025-06-06,0.034360208,-0.19010429,-0.5422997,-0.5861226,-0.2324099,0.17003721,-0.04423047,-0.3018135
2025-06-09,0.039372854,-0.19272035,-0.5610423,-0.6104202,-0.24713781,0.17262442,-0.05000344,-0.31236827
2025-06-10,0.04228597,-0.1867978,-0.51753485,-0.5713662,-0.24988228,0.15508342,-0.08894847,-0.27868602
2025-06-11,0.049630746,-0.19760849,-0.60937506,-0.6687434,-0.2699013,0.17956868,-0.043976024,-0.35044459
2025-06-12,0.040168665,-0.18873309,-0.5617297,-0.6055349,-0.23390934,0.16995683,-0.02896531,-0.32058772
2025-06-13,0.020533696,-0.19084182,-0.51471305,-0.5495802,-0.2148369,0.17384034,-0.043501392,-0.27886567
2025-06-16,0.036606483,-0.19273496,-0.57172734,-0.61605924,-0.23935664,0.17779827,-0.0286722,-0.32333726
2025-06-17,0.030307382,-0.19115105,-0.5373785,-0.5788705,-0.22625107,0.17205381,-0.04193648,-0.29934493
2025-06-18,0.0269797,-0.1906492,-0.54373837,-0.579251,-0.2160666,0.17653048,-0.02049223,-0.30673105
2025-06-19,0.0314973,-0.18914285,-0.50667334,-0.551865,-0.23088953,0.1620665,-0.07476348,-0.27095646
2025-06-20,0.043481484,-0.19125399,-0.5644419,-0.615256,-0.24421832,0.16906527,-0.045388825,-0.32197624
2025-06-23,0.029820174,-0.19395024,-0.5818509,-0.61858255,-0.22857836,0.18713325,-0.002050504,-0.33052167
2025-06-24,0.05481244,-0.1964578,-0.61945295,-0.6801154,-0.272831,0.17783502,-0.039001472,-0.35940483
2025-06-25,0.02324795,-0.19725576,-0.6127395,-0.64167464,-0.22203135,0.20280139,0.03678263,-0.3535681
2025-06-26,0.039873138,-0.18839894,-0.5440948,-0.5904955,-0.2331669,0.16471381,-0.046074927,-0.30844986
2025-06-27,0.046699695,-0.18835992,-0.52123153,-0.57966715,-0.25473827,0.15261655,-0.09873341,-0.28399545
2025-06-30,0.035541132,-0.19354746,-0.5766595,-0.61992306,-0.23682618,0.18052685,-0.02142835,-0.32811242
2025-07-01,0.035445474,-0.19033386,-0.5605221,-0.60147834,-0.22943243,0.17444415,-0.02405909,-0.31809577
2025-07-02,0.039217286,-0.18933125,-0.55922306,-0.60323054,-0.23354268,0.17039448,-0.03111602,-0.31798536
2025-07-03,0.035937205,-0.19280767,-0.5801025,-0.622137,-0.23222527,0.18045312,-0.012145996,-0.33447695
2025-07-04,0.05148358,-0.1883647,-0.5869957,-0.636214,-0.23434386,0.16677198,-0.014737371,-0.35283837
2025-07-07,0.025567517,-0.19029911,-0.52825224,-0.5643564,-0.2168622,0.1733647,-0.034866758,-0.29150325
2025-07-08,0.04294853,-0.19237065,-0.6019902,-0.64701194,-0.23917413,0.18052231,-0.002757281,-0.35400075
2025-07-09,0.047151126,-0.18960097,-0.5633468,-0.6150865,-0.24535564,0.1650084,-0.048255477,-0.32249516
2025-07-10,0.036926053,-0.19333294,-0.5894562,-0.63058805,-0.23326027,0.1825654,-0.0061086975,-0.3413652
2025-07-11,0.06304884,-0.19077854,-0.60876197,-0.6708843,-0.26703495,0.1647876,-0.042714767,-0.36171475
2025-07-14,0.03938526,-0.1915098,-0.56204575,-0.60893226,-0.24078113,0.17233922,-0.040286995,-0.3166599
2025-07-15,0.024047405,-0.19603074,-0.5386969,-0.58026034,-0.23444113,0.18077111,-0.05144086,-0.28938463
2025-07-16,0.03077934,-0.19092095,-0.5329268,-0.5759238,-0.23171845,0.170549,-0.051995665,-0.29259676
2025-07-17,0.03568896,-0.19469333,-0.5893387,-0.63202804,-0.23693162,0.18436165,-0.010766238,-0.3385576
2025-07-18,0.04349152,-0.19366187,-0.57706136,-0.62981844,-0.2551733,0.17434478,-0.046888076,-0.32412267
2025-07-21,0.033171453,-0.1950841,-0.57442546,-0.6176669,-0.23924115,0.18278866,-0.026447963,-0.3219767
2025-07-22,0.03295687,-0.19167618,-0.5852654,-0.62123936,-0.21919894,0.18352464,0.011424378,-0.3440041
2025-07-23,0.046348453,-0.18802948,-0.5555542,-0.60617757,-0.23676813,0.16156992,-0.045317505,-0.3242643
2025-07-24,0.04453273,-0.19147289,-0.59039557,-0.63756806,-0.24294642,0.17580864,-0.018207941,-0.34282476
2025-07-25,0.026269287,-0.18915766,-0.5152631,-0.5535316,-0.21940532,0.1684869,-0.049663886,-0.28091186
2025-07-28,0.0393492,-0.19209276,-0.56053686,-0.6082939,-0.24366862,0.17230612,-0.045225453,-0.31251243
2025-07-29,0.031358503,-0.19150922,-0.56972593,-0.6072353,-0.22648007,0.18112603,-0.009279732,-0.32374716
2025-07-30,0.05824524,-0.18750219,-0.5655954,-0.6268219,-0.26214072,0.15565428,-0.06901872,-0.32368243
2025-07-31,0.026398636,-0.18121552,-0.45370492,-0.4926083,-0.20805922,0.14661819,-0.087315336,-0.23906952
2025-08-01,0.03759484,-0.18991162,-0.5267856,-0.57789487,-0.24866378,0.16309002,-0.080003835,-0.28313875
2025-08-04,0.03447067,-0.19401923,-0.5796375,-0.6226292,-0.24044955,0.18248217,-0.0216466,-0.32713878
2025-08-05,0.030901603,-0.19444454,-0.58355635,-0.6213998,-0.22833395,0.18647157,-0.0028627366,-0.33435044
2025-08-06,0.036119312,-0.19125956,-0.566329,-0.60906726,-0.23297065,0.1758979,-0.024020776,-0.3222416
2025-08-07,0.026497148,-0.19150895,-0.5405407,-0.57820004,-0.21940428,0.17600018,-0.02893592,-0.3038289
2025-08-08,0.042617656,-0.18763448,-0.55231,-0.5989262,-0.2369641,0.16475475,-0.042318422,-0.31349432
2025-08-11,0.04668153,-0.1920098,-0.5894009,-0.6399995,-0.2460685,0.17364001,-0.026074793,-0.3436669
2025-08-12,0.046600267,-0.19346169,-0.5922451,-0.6444794,-0.25430676,0.17549306,-0.034351192,-0.34035823
2025-08-13,0.046944603,-0.18994045,-0.59007007,-0.6378262,-0.23858243,0.1725073,-0.013834488,-0.348812
2025-08-14,0.04765688,-0.19238281,-0.5654616,-0.6232684,-0.26423144,0.16724297,-0.07000296,-0.31255773
2025-08-15,0.04297781,-0.19627035,-0.6241326,-0.66943634,-0.24073714,0.18822594,0.0101226345,-0.37214538
2025-08-18,0.061691925,-0.18720615,-0.6043434,-0.66158015,-0.2556423,0.16305222,-0.025864448,-0.3622311
2025-08-19,0.042782612,-0.18817563,-0.5349249,-0.58698136,-0.24178499,0.15971681,-0.06735713,-0.3001955
2025-08-20,0.027520694,-0.19873986,-0.60522693,-0.64169025,-0.23703659,0.19867511,0.007995695,-0.34015548
2025-08-21,0.049209744,-0.18913408,-0.5674182,-0.6199137,-0.24457973,0.1642097,-0.044180557,-0.3279805
2025-08-22,0.042403072,-0.19920486,-0.66529953,-0.70794743,-0.24818417,0.20286337,0.042633906,-0.39733335
2025-08-25,0.048814125,-0.19391684,-0.608798,-0.6626724,-0.2668274,0.17998084,-0.029804492,-0.34407476
2025-08-26,0.03487835,-0.18828404,-0.5517645,-0.5906197,-0.2218763,0.17082354,-0.02170613,-0.3159264
2025-08-27,0.066577,-0.1828493,-0.5431801,-0.6102829,-0.26051927,0.13902262,-0.093211904,-0.31756413
2025-08-28,0.045872524,-0.1942637,-0.61807954,-0.66879773,-0.26779547,0.18572485,-0.017871443,-0.3472026
2025-08-29,0.05248157,-0.19532031,-0.6171251,-0.67368484,-0.26881108,0.17936397,-0.03099406,-0.3545842
2025-09-01,0.02536995,-0.19118413,-0.55122346,-0.5843422,-0.21745375,0.18080175,-0.012642659,-0.3079236
2025-09-02,0.023692511,-0.19381416,-0.50131536,-0.5468151,-0.23510796,0.16949591,-0.08613841,-0.25916967
2025-09-03,0.024186045,-0.18620303,-0.47929367,-0.518099,-0.22038674,0.1591523,-0.0794038,-0.24823576
2025-09-04,-0.00040913373,-0.18441421,-0.3986073,-0.42350602,-0.18052617,0.15459241,-0.096188635,-0.18949556
2025-09-05,0.03550665,-0.20055957,-0.6647122,-0.70198923,-0.2465603,0.20978177,0.048915178,-0.38889313
2025-09-08,0.023060381,-0.19222319,-0.5438579,-0.5794299,-0.21993917,0.18050075,-0.02381052,-0.30285808
2025-09-09,0.04174768,-0.18889305,-0.52428555,-0.5792409,-0.25549644,0.15863869,-0.09131538,-0.2803103
2025-09-10,0.032186843,-0.19391301,-0.5742407,-0.61513644,-0.22926986,0.1817678,-0.014959186,-0.33041215
2025-09-11,0.054529354,-0.19520397,-0.69890714,-0.7428062,-0.24883658,0.19969857,0.071379215,-0.4348591
2025-09-12,0.03190223,-0.18736394,-0.5044568,-0.54784393,-0.22472754,0.15966775,-0.069409624,-0.27499807
2025-09-15,0.05602576,-0.1893536,-0.57247895,-0.63316643,-0.26297483,0.16046014,-0.06432763,-0.32739523
2025-09-16,0.020170815,-0.19178234,-0.52406603,-0.5583131,-0.21489435,0.17671335,-0.036101896,-0.28756115
2025-09-17,0.04399927,-0.19008586,-0.59536535,-0.63917476,-0.23310679,0.17661735,0.000806503,-0.3524342
2025-09-18,0.05978328,-0.17961346,-0.4941227,-0.5574428,-0.24816126,0.12915017,-0.11719579,-0.27748075
2025-09-19,0.041017294,-0.1914533,-0.57827073,-0.6249922,-0.24532053,0.17513287,-0.030634912,-0.3301374
2025-09-22,0.03394471,-0.18900381,-0.5512788,-0.5903707,-0.223057,0.17214736,-0.023754697,-0.3139159
2025-09-23,0.011379175,-0.19366255,-0.48441115,-0.5210399,-0.22115588,0.17459096,-0.07611165,-0.2433992
2025-09-24,0.04248883,-0.1964421,-0.62426,-0.67081755,-0.2457836,0.18911648,0.0065428317,-0.3683168
2025-09-25,0.048050478,-0.19040966,-0.60630506,-0.6532476,-0.24536806,0.17746392,-0.004693497,-0.3552247
2025-09-26,0.04040213,-0.19038337,-0.540512,-0.59075326,-0.23794329,0.16430782,-0.059168518,-0.30405155
2025-09-29,0.03034249,-0.19965172,-0.64273375,-0.67454875,-0.22437727,0.20697989,0.054810606,-0.38019818
2025-09-30,0.032467246,-0.1922313,-0.559009,-0.6006863,-0.23085475,0.17685872,-0.02892811,-0.31610036
2025-10-09,0.06750813,-0.19102256,-0.64624643,-0.70646536,-0.26851895,0.17301312,-0.0073189884,-0.3904007
2025-10-10,0.03784041,-0.18447493,-0.47729373,-0.527355,-0.23250169,0.14606576,-0.10489398,-0.25208402
2025-10-13,0.045927167,-0.20645687,-0.66644603,-0.7231178,-0.27740377,0.20489442,-0.0027857348,-0.38466498
2025-10-14,0.036555387,-0.18613389,-0.450186,-0.5075294,-0.2393161,0.13997002,-0.14242578,-0.22856966
2025-10-15,0.014844656,-0.1993008,-0.595225,-0.62024665,-0.21735176,0.20592234,0.027493678,-0.33378205
2025-10-16,0.054391243,-0.19440626,-0.59635097,-0.65894425,-0.27648517,0.17120746,-0.060700435,-0.33659902
2025-10-17,0.02750998,-0.1800449,-0.4431443,-0.48289084,-0.20462649,0.14252932,-0.09324482,-0.23337394
2025-10-20,0.044242434,-0.18876892,-0.53689164,-0.59043795,-0.24741778,0.1597776,-0.072310016,-0.29754278
2025-10-21,0.05711499,-0.19409226,-0.63458604,-0.69110334,-0.26413968,0.1792458,-0.011846483,-0.3775425
2025-10-22,0.034852713,-0.19209176,-0.55745083,-0.6002209,-0.23482943,0.17508721,-0.035478298,-0.31129527
2025-10-23,0.016471297,-0.18881941,-0.5388843,-0.5634934,-0.20443408,0.18391803,0.0020115115,-0.29774293
2025-10-24,0.036559798,-0.19450998,-0.59143066,-0.6351286,-0.23905781,0.18394236,-0.011541393,-0.34090126
2025-10-27,0.03206195,-0.19316071,-0.56603885,-0.6072121,-0.231994,0.17979902,-0.023717515,-0.3201686
2025-10-28,0.048049726,-0.1859087,-0.5478197,-0.60004234,-0.24654713,0.15792555,-0.059322715,-0.31038925
2025-10-29,0.03447573,-0.19567049,-0.5994815,-0.6403979,-0.23508662,0.18888758,0.0019120686,-0.34599367
2025-10-30,0.042025678,-0.18709937,-0.5286885,-0.5780468,-0.23504382,0.15878174,-0.06242665,-0.2945938
2025-10-31,0.02321127,-0.1868811,-0.47548908,-0.51436174,-0.21754405,0.15855756,-0.082129955,-0.24711058
2025-11-03,0.017287612,-0.18976787,-0.5422762,-0.5650867,-0.19410628,0.18360704,0.012431607,-0.30740842
2025-11-04,0.037160404,-0.18762997,-0.5050814,-0.5558581,-0.23719692,0.15558161,-0.086619794,-0.2737566
2025-11-05,0.03742881,-0.19201098,-0.61250746,-0.64815176,-0.22233108,0.18745077,0.03059414,-0.3672467
2025-11-06,0.05639945,-0.19542117,-0.6388318,-0.6955407,-0.2667533,0.18219364,-0.01099756,-0.37755173
2025-11-07,0.042414196,-0.18925278,-0.56019235,-0.6072292,-0.23594013,0.16782072,-0.03606625,-0.32089683
2025-11-10,0.023804858,-0.18994746,-0.5416905,-0.57332534,-0.21103051,0.17844045,-0.012369152,-0.3040973
2025-11-11,0.016696498,-0.18827239,-0.48229375,-0.51615834,-0.21042478,0.16653752,-0.06424187,-0.25282627
2025-11-12,0.029155277,-0.19508898,-0.5555942,-0.5985143,-0.24073654,0.18081659,-0.043429703,-0.3023111
2025-11-13,0.04878845,-0.19219884,-0.61340654,-0.6624483,-0.24872062,0.17914568,-0.0055454224,-0.36168182
2025-11-14,0.03858754,-0.18867028,-0.53289086,-0.57996166,-0.23578385,0.16316801,-0.059878506,-0.29589882
2025-11-17,0.030977525,-0.18632188,-0.512839,-0.5533718,-0.22229755,0.16284429,-0.05347133,-0.28035867
2025-11-18,0.04149685,-0.188462,-0.52607054,-0.57784075,-0.24199253,0.15888065,-0.07460074,-0.28924796
2025-11-19,0.03952831,-0.19466417,-0.58206046,-0.63081473,-0.25321102,0.18016562,-0.037385575,-0.32433504
2025-11-20,0.036467962,-0.18553674,-0.5089229,-0.5543142,-0.22528285,0.15574309,-0.06681603,-0.28359526
2025-11-21,0.017321177,-0.18589763,-0.46598825,-0.4974473,-0.1949543,0.15904553,-0.063112274,-0.2506873
2025-11-24,0.017532565,-0.19176483,-0.52488863,-0.5539306,-0.2062022,0.18012947,-0.022520166,-0.2867373
2025-11-25,0.050994612,-0.19138929,-0.5847645,-0.64001673,-0.2573828,0.16934055,-0.044255357,-0.3345126
2025-11-26,0.050282992,-0.19094324,-0.5963237,-0.64804673,-0.24766663,0.17182529,-0.022544872,-0.3518603
2025-11-27,0.048455626,-0.19403102,-0.56770283,-0.626698,-0.26074266,0.16703631,-0.06986975,-0.3200466
2025-11-28,0.039301656,-0.18940043,-0.56733376,-0.6104433,-0.23461747,0.17272925,-0.024320636,-0.32376704
2025-12-01,0.037388124,-0.1939112,-0.59022516,-0.6343402,-0.24088243,0.18293026,-0.013547327,-0.33832696
2025-12-02,0.029364012,-0.18914455,-0.5146367,-0.55662507,-0.22962427,0.1661244,-0.06294862,-0.27570546
2025-12-03,0.04320024,-0.1883627,-0.531039,-0.58372784,-0.24211985,0.15799247,-0.072595485,-0.29715374
2025-12-04,0.03824628,-0.18819456,-0.5556148,-0.5980682,-0.23007959,0.1699529,-0.02770755,-0.31596893
2025-12-05,0.025076449,-0.19584304,-0.5958861,-0.6267658,-0.21911716,0.19571954,0.023296125,-0.34299037
2025-12-08,0.0493856,-0.19170141,-0.5952037,-0.6461502,-0.24654782,0.17309177,-0.02265175,-0.34913245
2025-12-09,0.03990613,-0.18762136,-0.5234265,-0.57378364,-0.24117893,0.15867391,-0.07402515,-0.2873681
2025-12-10,0.014112808,-0.18929459,-0.53026545,-0.5522046,-0.19776487,0.18347716,0.0012189038,-0.2907475
2025-12-11,0.037782617,-0.18925738,-0.5142682,-0.5662699,-0.24570623,0.15888616,-0.08958816,-0.27574745
2025-12-12,0.03166616,-0.18890533,-0.56809616,-0.60093486,-0.21235338,0.17886303,0.007936105,-0.33012527
2025-12-15,0.04948669,-0.19129947,-0.5616377,-0.6197597,-0.25984874,0.16371804,-0.06967675,-0.31499517
2025-12-16,0.010921657,-0.18842915,-0.4816953,-0.5086557,-0.19819616,0.17128739,-0.04631888,-0.25278473
2025-12-17,0.019603722,-0.20091388,-0.6389396,-0.6636597,-0.22191256,0.21565104,0.06157262,-0.36893126
2025-12-18,0.030794516,-0.1896619,-0.5368501,-0.5763248,-0.22251263,0.17065068,-0.036704093,-0.30118352
2025-12-19,0.047178112,-0.18948904,-0.5683444,-0.61959803,-0.2492536,0.16656968,-0.04643204,-0.32281196
2025-12-22,0.043087967,-0.1948699,-0.5915035,-0.6423148,-0.2513531,0.17886537,-0.031246075,-0.33907616
2025-12-23,0.047458045,-0.18808801,-0.5601848,-0.61127573,-0.24280998,0.163098,-0.045718573,-0.32130745
2025-12-24,0.029549569,-0.19202262,-0.5637971,-0.60013795,-0.21947306,0.1806275,-0.008458611,-0.32307047
2025-12-25,0.032183744,-0.19321968,-0.5719043,-0.6112384,-0.22766668,0.18169238,-0.013038609,-0.32628387
2025-12-26,0.04304464,-0.19434814,-0.5732714,-0.625936,-0.25348806,0.1740919,-0.049716737,-0.32052648
2025-12-29,0.04318337,-0.18694335,-0.532831,-0.5827385,-0.23881102,0.15858606,-0.06294551,-0.29718605
2025-12-30,0.03805632,-0.19598158,-0.59207845,-0.637924,-0.2411502,0.18350296,-0.017520685,-0.34102663
2025-12-31,0.03422331,-0.1898797,-0.52068794,-0.56682414,-0.23386142,0.16389957,-0.06809631,-0.28302217
2026-01-05,0.047195546,-0.19530419,-0.628845,-0.67775494,-0.25534993,0.18701816,-8.56556e-05,-0.36731243
2026-01-06,0.046331316,-0.19572814,-0.6255671,-0.67570084,-0.25674134,0.18616703,-0.0061428733,-0.366148
2026-01-07,0.037378363,-0.18670785,-0.5190243,-0.5664971,-0.23856369,0.15926643,-0.07150024,-0.28230533
2026-01-08,0.037954822,-0.1867289,-0.5172913,-0.5648154,-0.23368213,0.15810077,-0.068848036,-0.2847275
2026-01-09,0.044515066,-0.19337435,-0.5796004,-0.6312773,-0.25353786,0.174171,-0.043072972,-0.3270166
2026-01-12,0.030367889,-0.18832591,-0.5672864,-0.59853685,-0.21158808,0.17894515,0.009103753,-0.33018982
2026-01-13,0.037194178,-0.19099364,-0.5222701,-0.5748516,-0.24591151,0.16191109,-0.084250875,-0.28292656
2026-01-14,0.06370194,-0.18790036,-0.53681517,-0.6122103,-0.28780386,0.14355981,-0.13106823,-0.29161564
2026-01-15,0.037280656,-0.19605964,-0.5733151,-0.6235387,-0.24801466,0.17916034,-0.042891458,-0.32266727
2026-01-16,0.032926872,-0.18612885,-0.48994115,-0.535612,-0.22410077,0.15470132,-0.08061872,-0.2633873
2026-01-19,0.035765015,-0.19220212,-0.54655874,-0.5938581,-0.23989016,0.17032382,-0.054622646,-0.3041913
2026-01-20,0.02727113,-0.1881697,-0.5230007,-0.5597689,-0.21190193,0.16918308,-0.032858457,-0.29353538
2026-01-21,0.05916035,-0.19443369,-0.5984782,-0.6637114,-0.27304888,0.16719195,-0.061667275,-0.34651035
2026-01-22,0.02169431,-0.19296965,-0.51985955,-0.5582288,-0.22192883,0.17537779,-0.05000356,-0.28015494
2026-01-23,0.030621015,-0.18974122,-0.5181689,-0.56133395,-0.22747523,0.1654636,-0.06096555,-0.283681
2026-01-26,0.041759208,-0.19094776,-0.56478703,-0.61250466,-0.24229002,0.17104378,-0.04069346,-0.31958345
2026-01-27,0.044430166,-0.18756676,-0.5682303,-0.6123966,-0.23105568,0.16805156,-0.02096324,-0.32974195
2026-01-28,0.032288365,-0.19026238,-0.55444694,-0.5933612,-0.22740775,0.17493325,-0.026219603,-0.3125483
2026-01-29,0.01814352,-0.19513272,-0.5758454,-0.60286236,-0.21463042,0.19595426,0.015754394,-0.32291976
2026-01-30,0.01885853,-0.18764067,-0.5176231,-0.54439014,-0.1896436,0.17316511,-0.007987931,-0.29658243
2026-02-02,0.042542987,-0.18841496,-0.48563462,-0.5474601,-0.2612118,0.1462227,-0.13889566,-0.24962339
2026-02-03,0.007608153,-0.19708458,-0.55093044,-0.57425505,-0.20248172,0.19739911,0.007322304,-0.30493775
2026-02-04,0.025783338,-0.19624493,-0.59137547,-0.6255761,-0.23024541,0.19446318,0.005939327,-0.33309135
2026-02-05,0.018232726,-0.19381012,-0.5395604,-0.5715741,-0.21309727,0.18457982,-0.018686388,-0.29707745
2026-02-06,0.052842848,-0.18758297,-0.592439,-0.64089906,-0.24028113,0.16751073,-0.01425929,-0.35140434
2026-02-09,0.043386206,-0.1924681,-0.58904725,-0.6362335,-0.24281672,0.17693326,-0.019958116,-0.34009668
2026-02-10,0.033244103,-0.19036749,-0.54630315,-0.5875917,-0.22826403,0.17207345,-0.0358169,-0.30614454
2026-02-11,0.035256557,-0.18950257,-0.5464897,-0.5888612,-0.22848341,0.17007554,-0.036032297,-0.3080747
2026-02-12,0.03359729,-0.1897928,-0.5449396,-0.5868437,-0.22872353,0.17099036,-0.036957532,-0.30590266
2026-02-13,0.034788996,-0.18697575,-0.50446546,-0.55043364,-0.23020208,0.15726733,-0.07606423,-0.27290645
2026-02-24,0.0405474,-0.18644366,-0.5418385,-0.586754,-0.2325907,0.16302814,-0.04416715,-0.3055144
2026-02-25,0.06219445,-0.18950737,-0.60055393,-0.6627209,-0.26455918,0.1627529,-0.043719757,-0.355476
2026-02-26,0.02775614,-0.1860756,-0.5155317,-0.5506728,-0.21080768,0.16543546,-0.036323156,-0.2872586
2026-02-27,0.030762382,-0.19164756,-0.5453695,-0.58574605,-0.22477585,0.17440729,-0.03290619,-0.30559555
2026-03-02,0.036258288,-0.1947886,-0.60173726,-0.64250934,-0.22865787,0.18690109,0.0093458295,-0.3559114
2026-03-03,0.048512436,-0.17722338,-0.48212248,-0.53345686,-0.22256708,0.13441287,-0.08664326,-0.27308077
2026-03-04,0.020818233,-0.19169876,-0.502688,-0.5407416,-0.22257233,0.17090997,-0.065127924,-0.26330954
2026-03-05,0.05450803,-0.18735841,-0.565878,-0.6216041,-0.24781162,0.15845783,-0.050609138,-0.32899594
2026-03-06,0.043479063,-0.19039312,-0.5875819,-0.6317722,-0.23446622,0.17534514,-0.008952096,-0.34348688
2026-03-09,0.013986349,-0.18700257,-0.5364694,-0.55182934,-0.18018745,0.18366107,0.029450305,-0.30541837
2026-03-10,0.043017454,-0.19673723,-0.60443676,-0.65555084,-0.25362894,0.18333802,-0.023873046,-0.3489096
2026-03-11,0.042594783,-0.19128294,-0.5833328,-0.6293977,-0.24299106,0.17577852,-0.022560574,-0.33370376
2026-03-12,0.017146356,-0.19257641,-0.5130091,-0.5471193,-0.21940011,0.17746626,-0.049028195,-0.26987293
2026-03-13,0.053893894,-0.19339824,-0.58613,-0.64613146,-0.2621555,0.16735408,-0.05631325,-0.33858103
2026-03-16,0.01725804,-0.19006586,-0.5399165,-0.56365633,-0.19741994,0.1828466,0.0045898557,-0.3047552
2026-03-17,0.057534143,-0.1889266,-0.5397703,-0.60646695,-0.26917827,0.14913307,-0.10668227,-0.30020052
2026-03-18,0.015406035,-0.19326052,-0.54056984,-0.56942767,-0.21328074,0.18704158,-0.013656609,-0.29446968
2026-03-19,0.039562486,-0.1888202,-0.5271481,-0.5777597,-0.24095175,0.16062558,-0.07208402,-0.29079938
2026-03-20,0.052620977,-0.18965015,-0.5629972,-0.62237275,-0.25683787,0.15972717,-0.06749303,-0.32433546
2026-03-23,0.03572034,-0.17900318,-0.42325684,-0.47409827,-0.2268107,0.12901087,-0.14358717,-0.2118054
2026-03-24,0.020994455,-0.18507531,-0.5264918,-0.55230343,-0.20525014,0.17554612,-0.0073567145,-0.28783548
2026-03-25,0.043597884,-0.19522122,-0.59214985,-0.64316314,-0.25035813,0.17881694,-0.030484423,-0.34018564
2026-03-26,0.04173518,-0.18648872,-0.49137834,-0.54821426,-0.24771842,0.14760041,-0.1135889,-0.2600462
2026-03-27,0.058427155,-0.19370429,-0.6432229,-0.6978498,-0.25717172,0.17989284,0.0030560382,-0.39036217
2026-03-30,0.04359051,-0.18964592,-0.59564364,-0.63932145,-0.23361751,0.17690301,0.0010471605,-0.35305893
2026-03-31,0.03527975,-0.1941171,-0.5249073,-0.5773172,-0.24558538,0.16608763,-0.085698485,-0.2825957
2026-04-01,0.038694337,-0.18965158,-0.56362194,-0.6063066,-0.23170075,0.17218539,-0.024949431,-0.32171366
2026-04-02,0.032330267,-0.18708992,-0.49817678,-0.54422295,-0.23258457,0.15785238,-0.08251045,-0.26471582
2026-04-03,0.0277607,-0.18667322,-0.49179593,-0.5322001,-0.21974885,0.15990952,-0.0700663,-0.261606
2026-04-07,0.031286158,-0.19263917,-0.5386603,-0.583141,-0.2370629,0.17302099,-0.054531958,-0.29298383
2026-04-08,0.050596416,-0.19869521,-0.66229564,-0.71234703,-0.254632,0.19462979,0.024607442,-0.39956746
2026-04-09,0.036800995,-0.19073984,-0.5510511,-0.59569764,-0.23496172,0.17097604,-0.041085035,-0.30794558
2026-04-10,0.048188604,-0.20168163,-0.64406544,-0.6993441,-0.2673811,0.1927487,-0.011585191,-0.37688243
2026-04-13,0.036936134,-0.19521096,-0.58155215,-0.62665164,-0.23985294,0.18126252,-0.024388667,-0.33131978
2026-04-14,0.037457317,-0.19068477,-0.5584359,-0.6045952,-0.24385479,0.17275292,-0.042361803,-0.3094699
2026-04-15,0.033548675,-0.18732691,-0.50383836,-0.54976386,-0.22951627,0.15801331,-0.076332495,-0.2737398
2026-04-16,0.042822845,-0.19430439,-0.5974806,-0.64691097,-0.25191623,0.18076071,-0.023390885,-0.34223905
2026-04-17,0.033670902,-0.19120815,-0.5492976,-0.5916236,-0.22943345,0.173136,-0.035595864,-0.30826333
2026-04-20,0.048703,-0.19243379,-0.5875481,-0.64167404,-0.25662085,0.17201416,-0.041141808,-0.3368551
2026-04-21,0.026213318,-0.1906743,-0.5541245,-0.585792,-0.20877141,0.18002391,-0.0009843409,-0.3171795
2026-04-22,0.042323343,-0.19549674,-0.60702705,-0.6548748,-0.2464199,0.18427184,-0.0102716535,-0.3535464
2026-04-23,0.020149663,-0.19372095,-0.5158717,-0.55300194,-0.21999007,0.17613786,-0.052251566,-0.2753877
2026-04-24,0.016358867,-0.19229801,-0.53771704,-0.56523323,-0.20947495,0.18516347,-0.011743121,-0.2935464
2026-04-27,0.040623978,-0.19062568,-0.54731953,-0.597426,-0.24337792,0.16624168,-0.058179878,-0.30600917
2026-04-28,0.04201264,-0.19006327,-0.5542293,-0.6044216,-0.24312073,0.16653536,-0.05148972,-0.313984
2026-04-29,0.04272124,-0.19579956,-0.6312083,-0.6757254,-0.24417353,0.19094555,0.01640416,-0.37404063
2026-04-30,0.026241034,-0.19219354,-0.5339745,-0.573965,-0.22621927,0.17515904,-0.043203846,-0.2932792
2026-05-06,0.050100327,-0.19257876,-0.5874412,-0.643574,-0.25873676,0.17038031,-0.046143487,-0.33820334
2026-05-07,0.026163705,-0.18950568,-0.5475729,-0.5798424,-0.21173352,0.17780623,-0.008696251,-0.3105057
2026-05-08,0.027332775,-0.19326612,-0.53896475,-0.57931316,-0.22655135,0.17622371,-0.04185321,-0.29751116
2026-05-11,0.043660186,-0.193562,-0.6164312,-0.6605877,-0.244162,0.18504134,0.004773654,-0.36047104
2026-05-12,0.032711975,-0.18959582,-0.5277,-0.57080436,-0.23005596,0.16737874,-0.053944834,-0.28846416
2026-05-13,0.031302586,-0.19821009,-0.62413454,-0.6606388,-0.23374367,0.19987965,0.026284263,-0.36385113
2026-05-14,0.0010148361,-0.18684909,-0.44541484,-0.46448576,-0.17931636,0.16827303,-0.05299904,-0.2259618
2026-05-15,0.046704,-0.17479561,-0.47367173,-0.5226337,-0.22281834,0.1329214,-0.08754041,-0.2618295
2026-05-18,0.040852293,-0.19202036,-0.53420585,-0.5888167,-0.2503314,0.16296634,-0.08189941,-0.29228744
2026-05-19,0.011801213,-0.18986264,-0.5379557,-0.5579251,-0.19152445,0.18774864,0.016526714,-0.30076125
2026-05-20,0.036455713,-0.19428986,-0.5760036,-0.62135583,-0.23955193,0.17913374,-0.028324313,-0.32895792
2026-05-21,0.062211066,-0.18992051,-0.51703244,-0.59383297,-0.27938762,0.13856824,-0.14914843,-0.2834372
2026-05-22,0.026986778,-0.19433646,-0.58089936,-0.6145476,-0.21928364,0.18868776,0.007956609,-0.33424038
2026-05-25,0.04162707,-0.19162093,-0.5999912,-0.6435071,-0.24426353,0.18169406,-0.0059359744,-0.34495893
2026-05-26,0.039372183,-0.1953466,-0.59138805,-0.6391953,-0.25063032,0.18249032,-0.027229104,-0.33494043
2026-05-27,0.036234617,-0.19105402,-0.5173977,-0.5696728,-0.24976906,0.16220936,-0.092106976,-0.27407646
2026-05-28,0.0074836463,-0.1934038,-0.5482972,-0.56483495,-0.18578374,0.19580725,0.030172132,-0.3079654
2026-05-29,0.0456528,-0.186724,-0.5308277,-0.5820004,-0.23191017,0.15526861,-0.0615787,-0.30471182
2026-06-01,0.028355278,-0.19011167,-0.49112096,-0.5364893,-0.23092613,0.15963343,-0.09272129,-0.25889716
2026-06-02,0.044436567,-0.19462898,-0.64097494,-0.68087447,-0.22979096,0.1915134,0.04115674,-0.39064133
2026-06-03,0.0724989,-0.18806794,-0.6041846,-0.67389303,-0.27447343,0.15443598,-0.057273205,-0.3609937
2026-06-04,0.043381073,-0.19439328,-0.56659126,-0.62186134,-0.25613254,0.17126611,-0.06110147,-0.31701487
2026-06-05,0.064095855,-0.18476936,-0.5082984,-0.5822161,-0.27299362,0.13225502,-0.14193138,-0.2797521
2026-06-08,0.03876687,-0.18381222,-0.49237153,-0.5425466,-0.24551931,0.15032676,-0.100907385,-0.25509945
2026-06-09,0.018336132,-0.1960991,-0.5961697,-0.6208662,-0.20917729,0.20114648,0.039339,-0.34447116
2026-06-10,0.027830362,-0.19163641,-0.53045464,-0.5729756,-0.23369181,0.17292503,-0.054416955,-0.2867931
2026-06-11,0.02653391,-0.19170192,-0.51022434,-0.5539919,-0.22644585,0.16750474,-0.06792669,-0.27618468
2026-06-12,0.049723707,-0.18641032,-0.5646738,-0.61417097,-0.2384879,0.16161366,-0.0354324,-0.32819265
2026-06-15,0.034471445,-0.19798294,-0.60011834,-0.64447373,-0.24380091,0.18997514,-0.01138214,-0.34236488
2026-06-16,0.038035072,-0.1878053,-0.54143363,-0.58615625,-0.2355457,0.16573733,-0.048170544,-0.3019605
2026-06-17,0.03826578,-0.19649704,-0.59602153,-0.6427696,-0.2466099,0.18541962,-0.018582914,-0.33900303
