date,gap_pct,intraday_return,day_range,am_return,pm_return,close_location,max_drawdown_intra,max_rally_intra,path_efficiency,first_30min_return,last_30min_return,high_time_idx,low_time_idx,am_pm_corr,volume_ratio_am_pm,volume_spike_open,volume_trend,volume_skew,realized_vol,range_vol_ratio,prev_day_vol,vol_of_vol
2020-11-16,0.08130646282140375,-0.05848329048843186,0.1174426685198056,-0.06233933161953726,0.004112405757368064,0.0828402366373739,-0.0075136612021857235,0.008258774947814268,1.5423728787417361,-0.059125964010282826,0.0034246575342466545,0,13,,2.186427390185175,8.030099986512946,-0.5100337008953929,4.8959390718352935,0.06219151925983106,2.717412305401174,,0.026056975763303843
2020-11-17,-0.003412969283276529,-0.016438356164383577,0.02047781569965872,-0.017123287671232817,0.0006968641114981811,0.19999999933333332,-0.009002770083102424,0.003494060097589439,0.5217391293005696,-0.015068493150684793,0.0020935101186321642,48,84,,1.7512552992621326,5.198411471438915,-0.5180066668124191,3.6023705829935104,0.013001532682286772,2.3074202482396453,1.465,0.0046070403115121795
2020-11-18,-0.0006963788300834888,-0.007665505226480765,0.016016713091922097,-0.0034843205574913694,-0.004891684136967082,0.08695652136106784,-0.014542936288088578,0.0041724617521436275,0.21999999955999583,0.0034843205574912146,0.0007027406886859535,99,134,,1.585322075957831,1.9077731642257718,-0.5726362689235366,1.0023495941701432,0.007133007672135679,3.224446227276961,1.436,0.001996745649223703
2020-11-19,1.559302000878029e-16,0.009831460674157312,0.019662921348314624,0.004915730337078578,0.004189944134078371,0.9285714252551099,-0.002791346824842989,0.01768033946126724,0.22222222186948973,0.002106741573033476,0.0006958942240781726,191,145,,1.37450187687873,3.2319360371922685,-0.43801453120471623,1.8751700290130517,0.009998365396325811,2.8004577358458675,1.4240000000000002,0.00503410051106056
2020-11-20,-0.0013908205841446466,-0.0006963788300834888,0.009040333796940126,-0.002089136490250621,0.0013956734124214946,0.30769230532544645,-0.006930006930006936,0.002779708130453115,0.028571428489791568,0.0013927576601672868,0.0013956734124214946,194,222,,1.5858078228397852,2.9214046178307322,-0.4602300623338924,1.5191412888239912,0.006815124326897244,1.9075220327148856,1.4380000000000002,0.0029412491223660994
2020-11-23,-0.0006968641114981811,-0.008368200836820244,0.012543554006968806,-0.01115760111576012,0.0028208744710858822,0.33333333148147737,-0.004919184820801207,0.007062146892156635,0.3333333324074177,-0.00976290097629026,0.0007037297677690991,240,259,,1.3869149107759946,3.4154876662068907,-0.4844595981031772,2.1610107148890076,0.00989722916286229,1.8186908196157738,1.435,0.0035485374729114284
2020-11-24,-0.002109704641350135,-0.002114164904862659,0.00703234880450071,0.0014094432699083873,-0.004219409282700426,0.19999999799997784,-0.005617977528090048,0.006360424027819135,0.06818181802686134,-0.002114164904862659,-0.0007057163020464997,302,288,,1.3436848349351351,2.874683452992174,-0.460546091998242,1.0546516304413265,0.006416663518151759,1.558442298846949,1.422,0.002612542557477551
2020-11-25,0.000706214689265459,-0.016937191249117717,0.020480225988700505,-0.010585744530698592,-0.005710206995003574,0.06896551700356744,-0.016254416961130835,0.002857142856938937,0.5217391293005447,-0.006351446718418967,-0.0007173601147776985,336,379,,1.2959185930638268,3.105153058138817,-0.4329232109842093,1.4535105141340001,0.006387014473219398,4.540462475472694,1.416,0.0025572335144240753
2020-11-26,-0.0014357501794687738,-0.0007189072609634162,0.012203876525484497,-0.0014378145219266728,0.0007199424046075521,0.3529411743944529,-0.011420413990007148,0.00505415162418374,0.018181818148762092,0.003594536304816602,0.0,386,402,,1.6194530361175064,2.5623931364542205,-0.5061755387987446,1.1712123302795214,0.008530426444150058,1.9928663487124285,1.393,0.003326887294742494
2020-11-27,-0.001438848920863151,0.0028818443804033006,0.010791366906474751,0.0,0.003604902667628058,0.46666666355555164,-0.010714285714285645,0.009372746935157066,0.07407407393689575,0.004322766570605191,0.0021598272138228162,446,456,,1.1811580624263565,2.0830905711639445,-0.25014698586171547,0.48954579792581887,0.007443537371018969,2.0151708859398685,1.39,0.003327779248333836
2020-11-30,0.0035919540229884294,-0.004294917680744298,0.011494252873563229,0.0,-0.004294917680744298,0.37499999765625,-0.006428571428571356,0.007194244603798982,0.10169491508187022,-0.003579098067286968,-0.0014357501794687738,501,481,,1.4640554519119227,3.9697210875666595,-0.30775859936346966,2.560571097496548,0.009565918647961882,1.6726046312497669,1.392,0.003766591894013596
2020-12-01,-0.0021567217828899294,0.015129682997118088,0.01797268152408349,0.010086455331411951,0.004276550249465435,0.9199999963200003,-0.002863278453829479,0.012203876524608411,0.39622641434671646,0.006484149855907546,-0.0007092198581559502,572,528,,1.421578322297084,3.457667122033585,-0.44471261196526446,1.9791915335356094,0.008219170235014344,3.0416695336630353,1.391,0.003637756815540143
2020-12-02,0.001419446415897801,0.002126151665485552,0.008516678495386648,0.005669737774627928,-0.00352360817477089,0.49999999583334265,-0.005641748942172235,0.0063829787229516466,0.06976744169821837,0.0,-0.001412429378530918,577,587,,2.263445426120389,3.8444565530958252,-0.6559212971541342,2.249845315353834,0.00770081126915323,1.5582773586777638,1.409,0.0028834433667246635
2020-12-03,-0.0014144271570014158,0.0035410764872520492,0.012729844413012585,0.006373937677053909,-0.0028149190710768652,0.7222222182098669,-0.0063649222065064485,0.011387900355061369,0.0980392154940358,-0.0042492917847025535,-0.0007052186177717446,645,631,,1.9550762894883242,2.204957200506815,-0.6729213385176905,1.1886509724319765,0.00805912045954924,2.2334943207508693,1.414,0.0030335756654340127
2020-12-04,-0.0014114326040931557,-0.002826855123674914,0.006351446718419279,-0.002826855123674914,0.0,0.5555555493827217,-0.0049539985845719154,0.005689900426338008,0.11111111080246433,-0.003533568904593721,0.001419446415897801,672,680,,1.3141279480448118,2.549269251215895,-0.39067146428736654,0.9575043635257525,0.0057592157673275746,1.5627127385618127,1.4169999999999998,0.0015099971860663244
2020-12-07,0.002834868887313964,-0.002120141342756264,0.007795889440113323,0.0014134275618373,-0.004231311706629215,0.09090909008263547,-0.007037297677691772,0.004240282685212705,0.05172413784185784,0.003533568904593564,-0.002120141342756264,720,766,,1.7798815807208077,4.545054908701533,-0.4375972969306346,2.6397686647515806,0.007678361184189635,1.4325973463439114,1.411,0.0025660625402789796
2020-12-08,0.0007082152974505042,-0.0035385704175512336,0.006373937677053909,-0.0035385704175512336,-0.0007097232079488218,0.3333333296296379,-0.0042492917847025535,0.004267425319753388,0.12820512787639024,-0.0035385704175512336,-0.0007097232079488218,769,776,,1.6457903477309161,2.4922527860558072,-0.5099385990315599,1.2635067036640342,0.005491779741281648,1.6388129641227094,1.412,0.0016553869436925516
2020-12-09,1.5770213417970976e-16,-0.01988636363636381,0.024147727272727453,-0.009232954545454631,-0.0107526881720431,0.08823529385813418,-0.02200141944641584,0.0028880866423907545,0.47457627038206807,-0.004261363636363797,-0.006479481641468768,816,862,,0.6815846147372593,0.8325837451736946,0.436617009683133,1.3923076951828932,0.00695041251017637,4.891795912982134,1.408,0.0022263509197234166
2020-12-10,-0.001449275362318681,0.0036284470246733622,0.013043478260869578,0.0058055152394773475,-0.0021645021645020864,0.666666662962963,-0.00719942404607632,0.012390670553032843,0.07142857132652972,0.0014513788098692159,-0.0007225433526012369,888,864,,1.385903216430278,4.915051273387085,-0.3884536268133478,2.8387846871509175,0.01021080069979185,1.7628392084944946,1.38,0.0035027578084034132
2020-12-11,-0.0007230657989877887,0.010130246020260502,0.011569052783803175,0.005065123010130331,0.005039596832253344,0.937499994140631,-0.007885304659498136,0.010861694423543615,0.2153846150532541,0.006512301013024689,0.007215007215007222,959,912,,1.8126071356707885,1.6741425295202843,-0.4686995053640798,1.1127609259533413,0.009134867997180812,1.7515304906195293,1.383,0.0027724659605614125
2020-12-14,0.0014326647564471518,0.010729613733905508,0.018624641833810747,0.010729613733905508,0.0,0.8461538428994155,-0.004946996466431021,0.016522988504560226,0.22058823496972013,-0.001430615164520904,0.002127659574468166,979,961,,2.7639571407407333,1.7032876792792049,-0.622860317095043,1.0352881504544738,0.01039327688650015,2.5016171544134984,1.396,0.004105276669892261
2020-12-15,-0.0021231422505308658,-0.0028368794326241163,0.012738853503184882,-0.006382978723404183,0.0035688793718771546,0.33333333148147737,-0.010593220338982983,0.006423982868920413,0.05882352932526125,-0.0014184397163119005,-0.0014204545454547042,1015,1029,,1.4076018767841048,1.5146852179236927,-0.14213173935755144,1.1781794431624228,0.009067899359414832,1.9850242143246934,1.413,0.003810356201979557
2020-12-16,-0.004267425320056903,-0.008571428571428421,0.012091038406827813,-0.007857142857142785,-0.001438848920863151,0.2352941162629773,-0.0064516129032258914,0.0043290043286919955,0.19354838678459302,-0.00714285714285715,-0.0021567217828899294,1056,1066,,1.7254599482526694,5.479602342885793,-0.46836001056358806,3.918056822872352,0.009291874022685612,1.82955556387654,1.406,0.002743179719521663
2020-12-17,-0.0014409221902017305,0.014430014430014444,0.01657060518731982,0.003607503607503691,0.010057471264367826,0.9999999956521739,-0.006460875807609402,0.015895953756076733,0.3030303025711693,0.0014430014430016045,0.0014245014245012676,1135,1115,,0.8662464364566337,1.1394356603829812,-0.029361062022913356,1.2858379838946303,0.01011008844724764,2.2749553470786767,1.388,0.0025738500366463296
2020-12-18,0.009957325746799441,-0.011971830985915427,0.014224751066856344,-0.007042253521126767,-0.004964539007092124,0.14999999925000554,-0.00920028308563349,0.004264392323790895,0.28333333286111556,-0.007746478873239366,0.0,1152,1195,,1.4480480039048267,4.913582109474293,-0.3724362747369766,3.6831196528978003,0.010472781168272558,1.9097123760801067,1.406,0.0038215572875465826
2020-12-21,-0.0014255167498218116,0.020699500356887876,0.023521026372059814,0.01713062098501072,0.002805049088359049,0.9696969667584905,-0.00350140056022417,0.018518518517199392,0.5178571419324001,0.012134189864382673,0.0014005602240894815,1207,1200,,1.3361059203476966,0.9411675857427132,-0.3059230030606889,2.7358721243610673,0.010834630580582963,3.0457890972823023,1.403,0.005944078229480563
2020-12-22,-0.007692307692307622,-0.011275546159267099,0.02307692307692302,0.004933051444679278,-0.016129032258064453,0.12121212084481216,-0.020293911826452158,0.006351446717971048,0.19512195098155966,0.0007047216349541155,-0.0028429282160623895,1250,1293,,0.7319164723266025,2.258199690877734,0.07467605914653022,0.6438919386738702,0.011938121293706286,2.764254015493371,1.43,0.005249781721627799
2020-12-23,0.0,0.009978617248752522,0.015680684248040085,0.003563791874554608,0.006392045454545223,0.9090909049586685,-0.005637773079633549,0.014295925660164707,0.17721518964909314,-0.002851033499643623,0.0014134275618373,1324,1301,,0.9284354082467491,1.9423648960376247,-0.13355534096533722,2.570881342932605,0.01015085844779061,2.167304361145754,1.403,0.00394882023376094
2020-12-24,-0.0007057163020466562,-0.01624293785310728,0.024700070571630303,-0.008474576271186291,-0.00783475783475792,0.08571428546939065,-0.02317415730337088,0.0028632784536248377,0.31506849271907844,-0.004237288135593225,-0.004288777698355973,1345,1390,,0.8725094279938658,1.6324488670912378,0.08342498872658512,0.9972970730551881,0.00988530856806762,3.540607701311359,1.4169999999999998,0.0034484191726996986
2020-12-25,0.0014357501794687738,-0.0007168458781361218,0.012203876525484497,0.0028673835125448055,-0.003573981415296564,0.6470588197231941,-0.007874015748031425,0.010101010100281322,0.016393442596074594,-0.0035842293906810864,-0.0007168458781361218,1408,1399,,1.1944261717989504,2.8828340527550504,-0.28786213396699467,1.4833270707724617,0.008452492184919537,2.011241114094875,1.393,0.0026874978309733006
2020-12-28,-0.005021520803443413,-0.005046863734679089,0.010043041606886826,-0.0021629416005765466,-0.002890173410404787,0.21428571275510658,-0.007204610951008651,0.005797101448855449,0.12727272704132056,-0.002883922134102222,0.0,1455,1480,,1.0961332600910547,3.2999118001437706,-0.24904098900327495,1.2443695282456697,0.007369317358520759,1.8997688834551105,1.394,0.002550858825516354
2020-12-29,0.0,0.0007246376811595014,0.010144927536231894,0.0021739130434783433,-0.00216763005780355,0.1428571418367347,-0.008620689655172422,0.007241129615695797,0.015873015847822344,0.0028985507246378447,0.0007246376811595014,1490,1488,,1.1182261068987054,1.7748547988120256,-0.12571207425865008,0.9542288922281043,0.010979992226718216,1.2750464283962246,1.38,0.005794038769764813
2020-12-30,0.0,0.0159304851556843,0.02172338884866041,0.00796524257784207,0.0079022988505748,0.8666666637777851,-0.003591954022988589,0.020304568526446225,0.35483870910509757,0.0007241129616219333,-0.001423487544483987,1567,1536,,0.6733769489915895,1.6530428506791204,0.01218296382486329,0.84124030063175,0.009136205324208392,3.283638951517925,1.381,0.0037537679342815483
2020-12-31,0.003563791874554608,0.018465909090909106,0.02066999287241635,0.008522727272727121,0.00985915492957763,0.9655172380499445,-0.005610098176717942,0.014861995752663787,0.37681159365678696,0.007812499999999927,0.0006978367062108248,1627,1584,,1.1263948925322378,1.9882949879073157,-0.09284127146482872,1.5284236825492306,0.010002011732708127,2.899416685867702,1.403,0.003924793557803257
2021-01-04,0.0013947001394700152,0.01949860724233985,0.027196652719665374,0.020194986072423496,-0.0006825938566553664,0.8974358951347743,-0.004095563139931744,0.02375960866360871,0.35443037929819093,0.006267409470752172,0.0006835269993163977,1656,1633,,1.9775149620681751,2.510324013584407,-0.7455964865296553,0.8806539358707933,0.012039816437496008,3.2392520167181225,1.4340000000000002,0.004356525207695597
2021-01-05,-0.0027322404371584725,0.005479452054794678,0.011612021857923583,-0.0013698630136984792,0.006858710562414271,0.94117646505191,-0.010899182561308061,0.011019283745797732,0.08510638288818587,0.0034246575342466545,0.0006816632583506026,1689,1680,,1.5348762239131994,2.7258286437399217,-0.5067350921009276,1.744281140619126,0.012497371239870478,1.3602860583781224,1.464,0.005612536474319793
2021-01-06,-0.0006811989100818201,-0.006134969325153153,0.01702997275204369,-0.009543285616905107,0.003441156228492853,0.31999999872000745,-0.014276002719238552,0.006872852233204621,0.09677419344432421,-0.005453306066802853,0.0027510316368639792,1728,1752,,1.9031109415913767,4.9339829559786486,-0.5794582473991845,3.0065485549156783,0.012790248069007503,1.9546141458442148,1.4680000000000002,0.006005025655159365
2021-01-07,-0.0006858710562415034,-0.019217570350034185,0.02949245541838145,-0.015099519560741112,-0.0041811846689895505,0.32558139459167035,-0.027491408934707928,0.009893992932162978,0.318181817820243,-0.009608785175017016,0.004922644163150575,1776,1814,,0.8554638013932592,0.9473300901770643,-0.014418887308217696,1.110849895672445,0.011189915420578072,3.842745722335781,1.4580000000000002,0.0020348224229338463
2021-01-08,-0.002799160251924425,-0.0014035087719298258,0.012596221133660069,-0.0077192982456139635,0.0063649222065062915,0.7222222182098738,-0.010504201680672355,0.01204819277023055,0.01785714284119898,-0.006315789473684294,0.000703234880450149,1836,1825,,2.4093404334573933,2.424468945669457,-0.651354434340412,1.841140710665311,0.014392508980459465,1.250650591872033,1.429,0.005837220089000462
2021-01-11,-0.0007027406886859535,0.010548523206750987,0.02037947997189031,0.010548523206750987,0.0,0.5517241360285319,-0.01795580110497254,0.013296011195710654,0.12931034471611058,0.01336146272855127,0.0027913468248428343,1884,1872,,2.052235252186894,3.299214420913767,-0.671825777389696,2.0277352328297993,0.015243823456814859,1.902409844348747,1.423,0.004624118947354944
2021-01-12,-0.005567153792623526,0.014695591322603153,0.021572720946416084,0.00839748075577312,0.005547850208044388,0.9677419323621262,-0.004140786749482405,0.016830294528974048,0.2799999996266681,0.004198740377886637,0.004155124653739616,1967,1921,,1.0114212393275703,2.1994579296832444,-0.09512347006951037,1.5288756951309115,0.010468645070118689,2.961223682361989,1.4369999999999998,0.004716835652781133
2021-01-13,0.0013793103448275874,0.0013774104683195606,0.017931034482758484,-0.002754820936638968,0.004143646408839629,0.7692307662721873,-0.015099519560741112,0.013240418117544155,0.02061855667977466,-0.0006887052341598567,0.006228373702422073,1969,2002,,1.474251414492594,3.925569738569592,-0.4090018054232951,2.4005327087315314,0.012483580784150673,2.082735734344443,1.45,0.004202136004086089
2021-01-14,-0.0027510316368638266,0.03310344827586225,0.05502063273727653,0.04275862068965506,-0.009914077990746796,0.6749999991562529,-0.020354563361786038,0.053979238750589714,0.25668449184134867,0.0006896551724137172,0.002677376171352226,2041,2022,,1.378481542671449,0.9926073552216711,-0.27264224707391627,1.6297165821639343,0.021483117223394514,3.7238543548278398,1.454,0.005682594120429877
2021-01-15,0.0013351134846461962,-0.005333333333333338,0.02403204272363138,-0.006666666666666672,0.001342281879194632,0.44444444320987925,-0.021206096752816598,0.014218009477710597,0.05714285710204,-0.002666666666666669,-0.002006688963210778,2072,2089,,1.7374374475528158,5.879017679528518,-0.53192736621358,3.864267825838351,0.018197758934025556,1.978265561857821,1.4980000000000002,0.005192929111958355
2021-01-18,-0.004021447721179628,0.02691790040376853,0.04222520107238617,0.028263795423956958,-0.0013089005235602106,0.7301587289997469,-0.012329656067488728,0.040513166776467754,0.33613445349904575,0.012786002691789977,-0.0019620667102682233,2139,2112,,1.7018823990194105,2.6767250968145158,-0.6972527696302362,1.3695805541314907,0.016427157892345272,3.8351125635582797,1.492,0.005783020434025555
2021-01-19,-0.0013106159895150732,-0.020997375328084007,0.031454783748361755,-0.009842519685039306,-0.011265738899933814,0.12499999973958333,-0.026160889470242008,0.00531208499300717,0.34408602113539594,-0.005249343832021002,-0.0026737967914438527,2160,2203,,0.9859457394898132,2.894495930139473,0.008604483250453574,1.5379415341843752,0.011485251930463793,4.179272677054326,1.526,0.0027001070939270196
2021-01-20,-0.0013404825737265427,0.022818791946308745,0.025469168900804313,0.010067114093959667,0.011952191235059771,0.9736842079639918,-0.01051939513477976,0.02076356329398765,0.2905982903499196,0.011409395973154298,0.0,2250,2208,,1.447655877131619,2.375178717890843,-0.32000339888430707,0.5833603473341558,0.014315605146597412,2.6544459242498335,1.492,0.003810607114376318
2021-01-21,0.003280839895013199,-0.0019620667102682233,0.017716535433071102,0.005232177894048257,-0.00780234070221067,0.5185185165980813,-0.007156798959010995,0.01519154557363326,0.03409090905217112,-0.006540222367560502,-0.0026143790849673227,2280,2263,,1.3099214900328253,3.670257917082853,-0.36624665898555886,2.76697153717945,0.01122389095343427,2.4055828652879643,1.524,0.00300410629770708
2021-01-22,-0.0013106159895150732,0.007874015748031503,0.022935779816513853,-0.0072178477690288045,0.015201586252478458,0.9999999971428571,-0.01442622950819659,0.021956087822890425,0.1212121210896835,-0.007874015748031649,0.005893909626719135,2351,2321,,1.565165473087917,2.8319375957337707,-0.3934349356427254,1.0455331673322226,0.011982103230850855,2.921023048589815,1.526,0.002904834211116906
2021-01-25,-0.006510416666666672,0.01048492791612044,0.02799479166666662,0.015072083879423414,-0.0045190445448678755,0.6511627891833388,-0.010932475884244312,0.025725593665849183,0.14035087706986762,-0.0019659239842725372,0.002600780234070079,2378,2352,,1.5962981019585702,3.1069082957999394,-0.6417329041966776,1.8821131504741233,0.014068312921027525,3.056514305285147,1.536,0.0035905595127948193
2021-01-26,-0.0019455252918287235,-0.009746588693957194,0.026588845654993466,-0.009746588693957194,-0.0006557377049179606,0.19512195074360553,-0.02506426735218518,0.009733939000017346,0.10948905101497061,0.007797270955165554,-0.0013106159895150732,2405,2418,,2.063602613838078,2.396926063821246,-0.6846896735790868,0.9545877084743734,0.01589214960236516,2.579890119830552,1.5419999999999998,0.0054080990864333826
2021-01-27,0.0006561679790025523,-0.01442622950819659,0.029527559055118065,-0.0157377049180328,0.002000000000000076,0.3999999991111121,-0.02172481895984209,0.014804845221076402,0.1999999998181794,-0.013770491803278629,0.002000000000000076,2448,2457,,2.654924354623142,2.141242162763682,-0.6078378638485292,1.827413073298395,0.016762268699805558,2.6846007862922425,1.524,0.009987273345162802
2021-01-28,-0.011310711909514241,-0.01144010767160155,0.029274783765801757,0.0006729475100941385,-0.012104909213180763,0.15909090872934137,-0.027242524916943473,0.010067114093284021,0.1452991451749594,0.009421265141318986,-0.004742547425474183,2499,2542,,0.9205096772313287,3.271713456377137,0.0885551306865851,1.695387121425574,0.01442131947880589,3.051038412924715,1.503,0.0039043248387743523
2021-01-29,0.004084411164057185,-0.005423728813559477,0.02654867256637163,0.004067796610169344,-0.009453072248480765,0.5641025626561431,-0.02562373567093731,0.018543956042682514,0.06106870224346075,-0.006101694915254318,0.015224913494809547,2564,2585,,1.0260017804793926,3.0587395000724333,-0.13013844540998043,1.5960123693772248,0.017017501764463906,2.2917582328249986,1.469,0.006295180135794867
2021-02-01,0.0020449897750510508,-0.0020408163265306896,0.017041581458759312,-0.006122448979591918,0.0041067761806981564,0.43999999823999747,-0.01554054054054063,0.008861622357950894,0.03260869561673089,0.001360544217687076,0.004794520547945134,2599,2611,,1.2826938900336204,2.6730326122542856,-0.30897644479432107,1.5142201473283876,0.012548085380817873,1.992335805985475,1.467,0.005881262637588029
2021-02-02,-0.002044989775051202,0.009562841530054805,0.014314928425357809,0.0047814207650272505,0.004758667573079769,0.95238094784581,-0.006097560975609837,0.013013698629245726,0.1891891889335283,0.004098360655737709,0.0027137042062416726,2685,2642,,1.304148135067421,2.390877995184975,-0.4100159674058502,1.245934756433383,0.010205556398787743,2.0577025860857634,1.467,0.00382841062547869
2021-02-03,-0.0020297699594045275,-0.012881355932203476,0.020974289580514303,-0.0006779661016949911,-0.012211668928086849,0.06451612882414129,-0.018880647336480122,0.008185538880751487,0.19999999978947275,-0.0013559322033898317,-0.005464480874316945,2690,2734,,1.076556596600668,2.457748689264816,-0.18022929709165125,0.9604073641848252,0.011649529495400691,2.661051654157704,1.4780000000000002,0.003137010969761763
2021-02-04,-0.0061813186813187634,-0.008293020041464955,0.029532967032967136,-0.022114720110573468,0.01413427561837457,0.5813953474851281,-0.024187975120939825,0.019830028327207525,0.09999999991666556,-0.008293020041464955,-0.0027797081306462847,2739,2762,,2.044975331619351,2.7204917965452453,-0.6513743518955323,1.2673755369707052,0.016435882368454793,2.616227031467861,1.456,0.005277012512822037
2021-02-05,-0.0006968641114981811,-0.01394700139470015,0.023693379790940633,-0.002789400278940185,-0.010496850944716517,0.02941176461938062,-0.021453287197231774,0.005567153792236266,0.2105263155678668,0.0041841004184098906,-0.004926108374384163,2798,2831,,0.9246395493703182,2.0436899721189894,0.07928088653456468,0.5114021807968177,0.012272756438623333,2.7703637640817798,1.435,0.004565826010551065
2021-02-08,-0.0007072135785006294,0.008492569002123149,0.018387553041018405,0.012738853503184724,-0.004192872117400423,0.6153846130177515,-0.008368200836820244,0.01630049610090013,0.14999999981250042,0.006369426751592283,0.0,2853,2832,,1.6909334682600023,3.9569576428413304,-0.4243666180500204,2.2061302831228766,0.0117618103741394,2.2105440363255315,1.414,0.003992012572447362
2021-02-09,0.0007017543859648349,0.03225806451612906,0.03649122807017532,0.016830294530154295,0.015172413793103462,0.9230769213017748,-0.004115226337448715,0.03081232492781413,0.5609756090719841,0.0070126227208976225,0.008910212474297395,2926,2880,,0.931377664328683,1.7629982627172331,0.06437895085804393,1.6318593831844246,0.009819327520451183,5.295678279610199,1.425,0.0021204995287350484
2021-02-10,-0.0013586956521739143,0.005442176870748455,0.021059782608695746,0.002721088435374152,0.0020338983050848226,0.8709677391259181,-0.006151742993848338,0.019257221456722356,0.0987654319768346,-0.007482993197278843,-0.0006761325219742325,2972,2931,,0.9991043313181069,1.938347131400644,-0.1384163994507893,1.0451769234656085,0.011211811052981809,2.7649413263400904,1.472,0.0029627656651859103
2021-02-18,0.012178619756427617,-0.013368983957219263,0.022327469553450555,-0.012700534759358374,0.0006779661016948406,0.12121212084481216,-0.014715719063545163,0.011533242875743949,0.19047619029478438,-0.004010695187165779,0.0,2976,2987,,2.4030553863940898,5.9211540743423035,-0.6055242283038617,3.33087955458674,0.014827340569749783,2.2256182504341693,1.4780000000000002,0.006650011174096383
2021-02-19,-0.0020325203252031785,-0.0006788866259335451,0.017615176151761683,-0.012898845892735999,0.01237964236588722,0.9615384578402327,-0.015635622025832557,0.016574585634214323,0.009999999990001089,-0.010862186014935665,0.002042205582028517,3024,3041,,1.8871001516092856,1.6535808294265693,-0.6395658183041237,1.3732750148599084,0.013879196392434144,1.873307292261005,1.476,0.005067864373331214
2021-02-22,0.0,-0.026494565217391252,0.03260869565217394,-0.008152173913043485,-0.019164955509924576,0.04166666657986111,-0.03044654939106911,0.010943912447952014,0.3482142854033791,-0.0020380434782607958,-0.004169562195969426,3079,3119,,0.6990678574599246,1.751731136735964,0.4216790492157514,0.6318777328322257,0.014144126697863394,3.393634735178626,1.472,0.0037976220715252042
2021-02-23,-0.006978367062107473,0.007027406886858755,0.017445917655268605,0.006324666198172802,0.0,0.5599999977600024,-0.009708737864077525,0.014778325122112648,0.12658227832078317,0.009838369641602101,0.0,3149,3120,,1.4991659560864559,5.396940258093345,-0.42766196109544613,3.123457683812682,0.011330287546516264,2.206475314656878,1.433,0.005865688775022281
2021-02-24,0.0013956734124214946,-0.01811846689895472,0.027215631542219065,-0.011846689895470316,-0.007047216349541937,0.20512820460223594,-0.022964509394571817,0.005629838141757229,0.302325581043809,-0.0013937282229965168,0.0021337126600285304,3168,3206,,0.8687206577231541,1.3199249371631234,0.17672988284812263,1.4061591049528754,0.012423073502463263,3.13931972457017,1.433,0.004085066330099126
2021-02-25,0.002838892831795602,-0.01415428167020525,0.017033356990773612,-0.006369426751592283,-0.0071275837491090585,0.04166666649306018,-0.012056737588652415,0.006437768239882616,0.338983050272912,-0.007077140835102625,-0.002863278453829479,3216,3262,,1.1406877079523192,2.2480398543743414,-0.15714640793523518,1.2194173670327777,0.00872320617385099,2.7512819537402575,1.409,0.0031417475134705537
2021-02-26,-0.012203876525484656,-0.005813953488371938,0.014357501794687737,-0.004360465116278913,-0.0014598540145985414,0.0999999995000111,-0.0108538350217076,0.008759124086951734,0.14285714260203855,0.001453488372093186,-0.0014598540145985414,3276,3295,,1.2977287728072355,6.087774506875185,-0.29580729202829625,4.608194613937814,0.008589918827354558,2.3283106824570963,1.393,0.0026484678581347055
2021-03-01,0.005116959064327409,0.01818181818181812,0.01900584795321639,0.009454545454545544,0.007919366450683873,0.9615384578402324,-0.005039596832253504,0.01596516690740441,0.4237288128411349,0.007272727272727279,0.004304160688665555,3359,3312,,1.5308954205303904,4.352216630221672,-0.4324635494446616,2.5896423739520005,0.008157007332766161,3.187443460644616,1.368,0.0031577389331550734
2021-03-02,0.008571428571428579,-0.014164305949008513,0.020714285714285813,-0.009915014164305801,-0.00500357398141538,0.24137930951248038,-0.0170212765957447,0.007936507935935245,0.23809523781179076,-0.004957507082152901,-0.003579098067286968,3360,3396,,1.3092842183011035,5.179356835482895,-0.36839328634669816,3.5574727801690695,0.010974958796603837,2.642378916696817,1.4,0.0033946701804148
2021-03-03,-0.0007183908045976221,0.006470165348669947,0.015086206896551818,0.003594536304816602,0.0028653295128939858,0.9523809478458,-0.007896625987078335,0.01302460202510677,0.15254237262280967,-0.0007189072609634162,0.0028653295128939858,3455,3409,,1.3883749190775139,3.2319210095246134,-0.3581036785155784,1.394222781976051,0.01026120560525241,2.046543125945799,1.392,0.004932372315090063
2021-03-04,-0.006428571428571356,-0.01797268152408349,0.027857142857142806,-0.012221423436376638,-0.005822416302765814,0.051282051150553294,-0.022922636103151726,0.003654970759966826,0.3571428566326524,-0.0035945363048167614,-0.002919708029197245,3456,3501,,1.0323887101573384,2.0930803630171613,-0.016154678786795534,0.6555020702917616,0.009467822807170729,4.119215196818073,1.4,0.003421503856786022
2021-03-05,-0.007320644216691237,0.010324483775811383,0.019765739385065983,0.006637168141593009,0.002928257686676593,0.7037037010973949,-0.00655976676384816,0.018491124258987277,0.1590909089101265,0.0,-0.002184996358339485,3540,3504,,1.8804769811373294,7.176618395340178,-0.4054209662234753,4.640428256098123,0.012370249853195375,2.182655977216186,1.366,0.004031618999973821
2021-03-08,0.003649635036496272,-0.04290909090909103,0.045985401459854136,-0.0240000000000001,-0.019374068554396443,0.01587301584781882,-0.04221251819505114,0.00300075018732161,0.7662337652386512,-0.004363636363636367,-0.007541478129713432,3552,3596,,0.8775756372106539,1.2527548173807843,0.349567475735989,0.42783786596583384,0.00836340324440838,7.532818567470003,1.37,0.0023936166928133335
2021-03-09,-1.6872690343847362e-16,-0.0357142857142855,0.04103343465045596,-0.00911854103343449,-0.02684049079754595,0.07407407393690398,-0.02762854950115121,0.029202841355232545,0.27647058807266167,-0.03723404255319127,-0.00704225352112668,3600,3605,,1.960492691917983,3.129547849756059,-0.49276388709990604,1.480002955259891,0.02833414398942915,1.9058278178286765,1.3159999999999998,0.018805467499703406
2021-03-10,0.013396375098502859,-0.010886469673405919,0.023640661938534126,-0.0015552099533437027,-0.01011673151750965,0.16666666611110864,-0.01701469450889423,0.011801730919606571,0.13592232996512177,-0.0023328149300154677,-0.0023529411764705035,3648,3657,,2.1174387390418374,7.356977816153213,-0.4460397803038006,4.42967089508709,0.016793694084396318,1.786384798400937,1.269,0.005669343741440247
2021-03-11,0.004716981132075476,0.02034428794992177,0.036163522012578476,0.009389671361502356,0.006949806949807042,0.8260869547259019,-0.010687022900763368,0.03312302838855499,0.24999999975961915,0.0015649452269170592,0.004622496147919881,3722,3697,,1.0373931234787115,2.4313333194975835,-0.24243009033975615,4.860528348655254,0.0176617030625566,2.604505328654903,1.272,0.008805763474199996
2021-03-12,0.001533742331288345,-0.006125574272588061,0.013803680981595104,-0.0038284839203676225,-0.0023059185242120615,0.44444444197530864,-0.009202453987730239,0.006965944271906754,0.1111111109567891,-0.007656967840735075,0.0007710100231303871,3744,3756,,1.5707636209601057,3.53316385801431,-0.4361128995157962,1.862448421004397,0.009929517173139366,1.8127769462360828,1.304,0.002974718475858405
2021-03-15,-0.0046224961479200515,-0.02476780185758499,0.033127889060092564,-0.01702786377708963,-0.00865460267505893,0.23255813899405023,-0.023419203747072622,0.007194244603741563,0.39999999949999504,-0.013157894736842033,0.004784688995215315,3792,3832,,0.9002029826134895,2.5793839744261544,-0.019627011553258637,1.274156025128536,0.015264589597074761,2.8169771250543656,1.298,0.005852869856017316
2021-03-16,0.0015873015873015886,-0.0031695721077654544,0.015873015873015886,-0.005546751188589633,0.002390438247012043,0.49999999749999996,-0.013428120063191077,0.008807045635803997,0.05633802808966378,0.0015847860538827272,0.0015923566878980906,3840,3854,,1.7634021353293732,4.263521878448626,-0.5261148947527835,2.8443289240379768,0.011824266865313071,1.6914367764759342,1.26,0.003726805759819965
2021-03-17,-0.0015898251192368853,0.011942675159235592,0.019077901430842446,0.008757961783439587,0.003157063930544421,0.9166666628472214,-0.005516154452324757,0.017599999998592016,0.20547945177331337,0.009554140127388543,-0.0007861635220126666,3930,3888,,1.9500425048658458,2.5335900476502524,-0.5396965127197069,1.4646475343110685,0.01120851356384904,2.141229490347797,1.258,0.0047953141402638936
2021-03-18,0.0,0.004720692368214184,0.01180173092053511,0.007081038552321102,-0.0023437499999999153,0.3999999973333452,-0.008560311284046614,0.00626468284993995,0.09677419339230639,0.010228166797797108,0.0007836990595612162,3938,3936,,2.7538559237244447,4.949935985599364,-0.5941174040121585,2.879274770616454,0.010822845679070079,1.3859571046469217,1.271,0.0034472514130537615
2021-03-19,-0.013312451057165157,0.004761904761904766,0.016444792482380684,0.01031746031746024,-0.006279434850863428,0.4761904739229,-0.012529365700861578,0.008688783569613936,0.08823529398788871,0.00873015873015865,0.0,3996,3984,,1.207243239726238,5.615850909904438,-0.34579721086769866,4.345043550358973,0.011818208215223754,1.776919092968496,1.277,0.003533437919617686
2021-03-22,0.0015797788309636664,0.00946372239747635,0.015007898894154744,0.008675078864353408,0.0007818608287723923,0.894736837396133,-0.007806401249024208,0.011848341231291522,0.176470587975778,0.00946372239747635,0.0007818608287723923,4036,4032,,1.5835773839393767,2.83303983245735,-0.4957845425034254,1.7329247625773478,0.010458248808796767,1.8167477333627429,1.266,0.0033302052892894016
2021-03-23,0.000781249999999914,-0.006245120999219366,0.017968749999999756,-0.0031225604996095095,-0.003912363067292735,0.17391304272211006,-0.014728682170542734,0.005455962587259781,0.11594202881747254,0.004683840749414524,-0.0007849293563580157,4082,4121,,1.4228262823492495,4.414990242563953,-0.34482577624305194,2.7652769278565144,0.011079971295940832,2.0758176332861096,1.28,0.0034604138266768115
2021-03-24,-0.004713275726629838,-0.0071033938437254284,0.017282010997643378,-0.0023677979479085347,-0.004746835443037979,0.045454545247928836,-0.015649452269170593,0.004716981131704644,0.14999999975000242,0.003946329913180657,-0.002379064234734252,4129,4165,,0.8899328951794996,2.2357012330643182,-0.11443881718239933,0.9028928911783339,0.00986140724218435,2.2309188979437202,1.273,0.0034546648830643435
2021-03-25,-0.0039745627980923015,0.004788507581803853,0.013513513513513613,0.005586592178771044,-0.0007936507936507063,0.5294117615916986,-0.0063191153238546655,0.011182108625304953,0.09836065557645997,0.0015961691939345587,0.0007949125596185309,4206,4176,,1.6084554299540073,5.747915776949368,-0.4340889892273153,4.055468006706731,0.009618129356926358,1.7674954445282312,1.258,0.004368246303816463
2021-03-26,0.0023828435266085098,0.02456418383518236,0.02700555996822878,0.015055467511885821,0.009367681498829222,0.9705882324394496,-0.0038669760247487354,0.022134387350029098,0.4999999991935466,0.004754358161648182,0.0,4265,4224,,0.8113843727536378,2.3383169102298575,0.18553282118534087,0.6352650370875557,0.009024864569017996,3.7673695115585155,1.259,0.0033780125129702766
2021-03-29,-0.0007733952049498159,-0.004643962848297047,0.011600928074246036,0.0030959752321983174,-0.007716049382716056,0.13333333244444348,-0.010007698229407329,0.010894941633393574,0.08450704213449281,-0.003095975232197974,-0.003100775193798452,4286,4274,,2.24798618370915,5.376403669576979,-0.5248351323077826,2.9828899340651387,0.009526039345490305,1.5746313130270768,1.293,0.0025614925592196284
2021-03-30,-0.0015552099533437027,0.0015576323987538953,0.010886469673405919,0.003894080996884825,-0.0023273855702095527,0.3571428545918447,-0.00850077279752697,0.0070038910500387005,0.040816326447313714,0.0015576323987538953,0.0007782101167316046,4332,4322,,1.8006276456760917,2.2414950957475135,-0.5541319492035459,1.0344862439240659,0.010331020332110757,1.3551420299668924,1.286,0.0035032635269410654
2021-03-31,-0.0015552099533437027,0.0,0.012441679626749795,-0.0023364485981309294,0.0031250000000000028,0.6874999957031224,-0.009338521400778219,0.008641005498142985,0.0,-0.006230529595015581,0.004694835680751178,4369,4381,,1.3973313671211345,1.937880622681146,-0.41116826993176236,1.289872433318136,0.008476858108646953,1.8874917576985286,1.286,0.002727197721353268
2021-04-01,0.0015576323987538953,0.013219284603421559,0.015576323987538955,0.01244167962674945,0.0,0.8999999955000111,-0.003869969040247596,0.013209013207986967,0.24999999963236194,0.006998444790046576,0.0015372790161416018,4429,4416,,1.9653588000990945,2.2619019030582166,-0.5201444941915493,1.0846871447669038,0.010763407836462808,1.8581475419366706,1.284,0.0042098787064994685
2021-04-02,0.0023023791250960197,0.024502297090352242,0.02609363008442059,0.02143950995405821,0.00299850074962519,0.9411764678200691,-0.005974607916355495,0.016704631737531932,0.39506172790733285,0.016845329249617166,0.0007479431563202034,4511,4464,,2.3588220757124,3.455265625148228,-0.6846030230509648,1.6035661653519417,0.013172130758056263,2.5812072751467654,1.3030000000000002,0.004634991505879102
2021-04-06,0.004484304932735429,-0.0066964285714286595,0.013452914798206289,-0.009672619047619138,0.003005259203606314,0.3333333314814815,-0.007462686567164185,0.005263157894341037,0.15517241352556968,-0.010416666666666675,-0.0014958863126402406,4512,4518,,1.4557536679776761,6.385126191386553,-0.2650589125550977,3.1348708907843896,0.008393196792122734,2.144594036259718,1.338,0.0027654724074970983
2021-04-07,-0.001498127340823805,0.004501125281320167,0.014232209737827812,-0.0045011252813205,0.009042954031650348,0.9473684160664764,-0.006010518407212461,0.012093726378526393,0.11538461516271861,-0.007501875468867223,0.0022455089820360135,4607,4563,,1.7174949852975916,2.3665033123648085,-0.48990826097739876,2.227420451329207,0.00846480740450036,2.2445873683363358,1.335,0.002841922423667158
2021-04-08,-0.005227781926811141,-0.0015015015015013363,0.01194921583271099,0.003003003003003006,-0.004491017964071695,0.24999999843751386,-0.008961911874533242,0.008289374528388231,0.03448275856123319,-0.0015015015015013363,-0.00299850074962519,4611,4614,,1.619141853771173,2.9597689068737862,-0.48113954556033245,1.1337384717973036,0.008960262476226643,1.785661956207756,1.339,0.003148976617721939
2021-04-09,-0.0015037593984962418,-0.014307228915662579,0.020300751879699347,-0.009036144578313428,-0.0053191489361699654,0.11111111069959213,-0.017267267267267034,0.002284843868828016,0.3584905653613582,-0.0022590361445783986,-0.0015255530129670326,4656,4695,,1.5163577481573451,1.8383020706311721,-0.4180799896662247,0.9346409283214464,0.008202832342050268,3.291545961805796,1.33,0.0029167541229515267
2021-04-12,-0.0015278838808250588,-0.01912777352716154,0.029793735676088562,-0.009946442234123873,-0.008507347254447286,0.10256410230111228,-0.025875190258751925,0.007668711655853633,0.34722222173996214,0.0,-0.0015576323987540684,4707,4749,,1.2688234249406676,1.5751365573702432,-0.16204424500198986,0.7445832226928537,0.011544242994957188,3.3783072375733405,1.3090000000000002,0.004725068478291212
2021-04-13,-0.0023400936037440653,0.0007818608287723923,0.014040561622464738,0.008600469116497183,-0.0085205267234701,0.16666666574073663,-0.010061919504643715,0.01016419077324727,0.01851851848422329,0.004691164972634701,-0.0015600624024959282,4765,4797,,1.4353300637648303,2.959453792045386,-0.39398039743410473,1.8926901805169576,0.011306722917158146,1.5919731979535083,1.2819999999999998,0.006570410599261902
2021-04-14,0.0031250000000000028,0.004672897196261686,0.008593750000000268,0.0031152647975077907,0.001552795031055902,0.7272727206611552,-0.0069605568445476555,0.007794232267514096,0.10526315771006443,0.0054517133956385475,0.0,4802,4800,,1.2391822939958552,2.5290029484708993,-0.18979084032155444,2.025154783407523,0.009710928042584391,1.1327444543393448,1.28,0.004230876557474712
2021-04-15,-0.002325581395348925,0.010101010101010197,0.016279069767442134,0.001554001554001728,0.008533747090767957,0.8571428530612214,-0.0031080031080029384,0.014029618081525199,0.20967741901665563,-0.0007770007770006915,0.0007698229407235487,4882,4850,,0.8898554308762884,1.992378759973111,-0.048000246412998916,2.5509984251404476,0.008656664190224275,2.425876676737373,1.29,0.0029320043954620682
2021-04-16,0.0007692307692306844,0.010760953112990019,0.017692307692307622,0.002305918524212232,0.007662835249042153,0.9130434742911149,-0.006901840490797637,0.016216216214963927,0.22222222186948895,0.0015372790161416018,0.0,4931,4903,,0.9434761574065628,3.1289541131385685,-0.22284373819038492,1.8504344956437786,0.00935381859702335,2.458888796649347,1.3,0.004147423004982513
2021-04-19,-0.0007604562737641748,0.016742770167427548,0.022813688212927778,0.01598173515981728,0.0007490636704119025,0.9333333302222148,-0.004487658937920722,0.01981707316922145,0.3437499994628848,0.0007610350076102662,0.0,4990,4945,,1.760905290660075,5.818177650317702,-0.420162715709357,4.121524360972648,0.008916375836368791,3.364595684849239,1.315,0.0029381027191432464
2021-04-20,-0.0007485029940120598,-0.0037453183520598453,0.009730538922155614,0.0,-0.0037453183520598453,0.07692307633137015,-0.008202833706189336,0.0060015003746433865,0.10869565193761731,0.002996254681647943,-0.0007513148009014951,4997,5038,,1.2081386216985994,2.8635619446674414,-0.3016514259003226,1.0900753126428055,0.009408413623558837,1.3817419579931596,1.336,0.004958929629724777
2021-04-21,-0.005263157894736763,0.0015117157974299164,0.012781954887217973,0.003779289493575127,-0.0022590361445783986,0.7058823487889189,-0.007547169811320762,0.011406844105596533,0.03225806446409666,-0.006046863189720505,0.0,5059,5046,,1.8077276837790313,3.2347268792130186,-0.6452671021691141,1.4767535249808548,0.009645954945747989,1.7623967683214152,1.33,0.002535012702007247
2021-04-22,0.0007547169811319924,0.014328808446455604,0.015849056603773684,0.010558069381598971,0.0037313432835820097,0.9047619004535152,-0.004460966542750934,0.009759759759027138,0.38775510124948426,0.006787330316742172,0.0014892032762470436,5118,5088,,1.1391017342303171,3.8273930880582356,-0.30149625085567355,2.144484212186409,0.008329274903343635,2.521227836945,1.325,0.0019442677806938851
2021-04-23,-0.0022304832713755493,0.007451564828614017,0.013382899628252636,0.005961251862891379,0.0022238695329873178,0.7777777734567873,-0.007380073800738014,0.01119402984991082,0.1785714282525489,0.0022354694485842877,0.0029673590504449418,5150,5136,,1.4094693746185338,1.7992536614492163,-0.2551461930180769,0.8688972724792638,0.008686551338389867,2.072168699819069,1.345,0.002440740948287474
2021-04-26,-0.0007396449704142839,0.0007401924500369282,0.01849112426035496,0.010362694300518144,-0.00879765395894445,0.07999999967999147,-0.017467248908296956,0.012527634486917733,0.011764705868510882,0.007401924500370103,-0.006612784717119852,5201,5184,,1.3935143416152842,2.0308724354059997,-0.36053250805839443,1.6618422926146106,0.012751592115321135,1.9605394822743956,1.352,0.0033439222750896993
2021-04-27,0.0007396449704142839,-0.0007390983000741566,0.014792899408284035,-0.008869179600887088,0.008202833706189336,0.8499999957499944,-0.008160237388724125,0.011967090500227021,0.015384615360951162,-0.006651884700665275,0.0,5266,5245,,1.4521071114728916,4.550724609791577,-0.3875778456259029,3.007363250524958,0.010212655716468531,1.9583544534761268,1.352,0.004269160775504882
2021-04-28,-0.0029585798816568073,0.009643916913946513,0.017011834319526395,0.009643916913946513,0.0,0.782608692249529,-0.00441826215022108,0.015624999998837355,0.19117647030709117,0.0059347181008900475,-0.0021994134897361534,5325,5281,,1.2046032855564555,3.427599263421482,-0.2503921220420273,1.92602406918448,0.010452491187013706,2.2004323532491386,1.352,0.0056115230257954936
2021-04-29,0.0014695077149156678,0.0,0.017634092578986054,-0.0022010271460015506,0.0022058823529412597,0.458333331423625,-0.01599999999999985,0.009608277900250442,0.0,0.001467351430667483,-0.0007331378299119427,5330,5346,,2.002020820465307,2.8623586765706905,-0.5382559999252279,2.3212534686239006,0.011303225318564078,2.1232877440967552,1.361,0.004472316932799206
2021-04-30,-0.002201027146001388,0.002941176470588238,0.011005135730007429,0.0036764705882352156,0.0,0.7999999946666756,-0.008052708638360103,0.008118081180212613,0.06060606051423345,-0.001470588235294119,-0.0007326007326006519,5397,5376,,1.073641345412873,4.79342242358346,-0.20906496468826316,3.92625811146385,0.009721887346165168,1.5429102715972016,1.3630000000000002,0.0019399742709762205
2021-05-06,-0.0036656891495602016,-0.008094186902133848,0.017595307917888416,-0.008094186902133848,0.0,0.41666666493055937,-0.01397058823529421,0.010439970170735283,0.12643678146386403,-0.0014716703458425326,-0.0029585798816566433,5428,5443,,2.013263601703573,3.027157661067794,-0.5183028729921388,1.255426433457065,0.013019223705777528,1.8434278692827557,1.364,0.0045850450341562154
2021-05-07,-0.002225519287833912,-0.030483271375464627,0.03709198813056383,-0.0133828996282528,-0.017332328560663083,0.01999999995999778,-0.032640949554896166,0.0052277819264205504,0.5394736835006974,-0.0037174721189590287,-0.0015313935681470151,5472,5510,,0.8543268268970579,0.9989569513738681,0.14137438386327944,0.37922171218492545,0.010638202596042375,4.70004204926468,1.348,0.0039689642288270165
2021-05-10,-0.0015337423312885151,-0.006144393241167271,0.01226993865030676,-0.003840245775729565,-0.001543209876543211,0.37499999765625,-0.01074443591711436,0.009295120061247653,0.11428571412244654,-0.008448540706605147,0.003100775193798452,5520,5547,,1.121328649884687,5.012619019207527,-0.26566542391810927,2.4767672914858845,0.011918890362240395,1.342406833143468,1.304,0.005827253512744091
2021-05-11,-0.004636785162287485,0.0046583850931677055,0.016228748068006282,0.001552795031055902,0.0038789759503490245,0.76190475827664,-0.004662004662004666,0.013270882122305261,0.09836065557645597,-0.004658385093167878,-0.0007722007722006872,5603,5571,,1.6664659059013067,4.331560072094696,-0.48845308703492785,2.5849310912975403,0.009674413019133712,2.170674307722819,1.294,0.00401384717009467
2021-05-12,-0.0030911901081916563,0.015503875968992262,0.017774343122101938,0.0069767441860466035,0.009244992295839761,0.9565217349716492,-0.003858024691358114,0.014717273430308599,0.3225806446409978,0.001550387596899054,0.0007639419404124444,5659,5616,,0.8188389832486715,2.1917800112596657,0.04167051419574178,0.7058726624465881,0.009038169646709487,2.544763004520189,1.294,0.003048154030311444
2021-05-13,-0.003816793893129859,0.006130268199233893,0.020610687022900698,0.010727969348659014,-0.0037936267071319372,0.5555555534979487,-0.009833585476550439,0.016141429668244247,0.09195402288281414,0.0030651340996170314,0.0022900763358779494,5683,5664,,2.402340554852782,10.62176973778633,-0.3272063743014335,5.92615271661121,0.013951617498425826,1.9352594643252226,1.31,0.005720016611197436
2021-05-14,0.0022848438690022026,0.01899696048632229,0.024371667936024227,0.009118541033434829,0.009029345372460505,0.9687499969726595,-0.006807866868380996,0.021325209442397013,0.3731343278013055,0.0,0.005247376311843999,5759,5716,,1.0940020945136262,3.0072769164157798,-0.021117464185740592,1.7205027128107095,0.01008971913854955,3.171545138514674,1.3130000000000002,0.0039223474861657445
2021-05-17,0.0,0.019388516032811352,0.02609992542878443,0.024608501118568337,-0.005094614264920027,0.7714285692244891,-0.005094614264920027,0.015521064300404876,0.39393939334251477,0.01491424310216258,-0.0036443148688045874,5782,5760,,1.8191787332119986,3.474324579780847,-0.5595246805112715,2.2520602358247706,0.01349298907670317,2.59393967797962,1.341,0.0037186832631002542
2021-05-18,-0.0007315288953914498,-0.005124450951683672,0.01097293343087061,-0.004392386530014483,0.0,0.26666666488888696,-0.008040935672514708,0.006632277081309263,0.12280701732840847,-0.003660322108345457,0.0014738393515106867,5809,5846,,1.6728018645156442,3.9290478461612675,-0.4494783492196585,2.073210707740661,0.009094489840538659,1.6493503316923444,1.367,0.0045703944994416
2021-05-19,-0.0022075055187638806,0.006637168141593009,0.013980868285504142,0.008849557522124065,-0.002192982456140434,0.578947365373952,-0.006564551422319561,0.011061946901839183,0.1451612900884508,0.008112094395280326,0.001467351430667483,5867,5856,,2.0653992680105184,2.3459078406764826,-0.5733667128508093,1.845309460362778,0.009805814559113935,1.9376258536908744,1.359,0.003152145816903709
2021-05-20,-0.002197802197802281,0.005139500734214477,0.012454212454212547,0.009544787077826817,-0.0036390101892286135,0.47058823252594845,-0.00654069767441853,0.005852231162702841,0.10294117631920748,0.009544787077826817,-0.0036390101892286135,5905,5904,,2.6971076150596147,3.8943807207791017,-0.6008809799972676,2.038073195574433,0.013609150956792021,1.2491594757863906,1.365,0.005318019336439255
2021-05-21,0.0007304601899197311,-0.01167883211678833,0.019722425127830633,-0.008029197080292058,-0.0036791758646062497,0.07407407379973356,-0.01742919389978183,0.0051698670601794,0.23880596979283286,-0.0021897810218978932,0.0007390983000738283,5952,5972,,2.0037185470716468,4.443018969809845,-0.5250649102321471,2.3061982296265535,0.011587533206195393,2.330090389950751,1.369,0.004982696606049594
2021-05-24,-0.0029542097488921737,0.015555555555555486,0.022156573116691305,0.01259259259259252,0.0021929824561402714,0.9666666634444481,-0.006651884700665275,0.020089285712790908,0.29166666626156895,-0.0022222222222223064,0.0,6025,6007,,1.230956314206573,3.1335542552430296,-0.10052967763783219,1.4456661581824113,0.00984102827108429,3.04846189531863,1.354,0.00292395275417989
2021-05-25,-0.0007293946024798613,0.027737226277372285,0.030634573304157416,0.021167883211678767,0.006433166547534038,0.9523809501133836,-0.0021505376344086837,0.02322206095622467,0.6333333322777801,0.010948905109488979,0.0,6092,6048,,1.315175770781163,1.501324140251834,-0.35820759575678146,1.6541886262453431,0.008761398470930892,4.793755204716974,1.371,0.0031657817797673625
2021-05-26,1.5770213417970976e-16,-0.002840909090909093,0.01065340909090918,-0.004261363636363797,0.0014265335235379628,0.33333333111111607,-0.007790368271954603,0.005698005697599704,0.06896551712247351,0.0007102272727271945,-0.0014224751066854765,6096,6117,,2.5132039344747303,4.193191535925188,-0.6415780720319199,2.0338906197589415,0.007487397250815538,2.0033663631283445,1.408,0.0025218530220546477
2021-05-27,-0.0028490028490028517,0.026428571428571374,0.02920227920227915,0.023571428571428674,0.0027913468248428343,0.9268292660321208,-0.004861111111111038,0.02564102563919922,0.4805194798954355,0.013571428571428663,0.0027913468248428343,6166,6144,,2.2061267177615935,1.1263998192562217,-0.5281115768333873,1.0726005989098133,0.0107604314172288,3.81025611606317,1.404,0.004434958718936271
2021-05-28,-0.002087682672233745,-0.002789400278940185,0.025052192066805867,0.0034867503486749603,-0.006944444444444451,0.27777777700617284,-0.02336769759450174,0.01111883252181246,0.03809523805895931,0.011157601115759965,0.0035087719298244864,6197,6230,,1.7930311814923834,4.090572601338247,-0.5425078867416229,2.431033242737274,0.012024290096382203,2.993939718024395,1.4369999999999998,0.003555755947643499
2021-05-31,0.006993006993007,0.030555555555555582,0.031468531468531576,0.019444444444444618,0.01089918256130776,0.9777777756049358,-0.003429355281207212,0.023448275860451864,0.5499999993124863,0.009722222222222231,0.004059539918809054,6287,6240,,1.3736571880493393,2.617567175754629,-0.3663241282584558,1.6177745287830037,0.011395290560862888,3.9489997525515164,1.43,0.00328991130447555
2021-06-01,0.0006738544474394285,0.011447811447811233,0.023584905660377305,0.01279461279461273,-0.001329787234042702,0.7714285692244827,-0.011952191235059624,0.01685772083500616,0.15887850452441132,0.01346801346801333,0.0020013342228149896,6292,6288,,2.944744773045089,2.754309872277334,-0.7397256076444422,1.7741308275487393,0.013041249204447252,2.683791957574526,1.484,0.004383809976122986
2021-06-02,-0.0013315579227696417,-0.02066666666666661,0.02862849533954722,-0.013333333333333345,-0.008102633355840506,0.09302325559762058,-0.022000000000000092,0.009453072247842625,0.300970873494201,-0.008666666666666748,0.0006811989100816687,6336,6373,,1.3369601726762623,2.789381431731134,-0.4297385143263622,1.9199208363067728,0.013102930662918972,3.281708556507759,1.5019999999999998,0.0045005323834710525
2021-06-03,0.0006807351940094553,-0.009523809523809532,0.020422055820285927,0.004081632653061228,-0.013550135501355027,0.09999999966666297,-0.01755570560432127,0.015078821109315911,0.13333333320634908,-0.00476190476190469,-0.002739726027397263,6411,6386,,1.565196870755979,3.3396258796614724,-0.39073536876745785,2.331778504657612,0.012369905940518351,2.4252407335781916,1.469,0.0033365276025828453
2021-06-04,-0.0041208791208791245,0.01724137931034492,0.028846153846154025,0.015172413793103462,0.0006784260515604559,0.6666666650793668,-0.012113055181695689,0.02481047553240454,0.22727272706611856,0.013103448275862158,0.002719238613188461,6460,6432,,1.9806702411627795,3.453010699287641,-0.6507746519495524,1.7675854270981084,0.0138513329615692,3.0321991257671868,1.456,0.004103712399558514
2021-06-07,0.006101694915254167,-0.006064690026954108,0.01762711864406766,-0.010107816711590232,0.003401360544217766,0.2692307681952643,-0.014093959731543561,0.00676132521928592,0.10344827574316229,0.0026954177897575643,0.0006784260515604559,6480,6503,,1.9540972642392382,6.217452340529523,-0.4619617051416034,3.6651114365614035,0.0118723765549875,2.189957474864764,1.475,0.005306751464296133
2021-06-08,0.005423728813559327,-0.012137559002022937,0.02508474576271181,-0.008766014834794418,-0.0027229407760381236,0.297297296493795,-0.022162525184687802,0.010862186014198095,0.1956521737003795,0.0006743088334456439,0.0034246575342466545,6532,6558,,1.4977042995742476,2.0070973483794696,-0.5223007016094474,1.3162960034927618,0.015193079744186247,2.4353192624179005,1.475,0.006848846566933183
2021-06-09,-0.0006825938566553664,0.005464480874316945,0.018430034129692772,0.01092896174863389,-0.00540540540540541,0.4444444427983557,-0.012137559002022937,0.007508532422695594,0.09411764694809824,0.009562841530054805,0.002724795640326826,6579,6576,,1.8843177827992696,3.2473505593450915,-0.4770883219226795,1.8585587761478322,0.012838846166350275,2.1029927019817225,1.465,0.00450613623184629
2021-06-10,0.0006793478260870325,0.016972165648336816,0.021739130434782476,0.01154107264086891,0.005369127516778678,0.8749999972656379,-0.00799467021985329,0.015561569687715512,0.31249999960937985,0.0033944331296674236,0.0006680026720109112,6652,6624,,1.1986202979172955,2.6005401238157133,-0.35969188886527426,1.5700952655797815,0.010672070016701186,2.9984810491379377,1.472,0.0028889961532644554
2021-06-11,0.0013351134846461962,-0.004666666666666597,0.016688918558077376,-0.0040000000000000036,-0.000669344042837945,0.5999999975999982,-0.009370816599732271,0.014189189188230398,0.0786516853048846,-0.009999999999999934,0.0013413816230719142,6690,6681,,2.0227934927566515,2.3228565918171937,-0.6987496103895681,1.2262005214996141,0.011339242562485334,2.204732780144985,1.4980000000000002,0.0035162896714247484
2021-06-15,-0.0013395847287342422,0.00536552649228721,0.024782317481580805,0.013413816230717652,-0.007941760423560417,0.45945945821767875,-0.013843111404086953,0.02154882154737032,0.07476635507031444,-0.0013413816230716162,-0.001332445036642092,6736,6727,,3.198017728986582,1.5800786406268323,-0.7457897267784159,0.7200824589438496,0.013848510197715658,2.6717675190019086,1.493,0.004718965409463581
2021-06-16,-0.0013342228152102894,-0.029392117568470155,0.03335557038025353,-0.024716098864395408,-0.004794520547945134,0.05999999988000222,-0.028762541806020163,0.007529089664098024,0.3519999997183979,-0.004676018704074747,-0.004794520547945134,6768,6815,,1.7352141707279387,2.1364080952679676,-0.3908780870515703,1.2640950210114736,0.015330926258719653,3.2613815258177095,1.499,0.0039546962741280264
2021-06-17,0.0013764624913971107,0.05017182130584189,0.05161734342739157,0.01993127147766317,0.029649595687331564,0.9733333320355556,-0.007422402159244346,0.046543463378060194,0.5328467149395206,0.012371134020618567,0.003282994090610567,6854,6816,,0.6297667946031771,1.6785249660849315,0.41503265248313226,1.0822406823522155,0.016293656626322078,4.603018294772281,1.453,0.003994290479027634
2021-06-18,0.0,0.014397905759162315,0.020942408376963515,0.005890052356020875,0.008458035133376788,0.906249997167966,-0.0128949065119278,0.013063357281968441,0.16296296284224765,0.004581151832460664,-0.0006447453255963184,6906,6864,,1.886524675778246,4.8903394852285205,-0.5077434510479426,2.673107097829189,0.016234981175951384,1.9710524734267068,1.528,0.00570315396563792
2021-06-21,-0.006451612903225812,0.028571428571428595,0.03354838709677408,0.019480519480519497,0.008917197452229308,0.9807692288831381,-0.006970849176172447,0.029908972689862902,0.366666666361105,0.007792207792207655,0.0,6953,6912,,1.652135319261455,3.6020130765441567,-0.4458578758038388,1.615338965297192,0.015392231855065214,3.378327467504664,1.55,0.006234698130054822
2021-06-22,0.0,-0.002525252525252527,0.01767676767676769,-0.001262626262626404,-0.001895135818067033,0.7142857117346939,-0.009451795841209908,0.01340996168496752,0.04651162785289322,-0.008207070707070784,0.002538071065989991,6960,6964,,2.363115747785689,3.961437173943262,-0.6113011574464584,2.172290971741728,0.013019602122307246,2.1506033380978407,1.584,0.003796926836300025
2021-06-23,0.0,0.005063291139240511,0.022784810126582438,0.01329113924050627,-0.007500000000000007,0.44444444320987997,-0.013084112149532652,0.01969504447142974,0.0661157024246977,-0.002531645569620396,-0.004388714733542254,7022,7012,,1.343743746940875,2.2057123875837723,-0.5625716503145196,0.5398450406155285,0.013982592852435331,2.574629764483717,1.58,0.003548117652443497
2021-06-24,-0.004408060453400578,-0.012650221378874142,0.02518891687657433,-0.01707779886148002,0.004504504504504437,0.249999999375,-0.019570707070707016,0.006414368184322225,0.20618556679774802,-0.008855154965211899,0.0019255455712451166,7056,7080,,2.410985090326676,3.505474841656334,-0.6704221686676446,1.7800782381965905,0.013508836163938996,2.961024859467545,1.588,0.00557850066853785
2021-06-25,-0.0006406149903907046,0.022435897435897384,0.026265214606021735,0.010256410256410123,0.01205583756345186,0.9512195098750742,-0.008917197452229308,0.025064267350574227,0.33018867893378395,0.003846153846153707,0.0037759597230962905,7151,7113,,1.2433051281526895,3.6258178975227,-0.21453982209134634,1.9035125727390876,0.01297739366536436,3.1593400602072887,1.561,0.004901643050284239
2021-06-28,-0.0018808777429466406,0.0163316582914573,0.02946708463949839,0.01947236180904517,-0.00369458128078818,0.6382978709823465,-0.014075887392900803,0.02509410288424743,0.22807017523853584,0.017587939698492476,-0.0006176652254477392,7169,7152,,2.132362940992839,2.941322118200971,-0.7236932335253441,1.082764128129485,0.01323112379601071,3.552230359974999,1.595,0.0036794121983342192
2021-06-29,0.0,0.0018541409147094508,0.019159456118664965,-0.004326328800988947,0.006832298136645899,0.612903223829343,-0.014723926380367977,0.00996264009900607,0.026086956499053782,0.002472187886279359,0.0012353304508956157,7203,7209,,1.6721377568495643,3.3976111091826144,-0.5354839703938369,1.5974229700944604,0.012630698025199703,2.454337811949708,1.618,0.003965119292817312
2021-06-30,0.0,0.01665638494756318,0.030228254164096195,0.018507094386181387,-0.0018170805572381063,0.673469386380674,-0.011438892233594298,0.023413431914761976,0.24770642179109528,0.012338062924120924,0.0018237082066868643,7258,7248,,1.8872352423706282,1.5915553304759675,-0.5915626621643179,1.391874342424446,0.01319736681387505,3.71286183977228,1.621,0.00474816734757796
2021-07-01,0.00242718446601942,-0.01150121065375297,0.01699029126213594,-0.01150121065375297,-0.0006119951040391003,0.28571428469387755,-0.012742718446601886,0.012907191148561271,0.1461538460414205,-0.0036319612590799064,-0.006690997566909915,7296,7316,,1.5734359020751965,3.95264499365108,-0.4492225061403281,2.2171608035047794,0.014284712502535135,1.9601374405692147,1.6480000000000001,0.004304366832121554
2021-07-02,-0.00796080832823019,-0.016049382716049394,0.024494794856093103,-0.006790123456790197,-0.009322560596643818,0.349999999125,-0.017348203221809185,0.0163934426219172,0.1721854303495462,-0.01666666666666675,-0.0006269592476488338,7344,7350,,1.9891294006619094,3.6406923642290763,-0.5149273873130024,2.5304300317545945,0.018324877026373493,2.1828250047271154,1.633,0.007664908589430926
2021-07-05,0.0037641154328732778,0.024999999999999883,0.026976160602258423,0.014374999999999943,0.010474430067775665,0.9767441837750108,-0.013447432762836062,0.016109045847824594,0.3278688521902738,0.015000000000000013,0.0061349693251533804,7439,7392,,1.5613819281073598,4.939074425001951,-0.37904946651714294,2.441207723084979,0.018452282517841683,2.3303349992278366,1.594,0.006376261015911573
2021-07-06,0.0006097560975610439,-0.030469226081657554,0.04634146341463419,-0.03168799512492385,0.0012586532410320968,0.3157894732686981,-0.0426829268292682,0.013375796177491928,0.2840909089294941,-0.003656307129798906,0.006325110689437071,7440,7479,,1.3775787168355116,2.214062793829473,-0.15373820655384673,0.9628055863818226,0.02120162385879268,3.584631071078004,1.64,0.007910857256566553
2021-07-07,-0.011942174732872348,0.03307888040712471,0.035826524198617184,0.028625954198473236,0.004329004329004402,0.9122807001538953,-0.007537688442211062,0.030379746833520155,0.39694656458248656,0.01335877862595414,-0.002457002457002323,7521,7488,,1.896967722386803,4.256587632465477,-0.6010151950675384,2.4417922993091516,0.017487210284097766,3.2595250327538614,1.591,0.005974435270860827
2021-07-08,0.003078817733990082,0.025168815224063796,0.02955665024630544,0.02394106813996312,0.0011990407673860923,0.9166666647569445,-0.011961722488038288,0.0182704019477302,0.30147058801362375,0.01780233271945974,-0.0011961722488038288,7578,7536,,1.634539112024114,4.217824288309144,-0.4779760499747714,2.5638850935270634,0.018426667747897023,2.6049202382230017,1.624,0.005744252108165094
2021-07-09,-0.009580838323353302,-0.006045949214026608,0.026946107784431097,-0.01451027811366386,0.008588957055214732,0.6444444430123448,-0.0193587416817907,0.0191239975312076,0.07999999993599992,-0.015114873035066452,-0.00363636363636364,7584,7591,,2.710865962545812,2.936875870637053,-0.6477852852637603,1.7151819433828974,0.014337425648661297,3.138638747907841,1.67,0.004912015912312406
2021-07-12,0.0042579075425791466,0.005451241671714051,0.021289537712895466,0.006662628709872743,-0.001203369434416367,0.6857142837550998,-0.0077890952666267955,0.01830384380608276,0.08571428563265138,-0.004845548152634771,-0.001203369434416367,7657,7632,,2.3199192263249113,7.779065630966032,-0.49854598352474505,4.262843970792007,0.014697457315143504,2.381364273519714,1.644,0.005917517156793226
2021-07-13,-0.0018072289156625854,-0.0018105009052505213,0.027710843373494002,-0.009656004828002423,0.007921998781230895,0.4565217381379938,-0.023880597014925394,0.011620795106322829,0.02564102561911116,-0.0024140012070006057,0.004860267314702313,7681,7709,,1.3777158243093819,4.369381167601292,-0.4183900128358428,2.178600802596681,0.017496609753723216,2.629080741044895,1.66,0.0064329703294710595
2021-07-14,-0.007859733978234524,-0.01523461304082871,0.0169286577992745,-0.005484460694698427,-0.009803921568627324,0.035714285586738656,-0.014032946918852904,0.011104256631023806,0.24271844636629092,-0.003656307129798906,-0.004313000616142881,7729,7775,,1.337138192666404,3.2372933402786095,-0.3476531720356722,1.3133809270724528,0.012526850869401038,2.23519862001989,1.654,0.0031449346385578445
2021-07-15,-0.0037128712871287157,0.004347826086956457,0.02103960396039592,-0.006211180124223607,0.01125703564727956,0.7352941154844306,-0.018472906403940902,0.014429109158442283,0.05785123962160979,-0.0012422360248447216,0.0,7777,7789,,1.4151590640782965,3.219510605906328,-0.3674693752215601,1.2567512912089254,0.016406609391715895,2.072335543621444,1.616,0.008041922765332055
2021-07-16,0.004947433518862095,-0.025230769230769185,0.02968460111317257,-0.012307692307692318,-0.013084112149532652,0.06249999986979398,-0.025261860751694346,0.006265664160008422,0.3727272723884318,-0.006153846153846159,-0.00564971751412423,7824,7869,,1.5005966976422567,4.127267256606725,-0.3851512519379777,1.9865953306575557,0.014039020084243398,3.4190420250177094,1.617,0.004561889457318577
2021-07-19,-0.010732323232323312,0.003828972559029997,0.020202020202020218,0.0019144862795150695,0.0019108280254776378,0.4999999984375,-0.014501891551071962,0.014715291105904417,0.04999999995833324,0.009572431397575064,0.0006361323155215584,7877,7872,,2.35641544078816,6.829568060501914,-0.5516327125779775,4.071062980410307,0.015002719902229495,2.1329465587069967,1.584,0.005714589154075045
2021-07-20,-0.006993006993006929,0.00960307298335461,0.015893197711379474,0.00448143405889878,0.005098789037603574,0.6799999972799986,-0.010752688172042951,0.011508951405913759,0.15789473667589857,0.0057618437900127375,-0.0031605562579014633,7922,7920,,1.4891949050411084,3.845407868153883,-0.45826297514603376,2.0233655060694784,0.013483602436186758,1.8541038964109113,1.5730000000000002,0.005578679501417361
2021-07-21,0.0031705770450222675,0.025916561314791354,0.03424223208623973,0.03160556257901379,-0.005514705882352878,0.7777777763374485,-0.007343941248469883,0.02961562696725795,0.4270833328884597,0.017067003792667453,-0.0018450184501844352,7990,7968,,1.8330137846217165,2.0260841188584346,-0.4654587710621862,0.7414922023926457,0.00951495012562192,5.675279294114277,1.577,0.002536124628929996
2021-07-22,0.0006161429451633469,0.008620689655172284,0.02402957486136779,-0.0006157635467980984,0.009242144177449108,0.8461538439842204,-0.006781750924784291,0.019863438856619297,0.1372549018262188,-0.0024630541871921204,-0.0024360535931790524,8056,8017,,0.8553015921860273,2.8612933136901115,-0.17571196070934572,1.1313107680647558,0.012582199900777436,3.09961691894821,1.6230000000000002,0.004372070720348976
2021-07-23,0.004884004884004888,-0.011543134872417926,0.026862026862026753,-0.018226002430133538,0.007430340557275548,0.4772727261880164,-0.023100303951367803,0.012445550714844718,0.12666666658222167,-0.00729040097205347,0.002464571780653114,8064,8090,,1.6926759684898662,4.393528031251709,-0.49491402602466666,2.5781757628005337,0.017705610272022484,2.4850880074446007,1.638,0.005549184044675062
2021-07-26,-0.004917025199754153,-0.0018529956763433549,0.04425322679778738,-0.02285361334156882,0.022137887413029817,0.8472222210455262,-0.04007398273736138,0.037893384711760326,0.015075376876845977,-0.0037059913526868472,0.010000000000000009,8113,8142,,1.1312594999671177,2.4090779514119958,-0.23257807228447006,1.110757524170263,0.022107814231301093,3.2567669929297214,1.6269999999999998,0.007352186889209992
2021-07-27,-0.0037128712871287157,-0.0031055900621118726,0.053836633663366315,0.03913043478260866,-0.041218637992831514,0.05747126430175597,-0.0480427046263345,0.040098704500919236,0.01760563379661811,0.006832298136645899,-0.01169950738916264,8184,8203,,1.4035841691277615,3.4645717379887113,-0.3409139018854432,1.7906574122496406,0.031205753750356065,2.7879473899973504,1.616,0.009565317497434056
2021-07-28,-0.01059190031152642,-0.008816120906801015,0.05046728971962614,-0.0037783375314861495,-0.004427577482605879,0.4938271598841647,-0.029795158286778426,0.04814573844839655,0.04444444443033514,-0.003148614609571861,-0.002534854245880864,8220,8210,,2.969779780419057,6.213068218087083,-0.6004649725360729,2.9805792452902105,0.04136953681635818,1.9579624534779663,1.605,0.019810803377100925
2021-07-29,0.020965692503176567,0.02738021157436219,0.037484116899618766,0.01057871810827637,0.016000000000000014,0.8474576256822768,-0.012070006035003028,0.033686837178185505,0.2767295595743841,-0.0024891101431238354,-0.0018137847642079152,8296,8258,,0.8832775667587689,5.407014432049607,-0.12805863653767796,3.934363650722266,0.018407149148010508,3.205276341548478,1.574,0.008860412076528767
2021-07-30,-0.0024227740763173855,0.0024286581663630867,0.023016353725015162,0.006678809957498421,-0.0042219541616404675,0.5526315774930777,-0.02039592081583685,0.021446078430058538,0.02547770699014164,-0.0042501517911354685,0.0018203883495146321,8325,8304,,2.2576167128021187,2.5104509780127255,-0.67464580186412,1.4067107128412044,0.01996175417600441,1.903640305084759,1.651,0.007398275728029372
2021-08-02,-0.0006056935190794136,0.004242424242424314,0.03028467595396732,-0.006060606060606067,0.010982306284319716,0.5399999989200022,-0.02565632458233886,0.014696876912755868,0.04117647056401476,0.009696969696969706,0.0006038647342995845,8354,8370,,2.3716997016621555,5.628734237732236,-0.5729665327044061,3.039020982202083,0.02233320852365549,2.2388184717461375,1.651,0.009869321759200212
2021-08-03,-0.00844900422450212,-0.013390139987827157,0.02172601086300545,0.0036518563603164973,-0.015786278081360062,0.1666666662037037,-0.019405700424499715,0.014769230768321907,0.13580246905197452,-0.004260499087035981,-0.001232285890326557,8403,8442,,1.421237412200217,3.6643789946849536,-0.3712738142882159,2.1385227961440005,0.020253519030419404,1.7774688817377167,1.6569999999999998,0.0054639414429121895
2021-08-04,-0.0006169031462059777,0.02777777777777773,0.029611351017890218,0.018518518518518396,0.009090909090909167,0.9583333313368055,-0.00847457627118645,0.024600246000947117,0.3846153842866544,0.014197530864197474,-0.0006002400960383493,8485,8448,,1.0408461748830429,2.9844493026969268,-0.3664817006299831,1.665980424186958,0.012406487813955347,3.8689434377320917,1.621,0.003523008371858706
2021-08-05,-0.0024024024024024045,0.0018061408789884958,0.02162162162162164,0.004816375677302834,-0.0035928143712574885,0.6666666648148148,-0.013142174432497026,0.018248175181371784,0.021739130419028845,-0.006622516556291464,0.001203369434416367,8525,8497,,1.9626919939507383,4.382227764112935,-0.5803992857845134,2.6704348087784946,0.020048575553427903,1.795638783638216,1.665,0.007216340458914334
2021-08-06,0.012620192307692386,-0.02077151335311581,0.03725961538461542,-0.02255192878338281,0.0024301336573511567,0.25806451571279915,-0.030805687203791496,0.009779951099646711,0.282258064288503,-0.008308605341246299,0.0018214936247722476,8544,8580,,2.329519064743145,6.729295797359237,-0.49289492525589934,3.696038338020863,0.014787967823206807,4.192597679543465,1.664,0.007176658961077557
2021-08-09,-0.01454545454545456,0.003075030750307574,0.019999999999999952,-0.0006150061500614329,0.004310344827586142,0.6969696948576666,-0.0067775723967959944,0.017990074440571283,0.053191489305116496,-0.00861008610086088,-0.0006127450980391482,8624,8596,,2.9233509606868084,5.022133896138522,-0.6366387220178856,2.2219002165744173,0.011394924568742366,2.8960261659757034,1.65,0.003936371101722315
2021-08-10,-0.00122624156958921,0.011049723756906087,0.015328019619865196,0.0030693677102516226,0.008573178199632586,0.8399999966400007,-0.010315533980582466,0.009809932556112214,0.16363636348760396,0.007980356046654329,0.0061087354917532125,8644,8640,,1.3275266560692047,2.791847756616488,-0.42450016901678717,1.319678302187167,0.012817810086090996,1.9504111573697986,1.631,0.003966838240491959
2021-08-11,-0.0018214936247723823,-0.0030413625304135604,0.01760777170613231,0.0018248175182482445,-0.0042527339003644565,0.5862068945303195,-0.011564211807668841,0.016009852215762815,0.049504950446033875,-0.007907542579075366,-0.0006097560975609085,8709,8700,,2.9521701613365754,2.8539357958859832,-0.7202423198875552,1.1024207803288826,0.011773789375958073,2.463098228418093,1.6469999999999998,0.00283172423129063
2021-08-12,-0.004270896888346624,0.008578431372549027,0.021354484441732716,0.007352941176470595,0.0012165450121654512,0.48571428432652897,-0.015024038461538408,0.014015843996708303,0.11864406769606547,0.014093137254902043,-0.00121359223300971,8742,8736,,2.5178832749304583,3.8872214187974112,-0.6381300114395825,1.9561544109289866,0.01748833462486222,2.0013340635710906,1.639,0.0069140949887145
2021-08-13,-0.007897934386391192,-0.013472137170851207,0.02369380315917371,-0.006123698714023276,-0.00800492610837446,0.07692307672583563,-0.02066869300911856,0.012931034481962317,0.20183486220015337,-0.001224739742804655,-0.0037105751391465712,8794,8817,,1.1099069180310461,2.4812693907907555,-0.12372687896240009,1.8305729386677327,0.011299297712065053,3.451541914255671,1.646,0.0031600294911335236
2021-08-16,-0.006207324643078839,0.0037476577139287977,0.018621973929236514,0.01061836352279833,-0.006798516687268307,0.39999999866666663,-0.01169950738916264,0.016906700061558838,0.062499999934895405,0.0006246096189882023,0.0,8848,8833,,2.627252489199085,5.909398349456597,-0.5715874742332018,3.043495559689438,0.012602423656873175,2.380494465093548,1.611,0.005829841752604253
2021-08-17,-0.0024891101431238354,-0.023081721771678054,0.030491599253267054,-0.005614472863381096,-0.016949152542372826,0.02040816322365903,-0.02611940298507465,0.005009392610832228,0.36274509768358376,0.0006238303181535321,-0.0025477707006369447,8880,8924,,0.5717098365943153,2.3751318549214773,0.4510331849277251,0.5791880318534968,0.011512150281787587,4.256372473861962,1.607,0.0030019619456852433
2021-08-18,0.002554278416347384,-0.003184713375796252,0.01787994891443169,-0.003184713375796252,0.0,0.21428571352040815,-0.015782828282828367,0.01084875558322607,0.044642857102998264,-0.0019108280254777794,0.0019206145966708652,8940,8962,,1.480653631181463,3.974606775966423,-0.33883817785294695,2.5808929495144977,0.01510393954184195,1.8538209675065531,1.5659999999999998,0.005070054695759134
2021-08-19,0.0012779552715654963,0.022973835354179982,0.02811501597444092,0.021059349074665053,0.0018749999999999323,0.8636363616735537,-0.008838383838383845,0.023566878979390592,0.3999999995555546,0.006381620931716662,0.0006242197253432521,9010,8976,,1.7328427431025626,2.1808472469650244,-0.5186921218957092,1.1548122882306686,0.012941108307453916,3.400017882135706,1.565,0.005855250806896584
2021-08-20,-0.007485963817841554,-0.0006285355122563733,0.026200873362445438,-0.007542426147077317,0.007604562737642592,0.4285714275510204,-0.022360248447204988,0.015132408574077414,0.008130081294202262,0.011942174732872488,0.004421983575489651,9030,9048,,0.8617142419617533,2.100594394139237,-0.15803450268961686,0.9193129410602975,0.014646843707054392,2.867511974134078,1.6030000000000002,0.005625811748443634
2021-08-23,0.0006289308176099936,0.01885606536769329,0.02767295597484265,0.011942174732872488,0.006207324643078839,0.8863636343491755,-0.006180469715698398,0.025236593058344716,0.3191489358306904,0.005656819610308057,0.0,9106,9073,,1.4014345644576465,4.083006000304473,-0.4915593337030136,2.564244019289175,0.011944113467928688,3.6838229768799966,1.59,0.004233246198850464
2021-08-24,0.0018507094386182072,0.007389162561576224,0.020357803824799455,0.006157635467980164,0.0006116207951069663,0.7575757552800726,-0.00851581508515816,0.017956656345637305,0.11428571417686924,0.0036945812807880436,0.003680981595092028,9149,9121,,1.0478407194791963,2.5670136928169893,-0.013931788446541374,2.329403925769241,0.012689334849204242,2.600609104582693,1.621,0.0036332066794142995
2021-08-25,-0.0012224938875305634,-0.020195838433292486,0.026894865525672263,-0.020807833537331587,0.0,0.24999999943181692,-0.01969230769230771,0.005021971123350791,0.41249999948437366,-0.01958384332925325,0.0018773466833541248,9168,9201,,1.4817215537842914,2.6556333214381125,-0.48915154401490923,1.5444462442177118,0.01045769913499634,4.207426414861435,1.636,0.002776246321566345
2021-08-26,-0.002498438475952532,-0.02629931120851599,0.03810118675827604,-0.01815904821540383,-0.00829081632653069,0.08196721298037994,-0.030625000000000097,0.005031446540564064,0.3652173909867664,-0.0050093926111459035,-0.0038436899423446545,9216,9260,,1.065339648867471,2.4090999839813954,-0.03543931630742063,0.9341096748175014,0.012385826271419122,4.924984265947755,1.601,0.004614473552359465
2021-08-27,-0.0032154340836012176,-0.007741935483870975,0.02057877813504825,-0.0006451612903226529,-0.007101355713363395,0.1874999994140625,-0.019193857965451075,0.009689922479994128,0.12121212108968486,0.0012903225806451624,0.0013020833333333346,9272,9306,,0.8654867059510258,2.838318276942772,-0.0029377625848281677,1.6359738837993956,0.012839094272104123,2.4923876305113364,1.555,0.0054362841894695
2021-08-30,0.0065019505851755584,-0.0135658914728683,0.02990897269180757,-0.0032299741602067927,-0.010369410239792622,0.19565217348771025,-0.028150991682661573,0.01824104234408855,0.18749999983258955,0.004521963824289338,0.00526662277814352,9322,9353,,1.4826857615774176,3.3904385574247167,-0.5027461240859301,1.6150932354400631,0.015470916369128715,2.9733209465509223,1.538,0.005034431565218878
2021-08-31,-0.001964636542239615,-0.021653543307086562,0.02946954813359524,-0.026902887139107563,0.0047169811320755504,0.26666666607407474,-0.020516214427531383,0.00810810810756027,0.41249999948437477,-0.013779527559055203,0.004040404040404044,9360,9390,,1.2454714102190547,2.805679423990551,-0.3623904465295968,1.5056955731491592,0.012089110929884312,3.7223580698994176,1.527,0.003109679960432195
2021-09-01,0.000670690811535808,-0.008042895442359256,0.026156941649899342,-0.010053619302948996,0.0020311442112389243,0.6410256393819845,-0.014864864864864878,0.017832647461054018,0.09599999992320042,-0.010053619302948996,-0.0006752194463201295,9408,9423,,1.9241271286502961,3.195017361811088,-0.5058670681590944,1.5112279742234451,0.019991661372670267,1.9508133455198373,1.491,0.008456583750453389
2021-09-02,0.0006756756756757513,-0.01688048615800144,0.02162162162162164,-0.0148548278190412,-0.002739726027397263,0.21874999931640277,-0.01828029790115107,0.006130790190318147,0.3124999996093738,-0.004726536124240457,0.003445899379738038,9456,9495,,1.0856769640569208,2.4177255801341366,-0.19074821289161992,1.7321110417353942,0.012276522197356006,2.606601383104388,1.48,0.004977905888908518
2021-09-03,-0.0041208791208791245,0.004827586206896633,0.02266483516483511,0.004137931034482762,0.0,0.6060606042240608,-0.020435967302452333,0.018080667592623056,0.05833333328472369,0.0075862068965518075,0.0020632737276479463,9507,9524,,1.8065047698863979,2.7290523336526964,-0.5429746811381259,1.0782724354281508,0.01676080368087011,1.968879322939414,1.456,0.006950830305937165
2021-09-06,-0.0006863417982155881,0.025412087912088013,0.03363074811256016,0.021978021978021997,0.002686366689053058,0.9591836715118701,-0.00610583446404335,0.03034482758411418,0.3894736838005566,0.009615384615384625,0.0006702412868633458,9595,9552,,2.219901821541316,2.605291399838427,-0.5804133293551622,1.6748107780012473,0.014107437127161669,3.4733452441424517,1.457,0.005669271888286102
2021-09-07,-0.006697923643670467,0.007417397167902831,0.01138647019423972,0.004720161834119956,0.002684563758389264,0.8823529359861584,-0.004685408299866061,0.008777852801567936,0.17460317432602465,0.006068779501011394,0.0013404825737265427,9602,9601,,1.6365679671466697,5.630848922888919,-0.45641004582292233,3.319481453869812,0.00865385648079036,1.964442077505205,1.493,0.003511462242871066
2021-09-08,-0.000669344042837945,-0.017414601473543217,0.022757697456492657,-0.018084393837910336,0.0006821282401092169,0.17647058771626298,-0.018132975151108215,0.0054384772260069065,0.333333332905982,-0.009377093101138654,0.0006821282401092169,9650,9675,,2.1520944341880006,2.4831379164521183,-0.7184735995683309,1.4542244374765376,0.011140012709591217,3.0520611224725926,1.494,0.004569135924803657
2021-09-09,-0.0040899795501022525,-0.0047912388774812575,0.021813224267212016,-0.008898015058179413,0.0034506556245685943,0.2812499991210903,-0.0183175033921302,0.007518796991967203,0.09589041082754934,0.006160164271047157,0.0013774104683195606,9699,9726,,1.6733808915649155,1.6849309667835601,-0.5318083030824378,1.2125780614896604,0.010691092314455456,2.993145953610198,1.4669999999999999,0.0047592856662818
2021-09-10,-0.0013755158184319133,0.020661157024793406,0.026822558459422233,0.016528925619834725,0.0033852403520649244,0.9487179462853385,-0.006858710562414273,0.024171270716562856,0.31914893583069265,-0.002754820936639121,0.0006752194463199796,9768,9749,,1.608318922252643,2.4101519335893777,-0.4586518445924386,0.831712889512715,0.013455368650277043,2.8984712885848576,1.454,0.006258750312975463
2021-09-13,-0.004723346828609916,-0.02508474576271196,0.02631578947368431,-0.0183050847457628,-0.006219765031098907,0.0,-0.023761031907671513,0.004118050789010432,0.44578313199303554,-0.012203389830508485,0.0,9792,9833,,1.3354011140912074,3.07882554758191,-0.3366928196074991,1.8644620213234233,0.011036371187896415,3.533770202418927,1.482,0.005924301823075504
2021-09-14,0.0,0.009735744089012526,0.0208623087621697,0.015299026425591113,-0.005479452054794526,0.5333333315555555,-0.011604095563140017,0.011042097997857698,0.18181818158205407,0.01251738525730182,0.0,9849,9840,,2.129266911199555,3.1934971139958384,-0.5809668306957243,1.5786236746276097,0.013338478334250212,2.2491320991280968,1.4380000000000002,0.0035058591056305187
2021-09-15,-0.0020661157024792643,-0.00828157349896481,0.012396694214876044,-0.008971704623878621,0.0,0.27777777623457406,-0.006237006237006319,0.006978367061620497,0.15789473663434767,-0.010351966873706089,0.0006963788300836434,9888,9893,,1.1780631954217424,3.742737497876022,-0.25743397266149287,1.670840932285737,0.012654178974276172,1.4224549766796808,1.452,0.005152003617287636
2021-09-16,-0.002783576896311763,-0.021632937892533243,0.023660403618649985,-0.018841591067690254,-0.0028449502133712687,0.029411764619373896,-0.021632937892533243,0.006405693949721941,0.38271604891022903,-0.005582693649685978,-0.0035536602700782624,9936,9982,,0.99490764443969,2.1918064286363492,-0.11376961212246847,0.6880233376086248,0.01094949090359236,3.1051671706789983,1.437,0.0034128085218690526
2021-09-17,0.0007132667617689814,0.0071275837491090585,0.021398002853067068,-0.006414825374198231,0.013629842180774841,0.9333333302222222,-0.01492537313432845,0.02092352092201139,0.09090909082644555,-0.005702066999287246,0.0,10023,9999,,1.4897982382408788,2.964573266671396,-0.5467771436795131,1.5381633116930062,0.014406156741426349,2.082442967282712,1.402,0.004359656187950561
2021-09-22,-0.012738853503184724,0.01075268817204294,0.016277423920736115,0.010035842293906819,0.0,0.8695652136105818,-0.004961020552799516,0.007127583748601033,0.24590163894114078,0.007885304659498136,0.0007097232079488218,10046,10032,,2.467261555225213,10.658609084366718,-0.44844725706045396,5.2204286847069685,0.010729883067535721,2.1435461729526386,1.413,0.004813065951963187
2021-09-23,0.002127659574468166,0.0042462845010615745,0.01631205673758859,0.0049539985845717584,-0.0007042253521125986,0.6086956495274132,-0.0077084793272600705,0.014214641079302454,0.08695652161310607,-0.000707714083510341,0.0007052186177715881,10089,10081,,2.410355838450104,5.242874363586616,-0.5436145653492779,2.1992582281240494,0.01092758413150248,2.104765290547437,1.41,0.0054710426241275
2021-09-24,-0.0007047216349542719,0.007052186177715098,0.02043692741367154,0.011283497884344157,-0.004878048780487886,0.517241377526752,-0.009715475364330334,0.01550387596789967,0.13157894719529087,0.0056417489421720785,-0.0013986013986014,10144,10128,,3.7885316715629176,2.1965850570497785,-0.6854585851467448,1.6518572102907747,0.011471416224877923,2.5280226241207866,1.419,0.004365252838955523
2021-09-27,0.004901960784313808,-0.00766550522648092,0.028011204481792742,-0.015331010452961686,0.007784854918612808,0.399999999,-0.02283737024221463,0.009206798866203571,0.10999999988999964,0.005574912891986067,0.0007027406886857975,10176,10200,,3.067617507563874,4.8076196055585365,-0.6010611642274696,1.986832379385897,0.014786056537791449,2.7052513716040196,1.428,0.005814018313078824
2021-09-28,-0.0028089887640449463,-0.00915492957746472,0.020365168539325785,-0.002112676056337952,-0.007057163020465779,0.06896551700356744,-0.016771488469601692,0.017780938832305863,0.15116279052190207,0.0,-0.001419446415897801,10231,10225,,1.415124658165593,3.584022694327744,-0.3329447949133802,1.6939235666220611,0.015074894904914274,1.9237281580101346,1.424,0.008659597762096495
2021-09-29,-0.00639658848614081,0.0007153075822604521,0.016346837242359566,0.0021459227467811974,-0.0021398002853066276,0.43478260680529507,-0.009971509971509982,0.013669064747218147,0.010526315778394583,0.0,-0.0035612535612534854,10308,10292,,1.5455080650079356,2.4651566440017394,-0.29978514920666993,1.7618616248471946,0.013427851658800989,1.712857753655574,1.407,0.0040113329952616355
2021-09-30,0.003573981415296564,0.013532763532763625,0.01644031451036464,0.009259259259259347,0.004234297812279467,0.9130434742911157,-0.0021216407355020453,0.011363636362829298,0.42222222128394993,0.0056980056980057035,-0.0007022471910111586,10351,10320,,1.174257121445845,2.949917663053131,-0.2815999422608434,1.8585556394856342,0.008385816035502472,2.742726483427959,1.399,0.0036580897366867153
2021-10-08,0.006324666198172802,-0.010474860335195462,0.01756851721714681,-0.01117318435754191,0.0,0.07999999968000035,-0.014623955431754812,0.006306937630952489,0.2205882349697266,-0.003491620111731769,0.0,10370,10391,,1.6498422290060164,4.655258682292809,-0.3790001564008028,2.3017305643999686,0.009894002800952177,2.5267831685792177,1.423,0.004271584851555928
2021-10-11,0.0014114326040931557,-0.010570824524312983,0.021171489061397337,-0.004228329809725162,-0.006369426751592441,0.13333333288888888,-0.019594121763470976,0.009180790959803703,0.2083333330439811,0.0007047216349541155,-0.0014224751066856344,10423,10460,,1.2951803759588614,1.7233307256146826,-0.12386041109068406,1.218650583089913,0.010213042322077075,2.9374204825733785,1.417,0.005011741784238294
2021-10-12,-0.0021367521367520598,-0.021413276231263403,0.03133903133903121,-0.012134189864382673,-0.010108303249097481,0.15909090872933712,-0.02775800711743767,0.004294917680437017,0.37499999953124896,-0.0021413276231264195,0.0021929824561402714,10464,10504,,0.8531030706318831,1.0053754197370288,0.09518599782399065,0.6898720936563724,0.010740353831364097,4.096699259743252,1.404,0.003977621069315093
2021-10-13,-0.0007293946024798613,0.018248175182481684,0.021152443471918244,0.011678832116788168,0.007220216606498201,0.8620689625445892,-0.0036023054755042463,0.012309920346682775,0.35714285663265377,0.011678832116788168,-0.0014316392269148187,10546,10512,,1.2469941431921785,3.8270195611636906,-0.4007631922775098,2.0551947133110025,0.011836448274084276,2.4500592646942114,1.371,0.0029739337007004406
2021-10-14,-0.0028673835125448055,0.005032350826743275,0.01075268817204294,0.006470165348669947,-0.0014285714285714299,0.46666666355555164,-0.008540925266903922,0.005743000717462819,0.1206896549643272,0.00790797987059662,-0.0014285714285714299,10561,10560,,2.3771071710246434,5.759711510601025,-0.5496612498426614,2.819405082677174,0.012516581017908382,1.198410321372688,1.395,0.005275805180103985
2021-10-15,0.0014306151645207452,0.012857142857142869,0.01931330472103014,0.012857142857142869,0.0,0.9629629593964295,-0.003526093088857471,0.015032211881529482,0.24657534212797788,0.0007142857142857943,0.0028288543140028316,10629,10608,,2.131328045722714,2.941769657417127,-0.4903241220450116,1.5081433958594175,0.010002049153649537,2.699446814876302,1.398,0.0035215766158062474
2021-10-18,-0.0014104372355430196,-0.007768361581920833,0.018335684062059255,-0.01624293785310728,0.007890961262553889,0.5384615363905325,-0.012765957446808522,0.009339080459099293,0.1549295772465753,-0.009887005649717524,0.002139800285306786,10656,10668,,2.388066479968665,3.773343494239782,-0.6523362850734424,1.598988334960865,0.011026488092398963,2.357958358666085,1.418,0.004140728847790279
2021-10-19,-0.0007117437722420725,0.011396011396011407,0.012811387900355882,0.009971509971509982,0.0014104372355430196,0.9444444391975246,-0.0042462845010615745,0.009239516701546517,0.24999999960937588,0.0035612535612536437,0.0014104372355430196,10735,10704,,1.3376483878810645,2.770135419577988,-0.31635908611048713,1.4997626803736395,0.0087321884424386,2.0613389086275085,1.405,0.0027615025932525043
2021-10-20,0.002816901408450707,0.0,0.012676056338028182,0.005617977528089893,-0.005586592178770955,0.44444444197530864,-0.007697690692792246,0.009873060648104871,0.0,0.0007022471910113145,0.0007027406886857975,10776,10764,,1.834893136763621,4.101151926259064,-0.5414545787929349,2.570604295400702,0.010107506855417385,1.7808545746636801,1.42,0.003863778633159019
2021-10-21,-0.002106741573033632,-0.0042223786066150635,0.014747191011236047,-0.004926108374384319,0.0007072135785007864,0.23809523696145526,-0.012596221133659912,0.006338028168567829,0.096774193392299,0.003518648838845808,0.0014154281670205248,10801,10834,,1.7397583401996406,3.065416809250031,-0.5083790121079782,1.4474648410675084,0.009459711205720457,2.2199408968539087,1.424,0.004583929307920812
2021-10-22,0.00070671378091865,0.00494350282485884,0.012720848056537113,0.00847457627118645,-0.003501400560224015,0.6111111077160555,-0.00559832050384885,0.011323425335362824,0.1272727270413251,0.00494350282485884,0.000703234880450149,10872,10851,,1.6102462546743996,3.9932982239368955,-0.5076072117022882,2.188985792565102,0.009092236486515892,1.9797109136705322,1.415,0.004555043044786578
2021-10-25,-0.0028109627547435023,0.010570824524312827,0.015460295151089262,0.0028188865398167747,0.007730147575544553,0.9545454502066065,-0.00771929824561412,0.014144271569013855,0.20270270242877744,0.0014094432699083873,0.0027972027972028,10943,10903,,1.343435511056716,2.7360546348262287,-0.39629685208923987,1.346742300552503,0.011101980418813204,1.9816284096985435,1.423,0.005416239917087591
2021-10-26,0.0,-0.0034867503486749607,0.011854951185495207,0.0013947001394700152,-0.005567153792623526,0.2941176453287243,-0.010416666666666598,0.00488485694313427,0.08333333319444321,0.0020920502092051,0.0021037868162693645,10945,10987,,1.6357365261836274,3.6694150047041036,-0.5190594602641306,1.990293898583258,0.007720537415583204,2.201919227215355,1.434,0.002497370029498092
2021-10-27,-0.0020993701889433967,-0.00981767180925667,0.016095171448565523,-0.010518934081346356,0.0007087172218284124,0.3478260854442327,-0.010563380281690073,0.005693950177530684,0.2592592587791463,-0.004908835904628258,0.0014184397163120581,10992,11020,,1.6297907439411472,3.8768906009103663,-0.5207713380759209,1.9646588743136302,0.008347456224783603,2.7553303791135892,1.429,0.003028330336173266
2021-10-28,-0.0028328611898017025,0.0028409090909090936,0.012039660056657157,0.003551136363636446,-0.0014144271570014158,0.4117647034602038,-0.00915492957746472,0.004961020552447763,0.06060606051423304,0.0028409090909090936,0.0014184397163120581,11040,11084,,1.571993517193608,5.463289816056167,-0.35971927504055073,3.0151622195621686,0.012466058042454212,1.363702928843639,1.412,0.004528932556767402
2021-10-29,0.0,0.02691218130311617,0.029745042492917876,0.018413597733711064,0.008344923504867879,0.9523809501133786,-0.004216444132115253,0.025441696111276228,0.5066666659911119,0.0035410764872522067,0.001381215469613261,11134,11088,,0.9994935362308734,1.1817179427319169,-0.15375699139805232,1.3121023521136363,0.01061282134298814,3.9574773047509737,1.412,0.006174206198703192
2021-11-01,-0.0006896551724137172,0.006901311249137342,0.01724137931034477,0.011732229123533404,-0.004774897680763912,0.5599999977600024,-0.006130790190735625,0.01381215469517873,0.13333333315555615,0.0006901311249136576,-0.003415300546448015,11153,11136,,2.8080669326798877,4.07125719832641,-0.6651874840311479,1.7358917077045442,0.0106770218577551,2.341476874255328,1.45,0.004680915367460463
2021-11-02,0.0,0.0006854009595612679,0.020562028786840318,0.007539410555174707,-0.00680272108843538,0.39999999866666663,-0.01762711864406781,0.011042097997857698,0.00813008129420232,0.010281014393420083,0.0013717421124828544,11190,11213,,1.1082191716799963,1.6767915061332193,-0.3828930786396706,0.8433024392058455,0.01643945610753049,1.8248778804652797,1.459,0.00863361180715635
2021-11-03,0.0006849315068493917,-0.0047912388774812575,0.021917808219178103,-0.010266940451745464,0.006228373702422073,0.43749999863281247,-0.01974132062627647,0.010416666665943373,0.07291666659071314,-0.0006844626967831019,0.0,11233,11265,,1.6287236528396591,3.0229337021981824,-0.5002150120785059,1.3987778620462037,0.012176872724166786,2.627932512893733,1.46,0.004248665223433221
2021-11-04,0.0013755158184319133,0.006868131868131874,0.01169188445667134,0.007554945054945138,-0.0006816632583504512,0.5882352906574356,-0.0074728260869564534,0.004778156996260805,0.185185184842255,0.010989010989010999,0.0013661202185792363,11284,11280,,1.5134898512409471,4.652210756948299,-0.39151599956751554,2.7783470150007257,0.009462136034696993,1.796634476401403,1.454,0.002733736110800066
2021-11-05,0.002046384720327499,-0.010891763104152494,0.01568894952251032,-0.0027229407760381236,-0.00886766712141876,0.21739130340265028,-0.014285714285714223,0.0068493150680240256,0.21917808189153723,-0.0034036759700477297,-0.0006877579092158802,11328,11373,,1.82727455949207,3.3913036118763777,-0.3383539139502666,2.605901518520787,0.008927513635520388,2.576305193291249,1.466,0.0037609006291681505
2021-11-08,-0.0027529249827942213,0.0034506556245685943,0.013764624913971105,-0.0013802622498274683,0.004143646408839783,0.9499999952499945,-0.006215469613259597,0.010423905489199104,0.09090909074379835,-0.004140786749482405,0.0013774104683195606,11376,11383,,2.1260422446212646,6.550462332702607,-0.5050153299882179,3.3892138955474675,0.0074172267722261145,2.69642554347235,1.453,0.0022511070171814854
2021-11-09,0.0,0.015130674002751046,0.017881705639614873,0.006877579092159566,0.00888585099111408,0.9999999961538462,-0.0027322404371584725,0.012345679011498936,0.4230769222633136,0.0027510316368638266,0.0033990482664853112,11456,11424,,0.6658305110821687,1.7577943110917627,0.1124637948754375,0.7989550625210713,0.00790467466218886,3.2891928867672275,1.454,0.002172084374460456
2021-11-10,-0.0020325203252031785,0.0013577732518669393,0.014905149051490528,-0.0013577732518669393,0.003401360544217766,0.9545454502066166,-0.012219959266802454,0.013745704466409242,0.02222222219753103,-0.0027155465037338785,0.003401360544217766,11473,11492,,1.6053080789732201,2.4680593291792516,-0.35116753054003946,0.6839861310827803,0.011577107414845179,1.9003019512248374,1.476,0.004078135260733696
2021-11-11,-0.004067796610169495,0.01633764465622874,0.021016949152542316,0.013614703880190617,0.002686366689053058,0.8387096747138427,-0.005394470667565749,0.014237288134627917,0.3636363630854019,0.008849557522123826,0.0,11547,11520,,1.32905081904023,2.006883459136888,-0.4099666785627482,1.3175708808463347,0.008989321266437183,3.448536183803875,1.475,0.0028533234209495773
2021-11-12,-0.0033489618218353083,0.006048387096774273,0.01138647019423972,0.002688172043010755,0.003351206434316431,0.9411764650519092,-0.004013377926421408,0.010114632501003668,0.160714285427296,0.004704301075268896,-0.0006675567423230239,11605,11568,,1.275814274072624,4.232340239931512,-0.22691644181915058,2.2567379707098336,0.00858713264030449,1.9797062085938015,1.493,0.0030942931367747705
2021-11-15,0.0006680026720106145,-0.008010680907877177,0.01269205076820301,-0.0046728971962616125,-0.002684563758389264,0.052631578670354576,-0.009333333333333341,0.00671140939552273,0.21428571390306123,-0.004005340453938589,-0.0006724949562879031,11616,11663,,1.617354631214935,3.4916486554922725,-0.5320003354640562,2.0598900953635577,0.007980984993333249,2.3806584998976086,1.497,0.003428580756011914
2021-11-16,-0.0013458950201884266,-0.006064690026954108,0.012786002691790126,0.004043126684636122,-0.010067114093959667,0.05263157867036564,-0.01073105298457412,0.008113590263143103,0.13636363615702266,0.0013477088948787074,-0.0020297699594045275,11671,11708,,1.1119853941486293,2.145174203350185,-0.2647812553761125,1.326230280961712,0.008631446516304543,2.2012532596922627,1.486,0.003217348348794455
2021-11-17,-0.0006779661016949911,0.011533242876526545,0.01559322033898314,0.007462686567164261,0.004040404040404044,0.9130434742911157,-0.0040622884224779995,0.014276002718268054,0.3207547163759386,0.0,0.0006711409395973905,11755,11718,,1.3103236071396396,2.088511535713161,-0.35836516085387826,0.9784941878109945,0.006489409708274243,3.5442360213827557,1.475,0.0018478927944299527
2021-11-18,-0.004024144869215295,-0.004040404040404044,0.012072434607645885,0.0,-0.004040404040404044,0.44444444197530864,-0.008742434431741844,0.007462686566657973,0.09677419339229934,-0.00606060606060614,-0.0026972353337828747,11760,11769,,2.4308736352432416,1.752157044842069,-0.6365140614252464,1.5376354409189739,0.008286720262524819,2.1721500439910746,1.491,0.0026800452885586386
2021-11-19,-0.001352265043948615,0.016249153689911845,0.017579445571331846,0.009478672985781998,0.006706908115358676,0.9999999961538462,-0.006016042780748594,0.009414929387396298,0.5217391293005699,0.008801624915368924,0.0006666666666665932,11843,11808,,0.8443060898286222,5.131745995160874,-0.11291407976567445,2.3335017251791443,0.011411866806594272,2.2783301113489043,1.479,0.00420105627671158
2021-11-22,-0.000666222518321046,0.021999999999999947,0.025982678214523602,0.021999999999999947,0.0,0.8461538439842204,-0.003250975292587851,0.01585204755509565,0.4999999992424192,0.016000000000000014,-0.003250975292587851,11897,11856,,1.6004216628736196,3.4283882284283638,-0.47670623038333776,2.0418031841842232,0.01308554958595734,2.9803868340244417,1.501,0.00451489352117838
2021-11-23,-0.0026092628832354884,0.0019620667102682237,0.009132420091324209,0.007194244604316626,-0.005194805194805199,0.2857142836734694,-0.007792207792207799,0.005221932114541654,0.0508474575409383,0.003924133420536302,0.0,11906,11936,,1.9581518364269288,3.6610626685826912,-0.6183628596668892,1.616626393154535,0.009046222675149686,1.5476072553130726,1.533,0.002766915202406327
2021-11-24,0.0,-0.003263707571801642,0.012402088772845892,0.003916449086161883,-0.007152145643693186,0.052631578670354576,-0.010369410239792622,0.005211726384025299,0.06944444434799538,0.00718015665796338,-0.0019607843137255643,11957,11997,,1.611630213148165,2.3488280949295417,-0.41980239388184315,1.806678870243114,0.007876954983579505,2.4120995738071147,1.532,0.0026359303085083077
2021-11-25,-0.0006548788474131565,-0.0013106159895150732,0.008513425016372051,-0.0006553079947576093,0.0,0.23076922899408944,-0.007180156657963525,0.006570302233471077,0.02816901404483233,-0.0006553079947576093,0.0,12007,12004,,1.7033967191249904,2.9254530381363177,-0.49324556762898686,1.2690751850758417,0.00927949705190507,1.4009379804951219,1.527,0.00531716713413807
2021-11-26,-0.003280839895013199,-0.00263331138907176,0.011811023622047254,-0.005924950625411388,0.0033112582781456247,0.44444444197530864,-0.009848982271831848,0.006631299734308275,0.06451612892820048,-0.000658327847267867,-0.0013183915622940025,12048,12066,,1.9155735754112637,2.874130216520352,-0.6314691462973974,1.3357214417839711,0.007640117523560329,2.3559846702480396,1.524,0.0016348007474446613
2021-11-29,-0.006600660066006607,0.017275747508305666,0.02046204620462041,0.015946843853820614,0.000653594771241758,0.9999999967741935,-0.005882352941176549,0.00989445910224964,0.38805970091333924,0.01328903654485051,0.00327653997378761,12143,12096,,1.9151548056624037,6.9143332842624,-0.44476118557598066,3.6405056874311907,0.01121407495123874,2.764383139791415,1.515,0.004831653408113959
2021-11-30,0.0,-0.0006531678641410124,0.011757021554539528,0.0006531678641411574,-0.001956947162426544,0.7222222182098826,-0.00978473581213301,0.007905138339400196,0.015151515128556375,-0.0006531678641410124,0.004596191726854969,12144,12182,,1.0636209084850057,2.1131393340726587,0.11775990935916793,0.9000218168507522,0.00811822851620573,2.217232459316081,1.531,0.0028798520490141886
2021-12-01,-0.0013071895424836613,-0.011125654450261863,0.016993464052287598,-0.007853403141361263,-0.0039551746868820075,0.07692307662721894,-0.01371652514696271,0.0013245033111705638,0.32692307629438083,-0.0013089005235602106,0.0006622516556290661,12192,12226,,1.0681447311812906,2.6338274055485624,-0.13449237805508796,0.8825507800885071,0.00663690578817165,3.9174881244492927,1.53,0.0022174978353262354
2021-12-02,-0.003970880211780282,-0.014617940199335414,0.01919258769027129,-0.009966777408637809,-0.0046979865771811374,0.03448275850178755,-0.01657824933686997,0.004663557627937217,0.3013698626008579,0.0019933554817276504,-0.0026899798251513135,12240,12285,,2.0560295304767195,2.3259169192142517,-0.5402004615414376,0.6347857637736473,0.009198407725462742,3.152719530408625,1.511,0.0041824726649793195
2021-12-03,0.0,0.010788941335131499,0.011463250168577143,0.0040458530006743125,0.0060402684563759185,0.9411764650519092,-0.005347593582887705,0.009427609426974579,0.2666666662222173,0.006743088334457187,0.0013360053440213773,12335,12288,,1.3346596208209638,2.789377928677847,-0.2379430336388538,1.092768807175611,0.008446038936525506,2.0127778153146316,1.483,0.003284260621017416
2021-12-06,-0.0006671114076051447,-0.02403204272363153,0.025350233488992683,-0.013351134846461962,-0.010825439783491214,0.052631578808864266,-0.01946308724832209,0.002711864406595808,0.6206896541022616,-0.009345794392523372,-0.004765146358066792,12336,12382,,1.22582528004815,2.8949458477730614,-0.25680265384677164,1.1763766139820144,0.009432295915552197,4.028711560509204,1.499,0.003909714432993044
2021-12-07,0.004103967168262657,-0.014305177111716558,0.024623803009575947,-0.017711171662125356,0.002772002772002774,0.3333333324074074,-0.019795221843003506,0.007660167130385867,0.2560975606632943,-0.007493188010899114,0.005559416261292569,12384,12418,,2.2378046155466502,2.7452937034518032,-0.6900599392613865,1.2554661411091341,0.011564609857241807,3.112945454546583,1.462,0.003647147999613675
2021-12-08,0.003455425017277051,0.011019283746556485,0.013130615065653163,0.011019283746556485,0.0,0.8421052587257568,-0.00547195622435021,0.011004126546698488,0.23529411730104038,0.0020661157024794174,-0.0006807351940096065,12475,12432,,2.070288253557691,8.455053558880678,-0.3150197311199063,5.222965813428026,0.010096163067744557,1.8819030243787804,1.447,0.0037542155502223243
2021-12-09,0.0006811989100818201,0.013614703880190617,0.020435967302452333,0.010211027910142887,0.002693602693602696,0.8666666637777778,-0.00476190476190469,0.019822282978822752,0.2857142853061216,-0.002042205582028668,-0.0020107238605897395,12521,12483,,1.7401559246548717,1.91334386291004,-0.5031079826804788,0.9227965832599732,0.007866343363961541,3.8137160088979685,1.468,0.002347525631007286
2021-12-10,-0.004029550033579587,0.010788941335131499,0.01477501678979167,0.006068779501011394,0.004691689008042974,0.9090909049586868,-0.0033647375504709917,0.012829169479214711,0.3018867918832318,-0.0013486176668914373,0.0013360053440213773,12575,12534,,1.140963781501938,4.169875725975071,-0.20344823425306346,2.2676816846278602,0.006218713466437497,3.5377091684579547,1.489,0.0023300311606113252
2021-12-13,-0.0013342228152101413,-0.0013360053440213773,0.009339559706470988,0.0026720106880426062,-0.003997335109926572,0.4999999964285794,-0.004660452729693672,0.008053691274627276,0.0338983050272912,-0.0013360053440213773,-0.0006684491978608889,12597,12587,,2.3615537293343527,2.758762652709185,-0.4875820546548743,1.2828459083947676,0.008168518996721788,1.713896954176006,1.499,0.003099007562702417
2021-12-14,-0.004013377926421408,0.002686366689053058,0.011371237458193914,0.006044325050369306,-0.004002668445630423,0.352941174394466,-0.009320905459387492,0.0060281312788995865,0.07142857130102097,0.005372733378106116,0.0033602150537635185,12633,12668,,1.5344515747615184,3.0889751690774316,-0.4894542865988466,1.4786199726830285,0.008613096005631959,1.973738571067829,1.495,0.003390173075379627
2021-12-15,-0.002679169457468187,-0.009402283411685702,0.014065639651708057,0.0006715916722631899,-0.010067114093959667,0.047619047392295284,-0.012717536813922294,0.00335795836109073,0.2916666660590251,0.003357958361316248,-0.004723346828609916,12672,12719,,0.691866790801696,1.3562767041905803,0.20988337430639936,1.0908812519031477,0.006161124795503596,3.408468478755557,1.493,0.0015557545821722172
2021-12-16,0.0013559322033898317,0.0006770480704129247,0.010169491525423662,-0.0006770480704130751,0.0013550135501355027,0.3333333311111062,-0.009414929388029597,0.0040733197553242855,0.019607843098806015,-0.0006770480704130751,-0.0006761325219743826,12720,12735,,2.0298040434627698,4.7045724971511795,-0.49413118106158616,2.459436292260101,0.00990823984239996,1.5138914769121572,1.475,0.0037536145808476605
2021-12-17,-0.0027063599458728035,-0.014925373134328372,0.022327469553450704,-0.014246947082767915,-0.0006882312456986317,0.12121212084481134,-0.016960651289009438,0.002756719503600504,0.3548387091050963,-0.005427408412483044,0.0006891798759475464,12768,12814,,1.3354075055717174,2.3553700881974904,-0.2615127104646624,0.9633179083680181,0.00787041600580561,4.19291681105116,1.478,0.002649441136274149
2021-12-20,-0.005509641873278242,-0.015927977839335118,0.02617079889807165,-0.010387811634348963,-0.00559832050384885,0.10526315761772853,-0.02341597796143253,0.004207573632243512,0.29113924013779174,0.0006925207756233462,0.002115655853314608,12818,12857,,1.3976333453957128,4.131830772457784,-0.2796291168176138,2.6196396760822007,0.010599997359590729,3.5849065195405467,1.452,0.0037151816710759883
2021-12-21,-0.0014074595355383546,0.008456659619450324,0.011963406052075935,0.0007047216349541155,0.007746478873239522,0.8235294069204205,-0.009084556254367661,0.009167842030383172,0.21428571390306206,0.007751937984496053,0.0021008403361345335,12865,12879,,2.1727279846804213,5.692647482198842,-0.5014972888267676,3.1824010348902543,0.011731241124009884,1.449122021735147,1.421,0.004295747080516843
2021-12-22,0.0013976240391334743,-0.003489183531053814,0.00978336827393432,0.002791346824842989,-0.006263048016701544,0.1428571418367347,-0.006954102920723233,0.006298110566389143,0.10416666644965701,-0.0006978367062108248,-0.0013986013986014,12920,12958,,1.4676823477094396,4.099771833497382,-0.251577094156812,2.231032220651207,0.007951558955654994,1.7606610102510005,1.431,0.004243418485454315
2021-12-23,0.0021008403361345335,-0.0006988120195668147,0.008403361344537823,0.0006988120195666595,-0.0013966480446927388,0.7499999937499908,-0.004888268156424508,0.007735583684406865,0.015151515128559943,-0.0006988120195668147,-0.0006988120195668147,12962,12960,,0.9569208558039447,3.0064967392339703,0.06736010968556777,1.848280681068648,0.011521116052521763,1.0415657511944647,1.428,0.004437196189349801
2021-12-24,-0.002097902097902022,-0.00840925017519272,0.016083916083916176,-0.00840925017519272,0.0,0.3043478247637085,-0.013305322128851476,0.004258339247391179,0.1739130432262127,-0.0028030833917309064,0.002834868887313964,13008,13025,,1.8645380947194419,1.7756017580386243,-0.5000037447859861,1.2842522015985203,0.008775615049010017,2.6208988896459045,1.43,0.0033520503135616997
2021-12-27,-0.001413427561837457,-0.0014154281670205248,0.01413427561837457,0.0,-0.0014154281670205248,0.34999999825000555,-0.01264933239634576,0.004270462633148013,0.04166666657986034,0.0007077140835101839,0.002130681818181899,13056,13085,,1.2140973607857977,5.488344102326098,-0.2799321642313158,3.0165720047789066,0.01001291393716509,1.9974205237122484,1.415,0.003345279057707272
2021-12-28,0.001417434443656982,0.006369426751592283,0.008504606661941893,0.0021231422505307088,0.004237288135593225,0.9166666590277687,-0.002120141342756264,0.007082152974002687,0.25714285640815926,0.0007077140835101839,0.0014084507042253535,13147,13108,,0.8264459779140673,2.8111366829132,0.1393058367194759,2.119692435025746,0.005127830409016353,2.3401709512239544,1.411,0.0020392222865768723
2021-12-29,-0.001406469760900142,-0.007042253521126767,0.011954992967651285,-0.007746478873239366,0.0007097232079488218,0.23529411626297422,-0.010555946516537736,0.004267425319753388,0.18518518484224814,-0.0035211267605633053,-0.0014164305949008512,13153,13180,,1.9282925277950194,3.1046542710654537,-0.5557681126538486,1.35050668846886,0.006719161268755821,2.5300776491319774,1.422,0.0016468263512417732
2021-12-30,0.0,0.014184397163120581,0.018439716312056754,0.014184397163120581,-0.0006988120195668147,0.8461538428994082,-0.0062761506276149915,0.01342756183650682,0.36363636297521323,0.00851063829787235,0.0006997900629810285,13219,13200,,2.9040781646640585,2.8052624706032514,-0.7093039907299402,1.1006513396072783,0.007907843100469698,3.287875004711236,1.41,0.0020844098183878117
2021-12-31,0.0034965034965035776,0.011846689895470316,0.013286713286713221,0.0069686411149825845,0.004844290657439374,0.8947368373961212,-0.0020790020790021576,0.01112656467238342,0.3269230762943724,0.005574912891986067,0.0013793103448275874,13293,13248,,1.233308657024432,4.685143114465118,-0.27796492218526075,2.6593777471804327,0.0075364061607655864,2.5210955119170806,1.43,0.0033799918672612317
2022-01-04,0.0013774104683195606,-0.023383768913342526,0.028236914600551066,-0.02132049518569458,-0.0021082220660577048,0.09756097537180224,-0.018698060941828194,0.00635144671797089,0.5312499991699257,-0.015130674002751046,0.0007047216349541155,13296,13310,,2.0729287923397806,1.9988656511747689,-0.6191507165944466,1.007127165593465,0.010871238009705755,3.7714195555514207,1.452,0.002726214754723528
2022-01-05,-0.0014084507042253535,-0.023977433004231333,0.028169014084507067,-0.019746121297602275,-0.004316546762589932,0.07499999981249722,-0.019858156028368813,0.004341534008368924,0.5312499991699238,-0.012693935119887177,-0.0021629416005768663,13344,13374,,1.4754766488270485,2.9918819623458863,-0.5375995910355768,1.6388077732204873,0.009621168031395604,4.157499323753925,1.42,0.0028609243334517865
2022-01-06,-0.002890173410404627,-0.0036231884057970243,0.018786127167630076,-0.0007246376811593405,-0.0036231884057970243,0.4615384597633136,-0.013015184381778754,0.012454212453299987,0.06849315059110407,-0.0065217391304347085,-0.0014524328249818459,13392,13401,,3.0978247316536978,6.633383234645935,-0.6114345390611678,3.467834556857372,0.011938037392301998,2.1779124095367934,1.384,0.005996926943693874
2022-01-07,0.002181818181818103,-0.014513788098693612,0.018909090909090764,-0.008708272859216102,-0.0058565153733528596,0.0,-0.016654598117306234,0.0051319648090078435,0.3773584898540419,0.0,-0.003668378576669034,13442,13484,,1.0424937993992747,1.9450067828040212,-0.09711419912547677,1.6474910543505255,0.008053565851960763,3.228383570096636,1.375,0.0026613407344734364
2022-01-10,0.0022091310751103767,0.008082292432035357,0.022827687776141484,0.009551800146950862,-0.0007283321194463874,0.9354838679500522,-0.011764705882352951,0.02232142856976777,0.1279069765954593,-0.0022042615723731752,0.0021913805697590313,13510,13490,,2.7529013277603034,3.4093729376516952,-0.5757084103942962,2.0129655395764834,0.014504762993187606,2.1372289778769145,1.358,0.00795688460829809
2022-01-11,0.0,-0.020408163265306138,0.021137026239067155,-0.013848396501457819,-0.006651884700665112,0.03448275850178729,-0.01754385964912282,0.0037091988127811375,0.4307692301065082,-0.008017492711370349,0.0,13536,13583,,1.4796137336065973,1.7654775388650514,-0.31406400042002647,0.5118842067399537,0.00883465650476563,3.282527131202454,1.372,0.0031019784653920743
2022-01-12,0.004464285714285718,0.011851851851851862,0.013392857142857154,0.0037037037037036245,0.008862629246676522,0.944444439197537,-0.005869405722670585,0.010347376200269974,0.29629629574759825,0.005185185185185107,0.0,13620,13584,,1.537660021031583,4.301759116935682,-0.40897278807973264,1.8349063661471476,0.007791151377026741,2.3103131870912073,1.344,0.0032587838063111575
2022-01-13,0.0007320644216690262,-0.013899049012435922,0.016105417276720366,-0.006583760058522237,-0.008094186902133848,0.04545454524793893,-0.01027900146842879,0.008142116949804523,0.3114754093254455,-0.01024140453547916,0.0,13632,13673,,1.1336533342621697,3.7816831017818893,-0.2667440410351632,1.8982212799317293,0.011966000797666123,1.8385423992648162,1.366,0.0038212097571767687
2022-01-14,-0.004451038575667659,0.017883755588673635,0.022997032640949492,0.013412816691505227,0.005150846210448946,0.9032258035379844,-0.003668378576669034,0.014094955488568553,0.3749999994140638,0.008941877794336818,0.0014662756598240482,13716,13680,,1.06847961692099,2.9583295579156195,-0.1472843555020065,1.0638197728950933,0.01117817513104212,2.77326123085922,1.348,0.004456821983124116
2022-01-17,0.0,0.018301610541727607,0.023426061493411438,0.016105417276720203,0.002161383285302676,0.8749999972656249,-0.0050505050505049755,0.018274853799833644,0.3521126755604059,0.008052708638360101,0.001439884809215264,13773,13728,,1.922921736134436,2.651646618969863,-0.5151876964839625,1.4911440403306182,0.0102287784771414,3.1284282633228098,1.366,0.004083439105543244
2022-01-18,-0.0007189072609634162,0.003597122302158357,0.028037383177570038,0.005035971223021667,-0.0007163323782234169,0.4102564092044719,-0.017667844522968292,0.02092352092201139,0.06329113916039211,0.012230215827338221,-0.0007163323782234169,13787,13776,,3.2782774842090343,2.7856022363532884,-0.5999466116485812,1.494494516636896,0.012659260057829719,3.080748757333858,1.391,0.005488315950256812
2022-01-19,-0.0035842293906810864,-0.008633093525179865,0.01648745519713255,-0.007194244604316554,-0.0007251631617114662,0.30434782476370176,-0.012230215827338062,0.006517016654126137,0.17910447734462345,-0.0021582733812948863,0.002181818181818103,13824,13864,,1.2700512684046907,3.616402474904236,-0.2932126674993967,1.9516271563407115,0.009283871657570952,2.4774146606714513,1.395,0.0028246211895573796
2022-01-20,0.0,-0.011611030478954858,0.017416545718432527,-0.009433962264150872,-0.0021978021978021184,0.2083333324652824,-0.0159420289855071,0.005869405722239961,0.2105263155124637,-0.005805515239477348,0.001470588235294119,13872,13909,,1.3458065795023326,1.6545148733677746,-0.08728445860754008,4.906015342396934,0.010061962681092015,2.385220510366003,1.378,0.003915236731806052
2022-01-21,-0.004405286343612339,-0.0088495575221239,0.013950073421439153,-0.006637168141593008,-0.0022271714922048194,0.15789473601108525,-0.010324483775811218,0.005934718100449952,0.16216216194302266,-0.0007374631268437403,-0.00148588410104012,13920,13965,,1.528882902197669,5.651232050169421,-0.34903957622671433,3.207983796679571,0.0131551472552723,1.4443015716114602,1.362,0.005939610468307164
2022-01-24,-0.0029761904761904786,0.016417910447761207,0.017113095238095333,0.01417910447761187,0.0022075055187638806,0.9999999956521739,-0.006632277081798008,0.010385756675787415,0.36666666605555553,0.01044776119402986,0.0036845983787767984,13998,13968,,1.6900334768347205,4.367626033700166,-0.39484053485782084,2.362283739669371,0.011302764908681453,2.0349003082284947,1.344,0.003590745175772948
2022-01-25,-0.0051395007342144765,-0.02066420664206644,0.02643171806167403,-0.007380073800738014,-0.0133828996282528,0.0277777777006142,-0.02498163115356358,0.005952380951938072,0.349999999562501,0.0022140221402214863,-0.0074794315632012035,14016,14063,,0.5935001716767063,2.2871256519086094,0.35111316591214864,0.6233333262076539,0.012042551970705516,2.9893995715055244,1.362,0.004045989430350422
2022-01-26,0.005275056518462786,-0.00599700149925038,0.01959306706857575,-0.010494752623688165,0.005307050796057708,0.49999999807692735,-0.01795063575168289,0.012185833967084106,0.09638554205254768,-0.01199400299850076,-0.0007535795026374453,14065,14092,,1.5472185586335199,3.7964498444303447,-0.46655611491220617,1.9053639559741917,0.013320767137388978,1.9518395252056309,1.327,0.007742634521601039
2022-01-27,-0.004524886877828058,-0.021969696969697073,0.029411764705882294,-0.013636363636363648,-0.009209516500383739,0.025641025575276647,-0.027128862094951044,0.0061680801845668464,0.34523809482709883,-0.002272727272727359,-0.006158583525789074,14113,14158,,1.200724139399318,2.6871565142571234,-0.17053422069497476,0.980766653324153,0.013056243283061892,2.987076669434284,1.326,0.004475450943952992
2022-01-28,0.008520526723470272,-0.014592933947772755,0.019364833462432157,-0.00614439324116744,-0.009266409266409275,0.11999999951999608,-0.016884113584036853,0.017174082746512578,0.19791666646050557,-0.0076804915514593,-0.006196746707978317,14160,14169,,1.4321344836785936,2.721827095615189,-0.34981154514461077,1.5425259309007722,0.01533355650216491,1.6304110421759697,1.291,0.0069679734416506454
2022-02-07,0.013250194855806802,-0.012307692307692318,0.02338269680436479,-0.01076923076923078,-0.0015552099533437027,0.09999999966667036,-0.021374045801526735,0.00537221795814497,0.28070175389350516,-0.0030769230769230795,0.0,14210,14250,,2.056001101382723,5.570922694880667,-0.48133578895716567,3.2284339791418146,0.010341574666606622,2.9009121605803485,1.283,0.0046480608627414086
2022-02-08,-0.0015576323987538953,-0.020280811232449316,0.033489096573208664,-0.028861154446177786,0.008835341365461765,0.3488372084910746,-0.02814698983580908,0.010458567979850395,0.3058823525813193,-0.010920436817472708,0.00399680255795373,14256,14281,,2.393820252966569,2.9749866191673653,-0.6371850068208393,1.3493761017563433,0.012752294508566969,3.3719421735373496,1.284,0.003931634656407623
2022-02-09,0.0,0.003184713375796181,0.013535031847133682,-0.003184713375796181,0.0071942446043166425,0.9411764650519092,-0.011904761904761828,0.01285140562145755,0.057971014408738315,-0.007165605095541319,0.0,14305,14310,,1.4215960043344635,3.2493827150829793,-0.5372570737070694,1.7099391039501972,0.010808902336499898,1.5727776339800867,1.256,0.003988261669095934
2022-02-10,0.0015873015873015886,-0.019017432646592728,0.025396825396825244,-0.016640253565768547,-0.0024174053182917914,0.2187499993164043,-0.023790642347343224,0.005686433793201666,0.3478260864524277,-0.012678288431061818,0.0016181229773462797,14352,14382,,1.8597463399692067,2.3524231492563183,-0.6691943389528652,1.47031348590755,0.010758844296018144,2.97429712914549,1.26,0.004560177443970523
2022-02-11,-0.004846526655896612,-0.012175324675324596,0.01696284329563805,-0.005681818181818097,-0.006530612244897965,0.0,-0.013776337115072855,0.004081632652727943,0.28846153790680873,0.0016233766233766248,-0.0016406890894175568,14405,14444,,1.0817440586718123,3.104343878113474,-0.25364381827295335,2.021559764636404,0.008450337517792084,2.4851078086850236,1.238,0.0028732932764161437
2022-02-14,-0.0057518488085456995,0.008264462809917363,0.02382908792111743,0.00661157024793389,0.001642036124794747,0.7931034455410217,-0.011437908496732036,0.010734929809187783,0.1136363635072317,0.011570247933884309,0.006600660066006607,14459,14448,,1.682842588160468,6.766828120502768,-0.3194448781703548,3.193463149038914,0.013335848128364287,2.1745898351121924,1.217,0.005373178265218351
2022-02-15,-0.0008196721311474508,0.02543068088597204,0.027868852459016418,0.022969647251845794,0.0024057738572573306,0.9411764678200691,-0.005608974358974275,0.022058823527609503,0.4492753616677189,0.010664479081214028,0.0024057738572573306,14543,14496,,1.7040925884545168,3.0513354770756056,-0.4563803287489763,1.325292986833477,0.011391055523781954,2.984797996158995,1.22,0.00422814578115194
2022-02-16,0.0032000000000000028,-0.007177033492822884,0.011999999999999922,-0.002392344497607746,-0.004796163069544192,0.19999999866667556,-0.007980845969672615,0.006425702810728686,0.17999999964000019,-0.0031897926634768766,0.0008038585209004115,14544,14546,,2.3686105502206307,5.619505610679511,-0.5307504214266695,2.5445453503779087,0.009250459315980732,1.6215410852012917,1.25,0.003767241952265325
2022-02-17,-0.0032128514056224927,0.011281224818694431,0.02008032128514049,0.018533440773569627,-0.005546751188589633,0.5999999975999982,-0.008702531645569715,0.016077170416714068,0.2153846150532551,0.0056406124093472156,0.0,14614,14592,,1.3300537992015973,1.9556081128577765,-0.15184295310442647,1.251640092879815,0.011077336313342383,2.2568602294941607,1.245,0.0039722628689263925
2022-02-18,-0.005577689243027806,0.003205128205128208,0.011155378486055611,0.001602564102564104,0.0016000000000000014,0.7857142801020454,-0.006379585326953753,0.00884955752141186,0.06060606051423447,0.001602564102564104,0.002401921537229697,14686,14643,,1.1925207356513046,4.518623004845191,-0.22482427741507255,2.2099765774213997,0.010308307930370105,1.3581278284227931,1.255,0.004479682267468706
2022-02-21,0.0,-0.0087859424920127,0.015974440894568703,-0.007987220447284352,-0.0008051529790659339,0.04999999975000555,-0.014308426073131968,0.00402576489500607,0.22448979546022518,0.0,-0.0008051529790659339,14688,14727,,1.1317447292196352,3.3109698827647898,-0.03785006699836734,1.6434697871525785,0.009289476875490362,2.152973741446222,1.252,0.003676506272087669
2022-02-22,-0.008863819500402997,0.0008130081300813918,0.014504431909750213,-0.0008130081300812113,0.0016273393002441021,0.8333333287037098,-0.008156606851549763,0.012335526314775141,0.01333333331555682,-0.01056910569105683,0.005718954248366109,14736,14740,,2.6187618381725875,5.8800200507547125,-0.48420845867355633,2.63857253734154,0.012540834865686497,1.4353111295420575,1.241,0.0053340228203171015
2022-02-23,0.0008123476848090088,0.03814935064935059,0.04142973192526395,0.034902597402597345,0.0031372549019607872,0.9411764687427889,-0.0031645569620253194,0.028892455856429203,0.6811594193026583,0.019480519480519497,-0.0007812500000000874,14813,14784,,2.3521729898320665,2.758742633826828,-0.7130602064648875,0.9385421539086368,0.014984677894003432,3.4034765391961783,1.231,0.006310240450684565
2022-02-24,-0.006254886630179834,-0.003933910306844921,0.032056293979671566,0.0007867820613690889,-0.004716981132075476,0.43902438917311243,-0.027972027972028,0.012789768184429288,0.046728971918944,0.007867820613690015,0.011990407673861012,14840,14873,,0.763498370826987,2.7059539872313,-0.06786177009234648,1.1850603248066887,0.017723450269262433,2.3133193111825294,1.279,0.006984883009404377
2022-02-25,0.014218009478672999,0.004672897196261686,0.019747235387045745,0.003894080996884652,0.0,0.4799999980800021,-0.011529592621060647,0.01640624999871819,0.07228915653941095,0.006230529595015581,0.0007757951900699084,14896,14883,,4.635708132001031,6.622095488222741,-0.6505573416004057,2.8500383019330355,0.013073366324281669,1.912284807803325,1.266,0.004247261887508205
2022-02-28,0.0,0.005426356589147205,0.014728682170542563,-0.0007751937984496991,0.005426356589147205,0.8947368373961212,-0.006944444444444536,0.010911925174519735,0.09210526303670188,-0.001550387596899226,0.0007716049382715199,14975,14931,,2.023395804913467,4.025340972688724,-0.41516045546734065,2.0441274355684134,0.012079917719624272,1.5728583822924445,1.29,0.004368384981322853
2022-03-01,0.0030840400925212057,-0.008455034588777785,0.02004626060138784,-0.01229823212913145,0.003891050583657678,0.34615384482248945,-0.01382488479262674,0.004672897195897753,0.1718749997314436,-0.004611837048424293,0.0,14976,15003,,1.4225093995098683,6.324695736207266,-0.33084019781039836,3.8895263332501187,0.010515604137539844,2.472516025962841,1.297,0.00339809696547073
2022-03-02,-0.007751937984496131,0.000781249999999914,0.012403100775193809,-0.004687500000000004,0.004705882352941181,0.87499999453125,-0.005490196078431291,0.011041009462851664,0.01515151512855663,-0.007031250000000093,0.000781249999999914,15051,15032,,2.03100866222183,4.334012703036355,-0.5200940093867694,1.9714669897075618,0.010811898389709444,1.479851111738471,1.29,0.0038025766393766595
2022-03-03,0.003122560499609683,-0.01945525291828787,0.024980483996877464,-0.013229571984435725,-0.006309148264984233,0.0624999998046875,-0.01794071762870525,0.004724409448446901,0.4032258058012498,-0.011673151750972686,-0.0015847860538827272,15072,15118,,1.37713214956565,3.1817371707400484,-0.3261272078967651,1.3369859195192295,0.009693304514479112,3.3012477449848108,1.281,0.0035303201088044997
2022-03-04,-0.007936507936507943,0.0032000000000000028,0.02380952380952383,0.009600000000000008,-0.006339144215530909,0.19999999933333332,-0.0211598746081504,0.01754385964772379,0.05555555547839609,0.014400000000000013,0.0015974440894568705,15132,15120,,1.3837874334237554,3.843559330615813,-0.3770422170462363,1.8989111880317673,0.01345240536168942,2.2300844325154974,1.26,0.004026799653881127
2022-03-07,-0.003987240829346007,-0.025620496397117713,0.029505582137161198,-0.01761409127301843,-0.008149959250203755,0.13513513476990763,-0.016220600162206014,0.007352941175869955,0.49999999921874655,-0.019215372297838287,-0.0024590163934425343,15168,15213,,1.0193439698158735,3.393363179274514,-0.19863670881154152,1.7769579973330127,0.016744758154264284,2.2096467108193445,1.254,0.006959066622221764
2022-03-08,0.0,-0.027937551355792956,0.03861955628594918,-0.021364009860312262,-0.005882352941176383,0.02127659569941381,-0.03507340946166389,0.021043771041999795,0.261538461337279,0.0,-0.010041841004184109,15219,15263,,1.2469624188698956,2.2866407164023816,-0.23140745571960192,1.2930707937982715,0.020469442617136614,2.2961054997678407,1.217,0.00833558055886543
2022-03-09,0.006762468300929845,-0.005877413937867436,0.0633981403212172,-0.011754827875734687,0.005947323704332961,0.519999999306666,-0.046511627906976785,0.03135888501469002,0.04191616763957202,0.0016792611251049553,0.012831479897348078,15309,15297,,0.7314572160698012,2.1532891200156903,0.05888838543932324,1.5793835049945935,0.028432898785451854,2.6377894249247618,1.183,0.01022154550987404
2022-03-10,0.015202702702702717,-0.0008319467554075623,0.016047297297297407,0.004991680532445928,-0.00579470198675488,0.26315789335180484,-0.012366034624897052,0.012520868112477494,0.012658227832076735,0.0016638935108153094,-0.0016625103906899431,15315,15321,,3.4255535478409667,11.141343778200167,-0.46936162155144295,4.724482781934983,0.014585404114015274,1.302672159181082,1.184,0.004835514311840617
2022-03-11,-0.013322231473771868,0.022784810126582206,0.03247293921731902,-0.0067510548523206804,0.029736618521665183,0.9743589718606153,-0.015062761506276163,0.029736618519138707,0.22689075611185622,0.008438818565400852,0.0008257638315440874,15406,15381,,1.1472087661795878,4.308077643367934,-0.13127986455871093,2.5928587028268972,0.019644155336905337,1.9853233255694525,1.201,0.00541442057718012
2022-03-14,-0.010726072607260644,-0.02085070892410353,0.02557755775577551,-0.0066722268557131,-0.014273719563392212,0.03225806441206729,-0.02085070892410353,0.007582139847718351,0.2631578944598359,0.0,-0.012615643397813393,15414,15455,,1.1907503018444503,5.384050535521876,-0.17476193856733813,3.5030267263182053,0.0152819131232541,2.028541815878656,1.212,0.006785621669694878
2022-03-15,-0.013628620102214663,-0.013816925734024193,0.04173764906303231,0.014680483592400801,-0.02808510638297884,0.02040816322365459,-0.03791069924178614,0.03127715030136605,0.12213740448691811,-0.00259067357512944,-0.011255411255411362,15469,15503,,1.1891738824487184,4.431290236150668,-0.161289196581202,2.0025123113859826,0.021055585800886553,2.327173427073182,1.174,0.007029269768301779
2022-03-16,0.011383537653240038,0.014718614718614634,0.0516637478108581,-0.019913419913420025,0.03442188879082076,0.9322033882505025,-0.028645833333333266,0.050044682747985327,0.09340659335527038,-0.0034632034632034662,0.0034246575342465786,15544,15524,,1.4478759239905359,3.9400022545610103,-0.42768533684854515,2.6174336044638773,0.028775751944449552,2.050337378111382,1.142,0.00940777314652194
2022-03-17,0.014505119453925023,0.0,0.02645051194539261,0.011774600504625745,-0.01245847176079726,0.2903225797086394,-0.016542597187758492,0.019392917367673557,0.0,-0.0008410428931876466,-0.0033528918692372197,15579,15552,,1.5473525612412977,5.9964279982066175,-0.4634684013322822,3.6812659558334055,0.016492619470092316,1.8796286343871944,1.172,0.009082039974043613
2022-03-18,-0.007569386038688073,0.00847457627118645,0.01597981497056342,-0.0033898305084745796,0.011045029736618436,0.8947368373961212,-0.00928270042194103,0.013628620101053793,0.16393442596075994,0.0008474576271187389,0.0008410428931874599,15647,15625,,0.9099793036939466,4.902961196323759,-0.08472678205608875,2.8801656484605003,0.010517953183965655,1.806435100730568,1.189,0.0035172599392130723
2022-03-21,-0.000840336134453689,0.009251471825062993,0.020168067226890775,0.009251471825062993,-0.0008326394671108342,0.6666666638888888,-0.01491300745650374,0.013434088999711675,0.11827956976528861,0.00588730025231278,0.0008340283569640449,15659,15648,,2.092225972754551,2.228620821602349,-0.4832234261044603,1.1593371454909733,0.01469643651298155,1.6330489241725792,1.19,0.004287459183474714
2022-03-22,-0.0050000000000000044,-0.010887772194304774,0.013333333333333346,-0.007537688442210969,-0.0033755274261603402,0.062499999609381934,-0.010887772194304774,0.00846740050732707,0.19402985045667054,-0.0016750418760469027,-0.0025337837837836924,15697,15716,,1.208348825319752,1.7768970355523608,-0.15113468597472487,1.573542899886425,0.012063810636078419,1.3262807540696824,1.2,0.005633938721708363
2022-03-23,0.004233700254021925,0.0042158516020237066,0.016088060965283577,0.0025295109612142614,0.0016820857863751066,0.631578944044325,-0.006683375104427742,0.01269035532887571,0.06666666657777896,-0.0008431703204046289,-0.0016764459346186099,15753,15745,,1.7749225188730375,2.9901290061855703,-0.5467158988159064,1.5173676981217952,0.011875421006374794,1.5999432634688295,1.181,0.004505858731397729
2022-03-24,-0.007556675062972392,0.0,0.01595298068849698,-0.0008460236886631894,0.0,0.6842105227146795,-0.006791171477079802,0.014529914528672765,0.0,-0.006768189509306267,-0.0042122999157540985,15825,15801,,2.0970363768222033,3.855136968879881,-0.5723022076671886,1.625428843893734,0.012380851636043529,1.5346278596234622,1.191,0.0034266441141736236
2022-03-25,0.0,-0.024534686971235124,0.0304568527918782,-0.014382402707275723,-0.011149228130360121,0.027777777700620367,-0.028643639427127235,0.005937234944364861,0.40277777721836144,0.0008460236886633773,-0.005176876617773948,15840,15887,,0.8329767896880974,2.466220263668546,0.11082081700596402,1.2644340892191872,0.01206045867638586,2.9849610754847338,1.182,0.005824761814700008
2022-03-28,-0.008673026886383356,-0.0061242344706912664,0.014744145706851607,-0.002624671916010598,-0.0026338893766462805,0.2941176453287151,-0.013077593722755122,0.006140350876654458,0.094594594466765,0.0,0.003533568904593643,15889,15929,,1.306917430749937,4.877231765463842,-0.2498030619032145,3.3473035553517128,0.011951861531371552,1.422372557876496,1.153,0.0041103570766883556
2022-03-29,0.003521126760563384,-0.013157894736842021,0.019366197183098417,-0.009649122807017456,-0.003542958370239153,0.045454545247929294,-0.016608391608391528,0.005314437554888009,0.2142857139795896,0.002631578947368521,-0.0017746228926353166,15937,15979,,1.2628801733381552,4.5113475951838,-0.26141106079085025,2.9344331146837077,0.011549682069734307,1.9048143210079256,1.136,0.003927265034741765
2022-03-30,0.006222222222222129,0.022968197879858678,0.024888888888888912,0.015017667844523082,0.00783289817232367,0.9642857108418328,-0.005217391304347831,0.021164021162154868,0.41935483803330015,0.01325088339222626,0.0017301038062283753,16022,15984,,1.5838617892563518,3.3753526812018895,-0.4243342403641796,2.262404382212558,0.011317813641520619,2.4739760380822498,1.125,0.004259435593948404
2022-03-31,-0.00259067357512944,-0.015584415584415598,0.018998272884283265,-0.012987012987013094,-0.002631578947368326,0.18181818099173552,-0.014756944444444363,0.00440528634322411,0.3396226408686358,-0.007792207792207895,-0.0008787346221440158,16032,16062,,1.8694855758025082,2.93554170526399,-0.5270557557074694,2.5370613090267424,0.008527430601231898,2.5799095613666885,1.158,0.0020513695477530017
2022-04-01,-0.007915567282322004,0.006205673758865353,0.017590149516270904,0.00443262411347528,0.0017652250661959416,0.6999999965,-0.006145741878841191,0.015151515150164663,0.11666666647222235,-0.0026595744680850105,0.0017652250661959416,16096,16083,,1.984046656029066,4.180408370317917,-0.45769343786783967,2.0224095875642916,0.010252319503175223,1.950778045761065,1.137,0.00445696215812585
2022-04-06,-0.002643171806167501,-0.025618374558303816,0.029074889867841337,-0.018551236749116528,-0.007200720072007207,0.09090909063360575,-0.018733273862622576,0.0027272727270246946,0.6744186030827396,-0.013250883392226064,0.0027272727272726286,16128,16167,,1.26529328803371,3.135750587064574,-0.40894745634375496,1.9537417461600415,0.012156409851403248,2.714617237483887,1.135,0.004132436954038177
2022-04-07,-0.006346328195829461,-0.013686131386861426,0.021758839528558498,-0.009124087591240884,-0.004604051565377638,0.04166666649305093,-0.01905626134301282,0.00639269406334324,0.22727272692837788,0.0,-0.0027675276752768575,16178,16223,,1.5515399744571812,3.7903131343212997,-0.46807340183687984,1.608500948262021,0.012809321686204493,1.873635497692608,1.103,0.004677885985844966
2022-04-08,0.0009250693802036188,-0.009242144177449176,0.022201665124884386,-0.006469500924214526,-0.002790697674418504,0.49999999791666666,-0.017576318223866703,0.01977401129757298,0.10989010976935194,-0.010166358595194196,0.0,16239,16235,,2.516350029468919,3.232720200063205,-0.6383903220708494,1.244363706914979,0.0163006987121631,1.472329516455572,1.081,0.006130504713390929
2022-04-11,-0.009328358208955232,-0.028248587570621493,0.034514925373134255,-0.02071563088512243,-0.007692307692307699,0.10810810781592435,-0.026465028355387547,0.0057915057909467705,0.5357142847576509,-0.011299435028248596,0.000969932104752776,16272,16315,,1.60437774967765,3.594002327946289,-0.4483472704314134,1.7733358480065131,0.0113344012246458,3.264398263324788,1.072,0.003841957177645221
2022-04-12,-0.005813953488372098,0.011695906432748548,0.02616279069767455,-0.011695906432748548,0.023668639053254458,0.9999999962962962,-0.01745877788554803,0.024679170777425683,0.11881188107048238,0.0019493177387914246,0.001930501930501932,16367,16344,,0.8823644772971158,2.613975057227669,-0.14014785119340173,1.1118880364291597,0.02098710474444507,1.2865042701278815,1.032,0.010498510391101128
2022-04-13,-0.009633911368015422,-0.02140077821011675,0.023121387283237014,-0.010700389105058484,-0.011787819253438124,0.0,-0.019493177387914246,0.010869565216317137,0.2820512816896787,-0.010700389105058484,-0.008866995073891526,16368,16414,,1.288203498050735,3.1989717857172066,-0.1980202010067122,1.2560546657351719,0.013390001580190023,1.7923821499968198,1.038,0.004160973511509879
2022-04-14,0.005964214711729627,0.004940711462450487,0.02286282306163013,-0.006916996047430946,0.011940298507462699,0.6521739102079378,-0.011811023622047254,0.01792828685080397,0.058823529342559175,-0.004940711462450707,-0.003917727717923608,16449,16429,,0.9059544743174938,3.0396690838242106,-0.11916360238096743,1.489890588932594,0.01635107642606973,1.4066352122644223,1.006,0.007033543244622612
2022-04-15,-0.011799410029498537,0.011940298507462699,0.02458210422812184,-0.004975124378109347,0.015984015984016,0.8399999966399992,-0.009813542688910706,0.02002002001801592,0.1578947366343502,-0.001990049751243783,0.002958579881656698,16500,16465,,1.2520722460363027,6.387635208578688,-0.2861600048386258,3.6733445490569214,0.016624821239652567,1.5037755588008244,1.017,0.004244286651849881
2022-04-18,-0.0068829891838740375,0.036633663366336555,0.04424778761061962,0.03069306930693061,0.005763688760806922,0.9777777756049358,-0.006698564593301336,0.04179104477196113,0.4404761899518151,0.014851485148514755,0.002873563218390701,16544,16514,,2.810409300699904,2.2371223850739885,-0.726906587402542,0.7780530825979606,0.017072554361420456,2.6358094274461665,1.017,0.006876022986576632
2022-04-19,-0.0057306590257879715,-0.010566762728145917,0.02196752626552045,-0.006724303554274636,-0.004830917874396033,0.08695652136105901,-0.019047619047619063,0.004844961239840501,0.15492957724657674,-0.0009606147934677137,0.0,16560,16602,,1.976660974168157,6.368259945960155,-0.44103267620514985,3.6915422139873386,0.015207044976417488,1.5124568832683638,1.047,0.0057848739192117105
2022-04-20,0.0029126213592231957,-0.01936108422071638,0.022330097087378768,-0.005808325266214913,-0.012670565302144369,0.0,-0.02030947775628639,0.007820136851630492,0.2816901404483233,-0.006776379477250625,-0.003933136676499512,16609,16650,,1.3129106214547697,3.3080127878329213,-0.4054382501083972,1.6810644102838526,0.012422190447073597,1.8515252936140512,1.03,0.004549523298762291
2022-04-21,-0.007897334649555783,-0.003980099502487566,0.03553800592300091,0.004975124378109568,-0.008910891089109028,0.16666666620370113,-0.030155642023346328,0.01289682539554585,0.04761904756235866,0.017910447761194048,-0.003980099502487566,16659,16701,,0.878426608122142,3.054696260618173,-0.010666549550137603,1.6510587978714073,0.02004305697978609,1.7961331875019602,1.013,0.007261790132637294
2022-04-22,-0.002997002997002889,-0.015030060120240494,0.02097902097902089,-0.014028056112224461,-0.001016260162601627,0.1428571421768715,-0.01703406813627256,0.013251783892634896,0.1898734174811729,-0.0050100200400801645,-0.003042596348884384,16708,16722,,2.642188287961332,4.036144801681534,-0.6842666121690133,2.159112836180795,0.015929967738250485,1.31827008147345,1.001,0.005129405794600077
2022-04-25,-0.018311291963377434,-0.04248704663212428,0.04272634791454723,-0.009326424870466329,-0.03347280334728025,0.02380952375283453,-0.03950103950103942,0.009656652359478789,0.37614678864573703,-0.009326424870466329,-0.015974440894568585,16752,16799,,0.8139021362906554,4.483634237709209,0.03565307013081317,2.329973282719567,0.020709922224808056,2.0280134005953685,0.983,0.006893559845982206
2022-04-26,0.0,-0.016233766233766246,0.04004329004328996,0.010822510822510832,-0.02676659528907925,0.16216216172388653,-0.036208732694355615,0.021762785634193284,0.141509433828765,-0.005411255411255416,-0.002195389681668498,16814,16845,,1.4440965492759188,4.033579285930419,-0.3436658749567812,2.363177929841367,0.021539987408395824,1.717735443698754,0.924,0.005919788294010563
2022-04-27,-0.01100110011001101,0.051167964404894246,0.06380638063806374,0.014460511679644062,0.03165938864628812,0.948275860434007,-0.015469613259668521,0.06397306396588398,0.3216783214533723,-0.0011123470522803123,0.0,16893,16860,,0.8350427085066962,3.9749622719952202,-0.19028064530546615,2.26948248086855,0.027543385237763347,2.1057687458803063,0.909,0.007469104751406743
2022-04-28,-0.010582010582010474,0.006417112299465127,0.026455026455026363,0.001069518716577541,0.0053418803418802275,0.7999999967999991,-0.019067796610169392,0.02054054053831984,0.06315789467035961,-0.009625668449197869,0.0010638297872340437,16911,16900,,2.2875286967889212,4.681264264691294,-0.6317984194843168,2.5790102800767967,0.018671824475946182,1.3389157496801862,0.945,0.005035861721683712
2022-04-29,0.007438894792773652,0.040084388185654046,0.05207226354941556,0.006329113924050639,0.03246073298429322,0.9387755082882132,-0.008394543546694656,0.05100956428788426,0.3140495865173144,-0.007383966244725745,-0.0020242914979757103,16985,16946,,0.44292269326909955,2.366421091581054,0.31348986292280806,1.3483793868103815,0.02628513498897806,1.8641715111651387,0.941,0.01078419995961038
2022-05-05,-0.0020283975659229226,0.010162601626016269,0.028397565922920916,0.023373983739837307,-0.011928429423459255,0.4999999982142857,-0.01290963257199593,0.022335025378443053,0.11904761890589602,0.0060975609756097615,-0.005005005005005009,17016,16992,,1.9767672357250812,7.662906650498229,-0.45216087756242335,5.067731219783156,0.014816630258916537,1.889768410342358,0.986,0.0052630734851220485
2022-05-06,-0.023138832997987947,0.013388259526261598,0.03319919517102619,0.015447991761071075,-0.0020283975659229226,0.51515151359045,-0.01703406813627256,0.02358974358732415,0.14606741556621639,0.01235839340885686,0.003058103975535171,17059,17040,,1.5435849507770973,5.4619322919344375,-0.2995649251753485,3.074967161769428,0.017641984831299338,1.8705378180804038,0.994,0.005524163433914768
2022-05-09,-0.007113821138211389,0.010235414534288648,0.018292682926829285,0.009211873080859783,0.0010141987829614613,0.666666662962963,-0.013091641490433042,0.011201629326761555,0.14925373112051682,0.012282497441146378,0.00203045685279188,17096,17088,,1.7487744599352115,3.7372057200972657,-0.5660220773469947,2.0167156797886174,0.013440587361044736,1.3392271768008626,0.984,0.0037256923803188125
2022-05-10,-0.012158054711246211,0.040000000000000036,0.053698074974670766,0.03692307692307684,0.003960396039603964,0.8113207531861872,-0.010763209393346497,0.0407331975518602,0.3545454542231384,0.027692307692307717,0.0009871668311945824,17148,17136,,2.961730186768174,2.2740284440010714,-0.7016077946555344,1.7356870061292142,0.021362434410020805,2.4809906368648442,0.987,0.008382890821630002
2022-05-11,-0.000986193293885712,0.03158933859822313,0.05621301775147923,0.044422507403751386,-0.012287334593572894,0.5789473674053547,-0.02153558052434469,0.048086359170943595,0.30769230739644776,0.026653504442250876,-0.005708848715509044,17213,17184,,1.7937480409763353,1.273283659890693,-0.7065208075191713,1.3128811932552802,0.018649111436855027,3.0564458734323368,1.014,0.004354463736599028
2022-05-12,-0.006698564593301336,0.01734104046242776,0.027751196172248725,0.02119460500963393,-0.00471253534401498,0.6896551700356744,-0.01599247412982117,0.015281757400641681,0.19565217370037713,0.008670520231213773,0.004757373929590976,17256,17232,,1.2423599009352455,3.3467567968699274,-0.41645050193526567,1.5578259043013718,0.01980058012554257,1.4646035454350057,1.045,0.005997753950892126
2022-05-13,0.008522727272727175,-0.009389671361502356,0.01988636363636355,-0.01220657276995296,0.0028517110266158665,0.5238095213151902,-0.013207547169811332,0.012416427888021471,0.10638297861023012,-0.006572769953051545,0.0028517110266158665,17280,17281,,1.7488299865141794,4.39302153569115,-0.36629909772612856,1.8695452552711858,0.020514930539061442,1.023644699047379,1.056,0.0072501635357803546
2022-05-16,0.0075829383886256,-0.023518344308560594,0.032227488151658795,-0.01881467544684856,-0.004793863854266437,0.029411764619380425,-0.02899906454630488,0.004798464490902156,0.30120481891421175,-0.007525870178739424,-0.0019230769230769247,17329,17375,,2.206251261461814,6.717006469434793,-0.5083612668309854,3.8447454632312708,0.016090506545626476,2.1130471991223154,1.055,0.006457898248141935
2022-05-17,-0.0019267822736030846,0.015444015444015457,0.022157996146435363,0.01061776061776052,0.0047755491881567485,0.7826086922495311,-0.011428571428571439,0.019305019303155903,0.1818181816115707,0.013513513513513525,-0.0009496676163341784,17416,17376,,1.5385381703088867,2.783669552095502,-0.4172381405617884,2.0123409868322106,0.016675571223864438,1.3792630881008898,1.038,0.007965608352720303
2022-05-18,0.001901140684410648,0.0028462998102465765,0.01901140684410648,0.003795066413662242,0.0,0.49999999749999996,-0.009398496240601512,0.009487666033255448,0.038961038910438936,0.003795066413662242,-0.0037700282752120675,17431,17424,,1.3125232821542316,4.134821820340009,-0.32753091117338246,2.083168721661029,0.015274467269222533,1.309374626070383,1.052,0.005152465045144462
2022-05-19,-0.015137180700094621,0.0374639769452451,0.03878902554399257,0.029779058597502538,0.007462686567164185,0.9999999975609756,-0.009416195856873831,0.026615969579219037,0.5416666659143518,0.011527377521613844,0.0037174721189591107,17518,17472,,1.0345141496542827,3.6977467550465524,0.027165350325319314,1.3762351524606347,0.019989463013135957,2.0510806002116806,1.057,0.0069731727468239305
2022-05-20,0.003703703703703707,0.004612546125461156,0.019444444444444563,-0.0027675276752768575,0.0074005550416281285,0.85714285306122,-0.0164986251145738,0.016775396084177517,0.06756756747625896,-0.0027675276752768575,0.0,17520,17529,,0.8274660706551377,3.8422832415367627,-0.026330860331136904,1.9409963661636782,0.013847973598889209,1.5164673515869407,1.08,0.004242990397396639
2022-05-23,-0.0009182736455462718,0.0009191176470587223,0.017447199265381,-0.006433823529411872,0.00646950092421432,0.6842105227146795,-0.011926605504587268,0.014856081707070016,0.016393442596074354,-0.003676470588235297,-0.0036596523330283655,17608,17583,,1.1839546671604726,3.418788942232888,-0.16331428381624943,1.5838996843489312,0.012763749770287708,1.4885907506092193,1.089,0.004298113536480283
2022-05-24,-0.0036730945821854947,-0.04055299539170511,0.04224058769513319,-0.020276497695852554,-0.020696142991533415,0.021739130387521215,-0.038781163434903086,0.005571030640151256,0.511627906381832,-0.0055299539170506964,-0.006679389312977211,17616,17659,,0.7731332327422011,2.138943268833399,0.31653030199716836,1.5707218171333448,0.01592146624448107,2.889181122186351,1.089,0.004996434098366708
2022-05-25,-0.0028818443804033544,0.010597302504816858,0.015369836695485126,0.009633911368015422,0.0009541984732823377,0.87499999453125,-0.012404580152671872,0.013526570047002277,0.15068493130043123,0.009633911368015422,0.0038277511961722524,17664,17676,,1.6142003705730303,4.718422334839067,-0.37124062383597173,2.666771605791565,0.01667462168095566,0.9595420040215759,1.041,0.005233225736833119
2022-05-26,-0.0019065776930409933,0.0009551098376314346,0.02764537654909451,0.003820439350525314,-0.003802281368821296,0.6551724115338895,-0.017175572519083984,0.025242718444151213,0.010869565205577662,-0.01623686723973248,0.00191204588910134,17736,17717,,2.249810432494925,2.290087783876107,-0.7026073628344482,1.269444168924262,0.018677692591012377,1.5526543069184775,1.049,0.00717317579229734
2022-05-27,0.0038167938931297743,-0.015209125475285183,0.02576335877862608,-0.012357414448669318,-0.0019267822736030846,0.18518518449931748,-0.0208530805687204,0.006750241079387747,0.23529411730103655,-0.003802281368821296,0.0009661835748793352,17761,17799,,1.3633710521193059,3.961402413271616,-0.26329451707195656,1.9987976736503548,0.012367511638189525,2.183139225704317,1.048,0.002663231810357226
2022-05-30,0.0009652509652508589,0.006750241080038686,0.021235521235521252,0.0038572806171649023,0.0028818443804035677,0.7272727239669421,-0.009532888465204966,0.019436345965069372,0.09210526303670426,-0.006750241080038472,-0.0009569377990429568,17825,17808,,1.8291823206106745,4.417158880896006,-0.38983611088773845,2.108643548785691,0.015397529548272355,1.4288006259801864,1.036,0.005754453846771365
2022-05-31,-0.001915708812260538,0.03454894433781193,0.044061302681992376,0.021113243761996178,0.00841908325537897,0.9782608674385657,-0.0067114093959730545,0.040540540536627395,0.35643564321145027,-0.005758157389635321,0.003724394785847303,17903,17862,,0.6210411626235701,1.1384013500635906,0.16950179244165983,4.3939563055282145,0.01695748485423372,2.712666419822791,1.044,0.006618677355872201
2022-06-01,-0.007421150278293142,0.007476635514018698,0.013914656771799743,0.009345794392523372,-0.0018518518518518534,0.7333333284444464,-0.011100832562442193,0.010280373830814824,0.0909090908057849,0.0056074766355140235,0.005597014925373139,17931,17904,,1.9340755262523417,6.349918899067692,-0.5061696014943909,4.152474900100518,0.014686750233741783,1.0213287254933907,1.078,0.0036421940685227947
2022-06-02,-0.0064935064935066015,0.05135387488328659,0.0565862708719851,0.02427637721755371,0.026435733819507673,0.967213113168503,-0.007285974499089259,0.05027932960425688,0.482456139927671,0.007469654528478065,0.001779359430604786,17998,17952,,0.4223151412963479,0.7869665503142108,0.47847715991598017,0.9854353966890315,0.017713770821801672,3.44364846250341,1.078,0.0064945630019632725
2022-06-06,0.005328596802841924,0.032685512367491294,0.05062166962699818,0.03710247349823325,-0.005106382978723408,0.8245614020621727,-0.011894647408666111,0.03883495145288309,0.27611940277901753,0.018551236749116726,0.0025728987993139914,18025,18000,,2.3067181205973104,7.375700821680554,-0.548387604609901,3.5104890653177296,0.022445323205905386,2.5395045205253597,1.126,0.008515068875956015
2022-06-07,-0.0025662959794697294,-0.005145797598627792,0.019674935842600626,0.0,-0.005145797598627792,0.4347826068052909,-0.018771331058020497,0.013913043477051053,0.052631578901200474,-0.0077186963979415935,0.0,18048,18056,,2.0311553022747946,3.9432872635495757,-0.5925087945189705,1.9280547892459226,0.018522590755411208,1.24172693655763,1.169,0.008176497045237185
2022-06-08,-0.004310344827586115,0.0025974025974025037,0.03448275862068969,-0.011255411255411362,0.013123359580052408,0.5499999986249999,-0.03148936170212778,0.020210896307538702,0.024793388409260816,0.01731601731601733,-0.000862812769629087,18102,18121,,1.350219448109872,1.6469757307612594,-0.29290827103151906,1.5813031689953856,0.01862106366541552,2.148104990343845,1.16,0.006819258989702897
2022-06-09,-0.005181347150259073,-0.020833333333333353,0.02936096718480141,-0.01736111111111113,-0.003533568904593643,0.20588235233563687,-0.02432667245873156,0.008014247550488398,0.2285714283537437,-0.005208333333333338,-0.0017699115044247805,18144,18179,,1.1873584133727009,2.635226839440166,-0.31412004128807886,1.9497761466233117,0.015417648457497782,2.205264951604143,1.158,0.004664252345237636
2022-06-10,-0.0070921985815600936,0.025892857142857065,0.028368794326241162,0.017857142857142672,0.007894736842105367,0.9374999970703125,-0.0069868995633187835,0.022222222220246834,0.3258426962630981,0.00982142857142848,-0.0008695652173912086,18231,18192,,1.0998866732233734,2.7578296728453897,-0.1430696292970679,1.2905843610941246,0.015880268656083628,2.0150792465487104,1.128,0.005711910168160179
2022-06-13,-0.012184508268059193,-0.0008810572687225656,0.013925152306353362,-0.0017621145374449355,0.0008826125330978728,0.49999999687499996,-0.01226993865030676,0.009760425908628089,0.010752688160482188,0.0026431718061673054,0.0017667844522968215,18245,18242,,2.00475951767056,5.182554394607524,-0.5514272092364515,3.121446522536718,0.017426731001634176,0.9181297345260366,1.149,0.00671530880637459
2022-06-14,-0.011463844797178043,-0.003568242640499557,0.032627865961199425,-0.031222123104371027,0.02854511970534062,0.8648648625273896,-0.027752909579230007,0.028545119702712157,0.03174603172083654,-0.016949152542372798,0.01085972850678734,18288,18309,,1.7998831672008235,3.353544355706123,-0.5194216721298074,1.6047871326843126,0.02041815895909995,1.812112438389004,1.134,0.005405915209638142
2022-06-15,0.0,-0.005371530886302601,0.024171888988361607,0.0035810205908684005,-0.008920606601248892,0.11111111069958482,-0.020282186948853538,0.022542831377588484,0.05504587150913229,-0.004476275738585401,-0.008920606601248892,18363,18345,,1.0575951079275532,4.403893050816207,-0.34356733158126107,2.708151571605175,0.02034344905616548,1.3272085668824272,1.117,0.007020552361913764
2022-06-16,0.0018001800180018018,0.011680143755615364,0.02970297029702963,0.022461814914645023,-0.01054481546572936,0.45454545316804223,-0.017513134851138177,0.018733273860951454,0.12149532698925757,0.014375561545372879,-0.0026572187776794627,18408,18384,,1.9473999373189987,2.6789282588053918,-0.600855539649594,2.162610457036385,0.019032937121349798,1.7338364339784014,1.111,0.004716053004257082
2022-06-17,-0.01065719360568365,0.026032315978455935,0.028419182948490062,0.008078994614003498,0.016903914590747245,0.9687499969726595,-0.018437225636523186,0.02236135956866169,0.24369747878680634,0.01974865350089748,0.003511852502194911,18475,18449,,1.3557720172077536,3.2318078487247215,-0.3354606992374678,1.26433603705155,0.020831013073858904,1.5361710797704742,1.126,0.00736402084397311
2022-06-20,0.0008748906386700699,-0.000874125874125778,0.02012248468941394,0.002622377622377722,-0.0034873583260680067,0.3043478247637085,-0.015597920277296376,0.018485915491330582,0.009174311918187678,-0.002622377622377528,-0.0026178010471203245,18501,18486,,2.6135128013856392,3.701384465111752,-0.670482368113139,1.508277133596238,0.020263260194155867,1.1350591990684524,1.143,0.007830509856013036
2022-06-21,-0.003499562554680668,-0.007023705004389822,0.025371828521434745,0.003511852502194911,-0.011363636363636277,0.3793103435196171,-0.02094240837696318,0.015084294586061645,0.07476635507031253,0.003511852502194911,0.005333333333333338,18534,18566,,1.214446588952916,2.7680866446886667,-0.28021954358121826,1.552035256162237,0.017240315460037327,1.6821037816280624,1.143,0.004241926329542184
2022-06-22,0.0,-0.01856763925729435,0.02475685234305926,-0.005305039787798413,-0.013333333333333246,0.035714285586738656,-0.0228873239436618,0.009777777776908553,0.24999999970238163,0.000884173297966304,-0.005376344086021509,18576,18623,,0.8986028102862231,2.5811509579473597,0.1976491818808854,0.810161203715127,0.014183665696344938,1.9741017873683606,1.131,0.007706173251971705
2022-06-23,0.0,0.019819819819819635,0.029729729729729655,0.00540540540540541,0.015246636771300363,0.9696969667584905,-0.016085790884718513,0.028156221614154674,0.2650602406445041,0.0036036036036036067,0.0035460992907801452,18671,18634,,0.912471707885543,2.2264672525909783,0.0800018556714215,2.1575951781244354,0.014786404087439756,2.231779923074984,1.11,0.00461131366268166
2022-06-24,0.0,0.017667844522968216,0.022084805653710366,0.01325088339222626,0.004359197907584911,0.7999999967999964,-0.012975778546712719,0.014035087718067111,0.26666666631111624,0.008833922261484108,0.0008688097306688878,18687,18672,,1.530013742941974,3.43699694642131,-0.42706467483868366,2.1774103076269404,0.01450107023910849,1.7240106706176495,1.132,0.004562372998022916
2022-06-27,0.006076388888888991,-0.006039689387403035,0.01736111111111113,-0.0025884383088870698,-0.0034602076124567505,0.09999999949999999,-0.015397775876817807,0.008665511264413742,0.08045977002246142,-0.0017256255392579824,-0.002597402597402696,18720,18750,,1.6608367848444785,5.423389290541934,-0.4664333903405271,3.5931585959066337,0.016357375473959164,1.2226900280898292,1.152,0.00530558842512557
2022-06-28,-0.00086805555555546,0.014769765421372635,0.03038194444444457,-0.002606429192007049,0.017421602787456462,0.9714285686530582,-0.006129597197898333,0.02995594713392461,0.18085106363739045,-0.011294526498696892,0.0,18809,18772,,1.170429407226463,2.6259368455132304,-0.2125675901650866,1.270113477389057,0.01711796334341868,2.0446357486209346,1.152,0.0057510878039922515
2022-06-29,-0.006849315068493157,-0.017241379310344845,0.02825342465753437,-0.006034482758620599,-0.011274934952298457,0.06060606042240567,-0.025662959794696343,0.01475694444316357,0.17543859633733422,0.0008620689655173379,-0.008695652173913052,18817,18862,,1.301161733541811,3.277201249210735,-0.3164722848378655,1.6265961593205105,0.0189633057376586,1.7402029098991028,1.168,0.008157421985455276
2022-06-30,-0.0008771929824560438,0.014047410008779643,0.023684210526315714,0.02282704126426692,-0.00773195876288651,0.5925925903978077,-0.010300429184549365,0.021034180541539528,0.19047619024943413,0.004389815627743541,0.0,18889,18864,,1.3878254100632121,4.194822565583568,-0.40496043027346806,3.1741217568802753,0.018058106391316702,1.4951733734089423,1.14,0.005461255282193534
2022-07-01,-0.002597402597402696,-0.008680555555555565,0.019913419913420025,-0.0078124999999999115,-0.00174825174825175,0.3478260854442327,-0.018166089965397845,0.006993006992395723,0.13157894719529126,-0.006076388888888799,0.0017543859649122825,18912,18955,,0.8321298643541006,2.8984235288250746,-0.07921426656425928,0.9558863016457845,0.012537041794488753,1.8345635432638112,1.155,0.005072176771194464
2022-07-04,-0.006129597197898333,0.006167400881057176,0.021891418563922866,0.004405286343612241,0.0017543859649122825,0.7999999967999947,-0.006102877070619108,0.021371326801302663,0.09589041082754514,-0.0008810572687225656,0.0008764241893075283,18993,18960,,0.9450982872612346,3.503721052237709,-0.055709827396759774,1.8775280503734968,0.01574827330709726,1.5874756142303943,1.142,0.006206409908490136
2022-07-05,0.002626970227670853,-0.005240174672489087,0.026269702276707555,-0.0061135371179040325,0.0008787346221442109,0.4666666651111111,-0.020851433536055623,0.010647737354867114,0.07894736831717405,-0.0017467248908296959,0.007073386383731218,19008,19044,,1.7206453475991368,5.259339893058956,-0.41545687291182937,4.16664962467819,0.014496540137115354,2.069459299205152,1.142,0.004139011123682284
2022-07-06,-0.0026338893766462805,0.012323943661971842,0.0254609306409132,0.014964788732394478,-0.003466204506065861,0.4827586190249684,-0.01807228915662643,0.015734265732890378,0.15217391287807147,0.021126760563380302,0.007887817703768533,19063,19056,,2.8578276642137315,3.48016834092115,-0.6765384631333395,1.9471461171174222,0.016061170971796462,1.8055968565657303,1.139,0.0033736410024092747
2022-07-07,0.002608695652174012,0.006938421509106684,0.023478260869565337,0.004336513443191582,0.0025906735751296322,0.9259259224965709,-0.006974716652136013,0.020193151885847756,0.11428571412245007,-0.009540329575021787,0.0008620689655173379,19146,19109,,1.334172972005761,2.315675857892059,-0.3540370991520293,1.3607810329739483,0.012903980057068195,2.09237767505484,1.15,0.003899165222929209
2022-07-08,0.0034453057708871693,-0.010300429184549365,0.016365202411714148,-0.005150214592274683,-0.005176876617773948,0.15789473601108525,-0.011158798283261908,0.011284722221242752,0.15999999978666787,-0.0068669527896995765,-0.0017316017316017331,19152,19160,,2.252046317167027,4.455797805515255,-0.6161648738410161,2.0946377598048036,0.012721920057207976,1.493485241631164,1.161,0.0060824527026888025
2022-07-11,-0.006938421509106684,-0.013973799126637567,0.025151777970511633,-0.016593886462882207,0.0017746228926353166,0.3448275850178372,-0.020979020979020806,0.009821428570551566,0.22535211235865937,-0.010480349344978174,0.0026642984014210603,19200,19230,,1.5312137819047982,4.050202126359654,-0.4203779714645613,2.3730952534759155,0.013025133311375893,2.226464718946517,1.153,0.00514571534246034
2022-07-12,-0.0026572187776794627,-0.02664298401420942,0.03454384410983164,-0.021314387211367497,-0.004541326067211529,0.02564102557528234,-0.02922940655447291,0.009000900089198847,0.322580644814429,-0.01154529307282407,-0.005444646098003634,19248,19295,,1.7336584006725806,1.9290029116421754,-0.5389072244523004,1.0312524464728519,0.017132778039154063,2.276338354657849,1.129,0.006464920660793317
2022-07-13,0.0,0.0027372262773721636,0.019160583941605754,0.008211678832116693,-0.006329113924050739,0.5238095213151902,-0.012692656391659124,0.01744719926377907,0.03614457826970394,0.0018248175182481766,0.0,19312,19305,,1.9219693713669324,2.379970092522589,-0.3671726669204919,1.4152132205337682,0.013985521647508091,1.5015528472322917,1.096,0.006474215060234085
2022-07-14,-0.001819836214740675,0.025524156791248885,0.035486806187443064,0.02917046490428444,-0.003542958370239153,0.7692307672583848,-0.01059135039717565,0.026268115939649547,0.3294117643183413,0.015496809480401209,0.0017809439002671433,19368,19344,,2.3968067643684496,2.0250852995772815,-0.7588321589360529,1.1141212423026916,0.014534904359029504,2.683196171666061,1.099,0.0035339495937102222
2022-07-15,-0.000888888888888791,-0.002669039145907574,0.019555555555555375,0.010676156583629704,-0.01320422535211259,0.045454545247929294,-0.018388791593695192,0.01782531194137011,0.032608695616731125,0.0044483985765123605,-0.004440497335701505,19407,19392,,1.708037005805578,2.1315714124449903,-0.4248744501615063,0.6339681948154325,0.01668721433823875,1.3183746203672435,1.125,0.006303014152292244
2022-07-18,0.005352363960749336,-0.007098491570541266,0.024085637823371912,-0.004436557231588193,-0.002673796791443951,0.6666666641975336,-0.01164874551971337,0.017225747958547193,0.09876543197683187,-0.015084294587400092,0.0017905102954342003,19440,19448,,2.3882426515617285,4.404385716349093,-0.5704667977143297,2.0495499991961785,0.01898809887100081,1.421943294125184,1.121,0.008338889830891507
2022-07-19,-0.001787310098302057,-0.006266786034019602,0.01966041108132263,-0.009847806624888003,0.003616636528028936,0.40909090723141,-0.018716577540107065,0.009990917346958247,0.0921052630367016,0.0,-0.001798561151079138,19497,19512,,1.7181905634196648,2.583174318509964,-0.5129564242586966,2.701167285636279,0.011624146415795575,1.892612070065112,1.119,0.003649398112531535
2022-07-20,0.004504504504504408,0.01165919282511202,0.014414414414414427,0.010762331838565032,0.0017761989342806412,0.812499994921868,-0.006194690265486634,0.007130124776547925,0.24999999951923504,0.007174887892376688,0.0008873114463175597,19550,19536,,2.387451616832515,5.3345913621706975,-0.5622761834777469,2.60450620379591,0.010605596363489478,1.5086374495843922,1.11,0.004079643203505716
2022-07-21,0.0,0.01241134751773051,0.03191489361702131,0.020390070921985935,-0.007819287576020954,0.5277777763117253,-0.013816925734024193,0.02206531332550166,0.1647058821591715,0.018617021276595862,-0.006092254134029693,19591,19584,,1.9912892163025846,1.948594206318579,-0.4836703376351012,2.4454850831124526,0.017723282575846443,2.031226418854187,1.128,0.0075339855520413735
2022-07-22,0.005253940455341511,-0.01306620209059225,0.02276707530647988,-0.011324041811846604,-0.0008818342151674514,0.26923076819527053,-0.01745200698080281,0.008880994670614486,0.21739130403276358,-0.009581881533100958,0.003542958370239153,19632,19664,,1.278338812653828,4.343283329607191,-0.38001914396142744,2.4171368095695818,0.01165112230242746,2.2315446617042696,1.142,0.004335248890517838
2022-07-25,0.0026478375992938143,-0.010563380281689955,0.022947925860547044,-0.007922535211267515,-0.0026619343389528765,0.15384615325443918,-0.020104895104895028,0.008818342150897862,0.13953488355867816,-0.006161971830985824,0.0008904719501336704,19681,19715,,1.4385355473967087,3.8333516511301995,-0.41281679846171865,2.157999239970353,0.015598497306386626,1.6668272156364496,1.133,0.007547513033220523
2022-07-26,-0.0017793594306049836,0.00980392156862736,0.01868327402135223,0.010695187165775211,-0.0017621145374449355,0.8095238056689332,-0.005286343612334807,0.017921146951798996,0.15277777756558536,0.0017825311942959016,0.0008833922261485089,19750,19731,,1.9842657280169305,2.3996147977619717,-0.48374954160192685,0.9718879209529959,0.013500122261848107,1.5555414563757406,1.124,0.005125854425778116
2022-07-27,-0.0026478375992940104,0.015044247787610732,0.016769638128861345,0.00796460176991161,0.007908611599297118,0.9473684160664875,-0.004378283712784496,0.011463844796167319,0.2463768112371371,0.010619469026548683,0.0008726003490402373,19815,19776,,1.3296420691509905,3.738371261232128,-0.3494849999834767,2.0731091158383275,0.0118322839254051,1.6057761932696173,1.133,0.00530395357023186
2022-07-28,0.006102877070618915,0.006065857885615354,0.019180470793374035,0.007798960138648284,-0.0017196904557179723,0.7272727239669421,-0.006861063464837057,0.014795474324212668,0.09859154915691504,-0.0017331022530329306,0.0017256255392579824,19839,19826,,2.1424660006178056,4.296705398107182,-0.5461980758090919,2.416432281192562,0.010251368044825996,2.146055013262178,1.147,0.002608809515999627
2022-07-29,0.0008613264427216967,-0.01979345955249562,0.023255813953488295,-0.015490533562822734,-0.004370629370629278,0.07407407379972596,-0.019827586206896473,0.006081668114154412,0.3108108103907994,-0.005163511187607578,-0.0017528483786152513,19872,19916,,1.407142244790238,2.2293376138836103,-0.4299084617943695,0.9717584044687503,0.01362382345213322,1.9818224962090214,1.161,0.005785170434272999
2022-08-01,-0.007023705004389822,0.020335985853227153,0.03248463564530283,0.01237842617152963,0.007860262008733535,0.9729729703433132,-0.0069868995633187835,0.027604630451682505,0.25555555527160184,0.008841732979664021,0.004351610095735329,19967,19921,,1.9086131982562748,5.4491359220935704,-0.477340967587649,2.6541884514415806,0.016320404764897378,2.2671006207438578,1.139,0.007826830411078204
2022-08-02,-0.016464471403812745,0.012334801762114548,0.02946273830155982,-0.003524229074889871,0.01591511936339524,0.7058823508650519,-0.019930675909878605,0.022988505745093875,0.11023622038564106,0.01674008810572679,-0.002604166666666573,19974,19970,,1.4446795052923322,3.553889100529145,-0.38935732220529007,1.7394686218356101,0.020802440511150176,1.6344236061309037,1.154,0.008128026400715619
2022-08-03,0.0026109660574411588,0.0,0.033942558746736226,0.0026041666666667654,-0.00432152117545386,0.28205128132807156,-0.02459711620016975,0.03239929947176902,0.0,-0.008680555555555565,-0.009458297506448943,20047,20021,,0.651030866347761,3.75596350111724,-0.03066546470727169,1.8113095266880745,0.020204675444921476,1.930246289443768,1.149,0.005053393629923094
2022-08-04,0.0017361111111111127,0.011265164644714146,0.018229166666666782,0.002599653379549492,0.008643042350907527,0.8095238056689352,-0.016253207869974445,0.014782608694366841,0.1413043476724958,0.0017331022530329306,0.009515570934256161,20076,20090,,1.339560946395897,4.168602920896039,-0.3132182556265642,2.272328760547633,0.01695635177954231,1.2384739447013036,1.152,0.005005916662898843
2022-08-05,0.0,0.041988003427592055,0.04541559554413038,0.02656383890317045,0.01502504173622706,0.9811320736205035,-0.007563025210083948,0.03577512776526621,0.4537037032836113,0.016281062553556047,0.004958677685950418,20159,20112,,0.7764290541925617,1.6001678632335887,0.15429686538000728,1.6139875154507337,0.01661583669199205,3.1897280084950848,1.167,0.007279285501628139
2022-08-08,0.0,-0.008223684210526324,0.015624999999999924,-0.009868421052631589,0.0024937655860348224,0.4736842080332379,-0.006628003314001663,0.007506255212051101,0.1515151512855826,-0.013157894736842117,-0.0008285004142502998,20160,20162,,1.8292228225996447,7.174736007260484,-0.3973731531016572,3.6913529452478326,0.015790047190220695,1.2032896197699954,1.216,0.006146658791991895
2022-08-09,0.0008291873963516683,0.009113504556752194,0.022388059701492467,0.0033140016570008314,0.00661157024793389,0.9259259224965704,-0.00825763831544179,0.01839464882789344,0.15492957724657724,-0.0057995028997515465,0.008278145695364246,20255,20212,,1.487446414086916,3.3736304587508066,-0.28566594323209227,1.2947204627045499,0.01194712733181378,2.2599574796617743,1.206,0.004496529843596094
2022-08-10,-0.009852216748768482,0.0016583747927031525,0.015599343185550006,0.00912106135986743,-0.007395234182415874,0.1578947360110754,-0.013900245298446546,0.007413509060344949,0.02272727270144634,0.014096185737976889,-0.0016528925619834726,20261,20256,,1.4685144267384904,3.3811190306983483,-0.480660897812656,1.486248038269436,0.015232756562944521,1.247311988264058,1.218,0.004955884987632732
2022-08-11,0.005794701986755064,0.011522633744855976,0.022350993377483374,0.009053497942386747,0.001629991850040751,0.9629629593964374,-0.009860312243221044,0.01991701244647993,0.21538461505325557,-0.002469135802469229,0.002446982055465019,20328,20312,,1.4037774603933006,3.017200650823369,-0.3097660239271586,1.5877149538474515,0.010275269679077527,2.627668234558399,1.208,0.0030294074064858905
2022-08-12,-0.004068348250610346,-0.01879084967320254,0.024410089503661532,-0.012254901960784234,-0.006617038875103396,0.09999999966667036,-0.017199017199017303,0.00412541254091384,0.370967741337151,-0.00490196078431373,-0.0016625103906899431,20352,20396,,1.025580925112567,3.335686033812461,-0.09252832316860232,1.7540192319052765,0.009171587050624805,3.2709714804330576,1.229,0.002666148612595516
2022-08-15,-0.003330557868442967,-0.0016708437761069354,0.014987510407993352,0.003341687552213871,-0.005823627287853491,0.22222222098765432,-0.009942004971002495,0.012583892616394074,0.02816901404483251,0.008354218880534676,-0.00333611342785655,20405,20400,,1.4677173334830247,4.954814642191736,-0.3729449467630045,2.8750327519457097,0.011417468845345245,1.576531548819179,1.201,0.004288970703898695
2022-08-16,-0.0016736401673640182,-0.002514668901928008,0.017573221757322285,0.0025146689019278218,-0.00501672240802676,0.19047618956916,-0.016583747927031524,0.013445378150130654,0.04545454538567677,0.007544006705783652,0.0,20455,20448,,1.2951225550197174,4.308227071517924,-0.3436805509069148,2.4778837921307755,0.011394098001231487,1.8430594342285351,1.195,0.004398155781947368
2022-08-17,-0.000840336134453689,-0.002523128679562753,0.010084033613445387,-0.002523128679562753,0.0,0.4999999958333334,-0.006728343145500426,0.005080440304396241,0.04477611933615693,-0.00420521446593786,-0.0008424599831508946,20496,20505,,1.2004679217496959,2.168457099737078,-0.3765186647290922,0.7905270573940943,0.009958691751780678,1.204977539078522,1.19,0.0034077454887047414
2022-08-18,0.0,0.011804384485666116,0.01602023608768982,0.009274873524452042,0.0016694490818030066,0.9473684160664764,-0.004166666666666578,0.012658227847032978,0.2295081963450681,0.0025295109612142614,0.0025062656641603102,20578,20544,,1.5986545767312823,1.9290259959047713,-0.4413396452111814,0.5829278726708733,0.008979827506547359,2.11585353667,1.186,0.00257269866816222
2022-08-19,-0.00249999999999991,-0.030075187969924838,0.040833333333333464,-0.014202172096909044,-0.016101694915254157,0.02040816322365903,-0.0365448504983389,0.006029285098533132,0.3711340202359439,-0.005847953216374367,-0.002577319587628773,20593,20631,,0.9930701815407721,1.6782370239584643,-0.05422777370162549,0.6687461908285685,0.015008121504251945,3.264898918870566,1.2,0.004201145953058574
2022-08-22,-0.0068906115417743385,0.004336513443191582,0.011197243755383205,0.001734605377276671,0.0017301038062283753,0.692307686982246,-0.006034482758620599,0.006944444443841635,0.07462686556025565,0.004336513443191582,0.0,20647,20640,,1.6064694154529744,5.4041103743843575,-0.37939001900865693,3.237507555603859,0.01062858006466162,1.2231172742360155,1.161,0.004013364256089646
2022-08-23,0.0008635578583766079,0.0,0.011226252158894752,0.0017256255392579824,-0.0017226528854435846,0.23076922899408944,-0.008568980291345337,0.003454231433207755,0.0,0.004314063848144861,-0.0008620689655171465,20689,20732,,1.2410588837643846,4.8408722081713,-0.2804740923722133,2.6567016795526217,0.010669369199192058,1.2184412813402712,1.158,0.003356977470239407
2022-08-24,0.0008628127696288955,-0.035344827586206835,0.037963761863675616,-0.029310344827586234,-0.006216696269982146,0.0,-0.03200692041522485,0.007130124776547925,0.4555555550493826,-0.008620689655172422,-0.0017841213202497786,20736,20782,,1.5103122825782105,1.3243216898457233,-0.36703587812368954,1.0197921496523317,0.0130416072552263,3.373817260520994,1.159,0.004502883625879105
2022-08-25,0.0026809651474531846,-0.014260249554367213,0.027703306523681786,-0.016042780748663114,0.0018115942028985523,0.3870967729448505,-0.02232142857142869,0.01004566209953932,0.21052631551246354,-0.009803921568627558,0.003629764065335756,20784,20819,,1.3697171435022206,2.1255514607276673,-0.3972945092135027,1.4352659423210827,0.013668449611245206,2.2679967849240303,1.119,0.006615537372486103
2022-08-26,0.004520795660036069,-0.014401440144014415,0.02260397830018095,-0.004500450045004404,-0.009945750452079674,0.07999999967999964,-0.020590868397493203,0.006306306305738076,0.2539682535651293,0.0036003600360036037,-0.0018231540565177774,20837,20876,,1.148675455225827,4.199937360026273,-0.17789779517353987,2.164378518238219,0.009556413892552525,2.616044053709169,1.106,0.0028921789781389392
2022-08-29,-0.013698630136986212,0.020370370370370386,0.028310502283104947,0.023148148148148064,-0.0027149321266967345,0.8387096747138427,-0.0063348416289591815,0.011893870081254105,0.32835820846513974,0.023148148148148064,0.0009082652134424268,20885,20880,,2.3328369625602643,5.773158983281984,-0.46498449056437796,2.47644937950227,0.018293555790375268,1.694585797631058,1.095,0.006062287946159556
2022-08-30,0.0,-0.003629764065335756,0.015426497277677064,-0.0009074410163340397,-0.002724795640326877,0.058823529065750085,-0.011701170117011613,0.009999999999090816,0.058823529325259714,0.005444646098003634,-0.003629764065335756,20931,20928,,1.9326074201032806,3.4286915377677816,-0.4620526226790745,1.95582874416544,0.012179233895460707,1.3958184895976344,1.102,0.004519017526147071
2022-08-31,-0.0009107468123862585,-0.018231540565177774,0.03096539162112935,-0.02096627164995434,0.002793296089385374,0.14705882309688253,-0.02456778889899901,0.013966480445626865,0.23255813926446608,-0.005469462169553332,-0.0009276437847867457,20976,20998,,1.3664171847597262,1.5950099682215673,-0.2795705597710908,1.4513365901419792,0.016183979434020324,2.1008429928206884,1.098,0.00602395710379411
2022-09-01,0.0009285051067781913,-0.0018552875695732854,0.016713091922005586,0.005565862708719856,-0.007380073800738013,0.22222222098765432,-0.013786764705882467,0.0055555555550411565,0.04081632644731408,0.009276437847866427,0.000930232558139639,21029,21066,,1.8382498199750164,5.462069108898823,-0.45204456452611047,2.749259222511322,0.011735413771113345,1.5338189345249182,1.077,0.00296993999771965
2022-09-02,0.0009293680297396746,0.0018570102135561763,0.016728624535315997,0.005571030640668529,-0.00461254612546136,0.49999999722221605,-0.011039558417663303,0.013047530287693626,0.036363636297520444,0.0027855153203343677,0.0009276437847865397,21082,21073,,1.8756544217496811,3.981317840457791,-0.5045976764007414,1.9185581032707524,0.011254472746614789,1.5993641146341386,1.076,0.005827611643187104
2022-09-05,-0.0018535681186283614,-0.0027855153203341612,0.013901760889712813,-0.004642525533890338,0.0018656716417910463,0.4666666635555595,-0.012950971322849225,0.009337068159725773,0.06122448967096858,0.0027855153203343677,0.003738317757009349,21129,21154,,1.333601105527096,3.080483763722726,-0.3032678429602506,1.7609074418689195,0.01064908639969543,1.4085715239921408,1.079,0.00440967859754488
2022-09-06,0.0009310986964617224,0.01116279069767443,0.020484171322160166,0.009302325581395357,0.000920810313075405,0.9545454502066065,-0.006517690875232883,0.018744142453725965,0.18461538433135938,-0.006511627906976647,0.0036934441366574364,21189,21175,,1.8265296502119683,3.3074696343432293,-0.36475670496711526,1.4117471505606456,0.013559375519776743,1.6224935879726188,1.074,0.006617956239560292
2022-09-07,-0.003679852805887768,0.017543859649122924,0.03127874885004603,0.021237303785780363,-0.003616636528028936,0.5882352923875432,-0.015246636771300363,0.021998166817415402,0.2676056334259087,0.017543859649122924,0.0009082652134424268,21228,21216,,3.013709219413176,2.7883791997549006,-0.7497756099450638,1.3200286197848554,0.015017562978052438,2.2640157942595667,1.087,0.005617588687327915
2022-09-08,-0.001814882032667878,-0.007272727272727279,0.012704174228675147,-0.00636363636363647,-0.001828153564899453,0.07142857091837529,-0.01177536231884069,0.005489478499040309,0.15384615355029652,-0.0018181818181818197,0.0,21266,21307,,1.40415111207078,3.3646652916527064,-0.37150312699986376,1.7891285340191676,0.010060373790722391,1.3915983791527589,1.102,0.004966756734583112
2022-09-09,-0.0009157509157510182,-0.007332722273143911,0.02014652014652016,-0.010999083409715867,0.0037071362372567227,0.49999999772726766,-0.008302583025830368,0.008372093022477125,0.1568627447904628,-0.014665444546287822,0.0018501387604070321,21312,21318,,1.9374998964825796,3.9864004152099968,-0.49632807685876124,2.150149294700496,0.012031767294336837,1.8284927956930976,1.092,0.004849247489529688
2022-09-13,0.0009233610341644617,-0.00553505535055351,0.015697137580794208,-0.0036900369003690066,-0.0009267840593140778,0.058823529065750085,-0.011915673693858755,0.006457564575049943,0.13636363605372245,-0.0018450184501845033,-0.0009267840593140778,21362,21392,,1.9014872944480747,3.8053380296817716,-0.5018385653487153,1.7486085489666514,0.00915843277157273,1.856212764605961,1.083,0.003729121197366085
2022-09-14,-0.010204081632653173,0.012183692596063845,0.016697588126159568,0.003748828491096536,0.007462686567164185,0.944444439197537,-0.008341056533827523,0.012183692594921981,0.2280701750384731,0.002811621368322506,0.0009267840593142836,21423,21408,,1.845692980138719,7.19635077007403,-0.3694499810233315,4.095028436878287,0.012245895772061451,1.46988021032143,1.078,0.003581443773847074
2022-09-15,0.0,-0.031481481481481506,0.04351851851851866,-0.026851851851851977,-0.005703422053231944,0.1914893612947054,-0.037071362372567224,0.009624639075108321,0.46575342401951375,-0.010185185185185297,0.0,21456,21493,,1.2668021102562685,1.2432481938536044,-0.3832558708684651,0.7809230731398983,0.012294753384748353,3.8227687979513925,1.08,0.005582689409636539
2022-09-16,-0.004780114722753456,0.0038424591738712814,0.021988527724665516,0.018251681075888693,-0.014150943396226532,0.17391304272211636,-0.01508011310084827,0.014340344166888975,0.04819277102627435,0.011527377521613844,-0.0028625954198474367,21514,21504,,2.2662042371932722,3.08564749258818,-0.5611315580869756,1.416287956873779,0.01351705556375847,1.7015539901686616,1.046,0.00375613015949143
2022-09-19,0.0019138755980861262,-0.024832855778414542,0.03253588516746415,-0.021012416427889227,-0.00487329434697867,0.17647058771626298,-0.02588686481303923,0.005905511810442376,0.4126984120433366,-0.0057306590257879715,-0.0009784735812134167,21552,21588,,1.5361368909363982,3.267600040077981,-0.5053823143214092,1.4856769733918869,0.015103504488750813,2.2511331592088535,1.045,0.00649889881524197
2022-09-20,0.002938295788442815,0.0039062500000000035,0.017629774730656238,0.006835937499999898,-0.002909796314257897,0.3333333314814815,-0.012512030798844949,0.014648437498569393,0.05970149244820723,0.010742187499999901,0.0009737098344694371,21611,21602,,1.9112102739936354,3.1084875105838394,-0.5532660521828187,1.443951741261767,0.012826636501234242,1.4033296927012002,1.021,0.004935854020017508
2022-09-21,-0.005836575875486387,-0.005870841487279848,0.013618677042801569,-0.004892367906066649,-0.000983284169124769,0.21428571275511,-0.009746588693957123,0.009842519684070627,0.08219178070932597,-0.0009784735812134167,-0.003921568627450984,21648,21650,,1.3832790641091015,1.834379944042279,-0.3431349448961963,2.5464386694586842,0.014536615852505612,0.9630852218797797,1.028,0.005665517896556801
2022-09-22,-0.005905511811023627,0.010891089108910791,0.020669291338582804,0.010891089108910791,0.000980392156862637,0.5714285687074799,-0.011673151750972773,0.015810276678279632,0.1864406776500983,0.016831683168316736,0.0019627085377821414,21702,21696,,2.0488198498329697,3.1258668007176538,-0.4911957395749839,1.5537120031982878,0.012640849367486438,1.661280759177956,1.016,0.004624812557846568
2022-09-23,-0.001958863858961804,-0.01275760549558381,0.026444662095984246,-0.016683022571148093,0.004995004995005111,0.22222222139917785,-0.021505376344086044,0.013986013984616796,0.17808219153687138,-0.004906771344455245,-0.003960396039603964,21744,21766,,1.7113917846092173,2.9577166459934787,-0.63175734130029,1.2025657327604848,0.015303157167730067,1.7643417974234052,1.021,0.00535165046516947
2022-09-26,-0.005964214711729627,0.0040000000000000036,0.02485089463220667,0.01200000000000001,-0.008884501480750146,0.3199999987200014,-0.015686274509803935,0.022044088174143897,0.06451612892820026,0.006999999999999895,-0.000995024875621781,21806,21793,,2.1907379222581187,4.802939284578465,-0.5247761145567541,2.3264920284917685,0.013116909031496617,1.9059368140295605,1.006,0.006164809583023059
2022-09-27,0.002988047808764832,0.011916583912611729,0.017928286852589657,0.000993048659384421,0.010912698412698311,0.8888888839506173,-0.009861932938856025,0.014940239042336533,0.1874999997070319,0.004965243296921665,0.0029527559055117043,21887,21861,,0.8249974402114273,2.4834842003458544,0.13258401618284862,1.4060448843276414,0.013276864074494256,1.3557418200134352,1.004,0.005849652058014453
2022-09-28,-0.003925417075564283,-0.015763546798029462,0.021589793915603554,-0.008866995073891526,-0.005970149253731238,0.04545454524793388,-0.019627085377821304,0.005994005993407198,0.25806451571279415,-0.005911330049261089,-0.001998001998001889,21888,21935,,1.1735041232005712,2.873319295550229,-0.11983076133701827,1.3933487490325633,0.011956522266393375,1.8399999034699426,1.019,0.004092721699349093
2022-09-29,0.007007007007007013,-0.0019880715705765427,0.013013013013013025,-0.0009940357852883815,-0.000995024875621781,0.38461538165680476,-0.011857707509881433,0.01199999999880001,0.03174603169564184,0.000994035785288161,0.0009970089730808693,21945,21937,,1.878067326719174,3.645922235902229,-0.50260770358583,1.5544500853438423,0.013345520414431057,0.9741096262182191,0.999,0.0062913873816326515
2022-09-30,-0.0029880478087650534,-0.01998001998001989,0.03187250996015939,-0.00999000999000989,-0.011088709677419364,0.03124999990234375,-0.021934197407776582,0.006066734074209638,0.3389830502729095,-0.006993006993006889,-0.0060790273556231055,21984,22028,,2.409112717658347,6.851093114319433,-0.4927397908805351,3.6282544943588055,0.011210588316655088,2.8544442816631292,1.004,0.00390273483983199
2022-10-10,-0.002038735983690114,-0.042900919305413614,0.04485219164118239,-0.028600612870275818,-0.01472134595162976,0.022727272675619893,-0.036008230452674816,0.009345794391552885,0.48837209245538193,-0.02247191011235957,-0.004250797024441969,22032,22075,,2.0058135895720732,4.708312129630106,-0.4926330689589572,2.0591325193830055,0.024004224122434654,1.8330107064604473,0.981,0.010319041893129283
2022-10-11,0.001067235859124749,-0.006396588486140613,0.014941302027748026,0.0010660980810234552,-0.00851063829787223,0.21428571275510375,-0.009574468085106274,0.00966702470358023,0.08823529398788924,0.0,0.0,22080,22124,,1.810010942431394,3.488353332995335,-0.5486835945023512,1.6767051658664291,0.01564846532932633,0.8946564161980325,0.937,0.006536334547587714
2022-10-12,0.0,0.03755364806866944,0.06223175965665229,-0.011802575107296147,0.049945711183496125,0.9827586189952437,-0.020386266094420617,0.05914567359702669,0.3271028034326135,-0.012875536480686706,0.005197505197505202,22175,22132,,0.7781001195605413,1.7277778338034362,0.0887116724069109,0.5873772545288538,0.021593155192311104,2.6860363487800503,0.932,0.009818894923872694
2022-10-13,-0.008273009307135478,0.010427528675703868,0.029989658738366107,0.020855057351407736,-0.009202453987730069,0.5172413775267538,-0.013251783893985741,0.013429752064728344,0.12987012970146738,0.020855057351407736,-0.0010309278350515473,22182,22176,,2.5875834496583634,5.695376491055943,-0.5908763539650387,2.5237613144776896,0.017042162970095684,1.7016619240598079,0.967,0.004016551183982532
2022-10-14,0.01238390092879258,0.01732925586136597,0.03818369453044368,0.0,0.016293279022403274,0.8108108086194327,-0.00613496932515338,0.030864197527688896,0.1808510636373925,-0.003058103975535171,-0.0020000000000000018,22256,22228,,1.3467464780157108,4.618978543182801,-0.44780693736793964,2.837453232666958,0.01676217722916028,2.207350469657242,0.969,0.005815444211472225
2022-10-17,-0.007014028056112231,0.014127144298688095,0.01803607214428859,0.0010090817356205861,0.01310483870967732,0.8333333287036975,-0.010967098703888236,0.01612903225643862,0.19999999971428478,0.0030272452068617586,0.0,22317,22285,,1.460394856442119,4.307128346966448,-0.4251417641575274,2.5039224606392323,0.0168382309377147,1.068995903410706,0.998,0.007798969229032452
2022-10-18,0.004975124378109568,-0.007920792079207928,0.014925373134328263,-0.003960396039603964,-0.0039761431411530854,0.3999999973333363,-0.008919722497522199,0.012036108323767591,0.14545454519008646,-0.00990099009900991,-0.000997008973080648,22320,22327,,1.6379639008343772,5.3075383644252865,-0.4856304178648835,2.8429649199968487,0.012879520044226057,1.1646396629710203,1.005,0.004558737378689154
2022-10-19,-0.003992015968063875,-0.0050100200400801645,0.012974051896207485,0.0010020040080160328,-0.006006006006006011,0.07692307633136161,-0.009970089730807477,0.007028112449093458,0.09090909074380275,-0.0010020040080160328,-0.003012048192771087,22370,22414,,1.1783438077947472,2.8891835857003314,-0.3225045401186792,1.1108439201542477,0.01079061387545567,1.2047507240616429,1.002,0.003326017616663008
2022-10-20,-0.005035246727089632,0.018218623481781392,0.039274924471299016,0.014170040485829972,0.003992015968063875,0.6666666649572668,-0.013752455795677812,0.0377166156944224,0.18749999980468796,-0.0020242914979757103,-0.0019841269841269858,22442,22424,,1.4078947670784947,1.900899859062383,-0.5766969484336445,0.8200374337417795,0.01768730671210672,2.2049710797861524,0.993,0.005770745666881167
2022-10-21,0.0,0.005964214711729627,0.020874751491053587,0.0019880715705765427,0.0039682539682539715,0.857142853061229,-0.012896825396825408,0.019095477385015547,0.07692307682445716,-0.006958250497017899,0.0029732408325075462,22499,22472,,1.5818655640180408,3.441082528587435,-0.4755912958850243,1.980303362810831,0.014945893896302131,1.4050681749245422,1.006,0.005407498477851821
2022-10-24,0.0,0.0,0.03260869565217383,0.007905138339920955,-0.00881488736532801,0.3030303021120304,-0.02429543245869768,0.01386138613724146,0.0,0.008893280632410966,-0.0029556650246304354,22513,22551,,1.7677882938005687,3.2318329267728676,-0.5369098698029385,2.2804498289348247,0.02520936068738377,1.3090375546735415,1.012,0.006514358213265324
2022-10-25,-0.002964426877470468,0.006937561942517461,0.029644268774703584,0.013875123885034701,-0.008780487804877949,0.599999998,-0.01960784313725492,0.02399999999760002,0.06306306300625081,0.003964321110009915,0.0,22584,22561,,1.87281738987121,3.413722904893386,-0.5186372990395821,1.852805363151563,0.02521258880445152,1.1898817734938454,1.012,0.011673669853404628
2022-10-26,0.0009842519685038286,0.03343166175024585,0.04724409448818902,0.03441494591937084,-0.0028462998102467872,0.9166666647569445,-0.006653992395437374,0.038499506412784004,0.38636363592458584,0.006882989183874255,0.004780114722753244,22632,22608,,1.9557460565322646,2.538997607098662,-0.7096613486949812,1.1249808018861693,0.015809997383157293,3.0360536142485413,1.016,0.005487014331951222
2022-10-27,0.0019029495718363482,-0.004748338081671314,0.026641294005708874,-0.008547008547008449,0.003831417624521076,0.3214285702806162,-0.019774011299435148,0.024015369834388664,0.0520833332790781,0.002849002849002957,-0.0066350710900472945,22690,22682,,1.0958904507024372,4.457913886748867,-0.2782795490328468,2.920890886995727,0.019411677313294334,1.4424307288778593,1.051,0.006405016997348781
2022-10-28,-0.007633587786259549,-0.0019230769230769247,0.02576335877862608,0.013461538461538473,-0.015180265654648969,0.18518518449931748,-0.020793950850661644,0.010506208212941261,0.02105263155678678,0.012499999999999904,-0.004793863854266437,22707,22749,,0.9682580730393685,3.3284144071681587,-0.10529065653593347,1.7863903274375907,0.019672619732538234,1.3724659059055528,1.048,0.006991818493263438
2022-10-31,0.0,0.02119460500963393,0.03564547206165717,0.023121387283237014,-0.0018832391713747663,0.7837837816654498,-0.014058106841611906,0.015223596573242298,0.24175824149257366,0.02119460500963393,0.004739336492891105,22772,22752,,1.9616343494342674,5.056417242472478,-0.5763872986973614,2.9962947917140235,0.025825785663005984,1.4326766410724512,1.038,0.00912909505868349
2022-11-01,-0.0018867924528301902,0.012287334593572685,0.027358490566037653,-0.0009451795841210887,0.013245033112582794,0.8620689625445892,-0.019553072625698442,0.023832221160740623,0.1326530610891287,-0.006616257088846992,0.005633802816901414,22813,22804,,2.245017366363566,3.3086658744351065,-0.5700835325031293,1.3374954329647968,0.016072426314620195,1.8043324170157793,1.06,0.004526446002795595
2022-11-02,-0.005602240896358549,0.01784037558685458,0.02987861811391226,0.024413145539906127,-0.006416131989000821,0.6562499979492222,-0.010045662100456529,0.01860465116106005,0.2467532464327898,0.0131455399061033,-0.004591368227731767,22872,22848,,1.4962487351087288,4.127333607028889,-0.40351049910425024,2.9098137012162986,0.016659904683361957,1.9207792851228078,1.071,0.0049561023723398104
2022-11-03,-0.008302583025830368,0.019534883720930353,0.025830258302583047,0.01581395348837221,0.003663003663003666,0.8571428540816326,-0.008196721311475518,0.01382488479135266,0.23076923051563802,0.013023255813953501,-0.0009115770282587875,22898,22896,,1.9481240029690774,3.1244584607981514,-0.6379750834626549,2.395700955008497,0.019740010523080893,1.418438952979143,1.084,0.007375322380038172
2022-11-04,0.0,0.022810218978102106,0.028284671532846636,0.018248175182481768,0.0035810205908684005,0.8387096747138427,-0.006227758007117542,0.0255474452531435,0.30487804840868316,0.0045620437956203404,0.0008928571428570445,22970,22946,,1.266032556286515,2.2467316669272934,-0.4478794229966157,0.9743346995701979,0.0154386242924533,2.0079509166084333,1.096,0.007211973642748882
2022-11-07,-0.002676181980374569,-0.008944543828264765,0.02319357716324712,0.0,-0.008944543828264765,0.1923076915680516,-0.021276595744680674,0.010830324908769834,0.1086956520557664,0.0008944543828263773,-0.000901713255184752,22992,23028,,1.8164589192282394,4.7232092845023885,-0.543248893756071,2.5469503055980867,0.01766063307213089,1.4722008971359504,1.121,0.007452956600853345
2022-11-08,0.0,-0.00902527075812275,0.01985559566787005,-0.01714801444043333,0.008264462809917465,0.5454545429752066,-0.013611615245009185,0.010119595215260499,0.1190476189058957,-0.00902527075812275,0.006416131989001025,23040,23065,,1.6027888075320933,2.4339820622965367,-0.5013133259833875,2.08767956374044,0.015105403385940212,1.456432462759247,1.108,0.0051287612802008165
2022-11-09,-0.0009107468123862585,-0.010938924339106664,0.015482695810564776,-0.008204193254329898,-0.002757352941176575,0.11764705813148711,-0.014545454545454558,0.01102941176369216,0.1739130432262155,-0.00729261622607111,-0.0009208103130756095,23099,23116,,1.292343981147451,2.06058576901798,-0.413961336089327,1.2768295602721667,0.012116632646610621,1.4030300625192693,1.098,0.0035438882705749854
2022-11-10,-0.0055299539170506964,-0.011121408711770168,0.023041474654377798,-0.0037071362372567227,-0.0074418604651162856,0.039999999839995734,-0.02020202020202022,0.009372071226862982,0.14634146323616976,0.007414272474513445,-0.0074418604651162856,23138,23182,,1.2586145066081296,3.234330288207969,-0.3623417208484142,1.94149896260957,0.014366336883644809,1.7401791443748587,1.085,0.0032026912018974737
2022-11-11,0.029053420805998258,-0.026411657559198665,0.03842549203373959,-0.009107468123861574,-0.017463235294117762,0.04878048768590112,-0.023744292237442944,0.005529953916541023,0.3295454541709765,-0.007285974499089259,-0.005581395348837215,23184,23231,,1.5091437294995291,8.831190540354218,-0.29066860240051823,5.0906296386864485,0.015310640461872417,2.67787620212972,1.067,0.0057810463368169
2022-11-14,-0.0009354536950419924,0.0028089887640448423,0.018709073900841925,0.0,0.0028089887640448423,0.6499999967499944,-0.015784586815227396,0.010377358489586945,0.04687499992675592,0.008426966292134734,0.007525870178739424,23238,23232,,1.583198375180817,4.135108729792262,-0.44965914746015356,1.9501314977874666,0.011745008829958995,1.7028509828531773,1.069,0.0052723840804308275
2022-11-15,-0.0018674136321195163,0.02899906454630509,0.03267973856209164,0.02338634237605251,0.004566210045662206,0.9428571401632655,-0.00636363636363647,0.027077497663204844,0.4428571422244914,0.011225444340505155,0.004566210045662206,23308,23280,,1.585105006796616,2.2807832676432955,-0.5110831689628608,1.0454796286656518,0.013143089194265508,2.6629964399063373,1.071,0.005255315840298731
2022-11-16,0.0,-0.017272727272727387,0.020000000000000018,-0.011818181818181929,-0.0055197792088316515,0.1363636357437966,-0.01819836214740675,0.004574565415867026,0.2878787874426096,-0.00454545454545465,0.0,23328,23371,,1.3815870846871483,3.8647128638409196,-0.31192360100929184,2.8533266532698156,0.011849483152226399,1.8566210468179227,1.1,0.0035017455419914475
2022-11-17,-0.005550416281221097,0.012093023255814067,0.026827012025901865,-0.008372093023255719,0.02063789868667919,0.9655172380499442,-0.009328358208955232,0.02448210922556668,0.19696969667125908,-0.009302325581395357,0.0036900369003690066,23423,23387,,1.4029895037074955,2.8230660829621748,-0.4861048477337193,1.5105039030837977,0.01299864112908295,2.231002417015387,1.081,0.0041020706074179885
2022-11-18,-0.003676470588235297,-0.007380073800738013,0.015624999999999912,0.002767527675276653,-0.011029411764705892,0.11764705813148865,-0.01376146788990837,0.005545286505957002,0.10389610376117345,0.0036900369003690066,-0.004625346901017478,23428,23469,,1.2495437328919845,2.5902912366719244,-0.2731205925371959,0.9387498253801406,0.01235669704209431,1.375772166664806,1.088,0.004707112104663801
2022-11-21,-0.008364312267658103,0.011246485473289608,0.013940520446096769,0.0046860356138707735,0.0065298507462685585,0.9333333271111043,-0.006511627906976647,0.010299625467200315,0.23999999952000425,0.0009372071227742381,0.0018570102135561763,23510,23472,,1.2860904312447474,5.20918412786154,-0.33494828064391635,3.4421493731258264,0.011508975025981175,1.3033306472387853,1.076,0.004556955366436739
2022-11-22,-0.0037071362372567227,-0.013023255813953501,0.01482854494902689,-0.0009302325581394325,-0.012104283054003838,0.06249999960936806,-0.01303538175046556,0.005617977527563865,0.24561403465681414,-0.0009302325581394325,-0.0028195488721805577,23520,23563,,0.7196664778189864,1.858316529999625,0.1269575506026067,1.1749301031277173,0.010255994869433682,1.560063167706829,1.079,0.004242628534421963
2022-11-23,-0.0009425070688029122,0.0028301886792451805,0.026390197926484473,-0.010377358490566152,0.013346043851286953,0.8571428540816326,-0.016997167138810214,0.024015369834388664,0.034883720889669165,-0.007547169811320761,0.0,23600,23581,,1.727963208127495,1.965108732802721,-0.7387545947929945,0.6216488040959529,0.015880271540155082,1.7631940205102552,1.061,0.005209042827593864
2022-11-24,0.0,-0.0028222013170271796,0.00940733772342428,0.0,-0.0028222013170271796,0.09999999900001112,-0.008419083255378762,0.005660377357956573,0.06122448967096719,-0.0009407337723423236,-0.0009425070688029122,23616,23623,,1.6433794963942379,5.6009619182943196,-0.43222553859625074,3.2227849292322355,0.011061516758059761,0.904035145298694,1.063,0.004707627522384086
2022-11-25,-0.0009433962264151998,-0.013220018885741277,0.013207547169811332,-0.008498583569405003,-0.004761904761904872,0.0,-0.009478672985782,0.002865329512620421,0.32558139459166696,-0.006610009442870534,-0.0028625954198474367,23664,23701,,1.2529455940418763,3.221854510426417,-0.3066582266695795,1.6629458009673082,0.010083637335146339,1.3883878798739095,1.06,0.003305806234534313
2022-11-28,-0.01435406698564584,0.0077669902912621425,0.01531100478468901,0.0077669902912621425,0.0,0.6874999957031319,-0.007684918347742563,0.005808325265652637,0.170212765595294,0.010679611650485338,0.0009643201542913327,23713,23712,,2.295557825071748,7.012828032231886,-0.5008491823100775,3.9209159562552216,0.011759574581222666,1.360593425674513,1.045,0.005388877922455164
2022-11-29,0.0019267822736030846,0.007692307692307699,0.016377649325626326,0.0038461538461538494,0.0028708133971292954,0.8823529359861599,-0.005769230769230774,0.014506769824515691,0.14035087694675147,-0.005769230769230774,0.0028708133971292954,23785,23766,,1.2025739647292397,1.9717393446474614,-0.3765834415287892,1.640247588832237,0.00992310308862025,1.713173759947958,1.038,0.00438663022532242
2022-11-30,-0.0009541984732825495,-0.0057306590257879715,0.012404580152671872,-0.001910219675262657,-0.0038277511961722524,0.4615384579881618,-0.010506208213944507,0.005763688760253253,0.11764705859285018,-0.003820439350525314,0.0028901734104045196,23808,23851,,1.1825096666592037,3.3169354111251548,-0.23398846795724051,1.4828927070645446,0.008137889029317903,1.5974658530509804,1.048,0.0019672212476840997
2022-12-01,0.012487992315081771,0.0,0.012487992315081771,0.005692599620493364,-0.003780718336483935,0.38461538165681003,-0.009416195856873831,0.011428571427483002,0.0,0.001897533206831121,-0.0009478672985780947,23866,23858,,2.2038327674139055,5.339921567075285,-0.5752517426481148,2.9281339338018806,0.011439799002750113,1.1363835923372938,1.041,0.0051456881237793885
2022-12-02,-0.003795066413662242,0.0038095238095238126,0.015180265654648969,0.0057142857142857195,-0.0018939393939393955,0.24999999843749998,-0.010328638497652488,0.006616257088221426,0.08333333315972222,0.010476190476190379,-0.0009478672985780947,23911,23904,,1.7073464285206976,2.621473097748089,-0.5082580281037316,1.5765489482402824,0.011711392336228298,1.366191090182004,1.054,0.0036517748325160322
2022-12-05,0.004743833017077697,-0.007554296506137873,0.013282732447817847,-0.01038715769593947,0.0019065776930409933,0.3571428545918288,-0.007590132827324484,0.005736137666755632,0.19047619002267574,-0.00944287063267234,0.0028625954198472246,23952,23982,,1.4873981628928528,4.285535867850629,-0.39769575617567926,2.669347872099951,0.00928574506810932,1.5076872934313539,1.054,0.0030016876750131663
2022-12-06,-0.0019029495718363482,0.0,0.013320647002854437,0.005719733079122979,-0.0056872037914692,0.1428571418367347,-0.011320754716981142,0.011450381678296729,0.0,-0.0009532888465203907,-0.000952380952381059,24019,24000,,1.5413692083278823,2.511968777336779,-0.4688283159245061,1.3546873342053145,0.009849371087783334,1.4214105381026672,1.051,0.0030953080057625365
2022-12-07,-0.002859866539561384,0.0,0.009532888465204966,0.00382409177820268,-0.004757373929590765,0.19999999800000004,-0.005703422053231944,0.006698564592660537,0.0,0.004780114722753244,0.0,24055,24049,,1.3799136146282702,3.9763507217932488,-0.4144483004815975,1.8563320059620578,0.007382294842821846,1.35459231545923,1.049,0.0035912706273680656
2022-12-08,-0.0009560229445507762,-0.0009569377990429568,0.008604206500955924,0.0,-0.0009569377990429568,0.2222222197530892,-0.005719733079122979,0.004789272030192496,0.02941176461937332,0.0038277511961722524,-0.00191204588910134,24102,24097,,1.4858289495575947,2.9295679313221124,-0.40676573587834614,2.436566264822368,0.007402903192763188,1.215739236901551,1.046,0.003971617131823074
2022-12-09,-0.0009578544061303754,0.0009587727708534152,0.010536398467433065,0.0028763183125600326,-0.0028653295128938795,0.4545454504132287,-0.007633587786259549,0.0076923076915680535,0.022222222172841588,-0.0028763183125598197,0.0009587727708534152,24154,24148,,1.381999117792695,2.491906660780204,-0.3493788669842204,1.4918586086947454,0.0089688394572082,1.2264685893683416,1.044,0.003455941823775244
2022-12-12,0.003831417624521076,0.0,0.014367816091953929,0.0028625954198472246,-0.003802281368821296,0.5333333297777818,-0.006685768863419194,0.013461538460244095,0.0,-0.005725190839694662,-0.0009532888465203907,24214,24193,,2.415554309815297,4.346027326686351,-0.4543360316439803,1.9822356189922468,0.010408091995007758,1.4411863253203394,1.044,0.004848749660947415
2022-12-13,-0.0019083969465648872,-0.014340344168260157,0.017175572519083984,-0.008604206500956136,-0.005785920925747354,0.05555555524690741,-0.012452107279693604,0.00289296046259481,0.5999999976000018,-0.00382409177820268,-0.0019361084220716378,24240,24286,,1.354729945531966,3.191510768222655,-0.29738760160089317,1.495212771407933,0.006167611853616404,2.9184715470702796,1.048,0.0024461939631078597
2022-12-14,0.009699321047526683,-0.014409221902017199,0.018428709990300805,-0.008645533141210276,-0.006776379477250625,0.05263157867036564,-0.013461538461538473,0.003868471953204213,0.3409090901343036,-0.006724303554274636,-0.000973709834469221,24288,24324,,1.2732750374039075,9.111634236592023,-0.240164993706136,5.589023477922035,0.007516917275321658,2.5276318803739803,1.031,0.0018102038257259527
2022-12-15,-0.0009746588693958205,0.007804878048780496,0.012670565302144152,0.005853658536585372,0.0019398642095053366,0.8461538396449692,-0.005797101449275368,0.007789678674996144,0.18181818140495593,0.006829268292683042,-0.0009671179883946923,24343,24336,,1.5013672434268779,3.7142448901279526,-0.373611084977388,1.8556317360250087,0.009569392484965881,1.3584979281154919,1.026,0.003527888177915162
2022-12-16,-0.004840271055178987,-0.007782101167315182,0.013552758954501466,-0.008754863813229688,0.0009813542688911795,0.2857142836734694,-0.009746588693957123,0.003937007873628251,0.1702127655952948,-0.005836575875486387,0.002949852507374743,24384,24408,,1.5951172117436572,2.8902591082035585,-0.5482218869468358,1.5276873886047722,0.008971966580935738,1.5604159598305454,1.033,0.0028189553911958424
2022-12-19,-0.001960784313725492,-0.021611001964636563,0.02647058823529414,-0.013752455795677812,-0.008955223880596913,0.037037036899862825,-0.023552502453385585,0.002985074626568763,0.45833333237847435,-0.004911591355599328,-0.0030030030030030056,24434,24476,,0.9782000154941534,2.0295607544876995,0.04537469559041012,0.5499970260514989,0.008861415995108538,3.046917073999482,1.02,0.002852164788126752
2022-12-20,-0.002008032128514058,0.0,0.008032128514056233,0.0010060362173038239,-0.0010050251256281417,0.24999999687500005,-0.007007007007007013,0.004032258064109655,0.0,0.0020120724346076478,-0.0010050251256281417,24481,24480,,1.1260132962054792,2.931154696624084,-0.3519775013191141,1.616689060073263,0.007582594612947088,1.055047817119938,0.996,0.0026359163493366853
2022-12-21,0.0,-0.01307847082494971,0.019114688128772653,-0.011066398390342062,-0.0030487804878048808,0.21052631468144042,-0.015090543259557358,0.003064351378645115,0.30232558069226606,-0.0010060362173038239,0.001020408163265307,24530,24566,,0.9568405735383522,1.8653407942983513,-0.04525464394611258,1.1775872674629828,0.00848707741865908,2.23869759151227,0.994,0.0025000866704931258
2022-12-22,0.002038735983690114,-0.012207527975584956,0.01732925586136597,-0.0020345879959308257,-0.009183673469387763,0.17647058719723183,-0.01624365482233504,0.004077471966964583,0.3333333324074074,0.0,-0.0010288065843621409,24576,24619,,1.0532229986778041,2.911178309664628,-0.11124186310839584,0.9613626989726044,0.008524108719301218,1.9943433806835922,0.981,0.0032485130767114625
2022-12-23,-0.0051493305870236915,-0.004140786749482405,0.016477857878475815,-0.003105590062111804,-0.0010384215991692638,0.49999999687499996,-0.014447884416924678,0.007329842931169657,0.07547169797080812,0.0,0.00732984293193718,24631,24665,,1.4443981188490413,3.2254669945897074,-0.39159303141106744,2.0396730063947786,0.011371071914947134,1.407079295511295,0.971,0.004474623899656914
2022-12-26,-0.0010395010395010404,0.03225806451612906,0.03430353430353433,0.02393340270551511,0.008130081300813016,0.969696966758494,-0.004052684903748737,0.02479338842719079,0.5535714275829081,0.01560874089490116,0.0,24717,24672,,1.6149164526937578,2.6435248027828253,-0.41854824347642006,0.9981343099773261,0.01229993756691131,2.682940425688092,0.962,0.004039683213387915
2022-12-27,0.002016129032258066,0.010060362173038238,0.02016129032258055,0.0010060362173038239,0.009045226130653275,0.8499999957500047,-0.008024072216649957,0.018200202222628803,0.16393442596076443,-0.005030181086519119,0.0,24764,24722,,0.7764583934235452,4.712437706797112,-0.06392723667614109,2.8458872531307793,0.010631062841031737,1.8812794271782312,0.992,0.0031782796231388257
2022-12-28,-0.004980079681274905,-0.0010010010010010019,0.007968127490039847,0.0020020020020018927,-0.003992015968063875,0.24999999687500005,-0.004995004995004889,0.007028112449093458,0.022727272675620178,-0.0030030030030030056,-0.0020000000000000018,24786,24772,,1.7346513297704238,3.9207205918299044,-0.561646324020589,2.3470012947901333,0.0071886050452782575,1.1128723637373106,1.004,0.002114297441849271
2022-12-29,-0.004008016032064131,0.010060362173038238,0.01803607214428848,0.013078470824949598,-0.0039682539682539715,0.6111111077160531,-0.0069721115537848665,0.013039117350748345,0.21276595699411346,0.0040241448692152956,-0.000995024875621781,24835,24816,,2.0992244435387657,3.236179469941561,-0.5293320638742938,1.3533409477657643,0.012051284305336687,1.4936167295188005,0.998,0.004631961341085162
2022-12-30,0.0009960159362548703,-0.001990049751243783,0.01095617529880468,-0.002985074626865564,0.001998001998002,0.2727272702479266,-0.008910891089109028,0.003976143140757842,0.052631578808864266,0.004975124378109568,-0.0009960159362550915,24864,24885,,1.7678930048184245,4.698096599235246,-0.43951810363942206,2.43853978883453,0.00870714175958685,1.2633307435882117,1.004,0.0023962389522242376
2023-01-03,-0.0019940179461615175,0.021978021978022,0.025922233300099726,0.01498501498501511,0.0058997050147492685,0.9615384578402324,-0.00696517412935313,0.026052104205806427,0.3999999992727313,0.0,-0.0009765625000001093,24952,24915,,1.2677713727941813,2.031247554008459,-0.31895831770185357,1.058980493359277,0.01058450557671767,2.456420809258124,1.003,0.0033910231677310924
2023-01-04,0.0,-0.006842619745845451,0.01759530791788858,-0.007820136852394924,0.0009852216748769576,0.44444444197530864,-0.013685239491691118,0.006937561941829893,0.17948717902694952,-0.003910068426197462,0.0039525691699604775,24960,24989,,0.8119113124612476,2.672842249159153,-0.028323695420178468,0.874238281612335,0.0077460606358103245,2.323761795048334,1.023,0.002618232030419557
2023-01-05,0.0009842519685038286,0.008849557522124012,0.015748031496063006,0.0058997050147492685,0.0029325513196482053,0.9374999941406319,-0.0029239766081872454,0.012833168804261408,0.20930232509464672,0.0009832841691249873,0.0009756097560976703,25030,25008,,1.528304715381147,3.43833282629647,-0.47176935176588597,2.39331293871822,0.008350860861473873,1.9159701106047535,1.016,0.0026712045558963788
2023-01-06,-0.0009746588693958205,0.006829268292683042,0.02046783625730985,0.015609756097560991,-0.009596928982725536,0.38095237913832397,-0.01435406698564584,0.017526777018741325,0.13207547144891713,0.009756097560975618,0.0,25077,25056,,1.9319154032890118,2.6244928926550184,-0.6907793226050708,1.2683941638117702,0.009752942111757696,2.1531963938721264,1.026,0.0037514522003218626
2023-01-09,0.0029069767441859415,-0.0028985507246375767,0.013565891472868229,-0.0028985507246375767,0.0,0.3571428545918447,-0.011538461538461548,0.006776379476594849,0.058823529296423684,0.0028985507246377913,-0.0009680542110357115,25107,25136,,1.6451026301176563,3.3113056433016705,-0.47900810362747726,1.7974388783394648,0.009713117161361806,1.441349838912289,1.032,0.002795378062806889
2023-01-10,-0.0019379844961240327,0.0019417475728155356,0.012596899224806104,0.0029126213592231957,-0.00193423597678917,0.46153845798816967,-0.0067437379576109025,0.007766990290508066,0.04761904750566994,0.004854368932038731,0.0,25160,25152,,1.7651494851131373,3.9047958364399067,-0.5480874838472835,2.0962843785757377,0.007553804477405797,1.720987069070364,1.032,0.002251140828577451
2023-01-11,-0.0009689922480621239,-0.016488845780795253,0.019379844961240327,-0.005819592628516009,-0.008797653958944182,0.0,-0.018393030009680452,0.002918287937459205,0.5483870950052091,-0.0019398642095053366,-0.002949852507374525,25200,25244,,0.8388817126549871,1.5083361143993743,0.19053305012281077,0.9842883111066295,0.006818547898286252,2.9331758029754638,1.032,0.0027700373397514166
2023-01-12,0.000986193293885493,0.0009852216748769576,0.00887573964497053,-0.0029556650246304354,0.0039525691699604775,0.5555555493827217,-0.006869479882237385,0.005928853754354861,0.026315789404435824,0.0019704433497536966,0.0,25250,25272,,1.3272764589876498,3.6479843132812704,-0.3811378486277505,1.7531839858552143,0.007028813997115423,1.2804435962666387,1.014,0.002215171575628254
2023-01-13,0.0009842519685038286,0.0,0.009842519685039379,-0.003933136676499512,0.0039486673247778915,0.8999999909999891,-0.006889763779527674,0.007928642219234037,0.0,-0.001966568338249756,0.0039486673247778915,25296,25332,,0.8301878064078844,2.068449918799927,0.2734223750899573,1.2465125041026959,0.007893688078897428,1.2668349412044784,1.016,0.0027259549071847093
2023-01-16,0.0,0.017699115044247805,0.027531956735496587,0.021632251720747318,-0.004807692307692419,0.7142857117346939,-0.006717850287907981,0.019569471622351342,0.32727272667768265,0.013765978367748294,-0.0009652509652510733,25370,25344,,1.6553905975448393,2.3539805322084173,-0.6431538531584056,1.3541674994564523,0.011049012523810853,2.534163092515565,1.017,0.003369007623852553
2023-01-17,0.0,0.00966183574879228,0.015458937198067648,0.011594202898550735,-0.001910219675262657,0.687499995703118,-0.007626310772163973,0.008653846153013954,0.1818181814876044,0.010628019323671615,-0.0009560229445507762,25395,25392,,1.9608992731871833,2.687626009562792,-0.5413310265113929,2.0590351215070726,0.00958352377553319,1.6695320226465067,1.035,0.00206548865119409
2023-01-18,0.0019138755980861262,0.0028653295128940916,0.006698564593301548,0.0009551098376314346,0.0028653295128940916,0.7142857040816374,-0.004752851711026725,0.005736137666755632,0.08333333310185391,0.0028653295128940916,-0.0009514747859180685,25449,25440,,1.6085385181710592,3.5233268051202122,-0.5090651564024474,1.8692461759752028,0.007250910580154145,0.965395976971448,1.045,0.0024065792731098614
2023-01-19,-0.002857142857142965,0.020057306590258006,0.021904761904762027,0.011461318051575943,0.007547169811320761,0.9999999956521739,-0.0018867924528301902,0.018112488082162898,0.5384615370808814,0.0047755491881567485,0.002816901408450811,25535,25488,,1.0583557281205926,1.6264190906207212,-0.1428044952763953,0.23999707886990213,0.006474168604370696,3.552579651573319,1.05,0.0012879693838861012
2023-01-20,0.001872659176029964,0.002803738317756908,0.011235955056179785,-0.0028037383177571154,0.004681647940074806,0.583333328472213,-0.010204081632653173,0.006535947711808145,0.06249999986978906,0.006542056074766257,0.0009328358208954196,25539,25558,,1.4871672603069808,3.9455657251855345,-0.38238337360985203,2.4794231270321134,0.008126889251618112,1.4765797195960026,1.068,0.003302108289011958
2023-01-30,0.01677539608574093,-0.01558203483043071,0.017707362534948656,-0.006416131989000821,-0.00831024930747913,0.0,-0.013774104683195502,0.004642525533459483,0.2537313429048757,-0.007332722273143911,-0.004633920296570801,25584,25630,,1.953816102910062,7.7284081670813345,-0.4767784779575833,4.577681729510254,0.011522989466791998,1.6488776536564642,1.073,0.004104844950034367
2023-01-31,-0.003724394785847303,-0.011214953271028047,0.015828677839850935,-0.009345794392523372,-0.0028275212064089463,0.11764705813148865,-0.013979496738117337,0.0037664783423948735,0.2790697667928617,-0.00467289719626179,-0.0018867924528301902,25632,25678,,1.71498945453512,2.888578005102792,-0.5110589752161219,1.55560139263363,0.009083299211408031,1.8715666430422495,1.074,0.003977246720087998
2023-02-01,0.0,0.012287334593572685,0.017958412098298588,0.0018903591682419675,0.00942507068803017,0.9999999947368421,-0.012195121951219627,0.017094017092393745,0.2708333327690949,0.004725897920604814,0.0028089887640448423,25724,25695,,1.0773521965062585,2.15118973524513,-0.12358081581009989,0.5650555892435716,0.009755677354413433,1.9475838647580928,1.058,0.003520875786456799
2023-02-02,0.002801120448179378,0.0009310986964617224,0.013071895424836614,0.007448789571694606,-0.006469500924214526,0.2857142836734694,-0.009233610341643592,0.01026119402889345,0.01587301584781888,0.004655493482309025,0.0018639328984156587,25738,25730,,1.4769550539934935,4.441024885017919,-0.4906326268378635,2.7861942616348108,0.011758637020148106,1.190614172114504,1.071,0.004242280093070624
2023-02-03,-0.0037209302325581428,0.00653594771241841,0.017674418604651077,-0.007469654528478065,0.014111006585136525,0.9473684160664875,-0.013940520446096769,0.01602262016814125,0.12280701732840997,-0.0037348272642390326,0.0027906976744187105,25823,25801,,1.065041948811272,2.42022087284896,-0.12932560085276157,0.9723512991564287,0.009985698400499109,1.9027211765957326,1.075,0.0030705114415028674
2023-02-06,-0.0064935064935066015,-0.0028011204481791707,0.018552875695732853,-0.0037348272642390326,0.0009372071227742381,0.24999999875000553,-0.014814814814814828,0.007462686566468039,0.05357142847576332,0.008403361344537926,0.0037593984962406048,25830,25866,,1.8488058280850341,3.9634584898558547,-0.5216879393622693,2.1638664914717474,0.01075044470195231,1.860388139137086,1.078,0.004231652014199756
2023-02-07,-0.000936329588015086,-0.003748828491096536,0.012172284644194663,-0.001874414245548268,-0.0018779342723004712,0.38461538165679954,-0.011214953271028047,0.006616257088221426,0.07547169797080953,-0.002811621368322298,-0.0018779342723004712,25872,25905,,0.9343274494190885,2.4778831275233317,-0.040701335333044514,0.8480486393308496,0.010364140753556066,1.2543249058159451,1.068,0.0037493063215541735
2023-02-08,0.0009407337723425324,-0.009398496240601512,0.015051740357478848,-0.0028195488721805577,-0.007532956685499065,0.062499999609381934,-0.012183692596063637,0.0037771482527122653,0.27027026953981087,-0.0018796992481203024,-0.0018939393939393955,25921,25966,,1.1003680245200345,3.2081230393419884,-0.12301457338719167,1.4442474362004671,0.00871386137006068,1.836154964704597,1.063,0.0023228163480624978
2023-02-09,-0.0028462998102467872,0.029495718363463503,0.03225806451612906,0.013320647002854437,0.01596244131455411,0.9999999970588235,-0.0018779342723004712,0.030476190473288006,0.5961538450073985,0.005708848715509044,0.003710575139146571,26014,25968,,1.0270253909908482,2.2146216425050955,-0.10775591504398338,0.7440837230635875,0.008163988683961388,4.164630905274507,1.054,0.002017281702728929
2023-02-10,-0.0018484288354898351,-0.01111111111111112,0.018484288354898352,-0.012962962962962973,0.0018761726078799265,0.2999999985,-0.013901760889712607,0.005639097743830916,0.21428571390306206,-0.0009259259259260295,-0.0009354536950419924,26016,26045,,1.8440265656210932,3.706623030138695,-0.564479690344483,2.128810402844652,0.009957959295523755,2.0084436183773056,1.082,0.004514673885665573
2023-02-13,-0.005617977528089893,0.0065913370998115775,0.012172284644194663,0.0065913370998115775,0.0009363295880148781,0.5384615343195227,-0.0055917986952469766,0.007511737088496557,0.15217391271266226,0.005649717514124298,0.0009363295880148781,26075,26064,,1.4728545247791502,2.7614294156701242,-0.3414731550907032,1.7047028394401926,0.00830986049731672,1.5644065081185168,1.068,0.003925628254281666
2023-02-14,0.0018709073900841926,-0.005602240896358549,0.01496725912067354,-0.00840336134453772,0.0028248587570620445,0.31249999804686807,-0.011183597390493953,0.00565504241228511,0.1666666662037037,-0.0018674136321195163,0.0,26114,26141,,1.7774306359754113,2.8127374895885646,-0.5484378259942376,1.7902119092719082,0.007174778867751449,2.230033854968268,1.069,0.0023954930221715665
2023-02-15,0.0,0.0018779342723004712,0.009389671361502356,0.0018779342723004712,-0.000936329588015086,0.6999999929999889,-0.005612722170252577,0.008490566036934755,0.03278688519215282,-0.004694835680751074,0.0,26178,26163,,1.2282399476400507,1.8765753955946791,-0.19470380902165363,0.7969294787409114,0.010113045804135943,0.9888217748433534,1.065,0.003122178751920114
2023-02-16,-0.0009372071227740299,-0.01594746716697948,0.030927835051546317,0.005628517823639779,-0.021455223880597136,0.27272727190082396,-0.02611940298507465,0.008466603950285475,0.23943661938107488,0.003752345215759853,0.0,26229,26252,,0.5371844472970038,1.07150220280873,0.5289866135015376,1.2814100236908703,0.013042715331623989,2.5301479720999316,1.067,0.006088341837922232
2023-02-17,-0.002859866539561384,-0.016252390057361496,0.020972354623450925,-0.00764818355640536,-0.007714561234329805,0.09090909049586776,-0.01720841300191206,0.004835589941505159,0.30909090852893073,-0.002868068833652116,-0.004835589941973032,26256,26302,,1.1934373136475858,2.802787785048767,-0.2571006434214774,1.420590908150711,0.010348484872699544,2.1259150550093535,1.049,0.0027437634774241278
2023-02-20,-0.001943634596695823,0.014605647517040044,0.01943634596695823,0.001947419668938658,0.011650485436893215,0.9999999949999999,-0.0038759689922480654,0.01857282502262253,0.2941176464821251,0.004868549172346754,0.0019230769230769247,26342,26305,,1.0344828728146298,3.4830011597183335,-0.2840879075785012,1.8549468762052308,0.00992422752721798,2.0152701803360933,1.029,0.004037631410511979
2023-02-21,-0.0019193857965451072,-0.0019230769230769247,0.01247600767754309,-0.0019230769230769247,0.0,0.46153845798816967,-0.010536398467433065,0.004840271054710638,0.048780487685900854,0.0009615384615383556,0.0028985507246377913,26352,26389,,1.6875619506803514,3.5604314688087215,-0.3912354063673843,1.7808802756239792,0.00961393477844865,1.3522038753499068,1.042,0.0030729453527930358
2023-02-22,-0.004816955684007819,-0.0009680542110357115,0.0057803468208092535,-0.0019361084220716378,0.000969932104752776,0.3333333277777779,-0.004830917874396033,0.0038797284186343657,0.02777777770061403,-0.0019361084220716378,0.0,26415,26404,,1.7064875269275748,2.837000424883072,-0.4969018536069797,1.2116115558282567,0.007943262927993567,0.7553570842177663,1.038,0.0016787576257404975
2023-02-23,0.0,0.0029069767441859415,0.009689922480620164,0.0038759689922480654,-0.0009652509652510733,0.3999999960000001,-0.005774783445620795,0.0067829457357767445,0.06249999986978993,0.0029069767441859415,0.0019361084220716378,26469,26448,,1.582181140771335,1.4591192907510537,-0.4108098447040775,1.4672009840256286,0.008850544621977785,1.1298739585110373,1.032,0.002235836355112892
2023-02-24,0.001932367149758456,-0.0038572806171649023,0.010628019323671615,-0.0038572806171649023,0.0,0.18181818016528745,-0.007692307692307699,0.0058027079298063194,0.09523809501133837,0.002892960462873784,-0.001932367149758456,26502,26515,,1.758409195458281,2.771156423843399,-0.5287374285672716,1.644573809645542,0.007921500706300691,1.3886257502177894,1.035,0.00258995698678925
2023-02-27,-0.0038722168441432756,-0.0009718172983478036,0.010648596321394116,0.001943634596695823,-0.0038759689922480654,0.09090909008265381,-0.009643201542912256,0.007774538386027749,0.020833333289928337,0.003887269193391646,-0.0009718172983478036,26548,26576,,1.1301013137959652,3.211320539358549,-0.2164851779297969,1.1879494066433265,0.009573461102017053,1.1490097225946356,1.033,0.004014021221307917
2023-02-28,0.00486381322957188,0.0,0.013618677042801569,-0.0038722168441432756,0.003887269193391646,0.7142857091836735,-0.012548262548262665,0.009775171064538115,0.0,0.0009680542110359265,0.003887269193391646,26594,26623,,1.0893778194127293,3.3189210371946305,-0.24242722535832176,1.5783103965200211,0.008517199761550326,1.6437327088214755,1.028,0.0026625735679100537
2023-03-01,0.0,0.0048402710551792025,0.013552758954501466,0.0048402710551792025,0.0,0.7857142801020488,-0.005769230769230774,0.010689990280788262,0.10869565193762003,-0.0019361084220716378,0.001930501930501932,26665,26641,,1.051431434433234,1.722008259783065,-0.19442983224825977,0.6882448297182326,0.008671810879016922,1.614426333078021,1.033,0.0018409464495719183
2023-03-02,0.0,-0.0057803468208092535,0.008670520231213986,-0.002890173410404734,-0.0028985507246375767,0.11111110987655419,-0.008653846153846269,0.0038610038606311805,0.1764705877162595,0.0,0.0,26694,26731,,1.6846545840300067,3.095447844591762,-0.5170813170701778,1.018445461834082,0.006548180429940184,1.3744275923440878,1.038,0.00210543035106458
2023-03-03,0.004844961240309974,0.005785920925747354,0.010658914728682287,0.0009643201542913327,0.004816955684007604,0.9090909008264372,-0.00957854406130269,0.009671179883010533,0.13333333303703473,0.0038572806171649023,0.0,26737,26751,,1.5512069629566871,6.89127968302192,-0.35275747334045365,3.9309807929754057,0.00936667220735081,1.1743765169800489,1.032,0.001987074666325356
2023-03-06,0.0,0.009587727708533087,0.019175455417066174,0.005752636625119852,0.0038131553860819866,0.8999999955,-0.004739336492890894,0.018339768337998,0.1960784309880811,-0.0038350910834132348,0.0009505703422052185,26811,26793,,1.168559748295522,2.443309554427387,-0.2789874448484753,0.8480771342940889,0.008890425937550545,2.2496109765185492,1.043,0.0023296086953378935
2023-03-07,-0.0028490028490027464,-0.01523809523809525,0.018993352326685677,-0.0019047619047619063,-0.014299332697807343,0.04999999975000555,-0.01804368471035129,0.004770992365956865,0.2539682535651329,-0.0019047619047619063,-0.0009661835748791207,26836,26879,,0.9959530391659364,2.0449721176609037,-0.0429604649423187,0.7083376598360953,0.009915535342387743,2.0170368122030387,1.053,0.003448018689841627
2023-03-08,-0.00386847195357834,0.0077669902912621425,0.010638297872340542,0.0029126213592231957,0.00386847195357834,0.8181818107438036,-0.007692307692307699,0.00581395348780873,0.17777777738271472,0.004854368932038731,0.0048402710551792025,26890,26880,,1.8997539883813124,5.484803089984907,-0.4324092687546589,3.0958872038748777,0.009553227853614035,1.1514432664446959,1.034,0.0022644795796429446
2023-03-09,0.0,0.0028901734104045196,0.008670520231213773,0.003853564547206169,-0.0019175455417066174,0.5555555493827107,-0.005747126436781614,0.008687258686420049,0.06666666651851655,0.004816955684007604,-0.0019175455417066174,26934,26930,,1.5668481351802854,2.770969185394703,-0.4986888760589684,1.6612543514563491,0.0083200757715068,1.0817209048323209,1.038,0.0030493284849089134
2023-03-10,-0.005763688760806922,0.001932367149758456,0.015369836695485126,0.004830917874396247,-0.0028846153846154936,0.43749999726561806,-0.009560229445506701,0.014548981569878978,0.034482758561236754,-0.001932367149758456,-0.0019249278152069316,26993,26980,,2.508050509704633,3.6523628747819883,-0.6608977679494578,1.6217239476930572,0.011470149123077998,1.3949251826478364,1.041,0.00581071411439657
2023-03-13,-0.0028929604628735697,0.005802707930367509,0.009643201542912256,0.0029013539651836476,0.0019267822736030846,0.8999999910000113,-0.005774783445620795,0.006776379476594849,0.10909090889256308,-0.0009671179883946923,0.0009624639076035727,27071,27032,,1.4523295235085418,3.262601579880272,-0.3468850956090308,1.3324563191682242,0.009519011845344183,1.0505291996078523,1.037,0.0023082266735201594
2023-03-14,-0.0009615384615385691,0.015399422521655453,0.026923076923076945,-0.0028873917228102904,0.018339768339768248,0.9285714252551021,-0.009624639076034659,0.02721088435109712,0.2388059697928305,0.0,-0.0018921475875118277,27110,27091,,0.7193021713931026,1.4831909319868177,0.270030862781945,0.8942235133631633,0.012881102134152733,2.1737270220370823,1.04,0.00376635486585754
2023-03-15,0.0009478672985783052,-0.007575757575757582,0.018009478672985694,-0.0018939393939393955,-0.005692599620493364,0.0,-0.01688555347091934,0.005660377357956573,0.15384615355029585,0.008522727272727175,-0.0009532888465203907,27125,27156,,2.0320378201439975,4.569881419024502,-0.565373455957255,2.25583858930119,0.010602711701893338,1.7919943836073198,1.055,0.004366388989557673
2023-03-16,-0.004770992366412324,-0.01054650047938629,0.02003816793893142,-0.0009587727708532022,-0.009596928982725536,0.047619047392295284,-0.016205910390848337,0.0067178502872630615,0.1774193545525508,0.0019175455417066174,-0.0009680542110357115,27169,27208,,0.9010715482527383,3.1133105010376974,-0.022655901041628148,1.2633727628098537,0.011771333987655206,1.7839949018202772,1.048,0.004098205088583087
2023-03-17,0.007751937984496131,0.015384615384615398,0.025193798449612424,0.018269230769230677,-0.0028328611898015975,0.7692307662721893,-0.009433962264150952,0.02021174205772758,0.2105263155124654,0.0,0.003802281368821296,27240,27216,,1.3459232478985987,3.267254813555586,-0.22483822818976118,1.9091350508542664,0.013635634339377319,1.9067686300621691,1.032,0.0032672293493387645
2023-03-20,0.0009469696969695926,0.010406811731315158,0.02083333333333335,0.012298959318826986,-0.0028011204481791707,0.6818181787190133,-0.007455731593662635,0.017061611372790386,0.14285714267161534,0.0028382213812678464,0.0009372071227742381,27274,27264,,2.9041007493641438,2.5819528466088375,-0.6733600465149557,1.8485723263166702,0.01577747474104,1.3943929698289952,1.056,0.006780733127742488
2023-03-21,0.0,0.001872659176029964,0.008426966292134942,-0.003745318352059928,0.005639097744360907,0.9999999888888891,-0.005617977528089893,0.007532956684789747,0.03508771923668896,-0.001872659176029964,0.002811621368322506,27358,27313,,1.0121058586258924,3.5719387534057634,-0.11888176738848708,1.9039832827527174,0.009569879070952522,0.9404507454302915,1.068,0.0027658719743135227
2023-03-22,0.002803738317756908,0.0009319664492079329,0.010280373831775814,0.0018639328984156587,-0.0009302325581394325,0.4545454504132287,-0.007421150278293142,0.007476635513319947,0.0166666666388908,0.0009319664492079329,0.0,27368,27360,,2.165652779515208,2.617180390768058,-0.644324082966551,1.6041035216729014,0.01044859601563818,1.0527730116332727,1.07,0.004457502982931406
2023-03-23,-0.0027932960893855803,0.026143790849673228,0.02793296089385477,0.01493930905695613,0.011039558417663303,0.9666666634444407,-0.006433823529411872,0.021375464682028215,0.4179104471374478,0.011204481792717097,0.0009107468123860563,27450,27408,,1.10006228518201,2.035167645002619,-0.3912810678824425,1.702324912352743,0.012360162824065084,2.427152472366719,1.074,0.00494948065676071
2023-03-24,0.0009099181073704385,0.0036363636363636394,0.012738853503184724,0.0009090909090908089,0.0027247956403270786,0.9285714219387835,-0.009066183136899374,0.010978956998080618,0.061538461443786885,-0.0009090909090910108,0.0027247956403270786,27487,27471,,1.8284377749186833,4.180851106464099,-0.483204082202417,3.172905747831196,0.010514256481908596,1.3315254284443827,1.099,0.003519385494371797
2023-03-27,-0.0018115942028985523,-0.003629764065335756,0.024456521739130554,-0.012704174228675147,0.009191176470588243,0.48148147969821886,-0.02162162162162164,0.01473296500785149,0.04597701144140568,0.007259528130671512,-0.0018181818181818197,27509,27526,,1.7700966262038758,2.6106638812197684,-0.6033986683216934,2.1523107687290173,0.01473946239626504,1.8318171376223453,1.104,0.004480657098333011
2023-03-28,0.0,-0.016393442622950834,0.02823315118397098,-0.006375227686703203,-0.010082493125572776,0.09677419323621551,-0.024434389140271413,0.007346189163696408,0.27692307649704,-0.004553734061930888,-0.0036900369003690066,27553,27597,,0.951382208487546,4.121926538615871,-0.05710484559908254,2.176728242974326,0.013241149395864777,2.3411864664530424,1.098,0.003909463860293612
2023-03-29,0.0018518518518518534,0.019408502772643166,0.037962962962963094,0.019408502772643166,0.0,0.6341463399167145,-0.014324082363473602,0.035217794250674936,0.24418604622768747,0.000924214417744815,-0.003613369467028007,27633,27600,,0.9971502511445249,1.8317906983406111,-0.0946483667194883,1.3278997229549794,0.014540695676827187,2.819672499120702,1.08,0.0036679564787376194
2023-03-30,0.0018132366273798748,0.0027149321266969357,0.015412511332728834,0.0018099547511312233,0.001808318264014468,0.8235294069204205,-0.01262398557258793,0.014611872144784318,0.03448275858105536,-0.0009049773755655113,0.005444646098003634,27676,27665,,1.5238282602049,3.1807174181247246,-0.5528472509349458,1.8756613336281498,0.014680961738225218,1.157962277085725,1.103,0.006388592415872773
2023-03-31,0.0,0.0144404332129964,0.020758122743682227,0.00180505415162455,0.012612612612612623,0.9565217349716492,-0.0071877807726864395,0.018099547509674265,0.24242424205693788,0.002707581227436725,0.0017825311942959016,27742,27696,,0.5913307730790134,1.764935874843972,0.28972105578801854,0.7643742565205327,0.011688888149935442,1.9676807159249674,1.108,0.0038495752667774964
2023-04-03,0.005338078291814753,0.03451327433628332,0.035587188612099675,0.021238938053097366,0.013876843018213368,0.9749999975625028,-0.010416666666666676,0.029049295772090856,0.41052631535734047,0.015929203539823026,0.0034334763948497883,27790,27744,,1.4154863975432808,3.983900305252485,-0.4782264791484694,2.1643880472031394,0.016294716842351883,2.454783359632062,1.124,0.005973996953774493
2023-04-04,0.0,0.0025662959794695395,0.029940119760478973,0.015397775876817807,-0.01263689974726211,0.42857142734693693,-0.02521008403361347,0.02321582115019633,0.019108280242605524,0.004277159965782629,0.0,27804,27830,,1.212708539107435,1.9462103507000748,-0.3588012579198117,0.6424715533885563,0.0244141327146355,1.433595871118491,1.169,0.00785973006134164
2023-04-06,-0.006825938566552907,0.024914089347079157,0.03924914675767922,0.030068728522336895,-0.004173622704507424,0.6304347812381876,-0.017398508699254456,0.021150592214792787,0.2478632476513992,0.024914089347079157,0.0008389261744967382,27852,27840,,1.7363000402623225,4.479797554481941,-0.6086217609866713,2.8400315696375897,0.023185663797631526,1.9839845950971047,1.172,0.005735690640726666
2023-04-07,0.0008382229673092119,0.010887772194304961,0.01844090528080471,0.0033500837520938054,0.007512520868113622,0.9999999954545454,-0.01245847176079726,0.015138772076102723,0.14444444428395187,-0.0016750418760469027,0.0033250207813798863,27890,27888,,1.2875757349716914,2.8100886976852477,-0.43071944137677515,1.3070600983529577,0.017464350528047828,1.2597090191643265,1.193,0.00886699552217251
2023-04-10,0.0008285004142501158,-0.029801324503311286,0.038939519469759674,-0.014900662251655643,-0.0142977291841885,0.06382978709823228,-0.035449299258038046,0.016764459344780862,0.26865671621742077,-0.006622516556291397,-0.0017035775127768329,27944,27977,,1.1408925564208843,2.249499989126854,-0.32497504310485076,1.1449177388000518,0.020454340440346948,2.29780079720931,1.207,0.004752452506744788
2023-04-11,-0.0017064846416382268,-0.004273504273504183,0.025597269624573402,-0.008547008547008555,0.0034453057708871693,0.43333333188889256,-0.022861981371718996,0.009532062390855212,0.04545454541322204,0.009401709401709505,0.005176876617773948,27990,28009,,1.051024261275392,3.30313890140395,-0.2632865327071411,1.9311982420523206,0.01717035562064612,1.7471973492038477,1.172,0.005321980328659281
2023-04-12,-0.0017167381974248941,0.00859845227858986,0.021459227467811273,0.01633705932932064,-0.007614213197969457,0.5999999976000018,-0.008460236886632834,0.017211703957210712,0.1315789471952897,0.005159071367153917,0.0,28056,28032,,1.4619754951825965,2.9129628631125652,-0.4236702355836304,1.0453107190319435,0.012731929599568122,1.9635672352831288,1.165,0.004278642536937585
2023-04-13,-0.004262574595055512,-0.021404109589041022,0.023870417732310335,-0.006849315068493157,-0.015503875968992262,0.07142857117346939,-0.022241231822070166,0.00605536332127559,0.3048780484086856,-0.0034246575342465786,-0.0034873583260680067,28080,28124,,0.9001530583863815,2.7106317849291917,-0.10487803391948684,1.405555185777796,0.01353432311200125,2.0688141964255493,1.173,0.004760595544715637
2023-04-14,0.005249343832021002,0.028720626631853714,0.03762029746281708,0.01827676240208869,0.011120615911034987,0.9999999976744186,-0.011265164644713953,0.035933391758463266,0.33333333299663453,-0.005221932114882511,0.003395585738539901,28167,28138,,1.5680497854797815,2.612001121694808,-0.6072986108596722,1.0120513345639532,0.0151715206739061,2.8342577280688146,1.143,0.0036672486040358657
2023-04-17,-0.0050761421319797,0.008503401360544225,0.017766497461928855,0.005102040816326535,0.002535925612848598,0.5238095213151902,-0.010896898575021057,0.00845308537544776,0.12048192756568331,0.011054421768707587,0.002535925612848598,28180,28176,,2.2497094626514937,5.142427380042172,-0.6061310105343606,2.5828541545410904,0.01479113380354628,1.41976944681469,1.182,0.004773265425492875
2023-04-18,-0.006745362563237781,-0.005093378607809852,0.020236087689713342,-0.011884550084889655,0.00773860705073078,0.5833333309027777,-0.017781541066892573,0.01724137930885852,0.07228915653941037,-0.005942275042444733,-0.0017035775127768329,28224,28241,,2.0168657500290323,2.468898713076316,-0.5624074118091772,2.8502996960032463,0.014776449121076266,1.6242061703002248,1.186,0.005856795240475655
2023-04-19,-0.0017064846416382268,0.006837606837606844,0.02218430034129695,0.017948717948718062,-0.010915197313182303,0.30769230650887575,-0.01508801341156749,0.017050298378768106,0.0919540228828116,0.008547008547008555,-0.0008481764206955995,28298,28272,,1.6046409886222066,4.385593790625884,-0.42746942200870464,2.5584611251370646,0.017581703401380967,1.4788100594437754,1.172,0.004844430417724729
2023-04-20,-0.0008488964346348811,0.028887000849617695,0.03056027164685911,0.020390824129141904,0.008326394671107417,0.972222219521608,-0.008298755186721999,0.02021903959391585,0.3863636359245868,0.018691588785046745,0.004979253112033199,28367,28320,,2.0097397325687796,2.4267186750479746,-0.5870266043837133,1.3335579522622858,0.015065366359280331,2.389586745022314,1.178,0.005190315644224554
2023-04-21,0.0,-0.038810900082576504,0.044591246903385666,-0.03303055326176716,-0.005977796754910433,0.07407407393689987,-0.03887510339123255,0.007692307691650332,0.4747474742679293,-0.01073492981007442,-0.005977796754910433,28368,28413,,1.2290255444633,1.9740864677789394,-0.22027405478096906,0.7729439583756358,0.01506483109257466,3.5845074737124327,1.211,0.0045855938306815485
2023-04-24,-0.006872852233676983,-0.012110726643598628,0.024914089347078967,-0.0034602076124567505,-0.008680555555555565,0.31034482651604967,-0.01561144839549004,0.012291483756603041,0.1414141412712987,-0.008650519031141876,0.004397537379067628,28416,28460,,1.5240982007606587,3.7754708956975156,-0.4387863264996743,2.006812090954153,0.015810387078962887,1.8342371803890398,1.164,0.006594295464686511
2023-04-25,-0.0008756567425568213,-0.01840490797546004,0.029772329246935035,-0.010517090271691508,-0.007971656333037995,0.23529411695501884,-0.027947598253275134,0.012378426170435164,0.1794871793337712,-0.007887817703768727,0.0,28473,28492,,1.035906021511216,2.332518895528363,-0.2577889650175289,1.356830564211089,0.019741066220770265,1.7222980485216859,1.142,0.006643260592477967
2023-04-26,-0.004464285714285817,0.0008968609865471856,0.02142857142857125,0.0026905829596413577,-0.0017889087656529532,0.41666666493055937,-0.018617021276595664,0.018970189700183278,0.009803921559016831,0.01165919282511202,-0.0035714285714285744,28516,28524,,1.6851233023121115,2.5987235995472124,-0.49935663915031747,1.6650054656606894,0.018998883005319038,1.263232152487986,1.12,0.007316968436296821
2023-04-27,-0.005376344086021509,0.0018018018018018033,0.018817204301075183,0.0018018018018018033,0.0009000900090010009,0.38095237913832397,-0.017777777777777795,0.0089686098646665,0.028169014044832245,0.009009009009009016,0.006334841628959382,28563,28599,,0.6700833165947188,2.267177285164952,0.21724739427599368,1.5716852444696952,0.012990533891330496,1.6165617220981598,1.116,0.005244745867798106
2023-04-28,-0.004496402877697945,0.023486901535682045,0.024280575539568264,0.013550135501355125,0.00980392156862736,0.9629629593964374,-0.004448398576512557,0.02346570396900111,0.42622950749798827,0.009936766034327119,0.00443262411347528,28652,28608,,0.9776191073117726,3.240081487552892,0.012070181845758933,1.7359223206976344,0.011303129220998263,2.388719020478777,1.112,0.004017519023684005
2023-05-04,-0.007060900264783766,-0.014222222222222235,0.0211827007943513,-0.015111111111111027,0.0,0.1666666659722222,-0.017777777777777795,0.005429864252902279,0.34782608620037975,-0.007999999999999908,0.0,28656,28682,,1.5389081316231072,2.875099950855044,-0.5276633359349372,1.7662638816357346,0.008503647078412477,2.822318411907644,1.133,0.003093116839163004
2023-05-05,-0.001803426510369704,-0.012646793134598024,0.019837691614066743,-0.00993676603432692,-0.002737226277372366,0.1363636357437966,-0.01711711711711723,0.005499541704353851,0.2372881351910348,0.0018066847335140035,0.0009157509157508148,28704,28749,,1.422592696672487,1.9122361024287393,-0.4625645472295129,0.6726493730367239,0.009767531550888052,2.2523602468183257,1.109,0.00269359200317037
2023-05-08,0.002744739249771376,0.00547445255474453,0.017383348581884634,0.0045620437956203404,0.0009082652134424268,0.7368421013850458,-0.009033423667570017,0.015596330273798413,0.09677419339229934,0.01003649635036487,0.0018181818181818197,28757,28754,,2.0907780896069874,3.740121728133378,-0.5535515419437262,1.752482684687175,0.012387776069476147,1.5337700439580495,1.093,0.007674875056245155
2023-05-09,0.0,-0.021778584392014536,0.02722323049001817,-0.00907441016333939,-0.01282051282051283,0.033333333222225925,-0.024434389140271413,0.006375227686122378,0.3809523803476967,-0.0009074410163340397,-0.0036968576709796703,28804,28846,,0.9907118416562113,2.337890723333065,-0.01462246028887705,0.7226221015132898,0.011168358707186167,2.686160116981273,1.102,0.004551845281394599
2023-05-10,-0.0046382189239333165,-0.0037278657968313174,0.019480519480519598,-0.00838769804287036,0.0037558685446009423,0.38095237913832,-0.01666666666666668,0.01129943502718462,0.057971014408737385,0.0037278657968313174,0.005644402634054568,28850,28863,,1.618267521841085,3.5307521333977725,-0.5540800081960997,2.1966697549166936,0.011412329578950263,1.8401150852427677,1.078,0.0033212501881697883
2023-05-11,0.00748362956033677,-0.006499535747446514,0.01403180542563134,-0.0027855153203341612,-0.003724394785847303,0.13333333244444545,-0.010185185185185297,0.003717472118613621,0.13999999971999652,-0.0018570102135561763,-0.0018656716417910463,28896,28943,,1.4934533474236555,5.859218589867067,-0.3716628998667283,3.5408902534373525,0.007998935802880806,1.8752494309396421,1.069,0.0030364473240535733
2023-05-12,0.0018691588785046745,-0.01492537313432837,0.021495327102803653,-0.0037313432835820925,-0.01030927835051537,0.0,-0.019498607242339747,0.002832861189534304,0.31999999935999573,0.0037313432835820925,-0.00471253534401498,28945,28988,,1.0237467544907184,2.4394283130956946,-0.20693660983975176,0.8039940543685353,0.00969684107482119,2.3719064368839713,1.07,0.00304554222918437
2023-05-15,-0.0018939393939393955,0.012333965844402182,0.018939393939393954,0.0,0.012333965844402182,0.9499999952499945,-0.013170272812793992,0.018112488082162898,0.23636363593388274,0.006641366223908819,0.0,29033,29014,,1.2207028621783205,3.997878038046623,-0.28349443275476716,3.2934828566629655,0.01051705910012635,1.9016722849444208,1.056,0.005403771485313922
2023-05-16,0.002811621368322506,-0.0018691588785046745,0.010309278350515578,0.002803738317756908,-0.005586592178770954,0.27272727024794124,-0.008372093023255719,0.007497656981490386,0.040816326447313894,-0.000934579439252441,0.0,29054,29041,,1.4913499764822087,4.997663104777981,-0.34628097596587504,3.3364698372030404,0.0095985429222261,1.1460072611571204,1.067,0.0033004190233579577
2023-05-17,-0.001872659176029964,0.005628517823639779,0.011235955056179785,0.004690431519699712,0.0,0.5833333284722315,-0.006511627906976647,0.00468164793963645,0.13333333303704065,0.006566604127579639,0.0028063610851263928,29096,29088,,1.383803770503151,3.038687597017208,-0.38694045804580274,1.500532802256409,0.009377560604414,1.2796504739608494,1.068,0.0029001665733532113
2023-05-18,0.0009328358208954196,0.004659832246039251,0.010261194029850651,0.006523765144454909,-0.0027752081406104455,0.7272727206611644,-0.00648148148148159,0.008403361343753298,0.09803921549404271,0.0009319664492079329,0.0018587360594795553,29155,29136,,1.6627195836987547,2.3904814037775055,-0.48887508215617065,1.8366216304054799,0.008470450982437218,1.2986321381168817,1.072,0.002882268138363567
2023-05-19,0.002782931354359825,0.002775208140610651,0.011131725417439712,0.008325624421831749,-0.005504587155963307,0.3333333305555556,-0.005504587155963307,0.00832562442106157,0.07499999981250235,0.002775208140610651,-0.0018416206261510145,29208,29184,,2.2904704618231397,5.612991444212904,-0.44657476144144087,2.7836173976063505,0.009473875123776022,1.2666411280026493,1.078,0.0037237658854202367
2023-05-22,0.0,-0.008302583025830368,0.017527675276752884,-0.008302583025830368,0.0,0.2105263146814392,-0.011992619926199374,0.006535947711808145,0.16981132043432143,-0.0027675276752768575,-0.0009293680297398809,29232,29263,,1.614586105389385,3.794573244941786,-0.4435536315098299,2.1572914160789,0.009249166530843709,2.0542391285977892,1.084,0.0030628035473777987
2023-05-23,-0.0037209302325581428,-0.010270774976657236,0.013023255813953501,-0.0037348272642390326,-0.007490636704119856,0.07142857091837529,-0.009345794392523372,0.00564440263352358,0.2558139528934474,-0.0028011204481791707,-0.0028222013170271796,29280,29327,,1.2667272700453913,2.826669540191509,-0.1276626650745568,1.0761111478396121,0.007468339413334699,1.8745800154107954,1.075,0.0031728809407516115
2023-05-24,-0.004716981132075581,0.0,0.016037735849056513,0.009478672985782,-0.008458646616541464,0.2941176453287151,-0.010328638497652488,0.013320647001587011,0.0,-0.0037914691943128,-0.005655042412818102,29348,29332,,2.0508557666913316,3.525659517152884,-0.5564833550189068,1.610442582264619,0.011793788547709207,1.4414367179033631,1.06,0.003118837113158548
2023-05-25,0.0,0.009478672985782,0.014218009478672893,0.0,0.010436432637571061,0.9999999933333334,-0.011288805268109136,0.013320647001587011,0.15151515128558565,0.0056872037914692,0.006616257088846782,29376,29412,,0.8956160138652653,3.753533730522868,0.09156621558790119,2.137009245836389,0.013461033739245103,1.1143274862193724,1.055,0.004935756976803199
2023-05-26,0.002816901408450811,0.013108614232209749,0.01690140845070424,0.007490636704119856,0.005576208178438667,0.944444439197537,-0.006499535747446514,0.014058106840294578,0.24999999955356844,0.001872659176029964,0.0018518518518518534,29468,29424,,1.2671720762729828,3.2582351932300377,-0.31283348015492574,1.5131352808664038,0.009035722634159365,1.9920929990416134,1.065,0.0029790145565504115
2023-05-29,0.0036968576709796703,-0.0128913443830571,0.018484288354898352,-0.010128913443830682,-0.0037174721189591107,0.04999999975000555,-0.011981566820276407,0.00649350649290403,0.28571428513119984,-0.0027624309392266237,-0.0018621973929236514,29472,29503,,1.7130823385924103,5.3721177026087386,-0.48143731836340703,3.325254268442084,0.010009019506860273,1.9981977042278782,1.082,0.004501479608508664
2023-05-30,-0.0018656716417910463,0.018691588785046745,0.023320895522387974,0.002803738317756908,0.016791044776119417,0.9599999961600042,-0.0064935064935066015,0.021555763821784965,0.3636363629752029,0.0018691588785046745,0.0009182736455464756,29561,29520,,0.701929667690499,3.6336130405950535,0.26559381011032096,1.866341245722759,0.01095403676277286,2.2822636360629804,1.072,0.003493841370309407
2023-05-31,-0.0027522935779817556,0.00919963201471942,0.01376146788990837,-0.0009199632014718398,0.010128913443830477,0.9333333271111043,-0.009132420091324209,0.011059907833082047,0.20408163223656486,0.0055197792088316515,0.0036596523330283655,29615,29568,,1.8880205651273512,2.6242816756481187,-0.46564521393128716,1.0200439766399272,0.0087357166345197,1.7170886437659707,1.09,0.0028034655693234705
2023-06-01,-0.003646308113035555,0.006404391582799741,0.02096627164995434,0.01280878316559928,-0.006323396567298912,0.43478260680529507,-0.011690647482014498,0.01831501831334113,0.12068965496433055,0.006404391582799741,-0.0009082652134422252,29644,29616,,1.0935103208780301,1.8287169804438232,-0.354895520441867,1.5755232714585896,0.010425474365990643,2.206134605674699,1.097,0.002688815164771899
2023-06-02,0.0018181818181818197,-0.001814882032667878,0.009999999999999907,0.001814882032667878,-0.0036231884057971045,0.5454545404958734,-0.00454545454545465,0.00821917808144128,0.03999999991999965,-0.006352087114337674,0.0,29664,29669,,1.8080556802444259,3.9705035392395716,-0.4380712598277607,2.1827776260741416,0.009489419606637442,1.1591857394932032,1.1,0.003090727360781899
2023-06-05,0.004545454545454448,-0.008144796380090405,0.015454545454545568,-0.0018099547511312233,-0.005444646098003634,0.058823529065750085,-0.013513513513513624,0.005434782608203376,0.19565217348771308,0.0018099547511312233,0.0009132420091325223,29712,29752,,1.7299723527369921,7.011471395380529,-0.42710473248418,4.707476620189135,0.008757115126791051,1.94127855574987,1.1,0.0035587223922574356
2023-06-06,-0.002737226277372366,-0.023787740164684375,0.025547445255474473,-0.005489478499542549,-0.01839926402943884,0.035714285586730725,-0.022893772893773014,0.0036900369000285975,0.4482758612960761,-0.002744739249771173,-0.004664179104477719,29760,29804,,0.8172283860389934,3.0631349176093257,0.06792458710865895,1.1754421997758688,0.01052433655840776,2.6605002204705395,1.096,0.0028859932727826024
2023-06-07,0.0009372071227742381,-0.00280898876404505,0.010309278350515578,-0.00280898876404505,0.0,0.3636363603305749,-0.00841121495327114,0.0047036688612697546,0.061224489670972,0.001872659176029964,0.0028248587570620445,29811,29850,,1.291610878250935,3.5669001677526135,-0.3083211658875655,2.236604576563006,0.008799441048338406,1.250079387379873,1.067,0.0027256824998423894
2023-06-08,-0.0018779342723004712,-0.00940733772342428,0.01408450704225343,-0.007525870178739424,-0.0018957345971564,0.3333333311111062,-0.00944287063267234,0.00667302192500745,0.21276595699411446,-0.004703668861712035,0.0,29856,29881,,1.1919262368472179,4.184137793403965,-0.37376209255697157,2.5930638156945425,0.011015651173155132,1.3616988798977805,1.065,0.0035142419576407726
2023-06-09,0.0,0.022792022792022814,0.02754036087369434,0.0018993352326685678,0.021821631878557787,0.9655172380499368,-0.003787878787878791,0.024738344431518736,0.42857142780612073,0.002849002849002957,0.004664179104477513,29951,29904,,0.7152676254036946,3.1742965205116707,0.20489542791397095,1.435217806049448,0.010241887921700244,2.831509184493689,1.053,0.00400289086311638
2023-06-12,-0.000928505106777985,-0.004646840148698992,0.00928505106778088,-0.0027881040892194365,-0.0018639328984156587,0.499999994999989,-0.006511627906976647,0.005617977527563865,0.10869565193762214,-0.0009293680297398809,0.0,29952,29967,,2.150149941016734,5.293360260073571,-0.561333563349444,3.2210727152958385,0.008880410217354405,1.1260740937226361,1.077,0.0030109690866776603
2023-06-13,-0.0009337068160596545,0.013084112149532721,0.02147525676937454,0.010280373831775606,0.003703703703703707,0.8260869529300575,-0.0036866359447004643,0.01969981238089111,0.24999999955357044,0.0009345794392522335,-0.002759889604415724,30040,30001,,1.1606331438328958,2.4208311934635804,-0.26759504260540495,0.8444537529930424,0.009782620299146534,2.351108298345781,1.071,0.0021114211401229025
2023-06-14,-0.0009225092250923541,-0.0027700831024929746,0.009225092250922516,-0.0027700831024929746,0.0,0.599999994,-0.007386888273314873,0.00651162790637112,0.055555555452672614,-0.0018467220683287182,-0.0009250693802034134,30049,30063,,1.8414632306345793,2.8422745897066517,-0.5327660076434335,2.8524613972172363,0.00932790196039583,1.0720524224260197,1.084,0.0019947242006220947
2023-06-15,-0.0009259259259260295,0.0009267840593142836,0.007407407407407414,-0.0027803521779424393,0.0037174721189591107,0.7499999906250001,-0.004629629629629736,0.004651162790265116,0.024999999937502775,-0.0018535681186283614,0.0018552875695732854,30096,30121,,0.9605763851819555,1.9898070561761179,-0.10073399769292589,0.7708064680679348,0.006355129103483057,1.2588257050093403,1.08,0.003076033490047685
2023-06-16,0.0018518518518518534,0.014787430683918681,0.021296296296296213,0.0073937153419593405,0.007339449541284409,0.8695652136105901,-0.004595588235294224,0.018518518516803854,0.30769230710058776,0.004621072088724486,-0.0009099181073702365,30187,30144,,0.872347597026701,2.714096347706716,-0.022821475244720116,1.2038971056943335,0.008982535385371075,2.560524257038297,1.08,0.0030962180588301603
2023-06-19,0.0,0.0018214936247723148,0.014571948998178519,0.006375227686703001,-0.0045248868778279576,0.62499999609375,-0.0045248868778279576,0.010978956998080618,0.04166666657986053,0.0,-0.0009082652134422252,30215,30193,,1.493355209767298,2.819084263566633,-0.4928202561338116,1.7850353918254205,0.009436416219388299,1.6955589344999553,1.098,0.0026421488039737873
2023-06-20,-0.0018181818181818197,0.002732240437158371,0.012727272727272738,-0.002732240437158573,0.005479452054794526,0.7857142801020329,-0.009090909090909097,0.01192660550349288,0.045454545385673256,-0.0036429872495446296,0.002732240437158371,30284,30252,,1.2021853585312028,3.7359021574885802,-0.2650698280165122,1.8279738448836274,0.011621669089720899,1.2046462320905411,1.1,0.0037344390034504057
2023-06-21,-0.004541326067211529,-0.02737226277372265,0.029972752043596857,-0.013686131386861426,-0.01387604070305264,0.09090909063361187,-0.024702653247941367,0.007421150277604723,0.47619047543461585,-0.01094890510948906,-0.005597014925373139,30288,30335,,1.2115133188927403,1.8766940335419604,-0.21188536515270462,0.6625329065711921,0.011397329432823884,2.8954150974543094,1.101,0.002933497913665181
2023-06-26,-0.006566604127579847,-0.0018885741265344683,0.022514071294559117,0.01133144475920681,-0.01399253731343295,0.20833333246527314,-0.018604651162790715,0.020892687557370136,0.021739130411152753,0.0,0.0,30357,30348,,1.7542036063166957,3.487523011394902,-0.4567946961363864,1.9796317489756183,0.01676662863163871,1.4314147694289852,1.066,0.006606787122080742
2023-06-27,0.0,0.0028382213812678464,0.012298959318826776,0.0028382213812678464,0.0,0.6153846106508929,-0.008474576271186552,0.007597340929952776,0.05660377347810783,0.0018921475875118277,0.0,30386,30398,,1.7319393868487922,3.599197627613681,-0.5405213399224914,2.0582421397599484,0.010261839140778876,1.2668294342733435,1.057,0.003895701886828838
2023-06-28,-0.0009433962264151998,-0.0037771482530689366,0.022641509433962283,-0.005665722379603405,0.0009487666034154553,0.5833333309027777,-0.013220018885741277,0.012440191386369478,0.04999999993750028,-0.006610009442870534,0.0,30432,30440,,2.842029803755762,2.2872134399775224,-0.6626133624945126,1.946856783329616,0.014447901937443327,1.6611408312294327,1.06,0.005408008348357949
2023-06-29,-0.0028436018957344947,-0.004752851711026725,0.010426540284360304,-0.003802281368821296,-0.0019065776930409933,0.0,-0.009460737937559138,0.0038167938927655765,0.11111111086419972,0.0009505703422052185,-0.002857142857142965,30481,30527,,1.0475266399105876,2.3538743277075205,-0.10672146597356148,1.6794158091530167,0.008524940705702418,1.2903315402075415,1.055,0.003215629387080993
2023-06-30,-0.001910219675262657,0.006698564593301548,0.010506208213944719,0.005741626794258378,0.0009514747859182797,0.8181818107438036,-0.004757373929590765,0.007648183555674176,0.1458333330295155,0.0028708133971292954,-0.001897533206831121,30552,30528,,1.2375623114286578,1.5289397101717166,-0.35377691718049636,0.5585852487239881,0.009333950048268522,1.1784935450979088,1.047,0.002846065530428861
2023-07-03,0.0009505703422052185,0.0018993352326685678,0.012357414448669318,0.0037986704653371357,-0.0018921475875118277,0.769230763313603,-0.011352885525070966,0.01148325358741788,0.03225806446410036,-0.004748338081671314,0.0028517110266158665,30577,30582,,2.0249554682094675,3.0610843898693862,-0.5766587703889057,1.3888871642840515,0.011157891363041213,1.1650946814692194,1.052,0.0030009250851260193
2023-07-04,-0.0018957345971564,0.007597340930674271,0.016113744075829294,0.012345679012345796,-0.00469043151969992,0.647058819723181,-0.006566604127579847,0.01427212178741476,0.181818181404955,-0.0009496676163341784,0.0009433962264149904,30646,30625,,1.929936546845027,1.3168512772719798,-0.3423629638773276,1.625371274358405,0.007409755846830705,2.2942725943991626,1.055,0.0023319178462052055
2023-07-05,-0.0009425070688029122,-0.008490566037735962,0.012252591894439115,-0.0037735849056603804,-0.0037914691943128,0.07692307633135308,-0.011299435028248596,0.004730368968332147,0.21951219458655177,0.0,-0.0009505703422054295,30675,30714,,0.9213537328884175,1.8403857827176846,0.06381475567805225,0.46817723123000415,0.006817407467093363,1.906883206271694,1.061,0.0026314610276799953
2023-07-06,-0.0028544243577544167,0.0,0.011417697431018088,0.0028625954198472246,-0.0028544243577544167,0.1666666652777778,-0.008522727272727385,0.004757373929138324,0.0,0.005725190839694662,-0.0009532888465203907,30732,30764,,0.9478342183468674,2.6916178387069545,-0.042260417693367615,1.2875956172084275,0.008915188966663977,1.3460174439677202,1.051,0.0032588346069167416
2023-07-07,-0.0028625954198474367,-0.007655502392344505,0.01240458015267166,-0.005741626794258378,-0.0019249278152069316,0.2307692289940763,-0.011461318051575943,0.009661835747858769,0.1739130431001907,-0.005741626794258378,-0.0009633911368016492,30768,30778,,2.1412450553855895,2.739544081614709,-0.6004380395978807,1.5257217950804087,0.008874644216540805,1.4648474390990684,1.048,0.0021521408876015446
2023-07-10,0.0019286403085824512,0.0,0.009643201542912256,0.0,0.0,0.3999999960000001,-0.007662835249042152,0.0038461538457840267,0.0,0.003849855630413863,0.0,30820,30844,,1.147078301380548,4.33659038686063,-0.3440794294077498,2.406996498403247,0.007441872736286569,1.3437477661859545,1.037,0.0016797074114321565
2023-07-11,0.002887391722810504,0.0038387715930902145,0.007699711260827726,0.0038387715930902145,0.0,0.8749999890625141,-0.00382409177820268,0.0057692307686760405,0.11428571395918258,0.000959692898272447,0.0,30872,30865,,1.7224378707396686,2.6273714140755193,-0.43659231593946046,1.3742973916252161,0.007297957869008401,1.0961970504588965,1.039,0.003119801354692502
2023-07-12,0.0,-0.01529636711281072,0.01720841300191206,-0.00573613766730402,-0.009615384615384623,0.11111111049382716,-0.013422818791946322,0.0038498556300433284,0.45714285583672454,-0.006692160611854796,-0.00386847195357834,30912,30957,,0.7153837159588985,2.8375203122842136,0.1468602364312777,0.7511510780341282,0.008418334670756738,2.1381900922410058,1.046,0.0028333664822052995
2023-07-13,0.0038834951456310713,0.004835589941972818,0.008737864077670018,0.0029013539651836476,0.0009633911368014353,0.6666666592592512,-0.0028957528957530053,0.008712487898479062,0.1351351347699,0.00193423597678917,-0.0019212295869356407,30990,30960,,1.4431767308954424,3.189860214477565,-0.5364440670163971,1.1321635050105383,0.007018841090741887,1.282262948458138,1.03,0.002321071088111226
2023-07-14,0.004812319538017436,-0.007662835249042152,0.010587102983638231,-0.0009578544061303754,-0.0067114093959730545,0.09090909008265381,-0.007662835249042152,0.0028846153843379136,0.17391304310018987,-0.001915708812260538,-0.0009643201542911186,31008,31050,,0.9859968154793012,5.342881165590544,-0.14403255286493152,2.895685106369539,0.00701632653357022,1.5677719374365602,1.039,0.0020042912309890066
2023-07-17,-0.001930501930501932,-0.005802707930367509,0.008687258687258588,-0.004835589941973032,-0.0009718172983478036,0.2222222197530892,-0.005808325266214913,0.002912621358940417,0.1578947364265965,-0.00193423597678917,0.0,31056,31096,,1.1975304594638752,3.190475492306313,-0.23058773027481086,1.2632507696747828,0.007618097092542726,1.1813973716179287,1.036,0.0025582464817379253
2023-07-18,0.0009727626459142898,-0.003887269193391646,0.006809338521400892,-0.001943634596695823,-0.0009746588693958205,0.0,-0.005819592628516009,0.003902439024009522,0.1333333328888869,0.001943634596695823,-0.0009746588693958205,31104,31117,,1.1217895322939895,1.834814847943299,-0.13503097221700106,1.3468192582087262,0.00606182787225444,1.1547671811275046,1.028,0.0016106688460791423
2023-07-19,0.002926829268292794,-0.008754863813229688,0.014634146341463537,-0.005836575875486387,-0.002935420743640033,0.13333333244444348,-0.013565891472868229,0.003929273084093395,0.2195121945865601,-0.0019455252918287955,-0.0009803921568628548,31152,31183,,1.1451196939101629,4.909417045326244,-0.27670659126478897,2.8486160272469503,0.008371887476233547,1.7917106343595357,1.025,0.002907696961913385
2023-07-20,0.0019627085377821414,-0.013712047012732629,0.01864573110893023,-0.00979431929480902,-0.003956478733926809,0.1578947360110754,-0.016634050880626347,0.0029673590501517093,0.3589743580539088,-0.004897159647404402,-0.0019821605550049575,31200,31244,,0.9491411237137317,2.082879238106461,0.06031880592681741,0.37255901919776163,0.007460983961715643,2.546580966107959,1.019,0.003033318436481044
2023-07-21,-0.0019860973187686218,-0.004975124378109347,0.009930486593843109,-0.003980099502487566,-0.000999000999000889,0.19999999800000004,-0.007944389275074376,0.005994005993407198,0.14285714244898048,0.000995024875622002,0.0,31254,31280,,0.9557219097527554,2.166704990406535,-0.12470721346777759,0.6300590354301112,0.00714185650992944,1.4001961319269343,1.007,0.003398819976769366
2023-07-24,0.0,-0.0050000000000000044,0.0119999999999999,-0.0010000000000000009,-0.0040040040040040074,0.16666666527777935,-0.008964143426294828,0.005005005004504008,0.16666666611111233,0.0020000000000000018,0.0,31307,31339,,0.9784064035353114,3.6159739790810868,-0.09555962392264396,1.1581774747246523,0.007066105287939164,1.6982480929993191,1.0,0.0034231016556571033
2023-07-25,0.009045226130653275,0.0049800796812747945,0.009045226130653386,0.001992031872509962,0.0029821073558647035,0.8888888790123348,-0.001992031872509962,0.006986027943414463,0.15624999951171636,-0.0009960159362550915,0.0009920634920633827,31369,31344,,1.3171701709384187,7.35924441136467,-0.26172807708155593,4.326633308228011,0.005963443401285344,1.5091951484172332,0.995,0.002391067005575783
2023-07-26,0.0,-0.002973240832507326,0.008919722497522419,-0.0009910802775023686,-0.002973240832507326,0.3333333296296379,-0.006923837784371806,0.005970149253137305,0.09374999970702778,0.0019821605550049575,0.000995024875622002,31402,31434,,1.3358531411466636,4.090923835985205,-0.3420068837493413,2.1055833018901517,0.007966944645931092,1.129667681528309,1.009,0.002897843164080031
2023-07-27,0.0,-0.008946322067594442,0.012922465208747526,-0.0029821073558649242,-0.005982053838484442,0.15384615266272192,-0.009940357852882713,0.0019920318723115524,0.3599999985600032,-0.0019880715705765427,0.001004016064257029,31441,31483,,0.7510979564823881,1.5492996987602605,0.1990005277259489,0.7098663332053894,0.005859869391428417,2.218479442079025,1.006,0.0017326096586902603
2023-07-28,-0.003009027081243734,0.013078470824949598,0.016048144433299803,0.009054325955734303,0.003988035892323035,0.9999999937499999,-0.0029910269192421654,0.014098690834431049,0.2954545447830665,0.0,0.0,31513,31490,,1.0006764656765212,1.7913000530328913,-0.03938931726058623,1.302464584507082,0.008204577489310859,1.9501308660722678,0.997,0.0031848939230970127
2023-07-31,0.002979145978153043,0.004950495049504845,0.011916583912611729,0.004950495049504845,0.0,0.6666666611111112,-0.008832188420019527,0.007912957467070932,0.1470588230968816,0.001980198019801982,0.003956478733926809,31545,31536,,1.550639068955413,5.878595733742933,-0.3311218877862746,2.8806752266728455,0.007868002962298842,1.5251646326245707,1.007,0.0024740705397792782
2023-08-01,0.0009852216748769576,-0.0019685039370078757,0.005911330049261089,-0.0019685039370078757,0.0,0.6666666555555558,-0.002958579881656917,0.0029673590501517093,0.07999999967999964,-0.002952755905511923,0.0009871668311945824,31584,31586,,1.3306899955400262,4.305232269254881,-0.3643548851256629,2.1325876005058206,0.00654108369880127,0.9172791825568074,1.015,0.0020440887327132324
2023-08-02,-0.000986193293885712,-0.0009871668311943632,0.00788954635108482,0.0,-0.001972386587771205,0.24999999687500005,-0.0058997050147492685,0.003948667324388092,0.028571428489792654,0.0009871668311945824,0.0,31634,31662,,1.2366070921097903,1.7211672442903077,-0.3691362809333216,1.3588261892476718,0.008134638121315263,0.9834487757596322,1.014,0.0028306573320823637
2023-08-03,-0.002964426877470468,0.005946481665014872,0.008893280632411184,0.0019821605550049575,0.003956478733926809,0.8888888790123348,-0.0049261083743841316,0.004950495049014697,0.1874999994140625,0.004955401387512504,0.000986193293885493,31682,31680,,1.0909869110700254,3.7249245333358627,-0.2408269050803743,1.655904530157168,0.007188015769993108,1.252084046944202,1.012,0.0015991664846775483
2023-08-04,0.003940886699507393,0.0019627085377821414,0.008866995073891744,-0.0019627085377821414,0.002946954813359422,0.8888888790123348,-0.005882352941176476,0.007889546350306758,0.05714285697959311,-0.0009813542688909616,0.000980392156862637,31771,31742,,1.324515842337313,3.739534448415128,-0.353435836431135,1.750531556548439,0.007478743842554081,1.2034106354129985,1.015,0.0013702583297482385
2023-08-07,-0.001958863858961804,-0.004906771344455245,0.00979431929480902,-0.0029440628066731028,-0.002949852507374525,0.2999999970000111,-0.008823529411764822,0.003940886699119128,0.12499999968749931,-0.0029440628066731028,0.0029673590504452167,31776,31817,,1.2631376806222974,3.6639691587407746,-0.3531007585316259,1.6478743359749763,0.0074947534888594285,1.334266681544341,1.021,0.0020012827166811355
2023-08-08,-0.001972386587771205,-0.0019762845849802388,0.0059171597633136145,0.0009881422924900097,-0.0019762845849802388,0.16666666388890744,-0.00394477317554241,0.003960396039211845,0.06896551700357008,0.0,-0.0009891196834815924,31824,31837,,0.8726418841943302,2.160989516046877,0.022020808158335015,0.7870598485030901,0.0063132234234788785,0.9503861185472058,1.014,0.0022384573096226536
2023-08-09,-0.001980198019801982,-0.00694444444444456,0.008910891089109028,-0.0019841269841269858,-0.0049701789264414665,0.0,-0.00792864222001983,0.003984063744623105,0.20588235233564475,0.0,-0.0009980039920160797,31872,31904,,0.9495754200597881,3.4252090403141895,-0.03463452130667861,1.4227044004028988,0.005906978125575483,1.5236216651405212,1.01,0.0019546908831311388
2023-08-10,-0.000999000999000889,0.0029999999999998916,0.006993006993007,0.0,0.0029999999999998916,0.5714285632652905,-0.004975124378109347,0.003999999999600003,0.1071428567602035,0.0029999999999998916,0.0,31923,31920,,1.3807045703755858,4.065910203871562,-0.25346630589654146,1.5602322045865087,0.00619029881131255,1.130801613991169,1.001,0.0013151446867229672
2023-08-11,0.0009970089730808693,-0.0209163346613546,0.02293120638085734,-0.00996015936254981,-0.011066398390342062,0.043478260680529505,-0.01896207584830341,0.0010121457488854113,0.5526315774930731,-0.005976095617529886,-0.005060728744939276,31968,32015,,0.8431225525445859,1.30546051609207,0.2690712269381482,0.6226671488312882,0.007196618680242467,3.1959453046399937,1.003,0.002187190533454384
2023-08-14,-0.006103763987792478,-0.0030706243602865945,0.01424211597151578,-0.008188331627430918,0.005159958720330242,0.7857142801020409,-0.011282051282051292,0.012448132778791698,0.06521739116257089,-0.005117707267144324,0.0,32016,32035,,2.0862417843671297,4.792233647744697,-0.5573557341506129,3.2700686063139432,0.009513554063636107,1.4715846211831702,0.983,0.0029363107045836034
2023-08-15,0.0,-0.014373716632443545,0.023613963039014394,-0.011293634496919927,-0.003115264797507791,0.2608695640831758,-0.017471736896197344,0.007322175731451662,0.297872339791761,-0.007186858316221773,-0.001040582726326744,32064,32096,,1.0525276971667585,2.0433923322582817,-0.29769081146934984,0.5382374593958905,0.009666181810901031,2.3794296664396293,0.974,0.004506627933530545
2023-08-16,-0.0020833333333333355,-0.014613778705636757,0.02187500000000002,-0.0010438413361169112,-0.013584117032392908,0.04761904739229025,-0.01973001038421601,0.0031347962379169522,0.3255813945916712,0.0031315240083507334,-0.00526870389884089,32114,32159,,0.7566973433977989,2.9112012506238156,0.10294063833185595,1.5606610614318155,0.010786900543219522,1.9468057317465228,0.96,0.002659214113561769
2023-08-17,-0.004237288135593225,0.01489361702127661,0.020127118644067816,0.015957446808510654,-0.002092050209205023,0.8421052587257617,-0.008359456635318712,0.01700318809596142,0.2545454540826446,0.005319148936170218,-0.002092050209205023,32178,32160,,2.0620622459121063,4.0681351466920255,-0.49703695730052083,2.0771013655836663,0.01079138720875521,1.7606633379366377,0.944,0.002585645294244327
2023-08-18,0.015723270440251586,-0.01960784313725492,0.026205450733752644,-0.013415892672858629,-0.007314524555903873,0.07999999968,-0.017598343685300222,0.005252100839784448,0.35849056536133855,-0.007223942208462339,-0.002100840336134456,32208,32254,,1.3679598372787494,10.683970969168016,-0.2312689747969959,5.993608650064735,0.011606915531704936,2.153888319107889,0.954,0.00417692344930684
2023-08-21,-0.008421052631578956,-0.006369426751592245,0.017894736842105165,0.0031847133757961815,-0.009523809523809415,0.11764705813148865,-0.013698630136986197,0.0053022269347505644,0.14999999962499763,0.0021231422505307877,-0.005313496280552491,32259,32303,,1.2055554421655905,3.818620759806916,-0.2422961603545765,2.117591840467088,0.01084212508704922,1.56795828370495,0.95,0.004821287482532526
2023-08-22,0.004273504273504159,0.006382978723404261,0.03098290598290589,-0.015957446808510536,0.02380952380952371,0.9655172380499404,-0.02025586353944553,0.029379760606160973,0.07692307682445781,-0.00851063829787223,0.0,32346,32337,,0.8415253287438548,2.8480417056124288,0.11950324644396713,1.570580275439209,0.01686840789095793,1.719190098765986,0.936,0.0056064978217851644
2023-08-23,-0.006342494714587744,-0.019148936170212665,0.022198731501056987,-0.009574468085106274,-0.010729613733905588,0.047619047392290496,-0.016008537886873012,0.00430570505873997,0.3272727266776839,-0.006382978723404143,-0.003243243243243246,32352,32398,,1.098875623393094,3.1460569653879262,-0.17095793863643208,1.6030200359870537,0.011147911134944897,1.8837609626969467,0.946,0.0036498462382391255
2023-08-24,0.004338394793926251,0.003239740820734344,0.017353579175705004,0.00539956803455724,-0.004287245444801718,0.49999999687499996,-0.010672358591248675,0.01626898047545891,0.04999999991666666,-0.003239740820734344,-0.0032188841201716764,32428,32404,,1.2271888507676187,3.5803704073719382,-0.37008526485737586,1.7355846093782712,0.012869959865962885,1.243205110374479,0.922,0.004998889808648711
2023-08-25,-0.006458557588805172,-0.011917659804983759,0.018299246501614654,-0.009750812567713985,-0.0021881838074398266,0.35294117439446365,-0.014115092290988068,0.005488474203568778,0.2619047612811791,-0.002166847237269774,0.0021978021978021995,32448,32492,,0.9876224658526416,4.422681892561332,-0.12745613118426682,3.1695192264658396,0.011346218362340642,1.4982965519679443,0.929,0.004880576169325935
2023-08-28,0.07017543859649117,-0.05532786885245895,0.06140350877192975,-0.037909836065573806,-0.01810436634717775,0.035714285650510276,-0.033613445378151176,0.007494646680139647,0.6136363629390538,-0.034836065573770524,-0.0021645021645021662,32496,32538,,2.68377453228015,11.051460266741293,-0.44922021598524214,5.242480769367663,0.02855033324336136,1.961448201900637,0.912,0.01002971787052639
2023-08-29,-0.0010845986984815627,0.05320304017372414,0.054229934924078016,0.03257328990228004,0.0189075630252101,0.999999998,-0.006211180124223608,0.04978354977816187,0.5212765951901307,0.0065146579804560316,0.008316008316008323,32591,32544,,0.8841686579581031,1.7889405679836883,-0.07599501104661696,4.223932302714805,0.015502188904872762,3.225350947810246,0.922,0.00487865762024826
2023-08-30,0.007216494845360831,0.011258955987717513,0.02371134020618559,0.011258955987717513,0.0,0.739130431568998,-0.01612903225806453,0.017418032785100627,0.12359550547910618,0.014329580348004108,-0.005035246727089632,32597,32592,,3.228059513000585,8.43824419901411,-0.5592949055560197,4.143314578084386,0.018072307293333922,1.272665382422817,0.97,0.005689510692982362
2023-08-31,-0.008097165991902841,0.00714285714285715,0.01720647773279354,0.004081632653061228,0.0030487804878048808,0.6470588197231834,-0.011088709677419364,0.011213047909152604,0.10937499982910157,0.0061224489795918425,0.00203045685279188,32650,32640,,2.3654307331169298,4.777734935024175,-0.6355110445806637,2.7913165028952807,0.0118655104353015,1.4327238553640582,0.988,0.0034493564481087426
2023-09-01,0.0,-0.0070921985815602905,0.019250253292806503,-0.015197568389057765,0.008230452674897127,0.5263157867036011,-0.01720647773279354,0.009268795055688082,0.11666666647222222,-0.0060790273556231055,0.004098360655737709,32688,32713,,1.5391146427306417,3.896303133404478,-0.4134348219275238,2.205977721006292,0.012109379893426753,1.5690316110580105,0.987,0.004147028384419209
2023-09-04,0.0,0.009183673469387763,0.018367346938775526,-0.0061224489795918425,0.014358974358974373,0.9999999944444444,-0.00613496932515338,0.01748971193235704,0.1475409833646869,-0.004081632653061228,0.009183673469387763,32783,32738,,1.4536366538342536,3.8967857864267628,-0.357680050711683,1.8240923116382415,0.012000448264359753,1.4999439565490227,0.98,0.0034667748929630596
2023-09-05,-0.0030333670374115295,-0.011156186612576075,0.020222446916076862,-0.0020283975659229226,-0.008138351983723303,0.09999999949999999,-0.01717171717171719,0.00712105798503347,0.17187499973144532,0.0010141987829614613,0.001026694045174539,32785,32821,,1.4617511481207033,4.330644386663911,-0.3820140853948548,2.476357497692908,0.013231970682940894,1.511490640969726,0.989,0.00426135848483746
2023-09-06,-0.004102564102564106,0.008238928939237907,0.016410256410256424,-0.0010298661174047384,0.009278350515463926,0.87499999453125,-0.007179487179487186,0.014492753621688134,0.14285714260204083,-0.003089598352214215,0.0,32874,32835,,1.1199296757279549,3.8424399527103987,-0.2734745982546352,1.9014966108004865,0.010075550770324635,1.588002502882951,0.975,0.0034562240454598854
2023-09-07,-0.006128702757916247,-0.03186022610483045,0.03370786516853936,-0.017471736896197344,-0.015673981191222586,0.03030303021120294,-0.02986611740473741,0.004228329809278193,0.5849056592737629,-0.007194244604316553,-0.005279831045406552,32880,32927,,0.868625630981028,2.2344612237905856,0.09453706559750738,0.6129804659997243,0.010175633198653293,3.2430413942262892,0.979,0.00268995787782432
2023-09-08,-0.005307855626326851,0.007470651013873954,0.01380042462845,0.006403415154749087,0.0010604453870625672,0.6153846106508843,-0.007391763463569173,0.009594882728188188,0.1296296293895727,0.001067235859124749,-0.002114164904862581,32957,32928,,1.3709545845695685,5.049533830725685,-0.36271745868797367,3.083976437851961,0.012863875683321847,1.010581897631081,0.942,0.004019715723899174
2023-09-11,0.0010593220338983062,0.006349206349206355,0.023305084745762733,0.0021164021164021183,0.0031645569620253194,0.5909090882231405,-0.007306889352818378,0.01806588735195901,0.1111111109053498,0.0,-0.001050420168067228,33007,32976,,0.8014916808950175,3.2298552874412043,-0.2095486598137739,2.386370243798526,0.011636985918878651,1.8905238834445173,0.944,0.003569501071521511
2023-09-12,-0.0010515247108307056,-0.005263157894736847,0.00946372239747635,0.0031578947368421082,-0.007352941176470595,0.11111110987654323,-0.008394543546694656,0.008465608464712641,0.12195121921475312,-0.005263157894736847,-0.002111932418162621,33043,33071,,1.1444369497792504,3.0164760127415784,-0.17311173938296742,1.6692995313360652,0.008870480311344289,1.0146011921169544,0.951,0.00301178018282364
2023-09-13,-0.0010582010582010591,-0.012711864406779556,0.022222222222222126,-0.018008474576271086,0.00431034482758621,0.285714284353743,-0.021141649048625696,0.008639308854358613,0.21052631542012773,-0.0021186440677966123,0.002150537634408604,33074,33095,,1.7005533366891847,2.0562021169154083,-0.3670134319244941,2.5910250598441924,0.01038940383804997,2.021290164981446,0.945,0.0029530592512197382
2023-09-14,-0.0021459227467811176,-0.00537634408602151,0.015021459227467823,-0.003225806451612906,-0.002157497303128373,0.2857142836734694,-0.010729613733905588,0.004338394793455709,0.11111111086419753,-0.001075268817204302,0.0010822510822510831,33120,33155,,1.0127534411093788,2.4170515515510416,-0.08376025850688738,0.2897121641803044,0.009762072239625729,1.434121722615381,0.932,0.00366953269356287
2023-09-15,0.001081081081081082,0.003239740820734344,0.019459459459459354,0.007559395248380136,-0.005353319057815851,0.49999999722222527,-0.010695187165775409,0.0152008686194136,0.0555555554526749,-0.003239740820734344,0.004324324324324328,33185,33170,,2.0804543285167414,2.780417778171241,-0.5431014871068172,1.5724075114049814,0.013882416547383508,1.296604219366407,0.925,0.00646779550326378
2023-09-18,-0.0043057050592034485,-0.002162162162162164,0.012917115177610345,0.0,-0.003239740820734344,0.2499999979166667,-0.010741138560687442,0.008667388948140052,0.04545454535123967,0.001081081081081082,-0.002162162162162164,33224,33216,,1.2873076653863023,4.1695330766531695,-0.38910045501781043,2.0902218467122506,0.009834785987893165,1.220158719544726,0.929,0.0037880730202957086
2023-09-19,0.0,-0.006500541711809323,0.011917659804983759,-0.004333694474539548,-0.0021762785636561498,0.36363636033057856,-0.009750812567713985,0.009846827132401887,0.12499999973958333,-0.008667388949079096,0.00109170305676856,33264,33271,,1.8585469797369643,2.7817387039184016,-0.56553469407738,1.0095647974945003,0.01060983656223608,1.036773736503659,0.923,0.003850454028217236
2023-09-20,-0.003271537622682664,-0.006564551422319481,0.011995637949836433,-0.0021881838074398266,-0.004385964912280706,0.0,-0.00873362445414848,0.003293084522141267,0.2307692298816568,0.0,-0.003293084522502747,33312,33357,,0.7006759628076301,2.184321108814981,0.29695021336645006,1.2100685530493616,0.006814891100658723,1.6141123425325936,0.917,0.0023879955505331572
2023-09-21,-0.0022026431718061693,-0.0022075055187637986,0.009911894273127761,-0.0011037527593818993,-0.0011049723756906087,0.11111110987654323,-0.007683863885839743,0.003318584070429363,0.055555555401234566,0.0011037527593818993,-0.0011049723756906087,33362,33391,,1.15850877130434,3.1443248955171814,-0.2758712916208197,1.3257825367416993,0.008630142457424026,1.042856469648675,0.908,0.002995831338881231
2023-09-22,-0.002212389380530975,0.027716186252771644,0.02876106194690268,0.016629711751662987,0.00980392156862746,0.9615384578402366,-0.006535947712418306,0.025442477873291784,0.46296296210562415,0.0066518847006651945,0.001079913606911448,33455,33408,,1.0664614357755509,1.8008583268106622,-0.04217228711412377,1.0243150783907709,0.010469244198232823,2.4834648289169015,0.904,0.0033659959773935273
2023-09-25,-0.0032362459546925594,-0.005411255411255416,0.008629989212513492,-0.0043290043290043325,0.0,0.24999999687500005,-0.0054171180931744355,0.004357298474470886,0.1666666661111111,-0.005411255411255416,-0.0010869565217391313,33456,33467,,1.8031908418858633,4.138158863787071,-0.48530888047039966,2.4102075588408387,0.006771762529307762,1.181376317795977,0.927,0.002118348964909851
2023-09-26,-0.0010881392818280749,0.002178649237472769,0.011969532100108824,0.004357298474945538,-0.0032502708559046614,0.2727272702479339,-0.008629989212513492,0.010905125407752994,0.04444444434567901,0.002178649237472769,-0.0021691973969631254,33513,33506,,1.5886505012095589,2.4453532798975908,-0.45085067232868625,1.6529144386873058,0.009803031348199615,1.122101878191998,0.919,0.003107638015389169
2023-09-27,-0.0021739130434782626,0.00762527233115469,0.014130434782608708,0.008714596949891075,-0.001079913606911448,0.6153846106508877,-0.0064655172413793155,0.0076004343097068,0.17073170690065437,0.010893246187363844,-0.001079913606911448,33558,33552,,1.2564318447592908,2.2245288408098363,-0.3228925840464601,1.4529064484933043,0.009678741560905793,1.343149807635572,0.92,0.002706149655864682
2023-09-28,0.001081081081081082,0.006479481641468688,0.011891891891891902,0.0,0.006479481641468688,0.8181818107438017,-0.00431034482758621,0.009740259739205608,0.18181818126721763,0.001079913606911448,0.0010741138560687441,33638,33612,,0.676425408600618,3.59049095185292,0.07910067714736028,1.8354134229635468,0.007121081898752192,1.544709076784611,0.925,0.0017743666932467763
2023-10-09,-0.0032188841201716764,0.0010764262648008621,0.011802575107296147,-0.0021528525296017243,0.002155172413793105,0.6363636305785124,-0.007502679528403007,0.009740259739205608,0.023255813899405082,0.0010764262648008621,0.0,33658,33650,,1.8475011959428678,4.888116398446494,-0.5218351487626218,2.3583409910166506,0.0101266087914309,1.0862471453112177,0.932,0.003060978855592293
2023-10-10,0.002150537634408604,-0.00858369098712447,0.011827956989247322,-0.005364806866952794,-0.00431034482758621,0.0,-0.011764705882352951,0.004324324323856834,0.19047619002267574,-0.0021459227467811176,-0.002159827213822896,33697,33739,,1.511643051229389,3.8195671106215787,-0.3755344457701789,1.8165095486282568,0.008690239547829924,1.265787877638894,0.93,0.003612830636129643
2023-10-11,0.0032467532467532496,0.010787486515641865,0.012987012987012879,0.007551240560949305,0.00321199143468951,0.9166666590277863,-0.008547008547008555,0.0096982758610239,0.20408163223656808,0.006472491909385119,0.009698275862068974,33756,33744,,1.3002505962554587,1.8872360569051692,-0.11272692617074255,1.6460797780740064,0.008407280135337975,1.4273343654658726,0.924,0.002050309006334724
2023-10-12,0.003201707577374484,0.0031914893617021305,0.010672358591248557,-0.0021276595744680873,0.005330490405117276,0.899999990999999,-0.009544008483562988,0.009635974303036723,0.0652173911625712,-0.0010638297872340437,0.0,33792,33802,,1.273648238079448,5.767046118924748,-0.31199678907378947,3.6859133071593453,0.010044851498976494,0.9955348669380873,0.937,0.0035260096214139564
2023-10-13,-0.007423117709437853,-0.0021367521367521387,0.009544008483562988,-0.0021367521367521387,0.0,0.3333333296296338,-0.009574468085106274,0.005347593582315651,0.04999999987500028,0.0010683760683760694,-0.001069518716577541,33849,33871,,1.473731363002682,4.647619989552935,-0.3930950130233291,3.6038899183312147,0.0074407506854292866,1.2095553606799978,0.943,0.002654700882570374
2023-10-16,0.0,-0.019271948608137062,0.02462526766595291,-0.01498929336188438,-0.005428881650380027,0.1739130427221172,-0.01931330472103006,0.003282275710800629,0.409090908161157,-0.01177730192719487,0.0021881838074398266,33888,33930,,1.2167166776917846,2.0602374941636565,-0.3378985739816858,1.7301884867724124,0.010189981031239555,2.2571189979428548,0.934,0.003104865347700959
2023-10-17,0.00109170305676856,0.007633587786259549,0.015283842794759838,0.00872410032715377,-0.002159827213822896,0.7857142801020409,-0.006486486486486492,0.012035010939602306,0.17073170690065437,-0.0010905125408942212,0.0021691973969631254,33958,33951,,1.6261717911664142,2.0658602801364623,-0.15797090701073016,1.5567902989542015,0.009954278904599467,1.4064303395083846,0.916,0.0032838974802420428
2023-10-18,0.0,-0.011904761904761915,0.01731601731601733,-0.011904761904761915,0.0,0.187499998828125,-0.010857763300760053,0.0032858707553903785,0.22916666618923612,-0.010822510822510832,0.0010964912280701765,33984,34024,,1.418237324592116,4.0671537028771,-0.33716635777074067,1.9059105216570245,0.010106191451037668,1.5831878823192493,0.924,0.0030493226446663218
2023-10-19,-0.006571741511500554,0.0044101433296582174,0.016429353778751384,0.006615214994487326,-0.0021905805038335176,0.33333333111111113,-0.008705114254624599,0.0043859649117997885,0.08163265289462723,0.011025358324145544,-0.0032822757111597403,34043,34032,,1.5603366417146354,4.709057350794659,-0.5024196551440445,2.5879585293462752,0.013830627257673388,1.0845495010519421,0.913,0.0034801094760824125
2023-10-20,-0.004390779363336996,-0.003307607497243663,0.01097694840834249,0.0022050716648291087,-0.005500550055005505,0.0,-0.009857612267250829,0.004405286343127175,0.0714285712585034,0.0011025358324145544,-0.0011049723756906087,34082,34120,,1.0971280847395384,3.190249307622809,-0.23010652254900982,1.4120919766161024,0.010229957482785306,0.9775211596994045,0.911,0.00374806824216873
2023-10-23,-0.003318584070796463,-0.019977802441731425,0.02433628318584073,-0.011098779134295238,-0.00897867564534232,0.13636363574380164,-0.02108768035516095,0.0033745781773481943,0.449999998875,-0.011098779134295238,0.0011337868480725633,34128,34171,,1.170470923109217,2.752007066419902,-0.2631634401890732,1.7117726033103398,0.009088287832921671,2.420697953495355,0.904,0.002608710951360547
2023-10-24,0.004530011325028316,0.006764374295377683,0.021517553793884505,0.0033821871476888417,0.0033707865168539357,0.6842105227146814,-0.014460511679644062,0.02043132803400327,0.0833333332175926,-0.005636978579481403,0.0,34186,34179,,2.2295195220410577,3.958323368000457,-0.6106337681786128,1.643157974395706,0.014648715824481929,1.2970420136447542,0.883,0.005129394157337868
2023-10-25,0.0078387458006719,-0.010000000000000009,0.014557670772676385,-0.008888888888888896,-0.002239641657334828,0.07692307633136096,-0.012208657047724761,0.004489337822167306,0.187499999609375,0.001111111111111112,-0.002239641657334828,34225,34256,,1.8936730861902378,7.41241482805913,-0.4188481356004185,4.661304593644772,0.009523445458949925,1.3650521672571434,0.893,0.00284373077564414
2023-10-26,-0.00673400673400674,0.007909604519774018,0.01571268237934906,-0.004519774011299439,0.012485811577752566,0.9285714219387756,-0.006772009029345378,0.013636363634814061,0.23333333255555555,-0.0022598870056497193,0.005636978579481403,34315,34301,,1.048314424581955,3.3561582392433174,-0.20783263533488858,1.4100733941091792,0.008261605875122471,1.694585779345701,0.891,0.0030667868027815723
2023-10-27,-0.005605381165919287,0.021420518602029332,0.026905829596412578,0.007891770011273964,0.01342281879194632,0.8749999963541666,-0.004405286343612339,0.024830699771463825,0.35185185120027435,0.0033821871476888417,0.0,34357,34320,,0.8107449806529036,2.7099802010996843,-0.1303938385805982,0.8616035562051447,0.012038957307788676,1.993528109375408,0.892,0.005563583768120006
2023-10-30,-0.005518763796909497,0.02108768035516095,0.026490066225165587,0.019977802441731425,0.0,0.7916666633680556,-0.0065146579804560316,0.020994475135801733,0.2923076918579882,0.008879023307436189,-0.0043290043290043325,34409,34368,,1.1496745948836846,3.4386245440967116,-0.18408985282210008,1.7242310634245177,0.013837689236549757,1.734393612711651,0.906,0.004865297053182426
2023-10-31,0.0,-0.003260869565217394,0.014130434782608708,-0.007608695652173919,0.004381161007667035,0.46153845798816573,-0.008705114254624599,0.007683863884996289,0.0681818180268595,-0.005434782608695656,0.0021857923497267777,34416,34432,,1.3198843747749482,4.612730675612644,-0.2905193681117285,3.1946303424749507,0.007918464432366516,1.6417324276522114,0.92,0.002137754132327922
2023-11-01,0.0010905125408942212,-0.005446623093681922,0.010905125408942212,-0.002178649237472769,-0.004362050163576885,0.299999997,-0.007616974972796524,0.007675438595649629,0.10416666644965278,-0.004357298474945538,0.0,34464,34471,,2.3710472614531155,3.2982829820649804,-0.5552882038930235,1.0931358358639003,0.011000524265946979,0.909047575127948,0.917,0.004318898254527412
2023-11-02,0.0,-0.01095290251916759,0.01752464403066814,-0.003285870755750277,-0.008781558726673992,0.062499999609374995,-0.014192139737991279,0.004400440043520307,0.22222222172839506,0.0,-0.0033112582781456984,34513,34558,,0.9829572815675606,2.3502668523267536,-0.015406499272350044,0.6195252620878748,0.009452247759689251,1.6927190481572947,0.913,0.002526110551957513
2023-11-03,0.001107419712070876,0.015486725663716828,0.016611295681063138,0.012168141592920364,0.0032786885245901665,0.9333333271111112,-0.003271537622682664,0.011013215857817936,0.349999999125,0.005530973451327439,0.0,34591,34560,,1.8450760236189971,3.026564233146199,-0.48853326927883095,1.25519588339017,0.00913102373632106,1.6427511600981206,0.903,0.003170461118997311
2023-11-06,0.006535947712418306,0.010822510822510832,0.014161220043572996,0.011904761904761915,-0.0021367521367521387,0.8461538396449705,-0.006437768240343353,0.00971922246115344,0.2564102557527942,0.0021645021645021662,0.0010718113612004296,34631,34608,,1.9806407910320611,6.120106350091715,-0.46603814235100816,3.889906226483788,0.010906428777986388,1.1919575275679193,0.918,0.004253526964070532
2023-11-07,-0.00428265524625268,0.00537634408602151,0.010706638115631701,-0.003225806451612906,0.0075431034482758685,0.7999999920000002,-0.008556149732620328,0.010787486514478166,0.10416666644965278,0.002150537634408604,-0.002134471718249735,34659,34669,,1.2455280510300788,4.004304972604167,-0.267751917958892,1.8771821023797948,0.009137130132893374,1.0944355333800904,0.934,0.0026586892986361866
2023-11-08,-0.002139037433155082,0.010718113612004178,0.01925133689839562,0.017148981779206755,-0.006322444678609068,0.6111111077160469,-0.013698630136986197,0.013888888887404926,0.2439024384295055,0.005359056806002029,0.0031914893617021305,34725,34704,,1.656479383199063,2.238387873716617,-0.5725853017154243,1.4128137335835007,0.010366801248650984,1.7363118472741081,0.935,0.002793626559709835
2023-11-09,-0.0010604453870625672,-0.005307855626326851,0.013785790031813256,-0.0031847133757961815,-0.0021299254526090427,0.15384615266272322,-0.01162790697674408,0.006417112298778805,0.09999999980000111,-0.0010615711252653938,-0.0010660980810233368,34754,34768,,1.9625201558131156,2.9823215481623424,-0.5243721693967188,1.4075639614493172,0.010189947997289754,1.275767047670983,0.943,0.0022720720650117195
2023-11-10,-0.005336179295624337,-0.0010729613733905588,0.009605122732123807,0.0010729613733905588,-0.00321199143468951,0.4444444395061729,-0.006417112299465246,0.008629989211582532,0.022727272675619834,0.0021459227467811176,-0.002143622722400859,34805,34800,,1.8925955068690425,4.906554013991518,-0.48968808813510134,2.875424185983696,0.01088181597429656,0.8270678293541918,0.937,0.003945787684568228
2023-11-13,0.0032223415682062326,0.00321199143468951,0.008592910848549835,-0.00107066381156317,0.005364806866952794,0.8749999890625123,-0.006396588486140613,0.007518796991673486,0.06976744169821597,-0.00107066381156317,0.002139037433155082,34848,34849,,1.4239461473633954,3.574926107019698,-0.2654147854116652,1.705426635646395,0.007912195687347006,1.0110973255734275,0.931,0.0024219422741370597
2023-11-14,-0.0010672358591248675,0.010683760683760575,0.012806830309498292,0.0032051282051280892,0.008528784648187642,0.9166666590277771,-0.009523809523809415,0.010683760682619146,0.2272727267561981,0.008547008547008435,0.003181336161187702,34943,34896,,1.0116571899623807,2.772636535760112,-0.12447788706588568,1.5260112077056611,0.010054635601116241,1.1934793419385339,0.937,0.0030183526712837605
2023-11-15,0.009513742071881616,-0.013612565445026191,0.01585623678646936,-0.00732984293193718,-0.007376185458377246,0.06666666622222223,-0.011554621848739507,0.0052854122615977415,0.2765957440923495,-0.005235602094240842,-0.0010604453870625672,34944,34980,,1.427945280042841,6.0883779916178495,-0.3107176739441037,3.7579903785912734,0.010590200217012243,1.4164038026649797,0.946,0.0028724934958492
2023-11-16,-0.0021231422505307877,-0.012765957446808404,0.014861995753715395,-0.010638297872340318,-0.0010764262648008621,0.07142857091836792,-0.013829787234042448,0.004310344827121734,0.29999999924999804,-0.0053191489361701,-0.0032223415682062326,34992,35037,,1.4526145361764549,2.5176581676899144,-0.404766570356556,0.8923177992960732,0.008242156018129365,1.6985846663600124,0.942,0.001981346518675311
2023-11-17,-0.002155172413793105,0.006479481641468688,0.00862068965517242,0.002159827213822896,0.003229278794402586,0.9999999875000002,-0.004301075268817208,0.00647948164076896,0.13043478232514177,0.0,0.002150537634408604,35041,35047,,1.567821733474344,4.012554801186473,-0.367451868329293,2.053946391351184,0.009856537912261262,0.8116440062472471,0.928,0.0030837697012319884
2023-11-20,0.0010729613733905588,0.0010718113612004296,0.013948497854077264,0.0032154340836012887,-0.0021367521367521387,0.7692307633136095,-0.006444683136412465,0.011891891890606292,0.023255813899405082,-0.008574490889603437,-0.001069518716577541,35112,35092,,2.0095503472758307,2.7802312327609355,-0.4966139629093379,1.2627077176677601,0.009882113307478143,1.3155080764568492,0.932,0.003782589123622607
2023-11-21,0.00107066381156317,-0.008556149732620328,0.013918629550321093,-0.003208556149732623,-0.0064308681672025775,0.15384615266272322,-0.011739594450373543,0.004296455423813489,0.19047619002267574,0.0,-0.0010775862068965526,35136,35179,,1.043063362281591,2.4777475558033055,-0.15251049012389162,1.2693373704518687,0.009315901281894379,1.3954634626409457,0.934,0.00243924090343447
2023-11-22,-0.0032362459546925594,-0.011904761904761915,0.017259978425026985,-0.005411255411255416,-0.006528835690968449,0.12499999921874999,-0.015118790496760272,0.002178649237235443,0.30555555470679013,-0.0021645021645021662,-0.0021857923497267777,35184,35230,,0.9172395851326127,2.119133677212336,0.06144576405023336,0.6692578859041429,0.007834216530284054,2.042322896478277,0.927,0.0021257661462555292
2023-11-23,-0.0010952902519167588,0.006578947368421058,0.013143483023001107,0.0,0.005476451259583795,0.9166666590277779,-0.005464480874316944,0.012114537443599731,0.13333333303703704,-0.003289473684210529,0.0010905125408942212,35270,35235,,1.2149318288715598,2.5075727940212036,-0.28527654187311774,1.0212836944205663,0.009422012344980437,1.2736132615058255,0.913,0.002810046478188569
2023-11-24,-0.002178649237472769,-0.0109170305676856,0.013071895424836612,-0.007641921397379919,-0.003300330033003303,0.1666666652777778,-0.009846827133479221,0.0022099447511370247,0.2941176461937716,-0.00436681222707424,0.0011049723756906087,35280,35321,,1.1862209874095488,2.6055051145839156,-0.203311648207523,1.1079486109955972,0.00753988022929665,1.5915371963363003,0.918,0.0022101947012855665
2023-11-27,-0.0011037527593818993,0.004419889502762435,0.011037527593818994,-0.0011049723756906087,0.004419889502762435,0.699999993,-0.005512679162072772,0.009977827049891601,0.0784313723952326,0.0,-0.002195389681668498,35360,35335,,1.253725402115122,2.4547269085269354,-0.45461884763867916,0.8126919270502415,0.009605394245898837,1.0410816713912068,0.906,0.0037054137587512856
2023-11-28,0.0,0.0044004400440044045,0.01100110011001101,0.003300330033003303,0.0010964912280701765,0.7999999920000002,-0.007658643326039394,0.007717750826050971,0.12903225764828302,0.0044004400440044045,0.0010964912280701765,35382,35377,,1.417128773552785,2.246809437151618,-0.39609102900098236,1.383941947415162,0.007198613810636452,1.3891563187219023,0.909,0.0025528919657442756
2023-11-29,0.0,-0.007667031763417312,0.012048192771084348,-0.003285870755750277,-0.004395604395604399,0.18181818016528928,-0.009846827133479221,0.004395604395121366,0.14583333302951387,-0.0010952902519167588,0.0011049723756906087,35424,35463,,1.2169985918454678,1.842303114170505,-0.207249077919457,0.7898334478237923,0.009788917454821498,1.1237197512795476,0.913,0.0032106465659339704
2023-11-30,-0.0022075055187637986,0.003318584070796463,0.007726269315673296,-0.0011061946902654876,0.004429678848283504,0.9999999857142859,-0.005518763796909497,0.006659267479838045,0.0714285712585034,0.0,0.0022099447513812174,35480,35476,,1.1573148888201445,2.5166509823970276,-0.2278924963224461,1.4378127005829435,0.00929160923581431,0.7533678770822462,0.906,0.0026179252042507453
2023-12-01,0.0,0.003307607497243663,0.015435501653803762,-0.006615214994487326,0.009988901220865713,0.8571428510204082,-0.005530973451327439,0.01334816462587897,0.0789473682132964,-0.005512679162072772,0.0022026431718061693,35556,35547,,0.6863343144385915,2.467028801317908,0.06105410235521682,0.979865620145059,0.009143689516495709,1.5311105896183592,0.907,0.0031562023550060713
2023-12-04,0.0,-0.004395604395604399,0.013186813186813197,0.0021978021978021995,-0.006578947368421058,0.0833333326388889,-0.0098360655737705,0.007709251100472556,0.09999999975,0.005494505494505499,-0.0011025358324145544,35573,35614,,1.3507136432252123,3.008601091248369,-0.305942450667675,1.4387307127121949,0.007703431150762054,1.5577473997464342,0.91,0.003000417386935281
2023-12-05,-0.0022075055187637986,-0.015486725663716828,0.016556291390728492,-0.007743362831858414,-0.007803790412486071,0.06666666622222223,-0.012208657047724761,0.004469273742517404,0.3999999988571428,-0.005530973451327439,-0.004474272930648774,35616,35663,,1.0101709406132586,4.019405460012461,-0.11439025837908559,1.8808888502256482,0.009829670873526097,1.5259920744447073,0.906,0.004667471070324981
2023-12-06,-0.0011235955056179785,0.003374578177727787,0.010112359550561806,0.002249718785151858,0.002247191011235957,0.5555555493827161,-0.004469273743016764,0.005617977527458659,0.08823529385813149,0.001124859392575929,-0.002237136465324387,35672,35664,,1.4869061021366232,3.4682802257035683,-0.43113942716830456,1.3340336832290267,0.008180762044987718,1.1001419966126542,0.89,0.002373001547477462
2023-12-07,-0.0011210762331838576,0.0,0.012331838565022433,-0.00561167227833895,0.005643340857787816,0.6363636305785124,-0.01006711409395974,0.010169491524274642,0.0,-0.00336700336700337,-0.00335570469798658,35752,35727,,1.3410044730037443,2.254849507065801,-0.38157137549079956,0.9201277787354303,0.010359874473262004,1.0617889166718406,0.892,0.002184253569852234
2023-12-08,0.0,0.02132435465768801,0.02132435465768801,0.01571268237934906,0.005524861878453044,0.9999999947368421,-0.005567928730512255,0.019036954085214244,0.3877551012494794,0.00336700336700337,0.0022026431718061693,35807,35760,,1.06983381069398,2.394139019692543,-0.058169657154580744,1.6020734533295575,0.011367285676902065,1.671463212318227,0.891,0.004165843769474202
2023-12-11,-0.0032967032967032993,0.01764057331863287,0.026373626373626394,0.003307607497243663,0.014285714285714297,0.9583333293402777,-0.0032751091703056797,0.023255813950912998,0.32653061157850893,-0.0011025358324145544,0.0,35848,35808,,0.8276584436915948,5.5277934297711395,-0.03875173806354735,3.4641822927156998,0.010270989215099812,2.336678509120501,0.91,0.0035781467065126448
2023-12-12,-0.002166847237269774,-0.004343105320304021,0.010834236186348871,-0.007600434310532037,0.0032822757111597403,0.3999999960000001,-0.009761388286334065,0.004381161007187171,0.11764705847750864,-0.004343105320304021,0.0,35860,35879,,1.5463120257156922,2.7198503991543905,-0.3507812705467362,0.9588065743160544,0.007936237230542875,1.2600429628678913,0.923,0.0022908980640082444
2023-12-13,-0.0021810250817884424,-0.00874316939890711,0.01635768811341332,0.0010928961748633888,-0.00874316939890711,0.06666666622222223,-0.014130434782608708,0.004366812226597514,0.22857142791836735,0.0021857923497267777,-0.004390779363336996,35907,35950,,0.8768218552769517,2.317358385955742,0.05180812052892874,1.5657118846032323,0.00859180506933818,1.7458496444415361,0.917,0.002981592895754069
2023-12-14,0.0044101433296582174,-0.009879253567508241,0.015435501653803762,-0.002195389681668498,-0.008791208791208798,0.07142857091836735,-0.013129102844638961,0.007734806628979586,0.187499999609375,-0.002195389681668498,-0.003314917127071826,35953,35998,,1.379778019122532,3.3729329135871935,-0.28775725090055826,1.423720342244761,0.010599281044657557,1.3208442920731986,0.907,0.0021813246036079858
2023-12-15,0.0033259423503325973,-0.011049723756906087,0.01552106430155212,-0.004419889502762435,-0.006659267480577142,0.1428571418367347,-0.013259668508287303,0.006674082312939485,0.22727272675619833,-0.005524861878453044,0.0011185682326621935,36012,36040,,1.0785732651063507,2.4477006601606797,-0.26858654242327024,0.3042793447995566,0.009064835138413772,1.5444296152976555,0.902,0.0036888997000648883
2023-12-18,-0.003351955307262573,-0.0067264573991031446,0.011173184357541908,-0.0033632286995515723,-0.003374578177727787,0.19999999800000004,-0.011185682326621933,0.0033936651579871448,0.16216216172388603,-0.0011210762331838576,0.0,36049,36092,,1.113735563833694,3.8951802022721704,-0.22100224625076587,1.6365255222421438,0.007904927920240648,1.2650336567764953,0.895,0.0032296137835922277
2023-12-19,-0.001128668171557563,0.007909604519774018,0.01467268623024832,0.006779661016949158,0.002247191011235957,0.6923076869822485,-0.011173184357541908,0.011299435026971826,0.1627906972958356,0.0022598870056497193,0.007909604519774018,36109,36096,,1.7709019465977087,2.2200634791626683,-0.3441054562824895,1.6873172504445855,0.01104894392859085,1.176583026066609,0.886,0.005575232904282694
2023-12-20,0.0011210762331838576,-0.01343784994400897,0.015695067264574005,-0.0078387458006719,-0.005643340857787816,0.0,-0.0112233445566779,0.004524886877316193,0.2857142850340136,-0.004479283314669656,-0.003393665158371044,36144,36190,,0.9034442868850449,4.007188763962572,-0.04737907204215824,1.9927606142561385,0.008725104283952567,1.6045653305591583,0.892,0.0028627753213220208
2023-12-21,-0.003405221339387063,0.01708428246013669,0.021566401816118068,0.014806378132118464,0.00224466891133558,0.8421052587257617,-0.005668934240362817,0.02166476624610438,0.23809523771730917,0.0022779043280182253,0.0,36225,36192,,1.6846908911004042,3.0668461105557685,-0.40639730618520586,1.6311501827612556,0.015123926419281154,1.2562875107715807,0.881,0.005450679266817325
2023-12-22,-0.002239641657334828,-0.00336700336700337,0.012318029115341557,0.00448933782267116,-0.007821229050279337,0.2727272702479339,-0.012276785714285724,0.011286681714301739,0.0555555554526749,-0.00336700336700337,0.0011273957158962806,36260,36244,,1.3317606491680734,2.2006661880975424,-0.2833882847274468,1.523731428202732,0.011238664545619136,0.97876396768257,0.893,0.00294553859010016
2023-12-25,-0.0022522522522522544,-0.003386004514672689,0.013513513513513525,-0.005643340857787816,0.0022701475595913755,0.3333333305555556,-0.01234567901234569,0.0034090909087035152,0.09374999970703125,-0.002257336343115126,0.0022701475595913755,36288,36317,,1.1663043980283585,3.336641298215769,-0.2481222709847555,1.6347673058336247,0.010468241107360363,1.1463243693279295,0.888,0.004788999656353287
2023-12-26,-0.001132502831257079,-0.015873015873015886,0.018120045300113265,-0.014739229024943323,-0.0011507479861910253,0.12499999921874999,-0.013651877133105814,0.0069204152241152984,0.28571428513119534,-0.00680272108843538,-0.0011507479861910253,36336,36357,,1.7095494832064413,2.4916431398173757,-0.5114186388115424,1.3005004956383504,0.009983941768745596,1.602573433453924,0.883,0.0026436235738862414
2023-12-27,0.00230414746543779,0.0034482758620689685,0.00921658986175116,0.005747126436781614,-0.0022857142857142876,0.6249999921875001,-0.0057142857142857195,0.006904487916351619,0.06382978709823449,0.001149425287356323,-0.0011441647597254015,36407,36388,,1.5875055984409905,4.019057272208198,-0.33373677902240195,1.941181155287396,0.0102555462733784,0.7800657038387154,0.868,0.0027905059604707116
2023-12-28,-0.002290950744558994,0.026406429391504043,0.03207331042382592,0.021814006888633775,0.00336700336700337,0.8571428540816326,-0.004459308807134898,0.027491408931558856,0.4181818174214876,0.009184845005740537,0.0,36465,36432,,1.7287550834341852,1.7066613898373941,-0.5992073679794769,1.1252829319441011,0.011239695194417827,2.49117073608803,0.873,0.0031756734005793648
2023-12-29,-0.00335570469798658,0.00673400673400674,0.008948545861297548,0.00448933782267116,0.002234636871508382,0.7499999906250001,-0.005567928730512255,0.004479283314168058,0.15384615345167652,0.00673400673400674,0.0011160714285714296,36481,36480,,1.5628628734198557,2.7348898823358563,-0.45319686819499505,2.432501909258624,0.010266607551704053,0.7792252583717043,0.894,0.004457336597395499
2024-01-02,0.0011148272017837246,-0.013363028953229411,0.014492753623188418,-0.010022271714922058,-0.003374578177727787,0.07692307633136096,-0.00673400673400674,0.004509582863076714,0.342857141877551,-0.01113585746102451,-0.0011273957158962806,36528,36533,,1.7335099391092748,3.8669981455391502,-0.40079336716566927,2.0166988838913555,0.010829272690646789,1.2004499518405403,0.897,0.003568439090394758
2024-01-03,-0.002257336343115126,-0.011312217194570146,0.01805869074492101,-0.01244343891402716,0.001145475372279497,0.24999999843749998,-0.015819209039548036,0.00459242250234301,0.30303030211202936,-0.002262443438914029,-0.0011428571428571438,36577,36602,,1.2268197556974505,1.856670072174969,-0.2674151079182179,1.539013494153036,0.007885533981008944,2.02903187477605,0.886,0.0017210832473755423
2024-01-04,-0.0011441647597254015,-0.00801832760595648,0.01601830663615562,-0.010309278350515472,0.002314814814814817,0.4285714255102041,-0.01148105625717567,0.006968641114173219,0.1999999994285714,-0.004581901489117988,0.002314814814814817,36624,36660,,1.4265876559911523,2.41086536770904,-0.2798087433004966,0.8637825631376586,0.008803280250677047,1.5903162732882061,0.874,0.0038671955351130363
2024-01-05,-0.0034642032332563542,-0.016222479721900364,0.027713625866050834,-0.0034762456546929346,-0.012790697674418617,0.1666666659722222,-0.024221453287197253,0.004728132387147979,0.3043478254253308,0.0034762456546929346,0.0,36673,36716,,0.7470905713491388,1.4844386214938359,0.3075504103400769,0.16771025209056287,0.01107425126108021,2.167189385311099,0.866,0.00359264577147131
2024-01-08,-0.004711425206124857,-0.024852071005917183,0.02709069493521793,-0.01656804733727812,-0.008423586040914569,0.0,-0.021377672209026147,0.0036275695279773226,0.45652173813799624,-0.00828402366863906,-0.0072289156626506096,36720,36763,,1.4076255963995847,3.1262469702537423,-0.31051857339698713,1.4946237400238633,0.009604215951424485,2.3947816122471224,0.849,0.003909650351111402
2024-01-09,0.00121359223300971,-0.0012121212121212132,0.023058252427184487,0.0024242424242424264,-0.003627569528415965,0.42105262936288085,-0.020359281437125766,0.010895883775920606,0.01818181814876033,0.0024242424242424264,0.0,36778,36797,,1.5076000170916921,3.8973669395303405,-0.56976523759599,1.742540523404186,0.01307747489851431,1.4528798565593546,0.824,0.0041717963644352435
2024-01-10,-0.00485436893203884,-0.0024390243902439046,0.02548543689320377,0.0024390243902439046,-0.006075334143377891,0.3809523791383187,-0.014457831325301219,0.024691358021642924,0.029411764662629857,-0.0012195121951219523,-0.001221001221001222,36825,36817,,2.660147528824321,3.6830295101428443,-0.5953766268338623,1.934992934453624,0.017741838212567015,1.183642846363054,0.824,0.009381544018926855
2024-01-11,-0.0012224938875305634,0.014687882496940039,0.022004889975550144,0.006119951040391682,0.00851581508515816,0.7777777734567901,-0.00485436893203884,0.014634146339678777,0.23529411718569782,0.0036719706242350097,-0.001204819277108435,36897,36864,,0.8289340146448393,2.6871494379127703,-0.2620325512570673,1.5399835268040634,0.014639981731699007,1.2295097225480007,0.818,0.004774389517063619
2024-01-12,-0.003618817852834744,-0.009685230024213084,0.015681544028950556,-0.004842615012106542,-0.003654080389768578,0.07692307633136096,-0.014457831325301219,0.004842615011520269,0.18181818140495867,0.0,-0.004866180048661805,36920,36948,,1.1151226760131,3.320208819059538,-0.11689398284410296,1.594947770447511,0.009083250850133855,1.4312056411706249,0.829,0.002144703708276448
2024-01-15,-0.006112469437652817,0.0,0.017114914425427754,0.003690036900369007,-0.0036764705882352975,0.21428571275509584,-0.012165450121654377,0.013563501847895867,0.0,0.004920049200492009,0.0,36976,36962,,1.8645666904720568,4.338232248768967,-0.5137394190588745,2.088864745237484,0.012457702115202236,1.1238027493477558,0.818,0.005445401364735405
2024-01-16,-0.002460024600245868,0.007398273736128106,0.015990159901598893,-0.004932182490752162,0.012391573729863565,0.9999999923076924,-0.012269938650306624,0.01490683229628474,0.11320754695621174,0.0036991368680639844,0.006157635467980164,37055,37032,,0.7425650230386582,2.4754561841089147,0.14223617160480517,1.1155665057945408,0.013255867456346859,0.9806977887143683,0.813,0.005391738716364135
2024-01-17,-0.0036719706242350097,-0.023341523341523226,0.024479804161566594,-0.007371007371007242,-0.016089108910891103,0.049999999750000274,-0.022140221402213906,0.003731343283117995,0.39583333250867914,-0.006142506142506012,-0.012422360248447215,37056,37103,,0.7284954208793083,2.4217806441734506,0.2979953819404838,1.4031678374041592,0.01052407558382663,1.9004044251350123,0.817,0.0025452510084458444
2024-01-18,-0.005031446540880507,0.01896333754740836,0.03647798742138368,-0.006321112515802787,0.02414231257941552,0.9655172380499405,-0.015151515151515164,0.033333333329059855,0.1829268290452112,0.0012642225031605572,0.015113350125944598,37150,37125,,1.3553366978799988,3.3098860571264788,-0.18194983274275264,1.7516941921987434,0.019855130809268484,1.4605796422355828,0.795,0.00595503662234607
2024-01-19,-0.0037220843672456606,0.0,0.013647642679900755,-0.0012453300124533012,0.0012468827930174574,0.2727272702479339,-0.012345679012345689,0.0074906367031846955,0.0,0.0062266500622665056,0.0,37153,37164,,1.7378889517860043,6.141863502979296,-0.40662690431957144,3.700067864883693,0.013931713291130498,0.7895654820894509,0.806,0.004791836940358698
2024-01-22,-0.0024906600249066024,-0.03121098626716607,0.03985056039850564,-0.009987515605493142,-0.021437578814628013,0.1874999994140625,-0.03375000000000003,0.011642949545712435,0.2906976740805841,-0.003745318352059928,-0.006402048655569788,37200,37244,,0.7614398586262914,2.1223429288724622,0.25344339038996017,0.8504783246486737,0.020858471148369532,1.534148865416079,0.803,0.008314743397847872
2024-01-23,-0.005154639175257736,0.01813471502590675,0.027061855670103115,0.00647668393782384,0.011583011583011593,0.8095238056689342,-0.013977128335451092,0.021992238030790156,0.18181818158205432,0.010362694300518144,-0.005063291139240511,37288,37248,,1.5642455039691374,3.625361923624541,-0.5013672371650902,1.839054113638241,0.021005552084324544,0.9997356801537134,0.776,0.009146239273125769
2024-01-24,0.0038167938931297743,-0.001267427122940432,0.036895674300254484,-0.021546261089987345,0.019404915912031064,0.8620689625445898,-0.02547770700636945,0.03267973855781967,0.011494252860351434,-0.010139416983523455,0.003821656050955417,37296,37323,,1.005926633538469,3.2251357566450016,-0.28135664013755257,2.0177878506314695,0.021777093762516127,1.3316744733288925,0.786,0.007926284318467126
2024-01-25,-0.0038071065989847747,0.024203821656050974,0.03172588832487312,0.01656050955414014,0.006257822277847314,0.91999999632,-0.006353240152477769,0.02941176470212128,0.3454545448264463,-0.0012738853503184724,0.0012453300124533012,37372,37344,,1.6064451461854907,2.970784628855828,-0.5545150187276657,1.4093699021716972,0.013631686145711705,1.8339623982957056,0.788,0.004850011584128908
2024-01-26,-0.004975124378109457,-0.018750000000000017,0.02611940298507465,-0.01125000000000001,-0.007585335018963344,0.190476189569161,-0.020000000000000018,0.007604562736678769,0.28846153790680473,-0.0050000000000000044,-0.0025412960609911077,37393,37434,,1.0132728379747011,3.5571371785786585,-0.15020751792633133,2.141878829168577,0.012206326633441355,1.7204192922729873,0.804,0.003941825267497958
2024-01-29,0.007643312101910834,-0.034134007585335045,0.039490445859872644,-0.021491782553729473,-0.012919896640826885,0.032258064412070755,-0.031685678073510797,0.007832898171301195,0.3913043472589792,-0.0088495575221239,-0.0065019505851755584,37440,37486,,1.340432826150746,5.599506946620288,-0.33162485778045603,4.516579387164315,0.017175831920602968,1.8048616196766782,0.785,0.004168021962289749
2024-01-30,-0.009162303664921474,-0.029062087186261583,0.036649214659685896,-0.013210039630118901,-0.016064257028112466,0.10714285676020407,-0.030383091149273473,0.007989347535554022,0.32352941128892737,-0.0052840158520475605,-0.006756756756756763,37491,37534,,0.9959989483625512,4.752117811919852,-0.04088282704868239,2.4927184468718497,0.01700733761442022,1.6463482098235351,0.764,0.005078863314796427
2024-01-31,-0.005442176870748304,-0.012311901504787974,0.025850340136054445,0.004103967168262657,-0.01634877384196187,0.26315789335180056,-0.02312925170068029,0.022284122559570477,0.11842105247576178,-0.01094391244870042,-0.0013831258644536667,37559,37543,,2.0485160970554146,2.8233622412691375,-0.6972885391651906,1.0874980322790906,0.020618480693741375,0.9215033925180055,0.735,0.0062569995111567385
2024-02-01,-0.008310249307479232,0.013966480446927387,0.03739612188365654,0.025139664804469296,-0.012244897959183685,0.4444444427983539,-0.02027027027027029,0.03496503496014478,0.13888888869598767,-0.0013966480446927388,0.0,37595,37587,,2.8464864965732395,3.279462077133837,-0.6520341553759637,1.8195187460682838,0.02099029222441483,1.28630890807533,0.722,0.007368811873338416
2024-02-02,0.0,-0.02617079889807165,0.05922865013774095,-0.02203856749311297,-0.00422535211267606,0.4883720918875054,-0.048209366391184616,0.0347322720644382,0.17757009329199058,-0.005509641873278242,0.00426136363636364,37632,37672,,0.6469840393411473,2.0096398737431453,0.3185929449699333,0.4882346347013473,0.03154003571891681,1.3633465810527,0.726,0.01936720422900955
2024-02-05,-0.00990099009900991,0.012857142857142869,0.0777934936350777,-0.02571428571428558,0.039589442815249135,0.7818181803966937,-0.04148783977110145,0.0716417910340832,0.05357142853954096,-0.008571428571428579,-0.00977653631284917,37715,37696,,1.1802353922805706,3.2952860656997345,-0.3472838343248439,1.7656262823581697,0.04813508034330171,1.1426178058388083,0.707,0.01860638918061664
2024-02-06,-0.012693935119887177,0.0814285714285715,0.08603667136812419,0.03714285714285718,0.039835164835164874,0.9999999983606557,-0.008230452674897127,0.07375886523776477,0.46341463376958164,0.025714285714285738,0.01068090787716957,37774,37728,,1.1854682799051712,3.496147231588575,-0.43923246403191657,1.857995552072438,0.030360523685534904,2.009187997904804,0.709,0.00922419022854601
2024-02-07,-0.0026420079260237803,0.029139072847682145,0.03566710700132104,0.030463576158940426,-0.0012853470437018007,0.9259259224965706,-0.012853470437018006,0.01832460732744444,0.3055555551311729,0.025165562913907306,0.01171875000000001,37797,37776,,1.8259677324755683,3.654022259563715,-0.6192658171687762,1.7806923371353962,0.023283028209289847,1.1596429657402907,0.757,0.005221787961589273
2024-02-08,0.009009009009009016,0.0025510204081632673,0.0321750321750322,0.008928571428571437,-0.007575757575757582,0.27999999888,-0.028642590286425927,0.017743979718917127,0.022727272701446283,0.014030612244897971,0.003831417624521076,37833,37857,,1.7747670646700584,4.661264138481327,-0.5406903922829647,2.6880847403459063,0.024438459414885087,1.0229777365784005,0.777,0.008252624071792378
2024-02-19,0.015267175572519097,0.0,0.02162849872773539,-0.012531328320802015,0.012690355329949249,0.9411764650519031,-0.013836477987421394,0.017857142854865175,0.0,-0.006265664160401007,0.0037735849056603804,37872,37900,,1.0329448779021984,4.886690804841254,-0.14725040214407797,3.867545286391515,0.01781690725403185,0.954149879224299,0.786,0.00623414456756732
2024-02-20,-0.0075187969924812095,-0.002525252525252527,0.013784461152882217,-0.005050505050505054,0.0025380710659898497,0.6363636305785124,-0.00633713561470216,0.01147959183527047,0.0392156861976163,-0.007575757575757582,0.0025380710659898497,37965,37926,,1.269363312811496,3.3645986904743914,-0.19946689554401828,1.5218914761836106,0.014503823415478696,0.7584207011523993,0.798,0.00526817179590928
2024-02-21,-0.008860759493670893,0.010217113665389537,0.03417721518987345,0.01915708812260538,-0.010012515644555704,0.4444444427983539,-0.0173913043478261,0.02941176470212128,0.10958904094576845,-0.001277139208173692,-0.005031446540880507,37994,37968,,1.139879357376057,2.536597298957781,-0.24587286662675556,1.0092675693507138,0.015284755960903555,1.7664658757009908,0.79,0.003266826842769815
2024-02-22,0.0,0.010113780025284458,0.020227560050568916,0.006321112515802787,0.002509410288582185,0.562499996484375,-0.012437810945273643,0.010050251255018822,0.1311475407686106,0.013906447534766131,0.0,38020,38016,,2.4692326505936384,3.934715843680563,-0.6079798063303953,1.9096624155341646,0.015509288469709429,1.0316398413818268,0.791,0.004551632070383611
2024-02-23,0.006257822277847314,-0.0037313432835820925,0.018773466833541943,-0.013681592039801006,0.011363636363636373,0.6666666622222223,-0.013698630136986313,0.012626262624668412,0.053571428475765306,-0.004975124378109457,0.0,38064,38076,,1.0312471339875822,4.047668847322741,-0.11189032255442014,1.8970922604472358,0.01299936913049295,1.1539021420219477,0.799,0.003813315637301983
2024-02-26,-0.0012484394506866428,0.007500000000000007,0.021223470661672787,0.010000000000000009,-0.0012391573729863704,0.4705882325259546,-0.012285012285012161,0.018773466831192184,0.10526315771006545,0.0012500000000000011,0.0012422360248447216,38144,38112,,1.234360587520203,2.7882448520113345,-0.3870093870135263,1.2570827008909147,0.01252127558220236,1.3576891389879362,0.801,0.00328055477349939
2024-02-27,-0.004962779156327548,0.042394014962593415,0.047146401985111566,0.02119700748129664,0.019512195121951237,0.999999997368421,-0.006053268765133178,0.0449999999943749,0.5396825388259,-0.0012468827930174574,0.0072289156626506096,38206,38165,,0.7881739749315984,1.3407443255902578,0.2317616126513555,1.2949295736459445,0.01203977273033032,3.1562057304163744,0.806,0.0029660385645169734
2024-02-28,0.0,-0.033492822966507074,0.05143540669856451,-0.011961722488038288,-0.022974607013300976,0.0,-0.049411764705882266,0.015531660691095395,0.24347826065784428,0.015550239234449776,-0.017031630170316184,38211,38255,,1.7460427037205195,2.6728335223404573,-0.42723566776761307,1.18468535909423,0.022805916062873587,1.8854756674937214,0.836,0.0057717932249382
2024-02-29,-0.004950495049504955,0.053482587064676526,0.053217821782178126,0.031094527363183966,0.022946859903381665,0.9999999976744186,-0.016666666666666684,0.03166869670747035,0.4777777772469124,0.03233830845771133,0.011947431302270023,38303,38256,,2.0040170783844173,3.708292431429399,-0.5228973911266845,1.3969795749995013,0.027237783321110046,1.5786894012334982,0.808,0.007962235439129205
2024-03-01,0.003541912632821727,0.005882352941176476,0.018890200708382543,-0.00235294117647059,0.008254716981132082,0.87499999453125,-0.011723329425556869,0.01542111506341388,0.06944444434799384,0.0,-0.0011682242990654216,38346,38306,,1.648037559544902,5.007621992353455,-0.45979958819549854,2.737642834879223,0.015911724950812677,1.0055477925181233,0.847,0.0052135276902678185
2024-03-04,0.00233918128654971,-0.0011668611435239216,0.019883040935672534,-0.0011668611435239216,0.0,0.6470588197231834,-0.017421602787456462,0.016548463355017928,0.012658227832078194,-0.003500583430571765,0.001169590643274855,38354,38359,,1.8978718188707744,4.163315192511445,-0.537770403334831,2.098246007292775,0.017349817773837952,0.9798373748715004,0.855,0.006585306074718396
2024-03-05,-0.005841121495327108,0.007050528789659231,0.017523364485981324,0.010575793184488846,-0.004645760743321723,0.5999999960000001,-0.012761020881670545,0.011737089200500352,0.07058823521107267,0.004700352526439487,0.004689331770222747,38426,38400,,1.378179579380503,2.9034525747235373,-0.2995579398626156,1.3555212776562424,0.01924147527786475,0.7795660002899726,0.856,0.006609240238205797
2024-03-06,-0.003500583430571765,-0.004683840749414524,0.022170361726954513,0.002341920374707262,-0.008168028004667451,0.42105262936288085,-0.011627906976744196,0.020166073544464303,0.05633802808966475,-0.008196721311475417,-0.004683840749414524,38472,38452,,1.2783834368725684,2.135360159427799,-0.33193163052243757,1.7879298114381967,0.01644081598069427,1.1556603946388575,0.857,0.005414134898709372
2024-03-07,0.001176470588235295,-0.022326674500587566,0.030588235294117676,-0.015276145710928333,-0.007159904534606212,0.03846153831360947,-0.02690058479532166,0.005995203836211611,0.31147540932545015,0.0,-0.001200480192076832,38498,38532,,1.0037192357687157,1.9894882236926892,0.05033716006593498,0.7774228532958308,0.012567624197443858,2.068807865722736,0.85,0.003859505137955476
2024-03-08,0.001201923076923078,0.009603841536614656,0.01923076923076925,0.001200480192076832,0.008393285371702646,0.7499999953125,-0.00954653937947495,0.01445783132355931,0.12499999980468751,0.002400960384153664,0.0023837902264600736,38587,38563,,1.0332600575834718,2.200924563230085,0.029992858834776457,1.6283931782656338,0.013431073337761818,1.1912674049577892,0.832,0.0035034591712187545
2024-03-11,-0.004756242568370992,0.023894862604540046,0.0273483947681332,0.009557945041816018,0.014201183431952676,0.9565217349716446,-0.004739336492891,0.020238095235685958,0.3448275856123662,0.008363201911589017,0.005868544600938973,38638,38592,,0.8115075231302925,3.636868517875902,-0.0022759457029221664,1.9598511403587546,0.01435817819268442,1.6018745227393272,0.841,0.003546446780676099
2024-03-12,0.0011668611435239216,-0.002331002331002333,0.018669778296382746,-0.004662004662004666,0.002341920374707262,0.312499998046875,-0.015011547344110868,0.011682242989289469,0.028571428530612248,0.008158508158508167,0.0,38644,38658,,1.8871988203522572,2.1923676543739066,-0.613918255411711,1.5075390827203237,0.014794739185048873,1.0814654920056037,0.857,0.0033198225939851146
2024-03-13,0.0035046728971962647,-0.006984866123399307,0.015186915887850481,-0.0034924330616996537,-0.0046674445740956865,0.15384615266272192,-0.013904982618771738,0.008187134501966424,0.09836065557645794,0.0,-0.0046674445740956865,38692,38731,,1.1741106946964848,2.9961900880760415,-0.2574663444552099,1.2208126788278653,0.011653271647715154,1.1155665362861644,0.856,0.00315822111868338
2024-03-14,-0.0035169988276670607,-0.00941176470588236,0.021101992966002365,-0.0035294117647058855,-0.005903187721369545,0.3333333314814815,-0.02107728337236536,0.008373205740625222,0.12499999980468751,0.001176470588235295,0.001189060642092748,38736,38773,,0.8395084210102266,2.5740023835991606,0.00800619309101168,0.7609673201290686,0.01549309395428151,1.1618079601747286,0.853,0.006149314043474173
2024-03-15,-0.0011876484560570083,0.007134363852556487,0.017814726840855125,-0.008323424494649234,0.014371257485029954,0.9333333271111112,-0.009512485136741983,0.018007202878990748,0.10714285695153061,-0.004756242568370992,0.0059382422802850415,38829,38802,,0.7199450169033863,1.7363710317108227,0.21973088352475748,1.2841660053513992,0.011341689557616084,1.3225542624442497,0.842,0.003156239929919615
2024-03-18,0.0,0.020070838252656452,0.02125147579693036,0.014167650531286907,0.0058207217694994234,0.9444444391975308,-0.004689331770222747,0.017667844520887196,0.39534883628988643,0.005903187721369545,0.0034843205574912922,38877,38832,,1.0756029828185323,1.96597054597301,-0.1383142634360724,1.0669499457973355,0.011475328787516408,1.5685824934901482,0.847,0.0057189538310516855
2024-03-19,-0.002314814814814817,-0.01160092807424595,0.01504629629629631,-0.0069605568445475705,-0.005834305717619608,0.07692307633136096,-0.012746234067207428,0.005841121494644734,0.15873015847820612,0.001160092807424595,-0.002341920374707262,38885,38927,,0.7994599868726999,2.31389382624818,0.108900981666216,1.3876089698085046,0.011789692750081534,1.1026580730565942,0.864,0.002326096088526373
2024-03-20,-0.0011737089201877945,0.0035252643948296154,0.011737089201877946,-0.0011750881316098718,0.00470588235294118,0.7999999920000002,-0.00935672514619884,0.009445100353076148,0.0681818180268595,0.004700352526439487,0.002347417840375589,38932,38947,,1.174768570844881,2.2728610470922646,-0.17325803217360436,1.0181194081335703,0.011462490703009807,0.8724107326981865,0.852,0.003484257755272121
2024-03-21,0.007025761124121786,-0.016279069767441874,0.023419203747072622,-0.017441860465116296,-0.001180637544273909,0.09999999949999999,-0.020857473928157608,0.007100591715136031,0.2745098033833141,0.003488372093023259,-0.003533568904593643,38976,38993,,2.050860054995896,4.434278775157542,-0.5052576318295995,2.3395635148539156,0.012478963144474541,1.6026972440082838,0.854,0.004232506734209079
2024-03-22,-0.00472813238770686,-0.011876484560570083,0.020094562647754156,-0.010688836104513074,0.0,0.058823529065743944,-0.01656804733727812,0.009626955474172458,0.18518518484224966,-0.0023752969121140165,-0.004784688995215315,39024,39045,,1.5236949595204468,2.8930160611282516,-0.4140312422369028,1.1816402636170054,0.012019467711004886,1.4143721059292669,0.846,0.0032601622173764654
2024-03-25,-0.001201923076923078,-0.013237063778580036,0.020432692307692325,0.001203369434416367,-0.014423076923076936,0.058823529065743944,-0.017964071856287442,0.012121212119742895,0.20754716941972232,-0.004813477737665468,-0.006060606060606067,39083,39118,,1.0487486609706256,3.695462464670224,-0.04473932136972812,1.6491509408371277,0.01455141280699385,1.1682714323795527,0.832,0.0046182546073585875
2024-03-26,-0.0012195121951219523,-0.010989010989010863,0.02317073170731696,-0.013431013431013309,0.0012360939431396796,0.21052631468144167,-0.020631067961164932,0.009913258982662416,0.15517241352556377,-0.001221001221001222,-0.0012330456226880406,39121,39150,,1.267351023688983,1.5010518520372953,-0.33300538308537797,1.1292584380192576,0.014568240702695445,1.3042068879369766,0.82,0.005623497262659184
2024-03-27,-0.001234567901234569,-0.024721878862793593,0.027160493827160515,-0.012360939431396796,-0.013750000000000012,0.04545454524793388,-0.022304832713754667,0.006242197252653913,0.3846153838757396,-0.007416563658838078,-0.011278195488721814,39168,39215,,1.0021657640082204,1.9292378282902787,0.018989891767268806,1.042712425922674,0.01413851430043447,1.5560333551963543,0.81,0.00666157842796352
2024-03-28,-0.001267427122940432,0.013959390862944175,0.026615969581749072,0.02284263959390865,-0.008684863523573208,0.5238095213151928,-0.013630731102850074,0.020227560048011704,0.22916666618923612,0.006345177664974624,-0.0012500000000000011,39240,39216,,1.3073428000930138,2.4560098709282028,-0.1758134284993207,1.1981366101091695,0.013100143723605955,1.6030358355424181,0.789,0.0038750463785984968
2024-03-29,-0.001251564455569463,0.002506265664160403,0.016270337922403018,-0.010025062656641612,0.012658227848101276,0.9230769159763315,-0.015000000000000013,0.015228426394006558,0.03448275856123662,-0.0012531328320802015,0.005025125628140708,39302,39289,,0.886417824004069,1.7320875556010134,0.04075494071994959,0.8026191347711757,0.014589806460224671,0.8910330610853433,0.799,0.0036908748503416467
2024-04-01,0.0037500000000000033,0.012453300124532874,0.016249999999999876,0.012453300124532874,0.0,0.8461538396449692,-0.0037174721189591107,0.012437810943726512,0.24999999937500347,0.004981320049813205,0.0012315270935959234,39357,39312,,1.764626576454241,2.789406775201453,-0.3943945675812313,1.221853883195743,0.011292104516448685,1.1512468615516902,0.8,0.004951145506813242
2024-04-02,0.0,-0.00861008610086088,0.014760147601475893,-0.004920049200491873,-0.003708281829419039,0.41666666319444834,-0.011097410604192365,0.006234413964309928,0.162790697295833,-0.004920049200491873,0.0012422360248447216,39360,39403,,0.9724997494237083,2.431356000615984,2.872961833960786e-05,0.9451619259702662,0.009600686635147682,1.2499105877570653,0.813,0.0023957297424208376
2024-04-03,0.0,-0.014888337468982642,0.018610421836228304,-0.007444168734491321,-0.0087390761548065,0.13333333244444445,-0.013681592039801006,0.010088272382082193,0.29999999925,-0.011166253101736983,-0.0012578616352201268,39408,39418,,1.6409385045938731,1.387836568829317,-0.4692911110068349,0.8997149185984611,0.010399408723405307,1.4423896833674277,0.806,0.003570650025808585
2024-04-08,-0.002518891687657433,-0.01767676767676769,0.02141057934508818,-0.010101010101010109,-0.007653061224489803,0.11764705813148789,-0.01645569620253166,0.003821656050468582,0.4117647046712803,-0.007575757575757582,-0.0012836970474967917,39456,39501,,1.0611168591090545,2.8638797155679083,-0.16058070506006825,1.2595346831184562,0.010552392076362754,1.6110091167839493,0.794,0.00395131792656209
2024-04-09,-0.0025706940874036014,0.011597938144329906,0.017994858611825208,0.003865979381443302,0.007702182284980751,0.9285714219387756,-0.007702182284980751,0.016817593788251296,0.19565217348771266,-0.002577319587628868,0.0012755102040816336,39531,39507,,1.097542688749416,2.335739840363478,-0.25865766460439765,1.0402650314541593,0.012031403276374515,1.163621529595719,0.778,0.004167279577492607
2024-04-10,0.0012738853503184724,-0.016539440203562353,0.024203821656050974,-0.016539440203562353,-0.0012919896640826885,0.26315789335180056,-0.015364916773367491,0.006501950584330051,0.36111111010802466,-0.008905852417302806,-0.0012919896640826885,39552,39586,,1.0870745126245327,4.036637033779217,-0.21480715613581802,2.015606601746933,0.010607321789544401,1.7912155582577585,0.785,0.0028359814424861007
2024-04-11,-0.002587322121604142,0.003891050583657591,0.016817593790426924,0.0051880674448767875,-0.002577319587628868,0.30769230532544384,-0.010230179028133002,0.010335917311326118,0.06976744169821525,0.009079118028534379,-0.0012903225806451624,39630,39600,,1.5415245489961855,3.8719818057929696,-0.512544744104749,2.1188029840768556,0.013801368591724558,0.9419355638107795,0.773,0.0024857291087408582
2024-04-12,0.002583979328165377,-0.003865979381443302,0.014211886304909573,0.002577319587628868,-0.005148005148005152,0.09090909008264464,-0.011508951406649625,0.007731958761890218,0.07317073152885187,0.003865979381443302,-0.0025806451612903247,39678,39693,,0.8398353012282573,3.627252048390404,-0.10599574267894381,1.5951719547955163,0.0120616486474679,0.9119814571212115,0.774,0.003606563605463525
2024-04-15,0.0,0.01552393272962485,0.02457956015523935,0.019404915912031064,-0.0038071065989847747,0.7368421013850415,-0.013924050632911404,0.018041237111077177,0.19354838678459937,0.005174644243208284,0.007702182284980751,39707,39696,,1.9128955727820525,3.133750828758806,-0.47080476925991344,1.5786110759785208,0.018288842801457258,1.0388847507944907,0.773,0.0075291616927401035
2024-04-16,-0.006369426751592362,-0.015384615384615398,0.022929936305732503,-0.008974358974358982,-0.006468305304010355,0.11111111049382716,-0.017902813299232753,0.009079118027356801,0.22641509391242434,-0.007692307692307699,-0.005181347150259072,39744,39790,,1.8270529919563452,2.975498205953883,-0.46156364324882554,1.534803428112324,0.012606143140868336,1.427875255426666,0.785,0.003040270819599779
2024-04-17,0.005208333333333338,0.016839378238341984,0.020833333333333353,0.011658031088082912,0.006410256410256416,0.9374999941406249,-0.006393861892583125,0.015503875966989177,0.33333333247863245,0.009067357512953376,0.002554278416347384,39838,39792,,1.5609048269511003,3.838958871996719,-0.3702630985207111,1.619379181512631,0.009739016751450044,1.6428763030241365,0.768,0.003036235624416531
2024-04-18,-0.003821656050955417,-0.0012787723785166252,0.022929936305732503,0.0076726342710997505,-0.008883248730964475,0.3333333314814815,-0.015151515151515164,0.017994858609512245,0.016393442596076325,0.0,-0.0038265306122449013,39855,39841,,2.505051783798129,3.3422106161832907,-0.4999941087372709,1.5392820103255866,0.015086391661107642,1.193128236693653,0.785,0.004403423154027811
2024-04-19,-0.006402048655569788,-0.014175257731958775,0.016645326504481448,-0.012886597938144341,-0.00260756192959583,0.07692307633136096,-0.012903225806451623,0.006535947711563934,0.30555555470679013,-0.005154639175257736,-0.0013054830287206277,39888,39909,,1.6819859057636322,3.1712208253571994,-0.47466421685577365,1.2571208103609735,0.01024083595810186,1.2694276059341159,0.781,0.003154139093842335
2024-04-22,-0.007843137254901968,0.009222661396574449,0.02222222222222224,0.01054018445322794,-0.002604166666666669,0.7647058778546713,-0.005201560468140447,0.018543046355159878,0.14285714256559767,0.009222661396574449,-0.001303780964797915,39942,39936,,2.046126542796634,5.390387367626223,-0.4334666477096426,2.645812459514232,0.013549675133237318,1.2546426174332992,0.765,0.005578708205941632
2024-04-23,0.0026109660574412555,-0.006510416666666672,0.014360313315926906,-0.010416666666666676,0.003947368421052635,0.36363636033057856,-0.011703511053316004,0.006578947367555407,0.11904761876417233,-0.0039062500000000035,0.0013123359580052504,39984,40000,,1.0324116732007895,2.9526928309255167,-0.2651097010349525,1.767288374832636,0.011041937241371681,0.9962019942628599,0.766,0.00271462356342035
2024-04-24,0.0026212319790301464,0.01045751633986929,0.015727391874180877,0.0026143790849673227,0.009138381201044394,0.9166666590277779,-0.0039062500000000035,0.013106159893433018,0.22857142791836735,0.0,0.0038961038961038996,40076,40034,,0.6863869797983064,2.7311718788333232,0.17698065012043127,2.1010570383922245,0.009513296433643419,1.2613924056253747,0.763,0.0032202999748596256
2024-04-25,-0.0038809831824062127,-0.0025974025974025996,0.01293661060802071,0.0012987012987012998,-0.003891050583657591,0.299999997,-0.010322580645161299,0.011749347256951792,0.04878048768590125,-0.0038961038961038996,0.001303780964797915,40095,40083,,1.8589685180038924,3.7367317439621144,-0.4361152615438658,1.6508628974431792,0.009449125828557954,1.0582989448555402,0.773,0.0029692058505765002
2024-04-26,0.0,0.024739583333333356,0.027343750000000024,0.019531250000000017,0.005108556832694768,0.9047619004535147,-0.0038363171355498753,0.019404915909520724,0.36538461468195266,0.013020833333333344,0.0,40159,40128,,1.384201027306517,1.9894228360452813,-0.4529261535532575,1.4229479624204202,0.013230381185220505,1.5872558429936452,0.768,0.0038057004998800817
2024-04-29,0.0038119440914866614,0.02784810126582281,0.035578144853875365,0.026582278481012682,0.0,0.857142854081636,-0.008578431372548892,0.027707808560741974,0.3793103441736101,0.012658227848101276,-0.002457002457002323,40196,40176,,2.678940799269878,4.134843645963873,-0.6842522006059811,1.905495546379041,0.013565483546471782,2.064062051136848,0.787,0.004637828000478509
2024-04-30,-0.0024630541871921204,-0.007407407407407414,0.013546798029556661,-0.008641975308641983,0.0012453300124533012,0.2727272702479339,-0.009876543209876552,0.007481296757171915,0.149999999625,-0.003703703703703707,-0.0012422360248447216,40224,40245,,1.4622276155793013,2.6927606523499503,-0.3245945720582952,1.4958572640381675,0.010369673037002656,1.0607856057437457,0.812,0.0030169183446933315
2024-05-06,0.016169154228855596,-0.004895960832313346,0.013681592039800869,-0.0012239902080783366,-0.002453987730061352,0.2727272702479266,-0.012180267965895126,0.006165228112679865,0.07843137239523329,0.0012239902080783366,-0.0012285012285012298,40273,40303,,1.5220182414894041,6.614764068472141,-0.36430544372565943,3.2391521075835166,0.012358231812991833,0.8900949648335968,0.804,0.0051902245744768075
2024-05-07,-0.0012300123001228657,-0.00738916256157636,0.014760147601475893,-0.00862068965517242,0.0012422360248447216,0.16666666527777935,-0.012269938650306624,0.0037267080740712192,0.17647058771626412,0.0036945812807880436,0.0012422360248447216,40326,40343,,1.5955202634381154,2.6944466846217785,-0.31115389357163586,1.4706128599311368,0.009358407853134713,1.2822693838624928,0.813,0.004450767842205845
2024-05-08,-0.002481389578163774,-0.00870646766169155,0.011166253101736983,-0.007462686567164185,0.0,0.11111110987654323,-0.00870646766169155,0.004999999999375004,0.23333333255555555,0.0,-0.0012531328320802015,40368,40392,,1.2521104517184296,4.363250929799368,-0.25461076672978,2.323366277991174,0.008830520466495158,1.019192462350169,0.806,0.003402341959729009
2024-05-09,0.0,0.02258469259723953,0.02383939774153062,0.017565872020075295,0.004932182490752025,0.9473684160664817,-0.004938271604938276,0.017478152307430817,0.374999999218752,0.016311166875784204,0.0,40457,40416,,1.1880457313904385,2.5671405233329816,-0.3396953515872468,1.3462606725652828,0.012571350375023155,1.5113730253363977,0.797,0.003968250120196114
2024-05-10,0.0,-0.0134969325153373,0.018404907975460003,-0.015950920245398653,0.002493765586034915,0.19999999866666815,-0.012330456226880405,0.004993757802123131,0.29729729649378805,-0.014723926380367977,0.002493765586034915,40464,40470,,1.794983158236259,2.9372277315369213,-0.5264522346771331,1.6541290285102068,0.009688444261096206,1.5482361709411434,0.815,0.002461796099347953
2024-05-13,-0.007462686567164185,0.0,0.01492537313432837,0.002506265664160403,-0.0025000000000000022,0.4166666631944445,-0.00870646766169155,0.007518796991539004,0.0,0.0037593984962406048,0.0012547051442910926,40520,40512,,1.5280563645774696,6.409338845014577,-0.3240518206685418,3.691565574048629,0.010365347172150898,1.157703614257191,0.804,0.003123517465174794
2024-05-14,0.0037593984962406048,-0.006242197253433213,0.012531328320802015,-0.003745318352059928,-0.0037546933667083884,0.09999999900000002,-0.011194029850746278,0.005025125627509411,0.13888888850308642,-0.004993757802746571,-0.0012547051442910926,40560,40566,,1.5638544144367634,4.316584919830409,-0.3880977528906973,2.101256908335647,0.010008734010730809,0.9991273511081251,0.798,0.0027779087668839304
2024-05-15,-0.001256281407035177,-0.013836477987421394,0.015075376884422124,-0.0037735849056603804,-0.010101010101010109,0.0,-0.013836477987421394,0.005056890012002926,0.26829268227245684,0.0,-0.00633713561470216,40608,40653,,0.8594862178736848,3.9267685035220534,0.04169920356329777,1.8635616674265858,0.010496449129124825,1.1432437520588616,0.796,0.003076542071589404
2024-05-16,0.0025510204081632673,-0.006361323155216291,0.014030612244897971,0.0025445292620865164,-0.010139416983523455,0.18181818016528928,-0.010152284263959399,0.005102040815675764,0.1428571424489796,0.0,-0.0012787723785166252,40656,40699,,1.3400647309317686,3.9200783441847524,-0.20783369345232636,2.0842499582135674,0.00875370895829815,1.256610189662686,0.784,0.001677005263319619
2024-05-17,-0.002560819462227915,0.01412066752246471,0.017925736235595405,0.0038510911424903755,0.010230179028133002,0.9999999928571429,-0.007623888182973323,0.015424164522439067,0.21999999956,0.008985879332477542,0.006369426751592362,40750,40705,,1.3461493736198011,3.1827435870095564,-0.258115389712405,1.26818747385014,0.010619156191784383,1.3183721583259165,0.781,0.003918801922533429
2024-05-20,-0.0012658227848101277,0.0,0.013924050632911404,0.0,0.0,0.36363636033057856,-0.010062893081761014,0.007604562736678769,0.0,0.00633713561470216,0.0012690355329949248,40759,40752,,2.260699631182641,3.876452343757424,-0.6291789834820757,1.4251803902754439,0.010409987358699262,1.0566775458319784,0.79,0.0035776121224367174
2024-05-21,-0.002534854245880864,-0.0050825921219822155,0.011406844106463887,-0.0012706480304955539,-0.0038167938931297743,0.11111110987654323,-0.008871989860583024,0.002547770700312388,0.15384615325443787,-0.0012706480304955539,-0.0012755102040816336,40800,40840,,0.9407041133900873,2.9310069184140946,-0.053117124211998476,0.8750032111525459,0.007114193287303389,1.2650766587343822,0.789,0.001669954668171143
2024-05-22,0.001277139208173692,0.006377551020408169,0.01787994891443169,-0.0051020408163265345,0.011538461538461548,0.7857142801020409,-0.008917197452229308,0.017994858609512245,0.13888888850308642,0.0,-0.0012658227848101277,40887,40865,,0.7759019417279088,1.4434633831220023,0.13925613399698292,1.0510886041753598,0.010504509638816738,1.3327609139402843,0.783,0.0035702793372322677
2024-05-23,-0.002534854245880864,-0.012706480304955537,0.017743979721166047,-0.008894536213468876,-0.00512163892445583,0.1428571418367347,-0.012738853503184724,0.00641848523666002,0.22727272675619833,-0.006353240152477769,-0.0012853470437018007,40896,40939,,1.2350707500466995,3.127539974205904,-0.25826287927370034,1.4129864351690897,0.009407824099944388,1.4881230455053327,0.789,0.0028959157816994528
2024-05-24,-0.001287001287001288,-0.019329896907216513,0.02702702702702705,-0.006443298969072171,-0.01297016861219197,0.04761904739229025,-0.023106546854942255,0.003896103895597912,0.4838709661810614,0.001288659793814434,-0.0039267015706806315,40947,40989,,0.8992827621512567,2.171683433231652,0.0677158555333283,0.8516593221945076,0.009049440478981359,2.3205854347257193,0.777,0.001717887598256279
2024-05-27,-0.001314060446780553,0.01578947368421054,0.02628120893561106,-0.006578947368421058,0.02251655629139075,0.94999999525,-0.010512483574244424,0.02656042496327221,0.19672131115291588,-0.005263157894736846,0.0025974025974025996,41037,41002,,0.7919301405720014,3.2331154954552552,-0.0934156341463821,1.2071662938704644,0.01597271759823522,1.2521350704276055,0.761,0.005831719659381846
2024-05-28,-0.002590673575129536,-0.0012987012987012998,0.015544041450777216,0.005194805194805199,-0.007741935483870975,0.0833333326388889,-0.015384615384615398,0.012987012985326373,0.022222222172839506,0.012987012987012998,-0.0012987012987012998,41044,41040,,2.240898815239066,3.652278490253196,-0.5538857700539648,1.9034755933388814,0.01154542390240088,1.0393728283607948,0.772,0.003796372383331593
2024-05-29,-0.0013003901170351116,0.0013020833333333346,0.013003901170351117,0.0039062500000000035,-0.003886010362694304,0.3999999960000001,-0.011627906976744196,0.005228758169251147,0.027027026953981008,0.007812500000000007,0.0013020833333333346,41088,41125,,1.6792602997781636,5.058702466964134,-0.3777116463928432,2.7231832611252487,0.011602431246817646,0.8618883147059382,0.769,0.003578420336270543
2024-05-30,-0.0013003901170351116,0.01171875000000001,0.0221066319895969,0.01171875000000001,0.0,0.7647058778546713,-0.0051282051282051325,0.016949152540163097,0.16666666635802468,0.010416666666666676,-0.0012853470437018007,41168,41136,,1.801711056632843,2.564705492523292,-0.4884586783701657,1.4385564448404478,0.012641992996320482,1.3447246704277946,0.769,0.002995124616409912
2024-05-31,0.001287001287001288,0.0,0.01415701415701417,0.0025706940874036014,-0.0025641025641025663,0.2727272702479339,-0.010191082802547779,0.008997429304756123,0.0,0.008997429305912604,0.0,41189,41229,,1.5742165089005498,2.947844747833859,-0.3259151387414337,1.742775387654495,0.010413444649796646,1.0563267261023128,0.777,0.0029375505123942257
2024-06-03,0.0,0.008997429305912604,0.017994858611825208,0.005141388174807203,0.0038363171355498753,0.6428571382653062,-0.013924050632911404,0.01673101672886346,0.1320754714489142,0.008997429305912604,0.006410256410256416,41240,41232,,2.1743711078935424,1.4486375214635228,-0.5647279825891571,1.5429013203213133,0.01341156024856022,1.0438755548307967,0.778,0.003931033832212962
2024-06-04,-0.0012738853503184724,0.006377551020408169,0.012738853503184724,0.0,0.005095541401273889,0.7999999920000002,-0.005089058524173033,0.011508951405177893,0.1428571424489796,0.0025510204081632673,0.0025412960609911077,41323,41282,,1.1923810374496464,2.3580209802054646,-0.13263721418827792,1.4232743657488973,0.010498532531966812,0.9525140655896207,0.785,0.0034108299892142706
2024-06-05,-0.001267427122940432,0.0,0.015209125475285183,0.005076142131979699,-0.005050505050505054,0.1666666652777778,-0.011306532663316592,0.005050505049867365,0.0,0.010152284263959399,-0.0025316455696202554,41334,41328,,1.7546931050698935,2.909624355093238,-0.4512932746357661,1.8881670593634843,0.010356380737577749,1.1587059406369502,0.789,0.002697739832964585
2024-06-06,0.005076142131979699,-0.01641414141414143,0.02284263959390865,-0.006313131313131318,-0.008905852417302806,0.11111111049382716,-0.018891687657430746,0.008928571427432587,0.22807017503847338,-0.0012626262626262636,-0.0012820512820512831,41376,41418,,1.4247426192862396,4.304709058218433,-0.3280431683153833,2.262013828779269,0.013354336388857885,1.3478767750848732,0.788,0.004215405274927127
2024-06-07,0.0,-0.005134788189987167,0.023106546854942255,-0.007702182284980751,0.002587322121604142,0.38888888672839506,-0.020408163265306138,0.01041666666531034,0.0655737703843053,0.0038510911424903755,-0.001288659793814434,41427,41456,,1.4500474759484838,3.2670277730376895,-0.3661642473528715,1.6189913038681223,0.014571557883837452,1.235283146796337,0.779,0.004107859590472479
2024-06-11,-0.0012903225806451624,0.02583979328165377,0.029677419354838735,0.015503875968992262,0.0076142131979695495,0.9565217349716446,-0.0038071065989847747,0.024484536079319025,0.43478260775047256,0.0038759689922480654,0.002525252525252527,41518,41472,,0.9652016604896139,2.0257480853375847,0.20315492729854323,0.9867502115288207,0.010250365907504033,2.243822316506777,0.775,0.0034948449806914274
2024-06-12,0.0037783375314861495,-0.00501882057716437,0.010075566750629731,-0.00501882057716437,0.0012626262626262636,0.24999999687500005,-0.00876095118898624,0.007575757574801047,0.09523809501133787,-0.0012547051442910926,-0.0012594458438287164,41520,41543,,2.807579252364459,10.744444601458122,-0.4408066302730203,4.995891428785948,0.012265893432597414,0.6522150203521239,0.794,0.006100944027444135
2024-06-13,0.00252206809583859,0.0012578616352201268,0.013871374527112243,0.0037735849056603804,-0.0037546933667083884,0.2727272702479339,-0.008717310087173108,0.011335012593030864,0.02173913038752363,0.0037735849056603804,-0.0037546933667083884,41599,41583,,1.07427108690422,1.7655699774848455,-0.22066307881461852,2.546827330705086,0.009648757540238785,1.1400431444278443,0.793,0.0018886518114071267
2024-06-14,-0.002512562814070354,-0.0037783375314861495,0.007537688442211062,-0.006297229219143582,0.002534854245880864,0.49999999166666687,-0.006305170239596474,0.006345177664169399,0.061224489670970425,-0.006297229219143582,0.0012658227848101277,41616,41618,,1.1931153996842754,3.5914370522271266,-0.25112114377375566,2.3081603723516615,0.012184442646542927,0.4924312194500956,0.796,0.004875774727156356
2024-06-17,-0.003792667509481672,0.0076142131979695495,0.013906447534766131,0.008883248730964475,-0.0012578616352201268,0.7272727206611571,-0.005025125628140708,0.010152284262671039,0.13043478232514177,0.005076142131979699,0.002525252525252527,41675,41664,,2.1207532597551246,3.5439242425769195,-0.5770850762495217,1.304692295685383,0.01066113946553481,1.0317846354399733,0.791,0.0030417248572156977
2024-06-18,0.0,0.0,0.015113350125944598,0.005037783375314866,-0.005012531328320806,0.4166666631944445,-0.011264080100125166,0.005063291138599588,0.0,0.002518891687657433,0.001261034047919295,41715,41747,,1.6495791344472728,2.980100162715231,-0.5564595091645673,1.1028814309031123,0.010361895029208814,1.158089311884039,0.794,0.0036672670799675526
2024-06-19,0.0,-0.008816120906801015,0.016372795969773313,-0.010075566750629731,0.0012722646310432582,0.30769230532544384,-0.011335012594458448,0.008917197451093359,0.17073170690065437,-0.006297229219143582,-0.002534854245880864,41760,41771,,1.3735730038950296,2.7943498075588096,-0.39453002024104655,0.9071504022874655,0.00917837854176086,1.4163721619471106,0.794,0.002390966003041179
2024-06-20,0.0025412960609911077,0.002534854245880864,0.021601016518424415,0.013941698352344751,-0.01125000000000001,0.2941176453287197,-0.013715710723192031,0.016476552596137332,0.03333333327777778,0.002534854245880864,-0.00252206809583859,41823,41808,,2.2577684926349773,3.1081849143044606,-0.4917535372572315,1.910492505721572,0.015303397107270477,1.1108644551108888,0.787,0.005204992659134357
2024-06-21,-0.005056890012642229,0.010165184243964431,0.020227560050568916,-0.0012706480304955539,0.010165184243964431,0.9374999941406249,-0.005076142131979699,0.019230769228303763,0.15094339594161624,0.0012706480304955539,0.00252206809583859,41903,41856,,1.2253946530495943,7.20612061213274,-0.29658702528312336,3.7994767495167596,0.014984667555886151,1.0677580822898685,0.791,0.004629609241757977
2024-06-24,-0.0025157232704402536,-0.023959646910466603,0.03396226415094342,-0.01008827238335436,-0.015267175572519097,0.07407407379972565,-0.030112923462986222,0.005102040815675764,0.36538461468195266,0.0037831021437578845,-0.007692307692307699,41906,41949,,1.5927404052135052,2.9811969427649974,-0.2528223128500536,1.0137586976244573,0.01342190813004301,2.0116364631047325,0.795,0.0032587468517434907
2024-06-25,-0.0012919896640826885,-0.028460543337645562,0.034883720930232585,-0.020698576972833137,-0.00792602377807134,0.1481481475994513,-0.027272727272727296,0.00801068090680766,0.33846153794082845,-0.011642949547218638,-0.0026560424966799493,41952,41991,,1.3091160086574496,2.7007849083607516,-0.4014632659659014,1.8921537556293238,0.015555788986880861,1.735688228298927,0.774,0.004746268198126234
2024-06-26,0.0,0.017310252996005342,0.026631158455392833,-0.0013315579227696417,0.017310252996005342,0.84999999575,-0.010582010582010592,0.024064171119777537,0.20634920602166795,0.003994673768308925,0.0013106159895150732,42042,42017,,0.741291855630022,2.846268766281559,0.0488908518445136,1.8324643571631158,0.013932257691699711,1.43551750900814,0.751,0.005246095487576655
2024-06-27,-0.005235602094240842,-0.013157894736842117,0.017015706806282737,-0.00789473684210527,-0.003984063745019924,0.07692307633136096,-0.013175230566534926,0.007978723403194325,0.23809523752834466,-0.005263157894736846,-0.002659574468085109,42048,42085,,1.3141141135673402,3.008192061011143,-0.31556776200633185,1.183239394579717,0.009967193651822113,1.3042788495631952,0.764,0.002933907257007428
2024-06-28,-0.0013333333333333346,-0.005340453938584785,0.021333333333333353,0.005340453938584785,-0.010624169986719797,0.12499999921874999,-0.018445322793148897,0.010652463380738697,0.09523809501133787,0.01068090787716957,0.0,42100,42136,,1.0434779980192972,1.7873178257772813,-0.25289709968116864,1.0432101073713027,0.01151636880922861,1.3893268031018404,0.75,0.004624391587231822
2024-07-01,0.0,-0.002684563758389264,0.021476510067114114,-0.014765100671140953,0.010884353741496608,0.6874999957031249,-0.020053475935828895,0.017735334240418114,0.035087719236688214,-0.005369127516778528,0.0,42144,42162,,1.3910819800410632,1.8988569744330532,-0.5064229882126892,1.0219902448180072,0.015639347305283033,1.0230605910445567,0.745,0.0059870624260898704
2024-07-02,-0.0026917900403768532,-0.012145748987854262,0.016150740242261118,-0.008097165991902841,-0.004081632653061228,0.1666666652777778,-0.012162162162162173,0.005434782607957236,0.2249999994375,-0.0040485829959514205,-0.0013642564802182823,42192,42234,,1.3754174748685386,1.8084452230756984,-0.27432000930656536,1.0369967316932072,0.010685557892398874,1.1230110779929472,0.743,0.0039765651958059015
2024-07-03,0.0013661202185792363,0.0013642564802182823,0.02185792349726778,0.0068212824010914115,-0.006765899864682009,0.562499996484375,-0.00811907983761841,0.016506189818912505,0.023255813899405082,-0.004092769440654847,-0.001360544217687076,42267,42242,,1.8457429231895546,3.0763784057832355,-0.4568021191588347,1.184016598845861,0.013312163583925894,1.2019082982971143,0.732,0.005595042534680883
2024-07-04,0.001362397820163489,-0.016326530612244913,0.021798365122615824,-0.010884353741496608,-0.005502063273727653,0.062499999609374995,-0.018995929443690655,0.004087193459933629,0.272727272107438,-0.002721088435374152,0.0,42290,42328,,0.771787871508237,1.63728894252509,0.13268330083322302,0.44235019760879796,0.011579531482985001,1.381748465845584,0.734,0.0034129861494875285
2024-07-05,-0.0027662517289073333,0.01386962552011097,0.024896265560165998,-0.002773925104022194,0.015277777777777791,0.8888888839506173,-0.006934812760055485,0.020949720667465144,0.1923076919378698,-0.002773925104022194,0.002743484224965709,42373,42349,,0.9116171566430555,2.7802971492960125,-0.1690263150446008,1.1343930601891452,0.012932598049224057,1.3918316947843925,0.723,0.004081894565651974
2024-07-08,-0.002735978112175105,-0.006858710562414273,0.020519835841313287,0.0,-0.006858710562414273,0.19999999866666668,-0.01634877384196187,0.006858710561473434,0.13513513476990505,0.0041152263374485635,0.0013831258644536667,42386,42428,,1.2178799212478837,3.543950909306969,-0.22728070523932176,1.804354426610959,0.012871446575757636,1.1653701699476673,0.731,0.003390771174763416
2024-07-09,-0.002762430939226522,0.027700831024930775,0.033149171270718265,0.015235457063711925,0.010899182561307912,0.8749999963541666,-0.008219178082191789,0.027624309388449706,0.2898550720436883,0.008310249307479232,-0.0013458950201884266,42468,42432,,0.9051886926516968,1.921681866671675,-0.02428053267050602,0.8783523711281293,0.018771950032968145,1.2785032897487907,0.724,0.007291629384629385
2024-07-10,-0.0026954177897574147,0.004054054054054058,0.013477088948787075,0.00540540540540541,-0.002684563758389264,0.4999999950000001,-0.009358288770053484,0.009446693655945124,0.0714285712585034,0.006756756756756763,0.0013477088948787074,42490,42480,,1.9834813148319108,3.625684943907364,-0.5068915234403802,1.744988761741797,0.011462380989532693,0.8724190830761933,0.742,0.003718613887143886
2024-07-11,0.014804845222072692,-0.00397877984084881,0.018842530282637972,-0.005305039787798413,0.0013333333333333346,0.49999999642857146,-0.013227513227513239,0.009345794391275603,0.0681818180268595,-0.0013262599469496034,0.0013333333333333346,42536,42546,,3.395278282339571,7.027260273539176,-0.6007658458470757,3.796828751918738,0.013233590232167709,1.0579139635272934,0.743,0.004815739673062881
2024-07-12,-0.005326231691078567,0.0066934404283801935,0.014647137150466059,-0.0013386880856760387,0.008042895442359256,0.8181818107438017,-0.005340453938584785,0.012096774191922488,0.13157894702216066,-0.0026773761713520775,0.0013315579227696417,42610,42579,,1.1578755231062887,3.635656170082412,-0.26748434867185056,1.3970546857681032,0.010078097021774588,1.0914758874702222,0.751,0.003083831630506384
2024-07-15,-0.003989361702127663,-0.0013351134846461962,0.010638297872340436,0.0,-0.0013351134846461962,0.37499999531250006,-0.00798934753661785,0.0067114093950723,0.024390243842950625,0.0013351134846461962,0.0013386880856760387,42630,42634,,1.7285346478259356,3.683951631538955,-0.376622230430232,1.5655795701061936,0.011488603894207089,0.69634221912722,0.752,0.004084965778799996
2024-07-16,-0.0026737967914438527,0.02412868632707777,0.030748663101604304,0.012064343163538886,0.011920529801324515,0.9130434742911153,-0.0040000000000000036,0.02412868632384336,0.35999999928,0.004021447721179628,0.0013106159895150732,42705,42675,,0.7823883264930173,1.1371333694744268,0.03896079303754514,0.9694341952768635,0.012143020281196827,1.8940921844794862,0.748,0.0038749131608838278
2024-07-17,-0.0013089005235602106,-0.0013106159895150732,0.010471204188481685,0.0026212319790301464,-0.003921568627450984,0.12499999843750002,-0.007812500000000007,0.0065616797891651394,0.022222222172839506,0.0026212319790301464,-0.003921568627450984,42722,42728,,1.5794354382178253,4.501432487522649,-0.3867708018294216,2.2327153717297996,0.011754277647123132,0.6806032809593948,0.764,0.0027215759287743967
2024-07-18,-0.006561679790026253,0.01585204755614268,0.02887139107611551,0.0026420079260237803,0.014511873350923495,0.8181818144628099,-0.005291005291005296,0.025265957443448697,0.19999999966666665,-0.0013210039630118901,-0.0012987012987012998,42799,42772,,1.0132742788065359,3.9510348401307995,-0.2817934493187168,1.9012221755150611,0.015702744570006845,1.401028957824252,0.762,0.005121834594236094
2024-07-19,-0.005201560468140447,0.024836601307189565,0.027308192457737347,0.02222222222222224,0.0025575447570332505,0.952380947845805,-0.006377551020408169,0.02346805736330275,0.3454545448264463,0.01045751633986929,0.001277139208173692,42838,42816,,1.873087024399811,1.759859076585715,-0.48161925812066303,0.5773669779690519,0.012966897745819059,1.6195084012920706,0.769,0.0040227244047785875
2024-07-22,0.0,0.0038265306122449013,0.014030612244897971,0.0025510204081632673,0.0012722646310432582,0.5454545404958678,-0.010126582278481022,0.007672634270118595,0.06382978709823449,0.006377551020408169,0.0025477707006369447,42867,42899,,1.265279327779591,3.2800272615423753,-0.3557951721772253,1.7330207218009237,0.012837995827695287,0.8568315539242238,0.784,0.0033036652205295928
2024-07-23,-0.0012706480304955539,-0.038167938931297746,0.03939008894536217,-0.02162849872773539,-0.01690507152145645,0.032258064412070755,-0.033290653008962896,0.002567394094664008,0.6976744169821525,-0.016539440203562353,-0.006570302233902765,42912,42958,,1.0285222814067272,2.5287577397118133,-0.01984873371165498,0.9116429341859024,0.01369140889333373,2.2641935548849466,0.787,0.004073998127996324
2024-07-24,-0.002645502645502648,-0.010610079575596827,0.019841269841269858,0.0013262599469496034,-0.011920529801324515,0.06666666622222223,-0.017127799736495405,0.007989347535554022,0.14814814787379973,0.0,-0.004005340453938589,42961,43006,,1.5574941462959055,2.7472770227574896,-0.3665841882605072,0.9339748147480962,0.012986653632074812,1.1550319512217826,0.756,0.005623994748276471
2024-07-25,-0.004021447721179628,0.006729475100942133,0.02010723860589814,0.016150740242261118,-0.010582010582010592,0.39999999733333336,-0.011904761904761915,0.01612903225589665,0.09433962246351014,0.006729475100942133,-0.0013351134846461962,43029,43008,,2.1329534083533357,2.6079918988583097,-0.4698622184664235,1.2778580854016577,0.01617623799589159,0.9272860544634096,0.746,0.006421771526225296
2024-07-26,0.0013368983957219264,0.005340453938584785,0.018716577540106968,0.006675567423230981,0.0,0.6428571382653062,-0.00930851063829788,0.01610738254817352,0.07999999984,0.0026702269692923924,0.0013297872340425545,43078,43068,,2.165676690708557,2.55122266891265,-0.49151343099596123,0.9632728442231115,0.012223332624923864,1.1453504796980167,0.748,0.004911590096669534
2024-07-29,0.0013280212483399746,-0.018567639257294447,0.021248339973439594,-0.00397877984084881,-0.014647137150466059,0.062499999609374995,-0.018567639257294447,0.00401069518662959,0.34146341380130873,-0.0026525198938992067,-0.00537634408602151,43104,43151,,0.5979449041304576,2.31302479126313,0.27008956475696405,4.487027931256484,0.010776952052909442,1.4846498131366865,0.753,0.0032150086211848367
2024-07-30,-0.002702702702702705,0.006775067750677513,0.017567567567567582,0.004065040650406508,0.0026990553306342805,0.7692307633136095,-0.008064516129032265,0.015006821280353789,0.0999999998,-0.005420054200542011,0.0,43167,43153,,2.2995815874343264,6.919034559377387,-0.4698618421744817,3.2290918864433538,0.0130056271092925,0.9995673250353919,0.74,0.003530995079459777
2024-07-31,-0.0013458950201884266,0.048517520215633464,0.05383580080753706,0.039083557951482516,0.009079118028534379,0.949999997625,-0.003911342894393746,0.04986522910379179,0.599999999,0.01617250673854449,0.0038709677419354873,43246,43200,,1.5549986811112477,0.980032579047925,-0.42448667398919276,0.5123947348532113,0.015186045310880096,2.633997128135933,0.743,0.0046244679260521735
2024-08-01,0.0012853470437018007,-0.006418485237483959,0.017994858611825208,-0.008985879332477542,0.002590673575129536,0.2857142836734694,-0.015325670498084304,0.012970168610509716,0.08474576256822752,0.0012836970474967917,-0.002577319587628868,43248,43269,,1.8272983338067321,6.132982875639695,-0.4778637240115713,3.822235378706833,0.014942139350228931,0.9369474864448221,0.778,0.004463141414651144
2024-08-02,-0.00904392764857882,-0.006518904823989575,0.02454780361757108,0.0,-0.006518904823989575,0.21052631468144042,-0.023195876288659812,0.005277044854185091,0.11627906949702542,0.007822685788787491,0.0,43300,43340,,1.1425062151682683,4.660774579289554,-0.16985771463665741,2.754833444541781,0.015148775942381844,1.254226740618752,0.774,0.0059932066453610286
2024-08-05,-0.007874015748031503,-0.02380952380952383,0.035433070866141766,-0.001322751322751324,-0.02251655629139075,0.0,-0.034031413612565474,0.007915567281277637,0.2727272723140496,0.0,-0.0040485829959514205,43346,43390,,1.0732344429197962,4.252989592748267,-0.3037847084852207,2.096583437167591,0.017219735612689902,1.5679683155707587,0.762,0.0072518847298930975
2024-08-06,0.012195121951219523,0.0013386880856760387,0.017615176151761534,-0.0026773761713520775,0.0040268456375838965,0.6923076869822485,-0.013351134846461962,0.013531799727532922,0.017857142825255103,-0.0013386880856760387,0.008086253369272245,43396,43418,,1.5190424479020166,6.694050015243584,-0.33699858445395064,3.486798163778865,0.01532747715023357,0.8481500111051811,0.738,0.004484098086279972
2024-08-07,0.0,-0.008021390374331559,0.013368983957219263,-0.0026737967914438527,-0.0040268456375838965,0.09999999900000002,-0.013315579227696417,0.00805369127408676,0.1395348833964305,0.0,-0.002688172043010755,43444,43478,,1.0472178608745655,2.564166240786119,-0.10186716045852666,1.0016410654176366,0.013159311247044992,0.7599181854030358,0.748,0.005172665980114261
2024-08-08,-0.004043126684636122,0.00811907983761841,0.024258760107816732,0.014884979702300419,-0.005340453938584785,0.6111111077160494,-0.009333333333333341,0.019021739127850323,0.13333333303703704,-0.004059539918809205,-0.0013404825737265427,43509,43490,,2.8286634188461033,3.5169815592936637,-0.4016491310655886,1.8603504973445288,0.01266301888919072,1.4214619764342924,0.742,0.003463313369489969
2024-08-09,0.008053691275167793,-0.011984021304926776,0.018791946308724848,-0.00798934753661785,-0.002688172043010755,0.1428571418367347,-0.014627659574468098,0.00536912751605784,0.2249999994375,-0.0013315579227696417,0.0,43536,43582,,1.286108794619392,5.899251963074057,-0.2138638197823024,2.7082396704691534,0.010881326267778536,1.2866078570583457,0.745,0.004020592589635336
2024-08-12,-0.004043126684636122,0.004059539918809205,0.009433962264150952,0.004059539918809205,0.0013495276653171402,0.7142857040816328,-0.0053835800807537065,0.008141112617619939,0.09374999970703125,0.005412719891745607,0.0013495276653171402,43589,43586,,1.5536040828729647,5.9207174784549235,-0.30286425418517193,2.3871538463818287,0.011269456215010683,0.6211479777135434,0.742,0.005337869234712418
2024-08-13,0.0,0.005390835579514829,0.012129380053908366,-0.0026954177897574147,0.008108108108108115,0.9999999888888891,-0.008064516129032265,0.010840108399615172,0.09999999975,-0.0013477088948787074,0.008108108108108115,43679,43671,,0.7919490522947603,2.2656521353259786,0.17580351389623763,1.2043409610888152,0.011322585218324535,0.7948714668048787,0.742,0.004635077059642844
2024-08-14,0.0,-0.013404825737265428,0.01474530831099197,-0.009383378016085799,-0.004059539918809205,0.09090909008264464,-0.01075268817204302,0.002710027099903793,0.5263157867036011,-0.006702412868632714,-0.004059539918809205,43680,43726,,1.1875133718866298,2.6886805667681957,-0.04192534228573685,2.002670927889564,0.007014875802215744,1.5680961649692922,0.746,0.0019320546855502746
2024-08-15,-0.0027173913043478286,0.0122615803814714,0.024456521739130457,0.01634877384196187,-0.005354752342704155,0.6111111077160494,-0.01070950468540831,0.013568521029366563,0.17647058788927336,0.008174386920980934,0.005412719891745607,43740,43728,,1.7665233983776818,2.700007944939564,-0.42065990954264426,1.4210012638993132,0.013309137280473745,1.3524542940257258,0.736,0.004620317229357861
2024-08-16,-0.0013458950201884266,-0.0026954177897574147,0.010767160161507413,-0.0013477088948787074,0.0,0.24999999687500005,-0.008053691275167793,0.006756756755843687,0.047619047505668935,0.004043126684636122,0.0,43781,43801,,1.348725878040718,4.141267086318289,-0.312178068828503,1.6390594592182983,0.012104511703622891,0.6609105868776632,0.743,0.005135951819019966
2024-08-19,0.0,-0.0013513513513513525,0.012162162162162173,0.0013513513513513525,-0.004043126684636122,0.11111110987654323,-0.012048192771084348,0.0040376850600218495,0.027027026953981008,0.008108108108108115,0.0,43825,43824,,1.4650562809882217,3.6142715108155508,-0.36758402789674455,2.213978594604524,0.011685903005808103,0.770158704766844,0.74,0.004527956567242451
2024-08-20,0.0,-0.014884979702300419,0.020297699594046027,-0.010825439783491214,-0.005464480874316945,0.19999999866666668,-0.014905149051490528,0.004098360655177823,0.29729729649379105,-0.006765899864682009,0.0,43872,43917,,1.0459400767963576,3.160953631590258,-0.1782265559453674,1.5159444128040933,0.008663805695508647,1.7313407472471365,0.739,0.0031755663314598855
2024-08-21,-0.0027472527472527496,0.0,0.012362637362637374,0.004132231404958681,-0.0041152263374485635,0.22222221975308645,-0.009562841530054654,0.0068775790912135445,0.0,0.0013774104683195606,-0.0013755158184319133,43935,43920,,2.011279790613868,3.205851787070131,-0.4403231691452045,1.2761964172531925,0.010718235773844146,0.839690421626457,0.728,0.0031427671985329287
2024-08-22,0.0013774104683195606,-0.011004126547455306,0.017906336088154288,-0.00825309491059148,-0.002773925104022194,0.15384615266272192,-0.015089163237311399,0.005517241378549351,0.23529411695501729,-0.00412654745529574,0.0013927576601671322,43970,44007,,1.137189775990213,2.0359311402269893,-0.18222843919713386,0.5757830236140277,0.011289587489609954,1.1515035333942745,0.726,0.003659089460781847
2024-08-23,-0.002781641168289293,0.004184100418410046,0.018080667593880405,-0.0027894002789400304,0.006993006993007,0.8461538396449705,-0.011157601115760122,0.016925246824129037,0.058823529296424454,-0.005578800557880061,0.0027855153203342644,44050,44033,,1.7173074532197965,3.479158635888327,-0.37280036274160583,1.279200757839382,0.013475042564361148,0.9647464816109613,0.719,0.005345280118726601
2024-08-26,-0.0027777777777777805,-0.0041782729805013965,0.013888888888888902,0.0,-0.0041782729805013965,0.19999999800000004,-0.011095700416088776,0.005610098175931268,0.08108108086194302,0.0013927576601671322,-0.0013966480446927388,44066,44095,,1.265771851079234,2.3287418069270065,-0.28827423182337747,1.264203401730178,0.010764793269790483,0.9289541987924512,0.72,0.0038339550283925283
2024-08-27,-0.0013986013986014,-0.008403361344537823,0.012587412587412599,-0.005602240896358549,-0.002816901408450707,0.3333333296296297,-0.00842696629213484,0.007082152973501118,0.1428571425170068,-0.007002801120448186,0.0,44112,44132,,1.2777677230934181,2.4276284963115304,-0.01989695835382333,1.4116087214113942,0.012821585273954895,0.7019412761765127,0.715,0.004745584971758807
2024-08-28,-0.0028248587570621495,-0.0028328611898017025,0.009887005649717524,-0.0028328611898017025,-0.0014184397163120581,0.2857142816326531,-0.005657708628005663,0.005689900425933163,0.05714285697959184,-0.0042492917847025535,-0.0014184397163120581,44176,44166,,1.5777851997207284,2.010134306866452,-0.4115586741361096,0.5792953146601348,0.009354868182447773,0.7482734966064539,0.708,0.002624513954531033
2024-08-29,-0.00426136363636364,0.017118402282453656,0.025568181818181844,0.017118402282453656,0.0,0.7777777734567901,-0.0055944055944056,0.024285714282244922,0.26086956465028355,0.004279600570613414,-0.0027972027972028,44236,44210,,1.9175017858512489,2.5531503849022523,-0.4722211216868887,0.8278509101555716,0.01253407469078483,1.4360852556292218,0.704,0.005580821630136003
2024-08-30,-0.002805049088359049,0.023909985935302414,0.03506311360448811,0.026722925457102698,-0.002739726027397263,0.71999999712,-0.009536784741144423,0.030898876400154682,0.33999999931999997,0.019690576652601988,-0.002739726027397263,44288,44256,,2.115647964730051,1.4004257740144783,-0.5822884230551503,1.5042393140103403,0.014275910500042694,1.7512017762233154,0.713,0.0038002113700839044
2024-09-02,-0.0041208791208791245,-0.030344827586206925,0.03571428571428575,-0.01655172413793105,-0.014025245441795245,0.0,-0.03168044077134989,0.0028011204477869605,0.5641025626561472,-0.008275862068965524,-0.007062146892655374,44304,44350,,1.4063743529317414,3.0193013269288436,-0.2951547140046547,1.1940581895506235,0.011669529963074009,2.22802459563235,0.728,0.004344549923276949
2024-09-03,-0.0014224751066856344,0.008547008547008555,0.018492176386913247,0.00712250712250713,0.0,0.46153845798816573,-0.00981767180925667,0.009915014162901565,0.13043478232514177,0.008547008547008555,0.0,44360,44352,,2.01519304079005,3.9786537772807664,-0.4822141233816469,2.0644334110190194,0.01396131106110642,0.9311446360579341,0.703,0.005703452023790918
2024-09-04,-0.007062146892655374,0.0028449502133712687,0.018361581920903973,0.0056899004267425375,-0.0028288543140028316,0.46153845798816573,-0.011235955056179785,0.014245014242985054,0.05128205115055884,0.004267425320056903,-0.0014164305949008512,44418,44401,,2.1781054908331727,6.234255979092633,-0.435982589582769,3.3166255692378575,0.01154708847337754,1.1258249139936658,0.708,0.005064203689334217
2024-09-05,0.0,0.0,0.018439716312056754,0.0056737588652482325,-0.0056417489421720785,0.30769230532544384,-0.014025245441795245,0.009915014162901565,0.0,0.004255319148936175,0.0014204545454545468,44460,44484,,1.0422851475452246,3.446199834366959,-0.038288323505981055,1.7927753303141893,0.013155688308253205,0.9881656965852489,0.705,0.0058827222963683855
2024-09-06,0.0014184397163120581,-0.014164305949008513,0.018439716312056754,-0.008498583569405107,-0.0057142857142857195,0.15384615266272192,-0.01697312588401699,0.005689900425933163,0.3225806441207076,0.0014164305949008512,-0.0028653295128939858,44496,44543,,0.9961786706793498,1.9350575710192663,0.04983567168937984,1.2345100966055989,0.009924693595312539,1.309864102520358,0.705,0.0038592350619973707
2024-09-09,-0.005747126436781614,-0.007225433526011407,0.01867816091954009,-0.00433526011560694,-0.0029027576197385935,0.15384615266272322,-0.017216642754662698,0.00437956204315611,0.15624999951171906,0.0,0.0014577259475218672,44544,44580,,1.5928286276324295,4.698311600894773,-0.29653043704881765,2.3035804244129503,0.011870345555968078,1.095166086714911,0.696,0.004234544793299281
2024-09-10,0.0029112081513826644,0.004354136429608132,0.02328966521106245,-0.01015965166908548,0.01466275659824032,0.7499999953124983,-0.013043478260869417,0.02055800293383862,0.055555555452675355,-0.0029027576197385935,0.0014471780028943574,44631,44615,,0.7497808808333185,2.792769317604998,-0.045598700229158406,1.0661540610540807,0.014016751419180414,1.1414913061778706,0.687,0.0048647756515219345
2024-09-11,-0.00433526011560694,0.008708272859216264,0.014450867052023135,0.007256894049346887,0.0,0.699999993,-0.005738880918220952,0.010144927534761615,0.15384615345167652,0.005805515239477509,0.0,44653,44640,,1.4509223277325638,2.487620584900758,-0.30894106394409326,0.5114474179696856,0.011128763151640138,0.8985724445639749,0.692,0.00281290258711338
2024-09-12,0.0028776978417266214,-0.010043041606886667,0.02014388489208635,-0.002869440459110476,-0.007194244604316554,0.0,-0.018492176386913247,0.004329004328379657,0.1999999994285714,0.005738880918220952,-0.004329004329004333,44689,44733,,1.768327574152494,6.16542102717697,-0.4083285600003309,2.8404577825433015,0.013272961528633212,1.054775896420765,0.695,0.004694469892989054
2024-09-13,-0.001449275362318842,-0.008708272859216102,0.018840579710144786,0.0,-0.008708272859216102,0.15384615266272322,-0.015873015873015726,0.002911208150958908,0.16666666620370216,0.004354136429608132,0.0014662756598240482,44738,44779,,0.8993555751790752,3.1007784732112578,0.07755037354094545,1.8715084385597949,0.011967969464039267,1.0862327089351584,0.69,0.0040719999118994064
2024-09-18,0.0029282576866764298,-0.01021897810218979,0.021961932650073224,-0.014598540145985413,0.005934718100890212,0.4666666635555556,-0.01754385964912282,0.014880952378737966,0.16666666626984128,-0.0072992700729927066,0.0,44784,44809,,1.036203027761052,3.248160932508168,-0.2363887091508416,1.491982942217071,0.013254185774646042,1.131717944947003,0.683,0.004198228375213598
2024-09-19,0.002949852507374634,0.004411764705882356,0.025073746312684223,0.005882352941176476,0.0,0.5882352906574433,-0.008810572687224677,0.017777777775144048,0.0714285712585034,-0.002941176470588238,0.0,44844,44836,,3.0383941487419293,3.6800287943081855,-0.5884914844941885,1.5690934074815839,0.013533559703496621,1.256136614965685,0.678,0.005481850988376061
2024-09-20,-0.0014641288433382149,-0.005865102639296193,0.01756954612005858,-0.00879765395894429,0.004444444444444448,0.4166666631944445,-0.016081871345029253,0.00891530460491601,0.10256410230111768,-0.00879765395894429,0.0,44881,44907,,1.5095433761696384,3.229193776581731,-0.3468578727745379,0.8798440709952642,0.011477003138764142,1.0455691046134257,0.683,0.002836199997915178
2024-09-23,0.0,-0.005899705014749268,0.0176991150442478,-0.002949852507374634,-0.0029585798816568073,0.0833333326388889,-0.013177159590043935,0.00737463126734888,0.09999999975,0.00442477876106195,-0.0014814814814814827,44931,44971,,1.4375538003092745,2.655310078825567,-0.4092807149554132,1.4057249560179226,0.012596534713828045,0.9526429432661768,0.678,0.004490428464721892
2024-09-24,0.008902077151335319,0.027941176470588094,0.043026706231453875,0.014705882352941025,0.01157742402315486,0.9655172380499404,-0.010309278350515472,0.04017857142259234,0.3166666661388876,-0.007352941176470594,0.007204610951008652,45023,44984,,1.4661459440611972,3.7940764029430167,-0.26110340915664215,1.8120794172308758,0.01873190310294275,1.5481608935201023,0.674,0.00881411277464404
2024-09-25,0.010014306151645218,-0.008498583569405107,0.02718168812589416,0.0028328611898017025,-0.011299435028248598,0.052631578670360106,-0.02370990237099026,0.014144271568013553,0.0895522386723101,0.01133144475920681,-0.0014265335235378045,45033,45058,,1.9570971056542568,6.656794514811056,-0.49397561997439743,4.2180655864386924,0.019871549899066393,0.9561408144252801,0.699,0.007714477466383884
2024-09-26,-0.0028571428571428597,0.04297994269340978,0.04857142857142862,0.004297994269340979,0.03851640513552072,0.9705882324394464,-0.0057142857142857195,0.045977011487647025,0.4411764699394464,0.0057306590257879715,0.00970873786407768,45119,45074,,0.6677947446597211,2.4697440678210265,0.24540808022375404,0.8176332019588927,0.017201511590323182,1.9765704672995072,0.7,0.0038310229891787536
2024-09-27,0.015109890109890124,0.07171853856562929,0.08104395604395612,0.058186738836265274,0.011494252873563229,0.9152542357368572,-0.012610340479192949,0.07307171852867778,0.52999999947,0.020297699594046027,0.007633587786259549,45147,45121,,2.394181916981322,7.359955737826705,-0.3530935270331908,2.587633905485714,0.033955471144359574,1.7375697593889434,0.728,0.022356341339587076
2024-09-30,0.07323232323232315,0.11764705882352938,0.17297979797979798,0.0494117647058824,0.06502242152466362,0.9999999992700729,-0.03578947368421044,0.15151515149678604,0.30487804868753715,-0.020000000000000018,0.018220793140407185,45204,45172,,1.4465605626284554,5.701180829053409,-0.4363489219021042,4.262145342922815,0.07550932879200453,1.8143453532204092,0.792,0.03597970192996164
2024-10-08,0.19999999999999996,0.0,0.09999999999999998,0.0,0.0,0.9999999989473685,-0.06315789473684197,0.06741573033076617,0.0,0.0,0.0,45216,45229,,3.4654907881727266,2.933878092867879,-0.5375945669576777,2.0314940665717978,0.06420456982275381,1.479645453809549,0.95,0.06260780339860032
2024-10-09,-0.0017543859649122825,-0.03690685413005256,0.17719298245614032,-0.04217926186291725,0.005504587155963307,0.4752475245172047,-0.0783487784330244,0.1358851674511116,0.06603773583867294,-0.032513181019332094,-0.036059806508355254,45296,45264,,1.7646090915019905,6.445509171945759,-0.4757291744712542,3.3264239916229417,0.12413174422068256,1.6273033228160572,1.14,0.04049673555248883
2024-10-10,-0.0045620437956205425,-0.05957836846929418,0.08394160583941612,-0.01833180568285978,-0.04201680672268901,0.28260869534499056,-0.05622119815668198,0.07638888888131058,0.18571428566122442,-0.0577451879010082,0.0009756097560976703,45312,45321,,3.0595735622585893,6.695051602945518,-0.6006160057792963,3.295323333087726,0.08537317366172728,1.0776218798749122,1.096,0.02932386679730724
2024-10-11,-0.025341130604288522,-0.049000000000000044,0.06140350877192977,-0.03400000000000003,-0.016546018614270956,0.22222222186948717,-0.05432595573440649,0.030494216610883917,0.2462311556551602,-0.031000000000000028,0.002107481559536356,45360,45404,,1.617833015380694,4.596901735836047,-0.42621977432725977,2.3145236216915377,0.039308708513595476,1.6026982880381497,1.026,0.010377216969578966
2024-10-14,-0.002103049421661411,0.02634351949420445,0.06624605678233433,0.001053740779768178,0.024185068349106227,0.8730158716301334,-0.029411764705882262,0.05844155843523353,0.12376237617635552,-0.01791359325605891,0.006198347107438022,45436,45415,,1.0505007582559058,4.109811659510954,-0.3445731436238211,2.1464616961890783,0.03783971600697,1.6649173535526463,0.951,0.012812954468301213
2024-10-15,-0.00924024640657085,-0.019689119170984475,0.04722792607802879,0.012435233160621773,-0.03271983640081803,0.02173913038752363,-0.04444444444444449,0.02910602910300356,0.11874999992578124,0.005181347150259072,-0.009424083769633516,45466,45503,,1.5588008334491605,3.599585986659998,-0.4543372295605222,1.654563856244633,0.028129437050720817,1.6352975622486385,0.974,0.008722002629401959
2024-10-16,-0.02748414376321344,0.003260869565217394,0.031712473572938604,0.013043478260869577,-0.008592910848549953,0.26666666577777876,-0.021276595744680753,0.01952277657055057,0.022388059684785102,0.015217391304347839,-0.003239740820734344,45524,45504,,1.7798348143699168,6.541115762235859,-0.3868664621494694,4.831452890430589,0.031541179148725326,0.9511375514348375,0.946,0.011469543229318325
2024-10-17,0.020585048754062734,-0.016985138004246184,0.024918743228602283,-0.004246284501061575,-0.012793176972281344,0.043478260680529505,-0.0221752903907074,0.011752136750881072,0.1632653059558528,0.0,-0.003229278794402586,45558,45597,,1.5304805966394748,5.67855197377163,-0.3944314368068912,3.5563402036988534,0.019930747618532356,1.153995842243974,0.923,0.005630373163556054
2024-10-18,0.0,0.12419006479481629,0.18466522678185748,0.022678185745140286,0.0957894736842105,0.6900584791286198,-0.04503676470588249,0.17367853288309834,0.3560371515925577,0.002159827213822896,-0.00951474785918174,45643,45600,,0.33001687125030976,0.8014541107369535,0.5074209783904391,0.8752120761228088,0.07173089651145408,2.38390997572857,0.926,0.04406775740167315
2024-10-21,0.00864553314121049,0.0,0.08837656099903947,0.045714285714285756,-0.043715846994535554,0.26086956493383745,-0.060089686098654664,0.07833655705238521,0.0,-0.01523809523809525,-0.00756143667296787,45672,45653,,1.8881958891397739,5.148427203687601,-0.5636704477717065,3.249335020036394,0.05847164105987712,1.5734123102248396,1.041,0.017875864234935382
2024-10-22,-0.018095238095238216,0.005819592628516009,0.03333333333333326,0.010669253152279458,-0.0047984644913628745,0.48571428432652897,-0.024785510009532913,0.023460410554891478,0.03947368418455667,0.0019398642095053366,-0.009551098376313285,45706,45730,,1.3189519871869786,5.7826705049014215,-0.36960943234523286,3.693296932811185,0.030064967923561572,1.1641455920581993,1.05,0.011854899643386348
2024-10-23,-0.006750241080038472,0.0019417475728155356,0.03182256509161034,0.009708737864077678,-0.007692307692307699,0.24242424168962431,-0.022792022792022814,0.026315789471119233,0.02061855667977485,-0.0019417475728155356,-0.004821600771456021,45770,45744,,0.9284687745448593,2.8756593699231443,-0.23698067675246157,1.498910025214821,0.017598730946238515,1.8751351965830065,1.037,0.004957368057632096
2024-10-24,-0.007751937984496131,0.004882812499999896,0.019379844961240327,0.01171875000000001,-0.007714561234329805,0.44999999774999444,-0.010607521697203375,0.013685239490353362,0.0666666665777768,0.0009765624999998924,0.001947419668938658,45812,45792,,2.0824310356618034,4.600949890901753,-0.5462169779913804,2.622533245790089,0.01572723215313297,1.271679573245692,1.032,0.0036392602435179723
2024-10-25,0.004859086491739666,0.010638297872340328,0.0417881438289603,0.01740812379110253,-0.006653992395437374,0.46511627798810046,-0.022598870056497192,0.03407984420310824,0.09243697471223665,-0.00386847195357834,0.004807692307692205,45864,45847,,1.0574226224941168,1.9793102776454536,-0.16777968665942145,2.0859674036283384,0.021721750471407345,1.9795826242753045,1.029,0.00718597215354356
2024-10-28,-0.004784688995215209,-0.0009615384615385691,0.01531100478468901,-0.0019230769230769247,0.0009633911368014353,0.7499999953125,-0.008637236084453088,0.0126336248772952,0.012987012970148122,-0.005769230769230774,0.002895752895752791,45897,45892,,1.7861613408602293,5.069286018058718,-0.4666210708893671,2.954486748448087,0.014762438538128243,1.0838317700894902,1.045,0.004504061242400743
2024-10-29,0.0009624639076035727,-0.011538461538461548,0.03272377285851784,-0.0009615384615385691,-0.009633911368015422,0.05882352923875432,-0.03024574669187148,0.018286814242705916,0.12631578934072038,0.0028846153846152803,-0.0038759689922480654,45951,45982,,1.7443492178617275,2.381187470365172,-0.4825294756445305,1.1318471337986222,0.017349250245804766,1.9597388545506573,1.039,0.005978079074709315
2024-10-30,-0.007782101167315182,-0.011764705882352951,0.027237354085603138,-0.013725490196078443,0.0019880715705765427,0.35714285586734695,-0.02439024390243894,0.014999999998499903,0.11764705870818942,0.002941176470588129,0.0029850746268657853,45986,46012,,1.0738373670904444,3.37990250580267,-0.2036310697626153,1.571382875049767,0.019213493692822325,1.4573091339827071,1.028,0.007161690600540337
2024-10-31,-0.0019841269841269858,0.013916500994035798,0.030753968253968172,0.011928429423459255,0.0019646365422396873,0.7096774170655592,-0.017560975609756113,0.026999999997299913,0.11290322571540062,0.0029821073558647035,-0.0068159688412851955,46046,46033,,1.3798843847304072,2.2292747068104086,-0.3318624071259939,1.299031419593174,0.024216625290950113,1.280112298866579,1.008,0.005646948474591501
2024-11-01,-0.00980392156862746,-0.01980198019801982,0.02941176470588227,0.0,-0.02173913043478263,0.033333333222222344,-0.026548672566371598,0.012012012010809509,0.1999999998000018,0.000990099009900881,-0.008016032064128263,46081,46127,,1.2592127114327232,2.8278327769966785,-0.3098963380737197,1.3061476180423837,0.02090866914598692,1.4348115438173055,1.02,0.00866752131337414
2024-11-04,-0.005050505050505055,0.01928934010152286,0.020202020202020107,0.018274111675126808,0.0009970089730808693,0.9499999952500052,-0.010945273631840696,0.01106639838922863,0.2714285710408189,0.01421319796954316,0.005005005005005009,46136,46128,,1.3904469278711566,3.165524811971025,-0.4032558869362777,1.4437024116629757,0.015221555769862108,1.3139261302189793,0.99,0.003912458305327238
2024-11-05,0.0,0.045816733067729126,0.04980079681274905,0.03984063745019924,0.004784688995215422,0.999999998,-0.009523809523809532,0.04581673306316571,0.3965517237960784,0.01892430278884453,0.004784688995215422,46200,46176,,1.5305870128522332,1.1612799515744672,-0.4881869948415001,1.1723236459409019,0.02003406816268328,2.4957487088697405,1.004,0.006340920504643166
2024-11-06,0.0038095238095238126,-0.0009487666034156659,0.03142857142857156,0.001897533206831121,-0.0028409090909091985,0.42424242295683967,-0.02247191011235957,0.021032504778103984,0.006024096381913912,0.004743833017077697,-0.004725897920605024,46232,46226,,1.4791424775829998,2.954903808950873,-0.5084931159519691,1.2440970577476993,0.02716419687971547,1.2148343654201332,1.05,0.007870142928979935
2024-11-07,-0.010446343779677018,0.043186180422264804,0.05413105413105429,0.01247600767754309,0.0303317535545024,0.8421052616805155,-0.012264150943396342,0.0382043935016042,0.4017857139269729,0.009596928982725536,0.018744142455482678,46318,46272,,0.7452446457323442,3.241424327095326,0.18315925470285638,1.458239777226905,0.021101806866675,2.7011904757738203,1.053,0.0062810353925591075
2024-11-08,0.020239190432382724,-0.02524797114517586,0.045078196872125054,-0.00450856627592416,-0.02083333333333345,0.02040816322365459,-0.04081632653061228,0.023614895547355616,0.14893617013354424,0.001803426510369704,-0.006433823529411872,46333,46365,,1.9717134535784806,4.898698804933237,-0.5530637529785059,2.928134191298435,0.031158566074677815,1.5726012463250518,1.087,0.011540167862453337
2024-11-11,0.0009250693802036188,0.04436229205175584,0.045328399629972184,0.03881700554528654,0.005338078291814753,0.9795918347355246,-0.02573203194321199,0.029143897993702563,0.2666666665185186,0.03234750462107201,0.006233303650934902,46415,46368,,1.6432365856145954,4.053999969043167,-0.5012029838769405,2.202466520002263,0.03441023650681173,1.4239948582713338,1.081,0.01292933255878756
2024-11-12,0.0,-0.022123893805309658,0.03805309734513268,-0.004424778761061853,-0.017777777777777795,0.2790697667928617,-0.03612334801762108,0.014298480785138665,0.1893939392504586,0.004424778761062049,0.003633060853769304,46420,46461,,1.0149013157103002,2.4987913312393304,-0.16181056024992022,0.9012135102851188,0.021862483905830357,1.9668396321539925,1.13,0.006571900784477144
2024-11-13,-0.009049773755656116,0.01917808219178094,0.02262443438914019,0.005479452054794526,0.014545454545454558,0.9599999961600042,-0.015329125338142385,0.021978021976009357,0.17073170717826736,0.010045662100456732,0.008130081300813117,46508,46464,,1.7503689352293839,2.621332118522328,-0.4055739789652638,0.6403694683846011,0.019531640928162404,1.2799743740913911,1.105,0.005544737071071783
2024-11-14,-0.005376344086021509,-0.02702702702702705,0.03942652329749107,-0.0036036036036036067,-0.023508137432188082,0.09090909070247934,-0.03315412186379941,0.009041591319254836,0.2857142854421766,0.00540540540540541,-0.009174311926605512,46516,46558,,0.7734001866251352,2.1582341322240577,0.21352747921277068,1.2640889782553395,0.01783757810502418,2.466702569949035,1.116,0.005634071547753785
2024-11-15,-0.003703703703703707,-0.033457249070631995,0.042592592592592626,-0.008364312267658103,-0.025304592314901512,0.04347826077504726,-0.037927844588344056,0.013133208253927477,0.2975206609111402,-0.006505576208178547,-0.008579599618684364,46560,46607,,0.8886340756093486,2.138486069728528,0.1367326397968626,0.6467813722173715,0.019733158936216803,2.3311016708259933,1.08,0.005998861186052892
2024-11-18,0.0,-0.019230769230769246,0.04038461538461542,0.004807692307692205,-0.02485659655831742,0.16666666626984392,-0.034220532319391664,0.02935420743352701,0.15624999987792995,-0.014423076923077042,-0.0009794319294807933,46618,46653,,1.3138754689724275,2.9590908864831706,-0.3368055202610015,1.0174211243263565,0.024175337074437,1.7373077238571395,1.04,0.007859500965160603
2024-11-19,0.004901960784313621,0.02634146341463428,0.042156862745097966,-0.005853658536585372,0.03137254901960787,0.976744183775016,-0.02032913843175209,0.039525691695699076,0.23275862048900214,0.002926829268292794,0.0038167938931297743,46698,46690,,0.6703265436174044,2.523814438990202,0.2874073260687048,1.268768214864577,0.021418989870353213,2.007564318369716,1.02,0.0061169863154679135
2024-11-20,-0.006653992395437374,0.00956937799043063,0.02091254752851713,0.007655502392344505,0.0018993352326685678,0.7272727239669421,-0.009523809523809532,0.017307692306028123,0.1052631577839339,-0.0019138755980861262,0.0018993352326685678,46731,46717,,0.9792566497816996,2.5889188999139856,-0.1310697849649568,1.0103499750107354,0.017498723284271236,1.2572345717388027,1.052,0.005475106134864166
2024-11-21,0.0,0.008530805687203906,0.0208530805687204,0.0113744075829384,-0.0018761726078799265,0.5909090882231455,-0.01491146318732527,0.018993352324881942,0.1034482757431651,0.0056872037914692,0.0018832391713747663,46765,46752,,1.5563904607563308,2.0544629610815224,-0.5125539249771548,0.793884535783062,0.01583403901639481,1.3894117501087184,1.055,0.006469812612098976
2024-11-22,-0.0018796992481203024,-0.037664783427495324,0.04887218045112786,-0.010357815442561319,-0.02666666666666669,0.03846153838757396,-0.046685340802987904,0.00578034682025238,0.39603960356827805,0.0018832391713747663,-0.015414258188824677,46800,46846,,0.5803076241475829,1.7960008888419736,0.36238580353561395,1.4885607015158515,0.018315751528660534,2.8390863260359085,1.064,0.00538794277510103
2024-11-25,-0.0009784735812134167,-0.012732615083251618,0.03326810176125237,-0.01860920666013703,0.005988023952095814,0.4999999985294134,-0.028375733855185936,0.016112789525064074,0.14772727255940032,-0.017629774730656238,0.010020040080160329,46848,46887,,0.9671931647896291,2.3604644781156474,-0.10572360213508532,0.9253977815025369,0.01725741295898845,1.9701678278072599,1.022,0.006875605927897684
2024-11-26,-0.0029761904761905888,-0.002985074626865564,0.017857142857142873,0.004975124378109568,-0.007920792079207928,0.05555555524691975,-0.014763779527559178,0.006937561941829893,0.04347826080655129,0.005970149253731349,-0.0039761431411530854,46899,46929,,1.5157807584733072,2.500182344901081,-0.39930390288505274,1.5708444085233848,0.013214149013259157,1.362176243488785,1.008,0.0052717535331907265
2024-11-27,-0.0009980039920160797,0.03696303696303711,0.04890219560878237,0.02297702297702311,0.013671875000000012,0.979591834735529,-0.006829268292682825,0.04637096773726103,0.3457943922001939,-0.002997002997002889,0.0077669902912621425,46990,46948,,1.5284363803733705,1.4440424841691786,-0.20541848906728813,0.9051893062252736,0.01910244030482745,2.56511728143473,1.002,0.006848798245468503
2024-11-28,-0.0009633911368016492,-0.0028929604628735697,0.023121387283237014,0.005785920925747354,-0.008628954937679671,0.0833333329861111,-0.0208530805687204,0.019323671495717537,0.028571428544216723,0.0,-0.007677543186180429,47010,46992,,2.3248524525475203,2.8567761062574304,-0.5995228800080227,0.9474661606999418,0.018281690106035503,1.3127889013279899,1.038,0.0058736991958898924
2024-11-29,-0.0029013539651838623,0.028128031037827485,0.04738878143133477,0.03491755577109606,-0.007490636704119856,0.632653059933362,-0.01492537313432837,0.04178814382489926,0.2265624998229997,0.0019398642095053366,0.0,47064,47054,,1.1071874945699027,1.2161484417418487,-0.11364600477421659,1.9193287601493203,0.02278279983875745,2.1507453048667102,1.034,0.009257140671508462
2024-12-02,0.0,0.007547169811320761,0.02075471698113209,0.009433962264150952,-0.0018691588785046745,0.6818181787190133,-0.010251630941286019,0.010357815441585797,0.09999999987500029,0.012264150943396132,0.005649717514124298,47094,47088,,1.3637390937505203,2.5874285287530827,-0.45108234256847657,0.8188608396616665,0.015829455692047682,1.3898140459795378,1.06,0.004928801534042744
2024-12-03,0.0,-0.010299625468164906,0.024344569288389534,-0.006554307116104979,-0.00470809792843702,0.3461538448224809,-0.018709073900841925,0.014299332696444416,0.12359550547910697,-0.004681647940075014,-0.00470809792843702,47136,47167,,0.99814031620095,3.021526804374472,-0.1582483950556071,1.5709067563888344,0.015709039254333073,1.655098024363174,1.068,0.004239388101485382
2024-12-04,0.014191106906338813,-0.02052238805970151,0.028382213812677415,-0.008395522388059812,-0.01222953904045146,0.1666666661111148,-0.023342670401493848,0.010396975424348016,0.24719101095821452,-0.01026119402985086,0.0,47184,47229,,1.5839313973081968,6.56789289401159,-0.2048630689646241,3.603981768663068,0.014355864968428661,2.0897382259447297,1.057,0.005652065421239169
2024-12-05,-0.004761904761904872,0.007655502392344505,0.014285714285714403,0.006698564593301548,0.0009505703422052185,0.6666666622222174,-0.007575757575757582,0.010526315788466498,0.10958904094576961,0.0038277511961722524,0.0038131553860819866,47246,47232,,1.2240414722424682,2.7052761195923427,-0.16955621866442683,1.5005181882864136,0.013551486734558412,1.106889611680674,1.05,0.005057521343489279
2024-12-06,0.002849002849002957,0.01041666666666657,0.030389363722697085,0.015151515151515164,-0.004664179104477719,0.6874999978515625,-0.007590132827324484,0.025812619500400237,0.13580246896814394,-0.009469696969696977,0.0,47303,47286,,2.2620271089058894,1.0404669760161678,-0.21976186915671622,1.9981752686257306,0.014845886184562698,2.155479261165756,1.053,0.005148489581161522
2024-12-09,-0.001874414245548268,-0.010328638497652488,0.021555763823804978,-0.0131455399061033,0.0038095238095238126,0.34782608544423604,-0.019662921348314728,0.010506208212941261,0.16923076897041106,-0.005633802816901414,0.0009496676163343893,47329,47353,,1.407721082313012,3.0072052988114826,-0.42628364128431706,1.3835357050909969,0.011723761275655567,1.9618277157840736,1.067,0.0038984181804877288
2024-12-10,0.059772296015180214,-0.04834377797672341,0.05502846299810251,-0.03670546105640101,-0.012081784386617214,0.06896551712247324,-0.025758969641214376,0.006481481480881247,0.701298700387933,-0.03312444046553261,-0.006542056074766464,47376,47421,,2.5723738822630917,10.052903207538458,-0.4191211120102752,4.719100135017905,0.03364678685646285,1.723790151940777,1.054,0.012619142854578559
2024-12-11,-0.004703668861712035,0.0009451795841208788,0.011288805268109136,0.004725897920604814,-0.003762935089369712,0.24999999791665745,-0.008434864104967101,0.009460737936664083,0.014925373112050149,0.0009451795841208788,-0.0009433962264151998,47441,47425,,1.5441166368873427,3.696042545089736,-0.37055248036745136,2.1511237745297236,0.011761061150009256,1.0203160875461443,1.063,0.005661643684648113
2024-12-12,0.0,0.0037771482530689366,0.016052880075542876,0.0037771482530689366,0.0,0.7647058778546697,-0.007547169811320761,0.010456273763264516,0.06896551712247298,-0.0028328611898015975,0.0018850141376060337,47496,47490,,1.2152107198390132,1.6787392918054374,-0.044597433802243944,1.4361269805649794,0.010859082220706537,1.5655098191477577,1.059,0.005035140562115823
2024-12-13,-0.005644402634054568,-0.014191106906338603,0.020696142991533415,-0.010406811731314948,-0.004775549188156537,0.1363636357438067,-0.01979264844486325,0.010536398466423619,0.19999999973333454,-0.004730368968779464,-0.004775549188156537,47520,47566,,0.992654899844523,2.7938905251815878,-0.08546050681209663,1.0274755041002466,0.012928270800019315,1.7016970150251998,1.063,0.0046834331810198734
2024-12-16,-0.0019193857965451072,-0.014423076923077042,0.02015355086372373,-0.012500000000000117,-0.001947419668938658,0.19047618956916,-0.014478764478764599,0.004878048780012011,0.23809523771730715,-0.004807692307692419,0.0,47568,47612,,1.2751038554871659,3.738878818952239,-0.16812760131562104,2.04416183942415,0.01137230067874309,1.8465920316892226,1.042,0.0029387315510134315
2024-12-17,-0.0029268292682925775,-0.002935420743640033,0.013658536585365868,-0.003913894324853232,0.0009823182711197346,0.21428571275509412,-0.012633624878522742,0.007874015747256501,0.05660377347810877,0.006849315068493048,0.0009823182711197346,47616,47640,,1.0708586054892666,2.148838916648313,-0.142094642138506,0.8740961163221772,0.012138551691273414,1.1533501063994158,1.025,0.005442447865590105
2024-12-18,0.002944062806673321,0.01076320939334628,0.019627085377821412,0.005870841487279848,0.003887269193391646,0.8499999957499944,-0.006763285024154488,0.017699115042507478,0.18032786855683872,0.0,0.0,47693,47665,,0.8862313691713725,2.278282274718229,-0.0032460957620051236,0.8913528260466557,0.01134979621314348,1.7621461608821372,1.019,0.00329143822011637
2024-12-19,-0.0106485963213939,0.02250489236790598,0.030009680542110496,0.011741682974559697,0.010638297872340328,0.8387096747138367,-0.00573613766730402,0.024437927661345397,0.30263157854916667,0.00978473581213308,-0.0028625954198474367,47746,47712,,0.6815037691551682,3.2745523563764385,-0.07044496465407864,1.5850184459035206,0.013725121939565457,2.2586320114776637,1.033,0.006310736592176958
2024-12-20,-0.0038277511961722524,0.02305475504322769,0.037320574162679566,0.03073967339097025,-0.007455731593662635,0.6153846138067044,-0.015769944341373028,0.03157894736539928,0.28571428537415117,0.01633045148895305,0.0028248587570620445,47784,47760,,1.3312162043009446,1.073134824754748,-0.3090854574994639,2.2195840978269947,0.017210804999369222,2.2660183399223723,1.045,0.008093520144963255
2024-12-23,0.0,-0.01220657276995296,0.028169014084507067,-0.0037558685446009423,-0.008482563619227048,0.06666666644444444,-0.025023169601482775,0.013145539904868976,0.1428571427001563,0.006572769953051754,-0.0028436018957344947,47812,47854,,1.6174749694867636,2.8919100208141115,-0.47653274075764424,2.300016877217269,0.01729137004589402,1.734969510621677,1.065,0.006714434478187977
2024-12-24,0.003802281368821296,0.012310606060605966,0.024714828897338424,0.0018939393939393955,0.011352885525070966,0.9230769195266272,-0.010406811731314948,0.02294455066702253,0.15116279052190323,0.0009469696969695926,0.005644402634054568,47901,47871,,1.1124816585292152,2.176151892069836,0.0047546089563087835,1.2554314550054637,0.01607958458444207,1.6169571857882952,1.052,0.006074343312412967
2024-12-25,0.0028063610851263928,0.0,0.01496725912067354,-0.0027985074626866733,0.0028063610851263928,0.49999999687499996,-0.012048192771084246,0.009380863038519626,0.0,0.0037313432835820925,0.0,47908,47923,,2.180740080908318,5.388663605266162,-0.5431057482557797,3.026035161976763,0.012876791696781823,1.2425455231790534,1.069,0.003911124807124039
2024-12-26,-0.0018656716417910463,0.010280373831775606,0.017723880597014838,0.010280373831775606,0.0009259259259258239,0.7894736800554004,-0.005571030640668529,0.012138188607643608,0.21153846113165556,0.004672897196261582,-0.0009242144177450202,47980,47952,,1.2159747569068953,1.235002460240692,-0.11529623768266499,1.3739510355673343,0.008889712968059888,2.137301829039406,1.072,0.002907544898429244
2024-12-27,-0.0009250693802034134,-0.00555555555555556,0.02590194264569845,0.013888888888888798,-0.01917808219178074,0.10714285676020804,-0.02459016393442635,0.015726179462005097,0.07594936699246906,0.006481481481481384,0.0,48020,48038,,1.4425295078433789,1.8872541792927717,-0.3467726654126291,1.1248054563086476,0.013922001610771785,2.0112050394546177,1.081,0.004617101759843141
2024-12-30,-0.003724394785847303,0.006542056074766257,0.019553072625698237,0.004672897196261582,0.002793296089385374,0.5238095213151902,-0.010156971375807847,0.014044943818909557,0.10144927521529044,0.007476635514018698,0.0,48059,48049,,1.9887020451635367,3.3824470436086047,-0.5166647824803535,1.365631733505911,0.01257253415087568,1.670307638934231,1.074,0.003935110356117417
2024-12-31,-0.000928505106777985,-0.028810408921933213,0.032497678737233186,-0.015799256505576325,-0.013220018885741277,0.05714285697959166,-0.02611940298507465,0.005736137666755632,0.42465753366485487,-0.011152416356877333,-0.0009560229445507762,48096,48142,,1.0790630692618612,1.8983839867044434,-0.05582207016021853,1.3360578956512394,0.0124477474853056,2.8117536735173823,1.077,0.0042060689811969885
2025-01-02,-0.0038277511961722524,-0.03073967339097025,0.04306220095693784,-0.019212295869356407,-0.010784313725490314,0.2666666660740716,-0.03571428571428575,0.010010010009007905,0.37647058779238907,-0.011527377521613844,0.003980099502487566,48144,48189,,0.8499994083306125,2.755274106029551,0.0364015005385297,1.1300761239256292,0.017394456198852846,2.5870311337622987,1.045,0.007103723810809194
2025-01-03,0.0,-0.01585728444003955,0.0227948463825569,0.0,-0.014880952380952394,0.043478260680529505,-0.020710059171597652,0.012987012985715706,0.16842105245429206,-0.0049554013875122834,-0.007000000000000006,48203,48231,,0.7912524665040442,2.314676653082807,0.18687841083668458,0.7653437675705189,0.01686725284587818,1.3635889657788274,1.009,0.006047627332040894
2025-01-06,0.0020140986908358527,-0.00603015075376885,0.020140986908358416,-0.003015075376884425,-0.0030241935483870993,0.3999999980000022,-0.017017017017017032,0.010131712258345327,0.0612244897334444,-0.007035175879396991,0.00406091370558376,48240,48282,,1.3812319932557702,3.716791639330384,-0.40826951206600137,1.85682953949044,0.017361613763932377,1.1519666407020261,0.993,0.005476670401415783
2025-01-07,0.0020222446916076863,0.027245206861755827,0.03235591506572287,0.004036326942482345,0.023115577889447257,0.9687499969726596,-0.0060120240480961975,0.02620967741671276,0.33749999957812504,0.004036326942482345,0.002955665024630654,48335,48288,,0.6606826741985408,1.761780387168515,0.2865062697050666,0.5639257981757567,0.0159005415519793,2.0125100578580954,0.989,0.00549730093734457
2025-01-08,-0.007858546168958749,0.006930693069306827,0.04027504911591348,-0.015841584158415856,0.022110552763819003,0.7073170714455673,-0.022704837117472766,0.0363636363599633,0.06862745091310911,-0.001980198019801982,0.0,48372,48361,,0.6958036618506778,2.033657091131976,0.24795902534818873,1.3789172267321514,0.018876323569459032,2.1720331097276064,1.018,0.0035484876980120227
2025-01-09,-0.003933136676499512,0.0019743336623889458,0.012782694198623306,0.007897334649555783,-0.004901960784313838,0.2307692289940763,-0.009765625000000009,0.007874015747256501,0.026666666631111075,0.0039486673247778915,-0.00294695481335964,48388,48384,,1.2503357845882235,2.390580785282657,-0.3287087137479103,1.1282734247601978,0.014033506464052391,0.9263543605915378,1.017,0.0034444318077630517
2025-01-10,-0.0019704433497536966,-0.007897334649555783,0.02955665024630545,0.0069101678183614195,-0.014705882352941298,0.03333333322221852,-0.02616279069767455,0.013752455794326882,0.09411764694809677,0.009871668311944729,-0.004950495049505065,48436,48479,,1.9089249107219517,1.8067356328906239,-0.5028330850238587,2.252537791355735,0.0175975828132022,1.7047795795576666,1.015,0.0076097641929477
2025-01-13,-0.014925373134328263,0.015151515151515053,0.01890547263681583,0.006060606060606066,0.00903614457831315,0.7894736800554004,-0.010934393638170984,0.015136226032781424,0.15957446791534532,0.01010101010101011,0.008024072216649846,48496,48480,,1.4647594771306822,5.0621948628058355,-0.3288695599537828,2.5097735579245084,0.018329272549230096,1.0365932333271273,1.005,0.006938676215845682
2025-01-14,0.006965174129353351,0.024703557312252877,0.03880597014925366,0.012845849802371443,0.011707317073170744,0.9487179462853385,-0.010617760617760734,0.03386454182929639,0.2577319584971821,0.0,0.0038722168441432756,48565,48529,,1.5611265599564335,1.7956181586523021,-0.3371524108079089,0.7920554037988996,0.018104158238665496,2.1542012210922095,1.005,0.005582911728710937
2025-01-15,-0.005785920925747354,0.000969932104752776,0.018322082931533392,0.004849660523763449,-0.004821600771456021,0.36842105069252445,-0.012452107279693604,0.014577259473802137,0.016393442596077935,0.000969932104752776,0.000969932104752776,48589,48579,,2.141008113755279,3.6668273652397763,-0.5906843191689046,1.543442729635038,0.011023162599578923,1.7236432517435234,1.037,0.003874778909320521
2025-01-16,0.004844961240309974,-0.025072324011571865,0.038759689922480654,-0.021215043394406965,-0.004921259842519799,0.07499999981249722,-0.03632887189292546,0.009920634919650739,0.2260869563251407,-0.011571841851494707,-0.003940886699507393,48627,48649,,1.792554742464694,1.9644156201774243,-0.4767449143526067,2.550523766233321,0.020880593005409998,1.9156543972707532,1.032,0.007378377411853225
2025-01-17,-0.005934718100890214,0.014925373134328483,0.031651829871414475,0.01890547263681605,-0.005847953216374274,0.5937499981445347,-0.011639185257032019,0.02791625124347797,0.14423076909208626,-0.000995024875621781,-0.0009794319294807933,48702,48674,,0.8528948870916137,2.459927706758481,-0.08252599529548757,2.2137060659533176,0.023131047324957497,1.3834220047239745,1.011,0.012086518527586632
2025-01-20,0.005882352941176476,-0.0038986354775828493,0.015686274509803935,0.0009746588693956041,-0.004868549172346537,0.31249999804688194,-0.010669253152279243,0.01078431372443281,0.059701492448207424,0.0019493177387914246,-0.000977517106549257,48733,48722,,1.8599018362378816,4.526561806364997,-0.45089651754274906,2.1786827072785973,0.012581972083736882,1.2716607354037217,1.02,0.004518724687289155
2025-01-21,0.004892367906066432,0.003894839337877316,0.01467710371819973,0.005842259006815975,-0.0019361084220716378,0.7999999946666608,-0.006776379477250625,0.01175318315261968,0.07017543847337765,-0.005842259006815975,0.001943634596695823,48790,48774,,1.5760572139821427,3.208331203239352,-0.24552541674492115,1.4660962463172449,0.011365053287858192,1.319835418989348,1.022,0.004687680477079369
2025-01-22,-0.003879728419010673,0.001947419668938658,0.012609117361784794,0.0029211295034080953,-0.0009708737864078756,0.6153846106508823,-0.009689922480620164,0.009784735811175671,0.02985074622410312,-0.0029211295034078794,0.0009727626459142898,48816,48821,,1.6151284133730481,2.788579285172553,-0.40399037972970714,0.9421568977851357,0.013202826594622552,0.9846376310684257,1.031,0.004107259467936203
2025-01-23,0.011661807580174939,-0.019212295869356407,0.028182701652089328,-0.006724303554274636,-0.012572533849129711,0.03448275850177989,-0.025787965616045763,0.011594202897430524,0.2857142853061243,0.0019212295869356407,-0.001955034213098731,48866,48904,,1.595642304118944,4.713490724047522,-0.44000266681550054,2.6656702892118407,0.015614633466453889,1.8572321839369215,1.029,0.0058256306064170685
2025-01-24,-0.0029382957884425973,0.010805500982318172,0.01567091087169443,0.012770137524557858,-0.0009708737864078756,0.687499995703118,-0.006782945736434222,0.008797653958084413,0.20754716941971718,0.008840864440078484,0.001947419668938658,48934,48912,,1.6836887533540246,3.3617070994865026,-0.3445256486365326,2.037370047522067,0.011675210870973445,1.3704249147855854,1.021,0.004177878684802965
2025-01-27,0.0009718172983480194,-0.020388349514563232,0.021379980563654054,-0.01262135922330109,-0.007866273352999024,0.045454545247928836,-0.017526777020447925,0.004935834155485225,0.3888888881687295,-0.009708737864077678,-0.005911330049261089,48960,49007,,1.4183251307889184,4.3923942020969395,-0.2590774204065766,1.9543538278176176,0.011329814941561645,1.941779271708892,1.029,0.002689189647506599
2025-02-05,0.02973240832507436,-0.0019249278152069316,0.01585728444003966,0.0019249278152069316,-0.0038424591738712814,0.562499996484368,-0.010556621880998197,0.010669253151244614,0.027027026990503696,-0.004812319538017222,0.0,49030,49009,,3.7846517852136574,10.02672695589531,-0.4999157316994371,4.980436307568302,0.01578734799384655,1.013469767366208,1.009,0.005357339951266345
2025-02-06,-0.005785920925747354,0.03491755577109606,0.03857280617164902,0.028128031037827485,0.006603773584905561,0.949999997625,-0.006560449859418833,0.03288201160223581,0.4444444438957434,0.012609117361784794,0.002819548872180349,49074,49056,,2.2817651401578893,1.1519306482597953,-0.5301898346852137,0.9210671162327592,0.013577651742383307,2.946017504671763,1.037,0.00411087261899061
2025-02-07,0.0,0.00843486410496731,0.031865042174320554,0.023430178069353453,-0.014652014652014664,0.499999998529415,-0.028388278388278513,0.025352112673675986,0.08571428563265313,0.00843486410496731,0.009380863039399633,49127,49144,,1.3339218961847559,1.5947318014260503,-0.4560427532924893,0.3809632182105187,0.016804699273439083,2.0232435727912654,1.067,0.00516071347330708
2025-02-10,0.0009293680297396746,0.0157845868152276,0.01951672862453523,0.0037140204271123526,0.012025901942645812,0.95238094784581,-0.0064635272391504114,0.017657992563414597,0.2537313429048807,0.0046425255338905435,0.0,49193,49152,,0.7883562432848316,3.180383132909402,-0.05138155276308937,1.3895829863369735,0.01098313808117593,1.9120218332490746,1.076,0.002741669497886796
2025-02-11,-0.000914076782449828,-0.011893870082342087,0.01828153564899453,-0.007319304666056731,-0.0036900369003690066,0.24999999875000553,-0.012797074954296172,0.015784586813761995,0.15476190457766187,-0.01372369624885627,-0.004608294930875478,49227,49204,,1.0914047711883093,2.565415892836198,-0.32039045397930305,1.8776524335818716,0.01683442272719334,1.188041918947954,1.094,0.004841037874691533
2025-02-12,0.0018518518518518534,0.015711645101663497,0.021296296296296417,0.000924214417744815,0.014773776546629746,0.95652173497164,-0.009182736455463737,0.018535681184565757,0.23287671200975466,0.0027726432532346502,0.006410256410256314,49293,49251,,0.7628894702721071,3.2106511958783353,0.24149027343253984,1.5235027492892321,0.013593331886428138,1.6920060528915064,1.08,0.003560855970179725
2025-02-13,0.0,-0.023657870791628774,0.02547770700636945,-0.015468607825295636,-0.009233610341643592,0.035714285586730725,-0.022768670309654036,0.0083179297589354,0.34210526270775427,-0.00363967242948135,-0.0074005550416281285,49296,49343,,1.1279264558208604,2.1687083162721743,-0.06394057879108264,0.9242778713286085,0.013579911278236378,2.0618691256611412,1.099,0.0035280843866166275
2025-02-14,-0.004659832246039043,0.00936329588014982,0.015843429636532996,0.008426966292134734,0.0009285051067781913,0.8235294069204205,-0.009293680297397777,0.013133208253927477,0.12499999984374967,0.0009363295880148781,0.005597014925373139,49364,49348,,1.216010790682227,2.7383951276940612,-0.27600872266228127,1.5493163833582522,0.016574147412638948,1.0256937792448277,1.073,0.0054335483620483885
2025-02-17,0.006493506493506396,0.007373271889400929,0.012059369202226458,0.004608294930875683,0.0027522935779815518,0.769230763313603,-0.010045662100456529,0.009225092250071494,0.10256410243260926,0.004608294930875683,0.0018331805682859777,49396,49400,,1.5195391192281815,4.803065610933254,-0.4491703572664515,2.604450139781758,0.01613641267082065,0.8056313497079055,1.078,0.005769693366623651
2025-02-18,-0.0009149130832569898,-0.02380952380952383,0.02836230558096973,-0.007326007326007332,-0.0175115207373271,0.1290322576482835,-0.02383134738771771,0.00832562442106157,0.34210526270775826,-0.004578754578754684,-0.002806361085126185,49441,49483,,0.8432976549554327,2.446078673048836,0.17670683639613669,0.5533117014588698,0.01305667584149012,2.374264333350834,1.093,0.004359656477346683
2025-02-19,0.0,0.024390243902439046,0.02532833020637911,0.01594746716697927,0.008310249307479334,0.9999999962962962,-0.006433823529411872,0.02247191011025546,0.4062499993652316,0.013133208255159486,0.0009165902841430907,49532,49488,,1.4933459471794357,1.784670533482992,-0.35242066262324406,0.5498994347152082,0.010859698519233848,2.4862568425407177,1.066,0.0023694573891611926
2025-02-20,-0.0009157509157510182,0.0,0.014652014652014664,-0.0036663611365719555,0.004604051565377434,0.49999999687499996,-0.011850501367365452,0.01014760147507854,0.0,0.0018331805682859777,-0.0018298261665141828,49540,49557,,1.413551456521961,3.0240687725498043,-0.47661429765013,1.7077884360897948,0.012730107971101443,1.2568628569871718,1.092,0.004218871977510063
2025-02-21,0.007332722273143911,0.05277525022747957,0.0577451879010082,0.04276615104640576,0.009598603839441642,0.9682539667170572,-0.00777873811581687,0.057481751819572775,0.4427480912650789,0.004549590536851789,-0.0008635578583764162,49615,49584,,1.5387800716122175,2.1613078348634884,-0.5380636580070562,1.2076632219475087,0.019737023797780154,3.1919705993306127,1.091,0.006763255398334209
2025-02-24,-0.0017286084701815055,0.005194805194805199,0.024200518582541075,0.004329004329004236,0.0017256255392579824,0.6428571405612244,-0.013710368466152539,0.016550522646642054,0.05940594053524184,0.0034632034632034662,0.0025906735751296322,49635,49632,,1.5977006438322743,4.186201875742983,-0.4871906048106039,2.484926328803319,0.02082478013345846,1.344552004203789,1.157,0.009047331436810047
2025-02-25,-0.017226528854435846,0.01840490797546004,0.03531438415159358,0.02453987730061352,-0.0059880239520959085,0.5853658522308134,-0.015306122448979607,0.030674846623078383,0.17499999985416576,0.0035056967572305027,-0.005136986301369868,49705,49680,,1.367260217780661,4.568821086678333,-0.34696102458446243,3.852291245957927,0.017558806540993607,2.335010621068042,1.161,0.0030542991653631354
2025-02-26,0.0017211703958691926,0.018900343642611703,0.03270223752151466,0.010309278350515474,0.008503401360544225,0.9210526291551218,-0.00759493670886086,0.029437229434680783,0.18965517225029763,0.002577319587628964,0.0008438818565399914,49766,49730,,1.3504277543072338,2.385987556463374,-0.26799833229141323,1.5394686367104458,0.0176076332762868,2.1581548858903883,1.162,0.006001064019297414
2025-02-27,-0.0008431703204046289,0.0,0.0337268128161889,-0.008438818565400852,0.009369676320272675,0.6249999984375028,-0.029264214046822678,0.02497846683678042,0.0,0.0008438818565399914,-0.004201680672268818,49778,49807,,1.365793823808457,2.4829085491295,-0.5321453208473114,1.3022629651941573,0.02049312600399983,1.9518739989694824,1.186,0.005853496470788121
2025-02-28,-0.0067510548523206804,-0.03738317757009349,0.04219409282700425,-0.01784197111299926,-0.019047619047619063,0.01999999996000222,-0.03162393162393156,0.014808362368048163,0.34108527105342257,-0.018691588785046745,-0.009615384615384527,49824,49871,,1.0430138031352127,2.6667059622586,-0.19973994036544254,1.0057082273739484,0.02045187697523095,2.4447633738496557,1.185,0.006827069839650603
2025-03-03,0.0,-0.012356575463371591,0.029126213592232938,-0.003530450132391883,-0.008857395925597882,0.21212121147841792,-0.027097902097902027,0.02142857142665798,0.12612612601249962,-0.0017652250661959416,0.0008944543828263773,49882,49916,,1.6310919029653137,4.980082396278635,-0.4086847694068038,3.240700064033898,0.021142516913306833,1.5608359203036295,1.133,0.007690517422860754
2025-03-04,-0.008042895442359158,0.026126126126126047,0.03485254691689001,0.008108108108108015,0.01787310098302057,0.8205128184089437,-0.006993006993007,0.030630630627870938,0.2871287125870024,0.009009009009009016,-0.0017528483786152513,49954,49920,,0.8776202383534665,3.46493695885976,-0.31664327405949405,1.427662847652506,0.017973470996341976,2.1698646739380987,1.119,0.007800520125516771
2025-03-05,-0.0008779631255488252,0.003514938488576453,0.01668129938542573,-0.0017574692442882266,0.0052816901408450755,0.6842105227146795,-0.01223776223776225,0.012389380529877057,0.051948051880587175,-0.0008787346221440158,0.0026338893766460858,49969,49995,,1.2583027308957622,2.8439282453494528,-0.2749775425450101,1.6128516352647064,0.013604762384218825,1.3965697690084202,1.139,0.0031721733620010827
2025-03-06,0.013134851138353875,0.020743301642178063,0.02451838879159372,0.02160760587726872,0.0,0.8571428540816326,-0.007627118644067709,0.016323024053580607,0.3199999995733319,0.017286084701815054,-0.0016906170752324613,50058,50016,,2.335172106882558,4.559314050298067,-0.6426701177244973,2.785954301179704,0.014509235408903596,1.929805328669303,1.142,0.0044871995039785385
2025-03-07,-0.00592718035563092,-0.005962521294718821,0.016088060965283577,0.0008517887563885111,-0.005962521294718821,0.3157894720221625,-0.015267175572519097,0.008554319930833684,0.10937499982910022,-0.004258943781941988,0.0017167381974248941,50084,50106,,1.4893182950910782,3.1656287608469205,-0.4651903650957784,2.2496893604566583,0.010993639368777302,1.7282720662216753,1.181,0.003795845994816659
2025-03-10,-0.0025706940874036964,-0.0008591065292095274,0.021422450728363438,-0.013745704467353966,0.013066202090592444,0.6799999972800014,-0.017152658662092642,0.01919720767720794,0.012987012970145352,-0.004295532646048018,0.0017226528854435846,50112,50136,,1.196534371841853,2.480955676099711,-0.36964414887174485,1.0032105025924973,0.01348257367120592,1.854245370671839,1.167,0.0048117007675207435
2025-03-11,-0.013757523645743779,0.009590235396686922,0.014617368873602859,0.0008718395815169048,0.009590235396686922,0.8235294069204098,-0.012079378774805877,0.011353711789401335,0.15714285691836677,0.006974716652136013,0.004336513443191582,50171,50160,,1.5206995811153425,5.963144526884285,-0.3253588964555937,4.39402594666397,0.012678231422618808,1.3408810187502094,1.163,0.0030490052164880935
2025-03-12,0.005181347150259073,-0.012027491408934719,0.017271157167530242,-0.0034364261168384914,-0.008620689655172422,0.0,-0.016253207869974445,0.009499136441321422,0.14432989675842295,0.0034364261168384914,-0.006050129645635365,50213,50254,,1.0440115090992432,3.545464970889798,-0.18088327198202478,1.4135195810947403,0.01445579795373951,1.3835279052494995,1.158,0.005718651192008611
2025-03-13,-0.002608695652173819,-0.01830863121185713,0.028695652173912976,-0.014821272885789124,-0.0026572187776794627,0.1818181812672115,-0.025217391304347754,0.00802854594040771,0.25609756066330186,-0.006974716652136013,-0.0008873114463177568,50256,50292,,1.329388592168559,1.941194473672562,-0.4209687889016645,1.7536040248328648,0.0138712372768457,2.3790235220892795,1.15,0.004920365894096714
2025-03-14,0.0,0.01776198934280641,0.019538188277086855,0.01420959147424513,0.0026246719160104037,0.9999999954545454,-0.00524475524475525,0.018666666665007325,0.26666666631111074,0.007104795737122565,0.00174825174825175,50345,50305,,1.1377979074866296,1.8047442011833652,-0.22674887317098663,0.5740383016706803,0.012387265105241777,1.7760175176269182,1.126,0.004414295038598193
2025-03-17,0.0,-0.005235602094240842,0.013089005235602203,-0.006108202443280886,0.0008779631255486302,0.3999999973333304,-0.007867132867132778,0.007048458149158733,0.11538461516272287,-0.006108202443280886,-0.0008764241893077229,50352,50358,,1.9157752691760748,5.809638589166578,-0.438425145028685,3.1877354297344556,0.010044325674294533,1.4933804754111188,1.146,0.004554745524556582
2025-03-18,0.004385964912280803,0.000873362445414751,0.014912280701754498,0.0017467248908296959,-0.0017421602787456463,0.11764705813148711,-0.011216566005176983,0.011343804536532063,0.015151515128556477,0.00960698689956323,-0.0017421602787456463,50403,50400,,1.765766517559373,3.2926392373618887,-0.4258001707603749,2.5662011171408206,0.011749594077201341,1.4468584823964865,1.14,0.0045082030887622195
2025-03-19,-0.003490401396160562,-0.009632224168126006,0.013961605584642248,-0.0035026269702276742,-0.006151142355008696,0.062499999609381934,-0.010498687664042003,0.007957559680993936,0.21153846113165828,-0.0070052539404553485,-0.0008833922261483127,50448,50454,,1.1922533794472592,2.6644255413196496,-0.26331482101835785,0.9555621319517331,0.008971150112160209,1.7834948274873768,1.146,0.003019851909488814
2025-03-20,-0.0008841732979665004,-0.009734513274336195,0.012378426171529434,0.0008849557522124885,-0.009734513274336195,0.07142857091836055,-0.010610079575596827,0.005333333332859264,0.19642857107780023,-0.004424778761061853,-0.0017841213202497786,50496,50540,,0.9099863390737452,2.9978208958533643,0.07875486891941043,1.4953977716778304,0.009661944148325205,1.4489837283450007,1.131,0.003194597774667602
2025-03-21,-0.003574620196604114,-0.01793721973094172,0.028596961572832914,-0.01614349775784755,-0.0018231540565177774,0.21874999931640277,-0.025044722719141342,0.005504587155458299,0.3174603169564128,-0.0008968609865469864,0.000914076782449625,50547,50580,,1.0791735135566258,1.97783550332302,-0.038015011837846197,0.9868566284897466,0.011872627492064013,2.695275308844834,1.119,0.003736990885975464
2025-03-24,-0.0018264840182648419,0.007319304666056731,0.017351598173515895,0.0,0.007319304666056731,0.9999999947368421,-0.015454545454545568,0.016620498613423792,0.11940298489641288,0.000914913083257193,0.010091743119265962,50592,50631,,0.7349165275689982,3.06072165853843,0.2056088994224408,2.2399139625102538,0.012535345357282587,1.515714111330022,1.095,0.003907188580348218
2025-03-25,-0.002724795640326877,-0.013661202185792462,0.0208900999091736,-0.012750455373406203,-0.0009225092250923541,0.17391304272211636,-0.017257039055404093,0.009233610340790996,0.19230769206114706,-0.004553734061930888,-0.0009225092250923541,50641,50685,,1.1392296535472337,1.9063142311636483,-0.06531731992264252,1.478711316347004,0.01341765661010849,1.7141592229493077,1.101,0.00499053624566784
2025-03-26,0.0,-0.0018467220683287182,0.012003693444136565,0.0027700831024931797,-0.004604051565377638,0.07692307633135308,-0.010082493125572776,0.0027726432529783986,0.05128205115055928,0.005540166204986155,-0.0009242144177450202,50691,50730,,1.241149991565539,3.1499714706488824,-0.24064692838728657,1.2599987718070684,0.009273843082414924,1.4017920881658341,1.083,0.0027474536970033404
2025-03-27,-0.0009250693802034134,0.01111111111111112,0.02682701202590207,0.015740740740740652,-0.004557885141294342,0.5172413775267557,-0.010879419764279249,0.022242817421478905,0.17142857118367402,0.0046296296296295305,-0.0009149130832569898,50752,50739,,3.06097472480042,1.9359089273695351,-0.5937629939762826,1.421683806472606,0.012194436392726311,2.3781336691775747,1.081,0.005775531078531447
2025-03-28,-0.001831501831501833,-0.008256880733945062,0.014652014652014664,-0.00642201834862396,-0.0018467220683287182,0.06249999960936806,-0.011882998171846546,0.0046253469005898065,0.147540983364689,-0.0027522935779817556,-0.0027675276752768575,50784,50831,,1.2115289423195883,3.09087131530954,-0.24723601248066643,1.8245823900905427,0.009887269531957127,1.6182425073435476,1.092,0.0030775929720045486
2025-03-31,-0.00647548566142451,0.0,0.018501387604070323,-0.009310986964618257,0.009398496240601512,0.599999997,-0.015740740740740857,0.012229539039301194,0.0,0.002793296089385374,0.0018656716417910463,50838,50868,,1.340327717901674,2.863917659153926,-0.26677127818625657,1.1276154404278615,0.012613910026477947,1.5855511732256502,1.081,0.00431481766725147
2025-04-01,0.004655493482309025,-0.0027803521779424393,0.01396648044692749,0.004633920296571006,-0.007380073800738013,0.1999999986666726,-0.011959521619135143,0.010223048326187353,0.0666666665185149,0.0009267840593142836,0.000930232558139639,50889,50920,,1.5799987045975985,4.301424560790617,-0.4032067991379924,2.2539444205455546,0.010172436294866066,1.4745729948796225,1.074,0.0032802068357434067
2025-04-02,-0.004646840148698992,0.002801120448179378,0.010223048327137657,0.0037348272642390326,-0.0009302325581394325,0.27272727024794124,-0.009250693802035161,0.007455731592967786,0.06818181802686203,0.00653594771241841,0.0018656716417910463,50939,50928,,1.4375076953784087,2.3724069900178595,-0.3781281098171236,0.8292045838647836,0.009150493564641694,1.2021209350163349,1.076,0.0023442439007885546
2025-04-03,-0.008379888268156535,0.002816901408450811,0.01769087523277479,0.0018779342723004712,0.0018761726078799265,0.26315789335180484,-0.01572617946345967,0.009337068159725773,0.05084745754093849,0.010328638497652696,-0.0009354536950419924,50979,50976,,1.739801256388304,5.153149216745484,-0.49432134569638947,2.7036881194343185,0.013659527043514145,1.390970551204019,1.074,0.006522082451180288
2025-04-07,-0.04868913857677907,-0.04527559055118114,0.1039325842696628,-0.01870078740157482,-0.027081243731193604,0.4504504500446392,-0.10582524271844658,0.05537459282786371,0.15972222216676335,-0.010826771653543427,0.025369978858350975,51024,51063,,1.1406285038979784,4.238997633941761,-0.30791963637583913,2.139887450392277,0.06246258297495914,1.7770638762536077,1.068,0.03793536763635641
2025-04-08,0.008247422680412378,0.008179959100204507,0.028865979381443325,0.0051124744376278165,0.003051881993896239,0.5714285693877551,-0.023138832997987947,0.015447991759480138,0.0555555555169753,0.010224948875255633,0.011282051282051292,51073,51106,,1.9266880965610036,6.56810083569131,-0.4551226415539102,3.9027472105584007,0.02733248846352217,1.0244219049036285,0.97,0.009152758391462576
2025-04-09,-0.01622718052738338,0.05979381443298975,0.08113590263691679,0.05670103092783499,0.002926829268292794,0.8374999989531262,-0.02209414024975976,0.06988694757760663,0.3580246911370223,0.04536082474226808,-0.0019417475728155356,51130,51121,,2.307170219482562,2.417595973026553,-0.5398576542228786,1.3511388082557556,0.03123872608214698,2.560923884461082,0.986,0.010719437037627552
2025-04-10,0.02140077821011675,-0.007619047619047625,0.022373540856031257,-0.012380952380952498,0.004821600771456235,0.3913043461247666,-0.01709401709401711,0.018375241777719903,0.09302325570578668,0.002857142857142754,0.003853564547206169,51172,51169,,2.331567246221139,8.006592827431922,-0.46920195551261196,4.306004288020814,0.02296064511400053,1.0017140104571454,1.028,0.008217931642586539
2025-04-11,-0.005758157389635321,0.024131274131274045,0.042226487523992356,0.02220077220077211,0.0009433962264149904,0.613636362241733,-0.014897579143389211,0.03368623676287923,0.2577319584971798,0.013513513513513525,-0.001881467544684856,51241,51216,,0.9583990878826948,2.045774720219309,-0.13603772905230602,2.7357383086108666,0.020892084541420112,2.106060776374932,1.042,0.01127139533854844
2025-04-14,0.00942507068803017,-0.006535947712418203,0.019792648444863458,-0.0028011204481791707,-0.003745318352059928,0.42857142653061525,-0.010251630941286019,0.014177693760474605,0.11475409817253097,-0.006535947712418203,0.0,51283,51266,,2.2998424878913055,5.105931874591215,-0.5245679371245188,2.788796468748135,0.013819207448477696,1.5196240396804417,1.061,0.00537103513350414
2025-04-15,-0.0028195488721805577,-0.006597549481621013,0.015977443609022673,-0.00942507068803017,0.0038095238095238126,0.5294117615916986,-0.010406811731314948,0.00956022944459272,0.09333333320888755,-0.011310084825636203,0.002854424357754628,51312,51339,,1.4686902614061177,2.6075166280885167,-0.3432078013939156,2.1826419152727374,0.013881366215995611,1.224663308568616,1.064,0.0061513982844804424
2025-04-16,0.00853889943073994,-0.001881467544684856,0.018975332068311212,-0.015051740357478848,0.013371537726838599,0.7999999959999999,-0.010396975425330926,0.01337153772556147,0.027777777739197446,-0.010348071495766603,0.006641366223908819,51360,51384,,0.8924697896038957,5.677854012205335,-0.05258772703786965,2.818129880076669,0.015634627362008664,1.2792118039652036,1.054,0.00584194999914838
2025-04-17,-0.00471253534401498,0.009469696969696977,0.01885014137606034,0.014204545454545362,-0.005597014925373139,0.599999997,-0.009328358208955232,0.008466603950285475,0.14492753602184438,0.011363636363636373,0.0,51413,51408,,1.7051963573210247,3.9319087060608546,-0.40717913838324254,1.8088482544298237,0.014503346607031885,1.3789920632803396,1.061,0.004445899074752812
2025-04-18,-0.002814258911819994,-0.003762935089369712,0.009380863039399633,-0.008466603951081748,0.004743833017077697,0.599999994,-0.004725897920605024,0.008547008546196978,0.09523809501133787,-0.006585136406396891,0.0,51456,51475,,0.9693915959037184,3.778647396075015,-0.08688272532024939,1.6355419541813272,0.010219132720504252,0.9785566129383736,1.066,0.0038388627710128327
2025-04-21,0.0028328611898018074,0.007532956685499065,0.013220018885741277,0.004708097928436811,0.002811621368322506,0.9285714219387835,-0.0028011204481791707,0.004690431519259709,0.26666666577777975,0.0037664783427495325,0.0,51538,51504,,1.5092218370610022,3.6185449994612826,-0.3898060986543542,1.6036346697069976,0.007298371921426413,1.9182360064544663,1.059,0.001515782983781092
2025-04-22,-0.000934579439252441,-0.002806361085126185,0.011214953271028047,-0.002806361085126185,-0.0009372071227740299,0.3333333305555556,-0.008395522388059812,0.008466603950285475,0.05172413784185302,-0.003741814780168385,-0.003738317757009349,51584,51556,,1.053787286590134,2.650343959402869,-0.26831264156159734,1.122306768097998,0.011231482653868481,1.068425270551818,1.07,0.0040933142526825795
2025-04-23,0.0028142589118197855,-0.005612722170252577,0.012195121951219419,-0.004677268475210377,-0.0009398496240602555,0.2307692289940763,-0.00748362956033677,0.0065975494809993995,0.1499999996250025,-0.003741814780168385,0.0009416195856872785,51600,51612,,1.3228141310473962,5.692420427595478,-0.3568116586320766,3.6009021991953185,0.008043628076397509,1.6161860935026708,1.066,0.0019051705669409788
2025-04-24,0.0,-0.010348071495766603,0.013170272812793992,-0.010348071495766603,-0.0009496676163341784,0.1428571418367347,-0.010367577756833082,0.004761904761451145,0.28947368344874885,-0.0028222013170271796,0.0,51648,51667,,1.7789525601808893,3.2157254285340433,-0.3475193129288017,1.516444325941591,0.008236066420554822,1.6998405689245093,1.063,0.0029450225088806644
2025-04-25,0.0,0.001901140684410648,0.013307984790874536,0.003802281368821296,-0.0009478672985780947,0.4999999964285794,-0.005671077504725903,0.00954198473191394,0.046511627798810046,0.0,0.0,51716,51700,,1.557317352135039,3.3812315971436075,-0.3683555442171303,1.3531796600446826,0.008555340789097358,1.6364046952052076,1.052,0.0030181949358317347
2025-04-28,0.0,-0.0028462998102467872,0.01043643263757127,0.0028462998102465765,-0.004734848484848594,0.3636363603305749,-0.0066350710900472945,0.008587786258722441,0.05999999988000275,-0.005692599620493364,-0.0009505703422054295,51757,51749,,2.7502231353364412,3.3812122155351743,-0.6113237761308181,1.1129003933804427,0.008874409080212635,1.2395191360487343,1.054,0.0035758620474919812
2025-04-29,-0.0028544243577544167,0.0047709923664121115,0.01046622264509981,0.0019083969465648872,0.002857142857142754,0.8181818107437999,-0.004752851711026725,0.008604206500133342,0.10204081611828063,-0.0019083969465648872,0.0,51829,51792,,1.3989591684014895,5.454679018521124,-0.32660300947724397,2.4186497641601368,0.008919829310947458,1.233207440772288,1.051,0.0029414111245178033
2025-04-30,-0.0009496676163341784,0.00950570342205324,0.013295346628679974,0.00950570342205324,0.0,0.8571428510204082,-0.0018832391713747663,0.007582938387906838,0.3703703689986389,0.007604562737642592,-0.0009407337723423236,51861,51840,,1.6927847146681057,2.797834225560184,-0.3805250980989638,1.91926752757569,0.008079723015724061,1.7327326443593616,1.053,0.003324362503738649
2025-05-06,0.004708097928436811,0.010309278350515578,0.013182674199623363,0.007497656982193072,0.0018587360594795553,0.9999999928571429,-0.003745318352059928,0.013157894735605472,0.23913043426276925,0.001874414245548268,0.0027906976744187105,51920,51889,,1.6867462588584314,4.503303995170598,-0.3756550183427175,1.8369584571315662,0.008230189254184716,1.7010544226277837,1.062,0.002732207743942873
2025-05-07,0.015769944341372823,-0.012785388127853892,0.02411873840445271,-0.012785388127853892,0.0,0.3461538448224809,-0.016483516483516498,0.006517690874625815,0.2745098033833135,-0.009132420091324209,0.004646840148698785,51936,51975,,2.1676607394642526,9.596035802134255,-0.37034692664956337,5.024341154370249,0.010307564894882498,2.5224192147135147,1.078,0.0037495881311318245
2025-05-08,-0.0037002775208140643,0.0,0.0074005550416281285,0.0009285051067781913,-0.0018535681186283614,0.4999999937500001,-0.00555555555555556,0.004651162790265116,0.0,0.0018570102135561763,0.0,52001,52015,,1.5720881594046863,4.418781333338391,-0.38535019042083984,2.2079989563037095,0.009158386560407948,0.8735162967713854,1.081,0.0034791436197069655
2025-05-09,-0.0037140204271123526,-0.015843429636532996,0.016713091922005586,-0.013979496738117337,-0.0028328611898015975,0.0,-0.013084112149532721,0.004730368968332147,0.3863636354855288,-0.007455731593662635,-0.0018903591682419675,52032,52049,,1.7768542718675044,4.383477385304085,-0.4154871537600579,2.291548929553075,0.008826765077293932,2.039252165255672,1.077,0.002342518021766627
2025-05-12,0.0047348484848483835,0.0018850141376060337,0.012310606060605966,-0.0037700282752120675,0.005676442762535483,0.692307686982246,-0.009389671361502356,0.010436432636580888,0.036363636297520735,-0.0018850141376060337,0.0028301886792451805,52088,52083,,1.6007594130005485,5.0204467939577375,-0.39137247271116105,2.581015461650718,0.010305555513434804,1.2614555185217275,1.056,0.003693920579890173
2025-05-13,0.0065851364063971,-0.009345794392523372,0.012229539040451667,-0.009345794392523372,0.0,0.07692307633136884,-0.010270774976657236,0.004690431519259709,0.23809523752834214,-0.0018691588785046745,-0.0009425070688029122,52130,52151,,2.6577632425269644,8.701644440234444,-0.46312114004230215,4.3856900691694305,0.009786510715425092,1.3283590285835134,1.063,0.003706417842470399
2025-05-14,0.0018867924528301902,0.0028248587570620445,0.015094339622641522,-0.0037664783427495325,0.006616257088846782,0.562499996484368,-0.00840336134453772,0.013245033111329716,0.06521739116256847,-0.0009416195856874876,0.001881467544684856,52208,52194,,0.6513749120269492,3.3609421300836813,0.07927767472651699,2.344389288205273,0.009670139788833885,1.6545779258555735,1.06,0.004885000279411298
2025-05-15,-0.0028169014084506025,-0.011299435028248596,0.0131455399061033,-0.008474576271186552,-0.0028490028490027464,0.07142857091837529,-0.009433962264150952,0.002846299809976529,0.3428571418775543,-0.007532956685499065,-0.001901140684410648,52224,52260,,1.4844002862735095,4.0729453067109676,-0.3220196148724199,2.006896630407042,0.007619166682198502,1.837471261648945,1.065,0.0030561788596285555
2025-05-16,-0.0019047619047619063,-0.0038167938931297743,0.008571428571428685,-0.0028625954198474367,-0.0009569377990429568,0.3333333296296379,-0.0066730219256433704,0.004798464490902156,0.08163265289462668,-0.0009541984732825495,0.0,52277,52283,,1.3110186520986018,3.5664245306609894,-0.3024614567211045,1.8717088279315395,0.008004380569019007,1.12438430556341,1.05,0.001871070090791218
2025-05-19,0.0,0.0009578544061301627,0.013409961685823766,-0.001915708812260538,0.0028790786948175544,0.7142857091836735,-0.0067114093959730545,0.010617760616735639,0.026315789404429517,-0.0067049808429119895,-0.001910219675262657,52358,52325,,1.0454984407456636,2.834311775651628,-0.16524766662158866,1.176948298987231,0.007431680381085469,1.883826953490764,1.044,0.0022558730519792974
2025-05-20,0.0,0.0028708133971292954,0.008612440191387674,0.004784688995215422,-0.0019047619047619063,0.5555555493827217,-0.0038131553860819866,0.006704980842269537,0.07894736821329978,0.0019138755980861262,0.0,52393,52368,,1.347043624984432,2.9073550154892014,-0.38943459470440556,0.9770226295141665,0.008581594242599737,1.048756168224287,1.045,0.0028435224159562627
2025-05-21,-0.0009541984732825495,-0.001910219675262657,0.006679389312977211,0.0009551098376314346,-0.0038131553860819866,0.2857142816326486,-0.0038167938931297743,0.004789272030192496,0.09523809478457898,-0.0009551098376312225,0.0,52417,52422,,1.4421014910370875,3.3605955615017113,-0.3193799043721605,1.507126799702246,0.006252737448060091,1.1195096461664003,1.048,0.0021604366738883045
2025-05-22,-0.0009569377990429568,-0.004789272030651452,0.011483253588516757,0.0,-0.004789272030651452,0.08333333263887964,-0.010486177311725357,0.005752636624568305,0.12499999968750694,0.003831417624521076,-0.0019212295869356407,52467,52509,,1.160575089300494,3.1870320946897457,-0.04954562844866235,1.8290680642463215,0.007929279754580347,1.5133782916071772,1.045,0.002223549146103545
2025-05-23,-0.0009624639076033589,-0.007707129094412338,0.016361886429259027,0.004816955684007604,-0.011516314779270643,0.058823529065750085,-0.01435406698564584,0.008687258686420049,0.18604651119524115,-0.0009633911368016492,-0.0009699321047525605,52532,52559,,0.8765518300845682,1.824737624662426,0.23734768316138233,0.7695029965979474,0.008740302635563536,1.9450127203064256,1.039,0.0018542167126894265
2025-05-26,0.004854368932038731,0.0,0.0077669902912621425,-0.0028985507246375767,0.0029069767441859415,0.6249999921874863,-0.005791505791505796,0.004854368931567433,0.0,-0.001932367149758456,0.0029069767441859415,52572,52582,,2.2965093397651493,7.091831742827384,-0.44341746778439706,3.6000470657896377,0.007195000943880866,1.111883090941838,1.03,0.00226814520286723
2025-05-27,-0.0009661835748791207,-0.005802707930367509,0.00966183574879228,-0.004835589941973032,-0.0009718172983478036,0.2999999970000111,-0.00773694390715668,0.0029211295031236623,0.1874999994140586,-0.00193423597678917,0.0,52608,52654,,0.9828317647509238,2.259640511023808,0.0035206039886002587,1.2831504284775006,0.006938264532477937,1.4412825871746264,1.035,0.0023058631181971144
2025-05-28,-0.0009727626459145058,-0.003894839337877316,0.006809338521400676,0.0,-0.003894839337877316,0.14285714081631298,-0.006802721088435273,0.0039062499996185334,0.11764705847750942,0.0,-0.0009765625000001093,52656,52695,,1.3805683707986987,2.9677906633520714,-0.3077687867584277,1.3961985611570538,0.0058870084256484575,1.1890589200784012,1.028,0.0018869092640327898
2025-05-29,0.0009775171065494741,0.015625000000000014,0.016617790811339107,0.012695312499999903,0.002892960462873784,0.9411764650519092,-0.0038461538461538494,0.014634146340035816,0.39024390148721105,0.007812500000000007,0.0009624639076035727,52721,52704,,2.070292120019329,1.7213713655070966,-0.5126270110301605,0.9289440555821191,0.00725671809584914,2.342656768692485,1.023,0.002042077510958455
2025-05-30,-0.0028846153846154936,-0.006750241080038472,0.008653846153846054,-0.005785920925747354,-0.0009699321047525605,0.2222222197530892,-0.004835589941973032,0.0048590864912674515,0.17948717902695566,-0.006750241080038472,-0.0009699321047525605,52752,52760,,1.3671763280567095,4.842840613326803,-0.2640592589720572,2.596351985841672,0.008146866239161719,1.1047192411562214,1.04,0.0023823106281019852
2025-06-03,-0.0019417475728155356,0.005836575875486387,0.011650485436893215,0.008754863813229471,-0.0028929604628735697,0.4999999958333334,-0.005769230769230774,0.006776379476594849,0.16216216172388945,0.011673151750972773,0.0,52805,52800,,2.1065875416981843,4.267957743844712,-0.4307755563852887,1.9119571155331545,0.008908020114642886,1.3471006700540002,1.03,0.002742796580817096
2025-06-04,0.0,0.005802707930367509,0.006769825918761988,0.005802707930367509,0.0,0.857142844897973,-0.0028818443804033544,0.0038572806167929373,0.1935483864724211,0.00386847195357834,0.0009624639076035727,52857,52848,,1.7823953137671866,2.403100911875142,-0.3233941341105772,1.655645007847604,0.006385947019191344,1.0961569003544003,1.034,0.001953609802207838
2025-06-05,0.0009615384615383556,0.009606147934678204,0.016346153846153753,-0.0009606147934677137,0.010576923076922979,0.8823529359861584,-0.0019193857965451072,0.014464802312973622,0.2222222217283956,0.0,0.0009523809523808474,52940,52896,,0.4244036690732322,2.5110755396529627,0.329430803347614,0.9158303311649939,0.007588273832200954,2.2402986702760095,1.04,0.0017562998378034852
2025-06-06,0.0,-0.0038058991436726963,0.007611798287345393,-0.0038058991436726963,0.0,0.4999999937500001,-0.004766444232602377,0.004789272030192496,0.1212121208448138,-0.006660323501427113,0.0019138755980861262,52944,52950,,1.7702095830973241,4.974857788097458,-0.3925102286586197,2.2026850186954325,0.00795077342944471,1.0061914064553585,1.051,0.001985874482821415
2025-06-09,0.0009551098376314346,0.0047709923664121115,0.011461318051575943,0.0047709923664121115,0.0009505703422052185,0.6666666611111112,-0.004739336492890894,0.009569377989514901,0.1388888885030799,0.0028625954198472246,0.0019029495718363482,53001,52992,,1.4733257921090834,3.140115157042309,-0.2882386971733906,1.1375817175607648,0.007299846474794334,1.643870165906617,1.047,0.0025306928391172915
2025-06-10,0.0009496676163343893,-0.020872865275142333,0.025641025641025772,-0.012333965844402392,-0.008645533141210276,0.18518518449931748,-0.017191977077363915,0.0048590864912674515,0.5116279057869237,-0.009487666034155606,-0.0009680542110357115,53040,53070,,0.6309617570994931,4.36054659554738,-0.07306797961344716,1.95600597279169,0.01052098878993633,2.5662986894536615,1.053,0.004616309899629072
2025-06-11,0.0009689922480619088,-0.0019361084220716378,0.009689922480620164,0.0009680542110359265,-0.003864734299516912,0.09999999899998892,-0.007699711260827726,0.004835589941505159,0.06060606042240608,0.005808325266214913,-0.0019361084220716378,53092,53088,,1.1558201530058685,2.6249307828550554,-0.21200834218226816,0.9963769549167987,0.007895493397112319,1.2665452772087507,1.032,0.0024764316496819418
2025-06-12,-0.0019398642095053366,-0.001943634596695823,0.007759456838021346,0.0,-0.001943634596695823,0.3749999953124862,-0.005819592628516009,0.004873294346503474,0.06060606042240771,-0.0029154518950436268,-0.0009727626459145058,53144,53136,,1.4435944235830427,6.9341393388434405,-0.3036299614752709,3.716994585647658,0.006447443745279218,1.240801811070842,1.031,0.0017811773618785125
2025-06-13,-0.003894839337877316,-0.000977517106549257,0.01168451801363195,-0.004887585532746719,0.0039292730844793745,0.4999999958333334,-0.010700389105058484,0.007866273352225546,0.01960784309880576,-0.000977517106549257,-0.000977517106549257,53186,53208,,1.6499725600761088,3.3596197907412355,-0.44042007499503105,1.5734431466550207,0.00970124362684141,1.2369548006301914,1.027,0.0031937947970086546
2025-06-16,-0.001956947162426616,0.000980392156862637,0.006849315068493048,0.0,0.000980392156862637,0.4285714224489706,-0.004882812500000113,0.004906771343973934,0.030303030211199063,0.003921568627450984,0.0,53238,53232,,1.3508830147226973,3.5285307863671993,-0.2742595436466158,1.1932353081200047,0.007227769483441388,0.9684868781700919,1.022,0.003687001143795408
2025-06-17,0.0009794319294810108,-0.00978473581213308,0.012732615083251618,-0.008806262230919881,-0.0009871668311943632,0.15384615266272322,-0.008832188420019527,0.003956478733535466,0.32258064412070875,-0.004892367906066649,0.000989119683481812,53280,53317,,1.3632928014703178,2.1798488848770234,-0.27911647832458225,1.0814983120379977,0.006855911865519601,1.8961737060482582,1.021,0.00267486996905737
2025-06-18,-0.000988142292490229,0.006923837784372026,0.011857707509881433,0.0019782393669634047,0.004935834155972474,0.7499999937500094,-0.006889763779527674,0.011892963328851055,0.17499999956249987,0.0029673590504452167,-0.0009813542688909616,53357,53344,,0.835632782775122,2.606054360479069,-0.07071271664557321,2.37175825889296,0.009028811210966273,1.3290786114252904,1.012,0.0028883706475075297
2025-06-19,-0.0019646365422396873,-0.0039370078740157514,0.014734774066797764,-0.002952755905511923,-0.001972386587771205,0.1999999986666726,-0.01269531250000012,0.005893909626140092,0.11111111080246981,0.006889763779527456,0.000989119683481812,53383,53419,,1.188292181516235,1.9166586302479214,-0.16273203384292403,1.1343003038989379,0.00836559218276611,1.7930589362933103,1.018,0.0023955222731967996
2025-06-20,0.0,-0.005928853754940716,0.011857707509881433,-0.0019762845849802388,-0.003960396039603964,0.08333333263889815,-0.011799410029498537,0.003948667324388092,0.13953488339643086,-0.0019762845849802388,-0.0009930486593842005,53425,53469,,1.0166107372637219,2.5256345655485313,-0.04093079076875832,0.7682039702720871,0.008813166371312256,1.3615991527064897,1.012,0.0035155359753971348
2025-06-23,-0.0039761431411530854,0.00998003992015969,0.013916500994035798,0.005988023952095814,0.0039682539682539715,0.7857142801020488,-0.006896551724137829,0.009950248755228841,0.21276595699412051,0.00998003992015969,-0.0009871668311943632,53478,53472,,1.3723438167581203,3.1232384243539273,-0.3250221576216169,1.3888011412499222,0.008345093695344375,1.6776324321016547,1.006,0.0022344831363280597
2025-06-24,0.0019762845849802388,0.014792899408283927,0.01877470355731238,0.012820512820512723,0.002923976608187029,0.8421052587257568,-0.005825242718446607,0.010794896956742524,0.33333333259259096,0.0069033530571991075,0.0,53530,53520,,2.7909306383553103,4.19044377646481,-0.6218376722092074,1.974488076077447,0.01127831076427094,1.6846494327613428,1.012,0.0039648755573332565
2025-06-25,0.0029154518950438423,0.015503875968992262,0.021379980563654054,-0.0009689922480621239,0.01747572815533982,0.9545454502066166,-0.007722007722007728,0.01945525291639542,0.296296295747597,0.0029069767441859415,0.0,53612,53579,,0.7067618613312593,3.6136579270753098,0.09072422979447456,1.4446804075414623,0.010105045361593476,2.177130234952037,1.029,0.003591915118609131
2025-06-26,-0.0009541984732825495,-0.0057306590257879715,0.016221374045801647,0.003820439350525314,-0.010456273764258669,0.0,-0.013270142180094799,0.010536398466423619,0.10344827568371066,0.0057306590257879715,-0.0028735632183909134,53622,53662,,1.9248441800145881,3.190554575600314,-0.47943956458930287,2.7784637688307914,0.010539842612238063,1.6129272954197904,1.048,0.0035000260952114657
2025-06-27,0.0038424591738712814,-0.0038277511961722524,0.01056676272814613,0.0028708133971292954,-0.0057306590257879715,0.18181818016528745,-0.009523809523809532,0.008645533140379988,0.08510638279764458,-0.0009569377990429568,0.0009615384615383556,53673,53665,,1.544381238795919,4.186604128216158,-0.4567997401546354,2.668619841134138,0.0099663417420438,1.10371490104782,1.041,0.0026564909142448357
2025-06-30,0.0019212295869356407,0.01246404602109312,0.012487992315081771,0.0076701821668264695,0.004757373929590976,0.9999999923076924,-0.0037986704653371357,0.008595988537861051,0.31707316995835655,0.008628954937679885,0.0009478672985783052,53754,53712,,1.3587670769867355,3.420244018818268,-0.4033586109941265,1.992443065901779,0.008767295981642997,1.482783275361212,1.041,0.00366091866355673
2025-07-01,-0.0009469696969698029,-0.0066350710900472945,0.01041666666666657,-0.0075829383886256,0.00191204588910134,0.3636363603305822,-0.005708848715509044,0.004780114722296254,0.16279069729583678,-0.004739336492890894,0.0009551098376314346,53760,53762,,2.2173981323422565,4.051568032148755,-0.48074254512387127,2.2067184696665354,0.00814230109822943,1.3509694289363658,1.056,0.002831395682769484
2025-07-02,-0.0019083969465648872,-0.010516252390057476,0.01335877862595421,-0.008604206500956136,-0.002890173410404734,0.21428571275509412,-0.007677543186180429,0.002895752895473278,0.33333333232324575,-0.006692160611854796,0.0009671179883944776,53808,53847,,1.2723836995459252,3.7826534452510034,-0.2900441075825307,1.9152949167393643,0.007937308334371524,1.7638220960867237,1.048,0.0020611566139435954
2025-07-03,0.0009661835748793352,0.0,0.006763285024154488,-0.0009652509652510733,0.0009661835748793352,0.5714285632653153,-0.0057803468208092535,0.004844961239840501,0.0,-0.0009652509652510733,0.0009661835748793352,53856,53860,,1.059736378901606,3.302984753082273,-0.1605241164664727,1.2770706193940355,0.007512757227156646,0.9317484506915633,1.035,0.00273109936165701
2025-07-04,0.0009652509652508589,-0.0019286403085824512,0.021235521235521252,-0.0019286403085824512,0.0009671179883944776,0.36363636198347105,-0.011461318051575943,0.017492711368562435,0.04255319139882249,-0.004821600771456021,0.0,53932,53914,,0.6734950071659492,1.2770644340765014,-0.08230115250764602,2.1908118555395273,0.011130973276361207,1.976466860186847,1.036,0.0034405485542479304
2025-07-07,-0.001932367149758456,-0.0038722168441432756,0.00966183574879228,-0.0019361084220716378,-0.0019398642095053366,0.09999999899998892,-0.007722007722007728,0.002918287937459205,0.12121212084481053,-0.0019361084220716378,-0.0009708737864078756,53952,53978,,1.4352427349920542,5.078622988985927,-0.3490024677666114,2.0167743363633654,0.006548693606004931,1.527022097678862,1.035,0.0019098587643346066
2025-07-08,0.001943634596695823,0.012609117361784794,0.01652089407191439,0.011639185257032019,0.0009587727708534152,0.9411764650519092,-0.0028985507246375767,0.01162790697561746,0.2888888882469168,0.0029097963142581122,0.0,54035,54000,,1.4741274735797307,1.8235431654537138,-0.1333840055555714,1.8966615943954053,0.009108494756917822,1.866389592028869,1.029,0.0025981958172790107
2025-07-09,0.0,-0.007662835249042152,0.012452107279693604,-0.003831417624521076,-0.0038461538461538494,0.23076922899408944,-0.00957854406130269,0.0019342359766021066,0.23529411695501115,-0.0028735632183909134,-0.0009643201542911186,54049,54092,,0.9159649118339926,2.385860330212594,0.09394355264701669,0.9294795032890089,0.007810242003613982,1.664481052896519,1.044,0.002058150388460688
2025-07-10,-0.001930501930501932,-0.0009671179883946923,0.007722007722007728,-0.0029013539651838623,0.0009689922480619088,0.3749999953124862,-0.0057803468208092535,0.0067895247326102475,0.022727272675621784,-0.0009671179883946923,0.0,54134,54112,,0.7550266652443062,1.6930279866272337,0.20004735109118124,1.2585780659628827,0.007594431022077714,1.053403457270587,1.036,0.0025529447094537476
2025-07-11,0.0,0.013552758954501466,0.020329138431752304,0.011616650532429827,0.0009560229445505639,0.76190475827664,-0.005703422053231944,0.019379844959362433,0.2295081963450681,0.00677637947725084,-0.002857142857142965,54169,54144,,1.0418667142601044,1.508135485802024,-0.2391539531271754,2.424559611575136,0.010881217114008147,1.9299311452918495,1.033,0.003023890655919481
2025-07-14,0.0009551098376314346,-0.0019083969465648872,0.007640878701050628,-0.0019083969465648872,0.0,0.24999999687500005,-0.004761904761904872,0.0028708133968545764,0.06896551700356639,0.0019083969465648872,-0.0019083969465648872,54197,54219,,1.8299295003218035,4.7766970490835625,-0.5185690652880474,2.5840979955160823,0.0063932498229933195,1.251319766372344,1.047,0.0020578930685975824
2025-07-15,-0.00191204588910134,0.003831417624521076,0.012428298279158817,-0.004789272030651452,0.0086621751684313,0.8461538396449718,-0.009541984732824436,0.010597302503795923,0.07547169797080701,0.002873563218390701,-0.0009532888465203907,54243,54263,,1.4712736063629945,2.509846598825597,-0.17857049969338534,1.8915870195662208,0.010458186282854168,1.2430453545285032,1.046,0.004478540914230851
2025-07-16,0.0019083969465648872,-0.000952380952381059,0.014312977099236759,0.0019047619047619063,-0.0028517110266160777,0.26666666488888696,-0.01038715769593947,0.009532888464296207,0.02173913038752573,0.008571428571428473,0.0,54293,54321,,1.9972719074795084,3.4494045997486955,-0.573186034133662,1.8353199959875461,0.00815057710387521,1.8403604585045024,1.048,0.002638194663307857
2025-07-17,-0.0009532888465203907,0.008587786259541886,0.01239275500476635,0.0019083969465648872,0.005708848715509044,0.9999999923076924,-0.0028653295128938795,0.01245210727850066,0.2647058815743912,-0.0019083969465648872,0.0018957345971564,54376,54336,,0.7691996671405753,2.945335504347276,0.12183471077931184,1.020574394538928,0.007119117062956178,1.826069118182867,1.049,0.001740714347352663
2025-07-18,0.0028382213812678464,0.0,0.010406811731314948,-0.0018867924528301902,0.0018903591682419675,0.5454545404958734,-0.007525870178739424,0.005687203790930128,0.0,-0.0009433962264151998,0.0018903591682419675,54386,54418,,1.5907213848867134,5.2896884068655226,-0.393683765740135,2.3920709162593914,0.008444577691232052,1.3026110093296936,1.057,0.0037670758001731217
2025-07-21,-0.0009433962264151998,0.0018885741265344683,0.005660377358490571,-0.0009442870632671293,0.0028355387523628464,0.6666666555555558,-0.00470809792843702,0.003784295174665633,0.06896551700356902,0.0018885741265344683,0.0,54437,54432,,1.514204141277084,4.576940666122458,-0.2722301860415776,2.266135343286946,0.005967276260304954,1.0054838485297468,1.06,0.0020610748103740396
2025-07-22,0.0,0.007540056550424135,0.012252591894439325,0.008482563619227257,-0.000934579439252441,0.769230763313603,-0.006529850746268766,0.01036757775585614,0.17391304310018987,0.0028275212064091553,0.0,54508,54480,,1.3943106254277289,1.5163912494971616,-0.38242049245634996,1.9896807574056978,0.008785554402258297,1.4797017076905639,1.061,0.0021482192520702044
2025-07-23,0.0009354536950422002,0.003738317757009349,0.01590271281571574,0.008411214953270931,-0.004633920296570801,0.41176470346021143,-0.01108033240997231,0.013096351729364245,0.07142857130101984,0.004672897196261582,0.0,54558,54530,,0.9772135433370935,1.8890221890820706,-0.180816747497314,1.6986493193785706,0.010408737656245897,1.633243184534941,1.069,0.003552433646784426
2025-07-24,-0.0018621973929236514,0.013059701492537325,0.013966480446927283,0.009328358208955232,0.0027700831024931797,0.933333327111118,-0.0036866359447004643,0.012115563838572756,0.3414634138013041,0.004664179104477513,0.0018450184501845033,54623,54576,,1.3721506601282818,2.7813617351284097,-0.35664757987262774,1.0214998475083947,0.007733736404331498,1.939554055351993,1.074,0.0028478220405810345
2025-07-25,0.0,0.021178637200736563,0.030386740331491635,-0.0027624309392266237,0.024007386888273335,0.8181818157024787,-0.005509641873278242,0.025854108954214788,0.3484848479568383,0.0018416206261510145,0.009099181073703375,54668,54643,,0.5190301638518755,2.923577037934141,0.42892144402827637,1.0000157491502348,0.012227704726976854,2.6987893858212106,1.086,0.005049134671714364
2025-07-28,0.001803426510369704,-0.000900090009000801,0.009918845807033472,-0.004500450045004404,0.003616636528028936,0.6363636305785162,-0.005395683453237415,0.007246376810937834,0.020408163223654865,0.0,0.0,54693,54672,,2.884994621434825,6.569000497019769,-0.5555117951954124,3.356417522768788,0.010566784798382862,1.0409978158714632,1.109,0.003682637284536321
2025-07-29,-0.0036036036036036067,0.017179023508137346,0.019819819819819836,0.010849909584086808,0.005361930294906171,0.9090909049586776,-0.0036003600360036037,0.01716350496683248,0.292307691857989,0.0009041591320071336,0.0,54757,54720,,1.4181234711450468,1.3257989310239344,-0.35424476641222413,1.8684209543103178,0.012064919939563209,1.82346836347508,1.11,0.007154548689251543
2025-07-30,-0.0026666666666665703,-0.008912655971479508,0.021333333333333353,0.0008912655971478518,-0.008912655971479508,0.2916666654513935,-0.019503546099290604,0.009041591319254836,0.13333333315555734,0.0008912655971478518,-0.0026905829596411586,54783,54804,,0.8661263854678359,3.504255655737576,-0.02433915726531946,1.8948323899988457,0.012825353904435413,1.8712933765181112,1.125,0.005689979463131542
2025-07-31,-0.002697841726618807,-0.007213706041478816,0.024280575539568264,0.00450856627592436,-0.011669658886894184,0.07407407379972596,-0.020480854853072047,0.011711711710656512,0.11594202881747626,0.003606853020739408,-0.0018132366273798748,54843,54861,,0.6166702393089453,2.6800606951491264,0.18141544672655632,1.1298447671364287,0.013660455320274073,1.9765080423254444,1.112,0.004322043462986399
2025-08-01,0.0,-0.009082652134423259,0.026339691189827354,-0.007266121707538608,-0.0009157509157510182,0.31034482651604967,-0.021641118124436448,0.008294930874811637,0.14492753602184485,0.0027247956403270786,-0.0018298261665141828,54866,54895,,1.2032071455105486,2.3559514991530492,-0.39173414188239136,1.2685464050385569,0.011288667960428437,2.5689478904652354,1.101,0.003461535748067004
2025-08-04,-0.0036663611365719555,0.015639374425023115,0.01741521539871669,0.007359705611775536,0.0072992700729927066,0.9473684160664875,-0.003646308113035555,0.011915673692766778,0.3207547163759386,0.00919963201471942,0.000906618313690038,54959,54912,,1.5429928324820426,3.8203667754624564,-0.33695388602402926,1.5506486951600622,0.011273787296324124,1.6853253775386037,1.091,0.004581135378642081
2025-08-05,-0.0009057971014493766,0.005439709882139624,0.007246376811594209,-0.0009066183136898367,0.006352087114337473,0.9999999875000002,-0.003616636528028936,0.006352087113761058,0.1276595741964705,0.0,0.0009025270758121749,54993,54960,,0.946819552814205,3.0633264056258405,-0.11936234375059063,0.8047224367335762,0.008044958094194093,0.9944116310975325,1.104,0.002909881808111341
2025-08-06,-0.000901713255184752,0.0045126353790612755,0.009918845807033273,0.0036101083032491,0.0008992805755394692,0.8181818107437999,-0.004496402877697945,0.00814479637935352,0.10204081611828063,-0.00180505415162455,0.0008992805755394692,55051,55008,,1.1740693680597518,2.6473969222728324,-0.13980826321568576,0.8526203089232721,0.008597066938565804,1.2795061328072372,1.109,0.0023318259689776837
2025-08-07,0.0,-0.0008984725965857052,0.014375561545372879,0.006289308176100734,-0.008912655971479508,0.31249999804688194,-0.008057296329453803,0.010830324908769834,0.016129032232048215,0.0035938903863432198,-0.0017953321364452437,55079,55065,,1.9264346549387628,2.907228940972462,-0.380349291609462,1.7741016523505644,0.010604306508717395,1.5088209526917136,1.113,0.002464796044263617
2025-08-08,-0.002697841726618807,-0.011722272317402976,0.012589928057553967,-0.005410279531109112,-0.006346328195829461,0.07142857091837529,-0.00904159132007234,0.008204193253582225,0.24999999951922863,-0.00901713255184852,-0.0027297543221109113,55104,55151,,1.5885990783617554,5.671264309944498,-0.36666858726322626,2.9809863339243994,0.011231407014753619,1.246504543639021,1.112,0.003365669811455849
2025-08-11,0.0,0.006386861313868517,0.01003649635036487,0.009124087591240884,-0.002712477396021802,0.6363636305785088,-0.004520795660036271,0.007285974498425691,0.17073170690065026,0.0072992700729927066,0.0009074410163338383,55175,55152,,1.1210000466029715,1.977742255132043,-0.0942735212037509,0.9471128668476825,0.009375013295262953,1.1733316568441414,1.096,0.0027834289398399985
2025-08-12,0.0,0.019038984587488785,0.031731640979147706,0.015412511332729036,0.0026761819803747667,0.7428571407346962,-0.006200177147918419,0.02729754321862627,0.3134328353530886,-0.0009066183136898367,-0.0026619343389528765,55227,55203,,0.9448185481273997,0.7358539327355228,-0.05991628362369389,1.319854020398627,0.01097373824577568,3.189432707175227,1.103,0.003603683859624249
2025-08-13,0.0,0.008007117437722328,0.010676156583629704,0.007117437722419737,0.0008833922261485089,0.9166666590277855,-0.007079646017698926,0.010695187164821986,0.14062499978027268,0.0026690391459073767,0.003542958370239153,55272,55255,,1.1812977814604584,3.6467481989761867,-0.3007561653534301,2.201464526700967,0.011305515570115814,1.0614288060932704,1.124,0.003959601616036101
2025-08-14,0.0008826125330978728,0.0070546737213403946,0.028243601059135065,0.017636684303350986,-0.010398613518197583,0.24999999921875,-0.022317596566523625,0.02192982455947996,0.06611570242469758,0.022045855379188833,-0.008680555555555565,55302,55296,,1.6740652217490215,2.184533489912007,-0.583590419496073,1.446305516652757,0.020442746581235693,1.565347382080153,1.133,0.005602434593686799
2025-08-15,-0.006129597197898333,0.02026431718061666,0.025394045534150735,0.010572687224669614,0.009590235396686922,0.8965517210463699,-0.006956521739130441,0.017559262509432915,0.3108108103907966,0.005286343612334807,0.004336513443191582,55375,55344,,1.0046623577653733,3.4887697707730014,-0.2627577851129262,1.7217372441559011,0.01286647738701941,2.2539191499194193,1.142,0.004262750128887442
2025-08-18,0.011226252158894752,0.010247651579846294,0.030224525043177825,0.018787361229718205,-0.00838222967309305,0.6285714267755121,-0.012562814070351678,0.02753872633153714,0.13186813172322265,0.005977796754910243,0.0025423728813560287,55416,55394,,1.6128841153301339,3.4321177669505936,-0.568519264357693,2.0726459156335904,0.014470336163364983,2.4187413037947536,1.158,0.004883797914329347
2025-08-19,-0.0016906170752324613,-0.009314140558848535,0.019442096365173397,0.0008467400508043098,-0.0101522842639594,0.08695652136105818,-0.016806722689075647,0.00678541136498852,0.1279069765954593,0.005080440304826422,-0.0008539709649872859,55443,55481,,1.1836545898059736,2.886515944834131,-0.3226309403171093,1.474820965957526,0.015104249607310695,1.522750248816912,1.183,0.007070369183729871
2025-08-20,-0.003418803418803422,0.03602058319039454,0.03931623931623936,0.00600343053173252,0.030716723549488085,0.999999997826087,-0.009345794392523466,0.0360205831873053,0.3749999996651764,0.005145797598627792,0.004991680532445928,55533,55488,,0.6303779850852415,2.6100873788355727,0.25432143713291927,1.1647138822339567,0.017197580653434845,2.674794824894922,1.17,0.006152878325047403
2025-08-21,0.0008278145695365165,-0.0008271298593880164,0.026490066225165587,0.007444168734491229,-0.007395234182415874,0.21874999931640277,-0.022764227642276442,0.008237232289272063,0.007352941171064902,0.004135649296939531,0.0,55537,55578,,1.5836652914885505,5.270795067802807,-0.3976907895807183,2.877168659368295,0.023020891417343717,1.3900417356074823,1.208,0.008737491283256047
2025-08-22,0.008278145695364246,0.08620689655172413,0.08857615894039735,0.0435139573070607,0.04091266719118808,0.9813084102978427,-0.008468052347959892,0.07386363635764091,0.5675675672607747,0.04187192118226596,0.01691006917755574,55631,55584,,1.7530623173463609,2.3488665236980975,-0.6506567311350545,1.0529362618367304,0.027610863801732794,3.8752862054883006,1.208,0.009917290755627334
2025-08-25,0.015117157974300846,0.009679821295606942,0.05442176870748287,0.0,0.009679821295606942,0.5555555547839524,-0.047653429602888125,0.028051554205606514,0.055793991392363594,0.007446016381236045,0.011940298507462697,55632,55664,,1.8508014181750407,5.565900519851019,-0.5712826771118098,3.145310493886365,0.04775130361522734,1.5078122354393408,1.323,0.019475747759344
2025-08-26,-0.011799410029498535,-0.0029850746268656743,0.021386430678466177,0.005223880597014847,-0.0074294205052006,0.5172413775267557,-0.014084507042253452,0.015813253010857366,0.03149606296732613,0.0007462686567163356,-0.003728560775540562,55684,55681,,1.624657230534237,6.117485296478108,-0.3371938538544479,3.535381224720817,0.017872760384776483,1.6225809115889804,1.356,0.005651868173260684
2025-08-27,0.010479041916167673,-0.00962962962962972,0.04790419161676634,0.02962962962962949,-0.03882099209202016,0.015624999975584258,-0.044999999999999964,0.035502958577255564,0.054393305416572425,0.0014814814814814827,-0.00962962962962972,55752,55775,,0.8516550421745434,2.640520593828909,0.09133606666522706,1.1423228123244096,0.03121876851499433,2.050048827654936,1.336,0.010758074958736166
2025-08-28,0.002243829468960444,0.06940298507462685,0.07105459985041135,0.03358208955223875,0.03391053391053402,0.9789473673905817,-0.029957203994293736,0.06305637981728066,0.30097087368900594,0.022388059701492557,0.027977044476327224,55823,55776,,1.5247014475843044,2.5026686244480087,-0.48449904816289974,1.0570193694653474,0.0384688361829741,2.4695314228168104,1.337,0.012837340395293937
2025-08-29,-0.023028611304954736,0.008571428571428579,0.023726448011165406,-0.0014285714285714299,0.009292351679771193,0.8529411739619345,-0.021877205363443994,0.020158387327562408,0.07317073166270037,-0.0049999999999999255,0.010014306151645218,55839,55826,,1.9189697244216462,6.867469306397877,-0.46616894836269773,4.33432419626941,0.022432791424775656,1.5156383886708478,1.433,0.008496728005010288
2025-09-01,0.004957507082153058,0.008456659619450324,0.03328611898016993,0.0028188865398167747,0.0056219255094870045,0.851063827976462,-0.027855153203342645,0.02722063037054296,0.06557377045597042,-0.013389711064129759,0.0006993006993007776,55872,55876,,1.9798239406444007,4.608425425856119,-0.5095801258708121,2.5151615503806686,0.026869389486302592,1.7492023720538656,1.412,0.00903361876353176
2025-09-02,-0.0034940600978337634,-0.02244039270687239,0.039832285115304095,-0.02244039270687239,0.0007178750897343071,0.28070175389350516,-0.03491620111731847,0.015195369029291313,0.16326530603915054,-0.006311360448807782,0.006498194945848301,55920,55949,,1.4379224809126774,2.462430698176505,-0.5991429990375077,1.157272489553301,0.02606178010172929,2.187110763685207,1.431,0.007904255553056178
2025-09-03,-0.004304160688665714,-0.01657060518731982,0.026542324246771824,-0.01657060518731982,0.0007331378299119427,0.27027026953981087,-0.024460431654676124,0.016081871343853516,0.12169312162873384,-0.005763688760806922,-0.004376367614879654,55968,56013,,1.397128327888388,3.0763761429531025,-0.35516525104938645,2.0472559513329514,0.023907441059232582,1.5476353054083016,1.394,0.007850962023484724
2025-09-04,-0.0021978021978021184,-0.05873715124816451,0.07838827838827837,-0.05433186490455218,-0.0046583850931677055,0.20560747644335772,-0.07410124724871606,0.019017432645085798,0.30651340984424785,-0.02276064610866383,0.008654602675059105,56016,56059,,1.5908331995433864,1.8999840207694865,-0.47622893696871677,0.7909631928161007,0.03406694628174981,3.140874406557364,1.365,0.010226994498314487
2025-09-05,0.0,0.034321372854914226,0.0507020280811232,0.017160686427457113,0.016871165644171793,0.8615384602130193,-0.007662835249042153,0.04228660923709584,0.3308270674204305,0.006240249609984405,-0.003756574004507809,56106,56065,,1.0895139754146836,3.437167184450118,-0.09941008096632449,2.2059346566341445,0.018082360475054664,3.5946634141158555,1.282,0.005739008315760872
2025-09-08,0.0007541478129712593,0.0007535795026376126,0.024132730015082978,-0.006782215523737677,0.007587253414264043,0.7812499975585971,-0.020285499624342535,0.023006134967560897,0.00653594770814716,0.0,-0.0007524454477049585,56155,56128,,1.567677979092887,3.8085855124149663,-0.5045586715009053,2.682801998706399,0.021244238548105396,1.5062907421657048,1.326,0.009374976078652899
2025-09-09,-0.009789156626506116,-0.006083650190114074,0.025602409638554237,-0.0007604562737641748,-0.00532724505327254,0.17647058771626298,-0.02325581395348831,0.012917933129717408,0.06399999994879994,0.013688212927756667,0.0030698388334612463,56166,56193,,1.096240722127153,4.757932766137688,-0.28275118465312615,3.887995333928209,0.01661996151402706,2.0457327633840268,1.328,0.0038262430029638106
2025-09-10,0.005355776587605293,0.0053272450532723704,0.020657995409334457,0.0053272450532723704,-0.0007564296520424446,0.5185185165980775,-0.016553799849510924,0.019892884466725887,0.06194690260004595,0.0045662100456621045,-0.002265861027190418,56234,56222,,1.0714238924955137,2.860562946260019,-0.33245019563573647,1.2764141338499293,0.01712103661602786,1.5770073067318453,1.307,0.006747297496458067
2025-09-11,-0.005299015897047612,0.060121765601217625,0.07267221801665395,0.059360730593607185,0.0007183908045977816,0.9270833323676225,-0.012866333095067918,0.0695718654381061,0.4051282049204481,0.006849315068493072,0.002879769618430528,56281,56257,,2.001392141633347,1.9250861624018338,-0.5248744949114985,0.7821229083151329,0.025823964187393734,3.717477259944298,1.321,0.010245450963817479
2025-09-12,0.0,0.00933237616654695,0.030150753768844248,0.007178750897343869,0.0021382751247326385,0.4285714275510204,-0.016197183098591486,0.02004294917537275,0.07262569828344875,0.015075376884422044,-0.006360424028268635,56338,56304,,1.5597959801774561,3.9633284828277184,-0.48062956564646,2.477382374286404,0.025499962576434304,1.647061234282283,1.393,0.010277183438910651
2025-09-15,0.017780938833570507,-0.015373864430468218,0.026315789473684313,-0.00978336827393432,-0.004943502824858683,0.29729729649379316,-0.012613875262789079,0.018558172732436977,0.16923076910059143,-0.016771488469601692,-0.0021246458923511982,56352,56354,,1.7614367562290385,4.754070723728935,-0.40756826327133006,2.587460912391151,0.024675953016407196,1.4994354959848992,1.406,0.008991660085488106
2025-09-16,0.002838892831795602,0.009200283085633334,0.018452803406671416,0.010615711252653858,-0.0020993701889433967,0.4999999980769188,-0.013203613620569928,0.011243851018183856,0.07647058819031086,0.007077140835102625,0.00422535211267606,56411,56400,,2.015124816959803,3.1049757480564555,-0.621735354142362,1.8838166186299974,0.02546694006854579,1.020931443978991,1.409,0.01150344444295704
2025-09-17,-0.003506311360448733,0.01337086558761429,0.03085553997194954,0.009852216748768482,0.0027855153203342644,0.7954545436466917,-0.022099447513812175,0.021877205361899927,0.1194968552707564,0.01055594651653758,0.0013908205841446466,56452,56448,,1.7504773544490357,3.0965792254904065,-0.5995082377540156,1.6992956990571904,0.022173646612845665,1.9843375593474168,1.426,0.01122154922058015
2025-09-18,0.011111111111111122,-0.0041208791208791245,0.06458333333333331,0.02266483516483526,-0.02619207521826739,0.3978494619377956,-0.053297801465689444,0.031615120272741104,0.02255639096896378,0.011675824175824263,0.011863224005582627,56507,56540,,1.2998887077359196,3.21525302032424,-0.36538082345695416,2.033228206543657,0.030508537272019253,3.048327058946275,1.44,0.01121028308064863
2025-09-19,0.004137931034482762,-0.01717032967032961,0.031034482758620793,-0.0041208791208791245,-0.013103448275862005,0.11111111086419972,-0.026603001364256428,0.01191310441402144,0.14450867043670018,-0.0013736263736263748,-0.009002770083102424,56545,56578,,1.1756862382867659,4.066015769439448,-0.3423533640750953,2.9365918085863623,0.023923638126243343,1.88098480567378,1.45,0.011335422156972506
2025-09-22,-0.0034940600978337634,0.03716690042075747,0.05171208944793855,0.018232819074333818,0.018595041322314144,0.7972972962198701,-0.017426273458445055,0.04481792716772988,0.2834224597414857,0.01332398316970556,0.004755434782608776,56621,56592,,1.1241911155725606,2.7885510202261523,-0.4633009827572602,1.1207039688268379,0.023712399964462783,3.120730073667327,1.431,0.006671282153152094
2025-09-23,-0.0006761325219743826,-0.0020297699594045275,0.03921568627450984,-0.025710419485791634,0.024305555555555657,0.7413793090665893,-0.0343203230148048,0.02926829268088725,0.015384615376725242,-0.005412719891745607,0.01654031702274295,56641,56678,,1.7184610785635352,2.8515654888262243,-0.5187454345470954,1.1581736024536116,0.02431417643331913,2.3854396187557194,1.479,0.0068873899086850255
2025-09-24,-0.007457627118644149,0.0450819672131148,0.061694915254237266,0.05737704918032792,-0.012265978050355007,0.7472527464315913,-0.017441860465116366,0.04736129904956964,0.34020618539164743,0.024590163934426253,0.005256241787122212,56712,56688,,1.9628690992260787,1.9985717742995943,-0.6055068816952606,1.3104309636667644,0.02644969012400961,3.440493980432143,1.475,0.011030619959126079
2025-09-25,-0.003921568627450984,0.015748031496063006,0.025490196078431466,0.02034120734908131,-0.004501607717041734,0.6923076905325453,-0.012273901808785612,0.018312622627971724,0.14201183423549585,0.009186351706036754,-0.005141388174807203,56761,56736,,1.9771293186520853,3.842071842649075,-0.6384054327060987,2.092147409111741,0.02322397995743689,1.6792987206993137,1.53,0.01112175776275164
2025-09-26,-0.006459948320413442,-0.009102730819245782,0.02454780361757108,0.0013003901170351116,-0.010389610389610398,0.07894736821329931,-0.02120822622107978,0.012361743655669456,0.08092485544455194,0.004551365409622818,-0.004572175048987522,56786,56827,,1.3916536887153748,3.474168508249792,-0.3306065768599309,1.4476958845620649,0.02220647482771186,1.711212613604834,1.548,0.0065706189078988415
2025-09-29,-0.005249343832021002,0.017810026385224217,0.03215223097112856,-0.0006596306068602321,0.019154557463672336,0.9795918347355246,-0.015748031496063006,0.028666666664755508,0.18367346926280737,-0.008575197889182139,0.0045572916666665984,56868,56837,,1.3443881365777401,2.4428433223803565,-0.4075653575277165,0.8082926115773417,0.02187124029713437,2.240385049510957,1.524,0.010537709950103044
2025-09-30,0.011665586519766699,0.005765534913517053,0.018146467919637088,0.007687379884689309,-0.0019071837253654747,0.6428571405612244,-0.009499683343888475,0.008945686900386865,0.07317073164782964,0.004484304932735501,-0.0006365372374283195,56900,56880,,1.7542462384578743,3.8730889109628404,-0.5631379842404641,2.264438987872184,0.015661791570262106,1.787790349246258,1.543,0.006027423783038778
2025-10-09,0.02356687898089167,0.006845052893590616,0.0452229299363057,0.030491599253266916,-0.023536511768255837,0.30985915449315665,-0.031231231231231258,0.03609209707304968,0.045833333314236405,0.006845052893590616,0.003099814011159402,56944,56928,,1.7780238655530258,3.6218894458532422,-0.5757003305798175,2.0667070152627325,0.024856763985887726,2.8563653641589557,1.57,0.004900379840943895
2025-10-10,-0.020395550061804782,-0.03596214511041006,0.04697156983930783,-0.027760252365930625,-0.008436080467229008,0.15789473663434905,-0.03865652724968325,0.010946555054027992,0.33529411744982457,-0.01577287066246051,0.0,56976,57021,,1.5478187253605935,3.5256276301509373,-0.39084844400884516,2.383106791294457,0.023669105134016724,3.210936756949076,1.618,0.010944581496276862
2025-10-13,-0.037958115183246106,0.05170068027210889,0.052356020942408425,0.03265306122448983,0.019788918205804768,0.9499999988125001,-0.018745959922430458,0.01976284584850049,0.368932038655859,0.04081632653061228,0.005855562784645491,57027,57024,,2.6366249658952547,6.064041835017694,-0.5652249387531114,3.2103648872718504,0.05338046020945986,1.498675723967536,1.528,0.02294364474876873
2025-10-14,0.009055627425614497,-0.050641025641025614,0.06015523932729623,-0.037179487179487214,-0.013981358189081163,0.11827956976529212,-0.05516356638871062,0.012786002690929546,0.3657407405714169,-0.008333333333333411,-0.0033647375504709917,57072,57117,,1.2050678113073123,2.700463973682709,-0.2574094573459242,1.8380957994737914,0.024233844463384002,3.8376081746648576,1.546,0.006776269452763467
2025-10-15,-0.0013504388926401092,0.014874915483434616,0.02835921674544229,-0.004732927653820228,0.019008825526137,0.9761904738662105,-0.015446608462055159,0.02527322404198948,0.12021857916927774,-0.004732927653820228,0.0026720106880426062,57165,57121,,1.3280049094692843,3.102039243825464,-0.44104523306622123,2.2814971264373383,0.02551626634739645,1.6460088346618398,1.481,0.0107329470712962
2025-10-16,-0.00932711525649553,0.0,0.024650233177881363,0.011432414256893009,-0.011303191489361639,0.2162162156318487,-0.022442244224422318,0.014056224898657486,0.0,0.008742434431741695,0.000672947510094288,57186,57212,,1.1476762480466338,2.266688274904255,-0.2874973372464928,1.2290408814285716,0.014708002861944295,2.515637241557149,1.501,0.004514695063193431
2025-10-17,-0.00605245460659053,-0.030446549391068965,0.03967720242098195,-0.01962110960757775,-0.011042097998619747,0.08474576256822924,-0.03508771929824565,0.01453287197131254,0.30612244877134615,-0.02097428958051415,-0.002089136490250621,57216,57262,,1.1558281922325624,1.699590310431963,-0.21013978877069242,1.256565497233779,0.01849239521236183,3.1905006897921835,1.487,0.006045289335729291
2025-10-20,0.01605024424284711,-0.013049450549450486,0.030006978367062054,-0.003434065934065861,-0.009648518263266721,0.2790697667928617,-0.027285129604365646,0.0159390159379113,0.15447154458986007,0.0027472527472527496,0.0034916201117319245,57271,57302,,1.3887001331036617,5.0668869204644675,-0.3725016453685001,3.18977514462647,0.015219514360736501,2.8253200922363115,1.433,0.004594077297971791
2025-10-21,0.004175365344467645,0.023562023562023582,0.03061934585942939,0.015939015939015876,0.0075034106412006285,0.9318181797004157,-0.006761325219743076,0.02779708130453115,0.25373134309422907,0.003465003465003391,0.0013559322033898317,57339,57313,,1.5021266163646316,2.537877255468643,-0.49444759343782346,1.303153614635332,0.01587345548659311,2.771923212306897,1.437,0.004837434052166449
2025-10-22,-0.007447528774543074,0.0068212824010914115,0.03182125930941092,-0.004774897680763912,0.011651816312542772,0.5744680838841094,-0.014725568942436425,0.026804123709497946,0.07194244599140802,-0.004092769440654847,-0.0006770480704130751,57390,57363,,0.8946173033682882,2.8344420553231306,-0.1851800064563883,1.3846961238884714,0.018839236516424492,2.494793231644228,1.477,0.007249753390569513
2025-10-23,-0.007452574525745189,0.005460750853242325,0.020325203252032537,-0.008191126279863488,0.01446280991735546,0.9333333302222222,-0.011619958988380127,0.018672199168833274,0.07547169804200753,-0.011604095563140017,0.005460750853242325,57453,57414,,1.5529763423385583,2.670366788671711,-0.3462512085448596,1.0999595534480118,0.013578374344556315,2.2093955445474758,1.476,0.005663050174111603
2025-10-24,0.012898845892735848,0.028820375335120593,0.036659877800407366,0.015415549597855167,0.013201320132013214,0.9074074057270213,-0.009894459102902457,0.029431438125121518,0.32089552214858563,0.010053619302948996,0.0032679738562090806,57499,57457,,1.3694670728695382,3.3732912006921016,-0.3817928448029449,2.000026256121432,0.015517230164630276,3.4800024926540387,1.473,0.003963054909292517
2025-10-27,0.01758957654723136,-0.002560819462227915,0.024104234527687247,-0.009603072983354752,0.006459948320413442,0.7567567547114705,-0.02044728434504794,0.018264840181456975,0.027027027008765685,-0.013444302176696626,-0.0019218449711722561,57506,57519,,2.028072013568698,5.254704880478127,-0.5600337787727329,2.897183264928887,0.019592589485960765,1.888469098873616,1.535,0.010607411225763216
2025-10-28,-0.008344030808729218,0.0,0.021181001283697137,0.013592233009708823,-0.013409961685823837,0.24242424168962268,-0.01849489795918376,0.014230271667902323,0.0,0.009061488673139167,-0.0006468305304011073,57573,57584,,1.1596526887428398,2.744288297499344,-0.3633337949372893,1.1637246088806459,0.016858384631303222,1.9574829098973294,1.558,0.006117266259477577
2025-10-29,-0.0025889967637540475,0.015574302401038301,0.020064724919093797,0.0006489292667100012,0.014257939079714855,0.87096773912591,-0.018506700701978247,0.0175552665788325,0.15686274499551442,0.012329656067488728,0.0044929396662387,57605,57611,,1.5362807654559627,2.583397445206944,-0.4383358205447179,1.158111040250767,0.020231337577284736,1.5322763375555724,1.545,0.010394821754865294
2025-10-30,-0.0025559105431309927,-0.01665598975016017,0.02236421725239626,-0.0038436899423446545,-0.012861736334405157,0.05714285697959166,-0.017914267434421,0.01296176279890074,0.14942528727044485,-0.002562459961563103,-0.005829015544041528,57649,57695,,1.0529244173921335,2.2384325029844288,-0.1779229380434571,1.342540899696493,0.02286981225064351,1.530401713113108,1.565,0.013258212525740604
2025-10-31,-0.006514657980456032,-0.024262295081967162,0.028013029315960867,-0.01836065573770479,-0.006012024048096271,0.023255813899402563,-0.017821782178217765,0.009999999999333268,0.2913385824477653,-0.013770491803278629,-0.0046822742474917165,57696,57741,,1.6984944860723468,4.381504868260867,-0.4559640436151144,2.584490146863223,0.01909490789814778,2.2519092526746376,1.535,0.006867832403082659
2025-11-03,-0.009408602150537643,-0.002713704206241522,0.02486559139784941,-0.015603799185888678,0.01309441764300476,0.7837837816654486,-0.01568894952251017,0.01940401940267472,0.02898550722537296,-0.012890094979647155,0.0034129692832763777,57744,57757,,2.0184240740612482,4.306178753036097,-0.6493552273992281,2.3793738132470006,0.017468628323206604,2.1180827196968948,1.488,0.005722453541514911
2025-11-04,0.003401360544217766,-0.013559322033898317,0.027891156462585134,-0.005423728813559327,-0.008855585831062603,0.21951219458655774,-0.02225219150370879,0.006206896551296158,0.2272727270144611,-0.0006779661016949911,0.0034482758620690453,57794,57834,,1.24406826379475,3.562244404947141,-0.31338042300440566,2.1010098534080845,0.01193384242515931,3.4356075935778967,1.47,0.005634932803701649
2025-11-05,-0.01718213058419253,0.020979020979020997,0.029553264604810944,0.013986013986014,0.006896551724137937,0.8139534864791774,-0.00764419735927736,0.026610644255839616,0.24793388409261596,0.0013986013986014,-0.004092769440654847,57882,57840,,1.5280610446770662,5.359709899030535,-0.40369788624541764,3.54873225589317,0.014234159459582008,3.020901923995479,1.455,0.005304798515229539
2025-11-06,0.010958904109589052,0.022357723577235717,0.02876712328767126,0.016260162601626032,0.005329780146568959,0.8809523788548727,-0.007947019867549676,0.024423337854516756,0.24812030056532286,0.0006775067750678265,0.001992031872509888,57904,57890,,2.396616665155652,3.6831391709043184,-0.627758680045178,1.4532478343637523,0.0164011585843863,2.560794685803724,1.46,0.006085719440624502
2025-11-07,-0.00994035785288264,-0.004685408299866061,0.014579191517561313,0.0013386880856760387,-0.006680026720106886,0.1363636357438067,-0.012624584717607912,0.010067114093284021,0.07216494837921084,-0.000669344042837945,-0.0033512064343162824,57963,57937,,1.3390486039511524,4.793698737096241,-0.3479090562769882,2.480290383223224,0.012210291774111324,1.8017587316356596,1.509,0.003618665095961395
2025-11-10,0.0026899798251513135,-0.008718980549966547,0.030262273032952203,-0.020120724346076476,0.012328767123287683,0.4222222212839492,-0.025350233488992683,0.011635865844514932,0.09774436082876536,-0.01073105298457412,0.0040760869565217425,57984,58008,,1.9637328179485178,2.764521918436891,-0.5836247520483071,1.6438259357618616,0.02088001555901332,2.1551707975168437,1.487,0.009465514659207834
2025-11-11,0.006765899864682009,-0.020833333333333277,0.028416779431664436,-0.013440860215053776,-0.007493188010899114,0.09523809501133787,-0.024161073825503376,0.006872852233204621,0.30097087349420293,-0.00873655913978488,-0.0041011619958988416,58032,58077,,1.1715811480251934,3.8735169378176613,-0.21608643731757735,2.4278052676031976,0.012185067951670911,3.4468416443715038,1.478,0.004100997593091196
2025-11-12,-0.007549759780370707,0.0020746887966805764,0.018531228551818744,-0.008298755186721999,0.010460251046025193,0.6666666641975336,-0.016483516483516498,0.015363128490547282,0.026785714261799515,0.0,0.0013821700069108513,58089,58099,,1.1040474957341806,2.995988062513499,-0.08954551254014192,2.5940669809617707,0.01642515986404423,1.6438196071821956,1.457,0.004311846596841999
2025-11-13,-0.002070393374741279,0.015905947441217243,0.022774327122153305,0.018672199170124575,-0.0033921302578018273,0.8181818157024799,-0.01154107264086906,0.016563146996786546,0.24468085080353336,0.0034578146611342433,0.007544581618655776,58151,58128,,1.4484640590577076,2.059549728413599,-0.35731788693785066,1.1252526901931736,0.012418604276302607,2.6573034296004554,1.449,0.0036760955437068004
2025-11-14,-0.012253233492171556,-0.013783597518952459,0.020422055820285927,-0.0020675396278429454,-0.01174033149171264,0.033333333222225925,-0.01851851851851846,0.01109570041531931,0.21505376320962194,-0.0006891798759476994,-0.006939625260235953,58189,58223,,0.9258792647479523,5.080850449083445,0.010346855899497041,2.1547614444654557,0.013877147679563395,2.1618275222362655,1.469,0.00508390712515765
2025-11-17,-0.0006988120195668147,-0.0055944055944056,0.023759608665269064,-0.007692307692307622,0.002114164904862503,0.2941176461937716,-0.02009702009702019,0.007779349362957699,0.07407407400548637,-0.0013986013986014,0.002114164904862503,58226,58260,,1.601384821105609,2.5001184425106118,-0.4357350822374549,1.3859926907824904,0.01543915396668935,2.202193193560813,1.431,0.006463926670435532
2025-11-18,-0.003516174402250277,0.007057163020465779,0.019690576652601988,0.011997177134791745,-0.003491620111731769,0.4285714270408163,-0.01319444444444438,0.012658227847211106,0.10204081622240849,0.007057163020465779,0.0042223786066150635,58287,58272,,1.80398823588755,2.4284124174498256,-0.5612080944758943,1.457243426635703,0.012422869864796305,2.253907517292373,1.422,0.003990243264059159
2025-11-19,-0.003503854239663711,-0.006329113924050561,0.018920812894183542,-0.007735583684950703,0.0007082152974505042,0.2962962951989038,-0.01608391608391602,0.008528784647581472,0.0937499999023426,0.002812939521800284,-0.004228329809725162,58322,58352,,1.2170153987989611,2.5749879454199087,-0.3254143010471993,1.1601382619933345,0.014217666544043574,1.89904579112575,1.427,0.006354757018398781
2025-11-20,0.010615711252653858,-0.022408963585434195,0.027600849256900158,-0.016806722689075647,-0.0056980056980057035,0.07692307672583563,-0.018296973961998607,0.005718370264065882,0.3855421682101907,-0.012605042016806735,-0.0014306151645207452,58368,58413,,1.278608971354959,4.856313306764342,-0.2809945439845233,3.874333823412432,0.011647425075958036,3.348379526876167,1.413,0.003764969846515714
2025-11-21,-0.01790830945558733,-0.014587892049598846,0.02220630372492831,-0.009482129832239169,-0.00588668138337013,0.1290322576482835,-0.01965065502183416,0.01781737193631647,0.13793103438763388,-0.0065645514223194,-0.008076358296622703,58416,58436,,1.40562665027525,5.008664836859587,-0.3428590487266611,3.452152807128865,0.018349139422388982,1.689452519676729,1.396,0.007538418740535345
2025-11-24,0.004441154700222062,0.0022107590272661118,0.025906735751295443,-0.008106116433308694,0.01040118870728084,0.6571428552653071,-0.010347376201034746,0.023151605674148604,0.02564102561911111,-0.007369196757553433,-0.0072992700729927066,58506,58471,,1.1636947448322537,3.453537373138143,-0.31730670709277775,2.1201295301971226,0.01587320123576634,2.2049742367430496,1.351,0.004909615535809192
2025-11-25,0.010294117647058832,-0.0036390101892286135,0.01985294117647052,0.003639010189228452,-0.007251631617113857,0.22222222139917785,-0.017291066282420605,0.013138686130427681,0.06172839498552213,0.0029112081513826644,0.0021961932650072413,58524,58552,,1.7608913028988518,4.843357433817861,-0.5652509224326328,3.089203869344969,0.011248855740912065,2.4002441120990254,1.36,0.0029005295407782405
2025-11-26,-0.005113221329437469,0.014684287812040965,0.026296566837107238,0.016886930983847217,-0.0021660649819495404,0.6666666648148127,-0.010768126346015882,0.023512123436920513,0.19047619029478188,0.01835535976505133,-0.0007230657989877887,58584,58560,,1.6139370854475275,1.7461512893336242,-0.5400935525776637,1.5045628901284318,0.014482736119410975,2.4857181305111116,1.369,0.005686746264040925
2025-11-27,0.007235890014471787,-0.009339080459770045,0.03256150506512296,0.0021551724137931854,-0.010760401721664207,0.11111111086419534,-0.02893436838390977,0.016499282638701724,0.10743801644013286,0.017959770114942625,-0.00433212996389892,58614,58654,,2.2499045320875393,5.013335936194047,-0.576909700955504,2.540045140907951,0.01616502808780696,2.7837872892756694,1.382,0.004059117717770514
2025-11-28,-0.003625815808556848,0.013828238719068344,0.020304568527918638,0.01237263464337693,0.0007183908045977816,0.8928571396683704,-0.005747126436781614,0.018991964936523612,0.18999999980999804,-0.001455604075691413,0.0,58681,58656,,1.7255996907123816,2.752651772080674,-0.4573687247356365,0.9521797133004855,0.014121620212133779,1.9827753034785425,1.379,0.005703433610213936
2025-12-01,0.0014357501794687738,0.006451612903225733,0.023689877961234847,0.006451612903225733,0.0,0.8484848459136793,-0.005759539236861056,0.016654598116100254,0.11249999985937456,-0.005734767025089611,0.002141327623126261,58728,58705,,2.2153885913083347,4.4496701150733315,-0.5947706417512029,2.6242700226612166,0.014698454037461608,2.245134059090868,1.393,0.005511718691569933
2025-12-02,-0.0021367521367520598,-0.009992862241256254,0.015669515669515684,-0.009279086366880887,-0.0007204610951007853,0.2727272714876033,-0.012151536812008668,0.004341534008368924,0.21874999965820313,-0.003568879371877313,0.0007215007215008023,58753,58783,,0.864788844231204,2.2120901493105762,-0.0796109587502224,1.0161460861590632,0.008705361550618613,2.5271781785696033,1.404,0.002730412862077507
2025-12-03,-0.0014419610670511908,-0.007220216606498201,0.0158615717375631,-0.0028880866425992804,-0.0036231884057970243,0.2727272714876033,-0.014388489208632947,0.006517016654126137,0.12345678997104219,-0.0007220216606499003,0.0021865889212827195,58806,58840,,1.3855335550113907,2.2621419412590846,-0.43594681887505243,0.7943259306280875,0.010863049735292509,2.025213943926239,1.387,0.004330562282359919
2025-12-04,-0.0036363636363635587,0.017518248175182334,0.025454545454545396,0.01240875912408752,0.005772005772005777,0.9714285686530579,-0.008733624454148478,0.023494860497540616,0.23076923054733564,-0.005839416058394165,0.004322766570605191,58895,58853,,1.4326355741593726,2.650789891902934,-0.15128776324261073,1.1960222460660608,0.01428077269775486,2.4508477584282007,1.375,0.00433441602764508
2025-12-05,-0.002869440459110476,0.0028776978417266214,0.020086083213773174,0.0014388489208633107,0.0007178750897343071,0.8571428540816315,-0.007168458781362013,0.016751638746048614,0.045977011441405445,-0.008633093525179865,-0.0014326647564469929,58918,58899,,1.2050725046328428,3.1823243043513867,-0.28349511732180027,2.025021986703977,0.013373890759857255,2.0936315611819385,1.394,0.004591816850692147
2025-12-08,0.002152080344332937,0.016463851109520335,0.025824964131994286,0.014316392269148187,0.002117148906139655,0.7222222202160493,-0.005606166783461813,0.02001429592423059,0.23232323208856206,0.004294917680744456,-0.0007037297677692553,58974,58944,,1.4590109884826605,3.1651421820041046,-0.5360671312352782,1.3912714163080133,0.012757880488988738,2.821785307433544,1.394,0.004142569969306472
2025-12-09,-0.007042253521126767,0.0028368794326241163,0.015492957746478887,0.0056737588652482325,-0.0035236081747710467,0.36363636198347105,-0.01192145862552588,0.010630758326673867,0.038834951418606885,0.009219858156028457,0.0,58998,58992,,1.789796499105844,4.977145735122058,-0.5260807314910471,3.2632643381647988,0.013380770962895434,1.6441503928727625,1.42,0.0044241671399462565
2025-12-10,-0.007072135785007079,0.007834757834757922,0.024752475247524698,-0.004985754985754911,0.012884753042233368,0.8571428546938803,-0.0057306590257879715,0.021613832851468763,0.1264367814638669,-0.011396011396011407,-0.0014114326040931557,59082,59043,,1.4767176325486802,3.806170653543365,-0.3748899870659504,2.2185166478576916,0.012209926510446025,2.866520096038594,1.414,0.0023930118609450358
2025-12-11,0.001413427561837457,-0.017642907551164527,0.0197879858657244,-0.010585744530698746,-0.007840342124020043,0.0,-0.017642907551164527,0.006446991403549728,0.3048780484086842,-0.004940014114326124,-0.0064239828693791,59088,59135,,0.9460481065596695,2.7996873653449454,-0.1009293423882179,1.3410085898644086,0.008940331901661177,3.13187474411436,1.415,0.0015943034090846187
2025-12-12,0.0007183908045977816,0.017946877243359593,0.028017241379310293,0.007896625987078175,0.009971509971509982,0.9487179462853385,-0.0071736011477761905,0.025289017339213325,0.24999999974999668,-0.005025125628140788,-0.0007047216349542719,59177,59143,,1.041104035604545,1.8329622332645814,-0.11370552172434424,0.8020213915595547,0.014408790658062477,2.706680987658688,1.392,0.005818907761897222
2025-12-15,-0.00916784203102955,-0.011387900355871896,0.019040902679830687,-0.002846975088967974,-0.00856531049250536,0.07407407379972596,-0.01560283687943264,0.005710206994595993,0.25806451571279826,0.001423487544483987,-0.0028715003589375476,59186,59228,,1.172122206779867,3.1529048487568234,-0.24797147204565836,1.1532327661151314,0.008702336533660138,3.1026149799314204,1.418,0.0024699489086432895
2025-12-16,-0.005039596832253504,-0.015195369030390673,0.023758099352051778,-0.015918958031837772,0.0,0.24242424168962431,-0.01669085631349776,0.009594095940251448,0.2038834949476864,-0.003617945007235813,-0.0007342143906021379,59232,59261,,1.6834881937297204,2.263707780381834,-0.7298879721341812,0.9419473683274171,0.014203721944880237,2.323334679158611,1.389,0.004637433551957256
2025-12-17,0.0,0.025716385011021248,0.030124908155767762,0.0029390154298310094,0.02271062271062265,0.9756097537180222,-0.010196649672250556,0.027961736568950596,0.3398058249128077,0.0007347538574578339,0.001434720229555238,59318,59287,,0.5270946400919827,1.230126970499929,0.35932252290584565,1.0823634633174601,0.01332393315493555,3.077169422536127,1.361,0.004658306021627235
2025-12-18,-0.008595988538681957,-0.005780346820809254,0.013610315186246351,-0.0007225433526010766,-0.004341534008683072,0.052631578670354576,-0.011494252873563229,0.00505415162418374,0.11940298489641367,0.00433526011560694,-0.0007262164124910036,59334,59369,,1.4522523371921499,3.9639644911750755,-0.457162852219431,2.0769117072409053,0.01061037082741946,1.7907008275177125,1.396,0.00451810599963776
2025-12-19,0.004360465116279074,-0.0014471780028943574,0.01235465116279063,0.002894356005788715,-0.004329004329004333,0.17647058719722644,-0.010050251256281416,0.010885341073230472,0.031249999951171878,-0.0007235890014470984,0.0,59386,59379,,1.8146042070608597,3.431509208385395,-0.5326058916220467,1.73556369843719,0.009451766552301904,1.7986055544293074,1.376,0.004144429056524478
2025-12-22,0.003623188405797185,0.014440433212996403,0.018840579710144946,0.015162454873646142,-0.0007112375533427383,0.8076923045858031,-0.003556187766714007,0.012212643677283665,0.33898305027291326,0.00866425992779784,-0.0021306818181817413,59465,59424,,1.695746431953554,3.3081902696398933,-0.2934013155769567,1.553429684559532,0.009512629822491507,2.733208398922999,1.38,0.0032220309473706345
2025-12-23,0.0,0.0035587188612098883,0.012811387900355882,0.005693950177935948,-0.0028288543140028316,0.49999999722221605,-0.0077628793225124355,0.008540925266296026,0.08196721298037934,0.008540925266903922,0.0014204545454545468,59477,59473,,1.4141420781735916,3.225205042536607,-0.4424257968669674,1.9153531342763244,0.008498592234012392,2.117997815704354,1.405,0.002767723822998262
2025-12-24,0.0014184397163120581,0.007790368271954761,0.01489361702127653,0.0021246458923513552,0.006364922206506449,0.95238094784581,-0.006364922206506292,0.01281138789944404,0.1666666664141431,-0.0028328611898017025,0.0014074595355383546,59553,59529,,1.0566960345843617,2.8772314199953217,-0.18631420688483438,2.1445537085630786,0.00978837946519275,2.1454010707426403,1.41,0.003122974571841028
2025-12-25,-0.0007027406886859535,0.0,0.01264933239634576,-0.004219409282700426,0.004237288135593225,0.6111111077160432,-0.008415147265077147,0.008486562941408314,0.0,-0.002109704641350135,-0.0014044943820224732,59571,59575,,1.4871757824978145,3.3768351977476505,-0.4622510254668664,1.758711901173359,0.0091213437486304,1.9733934274062892,1.423,0.0034456894243032068
2025-12-26,0.000703234880450149,-0.0028109627547435023,0.012658227848101278,-0.0056219255094870045,0.002826855123674914,0.44444444197530864,-0.0105042016806722,0.007052186177217765,0.04819277102627435,0.0021082220660575486,0.0007052186177715881,59621,59639,,1.5849493727724997,3.513876109126223,-0.30505897550360217,2.1459473012574843,0.011900953993457067,1.5124837772373305,1.422,0.004145981663096242
2025-12-29,0.0,-0.0014094432699083873,0.01691331923890065,0.007751937984496053,-0.008397480755773274,0.2083333324652824,-0.014634146341463504,0.00701754385915667,0.03124999995117166,0.004228329809725162,0.0007062146892656158,59682,59707,,1.171312498372579,3.5998225538237287,-0.416684382153174,2.0155093419071752,0.010868632156849497,2.208189534140787,1.419,0.004210209092008935
2025-12-30,-0.002117148906139812,0.013437057991513528,0.017642907551164527,0.007779349363507865,0.004908835904628413,0.7599999969600011,-0.008356545961002793,0.008426966291543058,0.26760563342591126,0.013437057991513528,-0.0013937282229965168,59741,59712,,1.6338113871597533,4.78641566635192,-0.4974057362288998,2.3337635932865877,0.013896221386328554,1.7990501968175845,1.417,0.004209791274889811
2025-12-31,0.003489183531053659,-0.014603616133518713,0.018143754361479428,-0.01182197496522942,-0.002112676056337952,0.07692307662721894,-0.013927576601671323,0.009135628952274306,0.29166666626157345,-0.008344923504867879,-0.0014094432699083873,59760,59802,,1.318876326254022,3.6125100634048124,-0.3014549831752268,2.043741940497052,0.01173172933430565,2.216212038096568,1.433,0.003575912621599449
2026-01-05,0.011291460832745246,0.03210048848569438,0.03599153140437555,0.027215631542219065,0.004755434782608776,0.9999999980392157,-0.004752206381534363,0.026370575987066602,0.5054945049390152,0.013956734124214946,0.0027118644067796634,59855,59808,,1.8717936957647403,3.792240621816623,-0.5684285443279327,2.2659770681599793,0.012324959308062917,4.137944662652297,1.417,0.004734365472210538
2026-01-06,0.001352265043948615,0.01620526671168116,0.02974983096686953,0.01688048615800129,-0.000664010624170061,0.6590909075929726,-0.019129287598944535,0.020188425301467822,0.16551724126515938,0.017555705604321268,0.0026648900732844797,59860,59856,,2.2263528803013957,3.431477896839732,-0.6284194818180028,2.2066906012056986,0.018935519623462817,2.323675327774609,1.479,0.007474823860701902
2026-01-07,0.007973421926910307,0.001977587343441077,0.017275747508305666,0.0032959789057350796,-0.001314060446780553,0.6538461513313651,-0.015072083879423414,0.011310711908761846,0.023809523790628243,0.0006591957811470744,0.0026385224274406358,59924,59936,,1.379385664210168,3.781479248232563,-0.4893195673003532,3.1102236369747893,0.015396976558789965,1.688643204194046,1.505,0.004049228469708193
2026-01-08,-0.003947368421052635,0.011228533685600993,0.03157894736842108,0.021136063408190242,-0.010342598577892706,0.3541666659288171,-0.021181001283697137,0.016971279372260374,0.12230215818539342,0.027080581241743677,-0.0013046314416177442,59958,59952,,1.6695382945383408,3.9762922786386157,-0.5056630497027236,1.9979289622388627,0.019373164511585605,2.4776540623257244,1.52,0.0053460995075229915
2026-01-09,-0.007184846505551861,0.0223684210526316,0.026779882429784407,0.009210526315789481,0.012377850162866534,0.9756097537180276,-0.010974822466107105,0.021696252464056882,0.2881355929761563,0.008552631578947303,0.0025806451612903247,60044,60002,,1.4168949916384985,3.070825188296655,-0.37965250447224347,1.6087204637952308,0.015249300808826336,2.6886478432771312,1.531,0.005291797520048834
2026-01-12,0.007722007722007728,0.01787994891443169,0.025740025740025763,0.014687100893997388,0.0031466331025803117,0.949999997625,-0.012055837563451858,0.02440590879740491,0.17948717937212436,0.008301404853128927,-0.0006269592476488338,60089,60052,,1.6792268233674144,4.800851746344905,-0.5225436862830098,2.889195511779178,0.019453524652483185,2.0561826460212127,1.554,0.007877878108156794
2026-01-13,0.0,-0.028230865746549653,0.036386449184441685,-0.01882057716436639,-0.0089571337172105,0.22413793064803614,-0.02900378310214378,0.009020618556119813,0.2694610776829586,-0.01003764115432874,-0.00128949065119278,60096,60141,,1.3442233788270919,2.5072794328157846,-0.3463856326258067,0.7221468641279738,0.020620528182402863,2.8127310418858698,1.594,0.005982384748294745
2026-01-14,0.0019367333763719262,0.01739690721649479,0.03938024531956097,0.033505154639175284,-0.012507817385866178,0.4426229500940597,-0.029174425822470474,0.02480916030376527,0.13235294111159143,0.02384020618556696,-0.0025268477574226177,60164,60144,,1.11744078759783,2.451873018426342,-0.4812408947270462,1.1631314249763243,0.029181057011526262,2.0903971972936333,1.549,0.011457793425724937
2026-01-15,-0.005066497783407224,0.0012730744748567803,0.02469917669411029,-0.012730744748567804,0.014184397163120581,0.7179487161078217,-0.017153748411690047,0.019392372332295276,0.011976047897020434,0.0012730744748567803,0.005754475703324742,60192,60203,,1.501767158551244,3.5145247843903054,-0.5619983765041318,2.586042650980343,0.018629721271075803,2.0934290547442593,1.579,0.0041002950088669015
2026-01-16,0.008900190718372544,0.0037807183364839355,0.02225047679593129,-0.004410838059231188,0.007590132827324485,0.542857141306121,-0.012453300124533011,0.019035532993716034,0.035714285693026974,-0.004410838059231188,-0.0025046963055729518,60273,60246,,1.1645055819302759,2.8230516979550355,-0.36063973718366316,1.3276028324651623,0.020857286000929415,1.678070667038522,1.573,0.006546493509700352
2026-01-19,-0.0018832391713746966,-0.0025157232704402536,0.01506591337099813,-0.0037735849056603804,0.0012626262626262636,0.1666666659722222,-0.011235955056179785,0.007547169810846096,0.04878048774538952,0.005660377358490501,-0.0006301197227472526,60295,60302,,1.8967197934836117,4.099555680768455,-0.6272201870091129,2.2826336258647957,0.009914819105696844,2.4206190251265634,1.593,0.0036453436421377498
2026-01-20,-0.0006305170239597175,-0.01577287066246051,0.03467843631778054,-0.011987381703469972,-0.0031948881789136702,0.18181818148760368,-0.03125000000000003,0.008333333332799082,0.16447368410232016,-0.0012618296529968466,0.0032154340836013607,60337,60378,,1.8931542300332194,4.2821956704895925,-0.5009208183104641,2.643532932995065,0.020127660074385684,2.7325580580892628,1.586,0.005762790540751247
2026-01-21,-0.0025641025641025663,0.03856041131105402,0.04551282051282048,0.03341902313624682,0.004975124378109457,0.8450704213449727,-0.011070110701106885,0.027812895067774037,0.4615384611834335,0.03213367609254501,0.002481389578163774,60396,60384,,3.8928617900564086,4.720270878005387,-0.6753847947953876,2.3491470535766212,0.02327940747367872,3.0499057922881754,1.56,0.008943406211568552
2026-01-22,0.016707920792079153,-0.012781497261107673,0.02970297029702959,-0.017650639074863004,0.0049566294919454815,0.24999999947916782,-0.02183141297756218,0.006815365551002702,0.18918918901874768,-0.012172854534388326,0.0030921459492888777,60432,60441,,2.676113827272122,6.459760518816493,-0.5685947433137697,3.2801461268851524,0.015729536525316234,3.051583854208725,1.616,0.006566500496885668
2026-01-23,-0.007398273736128243,0.01552795031055895,0.01911220715166456,0.0031055900621117347,0.011757425742574198,0.9999999967741935,-0.012891344383057033,0.016791044775075127,0.20491803261891725,0.0055900621118011775,0.00245248313917842,60527,60492,,1.2272193090147905,2.725515559575313,-0.3683398221636422,1.4819815084235142,0.017701771892199403,1.7512371085595617,1.622,0.00558165118618278
2026-01-26,0.0,-0.012232415902140683,0.029969418960244607,-0.009174311926605444,-0.0030864197530864907,0.12244897934194113,-0.024227740763173855,0.004965859714154824,0.16666666652777778,-0.004892966360856273,-0.0024706609017912315,60528,60561,,1.7879889039849364,4.986085823007148,-0.49960408066053136,3.032629239594643,0.019531100161004223,2.5088192342053195,1.635,0.010958735607258104
2026-01-27,-0.0055727554179565925,0.021170610211705982,0.03653250773993805,0.00933997509339969,0.011721159777914809,0.9152542357368552,-0.01670792079207929,0.03335431088525142,0.22077922063585556,-0.01058530510585313,0.0006101281269065832,60613,60579,,1.3652643048930946,2.3495739125243382,-0.5101497638598008,1.0881627733798327,0.02079047435149026,2.837838075204235,1.615,0.009302551796940605
2026-01-28,0.003048780487804949,-0.0060790273556231055,0.0213414634146341,-0.012158054711246211,0.006773399014778262,0.542857141306121,-0.019393939393939276,0.014833127316759261,0.09999999990000068,0.0,-0.0024405125076266037,60624,60642,,1.1689914949974045,2.5522724113679884,-0.437008044076168,1.4870605914101218,0.01343214457810719,2.6056896228229127,1.64,0.005426366674737457
2026-01-29,-0.0024464831804281366,-0.025751072961373415,0.03363914373088681,-0.011036174126302891,-0.015489467162329698,0.036363636297520735,-0.03170731707317063,0.013597033373695978,0.37168141560028306,-0.00122624156958921,-0.0037617554858934204,60675,60717,,0.818605482549476,2.1031450170083055,0.0425354058921245,1.4681523275795556,0.016770463401826873,3.279575427000486,1.635,0.008406453982182873
2026-01-30,-0.006293266205160484,0.0056998100063331975,0.03775959723096291,-0.0006333122229258328,0.00633713561470216,0.7666666653888888,-0.02711223203026491,0.03823720025675725,0.04545454543158917,-0.003166561114629445,-0.0012578616352201268,60751,60732,,2.1593250250440823,2.9749153749679653,-0.7031899007541682,1.20303795496158,0.023887980626710523,2.5117233928822875,1.589,0.009792473358924424
2026-02-02,-0.007556675062972299,-0.030456852791878198,0.03904282115869021,-0.013324873096446782,-0.016731016731016745,0.03225806446409989,-0.0347661188369154,0.008469055374041185,0.34285714261224326,-0.0025380710659898497,-0.0065019505851755584,60768,60814,,0.9614420626346672,2.0234730926179845,-0.11217749429585916,0.9697114755535747,0.017073650765861446,3.6313264507457093,1.588,0.0060253394504400605
2026-02-03,0.01505235602094235,-0.0019342359767890985,0.034031413612565474,-0.01676337846550614,0.013752455795677885,0.8461538445266272,-0.02707930367504838,0.026507620939263933,0.02290076334129626,-0.0006447453255963184,0.001293661060802071,60818,60831,,1.8390950369222985,3.7322153289186217,-0.6505397199505765,2.4547610509325195,0.01733557015025427,2.9996128912596536,1.528,0.00758983243647097
2026-02-04,-0.010335917312661508,-0.0006527415143603864,0.016149870801033677,-0.012402088772846036,0.011896893588896245,0.879999996479996,-0.010491803278688535,0.015241882040076836,0.009999999990001111,-0.006527415143603139,0.005252790544977024,60909,60890,,1.2889418159481942,3.4324597170289843,-0.32739368547086056,1.8559684175883844,0.014316327461251738,1.7462578928177497,1.548,0.005064242534298157
2026-02-05,-0.015022860875244879,0.0,0.01698236446766806,-0.004641909814323685,0.0060040026684455615,0.6538461513313623,-0.015171503957783581,0.01540522437941017,0.0,-0.007294429708222744,-0.0006626905235254406,60912,60921,,1.9416542822224288,4.426329519760037,-0.6022412427884241,2.5660807591623085,0.016718646609113916,1.5551497948590716,1.531,0.002740163274859633
2026-02-06,-0.01193633952254643,0.0060402684563759185,0.024535809018567587,0.01275167785234893,-0.006626905235254995,0.5135135121256437,-0.010561056105610424,0.020889487869212242,0.07758620682966788,-0.0006711409395972416,-0.0059681697612731415,60995,60960,,1.6419117481266505,4.7518103770882405,-0.4767094858567388,3.479548403544889,0.015123383551480837,2.446542443983889,1.508,0.004399084298669925
2026-02-09,0.018679119412941828,0.005239030779305833,0.012675116744496416,0.0006548788474133019,0.005239030779305833,0.9473684160664764,-0.005239030779305833,0.010533245555593608,0.12499999980468664,-0.001964636542239615,0.0013046314416177442,61036,61010,,1.8009990131480198,6.46898747704511,-0.46958227504177275,3.831277594393274,0.008505819572658438,2.233764731819409,1.499,0.0034323159998748496
2026-02-10,0.001954397394136882,0.00780234070221067,0.01758957654723136,0.0065019505851755584,0.001939237233354954,0.48148147969821886,-0.01088348271446871,0.007741935483371495,0.16901408426899558,0.011703511053316004,0.0006455777921240232,61060,61056,,2.464219395430498,6.815441345089632,-0.5582052412991644,3.4465636329076608,0.013546035615492167,1.9932030718862714,1.535,0.006284295858424568
2026-02-11,-0.006451612903225812,-0.0045454545454546216,0.009677419354838646,-0.0025974025974025996,-0.0013029315960912064,0.19999999866666077,-0.007777057679844466,0.005878510776885871,0.11475409817253546,-0.0032467532467533216,-0.0006518904823990299,61106,61111,,2.0308270501529058,6.254701857077826,-0.5156763160636858,3.492458413125229,0.008630043341134394,1.7381140781405149,1.55,0.0034850995804119253
2026-02-12,0.0032615786040444327,0.0136540962288686,0.018917155903457362,0.0006501950585174836,0.012337662337662276,0.9655172380499368,-0.010335917312661508,0.01762402088657801,0.24418604622769063,0.003901170351105335,0.002572347266881031,61190,61167,,1.065266826631496,3.5304886112495235,-0.23017947193851082,2.4307479163249113,0.011852976509566538,2.446642810093309,1.533,0.0053317045190480064
2026-02-13,-0.005772931366260357,-0.0012903225806451624,0.016677357280307906,0.004516129032257996,-0.005780346820809182,0.15384615325443787,-0.011494252873563229,0.005141388174476779,0.020833333311631803,0.009032258064516137,-0.003861003861003864,61203,61200,,1.31401050906714,4.258046295551716,-0.3000205397659614,2.393609334183937,0.012056486162758995,2.1565155413738437,1.559,0.0031796436527377456
2026-02-24,0.014211886304909573,-0.01719745222929945,0.027131782945736458,-0.010191082802547779,-0.007078507078507156,0.30952380878684543,-0.00967117988394578,0.013671874999109844,0.30681818146952916,-0.021656050955414032,-0.0006476683937824559,61248,61253,,2.0462593474074913,4.253798717860742,-0.5487111167663826,2.471032651255777,0.016530570068288872,2.540747207895466,1.548,0.005557634469236859
2026-02-25,0.0025923525599481556,0.003232062055591542,0.018146467919637088,0.003232062055591542,-0.0006439150032195041,0.7499999973214325,-0.009055627425614497,0.016971279372260374,0.056179775217776576,-0.009049773755656116,0.003232062055591542,61320,61302,,1.3585291200961978,3.4406799237048786,-0.43173274793496574,1.95366296527355,0.013574120440726915,2.0627487369064266,1.543,0.004890983892896127
2026-02-26,0.001288659793814434,0.006435006435006441,0.02641752577319597,-0.001287001287001288,0.007083065035415404,0.75609755913147,-0.008269720101781248,0.022771633049917358,0.10204081622240757,-0.007722007722007728,0.003207184092366976,61372,61347,,0.8904992524263675,2.2641150278031943,-0.271099361644727,1.2453866853298108,0.013090183746027958,3.13211796581765,1.552,0.0033176639991182116
2026-02-27,-0.008951406649616377,0.010322580645161299,0.01982097186700776,0.0025806451612903247,0.007722007722007728,0.8064516103017697,-0.007028753993610159,0.01618122977241554,0.14953271014062317,-0.003225806451612978,0.0012787723785166252,61425,61392,,1.4284551287022291,4.447459729807618,-0.4164881755133981,2.404970542842771,0.011939195086791442,2.596489923734225,1.564,0.004157896102675199
2026-03-02,-0.016602809706257996,0.0025974025974025996,0.01915708812260538,0.0012987012987012998,0.0019467878001298597,0.2999999990000037,-0.014111610006414381,0.012361743655669456,0.03809523805895736,0.0116883116883117,-0.0019392372333548104,61446,61461,,2.4259165866545582,4.406311483501882,-0.5957125479011254,1.9965663064629344,0.016387896020058332,1.8306193656720129,1.566,0.006669950042232177
2026-03-03,0.0,-0.05181347150259072,0.058290155440414416,-0.032383419689119196,-0.02073578595317735,0.05555555549382607,-0.05194805194805199,0.012080536911940915,0.45977011467829243,-0.02396373056994828,-0.007457627118644149,61489,61534,,0.9722365274037764,1.3552601288022794,-0.09236810222335412,0.1590617045838724,0.02064355451356824,4.359714287811954,1.544,0.007664525571694067
2026-03-04,-0.006830601092896181,0.0034387895460798595,0.022540983606557475,0.0,0.0027491408934707928,0.2727272719008289,-0.01958136394328166,0.011612021857130412,0.034246575319009744,0.011004126547455306,0.0020604395604396386,61539,61536,,2.017786526186857,5.969624473312874,-0.543710187717364,3.5694963200156526,0.022709739195170022,1.4531210407606343,1.464,0.008494225951628532
2026-03-05,0.020562028786840318,-0.004701141705842926,0.019191226867717633,0.0006715916722631899,-0.005369127516778528,0.39285714145407763,-0.016021361815754354,0.00943396226351524,0.07526881712336851,-0.003357958361316397,0.0033852403520649244,61596,61623,,1.9413373145530062,4.550892317722372,-0.5848671879048563,2.8395217438946143,0.011428895658045259,2.449930473842121,1.459,0.0024501977767425326
2026-03-06,-0.0067476383265857014,0.01290760869565226,0.01821862348178132,0.01290760869565226,-0.000670241286863197,0.7407407379972596,-0.006020066889632187,0.008091706000802994,0.23170731679060408,0.0074728260869566035,0.0026899798251513135,61658,61632,,1.217071314622959,3.3553144757168574,-0.35775713487271377,2.0371806816395646,0.01281172902471233,2.1074438693774806,1.482,0.005291790849579448
2026-03-09,-0.01877934272300471,0.0013670539986329472,0.032863849765258316,-0.01572112098427897,0.016655100624566287,0.8367346921699296,-0.006267409470752018,0.03013314645899552,0.01754385963373332,-0.023923444976076652,-0.0006821282401090654,61718,61686,,2.183608075560095,5.350968000697802,-0.6227814914414981,2.6724199662301635,0.02403196820645707,2.038950758221269,1.491,0.008302956899048215
2026-03-10,0.01706484641638219,0.0033557046979866547,0.016382252559726824,-0.00604026845637577,0.008771929824561486,0.749999996875007,-0.013351134846461962,0.012178619755603623,0.06666666657777956,-0.001342281879194632,0.0020107238605898887,61730,61748,,1.6727186381988735,6.904095156577665,-0.4360296188168145,4.046006057066625,0.010573309573637717,2.2698663654804947,1.465,0.0031658935463340886
2026-03-11,0.0013377926421404692,-0.013360053440213772,0.01939799331103673,-0.006012024048096271,-0.007392473118279502,0.103448275505355,-0.017988007994670163,0.004701141705527052,0.2777777773919796,-0.004008016032064131,0.0,61778,61821,,0.8738159201620519,2.283129017054404,-0.09658580804935973,1.7423138645226197,0.008832355591034976,3.2833822611373673,1.495,0.0026744457819472163
2026-03-12,-0.0033852403520650744,-0.010869565217391314,0.028436018957345995,-0.014945652173913058,0.003445899379738038,0.2619047612811765,-0.02560646900269544,0.007607192253969158,0.19999999975000002,0.0040760869565217425,0.0013755158184319133,61828,61852,,1.5096508837811262,2.5352154408507865,-0.4951034725428689,1.2427070559611504,0.012170696398313247,3.450911786833307,1.477,0.004216131148441948
2026-03-13,-0.006868131868131874,0.0027662517289073333,0.01923076923076925,0.004840940525587909,-0.0020646937370957423,0.4285714270408163,-0.01571038251366114,0.015961138097434973,0.03773584902100416,0.0006915629322269101,0.0027662517289073333,61886,61875,,1.2174301591637093,3.3584891026601067,-0.12897932386884894,1.5590370222309191,0.01327694974724281,2.1089181116259703,1.456,0.006435555196360765
2026-03-16,-0.002758620689655175,0.008298755186721999,0.027586206896551748,-0.010373443983402422,0.017445917655268605,0.949999997625,-0.009065550906555022,0.026038001405627106,0.08823529405276845,-0.012448132780082999,0.0027510316368638266,61949,61939,,1.2872063352076502,3.7725322859886536,-0.45361892469741966,2.2314322711279884,0.020714565916542693,1.9310083526758879,1.45,0.007523854571587485
2026-03-17,0.0006858710562415034,-0.021247429746401737,0.026748971193415585,-0.005483207676490752,-0.016528925619834725,0.07692307672583563,-0.02595628415300549,0.013148788926425624,0.3297872336917185,-0.004112405757368064,-0.0013986013986014,61983,62013,,0.8155288429043647,2.920863148678526,0.11122899492547263,1.306339937667412,0.011777278753759318,3.3114610330849974,1.458,0.003843702599145755
2026-03-18,0.0028011204481792743,0.009078212290502879,0.01890756302521018,0.0,0.009078212290502879,0.9259259224965709,-0.011134307585247052,0.018296973960710994,0.13265306108913066,-0.0006983240223462919,0.0006925207756233462,62061,62032,,0.8973265980750273,3.526823911323304,-0.1028459939126377,2.471723978067361,0.013121238040211156,2.057732640127636,1.428,0.004923240506178236
2026-03-19,-0.014532871972318428,-0.009129213483145998,0.015224913494809702,-0.0028089887640449463,-0.006338028169014012,0.2727272714876033,-0.014035087719298258,0.008492569001522118,0.10399999991679883,-0.002106741573033632,-0.000708215297450347,62064,62108,,1.2441190131753994,5.040967712426033,-0.31578214365121854,2.951149082684239,0.015648863949126585,1.4058528421574414,1.445,0.00546512495998334
2026-03-20,0.0021261516654853944,-0.018387553041018405,0.022678951098511712,-0.0021216407355020453,-0.016300496102055372,0.03124999990234028,-0.01908127208480575,0.012884753041311052,0.22608695632514245,-0.0007072135785006294,-0.008571428571428579,62112,62159,,1.1573239517476783,2.9768646771689466,-0.15333109717173807,1.3827492678450386,0.01591735631227663,2.0103840845907857,1.411,0.0067260984158350615
2026-03-23,-0.015850144092218875,-0.02708638360175706,0.03962536023054751,-0.012445095168374908,-0.014825796886582667,0.1636363633388413,-0.03571428571428582,0.008823529411115924,0.23270440236936882,0.0,-0.00523952095808392,62167,62205,,0.9036776684833351,3.779556940233408,-0.12404742960105943,2.469600909995055,0.020863917103067387,2.6361300931501925,1.388,0.004873464397057644
2026-03-24,0.012039127163280674,0.010408921933085511,0.03310759969902185,-0.0007434944237917397,0.011160714285714213,0.9772727250516503,-0.01568334578043309,0.031107738996122267,0.11111111102292749,-0.014869888475836444,0.002212389380530893,62250,62217,,1.6551872994716506,4.70602530913342,-0.4374997821856752,3.0808676357994162,0.017398767880611263,2.528914693789382,1.329,0.00492318006300951
2026-03-25,0.002943340691685065,0.016140865737344107,0.02575423105224424,0.008070432868672135,0.008005822416302691,0.657142855265305,-0.015053763440860148,0.010189228529098156,0.21999999978000098,0.02054292002934705,0.0021707670043416166,62265,62256,,2.7176546039947564,5.735972434060245,-0.6180061175115239,2.963333441323004,0.018181059872792203,1.925080278728364,1.359,0.00507845641635543
2026-03-26,-0.0014440433212996402,-0.018799710773680423,0.023826714801443983,-0.007953723788864714,-0.010211524434719193,0.12121212084481216,-0.020245842371655838,0.0058224163023417345,0.28888888856790623,-0.003615328994938623,0.0,62306,62349,,0.9083962215785574,3.1228487206427995,-0.16402378697633352,1.8183942481143531,0.01077367575686954,3.0630214272650846,1.385,0.003053554549706631
2026-03-27,-0.016949152542372815,0.02698650674662671,0.03463522476050106,0.022488755622188925,0.0036630036630037476,0.8085106365776388,-0.006535947712418225,0.02761194029644681,0.36734693840066973,0.01199400299850076,0.0014619883040935685,62378,62352,,1.2292171443407107,4.717325975304377,-0.39494277445449,3.814386990972376,0.015290178627605958,3.073868581741484,1.357,0.006098118910285984
2026-03-30,-0.016788321167883306,0.008908685968819607,0.01970802919708039,0.010393466963622875,-0.0007352941176471411,0.8148148117969788,-0.012536873156342275,0.017923823747727885,0.12903225792577225,-0.003711952487008087,0.002212389380530893,62427,62410,,2.2879998580110574,4.492078918810602,-0.6410169661632849,2.6562098517889314,0.013889649739335246,1.9438934971230597,1.37,0.00503115305773923
2026-03-31,-0.002207505518763717,-0.02359882005899707,0.03237674760853572,-0.014749262536873168,-0.00898203592814372,0.04545454535123967,-0.02861335289801902,0.007496251873501037,0.31999999968000004,0.0051622418879055275,-0.0037622272385251267,62456,62493,,1.2756630902239119,2.4680597498561743,-0.18650002927205953,1.0739703398091047,0.012411912065019941,3.544981580195492,1.359,0.005096705975146786
2026-04-01,0.022658610271903343,0.011078286558345569,0.016616314199395785,0.005169867060561222,0.005878030859662019,0.8636363597107387,-0.0072992700729927066,0.014814814813717433,0.1764705880276815,-0.0029542097488921737,0.0021961932650072413,62526,62501,,2.16557772242279,7.2162035938578875,-0.5095820300505681,4.136886806523918,0.01160800511045457,1.8952438081425103,1.324,0.004569982940906654
2026-04-02,-0.0043827611395179005,-0.02421129860601608,0.03140978816654487,-0.018341892883345496,-0.005235602094240759,0.18604651119524115,-0.025773195876288763,0.006802721087921276,0.42307692253450696,-0.00953778429933962,0.0,62544,62580,,1.0748892102086158,3.09952656805535,-0.2891476261486596,1.8776486810764152,0.009553617476999095,4.500912837826479,1.369,0.0018498940611440433
2026-04-03,0.003759398496240521,-0.008239700374531759,0.013533834586466177,-0.005992509363295886,-0.0022607385079125033,0.1666666657407469,-0.00973053892215578,0.009063444108076787,0.13749999982812133,-0.004494382022471914,-0.0030120481927710867,62592,62620,,1.0936384064646634,4.201534586556576,-0.22671264972726904,2.6817566111909885,0.009761621586343286,1.8439559100290062,1.33,0.0028636901343134583
2026-04-07,0.0045317220543806686,0.009022556390977451,0.021148036253776453,0.011278195488721731,-0.0014880952380952393,0.5357142838010244,-0.011078286558345734,0.014992503747002074,0.11009174301826458,0.015037593984962419,-0.002230483271375384,62659,62640,,2.529164842159865,4.623043296781514,-0.5079498423546872,2.0715081271380575,0.01794886960793641,1.5599868100674512,1.324,0.006555192543060149
2026-04-08,0.032041728763040185,0.028880866425992805,0.02980625931445606,0.018050541516245425,0.010638297872340514,0.9999999975,-0.0056219255094870045,0.02370689655002116,0.5063291132831313,0.005776173285198561,0.004228329809725162,62734,62688,,1.6841492000282223,7.353105611965637,-0.4097618905364283,4.553897642637306,0.011224250550553962,3.5637122909426364,1.342,0.004238560133268174
2026-04-09,-0.011929824561403598,0.004971590909090992,0.022456140350877212,0.009232954545454633,-0.004922644163150419,0.374999998828125,-0.012561060711793451,0.017033356989564714,0.07608695643903732,0.012784090909090922,-0.000706214689265459,62743,62736,,2.3663989331707582,5.124984153300022,-0.6397095530947966,2.6462382728221923,0.012453369737444079,2.5695856155965324,1.425,0.004046720955786253
2026-04-10,0.013427561837455764,0.0020920502092051,0.016254416961130835,0.004184100418410046,-0.0013898540653231423,0.1304347820415921,-0.013058419243986341,0.009015256587447016,0.02830188676575363,0.013249651324965223,-0.0034674063800276653,62791,62784,,2.265195657573974,4.7657197002488365,-0.6468546337253805,2.7551960831495887,0.014989298667260979,1.5344280180895322,1.415,0.005229779806185945
2026-04-13,-0.006263048016701544,0.014005602240896371,0.03201113430758527,0.015406162464986009,-0.0020675396278429454,0.5217391293005671,-0.01633764465622874,0.020847810978398364,0.19417475709303444,0.02310924369747909,-0.0006901311249138108,62841,62832,,1.7199152491093341,5.846180278301833,-0.4457308867639473,3.5562365297131846,0.016134854672835968,2.8509708111810155,1.437,0.004283991734177684
2026-04-14,0.017265193370165837,0.004073319755600818,0.015883977900552425,0.006788866259334697,-0.0026972353337828747,0.7826086922495311,-0.014160485502360168,0.012311901503945845,0.052173912998109494,0.0006788866259333943,0.008179959100204505,62896,62914,,1.6133989033970504,3.447137850533094,-0.4658851655412068,1.5704440630353773,0.014264918013516988,1.6123471454214542,1.448,0.003709606206254063
2026-04-15,0.00811359026369169,-0.006036217303823017,0.023664638269100688,0.00536552649228706,-0.011340893929286274,0.22857142791836807,-0.021234240212342274,0.012088650099926749,0.0731707316478303,0.00536552649228706,-0.0013477088948787074,62944,62973,,1.695540092904444,3.2929152390124212,-0.49513333372882656,1.4597057820045933,0.014485792638998433,2.41616048431878,1.479,0.004804956562773422
2026-04-16,0.0020242914979757853,0.008754208754208686,0.016194331983805533,0.006060606060605991,0.0026773761713520775,0.8749999963541701,-0.010026737967914373,0.014198782960500356,0.12621359211047184,0.001346801346801348,0.0033489618218351595,63021,62976,,1.0528121096607421,3.0062625265774696,-0.21626656492210672,1.1089028855874419,0.013504203319634478,1.7772244133337718,1.482,0.004061923227614547
2026-04-17,-0.004005340453938589,0.004691689008042974,0.014018691588784986,0.004691689008042974,0.0006675567423231721,0.476190473922905,-0.011258278145695301,0.012064343162730282,0.06796116498256298,0.006032171581769368,0.0,63036,63024,,1.9100352783001753,3.428950058154222,-0.6673435285150082,1.5823363285642074,0.012380096753653395,1.696271058962092,1.498,0.005731511391896511
2026-04-20,0.0006671114076049965,0.017999999999999943,0.019346230820546973,0.015333333333333274,0.001968503937007803,0.9310344795481567,-0.005897771952817902,0.01259946949518565,0.3292682922813797,0.015333333333333274,0.00328515111695131,63090,63072,,1.906202624300597,3.2845143782744652,-0.6130483463823948,1.6349454075387564,0.012926588885488467,2.243437927248684,1.499,0.0037495548709972747
2026-04-21,-0.0026195153896529165,-0.012475377544320359,0.02095612311722319,-0.019697964543663696,0.00736771600803744,0.4062499987304681,-0.012566137566137503,0.010716677829154805,0.16666666652047044,-0.01313197636244256,0.0,63120,63144,,1.667581472614814,3.585537235648366,-0.5236577065953257,2.7194357436776446,0.019314566682739714,1.656780623658425,1.527,0.008786915533418824
2026-04-22,-0.005319148936170218,0.02205882352941171,0.023271276595744628,0.010026737967914373,0.01124338624338618,0.9714285686530579,-0.004632693580410255,0.016622340424426646,0.47826086887208336,0.006016042780748594,0.003939592908732768,63215,63168,,1.0680214284909197,2.2601466305142557,-0.26753038446523003,1.2388386349161737,0.011325859030083844,3.090273293884843,1.504,0.004408234832451112
2026-04-23,0.009156311314584704,-0.022683084899546287,0.03335513407455849,-0.030460142579390753,0.007348029392117501,0.2745098033833147,-0.027308192457737347,0.01270053475850926,0.21874999986328145,-0.012313674659753667,0.0019933554817276504,63216,63240,,2.184547282703412,3.269217260931188,-0.719369391856496,1.6232021195651067,0.018694048598781265,2.7281409619589154,1.529,0.005530580676114255
2026-04-24,0.0033156498673739348,0.011896893588896245,0.038461538461538346,0.014540647719762077,-0.0032552083333334085,0.6551724126634945,-0.014492753623188418,0.03275401069299768,0.09625668444050439,-0.003965631196298748,-0.004551365409622963,63288,63271,,1.6352695299425029,4.362730586003038,-0.4041895485860415,2.7092670116589885,0.021309044220374787,2.721848954274441,1.508,0.00698451453030431
2026-04-27,0.013716525146962855,0.025128865979381392,0.034617896799477424,0.020618556701030945,0.00378548895899054,0.8867924511569951,-0.01022364217252397,0.02905100064370242,0.27464788713052884,0.012242268041237053,0.0018891687657430047,63342,63314,,2.0604156365509265,4.765208464135631,-0.6527653882635518,2.4041993996746482,0.01960126391767884,2.703907255787075,1.531,0.0073376458643042005
2026-04-28,-0.007542426147077317,-0.006966434452184863,0.03079824010056578,0.003799873337555418,-0.010725552050473125,0.18367346901291312,-0.028660436137071678,0.011342155008737115,0.08593749993286075,0.013299556681444034,0.0038412291933418727,63365,63402,,1.797185564507312,3.531320283745413,-0.5859034210659246,1.8899783275659034,0.01714366277501399,2.858198995000954,1.591,0.007231744468557231
2026-04-29,-0.00829081632653069,0.012861736334405157,0.029336734693877577,0.005787781350482392,0.007033248081841368,0.9782608674385609,-0.02044728434504794,0.02739726027218546,0.14925373123190167,-0.007717041800643094,0.0012714558169103635,63442,63415,,2.023714030627248,2.7448416964007527,-0.6325278460250032,1.7740611421091221,0.01736280556822899,2.649341407084472,1.568,0.01022979635562529
2026-04-30,0.010793650793650874,0.03894472361809034,0.047619047619047596,0.0345477386934673,0.004250151791135334,0.853333332195554,-0.013285024154589384,0.03611457035889687,0.34065934047216606,0.0163316582914573,-0.004214328717640046,63498,63456,,1.5962241172144418,2.416727562186122,-0.5333673886934255,1.6181346981024947,0.02374166912229874,3.159002818957572,1.575,0.012070157655004255
2026-05-06,0.03929866989117302,0.014543339150668941,0.06227327690447399,0.04246655031995343,-0.02678571428571431,0.3398058249128092,-0.03279599777654249,0.036290322578554676,0.1126126125618856,0.04595695171611399,-0.002288329519450803,63510,63504,,1.8167942190920143,5.1190239289371195,-0.5356691514600505,2.522683783679095,0.026039781213816292,3.9554863675199075,1.654,0.008507390004134183
2026-05-07,0.004587155963302756,0.00970319634703191,0.022362385321100874,0.0,0.00970319634703191,0.9230769207100561,-0.008551881413911005,0.018401380102449492,0.10624999993359409,-0.0011415525114155261,0.0005656108597284445,63580,63552,,1.7507031713729577,4.182383496023613,-0.5881821854862533,2.212374293614751,0.018905442788968316,2.062897982821506,1.744,0.00845363413252586
2026-05-08,-0.014132278123233416,-0.009747706422018294,0.018654607122668254,-0.014908256880733958,0.005238649592549546,0.4545454531680459,-0.016073478760045938,0.01225204200628642,0.12318840570783328,-0.002293577981651378,-0.00057870370370364,63600,63619,,1.823327765615781,4.210029275507018,-0.5172752852956543,2.226830914671822,0.019041624455356995,1.733045408182687,1.769,0.007804762992519316
2026-05-11,0.028951939779965154,0.019133370849746784,0.03590040532715695,0.023635340461451906,-0.004398020890599234,0.8548387082986454,-0.01565120178870879,0.03293583191181514,0.1868131867105422,0.0022509848058525628,0.002768549280177128,63672,63651,,1.9624952481526576,4.542783314054002,-0.6060728876770266,2.9941540892307734,0.0225924543108607,2.7442790797530727,1.727,0.011074708316298074
2026-05-12,-0.004969630038652621,0.007769145394006666,0.03533959138597463,0.0011098779134295236,0.007210205213533069,0.6093749990478533,-0.021786492374727687,0.02857142856982802,0.07253886006604217,-0.0044395116537180946,0.0027609055770293294,63711,63697,,1.8754943342591752,3.1273838882728375,-0.5815387690367608,2.205347050879424,0.01986903461145967,3.221092565865185,1.811,0.00436998151232597
2026-05-13,-0.019823788546255522,0.04775280898876402,0.05451541850220275,0.023033707865168496,0.022478070175438555,0.9898989888990909,-0.016638935108153095,0.05188945290175473,0.4166666664624191,-0.0039325842696629875,0.0037674919268029573,63786,63750,,1.3181910930533693,3.8639834462008875,-0.39559260642476396,2.577399598173192,0.02180922942350137,4.539362561768583,1.816,0.009907738421092936
2026-05-14,0.010187667560321665,-0.03662420382165603,0.04504021447721172,-0.02600849256900209,-0.010899182561307912,0.01190476189058828,-0.032515991471215325,0.01975850713393204,0.2623574143489134,-0.018046709129511576,-0.017857142857142932,63792,63839,,1.70882708653133,3.3124142261189364,-0.5389768018390794,1.7137057557348139,0.026137770193081514,3.2137400802789235,1.865,0.009338554056313989
2026-05-15,-0.0044077134986225935,-0.011068068622025466,0.05895316804407713,0.017155506364139535,-0.02668845315904148,0.2710280371298796,-0.04938271604938276,0.05313736574035407,0.05813953486682001,-0.02102933038184839,0.006760563380281697,63860,63846,,1.6994503958362244,2.263544071038317,-0.6497367199818986,1.1677803337453458,0.037576885939221746,2.8474951300732116,1.815,0.012170682015209554
2026-05-18,-0.009513150531617182,0.018644067796610122,0.040290990486849504,0.019209039548022614,-0.0011080332409972309,0.45833333269675774,-0.026129559063690824,0.029708520177706886,0.15639810419128006,0.037853107344632736,0.005577244841048527,63894,63888,,1.9741299669680983,3.1989759724881655,-0.6247845320913341,1.585167231698055,0.02666956905063874,2.6997061554807926,1.787,0.008134612473495213
2026-05-19,-0.008874098724348316,0.04700615556799109,0.06267332224071005,0.017347509792949155,0.028587135788895022,0.9911504416007509,-0.02384914032168604,0.06306818181459839,0.2978723403199032,-0.00559597090095132,0.008625336927223727,63982,63944,,1.3952555947672831,2.4970306904277297,-0.6053747342988303,1.269612939546186,0.027922169737667226,4.046963422146452,1.803,0.011892793955174969
2026-05-20,-0.0074826296098343195,0.039849219170705476,0.0411544628540887,0.02692514808831451,0.012585212375458846,0.9740259727610052,-0.008872651356993687,0.026036131773324412,0.34741784021247823,0.02854065697361332,0.007828810020876893,64020,63984,,2.1182579856468173,3.3431385786572574,-0.7066362378791455,1.80785644457729,0.023887798851177887,3.2234028826755154,1.871,0.004817745321352895
2026-05-21,0.01864319005696532,-0.054397559735638014,0.07301916105644744,-0.02084392475851558,-0.03526970954356838,0.04964539003571331,-0.06733668341708537,0.023662551439112032,0.2947658401391833,0.003558718861209911,-0.013785790031813256,64044,64078,,1.2398744228960454,3.0430585361965514,-0.2230624604054034,1.3769771664550625,0.031057032577057504,4.540034505748507,1.931,0.009238103428396835
2026-05-22,0.006989247311827903,0.0074746396155899696,0.03172043010752685,-0.008008542445274908,0.014516129032258017,0.7966101681413383,-0.022799575821845136,0.0260444926735733,0.060085836884083414,0.0,-0.0010587612493382751,64080,64092,,1.940529240853762,5.2453659977076,-0.5625953997175647,3.1808041697063683,0.025804034081945877,2.286464185560568,1.86,0.009374739031728195
2026-05-25,0.0,0.0588235294117647,0.07154213036565966,0.03391626921038689,0.021994884910485894,0.970370369651579,-0.015601409159537059,0.06329787233705875,0.31896551714972243,0.006889242183359777,0.006549118387909269,64173,64128,,0.9190601911838683,1.5221601087493062,-0.14861639032594193,1.731072285287431,0.035020017581693125,3.8549380878974158,1.887,0.015370923599474411
2026-05-26,-0.007507507507507459,-0.007564296520423663,0.030530530530530613,-0.022188603126575914,0.014432989690721662,0.7540983594195095,-0.025342118601115075,0.028081123243469546,0.04424778759756742,-0.014120020171457399,0.005620848237097547,64176,64212,,1.6795954687666157,2.7758880874231626,-0.47933870297028897,1.93250154802441,0.029851697064112812,2.0434349063856008,1.998,0.008441030986083385
2026-05-27,0.002032520325203254,-0.030933062880324515,0.04979674796747972,-0.010141987829614613,-0.0210040983606557,0.0612244897334444,-0.0465232616308155,0.016789087092508457,0.2103448275136738,0.0076064908722110166,-0.012403100775193809,64236,64260,,1.0890990978970472,2.0906638176175787,-0.3531788797170833,0.6016665014973268,0.028908070038186396,3.3900568087575667,1.968,0.008638812096819987
2026-05-28,-0.009419152276295141,0.025884838880084485,0.03296703296703294,0.02218700475435818,0.00361757105943147,0.8095238082388508,-0.01494845360824738,0.024172359431204837,0.17192982450107705,0.005282620179609091,0.0005151983513652188,64308,64273,,1.3629007429924571,3.4188383763903487,-0.5850157044759944,2.355485407518581,0.02964004780206383,2.12550263778802,1.911,0.015216611806233704
2026-05-29,0.0010298661174047384,-0.05144032921810693,0.06797116374871262,-0.036008230452674816,-0.016008537886873012,0.18181818168044106,-0.05839793281653746,0.01385927505256615,0.3236245953645224,-0.020576131687242816,0.0049046321525886205,64320,64365,,1.1341315741872136,1.752330460450495,-0.20015011423230228,0.1616898951124002,0.028323896030517888,4.66037579687969,1.942,0.007540099999944004
2026-06-01,-0.0016268980477224043,-0.04725692558392176,0.05368763557483742,-0.03041825095057037,-0.01736694677871144,0.03030303027242227,-0.047282608695652276,0.019390581716377333,0.31636363624859376,-0.011406844106463828,-0.006232294617563683,64368,64415,,1.460414388142019,2.3726560842456608,-0.45186201082811406,1.1686366757812967,0.033073531939568766,2.9933301312226894,1.844,0.009721624543375822
2026-06-02,0.0011402508551881423,0.014236902050113845,0.04275940706955528,0.011389521640091126,0.001687289088863831,0.706666665724444,-0.020939445387662663,0.03988439306127833,0.11467889902996341,-0.013097949886104732,-0.0011217049915872137,64446,64421,,2.446836971393203,2.827429497937417,-0.7836001500703321,1.3576846124180881,0.026114498491639132,2.871967835676236,1.754,0.011633125327336152
2026-06-03,0.0039303761931499814,0.019574944071588322,0.04941044357102756,0.043624161073825544,-0.023043944265809295,0.44318181767820125,-0.03697749196141488,0.036666666664629664,0.1340996168068579,0.02628635346756148,0.008296460176991096,64488,64464,,1.7040430230474235,2.7491252594954605,-0.6008201945503778,1.4603370797108632,0.02631203185774524,3.344477543251702,1.781,0.0100791860631356
2026-06-04,-0.015907844212835937,0.021181716833890765,0.036752605595172884,0.021739130434782566,-0.0010905125408942212,0.6417910438182229,-0.014578833693304608,0.027746947834198305,0.16379310337767491,0.03010033444816056,0.0,64519,64512,,1.9130773390931453,2.7000366272371257,-0.5939204437011313,1.7993071728531378,0.02429857113179441,2.7573637709336345,1.823,0.01137826893480255
2026-06-05,-0.016921397379912738,-0.02109938922820657,0.043122270742358054,0.0016657412548584751,-0.022727272727272808,0.16455696181701535,-0.039430449069003316,0.023542600895541353,0.17924528293431843,0.0055524708495280455,0.001135718341851222,64571,64604,,1.0391380873974152,2.3517407360764944,-0.13708581813530596,1.2148867168485384,0.024042214391461626,3.285886997974171,1.832,0.006409348103770741
2026-06-08,-0.041406693136698786,-0.004142011834319464,0.034032898468519604,0.003550295857988169,-0.007079646017699121,0.2999999995,-0.03077816492450635,0.01917315757824009,0.026415094329654273,0.017751479289940846,-0.010582010582010592,64613,64641,,1.042765639098887,5.3751580568260415,-0.24361480547267914,3.724720473793447,0.02828796407141874,2.12104341042054,1.763,0.011395890500332562
2026-06-09,0.022578728461081422,0.01975595583962801,0.038027332144979234,0.008715862870424114,0.008620689655172358,0.9218749985595687,-0.012209302325581341,0.03413772807332905,0.18888888878395055,-0.0029052876234747908,0.0028571428571427964,64701,64666,,1.277415362867769,3.2173356310267125,-0.3866368579162873,2.0294708768518546,0.021717322228097684,2.946956306726516,1.683,0.009388070412505044
2026-06-10,-0.003988603988603929,-0.002288329519450803,0.05356125356125361,0.005148741418764243,-0.005701254275940712,0.21276595722046177,-0.05011013215859029,0.02137232845774061,0.01481481480932782,0.025171624713958833,-0.0005730659025788607,64707,64738,,2.120459915197363,4.329357818544108,-0.6418190807069188,2.2604314478342658,0.032260638832945276,2.9137674611895306,1.755,0.011599837765365469
2026-06-11,-0.009747706422018294,0.016792125072379798,0.02752293577981641,0.0,0.01502890173410406,0.6874999985677092,-0.019863791146424472,0.016792125071407468,0.12340425526663712,0.01737116386797904,0.012103746397694471,64756,64774,,1.4968190847528784,3.2813897046394027,-0.5325848420094826,2.1329438387491924,0.025412902993211122,1.8888042748969787,1.744,0.007705831587720998
2026-06-12,0.039293849658314325,-0.037808219178082164,0.0438496583143509,-0.025753424657534208,-0.01181767023072589,0.06493506485073504,-0.036263736263736294,0.007838745800232999,0.34158415824673993,-0.005479452054794526,-0.007348784624081346,64800,64845,,1.7148968453207984,4.9727988066804025,-0.5390642100309558,3.6770697259792255,0.021484789179940292,3.583930891604917,1.756,0.00629279502692424
2026-06-15,0.014806378132118464,0.03479236812570149,0.05410022779043279,0.019640852974186263,0.015418502202643186,0.9894736831689763,-0.008228195282501318,0.04535147392033159,0.36470588213840877,0.010662177328843942,0.007650273224043722,64895,64849,,1.6297849380408558,3.7478705091200966,-0.47929965985173356,1.6185092176236733,0.02120526766386705,4.480018882943617,1.756,0.00838166554010256
2026-06-16,0.0005422993492407212,0.005420054200542011,0.021691973969631254,0.005420054200542011,-0.0005387931034483361,0.799999998,-0.013440860215053835,0.020262869659350292,0.06249999996093759,-0.005420054200542011,-0.0016146393972013527,64921,64903,,1.4096634703473,3.82675696375071,-0.5189178494459785,2.6787864668122476,0.01687303956266493,2.370645763875507,1.844,0.006134992228492931
